time, sequence, highest ack, high ack time, last time ack, cwin, one-way-delay, rtt-sample, SRTT, RTT min, Bandwidth (B/s), Receive rate (B/s), Send MTU, pacing packet time(us), nb retrans, nb spurious, cwin blkd, flow blkd, stream blkd, cc_state, cc_param, bw_max, transit, 
0, 1, -1, 0, 0, 15360, 0, 0, 250000, 0, 0, 0, 1252, 1, 0, 0, 0, 0, 0, 0, 250000, 0, 1756,
0, 2, -1, 0, 0, 15360, 0, 0, 250000, 0, 0, 0, 1252, 1, 0, 0, 0, 0, 0, 0, 250000, 0, 3196,
250000, 2, -1, 0, 0, 15360, 0, 0, 250000, 0, 0, 0, 1252, 1, 1, 0, 0, 0, 0, 0, 250000, 0, 3196,
250000, 2, -1, 0, 0, 15360, 0, 0, 250000, 0, 0, 0, 1252, 1, 2, 0, 0, 0, 0, 0, 250000, 0, 3196,
250000, 3, -1, 0, 0, 15360, 0, 0, 250000, 0, 0, 0, 1252, 1, 3, 0, 0, 0, 0, 0, 250000, 0, 3196,
500000, 3, -1, 0, 0, 15360, 0, 0, 250000, 0, 0, 0, 1252, 1, 4, 0, 0, 0, 0, 0, 250000, 0, 3199,
500000, 3, -1, 0, 0, 15360, 0, 0, 250000, 0, 0, 0, 1252, 1, 5, 0, 0, 0, 0, 0, 250000, 0, 3199,
500000, 4, -1, 0, 0, 15360, 0, 0, 250000, 0, 0, 0, 1252, 1, 5, 0, 0, 0, 0, 0, 250000, 0, 3159,
609933, 5, -1, 0, 0, 15360, 0, 609933, 609933, 609933, 0, 0, 1252, 1, 5, 1, 0, 0, 0, 0, 250000, 0, 3033,
615769, 5, -1, 0, 0, 15360, 0, 609933, 609933, 609933, 0, 0, 1252, 1, 5, 2, 0, 0, 0, 0, 250000, 0, 1959,
615769, 6, -1, 0, 0, 15360, 0, 609933, 609933, 609933, 0, 0, 1252, 1, 5, 2, 0, 0, 0, 0, 250000, 0, 2014,
617958, 6, -1, 0, 0, 15360, 0, 609933, 609933, 609933, 0, 0, 1252, 1, 5, 2, 0, 0, 0, 0, 250000, 0, 2014,
617958, 7, -1, 0, 0, 15360, 0, 609933, 609933, 609933, 0, 0, 1252, 1, 5, 2, 0, 0, 0, 0, 250000, 0, 3266,
617958, 8, -1, 0, 0, 15360, 0, 609933, 609933, 609933, 0, 0, 1252, 1, 5, 2, 0, 0, 0, 0, 250000, 0, 4518,
617958, 9, -1, 0, 0, 15360, 0, 609933, 609933, 609933, 0, 0, 1252, 1, 5, 2, 0, 0, 0, 0, 250000, 0, 5770,
617958, 10, -1, 0, 0, 15360, 0, 609933, 609933, 609933, 0, 0, 1252, 1, 5, 2, 0, 0, 0, 0, 250000, 0, 7022,
617958, 11, -1, 0, 0, 15360, 0, 609933, 609933, 609933, 0, 0, 1252, 1, 5, 2, 0, 0, 0, 0, 250000, 0, 8274,
617958, 12, -1, 0, 0, 15360, 0, 609933, 609933, 609933, 0, 0, 1252, 1, 5, 2, 0, 0, 0, 0, 250000, 0, 9526,
617958, 13, -1, 0, 0, 15360, 0, 609933, 609933, 609933, 0, 0, 1252, 1, 5, 2, 0, 0, 0, 0, 250000, 0, 10778,
617958, 14, -1, 0, 0, 15360, 0, 609933, 609933, 609933, 0, 0, 1252, 1, 5, 2, 0, 0, 0, 0, 250000, 0, 12030,
617958, 15, -1, 0, 0, 15360, 0, 609933, 609933, 609933, 0, 0, 1252, 1, 5, 2, 0, 0, 0, 0, 250000, 0, 13282,
617958, 16, -1, 0, 0, 15360, 0, 609933, 609933, 609933, 0, 0, 1252, 1, 5, 2, 0, 0, 0, 0, 250000, 0, 14534,
617958, 17, -1, 0, 0, 15360, 0, 609933, 609933, 609933, 0, 0, 1252, 1, 5, 2, 0, 0, 0, 0, 250000, 0, 15786,
628944, 17, -1, 0, 0, 15360, 0, 609933, 609933, 609933, 0, 0, 1252, 1, 5, 2, 1, 0, 0, 0, 250000, 0, 15786,
629363, 17, 0, 629363, 0, 15360, 0, 609933, 609933, 609933, 0, 0, 1252, 1, 5, 3, 1, 0, 0, 0, 250000, 0, 15786,
629363, 18, 0, 629363, 0, 15360, 0, 609933, 609933, 609933, 0, 0, 1252, 1, 5, 3, 1, 0, 0, 0, 250000, 0, 15841,
634802, 18, 1, 634802, 0, 15360, 0, 609933, 609933, 609933, 0, 0, 1440, 1, 5, 4, 1, 0, 0, 0, 250000, 0, 15841,
871664, 18, 2, 871664, 0, 15360, 0, 609933, 609933, 609933, 0, 0, 1440, 57182, 5, 4, 1, 0, 0, 0, 250000, 0, 15619,
1124632, 18, 3, 1124632, 0, 15360, 0, 609933, 609933, 609933, 0, 0, 1440, 57182, 5, 4, 1, 0, 0, 0, 250000, 0, 14219,
1124632, 19, 3, 1124632, 0, 15360, 0, 609933, 609933, 609933, 0, 0, 1440, 57182, 5, 4, 0, 0, 0, 0, 250000, 0, 15659,
1216607, 19, 5, 1216607, 615769, 15360, 0, 600838, 608797, 600838, 2776, 0, 1440, 57075, 5, 4, 1, 0, 0, 0, 250000, 2776, 15549,
1216607, 20, 5, 1216607, 615769, 15360, 0, 600838, 608797, 600838, 2776, 0, 1440, 57075, 5, 4, 1, 0, 0, 0, 250000, 2776, 15604,
1267020, 20, 10, 1267020, 617958, 15360, 0, 648182, 613720, 600838, 12050, 3158, 1440, 57537, 5, 4, 1, 0, 0, 0, 250000, 122587, 9344,
1267020, 21, 10, 1267020, 617958, 15360, 0, 648182, 613720, 600838, 12050, 3158, 1440, 57537, 5, 4, 0, 0, 0, 0, 250000, 122587, 10784,
1267020, 22, 10, 1267020, 617958, 15360, 0, 648182, 613720, 600838, 12050, 3158, 1440, 57537, 5, 4, 0, 0, 0, 0, 250000, 122587, 12224,
1294092, 23, 10, 1267020, 617958, 15360, 0, 648182, 613720, 600838, 12050, 3158, 1440, 57537, 5, 4, 0, 0, 0, 0, 250000, 122587, 13664,
1317433, 23, 15, 1317433, 617958, 15360, 0, 695939, 623997, 600838, 19992, 3158, 1440, 58500, 5, 4, 0, 0, 0, 0, 250000, 122587, 7404,
1352591, 24, 15, 1317433, 617958, 15360, 0, 695939, 623997, 600838, 19992, 3158, 1440, 58500, 5, 4, 0, 0, 0, 0, 250000, 122587, 8844,
1368676, 24, 17, 1368676, 617958, 15360, 0, 695939, 623997, 600838, 19992, 3158, 1440, 58500, 5, 4, 0, 0, 0, 0, 250000, 122587, 7592,
1411091, 25, 17, 1368676, 617958, 15360, 0, 695939, 623997, 600838, 19992, 3158, 1440, 58500, 5, 4, 0, 0, 0, 0, 250000, 122587, 9032,
1469591, 26, 17, 1368676, 617958, 15360, 0, 695939, 623997, 600838, 19992, 3158, 1440, 58500, 5, 4, 0, 0, 0, 0, 250000, 122587, 10472,
1528091, 27, 17, 1368676, 617958, 15360, 0, 695939, 623997, 600838, 19992, 3158, 1440, 58500, 5, 4, 0, 0, 0, 0, 250000, 122587, 11912,
1586590, 28, 17, 1368676, 617958, 15360, 0, 695939, 623997, 600838, 19992, 3158, 1440, 58500, 5, 4, 0, 0, 0, 0, 250000, 122587, 13352,
1645090, 29, 17, 1368676, 617958, 15360, 0, 695939, 623997, 600838, 19992, 3158, 1440, 58500, 5, 4, 0, 0, 0, 0, 250000, 122587, 14792,
1703590, 30, 17, 1368676, 617958, 15360, 0, 695939, 623997, 600838, 19992, 3158, 1440, 58500, 5, 4, 0, 0, 0, 0, 250000, 122587, 16232,
1746037, 30, 18, 1746037, 617958, 15360, 0, 695939, 623997, 600838, 19992, 3158, 1440, 58500, 5, 4, 0, 0, 0, 0, 250000, 122587, 16177,
1878425, 30, 20, 1878425, 1267020, 13440, 0, 611405, 622423, 600838, 15933, 3158, 1440, 66689, 5, 4, 1, 0, 0, 2, 250000, 122587, 13242,
1878425, 31, 20, 1878425, 1267020, 13440, 0, 611405, 622423, 600838, 15933, 3158, 1440, 66689, 5, 4, 0, 0, 0, 2, 250000, 122587, 14682,
1899411, 31, 21, 1899411, 1267020, 13440, 0, 611405, 622423, 600838, 15933, 434, 1440, 66689, 5, 4, 1, 0, 0, 2, 250000, 122587, 13242,
1899411, 32, 21, 1899411, 1267020, 13440, 0, 611405, 622423, 600838, 15933, 434, 1440, 66689, 5, 4, 0, 0, 0, 2, 250000, 122587, 14682,
1915497, 32, 22, 1915497, 1267020, 13440, 0, 611405, 622423, 600838, 15933, 434, 1440, 66689, 5, 4, 0, 0, 0, 2, 250000, 122587, 13242,
1922884, 33, 22, 1915497, 1267020, 13440, 0, 611405, 622423, 600838, 15933, 434, 1440, 66689, 5, 4, 0, 0, 0, 2, 250000, 122587, 14682,
1963996, 33, 22, 1915497, 1267020, 13440, 0, 611405, 622423, 600838, 15933, 434, 1440, 66689, 5, 4, 0, 0, 0, 2, 250000, 122587, 14682,
1989572, 34, 22, 1915497, 1267020, 13440, 0, 611405, 622423, 600838, 15933, 434, 1440, 66689, 5, 4, 1, 0, 0, 2, 250000, 122587, 14737,
2015188, 34, 23, 2015188, 1267020, 13440, 0, 611405, 622423, 600838, 15933, 434, 1440, 66689, 5, 4, 0, 0, 0, 2, 250000, 122587, 13297,
2056261, 35, 23, 2015188, 1267020, 13440, 0, 611405, 622423, 600838, 15933, 434, 1440, 66689, 5, 4, 0, 0, 0, 2, 250000, 122587, 14737,
2073800, 35, 24, 2073800, 1267020, 13440, 0, 611405, 622423, 600838, 15933, 434, 1440, 66689, 5, 4, 0, 0, 0, 2, 250000, 122587, 13297,
2122949, 36, 24, 2073800, 1267020, 13440, 0, 611405, 622423, 600838, 15933, 434, 1440, 66689, 5, 4, 0, 0, 0, 2, 250000, 122587, 14737,
2132412, 36, 25, 2132412, 1267020, 13440, 0, 611405, 622423, 600838, 15933, 434, 1440, 66689, 5, 4, 0, 0, 0, 1, 250000, 122587, 13297,
2189637, 37, 25, 2132412, 1267020, 13440, 0, 611405, 622423, 600838, 15933, 434, 1440, 66689, 5, 4, 0, 0, 0, 1, 250000, 122587, 14737,
2191024, 37, 26, 2191024, 1267020, 13440, 0, 611405, 622423, 600838, 15933, 434, 1440, 66689, 5, 4, 0, 0, 0, 1, 250000, 122587, 13297,
2249637, 37, 27, 2249637, 1267020, 13440, 0, 611405, 622423, 600838, 15933, 434, 1440, 66689, 5, 4, 0, 0, 0, 1, 250000, 122587, 11857,
2256325, 38, 27, 2249637, 1267020, 13440, 0, 611405, 622423, 600838, 15933, 434, 1440, 66689, 5, 4, 0, 0, 0, 1, 250000, 122587, 13297,
2308249, 38, 28, 2308249, 1267020, 13440, 0, 611405, 622423, 600838, 15933, 434, 1440, 66689, 5, 4, 0, 0, 0, 1, 250000, 122587, 11857,
2323013, 39, 28, 2308249, 1267020, 13440, 0, 611405, 622423, 600838, 15933, 434, 1440, 66689, 5, 4, 0, 0, 0, 1, 250000, 122587, 13297,
2366861, 39, 29, 2366861, 1267020, 13440, 0, 611405, 622423, 600838, 15933, 434, 1440, 66689, 5, 4, 0, 0, 0, 1, 250000, 122587, 11857,
2389702, 40, 29, 2366861, 1267020, 13440, 0, 611405, 622423, 600838, 15933, 434, 1440, 66689, 5, 4, 0, 0, 0, 1, 250000, 122587, 13297,
2456390, 41, 29, 2366861, 1267020, 13440, 0, 611405, 622423, 600838, 15933, 434, 1440, 66689, 5, 4, 0, 0, 0, 1, 250000, 122587, 14737,
2499830, 41, 30, 2499830, 1267020, 13440, 0, 611405, 622423, 600838, 15933, 434, 1440, 66689, 5, 4, 0, 0, 0, 1, 250000, 122587, 13297,
2520816, 41, 31, 2520816, 1267020, 13440, 0, 611405, 622423, 600838, 15933, 434, 1440, 66689, 5, 4, 0, 0, 0, 1, 250000, 122587, 11857,
2523078, 42, 31, 2520816, 1267020, 13440, 0, 611405, 622423, 600838, 15933, 434, 1440, 66689, 5, 4, 0, 0, 0, 1, 250000, 122587, 13297,
2544289, 42, 32, 2544289, 1267020, 13440, 0, 611405, 622423, 600838, 15933, 1023, 1440, 66689, 5, 4, 0, 0, 0, 1, 250000, 122587, 11857,
2589766, 43, 32, 2544289, 1267020, 13440, 0, 611405, 622423, 600838, 15933, 1023, 1440, 66689, 5, 4, 0, 0, 0, 1, 250000, 122587, 13297,
2656454, 44, 32, 2544289, 1267020, 13440, 0, 611405, 622423, 600838, 15933, 1023, 1440, 66689, 5, 4, 0, 0, 0, 1, 250000, 122587, 14737,
2667666, 44, 34, 2667666, 2056261, 13440, 0, 611405, 621046, 600838, 23504, 1023, 1440, 66541, 5, 4, 0, 0, 0, 1, 250000, 122587, 13242,
2722995, 45, 34, 2667666, 2056261, 13440, 0, 611405, 621046, 600838, 23504, 1023, 1440, 66541, 5, 4, 0, 0, 0, 1, 250000, 122587, 14682,
2744354, 45, 35, 2744354, 2056261, 13440, 0, 611405, 621046, 600838, 23504, 1023, 1440, 66541, 5, 4, 0, 0, 0, 1, 250000, 122587, 13242,
2789536, 46, 35, 2744354, 2056261, 13440, 0, 611405, 621046, 600838, 23504, 1023, 1440, 66541, 5, 4, 0, 0, 0, 1, 250000, 122587, 14682,
2811042, 46, 36, 2811042, 2056261, 13440, 0, 611405, 621046, 600838, 23504, 1023, 1440, 66541, 5, 4, 0, 0, 0, 1, 250000, 122587, 13242,
2856076, 47, 36, 2811042, 2056261, 13440, 0, 611405, 621046, 600838, 23504, 1023, 1440, 66541, 5, 4, 0, 0, 0, 1, 250000, 122587, 14682,
2877730, 47, 37, 2877730, 2056261, 13440, 0, 611405, 621046, 600838, 23504, 1023, 1440, 66541, 5, 4, 0, 0, 0, 1, 250000, 122587, 13242,
2922617, 48, 37, 2877730, 2056261, 13440, 0, 611405, 621046, 600838, 23504, 1023, 1440, 66541, 5, 4, 0, 0, 0, 1, 250000, 122587, 14682,
2944418, 48, 38, 2944418, 2056261, 13440, 0, 611405, 621046, 600838, 23504, 1023, 1440, 66541, 5, 4, 0, 0, 0, 1, 250000, 122587, 13242,
2989157, 49, 38, 2944418, 2056261, 13440, 0, 611405, 621046, 600838, 23504, 1023, 1440, 66541, 5, 4, 0, 0, 0, 1, 250000, 122587, 14682,
3011107, 49, 39, 3011107, 2056261, 13440, 0, 611405, 621046, 600838, 23504, 1023, 1440, 66541, 5, 4, 0, 0, 0, 1, 250000, 122587, 13242,
3055698, 50, 39, 3011107, 2056261, 13440, 0, 611405, 621046, 600838, 23504, 1023, 1440, 66541, 5, 4, 0, 0, 0, 1, 250000, 122587, 14682,
3077795, 50, 40, 3077795, 2056261, 13440, 0, 611405, 621046, 600838, 23504, 1023, 1440, 66541, 5, 4, 0, 0, 0, 1, 250000, 122587, 13242,
3122239, 51, 40, 3077795, 2056261, 13440, 0, 611405, 621046, 600838, 23504, 1023, 1440, 66541, 5, 4, 0, 0, 0, 1, 250000, 122587, 14682,
3144483, 51, 41, 3144483, 2056261, 13440, 0, 611405, 621046, 600838, 23504, 1023, 1440, 66541, 5, 4, 0, 0, 0, 1, 250000, 122587, 13242,
3188779, 52, 41, 3144483, 2056261, 13440, 0, 611405, 621046, 600838, 23504, 1023, 1440, 66541, 5, 4, 0, 0, 0, 1, 250000, 122587, 14682,
3211171, 52, 42, 3211171, 2056261, 13440, 0, 611405, 621046, 600838, 23504, 742, 1440, 66541, 5, 4, 0, 0, 0, 1, 250000, 122587, 13242,
3255320, 53, 42, 3211171, 2056261, 13440, 0, 611405, 621046, 600838, 23504, 742, 1440, 66541, 5, 4, 0, 0, 0, 1, 250000, 122587, 14682,
3277859, 53, 43, 3277859, 2056261, 13440, 0, 611405, 621046, 600838, 23504, 742, 1440, 66541, 5, 4, 0, 0, 0, 1, 250000, 122587, 13242,
3321861, 54, 43, 3277859, 2056261, 13440, 0, 611405, 621046, 600838, 23504, 742, 1440, 66541, 5, 4, 0, 0, 0, 1, 250000, 122587, 14682,
3344400, 54, 44, 3344400, 2056261, 13440, 0, 611405, 621046, 600838, 23504, 742, 1440, 66541, 5, 4, 0, 0, 0, 1, 250000, 122587, 13242,
3388401, 55, 44, 3344400, 2056261, 13440, 0, 611405, 621046, 600838, 23504, 742, 1440, 66541, 5, 4, 0, 0, 0, 1, 250000, 122587, 14682,
3410941, 55, 45, 3410941, 2056261, 13440, 0, 611405, 621046, 600838, 23504, 742, 1440, 66541, 5, 4, 0, 0, 0, 1, 250000, 122587, 13242,
3454942, 56, 45, 3410941, 2056261, 13440, 0, 611405, 621046, 600838, 23504, 742, 1440, 66541, 5, 4, 0, 0, 0, 1, 250000, 122587, 14682,
3477481, 56, 46, 3477481, 2056261, 13440, 0, 611405, 621046, 600838, 23504, 742, 1440, 66541, 5, 4, 0, 0, 0, 1, 250000, 122587, 13242,
3521483, 57, 46, 3477481, 2056261, 13440, 0, 611405, 621046, 600838, 23504, 742, 1440, 66541, 5, 4, 0, 0, 0, 1, 250000, 122587, 14682,
3544022, 57, 47, 3544022, 2056261, 13440, 0, 611405, 621046, 600838, 23504, 742, 1440, 66541, 5, 4, 0, 0, 0, 1, 250000, 122587, 13242,
3588023, 58, 47, 3544022, 2056261, 13440, 0, 611405, 621046, 600838, 23504, 742, 1440, 66541, 5, 4, 0, 0, 0, 1, 250000, 122587, 14682,
3610562, 58, 48, 3610562, 2056261, 13440, 0, 611405, 621046, 600838, 23504, 742, 1440, 66541, 5, 4, 0, 0, 0, 1, 250000, 122587, 13242,
3654564, 59, 48, 3610562, 2056261, 13440, 0, 611405, 621046, 600838, 23504, 742, 1440, 66541, 5, 4, 0, 0, 0, 1, 250000, 122587, 14682,
3677103, 59, 49, 3677103, 2056261, 13440, 0, 611405, 621046, 600838, 23504, 742, 1440, 66541, 5, 4, 0, 0, 0, 1, 250000, 122587, 13242,
3721105, 60, 49, 3677103, 2056261, 13440, 0, 611405, 621046, 600838, 23504, 742, 1440, 66541, 5, 4, 0, 0, 0, 1, 250000, 122587, 14682,
3743644, 60, 50, 3743644, 2056261, 13440, 0, 611405, 621046, 600838, 23504, 742, 1440, 66541, 5, 4, 0, 0, 0, 1, 250000, 122587, 13242,
3787645, 61, 50, 3743644, 2056261, 13440, 0, 611405, 621046, 600838, 23504, 742, 1440, 66541, 5, 4, 0, 0, 0, 1, 250000, 122587, 14682,
3810184, 61, 51, 3810184, 2056261, 13440, 0, 611405, 621046, 600838, 23504, 742, 1440, 66541, 5, 4, 0, 0, 0, 1, 250000, 122587, 13242,
3854186, 62, 51, 3810184, 2056261, 13440, 0, 611405, 621046, 600838, 23504, 742, 1440, 66541, 5, 4, 0, 0, 0, 1, 250000, 122587, 14682,
3876725, 62, 52, 3876725, 2056261, 13440, 0, 611405, 621046, 600838, 23504, 826, 1440, 66541, 5, 4, 0, 0, 0, 1, 250000, 122587, 13242,
3920726, 63, 52, 3876725, 2056261, 13440, 0, 611405, 621046, 600838, 23504, 826, 1440, 66541, 5, 4, 0, 0, 0, 1, 250000, 122587, 14682,
3933266, 63, 52, 3876725, 2056261, 13440, 0, 611405, 621046, 600838, 23504, 826, 1440, 66541, 5, 4, 0, 0, 0, 1, 250000, 122587, 14682,
3943266, 63, 53, 3943266, 2056261, 13440, 0, 611405, 621046, 600838, 23504, 826, 1440, 66541, 5, 4, 0, 0, 0, 1, 250000, 122587, 13242,
3987267, 64, 53, 3943266, 2056261, 13440, 0, 611405, 621046, 600838, 23504, 826, 1440, 66541, 5, 4, 0, 0, 0, 1, 250000, 122587, 14682,
4009806, 64, 54, 4009806, 2056261, 13440, 0, 611405, 621046, 600838, 23504, 826, 1440, 66541, 5, 4, 0, 0, 0, 1, 250000, 122587, 13242,
4053808, 65, 54, 4009806, 2056261, 13440, 0, 611405, 621046, 600838, 23504, 826, 1440, 66541, 5, 4, 0, 0, 0, 1, 250000, 122587, 14682,
4076347, 65, 55, 4076347, 2056261, 13440, 0, 611405, 621046, 600838, 23504, 826, 1440, 66541, 5, 4, 0, 0, 0, 1, 250000, 122587, 13242,
4120348, 66, 55, 4076347, 2056261, 13440, 0, 611405, 621046, 600838, 23504, 826, 1440, 66541, 5, 4, 0, 0, 0, 1, 250000, 122587, 14682,
4142888, 66, 56, 4142888, 2056261, 13440, 0, 611405, 621046, 600838, 23504, 826, 1440, 66541, 5, 4, 0, 0, 0, 1, 250000, 122587, 13242,
4186889, 67, 56, 4142888, 2056261, 13440, 0, 611405, 621046, 600838, 23504, 826, 1440, 66541, 5, 4, 0, 0, 0, 1, 250000, 122587, 14682,
4209428, 67, 57, 4209428, 2056261, 13440, 0, 611405, 621046, 600838, 23504, 826, 1440, 66541, 5, 4, 0, 0, 0, 1, 250000, 122587, 13242,
4253430, 68, 57, 4209428, 2056261, 13440, 0, 611405, 621046, 600838, 23504, 826, 1440, 66541, 5, 4, 0, 0, 0, 1, 250000, 122587, 14682,
4275969, 68, 58, 4275969, 2056261, 13440, 0, 611405, 621046, 600838, 23504, 826, 1440, 66541, 5, 4, 0, 0, 0, 1, 250000, 122587, 13242,
4319970, 69, 58, 4275969, 2056261, 13440, 0, 611405, 621046, 600838, 23504, 826, 1440, 66541, 5, 4, 0, 0, 0, 1, 250000, 122587, 14682,
4342510, 69, 59, 4342510, 2056261, 13440, 0, 611405, 621046, 600838, 23504, 826, 1440, 66541, 5, 4, 0, 0, 0, 1, 250000, 122587, 13242,
4386511, 70, 59, 4342510, 2056261, 13440, 0, 611405, 621046, 600838, 23504, 826, 1440, 66541, 5, 4, 0, 0, 0, 1, 250000, 122587, 14682,
4409050, 70, 60, 4409050, 2056261, 13440, 0, 611405, 621046, 600838, 23504, 826, 1440, 66541, 5, 4, 0, 0, 0, 1, 250000, 122587, 13242,
4453052, 71, 60, 4409050, 2056261, 13440, 0, 611405, 621046, 600838, 23504, 826, 1440, 66541, 5, 4, 0, 0, 0, 1, 250000, 122587, 14682,
4475591, 71, 61, 4475591, 2056261, 13440, 0, 611405, 621046, 600838, 23504, 826, 1440, 66541, 5, 4, 0, 0, 0, 1, 250000, 122587, 13242,
4519592, 72, 61, 4475591, 2056261, 13440, 0, 611405, 621046, 600838, 23504, 826, 1440, 66541, 5, 4, 0, 0, 0, 1, 250000, 122587, 14682,
4542131, 72, 62, 4542131, 2056261, 13440, 0, 611405, 621046, 600838, 23504, 909, 1440, 66541, 5, 4, 0, 0, 0, 1, 250000, 122587, 13242,
4586133, 73, 62, 4542131, 2056261, 13440, 0, 611405, 621046, 600838, 23504, 909, 1440, 66541, 5, 4, 0, 0, 0, 1, 250000, 122587, 14682,
4608672, 73, 63, 4608672, 2056261, 13440, 0, 611405, 621046, 600838, 23504, 909, 1440, 66541, 5, 4, 0, 0, 0, 1, 250000, 122587, 13242,
4652674, 74, 63, 4608672, 2056261, 13440, 0, 611405, 621046, 600838, 23504, 909, 1440, 66541, 5, 4, 0, 0, 0, 1, 250000, 122587, 14682,
4675213, 74, 64, 4675213, 2056261, 13440, 0, 611405, 621046, 600838, 23504, 909, 1440, 66541, 5, 4, 0, 0, 0, 1, 250000, 122587, 13242,
4719214, 75, 64, 4675213, 2056261, 13440, 0, 611405, 621046, 600838, 23504, 909, 1440, 66541, 5, 4, 0, 0, 0, 1, 250000, 122587, 14682,
4741753, 75, 65, 4741753, 2056261, 13440, 0, 611405, 621046, 600838, 23504, 909, 1440, 66541, 5, 4, 0, 0, 0, 1, 250000, 122587, 13242,
4785755, 76, 65, 4741753, 2056261, 13440, 0, 611405, 621046, 600838, 23504, 909, 1440, 66541, 5, 4, 0, 0, 0, 1, 250000, 122587, 14682,
4808294, 76, 66, 4808294, 2056261, 13440, 0, 611405, 621046, 600838, 23504, 909, 1440, 66541, 5, 4, 0, 0, 0, 1, 250000, 122587, 13242,
4852295, 77, 66, 4808294, 2056261, 13440, 0, 611405, 621046, 600838, 23504, 909, 1440, 66541, 5, 4, 0, 0, 0, 1, 250000, 122587, 14682,
4874835, 77, 67, 4874835, 2056261, 13440, 0, 611405, 621046, 600838, 23504, 909, 1440, 66541, 5, 4, 0, 0, 0, 1, 250000, 122587, 13242,
4918836, 78, 67, 4874835, 2056261, 13440, 0, 611405, 621046, 600838, 23504, 909, 1440, 66541, 5, 4, 0, 0, 0, 1, 250000, 122587, 14682,
4941375, 78, 68, 4941375, 2056261, 13440, 0, 611405, 621046, 600838, 23504, 909, 1440, 66541, 5, 4, 0, 0, 0, 1, 250000, 122587, 13242,
4985377, 79, 68, 4941375, 2056261, 13440, 0, 611405, 621046, 600838, 23504, 909, 1440, 66541, 5, 4, 0, 0, 0, 1, 250000, 122587, 14682,
5007916, 79, 69, 5007916, 2056261, 13440, 0, 611405, 621046, 600838, 23504, 909, 1440, 66541, 5, 4, 0, 0, 0, 1, 250000, 122587, 13242,
5044495, 79, 69, 5007916, 2056261, 13440, 0, 611405, 621046, 600838, 23504, 909, 1440, 66541, 5, 4, 0, 0, 0, 1, 250000, 122587, 13242,
5051917, 80, 69, 5007916, 2056261, 13440, 0, 611405, 621046, 600838, 23504, 909, 1440, 66541, 5, 4, 0, 0, 0, 1, 250000, 122587, 14682,
5126243, 80, 70, 5126243, 2056261, 13440, 0, 611405, 621046, 600838, 23504, 909, 1440, 66541, 5, 4, 1, 0, 0, 1, 250000, 122587, 13242,
5126243, 81, 70, 5126243, 2056261, 13440, 0, 611405, 621046, 600838, 23504, 909, 1440, 66541, 5, 4, 0, 0, 0, 1, 250000, 122587, 14682,
5193044, 81, 71, 5193044, 2056261, 13440, 0, 611405, 621046, 600838, 23504, 844, 1440, 66541, 5, 4, 1, 0, 0, 1, 250000, 122587, 13242,
5193044, 82, 71, 5193044, 2056261, 13440, 0, 611405, 621046, 600838, 23504, 844, 1440, 66541, 5, 4, 0, 0, 0, 1, 250000, 122587, 14682,
5259845, 82, 72, 5259845, 2056261, 13440, 0, 611405, 621046, 600838, 23504, 844, 1440, 66541, 5, 4, 1, 0, 0, 1, 250000, 122587, 13242,
5259845, 83, 72, 5259845, 2056261, 13440, 0, 611405, 621046, 600838, 23504, 844, 1440, 66541, 5, 4, 0, 0, 0, 1, 250000, 122587, 14682,
5326646, 83, 73, 5326646, 2056261, 13440, 0, 611405, 621046, 600838, 23504, 844, 1440, 66541, 5, 4, 1, 0, 0, 1, 250000, 122587, 13242,
5326646, 84, 73, 5326646, 2056261, 13440, 0, 611405, 621046, 600838, 23504, 844, 1440, 66541, 5, 4, 0, 0, 0, 1, 250000, 122587, 14682,
5393447, 84, 74, 5393447, 2056261, 13440, 0, 611405, 621046, 600838, 23504, 844, 1440, 66541, 5, 4, 1, 0, 0, 1, 250000, 122587, 13242,
5393447, 85, 74, 5393447, 2056261, 13440, 0, 611405, 621046, 600838, 23504, 844, 1440, 66541, 5, 4, 0, 0, 0, 1, 250000, 122587, 14682,
5460248, 85, 75, 5460248, 2056261, 13440, 0, 611405, 621046, 600838, 23504, 844, 1440, 66541, 5, 4, 1, 0, 0, 1, 250000, 122587, 13242,
5460248, 86, 75, 5460248, 2056261, 13440, 0, 611405, 621046, 600838, 23504, 844, 1440, 66541, 5, 4, 0, 0, 0, 1, 250000, 122587, 14682,
5527049, 86, 76, 5527049, 2056261, 13440, 0, 611405, 621046, 600838, 23504, 844, 1440, 66541, 5, 4, 1, 0, 0, 1, 250000, 122587, 13242,
5527049, 87, 76, 5527049, 2056261, 13440, 0, 611405, 621046, 600838, 23504, 844, 1440, 66541, 5, 4, 0, 0, 0, 1, 250000, 122587, 14682,
5593850, 87, 77, 5593850, 2056261, 13440, 0, 611405, 621046, 600838, 23504, 844, 1440, 66541, 5, 4, 1, 0, 0, 1, 250000, 122587, 13242,
5593850, 88, 77, 5593850, 2056261, 13440, 0, 611405, 621046, 600838, 23504, 844, 1440, 66541, 5, 4, 0, 0, 0, 1, 250000, 122587, 14682,
5660650, 88, 78, 5660650, 2056261, 13440, 0, 611405, 621046, 600838, 23504, 844, 1440, 66541, 5, 4, 1, 0, 0, 1, 250000, 122587, 13242,
5660650, 89, 78, 5660650, 2056261, 13440, 0, 611405, 621046, 600838, 23504, 844, 1440, 66541, 5, 4, 0, 0, 0, 1, 250000, 122587, 14682,
5727290, 89, 79, 5727290, 2056261, 13440, 0, 611405, 621046, 600838, 23504, 844, 1440, 66541, 5, 4, 1, 0, 0, 1, 250000, 122587, 13242,
5727290, 90, 79, 5727290, 2056261, 13440, 0, 611405, 621046, 600838, 23504, 844, 1440, 66541, 5, 4, 0, 0, 0, 1, 250000, 122587, 14682,
5793929, 90, 80, 5793929, 2056261, 13440, 0, 611405, 621046, 600838, 23504, 844, 1440, 66541, 5, 4, 1, 0, 0, 1, 250000, 122587, 13242,
5793929, 91, 80, 5793929, 2056261, 13440, 0, 611405, 621046, 600838, 23504, 844, 1440, 66541, 5, 4, 0, 0, 0, 1, 250000, 122587, 14682,
5860568, 91, 81, 5860568, 2056261, 13440, 0, 611405, 621046, 600838, 23504, 823, 1440, 66541, 5, 4, 1, 0, 0, 1, 250000, 122587, 13242,
5860568, 92, 81, 5860568, 2056261, 13440, 0, 611405, 621046, 600838, 23504, 823, 1440, 66541, 5, 4, 0, 0, 0, 1, 250000, 122587, 14682,
5927208, 92, 82, 5927208, 2056261, 13440, 0, 611405, 621046, 600838, 23504, 823, 1440, 66541, 5, 4, 1, 0, 0, 1, 250000, 122587, 13242,
5927208, 93, 82, 5927208, 2056261, 13440, 0, 611405, 621046, 600838, 23504, 823, 1440, 66541, 5, 4, 0, 0, 0, 1, 250000, 122587, 14682,
5993847, 93, 83, 5993847, 2056261, 13440, 0, 611405, 621046, 600838, 23504, 823, 1440, 66541, 5, 4, 1, 0, 0, 1, 250000, 122587, 13242,
5993847, 94, 83, 5993847, 2056261, 13440, 0, 611405, 621046, 600838, 23504, 823, 1440, 66541, 5, 4, 0, 0, 0, 1, 250000, 122587, 14682,
6060486, 94, 84, 6060486, 2056261, 13440, 0, 611405, 621046, 600838, 23504, 823, 1440, 66541, 5, 4, 1, 0, 0, 1, 250000, 122587, 13242,
6060486, 95, 84, 6060486, 2056261, 13440, 0, 611405, 621046, 600838, 23504, 823, 1440, 66541, 5, 4, 0, 0, 0, 1, 250000, 122587, 14682,
6127126, 95, 85, 6127126, 2056261, 13440, 0, 611405, 621046, 600838, 23504, 823, 1440, 66541, 5, 4, 1, 0, 0, 1, 250000, 122587, 13242,
6127126, 96, 85, 6127126, 2056261, 13440, 0, 611405, 621046, 600838, 23504, 823, 1440, 66541, 5, 4, 0, 0, 0, 1, 250000, 122587, 14682,
6193765, 96, 86, 6193765, 2056261, 13440, 0, 611405, 621046, 600838, 23504, 823, 1440, 66541, 5, 4, 1, 0, 0, 1, 250000, 122587, 13242,
6193765, 97, 86, 6193765, 2056261, 13440, 0, 611405, 621046, 600838, 23504, 823, 1440, 66541, 5, 4, 0, 0, 0, 1, 250000, 122587, 14682,
6260263, 97, 87, 6260263, 2056261, 13440, 0, 611405, 621046, 600838, 23504, 823, 1440, 66541, 5, 4, 1, 0, 0, 1, 250000, 122587, 13242,
6260263, 98, 87, 6260263, 2056261, 13440, 0, 611405, 621046, 600838, 23504, 823, 1440, 66541, 5, 4, 0, 0, 0, 1, 250000, 122587, 14682,
6326761, 98, 88, 6326761, 2056261, 13440, 0, 611405, 621046, 600838, 23504, 823, 1440, 66541, 5, 4, 1, 0, 0, 1, 250000, 122587, 13242,
6326761, 99, 88, 6326761, 2056261, 13440, 0, 611405, 621046, 600838, 23504, 823, 1440, 66541, 5, 4, 0, 0, 0, 1, 250000, 122587, 14682,
6393259, 99, 89, 6393259, 2056261, 13440, 0, 611405, 621046, 600838, 23504, 823, 1440, 66541, 5, 4, 1, 0, 0, 1, 250000, 122587, 13242,
6393259, 100, 89, 6393259, 2056261, 13440, 0, 611405, 621046, 600838, 23504, 823, 1440, 66541, 5, 4, 0, 0, 0, 1, 250000, 122587, 14682,
6459757, 100, 90, 6459757, 2056261, 13440, 0, 611405, 621046, 600838, 23504, 823, 1440, 66541, 5, 4, 1, 0, 0, 1, 250000, 122587, 13242,
6459757, 101, 90, 6459757, 2056261, 13440, 0, 611405, 621046, 600838, 23504, 823, 1440, 66541, 5, 4, 0, 0, 0, 1, 250000, 122587, 14682,
6526131, 101, 91, 6526131, 2056261, 13440, 0, 611405, 621046, 600838, 23504, 826, 1440, 66541, 5, 4, 1, 0, 0, 1, 250000, 122587, 13242,
6526131, 102, 91, 6526131, 2056261, 13440, 0, 611405, 621046, 600838, 23504, 826, 1440, 66541, 5, 4, 0, 0, 0, 1, 250000, 122587, 14682,
6592505, 102, 92, 6592505, 2056261, 13440, 0, 611405, 621046, 600838, 23504, 826, 1440, 66541, 5, 4, 1, 0, 0, 1, 250000, 122587, 13242,
6592505, 103, 92, 6592505, 2056261, 13440, 0, 611405, 621046, 600838, 23504, 826, 1440, 66541, 5, 4, 0, 0, 0, 1, 250000, 122587, 14682,
6658879, 103, 93, 6658879, 2056261, 13440, 0, 611405, 621046, 600838, 23504, 826, 1440, 66541, 5, 4, 1, 0, 0, 1, 250000, 122587, 13242,
6658879, 104, 93, 6658879, 2056261, 13440, 0, 611405, 621046, 600838, 23504, 826, 1440, 66541, 5, 4, 0, 0, 0, 1, 250000, 122587, 14682,
6725253, 104, 94, 6725253, 2056261, 13440, 0, 611405, 621046, 600838, 23504, 826, 1440, 66541, 5, 4, 1, 0, 0, 1, 250000, 122587, 13242,
6725253, 105, 94, 6725253, 2056261, 13440, 0, 611405, 621046, 600838, 23504, 826, 1440, 66541, 5, 4, 0, 0, 0, 1, 250000, 122587, 14682,
6791627, 105, 95, 6791627, 2056261, 13440, 0, 611405, 621046, 600838, 23504, 826, 1440, 66541, 5, 4, 1, 0, 0, 1, 250000, 122587, 13242,
6791627, 106, 95, 6791627, 2056261, 13440, 0, 611405, 621046, 600838, 23504, 826, 1440, 66541, 5, 4, 0, 0, 0, 1, 250000, 122587, 14682,
6858001, 106, 96, 6858001, 2056261, 13440, 0, 611405, 621046, 600838, 23504, 826, 1440, 66541, 5, 4, 1, 0, 0, 1, 250000, 122587, 13242,
6858001, 107, 96, 6858001, 2056261, 13440, 0, 611405, 621046, 600838, 23504, 826, 1440, 66541, 5, 4, 0, 0, 0, 1, 250000, 122587, 14682,
6924376, 107, 97, 6924376, 2056261, 13440, 0, 611405, 621046, 600838, 23504, 826, 1440, 66541, 5, 4, 1, 0, 0, 1, 250000, 122587, 13242,
6924376, 108, 97, 6924376, 2056261, 13440, 0, 611405, 621046, 600838, 23504, 826, 1440, 66541, 5, 4, 0, 0, 0, 1, 250000, 122587, 14682,
6990750, 108, 98, 6990750, 2056261, 13440, 0, 611405, 621046, 600838, 23504, 826, 1440, 66541, 5, 4, 1, 0, 0, 1, 250000, 122587, 13242,
6990750, 109, 98, 6990750, 2056261, 13440, 0, 611405, 621046, 600838, 23504, 826, 1440, 66541, 5, 4, 0, 0, 0, 1, 250000, 122587, 14682,
7057016, 109, 99, 7057016, 2056261, 13440, 0, 611405, 621046, 600838, 23504, 826, 1440, 66541, 5, 4, 1, 0, 0, 1, 250000, 122587, 13242,
7057016, 110, 99, 7057016, 2056261, 13440, 0, 611405, 621046, 600838, 23504, 826, 1440, 66541, 5, 4, 0, 0, 0, 1, 250000, 122587, 14682,
7123282, 110, 100, 7123282, 2056261, 13440, 0, 611405, 621046, 600838, 23504, 826, 1440, 66541, 5, 4, 1, 0, 0, 1, 250000, 122587, 13242,
7123282, 111, 100, 7123282, 2056261, 13440, 0, 611405, 621046, 600838, 23504, 826, 1440, 66541, 5, 4, 0, 0, 0, 1, 250000, 122587, 14682,
7189547, 111, 101, 7189547, 2056261, 13440, 0, 611405, 621046, 600838, 23504, 829, 1440, 66541, 5, 4, 1, 0, 0, 1, 250000, 122587, 13242,
7189547, 112, 101, 7189547, 2056261, 13440, 0, 611405, 621046, 600838, 23504, 829, 1440, 66541, 5, 4, 0, 0, 0, 1, 250000, 122587, 14682,
7255813, 112, 102, 7255813, 2056261, 13440, 0, 611405, 621046, 600838, 23504, 829, 1440, 66541, 5, 4, 1, 0, 0, 1, 250000, 122587, 13242,
7255813, 113, 102, 7255813, 2056261, 13440, 0, 611405, 621046, 600838, 23504, 829, 1440, 66541, 5, 4, 0, 0, 0, 1, 250000, 122587, 14682,
7322079, 113, 103, 7322079, 2056261, 13440, 0, 611405, 621046, 600838, 23504, 829, 1440, 66541, 5, 4, 1, 0, 0, 1, 250000, 122587, 13242,
7322079, 114, 103, 7322079, 2056261, 13440, 0, 611405, 621046, 600838, 23504, 829, 1440, 66541, 5, 4, 0, 0, 0, 1, 250000, 122587, 14682,
7388345, 114, 104, 7388345, 2056261, 13440, 0, 611405, 621046, 600838, 23504, 829, 1440, 66541, 5, 4, 1, 0, 0, 1, 250000, 122587, 13242,
7388345, 115, 104, 7388345, 2056261, 13440, 0, 611405, 621046, 600838, 23504, 829, 1440, 66541, 5, 4, 0, 0, 0, 1, 250000, 122587, 14682,
7454611, 115, 105, 7454611, 2056261, 13440, 0, 611405, 621046, 600838, 23504, 829, 1440, 66541, 5, 4, 1, 0, 0, 1, 250000, 122587, 13242,
7454611, 116, 105, 7454611, 2056261, 13440, 0, 611405, 621046, 600838, 23504, 829, 1440, 66541, 5, 4, 0, 0, 0, 1, 250000, 122587, 14682,
7520877, 116, 106, 7520877, 2056261, 13440, 0, 611405, 621046, 600838, 23504, 829, 1440, 66541, 5, 4, 1, 0, 0, 1, 250000, 122587, 13242,
7520877, 117, 106, 7520877, 2056261, 13440, 0, 611405, 621046, 600838, 23504, 829, 1440, 66541, 5, 4, 0, 0, 0, 1, 250000, 122587, 14682,
7587048, 117, 107, 7587048, 2056261, 13440, 0, 611405, 621046, 600838, 23504, 829, 1440, 66541, 5, 4, 1, 0, 0, 1, 250000, 122587, 13242,
7587048, 118, 107, 7587048, 2056261, 13440, 0, 611405, 621046, 600838, 23504, 829, 1440, 66541, 5, 4, 0, 0, 0, 1, 250000, 122587, 14682,
7653220, 118, 108, 7653220, 2056261, 13440, 0, 611405, 621046, 600838, 23504, 829, 1440, 66541, 5, 4, 1, 0, 0, 1, 250000, 122587, 13242,
7653220, 119, 108, 7653220, 2056261, 13440, 0, 611405, 621046, 600838, 23504, 829, 1440, 66541, 5, 4, 0, 0, 0, 1, 250000, 122587, 14682,
7719391, 119, 109, 7719391, 2056261, 13440, 0, 611405, 621046, 600838, 23504, 829, 1440, 66541, 5, 4, 1, 0, 0, 1, 250000, 122587, 13242,
7719391, 120, 109, 7719391, 2056261, 13440, 0, 611405, 621046, 600838, 23504, 829, 1440, 66541, 5, 4, 0, 0, 0, 1, 250000, 122587, 14682,
7785562, 120, 110, 7785562, 2056261, 13440, 0, 611405, 621046, 600838, 23504, 829, 1440, 66541, 5, 4, 1, 0, 0, 1, 250000, 122587, 13242,
7785562, 121, 110, 7785562, 2056261, 13440, 0, 611405, 621046, 600838, 23504, 829, 1440, 66541, 5, 4, 0, 0, 0, 1, 250000, 122587, 14682,
7851733, 121, 111, 7851733, 2056261, 13440, 0, 611405, 621046, 600838, 23504, 830, 1440, 66541, 5, 4, 1, 0, 0, 1, 250000, 122587, 13242,
7851733, 122, 111, 7851733, 2056261, 13440, 0, 611405, 621046, 600838, 23504, 830, 1440, 66541, 5, 4, 0, 0, 0, 1, 250000, 122587, 14682,
7917904, 122, 112, 7917904, 2056261, 13440, 0, 611405, 621046, 600838, 23504, 830, 1440, 66541, 5, 4, 1, 0, 0, 1, 250000, 122587, 13242,
7917904, 123, 112, 7917904, 2056261, 13440, 0, 611405, 621046, 600838, 23504, 830, 1440, 66541, 5, 4, 0, 0, 0, 1, 250000, 122587, 14682,
7984076, 123, 113, 7984076, 2056261, 13440, 0, 611405, 621046, 600838, 23504, 830, 1440, 66541, 5, 4, 1, 0, 0, 1, 250000, 122587, 13242,
7984076, 124, 113, 7984076, 2056261, 13440, 0, 611405, 621046, 600838, 23504, 830, 1440, 66541, 5, 4, 0, 0, 0, 1, 250000, 122587, 14682,
8050247, 124, 114, 8050247, 2056261, 13440, 0, 611405, 621046, 600838, 23504, 830, 1440, 66541, 5, 4, 1, 0, 0, 1, 250000, 122587, 13242,
8050247, 125, 114, 8050247, 2056261, 13440, 0, 611405, 621046, 600838, 23504, 830, 1440, 66541, 5, 4, 0, 0, 0, 1, 250000, 122587, 14682,
8116335, 125, 115, 8116335, 2056261, 13440, 0, 611405, 621046, 600838, 23504, 830, 1440, 66541, 5, 4, 1, 0, 0, 1, 250000, 122587, 13242,
8116335, 126, 115, 8116335, 2056261, 13440, 0, 611405, 621046, 600838, 23504, 830, 1440, 66541, 5, 4, 0, 0, 0, 1, 250000, 122587, 14682,
8182423, 126, 116, 8182423, 2056261, 13440, 0, 611405, 621046, 600838, 23504, 830, 1440, 66541, 5, 4, 1, 0, 0, 1, 250000, 122587, 13242,
8182423, 127, 116, 8182423, 2056261, 13440, 0, 611405, 621046, 600838, 23504, 830, 1440, 66541, 5, 4, 0, 0, 0, 1, 250000, 122587, 14682,
8248512, 127, 117, 8248512, 2056261, 13440, 0, 611405, 621046, 600838, 23504, 830, 1440, 66541, 5, 4, 1, 0, 0, 1, 250000, 122587, 13242,
8248512, 128, 117, 8248512, 2056261, 13440, 0, 611405, 621046, 600838, 23504, 830, 1440, 66541, 5, 4, 0, 0, 0, 1, 250000, 122587, 14682,
8314600, 128, 118, 8314600, 2056261, 13440, 0, 611405, 621046, 600838, 23504, 830, 1440, 66541, 5, 4, 1, 0, 0, 1, 250000, 122587, 13242,
8314600, 129, 118, 8314600, 2056261, 13440, 0, 611405, 621046, 600838, 23504, 830, 1440, 66541, 5, 4, 0, 0, 0, 1, 250000, 122587, 14682,
8380616, 129, 119, 8380616, 2056261, 13440, 0, 611405, 621046, 600838, 23504, 830, 1440, 66541, 5, 4, 1, 0, 0, 1, 250000, 122587, 13242,
8380616, 130, 119, 8380616, 2056261, 13440, 0, 611405, 621046, 600838, 23504, 830, 1440, 66541, 5, 4, 0, 0, 0, 1, 250000, 122587, 14682,
8446631, 130, 120, 8446631, 2056261, 13440, 0, 611405, 621046, 600838, 23504, 830, 1440, 66541, 5, 4, 1, 0, 0, 1, 250000, 122587, 13242,
8446631, 131, 120, 8446631, 2056261, 13440, 0, 611405, 621046, 600838, 23504, 830, 1440, 66541, 5, 4, 0, 0, 0, 1, 250000, 122587, 14682,
8512647, 131, 121, 8512647, 2056261, 13440, 0, 611405, 621046, 600838, 23504, 832, 1440, 66541, 5, 4, 1, 0, 0, 1, 250000, 122587, 13242,
8512647, 132, 121, 8512647, 2056261, 13440, 0, 611405, 621046, 600838, 23504, 832, 1440, 66541, 5, 4, 0, 0, 0, 1, 250000, 122587, 14682,
8578663, 132, 122, 8578663, 2056261, 13440, 0, 611405, 621046, 600838, 23504, 832, 1440, 66541, 5, 4, 1, 0, 0, 1, 250000, 122587, 13242,
8578663, 133, 122, 8578663, 2056261, 13440, 0, 611405, 621046, 600838, 23504, 832, 1440, 66541, 5, 4, 0, 0, 0, 1, 250000, 122587, 14682,
8644679, 133, 123, 8644679, 2056261, 13440, 0, 611405, 621046, 600838, 23504, 832, 1440, 66541, 5, 4, 0, 0, 0, 1, 250000, 122587, 13242,
8645112, 134, 123, 8644679, 2056261, 13440, 0, 611405, 621046, 600838, 23504, 832, 1440, 66541, 5, 4, 0, 0, 0, 1, 250000, 122587, 14682,
8710694, 134, 124, 8710694, 2056261, 13440, 0, 611405, 621046, 600838, 23504, 832, 1440, 66541, 5, 4, 0, 0, 0, 1, 250000, 122587, 13242,
8711653, 135, 124, 8710694, 2056261, 13440, 0, 611405, 621046, 600838, 23504, 832, 1440, 66541, 5, 4, 0, 0, 0, 1, 250000, 122587, 14682,
8776710, 135, 125, 8776710, 2056261, 13440, 0, 611405, 621046, 600838, 23504, 832, 1440, 66541, 5, 4, 0, 0, 0, 1, 250000, 122587, 13242,
8778193, 136, 125, 8776710, 2056261, 13440, 0, 611405, 621046, 600838, 23504, 832, 1440, 66541, 5, 4, 0, 0, 0, 1, 250000, 122587, 14682,
8842726, 136, 126, 8842726, 2056261, 13440, 0, 611405, 621046, 600838, 23504, 832, 1440, 66541, 5, 4, 0, 0, 0, 1, 250000, 122587, 13242,
8844734, 137, 126, 8842726, 2056261, 13440, 0, 611405, 621046, 600838, 23504, 832, 1440, 66541, 5, 4, 0, 0, 0, 1, 250000, 122587, 14682,
8918100, 137, 127, 8918100, 2056261, 13440, 0, 611405, 621046, 600838, 23504, 832, 1440, 66541, 5, 4, 1, 0, 0, 1, 250000, 122587, 13242,
8918100, 138, 127, 8918100, 2056261, 13440, 0, 611405, 621046, 600838, 23504, 832, 1440, 66541, 5, 4, 0, 0, 0, 1, 250000, 122587, 14682,
8993474, 138, 129, 8993474, 8380616, 49761, 0, 611410, 619842, 600838, 21385, 832, 1440, 17938, 5, 4, 1, 0, 0, 1, 695939, 122587, 11802,
8993474, 139, 129, 8993474, 8380616, 49761, 0, 611410, 619842, 600838, 21385, 832, 1440, 17938, 5, 4, 0, 0, 0, 1, 695939, 122587, 13242,
8993474, 140, 129, 8993474, 8380616, 49761, 0, 611410, 619842, 600838, 21385, 832, 1440, 17938, 5, 4, 0, 0, 0, 1, 695939, 122587, 14682,
8993474, 141, 129, 8993474, 8380616, 49761, 0, 611410, 619842, 600838, 21385, 832, 1440, 17938, 5, 4, 0, 0, 0, 1, 695939, 122587, 16122,
8993474, 142, 129, 8993474, 8380616, 49761, 0, 611410, 619842, 600838, 21385, 832, 1440, 17938, 5, 4, 0, 0, 0, 1, 695939, 122587, 17562,
9000961, 143, 129, 8993474, 8380616, 49761, 0, 611410, 619842, 600838, 21385, 832, 1440, 17938, 5, 4, 0, 0, 0, 1, 695939, 122587, 19002,
9018898, 144, 129, 8993474, 8380616, 49761, 0, 611410, 619842, 600838, 21385, 832, 1440, 17938, 5, 4, 0, 0, 0, 1, 695939, 122587, 20442,
9036835, 145, 129, 8993474, 8380616, 49761, 0, 611410, 619842, 600838, 21385, 832, 1440, 17938, 5, 4, 0, 0, 0, 1, 695939, 122587, 21882,
9054772, 146, 129, 8993474, 8380616, 49761, 0, 611410, 619842, 600838, 21385, 832, 1440, 17938, 5, 4, 0, 0, 0, 1, 695939, 122587, 23322,
9068848, 146, 130, 9068848, 8380616, 49761, 0, 611410, 619842, 600838, 21385, 832, 1440, 17938, 5, 4, 0, 0, 0, 1, 695939, 122587, 21882,
9072709, 147, 130, 9068848, 8380616, 49761, 0, 611410, 619842, 600838, 21385, 832, 1440, 17938, 5, 4, 0, 0, 0, 1, 695939, 122587, 23322,
9090646, 148, 130, 9068848, 8380616, 49761, 0, 611410, 619842, 600838, 21385, 832, 1440, 17938, 5, 4, 0, 0, 0, 1, 695939, 122587, 24762,
9108584, 149, 130, 9068848, 8380616, 49761, 0, 611410, 619842, 600838, 21385, 832, 1440, 17938, 5, 4, 0, 0, 0, 1, 695939, 122587, 26202,
9126521, 150, 130, 9068848, 8380616, 49761, 0, 611410, 619842, 600838, 21385, 832, 1440, 17938, 5, 4, 0, 0, 0, 1, 695939, 122587, 27642,
9144222, 150, 131, 9144222, 8380616, 49761, 0, 611410, 619842, 600838, 21385, 783, 1440, 17938, 5, 4, 0, 0, 0, 1, 695939, 122587, 26202,
9144458, 151, 131, 9144222, 8380616, 49761, 0, 611410, 619842, 600838, 21385, 783, 1440, 17938, 5, 4, 0, 0, 0, 1, 695939, 122587, 27642,
9162395, 152, 131, 9144222, 8380616, 49761, 0, 611410, 619842, 600838, 21385, 783, 1440, 17938, 5, 4, 0, 0, 0, 1, 695939, 122587, 29082,
9180332, 153, 131, 9144222, 8380616, 49761, 0, 611410, 619842, 600838, 21385, 783, 1440, 17938, 5, 4, 0, 1, 0, 1, 695939, 122587, 30034,
9198270, 154, 131, 9144222, 8380616, 49761, 0, 611410, 619842, 600838, 21385, 783, 1440, 17938, 5, 4, 0, 1, 0, 1, 695939, 122587, 30089,
9219596, 154, 132, 9219596, 8380616, 49761, 0, 611410, 619842, 600838, 21385, 783, 1440, 17938, 5, 4, 0, 1, 0, 1, 695939, 122587, 28649,
9294970, 154, 133, 9294970, 8380616, 49761, 0, 611410, 619842, 600838, 21385, 783, 1440, 17938, 5, 4, 0, 1, 0, 1, 695939, 122587, 27209,
9370345, 154, 134, 9370345, 8380616, 49761, 0, 611410, 619842, 600838, 21385, 783, 1440, 17938, 5, 4, 0, 1, 0, 1, 695939, 122587, 25769,
9370345, 155, 134, 9370345, 8380616, 49761, 0, 611410, 619842, 600838, 21385, 783, 1440, 17938, 5, 4, 0, 1, 0, 1, 695939, 122587, 25824,
9445655, 155, 135, 9445655, 8380616, 49761, 0, 611410, 619842, 600838, 21385, 783, 1440, 17938, 5, 4, 0, 1, 0, 1, 695939, 122587, 24384,
9520966, 155, 136, 9520966, 8380616, 49761, 0, 611410, 619842, 600838, 21385, 783, 1440, 17938, 5, 4, 0, 1, 0, 1, 695939, 122587, 22944,
9596277, 155, 137, 9596277, 8380616, 49761, 0, 611410, 619842, 600838, 21385, 783, 1440, 17938, 5, 4, 0, 1, 0, 1, 695939, 122587, 21504,
9671587, 155, 144, 9671587, 9036835, 49761, 0, 633960, 621606, 600838, 31499, 783, 1440, 17989, 5, 4, 0, 1, 0, 1, 695939, 122587, 11424,
9671587, 156, 144, 9671587, 9036835, 49761, 0, 633960, 621606, 600838, 31499, 783, 1440, 17989, 5, 4, 0, 0, 0, 1, 695939, 122587, 12864,
9671587, 157, 144, 9671587, 9036835, 49761, 0, 633960, 621606, 600838, 31499, 783, 1440, 17989, 5, 4, 0, 0, 0, 1, 695939, 122587, 14304,
9671587, 158, 144, 9671587, 9036835, 49761, 0, 633960, 621606, 600838, 31499, 783, 1440, 17989, 5, 4, 0, 0, 0, 1, 695939, 122587, 15744,
9671587, 159, 144, 9671587, 9036835, 49761, 0, 633960, 621606, 600838, 31499, 783, 1440, 17989, 5, 4, 0, 0, 0, 1, 695939, 122587, 17184,
9671587, 160, 144, 9671587, 9036835, 49761, 0, 633960, 621606, 600838, 31499, 783, 1440, 17989, 5, 4, 0, 0, 0, 1, 695939, 122587, 18624,
9671587, 161, 144, 9671587, 9036835, 49761, 0, 633960, 621606, 600838, 31499, 783, 1440, 17989, 5, 4, 0, 0, 0, 1, 695939, 122587, 20064,
9671587, 162, 144, 9671587, 9036835, 49761, 0, 633960, 621606, 600838, 31499, 783, 1440, 17989, 5, 4, 0, 0, 0, 1, 695939, 122587, 21504,
9671587, 163, 144, 9671587, 9036835, 49761, 0, 633960, 621606, 600838, 31499, 783, 1440, 17989, 5, 4, 0, 0, 0, 1, 695939, 122587, 22944,
9678083, 164, 144, 9671587, 9036835, 49761, 0, 633960, 621606, 600838, 31499, 783, 1440, 17989, 5, 4, 0, 0, 0, 1, 695939, 122587, 24384,
9696071, 165, 144, 9671587, 9036835, 49761, 0, 633960, 621606, 600838, 31499, 783, 1440, 17989, 5, 4, 0, 0, 0, 1, 695939, 122587, 25824,
9714060, 166, 144, 9671587, 9036835, 49761, 0, 633960, 621606, 600838, 31499, 783, 1440, 17989, 5, 4, 0, 0, 0, 1, 695939, 122587, 27264,
9732048, 167, 144, 9671587, 9036835, 49761, 0, 633960, 621606, 600838, 31499, 783, 1440, 17989, 5, 4, 0, 0, 0, 1, 695939, 122587, 28704,
9746898, 167, 149, 9746898, 9126521, 49761, 0, 611409, 620332, 600838, 37800, 783, 1440, 17952, 5, 4, 0, 0, 0, 1, 695939, 122587, 21504,
9749999, 168, 149, 9746898, 9126521, 49761, 0, 611409, 620332, 600838, 37800, 783, 1440, 17952, 5, 4, 0, 0, 0, 1, 695939, 122587, 22944,
9767951, 169, 149, 9746898, 9126521, 49761, 0, 611409, 620332, 600838, 37800, 783, 1440, 17952, 5, 4, 0, 0, 0, 1, 695939, 122587, 24384,
9785902, 170, 149, 9746898, 9126521, 49761, 0, 611409, 620332, 600838, 37800, 783, 1440, 17952, 5, 4, 0, 0, 0, 1, 695939, 122587, 25824,
9803853, 171, 149, 9746898, 9126521, 49761, 0, 611409, 620332, 600838, 37800, 783, 1440, 17952, 5, 4, 0, 0, 0, 1, 695939, 122587, 27264,
9821805, 172, 149, 9746898, 9126521, 49761, 0, 611409, 620332, 600838, 37800, 783, 1440, 17952, 5, 4, 0, 0, 0, 1, 695939, 122587, 28704,
9822208, 172, 153, 9822208, 9126521, 49761, 0, 611409, 620332, 600838, 37800, 730, 1440, 17952, 5, 4, 0, 0, 0, 1, 695939, 122587, 27264,
9839756, 173, 153, 9822208, 9126521, 49761, 0, 611409, 620332, 600838, 37800, 730, 1440, 17952, 5, 4, 0, 0, 0, 1, 695939, 122587, 28704,
9857708, 174, 153, 9822208, 9126521, 49761, 0, 611409, 620332, 600838, 37800, 730, 1440, 17952, 5, 4, 0, 0, 0, 1, 695939, 122587, 30144,
9875659, 175, 153, 9822208, 9126521, 49761, 0, 611409, 620332, 600838, 37800, 730, 1440, 17952, 5, 4, 0, 0, 0, 1, 695939, 122587, 31584,
9893610, 176, 153, 9822208, 9126521, 49761, 0, 611409, 620332, 600838, 37800, 730, 1440, 17952, 5, 4, 0, 0, 0, 1, 695939, 122587, 33024,
9911562, 177, 153, 9822208, 9126521, 49761, 0, 611409, 620332, 600838, 37800, 730, 1440, 17952, 5, 4, 0, 0, 0, 1, 695939, 122587, 34464,
9929513, 178, 153, 9822208, 9126521, 49761, 0, 611409, 620332, 600838, 37800, 730, 1440, 17952, 5, 4, 0, 0, 0, 1, 695939, 122587, 35904,
9947464, 179, 153, 9822208, 9126521, 49761, 0, 611409, 620332, 600838, 37800, 730, 1440, 17952, 5, 4, 0, 0, 0, 1, 695939, 122587, 37344,
9965416, 180, 153, 9822208, 9126521, 49761, 0, 611409, 620332, 600838, 37800, 730, 1440, 17952, 5, 4, 0, 0, 0, 1, 695939, 122587, 38784,
9983367, 181, 153, 9822208, 9126521, 49761, 0, 611409, 620332, 600838, 37800, 730, 1440, 17952, 5, 4, 0, 0, 0, 1, 695939, 122587, 40224,
10019270, 182, 153, 9822208, 9126521, 49761, 0, 611409, 620332, 600838, 37800, 730, 1440, 17952, 7, 4, 0, 0, 0, 1, 695939, 122587, 39272,
10037222, 183, 153, 9822208, 9126521, 49761, 0, 611409, 620332, 600838, 37800, 730, 1440, 17952, 7, 4, 0, 0, 0, 1, 695939, 122587, 40712,
10055173, 184, 153, 9822208, 9126521, 49761, 0, 611409, 620332, 600838, 37800, 730, 1440, 17952, 7, 4, 0, 0, 0, 1, 695939, 122587, 42152,
10073124, 185, 153, 9822208, 9126521, 49761, 0, 611409, 620332, 600838, 37800, 730, 1440, 17952, 7, 4, 0, 0, 0, 1, 695939, 122587, 43592,
10091076, 186, 153, 9822208, 9126521, 49761, 0, 611409, 620332, 600838, 37800, 730, 1440, 17952, 7, 4, 0, 1, 0, 1, 695939, 122587, 43755,
10109027, 187, 153, 9822208, 9126521, 49761, 0, 611409, 620332, 600838, 37800, 730, 1440, 17952, 7, 4, 0, 1, 0, 1, 695939, 122587, 43810,
10282992, 187, 155, 10282992, 9671587, 49761, 0, 611405, 619217, 600838, 15826, 730, 1440, 17920, 7, 6, 0, 1, 0, 1, 695939, 122587, 42260,
10303978, 187, 156, 10303978, 9671587, 49761, 0, 611405, 619217, 600838, 15826, 730, 1440, 17920, 7, 6, 0, 1, 0, 1, 695939, 122587, 40820,
10354930, 187, 161, 10354930, 9671587, 49761, 0, 677327, 626480, 600838, 27204, 730, 1440, 18130, 7, 6, 0, 1, 0, 1, 677327, 122587, 33620,
10429995, 187, 168, 10429995, 9767951, 49761, 0, 657860, 630402, 600838, 31383, 730, 1440, 18243, 7, 6, 0, 1, 0, 1, 677327, 122587, 23540,
10505060, 187, 175, 10505060, 9893610, 43541, 0, 611410, 628028, 600838, 40941, 402, 1440, 20771, 7, 6, 0, 1, 0, 2, 677327, 122587, 13460,
10505060, 188, 175, 10505060, 9893610, 43541, 0, 611410, 628028, 600838, 40941, 402, 1440, 20771, 7, 6, 0, 0, 0, 2, 677327, 122587, 14900,
10505060, 189, 175, 10505060, 9893610, 43541, 0, 611410, 628028, 600838, 40941, 402, 1440, 20771, 7, 6, 0, 0, 0, 2, 677327, 122587, 16340,
10505060, 190, 175, 10505060, 9893610, 43541, 0, 611410, 628028, 600838, 40941, 402, 1440, 20771, 7, 6, 0, 0, 0, 2, 677327, 122587, 17780,
10505060, 191, 175, 10505060, 9893610, 43541, 0, 611410, 628028, 600838, 40941, 402, 1440, 20771, 7, 6, 0, 0, 0, 2, 677327, 122587, 19220,
10505060, 192, 175, 10505060, 9893610, 43541, 0, 611410, 628028, 600838, 40941, 402, 1440, 20771, 7, 6, 0, 0, 0, 2, 677327, 122587, 20660,
10505060, 193, 175, 10505060, 9893610, 43541, 0, 611410, 628028, 600838, 40941, 402, 1440, 20771, 7, 6, 0, 0, 0, 2, 677327, 122587, 22100,
10505060, 194, 175, 10505060, 9893610, 43541, 0, 611410, 628028, 600838, 40941, 402, 1440, 20771, 7, 6, 0, 0, 0, 2, 677327, 122587, 23540,
10514220, 195, 175, 10505060, 9893610, 43541, 0, 611410, 628028, 600838, 40941, 402, 1440, 20771, 7, 6, 0, 0, 0, 2, 677327, 122587, 24980,
10534990, 196, 175, 10505060, 9893610, 43541, 0, 611410, 628028, 600838, 40941, 402, 1440, 20771, 7, 6, 0, 0, 0, 2, 677327, 122587, 26420,
10555760, 197, 175, 10505060, 9893610, 43541, 0, 611410, 628028, 600838, 40941, 402, 1440, 20771, 7, 6, 0, 0, 0, 2, 677327, 122587, 27860,
10576531, 198, 175, 10505060, 9893610, 43541, 0, 611410, 628028, 600838, 40941, 402, 1440, 20771, 7, 6, 0, 0, 0, 2, 677327, 122587, 29300,
10580125, 198, 179, 10580125, 9965416, 43541, 0, 611405, 625951, 600838, 44227, 402, 1440, 20771, 7, 6, 0, 0, 0, 2, 677327, 122587, 23540,
10597301, 199, 179, 10580125, 9965416, 43541, 0, 611405, 625951, 600838, 44227, 402, 1440, 20771, 7, 6, 0, 0, 0, 2, 677327, 122587, 24980,
10618071, 200, 179, 10580125, 9965416, 43541, 0, 611405, 625951, 600838, 44227, 402, 1440, 20771, 7, 6, 0, 0, 0, 2, 677327, 122587, 26420,
10638842, 201, 179, 10580125, 9965416, 43541, 0, 611405, 625951, 600838, 44227, 402, 1440, 20771, 7, 6, 0, 0, 0, 2, 677327, 122587, 27860,
10655190, 201, 182, 10655190, 10037222, 43541, 0, 611408, 624134, 600838, 45430, 402, 1440, 20771, 7, 6, 0, 0, 0, 2, 677327, 122587, 23540,
10659612, 202, 182, 10655190, 10037222, 43541, 0, 611408, 624134, 600838, 45430, 402, 1440, 20771, 7, 6, 0, 0, 0, 2, 677327, 122587, 24980,
10680382, 203, 182, 10655190, 10037222, 43541, 0, 611408, 624134, 600838, 45430, 402, 1440, 20771, 7, 6, 0, 0, 0, 2, 677327, 122587, 26420,
10701152, 204, 182, 10655190, 10037222, 43541, 0, 611408, 624134, 600838, 45430, 402, 1440, 20771, 7, 6, 0, 0, 0, 2, 677327, 122587, 27860,
10721923, 205, 182, 10655190, 10037222, 43541, 0, 611408, 624134, 600838, 45430, 402, 1440, 20771, 7, 6, 0, 0, 0, 2, 677327, 122587, 29300,
10730255, 205, 186, 10730255, 10037222, 43541, 0, 611408, 624134, 600838, 45430, 402, 1440, 20771, 7, 6, 0, 0, 0, 2, 677327, 122587, 27860,
10742693, 206, 186, 10730255, 10037222, 43541, 0, 611408, 624134, 600838, 45430, 402, 1440, 20771, 7, 6, 0, 0, 0, 2, 677327, 122587, 29300,
10763463, 207, 186, 10730255, 10037222, 43541, 0, 611408, 624134, 600838, 45430, 402, 1440, 20771, 7, 6, 0, 0, 0, 2, 677327, 122587, 30740,
10784234, 208, 186, 10730255, 10037222, 43541, 0, 611408, 624134, 600838, 45430, 402, 1440, 20771, 7, 6, 0, 0, 0, 2, 677327, 122587, 32180,
10805004, 209, 186, 10730255, 10037222, 43541, 0, 611408, 624134, 600838, 45430, 402, 1440, 20771, 7, 6, 0, 0, 0, 2, 677327, 122587, 33620,
10825774, 210, 186, 10730255, 10037222, 43541, 0, 611408, 624134, 600838, 45430, 402, 1440, 20771, 7, 6, 0, 0, 0, 2, 677327, 122587, 35060,
10846545, 211, 186, 10730255, 10037222, 43541, 0, 611408, 624134, 600838, 45430, 402, 1440, 20771, 7, 6, 0, 0, 0, 2, 677327, 122587, 36500,
10867315, 212, 186, 10730255, 10037222, 43541, 0, 611408, 624134, 600838, 45430, 402, 1440, 20771, 7, 6, 0, 0, 0, 2, 677327, 122587, 37940,
10888085, 213, 186, 10730255, 10037222, 43541, 0, 611408, 624134, 600838, 45430, 402, 1440, 20771, 7, 6, 0, 0, 0, 2, 677327, 122587, 39380,
10929626, 214, 186, 10730255, 10037222, 43541, 0, 611408, 624134, 600838, 45430, 402, 1440, 20771, 9, 6, 0, 0, 0, 1, 677327, 122587, 39217,
10950396, 215, 186, 10730255, 10037222, 43541, 0, 611408, 624134, 600838, 45430, 402, 1440, 20771, 9, 6, 0, 0, 0, 1, 677327, 122587, 40657,
10971167, 216, 186, 10730255, 10037222, 43541, 0, 611408, 624134, 600838, 45430, 402, 1440, 20771, 9, 6, 0, 0, 0, 1, 677327, 122587, 42097,
10991937, 217, 186, 10730255, 10037222, 43541, 0, 611408, 624134, 600838, 45430, 402, 1440, 20771, 9, 6, 0, 1, 0, 1, 677327, 122587, 42878,
11012707, 218, 186, 10730255, 10037222, 43541, 0, 611408, 624134, 600838, 45430, 402, 1440, 20771, 9, 6, 0, 1, 0, 1, 677327, 122587, 42933,
11126465, 218, 187, 11126465, 10037222, 43541, 0, 611408, 624134, 600838, 45430, 402, 1440, 20642, 9, 8, 0, 1, 0, 1, 677327, 122587, 42878,
11137451, 218, 188, 11137451, 10037222, 43541, 0, 611408, 624134, 600838, 45430, 434, 1440, 20642, 9, 8, 0, 1, 0, 1, 677327, 122587, 41438,
11148437, 218, 189, 11148437, 10037222, 43541, 0, 611408, 624134, 600838, 45430, 434, 1440, 20642, 9, 8, 0, 1, 0, 1, 677327, 122587, 39998,
11159423, 218, 190, 11159423, 10037222, 43541, 0, 611408, 624134, 600838, 45430, 434, 1440, 20642, 9, 8, 0, 1, 0, 1, 677327, 122587, 38558,
11170409, 218, 191, 11170409, 10037222, 43541, 0, 611408, 624134, 600838, 45430, 434, 1440, 20642, 9, 8, 0, 1, 0, 1, 677327, 122587, 37118,
11170409, 219, 191, 11170409, 10037222, 43541, 0, 611408, 624134, 600838, 45430, 434, 1440, 20642, 9, 8, 0, 1, 0, 1, 677327, 122587, 37173,
11181395, 219, 192, 11181395, 10037222, 43541, 0, 611408, 624134, 600838, 45430, 434, 1440, 20642, 9, 8, 0, 1, 0, 1, 677327, 122587, 35733,
11192381, 219, 193, 11192381, 10037222, 43541, 0, 611408, 624134, 600838, 45430, 434, 1440, 20642, 9, 8, 0, 1, 0, 1, 677327, 122587, 34293,
11203367, 219, 194, 11203367, 10037222, 43541, 0, 611408, 624134, 600838, 45430, 434, 1440, 20642, 9, 8, 0, 1, 0, 1, 677327, 122587, 32853,
11214353, 219, 195, 11214353, 10037222, 43541, 0, 611408, 624134, 600838, 45430, 434, 1440, 20642, 9, 8, 0, 1, 0, 1, 677327, 122587, 31413,
11225339, 219, 196, 11225339, 10037222, 43541, 0, 611408, 624134, 600838, 45430, 434, 1440, 20642, 9, 8, 0, 1, 0, 1, 677327, 122587, 29973,
11236325, 219, 197, 11236325, 10037222, 43541, 0, 611408, 624134, 600838, 45430, 434, 1440, 20642, 9, 8, 0, 1, 0, 1, 677327, 122587, 28533,
11247311, 219, 198, 11247311, 10037222, 43541, 0, 611408, 624134, 600838, 45430, 434, 1440, 20642, 9, 8, 0, 1, 0, 1, 677327, 122587, 27093,
11258297, 219, 199, 11258297, 10037222, 43541, 0, 611408, 624134, 600838, 45430, 434, 1440, 20642, 9, 8, 0, 1, 0, 1, 677327, 122587, 25653,
11258297, 220, 199, 11258297, 10037222, 43541, 0, 611408, 624134, 600838, 45430, 434, 1440, 20642, 9, 8, 0, 1, 0, 1, 677327, 122587, 25708,
11269283, 220, 200, 11269283, 10037222, 43541, 0, 611408, 624134, 600838, 45430, 434, 1440, 20642, 9, 8, 0, 1, 0, 1, 677327, 122587, 24268,
11271017, 220, 200, 11269283, 10037222, 43541, 0, 611408, 624134, 600838, 45430, 434, 1440, 20642, 9, 8, 0, 1, 0, 1, 677327, 122587, 24268,
11271017, 221, 200, 11269283, 10037222, 43541, 0, 611408, 624134, 600838, 45430, 434, 1440, 20642, 9, 8, 0, 0, 0, 1, 677327, 122587, 25708,
11271017, 222, 200, 11269283, 10037222, 43541, 0, 611408, 624134, 600838, 45430, 434, 1440, 20642, 9, 8, 0, 0, 0, 1, 677327, 122587, 27148,
11271017, 223, 200, 11269283, 10037222, 43541, 0, 611408, 624134, 600838, 45430, 434, 1440, 20642, 9, 8, 0, 0, 0, 1, 677327, 122587, 28588,
11271017, 224, 200, 11269283, 10037222, 43541, 0, 611408, 624134, 600838, 45430, 434, 1440, 20642, 9, 8, 0, 0, 0, 1, 677327, 122587, 30028,
11271017, 225, 200, 11269283, 10037222, 43541, 0, 611408, 624134, 600838, 45430, 434, 1440, 20642, 9, 8, 0, 0, 0, 1, 677327, 122587, 31468,
11271017, 226, 200, 11269283, 10037222, 43541, 0, 611408, 624134, 600838, 45430, 434, 1440, 20642, 9, 8, 0, 0, 0, 1, 677327, 122587, 32908,
11271017, 227, 200, 11269283, 10037222, 43541, 0, 611408, 624134, 600838, 45430, 434, 1440, 20642, 9, 8, 0, 0, 0, 1, 677327, 122587, 34348,
11281017, 227, 201, 11281017, 10037222, 43541, 0, 611408, 624134, 600838, 45430, 434, 1440, 20642, 9, 8, 0, 0, 0, 1, 677327, 122587, 32908,
11288041, 228, 201, 11281017, 10037222, 43541, 0, 611408, 624134, 600838, 45430, 434, 1440, 20642, 9, 8, 0, 0, 0, 1, 677327, 122587, 34348,
11301787, 228, 202, 11301787, 10037222, 43541, 0, 611408, 624134, 600838, 45430, 434, 1440, 20642, 9, 8, 0, 0, 0, 1, 677327, 122587, 32908,
11308683, 229, 202, 11301787, 10037222, 43541, 0, 611408, 624134, 600838, 45430, 434, 1440, 20642, 9, 8, 0, 0, 0, 1, 677327, 122587, 34348,
11322557, 229, 203, 11322557, 10037222, 43541, 0, 611408, 624134, 600838, 45430, 434, 1440, 20642, 9, 8, 0, 0, 0, 1, 677327, 122587, 32908,
11329324, 230, 203, 11322557, 10037222, 43541, 0, 611408, 624134, 600838, 45430, 434, 1440, 20642, 9, 8, 0, 0, 0, 1, 677327, 122587, 34348,
11343328, 230, 204, 11343328, 10037222, 43541, 0, 611408, 624134, 600838, 45430, 434, 1440, 20642, 9, 8, 0, 0, 0, 1, 677327, 122587, 32908,
11349966, 231, 204, 11343328, 10037222, 43541, 0, 611408, 624134, 600838, 45430, 434, 1440, 20642, 9, 8, 0, 0, 0, 1, 677327, 122587, 34348,
11364098, 231, 205, 11364098, 10037222, 43541, 0, 611408, 624134, 600838, 45430, 434, 1440, 20642, 9, 8, 0, 0, 0, 1, 677327, 122587, 32908,
11370608, 232, 205, 11364098, 10037222, 43541, 0, 611408, 624134, 600838, 45430, 434, 1440, 20642, 9, 8, 0, 0, 0, 1, 677327, 122587, 34348,
11384868, 232, 206, 11384868, 10037222, 43541, 0, 611408, 624134, 600838, 45430, 434, 1440, 20642, 9, 8, 0, 0, 0, 1, 677327, 122587, 32908,
11391249, 233, 206, 11384868, 10037222, 43541, 0, 611408, 624134, 600838, 45430, 434, 1440, 20642, 9, 8, 0, 0, 0, 1, 677327, 122587, 34348,
11405639, 233, 207, 11405639, 10037222, 43541, 0, 611408, 624134, 600838, 45430, 434, 1440, 20642, 9, 8, 0, 0, 0, 1, 677327, 122587, 32908,
11411891, 234, 207, 11405639, 10037222, 43541, 0, 611408, 624134, 600838, 45430, 434, 1440, 20642, 9, 8, 0, 0, 0, 1, 677327, 122587, 34348,
11426409, 234, 208, 11426409, 10037222, 43541, 0, 611408, 624134, 600838, 45430, 434, 1440, 20642, 9, 8, 0, 0, 0, 1, 677327, 122587, 32908,
11432532, 235, 208, 11426409, 10037222, 43541, 0, 611408, 624134, 600838, 45430, 434, 1440, 20642, 9, 8, 0, 0, 0, 1, 677327, 122587, 34348,
11447179, 235, 209, 11447179, 10037222, 43541, 0, 611408, 624134, 600838, 45430, 434, 1440, 20642, 9, 8, 0, 0, 0, 1, 677327, 122587, 32908,
11453174, 236, 209, 11447179, 10037222, 43541, 0, 611408, 624134, 600838, 45430, 434, 1440, 20642, 9, 8, 0, 0, 0, 1, 677327, 122587, 34348,
11467950, 236, 210, 11467950, 10037222, 43541, 0, 611408, 624134, 600838, 45430, 434, 1440, 20642, 9, 8, 0, 0, 0, 1, 677327, 122587, 32908,
11473815, 237, 210, 11467950, 10037222, 43541, 0, 611408, 624134, 600838, 45430, 434, 1440, 20642, 9, 8, 0, 0, 0, 1, 677327, 122587, 34348,
11488720, 237, 211, 11488720, 10037222, 43541, 0, 611408, 624134, 600838, 45430, 434, 1440, 20642, 9, 8, 0, 0, 0, 1, 677327, 122587, 32908,
11494457, 238, 211, 11488720, 10037222, 43541, 0, 611408, 624134, 600838, 45430, 434, 1440, 20642, 9, 8, 0, 0, 0, 1, 677327, 122587, 34348,
11509490, 238, 212, 11509490, 10037222, 43541, 0, 611408, 624134, 600838, 45430, 434, 1440, 20642, 9, 8, 0, 0, 0, 1, 677327, 122587, 32908,
11515098, 239, 212, 11509490, 10037222, 43541, 0, 611408, 624134, 600838, 45430, 434, 1440, 20642, 9, 8, 0, 0, 0, 1, 677327, 122587, 34348,
11535740, 240, 212, 11509490, 10037222, 43541, 0, 611408, 624134, 600838, 45430, 434, 1440, 20642, 9, 8, 0, 0, 0, 1, 677327, 122587, 35788,
11551031, 240, 213, 11551031, 10037222, 43541, 0, 611408, 624134, 600838, 45430, 434, 1440, 20642, 9, 8, 0, 0, 0, 1, 677327, 122587, 34348,
11556381, 241, 213, 11551031, 10037222, 43541, 0, 611408, 624134, 600838, 45430, 434, 1440, 20642, 9, 8, 0, 0, 0, 1, 677327, 122587, 35788,
11571801, 241, 214, 11571801, 10037222, 43541, 0, 611408, 624134, 600838, 45430, 434, 1440, 20642, 9, 8, 0, 0, 0, 1, 677327, 122587, 34348,
11577023, 242, 214, 11571801, 10037222, 43541, 0, 611408, 624134, 600838, 45430, 434, 1440, 20642, 9, 8, 0, 0, 0, 1, 677327, 122587, 35788,
11592572, 242, 215, 11592572, 10037222, 43541, 0, 611408, 624134, 600838, 45430, 434, 1440, 20642, 9, 8, 0, 0, 0, 1, 677327, 122587, 34348,
11597664, 243, 215, 11592572, 10037222, 43541, 0, 611408, 624134, 600838, 45430, 434, 1440, 20642, 9, 8, 0, 0, 0, 1, 677327, 122587, 35788,
11608314, 243, 216, 11608314, 10037222, 43541, 0, 611408, 624134, 600838, 45430, 434, 1440, 20642, 9, 8, 0, 0, 0, 1, 677327, 122587, 34348,
11618306, 244, 216, 11608314, 10037222, 43541, 0, 611408, 624134, 600838, 45430, 434, 1440, 20642, 9, 8, 0, 0, 0, 1, 677327, 122587, 35788,
11623545, 244, 217, 11623545, 10037222, 43541, 0, 611408, 624134, 600838, 45430, 434, 1440, 20642, 9, 8, 0, 0, 0, 1, 677327, 122587, 35007,
11638947, 245, 217, 11623545, 10037222, 43541, 0, 611408, 624134, 600838, 45430, 434, 1440, 20642, 9, 8, 0, 0, 0, 1, 677327, 122587, 36447,
11659589, 246, 217, 11623545, 10037222, 43541, 0, 611408, 624134, 600838, 45430, 434, 1440, 20642, 9, 8, 0, 0, 0, 1, 677327, 122587, 37887,
11680230, 247, 217, 11623545, 10037222, 43541, 0, 611408, 624134, 600838, 45430, 434, 1440, 20642, 9, 8, 0, 0, 0, 1, 677327, 122587, 39327,
11700872, 248, 217, 11623545, 10037222, 43541, 0, 611408, 624134, 600838, 45430, 434, 1440, 20642, 9, 8, 0, 0, 0, 1, 677327, 122587, 40767,
11721514, 249, 217, 11623545, 10037222, 43541, 0, 611408, 624134, 600838, 45430, 434, 1440, 20642, 9, 8, 0, 1, 0, 1, 677327, 122587, 41426,
11742155, 250, 217, 11623545, 10037222, 43541, 0, 611408, 624134, 600838, 45430, 434, 1440, 20642, 9, 8, 0, 1, 0, 1, 677327, 122587, 41481,
11882422, 250, 220, 11882422, 11271017, 43541, 0, 611405, 622543, 600838, 45430, 2288, 1440, 20589, 9, 8, 0, 1, 0, 1, 677327, 122587, 39876,
11903408, 250, 221, 11903408, 11271017, 43541, 0, 611405, 622543, 600838, 45430, 2288, 1440, 20589, 9, 8, 0, 1, 0, 1, 677327, 122587, 38436,
11914394, 250, 222, 11914394, 11271017, 43541, 0, 611405, 622543, 600838, 45430, 2288, 1440, 20589, 9, 8, 0, 1, 0, 1, 677327, 122587, 36996,
11925380, 250, 223, 11925380, 11271017, 43541, 0, 611405, 622543, 600838, 45430, 2288, 1440, 20589, 9, 8, 0, 1, 0, 1, 677327, 122587, 35556,
11936366, 250, 224, 11936366, 11271017, 43541, 0, 611405, 622543, 600838, 45430, 2288, 1440, 20589, 9, 8, 0, 1, 0, 1, 677327, 122587, 34116,
11947352, 250, 225, 11947352, 11271017, 43541, 0, 611405, 622543, 600838, 45430, 2288, 1440, 20589, 9, 8, 0, 1, 0, 1, 677327, 122587, 32676,
11958338, 250, 226, 11958338, 11271017, 43541, 0, 611405, 622543, 600838, 45430, 2288, 1440, 20589, 9, 8, 0, 1, 0, 1, 677327, 122587, 31236,
11958338, 251, 226, 11958338, 11271017, 43541, 0, 611405, 622543, 600838, 45430, 2288, 1440, 20589, 9, 8, 0, 1, 0, 1, 677327, 122587, 31291,
11969324, 251, 227, 11969324, 11271017, 43541, 0, 611405, 622543, 600838, 45430, 2288, 1440, 20589, 9, 8, 0, 1, 0, 1, 677327, 122587, 29851,
11980310, 251, 228, 11980310, 11271017, 43541, 0, 611405, 622543, 600838, 45430, 2288, 1440, 20589, 9, 8, 0, 1, 0, 1, 677327, 122587, 28411,
11991296, 251, 229, 11991296, 11271017, 43541, 0, 611405, 622543, 600838, 45430, 2288, 1440, 20589, 9, 8, 0, 1, 0, 1, 677327, 122587, 26971,
12002282, 251, 230, 12002282, 11271017, 43541, 0, 611405, 622543, 600838, 45430, 2288, 1440, 20589, 9, 8, 0, 1, 0, 1, 677327, 122587, 25531,
12013268, 251, 231, 12013268, 11271017, 43541, 0, 611405, 622543, 600838, 45430, 2288, 1440, 20589, 9, 8, 0, 1, 0, 1, 677327, 122587, 24091,
12024254, 251, 232, 12024254, 11271017, 43541, 0, 611405, 622543, 600838, 45430, 2288, 1440, 20589, 9, 8, 0, 1, 0, 1, 677327, 122587, 22651,
12035240, 251, 233, 12035240, 11271017, 43541, 0, 611405, 622543, 600838, 45430, 2288, 1440, 20589, 9, 8, 0, 1, 0, 1, 677327, 122587, 21211,
12043937, 251, 233, 12035240, 11271017, 43541, 0, 611405, 622543, 600838, 45430, 2288, 1440, 20589, 9, 8, 0, 1, 0, 1, 677327, 122587, 21211,
12043937, 252, 233, 12035240, 11271017, 43541, 0, 611405, 622543, 600838, 45430, 2288, 1440, 20589, 9, 8, 0, 0, 0, 1, 677327, 122587, 22651,
12043937, 253, 233, 12035240, 11271017, 43541, 0, 611405, 622543, 600838, 45430, 2288, 1440, 20589, 9, 8, 0, 0, 0, 1, 677327, 122587, 24091,
12043937, 254, 233, 12035240, 11271017, 43541, 0, 611405, 622543, 600838, 45430, 2288, 1440, 20589, 9, 8, 0, 0, 0, 1, 677327, 122587, 25531,
12043937, 255, 233, 12035240, 11271017, 43541, 0, 611405, 622543, 600838, 45430, 2288, 1440, 20589, 9, 8, 0, 0, 0, 1, 677327, 122587, 26971,
12043937, 256, 233, 12035240, 11271017, 43541, 0, 611405, 622543, 600838, 45430, 2288, 1440, 20589, 9, 8, 0, 0, 0, 1, 677327, 122587, 28411,
12043937, 257, 233, 12035240, 11271017, 43541, 0, 611405, 622543, 600838, 45430, 2288, 1440, 20589, 9, 8, 0, 0, 0, 1, 677327, 122587, 29851,
12043937, 258, 233, 12035240, 11271017, 43541, 0, 611405, 622543, 600838, 45430, 2288, 1440, 20589, 9, 8, 0, 0, 0, 1, 677327, 122587, 31291,
12053017, 259, 233, 12035240, 11271017, 43541, 0, 611405, 622543, 600838, 45430, 2288, 1440, 20589, 9, 8, 0, 0, 0, 1, 677327, 122587, 32731,
12053937, 259, 234, 12053937, 11271017, 43541, 0, 611405, 622543, 600838, 45430, 2288, 1440, 20589, 9, 8, 0, 0, 0, 1, 677327, 122587, 31291,
12073606, 260, 234, 12053937, 11271017, 43541, 0, 611405, 622543, 600838, 45430, 2288, 1440, 20589, 9, 8, 0, 0, 0, 1, 677327, 122587, 32731,
12074579, 260, 235, 12074579, 11271017, 43541, 0, 611405, 622543, 600838, 45430, 2288, 1440, 20589, 9, 8, 0, 0, 0, 1, 677327, 122587, 31291,
12094194, 261, 235, 12074579, 11271017, 43541, 0, 611405, 622543, 600838, 45430, 2288, 1440, 20589, 9, 8, 0, 0, 0, 1, 677327, 122587, 32731,
12095220, 261, 236, 12095220, 11271017, 43541, 0, 611405, 622543, 600838, 45430, 2288, 1440, 20589, 9, 8, 0, 0, 0, 1, 677327, 122587, 31291,
12114783, 262, 236, 12095220, 11271017, 43541, 0, 611405, 622543, 600838, 45430, 2288, 1440, 20589, 9, 8, 0, 0, 0, 1, 677327, 122587, 32731,
12115862, 262, 237, 12115862, 11271017, 43541, 0, 611405, 622543, 600838, 45430, 2288, 1440, 20589, 9, 8, 0, 0, 0, 1, 677327, 122587, 31291,
12135372, 263, 237, 12115862, 11271017, 43541, 0, 611405, 622543, 600838, 45430, 2288, 1440, 20589, 9, 8, 0, 0, 0, 1, 677327, 122587, 32731,
12136503, 263, 238, 12136503, 11271017, 43541, 0, 611405, 622543, 600838, 45430, 2288, 1440, 20589, 9, 8, 0, 0, 0, 1, 677327, 122587, 31291,
12155961, 264, 238, 12136503, 11271017, 43541, 0, 611405, 622543, 600838, 45430, 2288, 1440, 20589, 9, 8, 0, 0, 0, 1, 677327, 122587, 32731,
12157145, 264, 239, 12157145, 11271017, 43541, 0, 611405, 622543, 600838, 45430, 2288, 1440, 20589, 9, 8, 0, 0, 0, 1, 677327, 122587, 31291,
12176550, 265, 239, 12157145, 11271017, 43541, 0, 611405, 622543, 600838, 45430, 2288, 1440, 20589, 9, 8, 0, 0, 0, 1, 677327, 122587, 32731,
12177786, 265, 240, 12177786, 11271017, 43541, 0, 611405, 622543, 600838, 45430, 2288, 1440, 20589, 9, 8, 0, 0, 0, 1, 677327, 122587, 31291,
12197139, 266, 240, 12177786, 11271017, 43541, 0, 611405, 622543, 600838, 45430, 2288, 1440, 20589, 9, 8, 0, 0, 0, 1, 677327, 122587, 32731,
12198428, 266, 241, 12198428, 11271017, 43541, 0, 611405, 622543, 600838, 45430, 2288, 1440, 20589, 9, 8, 0, 0, 0, 1, 677327, 122587, 31291,
12217728, 267, 241, 12198428, 11271017, 43541, 0, 611405, 622543, 600838, 45430, 2288, 1440, 20589, 9, 8, 0, 0, 0, 1, 677327, 122587, 32731,
12219069, 267, 242, 12219069, 11271017, 43541, 0, 611405, 622543, 600838, 45430, 2288, 1440, 20589, 9, 8, 0, 0, 0, 1, 677327, 122587, 31291,
12238317, 268, 242, 12219069, 11271017, 43541, 0, 611405, 622543, 600838, 45430, 2288, 1440, 20589, 9, 8, 0, 0, 0, 1, 677327, 122587, 32731,
12239711, 268, 243, 12239711, 11271017, 43541, 0, 611405, 622543, 600838, 45430, 2288, 1440, 20589, 9, 8, 0, 0, 0, 1, 677327, 122587, 31291,
12258906, 269, 243, 12239711, 11271017, 43541, 0, 611405, 622543, 600838, 45430, 2288, 1440, 20589, 9, 8, 0, 0, 0, 1, 677327, 122587, 32731,
12260352, 269, 244, 12260352, 11271017, 43541, 0, 611405, 622543, 600838, 45430, 2288, 1440, 20589, 9, 8, 0, 0, 0, 1, 677327, 122587, 31291,
12279495, 270, 244, 12260352, 11271017, 43541, 0, 611405, 622543, 600838, 45430, 2288, 1440, 20589, 9, 8, 0, 0, 0, 1, 677327, 122587, 32731,
12280994, 270, 245, 12280994, 11271017, 43541, 0, 611405, 622543, 600838, 45430, 2288, 1440, 20589, 9, 8, 0, 0, 0, 1, 677327, 122587, 31291,
12300084, 271, 245, 12280994, 11271017, 43541, 0, 611405, 622543, 600838, 45430, 2288, 1440, 20589, 9, 8, 0, 0, 0, 1, 677327, 122587, 32731,
12301635, 271, 246, 12301635, 11271017, 43541, 0, 611405, 622543, 600838, 45430, 2288, 1440, 20589, 9, 8, 0, 0, 0, 1, 677327, 122587, 31291,
12320673, 272, 246, 12301635, 11271017, 43541, 0, 611405, 622543, 600838, 45430, 2288, 1440, 20589, 9, 8, 0, 0, 0, 1, 677327, 122587, 32731,
12322277, 272, 247, 12322277, 11271017, 43541, 0, 611405, 622543, 600838, 45430, 2288, 1440, 20589, 9, 8, 0, 0, 0, 1, 677327, 122587, 31291,
12336960, 272, 248, 12336960, 11271017, 43541, 0, 611405, 622543, 600838, 45430, 2288, 1440, 20589, 9, 8, 0, 0, 0, 1, 677327, 122587, 30632,
12341261, 273, 248, 12336960, 11271017, 43541, 0, 611405, 622543, 600838, 45430, 2288, 1440, 20589, 9, 8, 0, 0, 0, 1, 677327, 122587, 32072,
12352993, 273, 249, 12352993, 11271017, 43541, 0, 611405, 622543, 600838, 45430, 2288, 1440, 20589, 9, 8, 0, 0, 0, 1, 677327, 122587, 32017,
12361850, 274, 249, 12352993, 11271017, 43541, 0, 611405, 622543, 600838, 45430, 2288, 1440, 20589, 9, 8, 0, 0, 0, 1, 677327, 122587, 33457,
12382439, 275, 249, 12352993, 11271017, 43541, 0, 611405, 622543, 600838, 45430, 2288, 1440, 20589, 9, 8, 0, 0, 0, 1, 677327, 122587, 34897,
12403028, 276, 249, 12352993, 11271017, 43541, 0, 611405, 622543, 600838, 45430, 2288, 1440, 20589, 9, 8, 0, 0, 0, 1, 677327, 122587, 36337,
12423617, 277, 249, 12352993, 11271017, 43541, 0, 611405, 622543, 600838, 45430, 2288, 1440, 20589, 9, 8, 0, 0, 0, 1, 677327, 122587, 37777,
12444206, 278, 249, 12352993, 11271017, 43541, 0, 611405, 622543, 600838, 45430, 2288, 1440, 20589, 9, 8, 0, 0, 0, 1, 677327, 122587, 39217,
12464795, 279, 249, 12352993, 11271017, 43541, 0, 611405, 622543, 600838, 45430, 2288, 1440, 20589, 9, 8, 0, 0, 0, 1, 677327, 122587, 40657,
12485384, 280, 249, 12352993, 11271017, 43541, 0, 611405, 622543, 600838, 45430, 2288, 1440, 20589, 9, 8, 0, 1, 0, 1, 677327, 122587, 41316,
12505973, 281, 249, 12352993, 11271017, 43541, 0, 611405, 622543, 600838, 45430, 2288, 1440, 20589, 9, 8, 0, 1, 0, 1, 677327, 122587, 41371,
12655342, 281, 251, 12655342, 12043937, 43541, 0, 611405, 621151, 600838, 52519, 2205, 1440, 20543, 9, 8, 0, 1, 0, 1, 677327, 122587, 39876,
12676328, 281, 252, 12676328, 12043937, 43541, 0, 611405, 621151, 600838, 52519, 2205, 1440, 20543, 9, 8, 0, 1, 0, 1, 677327, 122587, 38436,
12687314, 281, 253, 12687314, 12043937, 43541, 0, 611405, 621151, 600838, 52519, 2205, 1440, 20543, 9, 8, 0, 1, 0, 1, 677327, 122587, 36996,
12698300, 281, 254, 12698300, 12043937, 43541, 0, 611405, 621151, 600838, 52519, 2205, 1440, 20543, 9, 8, 0, 1, 0, 1, 677327, 122587, 35556,
12709286, 281, 255, 12709286, 12043937, 43541, 0, 611405, 621151, 600838, 52519, 2205, 1440, 20543, 9, 8, 0, 1, 0, 1, 677327, 122587, 34116,
12720272, 281, 256, 12720272, 12043937, 43541, 0, 611405, 621151, 600838, 52519, 2205, 1440, 20543, 9, 8, 0, 1, 0, 1, 677327, 122587, 32676,
12731258, 281, 257, 12731258, 12043937, 43541, 0, 611405, 621151, 600838, 52519, 2205, 1440, 20543, 9, 8, 0, 1, 0, 1, 677327, 122587, 31236,
12742244, 281, 258, 12742244, 12043937, 43541, 0, 611405, 621151, 600838, 52519, 2205, 1440, 20543, 9, 8, 0, 1, 0, 1, 677327, 122587, 29796,
12742244, 282, 258, 12742244, 12043937, 43541, 0, 611405, 621151, 600838, 52519, 2205, 1440, 20543, 9, 8, 0, 1, 0, 1, 677327, 122587, 29851,
12753230, 282, 259, 12753230, 12043937, 43541, 0, 611405, 621151, 600838, 52519, 2205, 1440, 20543, 9, 8, 0, 1, 0, 1, 677327, 122587, 28411,
12764216, 282, 260, 12764216, 12043937, 43541, 0, 611405, 621151, 600838, 52519, 2205, 1440, 20543, 9, 8, 0, 1, 0, 1, 677327, 122587, 26971,
12775202, 282, 261, 12775202, 12043937, 43541, 0, 611405, 621151, 600838, 52519, 2205, 1440, 20543, 9, 8, 0, 1, 0, 1, 677327, 122587, 25531,
12786188, 282, 262, 12786188, 12043937, 43541, 0, 611405, 621151, 600838, 52519, 2205, 1440, 20543, 9, 8, 0, 1, 0, 1, 677327, 122587, 24091,
12797174, 282, 263, 12797174, 12043937, 43541, 0, 611405, 621151, 600838, 52519, 2205, 1440, 20543, 9, 8, 0, 1, 0, 1, 677327, 122587, 22651,
12808160, 282, 264, 12808160, 12043937, 43541, 0, 611405, 621151, 600838, 52519, 2205, 1440, 20543, 9, 8, 0, 1, 0, 1, 677327, 122587, 21211,
12809146, 282, 264, 12808160, 12043937, 43541, 0, 611405, 621151, 600838, 52519, 2205, 1440, 20543, 9, 8, 0, 1, 0, 1, 677327, 122587, 21211,
12809146, 283, 264, 12808160, 12043937, 43541, 0, 611405, 621151, 600838, 52519, 2205, 1440, 20543, 9, 8, 0, 0, 0, 1, 677327, 122587, 22651,
12809146, 284, 264, 12808160, 12043937, 43541, 0, 611405, 621151, 600838, 52519, 2205, 1440, 20543, 9, 8, 0, 0, 0, 1, 677327, 122587, 24091,
12809146, 285, 264, 12808160, 12043937, 43541, 0, 611405, 621151, 600838, 52519, 2205, 1440, 20543, 9, 8, 0, 0, 0, 1, 677327, 122587, 25531,
12809146, 286, 264, 12808160, 12043937, 43541, 0, 611405, 621151, 600838, 52519, 2205, 1440, 20543, 9, 8, 0, 0, 0, 1, 677327, 122587, 26971,
12809146, 287, 264, 12808160, 12043937, 43541, 0, 611405, 621151, 600838, 52519, 2205, 1440, 20543, 9, 8, 0, 0, 0, 1, 677327, 122587, 28411,
12809146, 288, 264, 12808160, 12043937, 43541, 0, 611405, 621151, 600838, 52519, 2205, 1440, 20543, 9, 8, 0, 0, 0, 1, 677327, 122587, 29851,
12809146, 289, 264, 12808160, 12043937, 43541, 0, 611405, 621151, 600838, 52519, 2205, 1440, 20543, 9, 8, 0, 0, 0, 1, 677327, 122587, 31291,
12818205, 290, 264, 12808160, 12043937, 43541, 0, 611405, 621151, 600838, 52519, 2205, 1440, 20543, 9, 8, 0, 0, 0, 1, 677327, 122587, 32731,
12819146, 290, 265, 12819146, 12043937, 43541, 0, 611405, 621151, 600838, 52519, 2205, 1440, 20543, 9, 8, 0, 0, 0, 1, 677327, 122587, 31291,
12838748, 291, 265, 12819146, 12043937, 43541, 0, 611405, 621151, 600838, 52519, 2205, 1440, 20543, 9, 8, 0, 0, 0, 1, 677327, 122587, 32731,
12839133, 291, 266, 12839133, 12043937, 43541, 0, 611405, 621151, 600838, 52519, 2205, 1440, 20543, 9, 8, 0, 0, 0, 1, 677327, 122587, 31291,
12859291, 292, 266, 12839133, 12043937, 43541, 0, 611405, 621151, 600838, 52519, 2205, 1440, 20543, 9, 8, 0, 0, 0, 1, 677327, 122587, 32731,
12859722, 292, 267, 12859722, 12043937, 43541, 0, 611405, 621151, 600838, 52519, 2205, 1440, 20543, 9, 8, 0, 0, 0, 1, 677327, 122587, 31291,
12879834, 293, 267, 12859722, 12043937, 43541, 0, 611405, 621151, 600838, 52519, 2205, 1440, 20543, 9, 8, 0, 0, 0, 1, 677327, 122587, 32731,
12880311, 293, 268, 12880311, 12043937, 43541, 0, 611405, 621151, 600838, 52519, 2205, 1440, 20543, 9, 8, 0, 0, 0, 1, 677327, 122587, 31291,
12900377, 294, 268, 12880311, 12043937, 43541, 0, 611405, 621151, 600838, 52519, 2205, 1440, 20543, 9, 8, 0, 0, 0, 1, 677327, 122587, 32731,
12900900, 294, 269, 12900900, 12043937, 43541, 0, 611405, 621151, 600838, 52519, 2205, 1440, 20543, 9, 8, 0, 0, 0, 1, 677327, 122587, 31291,
12920920, 295, 269, 12900900, 12043937, 43541, 0, 611405, 621151, 600838, 52519, 2205, 1440, 20543, 9, 8, 0, 0, 0, 1, 677327, 122587, 32731,
12921489, 295, 270, 12921489, 12043937, 43541, 0, 611405, 621151, 600838, 52519, 2205, 1440, 20543, 9, 8, 0, 0, 0, 1, 677327, 122587, 31291,
12941463, 296, 270, 12921489, 12043937, 43541, 0, 611405, 621151, 600838, 52519, 2205, 1440, 20543, 9, 8, 0, 0, 0, 1, 677327, 122587, 32731,
12942078, 296, 271, 12942078, 12043937, 43541, 0, 611405, 621151, 600838, 52519, 2205, 1440, 20543, 9, 8, 0, 0, 0, 1, 677327, 122587, 31291,
12962005, 297, 271, 12942078, 12043937, 43541, 0, 611405, 621151, 600838, 52519, 2205, 1440, 20543, 9, 8, 0, 0, 0, 1, 677327, 122587, 32731,
12962666, 297, 272, 12962666, 12043937, 43541, 0, 611405, 621151, 600838, 52519, 2205, 1440, 20543, 9, 8, 0, 0, 0, 1, 677327, 122587, 31291,
12982548, 298, 272, 12962666, 12043937, 43541, 0, 611405, 621151, 600838, 52519, 2205, 1440, 20543, 9, 8, 0, 0, 0, 1, 677327, 122587, 32731,
12983255, 298, 273, 12983255, 12043937, 43541, 0, 611405, 621151, 600838, 52519, 2205, 1440, 20543, 9, 8, 0, 0, 0, 1, 677327, 122587, 31291,
13003091, 299, 273, 12983255, 12043937, 43541, 0, 611405, 621151, 600838, 52519, 2205, 1440, 20543, 9, 8, 0, 0, 0, 1, 677327, 122587, 32731,
13003844, 299, 274, 13003844, 12043937, 43541, 0, 611405, 621151, 600838, 52519, 2205, 1440, 20543, 9, 8, 0, 0, 0, 1, 677327, 122587, 31291,
13023634, 300, 274, 13003844, 12043937, 43541, 0, 611405, 621151, 600838, 52519, 2205, 1440, 20543, 9, 8, 0, 0, 0, 1, 677327, 122587, 32731,
13024433, 300, 275, 13024433, 12043937, 43541, 0, 611405, 621151, 600838, 52519, 2205, 1440, 20543, 9, 8, 0, 0, 0, 1, 677327, 122587, 31291,
13044177, 301, 275, 13024433, 12043937, 43541, 0, 611405, 621151, 600838, 52519, 2205, 1440, 20543, 9, 8, 0, 0, 0, 1, 677327, 122587, 32731,
13045022, 301, 276, 13045022, 12043937, 43541, 0, 611405, 621151, 600838, 52519, 2205, 1440, 20543, 9, 8, 0, 0, 0, 1, 677327, 122587, 31291,
13064720, 302, 276, 13045022, 12043937, 43541, 0, 611405, 621151, 600838, 52519, 2205, 1440, 20543, 9, 8, 0, 0, 0, 1, 677327, 122587, 32731,
13065611, 302, 277, 13065611, 12043937, 43541, 0, 611405, 621151, 600838, 52519, 2205, 1440, 20543, 9, 8, 0, 0, 0, 1, 677327, 122587, 31291,
13085263, 303, 277, 13065611, 12043937, 43541, 0, 611405, 621151, 600838, 52519, 2205, 1440, 20543, 9, 8, 0, 0, 0, 1, 677327, 122587, 32731,
13086200, 303, 278, 13086200, 12043937, 43541, 0, 611405, 621151, 600838, 52519, 2205, 1440, 20543, 9, 8, 0, 0, 0, 1, 677327, 122587, 31291,
13100830, 303, 279, 13100830, 12043937, 43541, 0, 611405, 621151, 600838, 52519, 2205, 1440, 20543, 9, 8, 0, 0, 0, 1, 677327, 122587, 30632,
13105806, 304, 279, 13100830, 12043937, 43541, 0, 611405, 621151, 600838, 52519, 2205, 1440, 20543, 9, 8, 0, 0, 0, 1, 677327, 122587, 32072,
13116811, 304, 280, 13116811, 12043937, 43541, 0, 611405, 621151, 600838, 52519, 2205, 1440, 20543, 9, 8, 0, 0, 0, 1, 677327, 122587, 32017,
13126348, 305, 280, 13116811, 12043937, 43541, 0, 611405, 621151, 600838, 52519, 2205, 1440, 20543, 9, 8, 0, 0, 0, 1, 677327, 122587, 33457,
13146891, 306, 280, 13116811, 12043937, 43541, 0, 611405, 621151, 600838, 52519, 2205, 1440, 20543, 9, 8, 0, 0, 0, 1, 677327, 122587, 34897,
13167434, 307, 280, 13116811, 12043937, 43541, 0, 611405, 621151, 600838, 52519, 2205, 1440, 20543, 9, 8, 0, 0, 0, 1, 677327, 122587, 36337,
13187977, 308, 280, 13116811, 12043937, 43541, 0, 611405, 621151, 600838, 52519, 2205, 1440, 20543, 9, 8, 0, 0, 0, 1, 677327, 122587, 37777,
13208520, 309, 280, 13116811, 12043937, 43541, 0, 611405, 621151, 600838, 52519, 2205, 1440, 20543, 9, 8, 0, 0, 0, 1, 677327, 122587, 39217,
13229063, 310, 280, 13116811, 12043937, 43541, 0, 611405, 621151, 600838, 52519, 2205, 1440, 20543, 9, 8, 0, 0, 0, 1, 677327, 122587, 40657,
13249606, 311, 280, 13116811, 12043937, 43541, 0, 611405, 621151, 600838, 52519, 2205, 1440, 20543, 9, 8, 0, 1, 0, 1, 677327, 122587, 41316,
13270149, 312, 280, 13116811, 12043937, 43541, 0, 611405, 621151, 600838, 52519, 2205, 1440, 20543, 9, 8, 0, 1, 0, 1, 677327, 122587, 41371,
13420551, 312, 282, 13420551, 12809146, 43541, 0, 611405, 619933, 600838, 53048, 2228, 1440, 20503, 9, 8, 0, 1, 0, 1, 657860, 122587, 39876,
13441537, 312, 283, 13441537, 12809146, 43541, 0, 611405, 619933, 600838, 53048, 2228, 1440, 20503, 9, 8, 0, 1, 0, 1, 657860, 122587, 38436,
13452523, 312, 284, 13452523, 12809146, 43541, 0, 611405, 619933, 600838, 53048, 2228, 1440, 20503, 9, 8, 0, 1, 0, 1, 657860, 122587, 36996,
13463509, 312, 285, 13463509, 12809146, 43541, 0, 611405, 619933, 600838, 53048, 2228, 1440, 20503, 9, 8, 0, 1, 0, 1, 657860, 122587, 35556,
13474495, 312, 286, 13474495, 12809146, 43541, 0, 611405, 619933, 600838, 53048, 2228, 1440, 20503, 9, 8, 0, 1, 0, 1, 657860, 122587, 34116,
13485481, 312, 287, 13485481, 12809146, 43541, 0, 611405, 619933, 600838, 53048, 2228, 1440, 20503, 9, 8, 0, 1, 0, 1, 657860, 122587, 32676,
13496467, 312, 288, 13496467, 12809146, 43541, 0, 611405, 619933, 600838, 53048, 2228, 1440, 20503, 9, 8, 0, 1, 0, 1, 657860, 122587, 31236,
13507453, 312, 289, 13507453, 12809146, 43541, 0, 611405, 619933, 600838, 53048, 2228, 1440, 20503, 9, 8, 0, 1, 0, 1, 657860, 122587, 29796,
13507453, 313, 289, 13507453, 12809146, 43541, 0, 611405, 619933, 600838, 53048, 2228, 1440, 20503, 9, 8, 0, 1, 0, 1, 657860, 122587, 29851,
13518439, 313, 290, 13518439, 12809146, 43541, 0, 611405, 619933, 600838, 53048, 2228, 1440, 20503, 9, 8, 0, 1, 0, 1, 657860, 122587, 28411,
13529425, 313, 291, 13529425, 12809146, 43541, 0, 611405, 619933, 600838, 53048, 2228, 1440, 20503, 9, 8, 0, 1, 0, 1, 657860, 122587, 26971,
13540411, 313, 292, 13540411, 12809146, 43541, 0, 611405, 619933, 600838, 53048, 2228, 1440, 20503, 9, 8, 0, 1, 0, 1, 657860, 122587, 25531,
13551397, 313, 293, 13551397, 12809146, 43541, 0, 611405, 619933, 600838, 53048, 2228, 1440, 20503, 9, 8, 0, 1, 0, 1, 657860, 122587, 24091,
13562383, 313, 294, 13562383, 12809146, 43541, 0, 611405, 619933, 600838, 53048, 2228, 1440, 20503, 9, 8, 0, 1, 0, 1, 657860, 122587, 22651,
13573369, 313, 295, 13573369, 12809146, 43541, 0, 611405, 619933, 600838, 53048, 2228, 1440, 20503, 9, 8, 0, 1, 0, 1, 657860, 122587, 21211,
13574355, 313, 295, 13573369, 12809146, 43541, 0, 611405, 619933, 600838, 53048, 2228, 1440, 20503, 9, 8, 0, 1, 0, 1, 657860, 122587, 21211,
13574355, 314, 295, 13573369, 12809146, 43541, 0, 611405, 619933, 600838, 53048, 2228, 1440, 20503, 9, 8, 0, 0, 0, 1, 657860, 122587, 22651,
13574355, 315, 295, 13573369, 12809146, 43541, 0, 611405, 619933, 600838, 53048, 2228, 1440, 20503, 9, 8, 0, 0, 0, 1, 657860, 122587, 24091,
13574355, 316, 295, 13573369, 12809146, 43541, 0, 611405, 619933, 600838, 53048, 2228, 1440, 20503, 9, 8, 0, 0, 0, 1, 657860, 122587, 25531,
13574355, 317, 295, 13573369, 12809146, 43541, 0, 611405, 619933, 600838, 53048, 2228, 1440, 20503, 9, 8, 0, 0, 0, 1, 657860, 122587, 26971,
13574355, 318, 295, 13573369, 12809146, 43541, 0, 611405, 619933, 600838, 53048, 2228, 1440, 20503, 9, 8, 0, 0, 0, 1, 657860, 122587, 28411,
13574355, 319, 295, 13573369, 12809146, 43541, 0, 611405, 619933, 600838, 53048, 2228, 1440, 20503, 9, 8, 0, 0, 0, 1, 657860, 122587, 29851,
13574355, 320, 295, 13573369, 12809146, 43541, 0, 611405, 619933, 600838, 53048, 2228, 1440, 20503, 9, 8, 0, 0, 0, 1, 657860, 122587, 31291,
13583397, 321, 295, 13573369, 12809146, 43541, 0, 611405, 619933, 600838, 53048, 2228, 1440, 20503, 9, 8, 0, 0, 0, 1, 657860, 122587, 32731,
13584355, 321, 296, 13584355, 12809146, 43541, 0, 611405, 619933, 600838, 53048, 2228, 1440, 20503, 9, 8, 0, 0, 0, 1, 657860, 122587, 31291,
13603899, 322, 296, 13584355, 12809146, 43541, 0, 611405, 619933, 600838, 53048, 2228, 1440, 20503, 9, 8, 0, 0, 0, 1, 657860, 122587, 32731,
13603953, 322, 297, 13603953, 12809146, 43541, 0, 611405, 619933, 600838, 53048, 2228, 1440, 20503, 9, 8, 0, 0, 0, 1, 657860, 122587, 31291,
13624402, 323, 297, 13603953, 12809146, 43541, 0, 611405, 619933, 600838, 53048, 2228, 1440, 20503, 9, 8, 0, 0, 0, 1, 657860, 122587, 32731,
13624496, 323, 298, 13624496, 12809146, 43541, 0, 611405, 619933, 600838, 53048, 2228, 1440, 20503, 9, 8, 0, 0, 0, 1, 657860, 122587, 31291,
13644904, 324, 298, 13624496, 12809146, 43541, 0, 611405, 619933, 600838, 53048, 2228, 1440, 20503, 9, 8, 0, 0, 0, 1, 657860, 122587, 32731,
13645039, 324, 299, 13645039, 12809146, 43541, 0, 611405, 619933, 600838, 53048, 2228, 1440, 20503, 9, 8, 0, 0, 0, 1, 657860, 122587, 31291,
13665407, 325, 299, 13645039, 12809146, 43541, 0, 611405, 619933, 600838, 53048, 2228, 1440, 20503, 9, 8, 0, 0, 0, 1, 657860, 122587, 32731,
13665582, 325, 300, 13665582, 12809146, 43541, 0, 611405, 619933, 600838, 53048, 2228, 1440, 20503, 9, 8, 0, 0, 0, 1, 657860, 122587, 31291,
13685910, 326, 300, 13665582, 12809146, 43541, 0, 611405, 619933, 600838, 53048, 2228, 1440, 20503, 9, 8, 0, 0, 0, 1, 657860, 122587, 32731,
13686125, 326, 301, 13686125, 12809146, 43541, 0, 611405, 619933, 600838, 53048, 2228, 1440, 20503, 9, 8, 0, 0, 0, 1, 657860, 122587, 31291,
13706412, 327, 301, 13686125, 12809146, 43541, 0, 611405, 619933, 600838, 53048, 2228, 1440, 20503, 9, 8, 0, 0, 0, 1, 657860, 122587, 32731,
13706668, 327, 302, 13706668, 12809146, 43541, 0, 611405, 619933, 600838, 53048, 2228, 1440, 20503, 9, 8, 0, 0, 0, 1, 657860, 122587, 31291,
13726915, 328, 302, 13706668, 12809146, 43541, 0, 611405, 619933, 600838, 53048, 2228, 1440, 20503, 9, 8, 0, 0, 0, 1, 657860, 122587, 32731,
13727211, 328, 303, 13727211, 12809146, 43541, 0, 611405, 619933, 600838, 53048, 2228, 1440, 20503, 9, 8, 0, 0, 0, 1, 657860, 122587, 31291,
13747417, 329, 303, 13727211, 12809146, 43541, 0, 611405, 619933, 600838, 53048, 2228, 1440, 20503, 9, 8, 0, 0, 0, 1, 657860, 122587, 32731,
13747753, 329, 304, 13747753, 12809146, 43541, 0, 611405, 619933, 600838, 53048, 2228, 1440, 20503, 9, 8, 0, 0, 0, 1, 657860, 122587, 31291,
13767920, 330, 304, 13747753, 12809146, 43541, 0, 611405, 619933, 600838, 53048, 2228, 1440, 20503, 9, 8, 0, 0, 0, 1, 657860, 122587, 32731,
13768296, 330, 305, 13768296, 12809146, 43541, 0, 611405, 619933, 600838, 53048, 2228, 1440, 20503, 9, 8, 0, 0, 0, 1, 657860, 122587, 31291,
13788423, 331, 305, 13768296, 12809146, 43541, 0, 611405, 619933, 600838, 53048, 2228, 1440, 20503, 9, 8, 0, 0, 0, 1, 657860, 122587, 32731,
13788839, 331, 306, 13788839, 12809146, 43541, 0, 611405, 619933, 600838, 53048, 2228, 1440, 20503, 9, 8, 0, 0, 0, 1, 657860, 122587, 31291,
13808925, 332, 306, 13788839, 12809146, 43541, 0, 611405, 619933, 600838, 53048, 2228, 1440, 20503, 9, 8, 0, 0, 0, 1, 657860, 122587, 32731,
13809382, 332, 307, 13809382, 12809146, 43541, 0, 611405, 619933, 600838, 53048, 2228, 1440, 20503, 9, 8, 0, 0, 0, 1, 657860, 122587, 31291,
13829428, 333, 307, 13809382, 12809146, 43541, 0, 611405, 619933, 600838, 53048, 2228, 1440, 20503, 9, 8, 0, 0, 0, 1, 657860, 122587, 32731,
13829925, 333, 308, 13829925, 12809146, 43541, 0, 611405, 619933, 600838, 53048, 2228, 1440, 20503, 9, 8, 0, 0, 0, 1, 657860, 122587, 31291,
13849930, 334, 308, 13829925, 12809146, 43541, 0, 611405, 619933, 600838, 53048, 2228, 1440, 20503, 9, 8, 0, 0, 0, 1, 657860, 122587, 32731,
13850468, 334, 309, 13850468, 12809146, 43541, 0, 611405, 619933, 600838, 53048, 2228, 1440, 20503, 9, 8, 0, 0, 0, 1, 657860, 122587, 31291,
13865052, 334, 310, 13865052, 12809146, 43541, 0, 611405, 619933, 600838, 53048, 2228, 1440, 20503, 9, 8, 0, 0, 0, 1, 657860, 122587, 30632,
13870433, 335, 310, 13865052, 12809146, 43541, 0, 611405, 619933, 600838, 53048, 2228, 1440, 20503, 9, 8, 0, 0, 0, 1, 657860, 122587, 32072,
13880987, 335, 311, 13880987, 12809146, 43541, 0, 611405, 619933, 600838, 53048, 2228, 1440, 20503, 9, 8, 0, 0, 0, 1, 657860, 122587, 32017,
13890935, 336, 311, 13880987, 12809146, 43541, 0, 611405, 619933, 600838, 53048, 2228, 1440, 20503, 9, 8, 0, 0, 0, 1, 657860, 122587, 33457,
13911438, 337, 311, 13880987, 12809146, 43541, 0, 611405, 619933, 600838, 53048, 2228, 1440, 20503, 9, 8, 0, 0, 0, 1, 657860, 122587, 34897,
13931941, 338, 311, 13880987, 12809146, 43541, 0, 611405, 619933, 600838, 53048, 2228, 1440, 20503, 9, 8, 0, 0, 0, 1, 657860, 122587, 36337,
13952443, 339, 311, 13880987, 12809146, 43541, 0, 611405, 619933, 600838, 53048, 2228, 1440, 20503, 9, 8, 0, 0, 0, 1, 657860, 122587, 37777,
13972946, 340, 311, 13880987, 12809146, 43541, 0, 611405, 619933, 600838, 53048, 2228, 1440, 20503, 9, 8, 0, 0, 0, 1, 657860, 122587, 39217,
13993448, 341, 311, 13880987, 12809146, 43541, 0, 611405, 619933, 600838, 53048, 2228, 1440, 20503, 9, 8, 0, 0, 0, 1, 657860, 122587, 40657,
14013951, 342, 311, 13880987, 12809146, 43541, 0, 611405, 619933, 600838, 53048, 2228, 1440, 20503, 9, 8, 0, 1, 0, 1, 657860, 122587, 41316,
14034454, 343, 311, 13880987, 12809146, 43541, 0, 611405, 619933, 600838, 53048, 2228, 1440, 20503, 9, 8, 0, 1, 0, 1, 657860, 122587, 41371,
14185760, 343, 313, 14185760, 13574355, 38099, 0, 611405, 618867, 600838, 53048, 2228, 1440, 23391, 9, 8, 0, 1, 0, 2, 611410, 122587, 39876,
14206746, 343, 314, 14206746, 13574355, 38099, 0, 611405, 618867, 600838, 53048, 2228, 1440, 23391, 9, 8, 1, 0, 0, 2, 611410, 122587, 38436,
14217732, 343, 315, 14217732, 13574355, 38099, 0, 611405, 618867, 600838, 53048, 2228, 1440, 23391, 9, 8, 1, 0, 0, 2, 611410, 122587, 36996,
14228718, 343, 316, 14228718, 13574355, 38099, 0, 611405, 618867, 600838, 53048, 2228, 1440, 23391, 9, 8, 0, 1, 0, 2, 611410, 122587, 35556,
14239704, 343, 317, 14239704, 13574355, 38099, 0, 611405, 618867, 600838, 53048, 2228, 1440, 23391, 9, 8, 0, 1, 0, 2, 611410, 122587, 34116,
14250690, 343, 318, 14250690, 13574355, 38099, 0, 611405, 618867, 600838, 53048, 2228, 1440, 23391, 9, 8, 0, 1, 0, 2, 611410, 122587, 32676,
14261676, 343, 319, 14261676, 13574355, 38099, 0, 611405, 618867, 600838, 53048, 2228, 1440, 23391, 9, 8, 0, 1, 0, 2, 611410, 122587, 31236,
14272662, 343, 320, 14272662, 13574355, 38099, 0, 611405, 618867, 600838, 53048, 2228, 1440, 23391, 9, 8, 0, 1, 0, 2, 611410, 122587, 29796,
14272662, 344, 320, 14272662, 13574355, 38099, 0, 611405, 618867, 600838, 53048, 2228, 1440, 23391, 9, 8, 0, 1, 0, 2, 611410, 122587, 29851,
14283648, 344, 321, 14283648, 13574355, 38099, 0, 611405, 618867, 600838, 53048, 2228, 1440, 23391, 9, 8, 0, 1, 0, 2, 611410, 122587, 28411,
14294634, 344, 322, 14294634, 13574355, 38099, 0, 611405, 618867, 600838, 53048, 2228, 1440, 23391, 9, 8, 0, 1, 0, 2, 611410, 122587, 26971,
14305620, 344, 323, 14305620, 13574355, 38099, 0, 611405, 618867, 600838, 53048, 2228, 1440, 23391, 9, 8, 0, 1, 0, 2, 611410, 122587, 25531,
14316606, 344, 324, 14316606, 13574355, 38099, 0, 611405, 618867, 600838, 53048, 2228, 1440, 23391, 9, 8, 0, 1, 0, 2, 611410, 122587, 24091,
14327592, 344, 325, 14327592, 13574355, 38099, 0, 611405, 618867, 600838, 53048, 2228, 1440, 23391, 9, 8, 0, 1, 0, 2, 611410, 122587, 22651,
14338578, 344, 326, 14338578, 13574355, 38099, 0, 611405, 618867, 600838, 53048, 2228, 1440, 23391, 9, 8, 0, 1, 0, 2, 611410, 122587, 21211,
14339564, 344, 326, 14338578, 13574355, 38099, 0, 611405, 618867, 600838, 53048, 2228, 1440, 23391, 9, 8, 0, 1, 0, 2, 611410, 122587, 21211,
14339564, 345, 326, 14338578, 13574355, 38099, 0, 611405, 618867, 600838, 53048, 2228, 1440, 23391, 9, 8, 0, 0, 0, 2, 611410, 122587, 22651,
14339564, 346, 326, 14338578, 13574355, 38099, 0, 611405, 618867, 600838, 53048, 2228, 1440, 23391, 9, 8, 0, 0, 0, 2, 611410, 122587, 24091,
14339564, 347, 326, 14338578, 13574355, 38099, 0, 611405, 618867, 600838, 53048, 2228, 1440, 23391, 9, 8, 0, 0, 0, 2, 611410, 122587, 25531,
14339564, 348, 326, 14338578, 13574355, 38099, 0, 611405, 618867, 600838, 53048, 2228, 1440, 23391, 9, 8, 0, 0, 0, 2, 611410, 122587, 26971,
14339564, 349, 326, 14338578, 13574355, 38099, 0, 611405, 618867, 600838, 53048, 2228, 1440, 23391, 9, 8, 0, 0, 0, 2, 611410, 122587, 28411,
14339564, 350, 326, 14338578, 13574355, 38099, 0, 611405, 618867, 600838, 53048, 2228, 1440, 23391, 9, 8, 0, 0, 0, 2, 611410, 122587, 29851,
14348596, 351, 326, 14338578, 13574355, 38099, 0, 611405, 618867, 600838, 53048, 2228, 1440, 23391, 9, 8, 0, 0, 0, 2, 611410, 122587, 31291,
14349564, 351, 327, 14349564, 13574355, 38099, 0, 611405, 618867, 600838, 53048, 2228, 1440, 23391, 9, 8, 0, 0, 0, 2, 611410, 122587, 29851,
14368822, 351, 328, 14368822, 13574355, 38099, 0, 611405, 618867, 600838, 53048, 2228, 1440, 23391, 9, 8, 0, 0, 0, 2, 611410, 122587, 28411,
14371987, 352, 328, 14368822, 13574355, 38099, 0, 611405, 618867, 600838, 53048, 2228, 1440, 23391, 9, 8, 0, 0, 0, 2, 611410, 122587, 29851,
14389325, 352, 329, 14389325, 13574355, 38099, 0, 611405, 618867, 600838, 53048, 2228, 1440, 23391, 9, 8, 0, 0, 0, 2, 611410, 122587, 28411,
14395378, 353, 329, 14389325, 13574355, 38099, 0, 611405, 618867, 600838, 53048, 2228, 1440, 23391, 9, 8, 0, 0, 0, 2, 611410, 122587, 29851,
14409828, 353, 330, 14409828, 13574355, 38099, 0, 611405, 618867, 600838, 53048, 2228, 1440, 23391, 9, 8, 0, 0, 0, 2, 611410, 122587, 28411,
14418769, 354, 330, 14409828, 13574355, 38099, 0, 611405, 618867, 600838, 53048, 2228, 1440, 23391, 9, 8, 0, 0, 0, 2, 611410, 122587, 29851,
14430330, 354, 331, 14430330, 13574355, 38099, 0, 611405, 618867, 600838, 53048, 2228, 1440, 23391, 9, 8, 0, 0, 0, 2, 611410, 122587, 28411,
14442159, 355, 331, 14430330, 13574355, 38099, 0, 611405, 618867, 600838, 53048, 2228, 1440, 23391, 9, 8, 0, 0, 0, 2, 611410, 122587, 29851,
14450833, 355, 332, 14450833, 13574355, 38099, 0, 611405, 618867, 600838, 53048, 2228, 1440, 23391, 9, 8, 0, 0, 0, 1, 611410, 122587, 28411,
14465550, 356, 332, 14450833, 13574355, 38099, 0, 611405, 618867, 600838, 53048, 2228, 1440, 23391, 9, 8, 0, 0, 0, 1, 611410, 122587, 29851,
14471335, 356, 333, 14471335, 13574355, 38099, 0, 611405, 618867, 600838, 53048, 2228, 1440, 23391, 9, 8, 0, 0, 0, 1, 611410, 122587, 28411,
14488941, 357, 333, 14471335, 13574355, 38099, 0, 611405, 618867, 600838, 53048, 2228, 1440, 23391, 9, 8, 0, 0, 0, 1, 611410, 122587, 29851,
14491838, 357, 334, 14491838, 13574355, 38099, 0, 611405, 618867, 600838, 53048, 2228, 1440, 23391, 9, 8, 0, 0, 0, 1, 611410, 122587, 28411,
14512332, 358, 334, 14491838, 13574355, 38099, 0, 611405, 618867, 600838, 53048, 2228, 1440, 23391, 9, 8, 0, 0, 0, 1, 611410, 122587, 29851,
14512340, 358, 335, 14512340, 13574355, 38099, 0, 611405, 618867, 600838, 53048, 2228, 1440, 23391, 9, 8, 0, 0, 0, 1, 611410, 122587, 28411,
14532843, 358, 336, 14532843, 13574355, 38099, 0, 611405, 618867, 600838, 53048, 2228, 1440, 23391, 9, 8, 0, 0, 0, 1, 611410, 122587, 26971,
14535723, 359, 336, 14532843, 13574355, 38099, 0, 611405, 618867, 600838, 53048, 2228, 1440, 23391, 9, 8, 0, 0, 0, 1, 611410, 122587, 28411,
14553346, 359, 337, 14553346, 13574355, 38099, 0, 611405, 618867, 600838, 53048, 2228, 1440, 23391, 9, 8, 0, 0, 0, 1, 611410, 122587, 26971,
14559114, 360, 337, 14553346, 13574355, 38099, 0, 611405, 618867, 600838, 53048, 2228, 1440, 23391, 9, 8, 0, 0, 0, 1, 611410, 122587, 28411,
14573848, 360, 338, 14573848, 13574355, 38099, 0, 611405, 618867, 600838, 53048, 2228, 1440, 23391, 9, 8, 0, 0, 0, 1, 611410, 122587, 26971,
14582505, 361, 338, 14573848, 13574355, 38099, 0, 611405, 618867, 600838, 53048, 2228, 1440, 23391, 9, 8, 0, 0, 0, 1, 611410, 122587, 28411,
14594351, 361, 339, 14594351, 13574355, 38099, 0, 611405, 618867, 600838, 53048, 2228, 1440, 23391, 9, 8, 0, 0, 0, 1, 611410, 122587, 26971,
14605895, 362, 339, 14594351, 13574355, 38099, 0, 611405, 618867, 600838, 53048, 2228, 1440, 23391, 9, 8, 0, 0, 0, 1, 611410, 122587, 28411,
14614853, 362, 340, 14614853, 13574355, 38099, 0, 611405, 618867, 600838, 53048, 2228, 1440, 23391, 9, 8, 0, 0, 0, 1, 611410, 122587, 26971,
14629286, 363, 340, 14614853, 13574355, 38099, 0, 611405, 618867, 600838, 53048, 2228, 1440, 23391, 9, 8, 0, 0, 0, 1, 611410, 122587, 28411,
14629397, 363, 341, 14629397, 13574355, 38099, 0, 611405, 618867, 600838, 53048, 2228, 1440, 23391, 9, 8, 0, 0, 0, 1, 611410, 122587, 27752,
14645292, 363, 342, 14645292, 13574355, 38099, 0, 611405, 618867, 600838, 53048, 2228, 1440, 23391, 9, 8, 0, 0, 0, 1, 611410, 122587, 27697,
14652677, 364, 342, 14645292, 13574355, 38099, 0, 611405, 618867, 600838, 53048, 2228, 1440, 23391, 9, 8, 0, 0, 0, 1, 611410, 122587, 29137,
14676068, 365, 342, 14645292, 13574355, 38099, 0, 611405, 618867, 600838, 53048, 2228, 1440, 23391, 9, 8, 0, 0, 0, 1, 611410, 122587, 30577,
14699459, 366, 342, 14645292, 13574355, 38099, 0, 611405, 618867, 600838, 53048, 2228, 1440, 23391, 9, 8, 0, 0, 0, 1, 611410, 122587, 32017,
14722850, 367, 342, 14645292, 13574355, 38099, 0, 611405, 618867, 600838, 53048, 2228, 1440, 23391, 9, 8, 0, 0, 0, 1, 611410, 122587, 33457,
14746241, 368, 342, 14645292, 13574355, 38099, 0, 611405, 618867, 600838, 53048, 2228, 1440, 23391, 9, 8, 0, 0, 0, 1, 611410, 122587, 34897,
14769631, 369, 342, 14645292, 13574355, 38099, 0, 611405, 618867, 600838, 53048, 2228, 1440, 23391, 9, 8, 0, 0, 0, 1, 611410, 122587, 36337,
14793022, 370, 342, 14645292, 13574355, 38099, 0, 611405, 618867, 600838, 53048, 2228, 1440, 23391, 9, 8, 0, 0, 0, 1, 611410, 122587, 37777,
14816413, 371, 342, 14645292, 13574355, 38099, 0, 611405, 618867, 600838, 53048, 2228, 1440, 23391, 9, 8, 0, 0, 0, 1, 611410, 122587, 39217,
14950969, 371, 344, 14950969, 14339564, 38099, 0, 611405, 617935, 600838, 53048, 2228, 1440, 23356, 9, 8, 1, 0, 0, 1, 611408, 122587, 37722,
14950969, 372, 344, 14950969, 14339564, 38099, 0, 611405, 617935, 600838, 53048, 2228, 1440, 23356, 9, 8, 0, 0, 0, 1, 611408, 122587, 39162,
14971955, 372, 345, 14971955, 14339564, 38099, 0, 611405, 617935, 600838, 53048, 2228, 1440, 23356, 9, 8, 1, 0, 0, 1, 611408, 122587, 37722,
14971955, 373, 345, 14971955, 14339564, 38099, 0, 611405, 617935, 600838, 53048, 2228, 1440, 23356, 9, 8, 0, 1, 0, 1, 611408, 122587, 38381,
14982941, 373, 346, 14982941, 14339564, 38099, 0, 611405, 617935, 600838, 53048, 2228, 1440, 23356, 9, 8, 1, 0, 0, 1, 611408, 122587, 36941,
14982941, 374, 346, 14982941, 14339564, 38099, 0, 611405, 617935, 600838, 53048, 2228, 1440, 23356, 9, 8, 0, 1, 0, 1, 611408, 122587, 36996,
14993927, 374, 347, 14993927, 14339564, 38099, 0, 611405, 617935, 600838, 53048, 2228, 1440, 23356, 9, 8, 0, 1, 0, 1, 611408, 122587, 35556,
15004913, 374, 348, 15004913, 14339564, 38099, 0, 611405, 617935, 600838, 53048, 2228, 1440, 23356, 9, 8, 0, 1, 0, 1, 611408, 122587, 34116,
15015899, 374, 349, 15015899, 14339564, 38099, 0, 611405, 617935, 600838, 53048, 2228, 1440, 23356, 9, 8, 0, 1, 0, 1, 611408, 122587, 32676,
15026885, 374, 350, 15026885, 14339564, 38099, 0, 611405, 617935, 600838, 53048, 2228, 1440, 23356, 9, 8, 0, 1, 0, 1, 611408, 122587, 31236,
15037871, 374, 351, 15037871, 14339564, 38099, 0, 611405, 617935, 600838, 53048, 2228, 1440, 23356, 9, 8, 0, 1, 0, 1, 611408, 122587, 29796,
15037871, 375, 351, 15037871, 14339564, 38099, 0, 611405, 617935, 600838, 53048, 2228, 1440, 23356, 9, 8, 0, 1, 0, 1, 611408, 122587, 29851,
15048857, 375, 352, 15048857, 14339564, 38099, 0, 611405, 617935, 600838, 53048, 2228, 1440, 23356, 9, 8, 0, 1, 0, 1, 611408, 122587, 28411,
15059843, 375, 353, 15059843, 14339564, 38099, 0, 611405, 617935, 600838, 53048, 2228, 1440, 23356, 9, 8, 0, 1, 0, 1, 611408, 122587, 26971,
15070829, 375, 354, 15070829, 14339564, 38099, 0, 611405, 617935, 600838, 53048, 2228, 1440, 23356, 9, 8, 0, 1, 0, 1, 611408, 122587, 25531,
15086955, 375, 355, 15086955, 14339564, 38099, 0, 611405, 617935, 600838, 53048, 2228, 1440, 23356, 9, 8, 0, 1, 0, 1, 611408, 122587, 24091,
15110346, 375, 356, 15110346, 14339564, 38099, 0, 611405, 617935, 600838, 53048, 2228, 1440, 23356, 9, 8, 0, 1, 0, 1, 611408, 122587, 22651,
15133737, 375, 357, 15133737, 14339564, 38099, 0, 611405, 617935, 600838, 53048, 2228, 1440, 23356, 9, 8, 0, 1, 0, 1, 611408, 122587, 21211,
15147128, 375, 357, 15133737, 14339564, 38099, 0, 611405, 617935, 600838, 53048, 2228, 1440, 23356, 9, 8, 0, 1, 0, 1, 611408, 122587, 21211,
15147128, 376, 357, 15133737, 14339564, 38099, 0, 611405, 617935, 600838, 53048, 2228, 1440, 23356, 9, 8, 0, 0, 0, 1, 611408, 122587, 22651,
15147128, 377, 357, 15133737, 14339564, 38099, 0, 611405, 617935, 600838, 53048, 2228, 1440, 23356, 9, 8, 0, 0, 0, 1, 611408, 122587, 24091,
15147128, 378, 357, 15133737, 14339564, 38099, 0, 611405, 617935, 600838, 53048, 2228, 1440, 23356, 9, 8, 0, 0, 0, 1, 611408, 122587, 25531,
15147128, 379, 357, 15133737, 14339564, 38099, 0, 611405, 617935, 600838, 53048, 2228, 1440, 23356, 9, 8, 0, 0, 0, 1, 611408, 122587, 26971,
15147128, 380, 357, 15133737, 14339564, 38099, 0, 611405, 617935, 600838, 53048, 2228, 1440, 23356, 9, 8, 0, 0, 0, 1, 611408, 122587, 28411,
15147128, 381, 357, 15133737, 14339564, 38099, 0, 611405, 617935, 600838, 53048, 2228, 1440, 23356, 9, 8, 0, 0, 0, 1, 611408, 122587, 29851,
15156146, 382, 357, 15133737, 14339564, 38099, 0, 611405, 617935, 600838, 53048, 2228, 1440, 23356, 9, 8, 0, 0, 0, 1, 611408, 122587, 31291,
15157128, 382, 358, 15157128, 14339564, 38099, 0, 611405, 617935, 600838, 53048, 2228, 1440, 23356, 9, 8, 0, 0, 0, 1, 611408, 122587, 29851,
15179502, 383, 358, 15157128, 14339564, 38099, 0, 611405, 617935, 600838, 53048, 2228, 1440, 23356, 9, 8, 0, 0, 0, 1, 611408, 122587, 31291,
15180519, 383, 359, 15180519, 14339564, 38099, 0, 611405, 617935, 600838, 53048, 2228, 1440, 23356, 9, 8, 0, 0, 0, 1, 611408, 122587, 29851,
15202858, 384, 359, 15180519, 14339564, 38099, 0, 611405, 617935, 600838, 53048, 2228, 1440, 23356, 9, 8, 0, 0, 0, 1, 611408, 122587, 31291,
15203910, 384, 360, 15203910, 14339564, 38099, 0, 611405, 617935, 600838, 53048, 2228, 1440, 23356, 9, 8, 0, 0, 0, 1, 611408, 122587, 29851,
15226213, 385, 360, 15203910, 14339564, 38099, 0, 611405, 617935, 600838, 53048, 2228, 1440, 23356, 9, 8, 0, 0, 0, 1, 611408, 122587, 31291,
15227300, 385, 361, 15227300, 14339564, 38099, 0, 611405, 617935, 600838, 53048, 2228, 1440, 23356, 9, 8, 0, 0, 0, 1, 611408, 122587, 29851,
15249569, 386, 361, 15227300, 14339564, 38099, 0, 611405, 617935, 600838, 53048, 2228, 1440, 23356, 9, 8, 0, 0, 0, 1, 611408, 122587, 31291,
15250691, 386, 362, 15250691, 14339564, 38099, 0, 611405, 617935, 600838, 53048, 2228, 1440, 23356, 9, 8, 0, 0, 0, 1, 611408, 122587, 29851,
15272925, 387, 362, 15250691, 14339564, 38099, 0, 611405, 617935, 600838, 53048, 2228, 1440, 23356, 9, 8, 0, 0, 0, 1, 611408, 122587, 31291,
15274082, 387, 363, 15274082, 14339564, 38099, 0, 611405, 617935, 600838, 53048, 2228, 1440, 23356, 9, 8, 0, 0, 0, 1, 611408, 122587, 29851,
15296280, 388, 363, 15274082, 14339564, 38099, 0, 611405, 617935, 600838, 53048, 2228, 1440, 23356, 9, 8, 0, 0, 0, 1, 611408, 122587, 31291,
15297473, 388, 364, 15297473, 14339564, 38099, 0, 611405, 617935, 600838, 53048, 2228, 1440, 23356, 9, 8, 0, 0, 0, 1, 611408, 122587, 29851,
15319636, 389, 364, 15297473, 14339564, 38099, 0, 611405, 617935, 600838, 53048, 2228, 1440, 23356, 9, 8, 0, 0, 0, 1, 611408, 122587, 31291,
15320864, 389, 365, 15320864, 14339564, 38099, 0, 611405, 617935, 600838, 53048, 2228, 1440, 23356, 9, 8, 0, 0, 0, 1, 611408, 122587, 29851,
15342991, 390, 365, 15320864, 14339564, 38099, 0, 611405, 617935, 600838, 53048, 2228, 1440, 23356, 9, 8, 0, 0, 0, 1, 611408, 122587, 31291,
15344255, 390, 366, 15344255, 14339564, 38099, 0, 611405, 617935, 600838, 53048, 2228, 1440, 23356, 9, 8, 0, 0, 0, 1, 611408, 122587, 29851,
15366347, 391, 366, 15344255, 14339564, 38099, 0, 611405, 617935, 600838, 53048, 2228, 1440, 23356, 9, 8, 0, 0, 0, 1, 611408, 122587, 31291,
15367646, 391, 367, 15367646, 14339564, 38099, 0, 611405, 617935, 600838, 53048, 2228, 1440, 23356, 9, 8, 0, 0, 0, 1, 611408, 122587, 29851,
15389703, 392, 367, 15367646, 14339564, 38099, 0, 611405, 617935, 600838, 53048, 2228, 1440, 23356, 9, 8, 0, 0, 0, 1, 611408, 122587, 31291,
15391036, 392, 368, 15391036, 14339564, 38099, 0, 611405, 617935, 600838, 53048, 2228, 1440, 23356, 9, 8, 0, 0, 0, 1, 611408, 122587, 29851,
15413058, 393, 368, 15391036, 14339564, 38099, 0, 611405, 617935, 600838, 53048, 2228, 1440, 23356, 9, 8, 0, 0, 0, 1, 611408, 122587, 31291,
15414427, 393, 369, 15414427, 14339564, 38099, 0, 611405, 617935, 600838, 53048, 2228, 1440, 23356, 9, 8, 0, 0, 0, 1, 611408, 122587, 29851,
15436414, 394, 369, 15414427, 14339564, 38099, 0, 611405, 617935, 600838, 53048, 2228, 1440, 23356, 9, 8, 0, 0, 0, 1, 611408, 122587, 31291,
15437818, 394, 370, 15437818, 14339564, 38099, 0, 611405, 617935, 600838, 53048, 2228, 1440, 23356, 9, 8, 0, 0, 0, 1, 611408, 122587, 29851,
15459770, 395, 370, 15437818, 14339564, 38099, 0, 611405, 617935, 600838, 53048, 2228, 1440, 23356, 9, 8, 0, 0, 0, 1, 611408, 122587, 31291,
15483125, 396, 370, 15437818, 14339564, 38099, 0, 611405, 617935, 600838, 53048, 2228, 1440, 23356, 9, 8, 0, 0, 0, 1, 611408, 122587, 32731,
15506481, 397, 370, 15437818, 14339564, 38099, 0, 611405, 617935, 600838, 53048, 2228, 1440, 23356, 9, 8, 0, 0, 0, 1, 611408, 122587, 34171,
15529837, 398, 370, 15437818, 14339564, 38099, 0, 611405, 617935, 600838, 53048, 2228, 1440, 23356, 9, 8, 0, 0, 0, 1, 611408, 122587, 35611,
15553192, 399, 370, 15437818, 14339564, 38099, 0, 611405, 617935, 600838, 53048, 2228, 1440, 23356, 9, 8, 0, 0, 0, 1, 611408, 122587, 37051,
15572374, 399, 371, 15572374, 14339564, 38099, 0, 611405, 617935, 600838, 53048, 2478, 1440, 23356, 9, 8, 0, 0, 0, 1, 611408, 122587, 35611,
15576548, 400, 371, 15572374, 14339564, 38099, 0, 611405, 617935, 600838, 53048, 2478, 1440, 23356, 9, 8, 0, 0, 0, 1, 611408, 122587, 37051,
15583779, 400, 373, 15583779, 14982941, 38099, 0, 600838, 615798, 600838, 60819, 2478, 1440, 23275, 9, 8, 0, 0, 0, 1, 611408, 122587, 36337,
15599823, 401, 373, 15583779, 14982941, 38099, 0, 600838, 615798, 600838, 60819, 2478, 1440, 23275, 9, 8, 0, 0, 0, 1, 611408, 122587, 37777,
15623098, 402, 373, 15583779, 14982941, 38099, 0, 600838, 615798, 600838, 60819, 2478, 1440, 23275, 9, 8, 0, 0, 0, 1, 611408, 122587, 39217,
15758533, 402, 375, 15758533, 15147128, 38099, 0, 611405, 615249, 600838, 60819, 2478, 1440, 23255, 9, 8, 1, 0, 0, 1, 611405, 122587, 37722,
15758533, 403, 375, 15758533, 15147128, 38099, 0, 611405, 615249, 600838, 60819, 2478, 1440, 23255, 9, 8, 0, 0, 0, 1, 611405, 122587, 39162,
15779519, 403, 376, 15779519, 15147128, 38099, 0, 611405, 615249, 600838, 60819, 2478, 1440, 23255, 9, 8, 1, 0, 0, 1, 611405, 122587, 37722,
15779519, 404, 376, 15779519, 15147128, 38099, 0, 611405, 615249, 600838, 60819, 2478, 1440, 23255, 9, 8, 0, 1, 0, 1, 611405, 122587, 38380,
15790505, 404, 377, 15790505, 15147128, 38099, 0, 611405, 615249, 600838, 60819, 2478, 1440, 23255, 9, 8, 1, 0, 0, 1, 611405, 122587, 36940,
15790505, 405, 377, 15790505, 15147128, 38099, 0, 611405, 615249, 600838, 60819, 2478, 1440, 23255, 9, 8, 0, 1, 0, 1, 611405, 122587, 36995,
15801491, 405, 378, 15801491, 15147128, 38099, 0, 611405, 615249, 600838, 60819, 2478, 1440, 23255, 9, 8, 0, 1, 0, 1, 611405, 122587, 35555,
15812477, 405, 379, 15812477, 15147128, 38099, 0, 611405, 615249, 600838, 60819, 2478, 1440, 23255, 9, 8, 0, 1, 0, 1, 611405, 122587, 34115,
15823463, 405, 380, 15823463, 15147128, 38099, 0, 611405, 615249, 600838, 60819, 2478, 1440, 23255, 9, 8, 0, 1, 0, 1, 611405, 122587, 32675,
15834449, 405, 381, 15834449, 15147128, 38099, 0, 611405, 615249, 600838, 60819, 2478, 1440, 23255, 9, 8, 0, 1, 0, 1, 611405, 122587, 31235,
15845435, 405, 382, 15845435, 15147128, 38099, 0, 611405, 615249, 600838, 60819, 2478, 1440, 23255, 9, 8, 0, 1, 0, 1, 611405, 122587, 29795,
15856421, 405, 383, 15856421, 15147128, 38099, 0, 611405, 615249, 600838, 60819, 2478, 1440, 23255, 9, 8, 0, 1, 0, 1, 611405, 122587, 28355,
15856421, 406, 383, 15856421, 15147128, 38099, 0, 611405, 615249, 600838, 60819, 2478, 1440, 23255, 9, 8, 0, 1, 0, 1, 611405, 122587, 28410,
15867407, 406, 384, 15867407, 15147128, 38099, 0, 611405, 615249, 600838, 60819, 2478, 1440, 23255, 9, 8, 0, 1, 0, 1, 611405, 122587, 26970,
15878393, 406, 385, 15878393, 15147128, 38099, 0, 611405, 615249, 600838, 60819, 2478, 1440, 23255, 9, 8, 0, 1, 0, 1, 611405, 122587, 25530,
15894330, 406, 386, 15894330, 15147128, 38099, 0, 611405, 615249, 600838, 60819, 2478, 1440, 23255, 9, 8, 0, 1, 0, 1, 611405, 122587, 24090,
15917685, 406, 387, 15917685, 15147128, 38099, 0, 611405, 615249, 600838, 60819, 2478, 1440, 23255, 9, 8, 0, 1, 0, 1, 611405, 122587, 22650,
15941041, 406, 388, 15941041, 15147128, 38099, 0, 611405, 615249, 600838, 60819, 2478, 1440, 23255, 9, 8, 0, 1, 0, 1, 611405, 122587, 21210,
15954396, 406, 388, 15941041, 15147128, 38099, 0, 611405, 615249, 600838, 60819, 2478, 1440, 23255, 9, 8, 0, 1, 0, 1, 611405, 122587, 21210,
15954396, 407, 388, 15941041, 15147128, 38099, 0, 611405, 615249, 600838, 60819, 2478, 1440, 23255, 9, 8, 0, 0, 0, 1, 611405, 122587, 22650,
15954396, 408, 388, 15941041, 15147128, 38099, 0, 611405, 615249, 600838, 60819, 2478, 1440, 23255, 9, 8, 0, 0, 0, 1, 611405, 122587, 24090,
15954396, 409, 388, 15941041, 15147128, 38099, 0, 611405, 615249, 600838, 60819, 2478, 1440, 23255, 9, 8, 0, 0, 0, 1, 611405, 122587, 25530,
15954396, 410, 388, 15941041, 15147128, 38099, 0, 611405, 615249, 600838, 60819, 2478, 1440, 23255, 9, 8, 0, 0, 0, 1, 611405, 122587, 26970,
15954396, 411, 388, 15941041, 15147128, 38099, 0, 611405, 615249, 600838, 60819, 2478, 1440, 23255, 9, 8, 0, 0, 0, 1, 611405, 122587, 28410,
15954396, 412, 388, 15941041, 15147128, 38099, 0, 611405, 615249, 600838, 60819, 2478, 1440, 23255, 9, 8, 0, 0, 0, 1, 611405, 122587, 29850,
15963375, 413, 388, 15941041, 15147128, 38099, 0, 611405, 615249, 600838, 60819, 2478, 1440, 23255, 9, 8, 0, 0, 0, 1, 611405, 122587, 31290,
15964396, 413, 389, 15964396, 15147128, 38099, 0, 611405, 615249, 600838, 60819, 2478, 1440, 23255, 9, 8, 0, 0, 0, 1, 611405, 122587, 29850,
15986629, 414, 389, 15964396, 15147128, 38099, 0, 611405, 615249, 600838, 60819, 2478, 1440, 23255, 9, 8, 0, 0, 0, 1, 611405, 122587, 31290,
15987752, 414, 390, 15987752, 15147128, 38099, 0, 611405, 615249, 600838, 60819, 2478, 1440, 23255, 9, 8, 0, 0, 0, 1, 611405, 122587, 29850,
16009883, 415, 390, 15987752, 15147128, 38099, 0, 611405, 615249, 600838, 60819, 2478, 1440, 23255, 9, 8, 0, 0, 0, 1, 611405, 122587, 31290,
16011108, 415, 391, 16011108, 15147128, 38099, 0, 611405, 615249, 600838, 60819, 2478, 1440, 23255, 9, 8, 0, 0, 0, 1, 611405, 122587, 29850,
16033138, 416, 391, 16011108, 15147128, 38099, 0, 611405, 615249, 600838, 60819, 2478, 1440, 23255, 9, 8, 0, 0, 0, 1, 611405, 122587, 31290,
16034463, 416, 392, 16034463, 15147128, 38099, 0, 611405, 615249, 600838, 60819, 2478, 1440, 23255, 9, 8, 0, 0, 0, 1, 611405, 122587, 29850,
16056392, 417, 392, 16034463, 15147128, 38099, 0, 611405, 615249, 600838, 60819, 2478, 1440, 23255, 9, 8, 0, 0, 0, 1, 611405, 122587, 31290,
16057819, 417, 393, 16057819, 15147128, 38099, 0, 611405, 615249, 600838, 60819, 2478, 1440, 23255, 9, 8, 0, 0, 0, 1, 611405, 122587, 29850,
16079646, 418, 393, 16057819, 15147128, 38099, 0, 611405, 615249, 600838, 60819, 2478, 1440, 23255, 9, 8, 0, 0, 0, 1, 611405, 122587, 31290,
16081175, 418, 394, 16081175, 15147128, 38099, 0, 611405, 615249, 600838, 60819, 2478, 1440, 23255, 9, 8, 0, 0, 0, 1, 611405, 122587, 29850,
16102900, 419, 394, 16081175, 15147128, 38099, 0, 611405, 615249, 600838, 60819, 2478, 1440, 23255, 9, 8, 0, 0, 0, 1, 611405, 122587, 31290,
16104530, 419, 395, 16104530, 15147128, 38099, 0, 611405, 615249, 600838, 60819, 2478, 1440, 23255, 9, 8, 0, 0, 0, 1, 611405, 122587, 29850,
16126154, 420, 395, 16104530, 15147128, 38099, 0, 611405, 615249, 600838, 60819, 2478, 1440, 23255, 9, 8, 0, 0, 0, 1, 611405, 122587, 31290,
16127886, 420, 396, 16127886, 15147128, 38099, 0, 611405, 615249, 600838, 60819, 2478, 1440, 23255, 9, 8, 0, 0, 0, 1, 611405, 122587, 29850,
16149408, 421, 396, 16127886, 15147128, 38099, 0, 611405, 615249, 600838, 60819, 2478, 1440, 23255, 9, 8, 0, 0, 0, 1, 611405, 122587, 31290,
16151242, 421, 397, 16151242, 15147128, 38099, 0, 611405, 615249, 600838, 60819, 2478, 1440, 23255, 9, 8, 0, 0, 0, 1, 611405, 122587, 29850,
16172662, 422, 397, 16151242, 15147128, 38099, 0, 611405, 615249, 600838, 60819, 2478, 1440, 23255, 9, 8, 0, 0, 0, 1, 611405, 122587, 31290,
16174597, 422, 398, 16174597, 15147128, 38099, 0, 611405, 615249, 600838, 60819, 2478, 1440, 23255, 9, 8, 0, 0, 0, 1, 611405, 122587, 29850,
16195916, 423, 398, 16174597, 15147128, 38099, 0, 611405, 615249, 600838, 60819, 2478, 1440, 23255, 9, 8, 0, 0, 0, 1, 611405, 122587, 31290,
16197953, 423, 399, 16197953, 15147128, 38099, 0, 611405, 615249, 600838, 60819, 2373, 1440, 23255, 9, 8, 0, 0, 0, 1, 611405, 122587, 29850,
16219170, 424, 399, 16197953, 15147128, 38099, 0, 611405, 615249, 600838, 60819, 2373, 1440, 23255, 9, 8, 0, 0, 0, 1, 611405, 122587, 31290,
16221228, 424, 400, 16221228, 15147128, 38099, 0, 611405, 615249, 600838, 60819, 2373, 1440, 23255, 9, 8, 0, 0, 0, 1, 611405, 122587, 29850,
16242425, 425, 400, 16221228, 15147128, 38099, 0, 611405, 615249, 600838, 60819, 2373, 1440, 23255, 9, 8, 0, 0, 0, 1, 611405, 122587, 31290,
16244503, 425, 401, 16244503, 15147128, 38099, 0, 611405, 615249, 600838, 60819, 2373, 1440, 23255, 9, 8, 0, 0, 0, 1, 611405, 122587, 29850,
16265679, 426, 401, 16244503, 15147128, 38099, 0, 611405, 615249, 600838, 60819, 2373, 1440, 23255, 9, 8, 0, 0, 0, 1, 611405, 122587, 31290,
16288933, 427, 401, 16244503, 15147128, 38099, 0, 611405, 615249, 600838, 60819, 2373, 1440, 23255, 9, 8, 0, 0, 0, 1, 611405, 122587, 32730,
16312187, 428, 401, 16244503, 15147128, 38099, 0, 611405, 615249, 600838, 60819, 2373, 1440, 23255, 9, 8, 0, 0, 0, 1, 611405, 122587, 34170,
16335441, 429, 401, 16244503, 15147128, 38099, 0, 611405, 615249, 600838, 60819, 2373, 1440, 23255, 9, 8, 0, 0, 0, 1, 611405, 122587, 35610,
16358695, 430, 401, 16244503, 15147128, 38099, 0, 611405, 615249, 600838, 60819, 2373, 1440, 23255, 9, 8, 0, 0, 0, 1, 611405, 122587, 37050,
16379938, 430, 402, 16379938, 15147128, 38099, 0, 611405, 615249, 600838, 60819, 2373, 1440, 23255, 9, 8, 0, 0, 0, 1, 611405, 122587, 35610,
16381949, 431, 402, 16379938, 15147128, 38099, 0, 611405, 615249, 600838, 60819, 2373, 1440, 23255, 9, 8, 0, 0, 0, 1, 611405, 122587, 37050,
16391343, 431, 404, 16391343, 15790505, 33337, 0, 600838, 613448, 600838, 60819, 2373, 1440, 26499, 9, 8, 0, 0, 0, 2, 611405, 122587, 36337,
16565801, 431, 406, 16565801, 15954396, 33337, 0, 611405, 613193, 600838, 60819, 2373, 1440, 26499, 9, 8, 1, 0, 0, 2, 611405, 122587, 34842,
16565801, 432, 406, 16565801, 15954396, 33337, 0, 611405, 613193, 600838, 60819, 2373, 1440, 26499, 9, 8, 1, 0, 0, 2, 611405, 122587, 34897,
16586787, 432, 407, 16586787, 15954396, 33337, 0, 611405, 613193, 600838, 60819, 2373, 1440, 26499, 9, 8, 1, 0, 0, 2, 611405, 122587, 33457,
16597773, 432, 408, 16597773, 15954396, 33337, 0, 611405, 613193, 600838, 60819, 2373, 1440, 26499, 9, 8, 1, 0, 0, 2, 611405, 122587, 32017,
16597773, 433, 408, 16597773, 15954396, 33337, 0, 611405, 613193, 600838, 60819, 2373, 1440, 26499, 9, 8, 0, 0, 0, 2, 611405, 122587, 33457,
16608759, 433, 409, 16608759, 15954396, 33337, 0, 611405, 613193, 600838, 60819, 2373, 1440, 26499, 9, 8, 1, 0, 0, 2, 611405, 122587, 32017,
16608759, 434, 409, 16608759, 15954396, 33337, 0, 611405, 613193, 600838, 60819, 2373, 1440, 26499, 9, 8, 0, 0, 0, 2, 611405, 122587, 33457,
16619745, 434, 410, 16619745, 15954396, 33337, 0, 611405, 613193, 600838, 60819, 2373, 1440, 26499, 9, 8, 1, 0, 0, 2, 611405, 122587, 32017,
16619745, 435, 410, 16619745, 15954396, 33337, 0, 611405, 613193, 600838, 60819, 2373, 1440, 26499, 9, 8, 0, 0, 0, 2, 611405, 122587, 33457,
16630731, 435, 411, 16630731, 15954396, 33337, 0, 611405, 613193, 600838, 60819, 2373, 1440, 26499, 9, 8, 1, 0, 0, 2, 611405, 122587, 32017,
16630731, 436, 411, 16630731, 15954396, 33337, 0, 611405, 613193, 600838, 60819, 2373, 1440, 26499, 9, 8, 0, 1, 0, 2, 611405, 122587, 32669,
16630731, 437, 411, 16630731, 15954396, 33337, 0, 611405, 613193, 600838, 60819, 2373, 1440, 26499, 9, 8, 0, 1, 0, 2, 611405, 122587, 32724,
16641717, 437, 412, 16641717, 15954396, 33337, 0, 611405, 613193, 600838, 60819, 2373, 1440, 26488, 9, 8, 0, 1, 0, 1, 611405, 122587, 31284,
16652703, 437, 413, 16652703, 15954396, 33337, 0, 611405, 613193, 600838, 60819, 2373, 1440, 26488, 9, 8, 0, 1, 0, 1, 611405, 122587, 29844,
16663689, 437, 414, 16663689, 15954396, 33337, 0, 611405, 613193, 600838, 60819, 2373, 1440, 26488, 9, 8, 0, 1, 0, 1, 611405, 122587, 28404,
16663689, 438, 414, 16663689, 15954396, 33337, 0, 611405, 613193, 600838, 60819, 2373, 1440, 26488, 9, 8, 0, 1, 0, 1, 611405, 122587, 28459,
16674675, 438, 415, 16674675, 15954396, 33337, 0, 611405, 613193, 600838, 60819, 2373, 1440, 26488, 9, 8, 0, 1, 0, 1, 611405, 122587, 27019,
16685661, 438, 416, 16685661, 15954396, 33337, 0, 611405, 613193, 600838, 60819, 2373, 1440, 26488, 9, 8, 0, 1, 0, 1, 611405, 122587, 25579,
16701051, 438, 417, 16701051, 15954396, 33337, 0, 611405, 613193, 600838, 60819, 2373, 1440, 26488, 9, 8, 0, 1, 0, 1, 611405, 122587, 24139,
16724305, 438, 418, 16724305, 15954396, 33337, 0, 611405, 613193, 600838, 60819, 2373, 1440, 26488, 9, 8, 0, 1, 0, 1, 611405, 122587, 22699,
16747559, 438, 419, 16747559, 15954396, 33337, 0, 611405, 613193, 600838, 60819, 2373, 1440, 26488, 9, 8, 0, 1, 0, 1, 611405, 122587, 21259,
16760813, 438, 419, 16747559, 15954396, 33337, 0, 611405, 613193, 600838, 60819, 2373, 1440, 26488, 9, 8, 0, 1, 0, 1, 611405, 122587, 21259,
16760813, 439, 419, 16747559, 15954396, 33337, 0, 611405, 613193, 600838, 60819, 2373, 1440, 26488, 9, 8, 0, 0, 0, 1, 611405, 122587, 22699,
16760813, 440, 419, 16747559, 15954396, 33337, 0, 611405, 613193, 600838, 60819, 2373, 1440, 26488, 9, 8, 0, 0, 0, 1, 611405, 122587, 24139,
16760813, 441, 419, 16747559, 15954396, 33337, 0, 611405, 613193, 600838, 60819, 2373, 1440, 26488, 9, 8, 0, 0, 0, 1, 611405, 122587, 25579,
16760813, 442, 419, 16747559, 15954396, 33337, 0, 611405, 613193, 600838, 60819, 2373, 1440, 26488, 9, 8, 0, 0, 0, 1, 611405, 122587, 27019,
16760813, 443, 419, 16747559, 15954396, 33337, 0, 611405, 613193, 600838, 60819, 2373, 1440, 26488, 9, 8, 0, 0, 0, 1, 611405, 122587, 28459,
16766442, 444, 419, 16747559, 15954396, 33337, 0, 611405, 613193, 600838, 60819, 2373, 1440, 26488, 9, 8, 0, 0, 0, 1, 611405, 122587, 29899,
16770813, 444, 420, 16770813, 15954396, 33337, 0, 611405, 613193, 600838, 60819, 2373, 1440, 26488, 9, 8, 0, 0, 0, 1, 611405, 122587, 28459,
16792929, 445, 420, 16770813, 15954396, 33337, 0, 611405, 613193, 600838, 60819, 2373, 1440, 26488, 9, 8, 0, 0, 0, 1, 611405, 122587, 29899,
16794067, 445, 421, 16794067, 15954396, 33337, 0, 611405, 613193, 600838, 60819, 2373, 1440, 26488, 9, 8, 0, 0, 0, 1, 611405, 122587, 28459,
16817321, 445, 422, 16817321, 15954396, 33337, 0, 611405, 613193, 600838, 60819, 1953, 1440, 26488, 9, 8, 0, 0, 0, 1, 611405, 122587, 27019,
16819416, 446, 422, 16817321, 15954396, 33337, 0, 611405, 613193, 600838, 60819, 1953, 1440, 26488, 9, 8, 0, 0, 0, 1, 611405, 122587, 28459,
16840575, 446, 423, 16840575, 15954396, 33337, 0, 611405, 613193, 600838, 60819, 1953, 1440, 26488, 9, 8, 0, 0, 0, 1, 611405, 122587, 27019,
16845903, 447, 423, 16840575, 15954396, 33337, 0, 611405, 613193, 600838, 60819, 1953, 1440, 26488, 9, 8, 0, 0, 0, 1, 611405, 122587, 28459,
16863830, 447, 424, 16863830, 15954396, 33337, 0, 611405, 613193, 600838, 60819, 1953, 1440, 26488, 9, 8, 0, 0, 0, 1, 611405, 122587, 27019,
16872390, 448, 424, 16863830, 15954396, 33337, 0, 611405, 613193, 600838, 60819, 1953, 1440, 26488, 9, 8, 0, 0, 0, 1, 611405, 122587, 28459,
16887084, 448, 425, 16887084, 15954396, 33337, 0, 611405, 613193, 600838, 60819, 1953, 1440, 26488, 9, 8, 0, 0, 0, 1, 611405, 122587, 27019,
16898877, 449, 425, 16887084, 15954396, 33337, 0, 611405, 613193, 600838, 60819, 1953, 1440, 26488, 9, 8, 0, 0, 0, 1, 611405, 122587, 28459,
16910338, 449, 426, 16910338, 15954396, 33337, 0, 611405, 613193, 600838, 60819, 1953, 1440, 26488, 9, 8, 0, 0, 0, 1, 611405, 122587, 27019,
16925364, 450, 426, 16910338, 15954396, 33337, 0, 611405, 613193, 600838, 60819, 1953, 1440, 26488, 9, 8, 0, 0, 0, 1, 611405, 122587, 28459,
16933592, 450, 427, 16933592, 15954396, 33337, 0, 611405, 613193, 600838, 60819, 1953, 1440, 26488, 9, 8, 0, 0, 0, 1, 611405, 122587, 27019,
16951851, 451, 427, 16933592, 15954396, 33337, 0, 611405, 613193, 600838, 60819, 1953, 1440, 26488, 9, 8, 0, 0, 0, 1, 611405, 122587, 28459,
16956846, 451, 428, 16956846, 15954396, 33337, 0, 611405, 613193, 600838, 60819, 1953, 1440, 26488, 9, 8, 0, 0, 0, 1, 611405, 122587, 27019,
16978338, 452, 428, 16956846, 15954396, 33337, 0, 611405, 613193, 600838, 60819, 1953, 1440, 26488, 9, 8, 0, 0, 0, 1, 611405, 122587, 28459,
16980100, 452, 429, 16980100, 15954396, 33337, 0, 611405, 613193, 600838, 60819, 1953, 1440, 26488, 9, 8, 0, 0, 0, 1, 611405, 122587, 27019,
17003354, 452, 430, 17003354, 15954396, 33337, 0, 611405, 613193, 600838, 60819, 1953, 1440, 26488, 9, 8, 0, 0, 0, 1, 611405, 122587, 25579,
17004825, 453, 430, 17003354, 15954396, 33337, 0, 611405, 613193, 600838, 60819, 1953, 1440, 26488, 9, 8, 0, 0, 0, 1, 611405, 122587, 27019,
17031312, 454, 430, 17003354, 15954396, 33337, 0, 611405, 613193, 600838, 60819, 1953, 1440, 26488, 9, 8, 0, 0, 0, 1, 611405, 122587, 28459,
17057799, 455, 430, 17003354, 15954396, 33337, 0, 611405, 613193, 600838, 60819, 1953, 1440, 26488, 9, 8, 0, 0, 0, 1, 611405, 122587, 29899,
17084286, 456, 430, 17003354, 15954396, 33337, 0, 611405, 613193, 600838, 60819, 1953, 1440, 26488, 9, 8, 0, 0, 0, 1, 611405, 122587, 31339,
17110773, 457, 430, 17003354, 15954396, 33337, 0, 611405, 613193, 600838, 60819, 1953, 1440, 26488, 9, 8, 0, 0, 0, 1, 611405, 122587, 32779,
17137260, 458, 430, 17003354, 15954396, 33337, 0, 611405, 613193, 600838, 60819, 1953, 1440, 26488, 9, 8, 0, 0, 0, 1, 611405, 122587, 34219,
17209178, 458, 432, 17209178, 16597773, 33337, 0, 611405, 612970, 600838, 55393, 1953, 1440, 26478, 9, 8, 1, 0, 0, 1, 611405, 122587, 32724,
17209178, 459, 432, 17209178, 16597773, 33337, 0, 611405, 612970, 600838, 55393, 1953, 1440, 26478, 9, 8, 0, 0, 0, 1, 611405, 122587, 34164,
17230164, 459, 433, 17230164, 16597773, 33337, 0, 611405, 612970, 600838, 55393, 1953, 1440, 26478, 9, 8, 1, 0, 0, 1, 611405, 122587, 32724,
17230164, 460, 433, 17230164, 16597773, 33337, 0, 611405, 612970, 600838, 55393, 1953, 1440, 26478, 9, 8, 0, 0, 0, 1, 611405, 122587, 34164,
17236124, 460, 435, 17236124, 16630731, 33337, 0, 605393, 612023, 600838, 57845, 1953, 1440, 26437, 9, 8, 1, 0, 0, 1, 611405, 122587, 32072,
17236124, 461, 435, 17236124, 16630731, 33337, 0, 605393, 612023, 600838, 57845, 1953, 1440, 26437, 9, 8, 0, 0, 0, 1, 611405, 122587, 33512,
17246543, 461, 436, 17246543, 16630731, 33337, 0, 605393, 612023, 600838, 57845, 1953, 1440, 26437, 9, 8, 1, 0, 0, 1, 611405, 122587, 33457,
17372218, 461, 438, 17372218, 16760813, 33337, 0, 611405, 611946, 600838, 57845, 1953, 1440, 26434, 9, 8, 1, 0, 0, 1, 611405, 122587, 31962,
17372218, 462, 438, 17372218, 16760813, 33337, 0, 611405, 611946, 600838, 57845, 1953, 1440, 26434, 9, 8, 0, 0, 0, 1, 611405, 122587, 33402,
17393204, 462, 439, 17393204, 16760813, 33337, 0, 611405, 611946, 600838, 57845, 1953, 1440, 26434, 9, 8, 1, 0, 0, 1, 611405, 122587, 31962,
17393204, 463, 439, 17393204, 16760813, 33337, 0, 611405, 611946, 600838, 57845, 1953, 1440, 26434, 9, 8, 0, 0, 0, 1, 611405, 122587, 33402,
17404190, 463, 440, 17404190, 16760813, 33337, 0, 611405, 611946, 600838, 57845, 1953, 1440, 26434, 9, 8, 1, 0, 0, 1, 611405, 122587, 31962,
17404190, 464, 440, 17404190, 16760813, 33337, 0, 611405, 611946, 600838, 57845, 1953, 1440, 26434, 9, 8, 0, 0, 0, 1, 611405, 122587, 33402,
17415176, 464, 441, 17415176, 16760813, 33337, 0, 611405, 611946, 600838, 57845, 1953, 1440, 26434, 9, 8, 1, 0, 0, 1, 611405, 122587, 31962,
17415176, 465, 441, 17415176, 16760813, 33337, 0, 611405, 611946, 600838, 57845, 1953, 1440, 26434, 9, 8, 0, 0, 0, 1, 611405, 122587, 33402,
17426162, 465, 442, 17426162, 16760813, 33337, 0, 611405, 611946, 600838, 57845, 1953, 1440, 26434, 9, 8, 1, 0, 0, 1, 611405, 122587, 31962,
17426162, 466, 442, 17426162, 16760813, 33337, 0, 611405, 611946, 600838, 57845, 1953, 1440, 26434, 9, 8, 0, 0, 0, 1, 611405, 122587, 33402,
17437148, 466, 443, 17437148, 16760813, 33337, 0, 611405, 611946, 600838, 57845, 1597, 1440, 26434, 9, 8, 1, 0, 0, 1, 611405, 122587, 31962,
17437148, 467, 443, 17437148, 16760813, 33337, 0, 611405, 611946, 600838, 57845, 1597, 1440, 26434, 9, 8, 0, 1, 0, 1, 611405, 122587, 32620,
17437148, 468, 443, 17437148, 16760813, 33337, 0, 611405, 611946, 600838, 57845, 1597, 1440, 26434, 9, 8, 0, 1, 0, 1, 611405, 122587, 32675,
17448134, 468, 444, 17448134, 16760813, 33337, 0, 611405, 611946, 600838, 57845, 1597, 1440, 26434, 9, 8, 0, 1, 0, 1, 611405, 122587, 31235,
17459120, 468, 445, 17459120, 16760813, 33337, 0, 611405, 611946, 600838, 57845, 1597, 1440, 26434, 9, 8, 0, 1, 0, 1, 611405, 122587, 29795,
17470106, 468, 446, 17470106, 16760813, 33337, 0, 611405, 611946, 600838, 57845, 1597, 1440, 26434, 9, 8, 0, 1, 0, 1, 611405, 122587, 28355,
17470106, 469, 446, 17470106, 16760813, 33337, 0, 611405, 611946, 600838, 57845, 1597, 1440, 26434, 9, 8, 0, 1, 0, 1, 611405, 122587, 28410,
17493795, 469, 447, 17493795, 16760813, 33337, 0, 611405, 611946, 600838, 57845, 1597, 1440, 26434, 9, 8, 0, 1, 0, 1, 611405, 122587, 26970,
17520282, 469, 448, 17520282, 16760813, 33337, 0, 611405, 611946, 600838, 57845, 1597, 1440, 26434, 9, 8, 0, 1, 0, 1, 611405, 122587, 25530,
17546769, 469, 449, 17546769, 16760813, 33337, 0, 611405, 611946, 600838, 57845, 1597, 1440, 26434, 9, 8, 0, 1, 0, 1, 611405, 122587, 24090,
17573256, 469, 450, 17573256, 16760813, 33337, 0, 611405, 611946, 600838, 57845, 1597, 1440, 26434, 9, 8, 0, 1, 0, 1, 611405, 122587, 22650,
17599743, 469, 451, 17599743, 16760813, 33337, 0, 611405, 611946, 600838, 57845, 1597, 1440, 26434, 9, 8, 0, 1, 0, 1, 611405, 122587, 21210,
17616230, 469, 451, 17599743, 16760813, 33337, 0, 611405, 611946, 600838, 57845, 1597, 1440, 26434, 9, 8, 0, 1, 0, 1, 611405, 122587, 21210,
17616230, 470, 451, 17599743, 16760813, 33337, 0, 611405, 611946, 600838, 57845, 1597, 1440, 26434, 9, 8, 0, 0, 0, 1, 611405, 122587, 22650,
17616230, 471, 451, 17599743, 16760813, 33337, 0, 611405, 611946, 600838, 57845, 1597, 1440, 26434, 9, 8, 0, 0, 0, 1, 611405, 122587, 24090,
17616230, 472, 451, 17599743, 16760813, 33337, 0, 611405, 611946, 600838, 57845, 1597, 1440, 26434, 9, 8, 0, 0, 0, 1, 611405, 122587, 25530,
17616230, 473, 451, 17599743, 16760813, 33337, 0, 611405, 611946, 600838, 57845, 1597, 1440, 26434, 9, 8, 0, 0, 0, 1, 611405, 122587, 26970,
17616230, 474, 451, 17599743, 16760813, 33337, 0, 611405, 611946, 600838, 57845, 1597, 1440, 26434, 9, 8, 0, 0, 0, 1, 611405, 122587, 28410,
17621848, 475, 451, 17599743, 16760813, 33337, 0, 611405, 611946, 600838, 57845, 1597, 1440, 26434, 9, 8, 0, 0, 0, 1, 611405, 122587, 29850,
17626230, 475, 452, 17626230, 16760813, 33337, 0, 611405, 611946, 600838, 57845, 1597, 1440, 26434, 9, 8, 0, 0, 0, 1, 611405, 122587, 28410,
17648281, 476, 452, 17626230, 16760813, 33337, 0, 611405, 611946, 600838, 57845, 1597, 1440, 26434, 9, 8, 0, 0, 0, 1, 611405, 122587, 29850,
17652717, 476, 453, 17652717, 16760813, 33337, 0, 611405, 611946, 600838, 57845, 1597, 1440, 26434, 9, 8, 0, 0, 0, 1, 611405, 122587, 28410,
17674714, 477, 453, 17652717, 16760813, 33337, 0, 611405, 611946, 600838, 57845, 1597, 1440, 26434, 9, 8, 0, 0, 0, 1, 611405, 122587, 29850,
17679204, 477, 454, 17679204, 16760813, 33337, 0, 611405, 611946, 600838, 57845, 1597, 1440, 26434, 9, 8, 0, 0, 0, 1, 611405, 122587, 28410,
17701147, 478, 454, 17679204, 16760813, 33337, 0, 611405, 611946, 600838, 57845, 1597, 1440, 26434, 9, 8, 0, 0, 0, 1, 611405, 122587, 29850,
17705691, 478, 455, 17705691, 16760813, 33337, 0, 611405, 611946, 600838, 57845, 1597, 1440, 26434, 9, 8, 0, 0, 0, 1, 611405, 122587, 28410,
17727580, 479, 455, 17705691, 16760813, 33337, 0, 611405, 611946, 600838, 57845, 1597, 1440, 26434, 9, 8, 0, 0, 0, 1, 611405, 122587, 29850,
17732178, 479, 456, 17732178, 16760813, 33337, 0, 611405, 611946, 600838, 57845, 1597, 1440, 26434, 9, 8, 0, 0, 0, 1, 611405, 122587, 28410,
17754013, 480, 456, 17732178, 16760813, 33337, 0, 611405, 611946, 600838, 57845, 1597, 1440, 26434, 9, 8, 0, 0, 0, 1, 611405, 122587, 29850,
17758665, 480, 457, 17758665, 16760813, 33337, 0, 611405, 611946, 600838, 57845, 1597, 1440, 26434, 9, 8, 0, 0, 0, 1, 611405, 122587, 28410,
17780446, 481, 457, 17758665, 16760813, 33337, 0, 611405, 611946, 600838, 57845, 1597, 1440, 26434, 9, 8, 0, 0, 0, 1, 611405, 122587, 29850,
17806880, 482, 457, 17758665, 16760813, 33337, 0, 611405, 611946, 600838, 57845, 1597, 1440, 26434, 9, 8, 0, 0, 0, 1, 611405, 122587, 31290,
17830583, 482, 458, 17830583, 16760813, 33337, 0, 611405, 611946, 600838, 57845, 1597, 1440, 26434, 9, 8, 0, 0, 0, 1, 611405, 122587, 29850,
17833313, 483, 458, 17830583, 16760813, 33337, 0, 611405, 611946, 600838, 57845, 1597, 1440, 26434, 9, 8, 0, 0, 0, 1, 611405, 122587, 31290,
17851569, 483, 459, 17851569, 16760813, 33337, 0, 611405, 611946, 600838, 57845, 1597, 1440, 26434, 9, 8, 0, 0, 0, 1, 611405, 122587, 29850,
17859746, 484, 459, 17851569, 16760813, 33337, 0, 611405, 611946, 600838, 57845, 1597, 1440, 26434, 9, 8, 0, 0, 0, 1, 611405, 122587, 31290,
17862555, 484, 460, 17862555, 16760813, 33337, 0, 611405, 611946, 600838, 57845, 1597, 1440, 26434, 9, 8, 0, 0, 0, 1, 611405, 122587, 29850,
17886179, 485, 460, 17862555, 16760813, 33337, 0, 611405, 611946, 600838, 57845, 1597, 1440, 26434, 9, 8, 0, 0, 0, 1, 611405, 122587, 31290,
17912612, 486, 460, 17862555, 16760813, 33337, 0, 611405, 611946, 600838, 57845, 1597, 1440, 26434, 9, 8, 0, 0, 0, 1, 611405, 122587, 32730,
17939045, 487, 460, 17862555, 16760813, 33337, 0, 611405, 611946, 600838, 57845, 1597, 1440, 26434, 9, 8, 0, 0, 0, 1, 611405, 122587, 34170,
17993623, 487, 461, 17993623, 16760813, 33337, 0, 611405, 611946, 600838, 57845, 1597, 1440, 26434, 9, 8, 1, 0, 0, 1, 611405, 122587, 32730,
17993623, 488, 461, 17993623, 16760813, 33337, 0, 611405, 611946, 600838, 57845, 1597, 1440, 26434, 9, 8, 0, 0, 0, 1, 611405, 122587, 34170,
18014609, 488, 462, 18014609, 16760813, 33337, 0, 611405, 611946, 600838, 57845, 1597, 1440, 26434, 9, 8, 1, 0, 0, 1, 611405, 122587, 32730,
18014609, 489, 462, 18014609, 16760813, 33337, 0, 611405, 611946, 600838, 57845, 1597, 1440, 26434, 9, 8, 0, 0, 0, 1, 611405, 122587, 34170,
18025595, 489, 463, 18025595, 16760813, 33337, 0, 611405, 611946, 600838, 57845, 1597, 1440, 26434, 9, 8, 1, 0, 0, 1, 611405, 122587, 32730,
18025595, 490, 463, 18025595, 16760813, 33337, 0, 611405, 611946, 600838, 57845, 1597, 1440, 26434, 9, 8, 0, 0, 0, 1, 611405, 122587, 34170,
18036581, 490, 464, 18036581, 16760813, 33337, 0, 611405, 611946, 600838, 57845, 1597, 1440, 26434, 9, 8, 0, 0, 0, 1, 611405, 122587, 32730,
18042587, 490, 466, 18042587, 17437148, 33337, 0, 605439, 611133, 600838, 57796, 1597, 1440, 26399, 9, 8, 0, 0, 0, 1, 611405, 122587, 30632,
18044743, 491, 466, 18042587, 17437148, 33337, 0, 605439, 611133, 600838, 57796, 1597, 1440, 26399, 9, 8, 0, 0, 0, 1, 611405, 122587, 32072,
18053006, 491, 467, 18053006, 17437148, 33337, 0, 605439, 611133, 600838, 57796, 2143, 1440, 26399, 9, 8, 0, 0, 0, 1, 611405, 122587, 32017,
18071141, 492, 467, 18053006, 17437148, 33337, 0, 605439, 611133, 600838, 57796, 2143, 1440, 26399, 9, 8, 0, 0, 0, 1, 611405, 122587, 33457,
18227635, 492, 469, 18227635, 17616230, 33337, 0, 611405, 611167, 600838, 57796, 2143, 1440, 26400, 9, 8, 1, 0, 0, 1, 611405, 122587, 31962,
18227635, 493, 469, 18227635, 17616230, 33337, 0, 611405, 611167, 600838, 57796, 2143, 1440, 26400, 9, 8, 0, 0, 0, 1, 611405, 122587, 33402,
18248621, 493, 470, 18248621, 17616230, 33337, 0, 611405, 611167, 600838, 57796, 2143, 1440, 26400, 9, 8, 1, 0, 0, 1, 611405, 122587, 31962,
18248621, 494, 470, 18248621, 17616230, 33337, 0, 611405, 611167, 600838, 57796, 2143, 1440, 26400, 9, 8, 0, 0, 0, 1, 611405, 122587, 33402,
18259607, 494, 471, 18259607, 17616230, 33337, 0, 611405, 611167, 600838, 57796, 2143, 1440, 26400, 9, 8, 1, 0, 0, 1, 611405, 122587, 31962,
18259607, 495, 471, 18259607, 17616230, 33337, 0, 611405, 611167, 600838, 57796, 2143, 1440, 26400, 9, 8, 0, 0, 0, 1, 611405, 122587, 33402,
18270593, 495, 472, 18270593, 17616230, 33337, 0, 611405, 611167, 600838, 57796, 2143, 1440, 26400, 9, 8, 1, 0, 0, 1, 611405, 122587, 31962,
18270593, 496, 472, 18270593, 17616230, 33337, 0, 611405, 611167, 600838, 57796, 2143, 1440, 26400, 9, 8, 0, 0, 0, 1, 611405, 122587, 33402,
18281579, 496, 473, 18281579, 17616230, 33337, 0, 611405, 611167, 600838, 57796, 2143, 1440, 26400, 9, 8, 1, 0, 0, 1, 611405, 122587, 31962,
18281579, 497, 473, 18281579, 17616230, 33337, 0, 611405, 611167, 600838, 57796, 2143, 1440, 26400, 9, 8, 0, 0, 0, 1, 611405, 122587, 33402,
18292565, 497, 474, 18292565, 17616230, 33337, 0, 611405, 611167, 600838, 57796, 2143, 1440, 26400, 9, 8, 1, 0, 0, 1, 611405, 122587, 31962,
18292565, 498, 474, 18292565, 17616230, 33337, 0, 611405, 611167, 600838, 57796, 2143, 1440, 26400, 9, 8, 0, 1, 0, 1, 611405, 122587, 32620,
18292565, 499, 474, 18292565, 17616230, 33337, 0, 611405, 611167, 600838, 57796, 2143, 1440, 26400, 9, 8, 0, 1, 0, 1, 611405, 122587, 32675,
18303551, 499, 475, 18303551, 17616230, 33337, 0, 611405, 611167, 600838, 57796, 2143, 1440, 26400, 9, 8, 0, 1, 0, 1, 611405, 122587, 31235,
18314537, 499, 476, 18314537, 17616230, 33337, 0, 611405, 611167, 600838, 57796, 2143, 1440, 26400, 9, 8, 0, 1, 0, 1, 611405, 122587, 29795,
18325523, 499, 477, 18325523, 17616230, 33337, 0, 611405, 611167, 600838, 57796, 2143, 1440, 26400, 9, 8, 0, 1, 0, 1, 611405, 122587, 28355,
18325523, 500, 477, 18325523, 17616230, 33337, 0, 611405, 611167, 600838, 57796, 2143, 1440, 26400, 9, 8, 0, 1, 0, 1, 611405, 122587, 28410,
18348985, 500, 478, 18348985, 17616230, 33337, 0, 611405, 611167, 600838, 57796, 2143, 1440, 26400, 9, 8, 0, 1, 0, 1, 611405, 122587, 26970,
18375418, 500, 479, 18375418, 17616230, 33337, 0, 611405, 611167, 600838, 57796, 2143, 1440, 26400, 9, 8, 0, 1, 0, 1, 611405, 122587, 25530,
18401851, 500, 480, 18401851, 17616230, 33337, 0, 611405, 611167, 600838, 57796, 2143, 1440, 26400, 9, 8, 0, 1, 0, 1, 611405, 122587, 24090,
18428285, 500, 481, 18428285, 17616230, 33337, 0, 611405, 611167, 600838, 57796, 2143, 1440, 26400, 9, 8, 0, 1, 0, 1, 611405, 122587, 22650,
18454718, 500, 482, 18454718, 17616230, 33337, 0, 611405, 611167, 600838, 57796, 2143, 1440, 26400, 9, 8, 0, 1, 0, 1, 611405, 122587, 21210,
18471151, 500, 482, 18454718, 17616230, 33337, 0, 611405, 611167, 600838, 57796, 2143, 1440, 26400, 9, 8, 0, 1, 0, 1, 611405, 122587, 21210,
18471151, 501, 482, 18454718, 17616230, 33337, 0, 611405, 611167, 600838, 57796, 2143, 1440, 26400, 9, 8, 0, 0, 0, 1, 611405, 122587, 22650,
18471151, 502, 482, 18454718, 17616230, 33337, 0, 611405, 611167, 600838, 57796, 2143, 1440, 26400, 9, 8, 0, 0, 0, 1, 611405, 122587, 24090,
18471151, 503, 482, 18454718, 17616230, 33337, 0, 611405, 611167, 600838, 57796, 2143, 1440, 26400, 9, 8, 0, 0, 0, 1, 611405, 122587, 25530,
18471151, 504, 482, 18454718, 17616230, 33337, 0, 611405, 611167, 600838, 57796, 2143, 1440, 26400, 9, 8, 0, 0, 0, 1, 611405, 122587, 26970,
18471151, 505, 482, 18454718, 17616230, 33337, 0, 611405, 611167, 600838, 57796, 2143, 1440, 26400, 9, 8, 0, 0, 0, 1, 611405, 122587, 28410,
18476761, 506, 482, 18454718, 17616230, 33337, 0, 611405, 611167, 600838, 57796, 2143, 1440, 26400, 9, 8, 0, 0, 0, 1, 611405, 122587, 29850,
18481151, 506, 483, 18481151, 17616230, 33337, 0, 611405, 611167, 600838, 57796, 2143, 1440, 26400, 9, 8, 0, 0, 0, 1, 611405, 122587, 28410,
18503161, 507, 483, 18481151, 17616230, 33337, 0, 611405, 611167, 600838, 57796, 2143, 1440, 26400, 9, 8, 0, 0, 0, 1, 611405, 122587, 29850,
18507584, 507, 484, 18507584, 17616230, 33337, 0, 611405, 611167, 600838, 57796, 2143, 1440, 26400, 9, 8, 0, 0, 0, 1, 611405, 122587, 28410,
18529560, 508, 484, 18507584, 17616230, 33337, 0, 611405, 611167, 600838, 57796, 2143, 1440, 26400, 9, 8, 0, 0, 0, 1, 611405, 122587, 29850,
18534017, 508, 485, 18534017, 17616230, 33337, 0, 611405, 611167, 600838, 57796, 2143, 1440, 26400, 9, 8, 0, 0, 0, 1, 611405, 122587, 28410,
18555960, 509, 485, 18534017, 17616230, 33337, 0, 611405, 611167, 600838, 57796, 2143, 1440, 26400, 9, 8, 0, 0, 0, 1, 611405, 122587, 29850,
18560450, 509, 486, 18560450, 17616230, 33337, 0, 611405, 611167, 600838, 57796, 2143, 1440, 26400, 9, 8, 0, 0, 0, 1, 611405, 122587, 28410,
18582359, 510, 486, 18560450, 17616230, 33337, 0, 611405, 611167, 600838, 57796, 2143, 1440, 26400, 9, 8, 0, 0, 0, 1, 611405, 122587, 29850,
18608759, 511, 486, 18560450, 17616230, 33337, 0, 611405, 611167, 600838, 57796, 2143, 1440, 26400, 9, 8, 0, 0, 0, 1, 611405, 122587, 31290,
18615028, 511, 487, 18615028, 17616230, 33337, 0, 611405, 611167, 600838, 57796, 2143, 1440, 26400, 9, 8, 0, 0, 0, 1, 611405, 122587, 29850,
18635158, 512, 487, 18615028, 17616230, 33337, 0, 611405, 611167, 600838, 57796, 2143, 1440, 26400, 9, 8, 0, 0, 0, 1, 611405, 122587, 31290,
18636014, 512, 488, 18636014, 17616230, 33337, 0, 611405, 611167, 600838, 57796, 2143, 1440, 26400, 9, 8, 0, 0, 0, 1, 611405, 122587, 29850,
18647000, 512, 489, 18647000, 17616230, 33337, 0, 611405, 611167, 600838, 57796, 2143, 1440, 26400, 9, 8, 0, 0, 0, 1, 611405, 122587, 28410,
18661558, 513, 489, 18647000, 17616230, 33337, 0, 611405, 611167, 600838, 57796, 2143, 1440, 26400, 9, 8, 0, 0, 0, 1, 611405, 122587, 29850,
18666148, 513, 490, 18666148, 17616230, 33337, 0, 611405, 611167, 600838, 57796, 2063, 1440, 26400, 9, 8, 0, 0, 0, 1, 611405, 122587, 28410,
18687957, 514, 490, 18666148, 17616230, 33337, 0, 611405, 611167, 600838, 57796, 2063, 1440, 26400, 9, 8, 0, 0, 0, 1, 611405, 122587, 29850,
18692546, 514, 491, 18692546, 17616230, 33337, 0, 611405, 611167, 600838, 57796, 2063, 1440, 26400, 9, 8, 0, 0, 0, 1, 611405, 122587, 28410,
18714357, 515, 491, 18692546, 17616230, 33337, 0, 611405, 611167, 600838, 57796, 2063, 1440, 26400, 9, 8, 0, 0, 0, 1, 611405, 122587, 29850,
18740756, 516, 491, 18692546, 17616230, 33337, 0, 611405, 611167, 600838, 57796, 2063, 1440, 26400, 9, 8, 0, 0, 0, 1, 611405, 122587, 31290,
18767156, 517, 491, 18692546, 17616230, 33337, 0, 611405, 611167, 600838, 57796, 2063, 1440, 26400, 9, 8, 0, 0, 0, 1, 611405, 122587, 32730,
18793556, 518, 491, 18692546, 17616230, 33337, 0, 611405, 611167, 600838, 57796, 2063, 1440, 26400, 9, 8, 0, 0, 0, 1, 611405, 122587, 34170,
18849040, 518, 492, 18849040, 17616230, 33337, 0, 611405, 611167, 600838, 57796, 2063, 1440, 26400, 9, 8, 1, 0, 0, 1, 611405, 122587, 32730,
18849040, 519, 492, 18849040, 17616230, 33337, 0, 611405, 611167, 600838, 57796, 2063, 1440, 26400, 9, 8, 0, 0, 0, 1, 611405, 122587, 34170,
18870026, 519, 493, 18870026, 17616230, 33337, 0, 611405, 611167, 600838, 57796, 2063, 1440, 26400, 9, 8, 1, 0, 0, 1, 611405, 122587, 32730,
18870026, 520, 493, 18870026, 17616230, 33337, 0, 611405, 611167, 600838, 57796, 2063, 1440, 26400, 9, 8, 0, 0, 0, 1, 611405, 122587, 34170,
18881012, 520, 494, 18881012, 17616230, 33337, 0, 611405, 611167, 600838, 57796, 2063, 1440, 26400, 9, 8, 1, 0, 0, 1, 611405, 122587, 32730,
18881012, 521, 494, 18881012, 17616230, 33337, 0, 611405, 611167, 600838, 57796, 2063, 1440, 26400, 9, 8, 0, 0, 0, 1, 611405, 122587, 34170,
18891998, 521, 495, 18891998, 17616230, 33337, 0, 611405, 611167, 600838, 57796, 2063, 1440, 26400, 9, 8, 0, 0, 0, 1, 611405, 122587, 32730,
18898004, 521, 497, 18898004, 18292565, 33337, 0, 605439, 610451, 600838, 57796, 2063, 1440, 26369, 9, 8, 0, 0, 0, 1, 611405, 122587, 30632,
18899123, 522, 497, 18898004, 18292565, 33337, 0, 605439, 610451, 600838, 57796, 2063, 1440, 26369, 9, 8, 0, 0, 0, 1, 611405, 122587, 32072,
18908423, 522, 498, 18908423, 18292565, 33337, 0, 605439, 610451, 600838, 57796, 2063, 1440, 26369, 9, 8, 0, 0, 0, 1, 611405, 122587, 32017,
18925491, 523, 498, 18908423, 18292565, 33337, 0, 605439, 610451, 600838, 57796, 2063, 1440, 26369, 9, 8, 0, 0, 0, 1, 611405, 122587, 33457,
19082556, 523, 500, 19082556, 18471151, 33337, 0, 611405, 610570, 600838, 57796, 2063, 1440, 26374, 9, 8, 1, 0, 0, 1, 611405, 122587, 31962,
19082556, 524, 500, 19082556, 18471151, 33337, 0, 611405, 610570, 600838, 57796, 2063, 1440, 26374, 9, 8, 0, 0, 0, 1, 611405, 122587, 33402,
19103542, 524, 501, 19103542, 18471151, 33337, 0, 611405, 610570, 600838, 57796, 2063, 1440, 26374, 9, 8, 1, 0, 0, 1, 611405, 122587, 31962,
19103542, 525, 501, 19103542, 18471151, 33337, 0, 611405, 610570, 600838, 57796, 2063, 1440, 26374, 9, 8, 0, 0, 0, 1, 611405, 122587, 33402,
19114528, 525, 502, 19114528, 18471151, 33337, 0, 611405, 610570, 600838, 57796, 2063, 1440, 26374, 9, 8, 1, 0, 0, 1, 611405, 122587, 31962,
19114528, 526, 502, 19114528, 18471151, 33337, 0, 611405, 610570, 600838, 57796, 2063, 1440, 26374, 9, 8, 0, 0, 0, 1, 611405, 122587, 33402,
19125514, 526, 503, 19125514, 18471151, 33337, 0, 611405, 610570, 600838, 57796, 2063, 1440, 26374, 9, 8, 1, 0, 0, 1, 611405, 122587, 31962,
19125514, 527, 503, 19125514, 18471151, 33337, 0, 611405, 610570, 600838, 57796, 2063, 1440, 26374, 9, 8, 0, 0, 0, 1, 611405, 122587, 33402,
19136500, 527, 504, 19136500, 18471151, 33337, 0, 611405, 610570, 600838, 57796, 2063, 1440, 26374, 9, 8, 1, 0, 0, 1, 611405, 122587, 31962,
19136500, 528, 504, 19136500, 18471151, 33337, 0, 611405, 610570, 600838, 57796, 2063, 1440, 26374, 9, 8, 0, 0, 0, 1, 611405, 122587, 33402,
19147486, 528, 505, 19147486, 18471151, 33337, 0, 611405, 610570, 600838, 57796, 2063, 1440, 26374, 9, 8, 1, 0, 0, 1, 611405, 122587, 31962,
19147486, 529, 505, 19147486, 18471151, 33337, 0, 611405, 610570, 600838, 57796, 2063, 1440, 26374, 9, 8, 0, 1, 0, 1, 611405, 122587, 32620,
19147486, 530, 505, 19147486, 18471151, 33337, 0, 611405, 610570, 600838, 57796, 2063, 1440, 26374, 9, 8, 0, 1, 0, 1, 611405, 122587, 32675,
19158472, 530, 506, 19158472, 18471151, 33337, 0, 611405, 610570, 600838, 57796, 2063, 1440, 26374, 9, 8, 0, 1, 0, 1, 611405, 122587, 31235,
19169458, 530, 507, 19169458, 18471151, 33337, 0, 611405, 610570, 600838, 57796, 2063, 1440, 26374, 9, 8, 0, 1, 0, 1, 611405, 122587, 29795,
19180444, 530, 508, 19180444, 18471151, 33337, 0, 611405, 610570, 600838, 57796, 2063, 1440, 26374, 9, 8, 0, 1, 0, 1, 611405, 122587, 28355,
19180444, 531, 508, 19180444, 18471151, 33337, 0, 611405, 610570, 600838, 57796, 2063, 1440, 26374, 9, 8, 0, 1, 0, 1, 611405, 122587, 28410,
19203764, 531, 509, 19203764, 18471151, 33337, 0, 611405, 610570, 600838, 57796, 2063, 1440, 26374, 9, 8, 0, 1, 0, 1, 611405, 122587, 26970,
19230164, 531, 510, 19230164, 18471151, 33337, 0, 611405, 610570, 600838, 57796, 2063, 1440, 26374, 9, 8, 0, 1, 0, 1, 611405, 122587, 25530,
19256563, 531, 511, 19256563, 18471151, 33337, 0, 611405, 610570, 600838, 57796, 2063, 1440, 26374, 9, 8, 0, 1, 0, 1, 611405, 122587, 24090,
19282963, 531, 512, 19282963, 18471151, 33337, 0, 611405, 610570, 600838, 57796, 1783, 1440, 26374, 9, 8, 0, 1, 0, 1, 611405, 122587, 22650,
19309362, 531, 513, 19309362, 18471151, 33337, 0, 611405, 610570, 600838, 57796, 1783, 1440, 26374, 9, 8, 0, 1, 0, 1, 611405, 122587, 21210,
19325762, 531, 513, 19309362, 18471151, 33337, 0, 611405, 610570, 600838, 57796, 1783, 1440, 26374, 9, 8, 0, 1, 0, 1, 611405, 122587, 21210,
19325762, 532, 513, 19309362, 18471151, 33337, 0, 611405, 610570, 600838, 57796, 1783, 1440, 26374, 9, 8, 0, 0, 0, 1, 611405, 122587, 22650,
19325762, 533, 513, 19309362, 18471151, 33337, 0, 611405, 610570, 600838, 57796, 1783, 1440, 26374, 9, 8, 0, 0, 0, 1, 611405, 122587, 24090,
19325762, 534, 513, 19309362, 18471151, 33337, 0, 611405, 610570, 600838, 57796, 1783, 1440, 26374, 9, 8, 0, 0, 0, 1, 611405, 122587, 25530,
19325762, 535, 513, 19309362, 18471151, 33337, 0, 611405, 610570, 600838, 57796, 1783, 1440, 26374, 9, 8, 0, 0, 0, 1, 611405, 122587, 26970,
19325762, 536, 513, 19309362, 18471151, 33337, 0, 611405, 610570, 600838, 57796, 1783, 1440, 26374, 9, 8, 0, 0, 0, 1, 611405, 122587, 28410,
19331367, 537, 513, 19309362, 18471151, 33337, 0, 611405, 610570, 600838, 57796, 1783, 1440, 26374, 9, 8, 0, 0, 0, 1, 611405, 122587, 29850,
19335762, 537, 514, 19335762, 18471151, 33337, 0, 611405, 610570, 600838, 57796, 1783, 1440, 26374, 9, 8, 0, 0, 0, 1, 611405, 122587, 28410,
19357741, 538, 514, 19335762, 18471151, 33337, 0, 611405, 610570, 600838, 57796, 1783, 1440, 26374, 9, 8, 0, 0, 0, 1, 611405, 122587, 29850,
19362161, 538, 515, 19362161, 18471151, 33337, 0, 611405, 610570, 600838, 57796, 1783, 1440, 26374, 9, 8, 0, 0, 0, 1, 611405, 122587, 28410,
19384114, 539, 515, 19362161, 18471151, 33337, 0, 611405, 610570, 600838, 57796, 1783, 1440, 26374, 9, 8, 0, 0, 0, 1, 611405, 122587, 29850,
19388561, 539, 516, 19388561, 18471151, 33337, 0, 611405, 610570, 600838, 57796, 1783, 1440, 26374, 9, 8, 0, 0, 0, 1, 611405, 122587, 28410,
19410488, 540, 516, 19388561, 18471151, 33337, 0, 611405, 610570, 600838, 57796, 1783, 1440, 26374, 9, 8, 0, 0, 0, 1, 611405, 122587, 29850,
19414961, 540, 517, 19414961, 18471151, 33337, 0, 611405, 610570, 600838, 57796, 1783, 1440, 26374, 9, 8, 0, 0, 0, 1, 611405, 122587, 28410,
19436862, 541, 517, 19414961, 18471151, 33337, 0, 611405, 610570, 600838, 57796, 1783, 1440, 26374, 9, 8, 0, 0, 0, 1, 611405, 122587, 29850,
19463236, 542, 517, 19414961, 18471151, 33337, 0, 611405, 610570, 600838, 57796, 1783, 1440, 26374, 9, 8, 0, 0, 0, 1, 611405, 122587, 31290,
19470445, 542, 518, 19470445, 18471151, 33337, 0, 611405, 610570, 600838, 57796, 1783, 1440, 26374, 9, 8, 0, 0, 0, 1, 611405, 122587, 29850,
19489609, 543, 518, 19470445, 18471151, 33337, 0, 611405, 610570, 600838, 57796, 1783, 1440, 26374, 9, 8, 0, 0, 0, 1, 611405, 122587, 31290,
19491431, 543, 519, 19491431, 18471151, 33337, 0, 611405, 610570, 600838, 57796, 1783, 1440, 26374, 9, 8, 0, 0, 0, 1, 611405, 122587, 29850,
19502417, 543, 520, 19502417, 18471151, 33337, 0, 611405, 610570, 600838, 57796, 1783, 1440, 26374, 9, 8, 0, 0, 0, 1, 611405, 122587, 28410,
19515983, 544, 520, 19502417, 18471151, 33337, 0, 611405, 610570, 600838, 57796, 1783, 1440, 26374, 9, 8, 0, 0, 0, 1, 611405, 122587, 29850,
19520528, 544, 521, 19520528, 18471151, 33337, 0, 611405, 610570, 600838, 57796, 1783, 1440, 26374, 9, 8, 0, 0, 0, 1, 611405, 122587, 28410,
19542357, 545, 521, 19520528, 18471151, 33337, 0, 611405, 610570, 600838, 57796, 1783, 1440, 26374, 9, 8, 0, 0, 0, 1, 611405, 122587, 29850,
19546896, 545, 522, 19546896, 18471151, 33337, 0, 611405, 610570, 600838, 57796, 1783, 1440, 26374, 9, 8, 0, 0, 0, 1, 611405, 122587, 28410,
19568730, 546, 522, 19546896, 18471151, 33337, 0, 611405, 610570, 600838, 57796, 1783, 1440, 26374, 9, 8, 0, 0, 0, 1, 611405, 122587, 29850,
19595104, 547, 522, 19546896, 18471151, 33337, 0, 611405, 610570, 600838, 57796, 1783, 1440, 26374, 9, 8, 0, 0, 0, 1, 611405, 122587, 31290,
19621478, 548, 522, 19546896, 18471151, 33337, 0, 611405, 610570, 600838, 57796, 1783, 1440, 26374, 9, 8, 0, 0, 0, 1, 611405, 122587, 32730,
19647852, 549, 522, 19546896, 18471151, 33337, 0, 611405, 610570, 600838, 57796, 1783, 1440, 26374, 9, 8, 0, 0, 0, 1, 611405, 122587, 34170,
19703961, 549, 523, 19703961, 18471151, 33337, 0, 611405, 610570, 600838, 57796, 1783, 1440, 26374, 9, 8, 1, 0, 0, 1, 611405, 122587, 32730,
19703961, 550, 523, 19703961, 18471151, 33337, 0, 611405, 610570, 600838, 57796, 1783, 1440, 26374, 9, 8, 0, 0, 0, 1, 611405, 122587, 34170,
19724947, 550, 524, 19724947, 18471151, 33337, 0, 611405, 610570, 600838, 57796, 1783, 1440, 26374, 9, 8, 1, 0, 0, 1, 611405, 122587, 32730,
19724947, 551, 524, 19724947, 18471151, 33337, 0, 611405, 610570, 600838, 57796, 1783, 1440, 26374, 9, 8, 0, 0, 0, 1, 611405, 122587, 34170,
19735933, 551, 525, 19735933, 18471151, 33337, 0, 611405, 610570, 600838, 57796, 1783, 1440, 26374, 9, 8, 1, 0, 0, 1, 611405, 122587, 32730,
19735933, 552, 525, 19735933, 18471151, 33337, 0, 611405, 610570, 600838, 57796, 1783, 1440, 26374, 9, 8, 0, 0, 0, 1, 611405, 122587, 34170,
19746919, 552, 526, 19746919, 18471151, 33337, 0, 611405, 610570, 600838, 57796, 1783, 1440, 26374, 9, 8, 0, 0, 0, 1, 611405, 122587, 32730,
19752925, 552, 528, 19752925, 19147486, 33337, 0, 605439, 609929, 600838, 57796, 1783, 1440, 26347, 9, 8, 0, 0, 0, 1, 611405, 122587, 30632,
19753319, 553, 528, 19752925, 19147486, 33337, 0, 605439, 609929, 600838, 57796, 1783, 1440, 26347, 9, 8, 0, 0, 0, 1, 611405, 122587, 32072,
19763344, 553, 529, 19763344, 19147486, 33337, 0, 605439, 609929, 600838, 57796, 1783, 1440, 26347, 9, 8, 0, 0, 0, 1, 611405, 122587, 32017,
19779665, 554, 529, 19763344, 19147486, 33337, 0, 605439, 609929, 600838, 57796, 1783, 1440, 26347, 9, 8, 0, 0, 0, 1, 611405, 122587, 33457,
19937167, 554, 531, 19937167, 19325762, 33337, 0, 611405, 610113, 600838, 57796, 1513, 1440, 26355, 9, 8, 1, 0, 0, 1, 611405, 122587, 31962,
19937167, 555, 531, 19937167, 19325762, 33337, 0, 611405, 610113, 600838, 57796, 1513, 1440, 26355, 9, 8, 0, 0, 0, 1, 611405, 122587, 33402,
19958153, 555, 532, 19958153, 19325762, 33337, 0, 611405, 610113, 600838, 57796, 1513, 1440, 26355, 9, 8, 1, 0, 0, 1, 611405, 122587, 31962,
19958153, 556, 532, 19958153, 19325762, 33337, 0, 611405, 610113, 600838, 57796, 1513, 1440, 26355, 9, 8, 0, 0, 0, 1, 611405, 122587, 33402,
19969139, 556, 533, 19969139, 19325762, 33337, 0, 611405, 610113, 600838, 57796, 1513, 1440, 26355, 9, 8, 1, 0, 0, 1, 611405, 122587, 31962,
19969139, 557, 533, 19969139, 19325762, 33337, 0, 611405, 610113, 600838, 57796, 1513, 1440, 26355, 9, 8, 0, 0, 0, 1, 611405, 122587, 33402,
19980125, 557, 534, 19980125, 19325762, 33337, 0, 611405, 610113, 600838, 57796, 1513, 1440, 26355, 9, 8, 1, 0, 0, 1, 611405, 122587, 31962,
19980125, 558, 534, 19980125, 19325762, 33337, 0, 611405, 610113, 600838, 57796, 1513, 1440, 26355, 9, 8, 0, 0, 0, 1, 611405, 122587, 33402,
19991111, 558, 535, 19991111, 19325762, 33337, 0, 611405, 610113, 600838, 57796, 1513, 1440, 26355, 9, 8, 1, 0, 0, 1, 611405, 122587, 31962,
19991111, 559, 535, 19991111, 19325762, 33337, 0, 611405, 610113, 600838, 57796, 1513, 1440, 26355, 9, 8, 0, 0, 0, 1, 611405, 122587, 33402,
20002097, 559, 536, 20002097, 19325762, 33337, 0, 611405, 610113, 600838, 57796, 1513, 1440, 26355, 9, 8, 1, 0, 0, 1, 611405, 122587, 31962,
20002097, 560, 536, 20002097, 19325762, 33337, 0, 611405, 610113, 600838, 57796, 1513, 1440, 26355, 9, 8, 0, 1, 0, 1, 611405, 122587, 32620,
20002097, 561, 536, 20002097, 19325762, 33337, 0, 611405, 610113, 600838, 57796, 1513, 1440, 26355, 9, 8, 0, 1, 0, 1, 611405, 122587, 32675,
20013083, 561, 537, 20013083, 19325762, 33337, 0, 611405, 610113, 600838, 57796, 1513, 1440, 26355, 9, 8, 0, 1, 0, 1, 611405, 122587, 31235,
20024069, 561, 538, 20024069, 19325762, 33337, 0, 611405, 610113, 600838, 57796, 1513, 1440, 26355, 9, 8, 0, 1, 0, 1, 611405, 122587, 29795,
20035055, 561, 539, 20035055, 19325762, 33337, 0, 611405, 610113, 600838, 57796, 1513, 1440, 26355, 9, 8, 0, 1, 0, 1, 611405, 122587, 28355,
20035055, 562, 539, 20035055, 19325762, 33337, 0, 611405, 610113, 600838, 57796, 1513, 1440, 26355, 9, 8, 0, 1, 0, 1, 611405, 122587, 28410,
20058267, 562, 540, 20058267, 19325762, 33337, 0, 611405, 610113, 600838, 57796, 1513, 1440, 26355, 9, 8, 0, 1, 0, 1, 611405, 122587, 26970,
20084641, 562, 541, 20084641, 19325762, 33337, 0, 611405, 610113, 600838, 57796, 1513, 1440, 26355, 9, 8, 0, 1, 0, 1, 611405, 122587, 25530,
20111014, 562, 542, 20111014, 19325762, 33337, 0, 611405, 610113, 600838, 57796, 1513, 1440, 26355, 9, 8, 0, 1, 0, 1, 611405, 122587, 24090,
20137388, 562, 543, 20137388, 19325762, 33337, 0, 611405, 610113, 600838, 57796, 1513, 1440, 26355, 9, 8, 0, 1, 0, 1, 611405, 122587, 22650,
20163762, 562, 544, 20163762, 19325762, 33337, 0, 611405, 610113, 600838, 57796, 1513, 1440, 26355, 9, 8, 0, 1, 0, 1, 611405, 122587, 21210,
20180135, 562, 544, 20163762, 19325762, 33337, 0, 611405, 610113, 600838, 57796, 1513, 1440, 26355, 9, 8, 0, 1, 0, 1, 611405, 122587, 21210,
20180135, 563, 544, 20163762, 19325762, 33337, 0, 611405, 610113, 600838, 57796, 1513, 1440, 26355, 9, 8, 0, 0, 0, 1, 611405, 122587, 22650,
20180135, 564, 544, 20163762, 19325762, 33337, 0, 611405, 610113, 600838, 57796, 1513, 1440, 26355, 9, 8, 0, 0, 0, 1, 611405, 122587, 24090,
20180135, 565, 544, 20163762, 19325762, 33337, 0, 611405, 610113, 600838, 57796, 1513, 1440, 26355, 9, 8, 0, 0, 0, 1, 611405, 122587, 25530,
20180135, 566, 544, 20163762, 19325762, 33337, 0, 611405, 610113, 600838, 57796, 1513, 1440, 26355, 9, 8, 0, 0, 0, 1, 611405, 122587, 26970,
20180135, 567, 544, 20163762, 19325762, 33337, 0, 611405, 610113, 600838, 57796, 1513, 1440, 26355, 9, 8, 0, 0, 0, 1, 611405, 122587, 28410,
20185736, 568, 544, 20163762, 19325762, 33337, 0, 611405, 610113, 600838, 57796, 1513, 1440, 26355, 9, 8, 0, 0, 0, 1, 611405, 122587, 29850,
20190135, 568, 545, 20190135, 19325762, 33337, 0, 611405, 610113, 600838, 57796, 1513, 1440, 26355, 9, 8, 0, 0, 0, 1, 611405, 122587, 28410,
20212090, 569, 545, 20190135, 19325762, 33337, 0, 611405, 610113, 600838, 57796, 1513, 1440, 26355, 9, 8, 0, 0, 0, 1, 611405, 122587, 29850,
20216509, 569, 546, 20216509, 19325762, 33337, 0, 611405, 610113, 600838, 57796, 1513, 1440, 26355, 9, 8, 0, 0, 0, 1, 611405, 122587, 28410,
20238444, 570, 546, 20216509, 19325762, 33337, 0, 611405, 610113, 600838, 57796, 1513, 1440, 26355, 9, 8, 0, 0, 0, 1, 611405, 122587, 29850,
20242883, 570, 547, 20242883, 19325762, 33337, 0, 611405, 610113, 600838, 57796, 1513, 1440, 26355, 9, 8, 0, 0, 0, 1, 611405, 122587, 28410,
20264798, 571, 547, 20242883, 19325762, 33337, 0, 611405, 610113, 600838, 57796, 1513, 1440, 26355, 9, 8, 0, 0, 0, 1, 611405, 122587, 29850,
20269257, 571, 548, 20269257, 19325762, 33337, 0, 611405, 610113, 600838, 57796, 1513, 1440, 26355, 9, 8, 0, 0, 0, 1, 611405, 122587, 28410,
20291152, 572, 548, 20269257, 19325762, 33337, 0, 611405, 610113, 600838, 57796, 1513, 1440, 26355, 9, 8, 0, 0, 0, 1, 611405, 122587, 29850,
20317506, 573, 548, 20269257, 19325762, 33337, 0, 611405, 610113, 600838, 57796, 1513, 1440, 26355, 9, 8, 0, 0, 0, 1, 611405, 122587, 31290,
20325366, 573, 549, 20325366, 19325762, 33337, 0, 611405, 610113, 600838, 57796, 1513, 1440, 26355, 9, 8, 0, 0, 0, 1, 611405, 122587, 29850,
20343860, 574, 549, 20325366, 19325762, 33337, 0, 611405, 610113, 600838, 57796, 1513, 1440, 26355, 9, 8, 0, 0, 0, 1, 611405, 122587, 31290,
20346352, 574, 550, 20346352, 19325762, 33337, 0, 611405, 610113, 600838, 57796, 1513, 1440, 26355, 9, 8, 0, 0, 0, 1, 611405, 122587, 29850,
20357338, 574, 551, 20357338, 19325762, 33337, 0, 611405, 610113, 600838, 57796, 1513, 1440, 26355, 9, 8, 0, 0, 0, 1, 611405, 122587, 28410,
20370214, 575, 551, 20357338, 19325762, 33337, 0, 611405, 610113, 600838, 57796, 1513, 1440, 26355, 9, 8, 0, 0, 0, 1, 611405, 122587, 29850,
20374724, 575, 552, 20374724, 19325762, 33337, 0, 611405, 610113, 600838, 57796, 1513, 1440, 26355, 9, 8, 0, 0, 0, 1, 611405, 122587, 28410,
20396568, 576, 552, 20374724, 19325762, 33337, 0, 611405, 610113, 600838, 57796, 1513, 1440, 26355, 9, 8, 0, 0, 0, 1, 611405, 122587, 29850,
20401070, 576, 553, 20401070, 19325762, 33337, 0, 611405, 610113, 600838, 57796, 1513, 1440, 26355, 9, 8, 0, 0, 0, 1, 611405, 122587, 28410,
20422922, 577, 553, 20401070, 19325762, 33337, 0, 611405, 610113, 600838, 57796, 1513, 1440, 26355, 9, 8, 0, 0, 0, 1, 611405, 122587, 29850,
20449276, 578, 553, 20401070, 19325762, 33337, 0, 611405, 610113, 600838, 57796, 1513, 1440, 26355, 9, 8, 0, 0, 0, 1, 611405, 122587, 31290,
20475630, 579, 553, 20401070, 19325762, 33337, 0, 611405, 610113, 600838, 57796, 1513, 1440, 26355, 9, 8, 0, 0, 0, 1, 611405, 122587, 32730,
20501984, 580, 553, 20401070, 19325762, 33337, 0, 611405, 610113, 600838, 57796, 1513, 1440, 26355, 9, 8, 0, 0, 0, 1, 611405, 122587, 34170,
20558572, 580, 554, 20558572, 19325762, 33337, 0, 611405, 610113, 600838, 57796, 2124, 1440, 26355, 9, 8, 1, 0, 0, 1, 611405, 122587, 32730,
20558572, 581, 554, 20558572, 19325762, 33337, 0, 611405, 610113, 600838, 57796, 2124, 1440, 26355, 9, 8, 0, 0, 0, 1, 611405, 122587, 34170,
20579558, 581, 555, 20579558, 19325762, 33337, 0, 611405, 610113, 600838, 57796, 2124, 1440, 26355, 9, 8, 1, 0, 0, 1, 611405, 122587, 32730,
20579558, 582, 555, 20579558, 19325762, 33337, 0, 611405, 610113, 600838, 57796, 2124, 1440, 26355, 9, 8, 0, 0, 0, 1, 611405, 122587, 34170,
20590544, 582, 556, 20590544, 19325762, 33337, 0, 611405, 610113, 600838, 57796, 2124, 1440, 26355, 9, 8, 1, 0, 0, 1, 611405, 122587, 32730,
20590544, 583, 556, 20590544, 19325762, 33337, 0, 611405, 610113, 600838, 57796, 2124, 1440, 26355, 9, 8, 0, 0, 0, 1, 611405, 122587, 34170,
20601530, 583, 557, 20601530, 19325762, 33337, 0, 611405, 610113, 600838, 57796, 2124, 1440, 26355, 9, 8, 0, 0, 0, 1, 611405, 122587, 32730,
20607399, 584, 557, 20601530, 19325762, 33337, 0, 611405, 610113, 600838, 57796, 2124, 1440, 26355, 9, 8, 0, 0, 0, 1, 611405, 122587, 34170,
20607536, 584, 559, 20607536, 20002097, 33337, 0, 605439, 609529, 600838, 57796, 2124, 1440, 26329, 9, 8, 0, 0, 0, 1, 611405, 122587, 32072,
20617955, 584, 560, 20617955, 20002097, 33337, 0, 605439, 609529, 600838, 57796, 2124, 1440, 26329, 9, 8, 0, 0, 0, 1, 611405, 122587, 32017,
20633728, 585, 560, 20617955, 20002097, 33337, 0, 605439, 609529, 600838, 57796, 2124, 1440, 26329, 9, 8, 0, 0, 0, 1, 611405, 122587, 33457,
20791540, 585, 562, 20791540, 20180135, 33337, 0, 611405, 609763, 600838, 57796, 2124, 1440, 26339, 9, 8, 1, 0, 0, 1, 611405, 122587, 31962,
20791540, 586, 562, 20791540, 20180135, 33337, 0, 611405, 609763, 600838, 57796, 2124, 1440, 26339, 9, 8, 0, 0, 0, 1, 611405, 122587, 33402,
20812526, 586, 563, 20812526, 20180135, 33337, 0, 611405, 609763, 600838, 57796, 2124, 1440, 26339, 9, 8, 1, 0, 0, 1, 611405, 122587, 31962,
20812526, 587, 563, 20812526, 20180135, 33337, 0, 611405, 609763, 600838, 57796, 2124, 1440, 26339, 9, 8, 0, 0, 0, 1, 611405, 122587, 33402,
20823512, 587, 564, 20823512, 20180135, 33337, 0, 611405, 609763, 600838, 57796, 2124, 1440, 26339, 9, 8, 1, 0, 0, 1, 611405, 122587, 31962,
20823512, 588, 564, 20823512, 20180135, 33337, 0, 611405, 609763, 600838, 57796, 2124, 1440, 26339, 9, 8, 0, 0, 0, 1, 611405, 122587, 33402,
20834498, 588, 565, 20834498, 20180135, 33337, 0, 611405, 609763, 600838, 57796, 2124, 1440, 26339, 9, 8, 1, 0, 0, 1, 611405, 122587, 31962,
20834498, 589, 565, 20834498, 20180135, 33337, 0, 611405, 609763, 600838, 57796, 2124, 1440, 26339, 9, 8, 0, 0, 0, 1, 611405, 122587, 33402,
20845484, 589, 566, 20845484, 20180135, 33337, 0, 611405, 609763, 600838, 57796, 2124, 1440, 26339, 9, 8, 1, 0, 0, 1, 611405, 122587, 31962,
20845484, 590, 566, 20845484, 20180135, 33337, 0, 611405, 609763, 600838, 57796, 2124, 1440, 26339, 9, 8, 0, 0, 0, 1, 611405, 122587, 33402,
20856470, 590, 567, 20856470, 20180135, 33337, 0, 611405, 609763, 600838, 57796, 2124, 1440, 26339, 9, 8, 1, 0, 0, 1, 611405, 122587, 31962,
20856470, 591, 567, 20856470, 20180135, 33337, 0, 611405, 609763, 600838, 57796, 2124, 1440, 26339, 9, 8, 0, 1, 0, 1, 611405, 122587, 32620,
20856470, 592, 567, 20856470, 20180135, 33337, 0, 611405, 609763, 600838, 57796, 2124, 1440, 26339, 9, 8, 0, 1, 0, 1, 611405, 122587, 32675,
20867456, 592, 568, 20867456, 20180135, 33337, 0, 611405, 609763, 600838, 57796, 2124, 1440, 26339, 9, 8, 0, 1, 0, 1, 611405, 122587, 31235,
20878442, 592, 569, 20878442, 20180135, 33337, 0, 611405, 609763, 600838, 57796, 2124, 1440, 26339, 9, 8, 0, 1, 0, 1, 611405, 122587, 29795,
20889428, 592, 570, 20889428, 20180135, 33337, 0, 611405, 609763, 600838, 57796, 2124, 1440, 26339, 9, 8, 0, 1, 0, 1, 611405, 122587, 28355,
20889428, 593, 570, 20889428, 20180135, 33337, 0, 611405, 609763, 600838, 57796, 2124, 1440, 26339, 9, 8, 0, 1, 0, 1, 611405, 122587, 28410,
20912557, 593, 571, 20912557, 20180135, 33337, 0, 611405, 609763, 600838, 57796, 2124, 1440, 26339, 9, 8, 0, 1, 0, 1, 611405, 122587, 26970,
20938911, 593, 572, 20938911, 20180135, 33337, 0, 611405, 609763, 600838, 57796, 2124, 1440, 26339, 9, 8, 0, 1, 0, 1, 611405, 122587, 25530,
20965265, 593, 573, 20965265, 20180135, 33337, 0, 611405, 609763, 600838, 57796, 2124, 1440, 26339, 9, 8, 0, 1, 0, 1, 611405, 122587, 24090,
20991619, 593, 574, 20991619, 20180135, 33337, 0, 611405, 609763, 600838, 57796, 2124, 1440, 26339, 9, 8, 0, 1, 0, 1, 611405, 122587, 22650,
21017973, 593, 575, 21017973, 20180135, 33337, 0, 611405, 609763, 600838, 57796, 2124, 1440, 26339, 9, 8, 0, 1, 0, 1, 611405, 122587, 21210,
21034327, 593, 575, 21017973, 20180135, 33337, 0, 611405, 609763, 600838, 57796, 2124, 1440, 26339, 9, 8, 0, 1, 0, 1, 611405, 122587, 21210,
21034327, 594, 575, 21017973, 20180135, 33337, 0, 611405, 609763, 600838, 57796, 2124, 1440, 26339, 9, 8, 0, 0, 0, 1, 611405, 122587, 22650,
21034327, 595, 575, 21017973, 20180135, 33337, 0, 611405, 609763, 600838, 57796, 2124, 1440, 26339, 9, 8, 0, 0, 0, 1, 611405, 122587, 24090,
21034327, 596, 575, 21017973, 20180135, 33337, 0, 611405, 609763, 600838, 57796, 2124, 1440, 26339, 9, 8, 0, 0, 0, 1, 611405, 122587, 25530,
21034327, 597, 575, 21017973, 20180135, 33337, 0, 611405, 609763, 600838, 57796, 2124, 1440, 26339, 9, 8, 0, 0, 0, 1, 611405, 122587, 26970,
21034327, 598, 575, 21017973, 20180135, 33337, 0, 611405, 609763, 600838, 57796, 2124, 1440, 26339, 9, 8, 0, 0, 0, 1, 611405, 122587, 28410,
21039925, 599, 575, 21017973, 20180135, 33337, 0, 611405, 609763, 600838, 57796, 2124, 1440, 26339, 9, 8, 0, 0, 0, 1, 611405, 122587, 29850,
21044327, 599, 576, 21044327, 20180135, 33337, 0, 611405, 609763, 600838, 57796, 2124, 1440, 26339, 9, 8, 0, 0, 0, 1, 611405, 122587, 28410,
21066263, 600, 576, 21044327, 20180135, 33337, 0, 611405, 609763, 600838, 57796, 2124, 1440, 26339, 9, 8, 0, 0, 0, 1, 611405, 122587, 29850,
21070681, 600, 577, 21070681, 20180135, 33337, 0, 611405, 609763, 600838, 57796, 2124, 1440, 26339, 9, 8, 0, 0, 0, 1, 611405, 122587, 28410,
21092602, 601, 577, 21070681, 20180135, 33337, 0, 611405, 609763, 600838, 57796, 2124, 1440, 26339, 9, 8, 0, 0, 0, 1, 611405, 122587, 29850,
21097035, 601, 578, 21097035, 20180135, 33337, 0, 611405, 609763, 600838, 57796, 2124, 1440, 26339, 9, 8, 0, 0, 0, 1, 611405, 122587, 28410,
21118941, 602, 578, 21097035, 20180135, 33337, 0, 611405, 609763, 600838, 57796, 2124, 1440, 26339, 9, 8, 0, 0, 0, 1, 611405, 122587, 29850,
21123389, 602, 579, 21123389, 20180135, 33337, 0, 611405, 609763, 600838, 57796, 2124, 1440, 26339, 9, 8, 0, 0, 0, 1, 611405, 122587, 28410,
21145280, 603, 579, 21123389, 20180135, 33337, 0, 611405, 609763, 600838, 57796, 2124, 1440, 26339, 9, 8, 0, 0, 0, 1, 611405, 122587, 29850,
21171619, 604, 579, 21123389, 20180135, 33337, 0, 611405, 609763, 600838, 57796, 2124, 1440, 26339, 9, 8, 0, 0, 0, 1, 611405, 122587, 31290,
21179977, 604, 580, 21179977, 20180135, 33337, 0, 611405, 609763, 600838, 57796, 2212, 1440, 26339, 9, 8, 0, 0, 0, 1, 611405, 122587, 29850,
21197958, 605, 580, 21179977, 20180135, 33337, 0, 611405, 609763, 600838, 57796, 2212, 1440, 26339, 9, 8, 0, 0, 0, 1, 611405, 122587, 31290,
21200963, 605, 581, 21200963, 20180135, 33337, 0, 611405, 609763, 600838, 57796, 2212, 1440, 26339, 9, 8, 0, 0, 0, 1, 611405, 122587, 29850,
21211949, 605, 582, 21211949, 20180135, 33337, 0, 611405, 609763, 600838, 57796, 2212, 1440, 26339, 9, 8, 0, 0, 0, 1, 611405, 122587, 28410,
21224297, 606, 582, 21211949, 20180135, 33337, 0, 611405, 609763, 600838, 57796, 2212, 1440, 26339, 9, 8, 0, 0, 0, 1, 611405, 122587, 29850,
21228804, 606, 583, 21228804, 20180135, 33337, 0, 611405, 609763, 600838, 57796, 2212, 1440, 26339, 9, 8, 0, 0, 0, 1, 611405, 122587, 28410,
21250635, 607, 583, 21228804, 20180135, 33337, 0, 611405, 609763, 600838, 57796, 2212, 1440, 26339, 9, 8, 0, 0, 0, 1, 611405, 122587, 29850,
21255133, 607, 584, 21255133, 20180135, 33337, 0, 611405, 609763, 600838, 57796, 2212, 1440, 26339, 9, 8, 0, 0, 0, 1, 611405, 122587, 28410,
21276974, 608, 584, 21255133, 20180135, 33337, 0, 611405, 609763, 600838, 57796, 2212, 1440, 26339, 9, 8, 0, 0, 0, 1, 611405, 122587, 29850,
21303313, 609, 584, 21255133, 20180135, 33337, 0, 611405, 609763, 600838, 57796, 2212, 1440, 26339, 9, 8, 0, 0, 0, 1, 611405, 122587, 31290,
21329652, 610, 584, 21255133, 20180135, 33337, 0, 611405, 609763, 600838, 57796, 2212, 1440, 26339, 9, 8, 0, 0, 0, 1, 611405, 122587, 32730,
21355991, 611, 584, 21255133, 20180135, 33337, 0, 611405, 609763, 600838, 57796, 2212, 1440, 26339, 9, 8, 0, 0, 0, 1, 611405, 122587, 34170,
21412945, 611, 585, 21412945, 20180135, 33337, 0, 611405, 609763, 600838, 57796, 2212, 1440, 26339, 9, 8, 1, 0, 0, 1, 611405, 122587, 32730,
21412945, 612, 585, 21412945, 20180135, 33337, 0, 611405, 609763, 600838, 57796, 2212, 1440, 26339, 9, 8, 0, 0, 0, 1, 611405, 122587, 34170,
21433931, 612, 586, 21433931, 20180135, 33337, 0, 611405, 609763, 600838, 57796, 2212, 1440, 26339, 9, 8, 1, 0, 0, 1, 611405, 122587, 32730,
21433931, 613, 586, 21433931, 20180135, 33337, 0, 611405, 609763, 600838, 57796, 2212, 1440, 26339, 9, 8, 0, 0, 0, 1, 611405, 122587, 34170,
21444917, 613, 587, 21444917, 20180135, 33337, 0, 611405, 609763, 600838, 57796, 2212, 1440, 26339, 9, 8, 1, 0, 0, 1, 611405, 122587, 32730,
21444917, 614, 587, 21444917, 20180135, 33337, 0, 611405, 609763, 600838, 57796, 2212, 1440, 26339, 9, 8, 0, 0, 0, 1, 611405, 122587, 34170,
21455903, 614, 588, 21455903, 20180135, 33337, 0, 611405, 609763, 600838, 57796, 2212, 1440, 26339, 9, 8, 0, 0, 0, 1, 611405, 122587, 32730,
21461346, 615, 588, 21455903, 20180135, 33337, 0, 611405, 609763, 600838, 57796, 2212, 1440, 26339, 9, 8, 0, 0, 0, 1, 611405, 122587, 34170,
21461909, 615, 590, 21461909, 20856470, 33337, 0, 605439, 609223, 600838, 57796, 2212, 1440, 26316, 9, 8, 0, 0, 0, 1, 611405, 122587, 32072,
21472328, 615, 591, 21472328, 20856470, 33337, 0, 605439, 609223, 600838, 57796, 2212, 1440, 26316, 9, 8, 0, 0, 0, 1, 611405, 122587, 32017,
21487662, 616, 591, 21472328, 20856470, 33337, 0, 605439, 609223, 600838, 57796, 2212, 1440, 26316, 9, 8, 0, 0, 0, 1, 611405, 122587, 33457,
21645732, 616, 593, 21645732, 21034327, 33337, 0, 611405, 609495, 600838, 57796, 2212, 1440, 26328, 9, 8, 1, 0, 0, 1, 611405, 122587, 31962,
21645732, 617, 593, 21645732, 21034327, 33337, 0, 611405, 609495, 600838, 57796, 2212, 1440, 26328, 9, 8, 0, 0, 0, 1, 611405, 122587, 33402,
21666718, 617, 594, 21666718, 21034327, 33337, 0, 611405, 609495, 600838, 57796, 2212, 1440, 26328, 9, 8, 1, 0, 0, 1, 611405, 122587, 31962,
21666718, 618, 594, 21666718, 21034327, 33337, 0, 611405, 609495, 600838, 57796, 2212, 1440, 26328, 9, 8, 0, 0, 0, 1, 611405, 122587, 33402,
21677704, 618, 595, 21677704, 21034327, 33337, 0, 611405, 609495, 600838, 57796, 2212, 1440, 26328, 9, 8, 1, 0, 0, 1, 611405, 122587, 31962,
21677704, 619, 595, 21677704, 21034327, 33337, 0, 611405, 609495, 600838, 57796, 2212, 1440, 26328, 9, 8, 0, 0, 0, 1, 611405, 122587, 33402,
21688690, 619, 596, 21688690, 21034327, 33337, 0, 611405, 609495, 600838, 57796, 2212, 1440, 26328, 9, 8, 1, 0, 0, 1, 611405, 122587, 31962,
21688690, 620, 596, 21688690, 21034327, 33337, 0, 611405, 609495, 600838, 57796, 2212, 1440, 26328, 9, 8, 0, 0, 0, 1, 611405, 122587, 33402,
21699676, 620, 597, 21699676, 21034327, 33337, 0, 611405, 609495, 600838, 57796, 2212, 1440, 26328, 9, 8, 1, 0, 0, 1, 611405, 122587, 31962,
21699676, 621, 597, 21699676, 21034327, 33337, 0, 611405, 609495, 600838, 57796, 2212, 1440, 26328, 9, 8, 0, 0, 0, 1, 611405, 122587, 33402,
21710662, 621, 598, 21710662, 21034327, 33337, 0, 611405, 609495, 600838, 57796, 2212, 1440, 26328, 9, 8, 1, 0, 0, 1, 611405, 122587, 31962,
21710662, 622, 598, 21710662, 21034327, 33337, 0, 611405, 609495, 600838, 57796, 2212, 1440, 26328, 9, 8, 0, 1, 0, 1, 611405, 122587, 32620,
21710662, 623, 598, 21710662, 21034327, 33337, 0, 611405, 609495, 600838, 57796, 2212, 1440, 26328, 9, 8, 0, 1, 0, 1, 611405, 122587, 32675,
21721648, 623, 599, 21721648, 21034327, 33337, 0, 611405, 609495, 600838, 57796, 2212, 1440, 26328, 9, 8, 0, 1, 0, 1, 611405, 122587, 31235,
21732634, 623, 600, 21732634, 21034327, 33337, 0, 611405, 609495, 600838, 57796, 2212, 1440, 26328, 9, 8, 0, 1, 0, 1, 611405, 122587, 29795,
21743620, 623, 601, 21743620, 21034327, 33337, 0, 611405, 609495, 600838, 57796, 2212, 1440, 26328, 9, 8, 0, 1, 0, 1, 611405, 122587, 28355,
21743620, 624, 601, 21743620, 21034327, 33337, 0, 611405, 609495, 600838, 57796, 2212, 1440, 26328, 9, 8, 0, 1, 0, 1, 611405, 122587, 28410,
21766685, 624, 602, 21766685, 21034327, 33337, 0, 611405, 609495, 600838, 57796, 2212, 1440, 26328, 9, 8, 0, 1, 0, 1, 611405, 122587, 26970,
21793024, 624, 603, 21793024, 21034327, 33337, 0, 611405, 609495, 600838, 57796, 1884, 1440, 26328, 9, 8, 0, 1, 0, 1, 611405, 122587, 25530,
21819363, 624, 604, 21819363, 21034327, 33337, 0, 611405, 609495, 600838, 57796, 1884, 1440, 26328, 9, 8, 0, 1, 0, 1, 611405, 122587, 24090,
21845702, 624, 605, 21845702, 21034327, 33337, 0, 611405, 609495, 600838, 57796, 1884, 1440, 26328, 9, 8, 0, 1, 0, 1, 611405, 122587, 22650,
21872040, 624, 606, 21872040, 21034327, 33337, 0, 611405, 609495, 600838, 57796, 1884, 1440, 26328, 9, 8, 0, 1, 0, 1, 611405, 122587, 21210,
21888379, 624, 606, 21872040, 21034327, 33337, 0, 611405, 609495, 600838, 57796, 1884, 1440, 26328, 9, 8, 0, 1, 0, 1, 611405, 122587, 21210,
21888379, 625, 606, 21872040, 21034327, 33337, 0, 611405, 609495, 600838, 57796, 1884, 1440, 26328, 9, 8, 0, 0, 0, 1, 611405, 122587, 22650,
21888379, 626, 606, 21872040, 21034327, 33337, 0, 611405, 609495, 600838, 57796, 1884, 1440, 26328, 9, 8, 0, 0, 0, 1, 611405, 122587, 24090,
21888379, 627, 606, 21872040, 21034327, 33337, 0, 611405, 609495, 600838, 57796, 1884, 1440, 26328, 9, 8, 0, 0, 0, 1, 611405, 122587, 25530,
21888379, 628, 606, 21872040, 21034327, 33337, 0, 611405, 609495, 600838, 57796, 1884, 1440, 26328, 9, 8, 0, 0, 0, 1, 611405, 122587, 26970,
21888379, 629, 606, 21872040, 21034327, 33337, 0, 611405, 609495, 600838, 57796, 1884, 1440, 26328, 9, 8, 0, 0, 0, 1, 611405, 122587, 28410,
21893974, 630, 606, 21872040, 21034327, 33337, 0, 611405, 609495, 600838, 57796, 1884, 1440, 26328, 9, 8, 0, 0, 0, 1, 611405, 122587, 29850,
21898379, 630, 607, 21898379, 21034327, 33337, 0, 611405, 609495, 600838, 57796, 1884, 1440, 26328, 9, 8, 0, 0, 0, 1, 611405, 122587, 28410,
21920301, 631, 607, 21898379, 21034327, 33337, 0, 611405, 609495, 600838, 57796, 1884, 1440, 26328, 9, 8, 0, 0, 0, 1, 611405, 122587, 29850,
21924718, 631, 608, 21924718, 21034327, 33337, 0, 611405, 609495, 600838, 57796, 1884, 1440, 26328, 9, 8, 0, 0, 0, 1, 611405, 122587, 28410,
21946629, 632, 608, 21924718, 21034327, 33337, 0, 611405, 609495, 600838, 57796, 1884, 1440, 26328, 9, 8, 0, 0, 0, 1, 611405, 122587, 29850,
21951057, 632, 609, 21951057, 21034327, 33337, 0, 611405, 609495, 600838, 57796, 1884, 1440, 26328, 9, 8, 0, 0, 0, 1, 611405, 122587, 28410,
21972956, 633, 609, 21951057, 21034327, 33337, 0, 611405, 609495, 600838, 57796, 1884, 1440, 26328, 9, 8, 0, 0, 0, 1, 611405, 122587, 29850,
21977396, 633, 610, 21977396, 21034327, 33337, 0, 611405, 609495, 600838, 57796, 1884, 1440, 26328, 9, 8, 0, 0, 0, 1, 611405, 122587, 28410,
21999283, 634, 610, 21977396, 21034327, 33337, 0, 611405, 609495, 600838, 57796, 1884, 1440, 26328, 9, 8, 0, 0, 0, 1, 611405, 122587, 29850,
22025610, 635, 610, 21977396, 21034327, 33337, 0, 611405, 609495, 600838, 57796, 1884, 1440, 26328, 9, 8, 0, 0, 0, 1, 611405, 122587, 31290,
22034350, 635, 611, 22034350, 21034327, 33337, 0, 611405, 609495, 600838, 57796, 1884, 1440, 26328, 9, 8, 0, 0, 0, 1, 611405, 122587, 29850,
22051938, 636, 611, 22034350, 21034327, 33337, 0, 611405, 609495, 600838, 57796, 1884, 1440, 26328, 9, 8, 0, 0, 0, 1, 611405, 122587, 31290,
22055336, 636, 612, 22055336, 21034327, 33337, 0, 611405, 609495, 600838, 57796, 1884, 1440, 26328, 9, 8, 0, 0, 0, 1, 611405, 122587, 29850,
22066322, 636, 613, 22066322, 21034327, 33337, 0, 611405, 609495, 600838, 57796, 1884, 1440, 26328, 9, 8, 0, 0, 0, 1, 611405, 122587, 28410,
22078265, 637, 613, 22066322, 21034327, 33337, 0, 611405, 609495, 600838, 57796, 1884, 1440, 26328, 9, 8, 0, 0, 0, 1, 611405, 122587, 29850,
22082751, 637, 614, 22082751, 21034327, 33337, 0, 611405, 609495, 600838, 57796, 1884, 1440, 26328, 9, 8, 0, 0, 0, 1, 611405, 122587, 28410,
22104592, 638, 614, 22082751, 21034327, 33337, 0, 611405, 609495, 600838, 57796, 1884, 1440, 26328, 9, 8, 0, 0, 0, 1, 611405, 122587, 29850,
22109067, 638, 615, 22109067, 21034327, 33337, 0, 611405, 609495, 600838, 57796, 1884, 1440, 26328, 9, 8, 0, 0, 0, 1, 611405, 122587, 28410,
22130920, 639, 615, 22109067, 21034327, 33337, 0, 611405, 609495, 600838, 57796, 1884, 1440, 26328, 9, 8, 0, 0, 0, 1, 611405, 122587, 29850,
22157247, 640, 615, 22109067, 21034327, 33337, 0, 611405, 609495, 600838, 57796, 1884, 1440, 26328, 9, 8, 0, 0, 0, 1, 611405, 122587, 31290,
22183574, 641, 615, 22109067, 21034327, 33337, 0, 611405, 609495, 600838, 57796, 1884, 1440, 26328, 9, 8, 0, 0, 0, 1, 611405, 122587, 32730,
22209901, 642, 615, 22109067, 21034327, 33337, 0, 611405, 609495, 600838, 57796, 1884, 1440, 26328, 9, 8, 0, 0, 0, 1, 611405, 122587, 34170,
22267137, 642, 616, 22267137, 21034327, 33337, 0, 611405, 609495, 600838, 57796, 1884, 1440, 26328, 9, 8, 1, 0, 0, 1, 611405, 122587, 32730,
22267137, 643, 616, 22267137, 21034327, 33337, 0, 611405, 609495, 600838, 57796, 1884, 1440, 26328, 9, 8, 0, 0, 0, 1, 611405, 122587, 34170,
22288123, 643, 617, 22288123, 21034327, 33337, 0, 611405, 609495, 600838, 57796, 1884, 1440, 26328, 9, 8, 1, 0, 0, 1, 611405, 122587, 32730,
22288123, 644, 617, 22288123, 21034327, 33337, 0, 611405, 609495, 600838, 57796, 1884, 1440, 26328, 9, 8, 0, 0, 0, 1, 611405, 122587, 34170,
22299109, 644, 618, 22299109, 21034327, 33337, 0, 611405, 609495, 600838, 57796, 1884, 1440, 26328, 9, 8, 1, 0, 0, 1, 611405, 122587, 32730,
22299109, 645, 618, 22299109, 21034327, 33337, 0, 611405, 609495, 600838, 57796, 1884, 1440, 26328, 9, 8, 0, 0, 0, 1, 611405, 122587, 34170,
22310095, 645, 619, 22310095, 21034327, 33337, 0, 611405, 609495, 600838, 57796, 1884, 1440, 26328, 9, 8, 0, 0, 0, 1, 611405, 122587, 32730,
22315211, 646, 619, 22310095, 21034327, 33337, 0, 611405, 609495, 600838, 57796, 1884, 1440, 26328, 9, 8, 0, 0, 0, 1, 611405, 122587, 34170,
22316101, 646, 621, 22316101, 21710662, 33337, 0, 605439, 608988, 600838, 57796, 1884, 1440, 26306, 9, 8, 0, 0, 0, 1, 611405, 122587, 32072,
22326520, 646, 622, 22326520, 21710662, 33337, 0, 605439, 608988, 600838, 57796, 1884, 1440, 26306, 9, 8, 0, 0, 0, 1, 611405, 122587, 32017,
22341516, 647, 622, 22326520, 21710662, 33337, 0, 605439, 608988, 600838, 57796, 1884, 1440, 26306, 9, 8, 0, 0, 0, 1, 611405, 122587, 33457,
22499784, 647, 624, 22499784, 21888379, 33337, 0, 611405, 609290, 600838, 57796, 1556, 1440, 26319, 9, 8, 1, 0, 0, 1, 611405, 122587, 31962,
22499784, 648, 624, 22499784, 21888379, 33337, 0, 611405, 609290, 600838, 57796, 1556, 1440, 26319, 9, 8, 0, 0, 0, 1, 611405, 122587, 33402,
22520770, 648, 625, 22520770, 21888379, 33337, 0, 611405, 609290, 600838, 57796, 1556, 1440, 26319, 9, 8, 1, 0, 0, 1, 611405, 122587, 31962,
22520770, 649, 625, 22520770, 21888379, 33337, 0, 611405, 609290, 600838, 57796, 1556, 1440, 26319, 9, 8, 0, 0, 0, 1, 611405, 122587, 33402,
22531756, 649, 626, 22531756, 21888379, 33337, 0, 611405, 609290, 600838, 57796, 1556, 1440, 26319, 9, 8, 1, 0, 0, 1, 611405, 122587, 31962,
22531756, 650, 626, 22531756, 21888379, 33337, 0, 611405, 609290, 600838, 57796, 1556, 1440, 26319, 9, 8, 0, 0, 0, 1, 611405, 122587, 33402,
22542742, 650, 627, 22542742, 21888379, 33337, 0, 611405, 609290, 600838, 57796, 1556, 1440, 26319, 9, 8, 1, 0, 0, 1, 611405, 122587, 31962,
22542742, 651, 627, 22542742, 21888379, 33337, 0, 611405, 609290, 600838, 57796, 1556, 1440, 26319, 9, 8, 0, 0, 0, 1, 611405, 122587, 33402,
22553728, 651, 628, 22553728, 21888379, 33337, 0, 611405, 609290, 600838, 57796, 1556, 1440, 26319, 9, 8, 1, 0, 0, 1, 611405, 122587, 31962,
22553728, 652, 628, 22553728, 21888379, 33337, 0, 611405, 609290, 600838, 57796, 1556, 1440, 26319, 9, 8, 0, 0, 0, 1, 611405, 122587, 33402,
22564714, 652, 629, 22564714, 21888379, 33337, 0, 611405, 609290, 600838, 57796, 1556, 1440, 26319, 9, 8, 1, 0, 0, 1, 611405, 122587, 31962,
22564714, 653, 629, 22564714, 21888379, 33337, 0, 611405, 609290, 600838, 57796, 1556, 1440, 26319, 9, 8, 0, 1, 0, 1, 611405, 122587, 32620,
22564714, 654, 629, 22564714, 21888379, 33337, 0, 611405, 609290, 600838, 57796, 1556, 1440, 26319, 9, 8, 0, 1, 0, 1, 611405, 122587, 32675,
22575700, 654, 630, 22575700, 21888379, 33337, 0, 611405, 609290, 600838, 57796, 1556, 1440, 26319, 9, 8, 0, 1, 0, 1, 611405, 122587, 31235,
22586686, 654, 631, 22586686, 21888379, 33337, 0, 611405, 609290, 600838, 57796, 1556, 1440, 26319, 9, 8, 0, 1, 0, 1, 611405, 122587, 29795,
22597672, 654, 632, 22597672, 21888379, 33337, 0, 611405, 609290, 600838, 57796, 1556, 1440, 26319, 9, 8, 0, 1, 0, 1, 611405, 122587, 28355,
22597672, 655, 632, 22597672, 21888379, 33337, 0, 611405, 609290, 600838, 57796, 1556, 1440, 26319, 9, 8, 0, 1, 0, 1, 611405, 122587, 28410,
22620688, 655, 633, 22620688, 21888379, 33337, 0, 611405, 609290, 600838, 57796, 1556, 1440, 26319, 9, 8, 0, 1, 0, 1, 611405, 122587, 26970,
22647015, 655, 634, 22647015, 21888379, 33337, 0, 611405, 609290, 600838, 57796, 1556, 1440, 26319, 9, 8, 0, 1, 0, 1, 611405, 122587, 25530,
22673343, 655, 635, 22673343, 21888379, 33337, 0, 611405, 609290, 600838, 57796, 1556, 1440, 26319, 9, 8, 0, 1, 0, 1, 611405, 122587, 24090,
22699670, 655, 636, 22699670, 21888379, 33337, 0, 611405, 609290, 600838, 57796, 1556, 1440, 26319, 9, 8, 0, 1, 0, 1, 611405, 122587, 22650,
22725997, 655, 637, 22725997, 21888379, 33337, 0, 611405, 609290, 600838, 57796, 1556, 1440, 26319, 9, 8, 0, 1, 0, 1, 611405, 122587, 21210,
22742325, 655, 637, 22725997, 21888379, 33337, 0, 611405, 609290, 600838, 57796, 1556, 1440, 26319, 9, 8, 0, 1, 0, 1, 611405, 122587, 21210,
22742325, 656, 637, 22725997, 21888379, 33337, 0, 611405, 609290, 600838, 57796, 1556, 1440, 26319, 9, 8, 0, 0, 0, 1, 611405, 122587, 22650,
22742325, 657, 637, 22725997, 21888379, 33337, 0, 611405, 609290, 600838, 57796, 1556, 1440, 26319, 9, 8, 0, 0, 0, 1, 611405, 122587, 24090,
22742325, 658, 637, 22725997, 21888379, 33337, 0, 611405, 609290, 600838, 57796, 1556, 1440, 26319, 9, 8, 0, 0, 0, 1, 611405, 122587, 25530,
22742325, 659, 637, 22725997, 21888379, 33337, 0, 611405, 609290, 600838, 57796, 1556, 1440, 26319, 9, 8, 0, 0, 0, 1, 611405, 122587, 26970,
22742325, 660, 637, 22725997, 21888379, 33337, 0, 611405, 609290, 600838, 57796, 1556, 1440, 26319, 9, 8, 0, 0, 0, 1, 611405, 122587, 28410,
22747918, 661, 637, 22725997, 21888379, 33337, 0, 611405, 609290, 600838, 57796, 1556, 1440, 26319, 9, 8, 0, 0, 0, 1, 611405, 122587, 29850,
22752325, 661, 638, 22752325, 21888379, 33337, 0, 611405, 609290, 600838, 57796, 1556, 1440, 26319, 9, 8, 0, 0, 0, 1, 611405, 122587, 28410,
22774237, 662, 638, 22752325, 21888379, 33337, 0, 611405, 609290, 600838, 57796, 1556, 1440, 26319, 9, 8, 0, 0, 0, 1, 611405, 122587, 29850,
22778652, 662, 639, 22778652, 21888379, 33337, 0, 611405, 609290, 600838, 57796, 1556, 1440, 26319, 9, 8, 0, 0, 0, 1, 611405, 122587, 28410,
22800555, 663, 639, 22778652, 21888379, 33337, 0, 611405, 609290, 600838, 57796, 1556, 1440, 26319, 9, 8, 0, 0, 0, 1, 611405, 122587, 29850,
22804979, 663, 640, 22804979, 21888379, 33337, 0, 611405, 609290, 600838, 57796, 1556, 1440, 26319, 9, 8, 0, 0, 0, 1, 611405, 122587, 28410,
22826873, 664, 640, 22804979, 21888379, 33337, 0, 611405, 609290, 600838, 57796, 1556, 1440, 26319, 9, 8, 0, 0, 0, 1, 611405, 122587, 29850,
22831306, 664, 641, 22831306, 21888379, 33337, 0, 611405, 609290, 600838, 57796, 1556, 1440, 26319, 9, 8, 0, 0, 0, 1, 611405, 122587, 28410,
22853192, 665, 641, 22831306, 21888379, 33337, 0, 611405, 609290, 600838, 57796, 1556, 1440, 26319, 9, 8, 0, 0, 0, 1, 611405, 122587, 29850,
22879510, 666, 641, 22831306, 21888379, 33337, 0, 611405, 609290, 600838, 57796, 1556, 1440, 26319, 9, 8, 0, 0, 0, 1, 611405, 122587, 31290,
22888542, 666, 642, 22888542, 21888379, 33337, 0, 611405, 609290, 600838, 57796, 1556, 1440, 26319, 9, 8, 0, 0, 0, 1, 611405, 122587, 29850,
22905829, 667, 642, 22888542, 21888379, 33337, 0, 611405, 609290, 600838, 57796, 1556, 1440, 26319, 9, 8, 0, 0, 0, 1, 611405, 122587, 31290,
22909528, 667, 643, 22909528, 21888379, 33337, 0, 611405, 609290, 600838, 57796, 1556, 1440, 26319, 9, 8, 0, 0, 0, 1, 611405, 122587, 29850,
22920514, 667, 644, 22920514, 21888379, 33337, 0, 611405, 609290, 600838, 57796, 1556, 1440, 26319, 9, 8, 0, 0, 0, 1, 611405, 122587, 28410,
22932147, 668, 644, 22920514, 21888379, 33337, 0, 611405, 609290, 600838, 57796, 1556, 1440, 26319, 9, 8, 0, 0, 0, 1, 611405, 122587, 29850,
22936616, 668, 645, 22936616, 21888379, 33337, 0, 611405, 609290, 600838, 57796, 1556, 1440, 26319, 9, 8, 0, 0, 0, 1, 611405, 122587, 28410,
22958466, 669, 645, 22936616, 21888379, 33337, 0, 611405, 609290, 600838, 57796, 1556, 1440, 26319, 9, 8, 0, 0, 0, 1, 611405, 122587, 29850,
22962921, 669, 646, 22962921, 21888379, 33337, 0, 611405, 609290, 600838, 57796, 1556, 1440, 26319, 9, 8, 0, 0, 0, 1, 611405, 122587, 28410,
22984784, 670, 646, 22962921, 21888379, 33337, 0, 611405, 609290, 600838, 57796, 1556, 1440, 26319, 9, 8, 0, 0, 0, 1, 611405, 122587, 29850,
23011102, 671, 646, 22962921, 21888379, 33337, 0, 611405, 609290, 600838, 57796, 1556, 1440, 26319, 9, 8, 0, 0, 0, 1, 611405, 122587, 31290,
23037421, 672, 646, 22962921, 21888379, 33337, 0, 611405, 609290, 600838, 57796, 1556, 1440, 26319, 9, 8, 0, 0, 0, 1, 611405, 122587, 32730,
23063739, 673, 646, 22962921, 21888379, 33337, 0, 611405, 609290, 600838, 57796, 1556, 1440, 26319, 9, 8, 0, 0, 0, 1, 611405, 122587, 34170,
23121189, 673, 647, 23121189, 21888379, 33337, 0, 611405, 609290, 600838, 57796, 2124, 1440, 26319, 9, 8, 1, 0, 0, 1, 611405, 122587, 32730,
23121189, 674, 647, 23121189, 21888379, 33337, 0, 611405, 609290, 600838, 57796, 2124, 1440, 26319, 9, 8, 0, 0, 0, 1, 611405, 122587, 34170,
23142175, 674, 648, 23142175, 21888379, 33337, 0, 611405, 609290, 600838, 57796, 2124, 1440, 26319, 9, 8, 1, 0, 0, 1, 611405, 122587, 32730,
23142175, 675, 648, 23142175, 21888379, 33337, 0, 611405, 609290, 600838, 57796, 2124, 1440, 26319, 9, 8, 0, 0, 0, 1, 611405, 122587, 34170,
23153161, 675, 649, 23153161, 21888379, 33337, 0, 611405, 609290, 600838, 57796, 2124, 1440, 26319, 9, 8, 1, 0, 0, 1, 611405, 122587, 32730,
23153161, 676, 649, 23153161, 21888379, 33337, 0, 611405, 609290, 600838, 57796, 2124, 1440, 26319, 9, 8, 0, 0, 0, 1, 611405, 122587, 34170,
23164147, 676, 650, 23164147, 21888379, 33337, 0, 611405, 609290, 600838, 57796, 2124, 1440, 26319, 9, 8, 0, 0, 0, 1, 611405, 122587, 32730,
23169013, 677, 650, 23164147, 21888379, 33337, 0, 611405, 609290, 600838, 57796, 2124, 1440, 26319, 9, 8, 0, 0, 0, 1, 611405, 122587, 34170,
23170153, 677, 652, 23170153, 22564714, 33337, 0, 605439, 608809, 600838, 57796, 2124, 1440, 26298, 9, 8, 0, 0, 0, 1, 611405, 122587, 32072,
23180572, 677, 653, 23180572, 22564714, 33337, 0, 605439, 608809, 600838, 57796, 2124, 1440, 26298, 9, 8, 0, 0, 0, 1, 611405, 122587, 32017,
23195311, 678, 653, 23180572, 22564714, 33337, 0, 605439, 608809, 600838, 57796, 2124, 1440, 26298, 9, 8, 0, 0, 0, 1, 611405, 122587, 33457,
23353730, 678, 655, 23353730, 22742325, 33337, 0, 611405, 609133, 600838, 57796, 2124, 1440, 26312, 9, 8, 1, 0, 0, 1, 611405, 122587, 31962,
23353730, 679, 655, 23353730, 22742325, 33337, 0, 611405, 609133, 600838, 57796, 2124, 1440, 26312, 9, 8, 0, 0, 0, 1, 611405, 122587, 33402,
23374716, 679, 656, 23374716, 22742325, 33337, 0, 611405, 609133, 600838, 57796, 2124, 1440, 26312, 9, 8, 1, 0, 0, 1, 611405, 122587, 31962,
23374716, 680, 656, 23374716, 22742325, 33337, 0, 611405, 609133, 600838, 57796, 2124, 1440, 26312, 9, 8, 0, 0, 0, 1, 611405, 122587, 33402,
23385702, 680, 657, 23385702, 22742325, 33337, 0, 611405, 609133, 600838, 57796, 2124, 1440, 26312, 9, 8, 1, 0, 0, 1, 611405, 122587, 31962,
23385702, 681, 657, 23385702, 22742325, 33337, 0, 611405, 609133, 600838, 57796, 2124, 1440, 26312, 9, 8, 0, 0, 0, 1, 611405, 122587, 33402,
23396688, 681, 658, 23396688, 22742325, 33337, 0, 611405, 609133, 600838, 57796, 2124, 1440, 26312, 9, 8, 1, 0, 0, 1, 611405, 122587, 31962,
23396688, 682, 658, 23396688, 22742325, 33337, 0, 611405, 609133, 600838, 57796, 2124, 1440, 26312, 9, 8, 0, 0, 0, 1, 611405, 122587, 33402,
23407674, 682, 659, 23407674, 22742325, 33337, 0, 611405, 609133, 600838, 57796, 2124, 1440, 26312, 9, 8, 1, 0, 0, 1, 611405, 122587, 31962,
23407674, 683, 659, 23407674, 22742325, 33337, 0, 611405, 609133, 600838, 57796, 2124, 1440, 26312, 9, 8, 0, 0, 0, 1, 611405, 122587, 33402,
23418660, 683, 660, 23418660, 22742325, 33337, 0, 611405, 609133, 600838, 57796, 2124, 1440, 26312, 9, 8, 1, 0, 0, 1, 611405, 122587, 31962,
23418660, 684, 660, 23418660, 22742325, 33337, 0, 611405, 609133, 600838, 57796, 2124, 1440, 26312, 9, 8, 0, 1, 0, 1, 611405, 122587, 32620,
23418660, 685, 660, 23418660, 22742325, 33337, 0, 611405, 609133, 600838, 57796, 2124, 1440, 26312, 9, 8, 0, 1, 0, 1, 611405, 122587, 32675,
23429646, 685, 661, 23429646, 22742325, 33337, 0, 611405, 609133, 600838, 57796, 2124, 1440, 26312, 9, 8, 0, 1, 0, 1, 611405, 122587, 31235,
23440632, 685, 662, 23440632, 22742325, 33337, 0, 611405, 609133, 600838, 57796, 2124, 1440, 26312, 9, 8, 0, 1, 0, 1, 611405, 122587, 29795,
23451618, 685, 663, 23451618, 22742325, 33337, 0, 611405, 609133, 600838, 57796, 2124, 1440, 26312, 9, 8, 0, 1, 0, 1, 611405, 122587, 28355,
23451618, 686, 663, 23451618, 22742325, 33337, 0, 611405, 609133, 600838, 57796, 2124, 1440, 26312, 9, 8, 0, 1, 0, 1, 611405, 122587, 28410,
23474597, 686, 664, 23474597, 22742325, 33337, 0, 611405, 609133, 600838, 57796, 2124, 1440, 26312, 9, 8, 0, 1, 0, 1, 611405, 122587, 26970,
23500915, 686, 665, 23500915, 22742325, 33337, 0, 611405, 609133, 600838, 57796, 2124, 1440, 26312, 9, 8, 0, 1, 0, 1, 611405, 122587, 25530,
23527234, 686, 666, 23527234, 22742325, 33337, 0, 611405, 609133, 600838, 57796, 2124, 1440, 26312, 9, 8, 0, 1, 0, 1, 611405, 122587, 24090,
23553552, 686, 667, 23553552, 22742325, 33337, 0, 611405, 609133, 600838, 57796, 2124, 1440, 26312, 9, 8, 0, 1, 0, 1, 611405, 122587, 22650,
23579871, 686, 668, 23579871, 22742325, 33337, 0, 611405, 609133, 600838, 57796, 2124, 1440, 26312, 9, 8, 0, 1, 0, 1, 611405, 122587, 21210,
23596189, 686, 668, 23579871, 22742325, 33337, 0, 611405, 609133, 600838, 57796, 2124, 1440, 26312, 9, 8, 0, 1, 0, 1, 611405, 122587, 21210,
23596189, 687, 668, 23579871, 22742325, 33337, 0, 611405, 609133, 600838, 57796, 2124, 1440, 26312, 9, 8, 0, 0, 0, 1, 611405, 122587, 22650,
23596189, 688, 668, 23579871, 22742325, 33337, 0, 611405, 609133, 600838, 57796, 2124, 1440, 26312, 9, 8, 0, 0, 0, 1, 611405, 122587, 24090,
23596189, 689, 668, 23579871, 22742325, 33337, 0, 611405, 609133, 600838, 57796, 2124, 1440, 26312, 9, 8, 0, 0, 0, 1, 611405, 122587, 25530,
23596189, 690, 668, 23579871, 22742325, 33337, 0, 611405, 609133, 600838, 57796, 2124, 1440, 26312, 9, 8, 0, 0, 0, 1, 611405, 122587, 26970,
23596189, 691, 668, 23579871, 22742325, 33337, 0, 611405, 609133, 600838, 57796, 2124, 1440, 26312, 9, 8, 0, 0, 0, 1, 611405, 122587, 28410,
23601781, 692, 668, 23579871, 22742325, 33337, 0, 611405, 609133, 600838, 57796, 2124, 1440, 26312, 9, 8, 0, 0, 0, 1, 611405, 122587, 29850,
23606189, 692, 669, 23606189, 22742325, 33337, 0, 611405, 609133, 600838, 57796, 2124, 1440, 26312, 9, 8, 0, 0, 0, 1, 611405, 122587, 28410,
23628092, 693, 669, 23606189, 22742325, 33337, 0, 611405, 609133, 600838, 57796, 2124, 1440, 26312, 9, 8, 0, 0, 0, 1, 611405, 122587, 29850,
23632507, 693, 670, 23632507, 22742325, 33337, 0, 611405, 609133, 600838, 57796, 2124, 1440, 26312, 9, 8, 0, 0, 0, 1, 611405, 122587, 28410,
23654404, 694, 670, 23632507, 22742325, 33337, 0, 611405, 609133, 600838, 57796, 2124, 1440, 26312, 9, 8, 0, 0, 0, 1, 611405, 122587, 29850,
23658826, 694, 671, 23658826, 22742325, 33337, 0, 611405, 609133, 600838, 57796, 2124, 1440, 26312, 9, 8, 0, 0, 0, 1, 611405, 122587, 28410,
23680716, 695, 671, 23658826, 22742325, 33337, 0, 611405, 609133, 600838, 57796, 2124, 1440, 26312, 9, 8, 0, 0, 0, 1, 611405, 122587, 29850,
23685144, 695, 672, 23685144, 22742325, 33337, 0, 611405, 609133, 600838, 57796, 2124, 1440, 26312, 9, 8, 0, 0, 0, 1, 611405, 122587, 28410,
23707027, 696, 672, 23685144, 22742325, 33337, 0, 611405, 609133, 600838, 57796, 2124, 1440, 26312, 9, 8, 0, 0, 0, 1, 611405, 122587, 29850,
23733339, 697, 672, 23685144, 22742325, 33337, 0, 611405, 609133, 600838, 57796, 2124, 1440, 26312, 9, 8, 0, 0, 0, 1, 611405, 122587, 31290,
23742594, 697, 673, 23742594, 22742325, 33337, 0, 611405, 609133, 600838, 57796, 2212, 1440, 26312, 9, 8, 0, 0, 0, 1, 611405, 122587, 29850,
23759651, 698, 673, 23742594, 22742325, 33337, 0, 611405, 609133, 600838, 57796, 2212, 1440, 26312, 9, 8, 0, 0, 0, 1, 611405, 122587, 31290,
23763580, 698, 674, 23763580, 22742325, 33337, 0, 611405, 609133, 600838, 57796, 2212, 1440, 26312, 9, 8, 0, 0, 0, 1, 611405, 122587, 29850,
23774566, 698, 675, 23774566, 22742325, 33337, 0, 611405, 609133, 600838, 57796, 2212, 1440, 26312, 9, 8, 0, 0, 0, 1, 611405, 122587, 28410,
23785962, 699, 675, 23774566, 22742325, 33337, 0, 611405, 609133, 600838, 57796, 2212, 1440, 26312, 9, 8, 0, 0, 0, 1, 611405, 122587, 29850,
23790418, 699, 676, 23790418, 22742325, 33337, 0, 611405, 609133, 600838, 57796, 2212, 1440, 26312, 9, 8, 0, 0, 0, 1, 611405, 122587, 28410,
23812274, 700, 676, 23790418, 22742325, 33337, 0, 611405, 609133, 600838, 57796, 2212, 1440, 26312, 9, 8, 0, 0, 0, 1, 611405, 122587, 29850,
23816716, 700, 677, 23816716, 22742325, 33337, 0, 611405, 609133, 600838, 57796, 2212, 1440, 26312, 9, 8, 0, 0, 0, 1, 611405, 122587, 28410,
23838586, 701, 677, 23816716, 22742325, 33337, 0, 611405, 609133, 600838, 57796, 2212, 1440, 26312, 9, 8, 0, 0, 0, 1, 611405, 122587, 29850,
23864897, 702, 677, 23816716, 22742325, 33337, 0, 611405, 609133, 600838, 57796, 2212, 1440, 26312, 9, 8, 0, 0, 0, 1, 611405, 122587, 31290,
23891209, 703, 677, 23816716, 22742325, 33337, 0, 611405, 609133, 600838, 57796, 2212, 1440, 26312, 9, 8, 0, 0, 0, 1, 611405, 122587, 32730,
23917521, 704, 677, 23816716, 22742325, 33337, 0, 611405, 609133, 600838, 57796, 2212, 1440, 26312, 9, 8, 0, 0, 0, 1, 611405, 122587, 34170,
23975135, 704, 678, 23975135, 22742325, 33337, 0, 611405, 609133, 600838, 57796, 2212, 1440, 26312, 9, 8, 1, 0, 0, 1, 611405, 122587, 32730,
23975135, 705, 678, 23975135, 22742325, 33337, 0, 611405, 609133, 600838, 57796, 2212, 1440, 26312, 9, 8, 0, 0, 0, 1, 611405, 122587, 34170,
23996121, 705, 679, 23996121, 22742325, 33337, 0, 611405, 609133, 600838, 57796, 2212, 1440, 26312, 9, 8, 1, 0, 0, 1, 611405, 122587, 32730,
23996121, 706, 679, 23996121, 22742325, 33337, 0, 611405, 609133, 600838, 57796, 2212, 1440, 26312, 9, 8, 0, 0, 0, 1, 611405, 122587, 34170,
24007107, 706, 680, 24007107, 22742325, 33337, 0, 611405, 609133, 600838, 57796, 2212, 1440, 26312, 9, 8, 1, 0, 0, 1, 611405, 122587, 32730,
24007107, 707, 680, 24007107, 22742325, 33337, 0, 611405, 609133, 600838, 57796, 2212, 1440, 26312, 9, 8, 0, 0, 0, 1, 611405, 122587, 34170,
24018093, 707, 681, 24018093, 22742325, 33337, 0, 611405, 609133, 600838, 57796, 2212, 1440, 26312, 9, 8, 0, 0, 0, 1, 611405, 122587, 32730,
24022767, 708, 681, 24018093, 22742325, 33337, 0, 611405, 609133, 600838, 57796, 2212, 1440, 26312, 9, 8, 0, 0, 0, 1, 611405, 122587, 34170,
24024099, 708, 683, 24024099, 23418660, 33337, 0, 605439, 608672, 600838, 57796, 2212, 1440, 26292, 9, 8, 0, 0, 0, 1, 611405, 122587, 32072,
24034518, 708, 684, 24034518, 23418660, 33337, 0, 605439, 608672, 600838, 57796, 2212, 1440, 26292, 9, 8, 0, 0, 0, 1, 611405, 122587, 32017,
24049059, 709, 684, 24034518, 23418660, 33337, 0, 605439, 608672, 600838, 57796, 2212, 1440, 26292, 9, 8, 0, 0, 0, 1, 611405, 122587, 33457,
24207594, 709, 686, 24207594, 23596189, 33337, 0, 611405, 609013, 600838, 57796, 2212, 1440, 26307, 9, 8, 1, 0, 0, 1, 611405, 122587, 31962,
24207594, 710, 686, 24207594, 23596189, 33337, 0, 611405, 609013, 600838, 57796, 2212, 1440, 26307, 9, 8, 0, 0, 0, 1, 611405, 122587, 33402,
24228580, 710, 687, 24228580, 23596189, 33337, 0, 611405, 609013, 600838, 57796, 2212, 1440, 26307, 9, 8, 1, 0, 0, 1, 611405, 122587, 31962,
24228580, 711, 687, 24228580, 23596189, 33337, 0, 611405, 609013, 600838, 57796, 2212, 1440, 26307, 9, 8, 0, 0, 0, 1, 611405, 122587, 33402,
24239566, 711, 688, 24239566, 23596189, 33337, 0, 611405, 609013, 600838, 57796, 2212, 1440, 26307, 9, 8, 1, 0, 0, 1, 611405, 122587, 31962,
24239566, 712, 688, 24239566, 23596189, 33337, 0, 611405, 609013, 600838, 57796, 2212, 1440, 26307, 9, 8, 0, 0, 0, 1, 611405, 122587, 33402,
24250552, 712, 689, 24250552, 23596189, 33337, 0, 611405, 609013, 600838, 57796, 2212, 1440, 26307, 9, 8, 1, 0, 0, 1, 611405, 122587, 31962,
24250552, 713, 689, 24250552, 23596189, 33337, 0, 611405, 609013, 600838, 57796, 2212, 1440, 26307, 9, 8, 0, 0, 0, 1, 611405, 122587, 33402,
24261538, 713, 690, 24261538, 23596189, 33337, 0, 611405, 609013, 600838, 57796, 2212, 1440, 26307, 9, 8, 1, 0, 0, 1, 611405, 122587, 31962,
24261538, 714, 690, 24261538, 23596189, 33337, 0, 611405, 609013, 600838, 57796, 2212, 1440, 26307, 9, 8, 0, 0, 0, 1, 611405, 122587, 33402,
24272524, 714, 691, 24272524, 23596189, 33337, 0, 611405, 609013, 600838, 57796, 2212, 1440, 26307, 9, 8, 1, 0, 0, 1, 611405, 122587, 31962,
24272524, 715, 691, 24272524, 23596189, 33337, 0, 611405, 609013, 600838, 57796, 2212, 1440, 26307, 9, 8, 0, 1, 0, 1, 611405, 122587, 32620,
24272524, 716, 691, 24272524, 23596189, 33337, 0, 611405, 609013, 600838, 57796, 2212, 1440, 26307, 9, 8, 0, 1, 0, 1, 611405, 122587, 32675,
24283510, 716, 692, 24283510, 23596189, 33337, 0, 611405, 609013, 600838, 57796, 2212, 1440, 26307, 9, 8, 0, 1, 0, 1, 611405, 122587, 31235,
24294496, 716, 693, 24294496, 23596189, 33337, 0, 611405, 609013, 600838, 57796, 2212, 1440, 26307, 9, 8, 0, 1, 0, 1, 611405, 122587, 29795,
24305482, 716, 694, 24305482, 23596189, 33337, 0, 611405, 609013, 600838, 57796, 2212, 1440, 26307, 9, 8, 0, 1, 0, 1, 611405, 122587, 28355,
24305482, 717, 694, 24305482, 23596189, 33337, 0, 611405, 609013, 600838, 57796, 2212, 1440, 26307, 9, 8, 0, 1, 0, 1, 611405, 122587, 28410,
24328432, 717, 695, 24328432, 23596189, 33337, 0, 611405, 609013, 600838, 57796, 2212, 1440, 26307, 9, 8, 0, 1, 0, 1, 611405, 122587, 26970,
24354744, 717, 696, 24354744, 23596189, 33337, 0, 611405, 609013, 600838, 57796, 1886, 1440, 26307, 9, 8, 0, 1, 0, 1, 611405, 122587, 25530,
24381056, 717, 697, 24381056, 23596189, 33337, 0, 611405, 609013, 600838, 57796, 1886, 1440, 26307, 9, 8, 0, 1, 0, 1, 611405, 122587, 24090,
24407367, 717, 698, 24407367, 23596189, 33337, 0, 611405, 609013, 600838, 57796, 1886, 1440, 26307, 9, 8, 0, 1, 0, 1, 611405, 122587, 22650,
24433679, 717, 699, 24433679, 23596189, 33337, 0, 611405, 609013, 600838, 57796, 1886, 1440, 26307, 9, 8, 0, 1, 0, 1, 611405, 122587, 21210,
24449991, 717, 699, 24433679, 23596189, 33337, 0, 611405, 609013, 600838, 57796, 1886, 1440, 26307, 9, 8, 0, 1, 0, 1, 611405, 122587, 21210,
24449991, 718, 699, 24433679, 23596189, 33337, 0, 611405, 609013, 600838, 57796, 1886, 1440, 26307, 9, 8, 0, 0, 0, 1, 611405, 122587, 22650,
24449991, 719, 699, 24433679, 23596189, 33337, 0, 611405, 609013, 600838, 57796, 1886, 1440, 26307, 9, 8, 0, 0, 0, 1, 611405, 122587, 24090,
24449991, 720, 699, 24433679, 23596189, 33337, 0, 611405, 609013, 600838, 57796, 1886, 1440, 26307, 9, 8, 0, 0, 0, 1, 611405, 122587, 25530,
24449991, 721, 699, 24433679, 23596189, 33337, 0, 611405, 609013, 600838, 57796, 1886, 1440, 26307, 9, 8, 0, 0, 0, 1, 611405, 122587, 26970,
24449991, 722, 699, 24433679, 23596189, 33337, 0, 611405, 609013, 600838, 57796, 1886, 1440, 26307, 9, 8, 0, 0, 0, 1, 611405, 122587, 28410,
24455582, 723, 699, 24433679, 23596189, 33337, 0, 611405, 609013, 600838, 57796, 1886, 1440, 26307, 9, 8, 0, 0, 0, 1, 611405, 122587, 29850,
24459991, 723, 700, 24459991, 23596189, 33337, 0, 611405, 609013, 600838, 57796, 1886, 1440, 26307, 9, 8, 0, 0, 0, 1, 611405, 122587, 28410,
24481888, 724, 700, 24459991, 23596189, 33337, 0, 611405, 609013, 600838, 57796, 1886, 1440, 26307, 9, 8, 0, 0, 0, 1, 611405, 122587, 29850,
24486302, 724, 701, 24486302, 23596189, 33337, 0, 611405, 609013, 600838, 57796, 1886, 1440, 26307, 9, 8, 0, 0, 0, 1, 611405, 122587, 28410,
24508195, 725, 701, 24486302, 23596189, 33337, 0, 611405, 609013, 600838, 57796, 1886, 1440, 26307, 9, 8, 0, 0, 0, 1, 611405, 122587, 29850,
24512614, 725, 702, 24512614, 23596189, 33337, 0, 611405, 609013, 600838, 57796, 1886, 1440, 26307, 9, 8, 0, 0, 0, 1, 611405, 122587, 28410,
24534501, 726, 702, 24512614, 23596189, 33337, 0, 611405, 609013, 600838, 57796, 1886, 1440, 26307, 9, 8, 0, 0, 0, 1, 611405, 122587, 29850,
24538926, 726, 703, 24538926, 23596189, 33337, 0, 611405, 609013, 600838, 57796, 1886, 1440, 26307, 9, 8, 0, 0, 0, 1, 611405, 122587, 28410,
24560807, 727, 703, 24538926, 23596189, 33337, 0, 611405, 609013, 600838, 57796, 1886, 1440, 26307, 9, 8, 0, 0, 0, 1, 611405, 122587, 29850,
24587114, 728, 703, 24538926, 23596189, 33337, 0, 611405, 609013, 600838, 57796, 1886, 1440, 26307, 9, 8, 0, 0, 0, 1, 611405, 122587, 31290,
24596540, 728, 704, 24596540, 23596189, 33337, 0, 611405, 609013, 600838, 57796, 1886, 1440, 26307, 9, 8, 0, 0, 0, 1, 611405, 122587, 29850,
24613420, 729, 704, 24596540, 23596189, 33337, 0, 611405, 609013, 600838, 57796, 1886, 1440, 26307, 9, 8, 0, 0, 0, 1, 611405, 122587, 31290,
24617526, 729, 705, 24617526, 23596189, 33337, 0, 611405, 609013, 600838, 57796, 1886, 1440, 26307, 9, 8, 0, 0, 0, 1, 611405, 122587, 29850,
24628512, 729, 706, 24628512, 23596189, 33337, 0, 611405, 609013, 600838, 57796, 1886, 1440, 26307, 9, 8, 0, 0, 0, 1, 611405, 122587, 28410,
24639727, 730, 706, 24628512, 23596189, 33337, 0, 611405, 609013, 600838, 57796, 1886, 1440, 26307, 9, 8, 0, 0, 0, 1, 611405, 122587, 29850,
24644172, 730, 707, 24644172, 23596189, 33337, 0, 611405, 609013, 600838, 57796, 1886, 1440, 26307, 9, 8, 0, 0, 0, 1, 611405, 122587, 28410,
24666033, 731, 707, 24644172, 23596189, 33337, 0, 611405, 609013, 600838, 57796, 1886, 1440, 26307, 9, 8, 0, 0, 0, 1, 611405, 122587, 29850,
24670464, 731, 708, 24670464, 23596189, 33337, 0, 611405, 609013, 600838, 57796, 1886, 1440, 26307, 9, 8, 0, 0, 0, 1, 611405, 122587, 28410,
24692340, 732, 708, 24670464, 23596189, 33337, 0, 611405, 609013, 600838, 57796, 1886, 1440, 26307, 9, 8, 0, 0, 0, 1, 611405, 122587, 29850,
24718646, 733, 708, 24670464, 23596189, 33337, 0, 611405, 609013, 600838, 57796, 1886, 1440, 26307, 9, 8, 0, 0, 0, 1, 611405, 122587, 31290,
24744953, 734, 708, 24670464, 23596189, 33337, 0, 611405, 609013, 600838, 57796, 1886, 1440, 26307, 9, 8, 0, 0, 0, 1, 611405, 122587, 32730,
24771259, 735, 708, 24670464, 23596189, 33337, 0, 611405, 609013, 600838, 57796, 1886, 1440, 26307, 9, 8, 0, 0, 0, 1, 611405, 122587, 34170,
24828999, 735, 709, 24828999, 23596189, 33337, 0, 611405, 609013, 600838, 57796, 1886, 1440, 26307, 9, 8, 1, 0, 0, 1, 611405, 122587, 32730,
24828999, 736, 709, 24828999, 23596189, 33337, 0, 611405, 609013, 600838, 57796, 1886, 1440, 26307, 9, 8, 0, 0, 0, 1, 611405, 122587, 34170,
24849985, 736, 710, 24849985, 23596189, 33337, 0, 611405, 609013, 600838, 57796, 1886, 1440, 26307, 9, 8, 1, 0, 0, 1, 611405, 122587, 32730,
24849985, 737, 710, 24849985, 23596189, 33337, 0, 611405, 609013, 600838, 57796, 1886, 1440, 26307, 9, 8, 0, 0, 0, 1, 611405, 122587, 34170,
24860971, 737, 711, 24860971, 23596189, 33337, 0, 611405, 609013, 600838, 57796, 1886, 1440, 26307, 9, 8, 1, 0, 0, 1, 611405, 122587, 32730,
24860971, 738, 711, 24860971, 23596189, 33337, 0, 611405, 609013, 600838, 57796, 1886, 1440, 26307, 9, 8, 0, 0, 0, 1, 611405, 122587, 34170,
24871957, 738, 712, 24871957, 23596189, 33337, 0, 611405, 609013, 600838, 57796, 1886, 1440, 26307, 9, 8, 0, 0, 0, 1, 611405, 122587, 32730,
24876485, 739, 712, 24871957, 23596189, 33337, 0, 611405, 609013, 600838, 57796, 1886, 1440, 26307, 9, 8, 0, 0, 0, 1, 611405, 122587, 34170,
24877963, 739, 714, 24877963, 24272524, 33337, 0, 605439, 608567, 600838, 57796, 1886, 1440, 26288, 9, 8, 0, 0, 0, 1, 611405, 122587, 32072,
24888382, 739, 715, 24888382, 24272524, 33337, 0, 605439, 608567, 600838, 57796, 1886, 1440, 26288, 9, 8, 0, 0, 0, 1, 611405, 122587, 32017,
24902772, 740, 715, 24888382, 24272524, 33337, 0, 605439, 608567, 600838, 57796, 1886, 1440, 26288, 9, 8, 0, 0, 0, 1, 611405, 122587, 33457,
25061396, 740, 717, 25061396, 24449991, 33337, 0, 611405, 608921, 600838, 57796, 1556, 1440, 26303, 9, 8, 1, 0, 0, 1, 611405, 122587, 31962,
25061396, 741, 717, 25061396, 24449991, 33337, 0, 611405, 608921, 600838, 57796, 1556, 1440, 26303, 9, 8, 0, 0, 0, 1, 611405, 122587, 33402,
25082382, 741, 718, 25082382, 24449991, 33337, 0, 611405, 608921, 600838, 57796, 1556, 1440, 26303, 9, 8, 1, 0, 0, 1, 611405, 122587, 31962,
25082382, 742, 718, 25082382, 24449991, 33337, 0, 611405, 608921, 600838, 57796, 1556, 1440, 26303, 9, 8, 0, 0, 0, 1, 611405, 122587, 33402,
25093368, 742, 719, 25093368, 24449991, 33337, 0, 611405, 608921, 600838, 57796, 1556, 1440, 26303, 9, 8, 1, 0, 0, 1, 611405, 122587, 31962,
25093368, 743, 719, 25093368, 24449991, 33337, 0, 611405, 608921, 600838, 57796, 1556, 1440, 26303, 9, 8, 0, 0, 0, 1, 611405, 122587, 33402,
25104354, 743, 720, 25104354, 24449991, 33337, 0, 611405, 608921, 600838, 57796, 1556, 1440, 26303, 9, 8, 1, 0, 0, 1, 611405, 122587, 31962,
25104354, 744, 720, 25104354, 24449991, 33337, 0, 611405, 608921, 600838, 57796, 1556, 1440, 26303, 9, 8, 0, 0, 0, 1, 611405, 122587, 33402,
25115340, 744, 721, 25115340, 24449991, 33337, 0, 611405, 608921, 600838, 57796, 1556, 1440, 26303, 9, 8, 1, 0, 0, 1, 611405, 122587, 31962,
25115340, 745, 721, 25115340, 24449991, 33337, 0, 611405, 608921, 600838, 57796, 1556, 1440, 26303, 9, 8, 0, 0, 0, 1, 611405, 122587, 33402,
25126326, 745, 722, 25126326, 24449991, 33337, 0, 611405, 608921, 600838, 57796, 1556, 1440, 26303, 9, 8, 1, 0, 0, 1, 611405, 122587, 31962,
25126326, 746, 722, 25126326, 24449991, 33337, 0, 611405, 608921, 600838, 57796, 1556, 1440, 26303, 9, 8, 0, 1, 0, 1, 611405, 122587, 32620,
25126326, 747, 722, 25126326, 24449991, 33337, 0, 611405, 608921, 600838, 57796, 1556, 1440, 26303, 9, 8, 0, 1, 0, 1, 611405, 122587, 32675,
25137312, 747, 723, 25137312, 24449991, 33337, 0, 611405, 608921, 600838, 57796, 1556, 1440, 26303, 9, 8, 0, 1, 0, 1, 611405, 122587, 31235,
25148298, 747, 724, 25148298, 24449991, 33337, 0, 611405, 608921, 600838, 57796, 1556, 1440, 26303, 9, 8, 0, 1, 0, 1, 611405, 122587, 29795,
25159284, 747, 725, 25159284, 24449991, 33337, 0, 611405, 608921, 600838, 57796, 1556, 1440, 26303, 9, 8, 0, 1, 0, 1, 611405, 122587, 28355,
25159284, 748, 725, 25159284, 24449991, 33337, 0, 611405, 608921, 600838, 57796, 1556, 1440, 26303, 9, 8, 0, 1, 0, 1, 611405, 122587, 28410,
25182212, 748, 726, 25182212, 24449991, 33337, 0, 611405, 608921, 600838, 57796, 1556, 1440, 26303, 9, 8, 0, 1, 0, 1, 611405, 122587, 26970,
25208519, 748, 727, 25208519, 24449991, 33337, 0, 611405, 608921, 600838, 57796, 1556, 1440, 26303, 9, 8, 0, 1, 0, 1, 611405, 122587, 25530,
25234825, 748, 728, 25234825, 24449991, 33337, 0, 611405, 608921, 600838, 57796, 1556, 1440, 26303, 9, 8, 0, 1, 0, 1, 611405, 122587, 24090,
25261132, 748, 729, 25261132, 24449991, 33337, 0, 611405, 608921, 600838, 57796, 1556, 1440, 26303, 9, 8, 0, 1, 0, 1, 611405, 122587, 22650,
25287438, 748, 730, 25287438, 24449991, 33337, 0, 611405, 608921, 600838, 57796, 1556, 1440, 26303, 9, 8, 0, 1, 0, 1, 611405, 122587, 21210,
25303745, 748, 730, 25287438, 24449991, 33337, 0, 611405, 608921, 600838, 57796, 1556, 1440, 26303, 9, 8, 0, 1, 0, 1, 611405, 122587, 21210,
25303745, 749, 730, 25287438, 24449991, 33337, 0, 611405, 608921, 600838, 57796, 1556, 1440, 26303, 9, 8, 0, 0, 0, 1, 611405, 122587, 22650,
25303745, 750, 730, 25287438, 24449991, 33337, 0, 611405, 608921, 600838, 57796, 1556, 1440, 26303, 9, 8, 0, 0, 0, 1, 611405, 122587, 24090,
25303745, 751, 730, 25287438, 24449991, 33337, 0, 611405, 608921, 600838, 57796, 1556, 1440, 26303, 9, 8, 0, 0, 0, 1, 611405, 122587, 25530,
25303745, 752, 730, 25287438, 24449991, 33337, 0, 611405, 608921, 600838, 57796, 1556, 1440, 26303, 9, 8, 0, 0, 0, 1, 611405, 122587, 26970,
25303745, 753, 730, 25287438, 24449991, 33337, 0, 611405, 608921, 600838, 57796, 1556, 1440, 26303, 9, 8, 0, 0, 0, 1, 611405, 122587, 28410,
25309335, 754, 730, 25287438, 24449991, 33337, 0, 611405, 608921, 600838, 57796, 1556, 1440, 26303, 9, 8, 0, 0, 0, 1, 611405, 122587, 29850,
25313745, 754, 731, 25313745, 24449991, 33337, 0, 611405, 608921, 600838, 57796, 1556, 1440, 26303, 9, 8, 0, 0, 0, 1, 611405, 122587, 28410,
25335637, 755, 731, 25313745, 24449991, 33337, 0, 611405, 608921, 600838, 57796, 1556, 1440, 26303, 9, 8, 0, 0, 0, 1, 611405, 122587, 29850,
25340051, 755, 732, 25340051, 24449991, 33337, 0, 611405, 608921, 600838, 57796, 1556, 1440, 26303, 9, 8, 0, 0, 0, 1, 611405, 122587, 28410,
25361940, 756, 732, 25340051, 24449991, 33337, 0, 611405, 608921, 600838, 57796, 1556, 1440, 26303, 9, 8, 0, 0, 0, 1, 611405, 122587, 29850,
25366358, 756, 733, 25366358, 24449991, 33337, 0, 611405, 608921, 600838, 57796, 1556, 1440, 26303, 9, 8, 0, 0, 0, 1, 611405, 122587, 28410,
25388242, 757, 733, 25366358, 24449991, 33337, 0, 611405, 608921, 600838, 57796, 1556, 1440, 26303, 9, 8, 0, 0, 0, 1, 611405, 122587, 29850,
25392664, 757, 734, 25392664, 24449991, 33337, 0, 611405, 608921, 600838, 57796, 1556, 1440, 26303, 9, 8, 0, 0, 0, 1, 611405, 122587, 28410,
25414545, 758, 734, 25392664, 24449991, 33337, 0, 611405, 608921, 600838, 57796, 1556, 1440, 26303, 9, 8, 0, 0, 0, 1, 611405, 122587, 29850,
25440847, 759, 734, 25392664, 24449991, 33337, 0, 611405, 608921, 600838, 57796, 1556, 1440, 26303, 9, 8, 0, 0, 0, 1, 611405, 122587, 31290,
25450404, 759, 735, 25450404, 24449991, 33337, 0, 611405, 608921, 600838, 57796, 1556, 1440, 26303, 9, 8, 0, 0, 0, 1, 611405, 122587, 29850,
25467150, 760, 735, 25450404, 24449991, 33337, 0, 611405, 608921, 600838, 57796, 1556, 1440, 26303, 9, 8, 0, 0, 0, 1, 611405, 122587, 31290,
25471390, 760, 736, 25471390, 24449991, 33337, 0, 611405, 608921, 600838, 57796, 1556, 1440, 26303, 9, 8, 0, 0, 0, 1, 611405, 122587, 29850,
25482376, 760, 737, 25482376, 24449991, 33337, 0, 611405, 608921, 600838, 57796, 1556, 1440, 26303, 9, 8, 0, 0, 0, 1, 611405, 122587, 28410,
25493452, 761, 737, 25482376, 24449991, 33337, 0, 611405, 608921, 600838, 57796, 1556, 1440, 26303, 9, 8, 0, 0, 0, 1, 611405, 122587, 29850,
25497890, 761, 738, 25497890, 24449991, 33337, 0, 611405, 608921, 600838, 57796, 1556, 1440, 26303, 9, 8, 0, 0, 0, 1, 611405, 122587, 28410,
25519755, 762, 738, 25497890, 24449991, 33337, 0, 611405, 608921, 600838, 57796, 1556, 1440, 26303, 9, 8, 0, 0, 0, 1, 611405, 122587, 29850,
25524177, 762, 739, 25524177, 24449991, 33337, 0, 611405, 608921, 600838, 57796, 1556, 1440, 26303, 9, 8, 0, 0, 0, 1, 611405, 122587, 28410,
25546057, 763, 739, 25524177, 24449991, 33337, 0, 611405, 608921, 600838, 57796, 1556, 1440, 26303, 9, 8, 0, 0, 0, 1, 611405, 122587, 29850,
25572360, 764, 739, 25524177, 24449991, 33337, 0, 611405, 608921, 600838, 57796, 1556, 1440, 26303, 9, 8, 0, 0, 0, 1, 611405, 122587, 31290,
25598662, 765, 739, 25524177, 24449991, 33337, 0, 611405, 608921, 600838, 57796, 1556, 1440, 26303, 9, 8, 0, 0, 0, 1, 611405, 122587, 32730,
25624965, 766, 739, 25524177, 24449991, 33337, 0, 611405, 608921, 600838, 57796, 1556, 1440, 26303, 9, 8, 0, 0, 0, 1, 611405, 122587, 34170,
25682801, 766, 740, 25682801, 24449991, 33337, 0, 611405, 608921, 600838, 57796, 2124, 1440, 26303, 9, 8, 1, 0, 0, 1, 611405, 122587, 32730,
25682801, 767, 740, 25682801, 24449991, 33337, 0, 611405, 608921, 600838, 57796, 2124, 1440, 26303, 9, 8, 0, 0, 0, 1, 611405, 122587, 34170,
25703787, 767, 741, 25703787, 24449991, 33337, 0, 611405, 608921, 600838, 57796, 2124, 1440, 26303, 9, 8, 1, 0, 0, 1, 611405, 122587, 32730,
25703787, 768, 741, 25703787, 24449991, 33337, 0, 611405, 608921, 600838, 57796, 2124, 1440, 26303, 9, 8, 0, 0, 0, 1, 611405, 122587, 34170,
25714773, 768, 742, 25714773, 24449991, 33337, 0, 611405, 608921, 600838, 57796, 2124, 1440, 26303, 9, 8, 1, 0, 0, 1, 611405, 122587, 32730,
25714773, 769, 742, 25714773, 24449991, 33337, 0, 611405, 608921, 600838, 57796, 2124, 1440, 26303, 9, 8, 0, 0, 0, 1, 611405, 122587, 34170,
25725759, 769, 743, 25725759, 24449991, 33337, 0, 611405, 608921, 600838, 57796, 2124, 1440, 26303, 9, 8, 0, 0, 0, 1, 611405, 122587, 32730,
25730175, 770, 743, 25725759, 24449991, 33337, 0, 611405, 608921, 600838, 57796, 2124, 1440, 26303, 9, 8, 0, 0, 0, 1, 611405, 122587, 34170,
25731765, 770, 745, 25731765, 25126326, 33337, 0, 605439, 608486, 600838, 57796, 2124, 1440, 26284, 9, 8, 0, 0, 0, 1, 611405, 122587, 32072,
25742184, 770, 746, 25742184, 25126326, 33337, 0, 605439, 608486, 600838, 57796, 2124, 1440, 26284, 9, 8, 0, 0, 0, 1, 611405, 122587, 32017,
25756458, 771, 746, 25742184, 25126326, 33337, 0, 605439, 608486, 600838, 57796, 2124, 1440, 26284, 9, 8, 0, 0, 0, 1, 611405, 122587, 33457,
25915150, 771, 748, 25915150, 25303745, 33337, 0, 611405, 608850, 600838, 57796, 2124, 1440, 26300, 9, 8, 1, 0, 0, 1, 611405, 122587, 31962,
25915150, 772, 748, 25915150, 25303745, 33337, 0, 611405, 608850, 600838, 57796, 2124, 1440, 26300, 9, 8, 0, 0, 0, 1, 611405, 122587, 33402,
25936136, 772, 749, 25936136, 25303745, 33337, 0, 611405, 608850, 600838, 57796, 2124, 1440, 26300, 9, 8, 1, 0, 0, 1, 611405, 122587, 31962,
25936136, 773, 749, 25936136, 25303745, 33337, 0, 611405, 608850, 600838, 57796, 2124, 1440, 26300, 9, 8, 0, 0, 0, 1, 611405, 122587, 33402,
25947122, 773, 750, 25947122, 25303745, 33337, 0, 611405, 608850, 600838, 57796, 2124, 1440, 26300, 9, 8, 1, 0, 0, 1, 611405, 122587, 31962,
25947122, 774, 750, 25947122, 25303745, 33337, 0, 611405, 608850, 600838, 57796, 2124, 1440, 26300, 9, 8, 0, 0, 0, 1, 611405, 122587, 33402,
25958108, 774, 751, 25958108, 25303745, 33337, 0, 611405, 608850, 600838, 57796, 2124, 1440, 26300, 9, 8, 1, 0, 0, 1, 611405, 122587, 31962,
25958108, 775, 751, 25958108, 25303745, 33337, 0, 611405, 608850, 600838, 57796, 2124, 1440, 26300, 9, 8, 0, 0, 0, 1, 611405, 122587, 33402,
25969094, 775, 752, 25969094, 25303745, 33337, 0, 611405, 608850, 600838, 57796, 2124, 1440, 26300, 9, 8, 1, 0, 0, 1, 611405, 122587, 31962,
25969094, 776, 752, 25969094, 25303745, 33337, 0, 611405, 608850, 600838, 57796, 2124, 1440, 26300, 9, 8, 0, 0, 0, 1, 611405, 122587, 33402,
25980080, 776, 753, 25980080, 25303745, 33337, 0, 611405, 608850, 600838, 57796, 2124, 1440, 26300, 9, 8, 1, 0, 0, 1, 611405, 122587, 31962,
25980080, 777, 753, 25980080, 25303745, 33337, 0, 611405, 608850, 600838, 57796, 2124, 1440, 26300, 9, 8, 0, 0, 0, 1, 611405, 122587, 32620,
25991066, 777, 754, 25991066, 25303745, 33337, 0, 611405, 608850, 600838, 57796, 2124, 1440, 26300, 9, 8, 0, 0, 0, 1, 611405, 122587, 31180,
26002052, 777, 755, 26002052, 25303745, 33337, 0, 611405, 608850, 600838, 57796, 2124, 1440, 26300, 9, 8, 0, 0, 0, 1, 611405, 122587, 29740,
26013038, 777, 756, 26013038, 25303745, 33337, 0, 611405, 608850, 600838, 57796, 2124, 1440, 26300, 9, 8, 0, 0, 0, 1, 611405, 122587, 28300,
26013038, 778, 756, 26013038, 25303745, 33337, 0, 611405, 608850, 600838, 57796, 2124, 1440, 26300, 9, 8, 0, 0, 0, 1, 611405, 122587, 28355,
26035950, 778, 757, 26035950, 25303745, 33337, 0, 611405, 608850, 600838, 57796, 2124, 1440, 26300, 9, 8, 0, 0, 0, 1, 611405, 122587, 26915,
26062252, 778, 758, 26062252, 25303745, 33337, 0, 611405, 608850, 600838, 57796, 2124, 1440, 26300, 9, 8, 0, 0, 0, 1, 611405, 122587, 25475,
26088555, 778, 759, 26088555, 25303745, 33337, 0, 611405, 608850, 600838, 57796, 2124, 1440, 26300, 9, 8, 0, 0, 0, 1, 611405, 122587, 24035,
26114857, 778, 760, 26114857, 25303745, 33337, 0, 611405, 608850, 600838, 57796, 2124, 1440, 26300, 9, 8, 0, 0, 0, 1, 611405, 122587, 22595,
26141160, 778, 761, 26141160, 25303745, 33337, 0, 611405, 608850, 600838, 57796, 2124, 1440, 26300, 9, 8, 0, 0, 0, 1, 611405, 122587, 21155,
26157462, 778, 761, 26141160, 25303745, 33337, 0, 611405, 608850, 600838, 57796, 2124, 1440, 26300, 9, 8, 0, 0, 0, 1, 611405, 122587, 21155,
26157462, 779, 761, 26141160, 25303745, 33337, 0, 611405, 608850, 600838, 57796, 2124, 1440, 26300, 9, 8, 0, 0, 0, 1, 611405, 122587, 21210,
26167462, 779, 762, 26167462, 25303745, 33337, 0, 611405, 608850, 600838, 57796, 2124, 1440, 26300, 9, 8, 0, 0, 0, 1, 611405, 122587, 19770,
26193765, 779, 763, 26193765, 25303745, 33337, 0, 611405, 608850, 600838, 57796, 2124, 1440, 26300, 9, 8, 0, 0, 0, 1, 611405, 122587, 18330,
26220067, 779, 764, 26220067, 25303745, 33337, 0, 611405, 608850, 600838, 57796, 2124, 1440, 26300, 9, 8, 0, 0, 0, 1, 611405, 122587, 16890,
26246370, 779, 765, 26246370, 25303745, 33337, 0, 611405, 608850, 600838, 57796, 2124, 1440, 26300, 9, 8, 0, 0, 0, 1, 611405, 122587, 15450,
26304206, 779, 766, 26304206, 25303745, 33337, 0, 611405, 608850, 600838, 57796, 2212, 1440, 26300, 9, 8, 0, 0, 0, 1, 611405, 122587, 14010,
26325192, 779, 767, 26325192, 25303745, 33337, 0, 611405, 608850, 600838, 57796, 2212, 1440, 26300, 9, 8, 0, 0, 0, 1, 611405, 122587, 12570,
26336178, 779, 768, 26336178, 25303745, 33337, 0, 611405, 608850, 600838, 57796, 2212, 1440, 26300, 9, 8, 0, 0, 0, 1, 611405, 122587, 11130,
26351580, 779, 769, 26351580, 25303745, 33337, 0, 611405, 608850, 600838, 57796, 2212, 1440, 26300, 9, 8, 0, 0, 0, 1, 611405, 122587, 9690,
26351580, 780, 769, 26351580, 25303745, 33337, 0, 611405, 608850, 600838, 57796, 2212, 1440, 26300, 9, 8, 0, 0, 0, 1, 611405, 122587, 9745,
26377863, 780, 770, 26377863, 25303745, 33337, 0, 611405, 608850, 600838, 57796, 2212, 1440, 26300, 9, 8, 0, 0, 0, 1, 611405, 122587, 8305,
26536555, 780, 771, 26536555, 25303745, 33337, 0, 611405, 608850, 600838, 57796, 2212, 1440, 26300, 9, 8, 0, 0, 0, 1, 611405, 122587, 6865,
26557541, 780, 772, 26557541, 25303745, 33337, 0, 611405, 608850, 600838, 57796, 2212, 1440, 26300, 9, 8, 0, 0, 0, 1, 611405, 122587, 5425,
26568527, 780, 773, 26568527, 25303745, 33337, 0, 611405, 608850, 600838, 57796, 2212, 1440, 26300, 9, 8, 0, 0, 0, 1, 611405, 122587, 3985,
26579513, 780, 774, 26579513, 25303745, 33337, 0, 611405, 608850, 600838, 57796, 2212, 1440, 26300, 9, 8, 0, 0, 0, 1, 611405, 122587, 2545,
26585519, 780, 776, 26585519, 25980080, 33337, 0, 605439, 608424, 600838, 57796, 2212, 1440, 26282, 9, 8, 0, 0, 0, 1, 611405, 122587, 447,
26885801, 780, 778, 26885801, 25980080, 33337, 0, 605439, 608424, 600838, 57796, 2212, 1440, 26282, 9, 8, 0, 0, 0, 1, 611405, 122587, 392,
