Run,Implementation,Mode,TestName,Status,ErrorIEV,OutputFile,NbPktSend,isPass
0," ./client -l /results/temp/quant_key.log -c false -r 20 -u  -t 3600 -v 5 -e 0xff00001d https://localhost:4443/
",client,quic_client_test_accept_maxdata0,,ivy_return_code(127)+,/results/temp/954/quic_client_test_accept_maxdata0.iev,0.0,0.0
1," ./client -l /results/temp/quant_key.log -c false -r 20 -u  -t 3600 -v 5 -e 0xff00001d https://localhost:4443/
",client,quic_client_test_no_odci0,,server_return_code(1)+ivy_return_code(1),/results/temp/1185/quic_client_test_no_odci0.iev,0.0,0.0
2," ./client -l /results/temp/quant_key.log -c false -r 20 -u  -t 3600 -v 5 -e 0xff00001d https://localhost:4443/
",client,quic_client_test_tp_acticoid_error0,,,/results/temp/588/quic_client_test_tp_acticoid_error0.iev,0.0,1.0
3," ./client -l /results/temp/quant_key.log -c false -r 20 -u  -t 3600 -v 5 -e 0xff00001d https://localhost:4443/
",client,quic_client_test_accept_maxdata0,,ivy_return_code(127)+,/results/temp/998/quic_client_test_accept_maxdata0.iev,0.0,0.0
4," ./client -l /results/temp/quant_key.log -c false -r 20 -u  -t 3600 -v 5 -e 0xff00001d https://localhost:4443/
",client,quic_client_test_tp_error0,,server_return_code(1)+ivy_return_code(1),/results/temp/290/quic_client_test_tp_error0.iev,0.0,0.0
5," ./client -l /results/temp/quant_key.log -c false -r 20 -u  -t 3600 -v 5 -e 0xff00001d https://localhost:4443/
",client,quic_client_test_double_tp_error0,,server_return_code(1)+ivy_return_code(1),/results/temp/416/quic_client_test_double_tp_error0.iev,0.0,0.0
6," ./client -l /results/temp/quant_key.log -c false -r 20 -u  -t 3600 -v 5 -e 0xff00001d https://localhost:4443/
",client,quic_client_test_accept_maxdata0,,ivy_return_code(127)+,/results/temp/937/quic_client_test_accept_maxdata0.iev,0.0,0.0
7," ./client -l /results/temp/quant_key.log -c false -r 20 -u  -t 3600 -v 5 -e 0xff00001d https://localhost:4443/
",client,quic_client_test_no_odci0,,server_return_code(1)+ivy_return_code(1),/results/temp/1196/quic_client_test_no_odci0.iev,0.0,0.0
8," ./client -l /results/temp/quant_key.log -c false -r 20 -u  -t 3600 -v 5 -e 0xff00001d https://localhost:4443/
",client,quic_client_test_newcoid_zero_error0,,"ivy_return_code(1)+"""")",/results/temp/849/quic_client_test_newcoid_zero_error0.iev,0.0,0.0
9," ./client -l /results/temp/quant_key.log -c false -r 20 -u  -t 3600 -v 5 -e 0xff00001d https://localhost:4443/
",client,quic_client_test_ext_min_ack_delay0,,,/results/temp/1242/quic_client_test_ext_min_ack_delay0.iev,0.0,1.0
10," ./client -l /results/temp/quant_key.log -c false -r 20 -u  -t 3600 -v 5 -e 0xff00001d https://localhost:4443/
",client,quic_client_test_no_odci0,,server_return_code(1)+ivy_return_code(1),/results/temp/1154/quic_client_test_no_odci0.iev,0.0,0.0
11," ./client -l /results/temp/quant_key.log -c false -r 20 -u  -t 3600 -v 5 -e 0xff00001d https://localhost:4443/
",client,quic_client_test_blocked_streams_maxstream_error0,,"ivy_return_code(1)+"""")",/results/temp/775/quic_client_test_blocked_streams_maxstream_error0.iev,0.0,0.0
12," ./client -l /results/temp/quant_key.log -c false -r 20 -u  -t 3600 -v 5 -e 0xff00001d https://localhost:4443/
",client,quic_client_test_max0,,ivy_return_code(127)+,/results/temp/63/quic_client_test_max0.iev,0.0,0.0
13," ./client -l /results/temp/quant_key.log -c false -r 20 -u  -t 3600 -v 5 -e 0xff00001d https://localhost:4443/
",client,quic_client_test_tp_error0,,server_return_code(1)+ivy_return_code(1),/results/temp/227/quic_client_test_tp_error0.iev,0.0,0.0
14," ./client -l /results/temp/quant_key.log -c false -r 20 -u  -t 3600 -v 5 -e 0xff00001d https://localhost:4443/
",client,quic_client_test_max0,,ivy_return_code(127)+,/results/temp/1/quic_client_test_max0.iev,0.0,0.0
15," ./client -l /results/temp/quant_key.log -c false -r 20 -u  -t 3600 -v 5 -e 0xff00001d https://localhost:4443/
",client,quic_client_test_tp_error0,,server_return_code(1)+ivy_return_code(1),/results/temp/209/quic_client_test_tp_error0.iev,0.0,0.0
16," ./client -l /results/temp/quant_key.log -c false -r 20 -u  -t 3600 -v 5 -e 0xff00001d https://localhost:4443/
",client,quic_client_test_blocked_streams_maxstream_error0,,"ivy_return_code(1)+"""")",/results/temp/798/quic_client_test_blocked_streams_maxstream_error0.iev,0.0,0.0
17," ./client -l /results/temp/quant_key.log -c false -r 20 -u  -t 3600 -v 5 -e 0xff00001d https://localhost:4443/
",client,,,ivy_return_code(127)+,/results/temp/357/quic_client_test_unknown0.iev,0.0,0.0
18," ./client -l /results/temp/quant_key.log -c false -r 20 -u  -t 3600 -v 5 -e 0xff00001d https://localhost:4443/
",client,quic_client_test_tp_error0,,server_return_code(1)+ivy_return_code(1),/results/temp/243/quic_client_test_tp_error0.iev,0.0,0.0
19," ./client -l /results/temp/quant_key.log -c false -r 20 -u  -t 3600 -v 5 -e 0xff00001d https://localhost:4443/
",client,quic_client_test_tp_limit_acticoid_error0,,"ivy_return_code(1)+"""")",/results/temp/601/quic_client_test_tp_limit_acticoid_error0.iev,0.0,0.0
20," ./client -l /results/temp/quant_key.log -c false -r 20 -u  -t 3600 -v 5 -e 0xff00001d https://localhost:4443/
",client,quic_client_test_tp_acticoid_error0,,,/results/temp/522/quic_client_test_tp_acticoid_error0.iev,0.0,1.0
21," ./client -l /results/temp/quant_key.log -c false -r 20 -u  -t 3600 -v 5 -e 0xff00001d https://localhost:4443/
",client,quic_client_test_tp_limit_acticoid_error0,,server_return_code(1)+ivy_return_code(1),/results/temp/698/quic_client_test_tp_limit_acticoid_error0.iev,0.0,0.0
22," ./client -l /results/temp/quant_key.log -c false -r 20 -u  -t 3600 -v 5 -e 0xff00001d https://localhost:4443/
",client,quic_client_test_blocked_streams_maxstream_error0,,"ivy_return_code(1)+"""")",/results/temp/782/quic_client_test_blocked_streams_maxstream_error0.iev,0.0,0.0
23," ./client -l /results/temp/quant_key.log -c false -r 20 -u  -t 3600 -v 5 -e 0xff00001d https://localhost:4443/
",client,quic_client_test_no_odci0,,server_return_code(1)+ivy_return_code(1),/results/temp/1182/quic_client_test_no_odci0.iev,0.0,0.0
24," ./client -l /results/temp/quant_key.log -c false -r 20 -u  -t 3600 -v 5 -e 0xff00001d https://localhost:4443/
",client,quic_client_test_accept_maxdata0,,ivy_return_code(127)+,/results/temp/969/quic_client_test_accept_maxdata0.iev,0.0,0.0
25," ./client -l /results/temp/quant_key.log -c false -r 20 -u  -t 3600 -v 5 -e 0xff00001d https://localhost:4443/
",client,quic_client_test_no_odci0,,server_return_code(1)+ivy_return_code(1),/results/temp/1126/quic_client_test_no_odci0.iev,0.0,0.0
26," ./client -l /results/temp/quant_key.log -c false -r 20 -u  -t 3600 -v 5 -e 0xff00001d https://localhost:4443/
",client,quic_client_test_max0,,ivy_return_code(127)+,/results/temp/84/quic_client_test_max0.iev,0.0,0.0
27," ./client -l /results/temp/quant_key.log -c false -r 20 -u  -t 3600 -v 5 -e 0xff00001d https://localhost:4443/
",client,quic_client_test_blocked_streams_maxstream_error0,,"ivy_return_code(1)+"""")",/results/temp/712/quic_client_test_blocked_streams_maxstream_error0.iev,0.0,0.0
28," ./client -l /results/temp/quant_key.log -c false -r 20 -u  -t 3600 -v 5 -e 0xff00001d https://localhost:4443/
",client,quic_client_test_double_tp_error0,,server_return_code(1)+ivy_return_code(1),/results/temp/487/quic_client_test_double_tp_error0.iev,0.0,0.0
29," ./client -l /results/temp/quant_key.log -c false -r 20 -u  -t 3600 -v 5 -e 0xff00001d https://localhost:4443/
",client,quic_client_test_tp_limit_acticoid_error0,,server_return_code(134)+ivy_return_code(1),/results/temp/658/quic_client_test_tp_limit_acticoid_error0.iev,0.0,0.0
30," ./client -l /results/temp/quant_key.log -c false -r 20 -u  -t 3600 -v 5 -e 0xff00001d https://localhost:4443/
",client,quic_client_test_double_tp_error0,,server_return_code(1)+ivy_return_code(1),/results/temp/451/quic_client_test_double_tp_error0.iev,0.0,0.0
31," ./client -l /results/temp/quant_key.log -c false -r 20 -u  -t 3600 -v 5 -e 0xff00001d https://localhost:4443/
",client,quic_client_test_double_tp_error0,,server_return_code(1)+ivy_return_code(1),/results/temp/477/quic_client_test_double_tp_error0.iev,0.0,0.0
32," ./client -l /results/temp/quant_key.log -c false -r 20 -u  -t 3600 -v 5 -e 0xff00001d https://localhost:4443/
",client,quic_client_test_tp_acticoid_error0,,,/results/temp/508/quic_client_test_tp_acticoid_error0.iev,0.0,1.0
33," ./client -l /results/temp/quant_key.log -c false -r 20 -u  -t 3600 -v 5 -e 0xff00001d https://localhost:4443/
",client,quic_client_test_newcoid_zero_error0,,"ivy_return_code(1)+"""")",/results/temp/861/quic_client_test_newcoid_zero_error0.iev,0.0,0.0
34," ./client -l /results/temp/quant_key.log -c false -r 20 -u  -t 3600 -v 5 -e 0xff00001d https://localhost:4443/
",client,quic_client_test_ext_min_ack_delay0,,,/results/temp/1255/quic_client_test_ext_min_ack_delay0.iev,0.0,1.0
35," ./client -l /results/temp/quant_key.log -c false -r 20 -u  -t 3600 -v 5 -e 0xff00001d https://localhost:4443/
",client,quic_client_test_tp_prefadd_error0,,server_return_code(1)+ivy_return_code(1),/results/temp/1022/quic_client_test_tp_prefadd_error0.iev,0.0,0.0
36," ./client -l /results/temp/quant_key.log -c false -r 20 -u  -t 3600 -v 5 -e 0xff00001d https://localhost:4443/
",client,quic_client_test_tp_limit_acticoid_error0,,server_return_code(134)+ivy_return_code(1),/results/temp/600/quic_client_test_tp_limit_acticoid_error0.iev,0.0,0.0
37," ./client -l /results/temp/quant_key.log -c false -r 20 -u  -t 3600 -v 5 -e 0xff00001d https://localhost:4443/
",client,quic_client_test_newcoid_zero_error0,,"ivy_return_code(1)+"""")",/results/temp/866/quic_client_test_newcoid_zero_error0.iev,0.0,0.0
38," ./client -l /results/temp/quant_key.log -c false -r 20 -u  -t 3600 -v 5 -e 0xff00001d https://localhost:4443/
",client,quic_client_test_ext_min_ack_delay0,,,/results/temp/1208/quic_client_test_ext_min_ack_delay0.iev,0.0,1.0
39," ./client -l /results/temp/quant_key.log -c false -r 20 -u  -t 3600 -v 5 -e 0xff00001d https://localhost:4443/
",client,quic_client_test_no_odci0,,server_return_code(1)+ivy_return_code(1),/results/temp/1194/quic_client_test_no_odci0.iev,0.0,0.0
40," ./client -l /results/temp/quant_key.log -c false -r 20 -u  -t 3600 -v 5 -e 0xff00001d https://localhost:4443/
",client,quic_client_test_newcoid_zero_error0,,"ivy_return_code(1)+"""")",/results/temp/848/quic_client_test_newcoid_zero_error0.iev,0.0,0.0
41," ./client -l /results/temp/quant_key.log -c false -r 20 -u  -t 3600 -v 5 -e 0xff00001d https://localhost:4443/
",client,quic_client_test_max0,,ivy_return_code(127)+,/results/temp/6/quic_client_test_max0.iev,0.0,0.0
42," ./client -l /results/temp/quant_key.log -c false -r 20 -u  -t 3600 -v 5 -e 0xff00001d https://localhost:4443/
",client,quic_client_test_accept_maxdata0,,ivy_return_code(127)+,/results/temp/920/quic_client_test_accept_maxdata0.iev,0.0,0.0
43," ./client -l /results/temp/quant_key.log -c false -r 20 -u  -t 3600 -v 5 -e 0xff00001d https://localhost:4443/
",client,quic_client_test_ext_min_ack_delay0,,,/results/temp/1228/quic_client_test_ext_min_ack_delay0.iev,0.0,1.0
44," ./client -l /results/temp/quant_key.log -c false -r 20 -u  -t 3600 -v 5 -e 0xff00001d https://localhost:4443/
",client,quic_client_test_max0,,ivy_return_code(127)+,/results/temp/95/quic_client_test_max0.iev,0.0,0.0
45," ./client -l /results/temp/quant_key.log -c false -r 20 -u  -t 3600 -v 5 -e 0xff00001d https://localhost:4443/
",client,quic_client_test_no_odci0,,server_return_code(1)+ivy_return_code(1),/results/temp/1105/quic_client_test_no_odci0.iev,0.0,0.0
46," ./client -l /results/temp/quant_key.log -c false -r 20 -u  -t 3600 -v 5 -e 0xff00001d https://localhost:4443/
",client,quic_client_test_double_tp_error0,,server_return_code(1)+ivy_return_code(1),/results/temp/469/quic_client_test_double_tp_error0.iev,0.0,0.0
47," ./client -l /results/temp/quant_key.log -c false -r 20 -u  -t 3600 -v 5 -e 0xff00001d https://localhost:4443/
",client,quic_client_test_tp_acticoid_error0,,,/results/temp/598/quic_client_test_tp_acticoid_error0.iev,0.0,1.0
48," ./client -l /results/temp/quant_key.log -c false -r 20 -u  -t 3600 -v 5 -e 0xff00001d https://localhost:4443/
",client,quic_client_test_max0,,ivy_return_code(127)+,/results/temp/3/quic_client_test_max0.iev,0.0,0.0
49," ./client -l /results/temp/quant_key.log -c false -r 20 -u  -t 3600 -v 5 -e 0xff00001d https://localhost:4443/
",client,quic_client_test_tp_error0,,server_return_code(1)+ivy_return_code(1),/results/temp/241/quic_client_test_tp_error0.iev,0.0,0.0
50," ./client -l /results/temp/quant_key.log -c false -r 20 -u  -t 3600 -v 5 -e 0xff00001d https://localhost:4443/
",client,quic_client_test_tp_error0,,server_return_code(1)+ivy_return_code(1),/results/temp/233/quic_client_test_tp_error0.iev,0.0,0.0
51," ./client -l /results/temp/quant_key.log -c false -r 20 -u  -t 3600 -v 5 -e 0xff00001d https://localhost:4443/
",client,quic_client_test_accept_maxdata0,,ivy_return_code(127)+,/results/temp/906/quic_client_test_accept_maxdata0.iev,0.0,0.0
52," ./client -l /results/temp/quant_key.log -c false -r 20 -u  -t 3600 -v 5 -e 0xff00001d https://localhost:4443/
",client,quic_client_test_tp_prefadd_error0,,server_return_code(1)+ivy_return_code(1),/results/temp/1048/quic_client_test_tp_prefadd_error0.iev,0.0,0.0
53," ./client -l /results/temp/quant_key.log -c false -r 20 -u  -t 3600 -v 5 -e 0xff00001d https://localhost:4443/
",client,,,ivy_return_code(127)+,/results/temp/365/quic_client_test_unknown0.iev,0.0,0.0
54," ./client -l /results/temp/quant_key.log -c false -r 20 -u  -t 3600 -v 5 -e 0xff00001d https://localhost:4443/
",client,quic_client_test_no_odci0,,server_return_code(1)+ivy_return_code(1),/results/temp/1173/quic_client_test_no_odci0.iev,0.0,0.0
55," ./client -l /results/temp/quant_key.log -c false -r 20 -u  -t 3600 -v 5 -e 0xff00001d https://localhost:4443/
",client,quic_client_test_tp_acticoid_error0,,,/results/temp/564/quic_client_test_tp_acticoid_error0.iev,0.0,1.0
56," ./client -l /results/temp/quant_key.log -c false -r 20 -u  -t 3600 -v 5 -e 0xff00001d https://localhost:4443/
",client,quic_client_test_tp_acticoid_error0,,,/results/temp/502/quic_client_test_tp_acticoid_error0.iev,0.0,1.0
57," ./client -l /results/temp/quant_key.log -c false -r 20 -u  -t 3600 -v 5 -e 0xff00001d https://localhost:4443/
",client,quic_client_test_tp_prefadd_error0,,server_return_code(1)+ivy_return_code(1),/results/temp/1070/quic_client_test_tp_prefadd_error0.iev,0.0,0.0
58," ./client -l /results/temp/quant_key.log -c false -r 20 -u  -t 3600 -v 5 -e 0xff00001d https://localhost:4443/
",client,quic_client_test_blocked_streams_maxstream_error0,,"ivy_return_code(1)+"""")",/results/temp/745/quic_client_test_blocked_streams_maxstream_error0.iev,0.0,0.0
59," ./client -l /results/temp/quant_key.log -c false -r 20 -u  -t 3600 -v 5 -e 0xff00001d https://localhost:4443/
",client,quic_client_test_tp_prefadd_error0,,server_return_code(1)+ivy_return_code(1),/results/temp/1072/quic_client_test_tp_prefadd_error0.iev,0.0,0.0
60," ./client -l /results/temp/quant_key.log -c false -r 20 -u  -t 3600 -v 5 -e 0xff00001d https://localhost:4443/
",client,quic_client_test_tp_acticoid_error0,,,/results/temp/592/quic_client_test_tp_acticoid_error0.iev,0.0,1.0
61," ./client -l /results/temp/quant_key.log -c false -r 20 -u  -t 3600 -v 5 -e 0xff00001d https://localhost:4443/
",client,quic_client_test_ext_min_ack_delay0,,,/results/temp/1235/quic_client_test_ext_min_ack_delay0.iev,0.0,1.0
62," ./client -l /results/temp/quant_key.log -c false -r 20 -u  -t 3600 -v 5 -e 0xff00001d https://localhost:4443/
",client,quic_client_test_tp_acticoid_error0,,,/results/temp/566/quic_client_test_tp_acticoid_error0.iev,0.0,1.0
63," ./client -l /results/temp/quant_key.log -c false -r 20 -u  -t 3600 -v 5 -e 0xff00001d https://localhost:4443/
",client,,,ivy_return_code(127)+,/results/temp/324/quic_client_test_unknown0.iev,0.0,0.0
64," ./client -l /results/temp/quant_key.log -c false -r 20 -u  -t 3600 -v 5 -e 0xff00001d https://localhost:4443/
",client,quic_client_test_blocked_streams_maxstream_error0,,"ivy_return_code(1)+"""")",/results/temp/787/quic_client_test_blocked_streams_maxstream_error0.iev,0.0,0.0
65," ./client -l /results/temp/quant_key.log -c false -r 20 -u  -t 3600 -v 5 -e 0xff00001d https://localhost:4443/
",client,quic_client_test_blocked_streams_maxstream_error0,,"ivy_return_code(1)+"""")",/results/temp/747/quic_client_test_blocked_streams_maxstream_error0.iev,0.0,0.0
66," ./client -l /results/temp/quant_key.log -c false -r 20 -u  -t 3600 -v 5 -e 0xff00001d https://localhost:4443/
",client,quic_client_test_accept_maxdata0,,ivy_return_code(127)+,/results/temp/919/quic_client_test_accept_maxdata0.iev,0.0,0.0
67," ./client -l /results/temp/quant_key.log -c false -r 20 -u  -t 3600 -v 5 -e 0xff00001d https://localhost:4443/
",client,quic_client_test_max0,,ivy_return_code(127)+,/results/temp/78/quic_client_test_max0.iev,0.0,0.0
68," ./client -l /results/temp/quant_key.log -c false -r 20 -u  -t 3600 -v 5 -e 0xff00001d https://localhost:4443/
",client,quic_client_test_tp_limit_acticoid_error0,,server_return_code(1)+ivy_return_code(1),/results/temp/675/quic_client_test_tp_limit_acticoid_error0.iev,0.0,0.0
69," ./client -l /results/temp/quant_key.log -c false -r 20 -u  -t 3600 -v 5 -e 0xff00001d https://localhost:4443/
",client,quic_client_test_tp_prefadd_error0,,server_return_code(1)+ivy_return_code(1),/results/temp/1068/quic_client_test_tp_prefadd_error0.iev,0.0,0.0
70," ./client -l /results/temp/quant_key.log -c false -r 20 -u  -t 3600 -v 5 -e 0xff00001d https://localhost:4443/
",client,,,ivy_return_code(127)+,/results/temp/316/quic_client_test_unknown0.iev,0.0,0.0
71," ./client -l /results/temp/quant_key.log -c false -r 20 -u  -t 3600 -v 5 -e 0xff00001d https://localhost:4443/
",client,quic_client_test_no_odci0,,server_return_code(1)+ivy_return_code(1),/results/temp/1177/quic_client_test_no_odci0.iev,0.0,0.0
72," ./client -l /results/temp/quant_key.log -c false -r 20 -u  -t 3600 -v 5 -e 0xff00001d https://localhost:4443/
",client,quic_client_test_tp_prefadd_error0,,server_return_code(1)+ivy_return_code(1),/results/temp/1066/quic_client_test_tp_prefadd_error0.iev,0.0,0.0
73," ./client -l /results/temp/quant_key.log -c false -r 20 -u  -t 3600 -v 5 -e 0xff00001d https://localhost:4443/
",client,quic_client_test_tp_error0,,server_return_code(1)+ivy_return_code(1),/results/temp/255/quic_client_test_tp_error0.iev,0.0,0.0
74," ./client -l /results/temp/quant_key.log -c false -r 20 -u  -t 3600 -v 5 -e 0xff00001d https://localhost:4443/
",client,quic_client_test_ext_min_ack_delay0,,,/results/temp/1233/quic_client_test_ext_min_ack_delay0.iev,0.0,1.0
75," ./client -l /results/temp/quant_key.log -c false -r 20 -u  -t 3600 -v 5 -e 0xff00001d https://localhost:4443/
",client,quic_client_test_tp_acticoid_error0,,,/results/temp/591/quic_client_test_tp_acticoid_error0.iev,0.0,1.0
76," ./client -l /results/temp/quant_key.log -c false -r 20 -u  -t 3600 -v 5 -e 0xff00001d https://localhost:4443/
",client,quic_client_test_tp_prefadd_error0,,server_return_code(1)+ivy_return_code(1),/results/temp/1081/quic_client_test_tp_prefadd_error0.iev,0.0,0.0
77," ./client -l /results/temp/quant_key.log -c false -r 20 -u  -t 3600 -v 5 -e 0xff00001d https://localhost:4443/
",client,quic_client_test_newcoid_zero_error0,,"ivy_return_code(1)+"""")",/results/temp/824/quic_client_test_newcoid_zero_error0.iev,0.0,0.0
78," ./client -l /results/temp/quant_key.log -c false -r 20 -u  -t 3600 -v 5 -e 0xff00001d https://localhost:4443/
",client,quic_client_test_ext_min_ack_delay0,,,/results/temp/1288/quic_client_test_ext_min_ack_delay0.iev,0.0,1.0
79," ./client -l /results/temp/quant_key.log -c false -r 20 -u  -t 3600 -v 5 -e 0xff00001d https://localhost:4443/
",client,quic_client_test_accept_maxdata0,,ivy_return_code(127)+,/results/temp/930/quic_client_test_accept_maxdata0.iev,0.0,0.0
80," ./client -l /results/temp/quant_key.log -c false -r 20 -u  -t 3600 -v 5 -e 0xff00001d https://localhost:4443/
",client,quic_client_test_tp_acticoid_error0,,,/results/temp/563/quic_client_test_tp_acticoid_error0.iev,0.0,1.0
81," ./client -l /results/temp/quant_key.log -c false -r 20 -u  -t 3600 -v 5 -e 0xff00001d https://localhost:4443/
",client,quic_client_test_tp_prefadd_error0,,server_return_code(1)+ivy_return_code(1),/results/temp/1076/quic_client_test_tp_prefadd_error0.iev,0.0,0.0
82," ./client -l /results/temp/quant_key.log -c false -r 20 -u  -t 3600 -v 5 -e 0xff00001d https://localhost:4443/
",client,quic_client_test_tp_error0,,server_return_code(1)+ivy_return_code(1),/results/temp/213/quic_client_test_tp_error0.iev,0.0,0.0
83," ./client -l /results/temp/quant_key.log -c false -r 20 -u  -t 3600 -v 5 -e 0xff00001d https://localhost:4443/
",client,quic_client_test_tp_acticoid_error0,,,/results/temp/562/quic_client_test_tp_acticoid_error0.iev,0.0,1.0
84," ./client -l /results/temp/quant_key.log -c false -r 20 -u  -t 3600 -v 5 -e 0xff00001d https://localhost:4443/
",client,quic_client_test_double_tp_error0,,server_return_code(1)+ivy_return_code(1),/results/temp/480/quic_client_test_double_tp_error0.iev,0.0,0.0
85," ./client -l /results/temp/quant_key.log -c false -r 20 -u  -t 3600 -v 5 -e 0xff00001d https://localhost:4443/
",client,quic_client_test_ext_min_ack_delay0,,,/results/temp/1262/quic_client_test_ext_min_ack_delay0.iev,0.0,1.0
86," ./client -l /results/temp/quant_key.log -c false -r 20 -u  -t 3600 -v 5 -e 0xff00001d https://localhost:4443/
",client,quic_client_test_tp_error0,,"ivy_return_code(1)+"""")",/results/temp/264/quic_client_test_tp_error0.iev,0.0,0.0
87," ./client -l /results/temp/quant_key.log -c false -r 20 -u  -t 3600 -v 5 -e 0xff00001d https://localhost:4443/
",client,quic_client_test_tp_prefadd_error0,,server_return_code(1)+ivy_return_code(1),/results/temp/1007/quic_client_test_tp_prefadd_error0.iev,0.0,0.0
88," ./client -l /results/temp/quant_key.log -c false -r 20 -u  -t 3600 -v 5 -e 0xff00001d https://localhost:4443/
",client,quic_client_test_max0,,ivy_return_code(127)+,/results/temp/79/quic_client_test_max0.iev,0.0,0.0
89," ./client -l /results/temp/quant_key.log -c false -r 20 -u  -t 3600 -v 5 -e 0xff00001d https://localhost:4443/
",client,quic_client_test_double_tp_error0,,server_return_code(1)+ivy_return_code(1),/results/temp/400/quic_client_test_double_tp_error0.iev,0.0,0.0
90," ./client -l /results/temp/quant_key.log -c false -r 20 -u  -t 3600 -v 5 -e 0xff00001d https://localhost:4443/
",client,quic_client_test_blocked_streams_maxstream_error0,,"ivy_return_code(1)+"""")",/results/temp/702/quic_client_test_blocked_streams_maxstream_error0.iev,0.0,0.0
91," ./client -l /results/temp/quant_key.log -c false -r 20 -u  -t 3600 -v 5 -e 0xff00001d https://localhost:4443/
",client,quic_client_test_no_odci0,,server_return_code(1)+ivy_return_code(1),/results/temp/1160/quic_client_test_no_odci0.iev,0.0,0.0
92," ./client -l /results/temp/quant_key.log -c false -r 20 -u  -t 3600 -v 5 -e 0xff00001d https://localhost:4443/
",client,quic_client_test_accept_maxdata0,,ivy_return_code(127)+,/results/temp/992/quic_client_test_accept_maxdata0.iev,0.0,0.0
93," ./client -l /results/temp/quant_key.log -c false -r 20 -u  -t 3600 -v 5 -e 0xff00001d https://localhost:4443/
",client,quic_client_test_accept_maxdata0,,ivy_return_code(127)+,/results/temp/976/quic_client_test_accept_maxdata0.iev,0.0,0.0
94," ./client -l /results/temp/quant_key.log -c false -r 20 -u  -t 3600 -v 5 -e 0xff00001d https://localhost:4443/
",client,quic_client_test_double_tp_error0,,server_return_code(1)+ivy_return_code(1),/results/temp/432/quic_client_test_double_tp_error0.iev,0.0,0.0
95," ./client -l /results/temp/quant_key.log -c false -r 20 -u  -t 3600 -v 5 -e 0xff00001d https://localhost:4443/
",client,quic_client_test_max0,,ivy_return_code(127)+,/results/temp/9/quic_client_test_max0.iev,0.0,0.0
96," ./client -l /results/temp/quant_key.log -c false -r 20 -u  -t 3600 -v 5 -e 0xff00001d https://localhost:4443/
",client,,,ivy_return_code(127)+,/results/temp/331/quic_client_test_unknown0.iev,0.0,0.0
97," ./client -l /results/temp/quant_key.log -c false -r 20 -u  -t 3600 -v 5 -e 0xff00001d https://localhost:4443/
",client,quic_client_test_accept_maxdata0,,ivy_return_code(127)+,/results/temp/943/quic_client_test_accept_maxdata0.iev,0.0,0.0
98," ./client -l /results/temp/quant_key.log -c false -r 20 -u  -t 3600 -v 5 -e 0xff00001d https://localhost:4443/
",client,quic_client_test_no_odci0,,"ivy_return_code(1)+"""")",/results/temp/1195/quic_client_test_no_odci0.iev,0.0,0.0
99," ./client -l /results/temp/quant_key.log -c false -r 20 -u  -t 3600 -v 5 -e 0xff00001d https://localhost:4443/
",client,quic_client_test_tp_acticoid_error0,,"ivy_return_code(1)+"""")",/results/temp/530/quic_client_test_tp_acticoid_error0.iev,0.0,0.0
100," ./client -l /results/temp/quant_key.log -c false -r 20 -u  -t 3600 -v 5 -e 0xff00001d https://localhost:4443/
",client,quic_client_test_blocked_streams_maxstream_error0,,"ivy_return_code(1)+"""")",/results/temp/758/quic_client_test_blocked_streams_maxstream_error0.iev,0.0,0.0
101," ./client -l /results/temp/quant_key.log -c false -r 20 -u  -t 3600 -v 5 -e 0xff00001d https://localhost:4443/
",client,,,ivy_return_code(127)+,/results/temp/367/quic_client_test_unknown0.iev,0.0,0.0
102," ./client -l /results/temp/quant_key.log -c false -r 20 -u  -t 3600 -v 5 -e 0xff00001d https://localhost:4443/
",client,quic_client_test_newcoid_zero_error0,,"ivy_return_code(1)+"""")",/results/temp/812/quic_client_test_newcoid_zero_error0.iev,0.0,0.0
103," ./client -l /results/temp/quant_key.log -c false -r 20 -u  -t 3600 -v 5 -e 0xff00001d https://localhost:4443/
",client,quic_client_test_accept_maxdata0,,ivy_return_code(127)+,/results/temp/911/quic_client_test_accept_maxdata0.iev,0.0,0.0
104," ./client -l /results/temp/quant_key.log -c false -r 20 -u  -t 3600 -v 5 -e 0xff00001d https://localhost:4443/
",client,quic_client_test_tp_prefadd_error0,,server_return_code(1)+ivy_return_code(1),/results/temp/1033/quic_client_test_tp_prefadd_error0.iev,0.0,0.0
105," ./client -l /results/temp/quant_key.log -c false -r 20 -u  -t 3600 -v 5 -e 0xff00001d https://localhost:4443/
",client,quic_client_test_accept_maxdata0,,ivy_return_code(127)+,/results/temp/935/quic_client_test_accept_maxdata0.iev,0.0,0.0
106," ./client -l /results/temp/quant_key.log -c false -r 20 -u  -t 3600 -v 5 -e 0xff00001d https://localhost:4443/
",client,quic_client_test_double_tp_error0,,server_return_code(1)+ivy_return_code(1),/results/temp/450/quic_client_test_double_tp_error0.iev,0.0,0.0
107," ./client -l /results/temp/quant_key.log -c false -r 20 -u  -t 3600 -v 5 -e 0xff00001d https://localhost:4443/
",client,quic_client_test_double_tp_error0,,server_return_code(1)+ivy_return_code(1),/results/temp/407/quic_client_test_double_tp_error0.iev,0.0,0.0
108," ./client -l /results/temp/quant_key.log -c false -r 20 -u  -t 3600 -v 5 -e 0xff00001d https://localhost:4443/
",client,quic_client_test_accept_maxdata0,,ivy_return_code(127)+,/results/temp/981/quic_client_test_accept_maxdata0.iev,0.0,0.0
109," ./client -l /results/temp/quant_key.log -c false -r 20 -u  -t 3600 -v 5 -e 0xff00001d https://localhost:4443/
",client,quic_client_test_no_odci0,,server_return_code(1)+ivy_return_code(1),/results/temp/1138/quic_client_test_no_odci0.iev,0.0,0.0
110," ./client -l /results/temp/quant_key.log -c false -r 20 -u  -t 3600 -v 5 -e 0xff00001d https://localhost:4443/
",client,quic_client_test_blocked_streams_maxstream_error0,,"ivy_return_code(1)+"""")",/results/temp/779/quic_client_test_blocked_streams_maxstream_error0.iev,0.0,0.0
111," ./client -l /results/temp/quant_key.log -c false -r 20 -u  -t 3600 -v 5 -e 0xff00001d https://localhost:4443/
",client,quic_client_test_ext_min_ack_delay0,,,/results/temp/1253/quic_client_test_ext_min_ack_delay0.iev,0.0,1.0
112," ./client -l /results/temp/quant_key.log -c false -r 20 -u  -t 3600 -v 5 -e 0xff00001d https://localhost:4443/
",client,quic_client_test_blocked_streams_maxstream_error0,,"ivy_return_code(1)+"""")",/results/temp/751/quic_client_test_blocked_streams_maxstream_error0.iev,0.0,0.0
113," ./client -l /results/temp/quant_key.log -c false -r 20 -u  -t 3600 -v 5 -e 0xff00001d https://localhost:4443/
",client,quic_client_test_double_tp_error0,,server_return_code(1)+ivy_return_code(1),/results/temp/474/quic_client_test_double_tp_error0.iev,0.0,0.0
114," ./client -l /results/temp/quant_key.log -c false -r 20 -u  -t 3600 -v 5 -e 0xff00001d https://localhost:4443/
",client,quic_client_test_max0,,ivy_return_code(127)+,/results/temp/14/quic_client_test_max0.iev,0.0,0.0
115," ./client -l /results/temp/quant_key.log -c false -r 20 -u  -t 3600 -v 5 -e 0xff00001d https://localhost:4443/
",client,quic_client_test_no_odci0,,server_return_code(1)+ivy_return_code(1),/results/temp/1127/quic_client_test_no_odci0.iev,0.0,0.0
116," ./client -l /results/temp/quant_key.log -c false -r 20 -u  -t 3600 -v 5 -e 0xff00001d https://localhost:4443/
",client,quic_client_test_newcoid_zero_error0,,"ivy_return_code(1)+"""")",/results/temp/806/quic_client_test_newcoid_zero_error0.iev,0.0,0.0
117," ./client -l /results/temp/quant_key.log -c false -r 20 -u  -t 3600 -v 5 -e 0xff00001d https://localhost:4443/
",client,quic_client_test_max0,,ivy_return_code(127)+,/results/temp/43/quic_client_test_max0.iev,0.0,0.0
118," ./client -l /results/temp/quant_key.log -c false -r 20 -u  -t 3600 -v 5 -e 0xff00001d https://localhost:4443/
",client,quic_client_test_double_tp_error0,,server_return_code(1)+ivy_return_code(1),/results/temp/482/quic_client_test_double_tp_error0.iev,0.0,0.0
119," ./client -l /results/temp/quant_key.log -c false -r 20 -u  -t 3600 -v 5 -e 0xff00001d https://localhost:4443/
",client,,,ivy_return_code(127)+,/results/temp/320/quic_client_test_unknown0.iev,0.0,0.0
120," ./client -l /results/temp/quant_key.log -c false -r 20 -u  -t 3600 -v 5 -e 0xff00001d https://localhost:4443/
",client,quic_client_test_no_odci0,,server_return_code(1)+ivy_return_code(1),/results/temp/1153/quic_client_test_no_odci0.iev,0.0,0.0
121," ./client -l /results/temp/quant_key.log -c false -r 20 -u  -t 3600 -v 5 -e 0xff00001d https://localhost:4443/
",client,quic_client_test_tp_acticoid_error0,,,/results/temp/540/quic_client_test_tp_acticoid_error0.iev,0.0,1.0
122," ./client -l /results/temp/quant_key.log -c false -r 20 -u  -t 3600 -v 5 -e 0xff00001d https://localhost:4443/
",client,quic_client_test_double_tp_error0,,server_return_code(1)+ivy_return_code(1),/results/temp/458/quic_client_test_double_tp_error0.iev,0.0,0.0
123," ./client -l /results/temp/quant_key.log -c false -r 20 -u  -t 3600 -v 5 -e 0xff00001d https://localhost:4443/
",client,quic_client_test_no_odci0,,server_return_code(1)+ivy_return_code(1),/results/temp/1190/quic_client_test_no_odci0.iev,0.0,0.0
124," ./client -l /results/temp/quant_key.log -c false -r 20 -u  -t 3600 -v 5 -e 0xff00001d https://localhost:4443/
",client,quic_client_test_tp_prefadd_error0,,server_return_code(1)+ivy_return_code(1),/results/temp/1052/quic_client_test_tp_prefadd_error0.iev,0.0,0.0
125," ./client -l /results/temp/quant_key.log -c false -r 20 -u  -t 3600 -v 5 -e 0xff00001d https://localhost:4443/
",client,quic_client_test_tp_limit_acticoid_error0,,server_return_code(1)+ivy_return_code(1),/results/temp/628/quic_client_test_tp_limit_acticoid_error0.iev,0.0,0.0
126," ./client -l /results/temp/quant_key.log -c false -r 20 -u  -t 3600 -v 5 -e 0xff00001d https://localhost:4443/
",client,quic_client_test_tp_limit_acticoid_error0,,server_return_code(1)+ivy_return_code(1),/results/temp/666/quic_client_test_tp_limit_acticoid_error0.iev,0.0,0.0
127," ./client -l /results/temp/quant_key.log -c false -r 20 -u  -t 3600 -v 5 -e 0xff00001d https://localhost:4443/
",client,quic_client_test_tp_error0,,server_return_code(1)+ivy_return_code(1),/results/temp/238/quic_client_test_tp_error0.iev,0.0,0.0
128," ./client -l /results/temp/quant_key.log -c false -r 20 -u  -t 3600 -v 5 -e 0xff00001d https://localhost:4443/
",client,quic_client_test_blocked_streams_maxstream_error0,,"ivy_return_code(1)+"""")",/results/temp/728/quic_client_test_blocked_streams_maxstream_error0.iev,0.0,0.0
129," ./client -l /results/temp/quant_key.log -c false -r 20 -u  -t 3600 -v 5 -e 0xff00001d https://localhost:4443/
",client,quic_client_test_accept_maxdata0,,ivy_return_code(127)+,/results/temp/999/quic_client_test_accept_maxdata0.iev,0.0,0.0
130," ./client -l /results/temp/quant_key.log -c false -r 20 -u  -t 3600 -v 5 -e 0xff00001d https://localhost:4443/
",client,quic_client_test_accept_maxdata0,,ivy_return_code(127)+,/results/temp/994/quic_client_test_accept_maxdata0.iev,0.0,0.0
131," ./client -l /results/temp/quant_key.log -c false -r 20 -u  -t 3600 -v 5 -e 0xff00001d https://localhost:4443/
",client,quic_client_test_blocked_streams_maxstream_error0,,"ivy_return_code(1)+"""")",/results/temp/790/quic_client_test_blocked_streams_maxstream_error0.iev,0.0,0.0
132," ./client -l /results/temp/quant_key.log -c false -r 20 -u  -t 3600 -v 5 -e 0xff00001d https://localhost:4443/
",client,quic_client_test_ext_min_ack_delay0,,,/results/temp/1292/quic_client_test_ext_min_ack_delay0.iev,0.0,1.0
133," ./client -l /results/temp/quant_key.log -c false -r 20 -u  -t 3600 -v 5 -e 0xff00001d https://localhost:4443/
",client,quic_client_test_tp_limit_acticoid_error0,,"ivy_return_code(1)+"""")",/results/temp/674/quic_client_test_tp_limit_acticoid_error0.iev,0.0,0.0
134," ./client -l /results/temp/quant_key.log -c false -r 20 -u  -t 3600 -v 5 -e 0xff00001d https://localhost:4443/
",client,quic_client_test_max0,,ivy_return_code(127)+,/results/temp/90/quic_client_test_max0.iev,0.0,0.0
135," ./client -l /results/temp/quant_key.log -c false -r 20 -u  -t 3600 -v 5 -e 0xff00001d https://localhost:4443/
",client,quic_client_test_tp_error0,,server_return_code(1)+ivy_return_code(1),/results/temp/269/quic_client_test_tp_error0.iev,0.0,0.0
136," ./client -l /results/temp/quant_key.log -c false -r 20 -u  -t 3600 -v 5 -e 0xff00001d https://localhost:4443/
",client,quic_client_test_tp_limit_acticoid_error0,,server_return_code(1)+ivy_return_code(1),/results/temp/629/quic_client_test_tp_limit_acticoid_error0.iev,0.0,0.0
137," ./client -l /results/temp/quant_key.log -c false -r 20 -u  -t 3600 -v 5 -e 0xff00001d https://localhost:4443/
",client,quic_client_test_accept_maxdata0,,ivy_return_code(127)+,/results/temp/957/quic_client_test_accept_maxdata0.iev,0.0,0.0
138," ./client -l /results/temp/quant_key.log -c false -r 20 -u  -t 3600 -v 5 -e 0xff00001d https://localhost:4443/
",client,quic_client_test_blocked_streams_maxstream_error0,,"ivy_return_code(1)+"""")",/results/temp/716/quic_client_test_blocked_streams_maxstream_error0.iev,0.0,0.0
139," ./client -l /results/temp/quant_key.log -c false -r 20 -u  -t 3600 -v 5 -e 0xff00001d https://localhost:4443/
",client,quic_client_test_ext_min_ack_delay0,,,/results/temp/1298/quic_client_test_ext_min_ack_delay0.iev,0.0,1.0
140," ./client -l /results/temp/quant_key.log -c false -r 20 -u  -t 3600 -v 5 -e 0xff00001d https://localhost:4443/
",client,quic_client_test_tp_error0,,server_return_code(1)+ivy_return_code(1),/results/temp/218/quic_client_test_tp_error0.iev,0.0,0.0
141," ./client -l /results/temp/quant_key.log -c false -r 20 -u  -t 3600 -v 5 -e 0xff00001d https://localhost:4443/
",client,quic_client_test_no_odci0,,"ivy_return_code(1)+"""")",/results/temp/1169/quic_client_test_no_odci0.iev,0.0,0.0
142," ./client -l /results/temp/quant_key.log -c false -r 20 -u  -t 3600 -v 5 -e 0xff00001d https://localhost:4443/
",client,quic_client_test_newcoid_zero_error0,,"ivy_return_code(1)+"""")",/results/temp/817/quic_client_test_newcoid_zero_error0.iev,0.0,0.0
143," ./client -l /results/temp/quant_key.log -c false -r 20 -u  -t 3600 -v 5 -e 0xff00001d https://localhost:4443/
",client,quic_client_test_accept_maxdata0,,ivy_return_code(127)+,/results/temp/972/quic_client_test_accept_maxdata0.iev,0.0,0.0
144," ./client -l /results/temp/quant_key.log -c false -r 20 -u  -t 3600 -v 5 -e 0xff00001d https://localhost:4443/
",client,quic_client_test_tp_prefadd_error0,,server_return_code(1)+ivy_return_code(1),/results/temp/1078/quic_client_test_tp_prefadd_error0.iev,0.0,0.0
145," ./client -l /results/temp/quant_key.log -c false -r 20 -u  -t 3600 -v 5 -e 0xff00001d https://localhost:4443/
",client,quic_client_test_no_odci0,,server_return_code(1)+ivy_return_code(1),/results/temp/1118/quic_client_test_no_odci0.iev,0.0,0.0
146," ./client -l /results/temp/quant_key.log -c false -r 20 -u  -t 3600 -v 5 -e 0xff00001d https://localhost:4443/
",client,quic_client_test_no_odci0,,server_return_code(1)+ivy_return_code(1),/results/temp/1184/quic_client_test_no_odci0.iev,0.0,0.0
147," ./client -l /results/temp/quant_key.log -c false -r 20 -u  -t 3600 -v 5 -e 0xff00001d https://localhost:4443/
",client,quic_client_test_max0,,ivy_return_code(127)+,/results/temp/88/quic_client_test_max0.iev,0.0,0.0
148," ./client -l /results/temp/quant_key.log -c false -r 20 -u  -t 3600 -v 5 -e 0xff00001d https://localhost:4443/
",client,quic_client_test_no_odci0,,"ivy_return_code(1)+"""")",/results/temp/1170/quic_client_test_no_odci0.iev,0.0,0.0
149," ./client -l /results/temp/quant_key.log -c false -r 20 -u  -t 3600 -v 5 -e 0xff00001d https://localhost:4443/
",client,quic_client_test_ext_min_ack_delay0,,,/results/temp/1263/quic_client_test_ext_min_ack_delay0.iev,0.0,1.0
150," ./client -l /results/temp/quant_key.log -c false -r 20 -u  -t 3600 -v 5 -e 0xff00001d https://localhost:4443/
",client,,,ivy_return_code(127)+,/results/temp/350/quic_client_test_unknown0.iev,0.0,0.0
151," ./client -l /results/temp/quant_key.log -c false -r 20 -u  -t 3600 -v 5 -e 0xff00001d https://localhost:4443/
",client,quic_client_test_ext_min_ack_delay0,,,/results/temp/1285/quic_client_test_ext_min_ack_delay0.iev,0.0,1.0
152," ./client -l /results/temp/quant_key.log -c false -r 20 -u  -t 3600 -v 5 -e 0xff00001d https://localhost:4443/
",client,quic_client_test_accept_maxdata0,,ivy_return_code(127)+,/results/temp/980/quic_client_test_accept_maxdata0.iev,0.0,0.0
153," ./client -l /results/temp/quant_key.log -c false -r 20 -u  -t 3600 -v 5 -e 0xff00001d https://localhost:4443/
",client,quic_client_test_tp_prefadd_error0,,server_return_code(1)+ivy_return_code(1),/results/temp/1047/quic_client_test_tp_prefadd_error0.iev,0.0,0.0
154," ./client -l /results/temp/quant_key.log -c false -r 20 -u  -t 3600 -v 5 -e 0xff00001d https://localhost:4443/
",client,quic_client_test_accept_maxdata0,,ivy_return_code(127)+,/results/temp/975/quic_client_test_accept_maxdata0.iev,0.0,0.0
155," ./client -l /results/temp/quant_key.log -c false -r 20 -u  -t 3600 -v 5 -e 0xff00001d https://localhost:4443/
",client,quic_client_test_accept_maxdata0,,ivy_return_code(127)+,/results/temp/951/quic_client_test_accept_maxdata0.iev,0.0,0.0
156," ./client -l /results/temp/quant_key.log -c false -r 20 -u  -t 3600 -v 5 -e 0xff00001d https://localhost:4443/
",client,quic_client_test_no_odci0,,server_return_code(1)+ivy_return_code(1),/results/temp/1157/quic_client_test_no_odci0.iev,0.0,0.0
157," ./client -l /results/temp/quant_key.log -c false -r 20 -u  -t 3600 -v 5 -e 0xff00001d https://localhost:4443/
",client,quic_client_test_ext_min_ack_delay0,,,/results/temp/1247/quic_client_test_ext_min_ack_delay0.iev,0.0,1.0
158," ./client -l /results/temp/quant_key.log -c false -r 20 -u  -t 3600 -v 5 -e 0xff00001d https://localhost:4443/
",client,quic_client_test_tp_acticoid_error0,,,/results/temp/590/quic_client_test_tp_acticoid_error0.iev,0.0,1.0
159," ./client -l /results/temp/quant_key.log -c false -r 20 -u  -t 3600 -v 5 -e 0xff00001d https://localhost:4443/
",client,,,ivy_return_code(127)+,/results/temp/393/quic_client_test_unknown0.iev,0.0,0.0
160," ./client -l /results/temp/quant_key.log -c false -r 20 -u  -t 3600 -v 5 -e 0xff00001d https://localhost:4443/
",client,quic_client_test_tp_prefadd_error0,,server_return_code(1)+ivy_return_code(1),/results/temp/1017/quic_client_test_tp_prefadd_error0.iev,0.0,0.0
161," ./client -l /results/temp/quant_key.log -c false -r 20 -u  -t 3600 -v 5 -e 0xff00001d https://localhost:4443/
",client,quic_client_test_blocked_streams_maxstream_error0,,"ivy_return_code(1)+"""")",/results/temp/780/quic_client_test_blocked_streams_maxstream_error0.iev,0.0,0.0
162," ./client -l /results/temp/quant_key.log -c false -r 20 -u  -t 3600 -v 5 -e 0xff00001d https://localhost:4443/
",client,,,ivy_return_code(127)+,/results/temp/318/quic_client_test_unknown0.iev,0.0,0.0
163," ./client -l /results/temp/quant_key.log -c false -r 20 -u  -t 3600 -v 5 -e 0xff00001d https://localhost:4443/
",client,quic_client_test_ext_min_ack_delay0,,,/results/temp/1222/quic_client_test_ext_min_ack_delay0.iev,0.0,1.0
164," ./client -l /results/temp/quant_key.log -c false -r 20 -u  -t 3600 -v 5 -e 0xff00001d https://localhost:4443/
",client,quic_client_test_no_odci0,,server_return_code(1)+ivy_return_code(1),/results/temp/1156/quic_client_test_no_odci0.iev,0.0,0.0
165," ./client -l /results/temp/quant_key.log -c false -r 20 -u  -t 3600 -v 5 -e 0xff00001d https://localhost:4443/
",client,quic_client_test_ext_min_ack_delay0,,,/results/temp/1246/quic_client_test_ext_min_ack_delay0.iev,0.0,1.0
166," ./client -l /results/temp/quant_key.log -c false -r 20 -u  -t 3600 -v 5 -e 0xff00001d https://localhost:4443/
",client,,,ivy_return_code(127)+,/results/temp/349/quic_client_test_unknown0.iev,0.0,0.0
167," ./client -l /results/temp/quant_key.log -c false -r 20 -u  -t 3600 -v 5 -e 0xff00001d https://localhost:4443/
",client,quic_client_test_ext_min_ack_delay0,,,/results/temp/1248/quic_client_test_ext_min_ack_delay0.iev,0.0,1.0
168," ./client -l /results/temp/quant_key.log -c false -r 20 -u  -t 3600 -v 5 -e 0xff00001d https://localhost:4443/
",client,quic_client_test_no_odci0,,server_return_code(1)+ivy_return_code(1),/results/temp/1139/quic_client_test_no_odci0.iev,0.0,0.0
169," ./client -l /results/temp/quant_key.log -c false -r 20 -u  -t 3600 -v 5 -e 0xff00001d https://localhost:4443/
",client,quic_client_test_ext_min_ack_delay0,,,/results/temp/1205/quic_client_test_ext_min_ack_delay0.iev,0.0,1.0
170," ./client -l /results/temp/quant_key.log -c false -r 20 -u  -t 3600 -v 5 -e 0xff00001d https://localhost:4443/
",client,quic_client_test_ext_min_ack_delay0,,,/results/temp/1280/quic_client_test_ext_min_ack_delay0.iev,0.0,1.0
171," ./client -l /results/temp/quant_key.log -c false -r 20 -u  -t 3600 -v 5 -e 0xff00001d https://localhost:4443/
",client,quic_client_test_no_odci0,,server_return_code(1)+ivy_return_code(1),/results/temp/1181/quic_client_test_no_odci0.iev,0.0,0.0
172," ./client -l /results/temp/quant_key.log -c false -r 20 -u  -t 3600 -v 5 -e 0xff00001d https://localhost:4443/
",client,quic_client_test_tp_error0,,server_return_code(1)+ivy_return_code(1),/results/temp/259/quic_client_test_tp_error0.iev,0.0,0.0
173," ./client -l /results/temp/quant_key.log -c false -r 20 -u  -t 3600 -v 5 -e 0xff00001d https://localhost:4443/
",client,quic_client_test_max0,,ivy_return_code(127)+,/results/temp/28/quic_client_test_max0.iev,0.0,0.0
174," ./client -l /results/temp/quant_key.log -c false -r 20 -u  -t 3600 -v 5 -e 0xff00001d https://localhost:4443/
",client,quic_client_test_accept_maxdata0,,ivy_return_code(127)+,/results/temp/910/quic_client_test_accept_maxdata0.iev,0.0,0.0
175," ./client -l /results/temp/quant_key.log -c false -r 20 -u  -t 3600 -v 5 -e 0xff00001d https://localhost:4443/
",client,quic_client_test_newcoid_zero_error0,,"ivy_return_code(1)+"""")",/results/temp/820/quic_client_test_newcoid_zero_error0.iev,0.0,0.0
176," ./client -l /results/temp/quant_key.log -c false -r 20 -u  -t 3600 -v 5 -e 0xff00001d https://localhost:4443/
",client,quic_client_test_tp_prefadd_error0,,server_return_code(1)+ivy_return_code(1),/results/temp/1010/quic_client_test_tp_prefadd_error0.iev,0.0,0.0
177," ./client -l /results/temp/quant_key.log -c false -r 20 -u  -t 3600 -v 5 -e 0xff00001d https://localhost:4443/
",client,quic_client_test_max0,,ivy_return_code(127)+,/results/temp/91/quic_client_test_max0.iev,0.0,0.0
178," ./client -l /results/temp/quant_key.log -c false -r 20 -u  -t 3600 -v 5 -e 0xff00001d https://localhost:4443/
",client,quic_client_test_tp_prefadd_error0,,server_return_code(1)+ivy_return_code(1),/results/temp/1029/quic_client_test_tp_prefadd_error0.iev,0.0,0.0
179," ./client -l /results/temp/quant_key.log -c false -r 20 -u  -t 3600 -v 5 -e 0xff00001d https://localhost:4443/
",client,,,ivy_return_code(127)+,/results/temp/376/quic_client_test_unknown0.iev,0.0,0.0
180," ./client -l /results/temp/quant_key.log -c false -r 20 -u  -t 3600 -v 5 -e 0xff00001d https://localhost:4443/
",client,quic_client_test_ext_min_ack_delay0,,,/results/temp/1225/quic_client_test_ext_min_ack_delay0.iev,0.0,1.0
181," ./client -l /results/temp/quant_key.log -c false -r 20 -u  -t 3600 -v 5 -e 0xff00001d https://localhost:4443/
",client,quic_client_test_max0,,ivy_return_code(127)+,/results/temp/18/quic_client_test_max0.iev,0.0,0.0
182," ./client -l /results/temp/quant_key.log -c false -r 20 -u  -t 3600 -v 5 -e 0xff00001d https://localhost:4443/
",client,quic_client_test_newcoid_zero_error0,,"ivy_return_code(1)+"""")",/results/temp/819/quic_client_test_newcoid_zero_error0.iev,0.0,0.0
183," ./client -l /results/temp/quant_key.log -c false -r 20 -u  -t 3600 -v 5 -e 0xff00001d https://localhost:4443/
",client,quic_client_test_ext_min_ack_delay0,,,/results/temp/1271/quic_client_test_ext_min_ack_delay0.iev,0.0,1.0
184," ./client -l /results/temp/quant_key.log -c false -r 20 -u  -t 3600 -v 5 -e 0xff00001d https://localhost:4443/
",client,quic_client_test_tp_error0,,server_return_code(1)+ivy_return_code(1),/results/temp/206/quic_client_test_tp_error0.iev,0.0,0.0
185," ./client -l /results/temp/quant_key.log -c false -r 20 -u  -t 3600 -v 5 -e 0xff00001d https://localhost:4443/
",client,,,ivy_return_code(127)+,/results/temp/326/quic_client_test_unknown0.iev,0.0,0.0
186," ./client -l /results/temp/quant_key.log -c false -r 20 -u  -t 3600 -v 5 -e 0xff00001d https://localhost:4443/
",client,,,ivy_return_code(127)+,/results/temp/335/quic_client_test_unknown0.iev,0.0,0.0
187," ./client -l /results/temp/quant_key.log -c false -r 20 -u  -t 3600 -v 5 -e 0xff00001d https://localhost:4443/
",client,quic_client_test_double_tp_error0,,server_return_code(1)+ivy_return_code(1),/results/temp/430/quic_client_test_double_tp_error0.iev,0.0,0.0
188," ./client -l /results/temp/quant_key.log -c false -r 20 -u  -t 3600 -v 5 -e 0xff00001d https://localhost:4443/
",client,quic_client_test_blocked_streams_maxstream_error0,,"ivy_return_code(1)+"""")",/results/temp/743/quic_client_test_blocked_streams_maxstream_error0.iev,0.0,0.0
189," ./client -l /results/temp/quant_key.log -c false -r 20 -u  -t 3600 -v 5 -e 0xff00001d https://localhost:4443/
",client,quic_client_test_tp_error0,,server_return_code(1)+ivy_return_code(1),/results/temp/289/quic_client_test_tp_error0.iev,0.0,0.0
190," ./client -l /results/temp/quant_key.log -c false -r 20 -u  -t 3600 -v 5 -e 0xff00001d https://localhost:4443/
",client,quic_client_test_tp_error0,,server_return_code(1)+ivy_return_code(1),/results/temp/207/quic_client_test_tp_error0.iev,0.0,0.0
191," ./client -l /results/temp/quant_key.log -c false -r 20 -u  -t 3600 -v 5 -e 0xff00001d https://localhost:4443/
",client,quic_client_test_ext_min_ack_delay0,,,/results/temp/1211/quic_client_test_ext_min_ack_delay0.iev,0.0,1.0
192," ./client -l /results/temp/quant_key.log -c false -r 20 -u  -t 3600 -v 5 -e 0xff00001d https://localhost:4443/
",client,quic_client_test_double_tp_error0,,server_return_code(1)+ivy_return_code(1),/results/temp/472/quic_client_test_double_tp_error0.iev,0.0,0.0
193," ./client -l /results/temp/quant_key.log -c false -r 20 -u  -t 3600 -v 5 -e 0xff00001d https://localhost:4443/
",client,quic_client_test_tp_limit_acticoid_error0,,server_return_code(1)+ivy_return_code(1),/results/temp/647/quic_client_test_tp_limit_acticoid_error0.iev,0.0,0.0
194," ./client -l /results/temp/quant_key.log -c false -r 20 -u  -t 3600 -v 5 -e 0xff00001d https://localhost:4443/
",client,quic_client_test_no_odci0,,server_return_code(1)+ivy_return_code(1),/results/temp/1108/quic_client_test_no_odci0.iev,0.0,0.0
195," ./client -l /results/temp/quant_key.log -c false -r 20 -u  -t 3600 -v 5 -e 0xff00001d https://localhost:4443/
",client,quic_client_test_accept_maxdata0,,ivy_return_code(127)+,/results/temp/959/quic_client_test_accept_maxdata0.iev,0.0,0.0
196," ./client -l /results/temp/quant_key.log -c false -r 20 -u  -t 3600 -v 5 -e 0xff00001d https://localhost:4443/
",client,quic_client_test_tp_limit_acticoid_error0,,server_return_code(1)+ivy_return_code(1),/results/temp/604/quic_client_test_tp_limit_acticoid_error0.iev,0.0,0.0
197," ./client -l /results/temp/quant_key.log -c false -r 20 -u  -t 3600 -v 5 -e 0xff00001d https://localhost:4443/
",client,quic_client_test_double_tp_error0,,server_return_code(1)+ivy_return_code(1),/results/temp/438/quic_client_test_double_tp_error0.iev,0.0,0.0
198," ./client -l /results/temp/quant_key.log -c false -r 20 -u  -t 3600 -v 5 -e 0xff00001d https://localhost:4443/
",client,quic_client_test_max0,,ivy_return_code(127)+,/results/temp/31/quic_client_test_max0.iev,0.0,0.0
199," ./client -l /results/temp/quant_key.log -c false -r 20 -u  -t 3600 -v 5 -e 0xff00001d https://localhost:4443/
",client,quic_client_test_tp_limit_acticoid_error0,,server_return_code(1)+ivy_return_code(1),/results/temp/622/quic_client_test_tp_limit_acticoid_error0.iev,0.0,0.0
200," ./client -l /results/temp/quant_key.log -c false -r 20 -u  -t 3600 -v 5 -e 0xff00001d https://localhost:4443/
",client,quic_client_test_newcoid_zero_error0,,"ivy_return_code(1)+"""")",/results/temp/875/quic_client_test_newcoid_zero_error0.iev,0.0,0.0
201," ./client -l /results/temp/quant_key.log -c false -r 20 -u  -t 3600 -v 5 -e 0xff00001d https://localhost:4443/
",client,quic_client_test_tp_error0,,server_return_code(1)+ivy_return_code(1),/results/temp/216/quic_client_test_tp_error0.iev,0.0,0.0
202," ./client -l /results/temp/quant_key.log -c false -r 20 -u  -t 3600 -v 5 -e 0xff00001d https://localhost:4443/
",client,quic_client_test_no_odci0,,server_return_code(1)+ivy_return_code(1),/results/temp/1134/quic_client_test_no_odci0.iev,0.0,0.0
203," ./client -l /results/temp/quant_key.log -c false -r 20 -u  -t 3600 -v 5 -e 0xff00001d https://localhost:4443/
",client,quic_client_test_ext_min_ack_delay0,,,/results/temp/1267/quic_client_test_ext_min_ack_delay0.iev,0.0,1.0
204," ./client -l /results/temp/quant_key.log -c false -r 20 -u  -t 3600 -v 5 -e 0xff00001d https://localhost:4443/
",client,,,ivy_return_code(127)+,/results/temp/353/quic_client_test_unknown0.iev,0.0,0.0
205," ./client -l /results/temp/quant_key.log -c false -r 20 -u  -t 3600 -v 5 -e 0xff00001d https://localhost:4443/
",client,quic_client_test_blocked_streams_maxstream_error0,,"ivy_return_code(1)+"""")",/results/temp/757/quic_client_test_blocked_streams_maxstream_error0.iev,0.0,0.0
206," ./client -l /results/temp/quant_key.log -c false -r 20 -u  -t 3600 -v 5 -e 0xff00001d https://localhost:4443/
",client,,,ivy_return_code(127)+,/results/temp/317/quic_client_test_unknown0.iev,0.0,0.0
207," ./client -l /results/temp/quant_key.log -c false -r 20 -u  -t 3600 -v 5 -e 0xff00001d https://localhost:4443/
",client,quic_client_test_tp_acticoid_error0,,,/results/temp/572/quic_client_test_tp_acticoid_error0.iev,0.0,1.0
208," ./client -l /results/temp/quant_key.log -c false -r 20 -u  -t 3600 -v 5 -e 0xff00001d https://localhost:4443/
",client,quic_client_test_no_odci0,,server_return_code(1)+ivy_return_code(1),/results/temp/1106/quic_client_test_no_odci0.iev,0.0,0.0
209," ./client -l /results/temp/quant_key.log -c false -r 20 -u  -t 3600 -v 5 -e 0xff00001d https://localhost:4443/
",client,quic_client_test_tp_limit_acticoid_error0,,server_return_code(1)+ivy_return_code(1),/results/temp/650/quic_client_test_tp_limit_acticoid_error0.iev,0.0,0.0
210," ./client -l /results/temp/quant_key.log -c false -r 20 -u  -t 3600 -v 5 -e 0xff00001d https://localhost:4443/
",client,quic_client_test_blocked_streams_maxstream_error0,,"ivy_return_code(1)+"""")",/results/temp/713/quic_client_test_blocked_streams_maxstream_error0.iev,0.0,0.0
211," ./client -l /results/temp/quant_key.log -c false -r 20 -u  -t 3600 -v 5 -e 0xff00001d https://localhost:4443/
",client,quic_client_test_blocked_streams_maxstream_error0,,"ivy_return_code(1)+"""")",/results/temp/714/quic_client_test_blocked_streams_maxstream_error0.iev,0.0,0.0
212," ./client -l /results/temp/quant_key.log -c false -r 20 -u  -t 3600 -v 5 -e 0xff00001d https://localhost:4443/
",client,quic_client_test_tp_limit_acticoid_error0,,server_return_code(1)+ivy_return_code(1),/results/temp/643/quic_client_test_tp_limit_acticoid_error0.iev,0.0,0.0
213," ./client -l /results/temp/quant_key.log -c false -r 20 -u  -t 3600 -v 5 -e 0xff00001d https://localhost:4443/
",client,quic_client_test_ext_min_ack_delay0,,,/results/temp/1299/quic_client_test_ext_min_ack_delay0.iev,0.0,1.0
214," ./client -l /results/temp/quant_key.log -c false -r 20 -u  -t 3600 -v 5 -e 0xff00001d https://localhost:4443/
",client,quic_client_test_no_odci0,,server_return_code(1)+ivy_return_code(1),/results/temp/1117/quic_client_test_no_odci0.iev,0.0,0.0
215," ./client -l /results/temp/quant_key.log -c false -r 20 -u  -t 3600 -v 5 -e 0xff00001d https://localhost:4443/
",client,quic_client_test_no_odci0,,server_return_code(1)+ivy_return_code(1),/results/temp/1176/quic_client_test_no_odci0.iev,0.0,0.0
216," ./client -l /results/temp/quant_key.log -c false -r 20 -u  -t 3600 -v 5 -e 0xff00001d https://localhost:4443/
",client,quic_client_test_blocked_streams_maxstream_error0,,"ivy_return_code(1)+"""")",/results/temp/793/quic_client_test_blocked_streams_maxstream_error0.iev,0.0,0.0
217," ./client -l /results/temp/quant_key.log -c false -r 20 -u  -t 3600 -v 5 -e 0xff00001d https://localhost:4443/
",client,quic_client_test_double_tp_error0,,server_return_code(1)+ivy_return_code(1),/results/temp/435/quic_client_test_double_tp_error0.iev,0.0,0.0
218," ./client -l /results/temp/quant_key.log -c false -r 20 -u  -t 3600 -v 5 -e 0xff00001d https://localhost:4443/
",client,quic_client_test_newcoid_zero_error0,,"ivy_return_code(1)+"""")",/results/temp/885/quic_client_test_newcoid_zero_error0.iev,0.0,0.0
219," ./client -l /results/temp/quant_key.log -c false -r 20 -u  -t 3600 -v 5 -e 0xff00001d https://localhost:4443/
",client,quic_client_test_tp_prefadd_error0,,server_return_code(1)+ivy_return_code(1),/results/temp/1038/quic_client_test_tp_prefadd_error0.iev,0.0,0.0
220," ./client -l /results/temp/quant_key.log -c false -r 20 -u  -t 3600 -v 5 -e 0xff00001d https://localhost:4443/
",client,quic_client_test_tp_error0,,"ivy_return_code(1)+"""")",/results/temp/221/quic_client_test_tp_error0.iev,0.0,0.0
221," ./client -l /results/temp/quant_key.log -c false -r 20 -u  -t 3600 -v 5 -e 0xff00001d https://localhost:4443/
",client,,,ivy_return_code(127)+,/results/temp/381/quic_client_test_unknown0.iev,0.0,0.0
222," ./client -l /results/temp/quant_key.log -c false -r 20 -u  -t 3600 -v 5 -e 0xff00001d https://localhost:4443/
",client,quic_client_test_accept_maxdata0,,ivy_return_code(127)+,/results/temp/955/quic_client_test_accept_maxdata0.iev,0.0,0.0
223," ./client -l /results/temp/quant_key.log -c false -r 20 -u  -t 3600 -v 5 -e 0xff00001d https://localhost:4443/
",client,quic_client_test_max0,,ivy_return_code(127)+,/results/temp/36/quic_client_test_max0.iev,0.0,0.0
224," ./client -l /results/temp/quant_key.log -c false -r 20 -u  -t 3600 -v 5 -e 0xff00001d https://localhost:4443/
",client,quic_client_test_no_odci0,,server_return_code(1)+ivy_return_code(1),/results/temp/1172/quic_client_test_no_odci0.iev,0.0,0.0
225," ./client -l /results/temp/quant_key.log -c false -r 20 -u  -t 3600 -v 5 -e 0xff00001d https://localhost:4443/
",client,quic_client_test_tp_error0,,server_return_code(1)+ivy_return_code(1),/results/temp/270/quic_client_test_tp_error0.iev,0.0,0.0
226," ./client -l /results/temp/quant_key.log -c false -r 20 -u  -t 3600 -v 5 -e 0xff00001d https://localhost:4443/
",client,quic_client_test_tp_prefadd_error0,,server_return_code(1)+ivy_return_code(1),/results/temp/1071/quic_client_test_tp_prefadd_error0.iev,0.0,0.0
227," ./client -l /results/temp/quant_key.log -c false -r 20 -u  -t 3600 -v 5 -e 0xff00001d https://localhost:4443/
",client,quic_client_test_tp_prefadd_error0,,server_return_code(1)+ivy_return_code(1),/results/temp/1045/quic_client_test_tp_prefadd_error0.iev,0.0,0.0
228," ./client -l /results/temp/quant_key.log -c false -r 20 -u  -t 3600 -v 5 -e 0xff00001d https://localhost:4443/
",client,quic_client_test_tp_limit_acticoid_error0,,server_return_code(1)+ivy_return_code(1),/results/temp/609/quic_client_test_tp_limit_acticoid_error0.iev,0.0,0.0
229," ./client -l /results/temp/quant_key.log -c false -r 20 -u  -t 3600 -v 5 -e 0xff00001d https://localhost:4443/
",client,quic_client_test_ext_min_ack_delay0,,,/results/temp/1296/quic_client_test_ext_min_ack_delay0.iev,0.0,1.0
230," ./client -l /results/temp/quant_key.log -c false -r 20 -u  -t 3600 -v 5 -e 0xff00001d https://localhost:4443/
",client,quic_client_test_max0,,ivy_return_code(127)+,/results/temp/73/quic_client_test_max0.iev,0.0,0.0
231," ./client -l /results/temp/quant_key.log -c false -r 20 -u  -t 3600 -v 5 -e 0xff00001d https://localhost:4443/
",client,quic_client_test_accept_maxdata0,,ivy_return_code(127)+,/results/temp/922/quic_client_test_accept_maxdata0.iev,0.0,0.0
232," ./client -l /results/temp/quant_key.log -c false -r 20 -u  -t 3600 -v 5 -e 0xff00001d https://localhost:4443/
",client,quic_client_test_max0,,ivy_return_code(127)+,/results/temp/0/quic_client_test_max0.iev,0.0,0.0
233," ./client -l /results/temp/quant_key.log -c false -r 20 -u  -t 3600 -v 5 -e 0xff00001d https://localhost:4443/
",client,quic_client_test_blocked_streams_maxstream_error0,,"ivy_return_code(1)+"""")",/results/temp/773/quic_client_test_blocked_streams_maxstream_error0.iev,0.0,0.0
234," ./client -l /results/temp/quant_key.log -c false -r 20 -u  -t 3600 -v 5 -e 0xff00001d https://localhost:4443/
",client,quic_client_test_double_tp_error0,,server_return_code(1)+ivy_return_code(1),/results/temp/414/quic_client_test_double_tp_error0.iev,0.0,0.0
235," ./client -l /results/temp/quant_key.log -c false -r 20 -u  -t 3600 -v 5 -e 0xff00001d https://localhost:4443/
",client,quic_client_test_tp_prefadd_error0,,server_return_code(1)+ivy_return_code(1),/results/temp/1016/quic_client_test_tp_prefadd_error0.iev,0.0,0.0
236," ./client -l /results/temp/quant_key.log -c false -r 20 -u  -t 3600 -v 5 -e 0xff00001d https://localhost:4443/
",client,quic_client_test_accept_maxdata0,,ivy_return_code(127)+,/results/temp/916/quic_client_test_accept_maxdata0.iev,0.0,0.0
237," ./client -l /results/temp/quant_key.log -c false -r 20 -u  -t 3600 -v 5 -e 0xff00001d https://localhost:4443/
",client,,,ivy_return_code(127)+,/results/temp/310/quic_client_test_unknown0.iev,0.0,0.0
238," ./client -l /results/temp/quant_key.log -c false -r 20 -u  -t 3600 -v 5 -e 0xff00001d https://localhost:4443/
",client,quic_client_test_ext_min_ack_delay0,,,/results/temp/1239/quic_client_test_ext_min_ack_delay0.iev,0.0,1.0
239," ./client -l /results/temp/quant_key.log -c false -r 20 -u  -t 3600 -v 5 -e 0xff00001d https://localhost:4443/
",client,quic_client_test_blocked_streams_maxstream_error0,,"ivy_return_code(1)+"""")",/results/temp/765/quic_client_test_blocked_streams_maxstream_error0.iev,0.0,0.0
240," ./client -l /results/temp/quant_key.log -c false -r 20 -u  -t 3600 -v 5 -e 0xff00001d https://localhost:4443/
",client,quic_client_test_tp_error0,,server_return_code(1)+ivy_return_code(1),/results/temp/285/quic_client_test_tp_error0.iev,0.0,0.0
241," ./client -l /results/temp/quant_key.log -c false -r 20 -u  -t 3600 -v 5 -e 0xff00001d https://localhost:4443/
",client,quic_client_test_blocked_streams_maxstream_error0,,"ivy_return_code(1)+"""")",/results/temp/794/quic_client_test_blocked_streams_maxstream_error0.iev,0.0,0.0
242," ./client -l /results/temp/quant_key.log -c false -r 20 -u  -t 3600 -v 5 -e 0xff00001d https://localhost:4443/
",client,quic_client_test_max0,,ivy_return_code(127)+,/results/temp/8/quic_client_test_max0.iev,0.0,0.0
243," ./client -l /results/temp/quant_key.log -c false -r 20 -u  -t 3600 -v 5 -e 0xff00001d https://localhost:4443/
",client,quic_client_test_newcoid_zero_error0,,"ivy_return_code(1)+"""")",/results/temp/837/quic_client_test_newcoid_zero_error0.iev,0.0,0.0
244," ./client -l /results/temp/quant_key.log -c false -r 20 -u  -t 3600 -v 5 -e 0xff00001d https://localhost:4443/
",client,quic_client_test_max0,,ivy_return_code(127)+,/results/temp/12/quic_client_test_max0.iev,0.0,0.0
245," ./client -l /results/temp/quant_key.log -c false -r 20 -u  -t 3600 -v 5 -e 0xff00001d https://localhost:4443/
",client,quic_client_test_blocked_streams_maxstream_error0,,"ivy_return_code(1)+"""")",/results/temp/789/quic_client_test_blocked_streams_maxstream_error0.iev,0.0,0.0
246," ./client -l /results/temp/quant_key.log -c false -r 20 -u  -t 3600 -v 5 -e 0xff00001d https://localhost:4443/
",client,quic_client_test_tp_prefadd_error0,,server_return_code(1)+ivy_return_code(1),/results/temp/1058/quic_client_test_tp_prefadd_error0.iev,0.0,0.0
247," ./client -l /results/temp/quant_key.log -c false -r 20 -u  -t 3600 -v 5 -e 0xff00001d https://localhost:4443/
",client,quic_client_test_max0,,ivy_return_code(127)+,/results/temp/47/quic_client_test_max0.iev,0.0,0.0
248," ./client -l /results/temp/quant_key.log -c false -r 20 -u  -t 3600 -v 5 -e 0xff00001d https://localhost:4443/
",client,quic_client_test_tp_acticoid_error0,,,/results/temp/589/quic_client_test_tp_acticoid_error0.iev,0.0,1.0
249," ./client -l /results/temp/quant_key.log -c false -r 20 -u  -t 3600 -v 5 -e 0xff00001d https://localhost:4443/
",client,quic_client_test_tp_limit_acticoid_error0,,server_return_code(1)+ivy_return_code(1),/results/temp/677/quic_client_test_tp_limit_acticoid_error0.iev,0.0,0.0
250," ./client -l /results/temp/quant_key.log -c false -r 20 -u  -t 3600 -v 5 -e 0xff00001d https://localhost:4443/
",client,quic_client_test_max0,,ivy_return_code(127)+,/results/temp/97/quic_client_test_max0.iev,0.0,0.0
251," ./client -l /results/temp/quant_key.log -c false -r 20 -u  -t 3600 -v 5 -e 0xff00001d https://localhost:4443/
",client,quic_client_test_accept_maxdata0,,ivy_return_code(127)+,/results/temp/934/quic_client_test_accept_maxdata0.iev,0.0,0.0
252," ./client -l /results/temp/quant_key.log -c false -r 20 -u  -t 3600 -v 5 -e 0xff00001d https://localhost:4443/
",client,quic_client_test_tp_prefadd_error0,,server_return_code(1)+ivy_return_code(1),/results/temp/1035/quic_client_test_tp_prefadd_error0.iev,0.0,0.0
253," ./client -l /results/temp/quant_key.log -c false -r 20 -u  -t 3600 -v 5 -e 0xff00001d https://localhost:4443/
",client,quic_client_test_ext_min_ack_delay0,,"ivy_return_code(1)+"""")",/results/temp/1279/quic_client_test_ext_min_ack_delay0.iev,0.0,0.0
254," ./client -l /results/temp/quant_key.log -c false -r 20 -u  -t 3600 -v 5 -e 0xff00001d https://localhost:4443/
",client,quic_client_test_newcoid_zero_error0,,"ivy_return_code(1)+"""")",/results/temp/872/quic_client_test_newcoid_zero_error0.iev,0.0,0.0
255," ./client -l /results/temp/quant_key.log -c false -r 20 -u  -t 3600 -v 5 -e 0xff00001d https://localhost:4443/
",client,quic_client_test_ext_min_ack_delay0,,,/results/temp/1272/quic_client_test_ext_min_ack_delay0.iev,0.0,1.0
256," ./client -l /results/temp/quant_key.log -c false -r 20 -u  -t 3600 -v 5 -e 0xff00001d https://localhost:4443/
",client,quic_client_test_newcoid_zero_error0,,"ivy_return_code(1)+"""")",/results/temp/863/quic_client_test_newcoid_zero_error0.iev,0.0,0.0
257," ./client -l /results/temp/quant_key.log -c false -r 20 -u  -t 3600 -v 5 -e 0xff00001d https://localhost:4443/
",client,quic_client_test_newcoid_zero_error0,,"ivy_return_code(1)+"""")",/results/temp/816/quic_client_test_newcoid_zero_error0.iev,0.0,0.0
258," ./client -l /results/temp/quant_key.log -c false -r 20 -u  -t 3600 -v 5 -e 0xff00001d https://localhost:4443/
",client,,,ivy_return_code(127)+,/results/temp/342/quic_client_test_unknown0.iev,0.0,0.0
259," ./client -l /results/temp/quant_key.log -c false -r 20 -u  -t 3600 -v 5 -e 0xff00001d https://localhost:4443/
",client,,,ivy_return_code(127)+,/results/temp/333/quic_client_test_unknown0.iev,0.0,0.0
260," ./client -l /results/temp/quant_key.log -c false -r 20 -u  -t 3600 -v 5 -e 0xff00001d https://localhost:4443/
",client,quic_client_test_accept_maxdata0,,ivy_return_code(127)+,/results/temp/933/quic_client_test_accept_maxdata0.iev,0.0,0.0
261," ./client -l /results/temp/quant_key.log -c false -r 20 -u  -t 3600 -v 5 -e 0xff00001d https://localhost:4443/
",client,quic_client_test_tp_acticoid_error0,,,/results/temp/554/quic_client_test_tp_acticoid_error0.iev,0.0,1.0
262," ./client -l /results/temp/quant_key.log -c false -r 20 -u  -t 3600 -v 5 -e 0xff00001d https://localhost:4443/
",client,quic_client_test_double_tp_error0,,server_return_code(1)+ivy_return_code(1),/results/temp/478/quic_client_test_double_tp_error0.iev,0.0,0.0
263," ./client -l /results/temp/quant_key.log -c false -r 20 -u  -t 3600 -v 5 -e 0xff00001d https://localhost:4443/
",client,,,ivy_return_code(127)+,/results/temp/332/quic_client_test_unknown0.iev,0.0,0.0
264," ./client -l /results/temp/quant_key.log -c false -r 20 -u  -t 3600 -v 5 -e 0xff00001d https://localhost:4443/
",client,,,ivy_return_code(127)+,/results/temp/303/quic_client_test_unknown0.iev,0.0,0.0
265," ./client -l /results/temp/quant_key.log -c false -r 20 -u  -t 3600 -v 5 -e 0xff00001d https://localhost:4443/
",client,quic_client_test_tp_prefadd_error0,,server_return_code(1)+ivy_return_code(1),/results/temp/1075/quic_client_test_tp_prefadd_error0.iev,0.0,0.0
266," ./client -l /results/temp/quant_key.log -c false -r 20 -u  -t 3600 -v 5 -e 0xff00001d https://localhost:4443/
",client,,,ivy_return_code(127)+,/results/temp/372/quic_client_test_unknown0.iev,0.0,0.0
267," ./client -l /results/temp/quant_key.log -c false -r 20 -u  -t 3600 -v 5 -e 0xff00001d https://localhost:4443/
",client,,,ivy_return_code(127)+,/results/temp/388/quic_client_test_unknown0.iev,0.0,0.0
268," ./client -l /results/temp/quant_key.log -c false -r 20 -u  -t 3600 -v 5 -e 0xff00001d https://localhost:4443/
",client,quic_client_test_blocked_streams_maxstream_error0,,"ivy_return_code(1)+"""")",/results/temp/722/quic_client_test_blocked_streams_maxstream_error0.iev,0.0,0.0
269," ./client -l /results/temp/quant_key.log -c false -r 20 -u  -t 3600 -v 5 -e 0xff00001d https://localhost:4443/
",client,quic_client_test_newcoid_zero_error0,,"ivy_return_code(1)+"""")",/results/temp/898/quic_client_test_newcoid_zero_error0.iev,0.0,0.0
270," ./client -l /results/temp/quant_key.log -c false -r 20 -u  -t 3600 -v 5 -e 0xff00001d https://localhost:4443/
",client,quic_client_test_ext_min_ack_delay0,,,/results/temp/1244/quic_client_test_ext_min_ack_delay0.iev,0.0,1.0
271," ./client -l /results/temp/quant_key.log -c false -r 20 -u  -t 3600 -v 5 -e 0xff00001d https://localhost:4443/
",client,quic_client_test_tp_prefadd_error0,,server_return_code(1)+ivy_return_code(1),/results/temp/1031/quic_client_test_tp_prefadd_error0.iev,0.0,0.0
272," ./client -l /results/temp/quant_key.log -c false -r 20 -u  -t 3600 -v 5 -e 0xff00001d https://localhost:4443/
",client,quic_client_test_max0,,ivy_return_code(127)+,/results/temp/72/quic_client_test_max0.iev,0.0,0.0
273," ./client -l /results/temp/quant_key.log -c false -r 20 -u  -t 3600 -v 5 -e 0xff00001d https://localhost:4443/
",client,quic_client_test_tp_acticoid_error0,,,/results/temp/514/quic_client_test_tp_acticoid_error0.iev,0.0,1.0
274," ./client -l /results/temp/quant_key.log -c false -r 20 -u  -t 3600 -v 5 -e 0xff00001d https://localhost:4443/
",client,quic_client_test_blocked_streams_maxstream_error0,,"ivy_return_code(1)+"""")",/results/temp/736/quic_client_test_blocked_streams_maxstream_error0.iev,0.0,0.0
275," ./client -l /results/temp/quant_key.log -c false -r 20 -u  -t 3600 -v 5 -e 0xff00001d https://localhost:4443/
",client,quic_client_test_newcoid_zero_error0,,"ivy_return_code(1)+"""")",/results/temp/884/quic_client_test_newcoid_zero_error0.iev,0.0,0.0
276," ./client -l /results/temp/quant_key.log -c false -r 20 -u  -t 3600 -v 5 -e 0xff00001d https://localhost:4443/
",client,quic_client_test_blocked_streams_maxstream_error0,,"ivy_return_code(1)+"""")",/results/temp/700/quic_client_test_blocked_streams_maxstream_error0.iev,0.0,0.0
277," ./client -l /results/temp/quant_key.log -c false -r 20 -u  -t 3600 -v 5 -e 0xff00001d https://localhost:4443/
",client,quic_client_test_tp_prefadd_error0,,server_return_code(1)+ivy_return_code(1),/results/temp/1027/quic_client_test_tp_prefadd_error0.iev,0.0,0.0
278," ./client -l /results/temp/quant_key.log -c false -r 20 -u  -t 3600 -v 5 -e 0xff00001d https://localhost:4443/
",client,quic_client_test_tp_acticoid_error0,,,/results/temp/560/quic_client_test_tp_acticoid_error0.iev,0.0,1.0
279," ./client -l /results/temp/quant_key.log -c false -r 20 -u  -t 3600 -v 5 -e 0xff00001d https://localhost:4443/
",client,quic_client_test_double_tp_error0,,server_return_code(1)+ivy_return_code(1),/results/temp/443/quic_client_test_double_tp_error0.iev,0.0,0.0
280," ./client -l /results/temp/quant_key.log -c false -r 20 -u  -t 3600 -v 5 -e 0xff00001d https://localhost:4443/
",client,quic_client_test_no_odci0,,server_return_code(1)+ivy_return_code(1),/results/temp/1137/quic_client_test_no_odci0.iev,0.0,0.0
281," ./client -l /results/temp/quant_key.log -c false -r 20 -u  -t 3600 -v 5 -e 0xff00001d https://localhost:4443/
",client,quic_client_test_tp_limit_acticoid_error0,,server_return_code(1)+ivy_return_code(1),/results/temp/673/quic_client_test_tp_limit_acticoid_error0.iev,0.0,0.0
282," ./client -l /results/temp/quant_key.log -c false -r 20 -u  -t 3600 -v 5 -e 0xff00001d https://localhost:4443/
",client,quic_client_test_newcoid_zero_error0,,"ivy_return_code(1)+"""")",/results/temp/844/quic_client_test_newcoid_zero_error0.iev,0.0,0.0
283," ./client -l /results/temp/quant_key.log -c false -r 20 -u  -t 3600 -v 5 -e 0xff00001d https://localhost:4443/
",client,quic_client_test_tp_prefadd_error0,,server_return_code(1)+ivy_return_code(1),/results/temp/1091/quic_client_test_tp_prefadd_error0.iev,0.0,0.0
284," ./client -l /results/temp/quant_key.log -c false -r 20 -u  -t 3600 -v 5 -e 0xff00001d https://localhost:4443/
",client,quic_client_test_blocked_streams_maxstream_error0,,"ivy_return_code(1)+"""")",/results/temp/715/quic_client_test_blocked_streams_maxstream_error0.iev,0.0,0.0
285," ./client -l /results/temp/quant_key.log -c false -r 20 -u  -t 3600 -v 5 -e 0xff00001d https://localhost:4443/
",client,quic_client_test_tp_prefadd_error0,,server_return_code(1)+ivy_return_code(1),/results/temp/1037/quic_client_test_tp_prefadd_error0.iev,0.0,0.0
286," ./client -l /results/temp/quant_key.log -c false -r 20 -u  -t 3600 -v 5 -e 0xff00001d https://localhost:4443/
",client,quic_client_test_tp_error0,,server_return_code(1)+ivy_return_code(1),/results/temp/272/quic_client_test_tp_error0.iev,0.0,0.0
287," ./client -l /results/temp/quant_key.log -c false -r 20 -u  -t 3600 -v 5 -e 0xff00001d https://localhost:4443/
",client,quic_client_test_blocked_streams_maxstream_error0,,"ivy_return_code(1)+"""")",/results/temp/750/quic_client_test_blocked_streams_maxstream_error0.iev,0.0,0.0
288," ./client -l /results/temp/quant_key.log -c false -r 20 -u  -t 3600 -v 5 -e 0xff00001d https://localhost:4443/
",client,quic_client_test_max0,,ivy_return_code(127)+,/results/temp/64/quic_client_test_max0.iev,0.0,0.0
289," ./client -l /results/temp/quant_key.log -c false -r 20 -u  -t 3600 -v 5 -e 0xff00001d https://localhost:4443/
",client,quic_client_test_tp_acticoid_error0,,,/results/temp/561/quic_client_test_tp_acticoid_error0.iev,0.0,1.0
290," ./client -l /results/temp/quant_key.log -c false -r 20 -u  -t 3600 -v 5 -e 0xff00001d https://localhost:4443/
",client,quic_client_test_blocked_streams_maxstream_error0,,"ivy_return_code(1)+"""")",/results/temp/788/quic_client_test_blocked_streams_maxstream_error0.iev,0.0,0.0
291," ./client -l /results/temp/quant_key.log -c false -r 20 -u  -t 3600 -v 5 -e 0xff00001d https://localhost:4443/
",client,quic_client_test_accept_maxdata0,,ivy_return_code(127)+,/results/temp/956/quic_client_test_accept_maxdata0.iev,0.0,0.0
292," ./client -l /results/temp/quant_key.log -c false -r 20 -u  -t 3600 -v 5 -e 0xff00001d https://localhost:4443/
",client,quic_client_test_tp_limit_acticoid_error0,,server_return_code(1)+ivy_return_code(1),/results/temp/637/quic_client_test_tp_limit_acticoid_error0.iev,0.0,0.0
293," ./client -l /results/temp/quant_key.log -c false -r 20 -u  -t 3600 -v 5 -e 0xff00001d https://localhost:4443/
",client,quic_client_test_tp_prefadd_error0,,"ivy_return_code(1)+"""")",/results/temp/1086/quic_client_test_tp_prefadd_error0.iev,0.0,0.0
294," ./client -l /results/temp/quant_key.log -c false -r 20 -u  -t 3600 -v 5 -e 0xff00001d https://localhost:4443/
",client,quic_client_test_tp_acticoid_error0,,,/results/temp/510/quic_client_test_tp_acticoid_error0.iev,0.0,1.0
295," ./client -l /results/temp/quant_key.log -c false -r 20 -u  -t 3600 -v 5 -e 0xff00001d https://localhost:4443/
",client,quic_client_test_tp_limit_acticoid_error0,,server_return_code(1)+ivy_return_code(1),/results/temp/682/quic_client_test_tp_limit_acticoid_error0.iev,0.0,0.0
296," ./client -l /results/temp/quant_key.log -c false -r 20 -u  -t 3600 -v 5 -e 0xff00001d https://localhost:4443/
",client,quic_client_test_max0,,ivy_return_code(127)+,/results/temp/40/quic_client_test_max0.iev,0.0,0.0
297," ./client -l /results/temp/quant_key.log -c false -r 20 -u  -t 3600 -v 5 -e 0xff00001d https://localhost:4443/
",client,,,ivy_return_code(127)+,/results/temp/308/quic_client_test_unknown0.iev,0.0,0.0
298," ./client -l /results/temp/quant_key.log -c false -r 20 -u  -t 3600 -v 5 -e 0xff00001d https://localhost:4443/
",client,quic_client_test_newcoid_zero_error0,,"ivy_return_code(1)+"""")",/results/temp/858/quic_client_test_newcoid_zero_error0.iev,0.0,0.0
299," ./client -l /results/temp/quant_key.log -c false -r 20 -u  -t 3600 -v 5 -e 0xff00001d https://localhost:4443/
",client,quic_client_test_tp_error0,,server_return_code(1)+ivy_return_code(1),/results/temp/246/quic_client_test_tp_error0.iev,0.0,0.0
300," ./client -l /results/temp/quant_key.log -c false -r 20 -u  -t 3600 -v 5 -e 0xff00001d https://localhost:4443/
",client,quic_client_test_tp_limit_acticoid_error0,,server_return_code(1)+ivy_return_code(1),/results/temp/618/quic_client_test_tp_limit_acticoid_error0.iev,0.0,0.0
301," ./client -l /results/temp/quant_key.log -c false -r 20 -u  -t 3600 -v 5 -e 0xff00001d https://localhost:4443/
",client,quic_client_test_accept_maxdata0,,ivy_return_code(127)+,/results/temp/901/quic_client_test_accept_maxdata0.iev,0.0,0.0
302," ./client -l /results/temp/quant_key.log -c false -r 20 -u  -t 3600 -v 5 -e 0xff00001d https://localhost:4443/
",client,quic_client_test_tp_error0,,server_return_code(1)+ivy_return_code(1),/results/temp/205/quic_client_test_tp_error0.iev,0.0,0.0
303," ./client -l /results/temp/quant_key.log -c false -r 20 -u  -t 3600 -v 5 -e 0xff00001d https://localhost:4443/
",client,quic_client_test_accept_maxdata0,,ivy_return_code(127)+,/results/temp/962/quic_client_test_accept_maxdata0.iev,0.0,0.0
304," ./client -l /results/temp/quant_key.log -c false -r 20 -u  -t 3600 -v 5 -e 0xff00001d https://localhost:4443/
",client,quic_client_test_no_odci0,,server_return_code(1)+ivy_return_code(1),/results/temp/1141/quic_client_test_no_odci0.iev,0.0,0.0
305," ./client -l /results/temp/quant_key.log -c false -r 20 -u  -t 3600 -v 5 -e 0xff00001d https://localhost:4443/
",client,quic_client_test_tp_prefadd_error0,,server_return_code(1)+ivy_return_code(1),/results/temp/1023/quic_client_test_tp_prefadd_error0.iev,0.0,0.0
306," ./client -l /results/temp/quant_key.log -c false -r 20 -u  -t 3600 -v 5 -e 0xff00001d https://localhost:4443/
",client,quic_client_test_blocked_streams_maxstream_error0,,"ivy_return_code(1)+"""")",/results/temp/764/quic_client_test_blocked_streams_maxstream_error0.iev,0.0,0.0
307," ./client -l /results/temp/quant_key.log -c false -r 20 -u  -t 3600 -v 5 -e 0xff00001d https://localhost:4443/
",client,quic_client_test_max0,,ivy_return_code(127)+,/results/temp/33/quic_client_test_max0.iev,0.0,0.0
308," ./client -l /results/temp/quant_key.log -c false -r 20 -u  -t 3600 -v 5 -e 0xff00001d https://localhost:4443/
",client,quic_client_test_tp_limit_acticoid_error0,,server_return_code(1)+ivy_return_code(1),/results/temp/634/quic_client_test_tp_limit_acticoid_error0.iev,0.0,0.0
309," ./client -l /results/temp/quant_key.log -c false -r 20 -u  -t 3600 -v 5 -e 0xff00001d https://localhost:4443/
",client,quic_client_test_tp_prefadd_error0,,server_return_code(1)+ivy_return_code(1),/results/temp/1034/quic_client_test_tp_prefadd_error0.iev,0.0,0.0
310," ./client -l /results/temp/quant_key.log -c false -r 20 -u  -t 3600 -v 5 -e 0xff00001d https://localhost:4443/
",client,quic_client_test_double_tp_error0,,server_return_code(1)+ivy_return_code(1),/results/temp/499/quic_client_test_double_tp_error0.iev,0.0,0.0
311," ./client -l /results/temp/quant_key.log -c false -r 20 -u  -t 3600 -v 5 -e 0xff00001d https://localhost:4443/
",client,quic_client_test_tp_acticoid_error0,,,/results/temp/547/quic_client_test_tp_acticoid_error0.iev,0.0,1.0
312," ./client -l /results/temp/quant_key.log -c false -r 20 -u  -t 3600 -v 5 -e 0xff00001d https://localhost:4443/
",client,quic_client_test_newcoid_zero_error0,,"ivy_return_code(1)+"""")",/results/temp/847/quic_client_test_newcoid_zero_error0.iev,0.0,0.0
313," ./client -l /results/temp/quant_key.log -c false -r 20 -u  -t 3600 -v 5 -e 0xff00001d https://localhost:4443/
",client,quic_client_test_no_odci0,,server_return_code(1)+ivy_return_code(1),/results/temp/1111/quic_client_test_no_odci0.iev,0.0,0.0
314," ./client -l /results/temp/quant_key.log -c false -r 20 -u  -t 3600 -v 5 -e 0xff00001d https://localhost:4443/
",client,quic_client_test_double_tp_error0,,server_return_code(1)+ivy_return_code(1),/results/temp/439/quic_client_test_double_tp_error0.iev,0.0,0.0
315," ./client -l /results/temp/quant_key.log -c false -r 20 -u  -t 3600 -v 5 -e 0xff00001d https://localhost:4443/
",client,quic_client_test_tp_error0,,server_return_code(1)+ivy_return_code(1),/results/temp/282/quic_client_test_tp_error0.iev,0.0,0.0
316," ./client -l /results/temp/quant_key.log -c false -r 20 -u  -t 3600 -v 5 -e 0xff00001d https://localhost:4443/
",client,quic_client_test_tp_acticoid_error0,,,/results/temp/539/quic_client_test_tp_acticoid_error0.iev,0.0,1.0
317," ./client -l /results/temp/quant_key.log -c false -r 20 -u  -t 3600 -v 5 -e 0xff00001d https://localhost:4443/
",client,quic_client_test_tp_prefadd_error0,,server_return_code(1)+ivy_return_code(1),/results/temp/1084/quic_client_test_tp_prefadd_error0.iev,0.0,0.0
318," ./client -l /results/temp/quant_key.log -c false -r 20 -u  -t 3600 -v 5 -e 0xff00001d https://localhost:4443/
",client,quic_client_test_blocked_streams_maxstream_error0,,"ivy_return_code(1)+"""")",/results/temp/710/quic_client_test_blocked_streams_maxstream_error0.iev,0.0,0.0
319," ./client -l /results/temp/quant_key.log -c false -r 20 -u  -t 3600 -v 5 -e 0xff00001d https://localhost:4443/
",client,quic_client_test_tp_acticoid_error0,,,/results/temp/557/quic_client_test_tp_acticoid_error0.iev,0.0,1.0
320," ./client -l /results/temp/quant_key.log -c false -r 20 -u  -t 3600 -v 5 -e 0xff00001d https://localhost:4443/
",client,quic_client_test_accept_maxdata0,,ivy_return_code(127)+,/results/temp/915/quic_client_test_accept_maxdata0.iev,0.0,0.0
321," ./client -l /results/temp/quant_key.log -c false -r 20 -u  -t 3600 -v 5 -e 0xff00001d https://localhost:4443/
",client,quic_client_test_max0,,ivy_return_code(127)+,/results/temp/30/quic_client_test_max0.iev,0.0,0.0
322," ./client -l /results/temp/quant_key.log -c false -r 20 -u  -t 3600 -v 5 -e 0xff00001d https://localhost:4443/
",client,quic_client_test_blocked_streams_maxstream_error0,,"ivy_return_code(1)+"""")",/results/temp/721/quic_client_test_blocked_streams_maxstream_error0.iev,0.0,0.0
323," ./client -l /results/temp/quant_key.log -c false -r 20 -u  -t 3600 -v 5 -e 0xff00001d https://localhost:4443/
",client,,,ivy_return_code(127)+,/results/temp/360/quic_client_test_unknown0.iev,0.0,0.0
324," ./client -l /results/temp/quant_key.log -c false -r 20 -u  -t 3600 -v 5 -e 0xff00001d https://localhost:4443/
",client,quic_client_test_blocked_streams_maxstream_error0,,"ivy_return_code(1)+"""")",/results/temp/771/quic_client_test_blocked_streams_maxstream_error0.iev,0.0,0.0
325," ./client -l /results/temp/quant_key.log -c false -r 20 -u  -t 3600 -v 5 -e 0xff00001d https://localhost:4443/
",client,quic_client_test_newcoid_zero_error0,,"ivy_return_code(1)+"""")",/results/temp/808/quic_client_test_newcoid_zero_error0.iev,0.0,0.0
326," ./client -l /results/temp/quant_key.log -c false -r 20 -u  -t 3600 -v 5 -e 0xff00001d https://localhost:4443/
",client,quic_client_test_blocked_streams_maxstream_error0,,"ivy_return_code(1)+"""")",/results/temp/761/quic_client_test_blocked_streams_maxstream_error0.iev,0.0,0.0
327," ./client -l /results/temp/quant_key.log -c false -r 20 -u  -t 3600 -v 5 -e 0xff00001d https://localhost:4443/
",client,quic_client_test_no_odci0,,server_return_code(1)+ivy_return_code(1),/results/temp/1192/quic_client_test_no_odci0.iev,0.0,0.0
328," ./client -l /results/temp/quant_key.log -c false -r 20 -u  -t 3600 -v 5 -e 0xff00001d https://localhost:4443/
",client,,,ivy_return_code(127)+,/results/temp/358/quic_client_test_unknown0.iev,0.0,0.0
329," ./client -l /results/temp/quant_key.log -c false -r 20 -u  -t 3600 -v 5 -e 0xff00001d https://localhost:4443/
",client,quic_client_test_accept_maxdata0,,ivy_return_code(127)+,/results/temp/903/quic_client_test_accept_maxdata0.iev,0.0,0.0
330," ./client -l /results/temp/quant_key.log -c false -r 20 -u  -t 3600 -v 5 -e 0xff00001d https://localhost:4443/
",client,quic_client_test_double_tp_error0,,server_return_code(1)+ivy_return_code(1),/results/temp/460/quic_client_test_double_tp_error0.iev,0.0,0.0
331," ./client -l /results/temp/quant_key.log -c false -r 20 -u  -t 3600 -v 5 -e 0xff00001d https://localhost:4443/
",client,,,ivy_return_code(127)+,/results/temp/352/quic_client_test_unknown0.iev,0.0,0.0
332," ./client -l /results/temp/quant_key.log -c false -r 20 -u  -t 3600 -v 5 -e 0xff00001d https://localhost:4443/
",client,quic_client_test_tp_limit_acticoid_error0,,server_return_code(1)+ivy_return_code(1),/results/temp/605/quic_client_test_tp_limit_acticoid_error0.iev,0.0,0.0
333," ./client -l /results/temp/quant_key.log -c false -r 20 -u  -t 3600 -v 5 -e 0xff00001d https://localhost:4443/
",client,quic_client_test_double_tp_error0,,server_return_code(1)+ivy_return_code(1),/results/temp/447/quic_client_test_double_tp_error0.iev,0.0,0.0
334," ./client -l /results/temp/quant_key.log -c false -r 20 -u  -t 3600 -v 5 -e 0xff00001d https://localhost:4443/
",client,,,ivy_return_code(127)+,/results/temp/338/quic_client_test_unknown0.iev,0.0,0.0
335," ./client -l /results/temp/quant_key.log -c false -r 20 -u  -t 3600 -v 5 -e 0xff00001d https://localhost:4443/
",client,quic_client_test_accept_maxdata0,,ivy_return_code(127)+,/results/temp/967/quic_client_test_accept_maxdata0.iev,0.0,0.0
336," ./client -l /results/temp/quant_key.log -c false -r 20 -u  -t 3600 -v 5 -e 0xff00001d https://localhost:4443/
",client,,,ivy_return_code(127)+,/results/temp/305/quic_client_test_unknown0.iev,0.0,0.0
337," ./client -l /results/temp/quant_key.log -c false -r 20 -u  -t 3600 -v 5 -e 0xff00001d https://localhost:4443/
",client,quic_client_test_tp_error0,,server_return_code(1)+ivy_return_code(1),/results/temp/267/quic_client_test_tp_error0.iev,0.0,0.0
338," ./client -l /results/temp/quant_key.log -c false -r 20 -u  -t 3600 -v 5 -e 0xff00001d https://localhost:4443/
",client,quic_client_test_tp_limit_acticoid_error0,,server_return_code(1)+ivy_return_code(1),/results/temp/664/quic_client_test_tp_limit_acticoid_error0.iev,0.0,0.0
339," ./client -l /results/temp/quant_key.log -c false -r 20 -u  -t 3600 -v 5 -e 0xff00001d https://localhost:4443/
",client,quic_client_test_tp_prefadd_error0,,server_return_code(1)+ivy_return_code(1),/results/temp/1049/quic_client_test_tp_prefadd_error0.iev,0.0,0.0
340," ./client -l /results/temp/quant_key.log -c false -r 20 -u  -t 3600 -v 5 -e 0xff00001d https://localhost:4443/
",client,quic_client_test_tp_limit_acticoid_error0,,server_return_code(1)+ivy_return_code(1),/results/temp/645/quic_client_test_tp_limit_acticoid_error0.iev,0.0,0.0
341," ./client -l /results/temp/quant_key.log -c false -r 20 -u  -t 3600 -v 5 -e 0xff00001d https://localhost:4443/
",client,,,ivy_return_code(127)+,/results/temp/304/quic_client_test_unknown0.iev,0.0,0.0
342," ./client -l /results/temp/quant_key.log -c false -r 20 -u  -t 3600 -v 5 -e 0xff00001d https://localhost:4443/
",client,quic_client_test_double_tp_error0,,server_return_code(1)+ivy_return_code(1),/results/temp/446/quic_client_test_double_tp_error0.iev,0.0,0.0
343," ./client -l /results/temp/quant_key.log -c false -r 20 -u  -t 3600 -v 5 -e 0xff00001d https://localhost:4443/
",client,quic_client_test_double_tp_error0,,server_return_code(1)+ivy_return_code(1),/results/temp/408/quic_client_test_double_tp_error0.iev,0.0,0.0
344," ./client -l /results/temp/quant_key.log -c false -r 20 -u  -t 3600 -v 5 -e 0xff00001d https://localhost:4443/
",client,,,ivy_return_code(127)+,/results/temp/387/quic_client_test_unknown0.iev,0.0,0.0
345," ./client -l /results/temp/quant_key.log -c false -r 20 -u  -t 3600 -v 5 -e 0xff00001d https://localhost:4443/
",client,quic_client_test_newcoid_zero_error0,,"ivy_return_code(1)+"""")",/results/temp/869/quic_client_test_newcoid_zero_error0.iev,0.0,0.0
346," ./client -l /results/temp/quant_key.log -c false -r 20 -u  -t 3600 -v 5 -e 0xff00001d https://localhost:4443/
",client,,,ivy_return_code(127)+,/results/temp/328/quic_client_test_unknown0.iev,0.0,0.0
347," ./client -l /results/temp/quant_key.log -c false -r 20 -u  -t 3600 -v 5 -e 0xff00001d https://localhost:4443/
",client,quic_client_test_tp_limit_acticoid_error0,,server_return_code(1)+ivy_return_code(1),/results/temp/621/quic_client_test_tp_limit_acticoid_error0.iev,0.0,0.0
348," ./client -l /results/temp/quant_key.log -c false -r 20 -u  -t 3600 -v 5 -e 0xff00001d https://localhost:4443/
",client,quic_client_test_tp_limit_acticoid_error0,,server_return_code(1)+ivy_return_code(1),/results/temp/660/quic_client_test_tp_limit_acticoid_error0.iev,0.0,0.0
349," ./client -l /results/temp/quant_key.log -c false -r 20 -u  -t 3600 -v 5 -e 0xff00001d https://localhost:4443/
",client,quic_client_test_blocked_streams_maxstream_error0,,"ivy_return_code(1)+"""")",/results/temp/744/quic_client_test_blocked_streams_maxstream_error0.iev,0.0,0.0
350," ./client -l /results/temp/quant_key.log -c false -r 20 -u  -t 3600 -v 5 -e 0xff00001d https://localhost:4443/
",client,quic_client_test_tp_acticoid_error0,,,/results/temp/584/quic_client_test_tp_acticoid_error0.iev,0.0,1.0
351," ./client -l /results/temp/quant_key.log -c false -r 20 -u  -t 3600 -v 5 -e 0xff00001d https://localhost:4443/
",client,quic_client_test_newcoid_zero_error0,,"ivy_return_code(1)+"""")",/results/temp/862/quic_client_test_newcoid_zero_error0.iev,0.0,0.0
352," ./client -l /results/temp/quant_key.log -c false -r 20 -u  -t 3600 -v 5 -e 0xff00001d https://localhost:4443/
",client,quic_client_test_no_odci0,,server_return_code(1)+ivy_return_code(1),/results/temp/1132/quic_client_test_no_odci0.iev,0.0,0.0
353," ./client -l /results/temp/quant_key.log -c false -r 20 -u  -t 3600 -v 5 -e 0xff00001d https://localhost:4443/
",client,,,ivy_return_code(127)+,/results/temp/336/quic_client_test_unknown0.iev,0.0,0.0
354," ./client -l /results/temp/quant_key.log -c false -r 20 -u  -t 3600 -v 5 -e 0xff00001d https://localhost:4443/
",client,quic_client_test_ext_min_ack_delay0,,,/results/temp/1238/quic_client_test_ext_min_ack_delay0.iev,0.0,1.0
355," ./client -l /results/temp/quant_key.log -c false -r 20 -u  -t 3600 -v 5 -e 0xff00001d https://localhost:4443/
",client,quic_client_test_tp_limit_acticoid_error0,,server_return_code(1)+ivy_return_code(1),/results/temp/638/quic_client_test_tp_limit_acticoid_error0.iev,0.0,0.0
356," ./client -l /results/temp/quant_key.log -c false -r 20 -u  -t 3600 -v 5 -e 0xff00001d https://localhost:4443/
",client,quic_client_test_newcoid_zero_error0,,"ivy_return_code(1)+"""")",/results/temp/852/quic_client_test_newcoid_zero_error0.iev,0.0,0.0
357," ./client -l /results/temp/quant_key.log -c false -r 20 -u  -t 3600 -v 5 -e 0xff00001d https://localhost:4443/
",client,quic_client_test_tp_limit_acticoid_error0,,server_return_code(1)+ivy_return_code(1),/results/temp/644/quic_client_test_tp_limit_acticoid_error0.iev,0.0,0.0
358," ./client -l /results/temp/quant_key.log -c false -r 20 -u  -t 3600 -v 5 -e 0xff00001d https://localhost:4443/
",client,quic_client_test_max0,,ivy_return_code(127)+,/results/temp/56/quic_client_test_max0.iev,0.0,0.0
359," ./client -l /results/temp/quant_key.log -c false -r 20 -u  -t 3600 -v 5 -e 0xff00001d https://localhost:4443/
",client,,,ivy_return_code(127)+,/results/temp/366/quic_client_test_unknown0.iev,0.0,0.0
360," ./client -l /results/temp/quant_key.log -c false -r 20 -u  -t 3600 -v 5 -e 0xff00001d https://localhost:4443/
",client,quic_client_test_no_odci0,,server_return_code(1)+ivy_return_code(1),/results/temp/1161/quic_client_test_no_odci0.iev,0.0,0.0
361," ./client -l /results/temp/quant_key.log -c false -r 20 -u  -t 3600 -v 5 -e 0xff00001d https://localhost:4443/
",client,quic_client_test_ext_min_ack_delay0,,,/results/temp/1249/quic_client_test_ext_min_ack_delay0.iev,0.0,1.0
362," ./client -l /results/temp/quant_key.log -c false -r 20 -u  -t 3600 -v 5 -e 0xff00001d https://localhost:4443/
",client,quic_client_test_blocked_streams_maxstream_error0,,"ivy_return_code(1)+"""")",/results/temp/774/quic_client_test_blocked_streams_maxstream_error0.iev,0.0,0.0
363," ./client -l /results/temp/quant_key.log -c false -r 20 -u  -t 3600 -v 5 -e 0xff00001d https://localhost:4443/
",client,quic_client_test_blocked_streams_maxstream_error0,,"ivy_return_code(1)+"""")",/results/temp/785/quic_client_test_blocked_streams_maxstream_error0.iev,0.0,0.0
364," ./client -l /results/temp/quant_key.log -c false -r 20 -u  -t 3600 -v 5 -e 0xff00001d https://localhost:4443/
",client,quic_client_test_max0,,ivy_return_code(127)+,/results/temp/16/quic_client_test_max0.iev,0.0,0.0
365," ./client -l /results/temp/quant_key.log -c false -r 20 -u  -t 3600 -v 5 -e 0xff00001d https://localhost:4443/
",client,quic_client_test_double_tp_error0,,server_return_code(1)+ivy_return_code(1),/results/temp/463/quic_client_test_double_tp_error0.iev,0.0,0.0
366," ./client -l /results/temp/quant_key.log -c false -r 20 -u  -t 3600 -v 5 -e 0xff00001d https://localhost:4443/
",client,quic_client_test_accept_maxdata0,,ivy_return_code(127)+,/results/temp/953/quic_client_test_accept_maxdata0.iev,0.0,0.0
367," ./client -l /results/temp/quant_key.log -c false -r 20 -u  -t 3600 -v 5 -e 0xff00001d https://localhost:4443/
",client,quic_client_test_no_odci0,,server_return_code(1)+ivy_return_code(1),/results/temp/1102/quic_client_test_no_odci0.iev,0.0,0.0
368," ./client -l /results/temp/quant_key.log -c false -r 20 -u  -t 3600 -v 5 -e 0xff00001d https://localhost:4443/
",client,quic_client_test_newcoid_zero_error0,,"ivy_return_code(1)+"""")",/results/temp/802/quic_client_test_newcoid_zero_error0.iev,0.0,0.0
369," ./client -l /results/temp/quant_key.log -c false -r 20 -u  -t 3600 -v 5 -e 0xff00001d https://localhost:4443/
",client,quic_client_test_newcoid_zero_error0,,"ivy_return_code(1)+"""")",/results/temp/826/quic_client_test_newcoid_zero_error0.iev,0.0,0.0
370," ./client -l /results/temp/quant_key.log -c false -r 20 -u  -t 3600 -v 5 -e 0xff00001d https://localhost:4443/
",client,quic_client_test_no_odci0,,server_return_code(1)+ivy_return_code(1),/results/temp/1122/quic_client_test_no_odci0.iev,0.0,0.0
371," ./client -l /results/temp/quant_key.log -c false -r 20 -u  -t 3600 -v 5 -e 0xff00001d https://localhost:4443/
",client,quic_client_test_newcoid_zero_error0,,"ivy_return_code(1)+"""")",/results/temp/830/quic_client_test_newcoid_zero_error0.iev,0.0,0.0
372," ./client -l /results/temp/quant_key.log -c false -r 20 -u  -t 3600 -v 5 -e 0xff00001d https://localhost:4443/
",client,quic_client_test_tp_acticoid_error0,,,/results/temp/580/quic_client_test_tp_acticoid_error0.iev,0.0,1.0
373," ./client -l /results/temp/quant_key.log -c false -r 20 -u  -t 3600 -v 5 -e 0xff00001d https://localhost:4443/
",client,quic_client_test_tp_error0,,server_return_code(1)+ivy_return_code(1),/results/temp/297/quic_client_test_tp_error0.iev,0.0,0.0
374," ./client -l /results/temp/quant_key.log -c false -r 20 -u  -t 3600 -v 5 -e 0xff00001d https://localhost:4443/
",client,,,ivy_return_code(127)+,/results/temp/313/quic_client_test_unknown0.iev,0.0,0.0
375," ./client -l /results/temp/quant_key.log -c false -r 20 -u  -t 3600 -v 5 -e 0xff00001d https://localhost:4443/
",client,quic_client_test_accept_maxdata0,,ivy_return_code(127)+,/results/temp/950/quic_client_test_accept_maxdata0.iev,0.0,0.0
376," ./client -l /results/temp/quant_key.log -c false -r 20 -u  -t 3600 -v 5 -e 0xff00001d https://localhost:4443/
",client,quic_client_test_tp_prefadd_error0,,server_return_code(1)+ivy_return_code(1),/results/temp/1030/quic_client_test_tp_prefadd_error0.iev,0.0,0.0
377," ./client -l /results/temp/quant_key.log -c false -r 20 -u  -t 3600 -v 5 -e 0xff00001d https://localhost:4443/
",client,quic_client_test_ext_min_ack_delay0,,,/results/temp/1257/quic_client_test_ext_min_ack_delay0.iev,0.0,1.0
378," ./client -l /results/temp/quant_key.log -c false -r 20 -u  -t 3600 -v 5 -e 0xff00001d https://localhost:4443/
",client,quic_client_test_max0,,ivy_return_code(127)+,/results/temp/67/quic_client_test_max0.iev,0.0,0.0
379," ./client -l /results/temp/quant_key.log -c false -r 20 -u  -t 3600 -v 5 -e 0xff00001d https://localhost:4443/
",client,quic_client_test_double_tp_error0,,server_return_code(1)+ivy_return_code(1),/results/temp/411/quic_client_test_double_tp_error0.iev,0.0,0.0
380," ./client -l /results/temp/quant_key.log -c false -r 20 -u  -t 3600 -v 5 -e 0xff00001d https://localhost:4443/
",client,quic_client_test_no_odci0,,server_return_code(1)+ivy_return_code(1),/results/temp/1103/quic_client_test_no_odci0.iev,0.0,0.0
381," ./client -l /results/temp/quant_key.log -c false -r 20 -u  -t 3600 -v 5 -e 0xff00001d https://localhost:4443/
",client,quic_client_test_tp_error0,,server_return_code(1)+ivy_return_code(1),/results/temp/222/quic_client_test_tp_error0.iev,0.0,0.0
382," ./client -l /results/temp/quant_key.log -c false -r 20 -u  -t 3600 -v 5 -e 0xff00001d https://localhost:4443/
",client,quic_client_test_max0,,ivy_return_code(127)+,/results/temp/48/quic_client_test_max0.iev,0.0,0.0
383," ./client -l /results/temp/quant_key.log -c false -r 20 -u  -t 3600 -v 5 -e 0xff00001d https://localhost:4443/
",client,quic_client_test_tp_limit_acticoid_error0,,server_return_code(1)+ivy_return_code(1),/results/temp/669/quic_client_test_tp_limit_acticoid_error0.iev,0.0,0.0
384," ./client -l /results/temp/quant_key.log -c false -r 20 -u  -t 3600 -v 5 -e 0xff00001d https://localhost:4443/
",client,quic_client_test_ext_min_ack_delay0,,,/results/temp/1278/quic_client_test_ext_min_ack_delay0.iev,0.0,1.0
385," ./client -l /results/temp/quant_key.log -c false -r 20 -u  -t 3600 -v 5 -e 0xff00001d https://localhost:4443/
",client,quic_client_test_ext_min_ack_delay0,,,/results/temp/1220/quic_client_test_ext_min_ack_delay0.iev,0.0,1.0
386," ./client -l /results/temp/quant_key.log -c false -r 20 -u  -t 3600 -v 5 -e 0xff00001d https://localhost:4443/
",client,quic_client_test_newcoid_zero_error0,,"ivy_return_code(1)+"""")",/results/temp/811/quic_client_test_newcoid_zero_error0.iev,0.0,0.0
387," ./client -l /results/temp/quant_key.log -c false -r 20 -u  -t 3600 -v 5 -e 0xff00001d https://localhost:4443/
",client,quic_client_test_tp_limit_acticoid_error0,,server_return_code(134)+ivy_return_code(1),/results/temp/640/quic_client_test_tp_limit_acticoid_error0.iev,0.0,0.0
388," ./client -l /results/temp/quant_key.log -c false -r 20 -u  -t 3600 -v 5 -e 0xff00001d https://localhost:4443/
",client,quic_client_test_tp_limit_acticoid_error0,,server_return_code(1)+ivy_return_code(1),/results/temp/699/quic_client_test_tp_limit_acticoid_error0.iev,0.0,0.0
389," ./client -l /results/temp/quant_key.log -c false -r 20 -u  -t 3600 -v 5 -e 0xff00001d https://localhost:4443/
",client,quic_client_test_max0,,ivy_return_code(127)+,/results/temp/38/quic_client_test_max0.iev,0.0,0.0
390," ./client -l /results/temp/quant_key.log -c false -r 20 -u  -t 3600 -v 5 -e 0xff00001d https://localhost:4443/
",client,quic_client_test_accept_maxdata0,,ivy_return_code(127)+,/results/temp/902/quic_client_test_accept_maxdata0.iev,0.0,0.0
391," ./client -l /results/temp/quant_key.log -c false -r 20 -u  -t 3600 -v 5 -e 0xff00001d https://localhost:4443/
",client,quic_client_test_tp_acticoid_error0,,,/results/temp/505/quic_client_test_tp_acticoid_error0.iev,0.0,1.0
392," ./client -l /results/temp/quant_key.log -c false -r 20 -u  -t 3600 -v 5 -e 0xff00001d https://localhost:4443/
",client,quic_client_test_tp_limit_acticoid_error0,,server_return_code(1)+ivy_return_code(1),/results/temp/655/quic_client_test_tp_limit_acticoid_error0.iev,0.0,0.0
393," ./client -l /results/temp/quant_key.log -c false -r 20 -u  -t 3600 -v 5 -e 0xff00001d https://localhost:4443/
",client,quic_client_test_tp_error0,,server_return_code(1)+ivy_return_code(1),/results/temp/295/quic_client_test_tp_error0.iev,0.0,0.0
394," ./client -l /results/temp/quant_key.log -c false -r 20 -u  -t 3600 -v 5 -e 0xff00001d https://localhost:4443/
",client,quic_client_test_tp_prefadd_error0,,server_return_code(1)+ivy_return_code(1),/results/temp/1011/quic_client_test_tp_prefadd_error0.iev,0.0,0.0
395," ./client -l /results/temp/quant_key.log -c false -r 20 -u  -t 3600 -v 5 -e 0xff00001d https://localhost:4443/
",client,quic_client_test_blocked_streams_maxstream_error0,,"ivy_return_code(1)+"""")",/results/temp/701/quic_client_test_blocked_streams_maxstream_error0.iev,0.0,0.0
396," ./client -l /results/temp/quant_key.log -c false -r 20 -u  -t 3600 -v 5 -e 0xff00001d https://localhost:4443/
",client,,,ivy_return_code(127)+,/results/temp/325/quic_client_test_unknown0.iev,0.0,0.0
397," ./client -l /results/temp/quant_key.log -c false -r 20 -u  -t 3600 -v 5 -e 0xff00001d https://localhost:4443/
",client,quic_client_test_ext_min_ack_delay0,,,/results/temp/1281/quic_client_test_ext_min_ack_delay0.iev,0.0,1.0
398," ./client -l /results/temp/quant_key.log -c false -r 20 -u  -t 3600 -v 5 -e 0xff00001d https://localhost:4443/
",client,quic_client_test_ext_min_ack_delay0,,,/results/temp/1241/quic_client_test_ext_min_ack_delay0.iev,0.0,1.0
399," ./client -l /results/temp/quant_key.log -c false -r 20 -u  -t 3600 -v 5 -e 0xff00001d https://localhost:4443/
",client,quic_client_test_no_odci0,,server_return_code(1)+ivy_return_code(1),/results/temp/1129/quic_client_test_no_odci0.iev,0.0,0.0
400," ./client -l /results/temp/quant_key.log -c false -r 20 -u  -t 3600 -v 5 -e 0xff00001d https://localhost:4443/
",client,quic_client_test_ext_min_ack_delay0,,,/results/temp/1289/quic_client_test_ext_min_ack_delay0.iev,0.0,1.0
401," ./client -l /results/temp/quant_key.log -c false -r 20 -u  -t 3600 -v 5 -e 0xff00001d https://localhost:4443/
",client,quic_client_test_tp_error0,,server_return_code(1)+ivy_return_code(1),/results/temp/277/quic_client_test_tp_error0.iev,0.0,0.0
402," ./client -l /results/temp/quant_key.log -c false -r 20 -u  -t 3600 -v 5 -e 0xff00001d https://localhost:4443/
",client,quic_client_test_tp_prefadd_error0,,server_return_code(1)+ivy_return_code(1),/results/temp/1018/quic_client_test_tp_prefadd_error0.iev,0.0,0.0
403," ./client -l /results/temp/quant_key.log -c false -r 20 -u  -t 3600 -v 5 -e 0xff00001d https://localhost:4443/
",client,quic_client_test_ext_min_ack_delay0,,,/results/temp/1229/quic_client_test_ext_min_ack_delay0.iev,0.0,1.0
404," ./client -l /results/temp/quant_key.log -c false -r 20 -u  -t 3600 -v 5 -e 0xff00001d https://localhost:4443/
",client,quic_client_test_tp_error0,,server_return_code(1)+ivy_return_code(1),/results/temp/247/quic_client_test_tp_error0.iev,0.0,0.0
405," ./client -l /results/temp/quant_key.log -c false -r 20 -u  -t 3600 -v 5 -e 0xff00001d https://localhost:4443/
",client,quic_client_test_no_odci0,,server_return_code(1)+ivy_return_code(1),/results/temp/1159/quic_client_test_no_odci0.iev,0.0,0.0
406," ./client -l /results/temp/quant_key.log -c false -r 20 -u  -t 3600 -v 5 -e 0xff00001d https://localhost:4443/
",client,quic_client_test_max0,,ivy_return_code(127)+,/results/temp/87/quic_client_test_max0.iev,0.0,0.0
407," ./client -l /results/temp/quant_key.log -c false -r 20 -u  -t 3600 -v 5 -e 0xff00001d https://localhost:4443/
",client,quic_client_test_tp_error0,,server_return_code(1)+ivy_return_code(1),/results/temp/245/quic_client_test_tp_error0.iev,0.0,0.0
408," ./client -l /results/temp/quant_key.log -c false -r 20 -u  -t 3600 -v 5 -e 0xff00001d https://localhost:4443/
",client,quic_client_test_tp_prefadd_error0,,server_return_code(1)+ivy_return_code(1),/results/temp/1053/quic_client_test_tp_prefadd_error0.iev,0.0,0.0
409," ./client -l /results/temp/quant_key.log -c false -r 20 -u  -t 3600 -v 5 -e 0xff00001d https://localhost:4443/
",client,quic_client_test_ext_min_ack_delay0,,"ivy_return_code(1)+"""")",/results/temp/1200/quic_client_test_ext_min_ack_delay0.iev,0.0,0.0
410," ./client -l /results/temp/quant_key.log -c false -r 20 -u  -t 3600 -v 5 -e 0xff00001d https://localhost:4443/
",client,quic_client_test_tp_acticoid_error0,,,/results/temp/532/quic_client_test_tp_acticoid_error0.iev,0.0,1.0
411," ./client -l /results/temp/quant_key.log -c false -r 20 -u  -t 3600 -v 5 -e 0xff00001d https://localhost:4443/
",client,quic_client_test_tp_error0,,server_return_code(1)+ivy_return_code(1),/results/temp/202/quic_client_test_tp_error0.iev,0.0,0.0
412," ./client -l /results/temp/quant_key.log -c false -r 20 -u  -t 3600 -v 5 -e 0xff00001d https://localhost:4443/
",client,quic_client_test_tp_acticoid_error0,,,/results/temp/587/quic_client_test_tp_acticoid_error0.iev,0.0,1.0
413," ./client -l /results/temp/quant_key.log -c false -r 20 -u  -t 3600 -v 5 -e 0xff00001d https://localhost:4443/
",client,quic_client_test_tp_prefadd_error0,,server_return_code(1)+ivy_return_code(1),/results/temp/1082/quic_client_test_tp_prefadd_error0.iev,0.0,0.0
414," ./client -l /results/temp/quant_key.log -c false -r 20 -u  -t 3600 -v 5 -e 0xff00001d https://localhost:4443/
",client,quic_client_test_max0,,ivy_return_code(127)+,/results/temp/35/quic_client_test_max0.iev,0.0,0.0
415," ./client -l /results/temp/quant_key.log -c false -r 20 -u  -t 3600 -v 5 -e 0xff00001d https://localhost:4443/
",client,,,ivy_return_code(127)+,/results/temp/389/quic_client_test_unknown0.iev,0.0,0.0
416," ./client -l /results/temp/quant_key.log -c false -r 20 -u  -t 3600 -v 5 -e 0xff00001d https://localhost:4443/
",client,quic_client_test_ext_min_ack_delay0,,,/results/temp/1266/quic_client_test_ext_min_ack_delay0.iev,0.0,1.0
417," ./client -l /results/temp/quant_key.log -c false -r 20 -u  -t 3600 -v 5 -e 0xff00001d https://localhost:4443/
",client,quic_client_test_tp_acticoid_error0,,,/results/temp/553/quic_client_test_tp_acticoid_error0.iev,0.0,1.0
418," ./client -l /results/temp/quant_key.log -c false -r 20 -u  -t 3600 -v 5 -e 0xff00001d https://localhost:4443/
",client,quic_client_test_double_tp_error0,,server_return_code(1)+ivy_return_code(1),/results/temp/428/quic_client_test_double_tp_error0.iev,0.0,0.0
419," ./client -l /results/temp/quant_key.log -c false -r 20 -u  -t 3600 -v 5 -e 0xff00001d https://localhost:4443/
",client,quic_client_test_max0,,ivy_return_code(127)+,/results/temp/25/quic_client_test_max0.iev,0.0,0.0
420," ./client -l /results/temp/quant_key.log -c false -r 20 -u  -t 3600 -v 5 -e 0xff00001d https://localhost:4443/
",client,quic_client_test_tp_limit_acticoid_error0,,server_return_code(134)+ivy_return_code(1),/results/temp/695/quic_client_test_tp_limit_acticoid_error0.iev,0.0,0.0
421," ./client -l /results/temp/quant_key.log -c false -r 20 -u  -t 3600 -v 5 -e 0xff00001d https://localhost:4443/
",client,quic_client_test_newcoid_zero_error0,,"ivy_return_code(1)+"""")",/results/temp/829/quic_client_test_newcoid_zero_error0.iev,0.0,0.0
422," ./client -l /results/temp/quant_key.log -c false -r 20 -u  -t 3600 -v 5 -e 0xff00001d https://localhost:4443/
",client,quic_client_test_tp_limit_acticoid_error0,,server_return_code(134)+ivy_return_code(1),/results/temp/688/quic_client_test_tp_limit_acticoid_error0.iev,0.0,0.0
423," ./client -l /results/temp/quant_key.log -c false -r 20 -u  -t 3600 -v 5 -e 0xff00001d https://localhost:4443/
",client,quic_client_test_tp_limit_acticoid_error0,,server_return_code(1)+ivy_return_code(1),/results/temp/624/quic_client_test_tp_limit_acticoid_error0.iev,0.0,0.0
424," ./client -l /results/temp/quant_key.log -c false -r 20 -u  -t 3600 -v 5 -e 0xff00001d https://localhost:4443/
",client,quic_client_test_tp_error0,,server_return_code(1)+ivy_return_code(1),/results/temp/265/quic_client_test_tp_error0.iev,0.0,0.0
425," ./client -l /results/temp/quant_key.log -c false -r 20 -u  -t 3600 -v 5 -e 0xff00001d https://localhost:4443/
",client,quic_client_test_tp_error0,,server_return_code(1)+ivy_return_code(1),/results/temp/229/quic_client_test_tp_error0.iev,0.0,0.0
426," ./client -l /results/temp/quant_key.log -c false -r 20 -u  -t 3600 -v 5 -e 0xff00001d https://localhost:4443/
",client,quic_client_test_double_tp_error0,,server_return_code(1)+ivy_return_code(1),/results/temp/461/quic_client_test_double_tp_error0.iev,0.0,0.0
427," ./client -l /results/temp/quant_key.log -c false -r 20 -u  -t 3600 -v 5 -e 0xff00001d https://localhost:4443/
",client,quic_client_test_tp_prefadd_error0,,server_return_code(1)+ivy_return_code(1),/results/temp/1005/quic_client_test_tp_prefadd_error0.iev,0.0,0.0
428," ./client -l /results/temp/quant_key.log -c false -r 20 -u  -t 3600 -v 5 -e 0xff00001d https://localhost:4443/
",client,quic_client_test_tp_error0,,server_return_code(1)+ivy_return_code(1),/results/temp/228/quic_client_test_tp_error0.iev,0.0,0.0
429," ./client -l /results/temp/quant_key.log -c false -r 20 -u  -t 3600 -v 5 -e 0xff00001d https://localhost:4443/
",client,quic_client_test_accept_maxdata0,,ivy_return_code(127)+,/results/temp/924/quic_client_test_accept_maxdata0.iev,0.0,0.0
430," ./client -l /results/temp/quant_key.log -c false -r 20 -u  -t 3600 -v 5 -e 0xff00001d https://localhost:4443/
",client,quic_client_test_double_tp_error0,,server_return_code(1)+ivy_return_code(1),/results/temp/468/quic_client_test_double_tp_error0.iev,0.0,0.0
431," ./client -l /results/temp/quant_key.log -c false -r 20 -u  -t 3600 -v 5 -e 0xff00001d https://localhost:4443/
",client,quic_client_test_max0,,ivy_return_code(127)+,/results/temp/17/quic_client_test_max0.iev,0.0,0.0
432," ./client -l /results/temp/quant_key.log -c false -r 20 -u  -t 3600 -v 5 -e 0xff00001d https://localhost:4443/
",client,quic_client_test_accept_maxdata0,,ivy_return_code(127)+,/results/temp/983/quic_client_test_accept_maxdata0.iev,0.0,0.0
433," ./client -l /results/temp/quant_key.log -c false -r 20 -u  -t 3600 -v 5 -e 0xff00001d https://localhost:4443/
",client,quic_client_test_max0,,ivy_return_code(127)+,/results/temp/34/quic_client_test_max0.iev,0.0,0.0
434," ./client -l /results/temp/quant_key.log -c false -r 20 -u  -t 3600 -v 5 -e 0xff00001d https://localhost:4443/
",client,quic_client_test_newcoid_zero_error0,,"ivy_return_code(1)+"""")",/results/temp/827/quic_client_test_newcoid_zero_error0.iev,0.0,0.0
435," ./client -l /results/temp/quant_key.log -c false -r 20 -u  -t 3600 -v 5 -e 0xff00001d https://localhost:4443/
",client,quic_client_test_no_odci0,,server_return_code(1)+ivy_return_code(1),/results/temp/1146/quic_client_test_no_odci0.iev,0.0,0.0
436," ./client -l /results/temp/quant_key.log -c false -r 20 -u  -t 3600 -v 5 -e 0xff00001d https://localhost:4443/
",client,quic_client_test_double_tp_error0,,server_return_code(1)+ivy_return_code(1),/results/temp/490/quic_client_test_double_tp_error0.iev,0.0,0.0
437," ./client -l /results/temp/quant_key.log -c false -r 20 -u  -t 3600 -v 5 -e 0xff00001d https://localhost:4443/
",client,quic_client_test_tp_acticoid_error0,,,/results/temp/570/quic_client_test_tp_acticoid_error0.iev,0.0,1.0
438," ./client -l /results/temp/quant_key.log -c false -r 20 -u  -t 3600 -v 5 -e 0xff00001d https://localhost:4443/
",client,quic_client_test_tp_prefadd_error0,,server_return_code(1)+ivy_return_code(1),/results/temp/1051/quic_client_test_tp_prefadd_error0.iev,0.0,0.0
439," ./client -l /results/temp/quant_key.log -c false -r 20 -u  -t 3600 -v 5 -e 0xff00001d https://localhost:4443/
",client,quic_client_test_tp_limit_acticoid_error0,,server_return_code(1)+ivy_return_code(1),/results/temp/661/quic_client_test_tp_limit_acticoid_error0.iev,0.0,0.0
440," ./client -l /results/temp/quant_key.log -c false -r 20 -u  -t 3600 -v 5 -e 0xff00001d https://localhost:4443/
",client,quic_client_test_blocked_streams_maxstream_error0,,"ivy_return_code(1)+"""")",/results/temp/740/quic_client_test_blocked_streams_maxstream_error0.iev,0.0,0.0
441," ./client -l /results/temp/quant_key.log -c false -r 20 -u  -t 3600 -v 5 -e 0xff00001d https://localhost:4443/
",client,quic_client_test_tp_acticoid_error0,,,/results/temp/504/quic_client_test_tp_acticoid_error0.iev,0.0,1.0
442," ./client -l /results/temp/quant_key.log -c false -r 20 -u  -t 3600 -v 5 -e 0xff00001d https://localhost:4443/
",client,quic_client_test_tp_error0,,server_return_code(1)+ivy_return_code(1),/results/temp/223/quic_client_test_tp_error0.iev,0.0,0.0
443," ./client -l /results/temp/quant_key.log -c false -r 20 -u  -t 3600 -v 5 -e 0xff00001d https://localhost:4443/
",client,quic_client_test_tp_acticoid_error0,,,/results/temp/558/quic_client_test_tp_acticoid_error0.iev,0.0,1.0
444," ./client -l /results/temp/quant_key.log -c false -r 20 -u  -t 3600 -v 5 -e 0xff00001d https://localhost:4443/
",client,quic_client_test_tp_prefadd_error0,,server_return_code(1)+ivy_return_code(1),/results/temp/1001/quic_client_test_tp_prefadd_error0.iev,0.0,0.0
445," ./client -l /results/temp/quant_key.log -c false -r 20 -u  -t 3600 -v 5 -e 0xff00001d https://localhost:4443/
",client,quic_client_test_tp_error0,,server_return_code(1)+ivy_return_code(1),/results/temp/212/quic_client_test_tp_error0.iev,0.0,0.0
446," ./client -l /results/temp/quant_key.log -c false -r 20 -u  -t 3600 -v 5 -e 0xff00001d https://localhost:4443/
",client,quic_client_test_newcoid_zero_error0,,"ivy_return_code(1)+"""")",/results/temp/878/quic_client_test_newcoid_zero_error0.iev,0.0,0.0
447," ./client -l /results/temp/quant_key.log -c false -r 20 -u  -t 3600 -v 5 -e 0xff00001d https://localhost:4443/
",client,quic_client_test_tp_error0,,server_return_code(1)+ivy_return_code(1),/results/temp/268/quic_client_test_tp_error0.iev,0.0,0.0
448," ./client -l /results/temp/quant_key.log -c false -r 20 -u  -t 3600 -v 5 -e 0xff00001d https://localhost:4443/
",client,quic_client_test_accept_maxdata0,,ivy_return_code(127)+,/results/temp/978/quic_client_test_accept_maxdata0.iev,0.0,0.0
449," ./client -l /results/temp/quant_key.log -c false -r 20 -u  -t 3600 -v 5 -e 0xff00001d https://localhost:4443/
",client,quic_client_test_no_odci0,,server_return_code(1)+ivy_return_code(1),/results/temp/1149/quic_client_test_no_odci0.iev,0.0,0.0
450," ./client -l /results/temp/quant_key.log -c false -r 20 -u  -t 3600 -v 5 -e 0xff00001d https://localhost:4443/
",client,,,ivy_return_code(127)+,/results/temp/384/quic_client_test_unknown0.iev,0.0,0.0
451," ./client -l /results/temp/quant_key.log -c false -r 20 -u  -t 3600 -v 5 -e 0xff00001d https://localhost:4443/
",client,quic_client_test_tp_acticoid_error0,,,/results/temp/577/quic_client_test_tp_acticoid_error0.iev,0.0,1.0
452," ./client -l /results/temp/quant_key.log -c false -r 20 -u  -t 3600 -v 5 -e 0xff00001d https://localhost:4443/
",client,quic_client_test_tp_prefadd_error0,,server_return_code(1)+ivy_return_code(1),/results/temp/1021/quic_client_test_tp_prefadd_error0.iev,0.0,0.0
453," ./client -l /results/temp/quant_key.log -c false -r 20 -u  -t 3600 -v 5 -e 0xff00001d https://localhost:4443/
",client,quic_client_test_tp_limit_acticoid_error0,,server_return_code(1)+ivy_return_code(1),/results/temp/642/quic_client_test_tp_limit_acticoid_error0.iev,0.0,0.0
454," ./client -l /results/temp/quant_key.log -c false -r 20 -u  -t 3600 -v 5 -e 0xff00001d https://localhost:4443/
",client,quic_client_test_newcoid_zero_error0,,"ivy_return_code(1)+"""")",/results/temp/814/quic_client_test_newcoid_zero_error0.iev,0.0,0.0
455," ./client -l /results/temp/quant_key.log -c false -r 20 -u  -t 3600 -v 5 -e 0xff00001d https://localhost:4443/
",client,quic_client_test_newcoid_zero_error0,,"ivy_return_code(1)+"""")",/results/temp/889/quic_client_test_newcoid_zero_error0.iev,0.0,0.0
456," ./client -l /results/temp/quant_key.log -c false -r 20 -u  -t 3600 -v 5 -e 0xff00001d https://localhost:4443/
",client,quic_client_test_max0,,ivy_return_code(127)+,/results/temp/99/quic_client_test_max0.iev,0.0,0.0
457," ./client -l /results/temp/quant_key.log -c false -r 20 -u  -t 3600 -v 5 -e 0xff00001d https://localhost:4443/
",client,quic_client_test_ext_min_ack_delay0,,,/results/temp/1251/quic_client_test_ext_min_ack_delay0.iev,0.0,1.0
458," ./client -l /results/temp/quant_key.log -c false -r 20 -u  -t 3600 -v 5 -e 0xff00001d https://localhost:4443/
",client,quic_client_test_accept_maxdata0,,ivy_return_code(127)+,/results/temp/963/quic_client_test_accept_maxdata0.iev,0.0,0.0
459," ./client -l /results/temp/quant_key.log -c false -r 20 -u  -t 3600 -v 5 -e 0xff00001d https://localhost:4443/
",client,quic_client_test_tp_prefadd_error0,,server_return_code(1)+ivy_return_code(1),/results/temp/1012/quic_client_test_tp_prefadd_error0.iev,0.0,0.0
460," ./client -l /results/temp/quant_key.log -c false -r 20 -u  -t 3600 -v 5 -e 0xff00001d https://localhost:4443/
",client,,,ivy_return_code(127)+,/results/temp/383/quic_client_test_unknown0.iev,0.0,0.0
461," ./client -l /results/temp/quant_key.log -c false -r 20 -u  -t 3600 -v 5 -e 0xff00001d https://localhost:4443/
",client,quic_client_test_max0,,ivy_return_code(127)+,/results/temp/24/quic_client_test_max0.iev,0.0,0.0
462," ./client -l /results/temp/quant_key.log -c false -r 20 -u  -t 3600 -v 5 -e 0xff00001d https://localhost:4443/
",client,quic_client_test_tp_limit_acticoid_error0,,server_return_code(1)+ivy_return_code(1),/results/temp/614/quic_client_test_tp_limit_acticoid_error0.iev,0.0,0.0
463," ./client -l /results/temp/quant_key.log -c false -r 20 -u  -t 3600 -v 5 -e 0xff00001d https://localhost:4443/
",client,quic_client_test_newcoid_zero_error0,,"ivy_return_code(1)+"""")",/results/temp/877/quic_client_test_newcoid_zero_error0.iev,0.0,0.0
464," ./client -l /results/temp/quant_key.log -c false -r 20 -u  -t 3600 -v 5 -e 0xff00001d https://localhost:4443/
",client,quic_client_test_ext_min_ack_delay0,,,/results/temp/1290/quic_client_test_ext_min_ack_delay0.iev,0.0,1.0
465," ./client -l /results/temp/quant_key.log -c false -r 20 -u  -t 3600 -v 5 -e 0xff00001d https://localhost:4443/
",client,quic_client_test_double_tp_error0,,server_return_code(1)+ivy_return_code(1),/results/temp/420/quic_client_test_double_tp_error0.iev,0.0,0.0
466," ./client -l /results/temp/quant_key.log -c false -r 20 -u  -t 3600 -v 5 -e 0xff00001d https://localhost:4443/
",client,quic_client_test_ext_min_ack_delay0,,,/results/temp/1219/quic_client_test_ext_min_ack_delay0.iev,0.0,1.0
467," ./client -l /results/temp/quant_key.log -c false -r 20 -u  -t 3600 -v 5 -e 0xff00001d https://localhost:4443/
",client,quic_client_test_double_tp_error0,,"ivy_return_code(1)+"""")",/results/temp/493/quic_client_test_double_tp_error0.iev,0.0,0.0
468," ./client -l /results/temp/quant_key.log -c false -r 20 -u  -t 3600 -v 5 -e 0xff00001d https://localhost:4443/
",client,quic_client_test_tp_acticoid_error0,,,/results/temp/500/quic_client_test_tp_acticoid_error0.iev,0.0,1.0
469," ./client -l /results/temp/quant_key.log -c false -r 20 -u  -t 3600 -v 5 -e 0xff00001d https://localhost:4443/
",client,quic_client_test_newcoid_zero_error0,,"ivy_return_code(1)+"""")",/results/temp/835/quic_client_test_newcoid_zero_error0.iev,0.0,0.0
470," ./client -l /results/temp/quant_key.log -c false -r 20 -u  -t 3600 -v 5 -e 0xff00001d https://localhost:4443/
",client,quic_client_test_ext_min_ack_delay0,,,/results/temp/1282/quic_client_test_ext_min_ack_delay0.iev,0.0,1.0
471," ./client -l /results/temp/quant_key.log -c false -r 20 -u  -t 3600 -v 5 -e 0xff00001d https://localhost:4443/
",client,quic_client_test_tp_prefadd_error0,,server_return_code(1)+ivy_return_code(1),/results/temp/1090/quic_client_test_tp_prefadd_error0.iev,0.0,0.0
472," ./client -l /results/temp/quant_key.log -c false -r 20 -u  -t 3600 -v 5 -e 0xff00001d https://localhost:4443/
",client,quic_client_test_blocked_streams_maxstream_error0,,"ivy_return_code(1)+"""")",/results/temp/746/quic_client_test_blocked_streams_maxstream_error0.iev,0.0,0.0
473," ./client -l /results/temp/quant_key.log -c false -r 20 -u  -t 3600 -v 5 -e 0xff00001d https://localhost:4443/
",client,quic_client_test_tp_acticoid_error0,,,/results/temp/571/quic_client_test_tp_acticoid_error0.iev,0.0,1.0
474," ./client -l /results/temp/quant_key.log -c false -r 20 -u  -t 3600 -v 5 -e 0xff00001d https://localhost:4443/
",client,quic_client_test_tp_error0,,server_return_code(1)+ivy_return_code(1),/results/temp/234/quic_client_test_tp_error0.iev,0.0,0.0
475," ./client -l /results/temp/quant_key.log -c false -r 20 -u  -t 3600 -v 5 -e 0xff00001d https://localhost:4443/
",client,,,ivy_return_code(127)+,/results/temp/347/quic_client_test_unknown0.iev,0.0,0.0
476," ./client -l /results/temp/quant_key.log -c false -r 20 -u  -t 3600 -v 5 -e 0xff00001d https://localhost:4443/
",client,quic_client_test_tp_error0,,server_return_code(1)+ivy_return_code(1),/results/temp/274/quic_client_test_tp_error0.iev,0.0,0.0
477," ./client -l /results/temp/quant_key.log -c false -r 20 -u  -t 3600 -v 5 -e 0xff00001d https://localhost:4443/
",client,quic_client_test_tp_prefadd_error0,,server_return_code(1)+ivy_return_code(1),/results/temp/1067/quic_client_test_tp_prefadd_error0.iev,0.0,0.0
478," ./client -l /results/temp/quant_key.log -c false -r 20 -u  -t 3600 -v 5 -e 0xff00001d https://localhost:4443/
",client,quic_client_test_double_tp_error0,,server_return_code(1)+ivy_return_code(1),/results/temp/485/quic_client_test_double_tp_error0.iev,0.0,0.0
479," ./client -l /results/temp/quant_key.log -c false -r 20 -u  -t 3600 -v 5 -e 0xff00001d https://localhost:4443/
",client,quic_client_test_tp_prefadd_error0,,server_return_code(1)+ivy_return_code(1),/results/temp/1006/quic_client_test_tp_prefadd_error0.iev,0.0,0.0
480," ./client -l /results/temp/quant_key.log -c false -r 20 -u  -t 3600 -v 5 -e 0xff00001d https://localhost:4443/
",client,,,ivy_return_code(127)+,/results/temp/386/quic_client_test_unknown0.iev,0.0,0.0
481," ./client -l /results/temp/quant_key.log -c false -r 20 -u  -t 3600 -v 5 -e 0xff00001d https://localhost:4443/
",client,quic_client_test_tp_prefadd_error0,,"ivy_return_code(1)+"""")",/results/temp/1088/quic_client_test_tp_prefadd_error0.iev,0.0,0.0
482," ./client -l /results/temp/quant_key.log -c false -r 20 -u  -t 3600 -v 5 -e 0xff00001d https://localhost:4443/
",client,quic_client_test_tp_prefadd_error0,,server_return_code(1)+ivy_return_code(1),/results/temp/1002/quic_client_test_tp_prefadd_error0.iev,0.0,0.0
483," ./client -l /results/temp/quant_key.log -c false -r 20 -u  -t 3600 -v 5 -e 0xff00001d https://localhost:4443/
",client,quic_client_test_tp_acticoid_error0,,,/results/temp/583/quic_client_test_tp_acticoid_error0.iev,0.0,1.0
484," ./client -l /results/temp/quant_key.log -c false -r 20 -u  -t 3600 -v 5 -e 0xff00001d https://localhost:4443/
",client,quic_client_test_newcoid_zero_error0,,"ivy_return_code(1)+"""")",/results/temp/879/quic_client_test_newcoid_zero_error0.iev,0.0,0.0
485," ./client -l /results/temp/quant_key.log -c false -r 20 -u  -t 3600 -v 5 -e 0xff00001d https://localhost:4443/
",client,quic_client_test_ext_min_ack_delay0,,,/results/temp/1258/quic_client_test_ext_min_ack_delay0.iev,0.0,1.0
486," ./client -l /results/temp/quant_key.log -c false -r 20 -u  -t 3600 -v 5 -e 0xff00001d https://localhost:4443/
",client,quic_client_test_tp_acticoid_error0,,,/results/temp/501/quic_client_test_tp_acticoid_error0.iev,0.0,1.0
487," ./client -l /results/temp/quant_key.log -c false -r 20 -u  -t 3600 -v 5 -e 0xff00001d https://localhost:4443/
",client,quic_client_test_tp_limit_acticoid_error0,,server_return_code(1)+ivy_return_code(1),/results/temp/615/quic_client_test_tp_limit_acticoid_error0.iev,0.0,0.0
488," ./client -l /results/temp/quant_key.log -c false -r 20 -u  -t 3600 -v 5 -e 0xff00001d https://localhost:4443/
",client,quic_client_test_max0,,ivy_return_code(127)+,/results/temp/37/quic_client_test_max0.iev,0.0,0.0
489," ./client -l /results/temp/quant_key.log -c false -r 20 -u  -t 3600 -v 5 -e 0xff00001d https://localhost:4443/
",client,quic_client_test_no_odci0,,server_return_code(1)+ivy_return_code(1),/results/temp/1187/quic_client_test_no_odci0.iev,0.0,0.0
490," ./client -l /results/temp/quant_key.log -c false -r 20 -u  -t 3600 -v 5 -e 0xff00001d https://localhost:4443/
",client,quic_client_test_newcoid_zero_error0,,"ivy_return_code(1)+"""")",/results/temp/843/quic_client_test_newcoid_zero_error0.iev,0.0,0.0
491," ./client -l /results/temp/quant_key.log -c false -r 20 -u  -t 3600 -v 5 -e 0xff00001d https://localhost:4443/
",client,quic_client_test_ext_min_ack_delay0,,,/results/temp/1215/quic_client_test_ext_min_ack_delay0.iev,0.0,1.0
492," ./client -l /results/temp/quant_key.log -c false -r 20 -u  -t 3600 -v 5 -e 0xff00001d https://localhost:4443/
",client,quic_client_test_tp_acticoid_error0,,,/results/temp/512/quic_client_test_tp_acticoid_error0.iev,0.0,1.0
493," ./client -l /results/temp/quant_key.log -c false -r 20 -u  -t 3600 -v 5 -e 0xff00001d https://localhost:4443/
",client,quic_client_test_tp_prefadd_error0,,server_return_code(1)+ivy_return_code(1),/results/temp/1014/quic_client_test_tp_prefadd_error0.iev,0.0,0.0
494," ./client -l /results/temp/quant_key.log -c false -r 20 -u  -t 3600 -v 5 -e 0xff00001d https://localhost:4443/
",client,quic_client_test_tp_acticoid_error0,,,/results/temp/518/quic_client_test_tp_acticoid_error0.iev,0.0,1.0
495," ./client -l /results/temp/quant_key.log -c false -r 20 -u  -t 3600 -v 5 -e 0xff00001d https://localhost:4443/
",client,quic_client_test_newcoid_zero_error0,,"ivy_return_code(1)+"""")",/results/temp/882/quic_client_test_newcoid_zero_error0.iev,0.0,0.0
496," ./client -l /results/temp/quant_key.log -c false -r 20 -u  -t 3600 -v 5 -e 0xff00001d https://localhost:4443/
",client,quic_client_test_blocked_streams_maxstream_error0,,"ivy_return_code(1)+"""")",/results/temp/725/quic_client_test_blocked_streams_maxstream_error0.iev,0.0,0.0
497," ./client -l /results/temp/quant_key.log -c false -r 20 -u  -t 3600 -v 5 -e 0xff00001d https://localhost:4443/
",client,quic_client_test_double_tp_error0,,server_return_code(1)+ivy_return_code(1),/results/temp/464/quic_client_test_double_tp_error0.iev,0.0,0.0
498," ./client -l /results/temp/quant_key.log -c false -r 20 -u  -t 3600 -v 5 -e 0xff00001d https://localhost:4443/
",client,quic_client_test_tp_prefadd_error0,,server_return_code(1)+ivy_return_code(1),/results/temp/1039/quic_client_test_tp_prefadd_error0.iev,0.0,0.0
499," ./client -l /results/temp/quant_key.log -c false -r 20 -u  -t 3600 -v 5 -e 0xff00001d https://localhost:4443/
",client,quic_client_test_tp_prefadd_error0,,server_return_code(1)+ivy_return_code(1),/results/temp/1093/quic_client_test_tp_prefadd_error0.iev,0.0,0.0
500," ./client -l /results/temp/quant_key.log -c false -r 20 -u  -t 3600 -v 5 -e 0xff00001d https://localhost:4443/
",client,quic_client_test_tp_acticoid_error0,,"ivy_return_code(1)+"""")",/results/temp/593/quic_client_test_tp_acticoid_error0.iev,0.0,0.0
501," ./client -l /results/temp/quant_key.log -c false -r 20 -u  -t 3600 -v 5 -e 0xff00001d https://localhost:4443/
",client,quic_client_test_tp_error0,,server_return_code(1)+ivy_return_code(1),/results/temp/275/quic_client_test_tp_error0.iev,0.0,0.0
502," ./client -l /results/temp/quant_key.log -c false -r 20 -u  -t 3600 -v 5 -e 0xff00001d https://localhost:4443/
",client,quic_client_test_newcoid_zero_error0,,"ivy_return_code(1)+"""")",/results/temp/818/quic_client_test_newcoid_zero_error0.iev,0.0,0.0
503," ./client -l /results/temp/quant_key.log -c false -r 20 -u  -t 3600 -v 5 -e 0xff00001d https://localhost:4443/
",client,quic_client_test_no_odci0,,server_return_code(1)+ivy_return_code(1),/results/temp/1189/quic_client_test_no_odci0.iev,0.0,0.0
504," ./client -l /results/temp/quant_key.log -c false -r 20 -u  -t 3600 -v 5 -e 0xff00001d https://localhost:4443/
",client,quic_client_test_tp_limit_acticoid_error0,,server_return_code(1)+ivy_return_code(1),/results/temp/667/quic_client_test_tp_limit_acticoid_error0.iev,0.0,0.0
505," ./client -l /results/temp/quant_key.log -c false -r 20 -u  -t 3600 -v 5 -e 0xff00001d https://localhost:4443/
",client,,,ivy_return_code(127)+,/results/temp/314/quic_client_test_unknown0.iev,0.0,0.0
506," ./client -l /results/temp/quant_key.log -c false -r 20 -u  -t 3600 -v 5 -e 0xff00001d https://localhost:4443/
",client,quic_client_test_double_tp_error0,,server_return_code(1)+ivy_return_code(1),/results/temp/406/quic_client_test_double_tp_error0.iev,0.0,0.0
507," ./client -l /results/temp/quant_key.log -c false -r 20 -u  -t 3600 -v 5 -e 0xff00001d https://localhost:4443/
",client,quic_client_test_double_tp_error0,,server_return_code(1)+ivy_return_code(1),/results/temp/442/quic_client_test_double_tp_error0.iev,0.0,0.0
508," ./client -l /results/temp/quant_key.log -c false -r 20 -u  -t 3600 -v 5 -e 0xff00001d https://localhost:4443/
",client,quic_client_test_blocked_streams_maxstream_error0,,"ivy_return_code(1)+"""")",/results/temp/707/quic_client_test_blocked_streams_maxstream_error0.iev,0.0,0.0
509," ./client -l /results/temp/quant_key.log -c false -r 20 -u  -t 3600 -v 5 -e 0xff00001d https://localhost:4443/
",client,quic_client_test_tp_prefadd_error0,,server_return_code(1)+ivy_return_code(1),/results/temp/1087/quic_client_test_tp_prefadd_error0.iev,0.0,0.0
510," ./client -l /results/temp/quant_key.log -c false -r 20 -u  -t 3600 -v 5 -e 0xff00001d https://localhost:4443/
",client,quic_client_test_newcoid_zero_error0,,"ivy_return_code(1)+"""")",/results/temp/813/quic_client_test_newcoid_zero_error0.iev,0.0,0.0
511," ./client -l /results/temp/quant_key.log -c false -r 20 -u  -t 3600 -v 5 -e 0xff00001d https://localhost:4443/
",client,quic_client_test_no_odci0,,server_return_code(1)+ivy_return_code(1),/results/temp/1114/quic_client_test_no_odci0.iev,0.0,0.0
512," ./client -l /results/temp/quant_key.log -c false -r 20 -u  -t 3600 -v 5 -e 0xff00001d https://localhost:4443/
",client,quic_client_test_tp_prefadd_error0,,server_return_code(1)+ivy_return_code(1),/results/temp/1069/quic_client_test_tp_prefadd_error0.iev,0.0,0.0
513," ./client -l /results/temp/quant_key.log -c false -r 20 -u  -t 3600 -v 5 -e 0xff00001d https://localhost:4443/
",client,quic_client_test_blocked_streams_maxstream_error0,,"ivy_return_code(1)+"""")",/results/temp/731/quic_client_test_blocked_streams_maxstream_error0.iev,0.0,0.0
514," ./client -l /results/temp/quant_key.log -c false -r 20 -u  -t 3600 -v 5 -e 0xff00001d https://localhost:4443/
",client,quic_client_test_accept_maxdata0,,ivy_return_code(127)+,/results/temp/932/quic_client_test_accept_maxdata0.iev,0.0,0.0
515," ./client -l /results/temp/quant_key.log -c false -r 20 -u  -t 3600 -v 5 -e 0xff00001d https://localhost:4443/
",client,quic_client_test_tp_limit_acticoid_error0,,server_return_code(1)+ivy_return_code(1),/results/temp/694/quic_client_test_tp_limit_acticoid_error0.iev,0.0,0.0
516," ./client -l /results/temp/quant_key.log -c false -r 20 -u  -t 3600 -v 5 -e 0xff00001d https://localhost:4443/
",client,quic_client_test_double_tp_error0,,server_return_code(1)+ivy_return_code(1),/results/temp/405/quic_client_test_double_tp_error0.iev,0.0,0.0
517," ./client -l /results/temp/quant_key.log -c false -r 20 -u  -t 3600 -v 5 -e 0xff00001d https://localhost:4443/
",client,quic_client_test_tp_acticoid_error0,,,/results/temp/573/quic_client_test_tp_acticoid_error0.iev,0.0,1.0
518," ./client -l /results/temp/quant_key.log -c false -r 20 -u  -t 3600 -v 5 -e 0xff00001d https://localhost:4443/
",client,quic_client_test_double_tp_error0,,server_return_code(1)+ivy_return_code(1),/results/temp/495/quic_client_test_double_tp_error0.iev,0.0,0.0
519," ./client -l /results/temp/quant_key.log -c false -r 20 -u  -t 3600 -v 5 -e 0xff00001d https://localhost:4443/
",client,quic_client_test_tp_error0,,server_return_code(1)+ivy_return_code(1),/results/temp/250/quic_client_test_tp_error0.iev,0.0,0.0
520," ./client -l /results/temp/quant_key.log -c false -r 20 -u  -t 3600 -v 5 -e 0xff00001d https://localhost:4443/
",client,quic_client_test_tp_error0,,server_return_code(1)+ivy_return_code(1),/results/temp/214/quic_client_test_tp_error0.iev,0.0,0.0
521," ./client -l /results/temp/quant_key.log -c false -r 20 -u  -t 3600 -v 5 -e 0xff00001d https://localhost:4443/
",client,quic_client_test_double_tp_error0,,"ivy_return_code(1)+"""")",/results/temp/465/quic_client_test_double_tp_error0.iev,0.0,0.0
522," ./client -l /results/temp/quant_key.log -c false -r 20 -u  -t 3600 -v 5 -e 0xff00001d https://localhost:4443/
",client,quic_client_test_tp_error0,,server_return_code(1)+ivy_return_code(1),/results/temp/296/quic_client_test_tp_error0.iev,0.0,0.0
523," ./client -l /results/temp/quant_key.log -c false -r 20 -u  -t 3600 -v 5 -e 0xff00001d https://localhost:4443/
",client,quic_client_test_tp_acticoid_error0,,,/results/temp/546/quic_client_test_tp_acticoid_error0.iev,0.0,1.0
524," ./client -l /results/temp/quant_key.log -c false -r 20 -u  -t 3600 -v 5 -e 0xff00001d https://localhost:4443/
",client,quic_client_test_newcoid_zero_error0,,"ivy_return_code(1)+"""")",/results/temp/886/quic_client_test_newcoid_zero_error0.iev,0.0,0.0
525," ./client -l /results/temp/quant_key.log -c false -r 20 -u  -t 3600 -v 5 -e 0xff00001d https://localhost:4443/
",client,quic_client_test_newcoid_zero_error0,,"ivy_return_code(1)+"""")",/results/temp/892/quic_client_test_newcoid_zero_error0.iev,0.0,0.0
526," ./client -l /results/temp/quant_key.log -c false -r 20 -u  -t 3600 -v 5 -e 0xff00001d https://localhost:4443/
",client,quic_client_test_double_tp_error0,,server_return_code(1)+ivy_return_code(1),/results/temp/427/quic_client_test_double_tp_error0.iev,0.0,0.0
527," ./client -l /results/temp/quant_key.log -c false -r 20 -u  -t 3600 -v 5 -e 0xff00001d https://localhost:4443/
",client,quic_client_test_ext_min_ack_delay0,,,/results/temp/1294/quic_client_test_ext_min_ack_delay0.iev,0.0,1.0
528," ./client -l /results/temp/quant_key.log -c false -r 20 -u  -t 3600 -v 5 -e 0xff00001d https://localhost:4443/
",client,quic_client_test_tp_acticoid_error0,,,/results/temp/578/quic_client_test_tp_acticoid_error0.iev,0.0,1.0
529," ./client -l /results/temp/quant_key.log -c false -r 20 -u  -t 3600 -v 5 -e 0xff00001d https://localhost:4443/
",client,quic_client_test_accept_maxdata0,,ivy_return_code(127)+,/results/temp/973/quic_client_test_accept_maxdata0.iev,0.0,0.0
530," ./client -l /results/temp/quant_key.log -c false -r 20 -u  -t 3600 -v 5 -e 0xff00001d https://localhost:4443/
",client,quic_client_test_tp_prefadd_error0,,server_return_code(1)+ivy_return_code(1),/results/temp/1043/quic_client_test_tp_prefadd_error0.iev,0.0,0.0
531," ./client -l /results/temp/quant_key.log -c false -r 20 -u  -t 3600 -v 5 -e 0xff00001d https://localhost:4443/
",client,quic_client_test_tp_acticoid_error0,,,/results/temp/599/quic_client_test_tp_acticoid_error0.iev,0.0,1.0
532," ./client -l /results/temp/quant_key.log -c false -r 20 -u  -t 3600 -v 5 -e 0xff00001d https://localhost:4443/
",client,quic_client_test_double_tp_error0,,server_return_code(1)+ivy_return_code(1),/results/temp/418/quic_client_test_double_tp_error0.iev,0.0,0.0
533," ./client -l /results/temp/quant_key.log -c false -r 20 -u  -t 3600 -v 5 -e 0xff00001d https://localhost:4443/
",client,quic_client_test_tp_prefadd_error0,,server_return_code(1)+ivy_return_code(1),/results/temp/1000/quic_client_test_tp_prefadd_error0.iev,0.0,0.0
534," ./client -l /results/temp/quant_key.log -c false -r 20 -u  -t 3600 -v 5 -e 0xff00001d https://localhost:4443/
",client,quic_client_test_newcoid_zero_error0,,"ivy_return_code(1)+"""")",/results/temp/896/quic_client_test_newcoid_zero_error0.iev,0.0,0.0
535," ./client -l /results/temp/quant_key.log -c false -r 20 -u  -t 3600 -v 5 -e 0xff00001d https://localhost:4443/
",client,quic_client_test_tp_prefadd_error0,,server_return_code(1)+ivy_return_code(1),/results/temp/1057/quic_client_test_tp_prefadd_error0.iev,0.0,0.0
536," ./client -l /results/temp/quant_key.log -c false -r 20 -u  -t 3600 -v 5 -e 0xff00001d https://localhost:4443/
",client,quic_client_test_tp_error0,,server_return_code(1)+ivy_return_code(1),/results/temp/279/quic_client_test_tp_error0.iev,0.0,0.0
537," ./client -l /results/temp/quant_key.log -c false -r 20 -u  -t 3600 -v 5 -e 0xff00001d https://localhost:4443/
",client,quic_client_test_newcoid_zero_error0,,"ivy_return_code(1)+"""")",/results/temp/828/quic_client_test_newcoid_zero_error0.iev,0.0,0.0
538," ./client -l /results/temp/quant_key.log -c false -r 20 -u  -t 3600 -v 5 -e 0xff00001d https://localhost:4443/
",client,quic_client_test_max0,,ivy_return_code(127)+,/results/temp/26/quic_client_test_max0.iev,0.0,0.0
539," ./client -l /results/temp/quant_key.log -c false -r 20 -u  -t 3600 -v 5 -e 0xff00001d https://localhost:4443/
",client,quic_client_test_ext_min_ack_delay0,,,/results/temp/1276/quic_client_test_ext_min_ack_delay0.iev,0.0,1.0
540," ./client -l /results/temp/quant_key.log -c false -r 20 -u  -t 3600 -v 5 -e 0xff00001d https://localhost:4443/
",client,quic_client_test_newcoid_zero_error0,,"ivy_return_code(1)+"""")",/results/temp/856/quic_client_test_newcoid_zero_error0.iev,0.0,0.0
541," ./client -l /results/temp/quant_key.log -c false -r 20 -u  -t 3600 -v 5 -e 0xff00001d https://localhost:4443/
",client,quic_client_test_accept_maxdata0,,ivy_return_code(127)+,/results/temp/958/quic_client_test_accept_maxdata0.iev,0.0,0.0
542," ./client -l /results/temp/quant_key.log -c false -r 20 -u  -t 3600 -v 5 -e 0xff00001d https://localhost:4443/
",client,quic_client_test_ext_min_ack_delay0,,,/results/temp/1212/quic_client_test_ext_min_ack_delay0.iev,0.0,1.0
543," ./client -l /results/temp/quant_key.log -c false -r 20 -u  -t 3600 -v 5 -e 0xff00001d https://localhost:4443/
",client,quic_client_test_tp_limit_acticoid_error0,,server_return_code(134)+ivy_return_code(1),/results/temp/689/quic_client_test_tp_limit_acticoid_error0.iev,0.0,0.0
544," ./client -l /results/temp/quant_key.log -c false -r 20 -u  -t 3600 -v 5 -e 0xff00001d https://localhost:4443/
",client,,,ivy_return_code(127)+,/results/temp/368/quic_client_test_unknown0.iev,0.0,0.0
545," ./client -l /results/temp/quant_key.log -c false -r 20 -u  -t 3600 -v 5 -e 0xff00001d https://localhost:4443/
",client,quic_client_test_ext_min_ack_delay0,,,/results/temp/1245/quic_client_test_ext_min_ack_delay0.iev,0.0,1.0
546," ./client -l /results/temp/quant_key.log -c false -r 20 -u  -t 3600 -v 5 -e 0xff00001d https://localhost:4443/
",client,,,ivy_return_code(127)+,/results/temp/371/quic_client_test_unknown0.iev,0.0,0.0
547," ./client -l /results/temp/quant_key.log -c false -r 20 -u  -t 3600 -v 5 -e 0xff00001d https://localhost:4443/
",client,quic_client_test_tp_error0,,server_return_code(1)+ivy_return_code(1),/results/temp/286/quic_client_test_tp_error0.iev,0.0,0.0
548," ./client -l /results/temp/quant_key.log -c false -r 20 -u  -t 3600 -v 5 -e 0xff00001d https://localhost:4443/
",client,quic_client_test_ext_min_ack_delay0,,,/results/temp/1207/quic_client_test_ext_min_ack_delay0.iev,0.0,1.0
549," ./client -l /results/temp/quant_key.log -c false -r 20 -u  -t 3600 -v 5 -e 0xff00001d https://localhost:4443/
",client,quic_client_test_accept_maxdata0,,ivy_return_code(127)+,/results/temp/905/quic_client_test_accept_maxdata0.iev,0.0,0.0
550," ./client -l /results/temp/quant_key.log -c false -r 20 -u  -t 3600 -v 5 -e 0xff00001d https://localhost:4443/
",client,quic_client_test_double_tp_error0,,server_return_code(1)+ivy_return_code(1),/results/temp/409/quic_client_test_double_tp_error0.iev,0.0,0.0
551," ./client -l /results/temp/quant_key.log -c false -r 20 -u  -t 3600 -v 5 -e 0xff00001d https://localhost:4443/
",client,quic_client_test_no_odci0,,server_return_code(1)+ivy_return_code(1),/results/temp/1116/quic_client_test_no_odci0.iev,0.0,0.0
552," ./client -l /results/temp/quant_key.log -c false -r 20 -u  -t 3600 -v 5 -e 0xff00001d https://localhost:4443/
",client,quic_client_test_newcoid_zero_error0,,"ivy_return_code(1)+"""")",/results/temp/857/quic_client_test_newcoid_zero_error0.iev,0.0,0.0
553," ./client -l /results/temp/quant_key.log -c false -r 20 -u  -t 3600 -v 5 -e 0xff00001d https://localhost:4443/
",client,quic_client_test_tp_limit_acticoid_error0,,"ivy_return_code(1)+"""")",/results/temp/607/quic_client_test_tp_limit_acticoid_error0.iev,0.0,0.0
554," ./client -l /results/temp/quant_key.log -c false -r 20 -u  -t 3600 -v 5 -e 0xff00001d https://localhost:4443/
",client,quic_client_test_tp_acticoid_error0,,,/results/temp/569/quic_client_test_tp_acticoid_error0.iev,0.0,1.0
555," ./client -l /results/temp/quant_key.log -c false -r 20 -u  -t 3600 -v 5 -e 0xff00001d https://localhost:4443/
",client,quic_client_test_tp_limit_acticoid_error0,,"ivy_return_code(1)+"""")",/results/temp/630/quic_client_test_tp_limit_acticoid_error0.iev,0.0,0.0
556," ./client -l /results/temp/quant_key.log -c false -r 20 -u  -t 3600 -v 5 -e 0xff00001d https://localhost:4443/
",client,quic_client_test_newcoid_zero_error0,,"ivy_return_code(1)+"""")",/results/temp/881/quic_client_test_newcoid_zero_error0.iev,0.0,0.0
557," ./client -l /results/temp/quant_key.log -c false -r 20 -u  -t 3600 -v 5 -e 0xff00001d https://localhost:4443/
",client,quic_client_test_accept_maxdata0,,ivy_return_code(127)+,/results/temp/979/quic_client_test_accept_maxdata0.iev,0.0,0.0
558," ./client -l /results/temp/quant_key.log -c false -r 20 -u  -t 3600 -v 5 -e 0xff00001d https://localhost:4443/
",client,quic_client_test_tp_error0,,server_return_code(1)+ivy_return_code(1),/results/temp/211/quic_client_test_tp_error0.iev,0.0,0.0
559," ./client -l /results/temp/quant_key.log -c false -r 20 -u  -t 3600 -v 5 -e 0xff00001d https://localhost:4443/
",client,quic_client_test_tp_acticoid_error0,,,/results/temp/565/quic_client_test_tp_acticoid_error0.iev,0.0,1.0
560," ./client -l /results/temp/quant_key.log -c false -r 20 -u  -t 3600 -v 5 -e 0xff00001d https://localhost:4443/
",client,quic_client_test_ext_min_ack_delay0,,,/results/temp/1284/quic_client_test_ext_min_ack_delay0.iev,0.0,1.0
561," ./client -l /results/temp/quant_key.log -c false -r 20 -u  -t 3600 -v 5 -e 0xff00001d https://localhost:4443/
",client,quic_client_test_double_tp_error0,,server_return_code(1)+ivy_return_code(1),/results/temp/437/quic_client_test_double_tp_error0.iev,0.0,0.0
562," ./client -l /results/temp/quant_key.log -c false -r 20 -u  -t 3600 -v 5 -e 0xff00001d https://localhost:4443/
",client,quic_client_test_tp_acticoid_error0,,,/results/temp/511/quic_client_test_tp_acticoid_error0.iev,0.0,1.0
563," ./client -l /results/temp/quant_key.log -c false -r 20 -u  -t 3600 -v 5 -e 0xff00001d https://localhost:4443/
",client,,,ivy_return_code(127)+,/results/temp/341/quic_client_test_unknown0.iev,0.0,0.0
564," ./client -l /results/temp/quant_key.log -c false -r 20 -u  -t 3600 -v 5 -e 0xff00001d https://localhost:4443/
",client,,,ivy_return_code(127)+,/results/temp/395/quic_client_test_unknown0.iev,0.0,0.0
565," ./client -l /results/temp/quant_key.log -c false -r 20 -u  -t 3600 -v 5 -e 0xff00001d https://localhost:4443/
",client,quic_client_test_double_tp_error0,,server_return_code(1)+ivy_return_code(1),/results/temp/424/quic_client_test_double_tp_error0.iev,0.0,0.0
566," ./client -l /results/temp/quant_key.log -c false -r 20 -u  -t 3600 -v 5 -e 0xff00001d https://localhost:4443/
",client,quic_client_test_tp_limit_acticoid_error0,,server_return_code(1)+ivy_return_code(1),/results/temp/603/quic_client_test_tp_limit_acticoid_error0.iev,0.0,0.0
567," ./client -l /results/temp/quant_key.log -c false -r 20 -u  -t 3600 -v 5 -e 0xff00001d https://localhost:4443/
",client,quic_client_test_accept_maxdata0,,ivy_return_code(127)+,/results/temp/965/quic_client_test_accept_maxdata0.iev,0.0,0.0
568," ./client -l /results/temp/quant_key.log -c false -r 20 -u  -t 3600 -v 5 -e 0xff00001d https://localhost:4443/
",client,quic_client_test_max0,,ivy_return_code(127)+,/results/temp/65/quic_client_test_max0.iev,0.0,0.0
569," ./client -l /results/temp/quant_key.log -c false -r 20 -u  -t 3600 -v 5 -e 0xff00001d https://localhost:4443/
",client,quic_client_test_tp_limit_acticoid_error0,,server_return_code(1)+ivy_return_code(1),/results/temp/619/quic_client_test_tp_limit_acticoid_error0.iev,0.0,0.0
570," ./client -l /results/temp/quant_key.log -c false -r 20 -u  -t 3600 -v 5 -e 0xff00001d https://localhost:4443/
",client,quic_client_test_tp_prefadd_error0,,server_return_code(1)+ivy_return_code(1),/results/temp/1032/quic_client_test_tp_prefadd_error0.iev,0.0,0.0
571," ./client -l /results/temp/quant_key.log -c false -r 20 -u  -t 3600 -v 5 -e 0xff00001d https://localhost:4443/
",client,quic_client_test_accept_maxdata0,,ivy_return_code(127)+,/results/temp/974/quic_client_test_accept_maxdata0.iev,0.0,0.0
572," ./client -l /results/temp/quant_key.log -c false -r 20 -u  -t 3600 -v 5 -e 0xff00001d https://localhost:4443/
",client,quic_client_test_tp_acticoid_error0,,,/results/temp/544/quic_client_test_tp_acticoid_error0.iev,0.0,1.0
573," ./client -l /results/temp/quant_key.log -c false -r 20 -u  -t 3600 -v 5 -e 0xff00001d https://localhost:4443/
",client,quic_client_test_ext_min_ack_delay0,,,/results/temp/1252/quic_client_test_ext_min_ack_delay0.iev,0.0,1.0
574," ./client -l /results/temp/quant_key.log -c false -r 20 -u  -t 3600 -v 5 -e 0xff00001d https://localhost:4443/
",client,quic_client_test_double_tp_error0,,server_return_code(1)+ivy_return_code(1),/results/temp/489/quic_client_test_double_tp_error0.iev,0.0,0.0
575," ./client -l /results/temp/quant_key.log -c false -r 20 -u  -t 3600 -v 5 -e 0xff00001d https://localhost:4443/
",client,quic_client_test_tp_acticoid_error0,,,/results/temp/556/quic_client_test_tp_acticoid_error0.iev,0.0,1.0
576," ./client -l /results/temp/quant_key.log -c false -r 20 -u  -t 3600 -v 5 -e 0xff00001d https://localhost:4443/
",client,quic_client_test_no_odci0,,server_return_code(1)+ivy_return_code(1),/results/temp/1120/quic_client_test_no_odci0.iev,0.0,0.0
577," ./client -l /results/temp/quant_key.log -c false -r 20 -u  -t 3600 -v 5 -e 0xff00001d https://localhost:4443/
",client,quic_client_test_newcoid_zero_error0,,"ivy_return_code(1)+"""")",/results/temp/800/quic_client_test_newcoid_zero_error0.iev,0.0,0.0
578," ./client -l /results/temp/quant_key.log -c false -r 20 -u  -t 3600 -v 5 -e 0xff00001d https://localhost:4443/
",client,quic_client_test_double_tp_error0,,server_return_code(1)+ivy_return_code(1),/results/temp/462/quic_client_test_double_tp_error0.iev,0.0,0.0
579," ./client -l /results/temp/quant_key.log -c false -r 20 -u  -t 3600 -v 5 -e 0xff00001d https://localhost:4443/
",client,quic_client_test_tp_limit_acticoid_error0,,server_return_code(1)+ivy_return_code(1),/results/temp/662/quic_client_test_tp_limit_acticoid_error0.iev,0.0,0.0
580," ./client -l /results/temp/quant_key.log -c false -r 20 -u  -t 3600 -v 5 -e 0xff00001d https://localhost:4443/
",client,quic_client_test_ext_min_ack_delay0,,,/results/temp/1268/quic_client_test_ext_min_ack_delay0.iev,0.0,1.0
581," ./client -l /results/temp/quant_key.log -c false -r 20 -u  -t 3600 -v 5 -e 0xff00001d https://localhost:4443/
",client,,,ivy_return_code(127)+,/results/temp/322/quic_client_test_unknown0.iev,0.0,0.0
582," ./client -l /results/temp/quant_key.log -c false -r 20 -u  -t 3600 -v 5 -e 0xff00001d https://localhost:4443/
",client,quic_client_test_double_tp_error0,,server_return_code(1)+ivy_return_code(1),/results/temp/434/quic_client_test_double_tp_error0.iev,0.0,0.0
583," ./client -l /results/temp/quant_key.log -c false -r 20 -u  -t 3600 -v 5 -e 0xff00001d https://localhost:4443/
",client,,,ivy_return_code(127)+,/results/temp/362/quic_client_test_unknown0.iev,0.0,0.0
584," ./client -l /results/temp/quant_key.log -c false -r 20 -u  -t 3600 -v 5 -e 0xff00001d https://localhost:4443/
",client,quic_client_test_double_tp_error0,,server_return_code(1)+ivy_return_code(1),/results/temp/422/quic_client_test_double_tp_error0.iev,0.0,0.0
585," ./client -l /results/temp/quant_key.log -c false -r 20 -u  -t 3600 -v 5 -e 0xff00001d https://localhost:4443/
",client,quic_client_test_max0,,ivy_return_code(127)+,/results/temp/49/quic_client_test_max0.iev,0.0,0.0
586," ./client -l /results/temp/quant_key.log -c false -r 20 -u  -t 3600 -v 5 -e 0xff00001d https://localhost:4443/
",client,quic_client_test_blocked_streams_maxstream_error0,,"ivy_return_code(1)+"""")",/results/temp/732/quic_client_test_blocked_streams_maxstream_error0.iev,0.0,0.0
587," ./client -l /results/temp/quant_key.log -c false -r 20 -u  -t 3600 -v 5 -e 0xff00001d https://localhost:4443/
",client,quic_client_test_double_tp_error0,,server_return_code(1)+ivy_return_code(1),/results/temp/433/quic_client_test_double_tp_error0.iev,0.0,0.0
588," ./client -l /results/temp/quant_key.log -c false -r 20 -u  -t 3600 -v 5 -e 0xff00001d https://localhost:4443/
",client,quic_client_test_max0,,ivy_return_code(127)+,/results/temp/70/quic_client_test_max0.iev,0.0,0.0
589," ./client -l /results/temp/quant_key.log -c false -r 20 -u  -t 3600 -v 5 -e 0xff00001d https://localhost:4443/
",client,quic_client_test_ext_min_ack_delay0,,,/results/temp/1254/quic_client_test_ext_min_ack_delay0.iev,0.0,1.0
590," ./client -l /results/temp/quant_key.log -c false -r 20 -u  -t 3600 -v 5 -e 0xff00001d https://localhost:4443/
",client,quic_client_test_ext_min_ack_delay0,,,/results/temp/1261/quic_client_test_ext_min_ack_delay0.iev,0.0,1.0
591," ./client -l /results/temp/quant_key.log -c false -r 20 -u  -t 3600 -v 5 -e 0xff00001d https://localhost:4443/
",client,quic_client_test_accept_maxdata0,,ivy_return_code(127)+,/results/temp/918/quic_client_test_accept_maxdata0.iev,0.0,0.0
592," ./client -l /results/temp/quant_key.log -c false -r 20 -u  -t 3600 -v 5 -e 0xff00001d https://localhost:4443/
",client,quic_client_test_tp_limit_acticoid_error0,,server_return_code(1)+ivy_return_code(1),/results/temp/633/quic_client_test_tp_limit_acticoid_error0.iev,0.0,0.0
593," ./client -l /results/temp/quant_key.log -c false -r 20 -u  -t 3600 -v 5 -e 0xff00001d https://localhost:4443/
",client,quic_client_test_newcoid_zero_error0,,"ivy_return_code(1)+"""")",/results/temp/855/quic_client_test_newcoid_zero_error0.iev,0.0,0.0
594," ./client -l /results/temp/quant_key.log -c false -r 20 -u  -t 3600 -v 5 -e 0xff00001d https://localhost:4443/
",client,quic_client_test_accept_maxdata0,,ivy_return_code(127)+,/results/temp/900/quic_client_test_accept_maxdata0.iev,0.0,0.0
595," ./client -l /results/temp/quant_key.log -c false -r 20 -u  -t 3600 -v 5 -e 0xff00001d https://localhost:4443/
",client,,,ivy_return_code(127)+,/results/temp/382/quic_client_test_unknown0.iev,0.0,0.0
596," ./client -l /results/temp/quant_key.log -c false -r 20 -u  -t 3600 -v 5 -e 0xff00001d https://localhost:4443/
",client,quic_client_test_tp_limit_acticoid_error0,,server_return_code(1)+ivy_return_code(1),/results/temp/691/quic_client_test_tp_limit_acticoid_error0.iev,0.0,0.0
597," ./client -l /results/temp/quant_key.log -c false -r 20 -u  -t 3600 -v 5 -e 0xff00001d https://localhost:4443/
",client,quic_client_test_accept_maxdata0,,ivy_return_code(127)+,/results/temp/989/quic_client_test_accept_maxdata0.iev,0.0,0.0
598," ./client -l /results/temp/quant_key.log -c false -r 20 -u  -t 3600 -v 5 -e 0xff00001d https://localhost:4443/
",client,quic_client_test_newcoid_zero_error0,,"ivy_return_code(1)+"""")",/results/temp/859/quic_client_test_newcoid_zero_error0.iev,0.0,0.0
599," ./client -l /results/temp/quant_key.log -c false -r 20 -u  -t 3600 -v 5 -e 0xff00001d https://localhost:4443/
",client,quic_client_test_no_odci0,,server_return_code(1)+ivy_return_code(1),/results/temp/1165/quic_client_test_no_odci0.iev,0.0,0.0
600," ./client -l /results/temp/quant_key.log -c false -r 20 -u  -t 3600 -v 5 -e 0xff00001d https://localhost:4443/
",client,quic_client_test_blocked_streams_maxstream_error0,,"ivy_return_code(1)+"""")",/results/temp/708/quic_client_test_blocked_streams_maxstream_error0.iev,0.0,0.0
601," ./client -l /results/temp/quant_key.log -c false -r 20 -u  -t 3600 -v 5 -e 0xff00001d https://localhost:4443/
",client,quic_client_test_blocked_streams_maxstream_error0,,"ivy_return_code(1)+"""")",/results/temp/706/quic_client_test_blocked_streams_maxstream_error0.iev,0.0,0.0
602," ./client -l /results/temp/quant_key.log -c false -r 20 -u  -t 3600 -v 5 -e 0xff00001d https://localhost:4443/
",client,quic_client_test_no_odci0,,server_return_code(1)+ivy_return_code(1),/results/temp/1131/quic_client_test_no_odci0.iev,0.0,0.0
603," ./client -l /results/temp/quant_key.log -c false -r 20 -u  -t 3600 -v 5 -e 0xff00001d https://localhost:4443/
",client,quic_client_test_tp_limit_acticoid_error0,,server_return_code(1)+ivy_return_code(1),/results/temp/665/quic_client_test_tp_limit_acticoid_error0.iev,0.0,0.0
604," ./client -l /results/temp/quant_key.log -c false -r 20 -u  -t 3600 -v 5 -e 0xff00001d https://localhost:4443/
",client,quic_client_test_tp_limit_acticoid_error0,,server_return_code(1)+ivy_return_code(1),/results/temp/602/quic_client_test_tp_limit_acticoid_error0.iev,0.0,0.0
605," ./client -l /results/temp/quant_key.log -c false -r 20 -u  -t 3600 -v 5 -e 0xff00001d https://localhost:4443/
",client,quic_client_test_accept_maxdata0,,ivy_return_code(127)+,/results/temp/928/quic_client_test_accept_maxdata0.iev,0.0,0.0
606," ./client -l /results/temp/quant_key.log -c false -r 20 -u  -t 3600 -v 5 -e 0xff00001d https://localhost:4443/
",client,quic_client_test_double_tp_error0,,server_return_code(1)+ivy_return_code(1),/results/temp/467/quic_client_test_double_tp_error0.iev,0.0,0.0
607," ./client -l /results/temp/quant_key.log -c false -r 20 -u  -t 3600 -v 5 -e 0xff00001d https://localhost:4443/
",client,quic_client_test_tp_limit_acticoid_error0,,server_return_code(134)+ivy_return_code(1),/results/temp/635/quic_client_test_tp_limit_acticoid_error0.iev,0.0,0.0
608," ./client -l /results/temp/quant_key.log -c false -r 20 -u  -t 3600 -v 5 -e 0xff00001d https://localhost:4443/
",client,,,ivy_return_code(127)+,/results/temp/345/quic_client_test_unknown0.iev,0.0,0.0
609," ./client -l /results/temp/quant_key.log -c false -r 20 -u  -t 3600 -v 5 -e 0xff00001d https://localhost:4443/
",client,quic_client_test_no_odci0,,server_return_code(1)+ivy_return_code(1),/results/temp/1162/quic_client_test_no_odci0.iev,0.0,0.0
610," ./client -l /results/temp/quant_key.log -c false -r 20 -u  -t 3600 -v 5 -e 0xff00001d https://localhost:4443/
",client,quic_client_test_no_odci0,,server_return_code(1)+ivy_return_code(1),/results/temp/1110/quic_client_test_no_odci0.iev,0.0,0.0
611," ./client -l /results/temp/quant_key.log -c false -r 20 -u  -t 3600 -v 5 -e 0xff00001d https://localhost:4443/
",client,quic_client_test_tp_error0,,server_return_code(1)+ivy_return_code(1),/results/temp/256/quic_client_test_tp_error0.iev,0.0,0.0
612," ./client -l /results/temp/quant_key.log -c false -r 20 -u  -t 3600 -v 5 -e 0xff00001d https://localhost:4443/
",client,quic_client_test_tp_acticoid_error0,,,/results/temp/503/quic_client_test_tp_acticoid_error0.iev,0.0,1.0
613," ./client -l /results/temp/quant_key.log -c false -r 20 -u  -t 3600 -v 5 -e 0xff00001d https://localhost:4443/
",client,quic_client_test_accept_maxdata0,,ivy_return_code(127)+,/results/temp/991/quic_client_test_accept_maxdata0.iev,0.0,0.0
614," ./client -l /results/temp/quant_key.log -c false -r 20 -u  -t 3600 -v 5 -e 0xff00001d https://localhost:4443/
",client,quic_client_test_no_odci0,,server_return_code(1)+ivy_return_code(1),/results/temp/1123/quic_client_test_no_odci0.iev,0.0,0.0
615," ./client -l /results/temp/quant_key.log -c false -r 20 -u  -t 3600 -v 5 -e 0xff00001d https://localhost:4443/
",client,quic_client_test_max0,,ivy_return_code(127)+,/results/temp/89/quic_client_test_max0.iev,0.0,0.0
616," ./client -l /results/temp/quant_key.log -c false -r 20 -u  -t 3600 -v 5 -e 0xff00001d https://localhost:4443/
",client,quic_client_test_max0,,ivy_return_code(127)+,/results/temp/13/quic_client_test_max0.iev,0.0,0.0
617," ./client -l /results/temp/quant_key.log -c false -r 20 -u  -t 3600 -v 5 -e 0xff00001d https://localhost:4443/
",client,quic_client_test_tp_limit_acticoid_error0,,server_return_code(134)+ivy_return_code(1),/results/temp/692/quic_client_test_tp_limit_acticoid_error0.iev,0.0,0.0
618," ./client -l /results/temp/quant_key.log -c false -r 20 -u  -t 3600 -v 5 -e 0xff00001d https://localhost:4443/
",client,quic_client_test_double_tp_error0,,server_return_code(1)+ivy_return_code(1),/results/temp/436/quic_client_test_double_tp_error0.iev,0.0,0.0
619," ./client -l /results/temp/quant_key.log -c false -r 20 -u  -t 3600 -v 5 -e 0xff00001d https://localhost:4443/
",client,quic_client_test_tp_limit_acticoid_error0,,server_return_code(1)+ivy_return_code(1),/results/temp/616/quic_client_test_tp_limit_acticoid_error0.iev,0.0,0.0
620," ./client -l /results/temp/quant_key.log -c false -r 20 -u  -t 3600 -v 5 -e 0xff00001d https://localhost:4443/
",client,,,ivy_return_code(127)+,/results/temp/315/quic_client_test_unknown0.iev,0.0,0.0
621," ./client -l /results/temp/quant_key.log -c false -r 20 -u  -t 3600 -v 5 -e 0xff00001d https://localhost:4443/
",client,quic_client_test_no_odci0,,server_return_code(1)+ivy_return_code(1),/results/temp/1166/quic_client_test_no_odci0.iev,0.0,0.0
622," ./client -l /results/temp/quant_key.log -c false -r 20 -u  -t 3600 -v 5 -e 0xff00001d https://localhost:4443/
",client,quic_client_test_tp_acticoid_error0,,,/results/temp/515/quic_client_test_tp_acticoid_error0.iev,0.0,1.0
623," ./client -l /results/temp/quant_key.log -c false -r 20 -u  -t 3600 -v 5 -e 0xff00001d https://localhost:4443/
",client,,,ivy_return_code(127)+,/results/temp/354/quic_client_test_unknown0.iev,0.0,0.0
624," ./client -l /results/temp/quant_key.log -c false -r 20 -u  -t 3600 -v 5 -e 0xff00001d https://localhost:4443/
",client,quic_client_test_tp_prefadd_error0,,server_return_code(1)+ivy_return_code(1),/results/temp/1026/quic_client_test_tp_prefadd_error0.iev,0.0,0.0
625," ./client -l /results/temp/quant_key.log -c false -r 20 -u  -t 3600 -v 5 -e 0xff00001d https://localhost:4443/
",client,quic_client_test_newcoid_zero_error0,,"ivy_return_code(1)+"""")",/results/temp/874/quic_client_test_newcoid_zero_error0.iev,0.0,0.0
626," ./client -l /results/temp/quant_key.log -c false -r 20 -u  -t 3600 -v 5 -e 0xff00001d https://localhost:4443/
",client,quic_client_test_blocked_streams_maxstream_error0,,"ivy_return_code(1)+"""")",/results/temp/717/quic_client_test_blocked_streams_maxstream_error0.iev,0.0,0.0
627," ./client -l /results/temp/quant_key.log -c false -r 20 -u  -t 3600 -v 5 -e 0xff00001d https://localhost:4443/
",client,,,ivy_return_code(127)+,/results/temp/378/quic_client_test_unknown0.iev,0.0,0.0
628," ./client -l /results/temp/quant_key.log -c false -r 20 -u  -t 3600 -v 5 -e 0xff00001d https://localhost:4443/
",client,,,ivy_return_code(127)+,/results/temp/356/quic_client_test_unknown0.iev,0.0,0.0
629," ./client -l /results/temp/quant_key.log -c false -r 20 -u  -t 3600 -v 5 -e 0xff00001d https://localhost:4443/
",client,quic_client_test_blocked_streams_maxstream_error0,,"ivy_return_code(1)+"""")",/results/temp/730/quic_client_test_blocked_streams_maxstream_error0.iev,0.0,0.0
630," ./client -l /results/temp/quant_key.log -c false -r 20 -u  -t 3600 -v 5 -e 0xff00001d https://localhost:4443/
",client,quic_client_test_blocked_streams_maxstream_error0,,"ivy_return_code(1)+"""")",/results/temp/766/quic_client_test_blocked_streams_maxstream_error0.iev,0.0,0.0
631," ./client -l /results/temp/quant_key.log -c false -r 20 -u  -t 3600 -v 5 -e 0xff00001d https://localhost:4443/
",client,quic_client_test_tp_acticoid_error0,,,/results/temp/527/quic_client_test_tp_acticoid_error0.iev,0.0,1.0
632," ./client -l /results/temp/quant_key.log -c false -r 20 -u  -t 3600 -v 5 -e 0xff00001d https://localhost:4443/
",client,quic_client_test_double_tp_error0,,server_return_code(1)+ivy_return_code(1),/results/temp/496/quic_client_test_double_tp_error0.iev,0.0,0.0
633," ./client -l /results/temp/quant_key.log -c false -r 20 -u  -t 3600 -v 5 -e 0xff00001d https://localhost:4443/
",client,quic_client_test_no_odci0,,server_return_code(1)+ivy_return_code(1),/results/temp/1150/quic_client_test_no_odci0.iev,0.0,0.0
634," ./client -l /results/temp/quant_key.log -c false -r 20 -u  -t 3600 -v 5 -e 0xff00001d https://localhost:4443/
",client,quic_client_test_tp_limit_acticoid_error0,,"ivy_return_code(1)+"""")",/results/temp/653/quic_client_test_tp_limit_acticoid_error0.iev,0.0,0.0
635," ./client -l /results/temp/quant_key.log -c false -r 20 -u  -t 3600 -v 5 -e 0xff00001d https://localhost:4443/
",client,quic_client_test_max0,,ivy_return_code(127)+,/results/temp/4/quic_client_test_max0.iev,0.0,0.0
636," ./client -l /results/temp/quant_key.log -c false -r 20 -u  -t 3600 -v 5 -e 0xff00001d https://localhost:4443/
",client,quic_client_test_newcoid_zero_error0,,"ivy_return_code(1)+"""")",/results/temp/833/quic_client_test_newcoid_zero_error0.iev,0.0,0.0
637," ./client -l /results/temp/quant_key.log -c false -r 20 -u  -t 3600 -v 5 -e 0xff00001d https://localhost:4443/
",client,quic_client_test_tp_limit_acticoid_error0,,"ivy_return_code(1)+"""")",/results/temp/627/quic_client_test_tp_limit_acticoid_error0.iev,0.0,0.0
638," ./client -l /results/temp/quant_key.log -c false -r 20 -u  -t 3600 -v 5 -e 0xff00001d https://localhost:4443/
",client,quic_client_test_ext_min_ack_delay0,,,/results/temp/1295/quic_client_test_ext_min_ack_delay0.iev,0.0,1.0
639," ./client -l /results/temp/quant_key.log -c false -r 20 -u  -t 3600 -v 5 -e 0xff00001d https://localhost:4443/
",client,quic_client_test_newcoid_zero_error0,,"ivy_return_code(1)+"""")",/results/temp/807/quic_client_test_newcoid_zero_error0.iev,0.0,0.0
640," ./client -l /results/temp/quant_key.log -c false -r 20 -u  -t 3600 -v 5 -e 0xff00001d https://localhost:4443/
",client,quic_client_test_accept_maxdata0,,ivy_return_code(127)+,/results/temp/995/quic_client_test_accept_maxdata0.iev,0.0,0.0
641," ./client -l /results/temp/quant_key.log -c false -r 20 -u  -t 3600 -v 5 -e 0xff00001d https://localhost:4443/
",client,quic_client_test_tp_error0,,server_return_code(1)+ivy_return_code(1),/results/temp/240/quic_client_test_tp_error0.iev,0.0,0.0
642," ./client -l /results/temp/quant_key.log -c false -r 20 -u  -t 3600 -v 5 -e 0xff00001d https://localhost:4443/
",client,quic_client_test_no_odci0,,server_return_code(1)+ivy_return_code(1),/results/temp/1128/quic_client_test_no_odci0.iev,0.0,0.0
643," ./client -l /results/temp/quant_key.log -c false -r 20 -u  -t 3600 -v 5 -e 0xff00001d https://localhost:4443/
",client,quic_client_test_no_odci0,,server_return_code(1)+ivy_return_code(1),/results/temp/1130/quic_client_test_no_odci0.iev,0.0,0.0
644," ./client -l /results/temp/quant_key.log -c false -r 20 -u  -t 3600 -v 5 -e 0xff00001d https://localhost:4443/
",client,quic_client_test_ext_min_ack_delay0,,,/results/temp/1291/quic_client_test_ext_min_ack_delay0.iev,0.0,1.0
645," ./client -l /results/temp/quant_key.log -c false -r 20 -u  -t 3600 -v 5 -e 0xff00001d https://localhost:4443/
",client,quic_client_test_tp_error0,,server_return_code(1)+ivy_return_code(1),/results/temp/236/quic_client_test_tp_error0.iev,0.0,0.0
646," ./client -l /results/temp/quant_key.log -c false -r 20 -u  -t 3600 -v 5 -e 0xff00001d https://localhost:4443/
",client,quic_client_test_newcoid_zero_error0,,"ivy_return_code(1)+"""")",/results/temp/841/quic_client_test_newcoid_zero_error0.iev,0.0,0.0
647," ./client -l /results/temp/quant_key.log -c false -r 20 -u  -t 3600 -v 5 -e 0xff00001d https://localhost:4443/
",client,quic_client_test_accept_maxdata0,,ivy_return_code(127)+,/results/temp/936/quic_client_test_accept_maxdata0.iev,0.0,0.0
648," ./client -l /results/temp/quant_key.log -c false -r 20 -u  -t 3600 -v 5 -e 0xff00001d https://localhost:4443/
",client,quic_client_test_tp_prefadd_error0,,server_return_code(1)+ivy_return_code(1),/results/temp/1077/quic_client_test_tp_prefadd_error0.iev,0.0,0.0
649," ./client -l /results/temp/quant_key.log -c false -r 20 -u  -t 3600 -v 5 -e 0xff00001d https://localhost:4443/
",client,quic_client_test_no_odci0,,server_return_code(1)+ivy_return_code(1),/results/temp/1148/quic_client_test_no_odci0.iev,0.0,0.0
650," ./client -l /results/temp/quant_key.log -c false -r 20 -u  -t 3600 -v 5 -e 0xff00001d https://localhost:4443/
",client,quic_client_test_blocked_streams_maxstream_error0,,"ivy_return_code(1)+"""")",/results/temp/729/quic_client_test_blocked_streams_maxstream_error0.iev,0.0,0.0
651," ./client -l /results/temp/quant_key.log -c false -r 20 -u  -t 3600 -v 5 -e 0xff00001d https://localhost:4443/
",client,quic_client_test_accept_maxdata0,,ivy_return_code(127)+,/results/temp/948/quic_client_test_accept_maxdata0.iev,0.0,0.0
652," ./client -l /results/temp/quant_key.log -c false -r 20 -u  -t 3600 -v 5 -e 0xff00001d https://localhost:4443/
",client,quic_client_test_blocked_streams_maxstream_error0,,"ivy_return_code(1)+"""")",/results/temp/704/quic_client_test_blocked_streams_maxstream_error0.iev,0.0,0.0
653," ./client -l /results/temp/quant_key.log -c false -r 20 -u  -t 3600 -v 5 -e 0xff00001d https://localhost:4443/
",client,quic_client_test_blocked_streams_maxstream_error0,,"ivy_return_code(1)+"""")",/results/temp/723/quic_client_test_blocked_streams_maxstream_error0.iev,0.0,0.0
654," ./client -l /results/temp/quant_key.log -c false -r 20 -u  -t 3600 -v 5 -e 0xff00001d https://localhost:4443/
",client,quic_client_test_accept_maxdata0,,ivy_return_code(127)+,/results/temp/913/quic_client_test_accept_maxdata0.iev,0.0,0.0
655," ./client -l /results/temp/quant_key.log -c false -r 20 -u  -t 3600 -v 5 -e 0xff00001d https://localhost:4443/
",client,quic_client_test_double_tp_error0,,server_return_code(1)+ivy_return_code(1),/results/temp/440/quic_client_test_double_tp_error0.iev,0.0,0.0
656," ./client -l /results/temp/quant_key.log -c false -r 20 -u  -t 3600 -v 5 -e 0xff00001d https://localhost:4443/
",client,quic_client_test_tp_limit_acticoid_error0,,server_return_code(1)+ivy_return_code(1),/results/temp/679/quic_client_test_tp_limit_acticoid_error0.iev,0.0,0.0
657," ./client -l /results/temp/quant_key.log -c false -r 20 -u  -t 3600 -v 5 -e 0xff00001d https://localhost:4443/
",client,quic_client_test_no_odci0,,server_return_code(1)+ivy_return_code(1),/results/temp/1188/quic_client_test_no_odci0.iev,0.0,0.0
658," ./client -l /results/temp/quant_key.log -c false -r 20 -u  -t 3600 -v 5 -e 0xff00001d https://localhost:4443/
",client,quic_client_test_max0,,ivy_return_code(127)+,/results/temp/15/quic_client_test_max0.iev,0.0,0.0
659," ./client -l /results/temp/quant_key.log -c false -r 20 -u  -t 3600 -v 5 -e 0xff00001d https://localhost:4443/
",client,quic_client_test_accept_maxdata0,,ivy_return_code(127)+,/results/temp/940/quic_client_test_accept_maxdata0.iev,0.0,0.0
660," ./client -l /results/temp/quant_key.log -c false -r 20 -u  -t 3600 -v 5 -e 0xff00001d https://localhost:4443/
",client,quic_client_test_double_tp_error0,,server_return_code(1)+ivy_return_code(1),/results/temp/481/quic_client_test_double_tp_error0.iev,0.0,0.0
661," ./client -l /results/temp/quant_key.log -c false -r 20 -u  -t 3600 -v 5 -e 0xff00001d https://localhost:4443/
",client,quic_client_test_no_odci0,,server_return_code(1)+ivy_return_code(1),/results/temp/1171/quic_client_test_no_odci0.iev,0.0,0.0
662," ./client -l /results/temp/quant_key.log -c false -r 20 -u  -t 3600 -v 5 -e 0xff00001d https://localhost:4443/
",client,,,ivy_return_code(127)+,/results/temp/344/quic_client_test_unknown0.iev,0.0,0.0
663," ./client -l /results/temp/quant_key.log -c false -r 20 -u  -t 3600 -v 5 -e 0xff00001d https://localhost:4443/
",client,quic_client_test_ext_min_ack_delay0,,,/results/temp/1213/quic_client_test_ext_min_ack_delay0.iev,0.0,1.0
664," ./client -l /results/temp/quant_key.log -c false -r 20 -u  -t 3600 -v 5 -e 0xff00001d https://localhost:4443/
",client,quic_client_test_no_odci0,,server_return_code(1)+ivy_return_code(1),/results/temp/1115/quic_client_test_no_odci0.iev,0.0,0.0
665," ./client -l /results/temp/quant_key.log -c false -r 20 -u  -t 3600 -v 5 -e 0xff00001d https://localhost:4443/
",client,quic_client_test_newcoid_zero_error0,,"ivy_return_code(1)+"""")",/results/temp/831/quic_client_test_newcoid_zero_error0.iev,0.0,0.0
666," ./client -l /results/temp/quant_key.log -c false -r 20 -u  -t 3600 -v 5 -e 0xff00001d https://localhost:4443/
",client,quic_client_test_double_tp_error0,,server_return_code(1)+ivy_return_code(1),/results/temp/470/quic_client_test_double_tp_error0.iev,0.0,0.0
667," ./client -l /results/temp/quant_key.log -c false -r 20 -u  -t 3600 -v 5 -e 0xff00001d https://localhost:4443/
",client,quic_client_test_tp_acticoid_error0,,,/results/temp/509/quic_client_test_tp_acticoid_error0.iev,0.0,1.0
668," ./client -l /results/temp/quant_key.log -c false -r 20 -u  -t 3600 -v 5 -e 0xff00001d https://localhost:4443/
",client,quic_client_test_no_odci0,,server_return_code(1)+ivy_return_code(1),/results/temp/1109/quic_client_test_no_odci0.iev,0.0,0.0
669," ./client -l /results/temp/quant_key.log -c false -r 20 -u  -t 3600 -v 5 -e 0xff00001d https://localhost:4443/
",client,quic_client_test_tp_acticoid_error0,,"ivy_return_code(1)+"""")",/results/temp/551/quic_client_test_tp_acticoid_error0.iev,0.0,0.0
670," ./client -l /results/temp/quant_key.log -c false -r 20 -u  -t 3600 -v 5 -e 0xff00001d https://localhost:4443/
",client,quic_client_test_tp_prefadd_error0,,server_return_code(1)+ivy_return_code(1),/results/temp/1056/quic_client_test_tp_prefadd_error0.iev,0.0,0.0
671," ./client -l /results/temp/quant_key.log -c false -r 20 -u  -t 3600 -v 5 -e 0xff00001d https://localhost:4443/
",client,,,ivy_return_code(127)+,/results/temp/334/quic_client_test_unknown0.iev,0.0,0.0
672," ./client -l /results/temp/quant_key.log -c false -r 20 -u  -t 3600 -v 5 -e 0xff00001d https://localhost:4443/
",client,quic_client_test_double_tp_error0,,server_return_code(1)+ivy_return_code(1),/results/temp/431/quic_client_test_double_tp_error0.iev,0.0,0.0
673," ./client -l /results/temp/quant_key.log -c false -r 20 -u  -t 3600 -v 5 -e 0xff00001d https://localhost:4443/
",client,quic_client_test_blocked_streams_maxstream_error0,,"ivy_return_code(1)+"""")",/results/temp/797/quic_client_test_blocked_streams_maxstream_error0.iev,0.0,0.0
674," ./client -l /results/temp/quant_key.log -c false -r 20 -u  -t 3600 -v 5 -e 0xff00001d https://localhost:4443/
",client,quic_client_test_max0,,ivy_return_code(127)+,/results/temp/68/quic_client_test_max0.iev,0.0,0.0
675," ./client -l /results/temp/quant_key.log -c false -r 20 -u  -t 3600 -v 5 -e 0xff00001d https://localhost:4443/
",client,quic_client_test_double_tp_error0,,server_return_code(1)+ivy_return_code(1),/results/temp/403/quic_client_test_double_tp_error0.iev,0.0,0.0
676," ./client -l /results/temp/quant_key.log -c false -r 20 -u  -t 3600 -v 5 -e 0xff00001d https://localhost:4443/
",client,quic_client_test_double_tp_error0,,server_return_code(1)+ivy_return_code(1),/results/temp/476/quic_client_test_double_tp_error0.iev,0.0,0.0
677," ./client -l /results/temp/quant_key.log -c false -r 20 -u  -t 3600 -v 5 -e 0xff00001d https://localhost:4443/
",client,quic_client_test_newcoid_zero_error0,,"ivy_return_code(1)+"""")",/results/temp/873/quic_client_test_newcoid_zero_error0.iev,0.0,0.0
678," ./client -l /results/temp/quant_key.log -c false -r 20 -u  -t 3600 -v 5 -e 0xff00001d https://localhost:4443/
",client,quic_client_test_tp_acticoid_error0,,,/results/temp/574/quic_client_test_tp_acticoid_error0.iev,0.0,1.0
679," ./client -l /results/temp/quant_key.log -c false -r 20 -u  -t 3600 -v 5 -e 0xff00001d https://localhost:4443/
",client,quic_client_test_accept_maxdata0,,ivy_return_code(127)+,/results/temp/985/quic_client_test_accept_maxdata0.iev,0.0,0.0
680," ./client -l /results/temp/quant_key.log -c false -r 20 -u  -t 3600 -v 5 -e 0xff00001d https://localhost:4443/
",client,quic_client_test_tp_limit_acticoid_error0,,server_return_code(1)+ivy_return_code(1),/results/temp/636/quic_client_test_tp_limit_acticoid_error0.iev,0.0,0.0
681," ./client -l /results/temp/quant_key.log -c false -r 20 -u  -t 3600 -v 5 -e 0xff00001d https://localhost:4443/
",client,quic_client_test_accept_maxdata0,,ivy_return_code(127)+,/results/temp/927/quic_client_test_accept_maxdata0.iev,0.0,0.0
682," ./client -l /results/temp/quant_key.log -c false -r 20 -u  -t 3600 -v 5 -e 0xff00001d https://localhost:4443/
",client,quic_client_test_double_tp_error0,,server_return_code(1)+ivy_return_code(1),/results/temp/455/quic_client_test_double_tp_error0.iev,0.0,0.0
683," ./client -l /results/temp/quant_key.log -c false -r 20 -u  -t 3600 -v 5 -e 0xff00001d https://localhost:4443/
",client,quic_client_test_no_odci0,,server_return_code(1)+ivy_return_code(1),/results/temp/1144/quic_client_test_no_odci0.iev,0.0,0.0
684," ./client -l /results/temp/quant_key.log -c false -r 20 -u  -t 3600 -v 5 -e 0xff00001d https://localhost:4443/
",client,quic_client_test_max0,,ivy_return_code(127)+,/results/temp/66/quic_client_test_max0.iev,0.0,0.0
685," ./client -l /results/temp/quant_key.log -c false -r 20 -u  -t 3600 -v 5 -e 0xff00001d https://localhost:4443/
",client,,,ivy_return_code(127)+,/results/temp/363/quic_client_test_unknown0.iev,0.0,0.0
686," ./client -l /results/temp/quant_key.log -c false -r 20 -u  -t 3600 -v 5 -e 0xff00001d https://localhost:4443/
",client,quic_client_test_newcoid_zero_error0,,"ivy_return_code(1)+"""")",/results/temp/854/quic_client_test_newcoid_zero_error0.iev,0.0,0.0
687," ./client -l /results/temp/quant_key.log -c false -r 20 -u  -t 3600 -v 5 -e 0xff00001d https://localhost:4443/
",client,,,ivy_return_code(127)+,/results/temp/375/quic_client_test_unknown0.iev,0.0,0.0
688," ./client -l /results/temp/quant_key.log -c false -r 20 -u  -t 3600 -v 5 -e 0xff00001d https://localhost:4443/
",client,quic_client_test_tp_acticoid_error0,,,/results/temp/550/quic_client_test_tp_acticoid_error0.iev,0.0,1.0
689," ./client -l /results/temp/quant_key.log -c false -r 20 -u  -t 3600 -v 5 -e 0xff00001d https://localhost:4443/
",client,quic_client_test_ext_min_ack_delay0,,,/results/temp/1227/quic_client_test_ext_min_ack_delay0.iev,0.0,1.0
690," ./client -l /results/temp/quant_key.log -c false -r 20 -u  -t 3600 -v 5 -e 0xff00001d https://localhost:4443/
",client,quic_client_test_ext_min_ack_delay0,,,/results/temp/1269/quic_client_test_ext_min_ack_delay0.iev,0.0,1.0
691," ./client -l /results/temp/quant_key.log -c false -r 20 -u  -t 3600 -v 5 -e 0xff00001d https://localhost:4443/
",client,quic_client_test_max0,,ivy_return_code(127)+,/results/temp/74/quic_client_test_max0.iev,0.0,0.0
692," ./client -l /results/temp/quant_key.log -c false -r 20 -u  -t 3600 -v 5 -e 0xff00001d https://localhost:4443/
",client,quic_client_test_ext_min_ack_delay0,,,/results/temp/1221/quic_client_test_ext_min_ack_delay0.iev,0.0,1.0
693," ./client -l /results/temp/quant_key.log -c false -r 20 -u  -t 3600 -v 5 -e 0xff00001d https://localhost:4443/
",client,quic_client_test_tp_error0,,server_return_code(1)+ivy_return_code(1),/results/temp/210/quic_client_test_tp_error0.iev,0.0,0.0
694," ./client -l /results/temp/quant_key.log -c false -r 20 -u  -t 3600 -v 5 -e 0xff00001d https://localhost:4443/
",client,quic_client_test_newcoid_zero_error0,,"ivy_return_code(1)+"""")",/results/temp/809/quic_client_test_newcoid_zero_error0.iev,0.0,0.0
695," ./client -l /results/temp/quant_key.log -c false -r 20 -u  -t 3600 -v 5 -e 0xff00001d https://localhost:4443/
",client,quic_client_test_no_odci0,,server_return_code(1)+ivy_return_code(1),/results/temp/1133/quic_client_test_no_odci0.iev,0.0,0.0
696," ./client -l /results/temp/quant_key.log -c false -r 20 -u  -t 3600 -v 5 -e 0xff00001d https://localhost:4443/
",client,,,ivy_return_code(127)+,/results/temp/319/quic_client_test_unknown0.iev,0.0,0.0
697," ./client -l /results/temp/quant_key.log -c false -r 20 -u  -t 3600 -v 5 -e 0xff00001d https://localhost:4443/
",client,quic_client_test_tp_limit_acticoid_error0,,server_return_code(1)+ivy_return_code(1),/results/temp/632/quic_client_test_tp_limit_acticoid_error0.iev,0.0,0.0
698," ./client -l /results/temp/quant_key.log -c false -r 20 -u  -t 3600 -v 5 -e 0xff00001d https://localhost:4443/
",client,quic_client_test_ext_min_ack_delay0,,,/results/temp/1201/quic_client_test_ext_min_ack_delay0.iev,0.0,1.0
699," ./client -l /results/temp/quant_key.log -c false -r 20 -u  -t 3600 -v 5 -e 0xff00001d https://localhost:4443/
",client,quic_client_test_tp_prefadd_error0,,server_return_code(1)+ivy_return_code(1),/results/temp/1083/quic_client_test_tp_prefadd_error0.iev,0.0,0.0
700," ./client -l /results/temp/quant_key.log -c false -r 20 -u  -t 3600 -v 5 -e 0xff00001d https://localhost:4443/
",client,quic_client_test_max0,,ivy_return_code(127)+,/results/temp/59/quic_client_test_max0.iev,0.0,0.0
701," ./client -l /results/temp/quant_key.log -c false -r 20 -u  -t 3600 -v 5 -e 0xff00001d https://localhost:4443/
",client,quic_client_test_accept_maxdata0,,ivy_return_code(127)+,/results/temp/904/quic_client_test_accept_maxdata0.iev,0.0,0.0
702," ./client -l /results/temp/quant_key.log -c false -r 20 -u  -t 3600 -v 5 -e 0xff00001d https://localhost:4443/
",client,quic_client_test_newcoid_zero_error0,,"ivy_return_code(1)+"""")",/results/temp/853/quic_client_test_newcoid_zero_error0.iev,0.0,0.0
703," ./client -l /results/temp/quant_key.log -c false -r 20 -u  -t 3600 -v 5 -e 0xff00001d https://localhost:4443/
",client,quic_client_test_accept_maxdata0,,ivy_return_code(127)+,/results/temp/988/quic_client_test_accept_maxdata0.iev,0.0,0.0
704," ./client -l /results/temp/quant_key.log -c false -r 20 -u  -t 3600 -v 5 -e 0xff00001d https://localhost:4443/
",client,quic_client_test_tp_error0,,server_return_code(1)+ivy_return_code(1),/results/temp/294/quic_client_test_tp_error0.iev,0.0,0.0
705," ./client -l /results/temp/quant_key.log -c false -r 20 -u  -t 3600 -v 5 -e 0xff00001d https://localhost:4443/
",client,quic_client_test_tp_limit_acticoid_error0,,server_return_code(1)+ivy_return_code(1),/results/temp/648/quic_client_test_tp_limit_acticoid_error0.iev,0.0,0.0
706," ./client -l /results/temp/quant_key.log -c false -r 20 -u  -t 3600 -v 5 -e 0xff00001d https://localhost:4443/
",client,,,ivy_return_code(127)+,/results/temp/312/quic_client_test_unknown0.iev,0.0,0.0
707," ./client -l /results/temp/quant_key.log -c false -r 20 -u  -t 3600 -v 5 -e 0xff00001d https://localhost:4443/
",client,quic_client_test_max0,,ivy_return_code(127)+,/results/temp/92/quic_client_test_max0.iev,0.0,0.0
708," ./client -l /results/temp/quant_key.log -c false -r 20 -u  -t 3600 -v 5 -e 0xff00001d https://localhost:4443/
",client,quic_client_test_tp_limit_acticoid_error0,,server_return_code(134)+ivy_return_code(1),/results/temp/690/quic_client_test_tp_limit_acticoid_error0.iev,0.0,0.0
709," ./client -l /results/temp/quant_key.log -c false -r 20 -u  -t 3600 -v 5 -e 0xff00001d https://localhost:4443/
",client,quic_client_test_newcoid_zero_error0,,"ivy_return_code(1)+"""")",/results/temp/867/quic_client_test_newcoid_zero_error0.iev,0.0,0.0
710," ./client -l /results/temp/quant_key.log -c false -r 20 -u  -t 3600 -v 5 -e 0xff00001d https://localhost:4443/
",client,quic_client_test_accept_maxdata0,,ivy_return_code(127)+,/results/temp/921/quic_client_test_accept_maxdata0.iev,0.0,0.0
711," ./client -l /results/temp/quant_key.log -c false -r 20 -u  -t 3600 -v 5 -e 0xff00001d https://localhost:4443/
",client,,,ivy_return_code(127)+,/results/temp/300/quic_client_test_unknown0.iev,0.0,0.0
712," ./client -l /results/temp/quant_key.log -c false -r 20 -u  -t 3600 -v 5 -e 0xff00001d https://localhost:4443/
",client,quic_client_test_tp_prefadd_error0,,server_return_code(1)+ivy_return_code(1),/results/temp/1040/quic_client_test_tp_prefadd_error0.iev,0.0,0.0
713," ./client -l /results/temp/quant_key.log -c false -r 20 -u  -t 3600 -v 5 -e 0xff00001d https://localhost:4443/
",client,quic_client_test_max0,,ivy_return_code(127)+,/results/temp/7/quic_client_test_max0.iev,0.0,0.0
714," ./client -l /results/temp/quant_key.log -c false -r 20 -u  -t 3600 -v 5 -e 0xff00001d https://localhost:4443/
",client,quic_client_test_double_tp_error0,,server_return_code(1)+ivy_return_code(1),/results/temp/425/quic_client_test_double_tp_error0.iev,0.0,0.0
715," ./client -l /results/temp/quant_key.log -c false -r 20 -u  -t 3600 -v 5 -e 0xff00001d https://localhost:4443/
",client,quic_client_test_max0,,ivy_return_code(127)+,/results/temp/51/quic_client_test_max0.iev,0.0,0.0
716," ./client -l /results/temp/quant_key.log -c false -r 20 -u  -t 3600 -v 5 -e 0xff00001d https://localhost:4443/
",client,quic_client_test_tp_error0,,server_return_code(1)+ivy_return_code(1),/results/temp/280/quic_client_test_tp_error0.iev,0.0,0.0
717," ./client -l /results/temp/quant_key.log -c false -r 20 -u  -t 3600 -v 5 -e 0xff00001d https://localhost:4443/
",client,quic_client_test_accept_maxdata0,,ivy_return_code(127)+,/results/temp/993/quic_client_test_accept_maxdata0.iev,0.0,0.0
718," ./client -l /results/temp/quant_key.log -c false -r 20 -u  -t 3600 -v 5 -e 0xff00001d https://localhost:4443/
",client,quic_client_test_newcoid_zero_error0,,"ivy_return_code(1)+"""")",/results/temp/810/quic_client_test_newcoid_zero_error0.iev,0.0,0.0
719," ./client -l /results/temp/quant_key.log -c false -r 20 -u  -t 3600 -v 5 -e 0xff00001d https://localhost:4443/
",client,quic_client_test_tp_acticoid_error0,,,/results/temp/506/quic_client_test_tp_acticoid_error0.iev,0.0,1.0
720," ./client -l /results/temp/quant_key.log -c false -r 20 -u  -t 3600 -v 5 -e 0xff00001d https://localhost:4443/
",client,quic_client_test_tp_acticoid_error0,,,/results/temp/543/quic_client_test_tp_acticoid_error0.iev,0.0,1.0
721," ./client -l /results/temp/quant_key.log -c false -r 20 -u  -t 3600 -v 5 -e 0xff00001d https://localhost:4443/
",client,quic_client_test_tp_acticoid_error0,,,/results/temp/585/quic_client_test_tp_acticoid_error0.iev,0.0,1.0
722," ./client -l /results/temp/quant_key.log -c false -r 20 -u  -t 3600 -v 5 -e 0xff00001d https://localhost:4443/
",client,quic_client_test_tp_prefadd_error0,,server_return_code(1)+ivy_return_code(1),/results/temp/1096/quic_client_test_tp_prefadd_error0.iev,0.0,0.0
723," ./client -l /results/temp/quant_key.log -c false -r 20 -u  -t 3600 -v 5 -e 0xff00001d https://localhost:4443/
",client,quic_client_test_no_odci0,,"ivy_return_code(1)+"""")",/results/temp/1198/quic_client_test_no_odci0.iev,0.0,0.0
724," ./client -l /results/temp/quant_key.log -c false -r 20 -u  -t 3600 -v 5 -e 0xff00001d https://localhost:4443/
",client,quic_client_test_tp_acticoid_error0,,,/results/temp/559/quic_client_test_tp_acticoid_error0.iev,0.0,1.0
725," ./client -l /results/temp/quant_key.log -c false -r 20 -u  -t 3600 -v 5 -e 0xff00001d https://localhost:4443/
",client,quic_client_test_tp_error0,,server_return_code(1)+ivy_return_code(1),/results/temp/284/quic_client_test_tp_error0.iev,0.0,0.0
726," ./client -l /results/temp/quant_key.log -c false -r 20 -u  -t 3600 -v 5 -e 0xff00001d https://localhost:4443/
",client,quic_client_test_blocked_streams_maxstream_error0,,"ivy_return_code(1)+"""")",/results/temp/748/quic_client_test_blocked_streams_maxstream_error0.iev,0.0,0.0
727," ./client -l /results/temp/quant_key.log -c false -r 20 -u  -t 3600 -v 5 -e 0xff00001d https://localhost:4443/
",client,quic_client_test_accept_maxdata0,,ivy_return_code(127)+,/results/temp/907/quic_client_test_accept_maxdata0.iev,0.0,0.0
728," ./client -l /results/temp/quant_key.log -c false -r 20 -u  -t 3600 -v 5 -e 0xff00001d https://localhost:4443/
",client,quic_client_test_tp_acticoid_error0,,,/results/temp/594/quic_client_test_tp_acticoid_error0.iev,0.0,1.0
729," ./client -l /results/temp/quant_key.log -c false -r 20 -u  -t 3600 -v 5 -e 0xff00001d https://localhost:4443/
",client,quic_client_test_tp_acticoid_error0,,,/results/temp/541/quic_client_test_tp_acticoid_error0.iev,0.0,1.0
730," ./client -l /results/temp/quant_key.log -c false -r 20 -u  -t 3600 -v 5 -e 0xff00001d https://localhost:4443/
",client,quic_client_test_tp_acticoid_error0,,,/results/temp/507/quic_client_test_tp_acticoid_error0.iev,0.0,1.0
731," ./client -l /results/temp/quant_key.log -c false -r 20 -u  -t 3600 -v 5 -e 0xff00001d https://localhost:4443/
",client,,,ivy_return_code(127)+,/results/temp/330/quic_client_test_unknown0.iev,0.0,0.0
732," ./client -l /results/temp/quant_key.log -c false -r 20 -u  -t 3600 -v 5 -e 0xff00001d https://localhost:4443/
",client,quic_client_test_double_tp_error0,,server_return_code(1)+ivy_return_code(1),/results/temp/471/quic_client_test_double_tp_error0.iev,0.0,0.0
733," ./client -l /results/temp/quant_key.log -c false -r 20 -u  -t 3600 -v 5 -e 0xff00001d https://localhost:4443/
",client,quic_client_test_tp_prefadd_error0,,"ivy_return_code(1)+"""")",/results/temp/1099/quic_client_test_tp_prefadd_error0.iev,0.0,0.0
734," ./client -l /results/temp/quant_key.log -c false -r 20 -u  -t 3600 -v 5 -e 0xff00001d https://localhost:4443/
",client,quic_client_test_accept_maxdata0,,ivy_return_code(127)+,/results/temp/923/quic_client_test_accept_maxdata0.iev,0.0,0.0
735," ./client -l /results/temp/quant_key.log -c false -r 20 -u  -t 3600 -v 5 -e 0xff00001d https://localhost:4443/
",client,quic_client_test_tp_error0,,"ivy_return_code(1)+"""")",/results/temp/232/quic_client_test_tp_error0.iev,0.0,0.0
736," ./client -l /results/temp/quant_key.log -c false -r 20 -u  -t 3600 -v 5 -e 0xff00001d https://localhost:4443/
",client,,,ivy_return_code(127)+,/results/temp/306/quic_client_test_unknown0.iev,0.0,0.0
737," ./client -l /results/temp/quant_key.log -c false -r 20 -u  -t 3600 -v 5 -e 0xff00001d https://localhost:4443/
",client,quic_client_test_max0,,ivy_return_code(127)+,/results/temp/82/quic_client_test_max0.iev,0.0,0.0
738," ./client -l /results/temp/quant_key.log -c false -r 20 -u  -t 3600 -v 5 -e 0xff00001d https://localhost:4443/
",client,quic_client_test_newcoid_zero_error0,,"ivy_return_code(1)+"""")",/results/temp/804/quic_client_test_newcoid_zero_error0.iev,0.0,0.0
739," ./client -l /results/temp/quant_key.log -c false -r 20 -u  -t 3600 -v 5 -e 0xff00001d https://localhost:4443/
",client,quic_client_test_newcoid_zero_error0,,"ivy_return_code(1)+"""")",/results/temp/868/quic_client_test_newcoid_zero_error0.iev,0.0,0.0
740," ./client -l /results/temp/quant_key.log -c false -r 20 -u  -t 3600 -v 5 -e 0xff00001d https://localhost:4443/
",client,quic_client_test_tp_prefadd_error0,,server_return_code(1)+ivy_return_code(1),/results/temp/1009/quic_client_test_tp_prefadd_error0.iev,0.0,0.0
741," ./client -l /results/temp/quant_key.log -c false -r 20 -u  -t 3600 -v 5 -e 0xff00001d https://localhost:4443/
",client,quic_client_test_tp_error0,,server_return_code(1)+ivy_return_code(1),/results/temp/208/quic_client_test_tp_error0.iev,0.0,0.0
742," ./client -l /results/temp/quant_key.log -c false -r 20 -u  -t 3600 -v 5 -e 0xff00001d https://localhost:4443/
",client,quic_client_test_ext_min_ack_delay0,,,/results/temp/1223/quic_client_test_ext_min_ack_delay0.iev,0.0,1.0
743," ./client -l /results/temp/quant_key.log -c false -r 20 -u  -t 3600 -v 5 -e 0xff00001d https://localhost:4443/
",client,quic_client_test_double_tp_error0,,server_return_code(1)+ivy_return_code(1),/results/temp/412/quic_client_test_double_tp_error0.iev,0.0,0.0
744," ./client -l /results/temp/quant_key.log -c false -r 20 -u  -t 3600 -v 5 -e 0xff00001d https://localhost:4443/
",client,quic_client_test_blocked_streams_maxstream_error0,,"ivy_return_code(1)+"""")",/results/temp/749/quic_client_test_blocked_streams_maxstream_error0.iev,0.0,0.0
745," ./client -l /results/temp/quant_key.log -c false -r 20 -u  -t 3600 -v 5 -e 0xff00001d https://localhost:4443/
",client,quic_client_test_tp_acticoid_error0,,,/results/temp/520/quic_client_test_tp_acticoid_error0.iev,0.0,1.0
746," ./client -l /results/temp/quant_key.log -c false -r 20 -u  -t 3600 -v 5 -e 0xff00001d https://localhost:4443/
",client,quic_client_test_no_odci0,,server_return_code(1)+ivy_return_code(1),/results/temp/1183/quic_client_test_no_odci0.iev,0.0,0.0
747," ./client -l /results/temp/quant_key.log -c false -r 20 -u  -t 3600 -v 5 -e 0xff00001d https://localhost:4443/
",client,quic_client_test_no_odci0,,server_return_code(1)+ivy_return_code(1),/results/temp/1107/quic_client_test_no_odci0.iev,0.0,0.0
748," ./client -l /results/temp/quant_key.log -c false -r 20 -u  -t 3600 -v 5 -e 0xff00001d https://localhost:4443/
",client,quic_client_test_no_odci0,,server_return_code(1)+ivy_return_code(1),/results/temp/1193/quic_client_test_no_odci0.iev,0.0,0.0
749," ./client -l /results/temp/quant_key.log -c false -r 20 -u  -t 3600 -v 5 -e 0xff00001d https://localhost:4443/
",client,quic_client_test_tp_error0,,server_return_code(1)+ivy_return_code(1),/results/temp/288/quic_client_test_tp_error0.iev,0.0,0.0
750," ./client -l /results/temp/quant_key.log -c false -r 20 -u  -t 3600 -v 5 -e 0xff00001d https://localhost:4443/
",client,quic_client_test_ext_min_ack_delay0,,,/results/temp/1273/quic_client_test_ext_min_ack_delay0.iev,0.0,1.0
751," ./client -l /results/temp/quant_key.log -c false -r 20 -u  -t 3600 -v 5 -e 0xff00001d https://localhost:4443/
",client,quic_client_test_double_tp_error0,,"ivy_return_code(1)+"""")",/results/temp/429/quic_client_test_double_tp_error0.iev,0.0,0.0
752," ./client -l /results/temp/quant_key.log -c false -r 20 -u  -t 3600 -v 5 -e 0xff00001d https://localhost:4443/
",client,quic_client_test_tp_prefadd_error0,,server_return_code(1)+ivy_return_code(1),/results/temp/1003/quic_client_test_tp_prefadd_error0.iev,0.0,0.0
753," ./client -l /results/temp/quant_key.log -c false -r 20 -u  -t 3600 -v 5 -e 0xff00001d https://localhost:4443/
",client,quic_client_test_blocked_streams_maxstream_error0,,"ivy_return_code(1)+"""")",/results/temp/796/quic_client_test_blocked_streams_maxstream_error0.iev,0.0,0.0
754," ./client -l /results/temp/quant_key.log -c false -r 20 -u  -t 3600 -v 5 -e 0xff00001d https://localhost:4443/
",client,quic_client_test_newcoid_zero_error0,,"ivy_return_code(1)+"""")",/results/temp/850/quic_client_test_newcoid_zero_error0.iev,0.0,0.0
755," ./client -l /results/temp/quant_key.log -c false -r 20 -u  -t 3600 -v 5 -e 0xff00001d https://localhost:4443/
",client,quic_client_test_tp_prefadd_error0,,server_return_code(1)+ivy_return_code(1),/results/temp/1074/quic_client_test_tp_prefadd_error0.iev,0.0,0.0
756," ./client -l /results/temp/quant_key.log -c false -r 20 -u  -t 3600 -v 5 -e 0xff00001d https://localhost:4443/
",client,quic_client_test_no_odci0,,server_return_code(1)+ivy_return_code(1),/results/temp/1199/quic_client_test_no_odci0.iev,0.0,0.0
757," ./client -l /results/temp/quant_key.log -c false -r 20 -u  -t 3600 -v 5 -e 0xff00001d https://localhost:4443/
",client,quic_client_test_tp_prefadd_error0,,server_return_code(1)+ivy_return_code(1),/results/temp/1055/quic_client_test_tp_prefadd_error0.iev,0.0,0.0
758," ./client -l /results/temp/quant_key.log -c false -r 20 -u  -t 3600 -v 5 -e 0xff00001d https://localhost:4443/
",client,quic_client_test_max0,,ivy_return_code(127)+,/results/temp/57/quic_client_test_max0.iev,0.0,0.0
759," ./client -l /results/temp/quant_key.log -c false -r 20 -u  -t 3600 -v 5 -e 0xff00001d https://localhost:4443/
",client,quic_client_test_blocked_streams_maxstream_error0,,"ivy_return_code(1)+"""")",/results/temp/767/quic_client_test_blocked_streams_maxstream_error0.iev,0.0,0.0
760," ./client -l /results/temp/quant_key.log -c false -r 20 -u  -t 3600 -v 5 -e 0xff00001d https://localhost:4443/
",client,quic_client_test_tp_acticoid_error0,,,/results/temp/526/quic_client_test_tp_acticoid_error0.iev,0.0,1.0
761," ./client -l /results/temp/quant_key.log -c false -r 20 -u  -t 3600 -v 5 -e 0xff00001d https://localhost:4443/
",client,quic_client_test_tp_prefadd_error0,,server_return_code(1)+ivy_return_code(1),/results/temp/1097/quic_client_test_tp_prefadd_error0.iev,0.0,0.0
762," ./client -l /results/temp/quant_key.log -c false -r 20 -u  -t 3600 -v 5 -e 0xff00001d https://localhost:4443/
",client,quic_client_test_tp_error0,,server_return_code(1)+ivy_return_code(1),/results/temp/260/quic_client_test_tp_error0.iev,0.0,0.0
763," ./client -l /results/temp/quant_key.log -c false -r 20 -u  -t 3600 -v 5 -e 0xff00001d https://localhost:4443/
",client,quic_client_test_double_tp_error0,,server_return_code(1)+ivy_return_code(1),/results/temp/453/quic_client_test_double_tp_error0.iev,0.0,0.0
764," ./client -l /results/temp/quant_key.log -c false -r 20 -u  -t 3600 -v 5 -e 0xff00001d https://localhost:4443/
",client,quic_client_test_tp_prefadd_error0,,server_return_code(1)+ivy_return_code(1),/results/temp/1044/quic_client_test_tp_prefadd_error0.iev,0.0,0.0
765," ./client -l /results/temp/quant_key.log -c false -r 20 -u  -t 3600 -v 5 -e 0xff00001d https://localhost:4443/
",client,quic_client_test_accept_maxdata0,,ivy_return_code(127)+,/results/temp/914/quic_client_test_accept_maxdata0.iev,0.0,0.0
766," ./client -l /results/temp/quant_key.log -c false -r 20 -u  -t 3600 -v 5 -e 0xff00001d https://localhost:4443/
",client,quic_client_test_tp_prefadd_error0,,server_return_code(1)+ivy_return_code(1),/results/temp/1059/quic_client_test_tp_prefadd_error0.iev,0.0,0.0
767," ./client -l /results/temp/quant_key.log -c false -r 20 -u  -t 3600 -v 5 -e 0xff00001d https://localhost:4443/
",client,quic_client_test_max0,,ivy_return_code(127)+,/results/temp/94/quic_client_test_max0.iev,0.0,0.0
768," ./client -l /results/temp/quant_key.log -c false -r 20 -u  -t 3600 -v 5 -e 0xff00001d https://localhost:4443/
",client,quic_client_test_tp_acticoid_error0,,,/results/temp/549/quic_client_test_tp_acticoid_error0.iev,0.0,1.0
769," ./client -l /results/temp/quant_key.log -c false -r 20 -u  -t 3600 -v 5 -e 0xff00001d https://localhost:4443/
",client,quic_client_test_accept_maxdata0,,ivy_return_code(127)+,/results/temp/968/quic_client_test_accept_maxdata0.iev,0.0,0.0
770," ./client -l /results/temp/quant_key.log -c false -r 20 -u  -t 3600 -v 5 -e 0xff00001d https://localhost:4443/
",client,quic_client_test_blocked_streams_maxstream_error0,,"ivy_return_code(1)+"""")",/results/temp/703/quic_client_test_blocked_streams_maxstream_error0.iev,0.0,0.0
771," ./client -l /results/temp/quant_key.log -c false -r 20 -u  -t 3600 -v 5 -e 0xff00001d https://localhost:4443/
",client,quic_client_test_double_tp_error0,,server_return_code(1)+ivy_return_code(1),/results/temp/498/quic_client_test_double_tp_error0.iev,0.0,0.0
772," ./client -l /results/temp/quant_key.log -c false -r 20 -u  -t 3600 -v 5 -e 0xff00001d https://localhost:4443/
",client,,,ivy_return_code(127)+,/results/temp/369/quic_client_test_unknown0.iev,0.0,0.0
773," ./client -l /results/temp/quant_key.log -c false -r 20 -u  -t 3600 -v 5 -e 0xff00001d https://localhost:4443/
",client,quic_client_test_max0,,ivy_return_code(127)+,/results/temp/77/quic_client_test_max0.iev,0.0,0.0
774," ./client -l /results/temp/quant_key.log -c false -r 20 -u  -t 3600 -v 5 -e 0xff00001d https://localhost:4443/
",client,quic_client_test_newcoid_zero_error0,,"ivy_return_code(1)+"""")",/results/temp/864/quic_client_test_newcoid_zero_error0.iev,0.0,0.0
775," ./client -l /results/temp/quant_key.log -c false -r 20 -u  -t 3600 -v 5 -e 0xff00001d https://localhost:4443/
",client,quic_client_test_tp_limit_acticoid_error0,,server_return_code(1)+ivy_return_code(1),/results/temp/670/quic_client_test_tp_limit_acticoid_error0.iev,0.0,0.0
776," ./client -l /results/temp/quant_key.log -c false -r 20 -u  -t 3600 -v 5 -e 0xff00001d https://localhost:4443/
",client,quic_client_test_newcoid_zero_error0,,"ivy_return_code(1)+"""")",/results/temp/840/quic_client_test_newcoid_zero_error0.iev,0.0,0.0
777," ./client -l /results/temp/quant_key.log -c false -r 20 -u  -t 3600 -v 5 -e 0xff00001d https://localhost:4443/
",client,quic_client_test_ext_min_ack_delay0,,,/results/temp/1270/quic_client_test_ext_min_ack_delay0.iev,0.0,1.0
778," ./client -l /results/temp/quant_key.log -c false -r 20 -u  -t 3600 -v 5 -e 0xff00001d https://localhost:4443/
",client,quic_client_test_accept_maxdata0,,ivy_return_code(127)+,/results/temp/939/quic_client_test_accept_maxdata0.iev,0.0,0.0
779," ./client -l /results/temp/quant_key.log -c false -r 20 -u  -t 3600 -v 5 -e 0xff00001d https://localhost:4443/
",client,quic_client_test_blocked_streams_maxstream_error0,,"ivy_return_code(1)+"""")",/results/temp/739/quic_client_test_blocked_streams_maxstream_error0.iev,0.0,0.0
780," ./client -l /results/temp/quant_key.log -c false -r 20 -u  -t 3600 -v 5 -e 0xff00001d https://localhost:4443/
",client,,,ivy_return_code(127)+,/results/temp/380/quic_client_test_unknown0.iev,0.0,0.0
781," ./client -l /results/temp/quant_key.log -c false -r 20 -u  -t 3600 -v 5 -e 0xff00001d https://localhost:4443/
",client,quic_client_test_tp_acticoid_error0,,,/results/temp/595/quic_client_test_tp_acticoid_error0.iev,0.0,1.0
782," ./client -l /results/temp/quant_key.log -c false -r 20 -u  -t 3600 -v 5 -e 0xff00001d https://localhost:4443/
",client,quic_client_test_blocked_streams_maxstream_error0,,"ivy_return_code(1)+"""")",/results/temp/705/quic_client_test_blocked_streams_maxstream_error0.iev,0.0,0.0
783," ./client -l /results/temp/quant_key.log -c false -r 20 -u  -t 3600 -v 5 -e 0xff00001d https://localhost:4443/
",client,quic_client_test_tp_acticoid_error0,,,/results/temp/529/quic_client_test_tp_acticoid_error0.iev,0.0,1.0
784," ./client -l /results/temp/quant_key.log -c false -r 20 -u  -t 3600 -v 5 -e 0xff00001d https://localhost:4443/
",client,quic_client_test_tp_error0,,server_return_code(1)+ivy_return_code(1),/results/temp/237/quic_client_test_tp_error0.iev,0.0,0.0
785," ./client -l /results/temp/quant_key.log -c false -r 20 -u  -t 3600 -v 5 -e 0xff00001d https://localhost:4443/
",client,quic_client_test_tp_error0,,server_return_code(1)+ivy_return_code(1),/results/temp/217/quic_client_test_tp_error0.iev,0.0,0.0
786," ./client -l /results/temp/quant_key.log -c false -r 20 -u  -t 3600 -v 5 -e 0xff00001d https://localhost:4443/
",client,,,ivy_return_code(127)+,/results/temp/321/quic_client_test_unknown0.iev,0.0,0.0
787," ./client -l /results/temp/quant_key.log -c false -r 20 -u  -t 3600 -v 5 -e 0xff00001d https://localhost:4443/
",client,quic_client_test_max0,,ivy_return_code(127)+,/results/temp/32/quic_client_test_max0.iev,0.0,0.0
788," ./client -l /results/temp/quant_key.log -c false -r 20 -u  -t 3600 -v 5 -e 0xff00001d https://localhost:4443/
",client,quic_client_test_ext_min_ack_delay0,,,/results/temp/1202/quic_client_test_ext_min_ack_delay0.iev,0.0,1.0
789," ./client -l /results/temp/quant_key.log -c false -r 20 -u  -t 3600 -v 5 -e 0xff00001d https://localhost:4443/
",client,quic_client_test_blocked_streams_maxstream_error0,,"ivy_return_code(1)+"""")",/results/temp/756/quic_client_test_blocked_streams_maxstream_error0.iev,0.0,0.0
790," ./client -l /results/temp/quant_key.log -c false -r 20 -u  -t 3600 -v 5 -e 0xff00001d https://localhost:4443/
",client,quic_client_test_blocked_streams_maxstream_error0,,"ivy_return_code(1)+"""")",/results/temp/738/quic_client_test_blocked_streams_maxstream_error0.iev,0.0,0.0
791," ./client -l /results/temp/quant_key.log -c false -r 20 -u  -t 3600 -v 5 -e 0xff00001d https://localhost:4443/
",client,quic_client_test_no_odci0,,server_return_code(1)+ivy_return_code(1),/results/temp/1167/quic_client_test_no_odci0.iev,0.0,0.0
792," ./client -l /results/temp/quant_key.log -c false -r 20 -u  -t 3600 -v 5 -e 0xff00001d https://localhost:4443/
",client,quic_client_test_tp_prefadd_error0,,server_return_code(1)+ivy_return_code(1),/results/temp/1028/quic_client_test_tp_prefadd_error0.iev,0.0,0.0
793," ./client -l /results/temp/quant_key.log -c false -r 20 -u  -t 3600 -v 5 -e 0xff00001d https://localhost:4443/
",client,quic_client_test_tp_acticoid_error0,,,/results/temp/536/quic_client_test_tp_acticoid_error0.iev,0.0,1.0
794," ./client -l /results/temp/quant_key.log -c false -r 20 -u  -t 3600 -v 5 -e 0xff00001d https://localhost:4443/
",client,quic_client_test_newcoid_zero_error0,,"ivy_return_code(1)+"""")",/results/temp/838/quic_client_test_newcoid_zero_error0.iev,0.0,0.0
795," ./client -l /results/temp/quant_key.log -c false -r 20 -u  -t 3600 -v 5 -e 0xff00001d https://localhost:4443/
",client,quic_client_test_newcoid_zero_error0,,"ivy_return_code(1)+"""")",/results/temp/822/quic_client_test_newcoid_zero_error0.iev,0.0,0.0
796," ./client -l /results/temp/quant_key.log -c false -r 20 -u  -t 3600 -v 5 -e 0xff00001d https://localhost:4443/
",client,quic_client_test_max0,,ivy_return_code(127)+,/results/temp/53/quic_client_test_max0.iev,0.0,0.0
797," ./client -l /results/temp/quant_key.log -c false -r 20 -u  -t 3600 -v 5 -e 0xff00001d https://localhost:4443/
",client,quic_client_test_no_odci0,,server_return_code(1)+ivy_return_code(1),/results/temp/1135/quic_client_test_no_odci0.iev,0.0,0.0
798," ./client -l /results/temp/quant_key.log -c false -r 20 -u  -t 3600 -v 5 -e 0xff00001d https://localhost:4443/
",client,quic_client_test_blocked_streams_maxstream_error0,,"ivy_return_code(1)+"""")",/results/temp/752/quic_client_test_blocked_streams_maxstream_error0.iev,0.0,0.0
799," ./client -l /results/temp/quant_key.log -c false -r 20 -u  -t 3600 -v 5 -e 0xff00001d https://localhost:4443/
",client,quic_client_test_newcoid_zero_error0,,"ivy_return_code(1)+"""")",/results/temp/834/quic_client_test_newcoid_zero_error0.iev,0.0,0.0
800," ./client -l /results/temp/quant_key.log -c false -r 20 -u  -t 3600 -v 5 -e 0xff00001d https://localhost:4443/
",client,,,ivy_return_code(127)+,/results/temp/391/quic_client_test_unknown0.iev,0.0,0.0
801," ./client -l /results/temp/quant_key.log -c false -r 20 -u  -t 3600 -v 5 -e 0xff00001d https://localhost:4443/
",client,quic_client_test_max0,,ivy_return_code(127)+,/results/temp/75/quic_client_test_max0.iev,0.0,0.0
802," ./client -l /results/temp/quant_key.log -c false -r 20 -u  -t 3600 -v 5 -e 0xff00001d https://localhost:4443/
",client,quic_client_test_no_odci0,,server_return_code(1)+ivy_return_code(1),/results/temp/1179/quic_client_test_no_odci0.iev,0.0,0.0
803," ./client -l /results/temp/quant_key.log -c false -r 20 -u  -t 3600 -v 5 -e 0xff00001d https://localhost:4443/
",client,quic_client_test_tp_limit_acticoid_error0,,server_return_code(1)+ivy_return_code(1),/results/temp/697/quic_client_test_tp_limit_acticoid_error0.iev,0.0,0.0
804," ./client -l /results/temp/quant_key.log -c false -r 20 -u  -t 3600 -v 5 -e 0xff00001d https://localhost:4443/
",client,quic_client_test_newcoid_zero_error0,,"ivy_return_code(1)+"""")",/results/temp/845/quic_client_test_newcoid_zero_error0.iev,0.0,0.0
805," ./client -l /results/temp/quant_key.log -c false -r 20 -u  -t 3600 -v 5 -e 0xff00001d https://localhost:4443/
",client,quic_client_test_blocked_streams_maxstream_error0,,"ivy_return_code(1)+"""")",/results/temp/726/quic_client_test_blocked_streams_maxstream_error0.iev,0.0,0.0
806," ./client -l /results/temp/quant_key.log -c false -r 20 -u  -t 3600 -v 5 -e 0xff00001d https://localhost:4443/
",client,,,ivy_return_code(127)+,/results/temp/307/quic_client_test_unknown0.iev,0.0,0.0
807," ./client -l /results/temp/quant_key.log -c false -r 20 -u  -t 3600 -v 5 -e 0xff00001d https://localhost:4443/
",client,quic_client_test_newcoid_zero_error0,,"ivy_return_code(1)+"""")",/results/temp/825/quic_client_test_newcoid_zero_error0.iev,0.0,0.0
808," ./client -l /results/temp/quant_key.log -c false -r 20 -u  -t 3600 -v 5 -e 0xff00001d https://localhost:4443/
",client,quic_client_test_ext_min_ack_delay0,,,/results/temp/1210/quic_client_test_ext_min_ack_delay0.iev,0.0,1.0
809," ./client -l /results/temp/quant_key.log -c false -r 20 -u  -t 3600 -v 5 -e 0xff00001d https://localhost:4443/
",client,quic_client_test_accept_maxdata0,,ivy_return_code(127)+,/results/temp/946/quic_client_test_accept_maxdata0.iev,0.0,0.0
810," ./client -l /results/temp/quant_key.log -c false -r 20 -u  -t 3600 -v 5 -e 0xff00001d https://localhost:4443/
",client,,,ivy_return_code(127)+,/results/temp/355/quic_client_test_unknown0.iev,0.0,0.0
811," ./client -l /results/temp/quant_key.log -c false -r 20 -u  -t 3600 -v 5 -e 0xff00001d https://localhost:4443/
",client,quic_client_test_blocked_streams_maxstream_error0,,"ivy_return_code(1)+"""")",/results/temp/759/quic_client_test_blocked_streams_maxstream_error0.iev,0.0,0.0
812," ./client -l /results/temp/quant_key.log -c false -r 20 -u  -t 3600 -v 5 -e 0xff00001d https://localhost:4443/
",client,quic_client_test_no_odci0,,"ivy_return_code(1)+"""")",/results/temp/1142/quic_client_test_no_odci0.iev,0.0,0.0
813," ./client -l /results/temp/quant_key.log -c false -r 20 -u  -t 3600 -v 5 -e 0xff00001d https://localhost:4443/
",client,quic_client_test_tp_prefadd_error0,,server_return_code(1)+ivy_return_code(1),/results/temp/1094/quic_client_test_tp_prefadd_error0.iev,0.0,0.0
814," ./client -l /results/temp/quant_key.log -c false -r 20 -u  -t 3600 -v 5 -e 0xff00001d https://localhost:4443/
",client,quic_client_test_tp_prefadd_error0,,server_return_code(1)+ivy_return_code(1),/results/temp/1095/quic_client_test_tp_prefadd_error0.iev,0.0,0.0
815," ./client -l /results/temp/quant_key.log -c false -r 20 -u  -t 3600 -v 5 -e 0xff00001d https://localhost:4443/
",client,,,ivy_return_code(127)+,/results/temp/329/quic_client_test_unknown0.iev,0.0,0.0
816," ./client -l /results/temp/quant_key.log -c false -r 20 -u  -t 3600 -v 5 -e 0xff00001d https://localhost:4443/
",client,quic_client_test_tp_prefadd_error0,,server_return_code(1)+ivy_return_code(1),/results/temp/1054/quic_client_test_tp_prefadd_error0.iev,0.0,0.0
817," ./client -l /results/temp/quant_key.log -c false -r 20 -u  -t 3600 -v 5 -e 0xff00001d https://localhost:4443/
",client,quic_client_test_tp_limit_acticoid_error0,,server_return_code(134)+ivy_return_code(1),/results/temp/684/quic_client_test_tp_limit_acticoid_error0.iev,0.0,0.0
818," ./client -l /results/temp/quant_key.log -c false -r 20 -u  -t 3600 -v 5 -e 0xff00001d https://localhost:4443/
",client,quic_client_test_accept_maxdata0,,ivy_return_code(127)+,/results/temp/949/quic_client_test_accept_maxdata0.iev,0.0,0.0
819," ./client -l /results/temp/quant_key.log -c false -r 20 -u  -t 3600 -v 5 -e 0xff00001d https://localhost:4443/
",client,quic_client_test_max0,,ivy_return_code(127)+,/results/temp/61/quic_client_test_max0.iev,0.0,0.0
820," ./client -l /results/temp/quant_key.log -c false -r 20 -u  -t 3600 -v 5 -e 0xff00001d https://localhost:4443/
",client,,,ivy_return_code(127)+,/results/temp/339/quic_client_test_unknown0.iev,0.0,0.0
821," ./client -l /results/temp/quant_key.log -c false -r 20 -u  -t 3600 -v 5 -e 0xff00001d https://localhost:4443/
",client,quic_client_test_newcoid_zero_error0,,"ivy_return_code(1)+"""")",/results/temp/839/quic_client_test_newcoid_zero_error0.iev,0.0,0.0
822," ./client -l /results/temp/quant_key.log -c false -r 20 -u  -t 3600 -v 5 -e 0xff00001d https://localhost:4443/
",client,quic_client_test_tp_error0,,server_return_code(1)+ivy_return_code(1),/results/temp/215/quic_client_test_tp_error0.iev,0.0,0.0
823," ./client -l /results/temp/quant_key.log -c false -r 20 -u  -t 3600 -v 5 -e 0xff00001d https://localhost:4443/
",client,quic_client_test_tp_acticoid_error0,,,/results/temp/545/quic_client_test_tp_acticoid_error0.iev,0.0,1.0
824," ./client -l /results/temp/quant_key.log -c false -r 20 -u  -t 3600 -v 5 -e 0xff00001d https://localhost:4443/
",client,quic_client_test_tp_error0,,server_return_code(1)+ivy_return_code(1),/results/temp/200/quic_client_test_tp_error0.iev,0.0,0.0
825," ./client -l /results/temp/quant_key.log -c false -r 20 -u  -t 3600 -v 5 -e 0xff00001d https://localhost:4443/
",client,quic_client_test_tp_limit_acticoid_error0,,server_return_code(1)+ivy_return_code(1),/results/temp/678/quic_client_test_tp_limit_acticoid_error0.iev,0.0,0.0
826," ./client -l /results/temp/quant_key.log -c false -r 20 -u  -t 3600 -v 5 -e 0xff00001d https://localhost:4443/
",client,quic_client_test_accept_maxdata0,,ivy_return_code(127)+,/results/temp/987/quic_client_test_accept_maxdata0.iev,0.0,0.0
827," ./client -l /results/temp/quant_key.log -c false -r 20 -u  -t 3600 -v 5 -e 0xff00001d https://localhost:4443/
",client,quic_client_test_tp_error0,,server_return_code(1)+ivy_return_code(1),/results/temp/299/quic_client_test_tp_error0.iev,0.0,0.0
828," ./client -l /results/temp/quant_key.log -c false -r 20 -u  -t 3600 -v 5 -e 0xff00001d https://localhost:4443/
",client,quic_client_test_tp_error0,,server_return_code(1)+ivy_return_code(1),/results/temp/298/quic_client_test_tp_error0.iev,0.0,0.0
829," ./client -l /results/temp/quant_key.log -c false -r 20 -u  -t 3600 -v 5 -e 0xff00001d https://localhost:4443/
",client,quic_client_test_tp_limit_acticoid_error0,,server_return_code(134)+ivy_return_code(1),/results/temp/687/quic_client_test_tp_limit_acticoid_error0.iev,0.0,0.0
830," ./client -l /results/temp/quant_key.log -c false -r 20 -u  -t 3600 -v 5 -e 0xff00001d https://localhost:4443/
",client,quic_client_test_tp_prefadd_error0,,server_return_code(1)+ivy_return_code(1),/results/temp/1062/quic_client_test_tp_prefadd_error0.iev,0.0,0.0
831," ./client -l /results/temp/quant_key.log -c false -r 20 -u  -t 3600 -v 5 -e 0xff00001d https://localhost:4443/
",client,quic_client_test_ext_min_ack_delay0,,,/results/temp/1230/quic_client_test_ext_min_ack_delay0.iev,0.0,1.0
832," ./client -l /results/temp/quant_key.log -c false -r 20 -u  -t 3600 -v 5 -e 0xff00001d https://localhost:4443/
",client,quic_client_test_max0,,ivy_return_code(127)+,/results/temp/50/quic_client_test_max0.iev,0.0,0.0
833," ./client -l /results/temp/quant_key.log -c false -r 20 -u  -t 3600 -v 5 -e 0xff00001d https://localhost:4443/
",client,quic_client_test_double_tp_error0,,server_return_code(1)+ivy_return_code(1),/results/temp/459/quic_client_test_double_tp_error0.iev,0.0,0.0
834," ./client -l /results/temp/quant_key.log -c false -r 20 -u  -t 3600 -v 5 -e 0xff00001d https://localhost:4443/
",client,quic_client_test_blocked_streams_maxstream_error0,,"ivy_return_code(1)+"""")",/results/temp/734/quic_client_test_blocked_streams_maxstream_error0.iev,0.0,0.0
835," ./client -l /results/temp/quant_key.log -c false -r 20 -u  -t 3600 -v 5 -e 0xff00001d https://localhost:4443/
",client,quic_client_test_tp_limit_acticoid_error0,,server_return_code(1)+ivy_return_code(1),/results/temp/686/quic_client_test_tp_limit_acticoid_error0.iev,0.0,0.0
836," ./client -l /results/temp/quant_key.log -c false -r 20 -u  -t 3600 -v 5 -e 0xff00001d https://localhost:4443/
",client,quic_client_test_double_tp_error0,,server_return_code(1)+ivy_return_code(1),/results/temp/484/quic_client_test_double_tp_error0.iev,0.0,0.0
837," ./client -l /results/temp/quant_key.log -c false -r 20 -u  -t 3600 -v 5 -e 0xff00001d https://localhost:4443/
",client,quic_client_test_newcoid_zero_error0,,"ivy_return_code(1)+"""")",/results/temp/860/quic_client_test_newcoid_zero_error0.iev,0.0,0.0
838," ./client -l /results/temp/quant_key.log -c false -r 20 -u  -t 3600 -v 5 -e 0xff00001d https://localhost:4443/
",client,quic_client_test_tp_acticoid_error0,,,/results/temp/528/quic_client_test_tp_acticoid_error0.iev,0.0,1.0
839," ./client -l /results/temp/quant_key.log -c false -r 20 -u  -t 3600 -v 5 -e 0xff00001d https://localhost:4443/
",client,quic_client_test_newcoid_zero_error0,,"ivy_return_code(1)+"""")",/results/temp/891/quic_client_test_newcoid_zero_error0.iev,0.0,0.0
840," ./client -l /results/temp/quant_key.log -c false -r 20 -u  -t 3600 -v 5 -e 0xff00001d https://localhost:4443/
",client,quic_client_test_accept_maxdata0,,ivy_return_code(127)+,/results/temp/925/quic_client_test_accept_maxdata0.iev,0.0,0.0
841," ./client -l /results/temp/quant_key.log -c false -r 20 -u  -t 3600 -v 5 -e 0xff00001d https://localhost:4443/
",client,,,ivy_return_code(127)+,/results/temp/348/quic_client_test_unknown0.iev,0.0,0.0
842," ./client -l /results/temp/quant_key.log -c false -r 20 -u  -t 3600 -v 5 -e 0xff00001d https://localhost:4443/
",client,,,ivy_return_code(127)+,/results/temp/397/quic_client_test_unknown0.iev,0.0,0.0
843," ./client -l /results/temp/quant_key.log -c false -r 20 -u  -t 3600 -v 5 -e 0xff00001d https://localhost:4443/
",client,quic_client_test_max0,,ivy_return_code(127)+,/results/temp/2/quic_client_test_max0.iev,0.0,0.0
844," ./client -l /results/temp/quant_key.log -c false -r 20 -u  -t 3600 -v 5 -e 0xff00001d https://localhost:4443/
",client,quic_client_test_tp_error0,,server_return_code(1)+ivy_return_code(1),/results/temp/224/quic_client_test_tp_error0.iev,0.0,0.0
845," ./client -l /results/temp/quant_key.log -c false -r 20 -u  -t 3600 -v 5 -e 0xff00001d https://localhost:4443/
",client,quic_client_test_double_tp_error0,,server_return_code(1)+ivy_return_code(1),/results/temp/417/quic_client_test_double_tp_error0.iev,0.0,0.0
846," ./client -l /results/temp/quant_key.log -c false -r 20 -u  -t 3600 -v 5 -e 0xff00001d https://localhost:4443/
",client,quic_client_test_accept_maxdata0,,ivy_return_code(127)+,/results/temp/977/quic_client_test_accept_maxdata0.iev,0.0,0.0
847," ./client -l /results/temp/quant_key.log -c false -r 20 -u  -t 3600 -v 5 -e 0xff00001d https://localhost:4443/
",client,quic_client_test_max0,,ivy_return_code(127)+,/results/temp/46/quic_client_test_max0.iev,0.0,0.0
848," ./client -l /results/temp/quant_key.log -c false -r 20 -u  -t 3600 -v 5 -e 0xff00001d https://localhost:4443/
",client,,,ivy_return_code(127)+,/results/temp/399/quic_client_test_unknown0.iev,0.0,0.0
849," ./client -l /results/temp/quant_key.log -c false -r 20 -u  -t 3600 -v 5 -e 0xff00001d https://localhost:4443/
",client,quic_client_test_tp_error0,,server_return_code(1)+ivy_return_code(1),/results/temp/235/quic_client_test_tp_error0.iev,0.0,0.0
850," ./client -l /results/temp/quant_key.log -c false -r 20 -u  -t 3600 -v 5 -e 0xff00001d https://localhost:4443/
",client,quic_client_test_max0,,ivy_return_code(127)+,/results/temp/71/quic_client_test_max0.iev,0.0,0.0
851," ./client -l /results/temp/quant_key.log -c false -r 20 -u  -t 3600 -v 5 -e 0xff00001d https://localhost:4443/
",client,quic_client_test_newcoid_zero_error0,,"ivy_return_code(1)+"""")",/results/temp/887/quic_client_test_newcoid_zero_error0.iev,0.0,0.0
852," ./client -l /results/temp/quant_key.log -c false -r 20 -u  -t 3600 -v 5 -e 0xff00001d https://localhost:4443/
",client,quic_client_test_tp_acticoid_error0,,,/results/temp/517/quic_client_test_tp_acticoid_error0.iev,0.0,1.0
853," ./client -l /results/temp/quant_key.log -c false -r 20 -u  -t 3600 -v 5 -e 0xff00001d https://localhost:4443/
",client,,,ivy_return_code(127)+,/results/temp/379/quic_client_test_unknown0.iev,0.0,0.0
854," ./client -l /results/temp/quant_key.log -c false -r 20 -u  -t 3600 -v 5 -e 0xff00001d https://localhost:4443/
",client,,,ivy_return_code(127)+,/results/temp/373/quic_client_test_unknown0.iev,0.0,0.0
855," ./client -l /results/temp/quant_key.log -c false -r 20 -u  -t 3600 -v 5 -e 0xff00001d https://localhost:4443/
",client,quic_client_test_no_odci0,,server_return_code(1)+ivy_return_code(1),/results/temp/1180/quic_client_test_no_odci0.iev,0.0,0.0
856," ./client -l /results/temp/quant_key.log -c false -r 20 -u  -t 3600 -v 5 -e 0xff00001d https://localhost:4443/
",client,quic_client_test_tp_limit_acticoid_error0,,server_return_code(1)+ivy_return_code(1),/results/temp/606/quic_client_test_tp_limit_acticoid_error0.iev,0.0,0.0
857," ./client -l /results/temp/quant_key.log -c false -r 20 -u  -t 3600 -v 5 -e 0xff00001d https://localhost:4443/
",client,quic_client_test_blocked_streams_maxstream_error0,,"ivy_return_code(1)+"""")",/results/temp/799/quic_client_test_blocked_streams_maxstream_error0.iev,0.0,0.0
858," ./client -l /results/temp/quant_key.log -c false -r 20 -u  -t 3600 -v 5 -e 0xff00001d https://localhost:4443/
",client,quic_client_test_no_odci0,,server_return_code(1)+ivy_return_code(1),/results/temp/1143/quic_client_test_no_odci0.iev,0.0,0.0
859," ./client -l /results/temp/quant_key.log -c false -r 20 -u  -t 3600 -v 5 -e 0xff00001d https://localhost:4443/
",client,quic_client_test_no_odci0,,server_return_code(1)+ivy_return_code(1),/results/temp/1112/quic_client_test_no_odci0.iev,0.0,0.0
860," ./client -l /results/temp/quant_key.log -c false -r 20 -u  -t 3600 -v 5 -e 0xff00001d https://localhost:4443/
",client,quic_client_test_tp_acticoid_error0,,,/results/temp/533/quic_client_test_tp_acticoid_error0.iev,0.0,1.0
861," ./client -l /results/temp/quant_key.log -c false -r 20 -u  -t 3600 -v 5 -e 0xff00001d https://localhost:4443/
",client,quic_client_test_tp_prefadd_error0,,server_return_code(1)+ivy_return_code(1),/results/temp/1015/quic_client_test_tp_prefadd_error0.iev,0.0,0.0
862," ./client -l /results/temp/quant_key.log -c false -r 20 -u  -t 3600 -v 5 -e 0xff00001d https://localhost:4443/
",client,quic_client_test_tp_error0,,server_return_code(1)+ivy_return_code(1),/results/temp/242/quic_client_test_tp_error0.iev,0.0,0.0
863," ./client -l /results/temp/quant_key.log -c false -r 20 -u  -t 3600 -v 5 -e 0xff00001d https://localhost:4443/
",client,,,ivy_return_code(127)+,/results/temp/351/quic_client_test_unknown0.iev,0.0,0.0
864," ./client -l /results/temp/quant_key.log -c false -r 20 -u  -t 3600 -v 5 -e 0xff00001d https://localhost:4443/
",client,quic_client_test_tp_error0,,server_return_code(1)+ivy_return_code(1),/results/temp/276/quic_client_test_tp_error0.iev,0.0,0.0
865," ./client -l /results/temp/quant_key.log -c false -r 20 -u  -t 3600 -v 5 -e 0xff00001d https://localhost:4443/
",client,quic_client_test_max0,,ivy_return_code(127)+,/results/temp/54/quic_client_test_max0.iev,0.0,0.0
866," ./client -l /results/temp/quant_key.log -c false -r 20 -u  -t 3600 -v 5 -e 0xff00001d https://localhost:4443/
",client,quic_client_test_tp_acticoid_error0,,"ivy_return_code(1)+"""")",/results/temp/521/quic_client_test_tp_acticoid_error0.iev,0.0,0.0
867," ./client -l /results/temp/quant_key.log -c false -r 20 -u  -t 3600 -v 5 -e 0xff00001d https://localhost:4443/
",client,quic_client_test_no_odci0,,server_return_code(1)+ivy_return_code(1),/results/temp/1168/quic_client_test_no_odci0.iev,0.0,0.0
868," ./client -l /results/temp/quant_key.log -c false -r 20 -u  -t 3600 -v 5 -e 0xff00001d https://localhost:4443/
",client,quic_client_test_tp_prefadd_error0,,server_return_code(1)+ivy_return_code(1),/results/temp/1024/quic_client_test_tp_prefadd_error0.iev,0.0,0.0
869," ./client -l /results/temp/quant_key.log -c false -r 20 -u  -t 3600 -v 5 -e 0xff00001d https://localhost:4443/
",client,quic_client_test_newcoid_zero_error0,,"ivy_return_code(1)+"""")",/results/temp/897/quic_client_test_newcoid_zero_error0.iev,0.0,0.0
870," ./client -l /results/temp/quant_key.log -c false -r 20 -u  -t 3600 -v 5 -e 0xff00001d https://localhost:4443/
",client,quic_client_test_tp_acticoid_error0,,,/results/temp/523/quic_client_test_tp_acticoid_error0.iev,0.0,1.0
871," ./client -l /results/temp/quant_key.log -c false -r 20 -u  -t 3600 -v 5 -e 0xff00001d https://localhost:4443/
",client,quic_client_test_no_odci0,,server_return_code(1)+ivy_return_code(1),/results/temp/1152/quic_client_test_no_odci0.iev,0.0,0.0
872," ./client -l /results/temp/quant_key.log -c false -r 20 -u  -t 3600 -v 5 -e 0xff00001d https://localhost:4443/
",client,quic_client_test_tp_error0,,"ivy_return_code(1)+"""")",/results/temp/201/quic_client_test_tp_error0.iev,0.0,0.0
873," ./client -l /results/temp/quant_key.log -c false -r 20 -u  -t 3600 -v 5 -e 0xff00001d https://localhost:4443/
",client,quic_client_test_double_tp_error0,,server_return_code(1)+ivy_return_code(1),/results/temp/402/quic_client_test_double_tp_error0.iev,0.0,0.0
874," ./client -l /results/temp/quant_key.log -c false -r 20 -u  -t 3600 -v 5 -e 0xff00001d https://localhost:4443/
",client,quic_client_test_tp_error0,,server_return_code(1)+ivy_return_code(1),/results/temp/251/quic_client_test_tp_error0.iev,0.0,0.0
875," ./client -l /results/temp/quant_key.log -c false -r 20 -u  -t 3600 -v 5 -e 0xff00001d https://localhost:4443/
",client,quic_client_test_tp_limit_acticoid_error0,,server_return_code(1)+ivy_return_code(1),/results/temp/649/quic_client_test_tp_limit_acticoid_error0.iev,0.0,0.0
876," ./client -l /results/temp/quant_key.log -c false -r 20 -u  -t 3600 -v 5 -e 0xff00001d https://localhost:4443/
",client,quic_client_test_ext_min_ack_delay0,,,/results/temp/1260/quic_client_test_ext_min_ack_delay0.iev,0.0,1.0
877," ./client -l /results/temp/quant_key.log -c false -r 20 -u  -t 3600 -v 5 -e 0xff00001d https://localhost:4443/
",client,quic_client_test_max0,,ivy_return_code(127)+,/results/temp/60/quic_client_test_max0.iev,0.0,0.0
878," ./client -l /results/temp/quant_key.log -c false -r 20 -u  -t 3600 -v 5 -e 0xff00001d https://localhost:4443/
",client,,,ivy_return_code(127)+,/results/temp/392/quic_client_test_unknown0.iev,0.0,0.0
879," ./client -l /results/temp/quant_key.log -c false -r 20 -u  -t 3600 -v 5 -e 0xff00001d https://localhost:4443/
",client,quic_client_test_newcoid_zero_error0,,"ivy_return_code(1)+"""")",/results/temp/815/quic_client_test_newcoid_zero_error0.iev,0.0,0.0
880," ./client -l /results/temp/quant_key.log -c false -r 20 -u  -t 3600 -v 5 -e 0xff00001d https://localhost:4443/
",client,,,ivy_return_code(127)+,/results/temp/311/quic_client_test_unknown0.iev,0.0,0.0
881," ./client -l /results/temp/quant_key.log -c false -r 20 -u  -t 3600 -v 5 -e 0xff00001d https://localhost:4443/
",client,quic_client_test_tp_acticoid_error0,,,/results/temp/538/quic_client_test_tp_acticoid_error0.iev,0.0,1.0
882," ./client -l /results/temp/quant_key.log -c false -r 20 -u  -t 3600 -v 5 -e 0xff00001d https://localhost:4443/
",client,quic_client_test_max0,,ivy_return_code(127)+,/results/temp/41/quic_client_test_max0.iev,0.0,0.0
883," ./client -l /results/temp/quant_key.log -c false -r 20 -u  -t 3600 -v 5 -e 0xff00001d https://localhost:4443/
",client,quic_client_test_tp_acticoid_error0,,,/results/temp/596/quic_client_test_tp_acticoid_error0.iev,0.0,1.0
884," ./client -l /results/temp/quant_key.log -c false -r 20 -u  -t 3600 -v 5 -e 0xff00001d https://localhost:4443/
",client,quic_client_test_blocked_streams_maxstream_error0,,"ivy_return_code(1)+"""")",/results/temp/770/quic_client_test_blocked_streams_maxstream_error0.iev,0.0,0.0
885," ./client -l /results/temp/quant_key.log -c false -r 20 -u  -t 3600 -v 5 -e 0xff00001d https://localhost:4443/
",client,quic_client_test_newcoid_zero_error0,,"ivy_return_code(1)+"""")",/results/temp/883/quic_client_test_newcoid_zero_error0.iev,0.0,0.0
886," ./client -l /results/temp/quant_key.log -c false -r 20 -u  -t 3600 -v 5 -e 0xff00001d https://localhost:4443/
",client,quic_client_test_ext_min_ack_delay0,,,/results/temp/1237/quic_client_test_ext_min_ack_delay0.iev,0.0,1.0
887," ./client -l /results/temp/quant_key.log -c false -r 20 -u  -t 3600 -v 5 -e 0xff00001d https://localhost:4443/
",client,quic_client_test_blocked_streams_maxstream_error0,,"ivy_return_code(1)+"""")",/results/temp/777/quic_client_test_blocked_streams_maxstream_error0.iev,0.0,0.0
888," ./client -l /results/temp/quant_key.log -c false -r 20 -u  -t 3600 -v 5 -e 0xff00001d https://localhost:4443/
",client,quic_client_test_tp_error0,,server_return_code(1)+ivy_return_code(1),/results/temp/244/quic_client_test_tp_error0.iev,0.0,0.0
889," ./client -l /results/temp/quant_key.log -c false -r 20 -u  -t 3600 -v 5 -e 0xff00001d https://localhost:4443/
",client,quic_client_test_accept_maxdata0,,ivy_return_code(127)+,/results/temp/938/quic_client_test_accept_maxdata0.iev,0.0,0.0
890," ./client -l /results/temp/quant_key.log -c false -r 20 -u  -t 3600 -v 5 -e 0xff00001d https://localhost:4443/
",client,,,ivy_return_code(127)+,/results/temp/385/quic_client_test_unknown0.iev,0.0,0.0
891," ./client -l /results/temp/quant_key.log -c false -r 20 -u  -t 3600 -v 5 -e 0xff00001d https://localhost:4443/
",client,quic_client_test_double_tp_error0,,server_return_code(1)+ivy_return_code(1),/results/temp/401/quic_client_test_double_tp_error0.iev,0.0,0.0
892," ./client -l /results/temp/quant_key.log -c false -r 20 -u  -t 3600 -v 5 -e 0xff00001d https://localhost:4443/
",client,quic_client_test_tp_limit_acticoid_error0,,server_return_code(1)+ivy_return_code(1),/results/temp/646/quic_client_test_tp_limit_acticoid_error0.iev,0.0,0.0
893," ./client -l /results/temp/quant_key.log -c false -r 20 -u  -t 3600 -v 5 -e 0xff00001d https://localhost:4443/
",client,quic_client_test_no_odci0,,server_return_code(1)+ivy_return_code(1),/results/temp/1175/quic_client_test_no_odci0.iev,0.0,0.0
894," ./client -l /results/temp/quant_key.log -c false -r 20 -u  -t 3600 -v 5 -e 0xff00001d https://localhost:4443/
",client,quic_client_test_no_odci0,,server_return_code(1)+ivy_return_code(1),/results/temp/1104/quic_client_test_no_odci0.iev,0.0,0.0
895," ./client -l /results/temp/quant_key.log -c false -r 20 -u  -t 3600 -v 5 -e 0xff00001d https://localhost:4443/
",client,quic_client_test_blocked_streams_maxstream_error0,,"ivy_return_code(1)+"""")",/results/temp/709/quic_client_test_blocked_streams_maxstream_error0.iev,0.0,0.0
896," ./client -l /results/temp/quant_key.log -c false -r 20 -u  -t 3600 -v 5 -e 0xff00001d https://localhost:4443/
",client,quic_client_test_max0,,ivy_return_code(127)+,/results/temp/10/quic_client_test_max0.iev,0.0,0.0
897," ./client -l /results/temp/quant_key.log -c false -r 20 -u  -t 3600 -v 5 -e 0xff00001d https://localhost:4443/
",client,,,ivy_return_code(127)+,/results/temp/346/quic_client_test_unknown0.iev,0.0,0.0
898," ./client -l /results/temp/quant_key.log -c false -r 20 -u  -t 3600 -v 5 -e 0xff00001d https://localhost:4443/
",client,quic_client_test_max0,,ivy_return_code(127)+,/results/temp/76/quic_client_test_max0.iev,0.0,0.0
899," ./client -l /results/temp/quant_key.log -c false -r 20 -u  -t 3600 -v 5 -e 0xff00001d https://localhost:4443/
",client,quic_client_test_tp_limit_acticoid_error0,,server_return_code(1)+ivy_return_code(1),/results/temp/671/quic_client_test_tp_limit_acticoid_error0.iev,0.0,0.0
900," ./client -l /results/temp/quant_key.log -c false -r 20 -u  -t 3600 -v 5 -e 0xff00001d https://localhost:4443/
",client,quic_client_test_max0,,ivy_return_code(127)+,/results/temp/93/quic_client_test_max0.iev,0.0,0.0
901," ./client -l /results/temp/quant_key.log -c false -r 20 -u  -t 3600 -v 5 -e 0xff00001d https://localhost:4443/
",client,quic_client_test_blocked_streams_maxstream_error0,,"ivy_return_code(1)+"""")",/results/temp/762/quic_client_test_blocked_streams_maxstream_error0.iev,0.0,0.0
902," ./client -l /results/temp/quant_key.log -c false -r 20 -u  -t 3600 -v 5 -e 0xff00001d https://localhost:4443/
",client,quic_client_test_tp_acticoid_error0,,,/results/temp/552/quic_client_test_tp_acticoid_error0.iev,0.0,1.0
903," ./client -l /results/temp/quant_key.log -c false -r 20 -u  -t 3600 -v 5 -e 0xff00001d https://localhost:4443/
",client,quic_client_test_accept_maxdata0,,ivy_return_code(127)+,/results/temp/909/quic_client_test_accept_maxdata0.iev,0.0,0.0
904," ./client -l /results/temp/quant_key.log -c false -r 20 -u  -t 3600 -v 5 -e 0xff00001d https://localhost:4443/
",client,,,ivy_return_code(127)+,/results/temp/302/quic_client_test_unknown0.iev,0.0,0.0
905," ./client -l /results/temp/quant_key.log -c false -r 20 -u  -t 3600 -v 5 -e 0xff00001d https://localhost:4443/
",client,quic_client_test_double_tp_error0,,server_return_code(1)+ivy_return_code(1),/results/temp/457/quic_client_test_double_tp_error0.iev,0.0,0.0
906," ./client -l /results/temp/quant_key.log -c false -r 20 -u  -t 3600 -v 5 -e 0xff00001d https://localhost:4443/
",client,quic_client_test_tp_error0,,server_return_code(1)+ivy_return_code(1),/results/temp/278/quic_client_test_tp_error0.iev,0.0,0.0
907," ./client -l /results/temp/quant_key.log -c false -r 20 -u  -t 3600 -v 5 -e 0xff00001d https://localhost:4443/
",client,quic_client_test_tp_prefadd_error0,,server_return_code(1)+ivy_return_code(1),/results/temp/1089/quic_client_test_tp_prefadd_error0.iev,0.0,0.0
908," ./client -l /results/temp/quant_key.log -c false -r 20 -u  -t 3600 -v 5 -e 0xff00001d https://localhost:4443/
",client,quic_client_test_ext_min_ack_delay0,,,/results/temp/1209/quic_client_test_ext_min_ack_delay0.iev,0.0,1.0
909," ./client -l /results/temp/quant_key.log -c false -r 20 -u  -t 3600 -v 5 -e 0xff00001d https://localhost:4443/
",client,quic_client_test_tp_limit_acticoid_error0,,server_return_code(1)+ivy_return_code(1),/results/temp/657/quic_client_test_tp_limit_acticoid_error0.iev,0.0,0.0
910," ./client -l /results/temp/quant_key.log -c false -r 20 -u  -t 3600 -v 5 -e 0xff00001d https://localhost:4443/
",client,quic_client_test_accept_maxdata0,,ivy_return_code(127)+,/results/temp/966/quic_client_test_accept_maxdata0.iev,0.0,0.0
911," ./client -l /results/temp/quant_key.log -c false -r 20 -u  -t 3600 -v 5 -e 0xff00001d https://localhost:4443/
",client,quic_client_test_no_odci0,,server_return_code(1)+ivy_return_code(1),/results/temp/1113/quic_client_test_no_odci0.iev,0.0,0.0
912," ./client -l /results/temp/quant_key.log -c false -r 20 -u  -t 3600 -v 5 -e 0xff00001d https://localhost:4443/
",client,quic_client_test_blocked_streams_maxstream_error0,,"ivy_return_code(1)+"""")",/results/temp/791/quic_client_test_blocked_streams_maxstream_error0.iev,0.0,0.0
913," ./client -l /results/temp/quant_key.log -c false -r 20 -u  -t 3600 -v 5 -e 0xff00001d https://localhost:4443/
",client,quic_client_test_blocked_streams_maxstream_error0,,"ivy_return_code(1)+"""")",/results/temp/792/quic_client_test_blocked_streams_maxstream_error0.iev,0.0,0.0
914," ./client -l /results/temp/quant_key.log -c false -r 20 -u  -t 3600 -v 5 -e 0xff00001d https://localhost:4443/
",client,quic_client_test_ext_min_ack_delay0,,,/results/temp/1236/quic_client_test_ext_min_ack_delay0.iev,0.0,1.0
915," ./client -l /results/temp/quant_key.log -c false -r 20 -u  -t 3600 -v 5 -e 0xff00001d https://localhost:4443/
",client,quic_client_test_tp_limit_acticoid_error0,,server_return_code(1)+ivy_return_code(1),/results/temp/681/quic_client_test_tp_limit_acticoid_error0.iev,0.0,0.0
916," ./client -l /results/temp/quant_key.log -c false -r 20 -u  -t 3600 -v 5 -e 0xff00001d https://localhost:4443/
",client,quic_client_test_tp_error0,,server_return_code(1)+ivy_return_code(1),/results/temp/291/quic_client_test_tp_error0.iev,0.0,0.0
917," ./client -l /results/temp/quant_key.log -c false -r 20 -u  -t 3600 -v 5 -e 0xff00001d https://localhost:4443/
",client,quic_client_test_tp_limit_acticoid_error0,,"ivy_return_code(1)+"""")",/results/temp/683/quic_client_test_tp_limit_acticoid_error0.iev,0.0,0.0
918," ./client -l /results/temp/quant_key.log -c false -r 20 -u  -t 3600 -v 5 -e 0xff00001d https://localhost:4443/
",client,quic_client_test_tp_acticoid_error0,,,/results/temp/524/quic_client_test_tp_acticoid_error0.iev,0.0,1.0
919," ./client -l /results/temp/quant_key.log -c false -r 20 -u  -t 3600 -v 5 -e 0xff00001d https://localhost:4443/
",client,quic_client_test_tp_prefadd_error0,,server_return_code(1)+ivy_return_code(1),/results/temp/1085/quic_client_test_tp_prefadd_error0.iev,0.0,0.0
920," ./client -l /results/temp/quant_key.log -c false -r 20 -u  -t 3600 -v 5 -e 0xff00001d https://localhost:4443/
",client,quic_client_test_tp_prefadd_error0,,server_return_code(1)+ivy_return_code(1),/results/temp/1064/quic_client_test_tp_prefadd_error0.iev,0.0,0.0
921," ./client -l /results/temp/quant_key.log -c false -r 20 -u  -t 3600 -v 5 -e 0xff00001d https://localhost:4443/
",client,quic_client_test_newcoid_zero_error0,,"ivy_return_code(1)+"""")",/results/temp/894/quic_client_test_newcoid_zero_error0.iev,0.0,0.0
922," ./client -l /results/temp/quant_key.log -c false -r 20 -u  -t 3600 -v 5 -e 0xff00001d https://localhost:4443/
",client,quic_client_test_tp_error0,,server_return_code(1)+ivy_return_code(1),/results/temp/283/quic_client_test_tp_error0.iev,0.0,0.0
923," ./client -l /results/temp/quant_key.log -c false -r 20 -u  -t 3600 -v 5 -e 0xff00001d https://localhost:4443/
",client,quic_client_test_ext_min_ack_delay0,,,/results/temp/1250/quic_client_test_ext_min_ack_delay0.iev,0.0,1.0
924," ./client -l /results/temp/quant_key.log -c false -r 20 -u  -t 3600 -v 5 -e 0xff00001d https://localhost:4443/
",client,quic_client_test_no_odci0,,server_return_code(1)+ivy_return_code(1),/results/temp/1178/quic_client_test_no_odci0.iev,0.0,0.0
925," ./client -l /results/temp/quant_key.log -c false -r 20 -u  -t 3600 -v 5 -e 0xff00001d https://localhost:4443/
",client,quic_client_test_ext_min_ack_delay0,,,/results/temp/1234/quic_client_test_ext_min_ack_delay0.iev,0.0,1.0
926," ./client -l /results/temp/quant_key.log -c false -r 20 -u  -t 3600 -v 5 -e 0xff00001d https://localhost:4443/
",client,quic_client_test_max0,,ivy_return_code(127)+,/results/temp/27/quic_client_test_max0.iev,0.0,0.0
927," ./client -l /results/temp/quant_key.log -c false -r 20 -u  -t 3600 -v 5 -e 0xff00001d https://localhost:4443/
",client,quic_client_test_blocked_streams_maxstream_error0,,"ivy_return_code(1)+"""")",/results/temp/795/quic_client_test_blocked_streams_maxstream_error0.iev,0.0,0.0
928," ./client -l /results/temp/quant_key.log -c false -r 20 -u  -t 3600 -v 5 -e 0xff00001d https://localhost:4443/
",client,quic_client_test_newcoid_zero_error0,,"ivy_return_code(1)+"""")",/results/temp/870/quic_client_test_newcoid_zero_error0.iev,0.0,0.0
929," ./client -l /results/temp/quant_key.log -c false -r 20 -u  -t 3600 -v 5 -e 0xff00001d https://localhost:4443/
",client,quic_client_test_tp_error0,,"ivy_return_code(1)+"""")",/results/temp/281/quic_client_test_tp_error0.iev,0.0,0.0
930," ./client -l /results/temp/quant_key.log -c false -r 20 -u  -t 3600 -v 5 -e 0xff00001d https://localhost:4443/
",client,quic_client_test_tp_limit_acticoid_error0,,"ivy_return_code(1)+"""")",/results/temp/631/quic_client_test_tp_limit_acticoid_error0.iev,0.0,0.0
931," ./client -l /results/temp/quant_key.log -c false -r 20 -u  -t 3600 -v 5 -e 0xff00001d https://localhost:4443/
",client,quic_client_test_tp_prefadd_error0,,server_return_code(1)+ivy_return_code(1),/results/temp/1098/quic_client_test_tp_prefadd_error0.iev,0.0,0.0
932," ./client -l /results/temp/quant_key.log -c false -r 20 -u  -t 3600 -v 5 -e 0xff00001d https://localhost:4443/
",client,quic_client_test_blocked_streams_maxstream_error0,,"ivy_return_code(1)+"""")",/results/temp/737/quic_client_test_blocked_streams_maxstream_error0.iev,0.0,0.0
933," ./client -l /results/temp/quant_key.log -c false -r 20 -u  -t 3600 -v 5 -e 0xff00001d https://localhost:4443/
",client,quic_client_test_tp_error0,,server_return_code(1)+ivy_return_code(1),/results/temp/258/quic_client_test_tp_error0.iev,0.0,0.0
934," ./client -l /results/temp/quant_key.log -c false -r 20 -u  -t 3600 -v 5 -e 0xff00001d https://localhost:4443/
",client,quic_client_test_no_odci0,,server_return_code(1)+ivy_return_code(1),/results/temp/1101/quic_client_test_no_odci0.iev,0.0,0.0
935," ./client -l /results/temp/quant_key.log -c false -r 20 -u  -t 3600 -v 5 -e 0xff00001d https://localhost:4443/
",client,,,ivy_return_code(127)+,/results/temp/377/quic_client_test_unknown0.iev,0.0,0.0
936," ./client -l /results/temp/quant_key.log -c false -r 20 -u  -t 3600 -v 5 -e 0xff00001d https://localhost:4443/
",client,quic_client_test_accept_maxdata0,,ivy_return_code(127)+,/results/temp/929/quic_client_test_accept_maxdata0.iev,0.0,0.0
937," ./client -l /results/temp/quant_key.log -c false -r 20 -u  -t 3600 -v 5 -e 0xff00001d https://localhost:4443/
",client,quic_client_test_tp_error0,,server_return_code(1)+ivy_return_code(1),/results/temp/273/quic_client_test_tp_error0.iev,0.0,0.0
938," ./client -l /results/temp/quant_key.log -c false -r 20 -u  -t 3600 -v 5 -e 0xff00001d https://localhost:4443/
",client,quic_client_test_blocked_streams_maxstream_error0,,"ivy_return_code(1)+"""")",/results/temp/784/quic_client_test_blocked_streams_maxstream_error0.iev,0.0,0.0
939," ./client -l /results/temp/quant_key.log -c false -r 20 -u  -t 3600 -v 5 -e 0xff00001d https://localhost:4443/
",client,quic_client_test_tp_prefadd_error0,,server_return_code(1)+ivy_return_code(1),/results/temp/1041/quic_client_test_tp_prefadd_error0.iev,0.0,0.0
940," ./client -l /results/temp/quant_key.log -c false -r 20 -u  -t 3600 -v 5 -e 0xff00001d https://localhost:4443/
",client,quic_client_test_double_tp_error0,,server_return_code(1)+ivy_return_code(1),/results/temp/423/quic_client_test_double_tp_error0.iev,0.0,0.0
941," ./client -l /results/temp/quant_key.log -c false -r 20 -u  -t 3600 -v 5 -e 0xff00001d https://localhost:4443/
",client,quic_client_test_blocked_streams_maxstream_error0,,"ivy_return_code(1)+"""")",/results/temp/754/quic_client_test_blocked_streams_maxstream_error0.iev,0.0,0.0
942," ./client -l /results/temp/quant_key.log -c false -r 20 -u  -t 3600 -v 5 -e 0xff00001d https://localhost:4443/
",client,quic_client_test_tp_error0,,server_return_code(1)+ivy_return_code(1),/results/temp/225/quic_client_test_tp_error0.iev,0.0,0.0
943," ./client -l /results/temp/quant_key.log -c false -r 20 -u  -t 3600 -v 5 -e 0xff00001d https://localhost:4443/
",client,quic_client_test_double_tp_error0,,server_return_code(1)+ivy_return_code(1),/results/temp/466/quic_client_test_double_tp_error0.iev,0.0,0.0
944," ./client -l /results/temp/quant_key.log -c false -r 20 -u  -t 3600 -v 5 -e 0xff00001d https://localhost:4443/
",client,quic_client_test_no_odci0,,server_return_code(1)+ivy_return_code(1),/results/temp/1197/quic_client_test_no_odci0.iev,0.0,0.0
945," ./client -l /results/temp/quant_key.log -c false -r 20 -u  -t 3600 -v 5 -e 0xff00001d https://localhost:4443/
",client,quic_client_test_tp_prefadd_error0,,server_return_code(1)+ivy_return_code(1),/results/temp/1050/quic_client_test_tp_prefadd_error0.iev,0.0,0.0
946," ./client -l /results/temp/quant_key.log -c false -r 20 -u  -t 3600 -v 5 -e 0xff00001d https://localhost:4443/
",client,quic_client_test_blocked_streams_maxstream_error0,,"ivy_return_code(1)+"""")",/results/temp/733/quic_client_test_blocked_streams_maxstream_error0.iev,0.0,0.0
947," ./client -l /results/temp/quant_key.log -c false -r 20 -u  -t 3600 -v 5 -e 0xff00001d https://localhost:4443/
",client,quic_client_test_blocked_streams_maxstream_error0,,"ivy_return_code(1)+"""")",/results/temp/755/quic_client_test_blocked_streams_maxstream_error0.iev,0.0,0.0
948," ./client -l /results/temp/quant_key.log -c false -r 20 -u  -t 3600 -v 5 -e 0xff00001d https://localhost:4443/
",client,quic_client_test_tp_prefadd_error0,,server_return_code(1)+ivy_return_code(1),/results/temp/1020/quic_client_test_tp_prefadd_error0.iev,0.0,0.0
949," ./client -l /results/temp/quant_key.log -c false -r 20 -u  -t 3600 -v 5 -e 0xff00001d https://localhost:4443/
",client,quic_client_test_tp_limit_acticoid_error0,,server_return_code(1)+ivy_return_code(1),/results/temp/652/quic_client_test_tp_limit_acticoid_error0.iev,0.0,0.0
950," ./client -l /results/temp/quant_key.log -c false -r 20 -u  -t 3600 -v 5 -e 0xff00001d https://localhost:4443/
",client,quic_client_test_tp_limit_acticoid_error0,,server_return_code(1)+ivy_return_code(1),/results/temp/641/quic_client_test_tp_limit_acticoid_error0.iev,0.0,0.0
951," ./client -l /results/temp/quant_key.log -c false -r 20 -u  -t 3600 -v 5 -e 0xff00001d https://localhost:4443/
",client,quic_client_test_double_tp_error0,,server_return_code(1)+ivy_return_code(1),/results/temp/448/quic_client_test_double_tp_error0.iev,0.0,0.0
952," ./client -l /results/temp/quant_key.log -c false -r 20 -u  -t 3600 -v 5 -e 0xff00001d https://localhost:4443/
",client,quic_client_test_accept_maxdata0,,ivy_return_code(127)+,/results/temp/931/quic_client_test_accept_maxdata0.iev,0.0,0.0
953," ./client -l /results/temp/quant_key.log -c false -r 20 -u  -t 3600 -v 5 -e 0xff00001d https://localhost:4443/
",client,quic_client_test_no_odci0,,server_return_code(1)+ivy_return_code(1),/results/temp/1163/quic_client_test_no_odci0.iev,0.0,0.0
954," ./client -l /results/temp/quant_key.log -c false -r 20 -u  -t 3600 -v 5 -e 0xff00001d https://localhost:4443/
",client,quic_client_test_max0,,ivy_return_code(127)+,/results/temp/29/quic_client_test_max0.iev,0.0,0.0
955," ./client -l /results/temp/quant_key.log -c false -r 20 -u  -t 3600 -v 5 -e 0xff00001d https://localhost:4443/
",client,quic_client_test_tp_limit_acticoid_error0,,server_return_code(1)+ivy_return_code(1),/results/temp/676/quic_client_test_tp_limit_acticoid_error0.iev,0.0,0.0
956," ./client -l /results/temp/quant_key.log -c false -r 20 -u  -t 3600 -v 5 -e 0xff00001d https://localhost:4443/
",client,quic_client_test_tp_acticoid_error0,,,/results/temp/531/quic_client_test_tp_acticoid_error0.iev,0.0,1.0
957," ./client -l /results/temp/quant_key.log -c false -r 20 -u  -t 3600 -v 5 -e 0xff00001d https://localhost:4443/
",client,quic_client_test_tp_error0,,"ivy_return_code(1)+"""")",/results/temp/219/quic_client_test_tp_error0.iev,0.0,0.0
958," ./client -l /results/temp/quant_key.log -c false -r 20 -u  -t 3600 -v 5 -e 0xff00001d https://localhost:4443/
",client,quic_client_test_tp_error0,,server_return_code(1)+ivy_return_code(1),/results/temp/287/quic_client_test_tp_error0.iev,0.0,0.0
959," ./client -l /results/temp/quant_key.log -c false -r 20 -u  -t 3600 -v 5 -e 0xff00001d https://localhost:4443/
",client,quic_client_test_blocked_streams_maxstream_error0,,"ivy_return_code(1)+"""")",/results/temp/778/quic_client_test_blocked_streams_maxstream_error0.iev,0.0,0.0
960," ./client -l /results/temp/quant_key.log -c false -r 20 -u  -t 3600 -v 5 -e 0xff00001d https://localhost:4443/
",client,quic_client_test_tp_error0,,server_return_code(1)+ivy_return_code(1),/results/temp/263/quic_client_test_tp_error0.iev,0.0,0.0
961," ./client -l /results/temp/quant_key.log -c false -r 20 -u  -t 3600 -v 5 -e 0xff00001d https://localhost:4443/
",client,quic_client_test_tp_error0,,server_return_code(1)+ivy_return_code(1),/results/temp/249/quic_client_test_tp_error0.iev,0.0,0.0
962," ./client -l /results/temp/quant_key.log -c false -r 20 -u  -t 3600 -v 5 -e 0xff00001d https://localhost:4443/
",client,quic_client_test_accept_maxdata0,,ivy_return_code(127)+,/results/temp/941/quic_client_test_accept_maxdata0.iev,0.0,0.0
963," ./client -l /results/temp/quant_key.log -c false -r 20 -u  -t 3600 -v 5 -e 0xff00001d https://localhost:4443/
",client,,,ivy_return_code(127)+,/results/temp/394/quic_client_test_unknown0.iev,0.0,0.0
964," ./client -l /results/temp/quant_key.log -c false -r 20 -u  -t 3600 -v 5 -e 0xff00001d https://localhost:4443/
",client,quic_client_test_double_tp_error0,,server_return_code(1)+ivy_return_code(1),/results/temp/445/quic_client_test_double_tp_error0.iev,0.0,0.0
965," ./client -l /results/temp/quant_key.log -c false -r 20 -u  -t 3600 -v 5 -e 0xff00001d https://localhost:4443/
",client,quic_client_test_newcoid_zero_error0,,"ivy_return_code(1)+"""")",/results/temp/823/quic_client_test_newcoid_zero_error0.iev,0.0,0.0
966," ./client -l /results/temp/quant_key.log -c false -r 20 -u  -t 3600 -v 5 -e 0xff00001d https://localhost:4443/
",client,quic_client_test_tp_acticoid_error0,,,/results/temp/586/quic_client_test_tp_acticoid_error0.iev,0.0,1.0
967," ./client -l /results/temp/quant_key.log -c false -r 20 -u  -t 3600 -v 5 -e 0xff00001d https://localhost:4443/
",client,quic_client_test_accept_maxdata0,,ivy_return_code(127)+,/results/temp/926/quic_client_test_accept_maxdata0.iev,0.0,0.0
968," ./client -l /results/temp/quant_key.log -c false -r 20 -u  -t 3600 -v 5 -e 0xff00001d https://localhost:4443/
",client,quic_client_test_blocked_streams_maxstream_error0,,"ivy_return_code(1)+"""")",/results/temp/763/quic_client_test_blocked_streams_maxstream_error0.iev,0.0,0.0
969," ./client -l /results/temp/quant_key.log -c false -r 20 -u  -t 3600 -v 5 -e 0xff00001d https://localhost:4443/
",client,quic_client_test_blocked_streams_maxstream_error0,,"ivy_return_code(1)+"""")",/results/temp/735/quic_client_test_blocked_streams_maxstream_error0.iev,0.0,0.0
970," ./client -l /results/temp/quant_key.log -c false -r 20 -u  -t 3600 -v 5 -e 0xff00001d https://localhost:4443/
",client,quic_client_test_tp_limit_acticoid_error0,,server_return_code(1)+ivy_return_code(1),/results/temp/656/quic_client_test_tp_limit_acticoid_error0.iev,0.0,0.0
971," ./client -l /results/temp/quant_key.log -c false -r 20 -u  -t 3600 -v 5 -e 0xff00001d https://localhost:4443/
",client,,,ivy_return_code(127)+,/results/temp/396/quic_client_test_unknown0.iev,0.0,0.0
972," ./client -l /results/temp/quant_key.log -c false -r 20 -u  -t 3600 -v 5 -e 0xff00001d https://localhost:4443/
",client,quic_client_test_blocked_streams_maxstream_error0,,"ivy_return_code(1)+"""")",/results/temp/753/quic_client_test_blocked_streams_maxstream_error0.iev,0.0,0.0
973," ./client -l /results/temp/quant_key.log -c false -r 20 -u  -t 3600 -v 5 -e 0xff00001d https://localhost:4443/
",client,quic_client_test_blocked_streams_maxstream_error0,,"ivy_return_code(1)+"""")",/results/temp/769/quic_client_test_blocked_streams_maxstream_error0.iev,0.0,0.0
974," ./client -l /results/temp/quant_key.log -c false -r 20 -u  -t 3600 -v 5 -e 0xff00001d https://localhost:4443/
",client,,,ivy_return_code(127)+,/results/temp/398/quic_client_test_unknown0.iev,0.0,0.0
975," ./client -l /results/temp/quant_key.log -c false -r 20 -u  -t 3600 -v 5 -e 0xff00001d https://localhost:4443/
",client,quic_client_test_max0,,ivy_return_code(127)+,/results/temp/19/quic_client_test_max0.iev,0.0,0.0
976," ./client -l /results/temp/quant_key.log -c false -r 20 -u  -t 3600 -v 5 -e 0xff00001d https://localhost:4443/
",client,quic_client_test_tp_acticoid_error0,,,/results/temp/537/quic_client_test_tp_acticoid_error0.iev,0.0,1.0
977," ./client -l /results/temp/quant_key.log -c false -r 20 -u  -t 3600 -v 5 -e 0xff00001d https://localhost:4443/
",client,,,ivy_return_code(127)+,/results/temp/301/quic_client_test_unknown0.iev,0.0,0.0
978," ./client -l /results/temp/quant_key.log -c false -r 20 -u  -t 3600 -v 5 -e 0xff00001d https://localhost:4443/
",client,quic_client_test_max0,,ivy_return_code(127)+,/results/temp/39/quic_client_test_max0.iev,0.0,0.0
979," ./client -l /results/temp/quant_key.log -c false -r 20 -u  -t 3600 -v 5 -e 0xff00001d https://localhost:4443/
",client,quic_client_test_tp_prefadd_error0,,server_return_code(1)+ivy_return_code(1),/results/temp/1013/quic_client_test_tp_prefadd_error0.iev,0.0,0.0
980," ./client -l /results/temp/quant_key.log -c false -r 20 -u  -t 3600 -v 5 -e 0xff00001d https://localhost:4443/
",client,quic_client_test_newcoid_zero_error0,,"ivy_return_code(1)+"""")",/results/temp/851/quic_client_test_newcoid_zero_error0.iev,0.0,0.0
981," ./client -l /results/temp/quant_key.log -c false -r 20 -u  -t 3600 -v 5 -e 0xff00001d https://localhost:4443/
",client,quic_client_test_blocked_streams_maxstream_error0,,"ivy_return_code(1)+"""")",/results/temp/783/quic_client_test_blocked_streams_maxstream_error0.iev,0.0,0.0
982," ./client -l /results/temp/quant_key.log -c false -r 20 -u  -t 3600 -v 5 -e 0xff00001d https://localhost:4443/
",client,quic_client_test_tp_acticoid_error0,,,/results/temp/567/quic_client_test_tp_acticoid_error0.iev,0.0,1.0
983," ./client -l /results/temp/quant_key.log -c false -r 20 -u  -t 3600 -v 5 -e 0xff00001d https://localhost:4443/
",client,quic_client_test_accept_maxdata0,,ivy_return_code(127)+,/results/temp/942/quic_client_test_accept_maxdata0.iev,0.0,0.0
984," ./client -l /results/temp/quant_key.log -c false -r 20 -u  -t 3600 -v 5 -e 0xff00001d https://localhost:4443/
",client,quic_client_test_tp_error0,,server_return_code(1)+ivy_return_code(1),/results/temp/292/quic_client_test_tp_error0.iev,0.0,0.0
985," ./client -l /results/temp/quant_key.log -c false -r 20 -u  -t 3600 -v 5 -e 0xff00001d https://localhost:4443/
",client,quic_client_test_newcoid_zero_error0,,"ivy_return_code(1)+"""")",/results/temp/846/quic_client_test_newcoid_zero_error0.iev,0.0,0.0
986," ./client -l /results/temp/quant_key.log -c false -r 20 -u  -t 3600 -v 5 -e 0xff00001d https://localhost:4443/
",client,quic_client_test_blocked_streams_maxstream_error0,,"ivy_return_code(1)+"""")",/results/temp/741/quic_client_test_blocked_streams_maxstream_error0.iev,0.0,0.0
987," ./client -l /results/temp/quant_key.log -c false -r 20 -u  -t 3600 -v 5 -e 0xff00001d https://localhost:4443/
",client,quic_client_test_ext_min_ack_delay0,,,/results/temp/1243/quic_client_test_ext_min_ack_delay0.iev,0.0,1.0
988," ./client -l /results/temp/quant_key.log -c false -r 20 -u  -t 3600 -v 5 -e 0xff00001d https://localhost:4443/
",client,,,ivy_return_code(127)+,/results/temp/359/quic_client_test_unknown0.iev,0.0,0.0
989," ./client -l /results/temp/quant_key.log -c false -r 20 -u  -t 3600 -v 5 -e 0xff00001d https://localhost:4443/
",client,quic_client_test_double_tp_error0,,server_return_code(1)+ivy_return_code(1),/results/temp/404/quic_client_test_double_tp_error0.iev,0.0,0.0
990," ./client -l /results/temp/quant_key.log -c false -r 20 -u  -t 3600 -v 5 -e 0xff00001d https://localhost:4443/
",client,quic_client_test_accept_maxdata0,,ivy_return_code(127)+,/results/temp/964/quic_client_test_accept_maxdata0.iev,0.0,0.0
991," ./client -l /results/temp/quant_key.log -c false -r 20 -u  -t 3600 -v 5 -e 0xff00001d https://localhost:4443/
",client,quic_client_test_no_odci0,,server_return_code(1)+ivy_return_code(1),/results/temp/1100/quic_client_test_no_odci0.iev,0.0,0.0
992," ./client -l /results/temp/quant_key.log -c false -r 20 -u  -t 3600 -v 5 -e 0xff00001d https://localhost:4443/
",client,quic_client_test_blocked_streams_maxstream_error0,,"ivy_return_code(1)+"""")",/results/temp/781/quic_client_test_blocked_streams_maxstream_error0.iev,0.0,0.0
993," ./client -l /results/temp/quant_key.log -c false -r 20 -u  -t 3600 -v 5 -e 0xff00001d https://localhost:4443/
",client,quic_client_test_accept_maxdata0,,ivy_return_code(127)+,/results/temp/996/quic_client_test_accept_maxdata0.iev,0.0,0.0
994," ./client -l /results/temp/quant_key.log -c false -r 20 -u  -t 3600 -v 5 -e 0xff00001d https://localhost:4443/
",client,quic_client_test_tp_limit_acticoid_error0,,server_return_code(1)+ivy_return_code(1),/results/temp/659/quic_client_test_tp_limit_acticoid_error0.iev,0.0,0.0
995," ./client -l /results/temp/quant_key.log -c false -r 20 -u  -t 3600 -v 5 -e 0xff00001d https://localhost:4443/
",client,quic_client_test_tp_acticoid_error0,,,/results/temp/582/quic_client_test_tp_acticoid_error0.iev,0.0,1.0
996," ./client -l /results/temp/quant_key.log -c false -r 20 -u  -t 3600 -v 5 -e 0xff00001d https://localhost:4443/
",client,quic_client_test_max0,,ivy_return_code(127)+,/results/temp/5/quic_client_test_max0.iev,0.0,0.0
997," ./client -l /results/temp/quant_key.log -c false -r 20 -u  -t 3600 -v 5 -e 0xff00001d https://localhost:4443/
",client,quic_client_test_ext_min_ack_delay0,,,/results/temp/1275/quic_client_test_ext_min_ack_delay0.iev,0.0,1.0
998," ./client -l /results/temp/quant_key.log -c false -r 20 -u  -t 3600 -v 5 -e 0xff00001d https://localhost:4443/
",client,quic_client_test_no_odci0,,server_return_code(1)+ivy_return_code(1),/results/temp/1125/quic_client_test_no_odci0.iev,0.0,0.0
999," ./client -l /results/temp/quant_key.log -c false -r 20 -u  -t 3600 -v 5 -e 0xff00001d https://localhost:4443/
",client,quic_client_test_double_tp_error0,,server_return_code(1)+ivy_return_code(1),/results/temp/426/quic_client_test_double_tp_error0.iev,0.0,0.0
1000," ./client -l /results/temp/quant_key.log -c false -r 20 -u  -t 3600 -v 5 -e 0xff00001d https://localhost:4443/
",client,quic_client_test_tp_acticoid_error0,,,/results/temp/555/quic_client_test_tp_acticoid_error0.iev,0.0,1.0
1001," ./client -l /results/temp/quant_key.log -c false -r 20 -u  -t 3600 -v 5 -e 0xff00001d https://localhost:4443/
",client,quic_client_test_blocked_streams_maxstream_error0,,"ivy_return_code(1)+"""")",/results/temp/786/quic_client_test_blocked_streams_maxstream_error0.iev,0.0,0.0
1002," ./client -l /results/temp/quant_key.log -c false -r 20 -u  -t 3600 -v 5 -e 0xff00001d https://localhost:4443/
",client,quic_client_test_tp_error0,,"ivy_return_code(1)+"""")",/results/temp/204/quic_client_test_tp_error0.iev,0.0,0.0
1003," ./client -l /results/temp/quant_key.log -c false -r 20 -u  -t 3600 -v 5 -e 0xff00001d https://localhost:4443/
",client,quic_client_test_tp_error0,,"ivy_return_code(1)+"""")",/results/temp/254/quic_client_test_tp_error0.iev,0.0,0.0
1004," ./client -l /results/temp/quant_key.log -c false -r 20 -u  -t 3600 -v 5 -e 0xff00001d https://localhost:4443/
",client,quic_client_test_tp_error0,,server_return_code(1)+ivy_return_code(1),/results/temp/252/quic_client_test_tp_error0.iev,0.0,0.0
1005," ./client -l /results/temp/quant_key.log -c false -r 20 -u  -t 3600 -v 5 -e 0xff00001d https://localhost:4443/
",client,quic_client_test_ext_min_ack_delay0,,,/results/temp/1287/quic_client_test_ext_min_ack_delay0.iev,0.0,1.0
1006," ./client -l /results/temp/quant_key.log -c false -r 20 -u  -t 3600 -v 5 -e 0xff00001d https://localhost:4443/
",client,quic_client_test_max0,,ivy_return_code(127)+,/results/temp/42/quic_client_test_max0.iev,0.0,0.0
1007," ./client -l /results/temp/quant_key.log -c false -r 20 -u  -t 3600 -v 5 -e 0xff00001d https://localhost:4443/
",client,,,ivy_return_code(127)+,/results/temp/361/quic_client_test_unknown0.iev,0.0,0.0
1008," ./client -l /results/temp/quant_key.log -c false -r 20 -u  -t 3600 -v 5 -e 0xff00001d https://localhost:4443/
",client,quic_client_test_ext_min_ack_delay0,,,/results/temp/1297/quic_client_test_ext_min_ack_delay0.iev,0.0,1.0
1009," ./client -l /results/temp/quant_key.log -c false -r 20 -u  -t 3600 -v 5 -e 0xff00001d https://localhost:4443/
",client,quic_client_test_tp_prefadd_error0,,server_return_code(1)+ivy_return_code(1),/results/temp/1060/quic_client_test_tp_prefadd_error0.iev,0.0,0.0
1010," ./client -l /results/temp/quant_key.log -c false -r 20 -u  -t 3600 -v 5 -e 0xff00001d https://localhost:4443/
",client,quic_client_test_tp_prefadd_error0,,"ivy_return_code(1)+"""")",/results/temp/1025/quic_client_test_tp_prefadd_error0.iev,0.0,0.0
1011," ./client -l /results/temp/quant_key.log -c false -r 20 -u  -t 3600 -v 5 -e 0xff00001d https://localhost:4443/
",client,quic_client_test_double_tp_error0,,server_return_code(1)+ivy_return_code(1),/results/temp/444/quic_client_test_double_tp_error0.iev,0.0,0.0
1012," ./client -l /results/temp/quant_key.log -c false -r 20 -u  -t 3600 -v 5 -e 0xff00001d https://localhost:4443/
",client,quic_client_test_blocked_streams_maxstream_error0,,"ivy_return_code(1)+"""")",/results/temp/776/quic_client_test_blocked_streams_maxstream_error0.iev,0.0,0.0
1013," ./client -l /results/temp/quant_key.log -c false -r 20 -u  -t 3600 -v 5 -e 0xff00001d https://localhost:4443/
",client,quic_client_test_tp_prefadd_error0,,"ivy_return_code(1)+"""")",/results/temp/1063/quic_client_test_tp_prefadd_error0.iev,0.0,0.0
1014," ./client -l /results/temp/quant_key.log -c false -r 20 -u  -t 3600 -v 5 -e 0xff00001d https://localhost:4443/
",client,quic_client_test_ext_min_ack_delay0,,,/results/temp/1264/quic_client_test_ext_min_ack_delay0.iev,0.0,1.0
1015," ./client -l /results/temp/quant_key.log -c false -r 20 -u  -t 3600 -v 5 -e 0xff00001d https://localhost:4443/
",client,quic_client_test_tp_limit_acticoid_error0,,server_return_code(134)+ivy_return_code(1),/results/temp/693/quic_client_test_tp_limit_acticoid_error0.iev,0.0,0.0
1016," ./client -l /results/temp/quant_key.log -c false -r 20 -u  -t 3600 -v 5 -e 0xff00001d https://localhost:4443/
",client,quic_client_test_max0,,ivy_return_code(127)+,/results/temp/69/quic_client_test_max0.iev,0.0,0.0
1017," ./client -l /results/temp/quant_key.log -c false -r 20 -u  -t 3600 -v 5 -e 0xff00001d https://localhost:4443/
",client,quic_client_test_no_odci0,,server_return_code(1)+ivy_return_code(1),/results/temp/1136/quic_client_test_no_odci0.iev,0.0,0.0
1018," ./client -l /results/temp/quant_key.log -c false -r 20 -u  -t 3600 -v 5 -e 0xff00001d https://localhost:4443/
",client,quic_client_test_newcoid_zero_error0,,"ivy_return_code(1)+"""")",/results/temp/821/quic_client_test_newcoid_zero_error0.iev,0.0,0.0
1019," ./client -l /results/temp/quant_key.log -c false -r 20 -u  -t 3600 -v 5 -e 0xff00001d https://localhost:4443/
",client,quic_client_test_max0,,ivy_return_code(127)+,/results/temp/86/quic_client_test_max0.iev,0.0,0.0
1020," ./client -l /results/temp/quant_key.log -c false -r 20 -u  -t 3600 -v 5 -e 0xff00001d https://localhost:4443/
",client,quic_client_test_accept_maxdata0,,ivy_return_code(127)+,/results/temp/984/quic_client_test_accept_maxdata0.iev,0.0,0.0
1021," ./client -l /results/temp/quant_key.log -c false -r 20 -u  -t 3600 -v 5 -e 0xff00001d https://localhost:4443/
",client,quic_client_test_tp_limit_acticoid_error0,,server_return_code(1)+ivy_return_code(1),/results/temp/612/quic_client_test_tp_limit_acticoid_error0.iev,0.0,0.0
1022," ./client -l /results/temp/quant_key.log -c false -r 20 -u  -t 3600 -v 5 -e 0xff00001d https://localhost:4443/
",client,quic_client_test_tp_error0,,server_return_code(1)+ivy_return_code(1),/results/temp/271/quic_client_test_tp_error0.iev,0.0,0.0
1023," ./client -l /results/temp/quant_key.log -c false -r 20 -u  -t 3600 -v 5 -e 0xff00001d https://localhost:4443/
",client,quic_client_test_tp_limit_acticoid_error0,,server_return_code(1)+ivy_return_code(1),/results/temp/617/quic_client_test_tp_limit_acticoid_error0.iev,0.0,0.0
1024," ./client -l /results/temp/quant_key.log -c false -r 20 -u  -t 3600 -v 5 -e 0xff00001d https://localhost:4443/
",client,quic_client_test_max0,,ivy_return_code(127)+,/results/temp/55/quic_client_test_max0.iev,0.0,0.0
1025," ./client -l /results/temp/quant_key.log -c false -r 20 -u  -t 3600 -v 5 -e 0xff00001d https://localhost:4443/
",client,quic_client_test_ext_min_ack_delay0,,,/results/temp/1259/quic_client_test_ext_min_ack_delay0.iev,0.0,1.0
1026," ./client -l /results/temp/quant_key.log -c false -r 20 -u  -t 3600 -v 5 -e 0xff00001d https://localhost:4443/
",client,quic_client_test_tp_limit_acticoid_error0,,server_return_code(1)+ivy_return_code(1),/results/temp/625/quic_client_test_tp_limit_acticoid_error0.iev,0.0,0.0
1027," ./client -l /results/temp/quant_key.log -c false -r 20 -u  -t 3600 -v 5 -e 0xff00001d https://localhost:4443/
",client,quic_client_test_max0,,ivy_return_code(127)+,/results/temp/83/quic_client_test_max0.iev,0.0,0.0
1028," ./client -l /results/temp/quant_key.log -c false -r 20 -u  -t 3600 -v 5 -e 0xff00001d https://localhost:4443/
",client,quic_client_test_double_tp_error0,,server_return_code(1)+ivy_return_code(1),/results/temp/492/quic_client_test_double_tp_error0.iev,0.0,0.0
1029," ./client -l /results/temp/quant_key.log -c false -r 20 -u  -t 3600 -v 5 -e 0xff00001d https://localhost:4443/
",client,quic_client_test_ext_min_ack_delay0,,,/results/temp/1286/quic_client_test_ext_min_ack_delay0.iev,0.0,1.0
1030," ./client -l /results/temp/quant_key.log -c false -r 20 -u  -t 3600 -v 5 -e 0xff00001d https://localhost:4443/
",client,quic_client_test_tp_limit_acticoid_error0,,server_return_code(1)+ivy_return_code(1),/results/temp/611/quic_client_test_tp_limit_acticoid_error0.iev,0.0,0.0
1031," ./client -l /results/temp/quant_key.log -c false -r 20 -u  -t 3600 -v 5 -e 0xff00001d https://localhost:4443/
",client,quic_client_test_ext_min_ack_delay0,,"ivy_return_code(1)+"""")",/results/temp/1232/quic_client_test_ext_min_ack_delay0.iev,0.0,0.0
1032," ./client -l /results/temp/quant_key.log -c false -r 20 -u  -t 3600 -v 5 -e 0xff00001d https://localhost:4443/
",client,quic_client_test_ext_min_ack_delay0,,,/results/temp/1293/quic_client_test_ext_min_ack_delay0.iev,0.0,1.0
1033," ./client -l /results/temp/quant_key.log -c false -r 20 -u  -t 3600 -v 5 -e 0xff00001d https://localhost:4443/
",client,quic_client_test_blocked_streams_maxstream_error0,,"ivy_return_code(1)+"""")",/results/temp/711/quic_client_test_blocked_streams_maxstream_error0.iev,0.0,0.0
1034," ./client -l /results/temp/quant_key.log -c false -r 20 -u  -t 3600 -v 5 -e 0xff00001d https://localhost:4443/
",client,quic_client_test_no_odci0,,"ivy_return_code(1)+"""")",/results/temp/1186/quic_client_test_no_odci0.iev,0.0,0.0
1035," ./client -l /results/temp/quant_key.log -c false -r 20 -u  -t 3600 -v 5 -e 0xff00001d https://localhost:4443/
",client,quic_client_test_accept_maxdata0,,ivy_return_code(127)+,/results/temp/908/quic_client_test_accept_maxdata0.iev,0.0,0.0
1036," ./client -l /results/temp/quant_key.log -c false -r 20 -u  -t 3600 -v 5 -e 0xff00001d https://localhost:4443/
",client,quic_client_test_no_odci0,,server_return_code(1)+ivy_return_code(1),/results/temp/1140/quic_client_test_no_odci0.iev,0.0,0.0
1037," ./client -l /results/temp/quant_key.log -c false -r 20 -u  -t 3600 -v 5 -e 0xff00001d https://localhost:4443/
",client,quic_client_test_tp_prefadd_error0,,server_return_code(1)+ivy_return_code(1),/results/temp/1073/quic_client_test_tp_prefadd_error0.iev,0.0,0.0
1038," ./client -l /results/temp/quant_key.log -c false -r 20 -u  -t 3600 -v 5 -e 0xff00001d https://localhost:4443/
",client,,,ivy_return_code(127)+,/results/temp/343/quic_client_test_unknown0.iev,0.0,0.0
1039," ./client -l /results/temp/quant_key.log -c false -r 20 -u  -t 3600 -v 5 -e 0xff00001d https://localhost:4443/
",client,quic_client_test_tp_limit_acticoid_error0,,server_return_code(1)+ivy_return_code(1),/results/temp/685/quic_client_test_tp_limit_acticoid_error0.iev,0.0,0.0
1040," ./client -l /results/temp/quant_key.log -c false -r 20 -u  -t 3600 -v 5 -e 0xff00001d https://localhost:4443/
",client,quic_client_test_newcoid_zero_error0,,"ivy_return_code(1)+"""")",/results/temp/899/quic_client_test_newcoid_zero_error0.iev,0.0,0.0
1041," ./client -l /results/temp/quant_key.log -c false -r 20 -u  -t 3600 -v 5 -e 0xff00001d https://localhost:4443/
",client,quic_client_test_newcoid_zero_error0,,"ivy_return_code(1)+"""")",/results/temp/865/quic_client_test_newcoid_zero_error0.iev,0.0,0.0
1042," ./client -l /results/temp/quant_key.log -c false -r 20 -u  -t 3600 -v 5 -e 0xff00001d https://localhost:4443/
",client,quic_client_test_double_tp_error0,,server_return_code(1)+ivy_return_code(1),/results/temp/452/quic_client_test_double_tp_error0.iev,0.0,0.0
1043," ./client -l /results/temp/quant_key.log -c false -r 20 -u  -t 3600 -v 5 -e 0xff00001d https://localhost:4443/
",client,quic_client_test_accept_maxdata0,,ivy_return_code(127)+,/results/temp/982/quic_client_test_accept_maxdata0.iev,0.0,0.0
1044," ./client -l /results/temp/quant_key.log -c false -r 20 -u  -t 3600 -v 5 -e 0xff00001d https://localhost:4443/
",client,quic_client_test_double_tp_error0,,server_return_code(1)+ivy_return_code(1),/results/temp/479/quic_client_test_double_tp_error0.iev,0.0,0.0
1045," ./client -l /results/temp/quant_key.log -c false -r 20 -u  -t 3600 -v 5 -e 0xff00001d https://localhost:4443/
",client,quic_client_test_newcoid_zero_error0,,"ivy_return_code(1)+"""")",/results/temp/893/quic_client_test_newcoid_zero_error0.iev,0.0,0.0
1046," ./client -l /results/temp/quant_key.log -c false -r 20 -u  -t 3600 -v 5 -e 0xff00001d https://localhost:4443/
",client,quic_client_test_ext_min_ack_delay0,,,/results/temp/1231/quic_client_test_ext_min_ack_delay0.iev,0.0,1.0
1047," ./client -l /results/temp/quant_key.log -c false -r 20 -u  -t 3600 -v 5 -e 0xff00001d https://localhost:4443/
",client,quic_client_test_ext_min_ack_delay0,,,/results/temp/1283/quic_client_test_ext_min_ack_delay0.iev,0.0,1.0
1048," ./client -l /results/temp/quant_key.log -c false -r 20 -u  -t 3600 -v 5 -e 0xff00001d https://localhost:4443/
",client,quic_client_test_ext_min_ack_delay0,,,/results/temp/1274/quic_client_test_ext_min_ack_delay0.iev,0.0,1.0
1049," ./client -l /results/temp/quant_key.log -c false -r 20 -u  -t 3600 -v 5 -e 0xff00001d https://localhost:4443/
",client,quic_client_test_tp_acticoid_error0,,,/results/temp/542/quic_client_test_tp_acticoid_error0.iev,0.0,1.0
1050," ./client -l /results/temp/quant_key.log -c false -r 20 -u  -t 3600 -v 5 -e 0xff00001d https://localhost:4443/
",client,quic_client_test_tp_limit_acticoid_error0,,server_return_code(134)+ivy_return_code(1),/results/temp/651/quic_client_test_tp_limit_acticoid_error0.iev,0.0,0.0
1051," ./client -l /results/temp/quant_key.log -c false -r 20 -u  -t 3600 -v 5 -e 0xff00001d https://localhost:4443/
",client,quic_client_test_no_odci0,,server_return_code(1)+ivy_return_code(1),/results/temp/1119/quic_client_test_no_odci0.iev,0.0,0.0
1052," ./client -l /results/temp/quant_key.log -c false -r 20 -u  -t 3600 -v 5 -e 0xff00001d https://localhost:4443/
",client,,,ivy_return_code(127)+,/results/temp/323/quic_client_test_unknown0.iev,0.0,0.0
1053," ./client -l /results/temp/quant_key.log -c false -r 20 -u  -t 3600 -v 5 -e 0xff00001d https://localhost:4443/
",client,quic_client_test_tp_prefadd_error0,,server_return_code(1)+ivy_return_code(1),/results/temp/1092/quic_client_test_tp_prefadd_error0.iev,0.0,0.0
1054," ./client -l /results/temp/quant_key.log -c false -r 20 -u  -t 3600 -v 5 -e 0xff00001d https://localhost:4443/
",client,quic_client_test_max0,,ivy_return_code(127)+,/results/temp/62/quic_client_test_max0.iev,0.0,0.0
1055," ./client -l /results/temp/quant_key.log -c false -r 20 -u  -t 3600 -v 5 -e 0xff00001d https://localhost:4443/
",client,quic_client_test_ext_min_ack_delay0,,,/results/temp/1226/quic_client_test_ext_min_ack_delay0.iev,0.0,1.0
1056," ./client -l /results/temp/quant_key.log -c false -r 20 -u  -t 3600 -v 5 -e 0xff00001d https://localhost:4443/
",client,quic_client_test_no_odci0,,server_return_code(1)+ivy_return_code(1),/results/temp/1147/quic_client_test_no_odci0.iev,0.0,0.0
1057," ./client -l /results/temp/quant_key.log -c false -r 20 -u  -t 3600 -v 5 -e 0xff00001d https://localhost:4443/
",client,quic_client_test_tp_acticoid_error0,,,/results/temp/576/quic_client_test_tp_acticoid_error0.iev,0.0,1.0
1058," ./client -l /results/temp/quant_key.log -c false -r 20 -u  -t 3600 -v 5 -e 0xff00001d https://localhost:4443/
",client,quic_client_test_tp_limit_acticoid_error0,,server_return_code(1)+ivy_return_code(1),/results/temp/608/quic_client_test_tp_limit_acticoid_error0.iev,0.0,0.0
1059," ./client -l /results/temp/quant_key.log -c false -r 20 -u  -t 3600 -v 5 -e 0xff00001d https://localhost:4443/
",client,quic_client_test_newcoid_zero_error0,,"ivy_return_code(1)+"""")",/results/temp/803/quic_client_test_newcoid_zero_error0.iev,0.0,0.0
1060," ./client -l /results/temp/quant_key.log -c false -r 20 -u  -t 3600 -v 5 -e 0xff00001d https://localhost:4443/
",client,quic_client_test_accept_maxdata0,,ivy_return_code(127)+,/results/temp/971/quic_client_test_accept_maxdata0.iev,0.0,0.0
1061," ./client -l /results/temp/quant_key.log -c false -r 20 -u  -t 3600 -v 5 -e 0xff00001d https://localhost:4443/
",client,,,ivy_return_code(127)+,/results/temp/364/quic_client_test_unknown0.iev,0.0,0.0
1062," ./client -l /results/temp/quant_key.log -c false -r 20 -u  -t 3600 -v 5 -e 0xff00001d https://localhost:4443/
",client,quic_client_test_ext_min_ack_delay0,,,/results/temp/1277/quic_client_test_ext_min_ack_delay0.iev,0.0,1.0
1063," ./client -l /results/temp/quant_key.log -c false -r 20 -u  -t 3600 -v 5 -e 0xff00001d https://localhost:4443/
",client,quic_client_test_blocked_streams_maxstream_error0,,"ivy_return_code(1)+"""")",/results/temp/720/quic_client_test_blocked_streams_maxstream_error0.iev,0.0,0.0
1064," ./client -l /results/temp/quant_key.log -c false -r 20 -u  -t 3600 -v 5 -e 0xff00001d https://localhost:4443/
",client,quic_client_test_max0,,ivy_return_code(127)+,/results/temp/85/quic_client_test_max0.iev,0.0,0.0
1065," ./client -l /results/temp/quant_key.log -c false -r 20 -u  -t 3600 -v 5 -e 0xff00001d https://localhost:4443/
",client,quic_client_test_max0,,ivy_return_code(127)+,/results/temp/44/quic_client_test_max0.iev,0.0,0.0
1066," ./client -l /results/temp/quant_key.log -c false -r 20 -u  -t 3600 -v 5 -e 0xff00001d https://localhost:4443/
",client,,,ivy_return_code(127)+,/results/temp/309/quic_client_test_unknown0.iev,0.0,0.0
1067," ./client -l /results/temp/quant_key.log -c false -r 20 -u  -t 3600 -v 5 -e 0xff00001d https://localhost:4443/
",client,quic_client_test_accept_maxdata0,,ivy_return_code(127)+,/results/temp/912/quic_client_test_accept_maxdata0.iev,0.0,0.0
1068," ./client -l /results/temp/quant_key.log -c false -r 20 -u  -t 3600 -v 5 -e 0xff00001d https://localhost:4443/
",client,quic_client_test_newcoid_zero_error0,,"ivy_return_code(1)+"""")",/results/temp/836/quic_client_test_newcoid_zero_error0.iev,0.0,0.0
1069," ./client -l /results/temp/quant_key.log -c false -r 20 -u  -t 3600 -v 5 -e 0xff00001d https://localhost:4443/
",client,quic_client_test_double_tp_error0,,server_return_code(1)+ivy_return_code(1),/results/temp/419/quic_client_test_double_tp_error0.iev,0.0,0.0
1070," ./client -l /results/temp/quant_key.log -c false -r 20 -u  -t 3600 -v 5 -e 0xff00001d https://localhost:4443/
",client,quic_client_test_tp_limit_acticoid_error0,,server_return_code(1)+ivy_return_code(1),/results/temp/610/quic_client_test_tp_limit_acticoid_error0.iev,0.0,0.0
1071," ./client -l /results/temp/quant_key.log -c false -r 20 -u  -t 3600 -v 5 -e 0xff00001d https://localhost:4443/
",client,quic_client_test_blocked_streams_maxstream_error0,,"ivy_return_code(1)+"""")",/results/temp/768/quic_client_test_blocked_streams_maxstream_error0.iev,0.0,0.0
1072," ./client -l /results/temp/quant_key.log -c false -r 20 -u  -t 3600 -v 5 -e 0xff00001d https://localhost:4443/
",client,quic_client_test_no_odci0,,server_return_code(1)+ivy_return_code(1),/results/temp/1155/quic_client_test_no_odci0.iev,0.0,0.0
1073," ./client -l /results/temp/quant_key.log -c false -r 20 -u  -t 3600 -v 5 -e 0xff00001d https://localhost:4443/
",client,quic_client_test_blocked_streams_maxstream_error0,,"ivy_return_code(1)+"""")",/results/temp/760/quic_client_test_blocked_streams_maxstream_error0.iev,0.0,0.0
1074," ./client -l /results/temp/quant_key.log -c false -r 20 -u  -t 3600 -v 5 -e 0xff00001d https://localhost:4443/
",client,quic_client_test_newcoid_zero_error0,,"ivy_return_code(1)+"""")",/results/temp/842/quic_client_test_newcoid_zero_error0.iev,0.0,0.0
1075," ./client -l /results/temp/quant_key.log -c false -r 20 -u  -t 3600 -v 5 -e 0xff00001d https://localhost:4443/
",client,quic_client_test_no_odci0,,server_return_code(1)+ivy_return_code(1),/results/temp/1174/quic_client_test_no_odci0.iev,0.0,0.0
1076," ./client -l /results/temp/quant_key.log -c false -r 20 -u  -t 3600 -v 5 -e 0xff00001d https://localhost:4443/
",client,quic_client_test_tp_limit_acticoid_error0,,server_return_code(134)+ivy_return_code(1),/results/temp/663/quic_client_test_tp_limit_acticoid_error0.iev,0.0,0.0
1077," ./client -l /results/temp/quant_key.log -c false -r 20 -u  -t 3600 -v 5 -e 0xff00001d https://localhost:4443/
",client,quic_client_test_blocked_streams_maxstream_error0,,"ivy_return_code(1)+"""")",/results/temp/742/quic_client_test_blocked_streams_maxstream_error0.iev,0.0,0.0
1078," ./client -l /results/temp/quant_key.log -c false -r 20 -u  -t 3600 -v 5 -e 0xff00001d https://localhost:4443/
",client,quic_client_test_tp_prefadd_error0,,server_return_code(1)+ivy_return_code(1),/results/temp/1019/quic_client_test_tp_prefadd_error0.iev,0.0,0.0
1079," ./client -l /results/temp/quant_key.log -c false -r 20 -u  -t 3600 -v 5 -e 0xff00001d https://localhost:4443/
",client,,,ivy_return_code(127)+,/results/temp/340/quic_client_test_unknown0.iev,0.0,0.0
1080," ./client -l /results/temp/quant_key.log -c false -r 20 -u  -t 3600 -v 5 -e 0xff00001d https://localhost:4443/
",client,quic_client_test_blocked_streams_maxstream_error0,,"ivy_return_code(1)+"""")",/results/temp/718/quic_client_test_blocked_streams_maxstream_error0.iev,0.0,0.0
1081," ./client -l /results/temp/quant_key.log -c false -r 20 -u  -t 3600 -v 5 -e 0xff00001d https://localhost:4443/
",client,,,ivy_return_code(127)+,/results/temp/327/quic_client_test_unknown0.iev,0.0,0.0
1082," ./client -l /results/temp/quant_key.log -c false -r 20 -u  -t 3600 -v 5 -e 0xff00001d https://localhost:4443/
",client,quic_client_test_max0,,ivy_return_code(127)+,/results/temp/80/quic_client_test_max0.iev,0.0,0.0
1083," ./client -l /results/temp/quant_key.log -c false -r 20 -u  -t 3600 -v 5 -e 0xff00001d https://localhost:4443/
",client,quic_client_test_no_odci0,,server_return_code(1)+ivy_return_code(1),/results/temp/1124/quic_client_test_no_odci0.iev,0.0,0.0
1084," ./client -l /results/temp/quant_key.log -c false -r 20 -u  -t 3600 -v 5 -e 0xff00001d https://localhost:4443/
",client,quic_client_test_ext_min_ack_delay0,,,/results/temp/1206/quic_client_test_ext_min_ack_delay0.iev,0.0,1.0
1085," ./client -l /results/temp/quant_key.log -c false -r 20 -u  -t 3600 -v 5 -e 0xff00001d https://localhost:4443/
",client,quic_client_test_no_odci0,,server_return_code(1)+ivy_return_code(1),/results/temp/1151/quic_client_test_no_odci0.iev,0.0,0.0
1086," ./client -l /results/temp/quant_key.log -c false -r 20 -u  -t 3600 -v 5 -e 0xff00001d https://localhost:4443/
",client,quic_client_test_newcoid_zero_error0,,"ivy_return_code(1)+"""")",/results/temp/876/quic_client_test_newcoid_zero_error0.iev,0.0,0.0
1087," ./client -l /results/temp/quant_key.log -c false -r 20 -u  -t 3600 -v 5 -e 0xff00001d https://localhost:4443/
",client,quic_client_test_tp_error0,,server_return_code(1)+ivy_return_code(1),/results/temp/220/quic_client_test_tp_error0.iev,0.0,0.0
1088," ./client -l /results/temp/quant_key.log -c false -r 20 -u  -t 3600 -v 5 -e 0xff00001d https://localhost:4443/
",client,quic_client_test_ext_min_ack_delay0,,,/results/temp/1265/quic_client_test_ext_min_ack_delay0.iev,0.0,1.0
1089," ./client -l /results/temp/quant_key.log -c false -r 20 -u  -t 3600 -v 5 -e 0xff00001d https://localhost:4443/
",client,,,ivy_return_code(127)+,/results/temp/374/quic_client_test_unknown0.iev,0.0,0.0
1090," ./client -l /results/temp/quant_key.log -c false -r 20 -u  -t 3600 -v 5 -e 0xff00001d https://localhost:4443/
",client,quic_client_test_newcoid_zero_error0,,"ivy_return_code(1)+"""")",/results/temp/805/quic_client_test_newcoid_zero_error0.iev,0.0,0.0
1091," ./client -l /results/temp/quant_key.log -c false -r 20 -u  -t 3600 -v 5 -e 0xff00001d https://localhost:4443/
",client,quic_client_test_tp_prefadd_error0,,"ivy_return_code(1)+"""")",/results/temp/1061/quic_client_test_tp_prefadd_error0.iev,0.0,0.0
1092," ./client -l /results/temp/quant_key.log -c false -r 20 -u  -t 3600 -v 5 -e 0xff00001d https://localhost:4443/
",client,quic_client_test_accept_maxdata0,,ivy_return_code(127)+,/results/temp/997/quic_client_test_accept_maxdata0.iev,0.0,0.0
1093," ./client -l /results/temp/quant_key.log -c false -r 20 -u  -t 3600 -v 5 -e 0xff00001d https://localhost:4443/
",client,quic_client_test_tp_limit_acticoid_error0,,server_return_code(1)+ivy_return_code(1),/results/temp/623/quic_client_test_tp_limit_acticoid_error0.iev,0.0,0.0
1094," ./client -l /results/temp/quant_key.log -c false -r 20 -u  -t 3600 -v 5 -e 0xff00001d https://localhost:4443/
",client,quic_client_test_double_tp_error0,,server_return_code(1)+ivy_return_code(1),/results/temp/483/quic_client_test_double_tp_error0.iev,0.0,0.0
1095," ./client -l /results/temp/quant_key.log -c false -r 20 -u  -t 3600 -v 5 -e 0xff00001d https://localhost:4443/
",client,quic_client_test_tp_error0,,server_return_code(1)+ivy_return_code(1),/results/temp/253/quic_client_test_tp_error0.iev,0.0,0.0
1096," ./client -l /results/temp/quant_key.log -c false -r 20 -u  -t 3600 -v 5 -e 0xff00001d https://localhost:4443/
",client,quic_client_test_tp_acticoid_error0,,,/results/temp/535/quic_client_test_tp_acticoid_error0.iev,0.0,1.0
1097," ./client -l /results/temp/quant_key.log -c false -r 20 -u  -t 3600 -v 5 -e 0xff00001d https://localhost:4443/
",client,quic_client_test_double_tp_error0,,server_return_code(1)+ivy_return_code(1),/results/temp/449/quic_client_test_double_tp_error0.iev,0.0,0.0
1098," ./client -l /results/temp/quant_key.log -c false -r 20 -u  -t 3600 -v 5 -e 0xff00001d https://localhost:4443/
",client,quic_client_test_tp_prefadd_error0,,server_return_code(1)+ivy_return_code(1),/results/temp/1079/quic_client_test_tp_prefadd_error0.iev,0.0,0.0
1099," ./client -l /results/temp/quant_key.log -c false -r 20 -u  -t 3600 -v 5 -e 0xff00001d https://localhost:4443/
",client,quic_client_test_double_tp_error0,,server_return_code(1)+ivy_return_code(1),/results/temp/497/quic_client_test_double_tp_error0.iev,0.0,0.0
1100," ./client -l /results/temp/quant_key.log -c false -r 20 -u  -t 3600 -v 5 -e 0xff00001d https://localhost:4443/
",client,quic_client_test_max0,,ivy_return_code(127)+,/results/temp/52/quic_client_test_max0.iev,0.0,0.0
1101," ./client -l /results/temp/quant_key.log -c false -r 20 -u  -t 3600 -v 5 -e 0xff00001d https://localhost:4443/
",client,quic_client_test_double_tp_error0,,server_return_code(1)+ivy_return_code(1),/results/temp/475/quic_client_test_double_tp_error0.iev,0.0,0.0
1102," ./client -l /results/temp/quant_key.log -c false -r 20 -u  -t 3600 -v 5 -e 0xff00001d https://localhost:4443/
",client,quic_client_test_no_odci0,,server_return_code(1)+ivy_return_code(1),/results/temp/1121/quic_client_test_no_odci0.iev,0.0,0.0
1103," ./client -l /results/temp/quant_key.log -c false -r 20 -u  -t 3600 -v 5 -e 0xff00001d https://localhost:4443/
",client,quic_client_test_tp_limit_acticoid_error0,,server_return_code(1)+ivy_return_code(1),/results/temp/696/quic_client_test_tp_limit_acticoid_error0.iev,0.0,0.0
1104," ./client -l /results/temp/quant_key.log -c false -r 20 -u  -t 3600 -v 5 -e 0xff00001d https://localhost:4443/
",client,quic_client_test_tp_limit_acticoid_error0,,server_return_code(1)+ivy_return_code(1),/results/temp/626/quic_client_test_tp_limit_acticoid_error0.iev,0.0,0.0
1105," ./client -l /results/temp/quant_key.log -c false -r 20 -u  -t 3600 -v 5 -e 0xff00001d https://localhost:4443/
",client,quic_client_test_newcoid_zero_error0,,"ivy_return_code(1)+"""")",/results/temp/880/quic_client_test_newcoid_zero_error0.iev,0.0,0.0
1106," ./client -l /results/temp/quant_key.log -c false -r 20 -u  -t 3600 -v 5 -e 0xff00001d https://localhost:4443/
",client,quic_client_test_tp_acticoid_error0,,,/results/temp/534/quic_client_test_tp_acticoid_error0.iev,0.0,1.0
1107," ./client -l /results/temp/quant_key.log -c false -r 20 -u  -t 3600 -v 5 -e 0xff00001d https://localhost:4443/
",client,quic_client_test_accept_maxdata0,,ivy_return_code(127)+,/results/temp/970/quic_client_test_accept_maxdata0.iev,0.0,0.0
1108," ./client -l /results/temp/quant_key.log -c false -r 20 -u  -t 3600 -v 5 -e 0xff00001d https://localhost:4443/
",client,quic_client_test_accept_maxdata0,,ivy_return_code(127)+,/results/temp/961/quic_client_test_accept_maxdata0.iev,0.0,0.0
1109," ./client -l /results/temp/quant_key.log -c false -r 20 -u  -t 3600 -v 5 -e 0xff00001d https://localhost:4443/
",client,quic_client_test_tp_error0,,server_return_code(1)+ivy_return_code(1),/results/temp/239/quic_client_test_tp_error0.iev,0.0,0.0
1110," ./client -l /results/temp/quant_key.log -c false -r 20 -u  -t 3600 -v 5 -e 0xff00001d https://localhost:4443/
",client,quic_client_test_newcoid_zero_error0,,"ivy_return_code(1)+"""")",/results/temp/890/quic_client_test_newcoid_zero_error0.iev,0.0,0.0
1111," ./client -l /results/temp/quant_key.log -c false -r 20 -u  -t 3600 -v 5 -e 0xff00001d https://localhost:4443/
",client,quic_client_test_tp_acticoid_error0,,,/results/temp/579/quic_client_test_tp_acticoid_error0.iev,0.0,1.0
1112," ./client -l /results/temp/quant_key.log -c false -r 20 -u  -t 3600 -v 5 -e 0xff00001d https://localhost:4443/
",client,quic_client_test_ext_min_ack_delay0,,,/results/temp/1240/quic_client_test_ext_min_ack_delay0.iev,0.0,1.0
1113," ./client -l /results/temp/quant_key.log -c false -r 20 -u  -t 3600 -v 5 -e 0xff00001d https://localhost:4443/
",client,quic_client_test_tp_limit_acticoid_error0,,server_return_code(1)+ivy_return_code(1),/results/temp/672/quic_client_test_tp_limit_acticoid_error0.iev,0.0,0.0
1114," ./client -l /results/temp/quant_key.log -c false -r 20 -u  -t 3600 -v 5 -e 0xff00001d https://localhost:4443/
",client,,,ivy_return_code(127)+,/results/temp/337/quic_client_test_unknown0.iev,0.0,0.0
1115," ./client -l /results/temp/quant_key.log -c false -r 20 -u  -t 3600 -v 5 -e 0xff00001d https://localhost:4443/
",client,quic_client_test_ext_min_ack_delay0,,,/results/temp/1204/quic_client_test_ext_min_ack_delay0.iev,0.0,1.0
1116," ./client -l /results/temp/quant_key.log -c false -r 20 -u  -t 3600 -v 5 -e 0xff00001d https://localhost:4443/
",client,quic_client_test_ext_min_ack_delay0,,,/results/temp/1256/quic_client_test_ext_min_ack_delay0.iev,0.0,1.0
1117," ./client -l /results/temp/quant_key.log -c false -r 20 -u  -t 3600 -v 5 -e 0xff00001d https://localhost:4443/
",client,quic_client_test_double_tp_error0,,server_return_code(1)+ivy_return_code(1),/results/temp/421/quic_client_test_double_tp_error0.iev,0.0,0.0
1118," ./client -l /results/temp/quant_key.log -c false -r 20 -u  -t 3600 -v 5 -e 0xff00001d https://localhost:4443/
",client,quic_client_test_double_tp_error0,,server_return_code(1)+ivy_return_code(1),/results/temp/486/quic_client_test_double_tp_error0.iev,0.0,0.0
1119," ./client -l /results/temp/quant_key.log -c false -r 20 -u  -t 3600 -v 5 -e 0xff00001d https://localhost:4443/
",client,quic_client_test_accept_maxdata0,,ivy_return_code(127)+,/results/temp/947/quic_client_test_accept_maxdata0.iev,0.0,0.0
1120," ./client -l /results/temp/quant_key.log -c false -r 20 -u  -t 3600 -v 5 -e 0xff00001d https://localhost:4443/
",client,quic_client_test_ext_min_ack_delay0,,,/results/temp/1216/quic_client_test_ext_min_ack_delay0.iev,0.0,1.0
1121," ./client -l /results/temp/quant_key.log -c false -r 20 -u  -t 3600 -v 5 -e 0xff00001d https://localhost:4443/
",client,quic_client_test_blocked_streams_maxstream_error0,,"ivy_return_code(1)+"""")",/results/temp/719/quic_client_test_blocked_streams_maxstream_error0.iev,0.0,0.0
1122," ./client -l /results/temp/quant_key.log -c false -r 20 -u  -t 3600 -v 5 -e 0xff00001d https://localhost:4443/
",client,quic_client_test_tp_prefadd_error0,,server_return_code(1)+ivy_return_code(1),/results/temp/1036/quic_client_test_tp_prefadd_error0.iev,0.0,0.0
1123," ./client -l /results/temp/quant_key.log -c false -r 20 -u  -t 3600 -v 5 -e 0xff00001d https://localhost:4443/
",client,quic_client_test_tp_prefadd_error0,,server_return_code(1)+ivy_return_code(1),/results/temp/1008/quic_client_test_tp_prefadd_error0.iev,0.0,0.0
1124," ./client -l /results/temp/quant_key.log -c false -r 20 -u  -t 3600 -v 5 -e 0xff00001d https://localhost:4443/
",client,quic_client_test_newcoid_zero_error0,,"ivy_return_code(1)+"""")",/results/temp/888/quic_client_test_newcoid_zero_error0.iev,0.0,0.0
1125," ./client -l /results/temp/quant_key.log -c false -r 20 -u  -t 3600 -v 5 -e 0xff00001d https://localhost:4443/
",client,,,ivy_return_code(127)+,/results/temp/390/quic_client_test_unknown0.iev,0.0,0.0
1126," ./client -l /results/temp/quant_key.log -c false -r 20 -u  -t 3600 -v 5 -e 0xff00001d https://localhost:4443/
",client,quic_client_test_double_tp_error0,,server_return_code(1)+ivy_return_code(1),/results/temp/488/quic_client_test_double_tp_error0.iev,0.0,0.0
1127," ./client -l /results/temp/quant_key.log -c false -r 20 -u  -t 3600 -v 5 -e 0xff00001d https://localhost:4443/
",client,quic_client_test_accept_maxdata0,,ivy_return_code(127)+,/results/temp/986/quic_client_test_accept_maxdata0.iev,0.0,0.0
1128," ./client -l /results/temp/quant_key.log -c false -r 20 -u  -t 3600 -v 5 -e 0xff00001d https://localhost:4443/
",client,quic_client_test_tp_error0,,server_return_code(1)+ivy_return_code(1),/results/temp/266/quic_client_test_tp_error0.iev,0.0,0.0
1129," ./client -l /results/temp/quant_key.log -c false -r 20 -u  -t 3600 -v 5 -e 0xff00001d https://localhost:4443/
",client,quic_client_test_tp_acticoid_error0,,,/results/temp/516/quic_client_test_tp_acticoid_error0.iev,0.0,1.0
1130," ./client -l /results/temp/quant_key.log -c false -r 20 -u  -t 3600 -v 5 -e 0xff00001d https://localhost:4443/
",client,quic_client_test_accept_maxdata0,,ivy_return_code(127)+,/results/temp/952/quic_client_test_accept_maxdata0.iev,0.0,0.0
1131," ./client -l /results/temp/quant_key.log -c false -r 20 -u  -t 3600 -v 5 -e 0xff00001d https://localhost:4443/
",client,quic_client_test_max0,,ivy_return_code(127)+,/results/temp/21/quic_client_test_max0.iev,0.0,0.0
1132," ./client -l /results/temp/quant_key.log -c false -r 20 -u  -t 3600 -v 5 -e 0xff00001d https://localhost:4443/
",client,quic_client_test_accept_maxdata0,,ivy_return_code(127)+,/results/temp/944/quic_client_test_accept_maxdata0.iev,0.0,0.0
1133," ./client -l /results/temp/quant_key.log -c false -r 20 -u  -t 3600 -v 5 -e 0xff00001d https://localhost:4443/
",client,quic_client_test_tp_acticoid_error0,,,/results/temp/519/quic_client_test_tp_acticoid_error0.iev,0.0,1.0
1134," ./client -l /results/temp/quant_key.log -c false -r 20 -u  -t 3600 -v 5 -e 0xff00001d https://localhost:4443/
",client,quic_client_test_newcoid_zero_error0,,"ivy_return_code(1)+"""")",/results/temp/871/quic_client_test_newcoid_zero_error0.iev,0.0,0.0
1135," ./client -l /results/temp/quant_key.log -c false -r 20 -u  -t 3600 -v 5 -e 0xff00001d https://localhost:4443/
",client,quic_client_test_accept_maxdata0,,ivy_return_code(127)+,/results/temp/960/quic_client_test_accept_maxdata0.iev,0.0,0.0
1136," ./client -l /results/temp/quant_key.log -c false -r 20 -u  -t 3600 -v 5 -e 0xff00001d https://localhost:4443/
",client,quic_client_test_blocked_streams_maxstream_error0,,"ivy_return_code(1)+"""")",/results/temp/727/quic_client_test_blocked_streams_maxstream_error0.iev,0.0,0.0
1137," ./client -l /results/temp/quant_key.log -c false -r 20 -u  -t 3600 -v 5 -e 0xff00001d https://localhost:4443/
",client,quic_client_test_tp_error0,,"ivy_return_code(1)+"""")",/results/temp/261/quic_client_test_tp_error0.iev,0.0,0.0
1138," ./client -l /results/temp/quant_key.log -c false -r 20 -u  -t 3600 -v 5 -e 0xff00001d https://localhost:4443/
",client,quic_client_test_max0,,ivy_return_code(127)+,/results/temp/11/quic_client_test_max0.iev,0.0,0.0
1139," ./client -l /results/temp/quant_key.log -c false -r 20 -u  -t 3600 -v 5 -e 0xff00001d https://localhost:4443/
",client,quic_client_test_tp_acticoid_error0,,,/results/temp/597/quic_client_test_tp_acticoid_error0.iev,0.0,1.0
1140," ./client -l /results/temp/quant_key.log -c false -r 20 -u  -t 3600 -v 5 -e 0xff00001d https://localhost:4443/
",client,quic_client_test_double_tp_error0,,server_return_code(1)+ivy_return_code(1),/results/temp/441/quic_client_test_double_tp_error0.iev,0.0,0.0
1141," ./client -l /results/temp/quant_key.log -c false -r 20 -u  -t 3600 -v 5 -e 0xff00001d https://localhost:4443/
",client,quic_client_test_tp_prefadd_error0,,server_return_code(1)+ivy_return_code(1),/results/temp/1046/quic_client_test_tp_prefadd_error0.iev,0.0,0.0
1142," ./client -l /results/temp/quant_key.log -c false -r 20 -u  -t 3600 -v 5 -e 0xff00001d https://localhost:4443/
",client,quic_client_test_tp_acticoid_error0,,,/results/temp/548/quic_client_test_tp_acticoid_error0.iev,0.0,1.0
1143," ./client -l /results/temp/quant_key.log -c false -r 20 -u  -t 3600 -v 5 -e 0xff00001d https://localhost:4443/
",client,quic_client_test_tp_prefadd_error0,,server_return_code(1)+ivy_return_code(1),/results/temp/1065/quic_client_test_tp_prefadd_error0.iev,0.0,0.0
1144," ./client -l /results/temp/quant_key.log -c false -r 20 -u  -t 3600 -v 5 -e 0xff00001d https://localhost:4443/
",client,quic_client_test_max0,,ivy_return_code(127)+,/results/temp/20/quic_client_test_max0.iev,0.0,0.0
1145," ./client -l /results/temp/quant_key.log -c false -r 20 -u  -t 3600 -v 5 -e 0xff00001d https://localhost:4443/
",client,quic_client_test_newcoid_zero_error0,,"ivy_return_code(1)+"""")",/results/temp/832/quic_client_test_newcoid_zero_error0.iev,0.0,0.0
1146," ./client -l /results/temp/quant_key.log -c false -r 20 -u  -t 3600 -v 5 -e 0xff00001d https://localhost:4443/
",client,quic_client_test_tp_error0,,server_return_code(1)+ivy_return_code(1),/results/temp/231/quic_client_test_tp_error0.iev,0.0,0.0
1147," ./client -l /results/temp/quant_key.log -c false -r 20 -u  -t 3600 -v 5 -e 0xff00001d https://localhost:4443/
",client,quic_client_test_tp_acticoid_error0,,,/results/temp/581/quic_client_test_tp_acticoid_error0.iev,0.0,1.0
1148," ./client -l /results/temp/quant_key.log -c false -r 20 -u  -t 3600 -v 5 -e 0xff00001d https://localhost:4443/
",client,quic_client_test_ext_min_ack_delay0,,,/results/temp/1224/quic_client_test_ext_min_ack_delay0.iev,0.0,1.0
1149," ./client -l /results/temp/quant_key.log -c false -r 20 -u  -t 3600 -v 5 -e 0xff00001d https://localhost:4443/
",client,quic_client_test_tp_acticoid_error0,,,/results/temp/525/quic_client_test_tp_acticoid_error0.iev,0.0,1.0
1150," ./client -l /results/temp/quant_key.log -c false -r 20 -u  -t 3600 -v 5 -e 0xff00001d https://localhost:4443/
",client,quic_client_test_ext_min_ack_delay0,,,/results/temp/1217/quic_client_test_ext_min_ack_delay0.iev,0.0,1.0
1151," ./client -l /results/temp/quant_key.log -c false -r 20 -u  -t 3600 -v 5 -e 0xff00001d https://localhost:4443/
",client,quic_client_test_tp_prefadd_error0,,server_return_code(1)+ivy_return_code(1),/results/temp/1004/quic_client_test_tp_prefadd_error0.iev,0.0,0.0
1152," ./client -l /results/temp/quant_key.log -c false -r 20 -u  -t 3600 -v 5 -e 0xff00001d https://localhost:4443/
",client,quic_client_test_tp_limit_acticoid_error0,,server_return_code(1)+ivy_return_code(1),/results/temp/620/quic_client_test_tp_limit_acticoid_error0.iev,0.0,0.0
1153," ./client -l /results/temp/quant_key.log -c false -r 20 -u  -t 3600 -v 5 -e 0xff00001d https://localhost:4443/
",client,quic_client_test_double_tp_error0,,server_return_code(1)+ivy_return_code(1),/results/temp/456/quic_client_test_double_tp_error0.iev,0.0,0.0
1154," ./client -l /results/temp/quant_key.log -c false -r 20 -u  -t 3600 -v 5 -e 0xff00001d https://localhost:4443/
",client,quic_client_test_double_tp_error0,,server_return_code(1)+ivy_return_code(1),/results/temp/413/quic_client_test_double_tp_error0.iev,0.0,0.0
1155," ./client -l /results/temp/quant_key.log -c false -r 20 -u  -t 3600 -v 5 -e 0xff00001d https://localhost:4443/
",client,quic_client_test_tp_error0,,server_return_code(1)+ivy_return_code(1),/results/temp/248/quic_client_test_tp_error0.iev,0.0,0.0
1156," ./client -l /results/temp/quant_key.log -c false -r 20 -u  -t 3600 -v 5 -e 0xff00001d https://localhost:4443/
",client,quic_client_test_tp_limit_acticoid_error0,,server_return_code(1)+ivy_return_code(1),/results/temp/654/quic_client_test_tp_limit_acticoid_error0.iev,0.0,0.0
1157," ./client -l /results/temp/quant_key.log -c false -r 20 -u  -t 3600 -v 5 -e 0xff00001d https://localhost:4443/
",client,quic_client_test_ext_min_ack_delay0,,,/results/temp/1203/quic_client_test_ext_min_ack_delay0.iev,0.0,1.0
1158," ./client -l /results/temp/quant_key.log -c false -r 20 -u  -t 3600 -v 5 -e 0xff00001d https://localhost:4443/
",client,quic_client_test_newcoid_zero_error0,,"ivy_return_code(1)+"""")",/results/temp/895/quic_client_test_newcoid_zero_error0.iev,0.0,0.0
1159," ./client -l /results/temp/quant_key.log -c false -r 20 -u  -t 3600 -v 5 -e 0xff00001d https://localhost:4443/
",client,quic_client_test_tp_limit_acticoid_error0,,server_return_code(1)+ivy_return_code(1),/results/temp/639/quic_client_test_tp_limit_acticoid_error0.iev,0.0,0.0
1160," ./client -l /results/temp/quant_key.log -c false -r 20 -u  -t 3600 -v 5 -e 0xff00001d https://localhost:4443/
",client,quic_client_test_tp_acticoid_error0,,,/results/temp/568/quic_client_test_tp_acticoid_error0.iev,0.0,1.0
1161," ./client -l /results/temp/quant_key.log -c false -r 20 -u  -t 3600 -v 5 -e 0xff00001d https://localhost:4443/
",client,quic_client_test_tp_error0,,server_return_code(1)+ivy_return_code(1),/results/temp/203/quic_client_test_tp_error0.iev,0.0,0.0
1162," ./client -l /results/temp/quant_key.log -c false -r 20 -u  -t 3600 -v 5 -e 0xff00001d https://localhost:4443/
",client,quic_client_test_newcoid_zero_error0,,"ivy_return_code(1)+"""")",/results/temp/801/quic_client_test_newcoid_zero_error0.iev,0.0,0.0
1163," ./client -l /results/temp/quant_key.log -c false -r 20 -u  -t 3600 -v 5 -e 0xff00001d https://localhost:4443/
",client,,,ivy_return_code(127)+,/results/temp/370/quic_client_test_unknown0.iev,0.0,0.0
1164," ./client -l /results/temp/quant_key.log -c false -r 20 -u  -t 3600 -v 5 -e 0xff00001d https://localhost:4443/
",client,quic_client_test_blocked_streams_maxstream_error0,,"ivy_return_code(1)+"""")",/results/temp/772/quic_client_test_blocked_streams_maxstream_error0.iev,0.0,0.0
1165," ./client -l /results/temp/quant_key.log -c false -r 20 -u  -t 3600 -v 5 -e 0xff00001d https://localhost:4443/
",client,quic_client_test_tp_limit_acticoid_error0,,server_return_code(1)+ivy_return_code(1),/results/temp/613/quic_client_test_tp_limit_acticoid_error0.iev,0.0,0.0
1166," ./client -l /results/temp/quant_key.log -c false -r 20 -u  -t 3600 -v 5 -e 0xff00001d https://localhost:4443/
",client,quic_client_test_ext_min_ack_delay0,,,/results/temp/1214/quic_client_test_ext_min_ack_delay0.iev,0.0,1.0
1167," ./client -l /results/temp/quant_key.log -c false -r 20 -u  -t 3600 -v 5 -e 0xff00001d https://localhost:4443/
",client,quic_client_test_double_tp_error0,,server_return_code(1)+ivy_return_code(1),/results/temp/494/quic_client_test_double_tp_error0.iev,0.0,0.0
1168," ./client -l /results/temp/quant_key.log -c false -r 20 -u  -t 3600 -v 5 -e 0xff00001d https://localhost:4443/
",client,quic_client_test_no_odci0,,server_return_code(1)+ivy_return_code(1),/results/temp/1158/quic_client_test_no_odci0.iev,0.0,0.0
1169," ./client -l /results/temp/quant_key.log -c false -r 20 -u  -t 3600 -v 5 -e 0xff00001d https://localhost:4443/
",client,quic_client_test_max0,,ivy_return_code(127)+,/results/temp/81/quic_client_test_max0.iev,0.0,0.0
1170," ./client -l /results/temp/quant_key.log -c false -r 20 -u  -t 3600 -v 5 -e 0xff00001d https://localhost:4443/
",client,quic_client_test_max0,,ivy_return_code(127)+,/results/temp/23/quic_client_test_max0.iev,0.0,0.0
1171," ./client -l /results/temp/quant_key.log -c false -r 20 -u  -t 3600 -v 5 -e 0xff00001d https://localhost:4443/
",client,quic_client_test_accept_maxdata0,,ivy_return_code(127)+,/results/temp/917/quic_client_test_accept_maxdata0.iev,0.0,0.0
1172," ./client -l /results/temp/quant_key.log -c false -r 20 -u  -t 3600 -v 5 -e 0xff00001d https://localhost:4443/
",client,quic_client_test_max0,,ivy_return_code(127)+,/results/temp/45/quic_client_test_max0.iev,0.0,0.0
1173," ./client -l /results/temp/quant_key.log -c false -r 20 -u  -t 3600 -v 5 -e 0xff00001d https://localhost:4443/
",client,quic_client_test_no_odci0,,server_return_code(1)+ivy_return_code(1),/results/temp/1164/quic_client_test_no_odci0.iev,0.0,0.0
1174," ./client -l /results/temp/quant_key.log -c false -r 20 -u  -t 3600 -v 5 -e 0xff00001d https://localhost:4443/
",client,quic_client_test_blocked_streams_maxstream_error0,,"ivy_return_code(1)+"""")",/results/temp/724/quic_client_test_blocked_streams_maxstream_error0.iev,0.0,0.0
1175," ./client -l /results/temp/quant_key.log -c false -r 20 -u  -t 3600 -v 5 -e 0xff00001d https://localhost:4443/
",client,quic_client_test_tp_error0,,server_return_code(1)+ivy_return_code(1),/results/temp/226/quic_client_test_tp_error0.iev,0.0,0.0
1176," ./client -l /results/temp/quant_key.log -c false -r 20 -u  -t 3600 -v 5 -e 0xff00001d https://localhost:4443/
",client,quic_client_test_double_tp_error0,,server_return_code(1)+ivy_return_code(1),/results/temp/491/quic_client_test_double_tp_error0.iev,0.0,0.0
1177," ./client -l /results/temp/quant_key.log -c false -r 20 -u  -t 3600 -v 5 -e 0xff00001d https://localhost:4443/
",client,quic_client_test_max0,,ivy_return_code(127)+,/results/temp/96/quic_client_test_max0.iev,0.0,0.0
1178," ./client -l /results/temp/quant_key.log -c false -r 20 -u  -t 3600 -v 5 -e 0xff00001d https://localhost:4443/
",client,quic_client_test_accept_maxdata0,,ivy_return_code(127)+,/results/temp/945/quic_client_test_accept_maxdata0.iev,0.0,0.0
1179," ./client -l /results/temp/quant_key.log -c false -r 20 -u  -t 3600 -v 5 -e 0xff00001d https://localhost:4443/
",client,quic_client_test_double_tp_error0,,server_return_code(1)+ivy_return_code(1),/results/temp/415/quic_client_test_double_tp_error0.iev,0.0,0.0
1180," ./client -l /results/temp/quant_key.log -c false -r 20 -u  -t 3600 -v 5 -e 0xff00001d https://localhost:4443/
",client,quic_client_test_no_odci0,,server_return_code(1)+ivy_return_code(1),/results/temp/1145/quic_client_test_no_odci0.iev,0.0,0.0
1181," ./client -l /results/temp/quant_key.log -c false -r 20 -u  -t 3600 -v 5 -e 0xff00001d https://localhost:4443/
",client,quic_client_test_double_tp_error0,,server_return_code(1)+ivy_return_code(1),/results/temp/473/quic_client_test_double_tp_error0.iev,0.0,0.0
1182," ./client -l /results/temp/quant_key.log -c false -r 20 -u  -t 3600 -v 5 -e 0xff00001d https://localhost:4443/
",client,quic_client_test_tp_error0,,"ivy_return_code(1)+"""")",/results/temp/230/quic_client_test_tp_error0.iev,0.0,0.0
1183," ./client -l /results/temp/quant_key.log -c false -r 20 -u  -t 3600 -v 5 -e 0xff00001d https://localhost:4443/
",client,quic_client_test_double_tp_error0,,server_return_code(1)+ivy_return_code(1),/results/temp/410/quic_client_test_double_tp_error0.iev,0.0,0.0
1184," ./client -l /results/temp/quant_key.log -c false -r 20 -u  -t 3600 -v 5 -e 0xff00001d https://localhost:4443/
",client,quic_client_test_max0,,ivy_return_code(127)+,/results/temp/98/quic_client_test_max0.iev,0.0,0.0
1185," ./client -l /results/temp/quant_key.log -c false -r 20 -u  -t 3600 -v 5 -e 0xff00001d https://localhost:4443/
",client,quic_client_test_tp_limit_acticoid_error0,,server_return_code(1)+ivy_return_code(1),/results/temp/668/quic_client_test_tp_limit_acticoid_error0.iev,0.0,0.0
1186," ./client -l /results/temp/quant_key.log -c false -r 20 -u  -t 3600 -v 5 -e 0xff00001d https://localhost:4443/
",client,quic_client_test_tp_acticoid_error0,,,/results/temp/513/quic_client_test_tp_acticoid_error0.iev,0.0,1.0
1187," ./client -l /results/temp/quant_key.log -c false -r 20 -u  -t 3600 -v 5 -e 0xff00001d https://localhost:4443/
",client,quic_client_test_no_odci0,,server_return_code(1)+ivy_return_code(1),/results/temp/1191/quic_client_test_no_odci0.iev,0.0,0.0
1188," ./client -l /results/temp/quant_key.log -c false -r 20 -u  -t 3600 -v 5 -e 0xff00001d https://localhost:4443/
",client,quic_client_test_max0,,ivy_return_code(127)+,/results/temp/58/quic_client_test_max0.iev,0.0,0.0
1189," ./client -l /results/temp/quant_key.log -c false -r 20 -u  -t 3600 -v 5 -e 0xff00001d https://localhost:4443/
",client,quic_client_test_tp_acticoid_error0,,,/results/temp/575/quic_client_test_tp_acticoid_error0.iev,0.0,1.0
1190," ./client -l /results/temp/quant_key.log -c false -r 20 -u  -t 3600 -v 5 -e 0xff00001d https://localhost:4443/
",client,quic_client_test_tp_error0,,server_return_code(1)+ivy_return_code(1),/results/temp/293/quic_client_test_tp_error0.iev,0.0,0.0
1191," ./client -l /results/temp/quant_key.log -c false -r 20 -u  -t 3600 -v 5 -e 0xff00001d https://localhost:4443/
",client,quic_client_test_double_tp_error0,,server_return_code(1)+ivy_return_code(1),/results/temp/454/quic_client_test_double_tp_error0.iev,0.0,0.0
1192," ./client -l /results/temp/quant_key.log -c false -r 20 -u  -t 3600 -v 5 -e 0xff00001d https://localhost:4443/
",client,quic_client_test_tp_error0,,"ivy_return_code(1)+"""")",/results/temp/262/quic_client_test_tp_error0.iev,0.0,0.0
1193," ./client -l /results/temp/quant_key.log -c false -r 20 -u  -t 3600 -v 5 -e 0xff00001d https://localhost:4443/
",client,quic_client_test_tp_prefadd_error0,,server_return_code(1)+ivy_return_code(1),/results/temp/1080/quic_client_test_tp_prefadd_error0.iev,0.0,0.0
1194," ./client -l /results/temp/quant_key.log -c false -r 20 -u  -t 3600 -v 5 -e 0xff00001d https://localhost:4443/
",client,quic_client_test_tp_limit_acticoid_error0,,server_return_code(1)+ivy_return_code(1),/results/temp/680/quic_client_test_tp_limit_acticoid_error0.iev,0.0,0.0
1195," ./client -l /results/temp/quant_key.log -c false -r 20 -u  -t 3600 -v 5 -e 0xff00001d https://localhost:4443/
",client,quic_client_test_max0,,ivy_return_code(127)+,/results/temp/22/quic_client_test_max0.iev,0.0,0.0
1196," ./client -l /results/temp/quant_key.log -c false -r 20 -u  -t 3600 -v 5 -e 0xff00001d https://localhost:4443/
",client,quic_client_test_accept_maxdata0,,ivy_return_code(127)+,/results/temp/990/quic_client_test_accept_maxdata0.iev,0.0,0.0
1197," ./client -l /results/temp/quant_key.log -c false -r 20 -u  -t 3600 -v 5 -e 0xff00001d https://localhost:4443/
",client,quic_client_test_tp_prefadd_error0,,server_return_code(1)+ivy_return_code(1),/results/temp/1042/quic_client_test_tp_prefadd_error0.iev,0.0,0.0
1198," ./client -l /results/temp/quant_key.log -c false -r 20 -u  -t 3600 -v 5 -e 0xff00001d https://localhost:4443/
",client,quic_client_test_tp_error0,,server_return_code(1)+ivy_return_code(1),/results/temp/257/quic_client_test_tp_error0.iev,0.0,0.0
1199," ./client -l /results/temp/quant_key.log -c false -r 20 -u  -t 3600 -v 5 -e 0xff00001d https://localhost:4443/
",client,quic_client_test_ext_min_ack_delay0,,,/results/temp/1218/quic_client_test_ext_min_ack_delay0.iev,0.0,1.0
