SERVER_HANDSHAKE_TRAFFIC_SECRET 9ab2ca8c222e7c12e0d491541704360dd6c360d8375bf65bd7d2a84d894855b3 3f1249e91a1d50d981fe6ee35d67be96281c1232e093a5baef5b8d7e4fafc5a0
CLIENT_HANDSHAKE_TRAFFIC_SECRET 9ab2ca8c222e7c12e0d491541704360dd6c360d8375bf65bd7d2a84d894855b3 1ebdf3dee0ab0cbb36a804384b1b41d6c8b5feed857004a975d6bb6aca96bff5
SERVER_TRAFFIC_SECRET_0 9ab2ca8c222e7c12e0d491541704360dd6c360d8375bf65bd7d2a84d894855b3 651cc6ae33a1968d53dd68ba7312a973e11b850f7047f5a2e72008f91932e897
CLIENT_TRAFFIC_SECRET_0 9ab2ca8c222e7c12e0d491541704360dd6c360d8375bf65bd7d2a84d894855b3 162a8cd0374d456e3b8b322a966f96099d21784a5ce27bdecfdcad1d158598b9
SERVER_HANDSHAKE_TRAFFIC_SECRET cdc467f708b486c6522762e0c491556180592185450a55eaf56621975613127e 4d1355fb59813b71248d1532d6418fe7c6924432c1735a47045b3a6edb515937
CLIENT_HANDSHAKE_TRAFFIC_SECRET cdc467f708b486c6522762e0c491556180592185450a55eaf56621975613127e 9627d6a7ba1ff78b40d03da44f648c292af2ded6f0f105c599211f8b66adceb7
SERVER_TRAFFIC_SECRET_0 cdc467f708b486c6522762e0c491556180592185450a55eaf56621975613127e e0eea1598bf90811e601bbd04ba4d1802790a3dd31055c6b2f53dd5b641fd435
CLIENT_TRAFFIC_SECRET_0 cdc467f708b486c6522762e0c491556180592185450a55eaf56621975613127e 5b6517aeb6d3a9cf869b1020c56e3e47909816a4e4f63358466869d4ae83c64d
SERVER_HANDSHAKE_TRAFFIC_SECRET b6e72a219834aef1c13a3304a5b9f99e40a5e1c3276400533940adbf3681f90e bb306ac1a69fb51153c6624d71ed6c2162a1506f91275169134bfa30b284bdf0
CLIENT_HANDSHAKE_TRAFFIC_SECRET b6e72a219834aef1c13a3304a5b9f99e40a5e1c3276400533940adbf3681f90e a105737d4c07f6d669e437e2c2e020fcac1e160c90f91d1b161b225057fed25e
SERVER_TRAFFIC_SECRET_0 b6e72a219834aef1c13a3304a5b9f99e40a5e1c3276400533940adbf3681f90e adcba2c433a6f17d6996599a33d9b76a9a20da91b5fbb0628f525b00d31d810f
CLIENT_TRAFFIC_SECRET_0 b6e72a219834aef1c13a3304a5b9f99e40a5e1c3276400533940adbf3681f90e 0336a4fcaa7886648bfeaf2b871cce4fc9a7189c14592ec0a04b899b28886066
SERVER_HANDSHAKE_TRAFFIC_SECRET d3c4e0eb5f980a7773fc958508128a0f6cd8e33fa2e4041ec1522b222ad63297 edf8aab60b773119185813f1ec0adf5fd7de94b537d4c9ee81b32985db20401c
CLIENT_HANDSHAKE_TRAFFIC_SECRET d3c4e0eb5f980a7773fc958508128a0f6cd8e33fa2e4041ec1522b222ad63297 4b08548a612ed81455e20f424801446af063558d50c86ce3183e05dc02761eff
SERVER_TRAFFIC_SECRET_0 d3c4e0eb5f980a7773fc958508128a0f6cd8e33fa2e4041ec1522b222ad63297 f4cf4b2578ed15af5a26fb31b163666b9301e24a72ab3fde9c4ea2e90dbb2886
CLIENT_TRAFFIC_SECRET_0 d3c4e0eb5f980a7773fc958508128a0f6cd8e33fa2e4041ec1522b222ad63297 e3240563a1f888f7117aa98b1d535ac005e9cc273f9116aca821d7332ac5c130
SERVER_HANDSHAKE_TRAFFIC_SECRET b78721e850374099e711a24248ee5943e9dc674bc675d0ac17b91a3873ff76b6 0ec74690c55ada9bd4fb15ff67a9d5ef6b10ee2dda434a236f78ed4956fc3de8
CLIENT_HANDSHAKE_TRAFFIC_SECRET b78721e850374099e711a24248ee5943e9dc674bc675d0ac17b91a3873ff76b6 3690f501c4d0e45ee101fdd7979c4b66780e925b3b0b388495a13dc028fd4caf
SERVER_TRAFFIC_SECRET_0 b78721e850374099e711a24248ee5943e9dc674bc675d0ac17b91a3873ff76b6 31f63ceba2fdb3576853ce1761f768241386740c0de2a70adda4d7e8fc7fc066
SERVER_HANDSHAKE_TRAFFIC_SECRET babdbeb6928ccad863cdecf685af9aaf02bc6a5ea1dd8eb3d4b578048388d5e7 35d3992dfebc7a6dc8d0a6ac4735a6f23ca402bfcd9feb062a62d1995f5ce97d
CLIENT_HANDSHAKE_TRAFFIC_SECRET babdbeb6928ccad863cdecf685af9aaf02bc6a5ea1dd8eb3d4b578048388d5e7 7d00d7cf6db1aa06de8bba7e9c5cf2f64c1d7e5009cd6bc215503e1c0fc292f1
SERVER_TRAFFIC_SECRET_0 babdbeb6928ccad863cdecf685af9aaf02bc6a5ea1dd8eb3d4b578048388d5e7 f7787647b08fa266948dc6b072dc02da56bd6588b9ce9b833bc92c1f5f8e836d
SERVER_HANDSHAKE_TRAFFIC_SECRET b920c87206223f5acd87dd1d54be056bc9096711d88eb3f8fc56c5d1a0b6f10c 605411db1dadd91f2fd7c5dc9abb284410c898e0704a88be76bb1bb5637c8578
CLIENT_HANDSHAKE_TRAFFIC_SECRET b920c87206223f5acd87dd1d54be056bc9096711d88eb3f8fc56c5d1a0b6f10c 586348ca6f7bf4d23037ce9754c66438b2f70d3d6238d540489d8b62e5ee60f8
SERVER_TRAFFIC_SECRET_0 b920c87206223f5acd87dd1d54be056bc9096711d88eb3f8fc56c5d1a0b6f10c 829a45bb797cb8ec9ed23d2aa6fbf979f708d54223a577cebc340a3696388919
SERVER_HANDSHAKE_TRAFFIC_SECRET 5c96019af6a64d2487ea40c0b7a9498a3d7d69010aaeff3e13033ab0945f8cdb 3f216dd64372e25afcc64b16e551ecb20ccb224508f611d08ccc2d949d83331d
CLIENT_HANDSHAKE_TRAFFIC_SECRET 5c96019af6a64d2487ea40c0b7a9498a3d7d69010aaeff3e13033ab0945f8cdb cb3e39057beef3767f8a6e486870d447a0968dbc9d38a72383ffedaa1616a16b
SERVER_TRAFFIC_SECRET_0 5c96019af6a64d2487ea40c0b7a9498a3d7d69010aaeff3e13033ab0945f8cdb b8b8480faaba066c0e8a8144d83f0b0261024096751e5b1c3b02866335ac987f
CLIENT_TRAFFIC_SECRET_0 5c96019af6a64d2487ea40c0b7a9498a3d7d69010aaeff3e13033ab0945f8cdb 4b4c65124fec92b3b50296b3309a640f95f1505a35ba9fb66c85c569a40a82d1
SERVER_HANDSHAKE_TRAFFIC_SECRET 3679aef8d62c0afb0240014c8223eb30d1e8d49cca533aa45f2b9e1bad8e8525 4b2db7cf4bdda1e3f1c4a0e782dc81e4b39dcbc9976136d94b8ad64cea5e6e08
CLIENT_HANDSHAKE_TRAFFIC_SECRET 3679aef8d62c0afb0240014c8223eb30d1e8d49cca533aa45f2b9e1bad8e8525 6ba868baebac4042ed49e8fe2a66e80fa6574036c1ef3af8b708d593d585062c
SERVER_TRAFFIC_SECRET_0 3679aef8d62c0afb0240014c8223eb30d1e8d49cca533aa45f2b9e1bad8e8525 8ee39e487cb332610af18ebfdfcd44fb3ca57daf116072db9cac5a11f4b9aa54
CLIENT_TRAFFIC_SECRET_0 3679aef8d62c0afb0240014c8223eb30d1e8d49cca533aa45f2b9e1bad8e8525 76d455442c1b62dbe3d52113fbd9da46d083fb6c23b5cba13245b22b8c151d03
SERVER_HANDSHAKE_TRAFFIC_SECRET e03b983e317a35a5c60d014180a7b1248c8309eabc10258800338db49447bf49 4824f83d2c09efa581470a4d3c232797478864e537d1f3cb8440a31ca22003cc
CLIENT_HANDSHAKE_TRAFFIC_SECRET e03b983e317a35a5c60d014180a7b1248c8309eabc10258800338db49447bf49 5e34e89e66b2590464dd16efbc62927aa70990773e621b9470c41242d32fe876
SERVER_TRAFFIC_SECRET_0 e03b983e317a35a5c60d014180a7b1248c8309eabc10258800338db49447bf49 6d0a8dfaad81195aa6b1b51db7034fd1bfef597c846ea2e850fe940c179d33cb
SERVER_HANDSHAKE_TRAFFIC_SECRET f7c75a727174a8e13d81d6a40fb9a6f1df94adbfe52d8252cc7825a5f11648b6 a23016feee3dca1406102d81441c445a30854ad9900cdef59c82729f5a10c362
CLIENT_HANDSHAKE_TRAFFIC_SECRET f7c75a727174a8e13d81d6a40fb9a6f1df94adbfe52d8252cc7825a5f11648b6 11ab054ab97086f634e1ab6aca8b68d743c395614a6679ad86e8ea4047b47261
SERVER_TRAFFIC_SECRET_0 f7c75a727174a8e13d81d6a40fb9a6f1df94adbfe52d8252cc7825a5f11648b6 f5a5535d52c63eb3387693e9849105d049c26fabd486a5ac50b2c11b8b84781e
CLIENT_TRAFFIC_SECRET_0 f7c75a727174a8e13d81d6a40fb9a6f1df94adbfe52d8252cc7825a5f11648b6 79cd36e57afc1de853bd2893b886c6a9b46dfb67271e5a8a6ee6e8ff17547f02
SERVER_HANDSHAKE_TRAFFIC_SECRET 495f6fc531107569ab347b7975fc10187508c60de53a9184ebfad8ea2bc967fb 58b4a814f0f37fdaff9c4a5cc6338a6a51dc51101cc8b06a3f8abf1c1172352b
CLIENT_HANDSHAKE_TRAFFIC_SECRET 495f6fc531107569ab347b7975fc10187508c60de53a9184ebfad8ea2bc967fb 4c9038990f7941ac7453d371157737ce2d6740bc192bfb53fa601a0523af069d
SERVER_TRAFFIC_SECRET_0 495f6fc531107569ab347b7975fc10187508c60de53a9184ebfad8ea2bc967fb 466130d24b8652debb48ed912cb9944abb46fbdb55f484f2df04516799f6e151
CLIENT_TRAFFIC_SECRET_0 495f6fc531107569ab347b7975fc10187508c60de53a9184ebfad8ea2bc967fb 5595dc5a721799070be9aa5f9bbabaf0faeb36f4eed89636bda2e1953b5f1791
SERVER_HANDSHAKE_TRAFFIC_SECRET 9c860cdaa5246d82aea798bf9f30b1f474e09e9c29d6944b1f8f8e403dcf7865 d7971229bd9283c2fa92f6dff84cfe054535e53630c488f053def39abe418374
CLIENT_HANDSHAKE_TRAFFIC_SECRET 9c860cdaa5246d82aea798bf9f30b1f474e09e9c29d6944b1f8f8e403dcf7865 bbc91278e85b278664c068bea53f20beca9887aa2dce15c3b0a4f38b165bba63
SERVER_TRAFFIC_SECRET_0 9c860cdaa5246d82aea798bf9f30b1f474e09e9c29d6944b1f8f8e403dcf7865 e55090d15d0419ed63fd04b5ff3e03e4af6d1e256b2e8d0c58cd60427c8b8ced
CLIENT_TRAFFIC_SECRET_0 9c860cdaa5246d82aea798bf9f30b1f474e09e9c29d6944b1f8f8e403dcf7865 d45a6208a8d0645fc88653f9ff88f4f294c02bb81ca0141d8f5cae7fdcf2bd9e
SERVER_HANDSHAKE_TRAFFIC_SECRET 9b5f01e3e9be17933ff99cc26d7414e532ceea1cb65f98d0329be6a76a948975 456c5c327a0c1abb6bf583369e6858575bdf8d7a3581eb014892c4d475c26139
CLIENT_HANDSHAKE_TRAFFIC_SECRET 9b5f01e3e9be17933ff99cc26d7414e532ceea1cb65f98d0329be6a76a948975 06087bde8ca6d7c72847102096c734c556bcb6a558bade6e24bf8373e0b5224b
SERVER_TRAFFIC_SECRET_0 9b5f01e3e9be17933ff99cc26d7414e532ceea1cb65f98d0329be6a76a948975 61c4bb9662fc9bc36ecdc54421a13b054925f38b16f0dfa3fa3994029b93713c
CLIENT_TRAFFIC_SECRET_0 9b5f01e3e9be17933ff99cc26d7414e532ceea1cb65f98d0329be6a76a948975 bce40995d81567ac3b513274d419a92a7d44610c27e034a3eaf6a1fa281e8304
SERVER_HANDSHAKE_TRAFFIC_SECRET b3062970cdbbdd1bdbbe87d266d1f70ca484f1aa7777e3e529abcaf8540ea923 c479ad8ee445c597348a991d6764fb35b47f0e398b62909b50804589a58a5a8b
CLIENT_HANDSHAKE_TRAFFIC_SECRET b3062970cdbbdd1bdbbe87d266d1f70ca484f1aa7777e3e529abcaf8540ea923 df2cdd0eec5b50e14a7e4fad2ce146bdefa099eada7aefcd94bac0979f662b76
SERVER_TRAFFIC_SECRET_0 b3062970cdbbdd1bdbbe87d266d1f70ca484f1aa7777e3e529abcaf8540ea923 c7e5c3c6c415c5d5bd7021f1feea1a03e43708997648c2d1435006b91d0dc320
SERVER_HANDSHAKE_TRAFFIC_SECRET baa12c82dd91c245d127e36196adebc29963c1ab9f4ae3f2dad5dc5a7e3a4646 74a2806af7f90c121e22157307d56464832c9cced0f81d38f740e483a5fe0e52
CLIENT_HANDSHAKE_TRAFFIC_SECRET baa12c82dd91c245d127e36196adebc29963c1ab9f4ae3f2dad5dc5a7e3a4646 4396ddddccee50757c0812efa6a05d6a51fd9021e94059ec112a38b60047ed56
SERVER_TRAFFIC_SECRET_0 baa12c82dd91c245d127e36196adebc29963c1ab9f4ae3f2dad5dc5a7e3a4646 d5710c517986e9ffdfcd1a964b51bbf4b850225f14c4723f0dd03f7a6418dfc9
SERVER_HANDSHAKE_TRAFFIC_SECRET 56407546c9e07a2f29f387f769921cc0022028fcae62938ad708e963e9ba230b 3d7a433b644ed842ad57569ef648a7f30b1b6bc541f6e38fd902a616f2dfae85
CLIENT_HANDSHAKE_TRAFFIC_SECRET 56407546c9e07a2f29f387f769921cc0022028fcae62938ad708e963e9ba230b b052c9e8610dea60d7a3da5a38e12be009df14d83e4c17f3a3982504cd206f39
SERVER_TRAFFIC_SECRET_0 56407546c9e07a2f29f387f769921cc0022028fcae62938ad708e963e9ba230b f1f5d7e1d725e7369a1ac05b17fe1a664a2d17e0c628006a91466cdc83faa15e
SERVER_HANDSHAKE_TRAFFIC_SECRET 66085fa8776f67106f58b3ded05fb174f0d94d946f99d7c0b3fee1b4560264fe 0762cc677a4354a9ace0e21b644624dc793c51f1724513be0208ce403fc5c1d0
CLIENT_HANDSHAKE_TRAFFIC_SECRET 66085fa8776f67106f58b3ded05fb174f0d94d946f99d7c0b3fee1b4560264fe fc73e9f886c3847b4d00e309444d292e57dd64f1fdb754cbea8182dbc0a78675
SERVER_TRAFFIC_SECRET_0 66085fa8776f67106f58b3ded05fb174f0d94d946f99d7c0b3fee1b4560264fe f1bbde93afe7139b138238d8864f5e8b4acde1c1db38996f71c03a752bb101b8
SERVER_HANDSHAKE_TRAFFIC_SECRET f208cd9c61e9302f835f4e48a8c5b28b2d9c94b1b442dfdc5b3017016d552ce7 b6e75bca6491fc2858f38c8d58ae6c581d1de37414af9395d6dcaf37cabe9583
CLIENT_HANDSHAKE_TRAFFIC_SECRET f208cd9c61e9302f835f4e48a8c5b28b2d9c94b1b442dfdc5b3017016d552ce7 610b5004e77d59d3e28e78263aac419d0479703e1a30c345fb4b99e70e690fe9
SERVER_TRAFFIC_SECRET_0 f208cd9c61e9302f835f4e48a8c5b28b2d9c94b1b442dfdc5b3017016d552ce7 13f6c46c0f916d83096a1e990a7a10d6ec949ed2e515fd2fffc98ba463b4eb66
CLIENT_TRAFFIC_SECRET_0 f208cd9c61e9302f835f4e48a8c5b28b2d9c94b1b442dfdc5b3017016d552ce7 be388d48d3814c775232d4c940558b9708c2000e624b8d55225aad94c8134596
SERVER_HANDSHAKE_TRAFFIC_SECRET 1e8663f3a017bb4c48b0b3622ab9405c17a1bae9084f27dc49603d7b40d3231b ed36db8d86bd53ebe7c5a18303e2d3d418fd22f5e19f6ab788847093dd36668d
CLIENT_HANDSHAKE_TRAFFIC_SECRET 1e8663f3a017bb4c48b0b3622ab9405c17a1bae9084f27dc49603d7b40d3231b 881ed1e0791a39951cf8eddfd45792ab7ac235609134ca86bfc9c15aaf8bfc00
SERVER_TRAFFIC_SECRET_0 1e8663f3a017bb4c48b0b3622ab9405c17a1bae9084f27dc49603d7b40d3231b 0ace8b9137b4b3245362cfde9b5eefe34e0ece7768066e9c1ee7dbe6ae38e346
CLIENT_TRAFFIC_SECRET_0 1e8663f3a017bb4c48b0b3622ab9405c17a1bae9084f27dc49603d7b40d3231b d2bc43991d755800effc9d73e939adcdeedfe7b7b2251637e37726c5a12b0124
SERVER_HANDSHAKE_TRAFFIC_SECRET b9f900ca1cdf974038ae16c2f8ae559c454f436a84c2a369027d9e1cbb7d07cf 31c8e4b966394d2ba8ba05ffd66724a1a03e3b0497dc618a2f0a39d983ef5dc5
CLIENT_HANDSHAKE_TRAFFIC_SECRET b9f900ca1cdf974038ae16c2f8ae559c454f436a84c2a369027d9e1cbb7d07cf 7aff7e26799c3544f2f410d548a640aa46788a35d67471ece3d04b11f615c0d6
SERVER_TRAFFIC_SECRET_0 b9f900ca1cdf974038ae16c2f8ae559c454f436a84c2a369027d9e1cbb7d07cf 2ae03dd35ae3d86bafdc1217aab70de4088e273b721d2cafce1ce363c3ffde5d
CLIENT_TRAFFIC_SECRET_0 b9f900ca1cdf974038ae16c2f8ae559c454f436a84c2a369027d9e1cbb7d07cf a2185187c70130322c01b5dad28ae096f4497febd028d2e022655e4e8944365d
SERVER_HANDSHAKE_TRAFFIC_SECRET 6f94101d5b71610ccbcf8cd5c490de31d503349ce1335b86218f4ca9d7c71865 1ae1327914d78ba0a1b57885744097160a212dd50ee964d0c0ace4f399a83eae
CLIENT_HANDSHAKE_TRAFFIC_SECRET 6f94101d5b71610ccbcf8cd5c490de31d503349ce1335b86218f4ca9d7c71865 fa37a701689f8cec2129ace1e057c1c6fcc8b22b71689bb2d92868ac894b0e9f
SERVER_TRAFFIC_SECRET_0 6f94101d5b71610ccbcf8cd5c490de31d503349ce1335b86218f4ca9d7c71865 491b81e6389b908829228295923ac86cf861d74391e8c1436dbf3798bf8c7e68
SERVER_HANDSHAKE_TRAFFIC_SECRET bf26905a7a022c33a0b0c5260cbbfdbb9fcdcaeb21bd864cb40a88b35a0dfc95 047dac30418bdb3f01cc9576c0d4703b9b8f6553d17a98c94c8dc5a62888939d
CLIENT_HANDSHAKE_TRAFFIC_SECRET bf26905a7a022c33a0b0c5260cbbfdbb9fcdcaeb21bd864cb40a88b35a0dfc95 3078ecf9dafd9227aff46d92655239525bf97e15e3bfd5ce28da0261de3e5f3d
SERVER_TRAFFIC_SECRET_0 bf26905a7a022c33a0b0c5260cbbfdbb9fcdcaeb21bd864cb40a88b35a0dfc95 f1099dc46aa9e764702746a5f289e4e3250d575a00b632f7d70a384612e91a02
CLIENT_TRAFFIC_SECRET_0 bf26905a7a022c33a0b0c5260cbbfdbb9fcdcaeb21bd864cb40a88b35a0dfc95 9078074792ea9dde598dff72e2b36a75f133f33f51a3c877cae856aceb6d1708
SERVER_HANDSHAKE_TRAFFIC_SECRET 69ba38e55481069eb086ac198d0520b8f8b43fb526ccc9b58e311547a21922c3 d6bf949fe06c0a6f245cf3eba45e1534bf50ea7d6bf905c22676d95739467dd3
CLIENT_HANDSHAKE_TRAFFIC_SECRET 69ba38e55481069eb086ac198d0520b8f8b43fb526ccc9b58e311547a21922c3 3b3dc9aa21b4e45f2acc568b2dcc29c33fb9a4f82028ba1d1dab7ab84d66f751
SERVER_TRAFFIC_SECRET_0 69ba38e55481069eb086ac198d0520b8f8b43fb526ccc9b58e311547a21922c3 ca6fdddbac2ae0eebba06af56c203f29617724ec1b3b664ef36a126618f11044
CLIENT_TRAFFIC_SECRET_0 69ba38e55481069eb086ac198d0520b8f8b43fb526ccc9b58e311547a21922c3 e016757dba2402c0882d966698881a7080f013477659ecac4e70b39e2cffbff1
SERVER_HANDSHAKE_TRAFFIC_SECRET 4261e743795a0a8488d15944ccf6fdd5974461864751c1668643c61774db8d22 33d4c2a966098280b4af04cc1b01531f0080d237936a2c4ddb5ec3bed701451a
CLIENT_HANDSHAKE_TRAFFIC_SECRET 4261e743795a0a8488d15944ccf6fdd5974461864751c1668643c61774db8d22 95aeb2bd8e402f29c31cfcc4b42ed03f467b286647fc031669033d378ed259e6
SERVER_TRAFFIC_SECRET_0 4261e743795a0a8488d15944ccf6fdd5974461864751c1668643c61774db8d22 eddcdc13da409d3a7b052a18f0bc16a909028f024eeda1df26ca79d17f6bf30c
SERVER_HANDSHAKE_TRAFFIC_SECRET c3cfaf9fbec05f98f025fcd0e7d07936d8c7243ec2dc111f27ab9c05f3217881 5d861b5b5323981c9ccea8acf60f4d8abedb98fd20b8977def0d6486b14d0350
CLIENT_HANDSHAKE_TRAFFIC_SECRET c3cfaf9fbec05f98f025fcd0e7d07936d8c7243ec2dc111f27ab9c05f3217881 0811c2b71a73ba2290c3e5362367acb7bd3fdd69f7e4340cad724654468b6be2
SERVER_TRAFFIC_SECRET_0 c3cfaf9fbec05f98f025fcd0e7d07936d8c7243ec2dc111f27ab9c05f3217881 dd0e04aca147ae5e0ed2d5e77b83836c50ea567394dee55c3d07184850d52e9d
CLIENT_TRAFFIC_SECRET_0 c3cfaf9fbec05f98f025fcd0e7d07936d8c7243ec2dc111f27ab9c05f3217881 6aa19593b0c8fcb8f91c59a469e06dc68f39d3036d6d60487277c0ba439a5aa3
SERVER_HANDSHAKE_TRAFFIC_SECRET f8e2648d827f0961d05e16ff3432c8fc29a9d48b4592231bd95737ce01b304ae ce2fcd29126852766d860c7c42cb759b426cd65cfb6362a0e227c0aad4ca4647
CLIENT_HANDSHAKE_TRAFFIC_SECRET f8e2648d827f0961d05e16ff3432c8fc29a9d48b4592231bd95737ce01b304ae e15b6a3606a19c3f5412e55eefc16f2196d63483525e8541df4998ba6a1971b2
SERVER_TRAFFIC_SECRET_0 f8e2648d827f0961d05e16ff3432c8fc29a9d48b4592231bd95737ce01b304ae ac7d4c55a909fab962353a7f660c5b58d10b3878e25eb1343a06a27b48a71ba6
SERVER_HANDSHAKE_TRAFFIC_SECRET 62374899b4db70f5a718434a9c3d8726014c2e1273d384109e33e5eb95a53f91 d002b9fcba7f652989230f49e2144cd841b3de5c684031b79f8feb828e31ed5e
CLIENT_HANDSHAKE_TRAFFIC_SECRET 62374899b4db70f5a718434a9c3d8726014c2e1273d384109e33e5eb95a53f91 c1e0c3f98f67a3bb33c84beb836ed3eae8a0355a7c06f222a67dc10a729c2874
SERVER_TRAFFIC_SECRET_0 62374899b4db70f5a718434a9c3d8726014c2e1273d384109e33e5eb95a53f91 a0e98cf012f05893159064a110721705f1ffa1457a9252935d27d77d98684b71
CLIENT_TRAFFIC_SECRET_0 62374899b4db70f5a718434a9c3d8726014c2e1273d384109e33e5eb95a53f91 d711ad89a1a2edc6d8c9efd3e9bf038e3f600f34b376d54e1ca6eb43941314b2
SERVER_HANDSHAKE_TRAFFIC_SECRET 0361d4f05874ae686cfff1111343d8a7473340d4fb22dd4323785a8de67f8eee 5d5557511bd543c7e31ef3dcb192103aed97fcdf217311d682389bc0a5f7a8b1
CLIENT_HANDSHAKE_TRAFFIC_SECRET 0361d4f05874ae686cfff1111343d8a7473340d4fb22dd4323785a8de67f8eee 54d9c1a3e5e7691652eec913f1a291cd2b7c5dccc1caee17c1f4e6176dcdc392
SERVER_TRAFFIC_SECRET_0 0361d4f05874ae686cfff1111343d8a7473340d4fb22dd4323785a8de67f8eee e539ce406c184b4b05f38a9cf60f360236cdc9ac27abe25347e69e255c2ce8de
SERVER_HANDSHAKE_TRAFFIC_SECRET e39785a9840b0aa2ad99b87dd3f40e4aa61427996a2671349e57005da7a78a2d f07f85e8b98a5b0280ce4f7eff2dd8e0c41c23659a2fe3f56b94774661780460
CLIENT_HANDSHAKE_TRAFFIC_SECRET e39785a9840b0aa2ad99b87dd3f40e4aa61427996a2671349e57005da7a78a2d 3b8700dd359982de996024be0d354b533abfc2f1ea1381af48883b34bf08da46
SERVER_TRAFFIC_SECRET_0 e39785a9840b0aa2ad99b87dd3f40e4aa61427996a2671349e57005da7a78a2d 5673ebbda33d48a8f43280ff82b08842c2a623243af71d52e7b64b63f98629da
CLIENT_TRAFFIC_SECRET_0 e39785a9840b0aa2ad99b87dd3f40e4aa61427996a2671349e57005da7a78a2d e6274fe43df58ec8ad621ed953847902dc5afb3cb7cdcde6c64d10c9103a8e78
SERVER_HANDSHAKE_TRAFFIC_SECRET 246b27b6ac1bac38d3e515327dc2603fcf1a27f3a3ed97fb76eb767dd99888b6 9f10e97da8bbfbd2b55f88939921c72c714cc9561c400e7c03f454f059d511ec
CLIENT_HANDSHAKE_TRAFFIC_SECRET 246b27b6ac1bac38d3e515327dc2603fcf1a27f3a3ed97fb76eb767dd99888b6 649dc0e1c094a5334f5f38530859bfa6f3619414392d5af798feb014ffdb6b12
SERVER_TRAFFIC_SECRET_0 246b27b6ac1bac38d3e515327dc2603fcf1a27f3a3ed97fb76eb767dd99888b6 e35c9cdcd07d9f1c7d3c2da77634d3c60804959fce814027adbf157a7393cc44
SERVER_HANDSHAKE_TRAFFIC_SECRET 60f9bfbfd1b78a35f35814c1b0b9940187eff3b91541bfbc1e361253d6c6229b 4d8b6bcd7ac8e4455b38c1b9a0b804aac19e58a0a7ebeedb57322209d4498483
CLIENT_HANDSHAKE_TRAFFIC_SECRET 60f9bfbfd1b78a35f35814c1b0b9940187eff3b91541bfbc1e361253d6c6229b cd908f81f685c96af8480486d25b7d842f78d318d47608d2135a655c715b116c
SERVER_TRAFFIC_SECRET_0 60f9bfbfd1b78a35f35814c1b0b9940187eff3b91541bfbc1e361253d6c6229b a10a917bb9db47622d1c20567691e86117096e2e31dee57b33dce76181360f69
CLIENT_TRAFFIC_SECRET_0 60f9bfbfd1b78a35f35814c1b0b9940187eff3b91541bfbc1e361253d6c6229b 6c298cc4307143fd4bb77a074253088359422f4135cb41a8bb6fc8c4590da78a
SERVER_HANDSHAKE_TRAFFIC_SECRET ce871eea4e08c044e78af421d74dd2effdecc83991257653257eab25f966a1fb 65125756f2f65f6ce1b40d20e76ac89409fdd76d1e3ebce198636844d3268c36
CLIENT_HANDSHAKE_TRAFFIC_SECRET ce871eea4e08c044e78af421d74dd2effdecc83991257653257eab25f966a1fb b7c5e4099400c48033661eb7b4e3a3a4f590ae6f39a480c915bc26e97eab1fd4
SERVER_TRAFFIC_SECRET_0 ce871eea4e08c044e78af421d74dd2effdecc83991257653257eab25f966a1fb 8caa92b462160f7320fd24a8988f498d211ccbf0a43872d1b0d0d70dd65f6f20
CLIENT_TRAFFIC_SECRET_0 ce871eea4e08c044e78af421d74dd2effdecc83991257653257eab25f966a1fb dcf6193212839ccd6468c0ad2e1e36d72262b0342b08aadebea2b60b4288b287
SERVER_HANDSHAKE_TRAFFIC_SECRET 38c80d27b082c5a1b2040ea415e153311d7f4e2000485e8e9992a2d24354ada8 816e0d3fb7026d7979fcc9fdf1c9ad10a21dd4ed7f40bc7058b9b38b06e37322
CLIENT_HANDSHAKE_TRAFFIC_SECRET 38c80d27b082c5a1b2040ea415e153311d7f4e2000485e8e9992a2d24354ada8 953417a40a3b6e4205d13a192f094fb1be67290b38229e7a1b4f457aea342716
SERVER_TRAFFIC_SECRET_0 38c80d27b082c5a1b2040ea415e153311d7f4e2000485e8e9992a2d24354ada8 e6fcb2878a803282cf51c4f962ab4748aff86e181676c1fc97b6ce1f873d78cd
CLIENT_TRAFFIC_SECRET_0 38c80d27b082c5a1b2040ea415e153311d7f4e2000485e8e9992a2d24354ada8 e5cf5e0ed7a391a9addbb46acfaba7d9bc5b32c4a8b88ac5d630ef85168741eb
SERVER_HANDSHAKE_TRAFFIC_SECRET c7e2c98adabd0232fc910c99f57be61a157882df1841604a1d9a12429ddbed0b 1b502657c27452cef871bc0626612b1b5bd01df001d96c918194df63bff035c0
CLIENT_HANDSHAKE_TRAFFIC_SECRET c7e2c98adabd0232fc910c99f57be61a157882df1841604a1d9a12429ddbed0b b7540ded95bab0566e40a6fb0207898037a2c67952524e106766ef071377269f
SERVER_TRAFFIC_SECRET_0 c7e2c98adabd0232fc910c99f57be61a157882df1841604a1d9a12429ddbed0b e47dad202409c62180d87c37c514067e32e80084d0f5b20bafce89831aedb61b
CLIENT_TRAFFIC_SECRET_0 c7e2c98adabd0232fc910c99f57be61a157882df1841604a1d9a12429ddbed0b 57e243aec21252714973b9646abae6ab57ef30a9642a8aa0c15e9db9437684e8
SERVER_HANDSHAKE_TRAFFIC_SECRET 631e2b73b3e2798a2f353d09d505bcb3739ee7bfda9970c6dc45d15d20b8312f 87ee46172a6dd5f4d180d5e766b68a856c848516e4ae12d00b16370c159f05f8
CLIENT_HANDSHAKE_TRAFFIC_SECRET 631e2b73b3e2798a2f353d09d505bcb3739ee7bfda9970c6dc45d15d20b8312f c85cadaad2216ce41a7bdb58be6e02b158b5571f57e5707916e3357b8905624a
SERVER_TRAFFIC_SECRET_0 631e2b73b3e2798a2f353d09d505bcb3739ee7bfda9970c6dc45d15d20b8312f d52cfb9563b32a826ba575e760d6e3d531c29efeefef22aac21e27a419cc0c71
CLIENT_TRAFFIC_SECRET_0 631e2b73b3e2798a2f353d09d505bcb3739ee7bfda9970c6dc45d15d20b8312f 937a07931ad67a18a2e0d1ac7db9ef9d8444ac586cce711b7e08a2e55c91ed6e
SERVER_HANDSHAKE_TRAFFIC_SECRET 8087eca66fa89aa63ae3c9de1530bc92f704c06eb64846e789b183896235f312 4c1ce076445b2611864f9f3a063f6c0f7f2e9b928d87fde1631d97d3b611876d
CLIENT_HANDSHAKE_TRAFFIC_SECRET 8087eca66fa89aa63ae3c9de1530bc92f704c06eb64846e789b183896235f312 e2bf59162383e2d7676745d0d5f5c683e4987d2b85ddee0eef377d41261af86d
SERVER_TRAFFIC_SECRET_0 8087eca66fa89aa63ae3c9de1530bc92f704c06eb64846e789b183896235f312 078025e333fda718128a045c8b57e292e502ff8764663cb1e3d0ab5afc9036b4
CLIENT_TRAFFIC_SECRET_0 8087eca66fa89aa63ae3c9de1530bc92f704c06eb64846e789b183896235f312 6ff55005f9389b0889637b63aec94bd8a873dc4b8c197560910855bf71623eea
SERVER_HANDSHAKE_TRAFFIC_SECRET 96701a78cf6e46430a20ca93b3720cb3794e3ce6bd87cd719bd3dbfe425fe5a8 7fe60cee5f72e5e197750744501094b9c6c2a1ee97c4e1ffd9d6b4fa31e028a8
CLIENT_HANDSHAKE_TRAFFIC_SECRET 96701a78cf6e46430a20ca93b3720cb3794e3ce6bd87cd719bd3dbfe425fe5a8 294d602b0b8903efa24c0aef212332934ea2c00b643046d086a2acaa44ec985e
SERVER_TRAFFIC_SECRET_0 96701a78cf6e46430a20ca93b3720cb3794e3ce6bd87cd719bd3dbfe425fe5a8 d0423046eaf7b7234905996a8c0c742540e68f26dcbe0259407d7429f54ac343
CLIENT_TRAFFIC_SECRET_0 96701a78cf6e46430a20ca93b3720cb3794e3ce6bd87cd719bd3dbfe425fe5a8 44996571af1626d39d29b35981811cfc6dc13694cccd847cec23bc54f2095182
SERVER_HANDSHAKE_TRAFFIC_SECRET 1c26680da3216398f3f331ff8004162de934d564866599ab4afeaea58489b64f 3b9bf509dfc7f1adfd4122466d1a243033a44e33db3ca40732bde98ea8fc9e4f
CLIENT_HANDSHAKE_TRAFFIC_SECRET 1c26680da3216398f3f331ff8004162de934d564866599ab4afeaea58489b64f 2b5357eb37e3f593f14c27c8dd6b5d9ecfe4e9a06e9501578251d53a84ec9af2
SERVER_TRAFFIC_SECRET_0 1c26680da3216398f3f331ff8004162de934d564866599ab4afeaea58489b64f ddcd667094e72fea623abba3f2e1bcb9011cc27602dfdaed584306fbae3c5dc6
SERVER_HANDSHAKE_TRAFFIC_SECRET e05cf43c1c64737ab1ff358dfa4fb3b1b6492adb0cad8ebd64717ddaf5164e08 649bdcf208b11e932f445fd3fe16fef25fc805a6829451094958a473ab666fa8
CLIENT_HANDSHAKE_TRAFFIC_SECRET e05cf43c1c64737ab1ff358dfa4fb3b1b6492adb0cad8ebd64717ddaf5164e08 9ca79dff19a215d7f892c9edc330013d5116ce41afa2c63160b068eb1f78b71e
SERVER_TRAFFIC_SECRET_0 e05cf43c1c64737ab1ff358dfa4fb3b1b6492adb0cad8ebd64717ddaf5164e08 348c5703ff44603931a370407e3f5fb7e416f40f18da12a35053a26f3917d134
CLIENT_TRAFFIC_SECRET_0 e05cf43c1c64737ab1ff358dfa4fb3b1b6492adb0cad8ebd64717ddaf5164e08 4f0b62fb5afaf23cc0f9481092c62befdf744ff9d309c339ea27b1cf9b77ece6
SERVER_HANDSHAKE_TRAFFIC_SECRET c3c61cf4a8f18ba806d4c48d283bbe9fad9e1b1476cd5546e9d47c4a10f3ac75 d5d5a581febe257f6b21824b39adb31a8a77310db8a72f1b269020e2e18c4b5a
CLIENT_HANDSHAKE_TRAFFIC_SECRET c3c61cf4a8f18ba806d4c48d283bbe9fad9e1b1476cd5546e9d47c4a10f3ac75 6a2dd2f807b795ddb580b78c348dbedbd9276fb28008c785b17f8b49a567a0f5
SERVER_TRAFFIC_SECRET_0 c3c61cf4a8f18ba806d4c48d283bbe9fad9e1b1476cd5546e9d47c4a10f3ac75 8a88f9f380afaadfd5b9b97f1967cf71f409fff337cc881441f6b3f7da329ccd
CLIENT_TRAFFIC_SECRET_0 c3c61cf4a8f18ba806d4c48d283bbe9fad9e1b1476cd5546e9d47c4a10f3ac75 d3c3648de9eadd02237f9debf60df46d6f99a5a6a542fc5e5ab6b4795f0e7b8f
SERVER_HANDSHAKE_TRAFFIC_SECRET 17b36f2e64fe01c3a00ee501ba816be65989a0f102f19d1e8b0f1a7773fd0cc5 da7a8e766cf91328c39b027d4e2f4d6f4f72d27d4f6b24c19937fc04b6c23bfa
CLIENT_HANDSHAKE_TRAFFIC_SECRET 17b36f2e64fe01c3a00ee501ba816be65989a0f102f19d1e8b0f1a7773fd0cc5 2f7102ec7d26492bd150cd48c52e5cf95d2f0a458e668ad7a25a929c84bfb7ea
SERVER_TRAFFIC_SECRET_0 17b36f2e64fe01c3a00ee501ba816be65989a0f102f19d1e8b0f1a7773fd0cc5 bc3164d93f09c6c2ce9145349c3d11a574159afb0e25e2ba18e7ce500a21f441
SERVER_HANDSHAKE_TRAFFIC_SECRET cea58bdc324a7df25b4676ed60d2b6f7699bd1e0180b0bd4a228cc35f3b07517 4baf4b2b6acaed0e7ba939ad7454cb54dccef61721d2934e96014b6308535c2a
CLIENT_HANDSHAKE_TRAFFIC_SECRET cea58bdc324a7df25b4676ed60d2b6f7699bd1e0180b0bd4a228cc35f3b07517 5cbfc389ad7930aaae416ddcf92423e1402343292e8ae74d464949b2f1c1e91a
SERVER_TRAFFIC_SECRET_0 cea58bdc324a7df25b4676ed60d2b6f7699bd1e0180b0bd4a228cc35f3b07517 3e8bdac4215918678fd37540fac63638dc51ac30a7aea727e2de23d534e8de8b
SERVER_HANDSHAKE_TRAFFIC_SECRET 17a282530045a15cd22d5e3c0c7518c94bfd4aff3a076349b34963c6e0448779 12dc6a52f86d221b1c575e536f949979ba89c48976484e4e63ada06818b70d8d
CLIENT_HANDSHAKE_TRAFFIC_SECRET 17a282530045a15cd22d5e3c0c7518c94bfd4aff3a076349b34963c6e0448779 a4814232f91047361efeb458a2237a978a424db27c6b9affb48218a492ebcbbc
SERVER_TRAFFIC_SECRET_0 17a282530045a15cd22d5e3c0c7518c94bfd4aff3a076349b34963c6e0448779 4e7b59db49a136380703fe078c41a73ff3e61900da55bd23f7eb4e1d7b1ea3a8
SERVER_HANDSHAKE_TRAFFIC_SECRET 81b0063ac9a556f14697ac84930f6ac2eccd2d29386c41ec1b39d679d2aa5596 a4776495a0d511c76973a0bd45596e89842d26755685cbaf1759ae583ba0661e
CLIENT_HANDSHAKE_TRAFFIC_SECRET 81b0063ac9a556f14697ac84930f6ac2eccd2d29386c41ec1b39d679d2aa5596 0386f6863d85d90f8c480a12e796f74dbd3f77918e643681e18665c885f65a69
SERVER_TRAFFIC_SECRET_0 81b0063ac9a556f14697ac84930f6ac2eccd2d29386c41ec1b39d679d2aa5596 834c575324276fd0db29c0c53580640c2b6dd4ae9a10a399666c58a3fcabf398
CLIENT_TRAFFIC_SECRET_0 81b0063ac9a556f14697ac84930f6ac2eccd2d29386c41ec1b39d679d2aa5596 0910d8b2452f51aee57cca54421948a843d5dd8fea27de490fa45e9e146fab37
SERVER_HANDSHAKE_TRAFFIC_SECRET 2833cc14edadf20e828ecfdebc69f6d488dab047387d24200c2e81c8b2f7b524 c8ca137a4116c6317129192f926df94157787d897214f7cc5b62d3b42ab50e24
CLIENT_HANDSHAKE_TRAFFIC_SECRET 2833cc14edadf20e828ecfdebc69f6d488dab047387d24200c2e81c8b2f7b524 f4d7dfb4e906fe2649938f9ecb990ed4501224ab95e634cc7288aaee9e75c348
SERVER_TRAFFIC_SECRET_0 2833cc14edadf20e828ecfdebc69f6d488dab047387d24200c2e81c8b2f7b524 f2824466f44488284a40775309a6651732a5173bb458a5ab745a9ccfad114f86
SERVER_HANDSHAKE_TRAFFIC_SECRET 715198ad510cf75ab86d2ab6f3b40d5bf928d07619aed8a7d94fce7d7f26b983 7606cd41e4f2c04ed94118c4af93cb081a85fb5e1c45dec871ce36cd2b12b399
CLIENT_HANDSHAKE_TRAFFIC_SECRET 715198ad510cf75ab86d2ab6f3b40d5bf928d07619aed8a7d94fce7d7f26b983 d8bf96ee669d3e44a09865e8824ced9fe00e5e568bae9bc24d67ec3908fc7562
SERVER_TRAFFIC_SECRET_0 715198ad510cf75ab86d2ab6f3b40d5bf928d07619aed8a7d94fce7d7f26b983 56c79563eb7bce9e83e0dd429548e25ff3161eb476fcc8c8c6a602be3bcc587f
CLIENT_TRAFFIC_SECRET_0 715198ad510cf75ab86d2ab6f3b40d5bf928d07619aed8a7d94fce7d7f26b983 a841240e39f8c27628c8da30945c922c495e138dd0b18322fd219382ca54fb44
SERVER_HANDSHAKE_TRAFFIC_SECRET 8410342afaab8b2e160dad3d8840bb21d308b64ca1ee607ca93d3cdf13aa02ee fc6cfd77167109aa7c9846f8f64f1c9ee8e11da22ed22228b6ae99de65d21845
CLIENT_HANDSHAKE_TRAFFIC_SECRET 8410342afaab8b2e160dad3d8840bb21d308b64ca1ee607ca93d3cdf13aa02ee 14a4f3fd158c1546c373d7277f5ccdad26d928f758c8bc1086e2d4a4735088a5
SERVER_TRAFFIC_SECRET_0 8410342afaab8b2e160dad3d8840bb21d308b64ca1ee607ca93d3cdf13aa02ee c3cae4a52b31db618b9d7bebd4be2493a51b9586e7ba89e93802c7be67845a9f
CLIENT_TRAFFIC_SECRET_0 8410342afaab8b2e160dad3d8840bb21d308b64ca1ee607ca93d3cdf13aa02ee 4bedcd00454d3459d6adf3461c47a286eaf9fee857c6d67341c3f502ac80a97f
SERVER_HANDSHAKE_TRAFFIC_SECRET 5a5085916d84ba6661ebf860e46b5bd7dac89b06ab8279df8dac9229e594ffaf c7fccdc94f73ad4a55d05571f816738593ac6ca4d3393b62f27373843ae1ec80
CLIENT_HANDSHAKE_TRAFFIC_SECRET 5a5085916d84ba6661ebf860e46b5bd7dac89b06ab8279df8dac9229e594ffaf 91028bd6082f4a0a71e789a227faaf630dad0c2ff8ac86a5160e766c861601cb
SERVER_TRAFFIC_SECRET_0 5a5085916d84ba6661ebf860e46b5bd7dac89b06ab8279df8dac9229e594ffaf ff503e7c14b9e6d0758c07738018590ab8fbc5483d43c7197aaf5272331ed37e
CLIENT_TRAFFIC_SECRET_0 5a5085916d84ba6661ebf860e46b5bd7dac89b06ab8279df8dac9229e594ffaf f929c22ee58b8e05b0f491da1087feef9a5569af4ff411b4f6492f71cd2e7a8f
SERVER_HANDSHAKE_TRAFFIC_SECRET 8179e751bda47e78bbbb70e1fca0a76ddbacf3175176aac2dbb3a2fa997bba1f 00822bce8a70494dad6f2ee79e3ad9a53fa2763ea252174482c7d3695ee3c535
CLIENT_HANDSHAKE_TRAFFIC_SECRET 8179e751bda47e78bbbb70e1fca0a76ddbacf3175176aac2dbb3a2fa997bba1f f82d0084547c44f747deae19b4f0e2e2dfc9bbf837a885573dc6aea312c01f17
SERVER_TRAFFIC_SECRET_0 8179e751bda47e78bbbb70e1fca0a76ddbacf3175176aac2dbb3a2fa997bba1f d51e367a0e1572191ed0b65d1bdb864e3b1757d3c15bb0351445ad8490c0428b
SERVER_HANDSHAKE_TRAFFIC_SECRET c3f05878c3545770cf59c075c20a4951f2591996bc3b4aa08812e1b09a319697 baa186fbd1895953b637e47ee795f0bc660e8b44625069021d0e065ebf0954e1
CLIENT_HANDSHAKE_TRAFFIC_SECRET c3f05878c3545770cf59c075c20a4951f2591996bc3b4aa08812e1b09a319697 355710b08087cf0a93f619056e587f36794fe64e3768f90769ad32710efd9571
SERVER_TRAFFIC_SECRET_0 c3f05878c3545770cf59c075c20a4951f2591996bc3b4aa08812e1b09a319697 58a3f45c1fc59063f7068c7b5d04231dda6a654a3f67816294f9c0254e4ec862
SERVER_HANDSHAKE_TRAFFIC_SECRET 9aa6feccafea8db4a8642debf5b74d1a1f9165611f9a2fb53021c510361b204f b68056ed24b6fb68806d577fca38539d4c8d812ed65992a93e8593be01d12358
CLIENT_HANDSHAKE_TRAFFIC_SECRET 9aa6feccafea8db4a8642debf5b74d1a1f9165611f9a2fb53021c510361b204f 043d16af6b1e7d9e57ad57a9d83e0a18c2e44a5627eca960be1137e61da11cbd
SERVER_TRAFFIC_SECRET_0 9aa6feccafea8db4a8642debf5b74d1a1f9165611f9a2fb53021c510361b204f 4c118917880dc17cbaae9f0157d1b2025a5f6952a41b808ea90febcdfcbb4e76
SERVER_HANDSHAKE_TRAFFIC_SECRET ac013c3dadf63dc818d18fa049b5f4ac758caf4eeb00a27b89140f937e87f956 c76b3360e625b6e57b1dda34f11a7e87a449ba49e18866517c2d050d928d319d
CLIENT_HANDSHAKE_TRAFFIC_SECRET ac013c3dadf63dc818d18fa049b5f4ac758caf4eeb00a27b89140f937e87f956 cbef9a7aec19a3c55cc8f386f0c9f15edbad388886e7eabcedc3853aec7d5846
SERVER_TRAFFIC_SECRET_0 ac013c3dadf63dc818d18fa049b5f4ac758caf4eeb00a27b89140f937e87f956 5053d8c2f2f967f55e4a7e3958cbb47c4540459ebf4f1250d1a01272ecb4268f
CLIENT_TRAFFIC_SECRET_0 ac013c3dadf63dc818d18fa049b5f4ac758caf4eeb00a27b89140f937e87f956 fe1b3ea088de31d14222d4cfe67f2ba6a29637b90f371016948a21cc216bc2d3
SERVER_HANDSHAKE_TRAFFIC_SECRET 6849ffd5d8df78dafa4a8664a3723a7f151d1f634672b860613b4db413c0a424 e1f9c8e5515a861bc17a3dc9369952818fe4465ac03cc1973656d33842b57765
CLIENT_HANDSHAKE_TRAFFIC_SECRET 6849ffd5d8df78dafa4a8664a3723a7f151d1f634672b860613b4db413c0a424 a8c5b83e38d4e7eb3850449237304abcf8ab12046380b5d99b762df311535d6e
SERVER_TRAFFIC_SECRET_0 6849ffd5d8df78dafa4a8664a3723a7f151d1f634672b860613b4db413c0a424 599eca62927daa63501c52123066c6f96b2a72933e3b3aa3639e1f8e24a46df4
CLIENT_TRAFFIC_SECRET_0 6849ffd5d8df78dafa4a8664a3723a7f151d1f634672b860613b4db413c0a424 a8c46cd5b391c55b74e7b66ee97d67045ccbdc4f10dc7a1998d19dcb5d65ec4c
SERVER_HANDSHAKE_TRAFFIC_SECRET 73f6cf0a31ed6a3af9d65f79b061303860a46a89f6080bf2904f603c7cea718e 40244009ba76c40c97d16d7877e30732833bc1f63a6ccebdca67936dc2d3276e
CLIENT_HANDSHAKE_TRAFFIC_SECRET 73f6cf0a31ed6a3af9d65f79b061303860a46a89f6080bf2904f603c7cea718e e5e782566300bfd4038dcb6184f6d5044b5fd6c485458160f05e13760e0ed507
SERVER_TRAFFIC_SECRET_0 73f6cf0a31ed6a3af9d65f79b061303860a46a89f6080bf2904f603c7cea718e 1061219306ff351d4ce1cc0657cc9f663f22f32267fac561e74a7d7097d6925e
CLIENT_TRAFFIC_SECRET_0 73f6cf0a31ed6a3af9d65f79b061303860a46a89f6080bf2904f603c7cea718e 5d0de13c6c823a6a01f72eb26f030c0a014749ca1666e38115305ea2b66c7192
SERVER_HANDSHAKE_TRAFFIC_SECRET 9e63b707b7cd2080a5ec2aa3d3092d31f66bf37f0aaae07ab8a4fca256528ae7 09422732ea1f1ebaee922405f602d7a63bdab97bac70bc9c59b5e6805d658e94
CLIENT_HANDSHAKE_TRAFFIC_SECRET 9e63b707b7cd2080a5ec2aa3d3092d31f66bf37f0aaae07ab8a4fca256528ae7 e8e56fc1789b871ecd81ad8a73a0d0de8b902085c7f22b7026c9d689023cc08f
SERVER_TRAFFIC_SECRET_0 9e63b707b7cd2080a5ec2aa3d3092d31f66bf37f0aaae07ab8a4fca256528ae7 6af4f445916e19e93b6fb31ece267af0cf6be89ec8821fa68130c0a9a5d0b046
CLIENT_TRAFFIC_SECRET_0 9e63b707b7cd2080a5ec2aa3d3092d31f66bf37f0aaae07ab8a4fca256528ae7 f17c8395bd69ed453c69b851f3c5b796318913634b7412d8e418d10fd03c67b3
SERVER_HANDSHAKE_TRAFFIC_SECRET b43e6c390ad5c575d8a12abca86878b19d58228a678b5f7a279cd28f47e6e580 20c150666c86bd60bd5312335a0024a6a2f527ba086a12a5b569e5b6566b1cad
CLIENT_HANDSHAKE_TRAFFIC_SECRET b43e6c390ad5c575d8a12abca86878b19d58228a678b5f7a279cd28f47e6e580 200640cfa743f8b8f391e1cce7f158429136839bc1b273ef9ac4de19a45018b7
SERVER_TRAFFIC_SECRET_0 b43e6c390ad5c575d8a12abca86878b19d58228a678b5f7a279cd28f47e6e580 c9501d8ec715e87cb266111b5c5022a6870eacf3a55ead8e58089b81082da5b4
SERVER_HANDSHAKE_TRAFFIC_SECRET 1b017f03fa9f1809244f4d679ffc1e6227f039eea373c80eb7bf97c4e38123b1 0e1f9b157b527ad45792eae787ad2746b77c5ef1d2221ac56894b06d9cf4b8cc
CLIENT_HANDSHAKE_TRAFFIC_SECRET 1b017f03fa9f1809244f4d679ffc1e6227f039eea373c80eb7bf97c4e38123b1 c4b65457f56be4fcf46367e550aef82334dd1132aff0b70c6a15ca3f14be3595
SERVER_TRAFFIC_SECRET_0 1b017f03fa9f1809244f4d679ffc1e6227f039eea373c80eb7bf97c4e38123b1 6bfcf6062f14f46861416ffaf6d6293bfcc8064608c5b19a9d72d1f0601a10ac
CLIENT_TRAFFIC_SECRET_0 1b017f03fa9f1809244f4d679ffc1e6227f039eea373c80eb7bf97c4e38123b1 053c4484b30599239c045cb7b70149550035ffff74ce924626f1a92940ad0388
SERVER_HANDSHAKE_TRAFFIC_SECRET 6ad744c7dce0737fcaf63f86c04a2ac2ae9bec2be54a4f84d5f4b0542fa34271 936db04e4edceb56f412dbdcd057f036c1a7f23f816b88a8c70519a0c745b67a
CLIENT_HANDSHAKE_TRAFFIC_SECRET 6ad744c7dce0737fcaf63f86c04a2ac2ae9bec2be54a4f84d5f4b0542fa34271 2de204d1961e16f693dd1e5de67962fd1762891943f733df9e2b1469e44a0ccb
SERVER_TRAFFIC_SECRET_0 6ad744c7dce0737fcaf63f86c04a2ac2ae9bec2be54a4f84d5f4b0542fa34271 c2793c68007ac5bd409aabaad90e1d5050d31cb29929cf7eaaace87b208a5b95
CLIENT_TRAFFIC_SECRET_0 6ad744c7dce0737fcaf63f86c04a2ac2ae9bec2be54a4f84d5f4b0542fa34271 6eb4f4afee676e3f5ec670e9bf4b6a431395e445f3d4ed6a4c6adbe3e2155c82
SERVER_HANDSHAKE_TRAFFIC_SECRET 23b87903ce2d0ca6e64bd3e815f3c519bb9b844e89ab956074ef8142a36bcd97 cb076068a381688e0aeaccd27391bf083fc78caae6d50d8854816ab813408ed5
CLIENT_HANDSHAKE_TRAFFIC_SECRET 23b87903ce2d0ca6e64bd3e815f3c519bb9b844e89ab956074ef8142a36bcd97 695fc2159f35d2845e095b72d7b37abbe2f013b7a95841ad194f73dd65e4ab54
SERVER_TRAFFIC_SECRET_0 23b87903ce2d0ca6e64bd3e815f3c519bb9b844e89ab956074ef8142a36bcd97 03e0d12d48d54cd60e377cc408a46d4570047ce4a3d3747bf7e091f47c0f471c
SERVER_HANDSHAKE_TRAFFIC_SECRET 6100d7ceae95648f3178ed71231d47666c29a0a52bf76e58ce6978e1f8f23399 7783db5fbf9730a2a00a1a765909d3dd707298ce4ccb742f1e643a67176a8445
CLIENT_HANDSHAKE_TRAFFIC_SECRET 6100d7ceae95648f3178ed71231d47666c29a0a52bf76e58ce6978e1f8f23399 1dd2074fc520825bae975bff82be59490dff2e3c85c75b8d0209053afc100a84
SERVER_TRAFFIC_SECRET_0 6100d7ceae95648f3178ed71231d47666c29a0a52bf76e58ce6978e1f8f23399 56b82f405fdb8fd9e8c616335ab9a7e5304f87ea1a7eef8a97ffba94dfcace70
CLIENT_TRAFFIC_SECRET_0 6100d7ceae95648f3178ed71231d47666c29a0a52bf76e58ce6978e1f8f23399 b50340f43e2ef99e33e4de8120e5d8d407363549d62bca661b5f88180f7c1e25
SERVER_HANDSHAKE_TRAFFIC_SECRET 8e26a73e54336afcc18d25b0fa74742a35f1d3741bf07c441d583b5644b98ac2 edef87e6d63e68c157544ec78e4f3bcccb61279bb0ce454ae7ee114d887ff4cd
CLIENT_HANDSHAKE_TRAFFIC_SECRET 8e26a73e54336afcc18d25b0fa74742a35f1d3741bf07c441d583b5644b98ac2 f6e4c4408234fd676c28694575dec67f94259e3963f497479355e1bfb3ef206e
SERVER_TRAFFIC_SECRET_0 8e26a73e54336afcc18d25b0fa74742a35f1d3741bf07c441d583b5644b98ac2 bece3091ab690ed9e174224fc2f539e38e177f066eb770a4dd1185e6369ed12c
CLIENT_TRAFFIC_SECRET_0 8e26a73e54336afcc18d25b0fa74742a35f1d3741bf07c441d583b5644b98ac2 e2a819d9b5f2834cd10a2613da04284f37a6b3633e347b6c1abb8d18d9088d43
SERVER_HANDSHAKE_TRAFFIC_SECRET 25470e17dddb685601fe755829a51801b9f57a64ad52d1d7bdd0d01c44a50881 7b1bb56ca0a1445d462f183983b4982e12e4d23b2d3b19256bc172e084b9d4a2
CLIENT_HANDSHAKE_TRAFFIC_SECRET 25470e17dddb685601fe755829a51801b9f57a64ad52d1d7bdd0d01c44a50881 b860414deeefbe18df8503206eacb3a10e9e5d946c3c13bb451d15e4b7cf2f70
SERVER_TRAFFIC_SECRET_0 25470e17dddb685601fe755829a51801b9f57a64ad52d1d7bdd0d01c44a50881 07cfb66bfdc4ce98fb1fbe9816c8643ed3653a91c75287e7ff1c9d71c1bb709d
CLIENT_TRAFFIC_SECRET_0 25470e17dddb685601fe755829a51801b9f57a64ad52d1d7bdd0d01c44a50881 895450df5bd5138fe5e7dca6637abf31c3367352ec666f28d9bf74bc67745703
SERVER_HANDSHAKE_TRAFFIC_SECRET 3777f7e8aa921311f673fd7c3769b8f2e130be7950369a3cd62fd7029d372ab8 91a915bfbacac3f57617936e79e8663ab6f38c2c18de2bfab56ef9d02fc1d015
CLIENT_HANDSHAKE_TRAFFIC_SECRET 3777f7e8aa921311f673fd7c3769b8f2e130be7950369a3cd62fd7029d372ab8 d83529d287e630bf620f9581231e6af1d7fa535aa4e3c366370137c2d374b63d
SERVER_TRAFFIC_SECRET_0 3777f7e8aa921311f673fd7c3769b8f2e130be7950369a3cd62fd7029d372ab8 16766212aaa47f1245141beb529d63cb03e88bfd3f11551085d37f447c107d04
CLIENT_TRAFFIC_SECRET_0 3777f7e8aa921311f673fd7c3769b8f2e130be7950369a3cd62fd7029d372ab8 c505ed1a9854e01ee90200cda284c2ecdad4eb05873674cd0965dabb2e1a52e6
SERVER_HANDSHAKE_TRAFFIC_SECRET 285edfaffffe11c9d47632460e4ccbb608ed88d1ec36612ad7df2ec0f9919bd2 1d96729c400980250a95744a82f9bea7cbe9238fadf2f7373f3a0ddf23c893e3
CLIENT_HANDSHAKE_TRAFFIC_SECRET 285edfaffffe11c9d47632460e4ccbb608ed88d1ec36612ad7df2ec0f9919bd2 0f04726360f7ed360668197f2e32b3d9d6ae99134ab34cbad5a39dd1afd2a151
SERVER_TRAFFIC_SECRET_0 285edfaffffe11c9d47632460e4ccbb608ed88d1ec36612ad7df2ec0f9919bd2 a96741c9b1c599cee80a69a262cd15150173a8c790eebb2d97f110cc922afb64
SERVER_HANDSHAKE_TRAFFIC_SECRET 8e90fb244b050b37cb406d97c4b80d1502947e50dcc6c7e7abe957db891d7827 9bccd1c35858e023f1d7840fb84e5559d1b2d37a25e1309c0c9df2da0b0a44de
CLIENT_HANDSHAKE_TRAFFIC_SECRET 8e90fb244b050b37cb406d97c4b80d1502947e50dcc6c7e7abe957db891d7827 42c3fbc3377b15929c7733a3eb85de653d55bf4f3aa3f4ac2e529dd147709107
SERVER_TRAFFIC_SECRET_0 8e90fb244b050b37cb406d97c4b80d1502947e50dcc6c7e7abe957db891d7827 d7f76e551d210166241a6da811370d91b578d9452649c05d4ebc0e212a6aceeb
CLIENT_TRAFFIC_SECRET_0 8e90fb244b050b37cb406d97c4b80d1502947e50dcc6c7e7abe957db891d7827 44a7ad57915b289cd9f51e27026a536926a14c50af6b11157133dec359b9f61c
SERVER_HANDSHAKE_TRAFFIC_SECRET 5c27c214abf515a83ef19bf53707a8c7399dec99772f502176d3c2357b2f0a33 f7387ac64a3a4b497f4edc07743a8a33ab0c0ae5ac70cf59f20dc9f7b1a895b4
CLIENT_HANDSHAKE_TRAFFIC_SECRET 5c27c214abf515a83ef19bf53707a8c7399dec99772f502176d3c2357b2f0a33 2b9a281333fb0c4285decebc6b385e75a686a012437f84325c780a2af81818fd
SERVER_TRAFFIC_SECRET_0 5c27c214abf515a83ef19bf53707a8c7399dec99772f502176d3c2357b2f0a33 69525248b2590963c81f968b89c1de6567bea73f3ae486d0f3abb1f72f7ad145
CLIENT_TRAFFIC_SECRET_0 5c27c214abf515a83ef19bf53707a8c7399dec99772f502176d3c2357b2f0a33 f019110b90555616a2943a4475ff4baa9cd3a8b3460151cd23c21d402f1eec16
SERVER_HANDSHAKE_TRAFFIC_SECRET 76c88d782c3ad828ca43bfac76084137f9e4fd4737adb92f100609e2959f3e48 415528f19a9464c7d9c59b900947e8643deb1e4617f2749128a676ad461c0f6b
CLIENT_HANDSHAKE_TRAFFIC_SECRET 76c88d782c3ad828ca43bfac76084137f9e4fd4737adb92f100609e2959f3e48 d3fafedd283dd36653cfa0dab330de99652976feb153c405365c33d7245e2358
SERVER_TRAFFIC_SECRET_0 76c88d782c3ad828ca43bfac76084137f9e4fd4737adb92f100609e2959f3e48 4135cab8908bd4f6a2a4adcbaae792df14cac08749d22976f6b936d887a5ea73
CLIENT_TRAFFIC_SECRET_0 76c88d782c3ad828ca43bfac76084137f9e4fd4737adb92f100609e2959f3e48 84b610727b1b90a196f8cc695b15096704f4f264794aa2efcc9c51e9eec3ef3b
SERVER_HANDSHAKE_TRAFFIC_SECRET 101faec2964aaf7fe61bc95b8f0ec36c34b665959f28e63dc36627a9ddabd1a3 5091698058147f0d250cb170054bfb3a6bb150d6f2bfb60f32cadb7f734efaa7
CLIENT_HANDSHAKE_TRAFFIC_SECRET 101faec2964aaf7fe61bc95b8f0ec36c34b665959f28e63dc36627a9ddabd1a3 1c3cbfed26a367890f012014a10412e7fd5b59483054773add07092df4a97a83
SERVER_TRAFFIC_SECRET_0 101faec2964aaf7fe61bc95b8f0ec36c34b665959f28e63dc36627a9ddabd1a3 6187ae5122eae066b6a8a5043cfd91f0c9015786ef49d66e01ecffc51c697e5f
SERVER_HANDSHAKE_TRAFFIC_SECRET 59155bfac6681b73505b1e5336dbd557046227e431b27f472227e599ef8f6f0c 8d5824f32d990299062f66f950f865616013f26ed0e404c6c8414e860be0a527
CLIENT_HANDSHAKE_TRAFFIC_SECRET 59155bfac6681b73505b1e5336dbd557046227e431b27f472227e599ef8f6f0c a13c4f2966e4e37e69f883185a339e4692bd556ee75cf42413a4117759b0c799
SERVER_TRAFFIC_SECRET_0 59155bfac6681b73505b1e5336dbd557046227e431b27f472227e599ef8f6f0c 536c83fe5279b8422d5de60536cf5b3da66a55ae84a1eaa7dd923f1a0ca5cfb5
CLIENT_TRAFFIC_SECRET_0 59155bfac6681b73505b1e5336dbd557046227e431b27f472227e599ef8f6f0c 85a02dfa9327375a44e5838b9cee3dd0a56ee56bf02c7af4fdf7e489007427f3
SERVER_HANDSHAKE_TRAFFIC_SECRET d1f6dc255e05b2778393cb04bd529893684237decee67a08f74ab190e4ae94a3 d05c0f96df802e592bfcb9ac060491fe3f23fb6d70a9f22b2fefd717229abd2f
CLIENT_HANDSHAKE_TRAFFIC_SECRET d1f6dc255e05b2778393cb04bd529893684237decee67a08f74ab190e4ae94a3 c0dd3c4cc4adfad2ef508eb55d8e40c3dd5f9ec80ee5cbbbd5884903e94d31a0
SERVER_TRAFFIC_SECRET_0 d1f6dc255e05b2778393cb04bd529893684237decee67a08f74ab190e4ae94a3 f2cbe8e50bca093638fa7656650afc371332830e3c25cee24e7f4bd37cd3ebdf
SERVER_HANDSHAKE_TRAFFIC_SECRET b192f6ac9562440526aadb1963351dacf345eca9a123a2c990e988da76a5a2af cad74177da4a352f7379960a6be8379a44f2354b23e1792bbd2441705ddd1ebc
CLIENT_HANDSHAKE_TRAFFIC_SECRET b192f6ac9562440526aadb1963351dacf345eca9a123a2c990e988da76a5a2af 0359ad5d442cb3c2c1c68dd67e8e7dfbb55ce91bc1ac0214dfa4bfea79c02454
SERVER_TRAFFIC_SECRET_0 b192f6ac9562440526aadb1963351dacf345eca9a123a2c990e988da76a5a2af 9b54f6df91a2e2285bcc6b021918a01f4714df72dd28f8ef924e506736865817
CLIENT_TRAFFIC_SECRET_0 b192f6ac9562440526aadb1963351dacf345eca9a123a2c990e988da76a5a2af c46019f83b077a75ee96ebe15e9786898531f9c31a826a4bc43230b0825a97b1
SERVER_HANDSHAKE_TRAFFIC_SECRET 4bc0a635d31c7711ff633c8147155043f10b40efd1e3bfe75c0460dc52db6d01 16d75f5882f31d2592ce178e68c29b857660e60a58edc7554b3c707660507fb3
CLIENT_HANDSHAKE_TRAFFIC_SECRET 4bc0a635d31c7711ff633c8147155043f10b40efd1e3bfe75c0460dc52db6d01 264db76c37d183692be136f0069fbc90d2393eaa6a1112c6faf8be81be10288b
SERVER_TRAFFIC_SECRET_0 4bc0a635d31c7711ff633c8147155043f10b40efd1e3bfe75c0460dc52db6d01 b035f9fccc03831a179634d221975e59e636f4bee05267c2ba5dca2f62b7ce29
CLIENT_TRAFFIC_SECRET_0 4bc0a635d31c7711ff633c8147155043f10b40efd1e3bfe75c0460dc52db6d01 9b3860a551f48a3af69fe011aed05777273294fda81f9dde3206f990b114a866
SERVER_HANDSHAKE_TRAFFIC_SECRET a47f9e28f343313249b40e207c41150f774fd3777c427fc2845eb60be20e6345 110259bb2c69ed06b0e8e654ae61e561bf9e1d74032086d0968924a9ec92fef8
CLIENT_HANDSHAKE_TRAFFIC_SECRET a47f9e28f343313249b40e207c41150f774fd3777c427fc2845eb60be20e6345 30ee8f66aef86022032c3ef020f1fcaa56931cbb3ada9e69d74eb930ae0a7cdd
SERVER_TRAFFIC_SECRET_0 a47f9e28f343313249b40e207c41150f774fd3777c427fc2845eb60be20e6345 c374f2a010002df3426ccdd049180c0103c81cc7e4067ff427f771ddc0793bd4
CLIENT_TRAFFIC_SECRET_0 a47f9e28f343313249b40e207c41150f774fd3777c427fc2845eb60be20e6345 0c8058e7e6c80dbcfe9413584a6549c1a4490f730901b61ca03734f7da2f6402
SERVER_HANDSHAKE_TRAFFIC_SECRET 4e7f293f146d1a44da63764d320ddfba36902225075f1e0140820365d67683fa fdeb469a3f7c797416c5aac5baa4bd3473f619b4b20c02223ebbffe559bd76ac
CLIENT_HANDSHAKE_TRAFFIC_SECRET 4e7f293f146d1a44da63764d320ddfba36902225075f1e0140820365d67683fa aa944e68b13b3aa568ff0d9f8495458a1293b6b17f2b7ec3545dcb5b7d6a38ad
SERVER_TRAFFIC_SECRET_0 4e7f293f146d1a44da63764d320ddfba36902225075f1e0140820365d67683fa 3f06ac733d01fa93eeaeb7c547e2f88bb44ede0d359410cae0097de1f4d6a1fb
CLIENT_TRAFFIC_SECRET_0 4e7f293f146d1a44da63764d320ddfba36902225075f1e0140820365d67683fa 03075770bdee1a9e4e3e89b18f012a1fae77ab13fc6a931bf4a69cd95e494795
SERVER_HANDSHAKE_TRAFFIC_SECRET 77ea1d57a1a449b7e911836bfa5706e63e02cb0a83b0510cef51c929103a3331 2eb06c719443fcfc97fe9d0a8c5552bb67d598ca8a25732ef2620c6a3d12a8ba
CLIENT_HANDSHAKE_TRAFFIC_SECRET 77ea1d57a1a449b7e911836bfa5706e63e02cb0a83b0510cef51c929103a3331 c4ff22e06b5d70358e276acea73be81a1a3df120fb1ca6c9d259fe4607c8d0f7
SERVER_TRAFFIC_SECRET_0 77ea1d57a1a449b7e911836bfa5706e63e02cb0a83b0510cef51c929103a3331 cf96c56da5af2e11ef0864c68dc6762f91b04f169a412fb57cd1894b8db7ecc4
CLIENT_TRAFFIC_SECRET_0 77ea1d57a1a449b7e911836bfa5706e63e02cb0a83b0510cef51c929103a3331 fc644f63594744364187a1d90e250712c884c50fa4f2d991b708e5a8bda84dab
SERVER_HANDSHAKE_TRAFFIC_SECRET bd285548fca05283879ca3dd73c23ed6473013d48b5bcbe2e4a6ee5ccc62396a 1a91d97c0c392b4d68b7310cc3cd302f58f57df6cd9633f6661e3aecc366be2c
CLIENT_HANDSHAKE_TRAFFIC_SECRET bd285548fca05283879ca3dd73c23ed6473013d48b5bcbe2e4a6ee5ccc62396a f5e2f2a83d897e261d83bc84bb21eb7aba2b9797b567564da7b69b1075382fe8
SERVER_TRAFFIC_SECRET_0 bd285548fca05283879ca3dd73c23ed6473013d48b5bcbe2e4a6ee5ccc62396a ccc636a662d37bf9b2d394696f2b4917bbcf7b5f7563b1dc8166ac947768a02d
CLIENT_TRAFFIC_SECRET_0 bd285548fca05283879ca3dd73c23ed6473013d48b5bcbe2e4a6ee5ccc62396a 85f7ec4f0fc91f8ea541ff130faf2f8bb615066c00cc25cbe001595ce161d129
SERVER_HANDSHAKE_TRAFFIC_SECRET d30e5b46aac0e77c49e121e82e2d2347244745432ab451ba1dc513da85da542c 02a4063dbc081f529ef67074a1eb7ada622a3ac60a5579fcd74ae622118d3f81
CLIENT_HANDSHAKE_TRAFFIC_SECRET d30e5b46aac0e77c49e121e82e2d2347244745432ab451ba1dc513da85da542c 23f3974532ac5b2ea2cce2401af00acc86797d72d55605030a4d59c315c69fa2
SERVER_TRAFFIC_SECRET_0 d30e5b46aac0e77c49e121e82e2d2347244745432ab451ba1dc513da85da542c 7a850beb851df16c31cf377fa43f3105b082bbb7177bce1e70ff9c5f1973e70d
CLIENT_TRAFFIC_SECRET_0 d30e5b46aac0e77c49e121e82e2d2347244745432ab451ba1dc513da85da542c 4d769b34defa98a770e06724947960db3fa8d2b8c6cf5ec34f5f42a1296a53df
SERVER_HANDSHAKE_TRAFFIC_SECRET c25250d6a0a928a92db8c0d26e9f8114d25f6d26ba73283d8883ed544b9e6ea9 61996237e012f2b1f30b178b70e52605ce67c2e7cbca6095b93377907be56485
CLIENT_HANDSHAKE_TRAFFIC_SECRET c25250d6a0a928a92db8c0d26e9f8114d25f6d26ba73283d8883ed544b9e6ea9 2cee2017ec19ff2f75791d78acaf4c14375afe105688a4820f291b730c0a222c
SERVER_TRAFFIC_SECRET_0 c25250d6a0a928a92db8c0d26e9f8114d25f6d26ba73283d8883ed544b9e6ea9 738937bbeef7844ec9c7092d65846d81eace62203381017ea84c2c47ebcb5082
SERVER_HANDSHAKE_TRAFFIC_SECRET 2a4dd5ccdf173fe56e99cd3483ec2b2ad49345486339acd7a4d1da7ec0e3a645 f69a4273925d982c109b80816a6bb8cf198442b63f3f98fbff8f1b08259eac93
CLIENT_HANDSHAKE_TRAFFIC_SECRET 2a4dd5ccdf173fe56e99cd3483ec2b2ad49345486339acd7a4d1da7ec0e3a645 bfe6f789b6e2f9e0827f500dc0942007ea8a5c7af325f40f9218e47ae0ab8988
SERVER_TRAFFIC_SECRET_0 2a4dd5ccdf173fe56e99cd3483ec2b2ad49345486339acd7a4d1da7ec0e3a645 4e9ae73fc22fef69a7291199aea8aff14bb7b0402cb9d4326de85e3e9eac0dce
CLIENT_TRAFFIC_SECRET_0 2a4dd5ccdf173fe56e99cd3483ec2b2ad49345486339acd7a4d1da7ec0e3a645 8cfe08f605e6a690f4a194b7762cc622949e2c91e53f6b62dc355a159008aec0
SERVER_HANDSHAKE_TRAFFIC_SECRET 9198e494b1fbabdbf50f8e63f1c37abbd2cb49e6e58abb83bbeed3369e7dca4a adfeba454b69c8e7e229dd805a8800f9f45bfcf69f7513ded3ab11a46938028e
CLIENT_HANDSHAKE_TRAFFIC_SECRET 9198e494b1fbabdbf50f8e63f1c37abbd2cb49e6e58abb83bbeed3369e7dca4a e461cd67b511fbed0c35bb86255cc24c047789604652a7a6f148780056706194
SERVER_TRAFFIC_SECRET_0 9198e494b1fbabdbf50f8e63f1c37abbd2cb49e6e58abb83bbeed3369e7dca4a ea1bc7998c148397efb29ab15ec92ca806c812da6f84f4b4d5b2a7276ad74b5a
CLIENT_TRAFFIC_SECRET_0 9198e494b1fbabdbf50f8e63f1c37abbd2cb49e6e58abb83bbeed3369e7dca4a cc11ca22433b22f7a9c87b6bedcbefb559e82c742263fb82653fa4090ebbd826
SERVER_HANDSHAKE_TRAFFIC_SECRET e8c225941e8f99c329d5b7fab2af380d0db8e98125f72ce4e5d2892870887f2a b7af54e14d905bd02ddac29df96d79515ad46f4ee0e5dbaebbb316adfe2de757
CLIENT_HANDSHAKE_TRAFFIC_SECRET e8c225941e8f99c329d5b7fab2af380d0db8e98125f72ce4e5d2892870887f2a d8ca96503ee3c4b565c0cb0aeb6968ddfbb18615e46ac1118e5a46d8367cea70
SERVER_TRAFFIC_SECRET_0 e8c225941e8f99c329d5b7fab2af380d0db8e98125f72ce4e5d2892870887f2a 95d074832bfaf80115c006721e0fee6cd6ca88321cb712112494fac71f5848cf
CLIENT_TRAFFIC_SECRET_0 e8c225941e8f99c329d5b7fab2af380d0db8e98125f72ce4e5d2892870887f2a 111d2645efade631b252a15f5df01ad747df663b6771f4ace92debb721342a27
SERVER_HANDSHAKE_TRAFFIC_SECRET 95daebae85ead1dbe4735a457a80739b9dc73d076738e4e030f73e5be158a5a5 270ea94a723ade97f8b44e02d43dc029d03f086c15afe79a6ab45784fa997fd3
CLIENT_HANDSHAKE_TRAFFIC_SECRET 95daebae85ead1dbe4735a457a80739b9dc73d076738e4e030f73e5be158a5a5 ea98df4137c042b6e46d25236c3b2427982a0f80178a9732833680e140b64efa
SERVER_TRAFFIC_SECRET_0 95daebae85ead1dbe4735a457a80739b9dc73d076738e4e030f73e5be158a5a5 c730a873c88813d0d8901b91c84b1515b7e8afbf02d3d6e95eba421b173921f2
CLIENT_TRAFFIC_SECRET_0 95daebae85ead1dbe4735a457a80739b9dc73d076738e4e030f73e5be158a5a5 0ee8420c66af858b2ef4f6ff2479c30f7ecdaa97ffa5b95424ab30233cc41e83
SERVER_HANDSHAKE_TRAFFIC_SECRET 40fe9ef91590e30536efe52c72e08ff6c701ad4a88199fa4ad7e54e949a45f57 854530dda018324bc844d756f8e9662e1b9aa176ec6c6aa7853faef0d666061b
CLIENT_HANDSHAKE_TRAFFIC_SECRET 40fe9ef91590e30536efe52c72e08ff6c701ad4a88199fa4ad7e54e949a45f57 60ad196834f233bbe6c42b5c7344ef00d41238cd891116c31827427397de3716
SERVER_TRAFFIC_SECRET_0 40fe9ef91590e30536efe52c72e08ff6c701ad4a88199fa4ad7e54e949a45f57 8e52f322aad9685808e5a8d14bedb0afc3b296b3163a1f420954d2ee331a9867
SERVER_HANDSHAKE_TRAFFIC_SECRET 97bddcb70bab79594890a14983a38b58da79f69ee0b5089aa9b5012c60b9a67f fc43731fdbcce649fcddf61673cc914a4c512c208dc148cd0d83e1ddd92f8b98
CLIENT_HANDSHAKE_TRAFFIC_SECRET 97bddcb70bab79594890a14983a38b58da79f69ee0b5089aa9b5012c60b9a67f 5485cb5d51af7220795911e5a159960293a594a24d926b97c2219b4b622fbf1f
SERVER_TRAFFIC_SECRET_0 97bddcb70bab79594890a14983a38b58da79f69ee0b5089aa9b5012c60b9a67f 3ffedd2e0b2deee746dcd61a0589eca3f1869abc0c65f6d2c0b85f31b021fcfc
CLIENT_TRAFFIC_SECRET_0 97bddcb70bab79594890a14983a38b58da79f69ee0b5089aa9b5012c60b9a67f 630b1de8386c7f47371136174c88fd06c818789b357313ebaf0443ddaa6cdd60
SERVER_HANDSHAKE_TRAFFIC_SECRET e1c95098a656f527767660a7163a0a48c6abead04a7e7cbb866b9c28ee24d1f1 653b10d5503fa040dbcdf89e7febdefb4025ea8f59cd7fbe8efacfe7f90a2028
CLIENT_HANDSHAKE_TRAFFIC_SECRET e1c95098a656f527767660a7163a0a48c6abead04a7e7cbb866b9c28ee24d1f1 7c3496d6bf74db91c9c784ee1c565fcd5ad7ec8b7b0ff6cc8ec72b065467021d
SERVER_TRAFFIC_SECRET_0 e1c95098a656f527767660a7163a0a48c6abead04a7e7cbb866b9c28ee24d1f1 817fbdf7bfa1cd199a5b6c371218ce0f5f1fd8d379d897bbc0dab003ff3cd619
CLIENT_TRAFFIC_SECRET_0 e1c95098a656f527767660a7163a0a48c6abead04a7e7cbb866b9c28ee24d1f1 321d58967fc540e34215f68d07e360602f748dc1ac4a77eff2e86ebc98fbb837
SERVER_HANDSHAKE_TRAFFIC_SECRET 90af844a6357d23639bf8a59c1406e22fc6290f4dad6c5b1ac741e4f0ea28dae 4fee100c6406eec237bb77b7cb44068b6112f824c1577e8ff5d261ab23d13ae4
CLIENT_HANDSHAKE_TRAFFIC_SECRET 90af844a6357d23639bf8a59c1406e22fc6290f4dad6c5b1ac741e4f0ea28dae 2574db958805129a832009754b78f5bc55ec0073e4cf105c650363b0b5516ba4
SERVER_TRAFFIC_SECRET_0 90af844a6357d23639bf8a59c1406e22fc6290f4dad6c5b1ac741e4f0ea28dae 68a5f95b522ee02c375695d30f43173c442a35ed8243a75c19f402b97328747f
CLIENT_TRAFFIC_SECRET_0 90af844a6357d23639bf8a59c1406e22fc6290f4dad6c5b1ac741e4f0ea28dae d32c7c651286283c7ce8b90ffa2f460c09efb843023d3543c5630ad183753dfc
SERVER_HANDSHAKE_TRAFFIC_SECRET 348e6208cc212538a7752a4a4dd9cd12189d48397a6f7c901744fe25e18f7ee8 3e84a719c7d03583b9a28d25a840aee8226840c8a53560faf4ae75812e74cdef
CLIENT_HANDSHAKE_TRAFFIC_SECRET 348e6208cc212538a7752a4a4dd9cd12189d48397a6f7c901744fe25e18f7ee8 73d890db2c741559fb7c684eea57e415a0fc26fdd5bd0f2e04e6a7a070f00bf9
SERVER_TRAFFIC_SECRET_0 348e6208cc212538a7752a4a4dd9cd12189d48397a6f7c901744fe25e18f7ee8 4bd24e26f488afa9b7bd10334f20d737fe5632485b49d8a23f48deaedd33e308
SERVER_HANDSHAKE_TRAFFIC_SECRET e36103e5d2fa421e9abf813009ff8631ab0cb5ad48f964a854625e19918b3ee5 6af04ee113372f9cb3af854efe791660aa386d61296aab1a9d43ec3a5e174bb7
CLIENT_HANDSHAKE_TRAFFIC_SECRET e36103e5d2fa421e9abf813009ff8631ab0cb5ad48f964a854625e19918b3ee5 c61484abc0160263398b49c02afb9ce3abab7ebdb3e6524dc73b5329e660d7b1
SERVER_TRAFFIC_SECRET_0 e36103e5d2fa421e9abf813009ff8631ab0cb5ad48f964a854625e19918b3ee5 4661d288980a246d23d68dc5c3da318b393083bfed35a86324d8c01c4e59d8b3
SERVER_HANDSHAKE_TRAFFIC_SECRET bdc86f6342f7c2b8a95b2161ea9b4279fb53c75d546574dd4da782b020555aa6 df725f12f593c709c84f0d7f8efe790535e960279e865163bd52056bebf7821a
CLIENT_HANDSHAKE_TRAFFIC_SECRET bdc86f6342f7c2b8a95b2161ea9b4279fb53c75d546574dd4da782b020555aa6 5388ecfa8f0a804ffbe4245d16c3df9ecf4a380b8f3b20713745cc528d3fbc34
SERVER_TRAFFIC_SECRET_0 bdc86f6342f7c2b8a95b2161ea9b4279fb53c75d546574dd4da782b020555aa6 eb7c26507be2b0daa7f2544d6b3db376b8d7a8cb6ddea35fcf0961cb490659ef
CLIENT_TRAFFIC_SECRET_0 bdc86f6342f7c2b8a95b2161ea9b4279fb53c75d546574dd4da782b020555aa6 0583d231ee365c40170fb70f5e7d05de7913147ccddde18e260ef3e7f76a3dcf
SERVER_HANDSHAKE_TRAFFIC_SECRET d9145a032cf20f36e1c6ef05f52ac1f99cb45e64ec4afd89113e24bf6a2a0796 b2eeec0d4c638f7f2873ee78aa557bd7bf6244517ecd7d6d785dc95df9d73739
CLIENT_HANDSHAKE_TRAFFIC_SECRET d9145a032cf20f36e1c6ef05f52ac1f99cb45e64ec4afd89113e24bf6a2a0796 cdb5e77350bef1f841a53036e72783443fa631c89033fe4083b9617213e6ee2a
SERVER_TRAFFIC_SECRET_0 d9145a032cf20f36e1c6ef05f52ac1f99cb45e64ec4afd89113e24bf6a2a0796 11345c9ec8d5eaac1b541b4ad47ff67e19b85047eaead307cbd341d1ca16e6a6
CLIENT_TRAFFIC_SECRET_0 d9145a032cf20f36e1c6ef05f52ac1f99cb45e64ec4afd89113e24bf6a2a0796 83cf507d020880c66160a5c9b8a7b762de1d20a38bbf1473e4770f853528cff0
SERVER_HANDSHAKE_TRAFFIC_SECRET e48340d8660dd5bf53bff410c55f48b9c71de6ed4450e462ca6ffd83b36dc7cf 49de974c29c3fad5893b1e2e7b42537750a497a8dd96ac6e63a565f5ddacb13c
CLIENT_HANDSHAKE_TRAFFIC_SECRET e48340d8660dd5bf53bff410c55f48b9c71de6ed4450e462ca6ffd83b36dc7cf bd7fa90cec5ea2e3dde57551e4652c408d98d7c83757c5f32d10dbc8d81af7b6
SERVER_TRAFFIC_SECRET_0 e48340d8660dd5bf53bff410c55f48b9c71de6ed4450e462ca6ffd83b36dc7cf d617d6a69015dfa8549d94c5ef95ffb444e17bee7497bb24b4775528787fe319
CLIENT_TRAFFIC_SECRET_0 e48340d8660dd5bf53bff410c55f48b9c71de6ed4450e462ca6ffd83b36dc7cf 11f4e4481b602a125209dbd42ea84b4f7a3f8dea9c4aea5e8fecd4b17f0837ce
SERVER_HANDSHAKE_TRAFFIC_SECRET f33b38f10af411f3f45e1a31d93ec74dcc87222fe26df8d4a6a175fbec636739 8c9e6ec901931d18f96e914751e03ff1e31779a708a6ca4f64c5ac547d6a31b1
CLIENT_HANDSHAKE_TRAFFIC_SECRET f33b38f10af411f3f45e1a31d93ec74dcc87222fe26df8d4a6a175fbec636739 939a40333a1b612c4275ce7eb75193461388b5c5af62de74d5f2bd5d9b59b135
SERVER_TRAFFIC_SECRET_0 f33b38f10af411f3f45e1a31d93ec74dcc87222fe26df8d4a6a175fbec636739 cab628f13ba706248492bba9c11f40fc86f665ab3699d287f5fe1d9ef7c1063e
SERVER_HANDSHAKE_TRAFFIC_SECRET ec8a355861af70e928d7adfa16a34308fbfb7b003baaafc0ec18e6931a167320 a7d5158f2f863bf9bc6ebff4f6640eabcf70e8d850d476cdfecfc27c392f8928
CLIENT_HANDSHAKE_TRAFFIC_SECRET ec8a355861af70e928d7adfa16a34308fbfb7b003baaafc0ec18e6931a167320 e75a6e9f0c60efe7073472748d4ebafc5e872dd8adee62f6b932831fa91d945d
SERVER_TRAFFIC_SECRET_0 ec8a355861af70e928d7adfa16a34308fbfb7b003baaafc0ec18e6931a167320 69573a1527f20b182e9c54b20b4888d5dba7e7d36a607b4d1c9e630692eea76b
SERVER_HANDSHAKE_TRAFFIC_SECRET 8f2ae3b77aa71fec6091d6852807fc12fa0799f6281707bfc2b7c244f5bf98cd d7b297d45ce299f78e224277c7a706a98a738a1c257c15e629510d45c15eb845
CLIENT_HANDSHAKE_TRAFFIC_SECRET 8f2ae3b77aa71fec6091d6852807fc12fa0799f6281707bfc2b7c244f5bf98cd 8d820737e5369c2aa9c305a24a4224cee7d9eb1065ea92c6f153625d89ab95aa
SERVER_TRAFFIC_SECRET_0 8f2ae3b77aa71fec6091d6852807fc12fa0799f6281707bfc2b7c244f5bf98cd b388edfb55e9545dd2db5bde10ca35d71e58c3493fdddb8f42f31cae2f643d1b
SERVER_HANDSHAKE_TRAFFIC_SECRET 84025e4e6be7d4c3fe96c66d929eeca4784f1df3671a85b8a268c0436154185c bc53c8e203336ed401d50027b2d83ac5e035e2af97602817e3cfbb5a511bc75a
CLIENT_HANDSHAKE_TRAFFIC_SECRET 84025e4e6be7d4c3fe96c66d929eeca4784f1df3671a85b8a268c0436154185c bc61eecb4a41cb1ec672723b2b805ca82f1838191194854f1f9647750e1fc0ad
SERVER_TRAFFIC_SECRET_0 84025e4e6be7d4c3fe96c66d929eeca4784f1df3671a85b8a268c0436154185c 27ac1151441d64d7839ada27cdacd264c072ecdbbd95f789466436da576fe381
CLIENT_TRAFFIC_SECRET_0 84025e4e6be7d4c3fe96c66d929eeca4784f1df3671a85b8a268c0436154185c ef660b5c0e29d24efd40f9fd287ea1b5cc43483a242487c8d97596dee649028b
SERVER_HANDSHAKE_TRAFFIC_SECRET 37d5ec09366c0947692c2670501f77d01b59e5fd82e18a0529cde05a2ea422e7 58205010d53d988d2b27110a9747f9bbbdeba5d0ae2cefb71d65f3d120b4c0a3
CLIENT_HANDSHAKE_TRAFFIC_SECRET 37d5ec09366c0947692c2670501f77d01b59e5fd82e18a0529cde05a2ea422e7 51dce2f94374dbbad2d4af73e49164259bf086020745c2c6f9b728a38f61b18b
SERVER_TRAFFIC_SECRET_0 37d5ec09366c0947692c2670501f77d01b59e5fd82e18a0529cde05a2ea422e7 6098180fb68100f73f2d7b8e7bba8c5ac5a985ac3c84300c04722a4dde5f6e17
CLIENT_TRAFFIC_SECRET_0 37d5ec09366c0947692c2670501f77d01b59e5fd82e18a0529cde05a2ea422e7 9f42a0acaa269ec656a79132a45aa66344beb26faece3c41c4e99de084e70da4
SERVER_HANDSHAKE_TRAFFIC_SECRET e11f727858669152f2870b92fb44705dcb2af7682d4afb8f71d16e60eb023461 18b28fdae04e38b0fe54764d1ae7ce6f244c0061a72e847caac705bd3f83b701
CLIENT_HANDSHAKE_TRAFFIC_SECRET e11f727858669152f2870b92fb44705dcb2af7682d4afb8f71d16e60eb023461 771b45e0f9941c8d4832ded505f3d591b3eed9201be6b2531bf82a1d6f2bdd59
SERVER_TRAFFIC_SECRET_0 e11f727858669152f2870b92fb44705dcb2af7682d4afb8f71d16e60eb023461 216e8421faf6c4c5c97b6087a6cf5b703b8176dae583d315c0d60e4eecebae7a
SERVER_HANDSHAKE_TRAFFIC_SECRET f9ca1e80bdd8d449942e7811153d6a6a9814250c70e0450d4419230febfe90bc 0f334def05173dc5018df78ef3772613f27d2cb7273411e735081e2f75e97319
CLIENT_HANDSHAKE_TRAFFIC_SECRET f9ca1e80bdd8d449942e7811153d6a6a9814250c70e0450d4419230febfe90bc 1b27a7ba2018d0405dfa70fee26244524ec3ffe75b447584992dcc187a4c412f
SERVER_TRAFFIC_SECRET_0 f9ca1e80bdd8d449942e7811153d6a6a9814250c70e0450d4419230febfe90bc f3d22f271db985bf68a9ee9a1edb85763dff2c9ac083e4f4bd09deded1dad795
CLIENT_TRAFFIC_SECRET_0 f9ca1e80bdd8d449942e7811153d6a6a9814250c70e0450d4419230febfe90bc 537e999564e951d11a0819245e61a05546f82bc6ba9ec242d74fea61b213cc1f
SERVER_HANDSHAKE_TRAFFIC_SECRET 1fc10815e96427491bb67db01abf19fa1cb341034189a81da09a8f5c23957efc e468717a95d806f49a2a5bfb0a2d764742a4b99d50da982ce599949d6dc3a32d
CLIENT_HANDSHAKE_TRAFFIC_SECRET 1fc10815e96427491bb67db01abf19fa1cb341034189a81da09a8f5c23957efc 29b096c637cc2791f652c019bed818fb9ec6f3b230022430ec0776a0591c2c12
SERVER_TRAFFIC_SECRET_0 1fc10815e96427491bb67db01abf19fa1cb341034189a81da09a8f5c23957efc c21bb234e5ac19925598c6fc1b4e0eaa8284ef8ce6d1af49b9313b7af8fa52dc
CLIENT_TRAFFIC_SECRET_0 1fc10815e96427491bb67db01abf19fa1cb341034189a81da09a8f5c23957efc 65a4935dd7393c5c74866ce53428772b65f3a41a32296fdf08369eae5eddb079
SERVER_HANDSHAKE_TRAFFIC_SECRET c93970b0867e7f787707a835f06300e6b8e9ff2c28f09c960b68bfed82096ffa 1a3ae0bec8a60f8cb6bd865f1847b204b7dc3dccd772b349d5479031ef3ca86e
CLIENT_HANDSHAKE_TRAFFIC_SECRET c93970b0867e7f787707a835f06300e6b8e9ff2c28f09c960b68bfed82096ffa 4c7025222491faede64a46395c7d4fbd23d536412550315ce1f601df391714c2
SERVER_TRAFFIC_SECRET_0 c93970b0867e7f787707a835f06300e6b8e9ff2c28f09c960b68bfed82096ffa 9052df01b54849be7a7676c8867177b4efc9749f3f5ffa2b2a73ecb3a657fa9e
CLIENT_TRAFFIC_SECRET_0 c93970b0867e7f787707a835f06300e6b8e9ff2c28f09c960b68bfed82096ffa cd061b6c8534f3c833805af14397ac014a930bb4928d6fdcd3af54ce502bd476
SERVER_HANDSHAKE_TRAFFIC_SECRET 1f2952dae7167e7ba9b564f141179154f1b0de56055a8b77ecdfc85b3c44fa1c 824ec5bc40b1f0b18adc67ceed786c47f061506b2fccc453185fe9b511be8327
CLIENT_HANDSHAKE_TRAFFIC_SECRET 1f2952dae7167e7ba9b564f141179154f1b0de56055a8b77ecdfc85b3c44fa1c 9073c5aab4f6d24f2de083fee2238773cac974025f1f911b3f7fe06697da457f
SERVER_TRAFFIC_SECRET_0 1f2952dae7167e7ba9b564f141179154f1b0de56055a8b77ecdfc85b3c44fa1c 2a4ff9674723c920dfba4f36ee9adf989bbf9bd26bf8d4a587cc3d582ad5ca96
SERVER_HANDSHAKE_TRAFFIC_SECRET ac2f8fa11d7d2b6c8596a3d918071c18297299cce95fcc88760e843bb90dea58 7890ed9b30a8ae73555947e2435e63acd7c21db67b194016277c26fa4a9d0db5
CLIENT_HANDSHAKE_TRAFFIC_SECRET ac2f8fa11d7d2b6c8596a3d918071c18297299cce95fcc88760e843bb90dea58 49f00a78e2877af46272081751ef9aac4b2a814d2b41cce02bc8ddffb3cd38dd
SERVER_TRAFFIC_SECRET_0 ac2f8fa11d7d2b6c8596a3d918071c18297299cce95fcc88760e843bb90dea58 61a16ab04b59fd03fb4123edd3d7f0523397dc9d380df94e5fd47437f6d84b5e
CLIENT_TRAFFIC_SECRET_0 ac2f8fa11d7d2b6c8596a3d918071c18297299cce95fcc88760e843bb90dea58 b7400a2816b3ff2320eddbe81eab4893fd092e33b6a4da0eb039a20cf02d627c
SERVER_HANDSHAKE_TRAFFIC_SECRET 8ce6d4bd5f1b30e3d67058e6037c1bd55b4f821897809ce8dd903009625d5583 9c338d68949eb2f89d4004a0cf8f036fcd4b30d890a4f6c31cbeeef48273f31d
CLIENT_HANDSHAKE_TRAFFIC_SECRET 8ce6d4bd5f1b30e3d67058e6037c1bd55b4f821897809ce8dd903009625d5583 a9a4faa7f4838dee928d4fcc4671818ddd15e19c82a92a8c271eea937e85fdbf
SERVER_TRAFFIC_SECRET_0 8ce6d4bd5f1b30e3d67058e6037c1bd55b4f821897809ce8dd903009625d5583 bead8b30762c712c3e3f16a53a2df1cb47a28240dff0ecd9ec690827851c94cb
CLIENT_TRAFFIC_SECRET_0 8ce6d4bd5f1b30e3d67058e6037c1bd55b4f821897809ce8dd903009625d5583 4af0bf40dcc170134b86cfe4589804dd480c282afcb29bb8963567ad21c38b9a
SERVER_HANDSHAKE_TRAFFIC_SECRET 1cfc67edf938104d8bc77a2be93d98044e34a1092726f856ec31a4af3fe33c83 da0ac12a36ca2e29f3a7a707d3b544032a57c4290203b9ede5574f60ba44508f
CLIENT_HANDSHAKE_TRAFFIC_SECRET 1cfc67edf938104d8bc77a2be93d98044e34a1092726f856ec31a4af3fe33c83 a7dcb4801c425818d815d492fd39ad8374f1a42bf5ed8650bf802e5d90bd9b79
SERVER_TRAFFIC_SECRET_0 1cfc67edf938104d8bc77a2be93d98044e34a1092726f856ec31a4af3fe33c83 2a8f4b9d86a05bc535e096e471c6d05184dce7e8ef1e29e546764538360bb00a
CLIENT_TRAFFIC_SECRET_0 1cfc67edf938104d8bc77a2be93d98044e34a1092726f856ec31a4af3fe33c83 f308471737b625f49c7df2b2a0f5bdec70be537c1c6b6b7ad5d7aa505fcc51c6
SERVER_HANDSHAKE_TRAFFIC_SECRET 804fb553a60e298ec099fb2146d6cb08ca889bd14b2a43f5bfc78c7a2214fcec 3da4506696a21d375f46a479de5ee1766e945d7e302fa0437dd46a717657f773
CLIENT_HANDSHAKE_TRAFFIC_SECRET 804fb553a60e298ec099fb2146d6cb08ca889bd14b2a43f5bfc78c7a2214fcec a74b2a9972a192e6d42001be679da9733d4b89ff2029bf3fa1d851c5d273ceda
SERVER_TRAFFIC_SECRET_0 804fb553a60e298ec099fb2146d6cb08ca889bd14b2a43f5bfc78c7a2214fcec 48d019ff642318bcb1437e53d15ec1f857acc0f4bfb7f1c0c8852da274f538b9
CLIENT_TRAFFIC_SECRET_0 804fb553a60e298ec099fb2146d6cb08ca889bd14b2a43f5bfc78c7a2214fcec 008b7200647758b69bac04f585d9621a49109e1dd3979ec0b3058f6c5d490feb
SERVER_HANDSHAKE_TRAFFIC_SECRET 4da3511f1a279148fda1ac12febca0cedf98c254f1efb0264af80244da2dbaa6 4738720bd29c28a2bce2351c83b555e0ec2f2beae43f809ffa512bf607f8a96b
CLIENT_HANDSHAKE_TRAFFIC_SECRET 4da3511f1a279148fda1ac12febca0cedf98c254f1efb0264af80244da2dbaa6 4b4349ad5e1b6c6af70077d12ff06f73d3a470dc8712aa8fa0393eaf8394a3e2
SERVER_TRAFFIC_SECRET_0 4da3511f1a279148fda1ac12febca0cedf98c254f1efb0264af80244da2dbaa6 bfcbccb2fe6e203d24d9f9a1dafd8f1e8c440f5c08025fd5d5fef42fe21b4f9a
SERVER_HANDSHAKE_TRAFFIC_SECRET 4e461167f78b91782f1f31b0b32ce772a90a7ca1e91a53cd9d46faa8c007f0a8 3054828b26236c8864ebc942c4f83071b654348d1277b4a77dfd76ffd24022cd
CLIENT_HANDSHAKE_TRAFFIC_SECRET 4e461167f78b91782f1f31b0b32ce772a90a7ca1e91a53cd9d46faa8c007f0a8 08332c1e8704e17968f1f32b7f86792b4de4618ef825f415f5b2f1ea4f2048bd
SERVER_TRAFFIC_SECRET_0 4e461167f78b91782f1f31b0b32ce772a90a7ca1e91a53cd9d46faa8c007f0a8 9a5956ff9ba1e9a86713e63926ec59a7fcf9a280d4b25644abd21ddacac60ee5
SERVER_HANDSHAKE_TRAFFIC_SECRET 654ea9715baf4a6a649b00950e6d6818cf5865bfd977394673c2c6b3ef60e806 58220bf217c95c645037dbcd0a8b4b95480b7c474e1e8e68b24f36013ca5e68b
CLIENT_HANDSHAKE_TRAFFIC_SECRET 654ea9715baf4a6a649b00950e6d6818cf5865bfd977394673c2c6b3ef60e806 3682331859888ae3a610859f4ca481c0298295dfdfdc1fdf55a08a9c3be54b72
SERVER_TRAFFIC_SECRET_0 654ea9715baf4a6a649b00950e6d6818cf5865bfd977394673c2c6b3ef60e806 64d89810845c724688fe31d27c910a5e672f8c3cb26aa22fca1aff93131e84f9
SERVER_HANDSHAKE_TRAFFIC_SECRET 375bb330d594bd5060fe17a8ce878e1bf1130fc799d488ff0595862c9a93c6df 96f1ff08d64046afe72aa8b909fad29ae013f55adceaeedd00108f9ccd18257c
CLIENT_HANDSHAKE_TRAFFIC_SECRET 375bb330d594bd5060fe17a8ce878e1bf1130fc799d488ff0595862c9a93c6df 1d8fa5465d70da21b92155059943c146d712179a4e02bc02c753f36951a0bb37
SERVER_TRAFFIC_SECRET_0 375bb330d594bd5060fe17a8ce878e1bf1130fc799d488ff0595862c9a93c6df 9d8b4df60489e67d6c44f67f0dbc9f49b42a1b978f35a45e9f42b2645fc1a089
CLIENT_TRAFFIC_SECRET_0 375bb330d594bd5060fe17a8ce878e1bf1130fc799d488ff0595862c9a93c6df e5f4961adaeea5ea12dc57a2833bc7831aae3c4760c4fbc4ce874fcdff07e935
SERVER_HANDSHAKE_TRAFFIC_SECRET d9d532b22ec5f313d2a9168f2d2c4d1ac819d31195689684e6a9fe238c633fef f110c5f80100c8485e489be46d8bb21b533a9b21bf2b564a2c44927a53863a88
CLIENT_HANDSHAKE_TRAFFIC_SECRET d9d532b22ec5f313d2a9168f2d2c4d1ac819d31195689684e6a9fe238c633fef 4d3b7500cf7658f90de4a1a65503078c44d4eada61c5d117d25aaee47014b839
SERVER_TRAFFIC_SECRET_0 d9d532b22ec5f313d2a9168f2d2c4d1ac819d31195689684e6a9fe238c633fef de03228747cfdeb7191480bf48462712ec3a377314ad7ef783f4b299e964f48a
CLIENT_TRAFFIC_SECRET_0 d9d532b22ec5f313d2a9168f2d2c4d1ac819d31195689684e6a9fe238c633fef f02bd21f80f045f4b286c5677ea5c4314656624a14bc3b9d7c80777b392710c1
SERVER_HANDSHAKE_TRAFFIC_SECRET 033d84b22a184d026350d2791fce7bb82617c8973867faa957587b65f4480647 871c218eed1d84a1f1b95d2b298302f7e6a099a8332b44fe50602c680e639224
CLIENT_HANDSHAKE_TRAFFIC_SECRET 033d84b22a184d026350d2791fce7bb82617c8973867faa957587b65f4480647 47517853f97b854e4b0b7271e7a21fb072a8631d53a6a562707a4021b8acaf04
SERVER_TRAFFIC_SECRET_0 033d84b22a184d026350d2791fce7bb82617c8973867faa957587b65f4480647 67d8d45559bb6ee2ba43d8014de5b8d80ba2d8aba5af9433b0f205246472e4f2
SERVER_HANDSHAKE_TRAFFIC_SECRET abb82b79aaea817ed139dafdbc5bc26afdd8af2ad780c461b6611421b06acd30 b1381bd899d40dff450ded59965a6044e6a56a85b081f0a9f1e88545423db1bd
CLIENT_HANDSHAKE_TRAFFIC_SECRET abb82b79aaea817ed139dafdbc5bc26afdd8af2ad780c461b6611421b06acd30 da5b980f3057bf6b2fb47c0c3338ff1cf1ca18be4bad31d7e82cf6fc31e2f2b3
SERVER_TRAFFIC_SECRET_0 abb82b79aaea817ed139dafdbc5bc26afdd8af2ad780c461b6611421b06acd30 c017fc40bb9d804614e4e6340e824a5535d2db1c931375fbf6e1233cf23e3a27
CLIENT_TRAFFIC_SECRET_0 abb82b79aaea817ed139dafdbc5bc26afdd8af2ad780c461b6611421b06acd30 f131a3ce424d6b0b75bcfcdf94ec016ca92558fd4d2221ac5ac1ad762edba4fb
SERVER_HANDSHAKE_TRAFFIC_SECRET 0f1e94ccdc45ec1f348f6a34dcc9451e1194b50ac1c2fac829bf06b4922da2b8 fd2c8010ce345e901bd1e92346b9b03d816b2057d84d879f4a56fd66fa2d1cdb
CLIENT_HANDSHAKE_TRAFFIC_SECRET 0f1e94ccdc45ec1f348f6a34dcc9451e1194b50ac1c2fac829bf06b4922da2b8 0d0136468ee0a3d8d41baf0bc898ba46677ced6252eb9020534eedc5a903ea7f
SERVER_TRAFFIC_SECRET_0 0f1e94ccdc45ec1f348f6a34dcc9451e1194b50ac1c2fac829bf06b4922da2b8 a07f92e8bf50953513cdf98feb9882ddc1d9a6a8b8ece4c16ae05daae53b095e
CLIENT_TRAFFIC_SECRET_0 0f1e94ccdc45ec1f348f6a34dcc9451e1194b50ac1c2fac829bf06b4922da2b8 6b56c95f80ab8d7e64042f3279d40d9bcf37b4a737d325a1775da152f418bec2
SERVER_HANDSHAKE_TRAFFIC_SECRET 004833e2ffc5ba8bcdb9b3c91f6eb54bb696f2d9ed95e64ad2bba0692c9df44c 9e0c78d6c05a8e057e04f0d3e66edbd7574cc992d7796831e466069fb9f918e5
CLIENT_HANDSHAKE_TRAFFIC_SECRET 004833e2ffc5ba8bcdb9b3c91f6eb54bb696f2d9ed95e64ad2bba0692c9df44c 3c89588d0640351516862ccdc9470ea5911edf6f1ee06710f6d745dc9a014dfa
SERVER_TRAFFIC_SECRET_0 004833e2ffc5ba8bcdb9b3c91f6eb54bb696f2d9ed95e64ad2bba0692c9df44c d08bec27dc8d60f811e0bd220678659d15fb1c53dc2633967e6cca5b932716cd
CLIENT_TRAFFIC_SECRET_0 004833e2ffc5ba8bcdb9b3c91f6eb54bb696f2d9ed95e64ad2bba0692c9df44c 83086cea3a656ccf432b6839d8a1840017ea90aef4b172d2689c70614cfcf41e
SERVER_HANDSHAKE_TRAFFIC_SECRET ff01006ffd252679bef55a9661b2907bfa8c3cd56f63663d0144a80beec9a779 10e9f6f213f3238069ec1c73b9d1503ad1187c9ce9daedcdc0e5b38121f6b489
CLIENT_HANDSHAKE_TRAFFIC_SECRET ff01006ffd252679bef55a9661b2907bfa8c3cd56f63663d0144a80beec9a779 dd27fb3686790285f42380cfb633aa047f8ccb097b9ea74891167e61fc3ad2d1
SERVER_TRAFFIC_SECRET_0 ff01006ffd252679bef55a9661b2907bfa8c3cd56f63663d0144a80beec9a779 843c763571a502752db7b61a7d6b4fb4514d2281e9c0f85f593474ed2f9ee205
CLIENT_TRAFFIC_SECRET_0 ff01006ffd252679bef55a9661b2907bfa8c3cd56f63663d0144a80beec9a779 85952faef04f74d1e25b895095f35f5a756e0bd5332551883cc6edb5925097ad
SERVER_HANDSHAKE_TRAFFIC_SECRET f8cda4aad7f883b150be63edf5e6e99153b1277f6afea89d0cc5075d4455d48c 6f42a79efb116b6d7ca291edabbc2c9a7aaa9bd0f6ed085fd5bc9bd85437d467
CLIENT_HANDSHAKE_TRAFFIC_SECRET f8cda4aad7f883b150be63edf5e6e99153b1277f6afea89d0cc5075d4455d48c f650c4b71fe5f75641d9d304c7b69f32cb9718f9074950901019a33f836a321d
SERVER_TRAFFIC_SECRET_0 f8cda4aad7f883b150be63edf5e6e99153b1277f6afea89d0cc5075d4455d48c 0f65942206bf7f82829ab886ce9c84936888084591cf1ebe6e679e63499537c2
CLIENT_TRAFFIC_SECRET_0 f8cda4aad7f883b150be63edf5e6e99153b1277f6afea89d0cc5075d4455d48c f5e2171814e9c75ecd0837dd22f3813e954b8862864eaf756519af80cd962388
SERVER_HANDSHAKE_TRAFFIC_SECRET e053f37e2f305799c5d42edc0ccd6d7d132008eba5f8e44051f36114181d5813 4fe1519307c92144b651deda8067da6af1a2d0a27f2580152f1ddc95cd0e2658
CLIENT_HANDSHAKE_TRAFFIC_SECRET e053f37e2f305799c5d42edc0ccd6d7d132008eba5f8e44051f36114181d5813 53caba026c00b5a83dd1fc4c75481f269b1739feb92891759cb4e907d458455b
SERVER_TRAFFIC_SECRET_0 e053f37e2f305799c5d42edc0ccd6d7d132008eba5f8e44051f36114181d5813 854f43d47100e5ff630393ca9eb5a529fd9f9ac27be4f3e0143743e48a870f58
CLIENT_TRAFFIC_SECRET_0 e053f37e2f305799c5d42edc0ccd6d7d132008eba5f8e44051f36114181d5813 3d64a2feddb34240a4f7d2e528aea421a4c8d4bea1b47e13241638b8d9263251
SERVER_HANDSHAKE_TRAFFIC_SECRET 4c3a5ccb76725706bae6f6900af3b84850d465cb60fb33aa025a809ddcccf408 e69661e8eb7c7d91a54cbf8b5e980f5aa17b8ca828c631ac6205310ef8ec6768
CLIENT_HANDSHAKE_TRAFFIC_SECRET 4c3a5ccb76725706bae6f6900af3b84850d465cb60fb33aa025a809ddcccf408 64d0d191c2d32dd8f94f3e18016cb598ebb6ef8f4c44f14a1dc7522373bfc28b
SERVER_TRAFFIC_SECRET_0 4c3a5ccb76725706bae6f6900af3b84850d465cb60fb33aa025a809ddcccf408 361914f2fdf575c81df5f5b36604486bdc82797f79de5405b65a86e7c23980ad
CLIENT_TRAFFIC_SECRET_0 4c3a5ccb76725706bae6f6900af3b84850d465cb60fb33aa025a809ddcccf408 3a00d5663ee3dbf0c8086e1f32a163584830dbb6400907081ba9e6240303f32f
SERVER_HANDSHAKE_TRAFFIC_SECRET 1003895ab584d97d9719e8483c364827e4d608db9f2325ac23ac9cb070614aa1 2c7dcf4d758a87ca96537db85ab2669b5d56700708b4bbc00e80903d3beab431
CLIENT_HANDSHAKE_TRAFFIC_SECRET 1003895ab584d97d9719e8483c364827e4d608db9f2325ac23ac9cb070614aa1 070db61fd3d9cbe99e67bcf0c0ed12122be073251319a09cbb6806ddceddab0f
SERVER_TRAFFIC_SECRET_0 1003895ab584d97d9719e8483c364827e4d608db9f2325ac23ac9cb070614aa1 92a552641de85d38a73bce5929e0983b390016dd5ba01a74234b39196654b6b2
CLIENT_TRAFFIC_SECRET_0 1003895ab584d97d9719e8483c364827e4d608db9f2325ac23ac9cb070614aa1 b528897fd3ed31f2dab4c30ffb6d4856dc057e18fd5b734c852eb6c918e09a03
SERVER_HANDSHAKE_TRAFFIC_SECRET 74fa4a52df2365f5a13919246d3d0de9879509aefb2027304e7b2825ea8ee70d f1cec159ca35edd3a1a28b8a6b675a9749f1fdffe0460c75b8c4503bcc10bb56
CLIENT_HANDSHAKE_TRAFFIC_SECRET 74fa4a52df2365f5a13919246d3d0de9879509aefb2027304e7b2825ea8ee70d 5f602c2e967bb27712a1f5f698251110fe79499a6a930178dd8279cec4ccd509
SERVER_TRAFFIC_SECRET_0 74fa4a52df2365f5a13919246d3d0de9879509aefb2027304e7b2825ea8ee70d 79bb89a9227a985a61f3cdb56ed31bac1b18baac7966659853befe3e6f983435
CLIENT_TRAFFIC_SECRET_0 74fa4a52df2365f5a13919246d3d0de9879509aefb2027304e7b2825ea8ee70d e8a8e1ad8eab6e1801d7e4cc7992192a45fafb02fe8b915dfde0599afbed79a2
SERVER_HANDSHAKE_TRAFFIC_SECRET 1ebcdc1be87d6780fdbfef302f0d8b1c176eddb07720002c4a9fb7fa35b24b34 8dc4ebbededd1b571ee52af78c4d78c3b3d2c5a18f963171e39f8b933d90ccef
CLIENT_HANDSHAKE_TRAFFIC_SECRET 1ebcdc1be87d6780fdbfef302f0d8b1c176eddb07720002c4a9fb7fa35b24b34 202f7f8804a3c92fec9e4fb8e9b53885a96658835726a770dc19b0f0e50e9310
SERVER_TRAFFIC_SECRET_0 1ebcdc1be87d6780fdbfef302f0d8b1c176eddb07720002c4a9fb7fa35b24b34 e5e014f27fd84d6e802e2ecbcf061eaf4830ff4abe3d0d535674e2a9e79e5452
CLIENT_TRAFFIC_SECRET_0 1ebcdc1be87d6780fdbfef302f0d8b1c176eddb07720002c4a9fb7fa35b24b34 217b472ada66235da773c4c28e3d6bac9232f658845070ff4f99d464f7a027e2
SERVER_HANDSHAKE_TRAFFIC_SECRET 46e2717ded669fd69c818c9aaa2bc90e0cbf9b5cdd926e935cd387ac8feaecf5 da849a4282451f9a032c0c0dbea7e872749bf79b7fd39e19cc85c6c24685fb8d
CLIENT_HANDSHAKE_TRAFFIC_SECRET 46e2717ded669fd69c818c9aaa2bc90e0cbf9b5cdd926e935cd387ac8feaecf5 192c54d9857fbafecfc8b625d080761e80d63341a91ef686d7e0b55428b4579c
SERVER_TRAFFIC_SECRET_0 46e2717ded669fd69c818c9aaa2bc90e0cbf9b5cdd926e935cd387ac8feaecf5 f026fa38a45e8ba2f5fbcc9f571c1a328dba92ac1d758cb6d4ac0f050f782031
SERVER_HANDSHAKE_TRAFFIC_SECRET df479d606c4f03d593653731854fe3a7abb3349dc64ebdf79363ad57b6fa8b82 f0d50046d0aceb422196801cb6e4e115e4b43919f36b73e843a95c85ba8fa2d6
CLIENT_HANDSHAKE_TRAFFIC_SECRET df479d606c4f03d593653731854fe3a7abb3349dc64ebdf79363ad57b6fa8b82 ab007dddce292dba74a57018351d0d5f37a2fca6b8108a3aea355f2d4506b319
SERVER_TRAFFIC_SECRET_0 df479d606c4f03d593653731854fe3a7abb3349dc64ebdf79363ad57b6fa8b82 f59490491080478609c9f7345439ce5c2982b2cee0d9435931212ff077cf6ef1
SERVER_HANDSHAKE_TRAFFIC_SECRET b1efb37e36df49f687eba66c47318cc10d4904dd0509255968eb11144588cc39 a296700f3a2c2c1971b4a5a5977f6c966404bddf07c5308f043fe829936ee2a1
CLIENT_HANDSHAKE_TRAFFIC_SECRET b1efb37e36df49f687eba66c47318cc10d4904dd0509255968eb11144588cc39 f11223a9667a9ba252e7b98a0b11ca9302eb1071dac08590d0ab986d4bb92450
SERVER_TRAFFIC_SECRET_0 b1efb37e36df49f687eba66c47318cc10d4904dd0509255968eb11144588cc39 1f52eb1e4f72eb8e3d23ed5487369dc2503c0c250bf33835b9c87c9d4ace5b0c
CLIENT_TRAFFIC_SECRET_0 b1efb37e36df49f687eba66c47318cc10d4904dd0509255968eb11144588cc39 7e6837c90f217469d92e9661c557dde739ee94d6bf7d7bfd3fff605af40dc771
SERVER_HANDSHAKE_TRAFFIC_SECRET 425445037987fc4884654c040c53d7a32be307030a10795adf611031e2d06b0b b859fbdc9468cb881ae1eae0d57958e1f5e28de96d01716841156b47a0dd7c79
CLIENT_HANDSHAKE_TRAFFIC_SECRET 425445037987fc4884654c040c53d7a32be307030a10795adf611031e2d06b0b 7d2f5df724e0f26d6b9dfb43fc7812cc5718cef1534fdbba63f3149c29421d10
SERVER_TRAFFIC_SECRET_0 425445037987fc4884654c040c53d7a32be307030a10795adf611031e2d06b0b e71ac8231833cccc50371c126983bcd2b6efa76d49cc4963fd097dcb3d4b3878
CLIENT_TRAFFIC_SECRET_0 425445037987fc4884654c040c53d7a32be307030a10795adf611031e2d06b0b 9bd6b2e2100edf7d11873bd095d43ac94083392b632909dca7bbd54002cc55cb
SERVER_HANDSHAKE_TRAFFIC_SECRET bb302f8c3bac8a5e70bd7ded368e495cafd17ef34ea85f723491f4a65b3dd49d 9abb1abaecd83dacee7d607743dd013204a3b44c59b942055f638a5590a4ccfb
CLIENT_HANDSHAKE_TRAFFIC_SECRET bb302f8c3bac8a5e70bd7ded368e495cafd17ef34ea85f723491f4a65b3dd49d dc496bbe76bc95b65d66e4f6bc96a25f3027cc08f2bb75175c70d21532fc19a3
SERVER_TRAFFIC_SECRET_0 bb302f8c3bac8a5e70bd7ded368e495cafd17ef34ea85f723491f4a65b3dd49d ecbacedd86473b6592152e77baa0f68b54daab07aa9b78b5f24939e153ec020a
SERVER_HANDSHAKE_TRAFFIC_SECRET 77deea50e50df4f30033633c67158f4ae8b06ed7b6505febf605db8e375d2bdb 129ce71f6715fafabcd04dd9ce0f508b4b18f9c0cc3fd4e78834ab3b87f55e6c
CLIENT_HANDSHAKE_TRAFFIC_SECRET 77deea50e50df4f30033633c67158f4ae8b06ed7b6505febf605db8e375d2bdb a857a5694bfe4946309f33ddc146a58e3065d80c8fb248a9ddb115221ed597d3
SERVER_TRAFFIC_SECRET_0 77deea50e50df4f30033633c67158f4ae8b06ed7b6505febf605db8e375d2bdb c1b1f344cdb953e1499305208947ad11a9df1aa628bf7b411c7ad87c8140cbef
CLIENT_TRAFFIC_SECRET_0 77deea50e50df4f30033633c67158f4ae8b06ed7b6505febf605db8e375d2bdb c2f82639f3a41ec9eee0be9d4c274ad18cec804e55dc74d452178ed1c87f9333
SERVER_HANDSHAKE_TRAFFIC_SECRET 6f5bd7083b45bfc6b076ca067cd11c67dc5886c9182f96ed8267a878cc83185a 1aedc60c34c0ded28ba70c5636a17008c28c7e25dc2d25a1fb4550b1d0865d89
CLIENT_HANDSHAKE_TRAFFIC_SECRET 6f5bd7083b45bfc6b076ca067cd11c67dc5886c9182f96ed8267a878cc83185a 5c11d443be332df38f7de905ac42b0b389aee5dde3ea8583427111792f71a033
SERVER_TRAFFIC_SECRET_0 6f5bd7083b45bfc6b076ca067cd11c67dc5886c9182f96ed8267a878cc83185a 9f7149bc65aca60169b1000d2e5d9bd95aeb337a0790436bfbed8ac854252d6a
CLIENT_TRAFFIC_SECRET_0 6f5bd7083b45bfc6b076ca067cd11c67dc5886c9182f96ed8267a878cc83185a c18840f4d54720f6681541bbd51b15d11074d5fe77f67d9731dcc5bd638e4f21
SERVER_HANDSHAKE_TRAFFIC_SECRET 07573381b4baf857e2ff05ddc9bc7ade3774c52e6c37a5325096322b5757b980 c9ecddcdc787ef3abba50047cc342c319f435c0a6f6314a87640ebe50506526a
CLIENT_HANDSHAKE_TRAFFIC_SECRET 07573381b4baf857e2ff05ddc9bc7ade3774c52e6c37a5325096322b5757b980 7fcc953d1c0dec002ae46f730b8de381492fb95032cf8116f795474c356f1df3
SERVER_TRAFFIC_SECRET_0 07573381b4baf857e2ff05ddc9bc7ade3774c52e6c37a5325096322b5757b980 692daf75dbf94348568cc64a1a89a9bea93c1353786737546d5baaa1d24e3ab1
CLIENT_TRAFFIC_SECRET_0 07573381b4baf857e2ff05ddc9bc7ade3774c52e6c37a5325096322b5757b980 0dc19d37f32ba2db87e2e8204adc08f589da1a7f782b76c87ab1fde19667af99
SERVER_HANDSHAKE_TRAFFIC_SECRET b3b55698efb701243af0cb4721688a14a5d877327950735a6a491fbfa5ab340b d1daee911f1a5faa8c925b5cfe9eebbcda9562df3e97f805d88329b8d3edf349
CLIENT_HANDSHAKE_TRAFFIC_SECRET b3b55698efb701243af0cb4721688a14a5d877327950735a6a491fbfa5ab340b 6ed855230474356826ef2efbe85c13bc778261d04e6a63350bca98dc1b84ed85
SERVER_TRAFFIC_SECRET_0 b3b55698efb701243af0cb4721688a14a5d877327950735a6a491fbfa5ab340b f5f64097fb0d56e0d636c52bd67ba015f25f44dee479376a93774c54bba10c6c
CLIENT_TRAFFIC_SECRET_0 b3b55698efb701243af0cb4721688a14a5d877327950735a6a491fbfa5ab340b 737208f8df86e9044ffdbc27d107252ed2afec82b52bc3f4cdd3052b04b04ecb
SERVER_HANDSHAKE_TRAFFIC_SECRET 49b552c97de81a9bc1882bbb8d9ab9105e6b10c52e7a920b31b1b6641de4cf51 2b6becc40810332775e979acb4a7faaffed7d6e9b4623f58526472cf73286281
CLIENT_HANDSHAKE_TRAFFIC_SECRET 49b552c97de81a9bc1882bbb8d9ab9105e6b10c52e7a920b31b1b6641de4cf51 228c01fe45c66e8ac48206be84b8e653c5e5f6a545516684d9b04a5efccbbba5
SERVER_TRAFFIC_SECRET_0 49b552c97de81a9bc1882bbb8d9ab9105e6b10c52e7a920b31b1b6641de4cf51 5268f263062ed5b6062ab6952858f9641746f2e8c9fbf45f56c403dc943ce2dc
CLIENT_TRAFFIC_SECRET_0 49b552c97de81a9bc1882bbb8d9ab9105e6b10c52e7a920b31b1b6641de4cf51 cff92afda88aa9b2ba2082c859369bf8d5f221faccf6b758ccfa9b5824c796b3
SERVER_HANDSHAKE_TRAFFIC_SECRET 1be6b88ea997ae3df6855586a9b4e4b985faf6583e0f8953b53fa28910713a0d 39ed030221fb7462fee6e04f9d4ba4294ad05f061a353ee78471b40dbcf1bf01
CLIENT_HANDSHAKE_TRAFFIC_SECRET 1be6b88ea997ae3df6855586a9b4e4b985faf6583e0f8953b53fa28910713a0d f51e7bf95c389b4cf96e82cbf30de293dc2ef1ec7952cc2bb81799f14d4ffc4c
SERVER_TRAFFIC_SECRET_0 1be6b88ea997ae3df6855586a9b4e4b985faf6583e0f8953b53fa28910713a0d c89dcf0b5c336d357a2f13be69fc5a0cae2ffc99caf3f1a6a3d9188000e97ac8
SERVER_HANDSHAKE_TRAFFIC_SECRET 72d237bb62ee45ec5414d396416c247343f8269a1fd08005a4b1726f85d4accc e26be248507dac2b8439e9bed4be63906caf49884bbe0e1d5929034467feee7a
CLIENT_HANDSHAKE_TRAFFIC_SECRET 72d237bb62ee45ec5414d396416c247343f8269a1fd08005a4b1726f85d4accc 9b499417c188c0b4a97e83d851a4adf53b97fc9bf956d9a0d929efce294bf0b7
SERVER_TRAFFIC_SECRET_0 72d237bb62ee45ec5414d396416c247343f8269a1fd08005a4b1726f85d4accc 237a6236390e93207ec97fa0f7f89a66da810c5562f6bc257f2687cd101bee8c
CLIENT_TRAFFIC_SECRET_0 72d237bb62ee45ec5414d396416c247343f8269a1fd08005a4b1726f85d4accc 9a016b598a5892f0fb72813bf385795b1e791aba09c4fbd008abf3d783feb127
SERVER_HANDSHAKE_TRAFFIC_SECRET fb91394cfa050b99c7617919964fb3d918a627e3f51f668f8d4600ef896d7958 0b2582eea95603cf2ee79cbd57d04804a347aaea19b3cdecfe283bde8fcd7500
CLIENT_HANDSHAKE_TRAFFIC_SECRET fb91394cfa050b99c7617919964fb3d918a627e3f51f668f8d4600ef896d7958 57eaa12aa6bba14c881be47403b13e180c190b45e1a8e93ef1c2596765c32b66
SERVER_TRAFFIC_SECRET_0 fb91394cfa050b99c7617919964fb3d918a627e3f51f668f8d4600ef896d7958 22caf447b596649b81b65af2445303bfc49b0942fb92da8acdfb6bfb0108bda0
CLIENT_TRAFFIC_SECRET_0 fb91394cfa050b99c7617919964fb3d918a627e3f51f668f8d4600ef896d7958 bb4e41075e2caf37b96dc775a2e86116f625d2f04468e7247440f089a832d769
SERVER_HANDSHAKE_TRAFFIC_SECRET 695148f4a75a85120f5ec2892fcbd5bf0d72e4d8d2e234cd7de7d4818f5b2cc8 abda75477e5871f552433e6d6e1bed27329c169df03e186e13e0931937e8b738
CLIENT_HANDSHAKE_TRAFFIC_SECRET 695148f4a75a85120f5ec2892fcbd5bf0d72e4d8d2e234cd7de7d4818f5b2cc8 a8019fd78f82da93bf3e8525185886bd9d0b5337bc982a8f2567e60f249dd056
SERVER_TRAFFIC_SECRET_0 695148f4a75a85120f5ec2892fcbd5bf0d72e4d8d2e234cd7de7d4818f5b2cc8 1cc724d499bd34a104543e7afc321defc1da91daa1afbc15ef0784d59af12c82
SERVER_HANDSHAKE_TRAFFIC_SECRET 01524f0f1f327495391e715eeee6037e0ec242d19ab00b34db6a6fd750056af2 a531c402d46fe26952069cdb6bcb6afe7be7e893d8de5a88fa08d355c20028e1
CLIENT_HANDSHAKE_TRAFFIC_SECRET 01524f0f1f327495391e715eeee6037e0ec242d19ab00b34db6a6fd750056af2 7740d1487ea095273be8201d69863b10529311e42696cf27dd189597a75c6e52
SERVER_TRAFFIC_SECRET_0 01524f0f1f327495391e715eeee6037e0ec242d19ab00b34db6a6fd750056af2 8165b42814dee86fc0a50239b990e037ac84d601c19f3cdb8b9a7e89cdf4d890
CLIENT_TRAFFIC_SECRET_0 01524f0f1f327495391e715eeee6037e0ec242d19ab00b34db6a6fd750056af2 41d5ff735cf61cde69173354e340db8bcb49f9de7ccd8ff07464930710475379
SERVER_HANDSHAKE_TRAFFIC_SECRET e712cc08d4b9c2d04105ef8512690ba3e50b42ea47820fc35c1eee2bc052c804 05ee6d78396ef537194b793783978ef902884f1dde387f349b1d5f0ac68d6544
CLIENT_HANDSHAKE_TRAFFIC_SECRET e712cc08d4b9c2d04105ef8512690ba3e50b42ea47820fc35c1eee2bc052c804 427316f015686319d3c82036ceabee658576364334c918ca04d1a85725981b1d
SERVER_TRAFFIC_SECRET_0 e712cc08d4b9c2d04105ef8512690ba3e50b42ea47820fc35c1eee2bc052c804 ea718e856a8e7c9b67a71026d89693e0b63c9bf992611f0f34725692b0166053
CLIENT_TRAFFIC_SECRET_0 e712cc08d4b9c2d04105ef8512690ba3e50b42ea47820fc35c1eee2bc052c804 9b2c2af60b1259596b0abe9481170a9241cd80f65299ea621a099a2586ea46ec
SERVER_HANDSHAKE_TRAFFIC_SECRET 7edcfd2e374ad1d32bb9b6607b2d730c1ba04d7847220b7e7124fe88d38848ab 53709d00179da31044dc0774598f831933ebdf367814b64a1b2c82d5691eb65d
CLIENT_HANDSHAKE_TRAFFIC_SECRET 7edcfd2e374ad1d32bb9b6607b2d730c1ba04d7847220b7e7124fe88d38848ab d4ee93cfcb780acd938bbc2808dcdafc9e64f85c7eca4db6f08085e52bbe2dc2
SERVER_TRAFFIC_SECRET_0 7edcfd2e374ad1d32bb9b6607b2d730c1ba04d7847220b7e7124fe88d38848ab 0ec2fc05241a9e974417bb51c812e62ca199f856c1432c2991724a699681872e
CLIENT_TRAFFIC_SECRET_0 7edcfd2e374ad1d32bb9b6607b2d730c1ba04d7847220b7e7124fe88d38848ab da3f338a58b7c913ff65bf9a7e3e413dd29dc483848454b3fb37034fe3080304
SERVER_HANDSHAKE_TRAFFIC_SECRET b4af1b2f04055515bc95915ed02d3526d62ada70d29b918cb93ef376ce8c5851 4bf88e24b3d5dbaa301c680f7752f0770fc7ffe0d8b2d82c9416056875212572
CLIENT_HANDSHAKE_TRAFFIC_SECRET b4af1b2f04055515bc95915ed02d3526d62ada70d29b918cb93ef376ce8c5851 f655a5ba530c23188c225c1344ea6d77d84a1c2611aef7d695717c330aeafff4
SERVER_TRAFFIC_SECRET_0 b4af1b2f04055515bc95915ed02d3526d62ada70d29b918cb93ef376ce8c5851 bfd51bb323877b2843859829728a310ed5893bba98fff89825d7be770e7802a7
CLIENT_TRAFFIC_SECRET_0 b4af1b2f04055515bc95915ed02d3526d62ada70d29b918cb93ef376ce8c5851 bd56610eea1209609766304bf48af68d90f5fe2729a459d2c6ce313ec3cd6e9a
SERVER_HANDSHAKE_TRAFFIC_SECRET 026926a8e9765ce919f1af8830652dc5764607cac9799cd5f2f2538b3dc64383 b64ea7b38671e0c2a02e2fe8bffd9ccdd3db26ccfbf88f8e607d01d62b79e11f
CLIENT_HANDSHAKE_TRAFFIC_SECRET 026926a8e9765ce919f1af8830652dc5764607cac9799cd5f2f2538b3dc64383 97802aa33a728eb6a50caa13c2a279f58fe1d98eed9515f548b655952425055f
SERVER_TRAFFIC_SECRET_0 026926a8e9765ce919f1af8830652dc5764607cac9799cd5f2f2538b3dc64383 ef48b60dacaf388b079aff8f6fc24564f662b89f386de610d605b20b2d681177
SERVER_HANDSHAKE_TRAFFIC_SECRET 255a447bd9f2bec290644a699da3faa05c36700fbe344dac2a2d3fda31b24267 81a1d010c2863a3da95a60058008069121a01a34f1e9e66e62e0161895d90503
CLIENT_HANDSHAKE_TRAFFIC_SECRET 255a447bd9f2bec290644a699da3faa05c36700fbe344dac2a2d3fda31b24267 73de7be0d01a047df0af64c56c19952770a914e7938c6bdc658e4979cdd40234
SERVER_TRAFFIC_SECRET_0 255a447bd9f2bec290644a699da3faa05c36700fbe344dac2a2d3fda31b24267 71bf5a1986a393d6b6fba19259ec0fb20b5b7bbb58d7491bf56404d570a73bc8
CLIENT_TRAFFIC_SECRET_0 255a447bd9f2bec290644a699da3faa05c36700fbe344dac2a2d3fda31b24267 d3f21a69002e47b6dad72d8589bc7e0d9a76153d8b5875b3496df1987f01208e
SERVER_HANDSHAKE_TRAFFIC_SECRET a4411f09a59d622cd6836b7af207160943472dfa46dcd6eede80d6f7b62670a8 2dea32d7600a3e9cdcaeaef388beed5051853b256566f9aca312f59ac703b99c
CLIENT_HANDSHAKE_TRAFFIC_SECRET a4411f09a59d622cd6836b7af207160943472dfa46dcd6eede80d6f7b62670a8 b32e37e021da752268462cf526c7eef6f746ec3b3b394871a87a9a80a52266b0
SERVER_TRAFFIC_SECRET_0 a4411f09a59d622cd6836b7af207160943472dfa46dcd6eede80d6f7b62670a8 7da08b830596e024c4ff399639711e0627e41c03184e51a62689c39e81b2849d
SERVER_HANDSHAKE_TRAFFIC_SECRET e2bdd3fcde98b6e145a544b9d7baf556faad248e5f7b0d58a48c391b4e4002cb 1ac0ee7d25fc6c17d5a1fc39b5419e24596cd44fbf933fa15980048a3477320e
CLIENT_HANDSHAKE_TRAFFIC_SECRET e2bdd3fcde98b6e145a544b9d7baf556faad248e5f7b0d58a48c391b4e4002cb 7867635e5dd1743c237967b324d670e0244ceb59e6cc7fefc45f8af181eb5ced
SERVER_TRAFFIC_SECRET_0 e2bdd3fcde98b6e145a544b9d7baf556faad248e5f7b0d58a48c391b4e4002cb 7e53a99f84af0b5e4a2d777c3d7fbece9aff8fb72deda2348e1bf7b9905b1041
SERVER_HANDSHAKE_TRAFFIC_SECRET 060842678a94fc8b74e145ce19ac639981dd0965daadf4c402b22cec94c29574 ff5d24d7dd42a6c66b16877060c67cd810f98fa5e8fd732ae379ac34bea2522d
CLIENT_HANDSHAKE_TRAFFIC_SECRET 060842678a94fc8b74e145ce19ac639981dd0965daadf4c402b22cec94c29574 b603f0e5d008a54037a3785c0656fc778a05c4dbe0487826ae06bb579ad3017d
SERVER_TRAFFIC_SECRET_0 060842678a94fc8b74e145ce19ac639981dd0965daadf4c402b22cec94c29574 41a1a3329bf4a7d68eafd41ed068dc61f335676b10657575ec62beeb35a3f209
CLIENT_TRAFFIC_SECRET_0 060842678a94fc8b74e145ce19ac639981dd0965daadf4c402b22cec94c29574 7739f7d8b8e7490cbdd0846ab19e40cd12d32a2f04fcf0393b1d545ca4831408
SERVER_HANDSHAKE_TRAFFIC_SECRET 6f08c3850ab8ebd2e5d0d9503a11822eb0a87ad09a87c1d714898a30beea0f5a dd813d4c58218da39b775ec60cc3c2ebd3c96f0bfba785995135f014e9820850
CLIENT_HANDSHAKE_TRAFFIC_SECRET 6f08c3850ab8ebd2e5d0d9503a11822eb0a87ad09a87c1d714898a30beea0f5a 66e032f0b3ee076ff11966b1375d3e0f24eb5b9973713eb9bd9289d7fb6c554a
SERVER_TRAFFIC_SECRET_0 6f08c3850ab8ebd2e5d0d9503a11822eb0a87ad09a87c1d714898a30beea0f5a 3fa40c5b255bc4e0df10d3daec738f22211b6677851686a3ff0b1ece2fc94baf
CLIENT_TRAFFIC_SECRET_0 6f08c3850ab8ebd2e5d0d9503a11822eb0a87ad09a87c1d714898a30beea0f5a fa83c5fbeebc0b7e00f05d1519cec6e1d48121ca98e92be19bac2f2bdd474831
SERVER_HANDSHAKE_TRAFFIC_SECRET 8131b6e1cd1bed18af0d75b1b7acd12365badbff239e60c338938cfb2d32d613 4213669b9f15e61d52a8ff03a4070a5d1ebfc354fd325e06dbfa798af2f0ea08
CLIENT_HANDSHAKE_TRAFFIC_SECRET 8131b6e1cd1bed18af0d75b1b7acd12365badbff239e60c338938cfb2d32d613 4670087dd3c70683e8181ae7f31a08f606e46c0eccd448d37de5790485d687ab
SERVER_TRAFFIC_SECRET_0 8131b6e1cd1bed18af0d75b1b7acd12365badbff239e60c338938cfb2d32d613 fae147ca5aaed15a5005d4a596cce003359a03d90cf1b71562980b7ee136b0d7
SERVER_HANDSHAKE_TRAFFIC_SECRET ca3083a773e9a63470ecdab7c949d966706ce80490520bf44ad81d3c5cd987fa ce1d2bea23c7f941699126c76b29e849797dd8df95ca0b6e9fbf0baba656649c
CLIENT_HANDSHAKE_TRAFFIC_SECRET ca3083a773e9a63470ecdab7c949d966706ce80490520bf44ad81d3c5cd987fa 7aebe491eb54876b4462d2abae5dc455c5f9ad25bb8d7b03346032976590fa3e
SERVER_TRAFFIC_SECRET_0 ca3083a773e9a63470ecdab7c949d966706ce80490520bf44ad81d3c5cd987fa be83098c495123a2c5e01093f5bdf20c6215bd825fb67e6c1e5605bdaa4ed010
CLIENT_TRAFFIC_SECRET_0 ca3083a773e9a63470ecdab7c949d966706ce80490520bf44ad81d3c5cd987fa 12f2f5e682539316722ac13067482ee2ae997f3aa7f0e0f36afb96530173031e
SERVER_HANDSHAKE_TRAFFIC_SECRET 9e0b518078fa2faea14a2389bd70cbc7d6d25b2db9d0558e0cad27880932963c 62f4aba3004252f053db2b50f6dca340024ce362e885f3cf0992829af06e3805
CLIENT_HANDSHAKE_TRAFFIC_SECRET 9e0b518078fa2faea14a2389bd70cbc7d6d25b2db9d0558e0cad27880932963c 2d4b090d1bb1f99561521427dba2bb41fecace3c4de817b6ad1891ef623ce972
SERVER_TRAFFIC_SECRET_0 9e0b518078fa2faea14a2389bd70cbc7d6d25b2db9d0558e0cad27880932963c 4edbb01e50ebf8654a2bb8df0ab54304d28207477085a1d8a8de5b1e45d741bf
CLIENT_TRAFFIC_SECRET_0 9e0b518078fa2faea14a2389bd70cbc7d6d25b2db9d0558e0cad27880932963c cc5437bfdb57e0cd13ccf1d059d0c213e8f647b49afa86618df3cdb1a46ead53
SERVER_HANDSHAKE_TRAFFIC_SECRET 166d953e3713d71bc1884b8098e0c3394f3530f885f5e8c5127672ccd0997398 9fa98fc0e642d20e9037cfd5b7428c2bd78c917da28e5a2e7f3cf9486c912437
CLIENT_HANDSHAKE_TRAFFIC_SECRET 166d953e3713d71bc1884b8098e0c3394f3530f885f5e8c5127672ccd0997398 39c6a0f7a730926ce1d2f9c5d1a52f43c04f7e3a506698d38a111dfa7f4da146
SERVER_TRAFFIC_SECRET_0 166d953e3713d71bc1884b8098e0c3394f3530f885f5e8c5127672ccd0997398 e10e18ce2f19a6007c12cf67b77e41fb8cfa89f40039662a04bb69644e0a779e
CLIENT_TRAFFIC_SECRET_0 166d953e3713d71bc1884b8098e0c3394f3530f885f5e8c5127672ccd0997398 115e50262c61afa25321c149a936a11df6899b4ada7bad56c6bd3c02af2a9941
SERVER_HANDSHAKE_TRAFFIC_SECRET b048eae2f43e8b8109bb265c84fefc503c65d44071ed14e8401b96cccea3dffa 6e623136e9b68a9d0610bbc74f57ebaf4ae204000c3925d96d050c3e7f24d4af
CLIENT_HANDSHAKE_TRAFFIC_SECRET b048eae2f43e8b8109bb265c84fefc503c65d44071ed14e8401b96cccea3dffa cef7b1850c3996d8950e1e631fec345619d0f89787df4359e631fe1051ad6d3b
SERVER_TRAFFIC_SECRET_0 b048eae2f43e8b8109bb265c84fefc503c65d44071ed14e8401b96cccea3dffa da5cd19c3227e7d7d21cc155673b78591ef8c6fa46ae06e5f1c3edaf0efee3b2
SERVER_HANDSHAKE_TRAFFIC_SECRET 9c263735db6f762769dcf46254a197b4a5f2865e52fbec928c0e25ca892de822 324264a9e43831d68a8f01492a8769ec917102493c4d57d3a7d222298a2ef1b9
CLIENT_HANDSHAKE_TRAFFIC_SECRET 9c263735db6f762769dcf46254a197b4a5f2865e52fbec928c0e25ca892de822 fa88b4e7e65f5a31eea1376e0fa932edef5a6edc739523d47e5827f119a41f00
SERVER_TRAFFIC_SECRET_0 9c263735db6f762769dcf46254a197b4a5f2865e52fbec928c0e25ca892de822 bd4f80a0f81c7d904b7f2272f60b88ce96481e89c866dc628d21299d154320c0
SERVER_HANDSHAKE_TRAFFIC_SECRET c1c326aecff64fbe53e5db4b1a5f87cfbe673f0f5aea488ea593ba5b5a4426d9 690590a700a8c147d03a8a1b4066434994c8eba45ff3e6a89988abc51731ecad
CLIENT_HANDSHAKE_TRAFFIC_SECRET c1c326aecff64fbe53e5db4b1a5f87cfbe673f0f5aea488ea593ba5b5a4426d9 bd5ec701d096761c35537b336b50f258846a00ec52bb1f61f4d09d8a37fbe961
SERVER_TRAFFIC_SECRET_0 c1c326aecff64fbe53e5db4b1a5f87cfbe673f0f5aea488ea593ba5b5a4426d9 b33d0f4e509f5620ae6156a3fa456e34199c78e56aa323aa2910b642067c759f
CLIENT_TRAFFIC_SECRET_0 c1c326aecff64fbe53e5db4b1a5f87cfbe673f0f5aea488ea593ba5b5a4426d9 a929c04b5cb7616ab592cefb832c6f4c248f5235f0b259f39f528f7c346cf5b7
SERVER_HANDSHAKE_TRAFFIC_SECRET 16a93d74306758de27d57851b23ec6c5f5118347a0344ea093aae1abcc8b9f9b 2cd5bc5de6b9fb909568d3f239f7f08e833cb2d9539f0ba04f6d9382fd646720
CLIENT_HANDSHAKE_TRAFFIC_SECRET 16a93d74306758de27d57851b23ec6c5f5118347a0344ea093aae1abcc8b9f9b d6bf031e9c0eadb62de6ee3010cbf2e8f8ea235dc0b344a71b4343730eac1a7e
SERVER_TRAFFIC_SECRET_0 16a93d74306758de27d57851b23ec6c5f5118347a0344ea093aae1abcc8b9f9b dab97ea3c99436853eb5b0808654f37fb0e575462949cbc55fdfe3961b9f1097
CLIENT_TRAFFIC_SECRET_0 16a93d74306758de27d57851b23ec6c5f5118347a0344ea093aae1abcc8b9f9b 04342006dfd82abf7216aa26bdf43e6cae88d54d1fb45087b335d903c3fb39cf
SERVER_HANDSHAKE_TRAFFIC_SECRET ebcf557a7730b9973eb5bc8027b55b934a7f423ca8b14895581af5b92890496a b2fca834adbf5740a4910ccf4470cf55bbb8379409f230487dcbd7c784393d83
CLIENT_HANDSHAKE_TRAFFIC_SECRET ebcf557a7730b9973eb5bc8027b55b934a7f423ca8b14895581af5b92890496a b9c0664b6d9681c73d6e159a6ce5e8306d6fceb422ff2241883da800f7221bab
SERVER_TRAFFIC_SECRET_0 ebcf557a7730b9973eb5bc8027b55b934a7f423ca8b14895581af5b92890496a 7f03fbd5af9b7e6ee261646a097c3528d17ed80a941e5b8733192601005d80f7
SERVER_HANDSHAKE_TRAFFIC_SECRET d5d88171850ff1d16c0a262e2aa41b01e0131bfcdac0c84f84a803266b9de0d3 d47f9a24f1b7be2e5c3316b91e613e28b75a6c7df8cd9b90c7cace280169fbf1
CLIENT_HANDSHAKE_TRAFFIC_SECRET d5d88171850ff1d16c0a262e2aa41b01e0131bfcdac0c84f84a803266b9de0d3 11bb4b73e370e8815d81861db8eef69ffcf54c191e00d62725ec5056dcb85f50
SERVER_TRAFFIC_SECRET_0 d5d88171850ff1d16c0a262e2aa41b01e0131bfcdac0c84f84a803266b9de0d3 ef0ce1e288620d4a994174c763e6f826e3359d5b353948ca118c7ec6b6da5079
CLIENT_TRAFFIC_SECRET_0 d5d88171850ff1d16c0a262e2aa41b01e0131bfcdac0c84f84a803266b9de0d3 eebf5a7524551c095dfff8052b473679318d2a5fba9190681618f16467900e86
SERVER_HANDSHAKE_TRAFFIC_SECRET 3aa68e52b81b903ca5984acee86e04ea2422676cac4670152208543999e30704 2440092c9cd1f1587dcee3501cb55ea5e1f93eb00392ed18d76dfe30b2fac588
CLIENT_HANDSHAKE_TRAFFIC_SECRET 3aa68e52b81b903ca5984acee86e04ea2422676cac4670152208543999e30704 ac816d945d5304c14f005c4b410551bd0618fe4a8c9cb666f402845b480dfcf7
SERVER_TRAFFIC_SECRET_0 3aa68e52b81b903ca5984acee86e04ea2422676cac4670152208543999e30704 f7d5084c5eb79432c03bba5c3323044d730d901cc79f9ce94925d2ba40828afe
CLIENT_TRAFFIC_SECRET_0 3aa68e52b81b903ca5984acee86e04ea2422676cac4670152208543999e30704 ef697b2ae2e5ee021bbe487f77b1863b7280cdcc89fd851ae3fc4d597f1d3646
SERVER_HANDSHAKE_TRAFFIC_SECRET 24833f10ab05472be9e03c1786f1c9991c5a02d56be8d035a9007c82d9135edd eaba6bfcc94dce3738a629b489b48978349870bb585f8bdee3c40310cf18b5e4
CLIENT_HANDSHAKE_TRAFFIC_SECRET 24833f10ab05472be9e03c1786f1c9991c5a02d56be8d035a9007c82d9135edd 47879306e509018f0095124355baffd9a7609b30a91ec7a02d79a44f78ad11b8
SERVER_TRAFFIC_SECRET_0 24833f10ab05472be9e03c1786f1c9991c5a02d56be8d035a9007c82d9135edd d32166a0054e40e3d399af0bd03d8b32a4ba667dc78c77f0e5009d87cc72db36
CLIENT_TRAFFIC_SECRET_0 24833f10ab05472be9e03c1786f1c9991c5a02d56be8d035a9007c82d9135edd 19f3c208cf612a3f69158bef45105eeb12075fbff33fe7f9ff6c209d682ecffa
SERVER_HANDSHAKE_TRAFFIC_SECRET c73127ecb7e1b749d5e9fee72ffea79d3f8a77533e1eb4375787d8c71b45aac0 cd1fed66c4cd71b6ef098cd9ba203d232d6a58cb6e22c7f454953745f1a8a88d
CLIENT_HANDSHAKE_TRAFFIC_SECRET c73127ecb7e1b749d5e9fee72ffea79d3f8a77533e1eb4375787d8c71b45aac0 8ebf35cdb4a19de70365019cba3585bb761e0d12a4bb84716229342f832b01e1
SERVER_TRAFFIC_SECRET_0 c73127ecb7e1b749d5e9fee72ffea79d3f8a77533e1eb4375787d8c71b45aac0 7fabfdd88fb4f15cad8b1d2ecd8ffd0436b54cc6e003907d034bfe26f592c14e
SERVER_HANDSHAKE_TRAFFIC_SECRET e007cc8acea5baf5b81e3abf7878967b9c92a220f6d0c09142b5088304bd5924 0ec8139a75e29ed8131c99c6c1274ecd2a9ba1671aba09a00251f103d58badc1
CLIENT_HANDSHAKE_TRAFFIC_SECRET e007cc8acea5baf5b81e3abf7878967b9c92a220f6d0c09142b5088304bd5924 6a06a071eee7c65bac8388d9f9e1edde8e6f7500cd85b324cfd9777d56c5aa13
SERVER_TRAFFIC_SECRET_0 e007cc8acea5baf5b81e3abf7878967b9c92a220f6d0c09142b5088304bd5924 0acbf423162baf468015a741f56cca0d8dff62b66d5270930cd57f143a46ddbc
SERVER_HANDSHAKE_TRAFFIC_SECRET c0f69ba1fbb6e3baa812c982a1f8d5795ba7ec7693f81d0534b5be17adc21eb2 921bbe0d921901da7b90bec25505795e4df72fe76750d8b99571d668b95fb081
CLIENT_HANDSHAKE_TRAFFIC_SECRET c0f69ba1fbb6e3baa812c982a1f8d5795ba7ec7693f81d0534b5be17adc21eb2 738b8a5a88a286485d92b608211f3816af5e38f9768e7ef589d6d024ef0f4b58
SERVER_TRAFFIC_SECRET_0 c0f69ba1fbb6e3baa812c982a1f8d5795ba7ec7693f81d0534b5be17adc21eb2 ea6e0ed8ab04c2da3c0af9726f48bf716b86d7d627b6f561a0a9cfe719df86a0
CLIENT_TRAFFIC_SECRET_0 c0f69ba1fbb6e3baa812c982a1f8d5795ba7ec7693f81d0534b5be17adc21eb2 e067816285836ce5938ce5535f67364717264d9500a43f910ea3781a4b4c7868
SERVER_HANDSHAKE_TRAFFIC_SECRET dc8288b3f4c4fd5b12ac7720994c26c698d38ffd62f7258103890568148b1d71 532d1674849d7b66799cfd63f708d518e9caa25f2d2a995cae5e0b04b3ba7b99
CLIENT_HANDSHAKE_TRAFFIC_SECRET dc8288b3f4c4fd5b12ac7720994c26c698d38ffd62f7258103890568148b1d71 90e34a12c68c2c75a366906cbe48fdd374ab4970f08cb1d0637df789f6682b1a
SERVER_TRAFFIC_SECRET_0 dc8288b3f4c4fd5b12ac7720994c26c698d38ffd62f7258103890568148b1d71 a9255d5b8f4c33635e4b1dd381b256771f9160adde36fb3f6f6015a661202378
SERVER_HANDSHAKE_TRAFFIC_SECRET a4aa8bb4e0e8821c39a015072be6ff4e7cbdbe035cde126b0d1d70eebedf8084 369754cf167758b50f5669acefe76d510be3ecd7afb16d1e4ad46c474b80826f
CLIENT_HANDSHAKE_TRAFFIC_SECRET a4aa8bb4e0e8821c39a015072be6ff4e7cbdbe035cde126b0d1d70eebedf8084 069c152c34115a0b3643c866f1b0ab6df834f0d198f0ce1a87ea5fc21e710491
SERVER_TRAFFIC_SECRET_0 a4aa8bb4e0e8821c39a015072be6ff4e7cbdbe035cde126b0d1d70eebedf8084 20b66ca6b0bd509292b618b678af2365462bdb607f86c19223614478371d850b
CLIENT_TRAFFIC_SECRET_0 a4aa8bb4e0e8821c39a015072be6ff4e7cbdbe035cde126b0d1d70eebedf8084 24839cefe939b06d3293e5aa66eec93eae93c8b11c073da2a134eb35708ba2c9
SERVER_HANDSHAKE_TRAFFIC_SECRET 41b384c20d0f08d3de546fe9090fd8d6fed91d68d04a291f50a28f5271df5522 69e62795dfa8b99af66cf6858a7586cfc9e74a87db2b6535db4cb426c60beef1
CLIENT_HANDSHAKE_TRAFFIC_SECRET 41b384c20d0f08d3de546fe9090fd8d6fed91d68d04a291f50a28f5271df5522 d7b3ccf783fa94ba59946e6142a6533fc529a9cb78b8643d39d1d5950895f80e
SERVER_TRAFFIC_SECRET_0 41b384c20d0f08d3de546fe9090fd8d6fed91d68d04a291f50a28f5271df5522 63a49c707be0991a8addf7f4c8cab84a3086b6674cedec9fbeab678dc7a062bb
CLIENT_TRAFFIC_SECRET_0 41b384c20d0f08d3de546fe9090fd8d6fed91d68d04a291f50a28f5271df5522 5d6bcf8a0e396b46743085c3bc7b6a28ae376cd09359dc23c46b7ce1378a0dc3
SERVER_HANDSHAKE_TRAFFIC_SECRET 17d532f8356cbb1825dcf6e74275d1d9ea11964b5435e82b6ee0ddf7b479cafd ec1c76545100907b0be042b07cb9051f507d5065507f10a6aea8554e2a6f9db8
CLIENT_HANDSHAKE_TRAFFIC_SECRET 17d532f8356cbb1825dcf6e74275d1d9ea11964b5435e82b6ee0ddf7b479cafd 3a01ffc07d9a5ce50d7b646b46be4ad3faf9031e4e871c771e7f5c42de173b47
SERVER_TRAFFIC_SECRET_0 17d532f8356cbb1825dcf6e74275d1d9ea11964b5435e82b6ee0ddf7b479cafd be7132b959c05cd652119ae468715405e05b8ee8860f1a41c7ffe00fa28d0c0c
SERVER_HANDSHAKE_TRAFFIC_SECRET f7622437cba2363eb2d5b2321c66c3cf3f52c9bd4426bf34a6b75af547af1fe9 a50f4314f99bbaa64bd6ce3303ae5987686255f562660722250cc765dc1b2f19
CLIENT_HANDSHAKE_TRAFFIC_SECRET f7622437cba2363eb2d5b2321c66c3cf3f52c9bd4426bf34a6b75af547af1fe9 54c99d09edcc14cbd9d87d645ff36dbff52eaab51ba3321a131615a13e0508d1
SERVER_TRAFFIC_SECRET_0 f7622437cba2363eb2d5b2321c66c3cf3f52c9bd4426bf34a6b75af547af1fe9 8962fc103d60a95f83b06942c255659e225760909cf33cc50d2f84cb05ca2d01
CLIENT_TRAFFIC_SECRET_0 f7622437cba2363eb2d5b2321c66c3cf3f52c9bd4426bf34a6b75af547af1fe9 cec85548ee45fa7fb3a2cd8d92e0fe642e87acedc338898db77ec007c2d4ebae
SERVER_HANDSHAKE_TRAFFIC_SECRET 41b9280d3796b71b3c5259983263eed43bfdb6a18c2cc152d98fab593e4ad1cf 2eedccd3e85bb0ee5ca6e88a527ad2ee0a0b9e2a5cc4b0edb09c40f0edf22a08
CLIENT_HANDSHAKE_TRAFFIC_SECRET 41b9280d3796b71b3c5259983263eed43bfdb6a18c2cc152d98fab593e4ad1cf dc40d433202cd8fbbdb9b2c123745205bee68e19e8f849f36464b5c1ca59c621
SERVER_TRAFFIC_SECRET_0 41b9280d3796b71b3c5259983263eed43bfdb6a18c2cc152d98fab593e4ad1cf 6457cb3ea294a95051331da2cde52a24b5de528e8c62617aa0a15256f760cf8c
CLIENT_TRAFFIC_SECRET_0 41b9280d3796b71b3c5259983263eed43bfdb6a18c2cc152d98fab593e4ad1cf b26bdc0c86eab2f704553b6a9576cb78822484dee99148332af6a60bf7abbc27
SERVER_HANDSHAKE_TRAFFIC_SECRET 8b4de69591d3b55fb61ba5b4dd6cb0c8c627893831deb6c312ecbf47021a7dd3 aec9573da3b8595726e2f8aea908fc76bd7cf748f4e34d67df5807f9b9b3940d
CLIENT_HANDSHAKE_TRAFFIC_SECRET 8b4de69591d3b55fb61ba5b4dd6cb0c8c627893831deb6c312ecbf47021a7dd3 8e2ca5d27c31133b7f201dd1876cb44c5379b21773f5665869c4123adcf0c6cf
SERVER_TRAFFIC_SECRET_0 8b4de69591d3b55fb61ba5b4dd6cb0c8c627893831deb6c312ecbf47021a7dd3 f555679396e0e02e66d120ae6ec90a68fca551752572c8315f285fa1f9c8f094
SERVER_HANDSHAKE_TRAFFIC_SECRET 0ecb30bd969181e03eb30c33c3f5447c599f6eb925adf0fe6761f99610364ef5 478911b06ed8a29e6805c6bd1ce987bd649b359efb8a979ad5b052057e14ab1c
CLIENT_HANDSHAKE_TRAFFIC_SECRET 0ecb30bd969181e03eb30c33c3f5447c599f6eb925adf0fe6761f99610364ef5 1f02d516353034fa9e57e315b6a76b3cfe4f97be41a0c40cc5f974c7e0138342
SERVER_TRAFFIC_SECRET_0 0ecb30bd969181e03eb30c33c3f5447c599f6eb925adf0fe6761f99610364ef5 1da0da9857553960436fa0f461cd600db83c6512622d89809f9913323d21e3c2
SERVER_HANDSHAKE_TRAFFIC_SECRET d54d7bfcf7edb5d49faf2c2e30d5250454366231b25c183d147018b73bc3c528 2e6a1ce99f65450f8c339a2f3071ad13d7e104b215881ec73f6957d69bb6db72
CLIENT_HANDSHAKE_TRAFFIC_SECRET d54d7bfcf7edb5d49faf2c2e30d5250454366231b25c183d147018b73bc3c528 e6d5fe398edf4b820a9265ef6899bc31980ee5142caf35287af7be9220d2f0fc
SERVER_TRAFFIC_SECRET_0 d54d7bfcf7edb5d49faf2c2e30d5250454366231b25c183d147018b73bc3c528 62c04f56efe0e0ae63a249ca4951c274a698f1eadcff917e4147ccf36455edeb
CLIENT_TRAFFIC_SECRET_0 d54d7bfcf7edb5d49faf2c2e30d5250454366231b25c183d147018b73bc3c528 aab9d929ab06c7ab87f2ff8d5fff831e54f2eec3e42e09192263079c3938afcc
SERVER_HANDSHAKE_TRAFFIC_SECRET 31456329f2c0fcbf1ff3b5e2961c4ba0b7de062bda9c578ba94320b341319264 966edaf2edafdffe89cf04c03c43869d3dee04943edc73a547315bc2c891b471
CLIENT_HANDSHAKE_TRAFFIC_SECRET 31456329f2c0fcbf1ff3b5e2961c4ba0b7de062bda9c578ba94320b341319264 81166457a20d76fc6e33f69d40901c9d8af3d216cee9a06c814a15901b27085d
SERVER_TRAFFIC_SECRET_0 31456329f2c0fcbf1ff3b5e2961c4ba0b7de062bda9c578ba94320b341319264 4cee021e216acd046ee3275ef7ee044e7243fadb147442845eecf25c548ce12a
SERVER_HANDSHAKE_TRAFFIC_SECRET 021a15b5459c7595b7db1ed2ddfcbab63e9ca655606f65a6e5217e2d5e8213be 9a251f73d9474a9699ada93797ee06315cad288af2380e6edf501a8e447fb490
CLIENT_HANDSHAKE_TRAFFIC_SECRET 021a15b5459c7595b7db1ed2ddfcbab63e9ca655606f65a6e5217e2d5e8213be 8813035f7580d56a246b3a632a968684a20a55619388071cbb99bb2ef3d6d807
SERVER_TRAFFIC_SECRET_0 021a15b5459c7595b7db1ed2ddfcbab63e9ca655606f65a6e5217e2d5e8213be 9cc483cd951105efb7a83a0168cef6eb72c8bce09d50c0ee1869cf9cfdb157cd
CLIENT_TRAFFIC_SECRET_0 021a15b5459c7595b7db1ed2ddfcbab63e9ca655606f65a6e5217e2d5e8213be 6e51bab55a88e651ccba0ab96ab45d646aceb5674267442102dfcf01d108b029
SERVER_HANDSHAKE_TRAFFIC_SECRET d307ab23be27554ee706472597eb44c38bfef44741dc2ecaa201cb146559fafc e59d6c7303c788680dcf06f473cdfc91dff31adfdd094070931264c3145e765a
CLIENT_HANDSHAKE_TRAFFIC_SECRET d307ab23be27554ee706472597eb44c38bfef44741dc2ecaa201cb146559fafc bf8bb66b37d6ee4e567ba9841124faac075261f6ebc58fadfd5bb628bb43cbc1
SERVER_TRAFFIC_SECRET_0 d307ab23be27554ee706472597eb44c38bfef44741dc2ecaa201cb146559fafc fed6e958a08d21f9f8217bb0ace3e83bd1eeee95e73b32a2a6964320645d1d9e
SERVER_HANDSHAKE_TRAFFIC_SECRET 63251a57da5ae5e503d2838f27d9284020eeb63c4df9edd77073f2213e9552a8 3c2aceb9167f1cdf0c61f9247ccfb6efc4a56f7ea897a565433d4aa4c249c21d
CLIENT_HANDSHAKE_TRAFFIC_SECRET 63251a57da5ae5e503d2838f27d9284020eeb63c4df9edd77073f2213e9552a8 da6ec3963bb4256cf20f3965ee80455ee28195da67f9de27f1ed31590736dfeb
SERVER_TRAFFIC_SECRET_0 63251a57da5ae5e503d2838f27d9284020eeb63c4df9edd77073f2213e9552a8 e88758337ee36ecfa888edbee8f7c497246344940756c115ff36d3999f328d5a
SERVER_HANDSHAKE_TRAFFIC_SECRET bb15df637ff833506454ebdce0eb172e88e182aca30d29b6848dd961ce57dbe7 4ea3111e56cd966ebf5083a38c3ef2df9cb37c9a1ae95669718ff8b58aca236f
CLIENT_HANDSHAKE_TRAFFIC_SECRET bb15df637ff833506454ebdce0eb172e88e182aca30d29b6848dd961ce57dbe7 1a35a75992298b9544585fc83d1157fc475da201fef93a8e897405b5e0831a2d
SERVER_TRAFFIC_SECRET_0 bb15df637ff833506454ebdce0eb172e88e182aca30d29b6848dd961ce57dbe7 77a5b5d4dbc7e68af68e268136150af19ae020093a60476f89e7330e0f54235c
CLIENT_TRAFFIC_SECRET_0 bb15df637ff833506454ebdce0eb172e88e182aca30d29b6848dd961ce57dbe7 81f42873182739eb4bc852f2757487c7229e95ca8521549e9a680ea8d462f31d
SERVER_HANDSHAKE_TRAFFIC_SECRET 26ae088cc56c3f9b5aab6e8e49c710316a924530173300a7f1ca9e03da469338 6596685406feeafea3c161915a0e1720d33cd6053d9a7d171919843d23a954e1
CLIENT_HANDSHAKE_TRAFFIC_SECRET 26ae088cc56c3f9b5aab6e8e49c710316a924530173300a7f1ca9e03da469338 c177c4e9334fbaae55cdd903516873aba4df5ef516347462107d47c5047215ae
SERVER_TRAFFIC_SECRET_0 26ae088cc56c3f9b5aab6e8e49c710316a924530173300a7f1ca9e03da469338 c79ddf1c1c04c0d8ef7498c309a25293ac3374755e0d848bb86648d5e5d39990
CLIENT_TRAFFIC_SECRET_0 26ae088cc56c3f9b5aab6e8e49c710316a924530173300a7f1ca9e03da469338 fd47c18ad697a469849dbd332ca96b5ebd181141d044dc57735a2196712372f9
SERVER_HANDSHAKE_TRAFFIC_SECRET 9ee8d39c5cce847b51cdcd0e9695f28abe37537b9ea7c7b97118c0ff2e2d7717 6efa93c619f2d79ba06a4eccc824c647f2754a17820fc15a36bf40bb8ad9d865
CLIENT_HANDSHAKE_TRAFFIC_SECRET 9ee8d39c5cce847b51cdcd0e9695f28abe37537b9ea7c7b97118c0ff2e2d7717 69523edf09a30c5b353816668f33b741ca65db0e38f12aca4b8e6f57fa2d5acd
SERVER_TRAFFIC_SECRET_0 9ee8d39c5cce847b51cdcd0e9695f28abe37537b9ea7c7b97118c0ff2e2d7717 dcfc8d895ee1d42380954a33ed13c3bdd57b9c22855d1b8bc46d939365bdcc44
SERVER_HANDSHAKE_TRAFFIC_SECRET 15a120084bb733b18831727ba9c71a7a95cfe51b054a3ef1ef6c2cc2381225ef 33c2c66bf29fb2b25fe4152893ec1669186d740707261dfe7e1ff75e29db9cb5
CLIENT_HANDSHAKE_TRAFFIC_SECRET 15a120084bb733b18831727ba9c71a7a95cfe51b054a3ef1ef6c2cc2381225ef a26f16914675ebee8b3e878f336314bb443f37d1f6c8a2e4f7233b6c3c0065a9
SERVER_TRAFFIC_SECRET_0 15a120084bb733b18831727ba9c71a7a95cfe51b054a3ef1ef6c2cc2381225ef 57c5f3c680e84d71b3d737c955f0d6cb73e096094e8059c8fdb493cc4c78e4f5
CLIENT_TRAFFIC_SECRET_0 15a120084bb733b18831727ba9c71a7a95cfe51b054a3ef1ef6c2cc2381225ef b45092ca9548577e9c3682b50ff6f9f76456883db98d55d78afdd971183f3537
SERVER_HANDSHAKE_TRAFFIC_SECRET a8896bdc20abd88a8b29df826d5923103059a12f06a427f874d1ec824d692087 5cf6501647065c1333671232e7178408fcb3f70a0a53669eb7c5c3a62e25c557
CLIENT_HANDSHAKE_TRAFFIC_SECRET a8896bdc20abd88a8b29df826d5923103059a12f06a427f874d1ec824d692087 a895808709f4a36dbcd1a1b4b1c239f8a0b8532acc9d4aaaa184de048f1c87d5
SERVER_TRAFFIC_SECRET_0 a8896bdc20abd88a8b29df826d5923103059a12f06a427f874d1ec824d692087 c18baa46df759063be7974523d00d095c1bf5d820aa31b6dace336a88b4362b2
CLIENT_TRAFFIC_SECRET_0 a8896bdc20abd88a8b29df826d5923103059a12f06a427f874d1ec824d692087 6a7ed93a882578aaaf0aa9fb076f5270e0e9b1f15e6ba80eaf2e40ef8359e55e
SERVER_HANDSHAKE_TRAFFIC_SECRET 5f368c5612934e468df35dca3444d00fac2fbfe1e2ab60b3a5fa6f40d99356ba 4ed8b268fc25136e9f2728296ec06e714759cd61f82edfca8ad85ddba0bb7e7a
CLIENT_HANDSHAKE_TRAFFIC_SECRET 5f368c5612934e468df35dca3444d00fac2fbfe1e2ab60b3a5fa6f40d99356ba c5ceeeee7e931245d2259f189342cfbd677322fcac60e9a993c69102aadbf806
SERVER_TRAFFIC_SECRET_0 5f368c5612934e468df35dca3444d00fac2fbfe1e2ab60b3a5fa6f40d99356ba f24eeed013d77d2977b8283c8b1ab183c09951a5aec81e61b390b93328054b6c
CLIENT_TRAFFIC_SECRET_0 5f368c5612934e468df35dca3444d00fac2fbfe1e2ab60b3a5fa6f40d99356ba fb66f0e9777d612d3ff9f625c43c8d30f38a4ee38f4f9ad4e665ca051dedabc7
SERVER_HANDSHAKE_TRAFFIC_SECRET 71bcdc57a96ddb2a4ac025fbd61ea1114c40e9c724a1e7d92f27a373fadaa06f 6abe05fbcba25d0d8685875853766d7c64def3da88c408b8675c1e6284531301
CLIENT_HANDSHAKE_TRAFFIC_SECRET 71bcdc57a96ddb2a4ac025fbd61ea1114c40e9c724a1e7d92f27a373fadaa06f 9c4d1bae111acfc5d5e7940b3e57317d1101abdf3da17f3e9fd7dea252b243a3
SERVER_TRAFFIC_SECRET_0 71bcdc57a96ddb2a4ac025fbd61ea1114c40e9c724a1e7d92f27a373fadaa06f 5db07b41adb5cd44763a79ba892180a74d315f2b297dadf5876252c6e25c7b01
SERVER_HANDSHAKE_TRAFFIC_SECRET f27ee79c257764ca4548965ffe7b864742d00ccb0a49f6891e60a60f912497e6 20fe29a90934bf9cd7159fd8a2ba3714686723ba0362093b10bc400e3b2cc496
CLIENT_HANDSHAKE_TRAFFIC_SECRET f27ee79c257764ca4548965ffe7b864742d00ccb0a49f6891e60a60f912497e6 21bd1164c9c4f3f3d9e7113bb6f2f8bc9af9ffd87588b4e9ca58918c2572e28c
SERVER_TRAFFIC_SECRET_0 f27ee79c257764ca4548965ffe7b864742d00ccb0a49f6891e60a60f912497e6 141a629ce999f7f5ddf74e6094d2d3bf5054ac7a33ee72c7ef3844774ab8477b
CLIENT_TRAFFIC_SECRET_0 f27ee79c257764ca4548965ffe7b864742d00ccb0a49f6891e60a60f912497e6 ebdaa5ce078ba9673477342d8c73306fba05d42ade79604d3c0c525dee1ea4ec
SERVER_HANDSHAKE_TRAFFIC_SECRET 1d939e2c2b6b6abc666c8366703aa26c81c3a2197db3e9a474c6b1930ad46fbf 4882c9560905fd0f28c42514b6d94a155e97909c918ecb6b47dd46d5cec0eb78
CLIENT_HANDSHAKE_TRAFFIC_SECRET 1d939e2c2b6b6abc666c8366703aa26c81c3a2197db3e9a474c6b1930ad46fbf 96fc200bb70b6625872927eb4f4b754f9d26f8a8add79b3716c1a6534b834bf4
SERVER_TRAFFIC_SECRET_0 1d939e2c2b6b6abc666c8366703aa26c81c3a2197db3e9a474c6b1930ad46fbf 3eb96ee47cd14b2e4eef6b0268dbd6b00426fba63792fc3587294a0139749662
SERVER_HANDSHAKE_TRAFFIC_SECRET ae49683201c9b96d92ae97f32b7480e8d94b32103270b42ac0798656c1618bd3 aaa5efe305f5db22adfb861388b9883437effa1c6c913868ecc976c7f32aa401
CLIENT_HANDSHAKE_TRAFFIC_SECRET ae49683201c9b96d92ae97f32b7480e8d94b32103270b42ac0798656c1618bd3 5e50bd6d7185bd727e6219f0608425a4ab7b5d63adeb33e48cd6e48aa73df076
SERVER_TRAFFIC_SECRET_0 ae49683201c9b96d92ae97f32b7480e8d94b32103270b42ac0798656c1618bd3 b1cbb5b404a315f4ec3d425893dc6476004736c7399548c2537e60da3854b0f6
SERVER_HANDSHAKE_TRAFFIC_SECRET 3659a228ed1ec439369b4315023a46d51ce6c6d9111fcc94322ccb307770bf0a f1557150d05786e09764e5f5b8dd6dd1362d3d4591c1c9fd5806ff221ad0b3c1
CLIENT_HANDSHAKE_TRAFFIC_SECRET 3659a228ed1ec439369b4315023a46d51ce6c6d9111fcc94322ccb307770bf0a c2b82d285217ddf811d612e549b62cdff0fde3ffd494d29c12a8d73241e2097a
SERVER_TRAFFIC_SECRET_0 3659a228ed1ec439369b4315023a46d51ce6c6d9111fcc94322ccb307770bf0a 11e8567a9effdeb022fcd0c4042fb1d1ae5d3b45cc6a2f8502cd644570bdb541
CLIENT_TRAFFIC_SECRET_0 3659a228ed1ec439369b4315023a46d51ce6c6d9111fcc94322ccb307770bf0a 68b2448c86e58593860d00e738fb04050fb086db38da518b080ac29488ef3d9f
SERVER_HANDSHAKE_TRAFFIC_SECRET cd1ec1107ea92141240c65752254c2e259e79794d795d359417ddf658916e899 aba07457972ff638c00a9939265449598a6613423c0f08e5e1fc287813d48453
CLIENT_HANDSHAKE_TRAFFIC_SECRET cd1ec1107ea92141240c65752254c2e259e79794d795d359417ddf658916e899 88adeef0e457b940c6bcc1daf88ad2e69d15adf195482374441772ae38d94a16
SERVER_TRAFFIC_SECRET_0 cd1ec1107ea92141240c65752254c2e259e79794d795d359417ddf658916e899 a655a1fc360c08c24268dbc07250eee617172f4154e6b4340d51d37a50541da7
SERVER_HANDSHAKE_TRAFFIC_SECRET 7338dc5ae47ddb0eb470b5776bcd14caaa2d11ffcfe7544a28afdc0cb9d4ebba 2d04068007c88f9074bb456b0246f6976ae4f37193df8bbcc600019234066747
CLIENT_HANDSHAKE_TRAFFIC_SECRET 7338dc5ae47ddb0eb470b5776bcd14caaa2d11ffcfe7544a28afdc0cb9d4ebba b3e1c82ba0f69014c999238f6ab70c4b97864cc9a9cfccbd1fcf380b4cdeeaf6
SERVER_TRAFFIC_SECRET_0 7338dc5ae47ddb0eb470b5776bcd14caaa2d11ffcfe7544a28afdc0cb9d4ebba 6d0e710cc19133cc1ab7cc09187d7755bf2d08d972d8726802705130e030f3f2
SERVER_HANDSHAKE_TRAFFIC_SECRET 312d55e218eb463a6ddc73d31f7a77d03fa16a6c4ffe90ec7d528725fcfcc1a2 2905be08431d5200aee574823c92f9e599f4f37c335948eac5b3c27c87f821ef
CLIENT_HANDSHAKE_TRAFFIC_SECRET 312d55e218eb463a6ddc73d31f7a77d03fa16a6c4ffe90ec7d528725fcfcc1a2 958ee6d1b4838c4b2586b7f92541ce77db5d55acc90e3e6c0b9cb9d3f9f0e3a5
SERVER_TRAFFIC_SECRET_0 312d55e218eb463a6ddc73d31f7a77d03fa16a6c4ffe90ec7d528725fcfcc1a2 c59b6636a855d7a9778c363506cb7138fd7ecfcb727885c6563527fb38ad916d
CLIENT_TRAFFIC_SECRET_0 312d55e218eb463a6ddc73d31f7a77d03fa16a6c4ffe90ec7d528725fcfcc1a2 4c37db109f76cae2419ec3efe060e082956125983cd1da92933b753794a73dc2
SERVER_HANDSHAKE_TRAFFIC_SECRET 3aea526ee1d8e5f13e95ecdf87506798859b312f06326eff98cee5f155b2c1ea 8b697652b8160e53d316367cd99fdbc90d3e62f0835430fb24f509b2f6c333da
CLIENT_HANDSHAKE_TRAFFIC_SECRET 3aea526ee1d8e5f13e95ecdf87506798859b312f06326eff98cee5f155b2c1ea 483b9df319eafba3b3fcb4ba17dec82a4e3cf2fa364f8f6912c046f58f74b23e
SERVER_TRAFFIC_SECRET_0 3aea526ee1d8e5f13e95ecdf87506798859b312f06326eff98cee5f155b2c1ea 28da20caf7a1282bddcb33ad926f8ee0f8ea6cb5ccf27dab20af90d277c457f3
CLIENT_TRAFFIC_SECRET_0 3aea526ee1d8e5f13e95ecdf87506798859b312f06326eff98cee5f155b2c1ea 4ce8a1b2e73fe180cb9e33527efbbca7aa5bd7b72e69320588b717e475440efd
SERVER_HANDSHAKE_TRAFFIC_SECRET 9f5dca12c246992b5ec57f65aba955cf925d794c8be6f7c29a42f382fb5b265b 1a39ef65368b8269f336ebc1cc4538b5d7daa3922175dbf47e76b93f620c8b3a
CLIENT_HANDSHAKE_TRAFFIC_SECRET 9f5dca12c246992b5ec57f65aba955cf925d794c8be6f7c29a42f382fb5b265b f912851f3b6f96c359c38c67af9ab1408b7aeac8197c4462fc49eafcedad3e86
SERVER_TRAFFIC_SECRET_0 9f5dca12c246992b5ec57f65aba955cf925d794c8be6f7c29a42f382fb5b265b 5fb9050c554ad8bc74cb29d15b00dc17f63f69982b032099114d84ff56957052
SERVER_HANDSHAKE_TRAFFIC_SECRET 383820114d69986ceec66168ab8d9e3f07e895e2b658268eb64cf5f9de55d661 982eaf23b665c09f529f5ebca2dda14c789579636c6614e7dcaedb4682a63bc7
CLIENT_HANDSHAKE_TRAFFIC_SECRET 383820114d69986ceec66168ab8d9e3f07e895e2b658268eb64cf5f9de55d661 451abff9121dbde70a818c069cca65bfa7381f777681a60915cd3997807c8702
SERVER_TRAFFIC_SECRET_0 383820114d69986ceec66168ab8d9e3f07e895e2b658268eb64cf5f9de55d661 b131d477c3369e7c713b3ba35d579fccef19dec6e09aabfb35550476e22ce101
CLIENT_TRAFFIC_SECRET_0 383820114d69986ceec66168ab8d9e3f07e895e2b658268eb64cf5f9de55d661 82044568affa46cdde6fc484f8e88a5ae7cadaa9fd27986729459eb4818be430
SERVER_HANDSHAKE_TRAFFIC_SECRET dabbedd2348c0a69c10d604deec919dd5dcfce8c0208cce5dca9aa8faa6ccde2 3bbd808c53d01e2efea78c476fe45a0f05a6eacd69cd863ec430794595bcbe8d
CLIENT_HANDSHAKE_TRAFFIC_SECRET dabbedd2348c0a69c10d604deec919dd5dcfce8c0208cce5dca9aa8faa6ccde2 98ca643d727b0c8ec97aa58d0c99b01ffca0e5861ce0cbc67efe0cbb29ee440c
SERVER_TRAFFIC_SECRET_0 dabbedd2348c0a69c10d604deec919dd5dcfce8c0208cce5dca9aa8faa6ccde2 8327b4b52d0f6408267321db4782f7ef0d839a332b296ce9168304abad6926d2
SERVER_HANDSHAKE_TRAFFIC_SECRET 74e4699179fde60e9820dd9944a6363b8bbba39fb8313a1be2a12cc1912a49f2 a3cd15a148c1c7c1d828ad0ecca6cc325b1b22382a5d6bda14ada1aaacfe8805
CLIENT_HANDSHAKE_TRAFFIC_SECRET 74e4699179fde60e9820dd9944a6363b8bbba39fb8313a1be2a12cc1912a49f2 8bef07b3249dadcb560221684ea6d93cb975dc9edd6371e992ede7d2374ad81a
SERVER_TRAFFIC_SECRET_0 74e4699179fde60e9820dd9944a6363b8bbba39fb8313a1be2a12cc1912a49f2 fcc7d70790434e999308607d733cdbcd4040f0d4598ae8246b62f3a64faf1971
SERVER_HANDSHAKE_TRAFFIC_SECRET 2b3ba501b37c8cf33fdbdac655b4fd3cf74ec0625c07fb1af9112356f1e1b201 923d0699666aa6866ed4e26a63d76668cbf6081fec691676e627d8751e1792b2
CLIENT_HANDSHAKE_TRAFFIC_SECRET 2b3ba501b37c8cf33fdbdac655b4fd3cf74ec0625c07fb1af9112356f1e1b201 b39e06bc4186eb33b8e57024182a9e8ff5f76e920db2ea1981d0459fe282f799
SERVER_TRAFFIC_SECRET_0 2b3ba501b37c8cf33fdbdac655b4fd3cf74ec0625c07fb1af9112356f1e1b201 5c7becb9b8de0a021dcd896d0d1758f4f16bd47d5357c30b224225b913732d77
SERVER_HANDSHAKE_TRAFFIC_SECRET e332769f3ed86797215feb3e2cdf3989ba144647b6eb9c559ef0c4803bc25fcc 0c74c6db6ddb0de5ca64cd5a2514f0025333a2a3e1d3171d214f6f472046b6ce
CLIENT_HANDSHAKE_TRAFFIC_SECRET e332769f3ed86797215feb3e2cdf3989ba144647b6eb9c559ef0c4803bc25fcc 6fc35a2f052c1617bd6104c9d23aaf60f01492813c875515aea31e7bc17e8859
SERVER_TRAFFIC_SECRET_0 e332769f3ed86797215feb3e2cdf3989ba144647b6eb9c559ef0c4803bc25fcc 8225ce8e919f86047dbffb5bcc76629084f79add2a65102b0f6b8387e9e29915
SERVER_HANDSHAKE_TRAFFIC_SECRET df8a5e9056737b728e83bd85906e88390a4c6e2bf073af45de84405bf452a012 1813bf6cd8d49c4d394912b82f4827804ebde58b046f34d2aea239706f35637f
CLIENT_HANDSHAKE_TRAFFIC_SECRET df8a5e9056737b728e83bd85906e88390a4c6e2bf073af45de84405bf452a012 5eebe7743b91efc1a010ca6f8c54ecb6de2774e1b00c43d8059b2063d2d96316
SERVER_TRAFFIC_SECRET_0 df8a5e9056737b728e83bd85906e88390a4c6e2bf073af45de84405bf452a012 30b9257362429521b948161cd748d8ba182e4f08a854dd1e9f02e07752da72a6
SERVER_HANDSHAKE_TRAFFIC_SECRET cac3e8c0c1546c158124d4b984676313f6baee063a85cd109adba8124ec90a2a 3b1732e7688fe8088b0ca7b785b2cb3890f75e9e14275919b80711ec45a21c72
CLIENT_HANDSHAKE_TRAFFIC_SECRET cac3e8c0c1546c158124d4b984676313f6baee063a85cd109adba8124ec90a2a 2b63a4225aa2ea59b77c34e2193e6f2d407e73b6d2dcc62510ba9587b9432463
SERVER_TRAFFIC_SECRET_0 cac3e8c0c1546c158124d4b984676313f6baee063a85cd109adba8124ec90a2a 3da2ae4e0f91ca982b7961b53650d1f003a89812be27b5e5e1250160f0c4432a
SERVER_HANDSHAKE_TRAFFIC_SECRET be4c6769d915694768c2d70ee537ae621f45e321765d917a56954d70b816e08b 55e81b0229aaaf635d089baab16b30c4f93c5a06fca89486e9f53e4af34b3df6
CLIENT_HANDSHAKE_TRAFFIC_SECRET be4c6769d915694768c2d70ee537ae621f45e321765d917a56954d70b816e08b baba3615ccceac420cb043e8a60179781b50dae445501c72337d4f2b0e8e7a8f
SERVER_TRAFFIC_SECRET_0 be4c6769d915694768c2d70ee537ae621f45e321765d917a56954d70b816e08b 2ef918c2dff511e8fa8618a122a2a607f1b31958aa24cf057ddd2af94239d739
SERVER_HANDSHAKE_TRAFFIC_SECRET b56a8d634f697995ad01fe615b9c099ffd4d137d61fc0a4278fbc11a85f5d085 18f419d83ce59c908abef2984ef82e9eb72bfcc5bdc67c9cacf9a74e0bdec0d1
CLIENT_HANDSHAKE_TRAFFIC_SECRET b56a8d634f697995ad01fe615b9c099ffd4d137d61fc0a4278fbc11a85f5d085 b1ad0fa7d4d0dd34de1f1fb2c68f3da74d2b2a86fd8763f6766ca3d2253f2b47
SERVER_TRAFFIC_SECRET_0 b56a8d634f697995ad01fe615b9c099ffd4d137d61fc0a4278fbc11a85f5d085 ddbba1b7cc4e82c4e46b34fbfc371f178a0ef9afda8a439ace7f5af062972f7b
CLIENT_TRAFFIC_SECRET_0 b56a8d634f697995ad01fe615b9c099ffd4d137d61fc0a4278fbc11a85f5d085 2b36499190e8bf342ff6495bd5867f6e9add90867d7d14eb9810c0db624ca8c8
SERVER_HANDSHAKE_TRAFFIC_SECRET 4d557461b4ff66f92088bfdc27400fb1630aa64b9dbab942fa51a6dbc55dde8e de157264348538df90292df39b0480623b55cc2d8e8589796622d9105c2ba295
CLIENT_HANDSHAKE_TRAFFIC_SECRET 4d557461b4ff66f92088bfdc27400fb1630aa64b9dbab942fa51a6dbc55dde8e 38c710ffeaa904173e061a2dd46bac078beb4ed163cf10740692428593705ea4
SERVER_TRAFFIC_SECRET_0 4d557461b4ff66f92088bfdc27400fb1630aa64b9dbab942fa51a6dbc55dde8e 4b79f77ab5031ddd7a97d184e1a71572b778756ffdbb7160ffa3c14c21221f2a
CLIENT_TRAFFIC_SECRET_0 4d557461b4ff66f92088bfdc27400fb1630aa64b9dbab942fa51a6dbc55dde8e 95dc8e51592a38490e277c0d5430b295aea21e25def8cb69712c1b793b73e969
SERVER_HANDSHAKE_TRAFFIC_SECRET d995b3eaabd09d8bb211e15b4a161a5dc59e231d5c92567fa2754080b5ee103c 451e6a999149b94e43429af7f0f106e8fa9cbdb6dffaa86e05ed526da698a98d
CLIENT_HANDSHAKE_TRAFFIC_SECRET d995b3eaabd09d8bb211e15b4a161a5dc59e231d5c92567fa2754080b5ee103c d82678eb39ad30b8cbfeb415891ca8701b69d0ee20287af2d1470e8451e68e82
SERVER_TRAFFIC_SECRET_0 d995b3eaabd09d8bb211e15b4a161a5dc59e231d5c92567fa2754080b5ee103c 52e4239e4b594c0a7fbf1af0e4435f3d8cd1eaae68fe57d6427c5a8efdff3ea6
CLIENT_TRAFFIC_SECRET_0 d995b3eaabd09d8bb211e15b4a161a5dc59e231d5c92567fa2754080b5ee103c 30e971a5212e5a783adfc21831a0cb16df285a8445c495e4f19cec64bb9f2dd7
SERVER_HANDSHAKE_TRAFFIC_SECRET b9728eb96fc1620893a5783cde560286940f7a1da1975eeafa4dca92ebe0d670 5e92e589b24e81cf5b85960c168b5848baa754c2d10c2d6e0605826410c0094d
CLIENT_HANDSHAKE_TRAFFIC_SECRET b9728eb96fc1620893a5783cde560286940f7a1da1975eeafa4dca92ebe0d670 711f6670a014257181631e307ec9fbd3ea58a2ee163255aaefaaf1c53a0ac65a
SERVER_TRAFFIC_SECRET_0 b9728eb96fc1620893a5783cde560286940f7a1da1975eeafa4dca92ebe0d670 4d4bc930ad2d5a7c79c9e389d805b8153dee2dc2136684552c3b5d88f6208c56
CLIENT_TRAFFIC_SECRET_0 b9728eb96fc1620893a5783cde560286940f7a1da1975eeafa4dca92ebe0d670 4a9246fa8a36aeea1db2942be6274c74a40f44328c60dbcea4e41881b9244b96
SERVER_HANDSHAKE_TRAFFIC_SECRET 03b2f2385b6fd66746e7de9612c90b6cc2e2d9462ba30fc0f11edfcfc6a7e8c4 452fd07ac5b3647643066297fd34d75a71b909c438015a6affb93c04b7aef92f
CLIENT_HANDSHAKE_TRAFFIC_SECRET 03b2f2385b6fd66746e7de9612c90b6cc2e2d9462ba30fc0f11edfcfc6a7e8c4 5eaded0f929caf39529f88a263c137f5dfaa70e41e54da76e7cf41ee63422d74
SERVER_TRAFFIC_SECRET_0 03b2f2385b6fd66746e7de9612c90b6cc2e2d9462ba30fc0f11edfcfc6a7e8c4 0df3ba8e848ec829e4fc5fa0c5cb7780337233598e04a3cec18d4aafa133dd97
CLIENT_TRAFFIC_SECRET_0 03b2f2385b6fd66746e7de9612c90b6cc2e2d9462ba30fc0f11edfcfc6a7e8c4 0b1f5882f63d0ccd95dbdc14b813830811ee827ff8635d10a08f1ffd93c3a0d6
SERVER_HANDSHAKE_TRAFFIC_SECRET d52f1b4e0cccdb16c97de286da27a49efc682aa4adf466347564e2482a7551ff c07facdd08cccf33660f2864159bf07acb991861128a1a2b630f3650512cb8e3
CLIENT_HANDSHAKE_TRAFFIC_SECRET d52f1b4e0cccdb16c97de286da27a49efc682aa4adf466347564e2482a7551ff 0020802841674b8341876ba4ea89e93587a71c6ae560e70def01ac54d60587f9
SERVER_TRAFFIC_SECRET_0 d52f1b4e0cccdb16c97de286da27a49efc682aa4adf466347564e2482a7551ff 4ba8d3ee541368a6907f797221304a17b3a120213ef4b4a67fedb7001baaad60
CLIENT_TRAFFIC_SECRET_0 d52f1b4e0cccdb16c97de286da27a49efc682aa4adf466347564e2482a7551ff eb0067b6f723eb79b8c629f6ae27cd9bbf311db0b2d9521c9724ea556aa86c4e
SERVER_HANDSHAKE_TRAFFIC_SECRET 1d61429238c26cb19580e69b86bd4a6811bfea27d329c7a3a5a09196b179aabe 11a87d9da023a2a027135cf53bf269c911e6249dd6a5b8e1160c095d413078da
CLIENT_HANDSHAKE_TRAFFIC_SECRET 1d61429238c26cb19580e69b86bd4a6811bfea27d329c7a3a5a09196b179aabe 35c5994ffccbcd85f9db1d19abf24cbd37db323d36c8ac696852e33c8861e478
SERVER_TRAFFIC_SECRET_0 1d61429238c26cb19580e69b86bd4a6811bfea27d329c7a3a5a09196b179aabe 8dac89bab3c072ea73cc2bb4a849eb6b8fae2b8c4096bd23e2310a1cf758ce15
SERVER_HANDSHAKE_TRAFFIC_SECRET 0f396148e6a3b02a62abbf4bf188a91b18a211b79c7e84cb47abfff50ee20208 685c44ec20a58aee2839e045a10709b88e3b2efe9d7e738992c499d190d746c7
CLIENT_HANDSHAKE_TRAFFIC_SECRET 0f396148e6a3b02a62abbf4bf188a91b18a211b79c7e84cb47abfff50ee20208 a7d02f1264a3cea0d4d9183ea795cc7791f61b0e229b3957fc88a93684df1811
SERVER_TRAFFIC_SECRET_0 0f396148e6a3b02a62abbf4bf188a91b18a211b79c7e84cb47abfff50ee20208 d05c85b221581e8d3488d8c3e0ddba6a5177112b954ad73e9cc0f9934cf76da0
CLIENT_TRAFFIC_SECRET_0 0f396148e6a3b02a62abbf4bf188a91b18a211b79c7e84cb47abfff50ee20208 e492fc1953de5e867ac7ebbfebc76fa1692f648892f666b923813f6e0d5a646a
SERVER_HANDSHAKE_TRAFFIC_SECRET 5739aa8b17cc038c60717c7f1063f0ef3b5d52b7920d5c169c7df9ac22938169 3cf371a4799fd24efc06443d8eeb222f75b6365a5f88609a984956de20292f11
CLIENT_HANDSHAKE_TRAFFIC_SECRET 5739aa8b17cc038c60717c7f1063f0ef3b5d52b7920d5c169c7df9ac22938169 18554ab08a6fd8b6666888d2b2cc150822f6b9176bff9780592d9e133b0dd931
SERVER_TRAFFIC_SECRET_0 5739aa8b17cc038c60717c7f1063f0ef3b5d52b7920d5c169c7df9ac22938169 bc3808737fbe8eaf13f8fdf2a40aac2a48ed635d4ed5364f39ac83986183c92c
SERVER_HANDSHAKE_TRAFFIC_SECRET ae00fdf5a63b95ff46445a0a65193a6ca946d311dd7a98d9147ca9849b24c026 5915b2daf651017b4b592d20aae536679a5402bafe0e21037334d5523a856fde
CLIENT_HANDSHAKE_TRAFFIC_SECRET ae00fdf5a63b95ff46445a0a65193a6ca946d311dd7a98d9147ca9849b24c026 074fa7e7ce04e4ee0e63a5a2db49f065c1974a6f6959d1289558008a48334c65
SERVER_TRAFFIC_SECRET_0 ae00fdf5a63b95ff46445a0a65193a6ca946d311dd7a98d9147ca9849b24c026 1b43e6c2cf9d7d48114dae4eebcb59b6de98108969352913028705148f4c243d
CLIENT_TRAFFIC_SECRET_0 ae00fdf5a63b95ff46445a0a65193a6ca946d311dd7a98d9147ca9849b24c026 37c83bb1486e775436247e955f270c70a113e72f0bf0167db0708ebbc65df570
SERVER_HANDSHAKE_TRAFFIC_SECRET 21188b9fdaf5fc63b17103166d80c7af06351d3dc2713e0890193d14e8d9a05d bcfca857d0a57e030150a4775c89df8ca04731767142494e1bb24389b9a6d4c8
CLIENT_HANDSHAKE_TRAFFIC_SECRET 21188b9fdaf5fc63b17103166d80c7af06351d3dc2713e0890193d14e8d9a05d 14b9ebd3c4e18fc06d2ff1650d9a810d319c81530a7dc3bf2c1bcaf56e65bddd
SERVER_TRAFFIC_SECRET_0 21188b9fdaf5fc63b17103166d80c7af06351d3dc2713e0890193d14e8d9a05d b946e9a7cfa46d0018333b9848e3570734cd627b8daac2f82e0400ec8a6b16b4
CLIENT_TRAFFIC_SECRET_0 21188b9fdaf5fc63b17103166d80c7af06351d3dc2713e0890193d14e8d9a05d 1f970cd3f96cfeb3aae62d51d3ecc5ed753e25348916766973ae714b4f506bc5
SERVER_HANDSHAKE_TRAFFIC_SECRET c0d1924d766b7d12e1ccb0bb8d08d20e13fbfbac3432a51663571d89e6ea22fb a585aa0534e8f1f57a4da467ca2ea95aa795fdc07b924338eb7aa4427592f9fa
CLIENT_HANDSHAKE_TRAFFIC_SECRET c0d1924d766b7d12e1ccb0bb8d08d20e13fbfbac3432a51663571d89e6ea22fb 4a1573b08efa1c03f3a33a3726ad3576b9b4bbec5aa35560fc23775eb75eb57f
SERVER_TRAFFIC_SECRET_0 c0d1924d766b7d12e1ccb0bb8d08d20e13fbfbac3432a51663571d89e6ea22fb 6c08240e3705589793a96757fcce587e43466c05731d19c73deb6ac53061650a
SERVER_HANDSHAKE_TRAFFIC_SECRET b4c82883e9f8471ce99b57380caec33936b16c95e2957e65843ff02d50cd3f17 7d5561a44a9b9a194646ae3b48c995b1becf3df038c26335b8f9c04f14748ea1
CLIENT_HANDSHAKE_TRAFFIC_SECRET b4c82883e9f8471ce99b57380caec33936b16c95e2957e65843ff02d50cd3f17 5ed6927d32832ab0fff9c40b38cccd5c210654ef4838fd60e6aec5d90760053e
SERVER_TRAFFIC_SECRET_0 b4c82883e9f8471ce99b57380caec33936b16c95e2957e65843ff02d50cd3f17 c8d40820b1000bb5f80fd9ccd7dd4650b562b019b0b77860d87405278822c338
SERVER_HANDSHAKE_TRAFFIC_SECRET 38b05dae513d17c3bd850ce09cb42aea20431131734ba54472f995decf4e4bf4 b806cd594f7b22e147ec0c9217fb62f0eb60fa0800e3c2f8d156272552dc22e6
CLIENT_HANDSHAKE_TRAFFIC_SECRET 38b05dae513d17c3bd850ce09cb42aea20431131734ba54472f995decf4e4bf4 a6aca2594246c9697ba7e55b6b676a5105d7e4bf223e57f4649647cb3c026536
SERVER_TRAFFIC_SECRET_0 38b05dae513d17c3bd850ce09cb42aea20431131734ba54472f995decf4e4bf4 637a477968a9fae555c32ace4be7b036a6e3121b35f68ca845c54dc6217e3218
CLIENT_TRAFFIC_SECRET_0 38b05dae513d17c3bd850ce09cb42aea20431131734ba54472f995decf4e4bf4 bd2d1f7d05f131aa9fa5a39dc4a8f8e6bd8880a863b33008f0418f147ae73e32
SERVER_HANDSHAKE_TRAFFIC_SECRET 1d9974f84064cde4691f603ee1cf97bc30bc4af1c0e6cdb19dbe1d184d1934d3 68cf735380904c6014b7264fb412a3b7a10d7ed1f4b6728ca350b092ca87e773
CLIENT_HANDSHAKE_TRAFFIC_SECRET 1d9974f84064cde4691f603ee1cf97bc30bc4af1c0e6cdb19dbe1d184d1934d3 4bfacf5036b0297cdf6d60433bc2d07fd3ed5db1faf140d7f91fd0942b1dd96c
SERVER_TRAFFIC_SECRET_0 1d9974f84064cde4691f603ee1cf97bc30bc4af1c0e6cdb19dbe1d184d1934d3 5fb3e2664021652189aa9d775734c1ebb365763482fbe8c46d1e5c17d54b56ff
CLIENT_TRAFFIC_SECRET_0 1d9974f84064cde4691f603ee1cf97bc30bc4af1c0e6cdb19dbe1d184d1934d3 58f97d07972b05438c42532c8bf0366ccc1ea6a96080e4d1b6a0534882b10894
SERVER_HANDSHAKE_TRAFFIC_SECRET 5402d642af2e0affb445aef7ff87bd1fa09349f7b94e617ba6e7571ca7cf811e 9a14b500ef527d8d39b91b5952a873857cb0949bba8feff8741f52eaa93e13d6
CLIENT_HANDSHAKE_TRAFFIC_SECRET 5402d642af2e0affb445aef7ff87bd1fa09349f7b94e617ba6e7571ca7cf811e 97c0acd1f68e17d39d6cf8a39a52f63ff8904823ad689e3e2ab56c2176ec4897
SERVER_TRAFFIC_SECRET_0 5402d642af2e0affb445aef7ff87bd1fa09349f7b94e617ba6e7571ca7cf811e c07b45dbc9c3f315d981052dae317a8f8ec3f3ebdc21cb136a3f3bc9287223b5
CLIENT_TRAFFIC_SECRET_0 5402d642af2e0affb445aef7ff87bd1fa09349f7b94e617ba6e7571ca7cf811e eb71a1279c20af8aeffa1bddc4a3348d78d903959ed2bb1371fc206df7dd8196
SERVER_HANDSHAKE_TRAFFIC_SECRET 0a52a7fc8cd53fe40e8ce5937dcaf5483e3e96409562dc8bb3370b09635385f1 00fbdaf6cc6f2f9581e3b957f9bb803a64044454c1e403d061458679e324af37
CLIENT_HANDSHAKE_TRAFFIC_SECRET 0a52a7fc8cd53fe40e8ce5937dcaf5483e3e96409562dc8bb3370b09635385f1 05ebb19b4d2646e5089d8aa09c6aa3f640e0fa9b0a5086c7d79fc42d4078539f
SERVER_TRAFFIC_SECRET_0 0a52a7fc8cd53fe40e8ce5937dcaf5483e3e96409562dc8bb3370b09635385f1 5435601a2a216ab9ddb93df96c86f3bba04fd606bba5de3b825233ed6b1b9fbe
SERVER_HANDSHAKE_TRAFFIC_SECRET 2da2f5926a034bd5e3a5a3d939e882699ede2c69f8069a9714c1c55d3723cf68 a7f322a7256e1c42026f7c2d9ed29c42d762331ca1fbd64049b30dc1d31bd21d
CLIENT_HANDSHAKE_TRAFFIC_SECRET 2da2f5926a034bd5e3a5a3d939e882699ede2c69f8069a9714c1c55d3723cf68 7a63e8d2e55b0c95a2595b3532e9d383700b2c928e6feb00c70580f08c566233
SERVER_TRAFFIC_SECRET_0 2da2f5926a034bd5e3a5a3d939e882699ede2c69f8069a9714c1c55d3723cf68 150499a394a11bd14f70181da39e02fef9d2cf6089a481a4a0c446d01394367e
SERVER_HANDSHAKE_TRAFFIC_SECRET 9ddd129087f30d7eede8a64df481717986a365128f5de4ce6382bdd4028e1d2f b54dee43630eb84b93d5a9a27f7e9504bae0a4572631bf7de075ab7429c896d3
CLIENT_HANDSHAKE_TRAFFIC_SECRET 9ddd129087f30d7eede8a64df481717986a365128f5de4ce6382bdd4028e1d2f efae2fb815907d4bece82b6c55f51045be5a996332771e55615fd9fc69c08409
SERVER_TRAFFIC_SECRET_0 9ddd129087f30d7eede8a64df481717986a365128f5de4ce6382bdd4028e1d2f 4de2f345bd3d8c57267c461b19fe685fbe03c2962f53da959ac473fc54c282be
CLIENT_TRAFFIC_SECRET_0 9ddd129087f30d7eede8a64df481717986a365128f5de4ce6382bdd4028e1d2f cc91ab5c05bca3f85570cfdcdd610aba22a1df45e88b8b0b397005ae9625a1de
SERVER_HANDSHAKE_TRAFFIC_SECRET 6e999e9cbcc37934b5eaca07b2b7ac99dd84431a754d7317e375fa6a77f1a704 4896b7418e3d57733e0757ca6468479ca395e3889e1c4948f2d4fff49715555e
CLIENT_HANDSHAKE_TRAFFIC_SECRET 6e999e9cbcc37934b5eaca07b2b7ac99dd84431a754d7317e375fa6a77f1a704 2f785926da5aa6db6fcec7064d22c99bf6b1d6d0106854cc7a6d6d3c95907334
SERVER_TRAFFIC_SECRET_0 6e999e9cbcc37934b5eaca07b2b7ac99dd84431a754d7317e375fa6a77f1a704 896bf9e310423035cf64aa7dbc32791f00477e9fc0655ced8462af53e59dfb90
SERVER_HANDSHAKE_TRAFFIC_SECRET eca3b9160dc0708f6d763fc4c5879a699104ac4fd3209c84a00bb91682cfb4a2 c17bd57a408b8d44c948d6f7cc9e79f81be0deb19a16ca714d1efa6974c9d4ec
CLIENT_HANDSHAKE_TRAFFIC_SECRET eca3b9160dc0708f6d763fc4c5879a699104ac4fd3209c84a00bb91682cfb4a2 3faba285eb7658bd8a801346dfc3f4b8804a8b76ff7031cfde53064d78176f1e
SERVER_TRAFFIC_SECRET_0 eca3b9160dc0708f6d763fc4c5879a699104ac4fd3209c84a00bb91682cfb4a2 6f2a09b2ed660449b34e9ea89a101091bab24d4e7162797be77dfb40b29ef3c8
SERVER_HANDSHAKE_TRAFFIC_SECRET 3baef0a75d01d5a56ca9f5bb0055bb3fbb57e9983e2460cc238630e14b9c4277 38309fa8216053a14c9387ea8990b2030f2ed8e930f79baad9519609d54df1fc
CLIENT_HANDSHAKE_TRAFFIC_SECRET 3baef0a75d01d5a56ca9f5bb0055bb3fbb57e9983e2460cc238630e14b9c4277 befd7fd23e615d54f7cc1a5665a0f787492377e8fab5b31aa0569aa455bf27cb
SERVER_TRAFFIC_SECRET_0 3baef0a75d01d5a56ca9f5bb0055bb3fbb57e9983e2460cc238630e14b9c4277 1dc244c12ef427ecfe00d0b0a804d118342d6669712614e22c440d7b931ec17a
CLIENT_TRAFFIC_SECRET_0 3baef0a75d01d5a56ca9f5bb0055bb3fbb57e9983e2460cc238630e14b9c4277 d7ca86bae62a254b128a1774618f0705f8f0ff6a0550f0935d18ca722f433355
SERVER_HANDSHAKE_TRAFFIC_SECRET cc597f5fc53cd81ecd67bc79d93a0f50e7754fa8772554699917b57d5e17552f 2595964716cdb3bfc9a065ba1c00433a51df1979af2f421f6d182288b9bad5f8
CLIENT_HANDSHAKE_TRAFFIC_SECRET cc597f5fc53cd81ecd67bc79d93a0f50e7754fa8772554699917b57d5e17552f 694887dd3bd98530515d17e61e4df1a19b9a2c976ad89ce7c715a55841e860fc
SERVER_TRAFFIC_SECRET_0 cc597f5fc53cd81ecd67bc79d93a0f50e7754fa8772554699917b57d5e17552f dd44c9136e34d537dd27e10ec0900c99e057ca85f3de2dd59f739060ae78d273
CLIENT_TRAFFIC_SECRET_0 cc597f5fc53cd81ecd67bc79d93a0f50e7754fa8772554699917b57d5e17552f c3f029202d620c96fffa0d543663336a2761ae06c02ba9cd799155dd284fe7ee
SERVER_HANDSHAKE_TRAFFIC_SECRET 95a1e048626793eedbc023d82d89b2f994035591e8b1ef75fde09fa9fd8716a2 5b80405b42032389059a54c4fba2b49aa605b6b20cae84ec18de71b6fd5d680e
CLIENT_HANDSHAKE_TRAFFIC_SECRET 95a1e048626793eedbc023d82d89b2f994035591e8b1ef75fde09fa9fd8716a2 ffdc8ad9ccecdda2bd78037be098d7e58e9fefa5cb01e1851aa89e927d28f325
SERVER_TRAFFIC_SECRET_0 95a1e048626793eedbc023d82d89b2f994035591e8b1ef75fde09fa9fd8716a2 be80928cd1b40476a11d60eaeb944cd2d9429eeb7922c02915b8da432d330ba2
SERVER_HANDSHAKE_TRAFFIC_SECRET 90d7005d4667a5bc92de32391307dbf3e4512f1ccadeb304ec86f3602583f351 f10cccd46f9ef668743d20e1b511b202dcc3a670ec160bbd59b502dcbe84ac88
CLIENT_HANDSHAKE_TRAFFIC_SECRET 90d7005d4667a5bc92de32391307dbf3e4512f1ccadeb304ec86f3602583f351 9a08f1e24f8bb6037e19b553854c76715e3a9de7e3c1845f983d15421295375b
SERVER_TRAFFIC_SECRET_0 90d7005d4667a5bc92de32391307dbf3e4512f1ccadeb304ec86f3602583f351 0019cba2a7222e1522ba09b7b3b7d3662ce080553ed5b9e9c97d2a0f2a258e58
CLIENT_TRAFFIC_SECRET_0 90d7005d4667a5bc92de32391307dbf3e4512f1ccadeb304ec86f3602583f351 b36a63fcd186dafb7226df6ae2e22ab74bc7615e318cda2a3eb345d9b10d7442
SERVER_HANDSHAKE_TRAFFIC_SECRET 3067eda8d7d7fbca25e6453ac301b2b447a0e1d6db42d19072b5faa6ccfc69c7 de6528d81990829df3e18986b6c33657aedd67614cd54078a0e5249abf562007
CLIENT_HANDSHAKE_TRAFFIC_SECRET 3067eda8d7d7fbca25e6453ac301b2b447a0e1d6db42d19072b5faa6ccfc69c7 08443672a4ee32c8259c755efe835a72be96a8dbe9c74a26b378e9fc73b0d3c4
SERVER_TRAFFIC_SECRET_0 3067eda8d7d7fbca25e6453ac301b2b447a0e1d6db42d19072b5faa6ccfc69c7 96010b26cd914bbda53a1e150d6509c5c15933b6148a56dd5fb45b33c0c6b638
CLIENT_TRAFFIC_SECRET_0 3067eda8d7d7fbca25e6453ac301b2b447a0e1d6db42d19072b5faa6ccfc69c7 268de54f311fe68636e0b1deb51557ba9bbdedaf13b17896f9dd0c00ff339818
SERVER_HANDSHAKE_TRAFFIC_SECRET 75a5516c878bf202b55fd6b8337cb3e5a82391459e172b7ce8f7fe40ba30ea47 db10f0e58a823cab8588d929bf0fd3aa0cee2db041ec99cbefed8de61ab2d675
CLIENT_HANDSHAKE_TRAFFIC_SECRET 75a5516c878bf202b55fd6b8337cb3e5a82391459e172b7ce8f7fe40ba30ea47 d197de5ac6640b2a9e83880a4f111fbd8fb2359bf2fa20057bd098d571642fcc
SERVER_TRAFFIC_SECRET_0 75a5516c878bf202b55fd6b8337cb3e5a82391459e172b7ce8f7fe40ba30ea47 69b9669ee3339039c2aadcf9257ae9c2f8d7381ed35d5f8be23a63610ce8487c
CLIENT_TRAFFIC_SECRET_0 75a5516c878bf202b55fd6b8337cb3e5a82391459e172b7ce8f7fe40ba30ea47 6f89f68de186e7f2d5b5df55edc388124ea9a1ed12db54107d919eaf24e70fae
SERVER_HANDSHAKE_TRAFFIC_SECRET 589286c2e1ac04cb27c4b76982bb038da56399fc4951c5dc182cb42a674b6789 fb06a37ca5b3c4abaf2a99d3c127a419aca766c79f9222ec550850e3b6b1ef28
CLIENT_HANDSHAKE_TRAFFIC_SECRET 589286c2e1ac04cb27c4b76982bb038da56399fc4951c5dc182cb42a674b6789 e9a53d855e26894c6e8f2358d83ceaf0e875d43658c302a0972a99d90a3df4ff
SERVER_TRAFFIC_SECRET_0 589286c2e1ac04cb27c4b76982bb038da56399fc4951c5dc182cb42a674b6789 e03198f04fd9d80bc1496dfcb59ab3a1621356b7b052e8748711ce3eedc1bd93
SERVER_HANDSHAKE_TRAFFIC_SECRET d7e3ff04cda4a26e5484ce8c4c596ba6b6c111eb22c6a56a3ba25697674845ed 820c7daa1808fa9c24acb41895f4e2739fd68a92dee6e3da39ccdffa88ed4197
CLIENT_HANDSHAKE_TRAFFIC_SECRET d7e3ff04cda4a26e5484ce8c4c596ba6b6c111eb22c6a56a3ba25697674845ed df9d5b6e2a6eb6225275cf880cce4fab3dc2b2d235b4d3db2ad47f1486e22de3
SERVER_TRAFFIC_SECRET_0 d7e3ff04cda4a26e5484ce8c4c596ba6b6c111eb22c6a56a3ba25697674845ed 82a37c9bf64f15b5462bea59abf82236ae579730daecf05f1ba296875eebaa6c
SERVER_HANDSHAKE_TRAFFIC_SECRET 8d8eca2b44c2c00391a2aed52539a4b16cf14d8686c0fc3f0b6cbafded988552 0bd284f1159752ab0d2ba2ad93179670523672217ff95f057a9be127f8b6c4e0
CLIENT_HANDSHAKE_TRAFFIC_SECRET 8d8eca2b44c2c00391a2aed52539a4b16cf14d8686c0fc3f0b6cbafded988552 e23675464667864a24816eb6cf053a966b41b87f32e46dfc99e083ddea724282
SERVER_TRAFFIC_SECRET_0 8d8eca2b44c2c00391a2aed52539a4b16cf14d8686c0fc3f0b6cbafded988552 fcfdb8004e329742055a92555f0178a3d4aebde3eb971c5633cb31861b97b9d1
CLIENT_TRAFFIC_SECRET_0 8d8eca2b44c2c00391a2aed52539a4b16cf14d8686c0fc3f0b6cbafded988552 6e9a3cff0026958a2765b224bd646b600fb436dff164b3d5a7216d9be0934012
SERVER_HANDSHAKE_TRAFFIC_SECRET 56409c90022b7254da14b03308da9ccfc156e939b94c3240f396adf2b3b2457b aad73a0b990c43f166227e08de5e1fecf5219d9737cd050a022fbca4d8e3ac95
CLIENT_HANDSHAKE_TRAFFIC_SECRET 56409c90022b7254da14b03308da9ccfc156e939b94c3240f396adf2b3b2457b cc78666b9f1b5e02b9bec0a7e0d273689e73abc519790bad5bad7769f1342246
SERVER_TRAFFIC_SECRET_0 56409c90022b7254da14b03308da9ccfc156e939b94c3240f396adf2b3b2457b 1b65fe03d8b3fa7ca9386b3fd518e9aabac125de722d95b60d0c51ff02730f2f
SERVER_HANDSHAKE_TRAFFIC_SECRET 5b42fdb612c43a8febef4e5a225d09d0fb25b065a3fc9c137bcd7aee6ab288c5 e2695951105c673a98f4d7d78c8bec039e6f910fd195a7cc8b743fe1ba3b347a
CLIENT_HANDSHAKE_TRAFFIC_SECRET 5b42fdb612c43a8febef4e5a225d09d0fb25b065a3fc9c137bcd7aee6ab288c5 4f81f390a0896e647cd55b881cfcb0307185e648448fdddee3dc9cf90f6da4f6
SERVER_TRAFFIC_SECRET_0 5b42fdb612c43a8febef4e5a225d09d0fb25b065a3fc9c137bcd7aee6ab288c5 468855699225ef818c0f39bffc9ed7140501e290402c45a16a4af1ab3f6c0ad4
SERVER_HANDSHAKE_TRAFFIC_SECRET 47ffbb45c0d92db746c753f4a302225ce8bcdfb327e2660c7b46f550463c46de 780b73767be03f86e4ef87178f66b4d606f3dc87dab809d09e8ebf019b5eba9e
CLIENT_HANDSHAKE_TRAFFIC_SECRET 47ffbb45c0d92db746c753f4a302225ce8bcdfb327e2660c7b46f550463c46de 19380d0bc6f15fcaac9bc1f563f91b9000b6a2a96e1cbc7256fed280bcda096a
SERVER_TRAFFIC_SECRET_0 47ffbb45c0d92db746c753f4a302225ce8bcdfb327e2660c7b46f550463c46de 081b736d84f502650fa63b0ebf2456888912b1b80b3b5b682b844125835f543e
CLIENT_TRAFFIC_SECRET_0 47ffbb45c0d92db746c753f4a302225ce8bcdfb327e2660c7b46f550463c46de 495b68c23ecc98eb64b1caee0c0b5924854b15b660cde09b68ab1a963d35a668
SERVER_HANDSHAKE_TRAFFIC_SECRET d93540e3fe15f280c326cfbe8108cd04dcb7ccfc68af43316d0e35f592bfaa85 baf871fa3dd922de79ded547b729f34d1f8fed7ecd8028f39283fb3203e2739b
CLIENT_HANDSHAKE_TRAFFIC_SECRET d93540e3fe15f280c326cfbe8108cd04dcb7ccfc68af43316d0e35f592bfaa85 114017328717237a732df303eee2ded515934f9fdb44b1d7afda0011fe6d70e9
SERVER_TRAFFIC_SECRET_0 d93540e3fe15f280c326cfbe8108cd04dcb7ccfc68af43316d0e35f592bfaa85 b9f5435807fd9d34bf9c8af36891b018a51c586f764cd24f6611b5abec65e3a7
SERVER_HANDSHAKE_TRAFFIC_SECRET 78f1a82b365f0251d0ca4691c7f401be03ded9e2fd38acc37ff950c580be59d7 29d6996a26bc4263b4c04cd56d5f3d751d789d8195ac224882697369abd288aa
CLIENT_HANDSHAKE_TRAFFIC_SECRET 78f1a82b365f0251d0ca4691c7f401be03ded9e2fd38acc37ff950c580be59d7 3295c913ff979cd5e94a0e951425b8c35f8f1202cbef36865d8b029f1867be97
SERVER_TRAFFIC_SECRET_0 78f1a82b365f0251d0ca4691c7f401be03ded9e2fd38acc37ff950c580be59d7 643d025cff5f1b3f7a2ca77981ab6e26bccb9b005194c128d0ab9d2efad73580
SERVER_HANDSHAKE_TRAFFIC_SECRET 78c3e147a60d44346173f9af4095acfc86256ef365bd518f4bc337bd615d6cf1 07f084c4a37f23d9ac21a93b3acc6c4f20ef9dfefece14f168a78663b23492b6
CLIENT_HANDSHAKE_TRAFFIC_SECRET 78c3e147a60d44346173f9af4095acfc86256ef365bd518f4bc337bd615d6cf1 3a71db1fdd7098f26d9d360167495c563a81e69398956fbf02187525d6902f32
SERVER_TRAFFIC_SECRET_0 78c3e147a60d44346173f9af4095acfc86256ef365bd518f4bc337bd615d6cf1 71758707a217b6c152dccb3764797a15df610713e9e7117c6125dffbf64abc6f
CLIENT_TRAFFIC_SECRET_0 78c3e147a60d44346173f9af4095acfc86256ef365bd518f4bc337bd615d6cf1 e8311b26579b63a40bc3b6873df80b2893647da44fbd4ae16019fe0e6ec6993a
SERVER_HANDSHAKE_TRAFFIC_SECRET 41cb3d3006e605bf2f5aa0f05fad203d755537849b8e4729f468ec365dc2bd75 530a84c0f9c55de11ccf0728016f3b6ceb1ef2b881f5d3887328a6f4e9c86fc0
CLIENT_HANDSHAKE_TRAFFIC_SECRET 41cb3d3006e605bf2f5aa0f05fad203d755537849b8e4729f468ec365dc2bd75 316c13b1900643bed2dbe77d14f30e9118bf1eba2efc530e900a5f09222b6981
SERVER_TRAFFIC_SECRET_0 41cb3d3006e605bf2f5aa0f05fad203d755537849b8e4729f468ec365dc2bd75 90454d30e62fe7fe611241a92cc2333bfb1516d66c896161cf4fbbd64befd6a3
CLIENT_TRAFFIC_SECRET_0 41cb3d3006e605bf2f5aa0f05fad203d755537849b8e4729f468ec365dc2bd75 e600cbe0cf6d9055b119373d3b05d9de8792abaeb5854f67ff2428cdbd246d94
SERVER_HANDSHAKE_TRAFFIC_SECRET 5a27728e2b5632ea7f0b5328fcfdaf2f004860b1934e58071985c82eef1d0970 846f01091ad9a4e2e3b96f9735a081fa6d991dbf2329177b29244830ab0c214e
CLIENT_HANDSHAKE_TRAFFIC_SECRET 5a27728e2b5632ea7f0b5328fcfdaf2f004860b1934e58071985c82eef1d0970 0382436edde047973dd47e709a4ef573fa6d3c60233adb31186a469e4f3b7e03
SERVER_TRAFFIC_SECRET_0 5a27728e2b5632ea7f0b5328fcfdaf2f004860b1934e58071985c82eef1d0970 1cfd274f2b35ffefe484a737de03facbc2311d7b67fc5e78d49f2735f4bfbd85
CLIENT_TRAFFIC_SECRET_0 5a27728e2b5632ea7f0b5328fcfdaf2f004860b1934e58071985c82eef1d0970 17b4bd1ef4b08e996e3c7c41c1a426d5c7b99e5cdbd2cc5bdbada8744fb65c9e
SERVER_HANDSHAKE_TRAFFIC_SECRET 9235676503954c4b39856897bb5b70feef0cc4b98d0d1e67eae3f6bced114ad4 8de2f2a164338d966b3a05e2ce1ca0a522db315a772ac7746d0c0f3d11b39e8b
CLIENT_HANDSHAKE_TRAFFIC_SECRET 9235676503954c4b39856897bb5b70feef0cc4b98d0d1e67eae3f6bced114ad4 a2d3689327080421f2e7a2021116d49d91666a01d05023b1c10369b55e3d2849
SERVER_TRAFFIC_SECRET_0 9235676503954c4b39856897bb5b70feef0cc4b98d0d1e67eae3f6bced114ad4 7ab63c65ae0dbf72bdba1c58d837175db273bb11a5fc7d1e4baefda2538c33b5
CLIENT_TRAFFIC_SECRET_0 9235676503954c4b39856897bb5b70feef0cc4b98d0d1e67eae3f6bced114ad4 5576d7a8d7295d0331edcd4809a284746b2568b4f65c1521249341c4a59f8a9a
SERVER_HANDSHAKE_TRAFFIC_SECRET 4db1964c7f75b920d31554d5c0e51631550a904ab5e7cb9319a66b2069e9917e dd9df4d684c4192435ac55c34d5659a6d6978c3d623fde2d08b92201f222a45a
CLIENT_HANDSHAKE_TRAFFIC_SECRET 4db1964c7f75b920d31554d5c0e51631550a904ab5e7cb9319a66b2069e9917e 421fa59250b72cd00dbb370ef542da38f1104605ee44d2f775a85d14d257754d
SERVER_TRAFFIC_SECRET_0 4db1964c7f75b920d31554d5c0e51631550a904ab5e7cb9319a66b2069e9917e 37a3cc4c6384b4e5b67998993e5eb076d2f334305b1083d207dc7291ad93cc06
CLIENT_TRAFFIC_SECRET_0 4db1964c7f75b920d31554d5c0e51631550a904ab5e7cb9319a66b2069e9917e 334cee340421d911982e8d745323845d286bb375e6173dca9854d934f62db1ed
SERVER_HANDSHAKE_TRAFFIC_SECRET 424df789caa6fd03024e1006f1b5c18f2c3d1ba3023363aa43923be079cd6689 6a0f16b1cacac86992475c876c966535f21f7f6d48a09a50340ee37fe0515917
CLIENT_HANDSHAKE_TRAFFIC_SECRET 424df789caa6fd03024e1006f1b5c18f2c3d1ba3023363aa43923be079cd6689 b928f46abcb75cbdb21e08f11f61ee464c388b0fef5771408ecd6d996be8390b
SERVER_TRAFFIC_SECRET_0 424df789caa6fd03024e1006f1b5c18f2c3d1ba3023363aa43923be079cd6689 4a98413d7370dd265ae81aaf95343c40d84f2517351b839dfe016fbaa6b01428
CLIENT_TRAFFIC_SECRET_0 424df789caa6fd03024e1006f1b5c18f2c3d1ba3023363aa43923be079cd6689 be3edc4576abdb71f97d55b3a309fffebfc46a3cb87ae3c6f1b10d12b6beb1ed
SERVER_HANDSHAKE_TRAFFIC_SECRET 666f716acf95a7631c27fa9669f9ef052d978cf6b481d68cbd854777ba9cda32 b802a7fdd284cb768df632ed8a18366fdc4c8189ecf349d2273e95fcf8fdbc86
CLIENT_HANDSHAKE_TRAFFIC_SECRET 666f716acf95a7631c27fa9669f9ef052d978cf6b481d68cbd854777ba9cda32 f5cdcdedc0e137c06a64814a80bf9bb09a9066db507d7c23030b95a631ee8a9d
SERVER_TRAFFIC_SECRET_0 666f716acf95a7631c27fa9669f9ef052d978cf6b481d68cbd854777ba9cda32 e2efda74fda317ad82638fef8fdb29334eaf6549d04241923b037f5c0644e646
CLIENT_TRAFFIC_SECRET_0 666f716acf95a7631c27fa9669f9ef052d978cf6b481d68cbd854777ba9cda32 1668c6a0fdc95078307a2ad070d277a1bc506e53ac8bc1c7acf59cb98860e149
SERVER_HANDSHAKE_TRAFFIC_SECRET cf7bce5c5e363c868c63e1b520a35097bbd1ea67e55a6fe25f8e1fcb57b0a142 70a246fe16caba40ed6c013a542f835423b591ebffd61ec4f86a73aaa07c5cea
CLIENT_HANDSHAKE_TRAFFIC_SECRET cf7bce5c5e363c868c63e1b520a35097bbd1ea67e55a6fe25f8e1fcb57b0a142 1de5865b49a351864070fff084050c87ebfd063293a1af14dc6a537ccad40e2d
SERVER_TRAFFIC_SECRET_0 cf7bce5c5e363c868c63e1b520a35097bbd1ea67e55a6fe25f8e1fcb57b0a142 bde5d1fce7792b97a553e1891f3af90d16ad5cbda5da7d8fb8262d5343602936
SERVER_HANDSHAKE_TRAFFIC_SECRET 4f4883975981553ef4bedfcc72441a81deb65c9d4d352d1d681c1710c4dc9727 5057e599a0625cd61b6a1285c9a645c43060960a77e41641dc5da123d0c2d2ff
CLIENT_HANDSHAKE_TRAFFIC_SECRET 4f4883975981553ef4bedfcc72441a81deb65c9d4d352d1d681c1710c4dc9727 383b255c0413e8ba04d81a33d02576ee05933b95e9584907c53db6a74df05f2a
SERVER_TRAFFIC_SECRET_0 4f4883975981553ef4bedfcc72441a81deb65c9d4d352d1d681c1710c4dc9727 4dfccc5f20083a4d3eaf807ea13c464861cdb5da5dd362dd2c2f8cb56f81b52e
CLIENT_TRAFFIC_SECRET_0 4f4883975981553ef4bedfcc72441a81deb65c9d4d352d1d681c1710c4dc9727 d4592f400623e9c16626ee5d3cd4bfd872efc24ece8ca5d3d3e66110e4299790
SERVER_HANDSHAKE_TRAFFIC_SECRET 9e970c41a188090149bdb0c9945020b288bb04444c799f3a2a65107aa7b3d7e9 dbfa574c06b4a7c396e255b63ec6ec35945b309fc6296332bdfda31bad72f354
CLIENT_HANDSHAKE_TRAFFIC_SECRET 9e970c41a188090149bdb0c9945020b288bb04444c799f3a2a65107aa7b3d7e9 8cba61fb65c93300a1f708acbc9d8a92332cb59b4a6a1fb5be77829b2e90436d
SERVER_TRAFFIC_SECRET_0 9e970c41a188090149bdb0c9945020b288bb04444c799f3a2a65107aa7b3d7e9 bceaa98f529cdfbb15c676486f7328100f71db2d9b888553110bdafd9a923c7a
CLIENT_TRAFFIC_SECRET_0 9e970c41a188090149bdb0c9945020b288bb04444c799f3a2a65107aa7b3d7e9 028827842ef95f59979525015f43f493483ecf217a72c78535e22e57fffda142
SERVER_HANDSHAKE_TRAFFIC_SECRET 29f26be90e1920a93c8863b6cf6254887bfb23d2bf55d7032bd3697ee7338cd4 6933b5b3f425efa7f32da58a4145df6afef333075f87cf4ab8e580a5ea4a0334
CLIENT_HANDSHAKE_TRAFFIC_SECRET 29f26be90e1920a93c8863b6cf6254887bfb23d2bf55d7032bd3697ee7338cd4 fefe1dc86a9b168761c0fdfa644b8a72d0b6cd1758ae7ee62a83f8807412a931
SERVER_TRAFFIC_SECRET_0 29f26be90e1920a93c8863b6cf6254887bfb23d2bf55d7032bd3697ee7338cd4 4dec5d98af6000dfaf2c1c4e7778aceaefb71bcd91ad3114de5b7a1a69b013e2
CLIENT_TRAFFIC_SECRET_0 29f26be90e1920a93c8863b6cf6254887bfb23d2bf55d7032bd3697ee7338cd4 7b8f82e710e8e719332dac61fa1a7136c2b46fb9e7b0a21c3b0128c069efaa25
SERVER_HANDSHAKE_TRAFFIC_SECRET 929c3caa65704039c0fa0157e56943a1e6ee0d847ee79af0e5c88194bc736998 3c722e02177df8ed7af16e123ac8863248835826873691bf71f6d58fba105100
CLIENT_HANDSHAKE_TRAFFIC_SECRET 929c3caa65704039c0fa0157e56943a1e6ee0d847ee79af0e5c88194bc736998 78b84ce114a5a1961e7d8a69ff8125e18645e8b542413f674aefda8249c32f08
SERVER_TRAFFIC_SECRET_0 929c3caa65704039c0fa0157e56943a1e6ee0d847ee79af0e5c88194bc736998 6784c7dfac4b91faa41925a64026bf94e0d90e9f9804e72f7563cd84a5d5b734
CLIENT_TRAFFIC_SECRET_0 929c3caa65704039c0fa0157e56943a1e6ee0d847ee79af0e5c88194bc736998 6ac1eb6b24bb13286cbc7390f24ea18f1dea19b5b889fb523221198a68510491
SERVER_HANDSHAKE_TRAFFIC_SECRET 046a5330c9645e56f07cf9ea2a1206eeecbfd44764a94ba8839bd4da47ce5e80 d69f71c81c9477eb41d842f389b9f3ec47773517cbf1475aef718fe0595f86b3
CLIENT_HANDSHAKE_TRAFFIC_SECRET 046a5330c9645e56f07cf9ea2a1206eeecbfd44764a94ba8839bd4da47ce5e80 1824a78399e4b5b4ad9697fa8c4f9c4454a55c9f2c9730ad50844c916ba522ac
SERVER_TRAFFIC_SECRET_0 046a5330c9645e56f07cf9ea2a1206eeecbfd44764a94ba8839bd4da47ce5e80 674d2e2335d96aa8b178e1c6138826bc33d274bc5e3826b8a84794a8ab0202e3
SERVER_HANDSHAKE_TRAFFIC_SECRET 70f2b0efe0c0c2eee81991fb6cf35d67301fdf68c95bedd51fd8dd2b36dc0981 97833b33ac7c6100be4ea0b3636b7f12f338e0443be4b9ca3d94c85e9a33c533
CLIENT_HANDSHAKE_TRAFFIC_SECRET 70f2b0efe0c0c2eee81991fb6cf35d67301fdf68c95bedd51fd8dd2b36dc0981 5166bc66e69dabfaa5ab9b264f8b0f354cd3e707354499c8734b1247eefeb3fe
SERVER_TRAFFIC_SECRET_0 70f2b0efe0c0c2eee81991fb6cf35d67301fdf68c95bedd51fd8dd2b36dc0981 fedd42eabf08c93af411bbeb407020c3a4124ee3b03c3dc9db9a046f59f6f39b
CLIENT_TRAFFIC_SECRET_0 70f2b0efe0c0c2eee81991fb6cf35d67301fdf68c95bedd51fd8dd2b36dc0981 658c6a2d2e65ac582f6194674d0b2290bf60fbbebe71fc0a2ae23c2e3bea1f89
SERVER_HANDSHAKE_TRAFFIC_SECRET 6a1213deb9afbac459dd63cb5c9eb92c345ec3b204cb8dba3ac15f0b06eb64f5 ced907b091d566c58bfa5cb58886d197c601b34b42bd1634d2d26d983622e56d
CLIENT_HANDSHAKE_TRAFFIC_SECRET 6a1213deb9afbac459dd63cb5c9eb92c345ec3b204cb8dba3ac15f0b06eb64f5 09dd66baf0601b83e0469e3840fdf2c33d7f20eb1001f13415e826358b33c083
SERVER_TRAFFIC_SECRET_0 6a1213deb9afbac459dd63cb5c9eb92c345ec3b204cb8dba3ac15f0b06eb64f5 b1719323508fab5ff0cf34eb4f14f876f8b1c6c8c960cf91769007e4f02939f8
CLIENT_TRAFFIC_SECRET_0 6a1213deb9afbac459dd63cb5c9eb92c345ec3b204cb8dba3ac15f0b06eb64f5 0ccb3db8c0e7f2e12c656a4c0acee7b0cd22848b4bce735fc0fb98398db56959
SERVER_HANDSHAKE_TRAFFIC_SECRET 9690ea3d52f8205bb805d032e6aa6e6941c044f270c553d247e598b04136cfeb de029d6dabec4f96bd868ae73bb5e058bcb0a654885260b8998082af6cb8575c
CLIENT_HANDSHAKE_TRAFFIC_SECRET 9690ea3d52f8205bb805d032e6aa6e6941c044f270c553d247e598b04136cfeb 0ca96d91e633e672ad1a2ed3b3dd5ed2a36cf663239175205695d49b4ae33b3f
SERVER_TRAFFIC_SECRET_0 9690ea3d52f8205bb805d032e6aa6e6941c044f270c553d247e598b04136cfeb 6b496f31cb242adb7129ebc2bc18926432d087660834ddb8b0b73a1260dc3406
CLIENT_TRAFFIC_SECRET_0 9690ea3d52f8205bb805d032e6aa6e6941c044f270c553d247e598b04136cfeb 8bd72c85c942c342105bd18064cbeebfff939f6b73036cd4549009949817a57f
SERVER_HANDSHAKE_TRAFFIC_SECRET 20e0bb7dd1f6225b36aa6255ccd7de94c2f923162c998f8df59b0d869a9917f2 f8053e1be0041ef903223fbe7902fa9cb6c3c1c32ddc4f96a7ed66b745c89584
CLIENT_HANDSHAKE_TRAFFIC_SECRET 20e0bb7dd1f6225b36aa6255ccd7de94c2f923162c998f8df59b0d869a9917f2 c06b05b38ca1b0118d80145f1c0c64c387662c27eef8e15aef69877bbc29af56
SERVER_TRAFFIC_SECRET_0 20e0bb7dd1f6225b36aa6255ccd7de94c2f923162c998f8df59b0d869a9917f2 227a692982e1f2fff14bf500aa761ed8392cdf7e3b6fc52a0b956a9cc3d2856d
SERVER_HANDSHAKE_TRAFFIC_SECRET 35d4148b1bfcae537223891fb955a55322fda12a8d01e82fc99233fc19865742 f72bb0e0c1113db28a9eb0147570940a0fcc6a03387b9885eebf786f60c5017b
CLIENT_HANDSHAKE_TRAFFIC_SECRET 35d4148b1bfcae537223891fb955a55322fda12a8d01e82fc99233fc19865742 127aef96af31bff6b75830cb4a9ca3cb477dba7929f4e95363879fd3e446b676
SERVER_TRAFFIC_SECRET_0 35d4148b1bfcae537223891fb955a55322fda12a8d01e82fc99233fc19865742 509de8f490a7334e3175095053cabdaac516dce859f7e22eb754de4d0723a0e3
CLIENT_TRAFFIC_SECRET_0 35d4148b1bfcae537223891fb955a55322fda12a8d01e82fc99233fc19865742 a09e4d0590d4ab0ae11ce059b74c981f1b1f33ddc55bb7c636c50002a3394339
SERVER_HANDSHAKE_TRAFFIC_SECRET ed4a4ca68f178644130618efe6660d0360d8f02d3c97153dcd0b60d9b67a0d55 27dea259737b9c8254b6cb728fc819846cccfcd1957d9fd5fb32d758e191dd72
CLIENT_HANDSHAKE_TRAFFIC_SECRET ed4a4ca68f178644130618efe6660d0360d8f02d3c97153dcd0b60d9b67a0d55 2c147b4d56c886d8af89850beca85cd434cd14d2442d3c656a68a95ec6bd9b40
SERVER_TRAFFIC_SECRET_0 ed4a4ca68f178644130618efe6660d0360d8f02d3c97153dcd0b60d9b67a0d55 c8bbc702788f6ec85f2921f4a45920168b7e43c9782d6309c816a245540d5e48
CLIENT_TRAFFIC_SECRET_0 ed4a4ca68f178644130618efe6660d0360d8f02d3c97153dcd0b60d9b67a0d55 12f0c06beacb7dd13c6fcb02e82236a852afac6020f4dc912b47324691ab7b6f
SERVER_HANDSHAKE_TRAFFIC_SECRET f79dddf9bc2b54ccf12780bd4b46d8e19eaec734806c18d95c8965c882e55f8a 7ab6cca81e358e652839f497a1f4cec8ef72ba65988e35cf635a36519e4fd023
CLIENT_HANDSHAKE_TRAFFIC_SECRET f79dddf9bc2b54ccf12780bd4b46d8e19eaec734806c18d95c8965c882e55f8a 78553d09c10a007bfc024b265c5ce3f14036efa0304986047579b32447b2f882
SERVER_TRAFFIC_SECRET_0 f79dddf9bc2b54ccf12780bd4b46d8e19eaec734806c18d95c8965c882e55f8a 71be7baf0368893e982ef79ee634c1612b7bc297e9fd1af4e7a38fb928e5ed66
SERVER_HANDSHAKE_TRAFFIC_SECRET ec6e4849338e9a6ca8bcec6316551a198e2f1895921aacb515d494d58158298d 53b5bba36dd8b33d416753b924b983078218e61c3f277aedf505f6648f41f88e
CLIENT_HANDSHAKE_TRAFFIC_SECRET ec6e4849338e9a6ca8bcec6316551a198e2f1895921aacb515d494d58158298d 5285b371e72187756ccbf136bdcede34eb40031b0a7786455eddb3a2b7d06718
SERVER_TRAFFIC_SECRET_0 ec6e4849338e9a6ca8bcec6316551a198e2f1895921aacb515d494d58158298d 482ca099e159797b98c46e8dee1cbe501f3ef4d772dcafef3aefe753cb16ffaf
SERVER_HANDSHAKE_TRAFFIC_SECRET 7bc9d71fd2e58619ade75527d8c36d2b2b683497c8c8c6a420d4af66154036a2 fad77a835654bcb2578a7cd073461baad3a9582834102874e945dff428e06f1c
CLIENT_HANDSHAKE_TRAFFIC_SECRET 7bc9d71fd2e58619ade75527d8c36d2b2b683497c8c8c6a420d4af66154036a2 43d8eb2a32af26355e0d4af0cc087a8f417719a2a12405b55f04cd53c0e31f41
SERVER_TRAFFIC_SECRET_0 7bc9d71fd2e58619ade75527d8c36d2b2b683497c8c8c6a420d4af66154036a2 59d1e3dd87317633f35db17306fe15fdc8bf6901ae1896f93aa5b951c74798d2
CLIENT_TRAFFIC_SECRET_0 7bc9d71fd2e58619ade75527d8c36d2b2b683497c8c8c6a420d4af66154036a2 451a1beb25ef42472d1a808afded4d36ba928f34d663b74c50b72201217e8faa
SERVER_HANDSHAKE_TRAFFIC_SECRET bddaadc5989be6f31474b691661ca6af85da73459a3ef0b6d83c575b4dd8a0da 5cdc3360e664ff140db92fb8888b96498e02428a76f49d328a4ab0b52bbc463b
CLIENT_HANDSHAKE_TRAFFIC_SECRET bddaadc5989be6f31474b691661ca6af85da73459a3ef0b6d83c575b4dd8a0da 068038c21484484ebb87b5cdf4ada6a77c11c79492129ed0e20e1f56db623481
SERVER_TRAFFIC_SECRET_0 bddaadc5989be6f31474b691661ca6af85da73459a3ef0b6d83c575b4dd8a0da 0af5edaa7524aef67876905ff5bfe5dc0213ea6aec32b509ae32b26b98df521d
CLIENT_TRAFFIC_SECRET_0 bddaadc5989be6f31474b691661ca6af85da73459a3ef0b6d83c575b4dd8a0da 45a04442d86b1d97a36ac52e0747e6cdda1341a1306a10d34a12e65423e237a6
SERVER_HANDSHAKE_TRAFFIC_SECRET be666e0b3fedc555e6c9675582701fe22e20a89196a0bfe904a546f97ff98ef3 51d9d5f7ec5b9108a53ec4ab221beffff13d8829f79901ab331e9ff9671dc46a
CLIENT_HANDSHAKE_TRAFFIC_SECRET be666e0b3fedc555e6c9675582701fe22e20a89196a0bfe904a546f97ff98ef3 eece18d28fea70a1a09dfefc148d70e93c64fb13b0261c69d5f8585b55e9e9b7
SERVER_TRAFFIC_SECRET_0 be666e0b3fedc555e6c9675582701fe22e20a89196a0bfe904a546f97ff98ef3 83ad609d10da1b1f2385b75c3361119ca4bcd609bc7a9216948372fbfc496701
CLIENT_TRAFFIC_SECRET_0 be666e0b3fedc555e6c9675582701fe22e20a89196a0bfe904a546f97ff98ef3 bac0b57a3124030e28b070ebab476b6937d1d31f8f22254a163de1e526477cbc
SERVER_HANDSHAKE_TRAFFIC_SECRET f4f7a7f2f273d8d2bf92ea82351b94276e3914a320da7d47ee5c603536c5c71b c6a09e54796f0220cb35a3b92f0334c4752e6912147ce64448a7dcf9e0de17b2
CLIENT_HANDSHAKE_TRAFFIC_SECRET f4f7a7f2f273d8d2bf92ea82351b94276e3914a320da7d47ee5c603536c5c71b cde9142f69d1e54254452657e409ca5296c5b0bf432a3b15439dba07fe716736
SERVER_TRAFFIC_SECRET_0 f4f7a7f2f273d8d2bf92ea82351b94276e3914a320da7d47ee5c603536c5c71b 3bf63db565be226632e4564031a9da93534c44785ed9af8284a66639df65fb85
CLIENT_TRAFFIC_SECRET_0 f4f7a7f2f273d8d2bf92ea82351b94276e3914a320da7d47ee5c603536c5c71b 1ec48b5a1609122f91837ed19d37e158a90328f0a2388e920479179525600e6e
SERVER_HANDSHAKE_TRAFFIC_SECRET ee3aa4a605141de3c6c78f14bc2dcb413d95229aac2232be4cd7dca0eca711b4 855ded3d4eee2f00c33ae178cf391bdbb8949382f598bf8496c81a31427ee66a
CLIENT_HANDSHAKE_TRAFFIC_SECRET ee3aa4a605141de3c6c78f14bc2dcb413d95229aac2232be4cd7dca0eca711b4 7d31f73bc5df7d46f6bda5484219a0a8901ba66a011f7635ae21983f68f50f74
SERVER_TRAFFIC_SECRET_0 ee3aa4a605141de3c6c78f14bc2dcb413d95229aac2232be4cd7dca0eca711b4 bdce31971dc1e8c45ba03463413168bc66c747a71a712f352cbed65d15b16415
CLIENT_TRAFFIC_SECRET_0 ee3aa4a605141de3c6c78f14bc2dcb413d95229aac2232be4cd7dca0eca711b4 39f346be39398f64f43d9176a55de5c1fb3acc9f99aba9d0f4fabd405f35e675
SERVER_HANDSHAKE_TRAFFIC_SECRET 71fed94eb3b40fd5849c7427b7884f18735b28f27cd013e8ce5ce49d57e2da92 f4c49a3ed5cf5ab4295029ba17c27e1c22c1751ebde9fb2aaa4756a03af989d9
CLIENT_HANDSHAKE_TRAFFIC_SECRET 71fed94eb3b40fd5849c7427b7884f18735b28f27cd013e8ce5ce49d57e2da92 7596f4a19b00e8d5bf9fd033cf472b477002f1f130104d941a3dd0aa3fdf2353
SERVER_TRAFFIC_SECRET_0 71fed94eb3b40fd5849c7427b7884f18735b28f27cd013e8ce5ce49d57e2da92 dcb1e826b28c8799d7908a85208e4566e067a1e4e028687404094b0eac791fab
CLIENT_TRAFFIC_SECRET_0 71fed94eb3b40fd5849c7427b7884f18735b28f27cd013e8ce5ce49d57e2da92 c3d92e98e9e6aae47a7f73f26498dbdc1d106402bf69f270fb90b9fdd39694b6
SERVER_HANDSHAKE_TRAFFIC_SECRET 339df533487d96351008a438e2455ce9278db0ac2708ea68e692b879c5872298 9dd6aecd91d0465eb7ceddb9eca4e1009f5c1f2ae14d2cec6ee557ff4ca8b023
CLIENT_HANDSHAKE_TRAFFIC_SECRET 339df533487d96351008a438e2455ce9278db0ac2708ea68e692b879c5872298 b8fac98d929ac4fd7601d6de703209bcfd3f4ba081ee7f88a87447c45e687213
SERVER_TRAFFIC_SECRET_0 339df533487d96351008a438e2455ce9278db0ac2708ea68e692b879c5872298 82d64486a5bd4c38de93bc4a0cb262501d5635ad9a26cbe99a9e8bec682f110f
CLIENT_TRAFFIC_SECRET_0 339df533487d96351008a438e2455ce9278db0ac2708ea68e692b879c5872298 76bdf368f2f123056d8fe3cdd70c4d9889cda438231e2f8bddfc65c6e440b216
SERVER_HANDSHAKE_TRAFFIC_SECRET fa03b28ed20a63b52cd3ca9d1a1de215dc3d856ff7ff642bba4dc8a1f9d46d88 a4941a678002870dbe3e2fae51e2b99827480149864828d7e46c72a346ef27a0
CLIENT_HANDSHAKE_TRAFFIC_SECRET fa03b28ed20a63b52cd3ca9d1a1de215dc3d856ff7ff642bba4dc8a1f9d46d88 120ef4ea34b4dc15e3d38537b6f6a2b33f41fde77638ee0c2f28cb69d7f936b0
SERVER_TRAFFIC_SECRET_0 fa03b28ed20a63b52cd3ca9d1a1de215dc3d856ff7ff642bba4dc8a1f9d46d88 51d71aab49d4ecdb8c0981815d7d145c0d00069b4a5f4e4a491e1995c4ce5282
CLIENT_TRAFFIC_SECRET_0 fa03b28ed20a63b52cd3ca9d1a1de215dc3d856ff7ff642bba4dc8a1f9d46d88 8758f0963a22791086e93fab5d9b05217a39aa2a8f2908e8802533561c782251
SERVER_HANDSHAKE_TRAFFIC_SECRET ce4e531b0a04faa8ca9b54efbaa7921293b254032dcdfb4af9c6a0e55a8ac480 fa0f145f02caaadb0befbf49262acc9cd4151063ea13789e4f70ae76378f2eb5
CLIENT_HANDSHAKE_TRAFFIC_SECRET ce4e531b0a04faa8ca9b54efbaa7921293b254032dcdfb4af9c6a0e55a8ac480 9cebea8e02efa283ae0fe2b65a591dd25e019725466145c180b5fd83d08354a9
SERVER_TRAFFIC_SECRET_0 ce4e531b0a04faa8ca9b54efbaa7921293b254032dcdfb4af9c6a0e55a8ac480 ea8d3852da3a6e52dc939f32c2031e98a19837509ea414298d97e00f947a0661
SERVER_HANDSHAKE_TRAFFIC_SECRET 958fed17f6d461592426a9c7c265e06e53ec48064a3ba638497abf75e3d79a69 3ef8029fb643cd2f26bae4bba231ddcd2e8835987aa8736329101e98c05c635e
CLIENT_HANDSHAKE_TRAFFIC_SECRET 958fed17f6d461592426a9c7c265e06e53ec48064a3ba638497abf75e3d79a69 16f504f49afcad0c77c1afffbe73a07834d8e02db7ec7dc7f30632a0d67a0e20
SERVER_TRAFFIC_SECRET_0 958fed17f6d461592426a9c7c265e06e53ec48064a3ba638497abf75e3d79a69 267df257b44a57d024b47154538afd62b63e9468903a99ee1640b4027eabecc4
CLIENT_TRAFFIC_SECRET_0 958fed17f6d461592426a9c7c265e06e53ec48064a3ba638497abf75e3d79a69 5d8c551d78d0246121e6f9989f22e4e77811f6b425037386d0bc5574e3b5d1a9
SERVER_HANDSHAKE_TRAFFIC_SECRET 10bc52d7e911e407fcf0a896264b7e3c4c5694c7f649402ca6e4c76fd180702d ad72e249d7df3523ad8f34b3409bbf61c4caa124a58a4b62ec6e915d199f65e3
CLIENT_HANDSHAKE_TRAFFIC_SECRET 10bc52d7e911e407fcf0a896264b7e3c4c5694c7f649402ca6e4c76fd180702d bf6859a4a2d1732ccb87d80bfffdc1d37de7acc6eed7f1b0fe0aa38598d2ac4d
SERVER_TRAFFIC_SECRET_0 10bc52d7e911e407fcf0a896264b7e3c4c5694c7f649402ca6e4c76fd180702d 81b167e1838e81e9fc140a5bcb959bcd90075b1f780d3d616bc027162a9b6d56
CLIENT_TRAFFIC_SECRET_0 10bc52d7e911e407fcf0a896264b7e3c4c5694c7f649402ca6e4c76fd180702d 0e29e08822cc9cdbfeb02b7fdaa1c56419ff7148a884c68a535f92c1b07a0c1f
SERVER_HANDSHAKE_TRAFFIC_SECRET 29f092dff7efa02a160037630a7c13b26c12233b63706e6c4ca62c2cf6842efd 6a09a582db004d974aacb945aa437f7a792c1ebf646d252cf9214f3df8cf0b4c
CLIENT_HANDSHAKE_TRAFFIC_SECRET 29f092dff7efa02a160037630a7c13b26c12233b63706e6c4ca62c2cf6842efd 02365434d56ae0f7062221eddc82fa9cb23233a1817a561f29630eb5043b453d
SERVER_TRAFFIC_SECRET_0 29f092dff7efa02a160037630a7c13b26c12233b63706e6c4ca62c2cf6842efd 6f6d1e1928acf7f46dbb9d2916bad6293eca64f3aaea61fd1c1af6b814c81e4c
SERVER_HANDSHAKE_TRAFFIC_SECRET 4376de27de18971320f64152becb986c1e470a5f3f94d9364ea7ffa8d97ab026 e9796b14c327073fea9540012428634e11513c02e9e03924a80af2ed42a35875
CLIENT_HANDSHAKE_TRAFFIC_SECRET 4376de27de18971320f64152becb986c1e470a5f3f94d9364ea7ffa8d97ab026 d3b3ae33b7a838edf8498b27308ade0aed4ad5671b544c855fc52604d1fda698
SERVER_TRAFFIC_SECRET_0 4376de27de18971320f64152becb986c1e470a5f3f94d9364ea7ffa8d97ab026 b32b448a7c3f24077524eac25de509f43f74e9faa47fa22b3f126cb413e5c3c0
CLIENT_TRAFFIC_SECRET_0 4376de27de18971320f64152becb986c1e470a5f3f94d9364ea7ffa8d97ab026 8317eabc1b901ccf8fc716172e8f5c66c8dc60d6babd4e79c083196bd8548f0d
SERVER_HANDSHAKE_TRAFFIC_SECRET a1f2066450ba56b3f458da9cbc4d988e40299dc138735716bd6f8ef368768e5a 158a886db0f94271b8782e7d2d1f022c9cea2632800389fa154d9fee59e18cbe
CLIENT_HANDSHAKE_TRAFFIC_SECRET a1f2066450ba56b3f458da9cbc4d988e40299dc138735716bd6f8ef368768e5a 46c155d7a5fbf14ec5619b762709ba6b63b5c1371392ff2025076f3738cfa628
SERVER_TRAFFIC_SECRET_0 a1f2066450ba56b3f458da9cbc4d988e40299dc138735716bd6f8ef368768e5a 34926ea1722e117156e087406583a6e4d7537734aa41179c360163d3f3bd16da
SERVER_HANDSHAKE_TRAFFIC_SECRET a7abc56b7a8680e36553023e64c7849c54998786e721b4af6eb6ef2f0db71767 9df28c2a597a1886437bbfddf084c8f5fc49467aa4b459dacde45a14611e089d
CLIENT_HANDSHAKE_TRAFFIC_SECRET a7abc56b7a8680e36553023e64c7849c54998786e721b4af6eb6ef2f0db71767 a250c709f13b2381c88bbe66df041e3af2cd230a412131af5782ec4297de935e
SERVER_TRAFFIC_SECRET_0 a7abc56b7a8680e36553023e64c7849c54998786e721b4af6eb6ef2f0db71767 9081fd823c2a4c7e41ce6a22f7134c223425930d307fb2726f73906b2d7685f3
SERVER_HANDSHAKE_TRAFFIC_SECRET 29ae214ec410170e24164dcd66244173a7b07d59725adf3cde39a735ae7cdf01 91a87e96210ff06d9ab1adbccf5be7da6049f8067f37d68c1c43a2fb0b439a04
CLIENT_HANDSHAKE_TRAFFIC_SECRET 29ae214ec410170e24164dcd66244173a7b07d59725adf3cde39a735ae7cdf01 f192b47d05d211c2c2a32a1084fcbb6981d0a287c3fe9437f1b3d41e2d412bca
SERVER_TRAFFIC_SECRET_0 29ae214ec410170e24164dcd66244173a7b07d59725adf3cde39a735ae7cdf01 0c646d9d482da4f0da2407e47e90fd06fde8b892e947c6d74e0e9b14b5f9cb4a
CLIENT_TRAFFIC_SECRET_0 29ae214ec410170e24164dcd66244173a7b07d59725adf3cde39a735ae7cdf01 9cfc07ed8a2ac98b3078c4b6c402a5f70080fa6b6d3b27a1514413e7b2cde3cf
SERVER_HANDSHAKE_TRAFFIC_SECRET b7f4846406ff7eeb88437f3e5bc3542fcf4618404b349675a2181971c9db25ab 0b884bfbf1070310d7e0b8332d67d80980ef48ec13867088aae155cdcb6fde70
CLIENT_HANDSHAKE_TRAFFIC_SECRET b7f4846406ff7eeb88437f3e5bc3542fcf4618404b349675a2181971c9db25ab c7f1d297fee4986372391536e7fc0201cc98c84bfa0f5b751101daa7ea9e4b42
SERVER_TRAFFIC_SECRET_0 b7f4846406ff7eeb88437f3e5bc3542fcf4618404b349675a2181971c9db25ab 7c2c520fa059f34763fcdc6424e85b951ae3e6f38f9e767e30084cb9fb624433
CLIENT_TRAFFIC_SECRET_0 b7f4846406ff7eeb88437f3e5bc3542fcf4618404b349675a2181971c9db25ab ae17076ff5df59526f723120c61b9cb19f721d69c6021d0719c30c247bfbe1b3
SERVER_HANDSHAKE_TRAFFIC_SECRET c1bfbbf1915e0a67a643fc5bbefa4109ec631b49eb774286365e854e50da3a67 6c14ccee25add156485c041259eaca6a44275e5157bfd388f999bf8069150589
CLIENT_HANDSHAKE_TRAFFIC_SECRET c1bfbbf1915e0a67a643fc5bbefa4109ec631b49eb774286365e854e50da3a67 9e81f8b3279b48cc51b4a913602ebfd5745d8c90158f46716e963f96783db1e2
SERVER_TRAFFIC_SECRET_0 c1bfbbf1915e0a67a643fc5bbefa4109ec631b49eb774286365e854e50da3a67 3bb5b535749cfb3fbe6c5e79f9b4bb2ab1961f979394c03d96253e82c2a5598a
SERVER_HANDSHAKE_TRAFFIC_SECRET b5c62450ac39db94640df0a9cb41a2eb414f37575962b886cac5b6570dfc87c5 f8b7abb52a30ac83f6ed2ff8f6be9115ee3e345432ab8e7137da140a266d035e
CLIENT_HANDSHAKE_TRAFFIC_SECRET b5c62450ac39db94640df0a9cb41a2eb414f37575962b886cac5b6570dfc87c5 a0c8f22aeb53de85a7922b0b4e33575a3b324f37d2c970fb6b2897ad4b416ac1
SERVER_TRAFFIC_SECRET_0 b5c62450ac39db94640df0a9cb41a2eb414f37575962b886cac5b6570dfc87c5 a41582c3d34da3be4c4c3052b3ba5569c6b6e216d6abf606c7649f47039cfeea
CLIENT_TRAFFIC_SECRET_0 b5c62450ac39db94640df0a9cb41a2eb414f37575962b886cac5b6570dfc87c5 8c38ea26ea4214af6ea9c9e93bbfe671cf3f2b246aa23aaad5578af39f99cc0e
SERVER_HANDSHAKE_TRAFFIC_SECRET 75cc2c6fada625b102882c12e923c95922b97c234bbe3b7bbde39a58160e0f9e adc2e98b11e32cd20dfd35028cc52acded4e54becbaae3cfb60469b7d8974267
CLIENT_HANDSHAKE_TRAFFIC_SECRET 75cc2c6fada625b102882c12e923c95922b97c234bbe3b7bbde39a58160e0f9e c9c56ce00791d1547df63224d93043e984b3865b8051297a50ddf91282b3f1e4
SERVER_TRAFFIC_SECRET_0 75cc2c6fada625b102882c12e923c95922b97c234bbe3b7bbde39a58160e0f9e a95102a372886c87c2725886528a5665aed1f9e7a0bbafabbd896fa557f15732
SERVER_HANDSHAKE_TRAFFIC_SECRET 10eee9f5c79efb3afa2ae219c12a1d6e045fbc852ee1429207d101c15456d299 def73ad6aa986576941262f412f8f59c415c435dbd3b9c7edc1ad8bc81955fb6
CLIENT_HANDSHAKE_TRAFFIC_SECRET 10eee9f5c79efb3afa2ae219c12a1d6e045fbc852ee1429207d101c15456d299 73ffb2b571dd7f3d874daed1918501ad0ac565aadce1d20ee86b77f6cdb756db
SERVER_TRAFFIC_SECRET_0 10eee9f5c79efb3afa2ae219c12a1d6e045fbc852ee1429207d101c15456d299 19d823ec2d8bfedf2f72aa8ba6757f2930edeb3a579aa9ebc72c9f823fff175e
SERVER_HANDSHAKE_TRAFFIC_SECRET 582bdbb4d53f7ef3bdc318087a583840864b099d52aa9bccb8a4032de5cb5df6 ba48d6baa02fe867d0e15f5dbf5a7cf14ec5c33d4f9afe6b5fa01cbed2a73608
CLIENT_HANDSHAKE_TRAFFIC_SECRET 582bdbb4d53f7ef3bdc318087a583840864b099d52aa9bccb8a4032de5cb5df6 2cfbfbf27673727d3d300247d4b1c291e50f995a7266d85b2503c2ce3791a5d4
SERVER_TRAFFIC_SECRET_0 582bdbb4d53f7ef3bdc318087a583840864b099d52aa9bccb8a4032de5cb5df6 d07ffa3a818bf4471652317c31ba1147b303a7b8b7f11d34980df2fbd6b35eda
SERVER_HANDSHAKE_TRAFFIC_SECRET 31490fb81723b457d5ff0e0ca25ff57ad115e6a066e4cf3da6d1ab1f6df80a06 24c12c79da0d2b6dd3488be4602c80e10969e385113c84fe2566b203cf8d0ff1
CLIENT_HANDSHAKE_TRAFFIC_SECRET 31490fb81723b457d5ff0e0ca25ff57ad115e6a066e4cf3da6d1ab1f6df80a06 0483b8775b7ac2aea92b9e008f286d5b0a26e9528440d520790cf602dac55a0c
SERVER_TRAFFIC_SECRET_0 31490fb81723b457d5ff0e0ca25ff57ad115e6a066e4cf3da6d1ab1f6df80a06 9fc1cf69dfad5f20a0721a6d9b64a87d6a780100d67b6f24ae4278a69ca4dcf2
CLIENT_TRAFFIC_SECRET_0 31490fb81723b457d5ff0e0ca25ff57ad115e6a066e4cf3da6d1ab1f6df80a06 fb4f77dea9d566796f3bb91e395bfb0ad1a4ca3b097aab0051b3fee0ddd1f96e
SERVER_HANDSHAKE_TRAFFIC_SECRET ced7ea6024460219b165b917f64d0df4a0082b2a29a34c592c585cd30b7bd9d1 a196e189101bbce1a0654cfc31c95d1810a8cbd2a25e6252061f5df1c08575cc
CLIENT_HANDSHAKE_TRAFFIC_SECRET ced7ea6024460219b165b917f64d0df4a0082b2a29a34c592c585cd30b7bd9d1 76203ed9c20102e0090902440c5a7ef5bfcfe5b74de96ceccf10020e173b7585
SERVER_TRAFFIC_SECRET_0 ced7ea6024460219b165b917f64d0df4a0082b2a29a34c592c585cd30b7bd9d1 6072ab6579b5edc02d193a711a80939f2bb8185cbf78860942ef460966313eda
CLIENT_TRAFFIC_SECRET_0 ced7ea6024460219b165b917f64d0df4a0082b2a29a34c592c585cd30b7bd9d1 d90b9443ec0045b9ddd4755af0fdc21847be96185dfde98d83f22aa53009cea9
SERVER_HANDSHAKE_TRAFFIC_SECRET 587b33c3fee95e290353227262527a3245b1f8c1e9bc4ab89ec53cab199240ba db82b042cc647e58973c9357e8e755710376d113b261b51ec7b9531bbd805f2d
CLIENT_HANDSHAKE_TRAFFIC_SECRET 587b33c3fee95e290353227262527a3245b1f8c1e9bc4ab89ec53cab199240ba 089aec50b5352c2885e800bedfbc306cf02e6838db38fe1f4c5a48703f058869
SERVER_TRAFFIC_SECRET_0 587b33c3fee95e290353227262527a3245b1f8c1e9bc4ab89ec53cab199240ba 3291c980ae9c2dab5c30faab7a40e3b0492fef53f04bc61fd0a201f99c5d7fee
CLIENT_TRAFFIC_SECRET_0 587b33c3fee95e290353227262527a3245b1f8c1e9bc4ab89ec53cab199240ba f9efbe5fd36a85abea93e9e9d1641b8ca157f6bcd48f84823fee53106bb3760a
SERVER_HANDSHAKE_TRAFFIC_SECRET 3bafd0072e1db01b9f463607afac7ec1e5599d0b7da7f277840918478450474b f76b0e219dac955c05058c0bed668fb896284521097ad1e0442c2a8982905b72
CLIENT_HANDSHAKE_TRAFFIC_SECRET 3bafd0072e1db01b9f463607afac7ec1e5599d0b7da7f277840918478450474b 4d802a72ec70bca3461ff7e4d2d4846088d4dbd7beff53fd70bfcff053235523
SERVER_TRAFFIC_SECRET_0 3bafd0072e1db01b9f463607afac7ec1e5599d0b7da7f277840918478450474b e7c6d13351600c80ffe6a22352e4d850633b58f34ac5a4f28b004d0d25d59f4b
CLIENT_TRAFFIC_SECRET_0 3bafd0072e1db01b9f463607afac7ec1e5599d0b7da7f277840918478450474b ebfecd9eb0c3d27d4ae5c54f46c58a675205be825a5ba08e92ac3d2601bfd318
SERVER_HANDSHAKE_TRAFFIC_SECRET 7a10cdbaa758d00c055d5f98163727ad502efb21a3425731d4411e6b707aa7dc bf704b6ae7a81d6da207a8d28fc309ac376223c085015aed722203b91bb13268
CLIENT_HANDSHAKE_TRAFFIC_SECRET 7a10cdbaa758d00c055d5f98163727ad502efb21a3425731d4411e6b707aa7dc 8c83db4f25b1654b894fd97bad7bdf5334e26ff84491efa888c243c58f935aa0
SERVER_TRAFFIC_SECRET_0 7a10cdbaa758d00c055d5f98163727ad502efb21a3425731d4411e6b707aa7dc 75d6bdff94c4dc48a41faf238adf5bb7bc152a0259b6105a940f2a3f27e8c0ec
CLIENT_TRAFFIC_SECRET_0 7a10cdbaa758d00c055d5f98163727ad502efb21a3425731d4411e6b707aa7dc 6c2912fe312be5614c36347d513dda019b80e0bfaabc6ea46dd14baed0f43bd4
SERVER_HANDSHAKE_TRAFFIC_SECRET a66ad7b26e67e69eb077a09d56f02bd1212c83803a9fd7786982fbf1a0cffaba 0b230fca0502eff52dfe6ae5986fb4d6cfb56de94e4feacc34a5e099f45f4723
CLIENT_HANDSHAKE_TRAFFIC_SECRET a66ad7b26e67e69eb077a09d56f02bd1212c83803a9fd7786982fbf1a0cffaba 0544c330c96f2d17a7e981cd3e1477248e933c3abd2573dd4d12ddff80233646
SERVER_TRAFFIC_SECRET_0 a66ad7b26e67e69eb077a09d56f02bd1212c83803a9fd7786982fbf1a0cffaba e3673902288ae52ccd9aea39bc10cbb1fc95a5c6366f137201a7d7d58c104432
CLIENT_TRAFFIC_SECRET_0 a66ad7b26e67e69eb077a09d56f02bd1212c83803a9fd7786982fbf1a0cffaba 93e2f9a134d01ca38f2623884d1d0814502f9e959a6eb100bb463941930f8837
SERVER_HANDSHAKE_TRAFFIC_SECRET f6b0b2fce01db3e1b07698f696682c697f0c1d5a5d84c4aff326a10ac10bc742 3b53033f68a03757806f6a2fcbb16c2dd50a81478053ed4532ee895a295d0e7e
CLIENT_HANDSHAKE_TRAFFIC_SECRET f6b0b2fce01db3e1b07698f696682c697f0c1d5a5d84c4aff326a10ac10bc742 0a6bcbefd5a449e493bc408850f696b0c78c1d5f5d8562789e4caad113766501
SERVER_TRAFFIC_SECRET_0 f6b0b2fce01db3e1b07698f696682c697f0c1d5a5d84c4aff326a10ac10bc742 7588e2b869deb9506ac908f4df58366511a43c6bd8ec0018680e58c7ae497709
CLIENT_TRAFFIC_SECRET_0 f6b0b2fce01db3e1b07698f696682c697f0c1d5a5d84c4aff326a10ac10bc742 3b27cad8a1e1b2bf7958e7d046d1329832e76df817de4e084f44d47af29baf80
SERVER_HANDSHAKE_TRAFFIC_SECRET 1719436cbf3ede9492c40fbea5ee61704abf904d6bfb1e2af6d891a3c24b1023 d516e60077b9c92171a23e57609201edc0abb6b5df422e725d3993e52f279f79
CLIENT_HANDSHAKE_TRAFFIC_SECRET 1719436cbf3ede9492c40fbea5ee61704abf904d6bfb1e2af6d891a3c24b1023 210704f19843476b2aa487c64b26ed511d867ddf9ae68cffec7b645917932061
SERVER_TRAFFIC_SECRET_0 1719436cbf3ede9492c40fbea5ee61704abf904d6bfb1e2af6d891a3c24b1023 13fec14d4b7400e1d41b821ccc1107305d224131a18836b93bf3aaf01de04a05
CLIENT_TRAFFIC_SECRET_0 1719436cbf3ede9492c40fbea5ee61704abf904d6bfb1e2af6d891a3c24b1023 892dd62f32152f58d787e45a6fd00c2abaaa95f31a1a755cab6fc88cfb7e42fe
SERVER_HANDSHAKE_TRAFFIC_SECRET 2feba957f61072202ac888023733546c3a81819e2bf8cd006749a68b0474c715 4f93c9ea1951472e1c92702ef9e98b8a2c52079e1d759c1c122ce0b8d720ed81
CLIENT_HANDSHAKE_TRAFFIC_SECRET 2feba957f61072202ac888023733546c3a81819e2bf8cd006749a68b0474c715 3815d9a00b1aa55a00bbe24257251dc1cd043729f87cc1c4b15c166c041b6715
SERVER_TRAFFIC_SECRET_0 2feba957f61072202ac888023733546c3a81819e2bf8cd006749a68b0474c715 834ae53cbb0f7cc959eda25c0ab364e7a16f7863fc92e62bd0577bf37887ff0c
SERVER_HANDSHAKE_TRAFFIC_SECRET b587b3642947edb8c3bbf6686b5d65b3be9dd96acb90debc44849f44eada82ce 8c8456deac6b8e1ac3d51b833a0d8ff73c64f00cd5f775e9f2bae744eac2bc9e
CLIENT_HANDSHAKE_TRAFFIC_SECRET b587b3642947edb8c3bbf6686b5d65b3be9dd96acb90debc44849f44eada82ce 4ad54274513eac328aa31edb48fe2cdc0fc913a17ac989e491a24efdc2fd5045
SERVER_TRAFFIC_SECRET_0 b587b3642947edb8c3bbf6686b5d65b3be9dd96acb90debc44849f44eada82ce 3ef8e2700e9322503b0d1bd44848a57cec224d0faefff544b168c807f5fe87b4
SERVER_HANDSHAKE_TRAFFIC_SECRET a283825b5b18051bb7d252edb694081b6c1bbd9ec414a98724f1eebabe24e7f6 57d6f698b3514b2bac808579049c6142b36b745a5883c3d66a38bbc3803581ae
CLIENT_HANDSHAKE_TRAFFIC_SECRET a283825b5b18051bb7d252edb694081b6c1bbd9ec414a98724f1eebabe24e7f6 3f643aa79ebd9766721019135220ef5779aef87e05b578f38d60af63a96d0973
SERVER_TRAFFIC_SECRET_0 a283825b5b18051bb7d252edb694081b6c1bbd9ec414a98724f1eebabe24e7f6 faa4dbfab2428e7f38629bfe1d43bf0a823ea36e5c1fc98ece231b8ac84a9e3c
CLIENT_TRAFFIC_SECRET_0 a283825b5b18051bb7d252edb694081b6c1bbd9ec414a98724f1eebabe24e7f6 b4aea9865d3075e5498135414bc03965348a09922b0fcc91d26e46fa22adce55
SERVER_HANDSHAKE_TRAFFIC_SECRET 4c161c80712b3b6706534976219ecb9dfbd54af5ec28094ee6237ac74397df6f 72c880be598fff3a8fd22eba377305ef3860999ff7aaa382f12a5aaf8d47cff3
CLIENT_HANDSHAKE_TRAFFIC_SECRET 4c161c80712b3b6706534976219ecb9dfbd54af5ec28094ee6237ac74397df6f bb1868258287f4d96f06513318221e39f6657dd0033574b429d2a1defb06c01c
SERVER_TRAFFIC_SECRET_0 4c161c80712b3b6706534976219ecb9dfbd54af5ec28094ee6237ac74397df6f f3c4369886aa4da2618649c4db66c55bdf4d877ac0601ef87996bd3aafc61d00
CLIENT_TRAFFIC_SECRET_0 4c161c80712b3b6706534976219ecb9dfbd54af5ec28094ee6237ac74397df6f 4103241d58ebadcd8fc7c55d615eb371c72d36a14e2a65651c5e7fcc4d7cf367
SERVER_HANDSHAKE_TRAFFIC_SECRET 405e3577c9d5a761bb1556cb1d0e82e154b9f7a51c64ca53e7fd8dc1bba54c9e b04e8649384f02e3f66ab3153aee57921a5d1350dc7fafdd8a8b1b2d015c450b
CLIENT_HANDSHAKE_TRAFFIC_SECRET 405e3577c9d5a761bb1556cb1d0e82e154b9f7a51c64ca53e7fd8dc1bba54c9e 5b908c50100aab7cf32f67cb10b4c02dfe88f87185b8405ca892e33af49e2ee8
SERVER_TRAFFIC_SECRET_0 405e3577c9d5a761bb1556cb1d0e82e154b9f7a51c64ca53e7fd8dc1bba54c9e 2daf6f3c0b8c9f611f79e6ba1bfb370ef79ebf0f5cdb77bf03433a17a42aa426
SERVER_HANDSHAKE_TRAFFIC_SECRET 05f2844d4e71265765961efff3a9fa3d2b9df022a229d034d11488c32694667c 16db3bf4592fe5e796cb1723a58405a73ef1308e6a335c9489ceb9b09339b179
CLIENT_HANDSHAKE_TRAFFIC_SECRET 05f2844d4e71265765961efff3a9fa3d2b9df022a229d034d11488c32694667c c035780c06ecb2bb1575f30e5cc58a793a51880a952e9131eed0c090ce6e5615
SERVER_TRAFFIC_SECRET_0 05f2844d4e71265765961efff3a9fa3d2b9df022a229d034d11488c32694667c 2fa6a4691f08ec17a608d1cda9fad57f39359826776b1caa13bc6a51d55376ea
CLIENT_TRAFFIC_SECRET_0 05f2844d4e71265765961efff3a9fa3d2b9df022a229d034d11488c32694667c 6068b2c9f7559b270c83bbe401b81fa587c62fb18d37eac1d59e012b278d1079
SERVER_HANDSHAKE_TRAFFIC_SECRET 96bec0f95be31e09afe3c31932db8e8f719cfd753b0a682018f3ecc808b61cc1 a8c270c3964a24c056353325c9709d3c4e05355826d4daa0165bd058487d6869
CLIENT_HANDSHAKE_TRAFFIC_SECRET 96bec0f95be31e09afe3c31932db8e8f719cfd753b0a682018f3ecc808b61cc1 c45186e6cfa7c0cea8d67cc3979aa9016ecbf8dc6c3550cb76f52b1e32da740d
SERVER_TRAFFIC_SECRET_0 96bec0f95be31e09afe3c31932db8e8f719cfd753b0a682018f3ecc808b61cc1 d6dcb9527167d459d01bcc6a6c31fe5a1d4b68a18264a4754987775791853ebc
CLIENT_TRAFFIC_SECRET_0 96bec0f95be31e09afe3c31932db8e8f719cfd753b0a682018f3ecc808b61cc1 6166fc662bb50329d9cbf90e8362e1e5ed43a0f4987fcbd3868f9eab08d5a465
SERVER_HANDSHAKE_TRAFFIC_SECRET 1e2ef675f34737adc3f0090df0e30c35261a0372890eef7bb42bfc8a9d536731 7df818c13b857ab117038b3dbe53d2cbbba5d2933c6478181bad6ec97f51a616
CLIENT_HANDSHAKE_TRAFFIC_SECRET 1e2ef675f34737adc3f0090df0e30c35261a0372890eef7bb42bfc8a9d536731 971bc4f83a8d38f314808ed1dff329b4f327efcef7a552452c1ef77c7cb19ba7
SERVER_TRAFFIC_SECRET_0 1e2ef675f34737adc3f0090df0e30c35261a0372890eef7bb42bfc8a9d536731 9e6d703274aa89b4338170076b48a079027d3d0e4e8735f578644dfbd2bf8f3d
CLIENT_TRAFFIC_SECRET_0 1e2ef675f34737adc3f0090df0e30c35261a0372890eef7bb42bfc8a9d536731 2ae4c71a9a5ce84fbfbf9405ade6418a4a17ec4b747cf9f7379224c4ee73dcb0
SERVER_HANDSHAKE_TRAFFIC_SECRET 2f285f3dc6ccf591be469c1c63186ff4ce2763e06b2ee6feff6544ad2317b561 b08b101e43c6238e70eb5ad05fd141b099268b40c96fea1f374dfcfca708dcb9
CLIENT_HANDSHAKE_TRAFFIC_SECRET 2f285f3dc6ccf591be469c1c63186ff4ce2763e06b2ee6feff6544ad2317b561 8945a10e6198288420e1e3fd2c4cecd3453eb7b11b5b328c274710c4db08f1db
SERVER_TRAFFIC_SECRET_0 2f285f3dc6ccf591be469c1c63186ff4ce2763e06b2ee6feff6544ad2317b561 73cb91043dd14c55aae6fff905cc22f9d369d523bd93bca32fa2423b4f2b440e
CLIENT_TRAFFIC_SECRET_0 2f285f3dc6ccf591be469c1c63186ff4ce2763e06b2ee6feff6544ad2317b561 621560e87e98d79201dfdf5470c39c386883b6882976174d58e3bb026a354f7d
SERVER_HANDSHAKE_TRAFFIC_SECRET 2818ac43952d154af5bc2d5c57faf3cf7a218f44e4ca6f5365012a7be498467f 3a7cd741c48ef736440472c3f41b405ede0e22f2d03fca1adaf6bcc8ffc90eaa
CLIENT_HANDSHAKE_TRAFFIC_SECRET 2818ac43952d154af5bc2d5c57faf3cf7a218f44e4ca6f5365012a7be498467f 485bb46b475dc73a9517cd128f7fca2c8a6543820be0d403ff194a1fd4c2cab9
SERVER_TRAFFIC_SECRET_0 2818ac43952d154af5bc2d5c57faf3cf7a218f44e4ca6f5365012a7be498467f 7c19d9c3e70393f8f92b9155d7178c332071a262cdcd2b954a802b1e4a7e8025
CLIENT_TRAFFIC_SECRET_0 2818ac43952d154af5bc2d5c57faf3cf7a218f44e4ca6f5365012a7be498467f 02a3d89ed8b0eb2b5ed71dabf1747734ef30f099bdcb5309d16150f89fa54477
SERVER_HANDSHAKE_TRAFFIC_SECRET cf3f0804cd25e67c70847848aece3e8a5b2c96d70d41bae345e8f97ca172797b 475694654f12a47801fb9c8c7e721264d7be3bd8be9e8eff96ec5bc2d5e9e204
CLIENT_HANDSHAKE_TRAFFIC_SECRET cf3f0804cd25e67c70847848aece3e8a5b2c96d70d41bae345e8f97ca172797b 03d2b7ecd9d412025ee28fe8a6332c55154079e80dc691c241eba4520e4394b3
SERVER_TRAFFIC_SECRET_0 cf3f0804cd25e67c70847848aece3e8a5b2c96d70d41bae345e8f97ca172797b 3790a7dfb704b168127ac160aeb063af307c443dae22cc09fbed7ef7c0c84d22
CLIENT_TRAFFIC_SECRET_0 cf3f0804cd25e67c70847848aece3e8a5b2c96d70d41bae345e8f97ca172797b b4766dae7a827f09868a337fa391000362aee55dbdbc58ccfa407db2a4d5c92c
SERVER_HANDSHAKE_TRAFFIC_SECRET 22783cc50c31f258db926019f18df288557ba7d5a50f643cb6ddb12f0473a1c9 962617dd015207effdcaf6d6d51a4428e711323367b4586ed409355efaa6cfb4
CLIENT_HANDSHAKE_TRAFFIC_SECRET 22783cc50c31f258db926019f18df288557ba7d5a50f643cb6ddb12f0473a1c9 506f56eccaf100266b4f3bd69a147067667fc179853e534ff4972bebb78b1c84
SERVER_TRAFFIC_SECRET_0 22783cc50c31f258db926019f18df288557ba7d5a50f643cb6ddb12f0473a1c9 ae1a1445d46ca70c1d6086b0d3d92e28ed6631bc1cb7d5eba525e825cdf2440d
CLIENT_TRAFFIC_SECRET_0 22783cc50c31f258db926019f18df288557ba7d5a50f643cb6ddb12f0473a1c9 466528c960ba4c2446770b84996f98a0acbf30f5b92b3c85a3a884c4ceb386bf
SERVER_HANDSHAKE_TRAFFIC_SECRET c7ae87cb8c3b037d6d16932610b0b1bad385ca8e5bb8a8ad52b0d0a0ea8237b6 62228d287ec05d42bcaedc83b13530970dbd9c983bf8a9d26128ae81bd1c25eb
CLIENT_HANDSHAKE_TRAFFIC_SECRET c7ae87cb8c3b037d6d16932610b0b1bad385ca8e5bb8a8ad52b0d0a0ea8237b6 377b61b85c25ba1ed639b64c6edaa81119815939ce524cd2080abe273c51ad2e
SERVER_TRAFFIC_SECRET_0 c7ae87cb8c3b037d6d16932610b0b1bad385ca8e5bb8a8ad52b0d0a0ea8237b6 3a3213a12dc7757de50a5a3e1b75931b45d992fb98caf16d99877869dc27a355
CLIENT_TRAFFIC_SECRET_0 c7ae87cb8c3b037d6d16932610b0b1bad385ca8e5bb8a8ad52b0d0a0ea8237b6 a82f9163b2240b271bee33aea667b14a50509398eb7e0edbff1833e5a7e3232d
SERVER_HANDSHAKE_TRAFFIC_SECRET 7f1cc99a341d1b4fc13a5e1648360e45b1fe4243f3dc453275f2f71aaa1de431 ba0fe084ff4543e18fadcb9ad60d614bc9c64d1d440c43f3e381450e20f2e4e8
CLIENT_HANDSHAKE_TRAFFIC_SECRET 7f1cc99a341d1b4fc13a5e1648360e45b1fe4243f3dc453275f2f71aaa1de431 0b6570079604dac6f3eb03242e4c8b61989dc9e9eba2f96d6076ffa6db610a7d
SERVER_TRAFFIC_SECRET_0 7f1cc99a341d1b4fc13a5e1648360e45b1fe4243f3dc453275f2f71aaa1de431 d91c529bc29310cb8db0c60abe4b1bb1e9ec26c452d483eb860115396cd4740a
CLIENT_TRAFFIC_SECRET_0 7f1cc99a341d1b4fc13a5e1648360e45b1fe4243f3dc453275f2f71aaa1de431 b212162264697b090374aae4694e858a87074fa4d5152003e05c53dad87b7a24
SERVER_HANDSHAKE_TRAFFIC_SECRET df071d9176e8c15ac57b46e51aea7aa8ce08dc21a380be00e25bb7182405cc03 f1ffc38b7c58c95e36a4c1929e7380e9bc2775b87cfe77d2d3e9f2375c5c710c
CLIENT_HANDSHAKE_TRAFFIC_SECRET df071d9176e8c15ac57b46e51aea7aa8ce08dc21a380be00e25bb7182405cc03 5788a4d04dc4820be9691c8f5a89974de31b7acc8fa67adde96cce6305b4baf4
SERVER_TRAFFIC_SECRET_0 df071d9176e8c15ac57b46e51aea7aa8ce08dc21a380be00e25bb7182405cc03 1383d1f9a3b6f3968367b742f794d663b9051d915844309e7b14662720dfda42
SERVER_HANDSHAKE_TRAFFIC_SECRET 85a0e66a9fad2139fa09cd60e39fb48ce37f717e5788f5819090a016b30088e3 452515c68bb4e971c8270fea9d9b60f83052d640dc2e11319b455e7cac9bb327
CLIENT_HANDSHAKE_TRAFFIC_SECRET 85a0e66a9fad2139fa09cd60e39fb48ce37f717e5788f5819090a016b30088e3 368e0698d3f824797fd123bd6b589350d0d83d6cb1226a695aa62ff2f8cf50a0
SERVER_TRAFFIC_SECRET_0 85a0e66a9fad2139fa09cd60e39fb48ce37f717e5788f5819090a016b30088e3 eb5b9d10fd5716a58764f37cb88f7408a3401a37fd7b60308227e0e05c9ba165
CLIENT_TRAFFIC_SECRET_0 85a0e66a9fad2139fa09cd60e39fb48ce37f717e5788f5819090a016b30088e3 41514cfc4c24da9a175b3879cdb46da23cd229639a64dc676da48cb92454ec93
SERVER_HANDSHAKE_TRAFFIC_SECRET 5385d7f1a643a2f68e6b6adc2496138fd20b0b4b2a7c1fc1eead6085ad08ef8d d18a320d944592c2a22e88cbf357dd5d42f3d179bda6473f6d057499352d7402
CLIENT_HANDSHAKE_TRAFFIC_SECRET 5385d7f1a643a2f68e6b6adc2496138fd20b0b4b2a7c1fc1eead6085ad08ef8d 9f6a7bb3953172f41a14df5206f51936d3bfcd0729089d4d0da24412517257b3
SERVER_TRAFFIC_SECRET_0 5385d7f1a643a2f68e6b6adc2496138fd20b0b4b2a7c1fc1eead6085ad08ef8d c4a11058f0aff495bb8f25ed42ca995884cae4c43fa9fe08d7c845746e0bae24
SERVER_HANDSHAKE_TRAFFIC_SECRET f1bbb6b99f91e919119c63f8451f2f06a7a98da31e3e5784f7bfd4b871cc8e53 05087d4030ab371ef93e42c0638da75b50dfa0fce2d6ac49a6cae6a84846676e
CLIENT_HANDSHAKE_TRAFFIC_SECRET f1bbb6b99f91e919119c63f8451f2f06a7a98da31e3e5784f7bfd4b871cc8e53 32dca746de851e27cf0d21baae1182f858846e8afb1e96639237aba7390a73a7
SERVER_TRAFFIC_SECRET_0 f1bbb6b99f91e919119c63f8451f2f06a7a98da31e3e5784f7bfd4b871cc8e53 1a682cab0a44342155e48f9b9bd30e68540cc4fb2fbcdeea85cfe57fea97c95b
SERVER_HANDSHAKE_TRAFFIC_SECRET d274e8b75cb04154cf6afb62e1ee8b8441f0fa6855fee2509e2ec7a202b8dfc6 1f240f66a192a2129f63ee2faa987da38375980626c57cdaf33ac6e667f971f3
CLIENT_HANDSHAKE_TRAFFIC_SECRET d274e8b75cb04154cf6afb62e1ee8b8441f0fa6855fee2509e2ec7a202b8dfc6 728e8abef9a1f683707ca239281bd65622779b50bd67eee915946ae77c9cf133
SERVER_TRAFFIC_SECRET_0 d274e8b75cb04154cf6afb62e1ee8b8441f0fa6855fee2509e2ec7a202b8dfc6 e4582a23175d4a19e8bb5616343131ce9c25cffab7e11d778cf4d7e18bd72bf5
SERVER_HANDSHAKE_TRAFFIC_SECRET f2c3e308d8803a2f31b0e1c5e2347ab9ed69ffaac87b3965614472ba5a328b6a 1ccfc3f572626b9283f24c1c071e26e1c47249da4610b88a85ca404e15b70840
CLIENT_HANDSHAKE_TRAFFIC_SECRET f2c3e308d8803a2f31b0e1c5e2347ab9ed69ffaac87b3965614472ba5a328b6a f723dce678c3b5c4078dccd3712ba18fd0a18e0b243f2ae067c31fb8e4078743
SERVER_TRAFFIC_SECRET_0 f2c3e308d8803a2f31b0e1c5e2347ab9ed69ffaac87b3965614472ba5a328b6a 95b49850a6130f705243dd462c5e417b4011801cebc1b3fb2c4725839ab958fe
SERVER_HANDSHAKE_TRAFFIC_SECRET 6166133ef81fcf129982a81332962ee530d71accb42167664dfefb77bde65c7c 3f8d8021b7541ee1f4b2f25d9f6801819403dfe2e4d72aa041824e5cf8f4dcb7
CLIENT_HANDSHAKE_TRAFFIC_SECRET 6166133ef81fcf129982a81332962ee530d71accb42167664dfefb77bde65c7c e7fe6e4d2564b9fecf0ecc7bc7c7dfed6c5d5dff8a7116d78aa0836821b09dc3
SERVER_TRAFFIC_SECRET_0 6166133ef81fcf129982a81332962ee530d71accb42167664dfefb77bde65c7c e8b35398916efb4ad6ca1eb99c68a84ebc0a2ffa93bfbbde8fa7f6da88d63d4f
SERVER_HANDSHAKE_TRAFFIC_SECRET 9cf9cbbf53080abf9ed251055f0b6d9d18fd0faf4a5c8e7d574b78b068cadfad ebe1838dbc75e574f61df7f5759458974488323b92357055d343c81218f1ed07
CLIENT_HANDSHAKE_TRAFFIC_SECRET 9cf9cbbf53080abf9ed251055f0b6d9d18fd0faf4a5c8e7d574b78b068cadfad 60fc3dd898152643d091af41f087bab409867d8545bfca2e5eb164652fde5f00
SERVER_TRAFFIC_SECRET_0 9cf9cbbf53080abf9ed251055f0b6d9d18fd0faf4a5c8e7d574b78b068cadfad 14b64d1ab85c433ac52e464ab6b14d28e7d0ecce418fdefa3e5c637ab2d46263
SERVER_HANDSHAKE_TRAFFIC_SECRET 84a83b803e878c7fee878a13f1c05d1390c6ab3daf29a3a6b87156a9e44fbb9c 8913aaea5a52d66c49c0344fc0aeca800a1cd686882dd58569c37f796de0947f
CLIENT_HANDSHAKE_TRAFFIC_SECRET 84a83b803e878c7fee878a13f1c05d1390c6ab3daf29a3a6b87156a9e44fbb9c 5097e9eb34beb679bb871656bee90554696e9d872e6b3f335e4e22f507df1ca7
SERVER_TRAFFIC_SECRET_0 84a83b803e878c7fee878a13f1c05d1390c6ab3daf29a3a6b87156a9e44fbb9c be1b8fc902506bab5e7b471f82c85e635c78f8407c1f1bc0cb9fee280869e4ab
SERVER_HANDSHAKE_TRAFFIC_SECRET 6083568b8470aa1298e9621bd962eeca3e67724f1be51c69ce1483cc95a25bdf c45fe55c1e00272c0a0e52f7d74aefa0f489de3f96109677f91627a590628d7a
CLIENT_HANDSHAKE_TRAFFIC_SECRET 6083568b8470aa1298e9621bd962eeca3e67724f1be51c69ce1483cc95a25bdf 1222acffe0a01afa3310af1bd8c43aef895010c985bc8367add18d087e46c805
SERVER_TRAFFIC_SECRET_0 6083568b8470aa1298e9621bd962eeca3e67724f1be51c69ce1483cc95a25bdf e61fe1e9913c95fce619763a3314081968d685d96b44dba7df0466945d89a6e7
SERVER_HANDSHAKE_TRAFFIC_SECRET 8ff27ff64d1e2881f6c4c2c08c09d430ee28294f755124ecc65da50fd26a4abe c46c5fb4d646625a081ea20155a77c651d2f58fe346884be71b6889036d85b74
CLIENT_HANDSHAKE_TRAFFIC_SECRET 8ff27ff64d1e2881f6c4c2c08c09d430ee28294f755124ecc65da50fd26a4abe 684fba412bc291aa40aa7e355312c20d95c09afa6b1d80e22db8c4b8df1d8384
SERVER_TRAFFIC_SECRET_0 8ff27ff64d1e2881f6c4c2c08c09d430ee28294f755124ecc65da50fd26a4abe ad631e4fbd5c580d150a0478f42357c4e1a5fa94b188a762bf4b72a438e6a17d
SERVER_HANDSHAKE_TRAFFIC_SECRET 777eaeb079c43778713c8070406202a3e96ae613eae8f300ae059ba20b82334c 5d9ca3a9ca19c388c1aa898019c408ad1fc5b3bd2334732a3aef84a384d55209
CLIENT_HANDSHAKE_TRAFFIC_SECRET 777eaeb079c43778713c8070406202a3e96ae613eae8f300ae059ba20b82334c ade3c0db4eea394f0d5fe52af15fe1fc8e55ccd8697763d08a9ee199b131e802
SERVER_TRAFFIC_SECRET_0 777eaeb079c43778713c8070406202a3e96ae613eae8f300ae059ba20b82334c cb19504aee17d5ba190ac708009e23745465e976f3b7dc1c2f04ca9ab53372ce
SERVER_HANDSHAKE_TRAFFIC_SECRET 443aeffbfee754dd98c366502a895e7aac476c1ebb48d467d41121650b33ae42 ecbd0d201f69f5247890407b14f6a96b085424de5d81a7b84a9c1992e7e2bf78
CLIENT_HANDSHAKE_TRAFFIC_SECRET 443aeffbfee754dd98c366502a895e7aac476c1ebb48d467d41121650b33ae42 ce5987830256bee7cc69a6b47414609c3f37486a1ffbad196d8bb013879e0438
SERVER_TRAFFIC_SECRET_0 443aeffbfee754dd98c366502a895e7aac476c1ebb48d467d41121650b33ae42 0d72b90726f32b865333e3d62de1ab6862289b7fbddf1c56d9df4dc7d55e4222
SERVER_HANDSHAKE_TRAFFIC_SECRET 5383e42855165545cc62129162e3274bbc4777c438b173360d5da231c2b8ddde bfaaab32b6871e585d33adaa784a9205c16f1e995563d8a4c19e8b17306e71d9
CLIENT_HANDSHAKE_TRAFFIC_SECRET 5383e42855165545cc62129162e3274bbc4777c438b173360d5da231c2b8ddde adfa82c4d88e16a539d8b929c24f935363d955e2f622d2a85b3514695ab9830e
SERVER_TRAFFIC_SECRET_0 5383e42855165545cc62129162e3274bbc4777c438b173360d5da231c2b8ddde 1a9679e6beef3190b3e8f9f9e3fcb281e2acd63c88e8b1e6ef47c04d2a5a10f7
SERVER_HANDSHAKE_TRAFFIC_SECRET 9e305a4702fdc2a1c0d994c78ecf9f960f68f684d75416c6fa12b7340e72e4c4 22cd0e38006644a2551a3d7370dc5d138b596db4d16af5264935d354d53789c2
CLIENT_HANDSHAKE_TRAFFIC_SECRET 9e305a4702fdc2a1c0d994c78ecf9f960f68f684d75416c6fa12b7340e72e4c4 00a070726b1be92e2a41bad4d5cd659327f4a0f217a6d1a7cbc57e7989df7330
SERVER_TRAFFIC_SECRET_0 9e305a4702fdc2a1c0d994c78ecf9f960f68f684d75416c6fa12b7340e72e4c4 55ee92589655b90b514e33a838f08d54085ad92da89bf7251d890b8a83941740
SERVER_HANDSHAKE_TRAFFIC_SECRET 4ce390addfcf46bbbb44eae729cfe4e4c6fdce283ea68e2da58f73aa62e4fbcb 21ff19d0dec61ac1b93b2d3d237309168995380d32a01c80a5bef5f2f25f52ee
CLIENT_HANDSHAKE_TRAFFIC_SECRET 4ce390addfcf46bbbb44eae729cfe4e4c6fdce283ea68e2da58f73aa62e4fbcb 81239c6442a5636853c41d3db92f8a478a1ab9a020c67638ff405fb666b55631
SERVER_TRAFFIC_SECRET_0 4ce390addfcf46bbbb44eae729cfe4e4c6fdce283ea68e2da58f73aa62e4fbcb 44403782cc781d55f01d6cde8f7ee504d77ab66f8bbcf57b91737a899c6d5471
SERVER_HANDSHAKE_TRAFFIC_SECRET e4c19e2e0ea75fe3d67a9eb41233fe2316f6f2b33ab424777b0cb23fa3a3838e d9cf7c17b3462dfc4c874a0f256fa5721b655f1d53923645d6fbfde5ca843dfc
CLIENT_HANDSHAKE_TRAFFIC_SECRET e4c19e2e0ea75fe3d67a9eb41233fe2316f6f2b33ab424777b0cb23fa3a3838e dff257b2ffb219c4cb952e5f2925075245f730ba33044abc4350911f36feddf7
SERVER_TRAFFIC_SECRET_0 e4c19e2e0ea75fe3d67a9eb41233fe2316f6f2b33ab424777b0cb23fa3a3838e 543e9ecfd9b17e800c78752fc90c8cdceb6573ee4c6a6dd1af55a624a505778c
SERVER_HANDSHAKE_TRAFFIC_SECRET 7d872bad491f8b48f35b02ff391dfa906695e75e1792304553e5ca637749499e 9b85e3c6d49464d927020e9f5ba051e202cd14a9b182ebd6e893f504423c2aea
CLIENT_HANDSHAKE_TRAFFIC_SECRET 7d872bad491f8b48f35b02ff391dfa906695e75e1792304553e5ca637749499e 49e8029c7d95726ab66f6583f84f069d1d01284d4248ccfd3e14a7a79616e32a
SERVER_TRAFFIC_SECRET_0 7d872bad491f8b48f35b02ff391dfa906695e75e1792304553e5ca637749499e 4314cb58271a1528629a2750167124287fa8549e82796f9ab2bee7aee5d56ee0
SERVER_HANDSHAKE_TRAFFIC_SECRET 4749236cc36891cb92c89ecc7776508616b850a5227cfc0d13d95e70ebb25a77 494581380d7f01f9822d7786ecd59f2aae4a0d695febbdf40fb70d4f2567539f
CLIENT_HANDSHAKE_TRAFFIC_SECRET 4749236cc36891cb92c89ecc7776508616b850a5227cfc0d13d95e70ebb25a77 916d2d7a188fe32fdebf9d1065db3ab284e514e10765cf4b6d706af1b8b93ad8
SERVER_TRAFFIC_SECRET_0 4749236cc36891cb92c89ecc7776508616b850a5227cfc0d13d95e70ebb25a77 66752ee43d6f11cae66bf4fcf0a4c205fd948652756d73663b501e75db9ac2db
SERVER_HANDSHAKE_TRAFFIC_SECRET 755e82d3885e7a9b100838fa985496280d034ca8f2ae964f8e465036588ba37e 313f257da6a1d9a2dd392650f7fa3892d40bcd842f905f9e24046855f78a981d
CLIENT_HANDSHAKE_TRAFFIC_SECRET 755e82d3885e7a9b100838fa985496280d034ca8f2ae964f8e465036588ba37e 75624069199078b3debef41d49a0bc2fd86b1dd90dd36223408d9c70272fb6de
SERVER_TRAFFIC_SECRET_0 755e82d3885e7a9b100838fa985496280d034ca8f2ae964f8e465036588ba37e 0c44063d06db2d0bf3b65c40285515c57481359df3e051f2f183ee6170108b00
SERVER_HANDSHAKE_TRAFFIC_SECRET 5af284c8db12c95b39e41989a0fa5154b0da4b216daaf97b1a3f8b19f11f8fe0 50a658cfc70137e5956438ed591b60a206d28133a1b1231a95e67f91bec674fc
CLIENT_HANDSHAKE_TRAFFIC_SECRET 5af284c8db12c95b39e41989a0fa5154b0da4b216daaf97b1a3f8b19f11f8fe0 2d2d483ac8f2223704d33d4b312f2061c1724a89c72cb85ff9f1dee93cdb166f
SERVER_TRAFFIC_SECRET_0 5af284c8db12c95b39e41989a0fa5154b0da4b216daaf97b1a3f8b19f11f8fe0 d560b7e5669b4b137566ac247ef5b08f010780d8c5878f6d9bfc296a46d7167a
SERVER_HANDSHAKE_TRAFFIC_SECRET 1fb530d477287fd55ae438dc466599335d0a264fd308a79250a9ef7429d4714c 69b183756278f71c23528a7095046c6a903781251aae42b5e08aa81807364f6c
CLIENT_HANDSHAKE_TRAFFIC_SECRET 1fb530d477287fd55ae438dc466599335d0a264fd308a79250a9ef7429d4714c 683d3d2b10a1cdc7efe636bb462775066bd47cfbcd62ba55038e4e91eed41df9
SERVER_TRAFFIC_SECRET_0 1fb530d477287fd55ae438dc466599335d0a264fd308a79250a9ef7429d4714c 884008b902488fd0125811cd5ffbca16d9c7ed60e34c6d1a6b83a51207b2bcaf
SERVER_HANDSHAKE_TRAFFIC_SECRET 69edbb997a1cf6a2931df6c79c56cda7b544efd2fb0647bbc3959ce5ddb707b8 c9d3f7798b75ff1c756abe178fcf665806e27e476105197f44e2ab948ddacc2b
CLIENT_HANDSHAKE_TRAFFIC_SECRET 69edbb997a1cf6a2931df6c79c56cda7b544efd2fb0647bbc3959ce5ddb707b8 645296fdecca1ec9609c7d6df13e5a713e74c6a1fe484a111792b9a32b827108
SERVER_TRAFFIC_SECRET_0 69edbb997a1cf6a2931df6c79c56cda7b544efd2fb0647bbc3959ce5ddb707b8 396c7a03193843269004974bbfde5ac918b55fb7c56617388a442460d97fd5c1
SERVER_HANDSHAKE_TRAFFIC_SECRET 438e9f9b011298db545a4aa2d7987b7c2c2152cec09a22f7129eb9526a550396 acb54d37495ba4edaa7b6823486d19812fea4b728dff58515fd32c81366bbdd1
CLIENT_HANDSHAKE_TRAFFIC_SECRET 438e9f9b011298db545a4aa2d7987b7c2c2152cec09a22f7129eb9526a550396 ca95054a1dd04f925ce3ee014d7716f2b8e74f132b34591a90725b5eeb11393e
SERVER_TRAFFIC_SECRET_0 438e9f9b011298db545a4aa2d7987b7c2c2152cec09a22f7129eb9526a550396 70bceb14fa1288c9b9bcdc542eaa8ca7983f878dbf5ac6d70dfaeb0d59436358
SERVER_HANDSHAKE_TRAFFIC_SECRET 79f56c2bb0fd315571b717c81e7d55309ee98910582872755c3b30019137536c 759a0e8b1f35286062131bf67e12f2473571f5771bb75f4ed706e8f490b40b13
CLIENT_HANDSHAKE_TRAFFIC_SECRET 79f56c2bb0fd315571b717c81e7d55309ee98910582872755c3b30019137536c 75082d2d48e48bfe6facabf33d90709be52b4bac37d4fa5b3893371bd8672941
SERVER_TRAFFIC_SECRET_0 79f56c2bb0fd315571b717c81e7d55309ee98910582872755c3b30019137536c 69d7cf4e1551bdae01a448a1337d6ecc46ede856e95fb4e731bb8c3a326d6fc5
SERVER_HANDSHAKE_TRAFFIC_SECRET 096f86c3c82cdedc814d508f02b8b3ea5d0af46bc9c57d6272518f912a3039e2 4ff0dc93d2ffec85aef431ddca0312b8457ffc338af0c5aca32028f376d461af
CLIENT_HANDSHAKE_TRAFFIC_SECRET 096f86c3c82cdedc814d508f02b8b3ea5d0af46bc9c57d6272518f912a3039e2 49de47a71999480bb986426b2ec25d3cd85a683a4be567885b047708ba066052
SERVER_TRAFFIC_SECRET_0 096f86c3c82cdedc814d508f02b8b3ea5d0af46bc9c57d6272518f912a3039e2 c40ee3d943d6c517b6582a1179677315e2a62a003ece2665255093c5ff78e626
SERVER_HANDSHAKE_TRAFFIC_SECRET bee7239070ff8824e1115b4f64e88e7cfa3d84e93a03d3c383b0d6429eefbd13 c0e24ba1fbf560768f7ef366d6f4f3cf03b69b3ac06cadae9603ad1105a07f4c
CLIENT_HANDSHAKE_TRAFFIC_SECRET bee7239070ff8824e1115b4f64e88e7cfa3d84e93a03d3c383b0d6429eefbd13 e72fe7dfcb5f1f04b42e865300b19864c34db8d1d848a36f3f6016314d0eb26c
SERVER_TRAFFIC_SECRET_0 bee7239070ff8824e1115b4f64e88e7cfa3d84e93a03d3c383b0d6429eefbd13 56316a2c9a86d3aa0c423761d827a22c0d6dbaa017fd4f86fc908eb10b0897de
SERVER_HANDSHAKE_TRAFFIC_SECRET f24815ee6aa1b0253cb729941d61fa5ee98649f0a1456042b4fdb1a1518f2148 187a8c910b3d4bdb2f0a973768d17d813712ac700b39cdb070f3a39c9b234be3
CLIENT_HANDSHAKE_TRAFFIC_SECRET f24815ee6aa1b0253cb729941d61fa5ee98649f0a1456042b4fdb1a1518f2148 a93c5e3407155cf66d54c3ce62c2eb88882ed23e57d9df64558ca17e4c9ef90f
SERVER_TRAFFIC_SECRET_0 f24815ee6aa1b0253cb729941d61fa5ee98649f0a1456042b4fdb1a1518f2148 7ae33e0d3cc1ceaa8789572a953df99a6f36e2890e37482f731b3e2d28523949
SERVER_HANDSHAKE_TRAFFIC_SECRET c14f889a5fa48682fd710c4f3c31dab9d4e0236b64d6d31741bc6367d9389658 64f670f1333a7278da975e6d9b8ee5027e4f523494072af9e05ea8e8acfd28c1
CLIENT_HANDSHAKE_TRAFFIC_SECRET c14f889a5fa48682fd710c4f3c31dab9d4e0236b64d6d31741bc6367d9389658 8dad6aae9a3fe55594874a29ea092e435c3c5e6c9b69687abf4d4bc7b184fc16
SERVER_TRAFFIC_SECRET_0 c14f889a5fa48682fd710c4f3c31dab9d4e0236b64d6d31741bc6367d9389658 99d409a704c11e0dea9819ae20b072d03eb933de8cb7a51b67f367e1779eeffc
SERVER_HANDSHAKE_TRAFFIC_SECRET b373e01bb965cdd0ad06ad022f3f299425536509474825bf122045935154a465 0502b4b68e7360c4f0045f27a68ad5fae5f692014efb308b93751de12e6977ee
CLIENT_HANDSHAKE_TRAFFIC_SECRET b373e01bb965cdd0ad06ad022f3f299425536509474825bf122045935154a465 b123bc4d923746c74a0423d52c145349d5fdc302c660072263edf3c450e83732
SERVER_TRAFFIC_SECRET_0 b373e01bb965cdd0ad06ad022f3f299425536509474825bf122045935154a465 c932ed9ec88e6a6e31abe6427ea9591e832628d3feb09923823d3ac2f7a2732b
SERVER_HANDSHAKE_TRAFFIC_SECRET 2273bacbc0870b59e660b37c8206801a6ee77884180e3cdb0887b7062d7a1bbc 1d534ae54b6ab4ecaad9f67325cb2abd18c01cf957745d3734a7fdfd36852808
CLIENT_HANDSHAKE_TRAFFIC_SECRET 2273bacbc0870b59e660b37c8206801a6ee77884180e3cdb0887b7062d7a1bbc a8cc14abe9f0d871f4d0e81a1965349755eec9372ce145fdeda965703b8c99d0
SERVER_TRAFFIC_SECRET_0 2273bacbc0870b59e660b37c8206801a6ee77884180e3cdb0887b7062d7a1bbc 0f943a5c2777d6e3abd4e72c405a380a06221cafa6a76aa83ba1300ca3b06658
SERVER_HANDSHAKE_TRAFFIC_SECRET 75c315331805157a9241f0ab57530b1b6dd333d3bf9cdaaa48579b3cf98baf3d e2cb0ba6c629557f7522d70485b86b14a72a0788f6510f69aed541c1b34dbdfd
CLIENT_HANDSHAKE_TRAFFIC_SECRET 75c315331805157a9241f0ab57530b1b6dd333d3bf9cdaaa48579b3cf98baf3d 85b0a9acebb4e07d752ac550800cbfdd6760e49eac53b40b52e417a445d37801
SERVER_TRAFFIC_SECRET_0 75c315331805157a9241f0ab57530b1b6dd333d3bf9cdaaa48579b3cf98baf3d c8f704b4aa25b13b5262c993396d14cf38258c39dbeceb07d3952a5b767008ca
SERVER_HANDSHAKE_TRAFFIC_SECRET b8756a8d458070353296afeedadbceefbee533f1fee549e54f8c9ec39b907bc2 2dd0c29128dfbadb7fcec8d631ccc32a28c19e8eeede83c78891b5a3ad688c17
CLIENT_HANDSHAKE_TRAFFIC_SECRET b8756a8d458070353296afeedadbceefbee533f1fee549e54f8c9ec39b907bc2 330304517c530d62fcef39830289f7c1012be0c5fa81b9a73889a05ba6d6ecb9
SERVER_TRAFFIC_SECRET_0 b8756a8d458070353296afeedadbceefbee533f1fee549e54f8c9ec39b907bc2 95b8a0ec88e22ca3f73f800e8e732db6e9cb57dd2d06220d1ee609daa907b4ef
SERVER_HANDSHAKE_TRAFFIC_SECRET b49fe415a5df2a27efcd434147932a1a90ae265e7f39ce494773a8ba78149a9b c2d38be5b27698a31362dde9d4c97e8e901bb335e3bb301fd8b1c9945e133181
CLIENT_HANDSHAKE_TRAFFIC_SECRET b49fe415a5df2a27efcd434147932a1a90ae265e7f39ce494773a8ba78149a9b 48b83a669b01328ab7fd7e25ba3457d77012e01548039fd949b788756c175861
SERVER_TRAFFIC_SECRET_0 b49fe415a5df2a27efcd434147932a1a90ae265e7f39ce494773a8ba78149a9b dda81570135cccb3a4570ac7178dd64734de3a4a97b65b2dad733ab992c80ab9
SERVER_HANDSHAKE_TRAFFIC_SECRET 6966df09d18ed5f7cc5e231243cc68be9292d7f22862d119ff2d754030d77783 b75f4508d4b45fca99054f5eb5d32bd045d25479b3b9a43aa90f6f7f43986dee
CLIENT_HANDSHAKE_TRAFFIC_SECRET 6966df09d18ed5f7cc5e231243cc68be9292d7f22862d119ff2d754030d77783 eb040b7bfab6a2304bec4273c006bafb419b2991ecfeac934633dac477827a22
SERVER_TRAFFIC_SECRET_0 6966df09d18ed5f7cc5e231243cc68be9292d7f22862d119ff2d754030d77783 028b32a3a1f2407ba378763bc53048117bf0f7bb2abcbac03bb673a120dbe231
SERVER_HANDSHAKE_TRAFFIC_SECRET 772cf4de8b7a80f1a7e2200edea6c32f80e1fbcee0d71150f7c5ef8f0e5bb1e3 4b58598c53891ab9a87f21b9e8c145a9342678c5b3bfa539da1ef92c5637d477
CLIENT_HANDSHAKE_TRAFFIC_SECRET 772cf4de8b7a80f1a7e2200edea6c32f80e1fbcee0d71150f7c5ef8f0e5bb1e3 2b764f8ed5bcaf0dcf3a7cf284e24fdfcf8365f98bebf759ee250e4b9b490436
SERVER_TRAFFIC_SECRET_0 772cf4de8b7a80f1a7e2200edea6c32f80e1fbcee0d71150f7c5ef8f0e5bb1e3 db4b6d1874317c671515b2309711f426f801d50a43075c386bea384f31ce8af1
SERVER_HANDSHAKE_TRAFFIC_SECRET 0f0976dc5dbed1df1b7c1697e240f663f0c0e5cc59c2b9c5625b32d405e863de 88a13fece19208c103e5c8434b6ae321fed190d405d263c9b1a55b4fc4b54caa
CLIENT_HANDSHAKE_TRAFFIC_SECRET 0f0976dc5dbed1df1b7c1697e240f663f0c0e5cc59c2b9c5625b32d405e863de 6be461a50ecd2640d0d3a679324832c85537cb3c4a0a06e0f7cb3618434e14eb
SERVER_TRAFFIC_SECRET_0 0f0976dc5dbed1df1b7c1697e240f663f0c0e5cc59c2b9c5625b32d405e863de 8fd25a0e7d875b5d7a1e80d35298e9ee59ba1fdf77e729f9eb3a655a0eaf7e92
SERVER_HANDSHAKE_TRAFFIC_SECRET d7f0308bf2e8f3b83c431924fc8dc86248b42df33f1d696b88c5eacb27af6c73 146936f5524aefe23180faa5771c29cf338c56a493396ec60e4a906c08c51157
CLIENT_HANDSHAKE_TRAFFIC_SECRET d7f0308bf2e8f3b83c431924fc8dc86248b42df33f1d696b88c5eacb27af6c73 2ee9b8515a63b500999a9b34b6d06d191904cc97baf3f24fd77b87a4f1bbb2d9
SERVER_TRAFFIC_SECRET_0 d7f0308bf2e8f3b83c431924fc8dc86248b42df33f1d696b88c5eacb27af6c73 15189bbd9a0671e3d84c1478a6835cdd95a28c1238a00f5dde46908d8b3a9698
SERVER_HANDSHAKE_TRAFFIC_SECRET 2f238e123e32107243296fd4495853e90c066f922268dc43d124bf438d774044 87a5b0651ac2077fe1a0bce8edbb58026ceac4e8955fed55117f8f58ef10c518
CLIENT_HANDSHAKE_TRAFFIC_SECRET 2f238e123e32107243296fd4495853e90c066f922268dc43d124bf438d774044 f34e4792f3081c15a932ac1db785239664d54caefabe33e895baeb4b0fd808c4
SERVER_TRAFFIC_SECRET_0 2f238e123e32107243296fd4495853e90c066f922268dc43d124bf438d774044 62e99e2dc8940a397032ad43c3d82216c449f6233f85fe7d588faa810e70101c
SERVER_HANDSHAKE_TRAFFIC_SECRET d596cbaea458c28c068dec5483b643f4ee30aa8a775b76321b628c1108659b7c 74edcb338d8ac1f99405eba49dae3f061acaa0d8f80c764415aac126bd57ce7d
CLIENT_HANDSHAKE_TRAFFIC_SECRET d596cbaea458c28c068dec5483b643f4ee30aa8a775b76321b628c1108659b7c fca51f2d218fbe5b644843728330545b2e1ce8e00556530b23d1a835ad032b30
SERVER_TRAFFIC_SECRET_0 d596cbaea458c28c068dec5483b643f4ee30aa8a775b76321b628c1108659b7c 0516ce27226d9148615c37b99d5999b85742e646bdf22ee37ed760d4917a33e3
SERVER_HANDSHAKE_TRAFFIC_SECRET f7f6a440f104bbccd1dc1647f83b6a10ebcd2f45f4e32cf4f8a6ae02ce0cdc4e b1a06b7efa04300542ca45823147cf6e2a2f3ec90b50375fb858eed95c533d63
CLIENT_HANDSHAKE_TRAFFIC_SECRET f7f6a440f104bbccd1dc1647f83b6a10ebcd2f45f4e32cf4f8a6ae02ce0cdc4e d89785cb3d03af8517234351dd889f85301bcaf1f609773bc8159e855c129852
SERVER_TRAFFIC_SECRET_0 f7f6a440f104bbccd1dc1647f83b6a10ebcd2f45f4e32cf4f8a6ae02ce0cdc4e 72ebca4330306e9d66e1dd57439c8925193ba51510f75643162779f7507d09d4
SERVER_HANDSHAKE_TRAFFIC_SECRET 689782d989ac7bbc9407773182ebd3489317516af268b396f0ca58bbae7b45bf 81aa7882290b0ff3bd8fd978ce1c3ea86795a5c91ca343e0f37f7bc00c1ecdf1
CLIENT_HANDSHAKE_TRAFFIC_SECRET 689782d989ac7bbc9407773182ebd3489317516af268b396f0ca58bbae7b45bf b5a319d5d13c31a7f88fe807d32da74537189866ffed2d9e57497f352884de65
SERVER_TRAFFIC_SECRET_0 689782d989ac7bbc9407773182ebd3489317516af268b396f0ca58bbae7b45bf 72e600a5c85ad23b4e645dad86171ae8ff859d412461bd1ff3cb498a77d8033d
SERVER_HANDSHAKE_TRAFFIC_SECRET 46402208f055b4a65359b942335ef35475b4a03ac07d2eab877c756b02731837 b2e0ad499e8f01596fc0b9283c44477d809af84938c53e02057377ad6acdfa8a
CLIENT_HANDSHAKE_TRAFFIC_SECRET 46402208f055b4a65359b942335ef35475b4a03ac07d2eab877c756b02731837 8c7546b76727906cbcd4d5f699ec07b2fa38366ca1c570104064358a4d82b43f
SERVER_TRAFFIC_SECRET_0 46402208f055b4a65359b942335ef35475b4a03ac07d2eab877c756b02731837 d16ed13bc2e28bad2cee86a03e94dfd84dea069b8380228ad39b5e0d3baf3320
SERVER_HANDSHAKE_TRAFFIC_SECRET 290beb7adb5bd8fe101606af864a668377ce4809b921a7b8cbfbb9ce03d927e9 e1d0c6f85109fc2023bf8ef50905cd1cc51917a180590c3deed8fd037fe8e619
CLIENT_HANDSHAKE_TRAFFIC_SECRET 290beb7adb5bd8fe101606af864a668377ce4809b921a7b8cbfbb9ce03d927e9 53f7e19705d838781d3461f136d08f808d85a0dc4e28781468a96b1edaee7010
SERVER_TRAFFIC_SECRET_0 290beb7adb5bd8fe101606af864a668377ce4809b921a7b8cbfbb9ce03d927e9 dc220174c136290467ed09e1601afc73451235cf305f9e8294d3e5cf5c8cbc01
SERVER_HANDSHAKE_TRAFFIC_SECRET 7c676a7a3e7a1af5bcfd172c582c4f9c8912faf05dd0909a0cd3e487f57f4c05 4e3135a728de84226985d08ce28536e327fa99329d5721a8f6811b30c2499b85
CLIENT_HANDSHAKE_TRAFFIC_SECRET 7c676a7a3e7a1af5bcfd172c582c4f9c8912faf05dd0909a0cd3e487f57f4c05 95d5c180cc02a61733e9209d669dc5b047003e63844555b691e2b05cd635ab2d
SERVER_TRAFFIC_SECRET_0 7c676a7a3e7a1af5bcfd172c582c4f9c8912faf05dd0909a0cd3e487f57f4c05 66a73475d0e59448a60d6ef1ab9c2f9fc5b01b49582b54debcb459e1c2607518
SERVER_HANDSHAKE_TRAFFIC_SECRET 5cc7a0d1680472ab964428602dfe242cdaf581d0cf72477377c7ecfaaccbfbe6 6dda4c82e9a01e894c5ffca9c9d531e6e808816f6a00b26370d6198319e44dff
CLIENT_HANDSHAKE_TRAFFIC_SECRET 5cc7a0d1680472ab964428602dfe242cdaf581d0cf72477377c7ecfaaccbfbe6 7f101cfa5f75a70e5ba84124b8a6f57c0996f7c63db93f809c10fdb9dce505af
SERVER_TRAFFIC_SECRET_0 5cc7a0d1680472ab964428602dfe242cdaf581d0cf72477377c7ecfaaccbfbe6 c47c3605ade79b11b4b72c5164b44a903b3dbaccb4faeddf86e4fd88c8beb094
SERVER_HANDSHAKE_TRAFFIC_SECRET 26c5d297a63aa60a762a98140e59a8cbb4a3dfa168f84a097c4a8dc6393678e2 d8d7083711c80fa67015220070896cb6d79258b71208ba9a2618919b41276ab0
CLIENT_HANDSHAKE_TRAFFIC_SECRET 26c5d297a63aa60a762a98140e59a8cbb4a3dfa168f84a097c4a8dc6393678e2 da3e4f93e45e3e8f93f7e0ba1630b81321b0e3490f2ce5fb72e33f05b448158a
SERVER_TRAFFIC_SECRET_0 26c5d297a63aa60a762a98140e59a8cbb4a3dfa168f84a097c4a8dc6393678e2 24ab57e31abc42286eb254a1b13a1b3da5f90059124a305002553671f19be762
SERVER_HANDSHAKE_TRAFFIC_SECRET 7531a651b2bc79b5c647a01eb8ff85073ac29390b3e4a99e8172f85f448d4697 d19c6cd37f5218809b8fa81c7f22bae6c3ebcb5ef0ec25ae04089b1335c5c025
CLIENT_HANDSHAKE_TRAFFIC_SECRET 7531a651b2bc79b5c647a01eb8ff85073ac29390b3e4a99e8172f85f448d4697 0c2728056b0eb3ca6b31fa6ec81ff81bcc6cc3369e5122241397065c52e05df4
SERVER_TRAFFIC_SECRET_0 7531a651b2bc79b5c647a01eb8ff85073ac29390b3e4a99e8172f85f448d4697 7263593fc4699deba4e870b186fb620ed394a93e9e94987d783257a30eda0540
SERVER_HANDSHAKE_TRAFFIC_SECRET 53c9ecf180a36b2e6c44dff6640f96c6db7fbd6014cc53a8df5e18d6167d7a7a 988976026a788ebd25f7bae0c56b80290d423c473ed6bf61136064ddc00ce5c9
CLIENT_HANDSHAKE_TRAFFIC_SECRET 53c9ecf180a36b2e6c44dff6640f96c6db7fbd6014cc53a8df5e18d6167d7a7a 0a35132aa8dd13bbdb9b16c12e13cff258ef25c5a2da7b1aef5355c08c3c0d94
SERVER_TRAFFIC_SECRET_0 53c9ecf180a36b2e6c44dff6640f96c6db7fbd6014cc53a8df5e18d6167d7a7a 7b07a5af81b6e1cbc901b8b2bcab42c9fc29e9be97b19570e11d633f1fc9735e
SERVER_HANDSHAKE_TRAFFIC_SECRET 82a301b6718bb0423a58c304ff64762aa3500d98850aaca4308b2fd50c75ccaf 82478dc310f274133065b10a27aeb979a522265e82c8c60c231ae88b0d6ec40a
CLIENT_HANDSHAKE_TRAFFIC_SECRET 82a301b6718bb0423a58c304ff64762aa3500d98850aaca4308b2fd50c75ccaf ccb744670c78ba146437a20fa26bfdaa8c53e31cf8b82758fd46687bbaded5da
SERVER_TRAFFIC_SECRET_0 82a301b6718bb0423a58c304ff64762aa3500d98850aaca4308b2fd50c75ccaf b9a7c586a2b69216c5e6e46a2c294d90c7e3b1a06bedfdde9e9e94f5a4bfd36a
SERVER_HANDSHAKE_TRAFFIC_SECRET ce5643658955d7536abb9a51b5f3e56aff12f4b5ccc15374dc0fddabee082c07 e83e3b1183e9552bbcad6a0b54cf901d202c8ac518e7003aa4741f188e2b7672
CLIENT_HANDSHAKE_TRAFFIC_SECRET ce5643658955d7536abb9a51b5f3e56aff12f4b5ccc15374dc0fddabee082c07 776396ccb468fc156855bc75f9d3cb7b5d40bc1efda9a5721b1bc8c5bb82de6c
SERVER_TRAFFIC_SECRET_0 ce5643658955d7536abb9a51b5f3e56aff12f4b5ccc15374dc0fddabee082c07 7e665418453a9e3e77a3bed2f7d2477381038e1114c4e3754d82c94f68909692
SERVER_HANDSHAKE_TRAFFIC_SECRET 82120bc4ddc7669212e1560b46e3d3881ca30c5bf6099e5c1a0c3b634171fe1f c581182407638c87d437528d17bc0b622e1fe4cc0cf4823a262bc430d4b16a32
CLIENT_HANDSHAKE_TRAFFIC_SECRET 82120bc4ddc7669212e1560b46e3d3881ca30c5bf6099e5c1a0c3b634171fe1f d0255b59d1cbb1eba804824e89334cb1a8fc523f0a6e824dc7f691eb8f2228c9
SERVER_TRAFFIC_SECRET_0 82120bc4ddc7669212e1560b46e3d3881ca30c5bf6099e5c1a0c3b634171fe1f 1318a0eb07cf37ee1fa9463493bf635dfe62570604d4ed158409eb9c54986c07
SERVER_HANDSHAKE_TRAFFIC_SECRET f5fa6b2771a00e799dd4c22e04b0f25a35cdea852cc0e3760770a6025e0c4853 d5dd479d0b0308894a0d375f53f8d75bd836e054bee7a1a2df18a6aa44e700b2
CLIENT_HANDSHAKE_TRAFFIC_SECRET f5fa6b2771a00e799dd4c22e04b0f25a35cdea852cc0e3760770a6025e0c4853 2c7cf71b742edad08d69c0125ab35e2384d5deb85442966dd756f321438abae7
SERVER_TRAFFIC_SECRET_0 f5fa6b2771a00e799dd4c22e04b0f25a35cdea852cc0e3760770a6025e0c4853 af4706acf03e6ce234c81ad8c862e081190551b93771de9f100f2da309d34b40
SERVER_HANDSHAKE_TRAFFIC_SECRET 036ef3e5087816038b8eb8ba4c73c1f916c13f45a078bcb081b4a0f342a55f86 23eecf5a0c480a1b9646e935a0712f1e3faf77bcc2b275c0c93fc87c1f4909a0
CLIENT_HANDSHAKE_TRAFFIC_SECRET 036ef3e5087816038b8eb8ba4c73c1f916c13f45a078bcb081b4a0f342a55f86 222ea7f20e5f2939616876f9f6ec1b6ec96000923dcc4a8f63dfb7776d611d2c
SERVER_TRAFFIC_SECRET_0 036ef3e5087816038b8eb8ba4c73c1f916c13f45a078bcb081b4a0f342a55f86 fbabce7f7307ffef4a05eca8c27d3b04b1b80dfc32d18f0ace3c505284ecb5fd
SERVER_HANDSHAKE_TRAFFIC_SECRET 240bd99819ea10703f0f72c4e0fec6ca21f40ac4f584d85b4a18821d752bae64 a90f514fe80b9d303b27b280122b238f2123fd06496b8a26e9cfc78d70c96b4f
CLIENT_HANDSHAKE_TRAFFIC_SECRET 240bd99819ea10703f0f72c4e0fec6ca21f40ac4f584d85b4a18821d752bae64 75042ad143e3c08d0f34bc24e6b8737d3992ff08389bea3f8b7f02e6f05dd84b
SERVER_TRAFFIC_SECRET_0 240bd99819ea10703f0f72c4e0fec6ca21f40ac4f584d85b4a18821d752bae64 bc0817ab03928403c0a72ea7812d4f398f5c1f068bccbdc859a56b0a7c8a94de
SERVER_HANDSHAKE_TRAFFIC_SECRET 98b96b413c106f5bcfcbf6aa11f1e4d5ed0811efcdb7d58ad4dcd6a1a04f40ed a8414c9cbf63b5d41a9dd5edf09fe822d82530f55f1d2f10258839fac8633731
CLIENT_HANDSHAKE_TRAFFIC_SECRET 98b96b413c106f5bcfcbf6aa11f1e4d5ed0811efcdb7d58ad4dcd6a1a04f40ed f110d4e6a76adad9ac0e1ff289286db3762cb3caa7aae75a48a41d1ab3506509
SERVER_TRAFFIC_SECRET_0 98b96b413c106f5bcfcbf6aa11f1e4d5ed0811efcdb7d58ad4dcd6a1a04f40ed 0e7f7595e41cdbb4b7355d494fc0eb678394275cdc2353d358d3c7e757f14abb
SERVER_HANDSHAKE_TRAFFIC_SECRET 70cce386d66cd108d39cc539d59b08c57563ee365f575662fead1c84c9c7c570 ea38bd729676fca8486af6b4fdabb06ae813cfe91c7e65cd76047d9fb4e42f81
CLIENT_HANDSHAKE_TRAFFIC_SECRET 70cce386d66cd108d39cc539d59b08c57563ee365f575662fead1c84c9c7c570 982ceb9d247255e1d9494d2a8979e67c1b4b22930dce74b5ed387dc2826b5d63
SERVER_TRAFFIC_SECRET_0 70cce386d66cd108d39cc539d59b08c57563ee365f575662fead1c84c9c7c570 a0ff6e1afb42d260b10fddc2b816da0c4034468025c3c443ed600e7330a71bfd
SERVER_HANDSHAKE_TRAFFIC_SECRET 465f7b469ff330692ff3a7dc8faed60a5311c19ea8d7856460c785bc067f60f9 3ba1ea0d00f0e32a87a3a2cf89fdcd9552bb1640edd56a8ede392b0ed3a5373c
CLIENT_HANDSHAKE_TRAFFIC_SECRET 465f7b469ff330692ff3a7dc8faed60a5311c19ea8d7856460c785bc067f60f9 52e7ee93becca844ab6b2268ce48090447889506eceea414f075b338690f4c13
SERVER_TRAFFIC_SECRET_0 465f7b469ff330692ff3a7dc8faed60a5311c19ea8d7856460c785bc067f60f9 75e65cdd1d3ea3e6e3ba507e6473c738f4960685b9acb1462e031f0a9f343083
SERVER_HANDSHAKE_TRAFFIC_SECRET 0481b4706939dc30ef8ab2ccb2e5ff48dd16d8104141578dbeafdfb3d18bcad8 0de7c2dff3cf50208e227de0f21e436500ffd583d67a04ca72cf701f5ebdea60
CLIENT_HANDSHAKE_TRAFFIC_SECRET 0481b4706939dc30ef8ab2ccb2e5ff48dd16d8104141578dbeafdfb3d18bcad8 123e985c86e8345da75a06ec4ab1b16664c057933dcf840c1734fe1b8f6f62eb
SERVER_TRAFFIC_SECRET_0 0481b4706939dc30ef8ab2ccb2e5ff48dd16d8104141578dbeafdfb3d18bcad8 c13c3ec8b9c43cfad47f7938eb6f831f0bafd4760575997a95b2c4e80bc53e91
SERVER_HANDSHAKE_TRAFFIC_SECRET 3a712a469b32820083a3cb24f267db4a89d9c571c6603830e82fcb77bdaa207b ae23535979792cbf837fb037d1d40c32f0af8b3059cb457b2692189158edd16a
CLIENT_HANDSHAKE_TRAFFIC_SECRET 3a712a469b32820083a3cb24f267db4a89d9c571c6603830e82fcb77bdaa207b 6dc353ceac9e9468dde19e40d7a098e79aeb559a0e02e17653ff08b3b8b978aa
SERVER_TRAFFIC_SECRET_0 3a712a469b32820083a3cb24f267db4a89d9c571c6603830e82fcb77bdaa207b 87a22b14feba4584603c18ddf75bf6375aff256701cdc866aa28128b8d569f5d
SERVER_HANDSHAKE_TRAFFIC_SECRET ba89ab8593ed49a760685317ee42ee39dc581d09d3652f9fdde5b4856cac2dce 5a05b8fc2ef194f81f7be034937304238150cb788e85b148d6c2819ccfc6504f
CLIENT_HANDSHAKE_TRAFFIC_SECRET ba89ab8593ed49a760685317ee42ee39dc581d09d3652f9fdde5b4856cac2dce 1d27ee32318b80110bf53cd67f36f973424ddfc21a00bf38d9371d53237df206
SERVER_TRAFFIC_SECRET_0 ba89ab8593ed49a760685317ee42ee39dc581d09d3652f9fdde5b4856cac2dce c64272b8969735d197861649bec7fe15d2c64d9ed204f72b117d338fd90158a6
SERVER_HANDSHAKE_TRAFFIC_SECRET 716c1c94af0d9cc56bdffbfdff9113b7b8fb62e43c863e2fee7fff27c84feb29 619079e7dc8603e9fd94ab1b70591d80dde0d30eedaf1f1ca3a6f98816d6478f
CLIENT_HANDSHAKE_TRAFFIC_SECRET 716c1c94af0d9cc56bdffbfdff9113b7b8fb62e43c863e2fee7fff27c84feb29 b708601ba5d4c1f3940aae8738fae23d819ab5952369b44608a029c11b5a7f00
SERVER_TRAFFIC_SECRET_0 716c1c94af0d9cc56bdffbfdff9113b7b8fb62e43c863e2fee7fff27c84feb29 0c94ada4f91961035eb696ee932e8dbde1e192017f30e853a7a69e1948ae85c4
SERVER_HANDSHAKE_TRAFFIC_SECRET 8684b3c0c555a91b7a06b4fb60940d9795b18022abd5b94a9def007b508b8fad 75de1249d1d72a05b84d41a1ba51dee27963c63aa6cfd5c4929bf95d767cc94f
CLIENT_HANDSHAKE_TRAFFIC_SECRET 8684b3c0c555a91b7a06b4fb60940d9795b18022abd5b94a9def007b508b8fad 8425700425595d33aa1b51242f9ef1b3c4c3edbad040e666f7db915faa305619
SERVER_TRAFFIC_SECRET_0 8684b3c0c555a91b7a06b4fb60940d9795b18022abd5b94a9def007b508b8fad 1cf905c544236ca5c4e123285155f5e430a91a31f9539c2853e323e585facf8e
SERVER_HANDSHAKE_TRAFFIC_SECRET 3ac5a6b1e867a7be8efa043b9b93d7c8594d7e9c6d4f68893badc3b6cb571196 33ef2c339a7c04a59bc363abf33d6dad43029cc431aef93e99360d1b960e2b9d
CLIENT_HANDSHAKE_TRAFFIC_SECRET 3ac5a6b1e867a7be8efa043b9b93d7c8594d7e9c6d4f68893badc3b6cb571196 c8f693f365be4c37efeee4d4d11b101a36ce38fc6671539ef765226fb150dde6
SERVER_TRAFFIC_SECRET_0 3ac5a6b1e867a7be8efa043b9b93d7c8594d7e9c6d4f68893badc3b6cb571196 c0531a6879894ade4f1f069ae3f243dd9149d746beb41f6f131bc23361dc2c9a
SERVER_HANDSHAKE_TRAFFIC_SECRET 5631650024fcc9efc8bcb953cba6ecd2567c2c288a40d70eae33b78650892e40 10c61f72c0f93d7516d2bae4fd2398359b20bec4c22e0062c2349522fe6a221c
CLIENT_HANDSHAKE_TRAFFIC_SECRET 5631650024fcc9efc8bcb953cba6ecd2567c2c288a40d70eae33b78650892e40 842848c963230369948b370146ce260d717d75df376f62856075f4a5150f1b19
SERVER_TRAFFIC_SECRET_0 5631650024fcc9efc8bcb953cba6ecd2567c2c288a40d70eae33b78650892e40 8351de36936d0d1f998e744cafcfbdd1af1a3407d1bb2f2786fc73a3c39d0c46
SERVER_HANDSHAKE_TRAFFIC_SECRET 2eec0575e0c9ca6757069af33af68b4e6c36301f448a61d1854a7ddc016a523e 30d7b883aee8ca1ffed1267e859b5a9b4f488b01e095cc64c31143bb3e197242
CLIENT_HANDSHAKE_TRAFFIC_SECRET 2eec0575e0c9ca6757069af33af68b4e6c36301f448a61d1854a7ddc016a523e d13a70a5ca0164fa40689f56f74acbd24ff818ff877e2d0650fb35b293d14245
SERVER_TRAFFIC_SECRET_0 2eec0575e0c9ca6757069af33af68b4e6c36301f448a61d1854a7ddc016a523e ecb9a220effc29079869d7ea4621ba5b8166de9f1e4113638c2d8be430d314f0
SERVER_HANDSHAKE_TRAFFIC_SECRET 31d8c3414cbbda340ec99486428841cf9172f209f2e895c658a8191ad741ad4d 79f8bd7aa3f26db5206655360568e9f8bb618357119b3926df954235bafa480d
CLIENT_HANDSHAKE_TRAFFIC_SECRET 31d8c3414cbbda340ec99486428841cf9172f209f2e895c658a8191ad741ad4d 221d9c4fca659a169ac33626dba43dac41ca0d399ee824b884cd2f06556a227f
SERVER_TRAFFIC_SECRET_0 31d8c3414cbbda340ec99486428841cf9172f209f2e895c658a8191ad741ad4d 3eef0688c5bb92845660a547c74536e5828e41c1b9fc7aec2e41ceac75cd736d
SERVER_HANDSHAKE_TRAFFIC_SECRET fb765605b6c1eb16b67c8575d7536de2c1ed3541adeee7f692853f743846b13b 5dcfbdcfc648a66e4494e03c324c9e061329dcc02bac67107d09671311fe848e
CLIENT_HANDSHAKE_TRAFFIC_SECRET fb765605b6c1eb16b67c8575d7536de2c1ed3541adeee7f692853f743846b13b 53591ee363b9a9e90917bc92d02a46d2d123b51f08508583f18dc96c95deda84
SERVER_TRAFFIC_SECRET_0 fb765605b6c1eb16b67c8575d7536de2c1ed3541adeee7f692853f743846b13b bd48442bd48f41d14100887ad87ace96fedb68b01e23b891d009b2c3b9dcd3b8
SERVER_HANDSHAKE_TRAFFIC_SECRET 13f8338afd4a056ff922f3b20ab1b94d32f6c4b31d732ec7acc7ff5fa2f23c60 03cbff13c7fe717ace86b7e71af4bc8ab4765eb4f44968dcf272c4b24a3420c6
CLIENT_HANDSHAKE_TRAFFIC_SECRET 13f8338afd4a056ff922f3b20ab1b94d32f6c4b31d732ec7acc7ff5fa2f23c60 75ac78d1e30a73c55ee18182f79709aa167cf89ab6117546cd1bc5e1d500fe80
SERVER_TRAFFIC_SECRET_0 13f8338afd4a056ff922f3b20ab1b94d32f6c4b31d732ec7acc7ff5fa2f23c60 f12051207167becd1de284f47d2bc112cb226d35a357d0f9a600bd7450724191
SERVER_HANDSHAKE_TRAFFIC_SECRET 7857298f97e1c44891c61fc5ed1973b2e074e265470fa87f570a36d8af58fde8 8404f003db46346b131adce6f2df53a1caf0b598145d7b5be98a974afdc91576
CLIENT_HANDSHAKE_TRAFFIC_SECRET 7857298f97e1c44891c61fc5ed1973b2e074e265470fa87f570a36d8af58fde8 3302959fd3d6364cd5072baef31a60f07db52116da35e442a7eb5555c2092a3c
SERVER_TRAFFIC_SECRET_0 7857298f97e1c44891c61fc5ed1973b2e074e265470fa87f570a36d8af58fde8 8448fee2b34b23c0e3264b21b9ab62152403c2161eb539081d438d5dbdaaf971
SERVER_HANDSHAKE_TRAFFIC_SECRET 9570ddbf6874351b7b9e223f09f17d7edf5317c0c11cad2f124b6438c2984a91 5078f55182d105bf62b31cdb9505b3f23a5a8f1af46fecdce4afe9f6e48e8dfc
CLIENT_HANDSHAKE_TRAFFIC_SECRET 9570ddbf6874351b7b9e223f09f17d7edf5317c0c11cad2f124b6438c2984a91 c924688929d0ba1aa1aea671c69ec5c402c53d835763ce6b97fb52d96e24b44d
SERVER_TRAFFIC_SECRET_0 9570ddbf6874351b7b9e223f09f17d7edf5317c0c11cad2f124b6438c2984a91 6a501e6678be257a70a47402f92a15906a40a98e4db82fe2913568beb0e77bf3
SERVER_HANDSHAKE_TRAFFIC_SECRET cc32d5708d442a61dedbd1050bb587140f7b292cc95f7bfea7172baedc13979b 969491cbf11e3f8d7cafd22743cebb2f3c2b46b1338555ab6be33dcad0532a67
CLIENT_HANDSHAKE_TRAFFIC_SECRET cc32d5708d442a61dedbd1050bb587140f7b292cc95f7bfea7172baedc13979b f6e51e17752226c646e8b50333f8e757e9daea52f95664781aeb4b10c37ebace
SERVER_TRAFFIC_SECRET_0 cc32d5708d442a61dedbd1050bb587140f7b292cc95f7bfea7172baedc13979b 965f64c6d1ea3158b7574d70ec68527870882739ea53e5b82aa33b5626f264a8
SERVER_HANDSHAKE_TRAFFIC_SECRET 4ac519d37e36e514e692a569a452ef90087d070184b074d642b9cdd78f8f4b3e c9e352e623b9abc92c6ed087079217f83bd690cc8dbcab3b4e8a67deab85cce5
CLIENT_HANDSHAKE_TRAFFIC_SECRET 4ac519d37e36e514e692a569a452ef90087d070184b074d642b9cdd78f8f4b3e 9eec399bb97fe4eab058412348875279402a9259e026ef23a0fce6c70818bf05
SERVER_TRAFFIC_SECRET_0 4ac519d37e36e514e692a569a452ef90087d070184b074d642b9cdd78f8f4b3e d541343ae540afb8b6dee9b4d7bdf738f9ec1a515e7861bf552a28f3115a359d
SERVER_HANDSHAKE_TRAFFIC_SECRET 6a4cce69a5ada95f32302788815c8716bcf8790d197d7b7d164eb3ab5d355b82 ab5976f1fdf389c66805a2598cab5cee40fd717dc3e65161b5c3efe5db4adb94
CLIENT_HANDSHAKE_TRAFFIC_SECRET 6a4cce69a5ada95f32302788815c8716bcf8790d197d7b7d164eb3ab5d355b82 e5d157641728e21252b014055a74d89b3f3ee2b932531cc7f9f067df0394892f
SERVER_TRAFFIC_SECRET_0 6a4cce69a5ada95f32302788815c8716bcf8790d197d7b7d164eb3ab5d355b82 aa59f5c3e6f32b11dfff9a47ebfe7ef14831591d54d5efb62b6876a3db020dfc
SERVER_HANDSHAKE_TRAFFIC_SECRET b14177392865c439b9b6fe1422a161f69554e64100aaf7867c84d54d7f6c94bf ab27f0a562e99cc89c7e1cb6bc9e3053640d7d278204e46c79e4ae9a7ec5bc3d
CLIENT_HANDSHAKE_TRAFFIC_SECRET b14177392865c439b9b6fe1422a161f69554e64100aaf7867c84d54d7f6c94bf 53a7b4e42e2b9147543a74dde9c2db2422a3d1e85b2ca48a4e9897cd6f5f16ea
SERVER_TRAFFIC_SECRET_0 b14177392865c439b9b6fe1422a161f69554e64100aaf7867c84d54d7f6c94bf 41333ae918edbece1c61de8cb79fb20ee4d54fb0adaedb037779e167c0b49697
SERVER_HANDSHAKE_TRAFFIC_SECRET fff3eceecf89ca550e64cb1bdac0ce0980b20270435000daec64e5ad5643b6af 58334dce9ebe3ae98e93de5a2f56b2fbbdfc75cb4685b8c941873ad2d1141229
CLIENT_HANDSHAKE_TRAFFIC_SECRET fff3eceecf89ca550e64cb1bdac0ce0980b20270435000daec64e5ad5643b6af 8e890abe0c1c79f553260eae8fd757fc1ac854e23279b98a0f8b5fc7b4b64225
SERVER_TRAFFIC_SECRET_0 fff3eceecf89ca550e64cb1bdac0ce0980b20270435000daec64e5ad5643b6af 321d94b0b2f7018220544427a75687d31602e9030bb57dceebb359e601b2c581
SERVER_HANDSHAKE_TRAFFIC_SECRET ac0d3bd3db4570ce674dff2c2c914646d7be0fd6a57f50a4a593cb1c0d167a9c 6d19d2a4162f928add8bf005b224ef0451c2c9ab91abba37b431c0a4e2618aec
CLIENT_HANDSHAKE_TRAFFIC_SECRET ac0d3bd3db4570ce674dff2c2c914646d7be0fd6a57f50a4a593cb1c0d167a9c ebc36ea3a0e87fac7ffafcb07e70f6a7bd44233363fbf58f4d300de9f51efde4
SERVER_TRAFFIC_SECRET_0 ac0d3bd3db4570ce674dff2c2c914646d7be0fd6a57f50a4a593cb1c0d167a9c d180bf7efa26a5f8fce45fe04f5355240c8398aa103e21c7cf8c05f203348f32
SERVER_HANDSHAKE_TRAFFIC_SECRET c7829b00501a3fd6b202908e61791ca4e030a0c127315ac13a7e728e782b7d32 b10607d59cf761e4d2af25ea95b766569a4ddb733e4710bc34501b5cbb7716b3
CLIENT_HANDSHAKE_TRAFFIC_SECRET c7829b00501a3fd6b202908e61791ca4e030a0c127315ac13a7e728e782b7d32 74439c98ffb79b65aa01af3e0363b7d747d37529b7594b5737a4f43cbc69388d
SERVER_TRAFFIC_SECRET_0 c7829b00501a3fd6b202908e61791ca4e030a0c127315ac13a7e728e782b7d32 27d72194290b8d44b256aa28d458b6c74054bc20efd8a1d34bbc9ad112628e21
SERVER_HANDSHAKE_TRAFFIC_SECRET eb63d93c04d1ceabce8fbd9b4d59460d237235c8bc3e8e031ada1e3758fa0be2 229528d0879c743870794b2d3d6370895edc55d035252cbf9649e85c33687b79
CLIENT_HANDSHAKE_TRAFFIC_SECRET eb63d93c04d1ceabce8fbd9b4d59460d237235c8bc3e8e031ada1e3758fa0be2 2e04f94d41c936f8dc53780001167fefb5a3dfae5a830e6f288f1303ed5b03df
SERVER_TRAFFIC_SECRET_0 eb63d93c04d1ceabce8fbd9b4d59460d237235c8bc3e8e031ada1e3758fa0be2 bb7ffe8b2546d72a17081d730941d279f668863af4c4ea5871602fed577edce1
SERVER_HANDSHAKE_TRAFFIC_SECRET d55c13fec0641c2e7ac42e8bb0fdeef535f2d79c14c7e399b59bf6fae8f4f320 e8701453d11d44f466a930af220eac5afacb0831c584298ed5a963bd417bb4c0
CLIENT_HANDSHAKE_TRAFFIC_SECRET d55c13fec0641c2e7ac42e8bb0fdeef535f2d79c14c7e399b59bf6fae8f4f320 aa2206843f751731debced0e12d185201924d99358475e806c622eb2e948dab2
SERVER_TRAFFIC_SECRET_0 d55c13fec0641c2e7ac42e8bb0fdeef535f2d79c14c7e399b59bf6fae8f4f320 2a76aea1f4e46759114965132e50c87de0ef0c235b0ae84af2e9ef828b541682
SERVER_HANDSHAKE_TRAFFIC_SECRET 880db86833a4d4efd4d0568f060e552db1f2c6d940972d002e4eecc5a8484e27 22f861c55a6d72b82fe0e0b9dee92f2ff033ca6b9b2d0f96b682f5ce52920c4a
CLIENT_HANDSHAKE_TRAFFIC_SECRET 880db86833a4d4efd4d0568f060e552db1f2c6d940972d002e4eecc5a8484e27 715724065186143f1433a6e7d4f88671e514838c2e4ed15e7608acdd672fd08e
SERVER_TRAFFIC_SECRET_0 880db86833a4d4efd4d0568f060e552db1f2c6d940972d002e4eecc5a8484e27 5ca684488c5596b7401338f0c801d7a511a4bc42d6544351a71d1560cd027cbd
SERVER_HANDSHAKE_TRAFFIC_SECRET 68f6c6bc1fc80ae79df9a250e6f383741dd9337bf09a60e05003892ad5f157ad f0e2f48311c25ac6d43d490b5ef00bfcdd360f6317aa2c062a09d81ec64b6da1
CLIENT_HANDSHAKE_TRAFFIC_SECRET 68f6c6bc1fc80ae79df9a250e6f383741dd9337bf09a60e05003892ad5f157ad 2938eb0b14d13c7f31a4aa6bd0081af0abc73b8cc990c814809722b0508ad2ab
SERVER_TRAFFIC_SECRET_0 68f6c6bc1fc80ae79df9a250e6f383741dd9337bf09a60e05003892ad5f157ad fd69b3ac2a267b56fa7669572b556c31cbcdf21b7d8fc2b2ac12509cce6a1e8a
SERVER_HANDSHAKE_TRAFFIC_SECRET 7c9504abcc9565d07643b1c852afc6400db7b90b5517c5c0d957da7db1a97f3e f909182570dac4d4e6c3caeb95b855d6d75836b5478c9f62c595c70d98c4920a
CLIENT_HANDSHAKE_TRAFFIC_SECRET 7c9504abcc9565d07643b1c852afc6400db7b90b5517c5c0d957da7db1a97f3e 89cee3a43bb1e87bad4a3176de752e9922bdffdfa73aa0df2a6e6a27752b6e17
SERVER_TRAFFIC_SECRET_0 7c9504abcc9565d07643b1c852afc6400db7b90b5517c5c0d957da7db1a97f3e d14ba7defc3810202b1bdb420f45baa3137064e38c8a75e93c0d7bb40cc3c88b
SERVER_HANDSHAKE_TRAFFIC_SECRET 08f1bc71e2428b02efe6af579d9b0b0a2948856cd569c1bb71eedfa87bac0edf 9e272800a293583a66f31a0f1e1f3f30795a4c80aaefec6d63755dac37ebe6d6
CLIENT_HANDSHAKE_TRAFFIC_SECRET 08f1bc71e2428b02efe6af579d9b0b0a2948856cd569c1bb71eedfa87bac0edf d91642b5dc678eee4ca3de775771a12f38a1ee8dc66540afa1ccad00b0f268c0
SERVER_TRAFFIC_SECRET_0 08f1bc71e2428b02efe6af579d9b0b0a2948856cd569c1bb71eedfa87bac0edf b01345b0dad68b2f826d2f70aa75cf4da076e4dcfc534251e0cae7604f849732
SERVER_HANDSHAKE_TRAFFIC_SECRET 5556472e396d78b20b7079e9b702fd7135500f11a95054288f5cd0ec313842e7 c450e74230254306356d88a3106bc9e519708a26160250f67145062dd7d9f69b
CLIENT_HANDSHAKE_TRAFFIC_SECRET 5556472e396d78b20b7079e9b702fd7135500f11a95054288f5cd0ec313842e7 f12f7da216c9918bd26a1b9b9575ec2c22d3035595de96db3d6c7a3c1d920f06
SERVER_TRAFFIC_SECRET_0 5556472e396d78b20b7079e9b702fd7135500f11a95054288f5cd0ec313842e7 c02720ab86d30e95eed9d92e9d70d50041e00cdf73d1db518fdbce2db6d15212
SERVER_HANDSHAKE_TRAFFIC_SECRET 353f1b7c2e2a965f2a0c3cd03061e84a49dc6e6b454fcc2b80202e6d85ff5e7c 113c80f9b810c69fdfbd256d8c8ad2b2346a605b865ce23e4203fa327b35684d
CLIENT_HANDSHAKE_TRAFFIC_SECRET 353f1b7c2e2a965f2a0c3cd03061e84a49dc6e6b454fcc2b80202e6d85ff5e7c a67b4bddebb528741a951d227664a5841aa33d5a21a3c23a24296047ccb7ee69
SERVER_TRAFFIC_SECRET_0 353f1b7c2e2a965f2a0c3cd03061e84a49dc6e6b454fcc2b80202e6d85ff5e7c a20d7672ab508d6a17f4823ab6756f3bb5b7597df7e45461aadc2e4602fd3e55
SERVER_HANDSHAKE_TRAFFIC_SECRET cb36896f54bb382060c5f465c6139b6ec56aae48981f12650633ff8e8e48fdc1 dde69d0a88932c05a3070fa714fa16f5e1dc61283d2c2e79c86d6d9490d88237
CLIENT_HANDSHAKE_TRAFFIC_SECRET cb36896f54bb382060c5f465c6139b6ec56aae48981f12650633ff8e8e48fdc1 bb60c7a2073c6bf2f1b35a0d959992339f117227521bca0d004e073b8276f58d
SERVER_TRAFFIC_SECRET_0 cb36896f54bb382060c5f465c6139b6ec56aae48981f12650633ff8e8e48fdc1 03b78e94ebb0d0af0a714654a9de1b6b3f674090239da4d514e710df48b4b841
SERVER_HANDSHAKE_TRAFFIC_SECRET d588bf431a01a56cff8b93be9053591c5ebe2031d5a5c08e0c40f5a4262787d6 e56e8253bdeecb24c8fd33aafaf40b7a9eb3dd2e4e1f5cda45bb98748b4f7fd4
CLIENT_HANDSHAKE_TRAFFIC_SECRET d588bf431a01a56cff8b93be9053591c5ebe2031d5a5c08e0c40f5a4262787d6 2ea4f259270c7178addda94c7316ef59fd6fb547eb4515700adffe5ba91e8e15
SERVER_TRAFFIC_SECRET_0 d588bf431a01a56cff8b93be9053591c5ebe2031d5a5c08e0c40f5a4262787d6 8e8ef9ce068aaf5b1f842ecfe982cd949a4e556d948ed4a9acfafb1d114b95ce
SERVER_HANDSHAKE_TRAFFIC_SECRET 65be7c3fafe1fed16f5bf682965704abd62e442654798eae8b7733d87bbf3ca2 f2c71f34570899561fb272b35301f3ab4666c39b1f0e35d17a7c2c101b85fab0
CLIENT_HANDSHAKE_TRAFFIC_SECRET 65be7c3fafe1fed16f5bf682965704abd62e442654798eae8b7733d87bbf3ca2 dab531ce0d2f8e7dd896fedecb8ba0b7558fc0534783a78bbbcb91a13ad116d1
SERVER_TRAFFIC_SECRET_0 65be7c3fafe1fed16f5bf682965704abd62e442654798eae8b7733d87bbf3ca2 8ffa09e6cbba6125e035ca1b2b223a9d7772961ff0c0acca74aa35592dab6dd3
SERVER_HANDSHAKE_TRAFFIC_SECRET ab678b23e6477e4cf69a921b2fe380303a42a285e7f9a5549f87b03a7130ef2c 841c727f6b9aca4fea2f23332e01a76b76d4cce33e14ddb54d036f98c402d7d6
CLIENT_HANDSHAKE_TRAFFIC_SECRET ab678b23e6477e4cf69a921b2fe380303a42a285e7f9a5549f87b03a7130ef2c 214b2c3606c308a7f64b072700fb04673dbb154abf1d27cff3ac2c262b776399
SERVER_TRAFFIC_SECRET_0 ab678b23e6477e4cf69a921b2fe380303a42a285e7f9a5549f87b03a7130ef2c 93a0bef0501e7e5cdd7595e6ec9964081d73dc7e7080af28d9d3d35a438d074c
SERVER_HANDSHAKE_TRAFFIC_SECRET b433a5977c91fb7eb67d2ba4cda0eb1d0dc83b68aa693fbef5b91fa6ed007181 4d26f80ec82618cfd9eb295a5e602cf6e783099cd04101826d62c9d4ea8d4368
CLIENT_HANDSHAKE_TRAFFIC_SECRET b433a5977c91fb7eb67d2ba4cda0eb1d0dc83b68aa693fbef5b91fa6ed007181 6a83fc530fe99d6f5f99f5b4c8e30b59446b1a70776b4a91488242339b499229
SERVER_TRAFFIC_SECRET_0 b433a5977c91fb7eb67d2ba4cda0eb1d0dc83b68aa693fbef5b91fa6ed007181 e42238b3160db47ddb2babac473dcff5fe8f59ca7a3f48adf787ab2338cefab2
SERVER_HANDSHAKE_TRAFFIC_SECRET 6ca30b5465c58bee77622a983ef996fa9784074370ca3aede60f3c02d4b3722c fed386d155d0e288e312a9dc3d02b0e962f11e19cc7368cecc895adf80e087df
CLIENT_HANDSHAKE_TRAFFIC_SECRET 6ca30b5465c58bee77622a983ef996fa9784074370ca3aede60f3c02d4b3722c 98e335e3afacb1b9e1fef5d895905a9cd2ec4e8876eb8398f749cf5795b644d9
SERVER_TRAFFIC_SECRET_0 6ca30b5465c58bee77622a983ef996fa9784074370ca3aede60f3c02d4b3722c 313ff9c3015c9652612c65d6a5e50e67dea5bb5c93ef84bcc69ce58c2d557975
SERVER_HANDSHAKE_TRAFFIC_SECRET d88a0eda564640ce2070c39dcdb20367f6a089c7a3776b390e7b9642cc951f36 4a702d364db927e33c6984f93a16cc87c6e4974c9926164d8a6cf29b884144b2
CLIENT_HANDSHAKE_TRAFFIC_SECRET d88a0eda564640ce2070c39dcdb20367f6a089c7a3776b390e7b9642cc951f36 256cc7eb446e4a3999328ba1e44c29805e9f1510d6610c7e31acf457f5236af8
SERVER_TRAFFIC_SECRET_0 d88a0eda564640ce2070c39dcdb20367f6a089c7a3776b390e7b9642cc951f36 4fb09743d47887b2cfb5eae6325fde378b7f49adaa7d060d1f2d24268832f957
SERVER_HANDSHAKE_TRAFFIC_SECRET a3e28a0d0c1e08e3dd3aad401989463564da3eeb2912563fab01605a51b30dda b631f7c0400594ef9b11fb95da1e3a134ae1e1f92efb055e6dff663f01f29459
CLIENT_HANDSHAKE_TRAFFIC_SECRET a3e28a0d0c1e08e3dd3aad401989463564da3eeb2912563fab01605a51b30dda ab64a0c6c9cd9ba2ae643f95fd10cd10ccffbb316ea235cd8db6645d0235202c
SERVER_TRAFFIC_SECRET_0 a3e28a0d0c1e08e3dd3aad401989463564da3eeb2912563fab01605a51b30dda 719bbd0af9dfa60c33d41860014fa2a57d63138435f57fe73c098faf288d2f13
SERVER_HANDSHAKE_TRAFFIC_SECRET 4984ca595ee8d46cfab77d82705d125d12f1dafd97090e5eba15a446dc56c1ed 6555d6dce36ce63ac0dc7ab22b4bddad491298e239a778359df5926519330a50
CLIENT_HANDSHAKE_TRAFFIC_SECRET 4984ca595ee8d46cfab77d82705d125d12f1dafd97090e5eba15a446dc56c1ed 2c511fdf3169ef3b0e7772949ad5714d6b03b9d63e0f90f20350d33ba1aec1ed
SERVER_TRAFFIC_SECRET_0 4984ca595ee8d46cfab77d82705d125d12f1dafd97090e5eba15a446dc56c1ed c17271e59a74c1e7dab37e67a1e48176b1a30d555d8e23ac007c7549e85f80d0
SERVER_HANDSHAKE_TRAFFIC_SECRET 369ceba9ba844159959e498209e6aa2568d31b9c84547cde55d9baaeaf2db2a9 61d4cd11753b541297b521e282e9e6b56b505ae2197a48fbf96b56141ef20799
CLIENT_HANDSHAKE_TRAFFIC_SECRET 369ceba9ba844159959e498209e6aa2568d31b9c84547cde55d9baaeaf2db2a9 1387ecdea0428625e93d9378fac3190ce5f5b8eda1b8b6e6cbed3d8d9a4217b4
SERVER_TRAFFIC_SECRET_0 369ceba9ba844159959e498209e6aa2568d31b9c84547cde55d9baaeaf2db2a9 7d774eb0b4141c3ffcc5fa8ea35aa545f8e7ad10ecee3648516d3d955006c824
SERVER_HANDSHAKE_TRAFFIC_SECRET a69c6cd1415ccf9c2567c811c17638bde576d9a1f8ff06f00b00d5079903be0c 39de81b6fe2d6408b4e74b327dac9a0c723069cf687039eba2f96589c0f904a5
CLIENT_HANDSHAKE_TRAFFIC_SECRET a69c6cd1415ccf9c2567c811c17638bde576d9a1f8ff06f00b00d5079903be0c 20785d2b7ebcbd33f746144f6412eb3edad6bda0347a02b8d29ddcf5f5657959
SERVER_TRAFFIC_SECRET_0 a69c6cd1415ccf9c2567c811c17638bde576d9a1f8ff06f00b00d5079903be0c 1ce5baf87d6d3e3f135cc3a1202c3981c3302d0eb447e9c2097dace6fa82ec04
SERVER_HANDSHAKE_TRAFFIC_SECRET 829dffb85ec93ca4276082a8648045c45c3dc7ab337b8939491125b9a8956a29 97521d1fc7050bfb232b072a7457b0def770c4f54fe1f76f9ad9028fb306bc83
CLIENT_HANDSHAKE_TRAFFIC_SECRET 829dffb85ec93ca4276082a8648045c45c3dc7ab337b8939491125b9a8956a29 ef936e209fef2514897608d26c67c35e771272e8beed77726aefb07ee9ec4e80
SERVER_TRAFFIC_SECRET_0 829dffb85ec93ca4276082a8648045c45c3dc7ab337b8939491125b9a8956a29 62c4d5c46ac13063898b0b6577a8bb54bd44c427d0d7a12fbd670119b74dec2b
SERVER_HANDSHAKE_TRAFFIC_SECRET a7873963cae88f4ea61241006476c8178398682a1aef4aa6df752b7d85922ab4 34b85d41a34d41f74503afb434a1f3bbbed81c1a611430674d0153d2ac0063cc
CLIENT_HANDSHAKE_TRAFFIC_SECRET a7873963cae88f4ea61241006476c8178398682a1aef4aa6df752b7d85922ab4 a3e1e8921fc73fd59024d74033d2e94f176478e1844121da86460a297ae8c505
SERVER_TRAFFIC_SECRET_0 a7873963cae88f4ea61241006476c8178398682a1aef4aa6df752b7d85922ab4 59bbfe84bb23525c9937f5ce689d58e513bfc7590fa3e43eb6bfb1d8f9bcfb13
SERVER_HANDSHAKE_TRAFFIC_SECRET 81078ff998ed072cb0a48cdab87992aaed30e987fdcb17c61d8875ebdc81a84d 1cdae53aaaa4a2d22f92850af244e0b94ca8e3d868fdfa3982a042af4d8b73d5
CLIENT_HANDSHAKE_TRAFFIC_SECRET 81078ff998ed072cb0a48cdab87992aaed30e987fdcb17c61d8875ebdc81a84d 5db1b7cf4943e3a0ea9451b7ab5114c072559433a6f9bd948e56fa4cc5cafb0c
SERVER_TRAFFIC_SECRET_0 81078ff998ed072cb0a48cdab87992aaed30e987fdcb17c61d8875ebdc81a84d cae36cb9886f7b8b86682520625f17f795e7a884b774e9de0fdb2360e56ce2d4
SERVER_HANDSHAKE_TRAFFIC_SECRET c314682169fb54c83f8a2350306748e4c85beebfb4cd15b750d2ae4ae690fa51 7fe23d80c0bf25c21290cfbc80a9c253296c79831a4c3d774cc88750f841e575
CLIENT_HANDSHAKE_TRAFFIC_SECRET c314682169fb54c83f8a2350306748e4c85beebfb4cd15b750d2ae4ae690fa51 ab08db0b73958e37a58ca4f670df124934427b90e8ba49c2a2fd16d7acc1b34b
SERVER_TRAFFIC_SECRET_0 c314682169fb54c83f8a2350306748e4c85beebfb4cd15b750d2ae4ae690fa51 1b6acad5ed6ea3a72213ca9d83900774b86b97d492400df93a3c8c05c0ead253
SERVER_HANDSHAKE_TRAFFIC_SECRET 935ace5a85eca42778acdbe272b1eeb39ffaab32be55cd6a5695d9380e6ca9f1 2a2957848503cc2537e938e5a89689fe56da6fedfdf8a2c4fea83f6fa6fd43e2
CLIENT_HANDSHAKE_TRAFFIC_SECRET 935ace5a85eca42778acdbe272b1eeb39ffaab32be55cd6a5695d9380e6ca9f1 7e2d79f65e7880f6689167bb954a7a46bfe12820e3f0074ded1e37ab8fa64882
SERVER_TRAFFIC_SECRET_0 935ace5a85eca42778acdbe272b1eeb39ffaab32be55cd6a5695d9380e6ca9f1 9dc5710be31a5c8eb0775b53bcaac460b5d1599278b803bb0d8795d2d63c3620
SERVER_HANDSHAKE_TRAFFIC_SECRET 09dca08f8177b33a0653cd4ec1f92d0902435759d3823d3101721ee06be4735b ce7d6a79e67dee5b369dc2de9e528429c8f092af018707147656900999886146
CLIENT_HANDSHAKE_TRAFFIC_SECRET 09dca08f8177b33a0653cd4ec1f92d0902435759d3823d3101721ee06be4735b f3049548890df6aa5afa2ae747c8d2cd22d876af7811715740e09799a5f02389
SERVER_TRAFFIC_SECRET_0 09dca08f8177b33a0653cd4ec1f92d0902435759d3823d3101721ee06be4735b 43cb902cc0a19d5947c736f6f8496396784b6ceb59e412a6f3a04b58400d5a08
SERVER_HANDSHAKE_TRAFFIC_SECRET 13a3612e90cd3a59402b1b926078369162f142c4dfd7e6f457942285bdc45686 0b69f13172dfe8dda5fb2c10bb265c8458fc39a19ef0cf5839ea4f867347c81f
CLIENT_HANDSHAKE_TRAFFIC_SECRET 13a3612e90cd3a59402b1b926078369162f142c4dfd7e6f457942285bdc45686 3a1a1e0e93628ad73a1dbffba5d14e4d5d99c794f2412a6d1df1db6c7214134d
SERVER_TRAFFIC_SECRET_0 13a3612e90cd3a59402b1b926078369162f142c4dfd7e6f457942285bdc45686 e8877c575c8bdc21f7e4c418b9da23f992c603662067ee9618383ab455ed4023
SERVER_HANDSHAKE_TRAFFIC_SECRET dd556103e2e66d959907ca54bb0b9213388747def882c6176fc84e21ac2a020c 99b17b9dc6e33b24746a089c094e060b8222a7d1da1e41ffe57ae153caff632c
CLIENT_HANDSHAKE_TRAFFIC_SECRET dd556103e2e66d959907ca54bb0b9213388747def882c6176fc84e21ac2a020c 3095df8558fd8a82a3ac217948f617a47bbe3f95ad9f2f188abafd5631e90e4d
SERVER_TRAFFIC_SECRET_0 dd556103e2e66d959907ca54bb0b9213388747def882c6176fc84e21ac2a020c f85fb790a39ab34f60f995098ea62516030384fa5387c909b9a43e46bdda4258
SERVER_HANDSHAKE_TRAFFIC_SECRET 984070121dbda2665cd74451593d41d1077f75147eef267b97e868794bfd73d4 e36e1196948fae97cb086f92f7cbaaa0831a97467060d8e8b97554e1b05ecfb3
CLIENT_HANDSHAKE_TRAFFIC_SECRET 984070121dbda2665cd74451593d41d1077f75147eef267b97e868794bfd73d4 4891416f4ae78bd4dac580d591e19665b715c58c813408dbbcd418c01ccc0c5b
SERVER_TRAFFIC_SECRET_0 984070121dbda2665cd74451593d41d1077f75147eef267b97e868794bfd73d4 99996f37ae66ede5575d73894a5d197f69c781044697d11c37904c50a1611db4
SERVER_HANDSHAKE_TRAFFIC_SECRET e68faa9331c3cf3af181274c3213630d008cd0bb6535273da85a5768b21c0381 ae8fb35c2b514911fb01ca168d1692243f5e88c4f1f30ceb685425141307a337
CLIENT_HANDSHAKE_TRAFFIC_SECRET e68faa9331c3cf3af181274c3213630d008cd0bb6535273da85a5768b21c0381 6195e5941435a8bbc33d67c9cd039f6b7380fc28f3ed6dee8cd213913066be93
SERVER_TRAFFIC_SECRET_0 e68faa9331c3cf3af181274c3213630d008cd0bb6535273da85a5768b21c0381 92db6357bb3b3fe99849bec14f2eb7afd235ba47c8f50cc246b495074c2a4405
SERVER_HANDSHAKE_TRAFFIC_SECRET fd38b5f6f003fc04e351f55cb9fe3006f2e3e1cb287369450c0f77ee4361a6b9 270a57352d42794839834bc82f2661a8481bce72eb4810a15ba428ae69eb406b
CLIENT_HANDSHAKE_TRAFFIC_SECRET fd38b5f6f003fc04e351f55cb9fe3006f2e3e1cb287369450c0f77ee4361a6b9 ee5bf51b5fdf73d1dfcd6f4f2f79a033842f9d7e2cfcab083f9de219b28638ad
SERVER_TRAFFIC_SECRET_0 fd38b5f6f003fc04e351f55cb9fe3006f2e3e1cb287369450c0f77ee4361a6b9 e457534c29b96e91d7748770faa25644951ff445a2f232eddec395ed17f8296a
SERVER_HANDSHAKE_TRAFFIC_SECRET f517632c3e51f416115c1c066123417296aa941b62d0ed939688319239cb1821 45035a44d7495ef3bfc759963dfdae036704c5d039d272063e415f5584502713
CLIENT_HANDSHAKE_TRAFFIC_SECRET f517632c3e51f416115c1c066123417296aa941b62d0ed939688319239cb1821 93c1f766ccfa49fa5775d4316b5d9e06f6a6b48bccba198fe667708b364ac273
SERVER_TRAFFIC_SECRET_0 f517632c3e51f416115c1c066123417296aa941b62d0ed939688319239cb1821 c2d86a0912ae8af08f41248151d76a07b2f5d0b203740576a73bd894d392924f
SERVER_HANDSHAKE_TRAFFIC_SECRET 60d28becf27e54e6516f8af6faf73e0035eaa70c06bbccd8410ee6b0ca7e1785 679b5039c67451fb7f92c29539ea9eaa09638fe54736f696dba12a1d70dbf367
CLIENT_HANDSHAKE_TRAFFIC_SECRET 60d28becf27e54e6516f8af6faf73e0035eaa70c06bbccd8410ee6b0ca7e1785 018996ac1dc359b3ce1605b5a06ac7e00639d02c38acb4057f086820b79f06c4
SERVER_TRAFFIC_SECRET_0 60d28becf27e54e6516f8af6faf73e0035eaa70c06bbccd8410ee6b0ca7e1785 f99064fdc4e03d1e61924e15b52fd0772b1ddce8cf7b03fc6be445f193b4ffa7
SERVER_HANDSHAKE_TRAFFIC_SECRET c1fac7759b9b42ad2b38475664b31d93e62b5c513ae5f88b218b8d1b793b75ab a7017e821ef475556e916d24133f4ccc789bb27e2cdd75c6483ece9712dc5993
CLIENT_HANDSHAKE_TRAFFIC_SECRET c1fac7759b9b42ad2b38475664b31d93e62b5c513ae5f88b218b8d1b793b75ab f8f6e3b92b7f5a94cca54c57e34d3077b108fc131f410551e108a58f783acb53
SERVER_TRAFFIC_SECRET_0 c1fac7759b9b42ad2b38475664b31d93e62b5c513ae5f88b218b8d1b793b75ab 345e100d7b7b280d5461090f311d86a2978c423f3a5353f67305f77882f4be62
SERVER_HANDSHAKE_TRAFFIC_SECRET 4f51111b230b5e284bc2136353a882e16a3586251056fe39123b7aa9041aec36 52a97fd514ae9f2dc1b77ee3bb67f1fabea959083ffbadbb1ac4dfcbb73891b1
CLIENT_HANDSHAKE_TRAFFIC_SECRET 4f51111b230b5e284bc2136353a882e16a3586251056fe39123b7aa9041aec36 4b31e58e70d3174bf833996c52e1728d427fc14569aede872390eccdd0534764
SERVER_TRAFFIC_SECRET_0 4f51111b230b5e284bc2136353a882e16a3586251056fe39123b7aa9041aec36 ddb5a6589e46b1d2d1e35555db8f3dfc1a8c515bab3e6b5103582c4bd249b03e
SERVER_HANDSHAKE_TRAFFIC_SECRET 7740e08989c699c19cc92a19bbe12c8baa14cd22a76d370411144cb431a7f84d 7af81864d505ebad9815c9facf53a9ab3504a074784a23936cc3a894f4867aca
CLIENT_HANDSHAKE_TRAFFIC_SECRET 7740e08989c699c19cc92a19bbe12c8baa14cd22a76d370411144cb431a7f84d 5396538bed9457debe5be885330bce664ed4921598fee8b9fd668cece6c5e1d9
SERVER_TRAFFIC_SECRET_0 7740e08989c699c19cc92a19bbe12c8baa14cd22a76d370411144cb431a7f84d d9898f3c948a1ecbe7aac5128f655572b10f22156430b9f9f9000a4b83f2f0b9
SERVER_HANDSHAKE_TRAFFIC_SECRET 43670d4d2ac75dd1e08e24aa9a6c52761b4cbbce2b6ddc4796b62be84a41b849 d3df655d92b5d16df9d65f8becaa6dadd7fc5eee8b0b3d732fb014dd3923bbe4
CLIENT_HANDSHAKE_TRAFFIC_SECRET 43670d4d2ac75dd1e08e24aa9a6c52761b4cbbce2b6ddc4796b62be84a41b849 0294f4225af5a0f3ed192a7fae972d9bf19f3e70252def5356415e12d0a280ae
SERVER_TRAFFIC_SECRET_0 43670d4d2ac75dd1e08e24aa9a6c52761b4cbbce2b6ddc4796b62be84a41b849 213e59771b05b388241a6cc655b40b6b2c505eb04754e33c3e17253c72b7193d
SERVER_HANDSHAKE_TRAFFIC_SECRET 99559c1d564345cd5d34d2915ebecc99523d04c1e7a5155c78d21c8391971314 b9b37c6b8dafec797613326c9b4339fb9062cbfaed39e804785c2570ce7d05a8
CLIENT_HANDSHAKE_TRAFFIC_SECRET 99559c1d564345cd5d34d2915ebecc99523d04c1e7a5155c78d21c8391971314 8966248a11a2873e5cff57ce917030d35f7bb42b43a29923d582d6ae2ed0ecdc
SERVER_TRAFFIC_SECRET_0 99559c1d564345cd5d34d2915ebecc99523d04c1e7a5155c78d21c8391971314 0477a971888e0d25db8fedd7dfcab48f8527805d3ca09a3e0bdfbfc45dda54f9
SERVER_HANDSHAKE_TRAFFIC_SECRET 74ba104cf01793dff38564e93c4ed37c5e5967e18d67575636ae305d310e982f 4459465acac93f780a274ca3b4931534340b0d919742f3d37843271e577119cd
CLIENT_HANDSHAKE_TRAFFIC_SECRET 74ba104cf01793dff38564e93c4ed37c5e5967e18d67575636ae305d310e982f 15a6955024354082dfc5030cef5605988903c2255f97d9b61a766807604ec1fe
SERVER_TRAFFIC_SECRET_0 74ba104cf01793dff38564e93c4ed37c5e5967e18d67575636ae305d310e982f 362c4784c8602a3de0e5bd5c9c72c4a7079d92012645ce48605ece99997ca864
SERVER_HANDSHAKE_TRAFFIC_SECRET 5fc967b117db4286b8d1045b4e0a11cdc507bcb74e6c6115efe445de61f0df71 846605d3f9d4e7ba4fa9ab6ca4261d94b9f2ac1b2c6944fb81a7385be759df0e
CLIENT_HANDSHAKE_TRAFFIC_SECRET 5fc967b117db4286b8d1045b4e0a11cdc507bcb74e6c6115efe445de61f0df71 27d4542f50072952e6b62d50f1c9e4723ad0397acf18b884267b385ca73b0935
SERVER_TRAFFIC_SECRET_0 5fc967b117db4286b8d1045b4e0a11cdc507bcb74e6c6115efe445de61f0df71 ba2d06e21e2f3d559dc0d0b4a78716061bd47688ad734170aa7656d7bb070de6
SERVER_HANDSHAKE_TRAFFIC_SECRET 4b1eaa412cb567c279e0f9c2cf1e15fc6350975706c37cdfdeb1e74852e74a09 39f97d3c4564f325ec9ce07d5bddc039ef0aac3a1a05a53d92cefd885a3dc2dc
CLIENT_HANDSHAKE_TRAFFIC_SECRET 4b1eaa412cb567c279e0f9c2cf1e15fc6350975706c37cdfdeb1e74852e74a09 5100fdd54ef5263683d5d6d04d6773c753a3900a24bd7e137f9e857c7150a039
SERVER_TRAFFIC_SECRET_0 4b1eaa412cb567c279e0f9c2cf1e15fc6350975706c37cdfdeb1e74852e74a09 8dac416573a19c77d924259837fea647ebbfaf9d6752b26befe82a70adfb91a1
SERVER_HANDSHAKE_TRAFFIC_SECRET 44dbb90c2d6ead0ac20f6f7387420263746df0234a11cea58afede61217f1480 e7c089ab0dcdb3d7a9e328befe1d0aee819c1790dc0df75e657c5ffb24b5a215
CLIENT_HANDSHAKE_TRAFFIC_SECRET 44dbb90c2d6ead0ac20f6f7387420263746df0234a11cea58afede61217f1480 09059b156ec3291af14a20e1707f3d1b3e7bd78f214f961a22a0d6ff565e7b3f
SERVER_TRAFFIC_SECRET_0 44dbb90c2d6ead0ac20f6f7387420263746df0234a11cea58afede61217f1480 5d97d41d67e363e16824918c773a9f2d158d649825038785723643d6557ad194
SERVER_HANDSHAKE_TRAFFIC_SECRET 20001366c95a6b5938949c6cb95feba07beb9805dea45ee3ee6122e822e8d28d b1c60dadfbb71f79b49eaed3d8b5ba4be60be59bc5ac0896352d691f3f6f7801
CLIENT_HANDSHAKE_TRAFFIC_SECRET 20001366c95a6b5938949c6cb95feba07beb9805dea45ee3ee6122e822e8d28d bedfdc78db4ddde68e3308df1ee3ec5d4bcdc4844255345f357912ec6ff9fd39
SERVER_TRAFFIC_SECRET_0 20001366c95a6b5938949c6cb95feba07beb9805dea45ee3ee6122e822e8d28d a3080860ebd2459698c7d70c95aa9438f9f99f61883ba759a27788f2598e7b5a
SERVER_HANDSHAKE_TRAFFIC_SECRET bfd0bc218319c637acd62549a281f9d64958ac9c88e42e0bbd7e9f3d7f5f1cdb 4b9196d52b4f29452b5c51bb43e2ee39b8d85131b966e13ecf389cd73129e4be
CLIENT_HANDSHAKE_TRAFFIC_SECRET bfd0bc218319c637acd62549a281f9d64958ac9c88e42e0bbd7e9f3d7f5f1cdb be2e9ec63d486e10668fc8dd745f2fb2902956f0dd1e72af2a7d9c6bcb36d6ff
SERVER_TRAFFIC_SECRET_0 bfd0bc218319c637acd62549a281f9d64958ac9c88e42e0bbd7e9f3d7f5f1cdb 6352400b2c349417a9deffd8424e50f8a7c00f0b5b731190b2d187b5162535f5
SERVER_HANDSHAKE_TRAFFIC_SECRET ff6682bafff0527862249f03aed1d279c3d57834095c8fecf14b0a3c4e0e5c5d f9e3027dd32139d819447da5146859ae32503a13d6576599fd34e75468461a04
CLIENT_HANDSHAKE_TRAFFIC_SECRET ff6682bafff0527862249f03aed1d279c3d57834095c8fecf14b0a3c4e0e5c5d 5b980fda15f85319081dea39464c876a4d2291acbb26fcb53365a335496d11a6
SERVER_TRAFFIC_SECRET_0 ff6682bafff0527862249f03aed1d279c3d57834095c8fecf14b0a3c4e0e5c5d 3f84fc907522610034f31805274a2f57382ad93ada94d40635b0867d9a96506f
SERVER_HANDSHAKE_TRAFFIC_SECRET 2ab261b127091292e351b8b016422af72adb43d97f5e8b6a24b6c686bae52ef4 927632c0a8f7aa0257c5386f3221b2aeeb102c97496101f6ba553d30c4dea718
CLIENT_HANDSHAKE_TRAFFIC_SECRET 2ab261b127091292e351b8b016422af72adb43d97f5e8b6a24b6c686bae52ef4 a94bc865d5be3984043a22b3c335eb3877f83eef46f7122ca7c0e327ad3d73bb
SERVER_TRAFFIC_SECRET_0 2ab261b127091292e351b8b016422af72adb43d97f5e8b6a24b6c686bae52ef4 7e294ae11d8992d5f95a7c3352051be8aa9a5f38823020cec0b652549fab6d09
SERVER_HANDSHAKE_TRAFFIC_SECRET ed7b3054e57b0aea0f86a8cc0350b6c98bb45b294317fd6f3d5dfcdda9b3958f d9a9fca606ec6e869b2f05b2c6b4dd0b6fbdb49b28fc8162f77ba1695083d8a0
CLIENT_HANDSHAKE_TRAFFIC_SECRET ed7b3054e57b0aea0f86a8cc0350b6c98bb45b294317fd6f3d5dfcdda9b3958f d6cae9c84c8fb7969eaefdd35b7760e5a6d0c693d050f9aa16d43645d883021b
SERVER_TRAFFIC_SECRET_0 ed7b3054e57b0aea0f86a8cc0350b6c98bb45b294317fd6f3d5dfcdda9b3958f e2d6224f98bd69c9f9397e06e8bc4fb5051e1e90ec00317bc891bb4bd81d901a
SERVER_HANDSHAKE_TRAFFIC_SECRET 63166889ddc742f4d4217fbefde444c506209660cbfc010a82ed6c0a70ce01d8 4ee392599f392e42297cfb61736e6e788b07106621ac38c3089dc8feee8df9b8
CLIENT_HANDSHAKE_TRAFFIC_SECRET 63166889ddc742f4d4217fbefde444c506209660cbfc010a82ed6c0a70ce01d8 c4c41fc1e8f2d8e7df9f0ac87691d234d241ac02fd055e31b4ffc32f81634cb6
SERVER_TRAFFIC_SECRET_0 63166889ddc742f4d4217fbefde444c506209660cbfc010a82ed6c0a70ce01d8 e77e9610c5c72f7940c54fa6e8afac9e2fb022e929ff0c32a0a2b6e90eef7f95
SERVER_HANDSHAKE_TRAFFIC_SECRET 66b6e631ae9a844dd03582d1c13c490598f9c1f74d30ad7bd9db269848433ad9 ce6e83fc1bd96025a2f6c9407542b3e32f6f30dee1cb92dfdf2b43beeb8cbfc6
CLIENT_HANDSHAKE_TRAFFIC_SECRET 66b6e631ae9a844dd03582d1c13c490598f9c1f74d30ad7bd9db269848433ad9 acb4fb8eb68cb4311f6457bfb1218165d9178a6ea564a10c31cf9c7a8bf35762
SERVER_TRAFFIC_SECRET_0 66b6e631ae9a844dd03582d1c13c490598f9c1f74d30ad7bd9db269848433ad9 e606191e3814ff27562d7f6076775984006a8a9724e88462ab3289b33a4d6f30
SERVER_HANDSHAKE_TRAFFIC_SECRET 33ca8a3c49544780869c04a242b391207820ff1ebd5bcbd67608f24096b9b635 52d37e6a94d859781ca5a0b269805b563000db09eeea0867d6777fedbe71746f
CLIENT_HANDSHAKE_TRAFFIC_SECRET 33ca8a3c49544780869c04a242b391207820ff1ebd5bcbd67608f24096b9b635 30b0356c8d05a32015914d0e90ed1a82eadfdaeb6b65da5f0562011655db09ff
SERVER_TRAFFIC_SECRET_0 33ca8a3c49544780869c04a242b391207820ff1ebd5bcbd67608f24096b9b635 d0896b3733e850748598693722478b355bae3d1d799847db7e4f1993976ce992
SERVER_HANDSHAKE_TRAFFIC_SECRET 5158b5ecc89ba003596445d845a5453c4f62c46a9719d85d6bd3ecb936e78ccc a4a89752d645a6b8fcb4ef35756a6354cbaa12f8e1bddb7a99807d5f72aea14f
CLIENT_HANDSHAKE_TRAFFIC_SECRET 5158b5ecc89ba003596445d845a5453c4f62c46a9719d85d6bd3ecb936e78ccc 65927b2203c159200b1e1782157ac8a005360edf2d3cca7ee26457692aa668f9
SERVER_TRAFFIC_SECRET_0 5158b5ecc89ba003596445d845a5453c4f62c46a9719d85d6bd3ecb936e78ccc 60eb97b287220073aac64cb4ab372bb1948b56db4e5d56e49eed641dae40b152
SERVER_HANDSHAKE_TRAFFIC_SECRET 2e599c2af1559e075bd590f63e4bc7bba1130bc60607e26933a7c0c58400fa76 0f865b4b466818c2312dc40edaec7137629ca2151973c13f5bd20d14770d2bf4
CLIENT_HANDSHAKE_TRAFFIC_SECRET 2e599c2af1559e075bd590f63e4bc7bba1130bc60607e26933a7c0c58400fa76 68e044dc1bedd63c53ee5aa2e1236419dcc9cdb16851f2ed887a294b32a18cd1
SERVER_TRAFFIC_SECRET_0 2e599c2af1559e075bd590f63e4bc7bba1130bc60607e26933a7c0c58400fa76 7f5a6e6d165ee4723a40033b253ec621b6b936a7f580516d3ce8d3f357425269
SERVER_HANDSHAKE_TRAFFIC_SECRET 41e72cb62b9138d8adc5a809aaa39a78dd2334d9810b706d9a0f316bffe8bb54 bf7bbd08406d8324d5e407abf6a08d85486f46f3ec91bed7ac81d566af2d6d43
CLIENT_HANDSHAKE_TRAFFIC_SECRET 41e72cb62b9138d8adc5a809aaa39a78dd2334d9810b706d9a0f316bffe8bb54 d5dc18e9f1063774b95bfbc28683e145f49897fecdad4f6af9770c55f343d838
SERVER_TRAFFIC_SECRET_0 41e72cb62b9138d8adc5a809aaa39a78dd2334d9810b706d9a0f316bffe8bb54 797c3e1c43e9de1ef795b443ab9376bc73831122adddcbc99d2f9326b1974e91
SERVER_HANDSHAKE_TRAFFIC_SECRET 64224fe1e85ae3cd8fcf39847beec68b2d74d8a5c5d31beb7e8940370d38a00f 466095fc34ed0970c51e775025289d63065c070545765de18acf222003320535
CLIENT_HANDSHAKE_TRAFFIC_SECRET 64224fe1e85ae3cd8fcf39847beec68b2d74d8a5c5d31beb7e8940370d38a00f 6377319b49f58ac1f6be7e6fa5696f5d3964a9a256f3478000b8eb164f515cd4
SERVER_TRAFFIC_SECRET_0 64224fe1e85ae3cd8fcf39847beec68b2d74d8a5c5d31beb7e8940370d38a00f f91ed0373a0abd1d8133a69249e376c32253aecef1817a9d331d8810f651ca14
SERVER_HANDSHAKE_TRAFFIC_SECRET 97eafd5f1df2b71ff00e05239a5932f9de987c2d01181eedd2b75d83395175ac 49ae292a577f096d69aeada6e3aa8e5b1db8bce5344fee48167e7898faafec87
CLIENT_HANDSHAKE_TRAFFIC_SECRET 97eafd5f1df2b71ff00e05239a5932f9de987c2d01181eedd2b75d83395175ac 507b7bd0e8ee798c74212fe9c836b11d6acf8c006e63802cc93543786d2f7882
SERVER_TRAFFIC_SECRET_0 97eafd5f1df2b71ff00e05239a5932f9de987c2d01181eedd2b75d83395175ac ab4e0f95b32e6962a31643a1e4d32efe5d1c901aa084f5bceacced3fc1d4f5a3
SERVER_HANDSHAKE_TRAFFIC_SECRET bb3a42b8d15f610d1efe4d3aa3199031778c22617dd88c97e3ee4e54b70fdac2 acfe3bbf0f53482119cb5f3e6bff0bf01b88b211805cb82c1e6017d4c104f2b4
CLIENT_HANDSHAKE_TRAFFIC_SECRET bb3a42b8d15f610d1efe4d3aa3199031778c22617dd88c97e3ee4e54b70fdac2 108e6db5a0923bd03d18d52fcd184fbf2389027b6745e1c29fc939441c03a08e
SERVER_TRAFFIC_SECRET_0 bb3a42b8d15f610d1efe4d3aa3199031778c22617dd88c97e3ee4e54b70fdac2 3e81a3daaebd7bf88486ef481cca5dca1dc12cc683e4d568f87444486ad63d02
SERVER_HANDSHAKE_TRAFFIC_SECRET ba85c3151aee3d60854038133d2d0efa930e96dee641e82ff8900095041e44dd 8d473a399c352321ceb47606b2480b6e9d91cb1886620fdceaae3144889351df
CLIENT_HANDSHAKE_TRAFFIC_SECRET ba85c3151aee3d60854038133d2d0efa930e96dee641e82ff8900095041e44dd 54ffddcdfe0568762bf10a9eff28e625186a7e4329f1467e373629859324abaf
SERVER_TRAFFIC_SECRET_0 ba85c3151aee3d60854038133d2d0efa930e96dee641e82ff8900095041e44dd da1e0672a4be0fb3c6793766a0f53b2977220238028bd2d0da572da21aa4112d
SERVER_HANDSHAKE_TRAFFIC_SECRET eae305f84fd5cc6448cd3e4d5901307b02c529e3b5e087f5a4d6b648d16297af 6ac1411ea8ca9a75080094d46c493fe238cf9516a2f0308a42cbe7a3b3c2f4e2
CLIENT_HANDSHAKE_TRAFFIC_SECRET eae305f84fd5cc6448cd3e4d5901307b02c529e3b5e087f5a4d6b648d16297af 6903419fbd6672e3db5e3aa5ddef40be0f0116b788239ea23999d8d3d04732a7
SERVER_TRAFFIC_SECRET_0 eae305f84fd5cc6448cd3e4d5901307b02c529e3b5e087f5a4d6b648d16297af 78929d61156296ba58421519bd83f256e6b6e33f545840b6118f6d79613555d9
SERVER_HANDSHAKE_TRAFFIC_SECRET ee04b975e9a6a9b27c0859a627c4cc581d4951f592b717796aa7ee44c0e058bd c231ab6a0e13b0f6c203b0c041f77342a1cf2eceb6cdb69c0fd9f43d162e5cad
CLIENT_HANDSHAKE_TRAFFIC_SECRET ee04b975e9a6a9b27c0859a627c4cc581d4951f592b717796aa7ee44c0e058bd 41f065b58913615b0f892a8af2c6dee547d9178761c6cd58997aaaaa9fbd57fe
SERVER_TRAFFIC_SECRET_0 ee04b975e9a6a9b27c0859a627c4cc581d4951f592b717796aa7ee44c0e058bd 7cdde935f2548333c04bb974315c2fee7fb22ee44a4cc1945625d5ec86b3d8b2
SERVER_HANDSHAKE_TRAFFIC_SECRET e706b215d8820b2b7c8fa1463822ffc21d92df1b697a1a1fac18ff522575ca17 8efcb2d3b39f727e2c3100b7d2552f8f6b0adfc28c1bc5d71d52287568a3d324
CLIENT_HANDSHAKE_TRAFFIC_SECRET e706b215d8820b2b7c8fa1463822ffc21d92df1b697a1a1fac18ff522575ca17 41dfae078db7f43bbabb8fe8909c1d58ee674e02b716707bd661e74212713050
SERVER_TRAFFIC_SECRET_0 e706b215d8820b2b7c8fa1463822ffc21d92df1b697a1a1fac18ff522575ca17 a5eb7c77069ab9c7afb3909af2daffb273d4864440fadf4ebec4a9976a460d80
SERVER_HANDSHAKE_TRAFFIC_SECRET 942ac8563ee7d261d44161c66e83ad55535e87cb9904f7e81711b30070810eb8 5d3afadb64ead30d804666f4822507b15cf030c2623810e6b666af36877912ac
CLIENT_HANDSHAKE_TRAFFIC_SECRET 942ac8563ee7d261d44161c66e83ad55535e87cb9904f7e81711b30070810eb8 45fb24a945f681b69fe427a5d611f062796909adb8c7a3fd813abc1925721cb8
SERVER_TRAFFIC_SECRET_0 942ac8563ee7d261d44161c66e83ad55535e87cb9904f7e81711b30070810eb8 ff1b14a89685157aa327882233887459372d03d276592e7b707d85bc2dbc2bd4
SERVER_HANDSHAKE_TRAFFIC_SECRET 1c2171a25bab2e98dbe2a0bbecba27fed915cb19f73d8c06c4245b15101697ee e8a9878cffb7a452cb4ef4ab96e849e76b79b5cd157e24a06b723d8b5d6fa18c
CLIENT_HANDSHAKE_TRAFFIC_SECRET 1c2171a25bab2e98dbe2a0bbecba27fed915cb19f73d8c06c4245b15101697ee 140ed38a8f05e5a0b36f5e005a0e69e849495e93cf5bc8bac9f5e9b5396efcd5
SERVER_TRAFFIC_SECRET_0 1c2171a25bab2e98dbe2a0bbecba27fed915cb19f73d8c06c4245b15101697ee da722f4f63b3934a56619b615d65da14391915708fedd561840d554c5260eda8
SERVER_HANDSHAKE_TRAFFIC_SECRET bd8a2c08d9133009f8f5a648a935e59ca90a2f0d05574ad79f233f2f99fc42f0 fe250fb2d0f971bcf26fc343008a8529af1597d26435e508c854db1a5f248844
CLIENT_HANDSHAKE_TRAFFIC_SECRET bd8a2c08d9133009f8f5a648a935e59ca90a2f0d05574ad79f233f2f99fc42f0 be20945df8de8602525b2ae69a81b13764547811b08150eae4f21896ac6f3601
SERVER_TRAFFIC_SECRET_0 bd8a2c08d9133009f8f5a648a935e59ca90a2f0d05574ad79f233f2f99fc42f0 c896f72a36c41a23a717c10f4b90e1df69c8b7946b0bc32e2ec48b4bf737540b
SERVER_HANDSHAKE_TRAFFIC_SECRET 4dcd55cede187c0f200b9c4dd1832367e32902ca9b909ce5760be66184916bf7 9aeb8135e7a6ddf57f777e32ad0abede56e3db02017e57c478ec08ee73b276ba
CLIENT_HANDSHAKE_TRAFFIC_SECRET 4dcd55cede187c0f200b9c4dd1832367e32902ca9b909ce5760be66184916bf7 cc1f79a04da68eae74c78a074b296bb81600c49e25544b29df2c8a54ddfe2bf9
SERVER_TRAFFIC_SECRET_0 4dcd55cede187c0f200b9c4dd1832367e32902ca9b909ce5760be66184916bf7 6a3a33f8543631f539bb2728ed35f8f16be9a9391119b764ebada652a4c54d19
SERVER_HANDSHAKE_TRAFFIC_SECRET c19abf73f8977a7ac76ef00e7c5d1c0c4b0246d1110893d20d2c9534f03360aa eecaa9f62fd84cf0cec24fdffe642c9e580cd1e98fcfc8e45060e5ed76b5d419
CLIENT_HANDSHAKE_TRAFFIC_SECRET c19abf73f8977a7ac76ef00e7c5d1c0c4b0246d1110893d20d2c9534f03360aa 743af16a0308332806d230b3d5c683399074c31c6f81f7d06414a81a239be410
SERVER_TRAFFIC_SECRET_0 c19abf73f8977a7ac76ef00e7c5d1c0c4b0246d1110893d20d2c9534f03360aa 9b8a334091fa8934f12370afbfc3900f8910025c0ec4e8a8117e02211a9f338e
SERVER_HANDSHAKE_TRAFFIC_SECRET 8e4b523e4b37d9416a969f9e02e5f9eef2256890b5a7f18f18bd27b25937e91b b4b31c267e5c01204d211795b2624c77f98f6d1b3fc2dbdc905d1b87e02f1199
CLIENT_HANDSHAKE_TRAFFIC_SECRET 8e4b523e4b37d9416a969f9e02e5f9eef2256890b5a7f18f18bd27b25937e91b 66ab479e3905cf7977a621f20ecd26e5b1efdf1ef827011e0c8420c734c70e37
SERVER_TRAFFIC_SECRET_0 8e4b523e4b37d9416a969f9e02e5f9eef2256890b5a7f18f18bd27b25937e91b 76077e88f1819e909c625e4695db0ce666278fc19cac9ef5833a930875f9ed9b
SERVER_HANDSHAKE_TRAFFIC_SECRET c9d4e04462c9a3b0b8c892627b4ffa61c9fe5a3c98d405b6d830215dc39c94b7 83472c3bbc8e77a493dc88e97e49abedbddef531eccfa477878b6cd9159fdc7f
CLIENT_HANDSHAKE_TRAFFIC_SECRET c9d4e04462c9a3b0b8c892627b4ffa61c9fe5a3c98d405b6d830215dc39c94b7 3123ac524c4b0c9321f503a11f609ba78c068934947c56e058314daa473d345c
SERVER_TRAFFIC_SECRET_0 c9d4e04462c9a3b0b8c892627b4ffa61c9fe5a3c98d405b6d830215dc39c94b7 ff081a6990dfc13c415a596bf8811f8bcc10379204e6e28f67f549fb522767ef
SERVER_HANDSHAKE_TRAFFIC_SECRET 936651b3548456e0d005ab01483d2b16d830d5ee734cebba138a676e7516cd27 b8bcd0da0508c6806491c490db0e095e51f155b552c8703a451d8b497b3ebff2
CLIENT_HANDSHAKE_TRAFFIC_SECRET 936651b3548456e0d005ab01483d2b16d830d5ee734cebba138a676e7516cd27 a88aa2622d9abd9fc2d82753459362116399d46d59081d7553c83b2b09dddecb
SERVER_TRAFFIC_SECRET_0 936651b3548456e0d005ab01483d2b16d830d5ee734cebba138a676e7516cd27 0909625f4d4f449ba27612895a9d4f574149776eb3f998fd4f34dd14d84bdaab
SERVER_HANDSHAKE_TRAFFIC_SECRET ce99c9aefbbb4f9277232b8fb3d25ad608969ae2e075322e36a0ed1d0960c524 6261325343ca3ca4a37fade23410ef92aabfcfd78749e3655871c11aa234f484
CLIENT_HANDSHAKE_TRAFFIC_SECRET ce99c9aefbbb4f9277232b8fb3d25ad608969ae2e075322e36a0ed1d0960c524 8c8426c4d8fd2ebb43ef88f40303a70a22630e5ffba676f0ddd3b0e1e095a9f0
SERVER_TRAFFIC_SECRET_0 ce99c9aefbbb4f9277232b8fb3d25ad608969ae2e075322e36a0ed1d0960c524 662567fd3758a365e12951a8891dcbe8617dde34f768694f6b778897eba5ffd8
SERVER_HANDSHAKE_TRAFFIC_SECRET d8ff7fe98ba40e1f10e25a40f8bbd6963d366d8b01e562a0a2a892668584725b ec7da146ef26b12879ffbbf326ab89fde165b92e65159868997fffb43893d428
CLIENT_HANDSHAKE_TRAFFIC_SECRET d8ff7fe98ba40e1f10e25a40f8bbd6963d366d8b01e562a0a2a892668584725b 420ddd577930c316b8447f32c961044ac88da997b89a1dfadcb6dbb5b94eccd6
SERVER_TRAFFIC_SECRET_0 d8ff7fe98ba40e1f10e25a40f8bbd6963d366d8b01e562a0a2a892668584725b fcf769a6c967e290facdc6718651857fc22c38a416fa9d7a518617baf0b286f4
SERVER_HANDSHAKE_TRAFFIC_SECRET 8ddec37eba84ae623ba04ce4987e25cf02ffb7856aff7554d85c5bab2e3303d0 82e2e2cd88a15e963b7d447f2228bf123070f847cc84e6942ede9597524fdf57
CLIENT_HANDSHAKE_TRAFFIC_SECRET 8ddec37eba84ae623ba04ce4987e25cf02ffb7856aff7554d85c5bab2e3303d0 25b3f230c1df9565c97e7a0d5005073a23e4aba567b99d9cae8e40b65b0be924
SERVER_TRAFFIC_SECRET_0 8ddec37eba84ae623ba04ce4987e25cf02ffb7856aff7554d85c5bab2e3303d0 9916a1f0db44be4be0404858b0471ff5a8938fa34002375c349af1e2dcfc0933
SERVER_HANDSHAKE_TRAFFIC_SECRET 4d87804164f0a858bcba214b71647619834e049750e17e56d7fb25be68d8c2ff 4884cdfb6dfe4aa67cabbed1a95dc32075630b3a686f04c8c1b56a833de7e4f1
CLIENT_HANDSHAKE_TRAFFIC_SECRET 4d87804164f0a858bcba214b71647619834e049750e17e56d7fb25be68d8c2ff a82077df3d81d24524d4ed079a80fa0bc8aad4133bd80eed4943e05dceb8921e
SERVER_TRAFFIC_SECRET_0 4d87804164f0a858bcba214b71647619834e049750e17e56d7fb25be68d8c2ff c42dc8694a2b7e820553f19cf28d1aa3ffc5e99e2245c7f012be54ce705a068b
SERVER_HANDSHAKE_TRAFFIC_SECRET a483dc04282a0e8cfc509e96daccc0c077b8c49adbe68290b2341d6cb367d223 21414481792a566fee81537419a9ce0042e74cf9123be1303d595bc419e6b265
CLIENT_HANDSHAKE_TRAFFIC_SECRET a483dc04282a0e8cfc509e96daccc0c077b8c49adbe68290b2341d6cb367d223 4f483a24c12c0e3c530d1bb48c9646f9782786c1e5f279355ca4a15802593414
SERVER_TRAFFIC_SECRET_0 a483dc04282a0e8cfc509e96daccc0c077b8c49adbe68290b2341d6cb367d223 9b83565bfaf48647b056b4d8464ee812f0c8e145e0b1ca1f338b72d885c29863
SERVER_HANDSHAKE_TRAFFIC_SECRET f77a52c43cc89cc4f51d01b6dcb41fbd91343cfcdaf326e211b7ec164b5a0829 6c947146d674e30935d67f10d53ffcdb3ca8a27d46a76501faaccd445262f7c2
CLIENT_HANDSHAKE_TRAFFIC_SECRET f77a52c43cc89cc4f51d01b6dcb41fbd91343cfcdaf326e211b7ec164b5a0829 00b0c0dfcccb0819ee1e4d728f66a085db910ae566c11a3f801a3a3c231272e4
SERVER_TRAFFIC_SECRET_0 f77a52c43cc89cc4f51d01b6dcb41fbd91343cfcdaf326e211b7ec164b5a0829 7c810789cee64dc978ca86829afc394e9ea2a763ebbcfb92192e0e92aebdb5ae
SERVER_HANDSHAKE_TRAFFIC_SECRET 7ebece0ae059ea1055e58a4c2fbf5407d5e5298d5598315e435f9ce22a707229 489e07febfac1ea0a6d11960c145e6fb53b30aa29f8ac2d37df2f01d55ce11da
CLIENT_HANDSHAKE_TRAFFIC_SECRET 7ebece0ae059ea1055e58a4c2fbf5407d5e5298d5598315e435f9ce22a707229 044047175d67ea9f921d42d965635ee5666e0a9baf6afe6a47253e444eb26a8c
SERVER_TRAFFIC_SECRET_0 7ebece0ae059ea1055e58a4c2fbf5407d5e5298d5598315e435f9ce22a707229 3d31a445773e23d9ef4f3ca0e8575d1e92919b0742c107ca33bbf6f9a9018c82
SERVER_HANDSHAKE_TRAFFIC_SECRET 038a79a3c91abbd18d5a01911004727255f7cf9043352536358499bf10b47208 54d5c80850aec800d61f6767892b0c4087888a3260da79664a13a3d80b75b9f8
CLIENT_HANDSHAKE_TRAFFIC_SECRET 038a79a3c91abbd18d5a01911004727255f7cf9043352536358499bf10b47208 30fffef760669c1c344476a2b9daecb0290382f32aa965e6d393d988e85b8a50
SERVER_TRAFFIC_SECRET_0 038a79a3c91abbd18d5a01911004727255f7cf9043352536358499bf10b47208 d80d4fc518c7506f4b0d90ef9c8ec747021cc5214bccda21cfaca9e9b915bd6c
SERVER_HANDSHAKE_TRAFFIC_SECRET cf4edd8fd698b52d75fe3733b57d9b970d1e1c73668f3eb23b866d81506561c9 56fd2cfd52277a5a7e67ea4141440a9d9f0163fabacbe9a9d58055b50a11e565
CLIENT_HANDSHAKE_TRAFFIC_SECRET cf4edd8fd698b52d75fe3733b57d9b970d1e1c73668f3eb23b866d81506561c9 755daa47372e1ca194f707cf0fc267982b106188f610459225ae88f91b1ac1f4
SERVER_TRAFFIC_SECRET_0 cf4edd8fd698b52d75fe3733b57d9b970d1e1c73668f3eb23b866d81506561c9 848f3c297fca0cd8b6304aad9e4b6157943c9f72f0c1afa32d8c84db2f1222ce
SERVER_HANDSHAKE_TRAFFIC_SECRET 805900898afec9e6024ffc7d98584e5ab66c6da4c011a41bafc6067751821606 b4f9ad9181a8a9ea2aeefee89f0edd266126d726840b4958bbeddb04126dd3db
CLIENT_HANDSHAKE_TRAFFIC_SECRET 805900898afec9e6024ffc7d98584e5ab66c6da4c011a41bafc6067751821606 bc5f7870b45ccf7a26e3380cb248e65ee065edaa3deb89d2cffbfcd29ca18e04
SERVER_TRAFFIC_SECRET_0 805900898afec9e6024ffc7d98584e5ab66c6da4c011a41bafc6067751821606 4c2313551520c87ae82bc7cfc184c2f58319c56e0d478f455b4c1fc00d781fe4
SERVER_HANDSHAKE_TRAFFIC_SECRET a39b55e53d2249f620f6935f4df0359f98e23e5ed0633cf48ff3c1058a9cddc3 bed45b4ea20a99419e109edf326decbdcfd81c1dc3b5f99d8cf1a88ef1df834b
CLIENT_HANDSHAKE_TRAFFIC_SECRET a39b55e53d2249f620f6935f4df0359f98e23e5ed0633cf48ff3c1058a9cddc3 c555d1aae40ef0613925b58768829bac8b02f10f7b0564fa575c88ff769cce28
SERVER_TRAFFIC_SECRET_0 a39b55e53d2249f620f6935f4df0359f98e23e5ed0633cf48ff3c1058a9cddc3 a6f74b14c6e5679115802d43de40e370fbad5a7b6eb292c70a40d68b7e60a843
SERVER_HANDSHAKE_TRAFFIC_SECRET 7ae7ec4e5a21b29cbfe4203a3a5b3b2263b2e2474949096e0010485db475e9ce e92352a92b460ed71aee76c248c343b620374745fa0b4ee9a076748da8e63a63
CLIENT_HANDSHAKE_TRAFFIC_SECRET 7ae7ec4e5a21b29cbfe4203a3a5b3b2263b2e2474949096e0010485db475e9ce 80001f7f0b924566fbcdcb15290f761af4d2209a60810b7b10e266d04d8c0266
SERVER_TRAFFIC_SECRET_0 7ae7ec4e5a21b29cbfe4203a3a5b3b2263b2e2474949096e0010485db475e9ce 447249c37aafe28e63444ec02a8a08828ac2c7d8db18672eb0fea3225d0cc077
SERVER_HANDSHAKE_TRAFFIC_SECRET af75e5e6d0a03734f0e0d49f45facebbadb7e5fca739bdfe0fd59f40ca7491ae 53bbaecbdcbb7e405becc6129cf9fb9b0215993ed4b1a7bd5a07745f90b2652c
CLIENT_HANDSHAKE_TRAFFIC_SECRET af75e5e6d0a03734f0e0d49f45facebbadb7e5fca739bdfe0fd59f40ca7491ae cddbcaaacda1c3bfb8646a08ddf44a9270047fb8f20f92f089779234ea1c3513
SERVER_TRAFFIC_SECRET_0 af75e5e6d0a03734f0e0d49f45facebbadb7e5fca739bdfe0fd59f40ca7491ae 59d1d4c1109a6fdd4f0030bf9135f77d1bff5a71c1f623c25cb7f752a5464cad
SERVER_HANDSHAKE_TRAFFIC_SECRET 94be2a48faefb0e7c4661119962f7b5909593478189f99d24f1555cfeb7512a6 f62aca5614dea3195ad15682df4269a48dc62318f723e88e43ef731ace2c4226
CLIENT_HANDSHAKE_TRAFFIC_SECRET 94be2a48faefb0e7c4661119962f7b5909593478189f99d24f1555cfeb7512a6 55370c9b7e3b4063c00da4e87c338a3a3daa0ae83053d3f39bb6f06466e9e695
SERVER_TRAFFIC_SECRET_0 94be2a48faefb0e7c4661119962f7b5909593478189f99d24f1555cfeb7512a6 ef0df18a23541a3d0d4a7b5d2511f068b3eba4be5469d2d3a8861c156ccb2c86
SERVER_HANDSHAKE_TRAFFIC_SECRET 20c4a185702870764597629c730af9330e0af0ac2089e3ca6e70a28f1d9be43d 8663a624b14257e6a0133b5b04e3723edd4205216eaa59682d98e290fae5fdbe
CLIENT_HANDSHAKE_TRAFFIC_SECRET 20c4a185702870764597629c730af9330e0af0ac2089e3ca6e70a28f1d9be43d 514992bc0b874ac610f9f302290a8a7e97ada2fe8530e7da592bf73731c2e076
SERVER_TRAFFIC_SECRET_0 20c4a185702870764597629c730af9330e0af0ac2089e3ca6e70a28f1d9be43d b2675b69c6d105b09c816ea5fb688fb4b2319db16db9d867663f000bf5fba203
SERVER_HANDSHAKE_TRAFFIC_SECRET 3edd1be366edbdaa69fef6ac4052656c36139a6d19030397c1386314c0924da4 69540e1209c153341c3676879d5eda65afbb4b1196d266c8bc979cb8cf57e1d1
CLIENT_HANDSHAKE_TRAFFIC_SECRET 3edd1be366edbdaa69fef6ac4052656c36139a6d19030397c1386314c0924da4 51fc2f6b5eb0265a936b0d6afe5582e199582177e4a29a72de2a01eee2abebea
SERVER_TRAFFIC_SECRET_0 3edd1be366edbdaa69fef6ac4052656c36139a6d19030397c1386314c0924da4 3d7ea5b45156e6badebd28cb1171bee68902f4435e860d4ad668893ac6718c32
SERVER_HANDSHAKE_TRAFFIC_SECRET 240031ad08f35f84944397236d541ea82e8b4a352b9870c6df65903d6d6369e3 088ff8faf46b4c2a7d459b43301b77e12bcb4b225be463214cebffa536de041c
CLIENT_HANDSHAKE_TRAFFIC_SECRET 240031ad08f35f84944397236d541ea82e8b4a352b9870c6df65903d6d6369e3 6fe4fd2386acffdf68020e680c2199af62b007e7dd3c18fdf4b676732c2181c8
SERVER_TRAFFIC_SECRET_0 240031ad08f35f84944397236d541ea82e8b4a352b9870c6df65903d6d6369e3 45a7dec4c4b8e64f6452d72fa2704b69d1414bafbf8e6d33fb3c06e515c3f858
SERVER_HANDSHAKE_TRAFFIC_SECRET ab97ca1a742a07e3dab92ba203a0e4067ea4948024adf384ecaf802c8544761b a39b4ce35948127f4fe6b997246a914bc7013c822633246369e5ba4e61af55e4
CLIENT_HANDSHAKE_TRAFFIC_SECRET ab97ca1a742a07e3dab92ba203a0e4067ea4948024adf384ecaf802c8544761b f671fccebeccd30e728054455d9c9fa71afb4ceb8fabc919460bea649e92ba65
SERVER_TRAFFIC_SECRET_0 ab97ca1a742a07e3dab92ba203a0e4067ea4948024adf384ecaf802c8544761b 1678201df0848b71acde38edb31187daa570e9e90be8d45dc55ab1ac0d205a91
SERVER_HANDSHAKE_TRAFFIC_SECRET 62d45043aadd463083a371c63cec22eecbf8cdde1e1234e6955454474ee8944c 6e10bf8441a9520f6325a63e47cc9b7ffd6017cdb345ff6f2be71f241e746b2b
CLIENT_HANDSHAKE_TRAFFIC_SECRET 62d45043aadd463083a371c63cec22eecbf8cdde1e1234e6955454474ee8944c dbfbafcebf6d6d22aab3985c39f1ebf9b069c993964ff664b24563584e71c430
SERVER_TRAFFIC_SECRET_0 62d45043aadd463083a371c63cec22eecbf8cdde1e1234e6955454474ee8944c d615f46c87ce924fa87d3387aafa23303b59efbcc8bdc14d2530b27702afc05a
SERVER_HANDSHAKE_TRAFFIC_SECRET 8bb4ad17e1b2b4881e8947f09d3738cb01de6b2c73dbd78602595394adff64ae 4bc3c268173ecba9d0e9859a88d1748c91372da68b2effdf9aae30074add22a6
CLIENT_HANDSHAKE_TRAFFIC_SECRET 8bb4ad17e1b2b4881e8947f09d3738cb01de6b2c73dbd78602595394adff64ae 0b5b22fca75503e14360da0530e5955b350d45983ab1091371ce7046f5db075b
SERVER_TRAFFIC_SECRET_0 8bb4ad17e1b2b4881e8947f09d3738cb01de6b2c73dbd78602595394adff64ae 6ee94c15fce0d6cc4c6189e2212d26a5b118f1c9f649ee6e14abf1b81afa8a13
SERVER_HANDSHAKE_TRAFFIC_SECRET 5d922216d8897ad2da39de15a0009c7e21ec560b6133bb7017dfd4c81e8b8053 2e04af7113113018e7b1db1cf5da58273998ed7d121a693382353d2a72d72b5e
CLIENT_HANDSHAKE_TRAFFIC_SECRET 5d922216d8897ad2da39de15a0009c7e21ec560b6133bb7017dfd4c81e8b8053 ff2fd04f1a8f05049801bb0b98591060f49d87661bef3e4d137d4aac63fda34f
SERVER_TRAFFIC_SECRET_0 5d922216d8897ad2da39de15a0009c7e21ec560b6133bb7017dfd4c81e8b8053 6dae798ab10f737246e8ab18c12bebc1220db92d4007c91f27ed3210c211e0b6
SERVER_HANDSHAKE_TRAFFIC_SECRET 8a63d28f393e86a4627306069315faf6e2d61895c8a721fccf6276991cc3adb9 2c0a2f105bb662555a7c8d231d405d06cc535c7d81d233c1bc24a4afb397c440
CLIENT_HANDSHAKE_TRAFFIC_SECRET 8a63d28f393e86a4627306069315faf6e2d61895c8a721fccf6276991cc3adb9 5766e3af53f37b9278b213490c42e906ffcaba26939cfbb90d85dcce89d2837c
SERVER_TRAFFIC_SECRET_0 8a63d28f393e86a4627306069315faf6e2d61895c8a721fccf6276991cc3adb9 21aa9f1cebb32f1892f612a5501e3b9af7cfaef84b68f368e4162e91af7131e5
SERVER_HANDSHAKE_TRAFFIC_SECRET a750028a5179633769c95f41973cf71bcb35b3bd4015f978191be6a9977907ba f53331e44455a7e7691e550f8731d1b58d27c5d4b59c4ed1ff69f944d2bfb85d
CLIENT_HANDSHAKE_TRAFFIC_SECRET a750028a5179633769c95f41973cf71bcb35b3bd4015f978191be6a9977907ba 7f5d39c6b19d53d8f7ce2be7a50135930ae578f3c964f9de1b430cb3b67e5eb8
SERVER_TRAFFIC_SECRET_0 a750028a5179633769c95f41973cf71bcb35b3bd4015f978191be6a9977907ba b0e50c9e354d1aa0dd6a74437bb21a65ccef7d4e9ed0f8d49c69af4076c0a3e2
SERVER_HANDSHAKE_TRAFFIC_SECRET 0ad3497ffe4ef5746d9e93a23b315710f909c3b5d2b7af85e5d87b64b9ee5f3a 07f9f90da7702e9fa3258a1a43b597b567a3a054019978808103653577162b45
CLIENT_HANDSHAKE_TRAFFIC_SECRET 0ad3497ffe4ef5746d9e93a23b315710f909c3b5d2b7af85e5d87b64b9ee5f3a 880c3a78234400b5d81caa906aa3b90951b3b7d3ae38ee105e73145fda544086
SERVER_TRAFFIC_SECRET_0 0ad3497ffe4ef5746d9e93a23b315710f909c3b5d2b7af85e5d87b64b9ee5f3a 7156e814f04e5513eddfb47f760b47c3b81f0e617f27da73874820452c192e3a
SERVER_HANDSHAKE_TRAFFIC_SECRET a8bac5f4332b26fe771292b2b4e8ddd0b78471a0a841e6116ac72bb245ed1e89 0425cc0208c6607b96cd7f9210e741d7b47dac49f482bd7472729a3327727709
CLIENT_HANDSHAKE_TRAFFIC_SECRET a8bac5f4332b26fe771292b2b4e8ddd0b78471a0a841e6116ac72bb245ed1e89 6c12d2e14902641f29d4b105f1e19ccb53f50f4ac531cc70f2f59264072980e1
SERVER_TRAFFIC_SECRET_0 a8bac5f4332b26fe771292b2b4e8ddd0b78471a0a841e6116ac72bb245ed1e89 61e65595b32eb5dc339c187cad5e9eb8972caf914f5a0366b8551c005ec4dc15
SERVER_HANDSHAKE_TRAFFIC_SECRET 7add6e342acc9c84ac9549142172f68610e3ee6e4aac03a6b1c6c68dc005ccd0 25d888f542d826124a66e179b46caa0c62eb0f8c7b69219be8bffcb2246f70d7
CLIENT_HANDSHAKE_TRAFFIC_SECRET 7add6e342acc9c84ac9549142172f68610e3ee6e4aac03a6b1c6c68dc005ccd0 368866e90795ad82e71353e6532ec9c2b0e7b5b873346e6964b20d40ee58e715
SERVER_TRAFFIC_SECRET_0 7add6e342acc9c84ac9549142172f68610e3ee6e4aac03a6b1c6c68dc005ccd0 30015e26ba3bb9a04a7ab9cc96e7a1098c8b22d375439315a2b5259c07057206
SERVER_HANDSHAKE_TRAFFIC_SECRET f8e7c6d0f5d13fbda53b65bc3cae0730f08311cde40fcc211ea1b0210aeb19a8 c6249be7a0f53074ef1476ba33bc97ff9aadaf887eae554c0f6788a2ff10f3b6
CLIENT_HANDSHAKE_TRAFFIC_SECRET f8e7c6d0f5d13fbda53b65bc3cae0730f08311cde40fcc211ea1b0210aeb19a8 dbe600bca162dab241b4665018a875d18d4ba954a4bb4cfc0ae9225fc069048b
SERVER_TRAFFIC_SECRET_0 f8e7c6d0f5d13fbda53b65bc3cae0730f08311cde40fcc211ea1b0210aeb19a8 65465b2ab7d3ef7a6f072655f6b45b45f23e13092134c36bdce24ac21910a5a4
SERVER_HANDSHAKE_TRAFFIC_SECRET 6e0275fd08cb236a2ca0786dc53e949633329b369f226f0c667ae0de1ada0158 798c09e709074f0a68975506ffed3f29421ee2b2e1af708022f916046200d3fe
CLIENT_HANDSHAKE_TRAFFIC_SECRET 6e0275fd08cb236a2ca0786dc53e949633329b369f226f0c667ae0de1ada0158 aee5e55f298900ab8a67f3c1439c65c86f6e6a92018406104f37676b0892a7d3
SERVER_TRAFFIC_SECRET_0 6e0275fd08cb236a2ca0786dc53e949633329b369f226f0c667ae0de1ada0158 a89312fc887b3ceeae2fcd9056869f356a576de786d2d7a976ec4a8d1c78a9ae
SERVER_HANDSHAKE_TRAFFIC_SECRET ed55d072d661f26e5a1004496a980939a0653a7c362827e75f99c360769edf64 f38f6a3a0833df3aac579e8ab5c7c60621214762f0c71b7ed319acc7c5ce86df
CLIENT_HANDSHAKE_TRAFFIC_SECRET ed55d072d661f26e5a1004496a980939a0653a7c362827e75f99c360769edf64 0da98b08ad96030ba1aeac0e4672c5179274743dbb5a6b87631c573687265fd7
SERVER_TRAFFIC_SECRET_0 ed55d072d661f26e5a1004496a980939a0653a7c362827e75f99c360769edf64 d62dd8e13eed5aa9debd38bf8b399e943f1fca01fae99a48b1f9a8665a52be96
SERVER_HANDSHAKE_TRAFFIC_SECRET 1d5fbe1a631ec8562313bc69d2df849b78d0ddd523b8958e86874995ff0f4eaa d19b4036cde716ac4fe6031ce3a865441497f3bcb233edf50c48a3bd2e88c7f1
CLIENT_HANDSHAKE_TRAFFIC_SECRET 1d5fbe1a631ec8562313bc69d2df849b78d0ddd523b8958e86874995ff0f4eaa b6b33353892177d8f93831d074c2f6952b5345eaa24528c8b8315787b87ba711
SERVER_TRAFFIC_SECRET_0 1d5fbe1a631ec8562313bc69d2df849b78d0ddd523b8958e86874995ff0f4eaa ef3340e1176f58fe95e51157d92d3db61ad4aa5086a22510b95ea4e343ccdf67
SERVER_HANDSHAKE_TRAFFIC_SECRET 86b585356cd0529798931e3dd4806d724932e092e4a06932eda356c89f1759de 27648cdfcca29ec096bda7f6ab2df5cb1068b44d059a1d40cd010d575e9d0791
CLIENT_HANDSHAKE_TRAFFIC_SECRET 86b585356cd0529798931e3dd4806d724932e092e4a06932eda356c89f1759de 91c4e0c5f38431ca3d79987b99aa9ca8c943710b2b110e86b1cb06c0fe680df4
SERVER_TRAFFIC_SECRET_0 86b585356cd0529798931e3dd4806d724932e092e4a06932eda356c89f1759de 77a6b05df0b14bcb440b48dcb5a1d04d80e8b81aec065a3429e93d3b50d88a1c
SERVER_HANDSHAKE_TRAFFIC_SECRET 0ad844faac7a6e566cd4587059e0d9ca8ae34ec7186d62ef91b6afb2611bda0d 564d2a219e617cac5c1ef5d6941b668087e3b8c2dabfba10af59b7b53d798ee5
CLIENT_HANDSHAKE_TRAFFIC_SECRET 0ad844faac7a6e566cd4587059e0d9ca8ae34ec7186d62ef91b6afb2611bda0d ca8e568d14f721da4bced1639edb7149b90521091f47d2d585725ebf74733d9c
SERVER_TRAFFIC_SECRET_0 0ad844faac7a6e566cd4587059e0d9ca8ae34ec7186d62ef91b6afb2611bda0d 5f46eff8a50480185b733197ccd8ffe53ddbc0db799c4999b351e1f22b0cbf45
SERVER_HANDSHAKE_TRAFFIC_SECRET a85aa2d1bb19ac05ce6cf7dfeaf27aa82422aa93e18156447c9fbc8aaec45999 fa7d87c5ebecc84b43de12ad58f2e33c2b4a1f8c4f8259fbf24bfffc1781ec5a
CLIENT_HANDSHAKE_TRAFFIC_SECRET a85aa2d1bb19ac05ce6cf7dfeaf27aa82422aa93e18156447c9fbc8aaec45999 40d135684e53286fab2c7b61a3b660f7d25eefcd7504ce6fde9e9654b942d02a
SERVER_TRAFFIC_SECRET_0 a85aa2d1bb19ac05ce6cf7dfeaf27aa82422aa93e18156447c9fbc8aaec45999 0934709f582d174a2e7b3bf57689a480795023fc2ebaa82f2bbfb2866fe27e64
SERVER_HANDSHAKE_TRAFFIC_SECRET 5cc180bc6b91bff3325499fc5ab4d521c3890a78bbe31bb1c722e9bb933e2128 77eaba6472b826367602c6e08130936fbbfd01e1f3338fed762a4a43ba886a5b
CLIENT_HANDSHAKE_TRAFFIC_SECRET 5cc180bc6b91bff3325499fc5ab4d521c3890a78bbe31bb1c722e9bb933e2128 91920b72fe1e88b491169be979291d63c6b36bb5b3dfe0c81dfe293d72044721
SERVER_TRAFFIC_SECRET_0 5cc180bc6b91bff3325499fc5ab4d521c3890a78bbe31bb1c722e9bb933e2128 303cb0fc1f19bdf597454b094869a1dbcb5ea6bb51bf89242d745e928fedb69c
SERVER_HANDSHAKE_TRAFFIC_SECRET 00c09f32dba3406926993caf059813ced939eeaf2ce9bc47268cb8b62bc7fcf5 9579b80c5e748ce75c246dfe1497c2b97fdecae948bc6820134ca1910a91fde3
CLIENT_HANDSHAKE_TRAFFIC_SECRET 00c09f32dba3406926993caf059813ced939eeaf2ce9bc47268cb8b62bc7fcf5 f551bc42faca26d1a035ce72a6fc9158fd8691314729d67bc3dbfa11b56de91b
SERVER_TRAFFIC_SECRET_0 00c09f32dba3406926993caf059813ced939eeaf2ce9bc47268cb8b62bc7fcf5 8292f7d42e0a98e3ae85d68b7888987508436687c6dd195ce1a2d410ff405b53
SERVER_HANDSHAKE_TRAFFIC_SECRET 3c1373390a50b959252d6c492bbb9515ebe63e126aeb2fc29f5df11d27957093 065d432eed8a8dbf15ea593ae48639ccb936afc61e7a9044a2be65fe9a270271
CLIENT_HANDSHAKE_TRAFFIC_SECRET 3c1373390a50b959252d6c492bbb9515ebe63e126aeb2fc29f5df11d27957093 c956643c4ffd4d82cd9eacefac38ccbbac106b29eb0d5066ca2a0bcbccc448b6
SERVER_TRAFFIC_SECRET_0 3c1373390a50b959252d6c492bbb9515ebe63e126aeb2fc29f5df11d27957093 d4d6337c80ad50e076a558f1a3f3d1c0a4274598f25ca9a35b613aa9db29877e
SERVER_HANDSHAKE_TRAFFIC_SECRET d43b5b55fd64fcbf34dd55d109f98f36873aaf689e4a9f076b1e5e55b72fa074 a12ebb1e6e316cacf28348e8cefc73d16a2bc70d6b0197b4c09e4b388a178195
CLIENT_HANDSHAKE_TRAFFIC_SECRET d43b5b55fd64fcbf34dd55d109f98f36873aaf689e4a9f076b1e5e55b72fa074 3c3555a20476714357796ceca9af951e453df56ea20a210891a0b67064cdd47f
SERVER_TRAFFIC_SECRET_0 d43b5b55fd64fcbf34dd55d109f98f36873aaf689e4a9f076b1e5e55b72fa074 0ccad27e5612e98769d2450e1ea96f00e695dfb639a1d435df449d873412bbad
SERVER_HANDSHAKE_TRAFFIC_SECRET 90b31208c584173296ef454783eaf7635e579204b1f50e2aa1cdb5cf11fae74f 76751e0100760fce4ce33a5f31fcedd00be7ad92e5e294f9d56142b11e310f92
CLIENT_HANDSHAKE_TRAFFIC_SECRET 90b31208c584173296ef454783eaf7635e579204b1f50e2aa1cdb5cf11fae74f 8bbeeb8b36d622755f6cc4245adf0d774c502f3db855b32aba3d2a250858dc95
SERVER_TRAFFIC_SECRET_0 90b31208c584173296ef454783eaf7635e579204b1f50e2aa1cdb5cf11fae74f 3cfc646f045b0d2d240d742bd3e310d86d97d954f89cbbcd1c00052d015d311e
SERVER_HANDSHAKE_TRAFFIC_SECRET 6f118191151761963e3ad1d56d0fb8887ac61eb4dc2b560d1739da43dc2d2342 3c11d291dbc2c3bad911c59b5473c901699b1bba84189c2dff01481fe58b55df
CLIENT_HANDSHAKE_TRAFFIC_SECRET 6f118191151761963e3ad1d56d0fb8887ac61eb4dc2b560d1739da43dc2d2342 2361e1ee7a3699427f0bfa2e0e8b2e95a53481274ed0371df92c0308c00d222b
SERVER_TRAFFIC_SECRET_0 6f118191151761963e3ad1d56d0fb8887ac61eb4dc2b560d1739da43dc2d2342 6d31ff8a1c88f9e29a3a4fa981c5bb29c3e26db15f2015ddad413f599cfb64bc
SERVER_HANDSHAKE_TRAFFIC_SECRET d8aca604dcf34e63765c9bef6cc2f0e6a2402daeb27f8ad721f8107e8720cd0a 8459f246e6055d41cf4587269449b7395edf479b8b46bb5c0e0d09d22d2a7604
CLIENT_HANDSHAKE_TRAFFIC_SECRET d8aca604dcf34e63765c9bef6cc2f0e6a2402daeb27f8ad721f8107e8720cd0a 387208e1d306a6cd9ba82bab35d7e8e5d7761bab74ff62f20c9ecba9eaf6a909
SERVER_TRAFFIC_SECRET_0 d8aca604dcf34e63765c9bef6cc2f0e6a2402daeb27f8ad721f8107e8720cd0a 963303714d68c538bb57f53d843c10c2aae98a7bd5e9fdb3f792b894b982ebd5
SERVER_HANDSHAKE_TRAFFIC_SECRET e6118ffde0a7bdeece77e5a05c53a4d995e4162e2c84430fe8f6203aaa5e8c32 cf5bd2e6e17df538ad567aeaa3c136f46f26a8a017bbfb002fffee101d461832
CLIENT_HANDSHAKE_TRAFFIC_SECRET e6118ffde0a7bdeece77e5a05c53a4d995e4162e2c84430fe8f6203aaa5e8c32 b5d9c076d7bf9c730ac32e4eb1c0edbd6c9c389e6458d3bceb87a7e5c572c952
SERVER_TRAFFIC_SECRET_0 e6118ffde0a7bdeece77e5a05c53a4d995e4162e2c84430fe8f6203aaa5e8c32 9eb2b19b1a6b243b764b312f462061845e4a3a588f7aedd187426e47030d00c9
SERVER_HANDSHAKE_TRAFFIC_SECRET b5db930fb03034fd87185059e66b97a3c13b376e80083fb76d0085b54e2b6594 a421574eb09dc42699a8f6b4f554eb613f45c0cf308ffd497db20978276802f3
CLIENT_HANDSHAKE_TRAFFIC_SECRET b5db930fb03034fd87185059e66b97a3c13b376e80083fb76d0085b54e2b6594 e9ee96579b1b5bb30b480d5826c2a59dc1782722791804dad2d6e764f849f0cd
SERVER_TRAFFIC_SECRET_0 b5db930fb03034fd87185059e66b97a3c13b376e80083fb76d0085b54e2b6594 a50ee571118dd76be7fe60f6505ee09741d41063ac9787d11ba02db8f35f557f
SERVER_HANDSHAKE_TRAFFIC_SECRET cbfbf63e3d72b2308c2ffba3db754b4c815045138b660c6d1cf7f09cb847b008 1dcd51148116089bf529d860d921c108228b2cfa93aee00634ea5c120ccafd9c
CLIENT_HANDSHAKE_TRAFFIC_SECRET cbfbf63e3d72b2308c2ffba3db754b4c815045138b660c6d1cf7f09cb847b008 fbfdb579b7111138e93df2b4917ecbedfa4f098cb51c59b3eeda143224e10756
SERVER_TRAFFIC_SECRET_0 cbfbf63e3d72b2308c2ffba3db754b4c815045138b660c6d1cf7f09cb847b008 f75adc543a61a1dcb25aeab03fd887932382c1e3a148e6bcf0c4de8d993ac7e5
SERVER_HANDSHAKE_TRAFFIC_SECRET fcd77327c2d44d59e5421b111e36a6fc67911048fb8c8aefa570c6f6050d6c75 06a4932b054542a666ae73c7031c1327c896234f7fce0c251c24d901d319cf7b
CLIENT_HANDSHAKE_TRAFFIC_SECRET fcd77327c2d44d59e5421b111e36a6fc67911048fb8c8aefa570c6f6050d6c75 899fe23816939cb2a66795f9839282d3249f1d350f94261b531a4363aa8bffe9
SERVER_TRAFFIC_SECRET_0 fcd77327c2d44d59e5421b111e36a6fc67911048fb8c8aefa570c6f6050d6c75 0b64a88bfc4e9f0b7561e35c61edfc22e7cbe7ee3583f0f67ee4f9341d0fbe56
SERVER_HANDSHAKE_TRAFFIC_SECRET 7c7356f251b5d1ac07cd2df3b0b5be27696775d44a70f43d18bf710b78a018fc 6c50815fdae27afe98b5bb68bae997e9c16634bdd8d2df822c0521ab3da26f2a
CLIENT_HANDSHAKE_TRAFFIC_SECRET 7c7356f251b5d1ac07cd2df3b0b5be27696775d44a70f43d18bf710b78a018fc eced6d1630be4d2f0500fa7cbcc8b12b2bea11b5ba5172d7f7ffc6b32cc9adf7
SERVER_TRAFFIC_SECRET_0 7c7356f251b5d1ac07cd2df3b0b5be27696775d44a70f43d18bf710b78a018fc bb9113ec093074fcf6eb80b18c9895fbc4199d1a2578f3849494269c309703f2
SERVER_HANDSHAKE_TRAFFIC_SECRET e001ea979daf661d99247c736189b91e5f6ec8e6a48fd52f6357dbf2b28f7883 96a624a9c20b29734a5ee887354e09ea80756fac65a9a3875711fac3946f0f9d
CLIENT_HANDSHAKE_TRAFFIC_SECRET e001ea979daf661d99247c736189b91e5f6ec8e6a48fd52f6357dbf2b28f7883 a0badefe6c7babe2fa54913b90febe51088e4d9ef9769a53451f3ed0be6db300
SERVER_TRAFFIC_SECRET_0 e001ea979daf661d99247c736189b91e5f6ec8e6a48fd52f6357dbf2b28f7883 7c911c6cd5c13aa0bc0778d2c72f15f57a8df58ef90ae0f63a5f8496e226d5f6
SERVER_HANDSHAKE_TRAFFIC_SECRET 04b8947499d269b756a0760bc59c6c46b4f119d39facf22b0a4cac01c71f6116 aff898376457f10a23ba896d6d2b92b71338d71a53ceccb467500e2c616dc859
CLIENT_HANDSHAKE_TRAFFIC_SECRET 04b8947499d269b756a0760bc59c6c46b4f119d39facf22b0a4cac01c71f6116 aa4de983a81b9276bfa117ef5c9f32bb9be4263d8c12aeba7e0312d4cd58472f
SERVER_TRAFFIC_SECRET_0 04b8947499d269b756a0760bc59c6c46b4f119d39facf22b0a4cac01c71f6116 3a6d128c93c8b70fa1b3ecefe33c2a7adf9710b42044da090dbc3b4c03ed8237
SERVER_HANDSHAKE_TRAFFIC_SECRET f1de484c144884b394a4b762477e57667cc1310c83f3c2e54fc88d6e04ca5307 d8f22c980d864af288c06f62fdd06fe1e3d836459d46da7be8414dc555ce0d09
CLIENT_HANDSHAKE_TRAFFIC_SECRET f1de484c144884b394a4b762477e57667cc1310c83f3c2e54fc88d6e04ca5307 01c8bf03a3069a5b1022f8d5b9c003484a5b5bc7a6ec26dee093db78a636dc69
SERVER_TRAFFIC_SECRET_0 f1de484c144884b394a4b762477e57667cc1310c83f3c2e54fc88d6e04ca5307 a3741a925da86e9f357e3f96d73c9f93fb031c7025c97f825d7edb1b62e918e8
SERVER_HANDSHAKE_TRAFFIC_SECRET 0c40a8be6cffe683c4a47440368212c71c1a68191c6a7510474faf79e939b6c7 f83fbb7745836bc7c1eae5659f3b9c4acddb42155d5040a940e0b75389520b35
CLIENT_HANDSHAKE_TRAFFIC_SECRET 0c40a8be6cffe683c4a47440368212c71c1a68191c6a7510474faf79e939b6c7 c5992fd587889bbeb23cbe86e1ffccc33f6818c2c6c0e9ea20d38a7a84480e1f
SERVER_TRAFFIC_SECRET_0 0c40a8be6cffe683c4a47440368212c71c1a68191c6a7510474faf79e939b6c7 6796ddd6fb967b88113b2a7dc46e0de0d287f6d02415df24a1130be28ad6d1ae
SERVER_HANDSHAKE_TRAFFIC_SECRET 3fefc071ee2d26b62a50ce6a9f42537af12fd7622bd28351499a6672dfb0b564 3c22f3fc7f23213f3b6f47879f951cac3d37fc394a410950e85dc7d6d8d667a5
CLIENT_HANDSHAKE_TRAFFIC_SECRET 3fefc071ee2d26b62a50ce6a9f42537af12fd7622bd28351499a6672dfb0b564 176f9232ab94f4e5de3a55762e009612d5ca240d0616122bb6ba5573f3812b3c
SERVER_TRAFFIC_SECRET_0 3fefc071ee2d26b62a50ce6a9f42537af12fd7622bd28351499a6672dfb0b564 29b956b8bec724365540fc756f4262e0c3df9acd46052c713f1364182dabc873
SERVER_HANDSHAKE_TRAFFIC_SECRET ad42ae92630647e781d2573813469fd7955044594e2d03090069f2cd5c76dacb 9f17c920723cbbb558ae5c8f8f30e70938ebc686018521b792783a3490aafba8
CLIENT_HANDSHAKE_TRAFFIC_SECRET ad42ae92630647e781d2573813469fd7955044594e2d03090069f2cd5c76dacb 2c6b5e847129d7386d2632925debb422e96428f56ee189ee4798676577fbbe35
SERVER_TRAFFIC_SECRET_0 ad42ae92630647e781d2573813469fd7955044594e2d03090069f2cd5c76dacb c92fb82620ac498b136da32b0808a6885a1488eefc1030085d2b684ac662408e
SERVER_HANDSHAKE_TRAFFIC_SECRET 34293d4c2840a4145da801adcc30fef9e26c87e6a7231879f0e8b9f73cde3f0e 4c411c58097e069afb5058ab216a2a0c23f10ee07217ea1fd4ccaf9fa960b1cf
CLIENT_HANDSHAKE_TRAFFIC_SECRET 34293d4c2840a4145da801adcc30fef9e26c87e6a7231879f0e8b9f73cde3f0e 98cc21da4efccd126a42d897eaa0b1f03b37274387a9b4a0011c0dde26aa3094
SERVER_TRAFFIC_SECRET_0 34293d4c2840a4145da801adcc30fef9e26c87e6a7231879f0e8b9f73cde3f0e 012cb4b820502f6ff4d4282f243f4d943a457e5a479fcd10433a5768107e4afb
SERVER_HANDSHAKE_TRAFFIC_SECRET fb17d5e8991e740d19c66df9135562ecb312eed2a1e5b8ab7f4117d583d46ea3 41a3877d412189eb09c28d51959359791a8af67a357067b310045c3179167674
CLIENT_HANDSHAKE_TRAFFIC_SECRET fb17d5e8991e740d19c66df9135562ecb312eed2a1e5b8ab7f4117d583d46ea3 95ee92df73134aac76e1e807ea009d2bfe982e9cceebefcc4be535a04124708c
SERVER_TRAFFIC_SECRET_0 fb17d5e8991e740d19c66df9135562ecb312eed2a1e5b8ab7f4117d583d46ea3 d6469f76adbf78eef53b9407a7921b45cf840ff757c921b1790f65a5fca6ca69
SERVER_HANDSHAKE_TRAFFIC_SECRET dd0d38edad10392b449d9d9a8bc57a9d6960af038f82deac26513cf8ab0fce74 9d974f76641f17fd750ec9a04f03baeec5ba2666095f0fb6c05dcbd0306ead61
CLIENT_HANDSHAKE_TRAFFIC_SECRET dd0d38edad10392b449d9d9a8bc57a9d6960af038f82deac26513cf8ab0fce74 33102045fa65ffc727157afbd5ebd0d770c56311137fbf04e3f93096dc864cdb
SERVER_TRAFFIC_SECRET_0 dd0d38edad10392b449d9d9a8bc57a9d6960af038f82deac26513cf8ab0fce74 dddeea45ca17fc989c9629ece1cf5a2e60cdd6b6865d0becdec13042daea83f8
SERVER_HANDSHAKE_TRAFFIC_SECRET 2e704f8100403b63385530d6ce0a2eab6ee9b6790bfad9ecaa087bc5d3dad0ea 9cee5a0b0b783bc3bc1cd778fc856dea362efe1f580740aedcfcc767869bd235
CLIENT_HANDSHAKE_TRAFFIC_SECRET 2e704f8100403b63385530d6ce0a2eab6ee9b6790bfad9ecaa087bc5d3dad0ea da2a47084511eedd9544fe348f13e139693c8e6ff661c60acaf46fa2e900b754
SERVER_TRAFFIC_SECRET_0 2e704f8100403b63385530d6ce0a2eab6ee9b6790bfad9ecaa087bc5d3dad0ea 4e4bc1ad6aa783dd84ee815d2b7053212ff92ac18b3e0930f2470d803f75075a
SERVER_HANDSHAKE_TRAFFIC_SECRET 413cd1f0b064b989e4e5f8385ec1d0e1eb87adb32ff0928e11cd9b4db4b94f5f ef46f60a67ba2ad067034c392dd7eeafd9b69c9983e6c583e24ded73e9c021ac
CLIENT_HANDSHAKE_TRAFFIC_SECRET 413cd1f0b064b989e4e5f8385ec1d0e1eb87adb32ff0928e11cd9b4db4b94f5f e6ad9d384157438f40460a8dc9e72d6f08f3eb4f44c12e932c62538f191a1074
SERVER_TRAFFIC_SECRET_0 413cd1f0b064b989e4e5f8385ec1d0e1eb87adb32ff0928e11cd9b4db4b94f5f adfb40f901a2a106548a0f77dc4db7b39d61a36571c96c9059fbc8180b1b458f
SERVER_HANDSHAKE_TRAFFIC_SECRET ee1ece4f21f0e4bc3dfbf2c407653a0dff4af69c5935b9ae7134e1e6416d7f84 7113d781dd46b448aa12bf78ac54d087a2c16c4c6dcd71b6875bb59e58b316a7
CLIENT_HANDSHAKE_TRAFFIC_SECRET ee1ece4f21f0e4bc3dfbf2c407653a0dff4af69c5935b9ae7134e1e6416d7f84 4fe7c1d1dca1b14533abb5cf0d23d4f4c1447a38954057fcc7b6be6e0392e533
SERVER_TRAFFIC_SECRET_0 ee1ece4f21f0e4bc3dfbf2c407653a0dff4af69c5935b9ae7134e1e6416d7f84 793e9837ad2942ed5998c2a4475cc3c5c95e96f1c2d44593331123431292b331
SERVER_HANDSHAKE_TRAFFIC_SECRET d7d2f0366f7fb8ad01ae0b9dad89cb1cd8ee704109b73213833a3803a8dedf2e 79a7b5f014100a8d70a934f5b12b61edca741380a90b6ec2b6dee5862581bfc9
CLIENT_HANDSHAKE_TRAFFIC_SECRET d7d2f0366f7fb8ad01ae0b9dad89cb1cd8ee704109b73213833a3803a8dedf2e b0fe5953f02eff5a1d68ffd6af80f4f804569d2aed1b89327efd53b79a3151da
SERVER_TRAFFIC_SECRET_0 d7d2f0366f7fb8ad01ae0b9dad89cb1cd8ee704109b73213833a3803a8dedf2e 46fefe2ff795e5d7145927fa01526227f15354989d47d83cf41646f5b4c093ae
CLIENT_TRAFFIC_SECRET_0 d7d2f0366f7fb8ad01ae0b9dad89cb1cd8ee704109b73213833a3803a8dedf2e d3c091ec7e02b87c02405d7d9c0d464e7895e12a75e9b249f0ac5a5a01099ce9
SERVER_HANDSHAKE_TRAFFIC_SECRET ce2d33315d6015225388604d55a0b3c3ed38550f39e0c1543fcfe4a6248a5e95 3e1ad16a199eceba7cc2b3c1ce5e49b709dacc4b800c4574bc1898c0674a259f
CLIENT_HANDSHAKE_TRAFFIC_SECRET ce2d33315d6015225388604d55a0b3c3ed38550f39e0c1543fcfe4a6248a5e95 35f59899aebfa7fbc29d353cdb0492020ef87b481ea2a5904f7e444359862c01
SERVER_TRAFFIC_SECRET_0 ce2d33315d6015225388604d55a0b3c3ed38550f39e0c1543fcfe4a6248a5e95 8ad7a6e173a8d0b3cd4f8a31cc6172c779211e7aab8863a9975ceb645c4365a5
SERVER_HANDSHAKE_TRAFFIC_SECRET 301994898a5d52d2ed5596d648df2ea12c11a579f9b08592f3b03110978a4fa5 bb2ece57fe585c139968ad9744fe06a03de28e70baefac1c6df87b8709ea434a
CLIENT_HANDSHAKE_TRAFFIC_SECRET 301994898a5d52d2ed5596d648df2ea12c11a579f9b08592f3b03110978a4fa5 b9a98daed266af5905006871c3a4bb2de33f531141355b2484bae8b892254b6b
SERVER_TRAFFIC_SECRET_0 301994898a5d52d2ed5596d648df2ea12c11a579f9b08592f3b03110978a4fa5 f070c63bd6b8809a3c651947a5a49341806d82e1fd48cc5a957c0fc6898321be
SERVER_HANDSHAKE_TRAFFIC_SECRET 67d46b452b9771461975feef4abf1477fe044cf5feb07026e1de492ceed58c69 cb2110f802bc8df48ef7f29b719f26eab961c6425cb97bf90cc05502f110ce02
CLIENT_HANDSHAKE_TRAFFIC_SECRET 67d46b452b9771461975feef4abf1477fe044cf5feb07026e1de492ceed58c69 f075ab9837c0806710e38a56d3ff076d6fee9ba0730d9dda622e7d649466a31b
SERVER_TRAFFIC_SECRET_0 67d46b452b9771461975feef4abf1477fe044cf5feb07026e1de492ceed58c69 432bfef2e74a9a662eb1ceb52318a0d3f5daf4fba48bafdc389932a7a179a220
SERVER_HANDSHAKE_TRAFFIC_SECRET 43d8eecc062fd0ae4d75fa0029b008fb1aa59f1665d0eaefab50b0114e0868b7 cb86be9af4b3d0db51c1bbdae4d509ed2c581041bcb4ba2ac030e4655d9f58f9
CLIENT_HANDSHAKE_TRAFFIC_SECRET 43d8eecc062fd0ae4d75fa0029b008fb1aa59f1665d0eaefab50b0114e0868b7 50050516e568d7518c9b9381f26877d27468147f123d44a9ebcea6547fdef0f6
SERVER_TRAFFIC_SECRET_0 43d8eecc062fd0ae4d75fa0029b008fb1aa59f1665d0eaefab50b0114e0868b7 2dbfe02fd79ec25b60f05ecc7782a7c1dee32cc472ee1b0ca7dc9082fdcd0b77
CLIENT_TRAFFIC_SECRET_0 43d8eecc062fd0ae4d75fa0029b008fb1aa59f1665d0eaefab50b0114e0868b7 b13d1588f9ee8965784a7e50d1f2aafd04f6a305f324731e1a29ae676ed9bbc8
SERVER_HANDSHAKE_TRAFFIC_SECRET fa9722442e2c17f2dcb385b912a7e54b7957b5d3712945d2fe5edc503cd25ffb 602bd9a3db6257489aea4ed059b7f77b10b5eea1d24b0843441c837e8f713be4
CLIENT_HANDSHAKE_TRAFFIC_SECRET fa9722442e2c17f2dcb385b912a7e54b7957b5d3712945d2fe5edc503cd25ffb 076a2003fb5750bc996d6b1b6832319d5ef98482b146f49a4ab7ca6395f565d4
SERVER_TRAFFIC_SECRET_0 fa9722442e2c17f2dcb385b912a7e54b7957b5d3712945d2fe5edc503cd25ffb 00e03ec37d18f5e97110262fcc6cb7a43d890215e8b5739f05c690bd76c0fefd
CLIENT_TRAFFIC_SECRET_0 fa9722442e2c17f2dcb385b912a7e54b7957b5d3712945d2fe5edc503cd25ffb a0ae7860b108ac5d40032301ad92decd83ad04e808aec1e7c98438c1ea565f6b
SERVER_HANDSHAKE_TRAFFIC_SECRET 16300266c915bf1bc1e20aac50f14ae3c09cdb3ce3fd49b45c59948340e96132 5643304ddbcc603e419ea51dad68d6a2102ec52bd55869e18f77654c627194d3
CLIENT_HANDSHAKE_TRAFFIC_SECRET 16300266c915bf1bc1e20aac50f14ae3c09cdb3ce3fd49b45c59948340e96132 1ccb12e3664d7b53cfd6fb043b053ed78cf8acd5abbbc2c89238bfecc4ea07da
SERVER_TRAFFIC_SECRET_0 16300266c915bf1bc1e20aac50f14ae3c09cdb3ce3fd49b45c59948340e96132 d731c44936bbe82a7a2517f89030dc2eb527162eb041dd9598a7e1760fa251ee
CLIENT_TRAFFIC_SECRET_0 16300266c915bf1bc1e20aac50f14ae3c09cdb3ce3fd49b45c59948340e96132 b11ca6bdf03e97df350dfd80f9b1f2ee8496d307f00dac37af3bea6cd5fb99f6
SERVER_HANDSHAKE_TRAFFIC_SECRET 4938067b30e99dfbb90ca03dda2b5e3e345ecbacb6de481a1313bea5547ca335 5df33cc8a4df65397028575d0bbdcd8378b7aaf03d16310735f68e98fca97cde
CLIENT_HANDSHAKE_TRAFFIC_SECRET 4938067b30e99dfbb90ca03dda2b5e3e345ecbacb6de481a1313bea5547ca335 861ccc4ad7a9aa8a89a5ae8e75f14de6a926c08891610c4bd34ddae1ad0362f1
SERVER_TRAFFIC_SECRET_0 4938067b30e99dfbb90ca03dda2b5e3e345ecbacb6de481a1313bea5547ca335 33723b70f252717fc78db14fc6b70efc9a4455c4a9fd8895d6d6f7fbd5300a17
SERVER_HANDSHAKE_TRAFFIC_SECRET 994e4f749e4337ace20ede2404225681fc2e4a7b3cf9bbae3b2fc22c0efdf57a 9ce6fa80c8479230d9f0752819e05321dca4b773c4b50c7b505701f176a85055
CLIENT_HANDSHAKE_TRAFFIC_SECRET 994e4f749e4337ace20ede2404225681fc2e4a7b3cf9bbae3b2fc22c0efdf57a 3e7b9ecfff7e48cfca36ef160dc3d6e86f7ca3ab0553d61b885817cc9eb96e1d
SERVER_TRAFFIC_SECRET_0 994e4f749e4337ace20ede2404225681fc2e4a7b3cf9bbae3b2fc22c0efdf57a f327b03e2da8414479a60195ecab7adc913e90225e3c7d9a09ae7c173ba12a27
CLIENT_TRAFFIC_SECRET_0 994e4f749e4337ace20ede2404225681fc2e4a7b3cf9bbae3b2fc22c0efdf57a a2e48f0c660b5fd6d9c87de008f4fdf4106e0fb9717b0f58529f3e13aeccfdf0
SERVER_HANDSHAKE_TRAFFIC_SECRET 3f814b39b56d590a76babecee01838d63f2a604ac7b582e999af219d0c2f3123 68b9a1cb4fc4c656c36e2471741cbdadf274a768449410fef778e17ca5ee70e1
CLIENT_HANDSHAKE_TRAFFIC_SECRET 3f814b39b56d590a76babecee01838d63f2a604ac7b582e999af219d0c2f3123 948ad8705855c71c7e48442cac9a9d82c6b1adad1169f1c82577f1e7ad95040e
SERVER_TRAFFIC_SECRET_0 3f814b39b56d590a76babecee01838d63f2a604ac7b582e999af219d0c2f3123 e3bf534f5e9d5b57fe466fabe458c15fc18ac03ba17bc0706d0de3df03f15f63
CLIENT_TRAFFIC_SECRET_0 3f814b39b56d590a76babecee01838d63f2a604ac7b582e999af219d0c2f3123 c62041d70c2a144bf7a0118bcd088f74d7fe7112293517a5a7e9e4111d36ffc4
SERVER_HANDSHAKE_TRAFFIC_SECRET c90c8f2209db9dd72c7da2960c874d0aaecbcec510c79c5d7fde24077b027ffc 3633aa61713cc4436443960f2db5deec454db9da8269bc2a28299c1ffa0a72f3
CLIENT_HANDSHAKE_TRAFFIC_SECRET c90c8f2209db9dd72c7da2960c874d0aaecbcec510c79c5d7fde24077b027ffc 805f3f943fda51cf1963fc380ae47c92de2b50686d973224e12ae8f919192511
SERVER_TRAFFIC_SECRET_0 c90c8f2209db9dd72c7da2960c874d0aaecbcec510c79c5d7fde24077b027ffc 02ca7461f2b67390ce495ac95ad4155cd2521dd38df109e8effa2c64a5f7133c
CLIENT_TRAFFIC_SECRET_0 c90c8f2209db9dd72c7da2960c874d0aaecbcec510c79c5d7fde24077b027ffc d9d8c47833aa02d984ca74f428d083c621e922a4fbac58ce005a5d16e4786d65
SERVER_HANDSHAKE_TRAFFIC_SECRET 8d86549ce5120d7b95b35c12339bbab07da4ae0353418498ba33ddb34e641096 95d1a7e7ec2ba2b41d72a27912fd7982989c93aafcb9ab7c17ea6594cd083cc2
CLIENT_HANDSHAKE_TRAFFIC_SECRET 8d86549ce5120d7b95b35c12339bbab07da4ae0353418498ba33ddb34e641096 a739e2bb700c6943c9cf18e1d06c703d27cab52c14b4d88b7d6d50d389dbd75c
SERVER_TRAFFIC_SECRET_0 8d86549ce5120d7b95b35c12339bbab07da4ae0353418498ba33ddb34e641096 fdecac15bd32f0e44bfee2155e9c103fa021657abb6706fc1828048598b34108
SERVER_HANDSHAKE_TRAFFIC_SECRET 1df9594de5af784d08675021221af18f5641ed41339b43327a7642cfe6136064 23c9d76dd848a619da13442ccfddbecc6c4161170c9870d4fda62b2a2847d32b
CLIENT_HANDSHAKE_TRAFFIC_SECRET 1df9594de5af784d08675021221af18f5641ed41339b43327a7642cfe6136064 c7c9d6eb45052e9f70a0c7d1d59a02b21885bb5385d5f34eb5b227d9c7d1e9c9
SERVER_TRAFFIC_SECRET_0 1df9594de5af784d08675021221af18f5641ed41339b43327a7642cfe6136064 677fe4937729d7336e72c846e62b94f111712eebfea7778910942c26f94fa160
SERVER_HANDSHAKE_TRAFFIC_SECRET 09561eb54647c6f47e09851b98ed15595cd31e40978c67b922443607a351f660 1106a43631a04eab91450040da6a2ce7cb48149c950e03fcbc3ac60880a02f83
CLIENT_HANDSHAKE_TRAFFIC_SECRET 09561eb54647c6f47e09851b98ed15595cd31e40978c67b922443607a351f660 bb93e707a82b85ac1819eeec46194c4e2114ee99d5498dd34478300bdb2b02cd
SERVER_TRAFFIC_SECRET_0 09561eb54647c6f47e09851b98ed15595cd31e40978c67b922443607a351f660 c6c5ed882d166ad02188d6235f0032d996982cecd57cf832116e0c6fe6a59514
CLIENT_TRAFFIC_SECRET_0 09561eb54647c6f47e09851b98ed15595cd31e40978c67b922443607a351f660 ddfd8e0569249a984dc2f98c575db67372b630bf1b064a9757003a36df110b6f
SERVER_HANDSHAKE_TRAFFIC_SECRET 3a928aef48220c2076a77179e0536ac3a1ea82e111cca8a80719fd93761cd386 f509c6ebaaf0e5a1fdea353b62e417bd7eade5ee9533da8acdda5791a99fdcf5
CLIENT_HANDSHAKE_TRAFFIC_SECRET 3a928aef48220c2076a77179e0536ac3a1ea82e111cca8a80719fd93761cd386 9dcf343160fb1c4ec0e6c60447a714bb2128aaf9f6f59c84c3c2bc6c16ea5450
SERVER_TRAFFIC_SECRET_0 3a928aef48220c2076a77179e0536ac3a1ea82e111cca8a80719fd93761cd386 1c550b8a940827a2df5b52c93f7d9df2d64c879fba46e6d24ee9a757be143ff1
CLIENT_TRAFFIC_SECRET_0 3a928aef48220c2076a77179e0536ac3a1ea82e111cca8a80719fd93761cd386 a355c525cb0f729dfff09519f696ea8f76cf47c1cc4723de09e06976c897979e
SERVER_HANDSHAKE_TRAFFIC_SECRET 9f9c1e632d53aa725ef12ec30680de21a8c8350ddcc795f274d03464d28b1711 adc4b0ff2cf3b28d36bc8bc27a8dfb01fdb3a01e65a67393581a8cff6b2adfeb
CLIENT_HANDSHAKE_TRAFFIC_SECRET 9f9c1e632d53aa725ef12ec30680de21a8c8350ddcc795f274d03464d28b1711 bc4a93256fbfa5a71bd92d3679ba292c96f50675a6268c1cc35d0208189b16d2
SERVER_TRAFFIC_SECRET_0 9f9c1e632d53aa725ef12ec30680de21a8c8350ddcc795f274d03464d28b1711 0fe79a0592c1e317abbd9f2dc7de6f6aef035133a4abd5a2ed0c37eae8cff763
CLIENT_TRAFFIC_SECRET_0 9f9c1e632d53aa725ef12ec30680de21a8c8350ddcc795f274d03464d28b1711 349ef4da6b7029429a87533070287bf9e13b09e6d20369b1100acf1cf8d927c1
SERVER_HANDSHAKE_TRAFFIC_SECRET 19805e9a779e314df63488fdc0c0715ee30cff4b51345d0877e6aada3b6d1739 dfd882227a5b62da64328c914c5df631e55f5bc311d6081da036d9ee0504c9ae
CLIENT_HANDSHAKE_TRAFFIC_SECRET 19805e9a779e314df63488fdc0c0715ee30cff4b51345d0877e6aada3b6d1739 bb42285373f5b0450e3b3ae752d3b86f751c9eaaba561354a2942a5018946d30
SERVER_TRAFFIC_SECRET_0 19805e9a779e314df63488fdc0c0715ee30cff4b51345d0877e6aada3b6d1739 db2ca71acf49345111b388bbd422aea16d8d8748b4c79e89b5d4695cf3b19d69
CLIENT_TRAFFIC_SECRET_0 19805e9a779e314df63488fdc0c0715ee30cff4b51345d0877e6aada3b6d1739 329861f790cf5605b27296245514837f8a16b9add58de5105c79faa2e967b8c1
SERVER_HANDSHAKE_TRAFFIC_SECRET 916b6ffa2a4eca42710890044f1efbabde113265c39b37e3205aad9da1c0f215 8c9f834b8fef4ec3c4fe4f9b00a4d27b062e30389ad7e5a10e683aede5fbeb5f
CLIENT_HANDSHAKE_TRAFFIC_SECRET 916b6ffa2a4eca42710890044f1efbabde113265c39b37e3205aad9da1c0f215 1584beccaf65ae74042a291a08063b10f70ebc3c0305d7996d2c087b4eca3433
SERVER_TRAFFIC_SECRET_0 916b6ffa2a4eca42710890044f1efbabde113265c39b37e3205aad9da1c0f215 903c85a40f31357c75612f45899b1ce550c64c8bbc29e8efc76d6c2b675f1612
CLIENT_TRAFFIC_SECRET_0 916b6ffa2a4eca42710890044f1efbabde113265c39b37e3205aad9da1c0f215 6e7b7a8ab140ca97b9d38429a1ea759c50e21309f304664e23a4b90c9d826588
SERVER_HANDSHAKE_TRAFFIC_SECRET 677e1d514a94f79d4d9bcc4aa4d5735578f70c8f6c383bc56d649cbff9c5f9f1 3b945528f8640c6b8129bde020c2a5734884912d3458b7f85992443671649d14
CLIENT_HANDSHAKE_TRAFFIC_SECRET 677e1d514a94f79d4d9bcc4aa4d5735578f70c8f6c383bc56d649cbff9c5f9f1 5c7c1e6cb4490932529761b9e61712a5e8ecde6c9a67cbb481ecc95ebb1ebde6
SERVER_TRAFFIC_SECRET_0 677e1d514a94f79d4d9bcc4aa4d5735578f70c8f6c383bc56d649cbff9c5f9f1 6213d584e31eb71d934fbb07e88e6686b09ddeac766eb36de7db08e98a96d334
CLIENT_TRAFFIC_SECRET_0 677e1d514a94f79d4d9bcc4aa4d5735578f70c8f6c383bc56d649cbff9c5f9f1 653a7837bad1588d67500e1c8b25b894254365abfc2c311fd0e90c9cb139789b
SERVER_HANDSHAKE_TRAFFIC_SECRET ccf3e40e7e4986f3675f5659ed6bf576abca28417805c535ded62c36fbbf0620 1ed2c9ee64f5399510cd1e7008b14a6d17e645e78e02ea4fe1ba70d37c1348ad
CLIENT_HANDSHAKE_TRAFFIC_SECRET ccf3e40e7e4986f3675f5659ed6bf576abca28417805c535ded62c36fbbf0620 82daab76a94b35a41548590ad9720461ae725469e0819cfb821b64dffe5fb565
SERVER_TRAFFIC_SECRET_0 ccf3e40e7e4986f3675f5659ed6bf576abca28417805c535ded62c36fbbf0620 cb6eb8063410650c66606b4316c31900715d0a0ab8ea6ae17efe9ffcdb6897a4
CLIENT_TRAFFIC_SECRET_0 ccf3e40e7e4986f3675f5659ed6bf576abca28417805c535ded62c36fbbf0620 c6cd515c6cdd9099788c61e88012364638ce1eceb6b1b5500d640af7ce1100e9
SERVER_HANDSHAKE_TRAFFIC_SECRET d06e81fade5b4ac38e14de03e2cec908d8d9be741bfef466e2afde8cc732f224 b4adbf3cd43799492d37f22521816e19de8a4d814c6387727f194a8d7dac88d3
CLIENT_HANDSHAKE_TRAFFIC_SECRET d06e81fade5b4ac38e14de03e2cec908d8d9be741bfef466e2afde8cc732f224 99509d00cc4668eca0badc89c2dccfd2cf08aa3ea98c7323678ecfce02060ca3
SERVER_TRAFFIC_SECRET_0 d06e81fade5b4ac38e14de03e2cec908d8d9be741bfef466e2afde8cc732f224 7994bb23fb5cca2f574e2cd5e8b26198d31c86da709f72c80985655f5524fa31
CLIENT_TRAFFIC_SECRET_0 d06e81fade5b4ac38e14de03e2cec908d8d9be741bfef466e2afde8cc732f224 ddcf19aa378e66350df1a9e53bc606daa4f2c09729935ea89e1aa9028cc79724
SERVER_HANDSHAKE_TRAFFIC_SECRET 8edcef3c09027816042393e7834f6a1219fd525002c9663542678ecbb3d789e8 46872018733de70df0ebfae922eed48a4edb8565fae4a3051b1f8e4ac7521f6e
CLIENT_HANDSHAKE_TRAFFIC_SECRET 8edcef3c09027816042393e7834f6a1219fd525002c9663542678ecbb3d789e8 7128cb74c319dc732ebf7532852f6b628d2adc54c272a53be038c74c4d5d21ad
SERVER_TRAFFIC_SECRET_0 8edcef3c09027816042393e7834f6a1219fd525002c9663542678ecbb3d789e8 832681adf3dde83540afdd4fb3019ead284d1ba54250a5d816c743dc8e1c516e
CLIENT_TRAFFIC_SECRET_0 8edcef3c09027816042393e7834f6a1219fd525002c9663542678ecbb3d789e8 91a024290cde143b99862dcb45cdf444b6d6556901a82126d994bf6efa6e8502
SERVER_HANDSHAKE_TRAFFIC_SECRET 761ed65c2c1a72d34d93dc3cda760d7a79dde509c1617dcf43e004e1602c1d49 51f17b86835fbae7226790ddc034103597e25f31c08a88693534c95cf4b5d0cc
CLIENT_HANDSHAKE_TRAFFIC_SECRET 761ed65c2c1a72d34d93dc3cda760d7a79dde509c1617dcf43e004e1602c1d49 b24ddf3982d6b3eeb1b498be1d6a6d93f71322cee87f5ce89691e50861b58988
SERVER_TRAFFIC_SECRET_0 761ed65c2c1a72d34d93dc3cda760d7a79dde509c1617dcf43e004e1602c1d49 f7c21ec06026927483fcd2d6560d8862ba96ee504461c2c0e5f915d6d3eb9949
CLIENT_TRAFFIC_SECRET_0 761ed65c2c1a72d34d93dc3cda760d7a79dde509c1617dcf43e004e1602c1d49 cdea07362e439ab4e0069681f941e144fac9615daed879ba8cc172b786aa25ff
SERVER_HANDSHAKE_TRAFFIC_SECRET ca60d163282f1675e31d7fdb039915aab5e2acec7787a17fdb2f15391a807960 30b8d1c532b9a3217a9fa2105fdfb03b6665abc9148f3ec75db6a5ef239fc14a
CLIENT_HANDSHAKE_TRAFFIC_SECRET ca60d163282f1675e31d7fdb039915aab5e2acec7787a17fdb2f15391a807960 f9d1d5a303eeee440216eea3e27957c68cbb9ca943a6a5c709b087b92b37a99e
SERVER_TRAFFIC_SECRET_0 ca60d163282f1675e31d7fdb039915aab5e2acec7787a17fdb2f15391a807960 4232146282ce7e130668921e054f315ccb52025ff62c5f6f1c058e554ff0fe11
CLIENT_TRAFFIC_SECRET_0 ca60d163282f1675e31d7fdb039915aab5e2acec7787a17fdb2f15391a807960 78c990b72018515624f8854c495e4334606085cbf7e970975ef0cfc5eb601f23
SERVER_HANDSHAKE_TRAFFIC_SECRET a799da76ecc07e62c778c31c0f9d615f4e2152a90acc5c93457c92c8d87367cd c8d7531cc319009f92c98ff7f6e21148809227d6a85ca8131a532fb0ace1ced5
CLIENT_HANDSHAKE_TRAFFIC_SECRET a799da76ecc07e62c778c31c0f9d615f4e2152a90acc5c93457c92c8d87367cd c6b74c6abb729f872215e1b55a8b1af0510cbdac2c86f7bf3fd22db0397c200b
SERVER_TRAFFIC_SECRET_0 a799da76ecc07e62c778c31c0f9d615f4e2152a90acc5c93457c92c8d87367cd 68188f19d106fd68cdb54117129397cf64aee8b2117f604e8ba12d24e05f6acd
SERVER_HANDSHAKE_TRAFFIC_SECRET fbabc0c37a46361cb5b2b10cd596faad4ba46a362e821c3d531259df8befe718 c114fc901ac54a10b0cbb630553943fec9a59a6df2785c26bfe1ed675a4821ee
CLIENT_HANDSHAKE_TRAFFIC_SECRET fbabc0c37a46361cb5b2b10cd596faad4ba46a362e821c3d531259df8befe718 3eb834769f60ac4298b31bebabcd3862d69c4c339b83a9008631c219975796f8
SERVER_TRAFFIC_SECRET_0 fbabc0c37a46361cb5b2b10cd596faad4ba46a362e821c3d531259df8befe718 4103650d04be7b5f4e2dc3bece06e3d939959aec00f19a64c28a1c6ae98e67ab
SERVER_HANDSHAKE_TRAFFIC_SECRET d73b75a9d6613e5af5e0fadc72516bf4a12f6d4b7d82b8cb9320ce1174b35707 330808b7a45d81b6f65d51e3eae9623733f28a2464038b01e722b786f66eb01e
CLIENT_HANDSHAKE_TRAFFIC_SECRET d73b75a9d6613e5af5e0fadc72516bf4a12f6d4b7d82b8cb9320ce1174b35707 672b7d84276848af236573b7c7113f1b7fd8278de21d4874af1f590f6623ed76
SERVER_TRAFFIC_SECRET_0 d73b75a9d6613e5af5e0fadc72516bf4a12f6d4b7d82b8cb9320ce1174b35707 3977600d4d49f0b9801e2cc19dd5931e9c1ca5407983b9b327ec2277445cd3dc
CLIENT_TRAFFIC_SECRET_0 d73b75a9d6613e5af5e0fadc72516bf4a12f6d4b7d82b8cb9320ce1174b35707 0be69d6684c66c1fc39f7641f756e590758995903c06c2fce6bd6e57fa5aeb3e
SERVER_HANDSHAKE_TRAFFIC_SECRET c43f099dac0b60a4dd40a733f8b1541b58972deb15ce9e286e7a9d933f79a2b3 8495a9d72f19d531973b0a70822e3a4fd5eb80eac5108813d9b3f47eabb6b6ff
CLIENT_HANDSHAKE_TRAFFIC_SECRET c43f099dac0b60a4dd40a733f8b1541b58972deb15ce9e286e7a9d933f79a2b3 231d2cc5673687c79bac81ec04e9e8f710585b03b324e26d221c7486faf46f30
SERVER_TRAFFIC_SECRET_0 c43f099dac0b60a4dd40a733f8b1541b58972deb15ce9e286e7a9d933f79a2b3 f3d19ec753f989bf18f3f3b63251e154953e66202483fff87d0da10f6589a500
CLIENT_TRAFFIC_SECRET_0 c43f099dac0b60a4dd40a733f8b1541b58972deb15ce9e286e7a9d933f79a2b3 f0e5d68aee155cd9ae8042321d24e4be15a4a889ffebfd1c41f7de9270731725
SERVER_HANDSHAKE_TRAFFIC_SECRET 5ae6aa79c312d51e259e0d3d5119c70255cc2d788d43cc92080d5594abf1fee9 aa808cc11e3b3891b0c842b2ae3ad023da767fa79af51e5035bdfcd370497a7a
CLIENT_HANDSHAKE_TRAFFIC_SECRET 5ae6aa79c312d51e259e0d3d5119c70255cc2d788d43cc92080d5594abf1fee9 8f26a8e48fa13d3ce93b5d0b7f601deea630f5e778465a6b33a720ddb49549d3
SERVER_TRAFFIC_SECRET_0 5ae6aa79c312d51e259e0d3d5119c70255cc2d788d43cc92080d5594abf1fee9 51927267bc62b594dfbf9fd2c4ceb49c09fe15161a0a712335049ed680d15a64
CLIENT_TRAFFIC_SECRET_0 5ae6aa79c312d51e259e0d3d5119c70255cc2d788d43cc92080d5594abf1fee9 570f94f5baf31c0b361568ab7d018b97b6fd56cf27076dcb94bf4dae50ae784d
SERVER_HANDSHAKE_TRAFFIC_SECRET 259d8018e3b57c2b4f2ac9c8c78033750d8cd419408c394123dac4a5cb4cfc23 23da1502ff280aa74c613af0d61d754137ee99a8066fc6698569201815848ad2
CLIENT_HANDSHAKE_TRAFFIC_SECRET 259d8018e3b57c2b4f2ac9c8c78033750d8cd419408c394123dac4a5cb4cfc23 46003990931034965afc9d45e1b5e5407b9610d200a9d2edd19f5d8caa23185d
SERVER_TRAFFIC_SECRET_0 259d8018e3b57c2b4f2ac9c8c78033750d8cd419408c394123dac4a5cb4cfc23 d3543522342f6f812cd08a65b319e268cc8fb77cf4261f6fe2b258f34a2638cc
CLIENT_TRAFFIC_SECRET_0 259d8018e3b57c2b4f2ac9c8c78033750d8cd419408c394123dac4a5cb4cfc23 e76f446be8795b30f8b4f8873362bb003823b6b309886da3f5bbb1cd34f944d4
SERVER_HANDSHAKE_TRAFFIC_SECRET e384b84457a4d9ea6d2b975598f39396e46c7509f205d9aa0c7a574864bebe05 980f6cafe9124e3beddd9432bc06fa943a04aaccfec8982e6a16868a258cb461
CLIENT_HANDSHAKE_TRAFFIC_SECRET e384b84457a4d9ea6d2b975598f39396e46c7509f205d9aa0c7a574864bebe05 212ddce5ac2c537d61db30fcbbcfe6ab6be95891d9cbe84bb0107acbb84971c1
SERVER_TRAFFIC_SECRET_0 e384b84457a4d9ea6d2b975598f39396e46c7509f205d9aa0c7a574864bebe05 36a9ec9ed395896a7d56e3996663603780ff5d6a9586bab81194a7967dfd5d45
CLIENT_TRAFFIC_SECRET_0 e384b84457a4d9ea6d2b975598f39396e46c7509f205d9aa0c7a574864bebe05 d8a7082c9f69643b14b4d87dd56b43bbb59da7791819e804a5bcf7e419dbd413
SERVER_HANDSHAKE_TRAFFIC_SECRET 8260606809bd3b59d07663511b299d49cca2aa1f227e18e801fe4cec4f4cf487 68d59e2f2458ceeb519c6a676b087256688afba8ada77d937077e45891d3c44a
CLIENT_HANDSHAKE_TRAFFIC_SECRET 8260606809bd3b59d07663511b299d49cca2aa1f227e18e801fe4cec4f4cf487 2d9c3f04f4ac09925bf9d54f6a37714ebef8cb04ab99bf26232f06efaff69651
SERVER_TRAFFIC_SECRET_0 8260606809bd3b59d07663511b299d49cca2aa1f227e18e801fe4cec4f4cf487 b7391e4558fdb3d2150bf6f2cb88d599e204948c243439d3b03963246bcf1b60
SERVER_HANDSHAKE_TRAFFIC_SECRET 1527ccf28a3c02a21a0871325255b3d11704e95632581858e4f4d357650b0b1d 27f86b6aa1aaa6ed68d38487d563a99117cca65a2de748090337b0cf49f3830b
CLIENT_HANDSHAKE_TRAFFIC_SECRET 1527ccf28a3c02a21a0871325255b3d11704e95632581858e4f4d357650b0b1d 1bb2890f9b26484a15cb65fd93faad3e1d7ec9ba80244858a53b9e97d4c88c15
SERVER_TRAFFIC_SECRET_0 1527ccf28a3c02a21a0871325255b3d11704e95632581858e4f4d357650b0b1d e4997f15f95b545940d2cd4f72eb9c66dc08e0fe4c27e0f5fd6452a9fe067f01
CLIENT_TRAFFIC_SECRET_0 1527ccf28a3c02a21a0871325255b3d11704e95632581858e4f4d357650b0b1d 775dc83f6d9b8ea36e9a468616e676981d290c7e82a8bde7eca39594392a14b3
SERVER_HANDSHAKE_TRAFFIC_SECRET 49e2a54c0a268ccb9c3d0e1b1102e00f4dac51d38ebd9cd6b9fe7107108583e6 325e39c6321cc1003daa26df4a319340d05b9c1ad937b50f99d924668e3c4abf
CLIENT_HANDSHAKE_TRAFFIC_SECRET 49e2a54c0a268ccb9c3d0e1b1102e00f4dac51d38ebd9cd6b9fe7107108583e6 b7f5020d5054e07ef4b445125ccb616ab06b8d99feed392af5066147110d70ac
SERVER_TRAFFIC_SECRET_0 49e2a54c0a268ccb9c3d0e1b1102e00f4dac51d38ebd9cd6b9fe7107108583e6 a6caf4b6c1fd5e003d8e9dbdec4efd39ed07de8c57a65cd3153aad47308749c8
SERVER_HANDSHAKE_TRAFFIC_SECRET 64f0e4a133542d7938636ea47dde650b2b44f8db6879ffa32594dd21c3a223f2 886eae471367e739e73a0e7ece6fcb66eda148461e063e8368f99e25c7bb817a
CLIENT_HANDSHAKE_TRAFFIC_SECRET 64f0e4a133542d7938636ea47dde650b2b44f8db6879ffa32594dd21c3a223f2 835a67c3fef9cf1c34105e5cfbe7265859af7ebc70776138a25440f377349b17
SERVER_TRAFFIC_SECRET_0 64f0e4a133542d7938636ea47dde650b2b44f8db6879ffa32594dd21c3a223f2 024c4ac3916293409c4524680e539914edb79bbdb273d0fef2421b73877e3477
CLIENT_TRAFFIC_SECRET_0 64f0e4a133542d7938636ea47dde650b2b44f8db6879ffa32594dd21c3a223f2 60e9de4ca2ae2d57924d5a2a19049660291761b5c63565d671951eeb6a398292
SERVER_HANDSHAKE_TRAFFIC_SECRET 67e046d4630fdc0cb46ad8537b57af5105d4323e9427152036419a3ffe0f69eb 2229e197a059b748b48e240e60a31847a2089119c179936aa893f8a3dc570279
CLIENT_HANDSHAKE_TRAFFIC_SECRET 67e046d4630fdc0cb46ad8537b57af5105d4323e9427152036419a3ffe0f69eb cdca0082db6cc7321b9cf0d1727636989b4f3bce55e96e3404f572825658a168
SERVER_TRAFFIC_SECRET_0 67e046d4630fdc0cb46ad8537b57af5105d4323e9427152036419a3ffe0f69eb 747b29f42fbffdf40a4cb2aade307f0940721b09109decdaad78135af9770ce9
CLIENT_TRAFFIC_SECRET_0 67e046d4630fdc0cb46ad8537b57af5105d4323e9427152036419a3ffe0f69eb b1be45a448f68a13f977e294cf046e83abd0cc773a6f215df48d74121f9fe8ef
SERVER_HANDSHAKE_TRAFFIC_SECRET 2416e5fd4346f0913c28adc1cc6ce117488cee310e81ec75548d43f8da59c983 2f81d9b06cd6a908059886e9a8d8871cfbadc25a9c75e80237f1c9bba7707924
CLIENT_HANDSHAKE_TRAFFIC_SECRET 2416e5fd4346f0913c28adc1cc6ce117488cee310e81ec75548d43f8da59c983 1646bea0ea521874754d286c6832ea334fcb8da2a66bb4efb242829b7902ae24
SERVER_TRAFFIC_SECRET_0 2416e5fd4346f0913c28adc1cc6ce117488cee310e81ec75548d43f8da59c983 0113571c53b28bfa5b286f2aa8c9ed4a92daaecf1077cecad366beb1854cc7fa
CLIENT_TRAFFIC_SECRET_0 2416e5fd4346f0913c28adc1cc6ce117488cee310e81ec75548d43f8da59c983 a4c3eda4d3c47fa208ec3e33aa82236f3c30b66b583310ee5497cb0efd4deed4
SERVER_HANDSHAKE_TRAFFIC_SECRET a6aa8909bcf8a65fef557239bcf264d6b05af497c6cfb5bcf10848da3317f151 81a253afeabe457e6468e6e1a3cba80fa4147073c4c958d675c67991bbd52a50
CLIENT_HANDSHAKE_TRAFFIC_SECRET a6aa8909bcf8a65fef557239bcf264d6b05af497c6cfb5bcf10848da3317f151 bdb9a9632323408f5fdcb76cdb3855c90dea8982a8c48ea56de7e70416a014b3
SERVER_TRAFFIC_SECRET_0 a6aa8909bcf8a65fef557239bcf264d6b05af497c6cfb5bcf10848da3317f151 d0604b6d492e899438bc5463ad7905986a35bb97be507e924b090692bbf0f102
CLIENT_TRAFFIC_SECRET_0 a6aa8909bcf8a65fef557239bcf264d6b05af497c6cfb5bcf10848da3317f151 27487307e97a5e31607a5a1cb74dc968aef4e978dfb2f9e9ddb8bbd21462771d
SERVER_HANDSHAKE_TRAFFIC_SECRET 5d6972c58f15a791d1f2a5eda427acee3d85877256daf229cc29de275b12e2e5 3a1877c5afcea997108b6f2a801503aa42dc906705f47bd2b6ddf3923b63ecd7
CLIENT_HANDSHAKE_TRAFFIC_SECRET 5d6972c58f15a791d1f2a5eda427acee3d85877256daf229cc29de275b12e2e5 e19a9d11825bf1167adb290aae9b037c4212341ee97abb8fd3a2419633496a7a
SERVER_TRAFFIC_SECRET_0 5d6972c58f15a791d1f2a5eda427acee3d85877256daf229cc29de275b12e2e5 fa4806fcc38e6c322547b66cc2a52fb519df3246208d33021b550501888ae3c9
CLIENT_TRAFFIC_SECRET_0 5d6972c58f15a791d1f2a5eda427acee3d85877256daf229cc29de275b12e2e5 6bf0eb0bb5343cf458ca8f608700ed0d203535287309eb8773facfa26a66c36f
SERVER_HANDSHAKE_TRAFFIC_SECRET d3ff37aa616ccd38bf769f0b1459f1a55e2ab194b49fa5f12fffb95eb1fa89d8 b89bf4fb5bf2f278ce3d666b2269e86a7536841ab8196eaa35f4c61818045b4a
CLIENT_HANDSHAKE_TRAFFIC_SECRET d3ff37aa616ccd38bf769f0b1459f1a55e2ab194b49fa5f12fffb95eb1fa89d8 fd95d5229194a991388800ebb948c3e76ada90d75323fe75ff49e90da298e901
SERVER_TRAFFIC_SECRET_0 d3ff37aa616ccd38bf769f0b1459f1a55e2ab194b49fa5f12fffb95eb1fa89d8 0f6001fa4bc8940bcfc1238ccf7fa30c1542776df17e19e2cac43c917fb61454
SERVER_HANDSHAKE_TRAFFIC_SECRET b9d46ffe5da89d7f2a648a92c9a50104df79e9bb1c201e3208bf333fc085ed3d c488cc976f119f7950753856cbbccf616acde16fe135d72fba5a0bf80514d872
CLIENT_HANDSHAKE_TRAFFIC_SECRET b9d46ffe5da89d7f2a648a92c9a50104df79e9bb1c201e3208bf333fc085ed3d 71eb0d15a47f05194d4e58fc9ce199106991c17d651daaca7ec44b2334b2abc1
SERVER_TRAFFIC_SECRET_0 b9d46ffe5da89d7f2a648a92c9a50104df79e9bb1c201e3208bf333fc085ed3d df60aab06749afa61b3ffe6b0b0de3b5b272213130dcb595d42fa9916ccc46c9
CLIENT_TRAFFIC_SECRET_0 b9d46ffe5da89d7f2a648a92c9a50104df79e9bb1c201e3208bf333fc085ed3d 694ff9537c125c32a134ff015c3ad86399c1bcbb847ada86ec26f75337fc4237
SERVER_HANDSHAKE_TRAFFIC_SECRET a9b25bc1478fd21c98c39a6fc6779ce350c4a79e89966159da23f458ba07a432 8597c0d31848092f7550a8a40a621d59fb76ae62ea53657f88b4a119fbbd2660
CLIENT_HANDSHAKE_TRAFFIC_SECRET a9b25bc1478fd21c98c39a6fc6779ce350c4a79e89966159da23f458ba07a432 a436304e7c75e6bb2e0e3db7a1899890422a3ee7bd3c159737a0e3aa2884af80
SERVER_TRAFFIC_SECRET_0 a9b25bc1478fd21c98c39a6fc6779ce350c4a79e89966159da23f458ba07a432 3296780b6632c7fc09f672dace9364a9db665cb3ab7620bed49febc5419153ab
CLIENT_TRAFFIC_SECRET_0 a9b25bc1478fd21c98c39a6fc6779ce350c4a79e89966159da23f458ba07a432 6754436a14ba71886e52459ace0231ff84429cfccba59027c23d5235a32d11b9
SERVER_HANDSHAKE_TRAFFIC_SECRET cf3c4c3bc3cef539d6bdc20331138b88a29e18a61e0bfb4af8fcd7fdef7f060e 143fe7a6392785e8a1907e78e6e7742f773dc2a5ca1d2e4de75c0c040773271d
CLIENT_HANDSHAKE_TRAFFIC_SECRET cf3c4c3bc3cef539d6bdc20331138b88a29e18a61e0bfb4af8fcd7fdef7f060e ef28fba82297c0d2fe958445d790f3f24d3c2a673717a5802d15617b3af094cf
SERVER_TRAFFIC_SECRET_0 cf3c4c3bc3cef539d6bdc20331138b88a29e18a61e0bfb4af8fcd7fdef7f060e 071c091e88e6c1280dc7222e54d690d493bca2b0edb1c7c122b35696bebf45ed
SERVER_HANDSHAKE_TRAFFIC_SECRET f59179a3cd025376d4b7e2155119ccecd50af8e6865adc8e801aec70c8f6a965 8adad471ad377169c15233bc1e4c2658a73f73d49a874160471a606f12bd2290
CLIENT_HANDSHAKE_TRAFFIC_SECRET f59179a3cd025376d4b7e2155119ccecd50af8e6865adc8e801aec70c8f6a965 115d14606a02090db871faa4bd39227e1b79f327b7680e63069d52b20dbdec6b
SERVER_TRAFFIC_SECRET_0 f59179a3cd025376d4b7e2155119ccecd50af8e6865adc8e801aec70c8f6a965 66ddf88b7176bcbde8a34bf2694b2e088cb8b9595bca1c93f0f2d86786d5bad7
CLIENT_TRAFFIC_SECRET_0 f59179a3cd025376d4b7e2155119ccecd50af8e6865adc8e801aec70c8f6a965 dcf642dd7bc98668a2619c7994a0288343cc67f8c02110f71a44d6ecab8ba7d3
SERVER_HANDSHAKE_TRAFFIC_SECRET 95c6749f8c9c275a2888e19c34c57b13f8bcf10f94fbc9f0498c08f162ffe86d 2e349ed0e295a013b63ba823f88a3083e9647f86390ec0731f4ba7f9bf82fbe1
CLIENT_HANDSHAKE_TRAFFIC_SECRET 95c6749f8c9c275a2888e19c34c57b13f8bcf10f94fbc9f0498c08f162ffe86d b1abbe4bb29c465efee5cd19e17b0ef65069260da6e06f7cd516f5bf4a912a2d
SERVER_TRAFFIC_SECRET_0 95c6749f8c9c275a2888e19c34c57b13f8bcf10f94fbc9f0498c08f162ffe86d 7086601cd1ce1be57584ea237813d906cf8252db7823234580d5aa2445d1e34b
SERVER_HANDSHAKE_TRAFFIC_SECRET a7ce91473eef7ce4800a3006ed5eb9dff8be0435491efce9df8e8b2aca339900 1facac35d3dd371cb8e84c39d5512b5a2dc6604e45f9a11dbbb8db9864f2ed49
CLIENT_HANDSHAKE_TRAFFIC_SECRET a7ce91473eef7ce4800a3006ed5eb9dff8be0435491efce9df8e8b2aca339900 a7602433595561cb77ad9db47b1aed1ea5d78204470b43927a13f259642024c7
SERVER_TRAFFIC_SECRET_0 a7ce91473eef7ce4800a3006ed5eb9dff8be0435491efce9df8e8b2aca339900 3628ba852c9ff493970f5012b9b521813512859d3094986e61c91f016c8d526a
SERVER_HANDSHAKE_TRAFFIC_SECRET b013aa53ba1a445b89e6a3ed2b35ffcc7a15efcb32ba502a7127ab4131793830 ea0b8565613daac5839cddfb4fb600c2e5aa3fe83877b53039efe22e6495642a
CLIENT_HANDSHAKE_TRAFFIC_SECRET b013aa53ba1a445b89e6a3ed2b35ffcc7a15efcb32ba502a7127ab4131793830 5f4074010004ba56fd0118d4f5cc9b90461a5cdc3bc3cfb08de802effaf71b45
SERVER_TRAFFIC_SECRET_0 b013aa53ba1a445b89e6a3ed2b35ffcc7a15efcb32ba502a7127ab4131793830 689315a5fe88237443c47b416559ff1e483b24fa291b0fd56f3d27385fbbb5fb
CLIENT_TRAFFIC_SECRET_0 b013aa53ba1a445b89e6a3ed2b35ffcc7a15efcb32ba502a7127ab4131793830 6bb7457ae42d4d63618e22df39848d7b401d08e8171e081d3dfb4a90da87204d
SERVER_HANDSHAKE_TRAFFIC_SECRET 9dee2c4ca0062c66cdd316558ab04abd96b9d0e9aae2f72b978b1b7bdefdcf59 faf5f86630ac720c7e07a6aec53a2075038093bec28383160d97036827c5bb2b
CLIENT_HANDSHAKE_TRAFFIC_SECRET 9dee2c4ca0062c66cdd316558ab04abd96b9d0e9aae2f72b978b1b7bdefdcf59 d5f287b214413c37cf6ab4caea3c69759a3124cd7acaa1ddb11bf3d11c6fe25b
SERVER_TRAFFIC_SECRET_0 9dee2c4ca0062c66cdd316558ab04abd96b9d0e9aae2f72b978b1b7bdefdcf59 b93d01387e9a7b16f0d1c823200789b101e80058f687fff7ffeadef4f36dde1f
CLIENT_TRAFFIC_SECRET_0 9dee2c4ca0062c66cdd316558ab04abd96b9d0e9aae2f72b978b1b7bdefdcf59 ce6f4a106847ba1bfe526c818187fb0920b793388977e687f39b1f15481abe70
SERVER_HANDSHAKE_TRAFFIC_SECRET df26cfbf663f67fcb6c076fac81b262e41933b396a749d60fa893bc3568afcb2 864daf77b9f81923342ec9ed448adbfe1f7d612643694f30e10f3a9be98c6cb5
CLIENT_HANDSHAKE_TRAFFIC_SECRET df26cfbf663f67fcb6c076fac81b262e41933b396a749d60fa893bc3568afcb2 a86a2b3d9b2894579ca896518947bbdcaf8e799158bd9f9fef706a45d8088e51
SERVER_TRAFFIC_SECRET_0 df26cfbf663f67fcb6c076fac81b262e41933b396a749d60fa893bc3568afcb2 a08487c2ea02adef78af21f1814caaca1e703be9e7cd5b641b3e2b6242ccae07
CLIENT_TRAFFIC_SECRET_0 df26cfbf663f67fcb6c076fac81b262e41933b396a749d60fa893bc3568afcb2 64269751329a9b9e0689f1f38cc611251f4a7b93b9f1b4a39f3305d01bc1f969
SERVER_HANDSHAKE_TRAFFIC_SECRET faff07a119ed8ac175b13f24c9dc1ccb5facf52da51be65505a74e15219dfe34 30bd5b04c3194708d50bc239371084729cb673ab4f97790b9fc2aae1c42a6dbe
CLIENT_HANDSHAKE_TRAFFIC_SECRET faff07a119ed8ac175b13f24c9dc1ccb5facf52da51be65505a74e15219dfe34 6654109650f59301f59c60296dc2fbfca6344646e81cc3c1b6d7643044cd6bf3
SERVER_TRAFFIC_SECRET_0 faff07a119ed8ac175b13f24c9dc1ccb5facf52da51be65505a74e15219dfe34 e3054f62d4e5c0e9500d6e5215a2366855a5b41e7cf3b63db8c818bf87f7117c
CLIENT_TRAFFIC_SECRET_0 faff07a119ed8ac175b13f24c9dc1ccb5facf52da51be65505a74e15219dfe34 d2c1554e28dc4dd8a4ad20f21bea2db38995b8d3675bfa3b3ddd81f05d17c472
SERVER_HANDSHAKE_TRAFFIC_SECRET 514ac3a741d2f1610693e68dad44fc63e1246f5758735c16b6e8dd7be85e5fe8 a9552ccb75309f4a14a3499103ca6b6582bf67806ffb6ee09227adc1f9827574
CLIENT_HANDSHAKE_TRAFFIC_SECRET 514ac3a741d2f1610693e68dad44fc63e1246f5758735c16b6e8dd7be85e5fe8 b8521032dbd5849d9f9e9bc1018722cef3669a9a99e4565ccc6c4757d98b6d66
SERVER_TRAFFIC_SECRET_0 514ac3a741d2f1610693e68dad44fc63e1246f5758735c16b6e8dd7be85e5fe8 40cb62bf5c56a52e23281840a1935d8d8951f644dec3f0e0a8e17b3420f69468
CLIENT_TRAFFIC_SECRET_0 514ac3a741d2f1610693e68dad44fc63e1246f5758735c16b6e8dd7be85e5fe8 c1110556fe219547526432d1bacb55fb0f2ed9eb9bc6e876034d400f505dffcc
SERVER_HANDSHAKE_TRAFFIC_SECRET 79856cf2be20289299b6394d0328b75f5a885defe0cc5d572a2d5a707f4102e9 7ddaabad724a84f58857357978ac83824806287812d4cb8053acf7de4e220381
CLIENT_HANDSHAKE_TRAFFIC_SECRET 79856cf2be20289299b6394d0328b75f5a885defe0cc5d572a2d5a707f4102e9 f96f3e19f8dcda1ef8d852e9b074b659547dab7a49fb070cae76595afb2a5099
SERVER_TRAFFIC_SECRET_0 79856cf2be20289299b6394d0328b75f5a885defe0cc5d572a2d5a707f4102e9 1e79e162c39514dcf3504b14a186c5b67bf1a48c1e89d12cb782476cd60f74e1
CLIENT_TRAFFIC_SECRET_0 79856cf2be20289299b6394d0328b75f5a885defe0cc5d572a2d5a707f4102e9 d14b7aa7d76c13f7d3b7df4473ca3afcee3948601a42f0ade20a44d60e10a182
SERVER_HANDSHAKE_TRAFFIC_SECRET 8c29792b66258794a2d4e0994e989f5844e9bc75dd961fc94d6c848d53660574 652967c53f14f298a8d4cda0952386faf5cc5ed66a20dd9157865d5ca3325013
CLIENT_HANDSHAKE_TRAFFIC_SECRET 8c29792b66258794a2d4e0994e989f5844e9bc75dd961fc94d6c848d53660574 07c8a09b71687a440238e0eb1bbc4e2e822f964e191aacaf9a0e720533b0c582
SERVER_TRAFFIC_SECRET_0 8c29792b66258794a2d4e0994e989f5844e9bc75dd961fc94d6c848d53660574 a3aebb491c50fba536a0503b2ab450a74cdd25725080b093817ebd806b600651
CLIENT_TRAFFIC_SECRET_0 8c29792b66258794a2d4e0994e989f5844e9bc75dd961fc94d6c848d53660574 a0de14d2e91ce8aed0b11a0ec2fe3b4ecbe87288a050d56d008e132617af4dc3
SERVER_HANDSHAKE_TRAFFIC_SECRET 4afc91f387459ac3b945de1bab589d853ab285b4c0aeacd2eb7286f19a7bd795 e7e341db38868542819959d1116f206c75d957a5c49e8eaaa62e36a9ade4b914
CLIENT_HANDSHAKE_TRAFFIC_SECRET 4afc91f387459ac3b945de1bab589d853ab285b4c0aeacd2eb7286f19a7bd795 dc893c5e3247abfce0bc393f47050bc44eb0098e1f7dd245022d91efd9ec4507
SERVER_TRAFFIC_SECRET_0 4afc91f387459ac3b945de1bab589d853ab285b4c0aeacd2eb7286f19a7bd795 ecd85351b13cbf70f186c06caa0e86f27bf422265dd10455bfdb2224fec8d5d9
SERVER_HANDSHAKE_TRAFFIC_SECRET 2d495e7497d02a6a02fe7f59605c1513b3fb23c3ee2ef10151c73d2c266db0ae b44f02cca8e7516c00266371f24d83ebacf918d011a211ea72b64cb59e9fe9bb
CLIENT_HANDSHAKE_TRAFFIC_SECRET 2d495e7497d02a6a02fe7f59605c1513b3fb23c3ee2ef10151c73d2c266db0ae f051dc71c62c091ef5944ba7c62c28d2985fcef91d25fd66fb044bff8e93787d
SERVER_TRAFFIC_SECRET_0 2d495e7497d02a6a02fe7f59605c1513b3fb23c3ee2ef10151c73d2c266db0ae 83602d4dec795786102deea5ce918090e43295dbd46f8c2f197aba374c9a17e7
SERVER_HANDSHAKE_TRAFFIC_SECRET e7ad0bde97671599e72f4c186b4682a1b367c71e0a5de12c0e3e14ba1db860e7 171bb42ded380c5b6c7882e322ce97a4e5c4910767f3dd7b103a85e1f4f79f87
CLIENT_HANDSHAKE_TRAFFIC_SECRET e7ad0bde97671599e72f4c186b4682a1b367c71e0a5de12c0e3e14ba1db860e7 d026b32616759ee0a16a72ba9ad418b4c3514de289ba95e4f2a4748ebc6b02d0
SERVER_TRAFFIC_SECRET_0 e7ad0bde97671599e72f4c186b4682a1b367c71e0a5de12c0e3e14ba1db860e7 60735e03fa846bbc153061c4bce9fb3c44c6e4a5de236976182cd19ce70e6b59
CLIENT_TRAFFIC_SECRET_0 e7ad0bde97671599e72f4c186b4682a1b367c71e0a5de12c0e3e14ba1db860e7 557a5efb1fead630905e17696fc77c06c7a550a364199a018fa9b1842db31103
SERVER_HANDSHAKE_TRAFFIC_SECRET cd69e1d0f3ca16a22f3fc3830498087689027d24e329f556db8088fda2922bbe 63f1fb2ab823bf5c262346ea5ec2a0672cb8505776cf2dc1d7bfad5c75c72711
CLIENT_HANDSHAKE_TRAFFIC_SECRET cd69e1d0f3ca16a22f3fc3830498087689027d24e329f556db8088fda2922bbe a3c0ff127aafcb055b36941ad6af60301807581564981d9f4a80037a6f8d53d5
SERVER_TRAFFIC_SECRET_0 cd69e1d0f3ca16a22f3fc3830498087689027d24e329f556db8088fda2922bbe 0b252078c1a94814c55915a6ef07f2daac33a2cb74fccf06147892dc918c2709
CLIENT_TRAFFIC_SECRET_0 cd69e1d0f3ca16a22f3fc3830498087689027d24e329f556db8088fda2922bbe 42c93e90898cd7c1c505eed350511184b8294f3adaf00f9b901287e5a9f57a63
SERVER_HANDSHAKE_TRAFFIC_SECRET ffdc5f4606a18235805b2fff6785983ca9c248b221e5d9cc335da6ef57e8547f 5f5c77e5e0d4e0b80229dceef02bc445b387207edf7487982e18454e835d3d86
CLIENT_HANDSHAKE_TRAFFIC_SECRET ffdc5f4606a18235805b2fff6785983ca9c248b221e5d9cc335da6ef57e8547f 714cce4d367c97c0a664ce671fbc22f094356ba4ac94f040ac832c749f1214ef
SERVER_TRAFFIC_SECRET_0 ffdc5f4606a18235805b2fff6785983ca9c248b221e5d9cc335da6ef57e8547f 24ae1852d8df413f34881a1c1ef1410adb584f20204e7ced8d77dd239c50d426
SERVER_HANDSHAKE_TRAFFIC_SECRET a79f5693758dbefd22a3cc0468a69fb5c283b7474857419c10748592aec02ba2 b333c0d6efa16cb6faaffe395696d8490720fbcfc984cf9a7912f049edad871c
CLIENT_HANDSHAKE_TRAFFIC_SECRET a79f5693758dbefd22a3cc0468a69fb5c283b7474857419c10748592aec02ba2 c1e6960b12e1339e2a7f940f4ca790ed2171bcc55ffb1d4557968aa4807ca000
SERVER_TRAFFIC_SECRET_0 a79f5693758dbefd22a3cc0468a69fb5c283b7474857419c10748592aec02ba2 53790aa8eb56796c1e319fe83962763432523bb4487715347b31ed93ef63275e
CLIENT_TRAFFIC_SECRET_0 a79f5693758dbefd22a3cc0468a69fb5c283b7474857419c10748592aec02ba2 ca73a7a8f722aaeaa07fd73713590f65d0936cf3dd3b7a2d75738a55d18ba016
SERVER_HANDSHAKE_TRAFFIC_SECRET 3ed42a4a0e081bbeb54d0569c80805fe8aa83818217cc156606f6f5e9b80b532 ffaf6b46acddf3ea613a0ad1f2ead0ef6d03f5be050309f09b96b5b40a52854f
CLIENT_HANDSHAKE_TRAFFIC_SECRET 3ed42a4a0e081bbeb54d0569c80805fe8aa83818217cc156606f6f5e9b80b532 1da55b227c51e79988dc349cba8e7a507fb4d8279866322647e0cd2dea485bf2
SERVER_TRAFFIC_SECRET_0 3ed42a4a0e081bbeb54d0569c80805fe8aa83818217cc156606f6f5e9b80b532 d12baa0e80fc8eb25c1b24587b210bacd8169bdebf73fc492fbf56858ee16389
SERVER_HANDSHAKE_TRAFFIC_SECRET 2afdf6159f431f4f09aa3521df7a3229a157f0c7524ade60c1bb8a8c07700a20 96685ded1994e6d3cf1864f437184b79485ed5020bac30d82af2208813ae01e7
CLIENT_HANDSHAKE_TRAFFIC_SECRET 2afdf6159f431f4f09aa3521df7a3229a157f0c7524ade60c1bb8a8c07700a20 35bd686631621bcd94e10edf3afad3e5ab6deb733229886ed465149b95397091
SERVER_TRAFFIC_SECRET_0 2afdf6159f431f4f09aa3521df7a3229a157f0c7524ade60c1bb8a8c07700a20 0992661b3069f27c4715837af89d05c148c3a08d7ce53894a744865d3b4e6dae
CLIENT_TRAFFIC_SECRET_0 2afdf6159f431f4f09aa3521df7a3229a157f0c7524ade60c1bb8a8c07700a20 831dbd2247655c691174949bc664f67b0c00bddfb43650648cabff1f058a41ff
SERVER_HANDSHAKE_TRAFFIC_SECRET 037a15d3e0ad26c1fe7f3279dc30eec18f58f126e937886e261b43ba7a582bb3 518ed72540cffe00347151208dc9aed76952f303b273274a29ca7e55694ace6e
CLIENT_HANDSHAKE_TRAFFIC_SECRET 037a15d3e0ad26c1fe7f3279dc30eec18f58f126e937886e261b43ba7a582bb3 ffaabf49e53d22ca7f043c27472fead0c3469e50d884f35896d4311a91297389
SERVER_TRAFFIC_SECRET_0 037a15d3e0ad26c1fe7f3279dc30eec18f58f126e937886e261b43ba7a582bb3 d8a60091e1906157c579d0785bee8a45ab2435df87a043c1fd9bcf4a7e6175a4
SERVER_HANDSHAKE_TRAFFIC_SECRET 30e22ebfb76082a04486aacbdfdd21f93ce6ed07edd183ff0f738fde23f6ccc3 57a93e6a68b5b4cf84d02af822d2c0346a1e285bce4f4a8a21303a4e0f76376a
CLIENT_HANDSHAKE_TRAFFIC_SECRET 30e22ebfb76082a04486aacbdfdd21f93ce6ed07edd183ff0f738fde23f6ccc3 67c0065d13568819ec30818060b569e2d2f966daa4dcfaf1810d72fb72894b72
SERVER_TRAFFIC_SECRET_0 30e22ebfb76082a04486aacbdfdd21f93ce6ed07edd183ff0f738fde23f6ccc3 37affeaeca3870f46a8095e92da210f0dcba2490e2af15443aba8d70130e59bd
CLIENT_TRAFFIC_SECRET_0 30e22ebfb76082a04486aacbdfdd21f93ce6ed07edd183ff0f738fde23f6ccc3 ea1b2782b91dcef38e4b1ef71afc5654ea43de515e0d773eb720922d7cd8101b
SERVER_HANDSHAKE_TRAFFIC_SECRET b1e4215364f0d7b932e08179017d72fb36e3ef210f3abaef2ccfd4329e73977e c7254773c2ebcb69d87289097b4711f9ff0f9e479f1dd286990ae2cd4a215081
CLIENT_HANDSHAKE_TRAFFIC_SECRET b1e4215364f0d7b932e08179017d72fb36e3ef210f3abaef2ccfd4329e73977e d0ea9b463936a27cb8325c2dec2c163de2009fcd5e3d1955e5722f551f16a87b
SERVER_TRAFFIC_SECRET_0 b1e4215364f0d7b932e08179017d72fb36e3ef210f3abaef2ccfd4329e73977e ac10a6e82b52821a929606c5b556bb6cfd75638cf7f8c5120b19b0364d74eaf4
SERVER_HANDSHAKE_TRAFFIC_SECRET 862a67525e14ed12893de413a2397488878c9adec0186510d655e85dabd36092 64f61d2fe37cfdf0a5aab1366ffe398f5f99dea8c81e260961ec30ee27d4cd7d
CLIENT_HANDSHAKE_TRAFFIC_SECRET 862a67525e14ed12893de413a2397488878c9adec0186510d655e85dabd36092 78bcd9de6e05e349b29ddc1a197b6b6f8af5963c4b34e78ac03f461510cc883f
SERVER_TRAFFIC_SECRET_0 862a67525e14ed12893de413a2397488878c9adec0186510d655e85dabd36092 03a225c3c17ff91f42cfc702c3ef5e4e682600c8dab37243d6313bd86c7db0cc
CLIENT_TRAFFIC_SECRET_0 862a67525e14ed12893de413a2397488878c9adec0186510d655e85dabd36092 67853c95b6c46b0912e5fe4cbb027496020ed9183b6365a0b5e3ba1d14a64230
SERVER_HANDSHAKE_TRAFFIC_SECRET 122582c387e3cc1051cd5ba8072d8c7ded5bcb6aa8e9df1a1ce1c3f6ea19afa3 02a512fb0538a76c6fe1d9ec81cf0fd18782e8c70327daeafc1844faa58e7471
CLIENT_HANDSHAKE_TRAFFIC_SECRET 122582c387e3cc1051cd5ba8072d8c7ded5bcb6aa8e9df1a1ce1c3f6ea19afa3 b291490b56139c0df492e4e1a709b669f7479c5c2ddf15f2a3c9fd5d61c6b633
SERVER_TRAFFIC_SECRET_0 122582c387e3cc1051cd5ba8072d8c7ded5bcb6aa8e9df1a1ce1c3f6ea19afa3 f557593182cb821c245aa732628e966b71971e5176365551979efd8cbee9be5f
CLIENT_TRAFFIC_SECRET_0 122582c387e3cc1051cd5ba8072d8c7ded5bcb6aa8e9df1a1ce1c3f6ea19afa3 c411900bc5e24d338efeb826adb01aa96960b82d5ed0df01f195f1457519d0fd
SERVER_HANDSHAKE_TRAFFIC_SECRET dc1301a257ef1b5fd8513bc27bf67f72f34312c4de2fba95fecd5c9c124dc6aa e6d40d962664fa7d8641f57095128f0596ba5842b047181aadd29c2ee62fca0a
CLIENT_HANDSHAKE_TRAFFIC_SECRET dc1301a257ef1b5fd8513bc27bf67f72f34312c4de2fba95fecd5c9c124dc6aa 1c8b0b799f0f0b72d3c292c8219dd82965dc3afe4e6db39ed6cdf9e69d4f8f40
SERVER_TRAFFIC_SECRET_0 dc1301a257ef1b5fd8513bc27bf67f72f34312c4de2fba95fecd5c9c124dc6aa bd8739b08fe95a667af0bd46ab6119a14e6f17864c38dbc6f19485d999e4fe18
SERVER_HANDSHAKE_TRAFFIC_SECRET c02fd7992627a4b7272636559142793625578364d1b613daa5e5a8bfa30f4ffd 79d997eacad11284b461d0534e2176647db462fe417b8f9642debf59200c6712
CLIENT_HANDSHAKE_TRAFFIC_SECRET c02fd7992627a4b7272636559142793625578364d1b613daa5e5a8bfa30f4ffd f85a2dca3eddda3b25fcff84956484878965b159b38d7193e27be546659fee88
SERVER_TRAFFIC_SECRET_0 c02fd7992627a4b7272636559142793625578364d1b613daa5e5a8bfa30f4ffd c72575245262315e45ff6a5e320319fe9b86f16d60017de253f8bb59c16d6b60
SERVER_HANDSHAKE_TRAFFIC_SECRET f0be208db7beb9103a8a31a3571de0a7a769ae3dd33eba4ba9b918f2afe95fb4 17969fe8c9060ef916bb13f84b745e844af8057a297780321c90342cb117bcf2
CLIENT_HANDSHAKE_TRAFFIC_SECRET f0be208db7beb9103a8a31a3571de0a7a769ae3dd33eba4ba9b918f2afe95fb4 fda6837ab61968465f86e9d188949ebfaa1ad15855ecd6bbb8821bc82206c88d
SERVER_TRAFFIC_SECRET_0 f0be208db7beb9103a8a31a3571de0a7a769ae3dd33eba4ba9b918f2afe95fb4 db5b4ce000568f78d84554d8bfe2b03c9931be18f105985c27b15372aa7d74e1
SERVER_HANDSHAKE_TRAFFIC_SECRET d66c3969d24a1c4631e7a57a13a837e17cc90a21711707a05ed3195008968394 bc302cc4e9b7d20bc5dd4b3bf72f33d2a40922b25123dbef4fc1f2faa43c28d1
CLIENT_HANDSHAKE_TRAFFIC_SECRET d66c3969d24a1c4631e7a57a13a837e17cc90a21711707a05ed3195008968394 2467c9e8ac84667e7198f3f470f05d367d0dff921ad81f2d6da7a07d0f49d804
SERVER_TRAFFIC_SECRET_0 d66c3969d24a1c4631e7a57a13a837e17cc90a21711707a05ed3195008968394 a4642c47b53823403a33f5a1f4a39859960f6453895b7401a034893ed98547d5
CLIENT_TRAFFIC_SECRET_0 d66c3969d24a1c4631e7a57a13a837e17cc90a21711707a05ed3195008968394 56456d1e93a981a805f53dc57b1c717fa71dca0e1f958e90fd48524bc2b8877b
SERVER_HANDSHAKE_TRAFFIC_SECRET b311f4894d1843472f3ae575d9707de5447413d97c3d453e5ecc3053b1f6400e 6e5d5ea21ff6479c9fa95d357c16955c5954441c1e7cdcfeaaff78b208e4938a
CLIENT_HANDSHAKE_TRAFFIC_SECRET b311f4894d1843472f3ae575d9707de5447413d97c3d453e5ecc3053b1f6400e 5b638d9d900ce9d829564d427dc46022f322a2619d70174d2309e80d657dc277
SERVER_TRAFFIC_SECRET_0 b311f4894d1843472f3ae575d9707de5447413d97c3d453e5ecc3053b1f6400e 6f40802a0643aa47b5803f34711b5cb735c5daa442c7d3b5d7ae20740a74355c
SERVER_HANDSHAKE_TRAFFIC_SECRET 710467eb7d3913879fce8b4f7916cfa46f6577ef4442e84598fab917396632a7 77b746ae4b9079829119cab247b5f4cd0097f691815cd7524da4443aeace8512
CLIENT_HANDSHAKE_TRAFFIC_SECRET 710467eb7d3913879fce8b4f7916cfa46f6577ef4442e84598fab917396632a7 a95cea05ba2f03ff71fdc75692fbcf29b93699063ccc3b806b251bd1af533121
SERVER_TRAFFIC_SECRET_0 710467eb7d3913879fce8b4f7916cfa46f6577ef4442e84598fab917396632a7 6f08d3c405ff0ab152f1260234636c588110ab766d0f79786e00172f14455751
CLIENT_TRAFFIC_SECRET_0 710467eb7d3913879fce8b4f7916cfa46f6577ef4442e84598fab917396632a7 aa5fa2fd1f45a4b84bfcbab9a93c21e974b16b113dc43b314a3f456686b3a180
SERVER_HANDSHAKE_TRAFFIC_SECRET a0b84423884abaf3e186828a3282018b9327cfe2cf16a12a5df5f4732cf008a0 e05ab8738966e68424681d83891d1317c23e55e74c5cb4d539380954572c410f
CLIENT_HANDSHAKE_TRAFFIC_SECRET a0b84423884abaf3e186828a3282018b9327cfe2cf16a12a5df5f4732cf008a0 12ff68d2b304b8b3b2cc6d096669f7db4a8de47b9e210c4e7365f87563510d3a
SERVER_TRAFFIC_SECRET_0 a0b84423884abaf3e186828a3282018b9327cfe2cf16a12a5df5f4732cf008a0 08e3d011eca0fa4dce6002619d4ea2d1784b455c2a6a6b87394b9a715f569a4d
CLIENT_TRAFFIC_SECRET_0 a0b84423884abaf3e186828a3282018b9327cfe2cf16a12a5df5f4732cf008a0 ad77b7a8832ae20cb7f57deae528b2bafabb4cc5d114c0bef10980edf2c58bb6
SERVER_HANDSHAKE_TRAFFIC_SECRET 9d58e667dce4cffbee0ff54fa6386562149071f599778f03d2a7ccd5e778591e 825496cf68e99585b2e0862e5741ea6a82684cf62dad334daf46963fc0db0de7
CLIENT_HANDSHAKE_TRAFFIC_SECRET 9d58e667dce4cffbee0ff54fa6386562149071f599778f03d2a7ccd5e778591e d073693eef611aeb17743c4f9895f12fbb3dcc05dfa956b78d963097f3dcae63
SERVER_TRAFFIC_SECRET_0 9d58e667dce4cffbee0ff54fa6386562149071f599778f03d2a7ccd5e778591e a19bdde65a70852d3293e81c9da280fb34f4dcb76dc9ea59bec97d714bf71e62
CLIENT_TRAFFIC_SECRET_0 9d58e667dce4cffbee0ff54fa6386562149071f599778f03d2a7ccd5e778591e f8b4cc659201a86f7565e3bcc672b6c78af1462d8df5be08185e729a2de31411
SERVER_HANDSHAKE_TRAFFIC_SECRET 364d7a2af65f2752ed56a442b7eb53e733db443ea2dc51bf1bfbef0ec2fe82d5 d7c8f3f5639a4a0b81a36f23c46356375ebe4c7fc98dc9cbaff8b5351ea7cdea
CLIENT_HANDSHAKE_TRAFFIC_SECRET 364d7a2af65f2752ed56a442b7eb53e733db443ea2dc51bf1bfbef0ec2fe82d5 71ebcdb5ee7a4f9c594e649601098cc67e68abe4c1dacba33921ab5b465f83f3
SERVER_TRAFFIC_SECRET_0 364d7a2af65f2752ed56a442b7eb53e733db443ea2dc51bf1bfbef0ec2fe82d5 2854a333c78ca8d638a8dcb87dd58acff2c147a198c94e851d145e6aae01078f
CLIENT_TRAFFIC_SECRET_0 364d7a2af65f2752ed56a442b7eb53e733db443ea2dc51bf1bfbef0ec2fe82d5 3abda947bd874f6cffdfa8bb28d335bd303bfeb12aef6eebe75ab8dbc1563569
SERVER_HANDSHAKE_TRAFFIC_SECRET c9ec0067c6a40d63ce3830a680afbe6405ec4f789256126aa28bf7e8e17a0ebc fa18d404c7fa7766b96066132498236357bab5a0820e28101a4ed0a9cef36046
CLIENT_HANDSHAKE_TRAFFIC_SECRET c9ec0067c6a40d63ce3830a680afbe6405ec4f789256126aa28bf7e8e17a0ebc d2f151acc0a8e2ae1bb82f14741c061bc7719791906cce039b1a78d517a79d92
SERVER_TRAFFIC_SECRET_0 c9ec0067c6a40d63ce3830a680afbe6405ec4f789256126aa28bf7e8e17a0ebc daa85ccf54a2e6d35c4c210e97b30d115f00bd583cc3904ddacf04d0fb258093
SERVER_HANDSHAKE_TRAFFIC_SECRET 0cf931780f9623a753a4275f106a7241e1b78ea21e02669fe1695c7311920242 628af310303b1bb5c6be6f73cdc130e8ad0d19ba4f8e5711a4249dba6e344cbd
CLIENT_HANDSHAKE_TRAFFIC_SECRET 0cf931780f9623a753a4275f106a7241e1b78ea21e02669fe1695c7311920242 0e62c31037943ecb06aea00d3a6f15209d7fa70dd932fab661123a2340bdedf1
SERVER_TRAFFIC_SECRET_0 0cf931780f9623a753a4275f106a7241e1b78ea21e02669fe1695c7311920242 d305c81573cc2f0b589178ece5bae0e1ca3c81e324474e4c93623a073879f209
CLIENT_TRAFFIC_SECRET_0 0cf931780f9623a753a4275f106a7241e1b78ea21e02669fe1695c7311920242 a46506c9a323a5dfb5742167c697dbd2b40ad164e649b7194c299f86fc603244
SERVER_HANDSHAKE_TRAFFIC_SECRET e2bf4538e2f78062a8a9a43b58c83749157489501f96a3a1ee7c67d99165cae8 daebad59eafa789d9af5c47a8bd2c73fb0d505d88a3342ec2229d727d087cd1b
CLIENT_HANDSHAKE_TRAFFIC_SECRET e2bf4538e2f78062a8a9a43b58c83749157489501f96a3a1ee7c67d99165cae8 66cd5cc1e1b175766276895dbd8ee28a0f64345e9833081a17161890b614f04c
SERVER_TRAFFIC_SECRET_0 e2bf4538e2f78062a8a9a43b58c83749157489501f96a3a1ee7c67d99165cae8 6df3e8e360c21abe26fa9d3fcadb097de0ea9cf062282ea9da08e2a20a686146
SERVER_HANDSHAKE_TRAFFIC_SECRET dfbc27f86e1100d7af77dcd22b3314bed558678253d9ebfc18cd608eb4182f4b 3a11051845d9ef2095c77caa6fcdbae3a2641cc5995517a5bbf1eb89b86c0b76
CLIENT_HANDSHAKE_TRAFFIC_SECRET dfbc27f86e1100d7af77dcd22b3314bed558678253d9ebfc18cd608eb4182f4b f17f071899a4af8c8365387ace3e885b2cf93621ead272c76d0b359f26a0e01b
SERVER_TRAFFIC_SECRET_0 dfbc27f86e1100d7af77dcd22b3314bed558678253d9ebfc18cd608eb4182f4b e97f559e36820772d6cdf3ad5b8240f858f47dc653f12e98edbcb86f7204c6cb
CLIENT_TRAFFIC_SECRET_0 dfbc27f86e1100d7af77dcd22b3314bed558678253d9ebfc18cd608eb4182f4b 3347f878c1985dc23c94ae96e36e6c2378667f1e0de23fbd0ae694bebaaea8a6
SERVER_HANDSHAKE_TRAFFIC_SECRET 5a248c6eda24d4debe1b3ef4cf2bf4d107ca513cb9e6f41613d88bdb40cce693 724ac9a2deccd3e76c5da511328f5e0670395c1afc7b5097465db36808362651
CLIENT_HANDSHAKE_TRAFFIC_SECRET 5a248c6eda24d4debe1b3ef4cf2bf4d107ca513cb9e6f41613d88bdb40cce693 adf7b61d3cd30e5674b8e7a79e1c832e950ec295cf9f0f48b66c77db9dc7404e
SERVER_TRAFFIC_SECRET_0 5a248c6eda24d4debe1b3ef4cf2bf4d107ca513cb9e6f41613d88bdb40cce693 7a9cdba9fbda8d763e815b058b2dd14695d9af3b4ea6c3f74e23d63eaf0a0a38
CLIENT_TRAFFIC_SECRET_0 5a248c6eda24d4debe1b3ef4cf2bf4d107ca513cb9e6f41613d88bdb40cce693 7f1ec3ef5bb8f083341801170c8da6b863dcc42791a8a5fa50fb08e5642a3d34
SERVER_HANDSHAKE_TRAFFIC_SECRET b5ba7dbcdaf4ec89466996c429ae940704d8d2e332cbd3fb101e53f02f6d042a 2e261ff472dcd14a753cac9fbdb16fc55b9d92824821c398e1eecb1214120909
CLIENT_HANDSHAKE_TRAFFIC_SECRET b5ba7dbcdaf4ec89466996c429ae940704d8d2e332cbd3fb101e53f02f6d042a b3735a9d648d5e515ecacb1a41bc4b2aa29eb47693bb9a363a2f55f5317ae812
SERVER_TRAFFIC_SECRET_0 b5ba7dbcdaf4ec89466996c429ae940704d8d2e332cbd3fb101e53f02f6d042a 44618dc0056ecaaa8b64cd198cc17db0573b4ca36189e9e5c9d15b0a848d1cfb
CLIENT_TRAFFIC_SECRET_0 b5ba7dbcdaf4ec89466996c429ae940704d8d2e332cbd3fb101e53f02f6d042a f7ff546c83108dc84d2b0783153485d87be2055a8adfbf5b634380bb16832037
SERVER_HANDSHAKE_TRAFFIC_SECRET 12924358cb5e93c1a49c0aa398ec00b27f67227137815cee2c01ec15b6249457 2151af1f5ef065ac9a18b8b4a5bbf60576e4939307485f2f925a203c1c5fc3f6
CLIENT_HANDSHAKE_TRAFFIC_SECRET 12924358cb5e93c1a49c0aa398ec00b27f67227137815cee2c01ec15b6249457 8b540e239ba1ae0d12b7d8a1a231bfe9e45d2d9e86c1492aa203f09e25e4f22e
SERVER_TRAFFIC_SECRET_0 12924358cb5e93c1a49c0aa398ec00b27f67227137815cee2c01ec15b6249457 c4e02c6286992eb4c459cbdfea24d0f724a418959546ab7e5171df02077d920b
CLIENT_TRAFFIC_SECRET_0 12924358cb5e93c1a49c0aa398ec00b27f67227137815cee2c01ec15b6249457 c7cec0298da34223024b2002a02cbee274bb323f768526ad5e32104d7bd214f9
SERVER_HANDSHAKE_TRAFFIC_SECRET a853ccdd19f086a349bf2be5c724ed4de3cdd5a19d91ad7883a9d8ec81f356ad 16fa67945a454c1928a85b3e68bf3392b273305a060af26c31816792ee9101d5
CLIENT_HANDSHAKE_TRAFFIC_SECRET a853ccdd19f086a349bf2be5c724ed4de3cdd5a19d91ad7883a9d8ec81f356ad 3a1e302533685fbaac65a7420b56595edebc685f0ca964f299ac4f438781a9de
SERVER_TRAFFIC_SECRET_0 a853ccdd19f086a349bf2be5c724ed4de3cdd5a19d91ad7883a9d8ec81f356ad c2ab0b1ab6049e08e435025902327aae89f660b9f5f968ca92486f0a5f6a2841
CLIENT_TRAFFIC_SECRET_0 a853ccdd19f086a349bf2be5c724ed4de3cdd5a19d91ad7883a9d8ec81f356ad 2b1177bf606aa8f0cc91412a799aa55769dd6514e98aff38fcc3d3378650b872
SERVER_HANDSHAKE_TRAFFIC_SECRET b2ab2b06080fadaeb5cf3ec5265bf2be6a79d9747f37f5293ad53f1f82fc293c 1f8510619b1fa6a565ac703a3f680044c73b665c938216361f5fd1d35b7240e1
CLIENT_HANDSHAKE_TRAFFIC_SECRET b2ab2b06080fadaeb5cf3ec5265bf2be6a79d9747f37f5293ad53f1f82fc293c 4c9e25d38368166fd6a531d0d8810beb8f5258ed718d33d5fc4e7f57e339b5e4
SERVER_TRAFFIC_SECRET_0 b2ab2b06080fadaeb5cf3ec5265bf2be6a79d9747f37f5293ad53f1f82fc293c dd6739ebdc24520591dbc5adde0060449bc3f3e4d68028da40fed2b4563e6d4d
CLIENT_TRAFFIC_SECRET_0 b2ab2b06080fadaeb5cf3ec5265bf2be6a79d9747f37f5293ad53f1f82fc293c 5ada9d882a05b7ae2df7ee23f6f76ef20d9c60fc9529dac754c67eb1e9bd060f
SERVER_HANDSHAKE_TRAFFIC_SECRET d34cc13306bbf362cec341f7d1574920dc75d0e3600be75c7af5de08864d5e58 cc901f94bf6b0d2132fa82f86317fe9d0b1138314b63d353503380d0b8d8a7f0
CLIENT_HANDSHAKE_TRAFFIC_SECRET d34cc13306bbf362cec341f7d1574920dc75d0e3600be75c7af5de08864d5e58 ac8c8ca06c50d9b87a784405ca91a733ff86d2480015d937b32c8c62e0999ada
SERVER_TRAFFIC_SECRET_0 d34cc13306bbf362cec341f7d1574920dc75d0e3600be75c7af5de08864d5e58 2836fe34c3cb4ea107a7d7db27a2fc057e44caefb2bb27e5f6d04d4055ce0f12
CLIENT_TRAFFIC_SECRET_0 d34cc13306bbf362cec341f7d1574920dc75d0e3600be75c7af5de08864d5e58 b2327a791535ba166a264a5e7507baa0521df4f852fca4752b120cd201aa73a7
SERVER_HANDSHAKE_TRAFFIC_SECRET 24f51d1d07d0927bdb373b6f810698348a2f63f25c77d7cb931cdbd4a960e15b 8be35ef8121de2b39472c7c10d7695f2d4974977356182905df93701e6b6c517
CLIENT_HANDSHAKE_TRAFFIC_SECRET 24f51d1d07d0927bdb373b6f810698348a2f63f25c77d7cb931cdbd4a960e15b d6f33e801936a316056e2c0920b927c1cef2fdaf0b6a7c904128945b83c0f405
SERVER_TRAFFIC_SECRET_0 24f51d1d07d0927bdb373b6f810698348a2f63f25c77d7cb931cdbd4a960e15b a1a71ac1c7bd581edacf076da88e789f7039cd5a68029cf20e7552269a9c003b
SERVER_HANDSHAKE_TRAFFIC_SECRET 5ab6260e4ade85898dc68f1e08df4dccc805b242e8130cd2b10e860e2599880c b65b49c40e5d6cc4a33e3fe27d14a38a49c13cde6d14fb1136407665e00d27f4
CLIENT_HANDSHAKE_TRAFFIC_SECRET 5ab6260e4ade85898dc68f1e08df4dccc805b242e8130cd2b10e860e2599880c dff0fc5e44912f0a9706e76c569f7c90babc9ddc3591cfda277081a12e5a59f8
SERVER_TRAFFIC_SECRET_0 5ab6260e4ade85898dc68f1e08df4dccc805b242e8130cd2b10e860e2599880c 4c6198e0243f78e9184c4409b4f899308d8e8636a48473a08e0ba64e63d8425e
SERVER_HANDSHAKE_TRAFFIC_SECRET 6b6f4cafa8b388245cf794e410246d30765e1c048adf6429b7737e32c73c68c8 4f13338795e9862a82d1c2c7fed5e9c10183896bdb7369861272edc9d74c557b
CLIENT_HANDSHAKE_TRAFFIC_SECRET 6b6f4cafa8b388245cf794e410246d30765e1c048adf6429b7737e32c73c68c8 850ca5d48c00d723d206d44f4c304738a267c1c03d01769ab5d490fd6dc76b58
SERVER_TRAFFIC_SECRET_0 6b6f4cafa8b388245cf794e410246d30765e1c048adf6429b7737e32c73c68c8 5bc9f09f7e76d6bd9397e1188b0cabe9c0f004ba4a446fd42757b10967baca60
CLIENT_TRAFFIC_SECRET_0 6b6f4cafa8b388245cf794e410246d30765e1c048adf6429b7737e32c73c68c8 0d2d57cd754236fed7180494d868b25d39a563e16cb26f08fa3960a99b6c87c2
SERVER_HANDSHAKE_TRAFFIC_SECRET f0afb0368335308a3798950c38737aa19ebdeb9b6f1e6cfdbcda0ddf3b005cbe 472402b59cb2883c6999cf59ee121d161e06defe652a9b0fc2891bb371ba33f2
CLIENT_HANDSHAKE_TRAFFIC_SECRET f0afb0368335308a3798950c38737aa19ebdeb9b6f1e6cfdbcda0ddf3b005cbe 1cd584a62c55f356ff3764c0a51ff24fdc0e61f70e67cce140b397632a880562
SERVER_TRAFFIC_SECRET_0 f0afb0368335308a3798950c38737aa19ebdeb9b6f1e6cfdbcda0ddf3b005cbe 60dac5ae19badf59b1cd07d24a7ef85d9b3fbd1409012ecebdfeff3dbc3e73ad
CLIENT_TRAFFIC_SECRET_0 f0afb0368335308a3798950c38737aa19ebdeb9b6f1e6cfdbcda0ddf3b005cbe ffa4c034fe6d6a7c0555d464b0cd61215bc69b309a699a73adea4b201378f457
SERVER_HANDSHAKE_TRAFFIC_SECRET 9b949b206e850b3a95ab35c305bac2a5b223968f01504fea94a5f5ead1613003 6002643ae086924950a780690bf0b49c8725582853f18994f96aa791a0ecd25c
CLIENT_HANDSHAKE_TRAFFIC_SECRET 9b949b206e850b3a95ab35c305bac2a5b223968f01504fea94a5f5ead1613003 a2b4f76a458859d2003d280e540495775c4f9906e47b526fd7a935950c6bf3c9
SERVER_TRAFFIC_SECRET_0 9b949b206e850b3a95ab35c305bac2a5b223968f01504fea94a5f5ead1613003 ab687605818a2062dd28e355e4a7f0beca389587bf454416ca255e719d924699
SERVER_HANDSHAKE_TRAFFIC_SECRET 60ad0d463ab642aa85d34860b4a902a2646e4a86ce6089a31ad166ff7ed65d2a 3222457e6f22804191e480fcd2375781b5fab956db8362bd3a2e9c2006d085fd
CLIENT_HANDSHAKE_TRAFFIC_SECRET 60ad0d463ab642aa85d34860b4a902a2646e4a86ce6089a31ad166ff7ed65d2a 230dbf3ff67d3f4b280785cb1a7f25c241e8c2b439193545ec3f5b74e4825ebe
SERVER_TRAFFIC_SECRET_0 60ad0d463ab642aa85d34860b4a902a2646e4a86ce6089a31ad166ff7ed65d2a 3574872ea522a7ecb257f8f025db0ae466de7d9a688537532456b820dccc3b24
SERVER_HANDSHAKE_TRAFFIC_SECRET 26749074286dea96541f5f07f305610618bb5e02dd3b46f791de4ca27cbcb959 55573732f0682d70c63d91067426f7447c133efaf025476213ece9f4ebe1dbc4
CLIENT_HANDSHAKE_TRAFFIC_SECRET 26749074286dea96541f5f07f305610618bb5e02dd3b46f791de4ca27cbcb959 598d9857a41b1a0c3ddb3d3354a328acf03f4c53f5f9689c8823f957d2b7a6c7
SERVER_TRAFFIC_SECRET_0 26749074286dea96541f5f07f305610618bb5e02dd3b46f791de4ca27cbcb959 aa20406b1b96d3c616218dc4f2b009e369c6c4d753dd58bf714bd90021abc61c
CLIENT_TRAFFIC_SECRET_0 26749074286dea96541f5f07f305610618bb5e02dd3b46f791de4ca27cbcb959 12e1c9d7168cbaafb924ec25006a3b07ec908b207632d5294873b5b1500379ca
SERVER_HANDSHAKE_TRAFFIC_SECRET 33b5b1daeb11d5754f1504eb1041aa5e4f845a46db93d1fd1bb0e5e270657750 b332aabfa9578a4d698d5e2bd300aa7f2a51638c09a0f4ae6b8fa88c46f3cff3
CLIENT_HANDSHAKE_TRAFFIC_SECRET 33b5b1daeb11d5754f1504eb1041aa5e4f845a46db93d1fd1bb0e5e270657750 72fa4f9c67311f5977d0ffceda82e42beb7edd8f42304df18c814a4eea9058ad
SERVER_TRAFFIC_SECRET_0 33b5b1daeb11d5754f1504eb1041aa5e4f845a46db93d1fd1bb0e5e270657750 92709933f24fbeffba1413086e603f7d769473250f448343595ef30a4d765cde
CLIENT_TRAFFIC_SECRET_0 33b5b1daeb11d5754f1504eb1041aa5e4f845a46db93d1fd1bb0e5e270657750 e1ca38a179b5f7e28ca01d41269d7ecdf25c876f1e45119004c0c8259bbc6f9b
SERVER_HANDSHAKE_TRAFFIC_SECRET 40881450f19cecfb9ff0e499bf30b413d779f1604f489b835ff412b99b8b87dc a2b6af53d82f963b1b36fba25f7422e9b04a20710bece168e7195543be75f3ec
CLIENT_HANDSHAKE_TRAFFIC_SECRET 40881450f19cecfb9ff0e499bf30b413d779f1604f489b835ff412b99b8b87dc f7c099c4015b1d79b87f477661057606744c42d1d35fbf4113c825fa557b4b62
SERVER_TRAFFIC_SECRET_0 40881450f19cecfb9ff0e499bf30b413d779f1604f489b835ff412b99b8b87dc 1c3a1609e3b4e7bd27a69125ad83dc630679440e155394f000e74202d14c16ee
SERVER_HANDSHAKE_TRAFFIC_SECRET fb5f05bcec36d7213309238b48d9c8b4c4a62f50e0b278139dd8857689bba72b 641baa284e211518f207c633c062bdbe115d6b18b2a29afee286da07a635fb1f
CLIENT_HANDSHAKE_TRAFFIC_SECRET fb5f05bcec36d7213309238b48d9c8b4c4a62f50e0b278139dd8857689bba72b 60c6f9a40a9bd06f82a0770cffcc14656a6b535e3c13aa6af1606ac4ec68f3d4
SERVER_TRAFFIC_SECRET_0 fb5f05bcec36d7213309238b48d9c8b4c4a62f50e0b278139dd8857689bba72b 3f20a7e45dd4c91ba7f6c649c666d1800a466c6178bafe9f5c78404dabbf36c2
CLIENT_TRAFFIC_SECRET_0 fb5f05bcec36d7213309238b48d9c8b4c4a62f50e0b278139dd8857689bba72b 74a65af811a8e14c47214716c7ccb3a7cd65dfef3e39ee336601353a8c085ff9
SERVER_HANDSHAKE_TRAFFIC_SECRET c53e7a74b6f70cdb0d5b5a88029b96ebf54731ec7cd44328cd83204b5838f192 9383846e09dc2575cc3eca18d80ec6113ec148554c4df0c53f7c4f2ffef9e99c
CLIENT_HANDSHAKE_TRAFFIC_SECRET c53e7a74b6f70cdb0d5b5a88029b96ebf54731ec7cd44328cd83204b5838f192 1978e184a2696fc4e933c38339b5792b919f7357bcdb794eb25d28748d202099
SERVER_TRAFFIC_SECRET_0 c53e7a74b6f70cdb0d5b5a88029b96ebf54731ec7cd44328cd83204b5838f192 3576394a97654d1d87bde409ea5e6b79827b0cd4a6bb0e34fb86c47cd84e062d
SERVER_HANDSHAKE_TRAFFIC_SECRET 663a6287cf5b785f2b5e912094e3be6890de3b5288a9ea6fc628badbe0322fc9 a861ba7b41159962a256de464c1a4987f8fee0a2d0ec36532ad1123d387435b4
CLIENT_HANDSHAKE_TRAFFIC_SECRET 663a6287cf5b785f2b5e912094e3be6890de3b5288a9ea6fc628badbe0322fc9 f1ab46712e7da7e3fe851a712ff10f3510c6eb0b63689929e7f8852e995766aa
SERVER_TRAFFIC_SECRET_0 663a6287cf5b785f2b5e912094e3be6890de3b5288a9ea6fc628badbe0322fc9 bcf6d848fc80d8901b473eee7ca9715c77977b14b5aaa4612146b0b05133149b
CLIENT_TRAFFIC_SECRET_0 663a6287cf5b785f2b5e912094e3be6890de3b5288a9ea6fc628badbe0322fc9 7360439ba988e6120f21c8e7100073c3a31407a34c28ea8ebe6164cb26bb4862
SERVER_HANDSHAKE_TRAFFIC_SECRET eb041690e15808e9bcd8abaeb4af2f24123fee03dc14fc2e5295c4376fbdf112 a4939deb497b15ca117feb5c11a2dd748656ba244711b51dc30d47ee4b3f682d
CLIENT_HANDSHAKE_TRAFFIC_SECRET eb041690e15808e9bcd8abaeb4af2f24123fee03dc14fc2e5295c4376fbdf112 5f6bbc027dac897e8341553969aa74cdbccf0148080a1a1efeb51fef2d7c2f60
SERVER_TRAFFIC_SECRET_0 eb041690e15808e9bcd8abaeb4af2f24123fee03dc14fc2e5295c4376fbdf112 408c5b40037a3bca165a235cd2507b9bf3cdbd46679d86e67057455370ef0f9f
SERVER_HANDSHAKE_TRAFFIC_SECRET f911b3ca69b4f0d1d946381b059e073a774980c5dbddacff5cae4a552ce51a72 8471222035d8f8683c364fad3d2a9d90ae87d73d3f641eacb9bcb1cb93ed626e
CLIENT_HANDSHAKE_TRAFFIC_SECRET f911b3ca69b4f0d1d946381b059e073a774980c5dbddacff5cae4a552ce51a72 dd95f95d43b6a6c45cc689e7b6a78d9b18b70e9f9967a28dadb1706a2f8bf02f
SERVER_TRAFFIC_SECRET_0 f911b3ca69b4f0d1d946381b059e073a774980c5dbddacff5cae4a552ce51a72 735f8d5d1f1cb1c4ead31edc5f1b3b4a685ba646c8177ab43cb0d71dfbfb4f57
CLIENT_TRAFFIC_SECRET_0 f911b3ca69b4f0d1d946381b059e073a774980c5dbddacff5cae4a552ce51a72 e9aa8757f9d5a45312ea74aa184dbd16d4668a85e8b1c57e22889b98eee0f111
SERVER_HANDSHAKE_TRAFFIC_SECRET 5923c00a8d4484d035219f0e6271d024a0ffc39e39d07c4e654556c1b146fe78 1bf0c0f0755e8d4f507ab64425af95d695963de97383a3fb57aa8c8d779b4069
CLIENT_HANDSHAKE_TRAFFIC_SECRET 5923c00a8d4484d035219f0e6271d024a0ffc39e39d07c4e654556c1b146fe78 3f02e5bfa653f7a1fdd12344097b1742910dc19be437563a8937875ef826b8f7
SERVER_TRAFFIC_SECRET_0 5923c00a8d4484d035219f0e6271d024a0ffc39e39d07c4e654556c1b146fe78 70da7cbe2222d2472357c6288f9a641056871c11af5f8781117825b126983e71
CLIENT_TRAFFIC_SECRET_0 5923c00a8d4484d035219f0e6271d024a0ffc39e39d07c4e654556c1b146fe78 5202238683298d94f423fc362024cd13d805618c25c7e4ffcbd45ca60669b78d
SERVER_HANDSHAKE_TRAFFIC_SECRET d596223f20ead239a57ca850c8255b056f5236df68b779088dfe918a58dc7672 bb5e0e96e255c9f1ec585a0b511d53b691798da14d7182b7240967052d151fae
CLIENT_HANDSHAKE_TRAFFIC_SECRET d596223f20ead239a57ca850c8255b056f5236df68b779088dfe918a58dc7672 ec68a7a215621243ba5021a7b73c5a435a8b7563a9235d5bc615d366105f95d7
SERVER_TRAFFIC_SECRET_0 d596223f20ead239a57ca850c8255b056f5236df68b779088dfe918a58dc7672 1ff9aa6ce0446924b1eb75ae299ce7c57f99c8870308af83518e8f44e0a64311
CLIENT_TRAFFIC_SECRET_0 d596223f20ead239a57ca850c8255b056f5236df68b779088dfe918a58dc7672 eac32812f34d00d6ba733f7a9be0533f2b226dcd171c15e8c39b5b9b394e2fc3
SERVER_HANDSHAKE_TRAFFIC_SECRET e4fe763676e510ad1f2a407583cfd7685d2dfc3c66a4ae37d9f7cea9c0dce5e1 b51da1c08593bf6a77a70e76d2139f464ae5a599f0ec0a012f32f591dec836f2
CLIENT_HANDSHAKE_TRAFFIC_SECRET e4fe763676e510ad1f2a407583cfd7685d2dfc3c66a4ae37d9f7cea9c0dce5e1 922f489c66f33a4c3139f81a74841a1b8ac7ad7640b8aae9de218543ef478cff
SERVER_TRAFFIC_SECRET_0 e4fe763676e510ad1f2a407583cfd7685d2dfc3c66a4ae37d9f7cea9c0dce5e1 2984a70267fcb559ce7b1906dc9a8813b2d49a6b3d0ee32ef16d1b4618daca4c
CLIENT_TRAFFIC_SECRET_0 e4fe763676e510ad1f2a407583cfd7685d2dfc3c66a4ae37d9f7cea9c0dce5e1 304f4df8734d75e65ceaa5cf3d541883281e5f87d9a4f12782d3fc0ff8abe5a8
SERVER_HANDSHAKE_TRAFFIC_SECRET 7c6eae769417d6903accccf7842ced9ac04c6c9f32df8c1862d4f8232bb08d1f aa4f724dc6159e670ca5bcdcdee7cfe43145ee6c78ef6f819cfe03005163f38a
CLIENT_HANDSHAKE_TRAFFIC_SECRET 7c6eae769417d6903accccf7842ced9ac04c6c9f32df8c1862d4f8232bb08d1f e445d62a965593443fed599e1548d233308aa55654f755d338d851eb63757d25
SERVER_TRAFFIC_SECRET_0 7c6eae769417d6903accccf7842ced9ac04c6c9f32df8c1862d4f8232bb08d1f f4944a25b29668a946c71fd14a9078ff2a0b042b2eb1ee7bbd228c0d28b0dfcb
SERVER_HANDSHAKE_TRAFFIC_SECRET 1371d9ee166a421d1cdf8d93e616177cc7cf15a8206e452d7c928e950721f632 9a4e2d9f9adf8bacf19de9acc6875ccae3826d47c9b5ea00f981256bad68a2ba
CLIENT_HANDSHAKE_TRAFFIC_SECRET 1371d9ee166a421d1cdf8d93e616177cc7cf15a8206e452d7c928e950721f632 3121f7018c7e0389f065be708b72904f8d44cc6a3d181d481e3c045bfcb8e719
SERVER_TRAFFIC_SECRET_0 1371d9ee166a421d1cdf8d93e616177cc7cf15a8206e452d7c928e950721f632 a246c43110b678b6391de6aaa4a3c7575e5ebf73e0ebc3481a4c1a60433082ec
CLIENT_TRAFFIC_SECRET_0 1371d9ee166a421d1cdf8d93e616177cc7cf15a8206e452d7c928e950721f632 e6f85d54303291f6c9f227a91f2a926b89b2f04794e0bcf9c1edb4d95e0f236a
SERVER_HANDSHAKE_TRAFFIC_SECRET 5906b29ce53e90d2809747784462cd0e44949f62985ad1cb99beb806b02ad0c0 885b7f67279c170cc686f2b3aa9af1d7a5cf3be7838d41d616e7e3a7e6e928ef
CLIENT_HANDSHAKE_TRAFFIC_SECRET 5906b29ce53e90d2809747784462cd0e44949f62985ad1cb99beb806b02ad0c0 3278a392ae1ffe9d1d06fdedc0430ba5487f30521787ed9bc3061fdde10de7b3
SERVER_TRAFFIC_SECRET_0 5906b29ce53e90d2809747784462cd0e44949f62985ad1cb99beb806b02ad0c0 eec72af5fef5a3918d109af9441b9fc711d115c286c7d946fbd489f3b0a9a263
SERVER_HANDSHAKE_TRAFFIC_SECRET 2ff248b805c099202087f7ac5d70417ba0835a633275151d0ff0c7568de403f0 c35f2c4f4a135832f705e4d4d158cf6845e873b7baaa7543b89299a803a11225
CLIENT_HANDSHAKE_TRAFFIC_SECRET 2ff248b805c099202087f7ac5d70417ba0835a633275151d0ff0c7568de403f0 b035fefe4ce268752584199b458c4c145a6183718fd5c7c6ad09c3c62ae701b9
SERVER_TRAFFIC_SECRET_0 2ff248b805c099202087f7ac5d70417ba0835a633275151d0ff0c7568de403f0 64eaa202f4bad5061a72cc2a03a59940ee46d454f3120f4118d86aeb388701a4
CLIENT_TRAFFIC_SECRET_0 2ff248b805c099202087f7ac5d70417ba0835a633275151d0ff0c7568de403f0 8677088641de2b780dcca063844e4192110ad2f1b7452978fdef3b4abc68a264
SERVER_HANDSHAKE_TRAFFIC_SECRET a005144a69384eff56c6a4d5fd54da1209c470b1119a552e864dd76720dc590e 5a96f3fa4a372c85a908327a57f105710d8ee32d155dfc2cfabb4e7614bc1b69
CLIENT_HANDSHAKE_TRAFFIC_SECRET a005144a69384eff56c6a4d5fd54da1209c470b1119a552e864dd76720dc590e 65f21caab63f962f85be9883a18d7ee5c9239bf2e7e40df8892e58f72ceff068
SERVER_TRAFFIC_SECRET_0 a005144a69384eff56c6a4d5fd54da1209c470b1119a552e864dd76720dc590e 8bd47b366a75ff6a49e15bfe1d0f934306a8aba6bf4f7b19ef91d4e4a39d9a57
CLIENT_TRAFFIC_SECRET_0 a005144a69384eff56c6a4d5fd54da1209c470b1119a552e864dd76720dc590e f4b26f2d847a6cc29ac1eb2ba77d53c73c9d903214522645bf89592fbbe0c967
SERVER_HANDSHAKE_TRAFFIC_SECRET 02342cea82aa8de79fb46ac653c64ebd48511ea51ff9bc85705aa658a219e826 d347bfebf8e54681f703d4d73b7c148bc57cbb67dc6db99e6abb07fa02f83e3b
CLIENT_HANDSHAKE_TRAFFIC_SECRET 02342cea82aa8de79fb46ac653c64ebd48511ea51ff9bc85705aa658a219e826 7fd4a58bd27513b376e738721b856d5c6743e37521276c0d4660fdda7033a233
SERVER_TRAFFIC_SECRET_0 02342cea82aa8de79fb46ac653c64ebd48511ea51ff9bc85705aa658a219e826 6e5226d571d891cb3a8f3d2c1ae8ec651851f359f01f3ebfd80960620910eadf
SERVER_HANDSHAKE_TRAFFIC_SECRET 02b1b018dfaeb2b2d2fa51ec777782ec9f69fbd1750006ed46d539545bff1c01 288238ae81e97314e20d8f5b9fe31f8cb988631637a2ec32be24f4cf801e569d
CLIENT_HANDSHAKE_TRAFFIC_SECRET 02b1b018dfaeb2b2d2fa51ec777782ec9f69fbd1750006ed46d539545bff1c01 a951efe680b732996d8797cffe36ed7d3e74eaf93ef1e9429da9d8d8a045b0cb
SERVER_TRAFFIC_SECRET_0 02b1b018dfaeb2b2d2fa51ec777782ec9f69fbd1750006ed46d539545bff1c01 2c6ec54028666fe79c07566c91e673dac016909d861f3eaf4d78a010f17350d2
SERVER_HANDSHAKE_TRAFFIC_SECRET 5c9ce5525e1fc35b8f8d967015790aa3aeafcb2f0946ceb4747e557b2a3531ae 4a5c83f9e8f742496aba8ded9424f675251c868a0c5ea2a12dca64bdebb8326a
CLIENT_HANDSHAKE_TRAFFIC_SECRET 5c9ce5525e1fc35b8f8d967015790aa3aeafcb2f0946ceb4747e557b2a3531ae e15941f05a5e2b64ae4eaf78ee0be3b6aee28ccdecc707439532c3098733caa4
SERVER_TRAFFIC_SECRET_0 5c9ce5525e1fc35b8f8d967015790aa3aeafcb2f0946ceb4747e557b2a3531ae d2c5c1b030652aa5b34f886e7463f73514ffe847762e1d75920635a34774ae51
CLIENT_TRAFFIC_SECRET_0 5c9ce5525e1fc35b8f8d967015790aa3aeafcb2f0946ceb4747e557b2a3531ae 9ea1438df42fc57a92da4eab0e3f4057aff8581bce7a9fb1d88df772543963ab
SERVER_HANDSHAKE_TRAFFIC_SECRET cb7f16548c9dffcb377cc7c562db0642b508332d974ae1853af824bd478c95de 08eb7c6821ab872bf2883530b87da407f28273192a147bd7d833bdd0a1877585
CLIENT_HANDSHAKE_TRAFFIC_SECRET cb7f16548c9dffcb377cc7c562db0642b508332d974ae1853af824bd478c95de 9ee3302a23ff5126724557c2871dd25f898dd115a4853b35ffa48a4f6e7faba2
SERVER_TRAFFIC_SECRET_0 cb7f16548c9dffcb377cc7c562db0642b508332d974ae1853af824bd478c95de 71ef8c2411b8ab3448db7c7f6e1a3021585ac3aa65c94c1dda3b88813d8098f3
SERVER_HANDSHAKE_TRAFFIC_SECRET ab911f4d2c123b1f413231822709f0d6f838fffb87c9ff6811a3dc88ad1d8a6e d650914946e381925b401d29e53b1fea662cc4afdf19e317d846072bc36659cf
CLIENT_HANDSHAKE_TRAFFIC_SECRET ab911f4d2c123b1f413231822709f0d6f838fffb87c9ff6811a3dc88ad1d8a6e d132dc57bbc06a2f04da238b9a418e52b7c640bf9cb289ae27af5d44d8cd50a9
SERVER_TRAFFIC_SECRET_0 ab911f4d2c123b1f413231822709f0d6f838fffb87c9ff6811a3dc88ad1d8a6e 61269202013f91f1f8500cafa226cbd1f047301d98fe1700808b7ca4c87b0ecf
CLIENT_TRAFFIC_SECRET_0 ab911f4d2c123b1f413231822709f0d6f838fffb87c9ff6811a3dc88ad1d8a6e c8d0172a2204e4666f790781185ded95b908998433f27a78fb7d474d47137b0e
SERVER_HANDSHAKE_TRAFFIC_SECRET 6a287584016c5c055d8f7e2550a618fbbe6a71ccb51b491336773deed8fbd279 283a3ff5cdfc0809e7aa6efdf8f068b324949fee0d0dedb1aaa6c77110f0ce4b
CLIENT_HANDSHAKE_TRAFFIC_SECRET 6a287584016c5c055d8f7e2550a618fbbe6a71ccb51b491336773deed8fbd279 cb73d21a8dd7245cfced915da984e31654d37184c35458294f23a25ef1f0ce74
SERVER_TRAFFIC_SECRET_0 6a287584016c5c055d8f7e2550a618fbbe6a71ccb51b491336773deed8fbd279 786036fa41f1f12645bb0c9867d7a9b36daf581feab5f6b8860baab72083276a
CLIENT_TRAFFIC_SECRET_0 6a287584016c5c055d8f7e2550a618fbbe6a71ccb51b491336773deed8fbd279 99519c0b392aac054cf223a0374c961342e29359cd542dc9730ebd1ba7eed175
SERVER_HANDSHAKE_TRAFFIC_SECRET b669f4e1fd69bce6e109b3772f65b0be39b875379005c0aea9218c537900c557 722b31498e4ac6a1d86f3683ee45e3eb5376cc2dab18b9bca1908c6c16db87bb
CLIENT_HANDSHAKE_TRAFFIC_SECRET b669f4e1fd69bce6e109b3772f65b0be39b875379005c0aea9218c537900c557 51953a9c331bbd94bb5461d621ffcbbfb1a447af9d34050c91ac68c21442018c
SERVER_TRAFFIC_SECRET_0 b669f4e1fd69bce6e109b3772f65b0be39b875379005c0aea9218c537900c557 77acf095b515ebd7f52fc57f8bd6e6aae067590044f09057772b81244efcf972
SERVER_HANDSHAKE_TRAFFIC_SECRET cc25d8f8bf6f0557a981a77fb9eceda29c6cd9189629e6185c5cc5b64544eb94 2c9beea15b0bcf2dc5cca6ae19a2e1323a85b390178a2c3cd7800b3392a1d4f9
CLIENT_HANDSHAKE_TRAFFIC_SECRET cc25d8f8bf6f0557a981a77fb9eceda29c6cd9189629e6185c5cc5b64544eb94 fa1b63c64e903071faa5a514452f3a8b075cd679ce475fc6676bc10497f0e5d9
SERVER_TRAFFIC_SECRET_0 cc25d8f8bf6f0557a981a77fb9eceda29c6cd9189629e6185c5cc5b64544eb94 b4a350fc130772af054b061fbe62ac74ebea6d30c2c0e6157a3ea8995e569da7
CLIENT_TRAFFIC_SECRET_0 cc25d8f8bf6f0557a981a77fb9eceda29c6cd9189629e6185c5cc5b64544eb94 93ec273ce3614eb4e60522789263637c104ee6c4adac4f146f7ca13acb4c74df
SERVER_HANDSHAKE_TRAFFIC_SECRET 386835938cba46164effa36efba89528a8b712276474b1779263d8bddc574105 248be9538e6f6350761d8a6db56aa5e36c3d2771858cb68bf1929d3b1a8cfe6c
CLIENT_HANDSHAKE_TRAFFIC_SECRET 386835938cba46164effa36efba89528a8b712276474b1779263d8bddc574105 7694611edf0c1ae0636a0520d7051f05f5e80ffe898b14ee5e28f38603c30f71
SERVER_TRAFFIC_SECRET_0 386835938cba46164effa36efba89528a8b712276474b1779263d8bddc574105 808fd17898b0b7e0f3c525d254c9ed339a8c430b44f21a59a81073c634b2dbdf
CLIENT_TRAFFIC_SECRET_0 386835938cba46164effa36efba89528a8b712276474b1779263d8bddc574105 60c3455f510f68d00eff614f725aaa3b89c5a22ad490f82798ff042102ef60e9
SERVER_HANDSHAKE_TRAFFIC_SECRET 7bdb0157a637fe40767184776e00efbd3f46cb25d921572d760b634a8e401fa5 2e3813f4d695672b7c2684d3913646bcdad3f14ed3492d2442370d58f251096c
CLIENT_HANDSHAKE_TRAFFIC_SECRET 7bdb0157a637fe40767184776e00efbd3f46cb25d921572d760b634a8e401fa5 bb4b17d58ee5566198f9378a554ff68a6fd41b8b868e2547c785b1dd5ba1d4c9
SERVER_TRAFFIC_SECRET_0 7bdb0157a637fe40767184776e00efbd3f46cb25d921572d760b634a8e401fa5 85b8fcc9111221e0af5849759ba02ab13abd31a4c7cbccfc444e9947fec8c284
CLIENT_TRAFFIC_SECRET_0 7bdb0157a637fe40767184776e00efbd3f46cb25d921572d760b634a8e401fa5 ae47f4d9f0a4a90ea4aa09ee60ff37cc386dc935b5f16ba6e5461aae411f2365
SERVER_HANDSHAKE_TRAFFIC_SECRET 9cde711682c9ef011da1552b3f616c5b27e17254e58d4259a986d0f748d65dfd 5da9e9a6d7d225f13109d0eea62ce31727a8da427215975c7295893e55cd31f0
CLIENT_HANDSHAKE_TRAFFIC_SECRET 9cde711682c9ef011da1552b3f616c5b27e17254e58d4259a986d0f748d65dfd 546771d688ae6c5b226a83b5cdb9b7998532d8eb96ae746d2d336a19139ea811
SERVER_TRAFFIC_SECRET_0 9cde711682c9ef011da1552b3f616c5b27e17254e58d4259a986d0f748d65dfd 5aacdbb565d6f218c648cccb95d6b25b092dd54f094775a22fe7d15a8cff1ba3
SERVER_HANDSHAKE_TRAFFIC_SECRET eaec543041f9ae22e133994280d2776d8b5455a8fdce0da05d434fdb34c14ed6 d2f4cae2164ae8efba7f1cc52a6dcba5fc02a69e05bc3662db5e3dd58c068215
CLIENT_HANDSHAKE_TRAFFIC_SECRET eaec543041f9ae22e133994280d2776d8b5455a8fdce0da05d434fdb34c14ed6 c09b1d7b78652bbf30c79df3224c7f11337673b2789580bf8f4bf0d98e8ccc96
SERVER_TRAFFIC_SECRET_0 eaec543041f9ae22e133994280d2776d8b5455a8fdce0da05d434fdb34c14ed6 840d7942389b7a74600c8e5867220d8b0f4558886298e8b58d7b578e054f6a3c
CLIENT_TRAFFIC_SECRET_0 eaec543041f9ae22e133994280d2776d8b5455a8fdce0da05d434fdb34c14ed6 a8f06924ff2bd7d7b2e7c33f908ce3e1f60a18a08c01c2033e40e88612c0b8cb
SERVER_HANDSHAKE_TRAFFIC_SECRET 6aa636c916b583fa42cc1d023e22878cf9215e2007e35d92fa2ca6e338608663 78d7b846706963e6eab2b8bda5352fb00ce10e32e84b21832feff845502f127c
CLIENT_HANDSHAKE_TRAFFIC_SECRET 6aa636c916b583fa42cc1d023e22878cf9215e2007e35d92fa2ca6e338608663 b91297dc1b10724c46173ec1c4ae2a1199a6c6617b4c74492267e9e5bf5a6d66
SERVER_TRAFFIC_SECRET_0 6aa636c916b583fa42cc1d023e22878cf9215e2007e35d92fa2ca6e338608663 d465f53ac69fd443421c3164f39090638549583a0941c08d408aa822fc0e92ae
CLIENT_TRAFFIC_SECRET_0 6aa636c916b583fa42cc1d023e22878cf9215e2007e35d92fa2ca6e338608663 6f7fd45c1dff0385fce4c8b04a60f3592ba298811454a6caad78936f55346336
SERVER_HANDSHAKE_TRAFFIC_SECRET c139cd5490a95cc8fa1a79dba25f3ecaba4eab76881c75d0975fa8613e10135b 493a6d76ccb0ff0b0861d7e0b28fb22d030d0e48ae835609b9e5b0f7f8e431b7
CLIENT_HANDSHAKE_TRAFFIC_SECRET c139cd5490a95cc8fa1a79dba25f3ecaba4eab76881c75d0975fa8613e10135b eb28d6d987bad867eb05ce63efefcf0ea52a1d7e45df469253606594414092e3
SERVER_TRAFFIC_SECRET_0 c139cd5490a95cc8fa1a79dba25f3ecaba4eab76881c75d0975fa8613e10135b 29f5a9583e02fdf8ccca1129f60aeae48868404e8f2fb908a61a08df4b6e68fe
CLIENT_TRAFFIC_SECRET_0 c139cd5490a95cc8fa1a79dba25f3ecaba4eab76881c75d0975fa8613e10135b b50d80dfdfa4db1b7dc4ab5a083996cb1c2eb85e86febd1da70bc5523c203616
SERVER_HANDSHAKE_TRAFFIC_SECRET 97e15f3d038176244abd2c9a90261ada899aa106a166b86c69a9e48cee490ded 264d364f62a7cfce0faf97fb3ef0533375226beefe9ce719caae1e9de8c1cb5a
CLIENT_HANDSHAKE_TRAFFIC_SECRET 97e15f3d038176244abd2c9a90261ada899aa106a166b86c69a9e48cee490ded 8d60f8b8bfd1173337b2d9ee00b3670f64fab01eaba74a7b299abad73cda495f
SERVER_TRAFFIC_SECRET_0 97e15f3d038176244abd2c9a90261ada899aa106a166b86c69a9e48cee490ded eb748089e8fe6afda2ac01e54d3dd617510afe85117dfc11982ecf7ef67b44e2
CLIENT_TRAFFIC_SECRET_0 97e15f3d038176244abd2c9a90261ada899aa106a166b86c69a9e48cee490ded 1718d2de958e99dc1580744aa028b3a3e33fb7b417da0ed4ea4dcb963f209ba2
SERVER_HANDSHAKE_TRAFFIC_SECRET 78277affd80b2b34770d235d9e78cc4abe3cdf50ec7c591182c71e897bf0842f f2fbb750604c8f3ccdce8e5c9949d52b312729a6db9e8f0ed438af06561bb242
CLIENT_HANDSHAKE_TRAFFIC_SECRET 78277affd80b2b34770d235d9e78cc4abe3cdf50ec7c591182c71e897bf0842f 1779644cb3a04c62ba07147a27c05ea4c640d4dd7e8346ef8dca5882bbd401af
SERVER_TRAFFIC_SECRET_0 78277affd80b2b34770d235d9e78cc4abe3cdf50ec7c591182c71e897bf0842f c2b26216495b2a85b8f93fee3032995a72b09ec2e51744820104064c8fb2cf4e
CLIENT_TRAFFIC_SECRET_0 78277affd80b2b34770d235d9e78cc4abe3cdf50ec7c591182c71e897bf0842f 31ed161e92ee569534a9f16ecd5b5a6619c44f92c0a2b98024c52b60420e460f
SERVER_HANDSHAKE_TRAFFIC_SECRET 7c56ae19373b9c0f9c4e563994752fb431c2a85ee9056c9bd55cf2b7e657360d ae123ccfa953252fa4a2ea6fa126a0ec4682764efd74c00fc1be2d9bf86f6f11
CLIENT_HANDSHAKE_TRAFFIC_SECRET 7c56ae19373b9c0f9c4e563994752fb431c2a85ee9056c9bd55cf2b7e657360d 24fc04bdd918e1d07742bdac31a9103a43cda42d4176cc23f1ef4e62b998fe19
SERVER_TRAFFIC_SECRET_0 7c56ae19373b9c0f9c4e563994752fb431c2a85ee9056c9bd55cf2b7e657360d fdd641d508489e2c2a52fda0329b0b5de89aa2cb3409c633a09146272dce725e
CLIENT_TRAFFIC_SECRET_0 7c56ae19373b9c0f9c4e563994752fb431c2a85ee9056c9bd55cf2b7e657360d e750715b8f23398c50defdc145c216ace989d3beb6caf9bfdd27ce7968bac696
SERVER_HANDSHAKE_TRAFFIC_SECRET a361b05d498d7b8a46cff623347a3d4e1f19b644af432170a74e3482fbb5441f e0799a92355b198c6373619c66c1a51d803f6c16f714ab8c6c0651d6fd01f44c
CLIENT_HANDSHAKE_TRAFFIC_SECRET a361b05d498d7b8a46cff623347a3d4e1f19b644af432170a74e3482fbb5441f fa3546ebebef048d912f68481c387cff23d31c308d9a1a5fc3a22a8c6f779732
SERVER_TRAFFIC_SECRET_0 a361b05d498d7b8a46cff623347a3d4e1f19b644af432170a74e3482fbb5441f b5e95d936a4a7d2c845ca94dfd0c59b88114ca1f849f86a4633d0e214e26848c
CLIENT_TRAFFIC_SECRET_0 a361b05d498d7b8a46cff623347a3d4e1f19b644af432170a74e3482fbb5441f bd3a14e9d51c0b1063f5e50ccc07db4cc64b68ae8eee0bdce810220e8461bd7a
SERVER_HANDSHAKE_TRAFFIC_SECRET b8e9cccd0844e31eaf5d99412889b7b010c6ea652188dcdbe7426b8cfecf7461 b8e32f74476e3658b9b8cd1a5587e38590deaca4cf46d294656820af3c480fae
CLIENT_HANDSHAKE_TRAFFIC_SECRET b8e9cccd0844e31eaf5d99412889b7b010c6ea652188dcdbe7426b8cfecf7461 0843f42a1b7a4a060e79de4a2ef8a428e20c6fce043eb98d402d7d9c8287c965
SERVER_TRAFFIC_SECRET_0 b8e9cccd0844e31eaf5d99412889b7b010c6ea652188dcdbe7426b8cfecf7461 a3dc7f37309f8c8539f31aad11920addaa358d29ae47b157b5fbc3b3a5ea29dd
SERVER_HANDSHAKE_TRAFFIC_SECRET 557e9a6d0c5c9bd76eef6d9dc2f4e864513761d2d18611e7327e104a5cf85156 7d9fbb94f10819b05aa4cfb19f9cfffaab7efced07869aac1848724c2ae28c6c
CLIENT_HANDSHAKE_TRAFFIC_SECRET 557e9a6d0c5c9bd76eef6d9dc2f4e864513761d2d18611e7327e104a5cf85156 83b7ddc942861a78ab8fa841e1f2ada395ea245f974465a7277b5f282b2f3172
SERVER_TRAFFIC_SECRET_0 557e9a6d0c5c9bd76eef6d9dc2f4e864513761d2d18611e7327e104a5cf85156 9985e4e6de12989d8e75d5a03c3e28ecb0ed76128d17fb8960fd08fde45e28d7
CLIENT_TRAFFIC_SECRET_0 557e9a6d0c5c9bd76eef6d9dc2f4e864513761d2d18611e7327e104a5cf85156 111f3852e2906b50bc710c9f52e24b3023c2a0e3ce50eca31bf20b652e03e680
SERVER_HANDSHAKE_TRAFFIC_SECRET 709d9086493122e8b8d52722a62502618fc169e167a1d9e233e5d8dec004a24b 135e9c4105264e7ca9d2c05cc651d3c3d58825f53a623274690763e2bcd76a71
CLIENT_HANDSHAKE_TRAFFIC_SECRET 709d9086493122e8b8d52722a62502618fc169e167a1d9e233e5d8dec004a24b ea37f99152f1dfb8d6c5e93ae50da3e23d4ae19207468b5867babf514e3a3c3a
SERVER_TRAFFIC_SECRET_0 709d9086493122e8b8d52722a62502618fc169e167a1d9e233e5d8dec004a24b 129129a124294b5bd8f856de9cac7560e9568c0eabb2b11398a75263ab17230d
CLIENT_TRAFFIC_SECRET_0 709d9086493122e8b8d52722a62502618fc169e167a1d9e233e5d8dec004a24b cc898c455c38366d6903fa52ac53d11ed68067566db384e3ac41de1f3a0fd444
SERVER_HANDSHAKE_TRAFFIC_SECRET 3c868757d65eb68619a948bb68259bd3e6a7cee986df09b9b68a8904f56947d6 8246e3ed4ff0b3328e8c4223d445fba380bdc6935330dc76c83d30c80c6c288f
CLIENT_HANDSHAKE_TRAFFIC_SECRET 3c868757d65eb68619a948bb68259bd3e6a7cee986df09b9b68a8904f56947d6 be8a82d2b6a474772eae1a6beb4f1aef574a072c0787c9240109e46de360138e
SERVER_TRAFFIC_SECRET_0 3c868757d65eb68619a948bb68259bd3e6a7cee986df09b9b68a8904f56947d6 10c9b74541239aab19819ebe859c036bf2a96c456dd519f9a344e51294b6c13b
CLIENT_TRAFFIC_SECRET_0 3c868757d65eb68619a948bb68259bd3e6a7cee986df09b9b68a8904f56947d6 96f5b5097c395c30421fb63b2cac55293d8550c590f6d2a82dbc932e4f9b9d70
SERVER_HANDSHAKE_TRAFFIC_SECRET 332b3d0d73794c2799cb61599427ef530376e670c49023b6555fc7c71aad17e1 fae7ecf7f09e47bfa8f7da5efacbf79b7cadfe846cd5d43f377084defd67b71f
CLIENT_HANDSHAKE_TRAFFIC_SECRET 332b3d0d73794c2799cb61599427ef530376e670c49023b6555fc7c71aad17e1 b2fb627395dd57d06f7daeb2b7f08be33c23261b55b88c19b347c030cb7bb45c
SERVER_TRAFFIC_SECRET_0 332b3d0d73794c2799cb61599427ef530376e670c49023b6555fc7c71aad17e1 a1904dcf71b8caf48a548f5de10bf8049842b6148652140d2c07ccef0a8531ec
CLIENT_TRAFFIC_SECRET_0 332b3d0d73794c2799cb61599427ef530376e670c49023b6555fc7c71aad17e1 607b1b7687f156b6ee58caa48156173aeaa098a66d21fa99f580553ecf46c49c
SERVER_HANDSHAKE_TRAFFIC_SECRET 2e00b8dcad66afc30fb89395e9443f5788c037d17ca84f3afc5352802f6cbfbe c678fc6985f109c9359ff8a500d1856a069a243cbb544dbe2a708543889eb675
CLIENT_HANDSHAKE_TRAFFIC_SECRET 2e00b8dcad66afc30fb89395e9443f5788c037d17ca84f3afc5352802f6cbfbe 8db312aa0b8e4c8635f7ec5df15df7934bfdd2da6adc54fd26b20cc5eb199cb4
SERVER_TRAFFIC_SECRET_0 2e00b8dcad66afc30fb89395e9443f5788c037d17ca84f3afc5352802f6cbfbe 605d610178df9d154c9454bb7968c331ee4a0b2a98ab03c9dc54d68cc6d1d0f0
CLIENT_TRAFFIC_SECRET_0 2e00b8dcad66afc30fb89395e9443f5788c037d17ca84f3afc5352802f6cbfbe 06170471bafa38823e039348f4f6ed56fa04669be49ddb6681e9f0d0d4459087
SERVER_HANDSHAKE_TRAFFIC_SECRET 7e45fe22bcd3b9a8508867f6afbe02fdb869411650ef4995b65aa96a6363d824 b5227837b2771719864056d7f79391241d10dccc722742b5aabd08d4d15cac76
CLIENT_HANDSHAKE_TRAFFIC_SECRET 7e45fe22bcd3b9a8508867f6afbe02fdb869411650ef4995b65aa96a6363d824 4886deb91f757fe288b76b5df72c1d7dbc76045c6e7d542397d47cfff1846038
SERVER_TRAFFIC_SECRET_0 7e45fe22bcd3b9a8508867f6afbe02fdb869411650ef4995b65aa96a6363d824 64dc8c895e758652fb6ab13edd2f3601298d8e502684148c54d939d308fd5b64
CLIENT_TRAFFIC_SECRET_0 7e45fe22bcd3b9a8508867f6afbe02fdb869411650ef4995b65aa96a6363d824 fd4c3a99b0aed858b6317ef289c8ccab041a7a3bffc421ee6c0c482c506a6bcb
SERVER_HANDSHAKE_TRAFFIC_SECRET ee7df4f473e6eda794243435dd8ce5f9cac4508f274d893f2d095f7c591f8f3d a380bd73c78c0f2f2b49699f1094fde3bd6447d846f57a371ca20d989dcfa414
CLIENT_HANDSHAKE_TRAFFIC_SECRET ee7df4f473e6eda794243435dd8ce5f9cac4508f274d893f2d095f7c591f8f3d 1b0f4ae38c37b06eda48680e2c155c119092ff5c79cc315704858ffe29dcee44
SERVER_TRAFFIC_SECRET_0 ee7df4f473e6eda794243435dd8ce5f9cac4508f274d893f2d095f7c591f8f3d 48aaf804d44d9ad86405108db35be30132ed718a1a1669c28afa45def8493078
CLIENT_TRAFFIC_SECRET_0 ee7df4f473e6eda794243435dd8ce5f9cac4508f274d893f2d095f7c591f8f3d 210ac8491f9652a983bd92141664b835d48b62be008f410b035ee832634b899a
SERVER_HANDSHAKE_TRAFFIC_SECRET 7e826d6ae1c1e7ef87c0f32874b631354795a67ff7b55c8f62778302e8e7fc62 438e9f58326d474e7e5ced1220819f9b274a5d3bd082219000d4dbbcbdf718a6
CLIENT_HANDSHAKE_TRAFFIC_SECRET 7e826d6ae1c1e7ef87c0f32874b631354795a67ff7b55c8f62778302e8e7fc62 edbe3b18865018641861c8445c8c7e0abbfe51b3d6fb00370213177e17a11ed1
SERVER_TRAFFIC_SECRET_0 7e826d6ae1c1e7ef87c0f32874b631354795a67ff7b55c8f62778302e8e7fc62 765a484cca178a695db16dc90d9fde34ec92344301c2671863d3ebb1f85f99d9
CLIENT_TRAFFIC_SECRET_0 7e826d6ae1c1e7ef87c0f32874b631354795a67ff7b55c8f62778302e8e7fc62 6ba14a32660eec6861f51c58b5a88dfd5e1eabefe902406c3c9ea1863435bec6
SERVER_HANDSHAKE_TRAFFIC_SECRET 44541095981a0f47026185b326b250d82f3e683d4f82ce172580df9aa6629e7e 17c8e2744c6ab16b1b7a3258547814d1a66bdefe271db0a81c255b1b20ab4fe1
CLIENT_HANDSHAKE_TRAFFIC_SECRET 44541095981a0f47026185b326b250d82f3e683d4f82ce172580df9aa6629e7e d2545fb3fecb79969de64f1e5c5d37b9f47d5ec6c91398a2d96d902d315fc539
SERVER_TRAFFIC_SECRET_0 44541095981a0f47026185b326b250d82f3e683d4f82ce172580df9aa6629e7e 1c3abf113232114660c3d7b0dc3985c936697b68ab547c8c9c9ba57407718bbf
CLIENT_TRAFFIC_SECRET_0 44541095981a0f47026185b326b250d82f3e683d4f82ce172580df9aa6629e7e 5c1e892c6ed45e24a703580f11f7e4b04432e83e9938eb5746e5398b13f30fef
SERVER_HANDSHAKE_TRAFFIC_SECRET 68249bd4e91e074a1610b36bd291825bb15db237dfceb084144618cd503eeddd a52c105e377cdfae184157128ddf1ebf7be08b1e0b89a126eae8c6fe7087ecd8
CLIENT_HANDSHAKE_TRAFFIC_SECRET 68249bd4e91e074a1610b36bd291825bb15db237dfceb084144618cd503eeddd 69b59ccc84b921c66add3a0f653e006087b94044fba8c1703928e0527c543e08
SERVER_TRAFFIC_SECRET_0 68249bd4e91e074a1610b36bd291825bb15db237dfceb084144618cd503eeddd 37a8806157fb27ad76ed6dbbbfcdbefdb7080dc9e7591c6ee7394bbcc9bd2b0e
CLIENT_TRAFFIC_SECRET_0 68249bd4e91e074a1610b36bd291825bb15db237dfceb084144618cd503eeddd 095186611e8042e56cf6f2ba1d7ab5761ced2ae11654e0e2eaad7b2f2b191a42
SERVER_HANDSHAKE_TRAFFIC_SECRET e569a89cee057c449e01b78583c25bbe605b09b5af2532cc76a0746be9fb3550 d51e8a597f3aeb2eda904ed2cb845961be06b978e3416b039b8ba6cba5a187f7
CLIENT_HANDSHAKE_TRAFFIC_SECRET e569a89cee057c449e01b78583c25bbe605b09b5af2532cc76a0746be9fb3550 6c03254528c3469583996f585d5a9f68df412f2994547745e686defeb0601967
SERVER_TRAFFIC_SECRET_0 e569a89cee057c449e01b78583c25bbe605b09b5af2532cc76a0746be9fb3550 775502b24fc827a90991612e110ade04b5ebdc04644e7cbae587cea98d3ab23c
CLIENT_TRAFFIC_SECRET_0 e569a89cee057c449e01b78583c25bbe605b09b5af2532cc76a0746be9fb3550 9414197565b05419135eaa14ab7f01d6c3ca395ae3d3dc9c0162007debec2974
SERVER_HANDSHAKE_TRAFFIC_SECRET d6fe30e342091c73196f79ab1b25b7b284a5ca459236edf0ea5c5836b9a1d36a e9aa5c0c920d95d63a156aa01c552ff0b0a286fbf7aec98a4f7a8cb4b11aeb9d
CLIENT_HANDSHAKE_TRAFFIC_SECRET d6fe30e342091c73196f79ab1b25b7b284a5ca459236edf0ea5c5836b9a1d36a 5d9e421c18c3a446a785f64e319c54558be5f49b8a7d519c8992f378037886e0
SERVER_TRAFFIC_SECRET_0 d6fe30e342091c73196f79ab1b25b7b284a5ca459236edf0ea5c5836b9a1d36a ebce2ff21beb1b21006f192d1645de8dc1b41591dad3ff14338286b52eb1d68c
CLIENT_TRAFFIC_SECRET_0 d6fe30e342091c73196f79ab1b25b7b284a5ca459236edf0ea5c5836b9a1d36a 15786842856e85138f1a06bff1151ef7d293519646a87fe2e67f6fd5359bbcd2
SERVER_HANDSHAKE_TRAFFIC_SECRET e5157615b7ca938640170da98692e0f9815b3eaa19941159ec2bb802ec050d47 09fa93ac8a5be95b83c05b9cff4698f009e7440842292563a8ee51a3066eab9f
CLIENT_HANDSHAKE_TRAFFIC_SECRET e5157615b7ca938640170da98692e0f9815b3eaa19941159ec2bb802ec050d47 fac0c13d620fb55e22ecf635d59c563ac0d363d81717004ed355d3c41ff5d333
SERVER_TRAFFIC_SECRET_0 e5157615b7ca938640170da98692e0f9815b3eaa19941159ec2bb802ec050d47 9dd57728fdf828bb0ce3332045adecd24d40ff13fd03526ca947ca4a0ed7a3c6
CLIENT_TRAFFIC_SECRET_0 e5157615b7ca938640170da98692e0f9815b3eaa19941159ec2bb802ec050d47 5ef3dbe37f157febac8fc9de9def041db1340b80e8cbebdd5c6fb0ddf1269e18
SERVER_HANDSHAKE_TRAFFIC_SECRET de5eb0a046304b2af3f76204de23dff61d4b5805dce07e3eeef923ee559694b8 e4cbc91fe56142b23b30200fdaa3740885d668a8ba86dc1587f4e2db20a1dbb6
CLIENT_HANDSHAKE_TRAFFIC_SECRET de5eb0a046304b2af3f76204de23dff61d4b5805dce07e3eeef923ee559694b8 972b0362f43146323141968c504ab6459f8003452154ebdd15278f8f6503c716
SERVER_TRAFFIC_SECRET_0 de5eb0a046304b2af3f76204de23dff61d4b5805dce07e3eeef923ee559694b8 24c47adf83b9f88e03f172ca284767b6480689e3cef2b517f80db31c51485336
SERVER_HANDSHAKE_TRAFFIC_SECRET e66a983555febc6122ffe04d7f178e370f32187bf162f661001872a6e4498145 b12b1cff2e91332b11452df6b83fbbedec80cf021b50b9916783b4cde51566fd
CLIENT_HANDSHAKE_TRAFFIC_SECRET e66a983555febc6122ffe04d7f178e370f32187bf162f661001872a6e4498145 bd5f87ee5305b8414d3f34cb171393f5da6812e7bd2f87fd14c125585962b47d
SERVER_TRAFFIC_SECRET_0 e66a983555febc6122ffe04d7f178e370f32187bf162f661001872a6e4498145 85db9aa489c90920df564359cb302ba3b0281e5f2e9552c039bc89801a20713c
CLIENT_TRAFFIC_SECRET_0 e66a983555febc6122ffe04d7f178e370f32187bf162f661001872a6e4498145 7b4e327c45af12389f72196e6c1370c8e537085631b254818c4949d2e572768f
SERVER_HANDSHAKE_TRAFFIC_SECRET a10e7088681a3d090889b46779255b0fc5b414951977afc79dbfe57b3a57ceca 8506e0caa564826ff2c722b5c462a9782db2fd549ba9bfbab46cd37497c8d2e7
CLIENT_HANDSHAKE_TRAFFIC_SECRET a10e7088681a3d090889b46779255b0fc5b414951977afc79dbfe57b3a57ceca 0202252ac1ad286bf70fcf7fa625cf63b46995859ed0a15b4649ab903a951c0f
SERVER_TRAFFIC_SECRET_0 a10e7088681a3d090889b46779255b0fc5b414951977afc79dbfe57b3a57ceca 653bb74acbc44eac32390a67bed16d4807146602a03f6153fe971945fd086bed
CLIENT_TRAFFIC_SECRET_0 a10e7088681a3d090889b46779255b0fc5b414951977afc79dbfe57b3a57ceca 70fa1553f63e4c8007b86c0f3fa1a2d904f6babd2e49e60aede618a3e6482dca
SERVER_HANDSHAKE_TRAFFIC_SECRET 6581339d7a5d976137a9a66cfadafc93484483f451804a3d544e4d79bd8c5251 950ddffebfb5a82c8b4e14a8bb914895789a6e9a7d2b620c1f0940c20cdb476a
CLIENT_HANDSHAKE_TRAFFIC_SECRET 6581339d7a5d976137a9a66cfadafc93484483f451804a3d544e4d79bd8c5251 e9ba319ad47dfd2a177564a7ddb3ecc6c831d5d1e215d53ecb48c33faf2b8f26
SERVER_TRAFFIC_SECRET_0 6581339d7a5d976137a9a66cfadafc93484483f451804a3d544e4d79bd8c5251 a3e4315d9c9ddf21becc449c8ab850ba5ac9d5be3af80e555a47d88319f6c319
CLIENT_TRAFFIC_SECRET_0 6581339d7a5d976137a9a66cfadafc93484483f451804a3d544e4d79bd8c5251 7f94e6b1452a89bab663abc534c110f7d35abf1adb2cdf931797d856ba40a546
SERVER_HANDSHAKE_TRAFFIC_SECRET cad02970c313b642fe5e65be61c8a2fc7ebfb1b77897e1d8cbfd58f4128aa9f0 5211130e90f50e6352996c72cf4afdcd17690e4e53d5a5aa3205f173e22f07a1
CLIENT_HANDSHAKE_TRAFFIC_SECRET cad02970c313b642fe5e65be61c8a2fc7ebfb1b77897e1d8cbfd58f4128aa9f0 07f5f1a7cd3588cc83c5344f1d92b359a968a26b86216bf7827f301ddbaf0d58
SERVER_TRAFFIC_SECRET_0 cad02970c313b642fe5e65be61c8a2fc7ebfb1b77897e1d8cbfd58f4128aa9f0 2c6b86bf4a176329b994e7fee771c2b250c0f0f60fe75b20e9a5a18f3cbcbad2
CLIENT_TRAFFIC_SECRET_0 cad02970c313b642fe5e65be61c8a2fc7ebfb1b77897e1d8cbfd58f4128aa9f0 b53d9070dcda3ed37eaca12946f4f4024f4ceb9012fff17a400946796aac0575
SERVER_HANDSHAKE_TRAFFIC_SECRET bd93e1fe7aaac3e27d2bbcdbad1049b3177664318fef2d84550f3975f2f2b768 afe9bc72ebe5b4f5c7abc5b79ff04f249e89726cb1f43637eca546f656c755a5
CLIENT_HANDSHAKE_TRAFFIC_SECRET bd93e1fe7aaac3e27d2bbcdbad1049b3177664318fef2d84550f3975f2f2b768 c75ad7d356d351153013177e358c5fe79d50cda93211b5bc7115b0280c3d3343
SERVER_TRAFFIC_SECRET_0 bd93e1fe7aaac3e27d2bbcdbad1049b3177664318fef2d84550f3975f2f2b768 543dda3dc46db0c499c9d13693934c8c437d782bd5c081ef292124839ad6f69e
CLIENT_TRAFFIC_SECRET_0 bd93e1fe7aaac3e27d2bbcdbad1049b3177664318fef2d84550f3975f2f2b768 70ec96c3fb8b36d50d2aafdc3fd54a0101affac8930a8b33cf925b1f1e3974a0
SERVER_HANDSHAKE_TRAFFIC_SECRET df278920bf27dd215d9fce11123c365c985fac15856aeff235800c6c02942815 56d41f6c3a214db8127aceada7d01a017005b42fc8391fe07e1ee98b77db2ad2
CLIENT_HANDSHAKE_TRAFFIC_SECRET df278920bf27dd215d9fce11123c365c985fac15856aeff235800c6c02942815 152997d9c8f2d9d49487cd840c5879427f8f3c41321582494a50e76c6fa80856
SERVER_TRAFFIC_SECRET_0 df278920bf27dd215d9fce11123c365c985fac15856aeff235800c6c02942815 7284b635ef870c0464fb892a2ac6c268ccc53233727c5423863c4a5c72341dd0
SERVER_HANDSHAKE_TRAFFIC_SECRET 10e15eecf4a90c9dbf7a5719e6636f449589c3d86b5c399ad2dd1951771554dc 2eba38d5a87594ebf7ebeeb6395e878f906b8bc3c97fa27e86ba57b304164ab2
CLIENT_HANDSHAKE_TRAFFIC_SECRET 10e15eecf4a90c9dbf7a5719e6636f449589c3d86b5c399ad2dd1951771554dc 5fa828e4083072dcf6ca8c35d0f2b00ef74dfb853e1394cbc944a0fc6a85bb1d
SERVER_TRAFFIC_SECRET_0 10e15eecf4a90c9dbf7a5719e6636f449589c3d86b5c399ad2dd1951771554dc c6228120aef51c16ca4066e5f069be525caf1ab8060882e31ca59c97ff46c8f3
CLIENT_TRAFFIC_SECRET_0 10e15eecf4a90c9dbf7a5719e6636f449589c3d86b5c399ad2dd1951771554dc 849b3b6602978d866ef559e2951417791b2889888a327b4249b9c859c1663f2a
SERVER_HANDSHAKE_TRAFFIC_SECRET 0862de143cd712bb381accc788ccf3e0ba6737451ebf9fea8a79fc17a98e7f6e 55e81fa1cac16f8f126b11b4d78f71e5b6fc98fb5b0c20f23ea9ca3ac42852fa
CLIENT_HANDSHAKE_TRAFFIC_SECRET 0862de143cd712bb381accc788ccf3e0ba6737451ebf9fea8a79fc17a98e7f6e 1ef2026a83508fe23fcfa707159203128305d2c5ce26d5a7f0a97663821be9a4
SERVER_TRAFFIC_SECRET_0 0862de143cd712bb381accc788ccf3e0ba6737451ebf9fea8a79fc17a98e7f6e 68c6255967e81f5e6e2a63add0f190271b0219b4887577651fbdf7d62115a6bc
CLIENT_TRAFFIC_SECRET_0 0862de143cd712bb381accc788ccf3e0ba6737451ebf9fea8a79fc17a98e7f6e 9d7f06f2d846fb89747984a70e73577cc268e8fab29c00a674cba100ac9091b0
SERVER_HANDSHAKE_TRAFFIC_SECRET 0326a8da2bfca63a7c3d0a37f6ca30d7a93673cab0ee5129f3463ab9fd69fe03 d303e6a7c2675af3b3dcc86e7d5a313d1da3e56ac0dc8cfbc371b419fd7c3d85
CLIENT_HANDSHAKE_TRAFFIC_SECRET 0326a8da2bfca63a7c3d0a37f6ca30d7a93673cab0ee5129f3463ab9fd69fe03 626246f9f1d7d5d59a1d0169b0b6807d56007e86e33edb29d3dd2aba56af431e
SERVER_TRAFFIC_SECRET_0 0326a8da2bfca63a7c3d0a37f6ca30d7a93673cab0ee5129f3463ab9fd69fe03 e52588e128698f590c66832369b8d4ac7d6dda068d029f8c06bd0e5e781f68c2
CLIENT_TRAFFIC_SECRET_0 0326a8da2bfca63a7c3d0a37f6ca30d7a93673cab0ee5129f3463ab9fd69fe03 c7c9c49c8d3108e736935b5fc38f139ab04b16d42656de70b292f42f966c70dc
SERVER_HANDSHAKE_TRAFFIC_SECRET 768258b682e2a9b2939fe9fe07680d9e6ed1c13eeede440cbbea2b84a568a43f 41371eeb14d790fd5094ea95368a64a1342d324e5a1048a6608a554e81ea2c2a
CLIENT_HANDSHAKE_TRAFFIC_SECRET 768258b682e2a9b2939fe9fe07680d9e6ed1c13eeede440cbbea2b84a568a43f 3e0f2c0acadc2a1e25715d1e2b5575ad883bcdd6d944eec87e7b5d8dfb041b1f
SERVER_TRAFFIC_SECRET_0 768258b682e2a9b2939fe9fe07680d9e6ed1c13eeede440cbbea2b84a568a43f 4317a5439d69e7578114a4d3fed6d56d57b368f72cf0e80768bb17cc4afde579
CLIENT_TRAFFIC_SECRET_0 768258b682e2a9b2939fe9fe07680d9e6ed1c13eeede440cbbea2b84a568a43f 9506b59e975c73dcc5bc46f51a3577b9fe0bf48786a2e038f9b7286479fd91fb
SERVER_HANDSHAKE_TRAFFIC_SECRET 4521bae8445bc838f52893c56dfd61221dd735456b103674c5b90b4553e23db0 5dd44d0e75903b4386ea8d01d6faf31ab1b10ce3c1dc5856b688b862e3b25e6e
CLIENT_HANDSHAKE_TRAFFIC_SECRET 4521bae8445bc838f52893c56dfd61221dd735456b103674c5b90b4553e23db0 1660506fc870089fb3035d6998ab2eb202b1f535c96a9bd2a4229579531771e6
SERVER_TRAFFIC_SECRET_0 4521bae8445bc838f52893c56dfd61221dd735456b103674c5b90b4553e23db0 c1989182c5265f933a224c4e93271ce1b5e04de755e33bb9b7a4d11ebc99f12a
SERVER_HANDSHAKE_TRAFFIC_SECRET c822ab0764407cc2923516d6f5b95416b475bdbf93eaf446c83e8010e48fbe3b c4771c9a04145ef4641c18bf9dde3b05f2d833b6d501ad1463be3ba2cd71668b
CLIENT_HANDSHAKE_TRAFFIC_SECRET c822ab0764407cc2923516d6f5b95416b475bdbf93eaf446c83e8010e48fbe3b e92103476ff15c0f5a35a34a5c4dde874b106d947d267cdb45eb289f11bed021
SERVER_TRAFFIC_SECRET_0 c822ab0764407cc2923516d6f5b95416b475bdbf93eaf446c83e8010e48fbe3b ddcbd037e5fcb9ede888fce92700dd083a22cfed0ce5cd991587fad8604b711f
CLIENT_TRAFFIC_SECRET_0 c822ab0764407cc2923516d6f5b95416b475bdbf93eaf446c83e8010e48fbe3b 86e1adc40cad08d20383dda42fc4e8a90b3de0eefefd247281d3a2764950a725
SERVER_HANDSHAKE_TRAFFIC_SECRET 0ed22cd862f142f645d77a6b62a3f20abcdc2dfc50cf93e144f45e3f16146b5c 755509eefba82584db5da6fc62915b53531ae2cefa2e23447807c8c8ab3a62f3
CLIENT_HANDSHAKE_TRAFFIC_SECRET 0ed22cd862f142f645d77a6b62a3f20abcdc2dfc50cf93e144f45e3f16146b5c 49eff39b4f1bb40ab25882571384d4891f7815c8cd8501ce63194b0274ef56f8
SERVER_TRAFFIC_SECRET_0 0ed22cd862f142f645d77a6b62a3f20abcdc2dfc50cf93e144f45e3f16146b5c d8642f9e22145e4ccc0a7cc629498e59a4490353877442bbea1cc5a3c97a75f7
CLIENT_TRAFFIC_SECRET_0 0ed22cd862f142f645d77a6b62a3f20abcdc2dfc50cf93e144f45e3f16146b5c af125e1daa9e42c0826310e1de207ef2b5c462ee87eec638869eedba92b123ee
SERVER_HANDSHAKE_TRAFFIC_SECRET af019db898afa4c61d56939bcbd20a314bd1aaa5711c9cdc046a4df7d4b5e1e2 74b4468352fa07ab169b15f908632ad921c6c078325c72582999eaabaff4b67e
CLIENT_HANDSHAKE_TRAFFIC_SECRET af019db898afa4c61d56939bcbd20a314bd1aaa5711c9cdc046a4df7d4b5e1e2 23f7e83008823ee4691bcf48f2653b7e13ce0b177b94acb49f8da292c56e6d0c
SERVER_TRAFFIC_SECRET_0 af019db898afa4c61d56939bcbd20a314bd1aaa5711c9cdc046a4df7d4b5e1e2 ed915fb598b5e3dd731a957dcd82ccfec360d3fa7f8ae72602cf1624421f3652
CLIENT_TRAFFIC_SECRET_0 af019db898afa4c61d56939bcbd20a314bd1aaa5711c9cdc046a4df7d4b5e1e2 5d707afcf9979137172183d5642f4d5664541ccb0985ca24e5c56e17cc821bc7
SERVER_HANDSHAKE_TRAFFIC_SECRET ec59e662abc395fcfaf6f996753328e770b12dd6ab6814827c37e317c7ea9778 92f60b403a0c585f6c2f9e57e68bab02117c902f53a2671a0fb39a8122799073
CLIENT_HANDSHAKE_TRAFFIC_SECRET ec59e662abc395fcfaf6f996753328e770b12dd6ab6814827c37e317c7ea9778 eec1ba70107441725a243a71e543df995e42c4394fe00e578da5a866df40b357
SERVER_TRAFFIC_SECRET_0 ec59e662abc395fcfaf6f996753328e770b12dd6ab6814827c37e317c7ea9778 922291344e6db736218a6423847fdd4c0cb54dca5f382ee68fec053ba5cd76e5
CLIENT_TRAFFIC_SECRET_0 ec59e662abc395fcfaf6f996753328e770b12dd6ab6814827c37e317c7ea9778 252a1dbc455410266e78b34ef4cd69cec8ebe89048e8720b132572e2bc517c5f
SERVER_HANDSHAKE_TRAFFIC_SECRET a85065649529089259e1e555b7c7e97e3b8c596df6700042fc99004089f4a21e a748e8c1c8ab80e1a92959c01b2d2b3e1f78f368d74e2d930fab87762b51b01c
CLIENT_HANDSHAKE_TRAFFIC_SECRET a85065649529089259e1e555b7c7e97e3b8c596df6700042fc99004089f4a21e 4272f97a654a0b7189aa88a9773439eb5d5bc3500b0821e66d1566a7a6d959ec
SERVER_TRAFFIC_SECRET_0 a85065649529089259e1e555b7c7e97e3b8c596df6700042fc99004089f4a21e 8913ea84b045b49b860d96c6f8a77d060abc13790bef737ea8adba28f6d7b931
CLIENT_TRAFFIC_SECRET_0 a85065649529089259e1e555b7c7e97e3b8c596df6700042fc99004089f4a21e 281e0a9a63a95a02406a2cb44dfd5d6ad658e24de5165d720488e85314806e0e
SERVER_HANDSHAKE_TRAFFIC_SECRET 623f2797afb42f55c1b35f62a751e45b7259505a06a3172810852865caf9276f c2c65cea599b881c3390853893d377fee489f31ebfcf17aa7569df79b03ac94c
CLIENT_HANDSHAKE_TRAFFIC_SECRET 623f2797afb42f55c1b35f62a751e45b7259505a06a3172810852865caf9276f 5bfeea81f3aa35b1c64a5e5ea9ccc5ff8a1dde6fc0dd9ff7334ccf487731c899
SERVER_TRAFFIC_SECRET_0 623f2797afb42f55c1b35f62a751e45b7259505a06a3172810852865caf9276f 9d283787f3589ae27aac8ca7e041aa5c7f5d1bf60873ba540ca75d0051e33a36
SERVER_HANDSHAKE_TRAFFIC_SECRET d0952cf0fe7acb8e5556c76ad960c7b02d1c802afe747d06767f0e230850fe1e c4948c2d38054c3af453cc965be1acbea0fc57a1f4541399c235fa2407cfbdc0
CLIENT_HANDSHAKE_TRAFFIC_SECRET d0952cf0fe7acb8e5556c76ad960c7b02d1c802afe747d06767f0e230850fe1e 1ba6ee3bc965d93c03cad053c0ffaeefc5081afcdaab3c8025772ff44c03d98f
SERVER_TRAFFIC_SECRET_0 d0952cf0fe7acb8e5556c76ad960c7b02d1c802afe747d06767f0e230850fe1e 78c3dcfc0d2ec3a24ef053c7debcfb3849b54ce964b33634a10dbfce6d730ed4
SERVER_HANDSHAKE_TRAFFIC_SECRET 2eae3efa8f3669c7522bfb629b0bf87e769c839acebbdbe62ffeff450afe85fb 2f405f211756e55fcf78d6df015da8a55f145e91d481b3e837faf33fc6bd6bf6
CLIENT_HANDSHAKE_TRAFFIC_SECRET 2eae3efa8f3669c7522bfb629b0bf87e769c839acebbdbe62ffeff450afe85fb ddc292f0b8a9a662bed4872c7dcf2208b5d156ccb9f79f116df825ed501ab507
SERVER_TRAFFIC_SECRET_0 2eae3efa8f3669c7522bfb629b0bf87e769c839acebbdbe62ffeff450afe85fb 99acd2ecb2a07f0a4161535785651c9886299d638ad2af525e332b90a71d1182
CLIENT_TRAFFIC_SECRET_0 2eae3efa8f3669c7522bfb629b0bf87e769c839acebbdbe62ffeff450afe85fb f7a00fb9759cdb8f65d14007a81bbdc52abe3edbf7879120ff95211b133f39d3
SERVER_HANDSHAKE_TRAFFIC_SECRET 9188dc7478d0224bae4cfeda245a06998f309f43049fd876964816e4c51ca32d 54681777d22ad1d7c091d0816d7b1612d01468962dfcc20d550db278de90b1b5
CLIENT_HANDSHAKE_TRAFFIC_SECRET 9188dc7478d0224bae4cfeda245a06998f309f43049fd876964816e4c51ca32d 1a7fe5025fc401a8f36bbd849cdc578250c010d389a871e00660e9a081aa4cb5
SERVER_TRAFFIC_SECRET_0 9188dc7478d0224bae4cfeda245a06998f309f43049fd876964816e4c51ca32d a73114bbfc61c7650a4278b14f1f26be36f8fcbbc94018d0c3c8331e1f08a062
SERVER_HANDSHAKE_TRAFFIC_SECRET b06ea9e8070b7a6202768be4648b4379b34c5819e56e2643a648310b7b8dc279 132b7d65dcdcdcf9be1de9ccb9d6f2e2d961315a5f81f9e85a0d976d0a378f7c
CLIENT_HANDSHAKE_TRAFFIC_SECRET b06ea9e8070b7a6202768be4648b4379b34c5819e56e2643a648310b7b8dc279 0c630892822d1087e11f751fcc11ff1b97647ef6ce3217062b47bd332393d3b8
SERVER_TRAFFIC_SECRET_0 b06ea9e8070b7a6202768be4648b4379b34c5819e56e2643a648310b7b8dc279 baf0d93c3735426b6151d3385fe364ba4dc5531ac740ad01ca896422b75907e1
SERVER_HANDSHAKE_TRAFFIC_SECRET 884a2b2bd7fdb2195a2bdb3e67591cdb595062ae0cd53596308a1b9bd06bb705 e6f59d2e6f024bd066c69fb1274bef6a03ddcdffe9a3ab8b7f96697443d5be8d
CLIENT_HANDSHAKE_TRAFFIC_SECRET 884a2b2bd7fdb2195a2bdb3e67591cdb595062ae0cd53596308a1b9bd06bb705 7abe468a2016b5baef24f60154e003abe708a70f4d95c63ec2f0e33e168246eb
SERVER_TRAFFIC_SECRET_0 884a2b2bd7fdb2195a2bdb3e67591cdb595062ae0cd53596308a1b9bd06bb705 e978ca52c45a38714a3bc85e40770c7678a55d63600bece4dde2a2f6c8c46483
CLIENT_TRAFFIC_SECRET_0 884a2b2bd7fdb2195a2bdb3e67591cdb595062ae0cd53596308a1b9bd06bb705 ebf34e9288b18a34f0a07eee54085e258e41a4e21a3c2ce16d89acec6edd2fb7
SERVER_HANDSHAKE_TRAFFIC_SECRET 4d7d6149b3ef117278e050a5396e9789ef66e63bdc2de29aa2eff692b675d2d0 2456ee369756dd92c1649501374057115825b59f9d7a5b43482d1c9d2b4c55eb
CLIENT_HANDSHAKE_TRAFFIC_SECRET 4d7d6149b3ef117278e050a5396e9789ef66e63bdc2de29aa2eff692b675d2d0 785208035b8f93a859a82eae2f542e4577dff29590dbd65b5fc9ef61fb11f093
SERVER_TRAFFIC_SECRET_0 4d7d6149b3ef117278e050a5396e9789ef66e63bdc2de29aa2eff692b675d2d0 89731104d4bdbce38ea2f43372a9375dc6b26e658deeb3b331ef504ce432a2f9
CLIENT_TRAFFIC_SECRET_0 4d7d6149b3ef117278e050a5396e9789ef66e63bdc2de29aa2eff692b675d2d0 20aebf652cdd27bfcb86c2c48584e8b2a27467ebf7256492dce9b417493bd45e
SERVER_HANDSHAKE_TRAFFIC_SECRET 423c822cb0cd7792e669ed884b0661612cc118c251952215150c343b5bb97442 5e213d68cfb5afe44ef2627d1b1572b61c532ca476932ad4f6050582b7a01183
CLIENT_HANDSHAKE_TRAFFIC_SECRET 423c822cb0cd7792e669ed884b0661612cc118c251952215150c343b5bb97442 2802e7e6860a8bc3a9b1a24e4c9fd242b0398eb4ddc3c71ae7cb32a8fb8279e6
SERVER_TRAFFIC_SECRET_0 423c822cb0cd7792e669ed884b0661612cc118c251952215150c343b5bb97442 a803ff31f33ccc0a19fe12fb7bee0b830d77a0d0ae7c800152c505987a21e8da
SERVER_HANDSHAKE_TRAFFIC_SECRET 0894451bf6c0d556ab690cdcb3e7e3a464cb4ab458b5409b507c250e26a6a8ed 053834d7af03ed294573c9a17708474474aaae8042019d695da72852f95cbc21
CLIENT_HANDSHAKE_TRAFFIC_SECRET 0894451bf6c0d556ab690cdcb3e7e3a464cb4ab458b5409b507c250e26a6a8ed 41af9585829cf71052e5eaa6e093e8e30d2a1c6bdaaf145618cb6a7f8da0d6e1
SERVER_TRAFFIC_SECRET_0 0894451bf6c0d556ab690cdcb3e7e3a464cb4ab458b5409b507c250e26a6a8ed 65e39b9b23ea7185513669b567e3431c831b81c24dcc994fd0bbf79a6ee09f0d
SERVER_HANDSHAKE_TRAFFIC_SECRET 3414f50b6eccfa648791905ba2dd636b09db5e5c1dbc83c2096681b408b971dd 7470eab43a7c988cfe3057e5ad7a8518a457387f98d98fd1367a23ff9afb2894
CLIENT_HANDSHAKE_TRAFFIC_SECRET 3414f50b6eccfa648791905ba2dd636b09db5e5c1dbc83c2096681b408b971dd 9eff23883f26b9b5b0ed687f3fc99709de4fa0a0793949bb641ec0d60e7e2fd8
SERVER_TRAFFIC_SECRET_0 3414f50b6eccfa648791905ba2dd636b09db5e5c1dbc83c2096681b408b971dd 13553c636c3d77463f51207a52394c8a7f8af3b12583e0cded827c665a1e400e
CLIENT_TRAFFIC_SECRET_0 3414f50b6eccfa648791905ba2dd636b09db5e5c1dbc83c2096681b408b971dd 2cd3b27317258434795e8777d0382a3ccb89a56ef10c7f5d5952dc3dc95e272c
SERVER_HANDSHAKE_TRAFFIC_SECRET d150f08cd9fc2183b441577d8bdae50cb8f4e652aee124bfbdab9c17a08a6aa0 0e379fdb8b9bb86e43145ab820acdcd35dcdc0797672074fee6e26260a1c36ea
CLIENT_HANDSHAKE_TRAFFIC_SECRET d150f08cd9fc2183b441577d8bdae50cb8f4e652aee124bfbdab9c17a08a6aa0 08860eac4584fbba88ce00a2a634fd8124ab582cac3d542c4105b2fcffd67741
SERVER_TRAFFIC_SECRET_0 d150f08cd9fc2183b441577d8bdae50cb8f4e652aee124bfbdab9c17a08a6aa0 04b458d4e2349b9be2385fc6956b57af4be854ba4f1fc9f4ace08ee58fd284b8
CLIENT_TRAFFIC_SECRET_0 d150f08cd9fc2183b441577d8bdae50cb8f4e652aee124bfbdab9c17a08a6aa0 629223f240ec9ab0f472bcbf87c450ec7638dbf781e37c10d6e6f3b1d1a4d62b
SERVER_HANDSHAKE_TRAFFIC_SECRET d85d371c621d8b43177de20c252ec632674d65059dd6dd5007b588d8750407ee f38721809a026ba8e03ed2cc5c189c2c3c7f6e408e9266f55c80f64871c8d590
CLIENT_HANDSHAKE_TRAFFIC_SECRET d85d371c621d8b43177de20c252ec632674d65059dd6dd5007b588d8750407ee 25544117848e0d475a850b1a7500d7488d946ab8f903d4b19d0f62b66d54a996
SERVER_TRAFFIC_SECRET_0 d85d371c621d8b43177de20c252ec632674d65059dd6dd5007b588d8750407ee 9e20dcfd0c929c0c6582357db4a80caa1f4d843d345e72e3d9354705388b8697
CLIENT_TRAFFIC_SECRET_0 d85d371c621d8b43177de20c252ec632674d65059dd6dd5007b588d8750407ee 495b70a9118698cc373e953a03df3d6a3318d518a59f3b68e298e47d2c8bc814
SERVER_HANDSHAKE_TRAFFIC_SECRET c0272149958f44215202cce8024d5b1e00c1c337fe575fb4651ceb088dc65a15 3f59f0f5030aa04922c5f61f762dbb9fc38204bf72d05c409fc02ba89c13b626
CLIENT_HANDSHAKE_TRAFFIC_SECRET c0272149958f44215202cce8024d5b1e00c1c337fe575fb4651ceb088dc65a15 03f0235fd54a9d256124e7d62c9a5eb1dca5eecbe12239e851158dce207ce1e2
SERVER_TRAFFIC_SECRET_0 c0272149958f44215202cce8024d5b1e00c1c337fe575fb4651ceb088dc65a15 c1f7edd6c55968c2989ac8b6c43cdee6c3eb40ecf273897e4cfad43c4a8b0106
SERVER_HANDSHAKE_TRAFFIC_SECRET 6673944fa9e8d784dc04c3d0e253d7fe9025e38509c1180576d7730dc7500aad 59e3957cf20653a60e1fcc326d8328db6ac3c0e6f7edb89c5da6652ff0a7b226
CLIENT_HANDSHAKE_TRAFFIC_SECRET 6673944fa9e8d784dc04c3d0e253d7fe9025e38509c1180576d7730dc7500aad 8f615a2ffc0bfc337fbcdf62f91c5aa137b43299e5083c6ae70b0c2d6b6c1ec4
SERVER_TRAFFIC_SECRET_0 6673944fa9e8d784dc04c3d0e253d7fe9025e38509c1180576d7730dc7500aad 93d330e017706e555cc4700851cda4e7942ae62ffe6eec62883595adddd3f453
CLIENT_TRAFFIC_SECRET_0 6673944fa9e8d784dc04c3d0e253d7fe9025e38509c1180576d7730dc7500aad 51a7ded24de8534811d450ce04a1b79118bfa0ac6f514c92dc627c461d9f34c0
SERVER_HANDSHAKE_TRAFFIC_SECRET 3a79b8ff4bed941e8536dccec91eae0e1bed94af779be50053a8dda849cd3222 9f84f53122bbddcebf6a1b443b62eacb7f0fa6ece5b484d6735f23d36491437c
CLIENT_HANDSHAKE_TRAFFIC_SECRET 3a79b8ff4bed941e8536dccec91eae0e1bed94af779be50053a8dda849cd3222 f3eb8a492d9403283463b96b03249d80aefbac7bce85a21a3d1452260f0ce9db
SERVER_TRAFFIC_SECRET_0 3a79b8ff4bed941e8536dccec91eae0e1bed94af779be50053a8dda849cd3222 7b0e376af9455caa1a023498e13092640f3e56fcef3a01fb1ee58e87690feadc
SERVER_HANDSHAKE_TRAFFIC_SECRET 23cd6a66ec2c09e6c8108fb2b700d6c68397abbd1271e5b9bb9273f607c0bb2b 2fba84cf8fda23ff3f72cb5a812d6ac77150a3ebcd35c3ed46c168f566ca71c8
CLIENT_HANDSHAKE_TRAFFIC_SECRET 23cd6a66ec2c09e6c8108fb2b700d6c68397abbd1271e5b9bb9273f607c0bb2b 7d73aa4c3e91cd4f045fe0f8602198477486c68c0f44955239a0370300bdcb4a
SERVER_TRAFFIC_SECRET_0 23cd6a66ec2c09e6c8108fb2b700d6c68397abbd1271e5b9bb9273f607c0bb2b 0389077e16eb9bd1a45ea2cc847f5da41fad8dba31e4bb07e7bb231c087c4413
CLIENT_TRAFFIC_SECRET_0 23cd6a66ec2c09e6c8108fb2b700d6c68397abbd1271e5b9bb9273f607c0bb2b a751edfdee71b11c6554b4b6f50625adf1e869d38f4ef6262e8f172525ff58c5
SERVER_HANDSHAKE_TRAFFIC_SECRET f1abc341ffaadfb137c137ac26f7606b8f80a75e77c8a32a399a80d7897f4546 c285df8fd6eb6ee82ccc649d4cc644c10c9a27197f8ca9bd40fefaaec00408db
CLIENT_HANDSHAKE_TRAFFIC_SECRET f1abc341ffaadfb137c137ac26f7606b8f80a75e77c8a32a399a80d7897f4546 5ac718371f5b59e91b4a17ef99dd2c78049e8f303273940101ea2accbc81ca12
SERVER_TRAFFIC_SECRET_0 f1abc341ffaadfb137c137ac26f7606b8f80a75e77c8a32a399a80d7897f4546 614ef4f8f3be8ee0c3472134814b9406c622f92262e19e2e32fab35e12100f9b
CLIENT_TRAFFIC_SECRET_0 f1abc341ffaadfb137c137ac26f7606b8f80a75e77c8a32a399a80d7897f4546 07e57ea045d8a90fe5ee961173b675fb426bee94ebfc01d7daef16fa9021e7e5
SERVER_HANDSHAKE_TRAFFIC_SECRET ab8c55719d9353a014970d8ff2a7496926a73c72d260162f09dc93d4918abb07 2b06c86d4ee03f41423c37e935459d434a3259a7f2c6e176c77466566cddb27f
CLIENT_HANDSHAKE_TRAFFIC_SECRET ab8c55719d9353a014970d8ff2a7496926a73c72d260162f09dc93d4918abb07 db9a2dc415956d8de4b86e775db60ea4586280f7419a93db71e117922908fed6
SERVER_TRAFFIC_SECRET_0 ab8c55719d9353a014970d8ff2a7496926a73c72d260162f09dc93d4918abb07 1ade4bed6fde12867f6b6f88ff4b3b054ef7d1cfedc911fddc19f85b703d33e6
CLIENT_TRAFFIC_SECRET_0 ab8c55719d9353a014970d8ff2a7496926a73c72d260162f09dc93d4918abb07 726129613f852c9d9688e21b4350f815c74d8bc760de642d7d50876a4294f23c
SERVER_HANDSHAKE_TRAFFIC_SECRET c1fc1d95e8f29e8cfd29d8c48d4125da30a7752dd3c6def757594fc8d9a56aae 50fd0927648a46e8114f9025e0273eb57335fa665e324931dc726a28da7eccc1
CLIENT_HANDSHAKE_TRAFFIC_SECRET c1fc1d95e8f29e8cfd29d8c48d4125da30a7752dd3c6def757594fc8d9a56aae 06de392b60b842814c81029562f83367ec0fcc4b8d4166de021b647d621df200
SERVER_TRAFFIC_SECRET_0 c1fc1d95e8f29e8cfd29d8c48d4125da30a7752dd3c6def757594fc8d9a56aae 1af2ba14020e0bbbc40086560f2ebb5011782a8c90387eaedc301b1fca09852c
CLIENT_TRAFFIC_SECRET_0 c1fc1d95e8f29e8cfd29d8c48d4125da30a7752dd3c6def757594fc8d9a56aae a3279af2251b757d431766dd3b3e965c4be2edbecfd4fcadabed3f6626202817
SERVER_HANDSHAKE_TRAFFIC_SECRET 54cce003297d0d4d79850b70c77c91b0f28def7ad7ba0304db23c96960ddd4a6 f6007aba83eae6dba6f38e3cf915b6d02809110d28d53ca320eda55ff2d7063f
CLIENT_HANDSHAKE_TRAFFIC_SECRET 54cce003297d0d4d79850b70c77c91b0f28def7ad7ba0304db23c96960ddd4a6 e6cf9ccfa90da83ef49f9c88e3c810b06688c8f8057c4acc7c194ad1f7d1f84f
SERVER_TRAFFIC_SECRET_0 54cce003297d0d4d79850b70c77c91b0f28def7ad7ba0304db23c96960ddd4a6 3eeda7b5f28a3449c7ea438eaa335ce6f2236cf310b2a43d7aba72ed859126ee
CLIENT_TRAFFIC_SECRET_0 54cce003297d0d4d79850b70c77c91b0f28def7ad7ba0304db23c96960ddd4a6 8f28836d122ca60febab2f2b905bad3c75c1a74e7895b46e76bf21afc8bbe9a4
SERVER_HANDSHAKE_TRAFFIC_SECRET b062d0302cb95c5637b0f88d27fc37be944bce9c8f6dcbebdd0cf01c1d2b3a70 a66818bb1e876edbe1ea4b4cce19afca169d142a35d8908157054f6614ea5e6c
CLIENT_HANDSHAKE_TRAFFIC_SECRET b062d0302cb95c5637b0f88d27fc37be944bce9c8f6dcbebdd0cf01c1d2b3a70 34db3988a61d5a777e7508ae7af302f65f46796cf15456a83746d56e3efbf7d5
SERVER_TRAFFIC_SECRET_0 b062d0302cb95c5637b0f88d27fc37be944bce9c8f6dcbebdd0cf01c1d2b3a70 2ca8f1bb1dcf20f755b9b5fb0b7271b8a3b73b2db5e580bd7a7551b79e5f4527
CLIENT_TRAFFIC_SECRET_0 b062d0302cb95c5637b0f88d27fc37be944bce9c8f6dcbebdd0cf01c1d2b3a70 ded03c7dfc3d8cc4055570dfe2d93aac53350163624beb22ad9a261406aaccd0
SERVER_HANDSHAKE_TRAFFIC_SECRET 3f4ce4ee859ee36418f765f1b59e64ca8756af00100769b0c8ad1dabbbea98ca 16ebd93b40db24566a6648263617e0d35ba52b4c5ef0b7d142bdaf09f2973058
CLIENT_HANDSHAKE_TRAFFIC_SECRET 3f4ce4ee859ee36418f765f1b59e64ca8756af00100769b0c8ad1dabbbea98ca 1aae06af0e72cdfc502c97514fdea218b8c705dfcacd43512eab89ced5a84188
SERVER_TRAFFIC_SECRET_0 3f4ce4ee859ee36418f765f1b59e64ca8756af00100769b0c8ad1dabbbea98ca 244a6fac52efc6c8713cd253f726991104617c452183ccf2b687f825d9f4ffab
CLIENT_TRAFFIC_SECRET_0 3f4ce4ee859ee36418f765f1b59e64ca8756af00100769b0c8ad1dabbbea98ca 0c5fa369398f5a90e6e2746d7edd9ee708801717fa6ef915db0e80e9c36ffe95
SERVER_HANDSHAKE_TRAFFIC_SECRET 2cc81fbb0d33ff81784e9c5b6ddf55959c5ffa48c223ece2b3918b8d5dac0d98 a5bcaa2221a58c5e0015c3b46017cad4530d2524334cd41dbcb21e58ce213377
CLIENT_HANDSHAKE_TRAFFIC_SECRET 2cc81fbb0d33ff81784e9c5b6ddf55959c5ffa48c223ece2b3918b8d5dac0d98 6ca7476d457e5414e8679f7815ec3edf9e1b71282ba240cd01449cb861fe429d
SERVER_TRAFFIC_SECRET_0 2cc81fbb0d33ff81784e9c5b6ddf55959c5ffa48c223ece2b3918b8d5dac0d98 ebfc72c39bf753ce34dac372cdeb540e55a05722ca035f31e68cf5a26341d551
CLIENT_TRAFFIC_SECRET_0 2cc81fbb0d33ff81784e9c5b6ddf55959c5ffa48c223ece2b3918b8d5dac0d98 80d18f220aa52d835a00f7995761d4cb79a7febf106480137d58f56ee3a60d0b
SERVER_HANDSHAKE_TRAFFIC_SECRET 4f951ba8eb9da485e07bb9f97d9b89abcd7c0ffae6bff7661346c89afdb75563 1f04083cd091398db9fcffa0d103712f3ba32ccd3c52077fa177c1d7f5344468
CLIENT_HANDSHAKE_TRAFFIC_SECRET 4f951ba8eb9da485e07bb9f97d9b89abcd7c0ffae6bff7661346c89afdb75563 b685984c79cac941fbd5c3a78d9b7b7cd5c1296638244570f075a81b242c1bd2
SERVER_TRAFFIC_SECRET_0 4f951ba8eb9da485e07bb9f97d9b89abcd7c0ffae6bff7661346c89afdb75563 72696ea2ffbdf1dbd39a94383575a6fd6cc364b6dfe5c791a13fe9eb831990c1
CLIENT_TRAFFIC_SECRET_0 4f951ba8eb9da485e07bb9f97d9b89abcd7c0ffae6bff7661346c89afdb75563 12a79d3b9cd93a79e539ac7e8d12b7358a6fcdc15f256b98fcf4370635556ac0
SERVER_HANDSHAKE_TRAFFIC_SECRET a0d9d3d548f094a84f3c41b1a44936bf1ecd5b0c21882332f25a775c11b9cee9 2e93e8ca97c83054921b83069ed744b7580f75ad4448ee12bf37f1a9413ea2ba
CLIENT_HANDSHAKE_TRAFFIC_SECRET a0d9d3d548f094a84f3c41b1a44936bf1ecd5b0c21882332f25a775c11b9cee9 7e6e60b861f6d8abd69e6ed7c23669d69770d140072edd1c9a3e57e865f9ffd8
SERVER_TRAFFIC_SECRET_0 a0d9d3d548f094a84f3c41b1a44936bf1ecd5b0c21882332f25a775c11b9cee9 82515b8dc5bf3cad769cc89b32faa7b90ca5d1054a0530bd27cdb981bac87773
SERVER_HANDSHAKE_TRAFFIC_SECRET 75503f29ace3e15911a1ea3d505ac7ae0637458886f2407ee6764011e1ae4c5e ee451558250ca7a77b4ed632495fa782dd26d5eb7c3ce47cfc9290bcaad447c8
CLIENT_HANDSHAKE_TRAFFIC_SECRET 75503f29ace3e15911a1ea3d505ac7ae0637458886f2407ee6764011e1ae4c5e a3b30b32cf6d7768ae1bdd27fc8ec41220552a9589d6f6c2d1aef0bf6b48cd7e
SERVER_TRAFFIC_SECRET_0 75503f29ace3e15911a1ea3d505ac7ae0637458886f2407ee6764011e1ae4c5e 6ded277438a93ad6fc267487a09cb0b34a3a0ca9e00927f1e5c67a91a967f92b
SERVER_HANDSHAKE_TRAFFIC_SECRET 4d99462927a5b3841581f4157c16551fc611b9740cff4793ba721175776a78c5 7880a39ad6421b13b3b77b26614545043942a3b812d291edc1a0bc581a4a8d0f
CLIENT_HANDSHAKE_TRAFFIC_SECRET 4d99462927a5b3841581f4157c16551fc611b9740cff4793ba721175776a78c5 51fb2be733fba3ce8d3cff608baae26cf3ae87a19988c453fed82404f6264ae9
SERVER_TRAFFIC_SECRET_0 4d99462927a5b3841581f4157c16551fc611b9740cff4793ba721175776a78c5 70de552eab255c9487e24e14797704da906a691f8770ceeb8480669ae22a4549
SERVER_HANDSHAKE_TRAFFIC_SECRET 3ca8bedd10ecc10b55fcc18c313418e19e03bfc0c1ea7a74b0e13daff16a2bd1 70f3351454bfc909ea8bb49f333130a6c7c11f876ec7d9a4a29a43ae8832a2bd
CLIENT_HANDSHAKE_TRAFFIC_SECRET 3ca8bedd10ecc10b55fcc18c313418e19e03bfc0c1ea7a74b0e13daff16a2bd1 9c0f783e75bd8811147739b2352d2678acdadc8d897101281610b508f7737d8f
SERVER_TRAFFIC_SECRET_0 3ca8bedd10ecc10b55fcc18c313418e19e03bfc0c1ea7a74b0e13daff16a2bd1 af5bb4917734b16415e00d53ecf7ce841c52906b35d56ba5d9b8b1e2b3f00539
SERVER_HANDSHAKE_TRAFFIC_SECRET f11edbabac336d37292d9a86e559c7db8ed6408d154069c7b12654f91b936b98 e84896c275afb66ad524413f1a95540e970f92975d419b7e1761af603647b24a
CLIENT_HANDSHAKE_TRAFFIC_SECRET f11edbabac336d37292d9a86e559c7db8ed6408d154069c7b12654f91b936b98 5ff8516ddeaaa3a3b39db886f94acbf025862b5dbb4e3a7d7d468e276781f5a2
SERVER_TRAFFIC_SECRET_0 f11edbabac336d37292d9a86e559c7db8ed6408d154069c7b12654f91b936b98 af99af8fa0fe3799c0566f5ab92d46b7939bc482c1328de23cee28973c64f9cf
CLIENT_TRAFFIC_SECRET_0 f11edbabac336d37292d9a86e559c7db8ed6408d154069c7b12654f91b936b98 7e703a5fc5c8aec60f0eb19adfdcb6ea7ef0db75a11cc94ece5325edb6655dcf
SERVER_HANDSHAKE_TRAFFIC_SECRET ef140a2bbd6b114cac33b43b7be627302f98cdd0a4e470f6576b73ac890e4940 e38bee3c5de949e3a83ad3a00fba744c8b7533c81eae3521f36868c4b58bec17
CLIENT_HANDSHAKE_TRAFFIC_SECRET ef140a2bbd6b114cac33b43b7be627302f98cdd0a4e470f6576b73ac890e4940 0f6e15088b330b8897908191f4cf291fd45c963dc469204a3a95e1ada7afa2c2
SERVER_TRAFFIC_SECRET_0 ef140a2bbd6b114cac33b43b7be627302f98cdd0a4e470f6576b73ac890e4940 3c57ec09df5844e19afa0412664a342b660ef84ee7c15f1468f0fddbbfd6609e
CLIENT_TRAFFIC_SECRET_0 ef140a2bbd6b114cac33b43b7be627302f98cdd0a4e470f6576b73ac890e4940 3c302eed46ee528db3b81dae8406f3f454a1f0b4273a3ac2acada1211bef00bd
SERVER_HANDSHAKE_TRAFFIC_SECRET c9bdcb610f5e3f607d40156829459293142dde12c50a71eadd96f151ead2a009 511c3c5200471040207a2542ba96033fc1a224f3e5d908c43f8d2a788774f5e4
CLIENT_HANDSHAKE_TRAFFIC_SECRET c9bdcb610f5e3f607d40156829459293142dde12c50a71eadd96f151ead2a009 703dff96c7e396e0f4a767d168d7b7adccee20a349eb37353f060044dd501910
SERVER_TRAFFIC_SECRET_0 c9bdcb610f5e3f607d40156829459293142dde12c50a71eadd96f151ead2a009 0fe9ad3f569f8fac02cb50752bdb36153f63b29cedb7ff120a96335b89cccc34
CLIENT_TRAFFIC_SECRET_0 c9bdcb610f5e3f607d40156829459293142dde12c50a71eadd96f151ead2a009 d264d1c1ee135a2a98ea102683f60f936007ccc8096d999d406c852dfe8c7f59
SERVER_HANDSHAKE_TRAFFIC_SECRET 5a7a99ea67b18de53a8ff17e0363fdd41e2242dfa829c5eadb37e21372d94afb 3f52baf3c4486fbe5101b8a9946ee1ddbe6bb7faf7bf90ce443063c73cfb28ff
CLIENT_HANDSHAKE_TRAFFIC_SECRET 5a7a99ea67b18de53a8ff17e0363fdd41e2242dfa829c5eadb37e21372d94afb 5189c3e0d258c2a5d82a24b7019b43507e553ccb09852175588e35c54a67db92
SERVER_TRAFFIC_SECRET_0 5a7a99ea67b18de53a8ff17e0363fdd41e2242dfa829c5eadb37e21372d94afb 55c62b4192929d1800658fbb05920f3583d50fe6be5a9c0e2bf8cfe4fed77ed3
CLIENT_TRAFFIC_SECRET_0 5a7a99ea67b18de53a8ff17e0363fdd41e2242dfa829c5eadb37e21372d94afb b1648cbbc1cde49e5ef74e3cb3eaea1c65643f447b3f1df6ce56ccae5f493b12
SERVER_HANDSHAKE_TRAFFIC_SECRET ceb09c9b0d94d2338c5d3d3f2b9f7ccea598f462abcc79bab8ad32e5bd6519d6 84855a56fdea6e2107ae708c0084dbbada589eb49dabd6c894f68478767f4bbb
CLIENT_HANDSHAKE_TRAFFIC_SECRET ceb09c9b0d94d2338c5d3d3f2b9f7ccea598f462abcc79bab8ad32e5bd6519d6 c005c349144287896d753b949e6655d3e8cb6ee3035513365b86c80016024c4f
SERVER_TRAFFIC_SECRET_0 ceb09c9b0d94d2338c5d3d3f2b9f7ccea598f462abcc79bab8ad32e5bd6519d6 2cadec1102484adafa55d18cdf8b4cd0e1ebefa809717101d3c59ab8153dfe16
CLIENT_TRAFFIC_SECRET_0 ceb09c9b0d94d2338c5d3d3f2b9f7ccea598f462abcc79bab8ad32e5bd6519d6 16bfc8c2a81243dd590df34c0bf0a87b7345ca42e8235ba149e44b09019f8b8c
SERVER_HANDSHAKE_TRAFFIC_SECRET 566294c20b6b12e79521a8e9593539b2e232c604b531e183bf4b544b69b16fb6 78ee556c4510aa0a1ed2055866c8db9455f92974818f4d7b7fc0e9c466119d7d
CLIENT_HANDSHAKE_TRAFFIC_SECRET 566294c20b6b12e79521a8e9593539b2e232c604b531e183bf4b544b69b16fb6 f00785ca2924bfcea9835ed61c540cfeb54f871572536f85070e428a69b2a248
SERVER_TRAFFIC_SECRET_0 566294c20b6b12e79521a8e9593539b2e232c604b531e183bf4b544b69b16fb6 5245124b06c6de8f3abf89f0ac944e00ad1c19e4e764f473e9473f62bee89915
CLIENT_TRAFFIC_SECRET_0 566294c20b6b12e79521a8e9593539b2e232c604b531e183bf4b544b69b16fb6 dbfdbea8641971b68dd424274977bf3a696a31c42f6bc46b28932158200b2818
SERVER_HANDSHAKE_TRAFFIC_SECRET fe987be1d57c4d0589db17e53274999478f6af99aa90dc5391ef81ab735d89ca 165f5241573e054fd72f0abad3dba4e41485e365f645b5f487ffc7df40ce796a
CLIENT_HANDSHAKE_TRAFFIC_SECRET fe987be1d57c4d0589db17e53274999478f6af99aa90dc5391ef81ab735d89ca ded3bab8e46de2dc6110d73715f382f39aa2c12a8b1e48f9e2d1d691e6238b73
SERVER_TRAFFIC_SECRET_0 fe987be1d57c4d0589db17e53274999478f6af99aa90dc5391ef81ab735d89ca 5aa7fc7b147728cdb7b3ec3c12517b8bea39a08a59cba2752c2b303695d71abb
CLIENT_TRAFFIC_SECRET_0 fe987be1d57c4d0589db17e53274999478f6af99aa90dc5391ef81ab735d89ca adca1e29c9e42b94a6d3ffb6d999d262d05d746d843106fac551d486a667159d
SERVER_HANDSHAKE_TRAFFIC_SECRET 851d055c310431168b1c3a2e6bee2f0748a5792adba6d50ba71b3ce169f45628 33621baa06b6b650cd8583c8eef9b441f18f0f37d6fa1c6aba9229095f667953
CLIENT_HANDSHAKE_TRAFFIC_SECRET 851d055c310431168b1c3a2e6bee2f0748a5792adba6d50ba71b3ce169f45628 8a1abd8e5ec3673414a126a8e03b4d403120e728e9a20842a068c5f4cbf08de4
SERVER_TRAFFIC_SECRET_0 851d055c310431168b1c3a2e6bee2f0748a5792adba6d50ba71b3ce169f45628 ee0bc4cb3ada5663f312e381bea1196ac80a98d273cdb9dbe1afd46fc61c0ef1
CLIENT_TRAFFIC_SECRET_0 851d055c310431168b1c3a2e6bee2f0748a5792adba6d50ba71b3ce169f45628 d3655463d59bbc3c9cca6c3f05d13147fa1fffed380443acec794ded70d75a8f
SERVER_HANDSHAKE_TRAFFIC_SECRET 28c18dffad183486f0badf59653a49bdac986fd7aed8b323dfef11f43afcca6b d6d0a72feb3a254db5f3f663c81ef89ae259b836de040d740a4bee0a619e47c7
CLIENT_HANDSHAKE_TRAFFIC_SECRET 28c18dffad183486f0badf59653a49bdac986fd7aed8b323dfef11f43afcca6b 1cd0e05013b5ceabb7346ffe1154ed7023922b2b1e2b2f2f81bcf4d9d0bb0372
SERVER_TRAFFIC_SECRET_0 28c18dffad183486f0badf59653a49bdac986fd7aed8b323dfef11f43afcca6b 85ddcc0c650b71a21a2904dec25e10dd1c6b222be0953b597991d68e55f5e2c8
CLIENT_TRAFFIC_SECRET_0 28c18dffad183486f0badf59653a49bdac986fd7aed8b323dfef11f43afcca6b 84dc059e258b94f8d50da9a401e604ad1f1b8fde48d57fa7840e3d70b9d06864
SERVER_HANDSHAKE_TRAFFIC_SECRET 7ca54cce2187390974cee908abf1fba5eb6f66939d591057466536dfecf39b07 6eaad52e26c4185c4b252b1a184740cf36b3e14dff6723c1d06b65212eb287c4
CLIENT_HANDSHAKE_TRAFFIC_SECRET 7ca54cce2187390974cee908abf1fba5eb6f66939d591057466536dfecf39b07 702f756766499b5c9f48aedd8d2bf707a96efdb390ddb9ec6727f23fab659912
SERVER_TRAFFIC_SECRET_0 7ca54cce2187390974cee908abf1fba5eb6f66939d591057466536dfecf39b07 527642c3047cc2914b1bde5abaec2fba6e76fb1528fcf7eed62b10393f8e53b1
CLIENT_TRAFFIC_SECRET_0 7ca54cce2187390974cee908abf1fba5eb6f66939d591057466536dfecf39b07 42727aa161a452c2f84d5d3ee7d588997d5753501fa3bb6146fae389463f4860
SERVER_HANDSHAKE_TRAFFIC_SECRET 68355a46e2b590062ba447ff761c152918ba90dec453130043fc13557ea036d0 8cbd85fb656fb68b87e582fcb90694335b157815004ce8cc78c87a9795ca85ba
CLIENT_HANDSHAKE_TRAFFIC_SECRET 68355a46e2b590062ba447ff761c152918ba90dec453130043fc13557ea036d0 9da8f0873ca5dbad0ca25d42dd4e2d8a2ca92a67c3eef579b10e55a6f2b047be
SERVER_TRAFFIC_SECRET_0 68355a46e2b590062ba447ff761c152918ba90dec453130043fc13557ea036d0 a30a7100c20393a3489c59ce1dc75654059f37b1d3cac4680bf4d6577f5c3d07
SERVER_HANDSHAKE_TRAFFIC_SECRET ee18a36c01ac9cf2b2c17b789ee1295bb8bc6b19e46939837254129b12a03110 aef0e5368391352cc6f309ca873a934b43b107c6e9506540528773372e2efaeb
CLIENT_HANDSHAKE_TRAFFIC_SECRET ee18a36c01ac9cf2b2c17b789ee1295bb8bc6b19e46939837254129b12a03110 0dadfc21e228e4ba2eeea327a218b7db1ad3691624b027c3469e0a954a77868a
SERVER_TRAFFIC_SECRET_0 ee18a36c01ac9cf2b2c17b789ee1295bb8bc6b19e46939837254129b12a03110 575465240d8c9886daa0604e6295ff6934b0772952b1f8dbe30ed36f721a7ed0
CLIENT_TRAFFIC_SECRET_0 ee18a36c01ac9cf2b2c17b789ee1295bb8bc6b19e46939837254129b12a03110 01b900c4cf86fe3fbe0ec8ecc1185ed10d360aa7e231d52d27f5f1df13ecb9db
SERVER_HANDSHAKE_TRAFFIC_SECRET c2e2d38805c93ce4deecbf1eca0a39d6d2f9fbc0332913c3cb71d7eb1a9f9640 7644c3bd988dd1cfa506e2090e7df17576e6a05762f5df6b3a455f7a17cad546
CLIENT_HANDSHAKE_TRAFFIC_SECRET c2e2d38805c93ce4deecbf1eca0a39d6d2f9fbc0332913c3cb71d7eb1a9f9640 1e0d6481abe27ae60c655c7745b77f25d473077a178506254e96f18c09075391
SERVER_TRAFFIC_SECRET_0 c2e2d38805c93ce4deecbf1eca0a39d6d2f9fbc0332913c3cb71d7eb1a9f9640 d0fb660974d9ff7d418d259fbc6812b8a14fe7def80863ed5a2f4fbb1feb1b56
CLIENT_TRAFFIC_SECRET_0 c2e2d38805c93ce4deecbf1eca0a39d6d2f9fbc0332913c3cb71d7eb1a9f9640 ab77349d6941c29d259de61cf462f7c6870ff1beeb722099f9e59aaccd04d403
SERVER_HANDSHAKE_TRAFFIC_SECRET ed926f722add0836fca67d6e1ae6a8d1dd3b0797d3abbbbef9b777ee8c1befbb 568090529c599c6bbf041cc99dd2ed872d7bb8573787b780177b0b384a72da11
CLIENT_HANDSHAKE_TRAFFIC_SECRET ed926f722add0836fca67d6e1ae6a8d1dd3b0797d3abbbbef9b777ee8c1befbb 09310da811a025b72361757dd22a853ba9990067aaa752b74ba375d40b73483d
SERVER_TRAFFIC_SECRET_0 ed926f722add0836fca67d6e1ae6a8d1dd3b0797d3abbbbef9b777ee8c1befbb 627659ff55be2209e88d8bca3ce2ffb9f5ed112a490eef39bceedc7df2912454
CLIENT_TRAFFIC_SECRET_0 ed926f722add0836fca67d6e1ae6a8d1dd3b0797d3abbbbef9b777ee8c1befbb d896deacfa03a5724c65f13df28610b89f38f2218af5e2e06f631dc6a931c9ec
SERVER_HANDSHAKE_TRAFFIC_SECRET f0076116c528d7ccae82ed93435399e2bd797b4420ec19f2a43416886cd904d6 ef7c73ac9031af4aef1ca6378724eba1744d21f5fc8f83282bbc797269cb49c1
CLIENT_HANDSHAKE_TRAFFIC_SECRET f0076116c528d7ccae82ed93435399e2bd797b4420ec19f2a43416886cd904d6 6a21a24311a08d0a5acca721d1b6e449ee6157a0618c42eb96c748d61eeaa68f
SERVER_TRAFFIC_SECRET_0 f0076116c528d7ccae82ed93435399e2bd797b4420ec19f2a43416886cd904d6 c1ae9c8c4ad804b3b958781a19f9e55e9e0a10965104bda94a73d7ada1a92a34
CLIENT_TRAFFIC_SECRET_0 f0076116c528d7ccae82ed93435399e2bd797b4420ec19f2a43416886cd904d6 1ee2387f6eb116eb987ea58fe9a0074309e87e5113135905c02a61ff0965c75f
SERVER_HANDSHAKE_TRAFFIC_SECRET 269e44771ab978c802845b8c032e929636b084b2b6d7427ddcfd4c674a31ba44 e1c55056c1ab18e88e2254eda3a4bad012c0c8e65e50ff34b3df005976b2bf2b
CLIENT_HANDSHAKE_TRAFFIC_SECRET 269e44771ab978c802845b8c032e929636b084b2b6d7427ddcfd4c674a31ba44 a679540d0c1caa7c9a8b56239185c81ed1912ed2afd6182fcfcd58846b74e2ba
SERVER_TRAFFIC_SECRET_0 269e44771ab978c802845b8c032e929636b084b2b6d7427ddcfd4c674a31ba44 4c086754f28c4be88f33b627fed2dd55d3d1dd48f1856aeb7a07de6c09a2e25f
CLIENT_TRAFFIC_SECRET_0 269e44771ab978c802845b8c032e929636b084b2b6d7427ddcfd4c674a31ba44 9193e485befab2fe2140a90561573716b95ed981aba3742c48befc9f77f121c3
SERVER_HANDSHAKE_TRAFFIC_SECRET e587ac51a7b0cbce3823f5665c830637430abb3ac55d87225d86f1bb4e0aaf3e 1fd69e7abeb1330d1bd409ac98fe6b71721ed94305dc662c5d21f4d079c36bbd
CLIENT_HANDSHAKE_TRAFFIC_SECRET e587ac51a7b0cbce3823f5665c830637430abb3ac55d87225d86f1bb4e0aaf3e bb4c4c9562e512efc1d03305e622914770222877b3b20d57d3577801525a0e5e
SERVER_TRAFFIC_SECRET_0 e587ac51a7b0cbce3823f5665c830637430abb3ac55d87225d86f1bb4e0aaf3e 010de9ffc870a078fa44d78b768d674b6fc9ef2e5c779bb7e9b186e65e81a7aa
CLIENT_TRAFFIC_SECRET_0 e587ac51a7b0cbce3823f5665c830637430abb3ac55d87225d86f1bb4e0aaf3e 58f2abaa5e79e8510c7c3670a93823263acf27ab6199ed9b6b9e3a66ccec21d5
SERVER_HANDSHAKE_TRAFFIC_SECRET 5f634688961df68ed854b24f41cc83295ec36beab154aed6bdc058bd867cd41e 9abf37f7d53885bfa91be3dac200f20bfc3323c8b39b6e9cdf34493fe3dab0d3
CLIENT_HANDSHAKE_TRAFFIC_SECRET 5f634688961df68ed854b24f41cc83295ec36beab154aed6bdc058bd867cd41e b5efd763da72e0e051ef2b36a3a0bf48071e200060f07b7881686dfaa29f6674
SERVER_TRAFFIC_SECRET_0 5f634688961df68ed854b24f41cc83295ec36beab154aed6bdc058bd867cd41e 8881f0d8951b840cf35d37dd2457dd08324e8dddcbdbe842ad9a7fcfd118f3c1
CLIENT_TRAFFIC_SECRET_0 5f634688961df68ed854b24f41cc83295ec36beab154aed6bdc058bd867cd41e cbbfd2fd3bbe86fa3ffb8095ed5873d5b5038113db2a404d50ffca94e3db09c8
SERVER_HANDSHAKE_TRAFFIC_SECRET e8b5d3e67c403bbd550ad0a0e243e2f5fd930b34aeccf974d8a6f23f767b425c d516b595a6a3ad0ef5cef6dac88838c9eee3c1ed0054482d35b693f55d869f3b
CLIENT_HANDSHAKE_TRAFFIC_SECRET e8b5d3e67c403bbd550ad0a0e243e2f5fd930b34aeccf974d8a6f23f767b425c 190f3a75db144182320fc617c47c4af1fbb37f19ad5ce54f2da47d9ea0d19695
SERVER_TRAFFIC_SECRET_0 e8b5d3e67c403bbd550ad0a0e243e2f5fd930b34aeccf974d8a6f23f767b425c 0d0ee40279a16cf0b18ec44ff68eb19d441d984cb58ca9046e94a12b00aed570
CLIENT_TRAFFIC_SECRET_0 e8b5d3e67c403bbd550ad0a0e243e2f5fd930b34aeccf974d8a6f23f767b425c 3398ed2ced6189f2bb1f26dde64ffe20f3dd4b1cd9535cc329f40e2ab9ce2984
SERVER_HANDSHAKE_TRAFFIC_SECRET 22fb37b15beceb3398e360a1118c74cc6271907094d1089baeddfd033db5983f f0a849cbcf625c9a6d5e69d0414517dd8d47694e0d2618e00cff477f2dac8447
CLIENT_HANDSHAKE_TRAFFIC_SECRET 22fb37b15beceb3398e360a1118c74cc6271907094d1089baeddfd033db5983f 55b0efa590c8b1b61dce2bb242d289daf6df8eb857d7928242118aac0720f1da
SERVER_TRAFFIC_SECRET_0 22fb37b15beceb3398e360a1118c74cc6271907094d1089baeddfd033db5983f 69779bd1747be8c8fb328a9ca001687a3fcf93cd2b274ee0b7a54a93ecae889d
CLIENT_TRAFFIC_SECRET_0 22fb37b15beceb3398e360a1118c74cc6271907094d1089baeddfd033db5983f 119c1dbee4f7849026f3e1b91ef03314319a61520a6bd2383d3ec40e8eaccb02
SERVER_HANDSHAKE_TRAFFIC_SECRET 2df06fe293d0d2c798d5a63b2253a610695cb7672a51df7c22d666262d714849 ea989664d83c656f58b16d9fee42ca8fa964b343cc71850376a28808e109593b
CLIENT_HANDSHAKE_TRAFFIC_SECRET 2df06fe293d0d2c798d5a63b2253a610695cb7672a51df7c22d666262d714849 b7c8d8a2d13a01f66f71441a9698aa4627a946b55e2989055ab0342155b2944b
SERVER_TRAFFIC_SECRET_0 2df06fe293d0d2c798d5a63b2253a610695cb7672a51df7c22d666262d714849 d1a54dac1dd920c5f6b497c91f230ae72b590fd2e9bb06213c95a924ab3b0e46
CLIENT_TRAFFIC_SECRET_0 2df06fe293d0d2c798d5a63b2253a610695cb7672a51df7c22d666262d714849 f8236509faa24d5735c975d8f4d4f7466353d1baca1deb437f85128b7f542097
SERVER_HANDSHAKE_TRAFFIC_SECRET fc39654df04a2959eb8cdcca268fbc9c65b09384f1f076e1522110d660e13060 f97ac85fe21082e8153655cad95f47329c361d150fd641a3f64fd4c1dd014772
CLIENT_HANDSHAKE_TRAFFIC_SECRET fc39654df04a2959eb8cdcca268fbc9c65b09384f1f076e1522110d660e13060 7f40d150b1bb069ed1624a4eb32e233a85d79d20d7c49a6ca3eca78fa59a5d1f
SERVER_TRAFFIC_SECRET_0 fc39654df04a2959eb8cdcca268fbc9c65b09384f1f076e1522110d660e13060 1e8deed3fbad04ee10d5033ac252732cfeddd6747e1d8e788aedd7e74f428167
CLIENT_TRAFFIC_SECRET_0 fc39654df04a2959eb8cdcca268fbc9c65b09384f1f076e1522110d660e13060 006436abc6aa04e05be834f7c683626293418ca1df1e17bd072fd801491ee79d
SERVER_HANDSHAKE_TRAFFIC_SECRET 8c6b66214e5b1f3699c44bba0e26e8f9a6f596734f3b9ff2108348bc9254afc6 f998058808e0668924289d0ba50bd2a6b8884b7d523af5f44d27a9e70cb34785
CLIENT_HANDSHAKE_TRAFFIC_SECRET 8c6b66214e5b1f3699c44bba0e26e8f9a6f596734f3b9ff2108348bc9254afc6 d32c6941a8d8f74a87b38c3c56460ee947ee1fbc0e3985cf98053117da1c6563
SERVER_TRAFFIC_SECRET_0 8c6b66214e5b1f3699c44bba0e26e8f9a6f596734f3b9ff2108348bc9254afc6 51adda9c9ff6b5acc21655aadc884b14508aa2eec9ea2c94df67e71b1621c0bf
CLIENT_TRAFFIC_SECRET_0 8c6b66214e5b1f3699c44bba0e26e8f9a6f596734f3b9ff2108348bc9254afc6 c581dc5f23a770a95e01e63d316af9875da69049bf4919cb7419d3212baa49c5
SERVER_HANDSHAKE_TRAFFIC_SECRET 9c231c45f30057d389f8cc1c9c34e59c30c54e5e29e6414bd3ab415796ab05c6 9d85ec8bbda62effaba838e832defb6320906cf4caf0c9b74fdaf42b180e05fe
CLIENT_HANDSHAKE_TRAFFIC_SECRET 9c231c45f30057d389f8cc1c9c34e59c30c54e5e29e6414bd3ab415796ab05c6 10441d2642619e402f47fcb0b78e71a978f26e556e217292a5d2c82517ced766
SERVER_TRAFFIC_SECRET_0 9c231c45f30057d389f8cc1c9c34e59c30c54e5e29e6414bd3ab415796ab05c6 cc5c0844ebcce5d6da5da2a5234a0d4c5432c3897f37ed0b3db075e85041cc53
CLIENT_TRAFFIC_SECRET_0 9c231c45f30057d389f8cc1c9c34e59c30c54e5e29e6414bd3ab415796ab05c6 0814f21280c728fc36ee1a743a802e41cec72cca7dec2e2b2df5cb40a83d2517
SERVER_HANDSHAKE_TRAFFIC_SECRET 9f2f88d090f5bc5f1c3e9b1a0b82e4dbf080cd58f97df567d1aa996cf7a9bfda 882ada80cecba534ba1bcc75c8e57f8bd7e09f5e9ac4c959a9f696c2e5503826
CLIENT_HANDSHAKE_TRAFFIC_SECRET 9f2f88d090f5bc5f1c3e9b1a0b82e4dbf080cd58f97df567d1aa996cf7a9bfda 57900c01bad4dbb35bcaaed91451910056fe1b1c228b9e4329d7a182254661c1
SERVER_TRAFFIC_SECRET_0 9f2f88d090f5bc5f1c3e9b1a0b82e4dbf080cd58f97df567d1aa996cf7a9bfda a58187c46145ddd926768c63259ccf3fa1eac9bbd87f3f7eafe78a0befe4e1d7
CLIENT_TRAFFIC_SECRET_0 9f2f88d090f5bc5f1c3e9b1a0b82e4dbf080cd58f97df567d1aa996cf7a9bfda 0463f8759e9a548039c0066d756eb683c17d87661afdf2cb8c8e02b6a100eebd
SERVER_HANDSHAKE_TRAFFIC_SECRET 0a732f8444f41d3a079886cfcc735590cfdee0dc5a3eab70faae298ac167db04 de98264e5310b75773d229337fa394ed8e547d0976927a2a1de4116715caef1f
CLIENT_HANDSHAKE_TRAFFIC_SECRET 0a732f8444f41d3a079886cfcc735590cfdee0dc5a3eab70faae298ac167db04 7d3ec05e98bf091a71fcec4759beeafc3a5da6bfb18702c90470329b2cf50619
SERVER_TRAFFIC_SECRET_0 0a732f8444f41d3a079886cfcc735590cfdee0dc5a3eab70faae298ac167db04 d8ad40eb18ceffd2e2b09f797b727ae92ddd5b20797c1cf492b07ae093b799ee
CLIENT_TRAFFIC_SECRET_0 0a732f8444f41d3a079886cfcc735590cfdee0dc5a3eab70faae298ac167db04 1cc00e9d0d30211b24129dda7d46f42d040d727ce2346ac8eb02cd178370a024
SERVER_HANDSHAKE_TRAFFIC_SECRET 8d826bfd32f358dbd44977dbc943b3fa030ab7dfaa1c5a87dc6e4ffc6094102f c2b177a5d056585f002d8caf215a158dfce4ebfeac90c816dd2958a48b309bfb
CLIENT_HANDSHAKE_TRAFFIC_SECRET 8d826bfd32f358dbd44977dbc943b3fa030ab7dfaa1c5a87dc6e4ffc6094102f ab3c9ad111b3d7cba0ee41ededc6ddf0734316f0e844f9082bac33225f0b09cf
SERVER_TRAFFIC_SECRET_0 8d826bfd32f358dbd44977dbc943b3fa030ab7dfaa1c5a87dc6e4ffc6094102f 1caf69e42ca3752f773ed8c7148f5d8475b97ac095ebbfac32aa8c8b68326865
CLIENT_TRAFFIC_SECRET_0 8d826bfd32f358dbd44977dbc943b3fa030ab7dfaa1c5a87dc6e4ffc6094102f b5c0f57b84281e3f637402740d7ea7fe1f28d3c8dfb599a7109d2d4eba5200af
SERVER_HANDSHAKE_TRAFFIC_SECRET e3b21c8bd7c8307b6238ef931b47dfa3e3f215d4666ffa6faccfade05001dab5 55bcc1ba788909214f36b8ce2548069cdedfd59ea17d9a1ebed6ba0ea22c9cea
CLIENT_HANDSHAKE_TRAFFIC_SECRET e3b21c8bd7c8307b6238ef931b47dfa3e3f215d4666ffa6faccfade05001dab5 a5f15612628cacd39a158ff9c2a12f91b01901082bb607ad6e50114706039a38
SERVER_TRAFFIC_SECRET_0 e3b21c8bd7c8307b6238ef931b47dfa3e3f215d4666ffa6faccfade05001dab5 f84ad1f5bbc013100a28aef924a8bdfe25313b67cb6eb8186ea59e44ffe318f2
CLIENT_TRAFFIC_SECRET_0 e3b21c8bd7c8307b6238ef931b47dfa3e3f215d4666ffa6faccfade05001dab5 9b4e94a69e8f6312426d85273c18a227c4529d276e28eff8363da2f642b302f2
SERVER_HANDSHAKE_TRAFFIC_SECRET 8c3f610f70d3c90df7561d108caa4b25c9fafc804848f7775fb3efe800f8ba96 28a8f1c8aece9466d700a843433ca852d669968e0964e0178e1e82b7ab6f336d
CLIENT_HANDSHAKE_TRAFFIC_SECRET 8c3f610f70d3c90df7561d108caa4b25c9fafc804848f7775fb3efe800f8ba96 14e44877b3b2afb0bfda4963e19806a8a808e678593d35e489839546dc1aacb1
SERVER_TRAFFIC_SECRET_0 8c3f610f70d3c90df7561d108caa4b25c9fafc804848f7775fb3efe800f8ba96 8176694fa70227d44d84874985e4c7d4644e83621b2ed26f7addabf5609094d9
SERVER_HANDSHAKE_TRAFFIC_SECRET 4b672fcdd80b23af960dc5b6d80807b5abb4a9263af06293d577128875117c54 c736fd7b8ac7145805539ca5a3f0ba12ad4ac222ee50c921223b44b77f0dbdd6
CLIENT_HANDSHAKE_TRAFFIC_SECRET 4b672fcdd80b23af960dc5b6d80807b5abb4a9263af06293d577128875117c54 4184937d4a765b24bdd485d203aa505c04e115527d46131afb657d8d573af727
SERVER_TRAFFIC_SECRET_0 4b672fcdd80b23af960dc5b6d80807b5abb4a9263af06293d577128875117c54 8720646a114643c067f7cb1dfcf4556229593e87eec36d9c1a9966a95508476e
CLIENT_TRAFFIC_SECRET_0 4b672fcdd80b23af960dc5b6d80807b5abb4a9263af06293d577128875117c54 f1d482fb5a4899bc2b37111c1b57f7a7b4186e0adbcfff4d042296da9e8dc25d
SERVER_HANDSHAKE_TRAFFIC_SECRET f45bb55a7b75beee062ca481552bb0ba70f2e0c826b8a45cabce6a8c23319756 a9e4283ae6f6d04d7bab3bd187b6c2238bce6a4b4b7956287924b1480993c86e
CLIENT_HANDSHAKE_TRAFFIC_SECRET f45bb55a7b75beee062ca481552bb0ba70f2e0c826b8a45cabce6a8c23319756 71cb63b217e1703974b77f2327f82a3f719e220ea5b51d59f89e11b031585438
SERVER_TRAFFIC_SECRET_0 f45bb55a7b75beee062ca481552bb0ba70f2e0c826b8a45cabce6a8c23319756 4901d33702700983f3da3b05b1780dbe7a92b7f599ddc89c08702c951b5416be
SERVER_HANDSHAKE_TRAFFIC_SECRET d0c1dba319fc77c22b33e325662500f7e24ceaa52d7b61c39521c1add037cb32 f92a9536d3cb4d5aff9dee782296ff17d634ca6b86181e48a82e2ec5a3149a24
CLIENT_HANDSHAKE_TRAFFIC_SECRET d0c1dba319fc77c22b33e325662500f7e24ceaa52d7b61c39521c1add037cb32 1e3939275b7baacb25bb2da1e052ad1f2b35b4932ea1b32e7ab3290f51943fc6
SERVER_TRAFFIC_SECRET_0 d0c1dba319fc77c22b33e325662500f7e24ceaa52d7b61c39521c1add037cb32 25aee065738068b761ea7788cbd1b99282557eed0dacfa2e599c8115d1acff03
CLIENT_TRAFFIC_SECRET_0 d0c1dba319fc77c22b33e325662500f7e24ceaa52d7b61c39521c1add037cb32 e55ffd9fdb985a34f18a6c09222fbd370d9f4ac5f64769f4834b2589bd8f6e0a
SERVER_HANDSHAKE_TRAFFIC_SECRET 2219e3cf9a20f79a09f42dbb54d2e3f0a4a09100b74f289ef2add56040d02b72 990bdc631ea778c35e0441340f1322e05bada1482efd8a24c5b6e5949f01b276
CLIENT_HANDSHAKE_TRAFFIC_SECRET 2219e3cf9a20f79a09f42dbb54d2e3f0a4a09100b74f289ef2add56040d02b72 c82aef716a69c647d8d7ea1899ee1ddfc011134e3dca1146bdfe3fef73677474
SERVER_TRAFFIC_SECRET_0 2219e3cf9a20f79a09f42dbb54d2e3f0a4a09100b74f289ef2add56040d02b72 817b47d33a04ac4369c7ba560d26be2d1ff550767aa8b1dd86f01c321604af80
CLIENT_TRAFFIC_SECRET_0 2219e3cf9a20f79a09f42dbb54d2e3f0a4a09100b74f289ef2add56040d02b72 bcb64364124808c473112232f1d5b00e41bf1ef5e1d34978110ebb79b8053ba8
SERVER_HANDSHAKE_TRAFFIC_SECRET a16d3cebce0a033cb0eeee29ab0c987c3b3cd0892135b420d7c8e3049a1e6a0f 698f92b9eb38365af755efefdc9696a5df0ead890b5f4abdf0f0b7d5252b6d61
CLIENT_HANDSHAKE_TRAFFIC_SECRET a16d3cebce0a033cb0eeee29ab0c987c3b3cd0892135b420d7c8e3049a1e6a0f 295670ba018c7c27c326e262af0487f944a7a74960b6af51772eb0be5cf8aa68
SERVER_TRAFFIC_SECRET_0 a16d3cebce0a033cb0eeee29ab0c987c3b3cd0892135b420d7c8e3049a1e6a0f 0cd5736f12bac1848c17f45f552770ec8bf5628f0ac9d9d7845eda0af0cb15eb
CLIENT_TRAFFIC_SECRET_0 a16d3cebce0a033cb0eeee29ab0c987c3b3cd0892135b420d7c8e3049a1e6a0f f400f706062966e0926a90f922c66e311740672478c36c74847e46abc5d8eac8
SERVER_HANDSHAKE_TRAFFIC_SECRET 116280e9700baf4b795a3e4ca6116d2e4d7be5fe9e82afe4b1cc8c660751f767 70575558be75807d8e6a3613f1c2d7cf8be9776a5d89012240e8d922d4965cff
CLIENT_HANDSHAKE_TRAFFIC_SECRET 116280e9700baf4b795a3e4ca6116d2e4d7be5fe9e82afe4b1cc8c660751f767 4c0cff2f1374e155ad44941f542dd9e12a714122ebb71bb87dc3bb04a63bca9b
SERVER_TRAFFIC_SECRET_0 116280e9700baf4b795a3e4ca6116d2e4d7be5fe9e82afe4b1cc8c660751f767 a0f1f12c748bfea7de6897d92e3bc261751a444da09fd297e2c3a86e01feb2c7
CLIENT_TRAFFIC_SECRET_0 116280e9700baf4b795a3e4ca6116d2e4d7be5fe9e82afe4b1cc8c660751f767 ac78fd5869b19e37e457714e8cfe3ddb48d5dfc5c0a1022f2a30da9b52836ed5
SERVER_HANDSHAKE_TRAFFIC_SECRET b103fb648958c1ad605eafc0b3c291d148b2b2ce28793cfb10fb80aa78295d38 ed759a491ee95d0fa3d343ff3c512645b7c176160dd422d5b3962884fa32dcf3
CLIENT_HANDSHAKE_TRAFFIC_SECRET b103fb648958c1ad605eafc0b3c291d148b2b2ce28793cfb10fb80aa78295d38 5f4764c7e3be4f0d6edb73dbf224cddf078df9c1607c1658a4432139bea6161a
SERVER_TRAFFIC_SECRET_0 b103fb648958c1ad605eafc0b3c291d148b2b2ce28793cfb10fb80aa78295d38 d2aee5c2a828f08c84f24cfd32a87526eefece895bd26c627372ec59fe8deda0
CLIENT_TRAFFIC_SECRET_0 b103fb648958c1ad605eafc0b3c291d148b2b2ce28793cfb10fb80aa78295d38 780100205a04a2ea06dbd7c4fbeab99d503b59716c63130b997332ad81a8f1ab
SERVER_HANDSHAKE_TRAFFIC_SECRET d11c19335b8f3366d74b25b1d66484c44fda8612aad1f23dd82844602d1f106d c4c8524b2418d0b6126f524084919f28a2a52c6897a7142e57ff9b7c090631d8
CLIENT_HANDSHAKE_TRAFFIC_SECRET d11c19335b8f3366d74b25b1d66484c44fda8612aad1f23dd82844602d1f106d 704a3e4f6ba710c12d395146939c64cbb4efac98718edd73eab63fef47110a17
SERVER_TRAFFIC_SECRET_0 d11c19335b8f3366d74b25b1d66484c44fda8612aad1f23dd82844602d1f106d f3c16cc72233bdd05d7eacf009c4131b45bba1b79388ae5932abe9501f9e57b4
CLIENT_TRAFFIC_SECRET_0 d11c19335b8f3366d74b25b1d66484c44fda8612aad1f23dd82844602d1f106d 37732067948229ba88d429de45efeffa06e9e71f840b364bb7c060fb150891fc
SERVER_HANDSHAKE_TRAFFIC_SECRET a33f36fb20f1ff13925d7ff38d1fc5d66b13ac8a251dd4de672bb16a5389c9ad 40e51cf1692d8cccc45608d0914ec101dbd4a7e14bde82c7b29c4249c42dd5e3
CLIENT_HANDSHAKE_TRAFFIC_SECRET a33f36fb20f1ff13925d7ff38d1fc5d66b13ac8a251dd4de672bb16a5389c9ad f7d1518c1b280e04d0c416b6127c133809e96f2fa08d572f049be30184c21746
SERVER_TRAFFIC_SECRET_0 a33f36fb20f1ff13925d7ff38d1fc5d66b13ac8a251dd4de672bb16a5389c9ad 14b164262707431fd9280908813261f3fad9ced44a93b970455f310890e54d9e
SERVER_HANDSHAKE_TRAFFIC_SECRET 9cb9fd9cd49b5d3d5115ab2f4b216456a37f40e47228c1b63facb91717ebdd69 a06f452b064526865d1990a79c2790d829af5686295eb838f2ee766fcb9dfb97
CLIENT_HANDSHAKE_TRAFFIC_SECRET 9cb9fd9cd49b5d3d5115ab2f4b216456a37f40e47228c1b63facb91717ebdd69 e6e9340194859c840b28472093bcf70d684bc4994d3431c0609ed0c0370d3683
SERVER_TRAFFIC_SECRET_0 9cb9fd9cd49b5d3d5115ab2f4b216456a37f40e47228c1b63facb91717ebdd69 ea56ed1525d2a8727d68f0dca1744acf386f6828d06492d8c2ae2352834a3f4b
CLIENT_TRAFFIC_SECRET_0 9cb9fd9cd49b5d3d5115ab2f4b216456a37f40e47228c1b63facb91717ebdd69 0598065774cfe6d0d0bea0a055238dce688e94b171b1da24df9b3aafc2557295
SERVER_HANDSHAKE_TRAFFIC_SECRET 1308a46d70036e8dd5edfd279412fc71c6325cee785c93af59b9ce230e778c81 65beb4791034d9edb681c1bd498c0c05f8c03dad925c9672568b7e453197d9c8
CLIENT_HANDSHAKE_TRAFFIC_SECRET 1308a46d70036e8dd5edfd279412fc71c6325cee785c93af59b9ce230e778c81 cf9dfb621159113a3c7e8bdd9fc547fe6c1f2e7ccbbbab94561b97d82338b118
SERVER_TRAFFIC_SECRET_0 1308a46d70036e8dd5edfd279412fc71c6325cee785c93af59b9ce230e778c81 075eaeaf16c4aabf103acd8645ed72643c320758651fae26bc510f9b3c97bf78
CLIENT_TRAFFIC_SECRET_0 1308a46d70036e8dd5edfd279412fc71c6325cee785c93af59b9ce230e778c81 09de3d40b263a7573a616b50cdf3043cb397c588c04b0d2bb1abdabd9308d391
SERVER_HANDSHAKE_TRAFFIC_SECRET 182ae6ec85e4f4b9bb5ec0df9297e0376feca9ccb6fe5cd67cac258bc916e7eb 107d56529ed902d2a41f1e815ae037474d5f6de4678039e229c384d18052fd7b
CLIENT_HANDSHAKE_TRAFFIC_SECRET 182ae6ec85e4f4b9bb5ec0df9297e0376feca9ccb6fe5cd67cac258bc916e7eb 58ccf36128c6c8be53bc35dcfa812ffe18d580688f4e1802c43f278bac3cb996
SERVER_TRAFFIC_SECRET_0 182ae6ec85e4f4b9bb5ec0df9297e0376feca9ccb6fe5cd67cac258bc916e7eb 22c89f60471f0af80605ea25191be59aa56253331d611fa8b68076ed885a090a
CLIENT_TRAFFIC_SECRET_0 182ae6ec85e4f4b9bb5ec0df9297e0376feca9ccb6fe5cd67cac258bc916e7eb bd22088163ae02f9f0be8150f4ff93b47ba443b22e383128fdde836a63b77530
SERVER_HANDSHAKE_TRAFFIC_SECRET c18f4a43740aa03c37a33af863533208ac0a1a2b98a0af29a0117c64fb10d65c 9c119cf953ae519e7366e9ca796e795e5695717292bf9d693a42938e70398dd5
CLIENT_HANDSHAKE_TRAFFIC_SECRET c18f4a43740aa03c37a33af863533208ac0a1a2b98a0af29a0117c64fb10d65c c1c7c4eb8506a71858074034ec0075633df1c809e55ceb377443b648de7d84aa
SERVER_TRAFFIC_SECRET_0 c18f4a43740aa03c37a33af863533208ac0a1a2b98a0af29a0117c64fb10d65c da55f40d1627824d3ada1c5470fc36517fd3f6fa27a39ab080b6cd0cef921441
SERVER_HANDSHAKE_TRAFFIC_SECRET 1c347abd1ce1c850a6b202ab4891031910a3aaf8578a2ab81b708a8518346bf4 9dc242aa92769da819352f2e6e8d09399e05166a0439d6b8da3ce8d868769347
CLIENT_HANDSHAKE_TRAFFIC_SECRET 1c347abd1ce1c850a6b202ab4891031910a3aaf8578a2ab81b708a8518346bf4 8628f14cf243eefea410b615980c42c13af4c2420790522ee3dbd6865f174344
SERVER_TRAFFIC_SECRET_0 1c347abd1ce1c850a6b202ab4891031910a3aaf8578a2ab81b708a8518346bf4 3779b0c99d83b18244d12f358b08538d54984b74cb2319e023ab1ec3feede27e
SERVER_HANDSHAKE_TRAFFIC_SECRET 14b44b5c6bc24bebfc7eea718fe560180e01a44638f36029486e6e47b24d1bac b453e694aefae85fa3d0834b2d7e387eed20033d9d50acb6b815a5809d45579b
CLIENT_HANDSHAKE_TRAFFIC_SECRET 14b44b5c6bc24bebfc7eea718fe560180e01a44638f36029486e6e47b24d1bac 2a9af80f4887b30e3f12e06eae599286949dee2e31e1ec9702170daaefec167b
SERVER_TRAFFIC_SECRET_0 14b44b5c6bc24bebfc7eea718fe560180e01a44638f36029486e6e47b24d1bac 47e4661363b3c6f3d299b6f2595965400770002902ee7116abd3415d80eed1c7
SERVER_HANDSHAKE_TRAFFIC_SECRET 859077a5e6a235a35df18f7a1ba6b3dd7dc75eddae9f543a7dc3e75da0fb75d5 96c7f1b92c9944ee41215f49af532234a62fca73aae3fef1fcaa976d46129f8c
CLIENT_HANDSHAKE_TRAFFIC_SECRET 859077a5e6a235a35df18f7a1ba6b3dd7dc75eddae9f543a7dc3e75da0fb75d5 278014c3b9828163997d234214156f34f77cc9c908451758b00aea39d7e4b4cc
SERVER_TRAFFIC_SECRET_0 859077a5e6a235a35df18f7a1ba6b3dd7dc75eddae9f543a7dc3e75da0fb75d5 77a0602449e3679986695cd9d6399032da6e808c9c535c4a5b7f21aac5638138
SERVER_HANDSHAKE_TRAFFIC_SECRET f7cf616bb886b7a27fcafce57769d621f9945f39bfa0fb8c6e58564328c7005a 06019ad449dd9f90ee851f909934818965bae3b3d89ddac54336668848abacdd
CLIENT_HANDSHAKE_TRAFFIC_SECRET f7cf616bb886b7a27fcafce57769d621f9945f39bfa0fb8c6e58564328c7005a c1b0dd76bf090473433fae47ecb38732cb5d3b86877a76bf5144bf7d6b75c4b2
SERVER_TRAFFIC_SECRET_0 f7cf616bb886b7a27fcafce57769d621f9945f39bfa0fb8c6e58564328c7005a 31d2999943e5cde4721f1b8a66aa01894d869531545eed63a400245f2816fef5
SERVER_HANDSHAKE_TRAFFIC_SECRET 7edb83c8a9ed11e0044abd69b89a568a78df3566d22cfb58d58e6a7fb7d40815 c84f34eb6509268354c0f03a7f4c49539a66b488fa356730df8954b892f5b3ab
CLIENT_HANDSHAKE_TRAFFIC_SECRET 7edb83c8a9ed11e0044abd69b89a568a78df3566d22cfb58d58e6a7fb7d40815 1570372ce84e24a427cba4a4565c687e118f602ded59848fcf83308b16794e21
SERVER_TRAFFIC_SECRET_0 7edb83c8a9ed11e0044abd69b89a568a78df3566d22cfb58d58e6a7fb7d40815 d8c361124f019f23c2f0897adbba8c0f3c42784b790624b8c9437808025ce6d6
CLIENT_TRAFFIC_SECRET_0 7edb83c8a9ed11e0044abd69b89a568a78df3566d22cfb58d58e6a7fb7d40815 57ba939d1a667b0d56599aa1f8ca04bfeb42b7c397d933d56f7f80dcce5df7f0
SERVER_HANDSHAKE_TRAFFIC_SECRET 824a5028653e0b36e7296ebb73a79610e8794418307c37ddaa4d8afafbc8ef99 d25e73315ed09ea6820303ad035b5f81afb7b32e97d9594ed3b63d321cc35be9
CLIENT_HANDSHAKE_TRAFFIC_SECRET 824a5028653e0b36e7296ebb73a79610e8794418307c37ddaa4d8afafbc8ef99 3a573d5de0e539eb3a3c30e4a5299a0d0068f8d538ebb2acfa04f52449d96ae2
SERVER_TRAFFIC_SECRET_0 824a5028653e0b36e7296ebb73a79610e8794418307c37ddaa4d8afafbc8ef99 5bbbcbbb0b11e038e1d8aa6049a625befe77b0bb27af50e6fff1ded861b25d90
SERVER_HANDSHAKE_TRAFFIC_SECRET 1d7c3ba1df018b21990e3830821b72d128b57c9dc191a017325c57707c2b77f9 e3d5273d76a5d7d5239472e6a3bd14e0d8c77aa3b55157b3ab75cc0041657fed
CLIENT_HANDSHAKE_TRAFFIC_SECRET 1d7c3ba1df018b21990e3830821b72d128b57c9dc191a017325c57707c2b77f9 fd615412bbae1229efb6663e8e7db996c24b959f642e6520ac6387560d7e25ae
SERVER_TRAFFIC_SECRET_0 1d7c3ba1df018b21990e3830821b72d128b57c9dc191a017325c57707c2b77f9 94cb24ee45c895b61e1bd25b7d87b8146b9d7cee3e8307ed8881013fd29de736
CLIENT_TRAFFIC_SECRET_0 1d7c3ba1df018b21990e3830821b72d128b57c9dc191a017325c57707c2b77f9 8ee2f18148eafcb6c7d77b76b25702f566727e8feb3dd8aba0f0f05a9991f3a9
SERVER_HANDSHAKE_TRAFFIC_SECRET f995c924476ed2e7bd5a5cab406ac8cd25fb37b14682ccd343ff8a2c6993d63e bec00542f33514a06426fd9a1c32d069bfd73581687eab11c36440f776331467
CLIENT_HANDSHAKE_TRAFFIC_SECRET f995c924476ed2e7bd5a5cab406ac8cd25fb37b14682ccd343ff8a2c6993d63e 820dfce63d0a9a6931278baceb2eef506308a8667577f75c6d979442958a0347
SERVER_TRAFFIC_SECRET_0 f995c924476ed2e7bd5a5cab406ac8cd25fb37b14682ccd343ff8a2c6993d63e a6f3c97fcfe8bb6405ee1b381c6fe2f1e770fbda9772809b50b9552d51add04d
SERVER_HANDSHAKE_TRAFFIC_SECRET 90c352ad82bef8c0107fd0a534cf3d10c4456ef6dab68db1386e3b4c11341eba 347f2726412ee039a96d8941094756b78798754bd7ccba99b5f605df3807ff41
CLIENT_HANDSHAKE_TRAFFIC_SECRET 90c352ad82bef8c0107fd0a534cf3d10c4456ef6dab68db1386e3b4c11341eba 893f70d9b42210286abb3bd156ea857e47c9202986c44594c802250f8034b639
SERVER_TRAFFIC_SECRET_0 90c352ad82bef8c0107fd0a534cf3d10c4456ef6dab68db1386e3b4c11341eba 519970d8d16e734a80781223d353e786a34e6bd8bd67cf72837f64905a70a413
SERVER_HANDSHAKE_TRAFFIC_SECRET fbb3369358e743179ad975add36ac5dbc89cb8c69226671bc7010499d412a378 7db6120a43ce42b409cf0624534731ac1ce7a728595a397ba9a3f0559e01d323
CLIENT_HANDSHAKE_TRAFFIC_SECRET fbb3369358e743179ad975add36ac5dbc89cb8c69226671bc7010499d412a378 8a65dce90ef339effc33812c47b2e467bf977cb6222dcaaf73444428b678e288
SERVER_TRAFFIC_SECRET_0 fbb3369358e743179ad975add36ac5dbc89cb8c69226671bc7010499d412a378 c550cc65e60ae7215694ff061f986716993051ec73a50d81d2536dc128b7eae8
CLIENT_TRAFFIC_SECRET_0 fbb3369358e743179ad975add36ac5dbc89cb8c69226671bc7010499d412a378 f0a065f27e37afdcbfb34d69ac70ced56ac9e2353b94945ef3778b15664f1c1f
SERVER_HANDSHAKE_TRAFFIC_SECRET 8b6c553df5f6d700141989acba7914d8be570c51ac2fd2ea95ed49ea72b05b15 63dd6df8467e633bcb447edf34b2d0961849c21f0084b4a1b7225441938f720a
CLIENT_HANDSHAKE_TRAFFIC_SECRET 8b6c553df5f6d700141989acba7914d8be570c51ac2fd2ea95ed49ea72b05b15 3e574149db6a9129029a07ee45cc0790445db0cd10859da7f7244ebb00dd6674
SERVER_TRAFFIC_SECRET_0 8b6c553df5f6d700141989acba7914d8be570c51ac2fd2ea95ed49ea72b05b15 88b1375f8cef6e3bbf1fa7c62b2adbf74c6f8331d4bac7caa635edb41b905430
CLIENT_TRAFFIC_SECRET_0 8b6c553df5f6d700141989acba7914d8be570c51ac2fd2ea95ed49ea72b05b15 6f588a4b3cf087932aaec9c20f1a7ffd7d9100e0b910dfed2071efd674be9254
SERVER_HANDSHAKE_TRAFFIC_SECRET 72c8d317d02c15ae718def7a91d5a6699c45af370cc06b90105e5b3d749f033a fe61500baba0ff9207c5fa74c670076b8f1530734dc6b11c1b8dcc7be2b04061
CLIENT_HANDSHAKE_TRAFFIC_SECRET 72c8d317d02c15ae718def7a91d5a6699c45af370cc06b90105e5b3d749f033a 3626c675484b452fc9357d696206b8ca41fab8cf428e01d647148040e0f558b4
SERVER_TRAFFIC_SECRET_0 72c8d317d02c15ae718def7a91d5a6699c45af370cc06b90105e5b3d749f033a 6818b2f38b6a3cdfa9f08cae35c05ceb2bfb9731e702b9a65bbff776cb930963
CLIENT_TRAFFIC_SECRET_0 72c8d317d02c15ae718def7a91d5a6699c45af370cc06b90105e5b3d749f033a b01ac08d858c61cf6467754ce562c34456b839abe710f27cd24577c66f8f9c5e
SERVER_HANDSHAKE_TRAFFIC_SECRET 6be8c43b683b3f8a272438841c45a7e31a6ec9dd90d93cff6418e4c9c73b0f22 5d0e964a5cc0ac645cb49fa1a53b80442704df101fb885f0fcf82505276e8d55
CLIENT_HANDSHAKE_TRAFFIC_SECRET 6be8c43b683b3f8a272438841c45a7e31a6ec9dd90d93cff6418e4c9c73b0f22 9ce4f80bc958ceb265acbe783fde5058ea34f97e20eb977439c19c0cc8ad715a
SERVER_TRAFFIC_SECRET_0 6be8c43b683b3f8a272438841c45a7e31a6ec9dd90d93cff6418e4c9c73b0f22 d873caceadc02d0ba52cf97737628d90df0b2484120f3049da9d2cb3ecf3155e
SERVER_HANDSHAKE_TRAFFIC_SECRET abe159dafe42c7d3560a64e6d7416578957e6b4eb95142a7fadc6c489d26423b 7e6b0aa369065c7f0a1c5378f7b58c7f4e0bede5dac19a8a12a37cf66d049b34
CLIENT_HANDSHAKE_TRAFFIC_SECRET abe159dafe42c7d3560a64e6d7416578957e6b4eb95142a7fadc6c489d26423b b47acb5da7c3077ece86eff372103a9070489ff0a9c5090289cb04a92985de71
SERVER_TRAFFIC_SECRET_0 abe159dafe42c7d3560a64e6d7416578957e6b4eb95142a7fadc6c489d26423b 470251586b982e73c463552408ecbc1b32676116a45f822a600e8a96504270dd
CLIENT_TRAFFIC_SECRET_0 abe159dafe42c7d3560a64e6d7416578957e6b4eb95142a7fadc6c489d26423b fd03f32dcf1c0c5b6f2104fd8b850fdfc5c23275474dadc7a76df6bc5d9a3ebd
SERVER_HANDSHAKE_TRAFFIC_SECRET 708847ee293945c957a8c2033207bf80ac3f04d61c2fc9a019032d40ba57e48d 9bf40a26cd2e3fe9ca9759c29cdd4b83eb502573d2b1364bb9781ab678f91b8e
CLIENT_HANDSHAKE_TRAFFIC_SECRET 708847ee293945c957a8c2033207bf80ac3f04d61c2fc9a019032d40ba57e48d 1ebf0dbdd1218b55c1fbd1ebb5d76be5cfb952327931b98efcd974fe850a9dc6
SERVER_TRAFFIC_SECRET_0 708847ee293945c957a8c2033207bf80ac3f04d61c2fc9a019032d40ba57e48d cfbfb7cd20d4ba9a6d61320972a9767cbe33ff2d467aa81be0be7d83a0fdf433
CLIENT_TRAFFIC_SECRET_0 708847ee293945c957a8c2033207bf80ac3f04d61c2fc9a019032d40ba57e48d a6c1747cd8ebf72f4cb3245c7e925b119ae31a71790bbf8d2b302603760d99cb
SERVER_HANDSHAKE_TRAFFIC_SECRET 4e10cd5fefdde52fd432742291c203e53178f71b6d30ea222bda049860ac1bf4 c227b22cded5007e876961691cdecbf3764d0477ba46de72c75c2bd40e9cc266
CLIENT_HANDSHAKE_TRAFFIC_SECRET 4e10cd5fefdde52fd432742291c203e53178f71b6d30ea222bda049860ac1bf4 b9ef8bd4151d4d60c3fac51327a9c7c06b28b560fe0cf36aea2eaccf63b674ec
SERVER_TRAFFIC_SECRET_0 4e10cd5fefdde52fd432742291c203e53178f71b6d30ea222bda049860ac1bf4 63d415d0bdb0a19eddc3100321ef6a120f33709153caaa31ecbf0ea28420b686
CLIENT_TRAFFIC_SECRET_0 4e10cd5fefdde52fd432742291c203e53178f71b6d30ea222bda049860ac1bf4 275465068d16cd6d6d98183df5f3f3fdfb3539aed94b96b1e5966abe327e454a
SERVER_HANDSHAKE_TRAFFIC_SECRET 61c985f1b989d586b69de4f19827ca013f7f218425717c6ed37782c2557f7dee e2c4d6097ecc9b546a5d37405f0312dcdb54c117e864182aee18c2f431bbcfd0
CLIENT_HANDSHAKE_TRAFFIC_SECRET 61c985f1b989d586b69de4f19827ca013f7f218425717c6ed37782c2557f7dee 17b2d99e0fd07fa46328e6416f6cefb0a587123c3cf6225afd11d91bd3af60ff
SERVER_TRAFFIC_SECRET_0 61c985f1b989d586b69de4f19827ca013f7f218425717c6ed37782c2557f7dee bb27f744ae0edbfbcc88ccd3e20816aac9b1d545bf0d83a9aef4255b287490b6
CLIENT_TRAFFIC_SECRET_0 61c985f1b989d586b69de4f19827ca013f7f218425717c6ed37782c2557f7dee 356440ad66cded536a13606bda9ccf51868cdbb72e75dd60faddb55d5b4b137f
SERVER_HANDSHAKE_TRAFFIC_SECRET 9a29b2ec0548639b61ace38388346fd52437b7e8478fac97a76321263c7042ef 7ce7c9cd3dc964cb7263f6ae37a6958e04509fb860e0a159b10496a082e377b1
CLIENT_HANDSHAKE_TRAFFIC_SECRET 9a29b2ec0548639b61ace38388346fd52437b7e8478fac97a76321263c7042ef 2b1623bb6ae6b0df4d8cdddd3bd13a4b8c0cc5282d732f0cd6cc7051a21e1eef
SERVER_TRAFFIC_SECRET_0 9a29b2ec0548639b61ace38388346fd52437b7e8478fac97a76321263c7042ef 3f6f684313459445161b016fe4e6e221fb66f43e4fada3a7418346fd27227384
CLIENT_TRAFFIC_SECRET_0 9a29b2ec0548639b61ace38388346fd52437b7e8478fac97a76321263c7042ef 2aaf1403109105b005238d5e30dd77a3665a8222ecfa4603cdee5cb517cbaf99
SERVER_HANDSHAKE_TRAFFIC_SECRET 437b2cd93a8c2df7ef29f3a9a2b5d5cdf3fa981c6f19df055c9b9ea49b4c34ac fa9d821fea2bcc2a449c92f339494c371acbdb95fa92260e467c8bb895f82fd5
CLIENT_HANDSHAKE_TRAFFIC_SECRET 437b2cd93a8c2df7ef29f3a9a2b5d5cdf3fa981c6f19df055c9b9ea49b4c34ac 63a33eab80560831dd4dde706cf1c7b61e690a4e78443812749c33ecc0ab0c7d
SERVER_TRAFFIC_SECRET_0 437b2cd93a8c2df7ef29f3a9a2b5d5cdf3fa981c6f19df055c9b9ea49b4c34ac 588ebdcd19806c20ee283e86c933364070c86125140dea4587aced3d31ccf325
SERVER_HANDSHAKE_TRAFFIC_SECRET de3e78def379b35ebb59167d472532f2c040ffb928efafc93ec7c8239c7fe5a7 9af855191eef8dbc85f270c1f4bb9632089b28452959e0320c5992554a2fb653
CLIENT_HANDSHAKE_TRAFFIC_SECRET de3e78def379b35ebb59167d472532f2c040ffb928efafc93ec7c8239c7fe5a7 38ca361ef5dd5af34ed33424d4b96dd9acc4d46f25a6be41cd63270eefca2f65
SERVER_TRAFFIC_SECRET_0 de3e78def379b35ebb59167d472532f2c040ffb928efafc93ec7c8239c7fe5a7 9a48d71002c767be75bf13bf5702fb86bbed7aca97e662940657dcee217b6e21
SERVER_HANDSHAKE_TRAFFIC_SECRET 6a0d547c41ccc9eb9e55c4a341bdf710d479dcbbc575d676399a75e09225d021 71c8e824e7265e69a9cb1e39ed29698069123ab6366961b44165594941cae6f3
CLIENT_HANDSHAKE_TRAFFIC_SECRET 6a0d547c41ccc9eb9e55c4a341bdf710d479dcbbc575d676399a75e09225d021 cc63a3c65a786635e687a140a515b63fc5cafcbb417fdd452f039fb8a9012f7f
SERVER_TRAFFIC_SECRET_0 6a0d547c41ccc9eb9e55c4a341bdf710d479dcbbc575d676399a75e09225d021 8440c43a0d15e99670f052c587ba4f1dbef98088a35494b65c66277c717f2e2f
CLIENT_TRAFFIC_SECRET_0 6a0d547c41ccc9eb9e55c4a341bdf710d479dcbbc575d676399a75e09225d021 afc95b63ce6fc604b2271a9e389bceb8220486e3f12c158203f0921e2edb1ee7
SERVER_HANDSHAKE_TRAFFIC_SECRET 2b1a0093003cd20ae9cd598fbf92539e670802369bc887baf04844a42b0c1fab 9df14362975f51b95d10b40a9a92ec2b28dc31c5f4c1f83a0f607c0477a0aeca
CLIENT_HANDSHAKE_TRAFFIC_SECRET 2b1a0093003cd20ae9cd598fbf92539e670802369bc887baf04844a42b0c1fab 411d9ccc8f21a2190f91da005a47ea1ab26b9958ceee054495c548462f8b40d9
SERVER_TRAFFIC_SECRET_0 2b1a0093003cd20ae9cd598fbf92539e670802369bc887baf04844a42b0c1fab 8d85571ddaa58f2119d190ed2221f17ea9793c8ce0500f2bcfc4b25b541cf9ea
CLIENT_TRAFFIC_SECRET_0 2b1a0093003cd20ae9cd598fbf92539e670802369bc887baf04844a42b0c1fab 6cdcd11bd5fa68bc328470befc09d3371e35d094a725d73d5032dc45d74569ae
SERVER_HANDSHAKE_TRAFFIC_SECRET 22dd284f842e036837bba6bee8a671e7bb8f3b37c23eb8a3c29fb5a719b7ab41 fb932339269052a1aaf592e77ebe53d1d917f802d97d5e79792e95ed66fe0b0a
CLIENT_HANDSHAKE_TRAFFIC_SECRET 22dd284f842e036837bba6bee8a671e7bb8f3b37c23eb8a3c29fb5a719b7ab41 79cf8ad6da7f9bdeb9d9f87859b037458176fed90439011c5f331385bea2f63f
SERVER_TRAFFIC_SECRET_0 22dd284f842e036837bba6bee8a671e7bb8f3b37c23eb8a3c29fb5a719b7ab41 2c0e44115a9bec322eba4d0b81dfdd82c73755f2c564ff7a50b640e6fe9144c4
CLIENT_TRAFFIC_SECRET_0 22dd284f842e036837bba6bee8a671e7bb8f3b37c23eb8a3c29fb5a719b7ab41 57ad25bf75fdcf539ee133d963b059349b98ec33549187307279bdbb4fa03ff9
SERVER_HANDSHAKE_TRAFFIC_SECRET 7164f579463ae9e0a97ccdb3e13f616529c43c3777889e09913eb856ea367464 f940519aac36b577f06960e1655596dc597632329f1d586c9625c96ea9869b61
CLIENT_HANDSHAKE_TRAFFIC_SECRET 7164f579463ae9e0a97ccdb3e13f616529c43c3777889e09913eb856ea367464 d70d723b408a5172742d53b918ffcb69e0ba576668d82bee0082845e295061e4
SERVER_TRAFFIC_SECRET_0 7164f579463ae9e0a97ccdb3e13f616529c43c3777889e09913eb856ea367464 fb225d6b12a1f43731219b2eb0abac3861403237f359a8d117f16498b728c8e6
CLIENT_TRAFFIC_SECRET_0 7164f579463ae9e0a97ccdb3e13f616529c43c3777889e09913eb856ea367464 8ab6b45a27f3e20048b95e07c811b3d817757a54209e30af2bb4e4244483f503
SERVER_HANDSHAKE_TRAFFIC_SECRET f7d9296b044b69fb40e3ae9f3f22403e7c8d96215ac2fcfa7989102822ba67fe f6765bd2ec2d35d07b1fb67a6ed3ca88f73b4db4cf727986784fe26b1769f84a
CLIENT_HANDSHAKE_TRAFFIC_SECRET f7d9296b044b69fb40e3ae9f3f22403e7c8d96215ac2fcfa7989102822ba67fe 9fc86478c5a1ad87e601deb0938da6959947dd792f187acfb3c77e477b9512b3
SERVER_TRAFFIC_SECRET_0 f7d9296b044b69fb40e3ae9f3f22403e7c8d96215ac2fcfa7989102822ba67fe 84f99979913fb9cbb52ae2c3bb09004992bf5c8817e11210c5404b5b5b412316
CLIENT_TRAFFIC_SECRET_0 f7d9296b044b69fb40e3ae9f3f22403e7c8d96215ac2fcfa7989102822ba67fe 7a01a8f21029823d11e0514b66169a38e1cddfe1bfcf9302c0c2a2bdd58d1f00
SERVER_HANDSHAKE_TRAFFIC_SECRET 62e9b0312e4362f3502bbfbbe6fe1c86fd09e5bd0e84c492a61a60a632c23a88 ae03f89e661dbd2e5b862797fcd4599143403ccfb529ab1e2304c1b386062357
CLIENT_HANDSHAKE_TRAFFIC_SECRET 62e9b0312e4362f3502bbfbbe6fe1c86fd09e5bd0e84c492a61a60a632c23a88 d5d4b892726746556149ab96b29d25d6079b6d3e6026942de71d6ec12459f683
SERVER_TRAFFIC_SECRET_0 62e9b0312e4362f3502bbfbbe6fe1c86fd09e5bd0e84c492a61a60a632c23a88 81a03adae80e8e2f1b46278631d620898f215391c1a2bbbd64504255ca4c2c52
SERVER_HANDSHAKE_TRAFFIC_SECRET 6bc32099e8a50f6baa9442dca5fab9d3a68c0684e907e1dc90f93e5409262418 81c76e56728f693c8e44034e9d8c341100f50c40a5e4323c3fc9b120ac69eb78
CLIENT_HANDSHAKE_TRAFFIC_SECRET 6bc32099e8a50f6baa9442dca5fab9d3a68c0684e907e1dc90f93e5409262418 c088a8418ab10304ea66bfc011f99602f4d15a44025acb92751c4c386c67ae48
SERVER_TRAFFIC_SECRET_0 6bc32099e8a50f6baa9442dca5fab9d3a68c0684e907e1dc90f93e5409262418 18668abbcf2874f9d7a07447394031f0a6954ad5dc30a56349d1e05c4b3c2af5
CLIENT_TRAFFIC_SECRET_0 6bc32099e8a50f6baa9442dca5fab9d3a68c0684e907e1dc90f93e5409262418 1faba3b7fbe479cae5bdd98b64107e33729a9824234e629ec19920e3628421b3
SERVER_HANDSHAKE_TRAFFIC_SECRET 8a011e77696cfe23c01d8610f47c9ced7bad345b6458efda62bb52ac5052686e a74ef6c8e52d11dac0b9b57272824d3b8c2d1dfe761d83153b026342b56a7450
CLIENT_HANDSHAKE_TRAFFIC_SECRET 8a011e77696cfe23c01d8610f47c9ced7bad345b6458efda62bb52ac5052686e 999372c7165b7126ab4245fe5961af7e3d8b55a9c403330943e0fb9adf1d9b66
SERVER_TRAFFIC_SECRET_0 8a011e77696cfe23c01d8610f47c9ced7bad345b6458efda62bb52ac5052686e 5c47995c708a17b8f8a9cf38c83f1dec19bb51fe38cd280a9d5db131877f3546
SERVER_HANDSHAKE_TRAFFIC_SECRET 7623fbce17a215b382308713cb3d8ee3803309be9311c4b280445f064ddad34a 1d073cc3b4d46f3c70eef17c8152ef1e22827c1bf0b27bef7f9aaefa636d8bf7
CLIENT_HANDSHAKE_TRAFFIC_SECRET 7623fbce17a215b382308713cb3d8ee3803309be9311c4b280445f064ddad34a 44bd02fa7436b87542bec5734ee0bb55243526384afac3532b0bc320a8f4ca57
SERVER_TRAFFIC_SECRET_0 7623fbce17a215b382308713cb3d8ee3803309be9311c4b280445f064ddad34a b884c22e462b2a6d6f08b84aa69db6f9f0ed126c445b88be95404880855b1f43
CLIENT_TRAFFIC_SECRET_0 7623fbce17a215b382308713cb3d8ee3803309be9311c4b280445f064ddad34a 199ef1a24d2724f1f37b0a0280225b57ae64d4a7db17fdd76fd45508eb37939f
SERVER_HANDSHAKE_TRAFFIC_SECRET c3f1f22d0cbe8d3d04611caac95b25b5cc71368b9c38b5db2a561298acbaae4f 3dc4480c7822d962ccb0ed53332bdc442b09e2c3a53ef6715d4e129954473dd6
CLIENT_HANDSHAKE_TRAFFIC_SECRET c3f1f22d0cbe8d3d04611caac95b25b5cc71368b9c38b5db2a561298acbaae4f 193a4824b25ef35131790963e3dc90c4781f4e46d008dd703fe0c3284b257e17
SERVER_TRAFFIC_SECRET_0 c3f1f22d0cbe8d3d04611caac95b25b5cc71368b9c38b5db2a561298acbaae4f f4f5d695c8d19c00bf97f86bc3ce9480736074af8d720ebd34dd0df5b1927683
CLIENT_TRAFFIC_SECRET_0 c3f1f22d0cbe8d3d04611caac95b25b5cc71368b9c38b5db2a561298acbaae4f 1c23be548f3b649a8525da31c92296b527a81022fbeb26f1240b85a5e185b564
SERVER_HANDSHAKE_TRAFFIC_SECRET 8f1edbdfc3c00eeec9e2016e8a389898dd2c68613721a62aaa17acf4fc1e4a4a 9b5f260668f902bfa0bc0ccf48f6560bf8fdce5f1345568eb6239ee9fc6952c7
CLIENT_HANDSHAKE_TRAFFIC_SECRET 8f1edbdfc3c00eeec9e2016e8a389898dd2c68613721a62aaa17acf4fc1e4a4a 98e716bc6b9bc900ca7b2285aae59b36ee3a32841d6598f8d517f15a13833cfd
SERVER_TRAFFIC_SECRET_0 8f1edbdfc3c00eeec9e2016e8a389898dd2c68613721a62aaa17acf4fc1e4a4a 82d6a98d46636c9ff4641ec60d8b5df915b9819b1bdc4654f641976c9be62454
SERVER_HANDSHAKE_TRAFFIC_SECRET 2c421015af4b6fd536a916ea00757012df06ee2afa2bcf5c70585b4f362fd3cc 955563c15aca3e4a4b81ef734ef6b4ca74a41c007b0ed7ebee7d8c8deb0aff96
CLIENT_HANDSHAKE_TRAFFIC_SECRET 2c421015af4b6fd536a916ea00757012df06ee2afa2bcf5c70585b4f362fd3cc 4154ac23e949c424a1964e097ac5782daa2a8ea3608c2933ed8476ed1b43eed2
SERVER_TRAFFIC_SECRET_0 2c421015af4b6fd536a916ea00757012df06ee2afa2bcf5c70585b4f362fd3cc 2e3cfc3af2213135a4eb10790d9046f0c3c7f20a48339085bfdca8f8f1dba427
SERVER_HANDSHAKE_TRAFFIC_SECRET d95f0a1210de552092f3d68b62eafdd90fcc28e2cb4425d4564acca9f1a1ec2e 1f93b50b9ef9710db444aed49b564be652c60985e845033d50c8f6b8205a3552
CLIENT_HANDSHAKE_TRAFFIC_SECRET d95f0a1210de552092f3d68b62eafdd90fcc28e2cb4425d4564acca9f1a1ec2e 62b5b7a318bf810b6361a8b684085fd59d4f209251ddbcdae45b81461ccf8e8f
SERVER_TRAFFIC_SECRET_0 d95f0a1210de552092f3d68b62eafdd90fcc28e2cb4425d4564acca9f1a1ec2e 201b9e0b42538a7550b908f217eb874c5dc09381a44c7aa258e440bb40e55ef4
CLIENT_TRAFFIC_SECRET_0 d95f0a1210de552092f3d68b62eafdd90fcc28e2cb4425d4564acca9f1a1ec2e 819c7bfa3bf5ea23bc136487df8b802b5e9b3fc950d96d84386e4aee6fd54064
SERVER_HANDSHAKE_TRAFFIC_SECRET 11d509cd00944d51476cc6a2039516b007f6eae7663e443ba6325997977cbbf1 d433a7b96a0fe7d41063e13f9eeef3f2817020e7539c90f5b0bf9f5b4264b200
CLIENT_HANDSHAKE_TRAFFIC_SECRET 11d509cd00944d51476cc6a2039516b007f6eae7663e443ba6325997977cbbf1 bd943c48da9016aa3e761d55b45a2813424886c5c5aaa6d38321c90583051464
SERVER_TRAFFIC_SECRET_0 11d509cd00944d51476cc6a2039516b007f6eae7663e443ba6325997977cbbf1 e82c5097072da57aac69e5a244cf01c9d8d0811dbf039412c24bc01108d05821
CLIENT_TRAFFIC_SECRET_0 11d509cd00944d51476cc6a2039516b007f6eae7663e443ba6325997977cbbf1 391ef0785ebf01b06507cb851e52b88fb277d329d044b03190166d542a4ab4e2
SERVER_HANDSHAKE_TRAFFIC_SECRET b1c6110a7629ee3f106d34346fb2dce96b895e7d53fd2336249ece3fa572e372 bedff3b64cb567503d512053e5c916ce2a456aefb616a492c66ec6077bc4b832
CLIENT_HANDSHAKE_TRAFFIC_SECRET b1c6110a7629ee3f106d34346fb2dce96b895e7d53fd2336249ece3fa572e372 f2970d69cfb49a9704689902e0fbe843e5b2996d51fd561d6527e82140ef4bfe
SERVER_TRAFFIC_SECRET_0 b1c6110a7629ee3f106d34346fb2dce96b895e7d53fd2336249ece3fa572e372 df69bab3bbe2a27941c30d1bc1dc03bfef4ef3e1ee8f93f8fbf7c6613071b4a0
CLIENT_TRAFFIC_SECRET_0 b1c6110a7629ee3f106d34346fb2dce96b895e7d53fd2336249ece3fa572e372 333386f94ef280336a3cad5ff6190eed9fbc46daacc9240c2cb1dc6661d86418
SERVER_HANDSHAKE_TRAFFIC_SECRET 7d298ba829e3e5ce87538e332c87660c7aefc3e9861009c6bbda4e797e637c17 7631b80dfa8bbc4e64bdfc88610c2d994c568f52e062c41aa80447d3e4522573
CLIENT_HANDSHAKE_TRAFFIC_SECRET 7d298ba829e3e5ce87538e332c87660c7aefc3e9861009c6bbda4e797e637c17 5609c97b665baf9713abd4ab3a53f5482b84bee852cd7fe9a13369ddecdeb390
SERVER_TRAFFIC_SECRET_0 7d298ba829e3e5ce87538e332c87660c7aefc3e9861009c6bbda4e797e637c17 e15a9e1b0140fdbe282302d915a3d95a14e4343b069ca4ba487de75848f9d864
SERVER_HANDSHAKE_TRAFFIC_SECRET 23d31fc71d8bb8679bd362014be4c27376785dffe354cd4fe458737e3c72b5f2 81c39187989500c92826495486ac2921fadfdca133edf573c7a74c01d2fe092f
CLIENT_HANDSHAKE_TRAFFIC_SECRET 23d31fc71d8bb8679bd362014be4c27376785dffe354cd4fe458737e3c72b5f2 4086d669e0c798cb65b70a7c918212ea24f2183ca7f67ebba461310192f2860c
SERVER_TRAFFIC_SECRET_0 23d31fc71d8bb8679bd362014be4c27376785dffe354cd4fe458737e3c72b5f2 9bc59d11bedf2cd707525a6d57958f755ff5f1789f15a8b53e56076637fe5d3c
CLIENT_TRAFFIC_SECRET_0 23d31fc71d8bb8679bd362014be4c27376785dffe354cd4fe458737e3c72b5f2 faab02b3bafd43589116cb911e17c86efbf58e8c986fd38a95fa5d10c83260e4
SERVER_HANDSHAKE_TRAFFIC_SECRET d1f5e286457ed51a1f8f6c651ade662a47e05b763794f33544cdccdeede98069 e7f94aa62ccfad668369ad366485f77e5171441bcc808574ba2c18ad028c38c4
CLIENT_HANDSHAKE_TRAFFIC_SECRET d1f5e286457ed51a1f8f6c651ade662a47e05b763794f33544cdccdeede98069 943d817a38e0d5f79eb1e4ea6bee055f62fcdf88a43f6262fd522d39dda65fde
SERVER_TRAFFIC_SECRET_0 d1f5e286457ed51a1f8f6c651ade662a47e05b763794f33544cdccdeede98069 91212ac0df8a3caa5f884694077832f2511c47a60b0a472c05965f1039de3ed5
CLIENT_TRAFFIC_SECRET_0 d1f5e286457ed51a1f8f6c651ade662a47e05b763794f33544cdccdeede98069 aa7593a66584c1352952f184e9360b60565c4e6c18589e931065c9cccfa4e5e0
SERVER_HANDSHAKE_TRAFFIC_SECRET 54b9f77ab129209df6485e5176cae3a277828562428dadebc9d368d770d16f7c 7df79d45f235ca3b138e46eb5110c04836e358f3f226001c00e6c307632e62dd
CLIENT_HANDSHAKE_TRAFFIC_SECRET 54b9f77ab129209df6485e5176cae3a277828562428dadebc9d368d770d16f7c 298f6456c1f264d7a9c420a9db7e1ae579142751c7d79270b366665a062757ac
SERVER_TRAFFIC_SECRET_0 54b9f77ab129209df6485e5176cae3a277828562428dadebc9d368d770d16f7c 0073f2a275eb13185f309c16ff05188c1c0cb944fa55e220992342ebf474a774
CLIENT_TRAFFIC_SECRET_0 54b9f77ab129209df6485e5176cae3a277828562428dadebc9d368d770d16f7c da0586c8918e4892dfe053e68073244076016c0e271fc0c3b543865fbfc2c4e4
SERVER_HANDSHAKE_TRAFFIC_SECRET 2e6590cb8b95693ea3f4645fbb3ffaa21d3716e2005e0e43ca1de72de84b6f71 d59b3c5a21a9f0172c707d8959107b810ec8435797c1cc68525f33ad83597b19
CLIENT_HANDSHAKE_TRAFFIC_SECRET 2e6590cb8b95693ea3f4645fbb3ffaa21d3716e2005e0e43ca1de72de84b6f71 45f2d8ef272e8d9afd370803ab5681b0e894d366c62536266829095ce57232c6
SERVER_TRAFFIC_SECRET_0 2e6590cb8b95693ea3f4645fbb3ffaa21d3716e2005e0e43ca1de72de84b6f71 a2a184328cf79133743dcd0a3b2dc3440c584ef86079209deca3e4367f6d2223
SERVER_HANDSHAKE_TRAFFIC_SECRET 8ec2d88776aa36a47d9227a5675ea91b44bc9d424bbb8988326c9aaebef080f1 6d8044387a406c70712453baa1fad02190fb92336cf29fccc572c77b2d29c51c
CLIENT_HANDSHAKE_TRAFFIC_SECRET 8ec2d88776aa36a47d9227a5675ea91b44bc9d424bbb8988326c9aaebef080f1 f6eea30d3a24376aea7d822cb39e42d5b0a2376d34e716dcdfb83831696c9912
SERVER_TRAFFIC_SECRET_0 8ec2d88776aa36a47d9227a5675ea91b44bc9d424bbb8988326c9aaebef080f1 f4032881502382de30dafb004aa41c4af75ac2bf9c9ac3ab85fdc5a8bf95e2bc
CLIENT_TRAFFIC_SECRET_0 8ec2d88776aa36a47d9227a5675ea91b44bc9d424bbb8988326c9aaebef080f1 18e8237d62cd39335d1762e592ad3d1c2db0ff0f8d0bdc27a6be5ed0d01cfe5b
SERVER_HANDSHAKE_TRAFFIC_SECRET 9a8051114e6a1cf0d8278e20173e60d25f11baeb34cff9ce6f3d2dd0e6ea689f 7db1e8c080a9014caffb21d37f48b66664c714ad8978c269ae7d70a210a3061d
CLIENT_HANDSHAKE_TRAFFIC_SECRET 9a8051114e6a1cf0d8278e20173e60d25f11baeb34cff9ce6f3d2dd0e6ea689f 05abca9891b51e2b5c48d970317a80098eb413f846b6a942b0cf7bee5fcb8eb7
SERVER_TRAFFIC_SECRET_0 9a8051114e6a1cf0d8278e20173e60d25f11baeb34cff9ce6f3d2dd0e6ea689f 855177ce7eaabc8094835f67a63c6a889ebc11edf4367935cff935dc100650ca
CLIENT_TRAFFIC_SECRET_0 9a8051114e6a1cf0d8278e20173e60d25f11baeb34cff9ce6f3d2dd0e6ea689f acbf0a3e5967d41228b64745bc3db823eb0bb6124d4e9a524a278a4540dea8e5
SERVER_HANDSHAKE_TRAFFIC_SECRET fc09c0fd25b658119ba19f0e0c1ebe2891235195edf24b957baaae185383317f 97c0a327b2997e09c7a5bc959ba84b8b791d3a71726cc1f337cf0d855594021f
CLIENT_HANDSHAKE_TRAFFIC_SECRET fc09c0fd25b658119ba19f0e0c1ebe2891235195edf24b957baaae185383317f c83d8e13121627b3a6260e38c4ade31f72707337cf1051a01ccad66c4de020dd
SERVER_TRAFFIC_SECRET_0 fc09c0fd25b658119ba19f0e0c1ebe2891235195edf24b957baaae185383317f 8bec147f8d8d8a034c09959e118cceb9d5f8072cad6b4d24fabc80c1b3dbe6c4
CLIENT_TRAFFIC_SECRET_0 fc09c0fd25b658119ba19f0e0c1ebe2891235195edf24b957baaae185383317f 240e53dee7c577efc2b00dec48a8e3d8e0018f7bb095212cf8afe591e51b2234
SERVER_HANDSHAKE_TRAFFIC_SECRET a9cd120fbde18046e413818ba4036db02718ad2c8a3f822f611a4111bc3bca9d 58b88e16e15616f55a8d59a6f7a2f0bc9eb9282952c9318a81fb23a7d51cecaf
CLIENT_HANDSHAKE_TRAFFIC_SECRET a9cd120fbde18046e413818ba4036db02718ad2c8a3f822f611a4111bc3bca9d 72d46820815786c6917e333e75cbf541a99267a2b5816cb2283521297eb6197b
SERVER_TRAFFIC_SECRET_0 a9cd120fbde18046e413818ba4036db02718ad2c8a3f822f611a4111bc3bca9d 7195a81400d3d542072da44b4d85e5a644199e81346e3a81c578210bd47d1677
CLIENT_TRAFFIC_SECRET_0 a9cd120fbde18046e413818ba4036db02718ad2c8a3f822f611a4111bc3bca9d 92f3a8fbb82ccc3dee74d5819a493ef7312d24eee4e7a2055dcfa1c91b54cd37
SERVER_HANDSHAKE_TRAFFIC_SECRET 626883a965b7df31064a6fd25f6233c43f0374bfef67f278574577a7ff1eb01d d5f3e88155b735e9fc77654758b3b3a4851f7ff7ce231d1f2cb63c862b57b2ae
CLIENT_HANDSHAKE_TRAFFIC_SECRET 626883a965b7df31064a6fd25f6233c43f0374bfef67f278574577a7ff1eb01d 1a23438bf6a77d9dee567e130a787e329d325444410ff74b147edeb2a27eb38c
SERVER_TRAFFIC_SECRET_0 626883a965b7df31064a6fd25f6233c43f0374bfef67f278574577a7ff1eb01d fd5a416f1f025caed29f846017b285e9380c28435ee61a5b166b4ab494fbe7c0
SERVER_HANDSHAKE_TRAFFIC_SECRET 78acda7013c27f50f2d49ea580e7184c8bbe5c1c5aa15e8f09613303add843c5 7664a158963847fcd017b1a0f7677a18d9bbaa86132ad974bb246cbefc5cc191
CLIENT_HANDSHAKE_TRAFFIC_SECRET 78acda7013c27f50f2d49ea580e7184c8bbe5c1c5aa15e8f09613303add843c5 62b3c19496e11f932f13c353194fe18c1dafbd64c7b21da7dbd0fe69de16e2ef
SERVER_TRAFFIC_SECRET_0 78acda7013c27f50f2d49ea580e7184c8bbe5c1c5aa15e8f09613303add843c5 0004c57905ee3de0374a3f418e6fd76330f96f0ff3cf75e695266ab33ca465df
CLIENT_TRAFFIC_SECRET_0 78acda7013c27f50f2d49ea580e7184c8bbe5c1c5aa15e8f09613303add843c5 7d3dc04e1befc051707664439639870799da26ef68db74e570b91cba9bc9127e
SERVER_HANDSHAKE_TRAFFIC_SECRET 2a44b7f41130445346367609555151c3205f24d1bc6c6af852c153976b087708 053bbcd601de2b723792a6f177af1108e34b5c233e4cb93a706eae10c7d54440
CLIENT_HANDSHAKE_TRAFFIC_SECRET 2a44b7f41130445346367609555151c3205f24d1bc6c6af852c153976b087708 e3afb2a99c75a71a66dee76aae8e541922d5c894c3590319aa12a24854816057
SERVER_TRAFFIC_SECRET_0 2a44b7f41130445346367609555151c3205f24d1bc6c6af852c153976b087708 38f0ad9873977c01ae0b30161d90ef1705bca4f69865c1915e312dc53d3cbc19
CLIENT_TRAFFIC_SECRET_0 2a44b7f41130445346367609555151c3205f24d1bc6c6af852c153976b087708 4a2194a7af0e4e094879f17b2cc1d6de9b11fc67968ce5e25b692d15809f3a33
SERVER_HANDSHAKE_TRAFFIC_SECRET 8145abaca9c1e96f1716bcc64f491802abd14af837a32dfc1269dce5ecf149cf 5d34a253abf25ba84046693c1e226a9fd8055572c6bd960c8b1bb38a32871045
CLIENT_HANDSHAKE_TRAFFIC_SECRET 8145abaca9c1e96f1716bcc64f491802abd14af837a32dfc1269dce5ecf149cf 89b9464a4d5c0ec44dbc80c691e5c565c3a2981680cece9f74713713bd7f1565
SERVER_TRAFFIC_SECRET_0 8145abaca9c1e96f1716bcc64f491802abd14af837a32dfc1269dce5ecf149cf 01f585119b34cb21d3d6e6e0e390b6f2882fd31cd0099db5c118fa99f6b7aa70
CLIENT_TRAFFIC_SECRET_0 8145abaca9c1e96f1716bcc64f491802abd14af837a32dfc1269dce5ecf149cf fcd299f52ab74dbe01a3950dd73935168b9e08f5bb467c13d928555d283d093f
SERVER_HANDSHAKE_TRAFFIC_SECRET e1a10585c14a6be19926c2b4db99e70d955329ac43210a7982cb524fac794a61 e8d895b4e5d047676d6f010f2f3e706450171ee17c7321e1dbad97d8884105b9
CLIENT_HANDSHAKE_TRAFFIC_SECRET e1a10585c14a6be19926c2b4db99e70d955329ac43210a7982cb524fac794a61 c5f4cd3507ef26a73b5ccb394868b3fe4a6d37750192fbbbf220890abcabe666
SERVER_TRAFFIC_SECRET_0 e1a10585c14a6be19926c2b4db99e70d955329ac43210a7982cb524fac794a61 3573cad1e2605e5e35099b32a27a5b4703a3cfe9c9910ac6d6e0caffadfe3a56
CLIENT_TRAFFIC_SECRET_0 e1a10585c14a6be19926c2b4db99e70d955329ac43210a7982cb524fac794a61 6cc29f47e00473ba42d8a9dfc42c89874c26093f3da3509f19828046919deb48
SERVER_HANDSHAKE_TRAFFIC_SECRET cec1416c57a68be0d1cd594925895fd80abea57051e0008aec5163ffc4fe9697 0b30eef5e97bff5da0071395ae265047375c8c9fa52f73f1744343e672c6337f
CLIENT_HANDSHAKE_TRAFFIC_SECRET cec1416c57a68be0d1cd594925895fd80abea57051e0008aec5163ffc4fe9697 2ce9aa59201d46daf908aad7ea404f55d9d3eabd80af813f3fb8aa07b062e14a
SERVER_TRAFFIC_SECRET_0 cec1416c57a68be0d1cd594925895fd80abea57051e0008aec5163ffc4fe9697 4dc63bd4f8d38e0dacaf02a88d556f361d92129d7062ff371fc574679cd4277f
CLIENT_TRAFFIC_SECRET_0 cec1416c57a68be0d1cd594925895fd80abea57051e0008aec5163ffc4fe9697 2c0f8fc89de381eae22de75f1e46e085ff503900e1fcad3810d1a430ac8dc085
SERVER_HANDSHAKE_TRAFFIC_SECRET 35e4bd6013dd7f5d21152cf28911ff9567b70fd00792d7ab8c76eb61c0c4625d 2770367a37f767340f72bc7f93bb8f09b29066dcdfa69984fe97d77aeb79577e
CLIENT_HANDSHAKE_TRAFFIC_SECRET 35e4bd6013dd7f5d21152cf28911ff9567b70fd00792d7ab8c76eb61c0c4625d b118054044e9784573b1579eeadc08af132b7fe7fb592a013ad8d2c2a02facdf
SERVER_TRAFFIC_SECRET_0 35e4bd6013dd7f5d21152cf28911ff9567b70fd00792d7ab8c76eb61c0c4625d fce66965974292c3aa93a86eddcab07fa57d3b51281cb07b6a2ddc2005f8eff5
SERVER_HANDSHAKE_TRAFFIC_SECRET f479c2e22e2abaa35604d78bd342836124a848ae50880d728eb793213f69bfda 16da1f66b68467dc1eff043a766ce7231f8bf6aeaec896d00dbf80ad8d453925
CLIENT_HANDSHAKE_TRAFFIC_SECRET f479c2e22e2abaa35604d78bd342836124a848ae50880d728eb793213f69bfda 30d2d93ec992ddc1b2401d1967dbfd6139fbdbf364fb878302eba9949aa27d5c
SERVER_TRAFFIC_SECRET_0 f479c2e22e2abaa35604d78bd342836124a848ae50880d728eb793213f69bfda 108138a5fe55906538937f118269fcf3b02b2312f40dedfd211b7e6699c56edd
SERVER_HANDSHAKE_TRAFFIC_SECRET 4ae5572d488f39efb51b2c0b4b5c16558c83dba44f6d6bb4a717337ddf6c1278 656fa41668fec3d50993ab269002d0f26bc95e4517371f83e36aa46cdb6b8d0d
CLIENT_HANDSHAKE_TRAFFIC_SECRET 4ae5572d488f39efb51b2c0b4b5c16558c83dba44f6d6bb4a717337ddf6c1278 d38f4bf6ff389ad202f8e43dd2ae728e5d512b647617cccf7c90712f46e30f4b
SERVER_TRAFFIC_SECRET_0 4ae5572d488f39efb51b2c0b4b5c16558c83dba44f6d6bb4a717337ddf6c1278 e5d7b958c5e32d5cffd7886d07530b6615921d8ef23a31e6526152a56e7c98cc
CLIENT_TRAFFIC_SECRET_0 4ae5572d488f39efb51b2c0b4b5c16558c83dba44f6d6bb4a717337ddf6c1278 df1b1ec56ccf037884e564bb5b58f78bdc6a3354835219e45296c533bc3d415e
SERVER_HANDSHAKE_TRAFFIC_SECRET 353e485eb8a25d9b9c0065d29cffa0c3b2e96a922bba63515cb70b525b5eca44 698b9c4824553598b2d4c5f368807a68f22e0f526d00c4079dd345c2321fc74c
CLIENT_HANDSHAKE_TRAFFIC_SECRET 353e485eb8a25d9b9c0065d29cffa0c3b2e96a922bba63515cb70b525b5eca44 21468d3acfb5d951266ab8952818f6032e7065046175d2ea8c94631e118a7da7
SERVER_TRAFFIC_SECRET_0 353e485eb8a25d9b9c0065d29cffa0c3b2e96a922bba63515cb70b525b5eca44 48b22c11baed7dd7d11fb5c84269d21076c64eb3a41292edec28fc1f09f6f4d3
CLIENT_TRAFFIC_SECRET_0 353e485eb8a25d9b9c0065d29cffa0c3b2e96a922bba63515cb70b525b5eca44 a6d1fad0b114789d87665016fd1681a93e8f3a0415cce7ddab9e0bfcd9445dd9
SERVER_HANDSHAKE_TRAFFIC_SECRET 7bb69ee099ba5fc99e72500457f888f6ab391034392763547c2de94b271897e9 39677bad1240b3a2b43a9725ee01b0d37a72696195a495f159dd269e8860d601
CLIENT_HANDSHAKE_TRAFFIC_SECRET 7bb69ee099ba5fc99e72500457f888f6ab391034392763547c2de94b271897e9 1791c37bcea5e5aa48bea36b7443fe2f31d0fa772527ddd8364b5212fbc0e205
SERVER_TRAFFIC_SECRET_0 7bb69ee099ba5fc99e72500457f888f6ab391034392763547c2de94b271897e9 e9dbf2c516f93c3166d77055dcd6d9f4c7b0ed37af6a7751bff701855ee88421
SERVER_HANDSHAKE_TRAFFIC_SECRET 1100e015e94e397872dd6dd85598192f5240d54c67014bf7f31973f148291aef 270036a19eed0369374dd6e1c9e21a2faee19d33d6ee02e342ac7a8cf606a4df
CLIENT_HANDSHAKE_TRAFFIC_SECRET 1100e015e94e397872dd6dd85598192f5240d54c67014bf7f31973f148291aef f8d164ecbc1da881910474fbb5d8ce479fb8c55edde38d016bb6a34026a6673c
SERVER_TRAFFIC_SECRET_0 1100e015e94e397872dd6dd85598192f5240d54c67014bf7f31973f148291aef c8fcea0047f3a992c0e4405c114a5485ee5148c8b5dd352191f5991d711a0b2b
CLIENT_TRAFFIC_SECRET_0 1100e015e94e397872dd6dd85598192f5240d54c67014bf7f31973f148291aef 0fa92c982f2add68f527900d8ba928dcc02531eeebe6007a83760f1980060668
SERVER_HANDSHAKE_TRAFFIC_SECRET c6de0c7bab770c16482c2c4e6f8dfb7636937a731a671e5b494f39180e8eee79 6c6c1281a2a8d0106e87b3093f1dfc6925858f3b1bc18ffcb3030a93492c33de
CLIENT_HANDSHAKE_TRAFFIC_SECRET c6de0c7bab770c16482c2c4e6f8dfb7636937a731a671e5b494f39180e8eee79 b66dccee97dc0ad8bb372f08cdd26a97c0f51aad8660b1e0c05260c3379c8a88
SERVER_TRAFFIC_SECRET_0 c6de0c7bab770c16482c2c4e6f8dfb7636937a731a671e5b494f39180e8eee79 1340db619e43dd4a9bec9b0b988f88e960202c210f8d77fd04218f981e83714f
CLIENT_TRAFFIC_SECRET_0 c6de0c7bab770c16482c2c4e6f8dfb7636937a731a671e5b494f39180e8eee79 2ba7cfff18306ea255b2b876c6c420fd4657530e6b6331ab603a547fc22af071
SERVER_HANDSHAKE_TRAFFIC_SECRET 3f902f38c813779903c53c0893c6765ad2d1a15c157fc5aae8fd577826dfabdd b1fd4c246aae79683100eac7e52045391292ba43d3d180ae8e844fc7eed8b84c
CLIENT_HANDSHAKE_TRAFFIC_SECRET 3f902f38c813779903c53c0893c6765ad2d1a15c157fc5aae8fd577826dfabdd 3c0970705c99fb297a8c4788a99c30162b868ec9c6885916afc732625854bbc0
SERVER_TRAFFIC_SECRET_0 3f902f38c813779903c53c0893c6765ad2d1a15c157fc5aae8fd577826dfabdd 06a36c2796e988b81be33a4897e34f93f21fe48ca4f4009d21c265b217740ceb
CLIENT_TRAFFIC_SECRET_0 3f902f38c813779903c53c0893c6765ad2d1a15c157fc5aae8fd577826dfabdd de9944d088a9075abde6496b4f999da1d97f329fcb7eab9d53405fd5e291415e
SERVER_HANDSHAKE_TRAFFIC_SECRET 6d2b6ded88e2e250eecf91dc7e0529a7211fc24eceb30cbb7d13fbff81dd15dd deff2caa4fcd2bb588cc56862d15e1bea886230b0f0ae65b4d613dfa958f6846
CLIENT_HANDSHAKE_TRAFFIC_SECRET 6d2b6ded88e2e250eecf91dc7e0529a7211fc24eceb30cbb7d13fbff81dd15dd b9d193851f8a279a9e4f2fc5d50b11b8946fbc6d32b6107bd2ebfc1dff581c5d
SERVER_TRAFFIC_SECRET_0 6d2b6ded88e2e250eecf91dc7e0529a7211fc24eceb30cbb7d13fbff81dd15dd 62277bb852517912397050e472b8258815c0dfcfbaa6203b5c4097c495dc3d21
CLIENT_TRAFFIC_SECRET_0 6d2b6ded88e2e250eecf91dc7e0529a7211fc24eceb30cbb7d13fbff81dd15dd 589a96a04b5f24ac9dff02dfadedbf507629b37ada1e663c3dddca8c7e39f8a0
SERVER_HANDSHAKE_TRAFFIC_SECRET f9b4a625fe3cf2b90f1a65dd78771e5aca9bb6b39833372f95f3b93646461aa4 d02100aa306995ed9b9ab6580d7f72a7ab9171b8dece485645138cfb70f53b64
CLIENT_HANDSHAKE_TRAFFIC_SECRET f9b4a625fe3cf2b90f1a65dd78771e5aca9bb6b39833372f95f3b93646461aa4 010617f6a16195f90d41a11d4d03337690a8a2bbe683e9b232ee37612f2ad997
SERVER_TRAFFIC_SECRET_0 f9b4a625fe3cf2b90f1a65dd78771e5aca9bb6b39833372f95f3b93646461aa4 5d01a753ed4a1d71c952de9a858f0122ab8bd34596fe3582c76a526166258015
SERVER_HANDSHAKE_TRAFFIC_SECRET 9016e6e8c9e0fa46c691adad70c29f3f370f9ad6433af5260d6cf9f9207e2144 58de4d387a01aea64c5b92046f89db8642dfc7f14d030ab55a87465be4f524ed
CLIENT_HANDSHAKE_TRAFFIC_SECRET 9016e6e8c9e0fa46c691adad70c29f3f370f9ad6433af5260d6cf9f9207e2144 bc9893dc6dcebecf5cdd1f8110de728d25d723f77fdf4ba83ed63bf00773b8f1
SERVER_TRAFFIC_SECRET_0 9016e6e8c9e0fa46c691adad70c29f3f370f9ad6433af5260d6cf9f9207e2144 5551484c7d6f8a5cbdd2becb485cbe17dfa88c1d21495246268df789af5bc079
CLIENT_TRAFFIC_SECRET_0 9016e6e8c9e0fa46c691adad70c29f3f370f9ad6433af5260d6cf9f9207e2144 0a152f0ce649d3931d3e324d4217d92ee44dedbc5f0a4236ba0e1e9399b5ef5f
SERVER_HANDSHAKE_TRAFFIC_SECRET 891064db2b9c4628231c666549897f891256b8851b7215e8a46caa085ce73e50 74c586728d6f2ca54db0f844c4107965773015da3d86d97006b06c43df02656d
CLIENT_HANDSHAKE_TRAFFIC_SECRET 891064db2b9c4628231c666549897f891256b8851b7215e8a46caa085ce73e50 9c08ae65cb5b2c9c8479e12c9a0ce407c9b5052b642a25179c32c7ca3de3938e
SERVER_TRAFFIC_SECRET_0 891064db2b9c4628231c666549897f891256b8851b7215e8a46caa085ce73e50 7bfbec9bfb9131b4c51be16be4e4e592c0ea1e1e41e4a3a6ac8dcc0daa55eb63
SERVER_HANDSHAKE_TRAFFIC_SECRET abf7f16153b581a33afc9ea0649b6a5b605cb9a3322e1df488c409b3e8e588b1 6b9c83719ce2dea18a98b2b07b5b512a4c516d9c688ebc4e4e80224c9742ca37
CLIENT_HANDSHAKE_TRAFFIC_SECRET abf7f16153b581a33afc9ea0649b6a5b605cb9a3322e1df488c409b3e8e588b1 30248fa3475aa3adf6b14e46e7d45a463e482c954de88aab6e9c23a2bb794b9c
SERVER_TRAFFIC_SECRET_0 abf7f16153b581a33afc9ea0649b6a5b605cb9a3322e1df488c409b3e8e588b1 29f3f03ae50ed6fe6af2fceb3b86cf18da69a4757b9840232d91e434dd5e8acb
CLIENT_TRAFFIC_SECRET_0 abf7f16153b581a33afc9ea0649b6a5b605cb9a3322e1df488c409b3e8e588b1 680d0a9ae6f383f86ef4a84eec5d1117f429e9eda2ce46844bd03cf8bb13ee37
SERVER_HANDSHAKE_TRAFFIC_SECRET 8209e2a4c7e1d0bcc62e827e8d0672cdbd022ef4ee389566b1dd8bb2c5b273a9 504f90a026a66da9f46e670923352b4876ca1ce6a43cfaad13dee282b3408f4e
CLIENT_HANDSHAKE_TRAFFIC_SECRET 8209e2a4c7e1d0bcc62e827e8d0672cdbd022ef4ee389566b1dd8bb2c5b273a9 193c869acbcf0e8d8ce5ed6ee2edfb9266a39fae3ab418b3c627cba8eaa08de7
SERVER_TRAFFIC_SECRET_0 8209e2a4c7e1d0bcc62e827e8d0672cdbd022ef4ee389566b1dd8bb2c5b273a9 95bfdd4be5a5b17ac97a826ee8613bae1973268c832a6593d06d14efc14f2bad
SERVER_HANDSHAKE_TRAFFIC_SECRET 5795bfbeebf9a5f1e989451f67c23c712b6a2a0b9a3f4d90dd6f30743f3b3211 95bb931f40e684695c488fa1545d97749478e3b4391fc916b36e0374438ab928
CLIENT_HANDSHAKE_TRAFFIC_SECRET 5795bfbeebf9a5f1e989451f67c23c712b6a2a0b9a3f4d90dd6f30743f3b3211 97d8c23d1c4afa85d706d302b8e01181cd43567b9fbced25f69e2b5c2d55c60b
SERVER_TRAFFIC_SECRET_0 5795bfbeebf9a5f1e989451f67c23c712b6a2a0b9a3f4d90dd6f30743f3b3211 348d2658da282597bd6449de8a119281d58751a2212f6562765789b3fc28c511
CLIENT_TRAFFIC_SECRET_0 5795bfbeebf9a5f1e989451f67c23c712b6a2a0b9a3f4d90dd6f30743f3b3211 97c96f72d84c41147c4849c2e861a9549cc0b0c30d809f016b68d4eb2fb73bb7
SERVER_HANDSHAKE_TRAFFIC_SECRET c023450b3b673f976422171f60889ca3665348a779edad00977da31f9fe46016 1fdf72c7dac8ff5ef68ea5828f0219bfcd5b6072dab5bf639b03c741fcae9f0e
CLIENT_HANDSHAKE_TRAFFIC_SECRET c023450b3b673f976422171f60889ca3665348a779edad00977da31f9fe46016 2fb4698187723d6abdbf26352f99859f36920729eec5b2fe5d343e4733d2a5cc
SERVER_TRAFFIC_SECRET_0 c023450b3b673f976422171f60889ca3665348a779edad00977da31f9fe46016 c8d4739382e7504a354b1fbe6befcd9c2354b9c0c590f1f4c5093f8f008adbc3
CLIENT_TRAFFIC_SECRET_0 c023450b3b673f976422171f60889ca3665348a779edad00977da31f9fe46016 43c9e0e280ed73573ae6f59ee775dbc905d7de1430f6209422091ba9888d7224
SERVER_HANDSHAKE_TRAFFIC_SECRET a253a7657fe189466f658e4747a651693291039902d741f6a13109e898043411 05f3c6fa7cbde75ad429c96b4168ba5f3be098118878db43f2786f4ed2a805e2
CLIENT_HANDSHAKE_TRAFFIC_SECRET a253a7657fe189466f658e4747a651693291039902d741f6a13109e898043411 4dccf50bf84b2ddf756f04e63c44a97b8b3f469b3637d724b62f299de3e20fd1
SERVER_TRAFFIC_SECRET_0 a253a7657fe189466f658e4747a651693291039902d741f6a13109e898043411 0893660261ce8bcea6829bc2da989a3c6bcc7d545a2fbf5e7128bd9c6385f882
SERVER_HANDSHAKE_TRAFFIC_SECRET 5491089be2fcebf8069be91794df1bfc429f0cab7397738d4bf9b7f938bdad77 3322ac1ac95abc4c20985c97807aa9546b8bdd3542b2273d74b9b09a0315f09a
CLIENT_HANDSHAKE_TRAFFIC_SECRET 5491089be2fcebf8069be91794df1bfc429f0cab7397738d4bf9b7f938bdad77 a2fa19e6f5b36e8319fd18ef151b2c750ccac5b33fb2f4123f681e8e79e98a70
SERVER_TRAFFIC_SECRET_0 5491089be2fcebf8069be91794df1bfc429f0cab7397738d4bf9b7f938bdad77 19b1a54c6785c80113bc8034dd99a1580386f63cec4f33ce2dc11305e9f03828
CLIENT_TRAFFIC_SECRET_0 5491089be2fcebf8069be91794df1bfc429f0cab7397738d4bf9b7f938bdad77 d08bf04ae830e247d8349a4e7e9e9601073f1157518bb71fd1b952c781c46129
SERVER_HANDSHAKE_TRAFFIC_SECRET 5187461a4cbe373d7c4543857d90ce153fdc88e9d7284680e7144fc1fd6cb39c 78ba16b3a6efb2a58a241a504921bacdcc6e23429d8b0ebcdcbf6661ae0884ff
CLIENT_HANDSHAKE_TRAFFIC_SECRET 5187461a4cbe373d7c4543857d90ce153fdc88e9d7284680e7144fc1fd6cb39c 74db38221b73e9f1852fbc9be0a5b15a0c436cffc42008effef7b0b3a5c0a314
SERVER_TRAFFIC_SECRET_0 5187461a4cbe373d7c4543857d90ce153fdc88e9d7284680e7144fc1fd6cb39c e5fa4f839e3c0b1f180d292c7259f7d0425b31b4d7f61e20d5bbaae97813d906
CLIENT_TRAFFIC_SECRET_0 5187461a4cbe373d7c4543857d90ce153fdc88e9d7284680e7144fc1fd6cb39c 12b307875c3834427bfae0b9d1c40a60cddb89731f3ef570fb3c3d3aad553d1a
SERVER_HANDSHAKE_TRAFFIC_SECRET 9e978d18f300d08e7f31f4b011c5ff4802722e1d258248627dd63d010b02077f e8b24896bee4f78cfe893c515f677102191b3e1a0177d9859b57e365f010ed64
CLIENT_HANDSHAKE_TRAFFIC_SECRET 9e978d18f300d08e7f31f4b011c5ff4802722e1d258248627dd63d010b02077f 0cb8d7a2e3e4bc5fd7939bbb1a8ae746c1a413e896917c1391c2f1b7a161df80
SERVER_TRAFFIC_SECRET_0 9e978d18f300d08e7f31f4b011c5ff4802722e1d258248627dd63d010b02077f 89a58bd3d1551e180962d4559f04fb41b01952c1f7389930732e8f578b0fb40e
CLIENT_TRAFFIC_SECRET_0 9e978d18f300d08e7f31f4b011c5ff4802722e1d258248627dd63d010b02077f fff4e50f4422e31d5a2f4589324f0c30228ad4c0238edafc484d47edb207bb8f
SERVER_HANDSHAKE_TRAFFIC_SECRET 413f361dba64ca38cf8d51d3ee5dbb692a9e78650f9063dc1db5e2d77e2be2aa 51602b72e22fc381492d3b0ab4936167b8976b65a7f642902dacae8ac3db66bb
CLIENT_HANDSHAKE_TRAFFIC_SECRET 413f361dba64ca38cf8d51d3ee5dbb692a9e78650f9063dc1db5e2d77e2be2aa 4cd46363799a2a54f76148aa6fad8a935a0b206cbed517f1effb54a4cfb96b48
SERVER_TRAFFIC_SECRET_0 413f361dba64ca38cf8d51d3ee5dbb692a9e78650f9063dc1db5e2d77e2be2aa c53abe27bcdffa3581dda737f7d12d1198c5efe43d637e0f2ea2ce87f78f82f4
CLIENT_TRAFFIC_SECRET_0 413f361dba64ca38cf8d51d3ee5dbb692a9e78650f9063dc1db5e2d77e2be2aa c0d175633cd01de9be59485399a2bf9dd6e6716379d2f59eff03ee8a473c83d4
SERVER_HANDSHAKE_TRAFFIC_SECRET d211ef1344ab9baac8aafdc112d164ff697d354d9e0787704179db4511439785 bae7a6f61c7e7849ce4e78f06246b72ebfdb40cd5b8e233208be49c56ffe269d
CLIENT_HANDSHAKE_TRAFFIC_SECRET d211ef1344ab9baac8aafdc112d164ff697d354d9e0787704179db4511439785 81475ccca8c6a9dcca2a791d89ab0057b699a457aca1f7bdcb0005ca7f9b225c
SERVER_TRAFFIC_SECRET_0 d211ef1344ab9baac8aafdc112d164ff697d354d9e0787704179db4511439785 4a94210c0a1eb26ca5d0148fbe869364b7be3d4728c947272695abec1bcf1c69
CLIENT_TRAFFIC_SECRET_0 d211ef1344ab9baac8aafdc112d164ff697d354d9e0787704179db4511439785 80d619b5d68689d649742d3bcdc34fe75a64bfe5e78cc9663e19c13d32f4b42c
SERVER_HANDSHAKE_TRAFFIC_SECRET 5bbbbc0795b6cfe64ca231a22f6b77d139594cf33e7726adf23f195f276a7c0a 69a9bda0b5d620cbdc52e9992e72647eb4bf824839e367c9f471ed8c4fc562d9
CLIENT_HANDSHAKE_TRAFFIC_SECRET 5bbbbc0795b6cfe64ca231a22f6b77d139594cf33e7726adf23f195f276a7c0a 428562a44f74d158e401d4668a6e7b48dadabe899daec25d4df2b3a961589354
SERVER_TRAFFIC_SECRET_0 5bbbbc0795b6cfe64ca231a22f6b77d139594cf33e7726adf23f195f276a7c0a 9de1634a04478bce2bfdb2ecd257ad999d2591ea5fc06bd837f8fe4cc5fd0e78
SERVER_HANDSHAKE_TRAFFIC_SECRET 604c0b5b577caedaa96e0c417642831893ae3b2a95053c1552190532a9158030 e02c742f3f7a2fe9d4667db7ce7511a8768e83e24414f3a7688f1597d15f7c7e
CLIENT_HANDSHAKE_TRAFFIC_SECRET 604c0b5b577caedaa96e0c417642831893ae3b2a95053c1552190532a9158030 94e608002466e33682bd62135912eb50920696fbd5d364529fb356ddb0c86171
SERVER_TRAFFIC_SECRET_0 604c0b5b577caedaa96e0c417642831893ae3b2a95053c1552190532a9158030 29110d6c9d2bcbbce0b022884d49ac98d9a01c2933e12aa0299f7ab346c60216
CLIENT_TRAFFIC_SECRET_0 604c0b5b577caedaa96e0c417642831893ae3b2a95053c1552190532a9158030 02539479aada280e6a08a55a7077ce8a6646e520515b858e919cc59707891786
SERVER_HANDSHAKE_TRAFFIC_SECRET 4240489131a601359436ca1e5ea5827af149ec24dbed30f34c1b5420fe1a0620 d1a92d7f0eb0f7b2deaa98479cae23519acdfef509f4827476e5df8be6273245
CLIENT_HANDSHAKE_TRAFFIC_SECRET 4240489131a601359436ca1e5ea5827af149ec24dbed30f34c1b5420fe1a0620 c045b10ee671644e1c86c01adf7d2d2343d9875a9043d2f70a33c86d86c08a05
SERVER_TRAFFIC_SECRET_0 4240489131a601359436ca1e5ea5827af149ec24dbed30f34c1b5420fe1a0620 1cb0de9547006eda5bcec3f7e70499cfbe1a92003ec8613dee128bddd7fa89ff
CLIENT_TRAFFIC_SECRET_0 4240489131a601359436ca1e5ea5827af149ec24dbed30f34c1b5420fe1a0620 2d919084c8ead6c9b02292f63a0f6f51002e80e80243401fb1291732029666dc
SERVER_HANDSHAKE_TRAFFIC_SECRET 745635a4603fa5862bac6a4187ec7632374a91435bdaf8e61e26a8275b9204e1 3205512ffd589fea911ffed1df0400fb4dcabd1ad468bb3164131185e8b43253
CLIENT_HANDSHAKE_TRAFFIC_SECRET 745635a4603fa5862bac6a4187ec7632374a91435bdaf8e61e26a8275b9204e1 ab3267918326a350794071fc968321739016e5200d3d6ab0afc2f8811589079d
SERVER_TRAFFIC_SECRET_0 745635a4603fa5862bac6a4187ec7632374a91435bdaf8e61e26a8275b9204e1 13dab4b98b2d1eb3e847ad81112d68efb3a9ab3e478a8476d858da5bdb34439f
CLIENT_TRAFFIC_SECRET_0 745635a4603fa5862bac6a4187ec7632374a91435bdaf8e61e26a8275b9204e1 19779e47ff1a9a57c5cb18f83af50ebe9c71961250b660a3e8f1ae9e2d29d791
SERVER_HANDSHAKE_TRAFFIC_SECRET 07478c32ca90e84687b8687589bf4d1867c3f3042a3fdb728e60be0eb76d00b3 c1484998f970d06df45ffcf6ed7baecad8f3632b62f44762f6e68d2161460965
CLIENT_HANDSHAKE_TRAFFIC_SECRET 07478c32ca90e84687b8687589bf4d1867c3f3042a3fdb728e60be0eb76d00b3 4c10ae9e4a03ba4d8d66ea79de004d26e03309cec387862dc83b05d0e8a2eb72
SERVER_TRAFFIC_SECRET_0 07478c32ca90e84687b8687589bf4d1867c3f3042a3fdb728e60be0eb76d00b3 d03811707f169c70a47d0472c462a7f71c4b16fd21d1d45d888858310fcb87a8
CLIENT_TRAFFIC_SECRET_0 07478c32ca90e84687b8687589bf4d1867c3f3042a3fdb728e60be0eb76d00b3 f228766613d305ae1482585a9a5dcb9940d49bfefcc93067ecf04331c1e0212e
SERVER_HANDSHAKE_TRAFFIC_SECRET 463076707674ccdac85a1d300291ac698c4357ab293f7463abf455ff1b73283f 453f7ece5fcd75ae4162558a7f061229d6146a5b0850dc0075ccbef56240bcb5
CLIENT_HANDSHAKE_TRAFFIC_SECRET 463076707674ccdac85a1d300291ac698c4357ab293f7463abf455ff1b73283f f8d7a01a036a268aa06c3893f731a6f175be53cf4be29adb56186a6d4001c8e0
SERVER_TRAFFIC_SECRET_0 463076707674ccdac85a1d300291ac698c4357ab293f7463abf455ff1b73283f f6ec7e625679f8158b215a5344cf36fd0da27c4affa14b1d192b853039a59986
CLIENT_TRAFFIC_SECRET_0 463076707674ccdac85a1d300291ac698c4357ab293f7463abf455ff1b73283f 24bb6e2fc2106f5136adc0c5f733e2b56374c6bea4fec06bce46c6e7577727a9
SERVER_HANDSHAKE_TRAFFIC_SECRET db2e5262e22f2a2754ee26f8662e13ec92d20387b863c924ca42a79413403f5b ac0224fb349362b382a5dc3c9be917fbd9d17bb08aa3fbc0c91bf571c3f4eae3
CLIENT_HANDSHAKE_TRAFFIC_SECRET db2e5262e22f2a2754ee26f8662e13ec92d20387b863c924ca42a79413403f5b 9c3005843069eacbbd58e7fabbeac2d029c43a5827c7166a4e1addffe5578769
SERVER_TRAFFIC_SECRET_0 db2e5262e22f2a2754ee26f8662e13ec92d20387b863c924ca42a79413403f5b 6f23dbfc48e6e49c35cf6566121166a1c86d46235f9347666645f182dfee521f
CLIENT_TRAFFIC_SECRET_0 db2e5262e22f2a2754ee26f8662e13ec92d20387b863c924ca42a79413403f5b 1290d0eeca07285f46d936908c89fe68b80212e4ee8c09cf2e2c4d9b244c3d53
SERVER_HANDSHAKE_TRAFFIC_SECRET d33b11e9d5bc315751116201967b08039cbd25fe354d4a8350e6687af4e5d90b e56e025c5c5539c426ae30f5f6bd4b8cb773310860a9d1b9d7c18168b8270f0b
CLIENT_HANDSHAKE_TRAFFIC_SECRET d33b11e9d5bc315751116201967b08039cbd25fe354d4a8350e6687af4e5d90b 324fefc978847676c0d0496eaf94e3b4408179a7714e80acf95795b3b11ce853
SERVER_TRAFFIC_SECRET_0 d33b11e9d5bc315751116201967b08039cbd25fe354d4a8350e6687af4e5d90b 5947abe8fc25a222890bc5752a2e2c87171f362f7f7802dc3d22e8d4398f75a3
CLIENT_TRAFFIC_SECRET_0 d33b11e9d5bc315751116201967b08039cbd25fe354d4a8350e6687af4e5d90b 1bf6691f6d632110d63107ef44bbd307baa368c038147afbf42172e8acffe4cc
SERVER_HANDSHAKE_TRAFFIC_SECRET 4236c835277ca4536cfc802bbf97f6f1aa35cbcc5cdba9fc602c5db0a49a5492 ebf5fd3bab171bad53b00548b5e4d97523f3c53d4acb35de067dc3b6f7ce4387
CLIENT_HANDSHAKE_TRAFFIC_SECRET 4236c835277ca4536cfc802bbf97f6f1aa35cbcc5cdba9fc602c5db0a49a5492 78787f50c6866fe9169883551f78443afd8d7c56d5d767b56c1fb3da9c386176
SERVER_TRAFFIC_SECRET_0 4236c835277ca4536cfc802bbf97f6f1aa35cbcc5cdba9fc602c5db0a49a5492 19247b1c17433e2d83f103508a28d0a9014ae3f9bc8180f74d8c6ea752e8f316
CLIENT_TRAFFIC_SECRET_0 4236c835277ca4536cfc802bbf97f6f1aa35cbcc5cdba9fc602c5db0a49a5492 f614e811a1793224c3dd0aae5b8c059b9a86c10ec57cefb39a6cc54a1b6d1a78
SERVER_HANDSHAKE_TRAFFIC_SECRET 1902fb24dfd080e8a9c2d3fac0bc55ea979473c2f1f6a4a8b2a90e756630263e d2c0ec93711f0f5b9747b05ff7c1af7993f221e62f4ba7979790fca338e5893f
CLIENT_HANDSHAKE_TRAFFIC_SECRET 1902fb24dfd080e8a9c2d3fac0bc55ea979473c2f1f6a4a8b2a90e756630263e bacae5095a2b4082682526cb0ed06e97d041c6e552cf8a3ada8ad0f72dc8b08f
SERVER_TRAFFIC_SECRET_0 1902fb24dfd080e8a9c2d3fac0bc55ea979473c2f1f6a4a8b2a90e756630263e 92fd9d96359c42157927100570cdd8d2844578a8a4715280e3b04af0c4605ea4
CLIENT_TRAFFIC_SECRET_0 1902fb24dfd080e8a9c2d3fac0bc55ea979473c2f1f6a4a8b2a90e756630263e 7c16a4614ea01e4a33f3ffe5f412765e680a59f0f2e40a65532dc3c0f7399900
SERVER_HANDSHAKE_TRAFFIC_SECRET 8c24217cb0439954799ad6fdf4971d09177bd4feaf33910dc5a0842cf5b70c33 ee933e3a50222bfd089173041e1dff0d9288938ea9ec64f6390749d52cda4116
CLIENT_HANDSHAKE_TRAFFIC_SECRET 8c24217cb0439954799ad6fdf4971d09177bd4feaf33910dc5a0842cf5b70c33 e78a8f214417ee8c3541b2b1198b436ec5987ab7aa7b55e38b42b457accfec29
SERVER_TRAFFIC_SECRET_0 8c24217cb0439954799ad6fdf4971d09177bd4feaf33910dc5a0842cf5b70c33 5bda635919fd8902ce6a6e7730df78c969bc3ca78605097a2a47d5fc0d974732
CLIENT_TRAFFIC_SECRET_0 8c24217cb0439954799ad6fdf4971d09177bd4feaf33910dc5a0842cf5b70c33 30b7c1b5ee8377abe7702c49e60cecd4f210cee07bfc74f68aaf147de9333039
SERVER_HANDSHAKE_TRAFFIC_SECRET 8211fa99c0c90463fb8cbf998bb1c003dc6540b9802b1118c0acfd26940a5de4 25363b7efb788413e3bf7ad4bade14775ccafde40bb746eb92e986af46a1ccd0
CLIENT_HANDSHAKE_TRAFFIC_SECRET 8211fa99c0c90463fb8cbf998bb1c003dc6540b9802b1118c0acfd26940a5de4 2f638c57f0811f11f1ac98ad590463c4ad4b2f7dbd6cde5129fdf69c27a4b2da
SERVER_TRAFFIC_SECRET_0 8211fa99c0c90463fb8cbf998bb1c003dc6540b9802b1118c0acfd26940a5de4 a2c9a4a6504ef119ddcbf2a772df9d62613532b92fc8bc93167185b81e4dd1c0
CLIENT_TRAFFIC_SECRET_0 8211fa99c0c90463fb8cbf998bb1c003dc6540b9802b1118c0acfd26940a5de4 7eb0f7fd951aab6f945507cc6145324222de560db749af17989e11de3284e9d8
SERVER_HANDSHAKE_TRAFFIC_SECRET 6a3a68536848822733c1b206db60e9753094dfde6a0542c7d503e2c51b8c3f92 725deb863a55254fff61778f338d4ea08ebc4f9c6276d302fc274d09df0bf730
CLIENT_HANDSHAKE_TRAFFIC_SECRET 6a3a68536848822733c1b206db60e9753094dfde6a0542c7d503e2c51b8c3f92 1a04dfb37498bcc7400155924bcace6aa5ac648601d97ef3d83b7691142a3b7c
SERVER_TRAFFIC_SECRET_0 6a3a68536848822733c1b206db60e9753094dfde6a0542c7d503e2c51b8c3f92 93949ca4a49a224cf94c25b1add6e2b4e8e48defb5239cff7f927f0fffa0b5e2
CLIENT_TRAFFIC_SECRET_0 6a3a68536848822733c1b206db60e9753094dfde6a0542c7d503e2c51b8c3f92 36ba50f7549f18818092c9e473b3e2a69e18e51c30120f0b64e9f1a8ebdcc21f
SERVER_HANDSHAKE_TRAFFIC_SECRET f68164c79f89f9cde863ca98f89524c225b7d00f676e629647fdbfc1d9f44843 0763449cc5dd11ac5a016713e4683fe3c49c538ab5edb9b62ff09a9e62889366
CLIENT_HANDSHAKE_TRAFFIC_SECRET f68164c79f89f9cde863ca98f89524c225b7d00f676e629647fdbfc1d9f44843 3cdfac286f90ed8e0c59a6e40970b66309150f471d6adb87509e160a183e6c90
SERVER_TRAFFIC_SECRET_0 f68164c79f89f9cde863ca98f89524c225b7d00f676e629647fdbfc1d9f44843 591b878bd7d7953532c7d3aae19c0bf62fba958843d07d6e923eeabcf2036225
CLIENT_TRAFFIC_SECRET_0 f68164c79f89f9cde863ca98f89524c225b7d00f676e629647fdbfc1d9f44843 b087a055170ef6db4081f0fe2310bbb7b8a079ae1e4e9cb8278faf9a63081353
SERVER_HANDSHAKE_TRAFFIC_SECRET 7a908e1ca2a0524ef5f7048aed6db51e9e659e8a48c4e3ed7400697ab9e60cc0 60ce0cf53c9c430c68b15559e5a00cce6cdaf0ce9f72ea2f2314898b8dd08b48
CLIENT_HANDSHAKE_TRAFFIC_SECRET 7a908e1ca2a0524ef5f7048aed6db51e9e659e8a48c4e3ed7400697ab9e60cc0 a708b4bf7653c7072664fb686ff4a04497170f87a80c1fe91bd328e354c2a7d5
SERVER_TRAFFIC_SECRET_0 7a908e1ca2a0524ef5f7048aed6db51e9e659e8a48c4e3ed7400697ab9e60cc0 7c3bf052fe8cbec25f0259821484dfa3158b25068b8fcd12b7b578843067bfca
CLIENT_TRAFFIC_SECRET_0 7a908e1ca2a0524ef5f7048aed6db51e9e659e8a48c4e3ed7400697ab9e60cc0 b55867e0519d1c77671249cad9a2202663d2d1c43619746758371932602ce70b
SERVER_HANDSHAKE_TRAFFIC_SECRET fe08006fdc3c57fd4cee155353d52a8a3a71eb0a9f6a13c7f1d7d6de264ba920 44389be523d08ad112887d4e95331f74755593d1723a0aed40a82d2ec6bb6407
CLIENT_HANDSHAKE_TRAFFIC_SECRET fe08006fdc3c57fd4cee155353d52a8a3a71eb0a9f6a13c7f1d7d6de264ba920 b4f8a0fd48482e70bd4362e3119d47b9fff8c2ef5b511cd6ae8d48cd6ad09442
SERVER_TRAFFIC_SECRET_0 fe08006fdc3c57fd4cee155353d52a8a3a71eb0a9f6a13c7f1d7d6de264ba920 0d6af147c375d20b0a598b67571e791391e8fd4ffd70594af9d35378b715abf8
CLIENT_TRAFFIC_SECRET_0 fe08006fdc3c57fd4cee155353d52a8a3a71eb0a9f6a13c7f1d7d6de264ba920 2939605b8642d840da0182f80dff206fd0971f98a2e1253951ae75ab9a7d0a2c
SERVER_HANDSHAKE_TRAFFIC_SECRET a53498da46edfe8b801a180c72794c4733a7843b9ae01df59ed22773fa1652bf 197b62f22a94760925fe8b17300699fe8eca5caf3bf35cbc336a29930c32e5aa
CLIENT_HANDSHAKE_TRAFFIC_SECRET a53498da46edfe8b801a180c72794c4733a7843b9ae01df59ed22773fa1652bf 1476ed4ca247ae50f6a7c5e2e167b1c8d144c46da31ad4103f1888924ae26504
SERVER_TRAFFIC_SECRET_0 a53498da46edfe8b801a180c72794c4733a7843b9ae01df59ed22773fa1652bf ed860871928cab2e9e6468bf805324f6bbeefe2c41f405bae4e461afc5393b0e
CLIENT_TRAFFIC_SECRET_0 a53498da46edfe8b801a180c72794c4733a7843b9ae01df59ed22773fa1652bf 5db4104269c54d1cf22d4af04c6cafee0ea8b65efc24a240fa68a70bfff2d6b6
SERVER_HANDSHAKE_TRAFFIC_SECRET 14e774d9d0f0800004a92c71c3ee26bf6a990747d2dcf137c86f12e0829a79f0 4c33720578c7ec769d8bb50e3c101f2f8dd82b35a5e147125b241cdcc3cd82fb
CLIENT_HANDSHAKE_TRAFFIC_SECRET 14e774d9d0f0800004a92c71c3ee26bf6a990747d2dcf137c86f12e0829a79f0 8b91f47b0158b5ce1c3c78bbd39a28dfd32809c569661d8aa5581ce10b5e633e
SERVER_TRAFFIC_SECRET_0 14e774d9d0f0800004a92c71c3ee26bf6a990747d2dcf137c86f12e0829a79f0 106e2491a1dbe24c4ba471b4b69a478e39ff0949861cfaf3455581df8a9e9581
SERVER_HANDSHAKE_TRAFFIC_SECRET fc2949e14e8892be92a5179972f42028b3a7e4222d04f3eac10de141eae70288 5a29bf28ee5d485559e0f8898d249a1fde71823e1fe2719f7f5b47a4b429d4ed
CLIENT_HANDSHAKE_TRAFFIC_SECRET fc2949e14e8892be92a5179972f42028b3a7e4222d04f3eac10de141eae70288 9d9a25f7b9260678c12fe95056ca07ab05098cc4bec70769aa5fb07900f5b476
SERVER_TRAFFIC_SECRET_0 fc2949e14e8892be92a5179972f42028b3a7e4222d04f3eac10de141eae70288 0aab2e2bf7f5db5e7860a03ed5ded87a6c2ba58b5f71b36000dcb4611d4540b1
CLIENT_TRAFFIC_SECRET_0 fc2949e14e8892be92a5179972f42028b3a7e4222d04f3eac10de141eae70288 2bbfc641fab7e78ec1ecf08751c40e022b9ae697adf5e6bf298f2a029a3cb4e5
SERVER_HANDSHAKE_TRAFFIC_SECRET c12b0e325e1ff1e04d1f45fa98feec3b95d660a18c4ebb90515fb8b77d33b43b 27edb2cd6d6a018228668764c5f566ad4914795afc003f4884799b5172ae27f4
CLIENT_HANDSHAKE_TRAFFIC_SECRET c12b0e325e1ff1e04d1f45fa98feec3b95d660a18c4ebb90515fb8b77d33b43b 24d697f230fccfd5f089bdd6f57878c06a7de9754b581d778324d26b240d79a0
SERVER_TRAFFIC_SECRET_0 c12b0e325e1ff1e04d1f45fa98feec3b95d660a18c4ebb90515fb8b77d33b43b d31f6d67eb966d80cf078490da50d057991bc240cc5ffdb75c650edab63e0c95
CLIENT_TRAFFIC_SECRET_0 c12b0e325e1ff1e04d1f45fa98feec3b95d660a18c4ebb90515fb8b77d33b43b 3a129e0f4edb69c0efb9ac240e6441cce9ace7efe367066fb7279fd22b6d5e95
SERVER_HANDSHAKE_TRAFFIC_SECRET da578929e7f914124f811277ecbf99711db6702cf5d718a1a1f096fa9665ff08 16c3b45b50268829d2707283ec87d01838ff75a712ed117da1ec525c63d9ddbf
CLIENT_HANDSHAKE_TRAFFIC_SECRET da578929e7f914124f811277ecbf99711db6702cf5d718a1a1f096fa9665ff08 d231afe247b80517c055df4d1f88e65c9c97fa4d5feb2f8f9f65c6c091d770d0
SERVER_TRAFFIC_SECRET_0 da578929e7f914124f811277ecbf99711db6702cf5d718a1a1f096fa9665ff08 51efb4ebbfaa907c02adb33d8d39b4215b7f7ffcd2a0d30c8fb649e18a1628f0
SERVER_HANDSHAKE_TRAFFIC_SECRET da1e7cc119bdf72f63b6cee018697c864ff80f783c8fc8b305cd90fadf50a3d7 897352078e6bb9ba273e27a128e35ceac7b5d68498b9e4325debafbeb5466591
CLIENT_HANDSHAKE_TRAFFIC_SECRET da1e7cc119bdf72f63b6cee018697c864ff80f783c8fc8b305cd90fadf50a3d7 865528249858f6245af253028424174aed564a7890edaf1bb74ead5b085a93b4
SERVER_TRAFFIC_SECRET_0 da1e7cc119bdf72f63b6cee018697c864ff80f783c8fc8b305cd90fadf50a3d7 982220a2b6ccb3956978fa93177a409a1b0d6a0c639c8586611973ec308225a2
CLIENT_TRAFFIC_SECRET_0 da1e7cc119bdf72f63b6cee018697c864ff80f783c8fc8b305cd90fadf50a3d7 1fde973ca350c7ccf482d947554ac2be7f1950b4c1c453a8dd0273b55a27e31b
SERVER_HANDSHAKE_TRAFFIC_SECRET b454430461b2a12b1a26819c041f24c4d2b686340ad8ad95de4fe435919d36e5 e54887eefcbd88553ff8899adc4b2ab24cb871e19d94a5395b012c916d29f9c6
CLIENT_HANDSHAKE_TRAFFIC_SECRET b454430461b2a12b1a26819c041f24c4d2b686340ad8ad95de4fe435919d36e5 04082c60db7bfc591311181f855ccbb51ba49ddacdaa5bb9f45490b092626d49
SERVER_TRAFFIC_SECRET_0 b454430461b2a12b1a26819c041f24c4d2b686340ad8ad95de4fe435919d36e5 b5890dfb3f17cc22f74d0d74080418aff121138f1a112439e90625bf25b10a54
CLIENT_TRAFFIC_SECRET_0 b454430461b2a12b1a26819c041f24c4d2b686340ad8ad95de4fe435919d36e5 ba580ca466e4065a488196e05644906e456913208da4dc62414f07e349aae22c
SERVER_HANDSHAKE_TRAFFIC_SECRET 92339531366dc06025098c455dc58cdcb46c5acd2967f1bd707274d972363674 0a68ff266f8c51b1f558884d20601e3f4eb2c34a55f3e734df895b32175c11ca
CLIENT_HANDSHAKE_TRAFFIC_SECRET 92339531366dc06025098c455dc58cdcb46c5acd2967f1bd707274d972363674 78487cb27b7378c7c8a6ca907ead0579c8103f243b445034341406f77268acb5
SERVER_TRAFFIC_SECRET_0 92339531366dc06025098c455dc58cdcb46c5acd2967f1bd707274d972363674 120c4583999bec72ae4bcdc1307d07a0623c9f80914631798a0fd595e12fb8ac
SERVER_HANDSHAKE_TRAFFIC_SECRET 7528a153e9b6d2f85dfb05e37474352cd151056a81307baa25ecb037a8b2df7c d346e2704b7d5c7837a900cee58a5f2d785180991157cf311e8036a6851d894a
CLIENT_HANDSHAKE_TRAFFIC_SECRET 7528a153e9b6d2f85dfb05e37474352cd151056a81307baa25ecb037a8b2df7c 0fdf14730081a6c20a5d0df102d9d101286c59e34818f07420889d866e6f8e4b
SERVER_TRAFFIC_SECRET_0 7528a153e9b6d2f85dfb05e37474352cd151056a81307baa25ecb037a8b2df7c 046a58f32a666ac7dd43f3f675966d831257026edcd5da6440871b488abfa8fe
CLIENT_TRAFFIC_SECRET_0 7528a153e9b6d2f85dfb05e37474352cd151056a81307baa25ecb037a8b2df7c 3639157b1d98850bad0bd055628019622da314e2d709743e96f83a27591fbcd7
SERVER_HANDSHAKE_TRAFFIC_SECRET 417e0abde9004c9d260d903d7444240bc331b4d6733496cf905a8fc9313d58ed 029757adac155ef5c7d325951779cb15b6d07432bdc38ccb2fa29ac826870d0a
CLIENT_HANDSHAKE_TRAFFIC_SECRET 417e0abde9004c9d260d903d7444240bc331b4d6733496cf905a8fc9313d58ed f8f3d15f537d3b990d39c220c7b65cd10770d37b997b6e062b6342a4a8a1e254
SERVER_TRAFFIC_SECRET_0 417e0abde9004c9d260d903d7444240bc331b4d6733496cf905a8fc9313d58ed 85675e6d95efb10262742920b6f00dbafbbccb323931e38d3cede87069825b52
CLIENT_TRAFFIC_SECRET_0 417e0abde9004c9d260d903d7444240bc331b4d6733496cf905a8fc9313d58ed 6c9612bafb8f70f2b2b7478751ae912d899f496e6f93cf37217da4a65d2bf89e
SERVER_HANDSHAKE_TRAFFIC_SECRET 351d1b0ffc8264de6dcb1bd940d273e3d4d1f7a2b49a7cf92986da56b6353c8a 73f6ec891abb63a1b65662d6c2418471663ea05b32d0fb3d60e427f12c6a11c0
CLIENT_HANDSHAKE_TRAFFIC_SECRET 351d1b0ffc8264de6dcb1bd940d273e3d4d1f7a2b49a7cf92986da56b6353c8a b2125ee499ae942d7adf987c900b83f527eee21f4a071fa668c22bb9f438f763
SERVER_TRAFFIC_SECRET_0 351d1b0ffc8264de6dcb1bd940d273e3d4d1f7a2b49a7cf92986da56b6353c8a 1392b36d347d792becb9771e718e008fe420d0f41c7f112b8379d9a08df6a382
SERVER_HANDSHAKE_TRAFFIC_SECRET 4fc9d07a71bce3639407c6eaa8d887571e3aa096dcee70ccb8e2264a7d9dd133 8bdf147e17db8feedd84d3ba4a16aec58040f4d2116360659ff30f3af920fd05
CLIENT_HANDSHAKE_TRAFFIC_SECRET 4fc9d07a71bce3639407c6eaa8d887571e3aa096dcee70ccb8e2264a7d9dd133 86c0373de3d433b890dbbed780c263e84a7156b0c0f26bad323f9fc2edec474b
SERVER_TRAFFIC_SECRET_0 4fc9d07a71bce3639407c6eaa8d887571e3aa096dcee70ccb8e2264a7d9dd133 675dba7a5b9829460db6fed9379b71b28b9f70bdf8f2834ea457be84b33d2d75
CLIENT_TRAFFIC_SECRET_0 4fc9d07a71bce3639407c6eaa8d887571e3aa096dcee70ccb8e2264a7d9dd133 9e2b73e9542ab77628afa9cf3239d63e86e0ee76b76c0ddc3ac61ea46303cc54
SERVER_HANDSHAKE_TRAFFIC_SECRET 149f9ede28a6085a8a49c461ed5e08e97fd003b702930f876f94a8fac98b66d9 b3a2989adaedb3a0daba61d6943baf3bfa1d4110cd8c07ba805be1733a78a7a9
CLIENT_HANDSHAKE_TRAFFIC_SECRET 149f9ede28a6085a8a49c461ed5e08e97fd003b702930f876f94a8fac98b66d9 50b70e2bbac8be263d0b56441e9a980e60829511b3de68bf061501105595b9e0
SERVER_TRAFFIC_SECRET_0 149f9ede28a6085a8a49c461ed5e08e97fd003b702930f876f94a8fac98b66d9 14506e83fd1f0ab8d4580bd5107c91ffe1f94e88a22bae6ae9d77ac080084a7e
SERVER_HANDSHAKE_TRAFFIC_SECRET 511133bfc2c0b46c8d6a0e097d3a9d7f9ba65dd39881af5bdb861b6386b4fb70 8c0d4d6919644b4857048b17c7dc863c8f75fece1f70d6b410621c8e9c8b5b2c
CLIENT_HANDSHAKE_TRAFFIC_SECRET 511133bfc2c0b46c8d6a0e097d3a9d7f9ba65dd39881af5bdb861b6386b4fb70 f12120b6ba272931d970c3a314aea82dee9a860c47dc6aaceee7fcb659626af9
SERVER_TRAFFIC_SECRET_0 511133bfc2c0b46c8d6a0e097d3a9d7f9ba65dd39881af5bdb861b6386b4fb70 78b993db4dff89d0e3ce6437a481eea121149e700be065ae73d879dbb03b1e87
CLIENT_TRAFFIC_SECRET_0 511133bfc2c0b46c8d6a0e097d3a9d7f9ba65dd39881af5bdb861b6386b4fb70 bc171a0174965aa92a3754fc45099949261b6ac16e5bcde52d808d1034df5619
SERVER_HANDSHAKE_TRAFFIC_SECRET ba523e5241d46d76681399bed2cd021afcc3e35460c8bdf19c6fec2e984b6007 e88e3104aa8e0ca8ff6b652e171787a8495ca60556780915810756d6aac3befc
CLIENT_HANDSHAKE_TRAFFIC_SECRET ba523e5241d46d76681399bed2cd021afcc3e35460c8bdf19c6fec2e984b6007 d86d5dc91e314b387711fccc0c1abd13560df3878c8ee4bd32c5a94320b7f6f9
SERVER_TRAFFIC_SECRET_0 ba523e5241d46d76681399bed2cd021afcc3e35460c8bdf19c6fec2e984b6007 bb03c5b00c71779c6eab6dd722dfacb1abeaa5416a079363255a913362676303
CLIENT_TRAFFIC_SECRET_0 ba523e5241d46d76681399bed2cd021afcc3e35460c8bdf19c6fec2e984b6007 dad074a96cd02e1aaa5b971762f677d4eef89f070471265648e0ead0bc5bf9e3
SERVER_HANDSHAKE_TRAFFIC_SECRET 1486e1cd9e8da9792176d12092dd1871ef451f4d497e7e79d25b47e730373fed 9c1a078fe152ee27d8e46fcb5fe29ba5b60c91328255242c17072b1f968b19ec
CLIENT_HANDSHAKE_TRAFFIC_SECRET 1486e1cd9e8da9792176d12092dd1871ef451f4d497e7e79d25b47e730373fed 8a81bc7214a29405abb94bfab50e963379fb7738913aa339ada8f4a07d07f00a
SERVER_TRAFFIC_SECRET_0 1486e1cd9e8da9792176d12092dd1871ef451f4d497e7e79d25b47e730373fed d596dcf6dfb2de2ebefcecb675510f1786bb21f1df3a412760127b456333b141
CLIENT_TRAFFIC_SECRET_0 1486e1cd9e8da9792176d12092dd1871ef451f4d497e7e79d25b47e730373fed a1a6b02b5bae0e2179157cdadc1bf4a8724dbc3d7fa2598fe738f09e03ee7129
SERVER_HANDSHAKE_TRAFFIC_SECRET bc38b24aa591f80131e17a8ba7c6c2415a5b4d264d77bb45faa3efce71cc07f5 68f5e11806902b7ca0ad6200b5d52043365643baa4147bcde758093edc2227d0
CLIENT_HANDSHAKE_TRAFFIC_SECRET bc38b24aa591f80131e17a8ba7c6c2415a5b4d264d77bb45faa3efce71cc07f5 380a432a3dd2fdc3cd274d0cacc463dd5efa18b1d3056e87c4bd2bee5edc3466
SERVER_TRAFFIC_SECRET_0 bc38b24aa591f80131e17a8ba7c6c2415a5b4d264d77bb45faa3efce71cc07f5 0f25f1b8556f097bd5f03143e649ebaa744fcd98921e91c253195248b2c2d24d
CLIENT_TRAFFIC_SECRET_0 bc38b24aa591f80131e17a8ba7c6c2415a5b4d264d77bb45faa3efce71cc07f5 3bdfb15fe6bda98938f12536e028b356e9a10bc370896c56845aacf5f6aee563
SERVER_HANDSHAKE_TRAFFIC_SECRET 7ada5eb7eae9dccd046083015cd8d46aa02f5f1c135e603afec64691b9e5bc74 7e65e7f9c2ae8c506fd5af7de75814871baa4a2f06c6ed47fd1e783e81591ddd
CLIENT_HANDSHAKE_TRAFFIC_SECRET 7ada5eb7eae9dccd046083015cd8d46aa02f5f1c135e603afec64691b9e5bc74 738db4a203b8f2d79342fbb3638b7c6e115a93e4e34bf011789a3497d023b52d
SERVER_TRAFFIC_SECRET_0 7ada5eb7eae9dccd046083015cd8d46aa02f5f1c135e603afec64691b9e5bc74 e82e4559568cb246c73e9129867febad1a030e8daa595f93b2a6afd84d4cc6bc
SERVER_HANDSHAKE_TRAFFIC_SECRET c76ab7255fc1a866aeb27eb916532695643c3a5141145db20455b2f7026fbc93 1c7d7d463c45463cbf824ced1c98c578bbc381c863f14ae4bdd1631d32a2907b
CLIENT_HANDSHAKE_TRAFFIC_SECRET c76ab7255fc1a866aeb27eb916532695643c3a5141145db20455b2f7026fbc93 adfc1d2a641f8d0fd10a4d010b3227cfc478203e7e6a810577de88ae291d991b
SERVER_TRAFFIC_SECRET_0 c76ab7255fc1a866aeb27eb916532695643c3a5141145db20455b2f7026fbc93 e217ee2b0ad229c2ef5b60cec012edcd3ceab8169f3ba174b1fd2c382fbfe0f4
CLIENT_TRAFFIC_SECRET_0 c76ab7255fc1a866aeb27eb916532695643c3a5141145db20455b2f7026fbc93 a7f36368c7f4be5dee5bd0febce58cea183c9e41fbc3829abace05b8696d2ac7
SERVER_HANDSHAKE_TRAFFIC_SECRET 392030c6e550fdf7ee06008cd3429647731ff9a8409601292b9e52a032af3a41 bda8a03cfb3dc69e38e9a625802da3e30aabe057c24dd2c5694354c87a883b82
CLIENT_HANDSHAKE_TRAFFIC_SECRET 392030c6e550fdf7ee06008cd3429647731ff9a8409601292b9e52a032af3a41 a4dc467a7751214d56a4d9a9a1d20163da7e78fd22243f7f3e8fb3ad1b595cbe
SERVER_TRAFFIC_SECRET_0 392030c6e550fdf7ee06008cd3429647731ff9a8409601292b9e52a032af3a41 e8dd286135cc715b8f62920abbfb048abbe571167376f16fa55c98d8be47e78b
CLIENT_TRAFFIC_SECRET_0 392030c6e550fdf7ee06008cd3429647731ff9a8409601292b9e52a032af3a41 136942ae4792ee3dc60e49fa79aa198cd49f7a6a86884ffa4b506fc73ce2e5e3
SERVER_HANDSHAKE_TRAFFIC_SECRET efcfec1755468ffa2224f5dc3b6b5a093c420e59dbdf43d72306ca4e3c83adba 5faf8bf477b5445fb8b161ad43be73df1bda9f4e9919fac2164bfa0586b01501
CLIENT_HANDSHAKE_TRAFFIC_SECRET efcfec1755468ffa2224f5dc3b6b5a093c420e59dbdf43d72306ca4e3c83adba c65b1b21d0be446d3bb9adc87a0a3622e75bf10c1540db43b429c8d6f5f3ccd8
SERVER_TRAFFIC_SECRET_0 efcfec1755468ffa2224f5dc3b6b5a093c420e59dbdf43d72306ca4e3c83adba d0dfd4b06f43913da2b284d190933255f27061fc8920ad7f48feaad179495ebe
SERVER_HANDSHAKE_TRAFFIC_SECRET d2d8a28aa49974e6fdccc5057aa9f01d80e9d3fe4e18b32ec91dd637876aa8f3 c9150dce2d3b08a3eb2c469c4a72ebdf2d60f02606abe408ee950515393c924a
CLIENT_HANDSHAKE_TRAFFIC_SECRET d2d8a28aa49974e6fdccc5057aa9f01d80e9d3fe4e18b32ec91dd637876aa8f3 14b84eb1c18e24661a264a15c76e71e6e92cbe34def86a5924b9b89460ed6ac3
SERVER_TRAFFIC_SECRET_0 d2d8a28aa49974e6fdccc5057aa9f01d80e9d3fe4e18b32ec91dd637876aa8f3 e619956b2b681a325ca424eaa2feb968f1dc3378bdcb5fc6688075ea9f462207
CLIENT_TRAFFIC_SECRET_0 d2d8a28aa49974e6fdccc5057aa9f01d80e9d3fe4e18b32ec91dd637876aa8f3 55d84dc8d4daf9f0ac370fcce664365e091ff53f3f3e87becec0dd1ac56e8701
SERVER_HANDSHAKE_TRAFFIC_SECRET c03ca6a3e12392443d10963145d1e2817a90c1f6c6e3b9941cd42963e9cdd2c4 4a1ba1e8ca54591ba9f88634ca6c5ae47e232122b55a349f553b5e91e1967ebe
CLIENT_HANDSHAKE_TRAFFIC_SECRET c03ca6a3e12392443d10963145d1e2817a90c1f6c6e3b9941cd42963e9cdd2c4 cb07b783a8bf403df665a7c05c899e4f58e64a38c33efce6faa2b95ab0134a6c
SERVER_TRAFFIC_SECRET_0 c03ca6a3e12392443d10963145d1e2817a90c1f6c6e3b9941cd42963e9cdd2c4 e588d7b95f6501398ada559a08ac1d9e969307e5b27e7769e7ab7dab821166b8
CLIENT_TRAFFIC_SECRET_0 c03ca6a3e12392443d10963145d1e2817a90c1f6c6e3b9941cd42963e9cdd2c4 ef882b0ef90a71ff87ff3b065c7be91a6ac41ac0605f46b675e71a2a4f72df79
SERVER_HANDSHAKE_TRAFFIC_SECRET c6673252561bec347476573df6b02bfbc014f980f9e7681f2a9c89222d161412 1eabc591eecd6aad3313a232040972d53d9bda5635fdebca4dd141379d7204f2
CLIENT_HANDSHAKE_TRAFFIC_SECRET c6673252561bec347476573df6b02bfbc014f980f9e7681f2a9c89222d161412 52d66fe7cd84c302e767609adab6b25a1f9de410fa7363841f8d68981c93e90b
SERVER_TRAFFIC_SECRET_0 c6673252561bec347476573df6b02bfbc014f980f9e7681f2a9c89222d161412 a29b0362bdc9135e5348ff5b472905a1aa7eaaa483472cc1685b8d48a20b8514
SERVER_HANDSHAKE_TRAFFIC_SECRET 1323ef334ce3f86b132e8638bfbdf1cf11ee969a776869e86aa0ad3958e992aa 2438e1ca492893ed19cbd72234a46454f5903618e8a50db83d31852ee2f939a4
CLIENT_HANDSHAKE_TRAFFIC_SECRET 1323ef334ce3f86b132e8638bfbdf1cf11ee969a776869e86aa0ad3958e992aa c4ab89ca5651b6359a345d73004907e1f6da9bf8efcbcfcae0c44cad6cd5fe33
SERVER_TRAFFIC_SECRET_0 1323ef334ce3f86b132e8638bfbdf1cf11ee969a776869e86aa0ad3958e992aa 324985ddca494e8c815eaff6e3704a17285071fb1561687fd2e674385a2412ff
CLIENT_TRAFFIC_SECRET_0 1323ef334ce3f86b132e8638bfbdf1cf11ee969a776869e86aa0ad3958e992aa a4f480eed3785e208cd55e369797cd8de03f0dbc18a1943385e79b41abdf4607
SERVER_HANDSHAKE_TRAFFIC_SECRET b9437a263819fc44a651c3b313ee28dce2663f4384572b21199aa430c45f1162 9a1d4ecead3f6b19cd28bb1021aebc5e8d6896a4c25d0192a8a109ee138970aa
CLIENT_HANDSHAKE_TRAFFIC_SECRET b9437a263819fc44a651c3b313ee28dce2663f4384572b21199aa430c45f1162 9b97e5d347560ba238efcbcb3aec0b0f63b1c756d6d033ff5f5f45832500b569
SERVER_TRAFFIC_SECRET_0 b9437a263819fc44a651c3b313ee28dce2663f4384572b21199aa430c45f1162 3dca0c58bed1f38e69015313ffa4f2047ebbd820aa5508ad980af83a52a3ed25
CLIENT_TRAFFIC_SECRET_0 b9437a263819fc44a651c3b313ee28dce2663f4384572b21199aa430c45f1162 289f44c9e3b3f087451d6bd596cc9929b1c63dab288c0bdc62ffd216beda3748
SERVER_HANDSHAKE_TRAFFIC_SECRET ad2f72ba5a3ec5eeb046a38c200a0bd8d7a3826371b7c9050b6bf1be4aef7672 0c5976b5e16bbd90b81a43a94a37361ef49efc83cdc6c52a34e1632a181e22bc
CLIENT_HANDSHAKE_TRAFFIC_SECRET ad2f72ba5a3ec5eeb046a38c200a0bd8d7a3826371b7c9050b6bf1be4aef7672 ff14669925cbedf08b5c51e04d7106ddc31255912d4c1d055795ae12e8adbaa3
SERVER_TRAFFIC_SECRET_0 ad2f72ba5a3ec5eeb046a38c200a0bd8d7a3826371b7c9050b6bf1be4aef7672 8e221d8a471fafaee77b441498fddde4fcd40430e939e5f57af0d6956d6b8c51
CLIENT_TRAFFIC_SECRET_0 ad2f72ba5a3ec5eeb046a38c200a0bd8d7a3826371b7c9050b6bf1be4aef7672 657238c3011db01c1f136f5e1767ac1a57360955770a442b6c31c635ea17e8a6
SERVER_HANDSHAKE_TRAFFIC_SECRET c7f84819c2a6ca0db2d282aaba615981af2a7787f82f0ebeb9ffe0802ed962d6 e82f6be26ffe7137917f34cdd5eaa7a4b1cacad7b0f71a0cc9ee55300d769f89
CLIENT_HANDSHAKE_TRAFFIC_SECRET c7f84819c2a6ca0db2d282aaba615981af2a7787f82f0ebeb9ffe0802ed962d6 cb0085b5ca42e4010d3afdf09e01fd780243a180de5de351a6b9d43f08733362
SERVER_TRAFFIC_SECRET_0 c7f84819c2a6ca0db2d282aaba615981af2a7787f82f0ebeb9ffe0802ed962d6 b7d7a2b595192a48c86fd19126959adcb925fd422a16b0a1ee2d435a69527773
CLIENT_TRAFFIC_SECRET_0 c7f84819c2a6ca0db2d282aaba615981af2a7787f82f0ebeb9ffe0802ed962d6 e970e734e1d5bcdafd7c9c3fd7e91f26a42c6b8b2677fb4344d693b18be346d2
SERVER_HANDSHAKE_TRAFFIC_SECRET 75ec4f6e8846a262bdb9e13a99e6c32d66d9d1874a826a11e84b7eec17e5224c 69c50ef6098a5b96c0c5e59d0f02ea4ecd1168ed03861018d5d5e4252c436996
CLIENT_HANDSHAKE_TRAFFIC_SECRET 75ec4f6e8846a262bdb9e13a99e6c32d66d9d1874a826a11e84b7eec17e5224c 654b825ae61d668ac5f9d90370018b1e2bf91ae3d8bc4c30e3a8404e0e2c5014
SERVER_TRAFFIC_SECRET_0 75ec4f6e8846a262bdb9e13a99e6c32d66d9d1874a826a11e84b7eec17e5224c ab8778932575e6bbe976bedddc1dfe3e8a7deb0c700109f48d2fbc90d62dfce3
SERVER_HANDSHAKE_TRAFFIC_SECRET 7aa08242c7f46c194f3d2ab4dc733f48110aa16998e671edb5ab8fbedf5f417a d79250101818e7ece20faffd0091a263b1f8ee264487ece1d5ec382713fd635d
CLIENT_HANDSHAKE_TRAFFIC_SECRET 7aa08242c7f46c194f3d2ab4dc733f48110aa16998e671edb5ab8fbedf5f417a 8cddb4785207f301f70326106d6b0aed10dbe84e8f018def0dc7a95086b42056
SERVER_TRAFFIC_SECRET_0 7aa08242c7f46c194f3d2ab4dc733f48110aa16998e671edb5ab8fbedf5f417a eb3d39b7bc63ae4cbb5b440796411f0986945002a57878d34d18bf17d618034c
CLIENT_TRAFFIC_SECRET_0 7aa08242c7f46c194f3d2ab4dc733f48110aa16998e671edb5ab8fbedf5f417a 218d8f13bd9647332c2d745f5a551188c3ad85aa852a85a864f23f477cf6a74b
SERVER_HANDSHAKE_TRAFFIC_SECRET 15566108e9ef4a51fe44066def417aea71ad16bddd39bbb566dbed1c5acf2667 d0db0347cab12b485470bfe32c891f72180d845f6e73e4bcc826307ea79307dc
CLIENT_HANDSHAKE_TRAFFIC_SECRET 15566108e9ef4a51fe44066def417aea71ad16bddd39bbb566dbed1c5acf2667 ceab2140a56d354c59f49b9c33d198e2145ef78440cdd2e755cdb4ab5106807a
SERVER_TRAFFIC_SECRET_0 15566108e9ef4a51fe44066def417aea71ad16bddd39bbb566dbed1c5acf2667 95a8f7bdc64a4a4a3497a1a9f3cf0ad5b30c2e1eef0c5a7c80270f8d9f85ef0a
SERVER_HANDSHAKE_TRAFFIC_SECRET a2f7ca5de11229a78e612d1535be5f136e0c19e7b34afadab0da9d64ca9c779b 087faaf4b10df0ba146808342ec388a44f5c57fec0f4b7c522ff645fffea7e56
CLIENT_HANDSHAKE_TRAFFIC_SECRET a2f7ca5de11229a78e612d1535be5f136e0c19e7b34afadab0da9d64ca9c779b b9abf0dd7a536917f53e8debb44327e0d2e1df5a4dc071c7de8a40e81ac464da
SERVER_TRAFFIC_SECRET_0 a2f7ca5de11229a78e612d1535be5f136e0c19e7b34afadab0da9d64ca9c779b b977ab11298522c5f34937ff752d88c4f61231c026f64d09c3e703316c0a5899
CLIENT_TRAFFIC_SECRET_0 a2f7ca5de11229a78e612d1535be5f136e0c19e7b34afadab0da9d64ca9c779b 86c9888032b64d01c7ab6d9d749c063ec8866dcfc26de72deb1f7a87b170f3b3
SERVER_HANDSHAKE_TRAFFIC_SECRET 707377d022010c807a0e1ec61c2d356647fffc08676d06991323d1108f880788 505551e11c5e92a4a1862fb4cbf31c595f667a6cba413ff1cec84db4762b13e0
CLIENT_HANDSHAKE_TRAFFIC_SECRET 707377d022010c807a0e1ec61c2d356647fffc08676d06991323d1108f880788 80954443c4677981486c71498bdae02a76728298a8fdca7e0b6c73d59a907439
SERVER_TRAFFIC_SECRET_0 707377d022010c807a0e1ec61c2d356647fffc08676d06991323d1108f880788 f0303fd790f167b56438e44330bbb7738274845ffc62a1cb0aa83b30e56ce193
SERVER_HANDSHAKE_TRAFFIC_SECRET db7819175ded6d7769fe6aec9aba7dd78ca86613c2fdc96a62c0332bda390df5 7870a88fe542fd610f11131b68460f9bd70ba85b6aaf8c85b5cd4763977dac09
CLIENT_HANDSHAKE_TRAFFIC_SECRET db7819175ded6d7769fe6aec9aba7dd78ca86613c2fdc96a62c0332bda390df5 0fac7cd59d1f66438a47dc65c7952c020479829938c72f154aae1067f934f4ae
SERVER_TRAFFIC_SECRET_0 db7819175ded6d7769fe6aec9aba7dd78ca86613c2fdc96a62c0332bda390df5 e33eaab874eccaf97a9fdac04cd917e8d014884cd4b9c1edd8eef101a9f66d8c
CLIENT_TRAFFIC_SECRET_0 db7819175ded6d7769fe6aec9aba7dd78ca86613c2fdc96a62c0332bda390df5 8e895e1b6c5804a245ccda71e5dbfce8179e53ac7d388aa7fb91c430435fbe82
SERVER_HANDSHAKE_TRAFFIC_SECRET 714326774be9de1590298af6d82dff394cb5e094d2741a7c9157668a32b5ed7c b8ca658faf72d4f44bf00345a82f427872daa4d0a11ada0ecd7a4a2bc24a0911
CLIENT_HANDSHAKE_TRAFFIC_SECRET 714326774be9de1590298af6d82dff394cb5e094d2741a7c9157668a32b5ed7c 595605b2e0650cf6ee8a7a04e9b20c59ba8c36efb8996d3b081a6a5a5c03564e
SERVER_TRAFFIC_SECRET_0 714326774be9de1590298af6d82dff394cb5e094d2741a7c9157668a32b5ed7c ffdd81ce848e20584f318243f51b001bb042d4c07ef5b6ab95bcde8d8487d659
SERVER_HANDSHAKE_TRAFFIC_SECRET 53e6f2f6cc5bdb40e403195c3ef51cc6feb44322c8b0bdf9d1dbe0232c110692 aecdad906c5f711df868e112b19dff90ae936d3608255ee855a6c3713875b31f
CLIENT_HANDSHAKE_TRAFFIC_SECRET 53e6f2f6cc5bdb40e403195c3ef51cc6feb44322c8b0bdf9d1dbe0232c110692 4d979848f7ed70cc67f5ee773cda1c8196e91338bd4d152753d6e3a356036cae
SERVER_TRAFFIC_SECRET_0 53e6f2f6cc5bdb40e403195c3ef51cc6feb44322c8b0bdf9d1dbe0232c110692 7154ccb6cc14439dc679641efd8a5849535ba80a8cf545c133e2c456f93a36b3
CLIENT_TRAFFIC_SECRET_0 53e6f2f6cc5bdb40e403195c3ef51cc6feb44322c8b0bdf9d1dbe0232c110692 c544a3f20234bc3b025583d340ac683b078f44520fa4ad3c41c3043a7e549fd3
SERVER_HANDSHAKE_TRAFFIC_SECRET 76fc77021511f3919a69efb9dd915a0ce71a01d96c49f5f7bb59b163e1273e64 db29102d2fdcc2d026fa1b962217989a996af9ac4857171cbb52d90db4e03edb
CLIENT_HANDSHAKE_TRAFFIC_SECRET 76fc77021511f3919a69efb9dd915a0ce71a01d96c49f5f7bb59b163e1273e64 059af4e4865d20d22774ba5d52516244ccbec5cdd924f4e459b81bda2823aa02
SERVER_TRAFFIC_SECRET_0 76fc77021511f3919a69efb9dd915a0ce71a01d96c49f5f7bb59b163e1273e64 31d319b325863049ff70311054d835b9bbacf518f3ae4fa14863c77feae644bc
CLIENT_TRAFFIC_SECRET_0 76fc77021511f3919a69efb9dd915a0ce71a01d96c49f5f7bb59b163e1273e64 0143c7918f21cf8edd74fc5c2f4a34305fe7428ee922b4fddedf7d0752e36696
SERVER_HANDSHAKE_TRAFFIC_SECRET ee0a29065d7299212310b556c5919bdfa7a58064dec2fd18c59f28550872b93a b86790814f14456f2362f61e177a936a1750a52ab492a3a423fbf10267830b52
CLIENT_HANDSHAKE_TRAFFIC_SECRET ee0a29065d7299212310b556c5919bdfa7a58064dec2fd18c59f28550872b93a 043694ab5e3530428f7d01721cec5f959fbe4da8a3c69f4c87224a7c0fd87601
SERVER_TRAFFIC_SECRET_0 ee0a29065d7299212310b556c5919bdfa7a58064dec2fd18c59f28550872b93a f874aead39136c051dab285ba4f2d58c48c03cb5dfaf9bb96d960982790ef420
SERVER_HANDSHAKE_TRAFFIC_SECRET 1b64f8e74d387fe2d460746476349c5432bc530ea5635ddd0f3975e5173d2bab 8cdd4282210581956d2ba519f800c5b19fa8f9b074e2f092def1868bebbcdefd
CLIENT_HANDSHAKE_TRAFFIC_SECRET 1b64f8e74d387fe2d460746476349c5432bc530ea5635ddd0f3975e5173d2bab 1e6dd10398851205b7c50e9b23c0c9d692a9de7a8d78237c4931e6515f60c0ef
SERVER_TRAFFIC_SECRET_0 1b64f8e74d387fe2d460746476349c5432bc530ea5635ddd0f3975e5173d2bab 2611562426f334ddabfae48fa96cefa3715ee44b8921503b4eb4a017a73b7f4c
SERVER_HANDSHAKE_TRAFFIC_SECRET f48b1d87ecfada647f6bb3ab9a96993051eb5ae448a18cb552a57ab289409a64 695f58c1e5e2e001fc97d3e4f8685449a105cb34dc96250b022b36167e929119
CLIENT_HANDSHAKE_TRAFFIC_SECRET f48b1d87ecfada647f6bb3ab9a96993051eb5ae448a18cb552a57ab289409a64 1ab18d7e74442a22514e31a9e717a52d2f6945ee08352c7f795631e06fb15942
SERVER_TRAFFIC_SECRET_0 f48b1d87ecfada647f6bb3ab9a96993051eb5ae448a18cb552a57ab289409a64 3dece3b9804c649e349fae0b84bd6afea17381dc76de90f995e1c5a72d41a7ad
CLIENT_TRAFFIC_SECRET_0 f48b1d87ecfada647f6bb3ab9a96993051eb5ae448a18cb552a57ab289409a64 cfd150ee9bca66d2fe9c99f00491b79e5d42fa0327814fd18c278c3e1bb488e4
SERVER_HANDSHAKE_TRAFFIC_SECRET fa76a25f1e44dd46e3c01f6bc9e750659f2b775c7e6d59a62e81991ee5c63f88 2cf4892f3cf07e959e010dff4d13d32df5255ce37d3d12681edb1ca0141ca69f
CLIENT_HANDSHAKE_TRAFFIC_SECRET fa76a25f1e44dd46e3c01f6bc9e750659f2b775c7e6d59a62e81991ee5c63f88 12745365dfdcaed000f72d545b95576f85282584c18b58107149deae3ed9f8c1
SERVER_TRAFFIC_SECRET_0 fa76a25f1e44dd46e3c01f6bc9e750659f2b775c7e6d59a62e81991ee5c63f88 9fef2289f05bb9d53309cafc69544ddbf0fc08e704074c9c17000996a68c10c1
CLIENT_TRAFFIC_SECRET_0 fa76a25f1e44dd46e3c01f6bc9e750659f2b775c7e6d59a62e81991ee5c63f88 5157385c9bb4f35d9f357c7fd7c6ee052ce3cc89c848dc4214f29f043c7eb211
SERVER_HANDSHAKE_TRAFFIC_SECRET d5a0fd169b35179c25209392fb70e5f6b8e3cbf26ac9a0308dc79b30b561c28d c384c64f97e93d22bd104e7440962c4497bd04b0e9c8de81186efccc1b089efa
CLIENT_HANDSHAKE_TRAFFIC_SECRET d5a0fd169b35179c25209392fb70e5f6b8e3cbf26ac9a0308dc79b30b561c28d f957061e6052fb88aa15837a7f3c5c05bc73c1774fa197a9f2e3e4f07900664c
SERVER_TRAFFIC_SECRET_0 d5a0fd169b35179c25209392fb70e5f6b8e3cbf26ac9a0308dc79b30b561c28d 39e60692f5b7fae451649712a40bdbfd1f5e61f4335376ecccc1832464cb138f
CLIENT_TRAFFIC_SECRET_0 d5a0fd169b35179c25209392fb70e5f6b8e3cbf26ac9a0308dc79b30b561c28d 72cf2c7256202929f846c86db7dc614200c40b7e5cbd20f8a6c7656b872f5fe6
SERVER_HANDSHAKE_TRAFFIC_SECRET 443201f43f40aeef0de1bb7e91558f4340213256344eed722b43431a4a17737c 9442a8e80d9d0095b1c2b4c23b5ea3df3991bbae7177293b429beaf26a5fefd2
CLIENT_HANDSHAKE_TRAFFIC_SECRET 443201f43f40aeef0de1bb7e91558f4340213256344eed722b43431a4a17737c fbd2ec947051c0b7bcfac4dd733e333c9b7f6a43bc2f861fa63c2d92a8ee19d4
SERVER_TRAFFIC_SECRET_0 443201f43f40aeef0de1bb7e91558f4340213256344eed722b43431a4a17737c 7d5ea85af8c17b3ad9cdf91605106006693f727dc14932b82d8f62541715337f
CLIENT_TRAFFIC_SECRET_0 443201f43f40aeef0de1bb7e91558f4340213256344eed722b43431a4a17737c edc17ca347dc6410ad0abd8a2906c57b008be93014046afd4050a52105b0baf3
SERVER_HANDSHAKE_TRAFFIC_SECRET 11d2e9ce97dceec055cb42f4801f5467c1fa277547f68de8f2ca18a319405e90 315b87649774e08bd16034d36baa48b78a8d268779c20e003a3ad85b882f2b15
CLIENT_HANDSHAKE_TRAFFIC_SECRET 11d2e9ce97dceec055cb42f4801f5467c1fa277547f68de8f2ca18a319405e90 d6f0154c99c1f6dab5fc3aad26a8346ceb5301c77a68606bd055a09f79560b07
SERVER_TRAFFIC_SECRET_0 11d2e9ce97dceec055cb42f4801f5467c1fa277547f68de8f2ca18a319405e90 4bebc68334053cd88ed2bebfe847cb4f37630e0765e26f86e1643a504fa749e5
CLIENT_TRAFFIC_SECRET_0 11d2e9ce97dceec055cb42f4801f5467c1fa277547f68de8f2ca18a319405e90 af953426abc2bbc4d22213b586c303f33943c1f788cd750c54cdb63556263cd9
SERVER_HANDSHAKE_TRAFFIC_SECRET dd18feab01cf01db9fee3294a0657f6d1140cbcd68191b14a4edfbf902a2bf1d 6fbe2bff9fedc9b2da49dd626246a752aec8e5e531cf8dfa70d3bef22e160c72
CLIENT_HANDSHAKE_TRAFFIC_SECRET dd18feab01cf01db9fee3294a0657f6d1140cbcd68191b14a4edfbf902a2bf1d 83f85d50223e12682d4fec42b205efda750af0c8e5478d82e66751e44bd9541a
SERVER_TRAFFIC_SECRET_0 dd18feab01cf01db9fee3294a0657f6d1140cbcd68191b14a4edfbf902a2bf1d 20cc01fc261c611a61a5a7437ef2f1ca7020692b3a39c7532e65e00ddd042559
CLIENT_TRAFFIC_SECRET_0 dd18feab01cf01db9fee3294a0657f6d1140cbcd68191b14a4edfbf902a2bf1d ed72440b4a69bdfa0b7d4feaf9dc054374d6a1f5c5989478b703ad17cf2910e6
SERVER_HANDSHAKE_TRAFFIC_SECRET 2841c03234aee724a6d7da8b139168484b6f398b47d63b62867259cf82ec4953 c286b6b053b744b24baa131dde974af5cfdf39d573cd0c1ce3955c7f206e57f0
CLIENT_HANDSHAKE_TRAFFIC_SECRET 2841c03234aee724a6d7da8b139168484b6f398b47d63b62867259cf82ec4953 b4c2d32297e9d61198fa9c77730669c9d0df64a00c101df4c6ed68e09384473f
SERVER_TRAFFIC_SECRET_0 2841c03234aee724a6d7da8b139168484b6f398b47d63b62867259cf82ec4953 c03f45ff3588691ea669adb06c30c9da62c6b4f3094271b9b6077307da98f3c4
SERVER_HANDSHAKE_TRAFFIC_SECRET 9f65c382bb6d11237e7db06265543562d9e9ebc515c170994d4171781dc0db1c 19de5073b54272aa620a44c5b5486eb8ed51828db4ee5a0a05a573d372b95826
CLIENT_HANDSHAKE_TRAFFIC_SECRET 9f65c382bb6d11237e7db06265543562d9e9ebc515c170994d4171781dc0db1c 062a5b6ce4f4d5c736b54ae871b5671b7a9f2162e08a428841df9b94e128fd2d
SERVER_TRAFFIC_SECRET_0 9f65c382bb6d11237e7db06265543562d9e9ebc515c170994d4171781dc0db1c d89c3746d408939a0c558e387523aa04412da285476d563d25d98545129db764
CLIENT_TRAFFIC_SECRET_0 9f65c382bb6d11237e7db06265543562d9e9ebc515c170994d4171781dc0db1c 9c6aa0710d7f828001e9ce6a9081102ce3aa2938c594f8e8af80acaf96a43cb0
SERVER_HANDSHAKE_TRAFFIC_SECRET b4e293d296c95a47696847c6d59ba8e62587e00f8489991cdbef01ff798f6d47 e92c2a721ca0a618e08c7cf72c82f42073e06d6272d1d4b063ea155bfb1dc48b
CLIENT_HANDSHAKE_TRAFFIC_SECRET b4e293d296c95a47696847c6d59ba8e62587e00f8489991cdbef01ff798f6d47 c6b863e477168e6fbff046489f465b2db9e2ddced6d99b15a6808ddd30c2cc47
SERVER_TRAFFIC_SECRET_0 b4e293d296c95a47696847c6d59ba8e62587e00f8489991cdbef01ff798f6d47 68e3a30da38514bbd593a4317dd775194e5f5f08ed04dcc0d8fdbb13dfe854ee
CLIENT_TRAFFIC_SECRET_0 b4e293d296c95a47696847c6d59ba8e62587e00f8489991cdbef01ff798f6d47 f8727d7cea7e94943898bf5b2f96b5c662e23bb4cd46298fb4d2159bbedc1107
SERVER_HANDSHAKE_TRAFFIC_SECRET e1846a6a326031616f79240d454b75533439990c238ea49638c578b2e69e1cd0 0cba5017ff648f8e5bdc553abf9303b2102217abb6d88a0a3592d399fbbd1dbd
CLIENT_HANDSHAKE_TRAFFIC_SECRET e1846a6a326031616f79240d454b75533439990c238ea49638c578b2e69e1cd0 666a06302eeff4ae9a43799ddadabaa37d79cae6e0edf1d5adfad190ce4825a7
SERVER_TRAFFIC_SECRET_0 e1846a6a326031616f79240d454b75533439990c238ea49638c578b2e69e1cd0 bd96c577598ca253c3200cc618189d769e94cf68f2f6f30dcc5fdf22a8149cfd
CLIENT_TRAFFIC_SECRET_0 e1846a6a326031616f79240d454b75533439990c238ea49638c578b2e69e1cd0 badee9c5c988fd2a2ffb7e6cf66627441d69490454518079284a76e48f2fd896
SERVER_HANDSHAKE_TRAFFIC_SECRET 2513f2cba7b90f35d93a42a191842f7b2d6790676410c8ac5ce98cb62a760144 bd08951665c6b983774f54dced03b39f7a7297bcf73d0db3c96d7b2daa85b707
CLIENT_HANDSHAKE_TRAFFIC_SECRET 2513f2cba7b90f35d93a42a191842f7b2d6790676410c8ac5ce98cb62a760144 37834003bc093a1bd725e82eb50431c230a3bb2e8f3f2a12b4580812c897a1c2
SERVER_TRAFFIC_SECRET_0 2513f2cba7b90f35d93a42a191842f7b2d6790676410c8ac5ce98cb62a760144 13ca47143c7ee47715ca60694d84dd2a6d0ed225ace17f0030b0bd6a5cdc9271
SERVER_HANDSHAKE_TRAFFIC_SECRET 1b07786d4827d9eeade0558706cfac714c5c095ad5bb4256a947c022bb6df251 66c0411a4c1b901b9c2661ece160c872f49451503a11b9594c1e8cc4e70a23c9
CLIENT_HANDSHAKE_TRAFFIC_SECRET 1b07786d4827d9eeade0558706cfac714c5c095ad5bb4256a947c022bb6df251 8d71c5cfa219b535a8a7cd3d0d294445f3b53930917e2049ebb33dcbd4b0cd4f
SERVER_TRAFFIC_SECRET_0 1b07786d4827d9eeade0558706cfac714c5c095ad5bb4256a947c022bb6df251 386b69e1732fc114f13369bda65038f7dd1136279c1867b3c7f4861e68bb653f
CLIENT_TRAFFIC_SECRET_0 1b07786d4827d9eeade0558706cfac714c5c095ad5bb4256a947c022bb6df251 59252d06f821d6ae45edcb45e8fc3372732dbc320df569681a65644396f9caf3
SERVER_HANDSHAKE_TRAFFIC_SECRET 81cbab1507f64b1013a954fb2683c815abca6ddbdbe037c4b5bc48a36363e3c0 515c3c08e6f8243ec147e5b743fdf8b1887d3fd78ac7bd4bd3ffcd91e8d0e0b4
CLIENT_HANDSHAKE_TRAFFIC_SECRET 81cbab1507f64b1013a954fb2683c815abca6ddbdbe037c4b5bc48a36363e3c0 5d46f060f9d3e0c5d3d3caea1aea01dec48444c9df19521c990f01d9251faeae
SERVER_TRAFFIC_SECRET_0 81cbab1507f64b1013a954fb2683c815abca6ddbdbe037c4b5bc48a36363e3c0 09cfb5dbed3eacf714e3590c71377a216b5b2a5a0fe87dbf868be4a73f87123e
CLIENT_TRAFFIC_SECRET_0 81cbab1507f64b1013a954fb2683c815abca6ddbdbe037c4b5bc48a36363e3c0 9bc2e44f41749543c4cf38d90125bb09ac99b988e8be304e5f7e40a2ff0e07df
SERVER_HANDSHAKE_TRAFFIC_SECRET 779235148876bb9ca9f8dc899c4ef719097ca47acb958b97faae63b8e8b4a650 39cde8ee6ef268db51a41e4bb2d53df23019403278a8bf0b6117fb421ca12714
CLIENT_HANDSHAKE_TRAFFIC_SECRET 779235148876bb9ca9f8dc899c4ef719097ca47acb958b97faae63b8e8b4a650 838ece9fa14282842f337869fe1ecf81ef9a530bfcbae2aba6d6ef788da7cdb6
SERVER_TRAFFIC_SECRET_0 779235148876bb9ca9f8dc899c4ef719097ca47acb958b97faae63b8e8b4a650 bef55e660c6c71038d6e52b7222e80b88353b4577bbee20ed3329ba1537922af
SERVER_HANDSHAKE_TRAFFIC_SECRET cb9b02146362a1488cd81c5b2ae0809a819e56821291481aa78bf538ccd76af1 77ccac42a7a39ed019fcb13bdfc81093a910d637c050607feb23923d707b3c26
CLIENT_HANDSHAKE_TRAFFIC_SECRET cb9b02146362a1488cd81c5b2ae0809a819e56821291481aa78bf538ccd76af1 06c3ec29f294d1418c643267caf4499367ad54561a2b5852c0e1f941574ca8c4
SERVER_TRAFFIC_SECRET_0 cb9b02146362a1488cd81c5b2ae0809a819e56821291481aa78bf538ccd76af1 b450301bcbf8be2eeb7bb2a781bc0a200c103f19acf12a6a8aeadd7f3eed9dbd
CLIENT_TRAFFIC_SECRET_0 cb9b02146362a1488cd81c5b2ae0809a819e56821291481aa78bf538ccd76af1 9d9013f3ea1dfe6c8baa6e37342cda09607aa80adae21be48ce6969155467a92
SERVER_HANDSHAKE_TRAFFIC_SECRET 9a2b2a55dfb66820d546ab8702274a35052346b16289d761c65ae53eafa51b74 cea893440e99ee34da1d2eb9551bd27bdac7875f8f755922637a94c5d5df64f7
CLIENT_HANDSHAKE_TRAFFIC_SECRET 9a2b2a55dfb66820d546ab8702274a35052346b16289d761c65ae53eafa51b74 65bfee9115770aff5ac6c69bb0a6ab6f1a66870d7eb4d1f8d2398c3a555b0fcd
SERVER_TRAFFIC_SECRET_0 9a2b2a55dfb66820d546ab8702274a35052346b16289d761c65ae53eafa51b74 8ab68cb8fe56da4d8cb73e33cf071600300e68ae7cfdacd8bd7c9ca15a9593f1
SERVER_HANDSHAKE_TRAFFIC_SECRET 9740e731c40c856f6a817e689b6ec035398c3a7a5b61c91fef1e44631b670b9f 4a18d58d814e04e7fd85c47eef14be0e802104f90d0a5aba88fa98d331f70198
CLIENT_HANDSHAKE_TRAFFIC_SECRET 9740e731c40c856f6a817e689b6ec035398c3a7a5b61c91fef1e44631b670b9f 86fc5d452072f03ba909237b12200ecf567b72dc72183e77743fbf2ae951aceb
SERVER_TRAFFIC_SECRET_0 9740e731c40c856f6a817e689b6ec035398c3a7a5b61c91fef1e44631b670b9f 4dc3aac0ebd3e8249d01839d922aeff8ceb7cdc220f8350924be59a4e94e8089
SERVER_HANDSHAKE_TRAFFIC_SECRET 4a19c98e45890102563407c1a0116d47c9a7f89728376a24d8b78ba817cfd36d 42e304511e651316d7f3f27b8a5021e202f3a5d66647a057552d092c0e5f658c
CLIENT_HANDSHAKE_TRAFFIC_SECRET 4a19c98e45890102563407c1a0116d47c9a7f89728376a24d8b78ba817cfd36d 3db6e1b9f526e6f74012c368bf036100dc2cdbb9024f0ecb24aee6ce5d11b827
SERVER_TRAFFIC_SECRET_0 4a19c98e45890102563407c1a0116d47c9a7f89728376a24d8b78ba817cfd36d 919b2bcd0aa000af23064bea5f80393085b76e03e4d2c53ae5ec57fcd0c420ce
CLIENT_TRAFFIC_SECRET_0 4a19c98e45890102563407c1a0116d47c9a7f89728376a24d8b78ba817cfd36d 5633db6a1a59c7ce5f26010b209325e178be64742277d48af136ce65cb901656
SERVER_HANDSHAKE_TRAFFIC_SECRET 9ce26a98fb4391abbe804e494fa14c626983d684670cad0d66ea23d304c8dbed 15f4b72b41c58000bb18f050efb8f322cf1a291f44803561fab9c6286cc4d157
CLIENT_HANDSHAKE_TRAFFIC_SECRET 9ce26a98fb4391abbe804e494fa14c626983d684670cad0d66ea23d304c8dbed 8a5827a7d7874ca42887cd26876beadce5b4b9095c9c8d83468f8208e0255c09
SERVER_TRAFFIC_SECRET_0 9ce26a98fb4391abbe804e494fa14c626983d684670cad0d66ea23d304c8dbed fec2c2ee8be9105ca40ff8b9afdc944163d02deafb6a310d0638bcdd094db517
CLIENT_TRAFFIC_SECRET_0 9ce26a98fb4391abbe804e494fa14c626983d684670cad0d66ea23d304c8dbed c0cdb595602d28bd35d2e6621d77ac26806436e299f21fe08706cef47e040c33
SERVER_HANDSHAKE_TRAFFIC_SECRET 879f77e9f1ed733099e799040be0d90dc557b043b5d7fac0f5455ee9a1b07464 cd8716b0fde6acc2c335c063621d3f1336ec3bf09a5ec78b4cd1c079f5a4e391
CLIENT_HANDSHAKE_TRAFFIC_SECRET 879f77e9f1ed733099e799040be0d90dc557b043b5d7fac0f5455ee9a1b07464 0f5da7b92d4d2b64b41d4e357ac4a9cea768915ae06f4df3010f13d58061b5f8
SERVER_TRAFFIC_SECRET_0 879f77e9f1ed733099e799040be0d90dc557b043b5d7fac0f5455ee9a1b07464 8a75331bfccad9c7f74fc9181ad2dfd9ee84b1822045feab684cd51e3abf47dd
CLIENT_TRAFFIC_SECRET_0 879f77e9f1ed733099e799040be0d90dc557b043b5d7fac0f5455ee9a1b07464 a3cb6838660b0501351dfb32a3253f66c637af211b67256bbb91abd12fb4b9c7
SERVER_HANDSHAKE_TRAFFIC_SECRET 1d404bf12955f87a0f15535882a0d1b08a17d92c8668027d7a7199eb1b0a3b77 58f7649a9d4731e615f396dc39f0cc833ee21b5cc88460236120eacf96600e91
CLIENT_HANDSHAKE_TRAFFIC_SECRET 1d404bf12955f87a0f15535882a0d1b08a17d92c8668027d7a7199eb1b0a3b77 1b5f91d2baa3176aa6acbb323d16c4525c6169f5d721043cd26714f376ff32b0
SERVER_TRAFFIC_SECRET_0 1d404bf12955f87a0f15535882a0d1b08a17d92c8668027d7a7199eb1b0a3b77 f2b9790e11c746397e59d8e0128221f9bf85bf7b559e940a3ed3ce215b81956b
CLIENT_TRAFFIC_SECRET_0 1d404bf12955f87a0f15535882a0d1b08a17d92c8668027d7a7199eb1b0a3b77 6b353834cc94808715c398b58bd2ed1aa407ca07b27454715fcf28dd7f3fab0d
SERVER_HANDSHAKE_TRAFFIC_SECRET c1c785628917d05d167b3405607242c83c1d8e03d7d15abc1dfeecfdbd209577 8a4d83ff5b91301f16d40d28b6060f9e677e5ca0a965a7c3de1a0de9a5ff40f3
CLIENT_HANDSHAKE_TRAFFIC_SECRET c1c785628917d05d167b3405607242c83c1d8e03d7d15abc1dfeecfdbd209577 06941c9539c2368d5b2c46ffa22f6cee2406ad46edfc007c07cbe2d0046bbb02
SERVER_TRAFFIC_SECRET_0 c1c785628917d05d167b3405607242c83c1d8e03d7d15abc1dfeecfdbd209577 9c1bcb9a91684ce426782bbb89d24ab99e7ea87e749c8bd578ad1b49d5cc24af
CLIENT_TRAFFIC_SECRET_0 c1c785628917d05d167b3405607242c83c1d8e03d7d15abc1dfeecfdbd209577 646a1475544a873132a590060e0483e1c7c28d99ce205876e2de8159a1029069
SERVER_HANDSHAKE_TRAFFIC_SECRET 8433138c71c97f7e8b65b12668ed7e4cbb0a97dd4eb6f7510ee5fd574ace3714 fa94ac3f86443d222576bab7201a1aa6cd0bf6e4bedf9c28fa01416259581799
CLIENT_HANDSHAKE_TRAFFIC_SECRET 8433138c71c97f7e8b65b12668ed7e4cbb0a97dd4eb6f7510ee5fd574ace3714 4532930506e45b3bc6bcbd0f80f75431d69630154d6e045f7ddb1b01b7ba7f27
SERVER_TRAFFIC_SECRET_0 8433138c71c97f7e8b65b12668ed7e4cbb0a97dd4eb6f7510ee5fd574ace3714 15ad6f5ba888f20b7ad0265a3727ac44e93f8c92a145a80902c642974035f2a4
CLIENT_TRAFFIC_SECRET_0 8433138c71c97f7e8b65b12668ed7e4cbb0a97dd4eb6f7510ee5fd574ace3714 044c49d59d8b73c06c4b1d3f101b21c32dae3378c5d05776e0fb80cf3de89aed
SERVER_HANDSHAKE_TRAFFIC_SECRET 9eae43a6f9fae0b165bc5e39af24b0b65da105e286896708239dfebe4ee68a14 dd8cbde764b3064ac62a8ed461e889211cdc7d96209ca10bd04490a253145e85
CLIENT_HANDSHAKE_TRAFFIC_SECRET 9eae43a6f9fae0b165bc5e39af24b0b65da105e286896708239dfebe4ee68a14 18131e46947ed55dc854c3a3140f8874540f41151d65ac43a803692dcc3cb991
SERVER_TRAFFIC_SECRET_0 9eae43a6f9fae0b165bc5e39af24b0b65da105e286896708239dfebe4ee68a14 05e0a2f354fd041a97cf97463b03104de8c5fd07e4128d36187164c43739e4bb
CLIENT_TRAFFIC_SECRET_0 9eae43a6f9fae0b165bc5e39af24b0b65da105e286896708239dfebe4ee68a14 68414b11e59ba3757faa9bdbc8a4780affacb8208841eeb4186491ae895304a8
SERVER_HANDSHAKE_TRAFFIC_SECRET 661cc85f3615d29b9bebafbd89cd89f45d0d898df74ae11c6e11aa3b5c7346ce a57db770771ae3391b05815b5c6abee1fee429f2ffd4564c539abd0f45dae768
CLIENT_HANDSHAKE_TRAFFIC_SECRET 661cc85f3615d29b9bebafbd89cd89f45d0d898df74ae11c6e11aa3b5c7346ce 8f90c65d812838d497a4b3d8ab19782e9ee67c55b7cbebe2d17ab2aa0911cc8d
SERVER_TRAFFIC_SECRET_0 661cc85f3615d29b9bebafbd89cd89f45d0d898df74ae11c6e11aa3b5c7346ce 0e18bdc2b2880361f51a311444719e3a03474c5f68ecab9355be32a060163c74
SERVER_HANDSHAKE_TRAFFIC_SECRET 5bcbe024c52f3eb7b3ac04b0dc18ddbd0c4525fedfa29192233619750d7a386c 5d6775bcf862ea29c414b27e24fde1de2c6fb4b3983963cf4345684f1ac08856
CLIENT_HANDSHAKE_TRAFFIC_SECRET 5bcbe024c52f3eb7b3ac04b0dc18ddbd0c4525fedfa29192233619750d7a386c da6eed29d39f2672cf5b171dc390b2a29be887dfe42bdbcaf36797b5b4234a7d
SERVER_TRAFFIC_SECRET_0 5bcbe024c52f3eb7b3ac04b0dc18ddbd0c4525fedfa29192233619750d7a386c 7742eb238d7002fa353ca92cf5138228fbc15b3039708b66643d41d4864c254b
CLIENT_TRAFFIC_SECRET_0 5bcbe024c52f3eb7b3ac04b0dc18ddbd0c4525fedfa29192233619750d7a386c fea1f39f59943551c2e316715d689ad3371a94d2d2cf031ecc003f4360546a95
SERVER_HANDSHAKE_TRAFFIC_SECRET a7e003f12c8f50f1af3a371afb04786e11e7099b446f6d42503652b161ed0724 91384c3458d1192a45debe094702406ffb4c478a2248dbd7196c1d4954648194
CLIENT_HANDSHAKE_TRAFFIC_SECRET a7e003f12c8f50f1af3a371afb04786e11e7099b446f6d42503652b161ed0724 92cef25c6fe6dffdcf6baecb56c1826218dd0b242e487115ba89fda90a049b5b
SERVER_TRAFFIC_SECRET_0 a7e003f12c8f50f1af3a371afb04786e11e7099b446f6d42503652b161ed0724 8cf4d9538232bc4e4c3b7e66d8349af0ce4a13df00dcad04b27926250d86f5d4
SERVER_HANDSHAKE_TRAFFIC_SECRET 4fe9c36630019e1ad0821146e8c805036602fdb55aa470d42e67141dbe9768ac 2fece32571ed32cadc9ac1731cb741f2a160cb991c45f2f3eba8956b4146c7ec
CLIENT_HANDSHAKE_TRAFFIC_SECRET 4fe9c36630019e1ad0821146e8c805036602fdb55aa470d42e67141dbe9768ac 5daa832d727f12487b699e424a205b6b35812c9caa64205eba189ef28b64aa0c
SERVER_TRAFFIC_SECRET_0 4fe9c36630019e1ad0821146e8c805036602fdb55aa470d42e67141dbe9768ac 437f7302fb79153e22ef9c9f05cc2a576550c6b138d370df1c33e7d9ce954531
SERVER_HANDSHAKE_TRAFFIC_SECRET e2d92ae54be283273740fc399de2c1222ec854f27ddb4e37d8eec6ddfd600ef3 2f7bc5fbf8628f0d64cbb5b92961f2b27b74708e408f217839f47b2d92501e95
CLIENT_HANDSHAKE_TRAFFIC_SECRET e2d92ae54be283273740fc399de2c1222ec854f27ddb4e37d8eec6ddfd600ef3 a93a89ca3e860fa19bc68cb66315b7c511b46c9ff0cc23accd269142a888891a
SERVER_TRAFFIC_SECRET_0 e2d92ae54be283273740fc399de2c1222ec854f27ddb4e37d8eec6ddfd600ef3 538847226dc2e98a511a36c605eb5de31ddb3092fc8880aba4d80f6dcd9f5aab
CLIENT_TRAFFIC_SECRET_0 e2d92ae54be283273740fc399de2c1222ec854f27ddb4e37d8eec6ddfd600ef3 5da7a6e2e0b9646cf8aaf05bc87c65393bf5a13ca3687787095b9d70aaf8c4b1
SERVER_HANDSHAKE_TRAFFIC_SECRET c57e34abc33b07b3a4114e0db4594accbd07d0fcdf0b9f6437c6bc163bd77ff0 2d679b568e214976fbb29eb9a9b3ab74a44285a1295dac39b0e08b933fc8b096
CLIENT_HANDSHAKE_TRAFFIC_SECRET c57e34abc33b07b3a4114e0db4594accbd07d0fcdf0b9f6437c6bc163bd77ff0 d55708683b00e3e891039c533715497bf07bb234fbd31c72f10a2ca5aa71d314
SERVER_TRAFFIC_SECRET_0 c57e34abc33b07b3a4114e0db4594accbd07d0fcdf0b9f6437c6bc163bd77ff0 d5c526f3d25b46f29f14245fd5d1b3fc5b84e7fa4fc0c6bedacc7d7bb5c89af2
CLIENT_TRAFFIC_SECRET_0 c57e34abc33b07b3a4114e0db4594accbd07d0fcdf0b9f6437c6bc163bd77ff0 08ea51c4964e43ca2c79b3c8dad8dd0b548f4cb947097cb6e3a5c4e65d4e961e
SERVER_HANDSHAKE_TRAFFIC_SECRET a0f353b7194cd382cfb63284944329da7d7fc7b757326bbd8cb5db2a5c081764 29aff0c111519098f828db0065b013a4460d4cd31e6c2bc48b853ac1aeb2ba1f
CLIENT_HANDSHAKE_TRAFFIC_SECRET a0f353b7194cd382cfb63284944329da7d7fc7b757326bbd8cb5db2a5c081764 87eb19cc53d03c6f9a5ec50ab6469c409e56b05896d01b7ff4e83de34f7e5cda
SERVER_TRAFFIC_SECRET_0 a0f353b7194cd382cfb63284944329da7d7fc7b757326bbd8cb5db2a5c081764 8bec0e6c70b97efcf020a93f5dc70f089d0decbef762e773fae46a5fe143dbca
CLIENT_TRAFFIC_SECRET_0 a0f353b7194cd382cfb63284944329da7d7fc7b757326bbd8cb5db2a5c081764 d9ec088e014855a5c59fadc226efdf7ef01673e3834a9508d8188d9c83ebe918
SERVER_HANDSHAKE_TRAFFIC_SECRET 559b5289c29c5cb763dae222eeee2629fd343e7580be0122749965e100d3ac0b c0486ca1beebf1d446be960ad3dd040e40940eec4f32111d5d9efc9693a70081
CLIENT_HANDSHAKE_TRAFFIC_SECRET 559b5289c29c5cb763dae222eeee2629fd343e7580be0122749965e100d3ac0b 671d4dc1b24b9b4c12eef5ebdcc62dfbc460479c56caeb065e9c079f2bea51b8
SERVER_TRAFFIC_SECRET_0 559b5289c29c5cb763dae222eeee2629fd343e7580be0122749965e100d3ac0b c034b3a70eee3619e1342f53347d27a1f0da8b5ad176b704fbfa96fdab5d4143
SERVER_HANDSHAKE_TRAFFIC_SECRET 594d2590b36a94821a88bde621ad99929d67c72df24340f4c538ff8c46636cc8 d47f754cc37df5298fd8cf2c8d44ff50b8e5d1b86635dbe3938533ec1d0d32fa
CLIENT_HANDSHAKE_TRAFFIC_SECRET 594d2590b36a94821a88bde621ad99929d67c72df24340f4c538ff8c46636cc8 9b863c0d9e4d061ad772e471e4d6ca4f91d0b8b12227ff98c509f74d46c1a89a
SERVER_TRAFFIC_SECRET_0 594d2590b36a94821a88bde621ad99929d67c72df24340f4c538ff8c46636cc8 d5a6f9609132612f0a0d9bf37b5cd0ea1ea10faffe2b25d1c29c5540da03e808
SERVER_HANDSHAKE_TRAFFIC_SECRET 0139e6c241da73efdb311539eec5548a7af4b9df5478396e0ee9c2500fd350cc 91a2f607fcab2c8164ea6a9195fd2b981c8ba323838dae861ae0d5ba12dfdd14
CLIENT_HANDSHAKE_TRAFFIC_SECRET 0139e6c241da73efdb311539eec5548a7af4b9df5478396e0ee9c2500fd350cc c8516e4e340460689887fd49309e2b2996d487b8dcbf64dd5d432259dbe1512c
SERVER_TRAFFIC_SECRET_0 0139e6c241da73efdb311539eec5548a7af4b9df5478396e0ee9c2500fd350cc 11f7c396498f5dede406744cc08b0eddc6e6c2c0c4b812b8490d4be40c985496
CLIENT_TRAFFIC_SECRET_0 0139e6c241da73efdb311539eec5548a7af4b9df5478396e0ee9c2500fd350cc 2cabe5c991a10f4ff13336caae589dedb422da8fe7eed11ecc58e24a41d93586
SERVER_HANDSHAKE_TRAFFIC_SECRET 9242d0e788b46ac1f7f6a9ab39f734a7d6ac13890c64a240cd3273bc2486b1b8 49b786d83c53d99c28e90895b3236a7953ba00cbe9d67d468f7df79bbbf1493f
CLIENT_HANDSHAKE_TRAFFIC_SECRET 9242d0e788b46ac1f7f6a9ab39f734a7d6ac13890c64a240cd3273bc2486b1b8 d3d509affe848e46d1758fab876580bedbfc6c9fc80e03921715ee08238bce5d
SERVER_TRAFFIC_SECRET_0 9242d0e788b46ac1f7f6a9ab39f734a7d6ac13890c64a240cd3273bc2486b1b8 1a2b1955739ce997a65104e234e01d48f92febfd7635fd671b832f08ea30500d
CLIENT_TRAFFIC_SECRET_0 9242d0e788b46ac1f7f6a9ab39f734a7d6ac13890c64a240cd3273bc2486b1b8 448c425f54542f2167fa1bf542945e356d452a32de3ca81c49270fb39ad93e39
SERVER_HANDSHAKE_TRAFFIC_SECRET 1cbd13c48eab72c72930c9a1ed0d00d8cb45d9d2a4637509bf3c79e83dc17b43 c01e16ce0a9b504fb93ae2701a5fe2b88fd43a8c495216a7cc4345296cf43afd
CLIENT_HANDSHAKE_TRAFFIC_SECRET 1cbd13c48eab72c72930c9a1ed0d00d8cb45d9d2a4637509bf3c79e83dc17b43 8eb0864d09f78f70fcd575dd8b0fb11871db023c7c91e8ae7e7cc1c6564652e4
SERVER_TRAFFIC_SECRET_0 1cbd13c48eab72c72930c9a1ed0d00d8cb45d9d2a4637509bf3c79e83dc17b43 364583c0ed4c902042360795cadc13b362e2de9c5c9f0cb4e3dc697c1b71df55
SERVER_HANDSHAKE_TRAFFIC_SECRET 277269a2e78c2cbed683dcb99baf21904e59c58d39030d008e55a2801eee47c1 939b03491af2c15718130ff20d55a2da07029ef8338c076bf674951dd4225a8a
CLIENT_HANDSHAKE_TRAFFIC_SECRET 277269a2e78c2cbed683dcb99baf21904e59c58d39030d008e55a2801eee47c1 91a752ba2b7c83b5cb30e6a713546fc0bc4258ae719335b148029682440539c1
SERVER_TRAFFIC_SECRET_0 277269a2e78c2cbed683dcb99baf21904e59c58d39030d008e55a2801eee47c1 a38ada42cbcd236c67b4b3d1007c8dd2068b1ddd2c722ed9d049d0b7511dde08
SERVER_HANDSHAKE_TRAFFIC_SECRET 33a6e63020535b84fec348aa34a7e407a2a08b2a452043342eeabaa2003b00bc 8f7e397b8b700f94260496dacbf2d13bb04fe7da81a99856da324beca486eb70
CLIENT_HANDSHAKE_TRAFFIC_SECRET 33a6e63020535b84fec348aa34a7e407a2a08b2a452043342eeabaa2003b00bc a9f0129d4a275212587d2225b6b5ddd95dc4752bf9032ef7822cb8a3e93b6030
SERVER_TRAFFIC_SECRET_0 33a6e63020535b84fec348aa34a7e407a2a08b2a452043342eeabaa2003b00bc 12ec53f124af89829fa6461db79f716b6882cd9c0a761d1f98d126dfca436cb0
SERVER_HANDSHAKE_TRAFFIC_SECRET 8e014b85ea480132dc629cee481412c799d84aa1cf63b32071addc30e695d275 0dd91d1baa9a0952f49fd5b7d73308971e28f4d8bbb1f60c399d183ccf1812a0
CLIENT_HANDSHAKE_TRAFFIC_SECRET 8e014b85ea480132dc629cee481412c799d84aa1cf63b32071addc30e695d275 aa4e2f6818677cea7de945231073d0cc2a0bc7844641a89a4af1103c770b8b7f
SERVER_TRAFFIC_SECRET_0 8e014b85ea480132dc629cee481412c799d84aa1cf63b32071addc30e695d275 c4258ef2b11dd8fd30a1e0af55e39ce90b79edcd76d8f7d946b126e2a66ff8c1
CLIENT_TRAFFIC_SECRET_0 8e014b85ea480132dc629cee481412c799d84aa1cf63b32071addc30e695d275 e353c9fcb00c704b814e5b6c156a53e3dbe145f44bb9de889cf3c51cbb5aef2c
SERVER_HANDSHAKE_TRAFFIC_SECRET 57fffaeea4e8787d116b8134876652cbe0a2b53ec257aae5724ed44ac9f3261a 84b4c3638dd63bda4faff4093b01df26b2537e108684d350b4db582c93143a8d
CLIENT_HANDSHAKE_TRAFFIC_SECRET 57fffaeea4e8787d116b8134876652cbe0a2b53ec257aae5724ed44ac9f3261a 4af5de97f17921d89e1a3a2aa0c35e82c6bc2c7909cba23737584b0db2ff7f3f
SERVER_TRAFFIC_SECRET_0 57fffaeea4e8787d116b8134876652cbe0a2b53ec257aae5724ed44ac9f3261a 6b27c84b14e481872db46cf6586754196a4c3d8afdc6d68cc3928e91db297265
CLIENT_TRAFFIC_SECRET_0 57fffaeea4e8787d116b8134876652cbe0a2b53ec257aae5724ed44ac9f3261a 49475cb47cdba9ba312e8637b36395ed8ffac040e124a69a30cce78ea6a44959
SERVER_HANDSHAKE_TRAFFIC_SECRET 5d52a5372c9b599486ddd79e882c36d4a97c478944509f92ca472fa1ae416ac7 7223ca428fac8c4bc74a04d0d4f4343c2f1601d96b95980a12e7cc86e49e1fec
CLIENT_HANDSHAKE_TRAFFIC_SECRET 5d52a5372c9b599486ddd79e882c36d4a97c478944509f92ca472fa1ae416ac7 920cd8d4648366479766937a29a9d05a9f398953a94cd28289cc63f68d6fd010
SERVER_TRAFFIC_SECRET_0 5d52a5372c9b599486ddd79e882c36d4a97c478944509f92ca472fa1ae416ac7 f4791664783113bd64e0f6a13db3fa2af36f773fca2adeb45f3e3161ae600697
CLIENT_TRAFFIC_SECRET_0 5d52a5372c9b599486ddd79e882c36d4a97c478944509f92ca472fa1ae416ac7 50b4981f94da5c91f27d2060a5c5879ef7461dcba0c5920db423bcaea2e163fb
SERVER_HANDSHAKE_TRAFFIC_SECRET 7e151dbc6e7a2f4d470d77289072f3ce4629a5e8d85760aa07d2bacb8599fbd6 f5bbc3f48ba2083d074f5ff96938d6aa25447e0fa1de8f7437450d8042730e27
CLIENT_HANDSHAKE_TRAFFIC_SECRET 7e151dbc6e7a2f4d470d77289072f3ce4629a5e8d85760aa07d2bacb8599fbd6 0cbf1cfab51ab105ec6e6f699b1fc8a4b0c292eb22d6cfc7733c498c05d02d12
SERVER_TRAFFIC_SECRET_0 7e151dbc6e7a2f4d470d77289072f3ce4629a5e8d85760aa07d2bacb8599fbd6 e7b2194bb77c97faf4561e621ea8c0b90add9fbfcdfe1ba2d81004ce0becf2b9
CLIENT_TRAFFIC_SECRET_0 7e151dbc6e7a2f4d470d77289072f3ce4629a5e8d85760aa07d2bacb8599fbd6 73cf791379181bd48dae9a946074859177e66c92239be761e311c7f8c506f0df
SERVER_HANDSHAKE_TRAFFIC_SECRET 0ba60aea40c04dcb5509771cb508b1b82b1b8ef51439a1fe14f33e1e857a563e d6206c74bd8b66f7055efa2b5c7021081dc714cfe85785deec7f5e116e7e5567
CLIENT_HANDSHAKE_TRAFFIC_SECRET 0ba60aea40c04dcb5509771cb508b1b82b1b8ef51439a1fe14f33e1e857a563e 4a944ee00c790e1b360ab44f80291703c0b4af5f0df39152d09f70a29a1e7700
SERVER_TRAFFIC_SECRET_0 0ba60aea40c04dcb5509771cb508b1b82b1b8ef51439a1fe14f33e1e857a563e 74c40804abe2ea7b4ae1b8d19c2ac3b9c68bad01a60f31ef130e83c96943875f
CLIENT_TRAFFIC_SECRET_0 0ba60aea40c04dcb5509771cb508b1b82b1b8ef51439a1fe14f33e1e857a563e 0ee828ab3a7e13e43a1eb73a1cf6fb19d1a9c8b1d17ba6ccbc1daf0143c4d1b3
SERVER_HANDSHAKE_TRAFFIC_SECRET 8146b8d7d5ee960fcfd166e32fdbd783865d9d9526f116994291c326572d9bb1 f009e9115efe4a25e2ffdc069b2e4880174dbbcb04ac873f0d3cb68453130a1a
CLIENT_HANDSHAKE_TRAFFIC_SECRET 8146b8d7d5ee960fcfd166e32fdbd783865d9d9526f116994291c326572d9bb1 5c5d91a20d5416c7fcfec97bc2c962a72225109c530751a8df9a85b761797787
SERVER_TRAFFIC_SECRET_0 8146b8d7d5ee960fcfd166e32fdbd783865d9d9526f116994291c326572d9bb1 af3d89eb743c40245c7e7b465db43f20129c3f324c8f7e1cba4e7dae9d87cc86
CLIENT_TRAFFIC_SECRET_0 8146b8d7d5ee960fcfd166e32fdbd783865d9d9526f116994291c326572d9bb1 03e9dd5467aa85a5cad68698e2a071337ab8c8b2811c8573e4c26b9aac39ab9c
SERVER_HANDSHAKE_TRAFFIC_SECRET 301cc3d8eef53f56246ca7856e3a95b044301a619cc6fcc86c12337df977d4d3 a970120ef46e025d525b7699398535082cbf207d41c677f74d7193278f39cf4e
CLIENT_HANDSHAKE_TRAFFIC_SECRET 301cc3d8eef53f56246ca7856e3a95b044301a619cc6fcc86c12337df977d4d3 59304faa7aa9ba15c9b3272ce08c34d05f2a98401e3b60dd564ff83df1446b97
SERVER_TRAFFIC_SECRET_0 301cc3d8eef53f56246ca7856e3a95b044301a619cc6fcc86c12337df977d4d3 64bd45848236c5f5f8fe0a64fb99cb00286f4307622724b1cbdfad124e1b8d51
SERVER_HANDSHAKE_TRAFFIC_SECRET 1974c10f79004aeee6140f47314854d97e742194868e605e21f2271d1154e612 eb7f6cf051b1a4f3e20551fce5af5dd2b2ff2fdc69b1748dabc6955b4a8d4aa0
CLIENT_HANDSHAKE_TRAFFIC_SECRET 1974c10f79004aeee6140f47314854d97e742194868e605e21f2271d1154e612 2cac100b3f894800b156dcc0440096359cd211d936f3134e47d7885ddbe4b851
SERVER_TRAFFIC_SECRET_0 1974c10f79004aeee6140f47314854d97e742194868e605e21f2271d1154e612 2ec804f05b6a7ca71898c4e33703beb9aad4de49a8d5291e425e19025294f423
SERVER_HANDSHAKE_TRAFFIC_SECRET 656695cbf3e693707b52a7275ac7ea1ae052c40fc7c365b4b27c9012048d6ebd 568dcaaee82efbfa952137d92b4bc798a07c36a6fa41c1abc61ba3a530227ab4
CLIENT_HANDSHAKE_TRAFFIC_SECRET 656695cbf3e693707b52a7275ac7ea1ae052c40fc7c365b4b27c9012048d6ebd fbf119b317c2129b8120312949014a499b101d958c7da1059cb2a51d8664c196
SERVER_TRAFFIC_SECRET_0 656695cbf3e693707b52a7275ac7ea1ae052c40fc7c365b4b27c9012048d6ebd c18d7672af424d74d3ddaef8ae705c09b6536886f5d1af56fa280b230cdf5b51
CLIENT_TRAFFIC_SECRET_0 656695cbf3e693707b52a7275ac7ea1ae052c40fc7c365b4b27c9012048d6ebd dfde8eed7be29c8e89f19235be053416a2734a200c62a93fe3c44ec0b4324e3b
SERVER_HANDSHAKE_TRAFFIC_SECRET 6d634a780f55e4e49ff89b3b225db18302cc6b82b6bd0cb6c7a6c1c7a2d913af d4b6e2c67f547971880bc58b36756d2e8aa0f98cb6a72436759c91ed820b95ce
CLIENT_HANDSHAKE_TRAFFIC_SECRET 6d634a780f55e4e49ff89b3b225db18302cc6b82b6bd0cb6c7a6c1c7a2d913af 6b3c8942fddf1107980764baa18739cf1ce547c5ea226098b95a209f83c5b440
SERVER_TRAFFIC_SECRET_0 6d634a780f55e4e49ff89b3b225db18302cc6b82b6bd0cb6c7a6c1c7a2d913af d3a7681e9791cab14ed9805d6179ad28e47cb723b31253dbc7fff9b02f3a2582
SERVER_HANDSHAKE_TRAFFIC_SECRET ce47142812cd8e4dffbd3a023d6d373c920f5826f23519c2080540f2821d9253 41e2cd5f15ee23a41652801fce8000f09e395b70eb1ff9f37423907adf644d6c
CLIENT_HANDSHAKE_TRAFFIC_SECRET ce47142812cd8e4dffbd3a023d6d373c920f5826f23519c2080540f2821d9253 b1ec997a229e8893405060fcb440506c21f026d8b73d4f10ec4937ca5a7c6f0a
SERVER_TRAFFIC_SECRET_0 ce47142812cd8e4dffbd3a023d6d373c920f5826f23519c2080540f2821d9253 ad33d16b9dc6b96950e7609fe34d22cb2363906961d2506cae7a746a447d2812
SERVER_HANDSHAKE_TRAFFIC_SECRET 5f40185e7a14d5c70686b8e76ef06dd7c0f25f04cdf813d8ae421197c3e2bc57 b8f3a1146eac0d355d707531b03417bedd19006aaa588d5dbeda1f0bf5200325
CLIENT_HANDSHAKE_TRAFFIC_SECRET 5f40185e7a14d5c70686b8e76ef06dd7c0f25f04cdf813d8ae421197c3e2bc57 24c541a02e7e377dcc551e270a663c8746c5f2e9c8b77f271742daa11581a368
SERVER_TRAFFIC_SECRET_0 5f40185e7a14d5c70686b8e76ef06dd7c0f25f04cdf813d8ae421197c3e2bc57 5a407decaebaeab5fba403624191c8c3b3bfd95d3e1e8f665bdee3ee9a77e846
SERVER_HANDSHAKE_TRAFFIC_SECRET 01920be2962a50270f7094431386618cf6e821878139453ab6904299b518437e 74a9b0e80a0915662790c178638f88d5e486715732f87605ec562df959779ab6
CLIENT_HANDSHAKE_TRAFFIC_SECRET 01920be2962a50270f7094431386618cf6e821878139453ab6904299b518437e f7efe36b5a14b31672170f364faebee597a22bbe2c060aaf6da8011edcd1bf64
SERVER_TRAFFIC_SECRET_0 01920be2962a50270f7094431386618cf6e821878139453ab6904299b518437e 4c487a52e53a1433b8a6834f2623c8a22cbeac6cda71a36f0b35598fc9dd73d1
SERVER_HANDSHAKE_TRAFFIC_SECRET ebc45a942aace7f67b5184dfcfdf7f7a10fee4566914e42a14cf787128003f30 0874683e9225b24ba4bfff3bece1ad79436ea4ee03dbe795bd3b71e3906907ed
CLIENT_HANDSHAKE_TRAFFIC_SECRET ebc45a942aace7f67b5184dfcfdf7f7a10fee4566914e42a14cf787128003f30 3ed1feba568c4b57467054e2bbe69b9c7df574fd8562b31fa4abaaaecefc919f
SERVER_TRAFFIC_SECRET_0 ebc45a942aace7f67b5184dfcfdf7f7a10fee4566914e42a14cf787128003f30 6aebc16de7c6459326050f5796e425d92eb6fb077186794ca2e34177e60a55b9
SERVER_HANDSHAKE_TRAFFIC_SECRET 097d1d3d69c7b84929d78d065245546de78fdf47aafe9aa6a4677d3c555e18eb 06b15a48a23071889285048e160449e0d6e035b2908abb8643c3fd0194f63d56
CLIENT_HANDSHAKE_TRAFFIC_SECRET 097d1d3d69c7b84929d78d065245546de78fdf47aafe9aa6a4677d3c555e18eb e67c60c4fb2166157e4070c1c74fd1c336c45395db180a599d22ed61ec1c0465
SERVER_TRAFFIC_SECRET_0 097d1d3d69c7b84929d78d065245546de78fdf47aafe9aa6a4677d3c555e18eb d34072810c19411ee81da94ae18804c16f8fdd38ab1187e0b1f5508e16837414
SERVER_HANDSHAKE_TRAFFIC_SECRET 24f661ac650f353d27cf7bae7d1c72b8ff11166742e1e7306c26fda5e9a1cdbb 4502a7007ae3b6c006711179694de47a04c00979cd87ea7a79d211a4404caeb0
CLIENT_HANDSHAKE_TRAFFIC_SECRET 24f661ac650f353d27cf7bae7d1c72b8ff11166742e1e7306c26fda5e9a1cdbb 0410eb1b0dc27413c4b0652f4cbdb176e7f207317b610032e45c9e53fde954e9
SERVER_TRAFFIC_SECRET_0 24f661ac650f353d27cf7bae7d1c72b8ff11166742e1e7306c26fda5e9a1cdbb b91973e87223a7c898a0a4dddcad6597e1cfe6e2a54cbe0ad6a0ef07f963ac75
SERVER_HANDSHAKE_TRAFFIC_SECRET 0a8f859b4368f05a69c982ffa3a03717eb44ddff475b9905aaaec077e0ea3e41 c7160a389d62f61511cea11e68cadf786c4a397bf845057f4f19138726486a9e
CLIENT_HANDSHAKE_TRAFFIC_SECRET 0a8f859b4368f05a69c982ffa3a03717eb44ddff475b9905aaaec077e0ea3e41 b85ac5c875e63ac8099ace29d894ad8b7737bb6ef97ef6bd9346b4b78f889f66
SERVER_TRAFFIC_SECRET_0 0a8f859b4368f05a69c982ffa3a03717eb44ddff475b9905aaaec077e0ea3e41 43168737eb2a272cfb903131ee1365f9363fef2a67a9d37d076b386fd8166449
SERVER_HANDSHAKE_TRAFFIC_SECRET d822c23defec010f49b34d7481df8bb5ae201dfc68ba793ce0cb9fdce07236d5 df5f51064f3fd0254e764fa3fe3fb98178e20dfca0bb374bbb4c2e52d2e17d32
CLIENT_HANDSHAKE_TRAFFIC_SECRET d822c23defec010f49b34d7481df8bb5ae201dfc68ba793ce0cb9fdce07236d5 c9ea22c9c76f4d387a035af56aa9cd56c6d374fde7cbabcf8ea6870c1d600d04
SERVER_TRAFFIC_SECRET_0 d822c23defec010f49b34d7481df8bb5ae201dfc68ba793ce0cb9fdce07236d5 b67d59a7592f54c5dbed9027e1ac117465297ff3a511f6e6b7395e939f298a37
SERVER_HANDSHAKE_TRAFFIC_SECRET 0477d91a3643d1260810f33f1a172da7c7d3fe6f342c366a13f3ae2888ab64f0 180a40f3875a54a5bc2404e2b353f7bf1e530defce4b5e71faeabe083fedccd1
CLIENT_HANDSHAKE_TRAFFIC_SECRET 0477d91a3643d1260810f33f1a172da7c7d3fe6f342c366a13f3ae2888ab64f0 2effddca3eb8719b1ac6a715557d6ab0003fe2a89265326d0755df4230a45206
SERVER_TRAFFIC_SECRET_0 0477d91a3643d1260810f33f1a172da7c7d3fe6f342c366a13f3ae2888ab64f0 db17f77205245ba8911f4cf3b07459b9deb8f885b312c6dc3946405fbc3ae12b
SERVER_HANDSHAKE_TRAFFIC_SECRET 54dfada74847a31f33c69542cb28be83ea8fef3bffc8f4614afe53c03e5bcabd 5ae03dcad060454a3d9f9f087a3c419e13431b661d87dca169241e8228fcabb2
CLIENT_HANDSHAKE_TRAFFIC_SECRET 54dfada74847a31f33c69542cb28be83ea8fef3bffc8f4614afe53c03e5bcabd 97ab93ccadf99205e46c5d9791b5d3c68091e56d442d5806fa66d55fa37e7aa9
SERVER_TRAFFIC_SECRET_0 54dfada74847a31f33c69542cb28be83ea8fef3bffc8f4614afe53c03e5bcabd 58a5abce82b73f95f92079458d27582cd142dabed09823069836d02a970c4044
SERVER_HANDSHAKE_TRAFFIC_SECRET 4f28c2e4821e1a3626fb5b42b5be6e8ce7461f1924b2b7a70ca388234a10f67f 2d4448744c81f3287dc4e24292ee3c38f7aec8dafd6e7a96826cc5807d7716a2
CLIENT_HANDSHAKE_TRAFFIC_SECRET 4f28c2e4821e1a3626fb5b42b5be6e8ce7461f1924b2b7a70ca388234a10f67f 324be523f119df0ae27383652fcdc9692c4e48a558416cbd17b1a6e8318b0730
SERVER_TRAFFIC_SECRET_0 4f28c2e4821e1a3626fb5b42b5be6e8ce7461f1924b2b7a70ca388234a10f67f bf252bd7fe6381ec833762a49a44ac45906585348792490e0ab0d62acc274724
SERVER_HANDSHAKE_TRAFFIC_SECRET 7cd66b34782bf09ebe4cbd17897392d7a346f7c577e1a67205742b7e92b5faa8 014f7b1a38a225ba5970b59165e7b899dae6ffda4c192bb0119e35adc7bd51f3
CLIENT_HANDSHAKE_TRAFFIC_SECRET 7cd66b34782bf09ebe4cbd17897392d7a346f7c577e1a67205742b7e92b5faa8 7a1be17b6ff64bcc6a2a2554212ae92547d33ea1252fc18fbe2b8441b5eb9283
SERVER_TRAFFIC_SECRET_0 7cd66b34782bf09ebe4cbd17897392d7a346f7c577e1a67205742b7e92b5faa8 10af1161da0785e9b2f692be0f8cc4129d69774ec4604db7f089d9ce91b4a8f0
SERVER_HANDSHAKE_TRAFFIC_SECRET 7694f33fb2863747b93ef4e7ae4f1f00fd657c8aa2d8d0900d2b018191e69063 bd369cd424ac526a8aa036206874de886b19757922740bfa0c64015f6ccccf1a
CLIENT_HANDSHAKE_TRAFFIC_SECRET 7694f33fb2863747b93ef4e7ae4f1f00fd657c8aa2d8d0900d2b018191e69063 65533cd4776c69ec3f7bf21d6d8143c9ddd5cedc9cc546f7a2db8689754da070
SERVER_TRAFFIC_SECRET_0 7694f33fb2863747b93ef4e7ae4f1f00fd657c8aa2d8d0900d2b018191e69063 6539f98d13ce3e82c7be542f4fb58b0c6b6c0a79971ec8076ce9a30b443c49fc
SERVER_HANDSHAKE_TRAFFIC_SECRET d46f4c5984ac29865f5520b7bf89a70a0469ec1593a6d0a52060ae3ef804ea23 9efca6e0b0c67636e9878c9198c8cf687a85a94c5ce388b81aafb0ff20c5a3d9
CLIENT_HANDSHAKE_TRAFFIC_SECRET d46f4c5984ac29865f5520b7bf89a70a0469ec1593a6d0a52060ae3ef804ea23 1c21c7d081725682ca76f5f6e63c0fdb46d8b7661fbb6281c90f5d143268d834
SERVER_TRAFFIC_SECRET_0 d46f4c5984ac29865f5520b7bf89a70a0469ec1593a6d0a52060ae3ef804ea23 afd39ae0958653f6e8b7f124d818887512fd5348b51ec252b846c70128ae55d5
SERVER_HANDSHAKE_TRAFFIC_SECRET 90e3c4a01d2f52858859fdfc86ea5750a8ce999392a652b03c98bd0bf42404a6 5539af195d4692b6d2dc60aef0b9c22bd1572ac3ceb022bebfde45562eab65d5
CLIENT_HANDSHAKE_TRAFFIC_SECRET 90e3c4a01d2f52858859fdfc86ea5750a8ce999392a652b03c98bd0bf42404a6 a58cdbb456d01437e6a8050fe2a26578653ef74fe4e4be8566db0f962f8d4192
SERVER_TRAFFIC_SECRET_0 90e3c4a01d2f52858859fdfc86ea5750a8ce999392a652b03c98bd0bf42404a6 ffd4afdc87789d1cbe489f269bf0d690348455243fb4ce3f57da37c2adb3b1ec
SERVER_HANDSHAKE_TRAFFIC_SECRET 42b95216449a34732f87316160c84a3835e5d7f484a066534af4268f44b3a1ab ec5e912183de2ed1df43d4ac9cc05418dd7f4a44284e010f55df9801895e5a75
CLIENT_HANDSHAKE_TRAFFIC_SECRET 42b95216449a34732f87316160c84a3835e5d7f484a066534af4268f44b3a1ab 04811fc242e2ef5758efda25bf8f864becfdb6b92e0774472cfdf57e2c9fb8f6
SERVER_TRAFFIC_SECRET_0 42b95216449a34732f87316160c84a3835e5d7f484a066534af4268f44b3a1ab 16beb3810c06232ffb8a0295ccab5c1ce29a3c703cddfb7d4159a3b8592f2222
SERVER_HANDSHAKE_TRAFFIC_SECRET 7240258def6680e89b59f621b784ed797be69293dbe3d6cde5ad8be5a8151e83 d1e694f754b8093b62a9c161d14b16fe93e5072c6c960d008e933725471ac4dd
CLIENT_HANDSHAKE_TRAFFIC_SECRET 7240258def6680e89b59f621b784ed797be69293dbe3d6cde5ad8be5a8151e83 f4da6cc9e06c963f71bd5d84604c057ae05742dfbf7b954bcc50141b86302da9
SERVER_TRAFFIC_SECRET_0 7240258def6680e89b59f621b784ed797be69293dbe3d6cde5ad8be5a8151e83 dbc271cc0f19542b71c2aad1af5969f3ccc103c5a1cda9eb30e7123e3ff28f3a
SERVER_HANDSHAKE_TRAFFIC_SECRET a5829c94c4fc975bc0ba143d38e84d611b31c3dfd4486608a330c72e3830d823 55c11dabdb82403e075f98649ba6fec4474e8b81fb71897f236e6b75c9a92822
CLIENT_HANDSHAKE_TRAFFIC_SECRET a5829c94c4fc975bc0ba143d38e84d611b31c3dfd4486608a330c72e3830d823 da8c9cbb861440732d39f62f457608ace9a6690db0c227e2ce16ec422f34ef42
SERVER_TRAFFIC_SECRET_0 a5829c94c4fc975bc0ba143d38e84d611b31c3dfd4486608a330c72e3830d823 da2f6058dd1373e0ece0929a5a186c11be5b43c5e15da164c25ddfbef4648577
SERVER_HANDSHAKE_TRAFFIC_SECRET fefe02ad4d60b87bb3beb054edd0523cb161e67f603a89c90be4af679ab67f61 6a99c33b6e11dc69651ca8b4cb183a1361a91180fb6662f0cee15a79a72cd8bc
CLIENT_HANDSHAKE_TRAFFIC_SECRET fefe02ad4d60b87bb3beb054edd0523cb161e67f603a89c90be4af679ab67f61 b6473d88dcc6652312ff44de2ed6b8753d505d184e5e41b2bb588b802eb285e9
SERVER_TRAFFIC_SECRET_0 fefe02ad4d60b87bb3beb054edd0523cb161e67f603a89c90be4af679ab67f61 47dbfddb9d632eee0000cebbcb7f96813417f6555c23ed349813ae67c8001f1f
SERVER_HANDSHAKE_TRAFFIC_SECRET 3f3b19bc597c21fa36538b31bbc605808081f2d4494aea05b69874ab15327ef1 b2223f82de20de2b02243f848991c4f0970db4c57c535796d16fa7541eb241b9
CLIENT_HANDSHAKE_TRAFFIC_SECRET 3f3b19bc597c21fa36538b31bbc605808081f2d4494aea05b69874ab15327ef1 38f84037f4713092ef0eab6c17c698ecf6e760d08108abd3322817f546e53650
SERVER_TRAFFIC_SECRET_0 3f3b19bc597c21fa36538b31bbc605808081f2d4494aea05b69874ab15327ef1 88c1eba195041311ec6755878fb4429603fdb987c6776f9635c39118f64a489b
SERVER_HANDSHAKE_TRAFFIC_SECRET a22abcda03f049ac342cb00021ba0b11a62f0a7da907cc8e8f8cc52e03e65cd5 713b63eeac36f0b9d02090a0045aad62e1c99de14f9f949d5cb8c1974adad6af
CLIENT_HANDSHAKE_TRAFFIC_SECRET a22abcda03f049ac342cb00021ba0b11a62f0a7da907cc8e8f8cc52e03e65cd5 7f8e23b5c453c96a33f5350d3c166f88a83e606d6147684794e651e0633828b6
SERVER_TRAFFIC_SECRET_0 a22abcda03f049ac342cb00021ba0b11a62f0a7da907cc8e8f8cc52e03e65cd5 1b663b8e06fd00e1fcbdc5521b15413779b7d4527f5a645e1c73604635db25a3
SERVER_HANDSHAKE_TRAFFIC_SECRET 48c62bb74447bcb3b96da43fb3deb68abc49537801b17ed249c2a429aa2fb9c5 8dccf3ae6e2a957c330c64825279cf930f8361c6cb5cf865ef29cb578fede7b0
CLIENT_HANDSHAKE_TRAFFIC_SECRET 48c62bb74447bcb3b96da43fb3deb68abc49537801b17ed249c2a429aa2fb9c5 36b2b9ba3410091445f5b437af65db988bf57087892a18007ee05d2fbe7d44ee
SERVER_TRAFFIC_SECRET_0 48c62bb74447bcb3b96da43fb3deb68abc49537801b17ed249c2a429aa2fb9c5 bb6ca6ff145b4c7977c9b2613b5a792c971a4c78a693d8207f43394d6629a11c
SERVER_HANDSHAKE_TRAFFIC_SECRET b6a95e0fb6b87763a5c2a7fcd8515e2b9158383fab99990d0f910be4c63785ab f2f6249f7bc206580b12fe587a2bf9feb6c652729a4045a74d79ff5ea1711271
CLIENT_HANDSHAKE_TRAFFIC_SECRET b6a95e0fb6b87763a5c2a7fcd8515e2b9158383fab99990d0f910be4c63785ab 9a4edd467a5e49df216d42bd2e2519d17605492ee494c0f0492899de40710259
SERVER_TRAFFIC_SECRET_0 b6a95e0fb6b87763a5c2a7fcd8515e2b9158383fab99990d0f910be4c63785ab a87bb1354565b96e6b0eca012e181b5b74e3b024f13e122b733e659a94f77613
SERVER_HANDSHAKE_TRAFFIC_SECRET 48a79528e770a7ff96ff6d76886f64054f0eac63dcd8c30c5d6364fd40d5090b 86581f6bbb045dc40f77d5dbd9ba322949ad207f7a74cd8cbae1ef2d5c2ce816
CLIENT_HANDSHAKE_TRAFFIC_SECRET 48a79528e770a7ff96ff6d76886f64054f0eac63dcd8c30c5d6364fd40d5090b 2d3fcf4673f58e89d41292cb6fc118841114919ae11cc41dff67de240815cc0b
SERVER_TRAFFIC_SECRET_0 48a79528e770a7ff96ff6d76886f64054f0eac63dcd8c30c5d6364fd40d5090b 2af95ca29984d6170e652d20a4a3d003a3ab25e9749752e498b78c23bbb68fbd
SERVER_HANDSHAKE_TRAFFIC_SECRET 4a2e46e1608db4e9d62b6cd1fba3a16e62dc052b51fc9a5ae00f8f9b08d23de6 55ddee9ecc081124a6c73ae38a6aefad2793f81ac2c68216bb75feb4873c2695
CLIENT_HANDSHAKE_TRAFFIC_SECRET 4a2e46e1608db4e9d62b6cd1fba3a16e62dc052b51fc9a5ae00f8f9b08d23de6 4cebb2c24157a0f07387a781bff7f9e19f4a9578f8158643c75a9e35714c7390
SERVER_TRAFFIC_SECRET_0 4a2e46e1608db4e9d62b6cd1fba3a16e62dc052b51fc9a5ae00f8f9b08d23de6 f4634abb8127bdd74bebe2e6dcc75c70d10ac1d4b1c1cd3367618fe6bd782e3c
SERVER_HANDSHAKE_TRAFFIC_SECRET 8a5fe28e32d90ff341c66d414611a01adbad9c928553369ead4e83a1d24fb0f5 768158331c87e952b751a9eb313b644ea282bf05dbe9aeae321d4f409ad92d12
CLIENT_HANDSHAKE_TRAFFIC_SECRET 8a5fe28e32d90ff341c66d414611a01adbad9c928553369ead4e83a1d24fb0f5 7e7307379f5b068c7eb0e82b969f0709bacf6e45b22dcb864d9e584dff701730
SERVER_TRAFFIC_SECRET_0 8a5fe28e32d90ff341c66d414611a01adbad9c928553369ead4e83a1d24fb0f5 04c35d34a3bf013ab3f99ffd18351d40a6e50cbf09a60264fd28d64cd4396ff6
SERVER_HANDSHAKE_TRAFFIC_SECRET ddf7313c82ad9a8aebe786a27e1ed1601fdaaa27469f24aae125479e1f906c0f 9418b79b74272aaa3fa76260d2e7e6598efc2c9a8a26e0e7c5d4583329a529fd
CLIENT_HANDSHAKE_TRAFFIC_SECRET ddf7313c82ad9a8aebe786a27e1ed1601fdaaa27469f24aae125479e1f906c0f e46c62cf3c7d23b6abd3a4045c50e4fddc0214be8ac111ae157766606b90c3e5
SERVER_TRAFFIC_SECRET_0 ddf7313c82ad9a8aebe786a27e1ed1601fdaaa27469f24aae125479e1f906c0f 5618851d73e413ec9a15f5d8b45a90f45187bc53997f192228a58d011cfd5b84
SERVER_HANDSHAKE_TRAFFIC_SECRET d946cc33a44214c155505ad36f980b002f338917836abb4de10c7535540ff98b de34c519e928e25c2c428b7f411719146b8baf18364a4319bc5cba27a898115a
CLIENT_HANDSHAKE_TRAFFIC_SECRET d946cc33a44214c155505ad36f980b002f338917836abb4de10c7535540ff98b 3d90474ba1a23a743709efb7febdc34148d59c320ee4f23ce78eb79aadb74e0d
SERVER_TRAFFIC_SECRET_0 d946cc33a44214c155505ad36f980b002f338917836abb4de10c7535540ff98b 61b6b992ef884dbae627a5b27680ec199c92b412fd5882249561a1a8a8df5ad9
SERVER_HANDSHAKE_TRAFFIC_SECRET f43044a9f2ddddcaa0b793a2ae9cd41b76e72e302d3bfb263ea664ebe90116b0 afe05cea1d8bf4343c3f03a1eeff959b79e836585666d06cf66e6ad27b4fdffd
CLIENT_HANDSHAKE_TRAFFIC_SECRET f43044a9f2ddddcaa0b793a2ae9cd41b76e72e302d3bfb263ea664ebe90116b0 8902eb3e96349f50127476aa2a8dc89268c326082d2a649f951cc92592b53834
SERVER_TRAFFIC_SECRET_0 f43044a9f2ddddcaa0b793a2ae9cd41b76e72e302d3bfb263ea664ebe90116b0 04a12b14bc6cbdde03aa570b728c1529ab925bd4f69e8f12c999a54152add588
SERVER_HANDSHAKE_TRAFFIC_SECRET 1bbc6694a589e70b1091e48b343cdcfcf96ea2b90c9ef10ba39a3ad476616eed bc17244c993ac83a2b396085b5a67d43fb6249b4ba2fdd75022e0488688d9e73
CLIENT_HANDSHAKE_TRAFFIC_SECRET 1bbc6694a589e70b1091e48b343cdcfcf96ea2b90c9ef10ba39a3ad476616eed 801589c6efa81846615acaba040d8418cbe8a19f3a53b71297a1280225827cc1
SERVER_TRAFFIC_SECRET_0 1bbc6694a589e70b1091e48b343cdcfcf96ea2b90c9ef10ba39a3ad476616eed 8e9c3b0069a42c8629e4b53b2f921518ac9ef7b72036b53f19cecb21bf97c607
SERVER_HANDSHAKE_TRAFFIC_SECRET b87ba6286f564dfb9236e99d5c09340b2d8773a8883b48a9a427270932ce204b 44ea3e6679d45bba52287e7e4c07dfbbaf27c5d03f4a857aaf4c24f408be254b
CLIENT_HANDSHAKE_TRAFFIC_SECRET b87ba6286f564dfb9236e99d5c09340b2d8773a8883b48a9a427270932ce204b 7ea0b6aec5e94d713c2e7420ca4b1967d72c12a0516e99415842f5acf53f26ab
SERVER_TRAFFIC_SECRET_0 b87ba6286f564dfb9236e99d5c09340b2d8773a8883b48a9a427270932ce204b b92d481dd41e7293c4ee1411bf1003339514e57d2089a5fb1cf3b1192f73f6ec
SERVER_HANDSHAKE_TRAFFIC_SECRET 603ae91d8eaf5659443a98e954e620f194c938bf0d5c1465832ad850139dcada c86235040c6024412a42cee85a1d4394eee99473bcd6156464353895c1ca974f
CLIENT_HANDSHAKE_TRAFFIC_SECRET 603ae91d8eaf5659443a98e954e620f194c938bf0d5c1465832ad850139dcada b68665704583d28e45d626faa0a1392fdcca57d9e6a0ffcf01a61bd4fbee34c8
SERVER_TRAFFIC_SECRET_0 603ae91d8eaf5659443a98e954e620f194c938bf0d5c1465832ad850139dcada e9ee2e82de9291c4ac7721274248d5591b678a0e441bb77ae006ca777a10c980
SERVER_HANDSHAKE_TRAFFIC_SECRET d198ca1d33c6b4a1a9d2141519f1bdc1ffd741b4e94d4f7b132f8cf2f3ce91e5 169aaa1da8e123c5abc8f4e085ce79a818097216e57080b735876a936383ac34
CLIENT_HANDSHAKE_TRAFFIC_SECRET d198ca1d33c6b4a1a9d2141519f1bdc1ffd741b4e94d4f7b132f8cf2f3ce91e5 61c1421846b83aa55666af26d4f048c2a038554c2eb8ecff8d43053103b7c216
SERVER_TRAFFIC_SECRET_0 d198ca1d33c6b4a1a9d2141519f1bdc1ffd741b4e94d4f7b132f8cf2f3ce91e5 a3f9e1913204c9ef4fd80762eea73c0ed595c3d0550a1b25bdb2b4a4981e58c6
SERVER_HANDSHAKE_TRAFFIC_SECRET 2e75c96e5fe2106704442c7e9008c2080fe6592841cf8120ffe273787a318e78 a78c49939d189eaf21ea4a08c97984f95f0f6a15d6391fd564d0c57e064bc2a4
CLIENT_HANDSHAKE_TRAFFIC_SECRET 2e75c96e5fe2106704442c7e9008c2080fe6592841cf8120ffe273787a318e78 cf5a6f1135d68b3577b8bd8148f0ed8bfab43f52b34c1380eb0af0581ca0acb1
SERVER_TRAFFIC_SECRET_0 2e75c96e5fe2106704442c7e9008c2080fe6592841cf8120ffe273787a318e78 f54f7328b7f488221fecf845fd46939aee9967c4513cd66fd9f2a06f073217c0
SERVER_HANDSHAKE_TRAFFIC_SECRET 084b3424a6a9b0637730940f7e59bc2910a0b5d046c8df55d4c160369b803ae9 a399cca4c0a84ef589803c5430bc869c7e5d0734145e6cd3101050e748e6279a
CLIENT_HANDSHAKE_TRAFFIC_SECRET 084b3424a6a9b0637730940f7e59bc2910a0b5d046c8df55d4c160369b803ae9 8c8e3d1176e63e9b68bbe2efde939b2894ff62cef631a20cd05d43fe1c8a4550
SERVER_TRAFFIC_SECRET_0 084b3424a6a9b0637730940f7e59bc2910a0b5d046c8df55d4c160369b803ae9 c87b2333e50d7d53149870fa763482f6b94ff321f5e6479ccfd60db23c7cfa49
SERVER_HANDSHAKE_TRAFFIC_SECRET 9b2f2913357a008b9630d8f3ce7962978328909266f9be27ecd7bcd885b7fb93 22cbb42cadc7b03aef9b314ca8ecf49ce694e6655e669f3c790a55ad25603122
CLIENT_HANDSHAKE_TRAFFIC_SECRET 9b2f2913357a008b9630d8f3ce7962978328909266f9be27ecd7bcd885b7fb93 c06a6e1ee6002b8ec94d21e0e300d9ce3426f098a074ceaf14a031a20b29e67d
SERVER_TRAFFIC_SECRET_0 9b2f2913357a008b9630d8f3ce7962978328909266f9be27ecd7bcd885b7fb93 a5bf02e5657064cd18c5294037dd9dd12a21b6776921dbe40b264dfa8234f942
SERVER_HANDSHAKE_TRAFFIC_SECRET 99cc59bd1ef057313fc9c3f3774d26db0148c38e39baefd74b1cca4fa8e43044 c71c3506ede418589b0d7d2a4958a29843058d7a9cbb49a9db990e150ba80a36
CLIENT_HANDSHAKE_TRAFFIC_SECRET 99cc59bd1ef057313fc9c3f3774d26db0148c38e39baefd74b1cca4fa8e43044 09e71d45aad018adb4634c938ccaeb9dd75e644ed5126ed9858383b470b398e8
SERVER_TRAFFIC_SECRET_0 99cc59bd1ef057313fc9c3f3774d26db0148c38e39baefd74b1cca4fa8e43044 dbc1f3559d74f635a8388b0aef7f631b20baa7e2b15b4fa5889c38ab9ffe72ae
SERVER_HANDSHAKE_TRAFFIC_SECRET a3391f2dfd11d729b805c6cdaa0cbe7b3d9361566c017db04b5f71e8a8d1a68f aa865f90c529c99dd0dfcc2c0215f110cd7224fb6aaf95b290150b6a06991b11
CLIENT_HANDSHAKE_TRAFFIC_SECRET a3391f2dfd11d729b805c6cdaa0cbe7b3d9361566c017db04b5f71e8a8d1a68f a481ae0d89850d91fbfcb9dc425deb2be7ab97df306763eb95fbf28a7d4e2540
SERVER_TRAFFIC_SECRET_0 a3391f2dfd11d729b805c6cdaa0cbe7b3d9361566c017db04b5f71e8a8d1a68f 5a648cd59bc2ac168b45987944d5a97553814c40637756d98c02ddd22c8766a5
SERVER_HANDSHAKE_TRAFFIC_SECRET 54ffaac49bec049a94d73825942c30f1f8b55b46d5160a5aa4815eeea0f90d2c 6df7b9ddcefec9f3c23b5c83bd45bdf68e84234a8017bf366324fb42ff2fcba1
CLIENT_HANDSHAKE_TRAFFIC_SECRET 54ffaac49bec049a94d73825942c30f1f8b55b46d5160a5aa4815eeea0f90d2c 57d6357a0263f9fce162697e72fa10d4a4bfd783fae59de6398eef1b33a1c355
SERVER_TRAFFIC_SECRET_0 54ffaac49bec049a94d73825942c30f1f8b55b46d5160a5aa4815eeea0f90d2c 61b63b016c80e2a901658d98f4be0821a9f7d1c211d2ed34cc9221fc5dcf9300
SERVER_HANDSHAKE_TRAFFIC_SECRET 3e63c4247672f67e29ddf1141981cce9f3ce488c21c87ace86185f48ec57eb46 ec2b4857f571c06614dd7e28a5534ce0baaf3183bbb39bd6e059275e4485c424
CLIENT_HANDSHAKE_TRAFFIC_SECRET 3e63c4247672f67e29ddf1141981cce9f3ce488c21c87ace86185f48ec57eb46 201b9d9f2ec5c029093d7d0398a0e754b2a6c3784d33acfb7057a589a7e6426a
SERVER_TRAFFIC_SECRET_0 3e63c4247672f67e29ddf1141981cce9f3ce488c21c87ace86185f48ec57eb46 ccedd25f445e9792e047d1efaf34bc2e032ba27fb271c947904b170bfe39346f
SERVER_HANDSHAKE_TRAFFIC_SECRET 8bee08398cb69d651580a9316e87b75804d0f5b0452ae711c91610ef11b50e7b 1438a66e21015962ca10d4b6328f50fde47007f8286f85127fb257936ef7df83
CLIENT_HANDSHAKE_TRAFFIC_SECRET 8bee08398cb69d651580a9316e87b75804d0f5b0452ae711c91610ef11b50e7b cf34910137419d8a63d6c3fa76693c9184869c5eb252197768f410971ee1daed
SERVER_TRAFFIC_SECRET_0 8bee08398cb69d651580a9316e87b75804d0f5b0452ae711c91610ef11b50e7b 2bfa3f0a30a53f1701103c2e5230639f47fb9187a7d183a2232c62affcd5de60
SERVER_HANDSHAKE_TRAFFIC_SECRET 1d535e0273e0c835a81a1a4e0ae81549a2a1d9044f82068bc3e33b989585b6b8 414537623a07d034638be1224187b7ffe65a92fc2716a6b9edb2fde4e58da5f2
CLIENT_HANDSHAKE_TRAFFIC_SECRET 1d535e0273e0c835a81a1a4e0ae81549a2a1d9044f82068bc3e33b989585b6b8 f9c867146ad2ba1063de088ab74d5b9f125558f931be68b89ff8edcf9591a76b
SERVER_TRAFFIC_SECRET_0 1d535e0273e0c835a81a1a4e0ae81549a2a1d9044f82068bc3e33b989585b6b8 fb853835babf6ec2cc9267362f8483988d4bf61d45c9c2d25c79dde2b93e4a67
SERVER_HANDSHAKE_TRAFFIC_SECRET 7b3f0e99a8be4f2e59ada645b2990592783f40dc002a13dfe0fc664a9e853ec7 e294baa65f828ecfca26deb1b35d60ed208996ce6be130e9cba5014fb7e6e48f
CLIENT_HANDSHAKE_TRAFFIC_SECRET 7b3f0e99a8be4f2e59ada645b2990592783f40dc002a13dfe0fc664a9e853ec7 697a1b2388ceed73848148089230fa79b863b75cf268f9c2d8eb2208404a114a
SERVER_TRAFFIC_SECRET_0 7b3f0e99a8be4f2e59ada645b2990592783f40dc002a13dfe0fc664a9e853ec7 bd3d71358992d96101cd816ce78cc88ae5140e7ddee4bff69527cff2c4954935
SERVER_HANDSHAKE_TRAFFIC_SECRET 71c1710d3119c6c2f01e972bb5b54d0dc7a67391f180334065766ed8032bb0b3 f0f5d5a65abfb72865d12f82b61a361498570f68a7078657937c966baa8bc29b
CLIENT_HANDSHAKE_TRAFFIC_SECRET 71c1710d3119c6c2f01e972bb5b54d0dc7a67391f180334065766ed8032bb0b3 fae61a25db6db63e46114dd1e840da7ee2ff3c72b32327a7ddf0744be8f5c0e5
SERVER_TRAFFIC_SECRET_0 71c1710d3119c6c2f01e972bb5b54d0dc7a67391f180334065766ed8032bb0b3 23320ac299e7910e0f2121d6f40b15f2d0d9ea8b885550dd258fc5c87d223a0c
SERVER_HANDSHAKE_TRAFFIC_SECRET e00011edb9684c06d857e4c792b84d0e3300922c9e9e1aecdd2f70f2f2f2d718 85f6ebfd2a7913803cedbb25353b678f6991231ff3e937d48386c35e5765087c
CLIENT_HANDSHAKE_TRAFFIC_SECRET e00011edb9684c06d857e4c792b84d0e3300922c9e9e1aecdd2f70f2f2f2d718 a4c784d23049ab839d1ece57c7bcea9e6d6978a36b1f7ca8ce61265b0ac91a2e
SERVER_TRAFFIC_SECRET_0 e00011edb9684c06d857e4c792b84d0e3300922c9e9e1aecdd2f70f2f2f2d718 34e138ae87f614fb5b26954a682346d564854fc890637b00c4b9fb3758317cc7
SERVER_HANDSHAKE_TRAFFIC_SECRET 0ac67c873165b4bc1cbed60f4a9ed1553226536657302d42cc26c364b978ddef 3611a924f5b2a78bc3753983f1becfd5bdf99ef394f242caf279078aebf17d6a
CLIENT_HANDSHAKE_TRAFFIC_SECRET 0ac67c873165b4bc1cbed60f4a9ed1553226536657302d42cc26c364b978ddef 803ded0e24b71ae27212f726a6fdebb7d4fe976bd7ab33db5aac3b3506bac84a
SERVER_TRAFFIC_SECRET_0 0ac67c873165b4bc1cbed60f4a9ed1553226536657302d42cc26c364b978ddef 4fb38dc81f45337017d292652ad14f933c933b3ad62d857c95545118c4dc1cd2
SERVER_HANDSHAKE_TRAFFIC_SECRET 8717f3a380d96d4b19d04fd57aa43055697c9f61ba3807ae38a5937d6b05dbf1 a8a868284bf4a77974e3768844da052be6069dabcbf70fba641fb5be987b815f
CLIENT_HANDSHAKE_TRAFFIC_SECRET 8717f3a380d96d4b19d04fd57aa43055697c9f61ba3807ae38a5937d6b05dbf1 8bfd629aab611aebbe544521cdd4bdf5849936cb2eab74748f4b630a95d67f79
SERVER_TRAFFIC_SECRET_0 8717f3a380d96d4b19d04fd57aa43055697c9f61ba3807ae38a5937d6b05dbf1 b62217531bf3c47b1a6ed6861626b385845873e2fef47872d221595966dadfa9
SERVER_HANDSHAKE_TRAFFIC_SECRET 641c120902afa906d2ea40c9fbec0e686d11b8be05efd8f8cd2c511f11876529 23bfb7a2e53f9453ff0c3dea82e6d32e3d8fd11b41ad62cfc01961ec668f91de
CLIENT_HANDSHAKE_TRAFFIC_SECRET 641c120902afa906d2ea40c9fbec0e686d11b8be05efd8f8cd2c511f11876529 c4c2b99c2220b5712708621115b527f8c28d4356958bffc2217fef2d598f4c58
SERVER_TRAFFIC_SECRET_0 641c120902afa906d2ea40c9fbec0e686d11b8be05efd8f8cd2c511f11876529 9481881e5b6e26a0375a62d42140d2b2754d741cc3b821336bacd09b58d556db
SERVER_HANDSHAKE_TRAFFIC_SECRET a3ca53115b9119b417c790cb9fa4b75e98a4c9e5c789db2afd0a7a36c7047faa 8a1bf1dbd3ce361b0bb6d3c55c3756cb2855f6f6552a03948e6e6aea8bd38d03
CLIENT_HANDSHAKE_TRAFFIC_SECRET a3ca53115b9119b417c790cb9fa4b75e98a4c9e5c789db2afd0a7a36c7047faa 0a5dce374c910cfe83f013f12939ec9a9428e727b5a1d83a3ac55206edac6ce0
SERVER_TRAFFIC_SECRET_0 a3ca53115b9119b417c790cb9fa4b75e98a4c9e5c789db2afd0a7a36c7047faa a17c2df8ef5b11e97ec1bd7fa8d9b728890c70f91baed268800e565a9600b557
SERVER_HANDSHAKE_TRAFFIC_SECRET 2ae57c50372bc260587d729dc4fcc024cb05b0eafb5a84585b34bf2b6e338406 6ae13f6813cda70d45fb03c41062624bc7b33abff1d02abdba39433eb3e81d79
CLIENT_HANDSHAKE_TRAFFIC_SECRET 2ae57c50372bc260587d729dc4fcc024cb05b0eafb5a84585b34bf2b6e338406 18386d1a90ed07526a2b0012b79d3196983aff2b440c60b9fc10b22100e9a2af
SERVER_TRAFFIC_SECRET_0 2ae57c50372bc260587d729dc4fcc024cb05b0eafb5a84585b34bf2b6e338406 e61a99749c1cba9701a5d23393ddac068a35aaeb27aea156c7a9d9fd6877bd98
SERVER_HANDSHAKE_TRAFFIC_SECRET 2cf4222777b13b92e50e1a46260c07db1f39837486dc3cab677d7066159fbfde 334722b495ec9df927b93706ab206bdb2e227aa72a469bf4beb19dc6f6d52787
CLIENT_HANDSHAKE_TRAFFIC_SECRET 2cf4222777b13b92e50e1a46260c07db1f39837486dc3cab677d7066159fbfde a1e38433d98f8b0abd5ba7c0b1b177b3c5c5bd03177c7bd500f4b6f97ec8d3c9
SERVER_TRAFFIC_SECRET_0 2cf4222777b13b92e50e1a46260c07db1f39837486dc3cab677d7066159fbfde 5c3ee278b2e5e718535dce9b03c7f7de7bf765e4cfdd3e2af7ce82a66912530a
SERVER_HANDSHAKE_TRAFFIC_SECRET 43629436f500419bdbdaebaf8852890e2980ec35a83326f4f636faaa2865e5dc 13a947867087633771c4046989cfae5088926951e94d12d837450e9251eb8baf
CLIENT_HANDSHAKE_TRAFFIC_SECRET 43629436f500419bdbdaebaf8852890e2980ec35a83326f4f636faaa2865e5dc 4ddcec5f50e1c58ecd48f1eb606bc1fff69cd9e564af2e58a7e1b4511830cc43
SERVER_TRAFFIC_SECRET_0 43629436f500419bdbdaebaf8852890e2980ec35a83326f4f636faaa2865e5dc f65a582772f03eb485dccce9d4ea165db8f9d81e631bd63e0fcd34128ef91bc4
SERVER_HANDSHAKE_TRAFFIC_SECRET 6be2c9a1458a970063662f211d019f09a03e34131cbae065d7f18668e26d7e98 40ec6512b31d8743853dd296e5265f233438299064b57dabfc8fd5d1ca0b73f6
CLIENT_HANDSHAKE_TRAFFIC_SECRET 6be2c9a1458a970063662f211d019f09a03e34131cbae065d7f18668e26d7e98 0f4f2a36f8b78dda565f1e6baf3c3e5b98ce250dabb0f8357bd167179ed643e2
SERVER_TRAFFIC_SECRET_0 6be2c9a1458a970063662f211d019f09a03e34131cbae065d7f18668e26d7e98 eac145a37405a894a265e2fcfb5385b3e77bb7bdb631fd59b0b175b9f2d90384
SERVER_HANDSHAKE_TRAFFIC_SECRET 0f5ec731fc2935e351bff8fc7f1b03a74a278f0a4537859f5c5ca4e8b8de5cb9 99f4f8575d713f7eff58e61c834d3b75770442abafc86bf18d806a7b4fb6562a
CLIENT_HANDSHAKE_TRAFFIC_SECRET 0f5ec731fc2935e351bff8fc7f1b03a74a278f0a4537859f5c5ca4e8b8de5cb9 4358a14f79f0871095def118988d207957db48c30e0715a36ea7eef67c4a80c0
SERVER_TRAFFIC_SECRET_0 0f5ec731fc2935e351bff8fc7f1b03a74a278f0a4537859f5c5ca4e8b8de5cb9 869b9ec5c8f9aa8fec8fa681f4755ed0e41299454877d279c8207af036e434a6
SERVER_HANDSHAKE_TRAFFIC_SECRET 91d339164f17665c325f206b65e96ef4c9a22ef3967fe02c3b480ee4e4936f54 f003a341b96af0092a30636fb575e65408f0eb2ca8af005cd4d0f0a60ccca3d3
CLIENT_HANDSHAKE_TRAFFIC_SECRET 91d339164f17665c325f206b65e96ef4c9a22ef3967fe02c3b480ee4e4936f54 0b8870474e96cb4f84460bd41b77fbc8b734383cb512f364b187edf547c4cf22
SERVER_TRAFFIC_SECRET_0 91d339164f17665c325f206b65e96ef4c9a22ef3967fe02c3b480ee4e4936f54 26df3d5b6dbc1bc0802d1b992d785309ce88d7234406d2c7300337874e125ef5
SERVER_HANDSHAKE_TRAFFIC_SECRET 9570d54f4cc27d0926e3122a3526f4f28b4e3eb408c1bbd0a99c5a505d71a8d9 597d90f775850f412b511d48aff29485a4e3db59f4517265287197930e114a5f
CLIENT_HANDSHAKE_TRAFFIC_SECRET 9570d54f4cc27d0926e3122a3526f4f28b4e3eb408c1bbd0a99c5a505d71a8d9 ef01c04471c77d48292ec3fdd56441d2ff95c3f9e920d50a2b82932f564fc740
SERVER_TRAFFIC_SECRET_0 9570d54f4cc27d0926e3122a3526f4f28b4e3eb408c1bbd0a99c5a505d71a8d9 92ab4e38ce2a361db104d5a30960afaacd5cd6cc0dae606ca9ac2a984c8d9669
SERVER_HANDSHAKE_TRAFFIC_SECRET 8cdb9229c9ee567ce3af6cad953077db079215301ca3691a7093e4c2bdb02681 ae9dc9b39e6ac53aa3536a4bec2f86295bdec3c9b407308fcb640d0956b95d71
CLIENT_HANDSHAKE_TRAFFIC_SECRET 8cdb9229c9ee567ce3af6cad953077db079215301ca3691a7093e4c2bdb02681 a13b8e838dc8d09cee2939f6d1f6daac71e6bfe5fb9621f40223a5650eae3209
SERVER_TRAFFIC_SECRET_0 8cdb9229c9ee567ce3af6cad953077db079215301ca3691a7093e4c2bdb02681 16aca8de3b241e56460afbeb68d1341e014701514688e10b1f028f6dfb8ed92a
SERVER_HANDSHAKE_TRAFFIC_SECRET 37ce24785b2df56b98a428dc17343bd7d68d543e47489bccf647ac1c1e78bf76 ad089a403015adf9bb7c563c16ebf0a3db7d25ddffca8719e791d1526ae9518c
CLIENT_HANDSHAKE_TRAFFIC_SECRET 37ce24785b2df56b98a428dc17343bd7d68d543e47489bccf647ac1c1e78bf76 84133552f6c3452a553f7778ff23fa3fa9bc3d5156057bb355dbf5350c52ea7f
SERVER_TRAFFIC_SECRET_0 37ce24785b2df56b98a428dc17343bd7d68d543e47489bccf647ac1c1e78bf76 e2568b3030a3f42232945c2dde92fa2e5a04c269dc3b97c76f9efe1073779575
SERVER_HANDSHAKE_TRAFFIC_SECRET 7a5dbda8dc931dc6b55adf72568503309883209a045bf023547e95420a872c6c 0b71ba855fab45671b2aff15c115b0a894764e50a6966fe17f9986455a37702b
CLIENT_HANDSHAKE_TRAFFIC_SECRET 7a5dbda8dc931dc6b55adf72568503309883209a045bf023547e95420a872c6c 593c583598ed145297876b78879e83b5df161a03c8530201b7f3a6ab6d5e849e
SERVER_TRAFFIC_SECRET_0 7a5dbda8dc931dc6b55adf72568503309883209a045bf023547e95420a872c6c 0128dff92911f3446893e35556d76b0d963c3cff53c27839ae00b62036952a7b
SERVER_HANDSHAKE_TRAFFIC_SECRET e180840bf3996b8b67a259e2e222536ad033ba9e2460cfeef3a1655a219c6a8a 398e713d6171193a8117cdd1735862f80095745198980f7d533d567dad8d27f5
CLIENT_HANDSHAKE_TRAFFIC_SECRET e180840bf3996b8b67a259e2e222536ad033ba9e2460cfeef3a1655a219c6a8a d22278f0eec7a85970fbdd92d9dc49aceae80f20ae1bfa579ebb03f2113acd66
SERVER_TRAFFIC_SECRET_0 e180840bf3996b8b67a259e2e222536ad033ba9e2460cfeef3a1655a219c6a8a f47f5356bc318d4744b671a917c2b4f141f732af4fe4e331d7e44264e8995ad7
SERVER_HANDSHAKE_TRAFFIC_SECRET f1a5459602ad8449db9eb7a7004a3da94bc8f13ffb93eea69a644c489b20330f d89d0db9068576f98cff0a480dfd32e159c9d66cd7b71a6909ce9d8396eed1e0
CLIENT_HANDSHAKE_TRAFFIC_SECRET f1a5459602ad8449db9eb7a7004a3da94bc8f13ffb93eea69a644c489b20330f b11bddc3328d824216f0acff4c0baa6e2401cb06f9224db51c04e39b13665cc9
SERVER_TRAFFIC_SECRET_0 f1a5459602ad8449db9eb7a7004a3da94bc8f13ffb93eea69a644c489b20330f 11fde8a0a60e4965c173bfb8c61b82b099b437df7ed2af59c479c13b0159de3b
SERVER_HANDSHAKE_TRAFFIC_SECRET e5d57833d8fb0bd6d8444f6a4d04fc46ac2c733d80dd3bab83ac55477a82bee8 f9c1fb6a9a8dac863712a2ae7a6dade4e21a38d077d7dc95a7b4d1832d33d6dc
CLIENT_HANDSHAKE_TRAFFIC_SECRET e5d57833d8fb0bd6d8444f6a4d04fc46ac2c733d80dd3bab83ac55477a82bee8 893185c5130a8128b6f2ad614ad9fde1a04ff1a91a278bd63b1f72c06dc5926e
SERVER_TRAFFIC_SECRET_0 e5d57833d8fb0bd6d8444f6a4d04fc46ac2c733d80dd3bab83ac55477a82bee8 a1591f96c64c57c958a9ba23806df55d903ac9f636bc0a27a5d26837316abc4a
SERVER_HANDSHAKE_TRAFFIC_SECRET 579c9ccaa44ac7be2a6c6bf45230925c23aafa75cc92d1ac313677a227019a51 b8921afebbf16941af275e07a1845c48dbcdb8ab1816ef2c4b8f76aca89a0a4b
CLIENT_HANDSHAKE_TRAFFIC_SECRET 579c9ccaa44ac7be2a6c6bf45230925c23aafa75cc92d1ac313677a227019a51 a90dc477e4c397999bb07f730d5bcb57cbb40aa3ca138f337f373cde6de42b17
SERVER_TRAFFIC_SECRET_0 579c9ccaa44ac7be2a6c6bf45230925c23aafa75cc92d1ac313677a227019a51 5365499cf1654a78ed894ee2c75d6e0f87a19297389b37a3a18c318b1af6cf13
SERVER_HANDSHAKE_TRAFFIC_SECRET 94440dadb8e3dd2308097a2251e54e6a4ac63a475c7894253293dcaf27c3ccfd 67fbdf8152999db8acfd1eaeaabe1348ee6786f8c0a529c99105227f7fa23500
CLIENT_HANDSHAKE_TRAFFIC_SECRET 94440dadb8e3dd2308097a2251e54e6a4ac63a475c7894253293dcaf27c3ccfd 395e5961c4cd65c566e2d5be618630f381f9bf06d264548dd56970abb54dc2d4
SERVER_TRAFFIC_SECRET_0 94440dadb8e3dd2308097a2251e54e6a4ac63a475c7894253293dcaf27c3ccfd ba0e85fd408314e5758db84fad1317859e754848ca670f3c9eb93ab2c69c128a
SERVER_HANDSHAKE_TRAFFIC_SECRET 9ffb2edbe57ee50b185d4f3fec5210aa49f19e15f7186a5e6b73deee37e3ff3b 7ed12c0d1f6028a5e785c995c1f76ba191372b32bfcd544d92afe21283a005fb
CLIENT_HANDSHAKE_TRAFFIC_SECRET 9ffb2edbe57ee50b185d4f3fec5210aa49f19e15f7186a5e6b73deee37e3ff3b 69388a32f8a50d2e0e2064ed7493881cb2e61e1ef9e17e8339bc05ae46411711
SERVER_TRAFFIC_SECRET_0 9ffb2edbe57ee50b185d4f3fec5210aa49f19e15f7186a5e6b73deee37e3ff3b 6c6145349c561d2bc3d3a8d00c81118e07f1c497f9b58d4b05a0b196c4c5b3d4
SERVER_HANDSHAKE_TRAFFIC_SECRET 5fbfc156d610ad761cada506b7b4a0a80f4c54781470dac84ce026820133915d cec6122f31b4444fced4c832aae08ab769f86a91ee1995d2628071fb38636bd9
CLIENT_HANDSHAKE_TRAFFIC_SECRET 5fbfc156d610ad761cada506b7b4a0a80f4c54781470dac84ce026820133915d f0884f15921897a12bc9c75b7c064bad0d168d3f0cab23c0686f510a4f1dd213
SERVER_TRAFFIC_SECRET_0 5fbfc156d610ad761cada506b7b4a0a80f4c54781470dac84ce026820133915d ed08259e3be53673a6249f6b7da493093c2b55970eb2bb22c7de14582319cc42
SERVER_HANDSHAKE_TRAFFIC_SECRET cc2fea298262a491de894d1d176ca91a49f819a0f5a1053ee038566289d5c6f5 8707f20affedc1840b9b99da4d4bebc2ea9b0eb5564f5c910cc6a298acdaec0e
CLIENT_HANDSHAKE_TRAFFIC_SECRET cc2fea298262a491de894d1d176ca91a49f819a0f5a1053ee038566289d5c6f5 3aa8d35525de7e129e916873c0a56ad94aeea9395d223c4b569ca50bffd3a219
SERVER_TRAFFIC_SECRET_0 cc2fea298262a491de894d1d176ca91a49f819a0f5a1053ee038566289d5c6f5 a9c2828c4009e6fc04cf101a594e6bcf0a8c5bffaab5587605100ce43610fb09
SERVER_HANDSHAKE_TRAFFIC_SECRET a6ac1346c9a1b687893a8f8698766435cd21911937e66684046978e41045046b 34b35e105909f802c1f94b0149f0e92441f5dadbb690f54d75f15bf247d2ae0c
CLIENT_HANDSHAKE_TRAFFIC_SECRET a6ac1346c9a1b687893a8f8698766435cd21911937e66684046978e41045046b 82ed8550bd1e486052736feaf3e0ae1a960bf5a0d0463e92aa134c248d8fd99b
SERVER_TRAFFIC_SECRET_0 a6ac1346c9a1b687893a8f8698766435cd21911937e66684046978e41045046b c43b2369f076c6d66bfa9fe7964516586f6b34f9f6c9a0ee26a80d0e5dd539a7
SERVER_HANDSHAKE_TRAFFIC_SECRET 4e71cc1e4156cf0c64346f3391972c7052cd53c1e18a96aff656306373d2a202 ffeb2a203a4854c8a9d0d8e00c4d38a550c2ff76106c2e8abe229bef47e4d7e6
CLIENT_HANDSHAKE_TRAFFIC_SECRET 4e71cc1e4156cf0c64346f3391972c7052cd53c1e18a96aff656306373d2a202 801e2ecf4811583dfe3cda8a4d5891e2b4fba9f1df066dbb7c544d3c24cc8d76
SERVER_TRAFFIC_SECRET_0 4e71cc1e4156cf0c64346f3391972c7052cd53c1e18a96aff656306373d2a202 a0788091dae1b13079943a81266c36dac665f0c1a646d73132f256fd32249443
SERVER_HANDSHAKE_TRAFFIC_SECRET 7f3ce531e5872b5c3c6e1c90f5547e4923c5b2e0e22291a8bf510b6eb7147dfb 5498899a441c2c1598273e860f72676f4f78280e00f3ee2783416e5a1e03cddf
CLIENT_HANDSHAKE_TRAFFIC_SECRET 7f3ce531e5872b5c3c6e1c90f5547e4923c5b2e0e22291a8bf510b6eb7147dfb 43091e5bc0bc045a8b37a9e69f879e2113ecf7b224f49ac436524f5e87e96a00
SERVER_TRAFFIC_SECRET_0 7f3ce531e5872b5c3c6e1c90f5547e4923c5b2e0e22291a8bf510b6eb7147dfb 3a11ec1e677443d40996ffe88290dcae4084d1a47409a13825000b86de3f1e41
SERVER_HANDSHAKE_TRAFFIC_SECRET f1191cc386e85bbb223e067d3e96d6cb48a083e2f6e423e6fc4bd1d979b21688 3b3f269bf9e308c77e6021a849a5a197ea0184a3f4b0a7fdca9f39f285f56251
CLIENT_HANDSHAKE_TRAFFIC_SECRET f1191cc386e85bbb223e067d3e96d6cb48a083e2f6e423e6fc4bd1d979b21688 f432ddd5aa1fd187328cd8c19c2ffed1ef631c1581d427ea5f8ba59d9badbfc4
SERVER_TRAFFIC_SECRET_0 f1191cc386e85bbb223e067d3e96d6cb48a083e2f6e423e6fc4bd1d979b21688 dd7a4ba6f3c82c61f158df8a3e9bf7545a231e018db6a97f144a80c0524202b7
SERVER_HANDSHAKE_TRAFFIC_SECRET f1cf7656e83e6cdfe4084029d77a2d0ba351aff80f80513cbf800b6f17c742cd 74bdb0bd64a18ff0ae0ce3c06d66b699000bfc964603bed4560823c0a40f01be
CLIENT_HANDSHAKE_TRAFFIC_SECRET f1cf7656e83e6cdfe4084029d77a2d0ba351aff80f80513cbf800b6f17c742cd 663ca53f2b839e08944d22b7996d02bf7a79072ac41b23eea39dee70656d905b
SERVER_TRAFFIC_SECRET_0 f1cf7656e83e6cdfe4084029d77a2d0ba351aff80f80513cbf800b6f17c742cd b5ecb9e14682840fff3c814064c550fd5ddc5a7b596c0de3042a1a549c168754
SERVER_HANDSHAKE_TRAFFIC_SECRET 611281de1c1dbfcf43e72b5df44ae41d02108682ad04e726b5076c2f21a72f65 0accf31f8b6c33c21aee3275b395e496151967e93e622ab498d6ea13cd8e14f5
CLIENT_HANDSHAKE_TRAFFIC_SECRET 611281de1c1dbfcf43e72b5df44ae41d02108682ad04e726b5076c2f21a72f65 84b698ac20599b425fe7b9604e907970b36a2d9d1d424df3490899e782e669ad
SERVER_TRAFFIC_SECRET_0 611281de1c1dbfcf43e72b5df44ae41d02108682ad04e726b5076c2f21a72f65 72c6dd7bc464014cc96d50e1a0f9491d4acb2dd088551c1644ce845a79fae4e6
SERVER_HANDSHAKE_TRAFFIC_SECRET 8c9a1bb1da2a25e99711999beb745c196c95cfe47bc4ce6152d6e99cad703c3e 668301d87ec56a483bbaf3c61a105764c4ca274890394f000eeb890dc552a65e
CLIENT_HANDSHAKE_TRAFFIC_SECRET 8c9a1bb1da2a25e99711999beb745c196c95cfe47bc4ce6152d6e99cad703c3e 767912695c65fbc49ca564acf4cd4f11d8ab2d2cd1ba08f8757befec02dcc5bb
SERVER_TRAFFIC_SECRET_0 8c9a1bb1da2a25e99711999beb745c196c95cfe47bc4ce6152d6e99cad703c3e 71b32a24b4cee12098b361c09499c07c74a7b3c190d28d4ebef084cce19b0f7d
SERVER_HANDSHAKE_TRAFFIC_SECRET b8809fd009c79436158e00cfd8e3a59ee925175f0a9c0d86b03a93cb4d9493d9 bf9fc92d0bb11cb324aaed2b39b03be8584fc596500efd6ed9ed3f7fe676467a
CLIENT_HANDSHAKE_TRAFFIC_SECRET b8809fd009c79436158e00cfd8e3a59ee925175f0a9c0d86b03a93cb4d9493d9 493b31e258270583d51dd79bc198a348d654e62d54206580c4505a57d7bd8996
SERVER_TRAFFIC_SECRET_0 b8809fd009c79436158e00cfd8e3a59ee925175f0a9c0d86b03a93cb4d9493d9 d03881993876767b2824dab32d82ed02ee2dc280f52bd5c3abc5069780f4eabc
SERVER_HANDSHAKE_TRAFFIC_SECRET 0f6a146adfd49ad346eddc50231450f56382fd7c46c7e99e364438d77ac6f830 57a13ca23f1cdb0ab3818352dd189f79381cd57bdeeea2b1076bcf6646a2a737
CLIENT_HANDSHAKE_TRAFFIC_SECRET 0f6a146adfd49ad346eddc50231450f56382fd7c46c7e99e364438d77ac6f830 c3543bd988b9d4aa9d76eddf2f3a49358efb7d5583625a6896cdd9865b73519e
SERVER_TRAFFIC_SECRET_0 0f6a146adfd49ad346eddc50231450f56382fd7c46c7e99e364438d77ac6f830 d798bafde91144dd0c9a06606a7ba7572233acf588e44df1b6fbc6b26d9a0e65
SERVER_HANDSHAKE_TRAFFIC_SECRET 9fddc34e160b514c99f504541f09ffda12907a18bd6dbde7cefad4da800c6da6 97771721c0347fb59228cad1a9ae7d14c4d09f50a90a162a7b2f55ec82bdf5b8
CLIENT_HANDSHAKE_TRAFFIC_SECRET 9fddc34e160b514c99f504541f09ffda12907a18bd6dbde7cefad4da800c6da6 b4e7c7645b52bde1ed77e7afee36e0b194e5822e603629ef911b65b2ff317d32
SERVER_TRAFFIC_SECRET_0 9fddc34e160b514c99f504541f09ffda12907a18bd6dbde7cefad4da800c6da6 6aa72a34af38bf42b1a53421640ab62eb0bd5da34579bc7d407a0accc19d507a
SERVER_HANDSHAKE_TRAFFIC_SECRET eba269de1f5e24dc74d0f4dc92c9628ff174ac3781a14e5b1c9ba6d2c4417cbb 85adba0a6b18c52e0a22caef582b1b91ee7b0c8edff45917551aa34437cc0fc6
CLIENT_HANDSHAKE_TRAFFIC_SECRET eba269de1f5e24dc74d0f4dc92c9628ff174ac3781a14e5b1c9ba6d2c4417cbb da55acfee92a522e8f97eb252395c53dfb9afa88c71df3b5e851dc94239d1dfc
SERVER_TRAFFIC_SECRET_0 eba269de1f5e24dc74d0f4dc92c9628ff174ac3781a14e5b1c9ba6d2c4417cbb a376c4a857b7511bc19bb853f62e05e63e116f0bf1451afbae3b6b1d9dd03771
SERVER_HANDSHAKE_TRAFFIC_SECRET bf60fb06501e13a46d643c251ef6e4fa8039db0df0d27406b2d0750625841631 7d89a6604ada78d2b52ceffc5ca3f41276c5b1c2fe44db8fe16e2432343995f5
CLIENT_HANDSHAKE_TRAFFIC_SECRET bf60fb06501e13a46d643c251ef6e4fa8039db0df0d27406b2d0750625841631 4bf02634b39eefab9dc41d5c0a6d2eb340059e1e9c68f05501ff82b38ba8f6ba
SERVER_TRAFFIC_SECRET_0 bf60fb06501e13a46d643c251ef6e4fa8039db0df0d27406b2d0750625841631 efd834064f98736a64ed5cba360b5b93c5c16c9b504c9a1b5fe43c16dad7c069
SERVER_HANDSHAKE_TRAFFIC_SECRET 9782a0619e61e43d5dcc06940c5f3c24422245027bff521876c24cb0a53f2124 ba981ce7d5918d3370e330bd95e36dcbf2e711d4359c51024594cdc7bdca1186
CLIENT_HANDSHAKE_TRAFFIC_SECRET 9782a0619e61e43d5dcc06940c5f3c24422245027bff521876c24cb0a53f2124 44c85b397a330b7bd981a00e7604f3513dfbc8a316c18895911e28eaa6a77ece
SERVER_TRAFFIC_SECRET_0 9782a0619e61e43d5dcc06940c5f3c24422245027bff521876c24cb0a53f2124 a46df0275436feb3cb23b6987d6172f0d56ddcac8a0541fe816a3f708affcaed
SERVER_HANDSHAKE_TRAFFIC_SECRET 665b541aeab573564e8d582f7ba66c6825adcfcd0d9b668b7e0ed6ebd93bff96 d117bd1f0b9d114e8d293a30f468801e5a8a1a9cf2488f80366284726996747b
CLIENT_HANDSHAKE_TRAFFIC_SECRET 665b541aeab573564e8d582f7ba66c6825adcfcd0d9b668b7e0ed6ebd93bff96 3a73c0b1a817d31b682e59c5925a13ba688ca77f03189cf32692c862aa4fc777
SERVER_TRAFFIC_SECRET_0 665b541aeab573564e8d582f7ba66c6825adcfcd0d9b668b7e0ed6ebd93bff96 63259c90133c46d29b5c37d01bcc110d6896f532dd74cb9c850aeac9ef9d1f1f
SERVER_HANDSHAKE_TRAFFIC_SECRET da757b9855ec7f59a84f98e1a2d58e597d4b05034682db0b71674b36791416d7 58f5634aad9751c28f3244ed8664810459f9c3c093316821b75e20b779e7b4da
CLIENT_HANDSHAKE_TRAFFIC_SECRET da757b9855ec7f59a84f98e1a2d58e597d4b05034682db0b71674b36791416d7 b20a009cff28503e6fac7e9ff7e73772a4feb96aaa93d650c8d06035343a13a2
SERVER_TRAFFIC_SECRET_0 da757b9855ec7f59a84f98e1a2d58e597d4b05034682db0b71674b36791416d7 dc7f471e06428d34c2d40309089a496c241e516525581a5b13f684dd3e96a1ec
SERVER_HANDSHAKE_TRAFFIC_SECRET 8a942849362aed484de023c1875df8bf89c9cf12cd3a454e24ec5b9af992982c 87da5e085f9b560ee014e74de42bba1fa1d7f82ff436a3bc8e641057c5095933
CLIENT_HANDSHAKE_TRAFFIC_SECRET 8a942849362aed484de023c1875df8bf89c9cf12cd3a454e24ec5b9af992982c 223454392c9d574c6f2189438cb344edfa01f15030eedd6a00ba30ab29e2a9ce
SERVER_TRAFFIC_SECRET_0 8a942849362aed484de023c1875df8bf89c9cf12cd3a454e24ec5b9af992982c 3529fc8867d3d5ee78c7d3ec69ed2fec657b12fccdf282a5111067266ea4bc54
SERVER_HANDSHAKE_TRAFFIC_SECRET 41b72194101b3fe9bbe048c36649073406723295d53e27f32474aa3ead1d1a93 bee0cc73d83c9aca1fd9cfb88b37f7f3c7a25099d28659496403f86697084586
CLIENT_HANDSHAKE_TRAFFIC_SECRET 41b72194101b3fe9bbe048c36649073406723295d53e27f32474aa3ead1d1a93 512e4aee7fd24f8053a765730d04bf606ebaa9e8c25298849cf2c4c759ceec0c
SERVER_TRAFFIC_SECRET_0 41b72194101b3fe9bbe048c36649073406723295d53e27f32474aa3ead1d1a93 6477c23db46dbef43a482845778c40b39e8789ffd0a24ed1c42d4c96fd86fadc
SERVER_HANDSHAKE_TRAFFIC_SECRET ad5faf1db72ee2dcde6c93caeeebe199d39124694c81ec6fee966f6108e0d839 8589fa6ba961f47c625ae222c82467b57a7ebc41883ae524563d11286bd91c3b
CLIENT_HANDSHAKE_TRAFFIC_SECRET ad5faf1db72ee2dcde6c93caeeebe199d39124694c81ec6fee966f6108e0d839 22ed5cec235201aa25937037fe0611f240ab61c7825d203f7383301a6e4cca3f
SERVER_TRAFFIC_SECRET_0 ad5faf1db72ee2dcde6c93caeeebe199d39124694c81ec6fee966f6108e0d839 f8b9253c7c19cad891d6e2783db308efd5336dc708181880b5ebcca74e081074
SERVER_HANDSHAKE_TRAFFIC_SECRET ff8920fbb638de6dbf372da9e745103232f79f58fb10c7c2bc06a0bfbc468c23 3a4dd246350d343db5bc25650c28aca0f48457b067cb0eaffe25421673255a7f
CLIENT_HANDSHAKE_TRAFFIC_SECRET ff8920fbb638de6dbf372da9e745103232f79f58fb10c7c2bc06a0bfbc468c23 fa59295b26be42d156eb22d08dfcc7872447076a3fe61b55e0990a637b288deb
SERVER_TRAFFIC_SECRET_0 ff8920fbb638de6dbf372da9e745103232f79f58fb10c7c2bc06a0bfbc468c23 51b0b3f90a496e09f6d9d4591ea5ac64951f6c3968e3eee760f68481a4e27468
SERVER_HANDSHAKE_TRAFFIC_SECRET 790a28c2a77612ca31cd4afb0bef6e2372bf10aba67b4a83c00dda5cef4c7060 6b1bfebed10d575e6a1895bd56c1083b3fc022654b91301df075b9adb5184f03
CLIENT_HANDSHAKE_TRAFFIC_SECRET 790a28c2a77612ca31cd4afb0bef6e2372bf10aba67b4a83c00dda5cef4c7060 daeb04061400c85f2c9b386ebd6f2a6b13166cc5124f66fa2caebf8394fd446e
SERVER_TRAFFIC_SECRET_0 790a28c2a77612ca31cd4afb0bef6e2372bf10aba67b4a83c00dda5cef4c7060 8918d30174d1e15646b88f07a339882cc60d6a876057f800e188fada9b763f02
SERVER_HANDSHAKE_TRAFFIC_SECRET 4c67cf97caac3235fa4fbf455f1149732c691acc84d245454c95fb6947739bdb 37793f6634865ebe3a43a08f8c3a48ed8dd55a5abf331e25351d1b6127c0b307
CLIENT_HANDSHAKE_TRAFFIC_SECRET 4c67cf97caac3235fa4fbf455f1149732c691acc84d245454c95fb6947739bdb 871345feb2cb43137311270463744566094579a42924d366bf4de0d7999820da
SERVER_TRAFFIC_SECRET_0 4c67cf97caac3235fa4fbf455f1149732c691acc84d245454c95fb6947739bdb 459cb35d9dad5ebd8c2fb41d4a527b06b23d105f0e932da750d11dcb8b881729
SERVER_HANDSHAKE_TRAFFIC_SECRET d3f76c161280b98c17e66369f5c11811cc93b4fc09f2f67ca53e14bff76130c6 5fb4b39b334ba95ed733393758b9e587a07e5dd69724e6aa09032825cb46f24b
CLIENT_HANDSHAKE_TRAFFIC_SECRET d3f76c161280b98c17e66369f5c11811cc93b4fc09f2f67ca53e14bff76130c6 6b9671252d86bb50175e1ee5c58cc3074b31581df1433110f6154a6b04d64dde
SERVER_TRAFFIC_SECRET_0 d3f76c161280b98c17e66369f5c11811cc93b4fc09f2f67ca53e14bff76130c6 c7c356efa38853717fcb7c94c36270d8e839cc265c29be9940ae3024c215405d
SERVER_HANDSHAKE_TRAFFIC_SECRET fbb29b1ad485c077ec66121110f107b26aa67f89a18018397b44c241ab760246 0e4b7e2ca2a1bc67a95a95461de52a7232985baaa787c77d77d863cefb41edd0
CLIENT_HANDSHAKE_TRAFFIC_SECRET fbb29b1ad485c077ec66121110f107b26aa67f89a18018397b44c241ab760246 52f2dc8591ede81dda82bcabd47e4c5dde6664f7d8759f0774eb096246a36627
SERVER_TRAFFIC_SECRET_0 fbb29b1ad485c077ec66121110f107b26aa67f89a18018397b44c241ab760246 3f1e7411e264bdff64bb0ed3300c1dbe62bfe6c07aad9b65dffc5d13d49d81bc
SERVER_HANDSHAKE_TRAFFIC_SECRET 66ba35f59170d289b8606c2620fb4cc867167e0a6c3d57ff61b71cbcc5b81360 e6a4cb3bc0a3e71939c4870b4f854638492b63f4e76cbe9a0a497c8e593c2a81
CLIENT_HANDSHAKE_TRAFFIC_SECRET 66ba35f59170d289b8606c2620fb4cc867167e0a6c3d57ff61b71cbcc5b81360 fd010239cddc0f7a590f6824bf2b96257805cd7b4b87ebddb6d39a74c66f9c25
SERVER_TRAFFIC_SECRET_0 66ba35f59170d289b8606c2620fb4cc867167e0a6c3d57ff61b71cbcc5b81360 0cc9c84d70f1aee3b11b1577599fea288285f0e182ec61033de7156b8178882b
SERVER_HANDSHAKE_TRAFFIC_SECRET 14fe1ffbf64b9c659560b43129c1a96ff744d8d794edc1fd6f24a4cf40ca1368 cec3cf244a813d95b54ff18984c7b1e0c831209b2522145e6947ebd53e2b6781
CLIENT_HANDSHAKE_TRAFFIC_SECRET 14fe1ffbf64b9c659560b43129c1a96ff744d8d794edc1fd6f24a4cf40ca1368 7fdbfe5703b66380f3650277260c4897dc7e4786d488adaa5c2eb6978a7079db
SERVER_TRAFFIC_SECRET_0 14fe1ffbf64b9c659560b43129c1a96ff744d8d794edc1fd6f24a4cf40ca1368 b8659b4d7b23bca2da8324de4264bd6501d5c1c06294a54af5e0d314eaaf379a
SERVER_HANDSHAKE_TRAFFIC_SECRET c484fe82786ebeb2f1d19191a62b746d36b636931376dc5b4b0ed977a9fa188a 9cc329186589f3f65c6d46fade7b345de2d4ae9eb90560cbcee5c2ac8f8e4988
CLIENT_HANDSHAKE_TRAFFIC_SECRET c484fe82786ebeb2f1d19191a62b746d36b636931376dc5b4b0ed977a9fa188a 1b9316e96473723a03b937a42f5c066621f8912d8deb105c1d291a54de8e485a
SERVER_TRAFFIC_SECRET_0 c484fe82786ebeb2f1d19191a62b746d36b636931376dc5b4b0ed977a9fa188a d8a5373f2a9e7d3cea96c97eb47118d774c2dc8c0b9a1091e8a90a690e7d02f5
SERVER_HANDSHAKE_TRAFFIC_SECRET e4971d104c6689ae408ca8d1dd0068703c6560bbec885b40d4bc0f7dcbcbcdab 7376767eecd96cff1e2f477c9019af964109685abd9359d00e25fbfa91ec1bea
CLIENT_HANDSHAKE_TRAFFIC_SECRET e4971d104c6689ae408ca8d1dd0068703c6560bbec885b40d4bc0f7dcbcbcdab b2d7cecbbe51d7ff138edf6b3f830ed6c9f74df4eeefcbd8d8e118d2272f8c9f
SERVER_TRAFFIC_SECRET_0 e4971d104c6689ae408ca8d1dd0068703c6560bbec885b40d4bc0f7dcbcbcdab c2e2d9db445c1bf1e3eae563fc131476919880cee1a803530925c2dad0eeae9b
SERVER_HANDSHAKE_TRAFFIC_SECRET 50a8a3a8674609006f3cd0c01327269d93aebbceddde7bbd1fea25d9560fae2b 69dedc9d5d0dd14c8db7d3e4bc80789e23de9a2d8b62500b2e0b8a04f8fc310b
CLIENT_HANDSHAKE_TRAFFIC_SECRET 50a8a3a8674609006f3cd0c01327269d93aebbceddde7bbd1fea25d9560fae2b d7dcfe9b3149a8e05767c4ee4119ddf701b1131f082b36da06eef36fe0c7e8dd
SERVER_TRAFFIC_SECRET_0 50a8a3a8674609006f3cd0c01327269d93aebbceddde7bbd1fea25d9560fae2b 242225b1e0acdfb65ad5324ad258c5013ac2ed5a73f06b8f5b434d852023758c
SERVER_HANDSHAKE_TRAFFIC_SECRET 84d05856ae3dedffa0d7efe8579d250a63e28696eeff469e210a84a983afd572 64c1ad91b3b9e1eb4d275f9f91b7f1381ca53d2970a36bafb5bbc034b7461147
CLIENT_HANDSHAKE_TRAFFIC_SECRET 84d05856ae3dedffa0d7efe8579d250a63e28696eeff469e210a84a983afd572 211a9a8675102a9359221821b95dae30bb0fe4e59f238cbb70143fed7c090728
SERVER_TRAFFIC_SECRET_0 84d05856ae3dedffa0d7efe8579d250a63e28696eeff469e210a84a983afd572 2886c47ba09d6788956f738b04582eaa573353d530b28a05c5b7fbd2f8fd5b45
SERVER_HANDSHAKE_TRAFFIC_SECRET a58e1c884f52e6c06cf7da9f235b40633e0c4c883058191253c37759262c96b8 2f031750ce9901d84d69c9606350ce87e2954b90f3b36b7ff88d115eee77bb86
CLIENT_HANDSHAKE_TRAFFIC_SECRET a58e1c884f52e6c06cf7da9f235b40633e0c4c883058191253c37759262c96b8 5174ff17479af26d292ec25757e7ff307b2c76f6aa06defff3ee342d24aa2e7b
SERVER_TRAFFIC_SECRET_0 a58e1c884f52e6c06cf7da9f235b40633e0c4c883058191253c37759262c96b8 78215ff1750769b929f669620e9a77e9587143696e57d38deb7a9b3526a7279f
SERVER_HANDSHAKE_TRAFFIC_SECRET 665bd169f4d332f034ba033f0b485d71218742aa80ffef4a7e638b6437408cb4 d12f77460e9ce3278ec28bd212a4a382ea64100bd69eb2c968ac992af568af91
CLIENT_HANDSHAKE_TRAFFIC_SECRET 665bd169f4d332f034ba033f0b485d71218742aa80ffef4a7e638b6437408cb4 115cfaa2746d8b40c3dc89d2e0e723f57f7170c23d71c8461cdc38b9dab13a9f
SERVER_TRAFFIC_SECRET_0 665bd169f4d332f034ba033f0b485d71218742aa80ffef4a7e638b6437408cb4 e1317da49f7604b25cf941ba411ecb281591a9319d27a830a487adc17ab9f32a
SERVER_HANDSHAKE_TRAFFIC_SECRET 5b12164ba7a44f6b6a096060851457999b7cdcc64fed91915d27fd158021c439 cf920ed0ef7e71ee178d61f7ab539b23ea21f9767d95d4f5244394180b12958d
CLIENT_HANDSHAKE_TRAFFIC_SECRET 5b12164ba7a44f6b6a096060851457999b7cdcc64fed91915d27fd158021c439 580ca1869f6512c1c245c691d408c9d18cde03666019ae93cf9538634b8ee3f7
SERVER_TRAFFIC_SECRET_0 5b12164ba7a44f6b6a096060851457999b7cdcc64fed91915d27fd158021c439 5f6c5553d29a9c74eb2132cef4650fbfe3e5b4c86d8b43af1c51262290a4ed4e
SERVER_HANDSHAKE_TRAFFIC_SECRET 784e949f97e3f60e49265c35f862779dfb0698d7f35ab7b28f0619b234931d0a 709fb9faf987cb1c9aacb98a7ee7dab8d08785d48e2d89ce5ea839b1a09e88dc
CLIENT_HANDSHAKE_TRAFFIC_SECRET 784e949f97e3f60e49265c35f862779dfb0698d7f35ab7b28f0619b234931d0a d5fbe753229d3bd78e4b24a1cc0cbf05375f32f4f6f0a02cccbadc2234930062
SERVER_TRAFFIC_SECRET_0 784e949f97e3f60e49265c35f862779dfb0698d7f35ab7b28f0619b234931d0a 3aead55dc9bf52c5fe58ab9a65fd9c5bad5e1ad299c61cfa2f632392e3a2d867
SERVER_HANDSHAKE_TRAFFIC_SECRET fc8ec7e08171619834e479b1feb494e5680ea2e7d2ec947be969e1cf795d5fef 1a7fc38b101b9af37ab3df6df0d3509c6eab5b605f8132f228a7d10cf06f42e4
CLIENT_HANDSHAKE_TRAFFIC_SECRET fc8ec7e08171619834e479b1feb494e5680ea2e7d2ec947be969e1cf795d5fef 0757276cac59fba934886dfd553d7a9b76adaa3c9e7a2ce7e7e258d79c73d00b
SERVER_TRAFFIC_SECRET_0 fc8ec7e08171619834e479b1feb494e5680ea2e7d2ec947be969e1cf795d5fef c82ffb30fd275a64fb6f85e063a7aaf7670c919416865b6392998fa0bdb7417c
SERVER_HANDSHAKE_TRAFFIC_SECRET aeb269c0fd93b6e6ade121e24aea38953da0252d56304de83e69c600c99799dc 373ad29db9f099e921fe7b6ab6b99e0d3fe4e474ac31b529d6bbaa628bd0b76e
CLIENT_HANDSHAKE_TRAFFIC_SECRET aeb269c0fd93b6e6ade121e24aea38953da0252d56304de83e69c600c99799dc 49ab1a29a1ec403ced4e625980468549bebb100b864fa7a90f5bfaa8c8b11af3
SERVER_TRAFFIC_SECRET_0 aeb269c0fd93b6e6ade121e24aea38953da0252d56304de83e69c600c99799dc 497cbc5130eb0c677cca0d0a6c88f89cf270e6568b574e32021c685aebbb0d4c
SERVER_HANDSHAKE_TRAFFIC_SECRET 99db353ffd3aaee5f76693fe687c5b4c160e27940a34e6944ef4697d35ea798d b248dda0a699d6c48273dd202f1bc12854cad87cb747fbc68a8b248bd3ec608b
CLIENT_HANDSHAKE_TRAFFIC_SECRET 99db353ffd3aaee5f76693fe687c5b4c160e27940a34e6944ef4697d35ea798d 70f3f6ad4129d76f9a0d514b2a2ad7550f479d802bf4b151cfdae9bc7dff0d8b
SERVER_TRAFFIC_SECRET_0 99db353ffd3aaee5f76693fe687c5b4c160e27940a34e6944ef4697d35ea798d 10b76c007e562eed477362f5c91256a2609d9f6526894c4e726c27b7d1a63627
SERVER_HANDSHAKE_TRAFFIC_SECRET 74c76dca744066a50ea25c65378a03e05e6bb1296143f41a6c96d96ce7374885 fdb0e7c520103a9a72caf1df5b1c465566bd1518b0f99b91f0e8b4624b0e7b86
CLIENT_HANDSHAKE_TRAFFIC_SECRET 74c76dca744066a50ea25c65378a03e05e6bb1296143f41a6c96d96ce7374885 1e9f88efac1625c91fc4887174090fcbd1f70db5b1623d8226844567dff7a6cb
SERVER_TRAFFIC_SECRET_0 74c76dca744066a50ea25c65378a03e05e6bb1296143f41a6c96d96ce7374885 df6e8cc557999a5c43da740a9507ceb3bf6087f1374ee0af106e280bae289404
SERVER_HANDSHAKE_TRAFFIC_SECRET 80cf6e4790f0696740b9ea07e320a86ff7f5ac06007452ac795059685a0e8560 8685cbc47e3ee3dfab9f9afb03d56d35e26f5532bbf0654047ee0ac107514674
CLIENT_HANDSHAKE_TRAFFIC_SECRET 80cf6e4790f0696740b9ea07e320a86ff7f5ac06007452ac795059685a0e8560 c0a959ec1fa688bf7815887126e839fda5b1b74598e4955b07fc75e18b12e0d8
SERVER_TRAFFIC_SECRET_0 80cf6e4790f0696740b9ea07e320a86ff7f5ac06007452ac795059685a0e8560 107231c2f74859a7487edd35dd5830b437ad2a4f104d9e1523f9fa415460630d
SERVER_HANDSHAKE_TRAFFIC_SECRET bcd6dd3e40d101fa9b93c26b2870e85445934a17ad0c560524a6a9b76723ca3e 92c6805fdb882d4a33ed6e8f4730ec9d768b150e0764b0baabee11f6c3f17879
CLIENT_HANDSHAKE_TRAFFIC_SECRET bcd6dd3e40d101fa9b93c26b2870e85445934a17ad0c560524a6a9b76723ca3e 4368f13be0e7c9767c78ed65e4582bbabeeb9fc4c11971821d220d9f97040aba
SERVER_TRAFFIC_SECRET_0 bcd6dd3e40d101fa9b93c26b2870e85445934a17ad0c560524a6a9b76723ca3e 849504a0f3ff8e78a56924f30fc08e829981f5d7a477082bd5caf9f39f556d03
SERVER_HANDSHAKE_TRAFFIC_SECRET ac1685fb073a4180be069bb25c4c3ca451bd2c61a0fd00870a4522142cdd1d28 4aab7bb32ff2b7d7f1c862348aebc82b3384cc3b61cc23acb150236f9110ec3f
CLIENT_HANDSHAKE_TRAFFIC_SECRET ac1685fb073a4180be069bb25c4c3ca451bd2c61a0fd00870a4522142cdd1d28 436cb1855e673203477065e8d761f18655bffc69a6d015bdddea5b917203b101
SERVER_TRAFFIC_SECRET_0 ac1685fb073a4180be069bb25c4c3ca451bd2c61a0fd00870a4522142cdd1d28 a5a406d212820ef71dbecb2383595ea807d10eaac3e15d9048cd6444d0376c6f
SERVER_HANDSHAKE_TRAFFIC_SECRET 892bd6217534f4448d11b67653712b96f447f6e1af1d8981bc599814fc2f78d3 ceb9ea4922029bd0d3aad3981bfbfc29820f1dcd3b4639d0aac3ae9bb6b1551b
CLIENT_HANDSHAKE_TRAFFIC_SECRET 892bd6217534f4448d11b67653712b96f447f6e1af1d8981bc599814fc2f78d3 17ddfa341e0f408a4f3a1055957f6c545a1048cd04c05c543a1d5fc09bb77469
SERVER_TRAFFIC_SECRET_0 892bd6217534f4448d11b67653712b96f447f6e1af1d8981bc599814fc2f78d3 c3987472d3d7f26724add90a247e6bdeb4803068078296e975cb574ba72f8590
SERVER_HANDSHAKE_TRAFFIC_SECRET 928471d27685ecca6e349bcbf93e44f14c489a1f7379173f9a5eb7723284d5e0 7fa0fefb1c0766791617d215f238704ed0210678279b9d65c96bfba4f2f919f1
CLIENT_HANDSHAKE_TRAFFIC_SECRET 928471d27685ecca6e349bcbf93e44f14c489a1f7379173f9a5eb7723284d5e0 1753c6e41894a213411427994029e5b37339857f222a9d84ee1462977a93d661
SERVER_TRAFFIC_SECRET_0 928471d27685ecca6e349bcbf93e44f14c489a1f7379173f9a5eb7723284d5e0 e015b71bc8711d0ec1d757a9e743aec7960d1bb67ab6412c4e0cc5df131449ef
SERVER_HANDSHAKE_TRAFFIC_SECRET fd31decfced9a41e6ebf9bacd7b9962188213db125206b900e45aed55bc431de 16cf039ea68dd518473465eb2982e63c20b1e4be1cf75898bb8d7441b76ee2db
CLIENT_HANDSHAKE_TRAFFIC_SECRET fd31decfced9a41e6ebf9bacd7b9962188213db125206b900e45aed55bc431de 64d7f6eea041de895ed05ea03297261d22952b5d919e3236c27b421bc3d4ab9a
SERVER_TRAFFIC_SECRET_0 fd31decfced9a41e6ebf9bacd7b9962188213db125206b900e45aed55bc431de 71e47ddab898c58472a33cb3de8f26d8634ec06e66fd41cf23b4b50fdb3133e5
SERVER_HANDSHAKE_TRAFFIC_SECRET 8541afc98d50d7d7aa124593761bb3a02d5c904d6ed6846406a8607801d8abc6 d13324edaedcd9b7f59ff8715522042e3c85c3c1e03ab050a1936106e5beb0b0
CLIENT_HANDSHAKE_TRAFFIC_SECRET 8541afc98d50d7d7aa124593761bb3a02d5c904d6ed6846406a8607801d8abc6 12cf6f39e66106cc27e1e566ba135872972e57b14aab9e01f4dfa555d4de592a
SERVER_TRAFFIC_SECRET_0 8541afc98d50d7d7aa124593761bb3a02d5c904d6ed6846406a8607801d8abc6 dccbecb088c0a81d2d40080c80a9752abdf7140e702c9da46600a32618df8a57
SERVER_HANDSHAKE_TRAFFIC_SECRET b2b3196a4e31e00bf66682b2a31651ffb29a72e3d66c77d38b31439eed1d8158 7bdfe60ce3ff6a45eed34fce63ab7af0657626a3de4cf20c5d5524142b06e2e5
CLIENT_HANDSHAKE_TRAFFIC_SECRET b2b3196a4e31e00bf66682b2a31651ffb29a72e3d66c77d38b31439eed1d8158 96dbf2000dc02f32b0da150992f5063b679f8ce44f9886fcc3b8eeb9ac5dbd0b
SERVER_TRAFFIC_SECRET_0 b2b3196a4e31e00bf66682b2a31651ffb29a72e3d66c77d38b31439eed1d8158 9a0d6a1e872b5a8a737d75542a38d2a616bae4f969bfc093a3683f638f041196
SERVER_HANDSHAKE_TRAFFIC_SECRET 047d5da79be9abb870e25ec621a7f7728e4476f2954a3d372bbc3cdbbbc28b16 9a6a6fafe550b6882d7002ef958e5ad11c3cf91164feb2eb1d796fe132a1d74f
CLIENT_HANDSHAKE_TRAFFIC_SECRET 047d5da79be9abb870e25ec621a7f7728e4476f2954a3d372bbc3cdbbbc28b16 783dfa10d9040c47a789d23e3e4c0aa5143abb062e7441b758f3e7c6ce1fe992
SERVER_TRAFFIC_SECRET_0 047d5da79be9abb870e25ec621a7f7728e4476f2954a3d372bbc3cdbbbc28b16 498ccf01d24015f8a4328232d36e731b78936af816b9b9fd21d71b6328c1aafc
SERVER_HANDSHAKE_TRAFFIC_SECRET d07d442693556f53b30df9b8c74cdddb33be85ca0e3da6ef737538cc7589b00a ffe32a28d010c8dbd154a0dcdfa4a0e38c25a18f7cdbe79a753a697017405836
CLIENT_HANDSHAKE_TRAFFIC_SECRET d07d442693556f53b30df9b8c74cdddb33be85ca0e3da6ef737538cc7589b00a 2fd47f7aa6660fdfaf78a6ce06ae6217f4a34941ae60ec6de8d6f98659f14565
SERVER_TRAFFIC_SECRET_0 d07d442693556f53b30df9b8c74cdddb33be85ca0e3da6ef737538cc7589b00a 4f9dbc6ebb3cb64e81a6f1d7ed88baaa874b8e76a41f021482947a52592dafa4
SERVER_HANDSHAKE_TRAFFIC_SECRET cb9f039b70a7221ffd0e45ea34c729811ed45b5f757dad2de075cfd6686679cd a0be613a02786b9b818b3eaeaf9dff03998f8e8e0ecedb933ecb620cc45db2f4
CLIENT_HANDSHAKE_TRAFFIC_SECRET cb9f039b70a7221ffd0e45ea34c729811ed45b5f757dad2de075cfd6686679cd d17e37d4ca6b3199c6446399c34751f3eb20b6592519a1da217c13aa668349b8
SERVER_TRAFFIC_SECRET_0 cb9f039b70a7221ffd0e45ea34c729811ed45b5f757dad2de075cfd6686679cd d27de00dcd0c523a03915ae7f1a75aa10a76ae782a31c90dc86b4a77c6bb8142
SERVER_HANDSHAKE_TRAFFIC_SECRET 212c14236c6f9702d40800082ff9b9a83b422c7c0e6f7a7f0cb1631f7b55e9a9 5b501680fcac4808f324750ec640867b5e13c7b62f7dea810efff70e1beda7ce
CLIENT_HANDSHAKE_TRAFFIC_SECRET 212c14236c6f9702d40800082ff9b9a83b422c7c0e6f7a7f0cb1631f7b55e9a9 978f8a49bcf2c0eeb8a78f0c34264cfe4869d41500acb4d044b598e2601e8664
SERVER_TRAFFIC_SECRET_0 212c14236c6f9702d40800082ff9b9a83b422c7c0e6f7a7f0cb1631f7b55e9a9 ab49d61d713dcb0a88b34ea22a53659608737b91aa3e8fd2dc2b260eae8174d0
SERVER_HANDSHAKE_TRAFFIC_SECRET 3d87db261171e256fce3966c446053f24b9c672239369eabd25b7e7afe8e00e0 3b13920f912d1c98240adfd21146dba8d0c01ca81822b72dbc4eae4e1213d0e9
CLIENT_HANDSHAKE_TRAFFIC_SECRET 3d87db261171e256fce3966c446053f24b9c672239369eabd25b7e7afe8e00e0 bbfd4936ba33b1b8b46db82b3e319841da7ec0fbcd27707a4a77572dfc816fcf
SERVER_TRAFFIC_SECRET_0 3d87db261171e256fce3966c446053f24b9c672239369eabd25b7e7afe8e00e0 b63daf55c0f0667ecdef1ca0d607e0770bd3f70370c927f8680ce31ff3e45346
SERVER_HANDSHAKE_TRAFFIC_SECRET 5fdbb853e2f3bb3153fb20af2eb42c29cb7ee097af1fd9708021216ad6e7f33c 718fad46b3390cf8fa80c78c73c4089c236759e31335bb8538ae1979f3274f16
CLIENT_HANDSHAKE_TRAFFIC_SECRET 5fdbb853e2f3bb3153fb20af2eb42c29cb7ee097af1fd9708021216ad6e7f33c 47fdad7b8b6279d1a40212fb023c8c3c891df7d86c9d67f5e8fa40342166a971
SERVER_TRAFFIC_SECRET_0 5fdbb853e2f3bb3153fb20af2eb42c29cb7ee097af1fd9708021216ad6e7f33c 937735c87a6c3b02553a85f8b36f07c5059fa6d1e3cb0f9d74dc6a3b17c41565
SERVER_HANDSHAKE_TRAFFIC_SECRET 0f1d14be07a07d3051389d5d153a2774c3149a1d5bd85429771ddf5c1270ab26 cf169949a036b0bd3f5b2798d177eabf0588b73798b1bb0ade2f63165b8cd8c3
CLIENT_HANDSHAKE_TRAFFIC_SECRET 0f1d14be07a07d3051389d5d153a2774c3149a1d5bd85429771ddf5c1270ab26 c23fa3259cf227e2c20591a90a9cae8358be2a162b9cdb7e1bd4aa6faec808b4
SERVER_TRAFFIC_SECRET_0 0f1d14be07a07d3051389d5d153a2774c3149a1d5bd85429771ddf5c1270ab26 30fcab67a9ba8a91efdce8da49e7571833a1885c4a211f39d80c6c0deca73902
SERVER_HANDSHAKE_TRAFFIC_SECRET 84b1280046dfc695a6aa81b00aeb5770965fe8fdc10409678cc9d1b4a5827c98 f2a8f775296067c3fdc06fe53eac1dc5a6e26904b207a18d0531ba94bd653fab
CLIENT_HANDSHAKE_TRAFFIC_SECRET 84b1280046dfc695a6aa81b00aeb5770965fe8fdc10409678cc9d1b4a5827c98 9b14a77c1a31b3c4bf6e0437cca4533552033827095ea3aba30a9aeb9bbc6556
SERVER_TRAFFIC_SECRET_0 84b1280046dfc695a6aa81b00aeb5770965fe8fdc10409678cc9d1b4a5827c98 2e72a9f0e6458bd4b5f5031b2de00aadf225bb077ef1c8aac4d3de2bb223b91f
SERVER_HANDSHAKE_TRAFFIC_SECRET 70defbfc84f307708f67e263b01662152dcf0083786fe9bf324fff3e78c7d259 96d9a2b6557232a9c0eea9e3df943da12a7d74a65599a091e55e24c71fee916d
CLIENT_HANDSHAKE_TRAFFIC_SECRET 70defbfc84f307708f67e263b01662152dcf0083786fe9bf324fff3e78c7d259 c37e05dc2225563a90be90c47364f4cbe0e19aa23b00b48c2e79203570f5e116
SERVER_TRAFFIC_SECRET_0 70defbfc84f307708f67e263b01662152dcf0083786fe9bf324fff3e78c7d259 dcc9370199ddcccec6198a634223169a8aa17a2c157863b3d37f5b6671b46fb0
SERVER_HANDSHAKE_TRAFFIC_SECRET 274ff9652d1e8bd41bf0830344c2392b5b24a5ff93444f16a6d1985635d87660 cf77637a9100078ea3426f003e88fa9f1e7fedf2ce4c1be6abeddec5019e51b0
CLIENT_HANDSHAKE_TRAFFIC_SECRET 274ff9652d1e8bd41bf0830344c2392b5b24a5ff93444f16a6d1985635d87660 9d94f4f7f276ee2c8c000a45e84b0791a697b47771040e0c7d264d45f08bb569
SERVER_TRAFFIC_SECRET_0 274ff9652d1e8bd41bf0830344c2392b5b24a5ff93444f16a6d1985635d87660 1bc9b5602a451baa058de9388b024d2cbe08f62fe236342b24e4f3288afc63d7
SERVER_HANDSHAKE_TRAFFIC_SECRET 49d9b75b6c9521fae0832ac1b3a5a5d731b20756488b7c8df3b997b3a2bdf2e9 2b4a5aafb9c5990235463a82056ab13b411088fe5316ea2881da0833dd169b88
CLIENT_HANDSHAKE_TRAFFIC_SECRET 49d9b75b6c9521fae0832ac1b3a5a5d731b20756488b7c8df3b997b3a2bdf2e9 3f19f19d106e5a981c1faaa8bdf45457dd02f503f47c4d56eb80bafe1e1bd71b
SERVER_TRAFFIC_SECRET_0 49d9b75b6c9521fae0832ac1b3a5a5d731b20756488b7c8df3b997b3a2bdf2e9 5b3e9f6b734d442719edd19b4d1900a9e10c852c393d3960221cf1cc7219128b
SERVER_HANDSHAKE_TRAFFIC_SECRET 77d584d56057ebb0522ba5c5997f180a9ddaf1ab874930a50ab39f4a7f5d3179 843abe11a7a110fbbb790a8e73aa3e4d637238ecf5dcda1a621c6983e9dc03f2
CLIENT_HANDSHAKE_TRAFFIC_SECRET 77d584d56057ebb0522ba5c5997f180a9ddaf1ab874930a50ab39f4a7f5d3179 a35bd535667368e02938771c42f50cb5f8f91898ac56c38011f150eb78997750
SERVER_TRAFFIC_SECRET_0 77d584d56057ebb0522ba5c5997f180a9ddaf1ab874930a50ab39f4a7f5d3179 9b5cb94b974d772ccc1b446d09eb7fb1134a94c0a8e3eabcdb1ba9ac9b55a700
SERVER_HANDSHAKE_TRAFFIC_SECRET 7bf7742263744f464de1df04887d1b32609609d9ef2fa3a0e317c2b6a89b247c 048a6adcfa2e0f38cf529a3715ec92d4d6704207625446a9fea45cfa47d19b14
CLIENT_HANDSHAKE_TRAFFIC_SECRET 7bf7742263744f464de1df04887d1b32609609d9ef2fa3a0e317c2b6a89b247c c5efc6960bec270d7fb40229ce677ff9b44f636fa029b91820c81479f73f1ed4
SERVER_TRAFFIC_SECRET_0 7bf7742263744f464de1df04887d1b32609609d9ef2fa3a0e317c2b6a89b247c 7bf3690563af36219a6e58ba5d04b76e24ae08ba94d1f029d8e8e6265400a9f5
SERVER_HANDSHAKE_TRAFFIC_SECRET 6eef469f36cd0c07d1a7a0a8c65449c1e971ca138514e7f99440a2a8dc1d7252 ce85f6ea0bf9d79b7bcbcb2fe97e342b55afc111a080da5839bbb6a4ac8448c7
CLIENT_HANDSHAKE_TRAFFIC_SECRET 6eef469f36cd0c07d1a7a0a8c65449c1e971ca138514e7f99440a2a8dc1d7252 51f91b20ffe31c7bfccee1982e87e8ffb605b9f79318f561609e70c8e309d635
SERVER_TRAFFIC_SECRET_0 6eef469f36cd0c07d1a7a0a8c65449c1e971ca138514e7f99440a2a8dc1d7252 272f5a673dabac712f37792c4cfbeb47d208c2bb967669c8455c87b30af6c551
SERVER_HANDSHAKE_TRAFFIC_SECRET 84eac2b0438885183e094c2567be9e93d9401f7e030a6e6f1568da46fd2e484d d750e3c93e854c95d35ba8394df3441130abf32c565ab243074bed7f7dff0145
CLIENT_HANDSHAKE_TRAFFIC_SECRET 84eac2b0438885183e094c2567be9e93d9401f7e030a6e6f1568da46fd2e484d 7a8290e234ecfdb16fadc62c7085c83d4f2a8b20232b8116e9b7435354d8968a
SERVER_TRAFFIC_SECRET_0 84eac2b0438885183e094c2567be9e93d9401f7e030a6e6f1568da46fd2e484d ecb0655d9c9d12fda24459208dcbdaba83c65665240a1cf6d7148b3e6d8ad932
SERVER_HANDSHAKE_TRAFFIC_SECRET afbe08553ce085c6b1af2cb57f0e2a7ee2b4f0e2463f997b96f4bfb6a09905bc 0f4b820f3f305e7565f9d3315db8147c6d19451e99972add1bbb000776e6dea2
CLIENT_HANDSHAKE_TRAFFIC_SECRET afbe08553ce085c6b1af2cb57f0e2a7ee2b4f0e2463f997b96f4bfb6a09905bc 9e1fff7407131ab3c00553ed2758807d861d1e774f687713797515bc8ce0cfb2
SERVER_TRAFFIC_SECRET_0 afbe08553ce085c6b1af2cb57f0e2a7ee2b4f0e2463f997b96f4bfb6a09905bc 4a5e7a0bd75581316c95b970b47fc45615045175b139cd49d60f2b25341421bb
SERVER_HANDSHAKE_TRAFFIC_SECRET a7a8aa300e6a17ee380f4dfaec1230fba2aa63e4839872b47f3dd9744b9f75df f362117ed5bdc91896b941f11ef6b252474b97428689d3f0adb383194ab2e382
CLIENT_HANDSHAKE_TRAFFIC_SECRET a7a8aa300e6a17ee380f4dfaec1230fba2aa63e4839872b47f3dd9744b9f75df 7aac97f3ba4cfe74acc32528bf90e7dfe58933132b3504a0fe499ea118c750d2
SERVER_TRAFFIC_SECRET_0 a7a8aa300e6a17ee380f4dfaec1230fba2aa63e4839872b47f3dd9744b9f75df 48de1c5cbe9a3141bfe953059b58c32f0ed35ef8f973487c67a419bbe9b14088
SERVER_HANDSHAKE_TRAFFIC_SECRET 71d6d96ae20ebfb4ef924dee44f1137737bfb3546e6463a6f3c94c46c15053a9 457bad0680cca089270fb4a500303045c99b89e47758cc8c018187374a13cbdb
CLIENT_HANDSHAKE_TRAFFIC_SECRET 71d6d96ae20ebfb4ef924dee44f1137737bfb3546e6463a6f3c94c46c15053a9 aec7396060cb498cd784b929060b0feacc0699681759bdbcd9de19bc8f248118
SERVER_TRAFFIC_SECRET_0 71d6d96ae20ebfb4ef924dee44f1137737bfb3546e6463a6f3c94c46c15053a9 05cfecb30bf77c2afed80016197ae84302951d9e4b8cd0c2dfa2e9c687a519fc
SERVER_HANDSHAKE_TRAFFIC_SECRET d9b3fbe82c357b48ef80c2f7db8373a20c95cbe58d64a7e9d2050eb944fffc3d e363e50248cfa7692c0f6954d947772f6f9de5f15c5d8708388dcb5bd5d4bb35
CLIENT_HANDSHAKE_TRAFFIC_SECRET d9b3fbe82c357b48ef80c2f7db8373a20c95cbe58d64a7e9d2050eb944fffc3d e3f4d187aa54088eb9f239a134ccfd3f8ac1bc8da60e188fab55d7b456982c8a
SERVER_TRAFFIC_SECRET_0 d9b3fbe82c357b48ef80c2f7db8373a20c95cbe58d64a7e9d2050eb944fffc3d c545a7e3822f042e934452eb44e1a2916a4de47fafa7909dd489323fb239ef37
SERVER_HANDSHAKE_TRAFFIC_SECRET b5e2adaf76fea81386d4f2b419ff7e0d185a650a4718eaf3f8a9a3a3a216c000 70437915d2cafa48b3f5c392b9140ee3d5341c3edab4c943be80d76c454dd4e7
CLIENT_HANDSHAKE_TRAFFIC_SECRET b5e2adaf76fea81386d4f2b419ff7e0d185a650a4718eaf3f8a9a3a3a216c000 f4731a1fca8e362d3b280be4a0ad016b699938a54fc5bde67f7d603b5184104d
SERVER_TRAFFIC_SECRET_0 b5e2adaf76fea81386d4f2b419ff7e0d185a650a4718eaf3f8a9a3a3a216c000 c14fa3a74da524e2b92d3b57945c86d25ee6e97763eed7e4aa3a0f3480b6ea33
SERVER_HANDSHAKE_TRAFFIC_SECRET b33e02281ac0661ac7f223638c510fd4d1e84709fe398051f7777fb144670781 87738c37ff01ca38a4e8a305a50524f4db36c9f4145ff574a1c1f230acbd8524
CLIENT_HANDSHAKE_TRAFFIC_SECRET b33e02281ac0661ac7f223638c510fd4d1e84709fe398051f7777fb144670781 18e632be15df47a4d688f51b8ef5b2fff141b9f6035a7ba6bc7265302942c1ac
SERVER_TRAFFIC_SECRET_0 b33e02281ac0661ac7f223638c510fd4d1e84709fe398051f7777fb144670781 825588ceadcece8b7eded3fbba2c49eeb16bde648b7637da8fc4da3afdcd687e
SERVER_HANDSHAKE_TRAFFIC_SECRET 7fc58fe00a5c585e1ec12f65d563682ba6a964bd88a2f77d5f08720ed5c58afa 9d575227e95002bea2fff22fba98fc94afc77eac2e0b5a183143bc30f4c91b70
CLIENT_HANDSHAKE_TRAFFIC_SECRET 7fc58fe00a5c585e1ec12f65d563682ba6a964bd88a2f77d5f08720ed5c58afa 0d3106aa94c66d6dc64136f2aa36d7b1cc67ae46a8bbf8bf22332a191275c140
SERVER_TRAFFIC_SECRET_0 7fc58fe00a5c585e1ec12f65d563682ba6a964bd88a2f77d5f08720ed5c58afa f0d3c915c5345267b7a3c78e683c11fc3e49f9177898c7f8f1f47fa12beaeed7
SERVER_HANDSHAKE_TRAFFIC_SECRET cdef157828fdd86a8a590f5a13554c833a55afd4d372bda72e7098b96ffd4c1e d09b088a98d1e0f6ae147be77d247b5a703917886d6be6e0903bb56c31a7b1b1
CLIENT_HANDSHAKE_TRAFFIC_SECRET cdef157828fdd86a8a590f5a13554c833a55afd4d372bda72e7098b96ffd4c1e ed6ac72b3b250e4bef7bf9b68d84efe70f5e7d085b1cb4417b9fafea5d8da1da
SERVER_TRAFFIC_SECRET_0 cdef157828fdd86a8a590f5a13554c833a55afd4d372bda72e7098b96ffd4c1e 4450d9fec3a7b2d9a564fb2cd3f0599e8b21f0ec063dbcf22db1aa2f7f37e10b
SERVER_HANDSHAKE_TRAFFIC_SECRET 6a318a7d532fffebaad119949270aaf975b9a955edded4b7afa5bfa70fd08243 1b053d6efc78fc8401ce7c35c90fd878f31b2fd1b5005905148883e907c5f7e9
CLIENT_HANDSHAKE_TRAFFIC_SECRET 6a318a7d532fffebaad119949270aaf975b9a955edded4b7afa5bfa70fd08243 f7b9e1bb47021a3d212a872e60b6f7493fbbd403a2b2036c06da8d9571f24fec
SERVER_TRAFFIC_SECRET_0 6a318a7d532fffebaad119949270aaf975b9a955edded4b7afa5bfa70fd08243 0de202cf2e3900a58b3d908d5daa9e598953c7edcd9f35412c43e56108f557e3
SERVER_HANDSHAKE_TRAFFIC_SECRET da4ca6c369582699683f1034238fb86a65272c053781c6dddd1e233c6a1afb93 aa1290cc186cbc29b5159c9714c406ac6774d03dc877e0fa84b97bfd26060eb5
CLIENT_HANDSHAKE_TRAFFIC_SECRET da4ca6c369582699683f1034238fb86a65272c053781c6dddd1e233c6a1afb93 ff920171fc92b2fcb071538b660779b9ed40c1326c970946758cc2d2e61fcfc6
SERVER_TRAFFIC_SECRET_0 da4ca6c369582699683f1034238fb86a65272c053781c6dddd1e233c6a1afb93 acac20aeba609f6ba0b80a56ff496ad5b696bb3c5b346671e3f4a7c23b9b348c
SERVER_HANDSHAKE_TRAFFIC_SECRET d5c2d0e47589d0c8c6dd1f992c3ac0aa463098dc21c5f7cd26daf861b6e9c2d7 996f94d659e80f9e3d249c9c3221b8bc81a8aa37ae6f94a651c48e318e63aa8f
CLIENT_HANDSHAKE_TRAFFIC_SECRET d5c2d0e47589d0c8c6dd1f992c3ac0aa463098dc21c5f7cd26daf861b6e9c2d7 fdf3bef7deb136cacfb6a609b3a72afba800d96909001d68d29c286675a9b94c
SERVER_TRAFFIC_SECRET_0 d5c2d0e47589d0c8c6dd1f992c3ac0aa463098dc21c5f7cd26daf861b6e9c2d7 fd87aaf8fbf3dca8b1060b8635f06da9d754b281141945cbed78e7dd474315ea
SERVER_HANDSHAKE_TRAFFIC_SECRET be0ee4f5d5b8536338bb225572891f29d097f213c1185d102b92ab0329f5672f 37227a4af6d4f06ce431960d219213e4e057c81a4d5c02081c95d71c343e68b8
CLIENT_HANDSHAKE_TRAFFIC_SECRET be0ee4f5d5b8536338bb225572891f29d097f213c1185d102b92ab0329f5672f 85c646ad95f11e800238a54a8d2edc6458b86e93ac13a1f4097e625fa70bc98e
SERVER_TRAFFIC_SECRET_0 be0ee4f5d5b8536338bb225572891f29d097f213c1185d102b92ab0329f5672f 688973796053468e06dc405d612df961024ef0182e28077bc1d5e89c9f0fc142
SERVER_HANDSHAKE_TRAFFIC_SECRET 5bb74958fc519c0c0ff5551ea98ac3fa73499356b88fd78926269be73bf23ce3 bc163079d56978d005e04be673bf04b2456b7706555f3009e73330707d1a1e4b
CLIENT_HANDSHAKE_TRAFFIC_SECRET 5bb74958fc519c0c0ff5551ea98ac3fa73499356b88fd78926269be73bf23ce3 f42e62356b7686e559d887b341a051f3fc5ae4fb14eb49ec6120a6cb79632076
SERVER_TRAFFIC_SECRET_0 5bb74958fc519c0c0ff5551ea98ac3fa73499356b88fd78926269be73bf23ce3 d1985205d7a645ae6f010faff045b7ef237aecfcfb86e370b45d827decb712cc
SERVER_HANDSHAKE_TRAFFIC_SECRET b3bc5e3d91b93a3bb27e77f1a8ea047da8dd2650d82f14f3c3911ea5d1cd5f41 5e187ec169186a6e16a6e612d8c3300610086ccf13a85b617878dc60c29b6670
CLIENT_HANDSHAKE_TRAFFIC_SECRET b3bc5e3d91b93a3bb27e77f1a8ea047da8dd2650d82f14f3c3911ea5d1cd5f41 a8d5035f409a1fbefc364c9d0cbba63aa0865b748096e24ec0b5cbd1b48c2302
SERVER_TRAFFIC_SECRET_0 b3bc5e3d91b93a3bb27e77f1a8ea047da8dd2650d82f14f3c3911ea5d1cd5f41 e1e5e5f303408216fc9b7e1b01fd4f9f0340440552d1fe5d6566af26abdf0a30
SERVER_HANDSHAKE_TRAFFIC_SECRET 7cf7c1d73f25a99d0e53cae66d15f980179f811b42eabeeb6e6e72b4769da651 4064d5afb4280a172f1c9f3b110c47147e7a0738f1957376ad82542e0b1eeae0
CLIENT_HANDSHAKE_TRAFFIC_SECRET 7cf7c1d73f25a99d0e53cae66d15f980179f811b42eabeeb6e6e72b4769da651 113329e6baae02c273c6a0cc3fbbda9eea6035c2394f6bd8d5bc72ded1ded751
SERVER_TRAFFIC_SECRET_0 7cf7c1d73f25a99d0e53cae66d15f980179f811b42eabeeb6e6e72b4769da651 5e2c97318fde508be6b07f72fb26f51ccc30dad9025be9ffcab73c7f069708ad
SERVER_HANDSHAKE_TRAFFIC_SECRET 1e6ede79b1e168c630adf7ed95d931ea4ee60e16d93a3eace45243dd00f2b316 147e658eba40f1e908ad3b100a4dd861a88da18d46ec8e88a170ffaf68f83bec
CLIENT_HANDSHAKE_TRAFFIC_SECRET 1e6ede79b1e168c630adf7ed95d931ea4ee60e16d93a3eace45243dd00f2b316 6e38f8371eb1c8af3b961cf3471c5ea6f59a29204ede1126b2fe154853de7955
SERVER_TRAFFIC_SECRET_0 1e6ede79b1e168c630adf7ed95d931ea4ee60e16d93a3eace45243dd00f2b316 f4aeb6b6fd63cf6563b9249fe6320e484b2584426cac9fec3a8c3f08e4388327
SERVER_HANDSHAKE_TRAFFIC_SECRET c77d642203eb82b01c8aee20915fecd1b63879433845bdd17f01e702eaa807e7 71d843ed9287929684634b0424d505497e6ae485bd9a09ccf2a83365c62d0653
CLIENT_HANDSHAKE_TRAFFIC_SECRET c77d642203eb82b01c8aee20915fecd1b63879433845bdd17f01e702eaa807e7 48fece2fd8a2fc53c836484f8b2fa0d8aa83879b888354c5cb46ff00b25250e7
SERVER_TRAFFIC_SECRET_0 c77d642203eb82b01c8aee20915fecd1b63879433845bdd17f01e702eaa807e7 c5eb50f67e51dbd88415b2f2ed7e74255a59750ff0360b1200812231bd12c65d
SERVER_HANDSHAKE_TRAFFIC_SECRET c3d5b6bd2b6d897688e9f044cc5f06a4fec7ee22bb28d2cbcbbc386a2593d81e f08be85c06eaec7673ab9d78e468497738bf64f963b6114d67430182966d81cb
CLIENT_HANDSHAKE_TRAFFIC_SECRET c3d5b6bd2b6d897688e9f044cc5f06a4fec7ee22bb28d2cbcbbc386a2593d81e 203cb3d2b4f0846a6b9cab71a5693091310835f5679c8ed1c87b8500e09c6598
SERVER_TRAFFIC_SECRET_0 c3d5b6bd2b6d897688e9f044cc5f06a4fec7ee22bb28d2cbcbbc386a2593d81e 46a60960c9915b96c84d8c9da386b339ebe6217f270dab1c88d7f5a378d93828
SERVER_HANDSHAKE_TRAFFIC_SECRET 33adceff8a58a70c91b8764873858f428a9e856c47feccab41f5a24a9eeacf13 988d1f8904281b619a43b093d4410a63bf3bea2036ed559145acb4933595db30
CLIENT_HANDSHAKE_TRAFFIC_SECRET 33adceff8a58a70c91b8764873858f428a9e856c47feccab41f5a24a9eeacf13 ee387dc4b0dc36540441035430e977e04d697ebc5cc9418cc006b6b17b2634e6
SERVER_TRAFFIC_SECRET_0 33adceff8a58a70c91b8764873858f428a9e856c47feccab41f5a24a9eeacf13 c2b43aa9c48a55deb5c0f54ff31e8ee9f4d99fff07934c044b65878b46813f8b
SERVER_HANDSHAKE_TRAFFIC_SECRET a0ba1d2d158ca5cd735da8e82ae36b63cdeeef7b592a6974288b27fc13bbbbe2 0918839d1276f1aeb7cb7837d2109a8b797801485d1ee906a7625e0ada963e0d
CLIENT_HANDSHAKE_TRAFFIC_SECRET a0ba1d2d158ca5cd735da8e82ae36b63cdeeef7b592a6974288b27fc13bbbbe2 8356d0f17bfb21fac7d4d29582018384f79eb036fab0dd6439a8dfb09b1366e6
SERVER_TRAFFIC_SECRET_0 a0ba1d2d158ca5cd735da8e82ae36b63cdeeef7b592a6974288b27fc13bbbbe2 cf0a706e73075fabde8b31072ef4eba3731e1f4caca392e0a1560d38b0ae9523
SERVER_HANDSHAKE_TRAFFIC_SECRET e640e3d942307868d4eba25e52c0f262a17da8536135e714dddc04f85ebf5b83 7371b89defb2f47e8bea3aa3dae93ca84095558c01f025f013f3e684c693112d
CLIENT_HANDSHAKE_TRAFFIC_SECRET e640e3d942307868d4eba25e52c0f262a17da8536135e714dddc04f85ebf5b83 633fe5517d3f68ea781563013c8f9e96e3c81508ba798d79280f4cbd43f5f7df
SERVER_TRAFFIC_SECRET_0 e640e3d942307868d4eba25e52c0f262a17da8536135e714dddc04f85ebf5b83 3298f54d7d063df44d26b208e15ae60788e639e72b8299f1d101a1f5b8f22c55
SERVER_HANDSHAKE_TRAFFIC_SECRET cba9ebbbb0b9a4dbd0c24e28f387c531fd0c088503aa751aeb181030fd214092 3de35b7539e660e75cebcbfd8fbcb8e0770e5655b32d165ed2d4532ab8becb69
CLIENT_HANDSHAKE_TRAFFIC_SECRET cba9ebbbb0b9a4dbd0c24e28f387c531fd0c088503aa751aeb181030fd214092 6d556f471a05778c0307aec91b7c1e783e4598b2f04f3efe0e64d2c61873fdf6
SERVER_TRAFFIC_SECRET_0 cba9ebbbb0b9a4dbd0c24e28f387c531fd0c088503aa751aeb181030fd214092 69db8daa01121043fc3f9a76da08a87651aa393bf597f30970e46bc636fa1ff8
SERVER_HANDSHAKE_TRAFFIC_SECRET 9313fd63762f62903f0cdf91f888fe10821b81f9ad748974bdab9c5e3ed7b23b 0f2f1e5b51e4e436243c16baaa9d866f73143faa1555fbb1c30d4532f370185a
CLIENT_HANDSHAKE_TRAFFIC_SECRET 9313fd63762f62903f0cdf91f888fe10821b81f9ad748974bdab9c5e3ed7b23b d1b7307d1e5918c244d7f56e472a3565aa5d0cdd6eddf6c005908eec00ad2388
SERVER_TRAFFIC_SECRET_0 9313fd63762f62903f0cdf91f888fe10821b81f9ad748974bdab9c5e3ed7b23b c0a723005b0080b19bc82f53f7d40555a1ac6a9732d753da603050f7134691ed
SERVER_HANDSHAKE_TRAFFIC_SECRET 59079b8fe5a5b8455a12f97bdce20cf93e9e75924c285a0f8b1eaa2ced9f5bff bad4a4dea5b7f85bbde19b138d3561803996361c1aaa5a612db9b205de1b9455
CLIENT_HANDSHAKE_TRAFFIC_SECRET 59079b8fe5a5b8455a12f97bdce20cf93e9e75924c285a0f8b1eaa2ced9f5bff cff1b2d7d9a4c160cbbcffa7b41785f2065ad82411a62b7b6b621bef9ccc408a
SERVER_TRAFFIC_SECRET_0 59079b8fe5a5b8455a12f97bdce20cf93e9e75924c285a0f8b1eaa2ced9f5bff baea0739090597df6728003dfdac7b3d279f9125b798e831825843f252d6d490
SERVER_HANDSHAKE_TRAFFIC_SECRET dcf6da5605fc8d16ca89e5b948f70e4d01dbc088cccc11031a3feb4155456d70 f9d571306e32485964a63be493ad4b79bd11600c6cde5225737f4f5dd122d1cd
CLIENT_HANDSHAKE_TRAFFIC_SECRET dcf6da5605fc8d16ca89e5b948f70e4d01dbc088cccc11031a3feb4155456d70 63834e0b0192ff82894c822cf47bea7d0b57126bc75582ef53707b4ca7f46518
SERVER_TRAFFIC_SECRET_0 dcf6da5605fc8d16ca89e5b948f70e4d01dbc088cccc11031a3feb4155456d70 607637988be8897fdba052408f28b06d9a8f066b3dc3ace54c325fc72b9d7962
SERVER_HANDSHAKE_TRAFFIC_SECRET 188d3440c290e62cdecb8d942610a7b0dc9cd2440548c21e15d50e5cec75df29 5c3b60f55f238f3178fa4068269bb20cc56525106b6b5ede88b393b2786b823e
CLIENT_HANDSHAKE_TRAFFIC_SECRET 188d3440c290e62cdecb8d942610a7b0dc9cd2440548c21e15d50e5cec75df29 008314fa45f02f9f8f80b56cbd2b316f4f4a60e7b8de4965b97bd4b0e3ed8d2e
SERVER_TRAFFIC_SECRET_0 188d3440c290e62cdecb8d942610a7b0dc9cd2440548c21e15d50e5cec75df29 8668fdb756887d417158acc9b9dc4dd6b7c67dd8b7a6f6a20f6c3c6b27bd4172
SERVER_HANDSHAKE_TRAFFIC_SECRET 0864b061a6a3cf652df424e6c923b5fffde6f038db8ccffd52919507234138ea 3514b0c8794cc319ace669bb7b442dc2982ff21a2365045facaf019ccf6cd3ac
CLIENT_HANDSHAKE_TRAFFIC_SECRET 0864b061a6a3cf652df424e6c923b5fffde6f038db8ccffd52919507234138ea eeed244af8bcc3d29e346cd4d7f18fd1e865e3654817e8edda1197afa87c99ff
SERVER_TRAFFIC_SECRET_0 0864b061a6a3cf652df424e6c923b5fffde6f038db8ccffd52919507234138ea fadcf1bfe623813a03eef15a554c0035d37dbbd07e776ea214133bbd0bc20228
SERVER_HANDSHAKE_TRAFFIC_SECRET 32928ba7bd45432f328af84257e0ca37d99355ac1a403e3be841855d34624c7f d4f30274481a2d500ddf39294f9bc4e1553c866aa0443c613a7bdc66cc39a3ca
CLIENT_HANDSHAKE_TRAFFIC_SECRET 32928ba7bd45432f328af84257e0ca37d99355ac1a403e3be841855d34624c7f 0892976ad05e7a5a33a9b98ac1d2788e4fc2dfdafe564ecfbe67efe07f828e28
SERVER_TRAFFIC_SECRET_0 32928ba7bd45432f328af84257e0ca37d99355ac1a403e3be841855d34624c7f 641b73f79f79ec6c570d9a10f24cb81a0dc29ceb95bada358cc76efdefc31441
SERVER_HANDSHAKE_TRAFFIC_SECRET e0de759f60ed1864e5f2aeda55c079c711c4ce006417d405c65f527f88192a59 0297a0e15109935d6cb8aed656d47188ecd2fcd34e08b1d9a2be125488bfe0d4
CLIENT_HANDSHAKE_TRAFFIC_SECRET e0de759f60ed1864e5f2aeda55c079c711c4ce006417d405c65f527f88192a59 176ab64c02ed3349d87cc0614fb462ebd01041c998a638f00e3bea5603f45624
SERVER_TRAFFIC_SECRET_0 e0de759f60ed1864e5f2aeda55c079c711c4ce006417d405c65f527f88192a59 a25dc52b83a276663708f2ad4134f11f8556626b5a0233fef9a8a79832891004
SERVER_HANDSHAKE_TRAFFIC_SECRET 9ac781ccbfb8737e58f4101d0e4bb5e5435c5116efe397bc8b5bd76243bbe9f7 1fb686def3804016a557fa57d0ed5c06b5f8cbee30f46c8cd75a510980e579cc
CLIENT_HANDSHAKE_TRAFFIC_SECRET 9ac781ccbfb8737e58f4101d0e4bb5e5435c5116efe397bc8b5bd76243bbe9f7 409a5f106f48b2e375a0b82015d7b15731ed5cd13ce42aa8965d252181dd603d
SERVER_TRAFFIC_SECRET_0 9ac781ccbfb8737e58f4101d0e4bb5e5435c5116efe397bc8b5bd76243bbe9f7 fd837160588f7ba87008a68b7e57663c879b6fd3e588773e270005f76419ea83
SERVER_HANDSHAKE_TRAFFIC_SECRET 73347226b449dadb769608a03853651e0c0f669c7c396a279a92b9e816f7c135 520a88f4b7136c353f1f46272b56ee412dbdcbaa2d5c858993b2eb88a209eaec
CLIENT_HANDSHAKE_TRAFFIC_SECRET 73347226b449dadb769608a03853651e0c0f669c7c396a279a92b9e816f7c135 5fade90c49cc902f17b555539226db930efe3a82a67b6c3a60034956502c7809
SERVER_TRAFFIC_SECRET_0 73347226b449dadb769608a03853651e0c0f669c7c396a279a92b9e816f7c135 b9a84f85135b86f29d3bce28e9e5af428e69cc4e5095c7e95a019616e9d22371
SERVER_HANDSHAKE_TRAFFIC_SECRET 2d5f7b53b69173905a07b730a491ccc1bcaa7afada9a7ac9d0eca10b78ba7d3f 54311a5047601cc04c25a60c1ac06a9d8de0e71aab32430a2215856de1fcbd3d
CLIENT_HANDSHAKE_TRAFFIC_SECRET 2d5f7b53b69173905a07b730a491ccc1bcaa7afada9a7ac9d0eca10b78ba7d3f 37e8cfaa0191d0fd11c857dbc8b3e1b6832313ec6943374d6a3ea305811ae836
SERVER_TRAFFIC_SECRET_0 2d5f7b53b69173905a07b730a491ccc1bcaa7afada9a7ac9d0eca10b78ba7d3f 2ef358899c1cb6efe313aa572675e241ee0f960e466ce8bffd204e70bc5c55c9
SERVER_HANDSHAKE_TRAFFIC_SECRET f6731661cadcbe9f275c910ae212ce4089f16303cd4b1bff37186813b43328b7 8f10469b5d0b9dd78d35b05108df9d51c91cd61f8e21724b89d097c2102c2f9e
CLIENT_HANDSHAKE_TRAFFIC_SECRET f6731661cadcbe9f275c910ae212ce4089f16303cd4b1bff37186813b43328b7 3ddb3c5f7820efbdc6b4d82dda47e9bdeb2ed97d865e786bda236413724ca052
SERVER_TRAFFIC_SECRET_0 f6731661cadcbe9f275c910ae212ce4089f16303cd4b1bff37186813b43328b7 deaf78f132c29a14962b16a42584da9eb9b28361a113d0061e67a2f3ccdd80f1
SERVER_HANDSHAKE_TRAFFIC_SECRET fdf98f4d7a1d6d519fc940ae26e1b7bd0305d578ddf2017654c636b43d5b3eed e7139446a96f35c9727436f825d12228883c1d9c3a83dd1c7ea4aa85552d12f7
CLIENT_HANDSHAKE_TRAFFIC_SECRET fdf98f4d7a1d6d519fc940ae26e1b7bd0305d578ddf2017654c636b43d5b3eed 4c15d7ee5bd90c63bba33e4f31fbc362ca56c9837d7098e152dcdfce6612040d
SERVER_TRAFFIC_SECRET_0 fdf98f4d7a1d6d519fc940ae26e1b7bd0305d578ddf2017654c636b43d5b3eed 77ffc14ba90aea69a9897dcf82caab9d5e638c4aa3e917b1005df483ffaf9d9f
SERVER_HANDSHAKE_TRAFFIC_SECRET b1f0873945c7c4e8066fd6eeaec71c809a164218ec0c755055a77170e4c4fd6d 40a05c5118552e7424929d6a3b27413f5a467bd357303420956f93b7290c2200
CLIENT_HANDSHAKE_TRAFFIC_SECRET b1f0873945c7c4e8066fd6eeaec71c809a164218ec0c755055a77170e4c4fd6d eaef8f3b49b585e540b9b0b2badd1da278fdaab8cddaea7bc165834a8b1664b9
SERVER_TRAFFIC_SECRET_0 b1f0873945c7c4e8066fd6eeaec71c809a164218ec0c755055a77170e4c4fd6d 77d555fb740869c5948b804c0ff873db0e616a0a1078eab83fd2ba3b2cf6a184
SERVER_HANDSHAKE_TRAFFIC_SECRET e1d362dffd80748ce58838c7d5454d206bbafe2d2b4b3e02e451456149bd5d4c 7ef0b70fa109c894d8569379b7342dcfde3f6842f59a002df027c713c0952265
CLIENT_HANDSHAKE_TRAFFIC_SECRET e1d362dffd80748ce58838c7d5454d206bbafe2d2b4b3e02e451456149bd5d4c f97c7413cbf2ac715de3f4cf5a390f46340b902475db3e82893d59f0927353a8
SERVER_TRAFFIC_SECRET_0 e1d362dffd80748ce58838c7d5454d206bbafe2d2b4b3e02e451456149bd5d4c 1616d98bec3a5208ef248d547d0009a69ccb2f40a60b274c3e103be2bcc839ae
SERVER_HANDSHAKE_TRAFFIC_SECRET 66b528937e48be8a6cfc304fa62a75031c26520f3cbc2ab15cd934af4557675a 84e1b37282d958131341081877393ff2331493170001655c82d41f16810dd3a5
CLIENT_HANDSHAKE_TRAFFIC_SECRET 66b528937e48be8a6cfc304fa62a75031c26520f3cbc2ab15cd934af4557675a 2e0e86a342b8dec1fca6cf5d6eaf759d93856da3ca4934f59c537cbe93ec34ca
SERVER_TRAFFIC_SECRET_0 66b528937e48be8a6cfc304fa62a75031c26520f3cbc2ab15cd934af4557675a b7f1346ed8fbf80885d09188485e20f7ab04d8dc3cb8d13441b258645d6cc251
SERVER_HANDSHAKE_TRAFFIC_SECRET e2a13070772297c74d16615718834d3b975e4be05d2a91a979b63f7e416d250c 39329fb289ae36f93bdfc282ff309ca961974c80c3792dc96cdbf0512f840b02
CLIENT_HANDSHAKE_TRAFFIC_SECRET e2a13070772297c74d16615718834d3b975e4be05d2a91a979b63f7e416d250c 5bbe58c0a4404ba79d5f5061745c2a44b4ede7dd5a3afef4738b1c49c0353c79
SERVER_TRAFFIC_SECRET_0 e2a13070772297c74d16615718834d3b975e4be05d2a91a979b63f7e416d250c a0d1db8bc188e55a374a641787a0481c3d74c09a1beb1d5d487224e065a8f747
SERVER_HANDSHAKE_TRAFFIC_SECRET 44a77d1fb5d2b4d5fb41bd6b9f79e5713dad96c7e3fc15e2754973b51864ff65 f1c70f56e1b8f63ad8e468c7c763f423779ee215884a05b2fe5616f0ecd3e7cc
CLIENT_HANDSHAKE_TRAFFIC_SECRET 44a77d1fb5d2b4d5fb41bd6b9f79e5713dad96c7e3fc15e2754973b51864ff65 16776862bfd896a9a8c8476e2341e3fc5dc2a22dfdda66407a0cd9518034ac28
SERVER_TRAFFIC_SECRET_0 44a77d1fb5d2b4d5fb41bd6b9f79e5713dad96c7e3fc15e2754973b51864ff65 2aa8ac7180e758e74ea6bc690a4a989c3f902517140d18620283d8003ef433dc
SERVER_HANDSHAKE_TRAFFIC_SECRET 171c1b0cdd05e14925d027cd89520444f7aa3cea1c8f138b791bb48a72cd460e c0957ac697352cd755ef0eb96d3acaa4782f523508ea1a178831f66cb89d92fb
CLIENT_HANDSHAKE_TRAFFIC_SECRET 171c1b0cdd05e14925d027cd89520444f7aa3cea1c8f138b791bb48a72cd460e 2ded86b8549f8f7e96f54d7154e3f0918426a1053481cb17c716d03631ef1f13
SERVER_TRAFFIC_SECRET_0 171c1b0cdd05e14925d027cd89520444f7aa3cea1c8f138b791bb48a72cd460e a8cd8f7341ccc6f608b43a16ff3abdbf6c5e0295e4ccc5dc890d2fc0a437bc4b
SERVER_HANDSHAKE_TRAFFIC_SECRET 05e6d29d0fd9dcd5495bb6abd65dfec51d517568e3f19d31f58c191b620b46cc ee77d02dfbb659a945c42137be61873ab5cc9a18e76b9819411eb97672cd9cb9
CLIENT_HANDSHAKE_TRAFFIC_SECRET 05e6d29d0fd9dcd5495bb6abd65dfec51d517568e3f19d31f58c191b620b46cc d0b7e0fe9eac75d890f67242718e22900c9a7bcdcaef0518083f9604be075d7a
SERVER_TRAFFIC_SECRET_0 05e6d29d0fd9dcd5495bb6abd65dfec51d517568e3f19d31f58c191b620b46cc 68ba6d7e1a0ef9e65757f9f08e184ba1eb6667d8a5093689941632bf7e6afdd4
SERVER_HANDSHAKE_TRAFFIC_SECRET 240d7791c39305c9d822e00a607d62678fe7874a1ca3482ff186d0e9470c4b73 08eccbab56b05d3d512f6960dc195a81a7972c4fb097e02522a0becc24c06879
CLIENT_HANDSHAKE_TRAFFIC_SECRET 240d7791c39305c9d822e00a607d62678fe7874a1ca3482ff186d0e9470c4b73 a1bd091909e941679763d26dccaefd6137fdf8855de3bf696ef18d4f3d854d02
SERVER_TRAFFIC_SECRET_0 240d7791c39305c9d822e00a607d62678fe7874a1ca3482ff186d0e9470c4b73 7e609f4e19db0be43fd57404833209ad5d0162ccb581567ebcca5be93a20865a
SERVER_HANDSHAKE_TRAFFIC_SECRET abde3dcc00405715b83707bcec5f074572dd650e10dda77aa42c87260779e1f3 99dd418b2f326439e44e4ffb158eb770d22e8831a622120874941226d18c065c
CLIENT_HANDSHAKE_TRAFFIC_SECRET abde3dcc00405715b83707bcec5f074572dd650e10dda77aa42c87260779e1f3 bd7dec0ce9361a76577caa9047820dabe337ac3eb36067fed98620f091d15362
SERVER_TRAFFIC_SECRET_0 abde3dcc00405715b83707bcec5f074572dd650e10dda77aa42c87260779e1f3 7acb65d7476189761f76300db8f9ed917e364e50eb5f950a2f77734cd2fbc62e
SERVER_HANDSHAKE_TRAFFIC_SECRET 50109077a79fee1b72ae710d8824547b8791c51983622b2caf01efbfd4ca58ad 967fa2df7b7bfb3a99d3b2cc552102e904221cd347737a93f07501f4bd34fb4e
CLIENT_HANDSHAKE_TRAFFIC_SECRET 50109077a79fee1b72ae710d8824547b8791c51983622b2caf01efbfd4ca58ad eed701d496692530814fc073a4e893e6552226345f0741a8a1cd54098798c072
SERVER_TRAFFIC_SECRET_0 50109077a79fee1b72ae710d8824547b8791c51983622b2caf01efbfd4ca58ad a44b9b2a4752084638cddd9ebbcc5de7e076a7e38951c708f097370daac86556
SERVER_HANDSHAKE_TRAFFIC_SECRET 7f414ff3de4e5b560d1d9fbcb35a0f214adcc0fed56aa41142848d96090a060b 6b87716d51c14c4167c45cf57c84b91847d7561acaac30c3352a14411d2b9de0
CLIENT_HANDSHAKE_TRAFFIC_SECRET 7f414ff3de4e5b560d1d9fbcb35a0f214adcc0fed56aa41142848d96090a060b ac74cf2c26f8fd47704f36d956a5a9dba3dc70a46967ea804eb5c9ea9fc24c40
SERVER_TRAFFIC_SECRET_0 7f414ff3de4e5b560d1d9fbcb35a0f214adcc0fed56aa41142848d96090a060b d94725dc04945bafb1797200297c284b266145231b607aa04318567cf5a1b585
SERVER_HANDSHAKE_TRAFFIC_SECRET a55e4d66a8446a950f1aff097394287eb1e16b3279fb4af04b9c2e6ce7d92f3a 93e58a14853bd8ecaca4d24be3f5ccf44dbd577f91c4fa1218ecd795632822d8
CLIENT_HANDSHAKE_TRAFFIC_SECRET a55e4d66a8446a950f1aff097394287eb1e16b3279fb4af04b9c2e6ce7d92f3a 984a638aafa492437d61deb4376525cc7f8c2b46777e7b7736ca357994945bb4
SERVER_TRAFFIC_SECRET_0 a55e4d66a8446a950f1aff097394287eb1e16b3279fb4af04b9c2e6ce7d92f3a 76ff23235b9ede53f8ac095964411db0c561d7a8063507673572e503be7d2b4c
SERVER_HANDSHAKE_TRAFFIC_SECRET 4a06927b5493e65fd45946ec20443df2051c2ec0af5e8a50affab4fc0719d64c e142e4258d4b2dcec6415e356387f7de1ecf3f5e5a64ca695a009ea7964b6e90
CLIENT_HANDSHAKE_TRAFFIC_SECRET 4a06927b5493e65fd45946ec20443df2051c2ec0af5e8a50affab4fc0719d64c b6d89b03e9dd10db62b746575d8bc3d6a5bec4652596c6fa51f750971cf39215
SERVER_TRAFFIC_SECRET_0 4a06927b5493e65fd45946ec20443df2051c2ec0af5e8a50affab4fc0719d64c 0cc9218982ae3afbd8336c3c902764334ea7518d4ef9d620356b56f6761631cc
SERVER_HANDSHAKE_TRAFFIC_SECRET 1122e1eae51f9383e03cb90925dea8c99fdb9cb64783eb9b79180fbce589294e 05fcdbba2dcd45132ed0631ecfda56ed90deccd927b3cb540cdee010bf4d190f
CLIENT_HANDSHAKE_TRAFFIC_SECRET 1122e1eae51f9383e03cb90925dea8c99fdb9cb64783eb9b79180fbce589294e d97840c6aafc6483a025277e5220daecc3aebd70848cb6f22986815f4c89677d
SERVER_TRAFFIC_SECRET_0 1122e1eae51f9383e03cb90925dea8c99fdb9cb64783eb9b79180fbce589294e ed4afddec04b23d161ae8a91eaa0124818260333637dfb5e1748c4d6ec143011
SERVER_HANDSHAKE_TRAFFIC_SECRET 3a1dea8bdc2cde34939478dfc201789581dcf603bcb258933841609b1a702a3f 5171734b141d575249a74b3e2b1fe2eb0a74e3bdb40b27f53e6e3eaa11831916
CLIENT_HANDSHAKE_TRAFFIC_SECRET 3a1dea8bdc2cde34939478dfc201789581dcf603bcb258933841609b1a702a3f 5a676247297f5b46e0669429b972fcc479ac4d143481383efb2b865dd72d16a8
SERVER_TRAFFIC_SECRET_0 3a1dea8bdc2cde34939478dfc201789581dcf603bcb258933841609b1a702a3f 1b2212c7f7bbed7a8cf25752fc723c54c32a30f789ad2abb8547aed56ea01b1e
SERVER_HANDSHAKE_TRAFFIC_SECRET 2ad6ffc3ee8137101f597e5b4029f92626ea9c156a8d03957c8ab0a36e7bbe4a be4980c0769e2dd08f3fa53f804640ddcfaacf05aa5230c2708a816315b5be39
CLIENT_HANDSHAKE_TRAFFIC_SECRET 2ad6ffc3ee8137101f597e5b4029f92626ea9c156a8d03957c8ab0a36e7bbe4a 5e57871defb771603177c8e4e822eccd463397777614f322f83d73eda2c16f8d
SERVER_TRAFFIC_SECRET_0 2ad6ffc3ee8137101f597e5b4029f92626ea9c156a8d03957c8ab0a36e7bbe4a 07e2b2c5d5641e3853b51cdd5d524f3e67c381dfd49394485c3e634b06b4e861
SERVER_HANDSHAKE_TRAFFIC_SECRET 49a2ba75be307771670056eda0f3d0c9be3f4541fdfffcd5eb15d64aab6480c6 829053c886c705526fd48355e97534aae13879d303267c451a65e2b3d822aa1f
CLIENT_HANDSHAKE_TRAFFIC_SECRET 49a2ba75be307771670056eda0f3d0c9be3f4541fdfffcd5eb15d64aab6480c6 a3cedca1785aa23e76c2634bd68102b6954ea6c76cdae16a5eeb4945f2c53cf2
SERVER_TRAFFIC_SECRET_0 49a2ba75be307771670056eda0f3d0c9be3f4541fdfffcd5eb15d64aab6480c6 46a4b42fc6198b5f53566a7e73529f25d0e2aaa9c5478ef0b8d22e258e7d03f6
SERVER_HANDSHAKE_TRAFFIC_SECRET 434e9daa7a448277302114ef4d0a3ec3237fd27c4df57a199546144f8495c945 9a711e7b4f62509089316d7f7cbfbfc7a05149770a973bcea136eeb2947fbcea
CLIENT_HANDSHAKE_TRAFFIC_SECRET 434e9daa7a448277302114ef4d0a3ec3237fd27c4df57a199546144f8495c945 8a07a33975fb0af469b281ca54774ad82f3fefb95f79af3055481902ca4b63b0
SERVER_TRAFFIC_SECRET_0 434e9daa7a448277302114ef4d0a3ec3237fd27c4df57a199546144f8495c945 829d81d4c50b903e176adc9c1c5b797d1f020a5c2796585581e4cd5114cc4a85
SERVER_HANDSHAKE_TRAFFIC_SECRET c05322e7d48015165b8d28940034cbfd5b40e41eb1b6657651eff70aed99e433 3d6d46b42da9ccf16adb84b7bcf12be6b535c4e4bdc463162900560bcb2ff147
CLIENT_HANDSHAKE_TRAFFIC_SECRET c05322e7d48015165b8d28940034cbfd5b40e41eb1b6657651eff70aed99e433 3024bedfe08787ba47986630c92e214c30315b6900427e947556a28f4ebea990
SERVER_TRAFFIC_SECRET_0 c05322e7d48015165b8d28940034cbfd5b40e41eb1b6657651eff70aed99e433 2cd954d66e166ec06d22e9f86e2623052b098a7430e0e79515da33a30a14cffb
SERVER_HANDSHAKE_TRAFFIC_SECRET ff3116ea342d125e0b2dc00bc2f7af580f47296dd6cd3cd47787056a7b8264c7 38ab508c2fa2a32c06acd2ff9354d3d5d9aea48223a48f37bf107e7f618dfdd2
CLIENT_HANDSHAKE_TRAFFIC_SECRET ff3116ea342d125e0b2dc00bc2f7af580f47296dd6cd3cd47787056a7b8264c7 4891c681befb457b98b81ba3d72ed98ab37beeef5f36ed5d74d37c1b15f52a18
SERVER_TRAFFIC_SECRET_0 ff3116ea342d125e0b2dc00bc2f7af580f47296dd6cd3cd47787056a7b8264c7 c2280a314431f8d64393c49666e79f443e8f7d21e5935457b32bfaf15983dc08
SERVER_HANDSHAKE_TRAFFIC_SECRET 881c5629ee6f2c2eaff35fb9a43a5fd55f59ff2868a635da475aabfe5eeb6453 80bb0f8fcfbf764e1dd301de0f0dde383fbbf81e5a0b351a7121a6ade61e8c0e
CLIENT_HANDSHAKE_TRAFFIC_SECRET 881c5629ee6f2c2eaff35fb9a43a5fd55f59ff2868a635da475aabfe5eeb6453 146993aaaa6ef60972009aa9be6c5e93b25e8a873bb0b31d17ca845107b65d33
SERVER_TRAFFIC_SECRET_0 881c5629ee6f2c2eaff35fb9a43a5fd55f59ff2868a635da475aabfe5eeb6453 4d8b1aea9d5496f31dfb49d15c1b90445a41327ae08d7f864b54b258aef9725c
SERVER_HANDSHAKE_TRAFFIC_SECRET b3c3888b604f370d4ec9a595bbb3440a57c58c4e0c61572eb2e6c312cdaa62b1 234a1b84d7c95c64656c624aae23cb17aa5ce3ae5122d9dec89f218e8fd1b134
CLIENT_HANDSHAKE_TRAFFIC_SECRET b3c3888b604f370d4ec9a595bbb3440a57c58c4e0c61572eb2e6c312cdaa62b1 8af31dcb5a54f08c6c15e73afef054a4571930719c8ab6a7107aa80452e76e80
SERVER_TRAFFIC_SECRET_0 b3c3888b604f370d4ec9a595bbb3440a57c58c4e0c61572eb2e6c312cdaa62b1 68312374c443bf22dde99ca7d97cd6625b0961a573275f11a34e0bed1568e71c
SERVER_HANDSHAKE_TRAFFIC_SECRET 5fdf3b28b40bf000d725e135611345c1edf95ef0395084121286042fa316075f 11ee7503e3a707b98bd044e49ad513a82a7c3077efbc59b62c643046c2a17b02
CLIENT_HANDSHAKE_TRAFFIC_SECRET 5fdf3b28b40bf000d725e135611345c1edf95ef0395084121286042fa316075f cd9cc2e2bf6173076524567d60e3770853768bd5f66532226814e58ea216025f
SERVER_TRAFFIC_SECRET_0 5fdf3b28b40bf000d725e135611345c1edf95ef0395084121286042fa316075f 37730fdb4e4803638806c42b643628417f98c9f6340d6f7b88bb9143b5deb471
SERVER_HANDSHAKE_TRAFFIC_SECRET 1e65bb95897cc6ae5938842a3c4f46ff332010eae6bf8de33c91a565fd4b97de 29813c6321cc10dca004c071be188e828db3ea4384e3c9f153651b9c736a14ed
CLIENT_HANDSHAKE_TRAFFIC_SECRET 1e65bb95897cc6ae5938842a3c4f46ff332010eae6bf8de33c91a565fd4b97de e20d62fea71e8af86a3e950a4b5e6ac584798e7286636afe4928b858d948f928
SERVER_TRAFFIC_SECRET_0 1e65bb95897cc6ae5938842a3c4f46ff332010eae6bf8de33c91a565fd4b97de 9121d39b7bdbfb34d35ef8c2db1ad2e1f8da2c459d7dc71136fe2385f15bd531
SERVER_HANDSHAKE_TRAFFIC_SECRET e9ae9a174486840be8a2bc8062aa61ba714f8320bcaa4f08e36e0c76cfab9998 9446ea1db02a50b3301f108b9a344e99d55ec88355faaa5bf1cb9a946031446b
CLIENT_HANDSHAKE_TRAFFIC_SECRET e9ae9a174486840be8a2bc8062aa61ba714f8320bcaa4f08e36e0c76cfab9998 26d5c4b4c78a4c8b45dbf9c7b7a7ca2def712434c7ed56d981f941d5ed13a3e7
SERVER_TRAFFIC_SECRET_0 e9ae9a174486840be8a2bc8062aa61ba714f8320bcaa4f08e36e0c76cfab9998 9909a93860f15c886384aa1b3667fbe73909eefde5b1596d6cc4076c6a497a65
SERVER_HANDSHAKE_TRAFFIC_SECRET 220577ac242b1c2387d422bfd5cc4ad7c0877e16ee90dd34ce90ab8ef67b3491 8e7acbce3fe09c2e8b247230c3b2ce6e771b3fd3bd4f62aacb99bea5918a5b38
CLIENT_HANDSHAKE_TRAFFIC_SECRET 220577ac242b1c2387d422bfd5cc4ad7c0877e16ee90dd34ce90ab8ef67b3491 44e836f7e2134cbeebf281863fbfeda36c172bee9010e39e01868001c042430f
SERVER_TRAFFIC_SECRET_0 220577ac242b1c2387d422bfd5cc4ad7c0877e16ee90dd34ce90ab8ef67b3491 3f61769fe308f150e264083d315ddd92a806ba2fba3c9f29c7f82aede703b846
SERVER_HANDSHAKE_TRAFFIC_SECRET 11f244d9216fce6e7a8d089d216eea202dedf35706d5dad8f90ba80f23f22441 ade7c04428aae6de552191fc6f30cf4c574fc5d39575a2351bfb1918a18666bd
CLIENT_HANDSHAKE_TRAFFIC_SECRET 11f244d9216fce6e7a8d089d216eea202dedf35706d5dad8f90ba80f23f22441 9c365bd1e47bac1e46e886fda2fb3d0eaab4d54c6698f46caedbd711665e57f7
SERVER_TRAFFIC_SECRET_0 11f244d9216fce6e7a8d089d216eea202dedf35706d5dad8f90ba80f23f22441 394455d2f1dddd700c6bfbd14e7f6caf36bfeb5132ec037d7e5ce8a7e6fa1d5f
SERVER_HANDSHAKE_TRAFFIC_SECRET fc67050d8a0af4c58788048700bfbbf91ce7bedc8db4eb4e6553ab7303590b63 1947820403aa09ab6929bd2f998c2b5b9f440d46db1ba327f9123bc123ac6e71
CLIENT_HANDSHAKE_TRAFFIC_SECRET fc67050d8a0af4c58788048700bfbbf91ce7bedc8db4eb4e6553ab7303590b63 be330a12b3ea10ad0f79ffea4855cbd82a3554dd810a8386b3d7d76ceb69e282
SERVER_TRAFFIC_SECRET_0 fc67050d8a0af4c58788048700bfbbf91ce7bedc8db4eb4e6553ab7303590b63 61413efc5662aefdaeda69da83c1c6096b66e61097589e504a72681f3796d2fc
SERVER_HANDSHAKE_TRAFFIC_SECRET 7fc25d7ceb0057fa11831ce91bdf8de36c5e4c7ba9d09e0162a3875f0746c0ee 8bd89cc5d17eb22ce6bab7797e79f06379389d34f5eed53218bc85bf698061c4
CLIENT_HANDSHAKE_TRAFFIC_SECRET 7fc25d7ceb0057fa11831ce91bdf8de36c5e4c7ba9d09e0162a3875f0746c0ee 9b8b1eeb4f74afa1b5fd49ae6ac9415268c1f9e8946191043c2522be468a6fa4
SERVER_TRAFFIC_SECRET_0 7fc25d7ceb0057fa11831ce91bdf8de36c5e4c7ba9d09e0162a3875f0746c0ee 4ad49971a4ef67d167b1804673b759de5de87c79b0ab796765b6334b8476277c
SERVER_HANDSHAKE_TRAFFIC_SECRET f3d40083f42dd2bb36d814cd08c9938a9976786d682b1949996bd423922ebc3a f0d8a53ab498a09cc41eebceaaf250979b4f7c093bd7620b7bb0eec8d5a1e99d
CLIENT_HANDSHAKE_TRAFFIC_SECRET f3d40083f42dd2bb36d814cd08c9938a9976786d682b1949996bd423922ebc3a c7838459a80a45ded478b5a9ed3ff74e6a2923257b98885335d544449700711c
SERVER_TRAFFIC_SECRET_0 f3d40083f42dd2bb36d814cd08c9938a9976786d682b1949996bd423922ebc3a 14958d5c74381ffdd3a7da48a7e4f398b55f12fe44777edffef15edeb3624c14
SERVER_HANDSHAKE_TRAFFIC_SECRET af1428447e1f388d403fd975bcbda936ec84c99dc468e3b828954be183117c53 262aab38524b9af3dd36ce6036cb6220a4370b8f7c19d533e681622b980f63d1
CLIENT_HANDSHAKE_TRAFFIC_SECRET af1428447e1f388d403fd975bcbda936ec84c99dc468e3b828954be183117c53 f44a593fcee5d84a3f61a9c4a58065205b63f68169357961e19bb699c1fb84a2
SERVER_TRAFFIC_SECRET_0 af1428447e1f388d403fd975bcbda936ec84c99dc468e3b828954be183117c53 87b45c85c0c591fa59c0050f7b16ded820282908c452e9f0a30a313d5f1caf46
SERVER_HANDSHAKE_TRAFFIC_SECRET ab4f02b65905463b55645daffae860be02ddba7710dbbc3dc522d707e04ec512 d0e5ed42728d25d53b4f51906580d4d250868cbc71b78f973df2c2d86b22c7db
CLIENT_HANDSHAKE_TRAFFIC_SECRET ab4f02b65905463b55645daffae860be02ddba7710dbbc3dc522d707e04ec512 ce90e3adfb152ee500d88bb9dfbabd45938ba5ca682f0e698cfa7356c44f4d9a
SERVER_TRAFFIC_SECRET_0 ab4f02b65905463b55645daffae860be02ddba7710dbbc3dc522d707e04ec512 78bc9e617fe4c93569ced31ab43ff4a0b7d0b66d5299c3759ef631e62bee4300
SERVER_HANDSHAKE_TRAFFIC_SECRET bb713ee3d45fee6f98fb1152883bb607003ab480f12388aa9793982f13b318dc ada74f435bc5a98b42d0309555245d7dc335405577118ac6dc822dd84f66f1dd
CLIENT_HANDSHAKE_TRAFFIC_SECRET bb713ee3d45fee6f98fb1152883bb607003ab480f12388aa9793982f13b318dc e8409903b41f1c65eaaeeb7f5e48d8ba46fe74c64343faabb0d34b82f341dd59
SERVER_TRAFFIC_SECRET_0 bb713ee3d45fee6f98fb1152883bb607003ab480f12388aa9793982f13b318dc 0876bb01c3fe1fa9351689a8abc7e2d10016b124de52e1b1fef683bb171a11b8
SERVER_HANDSHAKE_TRAFFIC_SECRET 49bf2eca473b2591555cf143ffb396749c8eec3e2c1502d8708e06eb86ba9ba8 aaaf4165436a4b8a121831c36dbfa2276ae9b881edae281266370560059e8b29
CLIENT_HANDSHAKE_TRAFFIC_SECRET 49bf2eca473b2591555cf143ffb396749c8eec3e2c1502d8708e06eb86ba9ba8 2cfd1f94f379734174bc2be2ca553dd0be85fdbef3025ca8556efda53264d661
SERVER_TRAFFIC_SECRET_0 49bf2eca473b2591555cf143ffb396749c8eec3e2c1502d8708e06eb86ba9ba8 f8b459d84b51b43266f6592a3bb3bb9d49cc14cb46325c01c3162e87febaa1ed
SERVER_HANDSHAKE_TRAFFIC_SECRET 59fd5d60da0c49d8ff8df417ffcf713be51f7e2912558c1ac4ad241fd1d77f32 b5d6ece30a1694ce68c9b4a52ba83b96c28cfda5e3f36f063a1ec33464ea9695
CLIENT_HANDSHAKE_TRAFFIC_SECRET 59fd5d60da0c49d8ff8df417ffcf713be51f7e2912558c1ac4ad241fd1d77f32 575ec2e11ed41de02daef9d28d4f47f060014a66a261f5e0d213e45e47f4b901
SERVER_TRAFFIC_SECRET_0 59fd5d60da0c49d8ff8df417ffcf713be51f7e2912558c1ac4ad241fd1d77f32 b8efa1edf6faf8a7d9cf5353061ab79ba3e9fb511fbef22541608e74f5344bfb
SERVER_HANDSHAKE_TRAFFIC_SECRET 99b47bbf9bd8c344a559341d4e8b567e349e331124b44b3822cc90da4c9a76c1 a8dd513ecccb0083ed739a57ff588ad5a78a3c71aa87344ff4a96cf5e8bf01dd
CLIENT_HANDSHAKE_TRAFFIC_SECRET 99b47bbf9bd8c344a559341d4e8b567e349e331124b44b3822cc90da4c9a76c1 08849073bee9953db2d28ff98ae07bc5a39e1126970fd3ddf79b7aed0663a2e8
SERVER_TRAFFIC_SECRET_0 99b47bbf9bd8c344a559341d4e8b567e349e331124b44b3822cc90da4c9a76c1 3faf7728bcd999ef273ea52eae841d9a9276309f7bc2f6891a64de0fc9ac62dc
SERVER_HANDSHAKE_TRAFFIC_SECRET 9b55d8d84c696f51c3deef56cf2452c904662c516482dfed71dca798a7a64622 dbe42ab4a149e5c23a55c912006db61863816e5ab3f1783df01305cf6438b464
CLIENT_HANDSHAKE_TRAFFIC_SECRET 9b55d8d84c696f51c3deef56cf2452c904662c516482dfed71dca798a7a64622 7320df81b4ed910773882a57afee10d118f4236b60a6360ce474f4f99c44e163
SERVER_TRAFFIC_SECRET_0 9b55d8d84c696f51c3deef56cf2452c904662c516482dfed71dca798a7a64622 4f33e9f87b886a9c10ecbf57d056e936ea8e894262d1b500c10fd4f9d3ddbd6a
SERVER_HANDSHAKE_TRAFFIC_SECRET e4d939432a1133c424b8a4afe5aeca5f78c531c5cf41a913a6b74662623201fd a5abe589260788ff355e936145ac0ab0b7916121097f03639dcdabacff581709
CLIENT_HANDSHAKE_TRAFFIC_SECRET e4d939432a1133c424b8a4afe5aeca5f78c531c5cf41a913a6b74662623201fd e02667caed9b0490be0d74e2c504452d0b26b3b4258d1c28d6ecdc3af85d38e0
SERVER_TRAFFIC_SECRET_0 e4d939432a1133c424b8a4afe5aeca5f78c531c5cf41a913a6b74662623201fd 50209c6007f280b4eb502486f47054746db89c6a90e88b4a891d3e0f483959e7
SERVER_HANDSHAKE_TRAFFIC_SECRET 2c78bf530af8b1fe94c7531d88cded9dbdb08a641dc6d388195d506ef383d21a f9d6f2c30f8e48bc6a6a6bc93a85c2d105ec25c8cd10580e5d1581041b8bcef5
CLIENT_HANDSHAKE_TRAFFIC_SECRET 2c78bf530af8b1fe94c7531d88cded9dbdb08a641dc6d388195d506ef383d21a 0513cfb9c50aa6e7143d599273d6ab386ba46a7d5dc05511bfcd8ade3fd3f4e5
SERVER_TRAFFIC_SECRET_0 2c78bf530af8b1fe94c7531d88cded9dbdb08a641dc6d388195d506ef383d21a 98e1931a075d46377b3677fdb610964f5550eec240265626e4a1b550a629d965
CLIENT_TRAFFIC_SECRET_0 2c78bf530af8b1fe94c7531d88cded9dbdb08a641dc6d388195d506ef383d21a 85f57fa9c8892d26a28a6c0610f43b9c37eb75cf6b74bfde2cd7f0f0d5266352
SERVER_HANDSHAKE_TRAFFIC_SECRET 44839a4a51417b5a76f10ceb0b52c755bf0ff80142d786b81262b27aaf93f26f ecdbeafe305c7b88d315727fdc3db551304441bf9f01555e1648a56103e1bf1e
CLIENT_HANDSHAKE_TRAFFIC_SECRET 44839a4a51417b5a76f10ceb0b52c755bf0ff80142d786b81262b27aaf93f26f b8ef32197417884ef65944527d1b6bfba08035c5b319f9221b1f879774ca9aaa
SERVER_TRAFFIC_SECRET_0 44839a4a51417b5a76f10ceb0b52c755bf0ff80142d786b81262b27aaf93f26f 18690a8df44c0212a5f726ba1ff525815ef05e2c932fd6bd096235877a33599a
CLIENT_TRAFFIC_SECRET_0 44839a4a51417b5a76f10ceb0b52c755bf0ff80142d786b81262b27aaf93f26f 8fea1a6f0516ccb1fc0f91cff1941245eacffaa38e1da53e896ac48d5b7e7d68
SERVER_HANDSHAKE_TRAFFIC_SECRET c8964edd7c6223d017a82764285e51288024c479506331e3a6a544d17742c7d8 fcd889d899635944254253c3305bf9dd6d024319f65df027d5652f4e046b6327
CLIENT_HANDSHAKE_TRAFFIC_SECRET c8964edd7c6223d017a82764285e51288024c479506331e3a6a544d17742c7d8 12022e9415800771de1b69d29cf3d711c37dfd64f08ec89f62bdfa3ded5c1749
SERVER_TRAFFIC_SECRET_0 c8964edd7c6223d017a82764285e51288024c479506331e3a6a544d17742c7d8 b78b44d6ee5098c2b8f0fe8f8e7e84328c2e2cb6db6f66847b19b949b6f48a60
CLIENT_TRAFFIC_SECRET_0 c8964edd7c6223d017a82764285e51288024c479506331e3a6a544d17742c7d8 85c96dffafb698b56fb53ed496fab8622587ce597d070cd7d281cabf4f6cbec4
SERVER_HANDSHAKE_TRAFFIC_SECRET c036e3a75582aa77efef02ac1248cbe560e996a34985c49299721991559b4f62 49a84bbf144040d61209b8933f038fc240dfda29ffd791862bfc1613de6f6c16
CLIENT_HANDSHAKE_TRAFFIC_SECRET c036e3a75582aa77efef02ac1248cbe560e996a34985c49299721991559b4f62 72efbe6f7e3dccf05f543e770aef63441e9e86cc23fbe2b0328dcb517a4f345a
SERVER_TRAFFIC_SECRET_0 c036e3a75582aa77efef02ac1248cbe560e996a34985c49299721991559b4f62 9d7711830de156c860ac61993e121961bba73159bb220fb0cd37fe8c0a6ea028
CLIENT_TRAFFIC_SECRET_0 c036e3a75582aa77efef02ac1248cbe560e996a34985c49299721991559b4f62 cb2eaa000b187da887ee48b680041027082f203a5ad9939a5c0a63484fbe5e74
SERVER_HANDSHAKE_TRAFFIC_SECRET c2a86710dcb30fe241421d8a5695bfb4dfe02e521a676d7fee8ef1f3ab6ff608 e4aa47843e13edf1ea05d7b107f3c68607ecee5c59d7c74f74f2fd765e1c82d6
CLIENT_HANDSHAKE_TRAFFIC_SECRET c2a86710dcb30fe241421d8a5695bfb4dfe02e521a676d7fee8ef1f3ab6ff608 b6b61f0f22ce8b94c2f1ee9c752c581143fafc90e14241dc4ec65cc931420ccb
SERVER_TRAFFIC_SECRET_0 c2a86710dcb30fe241421d8a5695bfb4dfe02e521a676d7fee8ef1f3ab6ff608 60febc8586b991cd55ee6185ce01f0a6af529ba56849b96544f75ac287afbafc
SERVER_HANDSHAKE_TRAFFIC_SECRET a6a805790958f0447ae208a06cf67eac806dc42bbbad3b65cce144680ea00460 7d42669f7d96e745c8942aa39cf7387edcd2b3772b11853b1501d901b960040d
CLIENT_HANDSHAKE_TRAFFIC_SECRET a6a805790958f0447ae208a06cf67eac806dc42bbbad3b65cce144680ea00460 2352b96159ffc7c6158364fadb53081a2a5896df5529902a5c661a553ff69948
SERVER_TRAFFIC_SECRET_0 a6a805790958f0447ae208a06cf67eac806dc42bbbad3b65cce144680ea00460 6dd257dad9ff2ba9bf9b1ea49cce331e7f92d6b678ac6a7af4b0e24c37455c19
CLIENT_TRAFFIC_SECRET_0 a6a805790958f0447ae208a06cf67eac806dc42bbbad3b65cce144680ea00460 4d818db207e3d9b12f3cb5c29c6c3ce7a0889e2af7b1df275eb27318e1371ba4
SERVER_HANDSHAKE_TRAFFIC_SECRET 1fd0823999be96bafa7ca0c79d972b3aa2a8cb99363878092424f372b1119973 b97432fab0dcc25d1c5f0f2b5da4c6f817a4bbc38ece78768c85bf65d5019958
CLIENT_HANDSHAKE_TRAFFIC_SECRET 1fd0823999be96bafa7ca0c79d972b3aa2a8cb99363878092424f372b1119973 4c304900f46d22771b976b9022d21adee9f764fb4e52be6177d6fb602ec9f6b5
SERVER_TRAFFIC_SECRET_0 1fd0823999be96bafa7ca0c79d972b3aa2a8cb99363878092424f372b1119973 80fa18983f50a0cf8b69635d7e27ea6a3ea4c1a7d0b17724c1d4dee19af9d87c
CLIENT_TRAFFIC_SECRET_0 1fd0823999be96bafa7ca0c79d972b3aa2a8cb99363878092424f372b1119973 372b47977e78a7de25c2fa6a8db21407af37c6b4fad5ffb4e35a3e1697aaea35
SERVER_HANDSHAKE_TRAFFIC_SECRET f4c2a9d590942447061b2794788a2688f416df94acaf990cac95567b6c8c1c1d c537704bff570ee600f3408e92750c0d15e024ff3eab5c98b839444452b374ae
CLIENT_HANDSHAKE_TRAFFIC_SECRET f4c2a9d590942447061b2794788a2688f416df94acaf990cac95567b6c8c1c1d a95fe60941ded074941867a2cf7a91b311230b6e2255096899d0a01842006ff3
SERVER_TRAFFIC_SECRET_0 f4c2a9d590942447061b2794788a2688f416df94acaf990cac95567b6c8c1c1d e33f7b5a4a50eae33bdb8e282a1a2666550910532ed8310adf033392cef76925
SERVER_HANDSHAKE_TRAFFIC_SECRET 430cd9b7ca43a5c5191ca56087be7a67d8e998f8b7b694e19fc53278eb6f60f6 6437f8b64c268e23d26401332e83c7a18808168355c4a1f409ca2cf3fafae7e2
CLIENT_HANDSHAKE_TRAFFIC_SECRET 430cd9b7ca43a5c5191ca56087be7a67d8e998f8b7b694e19fc53278eb6f60f6 15699e0219f8f953be765e3e35af110ad315e9c28e95ad756a54a41afc563b79
SERVER_TRAFFIC_SECRET_0 430cd9b7ca43a5c5191ca56087be7a67d8e998f8b7b694e19fc53278eb6f60f6 c989ef50c3aa91b11da4f1b58af7492952b456f77c4f5e88ef583e270a1ac1d1
CLIENT_TRAFFIC_SECRET_0 430cd9b7ca43a5c5191ca56087be7a67d8e998f8b7b694e19fc53278eb6f60f6 4f93b2a8af70a66b2a2886d7bd991a465abfb204206e5dd05b8d1be4cd4b445a
SERVER_HANDSHAKE_TRAFFIC_SECRET bf46c810f02136b3153d271abcf18dfbe3979c8da819aee5e35f4146b206e685 139b6495b2fc260f09bb3330ac3b3168fc19d05c0928710330405ac82fc1117d
CLIENT_HANDSHAKE_TRAFFIC_SECRET bf46c810f02136b3153d271abcf18dfbe3979c8da819aee5e35f4146b206e685 b666ec8cae69637496dcc74187d7e13ba9fa65f763b59102f65b852babdb4af3
SERVER_TRAFFIC_SECRET_0 bf46c810f02136b3153d271abcf18dfbe3979c8da819aee5e35f4146b206e685 59207c48429266a3eaa4440066bb8f79223de7047e526191d4601d2241dbdcc5
CLIENT_TRAFFIC_SECRET_0 bf46c810f02136b3153d271abcf18dfbe3979c8da819aee5e35f4146b206e685 125ecab0059e758fc8b1c9d3c306d93d7e5b0bb76382019bc398ea154330d9fd
SERVER_HANDSHAKE_TRAFFIC_SECRET 06cad31f0b3eca62ef52b4edc7895e6fa7965791f59398aa014942fcf60b6792 6921c23355224a202978cba23a510655fe459788e62ba7a55917aa5791222fca
CLIENT_HANDSHAKE_TRAFFIC_SECRET 06cad31f0b3eca62ef52b4edc7895e6fa7965791f59398aa014942fcf60b6792 e4b335897d41cfdff6ef95de6affdcd854a7344262983c5ba3dfc3b82c73665b
SERVER_TRAFFIC_SECRET_0 06cad31f0b3eca62ef52b4edc7895e6fa7965791f59398aa014942fcf60b6792 06242515a78799a3e3184118a544ab867f2f435332b1f303e31465614edb73b7
SERVER_HANDSHAKE_TRAFFIC_SECRET 430b2a28ff3df172045f3dfd76a94b0907cab9f30e613a63f430547c02778bf2 9c2c2cf44f4ff75c4190f74c297b0e486964c73420899f764733df65739f9c66
CLIENT_HANDSHAKE_TRAFFIC_SECRET 430b2a28ff3df172045f3dfd76a94b0907cab9f30e613a63f430547c02778bf2 f7ae7179ffb4eed5ceb8626ad3253062b27f0e77f6fc334d6c300d9a0e31a3d3
SERVER_TRAFFIC_SECRET_0 430b2a28ff3df172045f3dfd76a94b0907cab9f30e613a63f430547c02778bf2 5835f5239b0884f3cabd098d72ca96c1cceaf8cc7cbc14412a2c8987e9ae283f
CLIENT_TRAFFIC_SECRET_0 430b2a28ff3df172045f3dfd76a94b0907cab9f30e613a63f430547c02778bf2 d806a9860955d793a78c23d3fb2b43c56203e05953ce614b2e9e176ed000e6fb
SERVER_HANDSHAKE_TRAFFIC_SECRET 624d45e989541ea073f7af2862e4ba330237c1af1a6735d766cb3ed991f2bffe 3b3e3230eb1260f93672da11e3a1b9932177995dee5d0ea2de022028a6702356
CLIENT_HANDSHAKE_TRAFFIC_SECRET 624d45e989541ea073f7af2862e4ba330237c1af1a6735d766cb3ed991f2bffe c53934eaf1de55223690a58ec9dec67e2860f6804fde9a024dbba41ac971f03a
SERVER_TRAFFIC_SECRET_0 624d45e989541ea073f7af2862e4ba330237c1af1a6735d766cb3ed991f2bffe 06c554aa0649d6879e6758bb968bd37ef34bbbb2273bfcfe76af315d8b9078f8
CLIENT_TRAFFIC_SECRET_0 624d45e989541ea073f7af2862e4ba330237c1af1a6735d766cb3ed991f2bffe 8234e62bd09ec47ccb7760e3a734e33bbb60ba004cd7420a65c16d035c2f410b
SERVER_HANDSHAKE_TRAFFIC_SECRET 0c416cdb9eca15ac0ebda3428021932b8593ed63564ca484bcf8cb78f40559e3 8d842bbebd17bface6464ae19ddc261cc80dba8eb972e19dd5d8035770c4b695
CLIENT_HANDSHAKE_TRAFFIC_SECRET 0c416cdb9eca15ac0ebda3428021932b8593ed63564ca484bcf8cb78f40559e3 82cdf16f2f136327493e6c3ddd4ac84f0f2bcc55bf2fd82b5c9535d7760d5868
SERVER_TRAFFIC_SECRET_0 0c416cdb9eca15ac0ebda3428021932b8593ed63564ca484bcf8cb78f40559e3 ebc848b3abf1bfbb3ddac23711236704bb515154699686f54e0ddf418a518cc3
CLIENT_TRAFFIC_SECRET_0 0c416cdb9eca15ac0ebda3428021932b8593ed63564ca484bcf8cb78f40559e3 8e5ff8c722a89d0d61ae16615d5d3409410cfd9f1008138d682cf8e28172b089
SERVER_HANDSHAKE_TRAFFIC_SECRET 93a302c481fd39970dbb3a9af7bd9b2055b43d58853c5b6c2d72faa48cdb3acb a07667277536cc17532c8b811a2c27ef1a65d3abba38ae187a10dce251b1c792
CLIENT_HANDSHAKE_TRAFFIC_SECRET 93a302c481fd39970dbb3a9af7bd9b2055b43d58853c5b6c2d72faa48cdb3acb 08360e5598512e7eaaa20c575c6ed0be930dd3c080d987a1c46041cf0d2c9e49
SERVER_TRAFFIC_SECRET_0 93a302c481fd39970dbb3a9af7bd9b2055b43d58853c5b6c2d72faa48cdb3acb cda3a98069b904383e117c51b180cff7040fb7406f22f3e1a9303eb6869661b6
SERVER_HANDSHAKE_TRAFFIC_SECRET b3c5901f9dd1ce9b37e0dc390975d5670b3420dc02602166ad92214161b61787 516e50649ad26ca7382e9b633645699aa71618889d33596ab9b0e44e2ec65e23
CLIENT_HANDSHAKE_TRAFFIC_SECRET b3c5901f9dd1ce9b37e0dc390975d5670b3420dc02602166ad92214161b61787 e5b798dd2881f7951ea79caef8f763680f34a26a95bc984769a091fc2ad8e456
SERVER_TRAFFIC_SECRET_0 b3c5901f9dd1ce9b37e0dc390975d5670b3420dc02602166ad92214161b61787 0a48822bc8d936abc6d85958ae31d118ae2980d2dd7b6a26db338c03d4b6506e
CLIENT_TRAFFIC_SECRET_0 b3c5901f9dd1ce9b37e0dc390975d5670b3420dc02602166ad92214161b61787 67898c608a0570583f024b4576bbb68eb896a482fca6e197314f0d509f2b23fa
SERVER_HANDSHAKE_TRAFFIC_SECRET 1dd6ea7704088783946d4a088132fb2a9874b1606e3f0d4eea1e6483a763a658 b00df09840fea802e1c01692d091666d3760b2ca31bf043c7b709b7303f4f1e2
CLIENT_HANDSHAKE_TRAFFIC_SECRET 1dd6ea7704088783946d4a088132fb2a9874b1606e3f0d4eea1e6483a763a658 e5a1e0b3749390e535039ad5c461177c8108206767df98f342f276ec4a3772c8
SERVER_TRAFFIC_SECRET_0 1dd6ea7704088783946d4a088132fb2a9874b1606e3f0d4eea1e6483a763a658 e02163d5c6669fba17b17474748039f03068e4ffb9a85602a24a85db31c5c905
SERVER_HANDSHAKE_TRAFFIC_SECRET b05ee38aa1f37e3676844b1e2c32bda5b1e0b56f15009817c2f007561c3e5f2f dc9220b21c6d3c9fc52ddf5c4d36989c47f76efd5da0be3c9824fed89a4a8485
CLIENT_HANDSHAKE_TRAFFIC_SECRET b05ee38aa1f37e3676844b1e2c32bda5b1e0b56f15009817c2f007561c3e5f2f d7d16696f4314d679327c135fc2bd921fc718298410225beae6842c8aee2a8b3
SERVER_TRAFFIC_SECRET_0 b05ee38aa1f37e3676844b1e2c32bda5b1e0b56f15009817c2f007561c3e5f2f 6f32a935aee0c48adf3134d5aea1d53a2568904f0483b9dfb9f43d81bc5cb123
CLIENT_TRAFFIC_SECRET_0 b05ee38aa1f37e3676844b1e2c32bda5b1e0b56f15009817c2f007561c3e5f2f a25b30733669236d162647c9c04a54c6414e9dd9c5989531c2c0aa9cdd31d172
SERVER_HANDSHAKE_TRAFFIC_SECRET 1e8c4521dd7d9c86f5c1c8a74fdbe16ce341383d09fd949505b5e2c65029da31 3f74e894439ff8d7c1de93d408cb9762e00f0adf0fc9d82fba0f832e8a612b63
CLIENT_HANDSHAKE_TRAFFIC_SECRET 1e8c4521dd7d9c86f5c1c8a74fdbe16ce341383d09fd949505b5e2c65029da31 26e46efc0b8e5408aefbc46d9757bc40069c719a5eaecdf839fcefcb7faa1824
SERVER_TRAFFIC_SECRET_0 1e8c4521dd7d9c86f5c1c8a74fdbe16ce341383d09fd949505b5e2c65029da31 65664118c741a8fe451212eceb26789eac6a5a56662e233691ca800930601b09
SERVER_HANDSHAKE_TRAFFIC_SECRET d5ddddb25c740cbab3afdae958a7082aa1e455cf5d9f4118ab51599fb6e2266f 4936224e8311087059e5918c2c8c1cc25039b1795663e5d854a95ae3e5b260be
CLIENT_HANDSHAKE_TRAFFIC_SECRET d5ddddb25c740cbab3afdae958a7082aa1e455cf5d9f4118ab51599fb6e2266f ddf719e7f8f57a838bc4049af431aa2014949ed2b42c7d7a13961bc157308ef7
SERVER_TRAFFIC_SECRET_0 d5ddddb25c740cbab3afdae958a7082aa1e455cf5d9f4118ab51599fb6e2266f 70c641fdb44989533aca9ed32b6e9c22ca80ff7ab92e54ff2f64656d634288fa
CLIENT_TRAFFIC_SECRET_0 d5ddddb25c740cbab3afdae958a7082aa1e455cf5d9f4118ab51599fb6e2266f d49800158955a419ae3cb6df8cb7ef6d79872d1b05bdf6963d01b91e33f04006
SERVER_HANDSHAKE_TRAFFIC_SECRET a4f84e4865422974e8f98802cbae937f9fd33a401c4dc20b12033ea23dd778c0 936f832b68cb6372bb59d15f53bb27a2b5ae5740fbb017997a528ed778be6e9d
CLIENT_HANDSHAKE_TRAFFIC_SECRET a4f84e4865422974e8f98802cbae937f9fd33a401c4dc20b12033ea23dd778c0 a0f4de8e561491202e00d5a3757f7965718a4c4498fa1c5328fe811fb9ea405e
SERVER_TRAFFIC_SECRET_0 a4f84e4865422974e8f98802cbae937f9fd33a401c4dc20b12033ea23dd778c0 0ac890d6dc4c8f1c6c040c81dc30fac88412b1de83d162629991946db63a5128
CLIENT_TRAFFIC_SECRET_0 a4f84e4865422974e8f98802cbae937f9fd33a401c4dc20b12033ea23dd778c0 54d6defa3a91e8a7bd46a1228bb455cbd22659f1665335fd4862a8b86c1c68b3
SERVER_HANDSHAKE_TRAFFIC_SECRET f9a77dbf2633616ade82e654672839d2a73eaf072ea0ff8257918b171ea86196 7c701c5e4144634492c0b0b87c7f7be19effc32fb141f66b8c2bf90ea75dc2db
CLIENT_HANDSHAKE_TRAFFIC_SECRET f9a77dbf2633616ade82e654672839d2a73eaf072ea0ff8257918b171ea86196 3e0b26ff03a74f44cc1abb95b701ea9ea12e0e2908f54f3813dce1552d3d29c8
SERVER_TRAFFIC_SECRET_0 f9a77dbf2633616ade82e654672839d2a73eaf072ea0ff8257918b171ea86196 bb0344b6220ff2225f0d47d8c11cbb7f57319311d7db6cb72c8d30dd1afa6f78
CLIENT_TRAFFIC_SECRET_0 f9a77dbf2633616ade82e654672839d2a73eaf072ea0ff8257918b171ea86196 7da602eab21b3756019fb902bab0458433ae4292de975fa4f19ca78b4e9ed5ef
SERVER_HANDSHAKE_TRAFFIC_SECRET 74a4c2488b7ece61e24210ebd7f1b0540e31b4bc36a6bb2312be539fc567d4fb 973edb2d43410d6eafe86d5c3867180f7ea45df5698837e862879701f2abf79e
CLIENT_HANDSHAKE_TRAFFIC_SECRET 74a4c2488b7ece61e24210ebd7f1b0540e31b4bc36a6bb2312be539fc567d4fb e9f317521fffea74ae980af635862fe3eed23b264de11c886bafd05a7a521bd5
SERVER_TRAFFIC_SECRET_0 74a4c2488b7ece61e24210ebd7f1b0540e31b4bc36a6bb2312be539fc567d4fb 151872d87f7a0be134dc1a9c099f3d3ad65786264e349da421d935486bbd8394
SERVER_HANDSHAKE_TRAFFIC_SECRET dcd80ee513a1a63b05fc74546f6abc8f6d1a6f11aa5fa03e9f1eb43f2f7c931d d534b468706f59592e67964648a7b81dbbc0638a89e09318fea449dd0391dc9f
CLIENT_HANDSHAKE_TRAFFIC_SECRET dcd80ee513a1a63b05fc74546f6abc8f6d1a6f11aa5fa03e9f1eb43f2f7c931d da6310a40034494a7fdebe00f54c741d56c1c3735b44996ca59b395a2ee6fa34
SERVER_TRAFFIC_SECRET_0 dcd80ee513a1a63b05fc74546f6abc8f6d1a6f11aa5fa03e9f1eb43f2f7c931d b842f462cd01133c2744495e80b74ae83f5cfa10d74a2b8ed3ddf397db67ba04
SERVER_HANDSHAKE_TRAFFIC_SECRET 468f9fa4045fe6d646088b849d076e9ffd5a1e9fdca890e9d35199b41821b584 38243071914e0b81b24a123987c911f9f2252a609d4346caa5b4257e8e835677
CLIENT_HANDSHAKE_TRAFFIC_SECRET 468f9fa4045fe6d646088b849d076e9ffd5a1e9fdca890e9d35199b41821b584 b7b03224e8bc9934db131ac2d741ffe370daf70e98586a6594b6ecdfb23eb683
SERVER_TRAFFIC_SECRET_0 468f9fa4045fe6d646088b849d076e9ffd5a1e9fdca890e9d35199b41821b584 2b13826eda5fed1db09be4488199efd8f224e87386bcd626b47512b826285cc2
CLIENT_TRAFFIC_SECRET_0 468f9fa4045fe6d646088b849d076e9ffd5a1e9fdca890e9d35199b41821b584 1eb48ae63dabefb1e3f4a155ea83e1cbaf5a570e14e29abfd3bbb49a6b4a95f6
SERVER_HANDSHAKE_TRAFFIC_SECRET 1b1a14b256efd901f29b5af9d448864bdfbd11bb8bb566c3818a6e50e5914946 78b70ad7f56afce03f253acbabf1b50fcac10cf39f50f9b8206a4067b85b0721
CLIENT_HANDSHAKE_TRAFFIC_SECRET 1b1a14b256efd901f29b5af9d448864bdfbd11bb8bb566c3818a6e50e5914946 06a3653aaa07a485238337670fb2ebc1560f1adb4891d91ec26d23e2cd7d38fb
SERVER_TRAFFIC_SECRET_0 1b1a14b256efd901f29b5af9d448864bdfbd11bb8bb566c3818a6e50e5914946 64bbfa1e3dec0a201170e10c043f87f37000f6a1f08743b2605c8d4fcf7b97ea
CLIENT_TRAFFIC_SECRET_0 1b1a14b256efd901f29b5af9d448864bdfbd11bb8bb566c3818a6e50e5914946 b5664e3951b7956dd825ea0c5c843c6b7146104e6d8b8aa1fe6f35cbca9f9f81
SERVER_HANDSHAKE_TRAFFIC_SECRET 92ef18e48a9127ebbd3ce5bffd246a334f66cf45672258de91a0591760f207ef ff2bcb48f670e2221f1a84387d7a8f9079ca917e46dc85394739ead1a09914d0
CLIENT_HANDSHAKE_TRAFFIC_SECRET 92ef18e48a9127ebbd3ce5bffd246a334f66cf45672258de91a0591760f207ef 7f4dccea229eeb7e6dd72db916f2a300a13da04ef85fbe5a6bdac3748b6c7136
SERVER_TRAFFIC_SECRET_0 92ef18e48a9127ebbd3ce5bffd246a334f66cf45672258de91a0591760f207ef 64a47290261eac19a63cdd51e16d41e662d1113a40b2eeb86d8d6ebaeccf08eb
CLIENT_TRAFFIC_SECRET_0 92ef18e48a9127ebbd3ce5bffd246a334f66cf45672258de91a0591760f207ef cce687b2b12efd2465b190873ad307d7a078a4202faf9f6a7a411607ae4180d1
SERVER_HANDSHAKE_TRAFFIC_SECRET 777cf510ab48e17c1207b2558e66dacdf1323e42d5286351f5c5c7c69b8af68b 5ff1abdf1f10c5157712ae7bd0bd7bdb195036f262a5576a439c0215d0b8eca1
CLIENT_HANDSHAKE_TRAFFIC_SECRET 777cf510ab48e17c1207b2558e66dacdf1323e42d5286351f5c5c7c69b8af68b 760103264f8208a6da3f1300c61591056dc8eefd39b500e6160ea6a7da5e6463
SERVER_TRAFFIC_SECRET_0 777cf510ab48e17c1207b2558e66dacdf1323e42d5286351f5c5c7c69b8af68b d28b0fe1ba38f0629547aba147640a0c425b64d73854c4005fdd25d3f3fb7547
CLIENT_TRAFFIC_SECRET_0 777cf510ab48e17c1207b2558e66dacdf1323e42d5286351f5c5c7c69b8af68b 3f7af189e7743c78cae1cc7b554f5ada84e76d4970508bb769a26890f3e08d8c
SERVER_HANDSHAKE_TRAFFIC_SECRET d0caf4ac0b19eb343112e9d941718d0e1efa277cdc0deecb2353fd6d669f8fa7 02f9956d77f2815c4912638fc0021d13e827de0a4fe08ee6d70598043347dba1
CLIENT_HANDSHAKE_TRAFFIC_SECRET d0caf4ac0b19eb343112e9d941718d0e1efa277cdc0deecb2353fd6d669f8fa7 bb821ed247305911e205e2b6522760b64af2b7c86c040d7cb2b2b57e3937b7d1
SERVER_TRAFFIC_SECRET_0 d0caf4ac0b19eb343112e9d941718d0e1efa277cdc0deecb2353fd6d669f8fa7 494a9a9e5237e8ab5d7453763aa4970a50cd7b74250ce426798743e9fc8bf3c1
SERVER_HANDSHAKE_TRAFFIC_SECRET 64cc915e0da824b7a0cc4a614fabdf0478e6bd109a68ba9872d3c78998ccee96 1e3d3572d11ca76675ef402fb119816a23f0efd8449e6909708ce9146e448405
CLIENT_HANDSHAKE_TRAFFIC_SECRET 64cc915e0da824b7a0cc4a614fabdf0478e6bd109a68ba9872d3c78998ccee96 5fd099fda461700c416e6c1afd1560abccc9e84da5f0d4623e4e999363bda926
SERVER_TRAFFIC_SECRET_0 64cc915e0da824b7a0cc4a614fabdf0478e6bd109a68ba9872d3c78998ccee96 09e01f9bacc581d897ff00714a3de776b4ecfd023aa3622e06ff836375792c30
CLIENT_TRAFFIC_SECRET_0 64cc915e0da824b7a0cc4a614fabdf0478e6bd109a68ba9872d3c78998ccee96 71095032e843ee71cec4796c67f182c564ed582cd8758069f682e696267a9ce2
SERVER_HANDSHAKE_TRAFFIC_SECRET d7960f423d2e08ad027cc8f6cfdfd2c3220b27092ea53a250db28698fba0bfe3 1a38132b0070c98effdd6606351a5be50e6e0b3ce4a9de140f6a420fe57418c0
CLIENT_HANDSHAKE_TRAFFIC_SECRET d7960f423d2e08ad027cc8f6cfdfd2c3220b27092ea53a250db28698fba0bfe3 38607de2b833410a959da32d36ec0d412e9546c2053f5c712b8689f1a16993f3
SERVER_TRAFFIC_SECRET_0 d7960f423d2e08ad027cc8f6cfdfd2c3220b27092ea53a250db28698fba0bfe3 0b3ffe7176299936e8671248425f349fefd49f1b217c7519db66345d736bca21
CLIENT_TRAFFIC_SECRET_0 d7960f423d2e08ad027cc8f6cfdfd2c3220b27092ea53a250db28698fba0bfe3 954cc74fa87ee673f7e8f1afd809d30903df9af96797d0585bbb02fe207ccec2
SERVER_HANDSHAKE_TRAFFIC_SECRET 574c8c9a5fc1bfff82488594d5cd457e37c34e0f8bf785af01785fdb56933556 4a13ea48a37622a57b5a8ff1ca3bd3f48044ff11fe29de30735e3daa7d4b23d0
CLIENT_HANDSHAKE_TRAFFIC_SECRET 574c8c9a5fc1bfff82488594d5cd457e37c34e0f8bf785af01785fdb56933556 1e58381af834b97725c7bbd0f400da54e49b57743fb751a5b856ca482fb2cd59
SERVER_TRAFFIC_SECRET_0 574c8c9a5fc1bfff82488594d5cd457e37c34e0f8bf785af01785fdb56933556 dcccac5d4943f7ff8ac8f1daf04105acc482c2985612e8e83789e7b74080a2a7
CLIENT_TRAFFIC_SECRET_0 574c8c9a5fc1bfff82488594d5cd457e37c34e0f8bf785af01785fdb56933556 26207123bf2af54f8e82e798140d4b9b2e449dcc655a070662c44db62a07d11f
SERVER_HANDSHAKE_TRAFFIC_SECRET 2fa8a6b8fd5d157087db2bd90fa051166a913ac097bc7ba527de948d98fc7fdd 7f844487123630426b05e701515084a55dab524e472a72507d173f70db2c7b2a
CLIENT_HANDSHAKE_TRAFFIC_SECRET 2fa8a6b8fd5d157087db2bd90fa051166a913ac097bc7ba527de948d98fc7fdd 45d21d5e8a202efde96e948fab1eebfb3bc6a9b27978e77fa5c51e84c6000ed7
SERVER_TRAFFIC_SECRET_0 2fa8a6b8fd5d157087db2bd90fa051166a913ac097bc7ba527de948d98fc7fdd 9c7d42b20d57fc6f0560db65d12b70b40c0b50384c676edcdb16c66e4fd598aa
SERVER_HANDSHAKE_TRAFFIC_SECRET 07d3f426567a6449d16556d2123efefaca710b3e0b0f8c1b7648f550740bd506 e5e6c77d19f681c8c2796bb3e7e381e0477b8ce3e156ab8565bfb1754023ca31
CLIENT_HANDSHAKE_TRAFFIC_SECRET 07d3f426567a6449d16556d2123efefaca710b3e0b0f8c1b7648f550740bd506 694404b37e7abf6826a0d91841a181c830f7eb022353949100dc7b19e8cc21dc
SERVER_TRAFFIC_SECRET_0 07d3f426567a6449d16556d2123efefaca710b3e0b0f8c1b7648f550740bd506 f29771311e116e90fed09270905d094fd7670e28ff264a2f820ace7ac72208a9
SERVER_HANDSHAKE_TRAFFIC_SECRET 5643aa701da2283ecd57a01a3b66f48543ac3579c6bffd9c52115e964d19b288 9b2c55cc77295b6606146b4ef248943bcb9150da3de0fa772334abace7d02353
CLIENT_HANDSHAKE_TRAFFIC_SECRET 5643aa701da2283ecd57a01a3b66f48543ac3579c6bffd9c52115e964d19b288 e6a85962109e4bdf9a6001db76c3e5d925d44b67992fc02f16793038eab6e234
SERVER_TRAFFIC_SECRET_0 5643aa701da2283ecd57a01a3b66f48543ac3579c6bffd9c52115e964d19b288 c9db6d179280f809b1a0ccf149f8cb90db6f2ba24375f2d431341cd0f98a0b2e
CLIENT_TRAFFIC_SECRET_0 5643aa701da2283ecd57a01a3b66f48543ac3579c6bffd9c52115e964d19b288 6b5f0f93936d12c965a242c7d38125ce8231107fd2c89415dd5b06291aa26a96
SERVER_HANDSHAKE_TRAFFIC_SECRET 581187bf6a19c216153d461b11cd217431f1938dd4ea2d0d1a2655aaa1edf168 fb7ee7170f8dbbfc6fb383e49e66bf1f5b2368640d00f7f9cb32986cba44ce2b
CLIENT_HANDSHAKE_TRAFFIC_SECRET 581187bf6a19c216153d461b11cd217431f1938dd4ea2d0d1a2655aaa1edf168 437167554a603e669615033b98d69223c42e77ef0c3c4129fd77bac4c6512e24
SERVER_TRAFFIC_SECRET_0 581187bf6a19c216153d461b11cd217431f1938dd4ea2d0d1a2655aaa1edf168 9d13e6ca1232c1118a91cac2a794d561e856be82b42d6c296b2accd6b57d3e29
CLIENT_TRAFFIC_SECRET_0 581187bf6a19c216153d461b11cd217431f1938dd4ea2d0d1a2655aaa1edf168 16f69b20891c300f46d514086216287b8df33a6dbcb709a96edec8ce3c00b0d2
SERVER_HANDSHAKE_TRAFFIC_SECRET 6652be4b0ce4091eaf6893f42673104358ea998123e8c76e767754394515f9ec 3ef07670dbd1fc958a58b479b2e3b763dc0d8f35a71e92797e7ad529a3c1d4e3
CLIENT_HANDSHAKE_TRAFFIC_SECRET 6652be4b0ce4091eaf6893f42673104358ea998123e8c76e767754394515f9ec 9d6ea85511a0b1c8d7f2fd5f134e23487fbbc674eaa311c220747e437f48c3a5
SERVER_TRAFFIC_SECRET_0 6652be4b0ce4091eaf6893f42673104358ea998123e8c76e767754394515f9ec 35dc5a3dd22c9cad0660148298723e37745ff67405da474ba0070beab61800b4
CLIENT_TRAFFIC_SECRET_0 6652be4b0ce4091eaf6893f42673104358ea998123e8c76e767754394515f9ec 2ca0e6fcbc57a0f03db96245cdc6d0862b64eacca7bcee259b7add6e12d0087e
SERVER_HANDSHAKE_TRAFFIC_SECRET 82a589895e6409a0ae4b12d4cfae0ddb0eab22bc4f80970b8edacb270b5c4e1b f768aeee710636253c3df92bd041d1d52e157e6067eba3b99d1a5fb6f1b38244
CLIENT_HANDSHAKE_TRAFFIC_SECRET 82a589895e6409a0ae4b12d4cfae0ddb0eab22bc4f80970b8edacb270b5c4e1b a1cac54506cccfcdbb048b0107158c91105851d80948beb5e7db650a830d4c16
SERVER_TRAFFIC_SECRET_0 82a589895e6409a0ae4b12d4cfae0ddb0eab22bc4f80970b8edacb270b5c4e1b 9a6327e8c5682b6cb52f0269815db75f9d96c8fb9d89963f5bf3113f94688cb5
SERVER_HANDSHAKE_TRAFFIC_SECRET 10aa9e250ba26ff8ddc8f08e95e92ee07eae1f9f0f8d6bc3efaa55a60b821526 be54b4524546b6371bd634a6622a8945caf8d661bdf6394ad75f96123d94d0e5
CLIENT_HANDSHAKE_TRAFFIC_SECRET 10aa9e250ba26ff8ddc8f08e95e92ee07eae1f9f0f8d6bc3efaa55a60b821526 75abc5bb7837a713c7f58a4856f0f8f786f9f84800cded5892a5725ceaf76364
SERVER_TRAFFIC_SECRET_0 10aa9e250ba26ff8ddc8f08e95e92ee07eae1f9f0f8d6bc3efaa55a60b821526 8993b0375be404ab1c75dd182b47bf1230030e2c560ccaa7f56675a2caf7391c
SERVER_HANDSHAKE_TRAFFIC_SECRET c3c8e0163d28d90e180842c8e9fac4dd3ffb7fdfc960727f93a716aab5ca28f5 98b9a9fccc1c546ddf2213fac4e55ba92e5fec39248c691b2d9210c5d0d39caf
CLIENT_HANDSHAKE_TRAFFIC_SECRET c3c8e0163d28d90e180842c8e9fac4dd3ffb7fdfc960727f93a716aab5ca28f5 ed6d1832d8638b377b688adee359fa72767f19ccc0f649b4e4fa397923a01d13
SERVER_TRAFFIC_SECRET_0 c3c8e0163d28d90e180842c8e9fac4dd3ffb7fdfc960727f93a716aab5ca28f5 015896a2568ecd9cf6bef8834d0c4dbcbce6bd481ae478a933c3901a2a9f8b19
CLIENT_TRAFFIC_SECRET_0 c3c8e0163d28d90e180842c8e9fac4dd3ffb7fdfc960727f93a716aab5ca28f5 6c8f6651d9d8432869f0fcfb9b84a21412930bd3f217853ac46c721d1e0d9bd7
SERVER_HANDSHAKE_TRAFFIC_SECRET 45862b818574b6b1538f3e083edc234f019c3ca61eb333551d67e7244f0f6fb1 ad7e978ce6801eb1f25b5e4b83d3d5a6ce275be0734a46be32d9728e0b44ccb6
CLIENT_HANDSHAKE_TRAFFIC_SECRET 45862b818574b6b1538f3e083edc234f019c3ca61eb333551d67e7244f0f6fb1 dc94c92b0ca2f018ca038dcab81c4866735d23ceb0dcea9f4559a1ec6a902e6d
SERVER_TRAFFIC_SECRET_0 45862b818574b6b1538f3e083edc234f019c3ca61eb333551d67e7244f0f6fb1 cb458cd73180771d854a111fd513bb51446c3b41ebf502854f3a15f7859829bb
CLIENT_TRAFFIC_SECRET_0 45862b818574b6b1538f3e083edc234f019c3ca61eb333551d67e7244f0f6fb1 2665f625ad2e4db44b5afa938048f4b9c3c365577be6c6c1447d94c3a7367700
SERVER_HANDSHAKE_TRAFFIC_SECRET 299eef80f6331d2b9d54301544bb609f299818fbd70f9df572015f60f362b35f 19dacbc25184589dc8fda417371032d0b8a5fe3057107803c6f45ba20a7ea935
CLIENT_HANDSHAKE_TRAFFIC_SECRET 299eef80f6331d2b9d54301544bb609f299818fbd70f9df572015f60f362b35f eb80fd162f1b261e5aa66b76dc2dadb00b40b096f258a684d86b7b92dc1d7a44
SERVER_TRAFFIC_SECRET_0 299eef80f6331d2b9d54301544bb609f299818fbd70f9df572015f60f362b35f 54985d107a990b05564983ee1617bd534bb865af57ddb416de7ce94556e11a31
SERVER_HANDSHAKE_TRAFFIC_SECRET 60ff58ca740809eec0c781a94597c2c2fadb0e639bc81286f9c156d4e01106a9 01fa9e57d24c872848c7a60732cf3627d5cdb6ce28431e0f60e75b02f1ba9b28
CLIENT_HANDSHAKE_TRAFFIC_SECRET 60ff58ca740809eec0c781a94597c2c2fadb0e639bc81286f9c156d4e01106a9 0657ca431f9f673a2b6767170d5e77991f8e7b8489499a04cd390b7780ffb881
SERVER_TRAFFIC_SECRET_0 60ff58ca740809eec0c781a94597c2c2fadb0e639bc81286f9c156d4e01106a9 2b0695dd555a8283e92ac39c3189f3b0ffaf116d7fbc9e522ff3f62729f3c99f
CLIENT_TRAFFIC_SECRET_0 60ff58ca740809eec0c781a94597c2c2fadb0e639bc81286f9c156d4e01106a9 fed6645835e939091b864933706bc63a9a6664aef910af5ff69c990cf6b61aa0
SERVER_HANDSHAKE_TRAFFIC_SECRET 80e41dbaae2ed6d9f92dfb1e176f927616152e55b29d71d6d6e490dfe3b423b8 2d1c496ae756268b8f9632fa6b708166ac21abf82267e5cd5939b0874458a612
CLIENT_HANDSHAKE_TRAFFIC_SECRET 80e41dbaae2ed6d9f92dfb1e176f927616152e55b29d71d6d6e490dfe3b423b8 9b08446895ed7986ffa5e855c556cfcecbe0bc33693d5e354cac9338794dad4a
SERVER_TRAFFIC_SECRET_0 80e41dbaae2ed6d9f92dfb1e176f927616152e55b29d71d6d6e490dfe3b423b8 6081865ac836abbc0b2667a9492e5c5d64d335c0925cf72857e1eca6de61b602
SERVER_HANDSHAKE_TRAFFIC_SECRET eb3a1addb2015b91714745bd879f52f2aa05902f990187f384848e3c4ee4892d 3bcccf51e8700a29f0ca62723093f4a058f1d39f4607a43ca0700bc0c2a8b60c
CLIENT_HANDSHAKE_TRAFFIC_SECRET eb3a1addb2015b91714745bd879f52f2aa05902f990187f384848e3c4ee4892d 8bf20db9f14db3d6157072e398d2233b1ac1d8107323db2bb9896134bbbf9c25
SERVER_TRAFFIC_SECRET_0 eb3a1addb2015b91714745bd879f52f2aa05902f990187f384848e3c4ee4892d e91829e848866a352bef51d7cc30ce0eadab403fea44594e8accd2caef50a3b3
CLIENT_TRAFFIC_SECRET_0 eb3a1addb2015b91714745bd879f52f2aa05902f990187f384848e3c4ee4892d 22e9a632d48f3dbc1b84d2f4a233922ff0dae43f151f4601f50c74fc37481a18
SERVER_HANDSHAKE_TRAFFIC_SECRET c41c40a58d287ac6c3b3b55f3eb3db2db4c3200f7e7b24b785d94c0fe90a3226 331308ac8a133efbc1231f06615d6f5d60571d4951cf64096d04920ae1259e18
CLIENT_HANDSHAKE_TRAFFIC_SECRET c41c40a58d287ac6c3b3b55f3eb3db2db4c3200f7e7b24b785d94c0fe90a3226 d294522ead79fd9e77ff890306e8dd961c26990d6a40fd6998c61d0d4c596518
SERVER_TRAFFIC_SECRET_0 c41c40a58d287ac6c3b3b55f3eb3db2db4c3200f7e7b24b785d94c0fe90a3226 9abe45559bfa8f456be99411c8cd8a657924033c5d4146c76a804a0911eb0351
CLIENT_TRAFFIC_SECRET_0 c41c40a58d287ac6c3b3b55f3eb3db2db4c3200f7e7b24b785d94c0fe90a3226 8fe3f718bab61021a4649b4f48cda33a7186f1dc13592fbaa54dcfcfb996bb4b
SERVER_HANDSHAKE_TRAFFIC_SECRET 6b5d41bcc0037066fa5c9547a87d2ee109e344578282a65d76be361aa04fbff9 56cbff0bc4f7cd2a819f427f3f99f2e51d498b06dd1477f87f293b17afd63964
CLIENT_HANDSHAKE_TRAFFIC_SECRET 6b5d41bcc0037066fa5c9547a87d2ee109e344578282a65d76be361aa04fbff9 00d1eacf64423ba892e81bc73f75ac7a38722207bac96b7cce26f53a47c00007
SERVER_TRAFFIC_SECRET_0 6b5d41bcc0037066fa5c9547a87d2ee109e344578282a65d76be361aa04fbff9 18d919c8fdd7015e68e8b044dd8474c32c09a8f53c1e94785b05d4b66dff587b
CLIENT_TRAFFIC_SECRET_0 6b5d41bcc0037066fa5c9547a87d2ee109e344578282a65d76be361aa04fbff9 517599b4a7c97b08f89fe6a91ab64de92047bc42e7bd1edcb5966fabc93ad5f9
SERVER_HANDSHAKE_TRAFFIC_SECRET 95993c9d76a7dba2e5e6b76bc4e68e02998e524aa350e4ff6227eb1c1ae0ebcc 091d15f908a5fc3b7eb56b19d9ab429e055108c89dcc36315659e51c62aa57b3
CLIENT_HANDSHAKE_TRAFFIC_SECRET 95993c9d76a7dba2e5e6b76bc4e68e02998e524aa350e4ff6227eb1c1ae0ebcc aed097c73308cab0c702f7092f0e43dcb930d647d7635dcdad9cf237bdaf0eb0
SERVER_TRAFFIC_SECRET_0 95993c9d76a7dba2e5e6b76bc4e68e02998e524aa350e4ff6227eb1c1ae0ebcc bce8c1747a637d1b32c84c49ae2700861ebe5acf9bd14b4ca6e783c901c929d4
CLIENT_TRAFFIC_SECRET_0 95993c9d76a7dba2e5e6b76bc4e68e02998e524aa350e4ff6227eb1c1ae0ebcc 75472883924bc036da9cf291d8db1115f7785e6c974150164f04b765c867b1d5
SERVER_HANDSHAKE_TRAFFIC_SECRET 7f02309a9545e2e0750cf0f3b18b1cd21d61f77dbd3d7411c9286e1d158f156b 867ce4375ed5b7059c66a5b33759f5493165c66828e51a99dea886eed90e8951
CLIENT_HANDSHAKE_TRAFFIC_SECRET 7f02309a9545e2e0750cf0f3b18b1cd21d61f77dbd3d7411c9286e1d158f156b d8d8bd97039154cce323df884e94ed19301e4a5c903ba210bdb9cbb86696714c
SERVER_TRAFFIC_SECRET_0 7f02309a9545e2e0750cf0f3b18b1cd21d61f77dbd3d7411c9286e1d158f156b 5574de0dff4b72f106e71f99c88413df9be5e8b9e1bb6a433e3822a136bb843b
CLIENT_TRAFFIC_SECRET_0 7f02309a9545e2e0750cf0f3b18b1cd21d61f77dbd3d7411c9286e1d158f156b 5d10f8aa4982e8c4f7867f8168b75a9a1bfb2360ce9d4fe7a9b1e5cffbd314a3
SERVER_HANDSHAKE_TRAFFIC_SECRET 4abe625eb28107d8378dcdab12bae4419cf817cc187d4637479431c05bd21696 b7cec4ab06f5925946d220b1feb95100d4572ab81e343f2786e2c1629d4b891f
CLIENT_HANDSHAKE_TRAFFIC_SECRET 4abe625eb28107d8378dcdab12bae4419cf817cc187d4637479431c05bd21696 82d7f47498af10fde84dbcd7a5314543edf18969057364fc13f2f0d75374bbb2
SERVER_TRAFFIC_SECRET_0 4abe625eb28107d8378dcdab12bae4419cf817cc187d4637479431c05bd21696 02310f1171f33d2a7056c0c085c002862edf3f5662a62d29c9a529c43367f090
CLIENT_TRAFFIC_SECRET_0 4abe625eb28107d8378dcdab12bae4419cf817cc187d4637479431c05bd21696 8a7af9b1d626f9264f28d050c58b5a25e85297620369730c7463e9d30f7a265e
SERVER_HANDSHAKE_TRAFFIC_SECRET 52bae46ae731e3ba737ad56b7b0c3cfda36f3daf0b21361e1609b1a0b20f24f0 ccbd764fcd6a1047ac65d55f8a73abaf5b25cf6a2e2d097df594264a8bb2c56e
CLIENT_HANDSHAKE_TRAFFIC_SECRET 52bae46ae731e3ba737ad56b7b0c3cfda36f3daf0b21361e1609b1a0b20f24f0 b0e7e4c36ca06bba8a64695ed84a999b88413549c07eb5982cdddd2b8a924fc3
SERVER_TRAFFIC_SECRET_0 52bae46ae731e3ba737ad56b7b0c3cfda36f3daf0b21361e1609b1a0b20f24f0 e3d3e64979ba607b1bb276e200d7d42ff9592d5a37ac3d51957d811076a24068
SERVER_HANDSHAKE_TRAFFIC_SECRET 5fc99a3eea048f7683b1a4e07340aeff6c3ef958dfa7dcf979f72b7ab306d7cd 32228148ad86db929ce595a257e5d84ac23689b957400f49ac9aac0a24270939
CLIENT_HANDSHAKE_TRAFFIC_SECRET 5fc99a3eea048f7683b1a4e07340aeff6c3ef958dfa7dcf979f72b7ab306d7cd b45b86b18380e78472cfcc465615729afeab8c1f396a91269f0ab1701c17d3ae
SERVER_TRAFFIC_SECRET_0 5fc99a3eea048f7683b1a4e07340aeff6c3ef958dfa7dcf979f72b7ab306d7cd 1d044a9304c86843086388b3da01bb97cd53be4fa9fce3c7552a8e67d0ebc662
CLIENT_TRAFFIC_SECRET_0 5fc99a3eea048f7683b1a4e07340aeff6c3ef958dfa7dcf979f72b7ab306d7cd b35ae5f384b18d50d7afc1cde46dbf374bac812dfcd2f5b2195b46b3e2c23cc0
SERVER_HANDSHAKE_TRAFFIC_SECRET a5cde7eb6417944d7396ed85d619d7fff79e4b92990e160286049d979dca872d a243f98e9b074376f69fe5c475bddbb933e66b703c529f61fab55bade18e4669
CLIENT_HANDSHAKE_TRAFFIC_SECRET a5cde7eb6417944d7396ed85d619d7fff79e4b92990e160286049d979dca872d 4a4f37d0c4cc46b5e371243806edebd48154bcfdccc8f59477828afc0a93698d
SERVER_TRAFFIC_SECRET_0 a5cde7eb6417944d7396ed85d619d7fff79e4b92990e160286049d979dca872d 6f14d79de070ec39303b8b3f460de90a04d843071b55d6ac03eecf73d15d584f
CLIENT_TRAFFIC_SECRET_0 a5cde7eb6417944d7396ed85d619d7fff79e4b92990e160286049d979dca872d e51a8a45a518f9f7a80c40159ed45ae95704a509fa8d05f86b038684c83c4822
SERVER_HANDSHAKE_TRAFFIC_SECRET 1b289712b4e8a259d292791b546005f584142b7bef6b70cd200632f2de35e06c b42dc7fca6636153b95d8c99ddcd0a25a8ac9038a42e9ac5242476a49255c6ef
CLIENT_HANDSHAKE_TRAFFIC_SECRET 1b289712b4e8a259d292791b546005f584142b7bef6b70cd200632f2de35e06c 22d06469d764ff79922f5c42f4fadd60c4285cd3ad7c37020f494bf5f87d702a
SERVER_TRAFFIC_SECRET_0 1b289712b4e8a259d292791b546005f584142b7bef6b70cd200632f2de35e06c 754bc457de141a5f7b69a8758f47ec7c97637d774345ddbc13fbaf38d23abbe4
CLIENT_TRAFFIC_SECRET_0 1b289712b4e8a259d292791b546005f584142b7bef6b70cd200632f2de35e06c bff5c27a091963f98abde7f564f26662fdc3756a05498b8a7f9510b6d2a55413
SERVER_HANDSHAKE_TRAFFIC_SECRET 926d682a607b427e8b47d4667fe2207df912d629f363ef4400225376976d97f3 9b5b97d7b1adda18f31ee747c564093ba3ebb512c74872601ad41bfe22ef5ddc
CLIENT_HANDSHAKE_TRAFFIC_SECRET 926d682a607b427e8b47d4667fe2207df912d629f363ef4400225376976d97f3 ef55558deedd0cbf1beea8ea372e6f3f442ab905004fdd5d1d76c55b624e4cd1
SERVER_TRAFFIC_SECRET_0 926d682a607b427e8b47d4667fe2207df912d629f363ef4400225376976d97f3 a6002f6b4f4671012518a4737734728fadc5e14fe212a2d869bc5ff90892c6e3
CLIENT_TRAFFIC_SECRET_0 926d682a607b427e8b47d4667fe2207df912d629f363ef4400225376976d97f3 f5ff0e4c87e9d7ec8bdd85c65390f858847d9838a87a57d589d9439e3e5a4d23
SERVER_HANDSHAKE_TRAFFIC_SECRET f7d2fb15d0c1132c0707c9cd1989e6a3cd8e9d3960219be53efe7e4f7e06b427 bc33b9620eedfb3f86c03ff64a4c5c59ec67abb059897235519d42abc053bb96
CLIENT_HANDSHAKE_TRAFFIC_SECRET f7d2fb15d0c1132c0707c9cd1989e6a3cd8e9d3960219be53efe7e4f7e06b427 2bd0dffd2990c2f5f9ff7fd0be9fb3ea7d16900fc1e0689f4ee68ea1dc51b4b1
SERVER_TRAFFIC_SECRET_0 f7d2fb15d0c1132c0707c9cd1989e6a3cd8e9d3960219be53efe7e4f7e06b427 9f918eec9f6e74e630c4d88b8e843c50e751a1e114b84b48ee7fd56c90b01a75
CLIENT_TRAFFIC_SECRET_0 f7d2fb15d0c1132c0707c9cd1989e6a3cd8e9d3960219be53efe7e4f7e06b427 da79a6c2e79acdcb930ed2f41ef222285398068a410c1584d1580fe98aaa8ca4
SERVER_HANDSHAKE_TRAFFIC_SECRET b5ff3ede3a2afaf3951f2d72aeb07b5fe2c1af26e037701d62e41418a1663291 1927123ba0b77f112850c5d41ce10457f10eee37445a713649064c17b883459a
CLIENT_HANDSHAKE_TRAFFIC_SECRET b5ff3ede3a2afaf3951f2d72aeb07b5fe2c1af26e037701d62e41418a1663291 8ac9c1ef950adf1bb998c75707e3a9b1baedf86e862a0d07aab22d87e2bae5af
SERVER_TRAFFIC_SECRET_0 b5ff3ede3a2afaf3951f2d72aeb07b5fe2c1af26e037701d62e41418a1663291 fd286008c13b5398ef5b8485fe320e82af059b240c71e7a8cc16b803c6b5e82f
CLIENT_TRAFFIC_SECRET_0 b5ff3ede3a2afaf3951f2d72aeb07b5fe2c1af26e037701d62e41418a1663291 b602a8729b487b6445451fd855791105ee9e04e91506b7abb98e2e80c58e4481
SERVER_HANDSHAKE_TRAFFIC_SECRET 017e6dc67e1e740880deb1618b9f784c70f56f596a6c6253901f7133aa8c90f1 a4824b18ab802e8adac91aa2abc473830f982c727417a70753098acdc11b1bf1
CLIENT_HANDSHAKE_TRAFFIC_SECRET 017e6dc67e1e740880deb1618b9f784c70f56f596a6c6253901f7133aa8c90f1 f4ccfa1e37f9c81bdbff0a9b1b4cb3ca18700f9a8f93eb3b69da0988bf71608b
SERVER_TRAFFIC_SECRET_0 017e6dc67e1e740880deb1618b9f784c70f56f596a6c6253901f7133aa8c90f1 fded93eae5b56bb5a2848087977424c70c64e2485798307f6bb12272aba03cf0
CLIENT_TRAFFIC_SECRET_0 017e6dc67e1e740880deb1618b9f784c70f56f596a6c6253901f7133aa8c90f1 874295e1a6bc0d27f58319f247d33f74999cf565b4f8417adb6ba8856c8bdb83
SERVER_HANDSHAKE_TRAFFIC_SECRET 6d2ea203c73c2107a48ac9dcacdf94877c26ab9e1d85144bc4e7eee5c57c90ed 7b699987544ee6925d9c34ee3ed501b0b0cbdbf5d3700e7eb78fc33897818834
CLIENT_HANDSHAKE_TRAFFIC_SECRET 6d2ea203c73c2107a48ac9dcacdf94877c26ab9e1d85144bc4e7eee5c57c90ed 89f72cdf49035d28d01979ee2479760ada708f86bc318b01907a03cef2e04e52
SERVER_TRAFFIC_SECRET_0 6d2ea203c73c2107a48ac9dcacdf94877c26ab9e1d85144bc4e7eee5c57c90ed 88a54b762772dca6b7ffa081e0cd9d65d89107d35857b397908cb992bb318680
CLIENT_TRAFFIC_SECRET_0 6d2ea203c73c2107a48ac9dcacdf94877c26ab9e1d85144bc4e7eee5c57c90ed 751e52f17f607285f53d72b65977a4ba27d83152121a334b56cd485139f98794
SERVER_HANDSHAKE_TRAFFIC_SECRET 13a1574c293cc45001043e713d1fb0b05c937ec81136e714bc9a0df8d81b4a81 b6f61b1bbcf6e5b2b18be191aa24cf6582b0f6f9a74de3acd797a42034ccbade
CLIENT_HANDSHAKE_TRAFFIC_SECRET 13a1574c293cc45001043e713d1fb0b05c937ec81136e714bc9a0df8d81b4a81 6b1904b1bb12579a416183a6e7b920936f72b613692bc3f520dab84de4699425
SERVER_TRAFFIC_SECRET_0 13a1574c293cc45001043e713d1fb0b05c937ec81136e714bc9a0df8d81b4a81 ca089600c73cfbc911ba7f22bff0f0d496470bf08323dc33ca2ef087ccc8a071
CLIENT_TRAFFIC_SECRET_0 13a1574c293cc45001043e713d1fb0b05c937ec81136e714bc9a0df8d81b4a81 ba20aac5f4693336d0c939d4b41f697b5ac67a1b44234e1befc1a2082794786e
SERVER_HANDSHAKE_TRAFFIC_SECRET a07910b64a5bcc30b2da1e824d4ce93e1a61817d3e5606d04d4133d7da96f117 ed7c4bde4237b94b33d2c9a9b9891a948e6cc5362d3a1f64d3d1575f2b8be11b
CLIENT_HANDSHAKE_TRAFFIC_SECRET a07910b64a5bcc30b2da1e824d4ce93e1a61817d3e5606d04d4133d7da96f117 0d68531e937212945a207bfc92d210c5cb0601464bba5784be3518feff459a17
SERVER_TRAFFIC_SECRET_0 a07910b64a5bcc30b2da1e824d4ce93e1a61817d3e5606d04d4133d7da96f117 3b3c912606e3a1601460cc3f692fd2c801f5035b88c4a6c958c5a13f0bfea76a
SERVER_HANDSHAKE_TRAFFIC_SECRET 42fa2c9c3b8de1fecaecc036eeffa56b41b0220dc26611ce9fd166b756953fd0 9a1bb43fd89a4841f736a36523ff0be2344dd2d2550a024d73a2adf36c3e94ba
CLIENT_HANDSHAKE_TRAFFIC_SECRET 42fa2c9c3b8de1fecaecc036eeffa56b41b0220dc26611ce9fd166b756953fd0 499ea1393e6127165d3ab6c45faba11ab4479a179717b0cdb5135aec2794cace
SERVER_TRAFFIC_SECRET_0 42fa2c9c3b8de1fecaecc036eeffa56b41b0220dc26611ce9fd166b756953fd0 517112e2f5a129533f289f656f0a509879fa2c133b481f0a736a24d407d37382
CLIENT_TRAFFIC_SECRET_0 42fa2c9c3b8de1fecaecc036eeffa56b41b0220dc26611ce9fd166b756953fd0 54d3da43257deaae5daaea22a92987bb99b91551c361baf74d9ed41ba4ce620a
SERVER_HANDSHAKE_TRAFFIC_SECRET 41e938b4e6c714dbe81048a9a375cc6ad4a7cd1e14d49a8e8caa20ef65de6df6 bdf13332cc4ebc70583bbed9d940fd8d64cfb35c0663d23ae7be1b18fe3bb36a
CLIENT_HANDSHAKE_TRAFFIC_SECRET 41e938b4e6c714dbe81048a9a375cc6ad4a7cd1e14d49a8e8caa20ef65de6df6 1b830967497f58b273f85dae7305462df916dafb28a41b74e383a181c9b69168
SERVER_TRAFFIC_SECRET_0 41e938b4e6c714dbe81048a9a375cc6ad4a7cd1e14d49a8e8caa20ef65de6df6 ebe242033392cb5e8af49fe76609018b41fb63a2f14f66944e9086cf6f2f1ba9
SERVER_HANDSHAKE_TRAFFIC_SECRET 0928bb090b7b55190caa5353e8b28e2f78e6e4ae4ed1ee728ba6c99145d770b4 12cb4bd41de30dd253fd24c4aeaa6a49fcca6ebb2a04e27085c2f9d3ff0c8910
CLIENT_HANDSHAKE_TRAFFIC_SECRET 0928bb090b7b55190caa5353e8b28e2f78e6e4ae4ed1ee728ba6c99145d770b4 d4beee66d13ce0a663b3b741e4ab252e0bee312dee5c133c36340583f88b637b
SERVER_TRAFFIC_SECRET_0 0928bb090b7b55190caa5353e8b28e2f78e6e4ae4ed1ee728ba6c99145d770b4 eac6ac3115e118d085817cdfe7b8061749bf1582e102ef2711e4d15a04932f5f
CLIENT_TRAFFIC_SECRET_0 0928bb090b7b55190caa5353e8b28e2f78e6e4ae4ed1ee728ba6c99145d770b4 a453c0d1c994f5b0a295d2561c9c13038f0ca803cf14c066a5adc6024131a038
SERVER_HANDSHAKE_TRAFFIC_SECRET 60f206d2eaad274ecbb441badfc2dea5992f667f7ea31e0de7dcc9ab1fb4ae79 97f747ad4bfd5aaf57904f9912b35b2efcbc6b7cc838ab9641f43c8e5d57d3a9
CLIENT_HANDSHAKE_TRAFFIC_SECRET 60f206d2eaad274ecbb441badfc2dea5992f667f7ea31e0de7dcc9ab1fb4ae79 53022212a1a97f01408ef067106e873a3ebaaaf7ff8e9c46f00fba9f06ea24e8
SERVER_TRAFFIC_SECRET_0 60f206d2eaad274ecbb441badfc2dea5992f667f7ea31e0de7dcc9ab1fb4ae79 c4b5dc28756d4e070bb62e89c6a48a013f3f68bc5a9a074dd42dc6a2cd3207cc
CLIENT_TRAFFIC_SECRET_0 60f206d2eaad274ecbb441badfc2dea5992f667f7ea31e0de7dcc9ab1fb4ae79 2ceecb0bf24564c388fdc2079cd48e145b3b8f9d32c98f4ced90e6deebb22c50
SERVER_HANDSHAKE_TRAFFIC_SECRET b89895f07c87af028191eb4f48521bfa8e62659edf1483975a5100cefbe86ebd 43ef86a5ce05539851fca2f41d190a7b7932d66263f63a8d1bc8530e3430b94f
CLIENT_HANDSHAKE_TRAFFIC_SECRET b89895f07c87af028191eb4f48521bfa8e62659edf1483975a5100cefbe86ebd 134856d544c7f484973bc57ed46ac560a49cb435bc92b3d44e491464a3c7dc61
SERVER_TRAFFIC_SECRET_0 b89895f07c87af028191eb4f48521bfa8e62659edf1483975a5100cefbe86ebd 7c6f6dd5f5924cfb791b143a04c418e530d0c27e8f458b7077ec6f3f01669b19
SERVER_HANDSHAKE_TRAFFIC_SECRET f6833753d00acd36761f6419275f2c0bc236199818b60f0ba1cb0e8986269579 d4264371ce12a4ff26c4a3a31efffc797621f833f017470ec8963cbc54267d95
CLIENT_HANDSHAKE_TRAFFIC_SECRET f6833753d00acd36761f6419275f2c0bc236199818b60f0ba1cb0e8986269579 f7ecb73d775f1fc463d1adf7751733f91736e85d73f0341a6fc154cc3649fab5
SERVER_TRAFFIC_SECRET_0 f6833753d00acd36761f6419275f2c0bc236199818b60f0ba1cb0e8986269579 261d4e0e99f558a01a4293bbe784c7737da74dfcbb871565c73219e396ca0a5f
CLIENT_TRAFFIC_SECRET_0 f6833753d00acd36761f6419275f2c0bc236199818b60f0ba1cb0e8986269579 bfc1b6a3334257ef43d0fda7824d3fbcde858ea65d5d7fb00e781b4637fe103c
SERVER_HANDSHAKE_TRAFFIC_SECRET 98633fe96666bb9df79d04cc5ffe89752f3157ecab582ed075defd7b3c19166a 8f0e3affcb96378d3d84e790c3f5283a01753229f1a63a84a420665e4d09bade
CLIENT_HANDSHAKE_TRAFFIC_SECRET 98633fe96666bb9df79d04cc5ffe89752f3157ecab582ed075defd7b3c19166a 02b256ab66055b0f55bfad46da97be6df81721d7386f40b60a6d6a2a15dabd8b
SERVER_TRAFFIC_SECRET_0 98633fe96666bb9df79d04cc5ffe89752f3157ecab582ed075defd7b3c19166a 6ba55595f08286bef022c4efa1a8c3e679b4d2415e9b518474c4e4bf1265866b
CLIENT_TRAFFIC_SECRET_0 98633fe96666bb9df79d04cc5ffe89752f3157ecab582ed075defd7b3c19166a a34fee939c840f76d09afb9f9b88b0a757b68c51ef1c29c4952470280604f0a1
SERVER_HANDSHAKE_TRAFFIC_SECRET 7dfa6dad628de2256bc3ad016b144790385fc7639725a2417082e91c98cf7a68 543f2b13ee575fdf1f9471f5e1a37c2803b89fb476f3f2885a5c97577e4c9ceb
CLIENT_HANDSHAKE_TRAFFIC_SECRET 7dfa6dad628de2256bc3ad016b144790385fc7639725a2417082e91c98cf7a68 f4ceb6627d79eb394e97c919d3d04bfba4e8bcff5c05657de461428c70f3085c
SERVER_TRAFFIC_SECRET_0 7dfa6dad628de2256bc3ad016b144790385fc7639725a2417082e91c98cf7a68 aab46c445c258492f2e4ab27c19a54e790c31a8f5ea2a164f2834c94d61c3dd5
CLIENT_TRAFFIC_SECRET_0 7dfa6dad628de2256bc3ad016b144790385fc7639725a2417082e91c98cf7a68 8743368e18b9e8a9b69c3ea49d0c90ec30749f8a04b6cc2cdaf6d572b04f0363
SERVER_HANDSHAKE_TRAFFIC_SECRET 064107c0bde5984a1061e908797f335b064b882ecb6c922c542cec39ee6f1f45 6f6908776d2f79198a0d1f866dea92cc8f5c29c4ed1645ca736e5f0e06fca431
CLIENT_HANDSHAKE_TRAFFIC_SECRET 064107c0bde5984a1061e908797f335b064b882ecb6c922c542cec39ee6f1f45 984b105a418cab2502b64a55d17335533b035fe5e5d77cf64ca4304139a22a45
SERVER_TRAFFIC_SECRET_0 064107c0bde5984a1061e908797f335b064b882ecb6c922c542cec39ee6f1f45 abf1175401bf174caffd255ef8284c216be33c30f3d619536633fd1fc318e9c3
CLIENT_TRAFFIC_SECRET_0 064107c0bde5984a1061e908797f335b064b882ecb6c922c542cec39ee6f1f45 24f46b1e105020a7e5198bca359c15b07251d8467f9eff2a4bbce5e7a24c9463
SERVER_HANDSHAKE_TRAFFIC_SECRET e83307093d36e0e6e12eba766d48645a2c7cb10fead7d2b6d78cb5789f37f4fb 7c89031055652c68e87e469d15135467df0312da55c7b609fec6269a2a8b4b18
CLIENT_HANDSHAKE_TRAFFIC_SECRET e83307093d36e0e6e12eba766d48645a2c7cb10fead7d2b6d78cb5789f37f4fb fcf8db0606a7800aea895759d7c30acdea8255b2f9381ed4ff4a7de404837c80
SERVER_TRAFFIC_SECRET_0 e83307093d36e0e6e12eba766d48645a2c7cb10fead7d2b6d78cb5789f37f4fb 99993f1ca7be62c1e8e7c65e296e96fd3594874442338c8f54276484af5e7a13
CLIENT_TRAFFIC_SECRET_0 e83307093d36e0e6e12eba766d48645a2c7cb10fead7d2b6d78cb5789f37f4fb a881b347c673144ed5d1c55affb2d3919b52b8a6dff89df2a839c6aa7a8029f7
SERVER_HANDSHAKE_TRAFFIC_SECRET b93d248b6a6f3dc26f91f7d058922f1be8c31e0e7676d02531303ba6608de61d 98181b699c4387317b86d221cf0be8e4ba86c24fef329665f6f7ac308d47da86
CLIENT_HANDSHAKE_TRAFFIC_SECRET b93d248b6a6f3dc26f91f7d058922f1be8c31e0e7676d02531303ba6608de61d 989ad6e8489af0caddb0ce54face9a2c7a2c3d142859d0e29bc7e7399f24713a
SERVER_TRAFFIC_SECRET_0 b93d248b6a6f3dc26f91f7d058922f1be8c31e0e7676d02531303ba6608de61d 2d935256ab51b44eb1b2bfb34138476366c2b41716d8baae160c732a37bbc0a0
SERVER_HANDSHAKE_TRAFFIC_SECRET f6361fa8d7e5514141d3cee5bfaad5a161701091c4a0437c51c27bfcc608cd67 141b3711cee452c9e91bd597d9ce5450c759267668c548726b38b7e54c826936
CLIENT_HANDSHAKE_TRAFFIC_SECRET f6361fa8d7e5514141d3cee5bfaad5a161701091c4a0437c51c27bfcc608cd67 806609a15505541a1aacac7b8669001a118797fbad4687afb7e2a5558533eb01
SERVER_TRAFFIC_SECRET_0 f6361fa8d7e5514141d3cee5bfaad5a161701091c4a0437c51c27bfcc608cd67 e26a704817713a40161040dab9ac11ec7ad861b381e00b1a8e5f1b76c17d05d8
SERVER_HANDSHAKE_TRAFFIC_SECRET 981072758705df25ba83804ff505db97cbd7ff165e7337fb9f79b6d88ad1c76b 65966c735713dd1056a2e0c49b3a495b1e8092a3260b50d1076a7c90dd03625a
CLIENT_HANDSHAKE_TRAFFIC_SECRET 981072758705df25ba83804ff505db97cbd7ff165e7337fb9f79b6d88ad1c76b 78b81622ea8d625f4fd4fe2fb87962748b49529ac9b2fea749cb975aaf8f5815
SERVER_TRAFFIC_SECRET_0 981072758705df25ba83804ff505db97cbd7ff165e7337fb9f79b6d88ad1c76b 876f45936638f71c3092e36b771e32728b11b295a2f8f56da3883a9902971d89
CLIENT_TRAFFIC_SECRET_0 981072758705df25ba83804ff505db97cbd7ff165e7337fb9f79b6d88ad1c76b bc14240685da9ab671b4f98d83243df4d1b07795f6d873f315d88f539e43dabd
SERVER_HANDSHAKE_TRAFFIC_SECRET 988faf2416b54e805991abd662fc2e488bca2eb9fb6c89e6e7e7ba8d663a6d7e b20eb4ff3e43d264ae91f7c6555eff2bf857a34239f746f27336e8b5593d78ab
CLIENT_HANDSHAKE_TRAFFIC_SECRET 988faf2416b54e805991abd662fc2e488bca2eb9fb6c89e6e7e7ba8d663a6d7e 5a6fcfed33db45443405e64b5eb11c306a3923b522b1b8f67d1d7f89e58e6088
SERVER_TRAFFIC_SECRET_0 988faf2416b54e805991abd662fc2e488bca2eb9fb6c89e6e7e7ba8d663a6d7e 62378c36857437bce5bab104b9641f89176b3ca35dba620970e63c39cfd36ed4
CLIENT_TRAFFIC_SECRET_0 988faf2416b54e805991abd662fc2e488bca2eb9fb6c89e6e7e7ba8d663a6d7e c6775c4d1647dc97b48368bdf4fa52b543229bd61f69e7624337537a0d58f699
SERVER_HANDSHAKE_TRAFFIC_SECRET 50a25798339ec438e562af812f34121ab8b5bbd23d8cacd3324d266949d101af fdc015e612e0f6d875f74d9606dcb1e9442c036c6ce3746115018ed4aa6ec5fb
CLIENT_HANDSHAKE_TRAFFIC_SECRET 50a25798339ec438e562af812f34121ab8b5bbd23d8cacd3324d266949d101af 1376832c6d1ebb42114cccf552546ac943b09ffead9e0b2d543853deb9dbf887
SERVER_TRAFFIC_SECRET_0 50a25798339ec438e562af812f34121ab8b5bbd23d8cacd3324d266949d101af f308cf311c5fdfa3caf3fa6edf2a897e38d1e61f79e3a66827bbd07fd0a7c6c3
SERVER_HANDSHAKE_TRAFFIC_SECRET b3b7fb1339c4bc77db4473682b1bccd1096d45c0e10b1c73164cab1e9625ae5e 311fe7698f34e8b5b9307226b7271bb51a3a91a69766b0e8924f80fe27d37aa7
CLIENT_HANDSHAKE_TRAFFIC_SECRET b3b7fb1339c4bc77db4473682b1bccd1096d45c0e10b1c73164cab1e9625ae5e dfb5d5954b3b98fb25fd97a737ec33c6b87fed7e8f683407a95de93246772aef
SERVER_TRAFFIC_SECRET_0 b3b7fb1339c4bc77db4473682b1bccd1096d45c0e10b1c73164cab1e9625ae5e 1c29d7f7da750e590d308f78143a620753df3ef1d1cc9a45cca8a20a383b89e3
CLIENT_TRAFFIC_SECRET_0 b3b7fb1339c4bc77db4473682b1bccd1096d45c0e10b1c73164cab1e9625ae5e e0ce211dee249803fedc4577691c1e4738c8fc35aefa1942c3d5a3ec87d1bb7c
SERVER_HANDSHAKE_TRAFFIC_SECRET 3c451e99b80c79642a2f98b8bede1a6c9e8048e58f887860277b6f5fd0d14a6a 980923474f74c38d46e5b51780ec57546badf0d2cdcae1f47c4503a0578efa54
CLIENT_HANDSHAKE_TRAFFIC_SECRET 3c451e99b80c79642a2f98b8bede1a6c9e8048e58f887860277b6f5fd0d14a6a d59cdf57968205bd10c9c0397030b6c8486e477f7c900b3ecee4691eb1f124af
SERVER_TRAFFIC_SECRET_0 3c451e99b80c79642a2f98b8bede1a6c9e8048e58f887860277b6f5fd0d14a6a 505e810063e38952492ccbed2339f14750039e1370fe2d6a53ac2fdb701857a5
CLIENT_TRAFFIC_SECRET_0 3c451e99b80c79642a2f98b8bede1a6c9e8048e58f887860277b6f5fd0d14a6a ec1716b78d0cf7445b640a04a83fcb47f2f640b4057e5a4570290d4cc74e673e
SERVER_HANDSHAKE_TRAFFIC_SECRET e3e1e09cea2ace3d8a45efd413920f1b388f7c8818b9f0dbe205cd4608118b33 12a4ae10d3599c5352d684e224635779ca95865fbf7e225f903ea99d38458363
CLIENT_HANDSHAKE_TRAFFIC_SECRET e3e1e09cea2ace3d8a45efd413920f1b388f7c8818b9f0dbe205cd4608118b33 e2369b7f09972aa0ad7d0469e38507a2d7014ef3538a8e56de51ea2798cac995
SERVER_TRAFFIC_SECRET_0 e3e1e09cea2ace3d8a45efd413920f1b388f7c8818b9f0dbe205cd4608118b33 bc6ebecbd84ae6979c9aca168273f89ab33b9439776a4e614dfe3711afc762dd
CLIENT_TRAFFIC_SECRET_0 e3e1e09cea2ace3d8a45efd413920f1b388f7c8818b9f0dbe205cd4608118b33 86b48208519eb3c531e988d69d573d8a5d68638a4e68d403b75bd8a764f74045
SERVER_HANDSHAKE_TRAFFIC_SECRET 4dc1647008917c3b2a4ae6d174bf52a8130ce8bee5b2e967f9071116b8354d57 a46bf914e1d7f07e7ad0330b6cbdbba39a1c06b2ea0dce85e08d5e6cf2943bec
CLIENT_HANDSHAKE_TRAFFIC_SECRET 4dc1647008917c3b2a4ae6d174bf52a8130ce8bee5b2e967f9071116b8354d57 2774851b47613ee320fe68011b923a991854d50ef787ed4b1c1fd03e2f52e0c3
SERVER_TRAFFIC_SECRET_0 4dc1647008917c3b2a4ae6d174bf52a8130ce8bee5b2e967f9071116b8354d57 41f774568bc4591a21f223c580fe496a2cedaca114740f09f6852d67585c840a
CLIENT_TRAFFIC_SECRET_0 4dc1647008917c3b2a4ae6d174bf52a8130ce8bee5b2e967f9071116b8354d57 d574e9a8373c1e102961880e6eeebe1878e24587a8760d3e813c6c7fe0c1ce1c
SERVER_HANDSHAKE_TRAFFIC_SECRET dd7a226eccf47ea3ccdab9b5054c667a7bf4bedc03123014a57d53cbbfd55adc 5237cd3597c77c4a7b53c64ee5578d7f007f05e39eca706f87ae011b41a49460
CLIENT_HANDSHAKE_TRAFFIC_SECRET dd7a226eccf47ea3ccdab9b5054c667a7bf4bedc03123014a57d53cbbfd55adc c4225d5a9f6aff7e6403b5efddf8ed08a1ab11eca90296ffc67ebc2d42bb2091
SERVER_TRAFFIC_SECRET_0 dd7a226eccf47ea3ccdab9b5054c667a7bf4bedc03123014a57d53cbbfd55adc c0c3061d8ebb8f43398b8c3fd47735f29c800b0031d520036b0c25e1f5cc2b8b
CLIENT_TRAFFIC_SECRET_0 dd7a226eccf47ea3ccdab9b5054c667a7bf4bedc03123014a57d53cbbfd55adc 57c8d3bbcb6a1b0d7217bbff6e21b050011a1f4e1c4ebd10f8b5b61cf9a4f609
SERVER_HANDSHAKE_TRAFFIC_SECRET a018483740b0335cb6a04e1f85213acaf3550d35c1df12fc08f49bcdb7a85624 0e6c259a2e61891d9b9862fce4c2d6d2b3aafa523f1b1e889e9f01d99c7d2574
CLIENT_HANDSHAKE_TRAFFIC_SECRET a018483740b0335cb6a04e1f85213acaf3550d35c1df12fc08f49bcdb7a85624 470922a4875ac6d5a620275f98e25c0d257baba4cb4b6585b78ff7164841010d
SERVER_TRAFFIC_SECRET_0 a018483740b0335cb6a04e1f85213acaf3550d35c1df12fc08f49bcdb7a85624 99ca367000ffa21c8b47c4b74876bda46a8f1d2abc55afa896f910285e61fd3d
SERVER_HANDSHAKE_TRAFFIC_SECRET 08248fafdc81f447ad4975d1669feb7b63b560745395cd8d2d771f98e7bde961 1468fa4042402d43d59cbefa9e76b3c294a4bc8e9cee30142954e0461af70b17
CLIENT_HANDSHAKE_TRAFFIC_SECRET 08248fafdc81f447ad4975d1669feb7b63b560745395cd8d2d771f98e7bde961 c76eb1e7aa85b1ce93d680f985a115fc35ab9955191ac941520231f3e436bd1d
SERVER_TRAFFIC_SECRET_0 08248fafdc81f447ad4975d1669feb7b63b560745395cd8d2d771f98e7bde961 8381360453f228fe9c4d445a6ebf495e974f6ac88560fb29f0ce1d8879da8f00
CLIENT_TRAFFIC_SECRET_0 08248fafdc81f447ad4975d1669feb7b63b560745395cd8d2d771f98e7bde961 2bc724fb5f1d87d8d174ffc786309394ab301f5bc61331d3f48745574d778e15
SERVER_HANDSHAKE_TRAFFIC_SECRET 874ff3e5417186129e6dd31f9477762b8f5ef1afae3b25fcf4b2f3560bc960e4 039938a47674302eac67775ab4d3656f90961809f83bd7f1e8a4362af536a922
CLIENT_HANDSHAKE_TRAFFIC_SECRET 874ff3e5417186129e6dd31f9477762b8f5ef1afae3b25fcf4b2f3560bc960e4 3a6c5f8434eded47e501635b6a09c05baa575a6449b7f5938e229fd3ffa52e0b
SERVER_TRAFFIC_SECRET_0 874ff3e5417186129e6dd31f9477762b8f5ef1afae3b25fcf4b2f3560bc960e4 6d2f81132b2ddb92a3df35230a4216c846828e6ed0a6bf221ed6069245819d4b
CLIENT_TRAFFIC_SECRET_0 874ff3e5417186129e6dd31f9477762b8f5ef1afae3b25fcf4b2f3560bc960e4 5d29509abebfc3615191bd1e956f78e9b9f6988bb17e9323c9667ac9f239432f
SERVER_HANDSHAKE_TRAFFIC_SECRET 4cf401e59c6858e2c30d550c28a5a18d6104a7d87eaa0af8814e3703f43555a8 ed9cf4c1affbc371afa6e910a1754e1bc2e82c4eed3733e837bb55a890fe9a65
CLIENT_HANDSHAKE_TRAFFIC_SECRET 4cf401e59c6858e2c30d550c28a5a18d6104a7d87eaa0af8814e3703f43555a8 c7238bfeccfd8f72c861a6f0be60a956cbc600a5a3bd53e5a7eac09bb959f897
SERVER_TRAFFIC_SECRET_0 4cf401e59c6858e2c30d550c28a5a18d6104a7d87eaa0af8814e3703f43555a8 4be54511c4d898ac44818372d9645dbde5af610529920defd04ee150ae0f5579
CLIENT_TRAFFIC_SECRET_0 4cf401e59c6858e2c30d550c28a5a18d6104a7d87eaa0af8814e3703f43555a8 aef564a8af95d2383624408182a98667122a380c360e79d8096da0bef6e51141
SERVER_HANDSHAKE_TRAFFIC_SECRET 3485b9a8dc8ffad299aa35b4d156d3b95aa949739ddd069ee76b2a3061177fb4 640cb8f899a6a4c9083d0a57db5588044f56f435a76094aeb1ec080ddaee5245
CLIENT_HANDSHAKE_TRAFFIC_SECRET 3485b9a8dc8ffad299aa35b4d156d3b95aa949739ddd069ee76b2a3061177fb4 01d8a8711867a0aa11fa69e40a3a0e07cb9d0a74f334a0ac3302e78c582b53f9
SERVER_TRAFFIC_SECRET_0 3485b9a8dc8ffad299aa35b4d156d3b95aa949739ddd069ee76b2a3061177fb4 99555f012c21f9a7b850cac89cb1d8f44fb37b5ba9c0385166c3835a208d2975
SERVER_HANDSHAKE_TRAFFIC_SECRET 2cb3091e2750733bc910aff8eefad5f5141b078ec9b6f9a3756f74cd4aa75188 b19c3ee654b17379c043edc7c4f7e6163493034f1e6f42bf53a07065afaa0e91
CLIENT_HANDSHAKE_TRAFFIC_SECRET 2cb3091e2750733bc910aff8eefad5f5141b078ec9b6f9a3756f74cd4aa75188 26a9e8f5954042c65edd0f093991dba1923b930bfd23eefe78e3c890240c4d7b
SERVER_TRAFFIC_SECRET_0 2cb3091e2750733bc910aff8eefad5f5141b078ec9b6f9a3756f74cd4aa75188 46ed25dc9ccd2d68a28660f50b140c27c1a267778144f9e20509d29a851d2645
SERVER_HANDSHAKE_TRAFFIC_SECRET 81ae737ada5039a7164d128e8815f1f2e379b2d4a3512faab894c9d20516792d 00c4a1c0a93f80fc1447377b984f1010e0e258f8bd49ee57f5b8a2a797ffe869
CLIENT_HANDSHAKE_TRAFFIC_SECRET 81ae737ada5039a7164d128e8815f1f2e379b2d4a3512faab894c9d20516792d 3cfca7fdc3eaf67189ca222faadde83e4fb200306cffada7d8329e697b9998ea
SERVER_TRAFFIC_SECRET_0 81ae737ada5039a7164d128e8815f1f2e379b2d4a3512faab894c9d20516792d c4e61d57bd8e2f4ced41d7d6ec3742c74887c7977e7c2a52adbb90a2e3ff34e4
SERVER_HANDSHAKE_TRAFFIC_SECRET 2a0b289a346cfd873424407fcf7504b58ad44c5b8c62efb16b5eed74bcdb3c33 2a7a3daf71bc060fa358f20faca54be9ef71bcea9d3551ecc63d8b7f379ddcac
CLIENT_HANDSHAKE_TRAFFIC_SECRET 2a0b289a346cfd873424407fcf7504b58ad44c5b8c62efb16b5eed74bcdb3c33 3c63d44981de843b866a390660689b8c4bde2ac472d28fa771ba6b72b8a8c180
SERVER_TRAFFIC_SECRET_0 2a0b289a346cfd873424407fcf7504b58ad44c5b8c62efb16b5eed74bcdb3c33 cecc33690cca2c059edeedf8beabc383859fec433358c481c085bc3a65bb708e
CLIENT_TRAFFIC_SECRET_0 2a0b289a346cfd873424407fcf7504b58ad44c5b8c62efb16b5eed74bcdb3c33 42d7eec61850da58e27e2fd2372c4dd292d357df38ea3cd04805b1e2a6473c43
SERVER_HANDSHAKE_TRAFFIC_SECRET 0e834d6842f7a41816507624007a6c22801c5309d7e53607cd5b3cd756d79b83 fb7012c1d729a24ed7b11c1234218e093f53300f1a2858ba3b7775dc13946ada
CLIENT_HANDSHAKE_TRAFFIC_SECRET 0e834d6842f7a41816507624007a6c22801c5309d7e53607cd5b3cd756d79b83 68017bd07832e5a8749bdd261cac85119f5468b7eb38aa1dafda3c2b5c23b286
SERVER_TRAFFIC_SECRET_0 0e834d6842f7a41816507624007a6c22801c5309d7e53607cd5b3cd756d79b83 039531c6137548f93e55c4c5fa048ea59aac64954d30f038382ae66d887229e2
SERVER_HANDSHAKE_TRAFFIC_SECRET 0b35baea63a846c1f9776e7dbea345dfa99285a7d7ed80a8887962a0dc400ee9 caf1169a732b58499ab4b1bc6776d4593f2d9e1aab2c2aa75bf933ef4475b3af
CLIENT_HANDSHAKE_TRAFFIC_SECRET 0b35baea63a846c1f9776e7dbea345dfa99285a7d7ed80a8887962a0dc400ee9 a5ed0f0cb8bb2b082b9ed0a4faa279e227a5a07b6881ce1b1ab0ec228a51438d
SERVER_TRAFFIC_SECRET_0 0b35baea63a846c1f9776e7dbea345dfa99285a7d7ed80a8887962a0dc400ee9 492d826e7c04019c0832c2ae504f4abe6b4ffee09a25d5ae979191f9872490d4
CLIENT_TRAFFIC_SECRET_0 0b35baea63a846c1f9776e7dbea345dfa99285a7d7ed80a8887962a0dc400ee9 46a6ccfb2d67426cfd2e1aadbc6056d5b51ec46acaf2b9ea7487ddc0ab571b1d
SERVER_HANDSHAKE_TRAFFIC_SECRET 30fcb5f07e6261185152aa23ceb95d10a812e1125960566ffbc63df1e91bd588 d168b517aba744742814952aace469a2aa904adcf0678555a4b6fcb3482f9177
CLIENT_HANDSHAKE_TRAFFIC_SECRET 30fcb5f07e6261185152aa23ceb95d10a812e1125960566ffbc63df1e91bd588 9bbf456ee31ad648ef1ab60ce042ea7a86e892ded3d457d8053feea41c7ba3b9
SERVER_TRAFFIC_SECRET_0 30fcb5f07e6261185152aa23ceb95d10a812e1125960566ffbc63df1e91bd588 2ffcb9507baf072e369370924e7ec4af7c142d3b48f72c309529148a5c4512d9
SERVER_HANDSHAKE_TRAFFIC_SECRET cd7f26f83cce3934d79e18fc4d21afc087b93c7c8c3e80ae05d9623bb317af7b c0944cf9c8f4502e558185e5db46e79a5fe76e9b42d2da8fb4123bc157e3d883
CLIENT_HANDSHAKE_TRAFFIC_SECRET cd7f26f83cce3934d79e18fc4d21afc087b93c7c8c3e80ae05d9623bb317af7b a701e3a8248c00e47be09a1b01aa14f44e4b240ff74d30bcf133a9b9fce9abf2
SERVER_TRAFFIC_SECRET_0 cd7f26f83cce3934d79e18fc4d21afc087b93c7c8c3e80ae05d9623bb317af7b 8940203b6fb4e094d85eee1dedc249e7f57ed806cc19e9325ca68bf1e2b3143b
CLIENT_TRAFFIC_SECRET_0 cd7f26f83cce3934d79e18fc4d21afc087b93c7c8c3e80ae05d9623bb317af7b a5615527303f4815da19dd26db79e07c2ce48c44872fcbd0302ded8d766dd7a0
SERVER_HANDSHAKE_TRAFFIC_SECRET c043410771cbc42fbec16df259d9649095926b4a754f68d9fee05c81e056f65f f3a07c193f4f2c10470928611a010d27688635b52e4dddec34af70531adaf8e8
CLIENT_HANDSHAKE_TRAFFIC_SECRET c043410771cbc42fbec16df259d9649095926b4a754f68d9fee05c81e056f65f 2dc8ead94767db97a8839c58edb367aebf9ee786088695a189080aeb16da2e34
SERVER_TRAFFIC_SECRET_0 c043410771cbc42fbec16df259d9649095926b4a754f68d9fee05c81e056f65f feb548e4a48050cd626bba250f195a5c61d796fdf3ec7a386d5c4f553fd78600
SERVER_HANDSHAKE_TRAFFIC_SECRET bfa8d265d79b998b701b9cc95fc585b37be6efc5d69e612baed7b127c93d6597 2216c4cb9d058776fe8e9b029a374272cfd57e157659cbccacdbda1bd4da6f62
CLIENT_HANDSHAKE_TRAFFIC_SECRET bfa8d265d79b998b701b9cc95fc585b37be6efc5d69e612baed7b127c93d6597 3f9ef748c6be5a84ed54ea5d815b37664c4a8b6893bea29309c5130ce1aaaa7e
SERVER_TRAFFIC_SECRET_0 bfa8d265d79b998b701b9cc95fc585b37be6efc5d69e612baed7b127c93d6597 bd567bc476ab9492a2f959eb0f697c02fb90f0d9463389f9eb9fd5e011931625
CLIENT_TRAFFIC_SECRET_0 bfa8d265d79b998b701b9cc95fc585b37be6efc5d69e612baed7b127c93d6597 b573c48adfc27e3c8bd0628d971a55287d38cfe64a9cc266ce7e4e9707910f0c
SERVER_HANDSHAKE_TRAFFIC_SECRET 6ffb9000ee8d2e64223211ff57888528b41a0bf9c7bbb99ba19581f614a2350a 0c485ccdca81ca9eda5f7ba92ff4eac51815e35475398dd6a988fb425eb3e1bc
CLIENT_HANDSHAKE_TRAFFIC_SECRET 6ffb9000ee8d2e64223211ff57888528b41a0bf9c7bbb99ba19581f614a2350a 8e4ccd99b1d0216bc594053b3d5e4ddafe83252e39cabfe9b16e76c3b3e315d1
SERVER_TRAFFIC_SECRET_0 6ffb9000ee8d2e64223211ff57888528b41a0bf9c7bbb99ba19581f614a2350a c7235d75ba237ce2ef508b06dd6d576fb24655dbd3b2d945e6bea442cc970df6
CLIENT_TRAFFIC_SECRET_0 6ffb9000ee8d2e64223211ff57888528b41a0bf9c7bbb99ba19581f614a2350a 79a64e4142a0aac37038c5244b8cbc9b95937debcbcfcccb6b12dc01912a0598
SERVER_HANDSHAKE_TRAFFIC_SECRET 555a6f09586b5f1704bf44da3871c3abaeb1c5f3429ae97d38e04570d7852008 16f7cf5efd63da5e5cde63b0b69d719146c7c3a6f2501fd3a8c74eff214efaad
CLIENT_HANDSHAKE_TRAFFIC_SECRET 555a6f09586b5f1704bf44da3871c3abaeb1c5f3429ae97d38e04570d7852008 3ab05e8894a2d7220dbc3617faff8d96371ea1b35ba840195bdf47421759910f
SERVER_TRAFFIC_SECRET_0 555a6f09586b5f1704bf44da3871c3abaeb1c5f3429ae97d38e04570d7852008 f1d6117488213b5978f5ddc1de95eae1b62fc7f2aad20b72d30ad32265c63e28
CLIENT_TRAFFIC_SECRET_0 555a6f09586b5f1704bf44da3871c3abaeb1c5f3429ae97d38e04570d7852008 ad957156212944be33d21104c576fdbf90d840fef5658ae9c946eaefabad7c7a
SERVER_HANDSHAKE_TRAFFIC_SECRET 1c730e13f2404a3d550356ed9fed7922ff309ebd667c7f9c5bf9311d270b2f5a 72b9d20fe78948d615f287c2d916b4c2463e2342cf95c9d0cd53908a11f342d5
CLIENT_HANDSHAKE_TRAFFIC_SECRET 1c730e13f2404a3d550356ed9fed7922ff309ebd667c7f9c5bf9311d270b2f5a 2c0ec512575e19a021947c4b534dc24036bf4b73646ef8bab79d48db05757ef2
SERVER_TRAFFIC_SECRET_0 1c730e13f2404a3d550356ed9fed7922ff309ebd667c7f9c5bf9311d270b2f5a b143c3b778026c3741ab5db89a09746c31de71e92e59f01ccdf1b93a8b171969
CLIENT_TRAFFIC_SECRET_0 1c730e13f2404a3d550356ed9fed7922ff309ebd667c7f9c5bf9311d270b2f5a 73860a768c7fb371710baf74c5ac3ba5228c2d40d62a377104912370d7921d1b
SERVER_HANDSHAKE_TRAFFIC_SECRET 295629f4e7247244c5dde126b8e109f523cf10a55798203ae0b53036433ba64f 841c296798eb74893fae1d1a768449f77078d1c9c6e64147513ad1e1b4dd30d6
CLIENT_HANDSHAKE_TRAFFIC_SECRET 295629f4e7247244c5dde126b8e109f523cf10a55798203ae0b53036433ba64f 0b1be66edc350fb23fe31745da19a4f168d02474025f3e91b429d4c4a1f31b5d
SERVER_TRAFFIC_SECRET_0 295629f4e7247244c5dde126b8e109f523cf10a55798203ae0b53036433ba64f da450d9f46ba219ced0ec0b7b09d070b042167258d455324c8ad8917cdb5ea2b
CLIENT_TRAFFIC_SECRET_0 295629f4e7247244c5dde126b8e109f523cf10a55798203ae0b53036433ba64f 44633ee7258b6c27f21103b3858066fccacd13092b56c991a8cb00c18328bf42
SERVER_HANDSHAKE_TRAFFIC_SECRET bed2ea1b66551095d2506f86af45ded251cbbb95156088dfaf465e7b2a8081c6 1eddd9ec2391599531b4bcb1b93ff9b15a90bc08088b910a8b0148d92c6104c7
CLIENT_HANDSHAKE_TRAFFIC_SECRET bed2ea1b66551095d2506f86af45ded251cbbb95156088dfaf465e7b2a8081c6 6c2a00c458de3d4f9e21f17a29784b3ba4286b896c34c8304f03b56624226f7d
SERVER_TRAFFIC_SECRET_0 bed2ea1b66551095d2506f86af45ded251cbbb95156088dfaf465e7b2a8081c6 bc98ec68864920fa40baf836c102fdd955e2d08456c5079f784fd88356279931
SERVER_HANDSHAKE_TRAFFIC_SECRET 8b715c74de9b19d0d423dfe896b26fc1ec725841aba7bd585631720c449b257f b17864b02dbe420c736f60dcddfd6c5d62d6c57da4a145176d987d648f3dddc7
CLIENT_HANDSHAKE_TRAFFIC_SECRET 8b715c74de9b19d0d423dfe896b26fc1ec725841aba7bd585631720c449b257f 9e12bddf1323d15891360c1c44e12b660046e4a58bcad32bb38657b05760cea8
SERVER_TRAFFIC_SECRET_0 8b715c74de9b19d0d423dfe896b26fc1ec725841aba7bd585631720c449b257f 41205beec1939a22643896ef17ce12150dde1b88c03f1a018d7ef3f516aa4464
SERVER_HANDSHAKE_TRAFFIC_SECRET db3986763b2c1b630c87e32e3b3e86e8d1cdffee19ca65ad7a0023d9db8dbf35 1168ec5d4bac8fbe28b0c48e72ac1fedb13777b8f17a7aaa6e671a6fe8850369
CLIENT_HANDSHAKE_TRAFFIC_SECRET db3986763b2c1b630c87e32e3b3e86e8d1cdffee19ca65ad7a0023d9db8dbf35 069e5fe699035b67c9a30019f4608e693e10cc4b7a2d8926b15ef08d6bd3f049
SERVER_TRAFFIC_SECRET_0 db3986763b2c1b630c87e32e3b3e86e8d1cdffee19ca65ad7a0023d9db8dbf35 cd6a690986f6003da82596e32b00bc6b8a37a975d64a178b4c7dfcb5223dcae7
CLIENT_TRAFFIC_SECRET_0 db3986763b2c1b630c87e32e3b3e86e8d1cdffee19ca65ad7a0023d9db8dbf35 cfd545496de5ea6a5cfeb4e69540965e47dfb23917cb38aa58e8eb6c47b6c08a
SERVER_HANDSHAKE_TRAFFIC_SECRET feac31bbd347da98a06cd9d91be702b54bb63f11a3cb0e367ae913efc11b0fd6 df2854a73ccfad872dcf15a5f5dbdeb1fecaf7c8341b6f84f31e3b1e72839ed6
CLIENT_HANDSHAKE_TRAFFIC_SECRET feac31bbd347da98a06cd9d91be702b54bb63f11a3cb0e367ae913efc11b0fd6 91dcac8216c41ee9b2c2d2a7aa59549edb3324fe2c7a28bd6cec0bdf5124d463
SERVER_TRAFFIC_SECRET_0 feac31bbd347da98a06cd9d91be702b54bb63f11a3cb0e367ae913efc11b0fd6 7e1b09b9ef612d1e10775e357e5fe4dccaaeb052de6e3e977d5a8d2ab12ed1be
CLIENT_TRAFFIC_SECRET_0 feac31bbd347da98a06cd9d91be702b54bb63f11a3cb0e367ae913efc11b0fd6 5b6f593dc7e9a64bbfe5737d911ae5dd0ed50b72013fc0cf13743c355616829f
SERVER_HANDSHAKE_TRAFFIC_SECRET 5ea8419d5c31daee4d3e0792a445b6806a051ad2ba03f09943bc9913a6399a1c dcf70d02b95151033faebd45bce0721074c8948023d1f463b9f6b891bd8f41f7
CLIENT_HANDSHAKE_TRAFFIC_SECRET 5ea8419d5c31daee4d3e0792a445b6806a051ad2ba03f09943bc9913a6399a1c de4e023dca1109c66994518548588e74788590660dfa71858fb4e55d218433d9
SERVER_TRAFFIC_SECRET_0 5ea8419d5c31daee4d3e0792a445b6806a051ad2ba03f09943bc9913a6399a1c 909e82119174f2ba080c54db25dd3043748cffae87dd6491ed8e7de942d27268
CLIENT_TRAFFIC_SECRET_0 5ea8419d5c31daee4d3e0792a445b6806a051ad2ba03f09943bc9913a6399a1c 19cc01b0c35fa5ae280a557d60474201a5cafe56217e7b3fdb3be2d2cbd5c9a0
SERVER_HANDSHAKE_TRAFFIC_SECRET bb9d7065e6d7c6b5231bf1bf0fcbddbe525823a88f42de90d2bec2dd199d0b47 b7a2b220f469172afdc84cca8e2088b3367759cb034f9bc596724db9b5c13cd6
CLIENT_HANDSHAKE_TRAFFIC_SECRET bb9d7065e6d7c6b5231bf1bf0fcbddbe525823a88f42de90d2bec2dd199d0b47 23b6f1a2642db38ad1a475b2a354bcd6c365a4d56f3cca5ba1c7ad820d842a64
SERVER_TRAFFIC_SECRET_0 bb9d7065e6d7c6b5231bf1bf0fcbddbe525823a88f42de90d2bec2dd199d0b47 fb3a394f56f5124490d5523ec9cd0961acf81ef3305e9cd69b8b65f9701abf98
CLIENT_TRAFFIC_SECRET_0 bb9d7065e6d7c6b5231bf1bf0fcbddbe525823a88f42de90d2bec2dd199d0b47 7ca5705958c6a8696dffafb54d613f4b22f51bc9600f51ffef896910325dde71
SERVER_HANDSHAKE_TRAFFIC_SECRET fbcf9b910a3ff87df843ca4fff5f80b48854c7757ecdabbdf7c2b71da50481a6 ba3a4d6bdd931626393d347c14382987e6ea52efa58b78886f93d290a735a8d8
CLIENT_HANDSHAKE_TRAFFIC_SECRET fbcf9b910a3ff87df843ca4fff5f80b48854c7757ecdabbdf7c2b71da50481a6 bcb10a91f44be79f6f824f33bf9bc5f2aab452df2fc2abcd091fca54fb373581
SERVER_TRAFFIC_SECRET_0 fbcf9b910a3ff87df843ca4fff5f80b48854c7757ecdabbdf7c2b71da50481a6 e499ef042df5cb4763f737e27c4fc05dd0b27d326d32e851f56293c26eacff3a
CLIENT_TRAFFIC_SECRET_0 fbcf9b910a3ff87df843ca4fff5f80b48854c7757ecdabbdf7c2b71da50481a6 50d204c58becd52ef304d7ec7521a18c7cc995d5d231319c96be64fb0a9a5986
SERVER_HANDSHAKE_TRAFFIC_SECRET 0b3ec53cd813326b5f4bf7365b9a728101e6035e0930f449919d43256b131a4c 3e770c84b784862f79e337711ca1cf5f25d7147b415cf0f37b9dcb830b9723fa
CLIENT_HANDSHAKE_TRAFFIC_SECRET 0b3ec53cd813326b5f4bf7365b9a728101e6035e0930f449919d43256b131a4c 4ab6ba64d4dd5da9d8b59831397aab78d92bf3fe6b19a1288ed437372ca6a363
SERVER_TRAFFIC_SECRET_0 0b3ec53cd813326b5f4bf7365b9a728101e6035e0930f449919d43256b131a4c eb3b23e5184160d6df7ba7bce78eaacc1ec76841a8fd5dc5a46cbddf4b3642fa
CLIENT_TRAFFIC_SECRET_0 0b3ec53cd813326b5f4bf7365b9a728101e6035e0930f449919d43256b131a4c cd3fb219096c00f1a450abf802f59093ccf542bf99912687ca50ecd8adf19d4d
SERVER_HANDSHAKE_TRAFFIC_SECRET 43c3ef0ec3b3b132a86583808c5683c1939a6c5e4b2801f6d9faa366326d8e0b 0944fcffee05f5de2b9c4012fad498d4f6b0d50e8c55d9d3282552d17c781472
CLIENT_HANDSHAKE_TRAFFIC_SECRET 43c3ef0ec3b3b132a86583808c5683c1939a6c5e4b2801f6d9faa366326d8e0b 1717515fe4b93ed6c9ff612214ab229bdc656999124eeaa9708d0683d02964cf
SERVER_TRAFFIC_SECRET_0 43c3ef0ec3b3b132a86583808c5683c1939a6c5e4b2801f6d9faa366326d8e0b 527b196068c62402a61a0055171d0f088500e181d2ce3cc166b478bbd0e67cfd
CLIENT_TRAFFIC_SECRET_0 43c3ef0ec3b3b132a86583808c5683c1939a6c5e4b2801f6d9faa366326d8e0b c0272346a40dacde56b0339bdd12b76e0f0ff4ffa5c0b7eea159e033dc0be0bc
SERVER_HANDSHAKE_TRAFFIC_SECRET 02f28df808153b8430b636147d99b74e0be418f9c5792db035b2a53be3e70c65 346ef6f37603a4077e7758c0bb543c92e8be7c0792dfbb87ec0a482343e3f1d1
CLIENT_HANDSHAKE_TRAFFIC_SECRET 02f28df808153b8430b636147d99b74e0be418f9c5792db035b2a53be3e70c65 ca2d80d982d73eaf2bf0e2e5f67d28a14b57b9a3c988f29d992205f2d8dfda77
SERVER_TRAFFIC_SECRET_0 02f28df808153b8430b636147d99b74e0be418f9c5792db035b2a53be3e70c65 f052c3f765bcf92ab2fb77747ed04caad04c7bf55686741329de73574e123641
CLIENT_TRAFFIC_SECRET_0 02f28df808153b8430b636147d99b74e0be418f9c5792db035b2a53be3e70c65 548b4608ff3079fc8a86afb0f1f090438adde399ad51b6c1a4062fe0f36d7749
SERVER_HANDSHAKE_TRAFFIC_SECRET f54902a38acb3565447a3d74f70a525f6a65fffc25e50aea3c4c6def5ac1f2b6 5ee11913ccb0f0f62400f9433dec5635699bb5ed80665e2c60a17ea855ff6cc8
CLIENT_HANDSHAKE_TRAFFIC_SECRET f54902a38acb3565447a3d74f70a525f6a65fffc25e50aea3c4c6def5ac1f2b6 437ddc0bda238ef72171ae3daf3856b850be6fb9e86d3ba77ea6973d806c2d7a
SERVER_TRAFFIC_SECRET_0 f54902a38acb3565447a3d74f70a525f6a65fffc25e50aea3c4c6def5ac1f2b6 c7178fa794e56cfb4baf0480353b719c4e81fbd61e64f90732db6ce58cf3168e
CLIENT_TRAFFIC_SECRET_0 f54902a38acb3565447a3d74f70a525f6a65fffc25e50aea3c4c6def5ac1f2b6 b349b48090283fc7c9bc28edce25110e088be8f0ae5bb4bdf13503ed330f3931
SERVER_HANDSHAKE_TRAFFIC_SECRET 394df239cf815411d03312b7f9103c4c8bf16b9801b8188f725db3ee500fc489 cc85ee7837063cf5384770248c8ec02c92906f90e66d1a1b4b424cbb0f019be8
CLIENT_HANDSHAKE_TRAFFIC_SECRET 394df239cf815411d03312b7f9103c4c8bf16b9801b8188f725db3ee500fc489 47ee12e25d105edc2c8db652c2535b51c5ea5467eae9fd68d71b91bc05606770
SERVER_TRAFFIC_SECRET_0 394df239cf815411d03312b7f9103c4c8bf16b9801b8188f725db3ee500fc489 490061dd93566b4967d6bb944c9ce0a05afd8bc325cb94088bd1bee96fa8958b
CLIENT_TRAFFIC_SECRET_0 394df239cf815411d03312b7f9103c4c8bf16b9801b8188f725db3ee500fc489 8a3b15dc57790e6a2ddc626883a8c397b25d0d5abaa8c237c38febb0eaa64048
SERVER_HANDSHAKE_TRAFFIC_SECRET ea4f61b096acb38a86d694a48c6d2b9845a66a806742c483ddac054936e56b4c 5c0b5d37e1798e07f200d7c8b418bebc34d1623ad1fd548a0d9467d26beecf68
CLIENT_HANDSHAKE_TRAFFIC_SECRET ea4f61b096acb38a86d694a48c6d2b9845a66a806742c483ddac054936e56b4c ca698510b454c70bbdb0935307b5cd8c848285e47483710ac203f9ad949e8b75
SERVER_TRAFFIC_SECRET_0 ea4f61b096acb38a86d694a48c6d2b9845a66a806742c483ddac054936e56b4c d817786dd9d119078774fd8ef6c0c02e6b1ac64b31dc5418f96eac7cbb7d77e5
CLIENT_TRAFFIC_SECRET_0 ea4f61b096acb38a86d694a48c6d2b9845a66a806742c483ddac054936e56b4c 21a8d44eefec1c8eaa18c94e59647dd3fc22a1fe27545a08b7824f212b6c24e0
SERVER_HANDSHAKE_TRAFFIC_SECRET 78afafe7172dfc9eea822c1d7c2f995c4b3d4d5e6a73ae273770cefc6befa7e4 eea71c6f684d0847ef1094b1162b6d024a0c3a5ee730cab955593faf19b9f73b
CLIENT_HANDSHAKE_TRAFFIC_SECRET 78afafe7172dfc9eea822c1d7c2f995c4b3d4d5e6a73ae273770cefc6befa7e4 b48117211acd87b71d13ecb893c7abb2de37649af95f7b7d49dc3c523b87acfe
SERVER_TRAFFIC_SECRET_0 78afafe7172dfc9eea822c1d7c2f995c4b3d4d5e6a73ae273770cefc6befa7e4 763e6732176032b231e09ea0c79a567be171149e6c99691af2e7a4ad34753fb6
SERVER_HANDSHAKE_TRAFFIC_SECRET 6601954ab727e64defde8e413b906c4b8d5f5c3afb8f1da93425e1c94fc32945 167d599bc070bf4dd45cdb690ef8320a214559804108de7e49bc790765470485
CLIENT_HANDSHAKE_TRAFFIC_SECRET 6601954ab727e64defde8e413b906c4b8d5f5c3afb8f1da93425e1c94fc32945 d50bc1a0cf91fbdff4b796b1e6303bfe869df7927fc3c510002cbfb83e8b032e
SERVER_TRAFFIC_SECRET_0 6601954ab727e64defde8e413b906c4b8d5f5c3afb8f1da93425e1c94fc32945 e596b410ba2fde1f607ab16aa302a90c02a8ba5c82e23f5b2e5a348d820542f6
CLIENT_TRAFFIC_SECRET_0 6601954ab727e64defde8e413b906c4b8d5f5c3afb8f1da93425e1c94fc32945 d8938f6cdd3900978dee3d8051555cb8c800bf6eb7381a471ad2a08f10c5f9e0
SERVER_HANDSHAKE_TRAFFIC_SECRET 2ece90359cd9c27a48fffc4e6d01502480e1a8af171984be57391fb9bc221c9b c2d79457b1b6c9b432b40e8055eb45049314e5f0b922556a59e0002e3615cb00
CLIENT_HANDSHAKE_TRAFFIC_SECRET 2ece90359cd9c27a48fffc4e6d01502480e1a8af171984be57391fb9bc221c9b 5ed93d86568e54d4dc649c1253598ebd4dbadf46c848a4cdf37229ba7fe52b2a
SERVER_TRAFFIC_SECRET_0 2ece90359cd9c27a48fffc4e6d01502480e1a8af171984be57391fb9bc221c9b 405781614b015872aca4ab5fa8f22a7a70f1aa48f006434091a063a0d86ba8e3
SERVER_HANDSHAKE_TRAFFIC_SECRET 132d3f63a4c1fcbd8ee585cbb2a8caaea3b9e3d7829f56fa3e39b0034e63aae9 c8f24771544fa6f7170c997b74799c2f83fd2a66a358f02be5a5a707c2bf5999
CLIENT_HANDSHAKE_TRAFFIC_SECRET 132d3f63a4c1fcbd8ee585cbb2a8caaea3b9e3d7829f56fa3e39b0034e63aae9 7da3a3696e94584dfa5e5399fbd49608e6522993dfd526f22b690ac7bf9c0dcf
SERVER_TRAFFIC_SECRET_0 132d3f63a4c1fcbd8ee585cbb2a8caaea3b9e3d7829f56fa3e39b0034e63aae9 96c09fdb0409b2a80d975df6c3acce4aa6d679093f53d7649f9ec2d71436c725
CLIENT_TRAFFIC_SECRET_0 132d3f63a4c1fcbd8ee585cbb2a8caaea3b9e3d7829f56fa3e39b0034e63aae9 bb7896270aa8e8013d9a75b867838f9288d657acd884d26c79ebc18d1e0834fd
SERVER_HANDSHAKE_TRAFFIC_SECRET c8be957e255ec361054e4ba3fae0f1ac349e33f9e547cd068ce240dc696f0c23 8218c3d12b70a40f585cf98967e811daf88d29d6c2ac407aa6d5223dd7b5c0e7
CLIENT_HANDSHAKE_TRAFFIC_SECRET c8be957e255ec361054e4ba3fae0f1ac349e33f9e547cd068ce240dc696f0c23 9dfce87173f9263db970d836c3a71c06973ff5a2221585b572ece353794262e1
SERVER_TRAFFIC_SECRET_0 c8be957e255ec361054e4ba3fae0f1ac349e33f9e547cd068ce240dc696f0c23 d75d18039c5befb5f5ee028c9bad5227a4dfd3f94251f5043c2fbf7584464c91
CLIENT_TRAFFIC_SECRET_0 c8be957e255ec361054e4ba3fae0f1ac349e33f9e547cd068ce240dc696f0c23 dead78604b95d49b140720d179f60b728a56880276808c71835bc0171538ecab
SERVER_HANDSHAKE_TRAFFIC_SECRET 96e1a41db0fdede524fa67ef0eefea380e6eee8a32b84f3adbc1569e2868590e 8ce6d38d125f492997f68bcff99479daa958a3df3134cfe507b9041e5c98d138
CLIENT_HANDSHAKE_TRAFFIC_SECRET 96e1a41db0fdede524fa67ef0eefea380e6eee8a32b84f3adbc1569e2868590e a0559228d56625c426599c8b9904a43bfe5afabf37019fd7543fac1350234ccd
SERVER_TRAFFIC_SECRET_0 96e1a41db0fdede524fa67ef0eefea380e6eee8a32b84f3adbc1569e2868590e 344b007cf6f2d651ce5d8494b6bace8215665398e3a023bfb5e50c87d257e866
CLIENT_TRAFFIC_SECRET_0 96e1a41db0fdede524fa67ef0eefea380e6eee8a32b84f3adbc1569e2868590e 563179704f0086f8b6e7d5ee36b3f66e2d28a85e3da93bd16c354da8625a8a82
SERVER_HANDSHAKE_TRAFFIC_SECRET 89633b3d748b3a4af083ecdb2e24e935920b7528df5b6e7a8ce2294aa7dbdf86 4c33f12bf8436503911e488b1d8f7dc7d474fd87b88100645a842dcdab390b0e
CLIENT_HANDSHAKE_TRAFFIC_SECRET 89633b3d748b3a4af083ecdb2e24e935920b7528df5b6e7a8ce2294aa7dbdf86 268934c594ecc8ab56b3c23cba2319c298363d5574651e7ea55c6f154045463e
SERVER_TRAFFIC_SECRET_0 89633b3d748b3a4af083ecdb2e24e935920b7528df5b6e7a8ce2294aa7dbdf86 90e5a312946e7838628f30ce7933821cbcce337ca7f26429d9c7cf169f6a44e3
CLIENT_TRAFFIC_SECRET_0 89633b3d748b3a4af083ecdb2e24e935920b7528df5b6e7a8ce2294aa7dbdf86 6f5d57fccb5df228b3c8e9c3429547d10ee6805fd511c39296c6e611a6a17be1
SERVER_HANDSHAKE_TRAFFIC_SECRET ce48f4d1706c5e4f2fe6a6c9681b6af3898bff3ada45ceb7c4a9aa0e873a2d0c 110e7c1d8ac6c883b913e6cbd7e80e3f5ce239441748b0290772cf5d23a751cf
CLIENT_HANDSHAKE_TRAFFIC_SECRET ce48f4d1706c5e4f2fe6a6c9681b6af3898bff3ada45ceb7c4a9aa0e873a2d0c 98161889af1e0f0bc4c5cdf126c6601a37fe9104ad70337f0c91489d7540dc51
SERVER_TRAFFIC_SECRET_0 ce48f4d1706c5e4f2fe6a6c9681b6af3898bff3ada45ceb7c4a9aa0e873a2d0c 15637ae2b00ef907aa0d3427a76fe08c8f453d41ed0f6ecba5ad66a3905da634
CLIENT_TRAFFIC_SECRET_0 ce48f4d1706c5e4f2fe6a6c9681b6af3898bff3ada45ceb7c4a9aa0e873a2d0c 924e73e2888a89a0d7a65dd5af979c1356c1c115ec41b40993c17ce20bf0327a
SERVER_HANDSHAKE_TRAFFIC_SECRET 51f783c92f1baa944264d3f059ddab37d50a300f387b5010e7fcea28f6303349 1d5d307257a2c3f03cf51e1a180ee2a8a2ff6dde2dcbc5b47f009a2dcef62ff6
CLIENT_HANDSHAKE_TRAFFIC_SECRET 51f783c92f1baa944264d3f059ddab37d50a300f387b5010e7fcea28f6303349 ab606b2503d2a4ca64331baf948bad7810a88875b1f29090f12b1becb06f3586
SERVER_TRAFFIC_SECRET_0 51f783c92f1baa944264d3f059ddab37d50a300f387b5010e7fcea28f6303349 765380ba9426a2d07731aac22b55b454d590863db86b079074bceaebda3a86cf
SERVER_HANDSHAKE_TRAFFIC_SECRET d0c64368de85ef41edc7cf53a2f1463bdcfebe41b57b089ed1276ef272954e8a 928bac027c968305e5f754e73aa9e3be18b622810be3e12ea6d8a82f64a966ea
CLIENT_HANDSHAKE_TRAFFIC_SECRET d0c64368de85ef41edc7cf53a2f1463bdcfebe41b57b089ed1276ef272954e8a 6b6637ad39cabeaffccce4aa177256e38d2a9934fe5ba3bf7470ac7dad6f08a4
SERVER_TRAFFIC_SECRET_0 d0c64368de85ef41edc7cf53a2f1463bdcfebe41b57b089ed1276ef272954e8a 528ad14b60f10e94be2e8ead4c354644dc76f9f13eb68635f85f286ae3b7539b
CLIENT_TRAFFIC_SECRET_0 d0c64368de85ef41edc7cf53a2f1463bdcfebe41b57b089ed1276ef272954e8a a79e1ebbb6a7b9a99ce8852885d6ed2e35e0b99043a586d25abc3ea459175c0b
SERVER_HANDSHAKE_TRAFFIC_SECRET 27a71db6f329a75c61e0f0ea950cf4e8a24644f3fa2400767499aaeb1f5a8304 c4c449d0dbd646bdd20061d3879913db69dcede88637627a0dcf3eb36a677e95
CLIENT_HANDSHAKE_TRAFFIC_SECRET 27a71db6f329a75c61e0f0ea950cf4e8a24644f3fa2400767499aaeb1f5a8304 43fcb22f0be9d798ec8258f0da337f75d0b038d71dd825e310a86520e88d491c
SERVER_TRAFFIC_SECRET_0 27a71db6f329a75c61e0f0ea950cf4e8a24644f3fa2400767499aaeb1f5a8304 937b02aede0e27ed450e6cd1ab4f04c8d4e533cce144b6d377597f440e720288
SERVER_HANDSHAKE_TRAFFIC_SECRET db440d4a5f1c7ff85230ea0acd680d7af477e38e66d433f6cd6410cbf20dfe67 38996dd752892f9b90f861614717ecfe93f2702dc360c75d72466de5e0ae45d4
CLIENT_HANDSHAKE_TRAFFIC_SECRET db440d4a5f1c7ff85230ea0acd680d7af477e38e66d433f6cd6410cbf20dfe67 732fb5fbaaf093b3c6a1d23f83e7d609f75adda432de317a2653e8f2739d2543
SERVER_TRAFFIC_SECRET_0 db440d4a5f1c7ff85230ea0acd680d7af477e38e66d433f6cd6410cbf20dfe67 39c329c9158a8a0037fdbcd7ae46465680013675cc00c26bb322c160a2912cb4
CLIENT_TRAFFIC_SECRET_0 db440d4a5f1c7ff85230ea0acd680d7af477e38e66d433f6cd6410cbf20dfe67 d62e6da8d9fb1070a69d7f2feb4ba66812984fe9f2411ba392d1a047c4b8828a
SERVER_HANDSHAKE_TRAFFIC_SECRET ce191b8826ad3924ff9568e367a885fa66ded439555b56f27d1b70784634bc96 9b514844c9a0278e65a7b5eacdd6df59f433231131c5e6c027aaa39d5d0c27ca
CLIENT_HANDSHAKE_TRAFFIC_SECRET ce191b8826ad3924ff9568e367a885fa66ded439555b56f27d1b70784634bc96 4b45e8838a175497fd34cfbfb2632c2637b1c3f92fd5edce0dd0c044061c736e
SERVER_TRAFFIC_SECRET_0 ce191b8826ad3924ff9568e367a885fa66ded439555b56f27d1b70784634bc96 f9628f9641b2440244e9262e28d8d7e52dc707745bc3d270a55b6b8e8ae59238
CLIENT_TRAFFIC_SECRET_0 ce191b8826ad3924ff9568e367a885fa66ded439555b56f27d1b70784634bc96 8af643efcdf93d1b5f1d1eadf5dbe06b0075a383da5575532d86810d0b4e056b
SERVER_HANDSHAKE_TRAFFIC_SECRET 8a23865ea3de077f749e997d7a7337d07b3c1fff35c19d3f230a980e5ae6e791 125f46160bf97f551a63524fda541099d4d983fd146e99bf25f0d3bc35a058b0
CLIENT_HANDSHAKE_TRAFFIC_SECRET 8a23865ea3de077f749e997d7a7337d07b3c1fff35c19d3f230a980e5ae6e791 70df8489d628457a91510bbbad723ce940c3379449988e1cdd612d3d2a565b81
SERVER_TRAFFIC_SECRET_0 8a23865ea3de077f749e997d7a7337d07b3c1fff35c19d3f230a980e5ae6e791 74569a84542a2c8aab61c4268d612108801ca0c3eac03ed5767954f5e77d92e7
SERVER_HANDSHAKE_TRAFFIC_SECRET 96126825be350647818ac3eb5cadaaf2d5e9e11253538e44cf4623bc4f784c54 80968afe22312ebe14d8202dc02896c4050cb242b3a775ed9ecfbeee50cf4dda
CLIENT_HANDSHAKE_TRAFFIC_SECRET 96126825be350647818ac3eb5cadaaf2d5e9e11253538e44cf4623bc4f784c54 c3acfc7e68fd6967cbd4567d144ee2cf7c249c460381112025442e9402a80dcd
SERVER_TRAFFIC_SECRET_0 96126825be350647818ac3eb5cadaaf2d5e9e11253538e44cf4623bc4f784c54 8bf8cc3fcae7887f37b046922f54378de97909a5b410e993bf97ca673dacf258
CLIENT_TRAFFIC_SECRET_0 96126825be350647818ac3eb5cadaaf2d5e9e11253538e44cf4623bc4f784c54 5e5334f0059299c52f082014e3737cbc5de379ca379e784cb299b88511adfd03
SERVER_HANDSHAKE_TRAFFIC_SECRET fee4a97860fa8226e1834717a0f2821e02e8828d30f83c1f5d2f933339b7b8f4 e75e3b36a99ef4c70055207b1f4f67e2de8bdca3f858ca4d975de39108762264
CLIENT_HANDSHAKE_TRAFFIC_SECRET fee4a97860fa8226e1834717a0f2821e02e8828d30f83c1f5d2f933339b7b8f4 dd76c899c83d3f6da30f3f27cf372c29437b7ef3c1ebb3fe8e3d073b8c243895
SERVER_TRAFFIC_SECRET_0 fee4a97860fa8226e1834717a0f2821e02e8828d30f83c1f5d2f933339b7b8f4 64b65368a54b0cc7622d8924d90ae745c1bb47c15fe7a16e9e0803ed98b67345
CLIENT_TRAFFIC_SECRET_0 fee4a97860fa8226e1834717a0f2821e02e8828d30f83c1f5d2f933339b7b8f4 b94ae96d618206cb0f5eb9820be31a5a9ddb3f0070990d1fc05385c546a14697
SERVER_HANDSHAKE_TRAFFIC_SECRET 83f7771a8d2157f4b0f9ec2d17f3fe916ff6a2ef6e787b3d8e13799de9a109d3 680f7378e3f8465398924e37bfdc4367a1ccb5cc595ddfdf27cf07ca747d4b2f
CLIENT_HANDSHAKE_TRAFFIC_SECRET 83f7771a8d2157f4b0f9ec2d17f3fe916ff6a2ef6e787b3d8e13799de9a109d3 8c73535a8a7b52d21c5aefa9d25296b2cc8258b37333a6c95bf1c4954bd2b416
SERVER_TRAFFIC_SECRET_0 83f7771a8d2157f4b0f9ec2d17f3fe916ff6a2ef6e787b3d8e13799de9a109d3 a4dadf19dfb8acfd4c666c90f730d16800190032b4845463749580972e4e683b
CLIENT_TRAFFIC_SECRET_0 83f7771a8d2157f4b0f9ec2d17f3fe916ff6a2ef6e787b3d8e13799de9a109d3 0539e8ae161dbdba47207d7f8f6a0f42478c654f701e37c76298f8d75c74cc42
SERVER_HANDSHAKE_TRAFFIC_SECRET 0f7a5176bb18e4f2cdc972fc57976aabc9d76b8280ad606db7bb118c55e7b32e 69e971651a125ab2c81b913c648e5a07351900ea4ed0fd6c530684fb680a468b
CLIENT_HANDSHAKE_TRAFFIC_SECRET 0f7a5176bb18e4f2cdc972fc57976aabc9d76b8280ad606db7bb118c55e7b32e c96ae28f63f96ca376f1b2687bd01b50c359cce5946abfd6d1a102d6384b8688
SERVER_TRAFFIC_SECRET_0 0f7a5176bb18e4f2cdc972fc57976aabc9d76b8280ad606db7bb118c55e7b32e af14d987fe7298a235f8bc333b25a4e3098a93d34657a808a45dce866b384d25
CLIENT_TRAFFIC_SECRET_0 0f7a5176bb18e4f2cdc972fc57976aabc9d76b8280ad606db7bb118c55e7b32e 3204fb14ec7e6f8d2afc4b0bc99fc80cc6721e9e73c988b89e55860d91da712c
SERVER_HANDSHAKE_TRAFFIC_SECRET c44cc372bb60a4ab9d95767bf5739cb06699962a5c90c3690396c309e3eb9743 6f0e1004e657ab9c6fcf6346aa99fd658aa2e599c9289b91ce928a9326d4e4ab
CLIENT_HANDSHAKE_TRAFFIC_SECRET c44cc372bb60a4ab9d95767bf5739cb06699962a5c90c3690396c309e3eb9743 cb95f3afe37cb7cf680f710e3ff3ff1c76e7485e492274c3e6ac943f5dca446b
SERVER_TRAFFIC_SECRET_0 c44cc372bb60a4ab9d95767bf5739cb06699962a5c90c3690396c309e3eb9743 7d29774d2503b0b0ceaffad79e5ffda7d47218fbfafbf6babe83df3ceed7b8ea
SERVER_HANDSHAKE_TRAFFIC_SECRET 1ae99a4da8fdd0c1e8fe2593e8e0ec2ab03d555ea7c6225ed1408529595bb36d 185bb031e53f3bab219f7522f5101a7c3733533cde99c366285736b159c83fe2
CLIENT_HANDSHAKE_TRAFFIC_SECRET 1ae99a4da8fdd0c1e8fe2593e8e0ec2ab03d555ea7c6225ed1408529595bb36d e2a56b3ffa94e4ddd6c56f4669a028b394a1bb3826dffdacb1a162962dce9a77
SERVER_TRAFFIC_SECRET_0 1ae99a4da8fdd0c1e8fe2593e8e0ec2ab03d555ea7c6225ed1408529595bb36d f282310a212296587c1b955966e7a31eea662079f4ce39df6a594e614afd5ab2
CLIENT_TRAFFIC_SECRET_0 1ae99a4da8fdd0c1e8fe2593e8e0ec2ab03d555ea7c6225ed1408529595bb36d a247bbe67bf5f04b637071005e2c285d223c137c6b9164363031ae79c09c147f
SERVER_HANDSHAKE_TRAFFIC_SECRET fea958158c3cee6bb5c79cc423f61f5afb3de61db2855675980b68a39269f0ad c160094cec3e8d6e09e106f722c303214eaa5038d6123ec2e83492c82ea5b3ab
CLIENT_HANDSHAKE_TRAFFIC_SECRET fea958158c3cee6bb5c79cc423f61f5afb3de61db2855675980b68a39269f0ad 8008acc6271408d24cb0948b5a47ff9179ba88f44ce4e98136dd2239bebf30f8
SERVER_TRAFFIC_SECRET_0 fea958158c3cee6bb5c79cc423f61f5afb3de61db2855675980b68a39269f0ad c1ee305b0e8e2ebfcbe9dcaa75cacb6910dff652c30b655d04d9cdc6e277b9dd
SERVER_HANDSHAKE_TRAFFIC_SECRET 211fd50b605413a4f6f77d648d8b4a8061ffac85bbad9b73f256aab7377c70bc 266ca1332897f08941f45da7e67a0640e1773a0e55abf83665b08a856fe81378
CLIENT_HANDSHAKE_TRAFFIC_SECRET 211fd50b605413a4f6f77d648d8b4a8061ffac85bbad9b73f256aab7377c70bc cc6a1f94ee9bce24e4dfc1d612a9938cc862682060aae9090844b549d377f657
SERVER_TRAFFIC_SECRET_0 211fd50b605413a4f6f77d648d8b4a8061ffac85bbad9b73f256aab7377c70bc a0b795526e0a0e9d837b12c995e829a79532d416cda0caf0ad5e77f386cb93fb
SERVER_HANDSHAKE_TRAFFIC_SECRET d7c81b483c495e9f4de2fb33982e85d273798f0e50e11799380d358ca573f804 7b501ded3519b25c1ed2bc75815c6679e999b05920c1752343ac992ac8f75cc2
CLIENT_HANDSHAKE_TRAFFIC_SECRET d7c81b483c495e9f4de2fb33982e85d273798f0e50e11799380d358ca573f804 433a1099660a5d8eeed5ae2ddb551af5eedb462ebefcdfb517a2e3ea9c8e0985
SERVER_TRAFFIC_SECRET_0 d7c81b483c495e9f4de2fb33982e85d273798f0e50e11799380d358ca573f804 2a9e930acf874062946b132efb4724879e49806fecca8562889d7b8ea5b9473d
SERVER_HANDSHAKE_TRAFFIC_SECRET 5cc892ded4f6661028178e792c0a140300b7ca9dc418abd7c8e92aba59d759d4 f297ca0a86761d56788c7a19dfd5cc2d777d49e6e87f6138ca35f21793e39e4c
CLIENT_HANDSHAKE_TRAFFIC_SECRET 5cc892ded4f6661028178e792c0a140300b7ca9dc418abd7c8e92aba59d759d4 e5771c9e97a97f4dca44921280b377cffd4dcafe07ad650a0d312b9ef244f67e
SERVER_TRAFFIC_SECRET_0 5cc892ded4f6661028178e792c0a140300b7ca9dc418abd7c8e92aba59d759d4 20c51831ecb703cd6e10ff78ce35682b312dd9e486b82f2201a55aebdf2ba5a0
SERVER_HANDSHAKE_TRAFFIC_SECRET bcc49f0ffb1c9ace87f309c1b82a0904c9ce10136d54f05bcfefdf2329088d6e 962ea246ca37aaed24a587b36c1d7110e8f7475a57897799bec6bc05961f91b3
CLIENT_HANDSHAKE_TRAFFIC_SECRET bcc49f0ffb1c9ace87f309c1b82a0904c9ce10136d54f05bcfefdf2329088d6e 3984fdfb1645b68d131cc85b3b372c6ade3db42bcd99bb384aec1fde02dd8b09
SERVER_TRAFFIC_SECRET_0 bcc49f0ffb1c9ace87f309c1b82a0904c9ce10136d54f05bcfefdf2329088d6e 1b3f43ba8462346ed27dfa4117e9943dbb9d73cd8204542eb47f26cb58cb8130
CLIENT_TRAFFIC_SECRET_0 bcc49f0ffb1c9ace87f309c1b82a0904c9ce10136d54f05bcfefdf2329088d6e 9a7a712bc9ae6e18c12783efac364392e732107f33cb8b5db86937d6b2352adf
SERVER_HANDSHAKE_TRAFFIC_SECRET 6d13d47e75b867c6c39ba07ea07cb898cad08dbdd83136d620f8b992dab84570 0880184b894bedd17fd93102e9823a6db796b60af2cd1888ca1c30a32f8ce886
CLIENT_HANDSHAKE_TRAFFIC_SECRET 6d13d47e75b867c6c39ba07ea07cb898cad08dbdd83136d620f8b992dab84570 7b5d28e5f756c0a1e72419723bf2f86e7fee2190d111d19af85b615fd29a9d9e
SERVER_TRAFFIC_SECRET_0 6d13d47e75b867c6c39ba07ea07cb898cad08dbdd83136d620f8b992dab84570 75ed87f1012efb94a4cdfe6c52acf9a9c15aa3dd26236b7c48ec8a2aace95f0d
CLIENT_TRAFFIC_SECRET_0 6d13d47e75b867c6c39ba07ea07cb898cad08dbdd83136d620f8b992dab84570 78b02b902f2da58ba4452788a34bec8f44a09b02727551cea250f16f42974751
SERVER_HANDSHAKE_TRAFFIC_SECRET 0ae433acdb6cdbbc8444ac66d1dd16b9bad5cb56f25bac507a9bfb12dc327dd9 47b44503f55d04ade5bd9ae5f739c39d58a0d1cab0f4dcfaca1e5a2971d1b6ce
CLIENT_HANDSHAKE_TRAFFIC_SECRET 0ae433acdb6cdbbc8444ac66d1dd16b9bad5cb56f25bac507a9bfb12dc327dd9 655b12d5528335943909fce4045f7ea3b0c626f0a0a270a701dc762a3903d9bd
SERVER_TRAFFIC_SECRET_0 0ae433acdb6cdbbc8444ac66d1dd16b9bad5cb56f25bac507a9bfb12dc327dd9 8cf2d51317458455680a47312aa84cf2d86646342677199ed8cd9ad7d9a3a55a
CLIENT_TRAFFIC_SECRET_0 0ae433acdb6cdbbc8444ac66d1dd16b9bad5cb56f25bac507a9bfb12dc327dd9 6d5128786ff1e42f63fa64e4511d18afb978557c7f10fe0ebf46351efccbe578
SERVER_HANDSHAKE_TRAFFIC_SECRET a819734b0579d5f05d808b5b38ceef5998994afc4a4ab630bea2e491e4d98619 f9f0f48097a9a52c8bf9843a6387e8ad8cd07f28e90a9c744d07cf003cebefd8
CLIENT_HANDSHAKE_TRAFFIC_SECRET a819734b0579d5f05d808b5b38ceef5998994afc4a4ab630bea2e491e4d98619 56bc3382581c38792a40030e9c0e852732e7bcd3a6832113af78d788a55321f4
SERVER_TRAFFIC_SECRET_0 a819734b0579d5f05d808b5b38ceef5998994afc4a4ab630bea2e491e4d98619 d33a7bd84ad92dca5c113c0d9dcfd165925ed7f48ae2fbd04b9e84b18b6c0648
CLIENT_TRAFFIC_SECRET_0 a819734b0579d5f05d808b5b38ceef5998994afc4a4ab630bea2e491e4d98619 640b5de17e4b51aaa948a315d1377c210d051ecedce72ce3093e3688bf1dadb3
SERVER_HANDSHAKE_TRAFFIC_SECRET 9193e26c92952db09d6bcd318ecf12d5a207f9ee5c92abca81e2fb7fcd66490a ef1321cb7f2940f3295be0e5a091707e31227a75dcc025245820d19cedd3c167
CLIENT_HANDSHAKE_TRAFFIC_SECRET 9193e26c92952db09d6bcd318ecf12d5a207f9ee5c92abca81e2fb7fcd66490a 16136094366b8a8d9f90267c3b0904d6c5c36677ef85c836f15ac6568605c29c
SERVER_TRAFFIC_SECRET_0 9193e26c92952db09d6bcd318ecf12d5a207f9ee5c92abca81e2fb7fcd66490a 05784161102e25f25793390465e53595c62520e0dbd9bfabd28c458ab96d528f
SERVER_HANDSHAKE_TRAFFIC_SECRET b1805c990edc3a6b80d6b837f5c825d482a3b43ea6ee8d47fa93e567c4955f90 51dcab77537b865cbb9fd010dd05281c06bdd5c8cc7880446d41c4abfe158dc9
CLIENT_HANDSHAKE_TRAFFIC_SECRET b1805c990edc3a6b80d6b837f5c825d482a3b43ea6ee8d47fa93e567c4955f90 a6bd0571258600102484a35fb03f9560dc08a8c48d53bdbe49eaece464b61a85
SERVER_TRAFFIC_SECRET_0 b1805c990edc3a6b80d6b837f5c825d482a3b43ea6ee8d47fa93e567c4955f90 7fa9a8495e2012e38a72a69df2810a7cdb3d3383807bcb570d656ff70827e811
CLIENT_TRAFFIC_SECRET_0 b1805c990edc3a6b80d6b837f5c825d482a3b43ea6ee8d47fa93e567c4955f90 1f94e486b5d73f48dfea2be74e72f17c593ab2ff273e33fba83a146e3176463c
SERVER_HANDSHAKE_TRAFFIC_SECRET 01b54e949e0225f787e5623bf291fae184820b732d0cf2bc849b59e0c7a0549c 67314b36f0a973c3f77e4682621ba95a834cdfc5f56ccfa3d4e89af4fb29aed5
CLIENT_HANDSHAKE_TRAFFIC_SECRET 01b54e949e0225f787e5623bf291fae184820b732d0cf2bc849b59e0c7a0549c 65793d3354ca39026419a835539c601f64bd293a51630ef65786d2a15905349e
SERVER_TRAFFIC_SECRET_0 01b54e949e0225f787e5623bf291fae184820b732d0cf2bc849b59e0c7a0549c 595ea21d77b25eb6ce52fd6d95a4c59777af29565bb3d2822f9ca57bbe810fa4
CLIENT_TRAFFIC_SECRET_0 01b54e949e0225f787e5623bf291fae184820b732d0cf2bc849b59e0c7a0549c 7e365ea5fe647127b18817b1480b579c6797351c437d6cc8b2f4e7071e35d2fa
SERVER_HANDSHAKE_TRAFFIC_SECRET 30d01e537f993ff4030aa31d0b2316e3421682f1c9b9e558dfeb009c7c45042f fd2c8dfacbf021042095d63c3a1d641239a26ff9c242aea30f5009de56eee7df
CLIENT_HANDSHAKE_TRAFFIC_SECRET 30d01e537f993ff4030aa31d0b2316e3421682f1c9b9e558dfeb009c7c45042f cc2b490af7e4bcf2094251796b253cef2d48d182922f82796522a08854659960
SERVER_TRAFFIC_SECRET_0 30d01e537f993ff4030aa31d0b2316e3421682f1c9b9e558dfeb009c7c45042f 07d062fd12ada4379f13398d78d016d97f53cf033eac6aed83e60f72717be281
CLIENT_TRAFFIC_SECRET_0 30d01e537f993ff4030aa31d0b2316e3421682f1c9b9e558dfeb009c7c45042f b86e0058794271f68ac0861837b2dc4c394c3ada7ad598ebbaa243ea304df453
SERVER_HANDSHAKE_TRAFFIC_SECRET 159b96fbc1b80740dde0df810b33391cf621073cf53d0194d2dcdc4c13a8cafb cb42eedc43c787c880927c6e673faa0caf1564052b7e1f38b1d0a49040b628c5
CLIENT_HANDSHAKE_TRAFFIC_SECRET 159b96fbc1b80740dde0df810b33391cf621073cf53d0194d2dcdc4c13a8cafb 00c316c222d80cac5fbefee00b913f4d5062358d0a697784f568402f6c31f164
SERVER_TRAFFIC_SECRET_0 159b96fbc1b80740dde0df810b33391cf621073cf53d0194d2dcdc4c13a8cafb 60397b0a4a96d5014d9c5aa96b86272dddce004bee11442f765ba572aef7069f
CLIENT_TRAFFIC_SECRET_0 159b96fbc1b80740dde0df810b33391cf621073cf53d0194d2dcdc4c13a8cafb 5742686edda61eef17741efe80549457ee0aee85a125eb28abb8c16c5c142c82
SERVER_HANDSHAKE_TRAFFIC_SECRET 0c810977f5c88189fcfe8da6a23eba0c86a9fa27ef7723b470c0195ee3556072 fae3010197f0f221c968172c30688e415eae4d0f8c918b061a54e552c6597b5f
CLIENT_HANDSHAKE_TRAFFIC_SECRET 0c810977f5c88189fcfe8da6a23eba0c86a9fa27ef7723b470c0195ee3556072 d44ace17c759296e95719d4d6af112f41c5d79559afd3a1eec7faf28209a295b
SERVER_TRAFFIC_SECRET_0 0c810977f5c88189fcfe8da6a23eba0c86a9fa27ef7723b470c0195ee3556072 6ce8de809d5056be084a831370c7018647e479b5aaf8910c1eb9a762b81d6e37
CLIENT_TRAFFIC_SECRET_0 0c810977f5c88189fcfe8da6a23eba0c86a9fa27ef7723b470c0195ee3556072 092312fa7af22e9491ead2c56d1d398d5f20d5f5f29f309889fb242581ccc0f5
SERVER_HANDSHAKE_TRAFFIC_SECRET c197f6a35d92ddc8a3e2bb2e421c83273b5e198307031c27e632753409e0eda7 bf73da639930b16db7fbe162567f345bdd40e0f487d5eb0b5b1f5c8721c39d8e
CLIENT_HANDSHAKE_TRAFFIC_SECRET c197f6a35d92ddc8a3e2bb2e421c83273b5e198307031c27e632753409e0eda7 a0c1f9c86ef1b1694c1d587c2ce037b6dcc41c183ba5d473ddf0caf8b1fc092e
SERVER_TRAFFIC_SECRET_0 c197f6a35d92ddc8a3e2bb2e421c83273b5e198307031c27e632753409e0eda7 f52efe3872c45a77aea2d540347212dca91721c34593ee02685bbe7a867cb059
CLIENT_TRAFFIC_SECRET_0 c197f6a35d92ddc8a3e2bb2e421c83273b5e198307031c27e632753409e0eda7 e2a749c96ec4e866522b68687cf678e522817ef013dd6e63e8b63ef9daae583e
SERVER_HANDSHAKE_TRAFFIC_SECRET 3e65805874f457df4a7d6f20de5786ad84483e1d80e6ee49fbdaaf9a1440b072 cd3154fb54e1e76646f20101d8d2e63326e098f3b1abcfc0ecd017c2275f4eb7
CLIENT_HANDSHAKE_TRAFFIC_SECRET 3e65805874f457df4a7d6f20de5786ad84483e1d80e6ee49fbdaaf9a1440b072 5ae09297af7570c88fea9dde0fb090900075a39bdfdacce2bd180607d50468d2
SERVER_TRAFFIC_SECRET_0 3e65805874f457df4a7d6f20de5786ad84483e1d80e6ee49fbdaaf9a1440b072 9587fec34613c6a48ba7037d489c43c73b6105576fac95bcf9970b696423a068
SERVER_HANDSHAKE_TRAFFIC_SECRET 7bbd79fd1103329e649ccd1b9d877ddd4aa46d25d88b0020d64e7c9918b432f6 e1bf6ec18d596c79a41b5ad4e54272fbee98d758b97174bbf9dd2be04e6367a4
CLIENT_HANDSHAKE_TRAFFIC_SECRET 7bbd79fd1103329e649ccd1b9d877ddd4aa46d25d88b0020d64e7c9918b432f6 30af56dec8300218497adccb45ad1eba940e06314ded0eb81a70e02d7167cc9c
SERVER_TRAFFIC_SECRET_0 7bbd79fd1103329e649ccd1b9d877ddd4aa46d25d88b0020d64e7c9918b432f6 d1bfb0c84c1ddbb2fd3226c50f90733d18ad8731d6457b785cb4e65f1022b5cd
CLIENT_TRAFFIC_SECRET_0 7bbd79fd1103329e649ccd1b9d877ddd4aa46d25d88b0020d64e7c9918b432f6 a756034f50dc3a1bafcdce93c1b6db51824c39baeb8a83852492661ac4c64039
SERVER_HANDSHAKE_TRAFFIC_SECRET bfcb9d6f67c72d4c3b5176d233ba29e6b1532e75e08ea3b162dae96599b434a2 24b6de60b950f2b3083218d3a83a8dd0b90d92cad06e38e4ab6f53ca85ce1cdc
CLIENT_HANDSHAKE_TRAFFIC_SECRET bfcb9d6f67c72d4c3b5176d233ba29e6b1532e75e08ea3b162dae96599b434a2 61dd4af4eb0f392a3886022b2e9a90eecf42aee96685e872b43cfec02dc931ce
SERVER_TRAFFIC_SECRET_0 bfcb9d6f67c72d4c3b5176d233ba29e6b1532e75e08ea3b162dae96599b434a2 05c23479981aed03a3dabf233bfe7d376737307a677f8520781f2089c9c14f00
CLIENT_TRAFFIC_SECRET_0 bfcb9d6f67c72d4c3b5176d233ba29e6b1532e75e08ea3b162dae96599b434a2 8fe6eeae96ae1a1b21af924c2cea4a713d524d01c61fb49a5082e9affb66453a
SERVER_HANDSHAKE_TRAFFIC_SECRET 1cc380f12538e1beb7180f3f0323176d15beb9a284bc73f4ddb55be573b4fb4c c3767042403cfc6213eed4c8f51cb6877d6312e13996bbdb6fb31c3b5b7ded08
CLIENT_HANDSHAKE_TRAFFIC_SECRET 1cc380f12538e1beb7180f3f0323176d15beb9a284bc73f4ddb55be573b4fb4c d5a77892924081637b07d34b8fe1404be62dd041486e2e0b337ef504d7b95ac6
SERVER_TRAFFIC_SECRET_0 1cc380f12538e1beb7180f3f0323176d15beb9a284bc73f4ddb55be573b4fb4c 899d29da01d6682b08502c2a1f18f3cc9dbd9403223b2a85b0e39f04aea22daa
CLIENT_TRAFFIC_SECRET_0 1cc380f12538e1beb7180f3f0323176d15beb9a284bc73f4ddb55be573b4fb4c 9c221252075089a8687493116cc89fbd29ff89da27cd63273b98e2c411d5d82c
SERVER_HANDSHAKE_TRAFFIC_SECRET 8b33e1812de428c8090c5abd6b884adfde4154666e61d87c0557eceb7831a99a 67b9e40b2e50c9577dee4750fc2bf026acd069eb6f92992148a74dde8eb699bc
CLIENT_HANDSHAKE_TRAFFIC_SECRET 8b33e1812de428c8090c5abd6b884adfde4154666e61d87c0557eceb7831a99a a419b8a8a47cbb10f6865ba5dba579b22b3ee685eff240fa7edc71d084d838b4
SERVER_TRAFFIC_SECRET_0 8b33e1812de428c8090c5abd6b884adfde4154666e61d87c0557eceb7831a99a 42be79ec5e8c3638b59e1dcd1e51ef99c01e414d30e374b25f374bb1ae6ab863
CLIENT_TRAFFIC_SECRET_0 8b33e1812de428c8090c5abd6b884adfde4154666e61d87c0557eceb7831a99a 05a2d828025955c2725111a52a2aae7fd0ce09dd68459414ae4a82f98b62e618
SERVER_HANDSHAKE_TRAFFIC_SECRET ba2eb3635112036c37fb8a85e511ba0c72136cb1d6c1b0752abfb06fa5dc0f6b 3bf548b1649d940668d543ab5b13b1b002e95a5261c71fc48e7d0c991a7eff51
CLIENT_HANDSHAKE_TRAFFIC_SECRET ba2eb3635112036c37fb8a85e511ba0c72136cb1d6c1b0752abfb06fa5dc0f6b fff664afd84856971be7feaba14b9f686ab523ea0a96819fd710cfe63c2727c3
SERVER_TRAFFIC_SECRET_0 ba2eb3635112036c37fb8a85e511ba0c72136cb1d6c1b0752abfb06fa5dc0f6b 74c2b7d69f4a0ec1bcf42837a141d45ec74d8134e005c1a576bcce2ce425d11c
CLIENT_TRAFFIC_SECRET_0 ba2eb3635112036c37fb8a85e511ba0c72136cb1d6c1b0752abfb06fa5dc0f6b a7aff6b8657d193c5f43b9118287500a26590b245c77087859df3cfa953401d8
SERVER_HANDSHAKE_TRAFFIC_SECRET 0c23a0ac4d3a7f4a73d426b065d812922f232c1295d01e2647e62ac6bfc88ca5 7967168252bd4cae8c6c2e05f53b071cc4d714eb62c15388a3407e82c5a9307b
CLIENT_HANDSHAKE_TRAFFIC_SECRET 0c23a0ac4d3a7f4a73d426b065d812922f232c1295d01e2647e62ac6bfc88ca5 2743cfa27bbe3c4c2965c37217ad73de78dc163e27304702320999f70c4c35d8
SERVER_TRAFFIC_SECRET_0 0c23a0ac4d3a7f4a73d426b065d812922f232c1295d01e2647e62ac6bfc88ca5 8df37aa2136e8c02feba3c689306cee43dc9a1c8439e1e544d2aa83ded075db4
CLIENT_TRAFFIC_SECRET_0 0c23a0ac4d3a7f4a73d426b065d812922f232c1295d01e2647e62ac6bfc88ca5 e97cea6c01aa20da8d7888386bb582cec3a6fb6afa359478dce4886505f45cf8
SERVER_HANDSHAKE_TRAFFIC_SECRET 4082c3fe5ca52f51355d49d22dc15890aae624834e98d8bdd0ce8ec197b17aab c293725f16f5f1eb38c2547241f4316914599ffbf070541b772888ebcc83f8f6
CLIENT_HANDSHAKE_TRAFFIC_SECRET 4082c3fe5ca52f51355d49d22dc15890aae624834e98d8bdd0ce8ec197b17aab d5ccfb988d24f636a227aa3b1accde8a9af03e0964b87e2071e1583a10056a71
SERVER_TRAFFIC_SECRET_0 4082c3fe5ca52f51355d49d22dc15890aae624834e98d8bdd0ce8ec197b17aab 9842a488b5f97e878b7a73cf960c0a9abe593e99f64bbcf526c7e03cc48fbe3b
SERVER_HANDSHAKE_TRAFFIC_SECRET 486ad63e35198a327542ebd7d6178b4237309a04815f664bbd40d6622bc4f843 a8832bfca39dc46b6569f8d13c164802c71c5bf023e5901f8f768eb377d3b87c
CLIENT_HANDSHAKE_TRAFFIC_SECRET 486ad63e35198a327542ebd7d6178b4237309a04815f664bbd40d6622bc4f843 a9cc16ff1fc8425994087f4b3295f59fd72e1bb07a1357e0883df988b436b605
SERVER_TRAFFIC_SECRET_0 486ad63e35198a327542ebd7d6178b4237309a04815f664bbd40d6622bc4f843 0420717de269c1cf10f0963ca810c21443b0b4e480e2172c413d332d063239d3
CLIENT_TRAFFIC_SECRET_0 486ad63e35198a327542ebd7d6178b4237309a04815f664bbd40d6622bc4f843 aa293a69769e9c16fb871f4a17a64ea4b42e03766376d7c3a9716a1b9ea059a5
SERVER_HANDSHAKE_TRAFFIC_SECRET 1158590e627de7f40fab89c5f0212e021aee85df275deebed67fe290fd405822 8c60c7c8c4ca57695a0467fdb1e8f417ad7da97f654cf6f045619a0a9fad73d0
CLIENT_HANDSHAKE_TRAFFIC_SECRET 1158590e627de7f40fab89c5f0212e021aee85df275deebed67fe290fd405822 9f8b8da801691b5be94bd2f79bda00a47f00b169bd33a22667cef1c7059da30e
SERVER_TRAFFIC_SECRET_0 1158590e627de7f40fab89c5f0212e021aee85df275deebed67fe290fd405822 a01e962fecd48fa7c9e0c5c1847eae0cec42a567331d7480b90ce150691a0e5c
CLIENT_TRAFFIC_SECRET_0 1158590e627de7f40fab89c5f0212e021aee85df275deebed67fe290fd405822 5bacdc543623f175ca323128ef89cf53661010634b07bb9ebc6b0bae046fd72a
SERVER_HANDSHAKE_TRAFFIC_SECRET f1e3f2541e1848563779aa5ce0dd51c053d5cfdaa3d112b7e1ee861aee9492f3 c9e2f1dc9cd3bc44cb4f2c732d149dfc661b5c5fa780ab9fcb73e42c1d84bd34
CLIENT_HANDSHAKE_TRAFFIC_SECRET f1e3f2541e1848563779aa5ce0dd51c053d5cfdaa3d112b7e1ee861aee9492f3 03be0f4aaae8b73b18d995ed8194341b1fdd64311cf9b0a23d3aff0182c994eb
SERVER_TRAFFIC_SECRET_0 f1e3f2541e1848563779aa5ce0dd51c053d5cfdaa3d112b7e1ee861aee9492f3 7a21370e31895eb447c0d2d8db9bd042ab67b45469b9ae4552a15f2fe800d14e
CLIENT_TRAFFIC_SECRET_0 f1e3f2541e1848563779aa5ce0dd51c053d5cfdaa3d112b7e1ee861aee9492f3 50acd094ad8daa3d035ee3712e4951953b8c653d438e539b686ca71799b9d9f1
SERVER_HANDSHAKE_TRAFFIC_SECRET 12e53c716f8246ee1ee29d82bb85ae73f6ef018be6964fd5f2afed4e92dc3125 a1e492b4b392ab6ce1fa0fcedb6be279148af932d9e7890799af9d69f5beac7d
CLIENT_HANDSHAKE_TRAFFIC_SECRET 12e53c716f8246ee1ee29d82bb85ae73f6ef018be6964fd5f2afed4e92dc3125 d558441af63fcb9f9f1c0ebd58c92a3ce1518c6c26c88df45258b6d8e6537856
SERVER_TRAFFIC_SECRET_0 12e53c716f8246ee1ee29d82bb85ae73f6ef018be6964fd5f2afed4e92dc3125 79b32bb31115d8e5e5e78c6b0c1ec91b875c4c9e0ea063df6346533224e3d1e1
CLIENT_TRAFFIC_SECRET_0 12e53c716f8246ee1ee29d82bb85ae73f6ef018be6964fd5f2afed4e92dc3125 7c49d25e093c4e6c8064fc1cad239ca4c123b2675e3f1eabb5b533825a5bd190
SERVER_HANDSHAKE_TRAFFIC_SECRET 08f86796060a87e4cdbe78056dfb833005a6aa81c30fff31d7d73ce1d683a929 d65da014537939f4c108ec160906ae2f77d68e92eae758fb8bf6f2698fb52572
CLIENT_HANDSHAKE_TRAFFIC_SECRET 08f86796060a87e4cdbe78056dfb833005a6aa81c30fff31d7d73ce1d683a929 350ca21302078fd383405d526fb45ca588005902cf3430115c2067472b1a0887
SERVER_TRAFFIC_SECRET_0 08f86796060a87e4cdbe78056dfb833005a6aa81c30fff31d7d73ce1d683a929 5d97dc55d43c80c06fe4e7b954e65caf51aadb2169b1577f15b53260dc05d460
CLIENT_TRAFFIC_SECRET_0 08f86796060a87e4cdbe78056dfb833005a6aa81c30fff31d7d73ce1d683a929 8786ab1bf36ba447b2644b04d9353b0cfccaef50ccc60b4cca4248f2826dfbf1
SERVER_HANDSHAKE_TRAFFIC_SECRET 53a32a79cecf497f146b845f8b1c448ff4221b04850feac1799fc8eae1dd0014 e431c7768767b2a958e3354047b25f76124970f10d8dd6069766f020c3452ce6
CLIENT_HANDSHAKE_TRAFFIC_SECRET 53a32a79cecf497f146b845f8b1c448ff4221b04850feac1799fc8eae1dd0014 4f85538f3d6f140c0929fc8cfc478e1b00b5a686c7ea1a5cc781f95db27b7563
SERVER_TRAFFIC_SECRET_0 53a32a79cecf497f146b845f8b1c448ff4221b04850feac1799fc8eae1dd0014 b37059b77cbd4c08d8132148fe0bc47ed4f61f20cd48d83ef1c2e621ebf5fe38
SERVER_HANDSHAKE_TRAFFIC_SECRET 2b6a4059429cf8905db87c6d3a8804ddc279392d6bf7a4636b7ffb91c718e93a 08bdafe6efc49b0b7ffe5f4e486e01938783095dfb1a870810df9f03fe2eda49
CLIENT_HANDSHAKE_TRAFFIC_SECRET 2b6a4059429cf8905db87c6d3a8804ddc279392d6bf7a4636b7ffb91c718e93a 0e05aaa3e261fb15ae840564e03cb05968c2c29e3925491373dfd73e22e7e10d
SERVER_TRAFFIC_SECRET_0 2b6a4059429cf8905db87c6d3a8804ddc279392d6bf7a4636b7ffb91c718e93a a0f420c09e4dbd74b0ee0f507f6a213350d46f3027409a1bf595625e5469a178
CLIENT_TRAFFIC_SECRET_0 2b6a4059429cf8905db87c6d3a8804ddc279392d6bf7a4636b7ffb91c718e93a 10a8a6a345f49e5b773e894004dc1a0d85eafa8b98db777ea75170dbe6efb181
SERVER_HANDSHAKE_TRAFFIC_SECRET 7944838c8104faaa18dbcfa0284f3386d823a37cd31139875eef0054c730c8ec 33f4c01a2d5259d5491cfdb4d2d90650e0b6b285061005615924b98909d8d011
CLIENT_HANDSHAKE_TRAFFIC_SECRET 7944838c8104faaa18dbcfa0284f3386d823a37cd31139875eef0054c730c8ec 474a8eecb68e262b87481b9804fb5dee9671182de72fc2819fe359868c8abe9d
SERVER_TRAFFIC_SECRET_0 7944838c8104faaa18dbcfa0284f3386d823a37cd31139875eef0054c730c8ec 2a2ca8ffc9d5696514048eb8c10e749f0e87633dabfd01c90409084aa14c197f
SERVER_HANDSHAKE_TRAFFIC_SECRET 28fa1bb6d1ae2d1c0748d2c169deef56f63bde05abbac3957089d2db414feff8 703b3751e149190af114634b419eaed7937569b23643b17a8d01eaafd9e236f0
CLIENT_HANDSHAKE_TRAFFIC_SECRET 28fa1bb6d1ae2d1c0748d2c169deef56f63bde05abbac3957089d2db414feff8 13f22b7b66d9c4ec446023388ad0916d414830750ae2e68c54cdc72acf216700
SERVER_TRAFFIC_SECRET_0 28fa1bb6d1ae2d1c0748d2c169deef56f63bde05abbac3957089d2db414feff8 99d3a6a83dcb97a6ad1486de44fbeba3d42a206e54ca5b0bcd828a408a6697be
CLIENT_TRAFFIC_SECRET_0 28fa1bb6d1ae2d1c0748d2c169deef56f63bde05abbac3957089d2db414feff8 af86634087c013caba1eb324c63136e865e2a25acb266d1268505c400457c85a
SERVER_HANDSHAKE_TRAFFIC_SECRET 6d4d5ebf92c2f360f97fa5f4174aaf0bcdae61a91cd1deadec731efb9219fa7e 38897ea4b305e06ac893e325b691ea1dedb1657dc36e8ba2cef139ac5b8a3439
CLIENT_HANDSHAKE_TRAFFIC_SECRET 6d4d5ebf92c2f360f97fa5f4174aaf0bcdae61a91cd1deadec731efb9219fa7e d980dcdb64fb190a24aab172882baba1ff914a662e841fa7c5024b35e6905792
SERVER_TRAFFIC_SECRET_0 6d4d5ebf92c2f360f97fa5f4174aaf0bcdae61a91cd1deadec731efb9219fa7e 0afe10dd153ac422007c652da6763ca174a57c7625227e7b0ec590647fac3bee
SERVER_HANDSHAKE_TRAFFIC_SECRET 6713d4a515c814257ccdd57dcce4ccb69d2dd482b7b6d5070c4a8041d7553cc6 676caf1f711afaf8150164217859f327cfe1654826d0b5a2d433882bb49b97a4
CLIENT_HANDSHAKE_TRAFFIC_SECRET 6713d4a515c814257ccdd57dcce4ccb69d2dd482b7b6d5070c4a8041d7553cc6 abd470ac2d3cfbae09b1d152b6d774eda5df59922f52390428e74de2eda8c993
SERVER_TRAFFIC_SECRET_0 6713d4a515c814257ccdd57dcce4ccb69d2dd482b7b6d5070c4a8041d7553cc6 35939a50a57e687b71b65fd75d2aa3f970c165c8dafc11c59af576bb7489a1eb
SERVER_HANDSHAKE_TRAFFIC_SECRET 38c4e518718d5b2cac654bcf8262134eeaba4309ce72986d62f55c9066a73d75 fee8a5364bc38c73332825b9d67059fa8ed08cb21d8a0c230059c4e296cc5a4c
CLIENT_HANDSHAKE_TRAFFIC_SECRET 38c4e518718d5b2cac654bcf8262134eeaba4309ce72986d62f55c9066a73d75 329ad93b9f1a50a916ada6dff30931f5b594f4361d714479637dc63976d62f32
SERVER_TRAFFIC_SECRET_0 38c4e518718d5b2cac654bcf8262134eeaba4309ce72986d62f55c9066a73d75 ec547bdb96381f56e7ed5ca9923a025f49a96b3bf925d4201f398f65c52baa64
SERVER_HANDSHAKE_TRAFFIC_SECRET a8e1104e09576d26328be3bd185fa2a2f32e12522a6fb6ea43823400b1d05f8e 95844a1ecb6ee8bf5d05b1d75b46a9ff97fd9cb387aa59692a04c46f18c181c7
CLIENT_HANDSHAKE_TRAFFIC_SECRET a8e1104e09576d26328be3bd185fa2a2f32e12522a6fb6ea43823400b1d05f8e 0dce5eb8e9a41ebb84580e165336de237af73e0705b30fc3f22f639e0355b9f2
SERVER_TRAFFIC_SECRET_0 a8e1104e09576d26328be3bd185fa2a2f32e12522a6fb6ea43823400b1d05f8e d0ada6c2d91b18b56cbf221e540a2030c5d8e8dcebf70b706d6e6ff9e7eb5b53
CLIENT_TRAFFIC_SECRET_0 a8e1104e09576d26328be3bd185fa2a2f32e12522a6fb6ea43823400b1d05f8e d9c7607a30ad0f9f3eca06a957ccec86b3cbc2d0fc1816897445f62391bf53f2
SERVER_HANDSHAKE_TRAFFIC_SECRET 6f3f818cf4f09781165db7c1f7414b6a0e430ac6d5ee33343a24fc46665f327c 7326a6762d96bae52eaa339e708c65972a32c97da245d4b61ec55c2adb11dfa3
CLIENT_HANDSHAKE_TRAFFIC_SECRET 6f3f818cf4f09781165db7c1f7414b6a0e430ac6d5ee33343a24fc46665f327c c1494d69ef5b5b5620e06ac2d3a61260da725678e8664e8caa1ac5d6961e7379
SERVER_TRAFFIC_SECRET_0 6f3f818cf4f09781165db7c1f7414b6a0e430ac6d5ee33343a24fc46665f327c 480f07e87fcbf1284094a02ea07637f3840f165d9f15d42264b826abd8af4a70
CLIENT_TRAFFIC_SECRET_0 6f3f818cf4f09781165db7c1f7414b6a0e430ac6d5ee33343a24fc46665f327c b0b72632594c4df0d21ec27088254f34e9dc8381d8f478c66035303fad1e45b0
SERVER_HANDSHAKE_TRAFFIC_SECRET 206ec06ad7c4f991cdb92fb8f3e93f606c039a7e7bae89ee3c47763de980c1e2 2b936abef88ff86bae2e66a01464cc7e3dd4705f5a5a8a45e8f9c1eb0039849a
CLIENT_HANDSHAKE_TRAFFIC_SECRET 206ec06ad7c4f991cdb92fb8f3e93f606c039a7e7bae89ee3c47763de980c1e2 815079e0fed21974cbac1e4e6b6197ed631dd7904671122e42b9e0962b32b00c
SERVER_TRAFFIC_SECRET_0 206ec06ad7c4f991cdb92fb8f3e93f606c039a7e7bae89ee3c47763de980c1e2 ee1f91cd9cd5fabeab2ed77145bac48b73ef53502e81a8c3e1e1cdc9f0e55e18
CLIENT_TRAFFIC_SECRET_0 206ec06ad7c4f991cdb92fb8f3e93f606c039a7e7bae89ee3c47763de980c1e2 574e90d105418a3a673fceeabdde9d08758ffa8d306deac38c7febd2fa44a667
SERVER_HANDSHAKE_TRAFFIC_SECRET f5ae4f67643a4abb358ac5a0aedc4cc694547e92954fd54fea6345a1c6f94d36 16522c56500a72b8a1f1d1d3c6e982dd5a551ec016ea61ce66a1a994308e263b
CLIENT_HANDSHAKE_TRAFFIC_SECRET f5ae4f67643a4abb358ac5a0aedc4cc694547e92954fd54fea6345a1c6f94d36 e449695ee0d7143b042f7fc0a6e837ffc59da226c3a08ce6a85d0ea18fd21082
SERVER_TRAFFIC_SECRET_0 f5ae4f67643a4abb358ac5a0aedc4cc694547e92954fd54fea6345a1c6f94d36 7daf1f48b999b45b2ba41e32f2de8581399a71ff119322b0d1ec2c07ec35d416
CLIENT_TRAFFIC_SECRET_0 f5ae4f67643a4abb358ac5a0aedc4cc694547e92954fd54fea6345a1c6f94d36 2a602154ef439b9897b66e09458ecb7cfced80a3a41e52314f2e372023d396db
SERVER_HANDSHAKE_TRAFFIC_SECRET bfd24d3f1ce814afcb5303a09eb49b1f8fa63298db58303f1597085eeca95df2 d89c1adbef5e5d6c95a9acd5b1f152da102b4f212d922563adaa1d5db3166757
CLIENT_HANDSHAKE_TRAFFIC_SECRET bfd24d3f1ce814afcb5303a09eb49b1f8fa63298db58303f1597085eeca95df2 0e4fa1716f612b0de96b629a88743d6f8b45e4919ad6af94ded05ec8bda3da33
SERVER_TRAFFIC_SECRET_0 bfd24d3f1ce814afcb5303a09eb49b1f8fa63298db58303f1597085eeca95df2 23f2c0e75fe8cb97e14eb858303cf14b01422937af6f5eef5d91db5afd8e396f
CLIENT_TRAFFIC_SECRET_0 bfd24d3f1ce814afcb5303a09eb49b1f8fa63298db58303f1597085eeca95df2 0354e8fa96731e0119f65d15bbf9fff9e2a28cd9df9a12d1cb9e62ef8ce891fd
SERVER_HANDSHAKE_TRAFFIC_SECRET 3856c6024ea593a278cb2c834310f4fbcc5a9d2798c2c63b36589a53cea00a57 3ad1f3b232de14adf63ad097b1f0a89fddec4b78c58fa1fa58d3daaeec928d4f
CLIENT_HANDSHAKE_TRAFFIC_SECRET 3856c6024ea593a278cb2c834310f4fbcc5a9d2798c2c63b36589a53cea00a57 31eebd3589406a5af5165f23735dd134cfe2094320ba0134deb890926d51f517
SERVER_TRAFFIC_SECRET_0 3856c6024ea593a278cb2c834310f4fbcc5a9d2798c2c63b36589a53cea00a57 02d5b0d066bacfde84f7334fd586d21830d0f5a05aff04b550a5b1f68a37d50f
CLIENT_TRAFFIC_SECRET_0 3856c6024ea593a278cb2c834310f4fbcc5a9d2798c2c63b36589a53cea00a57 fb1b92faa3bb8c193543e60e79508de4703a6b0f2ccb311b9b605ad61429be89
SERVER_HANDSHAKE_TRAFFIC_SECRET f9fc3d7ca3b8c189c5ba58cce6949d8df3d49c9a92dcdb25d28e44520829ce14 24cabc1a4c3fefbc1754b357859067badc044b9d32f53a4a6559eae036276e6d
CLIENT_HANDSHAKE_TRAFFIC_SECRET f9fc3d7ca3b8c189c5ba58cce6949d8df3d49c9a92dcdb25d28e44520829ce14 ef5c7a3499ac36247c4fd112c296ac12a1becd763d6a31f938ed06d2d70cc743
SERVER_TRAFFIC_SECRET_0 f9fc3d7ca3b8c189c5ba58cce6949d8df3d49c9a92dcdb25d28e44520829ce14 f6c2d565a5ac2681bc89c55c743ed3ad1eb8c01bce50bb66d2f91adf8f1e864e
CLIENT_TRAFFIC_SECRET_0 f9fc3d7ca3b8c189c5ba58cce6949d8df3d49c9a92dcdb25d28e44520829ce14 b3e3ffa02ce2568eca26afc04fed55e73f64cbdbc3b37e67fd59ef42d7c93701
SERVER_HANDSHAKE_TRAFFIC_SECRET 99fcb45eef879981e635901dc2b32f8d67b96928cc90128264cfb07b108c3056 9c5fae7c0dea9ffd34061754c7a582aaec54630a006d9b6ce29e1bb2e8826281
CLIENT_HANDSHAKE_TRAFFIC_SECRET 99fcb45eef879981e635901dc2b32f8d67b96928cc90128264cfb07b108c3056 e8066ee49b5992b3b4cce46056ce88b3d2e6db7ef8556d1e33639fc9206b1761
SERVER_TRAFFIC_SECRET_0 99fcb45eef879981e635901dc2b32f8d67b96928cc90128264cfb07b108c3056 99952da69053100b6e3b2685ea4ef8aba03d86c9fed4e6815838bf9a9f600778
CLIENT_TRAFFIC_SECRET_0 99fcb45eef879981e635901dc2b32f8d67b96928cc90128264cfb07b108c3056 76da68f9b3073b2c036143fdd8694b31df5d11abd90d453172117968e99fcb49
SERVER_HANDSHAKE_TRAFFIC_SECRET f1fdaa47c5a17122a3c0313ffe733ed9a7e3e55eb17eba88c9ecb94d58cee261 623a7e00713ce12afd9904d2b11dc3c649783e34a26e9b7451963ba93044e359
CLIENT_HANDSHAKE_TRAFFIC_SECRET f1fdaa47c5a17122a3c0313ffe733ed9a7e3e55eb17eba88c9ecb94d58cee261 070b11b6cab63baa3e6907ff710f3ff66fa4e720da236b0d3874e7c03189ab4d
SERVER_TRAFFIC_SECRET_0 f1fdaa47c5a17122a3c0313ffe733ed9a7e3e55eb17eba88c9ecb94d58cee261 2480ece4190238d38b87655667f927b603c170d6893c8605c4d05b3b73e605aa
SERVER_HANDSHAKE_TRAFFIC_SECRET 73ec353d4826add13aafb2566f51645db3f5e65d28b5fe2a7447f8309eeda513 e7ee2f09a17e05bcb64a979f05ad36c588a2887bcdd2f6ffd5ccd7c6b427cb20
CLIENT_HANDSHAKE_TRAFFIC_SECRET 73ec353d4826add13aafb2566f51645db3f5e65d28b5fe2a7447f8309eeda513 69903475971b0f240fcdc01e8f1e0431afd1f5052998dc7ca1bad9adeb9bca05
SERVER_TRAFFIC_SECRET_0 73ec353d4826add13aafb2566f51645db3f5e65d28b5fe2a7447f8309eeda513 011d84039c71df541a562a7e25ba9024fc47f097eaef2c6de0c5cb79713ed857
CLIENT_TRAFFIC_SECRET_0 73ec353d4826add13aafb2566f51645db3f5e65d28b5fe2a7447f8309eeda513 dbe8870fbf3f507e0ac7595d163a6a2c46227c8828cb01cdccd26eed1c4aaed7
SERVER_HANDSHAKE_TRAFFIC_SECRET 7d4a43fdad89eb744d8cae36763a5f7c3ab0c0a5e12c08e9cc2fe7dd2ba983e4 55e14cf77ded406725b7bba55362b6f3b837f995b22bd4c1881fd831702aac19
CLIENT_HANDSHAKE_TRAFFIC_SECRET 7d4a43fdad89eb744d8cae36763a5f7c3ab0c0a5e12c08e9cc2fe7dd2ba983e4 ddeabce9af7cb5cdf497c772b7d10f14f9e15f4d2aeab37c3743970d5cde1565
SERVER_TRAFFIC_SECRET_0 7d4a43fdad89eb744d8cae36763a5f7c3ab0c0a5e12c08e9cc2fe7dd2ba983e4 620fdb1a3cbccb72f91facb3c0ae958b13f5ed6f0452b6ed4256e5c29b0d64a6
CLIENT_TRAFFIC_SECRET_0 7d4a43fdad89eb744d8cae36763a5f7c3ab0c0a5e12c08e9cc2fe7dd2ba983e4 f2b1ea94fc37a545ad4de9154a716786177b7839f2b090edef01b3114a1423fb
SERVER_HANDSHAKE_TRAFFIC_SECRET 48cef98dd6d4cb2f954ea841880a2790a47e0f2761c905920d6a2a86681ba335 50200da8e0019e1fde3a3db27ed61036f745bc2b7b74be548c59023eb6ba47bc
CLIENT_HANDSHAKE_TRAFFIC_SECRET 48cef98dd6d4cb2f954ea841880a2790a47e0f2761c905920d6a2a86681ba335 c98e3b869002183e099d854e53d9e52f2a2cf21f1da9a6939a8bf07f204f6e38
SERVER_TRAFFIC_SECRET_0 48cef98dd6d4cb2f954ea841880a2790a47e0f2761c905920d6a2a86681ba335 c1e78e1cd4dad7a651a014786db30c4e0857fb672ba698f88e2ed570cf6f65f9
CLIENT_TRAFFIC_SECRET_0 48cef98dd6d4cb2f954ea841880a2790a47e0f2761c905920d6a2a86681ba335 1cfc5bd20f5c19a83ef459d78155b1643cf7540b26e540172a49a53b4663cbe9
SERVER_HANDSHAKE_TRAFFIC_SECRET b747abc068916b3326006f92e97a99527a51ffb820386569bf5010b0793d3555 d27195ed8306280d3556416ba135fba904d59792c52a8379c86249cc32b2f3d0
CLIENT_HANDSHAKE_TRAFFIC_SECRET b747abc068916b3326006f92e97a99527a51ffb820386569bf5010b0793d3555 a9bc6ca25131a7c9bda4c6febd2ac9018dcff4b780b6991cde4b7813bdcca5c2
SERVER_TRAFFIC_SECRET_0 b747abc068916b3326006f92e97a99527a51ffb820386569bf5010b0793d3555 2a81edf25c0c42b81e1f857a6f59fa519029f7551d53af1ed114f39e040a9210
CLIENT_TRAFFIC_SECRET_0 b747abc068916b3326006f92e97a99527a51ffb820386569bf5010b0793d3555 cadcb40ff89ec5da709057c346ee2a61b87cb43f995c29d3157c8ed74f39f784
SERVER_HANDSHAKE_TRAFFIC_SECRET 82e174c4bc88530c8ccf10e44da28c3a95518341bbbf49f979960cbc281e63ff 9e49aa13af069df3086a4aa78a1f0a23e9429d7cf5239ba1652fc612bd29b521
CLIENT_HANDSHAKE_TRAFFIC_SECRET 82e174c4bc88530c8ccf10e44da28c3a95518341bbbf49f979960cbc281e63ff b3f619bc20f2a779d67ed46d8ac921a455f43da8a9fa9f53d632ba7589c2bcf6
SERVER_TRAFFIC_SECRET_0 82e174c4bc88530c8ccf10e44da28c3a95518341bbbf49f979960cbc281e63ff 047b6fcc222a374408aac3c207328e8436fc1f57cb15dba29afbe8b16233c67c
SERVER_HANDSHAKE_TRAFFIC_SECRET 8f6e1fa48559d2c04c05aed4f7fb3163d2f1a6f2384bccdad6efe9e96ebbe855 9a3932c6a7addcae6341cd413d8ac2bc621bd904474238bd86b37356436ed8a3
CLIENT_HANDSHAKE_TRAFFIC_SECRET 8f6e1fa48559d2c04c05aed4f7fb3163d2f1a6f2384bccdad6efe9e96ebbe855 dde62abfb8dd0429afd33437e06af806168e183bf5f5084c56d5cffc49456992
SERVER_TRAFFIC_SECRET_0 8f6e1fa48559d2c04c05aed4f7fb3163d2f1a6f2384bccdad6efe9e96ebbe855 3330d388bc5256758056c3063e59c7d98bbf9a3aa7255083555bf9621e5af286
SERVER_HANDSHAKE_TRAFFIC_SECRET 05cfd27276cea2b5fde8e9bda90a8b412c751a3258fe315980e121e6beeb4854 a3860a3ac5ec7357e49b6563a8d9a2b905d5642d3c61fb0bcfe1ecbfe6122fc6
CLIENT_HANDSHAKE_TRAFFIC_SECRET 05cfd27276cea2b5fde8e9bda90a8b412c751a3258fe315980e121e6beeb4854 ca560504f57d1fc6ce4a12cd0b737e6d217e2ab200b7fc0430a59ce663fd23db
SERVER_TRAFFIC_SECRET_0 05cfd27276cea2b5fde8e9bda90a8b412c751a3258fe315980e121e6beeb4854 a2289fb45b1a9baccd794a8815c1bf3f4c1a096264604583cb3374c960cb2397
CLIENT_TRAFFIC_SECRET_0 05cfd27276cea2b5fde8e9bda90a8b412c751a3258fe315980e121e6beeb4854 4c70a55887752a15a2355c60533003a6948f79abf1609331bcad77dd721a1694
SERVER_HANDSHAKE_TRAFFIC_SECRET 3b6f1050dcab70cc00bacd16354757aecc2edf89e44da010025b4184f6af1010 9123a1afd0c35a0f18dee3ac029fd428cb1c9346c2c5c2b4705b5a3b2ff61490
CLIENT_HANDSHAKE_TRAFFIC_SECRET 3b6f1050dcab70cc00bacd16354757aecc2edf89e44da010025b4184f6af1010 619057f071b2f7de98a01a9c39739f003b78565fee3fec96e061be73a5f537d5
SERVER_TRAFFIC_SECRET_0 3b6f1050dcab70cc00bacd16354757aecc2edf89e44da010025b4184f6af1010 67e4399896d971f5d645e3850ea239c597c331abc287532f36aa6bd1e5c9c0a9
CLIENT_TRAFFIC_SECRET_0 3b6f1050dcab70cc00bacd16354757aecc2edf89e44da010025b4184f6af1010 0adfe230f9ad3315b73405ed46aa0f3c8396a5c9fe37baa1df8dad5e8d13b3d2
SERVER_HANDSHAKE_TRAFFIC_SECRET f61d9a3d13d10f98e7275cc46ec86e380b7452825d05328a0ed3dfb7b4e3eefe 971850f07158ecc0cc4119d50be19a4d499e5bef34c4b5b59cf9b06501176dc9
CLIENT_HANDSHAKE_TRAFFIC_SECRET f61d9a3d13d10f98e7275cc46ec86e380b7452825d05328a0ed3dfb7b4e3eefe 0dc4f406e3370f6ace19f1860d305f1c0677f70a1cc3658aa8786293a282fdb8
SERVER_TRAFFIC_SECRET_0 f61d9a3d13d10f98e7275cc46ec86e380b7452825d05328a0ed3dfb7b4e3eefe ec1b70e1f451cbacd299bce8f7608b04b80b7d40783d1665872c60f5498d6be4
SERVER_HANDSHAKE_TRAFFIC_SECRET db084bd08a322a94eac0bc98de8e64c7ff9d1efceda3ed8a647df420e62bd14c 5b4ebadde3d792733922fbfa95759176f0569ce2428e52e5caccb184413c11a4
CLIENT_HANDSHAKE_TRAFFIC_SECRET db084bd08a322a94eac0bc98de8e64c7ff9d1efceda3ed8a647df420e62bd14c a3759657f02d3323d55b02797ded7d4a5e233ac99f718985578688d24064d03b
SERVER_TRAFFIC_SECRET_0 db084bd08a322a94eac0bc98de8e64c7ff9d1efceda3ed8a647df420e62bd14c 355bdc4de0a250161e5197620f78496a2f38e3dd1f90fd163adf008651b25561
SERVER_HANDSHAKE_TRAFFIC_SECRET 1a3828f41112293065b6b8b704c768e60e6ebf0c20ab2aadbe5cac4478b955f1 735ae6ea6c4c32012d92a077bef229762b4dab6425b22e4b04dabf5f760397c5
CLIENT_HANDSHAKE_TRAFFIC_SECRET 1a3828f41112293065b6b8b704c768e60e6ebf0c20ab2aadbe5cac4478b955f1 6820fcd6c9e5d84d02beec37f91dae7da33fc7ac479e0ed7c9c9c1e93f0140d2
SERVER_TRAFFIC_SECRET_0 1a3828f41112293065b6b8b704c768e60e6ebf0c20ab2aadbe5cac4478b955f1 43f3b9ce80f71e87a7036f3982007cf8840e494891d9c7641bd14a8b999df4a9
CLIENT_TRAFFIC_SECRET_0 1a3828f41112293065b6b8b704c768e60e6ebf0c20ab2aadbe5cac4478b955f1 8d93c9975ceaf41a38f38b84f59d65c67ed9558d5f9c680b037b0fe1fe138b92
SERVER_HANDSHAKE_TRAFFIC_SECRET 304f7d9ca2c26359ed5fe4b20445d1a1ad82118d0b680cad40152b78cad6e499 6cec136ec7e5c70f57201920a1b8472f192802ea5e1cfa5ace20dcb521135a5b
CLIENT_HANDSHAKE_TRAFFIC_SECRET 304f7d9ca2c26359ed5fe4b20445d1a1ad82118d0b680cad40152b78cad6e499 160550f4698dac4de384cd1e204b53f0a1bd4ea267aae6f00b23b7cb5be799d2
SERVER_TRAFFIC_SECRET_0 304f7d9ca2c26359ed5fe4b20445d1a1ad82118d0b680cad40152b78cad6e499 c08845f412a152ce94d28fcf014a23b65750e4fe762a1fe3c87024ee4fbcd628
CLIENT_TRAFFIC_SECRET_0 304f7d9ca2c26359ed5fe4b20445d1a1ad82118d0b680cad40152b78cad6e499 3bd3fced82192b58f83aad82d0d1b89e5f84ef2003ad2b5443c35c1760fca9e4
SERVER_HANDSHAKE_TRAFFIC_SECRET b45139f7ee7f61c823147edbed0d2f3724daff49c4901200f4b3b2f487d50e10 cf5fa983770abc842caa1031956bc4e0c6a1d4e6eeb756dee14bd102c652623d
CLIENT_HANDSHAKE_TRAFFIC_SECRET b45139f7ee7f61c823147edbed0d2f3724daff49c4901200f4b3b2f487d50e10 8191ae88a3ba899b170081ffcc0f0ac90ca641910b41bf08d2d141457eddf21f
SERVER_TRAFFIC_SECRET_0 b45139f7ee7f61c823147edbed0d2f3724daff49c4901200f4b3b2f487d50e10 94799237ffe6e82aa45806058c05b38ec625af83fb57915201f218fe7871c1bf
CLIENT_TRAFFIC_SECRET_0 b45139f7ee7f61c823147edbed0d2f3724daff49c4901200f4b3b2f487d50e10 7372e79fbff596e6c1003f8d12b1ac0bf861f81245b792e0e9e16f842f1ea9ba
SERVER_HANDSHAKE_TRAFFIC_SECRET 404942b63dd389c2663219855b4c0ef33f3b3e743d7828dd0bef5f17ede68e67 1d3b6ccdadf16cee45b81d36e77731bf8361be3c9f53c93551388c0c4d240e93
CLIENT_HANDSHAKE_TRAFFIC_SECRET 404942b63dd389c2663219855b4c0ef33f3b3e743d7828dd0bef5f17ede68e67 36389f61a9aabd960f897f884ff8acbc2ed7a6538548983f013402f1b3d4fe3c
SERVER_TRAFFIC_SECRET_0 404942b63dd389c2663219855b4c0ef33f3b3e743d7828dd0bef5f17ede68e67 909c895b0a62d1069ed376abb2c20383d8b6a1e4746747510ce67361c2bb3f23
SERVER_HANDSHAKE_TRAFFIC_SECRET d326c14efa31448623182268438d080ccfcf75a04a40381c2839c98a7d6e23c1 cfc867a79967103ffc5042dccc89592960d4f15167250c8221cda062eb3b7efe
CLIENT_HANDSHAKE_TRAFFIC_SECRET d326c14efa31448623182268438d080ccfcf75a04a40381c2839c98a7d6e23c1 fff595839d9429535e059b1d557c35557a8cd9f5354aa116f0f49c355d5ee88f
SERVER_TRAFFIC_SECRET_0 d326c14efa31448623182268438d080ccfcf75a04a40381c2839c98a7d6e23c1 b81c8278eabcfe0dd03a1435aad03ff57992347b696f16e80e37d9edcb404a40
CLIENT_TRAFFIC_SECRET_0 d326c14efa31448623182268438d080ccfcf75a04a40381c2839c98a7d6e23c1 7f825e251756ed7d380f1985ac0828f31b23d8ff89814afe59b5a28836bb9e0a
SERVER_HANDSHAKE_TRAFFIC_SECRET 3f41f98525ceef0d42a536dca4bb5cb51decb2b0f0e911ad4e8ee1b4eb08e6a5 1c112b74202060ded205ccf3859c8d522ff1eb41a68f8b3c0a361e78e174d2d3
CLIENT_HANDSHAKE_TRAFFIC_SECRET 3f41f98525ceef0d42a536dca4bb5cb51decb2b0f0e911ad4e8ee1b4eb08e6a5 fdf9157d42cf7902044e3bbb1b8b7d73935b412da2f8a7d83a3be464dabc92d3
SERVER_TRAFFIC_SECRET_0 3f41f98525ceef0d42a536dca4bb5cb51decb2b0f0e911ad4e8ee1b4eb08e6a5 beec4106fcc7e62ae592042861c28e680d2a89dd9dd51277f973412da5ca1360
CLIENT_TRAFFIC_SECRET_0 3f41f98525ceef0d42a536dca4bb5cb51decb2b0f0e911ad4e8ee1b4eb08e6a5 85c897202f6f61192f5d0783639ee113f6da4e8eacc28aaeea2278806f0d7e02
SERVER_HANDSHAKE_TRAFFIC_SECRET 0b84623735d996cf6b3a28c48f7dc1f80be128b95897d92b4e196444a0e596ba ab4f3eb96a9c8e2bbc0f237e81ba84145598ee217c5f33909d195418f03787d0
CLIENT_HANDSHAKE_TRAFFIC_SECRET 0b84623735d996cf6b3a28c48f7dc1f80be128b95897d92b4e196444a0e596ba 7178d1a550b4767fe9821c8e0ac54c911502f4dcbd7ebdaeaf01f810d83c3566
SERVER_TRAFFIC_SECRET_0 0b84623735d996cf6b3a28c48f7dc1f80be128b95897d92b4e196444a0e596ba faa3ec60709d9ea6c93d7d21f8d31b5b7aad6d30c96ed74ef6978c03f89d2e24
CLIENT_TRAFFIC_SECRET_0 0b84623735d996cf6b3a28c48f7dc1f80be128b95897d92b4e196444a0e596ba a78ed4781ecba35c40474b45ace7b0875878201788e5a73f33c77c3f8b11b92e
SERVER_HANDSHAKE_TRAFFIC_SECRET af297aa54459fa17bf8bfb3b0f1211d4ccbcc8eab8bd44b7ee4117b038a6f676 bdfdad9a8f232a7d9516fca98f7d6ef404ec4d05d4bf2357ad3e796854b27b26
CLIENT_HANDSHAKE_TRAFFIC_SECRET af297aa54459fa17bf8bfb3b0f1211d4ccbcc8eab8bd44b7ee4117b038a6f676 775366ce13f6ddcfc7b9fe69c8dd3f4a9dec6662505b747d67260fcaf47b42b7
SERVER_TRAFFIC_SECRET_0 af297aa54459fa17bf8bfb3b0f1211d4ccbcc8eab8bd44b7ee4117b038a6f676 f841771bac002ed8d6a4c72bd998394413a4dff46514f040a266e117145f7b00
CLIENT_TRAFFIC_SECRET_0 af297aa54459fa17bf8bfb3b0f1211d4ccbcc8eab8bd44b7ee4117b038a6f676 50904ec0dbd93dce6452d027a487c7c4e94f60a4253deb730f6fe185a2b7592d
SERVER_HANDSHAKE_TRAFFIC_SECRET 7a56562329b51513bfc71e14696df541d44e0f368257ef7d3ff64484341235d6 e740830f09f380f1f05df696d117af65a04cf6de50841acf038dc270493f13ca
CLIENT_HANDSHAKE_TRAFFIC_SECRET 7a56562329b51513bfc71e14696df541d44e0f368257ef7d3ff64484341235d6 019c081fe4cc8933c51bd661fb3c003f0c7f91d4359e963452b1c6ed139c0db6
SERVER_TRAFFIC_SECRET_0 7a56562329b51513bfc71e14696df541d44e0f368257ef7d3ff64484341235d6 410391f4a43de2be5a520407e79b9852d188019a626e0e58f5ff8abe7877f16a
SERVER_HANDSHAKE_TRAFFIC_SECRET de795f11dab5befc284623e43183dabeba9fa663d5f5d779f1f1cf1caf761dfb f3ff612bb451d995d755e3ef8a085bb2355a5d465c7394a9bf049b1ff78f3253
CLIENT_HANDSHAKE_TRAFFIC_SECRET de795f11dab5befc284623e43183dabeba9fa663d5f5d779f1f1cf1caf761dfb 98d881de6b26397f2fefbc231a3982defccdb27b5241877aef6e7dac93d47642
SERVER_TRAFFIC_SECRET_0 de795f11dab5befc284623e43183dabeba9fa663d5f5d779f1f1cf1caf761dfb 843598b0e0216a4224e2d5fb49113ab49ac025fa0ce3b946ecbcaaa24a0a64b3
SERVER_HANDSHAKE_TRAFFIC_SECRET 67a92fdd6977f1b61c5725522642827fec19d7ff7d492f0ba3167e5428c97ca9 c118da5bbba9d7c8320bf1d1f44078433f42da50e1324dbd26cffb486515bb8c
CLIENT_HANDSHAKE_TRAFFIC_SECRET 67a92fdd6977f1b61c5725522642827fec19d7ff7d492f0ba3167e5428c97ca9 df3dae0372f968c056e0df4c6e95a751868f95e9bad75e6c3e6d7cfd9d7ca6e4
SERVER_TRAFFIC_SECRET_0 67a92fdd6977f1b61c5725522642827fec19d7ff7d492f0ba3167e5428c97ca9 c38b10ef7adb162157116827f332c9060a62ae74055a39a67cd18cc3e3ff5760
CLIENT_TRAFFIC_SECRET_0 67a92fdd6977f1b61c5725522642827fec19d7ff7d492f0ba3167e5428c97ca9 a1345376568fbcd28c84d0b9887bc544777464f8c048a69217381a83f08a2124
SERVER_HANDSHAKE_TRAFFIC_SECRET f0c3bb6fda8acafcd6ea919a6c2e1f6e359f738115be23c15d910c2fe5c3fa20 7cd9f2c27920c33af849d0abd9dddbfa5621623c9980917370c82fa630ed02bb
CLIENT_HANDSHAKE_TRAFFIC_SECRET f0c3bb6fda8acafcd6ea919a6c2e1f6e359f738115be23c15d910c2fe5c3fa20 da59ff635c7537d8d18eb6ad91110e0dac2fa0b1a841b6e91c379436da9f480f
SERVER_TRAFFIC_SECRET_0 f0c3bb6fda8acafcd6ea919a6c2e1f6e359f738115be23c15d910c2fe5c3fa20 94c99bf13e232e0d342ff0650e42d1a42ae6ae321b614c7960db233fbb577080
SERVER_HANDSHAKE_TRAFFIC_SECRET 57b879f0f60285dcec6100776dd036299e9a9b90a0d1b1de0969e90c0a3c8337 f79f0cd63ee8027431a0fa190b59bff80e613b762635779fd44ce31716e730f6
CLIENT_HANDSHAKE_TRAFFIC_SECRET 57b879f0f60285dcec6100776dd036299e9a9b90a0d1b1de0969e90c0a3c8337 90b42ed1ee2bb9464cedf265a8fd76986318d6b2a3d369f5ceab76f3fc2a7695
SERVER_TRAFFIC_SECRET_0 57b879f0f60285dcec6100776dd036299e9a9b90a0d1b1de0969e90c0a3c8337 3476a639d58d38c66e1edd9b2b906c73128a0ed21f7807dab7bf6909079a054d
SERVER_HANDSHAKE_TRAFFIC_SECRET 5ea1b27c944d45a8bf81d8dcbe4c71be16482cd9d2db7af60ea45e3069f97a37 9fac4233ec319bf9fb61f21e6efdb3ff630171d5668c91a9465bf00af9181c5d
CLIENT_HANDSHAKE_TRAFFIC_SECRET 5ea1b27c944d45a8bf81d8dcbe4c71be16482cd9d2db7af60ea45e3069f97a37 253bcd643c7b543aaec549983ec1543db9e022359ef1c33025b20f4efc17fb04
SERVER_TRAFFIC_SECRET_0 5ea1b27c944d45a8bf81d8dcbe4c71be16482cd9d2db7af60ea45e3069f97a37 3fd5c6cf1e57df666d27c1b949ce0d9e4592374194d80f144272d5c6e83337df
CLIENT_TRAFFIC_SECRET_0 5ea1b27c944d45a8bf81d8dcbe4c71be16482cd9d2db7af60ea45e3069f97a37 7bcce391aba2b02462bd4a3f625d3491df061e653835bab9f3423ccc3828f07b
SERVER_HANDSHAKE_TRAFFIC_SECRET 32029cee7c667ce6c039d18c7ef232d4e4fde3e798880fa73447b9e33d24db6c ac49215e7e133f4228e08f5e284fc7d9326158321b2ce400010f36e134ccbc4b
CLIENT_HANDSHAKE_TRAFFIC_SECRET 32029cee7c667ce6c039d18c7ef232d4e4fde3e798880fa73447b9e33d24db6c ebfa2614b7fbc724b3ce42125fb3df28eb159072bf598369f3ad0bfc650f08b9
SERVER_TRAFFIC_SECRET_0 32029cee7c667ce6c039d18c7ef232d4e4fde3e798880fa73447b9e33d24db6c b3595e29b649c747da74675a122767d1d666d66749dfbb3deeafb2ea067206ab
CLIENT_TRAFFIC_SECRET_0 32029cee7c667ce6c039d18c7ef232d4e4fde3e798880fa73447b9e33d24db6c 67e11433ab5b09e51f15438e98febbef4b5de119997a7fe5dadf60c67cc9c2c6
SERVER_HANDSHAKE_TRAFFIC_SECRET 43c289ca6d8f44beca69ced3366d27b1c8b0744182aae8e160f310379636918e 4f883062147e93cf4c10d46c413db57d3b8f849d0b12fc8702fe76a210556cca
CLIENT_HANDSHAKE_TRAFFIC_SECRET 43c289ca6d8f44beca69ced3366d27b1c8b0744182aae8e160f310379636918e 21d8a1de496ec6c86f8eec51c15ee763431582d8084b02d429bcf7cad790ff8b
SERVER_TRAFFIC_SECRET_0 43c289ca6d8f44beca69ced3366d27b1c8b0744182aae8e160f310379636918e b74444c8a0c4c12998a6778166591a5e6c1412995eaa31b40cf7313a56cac8b5
SERVER_HANDSHAKE_TRAFFIC_SECRET 7045d7d629480b31ceeffcbba3ff4f49e5198177b81db0c4acb774f28a8ffe99 95d62d72a4b4c9baae66c34734b797066b87a6ffeec9b6407bc919ce64c1dd4d
CLIENT_HANDSHAKE_TRAFFIC_SECRET 7045d7d629480b31ceeffcbba3ff4f49e5198177b81db0c4acb774f28a8ffe99 53fd83d8b4e6c65fdd3549daa41ebeb10f974eeeed2943631c3f7a3209f42e06
SERVER_TRAFFIC_SECRET_0 7045d7d629480b31ceeffcbba3ff4f49e5198177b81db0c4acb774f28a8ffe99 731cbdcb7e128d87f9c29dfef11f139a7f575f50f76973745d9672a4e8ab9747
SERVER_HANDSHAKE_TRAFFIC_SECRET 985f0c87cab22646f98ca5e92f598cf0e63d6958aa04be04cb20e60a6054bbfc 9ef327dbd76857d3b27a6ef5161e5ef6cb12b940398499988f07daac23de9870
CLIENT_HANDSHAKE_TRAFFIC_SECRET 985f0c87cab22646f98ca5e92f598cf0e63d6958aa04be04cb20e60a6054bbfc 1cc58da13a95b3365475a6e117c44e80c4a020d0bf8b13b47d830604cfc76bb4
SERVER_TRAFFIC_SECRET_0 985f0c87cab22646f98ca5e92f598cf0e63d6958aa04be04cb20e60a6054bbfc 2244d0e33c8fbda578bc4098f9ddd91a477a822a3b0a61b904b83988d293b540
CLIENT_TRAFFIC_SECRET_0 985f0c87cab22646f98ca5e92f598cf0e63d6958aa04be04cb20e60a6054bbfc 83310de292137d6798e5380ca21fa9392972d624d4d3fe50a9eac964bfc1138a
SERVER_HANDSHAKE_TRAFFIC_SECRET c64e474b14e19322900f102ff1020768c781e03f146125e1b725cb1e5cd2bf0e 5ee916d9914e9cbed92d3d9582b23a5cd27da57550220a9ea0ea05eed35949c3
CLIENT_HANDSHAKE_TRAFFIC_SECRET c64e474b14e19322900f102ff1020768c781e03f146125e1b725cb1e5cd2bf0e 4e362c7481689e9679285d2035b85d1cda58714d2813df3d3a51e47d83a9eb90
SERVER_TRAFFIC_SECRET_0 c64e474b14e19322900f102ff1020768c781e03f146125e1b725cb1e5cd2bf0e 64a6dfed0cae553c36134a67d360899dcfee62a170a6febb679ea107698a45bb
CLIENT_TRAFFIC_SECRET_0 c64e474b14e19322900f102ff1020768c781e03f146125e1b725cb1e5cd2bf0e 3287e1a15ad7ecd9b335899929eb13b295d7762831cfa5fc372682f137a11f3c
SERVER_HANDSHAKE_TRAFFIC_SECRET 81ebd691cb424b6fbbf8af4ece5936ec7bc05429a533167b37fde8b4022da370 e68b0b8dac15460dee9c3ee75f4b4a188f6405170c4bba5f037e4bb3dce76359
CLIENT_HANDSHAKE_TRAFFIC_SECRET 81ebd691cb424b6fbbf8af4ece5936ec7bc05429a533167b37fde8b4022da370 bed3d5d6f01e3cc155785658ba50f912cc4cd9c461b91747d9d10f486c4e5341
SERVER_TRAFFIC_SECRET_0 81ebd691cb424b6fbbf8af4ece5936ec7bc05429a533167b37fde8b4022da370 098cea3b503a396df54f4031f4e0311024ed2e37908fffb1d20fccb987384c34
SERVER_HANDSHAKE_TRAFFIC_SECRET be3e6847ac2f9f7792a84f7b64054a3eca6b786fd5e71582b1d3ff111ccf21b4 c057a23987148d443084e00d87660d414a514958cf099a594127d41c5f44b389
CLIENT_HANDSHAKE_TRAFFIC_SECRET be3e6847ac2f9f7792a84f7b64054a3eca6b786fd5e71582b1d3ff111ccf21b4 52dae29af363afe81557eec7b9dba97c27a4fe81898502bc6b54769224fb8033
SERVER_TRAFFIC_SECRET_0 be3e6847ac2f9f7792a84f7b64054a3eca6b786fd5e71582b1d3ff111ccf21b4 a9c5674f8e1bc2b0c4102b590362da0b86331c4d5308a9fb34f77d0f88eb13c9
SERVER_HANDSHAKE_TRAFFIC_SECRET fb9d3418f8511b6d66be84aceeea37ef5db8fea65490cb709ae1962664d2e8a0 a057b25efe780c91b315d5b0f6c7f0f1588839b896f2ccc2e1f06669688ada4a
CLIENT_HANDSHAKE_TRAFFIC_SECRET fb9d3418f8511b6d66be84aceeea37ef5db8fea65490cb709ae1962664d2e8a0 e3a6ae12dca4135ccf80bcf3137a5cb1596bb62c7266bb10b169ac400bac4939
SERVER_TRAFFIC_SECRET_0 fb9d3418f8511b6d66be84aceeea37ef5db8fea65490cb709ae1962664d2e8a0 303bd67591b6177a6d295cab0a85f6167598ed87d2864a77104ef96b94d61099
CLIENT_TRAFFIC_SECRET_0 fb9d3418f8511b6d66be84aceeea37ef5db8fea65490cb709ae1962664d2e8a0 4b59d9bdf7e634edad63ce87c985ed7919d965664d0aff7da07240f64d7b10a0
SERVER_HANDSHAKE_TRAFFIC_SECRET 93acfd320c8e54b2ebbe3313d663c3bac1f745f9d2ea42cf4ea238cc4033d06a badadd0967877f34d997fb64e9edaca7abef4ce688399a1ba51f04564f903d88
CLIENT_HANDSHAKE_TRAFFIC_SECRET 93acfd320c8e54b2ebbe3313d663c3bac1f745f9d2ea42cf4ea238cc4033d06a 770434f48891ec611f71caab26d1fba793476f4361aa72c2c749992a782997bc
SERVER_TRAFFIC_SECRET_0 93acfd320c8e54b2ebbe3313d663c3bac1f745f9d2ea42cf4ea238cc4033d06a fbb0a92125e24f5e15d252364644fa7134efe9e8012e4bf8e363f8c926ba1956
CLIENT_TRAFFIC_SECRET_0 93acfd320c8e54b2ebbe3313d663c3bac1f745f9d2ea42cf4ea238cc4033d06a 9435b0e710e2bf83efe341805cef5990d0a51bc3ee11d0e50d6d3d7083fbdcb1
SERVER_HANDSHAKE_TRAFFIC_SECRET 1d77c0833df71ef0d37e1bd03bfeec971b7b05b3cc79362bad1c8c07e177c7fb d9f13cf1346752cd6c34171d0d7c5bf74c65bbab5fbb6cc3b8643b27f1a05c1c
CLIENT_HANDSHAKE_TRAFFIC_SECRET 1d77c0833df71ef0d37e1bd03bfeec971b7b05b3cc79362bad1c8c07e177c7fb b52edff808c91767444d18923a1f59de86a772037b934dd2da7f659953b77ba6
SERVER_TRAFFIC_SECRET_0 1d77c0833df71ef0d37e1bd03bfeec971b7b05b3cc79362bad1c8c07e177c7fb 969bc1d5dc8baa2b361ec78d751224b89b00496d747b776cf6c40bc5c5a2bf48
CLIENT_TRAFFIC_SECRET_0 1d77c0833df71ef0d37e1bd03bfeec971b7b05b3cc79362bad1c8c07e177c7fb 11053f9e79105a10445e16cd7d43529a8413f3f7fdbf0d545913e3d07479f993
SERVER_HANDSHAKE_TRAFFIC_SECRET 83d7797c959e64be1d1ee920f73b5ac49aff583c06e48eab08670bb64ef5539d 31d2a7876230a4ccee7c50ca079b7f2f7380fa38e3fa8bf4b2948e267da84b08
CLIENT_HANDSHAKE_TRAFFIC_SECRET 83d7797c959e64be1d1ee920f73b5ac49aff583c06e48eab08670bb64ef5539d 50cc9053999fed0ed71e2a9b276f729ab9af512d641f3e8632c57ffb2f67c974
SERVER_TRAFFIC_SECRET_0 83d7797c959e64be1d1ee920f73b5ac49aff583c06e48eab08670bb64ef5539d 562b9a4ba0310226e26bee2ddbeed96a448d1ecf08674e2436ef76071f503a6f
SERVER_HANDSHAKE_TRAFFIC_SECRET 0f5a3839d0500df32a0f991138d5c02bcd2a373cc83fe35a19e5e700d3f9515e 2effc63487847b0e8c9a61ccf42e2708b37a5178124b44b6981bf30efbb33f23
CLIENT_HANDSHAKE_TRAFFIC_SECRET 0f5a3839d0500df32a0f991138d5c02bcd2a373cc83fe35a19e5e700d3f9515e 01ee4fda6338b18485118865dfb6694fb4790adcfa3e68dd16ecc96eb23f3e69
SERVER_TRAFFIC_SECRET_0 0f5a3839d0500df32a0f991138d5c02bcd2a373cc83fe35a19e5e700d3f9515e 3e165b835683cc02f6f0f3d400547b38b1d698613d982117e9ada099a13d1894
CLIENT_TRAFFIC_SECRET_0 0f5a3839d0500df32a0f991138d5c02bcd2a373cc83fe35a19e5e700d3f9515e 74ad15c11177605cd03ddf9904d98c6b9ab0d97c7671991ff253dba49f0f46f7
SERVER_HANDSHAKE_TRAFFIC_SECRET 868fe6fa24e3f01510b701b65f22e9f966123f4b782e44ca4fa888a9b5151dfa 37890a366614292afa7b74adaa5ce504d13885e9ef0460c1290ccd9248490dc4
CLIENT_HANDSHAKE_TRAFFIC_SECRET 868fe6fa24e3f01510b701b65f22e9f966123f4b782e44ca4fa888a9b5151dfa bbd626b134232a0275ed4c39c25288dd4185ee5b9f328712dd092b747dc7be3f
SERVER_TRAFFIC_SECRET_0 868fe6fa24e3f01510b701b65f22e9f966123f4b782e44ca4fa888a9b5151dfa 408ceb16739d8e1dced51c514e02e707c8d1aebe628fde74b8ff6e9ac193f938
SERVER_HANDSHAKE_TRAFFIC_SECRET fd8af81046beee7dbfd7a0496375914caa39310f2c917a31d027f2b1f37dbe15 78e76cf6f05259bc4e04275cd7ccd5236e6008364857f428fdab68be093f7ec0
CLIENT_HANDSHAKE_TRAFFIC_SECRET fd8af81046beee7dbfd7a0496375914caa39310f2c917a31d027f2b1f37dbe15 b211c33ea55f598d8307eb8d94c122599268d2cd2c8b33f7eed18ac6f21d25e5
SERVER_TRAFFIC_SECRET_0 fd8af81046beee7dbfd7a0496375914caa39310f2c917a31d027f2b1f37dbe15 4cde8c489238d677f88cec10f1dd8c6454133904cf5674f15ce2c895c9d4ab73
SERVER_HANDSHAKE_TRAFFIC_SECRET b8e85d366d603716eac87a2f4252623b19614fb2189da83ae10280741c55dec5 172cac40cc068eb5b952d246e5427dc01d7f0e565d9517705e75ece6de0e9b2e
CLIENT_HANDSHAKE_TRAFFIC_SECRET b8e85d366d603716eac87a2f4252623b19614fb2189da83ae10280741c55dec5 029af8598b96597ecddbdc44c21d7cf5fe17035801fd17d6f6fcd16a901c746a
SERVER_TRAFFIC_SECRET_0 b8e85d366d603716eac87a2f4252623b19614fb2189da83ae10280741c55dec5 3c427ffdab68a07384d77ac7575783cc90d97e637c00e2f6181b0a9b1a2d2a64
CLIENT_TRAFFIC_SECRET_0 b8e85d366d603716eac87a2f4252623b19614fb2189da83ae10280741c55dec5 e7b08dc3b433328c7687dfec1407429d4c163e97a1fa13604c888cee483620b8
SERVER_HANDSHAKE_TRAFFIC_SECRET 6380febeab9bee33723e7938558d376490271c3b989c092efb7cfb641e477280 ddd0d66e02442935e7164fec42e66e5d1f82bf928db0c4395f24003eb2379170
CLIENT_HANDSHAKE_TRAFFIC_SECRET 6380febeab9bee33723e7938558d376490271c3b989c092efb7cfb641e477280 3017946a1d50df98645aa2ac17fee01351462c9c6867e5de56d1791fc6266979
SERVER_TRAFFIC_SECRET_0 6380febeab9bee33723e7938558d376490271c3b989c092efb7cfb641e477280 74ae2a80a9a3d374cdc818554b064f8fe36846bfa680752da3d60baa9fe0689f
CLIENT_TRAFFIC_SECRET_0 6380febeab9bee33723e7938558d376490271c3b989c092efb7cfb641e477280 ee49d55df2e7275f250f1c4075928fe91dea31c58fb0a9aee1892edd3ec13865
SERVER_HANDSHAKE_TRAFFIC_SECRET 16a06d8e6e4fc4b3b8bbe3f3567b11fe06218927803683bdd94ec3c43d6b5f22 d99f049303b2208946d112e5817acfd1b32f2ea842227a6a046470df39840260
CLIENT_HANDSHAKE_TRAFFIC_SECRET 16a06d8e6e4fc4b3b8bbe3f3567b11fe06218927803683bdd94ec3c43d6b5f22 0ff71fd3bd5ea01a5c70b4e6271c01295568185ae9af6dcbe998c050da15d61d
SERVER_TRAFFIC_SECRET_0 16a06d8e6e4fc4b3b8bbe3f3567b11fe06218927803683bdd94ec3c43d6b5f22 b5d5ae7f3da64d609936228674f84bc69381c6b11137dcc98819460da63df530
SERVER_HANDSHAKE_TRAFFIC_SECRET 58ef1fa8c41d6e0f234a9740b8c0d8e309c1cb53a0474e2919d6a065567957b9 9c0f22784215d6b90ef7f8648de260528a4f74ab2d9a707f2069c32a44663efd
CLIENT_HANDSHAKE_TRAFFIC_SECRET 58ef1fa8c41d6e0f234a9740b8c0d8e309c1cb53a0474e2919d6a065567957b9 1889f4d8a8a1a6e671c7fe7a05348cbffd0a98f7c131fa0c26edd6c10bade7bc
SERVER_TRAFFIC_SECRET_0 58ef1fa8c41d6e0f234a9740b8c0d8e309c1cb53a0474e2919d6a065567957b9 0a3000719e013a284b00b551f0bf82e4b72e90a86cd066b2ff2b2c150395fd43
CLIENT_TRAFFIC_SECRET_0 58ef1fa8c41d6e0f234a9740b8c0d8e309c1cb53a0474e2919d6a065567957b9 937a9171237880972874efe420d32f9d601c969420c0ee3104b8d1215c7b3b5b
SERVER_HANDSHAKE_TRAFFIC_SECRET 87e4534eca40abfbc4d38e71283d793316b784a96bb58bcf3e7c7d1ddad16eb4 fee4dbdcb973f972875be15cac2b6e790729edf453bce26654c17f2945017c50
CLIENT_HANDSHAKE_TRAFFIC_SECRET 87e4534eca40abfbc4d38e71283d793316b784a96bb58bcf3e7c7d1ddad16eb4 83980b2b2fc414db5a0d78581c36b95ece9dd4fd65d0ce3d3f9291445e53e8f4
SERVER_TRAFFIC_SECRET_0 87e4534eca40abfbc4d38e71283d793316b784a96bb58bcf3e7c7d1ddad16eb4 144698131583d4a037a7e7dfe93c519e1435a007866a02379444045502420c25
CLIENT_TRAFFIC_SECRET_0 87e4534eca40abfbc4d38e71283d793316b784a96bb58bcf3e7c7d1ddad16eb4 6e3e7f899beb33044bc2fcbe87e0b681b9bda5d4e8e40e9b5c0fe5ac1fabfdf7
SERVER_HANDSHAKE_TRAFFIC_SECRET 5056140e7571cd23c4bf73273b6b089f2dd9ab929b2186d4c4c51cd2a21f742b 5b6c8fe49d33cc18c2d9082a9659513d29d0a083df60c1bdc1de2a58d0127f3d
CLIENT_HANDSHAKE_TRAFFIC_SECRET 5056140e7571cd23c4bf73273b6b089f2dd9ab929b2186d4c4c51cd2a21f742b 2830ff933fe3a9502d66a4a62fe16fcc215fb7ff8166b0a7d450f0b5373a5aa5
SERVER_TRAFFIC_SECRET_0 5056140e7571cd23c4bf73273b6b089f2dd9ab929b2186d4c4c51cd2a21f742b ce1a4568d81c4c057a1a851e4beda56b314158360c7a411a043573cef3ad617a
CLIENT_TRAFFIC_SECRET_0 5056140e7571cd23c4bf73273b6b089f2dd9ab929b2186d4c4c51cd2a21f742b 56a779f3ed46d845bfa5166f7b064f86344f9ff528ba506f0655bf9c3b444e2d
SERVER_HANDSHAKE_TRAFFIC_SECRET 1ba782b0e6b9030499224da7d6b1fbfbfe1d5477577967e741b5567c578437c5 45d67390fde06f6a6c37532c3a5cd0f4e4dea2dab694eda9e94effcf29099a9c
CLIENT_HANDSHAKE_TRAFFIC_SECRET 1ba782b0e6b9030499224da7d6b1fbfbfe1d5477577967e741b5567c578437c5 300d59d021e2bc7e8a4aa9e7527458021e339bb0d7f7beabb9b44972809eb10c
SERVER_TRAFFIC_SECRET_0 1ba782b0e6b9030499224da7d6b1fbfbfe1d5477577967e741b5567c578437c5 8dae3508c2f6a8c9113428b6f530f24194e021e81a844ab81bf4cb5ee739014d
CLIENT_TRAFFIC_SECRET_0 1ba782b0e6b9030499224da7d6b1fbfbfe1d5477577967e741b5567c578437c5 50d382a1192517c9ef7ae1c41e9e83019b94eed00dc01020e66e81f258b80b6d
SERVER_HANDSHAKE_TRAFFIC_SECRET b8a18c747663a31f3cb4f7b2fa890783adf9f0ecbc84094dbf46dc51debe7a9b 1ba37a18a9b4696775ca23b05bdead2d5497b205af4556a0b6d5c26fae58bae0
CLIENT_HANDSHAKE_TRAFFIC_SECRET b8a18c747663a31f3cb4f7b2fa890783adf9f0ecbc84094dbf46dc51debe7a9b 4d326f0510cbe64bc34280430384e195a8f243ba7e4638cb9cc0479214dffdbe
SERVER_TRAFFIC_SECRET_0 b8a18c747663a31f3cb4f7b2fa890783adf9f0ecbc84094dbf46dc51debe7a9b 97a050543ecf56702bc736000a25346edb0b1cf75ea83c7e94a8761202342522
CLIENT_TRAFFIC_SECRET_0 b8a18c747663a31f3cb4f7b2fa890783adf9f0ecbc84094dbf46dc51debe7a9b b30cc3d2bc8757370a425b858db45b56ff88b0d696fe0d32fa0f89124b474e6b
SERVER_HANDSHAKE_TRAFFIC_SECRET fd4db72a3500b51a3b0f7359d88920bbebf611053cf8468ffee9fcc31294f2f5 00a03758a4e3f2b3ea423a1a5bf6ff4563bea25854ff1df9f5d12f0c18f2def2
CLIENT_HANDSHAKE_TRAFFIC_SECRET fd4db72a3500b51a3b0f7359d88920bbebf611053cf8468ffee9fcc31294f2f5 db154830ad54b6b8d94c240d612ae247cb8696ba3b9b0cd8f88af687a0c89b89
SERVER_TRAFFIC_SECRET_0 fd4db72a3500b51a3b0f7359d88920bbebf611053cf8468ffee9fcc31294f2f5 5ae68f08fc3c01059a37b5fd01257e5e7258a24fa7caf90e503a96c2560359c9
SERVER_HANDSHAKE_TRAFFIC_SECRET 216dabf5f0fe69f17327f21f3ec045c20f25275920f1e2dd5ab5e11d0ead5b85 a71706f2185a86c48eec27d3a132db469d8e58596e5ce5d14b00f1b2bd0bd092
CLIENT_HANDSHAKE_TRAFFIC_SECRET 216dabf5f0fe69f17327f21f3ec045c20f25275920f1e2dd5ab5e11d0ead5b85 cc337ac7b9b02623431fa81670116d62941849456aed579625cdb4ed17821d9e
SERVER_TRAFFIC_SECRET_0 216dabf5f0fe69f17327f21f3ec045c20f25275920f1e2dd5ab5e11d0ead5b85 1657ed8644063ca5be2505a2c12c654311e74a77d26a627fe2dec52c14370bfa
CLIENT_TRAFFIC_SECRET_0 216dabf5f0fe69f17327f21f3ec045c20f25275920f1e2dd5ab5e11d0ead5b85 51d669bdcf51b8ebf56382a2f704ff2780410a5ba268f3046025107e0950dda1
SERVER_HANDSHAKE_TRAFFIC_SECRET b0dfd404d3067a5d6338c693383ed943030ccc95546f9855c4c83d4dad1c44c7 ba553692d5468763a1bd057386e3958e0000d213b5a1eca8dc650ce0cce36cb2
CLIENT_HANDSHAKE_TRAFFIC_SECRET b0dfd404d3067a5d6338c693383ed943030ccc95546f9855c4c83d4dad1c44c7 6d4be3d34bff527179be9801fe2e8952d4bfb3aa025c9974dae9509fa664a366
SERVER_TRAFFIC_SECRET_0 b0dfd404d3067a5d6338c693383ed943030ccc95546f9855c4c83d4dad1c44c7 df9ec0d42a330c3486c9f7ba435c922f23bc0166cca3df68d9964d24bfb010cc
CLIENT_TRAFFIC_SECRET_0 b0dfd404d3067a5d6338c693383ed943030ccc95546f9855c4c83d4dad1c44c7 de7afcd41d043a67c5812eb5dcfeb597e1be4c07afd7b7cdc98d05f0c5d38f13
SERVER_HANDSHAKE_TRAFFIC_SECRET 01f6e4c69594acc527c7fa18c4fa3dd308c231ebe3a97e9e0f3d2a176f0a8bf2 90b68f0a5ab2e8112c91cab80deeae1b9c99dca9a683961d733b4f0ffbc45862
CLIENT_HANDSHAKE_TRAFFIC_SECRET 01f6e4c69594acc527c7fa18c4fa3dd308c231ebe3a97e9e0f3d2a176f0a8bf2 783a6a4ac9c78fcea9c3fc00f2d97ee24d293626a1653aae0e339d4465b916ab
SERVER_TRAFFIC_SECRET_0 01f6e4c69594acc527c7fa18c4fa3dd308c231ebe3a97e9e0f3d2a176f0a8bf2 4006357c90306db8bfceda0c0a50f9b7a032d601436262edca79b1693432c519
CLIENT_TRAFFIC_SECRET_0 01f6e4c69594acc527c7fa18c4fa3dd308c231ebe3a97e9e0f3d2a176f0a8bf2 3f18b77b50433460b881dd7140c3880175a556318b3747e898039894c9080e8f
SERVER_HANDSHAKE_TRAFFIC_SECRET 223500b31cd81dc653ffa846966d18d40dc83e5cb136ecbc5f7a5a6ef47dc704 bcf26afca18eb64c8c20d811b9dc6568e92200dc5037858540bf1dff59c335ac
CLIENT_HANDSHAKE_TRAFFIC_SECRET 223500b31cd81dc653ffa846966d18d40dc83e5cb136ecbc5f7a5a6ef47dc704 e5fcc41ec66ed4509b87ec962b76ad30eff7084fd53e4bd20cec70606dcc2438
SERVER_TRAFFIC_SECRET_0 223500b31cd81dc653ffa846966d18d40dc83e5cb136ecbc5f7a5a6ef47dc704 6f16a364cfe81bbf6ab52204644be0e66aa24c907b294aa99a1d914f38933399
CLIENT_TRAFFIC_SECRET_0 223500b31cd81dc653ffa846966d18d40dc83e5cb136ecbc5f7a5a6ef47dc704 90d70f0fcf067618f11ddef19717e46e915c2126d867cab414f74394986f75f2
SERVER_HANDSHAKE_TRAFFIC_SECRET 8361759487c01609124cc8092486b7d84e89693063d371abbd2dd7cb4f62b679 29dccb6d390b3210b777e0abccf4d6a9cbd0a3a4dc28c68604553babed3df489
CLIENT_HANDSHAKE_TRAFFIC_SECRET 8361759487c01609124cc8092486b7d84e89693063d371abbd2dd7cb4f62b679 f051cab3e45d540e2b42aa542ab4f8167f98260637b309e40d6e29cb80003aae
SERVER_TRAFFIC_SECRET_0 8361759487c01609124cc8092486b7d84e89693063d371abbd2dd7cb4f62b679 643c2d29a2e7dd6836a18f86a6011888255a09ffa06c64698febb27adddb63e9
CLIENT_TRAFFIC_SECRET_0 8361759487c01609124cc8092486b7d84e89693063d371abbd2dd7cb4f62b679 0076dff3342a24d9f5a07728bd43f5518a20f9b0ef630b83d8323f4ce740a90b
SERVER_HANDSHAKE_TRAFFIC_SECRET 3bb7b194425ceed23cd3ba9c6c1680c625bcd21d52b9f853cfe3b7dc51a038e2 5b18e719b22f58304f5323850fd96b0c2c100c97b84efd77b318a7d1d8c8df5b
CLIENT_HANDSHAKE_TRAFFIC_SECRET 3bb7b194425ceed23cd3ba9c6c1680c625bcd21d52b9f853cfe3b7dc51a038e2 36403c6cbddec1a3b7d21cbf199bc6e2b33f5c4cf6e21b20e92fc8370a4f2f9f
SERVER_TRAFFIC_SECRET_0 3bb7b194425ceed23cd3ba9c6c1680c625bcd21d52b9f853cfe3b7dc51a038e2 afbf41e224f6c88bed681ec223259a5efd8101e7b1dad8742bee44a2f784b706
CLIENT_TRAFFIC_SECRET_0 3bb7b194425ceed23cd3ba9c6c1680c625bcd21d52b9f853cfe3b7dc51a038e2 0cab3e15b5211b5d11a121d140e14b584afbe8b69a6a7280c16822602c80a240
SERVER_HANDSHAKE_TRAFFIC_SECRET 9c120abb2867f3f5294548ab2384878f4aa27bdfa9f01fcd8eed3fc7ce8bf8c3 ddc284d0491ab3f5f9a9afcbb22119c12fde7c13f17d0c6a075b9223f190680b
CLIENT_HANDSHAKE_TRAFFIC_SECRET 9c120abb2867f3f5294548ab2384878f4aa27bdfa9f01fcd8eed3fc7ce8bf8c3 c4ac4e31ad3f0df6bd91ede5dc8dcd0a50e8c80dc694091aeba8ecdbd2f75b43
SERVER_TRAFFIC_SECRET_0 9c120abb2867f3f5294548ab2384878f4aa27bdfa9f01fcd8eed3fc7ce8bf8c3 756c71b391aef3ea0708bcb3c6d1a06a83890f6525641087168e95d3e6c5bfd8
CLIENT_TRAFFIC_SECRET_0 9c120abb2867f3f5294548ab2384878f4aa27bdfa9f01fcd8eed3fc7ce8bf8c3 f0c2446a0c76dd4837ad917fc0064918a68929936408759775728edf90b63bb2
SERVER_HANDSHAKE_TRAFFIC_SECRET 34c3560702efcf46c51f946cf107ab4c1c9ec37ed42593a24cf2dbb530f8565a 1e2a50c8a8af816287471b9b8ab65c9883e0ca677eb00afb1ec44a3068f41737
CLIENT_HANDSHAKE_TRAFFIC_SECRET 34c3560702efcf46c51f946cf107ab4c1c9ec37ed42593a24cf2dbb530f8565a 26f0cf5de7c561708df062bb8bfa519d43cf518e0684df9ca7dfd4bcddba7ef5
SERVER_TRAFFIC_SECRET_0 34c3560702efcf46c51f946cf107ab4c1c9ec37ed42593a24cf2dbb530f8565a 147fcc56a6c8d7a58754fb2718e45ce3d5645652c81b6b28c87671bccebc5c43
CLIENT_TRAFFIC_SECRET_0 34c3560702efcf46c51f946cf107ab4c1c9ec37ed42593a24cf2dbb530f8565a 580ae0c29460ae1ca04233c6b60df43be2c90def4408157e60277f7bb37a76fd
SERVER_HANDSHAKE_TRAFFIC_SECRET e8df1bd17a220b66d61d02a42a3fd9bff6f5123a144033a47568a5ffc53b3ce7 64666f6c74f5ad7628d3f3096d1f8ba8694ca41f9d8c1e4cbaeabc9ded103326
CLIENT_HANDSHAKE_TRAFFIC_SECRET e8df1bd17a220b66d61d02a42a3fd9bff6f5123a144033a47568a5ffc53b3ce7 c5d0a101a8e5c3f46a0f6501ec1fe6d9c626d9a746936a627ac7af71498166df
SERVER_TRAFFIC_SECRET_0 e8df1bd17a220b66d61d02a42a3fd9bff6f5123a144033a47568a5ffc53b3ce7 793a7e66abd020245bc37186afec1cdc0c6995543ead312db1434d2174890b76
CLIENT_TRAFFIC_SECRET_0 e8df1bd17a220b66d61d02a42a3fd9bff6f5123a144033a47568a5ffc53b3ce7 907fcb39ca18e62a7198cf70fccbbfaa7cfb168c6175bf2d8b861e0c66f47e56
SERVER_HANDSHAKE_TRAFFIC_SECRET 1e42bf98f05caed7a904811d194041de6d5619719627679051530b51831f578c 200c11dbc9da5da05f7e8b4853db52958532876552dcd1eb134de40f34c9333d
CLIENT_HANDSHAKE_TRAFFIC_SECRET 1e42bf98f05caed7a904811d194041de6d5619719627679051530b51831f578c 898539cc38f3cec8b5a6a6071d528599a5804f4f72762d9db902f62e498e3dc0
SERVER_TRAFFIC_SECRET_0 1e42bf98f05caed7a904811d194041de6d5619719627679051530b51831f578c 58a6699c9855687b714fd9b5bc12b0229a1411457e4d4ba5e17dadf3b17d00c5
CLIENT_TRAFFIC_SECRET_0 1e42bf98f05caed7a904811d194041de6d5619719627679051530b51831f578c 1f21ab748b8a37cc1932a85287400edda339afd09b538dbf1cafe81e370e4007
SERVER_HANDSHAKE_TRAFFIC_SECRET a0bcf930b52b94e2863df1094c7f52019bf36461572a38626eab65245d94efab dc45dbae215f258ae05baaaeb03dbc256576b1f37631327eec45ab05e9d10c51
CLIENT_HANDSHAKE_TRAFFIC_SECRET a0bcf930b52b94e2863df1094c7f52019bf36461572a38626eab65245d94efab 825d008bb30fc6486de49b234f54215213cd3fd75ab41a32f9f8dfed0749c584
SERVER_TRAFFIC_SECRET_0 a0bcf930b52b94e2863df1094c7f52019bf36461572a38626eab65245d94efab c70f96a592f12052d1674d961f50e271cd13859174006827006e1f3883d0f0ed
CLIENT_TRAFFIC_SECRET_0 a0bcf930b52b94e2863df1094c7f52019bf36461572a38626eab65245d94efab b56eb8f9f687b1f19870d025c820cd2df8c4f2b82e5f08aec8f82d0839f0750f
SERVER_HANDSHAKE_TRAFFIC_SECRET 663f4cd2d17c06fd4c0cf3c7ff37184e6dbb5843a7b0d515029d3cc1d07ebd4e e1adb1255de9c6e3d86ca4be5dcf71cfc1273eeef4bf6ef976cd3458cc7dc85b
CLIENT_HANDSHAKE_TRAFFIC_SECRET 663f4cd2d17c06fd4c0cf3c7ff37184e6dbb5843a7b0d515029d3cc1d07ebd4e d58c8e949bc56962cbb446a3b4fff9b75b985186804c77208d3938ad0bdd31fa
SERVER_TRAFFIC_SECRET_0 663f4cd2d17c06fd4c0cf3c7ff37184e6dbb5843a7b0d515029d3cc1d07ebd4e 0e176cf69650ca52c645d1d15ae07075b2d8434f6e446b74f564d86415cd305a
SERVER_HANDSHAKE_TRAFFIC_SECRET e15d1e6677618ce5d2340080c78b87a2d715db788c289e602d23c3a46bf9dcc8 70c134b6d0b3f57ee1b6caf7a7482937b32fe4efe788c0fed874c1d2ab6cb0a8
CLIENT_HANDSHAKE_TRAFFIC_SECRET e15d1e6677618ce5d2340080c78b87a2d715db788c289e602d23c3a46bf9dcc8 3b7fa4ad1df7657124dbdd5d895d3a0a8236de0bed74e5f1739e68ad5cac50fd
SERVER_TRAFFIC_SECRET_0 e15d1e6677618ce5d2340080c78b87a2d715db788c289e602d23c3a46bf9dcc8 d7e35a4f4d32f2e9567a30521a029bbacc9fb4df4d1320546eed58094d04793c
CLIENT_TRAFFIC_SECRET_0 e15d1e6677618ce5d2340080c78b87a2d715db788c289e602d23c3a46bf9dcc8 a58ed8d4d55fea9adfc9a339e67ab9ddf8969688da3f3e5bc6b354b887412793
SERVER_HANDSHAKE_TRAFFIC_SECRET 825aea7ea560f253e5f899c048c87648ca44be3ad5db2a3baadea2a81100dbf2 85db2b6fca99fbe6382130fe9b7cac7fa2c262548aa844314992cc54abf4933c
CLIENT_HANDSHAKE_TRAFFIC_SECRET 825aea7ea560f253e5f899c048c87648ca44be3ad5db2a3baadea2a81100dbf2 e64bd2ff1eccb851a836242d70f1ea11785d65490d4aba5fbeed19aebac8a249
SERVER_TRAFFIC_SECRET_0 825aea7ea560f253e5f899c048c87648ca44be3ad5db2a3baadea2a81100dbf2 e4465e96402134f1edaa0d1a4499c5a88d95da2ba35f53919d26daf85ed292ac
CLIENT_TRAFFIC_SECRET_0 825aea7ea560f253e5f899c048c87648ca44be3ad5db2a3baadea2a81100dbf2 df75c67a3814a20546e5d073197d5c6548b75309e69eb90a48c964b89f3e8960
SERVER_HANDSHAKE_TRAFFIC_SECRET 7f4731089995a40a21cf3d739a42a503e99a796bcad5e66ce2794028b184663f 198fe5ed89a5e2c88f31771ec77b2d0ac81bdadb537598e3ca791c7a1fc8b404
CLIENT_HANDSHAKE_TRAFFIC_SECRET 7f4731089995a40a21cf3d739a42a503e99a796bcad5e66ce2794028b184663f 9042a784e3061e3f66b0d947d19e5d5e9108d87b84cd15458a1350d830e28808
SERVER_TRAFFIC_SECRET_0 7f4731089995a40a21cf3d739a42a503e99a796bcad5e66ce2794028b184663f 05e9049ae5fb9c539674c2cc46ab53755ba763a4ed635e5a30a7470aae379664
CLIENT_TRAFFIC_SECRET_0 7f4731089995a40a21cf3d739a42a503e99a796bcad5e66ce2794028b184663f 6290fd22eb1a57e60b276b114714ed4455337b607520b58df0dc7b3e51b809b6
SERVER_HANDSHAKE_TRAFFIC_SECRET aaf5f681460d27ce536b8709b981cf95e5df9aef27cd76810786673e5e1cc85d 07996597f3d992d5173c76faf5799d7b41181de4ebce4c33e9b8eefd858801af
CLIENT_HANDSHAKE_TRAFFIC_SECRET aaf5f681460d27ce536b8709b981cf95e5df9aef27cd76810786673e5e1cc85d dc71e14613432d0249d8cc653d6934e1995217b24d86a2870cefb4b8b5aba288
SERVER_TRAFFIC_SECRET_0 aaf5f681460d27ce536b8709b981cf95e5df9aef27cd76810786673e5e1cc85d dd7d0eb2ce699aec7192c385d3f92e4c94b3a11eb418c5a1977ef1903624c02b
CLIENT_TRAFFIC_SECRET_0 aaf5f681460d27ce536b8709b981cf95e5df9aef27cd76810786673e5e1cc85d 61bb83bbdfe5137a33c5a29552c9bb3830ef7abc7d5e283494c2b3dae895bc59
SERVER_HANDSHAKE_TRAFFIC_SECRET 3f9da3bfcda96ff7f70f1e5af6b242ccf89e29262075fc36f78a65f881bcbc56 bf05d74d971bb0cbdfb051b4d387f0c2e396d10f396b96115301c22b7af2ca56
CLIENT_HANDSHAKE_TRAFFIC_SECRET 3f9da3bfcda96ff7f70f1e5af6b242ccf89e29262075fc36f78a65f881bcbc56 cafa38da626542bfe34e7b8b15361326dfdbe077e7263dda7ce0d64244da730e
SERVER_TRAFFIC_SECRET_0 3f9da3bfcda96ff7f70f1e5af6b242ccf89e29262075fc36f78a65f881bcbc56 ddc43710cea8224a75d5a39160814a6854c12a76eed62a2b4005fe7657253545
CLIENT_TRAFFIC_SECRET_0 3f9da3bfcda96ff7f70f1e5af6b242ccf89e29262075fc36f78a65f881bcbc56 b45b534e4fbbeabac8cc9f5e745e21384e23ae8121d26b25c6059f37105f78c8
SERVER_HANDSHAKE_TRAFFIC_SECRET 7c6447b82016ecfac8a211d8ec8412cc208cb852c981f9baf177c2aef9d44faa d14971b46a0fb0b79cf7f32de97b3ecfa8d5fb98206ffb8918761bab4a18f043
CLIENT_HANDSHAKE_TRAFFIC_SECRET 7c6447b82016ecfac8a211d8ec8412cc208cb852c981f9baf177c2aef9d44faa 9c4b79f4f510e28c6b7ffddd546bdbb69e9002acba85644acbb04b3950b437d5
SERVER_TRAFFIC_SECRET_0 7c6447b82016ecfac8a211d8ec8412cc208cb852c981f9baf177c2aef9d44faa 50ff7d33ca67fabdc5ed9001cb5dfbc21e1ce6469b39920cdd0fd6f9b9b520a8
CLIENT_TRAFFIC_SECRET_0 7c6447b82016ecfac8a211d8ec8412cc208cb852c981f9baf177c2aef9d44faa 89205dec15b1db68f016ff024776492ffd77c706f65a4c8fe3e0228ea2c7086a
SERVER_HANDSHAKE_TRAFFIC_SECRET 35b2ccd50a6ac2377cf7a0dfa226b901ac3b297c9d080305b0d2747e058ce188 2e02fbe294bb6bc293d7e43d796e474ffd1021cf07ec76de29f8332d8d5bc144
CLIENT_HANDSHAKE_TRAFFIC_SECRET 35b2ccd50a6ac2377cf7a0dfa226b901ac3b297c9d080305b0d2747e058ce188 33f0419efa24f0fc1da3b128899563c9165288ccd50089fb60afa7703877e224
SERVER_TRAFFIC_SECRET_0 35b2ccd50a6ac2377cf7a0dfa226b901ac3b297c9d080305b0d2747e058ce188 36d58cf5ea981e0e3ea006aa444a79161aa5bf7f4799f3505fd20e9405bca843
CLIENT_TRAFFIC_SECRET_0 35b2ccd50a6ac2377cf7a0dfa226b901ac3b297c9d080305b0d2747e058ce188 9fdedad262b97e5b62342ee9556c4f1b0424068dc1fbb4f0709da55605e15310
SERVER_HANDSHAKE_TRAFFIC_SECRET fb04a68488297c2552aa5942b7807818f810530ee61905700b1113070bdc4942 f529269ebd8102a0a627798af4394ad3d35cdee652308e941826edbea89979d0
CLIENT_HANDSHAKE_TRAFFIC_SECRET fb04a68488297c2552aa5942b7807818f810530ee61905700b1113070bdc4942 28c2ec4f1b8b058a8f86dd9dedd8070bc2bf3131a6af8f453ea56985427950cc
SERVER_TRAFFIC_SECRET_0 fb04a68488297c2552aa5942b7807818f810530ee61905700b1113070bdc4942 88a6f64a66f83b29aae8449858dc53421e36ecfcc45724be191b9ffb4c78d606
SERVER_HANDSHAKE_TRAFFIC_SECRET 4e0bb4d1366b5e65be312dac1b9e0f0c3ad53ce151a7152ee6fe4c2dfb080379 95f6ba5884b415b1e478f953a09960615935371b81c23e057f4dc23b13378422
CLIENT_HANDSHAKE_TRAFFIC_SECRET 4e0bb4d1366b5e65be312dac1b9e0f0c3ad53ce151a7152ee6fe4c2dfb080379 48f4db2d8622d123c660ca2fd764d4a98de2384ce5d18a8edaebac682196cec4
SERVER_TRAFFIC_SECRET_0 4e0bb4d1366b5e65be312dac1b9e0f0c3ad53ce151a7152ee6fe4c2dfb080379 67cf9ecad648e3aa67ea7fbb84aef659123961d24b1a53fc6bdb1e5f7086da95
CLIENT_TRAFFIC_SECRET_0 4e0bb4d1366b5e65be312dac1b9e0f0c3ad53ce151a7152ee6fe4c2dfb080379 56a52c8a3ad7e4346d4a061d3a60412669a5d543744e50c3a352240462f77be2
SERVER_HANDSHAKE_TRAFFIC_SECRET cee9c559fbd3d0e732187c325c6ccb588f8bbadf1d8b5bf2c6330565b0a23422 6a3ff7e31a4c679a1f6638f9d09c61c66792b2ca3283dd55d358a0ecb2234fcf
CLIENT_HANDSHAKE_TRAFFIC_SECRET cee9c559fbd3d0e732187c325c6ccb588f8bbadf1d8b5bf2c6330565b0a23422 e966404728540c02ed683bfce9aeae0e7a5af4c36dae56f2a1efd8aa81eba3ac
SERVER_TRAFFIC_SECRET_0 cee9c559fbd3d0e732187c325c6ccb588f8bbadf1d8b5bf2c6330565b0a23422 480044baaaaf5d1ab21320b86ef96eae624f9b320d1551c5ecd56e7e221ab5eb
SERVER_HANDSHAKE_TRAFFIC_SECRET 02a8119f347c7a18284559b084b5862a4a08f2492e461b946e991d830fdf08cc e68bb4730f0ea9fd2bdcb9d43f0d09728f051424a2b3e60c631dc5ac9e984565
CLIENT_HANDSHAKE_TRAFFIC_SECRET 02a8119f347c7a18284559b084b5862a4a08f2492e461b946e991d830fdf08cc 7ff262270f8582a7a86bf213e7d25d60d174b1021beef3cfec221b59fb666be5
SERVER_TRAFFIC_SECRET_0 02a8119f347c7a18284559b084b5862a4a08f2492e461b946e991d830fdf08cc fadd03f57fa7a9d29921778e3dface8309157c35729336333247d3cfa764f9b9
SERVER_HANDSHAKE_TRAFFIC_SECRET 57a8e33f070aa27e90a6e511cd58137dd9c33ad09e3a1025924d93140e1419a1 690f2edf8cf282c2728fc5c55ed1d773d0d6659a3f8743c669a948b12b6d1e9f
CLIENT_HANDSHAKE_TRAFFIC_SECRET 57a8e33f070aa27e90a6e511cd58137dd9c33ad09e3a1025924d93140e1419a1 e15f978df39a48650e2c2a37c435fb5abcc23f18332d19c7a624a56485f85701
SERVER_TRAFFIC_SECRET_0 57a8e33f070aa27e90a6e511cd58137dd9c33ad09e3a1025924d93140e1419a1 2eaa504584307e6a3d3b25b3f536380f2966195c0180bb9393b0af915369cff9
CLIENT_TRAFFIC_SECRET_0 57a8e33f070aa27e90a6e511cd58137dd9c33ad09e3a1025924d93140e1419a1 41239e32d929357de020eabd497e3b30de529bd5be6b7ba232bc90c0885fae22
SERVER_HANDSHAKE_TRAFFIC_SECRET 971ddb2f549f1e93a9527814b70c682f8c50990e4e6dec332136af55cf1dba75 319947538f03c0053f6eef34816aefcef61ed1a4372e77d6e266e0efd45ff2c9
CLIENT_HANDSHAKE_TRAFFIC_SECRET 971ddb2f549f1e93a9527814b70c682f8c50990e4e6dec332136af55cf1dba75 ce87a2acb24ece76f232c090cb84e6285c898cf0ed0c2de2c37bc98704a9fae6
SERVER_TRAFFIC_SECRET_0 971ddb2f549f1e93a9527814b70c682f8c50990e4e6dec332136af55cf1dba75 fd957badfe3509a8de2eafcc7c41859cae5305dfabfc78fd2a2980aae197bf3d
CLIENT_TRAFFIC_SECRET_0 971ddb2f549f1e93a9527814b70c682f8c50990e4e6dec332136af55cf1dba75 bdac099125b28cc715f7f15965daf09707bf2f2497e4822fdc9df0744c19e62b
SERVER_HANDSHAKE_TRAFFIC_SECRET c0ec57c5b5dbb5fb083c051c715535b926be216eb4d77cb150e1d140a36263b5 0682306f28b4cf9ed61c3df15d9efbacc2a10ea6deff8705f51af3e963eccf6d
CLIENT_HANDSHAKE_TRAFFIC_SECRET c0ec57c5b5dbb5fb083c051c715535b926be216eb4d77cb150e1d140a36263b5 a55cac89cb20989bce9e790d29f726d6dca2b8b73be7ca918ffa3edb829ad74a
SERVER_TRAFFIC_SECRET_0 c0ec57c5b5dbb5fb083c051c715535b926be216eb4d77cb150e1d140a36263b5 8940c8c304044ecef8857782654c172c8ce19db6a6ad972fb22cf698b0311562
SERVER_HANDSHAKE_TRAFFIC_SECRET 88d94ad0c0888a9b25ff25ee0a4b448cdaff32aa67b3c819745d57e7749d0f8d 808383a525ad13ff3fa80627c5d9e834b1aede1b4d50e9e72fd92daa4ec7b905
CLIENT_HANDSHAKE_TRAFFIC_SECRET 88d94ad0c0888a9b25ff25ee0a4b448cdaff32aa67b3c819745d57e7749d0f8d c37229e13aaea159a9bf7a94e0a8381976777df630eefc9d6df81fde55373a61
SERVER_TRAFFIC_SECRET_0 88d94ad0c0888a9b25ff25ee0a4b448cdaff32aa67b3c819745d57e7749d0f8d 533e253417ba630137a94b4a6ab7b15d6eea1d9c206a308a5a34371b0110d5e8
SERVER_HANDSHAKE_TRAFFIC_SECRET 6016270b3fd2350b5784093337a0b6dc937640293a345a4df862d586e840ad08 5476e2b02bf24c591375f2b640798b655635fc94f38040ea2a88bf0b2758254e
CLIENT_HANDSHAKE_TRAFFIC_SECRET 6016270b3fd2350b5784093337a0b6dc937640293a345a4df862d586e840ad08 e16cbb23e50fb78b6c013909cf1fa9b1e10dadb9c013611d03d9d04a39a4a2a4
SERVER_TRAFFIC_SECRET_0 6016270b3fd2350b5784093337a0b6dc937640293a345a4df862d586e840ad08 7d68baed735a2c76a618d31529e26f086b90ecefa2a2f8d38835ddfaa1db37a7
CLIENT_TRAFFIC_SECRET_0 6016270b3fd2350b5784093337a0b6dc937640293a345a4df862d586e840ad08 de8f3ba8a5894a1e8fa083e81dddbc02cef74bac5e48ade6e84e8611f068737d
SERVER_HANDSHAKE_TRAFFIC_SECRET 5b54e64525d46ddba93b23086683c3f3d7eb6e2c874bc123431f482cb17cd228 5642e0133cf636bb6efad7dd19984dc60f34c1044f9adbd8e8fb86a69a2aaa2d
CLIENT_HANDSHAKE_TRAFFIC_SECRET 5b54e64525d46ddba93b23086683c3f3d7eb6e2c874bc123431f482cb17cd228 a14275a702e326789509692e1e796ba455ef77f0aec7fcf451ef193a5930923c
SERVER_TRAFFIC_SECRET_0 5b54e64525d46ddba93b23086683c3f3d7eb6e2c874bc123431f482cb17cd228 118ab524c96cd366f94b64e2e403e70b20f8c2c8a2a894223d1ab66130ccadb5
SERVER_HANDSHAKE_TRAFFIC_SECRET 6834636f3348f1c4025042413119c57ec075aa501b6031355653f40745b485cb 6fa952addc17e0fdf41cdc4a574928a49f3f35738c61e0882d1f2657c705943e
CLIENT_HANDSHAKE_TRAFFIC_SECRET 6834636f3348f1c4025042413119c57ec075aa501b6031355653f40745b485cb 322c614bb082379f5148d82d8d0079ca7933237aa1b4c65cbc1a6517891c15be
SERVER_TRAFFIC_SECRET_0 6834636f3348f1c4025042413119c57ec075aa501b6031355653f40745b485cb 62fe537dbae28aa6871f3bcff51c3ed66b5b1ad0e6d5461083be6dc54b6b296d
CLIENT_TRAFFIC_SECRET_0 6834636f3348f1c4025042413119c57ec075aa501b6031355653f40745b485cb 7a71e2aff586f1203d688143e7d5c46cf62bdcf7149134fbc2ed9173c6ed9fd9
SERVER_HANDSHAKE_TRAFFIC_SECRET 65ef62bde5dc2fb1bd5b76ef1270a9bd5c6bade9895f35430e4b17cf89077b0c f441ee9c3763fc8ef45a8741624bf6f08010aad74e14e0272087d1fc0de2e295
CLIENT_HANDSHAKE_TRAFFIC_SECRET 65ef62bde5dc2fb1bd5b76ef1270a9bd5c6bade9895f35430e4b17cf89077b0c 84b0b640450fd6bb8ce8ac1d1b0295bf3d53156e9ae19c0c47b8113536103cd0
SERVER_TRAFFIC_SECRET_0 65ef62bde5dc2fb1bd5b76ef1270a9bd5c6bade9895f35430e4b17cf89077b0c e32cde637dd1e2233e2fabe4cc4a202f711fd42019c62f414e8721a4abcba2c2
CLIENT_TRAFFIC_SECRET_0 65ef62bde5dc2fb1bd5b76ef1270a9bd5c6bade9895f35430e4b17cf89077b0c 89e5b9d437a6e02b904e576ad1cf1359d2f1f2be0561b4c53a9e3ed116df601c
SERVER_HANDSHAKE_TRAFFIC_SECRET a3e137780a7be57531d3f00995bb1b0679fb1556223ea5ab0796e6004b4bd570 6237aaf3f2ea1f681c8e0445910b56d303d3d713672ccf93f311a5db70ca9008
CLIENT_HANDSHAKE_TRAFFIC_SECRET a3e137780a7be57531d3f00995bb1b0679fb1556223ea5ab0796e6004b4bd570 75642fc23f92ac70afbfef1074fce1a258c960c8b4c16df57500eefd228d1fe5
SERVER_TRAFFIC_SECRET_0 a3e137780a7be57531d3f00995bb1b0679fb1556223ea5ab0796e6004b4bd570 bd67c3373db0a3629e998ecd578213308f12c941ccc35330474c4d2d74d4c92a
CLIENT_TRAFFIC_SECRET_0 a3e137780a7be57531d3f00995bb1b0679fb1556223ea5ab0796e6004b4bd570 20fd5adbaa3442ecbf853b427c2bfd6d28aed5d76d45bfc3505336bb5b51f62e
SERVER_HANDSHAKE_TRAFFIC_SECRET f9e612b436b5d2fdd03f0e85bd9b45ffada5efd3702461087184ade586d63332 9ed7e0db80e9cb5c5d0b2298d3d9b08db1e6e4ff0af52b3653ac41cf3b019590
CLIENT_HANDSHAKE_TRAFFIC_SECRET f9e612b436b5d2fdd03f0e85bd9b45ffada5efd3702461087184ade586d63332 2a848b4827a13b0896c6eeb693ce4524af00897db15a479e3e85b68c433feb11
SERVER_TRAFFIC_SECRET_0 f9e612b436b5d2fdd03f0e85bd9b45ffada5efd3702461087184ade586d63332 3204c67d85338e159476ccb13aa729ac6713a9c62469997b391a905a99cb4e1d
SERVER_HANDSHAKE_TRAFFIC_SECRET 629f40c3ebba05954761ce32ef97e918fbb6cf5caacb03333809e6e89bfa3c9b cb97bb57298dd009987449abf90d228e734b9bdb264361a83917c5ee757a90f7
CLIENT_HANDSHAKE_TRAFFIC_SECRET 629f40c3ebba05954761ce32ef97e918fbb6cf5caacb03333809e6e89bfa3c9b 08bf790dd2a0e68c20ae7b9b55b57b5c26b1338ef6c87e9dd7365b9969515863
SERVER_TRAFFIC_SECRET_0 629f40c3ebba05954761ce32ef97e918fbb6cf5caacb03333809e6e89bfa3c9b 51259a8df06395f4e0c26ef1cdde7dbc3a12782d8d596cd25cefd91315438ad0
SERVER_HANDSHAKE_TRAFFIC_SECRET eb1d957afdc8fff2ee3fb3544c25b044b56b10c78025d5c01ee089c01dc0e646 6456af363e965127b3a94b1038dee954754732dd843dfbd0ae4ed00e93096eb9
CLIENT_HANDSHAKE_TRAFFIC_SECRET eb1d957afdc8fff2ee3fb3544c25b044b56b10c78025d5c01ee089c01dc0e646 efb1e870890b50f57274e274f2637bf7b088ed9c751f8ffb3dace3ce68ff3de2
SERVER_TRAFFIC_SECRET_0 eb1d957afdc8fff2ee3fb3544c25b044b56b10c78025d5c01ee089c01dc0e646 bbd8c6bfd7fdbd53ee97f951e646f9d5f2e2f09e6e5400bac34e068be4b0c19a
SERVER_HANDSHAKE_TRAFFIC_SECRET 793e3750ec062427a24c016c36ce86de32e5619de440ec9e03a96dafb59870ef bbb3443351011a8170ba96b51174b8c29fef8a490ca5f9650ae5194a02724d75
CLIENT_HANDSHAKE_TRAFFIC_SECRET 793e3750ec062427a24c016c36ce86de32e5619de440ec9e03a96dafb59870ef 6ee6afa5cdff5918109c586deb3c1d11a977955eb53072ad2ae1c4e37a0d7804
SERVER_TRAFFIC_SECRET_0 793e3750ec062427a24c016c36ce86de32e5619de440ec9e03a96dafb59870ef 805bc3ab13fc23b04eb01aedfc0272a34bf72dbcaf2dc0c93573b762dc28c7f8
SERVER_HANDSHAKE_TRAFFIC_SECRET b6382db518d9e842b1bb9934fe49da7c6ac456ef9ad8112509c75bf90ed6e258 1e309f800adda358b03dd6add270a3c911fa9825f4ebedddded30e5f34be943d
CLIENT_HANDSHAKE_TRAFFIC_SECRET b6382db518d9e842b1bb9934fe49da7c6ac456ef9ad8112509c75bf90ed6e258 b78a5d070b8db85b7547356dda25a0c47ed7613e5bb5bc11ac278734c757ed02
SERVER_TRAFFIC_SECRET_0 b6382db518d9e842b1bb9934fe49da7c6ac456ef9ad8112509c75bf90ed6e258 d6e81afa1fa2a6597844f20e7967cb8492d05b8874a9e5ac0b09b7f5ef346b65
CLIENT_TRAFFIC_SECRET_0 b6382db518d9e842b1bb9934fe49da7c6ac456ef9ad8112509c75bf90ed6e258 58f625f77bd32f98cc90c7a5cb5c7d7eeb8e2d214028373c1498b5e10c3fb2bf
SERVER_HANDSHAKE_TRAFFIC_SECRET a274304f3700b2bf35f619ccbe55de57b2adbf3b615822d9fc6a8a58c17d6ad0 7d348d7788ff4a9337d9ffd9546e5ecc5b2945c8bd7ddaeecf6833548a2b953d
CLIENT_HANDSHAKE_TRAFFIC_SECRET a274304f3700b2bf35f619ccbe55de57b2adbf3b615822d9fc6a8a58c17d6ad0 46ac3d2bcc2b738df335662ce9dbe94288f26b653424c8d570fe6857e5a0e5a9
SERVER_TRAFFIC_SECRET_0 a274304f3700b2bf35f619ccbe55de57b2adbf3b615822d9fc6a8a58c17d6ad0 0648b00a3d9f7ac1769ef27be5df4c278d6ab501873f6520352e203c9ff60db3
CLIENT_TRAFFIC_SECRET_0 a274304f3700b2bf35f619ccbe55de57b2adbf3b615822d9fc6a8a58c17d6ad0 5a9d6c0e964bace884c67ee506166a7e034d6398273f76198ad64961cde71810
SERVER_HANDSHAKE_TRAFFIC_SECRET d6e5a1636fe015e5c3d8c372e79a9690bbbc37cf9cd14f8b1f0b5807df3bb461 0be70b677285545648029d30a7558b02aaaba6a19de814608f993d67c82612c1
CLIENT_HANDSHAKE_TRAFFIC_SECRET d6e5a1636fe015e5c3d8c372e79a9690bbbc37cf9cd14f8b1f0b5807df3bb461 582d181524202d005c2d550a9df174cf42dd7c773fee362f61c5ba5ec29679b0
SERVER_TRAFFIC_SECRET_0 d6e5a1636fe015e5c3d8c372e79a9690bbbc37cf9cd14f8b1f0b5807df3bb461 8639aab744fe0fa0e0cfe85cf016d818719db87c42fe518370d31fea8cf7159b
CLIENT_TRAFFIC_SECRET_0 d6e5a1636fe015e5c3d8c372e79a9690bbbc37cf9cd14f8b1f0b5807df3bb461 f5cdaed030f1d46f680302f3aa310772387a20b220e625da908c7d8f47164cfc
SERVER_HANDSHAKE_TRAFFIC_SECRET 4564dee1261f93d495f17f8320a1ddefe78c1d8662cb87c03e501b64e0e0ac36 68840ecee9818f069e009145ed727af5506ffc30d92ad8a11ccf5ec53a31ea1f
CLIENT_HANDSHAKE_TRAFFIC_SECRET 4564dee1261f93d495f17f8320a1ddefe78c1d8662cb87c03e501b64e0e0ac36 bab05c4635fdc3d6b8929baef79232f4d5dfb77c5013b236ec434563c3b9ca3c
SERVER_TRAFFIC_SECRET_0 4564dee1261f93d495f17f8320a1ddefe78c1d8662cb87c03e501b64e0e0ac36 84b2bdbe3537c52dd35062ab56cbcb75737f50c9babd422d610ea2676fa3f83d
CLIENT_TRAFFIC_SECRET_0 4564dee1261f93d495f17f8320a1ddefe78c1d8662cb87c03e501b64e0e0ac36 840f19b177f1ceb5563e9a9de9099da10a599c63fb29bd52bdb39f22bcc2f229
SERVER_HANDSHAKE_TRAFFIC_SECRET 70788e6248f685bdb6cfa08bf7db6b545e55855af069b9f68e782ee3a3820aa1 377be11279dbb2c571f2c1250bdca817d63c50035150c6029ccc37a1a2a274f8
CLIENT_HANDSHAKE_TRAFFIC_SECRET 70788e6248f685bdb6cfa08bf7db6b545e55855af069b9f68e782ee3a3820aa1 14b55194b6fed8c83eb1e38e2e09fd8893f42846ebf04ba70878260fac064a8b
SERVER_TRAFFIC_SECRET_0 70788e6248f685bdb6cfa08bf7db6b545e55855af069b9f68e782ee3a3820aa1 555252418213f039fd400beaaf99be36531e0d38c157511e1dbda09772853287
CLIENT_TRAFFIC_SECRET_0 70788e6248f685bdb6cfa08bf7db6b545e55855af069b9f68e782ee3a3820aa1 b97a1085038901585f6012287628c0f00a392c6f0851c9a4908f54251bfa7c6c
SERVER_HANDSHAKE_TRAFFIC_SECRET ab5d6a6e67e241cec4e7a14e5c0a9bce317c9fbe6d8d6218f5d2365ad9e13ff4 0e92aecd8a9705eadec467f5635f4a3ffdd540d69aff4e8b1ce687527e9d3609
CLIENT_HANDSHAKE_TRAFFIC_SECRET ab5d6a6e67e241cec4e7a14e5c0a9bce317c9fbe6d8d6218f5d2365ad9e13ff4 a7ac1c9a68e2371cfaaedbc3550e5fc00b2fabc3c548c76edf724b53662dcf82
SERVER_TRAFFIC_SECRET_0 ab5d6a6e67e241cec4e7a14e5c0a9bce317c9fbe6d8d6218f5d2365ad9e13ff4 7b567524b7899144c31f3f3f092d6d083931423a0fd86e48b037e338f302a9e5
SERVER_HANDSHAKE_TRAFFIC_SECRET e32d5eeb35849b89f73056dfa230961e7f6d2789ce34f486f3eb6782f8c7b084 7ac9c76fabfadd533c5c37cda5fa5f71a05ed22001ef513cf5ddc45af1e4581e
CLIENT_HANDSHAKE_TRAFFIC_SECRET e32d5eeb35849b89f73056dfa230961e7f6d2789ce34f486f3eb6782f8c7b084 24a07ffa3af37825e15d279bd20a554b8f7b7feb5f0ca56c02a56190e42618e8
SERVER_TRAFFIC_SECRET_0 e32d5eeb35849b89f73056dfa230961e7f6d2789ce34f486f3eb6782f8c7b084 12728938355078a4eb2513050a0b480d42aeaab40da9f277a27b85e5a1d9e3b1
CLIENT_TRAFFIC_SECRET_0 e32d5eeb35849b89f73056dfa230961e7f6d2789ce34f486f3eb6782f8c7b084 e73b965373751fb31075af9809d5882ea307b2f4b0c02634e3f847c0502e71d9
SERVER_HANDSHAKE_TRAFFIC_SECRET b218fade6fe6a2c60f85b337ea1c10aada656ea785e7efa257c9c01f850a3068 d46c72ee4e29c9fe189dd1b9444a87d276039a88bd117e23d364e2f4e3821150
CLIENT_HANDSHAKE_TRAFFIC_SECRET b218fade6fe6a2c60f85b337ea1c10aada656ea785e7efa257c9c01f850a3068 8fc6defb67f8d017f6df84bb66594d687c6f78c1cd64838f9ff5c3db630f15f8
SERVER_TRAFFIC_SECRET_0 b218fade6fe6a2c60f85b337ea1c10aada656ea785e7efa257c9c01f850a3068 a12a0d1d6a1cc0db169ddb81b824b36408a0d317dacf6de8d6f0bdb558296552
SERVER_HANDSHAKE_TRAFFIC_SECRET a9985b3fbc0496fd85c144a679ece2f7e6f195d7ac737aa08619542c0104d1cb ddb060499a4a63df9437c51532f4a4d11a9785a4266c5cf12dff0962330b5c27
CLIENT_HANDSHAKE_TRAFFIC_SECRET a9985b3fbc0496fd85c144a679ece2f7e6f195d7ac737aa08619542c0104d1cb e7116d374665ed609c6a52bbe185b0d1d182826f6f291f4ea19d7e39214b4f40
SERVER_TRAFFIC_SECRET_0 a9985b3fbc0496fd85c144a679ece2f7e6f195d7ac737aa08619542c0104d1cb 4d6688591ed044243c66ae8eb58aff9d05a5e0de8adba2f1f5f93bd2bd860c1d
SERVER_HANDSHAKE_TRAFFIC_SECRET 1dec5260639d96f06d216ff9c79fdbe0c03a2cf76838353866b3d2525ed2873e 724182d72577f85fb825c15659369fa4ae9e107cff508a8dc3d4327f5779b555
CLIENT_HANDSHAKE_TRAFFIC_SECRET 1dec5260639d96f06d216ff9c79fdbe0c03a2cf76838353866b3d2525ed2873e 4ddbd6f9d5148b1cd2e100f471a792c36569235c7c585156372879f0c16040cf
SERVER_TRAFFIC_SECRET_0 1dec5260639d96f06d216ff9c79fdbe0c03a2cf76838353866b3d2525ed2873e f797b3dc91b1eaf06efcd11293bd7a4260bb736058ef2e5c08b5de73c5e11c61
CLIENT_TRAFFIC_SECRET_0 1dec5260639d96f06d216ff9c79fdbe0c03a2cf76838353866b3d2525ed2873e 00910ad406c11cc98088b62ffa46c5a6b4a40cef62d7c6f2b6f67bd566997c3a
SERVER_HANDSHAKE_TRAFFIC_SECRET eb050a00f15ab29953a06b8a1389bed8f5da8d0033979103f3812df4c5475604 3f72731d6fb07ce8c881a06c7692196e39555fbc19313011021c70c6472f7397
CLIENT_HANDSHAKE_TRAFFIC_SECRET eb050a00f15ab29953a06b8a1389bed8f5da8d0033979103f3812df4c5475604 493d7f273ecf93e2e4657b7d915febdaeaad9f6e92780496cfb9ef08d51e4dac
SERVER_TRAFFIC_SECRET_0 eb050a00f15ab29953a06b8a1389bed8f5da8d0033979103f3812df4c5475604 7a63a0224577985e2a3126e5609dcc94df33018d896afef164c124ef09153fc4
SERVER_HANDSHAKE_TRAFFIC_SECRET 570a364c64d2591d82aecc52f3b53f0533ab84df7a3a918da0b2f29f15d81b92 14a692aad60b30bc6c2c5f9c6f19591a2b97faf7381cfe71ff3fed836921cc8d
CLIENT_HANDSHAKE_TRAFFIC_SECRET 570a364c64d2591d82aecc52f3b53f0533ab84df7a3a918da0b2f29f15d81b92 2bcab0cac93b72001bbda074617a648f701d2a3a7c1ee5da299b685d2ed6e285
SERVER_TRAFFIC_SECRET_0 570a364c64d2591d82aecc52f3b53f0533ab84df7a3a918da0b2f29f15d81b92 0ea79ec0becf01e96f7d52698f55e516b87b1e5400337ab5afbd6069ddcf3ac2
SERVER_HANDSHAKE_TRAFFIC_SECRET cbe7f3ffef72fe875cf307060ba6737e60a91982ae41b16f04c33dd484beb1db 3576bec18872e85b6e2276f2b80811cbd77478baa1198298d66860a3a455f884
CLIENT_HANDSHAKE_TRAFFIC_SECRET cbe7f3ffef72fe875cf307060ba6737e60a91982ae41b16f04c33dd484beb1db 5d219da9e64e6e1fac83ffa9b0dcf7f822cb5d2a7b134f05532ad54a4dc44eba
SERVER_TRAFFIC_SECRET_0 cbe7f3ffef72fe875cf307060ba6737e60a91982ae41b16f04c33dd484beb1db d89ad9b13bd8c3bbd0be0c20b5d7ee7de53c3c59af48c81920a0e83e10487de0
CLIENT_TRAFFIC_SECRET_0 cbe7f3ffef72fe875cf307060ba6737e60a91982ae41b16f04c33dd484beb1db 3bef2d02aa74454cd16207ae6bc19d356430ad3506c072902d30ade2ed7d7341
SERVER_HANDSHAKE_TRAFFIC_SECRET 48617a8e3dec9f578fd4be1267e396882ee8ae8ca4adeaf00de2b585265130de ac88575f4856ebffe693c72471aaba1b23bee6af1845a9b6cbac408f7823007a
CLIENT_HANDSHAKE_TRAFFIC_SECRET 48617a8e3dec9f578fd4be1267e396882ee8ae8ca4adeaf00de2b585265130de 8129d6cd489b7e28c248e10fd5692b04326a30ff83b820d656796968deac5c0e
SERVER_TRAFFIC_SECRET_0 48617a8e3dec9f578fd4be1267e396882ee8ae8ca4adeaf00de2b585265130de dc4b7b1c82f377779c1be9f7cb25b6026d41a9ea463affee9bc3719126a1560d
CLIENT_TRAFFIC_SECRET_0 48617a8e3dec9f578fd4be1267e396882ee8ae8ca4adeaf00de2b585265130de 80e13522c33a7aebdc5c24dd2bc0290534912ae3503e7080ddc9d7f658c98980
SERVER_HANDSHAKE_TRAFFIC_SECRET c8f0cdfe438c0e18d5e5d9c23ee3fa668cdd2a89ff4fe21b4199f7942a3811b5 5f80e2426391867f31c0b2d89cc08312fb5a1e11b54185f3c78c53516f2c3925
CLIENT_HANDSHAKE_TRAFFIC_SECRET c8f0cdfe438c0e18d5e5d9c23ee3fa668cdd2a89ff4fe21b4199f7942a3811b5 bda034e59e6941e1d298b5aebe4b0183d1a6d2ae0c5f721268a90b57083b8cea
SERVER_TRAFFIC_SECRET_0 c8f0cdfe438c0e18d5e5d9c23ee3fa668cdd2a89ff4fe21b4199f7942a3811b5 fe46d494bc93f3fa42d305c7625143b5795d505d8c29202af7750ef8bb828b1c
CLIENT_TRAFFIC_SECRET_0 c8f0cdfe438c0e18d5e5d9c23ee3fa668cdd2a89ff4fe21b4199f7942a3811b5 53720d8d1f0eda56e35116d45724a7457d211a07671e7a63ca89c3bb52a18038
SERVER_HANDSHAKE_TRAFFIC_SECRET 28a5b1324df61dda4a499e8b798bf9db9cf023482889ffb4d1d95ca7fb85f0aa fd577b769c91cba08c8593a483adb5feee1c00db6631bb78e7a8e02e6fe09a11
CLIENT_HANDSHAKE_TRAFFIC_SECRET 28a5b1324df61dda4a499e8b798bf9db9cf023482889ffb4d1d95ca7fb85f0aa 28530fd32d253fed4b5c1694b48cf81a43dab49be7e79a11cac3fc95914fc916
SERVER_TRAFFIC_SECRET_0 28a5b1324df61dda4a499e8b798bf9db9cf023482889ffb4d1d95ca7fb85f0aa fa753f1f4c626933be970d9f873aa5c344d92da6e5836519621992a23a9d7fe9
CLIENT_TRAFFIC_SECRET_0 28a5b1324df61dda4a499e8b798bf9db9cf023482889ffb4d1d95ca7fb85f0aa e361fd12d866b364c30b0b2330aa216cf4ad721573e1a5a5643deddf82e32e68
SERVER_HANDSHAKE_TRAFFIC_SECRET 5cbead9699238936ba134b2f7e434fec32f776f21eac6b53d267e2f37e04ed60 9d1321a4f9fec6fa75e69717efbc0fc6bafacc37e9b60a66008fc9f52f633ce6
CLIENT_HANDSHAKE_TRAFFIC_SECRET 5cbead9699238936ba134b2f7e434fec32f776f21eac6b53d267e2f37e04ed60 4cd663037a70b903a23264b37b533ff1082acf7a53a288aec19d2a684e9147b4
SERVER_TRAFFIC_SECRET_0 5cbead9699238936ba134b2f7e434fec32f776f21eac6b53d267e2f37e04ed60 a9e5e06803d47bdb034bf03a3cd637e8732cc030d1c8f94426d51a086fdba225
CLIENT_TRAFFIC_SECRET_0 5cbead9699238936ba134b2f7e434fec32f776f21eac6b53d267e2f37e04ed60 0e7743adb80c6fa8b155769c5667f9fa993ba31d46e97e02b0945b8427e0fd55
SERVER_HANDSHAKE_TRAFFIC_SECRET c11e69f46e1ec9be83e547919cc0709d515ab02b6f1d943222f348104dfec1da 13ad64f3686fade218cfd9eea85108ddf8ccbd1c6d8bdd2c9c2082f09aa2af86
CLIENT_HANDSHAKE_TRAFFIC_SECRET c11e69f46e1ec9be83e547919cc0709d515ab02b6f1d943222f348104dfec1da f32ce0897544a0878b11dcb573a868d4083a77524b7c2bfb288faaf49d01966d
SERVER_TRAFFIC_SECRET_0 c11e69f46e1ec9be83e547919cc0709d515ab02b6f1d943222f348104dfec1da 9a4977ad92f60eddc59954fc437a454a748ca4f6cc42a13a5103a1c9d69e2ce2
CLIENT_TRAFFIC_SECRET_0 c11e69f46e1ec9be83e547919cc0709d515ab02b6f1d943222f348104dfec1da 5f8226e5a891e405df4ea7b85e3d16e0c5d351ce4eea346b5af2ba2257728ecd
SERVER_HANDSHAKE_TRAFFIC_SECRET 2f1b1488b8c06e205d072380d351e5c62d6434321dd3ec1295b36760f8717bdd 22fbd63b2346b9a5ef5e861b217051d16226f4acf77315f07e4a267db12cf285
CLIENT_HANDSHAKE_TRAFFIC_SECRET 2f1b1488b8c06e205d072380d351e5c62d6434321dd3ec1295b36760f8717bdd ca2f6fe13ac3debc45ffbad6d47bdfa0da80831b41865ec91a1fcc17d35cf7f2
SERVER_TRAFFIC_SECRET_0 2f1b1488b8c06e205d072380d351e5c62d6434321dd3ec1295b36760f8717bdd 61074492338d105a66c467f921139d04693922fb54304b3f4852da90270c8518
SERVER_HANDSHAKE_TRAFFIC_SECRET c4d06383672c3512937f950f910458b5263bcd8f8e422b4993b6903a2784e6e8 84d284e4fcdc2136bbd081564754343d534a6fb9c1bedee42b8e6154281f9291
CLIENT_HANDSHAKE_TRAFFIC_SECRET c4d06383672c3512937f950f910458b5263bcd8f8e422b4993b6903a2784e6e8 33501e0465f4baa65bd176a3e100963940cf4bd43135859e11c82358ab0477f2
SERVER_TRAFFIC_SECRET_0 c4d06383672c3512937f950f910458b5263bcd8f8e422b4993b6903a2784e6e8 e615282cc061642da8ea352897147008d9553356e5ab050e26ddebe43179a875
CLIENT_TRAFFIC_SECRET_0 c4d06383672c3512937f950f910458b5263bcd8f8e422b4993b6903a2784e6e8 1d0fb42f2e563f98ec4747ddfaa3ae5affa412971ac68adee05bb2f8bd3e24e5
SERVER_HANDSHAKE_TRAFFIC_SECRET a6dbdc3281b18e0ca4ffa9bc5c9df629b3ceeb286114ac4d37fe9bc81597a32a 26c10ac68e15074346237da999be7a171e65bf06ac4b8e302bb69fe16d4926c3
CLIENT_HANDSHAKE_TRAFFIC_SECRET a6dbdc3281b18e0ca4ffa9bc5c9df629b3ceeb286114ac4d37fe9bc81597a32a 7a985b1492f079b3b586432954b22c87fba3a10e37af570eb710a682f7aa5ed3
SERVER_TRAFFIC_SECRET_0 a6dbdc3281b18e0ca4ffa9bc5c9df629b3ceeb286114ac4d37fe9bc81597a32a aa6617a29f0f9e8c23b41ee370a7d95a11177d265c4df34f391e2d11ec13d3ce
SERVER_HANDSHAKE_TRAFFIC_SECRET df7b13061ed1e142775969fbf6989f92f9d076c326a479b9eec871bbdea941ab e59e4260150a6b10e2a5724accabb2c5ddb84d83974bf610325835b18b58ee70
CLIENT_HANDSHAKE_TRAFFIC_SECRET df7b13061ed1e142775969fbf6989f92f9d076c326a479b9eec871bbdea941ab 46791cb6c69a9d6d182f377a563f59680ef8bcd8dedad3e2dba6cf16827624bf
SERVER_TRAFFIC_SECRET_0 df7b13061ed1e142775969fbf6989f92f9d076c326a479b9eec871bbdea941ab 18e5d7070a8cc4bcab40259c63394510ef6bd93b1aea67f5c5839781b6b13657
SERVER_HANDSHAKE_TRAFFIC_SECRET 4f2a22ac513fb7542833e337cd83221c84af514723e5525d193dded5ec39675f 0d571c5cf2ae4f15bbd322559cd7b43970afe8e1312344c64b448b0a9066d61b
CLIENT_HANDSHAKE_TRAFFIC_SECRET 4f2a22ac513fb7542833e337cd83221c84af514723e5525d193dded5ec39675f 0c3d1f073570952868630686ee1f92b4cd562d94fea3502f7973b9a4e41525d9
SERVER_TRAFFIC_SECRET_0 4f2a22ac513fb7542833e337cd83221c84af514723e5525d193dded5ec39675f f4a92ee53faf207e9c309c18d57c8a1f9d1c3b615afa44b1424851693676dd5e
CLIENT_TRAFFIC_SECRET_0 4f2a22ac513fb7542833e337cd83221c84af514723e5525d193dded5ec39675f f0038db0f1f1cdc8e39ad863b142867bedb3bd8d2caec7a4e23b447073c694db
SERVER_HANDSHAKE_TRAFFIC_SECRET 247fbab584e2e3a67262058275809cefaefde82b6c5e5f066ff53bf689a30805 a9d87e1f131b43f08c58759a84c87865d358b624fa0fe0d1340b9592f6bcec02
CLIENT_HANDSHAKE_TRAFFIC_SECRET 247fbab584e2e3a67262058275809cefaefde82b6c5e5f066ff53bf689a30805 5f9f3361256bdf46a543d947d787661f693d2dba5cfe19beed8a5fec1c90c7c8
SERVER_TRAFFIC_SECRET_0 247fbab584e2e3a67262058275809cefaefde82b6c5e5f066ff53bf689a30805 51e2ab113b472717447bd9b5e1e813d98c4ea9c35e68a59f4e7d05194f3cf0cd
CLIENT_TRAFFIC_SECRET_0 247fbab584e2e3a67262058275809cefaefde82b6c5e5f066ff53bf689a30805 fd1406c9ba639710d8fe8d375d4b0f2d4b15e9a80686a7e7d9a07d55b923ed9e
SERVER_HANDSHAKE_TRAFFIC_SECRET 597097c059fa38eef3cc58bd42ac5fea1deeea67b3a0c88a42a9ea9ceee55b58 6db8bfcddaf8bf29ab551bef89829c99ca2284083a613299a6fd3fa51cbee4d2
CLIENT_HANDSHAKE_TRAFFIC_SECRET 597097c059fa38eef3cc58bd42ac5fea1deeea67b3a0c88a42a9ea9ceee55b58 0dbb9dfd2cd2f3c393bb42fb48411265be63892eea99d505772daec733f9c337
SERVER_TRAFFIC_SECRET_0 597097c059fa38eef3cc58bd42ac5fea1deeea67b3a0c88a42a9ea9ceee55b58 97d765676b969cb5a5e71c0f157344ccd1fe66439d4abfedd3e4348c06bac096
SERVER_HANDSHAKE_TRAFFIC_SECRET 885382d6645fed13e194160e40805a84d34b0256ac93396d0055806402b33a80 ca295669faaa436b5f8ad389e25fb2618d72408dff75844a7602ced32cf22197
CLIENT_HANDSHAKE_TRAFFIC_SECRET 885382d6645fed13e194160e40805a84d34b0256ac93396d0055806402b33a80 f3ef3295e2536b29d979ff1894526aad2377ea458aa28eb2825e4724b4961adc
SERVER_TRAFFIC_SECRET_0 885382d6645fed13e194160e40805a84d34b0256ac93396d0055806402b33a80 19e9571c541b6781b59bd31fa6d07eb0bde0a71c425897f1bcdb215a21265172
CLIENT_TRAFFIC_SECRET_0 885382d6645fed13e194160e40805a84d34b0256ac93396d0055806402b33a80 9c66ea24de0d51667662aefdaa5baa0717d3c16d2be84902455f5f778ee1aa92
SERVER_HANDSHAKE_TRAFFIC_SECRET 8aa6cf758bbb457eecca4aa2a7ff55bad976cfe3acb66d22ec2d1d6ac9943962 ca3a472d35d99ba820eb637a15c023751c9464f9c63d4d9f69e36a96f5eeb985
CLIENT_HANDSHAKE_TRAFFIC_SECRET 8aa6cf758bbb457eecca4aa2a7ff55bad976cfe3acb66d22ec2d1d6ac9943962 8846f07164c5aa434a9054034414cd171a012328a99616a46a4f2a3d4d2f0be2
SERVER_TRAFFIC_SECRET_0 8aa6cf758bbb457eecca4aa2a7ff55bad976cfe3acb66d22ec2d1d6ac9943962 c8bf6ee7e3d4670dfdcd4067b730b9166f576f2472b5a25ef2d0155ab842252b
CLIENT_TRAFFIC_SECRET_0 8aa6cf758bbb457eecca4aa2a7ff55bad976cfe3acb66d22ec2d1d6ac9943962 9b78f8aaa6ab02c1779e1340fd455ce98db62c2e686568d1607a38393237c49c
SERVER_HANDSHAKE_TRAFFIC_SECRET 2d5ce618b909dd26a385b118e85e5ce243f9ca0e7335514bf176d6b5bf596574 14639c63276718936a85fb468ddb40181447304d8b14e2383fffd38fb42decc0
CLIENT_HANDSHAKE_TRAFFIC_SECRET 2d5ce618b909dd26a385b118e85e5ce243f9ca0e7335514bf176d6b5bf596574 c3bd2e045525b2ae70b43ea93205714eac97ddfa275492e758b157b06cc54cba
SERVER_TRAFFIC_SECRET_0 2d5ce618b909dd26a385b118e85e5ce243f9ca0e7335514bf176d6b5bf596574 6ba0665dcb5b3751c6124f2392ce8992b322c8af692207d2a6f9b7eff28dc75e
CLIENT_TRAFFIC_SECRET_0 2d5ce618b909dd26a385b118e85e5ce243f9ca0e7335514bf176d6b5bf596574 bb1e0f740802b2cd1fe0bc2f68cce9e65fed9ed3cea8a4466d29a78f62e2f162
SERVER_HANDSHAKE_TRAFFIC_SECRET f01a09d96d267877846cd0c3917d60015d1e79a41259b30895b4c7e0aea5df7c d4ddad133e583f52716f4d1f01361ef1ac688fa60feff73956b71dc4e1a689e3
CLIENT_HANDSHAKE_TRAFFIC_SECRET f01a09d96d267877846cd0c3917d60015d1e79a41259b30895b4c7e0aea5df7c 9b284089205cf07334caaeda30a1dcc39f97535e1d031dbbc823924e65b72c36
SERVER_TRAFFIC_SECRET_0 f01a09d96d267877846cd0c3917d60015d1e79a41259b30895b4c7e0aea5df7c dd0322d3e7eb6461a09473689f9de287ef1a3d4b4abeac33f9dd41aee018c3ef
CLIENT_TRAFFIC_SECRET_0 f01a09d96d267877846cd0c3917d60015d1e79a41259b30895b4c7e0aea5df7c 7b7e229d920091c7c423ef216867d67536c6ec76d24d373386963b9c3915d06b
SERVER_HANDSHAKE_TRAFFIC_SECRET dfa65bea6643d3e40505c1c15de96a284d70471e6a0382195cfba33ca094c61a 2b6d59f137e444f9f19e8b1c877e9e0d6aebce62c5ea0b32f277b9fcc15b802d
CLIENT_HANDSHAKE_TRAFFIC_SECRET dfa65bea6643d3e40505c1c15de96a284d70471e6a0382195cfba33ca094c61a 0ce11098ce82e052efd5204307436bbf00cdfb5f631bbcaf3d09e4086f7bf28f
SERVER_TRAFFIC_SECRET_0 dfa65bea6643d3e40505c1c15de96a284d70471e6a0382195cfba33ca094c61a 3ffa53262ad650102cfd52a610de2d5ed1903de32c5a395d9ba2443897d157ce
CLIENT_TRAFFIC_SECRET_0 dfa65bea6643d3e40505c1c15de96a284d70471e6a0382195cfba33ca094c61a 40d93d5dfb53d8bb15b0dc711b08987a49caaa9f944909af34e4602c2f5cac89
SERVER_HANDSHAKE_TRAFFIC_SECRET b130f81b4d2c124cdf6b5506727b9fcecab0937801d71024a5f4383815f0c90f a71e067997eccf9c17bc1deb4e87c5c0bf078d62b4cbfd1d71c847319cccfbd2
CLIENT_HANDSHAKE_TRAFFIC_SECRET b130f81b4d2c124cdf6b5506727b9fcecab0937801d71024a5f4383815f0c90f 5c44db212f4fe755445a9ed1c78725be70dedfd3f2e850a645435be572653e68
SERVER_TRAFFIC_SECRET_0 b130f81b4d2c124cdf6b5506727b9fcecab0937801d71024a5f4383815f0c90f 9177263c8a7ed58f2227c09b3ef64078a66e16317139b77cc98e0965c35da0fa
CLIENT_TRAFFIC_SECRET_0 b130f81b4d2c124cdf6b5506727b9fcecab0937801d71024a5f4383815f0c90f 99e789e059cb92d3343f4dc08c79884e1a886d7b79cbbd41d31fbee598558e88
SERVER_HANDSHAKE_TRAFFIC_SECRET 42e904ab92674fbb5bf271b76cee3d7d66a8b5d2cd62066def89506d2378cc52 eb00b89173decf518f4bd66c261265ce1b43a38806656b100a83cbc1c626f59f
CLIENT_HANDSHAKE_TRAFFIC_SECRET 42e904ab92674fbb5bf271b76cee3d7d66a8b5d2cd62066def89506d2378cc52 b12405da1dd4c5b33140f291c156e1bbfb1c06187dc4aa436051bda5a04df7e9
SERVER_TRAFFIC_SECRET_0 42e904ab92674fbb5bf271b76cee3d7d66a8b5d2cd62066def89506d2378cc52 489339bf0e5000450d39197f4075b8edcf42e48cdd169eb6f504574f719d2c03
SERVER_HANDSHAKE_TRAFFIC_SECRET 9b0ceb72c03db72ebba73e95cfbac753d1a753a412fd6c046334330ea3faffd0 007421156683fb63083c44812b2ba00d5638ea7dfc195f7b71c5cabd3ba8855e
CLIENT_HANDSHAKE_TRAFFIC_SECRET 9b0ceb72c03db72ebba73e95cfbac753d1a753a412fd6c046334330ea3faffd0 762522aee3521b7e896b1840ba3916789ef78988728c2d12863adb9976cbcbb0
SERVER_TRAFFIC_SECRET_0 9b0ceb72c03db72ebba73e95cfbac753d1a753a412fd6c046334330ea3faffd0 917390ec23ae9e3f485021ec8d97703ef7fe64bac1c86dfe394eb941003bfa39
CLIENT_TRAFFIC_SECRET_0 9b0ceb72c03db72ebba73e95cfbac753d1a753a412fd6c046334330ea3faffd0 3abcbd2015b0a9d1a1908ad4281ef584b0186bf76f5806217351096e81b6aa74
SERVER_HANDSHAKE_TRAFFIC_SECRET 61cec31e9760cef38bec9f0e87cd4bc149ea7a9c18ce3ad9e7435ca54d6a0d5b 1852effb3bc18a46ac6ebe087e952fa471d2ef125c1a725b53cae78de5c2aa6d
CLIENT_HANDSHAKE_TRAFFIC_SECRET 61cec31e9760cef38bec9f0e87cd4bc149ea7a9c18ce3ad9e7435ca54d6a0d5b 57db2bfee248022010cc035dce595874d5127de23e213930149a5e60f0ca9ade
SERVER_TRAFFIC_SECRET_0 61cec31e9760cef38bec9f0e87cd4bc149ea7a9c18ce3ad9e7435ca54d6a0d5b 05c3e6cbda0dca352e91965ed1f76695e28c94343453e46b6f4b352c818a33b5
CLIENT_TRAFFIC_SECRET_0 61cec31e9760cef38bec9f0e87cd4bc149ea7a9c18ce3ad9e7435ca54d6a0d5b 0777d88278f74ab8be81f5f4047da108e458bedfefa6f823d250c8205b9785df
SERVER_HANDSHAKE_TRAFFIC_SECRET 222065b5344b555acebe6d3536373fd75b3485e66a57e8b9758b1d0cfd0c0c97 f0b95092e0ef6f1f33e27c6b58678395ef279844200b415b728ee869e1a205a1
CLIENT_HANDSHAKE_TRAFFIC_SECRET 222065b5344b555acebe6d3536373fd75b3485e66a57e8b9758b1d0cfd0c0c97 dc0a2aeca7227adcddd237cb665224d16b1d93b74dc77769c410fb1c28c99c84
SERVER_TRAFFIC_SECRET_0 222065b5344b555acebe6d3536373fd75b3485e66a57e8b9758b1d0cfd0c0c97 2c994da76e6e9859ad99d08fff6913946ff9be3b5ecec377a858453301e97ecd
CLIENT_TRAFFIC_SECRET_0 222065b5344b555acebe6d3536373fd75b3485e66a57e8b9758b1d0cfd0c0c97 ee7b5295e47292e533c0335fce00ae5b754f03cd1ac4aa2dc10e7bc98e0f55fc
SERVER_HANDSHAKE_TRAFFIC_SECRET cda87347cdd657a8660692b09b66aaebb8448170bf4f775a5706d2176cf87afb 33aa0c59bb59c7cbb16c7daf2a16b899175f78d330c64280a9a115ab11f56fdf
CLIENT_HANDSHAKE_TRAFFIC_SECRET cda87347cdd657a8660692b09b66aaebb8448170bf4f775a5706d2176cf87afb 24f3a6361c37f6b89fbdb732247df67ad65ff0c65a25c5fab3618d1c763efb05
SERVER_TRAFFIC_SECRET_0 cda87347cdd657a8660692b09b66aaebb8448170bf4f775a5706d2176cf87afb cf2fb278e832e38fe380e948cfb28b0078eb7cf18e8b39b4155a297e17aa80dc
SERVER_HANDSHAKE_TRAFFIC_SECRET 61deffe09ea9bf6a4a7c56936ce5e9ffaa7cb3a4d6e2439ae9ad66c1b3365b5a 72513a42fc2bfb32c137fcd032e5d20811d5df119cc153a8bb4e3c85960ee1d1
CLIENT_HANDSHAKE_TRAFFIC_SECRET 61deffe09ea9bf6a4a7c56936ce5e9ffaa7cb3a4d6e2439ae9ad66c1b3365b5a 725bd9dbf64c0226d68884eea28171d4f2fe7fa3fabf0d887377db1a7a5c04ca
SERVER_TRAFFIC_SECRET_0 61deffe09ea9bf6a4a7c56936ce5e9ffaa7cb3a4d6e2439ae9ad66c1b3365b5a 8f7a406452f60ef2477e78caf5f420110269f17d162431be1f555ccb9c625049
CLIENT_TRAFFIC_SECRET_0 61deffe09ea9bf6a4a7c56936ce5e9ffaa7cb3a4d6e2439ae9ad66c1b3365b5a dd88a38f69a719f97e2c16e2576af9a2c3d4b8ccfbbc8c6e5bcf0a86a16fb407
SERVER_HANDSHAKE_TRAFFIC_SECRET 4fe3b7c5dc475973ca58a3bf246144736d8469e8a605d48dfe26bf30a454f75b b49db8fe6062fbb8794d4e47ca8e603e5c85088da3b9eea6446d6c3f114f5ef5
CLIENT_HANDSHAKE_TRAFFIC_SECRET 4fe3b7c5dc475973ca58a3bf246144736d8469e8a605d48dfe26bf30a454f75b e3c96a7385d1c1bbd0fa354be57da13ac0650f88aebe11d7a4bd6cce1e89c92d
SERVER_TRAFFIC_SECRET_0 4fe3b7c5dc475973ca58a3bf246144736d8469e8a605d48dfe26bf30a454f75b 9ce08dd2c57223975c13fb47f77aeacf8adf35a036c8ef6b3765afa0de3c8987
CLIENT_TRAFFIC_SECRET_0 4fe3b7c5dc475973ca58a3bf246144736d8469e8a605d48dfe26bf30a454f75b 80716dcf4c6ffc8cb32111ddaf5c307a1b1bef4336a865d8b5ef10628880db1b
SERVER_HANDSHAKE_TRAFFIC_SECRET 16deecb9665761f5adb193b6ce7b677a571fa224d319644f6ac7f34b6720e962 b92e68245eb4cac2934b2a0c460559b97241aca34727993fcdfd262239211f06
CLIENT_HANDSHAKE_TRAFFIC_SECRET 16deecb9665761f5adb193b6ce7b677a571fa224d319644f6ac7f34b6720e962 8563942f72012aabd852a93eb81a572ce7da2b3a4f9fb6e18ce67eb0153233f9
SERVER_TRAFFIC_SECRET_0 16deecb9665761f5adb193b6ce7b677a571fa224d319644f6ac7f34b6720e962 a3349ac2a2496f47cc793db565d823e69d28bd937ce2ecec1558cde9229d6fb7
CLIENT_TRAFFIC_SECRET_0 16deecb9665761f5adb193b6ce7b677a571fa224d319644f6ac7f34b6720e962 7ee6bfcce90ee229634a4e06b0b131de26092f9b5f0104c697512785fb94b1d8
SERVER_HANDSHAKE_TRAFFIC_SECRET be676eee00b28a62aceb25f016e406eb2e01c1a44b6bd0abe2def6d27e6e4729 93492efdd8db440e3662d49fc4f19d8d9868f901f9711ab7be1a19bae899bb14
CLIENT_HANDSHAKE_TRAFFIC_SECRET be676eee00b28a62aceb25f016e406eb2e01c1a44b6bd0abe2def6d27e6e4729 df1b0f7055f5a2833e436b2a9689e2d021774b9cecc8ee5d1bcfb179ef308906
SERVER_TRAFFIC_SECRET_0 be676eee00b28a62aceb25f016e406eb2e01c1a44b6bd0abe2def6d27e6e4729 92013ed45fc09ba86ca1589e38171aed7b498a01bca47a93710795c1c881e269
SERVER_HANDSHAKE_TRAFFIC_SECRET 96f3c014f5c146fca09851cbea6cdf5f575ec6749ae450b3a265092771dd0323 2580ce869f71c238d96057bccbab3ea760c3867c4ec7eef04d5422cc7182c2a3
CLIENT_HANDSHAKE_TRAFFIC_SECRET 96f3c014f5c146fca09851cbea6cdf5f575ec6749ae450b3a265092771dd0323 bc67f57a33d4862eb7bce2d5c20f1726d9acde99cf69a2a40960cb445cf99763
SERVER_TRAFFIC_SECRET_0 96f3c014f5c146fca09851cbea6cdf5f575ec6749ae450b3a265092771dd0323 c5271c0cbb6ff9e0ca38884b4f8f75e67d90de4f812244212bbff94366e04c22
CLIENT_TRAFFIC_SECRET_0 96f3c014f5c146fca09851cbea6cdf5f575ec6749ae450b3a265092771dd0323 c3debb4cb6505de203569a168499605511242f2744047164f5953d1315e4cb8c
SERVER_HANDSHAKE_TRAFFIC_SECRET 7e0fc4af8f24cdedbba83e4eed8ca063513bdd3d56db93e12ee3f85d07ab086b 2203869dfe0e71cbe768724cba8fb86c229ebc3883e81bf58c005b7beac921d2
CLIENT_HANDSHAKE_TRAFFIC_SECRET 7e0fc4af8f24cdedbba83e4eed8ca063513bdd3d56db93e12ee3f85d07ab086b e322fec5f49cb9481aeece8f377e3824ba25182d0ea6a02bc82f57decef1b2f1
SERVER_TRAFFIC_SECRET_0 7e0fc4af8f24cdedbba83e4eed8ca063513bdd3d56db93e12ee3f85d07ab086b 0b75b424fa48e8bfc51f12981ae5f87e433a7ddd04aef41edbc4d4777533eae5
CLIENT_TRAFFIC_SECRET_0 7e0fc4af8f24cdedbba83e4eed8ca063513bdd3d56db93e12ee3f85d07ab086b 73b4d34c11d685a32c39aeb6cb2f72bc137e0683de76207d142b4a75084ce4b9
SERVER_HANDSHAKE_TRAFFIC_SECRET a4768e83902d8cc1a2d6f21c8b751e1772363a78350274a5cfd888f798c5c4f6 b7ffbec0b61cf520a10bba7f74b91b7fbb16151bca7e2d201df5dc784ee4c82e
CLIENT_HANDSHAKE_TRAFFIC_SECRET a4768e83902d8cc1a2d6f21c8b751e1772363a78350274a5cfd888f798c5c4f6 691b45e51d216b6157c1f3c8064d8785b33377b59976859386655a9025235af1
SERVER_TRAFFIC_SECRET_0 a4768e83902d8cc1a2d6f21c8b751e1772363a78350274a5cfd888f798c5c4f6 d9400aa5cde13f43a6cc4f8b8f4ebad80a5a4a9a133957e4ef37aa9faa3d4ef4
CLIENT_TRAFFIC_SECRET_0 a4768e83902d8cc1a2d6f21c8b751e1772363a78350274a5cfd888f798c5c4f6 5920f66ae85d6c68f6fee1d737cbaeff75765db4c4ec6e3057eb26dfda4f03ae
SERVER_HANDSHAKE_TRAFFIC_SECRET f8616d980ac1d3cd47849f3955ad519b5cc4d40489f78b36cfcfd9b90fd7a848 9fa5ae5d5f84f843184e9c80cb445ed21ab237e0c00df21f195b30ea25841b67
CLIENT_HANDSHAKE_TRAFFIC_SECRET f8616d980ac1d3cd47849f3955ad519b5cc4d40489f78b36cfcfd9b90fd7a848 4e31823fc186535175782f80c6c28aca73fd37954d67d8c334eefb0360374d5c
SERVER_TRAFFIC_SECRET_0 f8616d980ac1d3cd47849f3955ad519b5cc4d40489f78b36cfcfd9b90fd7a848 39882f06c17f141814f7720b23ce237279e2a2f8612fc4e0a707a67c8398b6f8
CLIENT_TRAFFIC_SECRET_0 f8616d980ac1d3cd47849f3955ad519b5cc4d40489f78b36cfcfd9b90fd7a848 d1a1931563743aa1ab25703a87dfabfa9518fc8f4af13bfc0deb10c10eded794
SERVER_HANDSHAKE_TRAFFIC_SECRET ea53cec8f8c770037f7b91fbfd517a7b006d9d3098d95ad2019c8941376f3ddb 9ad056668524b9610ea198a4be71af969cbeef7454c49da46a870f1989fd0c9d
CLIENT_HANDSHAKE_TRAFFIC_SECRET ea53cec8f8c770037f7b91fbfd517a7b006d9d3098d95ad2019c8941376f3ddb 2fa2182d3b622e8a9f61b5f310f5b3a763af31baf6da25beee1977b20d4c51e8
SERVER_TRAFFIC_SECRET_0 ea53cec8f8c770037f7b91fbfd517a7b006d9d3098d95ad2019c8941376f3ddb 2c6ae6265626d189e6813e2605a54c8e08e97e3951fa400507734c4697cf4197
CLIENT_TRAFFIC_SECRET_0 ea53cec8f8c770037f7b91fbfd517a7b006d9d3098d95ad2019c8941376f3ddb 86aba42d2186cba5a02b2e3623c5cd37a40115b98661f15b8bdeed9cad198c3b
SERVER_HANDSHAKE_TRAFFIC_SECRET 17ac83ba3f81658cc493197b0591ce6ce2132b6d1303e1aef46dc5ccaf427648 8073827e7ac2b250916459c311038b00c6aff9dbe2a63669cd938407bbe5fad6
CLIENT_HANDSHAKE_TRAFFIC_SECRET 17ac83ba3f81658cc493197b0591ce6ce2132b6d1303e1aef46dc5ccaf427648 138b2f5edf2f2e4c9d07e17e8b648269d9bf3e439e5b030a9f57a558404a3918
SERVER_TRAFFIC_SECRET_0 17ac83ba3f81658cc493197b0591ce6ce2132b6d1303e1aef46dc5ccaf427648 c1db348ca203d4cac982ff7571f873ed74c449929625e2a595e5033c2659fd31
CLIENT_TRAFFIC_SECRET_0 17ac83ba3f81658cc493197b0591ce6ce2132b6d1303e1aef46dc5ccaf427648 7b7ee54dd07a05ad9c71d841fec4c3674dfda57c1ff597312d1ebe989d1730b7
SERVER_HANDSHAKE_TRAFFIC_SECRET e2cf0c3130a6086a63fe8cbed466f9fbbf7b67f5e5a70e62420e49ddeb3e27f0 6af8c791eba5c0a70285d469dc3bacd9117b3b6e3b2750c676e555f9b99b6b46
CLIENT_HANDSHAKE_TRAFFIC_SECRET e2cf0c3130a6086a63fe8cbed466f9fbbf7b67f5e5a70e62420e49ddeb3e27f0 1652a8c0c5f4040526f40a15f115cd7270c9573c48085efab8be56e2c87e5fb4
SERVER_TRAFFIC_SECRET_0 e2cf0c3130a6086a63fe8cbed466f9fbbf7b67f5e5a70e62420e49ddeb3e27f0 4f33af08953c52d0397bb8aca02091aa80c45b6b2e111ce4633da0452f9b50e3
SERVER_HANDSHAKE_TRAFFIC_SECRET 964c941532b1198630093dddca49a5d404e6a0ba91a7cd18c1002e356ce2ac60 776554580c85ee5a430aeb5ff88631c0ec97168de80ad386ee034e614811a740
CLIENT_HANDSHAKE_TRAFFIC_SECRET 964c941532b1198630093dddca49a5d404e6a0ba91a7cd18c1002e356ce2ac60 b422e6dd37a4dffbb2269a041db8a821476a0fbd20db15eae3d1c69e6c9abe13
SERVER_TRAFFIC_SECRET_0 964c941532b1198630093dddca49a5d404e6a0ba91a7cd18c1002e356ce2ac60 23a7f8f4b2ded43deb87ac42eeea8e5041cfe0d4b912b6b0e88377ed1128e16b
CLIENT_TRAFFIC_SECRET_0 964c941532b1198630093dddca49a5d404e6a0ba91a7cd18c1002e356ce2ac60 0b20b15e328b9fa4d4b7309c91001765276ae0bb33eb041c17811313b23ddfb5
SERVER_HANDSHAKE_TRAFFIC_SECRET e6aa3bbc84ece80e0c75b917f2d51adc10f1a0ebb81f6a9ec0f74afb0859633a 13f88f29cd10396b631288ffc2612833a237efe0ec8f8d225a485cee5bcaa827
CLIENT_HANDSHAKE_TRAFFIC_SECRET e6aa3bbc84ece80e0c75b917f2d51adc10f1a0ebb81f6a9ec0f74afb0859633a 218bb6821f26fcc98a0f3ffa2e3655ba2cb3db1bc5c3938fcfc7f1267d37e098
SERVER_TRAFFIC_SECRET_0 e6aa3bbc84ece80e0c75b917f2d51adc10f1a0ebb81f6a9ec0f74afb0859633a c64df3ec956a4344d9d8ab47c8d5b16293b7cf44241bc344d3f27414a2e3fe3a
CLIENT_TRAFFIC_SECRET_0 e6aa3bbc84ece80e0c75b917f2d51adc10f1a0ebb81f6a9ec0f74afb0859633a 002e39a7018dec8b993a5910b50e3f8644aaec95701b5e09b1644ba3700102d1
SERVER_HANDSHAKE_TRAFFIC_SECRET 699aecb10964b0826897c6c5cc4516def47ca4192796266305ceb96b5a9adbcc 68fb5fd28684db646ede6c33d44069822564a826a7dd5659bffd4e64f08881d1
CLIENT_HANDSHAKE_TRAFFIC_SECRET 699aecb10964b0826897c6c5cc4516def47ca4192796266305ceb96b5a9adbcc a15200e53ff399d5e722904f49189ecdabb7ed001c4f1a3690bbddd2bb12e99f
SERVER_TRAFFIC_SECRET_0 699aecb10964b0826897c6c5cc4516def47ca4192796266305ceb96b5a9adbcc f87829f4535e72f25707e03825db953d732b3588eb9cd25f3e36899cc290e07c
CLIENT_TRAFFIC_SECRET_0 699aecb10964b0826897c6c5cc4516def47ca4192796266305ceb96b5a9adbcc 5d06d8f877a5f2333a105fcf38ab771956d97c2761140d112183d2f8f0e56709
SERVER_HANDSHAKE_TRAFFIC_SECRET 8640fdf5dbf83394f60718bf00177cb4f7a289f81489e61bfef944b9689a70c7 dda6f07e0b37d1033610708cfba7d3f9098dfaf059e03953c01f93d30c2e34bd
CLIENT_HANDSHAKE_TRAFFIC_SECRET 8640fdf5dbf83394f60718bf00177cb4f7a289f81489e61bfef944b9689a70c7 30bb8c1d40fd7c59f954e4fcbc2be4f4e8adcf44f61c69b1620336c836eb4d6d
SERVER_TRAFFIC_SECRET_0 8640fdf5dbf83394f60718bf00177cb4f7a289f81489e61bfef944b9689a70c7 5d9d43608bc1430ec75de1f933cd4ad963096e6edcccebc1ac5f0f795761678e
SERVER_HANDSHAKE_TRAFFIC_SECRET 6036195061837f66239ffa0fa868a56903d0282de5c5bb54a13c38c68a741862 f16ff8f5a3c09383af3ea91268d944b2b93207c80b857f314bfd5bfc3ede689d
CLIENT_HANDSHAKE_TRAFFIC_SECRET 6036195061837f66239ffa0fa868a56903d0282de5c5bb54a13c38c68a741862 e5f318217547db649fa30e5f8598afb7da03bf955adc5bfdf6504606c12a96bb
SERVER_TRAFFIC_SECRET_0 6036195061837f66239ffa0fa868a56903d0282de5c5bb54a13c38c68a741862 fbadd06be460bd0fe0fcf3cef5f1d8f2a8b18379d0aeeb05f8fd04e5a48893d6
CLIENT_TRAFFIC_SECRET_0 6036195061837f66239ffa0fa868a56903d0282de5c5bb54a13c38c68a741862 c55196442334108446c2c9874f2fe756e76e2bd23366bc93319f1e7fbd820f1c
SERVER_HANDSHAKE_TRAFFIC_SECRET 5c62ff06d4dbebeb7d1b55cff8efae148893ccb2af74098f5eacc51a7d7b8399 09e3f12ae127fbcb437b3d22d1524021e80f1d8b6e7218d82a91fe9f8015c86d
CLIENT_HANDSHAKE_TRAFFIC_SECRET 5c62ff06d4dbebeb7d1b55cff8efae148893ccb2af74098f5eacc51a7d7b8399 92388edb6cd50e15225044af356f8f2d02ab845e1147e4299041840e642a01fa
SERVER_TRAFFIC_SECRET_0 5c62ff06d4dbebeb7d1b55cff8efae148893ccb2af74098f5eacc51a7d7b8399 7765fef4633468371f271ecf5fb03476756fb3926848b687678f6e5c6c87dc1c
CLIENT_TRAFFIC_SECRET_0 5c62ff06d4dbebeb7d1b55cff8efae148893ccb2af74098f5eacc51a7d7b8399 42a84ead2675f0c5b9251304f9456d78c3eebc17daa012058c89c9db571080a7
SERVER_HANDSHAKE_TRAFFIC_SECRET 0e30ec1dff73f4f2f24686dbbf2361bd8bbacb5d2b61db965b3e66a1f5ad4093 183583e32ab2afe0926cb552d837dfbc582330d5c0333d79c3f9ec2a544ba9dd
CLIENT_HANDSHAKE_TRAFFIC_SECRET 0e30ec1dff73f4f2f24686dbbf2361bd8bbacb5d2b61db965b3e66a1f5ad4093 482187a953b386038734b175ec71742c12c7335d819204994628d998a5de9f95
SERVER_TRAFFIC_SECRET_0 0e30ec1dff73f4f2f24686dbbf2361bd8bbacb5d2b61db965b3e66a1f5ad4093 a7fab54e1cd1052ac683185633756656a289a29b460354cd35a34ee68cf986b8
SERVER_HANDSHAKE_TRAFFIC_SECRET 83c0946d82ebc1a2b3c539b0af423ba2973425e5c0308df8e7350f919aa93270 02f2656b9bcdae2c59984da6a2f42e2d9acaebe1fc7a93cac9112774932968b4
CLIENT_HANDSHAKE_TRAFFIC_SECRET 83c0946d82ebc1a2b3c539b0af423ba2973425e5c0308df8e7350f919aa93270 a7da9d0bab8fe31f720194f3fcf871f9a270445e038a4528633b6303d00390ac
SERVER_TRAFFIC_SECRET_0 83c0946d82ebc1a2b3c539b0af423ba2973425e5c0308df8e7350f919aa93270 eccba6db8d080d0591af26e668e3f8b3e1a42919d13cfd9a447893f2d630eb5b
CLIENT_TRAFFIC_SECRET_0 83c0946d82ebc1a2b3c539b0af423ba2973425e5c0308df8e7350f919aa93270 d45faaea6cf2a4009233d7cd8e3addb868910a74a367299c9d01c54108b174e3
SERVER_HANDSHAKE_TRAFFIC_SECRET b60a8ab9f9c1e7a04c88363f5f43b526a1186b628666ec3ccbc5d7fdedbdac87 eb1f36c98d3f11d082c30185403b19bf5b5b796af17c542f462e3517f0a9e801
CLIENT_HANDSHAKE_TRAFFIC_SECRET b60a8ab9f9c1e7a04c88363f5f43b526a1186b628666ec3ccbc5d7fdedbdac87 57319bb67554352a27f35887a7e473772df0c9568470524cf9542477982ac342
SERVER_TRAFFIC_SECRET_0 b60a8ab9f9c1e7a04c88363f5f43b526a1186b628666ec3ccbc5d7fdedbdac87 c1351d6244e8c75d381ff0ef22444b2e663e156bb37374dd44c872fb6ade8991
CLIENT_TRAFFIC_SECRET_0 b60a8ab9f9c1e7a04c88363f5f43b526a1186b628666ec3ccbc5d7fdedbdac87 c05f91c5aa3b5f1490a9975b8f5c5829e1504c6c9738f35daef85835a2997923
SERVER_HANDSHAKE_TRAFFIC_SECRET 88647618a569d076f74083b39dc4f1a8fb7fa5587084704540f12a2fa3580fa3 b50afb89398c97c0c332533284a897a7d0cffa99ca8d259b7bed6b3513da1220
CLIENT_HANDSHAKE_TRAFFIC_SECRET 88647618a569d076f74083b39dc4f1a8fb7fa5587084704540f12a2fa3580fa3 1a29f530e848e197b199f608c29037ac3840c118096282589939ac7a8e3db1c6
SERVER_TRAFFIC_SECRET_0 88647618a569d076f74083b39dc4f1a8fb7fa5587084704540f12a2fa3580fa3 79b43899500685840f861e67017a0140b047a6c29eab49322d0ef2d6b9f046d5
CLIENT_TRAFFIC_SECRET_0 88647618a569d076f74083b39dc4f1a8fb7fa5587084704540f12a2fa3580fa3 d4d8f98cb60b9ea7d00a517598ca0993ebb485923c12ff3cca4cc75b625cb179
SERVER_HANDSHAKE_TRAFFIC_SECRET 23a1e293f0e77dffc6a8dd3b6a87641e670387d092cb21503d02575d87229b77 2abe34e0bcdd79d87ce761f13c70a7e9021bdf208180a8341692c241edf17739
CLIENT_HANDSHAKE_TRAFFIC_SECRET 23a1e293f0e77dffc6a8dd3b6a87641e670387d092cb21503d02575d87229b77 9ca9ce7a89f31065d948c68202ce4298307eb4929560a52929a6458048a03d28
SERVER_TRAFFIC_SECRET_0 23a1e293f0e77dffc6a8dd3b6a87641e670387d092cb21503d02575d87229b77 2440c1d27ca6f8ccff38469898b87b5e2496a94f92f72a31361e567af50fe887
CLIENT_TRAFFIC_SECRET_0 23a1e293f0e77dffc6a8dd3b6a87641e670387d092cb21503d02575d87229b77 0b532dbd5fc1770b5fdf0ed58ab078760811b373a7144e35b47d2a3fcec70555
SERVER_HANDSHAKE_TRAFFIC_SECRET eeb325295a6517c50f062f3df8100bd6b1ef3343e9341bde3e2c56d51dcf6008 db59bd17be234a12e3e393382c73add34aee30e0cf59d5617c034d6cc919afaa
CLIENT_HANDSHAKE_TRAFFIC_SECRET eeb325295a6517c50f062f3df8100bd6b1ef3343e9341bde3e2c56d51dcf6008 aa242c77a1b092d68973f0fcd26f513187ef6de49c424bb0115d4d69a23e44ca
SERVER_TRAFFIC_SECRET_0 eeb325295a6517c50f062f3df8100bd6b1ef3343e9341bde3e2c56d51dcf6008 dfc914480e41e537e96784f3e280994e1e86eff885c1cebfbdc6e51ac248e7ff
CLIENT_TRAFFIC_SECRET_0 eeb325295a6517c50f062f3df8100bd6b1ef3343e9341bde3e2c56d51dcf6008 cdf43ea0fee57620185a8e2f585ec517b6fc6070f54aff718e261b4dfacf9cec
SERVER_HANDSHAKE_TRAFFIC_SECRET 1a93d200c685480034cb1bbbea1ebd1fa54478b3e03cf19cd00e62ab05c24c2c 0306e83a0f97863875603b4302ad5568d2829d41968119c8507b1d42f69eb958
CLIENT_HANDSHAKE_TRAFFIC_SECRET 1a93d200c685480034cb1bbbea1ebd1fa54478b3e03cf19cd00e62ab05c24c2c 5793750f99327d6834fdf7a9618fb2e9b5b3e6d21c079d25329e249fdfd8ba36
SERVER_TRAFFIC_SECRET_0 1a93d200c685480034cb1bbbea1ebd1fa54478b3e03cf19cd00e62ab05c24c2c 8c50b0d7f9bdd8ce9d531aa300d314529c1653587e5f90942f3f65c08503c98c
CLIENT_TRAFFIC_SECRET_0 1a93d200c685480034cb1bbbea1ebd1fa54478b3e03cf19cd00e62ab05c24c2c 40336e831d34ebec75238d11ff89305ea815807e6907dca9126e7ce79e22a4d9
SERVER_HANDSHAKE_TRAFFIC_SECRET bd06edda7598543033de35b6ef9a5519331b42fe0b9cbe80e52e22c5ddb39c4e 0c5cb17b478097f7efab92b1548fc73c427d788e9f2d50bdd60463b1be0282e5
CLIENT_HANDSHAKE_TRAFFIC_SECRET bd06edda7598543033de35b6ef9a5519331b42fe0b9cbe80e52e22c5ddb39c4e 563d6d589c770b598e09ee323859429cd49471bb4448270cbc442baecdb9aeff
SERVER_TRAFFIC_SECRET_0 bd06edda7598543033de35b6ef9a5519331b42fe0b9cbe80e52e22c5ddb39c4e 783404ca250c05b3eca1c812d82c67b8ee64bf989ae75847f09f3517b73ef766
CLIENT_TRAFFIC_SECRET_0 bd06edda7598543033de35b6ef9a5519331b42fe0b9cbe80e52e22c5ddb39c4e 52150cc29c4d96145a9179983a7048a4432b2115abff09cf8e434c923ab50644
SERVER_HANDSHAKE_TRAFFIC_SECRET d83af0a60c8244473b2315f35b37a7c97883ea3077e9dd0d2f0f5329e44e96c3 a33f9eed05840d7a13ea41fb93a04b1f2563e46644c75626bb79f975c28869da
CLIENT_HANDSHAKE_TRAFFIC_SECRET d83af0a60c8244473b2315f35b37a7c97883ea3077e9dd0d2f0f5329e44e96c3 568cebf7c1c1b531b1bd7ca52a0b64732f28bc4f94eb4f17c8745a344746e7da
SERVER_TRAFFIC_SECRET_0 d83af0a60c8244473b2315f35b37a7c97883ea3077e9dd0d2f0f5329e44e96c3 ddfc0fdec1a22b8cd16862f2f4c3e81d3f3dfbcd114813ca63982361bddb36c6
CLIENT_TRAFFIC_SECRET_0 d83af0a60c8244473b2315f35b37a7c97883ea3077e9dd0d2f0f5329e44e96c3 f7fffe59d8ad5110fd4c1344d4492b71e8485c7de2f88a7d6de7ea8dc2762265
SERVER_HANDSHAKE_TRAFFIC_SECRET 3100d81de038fecea5d68e4c6807248311c60842069294a0f823915bf2cdd034 c43c9ebc9a481d5a8bf40eced8c54af68a7ba7c79e8ba89ea89caca8989f63d6
CLIENT_HANDSHAKE_TRAFFIC_SECRET 3100d81de038fecea5d68e4c6807248311c60842069294a0f823915bf2cdd034 1896c60678ea57764e32942d33822303a79537e1d7b7679a2bf9a08807f207c2
SERVER_TRAFFIC_SECRET_0 3100d81de038fecea5d68e4c6807248311c60842069294a0f823915bf2cdd034 45eb3cd0267bb05a3c286051c0f546d5b493dd6e05ca5ca9d9264f82ad0899bd
CLIENT_TRAFFIC_SECRET_0 3100d81de038fecea5d68e4c6807248311c60842069294a0f823915bf2cdd034 7c0ec90d8145d73a4520c2cb268b41ae04dca98cbe260ca3d5aab9fe22db9fb3
SERVER_HANDSHAKE_TRAFFIC_SECRET d45d37150097787a2046337773f08735da4c82c641639cc3fad82572237b2333 dbdb0e4e43c101c408b9830e361b462db11f0cd952c8d30598493b8ad8d51a7f
CLIENT_HANDSHAKE_TRAFFIC_SECRET d45d37150097787a2046337773f08735da4c82c641639cc3fad82572237b2333 96e7d81e4f097dea4032a1184fc9e26e1d9030682858a93c76e5e935338d98eb
SERVER_TRAFFIC_SECRET_0 d45d37150097787a2046337773f08735da4c82c641639cc3fad82572237b2333 af8775af4a63b4da1723768e5c4ae17484db8ce46681f413e2fd05ac7fa1a514
CLIENT_TRAFFIC_SECRET_0 d45d37150097787a2046337773f08735da4c82c641639cc3fad82572237b2333 af79a8bab0c13fbebc1f28d102bf8ca5b5c3546799b646ae0094794aebd03cf7
SERVER_HANDSHAKE_TRAFFIC_SECRET 65f4c6f37e72efd2d60d8789c7649bd4207f3f8cdd3528afc0c5e965c1085444 3892bb2dcbb7abcede78f054b27f2a681062fa8c382679190d06197aeaae05c4
CLIENT_HANDSHAKE_TRAFFIC_SECRET 65f4c6f37e72efd2d60d8789c7649bd4207f3f8cdd3528afc0c5e965c1085444 b59b3308235d4c3abde5ff2cfbc42812ce6b63acb83c5b15f7bc80841ac1559e
SERVER_TRAFFIC_SECRET_0 65f4c6f37e72efd2d60d8789c7649bd4207f3f8cdd3528afc0c5e965c1085444 613c4b4996a2c46c8c87da7defff3ace4ca9bde0b8a270d6ccb6b4f9ad98598d
CLIENT_TRAFFIC_SECRET_0 65f4c6f37e72efd2d60d8789c7649bd4207f3f8cdd3528afc0c5e965c1085444 fb6a49843269979e2f2448efcfd736ae46defcf64e172eda471bc6120387e475
SERVER_HANDSHAKE_TRAFFIC_SECRET f152a3a94394acbc580cbde59bf82230aeaf1e97f506623d2ec31cc56e8f98b2 c195cd83b23f552aa0bbd5deda1dd3428566f8ad36617e39d0bf7d49cf9596d2
CLIENT_HANDSHAKE_TRAFFIC_SECRET f152a3a94394acbc580cbde59bf82230aeaf1e97f506623d2ec31cc56e8f98b2 0a980272ff235ec21a6e746dfb241c095af5ce6a4b0037a5269c71371345b684
SERVER_TRAFFIC_SECRET_0 f152a3a94394acbc580cbde59bf82230aeaf1e97f506623d2ec31cc56e8f98b2 b9ae08dfb62b5c0bb9266ef77933571d9a41747bd70b3319e60a78ac66770b33
CLIENT_TRAFFIC_SECRET_0 f152a3a94394acbc580cbde59bf82230aeaf1e97f506623d2ec31cc56e8f98b2 8ddf85a6523dc71444b9893ffdf421eb5682f5d446c3a590de40fa430a14ac01
SERVER_HANDSHAKE_TRAFFIC_SECRET c93e06c5c591e62db3988e40a31e86588c8d60c8f588414e50ae925e2b27aa85 1706b35e38c5cda9e4e53cfb381845b4ec0d89afcc63e6ec080eb63dba7e000b
CLIENT_HANDSHAKE_TRAFFIC_SECRET c93e06c5c591e62db3988e40a31e86588c8d60c8f588414e50ae925e2b27aa85 02fe94d66fee49d424feda4d1873c0a9458d577ced05bdb47bb537862fb4898d
SERVER_TRAFFIC_SECRET_0 c93e06c5c591e62db3988e40a31e86588c8d60c8f588414e50ae925e2b27aa85 341de8ed3c3f30005753144228841dc16228b010a9ef02dd95205b53f35372a0
CLIENT_TRAFFIC_SECRET_0 c93e06c5c591e62db3988e40a31e86588c8d60c8f588414e50ae925e2b27aa85 fe4162c17b1e7e7c503a8814495a95baa6cd813468566e78c97a4baffce4d51d
SERVER_HANDSHAKE_TRAFFIC_SECRET 15bf34f6e875ab0628e0b1301a19bcc7791a8f19f62054291dba9c6ecf1c875d 4897324bf23ff9ef528096acce7a5b20ebd2039ab8b425b1f6d09c4afcdb4d1a
CLIENT_HANDSHAKE_TRAFFIC_SECRET 15bf34f6e875ab0628e0b1301a19bcc7791a8f19f62054291dba9c6ecf1c875d 0a33c7ff622c682157a44a4d9471c9e5a6afdc45704e74ce22e44cdcca30d1a3
SERVER_TRAFFIC_SECRET_0 15bf34f6e875ab0628e0b1301a19bcc7791a8f19f62054291dba9c6ecf1c875d 91c5f5a1a911624e00ab1e9edb34ec8eca78559b867a5571ee5ddc4a158dcde4
SERVER_HANDSHAKE_TRAFFIC_SECRET e5ecf05e49656225e84ac31858af375904ac01562a0699921dd17921e9f39ba2 e29e5929e53aebc7e9e6469ccf78f3094135c867af8f4374a2b9d8aa76680818
CLIENT_HANDSHAKE_TRAFFIC_SECRET e5ecf05e49656225e84ac31858af375904ac01562a0699921dd17921e9f39ba2 fe601040cc3b5e9053266c8d9903e9e2a001137c84f42129dee34fc1cab435f3
SERVER_TRAFFIC_SECRET_0 e5ecf05e49656225e84ac31858af375904ac01562a0699921dd17921e9f39ba2 3b6cb401a4f4f2a689e67a85c75075511d70649156b76d567970acd12af0a3ea
CLIENT_TRAFFIC_SECRET_0 e5ecf05e49656225e84ac31858af375904ac01562a0699921dd17921e9f39ba2 7ba7eea9d897bc963728557d48a3d3d123b33e661986f45d77688c1d50b1da68
SERVER_HANDSHAKE_TRAFFIC_SECRET 977031608d45e2b50668f9d33a33bb63b8d98c85ae36bbf83a94e7d752e9e20f 03d55f562e0de9d9740abbc9ac5d98b183b9d14ec98613c3f35d6d53faf05f81
CLIENT_HANDSHAKE_TRAFFIC_SECRET 977031608d45e2b50668f9d33a33bb63b8d98c85ae36bbf83a94e7d752e9e20f 0de9e7d72b841cc048f570581519e86a48b57eea72adadabd1a61aaf39261e05
SERVER_TRAFFIC_SECRET_0 977031608d45e2b50668f9d33a33bb63b8d98c85ae36bbf83a94e7d752e9e20f 094055b68c16ca1fd899ecd42c8c109bc0505d0666b9473caf8b8eeca3c862fe
CLIENT_TRAFFIC_SECRET_0 977031608d45e2b50668f9d33a33bb63b8d98c85ae36bbf83a94e7d752e9e20f 848080ba73eb79cef1e8e01a4477d39f06b16e9c83a12e2c8e341ab45bb7045c
SERVER_HANDSHAKE_TRAFFIC_SECRET 35cd7c0f6ece3a7183659812cfa59c36c4e74a7fd2d409dbbfb2423c58379207 f9cb3fa27a715b7d4b46ccb0c0d063360326356cca209b9db9fb5895933c8122
CLIENT_HANDSHAKE_TRAFFIC_SECRET 35cd7c0f6ece3a7183659812cfa59c36c4e74a7fd2d409dbbfb2423c58379207 526d2cee52151e28b51bf4021d5cdad8e52988b0c1af958f5da883d279c6e846
SERVER_TRAFFIC_SECRET_0 35cd7c0f6ece3a7183659812cfa59c36c4e74a7fd2d409dbbfb2423c58379207 f3d4e6a775b2dac093f4ad928e71ea735663b0bf0fd623c4d6bc38ffdac39de5
CLIENT_TRAFFIC_SECRET_0 35cd7c0f6ece3a7183659812cfa59c36c4e74a7fd2d409dbbfb2423c58379207 7bb030f260cbfab98610c5a9f6ceb625f5df69845170f2ae6b295c9c91379dc8
SERVER_HANDSHAKE_TRAFFIC_SECRET d75cda5b918500e883d96f96ad348d3b0bd2c3903a81debaad3408fe018d92e0 db1c88d30f7b3217285ef78479223d2d57e1cab5931eda053ea4dbba87cbaad2
CLIENT_HANDSHAKE_TRAFFIC_SECRET d75cda5b918500e883d96f96ad348d3b0bd2c3903a81debaad3408fe018d92e0 3cb9844c1a6c35d529101279d9277009f78d68447e5c22b0dc5908fa2eacabc8
SERVER_TRAFFIC_SECRET_0 d75cda5b918500e883d96f96ad348d3b0bd2c3903a81debaad3408fe018d92e0 c4f0267b0401f7193c3949fa751e6e6a6bd66d1b8dbd239de9c773142563f3d7
SERVER_HANDSHAKE_TRAFFIC_SECRET cd013b1857e44659ee840f10ba8748afcf539af3f4d341045a6645235baa7c3d 8316a681a34678bf7f2d3298eb3b897537ffacf1b0602f97b41e6a823004f1ee
CLIENT_HANDSHAKE_TRAFFIC_SECRET cd013b1857e44659ee840f10ba8748afcf539af3f4d341045a6645235baa7c3d ab7a149e89bc7ddf084bc5ae6c925b83eb27c839b8162e8e6e44a89b5f03d8d3
SERVER_TRAFFIC_SECRET_0 cd013b1857e44659ee840f10ba8748afcf539af3f4d341045a6645235baa7c3d ca278fbbc48df35cf60ac1c25e8fa173397aa65c3059d843b04103f53f39cd3b
CLIENT_TRAFFIC_SECRET_0 cd013b1857e44659ee840f10ba8748afcf539af3f4d341045a6645235baa7c3d a790a148eb74ea1cb1cb51f91aed9d633aee5f7f13a7c834098fbb9339012acf
SERVER_HANDSHAKE_TRAFFIC_SECRET 26af32fec2db24748412dda4b9a34755c265e3d883f74f1df0070907ecca791a 6c97cbe14b22db4a47212bee251eb3cbecb4d94d3184914b2cc24c806017fb34
CLIENT_HANDSHAKE_TRAFFIC_SECRET 26af32fec2db24748412dda4b9a34755c265e3d883f74f1df0070907ecca791a d5be9f801c6b3da9e733fbcac7136d6d66d94b1990cf7dff4e9adb389e329f7c
SERVER_TRAFFIC_SECRET_0 26af32fec2db24748412dda4b9a34755c265e3d883f74f1df0070907ecca791a 529753c2ee9b6ff8e322b0b876d789a99e1a80ba1701028fe5eb8f97f1a4d0d5
CLIENT_TRAFFIC_SECRET_0 26af32fec2db24748412dda4b9a34755c265e3d883f74f1df0070907ecca791a 8138ad5cce41595a1e376c5530351baa6ef862827f2c3ed59d6c7114c542dbd3
SERVER_HANDSHAKE_TRAFFIC_SECRET 96822f3d0b3b8b0bc521cd848b6be2f0abbabb794b1d42df12a980e135e0f1db 28acdf48b46ce3ad7ffba03325b8c7b83fa9c1e517263f7e2bcc8d1963da4566
CLIENT_HANDSHAKE_TRAFFIC_SECRET 96822f3d0b3b8b0bc521cd848b6be2f0abbabb794b1d42df12a980e135e0f1db 24f432171e16e5a6c45b5ae0a350522d6fb4412686d440bee0aeb61cc9b191a8
SERVER_TRAFFIC_SECRET_0 96822f3d0b3b8b0bc521cd848b6be2f0abbabb794b1d42df12a980e135e0f1db 674a10a92c5786f9d5106704a4fb57f02e7d1d52f9718bb9881fa2e81dc5eb8e
CLIENT_TRAFFIC_SECRET_0 96822f3d0b3b8b0bc521cd848b6be2f0abbabb794b1d42df12a980e135e0f1db cd71d8280799c28692baa8469f457eba337b5c9b57407aeb8f3d9923e2a0dbff
SERVER_HANDSHAKE_TRAFFIC_SECRET 8215d9a09c59fb2af2c00577fb936ee6b999de0b249150dd4c875a7862ff69a1 e3f17e712a549d44c414afb49ebdab0499a255b61b10b86c05314194f9994a72
CLIENT_HANDSHAKE_TRAFFIC_SECRET 8215d9a09c59fb2af2c00577fb936ee6b999de0b249150dd4c875a7862ff69a1 1d73883d09c79f528e565b25803f0c574d6e087649005e6a337fe54848d6b019
SERVER_TRAFFIC_SECRET_0 8215d9a09c59fb2af2c00577fb936ee6b999de0b249150dd4c875a7862ff69a1 745f50a69600ea6b797008662972e3219d40e9e2139fb527a95d116dc0a6bd12
CLIENT_TRAFFIC_SECRET_0 8215d9a09c59fb2af2c00577fb936ee6b999de0b249150dd4c875a7862ff69a1 8f3e8e8aa45e5ad79d0fd4b2ca869635d51581ca804bc44e85cc0aae9b4738be
SERVER_HANDSHAKE_TRAFFIC_SECRET 2d34485daaa44778a9d70f8858a3575d1dc49c8067475f8eaeabb84daf2a0179 f8d0436e30fe850d33a530a7aad3265e317252667c0f2a40970ec92818997543
CLIENT_HANDSHAKE_TRAFFIC_SECRET 2d34485daaa44778a9d70f8858a3575d1dc49c8067475f8eaeabb84daf2a0179 c8b75b037a9e4bcc979d158d3819dfea53e8fa4671c880777c628e1f0fc0f7f2
SERVER_TRAFFIC_SECRET_0 2d34485daaa44778a9d70f8858a3575d1dc49c8067475f8eaeabb84daf2a0179 6ded14acd74fed51916eaca0e26ea9e128bc75024eeb4fc0529528a955154e23
SERVER_HANDSHAKE_TRAFFIC_SECRET a302d8f3b083acc8589f3caab5185542055af8a757211b4b344d40d9fbc85b60 b0ea172fc53dac7307f58b9e1edf8f42651fcf61f23589b7369cdc16f3add216
CLIENT_HANDSHAKE_TRAFFIC_SECRET a302d8f3b083acc8589f3caab5185542055af8a757211b4b344d40d9fbc85b60 5a6fff3844b02d2501910b30cebf8c1b9a7cb8ad8df53c29363504aab907b471
SERVER_TRAFFIC_SECRET_0 a302d8f3b083acc8589f3caab5185542055af8a757211b4b344d40d9fbc85b60 ce84a219c044fd8b612f04d6f9f8af70ea286bd63179a2c8bc25ee16be262963
CLIENT_TRAFFIC_SECRET_0 a302d8f3b083acc8589f3caab5185542055af8a757211b4b344d40d9fbc85b60 5357aec0755686558d393e2f11dc06c650fc64a7fe8cdb72cd370be63d46da84
SERVER_HANDSHAKE_TRAFFIC_SECRET 69bdab16e84a5466615fcf60760bce559572f565e3debcc7caa6370c3b99d69b 800e57a3e9a5607042f20bd66f9cabe8a7a1fc58975580058c6eb239e59585a6
CLIENT_HANDSHAKE_TRAFFIC_SECRET 69bdab16e84a5466615fcf60760bce559572f565e3debcc7caa6370c3b99d69b e071d957cde0fda9ad77d63151f95aedb749792b44a1d75c961b2d7a92b4a365
SERVER_TRAFFIC_SECRET_0 69bdab16e84a5466615fcf60760bce559572f565e3debcc7caa6370c3b99d69b 61e086d4a75a3c4eb9c34e90590232a8ff8284966d532d5bb0714280639e55fb
CLIENT_TRAFFIC_SECRET_0 69bdab16e84a5466615fcf60760bce559572f565e3debcc7caa6370c3b99d69b 0fe4bfa48855cd1a257f0e04f7f24c7fab2bb8241e01280ce2b6ae9c2eca50e0
SERVER_HANDSHAKE_TRAFFIC_SECRET cb69d2668bd1bc0910f35e1d1e2529d2999f7780bd2f4c3b3bd6365a16f491ba 99c4e6a43f7a1821b601e6c9b7a88b600032e29205ee9c21f8acb3beff1b286d
CLIENT_HANDSHAKE_TRAFFIC_SECRET cb69d2668bd1bc0910f35e1d1e2529d2999f7780bd2f4c3b3bd6365a16f491ba 275ab34525a756f180c2976d3d74e6cac493692284385be882a65ad0866aee7d
SERVER_TRAFFIC_SECRET_0 cb69d2668bd1bc0910f35e1d1e2529d2999f7780bd2f4c3b3bd6365a16f491ba d59c1a0430ea3c6a7fd20595ce6d1598a8136dc67167c986518c611a42f107f5
CLIENT_TRAFFIC_SECRET_0 cb69d2668bd1bc0910f35e1d1e2529d2999f7780bd2f4c3b3bd6365a16f491ba 2a15b012895a37c59e7df0380bae2f94507369bb116c751f22ba0f5b3b7dadb2
SERVER_HANDSHAKE_TRAFFIC_SECRET 783a7b799ccd47a98dbbd51675176a8ec81b4893f10d85ff006e0e9fc0aba010 7af6159368787f8350f5b87a625ed777f8389b77abd8b4ef11e8023143f4c1c1
CLIENT_HANDSHAKE_TRAFFIC_SECRET 783a7b799ccd47a98dbbd51675176a8ec81b4893f10d85ff006e0e9fc0aba010 b646eeea30994f2ba86a25e3bef2342b6e9eec43ae3d836ed759d7ff21703b55
SERVER_TRAFFIC_SECRET_0 783a7b799ccd47a98dbbd51675176a8ec81b4893f10d85ff006e0e9fc0aba010 35edbcaf5c5270bc08d9b6234ca13519b3c05832227447359b80c4eb0849cdcc
SERVER_HANDSHAKE_TRAFFIC_SECRET cbe6fdedc6b1acc51f01bb75ee7db2c3ab9c3ee69f66b06079f441a6da43d3f3 01e0218a740af4015cd8711c5fc0ef19dae0184213993f8453ba3893bcf98cd6
CLIENT_HANDSHAKE_TRAFFIC_SECRET cbe6fdedc6b1acc51f01bb75ee7db2c3ab9c3ee69f66b06079f441a6da43d3f3 359c9d6d0c548c35ba0f8bada0a23c749b868c744b9364bd1e804db480964416
SERVER_TRAFFIC_SECRET_0 cbe6fdedc6b1acc51f01bb75ee7db2c3ab9c3ee69f66b06079f441a6da43d3f3 d17745c0133bd258aa1fd9772475c357717699de791d7870dd4ba0bf40883331
SERVER_HANDSHAKE_TRAFFIC_SECRET 7aff4680755940feac45c5a78d79ea561b4ba37ce707b04f25306b71f2406251 3fbcabbc9694eed37e70fd8bcaf18077b1f4b379d8a14ac21e89e14cd11574d4
CLIENT_HANDSHAKE_TRAFFIC_SECRET 7aff4680755940feac45c5a78d79ea561b4ba37ce707b04f25306b71f2406251 fe3bee44ddc6ff5031486f252a79b0917db1dbd1043a39b53a1811d24caefff4
SERVER_TRAFFIC_SECRET_0 7aff4680755940feac45c5a78d79ea561b4ba37ce707b04f25306b71f2406251 4004f1aae2f7fd935d0a14c731c26c80367e5847d481df674ff5c85803fe16fa
SERVER_HANDSHAKE_TRAFFIC_SECRET 6ae2768d10ec37f331e5e658853a610dfd41e63d302ded0aa467f2f3a4cd44c2 6038574e555a42af34ff4882e576850c2a275938a831c8253bf81ee36677fa94
CLIENT_HANDSHAKE_TRAFFIC_SECRET 6ae2768d10ec37f331e5e658853a610dfd41e63d302ded0aa467f2f3a4cd44c2 32d07192a0835ac69893ac468cde4c744d2b3aaabe7d848c9621fce0c1878528
SERVER_TRAFFIC_SECRET_0 6ae2768d10ec37f331e5e658853a610dfd41e63d302ded0aa467f2f3a4cd44c2 98cfb9311fc66f864e2b9f219b0ccfd4ea3619493ac5b7d4e2e8e496b78e0d59
CLIENT_TRAFFIC_SECRET_0 6ae2768d10ec37f331e5e658853a610dfd41e63d302ded0aa467f2f3a4cd44c2 03093806b442afb345cc1f9562dd0b58d3fb69cd7873862152145232e924376a
SERVER_HANDSHAKE_TRAFFIC_SECRET 326aa3fa9dae0ac7bdf8fd1664a531582a2952207b9208cb5b3c52ddbe554b51 a6b0b6b9b987c084f682c4d03b518f48e3c367e4dc7b4bba08599886b6fc581c
CLIENT_HANDSHAKE_TRAFFIC_SECRET 326aa3fa9dae0ac7bdf8fd1664a531582a2952207b9208cb5b3c52ddbe554b51 7c01ed999949e332b68551384fda606ff4cd1af7f2b185d0a20ce3bd4d0c1bab
SERVER_TRAFFIC_SECRET_0 326aa3fa9dae0ac7bdf8fd1664a531582a2952207b9208cb5b3c52ddbe554b51 a3045a75a60846b0ec9184923d3830669cf5d409044b86c218eba2aad0df35ef
CLIENT_TRAFFIC_SECRET_0 326aa3fa9dae0ac7bdf8fd1664a531582a2952207b9208cb5b3c52ddbe554b51 e3dacdccce9fc4d0a527a02efebebeccc2bac78b0717d842a641b89a8987b10d
SERVER_HANDSHAKE_TRAFFIC_SECRET d7213a35bcba15e47504535a0f19f8b5dbbc123b04cec0092cea42cf976d2cc0 059d463f769aadfbed52baaa5b2bb74856b53adb4cc0b7d920578f57b9d2857d
CLIENT_HANDSHAKE_TRAFFIC_SECRET d7213a35bcba15e47504535a0f19f8b5dbbc123b04cec0092cea42cf976d2cc0 e2a662a55db6bf6c0b3a9bb8189cb5a213394135cc909c46efe522599b561ee0
SERVER_TRAFFIC_SECRET_0 d7213a35bcba15e47504535a0f19f8b5dbbc123b04cec0092cea42cf976d2cc0 fbec3792f709cff9a59571b5354fd14b88dd0065dee14d799f278adf6f289cd4
CLIENT_TRAFFIC_SECRET_0 d7213a35bcba15e47504535a0f19f8b5dbbc123b04cec0092cea42cf976d2cc0 ad1e6e3d23275693c1c7402bcd49b1afc022ad26df8b735be4e5a7eefd3ad2ba
SERVER_HANDSHAKE_TRAFFIC_SECRET cd1e70d06faa84236976c3d87c77b7a46002c3461bcdeefc5970212d853bc0be be6999fecf88947f25a2c93d724c836109ab60a9e90c01222441f6cc323ee474
CLIENT_HANDSHAKE_TRAFFIC_SECRET cd1e70d06faa84236976c3d87c77b7a46002c3461bcdeefc5970212d853bc0be 60638f31d614b8502fa899b203a04230eb186f6e647e51831d0902eb427e7644
SERVER_TRAFFIC_SECRET_0 cd1e70d06faa84236976c3d87c77b7a46002c3461bcdeefc5970212d853bc0be 380352cee908ce0799d4e53c13c92d0ff0f80c90c421f905177b1b0252ddcb6f
CLIENT_TRAFFIC_SECRET_0 cd1e70d06faa84236976c3d87c77b7a46002c3461bcdeefc5970212d853bc0be 646de0abc0b37b74554a36788a6d16f99855a9e0720dbcf66d6b149222b7fe59
SERVER_HANDSHAKE_TRAFFIC_SECRET 00e870651656c48e4a6a0b2685690ad5fe057e43e750a6a1fde1866bd361f7cc 5a9471fc37759c6dd3986ab7b0a9aac3fa72da9c758f0171d77b87fd5a49549c
CLIENT_HANDSHAKE_TRAFFIC_SECRET 00e870651656c48e4a6a0b2685690ad5fe057e43e750a6a1fde1866bd361f7cc adfbefab460559f87df2f41d4460753b44236f05dfb0e310d0d39d1f08748563
SERVER_TRAFFIC_SECRET_0 00e870651656c48e4a6a0b2685690ad5fe057e43e750a6a1fde1866bd361f7cc 97920326d02bcc74cb33449ed356aef853a96b5457adc96e763ad521e527f43a
CLIENT_TRAFFIC_SECRET_0 00e870651656c48e4a6a0b2685690ad5fe057e43e750a6a1fde1866bd361f7cc bd83126a081f2e313e89a2740d6063da8405d0b0eb9a0315613c118849c0087e
SERVER_HANDSHAKE_TRAFFIC_SECRET 4c410e1bff63b7d184c913ef0d758599fcd63f8b48e071a94f1f2263251fd3f8 9da9c16be93a8679123a4874cdaf7ede2d40910e2cc7ba3307427ed578a1c6dc
CLIENT_HANDSHAKE_TRAFFIC_SECRET 4c410e1bff63b7d184c913ef0d758599fcd63f8b48e071a94f1f2263251fd3f8 947cf5a4a34f38d262e9f87f2fcc3be1a70694f896ab38c94ea7ebd5c36f285a
SERVER_TRAFFIC_SECRET_0 4c410e1bff63b7d184c913ef0d758599fcd63f8b48e071a94f1f2263251fd3f8 8ae2a8a2dd150557f1865a948b1e2e6b665af7268c7f2657426b206e9939da15
SERVER_HANDSHAKE_TRAFFIC_SECRET 9b004d51b2e825175f4d87b8ee1fdc7ee56b0edb6855249cdfb73ed4338c6c51 33180fc3258e91944a7090865841fc76f5865352e2ba396ca10e5f363a23eb37
CLIENT_HANDSHAKE_TRAFFIC_SECRET 9b004d51b2e825175f4d87b8ee1fdc7ee56b0edb6855249cdfb73ed4338c6c51 376f72bfba7091de51524b05ddd01f543ce80c0742085a688417a0aa44aea251
SERVER_TRAFFIC_SECRET_0 9b004d51b2e825175f4d87b8ee1fdc7ee56b0edb6855249cdfb73ed4338c6c51 61c1ec0366a0b7ddae9bc17383b129bd0b86b1fa625e86d3b3d0b44183fdb037
CLIENT_TRAFFIC_SECRET_0 9b004d51b2e825175f4d87b8ee1fdc7ee56b0edb6855249cdfb73ed4338c6c51 ab2d195e2999427b5cca51b4c62288c021be7f9b385531a0af46bd026a30de9e
SERVER_HANDSHAKE_TRAFFIC_SECRET 946ddfdc651f77313df4a66f65cec7f5edded51df7fe7a5e78bdaeef780d4381 6dde8aa77749e97337083185d5cd704feb886db70643bd49ac9669af9e3bc545
CLIENT_HANDSHAKE_TRAFFIC_SECRET 946ddfdc651f77313df4a66f65cec7f5edded51df7fe7a5e78bdaeef780d4381 6624824e8be5ccd8931691720ca0f60861c264ffa8960e3f01d42c02b729a5d1
SERVER_TRAFFIC_SECRET_0 946ddfdc651f77313df4a66f65cec7f5edded51df7fe7a5e78bdaeef780d4381 55126b4a12bf941c34719b0532ee16c667023ef473d694460db786d8972be7ed
SERVER_HANDSHAKE_TRAFFIC_SECRET b08801958c0024e9d7a2dfed39a6d9a9116c5c79531699cb6a5d41f558ad2e58 1614a55145afba5a0d87a94b1431c87e2c746f624d86e036fc4d4ba678de62ad
CLIENT_HANDSHAKE_TRAFFIC_SECRET b08801958c0024e9d7a2dfed39a6d9a9116c5c79531699cb6a5d41f558ad2e58 cb5e8dd28ff81a7d51f7ed41983d19452a8da4723e85485b13371b0b11ae1efe
SERVER_TRAFFIC_SECRET_0 b08801958c0024e9d7a2dfed39a6d9a9116c5c79531699cb6a5d41f558ad2e58 d19e63de1d03f77ae208c0fb940b187248c917b944c93f052585f195927c408c
CLIENT_TRAFFIC_SECRET_0 b08801958c0024e9d7a2dfed39a6d9a9116c5c79531699cb6a5d41f558ad2e58 fada658f5d66198660b20584b8af38c9cb58d3d52b05281ffdfcc51380be0a74
SERVER_HANDSHAKE_TRAFFIC_SECRET 53d5b26008cf95a19398171a3fdbc747dfe9d69de5e8071ac2cf0ceba30baeb9 7f6f369d1af6517f53388c07b7043a8ca9f841eef8737ea8532711d336c28531
CLIENT_HANDSHAKE_TRAFFIC_SECRET 53d5b26008cf95a19398171a3fdbc747dfe9d69de5e8071ac2cf0ceba30baeb9 a40b8104de6960015e1e521016d7ddfbf7b6c8e74ae2cecd97ad77d51b57a800
SERVER_TRAFFIC_SECRET_0 53d5b26008cf95a19398171a3fdbc747dfe9d69de5e8071ac2cf0ceba30baeb9 93991564acaf766dfae02cc63ab8b61038a3f266271b3fa0fec19473a91a86b9
CLIENT_TRAFFIC_SECRET_0 53d5b26008cf95a19398171a3fdbc747dfe9d69de5e8071ac2cf0ceba30baeb9 6b208823ac4cdbb00f1d1d50aef22dff94e76dc520ee588e07881f011560b1f2
SERVER_HANDSHAKE_TRAFFIC_SECRET e58314c1c25cc0684eb04e208c4cf8b54fe4a68a42db7f457c8e20cfe6b28157 3b178657e8e682747c8b73f27b95d59229084923b30224058b6c981b904648ce
CLIENT_HANDSHAKE_TRAFFIC_SECRET e58314c1c25cc0684eb04e208c4cf8b54fe4a68a42db7f457c8e20cfe6b28157 832f49482c2839d31f8f7183c32a0f7f5c5e1f09940491a53924bd9ceeda0679
SERVER_TRAFFIC_SECRET_0 e58314c1c25cc0684eb04e208c4cf8b54fe4a68a42db7f457c8e20cfe6b28157 cdba472deb7ccf3367e82fa564302d17355544c2d160ef3a38abf82f64208b23
CLIENT_TRAFFIC_SECRET_0 e58314c1c25cc0684eb04e208c4cf8b54fe4a68a42db7f457c8e20cfe6b28157 7baae1a9c22fb176c3f437abca6614f92231cbb0379c405358c47895348688ad
SERVER_HANDSHAKE_TRAFFIC_SECRET 8afdb8670aee497ea02fd2f4152bb86f0addd228a160ea9e35751d55b207987e 34d304981caae6d34775bedb729b676b256f339f523472a823b69b58cc3ecbd3
CLIENT_HANDSHAKE_TRAFFIC_SECRET 8afdb8670aee497ea02fd2f4152bb86f0addd228a160ea9e35751d55b207987e eae4298add1d55f46ccd1023ad91527ce199510fdf29c5afb861e692ee83d6a5
SERVER_TRAFFIC_SECRET_0 8afdb8670aee497ea02fd2f4152bb86f0addd228a160ea9e35751d55b207987e 3abf9c7971646da79cf9738867d9b82ea1a1d964015aa6f851ccb80ccd318c00
CLIENT_TRAFFIC_SECRET_0 8afdb8670aee497ea02fd2f4152bb86f0addd228a160ea9e35751d55b207987e 03d5ed26ebad13c8ee9a7fb73f91dc4e96f99dad1c9a172d4e3b115712f2b0ea
SERVER_HANDSHAKE_TRAFFIC_SECRET cef7ac37faee98baac36feba05e17bbc1dbac66bf9d2df0414ec18af6c73e864 08a1d619cdf5582789a458b3b884beeeb985ea194e07b6d45796776ee59d17d5
CLIENT_HANDSHAKE_TRAFFIC_SECRET cef7ac37faee98baac36feba05e17bbc1dbac66bf9d2df0414ec18af6c73e864 4c376ab62fa3988a8bd2d3a1e96b2de35f0da198d4317b4ca32cb68e0749577d
SERVER_TRAFFIC_SECRET_0 cef7ac37faee98baac36feba05e17bbc1dbac66bf9d2df0414ec18af6c73e864 47b4b99cf6ffe13b386ca8f4917ea516d3103d8f008afa3a3db32fabdf0ae99a
SERVER_HANDSHAKE_TRAFFIC_SECRET 492110c3f7a510d4a5ed87b74d33f6f609edd925ebee83af33523e31ba4b90e1 340ec15087dfe0afea6e867172171c6c8b87e951f023b82290e3740837812115
CLIENT_HANDSHAKE_TRAFFIC_SECRET 492110c3f7a510d4a5ed87b74d33f6f609edd925ebee83af33523e31ba4b90e1 d1c6cc1a4d4294f11a553597744f365daaa788150e46add5e642c5251b84aedf
SERVER_TRAFFIC_SECRET_0 492110c3f7a510d4a5ed87b74d33f6f609edd925ebee83af33523e31ba4b90e1 31f827a839bb46856ee457b461cdb178ed1f14149752a1a2cbf76733d6700716
CLIENT_TRAFFIC_SECRET_0 492110c3f7a510d4a5ed87b74d33f6f609edd925ebee83af33523e31ba4b90e1 7c51b7db8c623881e57ad2d4f255caf220f9bbaea85d38bb1a0a2ea940ea44f5
SERVER_HANDSHAKE_TRAFFIC_SECRET e9ce2ae910179924ac24ef91d434f052ae7185c66819fdbc3242d3e96f4784e1 149f57f0baceac3c083a570303f13c5668e60b0b430bb09681ac838ead4d0e40
CLIENT_HANDSHAKE_TRAFFIC_SECRET e9ce2ae910179924ac24ef91d434f052ae7185c66819fdbc3242d3e96f4784e1 2e35947d7e3a03d9a1cfbaf7e35b8696c85dc79b3d272ea3dcb41e866b2128c9
SERVER_TRAFFIC_SECRET_0 e9ce2ae910179924ac24ef91d434f052ae7185c66819fdbc3242d3e96f4784e1 a723c32650f945b68fea6fcedfb85e87749ee3a3f16e3a1c2ed7a1393df784e6
CLIENT_TRAFFIC_SECRET_0 e9ce2ae910179924ac24ef91d434f052ae7185c66819fdbc3242d3e96f4784e1 09b3afaa16250553ab4f042e5e67daf1d5edd2c0fc6b21c2d11acaf03b910cc4
SERVER_HANDSHAKE_TRAFFIC_SECRET ca14804137e1775c0876e5f5323765a4e11782d2a04690927e6824cbd482fe42 f35287dd9c776130f8421131cf56df306ddd92b16c64a4c4f23bd3a55ab212e1
CLIENT_HANDSHAKE_TRAFFIC_SECRET ca14804137e1775c0876e5f5323765a4e11782d2a04690927e6824cbd482fe42 578515c9cde62efffab8a365b6085dde58fd80b628b53f236ebb91372e7a0dfa
SERVER_TRAFFIC_SECRET_0 ca14804137e1775c0876e5f5323765a4e11782d2a04690927e6824cbd482fe42 e6402642ca30cd2574d33e866e521e7858a244606c88ba1f426e473099df802b
SERVER_HANDSHAKE_TRAFFIC_SECRET bc6c2b57de74b903cacb0c1ccce66e6bbff38ff9770a293b2deae0f41a0fb12c 29ca8739c096e60cdca0493440e1fdb44a69896716dbc1082e9c284d6b8423ea
CLIENT_HANDSHAKE_TRAFFIC_SECRET bc6c2b57de74b903cacb0c1ccce66e6bbff38ff9770a293b2deae0f41a0fb12c 7f3cf3d9f9272e6b243f9eea0c8197c0fe46b582a76ff8b7b02c3cd12727afd0
SERVER_TRAFFIC_SECRET_0 bc6c2b57de74b903cacb0c1ccce66e6bbff38ff9770a293b2deae0f41a0fb12c 688d14cec8523b79452cd297b8ff1d162a7f9a00a780363c01e7ff1dd615ff3f
CLIENT_TRAFFIC_SECRET_0 bc6c2b57de74b903cacb0c1ccce66e6bbff38ff9770a293b2deae0f41a0fb12c 68a25edea4df67334aa68b61fc0b549e55db2074b782d448e21ff6373715d1f1
SERVER_HANDSHAKE_TRAFFIC_SECRET 378bc95a5a5b8ef9eceeda121f95ba9c33b5e9d8e82ececdf0b2aed26169f8ea 94b6583de0148f6ae4b3467c8aecd6397b6ab47f4e8ffb324686fcd907ae0b59
CLIENT_HANDSHAKE_TRAFFIC_SECRET 378bc95a5a5b8ef9eceeda121f95ba9c33b5e9d8e82ececdf0b2aed26169f8ea c930e5ee079a447a76979a7cc65855ffa68eb6e0b84977f81044da877ca7a871
SERVER_TRAFFIC_SECRET_0 378bc95a5a5b8ef9eceeda121f95ba9c33b5e9d8e82ececdf0b2aed26169f8ea 60224814ae65cc82f3cd72839a5e7a0f84f7d7da66abcb033e800ce6adb36b5f
SERVER_HANDSHAKE_TRAFFIC_SECRET cb2656bfdea57933d4072c352ace6c0292d89a53be2677d16ec84277d0e408df b8090e13638acefcda2777baf9c70026d07d4bacf82f962b12e0127fcd5cd58b
CLIENT_HANDSHAKE_TRAFFIC_SECRET cb2656bfdea57933d4072c352ace6c0292d89a53be2677d16ec84277d0e408df ae97486535dcee5ee044a7cafda9ad5b1fa97c0401d0e9cd22212c2f7b436802
SERVER_TRAFFIC_SECRET_0 cb2656bfdea57933d4072c352ace6c0292d89a53be2677d16ec84277d0e408df 93bc27b0e2b45bffea2dea579e27aa944413a968d3e4251b7c8d8f7ccf5ca44c
CLIENT_TRAFFIC_SECRET_0 cb2656bfdea57933d4072c352ace6c0292d89a53be2677d16ec84277d0e408df 559ec556cbec986a05af960bdf0030b96471616ffee39487600f14e9087e89e7
SERVER_HANDSHAKE_TRAFFIC_SECRET 0862d3a7156180a32e92b2c272c79b442074a45adf23bcb79d297bc28e7e3b44 17594a2713785b1547f7b35f40cef9908049e35cd4180b26ebda1adb6ff5ef95
CLIENT_HANDSHAKE_TRAFFIC_SECRET 0862d3a7156180a32e92b2c272c79b442074a45adf23bcb79d297bc28e7e3b44 87d7b6c4613910ea648c7769ce112d5229be1da0f36842bed93e1bbe64084af3
SERVER_TRAFFIC_SECRET_0 0862d3a7156180a32e92b2c272c79b442074a45adf23bcb79d297bc28e7e3b44 85d9b7156760afe35a97b19778dbc5fee8c2e800a8cf1159d33a6ffc2aad6923
CLIENT_TRAFFIC_SECRET_0 0862d3a7156180a32e92b2c272c79b442074a45adf23bcb79d297bc28e7e3b44 96f08d3b85f4315570c54a3d5ab94be07c06613ffc4137f99b7be5c44576ec1a
SERVER_HANDSHAKE_TRAFFIC_SECRET 85bb03a3b1c2169625ad7bbbea00a50a824a7c745793296dede6bf2d42aee6e8 2399128171c558bcc29fae6b1fbf5ef23feafb4b0276bcf8beb4e2926008089e
CLIENT_HANDSHAKE_TRAFFIC_SECRET 85bb03a3b1c2169625ad7bbbea00a50a824a7c745793296dede6bf2d42aee6e8 fc44803fbd2beb8e061a18fbaabee14d9cb002702b0cca1a2160d772494ad588
SERVER_TRAFFIC_SECRET_0 85bb03a3b1c2169625ad7bbbea00a50a824a7c745793296dede6bf2d42aee6e8 6252546bf840be9fe56b2f5d507f55ffdc563f875c0641af3fd3029944e7c37c
CLIENT_TRAFFIC_SECRET_0 85bb03a3b1c2169625ad7bbbea00a50a824a7c745793296dede6bf2d42aee6e8 c949dd13fbd7bc218231518109d196d18445c2b812b9af439f4b8ebc6dde7541
SERVER_HANDSHAKE_TRAFFIC_SECRET 5d516360286bfe07636d9c0ceb74f30af226990afaad4789afa35099d9b096d0 17eb0976a8b90d7e75756ea1b86fb2893025514161671852a20f43943b623615
CLIENT_HANDSHAKE_TRAFFIC_SECRET 5d516360286bfe07636d9c0ceb74f30af226990afaad4789afa35099d9b096d0 df4befd07b219d091d84389b0c56c1a1ae806ce34d3dcff4163b16c4d7be24ad
SERVER_TRAFFIC_SECRET_0 5d516360286bfe07636d9c0ceb74f30af226990afaad4789afa35099d9b096d0 79ca48003f6674d4b86b41e3f10990e8369caf7e695f99eacb657a81a2627e48
SERVER_HANDSHAKE_TRAFFIC_SECRET b4789f31c2f095c7c6a3c1e053585edbd0063e0c95a8e457c099980c6347d65e 1a07ba5cbd15a1fdc081991e5b3b5f017e423cb4413d30cd2be4a9703981ba7f
CLIENT_HANDSHAKE_TRAFFIC_SECRET b4789f31c2f095c7c6a3c1e053585edbd0063e0c95a8e457c099980c6347d65e 6ae8a745b6ef6de840e9dc175e815233462992d45c029f2f69fb5ed85e74a2bc
SERVER_TRAFFIC_SECRET_0 b4789f31c2f095c7c6a3c1e053585edbd0063e0c95a8e457c099980c6347d65e cc100b986a8e94899dc936a2101b48453bc75e3b312625661bca11c6c164fe64
CLIENT_TRAFFIC_SECRET_0 b4789f31c2f095c7c6a3c1e053585edbd0063e0c95a8e457c099980c6347d65e 1035cb0e927632b00928ca4fab1e98b359c582c01d5e8845fdef8723c6afcaf6
SERVER_HANDSHAKE_TRAFFIC_SECRET 894c9bce281b2dde90e0ad92e7a0f9b978203f10fe3eb31ca409b33bcc8d85ac f486c2b1f13931fad9725881a3cb6c448cf17882f9ed01684b391862f8d8bea8
CLIENT_HANDSHAKE_TRAFFIC_SECRET 894c9bce281b2dde90e0ad92e7a0f9b978203f10fe3eb31ca409b33bcc8d85ac 8826e6001eceb9e6c3054e36a241438caeb4e8f4d487ca674120f821633600a8
SERVER_TRAFFIC_SECRET_0 894c9bce281b2dde90e0ad92e7a0f9b978203f10fe3eb31ca409b33bcc8d85ac 9afdbec2ca122d61e01bb9b36776f623d2e4325422f2a262afe69bcf7689c6a3
CLIENT_TRAFFIC_SECRET_0 894c9bce281b2dde90e0ad92e7a0f9b978203f10fe3eb31ca409b33bcc8d85ac 9e9a106b75aa454caaa0eebaf9aa5d354fe4a2ce31ef47f9664488823f3bb486
SERVER_HANDSHAKE_TRAFFIC_SECRET fcf979c43a22efb6b45590b17274df726f4e74cc179b5465ccbbdc80403fe241 58bd6cab7caa1fce33b0b1c50eecbda2045d6eeefd8cb5de5020e12080a38504
CLIENT_HANDSHAKE_TRAFFIC_SECRET fcf979c43a22efb6b45590b17274df726f4e74cc179b5465ccbbdc80403fe241 732c58809d6b192fcdba9bd47313508b241630d710d5966a8fa175bddbd12752
SERVER_TRAFFIC_SECRET_0 fcf979c43a22efb6b45590b17274df726f4e74cc179b5465ccbbdc80403fe241 c7ec786c7465f28d201121fd6ea96885a03bcc16e6dfd0e2df87f1b956f695bc
CLIENT_TRAFFIC_SECRET_0 fcf979c43a22efb6b45590b17274df726f4e74cc179b5465ccbbdc80403fe241 03e69424176d607ada77445dbb83cc03b58e42d782f6ac49e9b24e6c5a26b92f
SERVER_HANDSHAKE_TRAFFIC_SECRET 6f1260140b54802e81880c57c7a8d29afbf8bf7f7e04612721930e73435c9d2d 7cb618a22fd5ad7440368735d39b2e2b783734543fa551277a47242d65b3b3f5
CLIENT_HANDSHAKE_TRAFFIC_SECRET 6f1260140b54802e81880c57c7a8d29afbf8bf7f7e04612721930e73435c9d2d cd9904093bfb976b30a846f43659c1adb75ef8a9fbfabdfff218534b8f34f48d
SERVER_TRAFFIC_SECRET_0 6f1260140b54802e81880c57c7a8d29afbf8bf7f7e04612721930e73435c9d2d e020649ed96ef4dc9a0272d50a6f3e2fa9e7770ac13e4f71781ed69d6c921276
SERVER_HANDSHAKE_TRAFFIC_SECRET 6de91f8e7528fb61a99454dccb09514c205a6f7903bf14c560537c7630ec5d48 ca77117ecc2452a42a8f3cccb20e1ce8fb1487e90bc682b91f854880be42fe59
CLIENT_HANDSHAKE_TRAFFIC_SECRET 6de91f8e7528fb61a99454dccb09514c205a6f7903bf14c560537c7630ec5d48 a90c098326465649d5be03143a9afcad78c876cd42799fe0fbf43ff06e61b7da
SERVER_TRAFFIC_SECRET_0 6de91f8e7528fb61a99454dccb09514c205a6f7903bf14c560537c7630ec5d48 da7f0b9bcfb7c60d7b84b6eb19e62e03a4863ad1cf33fce9b267bf34ad915928
SERVER_HANDSHAKE_TRAFFIC_SECRET bcc5111deb7a4da78b92f165a2702f6b78282c07aa6cc160f6735ae17ae9e6c0 8d1ef2ad55d6f734ef964a021e5dcf9cc195b3d5fb29e7439cb6bba456643684
CLIENT_HANDSHAKE_TRAFFIC_SECRET bcc5111deb7a4da78b92f165a2702f6b78282c07aa6cc160f6735ae17ae9e6c0 322efe20c8c67720e690c59f2a8a266ad8e6c39ec5a62f27e5b2b6f96e7b8390
SERVER_TRAFFIC_SECRET_0 bcc5111deb7a4da78b92f165a2702f6b78282c07aa6cc160f6735ae17ae9e6c0 8f35c81eb16322b83590d042e32992d5b34ae0f3aeee606c0dda6c06281ace0e
CLIENT_TRAFFIC_SECRET_0 bcc5111deb7a4da78b92f165a2702f6b78282c07aa6cc160f6735ae17ae9e6c0 94954e523ad1a639fca015c6be426c50d2abb53e0df23b9710beaba4bb3a9e89
SERVER_HANDSHAKE_TRAFFIC_SECRET c4a37a344f705fa2dce8a6011db7232813b7bf18d96797bf4b7c57cbcb559f63 855d8f70080fde8173ba23ce1d65d470105c36182eff3b2ef38b1cbd5c21cfff
CLIENT_HANDSHAKE_TRAFFIC_SECRET c4a37a344f705fa2dce8a6011db7232813b7bf18d96797bf4b7c57cbcb559f63 2720949f949c9c88ba97e55d185f1501d6d4621dc88003bc19427259a8c1449c
SERVER_TRAFFIC_SECRET_0 c4a37a344f705fa2dce8a6011db7232813b7bf18d96797bf4b7c57cbcb559f63 41096e0cbef131d1cf0daa40e0db98134b5bd52a994944c6ba8a81a11773613e
CLIENT_TRAFFIC_SECRET_0 c4a37a344f705fa2dce8a6011db7232813b7bf18d96797bf4b7c57cbcb559f63 4b78bf1af3905411b32b8052bd017162743b8feabbea53228ab283433b840a38
SERVER_HANDSHAKE_TRAFFIC_SECRET 9d3b33cdc8e57655992c2447b3c5b6a2df3a4cd5baccfeeb3811934b55be38d4 92137a7d49fd57193862128af041cd2f7a1c153e8b2bbd6e91a290b4d47860f2
CLIENT_HANDSHAKE_TRAFFIC_SECRET 9d3b33cdc8e57655992c2447b3c5b6a2df3a4cd5baccfeeb3811934b55be38d4 59f8d7cd634fd904d3a55df2e33bde8def37a4fff7f74a9fb4f3f73f98a6d999
SERVER_TRAFFIC_SECRET_0 9d3b33cdc8e57655992c2447b3c5b6a2df3a4cd5baccfeeb3811934b55be38d4 74d20dfb13027023cf85ce153274396f2d6cf32bcbba42bb8d640a13fe834127
CLIENT_TRAFFIC_SECRET_0 9d3b33cdc8e57655992c2447b3c5b6a2df3a4cd5baccfeeb3811934b55be38d4 cb8c6cd36824e5cf4bb68f7948e208835ca13a6004ec38bca825f1927f90f47e
SERVER_HANDSHAKE_TRAFFIC_SECRET 051db1687a078f96d4e726aaeedb8a3b0251e6450695f54c7aac32244474a60c 7e5516a89ae8ff80aa1cde8d1b1e04e95f0b88363cc179faf612905bdbedb2cd
CLIENT_HANDSHAKE_TRAFFIC_SECRET 051db1687a078f96d4e726aaeedb8a3b0251e6450695f54c7aac32244474a60c e78aba192138b040e9c84553a4eafa3e6776116ce8830f50e0d9028c80e311c5
SERVER_TRAFFIC_SECRET_0 051db1687a078f96d4e726aaeedb8a3b0251e6450695f54c7aac32244474a60c deafa16e87a3492494bf864c940a8d75802f4362895e6222041cfa60d5ea061a
CLIENT_TRAFFIC_SECRET_0 051db1687a078f96d4e726aaeedb8a3b0251e6450695f54c7aac32244474a60c 66234b27409e74985d50ef126626a4c43c3e2c15f3864c2d05fda7d24b036c79
SERVER_HANDSHAKE_TRAFFIC_SECRET e9489c37a1d6e90d89a9ab448020ec21e1b2cefb6bd601d9a40a4221e166ea5d 50105ad4af004f9d2e44cde7efdb454d8df0fb5d4a1d0f8c98e2f083e1a02143
CLIENT_HANDSHAKE_TRAFFIC_SECRET e9489c37a1d6e90d89a9ab448020ec21e1b2cefb6bd601d9a40a4221e166ea5d 89107a99b1d5d60c7f15b0a2db23a84d49c454b0bdf98f50479b3764674c6e4e
SERVER_TRAFFIC_SECRET_0 e9489c37a1d6e90d89a9ab448020ec21e1b2cefb6bd601d9a40a4221e166ea5d 4d77aa98e9854cef07e9c805db3bfded74ded81974a538a75a6aea01893249d8
CLIENT_TRAFFIC_SECRET_0 e9489c37a1d6e90d89a9ab448020ec21e1b2cefb6bd601d9a40a4221e166ea5d d7ca40c3274385ed9997f0861cd5f30e98b807ed80f62104fd49d678e00e82e8
SERVER_HANDSHAKE_TRAFFIC_SECRET 661afdb61b4f8133650f6cd88c5f67f9de45bcf7650e2919139000cb5ef642d9 e0a30dddaa808123933988f53651aa643a64456144edfcd8d1a1e2864b799a15
CLIENT_HANDSHAKE_TRAFFIC_SECRET 661afdb61b4f8133650f6cd88c5f67f9de45bcf7650e2919139000cb5ef642d9 c234185af97df285c6b6e5b7a8388f235678d8e86dadc7a9025e0ddcc3adef35
SERVER_TRAFFIC_SECRET_0 661afdb61b4f8133650f6cd88c5f67f9de45bcf7650e2919139000cb5ef642d9 2030917679d2361fbed8911f66eccddeeb6102cbaea3048f0bfcf12f7a4736f5
CLIENT_TRAFFIC_SECRET_0 661afdb61b4f8133650f6cd88c5f67f9de45bcf7650e2919139000cb5ef642d9 30007062a123e9e8acc4b48934db214ff2a03d77d8234f022daa569338414606
SERVER_HANDSHAKE_TRAFFIC_SECRET eb3a34db01ffbbb6d7474557cec7af650b6ab6738cf6be63eb1fbaef5cf2cfd4 d1b2605538fb3c7261f64bfd4bf65950e7c32d805948fe8368fb8e3e10b8d29b
CLIENT_HANDSHAKE_TRAFFIC_SECRET eb3a34db01ffbbb6d7474557cec7af650b6ab6738cf6be63eb1fbaef5cf2cfd4 2a704b68d6330a1ac19a85b56097bbc00faca3e7daee0a276f8fa7f830d65684
SERVER_TRAFFIC_SECRET_0 eb3a34db01ffbbb6d7474557cec7af650b6ab6738cf6be63eb1fbaef5cf2cfd4 f80edb53d2e3ddf032e5f3e428817376165a43e665bebbd149b1837f9a8ef54d
CLIENT_TRAFFIC_SECRET_0 eb3a34db01ffbbb6d7474557cec7af650b6ab6738cf6be63eb1fbaef5cf2cfd4 98828d8941367750d28715003843b4b202c11cfc1ade4356a5112c55c105d15e
SERVER_HANDSHAKE_TRAFFIC_SECRET 92158330bb8f2ea6e4a11660fb51e79ae69ce469590f06eb0541ac31b18be114 e4a59263bf7ef50498ebfd23a61e211cf4c3a4713a5ed24cf28cf379f5873c1a
CLIENT_HANDSHAKE_TRAFFIC_SECRET 92158330bb8f2ea6e4a11660fb51e79ae69ce469590f06eb0541ac31b18be114 61cbd56a8a243f61914d3040e7ca7310b844afe32439a22cb44b685f1b3dc1fc
SERVER_TRAFFIC_SECRET_0 92158330bb8f2ea6e4a11660fb51e79ae69ce469590f06eb0541ac31b18be114 1b6c47c00b742d6dff185b220c94a7b927a4311ae6795cae0bd22dd561876dc2
CLIENT_TRAFFIC_SECRET_0 92158330bb8f2ea6e4a11660fb51e79ae69ce469590f06eb0541ac31b18be114 d73eeacb029ba1d75158e2327635fc68d3a3b9460d15ccea25a147385f1bf852
SERVER_HANDSHAKE_TRAFFIC_SECRET 438d89d52901e2f77cf91bc9af9dd5875573bd1003103fbc15fd3c5c5d05f75d 60048fe812347744c7070b133f764c1d5b264aad68481d810d61cdec99741bb3
CLIENT_HANDSHAKE_TRAFFIC_SECRET 438d89d52901e2f77cf91bc9af9dd5875573bd1003103fbc15fd3c5c5d05f75d 46aecf1daae94254ea2aa0ff34227a55ac2fae4eef1bbb6a60bbc818b16c1e77
SERVER_TRAFFIC_SECRET_0 438d89d52901e2f77cf91bc9af9dd5875573bd1003103fbc15fd3c5c5d05f75d 14e5289278bb28eecbb100d832f7c24badcc0ec385a48ffd8397a876314e7cf9
CLIENT_TRAFFIC_SECRET_0 438d89d52901e2f77cf91bc9af9dd5875573bd1003103fbc15fd3c5c5d05f75d 3f6e3c1dca40e41176ed81a0466eb1d2761a3e6781a18db100462e234899a6c1
SERVER_HANDSHAKE_TRAFFIC_SECRET 0c62e92b0fffa8b60b4633fdaeba116487621b220d062c4347e083b614ebf42c 9ab125d644c124aaa0d91531363e52938b9d9698ec33aabda1f81919ad61bbbf
CLIENT_HANDSHAKE_TRAFFIC_SECRET 0c62e92b0fffa8b60b4633fdaeba116487621b220d062c4347e083b614ebf42c 09a7c98d5d1482f2e1b65a3fd025567938df422805e174db5fbd30682a852143
SERVER_TRAFFIC_SECRET_0 0c62e92b0fffa8b60b4633fdaeba116487621b220d062c4347e083b614ebf42c 156bdad4a06b3ae6f90f153ccd920c63fa48397f0849f19dbea5a076a95e6cfc
CLIENT_TRAFFIC_SECRET_0 0c62e92b0fffa8b60b4633fdaeba116487621b220d062c4347e083b614ebf42c 26360a5604d92c39485b3dfd729c97b0d10486889e4931ea1dfe283a14d65bf7
SERVER_HANDSHAKE_TRAFFIC_SECRET 89c22512578811158a5fee3791b83870b1b1dc1e4e983a3ddbe338e436f34e03 3f630aca2a778100286dd0242388e9d9db9bd67697011e99058b73b13b79d8fe
CLIENT_HANDSHAKE_TRAFFIC_SECRET 89c22512578811158a5fee3791b83870b1b1dc1e4e983a3ddbe338e436f34e03 691d70f8c41f11fd5dc073950e1aa68361fe7da60041ccb4126fc2d71fe88a96
SERVER_TRAFFIC_SECRET_0 89c22512578811158a5fee3791b83870b1b1dc1e4e983a3ddbe338e436f34e03 f0b5cee93f068b7c676db2ef4f90f10ce3edbd16e2904265e91d29695bfb6572
CLIENT_TRAFFIC_SECRET_0 89c22512578811158a5fee3791b83870b1b1dc1e4e983a3ddbe338e436f34e03 3ed708f5941e0f716c57c5d803c00704b36f0dfbe922fc3a5d23bacbfcbcc5fa
SERVER_HANDSHAKE_TRAFFIC_SECRET b4380e33ebbdb15a97c3da1c0f0d482e7547ffa58d91bb978499e4008d3299b9 10872c64f3e8e762b459938354e60bde204cdbe83eb0ef68ec6da29edb5dce71
CLIENT_HANDSHAKE_TRAFFIC_SECRET b4380e33ebbdb15a97c3da1c0f0d482e7547ffa58d91bb978499e4008d3299b9 50df5f5895f281f2576f23f73324843ec92b07328d46c2b4222565564afee2a8
SERVER_TRAFFIC_SECRET_0 b4380e33ebbdb15a97c3da1c0f0d482e7547ffa58d91bb978499e4008d3299b9 2edfea04ee9d771aa43b2d82328955a45f842d8de95e605ffb1c2a870fdea2a9
CLIENT_TRAFFIC_SECRET_0 b4380e33ebbdb15a97c3da1c0f0d482e7547ffa58d91bb978499e4008d3299b9 d1fe6f0647b87a1c7f28e23869d900b45693ae0427cca2bfa22820fd09c82a76
SERVER_HANDSHAKE_TRAFFIC_SECRET 2d98eb149f1a188aaeac70c2e9caae535bcbef2378bb9b0ce911f88c8dfe78a0 4fcc3ce3dd6b035e100640d1ba655a7ad71d8e2e807282c473454738a7c82d01
CLIENT_HANDSHAKE_TRAFFIC_SECRET 2d98eb149f1a188aaeac70c2e9caae535bcbef2378bb9b0ce911f88c8dfe78a0 4016a1c81c83654d862ba86df061951b9b0560a59ed9e1caba118c9358a955fa
SERVER_TRAFFIC_SECRET_0 2d98eb149f1a188aaeac70c2e9caae535bcbef2378bb9b0ce911f88c8dfe78a0 b753c76f43897699eb09440228c97ca531ff3dbd6cbc77c09fa268d1adbd39ed
SERVER_HANDSHAKE_TRAFFIC_SECRET 3838e6ab14127f53069bf5a962c73ea14f6799a18a15cac6b0f6c3591c5d4222 a996eedd60d377cfcfb25dbb94e70d010d148ee9c4bd4ce08231601c03f02c4c
CLIENT_HANDSHAKE_TRAFFIC_SECRET 3838e6ab14127f53069bf5a962c73ea14f6799a18a15cac6b0f6c3591c5d4222 7597e331a13e78477aac70135e93b5eceb5d385436eeaa944e24e5f6aba06d12
SERVER_TRAFFIC_SECRET_0 3838e6ab14127f53069bf5a962c73ea14f6799a18a15cac6b0f6c3591c5d4222 a9495391f4aa93a618fc2c902b055d1906d96f1e704aa9895ffa3a59257fa925
CLIENT_TRAFFIC_SECRET_0 3838e6ab14127f53069bf5a962c73ea14f6799a18a15cac6b0f6c3591c5d4222 c9a3c6cab1aaa38c8f7f75d7fd48f5a9f8eae5286ac958ce1b7b237320095337
SERVER_HANDSHAKE_TRAFFIC_SECRET ac15e664da813a964cb2216f968413e5889cabacf537509ab8be66a0939ab734 407dbee8c301deb025ec8eb404f8211991fa008f89a7c5c6095a39f4ba4818fb
CLIENT_HANDSHAKE_TRAFFIC_SECRET ac15e664da813a964cb2216f968413e5889cabacf537509ab8be66a0939ab734 779befbc89f8bcc8c994b3152ecb840f62372132c36fe891618a6596034b42f4
SERVER_TRAFFIC_SECRET_0 ac15e664da813a964cb2216f968413e5889cabacf537509ab8be66a0939ab734 43d86cc9db526a2f72ceaf50ad8466db2a3ccbeab5d4fefe7dc6351f6ca64eff
CLIENT_TRAFFIC_SECRET_0 ac15e664da813a964cb2216f968413e5889cabacf537509ab8be66a0939ab734 df507d70a4b2c7f990c3cce49fb53921927a595fa96a8fb38015ae4a380c9e18
SERVER_HANDSHAKE_TRAFFIC_SECRET 383a84081b2e06b2e0630d5c4654f94fc265cbb72f484c6c850752379b1a9036 63b638851e155cdd4cb1fe90240926094998098d7bfe43de2c2d021007ddd4a1
CLIENT_HANDSHAKE_TRAFFIC_SECRET 383a84081b2e06b2e0630d5c4654f94fc265cbb72f484c6c850752379b1a9036 7cf16885ecb80eac525ba3e7bc68d40d3e6adc8aa12ab627f9f32f5b797ba42c
SERVER_TRAFFIC_SECRET_0 383a84081b2e06b2e0630d5c4654f94fc265cbb72f484c6c850752379b1a9036 7ff4fd74ad42da1dcb317089de5170826e5e2193d58b7242c71cbb0fc4fc708e
CLIENT_TRAFFIC_SECRET_0 383a84081b2e06b2e0630d5c4654f94fc265cbb72f484c6c850752379b1a9036 a7cb37a93d73ff11951ad83a5b1165dc1eb4783b64a28871bae06ca934010653
SERVER_HANDSHAKE_TRAFFIC_SECRET 7f41d43caf579be53d6334b00bcf397842b88593e9fa30e89a39235e8bbc9450 915f90b38cc389cf1385d44ea5e87356465e537014692aa54a9bb439d0bd9e30
CLIENT_HANDSHAKE_TRAFFIC_SECRET 7f41d43caf579be53d6334b00bcf397842b88593e9fa30e89a39235e8bbc9450 5dc16aa29b7b7b2cbc5bb95b5d4f3583e3103ee84bb52bbbd3bd1ec142ff6c81
SERVER_TRAFFIC_SECRET_0 7f41d43caf579be53d6334b00bcf397842b88593e9fa30e89a39235e8bbc9450 4f5f030b92789e91dc0dcdacf857374adf68e3d0036bc14a1dfaa1b231ecc2bf
CLIENT_TRAFFIC_SECRET_0 7f41d43caf579be53d6334b00bcf397842b88593e9fa30e89a39235e8bbc9450 9d0f38081155d4a54947d7453df06ca68cbbaf82f43728fcaf07382804aaf6d7
SERVER_HANDSHAKE_TRAFFIC_SECRET 52fcc8fc6711c54acc6dfb95c40f80be865aead925ddd150552db22e5e0eb74e cd7453387d3e070a84ebf1438430fc26c4fe5e36b8589bc3adfb5dd30ecc840b
CLIENT_HANDSHAKE_TRAFFIC_SECRET 52fcc8fc6711c54acc6dfb95c40f80be865aead925ddd150552db22e5e0eb74e ac16cd4f09b3c5cf1878169e2924b2fac2a171007bb3ae11149d253abde317b5
SERVER_TRAFFIC_SECRET_0 52fcc8fc6711c54acc6dfb95c40f80be865aead925ddd150552db22e5e0eb74e 2b1983f4a637dc3e05eb9b928b22df05cc5cd414b50538248c00c7181d265a9e
CLIENT_TRAFFIC_SECRET_0 52fcc8fc6711c54acc6dfb95c40f80be865aead925ddd150552db22e5e0eb74e 85361677d55302635dfa1ed8dc887fbb8aed91f163aef5d1603f32e7d1fa00c5
SERVER_HANDSHAKE_TRAFFIC_SECRET c59067dd4cf78c9111c7cfaa4e9f4d06d9890be9faa4c7c6b32eb964b8433b25 dea79479f079e264f9748afc9b2d8ab5ce7f40c1d946d5b6b0c8b1606cf340d4
CLIENT_HANDSHAKE_TRAFFIC_SECRET c59067dd4cf78c9111c7cfaa4e9f4d06d9890be9faa4c7c6b32eb964b8433b25 43f282e208a18641ee86112c774222da9d54ba14e02b3475c5f345caf7fcd9b3
SERVER_TRAFFIC_SECRET_0 c59067dd4cf78c9111c7cfaa4e9f4d06d9890be9faa4c7c6b32eb964b8433b25 87ee9ee6b48fc93842d849475bfeb465b6d2c3ec9897c3389110457721ef94bd
SERVER_HANDSHAKE_TRAFFIC_SECRET 4c6997e8fb9e5569b966e102fd331d50dee4f4c97b2fa83f0d09628f0a3b205c 71f2b07d6901de8bb0bac24300b295d79824e380c943ab322c4edccd7d8aaacc
CLIENT_HANDSHAKE_TRAFFIC_SECRET 4c6997e8fb9e5569b966e102fd331d50dee4f4c97b2fa83f0d09628f0a3b205c d36c3a4c6469c1f590df7e4eaf29c56fd2ee24a80ae903c1b8451a0ddc83997c
SERVER_TRAFFIC_SECRET_0 4c6997e8fb9e5569b966e102fd331d50dee4f4c97b2fa83f0d09628f0a3b205c 46c06a163b7384e20d29c37854eba74f2d8926ccee70e35a215406d48a4f65fd
CLIENT_TRAFFIC_SECRET_0 4c6997e8fb9e5569b966e102fd331d50dee4f4c97b2fa83f0d09628f0a3b205c a821f5586136863aa2b718315394ebeb540269beb39acfadde49c8929ccd15c5
SERVER_HANDSHAKE_TRAFFIC_SECRET 2609be4ccd6b4f8473a9b3a488a06a67bfc41748d0f582bdef728e2cdef3da7e b96913fe64840b89117f8d62885e55c8b5ed1492b966d6c67c036f950422d5f9
CLIENT_HANDSHAKE_TRAFFIC_SECRET 2609be4ccd6b4f8473a9b3a488a06a67bfc41748d0f582bdef728e2cdef3da7e 55faaf3443a71c9c8e6ac55f68021fceb2099da364dcbca8206f2db3d23e3c6e
SERVER_TRAFFIC_SECRET_0 2609be4ccd6b4f8473a9b3a488a06a67bfc41748d0f582bdef728e2cdef3da7e 2d083ebc5a23d9367d8efef10cc3f6a8cb3c540e30a6f791b7bb07a491b7c590
CLIENT_TRAFFIC_SECRET_0 2609be4ccd6b4f8473a9b3a488a06a67bfc41748d0f582bdef728e2cdef3da7e 2126c9609ccd421cad31b63a1e7a92b55df69c48726be8cfeb139a53466e0e9e
SERVER_HANDSHAKE_TRAFFIC_SECRET 0f4ed16ce25d5f8630b05838bf0aab8ac97358181b8482018594d588ab50b834 5d63bb177a4a2d722086eb00b59f83567b2fd9201b8907621b1504ea0cc8ea34
CLIENT_HANDSHAKE_TRAFFIC_SECRET 0f4ed16ce25d5f8630b05838bf0aab8ac97358181b8482018594d588ab50b834 f5b6251b184c7c1ce4756c3ca635614af91ec6fd897e001bdc1f3947ea3c627b
SERVER_TRAFFIC_SECRET_0 0f4ed16ce25d5f8630b05838bf0aab8ac97358181b8482018594d588ab50b834 4e1458916c485eaf8cd2fbbf2f725c11540b867511e963320758916c3d9bbe26
SERVER_HANDSHAKE_TRAFFIC_SECRET c9774d9d5c43399bace10b135621a525fdd5e1f838a636d0ce56d2fac75a535e 9109b200202e105f9039d05a5bd6f5beff291455eb1d51a05d281034f6c35998
CLIENT_HANDSHAKE_TRAFFIC_SECRET c9774d9d5c43399bace10b135621a525fdd5e1f838a636d0ce56d2fac75a535e cf1af7876fce72679d15e2f0aa824f234305392c1a443f88c31641a9361e5949
SERVER_TRAFFIC_SECRET_0 c9774d9d5c43399bace10b135621a525fdd5e1f838a636d0ce56d2fac75a535e fa3f4f729bee4cb8335fa25bf7a63628c77369ce5ff21edfcf0713d6f14da58a
CLIENT_TRAFFIC_SECRET_0 c9774d9d5c43399bace10b135621a525fdd5e1f838a636d0ce56d2fac75a535e d0d5ebf209c697d1e65c9fd3e9e1b16c64023668b98e1adc7de5ce13a9072287
SERVER_HANDSHAKE_TRAFFIC_SECRET 2c3bdf5beaed6af6a29e057dc6061c42bc655647a03398dac819a22131b58387 5d912a5469e0be47ddb092491a28b00abf94213fc50b794199154e0260aa7ce6
CLIENT_HANDSHAKE_TRAFFIC_SECRET 2c3bdf5beaed6af6a29e057dc6061c42bc655647a03398dac819a22131b58387 7c2416798d58373a30918fe5d13bad95504f91e16e83fce26346e402ef23a0ff
SERVER_TRAFFIC_SECRET_0 2c3bdf5beaed6af6a29e057dc6061c42bc655647a03398dac819a22131b58387 389eab8298dc81fe271a7cefd25642d5be600779763cfc04857cdcee0d4f4914
SERVER_HANDSHAKE_TRAFFIC_SECRET f5714a72ce57f9df102401e81d98b496bc2aa74e3ff8ab0ae197256be8fff65d 47a55edde07a2a06aa9097b1d963b08e731cf6d0bd1db94dc22b7ce43857fdba
CLIENT_HANDSHAKE_TRAFFIC_SECRET f5714a72ce57f9df102401e81d98b496bc2aa74e3ff8ab0ae197256be8fff65d 927587dc8b40dff1f0528132d04ba3e69bf3adb3ae2ff161f250f1cd23bbb5cf
SERVER_TRAFFIC_SECRET_0 f5714a72ce57f9df102401e81d98b496bc2aa74e3ff8ab0ae197256be8fff65d c9ba5fb126f64b53ce49b3dd131a5a4599dc76184b3ac19b8d0d877180d5842d
CLIENT_TRAFFIC_SECRET_0 f5714a72ce57f9df102401e81d98b496bc2aa74e3ff8ab0ae197256be8fff65d 22aa6e2d69e74ffdd375e29c9dd64afd840eb10f9d8d685c6e949d1f16b30045
SERVER_HANDSHAKE_TRAFFIC_SECRET a6ddb8c1033ad2d277ef6db6737fbfc18c475901b83d9a5cdf0c4b24dedfc9d4 5f108a0db04e0dee25470d74f8bae97217d404c2385b2aab109bb20ea31bf6dc
CLIENT_HANDSHAKE_TRAFFIC_SECRET a6ddb8c1033ad2d277ef6db6737fbfc18c475901b83d9a5cdf0c4b24dedfc9d4 110e9b34d94b87dd70e404b07658dc8bef35f238dc85a56111259586904d9e1d
SERVER_TRAFFIC_SECRET_0 a6ddb8c1033ad2d277ef6db6737fbfc18c475901b83d9a5cdf0c4b24dedfc9d4 1081f1aa06eb655e6a8a2e74c8ff3dd93a86c3bf0f46ad1fe5f3d945a86c0ee3
CLIENT_TRAFFIC_SECRET_0 a6ddb8c1033ad2d277ef6db6737fbfc18c475901b83d9a5cdf0c4b24dedfc9d4 5e22e7e49b362e0df20e642e995a1e685d78c1402bc61747ad11cd4905533fe0
SERVER_HANDSHAKE_TRAFFIC_SECRET 9690b6fb15f0f49e5273dd904c069d33075b2ac7c24a29585dacce74aabd3c33 ef12e8bdef7ed13124e37e551fbcb79d0d0f2e9b8aa454d4816df37c2a83deba
CLIENT_HANDSHAKE_TRAFFIC_SECRET 9690b6fb15f0f49e5273dd904c069d33075b2ac7c24a29585dacce74aabd3c33 42385c1c5ed6eaf7ea309ebfc38e09a0aa39ccebbb033d7ce6c41899d7f8a668
SERVER_TRAFFIC_SECRET_0 9690b6fb15f0f49e5273dd904c069d33075b2ac7c24a29585dacce74aabd3c33 c46ee5fec6012358a6a3bd2c63b75f02fd0b24576460baf5dec644faff579a3d
CLIENT_TRAFFIC_SECRET_0 9690b6fb15f0f49e5273dd904c069d33075b2ac7c24a29585dacce74aabd3c33 be589a8d4c026e550451d05e1c0d4ef9f79fc132be68644150708dbf50ae3272
SERVER_HANDSHAKE_TRAFFIC_SECRET 1cb5850e1f2a880c2cf834248a82baebd116a415351a25163744e8a47771a961 fa5f299301c5441e1d5b9e9eba5b7a6221f06585ef4c19a40464c26ccd21456a
CLIENT_HANDSHAKE_TRAFFIC_SECRET 1cb5850e1f2a880c2cf834248a82baebd116a415351a25163744e8a47771a961 16aff05e598dc06ad55bcc5d980253e9f77f0496fb33c01a4e0c1c90c2948f75
SERVER_TRAFFIC_SECRET_0 1cb5850e1f2a880c2cf834248a82baebd116a415351a25163744e8a47771a961 51e05c8adab1e67da90fa8d177e707c6c4610b7d242be49a20b049d544676f36
SERVER_HANDSHAKE_TRAFFIC_SECRET a6e2174ec70bd00174db9709ca8ae773276d6451cde56e5e121987884e55605b 807496090422c579e0ef090b8782cb97faa9ee5115063419af81b55e2c42b0f8
CLIENT_HANDSHAKE_TRAFFIC_SECRET a6e2174ec70bd00174db9709ca8ae773276d6451cde56e5e121987884e55605b 33f3ebd9ceb4ffa9fea5539743cadf69cff78711bfd54e2c61eb8c8f2bdc58d4
SERVER_TRAFFIC_SECRET_0 a6e2174ec70bd00174db9709ca8ae773276d6451cde56e5e121987884e55605b d758e85b5306e3c613551c17ecf3d299bce1b18ffb497442658a27df94034863
CLIENT_TRAFFIC_SECRET_0 a6e2174ec70bd00174db9709ca8ae773276d6451cde56e5e121987884e55605b 624b95937ef4a346b8e78c2c54d0d5170e879ed70e5d41460893cc3c6e8b765f
SERVER_HANDSHAKE_TRAFFIC_SECRET 45e2c5a2f9f3e93f8c7fbf22f25e56b2010d76310f6b32bf50db320a99f3005d de10424425c13e2bb29b2b87a285a3c6c49f21c6f3bb7575c152ffc4cf1c1de8
CLIENT_HANDSHAKE_TRAFFIC_SECRET 45e2c5a2f9f3e93f8c7fbf22f25e56b2010d76310f6b32bf50db320a99f3005d dcc33bb18d5b859cc1239ca321ba661cce596b557231888f4a64450c027e2c50
SERVER_TRAFFIC_SECRET_0 45e2c5a2f9f3e93f8c7fbf22f25e56b2010d76310f6b32bf50db320a99f3005d 7aac242890675d42965e9432c2fbe0e6beb1ff0539e421dbb307acfc73eb42a6
CLIENT_TRAFFIC_SECRET_0 45e2c5a2f9f3e93f8c7fbf22f25e56b2010d76310f6b32bf50db320a99f3005d 7b5338b255578a9d3106633e600677fba8cd31af32f2cd9df52010d33be7f406
SERVER_HANDSHAKE_TRAFFIC_SECRET c3b4b22d783391abd7e5f6734af424b0039b208af270f4366c708c1c46d233eb 698070f66167877de5c187d7a98ecf26374ad8703045523181a926e1a37ec231
CLIENT_HANDSHAKE_TRAFFIC_SECRET c3b4b22d783391abd7e5f6734af424b0039b208af270f4366c708c1c46d233eb 524bc213ab0062e564bd1e2a484b26eaee5028cff24dbb2e2cd9bd69c47ce5c8
SERVER_TRAFFIC_SECRET_0 c3b4b22d783391abd7e5f6734af424b0039b208af270f4366c708c1c46d233eb 2bfeaf9d268abf3bb4d87695b1edcb15a802d3b36b688548b91e32315e127aa0
CLIENT_TRAFFIC_SECRET_0 c3b4b22d783391abd7e5f6734af424b0039b208af270f4366c708c1c46d233eb 7905d469818d04029434df8f7aa730604b9766cb789771076ddf8dfdd9e0390c
