CLIENT_RANDOM 60af7a3161c62606bbe5b6200987c59370ce5b8ad47df76becba18716bcbcadc 8cbc33d385ce7c33ae4363834993800b33806ec7c438f8d7e994348269bc6a1e52d012406bacab5c1601774aa84b8eb2
CLIENT_RANDOM 60af7ad855b166787d46ff52ccaccc4e8bf7783a8364272d399c93fd8e958d1c 4d1e60aac7c7dae100408a6fca0a5f3f8411d793a211d3414440074e1eab1733d747a4b84fbf967de05124f39532fb8f
CLIENT_RANDOM 60af7a5f9ba8834fed37385fcd989ebcef01fe543c9430cc1247cb96b476576e 68e1f0abef7313588f431257664d0c152c5fb9b6cfc271733e128171f42964bd4d5213625b65fc4d338cd07871bc3760
CLIENT_HANDSHAKE_TRAFFIC_SECRET 9c3548a9c3de86b7513645aef3e29f75d5a62de3de3f29819cb72fd27c395306 f0a82b66a239fd31fe11a08d54caea49aa9b2ffa8af08485cbb06a1fc0a3674b
SERVER_HANDSHAKE_TRAFFIC_SECRET 9c3548a9c3de86b7513645aef3e29f75d5a62de3de3f29819cb72fd27c395306 5835d4d0a90cece7ddb7d90f39a2417ca07c08160ce6c811d069227814695db0
CLIENT_TRAFFIC_SECRET_0 9c3548a9c3de86b7513645aef3e29f75d5a62de3de3f29819cb72fd27c395306 2657e10dc10505a602203018f6984f08a657a237d322a0e7dd65953774cd2570
SERVER_TRAFFIC_SECRET_0 9c3548a9c3de86b7513645aef3e29f75d5a62de3de3f29819cb72fd27c395306 2824fee32a48978ec8a40974c683d885baa97dc42f7c90105f728ef167276b51
EXPORTER_SECRET 9c3548a9c3de86b7513645aef3e29f75d5a62de3de3f29819cb72fd27c395306 d1c2bb26425f01d0c3ef9d4f9a2a6eed958fe0d6d7e6d4d7c99074fc1a65e94e
SERVER_HANDSHAKE_TRAFFIC_SECRET 9c3548a9c3de86b7513645aef3e29f75d5a62de3de3f29819cb72fd27c395306 5835d4d0a90cece7ddb7d90f39a2417ca07c08160ce6c811d069227814695db0
CLIENT_HANDSHAKE_TRAFFIC_SECRET 9c3548a9c3de86b7513645aef3e29f75d5a62de3de3f29819cb72fd27c395306 f0a82b66a239fd31fe11a08d54caea49aa9b2ffa8af08485cbb06a1fc0a3674b
SERVER_TRAFFIC_SECRET_0 9c3548a9c3de86b7513645aef3e29f75d5a62de3de3f29819cb72fd27c395306 2824fee32a48978ec8a40974c683d885baa97dc42f7c90105f728ef167276b51
CLIENT_TRAFFIC_SECRET_0 9c3548a9c3de86b7513645aef3e29f75d5a62de3de3f29819cb72fd27c395306 2657e10dc10505a602203018f6984f08a657a237d322a0e7dd65953774cd2570
CLIENT_HANDSHAKE_TRAFFIC_SECRET eaab92774d4b94d0247ec7a57b56aea7c77e020dd7007e6da5bb8d08ae49747b fbc49ff7029b3a3027efaf92cce3bd1dfe6e8fc4f3fdb6441fe77e5b2a336ab3
SERVER_HANDSHAKE_TRAFFIC_SECRET eaab92774d4b94d0247ec7a57b56aea7c77e020dd7007e6da5bb8d08ae49747b b9b07b9cf54664bdb65b722cffdb8f7b96835e07bb3639ff9fa80713fa207dcb
CLIENT_TRAFFIC_SECRET_0 eaab92774d4b94d0247ec7a57b56aea7c77e020dd7007e6da5bb8d08ae49747b 1c12df93d98e86ceb42b0aba030cd04fd14d5521af5028d442b0f2ae319c28e5
SERVER_TRAFFIC_SECRET_0 eaab92774d4b94d0247ec7a57b56aea7c77e020dd7007e6da5bb8d08ae49747b 6f156c59535026df2076011eb8d8e99b3e19dbe457218d7c2c3cf9b4ac3cb581
EXPORTER_SECRET eaab92774d4b94d0247ec7a57b56aea7c77e020dd7007e6da5bb8d08ae49747b ca193d70a5fe37d7e97cc155ab8fe50f29d8a8788e79fd6ab09ad2fe8c696344
SERVER_HANDSHAKE_TRAFFIC_SECRET eaab92774d4b94d0247ec7a57b56aea7c77e020dd7007e6da5bb8d08ae49747b b9b07b9cf54664bdb65b722cffdb8f7b96835e07bb3639ff9fa80713fa207dcb
CLIENT_HANDSHAKE_TRAFFIC_SECRET eaab92774d4b94d0247ec7a57b56aea7c77e020dd7007e6da5bb8d08ae49747b fbc49ff7029b3a3027efaf92cce3bd1dfe6e8fc4f3fdb6441fe77e5b2a336ab3
SERVER_TRAFFIC_SECRET_0 eaab92774d4b94d0247ec7a57b56aea7c77e020dd7007e6da5bb8d08ae49747b 6f156c59535026df2076011eb8d8e99b3e19dbe457218d7c2c3cf9b4ac3cb581
CLIENT_TRAFFIC_SECRET_0 eaab92774d4b94d0247ec7a57b56aea7c77e020dd7007e6da5bb8d08ae49747b 1c12df93d98e86ceb42b0aba030cd04fd14d5521af5028d442b0f2ae319c28e5
CLIENT_HANDSHAKE_TRAFFIC_SECRET cba039f5e18006eda6ad7d56c953249ffe0c36c20e177dcaaa09511e70f0a6a2 8abc56d439e400af1e9762875bad1cbb5c9c4f034b128f7ee66a82262c5d9518
SERVER_HANDSHAKE_TRAFFIC_SECRET cba039f5e18006eda6ad7d56c953249ffe0c36c20e177dcaaa09511e70f0a6a2 dd4533ffefbb2f5184573e16f94eb8f572636e7ae2aa696513707ea1ba8a8b16
CLIENT_TRAFFIC_SECRET_0 cba039f5e18006eda6ad7d56c953249ffe0c36c20e177dcaaa09511e70f0a6a2 76ed228792da25a9072c817847aebf03cfaeb822efb1526036aa8d29be6359a7
SERVER_TRAFFIC_SECRET_0 cba039f5e18006eda6ad7d56c953249ffe0c36c20e177dcaaa09511e70f0a6a2 6f96a4e47c03560a6b00bdee78acf0a578d1a18aced07023250c02247dd58400
EXPORTER_SECRET cba039f5e18006eda6ad7d56c953249ffe0c36c20e177dcaaa09511e70f0a6a2 463269e8f26a0e3c1d886bc307296d976fbea7cacc09cd4582c596e1fdf9c2d4
SERVER_HANDSHAKE_TRAFFIC_SECRET cba039f5e18006eda6ad7d56c953249ffe0c36c20e177dcaaa09511e70f0a6a2 dd4533ffefbb2f5184573e16f94eb8f572636e7ae2aa696513707ea1ba8a8b16
CLIENT_HANDSHAKE_TRAFFIC_SECRET cba039f5e18006eda6ad7d56c953249ffe0c36c20e177dcaaa09511e70f0a6a2 8abc56d439e400af1e9762875bad1cbb5c9c4f034b128f7ee66a82262c5d9518
SERVER_TRAFFIC_SECRET_0 cba039f5e18006eda6ad7d56c953249ffe0c36c20e177dcaaa09511e70f0a6a2 6f96a4e47c03560a6b00bdee78acf0a578d1a18aced07023250c02247dd58400
CLIENT_TRAFFIC_SECRET_0 cba039f5e18006eda6ad7d56c953249ffe0c36c20e177dcaaa09511e70f0a6a2 76ed228792da25a9072c817847aebf03cfaeb822efb1526036aa8d29be6359a7
CLIENT_HANDSHAKE_TRAFFIC_SECRET 0f21237ba054be6814d396f99eb521717d35b1f82e8efb2b98d12bfce334ddbf 7980b79d7793d3f7a36280874a1aca22901e57cb42087ed670efd9c79b9ebb5a
SERVER_HANDSHAKE_TRAFFIC_SECRET 0f21237ba054be6814d396f99eb521717d35b1f82e8efb2b98d12bfce334ddbf e1cff7836f357445c402f30baa92077c7f292fd1c1f211fc6f77360c7d893721
CLIENT_TRAFFIC_SECRET_0 0f21237ba054be6814d396f99eb521717d35b1f82e8efb2b98d12bfce334ddbf e8aa0cc77bae55e28d7a8423cc72ac341429f017bbf56aa9da2ebb55fcc9ed05
SERVER_TRAFFIC_SECRET_0 0f21237ba054be6814d396f99eb521717d35b1f82e8efb2b98d12bfce334ddbf 740193916cf93ab78c7ff43e4e8181f17bb6606a6cc14f361009dc93896c302c
EXPORTER_SECRET 0f21237ba054be6814d396f99eb521717d35b1f82e8efb2b98d12bfce334ddbf a54527be3c230f8a40d31e976a2ea813c480983380708bc079888fc1935466fe
SERVER_HANDSHAKE_TRAFFIC_SECRET 0f21237ba054be6814d396f99eb521717d35b1f82e8efb2b98d12bfce334ddbf e1cff7836f357445c402f30baa92077c7f292fd1c1f211fc6f77360c7d893721
CLIENT_HANDSHAKE_TRAFFIC_SECRET 0f21237ba054be6814d396f99eb521717d35b1f82e8efb2b98d12bfce334ddbf 7980b79d7793d3f7a36280874a1aca22901e57cb42087ed670efd9c79b9ebb5a
SERVER_TRAFFIC_SECRET_0 0f21237ba054be6814d396f99eb521717d35b1f82e8efb2b98d12bfce334ddbf 740193916cf93ab78c7ff43e4e8181f17bb6606a6cc14f361009dc93896c302c
CLIENT_TRAFFIC_SECRET_0 0f21237ba054be6814d396f99eb521717d35b1f82e8efb2b98d12bfce334ddbf e8aa0cc77bae55e28d7a8423cc72ac341429f017bbf56aa9da2ebb55fcc9ed05
CLIENT_HANDSHAKE_TRAFFIC_SECRET 838602d86c94bcb2af7979efbdd3a861bb8aeff9ab2f373a7406dacc1f6cb5cd 330587c616af6bca7f84d2050344980dd871c6268559141c7923243ef0fdaaaa
SERVER_HANDSHAKE_TRAFFIC_SECRET 838602d86c94bcb2af7979efbdd3a861bb8aeff9ab2f373a7406dacc1f6cb5cd c94a59a499e715a55f8dc52ad42bd7d4d95a9ee3bbe61fa2e3e1b3698f62da5c
CLIENT_TRAFFIC_SECRET_0 838602d86c94bcb2af7979efbdd3a861bb8aeff9ab2f373a7406dacc1f6cb5cd e246d58f37cc68f9151bb0e1b3ce613293f8b13d95521245743b7f164e151cf7
SERVER_TRAFFIC_SECRET_0 838602d86c94bcb2af7979efbdd3a861bb8aeff9ab2f373a7406dacc1f6cb5cd 1fcd9253555e01df25c2c64ae34957e5c942462f32297d6f4feb943f36954059
EXPORTER_SECRET 838602d86c94bcb2af7979efbdd3a861bb8aeff9ab2f373a7406dacc1f6cb5cd 08fb5aa2bd9e4d470df800321bb9af443666d0559ffa6ab65c80b03d93def953
SERVER_HANDSHAKE_TRAFFIC_SECRET 838602d86c94bcb2af7979efbdd3a861bb8aeff9ab2f373a7406dacc1f6cb5cd c94a59a499e715a55f8dc52ad42bd7d4d95a9ee3bbe61fa2e3e1b3698f62da5c
CLIENT_HANDSHAKE_TRAFFIC_SECRET 838602d86c94bcb2af7979efbdd3a861bb8aeff9ab2f373a7406dacc1f6cb5cd 330587c616af6bca7f84d2050344980dd871c6268559141c7923243ef0fdaaaa
SERVER_TRAFFIC_SECRET_0 838602d86c94bcb2af7979efbdd3a861bb8aeff9ab2f373a7406dacc1f6cb5cd 1fcd9253555e01df25c2c64ae34957e5c942462f32297d6f4feb943f36954059
CLIENT_TRAFFIC_SECRET_0 838602d86c94bcb2af7979efbdd3a861bb8aeff9ab2f373a7406dacc1f6cb5cd e246d58f37cc68f9151bb0e1b3ce613293f8b13d95521245743b7f164e151cf7
CLIENT_HANDSHAKE_TRAFFIC_SECRET c42a8e0c5e2fa615f6ef64b91b7594851525ad0b7260c67d8e97ea44113cd971 1a6363fe83bffe449a4e09f4a78991712a1107870d316facb91ba883cbe1218d
SERVER_HANDSHAKE_TRAFFIC_SECRET c42a8e0c5e2fa615f6ef64b91b7594851525ad0b7260c67d8e97ea44113cd971 4c81cd317360bd1044eb3470958021ec391ea72905d062fd68cf1ff980f1ec6e
CLIENT_TRAFFIC_SECRET_0 c42a8e0c5e2fa615f6ef64b91b7594851525ad0b7260c67d8e97ea44113cd971 2304d612fd3d9f6252d7c45560a666af97fe4e137112895e33e1dd2c9a407d0f
SERVER_TRAFFIC_SECRET_0 c42a8e0c5e2fa615f6ef64b91b7594851525ad0b7260c67d8e97ea44113cd971 85cf92cf43b4c9e7fdb9de9c43a82da4c7e30fcad4213f99c97b59672f034b43
EXPORTER_SECRET c42a8e0c5e2fa615f6ef64b91b7594851525ad0b7260c67d8e97ea44113cd971 d4edfdd8727285755fb1a63e8cd514a455a4f780c9a8b7a14c1c9b87af98562f
SERVER_HANDSHAKE_TRAFFIC_SECRET c42a8e0c5e2fa615f6ef64b91b7594851525ad0b7260c67d8e97ea44113cd971 4c81cd317360bd1044eb3470958021ec391ea72905d062fd68cf1ff980f1ec6e
CLIENT_HANDSHAKE_TRAFFIC_SECRET c42a8e0c5e2fa615f6ef64b91b7594851525ad0b7260c67d8e97ea44113cd971 1a6363fe83bffe449a4e09f4a78991712a1107870d316facb91ba883cbe1218d
SERVER_TRAFFIC_SECRET_0 c42a8e0c5e2fa615f6ef64b91b7594851525ad0b7260c67d8e97ea44113cd971 85cf92cf43b4c9e7fdb9de9c43a82da4c7e30fcad4213f99c97b59672f034b43
CLIENT_TRAFFIC_SECRET_0 c42a8e0c5e2fa615f6ef64b91b7594851525ad0b7260c67d8e97ea44113cd971 2304d612fd3d9f6252d7c45560a666af97fe4e137112895e33e1dd2c9a407d0f
CLIENT_HANDSHAKE_TRAFFIC_SECRET 6550e5966e5be6617f1d1656134e1ba80331c99071048dc1387a161f9091420c 39185ff5f6b244331024a55f0d0cb9bc77388148cccfa8aaedeb347bcb93610c
SERVER_HANDSHAKE_TRAFFIC_SECRET 6550e5966e5be6617f1d1656134e1ba80331c99071048dc1387a161f9091420c 07ff73910b4e36d40264d642023b12453cfb885a0e32c2242255e47a66ab7c70
CLIENT_TRAFFIC_SECRET_0 6550e5966e5be6617f1d1656134e1ba80331c99071048dc1387a161f9091420c b1fd91ec7ab319597535c958b9908fed5b136110be4e50de0d16d93aa0d97a47
SERVER_TRAFFIC_SECRET_0 6550e5966e5be6617f1d1656134e1ba80331c99071048dc1387a161f9091420c 20f5cc9b4d1cfb0a206acd591fbbc21014603007c2da1cc2717a63a9a2b2bb64
EXPORTER_SECRET 6550e5966e5be6617f1d1656134e1ba80331c99071048dc1387a161f9091420c 2852b22a79108d28a6a536bb0e59788e67dff22d6d485ca19800d14b861a76de
SERVER_HANDSHAKE_TRAFFIC_SECRET 6550e5966e5be6617f1d1656134e1ba80331c99071048dc1387a161f9091420c 07ff73910b4e36d40264d642023b12453cfb885a0e32c2242255e47a66ab7c70
CLIENT_HANDSHAKE_TRAFFIC_SECRET 6550e5966e5be6617f1d1656134e1ba80331c99071048dc1387a161f9091420c 39185ff5f6b244331024a55f0d0cb9bc77388148cccfa8aaedeb347bcb93610c
SERVER_TRAFFIC_SECRET_0 6550e5966e5be6617f1d1656134e1ba80331c99071048dc1387a161f9091420c 20f5cc9b4d1cfb0a206acd591fbbc21014603007c2da1cc2717a63a9a2b2bb64
CLIENT_TRAFFIC_SECRET_0 6550e5966e5be6617f1d1656134e1ba80331c99071048dc1387a161f9091420c b1fd91ec7ab319597535c958b9908fed5b136110be4e50de0d16d93aa0d97a47
CLIENT_HANDSHAKE_TRAFFIC_SECRET 0903b418351b67be16a859295f32a85705865c7b651159f41abb7080bd639443 b2e7dfcdfcf4f671a1840e22c562277b0e88224af8d2f7fa99c6b4f912fe61ec
SERVER_HANDSHAKE_TRAFFIC_SECRET 0903b418351b67be16a859295f32a85705865c7b651159f41abb7080bd639443 db26157b76b7785aa73fd8f8da2665667420615eedd0f8bb24134108a3115fdc
CLIENT_TRAFFIC_SECRET_0 0903b418351b67be16a859295f32a85705865c7b651159f41abb7080bd639443 cc025626c16815f045472c374bfa7b9077d7e2b481c55a47b119fb5eb529dad9
SERVER_TRAFFIC_SECRET_0 0903b418351b67be16a859295f32a85705865c7b651159f41abb7080bd639443 5ae274356782c8e62d0b0d9be1c11af8bbd50eff1275573b2ce5e3523395b870
EXPORTER_SECRET 0903b418351b67be16a859295f32a85705865c7b651159f41abb7080bd639443 d9dbf493fb5e4159fc2a0d1b5309720984d1690f37d0c0ce6a8d293bfbbd6594
SERVER_HANDSHAKE_TRAFFIC_SECRET 0903b418351b67be16a859295f32a85705865c7b651159f41abb7080bd639443 db26157b76b7785aa73fd8f8da2665667420615eedd0f8bb24134108a3115fdc
CLIENT_HANDSHAKE_TRAFFIC_SECRET 0903b418351b67be16a859295f32a85705865c7b651159f41abb7080bd639443 b2e7dfcdfcf4f671a1840e22c562277b0e88224af8d2f7fa99c6b4f912fe61ec
SERVER_TRAFFIC_SECRET_0 0903b418351b67be16a859295f32a85705865c7b651159f41abb7080bd639443 5ae274356782c8e62d0b0d9be1c11af8bbd50eff1275573b2ce5e3523395b870
CLIENT_TRAFFIC_SECRET_0 0903b418351b67be16a859295f32a85705865c7b651159f41abb7080bd639443 cc025626c16815f045472c374bfa7b9077d7e2b481c55a47b119fb5eb529dad9
CLIENT_HANDSHAKE_TRAFFIC_SECRET 9fddc4563a0090893ecdd74c6114f4127241889ec9d16dbcdcf5fbec8e8838d4 4eac0da1b3d08e202a506af0d3fef9e78afec9cac6b641391f48c682589c4c36
SERVER_HANDSHAKE_TRAFFIC_SECRET 9fddc4563a0090893ecdd74c6114f4127241889ec9d16dbcdcf5fbec8e8838d4 3056442f9d56fe166513d60b349ee7f5e4b3adc587047fb6a698fccef7f3f3ca
CLIENT_TRAFFIC_SECRET_0 9fddc4563a0090893ecdd74c6114f4127241889ec9d16dbcdcf5fbec8e8838d4 8a0aa472875cd2f8d003d6757460fccfc9beac6203b4d6f6e90ee37eab3eaa1e
SERVER_TRAFFIC_SECRET_0 9fddc4563a0090893ecdd74c6114f4127241889ec9d16dbcdcf5fbec8e8838d4 7b9a829bd44f9a2273a433c8675674071920822c94999548be434f9fa89114ef
EXPORTER_SECRET 9fddc4563a0090893ecdd74c6114f4127241889ec9d16dbcdcf5fbec8e8838d4 6228d9d9b121fc79586f0128e7b03aeccdc7abc1000eabe686e620219b2238e1
SERVER_HANDSHAKE_TRAFFIC_SECRET 9fddc4563a0090893ecdd74c6114f4127241889ec9d16dbcdcf5fbec8e8838d4 3056442f9d56fe166513d60b349ee7f5e4b3adc587047fb6a698fccef7f3f3ca
CLIENT_HANDSHAKE_TRAFFIC_SECRET 9fddc4563a0090893ecdd74c6114f4127241889ec9d16dbcdcf5fbec8e8838d4 4eac0da1b3d08e202a506af0d3fef9e78afec9cac6b641391f48c682589c4c36
SERVER_TRAFFIC_SECRET_0 9fddc4563a0090893ecdd74c6114f4127241889ec9d16dbcdcf5fbec8e8838d4 7b9a829bd44f9a2273a433c8675674071920822c94999548be434f9fa89114ef
CLIENT_TRAFFIC_SECRET_0 9fddc4563a0090893ecdd74c6114f4127241889ec9d16dbcdcf5fbec8e8838d4 8a0aa472875cd2f8d003d6757460fccfc9beac6203b4d6f6e90ee37eab3eaa1e
CLIENT_HANDSHAKE_TRAFFIC_SECRET dd78a45eef04e4d454edb12c83fc644f50a47a579821be180badb9c2ac26f2f6 4c9412a4f6384733efea161bd6dbd8215cb602fe2706a9f7b6a4f28099927319
SERVER_HANDSHAKE_TRAFFIC_SECRET dd78a45eef04e4d454edb12c83fc644f50a47a579821be180badb9c2ac26f2f6 31b314621b1eee42bd22cacf74f25d34831154120749143b58be9d31e1b87c78
CLIENT_TRAFFIC_SECRET_0 dd78a45eef04e4d454edb12c83fc644f50a47a579821be180badb9c2ac26f2f6 1c283f1228e0ad7b7384d03b86f215027a2e0fa35e91ae991932cf68a447fb9b
SERVER_TRAFFIC_SECRET_0 dd78a45eef04e4d454edb12c83fc644f50a47a579821be180badb9c2ac26f2f6 f0312d9c5d712c46574f5e04ce501eca441ee82b3385cc8166773f162ac4520f
EXPORTER_SECRET dd78a45eef04e4d454edb12c83fc644f50a47a579821be180badb9c2ac26f2f6 5e27fc0eeb004fb194e16de5b08d1de73838655a9cef02892cf36ad59ed47650
SERVER_HANDSHAKE_TRAFFIC_SECRET dd78a45eef04e4d454edb12c83fc644f50a47a579821be180badb9c2ac26f2f6 31b314621b1eee42bd22cacf74f25d34831154120749143b58be9d31e1b87c78
CLIENT_HANDSHAKE_TRAFFIC_SECRET dd78a45eef04e4d454edb12c83fc644f50a47a579821be180badb9c2ac26f2f6 4c9412a4f6384733efea161bd6dbd8215cb602fe2706a9f7b6a4f28099927319
SERVER_TRAFFIC_SECRET_0 dd78a45eef04e4d454edb12c83fc644f50a47a579821be180badb9c2ac26f2f6 f0312d9c5d712c46574f5e04ce501eca441ee82b3385cc8166773f162ac4520f
CLIENT_TRAFFIC_SECRET_0 dd78a45eef04e4d454edb12c83fc644f50a47a579821be180badb9c2ac26f2f6 1c283f1228e0ad7b7384d03b86f215027a2e0fa35e91ae991932cf68a447fb9b
CLIENT_HANDSHAKE_TRAFFIC_SECRET 780e49b95adad039e93e41a4c53fc3bcece02a5ae853d9ee8fb94b03ffd09591 c37ffb48143fe0b419e4f801c7e9ea3aa6e8fdd2029910b2fefe85a3a774b850
SERVER_HANDSHAKE_TRAFFIC_SECRET 780e49b95adad039e93e41a4c53fc3bcece02a5ae853d9ee8fb94b03ffd09591 f74922d18f01f0d0b5a719b8f5b16eb0e9e205a15e93da72fdeaa249ecbc1fa6
CLIENT_TRAFFIC_SECRET_0 780e49b95adad039e93e41a4c53fc3bcece02a5ae853d9ee8fb94b03ffd09591 e946481cc6e23a85c90f0c80803368261a5e88c6ee8236699465b40ff166b539
SERVER_TRAFFIC_SECRET_0 780e49b95adad039e93e41a4c53fc3bcece02a5ae853d9ee8fb94b03ffd09591 4b613effb9f0bf722a88950070b9f55fc044139ce52a818eca95753d054796ec
EXPORTER_SECRET 780e49b95adad039e93e41a4c53fc3bcece02a5ae853d9ee8fb94b03ffd09591 8809faddacdcf7b5bb6b0c070c445d26e9ecb295bbe4a9ae3df060bc65caf7ed
SERVER_HANDSHAKE_TRAFFIC_SECRET 780e49b95adad039e93e41a4c53fc3bcece02a5ae853d9ee8fb94b03ffd09591 f74922d18f01f0d0b5a719b8f5b16eb0e9e205a15e93da72fdeaa249ecbc1fa6
CLIENT_HANDSHAKE_TRAFFIC_SECRET 780e49b95adad039e93e41a4c53fc3bcece02a5ae853d9ee8fb94b03ffd09591 c37ffb48143fe0b419e4f801c7e9ea3aa6e8fdd2029910b2fefe85a3a774b850
SERVER_TRAFFIC_SECRET_0 780e49b95adad039e93e41a4c53fc3bcece02a5ae853d9ee8fb94b03ffd09591 4b613effb9f0bf722a88950070b9f55fc044139ce52a818eca95753d054796ec
CLIENT_TRAFFIC_SECRET_0 780e49b95adad039e93e41a4c53fc3bcece02a5ae853d9ee8fb94b03ffd09591 e946481cc6e23a85c90f0c80803368261a5e88c6ee8236699465b40ff166b539
CLIENT_HANDSHAKE_TRAFFIC_SECRET b55f9aeec7fbd6b2ee2652e23cc35ccc7b020076ab01374f97a9ce85d799b03d 082b2371a5f68e1f1d6e5e893356ad45a062189ee538663b6ea131fc333bff7d
SERVER_HANDSHAKE_TRAFFIC_SECRET b55f9aeec7fbd6b2ee2652e23cc35ccc7b020076ab01374f97a9ce85d799b03d 18aa039ffba2fa842d39ae1e4fc94b3cc996b147cfe783b09a90e3f4de1536f6
CLIENT_TRAFFIC_SECRET_0 b55f9aeec7fbd6b2ee2652e23cc35ccc7b020076ab01374f97a9ce85d799b03d c33d08bb3862e9969cd762b7e8e547b814da9ab0d607b8702f7f2ec1100c3e72
SERVER_TRAFFIC_SECRET_0 b55f9aeec7fbd6b2ee2652e23cc35ccc7b020076ab01374f97a9ce85d799b03d 8d4ff0afa8e40b52ddd78d3090cc401c56cb1f04240f07f22eedc682ac1c0b33
EXPORTER_SECRET b55f9aeec7fbd6b2ee2652e23cc35ccc7b020076ab01374f97a9ce85d799b03d 7236f50d0276fdf9eafb4423c2e80e6540abc52a0a4862136c37cc18634606b9
SERVER_HANDSHAKE_TRAFFIC_SECRET b55f9aeec7fbd6b2ee2652e23cc35ccc7b020076ab01374f97a9ce85d799b03d 18aa039ffba2fa842d39ae1e4fc94b3cc996b147cfe783b09a90e3f4de1536f6
CLIENT_HANDSHAKE_TRAFFIC_SECRET b55f9aeec7fbd6b2ee2652e23cc35ccc7b020076ab01374f97a9ce85d799b03d 082b2371a5f68e1f1d6e5e893356ad45a062189ee538663b6ea131fc333bff7d
SERVER_TRAFFIC_SECRET_0 b55f9aeec7fbd6b2ee2652e23cc35ccc7b020076ab01374f97a9ce85d799b03d 8d4ff0afa8e40b52ddd78d3090cc401c56cb1f04240f07f22eedc682ac1c0b33
CLIENT_TRAFFIC_SECRET_0 b55f9aeec7fbd6b2ee2652e23cc35ccc7b020076ab01374f97a9ce85d799b03d c33d08bb3862e9969cd762b7e8e547b814da9ab0d607b8702f7f2ec1100c3e72
CLIENT_HANDSHAKE_TRAFFIC_SECRET ad59e0160c5d7eb0e3f13110a1fb7fe6f778e21726bfdcab6081c4c7ee719540 91bb783c11643c52b0ba485ff405f4bb42f2b58c237bf001f5a7243ab3090ea0
SERVER_HANDSHAKE_TRAFFIC_SECRET ad59e0160c5d7eb0e3f13110a1fb7fe6f778e21726bfdcab6081c4c7ee719540 3351b86049696e2ae3b0cec1c8f8454167aaebaae47891c905e5fee624d7cfe7
CLIENT_TRAFFIC_SECRET_0 ad59e0160c5d7eb0e3f13110a1fb7fe6f778e21726bfdcab6081c4c7ee719540 d94ad2edbb4dfbf341f6573e30435195bfc4b256a2e107d3c962f2bdf147758b
SERVER_TRAFFIC_SECRET_0 ad59e0160c5d7eb0e3f13110a1fb7fe6f778e21726bfdcab6081c4c7ee719540 5066758ef6e0947bea280431e71ee237d01de7b2d95ed528471152f9993ae3b2
EXPORTER_SECRET ad59e0160c5d7eb0e3f13110a1fb7fe6f778e21726bfdcab6081c4c7ee719540 79d9200499cdff7c93b180c32c67593ce6d5ef226996697959d45d797d33c3ca
SERVER_HANDSHAKE_TRAFFIC_SECRET ad59e0160c5d7eb0e3f13110a1fb7fe6f778e21726bfdcab6081c4c7ee719540 3351b86049696e2ae3b0cec1c8f8454167aaebaae47891c905e5fee624d7cfe7
CLIENT_HANDSHAKE_TRAFFIC_SECRET ad59e0160c5d7eb0e3f13110a1fb7fe6f778e21726bfdcab6081c4c7ee719540 91bb783c11643c52b0ba485ff405f4bb42f2b58c237bf001f5a7243ab3090ea0
SERVER_TRAFFIC_SECRET_0 ad59e0160c5d7eb0e3f13110a1fb7fe6f778e21726bfdcab6081c4c7ee719540 5066758ef6e0947bea280431e71ee237d01de7b2d95ed528471152f9993ae3b2
CLIENT_TRAFFIC_SECRET_0 ad59e0160c5d7eb0e3f13110a1fb7fe6f778e21726bfdcab6081c4c7ee719540 d94ad2edbb4dfbf341f6573e30435195bfc4b256a2e107d3c962f2bdf147758b
CLIENT_HANDSHAKE_TRAFFIC_SECRET 1b4c2e8f1935f8f616a2957ccc39a9bbfb7d3d7de1e2a8cc3a5acd518cb99e6e bcad9855cca597fae2c1959930a4cbeebffa576dea3d546be41d3f3fcfeda140
SERVER_HANDSHAKE_TRAFFIC_SECRET 1b4c2e8f1935f8f616a2957ccc39a9bbfb7d3d7de1e2a8cc3a5acd518cb99e6e 4d5277cf9b3e67f039d04a52cd4341e1aecaff96250e4aa9517ada787cb51384
CLIENT_TRAFFIC_SECRET_0 1b4c2e8f1935f8f616a2957ccc39a9bbfb7d3d7de1e2a8cc3a5acd518cb99e6e 172af82490596cf75b51ff1ec8c2e4246015e0f045146d486a6009d5d3303795
SERVER_TRAFFIC_SECRET_0 1b4c2e8f1935f8f616a2957ccc39a9bbfb7d3d7de1e2a8cc3a5acd518cb99e6e 4109a6ab83f34f68a05cc758b5f81b9b40529a98852618d101317708ce76cc46
EXPORTER_SECRET 1b4c2e8f1935f8f616a2957ccc39a9bbfb7d3d7de1e2a8cc3a5acd518cb99e6e f1b9fbefeb2853d0af48c6a6dcbc71fd62fe628e14c927623bce3a58fff4a730
SERVER_HANDSHAKE_TRAFFIC_SECRET 1b4c2e8f1935f8f616a2957ccc39a9bbfb7d3d7de1e2a8cc3a5acd518cb99e6e 4d5277cf9b3e67f039d04a52cd4341e1aecaff96250e4aa9517ada787cb51384
CLIENT_HANDSHAKE_TRAFFIC_SECRET 1b4c2e8f1935f8f616a2957ccc39a9bbfb7d3d7de1e2a8cc3a5acd518cb99e6e bcad9855cca597fae2c1959930a4cbeebffa576dea3d546be41d3f3fcfeda140
SERVER_TRAFFIC_SECRET_0 1b4c2e8f1935f8f616a2957ccc39a9bbfb7d3d7de1e2a8cc3a5acd518cb99e6e 4109a6ab83f34f68a05cc758b5f81b9b40529a98852618d101317708ce76cc46
CLIENT_TRAFFIC_SECRET_0 1b4c2e8f1935f8f616a2957ccc39a9bbfb7d3d7de1e2a8cc3a5acd518cb99e6e 172af82490596cf75b51ff1ec8c2e4246015e0f045146d486a6009d5d3303795
CLIENT_HANDSHAKE_TRAFFIC_SECRET a7ac9808531e3e34e0e2f2aaf3071e67586bcc72c1a803b72eafe5cca3916310 fef41e12769c2a9acf25c22a990606f507af826c1f51d54c37ba8e24f8193058
SERVER_HANDSHAKE_TRAFFIC_SECRET a7ac9808531e3e34e0e2f2aaf3071e67586bcc72c1a803b72eafe5cca3916310 fd0fc7cd5779b2eb3b108445a75c019167354f52409a26ca7f8d6118651eed9c
CLIENT_TRAFFIC_SECRET_0 a7ac9808531e3e34e0e2f2aaf3071e67586bcc72c1a803b72eafe5cca3916310 699a927bdbd37af2d4368f8b7da72293c7eba368f55b15d3be0cc3b29132abb7
SERVER_TRAFFIC_SECRET_0 a7ac9808531e3e34e0e2f2aaf3071e67586bcc72c1a803b72eafe5cca3916310 6368b2b0fd3bd28065b0b77a3189c4a834c09a6819728cfa782005fa8481c531
EXPORTER_SECRET a7ac9808531e3e34e0e2f2aaf3071e67586bcc72c1a803b72eafe5cca3916310 81d95888f90889addb7190e16b6c09a11a3776f0c39acf16af86b62449985f2b
SERVER_HANDSHAKE_TRAFFIC_SECRET a7ac9808531e3e34e0e2f2aaf3071e67586bcc72c1a803b72eafe5cca3916310 fd0fc7cd5779b2eb3b108445a75c019167354f52409a26ca7f8d6118651eed9c
CLIENT_HANDSHAKE_TRAFFIC_SECRET a7ac9808531e3e34e0e2f2aaf3071e67586bcc72c1a803b72eafe5cca3916310 fef41e12769c2a9acf25c22a990606f507af826c1f51d54c37ba8e24f8193058
SERVER_TRAFFIC_SECRET_0 a7ac9808531e3e34e0e2f2aaf3071e67586bcc72c1a803b72eafe5cca3916310 6368b2b0fd3bd28065b0b77a3189c4a834c09a6819728cfa782005fa8481c531
CLIENT_TRAFFIC_SECRET_0 a7ac9808531e3e34e0e2f2aaf3071e67586bcc72c1a803b72eafe5cca3916310 699a927bdbd37af2d4368f8b7da72293c7eba368f55b15d3be0cc3b29132abb7
CLIENT_HANDSHAKE_TRAFFIC_SECRET e06267b9a794b22f919579a455f6f15eb0a3f3e367b0cd22b6d869487cf4662f 8abae297761248b8584fd4b4280f66d24f8639871977523ba20cf576b7b40185
SERVER_HANDSHAKE_TRAFFIC_SECRET e06267b9a794b22f919579a455f6f15eb0a3f3e367b0cd22b6d869487cf4662f 05d36149bfd2e7710d31aadc74287c562a707da7e014abfe78cdcaa02552a1d4
CLIENT_TRAFFIC_SECRET_0 e06267b9a794b22f919579a455f6f15eb0a3f3e367b0cd22b6d869487cf4662f fd2571b406b968e8021b9ada6bdf8d5fe4fc9d578791fc1cb169a6f2dfbc4d37
SERVER_TRAFFIC_SECRET_0 e06267b9a794b22f919579a455f6f15eb0a3f3e367b0cd22b6d869487cf4662f 02967ac25ca294bbbc2b853194cab0365865cb1f37c82af35a7ebc0729d29dc8
EXPORTER_SECRET e06267b9a794b22f919579a455f6f15eb0a3f3e367b0cd22b6d869487cf4662f 01ecb054a097d6150d68907d6da16fea6dd8f0ab06ae6d37b028c38d47c74e3b
SERVER_HANDSHAKE_TRAFFIC_SECRET e06267b9a794b22f919579a455f6f15eb0a3f3e367b0cd22b6d869487cf4662f 05d36149bfd2e7710d31aadc74287c562a707da7e014abfe78cdcaa02552a1d4
CLIENT_HANDSHAKE_TRAFFIC_SECRET e06267b9a794b22f919579a455f6f15eb0a3f3e367b0cd22b6d869487cf4662f 8abae297761248b8584fd4b4280f66d24f8639871977523ba20cf576b7b40185
SERVER_TRAFFIC_SECRET_0 e06267b9a794b22f919579a455f6f15eb0a3f3e367b0cd22b6d869487cf4662f 02967ac25ca294bbbc2b853194cab0365865cb1f37c82af35a7ebc0729d29dc8
CLIENT_TRAFFIC_SECRET_0 e06267b9a794b22f919579a455f6f15eb0a3f3e367b0cd22b6d869487cf4662f fd2571b406b968e8021b9ada6bdf8d5fe4fc9d578791fc1cb169a6f2dfbc4d37
CLIENT_HANDSHAKE_TRAFFIC_SECRET 591c1924844c507b2876e504f93b517e849adef6bc2b5b693006ebcdf64b9c7b 656490739a590068e0b9f1538afa6a61334914befd69311d7fa4352aecabc477
SERVER_HANDSHAKE_TRAFFIC_SECRET 591c1924844c507b2876e504f93b517e849adef6bc2b5b693006ebcdf64b9c7b b275932277a0481c85530c2932b1584080747a6fe15760b421dc8b5c440e1fba
CLIENT_TRAFFIC_SECRET_0 591c1924844c507b2876e504f93b517e849adef6bc2b5b693006ebcdf64b9c7b 9d1e39f4890c7ceff7a36b6b32d9ea5f8b5262b852917836a6eb6ffa6840ae7d
SERVER_TRAFFIC_SECRET_0 591c1924844c507b2876e504f93b517e849adef6bc2b5b693006ebcdf64b9c7b 193d2691129b368e33c18503b41c95f0aec931c0496061cec6e60051e63d35fe
EXPORTER_SECRET 591c1924844c507b2876e504f93b517e849adef6bc2b5b693006ebcdf64b9c7b c6d5cad875e49a082dc2cb0ec00b24ad7d09715883c1a82ce2f0264b109c39a2
SERVER_HANDSHAKE_TRAFFIC_SECRET 591c1924844c507b2876e504f93b517e849adef6bc2b5b693006ebcdf64b9c7b b275932277a0481c85530c2932b1584080747a6fe15760b421dc8b5c440e1fba
CLIENT_HANDSHAKE_TRAFFIC_SECRET 591c1924844c507b2876e504f93b517e849adef6bc2b5b693006ebcdf64b9c7b 656490739a590068e0b9f1538afa6a61334914befd69311d7fa4352aecabc477
SERVER_TRAFFIC_SECRET_0 591c1924844c507b2876e504f93b517e849adef6bc2b5b693006ebcdf64b9c7b 193d2691129b368e33c18503b41c95f0aec931c0496061cec6e60051e63d35fe
CLIENT_TRAFFIC_SECRET_0 591c1924844c507b2876e504f93b517e849adef6bc2b5b693006ebcdf64b9c7b 9d1e39f4890c7ceff7a36b6b32d9ea5f8b5262b852917836a6eb6ffa6840ae7d
CLIENT_HANDSHAKE_TRAFFIC_SECRET 77c70718560d7f4e698fa35fdb92ef6aef4a26ffb1d9006c7a504f5449cdbd22 92e6a0a8897abc5366c7170f6922746340a210d174c8efabf288d96ecd3c57fa
SERVER_HANDSHAKE_TRAFFIC_SECRET 77c70718560d7f4e698fa35fdb92ef6aef4a26ffb1d9006c7a504f5449cdbd22 61ecb94e51092a9d299fac0ebbd9e92e4316495a9edd0feecde1fa29fa85b91c
CLIENT_TRAFFIC_SECRET_0 77c70718560d7f4e698fa35fdb92ef6aef4a26ffb1d9006c7a504f5449cdbd22 2730dd1a8771279c3d102bf6ef8d7ac64e0a7de0b740c1aba9c788629d307f05
SERVER_TRAFFIC_SECRET_0 77c70718560d7f4e698fa35fdb92ef6aef4a26ffb1d9006c7a504f5449cdbd22 71118f52da6d53bf3835353849f7cab9c7f73770997682c26f26919d3bec86e5
EXPORTER_SECRET 77c70718560d7f4e698fa35fdb92ef6aef4a26ffb1d9006c7a504f5449cdbd22 a91e7acb9102e30868ee4f0f5ea7973b2b4228d1886c0797e5d08b2c0eac2216
SERVER_HANDSHAKE_TRAFFIC_SECRET 77c70718560d7f4e698fa35fdb92ef6aef4a26ffb1d9006c7a504f5449cdbd22 61ecb94e51092a9d299fac0ebbd9e92e4316495a9edd0feecde1fa29fa85b91c
CLIENT_HANDSHAKE_TRAFFIC_SECRET 77c70718560d7f4e698fa35fdb92ef6aef4a26ffb1d9006c7a504f5449cdbd22 92e6a0a8897abc5366c7170f6922746340a210d174c8efabf288d96ecd3c57fa
SERVER_TRAFFIC_SECRET_0 77c70718560d7f4e698fa35fdb92ef6aef4a26ffb1d9006c7a504f5449cdbd22 71118f52da6d53bf3835353849f7cab9c7f73770997682c26f26919d3bec86e5
CLIENT_TRAFFIC_SECRET_0 77c70718560d7f4e698fa35fdb92ef6aef4a26ffb1d9006c7a504f5449cdbd22 2730dd1a8771279c3d102bf6ef8d7ac64e0a7de0b740c1aba9c788629d307f05
CLIENT_HANDSHAKE_TRAFFIC_SECRET de9cf343b27967754e08829c22703dcf5b5de29d56ad377fa58f4aabeaad89fe 8330307284b88ce5cbc0da4eea0ef99b64c9b6efd0887732e5ecc279570a8bb4
SERVER_HANDSHAKE_TRAFFIC_SECRET de9cf343b27967754e08829c22703dcf5b5de29d56ad377fa58f4aabeaad89fe 4110393412cbb49a75b8d79246c1e160669b6d729c844a0e3858e2f3be114c01
CLIENT_TRAFFIC_SECRET_0 de9cf343b27967754e08829c22703dcf5b5de29d56ad377fa58f4aabeaad89fe 108336777d499e89e6e4a05648d9b26b91589785fa30c0725856b1a9124e930d
SERVER_TRAFFIC_SECRET_0 de9cf343b27967754e08829c22703dcf5b5de29d56ad377fa58f4aabeaad89fe 50b242e40e1f3d6f7407406ce699603669b5843a51457d1242e6bfb05214b482
EXPORTER_SECRET de9cf343b27967754e08829c22703dcf5b5de29d56ad377fa58f4aabeaad89fe 15e460c8f6c99798db06fccf9426bac093f536a6b1ecbe928c32baf30d3d05a3
SERVER_HANDSHAKE_TRAFFIC_SECRET de9cf343b27967754e08829c22703dcf5b5de29d56ad377fa58f4aabeaad89fe 4110393412cbb49a75b8d79246c1e160669b6d729c844a0e3858e2f3be114c01
CLIENT_HANDSHAKE_TRAFFIC_SECRET de9cf343b27967754e08829c22703dcf5b5de29d56ad377fa58f4aabeaad89fe 8330307284b88ce5cbc0da4eea0ef99b64c9b6efd0887732e5ecc279570a8bb4
SERVER_TRAFFIC_SECRET_0 de9cf343b27967754e08829c22703dcf5b5de29d56ad377fa58f4aabeaad89fe 50b242e40e1f3d6f7407406ce699603669b5843a51457d1242e6bfb05214b482
CLIENT_TRAFFIC_SECRET_0 de9cf343b27967754e08829c22703dcf5b5de29d56ad377fa58f4aabeaad89fe 108336777d499e89e6e4a05648d9b26b91589785fa30c0725856b1a9124e930d
CLIENT_HANDSHAKE_TRAFFIC_SECRET 8bbc93221e0c18c966cb30874a74e660c5f80fd5ad3befd1f832e15159661dd0 8b0cb19bbadbeb0b1061bc098db0baa67f869aea008497bc80906c4786d71ee1
SERVER_HANDSHAKE_TRAFFIC_SECRET 8bbc93221e0c18c966cb30874a74e660c5f80fd5ad3befd1f832e15159661dd0 85459a37be0f0cd3602731bbc959cb725002b671f8cb7ea039a0444d035ee96e
CLIENT_TRAFFIC_SECRET_0 8bbc93221e0c18c966cb30874a74e660c5f80fd5ad3befd1f832e15159661dd0 ff67b2eb014c595e983f541c46753375cd1cd1573bf438ef57a0659d909e4afc
SERVER_TRAFFIC_SECRET_0 8bbc93221e0c18c966cb30874a74e660c5f80fd5ad3befd1f832e15159661dd0 f7f39bf52874463f894fc85d14d13366a18d64f3fd31021f9efe9585eb02cd6a
EXPORTER_SECRET 8bbc93221e0c18c966cb30874a74e660c5f80fd5ad3befd1f832e15159661dd0 3a676774a4395a3e0666b867fd0f897facdd6eb10519c7b510c7fe864c9e113e
SERVER_HANDSHAKE_TRAFFIC_SECRET 8bbc93221e0c18c966cb30874a74e660c5f80fd5ad3befd1f832e15159661dd0 85459a37be0f0cd3602731bbc959cb725002b671f8cb7ea039a0444d035ee96e
CLIENT_HANDSHAKE_TRAFFIC_SECRET 8bbc93221e0c18c966cb30874a74e660c5f80fd5ad3befd1f832e15159661dd0 8b0cb19bbadbeb0b1061bc098db0baa67f869aea008497bc80906c4786d71ee1
SERVER_TRAFFIC_SECRET_0 8bbc93221e0c18c966cb30874a74e660c5f80fd5ad3befd1f832e15159661dd0 f7f39bf52874463f894fc85d14d13366a18d64f3fd31021f9efe9585eb02cd6a
CLIENT_TRAFFIC_SECRET_0 8bbc93221e0c18c966cb30874a74e660c5f80fd5ad3befd1f832e15159661dd0 ff67b2eb014c595e983f541c46753375cd1cd1573bf438ef57a0659d909e4afc
CLIENT_HANDSHAKE_TRAFFIC_SECRET b2b862b119d2c3e1a18571d2c771b121aac2ac1fce3d45410a351d3a0f15aee7 1133e106af630cafcf10efad57d0a7a97e7b9caf04ca7695351dde3f23cc117b
SERVER_HANDSHAKE_TRAFFIC_SECRET b2b862b119d2c3e1a18571d2c771b121aac2ac1fce3d45410a351d3a0f15aee7 c29c8eb60be3ce0fff5e31828c0246585d5c9d077c897fb4d3ab6365a2552a1c
CLIENT_TRAFFIC_SECRET_0 b2b862b119d2c3e1a18571d2c771b121aac2ac1fce3d45410a351d3a0f15aee7 e6e708d5387c6ac70bb9fd5895d48af9a570c48a3b328f85bef4cb3294285e3e
SERVER_TRAFFIC_SECRET_0 b2b862b119d2c3e1a18571d2c771b121aac2ac1fce3d45410a351d3a0f15aee7 b119e998987f65d209e2fbffda8b29a109e637d4cf5915d8c9cef1b1b3fcdf22
EXPORTER_SECRET b2b862b119d2c3e1a18571d2c771b121aac2ac1fce3d45410a351d3a0f15aee7 dbd587ea832d2824c36ee41a02d42e1fb7f184d2984f2b4d46c755154e5ca8fd
SERVER_HANDSHAKE_TRAFFIC_SECRET b2b862b119d2c3e1a18571d2c771b121aac2ac1fce3d45410a351d3a0f15aee7 c29c8eb60be3ce0fff5e31828c0246585d5c9d077c897fb4d3ab6365a2552a1c
CLIENT_HANDSHAKE_TRAFFIC_SECRET b2b862b119d2c3e1a18571d2c771b121aac2ac1fce3d45410a351d3a0f15aee7 1133e106af630cafcf10efad57d0a7a97e7b9caf04ca7695351dde3f23cc117b
SERVER_TRAFFIC_SECRET_0 b2b862b119d2c3e1a18571d2c771b121aac2ac1fce3d45410a351d3a0f15aee7 b119e998987f65d209e2fbffda8b29a109e637d4cf5915d8c9cef1b1b3fcdf22
CLIENT_TRAFFIC_SECRET_0 b2b862b119d2c3e1a18571d2c771b121aac2ac1fce3d45410a351d3a0f15aee7 e6e708d5387c6ac70bb9fd5895d48af9a570c48a3b328f85bef4cb3294285e3e
CLIENT_HANDSHAKE_TRAFFIC_SECRET c56a3efdf6bc5a2967994a6ae8a46ebae82cb8b14f3704a52f4539dd32648e79 a75d952688906cf6ae6bda00e7e3e646e5d0e49c3f68b73281f2b71c811bfaff
SERVER_HANDSHAKE_TRAFFIC_SECRET c56a3efdf6bc5a2967994a6ae8a46ebae82cb8b14f3704a52f4539dd32648e79 f83648bc609f77e66bbba1b6cd3e833fce4ceb8a89d040ab2854b79acc66edf4
CLIENT_TRAFFIC_SECRET_0 c56a3efdf6bc5a2967994a6ae8a46ebae82cb8b14f3704a52f4539dd32648e79 53a3ae3ca411a30f88a17bec08043a3bcb02e3bdaca77b52b4821908cd113845
SERVER_TRAFFIC_SECRET_0 c56a3efdf6bc5a2967994a6ae8a46ebae82cb8b14f3704a52f4539dd32648e79 d8d162ac969d833a24cf3ab5b6da8c8688194fb2542472f1675ed06d1bedbbc5
EXPORTER_SECRET c56a3efdf6bc5a2967994a6ae8a46ebae82cb8b14f3704a52f4539dd32648e79 5bf2cbb8278937608152a51583de83a7fb697ef23fe173a9ad079079ea4b1267
SERVER_HANDSHAKE_TRAFFIC_SECRET c56a3efdf6bc5a2967994a6ae8a46ebae82cb8b14f3704a52f4539dd32648e79 f83648bc609f77e66bbba1b6cd3e833fce4ceb8a89d040ab2854b79acc66edf4
CLIENT_HANDSHAKE_TRAFFIC_SECRET c56a3efdf6bc5a2967994a6ae8a46ebae82cb8b14f3704a52f4539dd32648e79 a75d952688906cf6ae6bda00e7e3e646e5d0e49c3f68b73281f2b71c811bfaff
SERVER_TRAFFIC_SECRET_0 c56a3efdf6bc5a2967994a6ae8a46ebae82cb8b14f3704a52f4539dd32648e79 d8d162ac969d833a24cf3ab5b6da8c8688194fb2542472f1675ed06d1bedbbc5
CLIENT_TRAFFIC_SECRET_0 c56a3efdf6bc5a2967994a6ae8a46ebae82cb8b14f3704a52f4539dd32648e79 53a3ae3ca411a30f88a17bec08043a3bcb02e3bdaca77b52b4821908cd113845
CLIENT_HANDSHAKE_TRAFFIC_SECRET a35ca71e0d4f75e8b22ced9109c928ec2211507635d6a969e364c316670ff167 3679a3ccf45ffc5fb38927c159e3f34720fa1541df76c43be257b54365cd5d93
SERVER_HANDSHAKE_TRAFFIC_SECRET a35ca71e0d4f75e8b22ced9109c928ec2211507635d6a969e364c316670ff167 66c85121e512c4ab1617bdbdd17a59a996dcab2feb17da5e3f341d0d04d49b03
CLIENT_TRAFFIC_SECRET_0 a35ca71e0d4f75e8b22ced9109c928ec2211507635d6a969e364c316670ff167 eb3685d4a494cc7bd6041d1bafd8fcb5309a628fc72d2599a4754a7200fd07e9
SERVER_TRAFFIC_SECRET_0 a35ca71e0d4f75e8b22ced9109c928ec2211507635d6a969e364c316670ff167 e943bda68a6846ff5923724db496b59ee8c50f9ce037c2387596e95530930753
EXPORTER_SECRET a35ca71e0d4f75e8b22ced9109c928ec2211507635d6a969e364c316670ff167 3147b79312ef79bc4be8634011681ab674f1fb6cdc51c640c35ef693030aa53d
SERVER_HANDSHAKE_TRAFFIC_SECRET a35ca71e0d4f75e8b22ced9109c928ec2211507635d6a969e364c316670ff167 66c85121e512c4ab1617bdbdd17a59a996dcab2feb17da5e3f341d0d04d49b03
CLIENT_HANDSHAKE_TRAFFIC_SECRET a35ca71e0d4f75e8b22ced9109c928ec2211507635d6a969e364c316670ff167 3679a3ccf45ffc5fb38927c159e3f34720fa1541df76c43be257b54365cd5d93
SERVER_TRAFFIC_SECRET_0 a35ca71e0d4f75e8b22ced9109c928ec2211507635d6a969e364c316670ff167 e943bda68a6846ff5923724db496b59ee8c50f9ce037c2387596e95530930753
CLIENT_TRAFFIC_SECRET_0 a35ca71e0d4f75e8b22ced9109c928ec2211507635d6a969e364c316670ff167 eb3685d4a494cc7bd6041d1bafd8fcb5309a628fc72d2599a4754a7200fd07e9
CLIENT_HANDSHAKE_TRAFFIC_SECRET f2c0473457d23be7c86b664593435e65950803e8b304296f408cbf88ae03cbbc f69123986903181866ba3919c4edb91954102c17431928ef1623b2d9426f94db
SERVER_HANDSHAKE_TRAFFIC_SECRET f2c0473457d23be7c86b664593435e65950803e8b304296f408cbf88ae03cbbc 3928c42b38aa2083ef6cb018729e37470dc36a174ed27138a7c3d6b99bef6453
CLIENT_TRAFFIC_SECRET_0 f2c0473457d23be7c86b664593435e65950803e8b304296f408cbf88ae03cbbc 92ca86db0f196fce555513905547c0b6d47d04cd21abb81074a1d195bd3757f2
SERVER_TRAFFIC_SECRET_0 f2c0473457d23be7c86b664593435e65950803e8b304296f408cbf88ae03cbbc d1c721c7c53774442f38a534354d846bad5fbe1222f9d49ebf774f8794024c8b
EXPORTER_SECRET f2c0473457d23be7c86b664593435e65950803e8b304296f408cbf88ae03cbbc 790f35b2ca55b750a8287f7514290ed0d3f1e09418016b2ae4dcba7d5cc4916b
SERVER_HANDSHAKE_TRAFFIC_SECRET f2c0473457d23be7c86b664593435e65950803e8b304296f408cbf88ae03cbbc 3928c42b38aa2083ef6cb018729e37470dc36a174ed27138a7c3d6b99bef6453
CLIENT_HANDSHAKE_TRAFFIC_SECRET f2c0473457d23be7c86b664593435e65950803e8b304296f408cbf88ae03cbbc f69123986903181866ba3919c4edb91954102c17431928ef1623b2d9426f94db
SERVER_TRAFFIC_SECRET_0 f2c0473457d23be7c86b664593435e65950803e8b304296f408cbf88ae03cbbc d1c721c7c53774442f38a534354d846bad5fbe1222f9d49ebf774f8794024c8b
CLIENT_TRAFFIC_SECRET_0 f2c0473457d23be7c86b664593435e65950803e8b304296f408cbf88ae03cbbc 92ca86db0f196fce555513905547c0b6d47d04cd21abb81074a1d195bd3757f2
CLIENT_HANDSHAKE_TRAFFIC_SECRET 7974959fbfe31d8e4860c8b47cf4ade3d4e28d3708bbc40b9a42864940309f65 fbf245c87f9f791ad6dff0245361c2fdb47a9f75f10838f31321538871e6a051
SERVER_HANDSHAKE_TRAFFIC_SECRET 7974959fbfe31d8e4860c8b47cf4ade3d4e28d3708bbc40b9a42864940309f65 d49d2868f2cf9ecc23e3ae01ae52425a0cfb664ea608bb1ba0686f40e13b27fe
CLIENT_TRAFFIC_SECRET_0 7974959fbfe31d8e4860c8b47cf4ade3d4e28d3708bbc40b9a42864940309f65 6c2e95ad92c095773075ade9b98988e516f4d6590b1412ccc0282dd11322029c
SERVER_TRAFFIC_SECRET_0 7974959fbfe31d8e4860c8b47cf4ade3d4e28d3708bbc40b9a42864940309f65 ccad704c03ca4535059b8be5a0e6933978250309887fbd2d48a1fa641448701c
EXPORTER_SECRET 7974959fbfe31d8e4860c8b47cf4ade3d4e28d3708bbc40b9a42864940309f65 ddab0582609e6309e96831b7ce06d642572896ec0d53077c5d59577a76706f2f
SERVER_HANDSHAKE_TRAFFIC_SECRET 7974959fbfe31d8e4860c8b47cf4ade3d4e28d3708bbc40b9a42864940309f65 d49d2868f2cf9ecc23e3ae01ae52425a0cfb664ea608bb1ba0686f40e13b27fe
CLIENT_HANDSHAKE_TRAFFIC_SECRET 7974959fbfe31d8e4860c8b47cf4ade3d4e28d3708bbc40b9a42864940309f65 fbf245c87f9f791ad6dff0245361c2fdb47a9f75f10838f31321538871e6a051
SERVER_TRAFFIC_SECRET_0 7974959fbfe31d8e4860c8b47cf4ade3d4e28d3708bbc40b9a42864940309f65 ccad704c03ca4535059b8be5a0e6933978250309887fbd2d48a1fa641448701c
CLIENT_TRAFFIC_SECRET_0 7974959fbfe31d8e4860c8b47cf4ade3d4e28d3708bbc40b9a42864940309f65 6c2e95ad92c095773075ade9b98988e516f4d6590b1412ccc0282dd11322029c
CLIENT_HANDSHAKE_TRAFFIC_SECRET f12b5ede8d75dd173944946f91b18d11d6ae0819b71a6624fd099f9c762e258e 962c218b0a26712f93a32d895da1df1b4c3c86b2abcac885df2466d3e78c9477
SERVER_HANDSHAKE_TRAFFIC_SECRET f12b5ede8d75dd173944946f91b18d11d6ae0819b71a6624fd099f9c762e258e 9125624fdc674d4e1e433d60ac69a82de0637615a72d8b00066108111aff61f1
CLIENT_TRAFFIC_SECRET_0 f12b5ede8d75dd173944946f91b18d11d6ae0819b71a6624fd099f9c762e258e 0235a0a75f28ae65973c608ed0c39d7ab7f472ae1c9831d2b84e54e9b7014a6d
SERVER_TRAFFIC_SECRET_0 f12b5ede8d75dd173944946f91b18d11d6ae0819b71a6624fd099f9c762e258e e8d03b92fa795c91d922ed8100f0cdb08825fa7f1d7069012b75336ac6042e1c
EXPORTER_SECRET f12b5ede8d75dd173944946f91b18d11d6ae0819b71a6624fd099f9c762e258e 6e4b4d116111bd094c9ae1d665b78ca8032198323e0b9ed04ba9246869e2c390
SERVER_HANDSHAKE_TRAFFIC_SECRET f12b5ede8d75dd173944946f91b18d11d6ae0819b71a6624fd099f9c762e258e 9125624fdc674d4e1e433d60ac69a82de0637615a72d8b00066108111aff61f1
CLIENT_HANDSHAKE_TRAFFIC_SECRET f12b5ede8d75dd173944946f91b18d11d6ae0819b71a6624fd099f9c762e258e 962c218b0a26712f93a32d895da1df1b4c3c86b2abcac885df2466d3e78c9477
SERVER_TRAFFIC_SECRET_0 f12b5ede8d75dd173944946f91b18d11d6ae0819b71a6624fd099f9c762e258e e8d03b92fa795c91d922ed8100f0cdb08825fa7f1d7069012b75336ac6042e1c
CLIENT_TRAFFIC_SECRET_0 f12b5ede8d75dd173944946f91b18d11d6ae0819b71a6624fd099f9c762e258e 0235a0a75f28ae65973c608ed0c39d7ab7f472ae1c9831d2b84e54e9b7014a6d
CLIENT_HANDSHAKE_TRAFFIC_SECRET effaa26238e1fec9ea156e1b79ad7454b1610a60e0fe6e9447cef50619141983 4847e52b01333b6f1ecb63e150ca295b8ba6da4240208c136a69ea067ae3b4b5
SERVER_HANDSHAKE_TRAFFIC_SECRET effaa26238e1fec9ea156e1b79ad7454b1610a60e0fe6e9447cef50619141983 5a1a6e997b4459e277922aca0b4da20fd8dd3a2ce0abe40d41440687f7da651e
CLIENT_TRAFFIC_SECRET_0 effaa26238e1fec9ea156e1b79ad7454b1610a60e0fe6e9447cef50619141983 3e32669e085fa957bb03d413b57cd21237b089c00719d57fe2bb5c79cb9b14e3
SERVER_TRAFFIC_SECRET_0 effaa26238e1fec9ea156e1b79ad7454b1610a60e0fe6e9447cef50619141983 51b2306274b3a8ddfb22de7440021a6b5b292292f8e974d439aea353668d53ba
EXPORTER_SECRET effaa26238e1fec9ea156e1b79ad7454b1610a60e0fe6e9447cef50619141983 db92d7a137ce724129692878baeed801605b45ef5322eb4d575efa6a3c8a06ab
SERVER_HANDSHAKE_TRAFFIC_SECRET effaa26238e1fec9ea156e1b79ad7454b1610a60e0fe6e9447cef50619141983 5a1a6e997b4459e277922aca0b4da20fd8dd3a2ce0abe40d41440687f7da651e
CLIENT_HANDSHAKE_TRAFFIC_SECRET effaa26238e1fec9ea156e1b79ad7454b1610a60e0fe6e9447cef50619141983 4847e52b01333b6f1ecb63e150ca295b8ba6da4240208c136a69ea067ae3b4b5
SERVER_TRAFFIC_SECRET_0 effaa26238e1fec9ea156e1b79ad7454b1610a60e0fe6e9447cef50619141983 51b2306274b3a8ddfb22de7440021a6b5b292292f8e974d439aea353668d53ba
CLIENT_TRAFFIC_SECRET_0 effaa26238e1fec9ea156e1b79ad7454b1610a60e0fe6e9447cef50619141983 3e32669e085fa957bb03d413b57cd21237b089c00719d57fe2bb5c79cb9b14e3
CLIENT_HANDSHAKE_TRAFFIC_SECRET 552c2f6febc4e937a9993be1ea029806829be36446063b100e7a5513e6c0ab32 9c5087ee1c79b91f3fbd9701c6bd6a13fffbae03911f327b7c369d8ee8f1e5c3
SERVER_HANDSHAKE_TRAFFIC_SECRET 552c2f6febc4e937a9993be1ea029806829be36446063b100e7a5513e6c0ab32 38a43e26beb74071c0a94b1c2689585c9250ba0fe92e751cc35503d8d6fa62ae
CLIENT_TRAFFIC_SECRET_0 552c2f6febc4e937a9993be1ea029806829be36446063b100e7a5513e6c0ab32 d6d9489a40bfb09d6446b1dfda0bdb0305668863223746682fb49b8312c227f9
SERVER_TRAFFIC_SECRET_0 552c2f6febc4e937a9993be1ea029806829be36446063b100e7a5513e6c0ab32 da993e59f6039f313006803a7fa821a81c1711bf44442d644ed839d49fe7ac3c
EXPORTER_SECRET 552c2f6febc4e937a9993be1ea029806829be36446063b100e7a5513e6c0ab32 7d0dc7b8acf1924c5b2a99474bb8c1b9ba220d934dbd430909c8d0ebef90230d
SERVER_HANDSHAKE_TRAFFIC_SECRET 552c2f6febc4e937a9993be1ea029806829be36446063b100e7a5513e6c0ab32 38a43e26beb74071c0a94b1c2689585c9250ba0fe92e751cc35503d8d6fa62ae
CLIENT_HANDSHAKE_TRAFFIC_SECRET 552c2f6febc4e937a9993be1ea029806829be36446063b100e7a5513e6c0ab32 9c5087ee1c79b91f3fbd9701c6bd6a13fffbae03911f327b7c369d8ee8f1e5c3
SERVER_TRAFFIC_SECRET_0 552c2f6febc4e937a9993be1ea029806829be36446063b100e7a5513e6c0ab32 da993e59f6039f313006803a7fa821a81c1711bf44442d644ed839d49fe7ac3c
CLIENT_TRAFFIC_SECRET_0 552c2f6febc4e937a9993be1ea029806829be36446063b100e7a5513e6c0ab32 d6d9489a40bfb09d6446b1dfda0bdb0305668863223746682fb49b8312c227f9
CLIENT_HANDSHAKE_TRAFFIC_SECRET 6d17bfe3d6889a86306b73aa538497b41f5dd81389720c28693b97f1047a9414 f0fbfd9bdce0aa699fc7182413f401c255c9716e4ded20805060b85a52db0225
SERVER_HANDSHAKE_TRAFFIC_SECRET 6d17bfe3d6889a86306b73aa538497b41f5dd81389720c28693b97f1047a9414 16020ec61b00f252b1e45d66d8df02888c15ad311f38b2f2efb72b7c6ed706e8
CLIENT_TRAFFIC_SECRET_0 6d17bfe3d6889a86306b73aa538497b41f5dd81389720c28693b97f1047a9414 c9666635912db3b0ed1304ad536dd6cbc1f6ab7dab52fef4f20b3029b50f6c97
SERVER_TRAFFIC_SECRET_0 6d17bfe3d6889a86306b73aa538497b41f5dd81389720c28693b97f1047a9414 88d6a39ced717fdfa94ad35cc9d64a6524b2edc8fdb13d7261ba8983920ed1d2
EXPORTER_SECRET 6d17bfe3d6889a86306b73aa538497b41f5dd81389720c28693b97f1047a9414 1a9cc92da117546c461e03fdc1395409d7764410fb141ddeb38d81a64fec4f9d
SERVER_HANDSHAKE_TRAFFIC_SECRET 6d17bfe3d6889a86306b73aa538497b41f5dd81389720c28693b97f1047a9414 16020ec61b00f252b1e45d66d8df02888c15ad311f38b2f2efb72b7c6ed706e8
CLIENT_HANDSHAKE_TRAFFIC_SECRET 6d17bfe3d6889a86306b73aa538497b41f5dd81389720c28693b97f1047a9414 f0fbfd9bdce0aa699fc7182413f401c255c9716e4ded20805060b85a52db0225
SERVER_TRAFFIC_SECRET_0 6d17bfe3d6889a86306b73aa538497b41f5dd81389720c28693b97f1047a9414 88d6a39ced717fdfa94ad35cc9d64a6524b2edc8fdb13d7261ba8983920ed1d2
CLIENT_TRAFFIC_SECRET_0 6d17bfe3d6889a86306b73aa538497b41f5dd81389720c28693b97f1047a9414 c9666635912db3b0ed1304ad536dd6cbc1f6ab7dab52fef4f20b3029b50f6c97
CLIENT_HANDSHAKE_TRAFFIC_SECRET 76b83c0e67ff985f6874b0a87fed4821684ece13a98ffa1f52553036e848bb6e 929925b5cca466e9294e4e237c38fb638be7c395d4c4b31ad5f880b02adef6ce
SERVER_HANDSHAKE_TRAFFIC_SECRET 76b83c0e67ff985f6874b0a87fed4821684ece13a98ffa1f52553036e848bb6e 4d9643ac2810e510eba38aaead3e4298e9ae4b5e16c3650a6ce9b6b461f2bf4a
CLIENT_TRAFFIC_SECRET_0 76b83c0e67ff985f6874b0a87fed4821684ece13a98ffa1f52553036e848bb6e 4f21e7b39b37609d792efce2a589a442f37270970804b0ae44d74060e76c69fd
SERVER_TRAFFIC_SECRET_0 76b83c0e67ff985f6874b0a87fed4821684ece13a98ffa1f52553036e848bb6e 39b344e305bc4b8065470079cdde491c3e43b331b8e95855088a70b169d97753
EXPORTER_SECRET 76b83c0e67ff985f6874b0a87fed4821684ece13a98ffa1f52553036e848bb6e 723ec2a95e2bbee92e2801671e49cfc4c89db3f5d7b0aadd84b93f9d455396d0
SERVER_HANDSHAKE_TRAFFIC_SECRET 76b83c0e67ff985f6874b0a87fed4821684ece13a98ffa1f52553036e848bb6e 4d9643ac2810e510eba38aaead3e4298e9ae4b5e16c3650a6ce9b6b461f2bf4a
CLIENT_HANDSHAKE_TRAFFIC_SECRET 76b83c0e67ff985f6874b0a87fed4821684ece13a98ffa1f52553036e848bb6e 929925b5cca466e9294e4e237c38fb638be7c395d4c4b31ad5f880b02adef6ce
SERVER_TRAFFIC_SECRET_0 76b83c0e67ff985f6874b0a87fed4821684ece13a98ffa1f52553036e848bb6e 39b344e305bc4b8065470079cdde491c3e43b331b8e95855088a70b169d97753
CLIENT_TRAFFIC_SECRET_0 76b83c0e67ff985f6874b0a87fed4821684ece13a98ffa1f52553036e848bb6e 4f21e7b39b37609d792efce2a589a442f37270970804b0ae44d74060e76c69fd
CLIENT_HANDSHAKE_TRAFFIC_SECRET 094072c7f4fa508fb5f468ea43021f3451eca46054bd6151f79a7555b8e97799 89f52dc0cef3683fdeb2bd72839d4144b54b02e26662dfbed7f64b9403cb7673
SERVER_HANDSHAKE_TRAFFIC_SECRET 094072c7f4fa508fb5f468ea43021f3451eca46054bd6151f79a7555b8e97799 d021c838252f7e69472d5f2986901ad7737b253b800db2ecd4d2748fc98578d7
CLIENT_TRAFFIC_SECRET_0 094072c7f4fa508fb5f468ea43021f3451eca46054bd6151f79a7555b8e97799 723a705a796e0e41943afa0a802f9479b95cab68fc7bd4298835c4ba6b4ad358
SERVER_TRAFFIC_SECRET_0 094072c7f4fa508fb5f468ea43021f3451eca46054bd6151f79a7555b8e97799 df588f1e86d1013c8517a495f6e74f47ac745909a65d241af08dd5bf5f6a4c22
EXPORTER_SECRET 094072c7f4fa508fb5f468ea43021f3451eca46054bd6151f79a7555b8e97799 1187fbeac087e24cfcd837a762ffa55c0ed882c1ef0e9add11c947e7e5bd2079
SERVER_HANDSHAKE_TRAFFIC_SECRET 094072c7f4fa508fb5f468ea43021f3451eca46054bd6151f79a7555b8e97799 d021c838252f7e69472d5f2986901ad7737b253b800db2ecd4d2748fc98578d7
CLIENT_HANDSHAKE_TRAFFIC_SECRET 094072c7f4fa508fb5f468ea43021f3451eca46054bd6151f79a7555b8e97799 89f52dc0cef3683fdeb2bd72839d4144b54b02e26662dfbed7f64b9403cb7673
SERVER_TRAFFIC_SECRET_0 094072c7f4fa508fb5f468ea43021f3451eca46054bd6151f79a7555b8e97799 df588f1e86d1013c8517a495f6e74f47ac745909a65d241af08dd5bf5f6a4c22
CLIENT_TRAFFIC_SECRET_0 094072c7f4fa508fb5f468ea43021f3451eca46054bd6151f79a7555b8e97799 723a705a796e0e41943afa0a802f9479b95cab68fc7bd4298835c4ba6b4ad358
CLIENT_HANDSHAKE_TRAFFIC_SECRET 14ef3c46cb4ad09c2d38fbf13a41ba245ceab57265372271725865f2bf197b17 57ac45d064ae9f5fdba1a354b796665440a3eafb7e8a33afde6976b8892dff72
SERVER_HANDSHAKE_TRAFFIC_SECRET 14ef3c46cb4ad09c2d38fbf13a41ba245ceab57265372271725865f2bf197b17 31c118f24d88b20f08b5f222363ea3e958a45cfa8446a043d570b592711c7028
CLIENT_TRAFFIC_SECRET_0 14ef3c46cb4ad09c2d38fbf13a41ba245ceab57265372271725865f2bf197b17 2209d6d35c983562386a62bc48d921154d5a70511bfa7eeef3ea721bee125640
SERVER_TRAFFIC_SECRET_0 14ef3c46cb4ad09c2d38fbf13a41ba245ceab57265372271725865f2bf197b17 15ad840773b22eb1061f4bac71da8893a6623452fccd3d82b77c0e2595eab319
EXPORTER_SECRET 14ef3c46cb4ad09c2d38fbf13a41ba245ceab57265372271725865f2bf197b17 30b9c34e5549e5d978608c23c0d2cdd9359b42c09be0943a7575083970f87eb4
SERVER_HANDSHAKE_TRAFFIC_SECRET 14ef3c46cb4ad09c2d38fbf13a41ba245ceab57265372271725865f2bf197b17 31c118f24d88b20f08b5f222363ea3e958a45cfa8446a043d570b592711c7028
CLIENT_HANDSHAKE_TRAFFIC_SECRET 14ef3c46cb4ad09c2d38fbf13a41ba245ceab57265372271725865f2bf197b17 57ac45d064ae9f5fdba1a354b796665440a3eafb7e8a33afde6976b8892dff72
SERVER_TRAFFIC_SECRET_0 14ef3c46cb4ad09c2d38fbf13a41ba245ceab57265372271725865f2bf197b17 15ad840773b22eb1061f4bac71da8893a6623452fccd3d82b77c0e2595eab319
CLIENT_TRAFFIC_SECRET_0 14ef3c46cb4ad09c2d38fbf13a41ba245ceab57265372271725865f2bf197b17 2209d6d35c983562386a62bc48d921154d5a70511bfa7eeef3ea721bee125640
CLIENT_HANDSHAKE_TRAFFIC_SECRET 869ab214dadfb1351b664408714a9800ee8db6e838fd432ee10aff5aac9a06f2 63b84e946898a32763b572900bf97ee41e0487f38bb9dc6a338276db268061fe
SERVER_HANDSHAKE_TRAFFIC_SECRET 869ab214dadfb1351b664408714a9800ee8db6e838fd432ee10aff5aac9a06f2 7ea2882e67740da45a998118671373fbb1aab68dca5bc339dffd67df3de5ce64
CLIENT_TRAFFIC_SECRET_0 869ab214dadfb1351b664408714a9800ee8db6e838fd432ee10aff5aac9a06f2 c097742b5ac865374c527af0e8d5f277d8e026011a5af8205805ada04f4babe2
SERVER_TRAFFIC_SECRET_0 869ab214dadfb1351b664408714a9800ee8db6e838fd432ee10aff5aac9a06f2 01ec106541385833f7ef0e9beda880c9143a4b7675272d8d7b3795a0a2eacda7
EXPORTER_SECRET 869ab214dadfb1351b664408714a9800ee8db6e838fd432ee10aff5aac9a06f2 74828e4f3b14fad06e9b04b086b946dafbd0c316e0a3b6a7ca54be3a8d4d8682
SERVER_HANDSHAKE_TRAFFIC_SECRET 869ab214dadfb1351b664408714a9800ee8db6e838fd432ee10aff5aac9a06f2 7ea2882e67740da45a998118671373fbb1aab68dca5bc339dffd67df3de5ce64
CLIENT_HANDSHAKE_TRAFFIC_SECRET 869ab214dadfb1351b664408714a9800ee8db6e838fd432ee10aff5aac9a06f2 63b84e946898a32763b572900bf97ee41e0487f38bb9dc6a338276db268061fe
SERVER_TRAFFIC_SECRET_0 869ab214dadfb1351b664408714a9800ee8db6e838fd432ee10aff5aac9a06f2 01ec106541385833f7ef0e9beda880c9143a4b7675272d8d7b3795a0a2eacda7
CLIENT_TRAFFIC_SECRET_0 869ab214dadfb1351b664408714a9800ee8db6e838fd432ee10aff5aac9a06f2 c097742b5ac865374c527af0e8d5f277d8e026011a5af8205805ada04f4babe2
CLIENT_HANDSHAKE_TRAFFIC_SECRET 6bcf55436f2b1487e919cad542874d99d6fb06f7bd7ced2ea2245cf53de6f54f 3bd38b8140c5466bdebdadf8ef25873c12138e4bbaadad3a90e781dfed743dd6
SERVER_HANDSHAKE_TRAFFIC_SECRET 6bcf55436f2b1487e919cad542874d99d6fb06f7bd7ced2ea2245cf53de6f54f 5d0f372b64136b53268ff8e4af9993c1c50c979ca4d8e42b7a0458ee8e79dd30
CLIENT_TRAFFIC_SECRET_0 6bcf55436f2b1487e919cad542874d99d6fb06f7bd7ced2ea2245cf53de6f54f 5dbf022ff339bde22c1c69f781b55efdbc9c90ea21cfdd3f3eecc1e8c72ab966
SERVER_TRAFFIC_SECRET_0 6bcf55436f2b1487e919cad542874d99d6fb06f7bd7ced2ea2245cf53de6f54f d5c17062809230004ee87a67277e6d0f724ab2c7291a7f5d04961b6af3997ed2
EXPORTER_SECRET 6bcf55436f2b1487e919cad542874d99d6fb06f7bd7ced2ea2245cf53de6f54f 5c27c4970b264d7b86ff3cb56d3fad7bf76a48bb8820bde96b52265f54491b3a
SERVER_HANDSHAKE_TRAFFIC_SECRET 6bcf55436f2b1487e919cad542874d99d6fb06f7bd7ced2ea2245cf53de6f54f 5d0f372b64136b53268ff8e4af9993c1c50c979ca4d8e42b7a0458ee8e79dd30
CLIENT_HANDSHAKE_TRAFFIC_SECRET 6bcf55436f2b1487e919cad542874d99d6fb06f7bd7ced2ea2245cf53de6f54f 3bd38b8140c5466bdebdadf8ef25873c12138e4bbaadad3a90e781dfed743dd6
SERVER_TRAFFIC_SECRET_0 6bcf55436f2b1487e919cad542874d99d6fb06f7bd7ced2ea2245cf53de6f54f d5c17062809230004ee87a67277e6d0f724ab2c7291a7f5d04961b6af3997ed2
CLIENT_TRAFFIC_SECRET_0 6bcf55436f2b1487e919cad542874d99d6fb06f7bd7ced2ea2245cf53de6f54f 5dbf022ff339bde22c1c69f781b55efdbc9c90ea21cfdd3f3eecc1e8c72ab966
CLIENT_HANDSHAKE_TRAFFIC_SECRET 5fc352f222bf4f698e5409e7fc5d1f899fdb39e0557a760da80a4054af98e040 45db32236d3e2edba949ce72205ca891359b632f943c86b3bc6b9a6f46a3e19e
SERVER_HANDSHAKE_TRAFFIC_SECRET 5fc352f222bf4f698e5409e7fc5d1f899fdb39e0557a760da80a4054af98e040 02c0bd4c2e44252a7e53b03ef347883b574a2987a9024233c4c4c65f06db12be
CLIENT_TRAFFIC_SECRET_0 5fc352f222bf4f698e5409e7fc5d1f899fdb39e0557a760da80a4054af98e040 abca5e371323e99aa00393f3e480c9e4c8afa18acf839f083431fb7066d34b5d
SERVER_TRAFFIC_SECRET_0 5fc352f222bf4f698e5409e7fc5d1f899fdb39e0557a760da80a4054af98e040 0e1de5c1e898d1c40311a9274c50634e513ffaa83baaad7b0c6c0c94486c411f
EXPORTER_SECRET 5fc352f222bf4f698e5409e7fc5d1f899fdb39e0557a760da80a4054af98e040 58fec075efb33b55e37824a07ea4d1055876198fe19a001d6835da811cb5106a
SERVER_HANDSHAKE_TRAFFIC_SECRET 5fc352f222bf4f698e5409e7fc5d1f899fdb39e0557a760da80a4054af98e040 02c0bd4c2e44252a7e53b03ef347883b574a2987a9024233c4c4c65f06db12be
CLIENT_HANDSHAKE_TRAFFIC_SECRET 5fc352f222bf4f698e5409e7fc5d1f899fdb39e0557a760da80a4054af98e040 45db32236d3e2edba949ce72205ca891359b632f943c86b3bc6b9a6f46a3e19e
SERVER_TRAFFIC_SECRET_0 5fc352f222bf4f698e5409e7fc5d1f899fdb39e0557a760da80a4054af98e040 0e1de5c1e898d1c40311a9274c50634e513ffaa83baaad7b0c6c0c94486c411f
CLIENT_TRAFFIC_SECRET_0 5fc352f222bf4f698e5409e7fc5d1f899fdb39e0557a760da80a4054af98e040 abca5e371323e99aa00393f3e480c9e4c8afa18acf839f083431fb7066d34b5d
CLIENT_HANDSHAKE_TRAFFIC_SECRET 3c071ee017db6a10df80823ae9054da27935ec820bce369c6e29634a9e95c3b5 2e1d2407d5c0768c282b9381152ebe24d0d79c9dc33bd1bd355df497820952c0
SERVER_HANDSHAKE_TRAFFIC_SECRET 3c071ee017db6a10df80823ae9054da27935ec820bce369c6e29634a9e95c3b5 8df69e894b6f3cf08f8f67ee4ad332ef968238d9755c6e1c4cc24266d89c65b3
CLIENT_TRAFFIC_SECRET_0 3c071ee017db6a10df80823ae9054da27935ec820bce369c6e29634a9e95c3b5 70cf4ab240988f7bb1805d3ff0cf2292c8ba2a79f066a9913eb292fb017c26ad
SERVER_TRAFFIC_SECRET_0 3c071ee017db6a10df80823ae9054da27935ec820bce369c6e29634a9e95c3b5 a11fa2b98815d46d6bd45de8819e91c5ffa3ee057fe4ff01f0b07ad5b9c10b7a
EXPORTER_SECRET 3c071ee017db6a10df80823ae9054da27935ec820bce369c6e29634a9e95c3b5 cebb8220666d0f232d1b8b591f39faa75febd38ef1350f72a2393d85d22c618a
SERVER_HANDSHAKE_TRAFFIC_SECRET 3c071ee017db6a10df80823ae9054da27935ec820bce369c6e29634a9e95c3b5 8df69e894b6f3cf08f8f67ee4ad332ef968238d9755c6e1c4cc24266d89c65b3
CLIENT_HANDSHAKE_TRAFFIC_SECRET 3c071ee017db6a10df80823ae9054da27935ec820bce369c6e29634a9e95c3b5 2e1d2407d5c0768c282b9381152ebe24d0d79c9dc33bd1bd355df497820952c0
SERVER_TRAFFIC_SECRET_0 3c071ee017db6a10df80823ae9054da27935ec820bce369c6e29634a9e95c3b5 a11fa2b98815d46d6bd45de8819e91c5ffa3ee057fe4ff01f0b07ad5b9c10b7a
CLIENT_TRAFFIC_SECRET_0 3c071ee017db6a10df80823ae9054da27935ec820bce369c6e29634a9e95c3b5 70cf4ab240988f7bb1805d3ff0cf2292c8ba2a79f066a9913eb292fb017c26ad
CLIENT_HANDSHAKE_TRAFFIC_SECRET 574a34e2b4a4dc5c3d6f8853f099cc38f35fb1c7628db714a446719ef9881a06 18e76360b7e28c8bc3d45f858572991b63974750f2afa2e2093bded6e7736bad
SERVER_HANDSHAKE_TRAFFIC_SECRET 574a34e2b4a4dc5c3d6f8853f099cc38f35fb1c7628db714a446719ef9881a06 db38b3291f1fb1bad520316147908624d17a79c990a6b7dae568f8c257e762a8
CLIENT_TRAFFIC_SECRET_0 574a34e2b4a4dc5c3d6f8853f099cc38f35fb1c7628db714a446719ef9881a06 494b956414a9b6a0aeedb9935f091b2a0688fc46ab57d37c18d3d19e46a6f59f
SERVER_TRAFFIC_SECRET_0 574a34e2b4a4dc5c3d6f8853f099cc38f35fb1c7628db714a446719ef9881a06 5ceaaf35e3c703b95fd4d44d56e92b5c3c6c80c73c4277b97379f8be43d7d9c7
EXPORTER_SECRET 574a34e2b4a4dc5c3d6f8853f099cc38f35fb1c7628db714a446719ef9881a06 0b723b9d7bd8b21ad9ba6fede6478fd1ccdd2e7ea9cb0d676eb1f43b99f08677
SERVER_HANDSHAKE_TRAFFIC_SECRET 574a34e2b4a4dc5c3d6f8853f099cc38f35fb1c7628db714a446719ef9881a06 db38b3291f1fb1bad520316147908624d17a79c990a6b7dae568f8c257e762a8
CLIENT_HANDSHAKE_TRAFFIC_SECRET 574a34e2b4a4dc5c3d6f8853f099cc38f35fb1c7628db714a446719ef9881a06 18e76360b7e28c8bc3d45f858572991b63974750f2afa2e2093bded6e7736bad
SERVER_TRAFFIC_SECRET_0 574a34e2b4a4dc5c3d6f8853f099cc38f35fb1c7628db714a446719ef9881a06 5ceaaf35e3c703b95fd4d44d56e92b5c3c6c80c73c4277b97379f8be43d7d9c7
CLIENT_TRAFFIC_SECRET_0 574a34e2b4a4dc5c3d6f8853f099cc38f35fb1c7628db714a446719ef9881a06 494b956414a9b6a0aeedb9935f091b2a0688fc46ab57d37c18d3d19e46a6f59f
CLIENT_HANDSHAKE_TRAFFIC_SECRET bb969889e98cebf188e00b2a0e6567a4770f0ccfa6ff5151be0d14651d36f283 f2d91daf79ea992ef1a35098c777d1b301367a7871021ab8a57c52fe4ea6fda2
SERVER_HANDSHAKE_TRAFFIC_SECRET bb969889e98cebf188e00b2a0e6567a4770f0ccfa6ff5151be0d14651d36f283 79484a8e0ea07c3aced1ed74f9f0e0280a6c546ddc116fd2ec7cfff2fc1021b2
CLIENT_TRAFFIC_SECRET_0 bb969889e98cebf188e00b2a0e6567a4770f0ccfa6ff5151be0d14651d36f283 acc516e57fbcaade1e47d3905979dece3ce485895229d194ef276ac2481f2706
SERVER_TRAFFIC_SECRET_0 bb969889e98cebf188e00b2a0e6567a4770f0ccfa6ff5151be0d14651d36f283 de02204c86bff82574ab5b8a297404b1ac28cb47300a0269a42c5763294fc79f
EXPORTER_SECRET bb969889e98cebf188e00b2a0e6567a4770f0ccfa6ff5151be0d14651d36f283 d0957cf198e8ae2a9e2f2990a74ca385b5a3814d63c62b0630927ae25bd00b7d
SERVER_HANDSHAKE_TRAFFIC_SECRET bb969889e98cebf188e00b2a0e6567a4770f0ccfa6ff5151be0d14651d36f283 79484a8e0ea07c3aced1ed74f9f0e0280a6c546ddc116fd2ec7cfff2fc1021b2
CLIENT_HANDSHAKE_TRAFFIC_SECRET bb969889e98cebf188e00b2a0e6567a4770f0ccfa6ff5151be0d14651d36f283 f2d91daf79ea992ef1a35098c777d1b301367a7871021ab8a57c52fe4ea6fda2
SERVER_TRAFFIC_SECRET_0 bb969889e98cebf188e00b2a0e6567a4770f0ccfa6ff5151be0d14651d36f283 de02204c86bff82574ab5b8a297404b1ac28cb47300a0269a42c5763294fc79f
CLIENT_TRAFFIC_SECRET_0 bb969889e98cebf188e00b2a0e6567a4770f0ccfa6ff5151be0d14651d36f283 acc516e57fbcaade1e47d3905979dece3ce485895229d194ef276ac2481f2706
CLIENT_HANDSHAKE_TRAFFIC_SECRET 7bab28e86640f3a86df37b6b0b5571fd15eed4f6a96021ea54eb9d139b1b05d0 78e12c14b77f2a79ce805708bb067cfc5f2a5d7518c3a41c5afb5cbd0d8eaf55
SERVER_HANDSHAKE_TRAFFIC_SECRET 7bab28e86640f3a86df37b6b0b5571fd15eed4f6a96021ea54eb9d139b1b05d0 aa33e6c8c1e47a0d169942b49626132fbf17325e7945cd18c019dea530a6390a
CLIENT_TRAFFIC_SECRET_0 7bab28e86640f3a86df37b6b0b5571fd15eed4f6a96021ea54eb9d139b1b05d0 c2a34a7f3b5955e8a738aa7371430df92fa5d2217940257c7afa27d0e2e84117
SERVER_TRAFFIC_SECRET_0 7bab28e86640f3a86df37b6b0b5571fd15eed4f6a96021ea54eb9d139b1b05d0 5f10f26f3e8ca5748e7dfaef5e0a84139accba81b94d661ea1dbd3c726f54ec2
EXPORTER_SECRET 7bab28e86640f3a86df37b6b0b5571fd15eed4f6a96021ea54eb9d139b1b05d0 ce816b878a93e2ad63febbcf991620043414354f3248732e4a8dbd3b4f6915a1
SERVER_HANDSHAKE_TRAFFIC_SECRET 7bab28e86640f3a86df37b6b0b5571fd15eed4f6a96021ea54eb9d139b1b05d0 aa33e6c8c1e47a0d169942b49626132fbf17325e7945cd18c019dea530a6390a
CLIENT_HANDSHAKE_TRAFFIC_SECRET 7bab28e86640f3a86df37b6b0b5571fd15eed4f6a96021ea54eb9d139b1b05d0 78e12c14b77f2a79ce805708bb067cfc5f2a5d7518c3a41c5afb5cbd0d8eaf55
SERVER_TRAFFIC_SECRET_0 7bab28e86640f3a86df37b6b0b5571fd15eed4f6a96021ea54eb9d139b1b05d0 5f10f26f3e8ca5748e7dfaef5e0a84139accba81b94d661ea1dbd3c726f54ec2
CLIENT_TRAFFIC_SECRET_0 7bab28e86640f3a86df37b6b0b5571fd15eed4f6a96021ea54eb9d139b1b05d0 c2a34a7f3b5955e8a738aa7371430df92fa5d2217940257c7afa27d0e2e84117
CLIENT_HANDSHAKE_TRAFFIC_SECRET 1319d221f965cecc077965b2fc3a73f07582df0bc73f0b538338a52c0b15dce3 ad606da4330a91985bba480d33c36fcf89d878c06d7aaadac22bd7ef90c2004e
SERVER_HANDSHAKE_TRAFFIC_SECRET 1319d221f965cecc077965b2fc3a73f07582df0bc73f0b538338a52c0b15dce3 c38ff5947b75a0cb755454bef9392799020532f882e0828329653b77f97b26e1
CLIENT_TRAFFIC_SECRET_0 1319d221f965cecc077965b2fc3a73f07582df0bc73f0b538338a52c0b15dce3 843cd66fef3f66f454b87d524abec9de2c1e26105bdacc5e11a044faec892de1
SERVER_TRAFFIC_SECRET_0 1319d221f965cecc077965b2fc3a73f07582df0bc73f0b538338a52c0b15dce3 60bca7fb4b410a8d931d0a5e94c8ec247a42e12c6f60cef6ee6f20b06b93f0cf
EXPORTER_SECRET 1319d221f965cecc077965b2fc3a73f07582df0bc73f0b538338a52c0b15dce3 b2eb9fa1bf8ddeadbc42b9ee6c296b446e28a4e011af1052001eada097994af4
SERVER_HANDSHAKE_TRAFFIC_SECRET 1319d221f965cecc077965b2fc3a73f07582df0bc73f0b538338a52c0b15dce3 c38ff5947b75a0cb755454bef9392799020532f882e0828329653b77f97b26e1
CLIENT_HANDSHAKE_TRAFFIC_SECRET 1319d221f965cecc077965b2fc3a73f07582df0bc73f0b538338a52c0b15dce3 ad606da4330a91985bba480d33c36fcf89d878c06d7aaadac22bd7ef90c2004e
SERVER_TRAFFIC_SECRET_0 1319d221f965cecc077965b2fc3a73f07582df0bc73f0b538338a52c0b15dce3 60bca7fb4b410a8d931d0a5e94c8ec247a42e12c6f60cef6ee6f20b06b93f0cf
CLIENT_TRAFFIC_SECRET_0 1319d221f965cecc077965b2fc3a73f07582df0bc73f0b538338a52c0b15dce3 843cd66fef3f66f454b87d524abec9de2c1e26105bdacc5e11a044faec892de1
CLIENT_HANDSHAKE_TRAFFIC_SECRET bafab23e34fbbbf007c278fce77c545fb1fe6e021a34fdb40df2dbbc7d86bbaf 2e5a3eebfff63e8536982cc3a43baae610a93a57a18df9a28b8f85a8052e6a77
SERVER_HANDSHAKE_TRAFFIC_SECRET bafab23e34fbbbf007c278fce77c545fb1fe6e021a34fdb40df2dbbc7d86bbaf 0d51cab79d47eb1ddb33ed0c49ec96bd476a784d8613fe8bb19cd37fb3281046
CLIENT_TRAFFIC_SECRET_0 bafab23e34fbbbf007c278fce77c545fb1fe6e021a34fdb40df2dbbc7d86bbaf ff79a23795359c5e6656fe28e39d800979904a04d330586c268cb4e2d080e8df
SERVER_TRAFFIC_SECRET_0 bafab23e34fbbbf007c278fce77c545fb1fe6e021a34fdb40df2dbbc7d86bbaf 8fd3af15a35b92c76d98998dc6bd60ad7e9b74d93205d6090a1da5ced04ca55c
EXPORTER_SECRET bafab23e34fbbbf007c278fce77c545fb1fe6e021a34fdb40df2dbbc7d86bbaf eeb1311dcb8d81f6afa01f79bad5d5c5be78180417bfbf7a26491ce960c274cf
SERVER_HANDSHAKE_TRAFFIC_SECRET bafab23e34fbbbf007c278fce77c545fb1fe6e021a34fdb40df2dbbc7d86bbaf 0d51cab79d47eb1ddb33ed0c49ec96bd476a784d8613fe8bb19cd37fb3281046
CLIENT_HANDSHAKE_TRAFFIC_SECRET bafab23e34fbbbf007c278fce77c545fb1fe6e021a34fdb40df2dbbc7d86bbaf 2e5a3eebfff63e8536982cc3a43baae610a93a57a18df9a28b8f85a8052e6a77
SERVER_TRAFFIC_SECRET_0 bafab23e34fbbbf007c278fce77c545fb1fe6e021a34fdb40df2dbbc7d86bbaf 8fd3af15a35b92c76d98998dc6bd60ad7e9b74d93205d6090a1da5ced04ca55c
CLIENT_TRAFFIC_SECRET_0 bafab23e34fbbbf007c278fce77c545fb1fe6e021a34fdb40df2dbbc7d86bbaf ff79a23795359c5e6656fe28e39d800979904a04d330586c268cb4e2d080e8df
CLIENT_HANDSHAKE_TRAFFIC_SECRET f8ca8a24ccc5fdf00a8f6850225fe5ad59fc6595e5a98d6e72c6f1f6729e1945 c9dcb9ff78976f703eab1ef176e4b8130b11247d4334b3ed6709645edec7de14
SERVER_HANDSHAKE_TRAFFIC_SECRET f8ca8a24ccc5fdf00a8f6850225fe5ad59fc6595e5a98d6e72c6f1f6729e1945 3dd193ca96ac56118b881467a185221be311c8d4b68b9a0ce47f88d458e73816
CLIENT_TRAFFIC_SECRET_0 f8ca8a24ccc5fdf00a8f6850225fe5ad59fc6595e5a98d6e72c6f1f6729e1945 fa03301398f0b744e32ddff213405fb955123a35cf07e4f6cce219da42b3d7da
SERVER_TRAFFIC_SECRET_0 f8ca8a24ccc5fdf00a8f6850225fe5ad59fc6595e5a98d6e72c6f1f6729e1945 c7f7300412610dc93936f49f27bdb782ddff2d6c2e02c84eb7b96fcd4b713dc8
EXPORTER_SECRET f8ca8a24ccc5fdf00a8f6850225fe5ad59fc6595e5a98d6e72c6f1f6729e1945 e825a4e918bb3cc7b7eb25e4f43433a6b36619bbef47f869469339bb2cee8873
SERVER_HANDSHAKE_TRAFFIC_SECRET f8ca8a24ccc5fdf00a8f6850225fe5ad59fc6595e5a98d6e72c6f1f6729e1945 3dd193ca96ac56118b881467a185221be311c8d4b68b9a0ce47f88d458e73816
CLIENT_HANDSHAKE_TRAFFIC_SECRET f8ca8a24ccc5fdf00a8f6850225fe5ad59fc6595e5a98d6e72c6f1f6729e1945 c9dcb9ff78976f703eab1ef176e4b8130b11247d4334b3ed6709645edec7de14
SERVER_TRAFFIC_SECRET_0 f8ca8a24ccc5fdf00a8f6850225fe5ad59fc6595e5a98d6e72c6f1f6729e1945 c7f7300412610dc93936f49f27bdb782ddff2d6c2e02c84eb7b96fcd4b713dc8
CLIENT_TRAFFIC_SECRET_0 f8ca8a24ccc5fdf00a8f6850225fe5ad59fc6595e5a98d6e72c6f1f6729e1945 fa03301398f0b744e32ddff213405fb955123a35cf07e4f6cce219da42b3d7da
CLIENT_HANDSHAKE_TRAFFIC_SECRET dbff891158bbc0f598b0c0c4964a31dbfe173559e8dfda776ca7beb1edd25750 32f7698193eb09cafad25f7d8fa87eb64b8a6cfef11a68a39e7556c90d4cdd57
SERVER_HANDSHAKE_TRAFFIC_SECRET dbff891158bbc0f598b0c0c4964a31dbfe173559e8dfda776ca7beb1edd25750 c9a30f2f7feb3662a1b6a3735a9f1ec981a0b5915eb2ab0024da9dfed0d0c333
CLIENT_TRAFFIC_SECRET_0 dbff891158bbc0f598b0c0c4964a31dbfe173559e8dfda776ca7beb1edd25750 d2391f40c5a1cb8f366832c060746289179def458ff8766e7a86f2c4c0718ad3
SERVER_TRAFFIC_SECRET_0 dbff891158bbc0f598b0c0c4964a31dbfe173559e8dfda776ca7beb1edd25750 e8a8c48f107a726276bc25f033671ba71979d6c31e54443a2fd088c634d534fd
EXPORTER_SECRET dbff891158bbc0f598b0c0c4964a31dbfe173559e8dfda776ca7beb1edd25750 3819bfff43c1d427919ea776ec48e7569ebf3ea84fe02a18dff7f3c3766aab2b
SERVER_HANDSHAKE_TRAFFIC_SECRET dbff891158bbc0f598b0c0c4964a31dbfe173559e8dfda776ca7beb1edd25750 c9a30f2f7feb3662a1b6a3735a9f1ec981a0b5915eb2ab0024da9dfed0d0c333
CLIENT_HANDSHAKE_TRAFFIC_SECRET dbff891158bbc0f598b0c0c4964a31dbfe173559e8dfda776ca7beb1edd25750 32f7698193eb09cafad25f7d8fa87eb64b8a6cfef11a68a39e7556c90d4cdd57
SERVER_TRAFFIC_SECRET_0 dbff891158bbc0f598b0c0c4964a31dbfe173559e8dfda776ca7beb1edd25750 e8a8c48f107a726276bc25f033671ba71979d6c31e54443a2fd088c634d534fd
CLIENT_TRAFFIC_SECRET_0 dbff891158bbc0f598b0c0c4964a31dbfe173559e8dfda776ca7beb1edd25750 d2391f40c5a1cb8f366832c060746289179def458ff8766e7a86f2c4c0718ad3
CLIENT_HANDSHAKE_TRAFFIC_SECRET 4634c439bcbaacf3873489e345d02d7b64b7a1c2c08a77cfea79941aaa11ad4a 6b3332d4e542a3a986e843e228ea6c6fc91288f8b348a66e680a80557dda20c5
SERVER_HANDSHAKE_TRAFFIC_SECRET 4634c439bcbaacf3873489e345d02d7b64b7a1c2c08a77cfea79941aaa11ad4a d258a1169594e634734bd8adb35a34ae95ed5b0ace3e73abe8dd748d527a1bf1
CLIENT_TRAFFIC_SECRET_0 4634c439bcbaacf3873489e345d02d7b64b7a1c2c08a77cfea79941aaa11ad4a 8ed765f1d923f173c015fc7cf5aacab53338a2d4762d21fb61a69c3be8c3d9ef
SERVER_TRAFFIC_SECRET_0 4634c439bcbaacf3873489e345d02d7b64b7a1c2c08a77cfea79941aaa11ad4a 875e29e7014e6f9a6a3d690cbde0e46ffacc8234eec681febeea552f557efdca
EXPORTER_SECRET 4634c439bcbaacf3873489e345d02d7b64b7a1c2c08a77cfea79941aaa11ad4a 495135268a79206c89fc8c6e18722e40d8ad6a32a1640b954a695cb015f36e91
SERVER_HANDSHAKE_TRAFFIC_SECRET 4634c439bcbaacf3873489e345d02d7b64b7a1c2c08a77cfea79941aaa11ad4a d258a1169594e634734bd8adb35a34ae95ed5b0ace3e73abe8dd748d527a1bf1
CLIENT_HANDSHAKE_TRAFFIC_SECRET 4634c439bcbaacf3873489e345d02d7b64b7a1c2c08a77cfea79941aaa11ad4a 6b3332d4e542a3a986e843e228ea6c6fc91288f8b348a66e680a80557dda20c5
SERVER_TRAFFIC_SECRET_0 4634c439bcbaacf3873489e345d02d7b64b7a1c2c08a77cfea79941aaa11ad4a 875e29e7014e6f9a6a3d690cbde0e46ffacc8234eec681febeea552f557efdca
CLIENT_TRAFFIC_SECRET_0 4634c439bcbaacf3873489e345d02d7b64b7a1c2c08a77cfea79941aaa11ad4a 8ed765f1d923f173c015fc7cf5aacab53338a2d4762d21fb61a69c3be8c3d9ef
CLIENT_HANDSHAKE_TRAFFIC_SECRET 6c9d2fd07a9f72c9ac0144af6afee875805c00be56b2891a9d7df391247ddd5a 9f3a1a05fddb2c89901d4807463ea99bd635cd986ae9282006d2d5dd3f54c249
SERVER_HANDSHAKE_TRAFFIC_SECRET 6c9d2fd07a9f72c9ac0144af6afee875805c00be56b2891a9d7df391247ddd5a 3b0cd4eadacf6d663cbd2f89c4dd2f241890e44daeef8fdb4c69f99ede4c93db
CLIENT_TRAFFIC_SECRET_0 6c9d2fd07a9f72c9ac0144af6afee875805c00be56b2891a9d7df391247ddd5a 3ada42c1d68fafaf95c926a5d606336b03edd68f8227c7aa2d1a549f633323f2
SERVER_TRAFFIC_SECRET_0 6c9d2fd07a9f72c9ac0144af6afee875805c00be56b2891a9d7df391247ddd5a 1448f2b493f659d7cff332b1b96a6096733d70a2b8ab992403299b533b3d6e20
EXPORTER_SECRET 6c9d2fd07a9f72c9ac0144af6afee875805c00be56b2891a9d7df391247ddd5a 4ead49117becf9b3e862f5604b4bc700fcbe1bad36fc1d70dddaaa806eef2322
SERVER_HANDSHAKE_TRAFFIC_SECRET 6c9d2fd07a9f72c9ac0144af6afee875805c00be56b2891a9d7df391247ddd5a 3b0cd4eadacf6d663cbd2f89c4dd2f241890e44daeef8fdb4c69f99ede4c93db
CLIENT_HANDSHAKE_TRAFFIC_SECRET 6c9d2fd07a9f72c9ac0144af6afee875805c00be56b2891a9d7df391247ddd5a 9f3a1a05fddb2c89901d4807463ea99bd635cd986ae9282006d2d5dd3f54c249
SERVER_TRAFFIC_SECRET_0 6c9d2fd07a9f72c9ac0144af6afee875805c00be56b2891a9d7df391247ddd5a 1448f2b493f659d7cff332b1b96a6096733d70a2b8ab992403299b533b3d6e20
CLIENT_TRAFFIC_SECRET_0 6c9d2fd07a9f72c9ac0144af6afee875805c00be56b2891a9d7df391247ddd5a 3ada42c1d68fafaf95c926a5d606336b03edd68f8227c7aa2d1a549f633323f2
CLIENT_HANDSHAKE_TRAFFIC_SECRET edfd2ea4d72d5f8071c231004d34cdd4388c2df1632419d02a2215804d1032db fcec1b3e1ddc9e03e148aca5d0b17a60a290a40735889e79df22ff7c9600ecb0
SERVER_HANDSHAKE_TRAFFIC_SECRET edfd2ea4d72d5f8071c231004d34cdd4388c2df1632419d02a2215804d1032db 1b72147cdb449fa5112a80a4445a70d60649c246d47ab58e86e63bc7ec9d600d
CLIENT_TRAFFIC_SECRET_0 edfd2ea4d72d5f8071c231004d34cdd4388c2df1632419d02a2215804d1032db 97c1615ccc27cf7fdbc60634b8dcef1bb4e4fcca073a5d3a72069d6931253b00
SERVER_TRAFFIC_SECRET_0 edfd2ea4d72d5f8071c231004d34cdd4388c2df1632419d02a2215804d1032db 1c7be8458eb9805abe9bcc8f949f0dc70bf669384f9a23949e14b9378257ef9e
EXPORTER_SECRET edfd2ea4d72d5f8071c231004d34cdd4388c2df1632419d02a2215804d1032db b8ab0326162ff31a8cf7edab15ae30d94e7b7db2124b97731f40bbc8f6b022d9
SERVER_HANDSHAKE_TRAFFIC_SECRET edfd2ea4d72d5f8071c231004d34cdd4388c2df1632419d02a2215804d1032db 1b72147cdb449fa5112a80a4445a70d60649c246d47ab58e86e63bc7ec9d600d
CLIENT_HANDSHAKE_TRAFFIC_SECRET edfd2ea4d72d5f8071c231004d34cdd4388c2df1632419d02a2215804d1032db fcec1b3e1ddc9e03e148aca5d0b17a60a290a40735889e79df22ff7c9600ecb0
SERVER_TRAFFIC_SECRET_0 edfd2ea4d72d5f8071c231004d34cdd4388c2df1632419d02a2215804d1032db 1c7be8458eb9805abe9bcc8f949f0dc70bf669384f9a23949e14b9378257ef9e
CLIENT_TRAFFIC_SECRET_0 edfd2ea4d72d5f8071c231004d34cdd4388c2df1632419d02a2215804d1032db 97c1615ccc27cf7fdbc60634b8dcef1bb4e4fcca073a5d3a72069d6931253b00
CLIENT_HANDSHAKE_TRAFFIC_SECRET f93d66bf17716b74609101e950a8a202df627fb32697f3729157bb70657362f5 5cd57dc96efe0f5afd2a3e7be9c73a3d4ac50d2ab2e3d69931a983bdba7c4910
SERVER_HANDSHAKE_TRAFFIC_SECRET f93d66bf17716b74609101e950a8a202df627fb32697f3729157bb70657362f5 db83cbb951ede030035fb2aee43b4c4451f22eb624a22042df72ee885bee2270
CLIENT_TRAFFIC_SECRET_0 f93d66bf17716b74609101e950a8a202df627fb32697f3729157bb70657362f5 7e9867740487f4657b4018dc48dc96e806663ca5cd3726e472d276e5670890f2
SERVER_TRAFFIC_SECRET_0 f93d66bf17716b74609101e950a8a202df627fb32697f3729157bb70657362f5 6dba44a0a17498ec239155ef7ed4eefb1cf03185a241e86dd81750bf4e999cfa
EXPORTER_SECRET f93d66bf17716b74609101e950a8a202df627fb32697f3729157bb70657362f5 6944134d1bdd15b37f0002964f95528965a0e7cd44cd9d79523afa6e1e1541c0
SERVER_HANDSHAKE_TRAFFIC_SECRET f93d66bf17716b74609101e950a8a202df627fb32697f3729157bb70657362f5 db83cbb951ede030035fb2aee43b4c4451f22eb624a22042df72ee885bee2270
CLIENT_HANDSHAKE_TRAFFIC_SECRET f93d66bf17716b74609101e950a8a202df627fb32697f3729157bb70657362f5 5cd57dc96efe0f5afd2a3e7be9c73a3d4ac50d2ab2e3d69931a983bdba7c4910
SERVER_TRAFFIC_SECRET_0 f93d66bf17716b74609101e950a8a202df627fb32697f3729157bb70657362f5 6dba44a0a17498ec239155ef7ed4eefb1cf03185a241e86dd81750bf4e999cfa
CLIENT_TRAFFIC_SECRET_0 f93d66bf17716b74609101e950a8a202df627fb32697f3729157bb70657362f5 7e9867740487f4657b4018dc48dc96e806663ca5cd3726e472d276e5670890f2
CLIENT_HANDSHAKE_TRAFFIC_SECRET 32fbe272b5c0fbd6c9126bd8c9cb7979c0fd6b9cc6a6d8faee166338cb488e89 b5e9063c126c00f82b207914313e4e75bc289a1f7ca1e5ebef66d2967f1b7a9b
SERVER_HANDSHAKE_TRAFFIC_SECRET 32fbe272b5c0fbd6c9126bd8c9cb7979c0fd6b9cc6a6d8faee166338cb488e89 5683551b1360fb3da0f11466da863952f1833fa753cc364c26b9d0512002df66
CLIENT_TRAFFIC_SECRET_0 32fbe272b5c0fbd6c9126bd8c9cb7979c0fd6b9cc6a6d8faee166338cb488e89 4f19ae39dc79f8a2dcadb700c8b4b8edcb59e7bcbabf63e1e6a35ff53a29e37f
SERVER_TRAFFIC_SECRET_0 32fbe272b5c0fbd6c9126bd8c9cb7979c0fd6b9cc6a6d8faee166338cb488e89 ca3835bcced7fd410ec982b0952d1af34422cbfafbdcc266e39d7dbb5ebbef57
EXPORTER_SECRET 32fbe272b5c0fbd6c9126bd8c9cb7979c0fd6b9cc6a6d8faee166338cb488e89 8e729b09fbc65c0a884faa002bd675494616def3ceb04fd60fc1ab80d93bc738
SERVER_HANDSHAKE_TRAFFIC_SECRET 32fbe272b5c0fbd6c9126bd8c9cb7979c0fd6b9cc6a6d8faee166338cb488e89 5683551b1360fb3da0f11466da863952f1833fa753cc364c26b9d0512002df66
CLIENT_HANDSHAKE_TRAFFIC_SECRET 32fbe272b5c0fbd6c9126bd8c9cb7979c0fd6b9cc6a6d8faee166338cb488e89 b5e9063c126c00f82b207914313e4e75bc289a1f7ca1e5ebef66d2967f1b7a9b
SERVER_TRAFFIC_SECRET_0 32fbe272b5c0fbd6c9126bd8c9cb7979c0fd6b9cc6a6d8faee166338cb488e89 ca3835bcced7fd410ec982b0952d1af34422cbfafbdcc266e39d7dbb5ebbef57
CLIENT_TRAFFIC_SECRET_0 32fbe272b5c0fbd6c9126bd8c9cb7979c0fd6b9cc6a6d8faee166338cb488e89 4f19ae39dc79f8a2dcadb700c8b4b8edcb59e7bcbabf63e1e6a35ff53a29e37f
CLIENT_HANDSHAKE_TRAFFIC_SECRET 41d5c776f3f661f4b5624703579eaa3f6a2e3d90323c45b533e8f36f86752d1b b241ccc9a5aed47b06882868cf07e1f5d95428ef3bca10671a8d3b53bd116a80
SERVER_HANDSHAKE_TRAFFIC_SECRET 41d5c776f3f661f4b5624703579eaa3f6a2e3d90323c45b533e8f36f86752d1b cde5d94f29278d2470a7a092dd8f8aa65c55d4345dea92b39e10c170500ca0e4
CLIENT_TRAFFIC_SECRET_0 41d5c776f3f661f4b5624703579eaa3f6a2e3d90323c45b533e8f36f86752d1b cff59f7b051b61746bd39eb633f7dd8dcdbe0cf04aaabc0008465a2f4b185bdf
SERVER_TRAFFIC_SECRET_0 41d5c776f3f661f4b5624703579eaa3f6a2e3d90323c45b533e8f36f86752d1b 38fc992977dbe86a05f2f705a7e5af950dd782b9c6c1eff38b5b3c45a375ae66
EXPORTER_SECRET 41d5c776f3f661f4b5624703579eaa3f6a2e3d90323c45b533e8f36f86752d1b e77b03a1e0ab3fa65c6106c58037c1cd9a56b61a06847e7415094f2744658e9f
SERVER_HANDSHAKE_TRAFFIC_SECRET 41d5c776f3f661f4b5624703579eaa3f6a2e3d90323c45b533e8f36f86752d1b cde5d94f29278d2470a7a092dd8f8aa65c55d4345dea92b39e10c170500ca0e4
CLIENT_HANDSHAKE_TRAFFIC_SECRET 41d5c776f3f661f4b5624703579eaa3f6a2e3d90323c45b533e8f36f86752d1b b241ccc9a5aed47b06882868cf07e1f5d95428ef3bca10671a8d3b53bd116a80
SERVER_TRAFFIC_SECRET_0 41d5c776f3f661f4b5624703579eaa3f6a2e3d90323c45b533e8f36f86752d1b 38fc992977dbe86a05f2f705a7e5af950dd782b9c6c1eff38b5b3c45a375ae66
CLIENT_TRAFFIC_SECRET_0 41d5c776f3f661f4b5624703579eaa3f6a2e3d90323c45b533e8f36f86752d1b cff59f7b051b61746bd39eb633f7dd8dcdbe0cf04aaabc0008465a2f4b185bdf
CLIENT_HANDSHAKE_TRAFFIC_SECRET 8b9b07e4d4487138efdbe9f6fa34b86352c66b52cc7460aef3a437177123e418 1340d598a336e2abd2e1dfd501176c157b313f7ccc803d38f35a8d3a220531b1
SERVER_HANDSHAKE_TRAFFIC_SECRET 8b9b07e4d4487138efdbe9f6fa34b86352c66b52cc7460aef3a437177123e418 edac8173889385a4fc29276859faf16a2e0b3d6ec84a26e08dc46ee3b9420a35
CLIENT_TRAFFIC_SECRET_0 8b9b07e4d4487138efdbe9f6fa34b86352c66b52cc7460aef3a437177123e418 7b08df0c6e6eeee661856ae54d6de7139667d42f9d6fe830a403d1d743348b19
SERVER_TRAFFIC_SECRET_0 8b9b07e4d4487138efdbe9f6fa34b86352c66b52cc7460aef3a437177123e418 14c7ff593fe8e326f2187a2329f29d3bfb2f15c72cf5a46485e9aa9ee38a9240
EXPORTER_SECRET 8b9b07e4d4487138efdbe9f6fa34b86352c66b52cc7460aef3a437177123e418 c7f30ac6d3aef2c4be5df2d55a1ea25c3748c988fbbdfd9c87d5198b07269e6e
SERVER_HANDSHAKE_TRAFFIC_SECRET 8b9b07e4d4487138efdbe9f6fa34b86352c66b52cc7460aef3a437177123e418 edac8173889385a4fc29276859faf16a2e0b3d6ec84a26e08dc46ee3b9420a35
CLIENT_HANDSHAKE_TRAFFIC_SECRET 8b9b07e4d4487138efdbe9f6fa34b86352c66b52cc7460aef3a437177123e418 1340d598a336e2abd2e1dfd501176c157b313f7ccc803d38f35a8d3a220531b1
SERVER_TRAFFIC_SECRET_0 8b9b07e4d4487138efdbe9f6fa34b86352c66b52cc7460aef3a437177123e418 14c7ff593fe8e326f2187a2329f29d3bfb2f15c72cf5a46485e9aa9ee38a9240
CLIENT_TRAFFIC_SECRET_0 8b9b07e4d4487138efdbe9f6fa34b86352c66b52cc7460aef3a437177123e418 7b08df0c6e6eeee661856ae54d6de7139667d42f9d6fe830a403d1d743348b19
CLIENT_HANDSHAKE_TRAFFIC_SECRET abbac6fb8e53f93d1395d1971f224cf0ef3f0e2cfc0ea0f17b35671e5c81e684 dfd5e63349de8bd5e2c8c6094b664e9cbcf312c4e39c2df40a24102b4a856d9b
SERVER_HANDSHAKE_TRAFFIC_SECRET abbac6fb8e53f93d1395d1971f224cf0ef3f0e2cfc0ea0f17b35671e5c81e684 f779d74bc1ed2842867cb8d45660a5a4fb1b508b5022f124cdebb57598f6ada6
CLIENT_TRAFFIC_SECRET_0 abbac6fb8e53f93d1395d1971f224cf0ef3f0e2cfc0ea0f17b35671e5c81e684 3aaf7ffbbce8e7d4e57a3cd765bde2ccbef55bd1ca2fe64d5fa3a8a677dc6624
SERVER_TRAFFIC_SECRET_0 abbac6fb8e53f93d1395d1971f224cf0ef3f0e2cfc0ea0f17b35671e5c81e684 28e73e1324a2acf8576bee7d555a0bbd0c9d592eba2254ca0b12f3cce6cb328e
EXPORTER_SECRET abbac6fb8e53f93d1395d1971f224cf0ef3f0e2cfc0ea0f17b35671e5c81e684 801ea0af96ada2c2029c8652ed60c30a15949042e31277f5a6935725319be920
SERVER_HANDSHAKE_TRAFFIC_SECRET abbac6fb8e53f93d1395d1971f224cf0ef3f0e2cfc0ea0f17b35671e5c81e684 f779d74bc1ed2842867cb8d45660a5a4fb1b508b5022f124cdebb57598f6ada6
CLIENT_HANDSHAKE_TRAFFIC_SECRET abbac6fb8e53f93d1395d1971f224cf0ef3f0e2cfc0ea0f17b35671e5c81e684 dfd5e63349de8bd5e2c8c6094b664e9cbcf312c4e39c2df40a24102b4a856d9b
SERVER_TRAFFIC_SECRET_0 abbac6fb8e53f93d1395d1971f224cf0ef3f0e2cfc0ea0f17b35671e5c81e684 28e73e1324a2acf8576bee7d555a0bbd0c9d592eba2254ca0b12f3cce6cb328e
CLIENT_TRAFFIC_SECRET_0 abbac6fb8e53f93d1395d1971f224cf0ef3f0e2cfc0ea0f17b35671e5c81e684 3aaf7ffbbce8e7d4e57a3cd765bde2ccbef55bd1ca2fe64d5fa3a8a677dc6624
CLIENT_HANDSHAKE_TRAFFIC_SECRET 68f1007c5069d98f81948c049b4ffa1fea7148ff3ea0480abc9cc4aa8e74dcca 97efe1981b5864f1867592d3c94bf39154ceeeefbd842afe13fd6c3c56d35469
SERVER_HANDSHAKE_TRAFFIC_SECRET 68f1007c5069d98f81948c049b4ffa1fea7148ff3ea0480abc9cc4aa8e74dcca 7e9d18a8a68f9b323260d8c70b67ed246ce6b4639032ed0acce6145d87e326b7
CLIENT_TRAFFIC_SECRET_0 68f1007c5069d98f81948c049b4ffa1fea7148ff3ea0480abc9cc4aa8e74dcca dd8a28c48363f0dd8929111421dc96aec5fc65cbe0289a9f57da3ac3b434ac09
SERVER_TRAFFIC_SECRET_0 68f1007c5069d98f81948c049b4ffa1fea7148ff3ea0480abc9cc4aa8e74dcca 57b81cf5e34bc360caf26a0178e8c49ad799933fff6d6c5b0843a3cdb3df622f
EXPORTER_SECRET 68f1007c5069d98f81948c049b4ffa1fea7148ff3ea0480abc9cc4aa8e74dcca e7eff1e6761ed63db3e7b4f66ec0f7dda00a9b19003b4cb53e71d4459b0db9e7
SERVER_HANDSHAKE_TRAFFIC_SECRET 68f1007c5069d98f81948c049b4ffa1fea7148ff3ea0480abc9cc4aa8e74dcca 7e9d18a8a68f9b323260d8c70b67ed246ce6b4639032ed0acce6145d87e326b7
CLIENT_HANDSHAKE_TRAFFIC_SECRET 68f1007c5069d98f81948c049b4ffa1fea7148ff3ea0480abc9cc4aa8e74dcca 97efe1981b5864f1867592d3c94bf39154ceeeefbd842afe13fd6c3c56d35469
SERVER_TRAFFIC_SECRET_0 68f1007c5069d98f81948c049b4ffa1fea7148ff3ea0480abc9cc4aa8e74dcca 57b81cf5e34bc360caf26a0178e8c49ad799933fff6d6c5b0843a3cdb3df622f
CLIENT_TRAFFIC_SECRET_0 68f1007c5069d98f81948c049b4ffa1fea7148ff3ea0480abc9cc4aa8e74dcca dd8a28c48363f0dd8929111421dc96aec5fc65cbe0289a9f57da3ac3b434ac09
CLIENT_HANDSHAKE_TRAFFIC_SECRET 0c717a7a6c767fe8136aeb86d90b4f3afea023bb96e3bb0f2a59e36e907094e1 d8e9747247831ea4762b087b76f4662ce9fa2c5a89b8288d3ab2e287eb553277
SERVER_HANDSHAKE_TRAFFIC_SECRET 0c717a7a6c767fe8136aeb86d90b4f3afea023bb96e3bb0f2a59e36e907094e1 4e09ead51f544e34834ed234237dad17465bde825cc50d80e4dfe80def5963c5
CLIENT_TRAFFIC_SECRET_0 0c717a7a6c767fe8136aeb86d90b4f3afea023bb96e3bb0f2a59e36e907094e1 3bb8e3a439bed70c0f69183a2fbefcb36093fd0793cba36f14cd5e1324582f0b
SERVER_TRAFFIC_SECRET_0 0c717a7a6c767fe8136aeb86d90b4f3afea023bb96e3bb0f2a59e36e907094e1 0245cb7da528faff893daabe410ac640184028a1c31f92b309e3cb64dc229956
EXPORTER_SECRET 0c717a7a6c767fe8136aeb86d90b4f3afea023bb96e3bb0f2a59e36e907094e1 702715a8c0848021e95d746a34c77b12d10e01860fec0aaba7596b52a15c89a4
SERVER_HANDSHAKE_TRAFFIC_SECRET 0c717a7a6c767fe8136aeb86d90b4f3afea023bb96e3bb0f2a59e36e907094e1 4e09ead51f544e34834ed234237dad17465bde825cc50d80e4dfe80def5963c5
CLIENT_HANDSHAKE_TRAFFIC_SECRET 0c717a7a6c767fe8136aeb86d90b4f3afea023bb96e3bb0f2a59e36e907094e1 d8e9747247831ea4762b087b76f4662ce9fa2c5a89b8288d3ab2e287eb553277
SERVER_TRAFFIC_SECRET_0 0c717a7a6c767fe8136aeb86d90b4f3afea023bb96e3bb0f2a59e36e907094e1 0245cb7da528faff893daabe410ac640184028a1c31f92b309e3cb64dc229956
CLIENT_TRAFFIC_SECRET_0 0c717a7a6c767fe8136aeb86d90b4f3afea023bb96e3bb0f2a59e36e907094e1 3bb8e3a439bed70c0f69183a2fbefcb36093fd0793cba36f14cd5e1324582f0b
CLIENT_HANDSHAKE_TRAFFIC_SECRET f3fec49bbb678439f4ae3b739e73dcf0e874e7f06ad2dce536718c23ce5f43ad 4c49e1b2b58d856a79d6be12f184b787f109863cc03d9d12bfdf67addef0d0b7
SERVER_HANDSHAKE_TRAFFIC_SECRET f3fec49bbb678439f4ae3b739e73dcf0e874e7f06ad2dce536718c23ce5f43ad 6f4ca260d3a30f7af931b627f9b9cd88c103db865d9998c3eed83ff7a6edf8b2
CLIENT_TRAFFIC_SECRET_0 f3fec49bbb678439f4ae3b739e73dcf0e874e7f06ad2dce536718c23ce5f43ad 33bced49aef141b93b47e98ce0e575cffa0b14ee084de4c3972a45b8902dd3e4
SERVER_TRAFFIC_SECRET_0 f3fec49bbb678439f4ae3b739e73dcf0e874e7f06ad2dce536718c23ce5f43ad f82e06a98cc5c94fa5b11bd8a0b148c5f4582f1d2b54d236495f0c4375d8cc1b
EXPORTER_SECRET f3fec49bbb678439f4ae3b739e73dcf0e874e7f06ad2dce536718c23ce5f43ad ac4cd89406dba988919bee821859aa52c8762aabceacae7e3b110d0074609667
SERVER_HANDSHAKE_TRAFFIC_SECRET f3fec49bbb678439f4ae3b739e73dcf0e874e7f06ad2dce536718c23ce5f43ad 6f4ca260d3a30f7af931b627f9b9cd88c103db865d9998c3eed83ff7a6edf8b2
CLIENT_HANDSHAKE_TRAFFIC_SECRET f3fec49bbb678439f4ae3b739e73dcf0e874e7f06ad2dce536718c23ce5f43ad 4c49e1b2b58d856a79d6be12f184b787f109863cc03d9d12bfdf67addef0d0b7
SERVER_TRAFFIC_SECRET_0 f3fec49bbb678439f4ae3b739e73dcf0e874e7f06ad2dce536718c23ce5f43ad f82e06a98cc5c94fa5b11bd8a0b148c5f4582f1d2b54d236495f0c4375d8cc1b
CLIENT_TRAFFIC_SECRET_0 f3fec49bbb678439f4ae3b739e73dcf0e874e7f06ad2dce536718c23ce5f43ad 33bced49aef141b93b47e98ce0e575cffa0b14ee084de4c3972a45b8902dd3e4
CLIENT_HANDSHAKE_TRAFFIC_SECRET bec4ee4856dc5c34f44b38f64df29481e12bf8aaa37fcf25d9d5468261fdd4e5 b848403eb69cfab757f53fc89497b787b046f5bcdac75fda30808ad916265bae
SERVER_HANDSHAKE_TRAFFIC_SECRET bec4ee4856dc5c34f44b38f64df29481e12bf8aaa37fcf25d9d5468261fdd4e5 3745dd45a965806613ea4a0a57ee71f2166cc90fafca69a19b11c83cdad70225
CLIENT_TRAFFIC_SECRET_0 bec4ee4856dc5c34f44b38f64df29481e12bf8aaa37fcf25d9d5468261fdd4e5 b8623c908c7e3e4640dbb50771f05a83d62108a80cbcec610def0ec3ac11faa0
SERVER_TRAFFIC_SECRET_0 bec4ee4856dc5c34f44b38f64df29481e12bf8aaa37fcf25d9d5468261fdd4e5 1ad3806308528782b7ce7da201da589d1f65c404a6d83301bb193eab627747b1
EXPORTER_SECRET bec4ee4856dc5c34f44b38f64df29481e12bf8aaa37fcf25d9d5468261fdd4e5 bb31dc82bd380086741214157edb7a5fddcd0003f58facbd87dfc2692be4a6c5
SERVER_HANDSHAKE_TRAFFIC_SECRET bec4ee4856dc5c34f44b38f64df29481e12bf8aaa37fcf25d9d5468261fdd4e5 3745dd45a965806613ea4a0a57ee71f2166cc90fafca69a19b11c83cdad70225
CLIENT_HANDSHAKE_TRAFFIC_SECRET bec4ee4856dc5c34f44b38f64df29481e12bf8aaa37fcf25d9d5468261fdd4e5 b848403eb69cfab757f53fc89497b787b046f5bcdac75fda30808ad916265bae
SERVER_TRAFFIC_SECRET_0 bec4ee4856dc5c34f44b38f64df29481e12bf8aaa37fcf25d9d5468261fdd4e5 1ad3806308528782b7ce7da201da589d1f65c404a6d83301bb193eab627747b1
CLIENT_TRAFFIC_SECRET_0 bec4ee4856dc5c34f44b38f64df29481e12bf8aaa37fcf25d9d5468261fdd4e5 b8623c908c7e3e4640dbb50771f05a83d62108a80cbcec610def0ec3ac11faa0
CLIENT_HANDSHAKE_TRAFFIC_SECRET f50861f07b4343ce7200a00942eb8fa5666bacd6095733ed85ec9a9494b32d91 2f28c00c5f3a9affa81d65b92da451cd26e7e29e6938a5799d19ec43e0fb5976
SERVER_HANDSHAKE_TRAFFIC_SECRET f50861f07b4343ce7200a00942eb8fa5666bacd6095733ed85ec9a9494b32d91 4759020e0a0039623eb3da170a83d6d8a0dba039deea51cd092bba02bc12f4e2
CLIENT_TRAFFIC_SECRET_0 f50861f07b4343ce7200a00942eb8fa5666bacd6095733ed85ec9a9494b32d91 8d61dca624c0416bfb3c93400d7497224096d62231279e8db22474ecbb633fa0
SERVER_TRAFFIC_SECRET_0 f50861f07b4343ce7200a00942eb8fa5666bacd6095733ed85ec9a9494b32d91 d75cc45cb585e137e47346a94c6ad9bbdbd737f612c2f7e3c19c103d3f457d90
EXPORTER_SECRET f50861f07b4343ce7200a00942eb8fa5666bacd6095733ed85ec9a9494b32d91 884a97f648e03b6ade6de6386f11f26f90a5cb225d23b8d66e6b3270001c1cfc
SERVER_HANDSHAKE_TRAFFIC_SECRET f50861f07b4343ce7200a00942eb8fa5666bacd6095733ed85ec9a9494b32d91 4759020e0a0039623eb3da170a83d6d8a0dba039deea51cd092bba02bc12f4e2
CLIENT_HANDSHAKE_TRAFFIC_SECRET f50861f07b4343ce7200a00942eb8fa5666bacd6095733ed85ec9a9494b32d91 2f28c00c5f3a9affa81d65b92da451cd26e7e29e6938a5799d19ec43e0fb5976
SERVER_TRAFFIC_SECRET_0 f50861f07b4343ce7200a00942eb8fa5666bacd6095733ed85ec9a9494b32d91 d75cc45cb585e137e47346a94c6ad9bbdbd737f612c2f7e3c19c103d3f457d90
CLIENT_TRAFFIC_SECRET_0 f50861f07b4343ce7200a00942eb8fa5666bacd6095733ed85ec9a9494b32d91 8d61dca624c0416bfb3c93400d7497224096d62231279e8db22474ecbb633fa0
CLIENT_HANDSHAKE_TRAFFIC_SECRET 4c9d8bc45f1e099d0ccc2c8ee387ba227aa3833fbe749b81598d2578293f2d4a b5801f20faf54450da212717a0eef1a3fcb39ac27a649efd7f991a7a7ec9f97b
SERVER_HANDSHAKE_TRAFFIC_SECRET 4c9d8bc45f1e099d0ccc2c8ee387ba227aa3833fbe749b81598d2578293f2d4a 89439b6641977c513d3fbd64feb9f2e89ddd3b27492f0682ec832d76fdf63e14
CLIENT_TRAFFIC_SECRET_0 4c9d8bc45f1e099d0ccc2c8ee387ba227aa3833fbe749b81598d2578293f2d4a c8849d08ba28588466069294eb54e3db86a8fe31322654c8487a410b92b7df44
SERVER_TRAFFIC_SECRET_0 4c9d8bc45f1e099d0ccc2c8ee387ba227aa3833fbe749b81598d2578293f2d4a c9ff163e11fb9dcd6e3819626a27bed7e1849fd0cca1d790ec9fd14cf50f479a
EXPORTER_SECRET 4c9d8bc45f1e099d0ccc2c8ee387ba227aa3833fbe749b81598d2578293f2d4a db23092c09fcf2c4101efcd3629be490bd849648a75736b47d8837a15c913e8a
SERVER_HANDSHAKE_TRAFFIC_SECRET 4c9d8bc45f1e099d0ccc2c8ee387ba227aa3833fbe749b81598d2578293f2d4a 89439b6641977c513d3fbd64feb9f2e89ddd3b27492f0682ec832d76fdf63e14
CLIENT_HANDSHAKE_TRAFFIC_SECRET 4c9d8bc45f1e099d0ccc2c8ee387ba227aa3833fbe749b81598d2578293f2d4a b5801f20faf54450da212717a0eef1a3fcb39ac27a649efd7f991a7a7ec9f97b
SERVER_TRAFFIC_SECRET_0 4c9d8bc45f1e099d0ccc2c8ee387ba227aa3833fbe749b81598d2578293f2d4a c9ff163e11fb9dcd6e3819626a27bed7e1849fd0cca1d790ec9fd14cf50f479a
CLIENT_TRAFFIC_SECRET_0 4c9d8bc45f1e099d0ccc2c8ee387ba227aa3833fbe749b81598d2578293f2d4a c8849d08ba28588466069294eb54e3db86a8fe31322654c8487a410b92b7df44
CLIENT_HANDSHAKE_TRAFFIC_SECRET 70240cdc3bbfb185b643c786220eb743c8b70c2f56c4735904ac8dfa6e8d0b2b c8ed9adc5ef4d9e860c56a2eb8509531660954634a07ee76726ecf582701a618
SERVER_HANDSHAKE_TRAFFIC_SECRET 70240cdc3bbfb185b643c786220eb743c8b70c2f56c4735904ac8dfa6e8d0b2b 79218f019061c21927005ca7ad46093858ffbe3895cb58c127138c4643e08c2b
CLIENT_TRAFFIC_SECRET_0 70240cdc3bbfb185b643c786220eb743c8b70c2f56c4735904ac8dfa6e8d0b2b c6bb5ed8f13848f5f5bcef8f081736e69fe813745e3fdadf840e5fecf6ff6a1c
SERVER_TRAFFIC_SECRET_0 70240cdc3bbfb185b643c786220eb743c8b70c2f56c4735904ac8dfa6e8d0b2b 810385d7ea04055524458e1d4d457156c38a2a53d739517204a4083cca5dad90
EXPORTER_SECRET 70240cdc3bbfb185b643c786220eb743c8b70c2f56c4735904ac8dfa6e8d0b2b 2ddafea7f3b62b757d2fd603495ed256de8285090c73a6c8e2114e9c81a3f284
SERVER_HANDSHAKE_TRAFFIC_SECRET 70240cdc3bbfb185b643c786220eb743c8b70c2f56c4735904ac8dfa6e8d0b2b 79218f019061c21927005ca7ad46093858ffbe3895cb58c127138c4643e08c2b
CLIENT_HANDSHAKE_TRAFFIC_SECRET 70240cdc3bbfb185b643c786220eb743c8b70c2f56c4735904ac8dfa6e8d0b2b c8ed9adc5ef4d9e860c56a2eb8509531660954634a07ee76726ecf582701a618
SERVER_TRAFFIC_SECRET_0 70240cdc3bbfb185b643c786220eb743c8b70c2f56c4735904ac8dfa6e8d0b2b 810385d7ea04055524458e1d4d457156c38a2a53d739517204a4083cca5dad90
CLIENT_TRAFFIC_SECRET_0 70240cdc3bbfb185b643c786220eb743c8b70c2f56c4735904ac8dfa6e8d0b2b c6bb5ed8f13848f5f5bcef8f081736e69fe813745e3fdadf840e5fecf6ff6a1c
CLIENT_HANDSHAKE_TRAFFIC_SECRET 6f4ba9e483a61a40809c657da51adee6e664d91c1b8542b9271f5f8001e13843 74af76b8fe61f1a0e531b8ca4300b2c426392b2e5269303628424643d7b310b2
SERVER_HANDSHAKE_TRAFFIC_SECRET 6f4ba9e483a61a40809c657da51adee6e664d91c1b8542b9271f5f8001e13843 a9dc923824ee518247c6db560712bcf6d32f333814d878b57533bd7319f2b531
CLIENT_TRAFFIC_SECRET_0 6f4ba9e483a61a40809c657da51adee6e664d91c1b8542b9271f5f8001e13843 e09bba4739c23516a95640837f4d2563e868c3f2a14bcbec3a00aa2d77376d8c
SERVER_TRAFFIC_SECRET_0 6f4ba9e483a61a40809c657da51adee6e664d91c1b8542b9271f5f8001e13843 e64603355e5a25b4e5985ba19a26bf36dea1948b761d0e4283d1f8bc05e7c49a
EXPORTER_SECRET 6f4ba9e483a61a40809c657da51adee6e664d91c1b8542b9271f5f8001e13843 d21bf0ac7548a2bd3b8c215944a82816dd5549236979eac8521bc7fb234766e0
SERVER_HANDSHAKE_TRAFFIC_SECRET 6f4ba9e483a61a40809c657da51adee6e664d91c1b8542b9271f5f8001e13843 a9dc923824ee518247c6db560712bcf6d32f333814d878b57533bd7319f2b531
CLIENT_HANDSHAKE_TRAFFIC_SECRET 6f4ba9e483a61a40809c657da51adee6e664d91c1b8542b9271f5f8001e13843 74af76b8fe61f1a0e531b8ca4300b2c426392b2e5269303628424643d7b310b2
SERVER_TRAFFIC_SECRET_0 6f4ba9e483a61a40809c657da51adee6e664d91c1b8542b9271f5f8001e13843 e64603355e5a25b4e5985ba19a26bf36dea1948b761d0e4283d1f8bc05e7c49a
CLIENT_TRAFFIC_SECRET_0 6f4ba9e483a61a40809c657da51adee6e664d91c1b8542b9271f5f8001e13843 e09bba4739c23516a95640837f4d2563e868c3f2a14bcbec3a00aa2d77376d8c
CLIENT_HANDSHAKE_TRAFFIC_SECRET ec7133c11bc96a22411c51fd8fc0d1fd70e179d42548e906e75a8b7d26eabdbf 3e2488624a7fcd742e24d9c8bbe6f3061f4ebbc2333d3019a22cad0304f9bbc2
SERVER_HANDSHAKE_TRAFFIC_SECRET ec7133c11bc96a22411c51fd8fc0d1fd70e179d42548e906e75a8b7d26eabdbf bcc257b8f38a828c5a30d466d19841714632f19921ab918cd68c5ce8c5b9d8ac
CLIENT_TRAFFIC_SECRET_0 ec7133c11bc96a22411c51fd8fc0d1fd70e179d42548e906e75a8b7d26eabdbf a524a096df38376ea6366b705cff5963c91f4752cbee081904254831cad37f15
SERVER_TRAFFIC_SECRET_0 ec7133c11bc96a22411c51fd8fc0d1fd70e179d42548e906e75a8b7d26eabdbf 15c2e80fb371a0cf8a11c1baf56f56e503fb69f7be7c39ed94f0dc9c4a9bf033
EXPORTER_SECRET ec7133c11bc96a22411c51fd8fc0d1fd70e179d42548e906e75a8b7d26eabdbf b0d4ddddc089cf44609970fd02a3a1f2cd232dc7315cdc66550d163282f4b2c7
SERVER_HANDSHAKE_TRAFFIC_SECRET ec7133c11bc96a22411c51fd8fc0d1fd70e179d42548e906e75a8b7d26eabdbf bcc257b8f38a828c5a30d466d19841714632f19921ab918cd68c5ce8c5b9d8ac
CLIENT_HANDSHAKE_TRAFFIC_SECRET ec7133c11bc96a22411c51fd8fc0d1fd70e179d42548e906e75a8b7d26eabdbf 3e2488624a7fcd742e24d9c8bbe6f3061f4ebbc2333d3019a22cad0304f9bbc2
SERVER_TRAFFIC_SECRET_0 ec7133c11bc96a22411c51fd8fc0d1fd70e179d42548e906e75a8b7d26eabdbf 15c2e80fb371a0cf8a11c1baf56f56e503fb69f7be7c39ed94f0dc9c4a9bf033
CLIENT_TRAFFIC_SECRET_0 ec7133c11bc96a22411c51fd8fc0d1fd70e179d42548e906e75a8b7d26eabdbf a524a096df38376ea6366b705cff5963c91f4752cbee081904254831cad37f15
CLIENT_HANDSHAKE_TRAFFIC_SECRET 9e18adce056dcfe58ad2910f7e5b053e41bc5dd3d578b49398716c1a08da97b4 c092c4f57b5554c16dc18a4be8b911e214efd04a969393226237cf37be42ca07
SERVER_HANDSHAKE_TRAFFIC_SECRET 9e18adce056dcfe58ad2910f7e5b053e41bc5dd3d578b49398716c1a08da97b4 6ac82bfb716a6894e3b0d1831bacf9077db999e86045ec3fa679eae0a4e396c0
CLIENT_TRAFFIC_SECRET_0 9e18adce056dcfe58ad2910f7e5b053e41bc5dd3d578b49398716c1a08da97b4 cce4741e19572c4a5834269b5df38dd2d36d12973da401094d9fdca061b5f1b3
SERVER_TRAFFIC_SECRET_0 9e18adce056dcfe58ad2910f7e5b053e41bc5dd3d578b49398716c1a08da97b4 ae362b67bbcc06cedff968a5a0dd10d22c61ec7aef991d8ff156dfe325de3991
EXPORTER_SECRET 9e18adce056dcfe58ad2910f7e5b053e41bc5dd3d578b49398716c1a08da97b4 d8148adcff259cb746c5257a5377648182470ed26cc5b78376e235ec487328f7
SERVER_HANDSHAKE_TRAFFIC_SECRET 9e18adce056dcfe58ad2910f7e5b053e41bc5dd3d578b49398716c1a08da97b4 6ac82bfb716a6894e3b0d1831bacf9077db999e86045ec3fa679eae0a4e396c0
CLIENT_HANDSHAKE_TRAFFIC_SECRET 9e18adce056dcfe58ad2910f7e5b053e41bc5dd3d578b49398716c1a08da97b4 c092c4f57b5554c16dc18a4be8b911e214efd04a969393226237cf37be42ca07
SERVER_TRAFFIC_SECRET_0 9e18adce056dcfe58ad2910f7e5b053e41bc5dd3d578b49398716c1a08da97b4 ae362b67bbcc06cedff968a5a0dd10d22c61ec7aef991d8ff156dfe325de3991
CLIENT_TRAFFIC_SECRET_0 9e18adce056dcfe58ad2910f7e5b053e41bc5dd3d578b49398716c1a08da97b4 cce4741e19572c4a5834269b5df38dd2d36d12973da401094d9fdca061b5f1b3
CLIENT_HANDSHAKE_TRAFFIC_SECRET db3341264253ac17bf6f982cfefa2e00db15c8f2cd3752bac34ac86c28a535a0 ec124d68fd86e70ad4f70006885b6f81322eb0a16be2eb200ec66d333719e843
SERVER_HANDSHAKE_TRAFFIC_SECRET db3341264253ac17bf6f982cfefa2e00db15c8f2cd3752bac34ac86c28a535a0 6744b1dc7406053539b0c6d2265f769b4ee53bdd82714e8a2a38d15bd26dea5d
CLIENT_TRAFFIC_SECRET_0 db3341264253ac17bf6f982cfefa2e00db15c8f2cd3752bac34ac86c28a535a0 7b71816ccd365f3b537b68ffdf9abeac735dffcd7762190e5bebc1c481d85679
SERVER_TRAFFIC_SECRET_0 db3341264253ac17bf6f982cfefa2e00db15c8f2cd3752bac34ac86c28a535a0 de6d44f240de80b3908b0532a266d03b4df668203310cdcd7d57b8a43dbb0191
EXPORTER_SECRET db3341264253ac17bf6f982cfefa2e00db15c8f2cd3752bac34ac86c28a535a0 c1e5e7125558d573c1aa820fbdf043a8053f2b6d5f9e74c7d662a073596bee0a
SERVER_HANDSHAKE_TRAFFIC_SECRET db3341264253ac17bf6f982cfefa2e00db15c8f2cd3752bac34ac86c28a535a0 6744b1dc7406053539b0c6d2265f769b4ee53bdd82714e8a2a38d15bd26dea5d
CLIENT_HANDSHAKE_TRAFFIC_SECRET db3341264253ac17bf6f982cfefa2e00db15c8f2cd3752bac34ac86c28a535a0 ec124d68fd86e70ad4f70006885b6f81322eb0a16be2eb200ec66d333719e843
SERVER_TRAFFIC_SECRET_0 db3341264253ac17bf6f982cfefa2e00db15c8f2cd3752bac34ac86c28a535a0 de6d44f240de80b3908b0532a266d03b4df668203310cdcd7d57b8a43dbb0191
CLIENT_TRAFFIC_SECRET_0 db3341264253ac17bf6f982cfefa2e00db15c8f2cd3752bac34ac86c28a535a0 7b71816ccd365f3b537b68ffdf9abeac735dffcd7762190e5bebc1c481d85679
CLIENT_HANDSHAKE_TRAFFIC_SECRET 0ce3b0efd562f421a8b7c89960e7d76a2a82a8843bc88a6da9757166838f81df 5f9e3046886cbbc96d0ec67095836d1c54cde0cfc4e90ae2a22a3d6986f5098c
SERVER_HANDSHAKE_TRAFFIC_SECRET 0ce3b0efd562f421a8b7c89960e7d76a2a82a8843bc88a6da9757166838f81df 7c49f52933f79aae4af689606f9253f1e4cafb211f93b03c7af8c035e623d062
CLIENT_TRAFFIC_SECRET_0 0ce3b0efd562f421a8b7c89960e7d76a2a82a8843bc88a6da9757166838f81df 0f7af4d0fe429154d91f16c7d8a876ef20f4e5eef75e7e8658d912a2b670d098
SERVER_TRAFFIC_SECRET_0 0ce3b0efd562f421a8b7c89960e7d76a2a82a8843bc88a6da9757166838f81df 5558b6f18ac8faf019d193df5a46f452c5a67560082f38f2f822c6008077855f
EXPORTER_SECRET 0ce3b0efd562f421a8b7c89960e7d76a2a82a8843bc88a6da9757166838f81df beb824248f3c164e49726ef1f72614031cd564f349b48d8a7b4d1ea328d3c9a2
SERVER_HANDSHAKE_TRAFFIC_SECRET 0ce3b0efd562f421a8b7c89960e7d76a2a82a8843bc88a6da9757166838f81df 7c49f52933f79aae4af689606f9253f1e4cafb211f93b03c7af8c035e623d062
CLIENT_HANDSHAKE_TRAFFIC_SECRET 0ce3b0efd562f421a8b7c89960e7d76a2a82a8843bc88a6da9757166838f81df 5f9e3046886cbbc96d0ec67095836d1c54cde0cfc4e90ae2a22a3d6986f5098c
SERVER_TRAFFIC_SECRET_0 0ce3b0efd562f421a8b7c89960e7d76a2a82a8843bc88a6da9757166838f81df 5558b6f18ac8faf019d193df5a46f452c5a67560082f38f2f822c6008077855f
CLIENT_TRAFFIC_SECRET_0 0ce3b0efd562f421a8b7c89960e7d76a2a82a8843bc88a6da9757166838f81df 0f7af4d0fe429154d91f16c7d8a876ef20f4e5eef75e7e8658d912a2b670d098
CLIENT_HANDSHAKE_TRAFFIC_SECRET 31005ab329d43be45d929458f3b051cd97227e4536530a9b2fa1d8035e46fdf7 fdc7af24578c7750a2debe022ea71a45fdb3de5702c51d3dbc0d435c469e1b13
SERVER_HANDSHAKE_TRAFFIC_SECRET 31005ab329d43be45d929458f3b051cd97227e4536530a9b2fa1d8035e46fdf7 fa438d6ae7d06374c47c74eaa28d06f6f95228577c0a4ab6b109248b7ea2565c
CLIENT_TRAFFIC_SECRET_0 31005ab329d43be45d929458f3b051cd97227e4536530a9b2fa1d8035e46fdf7 f4748f0e071b494bcfb36a23b27f157c5fee2490fa6526df529d09a0ae80dbf7
SERVER_TRAFFIC_SECRET_0 31005ab329d43be45d929458f3b051cd97227e4536530a9b2fa1d8035e46fdf7 85ef3ecd2c5537d52c286ea1ac58bfdcb7faabfda7ed23214315423ce4fe26a9
EXPORTER_SECRET 31005ab329d43be45d929458f3b051cd97227e4536530a9b2fa1d8035e46fdf7 4939baf5d02d8c9197b4c5a02bbc5891e9a9d36208e0a8725e176a3b9ff444fd
SERVER_HANDSHAKE_TRAFFIC_SECRET 31005ab329d43be45d929458f3b051cd97227e4536530a9b2fa1d8035e46fdf7 fa438d6ae7d06374c47c74eaa28d06f6f95228577c0a4ab6b109248b7ea2565c
CLIENT_HANDSHAKE_TRAFFIC_SECRET 31005ab329d43be45d929458f3b051cd97227e4536530a9b2fa1d8035e46fdf7 fdc7af24578c7750a2debe022ea71a45fdb3de5702c51d3dbc0d435c469e1b13
SERVER_TRAFFIC_SECRET_0 31005ab329d43be45d929458f3b051cd97227e4536530a9b2fa1d8035e46fdf7 85ef3ecd2c5537d52c286ea1ac58bfdcb7faabfda7ed23214315423ce4fe26a9
CLIENT_TRAFFIC_SECRET_0 31005ab329d43be45d929458f3b051cd97227e4536530a9b2fa1d8035e46fdf7 f4748f0e071b494bcfb36a23b27f157c5fee2490fa6526df529d09a0ae80dbf7
CLIENT_HANDSHAKE_TRAFFIC_SECRET 56adc9e05c649f8a3d58cb287166b3a0c8537732697735d36d3a206b4ef9ff20 fc2da28e6424c20d9814146009982a2b96263de8a45adf44614d714da87b6713
SERVER_HANDSHAKE_TRAFFIC_SECRET 56adc9e05c649f8a3d58cb287166b3a0c8537732697735d36d3a206b4ef9ff20 892d4bc1b929eda78758c69616f2113a6884d38eda99e98882af0e49c0fa937a
CLIENT_TRAFFIC_SECRET_0 56adc9e05c649f8a3d58cb287166b3a0c8537732697735d36d3a206b4ef9ff20 245ec210e41614cf6ce39c6dff740b355455c18b395f580c625d25d35f6e26ef
SERVER_TRAFFIC_SECRET_0 56adc9e05c649f8a3d58cb287166b3a0c8537732697735d36d3a206b4ef9ff20 8ffd48df70a8dd15f46e673b241f982b997a5001d86f92f8737456d46b4ef780
EXPORTER_SECRET 56adc9e05c649f8a3d58cb287166b3a0c8537732697735d36d3a206b4ef9ff20 ab6b1ec56521da9971444c44f48cd674f2acb75ba5f6c5236ec32a7c3537c2b7
SERVER_HANDSHAKE_TRAFFIC_SECRET 56adc9e05c649f8a3d58cb287166b3a0c8537732697735d36d3a206b4ef9ff20 892d4bc1b929eda78758c69616f2113a6884d38eda99e98882af0e49c0fa937a
CLIENT_HANDSHAKE_TRAFFIC_SECRET 56adc9e05c649f8a3d58cb287166b3a0c8537732697735d36d3a206b4ef9ff20 fc2da28e6424c20d9814146009982a2b96263de8a45adf44614d714da87b6713
SERVER_TRAFFIC_SECRET_0 56adc9e05c649f8a3d58cb287166b3a0c8537732697735d36d3a206b4ef9ff20 8ffd48df70a8dd15f46e673b241f982b997a5001d86f92f8737456d46b4ef780
CLIENT_TRAFFIC_SECRET_0 56adc9e05c649f8a3d58cb287166b3a0c8537732697735d36d3a206b4ef9ff20 245ec210e41614cf6ce39c6dff740b355455c18b395f580c625d25d35f6e26ef
CLIENT_HANDSHAKE_TRAFFIC_SECRET 8f9a8c304d1a5f2b5f1dd15bcb82774f63761fe0efcf2b32ba49716a7b784d92 52c5f1b923ced45e25b0736c5f09f303fe42a65290fc6c1b95cec0501f2dc303
SERVER_HANDSHAKE_TRAFFIC_SECRET 8f9a8c304d1a5f2b5f1dd15bcb82774f63761fe0efcf2b32ba49716a7b784d92 207b4064bb0c911b51a0f020c4dbf9934a6988b43110d550a07458758ec66633
CLIENT_TRAFFIC_SECRET_0 8f9a8c304d1a5f2b5f1dd15bcb82774f63761fe0efcf2b32ba49716a7b784d92 19cc3c68fbb2515af01c423e069a912c6072d486059da43bb319aec2a4d5d7b3
SERVER_TRAFFIC_SECRET_0 8f9a8c304d1a5f2b5f1dd15bcb82774f63761fe0efcf2b32ba49716a7b784d92 a28f40a0560eadc00abe30a07f4f94bb5f663addb8b3fdadb2a9156ca0b0aa25
EXPORTER_SECRET 8f9a8c304d1a5f2b5f1dd15bcb82774f63761fe0efcf2b32ba49716a7b784d92 9d7537db6d29b3b1c791dba1b407e292c00bf04e7a5bcb08ef77166f3a3e853d
SERVER_HANDSHAKE_TRAFFIC_SECRET 8f9a8c304d1a5f2b5f1dd15bcb82774f63761fe0efcf2b32ba49716a7b784d92 207b4064bb0c911b51a0f020c4dbf9934a6988b43110d550a07458758ec66633
CLIENT_HANDSHAKE_TRAFFIC_SECRET 8f9a8c304d1a5f2b5f1dd15bcb82774f63761fe0efcf2b32ba49716a7b784d92 52c5f1b923ced45e25b0736c5f09f303fe42a65290fc6c1b95cec0501f2dc303
SERVER_TRAFFIC_SECRET_0 8f9a8c304d1a5f2b5f1dd15bcb82774f63761fe0efcf2b32ba49716a7b784d92 a28f40a0560eadc00abe30a07f4f94bb5f663addb8b3fdadb2a9156ca0b0aa25
CLIENT_TRAFFIC_SECRET_0 8f9a8c304d1a5f2b5f1dd15bcb82774f63761fe0efcf2b32ba49716a7b784d92 19cc3c68fbb2515af01c423e069a912c6072d486059da43bb319aec2a4d5d7b3
CLIENT_HANDSHAKE_TRAFFIC_SECRET 19ef469d68b72f6baf9f77a6b714dfe9252dd5d66d67c8012331960c752f6586 e151fedc89a7d4c56f917f8bd2a0dba738deaefcc790647b37a34720ae8a8fc4
SERVER_HANDSHAKE_TRAFFIC_SECRET 19ef469d68b72f6baf9f77a6b714dfe9252dd5d66d67c8012331960c752f6586 1017fa6ad6e4b3fa3eee62fb8e8bbdbfe33f8162dea5f0e9ffd9c4d33a50e47a
CLIENT_TRAFFIC_SECRET_0 19ef469d68b72f6baf9f77a6b714dfe9252dd5d66d67c8012331960c752f6586 1f4e6273493ff08b339fbf0492799b6f255afa184e9bb9abdcc9e8aa3529dda1
SERVER_TRAFFIC_SECRET_0 19ef469d68b72f6baf9f77a6b714dfe9252dd5d66d67c8012331960c752f6586 447458fa760fe3b09c92406e292d2a273a7e9a87968861eb3aacc43511854656
EXPORTER_SECRET 19ef469d68b72f6baf9f77a6b714dfe9252dd5d66d67c8012331960c752f6586 c8e19bf4fe4525a6ffc1a40e518b826355ccd2d1bee01cc95154d05023b4d5fb
SERVER_HANDSHAKE_TRAFFIC_SECRET 19ef469d68b72f6baf9f77a6b714dfe9252dd5d66d67c8012331960c752f6586 1017fa6ad6e4b3fa3eee62fb8e8bbdbfe33f8162dea5f0e9ffd9c4d33a50e47a
CLIENT_HANDSHAKE_TRAFFIC_SECRET 19ef469d68b72f6baf9f77a6b714dfe9252dd5d66d67c8012331960c752f6586 e151fedc89a7d4c56f917f8bd2a0dba738deaefcc790647b37a34720ae8a8fc4
SERVER_TRAFFIC_SECRET_0 19ef469d68b72f6baf9f77a6b714dfe9252dd5d66d67c8012331960c752f6586 447458fa760fe3b09c92406e292d2a273a7e9a87968861eb3aacc43511854656
CLIENT_TRAFFIC_SECRET_0 19ef469d68b72f6baf9f77a6b714dfe9252dd5d66d67c8012331960c752f6586 1f4e6273493ff08b339fbf0492799b6f255afa184e9bb9abdcc9e8aa3529dda1
CLIENT_HANDSHAKE_TRAFFIC_SECRET dba46819d9ad8636a41a19a50994b60cbfc36cbd29f03fd70386161afdadfb7d d4a5cf367d4eec25a10767c9ebe8cf811cf8f85dcc5a656740618e9998515e3b
SERVER_HANDSHAKE_TRAFFIC_SECRET dba46819d9ad8636a41a19a50994b60cbfc36cbd29f03fd70386161afdadfb7d ec61252f3d072c90be88e09d3d4e169a5eb9003da524fc826367c698d2f44647
CLIENT_TRAFFIC_SECRET_0 dba46819d9ad8636a41a19a50994b60cbfc36cbd29f03fd70386161afdadfb7d 20f6c86579e5e2bf7d679c630d276b1cc83eb99eb933c7db1a316bc48a343fdf
SERVER_TRAFFIC_SECRET_0 dba46819d9ad8636a41a19a50994b60cbfc36cbd29f03fd70386161afdadfb7d e537b72a7924c633b3db86531d56bdc676e41520af10ab174608c1f3c4d9b8e6
EXPORTER_SECRET dba46819d9ad8636a41a19a50994b60cbfc36cbd29f03fd70386161afdadfb7d 22c41928b515a0eccbc9ed17870f933c3ab182de168c4fd2301c5d267d8fb252
SERVER_HANDSHAKE_TRAFFIC_SECRET dba46819d9ad8636a41a19a50994b60cbfc36cbd29f03fd70386161afdadfb7d ec61252f3d072c90be88e09d3d4e169a5eb9003da524fc826367c698d2f44647
CLIENT_HANDSHAKE_TRAFFIC_SECRET dba46819d9ad8636a41a19a50994b60cbfc36cbd29f03fd70386161afdadfb7d d4a5cf367d4eec25a10767c9ebe8cf811cf8f85dcc5a656740618e9998515e3b
SERVER_TRAFFIC_SECRET_0 dba46819d9ad8636a41a19a50994b60cbfc36cbd29f03fd70386161afdadfb7d e537b72a7924c633b3db86531d56bdc676e41520af10ab174608c1f3c4d9b8e6
CLIENT_TRAFFIC_SECRET_0 dba46819d9ad8636a41a19a50994b60cbfc36cbd29f03fd70386161afdadfb7d 20f6c86579e5e2bf7d679c630d276b1cc83eb99eb933c7db1a316bc48a343fdf
CLIENT_HANDSHAKE_TRAFFIC_SECRET 6f80c4477cd07d3c35b9aab9de236d26dce9cb7efde0c22c707b3d47a00ee815 1c0262582301542417e1eb9cfbb32d816c2ccdf7448a41abcfd0c4256423352f
SERVER_HANDSHAKE_TRAFFIC_SECRET 6f80c4477cd07d3c35b9aab9de236d26dce9cb7efde0c22c707b3d47a00ee815 c6188cd24883d34a6bde50fe053841c831d12fc2fa8d79b54792ec6918098b92
CLIENT_TRAFFIC_SECRET_0 6f80c4477cd07d3c35b9aab9de236d26dce9cb7efde0c22c707b3d47a00ee815 668a5133594eafc17ee6f853566b0eed6b6ced308eec7b521cb1478f3eb9ec89
SERVER_TRAFFIC_SECRET_0 6f80c4477cd07d3c35b9aab9de236d26dce9cb7efde0c22c707b3d47a00ee815 0625337026f3e587911e41c64ac54f91d132439faa2878e5840ecfe37ab25862
EXPORTER_SECRET 6f80c4477cd07d3c35b9aab9de236d26dce9cb7efde0c22c707b3d47a00ee815 8752fdfd73b96f709c3f5585979eb8eb1b351cbebb485de6de7bfcc5a0e154d4
SERVER_HANDSHAKE_TRAFFIC_SECRET 6f80c4477cd07d3c35b9aab9de236d26dce9cb7efde0c22c707b3d47a00ee815 c6188cd24883d34a6bde50fe053841c831d12fc2fa8d79b54792ec6918098b92
CLIENT_HANDSHAKE_TRAFFIC_SECRET 6f80c4477cd07d3c35b9aab9de236d26dce9cb7efde0c22c707b3d47a00ee815 1c0262582301542417e1eb9cfbb32d816c2ccdf7448a41abcfd0c4256423352f
SERVER_TRAFFIC_SECRET_0 6f80c4477cd07d3c35b9aab9de236d26dce9cb7efde0c22c707b3d47a00ee815 0625337026f3e587911e41c64ac54f91d132439faa2878e5840ecfe37ab25862
CLIENT_TRAFFIC_SECRET_0 6f80c4477cd07d3c35b9aab9de236d26dce9cb7efde0c22c707b3d47a00ee815 668a5133594eafc17ee6f853566b0eed6b6ced308eec7b521cb1478f3eb9ec89
CLIENT_HANDSHAKE_TRAFFIC_SECRET 62be8661da1cd8709bb56366c1e8e97ae5d1773a23fb4306aaf0e5abe3eae972 d105033328fdf6d1ead9e1ced13a2285ae2d27ab1c65f2b1cfefd066ab4012d1
SERVER_HANDSHAKE_TRAFFIC_SECRET 62be8661da1cd8709bb56366c1e8e97ae5d1773a23fb4306aaf0e5abe3eae972 d942a3e313fe8ad3cfd1d106ba4ee124e3a4e807122c01f1a1d0843b7c11cc62
CLIENT_TRAFFIC_SECRET_0 62be8661da1cd8709bb56366c1e8e97ae5d1773a23fb4306aaf0e5abe3eae972 f6f3c4255fc7c36f08d366b8aeb0f8e9aa1cef899a9dd9dd7adcc1aefbe35ecb
SERVER_TRAFFIC_SECRET_0 62be8661da1cd8709bb56366c1e8e97ae5d1773a23fb4306aaf0e5abe3eae972 2347ac74e2054978c9fb28a0114a96e811b8afdbf85133cb5c78321e745fc866
EXPORTER_SECRET 62be8661da1cd8709bb56366c1e8e97ae5d1773a23fb4306aaf0e5abe3eae972 04dfab2f68d308f7663fb112b20af61e7d6b27bd9bda52eb726162dd91746a18
SERVER_HANDSHAKE_TRAFFIC_SECRET 62be8661da1cd8709bb56366c1e8e97ae5d1773a23fb4306aaf0e5abe3eae972 d942a3e313fe8ad3cfd1d106ba4ee124e3a4e807122c01f1a1d0843b7c11cc62
CLIENT_HANDSHAKE_TRAFFIC_SECRET 62be8661da1cd8709bb56366c1e8e97ae5d1773a23fb4306aaf0e5abe3eae972 d105033328fdf6d1ead9e1ced13a2285ae2d27ab1c65f2b1cfefd066ab4012d1
SERVER_TRAFFIC_SECRET_0 62be8661da1cd8709bb56366c1e8e97ae5d1773a23fb4306aaf0e5abe3eae972 2347ac74e2054978c9fb28a0114a96e811b8afdbf85133cb5c78321e745fc866
CLIENT_TRAFFIC_SECRET_0 62be8661da1cd8709bb56366c1e8e97ae5d1773a23fb4306aaf0e5abe3eae972 f6f3c4255fc7c36f08d366b8aeb0f8e9aa1cef899a9dd9dd7adcc1aefbe35ecb
CLIENT_HANDSHAKE_TRAFFIC_SECRET 32db6fd4e9c895b15c0e16f4d43f241ef43e4cfa99278865d7e09f1803b0dff9 6b6512779bf8bbe86245948ce830397eed46bd4fc88168195227cf7c27934f60
SERVER_HANDSHAKE_TRAFFIC_SECRET 32db6fd4e9c895b15c0e16f4d43f241ef43e4cfa99278865d7e09f1803b0dff9 6f849dcfc121846fb0bb41abf4baa336cf32a3cf9f7bbb029638061fd4cd3a2c
CLIENT_TRAFFIC_SECRET_0 32db6fd4e9c895b15c0e16f4d43f241ef43e4cfa99278865d7e09f1803b0dff9 58a818fcc54a061f5f58821bda2cea6744d10e3b09ec8a016d35dc3b17acfb08
SERVER_TRAFFIC_SECRET_0 32db6fd4e9c895b15c0e16f4d43f241ef43e4cfa99278865d7e09f1803b0dff9 d68e07331c0ac6999ecb15298aa04969276bf877a547f3008cfaae8a2a26226b
EXPORTER_SECRET 32db6fd4e9c895b15c0e16f4d43f241ef43e4cfa99278865d7e09f1803b0dff9 071d8d3c95b5d31aac1163f5ab40701d6f60fa966e26e3314e6858b4299e6aff
SERVER_HANDSHAKE_TRAFFIC_SECRET 32db6fd4e9c895b15c0e16f4d43f241ef43e4cfa99278865d7e09f1803b0dff9 6f849dcfc121846fb0bb41abf4baa336cf32a3cf9f7bbb029638061fd4cd3a2c
CLIENT_HANDSHAKE_TRAFFIC_SECRET 32db6fd4e9c895b15c0e16f4d43f241ef43e4cfa99278865d7e09f1803b0dff9 6b6512779bf8bbe86245948ce830397eed46bd4fc88168195227cf7c27934f60
SERVER_TRAFFIC_SECRET_0 32db6fd4e9c895b15c0e16f4d43f241ef43e4cfa99278865d7e09f1803b0dff9 d68e07331c0ac6999ecb15298aa04969276bf877a547f3008cfaae8a2a26226b
CLIENT_TRAFFIC_SECRET_0 32db6fd4e9c895b15c0e16f4d43f241ef43e4cfa99278865d7e09f1803b0dff9 58a818fcc54a061f5f58821bda2cea6744d10e3b09ec8a016d35dc3b17acfb08
CLIENT_HANDSHAKE_TRAFFIC_SECRET 13d2feb736f1591081767f15d91597044f428560e65d0ccc63eb685f45535233 483f5d28a7045c00e8f7c317c61f58be7ca98bfcb533835dcb77abee117522cc
SERVER_HANDSHAKE_TRAFFIC_SECRET 13d2feb736f1591081767f15d91597044f428560e65d0ccc63eb685f45535233 1863d35025c61e36481caffa8bee2741c1e5a34c1f54f68c03abbdd151c4964e
CLIENT_TRAFFIC_SECRET_0 13d2feb736f1591081767f15d91597044f428560e65d0ccc63eb685f45535233 49faa344d9cb5d65fdf85c9e0334fcef834911e209d4ea3c173f1d64233c93fc
SERVER_TRAFFIC_SECRET_0 13d2feb736f1591081767f15d91597044f428560e65d0ccc63eb685f45535233 063bfdf3e6609e2a20a1ad6206fdc99cf2bbcaa890dafa75ef3894527f8f667d
EXPORTER_SECRET 13d2feb736f1591081767f15d91597044f428560e65d0ccc63eb685f45535233 6b24fbe21570fc64590d87c07b2ba657f7e4dae3e5eb34ab4590688cec5b2d76
SERVER_HANDSHAKE_TRAFFIC_SECRET 13d2feb736f1591081767f15d91597044f428560e65d0ccc63eb685f45535233 1863d35025c61e36481caffa8bee2741c1e5a34c1f54f68c03abbdd151c4964e
CLIENT_HANDSHAKE_TRAFFIC_SECRET 13d2feb736f1591081767f15d91597044f428560e65d0ccc63eb685f45535233 483f5d28a7045c00e8f7c317c61f58be7ca98bfcb533835dcb77abee117522cc
SERVER_TRAFFIC_SECRET_0 13d2feb736f1591081767f15d91597044f428560e65d0ccc63eb685f45535233 063bfdf3e6609e2a20a1ad6206fdc99cf2bbcaa890dafa75ef3894527f8f667d
CLIENT_TRAFFIC_SECRET_0 13d2feb736f1591081767f15d91597044f428560e65d0ccc63eb685f45535233 49faa344d9cb5d65fdf85c9e0334fcef834911e209d4ea3c173f1d64233c93fc
CLIENT_HANDSHAKE_TRAFFIC_SECRET a918b21c994f480b9b14dde3eb3f08bd066ea915f05cff8faa7e1a5701d3fa33 13f75532fece7188f128761b5d5e37b01b66d1cec7c04c0eedaa6977534e59b9
SERVER_HANDSHAKE_TRAFFIC_SECRET a918b21c994f480b9b14dde3eb3f08bd066ea915f05cff8faa7e1a5701d3fa33 563cb57c2a9176424f62c9ef1e8dd17fe7cb07e6548813be4ed81507b6c6dd26
CLIENT_TRAFFIC_SECRET_0 a918b21c994f480b9b14dde3eb3f08bd066ea915f05cff8faa7e1a5701d3fa33 06bd439305ec99d751aebbee9f2b59e5b7b2558a3dbc02da2002d832c5432019
SERVER_TRAFFIC_SECRET_0 a918b21c994f480b9b14dde3eb3f08bd066ea915f05cff8faa7e1a5701d3fa33 3d8934f0f3ed05e4191e0423fe4793d07fc2479e9c793621907e458cff1465ca
EXPORTER_SECRET a918b21c994f480b9b14dde3eb3f08bd066ea915f05cff8faa7e1a5701d3fa33 2cd88c7cd1189cf8f7b1811484f3fa591db2836d944afbf8f8fb766ff1e198e4
SERVER_HANDSHAKE_TRAFFIC_SECRET a918b21c994f480b9b14dde3eb3f08bd066ea915f05cff8faa7e1a5701d3fa33 563cb57c2a9176424f62c9ef1e8dd17fe7cb07e6548813be4ed81507b6c6dd26
CLIENT_HANDSHAKE_TRAFFIC_SECRET a918b21c994f480b9b14dde3eb3f08bd066ea915f05cff8faa7e1a5701d3fa33 13f75532fece7188f128761b5d5e37b01b66d1cec7c04c0eedaa6977534e59b9
SERVER_TRAFFIC_SECRET_0 a918b21c994f480b9b14dde3eb3f08bd066ea915f05cff8faa7e1a5701d3fa33 3d8934f0f3ed05e4191e0423fe4793d07fc2479e9c793621907e458cff1465ca
CLIENT_TRAFFIC_SECRET_0 a918b21c994f480b9b14dde3eb3f08bd066ea915f05cff8faa7e1a5701d3fa33 06bd439305ec99d751aebbee9f2b59e5b7b2558a3dbc02da2002d832c5432019
CLIENT_HANDSHAKE_TRAFFIC_SECRET adf567f9b16cabd4a472aab5a58e5983a2ff2019117ad02b3b3207e92b1d4de0 ccf73fa547b089a0ac5e78e06a1dbb42a2a15ecbf100f446af1f72659c5474f4
SERVER_HANDSHAKE_TRAFFIC_SECRET adf567f9b16cabd4a472aab5a58e5983a2ff2019117ad02b3b3207e92b1d4de0 b853ced0882d53cde9873fac525e02553f6043839dedf4e90b68f60a663ff266
CLIENT_TRAFFIC_SECRET_0 adf567f9b16cabd4a472aab5a58e5983a2ff2019117ad02b3b3207e92b1d4de0 d9b85bf21b89514c99e1fc86fa385de955c97fad01275cc5b243a77354b137e1
SERVER_TRAFFIC_SECRET_0 adf567f9b16cabd4a472aab5a58e5983a2ff2019117ad02b3b3207e92b1d4de0 c6ffc75a425384d7f75b282cc4b135c151b068d4d5c5498983848f30fe297700
EXPORTER_SECRET adf567f9b16cabd4a472aab5a58e5983a2ff2019117ad02b3b3207e92b1d4de0 80cfe853db3731bcc97fd8af204efd8b25621252adf169ab1e95f99077ff4941
SERVER_HANDSHAKE_TRAFFIC_SECRET adf567f9b16cabd4a472aab5a58e5983a2ff2019117ad02b3b3207e92b1d4de0 b853ced0882d53cde9873fac525e02553f6043839dedf4e90b68f60a663ff266
CLIENT_HANDSHAKE_TRAFFIC_SECRET adf567f9b16cabd4a472aab5a58e5983a2ff2019117ad02b3b3207e92b1d4de0 ccf73fa547b089a0ac5e78e06a1dbb42a2a15ecbf100f446af1f72659c5474f4
SERVER_TRAFFIC_SECRET_0 adf567f9b16cabd4a472aab5a58e5983a2ff2019117ad02b3b3207e92b1d4de0 c6ffc75a425384d7f75b282cc4b135c151b068d4d5c5498983848f30fe297700
CLIENT_TRAFFIC_SECRET_0 adf567f9b16cabd4a472aab5a58e5983a2ff2019117ad02b3b3207e92b1d4de0 d9b85bf21b89514c99e1fc86fa385de955c97fad01275cc5b243a77354b137e1
CLIENT_HANDSHAKE_TRAFFIC_SECRET 71f633e4f5bf8fb6a82c90246906d0e634d05a42d5b24a6b1dca43a481fae968 5f57b668a6de3f940bc90708265b517935fa60660ca9dc82405151200db41729
SERVER_HANDSHAKE_TRAFFIC_SECRET 71f633e4f5bf8fb6a82c90246906d0e634d05a42d5b24a6b1dca43a481fae968 54a7819ba5281bdc7c58ad20228f00cf60a48073578774425c7bddcd0071bd23
CLIENT_TRAFFIC_SECRET_0 71f633e4f5bf8fb6a82c90246906d0e634d05a42d5b24a6b1dca43a481fae968 a2154f49cfd7b819542b250453ab8a749bee07f7503d26e690c10818765f6619
SERVER_TRAFFIC_SECRET_0 71f633e4f5bf8fb6a82c90246906d0e634d05a42d5b24a6b1dca43a481fae968 16339670a93faf42c585768ebeb017c972a0c3c254bb50544d104ed66941a287
EXPORTER_SECRET 71f633e4f5bf8fb6a82c90246906d0e634d05a42d5b24a6b1dca43a481fae968 12d620740b3c641ec3851fba95f7289349299480b12859e47689e7528894283a
SERVER_HANDSHAKE_TRAFFIC_SECRET 71f633e4f5bf8fb6a82c90246906d0e634d05a42d5b24a6b1dca43a481fae968 54a7819ba5281bdc7c58ad20228f00cf60a48073578774425c7bddcd0071bd23
CLIENT_HANDSHAKE_TRAFFIC_SECRET 71f633e4f5bf8fb6a82c90246906d0e634d05a42d5b24a6b1dca43a481fae968 5f57b668a6de3f940bc90708265b517935fa60660ca9dc82405151200db41729
SERVER_TRAFFIC_SECRET_0 71f633e4f5bf8fb6a82c90246906d0e634d05a42d5b24a6b1dca43a481fae968 16339670a93faf42c585768ebeb017c972a0c3c254bb50544d104ed66941a287
CLIENT_TRAFFIC_SECRET_0 71f633e4f5bf8fb6a82c90246906d0e634d05a42d5b24a6b1dca43a481fae968 a2154f49cfd7b819542b250453ab8a749bee07f7503d26e690c10818765f6619
CLIENT_HANDSHAKE_TRAFFIC_SECRET 71cc2f3f3845abf3f84c00bb87bdbbf2393362ab53d7d3a8b4334a8716199e8c b282a3829e736623b4f936c793028ec83adf85774bb3d6471a4e135c7cedf79f
SERVER_HANDSHAKE_TRAFFIC_SECRET 71cc2f3f3845abf3f84c00bb87bdbbf2393362ab53d7d3a8b4334a8716199e8c 6aed036378fbdbbb73d2a2a35409a00911f954fcaacb1a1f5a297cf1e5ae6bff
CLIENT_TRAFFIC_SECRET_0 71cc2f3f3845abf3f84c00bb87bdbbf2393362ab53d7d3a8b4334a8716199e8c a4dde2f6574da2dc3a49ad79ba607bdb623602aa10f4367a41154b573eb9374d
SERVER_TRAFFIC_SECRET_0 71cc2f3f3845abf3f84c00bb87bdbbf2393362ab53d7d3a8b4334a8716199e8c 2f98325e55e8e70c3ec437a33b28a6f931d8644cecd495d4c55e2d79867fffd2
EXPORTER_SECRET 71cc2f3f3845abf3f84c00bb87bdbbf2393362ab53d7d3a8b4334a8716199e8c dd79e4f686a38b89afee3530ebd460c2b72348b9450dbb11e04587b307e80db3
SERVER_HANDSHAKE_TRAFFIC_SECRET 71cc2f3f3845abf3f84c00bb87bdbbf2393362ab53d7d3a8b4334a8716199e8c 6aed036378fbdbbb73d2a2a35409a00911f954fcaacb1a1f5a297cf1e5ae6bff
CLIENT_HANDSHAKE_TRAFFIC_SECRET 71cc2f3f3845abf3f84c00bb87bdbbf2393362ab53d7d3a8b4334a8716199e8c b282a3829e736623b4f936c793028ec83adf85774bb3d6471a4e135c7cedf79f
SERVER_TRAFFIC_SECRET_0 71cc2f3f3845abf3f84c00bb87bdbbf2393362ab53d7d3a8b4334a8716199e8c 2f98325e55e8e70c3ec437a33b28a6f931d8644cecd495d4c55e2d79867fffd2
CLIENT_TRAFFIC_SECRET_0 71cc2f3f3845abf3f84c00bb87bdbbf2393362ab53d7d3a8b4334a8716199e8c a4dde2f6574da2dc3a49ad79ba607bdb623602aa10f4367a41154b573eb9374d
CLIENT_HANDSHAKE_TRAFFIC_SECRET 0dc438b70ff90680f91044530e58919de06a2a0ff007f2cc125db41805b9c83e d83d261acd61ca0f2d7391703ae96a2ad59ecb8f1fcabb1989fde4b7ed6194e0
SERVER_HANDSHAKE_TRAFFIC_SECRET 0dc438b70ff90680f91044530e58919de06a2a0ff007f2cc125db41805b9c83e 5216fc49bfc1043354b4a08206d4f1e5de48794b6f6b42e7d96a84bf2796de81
CLIENT_TRAFFIC_SECRET_0 0dc438b70ff90680f91044530e58919de06a2a0ff007f2cc125db41805b9c83e 4fb1a553a685528728c2ead599025285fbce8c1f4d6f7cead3b0363cbc2d9938
SERVER_TRAFFIC_SECRET_0 0dc438b70ff90680f91044530e58919de06a2a0ff007f2cc125db41805b9c83e f850b62611a2937d4e548bdf809baa456b4a1ea1c54d22ebfef15cb5e58d854a
EXPORTER_SECRET 0dc438b70ff90680f91044530e58919de06a2a0ff007f2cc125db41805b9c83e c7896f64ae085989d94bb196683da756c2f6c486b1b1b72459b80aaa2f87c774
SERVER_HANDSHAKE_TRAFFIC_SECRET 0dc438b70ff90680f91044530e58919de06a2a0ff007f2cc125db41805b9c83e 5216fc49bfc1043354b4a08206d4f1e5de48794b6f6b42e7d96a84bf2796de81
CLIENT_HANDSHAKE_TRAFFIC_SECRET 0dc438b70ff90680f91044530e58919de06a2a0ff007f2cc125db41805b9c83e d83d261acd61ca0f2d7391703ae96a2ad59ecb8f1fcabb1989fde4b7ed6194e0
SERVER_TRAFFIC_SECRET_0 0dc438b70ff90680f91044530e58919de06a2a0ff007f2cc125db41805b9c83e f850b62611a2937d4e548bdf809baa456b4a1ea1c54d22ebfef15cb5e58d854a
CLIENT_TRAFFIC_SECRET_0 0dc438b70ff90680f91044530e58919de06a2a0ff007f2cc125db41805b9c83e 4fb1a553a685528728c2ead599025285fbce8c1f4d6f7cead3b0363cbc2d9938
CLIENT_HANDSHAKE_TRAFFIC_SECRET f7ca7da4d1d83bc7d53616d1c13d64d7421ac6e5ab9317673f9dcb28d1aab13d 5ce5bcc18c1e0ad4bf95d205d0224a8f58f409f54be671089bda925aee4b6e8c
SERVER_HANDSHAKE_TRAFFIC_SECRET f7ca7da4d1d83bc7d53616d1c13d64d7421ac6e5ab9317673f9dcb28d1aab13d 9b2014b9ea3cbb1bd4e11139a15e6c4910141f4fdf6c18721e02740c674c01e8
CLIENT_TRAFFIC_SECRET_0 f7ca7da4d1d83bc7d53616d1c13d64d7421ac6e5ab9317673f9dcb28d1aab13d 5f392705ad9171bcbae7e623623bb935e1ee498cf3c5469b0dfaedf0353f4a87
SERVER_TRAFFIC_SECRET_0 f7ca7da4d1d83bc7d53616d1c13d64d7421ac6e5ab9317673f9dcb28d1aab13d daa3ad2d37513c0f54f07a72b43ce4a213d8d8ca9d2516b0398e10eb69cb4db7
EXPORTER_SECRET f7ca7da4d1d83bc7d53616d1c13d64d7421ac6e5ab9317673f9dcb28d1aab13d c6999d6794c6dfce8c1feff83d6e1acf398ec3c623bb18275f481fe7bed714f2
SERVER_HANDSHAKE_TRAFFIC_SECRET f7ca7da4d1d83bc7d53616d1c13d64d7421ac6e5ab9317673f9dcb28d1aab13d 9b2014b9ea3cbb1bd4e11139a15e6c4910141f4fdf6c18721e02740c674c01e8
CLIENT_HANDSHAKE_TRAFFIC_SECRET f7ca7da4d1d83bc7d53616d1c13d64d7421ac6e5ab9317673f9dcb28d1aab13d 5ce5bcc18c1e0ad4bf95d205d0224a8f58f409f54be671089bda925aee4b6e8c
SERVER_TRAFFIC_SECRET_0 f7ca7da4d1d83bc7d53616d1c13d64d7421ac6e5ab9317673f9dcb28d1aab13d daa3ad2d37513c0f54f07a72b43ce4a213d8d8ca9d2516b0398e10eb69cb4db7
CLIENT_TRAFFIC_SECRET_0 f7ca7da4d1d83bc7d53616d1c13d64d7421ac6e5ab9317673f9dcb28d1aab13d 5f392705ad9171bcbae7e623623bb935e1ee498cf3c5469b0dfaedf0353f4a87
CLIENT_HANDSHAKE_TRAFFIC_SECRET 2529ac9e2c3fda274fa03964f3ef852e2f5dd34061edf54a27c4cc89b036853a 2794f8022b21d16646825b79827fd377d36440aef7aba2e96ffa01495baf69c3
SERVER_HANDSHAKE_TRAFFIC_SECRET 2529ac9e2c3fda274fa03964f3ef852e2f5dd34061edf54a27c4cc89b036853a 401d8400b43d1eb9bab1fd6c3d6d4fc0e0ae136246d04abc085848d83c5cc644
CLIENT_TRAFFIC_SECRET_0 2529ac9e2c3fda274fa03964f3ef852e2f5dd34061edf54a27c4cc89b036853a fca703f9ffb6694b46e1c59a58bc77d4d746634dacf1595376cb4a4cb7648d26
SERVER_TRAFFIC_SECRET_0 2529ac9e2c3fda274fa03964f3ef852e2f5dd34061edf54a27c4cc89b036853a 90d7d88234a3d6f6560762c8d5327097a6283208b464342bc54d6e3eba5d7dcb
EXPORTER_SECRET 2529ac9e2c3fda274fa03964f3ef852e2f5dd34061edf54a27c4cc89b036853a 4220824ffed7d6d9d7b15195403d818f30d4cd8f3f29c1aa2e746a7dbeaf541c
SERVER_HANDSHAKE_TRAFFIC_SECRET 2529ac9e2c3fda274fa03964f3ef852e2f5dd34061edf54a27c4cc89b036853a 401d8400b43d1eb9bab1fd6c3d6d4fc0e0ae136246d04abc085848d83c5cc644
CLIENT_HANDSHAKE_TRAFFIC_SECRET 2529ac9e2c3fda274fa03964f3ef852e2f5dd34061edf54a27c4cc89b036853a 2794f8022b21d16646825b79827fd377d36440aef7aba2e96ffa01495baf69c3
SERVER_TRAFFIC_SECRET_0 2529ac9e2c3fda274fa03964f3ef852e2f5dd34061edf54a27c4cc89b036853a 90d7d88234a3d6f6560762c8d5327097a6283208b464342bc54d6e3eba5d7dcb
CLIENT_TRAFFIC_SECRET_0 2529ac9e2c3fda274fa03964f3ef852e2f5dd34061edf54a27c4cc89b036853a fca703f9ffb6694b46e1c59a58bc77d4d746634dacf1595376cb4a4cb7648d26
CLIENT_HANDSHAKE_TRAFFIC_SECRET 5a0c598c08b13d8d13931391b13c018b5f333565ef2ad98c9b5ebab81b05fabc 75d6172007b1cb6451b552e77996e0d628ea8d8397b15cdd53d4cf6682a2b09f
SERVER_HANDSHAKE_TRAFFIC_SECRET 5a0c598c08b13d8d13931391b13c018b5f333565ef2ad98c9b5ebab81b05fabc 7df917d83429a3237056b8adda44a28f2f79e5566ba22d308aa40f747f4d8429
CLIENT_TRAFFIC_SECRET_0 5a0c598c08b13d8d13931391b13c018b5f333565ef2ad98c9b5ebab81b05fabc 1d137ab316f9141d3c5d4906b5bf52d1aaf6296fdc7b1476af7d2af922483a51
SERVER_TRAFFIC_SECRET_0 5a0c598c08b13d8d13931391b13c018b5f333565ef2ad98c9b5ebab81b05fabc a4d1d6e09798f8feab24acd214d7007edc7fbf8902e25cf53ad3d5718283443f
EXPORTER_SECRET 5a0c598c08b13d8d13931391b13c018b5f333565ef2ad98c9b5ebab81b05fabc 26ba86c729902e2cf20a112968cb041630e8e375e42956cc610cb662521aeede
SERVER_HANDSHAKE_TRAFFIC_SECRET 5a0c598c08b13d8d13931391b13c018b5f333565ef2ad98c9b5ebab81b05fabc 7df917d83429a3237056b8adda44a28f2f79e5566ba22d308aa40f747f4d8429
CLIENT_HANDSHAKE_TRAFFIC_SECRET 5a0c598c08b13d8d13931391b13c018b5f333565ef2ad98c9b5ebab81b05fabc 75d6172007b1cb6451b552e77996e0d628ea8d8397b15cdd53d4cf6682a2b09f
SERVER_TRAFFIC_SECRET_0 5a0c598c08b13d8d13931391b13c018b5f333565ef2ad98c9b5ebab81b05fabc a4d1d6e09798f8feab24acd214d7007edc7fbf8902e25cf53ad3d5718283443f
CLIENT_TRAFFIC_SECRET_0 5a0c598c08b13d8d13931391b13c018b5f333565ef2ad98c9b5ebab81b05fabc 1d137ab316f9141d3c5d4906b5bf52d1aaf6296fdc7b1476af7d2af922483a51
CLIENT_HANDSHAKE_TRAFFIC_SECRET fe56897c122fcae9e7567ed87d7ae02be52795c244046aacfaf32acb076ff5c2 95f9ab86d431cd299aad4d223d81a6aa2a9b37feb4a75331f2cb635cfce34467
SERVER_HANDSHAKE_TRAFFIC_SECRET fe56897c122fcae9e7567ed87d7ae02be52795c244046aacfaf32acb076ff5c2 e2071a18d267103dc80f281b5405b4433d6673331a962d9487b0768a7e40ab7b
CLIENT_TRAFFIC_SECRET_0 fe56897c122fcae9e7567ed87d7ae02be52795c244046aacfaf32acb076ff5c2 a3ba75bbce33942235fdbe3e6ba34b9bf5fe962711d9e7d48be2cef7df919b88
SERVER_TRAFFIC_SECRET_0 fe56897c122fcae9e7567ed87d7ae02be52795c244046aacfaf32acb076ff5c2 474ff827406e3bd36b018d55ea3f6ee837fb883be6e97ca96aca08951943da50
EXPORTER_SECRET fe56897c122fcae9e7567ed87d7ae02be52795c244046aacfaf32acb076ff5c2 2b6ac8650459083383e44a39a7407dafc0341388d4f72edf97ff8e1442632d61
SERVER_HANDSHAKE_TRAFFIC_SECRET fe56897c122fcae9e7567ed87d7ae02be52795c244046aacfaf32acb076ff5c2 e2071a18d267103dc80f281b5405b4433d6673331a962d9487b0768a7e40ab7b
CLIENT_HANDSHAKE_TRAFFIC_SECRET fe56897c122fcae9e7567ed87d7ae02be52795c244046aacfaf32acb076ff5c2 95f9ab86d431cd299aad4d223d81a6aa2a9b37feb4a75331f2cb635cfce34467
SERVER_TRAFFIC_SECRET_0 fe56897c122fcae9e7567ed87d7ae02be52795c244046aacfaf32acb076ff5c2 474ff827406e3bd36b018d55ea3f6ee837fb883be6e97ca96aca08951943da50
CLIENT_TRAFFIC_SECRET_0 fe56897c122fcae9e7567ed87d7ae02be52795c244046aacfaf32acb076ff5c2 a3ba75bbce33942235fdbe3e6ba34b9bf5fe962711d9e7d48be2cef7df919b88
CLIENT_HANDSHAKE_TRAFFIC_SECRET 24473509bed98e685701f63f0aa2f7591397e4b5642290fb3eee7b02412209a5 12e53f49c4293cbf507b28036930388ea9d76801b03563dc05e67397890422a4
SERVER_HANDSHAKE_TRAFFIC_SECRET 24473509bed98e685701f63f0aa2f7591397e4b5642290fb3eee7b02412209a5 5ae63e3fc01962db3b1e13293c285c95293607694d40ff2da823b46d7ebc4ed9
CLIENT_TRAFFIC_SECRET_0 24473509bed98e685701f63f0aa2f7591397e4b5642290fb3eee7b02412209a5 50cfd94be232aedd51fc3cefb8cd59e4410344a4c96bfa420478cbe19428f753
SERVER_TRAFFIC_SECRET_0 24473509bed98e685701f63f0aa2f7591397e4b5642290fb3eee7b02412209a5 eff359e3c1301b2f0418053555e1affee3d7e0df6e0b22dc74f2d1bf6c0735f7
EXPORTER_SECRET 24473509bed98e685701f63f0aa2f7591397e4b5642290fb3eee7b02412209a5 e6d445ec2ebf15ef6390379fdebe3fa5e22a00a9c0f89a55ed6f8ceb1eb5d9fd
SERVER_HANDSHAKE_TRAFFIC_SECRET 24473509bed98e685701f63f0aa2f7591397e4b5642290fb3eee7b02412209a5 5ae63e3fc01962db3b1e13293c285c95293607694d40ff2da823b46d7ebc4ed9
CLIENT_HANDSHAKE_TRAFFIC_SECRET 24473509bed98e685701f63f0aa2f7591397e4b5642290fb3eee7b02412209a5 12e53f49c4293cbf507b28036930388ea9d76801b03563dc05e67397890422a4
SERVER_TRAFFIC_SECRET_0 24473509bed98e685701f63f0aa2f7591397e4b5642290fb3eee7b02412209a5 eff359e3c1301b2f0418053555e1affee3d7e0df6e0b22dc74f2d1bf6c0735f7
CLIENT_TRAFFIC_SECRET_0 24473509bed98e685701f63f0aa2f7591397e4b5642290fb3eee7b02412209a5 50cfd94be232aedd51fc3cefb8cd59e4410344a4c96bfa420478cbe19428f753
CLIENT_HANDSHAKE_TRAFFIC_SECRET 7f7bd67a53fdc49968207fa8d9d94dfcec1ed20d6c3c4b7254e635d46b4d1cff bf9522e544244942904383103194a57ff545daec385625ed231933d39b1a4dc5
SERVER_HANDSHAKE_TRAFFIC_SECRET 7f7bd67a53fdc49968207fa8d9d94dfcec1ed20d6c3c4b7254e635d46b4d1cff ef28ab34d2aa4e32acc0e43e2bbb891134bae19b9b44995cfee5f2c6c08e52f3
CLIENT_TRAFFIC_SECRET_0 7f7bd67a53fdc49968207fa8d9d94dfcec1ed20d6c3c4b7254e635d46b4d1cff 562708f3c20567feeb3d422620ffe7941e4b2d4fc85c6a13be766583ac58e9fe
SERVER_TRAFFIC_SECRET_0 7f7bd67a53fdc49968207fa8d9d94dfcec1ed20d6c3c4b7254e635d46b4d1cff f48d8551fe23ae3b235ad0a2fbcfbf47a09e5e8c1171e92065b6584987d9e6ae
EXPORTER_SECRET 7f7bd67a53fdc49968207fa8d9d94dfcec1ed20d6c3c4b7254e635d46b4d1cff 375ec71f0b7c555d111ae5b42de362f3f0ef25d4a0414c2aa88888196e0aac90
SERVER_HANDSHAKE_TRAFFIC_SECRET 7f7bd67a53fdc49968207fa8d9d94dfcec1ed20d6c3c4b7254e635d46b4d1cff ef28ab34d2aa4e32acc0e43e2bbb891134bae19b9b44995cfee5f2c6c08e52f3
CLIENT_HANDSHAKE_TRAFFIC_SECRET 7f7bd67a53fdc49968207fa8d9d94dfcec1ed20d6c3c4b7254e635d46b4d1cff bf9522e544244942904383103194a57ff545daec385625ed231933d39b1a4dc5
SERVER_TRAFFIC_SECRET_0 7f7bd67a53fdc49968207fa8d9d94dfcec1ed20d6c3c4b7254e635d46b4d1cff f48d8551fe23ae3b235ad0a2fbcfbf47a09e5e8c1171e92065b6584987d9e6ae
CLIENT_TRAFFIC_SECRET_0 7f7bd67a53fdc49968207fa8d9d94dfcec1ed20d6c3c4b7254e635d46b4d1cff 562708f3c20567feeb3d422620ffe7941e4b2d4fc85c6a13be766583ac58e9fe
CLIENT_HANDSHAKE_TRAFFIC_SECRET f98958106fe8bb0c8a5f7e7687870e546858526c6a9e8499e6c9744f29d658f7 0842a3f73a2bce0ec65e8d72f345132a34d60565232aff953b7cfa35960de9b6
SERVER_HANDSHAKE_TRAFFIC_SECRET f98958106fe8bb0c8a5f7e7687870e546858526c6a9e8499e6c9744f29d658f7 7a763b69ce3cbe4df1e0cb5e722f00378879441fa525bd778b58015070131376
CLIENT_TRAFFIC_SECRET_0 f98958106fe8bb0c8a5f7e7687870e546858526c6a9e8499e6c9744f29d658f7 1df7973db268ecdc56bc2144712bd314cafbf5fc95c156183624d62b28b26a01
SERVER_TRAFFIC_SECRET_0 f98958106fe8bb0c8a5f7e7687870e546858526c6a9e8499e6c9744f29d658f7 9e57650df9f750cdbab9b6240f6868790f3f383711ae7f6b8a4ce5a948485317
EXPORTER_SECRET f98958106fe8bb0c8a5f7e7687870e546858526c6a9e8499e6c9744f29d658f7 ed8c7232dccafbfd1ec7afc0ded4452081f946b7e58ad1b3194fa80b3e0fc058
SERVER_HANDSHAKE_TRAFFIC_SECRET f98958106fe8bb0c8a5f7e7687870e546858526c6a9e8499e6c9744f29d658f7 7a763b69ce3cbe4df1e0cb5e722f00378879441fa525bd778b58015070131376
CLIENT_HANDSHAKE_TRAFFIC_SECRET f98958106fe8bb0c8a5f7e7687870e546858526c6a9e8499e6c9744f29d658f7 0842a3f73a2bce0ec65e8d72f345132a34d60565232aff953b7cfa35960de9b6
SERVER_TRAFFIC_SECRET_0 f98958106fe8bb0c8a5f7e7687870e546858526c6a9e8499e6c9744f29d658f7 9e57650df9f750cdbab9b6240f6868790f3f383711ae7f6b8a4ce5a948485317
CLIENT_TRAFFIC_SECRET_0 f98958106fe8bb0c8a5f7e7687870e546858526c6a9e8499e6c9744f29d658f7 1df7973db268ecdc56bc2144712bd314cafbf5fc95c156183624d62b28b26a01
CLIENT_HANDSHAKE_TRAFFIC_SECRET 66528d1d10212365a6e4fcfe2b7c871c4faebcdde5352883288c7b83851bb522 32f12d836e831dabcf663f2f83fdf4fb86bf1cc872684d68e0f1a4f0abf39795
SERVER_HANDSHAKE_TRAFFIC_SECRET 66528d1d10212365a6e4fcfe2b7c871c4faebcdde5352883288c7b83851bb522 a24efa1b6f6b0967407592b9ad74c7bf7869e11bb6f6267c773d5ebfc5b7e72b
CLIENT_TRAFFIC_SECRET_0 66528d1d10212365a6e4fcfe2b7c871c4faebcdde5352883288c7b83851bb522 34c3add6085465060d0e7a51fbd16b64ee8e77c3d04b5b3a481f96eee77ad6cf
SERVER_TRAFFIC_SECRET_0 66528d1d10212365a6e4fcfe2b7c871c4faebcdde5352883288c7b83851bb522 3d338906f3eae347a23b1caa5ec609e0468f581ad43444538cfce20e248a678b
EXPORTER_SECRET 66528d1d10212365a6e4fcfe2b7c871c4faebcdde5352883288c7b83851bb522 301a0e295d66c87edc5f7cc49a104ffd51949411cbb22d4680aa292e0935f848
SERVER_HANDSHAKE_TRAFFIC_SECRET 66528d1d10212365a6e4fcfe2b7c871c4faebcdde5352883288c7b83851bb522 a24efa1b6f6b0967407592b9ad74c7bf7869e11bb6f6267c773d5ebfc5b7e72b
CLIENT_HANDSHAKE_TRAFFIC_SECRET 66528d1d10212365a6e4fcfe2b7c871c4faebcdde5352883288c7b83851bb522 32f12d836e831dabcf663f2f83fdf4fb86bf1cc872684d68e0f1a4f0abf39795
SERVER_TRAFFIC_SECRET_0 66528d1d10212365a6e4fcfe2b7c871c4faebcdde5352883288c7b83851bb522 3d338906f3eae347a23b1caa5ec609e0468f581ad43444538cfce20e248a678b
CLIENT_TRAFFIC_SECRET_0 66528d1d10212365a6e4fcfe2b7c871c4faebcdde5352883288c7b83851bb522 34c3add6085465060d0e7a51fbd16b64ee8e77c3d04b5b3a481f96eee77ad6cf
CLIENT_HANDSHAKE_TRAFFIC_SECRET bef1cc088c89037d47d9cfab639b446185b26a07f879095233c1e96452913d3f f52325df10dd8279af6f8e4415dc1b9a2792b96022b3a3c4e527712852409de4
SERVER_HANDSHAKE_TRAFFIC_SECRET bef1cc088c89037d47d9cfab639b446185b26a07f879095233c1e96452913d3f 60b0d914cbcc213febfb6bf4001d39d2105ae372765ecca7e3e018ac2525206c
CLIENT_TRAFFIC_SECRET_0 bef1cc088c89037d47d9cfab639b446185b26a07f879095233c1e96452913d3f 28c80550244dae2a833a2332064579420c04bbc65fc7e75f7760b5fd1613a9c7
SERVER_TRAFFIC_SECRET_0 bef1cc088c89037d47d9cfab639b446185b26a07f879095233c1e96452913d3f 0261bb3cbbced8ddc91626863b5e9815e6df4f803b0f754b4b29f3d799dd389b
EXPORTER_SECRET bef1cc088c89037d47d9cfab639b446185b26a07f879095233c1e96452913d3f 90ec73ab67df849a466ef9fdab433bfb699884eb2583eb576d8b24383a030f6b
SERVER_HANDSHAKE_TRAFFIC_SECRET bef1cc088c89037d47d9cfab639b446185b26a07f879095233c1e96452913d3f 60b0d914cbcc213febfb6bf4001d39d2105ae372765ecca7e3e018ac2525206c
CLIENT_HANDSHAKE_TRAFFIC_SECRET bef1cc088c89037d47d9cfab639b446185b26a07f879095233c1e96452913d3f f52325df10dd8279af6f8e4415dc1b9a2792b96022b3a3c4e527712852409de4
SERVER_TRAFFIC_SECRET_0 bef1cc088c89037d47d9cfab639b446185b26a07f879095233c1e96452913d3f 0261bb3cbbced8ddc91626863b5e9815e6df4f803b0f754b4b29f3d799dd389b
CLIENT_TRAFFIC_SECRET_0 bef1cc088c89037d47d9cfab639b446185b26a07f879095233c1e96452913d3f 28c80550244dae2a833a2332064579420c04bbc65fc7e75f7760b5fd1613a9c7
CLIENT_HANDSHAKE_TRAFFIC_SECRET a61f152e8c21a3b74e5d882f641708e9499a85fa58ccd0a826fd35a318045c06 6961354b243433959adec53b8350390d46c2742e9ba79e1ffa2d66efc3fc2a18
SERVER_HANDSHAKE_TRAFFIC_SECRET a61f152e8c21a3b74e5d882f641708e9499a85fa58ccd0a826fd35a318045c06 2fe6079188d469ae375c1c5a8c3061bcf63b058e6aae4a11d2b638b38ecd7169
CLIENT_TRAFFIC_SECRET_0 a61f152e8c21a3b74e5d882f641708e9499a85fa58ccd0a826fd35a318045c06 0f806f961dfca22f8223094e4caed75969505ac86c4f7a1c2c3e15e7ad236f08
SERVER_TRAFFIC_SECRET_0 a61f152e8c21a3b74e5d882f641708e9499a85fa58ccd0a826fd35a318045c06 65c0339f144d4c364f0b89d099d16e8f9de1dc4a78eb8c6d15e9b76ac31e5c11
EXPORTER_SECRET a61f152e8c21a3b74e5d882f641708e9499a85fa58ccd0a826fd35a318045c06 8df1a236a4f7f7d0e87c3c6b93a8b3133af42a6447f36e6f7a42e4f1522f0f47
SERVER_HANDSHAKE_TRAFFIC_SECRET a61f152e8c21a3b74e5d882f641708e9499a85fa58ccd0a826fd35a318045c06 2fe6079188d469ae375c1c5a8c3061bcf63b058e6aae4a11d2b638b38ecd7169
CLIENT_HANDSHAKE_TRAFFIC_SECRET a61f152e8c21a3b74e5d882f641708e9499a85fa58ccd0a826fd35a318045c06 6961354b243433959adec53b8350390d46c2742e9ba79e1ffa2d66efc3fc2a18
SERVER_TRAFFIC_SECRET_0 a61f152e8c21a3b74e5d882f641708e9499a85fa58ccd0a826fd35a318045c06 65c0339f144d4c364f0b89d099d16e8f9de1dc4a78eb8c6d15e9b76ac31e5c11
CLIENT_TRAFFIC_SECRET_0 a61f152e8c21a3b74e5d882f641708e9499a85fa58ccd0a826fd35a318045c06 0f806f961dfca22f8223094e4caed75969505ac86c4f7a1c2c3e15e7ad236f08
CLIENT_HANDSHAKE_TRAFFIC_SECRET 9c5592b519535a4b5f01867784f983acc9849049e0bb31a9f425fb47034b3023 ed2ac1f3519253dd3158a9f8e6848512a40478c4a63a44e0e8f9c32c39fc0111
SERVER_HANDSHAKE_TRAFFIC_SECRET 9c5592b519535a4b5f01867784f983acc9849049e0bb31a9f425fb47034b3023 54dd57b30f2d48f460e95c262669b4996d45f7d7735c393a1a99eaf2654032d5
CLIENT_TRAFFIC_SECRET_0 9c5592b519535a4b5f01867784f983acc9849049e0bb31a9f425fb47034b3023 8899098172cec5c6509aab7a3ba6e59373479d3ee534995a92a4b5372ca2251c
SERVER_TRAFFIC_SECRET_0 9c5592b519535a4b5f01867784f983acc9849049e0bb31a9f425fb47034b3023 2ca77174d8f15004698babf9315cada0897151667f3ec81bafbfeb9abc71418e
EXPORTER_SECRET 9c5592b519535a4b5f01867784f983acc9849049e0bb31a9f425fb47034b3023 5de8257f3b3ef8a897a99b6a2a80fa38ce15e904f90d9ad8172cd71127c4cea4
SERVER_HANDSHAKE_TRAFFIC_SECRET 9c5592b519535a4b5f01867784f983acc9849049e0bb31a9f425fb47034b3023 54dd57b30f2d48f460e95c262669b4996d45f7d7735c393a1a99eaf2654032d5
CLIENT_HANDSHAKE_TRAFFIC_SECRET 9c5592b519535a4b5f01867784f983acc9849049e0bb31a9f425fb47034b3023 ed2ac1f3519253dd3158a9f8e6848512a40478c4a63a44e0e8f9c32c39fc0111
SERVER_TRAFFIC_SECRET_0 9c5592b519535a4b5f01867784f983acc9849049e0bb31a9f425fb47034b3023 2ca77174d8f15004698babf9315cada0897151667f3ec81bafbfeb9abc71418e
CLIENT_TRAFFIC_SECRET_0 9c5592b519535a4b5f01867784f983acc9849049e0bb31a9f425fb47034b3023 8899098172cec5c6509aab7a3ba6e59373479d3ee534995a92a4b5372ca2251c
CLIENT_HANDSHAKE_TRAFFIC_SECRET a75c808e33c1b2e902f57456a9c71ecb7455c30c926729dd1627644842add5fc a598a6a59b97b790e06a19f69ea831e5719e9e1dca7b1df0ddcda3201fb8a771
SERVER_HANDSHAKE_TRAFFIC_SECRET a75c808e33c1b2e902f57456a9c71ecb7455c30c926729dd1627644842add5fc 08fc94beccc1ce864f2820119a48db04c4d07850505c646bb205d87da06cc6ae
CLIENT_TRAFFIC_SECRET_0 a75c808e33c1b2e902f57456a9c71ecb7455c30c926729dd1627644842add5fc ca5c786b6a07fca67f35037fab479c4f7d6899ffe6e81c44d187ab0cd8cc95dc
SERVER_TRAFFIC_SECRET_0 a75c808e33c1b2e902f57456a9c71ecb7455c30c926729dd1627644842add5fc cc279ebb6b1fcd612ae0fc303107ca255b04add78333662351a21d75c07e2fd6
EXPORTER_SECRET a75c808e33c1b2e902f57456a9c71ecb7455c30c926729dd1627644842add5fc 82d84e5e3d896a9f6d619df61c0fcf7b35225eebe1f35b765d0e25ee85d74b61
SERVER_HANDSHAKE_TRAFFIC_SECRET a75c808e33c1b2e902f57456a9c71ecb7455c30c926729dd1627644842add5fc 08fc94beccc1ce864f2820119a48db04c4d07850505c646bb205d87da06cc6ae
CLIENT_HANDSHAKE_TRAFFIC_SECRET a75c808e33c1b2e902f57456a9c71ecb7455c30c926729dd1627644842add5fc a598a6a59b97b790e06a19f69ea831e5719e9e1dca7b1df0ddcda3201fb8a771
SERVER_TRAFFIC_SECRET_0 a75c808e33c1b2e902f57456a9c71ecb7455c30c926729dd1627644842add5fc cc279ebb6b1fcd612ae0fc303107ca255b04add78333662351a21d75c07e2fd6
CLIENT_TRAFFIC_SECRET_0 a75c808e33c1b2e902f57456a9c71ecb7455c30c926729dd1627644842add5fc ca5c786b6a07fca67f35037fab479c4f7d6899ffe6e81c44d187ab0cd8cc95dc
CLIENT_HANDSHAKE_TRAFFIC_SECRET e1a6958e0900e9e79da3e734fbebbf249dec129c406f09d289c41c2eacf9d066 5be0aec6bd74cdb72eb59b6e975f72c42b0e53a9cc74e46cb6d103b4cd933bfb
SERVER_HANDSHAKE_TRAFFIC_SECRET e1a6958e0900e9e79da3e734fbebbf249dec129c406f09d289c41c2eacf9d066 d665b36e6bb324e2572398e7b105729228e3f6ea9d0a247c9e4d7daf7ccaf389
CLIENT_TRAFFIC_SECRET_0 e1a6958e0900e9e79da3e734fbebbf249dec129c406f09d289c41c2eacf9d066 b66c71d0e9db51289915d6305af7c56a7c4a38faa4202b118ae74fa059e7ab0d
SERVER_TRAFFIC_SECRET_0 e1a6958e0900e9e79da3e734fbebbf249dec129c406f09d289c41c2eacf9d066 d3b13b1ba173e0011fa2a24d7e40ae3582903466d07aedaaa803a2ec545f47f8
EXPORTER_SECRET e1a6958e0900e9e79da3e734fbebbf249dec129c406f09d289c41c2eacf9d066 04c7a26c6435fe8a8bcbaab911d9f608a5d5e57e1533d90d73f6a4993ec65c63
SERVER_HANDSHAKE_TRAFFIC_SECRET e1a6958e0900e9e79da3e734fbebbf249dec129c406f09d289c41c2eacf9d066 d665b36e6bb324e2572398e7b105729228e3f6ea9d0a247c9e4d7daf7ccaf389
CLIENT_HANDSHAKE_TRAFFIC_SECRET e1a6958e0900e9e79da3e734fbebbf249dec129c406f09d289c41c2eacf9d066 5be0aec6bd74cdb72eb59b6e975f72c42b0e53a9cc74e46cb6d103b4cd933bfb
SERVER_TRAFFIC_SECRET_0 e1a6958e0900e9e79da3e734fbebbf249dec129c406f09d289c41c2eacf9d066 d3b13b1ba173e0011fa2a24d7e40ae3582903466d07aedaaa803a2ec545f47f8
CLIENT_TRAFFIC_SECRET_0 e1a6958e0900e9e79da3e734fbebbf249dec129c406f09d289c41c2eacf9d066 b66c71d0e9db51289915d6305af7c56a7c4a38faa4202b118ae74fa059e7ab0d
CLIENT_HANDSHAKE_TRAFFIC_SECRET 541d5f17d7949b5e3cd87bb270bb981ec9868820fcdfc7d2f89a3e26898ef644 0c21f0319fc8b520176399a5eef9ab588c83c96cd2453b771dca6323f4a7368b
SERVER_HANDSHAKE_TRAFFIC_SECRET 541d5f17d7949b5e3cd87bb270bb981ec9868820fcdfc7d2f89a3e26898ef644 1dfc32dc2680f3c483571e438dc07ec4d6b235ea6ea3aec21ff5c8f447ed80a1
CLIENT_TRAFFIC_SECRET_0 541d5f17d7949b5e3cd87bb270bb981ec9868820fcdfc7d2f89a3e26898ef644 70f7ff65b4522d9e0e18e103353b61596c35a5b0e87694ce6ab88e6d9524ad9e
SERVER_TRAFFIC_SECRET_0 541d5f17d7949b5e3cd87bb270bb981ec9868820fcdfc7d2f89a3e26898ef644 d9050bef9c4a7dac8b06d43b29416b3acc5c29364be27037b069c9ae8bad7afa
EXPORTER_SECRET 541d5f17d7949b5e3cd87bb270bb981ec9868820fcdfc7d2f89a3e26898ef644 04b2efb83c341ed8e4618308aba5741669a11b38eaa4193f87b1bd3f617140e1
SERVER_HANDSHAKE_TRAFFIC_SECRET 541d5f17d7949b5e3cd87bb270bb981ec9868820fcdfc7d2f89a3e26898ef644 1dfc32dc2680f3c483571e438dc07ec4d6b235ea6ea3aec21ff5c8f447ed80a1
CLIENT_HANDSHAKE_TRAFFIC_SECRET 541d5f17d7949b5e3cd87bb270bb981ec9868820fcdfc7d2f89a3e26898ef644 0c21f0319fc8b520176399a5eef9ab588c83c96cd2453b771dca6323f4a7368b
SERVER_TRAFFIC_SECRET_0 541d5f17d7949b5e3cd87bb270bb981ec9868820fcdfc7d2f89a3e26898ef644 d9050bef9c4a7dac8b06d43b29416b3acc5c29364be27037b069c9ae8bad7afa
CLIENT_TRAFFIC_SECRET_0 541d5f17d7949b5e3cd87bb270bb981ec9868820fcdfc7d2f89a3e26898ef644 70f7ff65b4522d9e0e18e103353b61596c35a5b0e87694ce6ab88e6d9524ad9e
CLIENT_HANDSHAKE_TRAFFIC_SECRET d05ba8376ef3c494050422f7eee3100f81029deb85f11d9feb4a71eb46d88f39 36adcb6496830980e01f5ab04c12ac2b401da7c7f4f69bc245eae859016bf9cd
SERVER_HANDSHAKE_TRAFFIC_SECRET d05ba8376ef3c494050422f7eee3100f81029deb85f11d9feb4a71eb46d88f39 2fa22fc6c806f168739eec8a3d3cb105f4ab530723f9416bf7739d1c21e3a77b
CLIENT_TRAFFIC_SECRET_0 d05ba8376ef3c494050422f7eee3100f81029deb85f11d9feb4a71eb46d88f39 9b65180f03258b192f6c03ef367d871a00386e257dad9aaa8ad70f87d3ce7fe9
SERVER_TRAFFIC_SECRET_0 d05ba8376ef3c494050422f7eee3100f81029deb85f11d9feb4a71eb46d88f39 e8ee349edf4dcf9c57bd6c0229633114dee635e0bdf532f0648aed59d9303bb6
EXPORTER_SECRET d05ba8376ef3c494050422f7eee3100f81029deb85f11d9feb4a71eb46d88f39 bf5c61694b1c15f8d0f3e6b0c683a2308492deb7251ada992accaaf60a764a4f
SERVER_HANDSHAKE_TRAFFIC_SECRET d05ba8376ef3c494050422f7eee3100f81029deb85f11d9feb4a71eb46d88f39 2fa22fc6c806f168739eec8a3d3cb105f4ab530723f9416bf7739d1c21e3a77b
CLIENT_HANDSHAKE_TRAFFIC_SECRET d05ba8376ef3c494050422f7eee3100f81029deb85f11d9feb4a71eb46d88f39 36adcb6496830980e01f5ab04c12ac2b401da7c7f4f69bc245eae859016bf9cd
SERVER_TRAFFIC_SECRET_0 d05ba8376ef3c494050422f7eee3100f81029deb85f11d9feb4a71eb46d88f39 e8ee349edf4dcf9c57bd6c0229633114dee635e0bdf532f0648aed59d9303bb6
CLIENT_TRAFFIC_SECRET_0 d05ba8376ef3c494050422f7eee3100f81029deb85f11d9feb4a71eb46d88f39 9b65180f03258b192f6c03ef367d871a00386e257dad9aaa8ad70f87d3ce7fe9
CLIENT_HANDSHAKE_TRAFFIC_SECRET bf414d619471b83b5e66b49e5b2d9e2099cb7033f0df366d54aed17da7e643d4 3ce23103e63ff4fe609cdcdce8ee4dfc48d82b909bed99d6c0503658fca2b816
SERVER_HANDSHAKE_TRAFFIC_SECRET bf414d619471b83b5e66b49e5b2d9e2099cb7033f0df366d54aed17da7e643d4 adf211743d67711b60877ab5d894a71204763700e2b63c663fd7390c45f6eeb8
CLIENT_TRAFFIC_SECRET_0 bf414d619471b83b5e66b49e5b2d9e2099cb7033f0df366d54aed17da7e643d4 cbf4e7ea6180e0d78f54fa21b01f754652d137e3a5433302d754bf4be2108193
SERVER_TRAFFIC_SECRET_0 bf414d619471b83b5e66b49e5b2d9e2099cb7033f0df366d54aed17da7e643d4 a55be6e87253448662fe99c466dfd07bb971bc14ec2baef0d34bd617d779abf1
EXPORTER_SECRET bf414d619471b83b5e66b49e5b2d9e2099cb7033f0df366d54aed17da7e643d4 4774e763904f36affdd8ac82820af43bbc3301cb4709bd657a0d3edf20a74af5
SERVER_HANDSHAKE_TRAFFIC_SECRET bf414d619471b83b5e66b49e5b2d9e2099cb7033f0df366d54aed17da7e643d4 adf211743d67711b60877ab5d894a71204763700e2b63c663fd7390c45f6eeb8
CLIENT_HANDSHAKE_TRAFFIC_SECRET bf414d619471b83b5e66b49e5b2d9e2099cb7033f0df366d54aed17da7e643d4 3ce23103e63ff4fe609cdcdce8ee4dfc48d82b909bed99d6c0503658fca2b816
SERVER_TRAFFIC_SECRET_0 bf414d619471b83b5e66b49e5b2d9e2099cb7033f0df366d54aed17da7e643d4 a55be6e87253448662fe99c466dfd07bb971bc14ec2baef0d34bd617d779abf1
CLIENT_TRAFFIC_SECRET_0 bf414d619471b83b5e66b49e5b2d9e2099cb7033f0df366d54aed17da7e643d4 cbf4e7ea6180e0d78f54fa21b01f754652d137e3a5433302d754bf4be2108193
CLIENT_HANDSHAKE_TRAFFIC_SECRET bce000ea550743a210aed95661620e45206a2d667aacac5d7339425369dce034 9eb154a71282964359d033a487350a1530bf83818446dfcf085052c3fd97ea13
SERVER_HANDSHAKE_TRAFFIC_SECRET bce000ea550743a210aed95661620e45206a2d667aacac5d7339425369dce034 0d8dc7ed18fdca62cf9d6664b4af1f0794e08413b967b8d764b0a6a24000759f
CLIENT_TRAFFIC_SECRET_0 bce000ea550743a210aed95661620e45206a2d667aacac5d7339425369dce034 69e0a35066b9b9ea27489d40e18250b134173160b4b0d54f16bef5ef14d66cb6
SERVER_TRAFFIC_SECRET_0 bce000ea550743a210aed95661620e45206a2d667aacac5d7339425369dce034 0967e4c352e44f9122a5fc92a8ce8f0d39b73ffa7eba1000871379bbd48cdd60
EXPORTER_SECRET bce000ea550743a210aed95661620e45206a2d667aacac5d7339425369dce034 1e510d462cec1109ebe5bc1dfeb18733c5af2b4bf627b3e5f32e3b37e268c48a
SERVER_HANDSHAKE_TRAFFIC_SECRET bce000ea550743a210aed95661620e45206a2d667aacac5d7339425369dce034 0d8dc7ed18fdca62cf9d6664b4af1f0794e08413b967b8d764b0a6a24000759f
CLIENT_HANDSHAKE_TRAFFIC_SECRET bce000ea550743a210aed95661620e45206a2d667aacac5d7339425369dce034 9eb154a71282964359d033a487350a1530bf83818446dfcf085052c3fd97ea13
SERVER_TRAFFIC_SECRET_0 bce000ea550743a210aed95661620e45206a2d667aacac5d7339425369dce034 0967e4c352e44f9122a5fc92a8ce8f0d39b73ffa7eba1000871379bbd48cdd60
CLIENT_TRAFFIC_SECRET_0 bce000ea550743a210aed95661620e45206a2d667aacac5d7339425369dce034 69e0a35066b9b9ea27489d40e18250b134173160b4b0d54f16bef5ef14d66cb6
CLIENT_HANDSHAKE_TRAFFIC_SECRET 2c4d4e8cd3f52e10a1983cf3bc7bebfb38f2a51e34ee43422216973dcbc3f7f6 8c15992f65ddf9166c90b84a988f135ef733b655b07c9cd742350c5efc22aecb
SERVER_HANDSHAKE_TRAFFIC_SECRET 2c4d4e8cd3f52e10a1983cf3bc7bebfb38f2a51e34ee43422216973dcbc3f7f6 9833be1833d4572c7f14cccd3d6c0ea6ef007416618d614c12e4fa2d105e9124
CLIENT_TRAFFIC_SECRET_0 2c4d4e8cd3f52e10a1983cf3bc7bebfb38f2a51e34ee43422216973dcbc3f7f6 223a0c90116ba6c5cd6eff73ff7aed1a2079da7dce76f3c04c0d8dc7f3d95f1a
SERVER_TRAFFIC_SECRET_0 2c4d4e8cd3f52e10a1983cf3bc7bebfb38f2a51e34ee43422216973dcbc3f7f6 b12837fe51b45c3a0b820cdc6f9c2983a0ae3cb636c8ef62dd6f23b0e0df3b65
EXPORTER_SECRET 2c4d4e8cd3f52e10a1983cf3bc7bebfb38f2a51e34ee43422216973dcbc3f7f6 f8dd6467dcea71309314877bb6d10cd6dfd290e4188b6eea2ac7d06f10c8d0f0
SERVER_HANDSHAKE_TRAFFIC_SECRET 2c4d4e8cd3f52e10a1983cf3bc7bebfb38f2a51e34ee43422216973dcbc3f7f6 9833be1833d4572c7f14cccd3d6c0ea6ef007416618d614c12e4fa2d105e9124
CLIENT_HANDSHAKE_TRAFFIC_SECRET 2c4d4e8cd3f52e10a1983cf3bc7bebfb38f2a51e34ee43422216973dcbc3f7f6 8c15992f65ddf9166c90b84a988f135ef733b655b07c9cd742350c5efc22aecb
SERVER_TRAFFIC_SECRET_0 2c4d4e8cd3f52e10a1983cf3bc7bebfb38f2a51e34ee43422216973dcbc3f7f6 b12837fe51b45c3a0b820cdc6f9c2983a0ae3cb636c8ef62dd6f23b0e0df3b65
CLIENT_TRAFFIC_SECRET_0 2c4d4e8cd3f52e10a1983cf3bc7bebfb38f2a51e34ee43422216973dcbc3f7f6 223a0c90116ba6c5cd6eff73ff7aed1a2079da7dce76f3c04c0d8dc7f3d95f1a
CLIENT_HANDSHAKE_TRAFFIC_SECRET 97849669042a0819948210e97b02ca8795e719f83aa59035f938030e7f298f53 40b418c38f6763db399cf886126e33c87a30e7a70ec500d6765e5d92f56024a4
SERVER_HANDSHAKE_TRAFFIC_SECRET 97849669042a0819948210e97b02ca8795e719f83aa59035f938030e7f298f53 c8a649174bc79bad5d0d2d90ddfe4bd4b1977c1483f0893f0f8b1d04d0028a62
CLIENT_TRAFFIC_SECRET_0 97849669042a0819948210e97b02ca8795e719f83aa59035f938030e7f298f53 de07605a2f0533a83ee88bd39daabd1bdcdc4ff37f9b9f12b533326ef9915221
SERVER_TRAFFIC_SECRET_0 97849669042a0819948210e97b02ca8795e719f83aa59035f938030e7f298f53 dbeb07473519fb8a4552472748baf0fd73a448c3fcd45ca2b18ea9a481c9ebdf
EXPORTER_SECRET 97849669042a0819948210e97b02ca8795e719f83aa59035f938030e7f298f53 5d1339bd091481c54d54c0762fb9682a421b46c27f13a03b2b7c54fb3d48a50c
SERVER_HANDSHAKE_TRAFFIC_SECRET 97849669042a0819948210e97b02ca8795e719f83aa59035f938030e7f298f53 c8a649174bc79bad5d0d2d90ddfe4bd4b1977c1483f0893f0f8b1d04d0028a62
CLIENT_HANDSHAKE_TRAFFIC_SECRET 97849669042a0819948210e97b02ca8795e719f83aa59035f938030e7f298f53 40b418c38f6763db399cf886126e33c87a30e7a70ec500d6765e5d92f56024a4
SERVER_TRAFFIC_SECRET_0 97849669042a0819948210e97b02ca8795e719f83aa59035f938030e7f298f53 dbeb07473519fb8a4552472748baf0fd73a448c3fcd45ca2b18ea9a481c9ebdf
CLIENT_TRAFFIC_SECRET_0 97849669042a0819948210e97b02ca8795e719f83aa59035f938030e7f298f53 de07605a2f0533a83ee88bd39daabd1bdcdc4ff37f9b9f12b533326ef9915221
CLIENT_HANDSHAKE_TRAFFIC_SECRET ccc4d13c02b48f1a7a7d4cc2e50ea6d9445dcecce6402fd2c39d2555254e1373 c05981a1e29249171ccb6d8189f2d3bfb8a6efbd0604ac17f595920753636767
SERVER_HANDSHAKE_TRAFFIC_SECRET ccc4d13c02b48f1a7a7d4cc2e50ea6d9445dcecce6402fd2c39d2555254e1373 d90383cfd9730c4d4a3f82ac7753d3ad9b96ecd317f5eb96ec1d2f834e5c2404
CLIENT_TRAFFIC_SECRET_0 ccc4d13c02b48f1a7a7d4cc2e50ea6d9445dcecce6402fd2c39d2555254e1373 cbbd54c03ac1e562ed78d56d7de5cdefb491878467672f9554e3f1c49aa4440d
SERVER_TRAFFIC_SECRET_0 ccc4d13c02b48f1a7a7d4cc2e50ea6d9445dcecce6402fd2c39d2555254e1373 26cbd309b1195f8683b196d44ab40e9d4c9bb7a94e290f6fbb0eb3ccb0707f15
EXPORTER_SECRET ccc4d13c02b48f1a7a7d4cc2e50ea6d9445dcecce6402fd2c39d2555254e1373 5f6010555e48fabf23e8ce684357ca85fd280c024d662aa24309e8b92627eeea
SERVER_HANDSHAKE_TRAFFIC_SECRET ccc4d13c02b48f1a7a7d4cc2e50ea6d9445dcecce6402fd2c39d2555254e1373 d90383cfd9730c4d4a3f82ac7753d3ad9b96ecd317f5eb96ec1d2f834e5c2404
CLIENT_HANDSHAKE_TRAFFIC_SECRET ccc4d13c02b48f1a7a7d4cc2e50ea6d9445dcecce6402fd2c39d2555254e1373 c05981a1e29249171ccb6d8189f2d3bfb8a6efbd0604ac17f595920753636767
SERVER_TRAFFIC_SECRET_0 ccc4d13c02b48f1a7a7d4cc2e50ea6d9445dcecce6402fd2c39d2555254e1373 26cbd309b1195f8683b196d44ab40e9d4c9bb7a94e290f6fbb0eb3ccb0707f15
CLIENT_TRAFFIC_SECRET_0 ccc4d13c02b48f1a7a7d4cc2e50ea6d9445dcecce6402fd2c39d2555254e1373 cbbd54c03ac1e562ed78d56d7de5cdefb491878467672f9554e3f1c49aa4440d
CLIENT_HANDSHAKE_TRAFFIC_SECRET eacbf25ec9ddf9a75ccdd3e791df32dc05709c44ffc7aa9c0fa0bd5fd514af3f 46aa198ae8b14d97889ca11bdebeac252aa856586e020a0604ffd5a7d9386a64
SERVER_HANDSHAKE_TRAFFIC_SECRET eacbf25ec9ddf9a75ccdd3e791df32dc05709c44ffc7aa9c0fa0bd5fd514af3f cccbcc69af7af26aa5f3028c2adf885f7df0f01ed1ef57a030baeb40db3880cf
CLIENT_TRAFFIC_SECRET_0 eacbf25ec9ddf9a75ccdd3e791df32dc05709c44ffc7aa9c0fa0bd5fd514af3f 5f43046d971b4bbfb848e524d0ad904db6a10c86a944594e7a11bd71fc3a26c4
SERVER_TRAFFIC_SECRET_0 eacbf25ec9ddf9a75ccdd3e791df32dc05709c44ffc7aa9c0fa0bd5fd514af3f c38c1e7857d3838ff92e1ea7727f23bbd229833fa88e196be0c0b4f90a0d1098
EXPORTER_SECRET eacbf25ec9ddf9a75ccdd3e791df32dc05709c44ffc7aa9c0fa0bd5fd514af3f 346cac5453a4d8a2c6dfa747b52ae4ce33688e550e6414fa212335904576537c
SERVER_HANDSHAKE_TRAFFIC_SECRET eacbf25ec9ddf9a75ccdd3e791df32dc05709c44ffc7aa9c0fa0bd5fd514af3f cccbcc69af7af26aa5f3028c2adf885f7df0f01ed1ef57a030baeb40db3880cf
CLIENT_HANDSHAKE_TRAFFIC_SECRET eacbf25ec9ddf9a75ccdd3e791df32dc05709c44ffc7aa9c0fa0bd5fd514af3f 46aa198ae8b14d97889ca11bdebeac252aa856586e020a0604ffd5a7d9386a64
SERVER_TRAFFIC_SECRET_0 eacbf25ec9ddf9a75ccdd3e791df32dc05709c44ffc7aa9c0fa0bd5fd514af3f c38c1e7857d3838ff92e1ea7727f23bbd229833fa88e196be0c0b4f90a0d1098
CLIENT_TRAFFIC_SECRET_0 eacbf25ec9ddf9a75ccdd3e791df32dc05709c44ffc7aa9c0fa0bd5fd514af3f 5f43046d971b4bbfb848e524d0ad904db6a10c86a944594e7a11bd71fc3a26c4
CLIENT_HANDSHAKE_TRAFFIC_SECRET 51b23f3d47b54be3e4c316a4e2ccc02aaa73488f9096d2bf9fd3c4607024453f 8a81677c9081e099b3a99f7a2043b525d91ec173af614196dea264385068cf58
SERVER_HANDSHAKE_TRAFFIC_SECRET 51b23f3d47b54be3e4c316a4e2ccc02aaa73488f9096d2bf9fd3c4607024453f 8db9539213acd5ca35da122758838408d69dbaf57fb76e7f57e831d8e77d20d7
CLIENT_TRAFFIC_SECRET_0 51b23f3d47b54be3e4c316a4e2ccc02aaa73488f9096d2bf9fd3c4607024453f 5ff4536b0db4eebc96da52dbfb995d497b959afb89020f9e686e1380c51ec68b
SERVER_TRAFFIC_SECRET_0 51b23f3d47b54be3e4c316a4e2ccc02aaa73488f9096d2bf9fd3c4607024453f b48718a9b5e5bbb344f0a480050c2328f0f0a19f5cbedc5796faff61e9a402d4
EXPORTER_SECRET 51b23f3d47b54be3e4c316a4e2ccc02aaa73488f9096d2bf9fd3c4607024453f e8a23bb39c2208f44a5b640f98793ffdccd93b5605e08ab351b6a3fe9c049645
SERVER_HANDSHAKE_TRAFFIC_SECRET 51b23f3d47b54be3e4c316a4e2ccc02aaa73488f9096d2bf9fd3c4607024453f 8db9539213acd5ca35da122758838408d69dbaf57fb76e7f57e831d8e77d20d7
CLIENT_HANDSHAKE_TRAFFIC_SECRET 51b23f3d47b54be3e4c316a4e2ccc02aaa73488f9096d2bf9fd3c4607024453f 8a81677c9081e099b3a99f7a2043b525d91ec173af614196dea264385068cf58
SERVER_TRAFFIC_SECRET_0 51b23f3d47b54be3e4c316a4e2ccc02aaa73488f9096d2bf9fd3c4607024453f b48718a9b5e5bbb344f0a480050c2328f0f0a19f5cbedc5796faff61e9a402d4
CLIENT_TRAFFIC_SECRET_0 51b23f3d47b54be3e4c316a4e2ccc02aaa73488f9096d2bf9fd3c4607024453f 5ff4536b0db4eebc96da52dbfb995d497b959afb89020f9e686e1380c51ec68b
