Run,Implementation,Mode,TestName,Status,ErrorIEV,OutputFile,NbPktSend,isPass
0,quant,client,quic_client_test_no_odci0,,server_return_code(134)+timeout,/home/chris/Toward-verification-of-QUIC-extensions/installer/TVOQE/results/errors/server/local/mvfst_server_newcoid/temp/1164/quic_client_test_no_odci0.iev,0.0,0.0
1,quant,client,quic_client_test_blocked_streams_maxstream_error0,,server_return_code(134)+timeout,/home/chris/Toward-verification-of-QUIC-extensions/installer/TVOQE/results/errors/server/local/mvfst_server_newcoid/temp/771/quic_client_test_blocked_streams_maxstream_error0.iev,0.0,0.0
2,quant,client,quic_client_test_double_tp_error0,,server_return_code(134)+timeout,/home/chris/Toward-verification-of-QUIC-extensions/installer/TVOQE/results/errors/server/local/mvfst_server_newcoid/temp/429/quic_client_test_double_tp_error0.iev,0.0,0.0
3,quant,client,quic_client_test_tp_acticoid_error0,,server_return_code(134)+timeout,/home/chris/Toward-verification-of-QUIC-extensions/installer/TVOQE/results/errors/server/local/mvfst_server_newcoid/temp/548/quic_client_test_tp_acticoid_error0.iev,0.0,0.0
4,quant,client,quic_client_test_tp_prefadd_error0,,server_return_code(134)+timeout,/home/chris/Toward-verification-of-QUIC-extensions/installer/TVOQE/results/errors/server/local/mvfst_server_newcoid/temp/1038/quic_client_test_tp_prefadd_error0.iev,0.0,0.0
5,quant,client,quic_client_test_double_tp_error0,,server_return_code(134)+timeout,/home/chris/Toward-verification-of-QUIC-extensions/installer/TVOQE/results/errors/server/local/mvfst_server_newcoid/temp/416/quic_client_test_double_tp_error0.iev,0.0,0.0
6,quant,client,quic_client_test_double_tp_error0,,server_return_code(134)+timeout,/home/chris/Toward-verification-of-QUIC-extensions/installer/TVOQE/results/errors/server/local/mvfst_server_newcoid/temp/495/quic_client_test_double_tp_error0.iev,0.0,0.0
7,quant,client,quic_client_test_double_tp_error0,,server_return_code(134)+timeout,/home/chris/Toward-verification-of-QUIC-extensions/installer/TVOQE/results/errors/server/local/mvfst_server_newcoid/temp/417/quic_client_test_double_tp_error0.iev,0.0,0.0
8,quant,client,quic_client_test_double_tp_error0,,server_return_code(134)+timeout,/home/chris/Toward-verification-of-QUIC-extensions/installer/TVOQE/results/errors/server/local/mvfst_server_newcoid/temp/488/quic_client_test_double_tp_error0.iev,0.0,0.0
9,quant,client,quic_client_test_tp_prefadd_error0,,server_return_code(134)+timeout,/home/chris/Toward-verification-of-QUIC-extensions/installer/TVOQE/results/errors/server/local/mvfst_server_newcoid/temp/1044/quic_client_test_tp_prefadd_error0.iev,0.0,0.0
10,quant,client,quic_client_test_tp_error0,,server_return_code(134)+timeout,/home/chris/Toward-verification-of-QUIC-extensions/installer/TVOQE/results/errors/server/local/mvfst_server_newcoid/temp/270/quic_client_test_tp_error0.iev,0.0,0.0
11,quant,client,quic_client_test_max0,,ivy_return_code(127)+,/home/chris/Toward-verification-of-QUIC-extensions/installer/TVOQE/results/errors/server/local/mvfst_server_newcoid/temp/32/quic_client_test_max0.iev,0.0,0.0
12,quant,client,quic_client_test_tp_limit_acticoid_error0,,server_return_code(134)+timeout,/home/chris/Toward-verification-of-QUIC-extensions/installer/TVOQE/results/errors/server/local/mvfst_server_newcoid/temp/650/quic_client_test_tp_limit_acticoid_error0.iev,0.0,0.0
13,quant,client,quic_client_test_tp_limit_acticoid_error0,,server_return_code(134)+timeout,/home/chris/Toward-verification-of-QUIC-extensions/installer/TVOQE/results/errors/server/local/mvfst_server_newcoid/temp/677/quic_client_test_tp_limit_acticoid_error0.iev,0.0,0.0
14,quant,client,quic_client_test_accept_maxdata0,,ivy_return_code(127)+,/home/chris/Toward-verification-of-QUIC-extensions/installer/TVOQE/results/errors/server/local/mvfst_server_newcoid/temp/960/quic_client_test_accept_maxdata0.iev,0.0,0.0
15,quant,client,quic_client_test_blocked_streams_maxstream_error0,,server_return_code(134)+timeout,/home/chris/Toward-verification-of-QUIC-extensions/installer/TVOQE/results/errors/server/local/mvfst_server_newcoid/temp/702/quic_client_test_blocked_streams_maxstream_error0.iev,0.0,0.0
16,quant,client,quic_client_test_tp_error0,,server_return_code(134)+timeout,/home/chris/Toward-verification-of-QUIC-extensions/installer/TVOQE/results/errors/server/local/mvfst_server_newcoid/temp/206/quic_client_test_tp_error0.iev,0.0,0.0
17,quant,client,quic_client_test_tp_limit_acticoid_error0,,server_return_code(134)+timeout,/home/chris/Toward-verification-of-QUIC-extensions/installer/TVOQE/results/errors/server/local/mvfst_server_newcoid/temp/601/quic_client_test_tp_limit_acticoid_error0.iev,0.0,0.0
18,quant,client,quic_client_test_newcoid_zero_error0,,server_return_code(134)+timeout,/home/chris/Toward-verification-of-QUIC-extensions/installer/TVOQE/results/errors/server/local/mvfst_server_newcoid/temp/895/quic_client_test_newcoid_zero_error0.iev,0.0,0.0
19,quant,client,quic_client_test_ext_min_ack_delay0,,server_return_code(134)+timeout,/home/chris/Toward-verification-of-QUIC-extensions/installer/TVOQE/results/errors/server/local/mvfst_server_newcoid/temp/1240/quic_client_test_ext_min_ack_delay0.iev,0.0,0.0
20,quant,client,quic_client_test_blocked_streams_maxstream_error0,,server_return_code(134)+timeout,/home/chris/Toward-verification-of-QUIC-extensions/installer/TVOQE/results/errors/server/local/mvfst_server_newcoid/temp/748/quic_client_test_blocked_streams_maxstream_error0.iev,0.0,0.0
21,quant,client,quic_client_test_newcoid_zero_error0,,server_return_code(134)+timeout,/home/chris/Toward-verification-of-QUIC-extensions/installer/TVOQE/results/errors/server/local/mvfst_server_newcoid/temp/884/quic_client_test_newcoid_zero_error0.iev,0.0,0.0
22,quant,client,quic_client_test_tp_error0,,server_return_code(134)+timeout,/home/chris/Toward-verification-of-QUIC-extensions/installer/TVOQE/results/errors/server/local/mvfst_server_newcoid/temp/229/quic_client_test_tp_error0.iev,0.0,0.0
23,quant,client,quic_client_test_tp_prefadd_error0,,server_return_code(134)+timeout,/home/chris/Toward-verification-of-QUIC-extensions/installer/TVOQE/results/errors/server/local/mvfst_server_newcoid/temp/1043/quic_client_test_tp_prefadd_error0.iev,0.0,0.0
24,quant,client,quic_client_test_blocked_streams_maxstream_error0,,server_return_code(134)+timeout,/home/chris/Toward-verification-of-QUIC-extensions/installer/TVOQE/results/errors/server/local/mvfst_server_newcoid/temp/719/quic_client_test_blocked_streams_maxstream_error0.iev,0.0,0.0
25,quant,client,quic_client_test_no_odci0,,server_return_code(134)+timeout,/home/chris/Toward-verification-of-QUIC-extensions/installer/TVOQE/results/errors/server/local/mvfst_server_newcoid/temp/1131/quic_client_test_no_odci0.iev,0.0,0.0
26,quant,client,quic_client_test_tp_prefadd_error0,,server_return_code(134)+timeout,/home/chris/Toward-verification-of-QUIC-extensions/installer/TVOQE/results/errors/server/local/mvfst_server_newcoid/temp/1037/quic_client_test_tp_prefadd_error0.iev,0.0,0.0
27,quant,client,quic_client_test_ext_min_ack_delay0,,server_return_code(134)+timeout,/home/chris/Toward-verification-of-QUIC-extensions/installer/TVOQE/results/errors/server/local/mvfst_server_newcoid/temp/1245/quic_client_test_ext_min_ack_delay0.iev,0.0,0.0
28,quant,client,quic_client_test_double_tp_error0,,server_return_code(134)+timeout,/home/chris/Toward-verification-of-QUIC-extensions/installer/TVOQE/results/errors/server/local/mvfst_server_newcoid/temp/446/quic_client_test_double_tp_error0.iev,0.0,0.0
29,quant,client,quic_client_test_no_odci0,,server_return_code(134)+timeout,/home/chris/Toward-verification-of-QUIC-extensions/installer/TVOQE/results/errors/server/local/mvfst_server_newcoid/temp/1178/quic_client_test_no_odci0.iev,0.0,0.0
30,quant,client,quic_client_test_ext_min_ack_delay0,,server_return_code(134)+timeout,/home/chris/Toward-verification-of-QUIC-extensions/installer/TVOQE/results/errors/server/local/mvfst_server_newcoid/temp/1236/quic_client_test_ext_min_ack_delay0.iev,0.0,0.0
31,quant,client,quic_client_test_double_tp_error0,,server_return_code(134)+timeout,/home/chris/Toward-verification-of-QUIC-extensions/installer/TVOQE/results/errors/server/local/mvfst_server_newcoid/temp/454/quic_client_test_double_tp_error0.iev,0.0,0.0
32,quant,client,quic_client_test_tp_error0,,server_return_code(134)+timeout,/home/chris/Toward-verification-of-QUIC-extensions/installer/TVOQE/results/errors/server/local/mvfst_server_newcoid/temp/252/quic_client_test_tp_error0.iev,0.0,0.0
33,quant,client,quic_client_test_accept_maxdata0,,ivy_return_code(127)+,/home/chris/Toward-verification-of-QUIC-extensions/installer/TVOQE/results/errors/server/local/mvfst_server_newcoid/temp/999/quic_client_test_accept_maxdata0.iev,0.0,0.0
34,quant,client,quic_client_test_tp_acticoid_error0,,server_return_code(134)+timeout,/home/chris/Toward-verification-of-QUIC-extensions/installer/TVOQE/results/errors/server/local/mvfst_server_newcoid/temp/584/quic_client_test_tp_acticoid_error0.iev,0.0,0.0
35,quant,client,quic_client_test_tp_prefadd_error0,,server_return_code(134)+timeout,/home/chris/Toward-verification-of-QUIC-extensions/installer/TVOQE/results/errors/server/local/mvfst_server_newcoid/temp/1021/quic_client_test_tp_prefadd_error0.iev,0.0,0.0
36,quant,client,quic_client_test_no_odci0,,server_return_code(134)+timeout,/home/chris/Toward-verification-of-QUIC-extensions/installer/TVOQE/results/errors/server/local/mvfst_server_newcoid/temp/1138/quic_client_test_no_odci0.iev,0.0,0.0
37,quant,client,quic_client_test_tp_limit_acticoid_error0,,server_return_code(134)+timeout,/home/chris/Toward-verification-of-QUIC-extensions/installer/TVOQE/results/errors/server/local/mvfst_server_newcoid/temp/657/quic_client_test_tp_limit_acticoid_error0.iev,0.0,0.0
38,quant,client,quic_client_test_tp_acticoid_error0,,server_return_code(134)+timeout,/home/chris/Toward-verification-of-QUIC-extensions/installer/TVOQE/results/errors/server/local/mvfst_server_newcoid/temp/518/quic_client_test_tp_acticoid_error0.iev,0.0,0.0
39,quant,client,quic_client_test_blocked_streams_maxstream_error0,,server_return_code(134)+timeout,/home/chris/Toward-verification-of-QUIC-extensions/installer/TVOQE/results/errors/server/local/mvfst_server_newcoid/temp/717/quic_client_test_blocked_streams_maxstream_error0.iev,0.0,0.0
40,quant,client,quic_client_test_newcoid_zero_error0,,server_return_code(134)+timeout,/home/chris/Toward-verification-of-QUIC-extensions/installer/TVOQE/results/errors/server/local/mvfst_server_newcoid/temp/822/quic_client_test_newcoid_zero_error0.iev,0.0,0.0
41,quant,client,quic_client_test_tp_prefadd_error0,,server_return_code(134)+timeout,/home/chris/Toward-verification-of-QUIC-extensions/installer/TVOQE/results/errors/server/local/mvfst_server_newcoid/temp/1053/quic_client_test_tp_prefadd_error0.iev,0.0,0.0
42,quant,client,quic_client_test_blocked_streams_maxstream_error0,,server_return_code(134)+timeout,/home/chris/Toward-verification-of-QUIC-extensions/installer/TVOQE/results/errors/server/local/mvfst_server_newcoid/temp/785/quic_client_test_blocked_streams_maxstream_error0.iev,0.0,0.0
43,quant,client,quic_client_test_tp_error0,,server_return_code(134)+timeout,/home/chris/Toward-verification-of-QUIC-extensions/installer/TVOQE/results/errors/server/local/mvfst_server_newcoid/temp/205/quic_client_test_tp_error0.iev,0.0,0.0
44,quant,client,quic_client_test_blocked_streams_maxstream_error0,,server_return_code(134)+timeout,/home/chris/Toward-verification-of-QUIC-extensions/installer/TVOQE/results/errors/server/local/mvfst_server_newcoid/temp/738/quic_client_test_blocked_streams_maxstream_error0.iev,0.0,0.0
45,quant,client,quic_client_test_tp_prefadd_error0,,server_return_code(134)+timeout,/home/chris/Toward-verification-of-QUIC-extensions/installer/TVOQE/results/errors/server/local/mvfst_server_newcoid/temp/1042/quic_client_test_tp_prefadd_error0.iev,0.0,0.0
46,quant,client,quic_client_test_blocked_streams_maxstream_error0,,server_return_code(134)+timeout,/home/chris/Toward-verification-of-QUIC-extensions/installer/TVOQE/results/errors/server/local/mvfst_server_newcoid/temp/733/quic_client_test_blocked_streams_maxstream_error0.iev,0.0,0.0
47,quant,client,quic_client_test_newcoid_zero_error0,,server_return_code(134)+timeout,/home/chris/Toward-verification-of-QUIC-extensions/installer/TVOQE/results/errors/server/local/mvfst_server_newcoid/temp/819/quic_client_test_newcoid_zero_error0.iev,0.0,0.0
48,quant,client,quic_client_test_tp_prefadd_error0,,server_return_code(134)+timeout,/home/chris/Toward-verification-of-QUIC-extensions/installer/TVOQE/results/errors/server/local/mvfst_server_newcoid/temp/1085/quic_client_test_tp_prefadd_error0.iev,0.0,0.0
49,quant,client,quic_client_test_tp_prefadd_error0,,server_return_code(134)+timeout,/home/chris/Toward-verification-of-QUIC-extensions/installer/TVOQE/results/errors/server/local/mvfst_server_newcoid/temp/1020/quic_client_test_tp_prefadd_error0.iev,0.0,0.0
50,quant,client,quic_client_test_accept_maxdata0,,ivy_return_code(127)+,/home/chris/Toward-verification-of-QUIC-extensions/installer/TVOQE/results/errors/server/local/mvfst_server_newcoid/temp/935/quic_client_test_accept_maxdata0.iev,0.0,0.0
51,quant,client,quic_client_test_no_odci0,,server_return_code(134)+timeout,/home/chris/Toward-verification-of-QUIC-extensions/installer/TVOQE/results/errors/server/local/mvfst_server_newcoid/temp/1144/quic_client_test_no_odci0.iev,0.0,0.0
52,quant,client,quic_client_test_accept_maxdata0,,ivy_return_code(127)+,/home/chris/Toward-verification-of-QUIC-extensions/installer/TVOQE/results/errors/server/local/mvfst_server_newcoid/temp/938/quic_client_test_accept_maxdata0.iev,0.0,0.0
53,quant,client,quic_client_test_newcoid_zero_error0,,server_return_code(134)+timeout,/home/chris/Toward-verification-of-QUIC-extensions/installer/TVOQE/results/errors/server/local/mvfst_server_newcoid/temp/867/quic_client_test_newcoid_zero_error0.iev,0.0,0.0
54,quant,client,quic_client_test_tp_limit_acticoid_error0,,server_return_code(134)+timeout,/home/chris/Toward-verification-of-QUIC-extensions/installer/TVOQE/results/errors/server/local/mvfst_server_newcoid/temp/688/quic_client_test_tp_limit_acticoid_error0.iev,0.0,0.0
55,quant,client,quic_client_test_tp_error0,,server_return_code(134)+timeout,/home/chris/Toward-verification-of-QUIC-extensions/installer/TVOQE/results/errors/server/local/mvfst_server_newcoid/temp/244/quic_client_test_tp_error0.iev,0.0,0.0
56,quant,client,quic_client_test_ext_min_ack_delay0,,server_return_code(134)+timeout,/home/chris/Toward-verification-of-QUIC-extensions/installer/TVOQE/results/errors/server/local/mvfst_server_newcoid/temp/1239/quic_client_test_ext_min_ack_delay0.iev,0.0,0.0
57,quant,client,quic_client_test_accept_maxdata0,,ivy_return_code(127)+,/home/chris/Toward-verification-of-QUIC-extensions/installer/TVOQE/results/errors/server/local/mvfst_server_newcoid/temp/948/quic_client_test_accept_maxdata0.iev,0.0,0.0
58,quant,client,quic_client_test_accept_maxdata0,,ivy_return_code(127)+,/home/chris/Toward-verification-of-QUIC-extensions/installer/TVOQE/results/errors/server/local/mvfst_server_newcoid/temp/941/quic_client_test_accept_maxdata0.iev,0.0,0.0
59,quant,client,quic_client_test_tp_acticoid_error0,,server_return_code(134)+timeout,/home/chris/Toward-verification-of-QUIC-extensions/installer/TVOQE/results/errors/server/local/mvfst_server_newcoid/temp/586/quic_client_test_tp_acticoid_error0.iev,0.0,0.0
60,quant,client,quic_client_test_max0,,ivy_return_code(127)+,/home/chris/Toward-verification-of-QUIC-extensions/installer/TVOQE/results/errors/server/local/mvfst_server_newcoid/temp/55/quic_client_test_max0.iev,0.0,0.0
61,quant,client,quic_client_test_newcoid_zero_error0,,server_return_code(134)+timeout,/home/chris/Toward-verification-of-QUIC-extensions/installer/TVOQE/results/errors/server/local/mvfst_server_newcoid/temp/840/quic_client_test_newcoid_zero_error0.iev,0.0,0.0
62,quant,client,quic_client_test_no_odci0,,server_return_code(134)+timeout,/home/chris/Toward-verification-of-QUIC-extensions/installer/TVOQE/results/errors/server/local/mvfst_server_newcoid/temp/1126/quic_client_test_no_odci0.iev,0.0,0.0
63,quant,client,quic_client_test_tp_error0,,server_return_code(134)+timeout,/home/chris/Toward-verification-of-QUIC-extensions/installer/TVOQE/results/errors/server/local/mvfst_server_newcoid/temp/212/quic_client_test_tp_error0.iev,0.0,0.0
64,quant,client,quic_client_test_blocked_streams_maxstream_error0,,server_return_code(134)+timeout,/home/chris/Toward-verification-of-QUIC-extensions/installer/TVOQE/results/errors/server/local/mvfst_server_newcoid/temp/774/quic_client_test_blocked_streams_maxstream_error0.iev,0.0,0.0
65,quant,client,quic_client_test_ext_min_ack_delay0,,server_return_code(134)+timeout,/home/chris/Toward-verification-of-QUIC-extensions/installer/TVOQE/results/errors/server/local/mvfst_server_newcoid/temp/1248/quic_client_test_ext_min_ack_delay0.iev,0.0,0.0
66,quant,client,quic_client_test_ext_min_ack_delay0,,server_return_code(134)+timeout,/home/chris/Toward-verification-of-QUIC-extensions/installer/TVOQE/results/errors/server/local/mvfst_server_newcoid/temp/1217/quic_client_test_ext_min_ack_delay0.iev,0.0,0.0
67,quant,client,quic_client_test_accept_maxdata0,,ivy_return_code(127)+,/home/chris/Toward-verification-of-QUIC-extensions/installer/TVOQE/results/errors/server/local/mvfst_server_newcoid/temp/924/quic_client_test_accept_maxdata0.iev,0.0,0.0
68,quant,client,quic_client_test_tp_acticoid_error0,,server_return_code(134)+timeout,/home/chris/Toward-verification-of-QUIC-extensions/installer/TVOQE/results/errors/server/local/mvfst_server_newcoid/temp/566/quic_client_test_tp_acticoid_error0.iev,0.0,0.0
69,quant,client,quic_client_test_ext_min_ack_delay0,,server_return_code(134)+timeout,/home/chris/Toward-verification-of-QUIC-extensions/installer/TVOQE/results/errors/server/local/mvfst_server_newcoid/temp/1215/quic_client_test_ext_min_ack_delay0.iev,0.0,0.0
70,quant,client,quic_client_test_ext_min_ack_delay0,,server_return_code(134)+timeout,/home/chris/Toward-verification-of-QUIC-extensions/installer/TVOQE/results/errors/server/local/mvfst_server_newcoid/temp/1249/quic_client_test_ext_min_ack_delay0.iev,0.0,0.0
71,quant,client,quic_client_test_tp_limit_acticoid_error0,,server_return_code(134)+timeout,/home/chris/Toward-verification-of-QUIC-extensions/installer/TVOQE/results/errors/server/local/mvfst_server_newcoid/temp/683/quic_client_test_tp_limit_acticoid_error0.iev,0.0,0.0
72,quant,client,quic_client_test_newcoid_zero_error0,,server_return_code(134)+timeout,/home/chris/Toward-verification-of-QUIC-extensions/installer/TVOQE/results/errors/server/local/mvfst_server_newcoid/temp/831/quic_client_test_newcoid_zero_error0.iev,0.0,0.0
73,quant,client,quic_client_test_blocked_streams_maxstream_error0,,server_return_code(134)+timeout,/home/chris/Toward-verification-of-QUIC-extensions/installer/TVOQE/results/errors/server/local/mvfst_server_newcoid/temp/788/quic_client_test_blocked_streams_maxstream_error0.iev,0.0,0.0
74,quant,client,quic_client_test_double_tp_error0,,server_return_code(134)+timeout,/home/chris/Toward-verification-of-QUIC-extensions/installer/TVOQE/results/errors/server/local/mvfst_server_newcoid/temp/476/quic_client_test_double_tp_error0.iev,0.0,0.0
75,quant,client,quic_client_test_tp_prefadd_error0,,server_return_code(134)+timeout,/home/chris/Toward-verification-of-QUIC-extensions/installer/TVOQE/results/errors/server/local/mvfst_server_newcoid/temp/1010/quic_client_test_tp_prefadd_error0.iev,0.0,0.0
76,quant,client,quic_client_test_accept_maxdata0,,ivy_return_code(127)+,/home/chris/Toward-verification-of-QUIC-extensions/installer/TVOQE/results/errors/server/local/mvfst_server_newcoid/temp/979/quic_client_test_accept_maxdata0.iev,0.0,0.0
77,quant,client,quic_client_test_accept_maxdata0,,ivy_return_code(127)+,/home/chris/Toward-verification-of-QUIC-extensions/installer/TVOQE/results/errors/server/local/mvfst_server_newcoid/temp/997/quic_client_test_accept_maxdata0.iev,0.0,0.0
78,quant,client,quic_client_test_newcoid_zero_error0,,server_return_code(134)+timeout,/home/chris/Toward-verification-of-QUIC-extensions/installer/TVOQE/results/errors/server/local/mvfst_server_newcoid/temp/805/quic_client_test_newcoid_zero_error0.iev,0.0,0.0
79,quant,client,quic_client_test_newcoid_zero_error0,,server_return_code(134)+timeout,/home/chris/Toward-verification-of-QUIC-extensions/installer/TVOQE/results/errors/server/local/mvfst_server_newcoid/temp/852/quic_client_test_newcoid_zero_error0.iev,0.0,0.0
80,quant,client,quic_client_test_ext_min_ack_delay0,,server_return_code(134)+timeout,/home/chris/Toward-verification-of-QUIC-extensions/installer/TVOQE/results/errors/server/local/mvfst_server_newcoid/temp/1276/quic_client_test_ext_min_ack_delay0.iev,0.0,0.0
81,quant,client,quic_client_test_ext_min_ack_delay0,,server_return_code(134)+timeout,/home/chris/Toward-verification-of-QUIC-extensions/installer/TVOQE/results/errors/server/local/mvfst_server_newcoid/temp/1266/quic_client_test_ext_min_ack_delay0.iev,0.0,0.0
82,quant,client,quic_client_test_tp_limit_acticoid_error0,,server_return_code(134)+timeout,/home/chris/Toward-verification-of-QUIC-extensions/installer/TVOQE/results/errors/server/local/mvfst_server_newcoid/temp/665/quic_client_test_tp_limit_acticoid_error0.iev,0.0,0.0
83,quant,client,quic_client_test_blocked_streams_maxstream_error0,,server_return_code(134)+timeout,/home/chris/Toward-verification-of-QUIC-extensions/installer/TVOQE/results/errors/server/local/mvfst_server_newcoid/temp/784/quic_client_test_blocked_streams_maxstream_error0.iev,0.0,0.0
84,quant,client,quic_client_test_tp_limit_acticoid_error0,,server_return_code(134)+timeout,/home/chris/Toward-verification-of-QUIC-extensions/installer/TVOQE/results/errors/server/local/mvfst_server_newcoid/temp/634/quic_client_test_tp_limit_acticoid_error0.iev,0.0,0.0
85,quant,client,quic_client_test_tp_limit_acticoid_error0,,server_return_code(134)+timeout,/home/chris/Toward-verification-of-QUIC-extensions/installer/TVOQE/results/errors/server/local/mvfst_server_newcoid/temp/660/quic_client_test_tp_limit_acticoid_error0.iev,0.0,0.0
86,quant,client,quic_client_test_tp_error0,,server_return_code(134)+timeout,/home/chris/Toward-verification-of-QUIC-extensions/installer/TVOQE/results/errors/server/local/mvfst_server_newcoid/temp/224/quic_client_test_tp_error0.iev,0.0,0.0
87,quant,client,quic_client_test_max0,,ivy_return_code(127)+,/home/chris/Toward-verification-of-QUIC-extensions/installer/TVOQE/results/errors/server/local/mvfst_server_newcoid/temp/37/quic_client_test_max0.iev,0.0,0.0
88,quant,client,quic_client_test_max0,,ivy_return_code(127)+,/home/chris/Toward-verification-of-QUIC-extensions/installer/TVOQE/results/errors/server/local/mvfst_server_newcoid/temp/36/quic_client_test_max0.iev,0.0,0.0
89,quant,client,quic_client_test_accept_maxdata0,,ivy_return_code(127)+,/home/chris/Toward-verification-of-QUIC-extensions/installer/TVOQE/results/errors/server/local/mvfst_server_newcoid/temp/950/quic_client_test_accept_maxdata0.iev,0.0,0.0
90,quant,client,quic_client_test_newcoid_zero_error0,,server_return_code(134)+timeout,/home/chris/Toward-verification-of-QUIC-extensions/installer/TVOQE/results/errors/server/local/mvfst_server_newcoid/temp/870/quic_client_test_newcoid_zero_error0.iev,0.0,0.0
91,quant,client,quic_client_test_accept_maxdata0,,ivy_return_code(127)+,/home/chris/Toward-verification-of-QUIC-extensions/installer/TVOQE/results/errors/server/local/mvfst_server_newcoid/temp/974/quic_client_test_accept_maxdata0.iev,0.0,0.0
92,quant,client,quic_client_test_ext_min_ack_delay0,,server_return_code(134)+timeout,/home/chris/Toward-verification-of-QUIC-extensions/installer/TVOQE/results/errors/server/local/mvfst_server_newcoid/temp/1250/quic_client_test_ext_min_ack_delay0.iev,0.0,0.0
93,quant,client,quic_client_test_tp_limit_acticoid_error0,,server_return_code(134)+timeout,/home/chris/Toward-verification-of-QUIC-extensions/installer/TVOQE/results/errors/server/local/mvfst_server_newcoid/temp/600/quic_client_test_tp_limit_acticoid_error0.iev,0.0,0.0
94,quant,client,quic_client_test_tp_limit_acticoid_error0,,server_return_code(134)+timeout,/home/chris/Toward-verification-of-QUIC-extensions/installer/TVOQE/results/errors/server/local/mvfst_server_newcoid/temp/622/quic_client_test_tp_limit_acticoid_error0.iev,0.0,0.0
95,quant,client,quic_client_test_tp_error0,,server_return_code(134)+timeout,/home/chris/Toward-verification-of-QUIC-extensions/installer/TVOQE/results/errors/server/local/mvfst_server_newcoid/temp/279/quic_client_test_tp_error0.iev,0.0,0.0
96,quant,client,quic_client_test_ext_min_ack_delay0,,server_return_code(134)+timeout,/home/chris/Toward-verification-of-QUIC-extensions/installer/TVOQE/results/errors/server/local/mvfst_server_newcoid/temp/1283/quic_client_test_ext_min_ack_delay0.iev,0.0,0.0
97,quant,client,quic_client_test_ext_min_ack_delay0,,server_return_code(134)+timeout,/home/chris/Toward-verification-of-QUIC-extensions/installer/TVOQE/results/errors/server/local/mvfst_server_newcoid/temp/1251/quic_client_test_ext_min_ack_delay0.iev,0.0,0.0
98,quant,client,quic_client_test_tp_error0,,server_return_code(134)+timeout,/home/chris/Toward-verification-of-QUIC-extensions/installer/TVOQE/results/errors/server/local/mvfst_server_newcoid/temp/201/quic_client_test_tp_error0.iev,0.0,0.0
99,quant,client,quic_client_test_double_tp_error0,,server_return_code(134)+timeout,/home/chris/Toward-verification-of-QUIC-extensions/installer/TVOQE/results/errors/server/local/mvfst_server_newcoid/temp/498/quic_client_test_double_tp_error0.iev,0.0,0.0
100,quant,client,quic_client_test_tp_acticoid_error0,,server_return_code(134)+timeout,/home/chris/Toward-verification-of-QUIC-extensions/installer/TVOQE/results/errors/server/local/mvfst_server_newcoid/temp/565/quic_client_test_tp_acticoid_error0.iev,0.0,0.0
101,quant,client,quic_client_test_no_odci0,,server_return_code(134)+timeout,/home/chris/Toward-verification-of-QUIC-extensions/installer/TVOQE/results/errors/server/local/mvfst_server_newcoid/temp/1171/quic_client_test_no_odci0.iev,0.0,0.0
102,quant,client,quic_client_test_accept_maxdata0,,ivy_return_code(127)+,/home/chris/Toward-verification-of-QUIC-extensions/installer/TVOQE/results/errors/server/local/mvfst_server_newcoid/temp/963/quic_client_test_accept_maxdata0.iev,0.0,0.0
103,quant,client,quic_client_test_max0,,ivy_return_code(127)+,/home/chris/Toward-verification-of-QUIC-extensions/installer/TVOQE/results/errors/server/local/mvfst_server_newcoid/temp/89/quic_client_test_max0.iev,0.0,0.0
104,quant,client,quic_client_test_tp_prefadd_error0,,server_return_code(134)+timeout,/home/chris/Toward-verification-of-QUIC-extensions/installer/TVOQE/results/errors/server/local/mvfst_server_newcoid/temp/1008/quic_client_test_tp_prefadd_error0.iev,0.0,0.0
105,quant,client,quic_client_test_max0,,ivy_return_code(127)+,/home/chris/Toward-verification-of-QUIC-extensions/installer/TVOQE/results/errors/server/local/mvfst_server_newcoid/temp/72/quic_client_test_max0.iev,0.0,0.0
106,quant,client,quic_client_test_double_tp_error0,,server_return_code(134)+timeout,/home/chris/Toward-verification-of-QUIC-extensions/installer/TVOQE/results/errors/server/local/mvfst_server_newcoid/temp/448/quic_client_test_double_tp_error0.iev,0.0,0.0
107,quant,client,quic_client_test_tp_acticoid_error0,,server_return_code(134)+timeout,/home/chris/Toward-verification-of-QUIC-extensions/installer/TVOQE/results/errors/server/local/mvfst_server_newcoid/temp/509/quic_client_test_tp_acticoid_error0.iev,0.0,0.0
108,quant,client,quic_client_test_tp_prefadd_error0,,server_return_code(134)+timeout,/home/chris/Toward-verification-of-QUIC-extensions/installer/TVOQE/results/errors/server/local/mvfst_server_newcoid/temp/1015/quic_client_test_tp_prefadd_error0.iev,0.0,0.0
109,quant,client,quic_client_test_max0,,ivy_return_code(127)+,/home/chris/Toward-verification-of-QUIC-extensions/installer/TVOQE/results/errors/server/local/mvfst_server_newcoid/temp/77/quic_client_test_max0.iev,0.0,0.0
110,quant,client,quic_client_test_blocked_streams_maxstream_error0,,server_return_code(134)+timeout,/home/chris/Toward-verification-of-QUIC-extensions/installer/TVOQE/results/errors/server/local/mvfst_server_newcoid/temp/768/quic_client_test_blocked_streams_maxstream_error0.iev,0.0,0.0
111,quant,client,quic_client_test_tp_error0,,server_return_code(134)+timeout,/home/chris/Toward-verification-of-QUIC-extensions/installer/TVOQE/results/errors/server/local/mvfst_server_newcoid/temp/208/quic_client_test_tp_error0.iev,0.0,0.0
112,quant,client,quic_client_test_newcoid_zero_error0,,server_return_code(134)+timeout,/home/chris/Toward-verification-of-QUIC-extensions/installer/TVOQE/results/errors/server/local/mvfst_server_newcoid/temp/880/quic_client_test_newcoid_zero_error0.iev,0.0,0.0
113,quant,client,quic_client_test_blocked_streams_maxstream_error0,,server_return_code(134)+timeout,/home/chris/Toward-verification-of-QUIC-extensions/installer/TVOQE/results/errors/server/local/mvfst_server_newcoid/temp/745/quic_client_test_blocked_streams_maxstream_error0.iev,0.0,0.0
114,quant,client,quic_client_test_double_tp_error0,,server_return_code(134)+timeout,/home/chris/Toward-verification-of-QUIC-extensions/installer/TVOQE/results/errors/server/local/mvfst_server_newcoid/temp/419/quic_client_test_double_tp_error0.iev,0.0,0.0
115,quant,client,quic_client_test_no_odci0,,server_return_code(134)+timeout,/home/chris/Toward-verification-of-QUIC-extensions/installer/TVOQE/results/errors/server/local/mvfst_server_newcoid/temp/1120/quic_client_test_no_odci0.iev,0.0,0.0
116,quant,client,quic_client_test_tp_limit_acticoid_error0,,server_return_code(134)+timeout,/home/chris/Toward-verification-of-QUIC-extensions/installer/TVOQE/results/errors/server/local/mvfst_server_newcoid/temp/670/quic_client_test_tp_limit_acticoid_error0.iev,0.0,0.0
117,quant,client,quic_client_test_tp_error0,,server_return_code(134)+timeout,/home/chris/Toward-verification-of-QUIC-extensions/installer/TVOQE/results/errors/server/local/mvfst_server_newcoid/temp/291/quic_client_test_tp_error0.iev,0.0,0.0
118,quant,client,quic_client_test_ext_min_ack_delay0,,server_return_code(134)+timeout,/home/chris/Toward-verification-of-QUIC-extensions/installer/TVOQE/results/errors/server/local/mvfst_server_newcoid/temp/1292/quic_client_test_ext_min_ack_delay0.iev,0.0,0.0
119,quant,client,quic_client_test_tp_prefadd_error0,,server_return_code(134)+timeout,/home/chris/Toward-verification-of-QUIC-extensions/installer/TVOQE/results/errors/server/local/mvfst_server_newcoid/temp/1066/quic_client_test_tp_prefadd_error0.iev,0.0,0.0
120,quant,client,quic_client_test_tp_prefadd_error0,,server_return_code(134)+timeout,/home/chris/Toward-verification-of-QUIC-extensions/installer/TVOQE/results/errors/server/local/mvfst_server_newcoid/temp/1096/quic_client_test_tp_prefadd_error0.iev,0.0,0.0
121,quant,client,quic_client_test_no_odci0,,server_return_code(134)+timeout,/home/chris/Toward-verification-of-QUIC-extensions/installer/TVOQE/results/errors/server/local/mvfst_server_newcoid/temp/1116/quic_client_test_no_odci0.iev,0.0,0.0
122,quant,client,quic_client_test_no_odci0,,server_return_code(134)+timeout,/home/chris/Toward-verification-of-QUIC-extensions/installer/TVOQE/results/errors/server/local/mvfst_server_newcoid/temp/1145/quic_client_test_no_odci0.iev,0.0,0.0
123,quant,client,quic_client_test_ext_min_ack_delay0,,server_return_code(134)+timeout,/home/chris/Toward-verification-of-QUIC-extensions/installer/TVOQE/results/errors/server/local/mvfst_server_newcoid/temp/1205/quic_client_test_ext_min_ack_delay0.iev,0.0,0.0
124,quant,client,quic_client_test_accept_maxdata0,,ivy_return_code(127)+,/home/chris/Toward-verification-of-QUIC-extensions/installer/TVOQE/results/errors/server/local/mvfst_server_newcoid/temp/955/quic_client_test_accept_maxdata0.iev,0.0,0.0
125,quant,client,quic_client_test_accept_maxdata0,,ivy_return_code(127)+,/home/chris/Toward-verification-of-QUIC-extensions/installer/TVOQE/results/errors/server/local/mvfst_server_newcoid/temp/984/quic_client_test_accept_maxdata0.iev,0.0,0.0
126,quant,client,quic_client_test_tp_limit_acticoid_error0,,server_return_code(134)+timeout,/home/chris/Toward-verification-of-QUIC-extensions/installer/TVOQE/results/errors/server/local/mvfst_server_newcoid/temp/690/quic_client_test_tp_limit_acticoid_error0.iev,0.0,0.0
127,quant,client,quic_client_test_ext_min_ack_delay0,,server_return_code(134)+timeout,/home/chris/Toward-verification-of-QUIC-extensions/installer/TVOQE/results/errors/server/local/mvfst_server_newcoid/temp/1220/quic_client_test_ext_min_ack_delay0.iev,0.0,0.0
128,quant,client,quic_client_test_tp_acticoid_error0,,server_return_code(134)+timeout,/home/chris/Toward-verification-of-QUIC-extensions/installer/TVOQE/results/errors/server/local/mvfst_server_newcoid/temp/576/quic_client_test_tp_acticoid_error0.iev,0.0,0.0
129,quant,client,quic_client_test_newcoid_zero_error0,,server_return_code(134)+timeout,/home/chris/Toward-verification-of-QUIC-extensions/installer/TVOQE/results/errors/server/local/mvfst_server_newcoid/temp/851/quic_client_test_newcoid_zero_error0.iev,0.0,0.0
130,quant,client,quic_client_test_accept_maxdata0,,ivy_return_code(127)+,/home/chris/Toward-verification-of-QUIC-extensions/installer/TVOQE/results/errors/server/local/mvfst_server_newcoid/temp/921/quic_client_test_accept_maxdata0.iev,0.0,0.0
131,quant,client,quic_client_test_tp_error0,,server_return_code(134)+timeout,/home/chris/Toward-verification-of-QUIC-extensions/installer/TVOQE/results/errors/server/local/mvfst_server_newcoid/temp/209/quic_client_test_tp_error0.iev,0.0,0.0
132,quant,client,quic_client_test_blocked_streams_maxstream_error0,,server_return_code(134)+timeout,/home/chris/Toward-verification-of-QUIC-extensions/installer/TVOQE/results/errors/server/local/mvfst_server_newcoid/temp/732/quic_client_test_blocked_streams_maxstream_error0.iev,0.0,0.0
133,quant,client,quic_client_test_tp_limit_acticoid_error0,,server_return_code(134)+timeout,/home/chris/Toward-verification-of-QUIC-extensions/installer/TVOQE/results/errors/server/local/mvfst_server_newcoid/temp/684/quic_client_test_tp_limit_acticoid_error0.iev,0.0,0.0
134,quant,client,quic_client_test_accept_maxdata0,,ivy_return_code(127)+,/home/chris/Toward-verification-of-QUIC-extensions/installer/TVOQE/results/errors/server/local/mvfst_server_newcoid/temp/917/quic_client_test_accept_maxdata0.iev,0.0,0.0
135,quant,client,quic_client_test_accept_maxdata0,,ivy_return_code(127)+,/home/chris/Toward-verification-of-QUIC-extensions/installer/TVOQE/results/errors/server/local/mvfst_server_newcoid/temp/933/quic_client_test_accept_maxdata0.iev,0.0,0.0
136,quant,client,quic_client_test_double_tp_error0,,server_return_code(134)+timeout,/home/chris/Toward-verification-of-QUIC-extensions/installer/TVOQE/results/errors/server/local/mvfst_server_newcoid/temp/424/quic_client_test_double_tp_error0.iev,0.0,0.0
137,quant,client,quic_client_test_max0,,ivy_return_code(127)+,/home/chris/Toward-verification-of-QUIC-extensions/installer/TVOQE/results/errors/server/local/mvfst_server_newcoid/temp/57/quic_client_test_max0.iev,0.0,0.0
138,quant,client,quic_client_test_no_odci0,,server_return_code(134)+timeout,/home/chris/Toward-verification-of-QUIC-extensions/installer/TVOQE/results/errors/server/local/mvfst_server_newcoid/temp/1150/quic_client_test_no_odci0.iev,0.0,0.0
139,quant,client,quic_client_test_tp_prefadd_error0,,server_return_code(134)+timeout,/home/chris/Toward-verification-of-QUIC-extensions/installer/TVOQE/results/errors/server/local/mvfst_server_newcoid/temp/1071/quic_client_test_tp_prefadd_error0.iev,0.0,0.0
140,quant,client,quic_client_test_no_odci0,,server_return_code(134)+timeout,/home/chris/Toward-verification-of-QUIC-extensions/installer/TVOQE/results/errors/server/local/mvfst_server_newcoid/temp/1177/quic_client_test_no_odci0.iev,0.0,0.0
141,quant,client,quic_client_test_tp_error0,,server_return_code(134)+timeout,/home/chris/Toward-verification-of-QUIC-extensions/installer/TVOQE/results/errors/server/local/mvfst_server_newcoid/temp/223/quic_client_test_tp_error0.iev,0.0,0.0
142,quant,client,quic_client_test_tp_error0,,server_return_code(134)+timeout,/home/chris/Toward-verification-of-QUIC-extensions/installer/TVOQE/results/errors/server/local/mvfst_server_newcoid/temp/286/quic_client_test_tp_error0.iev,0.0,0.0
143,quant,client,quic_client_test_double_tp_error0,,server_return_code(134)+timeout,/home/chris/Toward-verification-of-QUIC-extensions/installer/TVOQE/results/errors/server/local/mvfst_server_newcoid/temp/496/quic_client_test_double_tp_error0.iev,0.0,0.0
144,quant,client,quic_client_test_no_odci0,,server_return_code(134)+timeout,/home/chris/Toward-verification-of-QUIC-extensions/installer/TVOQE/results/errors/server/local/mvfst_server_newcoid/temp/1109/quic_client_test_no_odci0.iev,0.0,0.0
145,quant,client,quic_client_test_double_tp_error0,,server_return_code(134)+timeout,/home/chris/Toward-verification-of-QUIC-extensions/installer/TVOQE/results/errors/server/local/mvfst_server_newcoid/temp/407/quic_client_test_double_tp_error0.iev,0.0,0.0
146,quant,client,quic_client_test_blocked_streams_maxstream_error0,,server_return_code(134)+timeout,/home/chris/Toward-verification-of-QUIC-extensions/installer/TVOQE/results/errors/server/local/mvfst_server_newcoid/temp/740/quic_client_test_blocked_streams_maxstream_error0.iev,0.0,0.0
147,quant,client,quic_client_test_tp_acticoid_error0,,server_return_code(134)+timeout,/home/chris/Toward-verification-of-QUIC-extensions/installer/TVOQE/results/errors/server/local/mvfst_server_newcoid/temp/558/quic_client_test_tp_acticoid_error0.iev,0.0,0.0
148,quant,client,quic_client_test_max0,,ivy_return_code(127)+,/home/chris/Toward-verification-of-QUIC-extensions/installer/TVOQE/results/errors/server/local/mvfst_server_newcoid/temp/47/quic_client_test_max0.iev,0.0,0.0
149,quant,client,quic_client_test_accept_maxdata0,,ivy_return_code(127)+,/home/chris/Toward-verification-of-QUIC-extensions/installer/TVOQE/results/errors/server/local/mvfst_server_newcoid/temp/989/quic_client_test_accept_maxdata0.iev,0.0,0.0
150,quant,client,quic_client_test_accept_maxdata0,,ivy_return_code(127)+,/home/chris/Toward-verification-of-QUIC-extensions/installer/TVOQE/results/errors/server/local/mvfst_server_newcoid/temp/925/quic_client_test_accept_maxdata0.iev,0.0,0.0
151,quant,client,quic_client_test_tp_limit_acticoid_error0,,server_return_code(134)+timeout,/home/chris/Toward-verification-of-QUIC-extensions/installer/TVOQE/results/errors/server/local/mvfst_server_newcoid/temp/661/quic_client_test_tp_limit_acticoid_error0.iev,0.0,0.0
152,quant,client,quic_client_test_tp_acticoid_error0,,server_return_code(134)+timeout,/home/chris/Toward-verification-of-QUIC-extensions/installer/TVOQE/results/errors/server/local/mvfst_server_newcoid/temp/512/quic_client_test_tp_acticoid_error0.iev,0.0,0.0
153,quant,client,quic_client_test_tp_error0,,server_return_code(134)+timeout,/home/chris/Toward-verification-of-QUIC-extensions/installer/TVOQE/results/errors/server/local/mvfst_server_newcoid/temp/237/quic_client_test_tp_error0.iev,0.0,0.0
154,quant,client,quic_client_test_ext_min_ack_delay0,,server_return_code(134)+timeout,/home/chris/Toward-verification-of-QUIC-extensions/installer/TVOQE/results/errors/server/local/mvfst_server_newcoid/temp/1296/quic_client_test_ext_min_ack_delay0.iev,0.0,0.0
155,quant,client,quic_client_test_tp_acticoid_error0,,server_return_code(134)+timeout,/home/chris/Toward-verification-of-QUIC-extensions/installer/TVOQE/results/errors/server/local/mvfst_server_newcoid/temp/511/quic_client_test_tp_acticoid_error0.iev,0.0,0.0
156,quant,client,quic_client_test_no_odci0,,server_return_code(134)+timeout,/home/chris/Toward-verification-of-QUIC-extensions/installer/TVOQE/results/errors/server/local/mvfst_server_newcoid/temp/1130/quic_client_test_no_odci0.iev,0.0,0.0
157,quant,client,quic_client_test_no_odci0,,server_return_code(134)+timeout,/home/chris/Toward-verification-of-QUIC-extensions/installer/TVOQE/results/errors/server/local/mvfst_server_newcoid/temp/1149/quic_client_test_no_odci0.iev,0.0,0.0
158,quant,client,quic_client_test_newcoid_zero_error0,,server_return_code(134)+timeout,/home/chris/Toward-verification-of-QUIC-extensions/installer/TVOQE/results/errors/server/local/mvfst_server_newcoid/temp/887/quic_client_test_newcoid_zero_error0.iev,0.0,0.0
159,quant,client,quic_client_test_tp_acticoid_error0,,server_return_code(134)+timeout,/home/chris/Toward-verification-of-QUIC-extensions/installer/TVOQE/results/errors/server/local/mvfst_server_newcoid/temp/588/quic_client_test_tp_acticoid_error0.iev,0.0,0.0
160,quant,client,quic_client_test_tp_limit_acticoid_error0,,server_return_code(134)+timeout,/home/chris/Toward-verification-of-QUIC-extensions/installer/TVOQE/results/errors/server/local/mvfst_server_newcoid/temp/644/quic_client_test_tp_limit_acticoid_error0.iev,0.0,0.0
161,quant,client,quic_client_test_no_odci0,,server_return_code(134)+timeout,/home/chris/Toward-verification-of-QUIC-extensions/installer/TVOQE/results/errors/server/local/mvfst_server_newcoid/temp/1121/quic_client_test_no_odci0.iev,0.0,0.0
162,quant,client,quic_client_test_no_odci0,,server_return_code(134)+timeout,/home/chris/Toward-verification-of-QUIC-extensions/installer/TVOQE/results/errors/server/local/mvfst_server_newcoid/temp/1198/quic_client_test_no_odci0.iev,0.0,0.0
163,quant,client,quic_client_test_double_tp_error0,,server_return_code(134)+timeout,/home/chris/Toward-verification-of-QUIC-extensions/installer/TVOQE/results/errors/server/local/mvfst_server_newcoid/temp/450/quic_client_test_double_tp_error0.iev,0.0,0.0
164,quant,client,quic_client_test_tp_prefadd_error0,,server_return_code(134)+timeout,/home/chris/Toward-verification-of-QUIC-extensions/installer/TVOQE/results/errors/server/local/mvfst_server_newcoid/temp/1051/quic_client_test_tp_prefadd_error0.iev,0.0,0.0
165,quant,client,quic_client_test_tp_limit_acticoid_error0,,server_return_code(134)+timeout,/home/chris/Toward-verification-of-QUIC-extensions/installer/TVOQE/results/errors/server/local/mvfst_server_newcoid/temp/628/quic_client_test_tp_limit_acticoid_error0.iev,0.0,0.0
166,quant,client,quic_client_test_tp_prefadd_error0,,server_return_code(134)+timeout,/home/chris/Toward-verification-of-QUIC-extensions/installer/TVOQE/results/errors/server/local/mvfst_server_newcoid/temp/1018/quic_client_test_tp_prefadd_error0.iev,0.0,0.0
167,quant,client,quic_client_test_tp_limit_acticoid_error0,,server_return_code(134)+timeout,/home/chris/Toward-verification-of-QUIC-extensions/installer/TVOQE/results/errors/server/local/mvfst_server_newcoid/temp/668/quic_client_test_tp_limit_acticoid_error0.iev,0.0,0.0
168,quant,client,quic_client_test_blocked_streams_maxstream_error0,,server_return_code(134)+timeout,/home/chris/Toward-verification-of-QUIC-extensions/installer/TVOQE/results/errors/server/local/mvfst_server_newcoid/temp/773/quic_client_test_blocked_streams_maxstream_error0.iev,0.0,0.0
169,quant,client,quic_client_test_no_odci0,,server_return_code(134)+timeout,/home/chris/Toward-verification-of-QUIC-extensions/installer/TVOQE/results/errors/server/local/mvfst_server_newcoid/temp/1153/quic_client_test_no_odci0.iev,0.0,0.0
170,quant,client,quic_client_test_tp_acticoid_error0,,server_return_code(134)+timeout,/home/chris/Toward-verification-of-QUIC-extensions/installer/TVOQE/results/errors/server/local/mvfst_server_newcoid/temp/537/quic_client_test_tp_acticoid_error0.iev,0.0,0.0
171,quant,client,quic_client_test_tp_acticoid_error0,,server_return_code(134)+timeout,/home/chris/Toward-verification-of-QUIC-extensions/installer/TVOQE/results/errors/server/local/mvfst_server_newcoid/temp/562/quic_client_test_tp_acticoid_error0.iev,0.0,0.0
172,quant,client,quic_client_test_blocked_streams_maxstream_error0,,server_return_code(134)+timeout,/home/chris/Toward-verification-of-QUIC-extensions/installer/TVOQE/results/errors/server/local/mvfst_server_newcoid/temp/770/quic_client_test_blocked_streams_maxstream_error0.iev,0.0,0.0
173,quant,client,quic_client_test_tp_error0,,server_return_code(134)+timeout,/home/chris/Toward-verification-of-QUIC-extensions/installer/TVOQE/results/errors/server/local/mvfst_server_newcoid/temp/233/quic_client_test_tp_error0.iev,0.0,0.0
174,quant,client,quic_client_test_accept_maxdata0,,ivy_return_code(127)+,/home/chris/Toward-verification-of-QUIC-extensions/installer/TVOQE/results/errors/server/local/mvfst_server_newcoid/temp/911/quic_client_test_accept_maxdata0.iev,0.0,0.0
175,quant,client,quic_client_test_max0,,ivy_return_code(127)+,/home/chris/Toward-verification-of-QUIC-extensions/installer/TVOQE/results/errors/server/local/mvfst_server_newcoid/temp/66/quic_client_test_max0.iev,0.0,0.0
176,quant,client,quic_client_test_tp_prefadd_error0,,server_return_code(134)+timeout,/home/chris/Toward-verification-of-QUIC-extensions/installer/TVOQE/results/errors/server/local/mvfst_server_newcoid/temp/1069/quic_client_test_tp_prefadd_error0.iev,0.0,0.0
177,quant,client,quic_client_test_tp_prefadd_error0,,server_return_code(134)+timeout,/home/chris/Toward-verification-of-QUIC-extensions/installer/TVOQE/results/errors/server/local/mvfst_server_newcoid/temp/1022/quic_client_test_tp_prefadd_error0.iev,0.0,0.0
178,quant,client,quic_client_test_accept_maxdata0,,ivy_return_code(127)+,/home/chris/Toward-verification-of-QUIC-extensions/installer/TVOQE/results/errors/server/local/mvfst_server_newcoid/temp/986/quic_client_test_accept_maxdata0.iev,0.0,0.0
179,quant,client,quic_client_test_accept_maxdata0,,ivy_return_code(127)+,/home/chris/Toward-verification-of-QUIC-extensions/installer/TVOQE/results/errors/server/local/mvfst_server_newcoid/temp/932/quic_client_test_accept_maxdata0.iev,0.0,0.0
180,quant,client,quic_client_test_no_odci0,,server_return_code(134)+timeout,/home/chris/Toward-verification-of-QUIC-extensions/installer/TVOQE/results/errors/server/local/mvfst_server_newcoid/temp/1110/quic_client_test_no_odci0.iev,0.0,0.0
181,quant,client,quic_client_test_max0,,ivy_return_code(127)+,/home/chris/Toward-verification-of-QUIC-extensions/installer/TVOQE/results/errors/server/local/mvfst_server_newcoid/temp/35/quic_client_test_max0.iev,0.0,0.0
182,quant,client,quic_client_test_tp_error0,,server_return_code(134)+timeout,/home/chris/Toward-verification-of-QUIC-extensions/installer/TVOQE/results/errors/server/local/mvfst_server_newcoid/temp/253/quic_client_test_tp_error0.iev,0.0,0.0
183,quant,client,quic_client_test_max0,,ivy_return_code(127)+,/home/chris/Toward-verification-of-QUIC-extensions/installer/TVOQE/results/errors/server/local/mvfst_server_newcoid/temp/27/quic_client_test_max0.iev,0.0,0.0
184,quant,client,quic_client_test_tp_prefadd_error0,,server_return_code(134)+timeout,/home/chris/Toward-verification-of-QUIC-extensions/installer/TVOQE/results/errors/server/local/mvfst_server_newcoid/temp/1032/quic_client_test_tp_prefadd_error0.iev,0.0,0.0
185,quant,client,quic_client_test_tp_prefadd_error0,,server_return_code(134)+timeout,/home/chris/Toward-verification-of-QUIC-extensions/installer/TVOQE/results/errors/server/local/mvfst_server_newcoid/temp/1087/quic_client_test_tp_prefadd_error0.iev,0.0,0.0
186,quant,client,quic_client_test_tp_limit_acticoid_error0,,server_return_code(134)+timeout,/home/chris/Toward-verification-of-QUIC-extensions/installer/TVOQE/results/errors/server/local/mvfst_server_newcoid/temp/610/quic_client_test_tp_limit_acticoid_error0.iev,0.0,0.0
187,quant,client,quic_client_test_tp_acticoid_error0,,server_return_code(134)+timeout,/home/chris/Toward-verification-of-QUIC-extensions/installer/TVOQE/results/errors/server/local/mvfst_server_newcoid/temp/571/quic_client_test_tp_acticoid_error0.iev,0.0,0.0
188,quant,client,quic_client_test_tp_limit_acticoid_error0,,server_return_code(134)+timeout,/home/chris/Toward-verification-of-QUIC-extensions/installer/TVOQE/results/errors/server/local/mvfst_server_newcoid/temp/621/quic_client_test_tp_limit_acticoid_error0.iev,0.0,0.0
189,quant,client,quic_client_test_no_odci0,,server_return_code(134)+timeout,/home/chris/Toward-verification-of-QUIC-extensions/installer/TVOQE/results/errors/server/local/mvfst_server_newcoid/temp/1108/quic_client_test_no_odci0.iev,0.0,0.0
190,quant,client,quic_client_test_ext_min_ack_delay0,,server_return_code(134)+timeout,/home/chris/Toward-verification-of-QUIC-extensions/installer/TVOQE/results/errors/server/local/mvfst_server_newcoid/temp/1231/quic_client_test_ext_min_ack_delay0.iev,0.0,0.0
191,quant,client,quic_client_test_newcoid_zero_error0,,server_return_code(134)+timeout,/home/chris/Toward-verification-of-QUIC-extensions/installer/TVOQE/results/errors/server/local/mvfst_server_newcoid/temp/807/quic_client_test_newcoid_zero_error0.iev,0.0,0.0
192,quant,client,quic_client_test_max0,,ivy_return_code(127)+,/home/chris/Toward-verification-of-QUIC-extensions/installer/TVOQE/results/errors/server/local/mvfst_server_newcoid/temp/90/quic_client_test_max0.iev,0.0,0.0
193,quant,client,quic_client_test_tp_prefadd_error0,,server_return_code(134)+timeout,/home/chris/Toward-verification-of-QUIC-extensions/installer/TVOQE/results/errors/server/local/mvfst_server_newcoid/temp/1099/quic_client_test_tp_prefadd_error0.iev,0.0,0.0
194,quant,client,quic_client_test_tp_acticoid_error0,,server_return_code(134)+timeout,/home/chris/Toward-verification-of-QUIC-extensions/installer/TVOQE/results/errors/server/local/mvfst_server_newcoid/temp/535/quic_client_test_tp_acticoid_error0.iev,0.0,0.0
195,quant,client,quic_client_test_tp_prefadd_error0,,server_return_code(134)+timeout,/home/chris/Toward-verification-of-QUIC-extensions/installer/TVOQE/results/errors/server/local/mvfst_server_newcoid/temp/1082/quic_client_test_tp_prefadd_error0.iev,0.0,0.0
196,quant,client,quic_client_test_double_tp_error0,,server_return_code(134)+timeout,/home/chris/Toward-verification-of-QUIC-extensions/installer/TVOQE/results/errors/server/local/mvfst_server_newcoid/temp/480/quic_client_test_double_tp_error0.iev,0.0,0.0
197,quant,client,quic_client_test_tp_limit_acticoid_error0,,server_return_code(134)+timeout,/home/chris/Toward-verification-of-QUIC-extensions/installer/TVOQE/results/errors/server/local/mvfst_server_newcoid/temp/645/quic_client_test_tp_limit_acticoid_error0.iev,0.0,0.0
198,quant,client,quic_client_test_blocked_streams_maxstream_error0,,server_return_code(134)+timeout,/home/chris/Toward-verification-of-QUIC-extensions/installer/TVOQE/results/errors/server/local/mvfst_server_newcoid/temp/711/quic_client_test_blocked_streams_maxstream_error0.iev,0.0,0.0
199,quant,client,quic_client_test_tp_acticoid_error0,,server_return_code(134)+timeout,/home/chris/Toward-verification-of-QUIC-extensions/installer/TVOQE/results/errors/server/local/mvfst_server_newcoid/temp/529/quic_client_test_tp_acticoid_error0.iev,0.0,0.0
200,quant,client,quic_client_test_blocked_streams_maxstream_error0,,server_return_code(134)+timeout,/home/chris/Toward-verification-of-QUIC-extensions/installer/TVOQE/results/errors/server/local/mvfst_server_newcoid/temp/751/quic_client_test_blocked_streams_maxstream_error0.iev,0.0,0.0
201,quant,client,quic_client_test_ext_min_ack_delay0,,server_return_code(134)+timeout,/home/chris/Toward-verification-of-QUIC-extensions/installer/TVOQE/results/errors/server/local/mvfst_server_newcoid/temp/1252/quic_client_test_ext_min_ack_delay0.iev,0.0,0.0
202,quant,client,quic_client_test_double_tp_error0,,server_return_code(134)+timeout,/home/chris/Toward-verification-of-QUIC-extensions/installer/TVOQE/results/errors/server/local/mvfst_server_newcoid/temp/445/quic_client_test_double_tp_error0.iev,0.0,0.0
203,quant,client,quic_client_test_accept_maxdata0,,ivy_return_code(127)+,/home/chris/Toward-verification-of-QUIC-extensions/installer/TVOQE/results/errors/server/local/mvfst_server_newcoid/temp/915/quic_client_test_accept_maxdata0.iev,0.0,0.0
204,quant,client,quic_client_test_accept_maxdata0,,ivy_return_code(127)+,/home/chris/Toward-verification-of-QUIC-extensions/installer/TVOQE/results/errors/server/local/mvfst_server_newcoid/temp/923/quic_client_test_accept_maxdata0.iev,0.0,0.0
205,quant,client,quic_client_test_newcoid_zero_error0,,server_return_code(134)+timeout,/home/chris/Toward-verification-of-QUIC-extensions/installer/TVOQE/results/errors/server/local/mvfst_server_newcoid/temp/849/quic_client_test_newcoid_zero_error0.iev,0.0,0.0
206,quant,client,quic_client_test_tp_prefadd_error0,,server_return_code(134)+timeout,/home/chris/Toward-verification-of-QUIC-extensions/installer/TVOQE/results/errors/server/local/mvfst_server_newcoid/temp/1095/quic_client_test_tp_prefadd_error0.iev,0.0,0.0
207,quant,client,quic_client_test_tp_acticoid_error0,,server_return_code(134)+timeout,/home/chris/Toward-verification-of-QUIC-extensions/installer/TVOQE/results/errors/server/local/mvfst_server_newcoid/temp/570/quic_client_test_tp_acticoid_error0.iev,0.0,0.0
208,quant,client,quic_client_test_newcoid_zero_error0,,server_return_code(134)+timeout,/home/chris/Toward-verification-of-QUIC-extensions/installer/TVOQE/results/errors/server/local/mvfst_server_newcoid/temp/872/quic_client_test_newcoid_zero_error0.iev,0.0,0.0
209,quant,client,quic_client_test_tp_limit_acticoid_error0,,server_return_code(134)+timeout,/home/chris/Toward-verification-of-QUIC-extensions/installer/TVOQE/results/errors/server/local/mvfst_server_newcoid/temp/611/quic_client_test_tp_limit_acticoid_error0.iev,0.0,0.0
210,quant,client,quic_client_test_tp_error0,,server_return_code(134)+timeout,/home/chris/Toward-verification-of-QUIC-extensions/installer/TVOQE/results/errors/server/local/mvfst_server_newcoid/temp/218/quic_client_test_tp_error0.iev,0.0,0.0
211,quant,client,quic_client_test_ext_min_ack_delay0,,server_return_code(134)+timeout,/home/chris/Toward-verification-of-QUIC-extensions/installer/TVOQE/results/errors/server/local/mvfst_server_newcoid/temp/1294/quic_client_test_ext_min_ack_delay0.iev,0.0,0.0
212,quant,client,quic_client_test_tp_acticoid_error0,,server_return_code(134)+timeout,/home/chris/Toward-verification-of-QUIC-extensions/installer/TVOQE/results/errors/server/local/mvfst_server_newcoid/temp/591/quic_client_test_tp_acticoid_error0.iev,0.0,0.0
213,quant,client,quic_client_test_ext_min_ack_delay0,,server_return_code(134)+timeout,/home/chris/Toward-verification-of-QUIC-extensions/installer/TVOQE/results/errors/server/local/mvfst_server_newcoid/temp/1282/quic_client_test_ext_min_ack_delay0.iev,0.0,0.0
214,quant,client,quic_client_test_max0,,ivy_return_code(127)+,/home/chris/Toward-verification-of-QUIC-extensions/installer/TVOQE/results/errors/server/local/mvfst_server_newcoid/temp/12/quic_client_test_max0.iev,0.0,0.0
215,quant,client,quic_client_test_tp_error0,,server_return_code(134)+timeout,/home/chris/Toward-verification-of-QUIC-extensions/installer/TVOQE/results/errors/server/local/mvfst_server_newcoid/temp/228/quic_client_test_tp_error0.iev,0.0,0.0
216,quant,client,quic_client_test_tp_error0,,server_return_code(134)+timeout,/home/chris/Toward-verification-of-QUIC-extensions/installer/TVOQE/results/errors/server/local/mvfst_server_newcoid/temp/273/quic_client_test_tp_error0.iev,0.0,0.0
217,quant,client,quic_client_test_newcoid_zero_error0,,server_return_code(134)+timeout,/home/chris/Toward-verification-of-QUIC-extensions/installer/TVOQE/results/errors/server/local/mvfst_server_newcoid/temp/803/quic_client_test_newcoid_zero_error0.iev,0.0,0.0
218,quant,client,quic_client_test_blocked_streams_maxstream_error0,,server_return_code(134)+timeout,/home/chris/Toward-verification-of-QUIC-extensions/installer/TVOQE/results/errors/server/local/mvfst_server_newcoid/temp/729/quic_client_test_blocked_streams_maxstream_error0.iev,0.0,0.0
219,quant,client,quic_client_test_no_odci0,,server_return_code(134)+timeout,/home/chris/Toward-verification-of-QUIC-extensions/installer/TVOQE/results/errors/server/local/mvfst_server_newcoid/temp/1181/quic_client_test_no_odci0.iev,0.0,0.0
220,quant,client,quic_client_test_blocked_streams_maxstream_error0,,server_return_code(134)+timeout,/home/chris/Toward-verification-of-QUIC-extensions/installer/TVOQE/results/errors/server/local/mvfst_server_newcoid/temp/796/quic_client_test_blocked_streams_maxstream_error0.iev,0.0,0.0
221,quant,client,quic_client_test_newcoid_zero_error0,,server_return_code(134)+timeout,/home/chris/Toward-verification-of-QUIC-extensions/installer/TVOQE/results/errors/server/local/mvfst_server_newcoid/temp/812/quic_client_test_newcoid_zero_error0.iev,0.0,0.0
222,quant,client,quic_client_test_newcoid_zero_error0,,server_return_code(134)+timeout,/home/chris/Toward-verification-of-QUIC-extensions/installer/TVOQE/results/errors/server/local/mvfst_server_newcoid/temp/829/quic_client_test_newcoid_zero_error0.iev,0.0,0.0
223,quant,client,quic_client_test_tp_prefadd_error0,,server_return_code(134)+timeout,/home/chris/Toward-verification-of-QUIC-extensions/installer/TVOQE/results/errors/server/local/mvfst_server_newcoid/temp/1097/quic_client_test_tp_prefadd_error0.iev,0.0,0.0
224,quant,client,quic_client_test_newcoid_zero_error0,,server_return_code(134)+timeout,/home/chris/Toward-verification-of-QUIC-extensions/installer/TVOQE/results/errors/server/local/mvfst_server_newcoid/temp/885/quic_client_test_newcoid_zero_error0.iev,0.0,0.0
225,quant,client,quic_client_test_newcoid_zero_error0,,server_return_code(134)+timeout,/home/chris/Toward-verification-of-QUIC-extensions/installer/TVOQE/results/errors/server/local/mvfst_server_newcoid/temp/839/quic_client_test_newcoid_zero_error0.iev,0.0,0.0
226,quant,client,quic_client_test_tp_prefadd_error0,,server_return_code(134)+timeout,/home/chris/Toward-verification-of-QUIC-extensions/installer/TVOQE/results/errors/server/local/mvfst_server_newcoid/temp/1034/quic_client_test_tp_prefadd_error0.iev,0.0,0.0
227,quant,client,quic_client_test_double_tp_error0,,server_return_code(134)+timeout,/home/chris/Toward-verification-of-QUIC-extensions/installer/TVOQE/results/errors/server/local/mvfst_server_newcoid/temp/410/quic_client_test_double_tp_error0.iev,0.0,0.0
228,quant,client,quic_client_test_tp_error0,,server_return_code(134)+timeout,/home/chris/Toward-verification-of-QUIC-extensions/installer/TVOQE/results/errors/server/local/mvfst_server_newcoid/temp/260/quic_client_test_tp_error0.iev,0.0,0.0
229,quant,client,quic_client_test_ext_min_ack_delay0,,server_return_code(134)+timeout,/home/chris/Toward-verification-of-QUIC-extensions/installer/TVOQE/results/errors/server/local/mvfst_server_newcoid/temp/1235/quic_client_test_ext_min_ack_delay0.iev,0.0,0.0
230,quant,client,quic_client_test_no_odci0,,server_return_code(134)+timeout,/home/chris/Toward-verification-of-QUIC-extensions/installer/TVOQE/results/errors/server/local/mvfst_server_newcoid/temp/1102/quic_client_test_no_odci0.iev,0.0,0.0
231,quant,client,quic_client_test_no_odci0,,server_return_code(134)+timeout,/home/chris/Toward-verification-of-QUIC-extensions/installer/TVOQE/results/errors/server/local/mvfst_server_newcoid/temp/1118/quic_client_test_no_odci0.iev,0.0,0.0
232,quant,client,quic_client_test_ext_min_ack_delay0,,server_return_code(134)+timeout,/home/chris/Toward-verification-of-QUIC-extensions/installer/TVOQE/results/errors/server/local/mvfst_server_newcoid/temp/1218/quic_client_test_ext_min_ack_delay0.iev,0.0,0.0
233,quant,client,quic_client_test_accept_maxdata0,,ivy_return_code(127)+,/home/chris/Toward-verification-of-QUIC-extensions/installer/TVOQE/results/errors/server/local/mvfst_server_newcoid/temp/916/quic_client_test_accept_maxdata0.iev,0.0,0.0
234,quant,client,quic_client_test_ext_min_ack_delay0,,server_return_code(134)+timeout,/home/chris/Toward-verification-of-QUIC-extensions/installer/TVOQE/results/errors/server/local/mvfst_server_newcoid/temp/1290/quic_client_test_ext_min_ack_delay0.iev,0.0,0.0
235,quant,client,quic_client_test_double_tp_error0,,server_return_code(134)+timeout,/home/chris/Toward-verification-of-QUIC-extensions/installer/TVOQE/results/errors/server/local/mvfst_server_newcoid/temp/442/quic_client_test_double_tp_error0.iev,0.0,0.0
236,quant,client,quic_client_test_accept_maxdata0,,ivy_return_code(127)+,/home/chris/Toward-verification-of-QUIC-extensions/installer/TVOQE/results/errors/server/local/mvfst_server_newcoid/temp/953/quic_client_test_accept_maxdata0.iev,0.0,0.0
237,quant,client,quic_client_test_max0,,ivy_return_code(127)+,/home/chris/Toward-verification-of-QUIC-extensions/installer/TVOQE/results/errors/server/local/mvfst_server_newcoid/temp/3/quic_client_test_max0.iev,0.0,0.0
238,quant,client,quic_client_test_tp_prefadd_error0,,server_return_code(134)+timeout,/home/chris/Toward-verification-of-QUIC-extensions/installer/TVOQE/results/errors/server/local/mvfst_server_newcoid/temp/1012/quic_client_test_tp_prefadd_error0.iev,0.0,0.0
239,quant,client,quic_client_test_accept_maxdata0,,ivy_return_code(127)+,/home/chris/Toward-verification-of-QUIC-extensions/installer/TVOQE/results/errors/server/local/mvfst_server_newcoid/temp/952/quic_client_test_accept_maxdata0.iev,0.0,0.0
240,quant,client,quic_client_test_tp_acticoid_error0,,server_return_code(134)+timeout,/home/chris/Toward-verification-of-QUIC-extensions/installer/TVOQE/results/errors/server/local/mvfst_server_newcoid/temp/521/quic_client_test_tp_acticoid_error0.iev,0.0,0.0
241,quant,client,quic_client_test_tp_limit_acticoid_error0,,server_return_code(134)+timeout,/home/chris/Toward-verification-of-QUIC-extensions/installer/TVOQE/results/errors/server/local/mvfst_server_newcoid/temp/624/quic_client_test_tp_limit_acticoid_error0.iev,0.0,0.0
242,quant,client,quic_client_test_double_tp_error0,,server_return_code(134)+timeout,/home/chris/Toward-verification-of-QUIC-extensions/installer/TVOQE/results/errors/server/local/mvfst_server_newcoid/temp/433/quic_client_test_double_tp_error0.iev,0.0,0.0
243,quant,client,quic_client_test_blocked_streams_maxstream_error0,,server_return_code(134)+timeout,/home/chris/Toward-verification-of-QUIC-extensions/installer/TVOQE/results/errors/server/local/mvfst_server_newcoid/temp/700/quic_client_test_blocked_streams_maxstream_error0.iev,0.0,0.0
244,quant,client,quic_client_test_tp_limit_acticoid_error0,,server_return_code(134)+timeout,/home/chris/Toward-verification-of-QUIC-extensions/installer/TVOQE/results/errors/server/local/mvfst_server_newcoid/temp/638/quic_client_test_tp_limit_acticoid_error0.iev,0.0,0.0
245,quant,client,quic_client_test_tp_prefadd_error0,,server_return_code(134)+timeout,/home/chris/Toward-verification-of-QUIC-extensions/installer/TVOQE/results/errors/server/local/mvfst_server_newcoid/temp/1064/quic_client_test_tp_prefadd_error0.iev,0.0,0.0
246,quant,client,quic_client_test_newcoid_zero_error0,,server_return_code(134)+timeout,/home/chris/Toward-verification-of-QUIC-extensions/installer/TVOQE/results/errors/server/local/mvfst_server_newcoid/temp/811/quic_client_test_newcoid_zero_error0.iev,0.0,0.0
247,quant,client,quic_client_test_tp_prefadd_error0,,server_return_code(134)+timeout,/home/chris/Toward-verification-of-QUIC-extensions/installer/TVOQE/results/errors/server/local/mvfst_server_newcoid/temp/1050/quic_client_test_tp_prefadd_error0.iev,0.0,0.0
248,quant,client,quic_client_test_double_tp_error0,,server_return_code(134)+timeout,/home/chris/Toward-verification-of-QUIC-extensions/installer/TVOQE/results/errors/server/local/mvfst_server_newcoid/temp/486/quic_client_test_double_tp_error0.iev,0.0,0.0
249,quant,client,quic_client_test_tp_acticoid_error0,,server_return_code(134)+timeout,/home/chris/Toward-verification-of-QUIC-extensions/installer/TVOQE/results/errors/server/local/mvfst_server_newcoid/temp/577/quic_client_test_tp_acticoid_error0.iev,0.0,0.0
250,quant,client,quic_client_test_tp_prefadd_error0,,server_return_code(134)+timeout,/home/chris/Toward-verification-of-QUIC-extensions/installer/TVOQE/results/errors/server/local/mvfst_server_newcoid/temp/1014/quic_client_test_tp_prefadd_error0.iev,0.0,0.0
251,quant,client,quic_client_test_accept_maxdata0,,ivy_return_code(127)+,/home/chris/Toward-verification-of-QUIC-extensions/installer/TVOQE/results/errors/server/local/mvfst_server_newcoid/temp/961/quic_client_test_accept_maxdata0.iev,0.0,0.0
252,quant,client,quic_client_test_tp_error0,,server_return_code(134)+timeout,/home/chris/Toward-verification-of-QUIC-extensions/installer/TVOQE/results/errors/server/local/mvfst_server_newcoid/temp/211/quic_client_test_tp_error0.iev,0.0,0.0
253,quant,client,quic_client_test_blocked_streams_maxstream_error0,,server_return_code(134)+timeout,/home/chris/Toward-verification-of-QUIC-extensions/installer/TVOQE/results/errors/server/local/mvfst_server_newcoid/temp/744/quic_client_test_blocked_streams_maxstream_error0.iev,0.0,0.0
254,quant,client,quic_client_test_max0,,ivy_return_code(127)+,/home/chris/Toward-verification-of-QUIC-extensions/installer/TVOQE/results/errors/server/local/mvfst_server_newcoid/temp/80/quic_client_test_max0.iev,0.0,0.0
255,quant,client,quic_client_test_ext_min_ack_delay0,,server_return_code(134)+timeout,/home/chris/Toward-verification-of-QUIC-extensions/installer/TVOQE/results/errors/server/local/mvfst_server_newcoid/temp/1267/quic_client_test_ext_min_ack_delay0.iev,0.0,0.0
256,quant,client,quic_client_test_blocked_streams_maxstream_error0,,server_return_code(134)+timeout,/home/chris/Toward-verification-of-QUIC-extensions/installer/TVOQE/results/errors/server/local/mvfst_server_newcoid/temp/794/quic_client_test_blocked_streams_maxstream_error0.iev,0.0,0.0
257,quant,client,quic_client_test_ext_min_ack_delay0,,server_return_code(134)+timeout,/home/chris/Toward-verification-of-QUIC-extensions/installer/TVOQE/results/errors/server/local/mvfst_server_newcoid/temp/1207/quic_client_test_ext_min_ack_delay0.iev,0.0,0.0
258,quant,client,quic_client_test_tp_acticoid_error0,,server_return_code(134)+timeout,/home/chris/Toward-verification-of-QUIC-extensions/installer/TVOQE/results/errors/server/local/mvfst_server_newcoid/temp/525/quic_client_test_tp_acticoid_error0.iev,0.0,0.0
259,quant,client,quic_client_test_newcoid_zero_error0,,server_return_code(134)+timeout,/home/chris/Toward-verification-of-QUIC-extensions/installer/TVOQE/results/errors/server/local/mvfst_server_newcoid/temp/875/quic_client_test_newcoid_zero_error0.iev,0.0,0.0
260,quant,client,quic_client_test_tp_limit_acticoid_error0,,server_return_code(134)+timeout,/home/chris/Toward-verification-of-QUIC-extensions/installer/TVOQE/results/errors/server/local/mvfst_server_newcoid/temp/652/quic_client_test_tp_limit_acticoid_error0.iev,0.0,0.0
261,quant,client,quic_client_test_accept_maxdata0,,ivy_return_code(127)+,/home/chris/Toward-verification-of-QUIC-extensions/installer/TVOQE/results/errors/server/local/mvfst_server_newcoid/temp/956/quic_client_test_accept_maxdata0.iev,0.0,0.0
262,quant,client,quic_client_test_double_tp_error0,,server_return_code(134)+timeout,/home/chris/Toward-verification-of-QUIC-extensions/installer/TVOQE/results/errors/server/local/mvfst_server_newcoid/temp/472/quic_client_test_double_tp_error0.iev,0.0,0.0
263,quant,client,quic_client_test_tp_prefadd_error0,,server_return_code(134)+timeout,/home/chris/Toward-verification-of-QUIC-extensions/installer/TVOQE/results/errors/server/local/mvfst_server_newcoid/temp/1029/quic_client_test_tp_prefadd_error0.iev,0.0,0.0
264,quant,client,quic_client_test_double_tp_error0,,server_return_code(134)+timeout,/home/chris/Toward-verification-of-QUIC-extensions/installer/TVOQE/results/errors/server/local/mvfst_server_newcoid/temp/456/quic_client_test_double_tp_error0.iev,0.0,0.0
265,quant,client,quic_client_test_accept_maxdata0,,ivy_return_code(127)+,/home/chris/Toward-verification-of-QUIC-extensions/installer/TVOQE/results/errors/server/local/mvfst_server_newcoid/temp/965/quic_client_test_accept_maxdata0.iev,0.0,0.0
266,quant,client,quic_client_test_newcoid_zero_error0,,server_return_code(134)+timeout,/home/chris/Toward-verification-of-QUIC-extensions/installer/TVOQE/results/errors/server/local/mvfst_server_newcoid/temp/834/quic_client_test_newcoid_zero_error0.iev,0.0,0.0
267,quant,client,quic_client_test_tp_error0,,server_return_code(134)+timeout,/home/chris/Toward-verification-of-QUIC-extensions/installer/TVOQE/results/errors/server/local/mvfst_server_newcoid/temp/298/quic_client_test_tp_error0.iev,0.0,0.0
268,quant,client,quic_client_test_tp_acticoid_error0,,server_return_code(134)+timeout,/home/chris/Toward-verification-of-QUIC-extensions/installer/TVOQE/results/errors/server/local/mvfst_server_newcoid/temp/551/quic_client_test_tp_acticoid_error0.iev,0.0,0.0
269,quant,client,quic_client_test_tp_acticoid_error0,,server_return_code(134)+timeout,/home/chris/Toward-verification-of-QUIC-extensions/installer/TVOQE/results/errors/server/local/mvfst_server_newcoid/temp/542/quic_client_test_tp_acticoid_error0.iev,0.0,0.0
270,quant,client,quic_client_test_tp_acticoid_error0,,server_return_code(134)+timeout,/home/chris/Toward-verification-of-QUIC-extensions/installer/TVOQE/results/errors/server/local/mvfst_server_newcoid/temp/516/quic_client_test_tp_acticoid_error0.iev,0.0,0.0
271,quant,client,quic_client_test_max0,,ivy_return_code(127)+,/home/chris/Toward-verification-of-QUIC-extensions/installer/TVOQE/results/errors/server/local/mvfst_server_newcoid/temp/84/quic_client_test_max0.iev,0.0,0.0
272,quant,client,quic_client_test_ext_min_ack_delay0,,server_return_code(134)+timeout,/home/chris/Toward-verification-of-QUIC-extensions/installer/TVOQE/results/errors/server/local/mvfst_server_newcoid/temp/1200/quic_client_test_ext_min_ack_delay0.iev,0.0,0.0
273,quant,client,quic_client_test_accept_maxdata0,,ivy_return_code(127)+,/home/chris/Toward-verification-of-QUIC-extensions/installer/TVOQE/results/errors/server/local/mvfst_server_newcoid/temp/930/quic_client_test_accept_maxdata0.iev,0.0,0.0
274,quant,client,quic_client_test_ext_min_ack_delay0,,server_return_code(134)+timeout,/home/chris/Toward-verification-of-QUIC-extensions/installer/TVOQE/results/errors/server/local/mvfst_server_newcoid/temp/1208/quic_client_test_ext_min_ack_delay0.iev,0.0,0.0
275,quant,client,quic_client_test_double_tp_error0,,server_return_code(134)+timeout,/home/chris/Toward-verification-of-QUIC-extensions/installer/TVOQE/results/errors/server/local/mvfst_server_newcoid/temp/415/quic_client_test_double_tp_error0.iev,0.0,0.0
276,quant,client,quic_client_test_ext_min_ack_delay0,,server_return_code(134)+timeout,/home/chris/Toward-verification-of-QUIC-extensions/installer/TVOQE/results/errors/server/local/mvfst_server_newcoid/temp/1210/quic_client_test_ext_min_ack_delay0.iev,0.0,0.0
277,quant,client,quic_client_test_max0,,ivy_return_code(127)+,/home/chris/Toward-verification-of-QUIC-extensions/installer/TVOQE/results/errors/server/local/mvfst_server_newcoid/temp/29/quic_client_test_max0.iev,0.0,0.0
278,quant,client,quic_client_test_tp_limit_acticoid_error0,,server_return_code(134)+timeout,/home/chris/Toward-verification-of-QUIC-extensions/installer/TVOQE/results/errors/server/local/mvfst_server_newcoid/temp/627/quic_client_test_tp_limit_acticoid_error0.iev,0.0,0.0
279,quant,client,quic_client_test_tp_limit_acticoid_error0,,server_return_code(134)+timeout,/home/chris/Toward-verification-of-QUIC-extensions/installer/TVOQE/results/errors/server/local/mvfst_server_newcoid/temp/606/quic_client_test_tp_limit_acticoid_error0.iev,0.0,0.0
280,quant,client,quic_client_test_tp_error0,,server_return_code(134)+timeout,/home/chris/Toward-verification-of-QUIC-extensions/installer/TVOQE/results/errors/server/local/mvfst_server_newcoid/temp/257/quic_client_test_tp_error0.iev,0.0,0.0
281,quant,client,quic_client_test_blocked_streams_maxstream_error0,,server_return_code(134)+timeout,/home/chris/Toward-verification-of-QUIC-extensions/installer/TVOQE/results/errors/server/local/mvfst_server_newcoid/temp/710/quic_client_test_blocked_streams_maxstream_error0.iev,0.0,0.0
282,quant,client,quic_client_test_tp_limit_acticoid_error0,,server_return_code(134)+timeout,/home/chris/Toward-verification-of-QUIC-extensions/installer/TVOQE/results/errors/server/local/mvfst_server_newcoid/temp/679/quic_client_test_tp_limit_acticoid_error0.iev,0.0,0.0
283,quant,client,quic_client_test_blocked_streams_maxstream_error0,,server_return_code(134)+timeout,/home/chris/Toward-verification-of-QUIC-extensions/installer/TVOQE/results/errors/server/local/mvfst_server_newcoid/temp/742/quic_client_test_blocked_streams_maxstream_error0.iev,0.0,0.0
284,quant,client,quic_client_test_blocked_streams_maxstream_error0,,server_return_code(134)+timeout,/home/chris/Toward-verification-of-QUIC-extensions/installer/TVOQE/results/errors/server/local/mvfst_server_newcoid/temp/779/quic_client_test_blocked_streams_maxstream_error0.iev,0.0,0.0
285,quant,client,quic_client_test_ext_min_ack_delay0,,server_return_code(134)+timeout,/home/chris/Toward-verification-of-QUIC-extensions/installer/TVOQE/results/errors/server/local/mvfst_server_newcoid/temp/1280/quic_client_test_ext_min_ack_delay0.iev,0.0,0.0
286,quant,client,quic_client_test_tp_limit_acticoid_error0,,server_return_code(134)+timeout,/home/chris/Toward-verification-of-QUIC-extensions/installer/TVOQE/results/errors/server/local/mvfst_server_newcoid/temp/664/quic_client_test_tp_limit_acticoid_error0.iev,0.0,0.0
287,quant,client,quic_client_test_newcoid_zero_error0,,server_return_code(134)+timeout,/home/chris/Toward-verification-of-QUIC-extensions/installer/TVOQE/results/errors/server/local/mvfst_server_newcoid/temp/826/quic_client_test_newcoid_zero_error0.iev,0.0,0.0
288,quant,client,quic_client_test_max0,,ivy_return_code(127)+,/home/chris/Toward-verification-of-QUIC-extensions/installer/TVOQE/results/errors/server/local/mvfst_server_newcoid/temp/73/quic_client_test_max0.iev,0.0,0.0
289,quant,client,quic_client_test_blocked_streams_maxstream_error0,,server_return_code(134)+timeout,/home/chris/Toward-verification-of-QUIC-extensions/installer/TVOQE/results/errors/server/local/mvfst_server_newcoid/temp/709/quic_client_test_blocked_streams_maxstream_error0.iev,0.0,0.0
290,quant,client,quic_client_test_tp_error0,,server_return_code(134)+timeout,/home/chris/Toward-verification-of-QUIC-extensions/installer/TVOQE/results/errors/server/local/mvfst_server_newcoid/temp/272/quic_client_test_tp_error0.iev,0.0,0.0
291,quant,client,quic_client_test_max0,,ivy_return_code(127)+,/home/chris/Toward-verification-of-QUIC-extensions/installer/TVOQE/results/errors/server/local/mvfst_server_newcoid/temp/30/quic_client_test_max0.iev,0.0,0.0
292,quant,client,quic_client_test_tp_acticoid_error0,,server_return_code(134)+timeout,/home/chris/Toward-verification-of-QUIC-extensions/installer/TVOQE/results/errors/server/local/mvfst_server_newcoid/temp/507/quic_client_test_tp_acticoid_error0.iev,0.0,0.0
293,quant,client,quic_client_test_max0,,ivy_return_code(127)+,/home/chris/Toward-verification-of-QUIC-extensions/installer/TVOQE/results/errors/server/local/mvfst_server_newcoid/temp/86/quic_client_test_max0.iev,0.0,0.0
294,quant,client,quic_client_test_blocked_streams_maxstream_error0,,server_return_code(134)+timeout,/home/chris/Toward-verification-of-QUIC-extensions/installer/TVOQE/results/errors/server/local/mvfst_server_newcoid/temp/715/quic_client_test_blocked_streams_maxstream_error0.iev,0.0,0.0
295,quant,client,quic_client_test_newcoid_zero_error0,,server_return_code(134)+timeout,/home/chris/Toward-verification-of-QUIC-extensions/installer/TVOQE/results/errors/server/local/mvfst_server_newcoid/temp/824/quic_client_test_newcoid_zero_error0.iev,0.0,0.0
296,quant,client,quic_client_test_tp_limit_acticoid_error0,,server_return_code(134)+timeout,/home/chris/Toward-verification-of-QUIC-extensions/installer/TVOQE/results/errors/server/local/mvfst_server_newcoid/temp/635/quic_client_test_tp_limit_acticoid_error0.iev,0.0,0.0
297,quant,client,quic_client_test_no_odci0,,server_return_code(134)+timeout,/home/chris/Toward-verification-of-QUIC-extensions/installer/TVOQE/results/errors/server/local/mvfst_server_newcoid/temp/1114/quic_client_test_no_odci0.iev,0.0,0.0
298,quant,client,quic_client_test_accept_maxdata0,,ivy_return_code(127)+,/home/chris/Toward-verification-of-QUIC-extensions/installer/TVOQE/results/errors/server/local/mvfst_server_newcoid/temp/900/quic_client_test_accept_maxdata0.iev,0.0,0.0
299,quant,client,quic_client_test_double_tp_error0,,server_return_code(134)+timeout,/home/chris/Toward-verification-of-QUIC-extensions/installer/TVOQE/results/errors/server/local/mvfst_server_newcoid/temp/449/quic_client_test_double_tp_error0.iev,0.0,0.0
300,quant,client,quic_client_test_double_tp_error0,,server_return_code(134)+timeout,/home/chris/Toward-verification-of-QUIC-extensions/installer/TVOQE/results/errors/server/local/mvfst_server_newcoid/temp/412/quic_client_test_double_tp_error0.iev,0.0,0.0
301,quant,client,quic_client_test_newcoid_zero_error0,,server_return_code(134)+timeout,/home/chris/Toward-verification-of-QUIC-extensions/installer/TVOQE/results/errors/server/local/mvfst_server_newcoid/temp/871/quic_client_test_newcoid_zero_error0.iev,0.0,0.0
302,quant,client,quic_client_test_tp_limit_acticoid_error0,,server_return_code(134)+timeout,/home/chris/Toward-verification-of-QUIC-extensions/installer/TVOQE/results/errors/server/local/mvfst_server_newcoid/temp/643/quic_client_test_tp_limit_acticoid_error0.iev,0.0,0.0
303,quant,client,quic_client_test_double_tp_error0,,server_return_code(134)+timeout,/home/chris/Toward-verification-of-QUIC-extensions/installer/TVOQE/results/errors/server/local/mvfst_server_newcoid/temp/491/quic_client_test_double_tp_error0.iev,0.0,0.0
304,quant,client,quic_client_test_accept_maxdata0,,ivy_return_code(127)+,/home/chris/Toward-verification-of-QUIC-extensions/installer/TVOQE/results/errors/server/local/mvfst_server_newcoid/temp/946/quic_client_test_accept_maxdata0.iev,0.0,0.0
305,quant,client,quic_client_test_no_odci0,,server_return_code(134)+timeout,/home/chris/Toward-verification-of-QUIC-extensions/installer/TVOQE/results/errors/server/local/mvfst_server_newcoid/temp/1165/quic_client_test_no_odci0.iev,0.0,0.0
306,quant,client,quic_client_test_blocked_streams_maxstream_error0,,server_return_code(134)+timeout,/home/chris/Toward-verification-of-QUIC-extensions/installer/TVOQE/results/errors/server/local/mvfst_server_newcoid/temp/713/quic_client_test_blocked_streams_maxstream_error0.iev,0.0,0.0
307,quant,client,quic_client_test_tp_limit_acticoid_error0,,server_return_code(134)+timeout,/home/chris/Toward-verification-of-QUIC-extensions/installer/TVOQE/results/errors/server/local/mvfst_server_newcoid/temp/602/quic_client_test_tp_limit_acticoid_error0.iev,0.0,0.0
308,quant,client,quic_client_test_no_odci0,,server_return_code(134)+timeout,/home/chris/Toward-verification-of-QUIC-extensions/installer/TVOQE/results/errors/server/local/mvfst_server_newcoid/temp/1107/quic_client_test_no_odci0.iev,0.0,0.0
309,quant,client,quic_client_test_newcoid_zero_error0,,server_return_code(134)+timeout,/home/chris/Toward-verification-of-QUIC-extensions/installer/TVOQE/results/errors/server/local/mvfst_server_newcoid/temp/818/quic_client_test_newcoid_zero_error0.iev,0.0,0.0
310,quant,client,quic_client_test_newcoid_zero_error0,,server_return_code(134)+timeout,/home/chris/Toward-verification-of-QUIC-extensions/installer/TVOQE/results/errors/server/local/mvfst_server_newcoid/temp/861/quic_client_test_newcoid_zero_error0.iev,0.0,0.0
311,quant,client,quic_client_test_double_tp_error0,,server_return_code(134)+timeout,/home/chris/Toward-verification-of-QUIC-extensions/installer/TVOQE/results/errors/server/local/mvfst_server_newcoid/temp/403/quic_client_test_double_tp_error0.iev,0.0,0.0
312,quant,client,quic_client_test_no_odci0,,server_return_code(134)+timeout,/home/chris/Toward-verification-of-QUIC-extensions/installer/TVOQE/results/errors/server/local/mvfst_server_newcoid/temp/1124/quic_client_test_no_odci0.iev,0.0,0.0
313,quant,client,quic_client_test_tp_limit_acticoid_error0,,server_return_code(134)+timeout,/home/chris/Toward-verification-of-QUIC-extensions/installer/TVOQE/results/errors/server/local/mvfst_server_newcoid/temp/659/quic_client_test_tp_limit_acticoid_error0.iev,0.0,0.0
314,quant,client,quic_client_test_newcoid_zero_error0,,server_return_code(134)+timeout,/home/chris/Toward-verification-of-QUIC-extensions/installer/TVOQE/results/errors/server/local/mvfst_server_newcoid/temp/813/quic_client_test_newcoid_zero_error0.iev,0.0,0.0
315,quant,client,quic_client_test_newcoid_zero_error0,,server_return_code(134)+timeout,/home/chris/Toward-verification-of-QUIC-extensions/installer/TVOQE/results/errors/server/local/mvfst_server_newcoid/temp/837/quic_client_test_newcoid_zero_error0.iev,0.0,0.0
316,quant,client,quic_client_test_tp_prefadd_error0,,server_return_code(134)+timeout,/home/chris/Toward-verification-of-QUIC-extensions/installer/TVOQE/results/errors/server/local/mvfst_server_newcoid/temp/1080/quic_client_test_tp_prefadd_error0.iev,0.0,0.0
317,quant,client,quic_client_test_tp_limit_acticoid_error0,,server_return_code(134)+timeout,/home/chris/Toward-verification-of-QUIC-extensions/installer/TVOQE/results/errors/server/local/mvfst_server_newcoid/temp/613/quic_client_test_tp_limit_acticoid_error0.iev,0.0,0.0
318,quant,client,quic_client_test_no_odci0,,server_return_code(134)+timeout,/home/chris/Toward-verification-of-QUIC-extensions/installer/TVOQE/results/errors/server/local/mvfst_server_newcoid/temp/1143/quic_client_test_no_odci0.iev,0.0,0.0
319,quant,client,quic_client_test_max0,,ivy_return_code(127)+,/home/chris/Toward-verification-of-QUIC-extensions/installer/TVOQE/results/errors/server/local/mvfst_server_newcoid/temp/46/quic_client_test_max0.iev,0.0,0.0
320,quant,client,quic_client_test_ext_min_ack_delay0,,server_return_code(134)+timeout,/home/chris/Toward-verification-of-QUIC-extensions/installer/TVOQE/results/errors/server/local/mvfst_server_newcoid/temp/1237/quic_client_test_ext_min_ack_delay0.iev,0.0,0.0
321,quant,client,quic_client_test_tp_acticoid_error0,,server_return_code(134)+timeout,/home/chris/Toward-verification-of-QUIC-extensions/installer/TVOQE/results/errors/server/local/mvfst_server_newcoid/temp/524/quic_client_test_tp_acticoid_error0.iev,0.0,0.0
322,quant,client,quic_client_test_tp_error0,,server_return_code(134)+timeout,/home/chris/Toward-verification-of-QUIC-extensions/installer/TVOQE/results/errors/server/local/mvfst_server_newcoid/temp/204/quic_client_test_tp_error0.iev,0.0,0.0
323,quant,client,quic_client_test_blocked_streams_maxstream_error0,,server_return_code(134)+timeout,/home/chris/Toward-verification-of-QUIC-extensions/installer/TVOQE/results/errors/server/local/mvfst_server_newcoid/temp/775/quic_client_test_blocked_streams_maxstream_error0.iev,0.0,0.0
324,quant,client,quic_client_test_newcoid_zero_error0,,server_return_code(134)+timeout,/home/chris/Toward-verification-of-QUIC-extensions/installer/TVOQE/results/errors/server/local/mvfst_server_newcoid/temp/860/quic_client_test_newcoid_zero_error0.iev,0.0,0.0
325,quant,client,quic_client_test_no_odci0,,server_return_code(134)+timeout,/home/chris/Toward-verification-of-QUIC-extensions/installer/TVOQE/results/errors/server/local/mvfst_server_newcoid/temp/1159/quic_client_test_no_odci0.iev,0.0,0.0
326,quant,client,quic_client_test_tp_limit_acticoid_error0,,server_return_code(134)+timeout,/home/chris/Toward-verification-of-QUIC-extensions/installer/TVOQE/results/errors/server/local/mvfst_server_newcoid/temp/663/quic_client_test_tp_limit_acticoid_error0.iev,0.0,0.0
327,quant,client,quic_client_test_blocked_streams_maxstream_error0,,server_return_code(134)+timeout,/home/chris/Toward-verification-of-QUIC-extensions/installer/TVOQE/results/errors/server/local/mvfst_server_newcoid/temp/765/quic_client_test_blocked_streams_maxstream_error0.iev,0.0,0.0
328,quant,client,quic_client_test_tp_error0,,server_return_code(134)+timeout,/home/chris/Toward-verification-of-QUIC-extensions/installer/TVOQE/results/errors/server/local/mvfst_server_newcoid/temp/297/quic_client_test_tp_error0.iev,0.0,0.0
329,quant,client,quic_client_test_newcoid_zero_error0,,server_return_code(134)+timeout,/home/chris/Toward-verification-of-QUIC-extensions/installer/TVOQE/results/errors/server/local/mvfst_server_newcoid/temp/808/quic_client_test_newcoid_zero_error0.iev,0.0,0.0
330,quant,client,quic_client_test_double_tp_error0,,server_return_code(134)+timeout,/home/chris/Toward-verification-of-QUIC-extensions/installer/TVOQE/results/errors/server/local/mvfst_server_newcoid/temp/406/quic_client_test_double_tp_error0.iev,0.0,0.0
331,quant,client,quic_client_test_tp_prefadd_error0,,server_return_code(134)+timeout,/home/chris/Toward-verification-of-QUIC-extensions/installer/TVOQE/results/errors/server/local/mvfst_server_newcoid/temp/1068/quic_client_test_tp_prefadd_error0.iev,0.0,0.0
332,quant,client,quic_client_test_ext_min_ack_delay0,,server_return_code(134)+timeout,/home/chris/Toward-verification-of-QUIC-extensions/installer/TVOQE/results/errors/server/local/mvfst_server_newcoid/temp/1241/quic_client_test_ext_min_ack_delay0.iev,0.0,0.0
333,quant,client,quic_client_test_tp_limit_acticoid_error0,,server_return_code(134)+timeout,/home/chris/Toward-verification-of-QUIC-extensions/installer/TVOQE/results/errors/server/local/mvfst_server_newcoid/temp/646/quic_client_test_tp_limit_acticoid_error0.iev,0.0,0.0
334,quant,client,quic_client_test_tp_acticoid_error0,,server_return_code(134)+timeout,/home/chris/Toward-verification-of-QUIC-extensions/installer/TVOQE/results/errors/server/local/mvfst_server_newcoid/temp/578/quic_client_test_tp_acticoid_error0.iev,0.0,0.0
335,quant,client,quic_client_test_tp_acticoid_error0,,server_return_code(134)+timeout,/home/chris/Toward-verification-of-QUIC-extensions/installer/TVOQE/results/errors/server/local/mvfst_server_newcoid/temp/527/quic_client_test_tp_acticoid_error0.iev,0.0,0.0
336,quant,client,quic_client_test_ext_min_ack_delay0,,server_return_code(134)+timeout,/home/chris/Toward-verification-of-QUIC-extensions/installer/TVOQE/results/errors/server/local/mvfst_server_newcoid/temp/1214/quic_client_test_ext_min_ack_delay0.iev,0.0,0.0
337,quant,client,quic_client_test_blocked_streams_maxstream_error0,,server_return_code(134)+timeout,/home/chris/Toward-verification-of-QUIC-extensions/installer/TVOQE/results/errors/server/local/mvfst_server_newcoid/temp/767/quic_client_test_blocked_streams_maxstream_error0.iev,0.0,0.0
338,quant,client,quic_client_test_newcoid_zero_error0,,server_return_code(134)+timeout,/home/chris/Toward-verification-of-QUIC-extensions/installer/TVOQE/results/errors/server/local/mvfst_server_newcoid/temp/897/quic_client_test_newcoid_zero_error0.iev,0.0,0.0
339,quant,client,quic_client_test_no_odci0,,server_return_code(134)+timeout,/home/chris/Toward-verification-of-QUIC-extensions/installer/TVOQE/results/errors/server/local/mvfst_server_newcoid/temp/1140/quic_client_test_no_odci0.iev,0.0,0.0
340,quant,client,quic_client_test_double_tp_error0,,server_return_code(134)+timeout,/home/chris/Toward-verification-of-QUIC-extensions/installer/TVOQE/results/errors/server/local/mvfst_server_newcoid/temp/439/quic_client_test_double_tp_error0.iev,0.0,0.0
341,quant,client,quic_client_test_max0,,ivy_return_code(127)+,/home/chris/Toward-verification-of-QUIC-extensions/installer/TVOQE/results/errors/server/local/mvfst_server_newcoid/temp/26/quic_client_test_max0.iev,0.0,0.0
342,quant,client,quic_client_test_accept_maxdata0,,ivy_return_code(127)+,/home/chris/Toward-verification-of-QUIC-extensions/installer/TVOQE/results/errors/server/local/mvfst_server_newcoid/temp/939/quic_client_test_accept_maxdata0.iev,0.0,0.0
343,quant,client,quic_client_test_tp_error0,,server_return_code(134)+timeout,/home/chris/Toward-verification-of-QUIC-extensions/installer/TVOQE/results/errors/server/local/mvfst_server_newcoid/temp/238/quic_client_test_tp_error0.iev,0.0,0.0
344,quant,client,quic_client_test_no_odci0,,server_return_code(134)+timeout,/home/chris/Toward-verification-of-QUIC-extensions/installer/TVOQE/results/errors/server/local/mvfst_server_newcoid/temp/1100/quic_client_test_no_odci0.iev,0.0,0.0
345,quant,client,quic_client_test_no_odci0,,server_return_code(134)+timeout,/home/chris/Toward-verification-of-QUIC-extensions/installer/TVOQE/results/errors/server/local/mvfst_server_newcoid/temp/1111/quic_client_test_no_odci0.iev,0.0,0.0
346,quant,client,quic_client_test_blocked_streams_maxstream_error0,,server_return_code(134)+timeout,/home/chris/Toward-verification-of-QUIC-extensions/installer/TVOQE/results/errors/server/local/mvfst_server_newcoid/temp/782/quic_client_test_blocked_streams_maxstream_error0.iev,0.0,0.0
347,quant,client,quic_client_test_newcoid_zero_error0,,server_return_code(134)+timeout,/home/chris/Toward-verification-of-QUIC-extensions/installer/TVOQE/results/errors/server/local/mvfst_server_newcoid/temp/816/quic_client_test_newcoid_zero_error0.iev,0.0,0.0
348,quant,client,quic_client_test_double_tp_error0,,server_return_code(134)+timeout,/home/chris/Toward-verification-of-QUIC-extensions/installer/TVOQE/results/errors/server/local/mvfst_server_newcoid/temp/435/quic_client_test_double_tp_error0.iev,0.0,0.0
349,quant,client,quic_client_test_double_tp_error0,,server_return_code(134)+timeout,/home/chris/Toward-verification-of-QUIC-extensions/installer/TVOQE/results/errors/server/local/mvfst_server_newcoid/temp/477/quic_client_test_double_tp_error0.iev,0.0,0.0
350,quant,client,quic_client_test_max0,,ivy_return_code(127)+,/home/chris/Toward-verification-of-QUIC-extensions/installer/TVOQE/results/errors/server/local/mvfst_server_newcoid/temp/42/quic_client_test_max0.iev,0.0,0.0
351,quant,client,quic_client_test_tp_prefadd_error0,,server_return_code(134)+timeout,/home/chris/Toward-verification-of-QUIC-extensions/installer/TVOQE/results/errors/server/local/mvfst_server_newcoid/temp/1047/quic_client_test_tp_prefadd_error0.iev,0.0,0.0
352,quant,client,quic_client_test_tp_prefadd_error0,,server_return_code(134)+timeout,/home/chris/Toward-verification-of-QUIC-extensions/installer/TVOQE/results/errors/server/local/mvfst_server_newcoid/temp/1019/quic_client_test_tp_prefadd_error0.iev,0.0,0.0
353,quant,client,quic_client_test_tp_prefadd_error0,,server_return_code(134)+timeout,/home/chris/Toward-verification-of-QUIC-extensions/installer/TVOQE/results/errors/server/local/mvfst_server_newcoid/temp/1011/quic_client_test_tp_prefadd_error0.iev,0.0,0.0
354,quant,client,quic_client_test_accept_maxdata0,,ivy_return_code(127)+,/home/chris/Toward-verification-of-QUIC-extensions/installer/TVOQE/results/errors/server/local/mvfst_server_newcoid/temp/942/quic_client_test_accept_maxdata0.iev,0.0,0.0
355,quant,client,quic_client_test_accept_maxdata0,,ivy_return_code(127)+,/home/chris/Toward-verification-of-QUIC-extensions/installer/TVOQE/results/errors/server/local/mvfst_server_newcoid/temp/926/quic_client_test_accept_maxdata0.iev,0.0,0.0
356,quant,client,quic_client_test_tp_acticoid_error0,,server_return_code(134)+timeout,/home/chris/Toward-verification-of-QUIC-extensions/installer/TVOQE/results/errors/server/local/mvfst_server_newcoid/temp/581/quic_client_test_tp_acticoid_error0.iev,0.0,0.0
357,quant,client,quic_client_test_accept_maxdata0,,ivy_return_code(127)+,/home/chris/Toward-verification-of-QUIC-extensions/installer/TVOQE/results/errors/server/local/mvfst_server_newcoid/temp/940/quic_client_test_accept_maxdata0.iev,0.0,0.0
358,quant,client,quic_client_test_max0,,ivy_return_code(127)+,/home/chris/Toward-verification-of-QUIC-extensions/installer/TVOQE/results/errors/server/local/mvfst_server_newcoid/temp/93/quic_client_test_max0.iev,0.0,0.0
359,quant,client,quic_client_test_newcoid_zero_error0,,server_return_code(134)+timeout,/home/chris/Toward-verification-of-QUIC-extensions/installer/TVOQE/results/errors/server/local/mvfst_server_newcoid/temp/877/quic_client_test_newcoid_zero_error0.iev,0.0,0.0
360,quant,client,quic_client_test_double_tp_error0,,server_return_code(134)+timeout,/home/chris/Toward-verification-of-QUIC-extensions/installer/TVOQE/results/errors/server/local/mvfst_server_newcoid/temp/458/quic_client_test_double_tp_error0.iev,0.0,0.0
361,quant,client,quic_client_test_newcoid_zero_error0,,server_return_code(134)+timeout,/home/chris/Toward-verification-of-QUIC-extensions/installer/TVOQE/results/errors/server/local/mvfst_server_newcoid/temp/888/quic_client_test_newcoid_zero_error0.iev,0.0,0.0
362,quant,client,quic_client_test_tp_error0,,server_return_code(134)+timeout,/home/chris/Toward-verification-of-QUIC-extensions/installer/TVOQE/results/errors/server/local/mvfst_server_newcoid/temp/277/quic_client_test_tp_error0.iev,0.0,0.0
363,quant,client,quic_client_test_tp_prefadd_error0,,server_return_code(134)+timeout,/home/chris/Toward-verification-of-QUIC-extensions/installer/TVOQE/results/errors/server/local/mvfst_server_newcoid/temp/1027/quic_client_test_tp_prefadd_error0.iev,0.0,0.0
364,quant,client,quic_client_test_tp_prefadd_error0,,server_return_code(134)+timeout,/home/chris/Toward-verification-of-QUIC-extensions/installer/TVOQE/results/errors/server/local/mvfst_server_newcoid/temp/1063/quic_client_test_tp_prefadd_error0.iev,0.0,0.0
365,quant,client,quic_client_test_double_tp_error0,,server_return_code(134)+timeout,/home/chris/Toward-verification-of-QUIC-extensions/installer/TVOQE/results/errors/server/local/mvfst_server_newcoid/temp/430/quic_client_test_double_tp_error0.iev,0.0,0.0
366,quant,client,quic_client_test_no_odci0,,server_return_code(134)+timeout,/home/chris/Toward-verification-of-QUIC-extensions/installer/TVOQE/results/errors/server/local/mvfst_server_newcoid/temp/1172/quic_client_test_no_odci0.iev,0.0,0.0
367,quant,client,quic_client_test_no_odci0,,server_return_code(134)+timeout,/home/chris/Toward-verification-of-QUIC-extensions/installer/TVOQE/results/errors/server/local/mvfst_server_newcoid/temp/1152/quic_client_test_no_odci0.iev,0.0,0.0
368,quant,client,quic_client_test_max0,,ivy_return_code(127)+,/home/chris/Toward-verification-of-QUIC-extensions/installer/TVOQE/results/errors/server/local/mvfst_server_newcoid/temp/39/quic_client_test_max0.iev,0.0,0.0
369,quant,client,quic_client_test_tp_prefadd_error0,,server_return_code(134)+timeout,/home/chris/Toward-verification-of-QUIC-extensions/installer/TVOQE/results/errors/server/local/mvfst_server_newcoid/temp/1079/quic_client_test_tp_prefadd_error0.iev,0.0,0.0
370,quant,client,quic_client_test_double_tp_error0,,server_return_code(134)+timeout,/home/chris/Toward-verification-of-QUIC-extensions/installer/TVOQE/results/errors/server/local/mvfst_server_newcoid/temp/455/quic_client_test_double_tp_error0.iev,0.0,0.0
371,quant,client,quic_client_test_max0,,ivy_return_code(127)+,/home/chris/Toward-verification-of-QUIC-extensions/installer/TVOQE/results/errors/server/local/mvfst_server_newcoid/temp/81/quic_client_test_max0.iev,0.0,0.0
372,quant,client,quic_client_test_blocked_streams_maxstream_error0,,server_return_code(134)+timeout,/home/chris/Toward-verification-of-QUIC-extensions/installer/TVOQE/results/errors/server/local/mvfst_server_newcoid/temp/747/quic_client_test_blocked_streams_maxstream_error0.iev,0.0,0.0
373,quant,client,quic_client_test_accept_maxdata0,,ivy_return_code(127)+,/home/chris/Toward-verification-of-QUIC-extensions/installer/TVOQE/results/errors/server/local/mvfst_server_newcoid/temp/959/quic_client_test_accept_maxdata0.iev,0.0,0.0
374,quant,client,quic_client_test_tp_prefadd_error0,,server_return_code(134)+timeout,/home/chris/Toward-verification-of-QUIC-extensions/installer/TVOQE/results/errors/server/local/mvfst_server_newcoid/temp/1078/quic_client_test_tp_prefadd_error0.iev,0.0,0.0
375,quant,client,quic_client_test_double_tp_error0,,server_return_code(134)+timeout,/home/chris/Toward-verification-of-QUIC-extensions/installer/TVOQE/results/errors/server/local/mvfst_server_newcoid/temp/468/quic_client_test_double_tp_error0.iev,0.0,0.0
376,quant,client,quic_client_test_double_tp_error0,,server_return_code(134)+timeout,/home/chris/Toward-verification-of-QUIC-extensions/installer/TVOQE/results/errors/server/local/mvfst_server_newcoid/temp/414/quic_client_test_double_tp_error0.iev,0.0,0.0
377,quant,client,quic_client_test_no_odci0,,server_return_code(134)+timeout,/home/chris/Toward-verification-of-QUIC-extensions/installer/TVOQE/results/errors/server/local/mvfst_server_newcoid/temp/1139/quic_client_test_no_odci0.iev,0.0,0.0
378,quant,client,quic_client_test_newcoid_zero_error0,,server_return_code(134)+timeout,/home/chris/Toward-verification-of-QUIC-extensions/installer/TVOQE/results/errors/server/local/mvfst_server_newcoid/temp/869/quic_client_test_newcoid_zero_error0.iev,0.0,0.0
379,quant,client,quic_client_test_blocked_streams_maxstream_error0,,server_return_code(134)+timeout,/home/chris/Toward-verification-of-QUIC-extensions/installer/TVOQE/results/errors/server/local/mvfst_server_newcoid/temp/705/quic_client_test_blocked_streams_maxstream_error0.iev,0.0,0.0
380,quant,client,quic_client_test_tp_prefadd_error0,,server_return_code(134)+timeout,/home/chris/Toward-verification-of-QUIC-extensions/installer/TVOQE/results/errors/server/local/mvfst_server_newcoid/temp/1017/quic_client_test_tp_prefadd_error0.iev,0.0,0.0
381,quant,client,quic_client_test_ext_min_ack_delay0,,server_return_code(134)+timeout,/home/chris/Toward-verification-of-QUIC-extensions/installer/TVOQE/results/errors/server/local/mvfst_server_newcoid/temp/1224/quic_client_test_ext_min_ack_delay0.iev,0.0,0.0
382,quant,client,quic_client_test_accept_maxdata0,,ivy_return_code(127)+,/home/chris/Toward-verification-of-QUIC-extensions/installer/TVOQE/results/errors/server/local/mvfst_server_newcoid/temp/947/quic_client_test_accept_maxdata0.iev,0.0,0.0
383,quant,client,quic_client_test_double_tp_error0,,server_return_code(134)+timeout,/home/chris/Toward-verification-of-QUIC-extensions/installer/TVOQE/results/errors/server/local/mvfst_server_newcoid/temp/411/quic_client_test_double_tp_error0.iev,0.0,0.0
384,quant,client,quic_client_test_max0,,ivy_return_code(127)+,/home/chris/Toward-verification-of-QUIC-extensions/installer/TVOQE/results/errors/server/local/mvfst_server_newcoid/temp/95/quic_client_test_max0.iev,0.0,0.0
385,quant,client,quic_client_test_max0,,ivy_return_code(127)+,/home/chris/Toward-verification-of-QUIC-extensions/installer/TVOQE/results/errors/server/local/mvfst_server_newcoid/temp/61/quic_client_test_max0.iev,0.0,0.0
386,quant,client,quic_client_test_accept_maxdata0,,ivy_return_code(127)+,/home/chris/Toward-verification-of-QUIC-extensions/installer/TVOQE/results/errors/server/local/mvfst_server_newcoid/temp/988/quic_client_test_accept_maxdata0.iev,0.0,0.0
387,quant,client,quic_client_test_no_odci0,,server_return_code(134)+timeout,/home/chris/Toward-verification-of-QUIC-extensions/installer/TVOQE/results/errors/server/local/mvfst_server_newcoid/temp/1112/quic_client_test_no_odci0.iev,0.0,0.0
388,quant,client,quic_client_test_max0,,ivy_return_code(127)+,/home/chris/Toward-verification-of-QUIC-extensions/installer/TVOQE/results/errors/server/local/mvfst_server_newcoid/temp/58/quic_client_test_max0.iev,0.0,0.0
389,quant,client,quic_client_test_tp_prefadd_error0,,server_return_code(134)+timeout,/home/chris/Toward-verification-of-QUIC-extensions/installer/TVOQE/results/errors/server/local/mvfst_server_newcoid/temp/1048/quic_client_test_tp_prefadd_error0.iev,0.0,0.0
390,quant,client,quic_client_test_accept_maxdata0,,ivy_return_code(127)+,/home/chris/Toward-verification-of-QUIC-extensions/installer/TVOQE/results/errors/server/local/mvfst_server_newcoid/temp/904/quic_client_test_accept_maxdata0.iev,0.0,0.0
391,quant,client,quic_client_test_tp_prefadd_error0,,server_return_code(134)+timeout,/home/chris/Toward-verification-of-QUIC-extensions/installer/TVOQE/results/errors/server/local/mvfst_server_newcoid/temp/1081/quic_client_test_tp_prefadd_error0.iev,0.0,0.0
392,quant,client,quic_client_test_tp_prefadd_error0,,server_return_code(134)+timeout,/home/chris/Toward-verification-of-QUIC-extensions/installer/TVOQE/results/errors/server/local/mvfst_server_newcoid/temp/1077/quic_client_test_tp_prefadd_error0.iev,0.0,0.0
393,quant,client,quic_client_test_no_odci0,,server_return_code(134)+timeout,/home/chris/Toward-verification-of-QUIC-extensions/installer/TVOQE/results/errors/server/local/mvfst_server_newcoid/temp/1155/quic_client_test_no_odci0.iev,0.0,0.0
394,quant,client,quic_client_test_tp_acticoid_error0,,server_return_code(134)+timeout,/home/chris/Toward-verification-of-QUIC-extensions/installer/TVOQE/results/errors/server/local/mvfst_server_newcoid/temp/501/quic_client_test_tp_acticoid_error0.iev,0.0,0.0
395,quant,client,quic_client_test_tp_error0,,server_return_code(134)+timeout,/home/chris/Toward-verification-of-QUIC-extensions/installer/TVOQE/results/errors/server/local/mvfst_server_newcoid/temp/266/quic_client_test_tp_error0.iev,0.0,0.0
396,quant,client,quic_client_test_tp_limit_acticoid_error0,,server_return_code(134)+timeout,/home/chris/Toward-verification-of-QUIC-extensions/installer/TVOQE/results/errors/server/local/mvfst_server_newcoid/temp/672/quic_client_test_tp_limit_acticoid_error0.iev,0.0,0.0
397,quant,client,quic_client_test_max0,,ivy_return_code(127)+,/home/chris/Toward-verification-of-QUIC-extensions/installer/TVOQE/results/errors/server/local/mvfst_server_newcoid/temp/21/quic_client_test_max0.iev,0.0,0.0
398,quant,client,quic_client_test_ext_min_ack_delay0,,server_return_code(134)+timeout,/home/chris/Toward-verification-of-QUIC-extensions/installer/TVOQE/results/errors/server/local/mvfst_server_newcoid/temp/1259/quic_client_test_ext_min_ack_delay0.iev,0.0,0.0
399,quant,client,quic_client_test_blocked_streams_maxstream_error0,,server_return_code(134)+timeout,/home/chris/Toward-verification-of-QUIC-extensions/installer/TVOQE/results/errors/server/local/mvfst_server_newcoid/temp/780/quic_client_test_blocked_streams_maxstream_error0.iev,0.0,0.0
400,quant,client,quic_client_test_tp_limit_acticoid_error0,,server_return_code(134)+timeout,/home/chris/Toward-verification-of-QUIC-extensions/installer/TVOQE/results/errors/server/local/mvfst_server_newcoid/temp/616/quic_client_test_tp_limit_acticoid_error0.iev,0.0,0.0
401,quant,client,quic_client_test_tp_prefadd_error0,,server_return_code(134)+timeout,/home/chris/Toward-verification-of-QUIC-extensions/installer/TVOQE/results/errors/server/local/mvfst_server_newcoid/temp/1083/quic_client_test_tp_prefadd_error0.iev,0.0,0.0
402,quant,client,quic_client_test_blocked_streams_maxstream_error0,,server_return_code(134)+timeout,/home/chris/Toward-verification-of-QUIC-extensions/installer/TVOQE/results/errors/server/local/mvfst_server_newcoid/temp/790/quic_client_test_blocked_streams_maxstream_error0.iev,0.0,0.0
403,quant,client,quic_client_test_no_odci0,,server_return_code(134)+timeout,/home/chris/Toward-verification-of-QUIC-extensions/installer/TVOQE/results/errors/server/local/mvfst_server_newcoid/temp/1170/quic_client_test_no_odci0.iev,0.0,0.0
404,quant,client,quic_client_test_tp_limit_acticoid_error0,,server_return_code(134)+timeout,/home/chris/Toward-verification-of-QUIC-extensions/installer/TVOQE/results/errors/server/local/mvfst_server_newcoid/temp/662/quic_client_test_tp_limit_acticoid_error0.iev,0.0,0.0
405,quant,client,quic_client_test_tp_error0,,server_return_code(134)+timeout,/home/chris/Toward-verification-of-QUIC-extensions/installer/TVOQE/results/errors/server/local/mvfst_server_newcoid/temp/210/quic_client_test_tp_error0.iev,0.0,0.0
406,quant,client,quic_client_test_tp_limit_acticoid_error0,,server_return_code(134)+timeout,/home/chris/Toward-verification-of-QUIC-extensions/installer/TVOQE/results/errors/server/local/mvfst_server_newcoid/temp/649/quic_client_test_tp_limit_acticoid_error0.iev,0.0,0.0
407,quant,client,quic_client_test_tp_acticoid_error0,,server_return_code(134)+timeout,/home/chris/Toward-verification-of-QUIC-extensions/installer/TVOQE/results/errors/server/local/mvfst_server_newcoid/temp/568/quic_client_test_tp_acticoid_error0.iev,0.0,0.0
408,quant,client,quic_client_test_double_tp_error0,,server_return_code(134)+timeout,/home/chris/Toward-verification-of-QUIC-extensions/installer/TVOQE/results/errors/server/local/mvfst_server_newcoid/temp/461/quic_client_test_double_tp_error0.iev,0.0,0.0
409,quant,client,quic_client_test_no_odci0,,server_return_code(134)+timeout,/home/chris/Toward-verification-of-QUIC-extensions/installer/TVOQE/results/errors/server/local/mvfst_server_newcoid/temp/1146/quic_client_test_no_odci0.iev,0.0,0.0
410,quant,client,quic_client_test_max0,,ivy_return_code(127)+,/home/chris/Toward-verification-of-QUIC-extensions/installer/TVOQE/results/errors/server/local/mvfst_server_newcoid/temp/87/quic_client_test_max0.iev,0.0,0.0
411,quant,client,quic_client_test_no_odci0,,server_return_code(134)+timeout,/home/chris/Toward-verification-of-QUIC-extensions/installer/TVOQE/results/errors/server/local/mvfst_server_newcoid/temp/1195/quic_client_test_no_odci0.iev,0.0,0.0
412,quant,client,quic_client_test_ext_min_ack_delay0,,server_return_code(134)+timeout,/home/chris/Toward-verification-of-QUIC-extensions/installer/TVOQE/results/errors/server/local/mvfst_server_newcoid/temp/1216/quic_client_test_ext_min_ack_delay0.iev,0.0,0.0
413,quant,client,quic_client_test_tp_prefadd_error0,,server_return_code(134)+timeout,/home/chris/Toward-verification-of-QUIC-extensions/installer/TVOQE/results/errors/server/local/mvfst_server_newcoid/temp/1016/quic_client_test_tp_prefadd_error0.iev,0.0,0.0
414,quant,client,quic_client_test_double_tp_error0,,server_return_code(134)+timeout,/home/chris/Toward-verification-of-QUIC-extensions/installer/TVOQE/results/errors/server/local/mvfst_server_newcoid/temp/479/quic_client_test_double_tp_error0.iev,0.0,0.0
415,quant,client,quic_client_test_double_tp_error0,,server_return_code(134)+timeout,/home/chris/Toward-verification-of-QUIC-extensions/installer/TVOQE/results/errors/server/local/mvfst_server_newcoid/temp/482/quic_client_test_double_tp_error0.iev,0.0,0.0
416,quant,client,quic_client_test_blocked_streams_maxstream_error0,,server_return_code(134)+timeout,/home/chris/Toward-verification-of-QUIC-extensions/installer/TVOQE/results/errors/server/local/mvfst_server_newcoid/temp/725/quic_client_test_blocked_streams_maxstream_error0.iev,0.0,0.0
417,quant,client,quic_client_test_ext_min_ack_delay0,,server_return_code(134)+timeout,/home/chris/Toward-verification-of-QUIC-extensions/installer/TVOQE/results/errors/server/local/mvfst_server_newcoid/temp/1272/quic_client_test_ext_min_ack_delay0.iev,0.0,0.0
418,quant,client,quic_client_test_tp_acticoid_error0,,server_return_code(134)+timeout,/home/chris/Toward-verification-of-QUIC-extensions/installer/TVOQE/results/errors/server/local/mvfst_server_newcoid/temp/503/quic_client_test_tp_acticoid_error0.iev,0.0,0.0
419,quant,client,quic_client_test_tp_error0,,server_return_code(134)+timeout,/home/chris/Toward-verification-of-QUIC-extensions/installer/TVOQE/results/errors/server/local/mvfst_server_newcoid/temp/214/quic_client_test_tp_error0.iev,0.0,0.0
420,quant,client,quic_client_test_tp_error0,,server_return_code(134)+timeout,/home/chris/Toward-verification-of-QUIC-extensions/installer/TVOQE/results/errors/server/local/mvfst_server_newcoid/temp/280/quic_client_test_tp_error0.iev,0.0,0.0
421,quant,client,quic_client_test_tp_acticoid_error0,,server_return_code(134)+timeout,/home/chris/Toward-verification-of-QUIC-extensions/installer/TVOQE/results/errors/server/local/mvfst_server_newcoid/temp/560/quic_client_test_tp_acticoid_error0.iev,0.0,0.0
422,quant,client,quic_client_test_ext_min_ack_delay0,,server_return_code(134)+timeout,/home/chris/Toward-verification-of-QUIC-extensions/installer/TVOQE/results/errors/server/local/mvfst_server_newcoid/temp/1277/quic_client_test_ext_min_ack_delay0.iev,0.0,0.0
423,quant,client,quic_client_test_max0,,ivy_return_code(127)+,/home/chris/Toward-verification-of-QUIC-extensions/installer/TVOQE/results/errors/server/local/mvfst_server_newcoid/temp/68/quic_client_test_max0.iev,0.0,0.0
424,quant,client,quic_client_test_tp_error0,,server_return_code(134)+timeout,/home/chris/Toward-verification-of-QUIC-extensions/installer/TVOQE/results/errors/server/local/mvfst_server_newcoid/temp/222/quic_client_test_tp_error0.iev,0.0,0.0
425,quant,client,quic_client_test_ext_min_ack_delay0,,server_return_code(134)+timeout,/home/chris/Toward-verification-of-QUIC-extensions/installer/TVOQE/results/errors/server/local/mvfst_server_newcoid/temp/1232/quic_client_test_ext_min_ack_delay0.iev,0.0,0.0
426,quant,client,quic_client_test_double_tp_error0,,server_return_code(134)+timeout,/home/chris/Toward-verification-of-QUIC-extensions/installer/TVOQE/results/errors/server/local/mvfst_server_newcoid/temp/471/quic_client_test_double_tp_error0.iev,0.0,0.0
427,quant,client,quic_client_test_no_odci0,,server_return_code(134)+timeout,/home/chris/Toward-verification-of-QUIC-extensions/installer/TVOQE/results/errors/server/local/mvfst_server_newcoid/temp/1192/quic_client_test_no_odci0.iev,0.0,0.0
428,quant,client,quic_client_test_double_tp_error0,,server_return_code(134)+timeout,/home/chris/Toward-verification-of-QUIC-extensions/installer/TVOQE/results/errors/server/local/mvfst_server_newcoid/temp/475/quic_client_test_double_tp_error0.iev,0.0,0.0
429,quant,client,quic_client_test_ext_min_ack_delay0,,server_return_code(134)+timeout,/home/chris/Toward-verification-of-QUIC-extensions/installer/TVOQE/results/errors/server/local/mvfst_server_newcoid/temp/1297/quic_client_test_ext_min_ack_delay0.iev,0.0,0.0
430,quant,client,quic_client_test_tp_prefadd_error0,,server_return_code(134)+timeout,/home/chris/Toward-verification-of-QUIC-extensions/installer/TVOQE/results/errors/server/local/mvfst_server_newcoid/temp/1005/quic_client_test_tp_prefadd_error0.iev,0.0,0.0
431,quant,client,quic_client_test_tp_error0,,server_return_code(134)+timeout,/home/chris/Toward-verification-of-QUIC-extensions/installer/TVOQE/results/errors/server/local/mvfst_server_newcoid/temp/219/quic_client_test_tp_error0.iev,0.0,0.0
432,quant,client,quic_client_test_newcoid_zero_error0,,server_return_code(134)+timeout,/home/chris/Toward-verification-of-QUIC-extensions/installer/TVOQE/results/errors/server/local/mvfst_server_newcoid/temp/843/quic_client_test_newcoid_zero_error0.iev,0.0,0.0
433,quant,client,quic_client_test_accept_maxdata0,,ivy_return_code(127)+,/home/chris/Toward-verification-of-QUIC-extensions/installer/TVOQE/results/errors/server/local/mvfst_server_newcoid/temp/970/quic_client_test_accept_maxdata0.iev,0.0,0.0
434,quant,client,quic_client_test_ext_min_ack_delay0,,server_return_code(134)+timeout,/home/chris/Toward-verification-of-QUIC-extensions/installer/TVOQE/results/errors/server/local/mvfst_server_newcoid/temp/1209/quic_client_test_ext_min_ack_delay0.iev,0.0,0.0
435,quant,client,quic_client_test_double_tp_error0,,server_return_code(134)+timeout,/home/chris/Toward-verification-of-QUIC-extensions/installer/TVOQE/results/errors/server/local/mvfst_server_newcoid/temp/494/quic_client_test_double_tp_error0.iev,0.0,0.0
436,quant,client,quic_client_test_newcoid_zero_error0,,server_return_code(134)+timeout,/home/chris/Toward-verification-of-QUIC-extensions/installer/TVOQE/results/errors/server/local/mvfst_server_newcoid/temp/892/quic_client_test_newcoid_zero_error0.iev,0.0,0.0
437,quant,client,quic_client_test_tp_limit_acticoid_error0,,server_return_code(134)+timeout,/home/chris/Toward-verification-of-QUIC-extensions/installer/TVOQE/results/errors/server/local/mvfst_server_newcoid/temp/617/quic_client_test_tp_limit_acticoid_error0.iev,0.0,0.0
438,quant,client,quic_client_test_tp_acticoid_error0,,server_return_code(134)+timeout,/home/chris/Toward-verification-of-QUIC-extensions/installer/TVOQE/results/errors/server/local/mvfst_server_newcoid/temp/553/quic_client_test_tp_acticoid_error0.iev,0.0,0.0
439,quant,client,quic_client_test_accept_maxdata0,,ivy_return_code(127)+,/home/chris/Toward-verification-of-QUIC-extensions/installer/TVOQE/results/errors/server/local/mvfst_server_newcoid/temp/968/quic_client_test_accept_maxdata0.iev,0.0,0.0
440,quant,client,quic_client_test_accept_maxdata0,,ivy_return_code(127)+,/home/chris/Toward-verification-of-QUIC-extensions/installer/TVOQE/results/errors/server/local/mvfst_server_newcoid/temp/912/quic_client_test_accept_maxdata0.iev,0.0,0.0
441,quant,client,quic_client_test_double_tp_error0,,server_return_code(134)+timeout,/home/chris/Toward-verification-of-QUIC-extensions/installer/TVOQE/results/errors/server/local/mvfst_server_newcoid/temp/422/quic_client_test_double_tp_error0.iev,0.0,0.0
442,quant,client,quic_client_test_tp_limit_acticoid_error0,,server_return_code(134)+timeout,/home/chris/Toward-verification-of-QUIC-extensions/installer/TVOQE/results/errors/server/local/mvfst_server_newcoid/temp/658/quic_client_test_tp_limit_acticoid_error0.iev,0.0,0.0
443,quant,client,quic_client_test_tp_acticoid_error0,,server_return_code(134)+timeout,/home/chris/Toward-verification-of-QUIC-extensions/installer/TVOQE/results/errors/server/local/mvfst_server_newcoid/temp/597/quic_client_test_tp_acticoid_error0.iev,0.0,0.0
444,quant,client,quic_client_test_newcoid_zero_error0,,server_return_code(134)+timeout,/home/chris/Toward-verification-of-QUIC-extensions/installer/TVOQE/results/errors/server/local/mvfst_server_newcoid/temp/853/quic_client_test_newcoid_zero_error0.iev,0.0,0.0
445,quant,client,quic_client_test_max0,,ivy_return_code(127)+,/home/chris/Toward-verification-of-QUIC-extensions/installer/TVOQE/results/errors/server/local/mvfst_server_newcoid/temp/4/quic_client_test_max0.iev,0.0,0.0
446,quant,client,quic_client_test_tp_error0,,server_return_code(134)+timeout,/home/chris/Toward-verification-of-QUIC-extensions/installer/TVOQE/results/errors/server/local/mvfst_server_newcoid/temp/295/quic_client_test_tp_error0.iev,0.0,0.0
447,quant,client,quic_client_test_blocked_streams_maxstream_error0,,server_return_code(134)+timeout,/home/chris/Toward-verification-of-QUIC-extensions/installer/TVOQE/results/errors/server/local/mvfst_server_newcoid/temp/758/quic_client_test_blocked_streams_maxstream_error0.iev,0.0,0.0
448,quant,client,quic_client_test_tp_limit_acticoid_error0,,server_return_code(134)+timeout,/home/chris/Toward-verification-of-QUIC-extensions/installer/TVOQE/results/errors/server/local/mvfst_server_newcoid/temp/604/quic_client_test_tp_limit_acticoid_error0.iev,0.0,0.0
449,quant,client,quic_client_test_blocked_streams_maxstream_error0,,server_return_code(134)+timeout,/home/chris/Toward-verification-of-QUIC-extensions/installer/TVOQE/results/errors/server/local/mvfst_server_newcoid/temp/737/quic_client_test_blocked_streams_maxstream_error0.iev,0.0,0.0
450,quant,client,quic_client_test_tp_error0,,server_return_code(134)+timeout,/home/chris/Toward-verification-of-QUIC-extensions/installer/TVOQE/results/errors/server/local/mvfst_server_newcoid/temp/235/quic_client_test_tp_error0.iev,0.0,0.0
451,quant,client,quic_client_test_tp_error0,,server_return_code(134)+timeout,/home/chris/Toward-verification-of-QUIC-extensions/installer/TVOQE/results/errors/server/local/mvfst_server_newcoid/temp/216/quic_client_test_tp_error0.iev,0.0,0.0
452,quant,client,quic_client_test_tp_error0,,server_return_code(134)+timeout,/home/chris/Toward-verification-of-QUIC-extensions/installer/TVOQE/results/errors/server/local/mvfst_server_newcoid/temp/230/quic_client_test_tp_error0.iev,0.0,0.0
453,quant,client,quic_client_test_max0,,ivy_return_code(127)+,/home/chris/Toward-verification-of-QUIC-extensions/installer/TVOQE/results/errors/server/local/mvfst_server_newcoid/temp/62/quic_client_test_max0.iev,0.0,0.0
454,quant,client,quic_client_test_accept_maxdata0,,ivy_return_code(127)+,/home/chris/Toward-verification-of-QUIC-extensions/installer/TVOQE/results/errors/server/local/mvfst_server_newcoid/temp/995/quic_client_test_accept_maxdata0.iev,0.0,0.0
455,quant,client,quic_client_test_accept_maxdata0,,ivy_return_code(127)+,/home/chris/Toward-verification-of-QUIC-extensions/installer/TVOQE/results/errors/server/local/mvfst_server_newcoid/temp/954/quic_client_test_accept_maxdata0.iev,0.0,0.0
456,quant,client,quic_client_test_tp_acticoid_error0,,server_return_code(134)+timeout,/home/chris/Toward-verification-of-QUIC-extensions/installer/TVOQE/results/errors/server/local/mvfst_server_newcoid/temp/574/quic_client_test_tp_acticoid_error0.iev,0.0,0.0
457,quant,client,quic_client_test_accept_maxdata0,,ivy_return_code(127)+,/home/chris/Toward-verification-of-QUIC-extensions/installer/TVOQE/results/errors/server/local/mvfst_server_newcoid/temp/910/quic_client_test_accept_maxdata0.iev,0.0,0.0
458,quant,client,quic_client_test_tp_limit_acticoid_error0,,server_return_code(134)+timeout,/home/chris/Toward-verification-of-QUIC-extensions/installer/TVOQE/results/errors/server/local/mvfst_server_newcoid/temp/667/quic_client_test_tp_limit_acticoid_error0.iev,0.0,0.0
459,quant,client,quic_client_test_tp_prefadd_error0,,server_return_code(134)+timeout,/home/chris/Toward-verification-of-QUIC-extensions/installer/TVOQE/results/errors/server/local/mvfst_server_newcoid/temp/1006/quic_client_test_tp_prefadd_error0.iev,0.0,0.0
460,quant,client,quic_client_test_accept_maxdata0,,ivy_return_code(127)+,/home/chris/Toward-verification-of-QUIC-extensions/installer/TVOQE/results/errors/server/local/mvfst_server_newcoid/temp/945/quic_client_test_accept_maxdata0.iev,0.0,0.0
461,quant,client,quic_client_test_no_odci0,,server_return_code(134)+timeout,/home/chris/Toward-verification-of-QUIC-extensions/installer/TVOQE/results/errors/server/local/mvfst_server_newcoid/temp/1127/quic_client_test_no_odci0.iev,0.0,0.0
462,quant,client,quic_client_test_tp_error0,,server_return_code(134)+timeout,/home/chris/Toward-verification-of-QUIC-extensions/installer/TVOQE/results/errors/server/local/mvfst_server_newcoid/temp/285/quic_client_test_tp_error0.iev,0.0,0.0
463,quant,client,quic_client_test_no_odci0,,server_return_code(134)+timeout,/home/chris/Toward-verification-of-QUIC-extensions/installer/TVOQE/results/errors/server/local/mvfst_server_newcoid/temp/1148/quic_client_test_no_odci0.iev,0.0,0.0
464,quant,client,quic_client_test_tp_acticoid_error0,,server_return_code(134)+timeout,/home/chris/Toward-verification-of-QUIC-extensions/installer/TVOQE/results/errors/server/local/mvfst_server_newcoid/temp/563/quic_client_test_tp_acticoid_error0.iev,0.0,0.0
465,quant,client,quic_client_test_newcoid_zero_error0,,server_return_code(134)+timeout,/home/chris/Toward-verification-of-QUIC-extensions/installer/TVOQE/results/errors/server/local/mvfst_server_newcoid/temp/854/quic_client_test_newcoid_zero_error0.iev,0.0,0.0
466,quant,client,quic_client_test_tp_limit_acticoid_error0,,server_return_code(134)+timeout,/home/chris/Toward-verification-of-QUIC-extensions/installer/TVOQE/results/errors/server/local/mvfst_server_newcoid/temp/620/quic_client_test_tp_limit_acticoid_error0.iev,0.0,0.0
467,quant,client,quic_client_test_accept_maxdata0,,ivy_return_code(127)+,/home/chris/Toward-verification-of-QUIC-extensions/installer/TVOQE/results/errors/server/local/mvfst_server_newcoid/temp/951/quic_client_test_accept_maxdata0.iev,0.0,0.0
468,quant,client,quic_client_test_tp_limit_acticoid_error0,,server_return_code(134)+timeout,/home/chris/Toward-verification-of-QUIC-extensions/installer/TVOQE/results/errors/server/local/mvfst_server_newcoid/temp/673/quic_client_test_tp_limit_acticoid_error0.iev,0.0,0.0
469,quant,client,quic_client_test_tp_acticoid_error0,,server_return_code(134)+timeout,/home/chris/Toward-verification-of-QUIC-extensions/installer/TVOQE/results/errors/server/local/mvfst_server_newcoid/temp/598/quic_client_test_tp_acticoid_error0.iev,0.0,0.0
470,quant,client,quic_client_test_newcoid_zero_error0,,server_return_code(134)+timeout,/home/chris/Toward-verification-of-QUIC-extensions/installer/TVOQE/results/errors/server/local/mvfst_server_newcoid/temp/858/quic_client_test_newcoid_zero_error0.iev,0.0,0.0
471,quant,client,quic_client_test_tp_acticoid_error0,,server_return_code(134)+timeout,/home/chris/Toward-verification-of-QUIC-extensions/installer/TVOQE/results/errors/server/local/mvfst_server_newcoid/temp/538/quic_client_test_tp_acticoid_error0.iev,0.0,0.0
472,quant,client,quic_client_test_blocked_streams_maxstream_error0,,server_return_code(134)+timeout,/home/chris/Toward-verification-of-QUIC-extensions/installer/TVOQE/results/errors/server/local/mvfst_server_newcoid/temp/730/quic_client_test_blocked_streams_maxstream_error0.iev,0.0,0.0
473,quant,client,quic_client_test_accept_maxdata0,,ivy_return_code(127)+,/home/chris/Toward-verification-of-QUIC-extensions/installer/TVOQE/results/errors/server/local/mvfst_server_newcoid/temp/928/quic_client_test_accept_maxdata0.iev,0.0,0.0
474,quant,client,quic_client_test_double_tp_error0,,server_return_code(134)+timeout,/home/chris/Toward-verification-of-QUIC-extensions/installer/TVOQE/results/errors/server/local/mvfst_server_newcoid/temp/460/quic_client_test_double_tp_error0.iev,0.0,0.0
475,quant,client,quic_client_test_max0,,ivy_return_code(127)+,/home/chris/Toward-verification-of-QUIC-extensions/installer/TVOQE/results/errors/server/local/mvfst_server_newcoid/temp/40/quic_client_test_max0.iev,0.0,0.0
476,quant,client,quic_client_test_tp_acticoid_error0,,server_return_code(134)+timeout,/home/chris/Toward-verification-of-QUIC-extensions/installer/TVOQE/results/errors/server/local/mvfst_server_newcoid/temp/533/quic_client_test_tp_acticoid_error0.iev,0.0,0.0
477,quant,client,quic_client_test_tp_acticoid_error0,,server_return_code(134)+timeout,/home/chris/Toward-verification-of-QUIC-extensions/installer/TVOQE/results/errors/server/local/mvfst_server_newcoid/temp/589/quic_client_test_tp_acticoid_error0.iev,0.0,0.0
478,quant,client,quic_client_test_no_odci0,,server_return_code(134)+timeout,/home/chris/Toward-verification-of-QUIC-extensions/installer/TVOQE/results/errors/server/local/mvfst_server_newcoid/temp/1199/quic_client_test_no_odci0.iev,0.0,0.0
479,quant,client,quic_client_test_ext_min_ack_delay0,,server_return_code(134)+timeout,/home/chris/Toward-verification-of-QUIC-extensions/installer/TVOQE/results/errors/server/local/mvfst_server_newcoid/temp/1230/quic_client_test_ext_min_ack_delay0.iev,0.0,0.0
480,quant,client,quic_client_test_blocked_streams_maxstream_error0,,server_return_code(134)+timeout,/home/chris/Toward-verification-of-QUIC-extensions/installer/TVOQE/results/errors/server/local/mvfst_server_newcoid/temp/750/quic_client_test_blocked_streams_maxstream_error0.iev,0.0,0.0
481,quant,client,quic_client_test_double_tp_error0,,server_return_code(134)+timeout,/home/chris/Toward-verification-of-QUIC-extensions/installer/TVOQE/results/errors/server/local/mvfst_server_newcoid/temp/408/quic_client_test_double_tp_error0.iev,0.0,0.0
482,quant,client,quic_client_test_double_tp_error0,,server_return_code(134)+timeout,/home/chris/Toward-verification-of-QUIC-extensions/installer/TVOQE/results/errors/server/local/mvfst_server_newcoid/temp/425/quic_client_test_double_tp_error0.iev,0.0,0.0
483,quant,client,quic_client_test_blocked_streams_maxstream_error0,,server_return_code(134)+timeout,/home/chris/Toward-verification-of-QUIC-extensions/installer/TVOQE/results/errors/server/local/mvfst_server_newcoid/temp/706/quic_client_test_blocked_streams_maxstream_error0.iev,0.0,0.0
484,quant,client,quic_client_test_max0,,ivy_return_code(127)+,/home/chris/Toward-verification-of-QUIC-extensions/installer/TVOQE/results/errors/server/local/mvfst_server_newcoid/temp/8/quic_client_test_max0.iev,0.0,0.0
485,quant,client,quic_client_test_newcoid_zero_error0,,server_return_code(134)+timeout,/home/chris/Toward-verification-of-QUIC-extensions/installer/TVOQE/results/errors/server/local/mvfst_server_newcoid/temp/862/quic_client_test_newcoid_zero_error0.iev,0.0,0.0
486,quant,client,quic_client_test_newcoid_zero_error0,,server_return_code(134)+timeout,/home/chris/Toward-verification-of-QUIC-extensions/installer/TVOQE/results/errors/server/local/mvfst_server_newcoid/temp/841/quic_client_test_newcoid_zero_error0.iev,0.0,0.0
487,quant,client,quic_client_test_blocked_streams_maxstream_error0,,server_return_code(134)+timeout,/home/chris/Toward-verification-of-QUIC-extensions/installer/TVOQE/results/errors/server/local/mvfst_server_newcoid/temp/757/quic_client_test_blocked_streams_maxstream_error0.iev,0.0,0.0
488,quant,client,quic_client_test_max0,,ivy_return_code(127)+,/home/chris/Toward-verification-of-QUIC-extensions/installer/TVOQE/results/errors/server/local/mvfst_server_newcoid/temp/53/quic_client_test_max0.iev,0.0,0.0
489,quant,client,quic_client_test_tp_error0,,server_return_code(134)+timeout,/home/chris/Toward-verification-of-QUIC-extensions/installer/TVOQE/results/errors/server/local/mvfst_server_newcoid/temp/290/quic_client_test_tp_error0.iev,0.0,0.0
490,quant,client,quic_client_test_tp_acticoid_error0,,server_return_code(134)+timeout,/home/chris/Toward-verification-of-QUIC-extensions/installer/TVOQE/results/errors/server/local/mvfst_server_newcoid/temp/502/quic_client_test_tp_acticoid_error0.iev,0.0,0.0
491,quant,client,quic_client_test_no_odci0,,server_return_code(134)+timeout,/home/chris/Toward-verification-of-QUIC-extensions/installer/TVOQE/results/errors/server/local/mvfst_server_newcoid/temp/1119/quic_client_test_no_odci0.iev,0.0,0.0
492,quant,client,quic_client_test_tp_error0,,server_return_code(134)+timeout,/home/chris/Toward-verification-of-QUIC-extensions/installer/TVOQE/results/errors/server/local/mvfst_server_newcoid/temp/284/quic_client_test_tp_error0.iev,0.0,0.0
493,quant,client,quic_client_test_blocked_streams_maxstream_error0,,server_return_code(134)+timeout,/home/chris/Toward-verification-of-QUIC-extensions/installer/TVOQE/results/errors/server/local/mvfst_server_newcoid/temp/728/quic_client_test_blocked_streams_maxstream_error0.iev,0.0,0.0
494,quant,client,quic_client_test_double_tp_error0,,server_return_code(134)+timeout,/home/chris/Toward-verification-of-QUIC-extensions/installer/TVOQE/results/errors/server/local/mvfst_server_newcoid/temp/426/quic_client_test_double_tp_error0.iev,0.0,0.0
495,quant,client,quic_client_test_tp_limit_acticoid_error0,,server_return_code(134)+timeout,/home/chris/Toward-verification-of-QUIC-extensions/installer/TVOQE/results/errors/server/local/mvfst_server_newcoid/temp/608/quic_client_test_tp_limit_acticoid_error0.iev,0.0,0.0
496,quant,client,quic_client_test_newcoid_zero_error0,,server_return_code(134)+timeout,/home/chris/Toward-verification-of-QUIC-extensions/installer/TVOQE/results/errors/server/local/mvfst_server_newcoid/temp/844/quic_client_test_newcoid_zero_error0.iev,0.0,0.0
497,quant,client,quic_client_test_max0,,ivy_return_code(127)+,/home/chris/Toward-verification-of-QUIC-extensions/installer/TVOQE/results/errors/server/local/mvfst_server_newcoid/temp/15/quic_client_test_max0.iev,0.0,0.0
498,quant,client,quic_client_test_tp_prefadd_error0,,server_return_code(134)+timeout,/home/chris/Toward-verification-of-QUIC-extensions/installer/TVOQE/results/errors/server/local/mvfst_server_newcoid/temp/1026/quic_client_test_tp_prefadd_error0.iev,0.0,0.0
499,quant,client,quic_client_test_tp_error0,,server_return_code(134)+timeout,/home/chris/Toward-verification-of-QUIC-extensions/installer/TVOQE/results/errors/server/local/mvfst_server_newcoid/temp/258/quic_client_test_tp_error0.iev,0.0,0.0
500,quant,client,quic_client_test_ext_min_ack_delay0,,server_return_code(134)+timeout,/home/chris/Toward-verification-of-QUIC-extensions/installer/TVOQE/results/errors/server/local/mvfst_server_newcoid/temp/1269/quic_client_test_ext_min_ack_delay0.iev,0.0,0.0
501,quant,client,quic_client_test_no_odci0,,server_return_code(134)+timeout,/home/chris/Toward-verification-of-QUIC-extensions/installer/TVOQE/results/errors/server/local/mvfst_server_newcoid/temp/1141/quic_client_test_no_odci0.iev,0.0,0.0
502,quant,client,quic_client_test_tp_prefadd_error0,,server_return_code(134)+timeout,/home/chris/Toward-verification-of-QUIC-extensions/installer/TVOQE/results/errors/server/local/mvfst_server_newcoid/temp/1075/quic_client_test_tp_prefadd_error0.iev,0.0,0.0
503,quant,client,quic_client_test_tp_limit_acticoid_error0,,server_return_code(134)+timeout,/home/chris/Toward-verification-of-QUIC-extensions/installer/TVOQE/results/errors/server/local/mvfst_server_newcoid/temp/609/quic_client_test_tp_limit_acticoid_error0.iev,0.0,0.0
504,quant,client,quic_client_test_tp_acticoid_error0,,server_return_code(134)+timeout,/home/chris/Toward-verification-of-QUIC-extensions/installer/TVOQE/results/errors/server/local/mvfst_server_newcoid/temp/536/quic_client_test_tp_acticoid_error0.iev,0.0,0.0
505,quant,client,quic_client_test_double_tp_error0,,server_return_code(134)+timeout,/home/chris/Toward-verification-of-QUIC-extensions/installer/TVOQE/results/errors/server/local/mvfst_server_newcoid/temp/466/quic_client_test_double_tp_error0.iev,0.0,0.0
506,quant,client,quic_client_test_blocked_streams_maxstream_error0,,server_return_code(134)+timeout,/home/chris/Toward-verification-of-QUIC-extensions/installer/TVOQE/results/errors/server/local/mvfst_server_newcoid/temp/726/quic_client_test_blocked_streams_maxstream_error0.iev,0.0,0.0
507,quant,client,quic_client_test_max0,,ivy_return_code(127)+,/home/chris/Toward-verification-of-QUIC-extensions/installer/TVOQE/results/errors/server/local/mvfst_server_newcoid/temp/69/quic_client_test_max0.iev,0.0,0.0
508,quant,client,quic_client_test_accept_maxdata0,,ivy_return_code(127)+,/home/chris/Toward-verification-of-QUIC-extensions/installer/TVOQE/results/errors/server/local/mvfst_server_newcoid/temp/966/quic_client_test_accept_maxdata0.iev,0.0,0.0
509,quant,client,quic_client_test_double_tp_error0,,server_return_code(134)+timeout,/home/chris/Toward-verification-of-QUIC-extensions/installer/TVOQE/results/errors/server/local/mvfst_server_newcoid/temp/490/quic_client_test_double_tp_error0.iev,0.0,0.0
510,quant,client,quic_client_test_ext_min_ack_delay0,,server_return_code(134)+timeout,/home/chris/Toward-verification-of-QUIC-extensions/installer/TVOQE/results/errors/server/local/mvfst_server_newcoid/temp/1219/quic_client_test_ext_min_ack_delay0.iev,0.0,0.0
511,quant,client,quic_client_test_newcoid_zero_error0,,server_return_code(134)+timeout,/home/chris/Toward-verification-of-QUIC-extensions/installer/TVOQE/results/errors/server/local/mvfst_server_newcoid/temp/835/quic_client_test_newcoid_zero_error0.iev,0.0,0.0
512,quant,client,quic_client_test_tp_error0,,server_return_code(134)+timeout,/home/chris/Toward-verification-of-QUIC-extensions/installer/TVOQE/results/errors/server/local/mvfst_server_newcoid/temp/248/quic_client_test_tp_error0.iev,0.0,0.0
513,quant,client,quic_client_test_max0,,ivy_return_code(127)+,/home/chris/Toward-verification-of-QUIC-extensions/installer/TVOQE/results/errors/server/local/mvfst_server_newcoid/temp/1/quic_client_test_max0.iev,0.0,0.0
514,quant,client,quic_client_test_max0,,ivy_return_code(127)+,/home/chris/Toward-verification-of-QUIC-extensions/installer/TVOQE/results/errors/server/local/mvfst_server_newcoid/temp/74/quic_client_test_max0.iev,0.0,0.0
515,quant,client,quic_client_test_ext_min_ack_delay0,,server_return_code(134)+timeout,/home/chris/Toward-verification-of-QUIC-extensions/installer/TVOQE/results/errors/server/local/mvfst_server_newcoid/temp/1234/quic_client_test_ext_min_ack_delay0.iev,0.0,0.0
516,quant,client,quic_client_test_tp_prefadd_error0,,server_return_code(134)+timeout,/home/chris/Toward-verification-of-QUIC-extensions/installer/TVOQE/results/errors/server/local/mvfst_server_newcoid/temp/1061/quic_client_test_tp_prefadd_error0.iev,0.0,0.0
517,quant,client,quic_client_test_tp_limit_acticoid_error0,,server_return_code(134)+timeout,/home/chris/Toward-verification-of-QUIC-extensions/installer/TVOQE/results/errors/server/local/mvfst_server_newcoid/temp/614/quic_client_test_tp_limit_acticoid_error0.iev,0.0,0.0
518,quant,client,quic_client_test_tp_error0,,server_return_code(134)+timeout,/home/chris/Toward-verification-of-QUIC-extensions/installer/TVOQE/results/errors/server/local/mvfst_server_newcoid/temp/202/quic_client_test_tp_error0.iev,0.0,0.0
519,quant,client,quic_client_test_no_odci0,,server_return_code(134)+timeout,/home/chris/Toward-verification-of-QUIC-extensions/installer/TVOQE/results/errors/server/local/mvfst_server_newcoid/temp/1173/quic_client_test_no_odci0.iev,0.0,0.0
520,quant,client,quic_client_test_ext_min_ack_delay0,,server_return_code(134)+timeout,/home/chris/Toward-verification-of-QUIC-extensions/installer/TVOQE/results/errors/server/local/mvfst_server_newcoid/temp/1228/quic_client_test_ext_min_ack_delay0.iev,0.0,0.0
521,quant,client,quic_client_test_no_odci0,,server_return_code(134)+timeout,/home/chris/Toward-verification-of-QUIC-extensions/installer/TVOQE/results/errors/server/local/mvfst_server_newcoid/temp/1179/quic_client_test_no_odci0.iev,0.0,0.0
522,quant,client,quic_client_test_double_tp_error0,,server_return_code(134)+timeout,/home/chris/Toward-verification-of-QUIC-extensions/installer/TVOQE/results/errors/server/local/mvfst_server_newcoid/temp/485/quic_client_test_double_tp_error0.iev,0.0,0.0
523,quant,client,quic_client_test_newcoid_zero_error0,,server_return_code(134)+timeout,/home/chris/Toward-verification-of-QUIC-extensions/installer/TVOQE/results/errors/server/local/mvfst_server_newcoid/temp/827/quic_client_test_newcoid_zero_error0.iev,0.0,0.0
524,quant,client,quic_client_test_tp_limit_acticoid_error0,,server_return_code(134)+timeout,/home/chris/Toward-verification-of-QUIC-extensions/installer/TVOQE/results/errors/server/local/mvfst_server_newcoid/temp/607/quic_client_test_tp_limit_acticoid_error0.iev,0.0,0.0
525,quant,client,quic_client_test_no_odci0,,server_return_code(134)+timeout,/home/chris/Toward-verification-of-QUIC-extensions/installer/TVOQE/results/errors/server/local/mvfst_server_newcoid/temp/1168/quic_client_test_no_odci0.iev,0.0,0.0
526,quant,client,quic_client_test_double_tp_error0,,server_return_code(134)+timeout,/home/chris/Toward-verification-of-QUIC-extensions/installer/TVOQE/results/errors/server/local/mvfst_server_newcoid/temp/497/quic_client_test_double_tp_error0.iev,0.0,0.0
527,quant,client,quic_client_test_tp_acticoid_error0,,server_return_code(134)+timeout,/home/chris/Toward-verification-of-QUIC-extensions/installer/TVOQE/results/errors/server/local/mvfst_server_newcoid/temp/564/quic_client_test_tp_acticoid_error0.iev,0.0,0.0
528,quant,client,quic_client_test_tp_prefadd_error0,,server_return_code(134)+timeout,/home/chris/Toward-verification-of-QUIC-extensions/installer/TVOQE/results/errors/server/local/mvfst_server_newcoid/temp/1046/quic_client_test_tp_prefadd_error0.iev,0.0,0.0
529,quant,client,quic_client_test_blocked_streams_maxstream_error0,,server_return_code(134)+timeout,/home/chris/Toward-verification-of-QUIC-extensions/installer/TVOQE/results/errors/server/local/mvfst_server_newcoid/temp/759/quic_client_test_blocked_streams_maxstream_error0.iev,0.0,0.0
530,quant,client,quic_client_test_newcoid_zero_error0,,server_return_code(134)+timeout,/home/chris/Toward-verification-of-QUIC-extensions/installer/TVOQE/results/errors/server/local/mvfst_server_newcoid/temp/823/quic_client_test_newcoid_zero_error0.iev,0.0,0.0
531,quant,client,quic_client_test_blocked_streams_maxstream_error0,,server_return_code(134)+timeout,/home/chris/Toward-verification-of-QUIC-extensions/installer/TVOQE/results/errors/server/local/mvfst_server_newcoid/temp/701/quic_client_test_blocked_streams_maxstream_error0.iev,0.0,0.0
532,quant,client,quic_client_test_tp_error0,,server_return_code(134)+timeout,/home/chris/Toward-verification-of-QUIC-extensions/installer/TVOQE/results/errors/server/local/mvfst_server_newcoid/temp/231/quic_client_test_tp_error0.iev,0.0,0.0
533,quant,client,quic_client_test_tp_prefadd_error0,,server_return_code(134)+timeout,/home/chris/Toward-verification-of-QUIC-extensions/installer/TVOQE/results/errors/server/local/mvfst_server_newcoid/temp/1059/quic_client_test_tp_prefadd_error0.iev,0.0,0.0
534,quant,client,quic_client_test_tp_acticoid_error0,,server_return_code(134)+timeout,/home/chris/Toward-verification-of-QUIC-extensions/installer/TVOQE/results/errors/server/local/mvfst_server_newcoid/temp/592/quic_client_test_tp_acticoid_error0.iev,0.0,0.0
535,quant,client,quic_client_test_no_odci0,,server_return_code(134)+timeout,/home/chris/Toward-verification-of-QUIC-extensions/installer/TVOQE/results/errors/server/local/mvfst_server_newcoid/temp/1136/quic_client_test_no_odci0.iev,0.0,0.0
536,quant,client,quic_client_test_tp_prefadd_error0,,server_return_code(134)+timeout,/home/chris/Toward-verification-of-QUIC-extensions/installer/TVOQE/results/errors/server/local/mvfst_server_newcoid/temp/1004/quic_client_test_tp_prefadd_error0.iev,0.0,0.0
537,quant,client,quic_client_test_no_odci0,,server_return_code(134)+timeout,/home/chris/Toward-verification-of-QUIC-extensions/installer/TVOQE/results/errors/server/local/mvfst_server_newcoid/temp/1158/quic_client_test_no_odci0.iev,0.0,0.0
538,quant,client,quic_client_test_max0,,ivy_return_code(127)+,/home/chris/Toward-verification-of-QUIC-extensions/installer/TVOQE/results/errors/server/local/mvfst_server_newcoid/temp/13/quic_client_test_max0.iev,0.0,0.0
539,quant,client,quic_client_test_tp_prefadd_error0,,server_return_code(134)+timeout,/home/chris/Toward-verification-of-QUIC-extensions/installer/TVOQE/results/errors/server/local/mvfst_server_newcoid/temp/1003/quic_client_test_tp_prefadd_error0.iev,0.0,0.0
540,quant,client,quic_client_test_max0,,ivy_return_code(127)+,/home/chris/Toward-verification-of-QUIC-extensions/installer/TVOQE/results/errors/server/local/mvfst_server_newcoid/temp/14/quic_client_test_max0.iev,0.0,0.0
541,quant,client,quic_client_test_max0,,ivy_return_code(127)+,/home/chris/Toward-verification-of-QUIC-extensions/installer/TVOQE/results/errors/server/local/mvfst_server_newcoid/temp/79/quic_client_test_max0.iev,0.0,0.0
542,quant,client,quic_client_test_accept_maxdata0,,ivy_return_code(127)+,/home/chris/Toward-verification-of-QUIC-extensions/installer/TVOQE/results/errors/server/local/mvfst_server_newcoid/temp/943/quic_client_test_accept_maxdata0.iev,0.0,0.0
543,quant,client,quic_client_test_tp_error0,,server_return_code(134)+timeout,/home/chris/Toward-verification-of-QUIC-extensions/installer/TVOQE/results/errors/server/local/mvfst_server_newcoid/temp/296/quic_client_test_tp_error0.iev,0.0,0.0
544,quant,client,quic_client_test_blocked_streams_maxstream_error0,,server_return_code(134)+timeout,/home/chris/Toward-verification-of-QUIC-extensions/installer/TVOQE/results/errors/server/local/mvfst_server_newcoid/temp/754/quic_client_test_blocked_streams_maxstream_error0.iev,0.0,0.0
545,quant,client,quic_client_test_blocked_streams_maxstream_error0,,server_return_code(134)+timeout,/home/chris/Toward-verification-of-QUIC-extensions/installer/TVOQE/results/errors/server/local/mvfst_server_newcoid/temp/766/quic_client_test_blocked_streams_maxstream_error0.iev,0.0,0.0
546,quant,client,quic_client_test_tp_limit_acticoid_error0,,server_return_code(134)+timeout,/home/chris/Toward-verification-of-QUIC-extensions/installer/TVOQE/results/errors/server/local/mvfst_server_newcoid/temp/687/quic_client_test_tp_limit_acticoid_error0.iev,0.0,0.0
547,quant,client,quic_client_test_tp_error0,,server_return_code(134)+timeout,/home/chris/Toward-verification-of-QUIC-extensions/installer/TVOQE/results/errors/server/local/mvfst_server_newcoid/temp/207/quic_client_test_tp_error0.iev,0.0,0.0
548,quant,client,quic_client_test_double_tp_error0,,server_return_code(134)+timeout,/home/chris/Toward-verification-of-QUIC-extensions/installer/TVOQE/results/errors/server/local/mvfst_server_newcoid/temp/487/quic_client_test_double_tp_error0.iev,0.0,0.0
549,quant,client,quic_client_test_tp_limit_acticoid_error0,,server_return_code(134)+timeout,/home/chris/Toward-verification-of-QUIC-extensions/installer/TVOQE/results/errors/server/local/mvfst_server_newcoid/temp/603/quic_client_test_tp_limit_acticoid_error0.iev,0.0,0.0
550,quant,client,quic_client_test_ext_min_ack_delay0,,server_return_code(134)+timeout,/home/chris/Toward-verification-of-QUIC-extensions/installer/TVOQE/results/errors/server/local/mvfst_server_newcoid/temp/1293/quic_client_test_ext_min_ack_delay0.iev,0.0,0.0
551,quant,client,quic_client_test_max0,,ivy_return_code(127)+,/home/chris/Toward-verification-of-QUIC-extensions/installer/TVOQE/results/errors/server/local/mvfst_server_newcoid/temp/31/quic_client_test_max0.iev,0.0,0.0
552,quant,client,quic_client_test_accept_maxdata0,,ivy_return_code(127)+,/home/chris/Toward-verification-of-QUIC-extensions/installer/TVOQE/results/errors/server/local/mvfst_server_newcoid/temp/992/quic_client_test_accept_maxdata0.iev,0.0,0.0
553,quant,client,quic_client_test_tp_error0,,server_return_code(134)+timeout,/home/chris/Toward-verification-of-QUIC-extensions/installer/TVOQE/results/errors/server/local/mvfst_server_newcoid/temp/241/quic_client_test_tp_error0.iev,0.0,0.0
554,quant,client,quic_client_test_tp_error0,,server_return_code(134)+timeout,/home/chris/Toward-verification-of-QUIC-extensions/installer/TVOQE/results/errors/server/local/mvfst_server_newcoid/temp/256/quic_client_test_tp_error0.iev,0.0,0.0
555,quant,client,quic_client_test_tp_prefadd_error0,,server_return_code(134)+timeout,/home/chris/Toward-verification-of-QUIC-extensions/installer/TVOQE/results/errors/server/local/mvfst_server_newcoid/temp/1030/quic_client_test_tp_prefadd_error0.iev,0.0,0.0
556,quant,client,quic_client_test_tp_acticoid_error0,,server_return_code(134)+timeout,/home/chris/Toward-verification-of-QUIC-extensions/installer/TVOQE/results/errors/server/local/mvfst_server_newcoid/temp/520/quic_client_test_tp_acticoid_error0.iev,0.0,0.0
557,quant,client,quic_client_test_tp_acticoid_error0,,server_return_code(134)+timeout,/home/chris/Toward-verification-of-QUIC-extensions/installer/TVOQE/results/errors/server/local/mvfst_server_newcoid/temp/531/quic_client_test_tp_acticoid_error0.iev,0.0,0.0
558,quant,client,quic_client_test_ext_min_ack_delay0,,server_return_code(134)+timeout,/home/chris/Toward-verification-of-QUIC-extensions/installer/TVOQE/results/errors/server/local/mvfst_server_newcoid/temp/1226/quic_client_test_ext_min_ack_delay0.iev,0.0,0.0
559,quant,client,quic_client_test_newcoid_zero_error0,,server_return_code(134)+timeout,/home/chris/Toward-verification-of-QUIC-extensions/installer/TVOQE/results/errors/server/local/mvfst_server_newcoid/temp/881/quic_client_test_newcoid_zero_error0.iev,0.0,0.0
560,quant,client,quic_client_test_ext_min_ack_delay0,,server_return_code(134)+timeout,/home/chris/Toward-verification-of-QUIC-extensions/installer/TVOQE/results/errors/server/local/mvfst_server_newcoid/temp/1265/quic_client_test_ext_min_ack_delay0.iev,0.0,0.0
561,quant,client,quic_client_test_tp_acticoid_error0,,server_return_code(134)+timeout,/home/chris/Toward-verification-of-QUIC-extensions/installer/TVOQE/results/errors/server/local/mvfst_server_newcoid/temp/552/quic_client_test_tp_acticoid_error0.iev,0.0,0.0
562,quant,client,quic_client_test_no_odci0,,server_return_code(134)+timeout,/home/chris/Toward-verification-of-QUIC-extensions/installer/TVOQE/results/errors/server/local/mvfst_server_newcoid/temp/1115/quic_client_test_no_odci0.iev,0.0,0.0
563,quant,client,quic_client_test_tp_prefadd_error0,,server_return_code(134)+timeout,/home/chris/Toward-verification-of-QUIC-extensions/installer/TVOQE/results/errors/server/local/mvfst_server_newcoid/temp/1090/quic_client_test_tp_prefadd_error0.iev,0.0,0.0
564,quant,client,quic_client_test_max0,,ivy_return_code(127)+,/home/chris/Toward-verification-of-QUIC-extensions/installer/TVOQE/results/errors/server/local/mvfst_server_newcoid/temp/88/quic_client_test_max0.iev,0.0,0.0
565,quant,client,quic_client_test_tp_limit_acticoid_error0,,server_return_code(134)+timeout,/home/chris/Toward-verification-of-QUIC-extensions/installer/TVOQE/results/errors/server/local/mvfst_server_newcoid/temp/669/quic_client_test_tp_limit_acticoid_error0.iev,0.0,0.0
566,quant,client,quic_client_test_accept_maxdata0,,ivy_return_code(127)+,/home/chris/Toward-verification-of-QUIC-extensions/installer/TVOQE/results/errors/server/local/mvfst_server_newcoid/temp/998/quic_client_test_accept_maxdata0.iev,0.0,0.0
567,quant,client,quic_client_test_tp_limit_acticoid_error0,,server_return_code(134)+timeout,/home/chris/Toward-verification-of-QUIC-extensions/installer/TVOQE/results/errors/server/local/mvfst_server_newcoid/temp/605/quic_client_test_tp_limit_acticoid_error0.iev,0.0,0.0
568,quant,client,quic_client_test_max0,,ivy_return_code(127)+,/home/chris/Toward-verification-of-QUIC-extensions/installer/TVOQE/results/errors/server/local/mvfst_server_newcoid/temp/28/quic_client_test_max0.iev,0.0,0.0
569,quant,client,quic_client_test_tp_error0,,server_return_code(134)+timeout,/home/chris/Toward-verification-of-QUIC-extensions/installer/TVOQE/results/errors/server/local/mvfst_server_newcoid/temp/251/quic_client_test_tp_error0.iev,0.0,0.0
570,quant,client,quic_client_test_tp_acticoid_error0,,server_return_code(134)+timeout,/home/chris/Toward-verification-of-QUIC-extensions/installer/TVOQE/results/errors/server/local/mvfst_server_newcoid/temp/522/quic_client_test_tp_acticoid_error0.iev,0.0,0.0
571,quant,client,quic_client_test_double_tp_error0,,server_return_code(134)+timeout,/home/chris/Toward-verification-of-QUIC-extensions/installer/TVOQE/results/errors/server/local/mvfst_server_newcoid/temp/459/quic_client_test_double_tp_error0.iev,0.0,0.0
572,quant,client,quic_client_test_accept_maxdata0,,ivy_return_code(127)+,/home/chris/Toward-verification-of-QUIC-extensions/installer/TVOQE/results/errors/server/local/mvfst_server_newcoid/temp/918/quic_client_test_accept_maxdata0.iev,0.0,0.0
573,quant,client,quic_client_test_tp_acticoid_error0,,server_return_code(134)+timeout,/home/chris/Toward-verification-of-QUIC-extensions/installer/TVOQE/results/errors/server/local/mvfst_server_newcoid/temp/595/quic_client_test_tp_acticoid_error0.iev,0.0,0.0
574,quant,client,quic_client_test_tp_limit_acticoid_error0,,server_return_code(134)+timeout,/home/chris/Toward-verification-of-QUIC-extensions/installer/TVOQE/results/errors/server/local/mvfst_server_newcoid/temp/678/quic_client_test_tp_limit_acticoid_error0.iev,0.0,0.0
575,quant,client,quic_client_test_tp_error0,,server_return_code(134)+timeout,/home/chris/Toward-verification-of-QUIC-extensions/installer/TVOQE/results/errors/server/local/mvfst_server_newcoid/temp/293/quic_client_test_tp_error0.iev,0.0,0.0
576,quant,client,quic_client_test_ext_min_ack_delay0,,server_return_code(134)+timeout,/home/chris/Toward-verification-of-QUIC-extensions/installer/TVOQE/results/errors/server/local/mvfst_server_newcoid/temp/1227/quic_client_test_ext_min_ack_delay0.iev,0.0,0.0
577,quant,client,quic_client_test_tp_prefadd_error0,,server_return_code(134)+timeout,/home/chris/Toward-verification-of-QUIC-extensions/installer/TVOQE/results/errors/server/local/mvfst_server_newcoid/temp/1049/quic_client_test_tp_prefadd_error0.iev,0.0,0.0
578,quant,client,quic_client_test_ext_min_ack_delay0,,server_return_code(134)+timeout,/home/chris/Toward-verification-of-QUIC-extensions/installer/TVOQE/results/errors/server/local/mvfst_server_newcoid/temp/1213/quic_client_test_ext_min_ack_delay0.iev,0.0,0.0
579,quant,client,quic_client_test_ext_min_ack_delay0,,server_return_code(134)+timeout,/home/chris/Toward-verification-of-QUIC-extensions/installer/TVOQE/results/errors/server/local/mvfst_server_newcoid/temp/1284/quic_client_test_ext_min_ack_delay0.iev,0.0,0.0
580,quant,client,quic_client_test_newcoid_zero_error0,,server_return_code(134)+timeout,/home/chris/Toward-verification-of-QUIC-extensions/installer/TVOQE/results/errors/server/local/mvfst_server_newcoid/temp/865/quic_client_test_newcoid_zero_error0.iev,0.0,0.0
581,quant,client,quic_client_test_no_odci0,,server_return_code(134)+timeout,/home/chris/Toward-verification-of-QUIC-extensions/installer/TVOQE/results/errors/server/local/mvfst_server_newcoid/temp/1103/quic_client_test_no_odci0.iev,0.0,0.0
582,quant,client,quic_client_test_double_tp_error0,,server_return_code(134)+timeout,/home/chris/Toward-verification-of-QUIC-extensions/installer/TVOQE/results/errors/server/local/mvfst_server_newcoid/temp/481/quic_client_test_double_tp_error0.iev,0.0,0.0
583,quant,client,quic_client_test_ext_min_ack_delay0,,server_return_code(134)+timeout,/home/chris/Toward-verification-of-QUIC-extensions/installer/TVOQE/results/errors/server/local/mvfst_server_newcoid/temp/1289/quic_client_test_ext_min_ack_delay0.iev,0.0,0.0
584,quant,client,quic_client_test_ext_min_ack_delay0,,server_return_code(134)+timeout,/home/chris/Toward-verification-of-QUIC-extensions/installer/TVOQE/results/errors/server/local/mvfst_server_newcoid/temp/1285/quic_client_test_ext_min_ack_delay0.iev,0.0,0.0
585,quant,client,quic_client_test_newcoid_zero_error0,,server_return_code(134)+timeout,/home/chris/Toward-verification-of-QUIC-extensions/installer/TVOQE/results/errors/server/local/mvfst_server_newcoid/temp/847/quic_client_test_newcoid_zero_error0.iev,0.0,0.0
586,quant,client,quic_client_test_tp_limit_acticoid_error0,,server_return_code(134)+timeout,/home/chris/Toward-verification-of-QUIC-extensions/installer/TVOQE/results/errors/server/local/mvfst_server_newcoid/temp/623/quic_client_test_tp_limit_acticoid_error0.iev,0.0,0.0
587,quant,client,quic_client_test_tp_limit_acticoid_error0,,server_return_code(134)+timeout,/home/chris/Toward-verification-of-QUIC-extensions/installer/TVOQE/results/errors/server/local/mvfst_server_newcoid/temp/666/quic_client_test_tp_limit_acticoid_error0.iev,0.0,0.0
588,quant,client,quic_client_test_tp_acticoid_error0,,server_return_code(134)+timeout,/home/chris/Toward-verification-of-QUIC-extensions/installer/TVOQE/results/errors/server/local/mvfst_server_newcoid/temp/555/quic_client_test_tp_acticoid_error0.iev,0.0,0.0
589,quant,client,quic_client_test_tp_limit_acticoid_error0,,server_return_code(134)+timeout,/home/chris/Toward-verification-of-QUIC-extensions/installer/TVOQE/results/errors/server/local/mvfst_server_newcoid/temp/647/quic_client_test_tp_limit_acticoid_error0.iev,0.0,0.0
590,quant,client,quic_client_test_blocked_streams_maxstream_error0,,server_return_code(134)+timeout,/home/chris/Toward-verification-of-QUIC-extensions/installer/TVOQE/results/errors/server/local/mvfst_server_newcoid/temp/712/quic_client_test_blocked_streams_maxstream_error0.iev,0.0,0.0
591,quant,client,quic_client_test_tp_prefadd_error0,,server_return_code(134)+timeout,/home/chris/Toward-verification-of-QUIC-extensions/installer/TVOQE/results/errors/server/local/mvfst_server_newcoid/temp/1088/quic_client_test_tp_prefadd_error0.iev,0.0,0.0
592,quant,client,quic_client_test_no_odci0,,server_return_code(134)+timeout,/home/chris/Toward-verification-of-QUIC-extensions/installer/TVOQE/results/errors/server/local/mvfst_server_newcoid/temp/1175/quic_client_test_no_odci0.iev,0.0,0.0
593,quant,client,quic_client_test_tp_acticoid_error0,,server_return_code(134)+timeout,/home/chris/Toward-verification-of-QUIC-extensions/installer/TVOQE/results/errors/server/local/mvfst_server_newcoid/temp/550/quic_client_test_tp_acticoid_error0.iev,0.0,0.0
594,quant,client,quic_client_test_max0,,ivy_return_code(127)+,/home/chris/Toward-verification-of-QUIC-extensions/installer/TVOQE/results/errors/server/local/mvfst_server_newcoid/temp/92/quic_client_test_max0.iev,0.0,0.0
595,quant,client,quic_client_test_tp_limit_acticoid_error0,,server_return_code(134)+timeout,/home/chris/Toward-verification-of-QUIC-extensions/installer/TVOQE/results/errors/server/local/mvfst_server_newcoid/temp/671/quic_client_test_tp_limit_acticoid_error0.iev,0.0,0.0
596,quant,client,quic_client_test_tp_error0,,server_return_code(134)+timeout,/home/chris/Toward-verification-of-QUIC-extensions/installer/TVOQE/results/errors/server/local/mvfst_server_newcoid/temp/227/quic_client_test_tp_error0.iev,0.0,0.0
597,quant,client,quic_client_test_double_tp_error0,,server_return_code(134)+timeout,/home/chris/Toward-verification-of-QUIC-extensions/installer/TVOQE/results/errors/server/local/mvfst_server_newcoid/temp/402/quic_client_test_double_tp_error0.iev,0.0,0.0
598,quant,client,quic_client_test_tp_error0,,server_return_code(134)+timeout,/home/chris/Toward-verification-of-QUIC-extensions/installer/TVOQE/results/errors/server/local/mvfst_server_newcoid/temp/232/quic_client_test_tp_error0.iev,0.0,0.0
599,quant,client,quic_client_test_blocked_streams_maxstream_error0,,server_return_code(134)+timeout,/home/chris/Toward-verification-of-QUIC-extensions/installer/TVOQE/results/errors/server/local/mvfst_server_newcoid/temp/741/quic_client_test_blocked_streams_maxstream_error0.iev,0.0,0.0
600,quant,client,quic_client_test_double_tp_error0,,server_return_code(134)+timeout,/home/chris/Toward-verification-of-QUIC-extensions/installer/TVOQE/results/errors/server/local/mvfst_server_newcoid/temp/437/quic_client_test_double_tp_error0.iev,0.0,0.0
601,quant,client,quic_client_test_tp_acticoid_error0,,server_return_code(134)+timeout,/home/chris/Toward-verification-of-QUIC-extensions/installer/TVOQE/results/errors/server/local/mvfst_server_newcoid/temp/514/quic_client_test_tp_acticoid_error0.iev,0.0,0.0
602,quant,client,quic_client_test_accept_maxdata0,,ivy_return_code(127)+,/home/chris/Toward-verification-of-QUIC-extensions/installer/TVOQE/results/errors/server/local/mvfst_server_newcoid/temp/972/quic_client_test_accept_maxdata0.iev,0.0,0.0
603,quant,client,quic_client_test_blocked_streams_maxstream_error0,,server_return_code(134)+timeout,/home/chris/Toward-verification-of-QUIC-extensions/installer/TVOQE/results/errors/server/local/mvfst_server_newcoid/temp/743/quic_client_test_blocked_streams_maxstream_error0.iev,0.0,0.0
604,quant,client,quic_client_test_blocked_streams_maxstream_error0,,server_return_code(134)+timeout,/home/chris/Toward-verification-of-QUIC-extensions/installer/TVOQE/results/errors/server/local/mvfst_server_newcoid/temp/787/quic_client_test_blocked_streams_maxstream_error0.iev,0.0,0.0
605,quant,client,quic_client_test_tp_acticoid_error0,,server_return_code(134)+timeout,/home/chris/Toward-verification-of-QUIC-extensions/installer/TVOQE/results/errors/server/local/mvfst_server_newcoid/temp/528/quic_client_test_tp_acticoid_error0.iev,0.0,0.0
606,quant,client,quic_client_test_no_odci0,,server_return_code(134)+timeout,/home/chris/Toward-verification-of-QUIC-extensions/installer/TVOQE/results/errors/server/local/mvfst_server_newcoid/temp/1167/quic_client_test_no_odci0.iev,0.0,0.0
607,quant,client,quic_client_test_accept_maxdata0,,ivy_return_code(127)+,/home/chris/Toward-verification-of-QUIC-extensions/installer/TVOQE/results/errors/server/local/mvfst_server_newcoid/temp/958/quic_client_test_accept_maxdata0.iev,0.0,0.0
608,quant,client,quic_client_test_max0,,ivy_return_code(127)+,/home/chris/Toward-verification-of-QUIC-extensions/installer/TVOQE/results/errors/server/local/mvfst_server_newcoid/temp/71/quic_client_test_max0.iev,0.0,0.0
609,quant,client,quic_client_test_tp_error0,,server_return_code(134)+timeout,/home/chris/Toward-verification-of-QUIC-extensions/installer/TVOQE/results/errors/server/local/mvfst_server_newcoid/temp/221/quic_client_test_tp_error0.iev,0.0,0.0
610,quant,client,quic_client_test_tp_prefadd_error0,,server_return_code(134)+timeout,/home/chris/Toward-verification-of-QUIC-extensions/installer/TVOQE/results/errors/server/local/mvfst_server_newcoid/temp/1076/quic_client_test_tp_prefadd_error0.iev,0.0,0.0
611,quant,client,quic_client_test_double_tp_error0,,server_return_code(134)+timeout,/home/chris/Toward-verification-of-QUIC-extensions/installer/TVOQE/results/errors/server/local/mvfst_server_newcoid/temp/463/quic_client_test_double_tp_error0.iev,0.0,0.0
612,quant,client,quic_client_test_ext_min_ack_delay0,,server_return_code(134)+timeout,/home/chris/Toward-verification-of-QUIC-extensions/installer/TVOQE/results/errors/server/local/mvfst_server_newcoid/temp/1203/quic_client_test_ext_min_ack_delay0.iev,0.0,0.0
613,quant,client,quic_client_test_tp_error0,,server_return_code(134)+timeout,/home/chris/Toward-verification-of-QUIC-extensions/installer/TVOQE/results/errors/server/local/mvfst_server_newcoid/temp/240/quic_client_test_tp_error0.iev,0.0,0.0
614,quant,client,quic_client_test_newcoid_zero_error0,,server_return_code(134)+timeout,/home/chris/Toward-verification-of-QUIC-extensions/installer/TVOQE/results/errors/server/local/mvfst_server_newcoid/temp/804/quic_client_test_newcoid_zero_error0.iev,0.0,0.0
615,quant,client,quic_client_test_accept_maxdata0,,ivy_return_code(127)+,/home/chris/Toward-verification-of-QUIC-extensions/installer/TVOQE/results/errors/server/local/mvfst_server_newcoid/temp/964/quic_client_test_accept_maxdata0.iev,0.0,0.0
616,quant,client,quic_client_test_no_odci0,,server_return_code(134)+timeout,/home/chris/Toward-verification-of-QUIC-extensions/installer/TVOQE/results/errors/server/local/mvfst_server_newcoid/temp/1161/quic_client_test_no_odci0.iev,0.0,0.0
617,quant,client,quic_client_test_tp_error0,,server_return_code(134)+timeout,/home/chris/Toward-verification-of-QUIC-extensions/installer/TVOQE/results/errors/server/local/mvfst_server_newcoid/temp/287/quic_client_test_tp_error0.iev,0.0,0.0
618,quant,client,quic_client_test_tp_limit_acticoid_error0,,server_return_code(134)+timeout,/home/chris/Toward-verification-of-QUIC-extensions/installer/TVOQE/results/errors/server/local/mvfst_server_newcoid/temp/654/quic_client_test_tp_limit_acticoid_error0.iev,0.0,0.0
619,quant,client,quic_client_test_max0,,ivy_return_code(127)+,/home/chris/Toward-verification-of-QUIC-extensions/installer/TVOQE/results/errors/server/local/mvfst_server_newcoid/temp/78/quic_client_test_max0.iev,0.0,0.0
620,quant,client,quic_client_test_blocked_streams_maxstream_error0,,server_return_code(134)+timeout,/home/chris/Toward-verification-of-QUIC-extensions/installer/TVOQE/results/errors/server/local/mvfst_server_newcoid/temp/703/quic_client_test_blocked_streams_maxstream_error0.iev,0.0,0.0
621,quant,client,quic_client_test_accept_maxdata0,,ivy_return_code(127)+,/home/chris/Toward-verification-of-QUIC-extensions/installer/TVOQE/results/errors/server/local/mvfst_server_newcoid/temp/914/quic_client_test_accept_maxdata0.iev,0.0,0.0
622,quant,client,quic_client_test_tp_acticoid_error0,,server_return_code(134)+timeout,/home/chris/Toward-verification-of-QUIC-extensions/installer/TVOQE/results/errors/server/local/mvfst_server_newcoid/temp/519/quic_client_test_tp_acticoid_error0.iev,0.0,0.0
623,quant,client,quic_client_test_tp_error0,,server_return_code(134)+timeout,/home/chris/Toward-verification-of-QUIC-extensions/installer/TVOQE/results/errors/server/local/mvfst_server_newcoid/temp/271/quic_client_test_tp_error0.iev,0.0,0.0
624,quant,client,quic_client_test_double_tp_error0,,server_return_code(134)+timeout,/home/chris/Toward-verification-of-QUIC-extensions/installer/TVOQE/results/errors/server/local/mvfst_server_newcoid/temp/451/quic_client_test_double_tp_error0.iev,0.0,0.0
625,quant,client,quic_client_test_tp_limit_acticoid_error0,,server_return_code(134)+timeout,/home/chris/Toward-verification-of-QUIC-extensions/installer/TVOQE/results/errors/server/local/mvfst_server_newcoid/temp/656/quic_client_test_tp_limit_acticoid_error0.iev,0.0,0.0
626,quant,client,quic_client_test_tp_limit_acticoid_error0,,server_return_code(134)+timeout,/home/chris/Toward-verification-of-QUIC-extensions/installer/TVOQE/results/errors/server/local/mvfst_server_newcoid/temp/699/quic_client_test_tp_limit_acticoid_error0.iev,0.0,0.0
627,quant,client,quic_client_test_ext_min_ack_delay0,,server_return_code(134)+timeout,/home/chris/Toward-verification-of-QUIC-extensions/installer/TVOQE/results/errors/server/local/mvfst_server_newcoid/temp/1256/quic_client_test_ext_min_ack_delay0.iev,0.0,0.0
628,quant,client,quic_client_test_tp_limit_acticoid_error0,,server_return_code(134)+timeout,/home/chris/Toward-verification-of-QUIC-extensions/installer/TVOQE/results/errors/server/local/mvfst_server_newcoid/temp/612/quic_client_test_tp_limit_acticoid_error0.iev,0.0,0.0
629,quant,client,quic_client_test_tp_acticoid_error0,,server_return_code(134)+timeout,/home/chris/Toward-verification-of-QUIC-extensions/installer/TVOQE/results/errors/server/local/mvfst_server_newcoid/temp/596/quic_client_test_tp_acticoid_error0.iev,0.0,0.0
630,quant,client,quic_client_test_blocked_streams_maxstream_error0,,server_return_code(134)+timeout,/home/chris/Toward-verification-of-QUIC-extensions/installer/TVOQE/results/errors/server/local/mvfst_server_newcoid/temp/752/quic_client_test_blocked_streams_maxstream_error0.iev,0.0,0.0
631,quant,client,quic_client_test_blocked_streams_maxstream_error0,,server_return_code(134)+timeout,/home/chris/Toward-verification-of-QUIC-extensions/installer/TVOQE/results/errors/server/local/mvfst_server_newcoid/temp/760/quic_client_test_blocked_streams_maxstream_error0.iev,0.0,0.0
632,quant,client,quic_client_test_accept_maxdata0,,ivy_return_code(127)+,/home/chris/Toward-verification-of-QUIC-extensions/installer/TVOQE/results/errors/server/local/mvfst_server_newcoid/temp/937/quic_client_test_accept_maxdata0.iev,0.0,0.0
633,quant,client,quic_client_test_tp_prefadd_error0,,server_return_code(134)+timeout,/home/chris/Toward-verification-of-QUIC-extensions/installer/TVOQE/results/errors/server/local/mvfst_server_newcoid/temp/1092/quic_client_test_tp_prefadd_error0.iev,0.0,0.0
634,quant,client,quic_client_test_max0,,ivy_return_code(127)+,/home/chris/Toward-verification-of-QUIC-extensions/installer/TVOQE/results/errors/server/local/mvfst_server_newcoid/temp/41/quic_client_test_max0.iev,0.0,0.0
635,quant,client,quic_client_test_tp_error0,,server_return_code(134)+timeout,/home/chris/Toward-verification-of-QUIC-extensions/installer/TVOQE/results/errors/server/local/mvfst_server_newcoid/temp/265/quic_client_test_tp_error0.iev,0.0,0.0
636,quant,client,quic_client_test_tp_prefadd_error0,,server_return_code(134)+timeout,/home/chris/Toward-verification-of-QUIC-extensions/installer/TVOQE/results/errors/server/local/mvfst_server_newcoid/temp/1031/quic_client_test_tp_prefadd_error0.iev,0.0,0.0
637,quant,client,quic_client_test_tp_acticoid_error0,,server_return_code(134)+timeout,/home/chris/Toward-verification-of-QUIC-extensions/installer/TVOQE/results/errors/server/local/mvfst_server_newcoid/temp/561/quic_client_test_tp_acticoid_error0.iev,0.0,0.0
638,quant,client,quic_client_test_no_odci0,,server_return_code(134)+timeout,/home/chris/Toward-verification-of-QUIC-extensions/installer/TVOQE/results/errors/server/local/mvfst_server_newcoid/temp/1101/quic_client_test_no_odci0.iev,0.0,0.0
639,quant,client,quic_client_test_tp_prefadd_error0,,server_return_code(134)+timeout,/home/chris/Toward-verification-of-QUIC-extensions/installer/TVOQE/results/errors/server/local/mvfst_server_newcoid/temp/1065/quic_client_test_tp_prefadd_error0.iev,0.0,0.0
640,quant,client,quic_client_test_double_tp_error0,,server_return_code(134)+timeout,/home/chris/Toward-verification-of-QUIC-extensions/installer/TVOQE/results/errors/server/local/mvfst_server_newcoid/temp/431/quic_client_test_double_tp_error0.iev,0.0,0.0
641,quant,client,quic_client_test_blocked_streams_maxstream_error0,,server_return_code(134)+timeout,/home/chris/Toward-verification-of-QUIC-extensions/installer/TVOQE/results/errors/server/local/mvfst_server_newcoid/temp/721/quic_client_test_blocked_streams_maxstream_error0.iev,0.0,0.0
642,quant,client,quic_client_test_tp_acticoid_error0,,server_return_code(134)+timeout,/home/chris/Toward-verification-of-QUIC-extensions/installer/TVOQE/results/errors/server/local/mvfst_server_newcoid/temp/517/quic_client_test_tp_acticoid_error0.iev,0.0,0.0
643,quant,client,quic_client_test_double_tp_error0,,server_return_code(134)+timeout,/home/chris/Toward-verification-of-QUIC-extensions/installer/TVOQE/results/errors/server/local/mvfst_server_newcoid/temp/492/quic_client_test_double_tp_error0.iev,0.0,0.0
644,quant,client,quic_client_test_tp_limit_acticoid_error0,,server_return_code(134)+timeout,/home/chris/Toward-verification-of-QUIC-extensions/installer/TVOQE/results/errors/server/local/mvfst_server_newcoid/temp/680/quic_client_test_tp_limit_acticoid_error0.iev,0.0,0.0
645,quant,client,quic_client_test_tp_acticoid_error0,,server_return_code(134)+timeout,/home/chris/Toward-verification-of-QUIC-extensions/installer/TVOQE/results/errors/server/local/mvfst_server_newcoid/temp/544/quic_client_test_tp_acticoid_error0.iev,0.0,0.0
646,quant,client,quic_client_test_blocked_streams_maxstream_error0,,server_return_code(134)+timeout,/home/chris/Toward-verification-of-QUIC-extensions/installer/TVOQE/results/errors/server/local/mvfst_server_newcoid/temp/764/quic_client_test_blocked_streams_maxstream_error0.iev,0.0,0.0
647,quant,client,quic_client_test_tp_prefadd_error0,,server_return_code(134)+timeout,/home/chris/Toward-verification-of-QUIC-extensions/installer/TVOQE/results/errors/server/local/mvfst_server_newcoid/temp/1000/quic_client_test_tp_prefadd_error0.iev,0.0,0.0
648,quant,client,quic_client_test_tp_prefadd_error0,,server_return_code(134)+timeout,/home/chris/Toward-verification-of-QUIC-extensions/installer/TVOQE/results/errors/server/local/mvfst_server_newcoid/temp/1039/quic_client_test_tp_prefadd_error0.iev,0.0,0.0
649,quant,client,quic_client_test_newcoid_zero_error0,,server_return_code(134)+timeout,/home/chris/Toward-verification-of-QUIC-extensions/installer/TVOQE/results/errors/server/local/mvfst_server_newcoid/temp/817/quic_client_test_newcoid_zero_error0.iev,0.0,0.0
650,quant,client,quic_client_test_no_odci0,,server_return_code(134)+timeout,/home/chris/Toward-verification-of-QUIC-extensions/installer/TVOQE/results/errors/server/local/mvfst_server_newcoid/temp/1189/quic_client_test_no_odci0.iev,0.0,0.0
651,quant,client,quic_client_test_tp_acticoid_error0,,server_return_code(134)+timeout,/home/chris/Toward-verification-of-QUIC-extensions/installer/TVOQE/results/errors/server/local/mvfst_server_newcoid/temp/559/quic_client_test_tp_acticoid_error0.iev,0.0,0.0
652,quant,client,quic_client_test_tp_error0,,server_return_code(134)+timeout,/home/chris/Toward-verification-of-QUIC-extensions/installer/TVOQE/results/errors/server/local/mvfst_server_newcoid/temp/255/quic_client_test_tp_error0.iev,0.0,0.0
653,quant,client,quic_client_test_accept_maxdata0,,ivy_return_code(127)+,/home/chris/Toward-verification-of-QUIC-extensions/installer/TVOQE/results/errors/server/local/mvfst_server_newcoid/temp/949/quic_client_test_accept_maxdata0.iev,0.0,0.0
654,quant,client,quic_client_test_newcoid_zero_error0,,server_return_code(134)+timeout,/home/chris/Toward-verification-of-QUIC-extensions/installer/TVOQE/results/errors/server/local/mvfst_server_newcoid/temp/859/quic_client_test_newcoid_zero_error0.iev,0.0,0.0
655,quant,client,quic_client_test_tp_acticoid_error0,,server_return_code(134)+timeout,/home/chris/Toward-verification-of-QUIC-extensions/installer/TVOQE/results/errors/server/local/mvfst_server_newcoid/temp/543/quic_client_test_tp_acticoid_error0.iev,0.0,0.0
656,quant,client,quic_client_test_accept_maxdata0,,ivy_return_code(127)+,/home/chris/Toward-verification-of-QUIC-extensions/installer/TVOQE/results/errors/server/local/mvfst_server_newcoid/temp/981/quic_client_test_accept_maxdata0.iev,0.0,0.0
657,quant,client,quic_client_test_tp_limit_acticoid_error0,,server_return_code(134)+timeout,/home/chris/Toward-verification-of-QUIC-extensions/installer/TVOQE/results/errors/server/local/mvfst_server_newcoid/temp/692/quic_client_test_tp_limit_acticoid_error0.iev,0.0,0.0
658,quant,client,quic_client_test_tp_limit_acticoid_error0,,server_return_code(134)+timeout,/home/chris/Toward-verification-of-QUIC-extensions/installer/TVOQE/results/errors/server/local/mvfst_server_newcoid/temp/630/quic_client_test_tp_limit_acticoid_error0.iev,0.0,0.0
659,quant,client,quic_client_test_tp_acticoid_error0,,server_return_code(134)+timeout,/home/chris/Toward-verification-of-QUIC-extensions/installer/TVOQE/results/errors/server/local/mvfst_server_newcoid/temp/515/quic_client_test_tp_acticoid_error0.iev,0.0,0.0
660,quant,client,quic_client_test_newcoid_zero_error0,,server_return_code(134)+timeout,/home/chris/Toward-verification-of-QUIC-extensions/installer/TVOQE/results/errors/server/local/mvfst_server_newcoid/temp/863/quic_client_test_newcoid_zero_error0.iev,0.0,0.0
661,quant,client,quic_client_test_no_odci0,,server_return_code(134)+timeout,/home/chris/Toward-verification-of-QUIC-extensions/installer/TVOQE/results/errors/server/local/mvfst_server_newcoid/temp/1137/quic_client_test_no_odci0.iev,0.0,0.0
662,quant,client,quic_client_test_tp_limit_acticoid_error0,,server_return_code(134)+timeout,/home/chris/Toward-verification-of-QUIC-extensions/installer/TVOQE/results/errors/server/local/mvfst_server_newcoid/temp/651/quic_client_test_tp_limit_acticoid_error0.iev,0.0,0.0
663,quant,client,quic_client_test_blocked_streams_maxstream_error0,,server_return_code(134)+timeout,/home/chris/Toward-verification-of-QUIC-extensions/installer/TVOQE/results/errors/server/local/mvfst_server_newcoid/temp/723/quic_client_test_blocked_streams_maxstream_error0.iev,0.0,0.0
664,quant,client,quic_client_test_blocked_streams_maxstream_error0,,server_return_code(134)+timeout,/home/chris/Toward-verification-of-QUIC-extensions/installer/TVOQE/results/errors/server/local/mvfst_server_newcoid/temp/776/quic_client_test_blocked_streams_maxstream_error0.iev,0.0,0.0
665,quant,client,quic_client_test_tp_prefadd_error0,,server_return_code(134)+timeout,/home/chris/Toward-verification-of-QUIC-extensions/installer/TVOQE/results/errors/server/local/mvfst_server_newcoid/temp/1052/quic_client_test_tp_prefadd_error0.iev,0.0,0.0
666,quant,client,quic_client_test_accept_maxdata0,,ivy_return_code(127)+,/home/chris/Toward-verification-of-QUIC-extensions/installer/TVOQE/results/errors/server/local/mvfst_server_newcoid/temp/990/quic_client_test_accept_maxdata0.iev,0.0,0.0
667,quant,client,quic_client_test_ext_min_ack_delay0,,server_return_code(134)+timeout,/home/chris/Toward-verification-of-QUIC-extensions/installer/TVOQE/results/errors/server/local/mvfst_server_newcoid/temp/1211/quic_client_test_ext_min_ack_delay0.iev,0.0,0.0
668,quant,client,quic_client_test_newcoid_zero_error0,,server_return_code(134)+timeout,/home/chris/Toward-verification-of-QUIC-extensions/installer/TVOQE/results/errors/server/local/mvfst_server_newcoid/temp/893/quic_client_test_newcoid_zero_error0.iev,0.0,0.0
669,quant,client,quic_client_test_tp_acticoid_error0,,server_return_code(134)+timeout,/home/chris/Toward-verification-of-QUIC-extensions/installer/TVOQE/results/errors/server/local/mvfst_server_newcoid/temp/573/quic_client_test_tp_acticoid_error0.iev,0.0,0.0
670,quant,client,quic_client_test_no_odci0,,server_return_code(134)+timeout,/home/chris/Toward-verification-of-QUIC-extensions/installer/TVOQE/results/errors/server/local/mvfst_server_newcoid/temp/1194/quic_client_test_no_odci0.iev,0.0,0.0
671,quant,client,quic_client_test_tp_acticoid_error0,,server_return_code(134)+timeout,/home/chris/Toward-verification-of-QUIC-extensions/installer/TVOQE/results/errors/server/local/mvfst_server_newcoid/temp/594/quic_client_test_tp_acticoid_error0.iev,0.0,0.0
672,quant,client,quic_client_test_max0,,ivy_return_code(127)+,/home/chris/Toward-verification-of-QUIC-extensions/installer/TVOQE/results/errors/server/local/mvfst_server_newcoid/temp/98/quic_client_test_max0.iev,0.0,0.0
673,quant,client,quic_client_test_accept_maxdata0,,ivy_return_code(127)+,/home/chris/Toward-verification-of-QUIC-extensions/installer/TVOQE/results/errors/server/local/mvfst_server_newcoid/temp/944/quic_client_test_accept_maxdata0.iev,0.0,0.0
674,quant,client,quic_client_test_tp_error0,,server_return_code(134)+timeout,/home/chris/Toward-verification-of-QUIC-extensions/installer/TVOQE/results/errors/server/local/mvfst_server_newcoid/temp/220/quic_client_test_tp_error0.iev,0.0,0.0
675,quant,client,quic_client_test_max0,,ivy_return_code(127)+,/home/chris/Toward-verification-of-QUIC-extensions/installer/TVOQE/results/errors/server/local/mvfst_server_newcoid/temp/60/quic_client_test_max0.iev,0.0,0.0
676,quant,client,quic_client_test_no_odci0,,server_return_code(134)+timeout,/home/chris/Toward-verification-of-QUIC-extensions/installer/TVOQE/results/errors/server/local/mvfst_server_newcoid/temp/1134/quic_client_test_no_odci0.iev,0.0,0.0
677,quant,client,quic_client_test_tp_error0,,server_return_code(134)+timeout,/home/chris/Toward-verification-of-QUIC-extensions/installer/TVOQE/results/errors/server/local/mvfst_server_newcoid/temp/254/quic_client_test_tp_error0.iev,0.0,0.0
678,quant,client,quic_client_test_newcoid_zero_error0,,server_return_code(134)+timeout,/home/chris/Toward-verification-of-QUIC-extensions/installer/TVOQE/results/errors/server/local/mvfst_server_newcoid/temp/814/quic_client_test_newcoid_zero_error0.iev,0.0,0.0
679,quant,client,quic_client_test_max0,,ivy_return_code(127)+,/home/chris/Toward-verification-of-QUIC-extensions/installer/TVOQE/results/errors/server/local/mvfst_server_newcoid/temp/34/quic_client_test_max0.iev,0.0,0.0
680,quant,client,quic_client_test_newcoid_zero_error0,,server_return_code(134)+timeout,/home/chris/Toward-verification-of-QUIC-extensions/installer/TVOQE/results/errors/server/local/mvfst_server_newcoid/temp/842/quic_client_test_newcoid_zero_error0.iev,0.0,0.0
681,quant,client,quic_client_test_blocked_streams_maxstream_error0,,server_return_code(134)+timeout,/home/chris/Toward-verification-of-QUIC-extensions/installer/TVOQE/results/errors/server/local/mvfst_server_newcoid/temp/718/quic_client_test_blocked_streams_maxstream_error0.iev,0.0,0.0
682,quant,client,quic_client_test_ext_min_ack_delay0,,server_return_code(134)+timeout,/home/chris/Toward-verification-of-QUIC-extensions/installer/TVOQE/results/errors/server/local/mvfst_server_newcoid/temp/1221/quic_client_test_ext_min_ack_delay0.iev,0.0,0.0
683,quant,client,quic_client_test_accept_maxdata0,,ivy_return_code(127)+,/home/chris/Toward-verification-of-QUIC-extensions/installer/TVOQE/results/errors/server/local/mvfst_server_newcoid/temp/920/quic_client_test_accept_maxdata0.iev,0.0,0.0
684,quant,client,quic_client_test_newcoid_zero_error0,,server_return_code(134)+timeout,/home/chris/Toward-verification-of-QUIC-extensions/installer/TVOQE/results/errors/server/local/mvfst_server_newcoid/temp/868/quic_client_test_newcoid_zero_error0.iev,0.0,0.0
685,quant,client,quic_client_test_tp_prefadd_error0,,server_return_code(134)+timeout,/home/chris/Toward-verification-of-QUIC-extensions/installer/TVOQE/results/errors/server/local/mvfst_server_newcoid/temp/1040/quic_client_test_tp_prefadd_error0.iev,0.0,0.0
686,quant,client,quic_client_test_tp_acticoid_error0,,server_return_code(134)+timeout,/home/chris/Toward-verification-of-QUIC-extensions/installer/TVOQE/results/errors/server/local/mvfst_server_newcoid/temp/523/quic_client_test_tp_acticoid_error0.iev,0.0,0.0
687,quant,client,quic_client_test_tp_acticoid_error0,,server_return_code(134)+timeout,/home/chris/Toward-verification-of-QUIC-extensions/installer/TVOQE/results/errors/server/local/mvfst_server_newcoid/temp/569/quic_client_test_tp_acticoid_error0.iev,0.0,0.0
688,quant,client,quic_client_test_double_tp_error0,,server_return_code(134)+timeout,/home/chris/Toward-verification-of-QUIC-extensions/installer/TVOQE/results/errors/server/local/mvfst_server_newcoid/temp/444/quic_client_test_double_tp_error0.iev,0.0,0.0
689,quant,client,quic_client_test_newcoid_zero_error0,,server_return_code(134)+timeout,/home/chris/Toward-verification-of-QUIC-extensions/installer/TVOQE/results/errors/server/local/mvfst_server_newcoid/temp/864/quic_client_test_newcoid_zero_error0.iev,0.0,0.0
690,quant,client,quic_client_test_double_tp_error0,,server_return_code(134)+timeout,/home/chris/Toward-verification-of-QUIC-extensions/installer/TVOQE/results/errors/server/local/mvfst_server_newcoid/temp/400/quic_client_test_double_tp_error0.iev,0.0,0.0
691,quant,client,quic_client_test_ext_min_ack_delay0,,server_return_code(134)+timeout,/home/chris/Toward-verification-of-QUIC-extensions/installer/TVOQE/results/errors/server/local/mvfst_server_newcoid/temp/1225/quic_client_test_ext_min_ack_delay0.iev,0.0,0.0
692,quant,client,quic_client_test_tp_prefadd_error0,,server_return_code(134)+timeout,/home/chris/Toward-verification-of-QUIC-extensions/installer/TVOQE/results/errors/server/local/mvfst_server_newcoid/temp/1001/quic_client_test_tp_prefadd_error0.iev,0.0,0.0
693,quant,client,quic_client_test_no_odci0,,server_return_code(134)+timeout,/home/chris/Toward-verification-of-QUIC-extensions/installer/TVOQE/results/errors/server/local/mvfst_server_newcoid/temp/1188/quic_client_test_no_odci0.iev,0.0,0.0
694,quant,client,quic_client_test_newcoid_zero_error0,,server_return_code(134)+timeout,/home/chris/Toward-verification-of-QUIC-extensions/installer/TVOQE/results/errors/server/local/mvfst_server_newcoid/temp/882/quic_client_test_newcoid_zero_error0.iev,0.0,0.0
695,quant,client,quic_client_test_double_tp_error0,,server_return_code(134)+timeout,/home/chris/Toward-verification-of-QUIC-extensions/installer/TVOQE/results/errors/server/local/mvfst_server_newcoid/temp/493/quic_client_test_double_tp_error0.iev,0.0,0.0
696,quant,client,quic_client_test_newcoid_zero_error0,,server_return_code(134)+timeout,/home/chris/Toward-verification-of-QUIC-extensions/installer/TVOQE/results/errors/server/local/mvfst_server_newcoid/temp/898/quic_client_test_newcoid_zero_error0.iev,0.0,0.0
697,quant,client,quic_client_test_accept_maxdata0,,ivy_return_code(127)+,/home/chris/Toward-verification-of-QUIC-extensions/installer/TVOQE/results/errors/server/local/mvfst_server_newcoid/temp/922/quic_client_test_accept_maxdata0.iev,0.0,0.0
698,quant,client,quic_client_test_no_odci0,,server_return_code(134)+timeout,/home/chris/Toward-verification-of-QUIC-extensions/installer/TVOQE/results/errors/server/local/mvfst_server_newcoid/temp/1166/quic_client_test_no_odci0.iev,0.0,0.0
699,quant,client,quic_client_test_max0,,ivy_return_code(127)+,/home/chris/Toward-verification-of-QUIC-extensions/installer/TVOQE/results/errors/server/local/mvfst_server_newcoid/temp/9/quic_client_test_max0.iev,0.0,0.0
700,quant,client,quic_client_test_ext_min_ack_delay0,,server_return_code(134)+timeout,/home/chris/Toward-verification-of-QUIC-extensions/installer/TVOQE/results/errors/server/local/mvfst_server_newcoid/temp/1244/quic_client_test_ext_min_ack_delay0.iev,0.0,0.0
701,quant,client,quic_client_test_accept_maxdata0,,ivy_return_code(127)+,/home/chris/Toward-verification-of-QUIC-extensions/installer/TVOQE/results/errors/server/local/mvfst_server_newcoid/temp/931/quic_client_test_accept_maxdata0.iev,0.0,0.0
702,quant,client,quic_client_test_newcoid_zero_error0,,server_return_code(134)+timeout,/home/chris/Toward-verification-of-QUIC-extensions/installer/TVOQE/results/errors/server/local/mvfst_server_newcoid/temp/809/quic_client_test_newcoid_zero_error0.iev,0.0,0.0
703,quant,client,quic_client_test_tp_error0,,server_return_code(134)+timeout,/home/chris/Toward-verification-of-QUIC-extensions/installer/TVOQE/results/errors/server/local/mvfst_server_newcoid/temp/262/quic_client_test_tp_error0.iev,0.0,0.0
704,quant,client,quic_client_test_blocked_streams_maxstream_error0,,server_return_code(134)+timeout,/home/chris/Toward-verification-of-QUIC-extensions/installer/TVOQE/results/errors/server/local/mvfst_server_newcoid/temp/739/quic_client_test_blocked_streams_maxstream_error0.iev,0.0,0.0
705,quant,client,quic_client_test_max0,,ivy_return_code(127)+,/home/chris/Toward-verification-of-QUIC-extensions/installer/TVOQE/results/errors/server/local/mvfst_server_newcoid/temp/70/quic_client_test_max0.iev,0.0,0.0
706,quant,client,quic_client_test_max0,,ivy_return_code(127)+,/home/chris/Toward-verification-of-QUIC-extensions/installer/TVOQE/results/errors/server/local/mvfst_server_newcoid/temp/6/quic_client_test_max0.iev,0.0,0.0
707,quant,client,quic_client_test_double_tp_error0,,server_return_code(134)+timeout,/home/chris/Toward-verification-of-QUIC-extensions/installer/TVOQE/results/errors/server/local/mvfst_server_newcoid/temp/440/quic_client_test_double_tp_error0.iev,0.0,0.0
708,quant,client,quic_client_test_tp_acticoid_error0,,server_return_code(134)+timeout,/home/chris/Toward-verification-of-QUIC-extensions/installer/TVOQE/results/errors/server/local/mvfst_server_newcoid/temp/579/quic_client_test_tp_acticoid_error0.iev,0.0,0.0
709,quant,client,quic_client_test_newcoid_zero_error0,,server_return_code(134)+timeout,/home/chris/Toward-verification-of-QUIC-extensions/installer/TVOQE/results/errors/server/local/mvfst_server_newcoid/temp/833/quic_client_test_newcoid_zero_error0.iev,0.0,0.0
710,quant,client,quic_client_test_tp_limit_acticoid_error0,,server_return_code(134)+timeout,/home/chris/Toward-verification-of-QUIC-extensions/installer/TVOQE/results/errors/server/local/mvfst_server_newcoid/temp/686/quic_client_test_tp_limit_acticoid_error0.iev,0.0,0.0
711,quant,client,quic_client_test_tp_error0,,server_return_code(134)+timeout,/home/chris/Toward-verification-of-QUIC-extensions/installer/TVOQE/results/errors/server/local/mvfst_server_newcoid/temp/292/quic_client_test_tp_error0.iev,0.0,0.0
712,quant,client,quic_client_test_max0,,ivy_return_code(127)+,/home/chris/Toward-verification-of-QUIC-extensions/installer/TVOQE/results/errors/server/local/mvfst_server_newcoid/temp/25/quic_client_test_max0.iev,0.0,0.0
713,quant,client,quic_client_test_ext_min_ack_delay0,,server_return_code(134)+timeout,/home/chris/Toward-verification-of-QUIC-extensions/installer/TVOQE/results/errors/server/local/mvfst_server_newcoid/temp/1288/quic_client_test_ext_min_ack_delay0.iev,0.0,0.0
714,quant,client,quic_client_test_blocked_streams_maxstream_error0,,server_return_code(134)+timeout,/home/chris/Toward-verification-of-QUIC-extensions/installer/TVOQE/results/errors/server/local/mvfst_server_newcoid/temp/769/quic_client_test_blocked_streams_maxstream_error0.iev,0.0,0.0
715,quant,client,quic_client_test_tp_error0,,server_return_code(134)+timeout,/home/chris/Toward-verification-of-QUIC-extensions/installer/TVOQE/results/errors/server/local/mvfst_server_newcoid/temp/281/quic_client_test_tp_error0.iev,0.0,0.0
716,quant,client,quic_client_test_newcoid_zero_error0,,server_return_code(134)+timeout,/home/chris/Toward-verification-of-QUIC-extensions/installer/TVOQE/results/errors/server/local/mvfst_server_newcoid/temp/825/quic_client_test_newcoid_zero_error0.iev,0.0,0.0
717,quant,client,quic_client_test_no_odci0,,server_return_code(134)+timeout,/home/chris/Toward-verification-of-QUIC-extensions/installer/TVOQE/results/errors/server/local/mvfst_server_newcoid/temp/1151/quic_client_test_no_odci0.iev,0.0,0.0
718,quant,client,quic_client_test_no_odci0,,server_return_code(134)+timeout,/home/chris/Toward-verification-of-QUIC-extensions/installer/TVOQE/results/errors/server/local/mvfst_server_newcoid/temp/1123/quic_client_test_no_odci0.iev,0.0,0.0
719,quant,client,quic_client_test_ext_min_ack_delay0,,server_return_code(134)+timeout,/home/chris/Toward-verification-of-QUIC-extensions/installer/TVOQE/results/errors/server/local/mvfst_server_newcoid/temp/1243/quic_client_test_ext_min_ack_delay0.iev,0.0,0.0
720,quant,client,quic_client_test_ext_min_ack_delay0,,server_return_code(134)+timeout,/home/chris/Toward-verification-of-QUIC-extensions/installer/TVOQE/results/errors/server/local/mvfst_server_newcoid/temp/1263/quic_client_test_ext_min_ack_delay0.iev,0.0,0.0
721,quant,client,quic_client_test_tp_acticoid_error0,,server_return_code(134)+timeout,/home/chris/Toward-verification-of-QUIC-extensions/installer/TVOQE/results/errors/server/local/mvfst_server_newcoid/temp/504/quic_client_test_tp_acticoid_error0.iev,0.0,0.0
722,quant,client,quic_client_test_max0,,ivy_return_code(127)+,/home/chris/Toward-verification-of-QUIC-extensions/installer/TVOQE/results/errors/server/local/mvfst_server_newcoid/temp/64/quic_client_test_max0.iev,0.0,0.0
723,quant,client,quic_client_test_ext_min_ack_delay0,,server_return_code(134)+timeout,/home/chris/Toward-verification-of-QUIC-extensions/installer/TVOQE/results/errors/server/local/mvfst_server_newcoid/temp/1255/quic_client_test_ext_min_ack_delay0.iev,0.0,0.0
724,quant,client,quic_client_test_no_odci0,,server_return_code(134)+timeout,/home/chris/Toward-verification-of-QUIC-extensions/installer/TVOQE/results/errors/server/local/mvfst_server_newcoid/temp/1196/quic_client_test_no_odci0.iev,0.0,0.0
725,quant,client,quic_client_test_tp_error0,,server_return_code(134)+timeout,/home/chris/Toward-verification-of-QUIC-extensions/installer/TVOQE/results/errors/server/local/mvfst_server_newcoid/temp/264/quic_client_test_tp_error0.iev,0.0,0.0
726,quant,client,quic_client_test_blocked_streams_maxstream_error0,,server_return_code(134)+timeout,/home/chris/Toward-verification-of-QUIC-extensions/installer/TVOQE/results/errors/server/local/mvfst_server_newcoid/temp/714/quic_client_test_blocked_streams_maxstream_error0.iev,0.0,0.0
727,quant,client,quic_client_test_accept_maxdata0,,ivy_return_code(127)+,/home/chris/Toward-verification-of-QUIC-extensions/installer/TVOQE/results/errors/server/local/mvfst_server_newcoid/temp/967/quic_client_test_accept_maxdata0.iev,0.0,0.0
728,quant,client,quic_client_test_accept_maxdata0,,ivy_return_code(127)+,/home/chris/Toward-verification-of-QUIC-extensions/installer/TVOQE/results/errors/server/local/mvfst_server_newcoid/temp/975/quic_client_test_accept_maxdata0.iev,0.0,0.0
729,quant,client,quic_client_test_tp_error0,,server_return_code(134)+timeout,/home/chris/Toward-verification-of-QUIC-extensions/installer/TVOQE/results/errors/server/local/mvfst_server_newcoid/temp/200/quic_client_test_tp_error0.iev,0.0,0.0
730,quant,client,quic_client_test_max0,,ivy_return_code(127)+,/home/chris/Toward-verification-of-QUIC-extensions/installer/TVOQE/results/errors/server/local/mvfst_server_newcoid/temp/94/quic_client_test_max0.iev,0.0,0.0
731,quant,client,quic_client_test_tp_limit_acticoid_error0,,server_return_code(134)+timeout,/home/chris/Toward-verification-of-QUIC-extensions/installer/TVOQE/results/errors/server/local/mvfst_server_newcoid/temp/618/quic_client_test_tp_limit_acticoid_error0.iev,0.0,0.0
732,quant,client,quic_client_test_max0,,ivy_return_code(127)+,/home/chris/Toward-verification-of-QUIC-extensions/installer/TVOQE/results/errors/server/local/mvfst_server_newcoid/temp/96/quic_client_test_max0.iev,0.0,0.0
733,quant,client,quic_client_test_no_odci0,,server_return_code(134)+timeout,/home/chris/Toward-verification-of-QUIC-extensions/installer/TVOQE/results/errors/server/local/mvfst_server_newcoid/temp/1186/quic_client_test_no_odci0.iev,0.0,0.0
734,quant,client,quic_client_test_blocked_streams_maxstream_error0,,server_return_code(134)+timeout,/home/chris/Toward-verification-of-QUIC-extensions/installer/TVOQE/results/errors/server/local/mvfst_server_newcoid/temp/746/quic_client_test_blocked_streams_maxstream_error0.iev,0.0,0.0
735,quant,client,quic_client_test_no_odci0,,server_return_code(134)+timeout,/home/chris/Toward-verification-of-QUIC-extensions/installer/TVOQE/results/errors/server/local/mvfst_server_newcoid/temp/1128/quic_client_test_no_odci0.iev,0.0,0.0
736,quant,client,quic_client_test_max0,,ivy_return_code(127)+,/home/chris/Toward-verification-of-QUIC-extensions/installer/TVOQE/results/errors/server/local/mvfst_server_newcoid/temp/17/quic_client_test_max0.iev,0.0,0.0
737,quant,client,quic_client_test_blocked_streams_maxstream_error0,,server_return_code(134)+timeout,/home/chris/Toward-verification-of-QUIC-extensions/installer/TVOQE/results/errors/server/local/mvfst_server_newcoid/temp/704/quic_client_test_blocked_streams_maxstream_error0.iev,0.0,0.0
738,quant,client,quic_client_test_max0,,ivy_return_code(127)+,/home/chris/Toward-verification-of-QUIC-extensions/installer/TVOQE/results/errors/server/local/mvfst_server_newcoid/temp/67/quic_client_test_max0.iev,0.0,0.0
739,quant,client,quic_client_test_accept_maxdata0,,ivy_return_code(127)+,/home/chris/Toward-verification-of-QUIC-extensions/installer/TVOQE/results/errors/server/local/mvfst_server_newcoid/temp/907/quic_client_test_accept_maxdata0.iev,0.0,0.0
740,quant,client,quic_client_test_accept_maxdata0,,ivy_return_code(127)+,/home/chris/Toward-verification-of-QUIC-extensions/installer/TVOQE/results/errors/server/local/mvfst_server_newcoid/temp/919/quic_client_test_accept_maxdata0.iev,0.0,0.0
741,quant,client,quic_client_test_tp_acticoid_error0,,server_return_code(134)+timeout,/home/chris/Toward-verification-of-QUIC-extensions/installer/TVOQE/results/errors/server/local/mvfst_server_newcoid/temp/582/quic_client_test_tp_acticoid_error0.iev,0.0,0.0
742,quant,client,quic_client_test_tp_error0,,server_return_code(134)+timeout,/home/chris/Toward-verification-of-QUIC-extensions/installer/TVOQE/results/errors/server/local/mvfst_server_newcoid/temp/225/quic_client_test_tp_error0.iev,0.0,0.0
743,quant,client,quic_client_test_tp_limit_acticoid_error0,,server_return_code(134)+timeout,/home/chris/Toward-verification-of-QUIC-extensions/installer/TVOQE/results/errors/server/local/mvfst_server_newcoid/temp/633/quic_client_test_tp_limit_acticoid_error0.iev,0.0,0.0
744,quant,client,quic_client_test_accept_maxdata0,,ivy_return_code(127)+,/home/chris/Toward-verification-of-QUIC-extensions/installer/TVOQE/results/errors/server/local/mvfst_server_newcoid/temp/982/quic_client_test_accept_maxdata0.iev,0.0,0.0
745,quant,client,quic_client_test_accept_maxdata0,,ivy_return_code(127)+,/home/chris/Toward-verification-of-QUIC-extensions/installer/TVOQE/results/errors/server/local/mvfst_server_newcoid/temp/983/quic_client_test_accept_maxdata0.iev,0.0,0.0
746,quant,client,quic_client_test_blocked_streams_maxstream_error0,,server_return_code(134)+timeout,/home/chris/Toward-verification-of-QUIC-extensions/installer/TVOQE/results/errors/server/local/mvfst_server_newcoid/temp/795/quic_client_test_blocked_streams_maxstream_error0.iev,0.0,0.0
747,quant,client,quic_client_test_tp_limit_acticoid_error0,,server_return_code(134)+timeout,/home/chris/Toward-verification-of-QUIC-extensions/installer/TVOQE/results/errors/server/local/mvfst_server_newcoid/temp/693/quic_client_test_tp_limit_acticoid_error0.iev,0.0,0.0
748,quant,client,quic_client_test_tp_limit_acticoid_error0,,server_return_code(134)+timeout,/home/chris/Toward-verification-of-QUIC-extensions/installer/TVOQE/results/errors/server/local/mvfst_server_newcoid/temp/691/quic_client_test_tp_limit_acticoid_error0.iev,0.0,0.0
749,quant,client,quic_client_test_ext_min_ack_delay0,,server_return_code(134)+timeout,/home/chris/Toward-verification-of-QUIC-extensions/installer/TVOQE/results/errors/server/local/mvfst_server_newcoid/temp/1291/quic_client_test_ext_min_ack_delay0.iev,0.0,0.0
750,quant,client,quic_client_test_tp_prefadd_error0,,server_return_code(134)+timeout,/home/chris/Toward-verification-of-QUIC-extensions/installer/TVOQE/results/errors/server/local/mvfst_server_newcoid/temp/1084/quic_client_test_tp_prefadd_error0.iev,0.0,0.0
751,quant,client,quic_client_test_newcoid_zero_error0,,server_return_code(134)+timeout,/home/chris/Toward-verification-of-QUIC-extensions/installer/TVOQE/results/errors/server/local/mvfst_server_newcoid/temp/815/quic_client_test_newcoid_zero_error0.iev,0.0,0.0
752,quant,client,quic_client_test_tp_acticoid_error0,,server_return_code(134)+timeout,/home/chris/Toward-verification-of-QUIC-extensions/installer/TVOQE/results/errors/server/local/mvfst_server_newcoid/temp/557/quic_client_test_tp_acticoid_error0.iev,0.0,0.0
753,quant,client,quic_client_test_tp_prefadd_error0,,server_return_code(134)+timeout,/home/chris/Toward-verification-of-QUIC-extensions/installer/TVOQE/results/errors/server/local/mvfst_server_newcoid/temp/1074/quic_client_test_tp_prefadd_error0.iev,0.0,0.0
754,quant,client,quic_client_test_max0,,ivy_return_code(127)+,/home/chris/Toward-verification-of-QUIC-extensions/installer/TVOQE/results/errors/server/local/mvfst_server_newcoid/temp/20/quic_client_test_max0.iev,0.0,0.0
755,quant,client,quic_client_test_double_tp_error0,,server_return_code(134)+timeout,/home/chris/Toward-verification-of-QUIC-extensions/installer/TVOQE/results/errors/server/local/mvfst_server_newcoid/temp/404/quic_client_test_double_tp_error0.iev,0.0,0.0
756,quant,client,quic_client_test_blocked_streams_maxstream_error0,,server_return_code(134)+timeout,/home/chris/Toward-verification-of-QUIC-extensions/installer/TVOQE/results/errors/server/local/mvfst_server_newcoid/temp/789/quic_client_test_blocked_streams_maxstream_error0.iev,0.0,0.0
757,quant,client,quic_client_test_accept_maxdata0,,ivy_return_code(127)+,/home/chris/Toward-verification-of-QUIC-extensions/installer/TVOQE/results/errors/server/local/mvfst_server_newcoid/temp/905/quic_client_test_accept_maxdata0.iev,0.0,0.0
758,quant,client,quic_client_test_newcoid_zero_error0,,server_return_code(134)+timeout,/home/chris/Toward-verification-of-QUIC-extensions/installer/TVOQE/results/errors/server/local/mvfst_server_newcoid/temp/874/quic_client_test_newcoid_zero_error0.iev,0.0,0.0
759,quant,client,quic_client_test_double_tp_error0,,server_return_code(134)+timeout,/home/chris/Toward-verification-of-QUIC-extensions/installer/TVOQE/results/errors/server/local/mvfst_server_newcoid/temp/462/quic_client_test_double_tp_error0.iev,0.0,0.0
760,quant,client,quic_client_test_newcoid_zero_error0,,server_return_code(134)+timeout,/home/chris/Toward-verification-of-QUIC-extensions/installer/TVOQE/results/errors/server/local/mvfst_server_newcoid/temp/820/quic_client_test_newcoid_zero_error0.iev,0.0,0.0
761,quant,client,quic_client_test_ext_min_ack_delay0,,server_return_code(134)+timeout,/home/chris/Toward-verification-of-QUIC-extensions/installer/TVOQE/results/errors/server/local/mvfst_server_newcoid/temp/1246/quic_client_test_ext_min_ack_delay0.iev,0.0,0.0
762,quant,client,quic_client_test_double_tp_error0,,server_return_code(134)+timeout,/home/chris/Toward-verification-of-QUIC-extensions/installer/TVOQE/results/errors/server/local/mvfst_server_newcoid/temp/474/quic_client_test_double_tp_error0.iev,0.0,0.0
763,quant,client,quic_client_test_double_tp_error0,,server_return_code(134)+timeout,/home/chris/Toward-verification-of-QUIC-extensions/installer/TVOQE/results/errors/server/local/mvfst_server_newcoid/temp/470/quic_client_test_double_tp_error0.iev,0.0,0.0
764,quant,client,quic_client_test_tp_error0,,server_return_code(134)+timeout,/home/chris/Toward-verification-of-QUIC-extensions/installer/TVOQE/results/errors/server/local/mvfst_server_newcoid/temp/250/quic_client_test_tp_error0.iev,0.0,0.0
765,quant,client,quic_client_test_tp_prefadd_error0,,server_return_code(134)+timeout,/home/chris/Toward-verification-of-QUIC-extensions/installer/TVOQE/results/errors/server/local/mvfst_server_newcoid/temp/1098/quic_client_test_tp_prefadd_error0.iev,0.0,0.0
766,quant,client,quic_client_test_accept_maxdata0,,ivy_return_code(127)+,/home/chris/Toward-verification-of-QUIC-extensions/installer/TVOQE/results/errors/server/local/mvfst_server_newcoid/temp/994/quic_client_test_accept_maxdata0.iev,0.0,0.0
767,quant,client,quic_client_test_newcoid_zero_error0,,server_return_code(134)+timeout,/home/chris/Toward-verification-of-QUIC-extensions/installer/TVOQE/results/errors/server/local/mvfst_server_newcoid/temp/896/quic_client_test_newcoid_zero_error0.iev,0.0,0.0
768,quant,client,quic_client_test_tp_prefadd_error0,,server_return_code(134)+timeout,/home/chris/Toward-verification-of-QUIC-extensions/installer/TVOQE/results/errors/server/local/mvfst_server_newcoid/temp/1093/quic_client_test_tp_prefadd_error0.iev,0.0,0.0
769,quant,client,quic_client_test_tp_prefadd_error0,,server_return_code(134)+timeout,/home/chris/Toward-verification-of-QUIC-extensions/installer/TVOQE/results/errors/server/local/mvfst_server_newcoid/temp/1091/quic_client_test_tp_prefadd_error0.iev,0.0,0.0
770,quant,client,quic_client_test_double_tp_error0,,server_return_code(134)+timeout,/home/chris/Toward-verification-of-QUIC-extensions/installer/TVOQE/results/errors/server/local/mvfst_server_newcoid/temp/420/quic_client_test_double_tp_error0.iev,0.0,0.0
771,quant,client,quic_client_test_max0,,ivy_return_code(127)+,/home/chris/Toward-verification-of-QUIC-extensions/installer/TVOQE/results/errors/server/local/mvfst_server_newcoid/temp/45/quic_client_test_max0.iev,0.0,0.0
772,quant,client,quic_client_test_tp_error0,,server_return_code(134)+timeout,/home/chris/Toward-verification-of-QUIC-extensions/installer/TVOQE/results/errors/server/local/mvfst_server_newcoid/temp/213/quic_client_test_tp_error0.iev,0.0,0.0
773,quant,client,quic_client_test_blocked_streams_maxstream_error0,,server_return_code(134)+timeout,/home/chris/Toward-verification-of-QUIC-extensions/installer/TVOQE/results/errors/server/local/mvfst_server_newcoid/temp/749/quic_client_test_blocked_streams_maxstream_error0.iev,0.0,0.0
774,quant,client,quic_client_test_blocked_streams_maxstream_error0,,server_return_code(134)+timeout,/home/chris/Toward-verification-of-QUIC-extensions/installer/TVOQE/results/errors/server/local/mvfst_server_newcoid/temp/762/quic_client_test_blocked_streams_maxstream_error0.iev,0.0,0.0
775,quant,client,quic_client_test_tp_prefadd_error0,,server_return_code(134)+timeout,/home/chris/Toward-verification-of-QUIC-extensions/installer/TVOQE/results/errors/server/local/mvfst_server_newcoid/temp/1058/quic_client_test_tp_prefadd_error0.iev,0.0,0.0
776,quant,client,quic_client_test_no_odci0,,server_return_code(134)+timeout,/home/chris/Toward-verification-of-QUIC-extensions/installer/TVOQE/results/errors/server/local/mvfst_server_newcoid/temp/1193/quic_client_test_no_odci0.iev,0.0,0.0
777,quant,client,quic_client_test_tp_acticoid_error0,,server_return_code(134)+timeout,/home/chris/Toward-verification-of-QUIC-extensions/installer/TVOQE/results/errors/server/local/mvfst_server_newcoid/temp/510/quic_client_test_tp_acticoid_error0.iev,0.0,0.0
778,quant,client,quic_client_test_blocked_streams_maxstream_error0,,server_return_code(134)+timeout,/home/chris/Toward-verification-of-QUIC-extensions/installer/TVOQE/results/errors/server/local/mvfst_server_newcoid/temp/724/quic_client_test_blocked_streams_maxstream_error0.iev,0.0,0.0
779,quant,client,quic_client_test_newcoid_zero_error0,,server_return_code(134)+timeout,/home/chris/Toward-verification-of-QUIC-extensions/installer/TVOQE/results/errors/server/local/mvfst_server_newcoid/temp/855/quic_client_test_newcoid_zero_error0.iev,0.0,0.0
780,quant,client,quic_client_test_tp_limit_acticoid_error0,,server_return_code(134)+timeout,/home/chris/Toward-verification-of-QUIC-extensions/installer/TVOQE/results/errors/server/local/mvfst_server_newcoid/temp/682/quic_client_test_tp_limit_acticoid_error0.iev,0.0,0.0
781,quant,client,quic_client_test_tp_error0,,server_return_code(134)+timeout,/home/chris/Toward-verification-of-QUIC-extensions/installer/TVOQE/results/errors/server/local/mvfst_server_newcoid/temp/239/quic_client_test_tp_error0.iev,0.0,0.0
782,quant,client,quic_client_test_tp_limit_acticoid_error0,,server_return_code(134)+timeout,/home/chris/Toward-verification-of-QUIC-extensions/installer/TVOQE/results/errors/server/local/mvfst_server_newcoid/temp/641/quic_client_test_tp_limit_acticoid_error0.iev,0.0,0.0
783,quant,client,quic_client_test_newcoid_zero_error0,,server_return_code(134)+timeout,/home/chris/Toward-verification-of-QUIC-extensions/installer/TVOQE/results/errors/server/local/mvfst_server_newcoid/temp/890/quic_client_test_newcoid_zero_error0.iev,0.0,0.0
784,quant,client,quic_client_test_newcoid_zero_error0,,server_return_code(134)+timeout,/home/chris/Toward-verification-of-QUIC-extensions/installer/TVOQE/results/errors/server/local/mvfst_server_newcoid/temp/876/quic_client_test_newcoid_zero_error0.iev,0.0,0.0
785,quant,client,quic_client_test_tp_prefadd_error0,,server_return_code(134)+timeout,/home/chris/Toward-verification-of-QUIC-extensions/installer/TVOQE/results/errors/server/local/mvfst_server_newcoid/temp/1041/quic_client_test_tp_prefadd_error0.iev,0.0,0.0
786,quant,client,quic_client_test_max0,,ivy_return_code(127)+,/home/chris/Toward-verification-of-QUIC-extensions/installer/TVOQE/results/errors/server/local/mvfst_server_newcoid/temp/0/quic_client_test_max0.iev,0.0,0.0
787,quant,client,quic_client_test_accept_maxdata0,,ivy_return_code(127)+,/home/chris/Toward-verification-of-QUIC-extensions/installer/TVOQE/results/errors/server/local/mvfst_server_newcoid/temp/985/quic_client_test_accept_maxdata0.iev,0.0,0.0
788,quant,client,quic_client_test_tp_error0,,server_return_code(134)+timeout,/home/chris/Toward-verification-of-QUIC-extensions/installer/TVOQE/results/errors/server/local/mvfst_server_newcoid/temp/261/quic_client_test_tp_error0.iev,0.0,0.0
789,quant,client,quic_client_test_tp_error0,,server_return_code(134)+timeout,/home/chris/Toward-verification-of-QUIC-extensions/installer/TVOQE/results/errors/server/local/mvfst_server_newcoid/temp/242/quic_client_test_tp_error0.iev,0.0,0.0
790,quant,client,quic_client_test_blocked_streams_maxstream_error0,,server_return_code(134)+timeout,/home/chris/Toward-verification-of-QUIC-extensions/installer/TVOQE/results/errors/server/local/mvfst_server_newcoid/temp/792/quic_client_test_blocked_streams_maxstream_error0.iev,0.0,0.0
791,quant,client,quic_client_test_accept_maxdata0,,ivy_return_code(127)+,/home/chris/Toward-verification-of-QUIC-extensions/installer/TVOQE/results/errors/server/local/mvfst_server_newcoid/temp/991/quic_client_test_accept_maxdata0.iev,0.0,0.0
792,quant,client,quic_client_test_tp_limit_acticoid_error0,,server_return_code(134)+timeout,/home/chris/Toward-verification-of-QUIC-extensions/installer/TVOQE/results/errors/server/local/mvfst_server_newcoid/temp/681/quic_client_test_tp_limit_acticoid_error0.iev,0.0,0.0
793,quant,client,quic_client_test_newcoid_zero_error0,,server_return_code(134)+timeout,/home/chris/Toward-verification-of-QUIC-extensions/installer/TVOQE/results/errors/server/local/mvfst_server_newcoid/temp/802/quic_client_test_newcoid_zero_error0.iev,0.0,0.0
794,quant,client,quic_client_test_blocked_streams_maxstream_error0,,server_return_code(134)+timeout,/home/chris/Toward-verification-of-QUIC-extensions/installer/TVOQE/results/errors/server/local/mvfst_server_newcoid/temp/763/quic_client_test_blocked_streams_maxstream_error0.iev,0.0,0.0
795,quant,client,quic_client_test_no_odci0,,server_return_code(134)+timeout,/home/chris/Toward-verification-of-QUIC-extensions/installer/TVOQE/results/errors/server/local/mvfst_server_newcoid/temp/1180/quic_client_test_no_odci0.iev,0.0,0.0
796,quant,client,quic_client_test_ext_min_ack_delay0,,server_return_code(134)+timeout,/home/chris/Toward-verification-of-QUIC-extensions/installer/TVOQE/results/errors/server/local/mvfst_server_newcoid/temp/1271/quic_client_test_ext_min_ack_delay0.iev,0.0,0.0
797,quant,client,quic_client_test_double_tp_error0,,server_return_code(134)+timeout,/home/chris/Toward-verification-of-QUIC-extensions/installer/TVOQE/results/errors/server/local/mvfst_server_newcoid/temp/418/quic_client_test_double_tp_error0.iev,0.0,0.0
798,quant,client,quic_client_test_accept_maxdata0,,ivy_return_code(127)+,/home/chris/Toward-verification-of-QUIC-extensions/installer/TVOQE/results/errors/server/local/mvfst_server_newcoid/temp/993/quic_client_test_accept_maxdata0.iev,0.0,0.0
799,quant,client,quic_client_test_accept_maxdata0,,ivy_return_code(127)+,/home/chris/Toward-verification-of-QUIC-extensions/installer/TVOQE/results/errors/server/local/mvfst_server_newcoid/temp/978/quic_client_test_accept_maxdata0.iev,0.0,0.0
800,quant,client,quic_client_test_tp_acticoid_error0,,server_return_code(134)+timeout,/home/chris/Toward-verification-of-QUIC-extensions/installer/TVOQE/results/errors/server/local/mvfst_server_newcoid/temp/530/quic_client_test_tp_acticoid_error0.iev,0.0,0.0
801,quant,client,quic_client_test_blocked_streams_maxstream_error0,,server_return_code(134)+timeout,/home/chris/Toward-verification-of-QUIC-extensions/installer/TVOQE/results/errors/server/local/mvfst_server_newcoid/temp/761/quic_client_test_blocked_streams_maxstream_error0.iev,0.0,0.0
802,quant,client,quic_client_test_max0,,ivy_return_code(127)+,/home/chris/Toward-verification-of-QUIC-extensions/installer/TVOQE/results/errors/server/local/mvfst_server_newcoid/temp/65/quic_client_test_max0.iev,0.0,0.0
803,quant,client,quic_client_test_no_odci0,,server_return_code(134)+timeout,/home/chris/Toward-verification-of-QUIC-extensions/installer/TVOQE/results/errors/server/local/mvfst_server_newcoid/temp/1104/quic_client_test_no_odci0.iev,0.0,0.0
804,quant,client,quic_client_test_double_tp_error0,,server_return_code(134)+timeout,/home/chris/Toward-verification-of-QUIC-extensions/installer/TVOQE/results/errors/server/local/mvfst_server_newcoid/temp/484/quic_client_test_double_tp_error0.iev,0.0,0.0
805,quant,client,quic_client_test_ext_min_ack_delay0,,server_return_code(134)+timeout,/home/chris/Toward-verification-of-QUIC-extensions/installer/TVOQE/results/errors/server/local/mvfst_server_newcoid/temp/1299/quic_client_test_ext_min_ack_delay0.iev,0.0,0.0
806,quant,client,quic_client_test_max0,,ivy_return_code(127)+,/home/chris/Toward-verification-of-QUIC-extensions/installer/TVOQE/results/errors/server/local/mvfst_server_newcoid/temp/54/quic_client_test_max0.iev,0.0,0.0
807,quant,client,quic_client_test_ext_min_ack_delay0,,server_return_code(134)+timeout,/home/chris/Toward-verification-of-QUIC-extensions/installer/TVOQE/results/errors/server/local/mvfst_server_newcoid/temp/1268/quic_client_test_ext_min_ack_delay0.iev,0.0,0.0
808,quant,client,quic_client_test_ext_min_ack_delay0,,server_return_code(134)+timeout,/home/chris/Toward-verification-of-QUIC-extensions/installer/TVOQE/results/errors/server/local/mvfst_server_newcoid/temp/1275/quic_client_test_ext_min_ack_delay0.iev,0.0,0.0
809,quant,client,quic_client_test_tp_error0,,server_return_code(134)+timeout,/home/chris/Toward-verification-of-QUIC-extensions/installer/TVOQE/results/errors/server/local/mvfst_server_newcoid/temp/282/quic_client_test_tp_error0.iev,0.0,0.0
810,quant,client,quic_client_test_no_odci0,,server_return_code(134)+timeout,/home/chris/Toward-verification-of-QUIC-extensions/installer/TVOQE/results/errors/server/local/mvfst_server_newcoid/temp/1184/quic_client_test_no_odci0.iev,0.0,0.0
811,quant,client,quic_client_test_blocked_streams_maxstream_error0,,server_return_code(134)+timeout,/home/chris/Toward-verification-of-QUIC-extensions/installer/TVOQE/results/errors/server/local/mvfst_server_newcoid/temp/735/quic_client_test_blocked_streams_maxstream_error0.iev,0.0,0.0
812,quant,client,quic_client_test_accept_maxdata0,,ivy_return_code(127)+,/home/chris/Toward-verification-of-QUIC-extensions/installer/TVOQE/results/errors/server/local/mvfst_server_newcoid/temp/934/quic_client_test_accept_maxdata0.iev,0.0,0.0
813,quant,client,quic_client_test_newcoid_zero_error0,,server_return_code(134)+timeout,/home/chris/Toward-verification-of-QUIC-extensions/installer/TVOQE/results/errors/server/local/mvfst_server_newcoid/temp/850/quic_client_test_newcoid_zero_error0.iev,0.0,0.0
814,quant,client,quic_client_test_blocked_streams_maxstream_error0,,server_return_code(134)+timeout,/home/chris/Toward-verification-of-QUIC-extensions/installer/TVOQE/results/errors/server/local/mvfst_server_newcoid/temp/798/quic_client_test_blocked_streams_maxstream_error0.iev,0.0,0.0
815,quant,client,quic_client_test_ext_min_ack_delay0,,server_return_code(134)+timeout,/home/chris/Toward-verification-of-QUIC-extensions/installer/TVOQE/results/errors/server/local/mvfst_server_newcoid/temp/1242/quic_client_test_ext_min_ack_delay0.iev,0.0,0.0
816,quant,client,quic_client_test_newcoid_zero_error0,,server_return_code(134)+timeout,/home/chris/Toward-verification-of-QUIC-extensions/installer/TVOQE/results/errors/server/local/mvfst_server_newcoid/temp/878/quic_client_test_newcoid_zero_error0.iev,0.0,0.0
817,quant,client,quic_client_test_tp_limit_acticoid_error0,,server_return_code(134)+timeout,/home/chris/Toward-verification-of-QUIC-extensions/installer/TVOQE/results/errors/server/local/mvfst_server_newcoid/temp/655/quic_client_test_tp_limit_acticoid_error0.iev,0.0,0.0
818,quant,client,quic_client_test_tp_acticoid_error0,,server_return_code(134)+timeout,/home/chris/Toward-verification-of-QUIC-extensions/installer/TVOQE/results/errors/server/local/mvfst_server_newcoid/temp/572/quic_client_test_tp_acticoid_error0.iev,0.0,0.0
819,quant,client,quic_client_test_ext_min_ack_delay0,,server_return_code(134)+timeout,/home/chris/Toward-verification-of-QUIC-extensions/installer/TVOQE/results/errors/server/local/mvfst_server_newcoid/temp/1238/quic_client_test_ext_min_ack_delay0.iev,0.0,0.0
820,quant,client,quic_client_test_ext_min_ack_delay0,,server_return_code(134)+timeout,/home/chris/Toward-verification-of-QUIC-extensions/installer/TVOQE/results/errors/server/local/mvfst_server_newcoid/temp/1274/quic_client_test_ext_min_ack_delay0.iev,0.0,0.0
821,quant,client,quic_client_test_no_odci0,,server_return_code(134)+timeout,/home/chris/Toward-verification-of-QUIC-extensions/installer/TVOQE/results/errors/server/local/mvfst_server_newcoid/temp/1169/quic_client_test_no_odci0.iev,0.0,0.0
822,quant,client,quic_client_test_no_odci0,,server_return_code(134)+timeout,/home/chris/Toward-verification-of-QUIC-extensions/installer/TVOQE/results/errors/server/local/mvfst_server_newcoid/temp/1185/quic_client_test_no_odci0.iev,0.0,0.0
823,quant,client,quic_client_test_tp_error0,,server_return_code(134)+timeout,/home/chris/Toward-verification-of-QUIC-extensions/installer/TVOQE/results/errors/server/local/mvfst_server_newcoid/temp/263/quic_client_test_tp_error0.iev,0.0,0.0
824,quant,client,quic_client_test_double_tp_error0,,server_return_code(134)+timeout,/home/chris/Toward-verification-of-QUIC-extensions/installer/TVOQE/results/errors/server/local/mvfst_server_newcoid/temp/499/quic_client_test_double_tp_error0.iev,0.0,0.0
825,quant,client,quic_client_test_newcoid_zero_error0,,server_return_code(134)+timeout,/home/chris/Toward-verification-of-QUIC-extensions/installer/TVOQE/results/errors/server/local/mvfst_server_newcoid/temp/838/quic_client_test_newcoid_zero_error0.iev,0.0,0.0
826,quant,client,quic_client_test_ext_min_ack_delay0,,server_return_code(134)+timeout,/home/chris/Toward-verification-of-QUIC-extensions/installer/TVOQE/results/errors/server/local/mvfst_server_newcoid/temp/1261/quic_client_test_ext_min_ack_delay0.iev,0.0,0.0
827,quant,client,quic_client_test_blocked_streams_maxstream_error0,,server_return_code(134)+timeout,/home/chris/Toward-verification-of-QUIC-extensions/installer/TVOQE/results/errors/server/local/mvfst_server_newcoid/temp/755/quic_client_test_blocked_streams_maxstream_error0.iev,0.0,0.0
828,quant,client,quic_client_test_ext_min_ack_delay0,,server_return_code(134)+timeout,/home/chris/Toward-verification-of-QUIC-extensions/installer/TVOQE/results/errors/server/local/mvfst_server_newcoid/temp/1298/quic_client_test_ext_min_ack_delay0.iev,0.0,0.0
829,quant,client,quic_client_test_accept_maxdata0,,ivy_return_code(127)+,/home/chris/Toward-verification-of-QUIC-extensions/installer/TVOQE/results/errors/server/local/mvfst_server_newcoid/temp/908/quic_client_test_accept_maxdata0.iev,0.0,0.0
830,quant,client,quic_client_test_double_tp_error0,,server_return_code(134)+timeout,/home/chris/Toward-verification-of-QUIC-extensions/installer/TVOQE/results/errors/server/local/mvfst_server_newcoid/temp/409/quic_client_test_double_tp_error0.iev,0.0,0.0
831,quant,client,quic_client_test_no_odci0,,server_return_code(134)+timeout,/home/chris/Toward-verification-of-QUIC-extensions/installer/TVOQE/results/errors/server/local/mvfst_server_newcoid/temp/1133/quic_client_test_no_odci0.iev,0.0,0.0
832,quant,client,quic_client_test_tp_prefadd_error0,,server_return_code(134)+timeout,/home/chris/Toward-verification-of-QUIC-extensions/installer/TVOQE/results/errors/server/local/mvfst_server_newcoid/temp/1054/quic_client_test_tp_prefadd_error0.iev,0.0,0.0
833,quant,client,quic_client_test_no_odci0,,server_return_code(134)+timeout,/home/chris/Toward-verification-of-QUIC-extensions/installer/TVOQE/results/errors/server/local/mvfst_server_newcoid/temp/1197/quic_client_test_no_odci0.iev,0.0,0.0
834,quant,client,quic_client_test_tp_limit_acticoid_error0,,server_return_code(134)+timeout,/home/chris/Toward-verification-of-QUIC-extensions/installer/TVOQE/results/errors/server/local/mvfst_server_newcoid/temp/653/quic_client_test_tp_limit_acticoid_error0.iev,0.0,0.0
835,quant,client,quic_client_test_max0,,ivy_return_code(127)+,/home/chris/Toward-verification-of-QUIC-extensions/installer/TVOQE/results/errors/server/local/mvfst_server_newcoid/temp/56/quic_client_test_max0.iev,0.0,0.0
836,quant,client,quic_client_test_tp_limit_acticoid_error0,,server_return_code(134)+timeout,/home/chris/Toward-verification-of-QUIC-extensions/installer/TVOQE/results/errors/server/local/mvfst_server_newcoid/temp/675/quic_client_test_tp_limit_acticoid_error0.iev,0.0,0.0
837,quant,client,quic_client_test_max0,,ivy_return_code(127)+,/home/chris/Toward-verification-of-QUIC-extensions/installer/TVOQE/results/errors/server/local/mvfst_server_newcoid/temp/44/quic_client_test_max0.iev,0.0,0.0
838,quant,client,quic_client_test_tp_acticoid_error0,,server_return_code(134)+timeout,/home/chris/Toward-verification-of-QUIC-extensions/installer/TVOQE/results/errors/server/local/mvfst_server_newcoid/temp/567/quic_client_test_tp_acticoid_error0.iev,0.0,0.0
839,quant,client,quic_client_test_accept_maxdata0,,ivy_return_code(127)+,/home/chris/Toward-verification-of-QUIC-extensions/installer/TVOQE/results/errors/server/local/mvfst_server_newcoid/temp/996/quic_client_test_accept_maxdata0.iev,0.0,0.0
840,quant,client,quic_client_test_ext_min_ack_delay0,,server_return_code(134)+timeout,/home/chris/Toward-verification-of-QUIC-extensions/installer/TVOQE/results/errors/server/local/mvfst_server_newcoid/temp/1258/quic_client_test_ext_min_ack_delay0.iev,0.0,0.0
841,quant,client,quic_client_test_tp_acticoid_error0,,server_return_code(134)+timeout,/home/chris/Toward-verification-of-QUIC-extensions/installer/TVOQE/results/errors/server/local/mvfst_server_newcoid/temp/599/quic_client_test_tp_acticoid_error0.iev,0.0,0.0
842,quant,client,quic_client_test_tp_prefadd_error0,,server_return_code(134)+timeout,/home/chris/Toward-verification-of-QUIC-extensions/installer/TVOQE/results/errors/server/local/mvfst_server_newcoid/temp/1045/quic_client_test_tp_prefadd_error0.iev,0.0,0.0
843,quant,client,quic_client_test_no_odci0,,server_return_code(134)+timeout,/home/chris/Toward-verification-of-QUIC-extensions/installer/TVOQE/results/errors/server/local/mvfst_server_newcoid/temp/1117/quic_client_test_no_odci0.iev,0.0,0.0
844,quant,client,quic_client_test_tp_limit_acticoid_error0,,server_return_code(134)+timeout,/home/chris/Toward-verification-of-QUIC-extensions/installer/TVOQE/results/errors/server/local/mvfst_server_newcoid/temp/615/quic_client_test_tp_limit_acticoid_error0.iev,0.0,0.0
845,quant,client,quic_client_test_accept_maxdata0,,ivy_return_code(127)+,/home/chris/Toward-verification-of-QUIC-extensions/installer/TVOQE/results/errors/server/local/mvfst_server_newcoid/temp/913/quic_client_test_accept_maxdata0.iev,0.0,0.0
846,quant,client,quic_client_test_double_tp_error0,,server_return_code(134)+timeout,/home/chris/Toward-verification-of-QUIC-extensions/installer/TVOQE/results/errors/server/local/mvfst_server_newcoid/temp/447/quic_client_test_double_tp_error0.iev,0.0,0.0
847,quant,client,quic_client_test_newcoid_zero_error0,,server_return_code(134)+timeout,/home/chris/Toward-verification-of-QUIC-extensions/installer/TVOQE/results/errors/server/local/mvfst_server_newcoid/temp/866/quic_client_test_newcoid_zero_error0.iev,0.0,0.0
848,quant,client,quic_client_test_double_tp_error0,,server_return_code(134)+timeout,/home/chris/Toward-verification-of-QUIC-extensions/installer/TVOQE/results/errors/server/local/mvfst_server_newcoid/temp/401/quic_client_test_double_tp_error0.iev,0.0,0.0
849,quant,client,quic_client_test_tp_limit_acticoid_error0,,server_return_code(134)+timeout,/home/chris/Toward-verification-of-QUIC-extensions/installer/TVOQE/results/errors/server/local/mvfst_server_newcoid/temp/685/quic_client_test_tp_limit_acticoid_error0.iev,0.0,0.0
850,quant,client,quic_client_test_tp_error0,,server_return_code(134)+timeout,/home/chris/Toward-verification-of-QUIC-extensions/installer/TVOQE/results/errors/server/local/mvfst_server_newcoid/temp/268/quic_client_test_tp_error0.iev,0.0,0.0
851,quant,client,quic_client_test_blocked_streams_maxstream_error0,,server_return_code(134)+timeout,/home/chris/Toward-verification-of-QUIC-extensions/installer/TVOQE/results/errors/server/local/mvfst_server_newcoid/temp/716/quic_client_test_blocked_streams_maxstream_error0.iev,0.0,0.0
852,quant,client,quic_client_test_accept_maxdata0,,ivy_return_code(127)+,/home/chris/Toward-verification-of-QUIC-extensions/installer/TVOQE/results/errors/server/local/mvfst_server_newcoid/temp/971/quic_client_test_accept_maxdata0.iev,0.0,0.0
853,quant,client,quic_client_test_tp_acticoid_error0,,server_return_code(134)+timeout,/home/chris/Toward-verification-of-QUIC-extensions/installer/TVOQE/results/errors/server/local/mvfst_server_newcoid/temp/585/quic_client_test_tp_acticoid_error0.iev,0.0,0.0
854,quant,client,quic_client_test_no_odci0,,server_return_code(134)+timeout,/home/chris/Toward-verification-of-QUIC-extensions/installer/TVOQE/results/errors/server/local/mvfst_server_newcoid/temp/1163/quic_client_test_no_odci0.iev,0.0,0.0
855,quant,client,quic_client_test_blocked_streams_maxstream_error0,,server_return_code(134)+timeout,/home/chris/Toward-verification-of-QUIC-extensions/installer/TVOQE/results/errors/server/local/mvfst_server_newcoid/temp/786/quic_client_test_blocked_streams_maxstream_error0.iev,0.0,0.0
856,quant,client,quic_client_test_ext_min_ack_delay0,,server_return_code(134)+timeout,/home/chris/Toward-verification-of-QUIC-extensions/installer/TVOQE/results/errors/server/local/mvfst_server_newcoid/temp/1223/quic_client_test_ext_min_ack_delay0.iev,0.0,0.0
857,quant,client,quic_client_test_accept_maxdata0,,ivy_return_code(127)+,/home/chris/Toward-verification-of-QUIC-extensions/installer/TVOQE/results/errors/server/local/mvfst_server_newcoid/temp/909/quic_client_test_accept_maxdata0.iev,0.0,0.0
858,quant,client,quic_client_test_ext_min_ack_delay0,,server_return_code(134)+timeout,/home/chris/Toward-verification-of-QUIC-extensions/installer/TVOQE/results/errors/server/local/mvfst_server_newcoid/temp/1254/quic_client_test_ext_min_ack_delay0.iev,0.0,0.0
859,quant,client,quic_client_test_tp_prefadd_error0,,server_return_code(134)+timeout,/home/chris/Toward-verification-of-QUIC-extensions/installer/TVOQE/results/errors/server/local/mvfst_server_newcoid/temp/1060/quic_client_test_tp_prefadd_error0.iev,0.0,0.0
860,quant,client,quic_client_test_newcoid_zero_error0,,server_return_code(134)+timeout,/home/chris/Toward-verification-of-QUIC-extensions/installer/TVOQE/results/errors/server/local/mvfst_server_newcoid/temp/801/quic_client_test_newcoid_zero_error0.iev,0.0,0.0
861,quant,client,quic_client_test_accept_maxdata0,,ivy_return_code(127)+,/home/chris/Toward-verification-of-QUIC-extensions/installer/TVOQE/results/errors/server/local/mvfst_server_newcoid/temp/977/quic_client_test_accept_maxdata0.iev,0.0,0.0
862,quant,client,quic_client_test_tp_acticoid_error0,,server_return_code(134)+timeout,/home/chris/Toward-verification-of-QUIC-extensions/installer/TVOQE/results/errors/server/local/mvfst_server_newcoid/temp/554/quic_client_test_tp_acticoid_error0.iev,0.0,0.0
863,quant,client,quic_client_test_ext_min_ack_delay0,,server_return_code(134)+timeout,/home/chris/Toward-verification-of-QUIC-extensions/installer/TVOQE/results/errors/server/local/mvfst_server_newcoid/temp/1229/quic_client_test_ext_min_ack_delay0.iev,0.0,0.0
864,quant,client,quic_client_test_tp_acticoid_error0,,server_return_code(134)+timeout,/home/chris/Toward-verification-of-QUIC-extensions/installer/TVOQE/results/errors/server/local/mvfst_server_newcoid/temp/526/quic_client_test_tp_acticoid_error0.iev,0.0,0.0
865,quant,client,quic_client_test_blocked_streams_maxstream_error0,,server_return_code(134)+timeout,/home/chris/Toward-verification-of-QUIC-extensions/installer/TVOQE/results/errors/server/local/mvfst_server_newcoid/temp/708/quic_client_test_blocked_streams_maxstream_error0.iev,0.0,0.0
866,quant,client,quic_client_test_tp_prefadd_error0,,server_return_code(134)+timeout,/home/chris/Toward-verification-of-QUIC-extensions/installer/TVOQE/results/errors/server/local/mvfst_server_newcoid/temp/1055/quic_client_test_tp_prefadd_error0.iev,0.0,0.0
867,quant,client,quic_client_test_ext_min_ack_delay0,,server_return_code(134)+timeout,/home/chris/Toward-verification-of-QUIC-extensions/installer/TVOQE/results/errors/server/local/mvfst_server_newcoid/temp/1279/quic_client_test_ext_min_ack_delay0.iev,0.0,0.0
868,quant,client,quic_client_test_tp_limit_acticoid_error0,,server_return_code(134)+timeout,/home/chris/Toward-verification-of-QUIC-extensions/installer/TVOQE/results/errors/server/local/mvfst_server_newcoid/temp/636/quic_client_test_tp_limit_acticoid_error0.iev,0.0,0.0
869,quant,client,quic_client_test_newcoid_zero_error0,,server_return_code(134)+timeout,/home/chris/Toward-verification-of-QUIC-extensions/installer/TVOQE/results/errors/server/local/mvfst_server_newcoid/temp/832/quic_client_test_newcoid_zero_error0.iev,0.0,0.0
870,quant,client,quic_client_test_tp_acticoid_error0,,server_return_code(134)+timeout,/home/chris/Toward-verification-of-QUIC-extensions/installer/TVOQE/results/errors/server/local/mvfst_server_newcoid/temp/508/quic_client_test_tp_acticoid_error0.iev,0.0,0.0
871,quant,client,quic_client_test_tp_error0,,server_return_code(134)+timeout,/home/chris/Toward-verification-of-QUIC-extensions/installer/TVOQE/results/errors/server/local/mvfst_server_newcoid/temp/299/quic_client_test_tp_error0.iev,0.0,0.0
872,quant,client,quic_client_test_max0,,ivy_return_code(127)+,/home/chris/Toward-verification-of-QUIC-extensions/installer/TVOQE/results/errors/server/local/mvfst_server_newcoid/temp/43/quic_client_test_max0.iev,0.0,0.0
873,quant,client,quic_client_test_tp_limit_acticoid_error0,,server_return_code(134)+timeout,/home/chris/Toward-verification-of-QUIC-extensions/installer/TVOQE/results/errors/server/local/mvfst_server_newcoid/temp/696/quic_client_test_tp_limit_acticoid_error0.iev,0.0,0.0
874,quant,client,quic_client_test_ext_min_ack_delay0,,server_return_code(134)+timeout,/home/chris/Toward-verification-of-QUIC-extensions/installer/TVOQE/results/errors/server/local/mvfst_server_newcoid/temp/1206/quic_client_test_ext_min_ack_delay0.iev,0.0,0.0
875,quant,client,quic_client_test_tp_prefadd_error0,,server_return_code(134)+timeout,/home/chris/Toward-verification-of-QUIC-extensions/installer/TVOQE/results/errors/server/local/mvfst_server_newcoid/temp/1035/quic_client_test_tp_prefadd_error0.iev,0.0,0.0
876,quant,client,quic_client_test_blocked_streams_maxstream_error0,,server_return_code(134)+timeout,/home/chris/Toward-verification-of-QUIC-extensions/installer/TVOQE/results/errors/server/local/mvfst_server_newcoid/temp/781/quic_client_test_blocked_streams_maxstream_error0.iev,0.0,0.0
877,quant,client,quic_client_test_newcoid_zero_error0,,server_return_code(134)+timeout,/home/chris/Toward-verification-of-QUIC-extensions/installer/TVOQE/results/errors/server/local/mvfst_server_newcoid/temp/889/quic_client_test_newcoid_zero_error0.iev,0.0,0.0
878,quant,client,quic_client_test_tp_prefadd_error0,,server_return_code(134)+timeout,/home/chris/Toward-verification-of-QUIC-extensions/installer/TVOQE/results/errors/server/local/mvfst_server_newcoid/temp/1013/quic_client_test_tp_prefadd_error0.iev,0.0,0.0
879,quant,client,quic_client_test_ext_min_ack_delay0,,server_return_code(134)+timeout,/home/chris/Toward-verification-of-QUIC-extensions/installer/TVOQE/results/errors/server/local/mvfst_server_newcoid/temp/1262/quic_client_test_ext_min_ack_delay0.iev,0.0,0.0
880,quant,client,quic_client_test_max0,,ivy_return_code(127)+,/home/chris/Toward-verification-of-QUIC-extensions/installer/TVOQE/results/errors/server/local/mvfst_server_newcoid/temp/76/quic_client_test_max0.iev,0.0,0.0
881,quant,client,quic_client_test_tp_acticoid_error0,,server_return_code(134)+timeout,/home/chris/Toward-verification-of-QUIC-extensions/installer/TVOQE/results/errors/server/local/mvfst_server_newcoid/temp/534/quic_client_test_tp_acticoid_error0.iev,0.0,0.0
882,quant,client,quic_client_test_max0,,ivy_return_code(127)+,/home/chris/Toward-verification-of-QUIC-extensions/installer/TVOQE/results/errors/server/local/mvfst_server_newcoid/temp/48/quic_client_test_max0.iev,0.0,0.0
883,quant,client,quic_client_test_tp_limit_acticoid_error0,,server_return_code(134)+timeout,/home/chris/Toward-verification-of-QUIC-extensions/installer/TVOQE/results/errors/server/local/mvfst_server_newcoid/temp/631/quic_client_test_tp_limit_acticoid_error0.iev,0.0,0.0
884,quant,client,quic_client_test_tp_prefadd_error0,,server_return_code(134)+timeout,/home/chris/Toward-verification-of-QUIC-extensions/installer/TVOQE/results/errors/server/local/mvfst_server_newcoid/temp/1089/quic_client_test_tp_prefadd_error0.iev,0.0,0.0
885,quant,client,quic_client_test_no_odci0,,server_return_code(134)+timeout,/home/chris/Toward-verification-of-QUIC-extensions/installer/TVOQE/results/errors/server/local/mvfst_server_newcoid/temp/1125/quic_client_test_no_odci0.iev,0.0,0.0
886,quant,client,quic_client_test_tp_error0,,server_return_code(134)+timeout,/home/chris/Toward-verification-of-QUIC-extensions/installer/TVOQE/results/errors/server/local/mvfst_server_newcoid/temp/203/quic_client_test_tp_error0.iev,0.0,0.0
887,quant,client,quic_client_test_tp_acticoid_error0,,server_return_code(134)+timeout,/home/chris/Toward-verification-of-QUIC-extensions/installer/TVOQE/results/errors/server/local/mvfst_server_newcoid/temp/506/quic_client_test_tp_acticoid_error0.iev,0.0,0.0
888,quant,client,quic_client_test_double_tp_error0,,server_return_code(134)+timeout,/home/chris/Toward-verification-of-QUIC-extensions/installer/TVOQE/results/errors/server/local/mvfst_server_newcoid/temp/465/quic_client_test_double_tp_error0.iev,0.0,0.0
889,quant,client,quic_client_test_tp_limit_acticoid_error0,,server_return_code(134)+timeout,/home/chris/Toward-verification-of-QUIC-extensions/installer/TVOQE/results/errors/server/local/mvfst_server_newcoid/temp/648/quic_client_test_tp_limit_acticoid_error0.iev,0.0,0.0
890,quant,client,quic_client_test_tp_acticoid_error0,,server_return_code(134)+timeout,/home/chris/Toward-verification-of-QUIC-extensions/installer/TVOQE/results/errors/server/local/mvfst_server_newcoid/temp/547/quic_client_test_tp_acticoid_error0.iev,0.0,0.0
891,quant,client,quic_client_test_tp_error0,,server_return_code(134)+timeout,/home/chris/Toward-verification-of-QUIC-extensions/installer/TVOQE/results/errors/server/local/mvfst_server_newcoid/temp/236/quic_client_test_tp_error0.iev,0.0,0.0
892,quant,client,quic_client_test_blocked_streams_maxstream_error0,,server_return_code(134)+timeout,/home/chris/Toward-verification-of-QUIC-extensions/installer/TVOQE/results/errors/server/local/mvfst_server_newcoid/temp/722/quic_client_test_blocked_streams_maxstream_error0.iev,0.0,0.0
893,quant,client,quic_client_test_accept_maxdata0,,ivy_return_code(127)+,/home/chris/Toward-verification-of-QUIC-extensions/installer/TVOQE/results/errors/server/local/mvfst_server_newcoid/temp/987/quic_client_test_accept_maxdata0.iev,0.0,0.0
894,quant,client,quic_client_test_max0,,ivy_return_code(127)+,/home/chris/Toward-verification-of-QUIC-extensions/installer/TVOQE/results/errors/server/local/mvfst_server_newcoid/temp/49/quic_client_test_max0.iev,0.0,0.0
895,quant,client,quic_client_test_newcoid_zero_error0,,server_return_code(134)+timeout,/home/chris/Toward-verification-of-QUIC-extensions/installer/TVOQE/results/errors/server/local/mvfst_server_newcoid/temp/836/quic_client_test_newcoid_zero_error0.iev,0.0,0.0
896,quant,client,quic_client_test_max0,,ivy_return_code(127)+,/home/chris/Toward-verification-of-QUIC-extensions/installer/TVOQE/results/errors/server/local/mvfst_server_newcoid/temp/99/quic_client_test_max0.iev,0.0,0.0
897,quant,client,quic_client_test_double_tp_error0,,server_return_code(134)+timeout,/home/chris/Toward-verification-of-QUIC-extensions/installer/TVOQE/results/errors/server/local/mvfst_server_newcoid/temp/467/quic_client_test_double_tp_error0.iev,0.0,0.0
898,quant,client,quic_client_test_ext_min_ack_delay0,,server_return_code(134)+timeout,/home/chris/Toward-verification-of-QUIC-extensions/installer/TVOQE/results/errors/server/local/mvfst_server_newcoid/temp/1201/quic_client_test_ext_min_ack_delay0.iev,0.0,0.0
899,quant,client,quic_client_test_tp_prefadd_error0,,server_return_code(134)+timeout,/home/chris/Toward-verification-of-QUIC-extensions/installer/TVOQE/results/errors/server/local/mvfst_server_newcoid/temp/1023/quic_client_test_tp_prefadd_error0.iev,0.0,0.0
900,quant,client,quic_client_test_ext_min_ack_delay0,,server_return_code(134)+timeout,/home/chris/Toward-verification-of-QUIC-extensions/installer/TVOQE/results/errors/server/local/mvfst_server_newcoid/temp/1273/quic_client_test_ext_min_ack_delay0.iev,0.0,0.0
901,quant,client,quic_client_test_tp_limit_acticoid_error0,,server_return_code(134)+timeout,/home/chris/Toward-verification-of-QUIC-extensions/installer/TVOQE/results/errors/server/local/mvfst_server_newcoid/temp/632/quic_client_test_tp_limit_acticoid_error0.iev,0.0,0.0
902,quant,client,quic_client_test_tp_error0,,server_return_code(134)+timeout,/home/chris/Toward-verification-of-QUIC-extensions/installer/TVOQE/results/errors/server/local/mvfst_server_newcoid/temp/274/quic_client_test_tp_error0.iev,0.0,0.0
903,quant,client,quic_client_test_tp_acticoid_error0,,server_return_code(134)+timeout,/home/chris/Toward-verification-of-QUIC-extensions/installer/TVOQE/results/errors/server/local/mvfst_server_newcoid/temp/593/quic_client_test_tp_acticoid_error0.iev,0.0,0.0
904,quant,client,quic_client_test_no_odci0,,server_return_code(134)+timeout,/home/chris/Toward-verification-of-QUIC-extensions/installer/TVOQE/results/errors/server/local/mvfst_server_newcoid/temp/1174/quic_client_test_no_odci0.iev,0.0,0.0
905,quant,client,quic_client_test_newcoid_zero_error0,,server_return_code(134)+timeout,/home/chris/Toward-verification-of-QUIC-extensions/installer/TVOQE/results/errors/server/local/mvfst_server_newcoid/temp/848/quic_client_test_newcoid_zero_error0.iev,0.0,0.0
906,quant,client,quic_client_test_tp_prefadd_error0,,server_return_code(134)+timeout,/home/chris/Toward-verification-of-QUIC-extensions/installer/TVOQE/results/errors/server/local/mvfst_server_newcoid/temp/1033/quic_client_test_tp_prefadd_error0.iev,0.0,0.0
907,quant,client,quic_client_test_tp_limit_acticoid_error0,,server_return_code(134)+timeout,/home/chris/Toward-verification-of-QUIC-extensions/installer/TVOQE/results/errors/server/local/mvfst_server_newcoid/temp/689/quic_client_test_tp_limit_acticoid_error0.iev,0.0,0.0
908,quant,client,quic_client_test_newcoid_zero_error0,,server_return_code(134)+timeout,/home/chris/Toward-verification-of-QUIC-extensions/installer/TVOQE/results/errors/server/local/mvfst_server_newcoid/temp/821/quic_client_test_newcoid_zero_error0.iev,0.0,0.0
909,quant,client,quic_client_test_tp_error0,,server_return_code(134)+timeout,/home/chris/Toward-verification-of-QUIC-extensions/installer/TVOQE/results/errors/server/local/mvfst_server_newcoid/temp/226/quic_client_test_tp_error0.iev,0.0,0.0
910,quant,client,quic_client_test_tp_prefadd_error0,,server_return_code(134)+timeout,/home/chris/Toward-verification-of-QUIC-extensions/installer/TVOQE/results/errors/server/local/mvfst_server_newcoid/temp/1025/quic_client_test_tp_prefadd_error0.iev,0.0,0.0
911,quant,client,quic_client_test_tp_limit_acticoid_error0,,server_return_code(134)+timeout,/home/chris/Toward-verification-of-QUIC-extensions/installer/TVOQE/results/errors/server/local/mvfst_server_newcoid/temp/695/quic_client_test_tp_limit_acticoid_error0.iev,0.0,0.0
912,quant,client,quic_client_test_ext_min_ack_delay0,,server_return_code(134)+timeout,/home/chris/Toward-verification-of-QUIC-extensions/installer/TVOQE/results/errors/server/local/mvfst_server_newcoid/temp/1286/quic_client_test_ext_min_ack_delay0.iev,0.0,0.0
913,quant,client,quic_client_test_no_odci0,,server_return_code(134)+timeout,/home/chris/Toward-verification-of-QUIC-extensions/installer/TVOQE/results/errors/server/local/mvfst_server_newcoid/temp/1187/quic_client_test_no_odci0.iev,0.0,0.0
914,quant,client,quic_client_test_tp_error0,,server_return_code(134)+timeout,/home/chris/Toward-verification-of-QUIC-extensions/installer/TVOQE/results/errors/server/local/mvfst_server_newcoid/temp/243/quic_client_test_tp_error0.iev,0.0,0.0
915,quant,client,quic_client_test_max0,,ivy_return_code(127)+,/home/chris/Toward-verification-of-QUIC-extensions/installer/TVOQE/results/errors/server/local/mvfst_server_newcoid/temp/18/quic_client_test_max0.iev,0.0,0.0
916,quant,client,quic_client_test_newcoid_zero_error0,,server_return_code(134)+timeout,/home/chris/Toward-verification-of-QUIC-extensions/installer/TVOQE/results/errors/server/local/mvfst_server_newcoid/temp/846/quic_client_test_newcoid_zero_error0.iev,0.0,0.0
917,quant,client,quic_client_test_tp_error0,,server_return_code(134)+timeout,/home/chris/Toward-verification-of-QUIC-extensions/installer/TVOQE/results/errors/server/local/mvfst_server_newcoid/temp/278/quic_client_test_tp_error0.iev,0.0,0.0
918,quant,client,quic_client_test_tp_acticoid_error0,,server_return_code(134)+timeout,/home/chris/Toward-verification-of-QUIC-extensions/installer/TVOQE/results/errors/server/local/mvfst_server_newcoid/temp/541/quic_client_test_tp_acticoid_error0.iev,0.0,0.0
919,quant,client,quic_client_test_double_tp_error0,,server_return_code(134)+timeout,/home/chris/Toward-verification-of-QUIC-extensions/installer/TVOQE/results/errors/server/local/mvfst_server_newcoid/temp/427/quic_client_test_double_tp_error0.iev,0.0,0.0
920,quant,client,quic_client_test_tp_error0,,server_return_code(134)+timeout,/home/chris/Toward-verification-of-QUIC-extensions/installer/TVOQE/results/errors/server/local/mvfst_server_newcoid/temp/294/quic_client_test_tp_error0.iev,0.0,0.0
921,quant,client,quic_client_test_tp_acticoid_error0,,server_return_code(134)+timeout,/home/chris/Toward-verification-of-QUIC-extensions/installer/TVOQE/results/errors/server/local/mvfst_server_newcoid/temp/583/quic_client_test_tp_acticoid_error0.iev,0.0,0.0
922,quant,client,quic_client_test_ext_min_ack_delay0,,server_return_code(134)+timeout,/home/chris/Toward-verification-of-QUIC-extensions/installer/TVOQE/results/errors/server/local/mvfst_server_newcoid/temp/1253/quic_client_test_ext_min_ack_delay0.iev,0.0,0.0
923,quant,client,quic_client_test_tp_error0,,server_return_code(134)+timeout,/home/chris/Toward-verification-of-QUIC-extensions/installer/TVOQE/results/errors/server/local/mvfst_server_newcoid/temp/234/quic_client_test_tp_error0.iev,0.0,0.0
924,quant,client,quic_client_test_max0,,ivy_return_code(127)+,/home/chris/Toward-verification-of-QUIC-extensions/installer/TVOQE/results/errors/server/local/mvfst_server_newcoid/temp/22/quic_client_test_max0.iev,0.0,0.0
925,quant,client,quic_client_test_tp_prefadd_error0,,server_return_code(134)+timeout,/home/chris/Toward-verification-of-QUIC-extensions/installer/TVOQE/results/errors/server/local/mvfst_server_newcoid/temp/1002/quic_client_test_tp_prefadd_error0.iev,0.0,0.0
926,quant,client,quic_client_test_blocked_streams_maxstream_error0,,server_return_code(134)+timeout,/home/chris/Toward-verification-of-QUIC-extensions/installer/TVOQE/results/errors/server/local/mvfst_server_newcoid/temp/731/quic_client_test_blocked_streams_maxstream_error0.iev,0.0,0.0
927,quant,client,quic_client_test_double_tp_error0,,server_return_code(134)+timeout,/home/chris/Toward-verification-of-QUIC-extensions/installer/TVOQE/results/errors/server/local/mvfst_server_newcoid/temp/483/quic_client_test_double_tp_error0.iev,0.0,0.0
928,quant,client,quic_client_test_no_odci0,,server_return_code(134)+timeout,/home/chris/Toward-verification-of-QUIC-extensions/installer/TVOQE/results/errors/server/local/mvfst_server_newcoid/temp/1113/quic_client_test_no_odci0.iev,0.0,0.0
929,quant,client,quic_client_test_tp_acticoid_error0,,server_return_code(134)+timeout,/home/chris/Toward-verification-of-QUIC-extensions/installer/TVOQE/results/errors/server/local/mvfst_server_newcoid/temp/580/quic_client_test_tp_acticoid_error0.iev,0.0,0.0
930,quant,client,quic_client_test_blocked_streams_maxstream_error0,,server_return_code(134)+timeout,/home/chris/Toward-verification-of-QUIC-extensions/installer/TVOQE/results/errors/server/local/mvfst_server_newcoid/temp/777/quic_client_test_blocked_streams_maxstream_error0.iev,0.0,0.0
931,quant,client,quic_client_test_accept_maxdata0,,ivy_return_code(127)+,/home/chris/Toward-verification-of-QUIC-extensions/installer/TVOQE/results/errors/server/local/mvfst_server_newcoid/temp/902/quic_client_test_accept_maxdata0.iev,0.0,0.0
932,quant,client,quic_client_test_no_odci0,,server_return_code(134)+timeout,/home/chris/Toward-verification-of-QUIC-extensions/installer/TVOQE/results/errors/server/local/mvfst_server_newcoid/temp/1160/quic_client_test_no_odci0.iev,0.0,0.0
933,quant,client,quic_client_test_double_tp_error0,,server_return_code(134)+timeout,/home/chris/Toward-verification-of-QUIC-extensions/installer/TVOQE/results/errors/server/local/mvfst_server_newcoid/temp/413/quic_client_test_double_tp_error0.iev,0.0,0.0
934,quant,client,quic_client_test_max0,,ivy_return_code(127)+,/home/chris/Toward-verification-of-QUIC-extensions/installer/TVOQE/results/errors/server/local/mvfst_server_newcoid/temp/7/quic_client_test_max0.iev,0.0,0.0
935,quant,client,quic_client_test_blocked_streams_maxstream_error0,,server_return_code(134)+timeout,/home/chris/Toward-verification-of-QUIC-extensions/installer/TVOQE/results/errors/server/local/mvfst_server_newcoid/temp/799/quic_client_test_blocked_streams_maxstream_error0.iev,0.0,0.0
936,quant,client,quic_client_test_ext_min_ack_delay0,,server_return_code(134)+timeout,/home/chris/Toward-verification-of-QUIC-extensions/installer/TVOQE/results/errors/server/local/mvfst_server_newcoid/temp/1270/quic_client_test_ext_min_ack_delay0.iev,0.0,0.0
937,quant,client,quic_client_test_double_tp_error0,,server_return_code(134)+timeout,/home/chris/Toward-verification-of-QUIC-extensions/installer/TVOQE/results/errors/server/local/mvfst_server_newcoid/temp/478/quic_client_test_double_tp_error0.iev,0.0,0.0
938,quant,client,quic_client_test_max0,,ivy_return_code(127)+,/home/chris/Toward-verification-of-QUIC-extensions/installer/TVOQE/results/errors/server/local/mvfst_server_newcoid/temp/50/quic_client_test_max0.iev,0.0,0.0
939,quant,client,quic_client_test_max0,,ivy_return_code(127)+,/home/chris/Toward-verification-of-QUIC-extensions/installer/TVOQE/results/errors/server/local/mvfst_server_newcoid/temp/97/quic_client_test_max0.iev,0.0,0.0
940,quant,client,quic_client_test_tp_prefadd_error0,,server_return_code(134)+timeout,/home/chris/Toward-verification-of-QUIC-extensions/installer/TVOQE/results/errors/server/local/mvfst_server_newcoid/temp/1094/quic_client_test_tp_prefadd_error0.iev,0.0,0.0
941,quant,client,quic_client_test_blocked_streams_maxstream_error0,,server_return_code(134)+timeout,/home/chris/Toward-verification-of-QUIC-extensions/installer/TVOQE/results/errors/server/local/mvfst_server_newcoid/temp/727/quic_client_test_blocked_streams_maxstream_error0.iev,0.0,0.0
942,quant,client,quic_client_test_max0,,ivy_return_code(127)+,/home/chris/Toward-verification-of-QUIC-extensions/installer/TVOQE/results/errors/server/local/mvfst_server_newcoid/temp/5/quic_client_test_max0.iev,0.0,0.0
943,quant,client,quic_client_test_tp_error0,,server_return_code(134)+timeout,/home/chris/Toward-verification-of-QUIC-extensions/installer/TVOQE/results/errors/server/local/mvfst_server_newcoid/temp/245/quic_client_test_tp_error0.iev,0.0,0.0
944,quant,client,quic_client_test_max0,,ivy_return_code(127)+,/home/chris/Toward-verification-of-QUIC-extensions/installer/TVOQE/results/errors/server/local/mvfst_server_newcoid/temp/38/quic_client_test_max0.iev,0.0,0.0
945,quant,client,quic_client_test_accept_maxdata0,,ivy_return_code(127)+,/home/chris/Toward-verification-of-QUIC-extensions/installer/TVOQE/results/errors/server/local/mvfst_server_newcoid/temp/969/quic_client_test_accept_maxdata0.iev,0.0,0.0
946,quant,client,quic_client_test_tp_prefadd_error0,,server_return_code(134)+timeout,/home/chris/Toward-verification-of-QUIC-extensions/installer/TVOQE/results/errors/server/local/mvfst_server_newcoid/temp/1056/quic_client_test_tp_prefadd_error0.iev,0.0,0.0
947,quant,client,quic_client_test_tp_error0,,server_return_code(134)+timeout,/home/chris/Toward-verification-of-QUIC-extensions/installer/TVOQE/results/errors/server/local/mvfst_server_newcoid/temp/215/quic_client_test_tp_error0.iev,0.0,0.0
948,quant,client,quic_client_test_blocked_streams_maxstream_error0,,server_return_code(134)+timeout,/home/chris/Toward-verification-of-QUIC-extensions/installer/TVOQE/results/errors/server/local/mvfst_server_newcoid/temp/720/quic_client_test_blocked_streams_maxstream_error0.iev,0.0,0.0
949,quant,client,quic_client_test_ext_min_ack_delay0,,server_return_code(134)+timeout,/home/chris/Toward-verification-of-QUIC-extensions/installer/TVOQE/results/errors/server/local/mvfst_server_newcoid/temp/1233/quic_client_test_ext_min_ack_delay0.iev,0.0,0.0
950,quant,client,quic_client_test_newcoid_zero_error0,,server_return_code(134)+timeout,/home/chris/Toward-verification-of-QUIC-extensions/installer/TVOQE/results/errors/server/local/mvfst_server_newcoid/temp/857/quic_client_test_newcoid_zero_error0.iev,0.0,0.0
951,quant,client,quic_client_test_no_odci0,,server_return_code(134)+timeout,/home/chris/Toward-verification-of-QUIC-extensions/installer/TVOQE/results/errors/server/local/mvfst_server_newcoid/temp/1132/quic_client_test_no_odci0.iev,0.0,0.0
952,quant,client,quic_client_test_double_tp_error0,,server_return_code(134)+timeout,/home/chris/Toward-verification-of-QUIC-extensions/installer/TVOQE/results/errors/server/local/mvfst_server_newcoid/temp/443/quic_client_test_double_tp_error0.iev,0.0,0.0
953,quant,client,quic_client_test_max0,,ivy_return_code(127)+,/home/chris/Toward-verification-of-QUIC-extensions/installer/TVOQE/results/errors/server/local/mvfst_server_newcoid/temp/83/quic_client_test_max0.iev,0.0,0.0
954,quant,client,quic_client_test_tp_prefadd_error0,,server_return_code(134)+timeout,/home/chris/Toward-verification-of-QUIC-extensions/installer/TVOQE/results/errors/server/local/mvfst_server_newcoid/temp/1028/quic_client_test_tp_prefadd_error0.iev,0.0,0.0
955,quant,client,quic_client_test_tp_prefadd_error0,,server_return_code(134)+timeout,/home/chris/Toward-verification-of-QUIC-extensions/installer/TVOQE/results/errors/server/local/mvfst_server_newcoid/temp/1067/quic_client_test_tp_prefadd_error0.iev,0.0,0.0
956,quant,client,quic_client_test_newcoid_zero_error0,,server_return_code(134)+timeout,/home/chris/Toward-verification-of-QUIC-extensions/installer/TVOQE/results/errors/server/local/mvfst_server_newcoid/temp/845/quic_client_test_newcoid_zero_error0.iev,0.0,0.0
957,quant,client,quic_client_test_tp_error0,,server_return_code(134)+timeout,/home/chris/Toward-verification-of-QUIC-extensions/installer/TVOQE/results/errors/server/local/mvfst_server_newcoid/temp/276/quic_client_test_tp_error0.iev,0.0,0.0
958,quant,client,quic_client_test_ext_min_ack_delay0,,server_return_code(134)+timeout,/home/chris/Toward-verification-of-QUIC-extensions/installer/TVOQE/results/errors/server/local/mvfst_server_newcoid/temp/1281/quic_client_test_ext_min_ack_delay0.iev,0.0,0.0
959,quant,client,quic_client_test_newcoid_zero_error0,,server_return_code(134)+timeout,/home/chris/Toward-verification-of-QUIC-extensions/installer/TVOQE/results/errors/server/local/mvfst_server_newcoid/temp/899/quic_client_test_newcoid_zero_error0.iev,0.0,0.0
960,quant,client,quic_client_test_double_tp_error0,,server_return_code(134)+timeout,/home/chris/Toward-verification-of-QUIC-extensions/installer/TVOQE/results/errors/server/local/mvfst_server_newcoid/temp/452/quic_client_test_double_tp_error0.iev,0.0,0.0
961,quant,client,quic_client_test_max0,,ivy_return_code(127)+,/home/chris/Toward-verification-of-QUIC-extensions/installer/TVOQE/results/errors/server/local/mvfst_server_newcoid/temp/63/quic_client_test_max0.iev,0.0,0.0
962,quant,client,quic_client_test_blocked_streams_maxstream_error0,,server_return_code(134)+timeout,/home/chris/Toward-verification-of-QUIC-extensions/installer/TVOQE/results/errors/server/local/mvfst_server_newcoid/temp/707/quic_client_test_blocked_streams_maxstream_error0.iev,0.0,0.0
963,quant,client,quic_client_test_ext_min_ack_delay0,,server_return_code(134)+timeout,/home/chris/Toward-verification-of-QUIC-extensions/installer/TVOQE/results/errors/server/local/mvfst_server_newcoid/temp/1212/quic_client_test_ext_min_ack_delay0.iev,0.0,0.0
964,quant,client,quic_client_test_tp_error0,,server_return_code(134)+timeout,/home/chris/Toward-verification-of-QUIC-extensions/installer/TVOQE/results/errors/server/local/mvfst_server_newcoid/temp/246/quic_client_test_tp_error0.iev,0.0,0.0
965,quant,client,quic_client_test_newcoid_zero_error0,,server_return_code(134)+timeout,/home/chris/Toward-verification-of-QUIC-extensions/installer/TVOQE/results/errors/server/local/mvfst_server_newcoid/temp/894/quic_client_test_newcoid_zero_error0.iev,0.0,0.0
966,quant,client,quic_client_test_tp_prefadd_error0,,server_return_code(134)+timeout,/home/chris/Toward-verification-of-QUIC-extensions/installer/TVOQE/results/errors/server/local/mvfst_server_newcoid/temp/1036/quic_client_test_tp_prefadd_error0.iev,0.0,0.0
967,quant,client,quic_client_test_double_tp_error0,,server_return_code(134)+timeout,/home/chris/Toward-verification-of-QUIC-extensions/installer/TVOQE/results/errors/server/local/mvfst_server_newcoid/temp/432/quic_client_test_double_tp_error0.iev,0.0,0.0
968,quant,client,quic_client_test_accept_maxdata0,,ivy_return_code(127)+,/home/chris/Toward-verification-of-QUIC-extensions/installer/TVOQE/results/errors/server/local/mvfst_server_newcoid/temp/976/quic_client_test_accept_maxdata0.iev,0.0,0.0
969,quant,client,quic_client_test_tp_error0,,server_return_code(134)+timeout,/home/chris/Toward-verification-of-QUIC-extensions/installer/TVOQE/results/errors/server/local/mvfst_server_newcoid/temp/259/quic_client_test_tp_error0.iev,0.0,0.0
970,quant,client,quic_client_test_ext_min_ack_delay0,,server_return_code(134)+timeout,/home/chris/Toward-verification-of-QUIC-extensions/installer/TVOQE/results/errors/server/local/mvfst_server_newcoid/temp/1287/quic_client_test_ext_min_ack_delay0.iev,0.0,0.0
971,quant,client,quic_client_test_tp_prefadd_error0,,server_return_code(134)+timeout,/home/chris/Toward-verification-of-QUIC-extensions/installer/TVOQE/results/errors/server/local/mvfst_server_newcoid/temp/1057/quic_client_test_tp_prefadd_error0.iev,0.0,0.0
972,quant,client,quic_client_test_ext_min_ack_delay0,,server_return_code(134)+timeout,/home/chris/Toward-verification-of-QUIC-extensions/installer/TVOQE/results/errors/server/local/mvfst_server_newcoid/temp/1257/quic_client_test_ext_min_ack_delay0.iev,0.0,0.0
973,quant,client,quic_client_test_tp_prefadd_error0,,server_return_code(134)+timeout,/home/chris/Toward-verification-of-QUIC-extensions/installer/TVOQE/results/errors/server/local/mvfst_server_newcoid/temp/1024/quic_client_test_tp_prefadd_error0.iev,0.0,0.0
974,quant,client,quic_client_test_newcoid_zero_error0,,server_return_code(134)+timeout,/home/chris/Toward-verification-of-QUIC-extensions/installer/TVOQE/results/errors/server/local/mvfst_server_newcoid/temp/891/quic_client_test_newcoid_zero_error0.iev,0.0,0.0
975,quant,client,quic_client_test_tp_limit_acticoid_error0,,server_return_code(134)+timeout,/home/chris/Toward-verification-of-QUIC-extensions/installer/TVOQE/results/errors/server/local/mvfst_server_newcoid/temp/697/quic_client_test_tp_limit_acticoid_error0.iev,0.0,0.0
976,quant,client,quic_client_test_ext_min_ack_delay0,,server_return_code(134)+timeout,/home/chris/Toward-verification-of-QUIC-extensions/installer/TVOQE/results/errors/server/local/mvfst_server_newcoid/temp/1264/quic_client_test_ext_min_ack_delay0.iev,0.0,0.0
977,quant,client,quic_client_test_tp_limit_acticoid_error0,,server_return_code(134)+timeout,/home/chris/Toward-verification-of-QUIC-extensions/installer/TVOQE/results/errors/server/local/mvfst_server_newcoid/temp/674/quic_client_test_tp_limit_acticoid_error0.iev,0.0,0.0
978,quant,client,quic_client_test_tp_error0,,server_return_code(134)+timeout,/home/chris/Toward-verification-of-QUIC-extensions/installer/TVOQE/results/errors/server/local/mvfst_server_newcoid/temp/275/quic_client_test_tp_error0.iev,0.0,0.0
979,quant,client,quic_client_test_blocked_streams_maxstream_error0,,server_return_code(134)+timeout,/home/chris/Toward-verification-of-QUIC-extensions/installer/TVOQE/results/errors/server/local/mvfst_server_newcoid/temp/753/quic_client_test_blocked_streams_maxstream_error0.iev,0.0,0.0
980,quant,client,quic_client_test_tp_error0,,server_return_code(134)+timeout,/home/chris/Toward-verification-of-QUIC-extensions/installer/TVOQE/results/errors/server/local/mvfst_server_newcoid/temp/267/quic_client_test_tp_error0.iev,0.0,0.0
981,quant,client,quic_client_test_max0,,ivy_return_code(127)+,/home/chris/Toward-verification-of-QUIC-extensions/installer/TVOQE/results/errors/server/local/mvfst_server_newcoid/temp/33/quic_client_test_max0.iev,0.0,0.0
982,quant,client,quic_client_test_newcoid_zero_error0,,server_return_code(134)+timeout,/home/chris/Toward-verification-of-QUIC-extensions/installer/TVOQE/results/errors/server/local/mvfst_server_newcoid/temp/856/quic_client_test_newcoid_zero_error0.iev,0.0,0.0
983,quant,client,quic_client_test_max0,,ivy_return_code(127)+,/home/chris/Toward-verification-of-QUIC-extensions/installer/TVOQE/results/errors/server/local/mvfst_server_newcoid/temp/24/quic_client_test_max0.iev,0.0,0.0
984,quant,client,quic_client_test_blocked_streams_maxstream_error0,,server_return_code(134)+timeout,/home/chris/Toward-verification-of-QUIC-extensions/installer/TVOQE/results/errors/server/local/mvfst_server_newcoid/temp/772/quic_client_test_blocked_streams_maxstream_error0.iev,0.0,0.0
985,quant,client,quic_client_test_newcoid_zero_error0,,server_return_code(134)+timeout,/home/chris/Toward-verification-of-QUIC-extensions/installer/TVOQE/results/errors/server/local/mvfst_server_newcoid/temp/810/quic_client_test_newcoid_zero_error0.iev,0.0,0.0
986,quant,client,quic_client_test_tp_acticoid_error0,,server_return_code(134)+timeout,/home/chris/Toward-verification-of-QUIC-extensions/installer/TVOQE/results/errors/server/local/mvfst_server_newcoid/temp/539/quic_client_test_tp_acticoid_error0.iev,0.0,0.0
987,quant,client,quic_client_test_accept_maxdata0,,ivy_return_code(127)+,/home/chris/Toward-verification-of-QUIC-extensions/installer/TVOQE/results/errors/server/local/mvfst_server_newcoid/temp/906/quic_client_test_accept_maxdata0.iev,0.0,0.0
988,quant,client,quic_client_test_no_odci0,,server_return_code(134)+timeout,/home/chris/Toward-verification-of-QUIC-extensions/installer/TVOQE/results/errors/server/local/mvfst_server_newcoid/temp/1182/quic_client_test_no_odci0.iev,0.0,0.0
989,quant,client,quic_client_test_no_odci0,,server_return_code(134)+timeout,/home/chris/Toward-verification-of-QUIC-extensions/installer/TVOQE/results/errors/server/local/mvfst_server_newcoid/temp/1176/quic_client_test_no_odci0.iev,0.0,0.0
990,quant,client,quic_client_test_ext_min_ack_delay0,,server_return_code(134)+timeout,/home/chris/Toward-verification-of-QUIC-extensions/installer/TVOQE/results/errors/server/local/mvfst_server_newcoid/temp/1295/quic_client_test_ext_min_ack_delay0.iev,0.0,0.0
991,quant,client,quic_client_test_blocked_streams_maxstream_error0,,server_return_code(134)+timeout,/home/chris/Toward-verification-of-QUIC-extensions/installer/TVOQE/results/errors/server/local/mvfst_server_newcoid/temp/756/quic_client_test_blocked_streams_maxstream_error0.iev,0.0,0.0
992,quant,client,quic_client_test_double_tp_error0,,server_return_code(134)+timeout,/home/chris/Toward-verification-of-QUIC-extensions/installer/TVOQE/results/errors/server/local/mvfst_server_newcoid/temp/405/quic_client_test_double_tp_error0.iev,0.0,0.0
993,quant,client,quic_client_test_accept_maxdata0,,ivy_return_code(127)+,/home/chris/Toward-verification-of-QUIC-extensions/installer/TVOQE/results/errors/server/local/mvfst_server_newcoid/temp/929/quic_client_test_accept_maxdata0.iev,0.0,0.0
994,quant,client,quic_client_test_tp_prefadd_error0,,server_return_code(134)+timeout,/home/chris/Toward-verification-of-QUIC-extensions/installer/TVOQE/results/errors/server/local/mvfst_server_newcoid/temp/1073/quic_client_test_tp_prefadd_error0.iev,0.0,0.0
995,quant,client,quic_client_test_blocked_streams_maxstream_error0,,server_return_code(134)+timeout,/home/chris/Toward-verification-of-QUIC-extensions/installer/TVOQE/results/errors/server/local/mvfst_server_newcoid/temp/734/quic_client_test_blocked_streams_maxstream_error0.iev,0.0,0.0
996,quant,client,quic_client_test_tp_prefadd_error0,,server_return_code(134)+timeout,/home/chris/Toward-verification-of-QUIC-extensions/installer/TVOQE/results/errors/server/local/mvfst_server_newcoid/temp/1070/quic_client_test_tp_prefadd_error0.iev,0.0,0.0
997,quant,client,quic_client_test_tp_error0,,server_return_code(134)+timeout,/home/chris/Toward-verification-of-QUIC-extensions/installer/TVOQE/results/errors/server/local/mvfst_server_newcoid/temp/217/quic_client_test_tp_error0.iev,0.0,0.0
998,quant,client,quic_client_test_accept_maxdata0,,ivy_return_code(127)+,/home/chris/Toward-verification-of-QUIC-extensions/installer/TVOQE/results/errors/server/local/mvfst_server_newcoid/temp/962/quic_client_test_accept_maxdata0.iev,0.0,0.0
999,quant,client,quic_client_test_max0,,ivy_return_code(127)+,/home/chris/Toward-verification-of-QUIC-extensions/installer/TVOQE/results/errors/server/local/mvfst_server_newcoid/temp/82/quic_client_test_max0.iev,0.0,0.0
1000,quant,client,quic_client_test_blocked_streams_maxstream_error0,,server_return_code(134)+timeout,/home/chris/Toward-verification-of-QUIC-extensions/installer/TVOQE/results/errors/server/local/mvfst_server_newcoid/temp/736/quic_client_test_blocked_streams_maxstream_error0.iev,0.0,0.0
1001,quant,client,quic_client_test_double_tp_error0,,server_return_code(134)+timeout,/home/chris/Toward-verification-of-QUIC-extensions/installer/TVOQE/results/errors/server/local/mvfst_server_newcoid/temp/469/quic_client_test_double_tp_error0.iev,0.0,0.0
1002,quant,client,quic_client_test_ext_min_ack_delay0,,server_return_code(134)+timeout,/home/chris/Toward-verification-of-QUIC-extensions/installer/TVOQE/results/errors/server/local/mvfst_server_newcoid/temp/1260/quic_client_test_ext_min_ack_delay0.iev,0.0,0.0
1003,quant,client,quic_client_test_tp_limit_acticoid_error0,,server_return_code(134)+timeout,/home/chris/Toward-verification-of-QUIC-extensions/installer/TVOQE/results/errors/server/local/mvfst_server_newcoid/temp/637/quic_client_test_tp_limit_acticoid_error0.iev,0.0,0.0
1004,quant,client,quic_client_test_max0,,ivy_return_code(127)+,/home/chris/Toward-verification-of-QUIC-extensions/installer/TVOQE/results/errors/server/local/mvfst_server_newcoid/temp/59/quic_client_test_max0.iev,0.0,0.0
1005,quant,client,quic_client_test_accept_maxdata0,,ivy_return_code(127)+,/home/chris/Toward-verification-of-QUIC-extensions/installer/TVOQE/results/errors/server/local/mvfst_server_newcoid/temp/903/quic_client_test_accept_maxdata0.iev,0.0,0.0
1006,quant,client,quic_client_test_tp_acticoid_error0,,server_return_code(134)+timeout,/home/chris/Toward-verification-of-QUIC-extensions/installer/TVOQE/results/errors/server/local/mvfst_server_newcoid/temp/549/quic_client_test_tp_acticoid_error0.iev,0.0,0.0
1007,quant,client,quic_client_test_max0,,ivy_return_code(127)+,/home/chris/Toward-verification-of-QUIC-extensions/installer/TVOQE/results/errors/server/local/mvfst_server_newcoid/temp/16/quic_client_test_max0.iev,0.0,0.0
1008,quant,client,quic_client_test_no_odci0,,server_return_code(134)+timeout,/home/chris/Toward-verification-of-QUIC-extensions/installer/TVOQE/results/errors/server/local/mvfst_server_newcoid/temp/1122/quic_client_test_no_odci0.iev,0.0,0.0
1009,quant,client,quic_client_test_accept_maxdata0,,ivy_return_code(127)+,/home/chris/Toward-verification-of-QUIC-extensions/installer/TVOQE/results/errors/server/local/mvfst_server_newcoid/temp/936/quic_client_test_accept_maxdata0.iev,0.0,0.0
1010,quant,client,quic_client_test_double_tp_error0,,server_return_code(134)+timeout,/home/chris/Toward-verification-of-QUIC-extensions/installer/TVOQE/results/errors/server/local/mvfst_server_newcoid/temp/457/quic_client_test_double_tp_error0.iev,0.0,0.0
1011,quant,client,quic_client_test_double_tp_error0,,server_return_code(134)+timeout,/home/chris/Toward-verification-of-QUIC-extensions/installer/TVOQE/results/errors/server/local/mvfst_server_newcoid/temp/421/quic_client_test_double_tp_error0.iev,0.0,0.0
1012,quant,client,quic_client_test_newcoid_zero_error0,,server_return_code(134)+timeout,/home/chris/Toward-verification-of-QUIC-extensions/installer/TVOQE/results/errors/server/local/mvfst_server_newcoid/temp/830/quic_client_test_newcoid_zero_error0.iev,0.0,0.0
1013,quant,client,quic_client_test_blocked_streams_maxstream_error0,,server_return_code(134)+timeout,/home/chris/Toward-verification-of-QUIC-extensions/installer/TVOQE/results/errors/server/local/mvfst_server_newcoid/temp/791/quic_client_test_blocked_streams_maxstream_error0.iev,0.0,0.0
1014,quant,client,quic_client_test_double_tp_error0,,server_return_code(134)+timeout,/home/chris/Toward-verification-of-QUIC-extensions/installer/TVOQE/results/errors/server/local/mvfst_server_newcoid/temp/473/quic_client_test_double_tp_error0.iev,0.0,0.0
1015,quant,client,quic_client_test_tp_acticoid_error0,,server_return_code(134)+timeout,/home/chris/Toward-verification-of-QUIC-extensions/installer/TVOQE/results/errors/server/local/mvfst_server_newcoid/temp/532/quic_client_test_tp_acticoid_error0.iev,0.0,0.0
1016,quant,client,quic_client_test_tp_acticoid_error0,,server_return_code(134)+timeout,/home/chris/Toward-verification-of-QUIC-extensions/installer/TVOQE/results/errors/server/local/mvfst_server_newcoid/temp/575/quic_client_test_tp_acticoid_error0.iev,0.0,0.0
1017,quant,client,quic_client_test_accept_maxdata0,,ivy_return_code(127)+,/home/chris/Toward-verification-of-QUIC-extensions/installer/TVOQE/results/errors/server/local/mvfst_server_newcoid/temp/901/quic_client_test_accept_maxdata0.iev,0.0,0.0
1018,quant,client,quic_client_test_newcoid_zero_error0,,server_return_code(134)+timeout,/home/chris/Toward-verification-of-QUIC-extensions/installer/TVOQE/results/errors/server/local/mvfst_server_newcoid/temp/806/quic_client_test_newcoid_zero_error0.iev,0.0,0.0
1019,quant,client,quic_client_test_tp_error0,,server_return_code(134)+timeout,/home/chris/Toward-verification-of-QUIC-extensions/installer/TVOQE/results/errors/server/local/mvfst_server_newcoid/temp/289/quic_client_test_tp_error0.iev,0.0,0.0
1020,quant,client,quic_client_test_blocked_streams_maxstream_error0,,server_return_code(134)+timeout,/home/chris/Toward-verification-of-QUIC-extensions/installer/TVOQE/results/errors/server/local/mvfst_server_newcoid/temp/797/quic_client_test_blocked_streams_maxstream_error0.iev,0.0,0.0
1021,quant,client,quic_client_test_tp_error0,,server_return_code(134)+timeout,/home/chris/Toward-verification-of-QUIC-extensions/installer/TVOQE/results/errors/server/local/mvfst_server_newcoid/temp/269/quic_client_test_tp_error0.iev,0.0,0.0
1022,quant,client,quic_client_test_no_odci0,,server_return_code(134)+timeout,/home/chris/Toward-verification-of-QUIC-extensions/installer/TVOQE/results/errors/server/local/mvfst_server_newcoid/temp/1183/quic_client_test_no_odci0.iev,0.0,0.0
1023,quant,client,quic_client_test_tp_acticoid_error0,,server_return_code(134)+timeout,/home/chris/Toward-verification-of-QUIC-extensions/installer/TVOQE/results/errors/server/local/mvfst_server_newcoid/temp/590/quic_client_test_tp_acticoid_error0.iev,0.0,0.0
1024,quant,client,quic_client_test_tp_limit_acticoid_error0,,server_return_code(134)+timeout,/home/chris/Toward-verification-of-QUIC-extensions/installer/TVOQE/results/errors/server/local/mvfst_server_newcoid/temp/698/quic_client_test_tp_limit_acticoid_error0.iev,0.0,0.0
1025,quant,client,quic_client_test_ext_min_ack_delay0,,server_return_code(134)+timeout,/home/chris/Toward-verification-of-QUIC-extensions/installer/TVOQE/results/errors/server/local/mvfst_server_newcoid/temp/1204/quic_client_test_ext_min_ack_delay0.iev,0.0,0.0
1026,quant,client,quic_client_test_ext_min_ack_delay0,,server_return_code(134)+timeout,/home/chris/Toward-verification-of-QUIC-extensions/installer/TVOQE/results/errors/server/local/mvfst_server_newcoid/temp/1202/quic_client_test_ext_min_ack_delay0.iev,0.0,0.0
1027,quant,client,quic_client_test_blocked_streams_maxstream_error0,,server_return_code(134)+timeout,/home/chris/Toward-verification-of-QUIC-extensions/installer/TVOQE/results/errors/server/local/mvfst_server_newcoid/temp/778/quic_client_test_blocked_streams_maxstream_error0.iev,0.0,0.0
1028,quant,client,quic_client_test_tp_error0,,server_return_code(134)+timeout,/home/chris/Toward-verification-of-QUIC-extensions/installer/TVOQE/results/errors/server/local/mvfst_server_newcoid/temp/249/quic_client_test_tp_error0.iev,0.0,0.0
1029,quant,client,quic_client_test_double_tp_error0,,server_return_code(134)+timeout,/home/chris/Toward-verification-of-QUIC-extensions/installer/TVOQE/results/errors/server/local/mvfst_server_newcoid/temp/464/quic_client_test_double_tp_error0.iev,0.0,0.0
1030,quant,client,quic_client_test_tp_acticoid_error0,,server_return_code(134)+timeout,/home/chris/Toward-verification-of-QUIC-extensions/installer/TVOQE/results/errors/server/local/mvfst_server_newcoid/temp/513/quic_client_test_tp_acticoid_error0.iev,0.0,0.0
1031,quant,client,quic_client_test_no_odci0,,server_return_code(134)+timeout,/home/chris/Toward-verification-of-QUIC-extensions/installer/TVOQE/results/errors/server/local/mvfst_server_newcoid/temp/1135/quic_client_test_no_odci0.iev,0.0,0.0
1032,quant,client,quic_client_test_tp_limit_acticoid_error0,,server_return_code(134)+timeout,/home/chris/Toward-verification-of-QUIC-extensions/installer/TVOQE/results/errors/server/local/mvfst_server_newcoid/temp/619/quic_client_test_tp_limit_acticoid_error0.iev,0.0,0.0
1033,quant,client,quic_client_test_tp_acticoid_error0,,server_return_code(134)+timeout,/home/chris/Toward-verification-of-QUIC-extensions/installer/TVOQE/results/errors/server/local/mvfst_server_newcoid/temp/587/quic_client_test_tp_acticoid_error0.iev,0.0,0.0
1034,quant,client,quic_client_test_ext_min_ack_delay0,,server_return_code(134)+timeout,/home/chris/Toward-verification-of-QUIC-extensions/installer/TVOQE/results/errors/server/local/mvfst_server_newcoid/temp/1247/quic_client_test_ext_min_ack_delay0.iev,0.0,0.0
1035,quant,client,quic_client_test_tp_limit_acticoid_error0,,server_return_code(134)+timeout,/home/chris/Toward-verification-of-QUIC-extensions/installer/TVOQE/results/errors/server/local/mvfst_server_newcoid/temp/694/quic_client_test_tp_limit_acticoid_error0.iev,0.0,0.0
1036,quant,client,quic_client_test_double_tp_error0,,server_return_code(134)+timeout,/home/chris/Toward-verification-of-QUIC-extensions/installer/TVOQE/results/errors/server/local/mvfst_server_newcoid/temp/453/quic_client_test_double_tp_error0.iev,0.0,0.0
1037,quant,client,quic_client_test_double_tp_error0,,server_return_code(134)+timeout,/home/chris/Toward-verification-of-QUIC-extensions/installer/TVOQE/results/errors/server/local/mvfst_server_newcoid/temp/441/quic_client_test_double_tp_error0.iev,0.0,0.0
1038,quant,client,quic_client_test_max0,,ivy_return_code(127)+,/home/chris/Toward-verification-of-QUIC-extensions/installer/TVOQE/results/errors/server/local/mvfst_server_newcoid/temp/19/quic_client_test_max0.iev,0.0,0.0
1039,quant,client,quic_client_test_double_tp_error0,,server_return_code(134)+timeout,/home/chris/Toward-verification-of-QUIC-extensions/installer/TVOQE/results/errors/server/local/mvfst_server_newcoid/temp/434/quic_client_test_double_tp_error0.iev,0.0,0.0
1040,quant,client,quic_client_test_newcoid_zero_error0,,server_return_code(134)+timeout,/home/chris/Toward-verification-of-QUIC-extensions/installer/TVOQE/results/errors/server/local/mvfst_server_newcoid/temp/883/quic_client_test_newcoid_zero_error0.iev,0.0,0.0
1041,quant,client,quic_client_test_tp_error0,,server_return_code(134)+timeout,/home/chris/Toward-verification-of-QUIC-extensions/installer/TVOQE/results/errors/server/local/mvfst_server_newcoid/temp/283/quic_client_test_tp_error0.iev,0.0,0.0
1042,quant,client,quic_client_test_max0,,ivy_return_code(127)+,/home/chris/Toward-verification-of-QUIC-extensions/installer/TVOQE/results/errors/server/local/mvfst_server_newcoid/temp/75/quic_client_test_max0.iev,0.0,0.0
1043,quant,client,quic_client_test_tp_acticoid_error0,,server_return_code(134)+timeout,/home/chris/Toward-verification-of-QUIC-extensions/installer/TVOQE/results/errors/server/local/mvfst_server_newcoid/temp/556/quic_client_test_tp_acticoid_error0.iev,0.0,0.0
1044,quant,client,quic_client_test_double_tp_error0,,server_return_code(134)+timeout,/home/chris/Toward-verification-of-QUIC-extensions/installer/TVOQE/results/errors/server/local/mvfst_server_newcoid/temp/428/quic_client_test_double_tp_error0.iev,0.0,0.0
1045,quant,client,quic_client_test_no_odci0,,server_return_code(134)+timeout,/home/chris/Toward-verification-of-QUIC-extensions/installer/TVOQE/results/errors/server/local/mvfst_server_newcoid/temp/1191/quic_client_test_no_odci0.iev,0.0,0.0
1046,quant,client,quic_client_test_double_tp_error0,,server_return_code(134)+timeout,/home/chris/Toward-verification-of-QUIC-extensions/installer/TVOQE/results/errors/server/local/mvfst_server_newcoid/temp/438/quic_client_test_double_tp_error0.iev,0.0,0.0
1047,quant,client,quic_client_test_newcoid_zero_error0,,server_return_code(134)+timeout,/home/chris/Toward-verification-of-QUIC-extensions/installer/TVOQE/results/errors/server/local/mvfst_server_newcoid/temp/800/quic_client_test_newcoid_zero_error0.iev,0.0,0.0
1048,quant,client,quic_client_test_max0,,ivy_return_code(127)+,/home/chris/Toward-verification-of-QUIC-extensions/installer/TVOQE/results/errors/server/local/mvfst_server_newcoid/temp/2/quic_client_test_max0.iev,0.0,0.0
1049,quant,client,quic_client_test_max0,,ivy_return_code(127)+,/home/chris/Toward-verification-of-QUIC-extensions/installer/TVOQE/results/errors/server/local/mvfst_server_newcoid/temp/10/quic_client_test_max0.iev,0.0,0.0
1050,quant,client,quic_client_test_max0,,ivy_return_code(127)+,/home/chris/Toward-verification-of-QUIC-extensions/installer/TVOQE/results/errors/server/local/mvfst_server_newcoid/temp/11/quic_client_test_max0.iev,0.0,0.0
1051,quant,client,quic_client_test_tp_limit_acticoid_error0,,server_return_code(134)+timeout,/home/chris/Toward-verification-of-QUIC-extensions/installer/TVOQE/results/errors/server/local/mvfst_server_newcoid/temp/629/quic_client_test_tp_limit_acticoid_error0.iev,0.0,0.0
1052,quant,client,quic_client_test_accept_maxdata0,,ivy_return_code(127)+,/home/chris/Toward-verification-of-QUIC-extensions/installer/TVOQE/results/errors/server/local/mvfst_server_newcoid/temp/927/quic_client_test_accept_maxdata0.iev,0.0,0.0
1053,quant,client,quic_client_test_tp_limit_acticoid_error0,,server_return_code(134)+timeout,/home/chris/Toward-verification-of-QUIC-extensions/installer/TVOQE/results/errors/server/local/mvfst_server_newcoid/temp/642/quic_client_test_tp_limit_acticoid_error0.iev,0.0,0.0
1054,quant,client,quic_client_test_tp_prefadd_error0,,server_return_code(134)+timeout,/home/chris/Toward-verification-of-QUIC-extensions/installer/TVOQE/results/errors/server/local/mvfst_server_newcoid/temp/1072/quic_client_test_tp_prefadd_error0.iev,0.0,0.0
1055,quant,client,quic_client_test_blocked_streams_maxstream_error0,,server_return_code(134)+timeout,/home/chris/Toward-verification-of-QUIC-extensions/installer/TVOQE/results/errors/server/local/mvfst_server_newcoid/temp/783/quic_client_test_blocked_streams_maxstream_error0.iev,0.0,0.0
1056,quant,client,quic_client_test_accept_maxdata0,,ivy_return_code(127)+,/home/chris/Toward-verification-of-QUIC-extensions/installer/TVOQE/results/errors/server/local/mvfst_server_newcoid/temp/973/quic_client_test_accept_maxdata0.iev,0.0,0.0
1057,quant,client,quic_client_test_tp_acticoid_error0,,server_return_code(134)+timeout,/home/chris/Toward-verification-of-QUIC-extensions/installer/TVOQE/results/errors/server/local/mvfst_server_newcoid/temp/505/quic_client_test_tp_acticoid_error0.iev,0.0,0.0
1058,quant,client,quic_client_test_tp_error0,,server_return_code(134)+timeout,/home/chris/Toward-verification-of-QUIC-extensions/installer/TVOQE/results/errors/server/local/mvfst_server_newcoid/temp/247/quic_client_test_tp_error0.iev,0.0,0.0
1059,quant,client,quic_client_test_tp_acticoid_error0,,server_return_code(134)+timeout,/home/chris/Toward-verification-of-QUIC-extensions/installer/TVOQE/results/errors/server/local/mvfst_server_newcoid/temp/545/quic_client_test_tp_acticoid_error0.iev,0.0,0.0
1060,quant,client,quic_client_test_tp_limit_acticoid_error0,,server_return_code(134)+timeout,/home/chris/Toward-verification-of-QUIC-extensions/installer/TVOQE/results/errors/server/local/mvfst_server_newcoid/temp/626/quic_client_test_tp_limit_acticoid_error0.iev,0.0,0.0
1061,quant,client,quic_client_test_newcoid_zero_error0,,server_return_code(134)+timeout,/home/chris/Toward-verification-of-QUIC-extensions/installer/TVOQE/results/errors/server/local/mvfst_server_newcoid/temp/886/quic_client_test_newcoid_zero_error0.iev,0.0,0.0
1062,quant,client,quic_client_test_tp_prefadd_error0,,server_return_code(134)+timeout,/home/chris/Toward-verification-of-QUIC-extensions/installer/TVOQE/results/errors/server/local/mvfst_server_newcoid/temp/1062/quic_client_test_tp_prefadd_error0.iev,0.0,0.0
1063,quant,client,quic_client_test_no_odci0,,server_return_code(134)+timeout,/home/chris/Toward-verification-of-QUIC-extensions/installer/TVOQE/results/errors/server/local/mvfst_server_newcoid/temp/1106/quic_client_test_no_odci0.iev,0.0,0.0
1064,quant,client,quic_client_test_accept_maxdata0,,ivy_return_code(127)+,/home/chris/Toward-verification-of-QUIC-extensions/installer/TVOQE/results/errors/server/local/mvfst_server_newcoid/temp/957/quic_client_test_accept_maxdata0.iev,0.0,0.0
1065,quant,client,quic_client_test_max0,,ivy_return_code(127)+,/home/chris/Toward-verification-of-QUIC-extensions/installer/TVOQE/results/errors/server/local/mvfst_server_newcoid/temp/91/quic_client_test_max0.iev,0.0,0.0
1066,quant,client,quic_client_test_no_odci0,,server_return_code(134)+timeout,/home/chris/Toward-verification-of-QUIC-extensions/installer/TVOQE/results/errors/server/local/mvfst_server_newcoid/temp/1142/quic_client_test_no_odci0.iev,0.0,0.0
1067,quant,client,quic_client_test_max0,,ivy_return_code(127)+,/home/chris/Toward-verification-of-QUIC-extensions/installer/TVOQE/results/errors/server/local/mvfst_server_newcoid/temp/52/quic_client_test_max0.iev,0.0,0.0
1068,quant,client,quic_client_test_ext_min_ack_delay0,,server_return_code(134)+timeout,/home/chris/Toward-verification-of-QUIC-extensions/installer/TVOQE/results/errors/server/local/mvfst_server_newcoid/temp/1222/quic_client_test_ext_min_ack_delay0.iev,0.0,0.0
1069,quant,client,quic_client_test_tp_acticoid_error0,,server_return_code(134)+timeout,/home/chris/Toward-verification-of-QUIC-extensions/installer/TVOQE/results/errors/server/local/mvfst_server_newcoid/temp/540/quic_client_test_tp_acticoid_error0.iev,0.0,0.0
1070,quant,client,quic_client_test_double_tp_error0,,server_return_code(134)+timeout,/home/chris/Toward-verification-of-QUIC-extensions/installer/TVOQE/results/errors/server/local/mvfst_server_newcoid/temp/489/quic_client_test_double_tp_error0.iev,0.0,0.0
1071,quant,client,quic_client_test_no_odci0,,server_return_code(134)+timeout,/home/chris/Toward-verification-of-QUIC-extensions/installer/TVOQE/results/errors/server/local/mvfst_server_newcoid/temp/1129/quic_client_test_no_odci0.iev,0.0,0.0
1072,quant,client,quic_client_test_tp_limit_acticoid_error0,,server_return_code(134)+timeout,/home/chris/Toward-verification-of-QUIC-extensions/installer/TVOQE/results/errors/server/local/mvfst_server_newcoid/temp/639/quic_client_test_tp_limit_acticoid_error0.iev,0.0,0.0
1073,quant,client,quic_client_test_tp_limit_acticoid_error0,,server_return_code(134)+timeout,/home/chris/Toward-verification-of-QUIC-extensions/installer/TVOQE/results/errors/server/local/mvfst_server_newcoid/temp/625/quic_client_test_tp_limit_acticoid_error0.iev,0.0,0.0
1074,quant,client,quic_client_test_max0,,ivy_return_code(127)+,/home/chris/Toward-verification-of-QUIC-extensions/installer/TVOQE/results/errors/server/local/mvfst_server_newcoid/temp/51/quic_client_test_max0.iev,0.0,0.0
1075,quant,client,quic_client_test_blocked_streams_maxstream_error0,,server_return_code(134)+timeout,/home/chris/Toward-verification-of-QUIC-extensions/installer/TVOQE/results/errors/server/local/mvfst_server_newcoid/temp/793/quic_client_test_blocked_streams_maxstream_error0.iev,0.0,0.0
1076,quant,client,quic_client_test_no_odci0,,server_return_code(134)+timeout,/home/chris/Toward-verification-of-QUIC-extensions/installer/TVOQE/results/errors/server/local/mvfst_server_newcoid/temp/1147/quic_client_test_no_odci0.iev,0.0,0.0
1077,quant,client,quic_client_test_max0,,ivy_return_code(127)+,/home/chris/Toward-verification-of-QUIC-extensions/installer/TVOQE/results/errors/server/local/mvfst_server_newcoid/temp/23/quic_client_test_max0.iev,0.0,0.0
1078,quant,client,quic_client_test_no_odci0,,server_return_code(134)+timeout,/home/chris/Toward-verification-of-QUIC-extensions/installer/TVOQE/results/errors/server/local/mvfst_server_newcoid/temp/1190/quic_client_test_no_odci0.iev,0.0,0.0
1079,quant,client,quic_client_test_tp_error0,,server_return_code(134)+timeout,/home/chris/Toward-verification-of-QUIC-extensions/installer/TVOQE/results/errors/server/local/mvfst_server_newcoid/temp/288/quic_client_test_tp_error0.iev,0.0,0.0
1080,quant,client,quic_client_test_tp_limit_acticoid_error0,,server_return_code(134)+timeout,/home/chris/Toward-verification-of-QUIC-extensions/installer/TVOQE/results/errors/server/local/mvfst_server_newcoid/temp/676/quic_client_test_tp_limit_acticoid_error0.iev,0.0,0.0
1081,quant,client,quic_client_test_tp_limit_acticoid_error0,,server_return_code(134)+timeout,/home/chris/Toward-verification-of-QUIC-extensions/installer/TVOQE/results/errors/server/local/mvfst_server_newcoid/temp/640/quic_client_test_tp_limit_acticoid_error0.iev,0.0,0.0
1082,quant,client,quic_client_test_ext_min_ack_delay0,,server_return_code(134)+timeout,/home/chris/Toward-verification-of-QUIC-extensions/installer/TVOQE/results/errors/server/local/mvfst_server_newcoid/temp/1278/quic_client_test_ext_min_ack_delay0.iev,0.0,0.0
1083,quant,client,quic_client_test_max0,,ivy_return_code(127)+,/home/chris/Toward-verification-of-QUIC-extensions/installer/TVOQE/results/errors/server/local/mvfst_server_newcoid/temp/85/quic_client_test_max0.iev,0.0,0.0
1084,quant,client,quic_client_test_no_odci0,,server_return_code(134)+timeout,/home/chris/Toward-verification-of-QUIC-extensions/installer/TVOQE/results/errors/server/local/mvfst_server_newcoid/temp/1154/quic_client_test_no_odci0.iev,0.0,0.0
1085,quant,client,quic_client_test_double_tp_error0,,server_return_code(134)+timeout,/home/chris/Toward-verification-of-QUIC-extensions/installer/TVOQE/results/errors/server/local/mvfst_server_newcoid/temp/423/quic_client_test_double_tp_error0.iev,0.0,0.0
1086,quant,client,quic_client_test_tp_acticoid_error0,,server_return_code(134)+timeout,/home/chris/Toward-verification-of-QUIC-extensions/installer/TVOQE/results/errors/server/local/mvfst_server_newcoid/temp/500/quic_client_test_tp_acticoid_error0.iev,0.0,0.0
1087,quant,client,quic_client_test_newcoid_zero_error0,,server_return_code(134)+timeout,/home/chris/Toward-verification-of-QUIC-extensions/installer/TVOQE/results/errors/server/local/mvfst_server_newcoid/temp/873/quic_client_test_newcoid_zero_error0.iev,0.0,0.0
1088,quant,client,quic_client_test_tp_acticoid_error0,,server_return_code(134)+timeout,/home/chris/Toward-verification-of-QUIC-extensions/installer/TVOQE/results/errors/server/local/mvfst_server_newcoid/temp/546/quic_client_test_tp_acticoid_error0.iev,0.0,0.0
1089,quant,client,quic_client_test_accept_maxdata0,,ivy_return_code(127)+,/home/chris/Toward-verification-of-QUIC-extensions/installer/TVOQE/results/errors/server/local/mvfst_server_newcoid/temp/980/quic_client_test_accept_maxdata0.iev,0.0,0.0
1090,quant,client,quic_client_test_double_tp_error0,,server_return_code(134)+timeout,/home/chris/Toward-verification-of-QUIC-extensions/installer/TVOQE/results/errors/server/local/mvfst_server_newcoid/temp/436/quic_client_test_double_tp_error0.iev,0.0,0.0
1091,quant,client,quic_client_test_tp_prefadd_error0,,server_return_code(134)+timeout,/home/chris/Toward-verification-of-QUIC-extensions/installer/TVOQE/results/errors/server/local/mvfst_server_newcoid/temp/1007/quic_client_test_tp_prefadd_error0.iev,0.0,0.0
1092,quant,client,quic_client_test_no_odci0,,server_return_code(134)+timeout,/home/chris/Toward-verification-of-QUIC-extensions/installer/TVOQE/results/errors/server/local/mvfst_server_newcoid/temp/1157/quic_client_test_no_odci0.iev,0.0,0.0
1093,quant,client,quic_client_test_newcoid_zero_error0,,server_return_code(134)+timeout,/home/chris/Toward-verification-of-QUIC-extensions/installer/TVOQE/results/errors/server/local/mvfst_server_newcoid/temp/828/quic_client_test_newcoid_zero_error0.iev,0.0,0.0
1094,quant,client,quic_client_test_no_odci0,,server_return_code(134)+timeout,/home/chris/Toward-verification-of-QUIC-extensions/installer/TVOQE/results/errors/server/local/mvfst_server_newcoid/temp/1105/quic_client_test_no_odci0.iev,0.0,0.0
1095,quant,client,quic_client_test_no_odci0,,server_return_code(134)+timeout,/home/chris/Toward-verification-of-QUIC-extensions/installer/TVOQE/results/errors/server/local/mvfst_server_newcoid/temp/1162/quic_client_test_no_odci0.iev,0.0,0.0
1096,quant,client,quic_client_test_tp_prefadd_error0,,server_return_code(134)+timeout,/home/chris/Toward-verification-of-QUIC-extensions/installer/TVOQE/results/errors/server/local/mvfst_server_newcoid/temp/1009/quic_client_test_tp_prefadd_error0.iev,0.0,0.0
1097,quant,client,quic_client_test_newcoid_zero_error0,,server_return_code(134)+timeout,/home/chris/Toward-verification-of-QUIC-extensions/installer/TVOQE/results/errors/server/local/mvfst_server_newcoid/temp/879/quic_client_test_newcoid_zero_error0.iev,0.0,0.0
1098,quant,client,quic_client_test_no_odci0,,server_return_code(134)+timeout,/home/chris/Toward-verification-of-QUIC-extensions/installer/TVOQE/results/errors/server/local/mvfst_server_newcoid/temp/1156/quic_client_test_no_odci0.iev,0.0,0.0
1099,quant,client,quic_client_test_tp_prefadd_error0,,server_return_code(134)+timeout,/home/chris/Toward-verification-of-QUIC-extensions/installer/TVOQE/results/errors/server/local/mvfst_server_newcoid/temp/1086/quic_client_test_tp_prefadd_error0.iev,0.0,0.0
