SERVER_HANDSHAKE_TRAFFIC_SECRET 11f8bd9b4c0e426094522c52b032af10604c63c5f790fcfe29e2c5c08ec850a3 a495a3b98465c06befe169c78d57b30571d13f90f658213d8ebcef9c3a511c346cb46ceec4034f4e1cf1598200f3af41
CLIENT_HANDSHAKE_TRAFFIC_SECRET 11f8bd9b4c0e426094522c52b032af10604c63c5f790fcfe29e2c5c08ec850a3 36f3bc187745bde6b1211b886393b7db1981ac619e93c730d686ea9a3299dafce93491387636be5d2fe78ee2d38028de
SERVER_TRAFFIC_SECRET_0 11f8bd9b4c0e426094522c52b032af10604c63c5f790fcfe29e2c5c08ec850a3 45e46524507085727efbab01f601a6a78cf387b287c67c721fc583d8ae1320c96ac87137b6368a3f5c1c4e605ffff94a
EXPORTER_SECRET 11f8bd9b4c0e426094522c52b032af10604c63c5f790fcfe29e2c5c08ec850a3 3a7d075ad82ba9d9d77f109321e9412f9e046971be4124f6e6e412de9b55ad1d7881508c3219e8366f55567e6c9f8c71
CLIENT_TRAFFIC_SECRET_0 11f8bd9b4c0e426094522c52b032af10604c63c5f790fcfe29e2c5c08ec850a3 f56506e4d0ada1cf68f08c73000df9d516afdcbe31f4b5608d04e3d7662077fc079aa64b9f2551988d00f416102a7538
SERVER_HANDSHAKE_TRAFFIC_SECRET 11f8bd9b4c0e426094522c52b032af10604c63c5f790fcfe29e2c5c08ec850a3 a495a3b98465c06befe169c78d57b30571d13f90f658213d8ebcef9c3a511c346cb46ceec4034f4e1cf1598200f3af41
CLIENT_HANDSHAKE_TRAFFIC_SECRET 11f8bd9b4c0e426094522c52b032af10604c63c5f790fcfe29e2c5c08ec850a3 36f3bc187745bde6b1211b886393b7db1981ac619e93c730d686ea9a3299dafce93491387636be5d2fe78ee2d38028de
SERVER_TRAFFIC_SECRET_0 11f8bd9b4c0e426094522c52b032af10604c63c5f790fcfe29e2c5c08ec850a3 45e46524507085727efbab01f601a6a78cf387b287c67c721fc583d8ae1320c96ac87137b6368a3f5c1c4e605ffff94a
CLIENT_TRAFFIC_SECRET_0 11f8bd9b4c0e426094522c52b032af10604c63c5f790fcfe29e2c5c08ec850a3 f56506e4d0ada1cf68f08c73000df9d516afdcbe31f4b5608d04e3d7662077fc079aa64b9f2551988d00f416102a7538
CLIENT_TRAFFIC_SECRET_0 11f8bd9b4c0e426094522c52b032af10604c63c5f790fcfe29e2c5c08ec850a3 f56506e4d0ada1cf68f08c73000df9d516afdcbe31f4b5608d04e3d7662077fc079aa64b9f2551988d00f416102a7538
SERVER_HANDSHAKE_TRAFFIC_SECRET 4bd3929ded628f0cbdc2519d219df2ba253611ad353db392590f994dcebee27e 721128f5bca62de4fbb04c57b06b351bcc3d756df4725393810acd8a2bb8b3d10cba5e4a509303da7b079d073ee02b3a
CLIENT_HANDSHAKE_TRAFFIC_SECRET 4bd3929ded628f0cbdc2519d219df2ba253611ad353db392590f994dcebee27e c79b30dc4c341da6a388e1844401e026922abe51bc91e624429c468d243eeb73fdf311b0597ad04252d8730b70d58086
SERVER_TRAFFIC_SECRET_0 4bd3929ded628f0cbdc2519d219df2ba253611ad353db392590f994dcebee27e b46a867dd3dac937c71d8a7d983f89b2f613324b15fd5dd7c08d74613c8fcf04524989897d17fdf2ce1e9e99ae89718a
EXPORTER_SECRET 4bd3929ded628f0cbdc2519d219df2ba253611ad353db392590f994dcebee27e 571fe096501bcdc75e9635683b6a62f901866dc525949cd01fde74cb161192ce0ea5d4200a2a2c4cc65fe9089961e149
CLIENT_TRAFFIC_SECRET_0 4bd3929ded628f0cbdc2519d219df2ba253611ad353db392590f994dcebee27e 436407c26e6e46cee76bb1e1987649f035d078be6926846f241580c9451f75603d56dafcb9b9b2a4648466f1921a5682
SERVER_HANDSHAKE_TRAFFIC_SECRET 4bd3929ded628f0cbdc2519d219df2ba253611ad353db392590f994dcebee27e 721128f5bca62de4fbb04c57b06b351bcc3d756df4725393810acd8a2bb8b3d10cba5e4a509303da7b079d073ee02b3a
CLIENT_HANDSHAKE_TRAFFIC_SECRET 4bd3929ded628f0cbdc2519d219df2ba253611ad353db392590f994dcebee27e c79b30dc4c341da6a388e1844401e026922abe51bc91e624429c468d243eeb73fdf311b0597ad04252d8730b70d58086
SERVER_TRAFFIC_SECRET_0 4bd3929ded628f0cbdc2519d219df2ba253611ad353db392590f994dcebee27e b46a867dd3dac937c71d8a7d983f89b2f613324b15fd5dd7c08d74613c8fcf04524989897d17fdf2ce1e9e99ae89718a
CLIENT_TRAFFIC_SECRET_0 4bd3929ded628f0cbdc2519d219df2ba253611ad353db392590f994dcebee27e 436407c26e6e46cee76bb1e1987649f035d078be6926846f241580c9451f75603d56dafcb9b9b2a4648466f1921a5682
CLIENT_TRAFFIC_SECRET_0 4bd3929ded628f0cbdc2519d219df2ba253611ad353db392590f994dcebee27e 436407c26e6e46cee76bb1e1987649f035d078be6926846f241580c9451f75603d56dafcb9b9b2a4648466f1921a5682
SERVER_HANDSHAKE_TRAFFIC_SECRET 57992fad30de1e98167b149b632f40775868295c71590485c2b59ed0c367d4bc 892b4b909ae2d6b5a6e04797232e4a73ada18b3b4ac36ddf41499daa9fa6f32771fb1d832d37fbf0ec38fc195ef94b3c
CLIENT_HANDSHAKE_TRAFFIC_SECRET 57992fad30de1e98167b149b632f40775868295c71590485c2b59ed0c367d4bc 44d3eaa3b8b1d5ebffe084fc6338803c0f538225ba86fcce2293eecaa4e117a6363798ceef97026ee9377874a22a2fda
SERVER_TRAFFIC_SECRET_0 57992fad30de1e98167b149b632f40775868295c71590485c2b59ed0c367d4bc 0a7e9ed9c293d003683f55c7139dcfa566ab0bb1f704726ab292a293a10d4a8f1889949fa42c8d03365f2e862fd36d52
EXPORTER_SECRET 57992fad30de1e98167b149b632f40775868295c71590485c2b59ed0c367d4bc 0a2aad8c7afba46c1943340c46ddecc377f9274164cf2add998d9b22b6ac612aa523aff602216ecc8b091c0cec57cc33
CLIENT_TRAFFIC_SECRET_0 57992fad30de1e98167b149b632f40775868295c71590485c2b59ed0c367d4bc 6146a7d42dcea6c5ac4b2240ec9782ebbcb2e730f5a468d9ce247b1f64a3f1d1eb1751d43fd9582c9dcdbfdad9c69dc2
SERVER_HANDSHAKE_TRAFFIC_SECRET 57992fad30de1e98167b149b632f40775868295c71590485c2b59ed0c367d4bc 892b4b909ae2d6b5a6e04797232e4a73ada18b3b4ac36ddf41499daa9fa6f32771fb1d832d37fbf0ec38fc195ef94b3c
CLIENT_HANDSHAKE_TRAFFIC_SECRET 57992fad30de1e98167b149b632f40775868295c71590485c2b59ed0c367d4bc 44d3eaa3b8b1d5ebffe084fc6338803c0f538225ba86fcce2293eecaa4e117a6363798ceef97026ee9377874a22a2fda
SERVER_TRAFFIC_SECRET_0 57992fad30de1e98167b149b632f40775868295c71590485c2b59ed0c367d4bc 0a7e9ed9c293d003683f55c7139dcfa566ab0bb1f704726ab292a293a10d4a8f1889949fa42c8d03365f2e862fd36d52
CLIENT_TRAFFIC_SECRET_0 57992fad30de1e98167b149b632f40775868295c71590485c2b59ed0c367d4bc 6146a7d42dcea6c5ac4b2240ec9782ebbcb2e730f5a468d9ce247b1f64a3f1d1eb1751d43fd9582c9dcdbfdad9c69dc2
CLIENT_TRAFFIC_SECRET_0 57992fad30de1e98167b149b632f40775868295c71590485c2b59ed0c367d4bc 6146a7d42dcea6c5ac4b2240ec9782ebbcb2e730f5a468d9ce247b1f64a3f1d1eb1751d43fd9582c9dcdbfdad9c69dc2
SERVER_HANDSHAKE_TRAFFIC_SECRET b9e6b30073ef7743bae5f4be00e796c1dfb8f5fd4a7081d99e7ebe3967eb6789 3a6223a0ee6219b79d1769c64a158ceb6923e65ad263890d62b487c38abf88373b2149ce84a5775bfd1a0bfb9c4eb861
CLIENT_HANDSHAKE_TRAFFIC_SECRET b9e6b30073ef7743bae5f4be00e796c1dfb8f5fd4a7081d99e7ebe3967eb6789 bd7c0cd705e503bc214c7491923d210209f5b50fb8cb486272ad452f6686ea4e496b2f9b224f0397f36240d1dfd58dbd
SERVER_TRAFFIC_SECRET_0 b9e6b30073ef7743bae5f4be00e796c1dfb8f5fd4a7081d99e7ebe3967eb6789 5ed268936fe20d1995492f8c078fc2a0dd70addba3257611218a130755d51fe30fb114b311be2cf3c46887de9f826bdc
EXPORTER_SECRET b9e6b30073ef7743bae5f4be00e796c1dfb8f5fd4a7081d99e7ebe3967eb6789 2b4b56e956ea5b8d4fc9190aca94bc611f4a4404525e6926049540eefb977d7b26c151596784b354e76dc71182c0b85b
CLIENT_TRAFFIC_SECRET_0 b9e6b30073ef7743bae5f4be00e796c1dfb8f5fd4a7081d99e7ebe3967eb6789 0f5df4db1c5cc3f4ad0093b7fd89c2ae096de22031465d7a7941c9856239ed8f9c04502d85d877ae24cea0773322fd0c
SERVER_HANDSHAKE_TRAFFIC_SECRET b9e6b30073ef7743bae5f4be00e796c1dfb8f5fd4a7081d99e7ebe3967eb6789 3a6223a0ee6219b79d1769c64a158ceb6923e65ad263890d62b487c38abf88373b2149ce84a5775bfd1a0bfb9c4eb861
CLIENT_HANDSHAKE_TRAFFIC_SECRET b9e6b30073ef7743bae5f4be00e796c1dfb8f5fd4a7081d99e7ebe3967eb6789 bd7c0cd705e503bc214c7491923d210209f5b50fb8cb486272ad452f6686ea4e496b2f9b224f0397f36240d1dfd58dbd
SERVER_TRAFFIC_SECRET_0 b9e6b30073ef7743bae5f4be00e796c1dfb8f5fd4a7081d99e7ebe3967eb6789 5ed268936fe20d1995492f8c078fc2a0dd70addba3257611218a130755d51fe30fb114b311be2cf3c46887de9f826bdc
CLIENT_TRAFFIC_SECRET_0 b9e6b30073ef7743bae5f4be00e796c1dfb8f5fd4a7081d99e7ebe3967eb6789 0f5df4db1c5cc3f4ad0093b7fd89c2ae096de22031465d7a7941c9856239ed8f9c04502d85d877ae24cea0773322fd0c
CLIENT_TRAFFIC_SECRET_0 b9e6b30073ef7743bae5f4be00e796c1dfb8f5fd4a7081d99e7ebe3967eb6789 0f5df4db1c5cc3f4ad0093b7fd89c2ae096de22031465d7a7941c9856239ed8f9c04502d85d877ae24cea0773322fd0c
SERVER_HANDSHAKE_TRAFFIC_SECRET b354e417243d6b7786bff419a696293b4799a7f883f1dd3ec1f9f9321bdba834 d3a6b904b508435f0ce118a982f0a53c017d3f5daa126b5637bc56222f7e2d5491677ef9e87e30324b61d1b24659a809
CLIENT_HANDSHAKE_TRAFFIC_SECRET b354e417243d6b7786bff419a696293b4799a7f883f1dd3ec1f9f9321bdba834 95e117cb4d84ed681409ee0cc4a87ae33dd59e152db1ca0e265a5b709b8c05e678f45b7b3286d3ce9e27efd0cc036d71
SERVER_TRAFFIC_SECRET_0 b354e417243d6b7786bff419a696293b4799a7f883f1dd3ec1f9f9321bdba834 8c6159fe1a6ea0b3a7cabe4bb2d9833e1d83fccf19a45ea0ae56402a2b48f12ae0c9508e6eb1e312f531a8a5fc2c4d47
EXPORTER_SECRET b354e417243d6b7786bff419a696293b4799a7f883f1dd3ec1f9f9321bdba834 1f1a9022b069f5bae3dd8045b68d40e891c403151143369098da9f5f9ee8ea2f021cd647fed052b38429e73b561a32b0
CLIENT_TRAFFIC_SECRET_0 b354e417243d6b7786bff419a696293b4799a7f883f1dd3ec1f9f9321bdba834 005bb3dc0c5a1e0b3ed3fb6069f40958a9aa39684da1d124f70c4eaef5c96686cc58a38e975df02eea495764d4ac2230
SERVER_HANDSHAKE_TRAFFIC_SECRET b354e417243d6b7786bff419a696293b4799a7f883f1dd3ec1f9f9321bdba834 d3a6b904b508435f0ce118a982f0a53c017d3f5daa126b5637bc56222f7e2d5491677ef9e87e30324b61d1b24659a809
CLIENT_HANDSHAKE_TRAFFIC_SECRET b354e417243d6b7786bff419a696293b4799a7f883f1dd3ec1f9f9321bdba834 95e117cb4d84ed681409ee0cc4a87ae33dd59e152db1ca0e265a5b709b8c05e678f45b7b3286d3ce9e27efd0cc036d71
SERVER_TRAFFIC_SECRET_0 b354e417243d6b7786bff419a696293b4799a7f883f1dd3ec1f9f9321bdba834 8c6159fe1a6ea0b3a7cabe4bb2d9833e1d83fccf19a45ea0ae56402a2b48f12ae0c9508e6eb1e312f531a8a5fc2c4d47
CLIENT_TRAFFIC_SECRET_0 b354e417243d6b7786bff419a696293b4799a7f883f1dd3ec1f9f9321bdba834 005bb3dc0c5a1e0b3ed3fb6069f40958a9aa39684da1d124f70c4eaef5c96686cc58a38e975df02eea495764d4ac2230
CLIENT_TRAFFIC_SECRET_0 b354e417243d6b7786bff419a696293b4799a7f883f1dd3ec1f9f9321bdba834 005bb3dc0c5a1e0b3ed3fb6069f40958a9aa39684da1d124f70c4eaef5c96686cc58a38e975df02eea495764d4ac2230
SERVER_HANDSHAKE_TRAFFIC_SECRET 5533f793a2d3dac5c4dfd9b940c3b8524596b1ce8080ce6deca7d7bb8f7a39ca 8c9e595c32e020660905ac2a30809db2c2a3b6a104f1b7b600fc9644ee1d99dee7c2d964e5c6abd1253fce43adce8c5e
CLIENT_HANDSHAKE_TRAFFIC_SECRET 5533f793a2d3dac5c4dfd9b940c3b8524596b1ce8080ce6deca7d7bb8f7a39ca 7e81f65170ba6d66fb56077bcf654a902708b807943fe91b824bec4dcdb8c8cf67ed403d7bec71bb98fd489025f7ffd9
SERVER_TRAFFIC_SECRET_0 5533f793a2d3dac5c4dfd9b940c3b8524596b1ce8080ce6deca7d7bb8f7a39ca ec0232967849ebf605ff76f6213e3af4eb99a1e3c0777723a731324835c7a438298f9db27f7a39e1ffe37a20a46c167a
EXPORTER_SECRET 5533f793a2d3dac5c4dfd9b940c3b8524596b1ce8080ce6deca7d7bb8f7a39ca 14a77bd0833fda922496af818e30fb21c9119cbe3290be76a7fd03c3d3764f02755fceb30b1f08d9b6459cab2b9eb6fa
CLIENT_TRAFFIC_SECRET_0 5533f793a2d3dac5c4dfd9b940c3b8524596b1ce8080ce6deca7d7bb8f7a39ca 8a467e2760d9555b212a2e87ce8b41dbe4df6db45a42a8e1bf08f4590370a13ea5ab8802d25993fb5508be44489a1703
SERVER_HANDSHAKE_TRAFFIC_SECRET 5533f793a2d3dac5c4dfd9b940c3b8524596b1ce8080ce6deca7d7bb8f7a39ca 8c9e595c32e020660905ac2a30809db2c2a3b6a104f1b7b600fc9644ee1d99dee7c2d964e5c6abd1253fce43adce8c5e
CLIENT_HANDSHAKE_TRAFFIC_SECRET 5533f793a2d3dac5c4dfd9b940c3b8524596b1ce8080ce6deca7d7bb8f7a39ca 7e81f65170ba6d66fb56077bcf654a902708b807943fe91b824bec4dcdb8c8cf67ed403d7bec71bb98fd489025f7ffd9
SERVER_TRAFFIC_SECRET_0 5533f793a2d3dac5c4dfd9b940c3b8524596b1ce8080ce6deca7d7bb8f7a39ca ec0232967849ebf605ff76f6213e3af4eb99a1e3c0777723a731324835c7a438298f9db27f7a39e1ffe37a20a46c167a
CLIENT_TRAFFIC_SECRET_0 5533f793a2d3dac5c4dfd9b940c3b8524596b1ce8080ce6deca7d7bb8f7a39ca 8a467e2760d9555b212a2e87ce8b41dbe4df6db45a42a8e1bf08f4590370a13ea5ab8802d25993fb5508be44489a1703
CLIENT_TRAFFIC_SECRET_0 5533f793a2d3dac5c4dfd9b940c3b8524596b1ce8080ce6deca7d7bb8f7a39ca 8a467e2760d9555b212a2e87ce8b41dbe4df6db45a42a8e1bf08f4590370a13ea5ab8802d25993fb5508be44489a1703
SERVER_HANDSHAKE_TRAFFIC_SECRET d61b51101937e6ff19fb98877ba121187d986039e8787e9bda7b5e86153f947d 05dbae84001d9ff5c2e1dd0d968c0632670c2e33dff7d727ce72b7d6c48ad1b2dac005cf64be0f05fa6f643c6cb23737
CLIENT_HANDSHAKE_TRAFFIC_SECRET d61b51101937e6ff19fb98877ba121187d986039e8787e9bda7b5e86153f947d a09b869049df0f2ecf2443b31fc97ee8f68613b089aac91ae3d5aed7d33a269544ee769cefaa052728e124e230a0dc60
SERVER_TRAFFIC_SECRET_0 d61b51101937e6ff19fb98877ba121187d986039e8787e9bda7b5e86153f947d 97918ee579122ba21aa671790f3b3d98c34d4fdfc3411bcbe4ba462bc58e128d7a8541fba5f797c056b852d6bbb5fca3
EXPORTER_SECRET d61b51101937e6ff19fb98877ba121187d986039e8787e9bda7b5e86153f947d 3cd2c3c20da8347ed8f731a891870d5f0a765a870f01bf25a397b24e9efbf4921bca2f38e19177ce5885fd976bc31e54
CLIENT_TRAFFIC_SECRET_0 d61b51101937e6ff19fb98877ba121187d986039e8787e9bda7b5e86153f947d 06fb068ba24a2cbb67d7f60882000e0e5c972eb38eeb7c8d1daf0607dc9c2ae702b5514b8e14c5b8024f1282362cd3be
SERVER_HANDSHAKE_TRAFFIC_SECRET d61b51101937e6ff19fb98877ba121187d986039e8787e9bda7b5e86153f947d 05dbae84001d9ff5c2e1dd0d968c0632670c2e33dff7d727ce72b7d6c48ad1b2dac005cf64be0f05fa6f643c6cb23737
CLIENT_HANDSHAKE_TRAFFIC_SECRET d61b51101937e6ff19fb98877ba121187d986039e8787e9bda7b5e86153f947d a09b869049df0f2ecf2443b31fc97ee8f68613b089aac91ae3d5aed7d33a269544ee769cefaa052728e124e230a0dc60
SERVER_TRAFFIC_SECRET_0 d61b51101937e6ff19fb98877ba121187d986039e8787e9bda7b5e86153f947d 97918ee579122ba21aa671790f3b3d98c34d4fdfc3411bcbe4ba462bc58e128d7a8541fba5f797c056b852d6bbb5fca3
CLIENT_TRAFFIC_SECRET_0 d61b51101937e6ff19fb98877ba121187d986039e8787e9bda7b5e86153f947d 06fb068ba24a2cbb67d7f60882000e0e5c972eb38eeb7c8d1daf0607dc9c2ae702b5514b8e14c5b8024f1282362cd3be
CLIENT_TRAFFIC_SECRET_0 d61b51101937e6ff19fb98877ba121187d986039e8787e9bda7b5e86153f947d 06fb068ba24a2cbb67d7f60882000e0e5c972eb38eeb7c8d1daf0607dc9c2ae702b5514b8e14c5b8024f1282362cd3be
SERVER_HANDSHAKE_TRAFFIC_SECRET 848d50cbe83db746d66667d69cc44bbcd4d65be25f806427d31bd43a3d055133 7f85fe884153a424b00f3749746a9d62c0f2312b21a300c467818043bdd9fe213a98a79349246ff903290e427ae79f4e
CLIENT_HANDSHAKE_TRAFFIC_SECRET 848d50cbe83db746d66667d69cc44bbcd4d65be25f806427d31bd43a3d055133 88d9776eff4c3c9ae3f1b1451c0e18293a9b5d1a5b1fa1e6debb118800b26f304570055050097c490ce1ad671cf2c0aa
SERVER_TRAFFIC_SECRET_0 848d50cbe83db746d66667d69cc44bbcd4d65be25f806427d31bd43a3d055133 2c4ffab366303eac894410910a3b818e1c2366bcce5ab469a21aa4e47ac0f092a7b815fca4b4954a27fdeef1953bd0c5
EXPORTER_SECRET 848d50cbe83db746d66667d69cc44bbcd4d65be25f806427d31bd43a3d055133 3db3683f1c4f8d6ab788a86e300857aaa985387b92ffb7b4be704b34bb246a4d499abf4f2477d9a0e026dfbe28b5ddd2
CLIENT_TRAFFIC_SECRET_0 848d50cbe83db746d66667d69cc44bbcd4d65be25f806427d31bd43a3d055133 cba8c69282fa4eb234c1e504c0e4639d032901484e4068d6ec75fa83cc8a3909e9d19c1c0b691e1085bf546ae725a489
SERVER_HANDSHAKE_TRAFFIC_SECRET 848d50cbe83db746d66667d69cc44bbcd4d65be25f806427d31bd43a3d055133 7f85fe884153a424b00f3749746a9d62c0f2312b21a300c467818043bdd9fe213a98a79349246ff903290e427ae79f4e
CLIENT_HANDSHAKE_TRAFFIC_SECRET 848d50cbe83db746d66667d69cc44bbcd4d65be25f806427d31bd43a3d055133 88d9776eff4c3c9ae3f1b1451c0e18293a9b5d1a5b1fa1e6debb118800b26f304570055050097c490ce1ad671cf2c0aa
SERVER_TRAFFIC_SECRET_0 848d50cbe83db746d66667d69cc44bbcd4d65be25f806427d31bd43a3d055133 2c4ffab366303eac894410910a3b818e1c2366bcce5ab469a21aa4e47ac0f092a7b815fca4b4954a27fdeef1953bd0c5
CLIENT_TRAFFIC_SECRET_0 848d50cbe83db746d66667d69cc44bbcd4d65be25f806427d31bd43a3d055133 cba8c69282fa4eb234c1e504c0e4639d032901484e4068d6ec75fa83cc8a3909e9d19c1c0b691e1085bf546ae725a489
CLIENT_TRAFFIC_SECRET_0 848d50cbe83db746d66667d69cc44bbcd4d65be25f806427d31bd43a3d055133 cba8c69282fa4eb234c1e504c0e4639d032901484e4068d6ec75fa83cc8a3909e9d19c1c0b691e1085bf546ae725a489
SERVER_HANDSHAKE_TRAFFIC_SECRET fc02aa17b52afb6f9e48186a0aa59904ecdbc4ea4e6888d777e43cdda293954a 4a0bc829403929a78ce504275bb5c2705bc8d357602993d936307e13b18d0f9d766487d70ff0e6567253d92b45df787f
CLIENT_HANDSHAKE_TRAFFIC_SECRET fc02aa17b52afb6f9e48186a0aa59904ecdbc4ea4e6888d777e43cdda293954a be8783807777ca58ddd2a47179ee1f16624dafb4b6701e5bce2d749a1672d969d0704aff1d100ebf0390fb11be6935fc
SERVER_TRAFFIC_SECRET_0 fc02aa17b52afb6f9e48186a0aa59904ecdbc4ea4e6888d777e43cdda293954a 9c8bea15bf3a17d113c69c97130c486740abf67f50cbc78b9b8648a32a88468a58a8b71a9f9d4e74d8ea3723d8c8e839
EXPORTER_SECRET fc02aa17b52afb6f9e48186a0aa59904ecdbc4ea4e6888d777e43cdda293954a 3a00ec19602226e2658e0e46dcf12a719b5efee9270bb81d91a0033293037f2bfd584c3c9c036067835862d13b85f2fc
CLIENT_TRAFFIC_SECRET_0 fc02aa17b52afb6f9e48186a0aa59904ecdbc4ea4e6888d777e43cdda293954a 9ac658dcd8c9d50cf32451ed11f69dc4dd011c4383f1863307a1b7e1da8030f473da5b0b4ac7d39327e216dd9664fa7d
SERVER_HANDSHAKE_TRAFFIC_SECRET fc02aa17b52afb6f9e48186a0aa59904ecdbc4ea4e6888d777e43cdda293954a 4a0bc829403929a78ce504275bb5c2705bc8d357602993d936307e13b18d0f9d766487d70ff0e6567253d92b45df787f
CLIENT_HANDSHAKE_TRAFFIC_SECRET fc02aa17b52afb6f9e48186a0aa59904ecdbc4ea4e6888d777e43cdda293954a be8783807777ca58ddd2a47179ee1f16624dafb4b6701e5bce2d749a1672d969d0704aff1d100ebf0390fb11be6935fc
SERVER_TRAFFIC_SECRET_0 fc02aa17b52afb6f9e48186a0aa59904ecdbc4ea4e6888d777e43cdda293954a 9c8bea15bf3a17d113c69c97130c486740abf67f50cbc78b9b8648a32a88468a58a8b71a9f9d4e74d8ea3723d8c8e839
CLIENT_TRAFFIC_SECRET_0 fc02aa17b52afb6f9e48186a0aa59904ecdbc4ea4e6888d777e43cdda293954a 9ac658dcd8c9d50cf32451ed11f69dc4dd011c4383f1863307a1b7e1da8030f473da5b0b4ac7d39327e216dd9664fa7d
CLIENT_TRAFFIC_SECRET_0 fc02aa17b52afb6f9e48186a0aa59904ecdbc4ea4e6888d777e43cdda293954a 9ac658dcd8c9d50cf32451ed11f69dc4dd011c4383f1863307a1b7e1da8030f473da5b0b4ac7d39327e216dd9664fa7d
SERVER_HANDSHAKE_TRAFFIC_SECRET df273131d593e2373bcfdc1c36cd6b50507679bf0723a3af8e9917d0c10a9843 c76334900b7602a34ab790c0d45048b53704c886b8709e31b1ff0da30e5f0cb7ae68873cd3a93e686de1f0538646cb32
CLIENT_HANDSHAKE_TRAFFIC_SECRET df273131d593e2373bcfdc1c36cd6b50507679bf0723a3af8e9917d0c10a9843 bcd70122bf7f030f673b82a4e0a8b1b30f3b55e0b4ea9ed31152ce682eb75d9fd34dc6caf1df38d8d25f5f715945ccb1
SERVER_TRAFFIC_SECRET_0 df273131d593e2373bcfdc1c36cd6b50507679bf0723a3af8e9917d0c10a9843 d060994a509f515cf9d82396ab77e0cf3d0da493ad39e0c6500a0f9beb8973e67bb406cb524bdc602e689f84cc0cf46f
EXPORTER_SECRET df273131d593e2373bcfdc1c36cd6b50507679bf0723a3af8e9917d0c10a9843 e6acab4e5b1af96a06dedf8abe8f3d19d12c872e5c63a73f239d778f13cc922d0ef9399b2f00b3c8b8923cbae864cb49
CLIENT_TRAFFIC_SECRET_0 df273131d593e2373bcfdc1c36cd6b50507679bf0723a3af8e9917d0c10a9843 65931bb894b9072de774263d098a90c1d895eb0194e2447a64086ca4c9ee732fd2c8be645fdd717a9ad81164d83b178a
SERVER_HANDSHAKE_TRAFFIC_SECRET df273131d593e2373bcfdc1c36cd6b50507679bf0723a3af8e9917d0c10a9843 c76334900b7602a34ab790c0d45048b53704c886b8709e31b1ff0da30e5f0cb7ae68873cd3a93e686de1f0538646cb32
CLIENT_HANDSHAKE_TRAFFIC_SECRET df273131d593e2373bcfdc1c36cd6b50507679bf0723a3af8e9917d0c10a9843 bcd70122bf7f030f673b82a4e0a8b1b30f3b55e0b4ea9ed31152ce682eb75d9fd34dc6caf1df38d8d25f5f715945ccb1
SERVER_TRAFFIC_SECRET_0 df273131d593e2373bcfdc1c36cd6b50507679bf0723a3af8e9917d0c10a9843 d060994a509f515cf9d82396ab77e0cf3d0da493ad39e0c6500a0f9beb8973e67bb406cb524bdc602e689f84cc0cf46f
CLIENT_TRAFFIC_SECRET_0 df273131d593e2373bcfdc1c36cd6b50507679bf0723a3af8e9917d0c10a9843 65931bb894b9072de774263d098a90c1d895eb0194e2447a64086ca4c9ee732fd2c8be645fdd717a9ad81164d83b178a
CLIENT_TRAFFIC_SECRET_0 df273131d593e2373bcfdc1c36cd6b50507679bf0723a3af8e9917d0c10a9843 65931bb894b9072de774263d098a90c1d895eb0194e2447a64086ca4c9ee732fd2c8be645fdd717a9ad81164d83b178a
SERVER_HANDSHAKE_TRAFFIC_SECRET bb241feee9833b93aaf7bbf2872a15a0a36d95044c482e8bfb1e0404771e86ae 4812f85f6b622d447728a56e1278cd429870a1137fdc041d5428067cb9fc4b168299ed8bc02f3b26434bf463a4656c2e
CLIENT_HANDSHAKE_TRAFFIC_SECRET bb241feee9833b93aaf7bbf2872a15a0a36d95044c482e8bfb1e0404771e86ae 9528abef6f4b5fc4889f1a2019afcc74d9fc9240d7182fad1ce8b0e57b664854e5648b2f882bd63e8136b29f33f52a2e
SERVER_TRAFFIC_SECRET_0 bb241feee9833b93aaf7bbf2872a15a0a36d95044c482e8bfb1e0404771e86ae 4e07a014dd4f662b1294a093e940e0fc67966cc8d765c3e7d2cf4069941b276ae4362c52fb3e5f75ad137845fbd93c9e
EXPORTER_SECRET bb241feee9833b93aaf7bbf2872a15a0a36d95044c482e8bfb1e0404771e86ae 65b8ddd87cd720f15053162453d01505ed1a55b1d8b1b4086558d28aa1f85a2bc4d14e5d83f3371909857c9e4378de04
CLIENT_TRAFFIC_SECRET_0 bb241feee9833b93aaf7bbf2872a15a0a36d95044c482e8bfb1e0404771e86ae 0b8e77ded4c966119c0a24727e48ee16c58cff5961778d365828fd81f4432bf269efd76c57e9e0315303f55a55852005
SERVER_HANDSHAKE_TRAFFIC_SECRET bb241feee9833b93aaf7bbf2872a15a0a36d95044c482e8bfb1e0404771e86ae 4812f85f6b622d447728a56e1278cd429870a1137fdc041d5428067cb9fc4b168299ed8bc02f3b26434bf463a4656c2e
CLIENT_HANDSHAKE_TRAFFIC_SECRET bb241feee9833b93aaf7bbf2872a15a0a36d95044c482e8bfb1e0404771e86ae 9528abef6f4b5fc4889f1a2019afcc74d9fc9240d7182fad1ce8b0e57b664854e5648b2f882bd63e8136b29f33f52a2e
SERVER_TRAFFIC_SECRET_0 bb241feee9833b93aaf7bbf2872a15a0a36d95044c482e8bfb1e0404771e86ae 4e07a014dd4f662b1294a093e940e0fc67966cc8d765c3e7d2cf4069941b276ae4362c52fb3e5f75ad137845fbd93c9e
CLIENT_TRAFFIC_SECRET_0 bb241feee9833b93aaf7bbf2872a15a0a36d95044c482e8bfb1e0404771e86ae 0b8e77ded4c966119c0a24727e48ee16c58cff5961778d365828fd81f4432bf269efd76c57e9e0315303f55a55852005
CLIENT_TRAFFIC_SECRET_0 bb241feee9833b93aaf7bbf2872a15a0a36d95044c482e8bfb1e0404771e86ae 0b8e77ded4c966119c0a24727e48ee16c58cff5961778d365828fd81f4432bf269efd76c57e9e0315303f55a55852005
SERVER_HANDSHAKE_TRAFFIC_SECRET 05bff13c3388cd4ddadfd0af95b52ebfcabb99d132a171fcb0aafb6f521f9e3f f9b1a7e38ffd70e6e878af1a095b3eaa393e5424f1071e3b8d125d516ce8b80535cf1177225d67b3055317b098247e39
CLIENT_HANDSHAKE_TRAFFIC_SECRET 05bff13c3388cd4ddadfd0af95b52ebfcabb99d132a171fcb0aafb6f521f9e3f 560d88baf46680a4fe5839af67bfa39c95d7ce5d7c8295236e008742f861f7f2466d14554c432867fc5ed306e74f35a7
SERVER_TRAFFIC_SECRET_0 05bff13c3388cd4ddadfd0af95b52ebfcabb99d132a171fcb0aafb6f521f9e3f e2d0bcbb48e7ca7e4896af94aa7ff754aad3417b91ca964ce4b0fccf960376bad7eb135d70c252b708f6113326c0bde4
EXPORTER_SECRET 05bff13c3388cd4ddadfd0af95b52ebfcabb99d132a171fcb0aafb6f521f9e3f 1eb57758c1b2ed3d570b7cee6f27499a73c1d6648bf524dabc2560fcb01ffed398772469696d8896ef6591246ce09c06
CLIENT_TRAFFIC_SECRET_0 05bff13c3388cd4ddadfd0af95b52ebfcabb99d132a171fcb0aafb6f521f9e3f abde56c06126e31bf369df92e828ee7f2b3587c344d06080ee13df9d24ca814c89e9bbfb52a68ba03eb4eba09186220d
SERVER_HANDSHAKE_TRAFFIC_SECRET 05bff13c3388cd4ddadfd0af95b52ebfcabb99d132a171fcb0aafb6f521f9e3f f9b1a7e38ffd70e6e878af1a095b3eaa393e5424f1071e3b8d125d516ce8b80535cf1177225d67b3055317b098247e39
CLIENT_HANDSHAKE_TRAFFIC_SECRET 05bff13c3388cd4ddadfd0af95b52ebfcabb99d132a171fcb0aafb6f521f9e3f 560d88baf46680a4fe5839af67bfa39c95d7ce5d7c8295236e008742f861f7f2466d14554c432867fc5ed306e74f35a7
SERVER_TRAFFIC_SECRET_0 05bff13c3388cd4ddadfd0af95b52ebfcabb99d132a171fcb0aafb6f521f9e3f e2d0bcbb48e7ca7e4896af94aa7ff754aad3417b91ca964ce4b0fccf960376bad7eb135d70c252b708f6113326c0bde4
CLIENT_TRAFFIC_SECRET_0 05bff13c3388cd4ddadfd0af95b52ebfcabb99d132a171fcb0aafb6f521f9e3f abde56c06126e31bf369df92e828ee7f2b3587c344d06080ee13df9d24ca814c89e9bbfb52a68ba03eb4eba09186220d
CLIENT_TRAFFIC_SECRET_0 05bff13c3388cd4ddadfd0af95b52ebfcabb99d132a171fcb0aafb6f521f9e3f abde56c06126e31bf369df92e828ee7f2b3587c344d06080ee13df9d24ca814c89e9bbfb52a68ba03eb4eba09186220d
SERVER_HANDSHAKE_TRAFFIC_SECRET c04ef89f2ea8bbdb6dea2fc90388569b3afd6a725dee94fd2b305c9725880b67 8239f2e7e5b954a96578899c7eaaf530ca4d29d7a2a2f867963dd26102b31f6ca8cb36437bba292bd4d0cfafbd14ef7b
CLIENT_HANDSHAKE_TRAFFIC_SECRET c04ef89f2ea8bbdb6dea2fc90388569b3afd6a725dee94fd2b305c9725880b67 2de0771845fe4092d9ed91265c3b5541aab148d791bd9f8ac5fe39e341191e6b45ee00119d87d89873fd97ed0329c4b8
SERVER_TRAFFIC_SECRET_0 c04ef89f2ea8bbdb6dea2fc90388569b3afd6a725dee94fd2b305c9725880b67 eb5a133b1cbaa6898d431c2facafa98a544cbe68e40fa0cce159e7d7066031eec993b2de48381a4407e24c70ee713649
EXPORTER_SECRET c04ef89f2ea8bbdb6dea2fc90388569b3afd6a725dee94fd2b305c9725880b67 67b25b256c782eb07b58b6ae44d81aae91e31bf0983d196d6198fdf8a3cf2d22cf8480cce33bab0b5595b06a82a682e1
CLIENT_TRAFFIC_SECRET_0 c04ef89f2ea8bbdb6dea2fc90388569b3afd6a725dee94fd2b305c9725880b67 a76904085f8e9404c8081d5006437dc566b4accbfe8b64738544501d6a5df45aa89add1a58caf76c322ce0dba9ec155f
SERVER_HANDSHAKE_TRAFFIC_SECRET c04ef89f2ea8bbdb6dea2fc90388569b3afd6a725dee94fd2b305c9725880b67 8239f2e7e5b954a96578899c7eaaf530ca4d29d7a2a2f867963dd26102b31f6ca8cb36437bba292bd4d0cfafbd14ef7b
CLIENT_HANDSHAKE_TRAFFIC_SECRET c04ef89f2ea8bbdb6dea2fc90388569b3afd6a725dee94fd2b305c9725880b67 2de0771845fe4092d9ed91265c3b5541aab148d791bd9f8ac5fe39e341191e6b45ee00119d87d89873fd97ed0329c4b8
SERVER_TRAFFIC_SECRET_0 c04ef89f2ea8bbdb6dea2fc90388569b3afd6a725dee94fd2b305c9725880b67 eb5a133b1cbaa6898d431c2facafa98a544cbe68e40fa0cce159e7d7066031eec993b2de48381a4407e24c70ee713649
CLIENT_TRAFFIC_SECRET_0 c04ef89f2ea8bbdb6dea2fc90388569b3afd6a725dee94fd2b305c9725880b67 a76904085f8e9404c8081d5006437dc566b4accbfe8b64738544501d6a5df45aa89add1a58caf76c322ce0dba9ec155f
CLIENT_TRAFFIC_SECRET_0 c04ef89f2ea8bbdb6dea2fc90388569b3afd6a725dee94fd2b305c9725880b67 a76904085f8e9404c8081d5006437dc566b4accbfe8b64738544501d6a5df45aa89add1a58caf76c322ce0dba9ec155f
SERVER_HANDSHAKE_TRAFFIC_SECRET fc554d66828578a05ef6bfea827063e91dd18e6e091a6d1b23f33bd08e2f513f 0a33fc7159c2aef7398c1acae0a56ab4cc174a77be0715a984a9ae06dc4100bf1d97ec03568badf4428f544cab2e832d
CLIENT_HANDSHAKE_TRAFFIC_SECRET fc554d66828578a05ef6bfea827063e91dd18e6e091a6d1b23f33bd08e2f513f 6b28485146e9830ccb9c78babde7a35c4b79856fb3b38d02d8b2f83f601921b46743c3b5f023039671f224b28cd09bc9
SERVER_TRAFFIC_SECRET_0 fc554d66828578a05ef6bfea827063e91dd18e6e091a6d1b23f33bd08e2f513f f5e05463a9d9b4cf1d891dc989305e08401022be533308dd18c49d00f5c46d41b8e1934716dd1c9844ac229f34416e76
EXPORTER_SECRET fc554d66828578a05ef6bfea827063e91dd18e6e091a6d1b23f33bd08e2f513f 1312bbbe18172a10c45e77526cf5593cd5cee7ecccd27002693448e413342744d426ae8527a087000ab36db9f51cdab7
CLIENT_TRAFFIC_SECRET_0 fc554d66828578a05ef6bfea827063e91dd18e6e091a6d1b23f33bd08e2f513f 3dfb4f2a7ed7727068996366245a791ea58290e05ec41eb93f6ba2ac5793f5c78d5ede03983b5aaeef7a8f0f0528ff66
SERVER_HANDSHAKE_TRAFFIC_SECRET fc554d66828578a05ef6bfea827063e91dd18e6e091a6d1b23f33bd08e2f513f 0a33fc7159c2aef7398c1acae0a56ab4cc174a77be0715a984a9ae06dc4100bf1d97ec03568badf4428f544cab2e832d
CLIENT_HANDSHAKE_TRAFFIC_SECRET fc554d66828578a05ef6bfea827063e91dd18e6e091a6d1b23f33bd08e2f513f 6b28485146e9830ccb9c78babde7a35c4b79856fb3b38d02d8b2f83f601921b46743c3b5f023039671f224b28cd09bc9
SERVER_TRAFFIC_SECRET_0 fc554d66828578a05ef6bfea827063e91dd18e6e091a6d1b23f33bd08e2f513f f5e05463a9d9b4cf1d891dc989305e08401022be533308dd18c49d00f5c46d41b8e1934716dd1c9844ac229f34416e76
CLIENT_TRAFFIC_SECRET_0 fc554d66828578a05ef6bfea827063e91dd18e6e091a6d1b23f33bd08e2f513f 3dfb4f2a7ed7727068996366245a791ea58290e05ec41eb93f6ba2ac5793f5c78d5ede03983b5aaeef7a8f0f0528ff66
CLIENT_TRAFFIC_SECRET_0 fc554d66828578a05ef6bfea827063e91dd18e6e091a6d1b23f33bd08e2f513f 3dfb4f2a7ed7727068996366245a791ea58290e05ec41eb93f6ba2ac5793f5c78d5ede03983b5aaeef7a8f0f0528ff66
SERVER_HANDSHAKE_TRAFFIC_SECRET e5913dc09984c111fa1b0ba575cd0207d0498f9df1d868a04109259a69970858 b754a28cb5aa4c9ddbc59ffffd5ecdad6bad192affd1a67b39df2ffe13b16c1894860228acc2cf27eb8e058d435ceb79
CLIENT_HANDSHAKE_TRAFFIC_SECRET e5913dc09984c111fa1b0ba575cd0207d0498f9df1d868a04109259a69970858 07d983303abbaf1e9b354fbc6a8401e039ca02c261e56d019ef3cb647c7c664844632d41e10aeef65c19351977a2579a
SERVER_TRAFFIC_SECRET_0 e5913dc09984c111fa1b0ba575cd0207d0498f9df1d868a04109259a69970858 ea97f1880b28ba905eb29b911b5b95b1a5401ce1b8e1794f938a5dac5aeca6b00b1db3127f2774881e6bad0931aae7ca
EXPORTER_SECRET e5913dc09984c111fa1b0ba575cd0207d0498f9df1d868a04109259a69970858 689c05ff0e08a00237064174835c847d883aef7f5052c37685494b3ad03777ddac191f66cdc3de3dad4cfde09c0552b3
CLIENT_TRAFFIC_SECRET_0 e5913dc09984c111fa1b0ba575cd0207d0498f9df1d868a04109259a69970858 9447b26e711d1c1840ce81df9ef30d1e054b807af27376dfa32a0db44fd82f6d044f35bc2b900f227411084b5d5f0f2c
SERVER_HANDSHAKE_TRAFFIC_SECRET e5913dc09984c111fa1b0ba575cd0207d0498f9df1d868a04109259a69970858 b754a28cb5aa4c9ddbc59ffffd5ecdad6bad192affd1a67b39df2ffe13b16c1894860228acc2cf27eb8e058d435ceb79
CLIENT_HANDSHAKE_TRAFFIC_SECRET e5913dc09984c111fa1b0ba575cd0207d0498f9df1d868a04109259a69970858 07d983303abbaf1e9b354fbc6a8401e039ca02c261e56d019ef3cb647c7c664844632d41e10aeef65c19351977a2579a
SERVER_TRAFFIC_SECRET_0 e5913dc09984c111fa1b0ba575cd0207d0498f9df1d868a04109259a69970858 ea97f1880b28ba905eb29b911b5b95b1a5401ce1b8e1794f938a5dac5aeca6b00b1db3127f2774881e6bad0931aae7ca
CLIENT_TRAFFIC_SECRET_0 e5913dc09984c111fa1b0ba575cd0207d0498f9df1d868a04109259a69970858 9447b26e711d1c1840ce81df9ef30d1e054b807af27376dfa32a0db44fd82f6d044f35bc2b900f227411084b5d5f0f2c
CLIENT_TRAFFIC_SECRET_0 e5913dc09984c111fa1b0ba575cd0207d0498f9df1d868a04109259a69970858 9447b26e711d1c1840ce81df9ef30d1e054b807af27376dfa32a0db44fd82f6d044f35bc2b900f227411084b5d5f0f2c
SERVER_HANDSHAKE_TRAFFIC_SECRET 34fa0610a5ea4595f5ed530fad1cdf55239c11de17631014dc2fa4c8a54d1125 f5c2cb923fa3f61fcbf79f0bd54c27324c2471278f59852f662bd21373dee7b789914d5110f76cadc5a8ca66fdf31190
CLIENT_HANDSHAKE_TRAFFIC_SECRET 34fa0610a5ea4595f5ed530fad1cdf55239c11de17631014dc2fa4c8a54d1125 ea4f73a9493e4a933d239f740dccd997838b932714aa5addb7ef43636da3d6f99c7ed57635f1c8ff5e3aad5514081e16
SERVER_TRAFFIC_SECRET_0 34fa0610a5ea4595f5ed530fad1cdf55239c11de17631014dc2fa4c8a54d1125 203cc6908522b70c0c57e1acc98c912fe236ca72c746d59ccc441ba1b0c3ee634e66a14f2504ec52ea3efd6094be185c
EXPORTER_SECRET 34fa0610a5ea4595f5ed530fad1cdf55239c11de17631014dc2fa4c8a54d1125 c9c66d9aaee1cf4a7e55a262ba8c6bda2fa8e709f6c77717fee099f81487ad161932cb86272f377cca01a34e66697992
CLIENT_TRAFFIC_SECRET_0 34fa0610a5ea4595f5ed530fad1cdf55239c11de17631014dc2fa4c8a54d1125 7b4e5a140e0bdac15b6df8496a3f646afd25ddcdda0ff5f3e372a0455bbd531e73d5887e6f0298d9d9f86b48c874cfb5
SERVER_HANDSHAKE_TRAFFIC_SECRET 34fa0610a5ea4595f5ed530fad1cdf55239c11de17631014dc2fa4c8a54d1125 f5c2cb923fa3f61fcbf79f0bd54c27324c2471278f59852f662bd21373dee7b789914d5110f76cadc5a8ca66fdf31190
CLIENT_HANDSHAKE_TRAFFIC_SECRET 34fa0610a5ea4595f5ed530fad1cdf55239c11de17631014dc2fa4c8a54d1125 ea4f73a9493e4a933d239f740dccd997838b932714aa5addb7ef43636da3d6f99c7ed57635f1c8ff5e3aad5514081e16
SERVER_TRAFFIC_SECRET_0 34fa0610a5ea4595f5ed530fad1cdf55239c11de17631014dc2fa4c8a54d1125 203cc6908522b70c0c57e1acc98c912fe236ca72c746d59ccc441ba1b0c3ee634e66a14f2504ec52ea3efd6094be185c
CLIENT_TRAFFIC_SECRET_0 34fa0610a5ea4595f5ed530fad1cdf55239c11de17631014dc2fa4c8a54d1125 7b4e5a140e0bdac15b6df8496a3f646afd25ddcdda0ff5f3e372a0455bbd531e73d5887e6f0298d9d9f86b48c874cfb5
CLIENT_TRAFFIC_SECRET_0 34fa0610a5ea4595f5ed530fad1cdf55239c11de17631014dc2fa4c8a54d1125 7b4e5a140e0bdac15b6df8496a3f646afd25ddcdda0ff5f3e372a0455bbd531e73d5887e6f0298d9d9f86b48c874cfb5
SERVER_HANDSHAKE_TRAFFIC_SECRET 22eb8aa15142af0d219f14249c8ea17fee17b7013bc80f546d326f9f54f477c5 459f7f4e853be44adcf71b4134c36c909a1cb66f721e0f097db42846a252d25aec496e8059b0524959a1cf5b3cd270aa
CLIENT_HANDSHAKE_TRAFFIC_SECRET 22eb8aa15142af0d219f14249c8ea17fee17b7013bc80f546d326f9f54f477c5 dbfecde00aefad8cdad11a9fb1bb4401d467393df0bdc39e527f89191c7d45541e940cd00c2e5408fcc3067b195560d0
SERVER_TRAFFIC_SECRET_0 22eb8aa15142af0d219f14249c8ea17fee17b7013bc80f546d326f9f54f477c5 ec62c36019b9e8613a6679cdf8bdd7d95aa26519f9203d080a7a8df70ee358e79d8e95f0fba6d905557e5a023b00e4f2
EXPORTER_SECRET 22eb8aa15142af0d219f14249c8ea17fee17b7013bc80f546d326f9f54f477c5 1b0537a931a7332cf1d342c1b8a1954fcd60e816fb194e56a48b05aabb080d5eaac1042637558feba12ad817ee0eb3c8
CLIENT_TRAFFIC_SECRET_0 22eb8aa15142af0d219f14249c8ea17fee17b7013bc80f546d326f9f54f477c5 4b4d6ca913a0ba3077211138dd154ff05779fc68064ffd627140b3418b56a89a0a1d64812fc6bb4042c8c541f1643a46
SERVER_HANDSHAKE_TRAFFIC_SECRET 22eb8aa15142af0d219f14249c8ea17fee17b7013bc80f546d326f9f54f477c5 459f7f4e853be44adcf71b4134c36c909a1cb66f721e0f097db42846a252d25aec496e8059b0524959a1cf5b3cd270aa
CLIENT_HANDSHAKE_TRAFFIC_SECRET 22eb8aa15142af0d219f14249c8ea17fee17b7013bc80f546d326f9f54f477c5 dbfecde00aefad8cdad11a9fb1bb4401d467393df0bdc39e527f89191c7d45541e940cd00c2e5408fcc3067b195560d0
SERVER_TRAFFIC_SECRET_0 22eb8aa15142af0d219f14249c8ea17fee17b7013bc80f546d326f9f54f477c5 ec62c36019b9e8613a6679cdf8bdd7d95aa26519f9203d080a7a8df70ee358e79d8e95f0fba6d905557e5a023b00e4f2
CLIENT_TRAFFIC_SECRET_0 22eb8aa15142af0d219f14249c8ea17fee17b7013bc80f546d326f9f54f477c5 4b4d6ca913a0ba3077211138dd154ff05779fc68064ffd627140b3418b56a89a0a1d64812fc6bb4042c8c541f1643a46
CLIENT_TRAFFIC_SECRET_0 22eb8aa15142af0d219f14249c8ea17fee17b7013bc80f546d326f9f54f477c5 4b4d6ca913a0ba3077211138dd154ff05779fc68064ffd627140b3418b56a89a0a1d64812fc6bb4042c8c541f1643a46
SERVER_HANDSHAKE_TRAFFIC_SECRET b6feecea70c7e355b42acacb10957a473dd97c38f9230c9892797e55ad8aed7b aa7a2c4cfb2fa2aed5765ab18e0c45d7a69a0bafd6fcd34b361b884dce53734de3434049a6557f6c4742045fefb6e40e
CLIENT_HANDSHAKE_TRAFFIC_SECRET b6feecea70c7e355b42acacb10957a473dd97c38f9230c9892797e55ad8aed7b 749a4818d50757696f4aefa3e3ccfdbc08407ab8970f011f5b1a352d8a15f6a5b3a49cdbf174a3cf78dc6542e635f258
SERVER_TRAFFIC_SECRET_0 b6feecea70c7e355b42acacb10957a473dd97c38f9230c9892797e55ad8aed7b 58318180479e86216c23d7817209103f380e2f714dc1d59b12b7227a82e1bf7ed3c9eec24390ae5ba5479f0c04e13b5a
EXPORTER_SECRET b6feecea70c7e355b42acacb10957a473dd97c38f9230c9892797e55ad8aed7b a25201e05b53806bc12f5b614b737b6e2ad0f613b5c6fcc3d755b1dc2c3eeb87cd365b6c51c95b8541471dd10075a8c2
CLIENT_TRAFFIC_SECRET_0 b6feecea70c7e355b42acacb10957a473dd97c38f9230c9892797e55ad8aed7b 979c82d877ceb06b8ff38a15c6ca3dd82fc7f09660791476e6f1877ec100348af647a8ce15f5be73589da448ee70daa6
SERVER_HANDSHAKE_TRAFFIC_SECRET b6feecea70c7e355b42acacb10957a473dd97c38f9230c9892797e55ad8aed7b aa7a2c4cfb2fa2aed5765ab18e0c45d7a69a0bafd6fcd34b361b884dce53734de3434049a6557f6c4742045fefb6e40e
CLIENT_HANDSHAKE_TRAFFIC_SECRET b6feecea70c7e355b42acacb10957a473dd97c38f9230c9892797e55ad8aed7b 749a4818d50757696f4aefa3e3ccfdbc08407ab8970f011f5b1a352d8a15f6a5b3a49cdbf174a3cf78dc6542e635f258
SERVER_TRAFFIC_SECRET_0 b6feecea70c7e355b42acacb10957a473dd97c38f9230c9892797e55ad8aed7b 58318180479e86216c23d7817209103f380e2f714dc1d59b12b7227a82e1bf7ed3c9eec24390ae5ba5479f0c04e13b5a
CLIENT_TRAFFIC_SECRET_0 b6feecea70c7e355b42acacb10957a473dd97c38f9230c9892797e55ad8aed7b 979c82d877ceb06b8ff38a15c6ca3dd82fc7f09660791476e6f1877ec100348af647a8ce15f5be73589da448ee70daa6
CLIENT_TRAFFIC_SECRET_0 b6feecea70c7e355b42acacb10957a473dd97c38f9230c9892797e55ad8aed7b 979c82d877ceb06b8ff38a15c6ca3dd82fc7f09660791476e6f1877ec100348af647a8ce15f5be73589da448ee70daa6
SERVER_HANDSHAKE_TRAFFIC_SECRET 70aaa7abc247d952dec5eee77615946a15e310b31f7608f618a3fdf5b85d2031 1f7ab502ab847a71a98b536e082fdf7951f15cd7e4b50ed706fc710fd41ef45d7b87072dbfbdf23f58eb3713fb846e1b
CLIENT_HANDSHAKE_TRAFFIC_SECRET 70aaa7abc247d952dec5eee77615946a15e310b31f7608f618a3fdf5b85d2031 352408d7ddf6876234c1ce9a5422652253586988735d2e457e9013c941cc53b2bb94fb5f63b3e00882ce0237a6dbc48a
SERVER_TRAFFIC_SECRET_0 70aaa7abc247d952dec5eee77615946a15e310b31f7608f618a3fdf5b85d2031 5f438b4eff5b289cfdbba414ed4e942a98b228f98d51fa4b507f63808a2aeb3e4b3006ca9937a0dcb883a31ddb719a48
EXPORTER_SECRET 70aaa7abc247d952dec5eee77615946a15e310b31f7608f618a3fdf5b85d2031 ed1acc0073599769c03e9398634b0ff095e514320ce6f74bb718461c7a3de2feeeb7e88dcb0e3d98d00326347d5a44ae
CLIENT_TRAFFIC_SECRET_0 70aaa7abc247d952dec5eee77615946a15e310b31f7608f618a3fdf5b85d2031 1a7eb0c081067eabc0914a73b0cd8de01a6509fcb509e849509d2a3cb382b88805873d3cebbcaa3c143b4e15bfa7b796
SERVER_HANDSHAKE_TRAFFIC_SECRET 70aaa7abc247d952dec5eee77615946a15e310b31f7608f618a3fdf5b85d2031 1f7ab502ab847a71a98b536e082fdf7951f15cd7e4b50ed706fc710fd41ef45d7b87072dbfbdf23f58eb3713fb846e1b
CLIENT_HANDSHAKE_TRAFFIC_SECRET 70aaa7abc247d952dec5eee77615946a15e310b31f7608f618a3fdf5b85d2031 352408d7ddf6876234c1ce9a5422652253586988735d2e457e9013c941cc53b2bb94fb5f63b3e00882ce0237a6dbc48a
SERVER_TRAFFIC_SECRET_0 70aaa7abc247d952dec5eee77615946a15e310b31f7608f618a3fdf5b85d2031 5f438b4eff5b289cfdbba414ed4e942a98b228f98d51fa4b507f63808a2aeb3e4b3006ca9937a0dcb883a31ddb719a48
CLIENT_TRAFFIC_SECRET_0 70aaa7abc247d952dec5eee77615946a15e310b31f7608f618a3fdf5b85d2031 1a7eb0c081067eabc0914a73b0cd8de01a6509fcb509e849509d2a3cb382b88805873d3cebbcaa3c143b4e15bfa7b796
CLIENT_TRAFFIC_SECRET_0 70aaa7abc247d952dec5eee77615946a15e310b31f7608f618a3fdf5b85d2031 1a7eb0c081067eabc0914a73b0cd8de01a6509fcb509e849509d2a3cb382b88805873d3cebbcaa3c143b4e15bfa7b796
SERVER_HANDSHAKE_TRAFFIC_SECRET 1a785c6ec4369fb5601192070f8783bc1d669b3395881cd027630fbf0e763140 354f767bbdd60424001d2f41857bb7e6a61d5662093f0f1252c4714cd1f41d602272f7c4b253c325c7f9b34c9dd4a2b0
CLIENT_HANDSHAKE_TRAFFIC_SECRET 1a785c6ec4369fb5601192070f8783bc1d669b3395881cd027630fbf0e763140 2a750c5bb9ab88cb8c8a7c286954e6abc1a6752ddeb11d4dde0d8b1b7cfd9b79c95ca6a8d693f488730e39304a461081
SERVER_TRAFFIC_SECRET_0 1a785c6ec4369fb5601192070f8783bc1d669b3395881cd027630fbf0e763140 89868a454ad8ba5f83d41d80368e412a815f8f55f1a996b8d715effa1ec9633af63d93cc139e0397360564242846412d
EXPORTER_SECRET 1a785c6ec4369fb5601192070f8783bc1d669b3395881cd027630fbf0e763140 556a4b8e6d97f1ff9f81e20816dcfb2d2894fe368cc279981a08261c88ca2e16904caaa0703a21bc0017aa2830a30e4f
CLIENT_TRAFFIC_SECRET_0 1a785c6ec4369fb5601192070f8783bc1d669b3395881cd027630fbf0e763140 ee5ba45dcec39bcd1961e9c5065e16403efe9fa93dc596d1a40862c055eeb98090ff67e0046886d43c86c487121b654b
SERVER_HANDSHAKE_TRAFFIC_SECRET 1a785c6ec4369fb5601192070f8783bc1d669b3395881cd027630fbf0e763140 354f767bbdd60424001d2f41857bb7e6a61d5662093f0f1252c4714cd1f41d602272f7c4b253c325c7f9b34c9dd4a2b0
CLIENT_HANDSHAKE_TRAFFIC_SECRET 1a785c6ec4369fb5601192070f8783bc1d669b3395881cd027630fbf0e763140 2a750c5bb9ab88cb8c8a7c286954e6abc1a6752ddeb11d4dde0d8b1b7cfd9b79c95ca6a8d693f488730e39304a461081
SERVER_TRAFFIC_SECRET_0 1a785c6ec4369fb5601192070f8783bc1d669b3395881cd027630fbf0e763140 89868a454ad8ba5f83d41d80368e412a815f8f55f1a996b8d715effa1ec9633af63d93cc139e0397360564242846412d
CLIENT_TRAFFIC_SECRET_0 1a785c6ec4369fb5601192070f8783bc1d669b3395881cd027630fbf0e763140 ee5ba45dcec39bcd1961e9c5065e16403efe9fa93dc596d1a40862c055eeb98090ff67e0046886d43c86c487121b654b
CLIENT_TRAFFIC_SECRET_0 1a785c6ec4369fb5601192070f8783bc1d669b3395881cd027630fbf0e763140 ee5ba45dcec39bcd1961e9c5065e16403efe9fa93dc596d1a40862c055eeb98090ff67e0046886d43c86c487121b654b
SERVER_HANDSHAKE_TRAFFIC_SECRET f0617731b6d567bd06a59de5dc046eed2590b39e345c8078167ba3579278e002 64d12ea88d78e2150e1efb76d565bb52fd6b1a95b45d71bcc33a61148a5a46ea4b70ff5bdee92047cbd2d4fb4082277d
CLIENT_HANDSHAKE_TRAFFIC_SECRET f0617731b6d567bd06a59de5dc046eed2590b39e345c8078167ba3579278e002 9e080192601e3e7a0b6b48132ea2488c620092092fa1cab9bd7919bb3bbde6d4bd6d1ac7740d96dded55ac6e11e51095
SERVER_TRAFFIC_SECRET_0 f0617731b6d567bd06a59de5dc046eed2590b39e345c8078167ba3579278e002 1c2287bd7211de52d7ee4031bbd402ec0c5dbe5cce279fcc23c75711de23c409c8b3fb7ed2653d1d42ef7b56d23e2149
EXPORTER_SECRET f0617731b6d567bd06a59de5dc046eed2590b39e345c8078167ba3579278e002 b8ef3d4918c255c9fae448a4424e0c37c425c57128af38d43406ff79c38aef4e889adbe4e54c35db9e0ddb737390c604
CLIENT_TRAFFIC_SECRET_0 f0617731b6d567bd06a59de5dc046eed2590b39e345c8078167ba3579278e002 a7ba1e1f43bd9181b18cc98f840ca2c084052ccf01d342be93cbc0658f8dd2d9b2b405877f3242de45fa9e2a961d308e
SERVER_HANDSHAKE_TRAFFIC_SECRET f0617731b6d567bd06a59de5dc046eed2590b39e345c8078167ba3579278e002 64d12ea88d78e2150e1efb76d565bb52fd6b1a95b45d71bcc33a61148a5a46ea4b70ff5bdee92047cbd2d4fb4082277d
CLIENT_HANDSHAKE_TRAFFIC_SECRET f0617731b6d567bd06a59de5dc046eed2590b39e345c8078167ba3579278e002 9e080192601e3e7a0b6b48132ea2488c620092092fa1cab9bd7919bb3bbde6d4bd6d1ac7740d96dded55ac6e11e51095
SERVER_TRAFFIC_SECRET_0 f0617731b6d567bd06a59de5dc046eed2590b39e345c8078167ba3579278e002 1c2287bd7211de52d7ee4031bbd402ec0c5dbe5cce279fcc23c75711de23c409c8b3fb7ed2653d1d42ef7b56d23e2149
CLIENT_TRAFFIC_SECRET_0 f0617731b6d567bd06a59de5dc046eed2590b39e345c8078167ba3579278e002 a7ba1e1f43bd9181b18cc98f840ca2c084052ccf01d342be93cbc0658f8dd2d9b2b405877f3242de45fa9e2a961d308e
CLIENT_TRAFFIC_SECRET_0 f0617731b6d567bd06a59de5dc046eed2590b39e345c8078167ba3579278e002 a7ba1e1f43bd9181b18cc98f840ca2c084052ccf01d342be93cbc0658f8dd2d9b2b405877f3242de45fa9e2a961d308e
SERVER_HANDSHAKE_TRAFFIC_SECRET cc0acaf21c6b3f8a27db0f3d6ce9fe11f03470b1e6774212392c6b4f5dff8806 a655fcf574617abb13c28918658a410852b1817e5ffe2087b85cda5a8d57c50b14558d0f9824da4b8c80122556d22789
CLIENT_HANDSHAKE_TRAFFIC_SECRET cc0acaf21c6b3f8a27db0f3d6ce9fe11f03470b1e6774212392c6b4f5dff8806 cbee8685fa54093828940e2c8971a046803b3a648be6ced12b0713a3bf06de285ce7b63aa6037cd804d0b9b01ef8c436
SERVER_TRAFFIC_SECRET_0 cc0acaf21c6b3f8a27db0f3d6ce9fe11f03470b1e6774212392c6b4f5dff8806 6d40e7496f9e2cd57e171f232a79b1d719b86d2cd7576e2222dea6079fd50bec6b49c8a32158cd27a9f7cafe847b76b8
EXPORTER_SECRET cc0acaf21c6b3f8a27db0f3d6ce9fe11f03470b1e6774212392c6b4f5dff8806 879eb82ca3fc83068b4a42179ead9a018de8e2222e5d8c2f4d8d8b55a65dea55cc5cafa4cdc8e414814b435aa91db818
CLIENT_TRAFFIC_SECRET_0 cc0acaf21c6b3f8a27db0f3d6ce9fe11f03470b1e6774212392c6b4f5dff8806 d106cdc7fc963280d2cd664ad06d67d712fb4a6f53eeb6715e0a767e2d62a19e20f97c82c3f6074b688dd8049111c09c
SERVER_HANDSHAKE_TRAFFIC_SECRET cc0acaf21c6b3f8a27db0f3d6ce9fe11f03470b1e6774212392c6b4f5dff8806 a655fcf574617abb13c28918658a410852b1817e5ffe2087b85cda5a8d57c50b14558d0f9824da4b8c80122556d22789
CLIENT_HANDSHAKE_TRAFFIC_SECRET cc0acaf21c6b3f8a27db0f3d6ce9fe11f03470b1e6774212392c6b4f5dff8806 cbee8685fa54093828940e2c8971a046803b3a648be6ced12b0713a3bf06de285ce7b63aa6037cd804d0b9b01ef8c436
SERVER_TRAFFIC_SECRET_0 cc0acaf21c6b3f8a27db0f3d6ce9fe11f03470b1e6774212392c6b4f5dff8806 6d40e7496f9e2cd57e171f232a79b1d719b86d2cd7576e2222dea6079fd50bec6b49c8a32158cd27a9f7cafe847b76b8
CLIENT_TRAFFIC_SECRET_0 cc0acaf21c6b3f8a27db0f3d6ce9fe11f03470b1e6774212392c6b4f5dff8806 d106cdc7fc963280d2cd664ad06d67d712fb4a6f53eeb6715e0a767e2d62a19e20f97c82c3f6074b688dd8049111c09c
CLIENT_TRAFFIC_SECRET_0 cc0acaf21c6b3f8a27db0f3d6ce9fe11f03470b1e6774212392c6b4f5dff8806 d106cdc7fc963280d2cd664ad06d67d712fb4a6f53eeb6715e0a767e2d62a19e20f97c82c3f6074b688dd8049111c09c
SERVER_HANDSHAKE_TRAFFIC_SECRET e423e2dfd8ef67c9f607b943d7bde392029b3cbf0f8e9c1c4a91d4761052c119 74e7141e89cfb4b470d89f4e48b87140790f6cb341c069b752722537d9b2140751eb3f885dea71d1c9b9a4ec859824ea
CLIENT_HANDSHAKE_TRAFFIC_SECRET e423e2dfd8ef67c9f607b943d7bde392029b3cbf0f8e9c1c4a91d4761052c119 0a6aa180c012a6c77a08034f942e42f5abbcaed80f3ba2c480135cca3a00b392873fe9a513ac37b0109664ce72651be0
SERVER_TRAFFIC_SECRET_0 e423e2dfd8ef67c9f607b943d7bde392029b3cbf0f8e9c1c4a91d4761052c119 1dc5493625d72bd59c8ddee98921122aef6cfc10fa7765f83d31a7ba1049831abf5f7fa0c87de7b600a670822fea04a1
EXPORTER_SECRET e423e2dfd8ef67c9f607b943d7bde392029b3cbf0f8e9c1c4a91d4761052c119 0bf07f50765ed36c16a79f5bfe9c8f89e69e78bdb95dc54e51f5501b5bc472e3c02466b757a8edcd2cfd5acd0832bde5
CLIENT_TRAFFIC_SECRET_0 e423e2dfd8ef67c9f607b943d7bde392029b3cbf0f8e9c1c4a91d4761052c119 efdbeef147344216cfdd615fd31b412e94ca060cd6826cee20b782be28cd43a507b633daac2ba451711b7e003f0f1f39
SERVER_HANDSHAKE_TRAFFIC_SECRET e423e2dfd8ef67c9f607b943d7bde392029b3cbf0f8e9c1c4a91d4761052c119 74e7141e89cfb4b470d89f4e48b87140790f6cb341c069b752722537d9b2140751eb3f885dea71d1c9b9a4ec859824ea
CLIENT_HANDSHAKE_TRAFFIC_SECRET e423e2dfd8ef67c9f607b943d7bde392029b3cbf0f8e9c1c4a91d4761052c119 0a6aa180c012a6c77a08034f942e42f5abbcaed80f3ba2c480135cca3a00b392873fe9a513ac37b0109664ce72651be0
SERVER_TRAFFIC_SECRET_0 e423e2dfd8ef67c9f607b943d7bde392029b3cbf0f8e9c1c4a91d4761052c119 1dc5493625d72bd59c8ddee98921122aef6cfc10fa7765f83d31a7ba1049831abf5f7fa0c87de7b600a670822fea04a1
CLIENT_TRAFFIC_SECRET_0 e423e2dfd8ef67c9f607b943d7bde392029b3cbf0f8e9c1c4a91d4761052c119 efdbeef147344216cfdd615fd31b412e94ca060cd6826cee20b782be28cd43a507b633daac2ba451711b7e003f0f1f39
CLIENT_TRAFFIC_SECRET_0 e423e2dfd8ef67c9f607b943d7bde392029b3cbf0f8e9c1c4a91d4761052c119 efdbeef147344216cfdd615fd31b412e94ca060cd6826cee20b782be28cd43a507b633daac2ba451711b7e003f0f1f39
SERVER_HANDSHAKE_TRAFFIC_SECRET 09c95e47ac8a9098bbfe8af6ef951526dde5fe63558d60ec23e23187647cca8b 6397e1b5eab25ed81e161b90d9caf741d6d8d18a20b17199f907660708eda880b4c667ae1b001ce627c49af92ab54ab8
CLIENT_HANDSHAKE_TRAFFIC_SECRET 09c95e47ac8a9098bbfe8af6ef951526dde5fe63558d60ec23e23187647cca8b adde3bc3c8167bd42178945a7e1d097cec36ec803b03374d790fcebc5cb60173e30a6bfab7229d5c5cb753ff0ac403d2
SERVER_TRAFFIC_SECRET_0 09c95e47ac8a9098bbfe8af6ef951526dde5fe63558d60ec23e23187647cca8b c7893e12ed70902acbcecf36fc38e5ab0de44d9a49786bc5762cec83dfb481327a4db7f3e8e094bdc996d849a6be7043
EXPORTER_SECRET 09c95e47ac8a9098bbfe8af6ef951526dde5fe63558d60ec23e23187647cca8b afbdb972912e03eed998052d343b89083ce8167794945cb556b0aaa99c5e0efacb126ec26360a8c7096440f7c733fb9a
CLIENT_TRAFFIC_SECRET_0 09c95e47ac8a9098bbfe8af6ef951526dde5fe63558d60ec23e23187647cca8b 17599cb008310630c5b4a57312a3434111b1945af51efd8afa7940aa1ca8026837a5769fd96e06c1d6ef0341b0f6d92e
SERVER_HANDSHAKE_TRAFFIC_SECRET 09c95e47ac8a9098bbfe8af6ef951526dde5fe63558d60ec23e23187647cca8b 6397e1b5eab25ed81e161b90d9caf741d6d8d18a20b17199f907660708eda880b4c667ae1b001ce627c49af92ab54ab8
CLIENT_HANDSHAKE_TRAFFIC_SECRET 09c95e47ac8a9098bbfe8af6ef951526dde5fe63558d60ec23e23187647cca8b adde3bc3c8167bd42178945a7e1d097cec36ec803b03374d790fcebc5cb60173e30a6bfab7229d5c5cb753ff0ac403d2
SERVER_TRAFFIC_SECRET_0 09c95e47ac8a9098bbfe8af6ef951526dde5fe63558d60ec23e23187647cca8b c7893e12ed70902acbcecf36fc38e5ab0de44d9a49786bc5762cec83dfb481327a4db7f3e8e094bdc996d849a6be7043
CLIENT_TRAFFIC_SECRET_0 09c95e47ac8a9098bbfe8af6ef951526dde5fe63558d60ec23e23187647cca8b 17599cb008310630c5b4a57312a3434111b1945af51efd8afa7940aa1ca8026837a5769fd96e06c1d6ef0341b0f6d92e
CLIENT_TRAFFIC_SECRET_0 09c95e47ac8a9098bbfe8af6ef951526dde5fe63558d60ec23e23187647cca8b 17599cb008310630c5b4a57312a3434111b1945af51efd8afa7940aa1ca8026837a5769fd96e06c1d6ef0341b0f6d92e
SERVER_HANDSHAKE_TRAFFIC_SECRET ce6d752393ec52182e13984e6bf88c19b8c33679843f4725d70b2494a5e4c0ab 9d43049dd14ec20d06195d715f1924cd7899346d68058a40bdd63ac0a7e1789822c7f53acc194823181faeb708ce47eb
CLIENT_HANDSHAKE_TRAFFIC_SECRET ce6d752393ec52182e13984e6bf88c19b8c33679843f4725d70b2494a5e4c0ab fa53e978324fc12d7804ebb37d8835482bf50c998179482156efc7b80cf801114bf051318ee38fb32b0d76524db5f74a
SERVER_TRAFFIC_SECRET_0 ce6d752393ec52182e13984e6bf88c19b8c33679843f4725d70b2494a5e4c0ab 56f6a8d31d8e747ef7bdbfc6af8e190ed11fd3a0d58a2bbab0c31716268631bc147e91a76401049e88ede20246edf106
EXPORTER_SECRET ce6d752393ec52182e13984e6bf88c19b8c33679843f4725d70b2494a5e4c0ab 812c29f31919049d6a127354b7ef90782c130c3b93a7e1fc60518bef996f6e36b68146172a8b719e08d865fbf9e4c19a
CLIENT_TRAFFIC_SECRET_0 ce6d752393ec52182e13984e6bf88c19b8c33679843f4725d70b2494a5e4c0ab 3c2966a322cfe3d61725302c9e6c58d90f8907bce16dfdc1ca64a18914f1c61e8a8c87fee5b3956f67f0e12cedd7b6d3
SERVER_HANDSHAKE_TRAFFIC_SECRET ce6d752393ec52182e13984e6bf88c19b8c33679843f4725d70b2494a5e4c0ab 9d43049dd14ec20d06195d715f1924cd7899346d68058a40bdd63ac0a7e1789822c7f53acc194823181faeb708ce47eb
CLIENT_HANDSHAKE_TRAFFIC_SECRET ce6d752393ec52182e13984e6bf88c19b8c33679843f4725d70b2494a5e4c0ab fa53e978324fc12d7804ebb37d8835482bf50c998179482156efc7b80cf801114bf051318ee38fb32b0d76524db5f74a
SERVER_TRAFFIC_SECRET_0 ce6d752393ec52182e13984e6bf88c19b8c33679843f4725d70b2494a5e4c0ab 56f6a8d31d8e747ef7bdbfc6af8e190ed11fd3a0d58a2bbab0c31716268631bc147e91a76401049e88ede20246edf106
CLIENT_TRAFFIC_SECRET_0 ce6d752393ec52182e13984e6bf88c19b8c33679843f4725d70b2494a5e4c0ab 3c2966a322cfe3d61725302c9e6c58d90f8907bce16dfdc1ca64a18914f1c61e8a8c87fee5b3956f67f0e12cedd7b6d3
CLIENT_TRAFFIC_SECRET_0 ce6d752393ec52182e13984e6bf88c19b8c33679843f4725d70b2494a5e4c0ab 3c2966a322cfe3d61725302c9e6c58d90f8907bce16dfdc1ca64a18914f1c61e8a8c87fee5b3956f67f0e12cedd7b6d3
SERVER_HANDSHAKE_TRAFFIC_SECRET b2ca9f3323bc3d8290e24f740e19b6bb876b10c7da55bd762ddaa5433f3687be 44bc4868002e4f41f3d27e1a9434b69900e9a9e5ecff056ceb37d0b5dd1eac404af63a49772b5943c7c95db91f49184f
CLIENT_HANDSHAKE_TRAFFIC_SECRET b2ca9f3323bc3d8290e24f740e19b6bb876b10c7da55bd762ddaa5433f3687be e7dd563baa82d47d6973178e5822dfeb54c7c23c4dc4be00b54bbc3ddec0aef2c32750b3bfe6736e87fea8ba1abfdea3
SERVER_TRAFFIC_SECRET_0 b2ca9f3323bc3d8290e24f740e19b6bb876b10c7da55bd762ddaa5433f3687be 157e8a88db5853ea0964969f0ea3a22c79fa38fa4e8af6cc8d1fc9b3898934df9d373d61921eee3072a7258bad348f74
EXPORTER_SECRET b2ca9f3323bc3d8290e24f740e19b6bb876b10c7da55bd762ddaa5433f3687be 2eebfb55d2c131e86ef3ce75b9c7081ad61004cdb8d3110de2421bc4161f6e4a3ae0c6a0b5382701687801359897021f
CLIENT_TRAFFIC_SECRET_0 b2ca9f3323bc3d8290e24f740e19b6bb876b10c7da55bd762ddaa5433f3687be 6d04454d34d0b2acf33c20ac6a502e0d73b450e4afe885d53e5e92f3aaae24d65394f0e752150ba0238c5de215447fce
SERVER_HANDSHAKE_TRAFFIC_SECRET b2ca9f3323bc3d8290e24f740e19b6bb876b10c7da55bd762ddaa5433f3687be 44bc4868002e4f41f3d27e1a9434b69900e9a9e5ecff056ceb37d0b5dd1eac404af63a49772b5943c7c95db91f49184f
CLIENT_HANDSHAKE_TRAFFIC_SECRET b2ca9f3323bc3d8290e24f740e19b6bb876b10c7da55bd762ddaa5433f3687be e7dd563baa82d47d6973178e5822dfeb54c7c23c4dc4be00b54bbc3ddec0aef2c32750b3bfe6736e87fea8ba1abfdea3
SERVER_TRAFFIC_SECRET_0 b2ca9f3323bc3d8290e24f740e19b6bb876b10c7da55bd762ddaa5433f3687be 157e8a88db5853ea0964969f0ea3a22c79fa38fa4e8af6cc8d1fc9b3898934df9d373d61921eee3072a7258bad348f74
CLIENT_TRAFFIC_SECRET_0 b2ca9f3323bc3d8290e24f740e19b6bb876b10c7da55bd762ddaa5433f3687be 6d04454d34d0b2acf33c20ac6a502e0d73b450e4afe885d53e5e92f3aaae24d65394f0e752150ba0238c5de215447fce
CLIENT_TRAFFIC_SECRET_0 b2ca9f3323bc3d8290e24f740e19b6bb876b10c7da55bd762ddaa5433f3687be 6d04454d34d0b2acf33c20ac6a502e0d73b450e4afe885d53e5e92f3aaae24d65394f0e752150ba0238c5de215447fce
SERVER_HANDSHAKE_TRAFFIC_SECRET 507823641ab9ced120cc11ed61c11eb797c05d7892f241f07a24afc5a093353e 34ac7ff1eabc54f52c347e78c494cdf5862fbbfa69cf94c21e9242dc6d7c92e63e774c7fef390178f78ea6a96ea12a29
CLIENT_HANDSHAKE_TRAFFIC_SECRET 507823641ab9ced120cc11ed61c11eb797c05d7892f241f07a24afc5a093353e 2b786a96b14c99749e9e11d224980c28bc2f0cd7554ede7a3dd2e241d93b051a9818203ac7eb8d230ff1d05a2a913371
SERVER_TRAFFIC_SECRET_0 507823641ab9ced120cc11ed61c11eb797c05d7892f241f07a24afc5a093353e 76765e09ff904885cd2df35225c35293fd109dfe400f6b678feccfa0281deb90e4b571107ac12b4d3a159dc22acb3239
EXPORTER_SECRET 507823641ab9ced120cc11ed61c11eb797c05d7892f241f07a24afc5a093353e 192714c58533c21d774dd34852d62ec514858cd16a3db3001cf8ca83beca1f6c0400ae44b0d6cd8f91e961722ca370ef
CLIENT_TRAFFIC_SECRET_0 507823641ab9ced120cc11ed61c11eb797c05d7892f241f07a24afc5a093353e 6868aa8cc7907ef088042f5a939e25492118ce7c9fde96efbec1663931f743e43fd1a74a6661c56b5a96b02b99abd057
SERVER_HANDSHAKE_TRAFFIC_SECRET 507823641ab9ced120cc11ed61c11eb797c05d7892f241f07a24afc5a093353e 34ac7ff1eabc54f52c347e78c494cdf5862fbbfa69cf94c21e9242dc6d7c92e63e774c7fef390178f78ea6a96ea12a29
CLIENT_HANDSHAKE_TRAFFIC_SECRET 507823641ab9ced120cc11ed61c11eb797c05d7892f241f07a24afc5a093353e 2b786a96b14c99749e9e11d224980c28bc2f0cd7554ede7a3dd2e241d93b051a9818203ac7eb8d230ff1d05a2a913371
SERVER_TRAFFIC_SECRET_0 507823641ab9ced120cc11ed61c11eb797c05d7892f241f07a24afc5a093353e 76765e09ff904885cd2df35225c35293fd109dfe400f6b678feccfa0281deb90e4b571107ac12b4d3a159dc22acb3239
CLIENT_TRAFFIC_SECRET_0 507823641ab9ced120cc11ed61c11eb797c05d7892f241f07a24afc5a093353e 6868aa8cc7907ef088042f5a939e25492118ce7c9fde96efbec1663931f743e43fd1a74a6661c56b5a96b02b99abd057
CLIENT_TRAFFIC_SECRET_0 507823641ab9ced120cc11ed61c11eb797c05d7892f241f07a24afc5a093353e 6868aa8cc7907ef088042f5a939e25492118ce7c9fde96efbec1663931f743e43fd1a74a6661c56b5a96b02b99abd057
SERVER_HANDSHAKE_TRAFFIC_SECRET bac4241495db48d5f73fee46dcfdfcf1ab0f84fa0859b961846e3a394545af18 14738b8e4017e13b0544a865933c0ceffcac73b84c356c2616ed19c6e92141548506415a300a24eda084d05146bc14f0
CLIENT_HANDSHAKE_TRAFFIC_SECRET bac4241495db48d5f73fee46dcfdfcf1ab0f84fa0859b961846e3a394545af18 932c4f145384e5447d9d8ca5dc562aa87afbb302f39ecdd6f5092d3584c1d160957a0fa562b1648a7cc143451bbc1b35
SERVER_TRAFFIC_SECRET_0 bac4241495db48d5f73fee46dcfdfcf1ab0f84fa0859b961846e3a394545af18 dc68b827ae6de1cf8f38ea5636484deeaef5d0c5ada83671841242cf3aaccc903fc62a7a80354c2b5f39830bf22299be
EXPORTER_SECRET bac4241495db48d5f73fee46dcfdfcf1ab0f84fa0859b961846e3a394545af18 661e513e5705a40d4a6f53ea55aab4f695d3b4394d13179b6acedf82b7f7c8e86cb4223e6ba5d1f6c4531824555cdac2
CLIENT_TRAFFIC_SECRET_0 bac4241495db48d5f73fee46dcfdfcf1ab0f84fa0859b961846e3a394545af18 b223e4509b2ce399eddd78d4343213ef56554ce23f590380f609b68d04904607566d952efef1894b1ecc78d66ae65d0e
SERVER_HANDSHAKE_TRAFFIC_SECRET bac4241495db48d5f73fee46dcfdfcf1ab0f84fa0859b961846e3a394545af18 14738b8e4017e13b0544a865933c0ceffcac73b84c356c2616ed19c6e92141548506415a300a24eda084d05146bc14f0
CLIENT_HANDSHAKE_TRAFFIC_SECRET bac4241495db48d5f73fee46dcfdfcf1ab0f84fa0859b961846e3a394545af18 932c4f145384e5447d9d8ca5dc562aa87afbb302f39ecdd6f5092d3584c1d160957a0fa562b1648a7cc143451bbc1b35
SERVER_TRAFFIC_SECRET_0 bac4241495db48d5f73fee46dcfdfcf1ab0f84fa0859b961846e3a394545af18 dc68b827ae6de1cf8f38ea5636484deeaef5d0c5ada83671841242cf3aaccc903fc62a7a80354c2b5f39830bf22299be
CLIENT_TRAFFIC_SECRET_0 bac4241495db48d5f73fee46dcfdfcf1ab0f84fa0859b961846e3a394545af18 b223e4509b2ce399eddd78d4343213ef56554ce23f590380f609b68d04904607566d952efef1894b1ecc78d66ae65d0e
CLIENT_TRAFFIC_SECRET_0 bac4241495db48d5f73fee46dcfdfcf1ab0f84fa0859b961846e3a394545af18 b223e4509b2ce399eddd78d4343213ef56554ce23f590380f609b68d04904607566d952efef1894b1ecc78d66ae65d0e
SERVER_HANDSHAKE_TRAFFIC_SECRET 1dfe37d95eb2837374050edd977363070f1bf7ce6e6fca56d47348397255687b 4b6fb6922e12625247924a7aead0aaba482fab52866424fdf258290b84c9482b4eb7af3d470ddcafed27289b8eca8faf
CLIENT_HANDSHAKE_TRAFFIC_SECRET 1dfe37d95eb2837374050edd977363070f1bf7ce6e6fca56d47348397255687b cf462e54ba886770651e19028c7412a973e79bd9163750600342230064942c93a424daf93c69a1e874805bc4d0d64909
SERVER_TRAFFIC_SECRET_0 1dfe37d95eb2837374050edd977363070f1bf7ce6e6fca56d47348397255687b ade0e5db3b9e79acc90ee8763e3036d6c413526ae4dedff09174416691978ce41b19f8efb5dfc6bd8740a986aa2ee31a
EXPORTER_SECRET 1dfe37d95eb2837374050edd977363070f1bf7ce6e6fca56d47348397255687b 250ca6a0a5d2c747fea8ccdafa0033b3c5f7a3da04bb900e65f9e8414b4209bbf2c19679b7374ffba7ca3f9d695a93e8
CLIENT_TRAFFIC_SECRET_0 1dfe37d95eb2837374050edd977363070f1bf7ce6e6fca56d47348397255687b 7072fc7c75b04b40852ebf3c6026b5fc2fe9e0cd8d425ca0d14aa71bac60e4265d180038c8993a9d6a405b516f14285c
SERVER_HANDSHAKE_TRAFFIC_SECRET 1dfe37d95eb2837374050edd977363070f1bf7ce6e6fca56d47348397255687b 4b6fb6922e12625247924a7aead0aaba482fab52866424fdf258290b84c9482b4eb7af3d470ddcafed27289b8eca8faf
CLIENT_HANDSHAKE_TRAFFIC_SECRET 1dfe37d95eb2837374050edd977363070f1bf7ce6e6fca56d47348397255687b cf462e54ba886770651e19028c7412a973e79bd9163750600342230064942c93a424daf93c69a1e874805bc4d0d64909
SERVER_TRAFFIC_SECRET_0 1dfe37d95eb2837374050edd977363070f1bf7ce6e6fca56d47348397255687b ade0e5db3b9e79acc90ee8763e3036d6c413526ae4dedff09174416691978ce41b19f8efb5dfc6bd8740a986aa2ee31a
CLIENT_TRAFFIC_SECRET_0 1dfe37d95eb2837374050edd977363070f1bf7ce6e6fca56d47348397255687b 7072fc7c75b04b40852ebf3c6026b5fc2fe9e0cd8d425ca0d14aa71bac60e4265d180038c8993a9d6a405b516f14285c
CLIENT_TRAFFIC_SECRET_0 1dfe37d95eb2837374050edd977363070f1bf7ce6e6fca56d47348397255687b 7072fc7c75b04b40852ebf3c6026b5fc2fe9e0cd8d425ca0d14aa71bac60e4265d180038c8993a9d6a405b516f14285c
SERVER_HANDSHAKE_TRAFFIC_SECRET 2a2cb8d8d40e00fb46d3a90177c07f8a28fc76d9d2cffc59cec8e89ccccb87f4 e8a1bfbebbb8d04891fb148c96bccd4d0f149a8579d178574d0a3d472958700eec14b430ae73332c71877f48b4345d2e
CLIENT_HANDSHAKE_TRAFFIC_SECRET 2a2cb8d8d40e00fb46d3a90177c07f8a28fc76d9d2cffc59cec8e89ccccb87f4 9df163ef7e1967f54826319395c6e84ddc053d0fc40c29d9f8126a8cdce1af393db0333cff1509985ecf55144539c95e
SERVER_TRAFFIC_SECRET_0 2a2cb8d8d40e00fb46d3a90177c07f8a28fc76d9d2cffc59cec8e89ccccb87f4 e841658c3fd0b831b4b507e0f78d487d3979a25320ebd2115669e1bc9f83fc14070f263da5327e7872004173e5b25e63
EXPORTER_SECRET 2a2cb8d8d40e00fb46d3a90177c07f8a28fc76d9d2cffc59cec8e89ccccb87f4 43284aa50e5b7c7a2177c9bc3ee2ac30dc785501ce03125ab186e2d96d4d0089dc6eeec98718fa9f14bb56e14803f3a9
CLIENT_TRAFFIC_SECRET_0 2a2cb8d8d40e00fb46d3a90177c07f8a28fc76d9d2cffc59cec8e89ccccb87f4 487e6e95decfcb896aff76f19bd85ffe85cc01e694f8d52aa2cb5dc6dd65960f9af6d30f1d2014ad815780f1cc110080
SERVER_HANDSHAKE_TRAFFIC_SECRET 2a2cb8d8d40e00fb46d3a90177c07f8a28fc76d9d2cffc59cec8e89ccccb87f4 e8a1bfbebbb8d04891fb148c96bccd4d0f149a8579d178574d0a3d472958700eec14b430ae73332c71877f48b4345d2e
CLIENT_HANDSHAKE_TRAFFIC_SECRET 2a2cb8d8d40e00fb46d3a90177c07f8a28fc76d9d2cffc59cec8e89ccccb87f4 9df163ef7e1967f54826319395c6e84ddc053d0fc40c29d9f8126a8cdce1af393db0333cff1509985ecf55144539c95e
SERVER_TRAFFIC_SECRET_0 2a2cb8d8d40e00fb46d3a90177c07f8a28fc76d9d2cffc59cec8e89ccccb87f4 e841658c3fd0b831b4b507e0f78d487d3979a25320ebd2115669e1bc9f83fc14070f263da5327e7872004173e5b25e63
CLIENT_TRAFFIC_SECRET_0 2a2cb8d8d40e00fb46d3a90177c07f8a28fc76d9d2cffc59cec8e89ccccb87f4 487e6e95decfcb896aff76f19bd85ffe85cc01e694f8d52aa2cb5dc6dd65960f9af6d30f1d2014ad815780f1cc110080
CLIENT_TRAFFIC_SECRET_0 2a2cb8d8d40e00fb46d3a90177c07f8a28fc76d9d2cffc59cec8e89ccccb87f4 487e6e95decfcb896aff76f19bd85ffe85cc01e694f8d52aa2cb5dc6dd65960f9af6d30f1d2014ad815780f1cc110080
SERVER_HANDSHAKE_TRAFFIC_SECRET 409d36d10d8053a02cd9bdf9316af3afcdffe640e8625989c3216c5601a7421f 2ca7ad36dd71139c9c6ac3eb6b51e8ac0943c13136c49d32ae77a1c7a86ca8010b55a14732a7a6a5b7be0097e54668f8
CLIENT_HANDSHAKE_TRAFFIC_SECRET 409d36d10d8053a02cd9bdf9316af3afcdffe640e8625989c3216c5601a7421f a4b7c4093ed27cc66bca6f14c3fb8251b5a57b63974045aaaa7a5f0f6a8897fa330853bdc80299ff8408f947edf8ef60
SERVER_TRAFFIC_SECRET_0 409d36d10d8053a02cd9bdf9316af3afcdffe640e8625989c3216c5601a7421f 8dcdb6b61ddefd51bee5394d16b470af43b539b0dcbbe1ba869ea0ce88f44bac47cfab491fb4b7785bdb0d96b80714be
EXPORTER_SECRET 409d36d10d8053a02cd9bdf9316af3afcdffe640e8625989c3216c5601a7421f 86d69304dd533e2fcfc06a168f9046a7c19c5884aa2b0a70dd65cc9ad77c0f1d4c8b16953c17608c42a7cbb7bbd73e29
CLIENT_TRAFFIC_SECRET_0 409d36d10d8053a02cd9bdf9316af3afcdffe640e8625989c3216c5601a7421f 0a6146a334b2debca414b1964f12c11d2c9efb5fe39ef82b99260d1d28e64cfda47cf4fa8f72684df1b617250b42bff8
SERVER_HANDSHAKE_TRAFFIC_SECRET 409d36d10d8053a02cd9bdf9316af3afcdffe640e8625989c3216c5601a7421f 2ca7ad36dd71139c9c6ac3eb6b51e8ac0943c13136c49d32ae77a1c7a86ca8010b55a14732a7a6a5b7be0097e54668f8
CLIENT_HANDSHAKE_TRAFFIC_SECRET 409d36d10d8053a02cd9bdf9316af3afcdffe640e8625989c3216c5601a7421f a4b7c4093ed27cc66bca6f14c3fb8251b5a57b63974045aaaa7a5f0f6a8897fa330853bdc80299ff8408f947edf8ef60
SERVER_TRAFFIC_SECRET_0 409d36d10d8053a02cd9bdf9316af3afcdffe640e8625989c3216c5601a7421f 8dcdb6b61ddefd51bee5394d16b470af43b539b0dcbbe1ba869ea0ce88f44bac47cfab491fb4b7785bdb0d96b80714be
CLIENT_TRAFFIC_SECRET_0 409d36d10d8053a02cd9bdf9316af3afcdffe640e8625989c3216c5601a7421f 0a6146a334b2debca414b1964f12c11d2c9efb5fe39ef82b99260d1d28e64cfda47cf4fa8f72684df1b617250b42bff8
CLIENT_TRAFFIC_SECRET_0 409d36d10d8053a02cd9bdf9316af3afcdffe640e8625989c3216c5601a7421f 0a6146a334b2debca414b1964f12c11d2c9efb5fe39ef82b99260d1d28e64cfda47cf4fa8f72684df1b617250b42bff8
SERVER_HANDSHAKE_TRAFFIC_SECRET 3ce7bbb3f72fc76184f05f3dc16e2a96ef2d5273abd61fce86e4a2b230be6e26 c642049e38ec8ce0e18ca10810ff9590329f9a158036667b48e1ec6a5aba9eaf677e4594126bf8ed01127b88a8b63bbe
CLIENT_HANDSHAKE_TRAFFIC_SECRET 3ce7bbb3f72fc76184f05f3dc16e2a96ef2d5273abd61fce86e4a2b230be6e26 b943a755d395835501ab274fab2404c01ea5dbe0c848325ff983f4ae64d02ea01733960a6009d11f8397478221ffb3c5
SERVER_TRAFFIC_SECRET_0 3ce7bbb3f72fc76184f05f3dc16e2a96ef2d5273abd61fce86e4a2b230be6e26 a041fb4b9db97f2a601817935be460d28f7ea9f6fcd5ad88d597c53340f4afa7a5b35595d3b3c599fe9e76546c21f63f
EXPORTER_SECRET 3ce7bbb3f72fc76184f05f3dc16e2a96ef2d5273abd61fce86e4a2b230be6e26 cc54159019b3b51cf1785e6767373eca78561048a07c70143d77ad24db0025b5e266a27ae5e1216d7de6e080e5746165
CLIENT_TRAFFIC_SECRET_0 3ce7bbb3f72fc76184f05f3dc16e2a96ef2d5273abd61fce86e4a2b230be6e26 7976314b389d3353dab47c08d20f7585bdec801fb4070961c521622965d8faa913556abdb4f2763ad3120aa6e3dedb29
SERVER_HANDSHAKE_TRAFFIC_SECRET 3ce7bbb3f72fc76184f05f3dc16e2a96ef2d5273abd61fce86e4a2b230be6e26 c642049e38ec8ce0e18ca10810ff9590329f9a158036667b48e1ec6a5aba9eaf677e4594126bf8ed01127b88a8b63bbe
CLIENT_HANDSHAKE_TRAFFIC_SECRET 3ce7bbb3f72fc76184f05f3dc16e2a96ef2d5273abd61fce86e4a2b230be6e26 b943a755d395835501ab274fab2404c01ea5dbe0c848325ff983f4ae64d02ea01733960a6009d11f8397478221ffb3c5
SERVER_TRAFFIC_SECRET_0 3ce7bbb3f72fc76184f05f3dc16e2a96ef2d5273abd61fce86e4a2b230be6e26 a041fb4b9db97f2a601817935be460d28f7ea9f6fcd5ad88d597c53340f4afa7a5b35595d3b3c599fe9e76546c21f63f
CLIENT_TRAFFIC_SECRET_0 3ce7bbb3f72fc76184f05f3dc16e2a96ef2d5273abd61fce86e4a2b230be6e26 7976314b389d3353dab47c08d20f7585bdec801fb4070961c521622965d8faa913556abdb4f2763ad3120aa6e3dedb29
CLIENT_TRAFFIC_SECRET_0 3ce7bbb3f72fc76184f05f3dc16e2a96ef2d5273abd61fce86e4a2b230be6e26 7976314b389d3353dab47c08d20f7585bdec801fb4070961c521622965d8faa913556abdb4f2763ad3120aa6e3dedb29
SERVER_HANDSHAKE_TRAFFIC_SECRET 5f8cd2fd1bca6f50f8d1c6f46fdf74d7181ef272ff03ead94304ea3230bdaf70 c581da5cd6228b98f5bd794be16f975ce289cccecce36c25e3c711a752f9e91cf80b4bfe3b6721156b3d29e8f2475042
CLIENT_HANDSHAKE_TRAFFIC_SECRET 5f8cd2fd1bca6f50f8d1c6f46fdf74d7181ef272ff03ead94304ea3230bdaf70 e478ce8fbe8cd1ef83939babe22d2d0afbeaa95e709c7b95ff302557f7ddecf9cce2953c37ec5c666a0df5f03e128e09
SERVER_TRAFFIC_SECRET_0 5f8cd2fd1bca6f50f8d1c6f46fdf74d7181ef272ff03ead94304ea3230bdaf70 c76a91c1ad438e0218f38f7d6a6f49c31bce73c716301d7bc538933514d87f38faeb50552b72c7a393ea19e12acd70c0
EXPORTER_SECRET 5f8cd2fd1bca6f50f8d1c6f46fdf74d7181ef272ff03ead94304ea3230bdaf70 182ad2f3cf0190ab6cc5ec45138bbacfbca7c0cb46e8c148341cd752d9cac20d621fec31f36175d72e81832b960289a9
CLIENT_TRAFFIC_SECRET_0 5f8cd2fd1bca6f50f8d1c6f46fdf74d7181ef272ff03ead94304ea3230bdaf70 4edcca1bd37b4a89df9dc0dad531f0cab72f3f08613902dbdab21d58dc49756759f5bd1961b8cd3d3f8c8746efe8e971
SERVER_HANDSHAKE_TRAFFIC_SECRET 5f8cd2fd1bca6f50f8d1c6f46fdf74d7181ef272ff03ead94304ea3230bdaf70 c581da5cd6228b98f5bd794be16f975ce289cccecce36c25e3c711a752f9e91cf80b4bfe3b6721156b3d29e8f2475042
CLIENT_HANDSHAKE_TRAFFIC_SECRET 5f8cd2fd1bca6f50f8d1c6f46fdf74d7181ef272ff03ead94304ea3230bdaf70 e478ce8fbe8cd1ef83939babe22d2d0afbeaa95e709c7b95ff302557f7ddecf9cce2953c37ec5c666a0df5f03e128e09
SERVER_TRAFFIC_SECRET_0 5f8cd2fd1bca6f50f8d1c6f46fdf74d7181ef272ff03ead94304ea3230bdaf70 c76a91c1ad438e0218f38f7d6a6f49c31bce73c716301d7bc538933514d87f38faeb50552b72c7a393ea19e12acd70c0
CLIENT_TRAFFIC_SECRET_0 5f8cd2fd1bca6f50f8d1c6f46fdf74d7181ef272ff03ead94304ea3230bdaf70 4edcca1bd37b4a89df9dc0dad531f0cab72f3f08613902dbdab21d58dc49756759f5bd1961b8cd3d3f8c8746efe8e971
CLIENT_TRAFFIC_SECRET_0 5f8cd2fd1bca6f50f8d1c6f46fdf74d7181ef272ff03ead94304ea3230bdaf70 4edcca1bd37b4a89df9dc0dad531f0cab72f3f08613902dbdab21d58dc49756759f5bd1961b8cd3d3f8c8746efe8e971
SERVER_HANDSHAKE_TRAFFIC_SECRET 7f2f4c9f5f8516dfef2c2f62c1522c6978ca42e23aeadc1fd15efbe5abf272d3 84be296c2ff7a3b40f6b8c06de59fe782cc6e2df5ce35c6200da97f193dc8d3f5ea28f0f57f705328f2da372a2dc31d2
CLIENT_HANDSHAKE_TRAFFIC_SECRET 7f2f4c9f5f8516dfef2c2f62c1522c6978ca42e23aeadc1fd15efbe5abf272d3 1ee05b7a244b32d5f163d94641b3f6113354b58813acd214a3c18c71bd36febf4ea00301dd246171c1dd43be526f97a3
SERVER_TRAFFIC_SECRET_0 7f2f4c9f5f8516dfef2c2f62c1522c6978ca42e23aeadc1fd15efbe5abf272d3 cd9217db943533a1718ae3c559ac849a36386dc0758344ad192be1a5752b8fb0dbadeb67202b0d7015996fa2ad585e88
EXPORTER_SECRET 7f2f4c9f5f8516dfef2c2f62c1522c6978ca42e23aeadc1fd15efbe5abf272d3 5e1b07ce5c7f1cf450c57dfc4f37e49eb3850b4b1049f6e93ac6f74b77704a6c431a7f1eb8f7a605a289f82da636d7c2
CLIENT_TRAFFIC_SECRET_0 7f2f4c9f5f8516dfef2c2f62c1522c6978ca42e23aeadc1fd15efbe5abf272d3 947ae549c953d50f4256410f4d53bc99aaa37e94b4ff63d18d8b6998d590ee4d657559d6ac6d92ebe1749e5707831f5e
SERVER_HANDSHAKE_TRAFFIC_SECRET 7f2f4c9f5f8516dfef2c2f62c1522c6978ca42e23aeadc1fd15efbe5abf272d3 84be296c2ff7a3b40f6b8c06de59fe782cc6e2df5ce35c6200da97f193dc8d3f5ea28f0f57f705328f2da372a2dc31d2
CLIENT_HANDSHAKE_TRAFFIC_SECRET 7f2f4c9f5f8516dfef2c2f62c1522c6978ca42e23aeadc1fd15efbe5abf272d3 1ee05b7a244b32d5f163d94641b3f6113354b58813acd214a3c18c71bd36febf4ea00301dd246171c1dd43be526f97a3
SERVER_TRAFFIC_SECRET_0 7f2f4c9f5f8516dfef2c2f62c1522c6978ca42e23aeadc1fd15efbe5abf272d3 cd9217db943533a1718ae3c559ac849a36386dc0758344ad192be1a5752b8fb0dbadeb67202b0d7015996fa2ad585e88
CLIENT_TRAFFIC_SECRET_0 7f2f4c9f5f8516dfef2c2f62c1522c6978ca42e23aeadc1fd15efbe5abf272d3 947ae549c953d50f4256410f4d53bc99aaa37e94b4ff63d18d8b6998d590ee4d657559d6ac6d92ebe1749e5707831f5e
CLIENT_TRAFFIC_SECRET_0 7f2f4c9f5f8516dfef2c2f62c1522c6978ca42e23aeadc1fd15efbe5abf272d3 947ae549c953d50f4256410f4d53bc99aaa37e94b4ff63d18d8b6998d590ee4d657559d6ac6d92ebe1749e5707831f5e
SERVER_HANDSHAKE_TRAFFIC_SECRET 522b6a70b0d0a2cbeaa9899d3cfc8455cabade0ad97ccbf1c1b2c4a584e8b003 e68e3f9118fb6c55f692b7083b93b73221c77862298333cd98db92492fd994ac25bc1cc1ac40043f514c0f20299dc188
CLIENT_HANDSHAKE_TRAFFIC_SECRET 522b6a70b0d0a2cbeaa9899d3cfc8455cabade0ad97ccbf1c1b2c4a584e8b003 6bba45acae6a7243e9733345ba8f7a4a9e858fbf040b2365becf9efc8003509009128acaeebd7e5cb69f010e4a4b0799
SERVER_TRAFFIC_SECRET_0 522b6a70b0d0a2cbeaa9899d3cfc8455cabade0ad97ccbf1c1b2c4a584e8b003 cb0e060cc850af416e94b125f0405a5b5abc970b2b7f8f6b738d759ad4481bf889778fdff9fc2a9054400ca3ce6a9bbe
EXPORTER_SECRET 522b6a70b0d0a2cbeaa9899d3cfc8455cabade0ad97ccbf1c1b2c4a584e8b003 2114c61c47cb2a234c2efb515c6d90560ea84f8cd2d1c8a747be7603ba44b425c85e57551c01be5298d94c858365d01c
CLIENT_TRAFFIC_SECRET_0 522b6a70b0d0a2cbeaa9899d3cfc8455cabade0ad97ccbf1c1b2c4a584e8b003 f86fa00cb0e7349ae5d2fbc93e56a4e5c894d8e21dde4fc399f423ace632293ba33cb78bab8f8cc52b93aa0d5db46855
SERVER_HANDSHAKE_TRAFFIC_SECRET 522b6a70b0d0a2cbeaa9899d3cfc8455cabade0ad97ccbf1c1b2c4a584e8b003 e68e3f9118fb6c55f692b7083b93b73221c77862298333cd98db92492fd994ac25bc1cc1ac40043f514c0f20299dc188
CLIENT_HANDSHAKE_TRAFFIC_SECRET 522b6a70b0d0a2cbeaa9899d3cfc8455cabade0ad97ccbf1c1b2c4a584e8b003 6bba45acae6a7243e9733345ba8f7a4a9e858fbf040b2365becf9efc8003509009128acaeebd7e5cb69f010e4a4b0799
SERVER_TRAFFIC_SECRET_0 522b6a70b0d0a2cbeaa9899d3cfc8455cabade0ad97ccbf1c1b2c4a584e8b003 cb0e060cc850af416e94b125f0405a5b5abc970b2b7f8f6b738d759ad4481bf889778fdff9fc2a9054400ca3ce6a9bbe
CLIENT_TRAFFIC_SECRET_0 522b6a70b0d0a2cbeaa9899d3cfc8455cabade0ad97ccbf1c1b2c4a584e8b003 f86fa00cb0e7349ae5d2fbc93e56a4e5c894d8e21dde4fc399f423ace632293ba33cb78bab8f8cc52b93aa0d5db46855
CLIENT_TRAFFIC_SECRET_0 522b6a70b0d0a2cbeaa9899d3cfc8455cabade0ad97ccbf1c1b2c4a584e8b003 f86fa00cb0e7349ae5d2fbc93e56a4e5c894d8e21dde4fc399f423ace632293ba33cb78bab8f8cc52b93aa0d5db46855
SERVER_HANDSHAKE_TRAFFIC_SECRET b08a7503896fc696eadc7ce45e86c6dacf7357866a75626974c70d6c7d2b4812 28ad823c3063a4bc81a0d9b3e2305175411f2b882a24c42564261e818f37da1272f0e388af6c7cfad5023d4f2a161bfd
CLIENT_HANDSHAKE_TRAFFIC_SECRET b08a7503896fc696eadc7ce45e86c6dacf7357866a75626974c70d6c7d2b4812 417a4e394cdaa74fa00c86aed168110fa1e5632ed176d4c3999acae08289446608b265743b3529e6d15d2c4332aaa1ad
SERVER_TRAFFIC_SECRET_0 b08a7503896fc696eadc7ce45e86c6dacf7357866a75626974c70d6c7d2b4812 ae47e3a080465b3e83b6d28cb52ef3a6ed5d1765c2024bb8ad86315c50b46b0eab2e4f3136dcb76156f4ebe27a8de146
EXPORTER_SECRET b08a7503896fc696eadc7ce45e86c6dacf7357866a75626974c70d6c7d2b4812 1fc6b21ff0adb694764e90dbcf79f04bbd4214a726da623b19fe9dfe71b6f7d4cea2926b50717c2cc545fd58c3ae2214
CLIENT_TRAFFIC_SECRET_0 b08a7503896fc696eadc7ce45e86c6dacf7357866a75626974c70d6c7d2b4812 9f884424dc10176cd8c3eaff82203a9134f20df52fa9f106f3500301c6bdfcdad244e1a0a43b6a067d7eb7cdee85f6aa
SERVER_HANDSHAKE_TRAFFIC_SECRET b08a7503896fc696eadc7ce45e86c6dacf7357866a75626974c70d6c7d2b4812 28ad823c3063a4bc81a0d9b3e2305175411f2b882a24c42564261e818f37da1272f0e388af6c7cfad5023d4f2a161bfd
CLIENT_HANDSHAKE_TRAFFIC_SECRET b08a7503896fc696eadc7ce45e86c6dacf7357866a75626974c70d6c7d2b4812 417a4e394cdaa74fa00c86aed168110fa1e5632ed176d4c3999acae08289446608b265743b3529e6d15d2c4332aaa1ad
SERVER_TRAFFIC_SECRET_0 b08a7503896fc696eadc7ce45e86c6dacf7357866a75626974c70d6c7d2b4812 ae47e3a080465b3e83b6d28cb52ef3a6ed5d1765c2024bb8ad86315c50b46b0eab2e4f3136dcb76156f4ebe27a8de146
CLIENT_TRAFFIC_SECRET_0 b08a7503896fc696eadc7ce45e86c6dacf7357866a75626974c70d6c7d2b4812 9f884424dc10176cd8c3eaff82203a9134f20df52fa9f106f3500301c6bdfcdad244e1a0a43b6a067d7eb7cdee85f6aa
CLIENT_TRAFFIC_SECRET_0 b08a7503896fc696eadc7ce45e86c6dacf7357866a75626974c70d6c7d2b4812 9f884424dc10176cd8c3eaff82203a9134f20df52fa9f106f3500301c6bdfcdad244e1a0a43b6a067d7eb7cdee85f6aa
SERVER_HANDSHAKE_TRAFFIC_SECRET 3b4fe8d6e2c50c60d9725f75372c93f600fa61f344ecf9283feb014b5f2611e2 efc753f30868f66b7d54344393180199b9950e64ac6ce5bc3cdd7f9563b7bebb1508d48ec7a82409c152b7d5bcb71292
CLIENT_HANDSHAKE_TRAFFIC_SECRET 3b4fe8d6e2c50c60d9725f75372c93f600fa61f344ecf9283feb014b5f2611e2 32d072c5b045bb0ff9309124b02e83a4cbae163e7473b343b01bebbfa912c8cfa7d04145d4d1cff3f0e955ca5864cadd
SERVER_TRAFFIC_SECRET_0 3b4fe8d6e2c50c60d9725f75372c93f600fa61f344ecf9283feb014b5f2611e2 4095a853f0390c66e1e906d1a5086424f6bf59a150f360a331d66ed0526a9f1f261002d59133abcd47022b01d750c6a9
EXPORTER_SECRET 3b4fe8d6e2c50c60d9725f75372c93f600fa61f344ecf9283feb014b5f2611e2 0e17affaa2fc5264eb4bc0405e3bef8361da29aab0cfe1b98c22f81398addc658005d3a82576bac9657f4b3dec103d4f
CLIENT_TRAFFIC_SECRET_0 3b4fe8d6e2c50c60d9725f75372c93f600fa61f344ecf9283feb014b5f2611e2 c627e961898dadb6a04b17b8cefc21aefcac6142c738648020adc995bda1a36223bf77f4a392dade190a5aaf6267ec5a
SERVER_HANDSHAKE_TRAFFIC_SECRET 3b4fe8d6e2c50c60d9725f75372c93f600fa61f344ecf9283feb014b5f2611e2 efc753f30868f66b7d54344393180199b9950e64ac6ce5bc3cdd7f9563b7bebb1508d48ec7a82409c152b7d5bcb71292
CLIENT_HANDSHAKE_TRAFFIC_SECRET 3b4fe8d6e2c50c60d9725f75372c93f600fa61f344ecf9283feb014b5f2611e2 32d072c5b045bb0ff9309124b02e83a4cbae163e7473b343b01bebbfa912c8cfa7d04145d4d1cff3f0e955ca5864cadd
SERVER_TRAFFIC_SECRET_0 3b4fe8d6e2c50c60d9725f75372c93f600fa61f344ecf9283feb014b5f2611e2 4095a853f0390c66e1e906d1a5086424f6bf59a150f360a331d66ed0526a9f1f261002d59133abcd47022b01d750c6a9
CLIENT_TRAFFIC_SECRET_0 3b4fe8d6e2c50c60d9725f75372c93f600fa61f344ecf9283feb014b5f2611e2 c627e961898dadb6a04b17b8cefc21aefcac6142c738648020adc995bda1a36223bf77f4a392dade190a5aaf6267ec5a
CLIENT_TRAFFIC_SECRET_0 3b4fe8d6e2c50c60d9725f75372c93f600fa61f344ecf9283feb014b5f2611e2 c627e961898dadb6a04b17b8cefc21aefcac6142c738648020adc995bda1a36223bf77f4a392dade190a5aaf6267ec5a
SERVER_HANDSHAKE_TRAFFIC_SECRET 4eccf36d6bf4a29c5fa3db9fab8197a9d026a42591b10c758405d5c0a9326b8b a230f67911486edd9fc6b807f09a7a59bfc90db27a2ce227a6d32c49a1aa4138445b8087fbdd9d44d5defe5f2e4e19ee
CLIENT_HANDSHAKE_TRAFFIC_SECRET 4eccf36d6bf4a29c5fa3db9fab8197a9d026a42591b10c758405d5c0a9326b8b d22c70a49032883c3bf6a704e34e2d9e92631952ff5df3bf34bf6612757428ca3d6cda416e80bb8b61bb22409eb220e0
SERVER_TRAFFIC_SECRET_0 4eccf36d6bf4a29c5fa3db9fab8197a9d026a42591b10c758405d5c0a9326b8b ca54a0b0cd297002cb67561c71a275ebbfea1fff021164a440c53982e49890e698342e56527b15494837da3e9d4060b4
EXPORTER_SECRET 4eccf36d6bf4a29c5fa3db9fab8197a9d026a42591b10c758405d5c0a9326b8b 40d01b617e05ab87b34739c070276142a104bffedef323183ff7c0de11c2a3cee90e3fdfda61ae06f77a483bd7a05793
CLIENT_TRAFFIC_SECRET_0 4eccf36d6bf4a29c5fa3db9fab8197a9d026a42591b10c758405d5c0a9326b8b ab9a1d4f7e29a626a6c386dbd58823041d922d4a22e27d29044038356a90628ba063f758dd53d23f00786825344269ff
SERVER_HANDSHAKE_TRAFFIC_SECRET 4eccf36d6bf4a29c5fa3db9fab8197a9d026a42591b10c758405d5c0a9326b8b a230f67911486edd9fc6b807f09a7a59bfc90db27a2ce227a6d32c49a1aa4138445b8087fbdd9d44d5defe5f2e4e19ee
CLIENT_HANDSHAKE_TRAFFIC_SECRET 4eccf36d6bf4a29c5fa3db9fab8197a9d026a42591b10c758405d5c0a9326b8b d22c70a49032883c3bf6a704e34e2d9e92631952ff5df3bf34bf6612757428ca3d6cda416e80bb8b61bb22409eb220e0
SERVER_TRAFFIC_SECRET_0 4eccf36d6bf4a29c5fa3db9fab8197a9d026a42591b10c758405d5c0a9326b8b ca54a0b0cd297002cb67561c71a275ebbfea1fff021164a440c53982e49890e698342e56527b15494837da3e9d4060b4
CLIENT_TRAFFIC_SECRET_0 4eccf36d6bf4a29c5fa3db9fab8197a9d026a42591b10c758405d5c0a9326b8b ab9a1d4f7e29a626a6c386dbd58823041d922d4a22e27d29044038356a90628ba063f758dd53d23f00786825344269ff
CLIENT_TRAFFIC_SECRET_0 4eccf36d6bf4a29c5fa3db9fab8197a9d026a42591b10c758405d5c0a9326b8b ab9a1d4f7e29a626a6c386dbd58823041d922d4a22e27d29044038356a90628ba063f758dd53d23f00786825344269ff
SERVER_HANDSHAKE_TRAFFIC_SECRET a49c6e4830fd3290e69cd88a48c45625b901e550ec69c998e6b78454abbfbd32 4ec251de92029d7711a7c197209bdfb3c89b3551096fc98b883f1697c0ded288ef691db3f55a64d41d2de20904d543e4
CLIENT_HANDSHAKE_TRAFFIC_SECRET a49c6e4830fd3290e69cd88a48c45625b901e550ec69c998e6b78454abbfbd32 0ea30da19b43805ed8e10111a70d9e59715b301a23423445e18f62ed569420720ea26bc0be44860366e025764be7d9d8
SERVER_TRAFFIC_SECRET_0 a49c6e4830fd3290e69cd88a48c45625b901e550ec69c998e6b78454abbfbd32 7610b63efe871b3144f9e450279d13679c578da3a6ebbaaf5ae23b535789e7c9f4c11ac849cef499f50d971f1e3a0a0d
EXPORTER_SECRET a49c6e4830fd3290e69cd88a48c45625b901e550ec69c998e6b78454abbfbd32 dff3c23b8d7c0272b9d10c884497347418403ff99457ef2a69a5fcc60804ac9b5d543c9e5022c41764cc2bafe1b8a278
CLIENT_TRAFFIC_SECRET_0 a49c6e4830fd3290e69cd88a48c45625b901e550ec69c998e6b78454abbfbd32 a9d61416349f8b562b0c0d91c7bcad6d3f7a31b621efc4d1699bcbffcc0a2dea4f1743cd1b6b3bd8106dadcc627787c8
SERVER_HANDSHAKE_TRAFFIC_SECRET a49c6e4830fd3290e69cd88a48c45625b901e550ec69c998e6b78454abbfbd32 4ec251de92029d7711a7c197209bdfb3c89b3551096fc98b883f1697c0ded288ef691db3f55a64d41d2de20904d543e4
CLIENT_HANDSHAKE_TRAFFIC_SECRET a49c6e4830fd3290e69cd88a48c45625b901e550ec69c998e6b78454abbfbd32 0ea30da19b43805ed8e10111a70d9e59715b301a23423445e18f62ed569420720ea26bc0be44860366e025764be7d9d8
SERVER_TRAFFIC_SECRET_0 a49c6e4830fd3290e69cd88a48c45625b901e550ec69c998e6b78454abbfbd32 7610b63efe871b3144f9e450279d13679c578da3a6ebbaaf5ae23b535789e7c9f4c11ac849cef499f50d971f1e3a0a0d
CLIENT_TRAFFIC_SECRET_0 a49c6e4830fd3290e69cd88a48c45625b901e550ec69c998e6b78454abbfbd32 a9d61416349f8b562b0c0d91c7bcad6d3f7a31b621efc4d1699bcbffcc0a2dea4f1743cd1b6b3bd8106dadcc627787c8
CLIENT_TRAFFIC_SECRET_0 a49c6e4830fd3290e69cd88a48c45625b901e550ec69c998e6b78454abbfbd32 a9d61416349f8b562b0c0d91c7bcad6d3f7a31b621efc4d1699bcbffcc0a2dea4f1743cd1b6b3bd8106dadcc627787c8
SERVER_HANDSHAKE_TRAFFIC_SECRET bf7849d11392c5f5db798ab92a0fa5f6130b5c0db1fa4900a1b31352645ccea0 e6a4b5c977c5d6e65ced25296aec8820e04206fb46c86c2f6c95d92cdce1980c8988c09ccd274b2a281dbc41b48a2d93
CLIENT_HANDSHAKE_TRAFFIC_SECRET bf7849d11392c5f5db798ab92a0fa5f6130b5c0db1fa4900a1b31352645ccea0 c29bd8d0cdcda1794eb970b939e1bf4488018db427a486ec096a6e24671fd5bd72bd29a67abfb6da6cd8ac44fe2629de
SERVER_TRAFFIC_SECRET_0 bf7849d11392c5f5db798ab92a0fa5f6130b5c0db1fa4900a1b31352645ccea0 3610c3e5641e436264a9c398a4fcd6847c2d3a3aa56f322b0aed4575b7222e81da6c0623097936697ca91ceb53765b2f
EXPORTER_SECRET bf7849d11392c5f5db798ab92a0fa5f6130b5c0db1fa4900a1b31352645ccea0 337c429ed969d09b7864d8bb49cc6cbf38c6afc4831e3233073c4c1f6f04bc86791b51eefc5340c157b2fdaee3d21e36
CLIENT_TRAFFIC_SECRET_0 bf7849d11392c5f5db798ab92a0fa5f6130b5c0db1fa4900a1b31352645ccea0 cc01c54290e331f183f95918da8975501dbcdd21c9321e3fa5084cfdd87c02041a7a589c85ac32311dbe34eabaf1551b
SERVER_HANDSHAKE_TRAFFIC_SECRET bf7849d11392c5f5db798ab92a0fa5f6130b5c0db1fa4900a1b31352645ccea0 e6a4b5c977c5d6e65ced25296aec8820e04206fb46c86c2f6c95d92cdce1980c8988c09ccd274b2a281dbc41b48a2d93
CLIENT_HANDSHAKE_TRAFFIC_SECRET bf7849d11392c5f5db798ab92a0fa5f6130b5c0db1fa4900a1b31352645ccea0 c29bd8d0cdcda1794eb970b939e1bf4488018db427a486ec096a6e24671fd5bd72bd29a67abfb6da6cd8ac44fe2629de
SERVER_TRAFFIC_SECRET_0 bf7849d11392c5f5db798ab92a0fa5f6130b5c0db1fa4900a1b31352645ccea0 3610c3e5641e436264a9c398a4fcd6847c2d3a3aa56f322b0aed4575b7222e81da6c0623097936697ca91ceb53765b2f
CLIENT_TRAFFIC_SECRET_0 bf7849d11392c5f5db798ab92a0fa5f6130b5c0db1fa4900a1b31352645ccea0 cc01c54290e331f183f95918da8975501dbcdd21c9321e3fa5084cfdd87c02041a7a589c85ac32311dbe34eabaf1551b
CLIENT_TRAFFIC_SECRET_0 bf7849d11392c5f5db798ab92a0fa5f6130b5c0db1fa4900a1b31352645ccea0 cc01c54290e331f183f95918da8975501dbcdd21c9321e3fa5084cfdd87c02041a7a589c85ac32311dbe34eabaf1551b
SERVER_HANDSHAKE_TRAFFIC_SECRET c99b50d3a644b62bd15938f6daa9b169e6852abc7c47cf857402279e41f5960a 6f7058252ba4bcabd42b63435ae72ab4af12a65de5c48556db8c3a5ea6c22802b0c43592ceadfdef152168f1a509bb2d
CLIENT_HANDSHAKE_TRAFFIC_SECRET c99b50d3a644b62bd15938f6daa9b169e6852abc7c47cf857402279e41f5960a b168fe658251154ffba6bad7cb3bb7139b736bffb39c85d6af92c3b6c31092bd703fa28099ecfa29719168178df570f4
SERVER_TRAFFIC_SECRET_0 c99b50d3a644b62bd15938f6daa9b169e6852abc7c47cf857402279e41f5960a edc3da3546d622f9a0a751426e5ead10880dde1c6efaef27ea10d5d6188ff46525ffdf9f8ff295a3b405f567a785bfa3
EXPORTER_SECRET c99b50d3a644b62bd15938f6daa9b169e6852abc7c47cf857402279e41f5960a e8e4b5dac46cef425c6556ccba83e08bf2a7baabe9d8fbc61cf13f09b6c6eec40fcbdd285bc9ac32065cb000862e4246
CLIENT_TRAFFIC_SECRET_0 c99b50d3a644b62bd15938f6daa9b169e6852abc7c47cf857402279e41f5960a 56425bd0accdbb47e0708fc15dd429815306292af12201aace2265ffe4d9e2650cd69fb78e60a9031459aa9a157ac931
SERVER_HANDSHAKE_TRAFFIC_SECRET c99b50d3a644b62bd15938f6daa9b169e6852abc7c47cf857402279e41f5960a 6f7058252ba4bcabd42b63435ae72ab4af12a65de5c48556db8c3a5ea6c22802b0c43592ceadfdef152168f1a509bb2d
CLIENT_HANDSHAKE_TRAFFIC_SECRET c99b50d3a644b62bd15938f6daa9b169e6852abc7c47cf857402279e41f5960a b168fe658251154ffba6bad7cb3bb7139b736bffb39c85d6af92c3b6c31092bd703fa28099ecfa29719168178df570f4
SERVER_TRAFFIC_SECRET_0 c99b50d3a644b62bd15938f6daa9b169e6852abc7c47cf857402279e41f5960a edc3da3546d622f9a0a751426e5ead10880dde1c6efaef27ea10d5d6188ff46525ffdf9f8ff295a3b405f567a785bfa3
CLIENT_TRAFFIC_SECRET_0 c99b50d3a644b62bd15938f6daa9b169e6852abc7c47cf857402279e41f5960a 56425bd0accdbb47e0708fc15dd429815306292af12201aace2265ffe4d9e2650cd69fb78e60a9031459aa9a157ac931
CLIENT_TRAFFIC_SECRET_0 c99b50d3a644b62bd15938f6daa9b169e6852abc7c47cf857402279e41f5960a 56425bd0accdbb47e0708fc15dd429815306292af12201aace2265ffe4d9e2650cd69fb78e60a9031459aa9a157ac931
SERVER_HANDSHAKE_TRAFFIC_SECRET 99d94d20ed60510d88e3e036b3d5a661499e64b718b3594f708ecdb2126329e8 b0493dc55fcb3112c92f984a45521ff1112656e5f6d6712b33525e443919f823e91c47b9706659e78fc2497c05475796
CLIENT_HANDSHAKE_TRAFFIC_SECRET 99d94d20ed60510d88e3e036b3d5a661499e64b718b3594f708ecdb2126329e8 74475d34fae9ac3e15381c028ca2627edc41cbdcf242e180a55c927da78f915ed9ad364fc973e2bf778879c33b4357da
SERVER_TRAFFIC_SECRET_0 99d94d20ed60510d88e3e036b3d5a661499e64b718b3594f708ecdb2126329e8 5a381b6f792da10374c911edf9b318ba946b558b9dcc9cb74432de64fbea752eba27fb213d5dbb142b3e10c9a3ee151f
EXPORTER_SECRET 99d94d20ed60510d88e3e036b3d5a661499e64b718b3594f708ecdb2126329e8 f97d69d214920e062f2d83ee181852b35929c6c3d207424b79d45c6923474ea9c5b49cfcf787aa084ac2a90aab632581
CLIENT_TRAFFIC_SECRET_0 99d94d20ed60510d88e3e036b3d5a661499e64b718b3594f708ecdb2126329e8 d51ae23ea5c8170ceea96051b116db0aea2175f257bc951e20b96ab53ef2cfc9b5ce14934e69a3511bdfd967334c1dda
SERVER_HANDSHAKE_TRAFFIC_SECRET 99d94d20ed60510d88e3e036b3d5a661499e64b718b3594f708ecdb2126329e8 b0493dc55fcb3112c92f984a45521ff1112656e5f6d6712b33525e443919f823e91c47b9706659e78fc2497c05475796
CLIENT_HANDSHAKE_TRAFFIC_SECRET 99d94d20ed60510d88e3e036b3d5a661499e64b718b3594f708ecdb2126329e8 74475d34fae9ac3e15381c028ca2627edc41cbdcf242e180a55c927da78f915ed9ad364fc973e2bf778879c33b4357da
SERVER_TRAFFIC_SECRET_0 99d94d20ed60510d88e3e036b3d5a661499e64b718b3594f708ecdb2126329e8 5a381b6f792da10374c911edf9b318ba946b558b9dcc9cb74432de64fbea752eba27fb213d5dbb142b3e10c9a3ee151f
CLIENT_TRAFFIC_SECRET_0 99d94d20ed60510d88e3e036b3d5a661499e64b718b3594f708ecdb2126329e8 d51ae23ea5c8170ceea96051b116db0aea2175f257bc951e20b96ab53ef2cfc9b5ce14934e69a3511bdfd967334c1dda
CLIENT_TRAFFIC_SECRET_0 99d94d20ed60510d88e3e036b3d5a661499e64b718b3594f708ecdb2126329e8 d51ae23ea5c8170ceea96051b116db0aea2175f257bc951e20b96ab53ef2cfc9b5ce14934e69a3511bdfd967334c1dda
SERVER_HANDSHAKE_TRAFFIC_SECRET 1cb7989b6ae1cb8017efc19fb683ce8f38468fb7847dc20c2bdeb793522d3224 f0cf03de80bd813d2a4fb7c8e39aba5356f2f3954e3928539e2eff8a37be97dc210322f2aa0ed71d0438eb693f182d90
CLIENT_HANDSHAKE_TRAFFIC_SECRET 1cb7989b6ae1cb8017efc19fb683ce8f38468fb7847dc20c2bdeb793522d3224 73f4c5602be8b8cf4273e6c56c850890b80c708de163362382be45f5f6337e726eab57bc2a79bd8299f44583098a6fd8
SERVER_TRAFFIC_SECRET_0 1cb7989b6ae1cb8017efc19fb683ce8f38468fb7847dc20c2bdeb793522d3224 4b10815df68e5c20708d8e79bdce3e845313d1ebd1fc24e2a1d7782c22854eac626d3b5c8b4844c078049970b03dbb2d
EXPORTER_SECRET 1cb7989b6ae1cb8017efc19fb683ce8f38468fb7847dc20c2bdeb793522d3224 4f231c90c3024c9f45df56c0df16b04f6327912b1c67109c236506917e7f7694f06de2afc369bc9178f23940185ae762
CLIENT_TRAFFIC_SECRET_0 1cb7989b6ae1cb8017efc19fb683ce8f38468fb7847dc20c2bdeb793522d3224 9831fe7cd5d3064d54d5ad0de021cd98a5ca6c57533a8805d6f2b3649862577f150d7da9c9cff46698cef6c107cba214
SERVER_HANDSHAKE_TRAFFIC_SECRET 1cb7989b6ae1cb8017efc19fb683ce8f38468fb7847dc20c2bdeb793522d3224 f0cf03de80bd813d2a4fb7c8e39aba5356f2f3954e3928539e2eff8a37be97dc210322f2aa0ed71d0438eb693f182d90
CLIENT_HANDSHAKE_TRAFFIC_SECRET 1cb7989b6ae1cb8017efc19fb683ce8f38468fb7847dc20c2bdeb793522d3224 73f4c5602be8b8cf4273e6c56c850890b80c708de163362382be45f5f6337e726eab57bc2a79bd8299f44583098a6fd8
SERVER_TRAFFIC_SECRET_0 1cb7989b6ae1cb8017efc19fb683ce8f38468fb7847dc20c2bdeb793522d3224 4b10815df68e5c20708d8e79bdce3e845313d1ebd1fc24e2a1d7782c22854eac626d3b5c8b4844c078049970b03dbb2d
CLIENT_TRAFFIC_SECRET_0 1cb7989b6ae1cb8017efc19fb683ce8f38468fb7847dc20c2bdeb793522d3224 9831fe7cd5d3064d54d5ad0de021cd98a5ca6c57533a8805d6f2b3649862577f150d7da9c9cff46698cef6c107cba214
CLIENT_TRAFFIC_SECRET_0 1cb7989b6ae1cb8017efc19fb683ce8f38468fb7847dc20c2bdeb793522d3224 9831fe7cd5d3064d54d5ad0de021cd98a5ca6c57533a8805d6f2b3649862577f150d7da9c9cff46698cef6c107cba214
SERVER_HANDSHAKE_TRAFFIC_SECRET 99759c31654b7d6da9347788b452637f88b68368eeab7204d1fa1119a77b01c6 3deec01a2b3d116928d1eaff62d7f10c45ecac6b6ab084fe118268d46264e72a97159925a6dfe42eab3e619bc2b1b7d3
CLIENT_HANDSHAKE_TRAFFIC_SECRET 99759c31654b7d6da9347788b452637f88b68368eeab7204d1fa1119a77b01c6 696c3b512b33f3d2f5122d52037570d899bff18f15f478b1db34c729747bb84f26ae717f7feda60582f45011dab2e8b8
SERVER_TRAFFIC_SECRET_0 99759c31654b7d6da9347788b452637f88b68368eeab7204d1fa1119a77b01c6 4bf2355ee0d086df1f9b2392cccbd0595ed742c15c25d98a1fb1400aec456dd1d6ef7853d0c421a59d79a1c6106cdbe4
EXPORTER_SECRET 99759c31654b7d6da9347788b452637f88b68368eeab7204d1fa1119a77b01c6 9c60235eaaa3449db2ec546712f06774495cf8794253973268e628df0fd51e645accda0a9f86bad87abf96d547947cf4
CLIENT_TRAFFIC_SECRET_0 99759c31654b7d6da9347788b452637f88b68368eeab7204d1fa1119a77b01c6 070e1150796436ab5c154ad71517943904ef6afb7406e4b7741d5715f9e1b73400dcafafeb18165652e7bf7396f7f98b
SERVER_HANDSHAKE_TRAFFIC_SECRET 99759c31654b7d6da9347788b452637f88b68368eeab7204d1fa1119a77b01c6 3deec01a2b3d116928d1eaff62d7f10c45ecac6b6ab084fe118268d46264e72a97159925a6dfe42eab3e619bc2b1b7d3
CLIENT_HANDSHAKE_TRAFFIC_SECRET 99759c31654b7d6da9347788b452637f88b68368eeab7204d1fa1119a77b01c6 696c3b512b33f3d2f5122d52037570d899bff18f15f478b1db34c729747bb84f26ae717f7feda60582f45011dab2e8b8
SERVER_TRAFFIC_SECRET_0 99759c31654b7d6da9347788b452637f88b68368eeab7204d1fa1119a77b01c6 4bf2355ee0d086df1f9b2392cccbd0595ed742c15c25d98a1fb1400aec456dd1d6ef7853d0c421a59d79a1c6106cdbe4
CLIENT_TRAFFIC_SECRET_0 99759c31654b7d6da9347788b452637f88b68368eeab7204d1fa1119a77b01c6 070e1150796436ab5c154ad71517943904ef6afb7406e4b7741d5715f9e1b73400dcafafeb18165652e7bf7396f7f98b
CLIENT_TRAFFIC_SECRET_0 99759c31654b7d6da9347788b452637f88b68368eeab7204d1fa1119a77b01c6 070e1150796436ab5c154ad71517943904ef6afb7406e4b7741d5715f9e1b73400dcafafeb18165652e7bf7396f7f98b
SERVER_HANDSHAKE_TRAFFIC_SECRET de3e8f66fb0a33a9ee7c3d84d608d1971ac7de69b4fe4f8fabfd463e9d586dbb ff221784481cfdddfbec8b1d4148d8b24c492658cb6ff51d3871033df6e621aef53b14b853ae30cd418c113fb1f1d447
CLIENT_HANDSHAKE_TRAFFIC_SECRET de3e8f66fb0a33a9ee7c3d84d608d1971ac7de69b4fe4f8fabfd463e9d586dbb 4e8bcc1789a150cb4993234c00825b2e642c8659e1052ef6e0b54975a6c1b66b99de17062fdcff326fec055fe88785f1
SERVER_TRAFFIC_SECRET_0 de3e8f66fb0a33a9ee7c3d84d608d1971ac7de69b4fe4f8fabfd463e9d586dbb 14a7a5c876b3b4f78ce0550850bb344d8a061030f867ef9e68923de66582460e95943b396bf2844744998c87f28f7d7f
EXPORTER_SECRET de3e8f66fb0a33a9ee7c3d84d608d1971ac7de69b4fe4f8fabfd463e9d586dbb d7bb6eea50ba7f087360380684d29ebf92d6776b86774bebfe1118467a159d5ca2745b585e57d99d3b8a042952c55618
CLIENT_TRAFFIC_SECRET_0 de3e8f66fb0a33a9ee7c3d84d608d1971ac7de69b4fe4f8fabfd463e9d586dbb ff09d17e54a0af0e5738f6be8e6085a4e897d29eb17ece87693ea77810f7af6874a68febb5f29e4eeeeac522497f6a0b
SERVER_HANDSHAKE_TRAFFIC_SECRET de3e8f66fb0a33a9ee7c3d84d608d1971ac7de69b4fe4f8fabfd463e9d586dbb ff221784481cfdddfbec8b1d4148d8b24c492658cb6ff51d3871033df6e621aef53b14b853ae30cd418c113fb1f1d447
CLIENT_HANDSHAKE_TRAFFIC_SECRET de3e8f66fb0a33a9ee7c3d84d608d1971ac7de69b4fe4f8fabfd463e9d586dbb 4e8bcc1789a150cb4993234c00825b2e642c8659e1052ef6e0b54975a6c1b66b99de17062fdcff326fec055fe88785f1
SERVER_TRAFFIC_SECRET_0 de3e8f66fb0a33a9ee7c3d84d608d1971ac7de69b4fe4f8fabfd463e9d586dbb 14a7a5c876b3b4f78ce0550850bb344d8a061030f867ef9e68923de66582460e95943b396bf2844744998c87f28f7d7f
CLIENT_TRAFFIC_SECRET_0 de3e8f66fb0a33a9ee7c3d84d608d1971ac7de69b4fe4f8fabfd463e9d586dbb ff09d17e54a0af0e5738f6be8e6085a4e897d29eb17ece87693ea77810f7af6874a68febb5f29e4eeeeac522497f6a0b
CLIENT_TRAFFIC_SECRET_0 de3e8f66fb0a33a9ee7c3d84d608d1971ac7de69b4fe4f8fabfd463e9d586dbb ff09d17e54a0af0e5738f6be8e6085a4e897d29eb17ece87693ea77810f7af6874a68febb5f29e4eeeeac522497f6a0b
SERVER_HANDSHAKE_TRAFFIC_SECRET b3353bd8f771e3911b51fbc1f1e2ce95037f92df68914d5d4de64680bb6847ab 8080484975be2f63bb7673e05c97b01b9cf77606760b13b66812a64ddf9788a4d24e504ca4a0bb3d1a0c073028d850b4
CLIENT_HANDSHAKE_TRAFFIC_SECRET b3353bd8f771e3911b51fbc1f1e2ce95037f92df68914d5d4de64680bb6847ab 4c66d3390111f74c435536ad4367da4043fa7ee8fed3e51cf437ab61b0da8a5a6d37c239f5f03aea4646660312b970a5
SERVER_TRAFFIC_SECRET_0 b3353bd8f771e3911b51fbc1f1e2ce95037f92df68914d5d4de64680bb6847ab 4a96738378e13be71ea64958a6a32b2609888909783b6f43b34705907acdf61af8eca5408f2fa0a86075df37f9280e7c
EXPORTER_SECRET b3353bd8f771e3911b51fbc1f1e2ce95037f92df68914d5d4de64680bb6847ab 84c5ef7b36a364c20a62d3dcb2dd5a2c1f00fd063396c8c74dbf95aff1b5e0526428816eb542a24a216328518c053ad7
CLIENT_TRAFFIC_SECRET_0 b3353bd8f771e3911b51fbc1f1e2ce95037f92df68914d5d4de64680bb6847ab 01ccf76d68977ebaa31205f29cac2f25383af0b19b724179b97a9b3637a0855bbfb4e7f29c7f0c322ff30dfbe737f76a
SERVER_HANDSHAKE_TRAFFIC_SECRET b3353bd8f771e3911b51fbc1f1e2ce95037f92df68914d5d4de64680bb6847ab 8080484975be2f63bb7673e05c97b01b9cf77606760b13b66812a64ddf9788a4d24e504ca4a0bb3d1a0c073028d850b4
CLIENT_HANDSHAKE_TRAFFIC_SECRET b3353bd8f771e3911b51fbc1f1e2ce95037f92df68914d5d4de64680bb6847ab 4c66d3390111f74c435536ad4367da4043fa7ee8fed3e51cf437ab61b0da8a5a6d37c239f5f03aea4646660312b970a5
SERVER_TRAFFIC_SECRET_0 b3353bd8f771e3911b51fbc1f1e2ce95037f92df68914d5d4de64680bb6847ab 4a96738378e13be71ea64958a6a32b2609888909783b6f43b34705907acdf61af8eca5408f2fa0a86075df37f9280e7c
CLIENT_TRAFFIC_SECRET_0 b3353bd8f771e3911b51fbc1f1e2ce95037f92df68914d5d4de64680bb6847ab 01ccf76d68977ebaa31205f29cac2f25383af0b19b724179b97a9b3637a0855bbfb4e7f29c7f0c322ff30dfbe737f76a
CLIENT_TRAFFIC_SECRET_0 b3353bd8f771e3911b51fbc1f1e2ce95037f92df68914d5d4de64680bb6847ab 01ccf76d68977ebaa31205f29cac2f25383af0b19b724179b97a9b3637a0855bbfb4e7f29c7f0c322ff30dfbe737f76a
SERVER_HANDSHAKE_TRAFFIC_SECRET f685b74fd1d38f14067d13c7b02870b9d9978d6fed316890e535b9ece7eebd69 de23bc8bdf9237e849c31f6aaa5b1f48f30fd9b9dca7106bede435d956ac5b6d73dc09bc0b4da7eb83e2b31c886b1715
CLIENT_HANDSHAKE_TRAFFIC_SECRET f685b74fd1d38f14067d13c7b02870b9d9978d6fed316890e535b9ece7eebd69 3f727683ad4b94ed6e9b8a72af6dda9ccd4769df4f7ada49ac3629cb1fa21f60e715f2d5d3b2002c905a1f92a822dedc
SERVER_TRAFFIC_SECRET_0 f685b74fd1d38f14067d13c7b02870b9d9978d6fed316890e535b9ece7eebd69 7d0821b211691fdd6f7b31184201f18fa613542c7143bf2807b1d6f4f7e6311a30f0cc828a6217f1374bd91f2095e4b6
EXPORTER_SECRET f685b74fd1d38f14067d13c7b02870b9d9978d6fed316890e535b9ece7eebd69 3ec4f483fdc8e6077375cf74df53e59ee83d7ae6506dbdcf5e511b24315babc94fe4eff700f14394cc676b054352027d
CLIENT_TRAFFIC_SECRET_0 f685b74fd1d38f14067d13c7b02870b9d9978d6fed316890e535b9ece7eebd69 4c784c55a8daddc4a93e127ee4983d915bd19170d355eb2e32c3c27d3a5fdf580a9655c4cb0d589d54ec437581119944
SERVER_HANDSHAKE_TRAFFIC_SECRET f685b74fd1d38f14067d13c7b02870b9d9978d6fed316890e535b9ece7eebd69 de23bc8bdf9237e849c31f6aaa5b1f48f30fd9b9dca7106bede435d956ac5b6d73dc09bc0b4da7eb83e2b31c886b1715
CLIENT_HANDSHAKE_TRAFFIC_SECRET f685b74fd1d38f14067d13c7b02870b9d9978d6fed316890e535b9ece7eebd69 3f727683ad4b94ed6e9b8a72af6dda9ccd4769df4f7ada49ac3629cb1fa21f60e715f2d5d3b2002c905a1f92a822dedc
SERVER_TRAFFIC_SECRET_0 f685b74fd1d38f14067d13c7b02870b9d9978d6fed316890e535b9ece7eebd69 7d0821b211691fdd6f7b31184201f18fa613542c7143bf2807b1d6f4f7e6311a30f0cc828a6217f1374bd91f2095e4b6
CLIENT_TRAFFIC_SECRET_0 f685b74fd1d38f14067d13c7b02870b9d9978d6fed316890e535b9ece7eebd69 4c784c55a8daddc4a93e127ee4983d915bd19170d355eb2e32c3c27d3a5fdf580a9655c4cb0d589d54ec437581119944
CLIENT_TRAFFIC_SECRET_0 f685b74fd1d38f14067d13c7b02870b9d9978d6fed316890e535b9ece7eebd69 4c784c55a8daddc4a93e127ee4983d915bd19170d355eb2e32c3c27d3a5fdf580a9655c4cb0d589d54ec437581119944
SERVER_HANDSHAKE_TRAFFIC_SECRET 3a88d40073b7c64dbd65399a6bfaa37c2ae46387dfa7f7126f4c98de0e0de472 1a3e24471d544e5ea98042f1bfd361778b5674be3e9fd10a4939e0ebb292e56755d86fde12a7452c985e1c437216f6ee
CLIENT_HANDSHAKE_TRAFFIC_SECRET 3a88d40073b7c64dbd65399a6bfaa37c2ae46387dfa7f7126f4c98de0e0de472 af05e3a4225a40779657b767ddd6591b20371b5fd9e6769d05a67427f608ee686c50ea6d8f150c5ce7e1b95ff82c6f87
SERVER_TRAFFIC_SECRET_0 3a88d40073b7c64dbd65399a6bfaa37c2ae46387dfa7f7126f4c98de0e0de472 6c14bf75cfdf89e64a8a521f4b294415680229674d13b574e8ffd2a93df3081007df4ac49d13a48efdc7bae3e1939ed6
EXPORTER_SECRET 3a88d40073b7c64dbd65399a6bfaa37c2ae46387dfa7f7126f4c98de0e0de472 8778558c06ef60112dc43b9acbd32c317b900fa1393d7a00f3405b21df2131561d7b98f949647df285faca4cd58718d6
CLIENT_TRAFFIC_SECRET_0 3a88d40073b7c64dbd65399a6bfaa37c2ae46387dfa7f7126f4c98de0e0de472 fef2fcb10d8af8f32fb86d94206c86f9513ecec88d2c00d40da898793ea075a4fb765d90090e85007ee41c97c2eb9688
SERVER_HANDSHAKE_TRAFFIC_SECRET 3a88d40073b7c64dbd65399a6bfaa37c2ae46387dfa7f7126f4c98de0e0de472 1a3e24471d544e5ea98042f1bfd361778b5674be3e9fd10a4939e0ebb292e56755d86fde12a7452c985e1c437216f6ee
CLIENT_HANDSHAKE_TRAFFIC_SECRET 3a88d40073b7c64dbd65399a6bfaa37c2ae46387dfa7f7126f4c98de0e0de472 af05e3a4225a40779657b767ddd6591b20371b5fd9e6769d05a67427f608ee686c50ea6d8f150c5ce7e1b95ff82c6f87
SERVER_TRAFFIC_SECRET_0 3a88d40073b7c64dbd65399a6bfaa37c2ae46387dfa7f7126f4c98de0e0de472 6c14bf75cfdf89e64a8a521f4b294415680229674d13b574e8ffd2a93df3081007df4ac49d13a48efdc7bae3e1939ed6
CLIENT_TRAFFIC_SECRET_0 3a88d40073b7c64dbd65399a6bfaa37c2ae46387dfa7f7126f4c98de0e0de472 fef2fcb10d8af8f32fb86d94206c86f9513ecec88d2c00d40da898793ea075a4fb765d90090e85007ee41c97c2eb9688
CLIENT_TRAFFIC_SECRET_0 3a88d40073b7c64dbd65399a6bfaa37c2ae46387dfa7f7126f4c98de0e0de472 fef2fcb10d8af8f32fb86d94206c86f9513ecec88d2c00d40da898793ea075a4fb765d90090e85007ee41c97c2eb9688
SERVER_HANDSHAKE_TRAFFIC_SECRET 42c049362efc29bf3903c177faf3e853754ef0c0410510ed0c9ed644416d0739 e4fe05f975e0ca3eac1087aeda9b76ebc70f6946cce59abc77a3dcc3062797b0528b22c5c7c313210dea4a76e190b3e3
CLIENT_HANDSHAKE_TRAFFIC_SECRET 42c049362efc29bf3903c177faf3e853754ef0c0410510ed0c9ed644416d0739 82e13722975dddf867128f4bb350c0b3c1dae5f435dfc1b0469f203d73934296f906bf75758bd0e2265359bd8262662a
SERVER_TRAFFIC_SECRET_0 42c049362efc29bf3903c177faf3e853754ef0c0410510ed0c9ed644416d0739 1be551f3086147ca5d8fae1753c542f3f39d467f093564631eab8d8365498c26fb6dc16c656d08ca73ad6904f62173b1
EXPORTER_SECRET 42c049362efc29bf3903c177faf3e853754ef0c0410510ed0c9ed644416d0739 f5d7f8c1cd02320e20a89b3fcca36760df2cc173e96c71e1f092e6ad2e8893a1896605c7c0fe0be74e8daab8e3298d51
CLIENT_TRAFFIC_SECRET_0 42c049362efc29bf3903c177faf3e853754ef0c0410510ed0c9ed644416d0739 592b097536782f27e350fcda7a9c0112bd09daa4fdf2a573cc2d2fc75d57c0bf52b7df54a93f22955c7230dc4b5e6445
SERVER_HANDSHAKE_TRAFFIC_SECRET 42c049362efc29bf3903c177faf3e853754ef0c0410510ed0c9ed644416d0739 e4fe05f975e0ca3eac1087aeda9b76ebc70f6946cce59abc77a3dcc3062797b0528b22c5c7c313210dea4a76e190b3e3
CLIENT_HANDSHAKE_TRAFFIC_SECRET 42c049362efc29bf3903c177faf3e853754ef0c0410510ed0c9ed644416d0739 82e13722975dddf867128f4bb350c0b3c1dae5f435dfc1b0469f203d73934296f906bf75758bd0e2265359bd8262662a
SERVER_TRAFFIC_SECRET_0 42c049362efc29bf3903c177faf3e853754ef0c0410510ed0c9ed644416d0739 1be551f3086147ca5d8fae1753c542f3f39d467f093564631eab8d8365498c26fb6dc16c656d08ca73ad6904f62173b1
CLIENT_TRAFFIC_SECRET_0 42c049362efc29bf3903c177faf3e853754ef0c0410510ed0c9ed644416d0739 592b097536782f27e350fcda7a9c0112bd09daa4fdf2a573cc2d2fc75d57c0bf52b7df54a93f22955c7230dc4b5e6445
CLIENT_TRAFFIC_SECRET_0 42c049362efc29bf3903c177faf3e853754ef0c0410510ed0c9ed644416d0739 592b097536782f27e350fcda7a9c0112bd09daa4fdf2a573cc2d2fc75d57c0bf52b7df54a93f22955c7230dc4b5e6445
SERVER_HANDSHAKE_TRAFFIC_SECRET 4cd37b29af143d619bec4a2de7b82c7f40ba1a595d31465b16ee63f91d9a7667 e7590df35257727ffb34395b4a21ba7e0679a646114c642539010f1062f6e0df8dd0e037cbadde0a64966c5625eb2b9b
CLIENT_HANDSHAKE_TRAFFIC_SECRET 4cd37b29af143d619bec4a2de7b82c7f40ba1a595d31465b16ee63f91d9a7667 533abe15a974fb08f5e014402cce75fc88c1d06a081a9e001a59c6deb41ca59afba5a8df6acda8f4b5c62e34e15aa0e2
SERVER_TRAFFIC_SECRET_0 4cd37b29af143d619bec4a2de7b82c7f40ba1a595d31465b16ee63f91d9a7667 80683399748325c197ad6c4556bfd25f8bb6f5664044ed4e59e81f5d539463df5eff2a5e13d19cdc5455145e75f20e50
EXPORTER_SECRET 4cd37b29af143d619bec4a2de7b82c7f40ba1a595d31465b16ee63f91d9a7667 2921706740b07ac94535baf788938d5ac79864e587e2b8f145c9404d9b2989b93b310a9aff384289c2b00c1e83aa1a35
CLIENT_TRAFFIC_SECRET_0 4cd37b29af143d619bec4a2de7b82c7f40ba1a595d31465b16ee63f91d9a7667 95024c7a58294b2a372ed9aa1029e03c43f91169a755c98e86aa65d1354d88cbcd8d165101fb3dc4d0e43866408fba79
SERVER_HANDSHAKE_TRAFFIC_SECRET 4cd37b29af143d619bec4a2de7b82c7f40ba1a595d31465b16ee63f91d9a7667 e7590df35257727ffb34395b4a21ba7e0679a646114c642539010f1062f6e0df8dd0e037cbadde0a64966c5625eb2b9b
CLIENT_HANDSHAKE_TRAFFIC_SECRET 4cd37b29af143d619bec4a2de7b82c7f40ba1a595d31465b16ee63f91d9a7667 533abe15a974fb08f5e014402cce75fc88c1d06a081a9e001a59c6deb41ca59afba5a8df6acda8f4b5c62e34e15aa0e2
SERVER_TRAFFIC_SECRET_0 4cd37b29af143d619bec4a2de7b82c7f40ba1a595d31465b16ee63f91d9a7667 80683399748325c197ad6c4556bfd25f8bb6f5664044ed4e59e81f5d539463df5eff2a5e13d19cdc5455145e75f20e50
CLIENT_TRAFFIC_SECRET_0 4cd37b29af143d619bec4a2de7b82c7f40ba1a595d31465b16ee63f91d9a7667 95024c7a58294b2a372ed9aa1029e03c43f91169a755c98e86aa65d1354d88cbcd8d165101fb3dc4d0e43866408fba79
CLIENT_TRAFFIC_SECRET_0 4cd37b29af143d619bec4a2de7b82c7f40ba1a595d31465b16ee63f91d9a7667 95024c7a58294b2a372ed9aa1029e03c43f91169a755c98e86aa65d1354d88cbcd8d165101fb3dc4d0e43866408fba79
SERVER_HANDSHAKE_TRAFFIC_SECRET 96cb283cf177d728cb663f9409531279aecb332697df1bf37b065f6c8d7208b8 d583bbf91f158d0ae4b42b279c1b790e76fdac95199ce67dfae64bf24dc7c20da49a2c795c883681bb99f1e95abfe3a2
CLIENT_HANDSHAKE_TRAFFIC_SECRET 96cb283cf177d728cb663f9409531279aecb332697df1bf37b065f6c8d7208b8 239d4ac70d549d39312d4955122447ac87fd46e6f7772f8ca45f356214972add6cb9dca2fce98c5cf2a8afd052436fcc
SERVER_TRAFFIC_SECRET_0 96cb283cf177d728cb663f9409531279aecb332697df1bf37b065f6c8d7208b8 e24d2f49e235aaef5c7a8204381b8473196892127aebe64a7dc5c8c4cb5da701e0d0f858692baf75c7c32a1032b36941
EXPORTER_SECRET 96cb283cf177d728cb663f9409531279aecb332697df1bf37b065f6c8d7208b8 4b61aeda2072e06546ba868e46ad8da012828cf89ed29c1c8a6b0086cec4aeaf07cf6d2bc9d7595943edd0cc6622b817
CLIENT_TRAFFIC_SECRET_0 96cb283cf177d728cb663f9409531279aecb332697df1bf37b065f6c8d7208b8 38fd6d63553324f09ee04e3ca3b3a64a70b405fa6fdf36ac50ab3797dd01a5bc55ab98270b67536d09ca5a3c18f071f3
SERVER_HANDSHAKE_TRAFFIC_SECRET 96cb283cf177d728cb663f9409531279aecb332697df1bf37b065f6c8d7208b8 d583bbf91f158d0ae4b42b279c1b790e76fdac95199ce67dfae64bf24dc7c20da49a2c795c883681bb99f1e95abfe3a2
CLIENT_HANDSHAKE_TRAFFIC_SECRET 96cb283cf177d728cb663f9409531279aecb332697df1bf37b065f6c8d7208b8 239d4ac70d549d39312d4955122447ac87fd46e6f7772f8ca45f356214972add6cb9dca2fce98c5cf2a8afd052436fcc
SERVER_TRAFFIC_SECRET_0 96cb283cf177d728cb663f9409531279aecb332697df1bf37b065f6c8d7208b8 e24d2f49e235aaef5c7a8204381b8473196892127aebe64a7dc5c8c4cb5da701e0d0f858692baf75c7c32a1032b36941
CLIENT_TRAFFIC_SECRET_0 96cb283cf177d728cb663f9409531279aecb332697df1bf37b065f6c8d7208b8 38fd6d63553324f09ee04e3ca3b3a64a70b405fa6fdf36ac50ab3797dd01a5bc55ab98270b67536d09ca5a3c18f071f3
CLIENT_TRAFFIC_SECRET_0 96cb283cf177d728cb663f9409531279aecb332697df1bf37b065f6c8d7208b8 38fd6d63553324f09ee04e3ca3b3a64a70b405fa6fdf36ac50ab3797dd01a5bc55ab98270b67536d09ca5a3c18f071f3
SERVER_HANDSHAKE_TRAFFIC_SECRET 6559d42ae4efabda58bc3fed06f58b72543c0612a012e1b4793d0ddde5895e75 b801ac95861c896f361efaa266b0ef51e5cfd151bd43341998f914f6ee3c6e8e1b1a6580498e1bb66cfa32510fd9cebb
CLIENT_HANDSHAKE_TRAFFIC_SECRET 6559d42ae4efabda58bc3fed06f58b72543c0612a012e1b4793d0ddde5895e75 b33ef52eb938d6b5f380080238141de82fd8ac41d86b46a3afb57e53c4f5af305bee813d651c6366c425776e453fc01a
SERVER_TRAFFIC_SECRET_0 6559d42ae4efabda58bc3fed06f58b72543c0612a012e1b4793d0ddde5895e75 71d532e656360ebadeb8cc5d5226f487c3779f3e88064f9c4f5b470c41b2eab2009577b545d518ec21479ad1c6da748c
EXPORTER_SECRET 6559d42ae4efabda58bc3fed06f58b72543c0612a012e1b4793d0ddde5895e75 a3d9722418e4770bf0e4dc27078ebe05246b62c870acffaff1d5c7c008f23f53e5a53bfbca638e4841f957ee66f74c1b
CLIENT_TRAFFIC_SECRET_0 6559d42ae4efabda58bc3fed06f58b72543c0612a012e1b4793d0ddde5895e75 8e2dd7fa4b103f0834792c09cc5c74706b03b401aa1e6b3f04b11b62451324006a187621bb8e3c0b6de93b12fb6aca99
SERVER_HANDSHAKE_TRAFFIC_SECRET 6559d42ae4efabda58bc3fed06f58b72543c0612a012e1b4793d0ddde5895e75 b801ac95861c896f361efaa266b0ef51e5cfd151bd43341998f914f6ee3c6e8e1b1a6580498e1bb66cfa32510fd9cebb
CLIENT_HANDSHAKE_TRAFFIC_SECRET 6559d42ae4efabda58bc3fed06f58b72543c0612a012e1b4793d0ddde5895e75 b33ef52eb938d6b5f380080238141de82fd8ac41d86b46a3afb57e53c4f5af305bee813d651c6366c425776e453fc01a
SERVER_TRAFFIC_SECRET_0 6559d42ae4efabda58bc3fed06f58b72543c0612a012e1b4793d0ddde5895e75 71d532e656360ebadeb8cc5d5226f487c3779f3e88064f9c4f5b470c41b2eab2009577b545d518ec21479ad1c6da748c
CLIENT_TRAFFIC_SECRET_0 6559d42ae4efabda58bc3fed06f58b72543c0612a012e1b4793d0ddde5895e75 8e2dd7fa4b103f0834792c09cc5c74706b03b401aa1e6b3f04b11b62451324006a187621bb8e3c0b6de93b12fb6aca99
CLIENT_TRAFFIC_SECRET_0 6559d42ae4efabda58bc3fed06f58b72543c0612a012e1b4793d0ddde5895e75 8e2dd7fa4b103f0834792c09cc5c74706b03b401aa1e6b3f04b11b62451324006a187621bb8e3c0b6de93b12fb6aca99
SERVER_HANDSHAKE_TRAFFIC_SECRET 4204a28f2a922a8bb40b7abe1ea959b90aaa222e84438be750fcc7c554300ad9 31f3ba666c0701f7c4f7849ec2ee45f18603a9e69757ec8f2df7ac3ef4b2a72a101f67b942423b04d2418bba8d22e6ad
CLIENT_HANDSHAKE_TRAFFIC_SECRET 4204a28f2a922a8bb40b7abe1ea959b90aaa222e84438be750fcc7c554300ad9 830aca127079a9e9bb22a5e5f2f8bcfcdf76d959980ec0be141d41e7a070e8ac779d933d2a23f9c9f701bc9125e5f72c
SERVER_TRAFFIC_SECRET_0 4204a28f2a922a8bb40b7abe1ea959b90aaa222e84438be750fcc7c554300ad9 2ec9eca2146130a6017ce588db2849b65ac467e7e8d721e32557896041df39935d86c6ce3173d7e34f2b313f858e49a8
EXPORTER_SECRET 4204a28f2a922a8bb40b7abe1ea959b90aaa222e84438be750fcc7c554300ad9 e401c309f359955ba1ba7b87de7b225231e1a3a45c1ccf746c8370887ae66339d0627220da4fae5028f36e455aa8396c
CLIENT_TRAFFIC_SECRET_0 4204a28f2a922a8bb40b7abe1ea959b90aaa222e84438be750fcc7c554300ad9 dcf06533b7b7158182f7cc7f6adc3c889dfd028b3066009c2526494881b4698563cf450c26999baec06a1ba98438e270
SERVER_HANDSHAKE_TRAFFIC_SECRET 4204a28f2a922a8bb40b7abe1ea959b90aaa222e84438be750fcc7c554300ad9 31f3ba666c0701f7c4f7849ec2ee45f18603a9e69757ec8f2df7ac3ef4b2a72a101f67b942423b04d2418bba8d22e6ad
CLIENT_HANDSHAKE_TRAFFIC_SECRET 4204a28f2a922a8bb40b7abe1ea959b90aaa222e84438be750fcc7c554300ad9 830aca127079a9e9bb22a5e5f2f8bcfcdf76d959980ec0be141d41e7a070e8ac779d933d2a23f9c9f701bc9125e5f72c
SERVER_TRAFFIC_SECRET_0 4204a28f2a922a8bb40b7abe1ea959b90aaa222e84438be750fcc7c554300ad9 2ec9eca2146130a6017ce588db2849b65ac467e7e8d721e32557896041df39935d86c6ce3173d7e34f2b313f858e49a8
CLIENT_TRAFFIC_SECRET_0 4204a28f2a922a8bb40b7abe1ea959b90aaa222e84438be750fcc7c554300ad9 dcf06533b7b7158182f7cc7f6adc3c889dfd028b3066009c2526494881b4698563cf450c26999baec06a1ba98438e270
CLIENT_TRAFFIC_SECRET_0 4204a28f2a922a8bb40b7abe1ea959b90aaa222e84438be750fcc7c554300ad9 dcf06533b7b7158182f7cc7f6adc3c889dfd028b3066009c2526494881b4698563cf450c26999baec06a1ba98438e270
SERVER_HANDSHAKE_TRAFFIC_SECRET 98b1c38bd31829009506473de537af1fe140e9c782b4b0c7c87e95e5ab013211 30a8f51423dcb95b77b67ac28f876164c0e6c3756563880a7e7b3390345504f4138fc05b0968f3a7f9b82ae930531df8
CLIENT_HANDSHAKE_TRAFFIC_SECRET 98b1c38bd31829009506473de537af1fe140e9c782b4b0c7c87e95e5ab013211 911b244eb44f97ed2dd91d6dacae53307e28fb15ec9ceca8d4fc09920a4c3d111a65db69cdb3b45fb77aa311ee1f4166
SERVER_TRAFFIC_SECRET_0 98b1c38bd31829009506473de537af1fe140e9c782b4b0c7c87e95e5ab013211 98b35f17c846c2d0317f3629a24d59b89c1dee8af268dcbce474a3a0521eb01c0ee42aa151e9ff260121d680e925606a
EXPORTER_SECRET 98b1c38bd31829009506473de537af1fe140e9c782b4b0c7c87e95e5ab013211 ecef661e742b1d941cb0b708d47ef2a2ed41ce73bea5673e4e76a918bc60be91d412c03ce50d4cbac4c0b7de88dc136a
CLIENT_TRAFFIC_SECRET_0 98b1c38bd31829009506473de537af1fe140e9c782b4b0c7c87e95e5ab013211 b9331cadc7af9bfa32a96dce2724b4f15a4381c1942c5419a2eb78aed84fcc4245e589b4af5832e8bc6f0be524a2520c
SERVER_HANDSHAKE_TRAFFIC_SECRET 98b1c38bd31829009506473de537af1fe140e9c782b4b0c7c87e95e5ab013211 30a8f51423dcb95b77b67ac28f876164c0e6c3756563880a7e7b3390345504f4138fc05b0968f3a7f9b82ae930531df8
CLIENT_HANDSHAKE_TRAFFIC_SECRET 98b1c38bd31829009506473de537af1fe140e9c782b4b0c7c87e95e5ab013211 911b244eb44f97ed2dd91d6dacae53307e28fb15ec9ceca8d4fc09920a4c3d111a65db69cdb3b45fb77aa311ee1f4166
SERVER_TRAFFIC_SECRET_0 98b1c38bd31829009506473de537af1fe140e9c782b4b0c7c87e95e5ab013211 98b35f17c846c2d0317f3629a24d59b89c1dee8af268dcbce474a3a0521eb01c0ee42aa151e9ff260121d680e925606a
CLIENT_TRAFFIC_SECRET_0 98b1c38bd31829009506473de537af1fe140e9c782b4b0c7c87e95e5ab013211 b9331cadc7af9bfa32a96dce2724b4f15a4381c1942c5419a2eb78aed84fcc4245e589b4af5832e8bc6f0be524a2520c
CLIENT_TRAFFIC_SECRET_0 98b1c38bd31829009506473de537af1fe140e9c782b4b0c7c87e95e5ab013211 b9331cadc7af9bfa32a96dce2724b4f15a4381c1942c5419a2eb78aed84fcc4245e589b4af5832e8bc6f0be524a2520c
SERVER_HANDSHAKE_TRAFFIC_SECRET 7ab1e088ab9aeb5711878f02bbfa844e250e8fcd7d483a457b572c5c7bbca9a8 a63ffa583b9d2eb1760ec253dd30b080460464d3b995d6cf5a98facb16593f61a0b27a31361fa8f75e4bf6d5f12f777c
CLIENT_HANDSHAKE_TRAFFIC_SECRET 7ab1e088ab9aeb5711878f02bbfa844e250e8fcd7d483a457b572c5c7bbca9a8 e9691649456c49cecae6b1c7d2286499feb00ec51fc7130aff62799fd4f33220a4e9b280956622b72fed302ce28b5b26
SERVER_TRAFFIC_SECRET_0 7ab1e088ab9aeb5711878f02bbfa844e250e8fcd7d483a457b572c5c7bbca9a8 890ed85392661464a98ecac4e55d26e4462ee612c1b2e1f8ff60bad343023eceb52caf75972127aaa39cf0a9bd0b20a5
EXPORTER_SECRET 7ab1e088ab9aeb5711878f02bbfa844e250e8fcd7d483a457b572c5c7bbca9a8 05127d63eeb83570af847c2af72f73d9e1a88717e62a1b5b285ecae62eadabe82b86067fc4a1cb7c62cafb0f9ed18863
CLIENT_TRAFFIC_SECRET_0 7ab1e088ab9aeb5711878f02bbfa844e250e8fcd7d483a457b572c5c7bbca9a8 4f400ec37bf94eb2f3fa5a902b18be004353ce84abd5236e1a264394be17b5c03b2364ce1588253e96060b1fc78665e0
SERVER_HANDSHAKE_TRAFFIC_SECRET 7ab1e088ab9aeb5711878f02bbfa844e250e8fcd7d483a457b572c5c7bbca9a8 a63ffa583b9d2eb1760ec253dd30b080460464d3b995d6cf5a98facb16593f61a0b27a31361fa8f75e4bf6d5f12f777c
CLIENT_HANDSHAKE_TRAFFIC_SECRET 7ab1e088ab9aeb5711878f02bbfa844e250e8fcd7d483a457b572c5c7bbca9a8 e9691649456c49cecae6b1c7d2286499feb00ec51fc7130aff62799fd4f33220a4e9b280956622b72fed302ce28b5b26
SERVER_TRAFFIC_SECRET_0 7ab1e088ab9aeb5711878f02bbfa844e250e8fcd7d483a457b572c5c7bbca9a8 890ed85392661464a98ecac4e55d26e4462ee612c1b2e1f8ff60bad343023eceb52caf75972127aaa39cf0a9bd0b20a5
CLIENT_TRAFFIC_SECRET_0 7ab1e088ab9aeb5711878f02bbfa844e250e8fcd7d483a457b572c5c7bbca9a8 4f400ec37bf94eb2f3fa5a902b18be004353ce84abd5236e1a264394be17b5c03b2364ce1588253e96060b1fc78665e0
CLIENT_TRAFFIC_SECRET_0 7ab1e088ab9aeb5711878f02bbfa844e250e8fcd7d483a457b572c5c7bbca9a8 4f400ec37bf94eb2f3fa5a902b18be004353ce84abd5236e1a264394be17b5c03b2364ce1588253e96060b1fc78665e0
SERVER_HANDSHAKE_TRAFFIC_SECRET 7c7840673c3a9a014f650df6573c64a3659d66372c9793da914975f03946fb33 0a3c695e3f0c6c18a3c37587d0b358c5873c896c80a8ec2bad0b7f196faebb1f5bb596ba04090a73f76371c7bc2b28e5
CLIENT_HANDSHAKE_TRAFFIC_SECRET 7c7840673c3a9a014f650df6573c64a3659d66372c9793da914975f03946fb33 cfff1a5fa42e9a790efbe98004967e15dd9c8bd04cd576a9c3afd7ef137efe9bfad772d8463cb30e374bb072642a3755
SERVER_TRAFFIC_SECRET_0 7c7840673c3a9a014f650df6573c64a3659d66372c9793da914975f03946fb33 8a786131a9d83dcd8cc544de5f13dbee171bccf5d68622ef82da572017d33ef0c3b27d37f7d8ac11c30f129d2545739e
EXPORTER_SECRET 7c7840673c3a9a014f650df6573c64a3659d66372c9793da914975f03946fb33 459237391274876512c4c38c8b23da4cb3d225c1a78ffe63ed214149cb1dcbf0b973645358c3e233ad8e3ea894416d8a
CLIENT_TRAFFIC_SECRET_0 7c7840673c3a9a014f650df6573c64a3659d66372c9793da914975f03946fb33 7e8c33916010378eb71b874a8d02fcdbde3a6398d7a6f977436b87c5394098a4d35b39edf36c3d10f316facb59d289e6
SERVER_HANDSHAKE_TRAFFIC_SECRET 7c7840673c3a9a014f650df6573c64a3659d66372c9793da914975f03946fb33 0a3c695e3f0c6c18a3c37587d0b358c5873c896c80a8ec2bad0b7f196faebb1f5bb596ba04090a73f76371c7bc2b28e5
CLIENT_HANDSHAKE_TRAFFIC_SECRET 7c7840673c3a9a014f650df6573c64a3659d66372c9793da914975f03946fb33 cfff1a5fa42e9a790efbe98004967e15dd9c8bd04cd576a9c3afd7ef137efe9bfad772d8463cb30e374bb072642a3755
SERVER_TRAFFIC_SECRET_0 7c7840673c3a9a014f650df6573c64a3659d66372c9793da914975f03946fb33 8a786131a9d83dcd8cc544de5f13dbee171bccf5d68622ef82da572017d33ef0c3b27d37f7d8ac11c30f129d2545739e
CLIENT_TRAFFIC_SECRET_0 7c7840673c3a9a014f650df6573c64a3659d66372c9793da914975f03946fb33 7e8c33916010378eb71b874a8d02fcdbde3a6398d7a6f977436b87c5394098a4d35b39edf36c3d10f316facb59d289e6
CLIENT_TRAFFIC_SECRET_0 7c7840673c3a9a014f650df6573c64a3659d66372c9793da914975f03946fb33 7e8c33916010378eb71b874a8d02fcdbde3a6398d7a6f977436b87c5394098a4d35b39edf36c3d10f316facb59d289e6
SERVER_HANDSHAKE_TRAFFIC_SECRET ad4526c99a9e22b1cfe5dc9d609d459cc95ce29d412e8ec6e944c5a8524793d9 d9880256446672f55a0bb3844962f9c9d9fa26c5077f22a310ee43bff4ebab716f6617cfe4f502d16b1cf721b7c5c6a1
CLIENT_HANDSHAKE_TRAFFIC_SECRET ad4526c99a9e22b1cfe5dc9d609d459cc95ce29d412e8ec6e944c5a8524793d9 df15d242b28d6032df50317b4109411151f735a35faa9336b8f83c49d10906085b8796e371a6a07d8e843be4364a55ab
SERVER_TRAFFIC_SECRET_0 ad4526c99a9e22b1cfe5dc9d609d459cc95ce29d412e8ec6e944c5a8524793d9 6a7d626df77038155afbcdc13bca7b757aba4b60f5803fa8a2bb39b3097e2f9870d8dafaceb0b4a16fd7365691aef336
EXPORTER_SECRET ad4526c99a9e22b1cfe5dc9d609d459cc95ce29d412e8ec6e944c5a8524793d9 ab588f1cccd1c2cc9ce00105aae69fdddf4518d6d08840837f50441ed3e244c2d04b9939c1dd3f4836db0d64a3e016df
CLIENT_TRAFFIC_SECRET_0 ad4526c99a9e22b1cfe5dc9d609d459cc95ce29d412e8ec6e944c5a8524793d9 9e27154c0fc607737b9ab6b2f020aca4ca415b696a68eb03ed6c35a5b81aab6b3bf92f608b1d65495aafe39b34209133
SERVER_HANDSHAKE_TRAFFIC_SECRET ad4526c99a9e22b1cfe5dc9d609d459cc95ce29d412e8ec6e944c5a8524793d9 d9880256446672f55a0bb3844962f9c9d9fa26c5077f22a310ee43bff4ebab716f6617cfe4f502d16b1cf721b7c5c6a1
CLIENT_HANDSHAKE_TRAFFIC_SECRET ad4526c99a9e22b1cfe5dc9d609d459cc95ce29d412e8ec6e944c5a8524793d9 df15d242b28d6032df50317b4109411151f735a35faa9336b8f83c49d10906085b8796e371a6a07d8e843be4364a55ab
SERVER_TRAFFIC_SECRET_0 ad4526c99a9e22b1cfe5dc9d609d459cc95ce29d412e8ec6e944c5a8524793d9 6a7d626df77038155afbcdc13bca7b757aba4b60f5803fa8a2bb39b3097e2f9870d8dafaceb0b4a16fd7365691aef336
CLIENT_TRAFFIC_SECRET_0 ad4526c99a9e22b1cfe5dc9d609d459cc95ce29d412e8ec6e944c5a8524793d9 9e27154c0fc607737b9ab6b2f020aca4ca415b696a68eb03ed6c35a5b81aab6b3bf92f608b1d65495aafe39b34209133
CLIENT_TRAFFIC_SECRET_0 ad4526c99a9e22b1cfe5dc9d609d459cc95ce29d412e8ec6e944c5a8524793d9 9e27154c0fc607737b9ab6b2f020aca4ca415b696a68eb03ed6c35a5b81aab6b3bf92f608b1d65495aafe39b34209133
SERVER_HANDSHAKE_TRAFFIC_SECRET f2ac4c04db3b883b94bb9473a4c4882f55407cd7ba50976c4ac52ad369220c61 27d728a10e03b1723db699e1d19272d88b71a8f52a4ada855de7a2fe98d5c8cabab1ba0f5a0c320bd780ff0e1c056edb
CLIENT_HANDSHAKE_TRAFFIC_SECRET f2ac4c04db3b883b94bb9473a4c4882f55407cd7ba50976c4ac52ad369220c61 538dc689cfdd17d0baead337120558eed1134b4824c0501047f3dcc92bedc45f32742cffcb0c3f96bbb8ff3de15fd7f7
SERVER_TRAFFIC_SECRET_0 f2ac4c04db3b883b94bb9473a4c4882f55407cd7ba50976c4ac52ad369220c61 229fb65a8122ef3d3e93da6012d217606791ea38064c0365efe71d4ed04772a66bd46b8840751dfa24cc7775f3cce2e7
EXPORTER_SECRET f2ac4c04db3b883b94bb9473a4c4882f55407cd7ba50976c4ac52ad369220c61 492ae606e2cb5c0fc6d328fdaad61dc81cb915f6252b759d1fe918a2a8ae08922c583b586dd98dec1517afbbeea31d33
CLIENT_TRAFFIC_SECRET_0 f2ac4c04db3b883b94bb9473a4c4882f55407cd7ba50976c4ac52ad369220c61 34bcda6af7652fcfcfa1a49f8dbf5d4a172fd1f3d858c39a0f478cb58d2528f3148b73029d2b63b5899f1960a59c79c2
SERVER_HANDSHAKE_TRAFFIC_SECRET f2ac4c04db3b883b94bb9473a4c4882f55407cd7ba50976c4ac52ad369220c61 27d728a10e03b1723db699e1d19272d88b71a8f52a4ada855de7a2fe98d5c8cabab1ba0f5a0c320bd780ff0e1c056edb
CLIENT_HANDSHAKE_TRAFFIC_SECRET f2ac4c04db3b883b94bb9473a4c4882f55407cd7ba50976c4ac52ad369220c61 538dc689cfdd17d0baead337120558eed1134b4824c0501047f3dcc92bedc45f32742cffcb0c3f96bbb8ff3de15fd7f7
SERVER_TRAFFIC_SECRET_0 f2ac4c04db3b883b94bb9473a4c4882f55407cd7ba50976c4ac52ad369220c61 229fb65a8122ef3d3e93da6012d217606791ea38064c0365efe71d4ed04772a66bd46b8840751dfa24cc7775f3cce2e7
CLIENT_TRAFFIC_SECRET_0 f2ac4c04db3b883b94bb9473a4c4882f55407cd7ba50976c4ac52ad369220c61 34bcda6af7652fcfcfa1a49f8dbf5d4a172fd1f3d858c39a0f478cb58d2528f3148b73029d2b63b5899f1960a59c79c2
CLIENT_TRAFFIC_SECRET_0 f2ac4c04db3b883b94bb9473a4c4882f55407cd7ba50976c4ac52ad369220c61 34bcda6af7652fcfcfa1a49f8dbf5d4a172fd1f3d858c39a0f478cb58d2528f3148b73029d2b63b5899f1960a59c79c2
SERVER_HANDSHAKE_TRAFFIC_SECRET 85745daa992f0dce8314c20d074e3b24edc54d73013a8695b12c370bb89f322d 1bead5ed1827f7e66494c60278e33130807223234c337e9c26c4ee5384d5bd549e589dc4e3845a0e5226ed21b9dc7618
CLIENT_HANDSHAKE_TRAFFIC_SECRET 85745daa992f0dce8314c20d074e3b24edc54d73013a8695b12c370bb89f322d 5110a3c98558104f5f9b00edfb5a7af8c73beb17fe685c2d20525ecf349e7e8a3367bf95079e8667dfd6f08537743e8e
SERVER_TRAFFIC_SECRET_0 85745daa992f0dce8314c20d074e3b24edc54d73013a8695b12c370bb89f322d add690d942da22293759d3a8eb5b05782aa49e7dc371ae12307537463c5fa2997c221ccf93b9795858985889b4b5e3b5
EXPORTER_SECRET 85745daa992f0dce8314c20d074e3b24edc54d73013a8695b12c370bb89f322d c376f3838430b597715562808bdfe6e2eb7242ac537ee4da2fc0fc237f57fb5a7475253feb4a493023086b6e56c535c9
CLIENT_TRAFFIC_SECRET_0 85745daa992f0dce8314c20d074e3b24edc54d73013a8695b12c370bb89f322d 2fcef0acb7e382ae4acf30cc3e26ad4f50476152d5e6d8d0a6208794f9337d7f81452202527a07c8c1eb3b4f4089ad45
SERVER_HANDSHAKE_TRAFFIC_SECRET 85745daa992f0dce8314c20d074e3b24edc54d73013a8695b12c370bb89f322d 1bead5ed1827f7e66494c60278e33130807223234c337e9c26c4ee5384d5bd549e589dc4e3845a0e5226ed21b9dc7618
CLIENT_HANDSHAKE_TRAFFIC_SECRET 85745daa992f0dce8314c20d074e3b24edc54d73013a8695b12c370bb89f322d 5110a3c98558104f5f9b00edfb5a7af8c73beb17fe685c2d20525ecf349e7e8a3367bf95079e8667dfd6f08537743e8e
SERVER_TRAFFIC_SECRET_0 85745daa992f0dce8314c20d074e3b24edc54d73013a8695b12c370bb89f322d add690d942da22293759d3a8eb5b05782aa49e7dc371ae12307537463c5fa2997c221ccf93b9795858985889b4b5e3b5
CLIENT_TRAFFIC_SECRET_0 85745daa992f0dce8314c20d074e3b24edc54d73013a8695b12c370bb89f322d 2fcef0acb7e382ae4acf30cc3e26ad4f50476152d5e6d8d0a6208794f9337d7f81452202527a07c8c1eb3b4f4089ad45
CLIENT_TRAFFIC_SECRET_0 85745daa992f0dce8314c20d074e3b24edc54d73013a8695b12c370bb89f322d 2fcef0acb7e382ae4acf30cc3e26ad4f50476152d5e6d8d0a6208794f9337d7f81452202527a07c8c1eb3b4f4089ad45
SERVER_HANDSHAKE_TRAFFIC_SECRET 3d8fa208803e875e56602fcef7582bee6a48c145874cb42fef943cc627e81bb2 4d3f787588709f59932ee77b2ad216e944a33ab52ce6bd38129dfca8a754ad396abc3f69223b0b0cc51b47c1a18426c9
CLIENT_HANDSHAKE_TRAFFIC_SECRET 3d8fa208803e875e56602fcef7582bee6a48c145874cb42fef943cc627e81bb2 14921592be5861bb45db4f6fc00a33ae6849d9ae3b490d146c4329fec2e944b5974ea55b6841d0e2565ec18b7f342f71
SERVER_TRAFFIC_SECRET_0 3d8fa208803e875e56602fcef7582bee6a48c145874cb42fef943cc627e81bb2 2a8418404860b22f0ca53996073fffed1923d69db0e8f19f8c6c0c4e699003add435acc2fe8e8c7d0d1d46b1889b7b15
EXPORTER_SECRET 3d8fa208803e875e56602fcef7582bee6a48c145874cb42fef943cc627e81bb2 06c1d1552aa3bd21f948d3c9fd6c6dcfa1ba49541cc9f400fb5e259935f27a667f5b5c899be15075e163ceae0460231d
CLIENT_TRAFFIC_SECRET_0 3d8fa208803e875e56602fcef7582bee6a48c145874cb42fef943cc627e81bb2 fc5a58e51fccf454391ed7dd51857e390c804dfb5fec703f4b65f49699a60221185be6636679b0d33166c7a97ea56fc0
SERVER_HANDSHAKE_TRAFFIC_SECRET 3d8fa208803e875e56602fcef7582bee6a48c145874cb42fef943cc627e81bb2 4d3f787588709f59932ee77b2ad216e944a33ab52ce6bd38129dfca8a754ad396abc3f69223b0b0cc51b47c1a18426c9
CLIENT_HANDSHAKE_TRAFFIC_SECRET 3d8fa208803e875e56602fcef7582bee6a48c145874cb42fef943cc627e81bb2 14921592be5861bb45db4f6fc00a33ae6849d9ae3b490d146c4329fec2e944b5974ea55b6841d0e2565ec18b7f342f71
SERVER_TRAFFIC_SECRET_0 3d8fa208803e875e56602fcef7582bee6a48c145874cb42fef943cc627e81bb2 2a8418404860b22f0ca53996073fffed1923d69db0e8f19f8c6c0c4e699003add435acc2fe8e8c7d0d1d46b1889b7b15
CLIENT_TRAFFIC_SECRET_0 3d8fa208803e875e56602fcef7582bee6a48c145874cb42fef943cc627e81bb2 fc5a58e51fccf454391ed7dd51857e390c804dfb5fec703f4b65f49699a60221185be6636679b0d33166c7a97ea56fc0
CLIENT_TRAFFIC_SECRET_0 3d8fa208803e875e56602fcef7582bee6a48c145874cb42fef943cc627e81bb2 fc5a58e51fccf454391ed7dd51857e390c804dfb5fec703f4b65f49699a60221185be6636679b0d33166c7a97ea56fc0
SERVER_HANDSHAKE_TRAFFIC_SECRET 48a4a7dccac7b3c82e3725ac9cdddc48d3f2be8d9bd30a8672dd3df07b7fcfd6 af73f82dd8c5e796ed662bca493e473a7ac56dc95ba4b5fcc34813924ab0c9119f062d0c88d335f616fa16894d340063
CLIENT_HANDSHAKE_TRAFFIC_SECRET 48a4a7dccac7b3c82e3725ac9cdddc48d3f2be8d9bd30a8672dd3df07b7fcfd6 629ff69718b0e61b598f20d07e39a1eb82c905a3757ffc789c6f3f296198eaee58ea07b8744abc1327ce997c527c80a1
SERVER_TRAFFIC_SECRET_0 48a4a7dccac7b3c82e3725ac9cdddc48d3f2be8d9bd30a8672dd3df07b7fcfd6 b64839793e3f9eaa8b27a90ccb2bda09b26d180ca3a146fd46dfabd983c388e4c83ac08fb6e8db874000e108bb555492
EXPORTER_SECRET 48a4a7dccac7b3c82e3725ac9cdddc48d3f2be8d9bd30a8672dd3df07b7fcfd6 009a4fbd9c5f4cf166183b35278f7226b9049005b8573dd8e25984327671fbc1fd8d0d5864377cf32c88103a6e182a6e
CLIENT_TRAFFIC_SECRET_0 48a4a7dccac7b3c82e3725ac9cdddc48d3f2be8d9bd30a8672dd3df07b7fcfd6 d33fdd2be69d08211a7818b9717c3494e2aa9dbf6129020a59187d2802132c6ab5e66f46bfe368b255cd158283e057ca
SERVER_HANDSHAKE_TRAFFIC_SECRET 48a4a7dccac7b3c82e3725ac9cdddc48d3f2be8d9bd30a8672dd3df07b7fcfd6 af73f82dd8c5e796ed662bca493e473a7ac56dc95ba4b5fcc34813924ab0c9119f062d0c88d335f616fa16894d340063
CLIENT_HANDSHAKE_TRAFFIC_SECRET 48a4a7dccac7b3c82e3725ac9cdddc48d3f2be8d9bd30a8672dd3df07b7fcfd6 629ff69718b0e61b598f20d07e39a1eb82c905a3757ffc789c6f3f296198eaee58ea07b8744abc1327ce997c527c80a1
SERVER_TRAFFIC_SECRET_0 48a4a7dccac7b3c82e3725ac9cdddc48d3f2be8d9bd30a8672dd3df07b7fcfd6 b64839793e3f9eaa8b27a90ccb2bda09b26d180ca3a146fd46dfabd983c388e4c83ac08fb6e8db874000e108bb555492
CLIENT_TRAFFIC_SECRET_0 48a4a7dccac7b3c82e3725ac9cdddc48d3f2be8d9bd30a8672dd3df07b7fcfd6 d33fdd2be69d08211a7818b9717c3494e2aa9dbf6129020a59187d2802132c6ab5e66f46bfe368b255cd158283e057ca
CLIENT_TRAFFIC_SECRET_0 48a4a7dccac7b3c82e3725ac9cdddc48d3f2be8d9bd30a8672dd3df07b7fcfd6 d33fdd2be69d08211a7818b9717c3494e2aa9dbf6129020a59187d2802132c6ab5e66f46bfe368b255cd158283e057ca
SERVER_HANDSHAKE_TRAFFIC_SECRET 3598a36bfe113f9caa0871eae0e075c73ea13517cde3e7bd982770f8b6ff8041 1b1e09ae7face3a0c58820ab948cf6ce1a04b28a4c9974959de36db582fc1ba48009dcdca36b189f22fd44d3c4836f63
CLIENT_HANDSHAKE_TRAFFIC_SECRET 3598a36bfe113f9caa0871eae0e075c73ea13517cde3e7bd982770f8b6ff8041 b1b9f388dc25b6faa09a43334948b4c9c10baf25dfb6e4ba527267873e544b09e831afcc07c91eea56d4abc0f16aaee8
SERVER_TRAFFIC_SECRET_0 3598a36bfe113f9caa0871eae0e075c73ea13517cde3e7bd982770f8b6ff8041 50d0bd02a537c3e5a6e85d0ad2039093c1d9b30e96731a3489508d1c2ac6311b9fe4b44ee945f6f07948acaac1a81b7c
EXPORTER_SECRET 3598a36bfe113f9caa0871eae0e075c73ea13517cde3e7bd982770f8b6ff8041 2aa349a776ec0a0f8911aac76ec472c3af0e1246db3721fd9f4b50e85fa137fcd8b00ba7babe1e65b27b4a75f5ef8dbf
CLIENT_TRAFFIC_SECRET_0 3598a36bfe113f9caa0871eae0e075c73ea13517cde3e7bd982770f8b6ff8041 13bc93005f626ca713bfa7cd1508a63c0693e9df976a5c1a60f49ee98d529ff5bd1c181f691913b728cfdac0a44b1a0b
SERVER_HANDSHAKE_TRAFFIC_SECRET 3598a36bfe113f9caa0871eae0e075c73ea13517cde3e7bd982770f8b6ff8041 1b1e09ae7face3a0c58820ab948cf6ce1a04b28a4c9974959de36db582fc1ba48009dcdca36b189f22fd44d3c4836f63
CLIENT_HANDSHAKE_TRAFFIC_SECRET 3598a36bfe113f9caa0871eae0e075c73ea13517cde3e7bd982770f8b6ff8041 b1b9f388dc25b6faa09a43334948b4c9c10baf25dfb6e4ba527267873e544b09e831afcc07c91eea56d4abc0f16aaee8
SERVER_TRAFFIC_SECRET_0 3598a36bfe113f9caa0871eae0e075c73ea13517cde3e7bd982770f8b6ff8041 50d0bd02a537c3e5a6e85d0ad2039093c1d9b30e96731a3489508d1c2ac6311b9fe4b44ee945f6f07948acaac1a81b7c
CLIENT_TRAFFIC_SECRET_0 3598a36bfe113f9caa0871eae0e075c73ea13517cde3e7bd982770f8b6ff8041 13bc93005f626ca713bfa7cd1508a63c0693e9df976a5c1a60f49ee98d529ff5bd1c181f691913b728cfdac0a44b1a0b
CLIENT_TRAFFIC_SECRET_0 3598a36bfe113f9caa0871eae0e075c73ea13517cde3e7bd982770f8b6ff8041 13bc93005f626ca713bfa7cd1508a63c0693e9df976a5c1a60f49ee98d529ff5bd1c181f691913b728cfdac0a44b1a0b
SERVER_HANDSHAKE_TRAFFIC_SECRET e20cc238ea77995b13199e43593f19623e57b768befdfa4496c7c049c9194672 bfad4ed1364de169048949c5a7f808bee13b7ff9556f138ec62d012af561e9c175a925d89b27e624b2e521165e7e47e8
CLIENT_HANDSHAKE_TRAFFIC_SECRET e20cc238ea77995b13199e43593f19623e57b768befdfa4496c7c049c9194672 5cda345bba49fc07b8178966db5dbf13b53f10b8eeb21763271eabd5b03a40e3b3be36a878276d93bfd4c80c346d93ec
SERVER_TRAFFIC_SECRET_0 e20cc238ea77995b13199e43593f19623e57b768befdfa4496c7c049c9194672 77fac786109f7e9431ca2c5cda8dcbf40d4f5ca14b1d223d8e72b2a5703167f8ffa20cc999098d3e7d2e93a4acaef3d3
EXPORTER_SECRET e20cc238ea77995b13199e43593f19623e57b768befdfa4496c7c049c9194672 316c6db5d953111a8c2e989898e880d7ae59d835c03f772a4cae59769755aed2cd18b240d80a417305f2806c5746a9e8
CLIENT_TRAFFIC_SECRET_0 e20cc238ea77995b13199e43593f19623e57b768befdfa4496c7c049c9194672 71e9b42a6bd4b6f1325da26bf6f4fde254ed9a9d83d7648cbaf31c3e325a4262a50d2c4c94274f298bf68fe46b8de63f
SERVER_HANDSHAKE_TRAFFIC_SECRET e20cc238ea77995b13199e43593f19623e57b768befdfa4496c7c049c9194672 bfad4ed1364de169048949c5a7f808bee13b7ff9556f138ec62d012af561e9c175a925d89b27e624b2e521165e7e47e8
CLIENT_HANDSHAKE_TRAFFIC_SECRET e20cc238ea77995b13199e43593f19623e57b768befdfa4496c7c049c9194672 5cda345bba49fc07b8178966db5dbf13b53f10b8eeb21763271eabd5b03a40e3b3be36a878276d93bfd4c80c346d93ec
SERVER_TRAFFIC_SECRET_0 e20cc238ea77995b13199e43593f19623e57b768befdfa4496c7c049c9194672 77fac786109f7e9431ca2c5cda8dcbf40d4f5ca14b1d223d8e72b2a5703167f8ffa20cc999098d3e7d2e93a4acaef3d3
CLIENT_TRAFFIC_SECRET_0 e20cc238ea77995b13199e43593f19623e57b768befdfa4496c7c049c9194672 71e9b42a6bd4b6f1325da26bf6f4fde254ed9a9d83d7648cbaf31c3e325a4262a50d2c4c94274f298bf68fe46b8de63f
CLIENT_TRAFFIC_SECRET_0 e20cc238ea77995b13199e43593f19623e57b768befdfa4496c7c049c9194672 71e9b42a6bd4b6f1325da26bf6f4fde254ed9a9d83d7648cbaf31c3e325a4262a50d2c4c94274f298bf68fe46b8de63f
SERVER_HANDSHAKE_TRAFFIC_SECRET 9e63e6cb528f8fbaba4bbf821d111d560cc76cc41cbd93ea2da00fa133d3f5ce 059b769005f77f6e9e1ababb5435d483d8065958ce79b44d1855852ce868c4463cee3d31bc600208241e8602356b774e
CLIENT_HANDSHAKE_TRAFFIC_SECRET 9e63e6cb528f8fbaba4bbf821d111d560cc76cc41cbd93ea2da00fa133d3f5ce 11294e273f9724bb85dce340d27aeca574abdd9e48cb96cd495b4b6b8ddb72b9ac7d757125cce798eee4edc66269339b
SERVER_TRAFFIC_SECRET_0 9e63e6cb528f8fbaba4bbf821d111d560cc76cc41cbd93ea2da00fa133d3f5ce 7b003bd153fcef488b2c24e5494efa2cf23a482d5e59c00b69f28f7d7d5d97f5bb7d99be48e9c667ef14f31373767701
EXPORTER_SECRET 9e63e6cb528f8fbaba4bbf821d111d560cc76cc41cbd93ea2da00fa133d3f5ce 8580fb97240512da539b7084619be3887cd4b90a6e4d7e0f9e09c9fdbda9fc2df1eded62e039b64bc919b7e42eaffcd0
CLIENT_TRAFFIC_SECRET_0 9e63e6cb528f8fbaba4bbf821d111d560cc76cc41cbd93ea2da00fa133d3f5ce a05428da454d01275c8bb538241884a1c2b4e2697b90390eaf8da60b64a89c55309a8b21ee89968902cdd101fb35f455
SERVER_HANDSHAKE_TRAFFIC_SECRET 9e63e6cb528f8fbaba4bbf821d111d560cc76cc41cbd93ea2da00fa133d3f5ce 059b769005f77f6e9e1ababb5435d483d8065958ce79b44d1855852ce868c4463cee3d31bc600208241e8602356b774e
CLIENT_HANDSHAKE_TRAFFIC_SECRET 9e63e6cb528f8fbaba4bbf821d111d560cc76cc41cbd93ea2da00fa133d3f5ce 11294e273f9724bb85dce340d27aeca574abdd9e48cb96cd495b4b6b8ddb72b9ac7d757125cce798eee4edc66269339b
SERVER_TRAFFIC_SECRET_0 9e63e6cb528f8fbaba4bbf821d111d560cc76cc41cbd93ea2da00fa133d3f5ce 7b003bd153fcef488b2c24e5494efa2cf23a482d5e59c00b69f28f7d7d5d97f5bb7d99be48e9c667ef14f31373767701
CLIENT_TRAFFIC_SECRET_0 9e63e6cb528f8fbaba4bbf821d111d560cc76cc41cbd93ea2da00fa133d3f5ce a05428da454d01275c8bb538241884a1c2b4e2697b90390eaf8da60b64a89c55309a8b21ee89968902cdd101fb35f455
CLIENT_TRAFFIC_SECRET_0 9e63e6cb528f8fbaba4bbf821d111d560cc76cc41cbd93ea2da00fa133d3f5ce a05428da454d01275c8bb538241884a1c2b4e2697b90390eaf8da60b64a89c55309a8b21ee89968902cdd101fb35f455
SERVER_HANDSHAKE_TRAFFIC_SECRET 968de1c198b2c641ec38385f16d75dac71f0dfd9a4713b4025511af07310825c 4563720eed09ed8ac21185d08df622b257c70368fddf2670f93c10fc963f67ffa18ca0060ce50085a3aba2f7fc5b77fc
CLIENT_HANDSHAKE_TRAFFIC_SECRET 968de1c198b2c641ec38385f16d75dac71f0dfd9a4713b4025511af07310825c 7a69c81ceb2c9b80c5f0d2cbecc45899f19148527f9d939cf3174ce6392068f92a521820bd9235dada44409c14f3d84a
SERVER_TRAFFIC_SECRET_0 968de1c198b2c641ec38385f16d75dac71f0dfd9a4713b4025511af07310825c c7f3aba85e5ec030b3aaddc6514e0212043abe83e81f49ff2bc4fcdd53e663ef05c4c9b3c986b9939cc2abdabac54fe4
EXPORTER_SECRET 968de1c198b2c641ec38385f16d75dac71f0dfd9a4713b4025511af07310825c 76bfb8f8bfb89dae6c6628605f29a2017b38b336cd6a38db4039b8a4ecf8eb83c6c8a622a94e79335cf79170abf21d41
CLIENT_TRAFFIC_SECRET_0 968de1c198b2c641ec38385f16d75dac71f0dfd9a4713b4025511af07310825c 0919f88d1eaeb577b88f355c7a2791bbfca7461c852bb59596a77ffa1b23cbdec9e579cc89d26784907f180c0553ac82
SERVER_HANDSHAKE_TRAFFIC_SECRET 968de1c198b2c641ec38385f16d75dac71f0dfd9a4713b4025511af07310825c 4563720eed09ed8ac21185d08df622b257c70368fddf2670f93c10fc963f67ffa18ca0060ce50085a3aba2f7fc5b77fc
CLIENT_HANDSHAKE_TRAFFIC_SECRET 968de1c198b2c641ec38385f16d75dac71f0dfd9a4713b4025511af07310825c 7a69c81ceb2c9b80c5f0d2cbecc45899f19148527f9d939cf3174ce6392068f92a521820bd9235dada44409c14f3d84a
SERVER_TRAFFIC_SECRET_0 968de1c198b2c641ec38385f16d75dac71f0dfd9a4713b4025511af07310825c c7f3aba85e5ec030b3aaddc6514e0212043abe83e81f49ff2bc4fcdd53e663ef05c4c9b3c986b9939cc2abdabac54fe4
CLIENT_TRAFFIC_SECRET_0 968de1c198b2c641ec38385f16d75dac71f0dfd9a4713b4025511af07310825c 0919f88d1eaeb577b88f355c7a2791bbfca7461c852bb59596a77ffa1b23cbdec9e579cc89d26784907f180c0553ac82
CLIENT_TRAFFIC_SECRET_0 968de1c198b2c641ec38385f16d75dac71f0dfd9a4713b4025511af07310825c 0919f88d1eaeb577b88f355c7a2791bbfca7461c852bb59596a77ffa1b23cbdec9e579cc89d26784907f180c0553ac82
SERVER_HANDSHAKE_TRAFFIC_SECRET a964aabd9f5567ed156b05a7945ccdb9d24148d9b75879f02a938314ec0a963b 0d02257314054d950d99ab558929db4b2e6dec46778e8f32ea5c7a40641fd0cf309656957c6e64f39a061085790f4fbb
CLIENT_HANDSHAKE_TRAFFIC_SECRET a964aabd9f5567ed156b05a7945ccdb9d24148d9b75879f02a938314ec0a963b 932c671e9fef85400a8202c01160f5c0cea8e135ba3fe2a0fc8f743648ceb8f0fd0ead79b02adf712a1dfd2f1cf8ef65
SERVER_TRAFFIC_SECRET_0 a964aabd9f5567ed156b05a7945ccdb9d24148d9b75879f02a938314ec0a963b 46fc4ed1bd410c2616a0c2a432d49e35c457076026a9d8b658ead9a0ec5eb734bf3f5589efa9881773f96426a0a79d80
EXPORTER_SECRET a964aabd9f5567ed156b05a7945ccdb9d24148d9b75879f02a938314ec0a963b 5bbce0f67af6ab95f7b9a34ff92d4645fd844778744f5b1f0038f959538f59a3fefeb87b99f6a6128bc38eef8ffc5bdd
CLIENT_TRAFFIC_SECRET_0 a964aabd9f5567ed156b05a7945ccdb9d24148d9b75879f02a938314ec0a963b 2276f3a77ec09bf6b27667dc59460918a1b69a3a5e22a34b562ecf15f9b9b927f15188aaa69da7f425039b5b000a4271
SERVER_HANDSHAKE_TRAFFIC_SECRET a964aabd9f5567ed156b05a7945ccdb9d24148d9b75879f02a938314ec0a963b 0d02257314054d950d99ab558929db4b2e6dec46778e8f32ea5c7a40641fd0cf309656957c6e64f39a061085790f4fbb
CLIENT_HANDSHAKE_TRAFFIC_SECRET a964aabd9f5567ed156b05a7945ccdb9d24148d9b75879f02a938314ec0a963b 932c671e9fef85400a8202c01160f5c0cea8e135ba3fe2a0fc8f743648ceb8f0fd0ead79b02adf712a1dfd2f1cf8ef65
SERVER_TRAFFIC_SECRET_0 a964aabd9f5567ed156b05a7945ccdb9d24148d9b75879f02a938314ec0a963b 46fc4ed1bd410c2616a0c2a432d49e35c457076026a9d8b658ead9a0ec5eb734bf3f5589efa9881773f96426a0a79d80
CLIENT_TRAFFIC_SECRET_0 a964aabd9f5567ed156b05a7945ccdb9d24148d9b75879f02a938314ec0a963b 2276f3a77ec09bf6b27667dc59460918a1b69a3a5e22a34b562ecf15f9b9b927f15188aaa69da7f425039b5b000a4271
CLIENT_TRAFFIC_SECRET_0 a964aabd9f5567ed156b05a7945ccdb9d24148d9b75879f02a938314ec0a963b 2276f3a77ec09bf6b27667dc59460918a1b69a3a5e22a34b562ecf15f9b9b927f15188aaa69da7f425039b5b000a4271
SERVER_HANDSHAKE_TRAFFIC_SECRET 1d73368207f9b10d1feda3f9f4e25e986bb7d6ead62df45f2ef17567093da80f c8fee62e6e2877487cf17529647a91adbfd60c74f7a75d7e140d63faef9be2f74fe06d3d23f9a98414ac7e66787f57ac
CLIENT_HANDSHAKE_TRAFFIC_SECRET 1d73368207f9b10d1feda3f9f4e25e986bb7d6ead62df45f2ef17567093da80f 995a8a7895d5e5117c7e5b62e0b4ed44a2cb479770df51dcd529848a6fbf49c7640dada5634bce8b4568b18cb9b5bdb6
SERVER_TRAFFIC_SECRET_0 1d73368207f9b10d1feda3f9f4e25e986bb7d6ead62df45f2ef17567093da80f a7c28e85e781079bc57a321751d50b3976959863408826ad53fc6e1b245fd56324e3b49d8640f45688a189171c83af99
EXPORTER_SECRET 1d73368207f9b10d1feda3f9f4e25e986bb7d6ead62df45f2ef17567093da80f 8df9968eea1f34d2ff64d65c432a8443a8c947f1dadf6a680dccbbea1031c243eaf1d79a70d9ece252db9aac083c57a0
CLIENT_TRAFFIC_SECRET_0 1d73368207f9b10d1feda3f9f4e25e986bb7d6ead62df45f2ef17567093da80f 83c2e30b44e73869991b38d64ae4e0bee5f9da8a5aa3e5dbd7ef185c4a2e3248b0c3150b0857e9837bc9ebfa728a0980
SERVER_HANDSHAKE_TRAFFIC_SECRET 1d73368207f9b10d1feda3f9f4e25e986bb7d6ead62df45f2ef17567093da80f c8fee62e6e2877487cf17529647a91adbfd60c74f7a75d7e140d63faef9be2f74fe06d3d23f9a98414ac7e66787f57ac
CLIENT_HANDSHAKE_TRAFFIC_SECRET 1d73368207f9b10d1feda3f9f4e25e986bb7d6ead62df45f2ef17567093da80f 995a8a7895d5e5117c7e5b62e0b4ed44a2cb479770df51dcd529848a6fbf49c7640dada5634bce8b4568b18cb9b5bdb6
SERVER_TRAFFIC_SECRET_0 1d73368207f9b10d1feda3f9f4e25e986bb7d6ead62df45f2ef17567093da80f a7c28e85e781079bc57a321751d50b3976959863408826ad53fc6e1b245fd56324e3b49d8640f45688a189171c83af99
CLIENT_TRAFFIC_SECRET_0 1d73368207f9b10d1feda3f9f4e25e986bb7d6ead62df45f2ef17567093da80f 83c2e30b44e73869991b38d64ae4e0bee5f9da8a5aa3e5dbd7ef185c4a2e3248b0c3150b0857e9837bc9ebfa728a0980
CLIENT_TRAFFIC_SECRET_0 1d73368207f9b10d1feda3f9f4e25e986bb7d6ead62df45f2ef17567093da80f 83c2e30b44e73869991b38d64ae4e0bee5f9da8a5aa3e5dbd7ef185c4a2e3248b0c3150b0857e9837bc9ebfa728a0980
SERVER_HANDSHAKE_TRAFFIC_SECRET 8eb0dec88f17f91e3331421c706eef64ece173cda162a2b023cb73ed56368f4c 5b786b829bbb276c134c54f27e1bec8bb8742756dd81bc47fcf40f3a03a058fe18a155fcffd7eca4c1297bb9919aad30
CLIENT_HANDSHAKE_TRAFFIC_SECRET 8eb0dec88f17f91e3331421c706eef64ece173cda162a2b023cb73ed56368f4c cdac3fb9aaac16095bbb41da72e4b0d471ed6a3a287cf66bd1887230a52c3b5264d6fc8711f968fd37742d31cf0717de
SERVER_TRAFFIC_SECRET_0 8eb0dec88f17f91e3331421c706eef64ece173cda162a2b023cb73ed56368f4c ddef74ae5a6cbcd436b3aa1fe2f2abf0d394111ddc9c7e99395bdb62b77de2e899d4e1de0f98f678ec21ee8aed187ea2
EXPORTER_SECRET 8eb0dec88f17f91e3331421c706eef64ece173cda162a2b023cb73ed56368f4c 33e2adee708d3e6712d9a06a805a0e021c2d46f546b62fbd3a382a86a0446fad351bd7f220433eb37ee7be07ecacf34d
CLIENT_TRAFFIC_SECRET_0 8eb0dec88f17f91e3331421c706eef64ece173cda162a2b023cb73ed56368f4c 26fe9d50119a636213d590eded33846bc247f8cba1159d44dc51e5a9694467983db72a75f31bf2f2f3c188d1c90e6c62
SERVER_HANDSHAKE_TRAFFIC_SECRET 8eb0dec88f17f91e3331421c706eef64ece173cda162a2b023cb73ed56368f4c 5b786b829bbb276c134c54f27e1bec8bb8742756dd81bc47fcf40f3a03a058fe18a155fcffd7eca4c1297bb9919aad30
CLIENT_HANDSHAKE_TRAFFIC_SECRET 8eb0dec88f17f91e3331421c706eef64ece173cda162a2b023cb73ed56368f4c cdac3fb9aaac16095bbb41da72e4b0d471ed6a3a287cf66bd1887230a52c3b5264d6fc8711f968fd37742d31cf0717de
SERVER_TRAFFIC_SECRET_0 8eb0dec88f17f91e3331421c706eef64ece173cda162a2b023cb73ed56368f4c ddef74ae5a6cbcd436b3aa1fe2f2abf0d394111ddc9c7e99395bdb62b77de2e899d4e1de0f98f678ec21ee8aed187ea2
CLIENT_TRAFFIC_SECRET_0 8eb0dec88f17f91e3331421c706eef64ece173cda162a2b023cb73ed56368f4c 26fe9d50119a636213d590eded33846bc247f8cba1159d44dc51e5a9694467983db72a75f31bf2f2f3c188d1c90e6c62
CLIENT_TRAFFIC_SECRET_0 8eb0dec88f17f91e3331421c706eef64ece173cda162a2b023cb73ed56368f4c 26fe9d50119a636213d590eded33846bc247f8cba1159d44dc51e5a9694467983db72a75f31bf2f2f3c188d1c90e6c62
SERVER_HANDSHAKE_TRAFFIC_SECRET e67bedb3e87b9c07d375939a50dcaccad183571e7265a3a0b788ea3280fb5f86 2693cfeb385fbd21ae9d2a1852070559c91afee1eb5f21375683b7ead34789d310464a9aac733475639c8b1939ffb87d
CLIENT_HANDSHAKE_TRAFFIC_SECRET e67bedb3e87b9c07d375939a50dcaccad183571e7265a3a0b788ea3280fb5f86 9fbe9901876045c17c258af80c4828ec339450c25aa4f24b5fd1c355a7d4c3ed4c0cf3828701d455a8ab847e97a4dc72
SERVER_TRAFFIC_SECRET_0 e67bedb3e87b9c07d375939a50dcaccad183571e7265a3a0b788ea3280fb5f86 059c4b3b44ec409eea01784fe7f6d6014cb71d8d182babe4e96896037e19a0c6a15b7d71250d9ebc15f676040f403bea
EXPORTER_SECRET e67bedb3e87b9c07d375939a50dcaccad183571e7265a3a0b788ea3280fb5f86 1d1eeef3d17dd68cc822e9c62b6c51391569ae9e32c5d5e35a783b5e3f4d560f3d75dbee2c11fa70ea3f12709fb7fbb0
CLIENT_TRAFFIC_SECRET_0 e67bedb3e87b9c07d375939a50dcaccad183571e7265a3a0b788ea3280fb5f86 e6f7283fef5a7e228dd9c07ef93de01061063dca5da34f93815ec2b335468613f688cdb6b2bb9de460817563ee3f574d
SERVER_HANDSHAKE_TRAFFIC_SECRET e67bedb3e87b9c07d375939a50dcaccad183571e7265a3a0b788ea3280fb5f86 2693cfeb385fbd21ae9d2a1852070559c91afee1eb5f21375683b7ead34789d310464a9aac733475639c8b1939ffb87d
CLIENT_HANDSHAKE_TRAFFIC_SECRET e67bedb3e87b9c07d375939a50dcaccad183571e7265a3a0b788ea3280fb5f86 9fbe9901876045c17c258af80c4828ec339450c25aa4f24b5fd1c355a7d4c3ed4c0cf3828701d455a8ab847e97a4dc72
SERVER_TRAFFIC_SECRET_0 e67bedb3e87b9c07d375939a50dcaccad183571e7265a3a0b788ea3280fb5f86 059c4b3b44ec409eea01784fe7f6d6014cb71d8d182babe4e96896037e19a0c6a15b7d71250d9ebc15f676040f403bea
CLIENT_TRAFFIC_SECRET_0 e67bedb3e87b9c07d375939a50dcaccad183571e7265a3a0b788ea3280fb5f86 e6f7283fef5a7e228dd9c07ef93de01061063dca5da34f93815ec2b335468613f688cdb6b2bb9de460817563ee3f574d
CLIENT_TRAFFIC_SECRET_0 e67bedb3e87b9c07d375939a50dcaccad183571e7265a3a0b788ea3280fb5f86 e6f7283fef5a7e228dd9c07ef93de01061063dca5da34f93815ec2b335468613f688cdb6b2bb9de460817563ee3f574d
SERVER_HANDSHAKE_TRAFFIC_SECRET 0149b3638d3223511c3e22b427b00cd4bad66ce393b878325fef78693ad07c9d 8e93a8e8b7ee2f8860c5660f08450e7af508c2781b5a9f12b32c48b6f44f7e643b243b29c5ac815dc0a353c61f110dfc
CLIENT_HANDSHAKE_TRAFFIC_SECRET 0149b3638d3223511c3e22b427b00cd4bad66ce393b878325fef78693ad07c9d 89d916b042c8eb90eee2a2ead9f172a9b6bf6079346d77dc26ecaa9d2147a3f2bb3ea318b0f838c64542e1a01de16ca9
SERVER_TRAFFIC_SECRET_0 0149b3638d3223511c3e22b427b00cd4bad66ce393b878325fef78693ad07c9d 0c29fa01a1adf05ee09ee60341faa4b25e52c8c79e5a92b149e633fbe7b8600dbf4b6bb2b152b676c48dc3a2fa72ce99
EXPORTER_SECRET 0149b3638d3223511c3e22b427b00cd4bad66ce393b878325fef78693ad07c9d 09650aeb693b5dc7d41d5b49b9f0daf370814d6099db9b5543589173c1af4e17e2e81b4685d7bfccdd8c96ef0281667f
CLIENT_TRAFFIC_SECRET_0 0149b3638d3223511c3e22b427b00cd4bad66ce393b878325fef78693ad07c9d 5685771773fc177a6fbe0ba530076f282ced5ddf1dd1b8175b249676721f5a59befbe683ac8fdcb15488e1d03daafc58
SERVER_HANDSHAKE_TRAFFIC_SECRET 0149b3638d3223511c3e22b427b00cd4bad66ce393b878325fef78693ad07c9d 8e93a8e8b7ee2f8860c5660f08450e7af508c2781b5a9f12b32c48b6f44f7e643b243b29c5ac815dc0a353c61f110dfc
CLIENT_HANDSHAKE_TRAFFIC_SECRET 0149b3638d3223511c3e22b427b00cd4bad66ce393b878325fef78693ad07c9d 89d916b042c8eb90eee2a2ead9f172a9b6bf6079346d77dc26ecaa9d2147a3f2bb3ea318b0f838c64542e1a01de16ca9
SERVER_TRAFFIC_SECRET_0 0149b3638d3223511c3e22b427b00cd4bad66ce393b878325fef78693ad07c9d 0c29fa01a1adf05ee09ee60341faa4b25e52c8c79e5a92b149e633fbe7b8600dbf4b6bb2b152b676c48dc3a2fa72ce99
CLIENT_TRAFFIC_SECRET_0 0149b3638d3223511c3e22b427b00cd4bad66ce393b878325fef78693ad07c9d 5685771773fc177a6fbe0ba530076f282ced5ddf1dd1b8175b249676721f5a59befbe683ac8fdcb15488e1d03daafc58
CLIENT_TRAFFIC_SECRET_0 0149b3638d3223511c3e22b427b00cd4bad66ce393b878325fef78693ad07c9d 5685771773fc177a6fbe0ba530076f282ced5ddf1dd1b8175b249676721f5a59befbe683ac8fdcb15488e1d03daafc58
SERVER_HANDSHAKE_TRAFFIC_SECRET 43bcbec481ae3ad88b70acffebfda0292bfd00e0610eacc95678513ecb10c07f e3e22fb6636c50c7c57202dcdf005eaa9415227f7ebc8cfc42380a0c6fe16b9555fb33d69698d07b7666b1f0e81545fc
CLIENT_HANDSHAKE_TRAFFIC_SECRET 43bcbec481ae3ad88b70acffebfda0292bfd00e0610eacc95678513ecb10c07f bf000c21232add8907ea90f10833f654df3ba5af0fa344763b050fa6cb6f0c8a71840f86b6e90e7bacf6d68184dfabf8
SERVER_TRAFFIC_SECRET_0 43bcbec481ae3ad88b70acffebfda0292bfd00e0610eacc95678513ecb10c07f b3c767c54d2592761a43907f7134965654b532f14b210c04a647eacfec5d6725f79aec52fc863c3484d867e36bb7db71
EXPORTER_SECRET 43bcbec481ae3ad88b70acffebfda0292bfd00e0610eacc95678513ecb10c07f 2d3132cdd9493f5e5eea064a9a65e41a5e60b5e298fccdee3fbb82cad960a6d9e0d0e3b23f2a7687df785afa61837150
CLIENT_TRAFFIC_SECRET_0 43bcbec481ae3ad88b70acffebfda0292bfd00e0610eacc95678513ecb10c07f bc287397e9a70830726341b198a306a10fc828f30789d25d5c33bd93a6a6c8234f6e6bb24cb2e9fb7517a2f1a7f6d40f
SERVER_HANDSHAKE_TRAFFIC_SECRET 43bcbec481ae3ad88b70acffebfda0292bfd00e0610eacc95678513ecb10c07f e3e22fb6636c50c7c57202dcdf005eaa9415227f7ebc8cfc42380a0c6fe16b9555fb33d69698d07b7666b1f0e81545fc
CLIENT_HANDSHAKE_TRAFFIC_SECRET 43bcbec481ae3ad88b70acffebfda0292bfd00e0610eacc95678513ecb10c07f bf000c21232add8907ea90f10833f654df3ba5af0fa344763b050fa6cb6f0c8a71840f86b6e90e7bacf6d68184dfabf8
SERVER_TRAFFIC_SECRET_0 43bcbec481ae3ad88b70acffebfda0292bfd00e0610eacc95678513ecb10c07f b3c767c54d2592761a43907f7134965654b532f14b210c04a647eacfec5d6725f79aec52fc863c3484d867e36bb7db71
CLIENT_TRAFFIC_SECRET_0 43bcbec481ae3ad88b70acffebfda0292bfd00e0610eacc95678513ecb10c07f bc287397e9a70830726341b198a306a10fc828f30789d25d5c33bd93a6a6c8234f6e6bb24cb2e9fb7517a2f1a7f6d40f
CLIENT_TRAFFIC_SECRET_0 43bcbec481ae3ad88b70acffebfda0292bfd00e0610eacc95678513ecb10c07f bc287397e9a70830726341b198a306a10fc828f30789d25d5c33bd93a6a6c8234f6e6bb24cb2e9fb7517a2f1a7f6d40f
SERVER_HANDSHAKE_TRAFFIC_SECRET 4b077da5f0c5cb709bedf67f4958f17f212ac07d1e3cdc18f7c0c99e88163b8e fec0024d567643ba03d07e9bc0169ca0142eaeff86c888f88af1b034311629d6fb4a219213e09b689fe75ef21276bd2a
CLIENT_HANDSHAKE_TRAFFIC_SECRET 4b077da5f0c5cb709bedf67f4958f17f212ac07d1e3cdc18f7c0c99e88163b8e 75c5cccc350fdfb47228b062fa118744114e5c6adbfe164f03f806660d6ede8125307c59d6f3b294fdc1ff324b7769cd
SERVER_TRAFFIC_SECRET_0 4b077da5f0c5cb709bedf67f4958f17f212ac07d1e3cdc18f7c0c99e88163b8e cf7e460f7122f590b36dd685b2594314e0f99d08496a6b5ba8a4dae9ab8c77d0444ae61d0d5accadb9a3fb642a6d1d67
EXPORTER_SECRET 4b077da5f0c5cb709bedf67f4958f17f212ac07d1e3cdc18f7c0c99e88163b8e a2c0256fc0a0716164cc3473c541faf075f354a58725a7399ee9ef365d42142e3566e9c8e4681ad5000f97381508f0b3
CLIENT_TRAFFIC_SECRET_0 4b077da5f0c5cb709bedf67f4958f17f212ac07d1e3cdc18f7c0c99e88163b8e ec2ffabd2be2371c916698f30ef093918750bc4e5c7803231c99b35a39c1141e6ac1fbec7d301c888d552848e0432cef
SERVER_HANDSHAKE_TRAFFIC_SECRET 4b077da5f0c5cb709bedf67f4958f17f212ac07d1e3cdc18f7c0c99e88163b8e fec0024d567643ba03d07e9bc0169ca0142eaeff86c888f88af1b034311629d6fb4a219213e09b689fe75ef21276bd2a
CLIENT_HANDSHAKE_TRAFFIC_SECRET 4b077da5f0c5cb709bedf67f4958f17f212ac07d1e3cdc18f7c0c99e88163b8e 75c5cccc350fdfb47228b062fa118744114e5c6adbfe164f03f806660d6ede8125307c59d6f3b294fdc1ff324b7769cd
SERVER_TRAFFIC_SECRET_0 4b077da5f0c5cb709bedf67f4958f17f212ac07d1e3cdc18f7c0c99e88163b8e cf7e460f7122f590b36dd685b2594314e0f99d08496a6b5ba8a4dae9ab8c77d0444ae61d0d5accadb9a3fb642a6d1d67
CLIENT_TRAFFIC_SECRET_0 4b077da5f0c5cb709bedf67f4958f17f212ac07d1e3cdc18f7c0c99e88163b8e ec2ffabd2be2371c916698f30ef093918750bc4e5c7803231c99b35a39c1141e6ac1fbec7d301c888d552848e0432cef
CLIENT_TRAFFIC_SECRET_0 4b077da5f0c5cb709bedf67f4958f17f212ac07d1e3cdc18f7c0c99e88163b8e ec2ffabd2be2371c916698f30ef093918750bc4e5c7803231c99b35a39c1141e6ac1fbec7d301c888d552848e0432cef
SERVER_HANDSHAKE_TRAFFIC_SECRET 58d274172677fe4b4945fa0039466bc3fe13b1a1d8357ecf0c6f3f18ce13d597 0d3488373194ecea58972f074b02b70fc43ded13b6f2aa4fa83351faca748953adc44a4f9e3821e17a5ba9944f7c044f
CLIENT_HANDSHAKE_TRAFFIC_SECRET 58d274172677fe4b4945fa0039466bc3fe13b1a1d8357ecf0c6f3f18ce13d597 84db1867ccddc74f7e8a3cf540cfb5a2ca81f770f4d1aeee693f27e247f057bf6a750a088ae23928d16bb968b12a8b3b
SERVER_TRAFFIC_SECRET_0 58d274172677fe4b4945fa0039466bc3fe13b1a1d8357ecf0c6f3f18ce13d597 29265bc084e1071699431d76530e719d6c36038e1df9fc6b2582112dee5f0b184844b27d081128ab818d89a7acab46a8
EXPORTER_SECRET 58d274172677fe4b4945fa0039466bc3fe13b1a1d8357ecf0c6f3f18ce13d597 bb7ee4815f18c4589dac347b85dfa84575687ae56168b75d18d930f04a25d28be60145c9aca89e166bb9f2d73fa54d18
CLIENT_TRAFFIC_SECRET_0 58d274172677fe4b4945fa0039466bc3fe13b1a1d8357ecf0c6f3f18ce13d597 5b649025d4ddfda8d029786084fa9a59711c9f368c1dfa4172fe5fc1a51cf4104911b8c2c90b5489d4239ed80b782709
SERVER_HANDSHAKE_TRAFFIC_SECRET 58d274172677fe4b4945fa0039466bc3fe13b1a1d8357ecf0c6f3f18ce13d597 0d3488373194ecea58972f074b02b70fc43ded13b6f2aa4fa83351faca748953adc44a4f9e3821e17a5ba9944f7c044f
CLIENT_HANDSHAKE_TRAFFIC_SECRET 58d274172677fe4b4945fa0039466bc3fe13b1a1d8357ecf0c6f3f18ce13d597 84db1867ccddc74f7e8a3cf540cfb5a2ca81f770f4d1aeee693f27e247f057bf6a750a088ae23928d16bb968b12a8b3b
SERVER_TRAFFIC_SECRET_0 58d274172677fe4b4945fa0039466bc3fe13b1a1d8357ecf0c6f3f18ce13d597 29265bc084e1071699431d76530e719d6c36038e1df9fc6b2582112dee5f0b184844b27d081128ab818d89a7acab46a8
CLIENT_TRAFFIC_SECRET_0 58d274172677fe4b4945fa0039466bc3fe13b1a1d8357ecf0c6f3f18ce13d597 5b649025d4ddfda8d029786084fa9a59711c9f368c1dfa4172fe5fc1a51cf4104911b8c2c90b5489d4239ed80b782709
CLIENT_TRAFFIC_SECRET_0 58d274172677fe4b4945fa0039466bc3fe13b1a1d8357ecf0c6f3f18ce13d597 5b649025d4ddfda8d029786084fa9a59711c9f368c1dfa4172fe5fc1a51cf4104911b8c2c90b5489d4239ed80b782709
SERVER_HANDSHAKE_TRAFFIC_SECRET 06dfc511f20e9e3d5461ba72a4101778f7408085d87ff87173d64d242736cdac 5a3788e973666ec2f122b7b8b97534040b274a36e0fbe521b3155d389a4d2c037e8ee92470c52813227ec1a20d72b4f4
CLIENT_HANDSHAKE_TRAFFIC_SECRET 06dfc511f20e9e3d5461ba72a4101778f7408085d87ff87173d64d242736cdac 109a76b9e7fe6b4ad8ccee8e643bb6d6ef3d351a67534d095dfc9bc1faa594cef43bc15208816d1deae4e578cfe71d21
SERVER_TRAFFIC_SECRET_0 06dfc511f20e9e3d5461ba72a4101778f7408085d87ff87173d64d242736cdac f2ad71a9a90b97a4e1a2ed43c21f6022cca9941952e33d6134a36bfbc939e3dc28ce15983d421b099a879eb496cfe5a3
EXPORTER_SECRET 06dfc511f20e9e3d5461ba72a4101778f7408085d87ff87173d64d242736cdac a252fd71f2640ccd4ab758c4d887f89156b30a3f30fac454e594f6777aecb4fb67df5d3541a15f4ace172871952868b8
CLIENT_TRAFFIC_SECRET_0 06dfc511f20e9e3d5461ba72a4101778f7408085d87ff87173d64d242736cdac 14b7b879e6b51344638f5c156d14c2dc51241d18955ea9ba2afad048b29d5b9c82993ba1410585a37ea4fa0ebeb598e4
SERVER_HANDSHAKE_TRAFFIC_SECRET 06dfc511f20e9e3d5461ba72a4101778f7408085d87ff87173d64d242736cdac 5a3788e973666ec2f122b7b8b97534040b274a36e0fbe521b3155d389a4d2c037e8ee92470c52813227ec1a20d72b4f4
CLIENT_HANDSHAKE_TRAFFIC_SECRET 06dfc511f20e9e3d5461ba72a4101778f7408085d87ff87173d64d242736cdac 109a76b9e7fe6b4ad8ccee8e643bb6d6ef3d351a67534d095dfc9bc1faa594cef43bc15208816d1deae4e578cfe71d21
SERVER_TRAFFIC_SECRET_0 06dfc511f20e9e3d5461ba72a4101778f7408085d87ff87173d64d242736cdac f2ad71a9a90b97a4e1a2ed43c21f6022cca9941952e33d6134a36bfbc939e3dc28ce15983d421b099a879eb496cfe5a3
CLIENT_TRAFFIC_SECRET_0 06dfc511f20e9e3d5461ba72a4101778f7408085d87ff87173d64d242736cdac 14b7b879e6b51344638f5c156d14c2dc51241d18955ea9ba2afad048b29d5b9c82993ba1410585a37ea4fa0ebeb598e4
CLIENT_TRAFFIC_SECRET_0 06dfc511f20e9e3d5461ba72a4101778f7408085d87ff87173d64d242736cdac 14b7b879e6b51344638f5c156d14c2dc51241d18955ea9ba2afad048b29d5b9c82993ba1410585a37ea4fa0ebeb598e4
SERVER_HANDSHAKE_TRAFFIC_SECRET 017c4fdf2390ad98a3f62272a71798cd120cd4452a47a2f7cd0bd411551c5c08 edca818fedb6d547d93332b7440dc9bc4f937ef14fb447b62d5af2dfc2730070baf61c5e9f09d3e1f8177583fc4c9a1e
CLIENT_HANDSHAKE_TRAFFIC_SECRET 017c4fdf2390ad98a3f62272a71798cd120cd4452a47a2f7cd0bd411551c5c08 3972e41947158cba706d489373d9b252b3e9536d47295b3c5e1245114258a2f070875317f276c0187ae1fa01bd9f01f7
SERVER_TRAFFIC_SECRET_0 017c4fdf2390ad98a3f62272a71798cd120cd4452a47a2f7cd0bd411551c5c08 23cd60a54cbe70db295948c3b6d001710b48074c49160aac5bba9b04338c2c5153b715e715d745d764b7f808d83dd354
EXPORTER_SECRET 017c4fdf2390ad98a3f62272a71798cd120cd4452a47a2f7cd0bd411551c5c08 4309901ed60c4543936eb2cd883f916390775564d2b94a3f75cf045d7cac08119fe7ae86555fb5f1d46c583ca927feb2
CLIENT_TRAFFIC_SECRET_0 017c4fdf2390ad98a3f62272a71798cd120cd4452a47a2f7cd0bd411551c5c08 8bdbc38f309dfbd630155e970008e2eb064c7d7ef578739629ea764beae1e34fec8c7be711cd42716eefe4f2572a3ddb
SERVER_HANDSHAKE_TRAFFIC_SECRET 017c4fdf2390ad98a3f62272a71798cd120cd4452a47a2f7cd0bd411551c5c08 edca818fedb6d547d93332b7440dc9bc4f937ef14fb447b62d5af2dfc2730070baf61c5e9f09d3e1f8177583fc4c9a1e
CLIENT_HANDSHAKE_TRAFFIC_SECRET 017c4fdf2390ad98a3f62272a71798cd120cd4452a47a2f7cd0bd411551c5c08 3972e41947158cba706d489373d9b252b3e9536d47295b3c5e1245114258a2f070875317f276c0187ae1fa01bd9f01f7
SERVER_TRAFFIC_SECRET_0 017c4fdf2390ad98a3f62272a71798cd120cd4452a47a2f7cd0bd411551c5c08 23cd60a54cbe70db295948c3b6d001710b48074c49160aac5bba9b04338c2c5153b715e715d745d764b7f808d83dd354
CLIENT_TRAFFIC_SECRET_0 017c4fdf2390ad98a3f62272a71798cd120cd4452a47a2f7cd0bd411551c5c08 8bdbc38f309dfbd630155e970008e2eb064c7d7ef578739629ea764beae1e34fec8c7be711cd42716eefe4f2572a3ddb
CLIENT_TRAFFIC_SECRET_0 017c4fdf2390ad98a3f62272a71798cd120cd4452a47a2f7cd0bd411551c5c08 8bdbc38f309dfbd630155e970008e2eb064c7d7ef578739629ea764beae1e34fec8c7be711cd42716eefe4f2572a3ddb
SERVER_HANDSHAKE_TRAFFIC_SECRET e04797f005105a3c0cf81166f7b5b3a0676cf039fff7c0df3c8f08ae0ae803e0 9562adc66d6f0bfe078da393a99f64aef86b28393a2222f83cd490382f44f9578e8b639020d065f99c2972a4206b639b
CLIENT_HANDSHAKE_TRAFFIC_SECRET e04797f005105a3c0cf81166f7b5b3a0676cf039fff7c0df3c8f08ae0ae803e0 8e9b12b0d85a2fa1a1ed4dcebebdb5cdfcd31ff6d302da06c097508803939eded5c6da2f20f96ca08176ce2ca63d7149
SERVER_TRAFFIC_SECRET_0 e04797f005105a3c0cf81166f7b5b3a0676cf039fff7c0df3c8f08ae0ae803e0 96461c8980309501f718c80ca7930bb27e78f6e61243f9d09d61e4a6f58e236ec03a9cf2cc63c56e6fef54ae4dd00698
EXPORTER_SECRET e04797f005105a3c0cf81166f7b5b3a0676cf039fff7c0df3c8f08ae0ae803e0 8e803b7dffabc4638e2e0f08937b3f7687da75da225e14e05915924384498b58ce1569e5ede59eb5e1dcc2b3f09b07b7
CLIENT_TRAFFIC_SECRET_0 e04797f005105a3c0cf81166f7b5b3a0676cf039fff7c0df3c8f08ae0ae803e0 749826c25e0290789001d45184b5619169b24e2c07e2d85592a27382001884e0c2ffe8d9c6096d10614c721142db4435
SERVER_HANDSHAKE_TRAFFIC_SECRET e04797f005105a3c0cf81166f7b5b3a0676cf039fff7c0df3c8f08ae0ae803e0 9562adc66d6f0bfe078da393a99f64aef86b28393a2222f83cd490382f44f9578e8b639020d065f99c2972a4206b639b
CLIENT_HANDSHAKE_TRAFFIC_SECRET e04797f005105a3c0cf81166f7b5b3a0676cf039fff7c0df3c8f08ae0ae803e0 8e9b12b0d85a2fa1a1ed4dcebebdb5cdfcd31ff6d302da06c097508803939eded5c6da2f20f96ca08176ce2ca63d7149
SERVER_TRAFFIC_SECRET_0 e04797f005105a3c0cf81166f7b5b3a0676cf039fff7c0df3c8f08ae0ae803e0 96461c8980309501f718c80ca7930bb27e78f6e61243f9d09d61e4a6f58e236ec03a9cf2cc63c56e6fef54ae4dd00698
CLIENT_TRAFFIC_SECRET_0 e04797f005105a3c0cf81166f7b5b3a0676cf039fff7c0df3c8f08ae0ae803e0 749826c25e0290789001d45184b5619169b24e2c07e2d85592a27382001884e0c2ffe8d9c6096d10614c721142db4435
CLIENT_TRAFFIC_SECRET_0 e04797f005105a3c0cf81166f7b5b3a0676cf039fff7c0df3c8f08ae0ae803e0 749826c25e0290789001d45184b5619169b24e2c07e2d85592a27382001884e0c2ffe8d9c6096d10614c721142db4435
SERVER_HANDSHAKE_TRAFFIC_SECRET d38386e27ab52cf2933e196efeb2499be97d0156784ef302271ef60d5527c44d d0fff29e132a2b286394852ba022032e75877e849c5962094d4ba8216a6d30b6caaa0b601619166a399c5a4e117d16ca
CLIENT_HANDSHAKE_TRAFFIC_SECRET d38386e27ab52cf2933e196efeb2499be97d0156784ef302271ef60d5527c44d 50998963c45c36177b40f79b6f75eaf79ea31d857b7c40210ba3122ca9412895e1c3e3072b25b8a4cadaf043fd8e639d
SERVER_TRAFFIC_SECRET_0 d38386e27ab52cf2933e196efeb2499be97d0156784ef302271ef60d5527c44d b1c90a8c334a61c09ee12e20f072f7a5288f986cf35f1b7292f6218527f762126e83220dd430dc7a67e0f802313a53df
EXPORTER_SECRET d38386e27ab52cf2933e196efeb2499be97d0156784ef302271ef60d5527c44d 9472486f555528950afee197f398795b4fbb15323fc2e8df0956b349d38ab9d791fedc57fca58bdaa925fef88b470dfe
CLIENT_TRAFFIC_SECRET_0 d38386e27ab52cf2933e196efeb2499be97d0156784ef302271ef60d5527c44d 7318fdcd06ffe84f0d53cfdc1ccf19f357ebd8a15902a8e08f62f249c39d34438fcd5c924d822405f18b63d381aadfde
SERVER_HANDSHAKE_TRAFFIC_SECRET d38386e27ab52cf2933e196efeb2499be97d0156784ef302271ef60d5527c44d d0fff29e132a2b286394852ba022032e75877e849c5962094d4ba8216a6d30b6caaa0b601619166a399c5a4e117d16ca
CLIENT_HANDSHAKE_TRAFFIC_SECRET d38386e27ab52cf2933e196efeb2499be97d0156784ef302271ef60d5527c44d 50998963c45c36177b40f79b6f75eaf79ea31d857b7c40210ba3122ca9412895e1c3e3072b25b8a4cadaf043fd8e639d
SERVER_TRAFFIC_SECRET_0 d38386e27ab52cf2933e196efeb2499be97d0156784ef302271ef60d5527c44d b1c90a8c334a61c09ee12e20f072f7a5288f986cf35f1b7292f6218527f762126e83220dd430dc7a67e0f802313a53df
CLIENT_TRAFFIC_SECRET_0 d38386e27ab52cf2933e196efeb2499be97d0156784ef302271ef60d5527c44d 7318fdcd06ffe84f0d53cfdc1ccf19f357ebd8a15902a8e08f62f249c39d34438fcd5c924d822405f18b63d381aadfde
CLIENT_TRAFFIC_SECRET_0 d38386e27ab52cf2933e196efeb2499be97d0156784ef302271ef60d5527c44d 7318fdcd06ffe84f0d53cfdc1ccf19f357ebd8a15902a8e08f62f249c39d34438fcd5c924d822405f18b63d381aadfde
SERVER_HANDSHAKE_TRAFFIC_SECRET 9f75bbb7d7a428e96d2ce85764f26bcb82e89527ff58670b212147bc619ddd59 ab9d06fd4b3037f42dfc5e885057e35cfbe56d1dbd697bf6adf568c9502ac017ff275c0f47a21a62d27dd8f46ed379c5
CLIENT_HANDSHAKE_TRAFFIC_SECRET 9f75bbb7d7a428e96d2ce85764f26bcb82e89527ff58670b212147bc619ddd59 e8070742440054480e17905204b48f25540eba311fe2b199453046b597d16708e55f63d91e3302517e2df69d2dbfbacb
SERVER_TRAFFIC_SECRET_0 9f75bbb7d7a428e96d2ce85764f26bcb82e89527ff58670b212147bc619ddd59 6f86aab4636d15f3ee385fc965ce1c09634f74c6e9f2449293c27b2a0c36ceec5833a4250ca9a4ff3e4d8a52b68766d8
EXPORTER_SECRET 9f75bbb7d7a428e96d2ce85764f26bcb82e89527ff58670b212147bc619ddd59 0d15b1fdb2aeccdb5eb27fe38a6c58c84c96fd966a22ed377880f9cedf1bc47e5285454aeb2cf21be8ec7e8d48367ce3
CLIENT_TRAFFIC_SECRET_0 9f75bbb7d7a428e96d2ce85764f26bcb82e89527ff58670b212147bc619ddd59 c9eae69b4d837f20ec8ed90c9a087932f6d931d2288ef70f144da9f0221630ec3aa0b89226a24721c43979847797f788
SERVER_HANDSHAKE_TRAFFIC_SECRET 9f75bbb7d7a428e96d2ce85764f26bcb82e89527ff58670b212147bc619ddd59 ab9d06fd4b3037f42dfc5e885057e35cfbe56d1dbd697bf6adf568c9502ac017ff275c0f47a21a62d27dd8f46ed379c5
CLIENT_HANDSHAKE_TRAFFIC_SECRET 9f75bbb7d7a428e96d2ce85764f26bcb82e89527ff58670b212147bc619ddd59 e8070742440054480e17905204b48f25540eba311fe2b199453046b597d16708e55f63d91e3302517e2df69d2dbfbacb
SERVER_TRAFFIC_SECRET_0 9f75bbb7d7a428e96d2ce85764f26bcb82e89527ff58670b212147bc619ddd59 6f86aab4636d15f3ee385fc965ce1c09634f74c6e9f2449293c27b2a0c36ceec5833a4250ca9a4ff3e4d8a52b68766d8
CLIENT_TRAFFIC_SECRET_0 9f75bbb7d7a428e96d2ce85764f26bcb82e89527ff58670b212147bc619ddd59 c9eae69b4d837f20ec8ed90c9a087932f6d931d2288ef70f144da9f0221630ec3aa0b89226a24721c43979847797f788
CLIENT_TRAFFIC_SECRET_0 9f75bbb7d7a428e96d2ce85764f26bcb82e89527ff58670b212147bc619ddd59 c9eae69b4d837f20ec8ed90c9a087932f6d931d2288ef70f144da9f0221630ec3aa0b89226a24721c43979847797f788
SERVER_HANDSHAKE_TRAFFIC_SECRET 0a76a873dcc7a6fe6895cb54e92cb9ed80d9497b9e32d3d4c92f54855ec78cd9 befa6bdfb797256d228c389b8bf17bdf807e19f1398b1283d47a695268eeaee88fac729c32e1bd75da77a5f042de7462
CLIENT_HANDSHAKE_TRAFFIC_SECRET 0a76a873dcc7a6fe6895cb54e92cb9ed80d9497b9e32d3d4c92f54855ec78cd9 cbff557eec659680ff123f2ca8011b4ca96891b08f9a459de8eaa2223fce1edcd5c588588d451881aa0e5bdb58badd28
SERVER_TRAFFIC_SECRET_0 0a76a873dcc7a6fe6895cb54e92cb9ed80d9497b9e32d3d4c92f54855ec78cd9 8a2269538539ce428de6283f9d33868e028a5f16b54f47c81448266d795403b9fb5f733856a56a9919fc1973ee48156a
EXPORTER_SECRET 0a76a873dcc7a6fe6895cb54e92cb9ed80d9497b9e32d3d4c92f54855ec78cd9 e05e9ffa59fc2a54676b92fa5f27b18c277f484eb5492db79ce58d9b9b66a8d96d9cbb6c02c8f86f87589c6e80d569cc
CLIENT_TRAFFIC_SECRET_0 0a76a873dcc7a6fe6895cb54e92cb9ed80d9497b9e32d3d4c92f54855ec78cd9 96fe59910350ac438a4420e93ebb180f195f6efa49269b493640e7bf4cf0f47350761217a138c30af5d28c8166ae6060
SERVER_HANDSHAKE_TRAFFIC_SECRET 0a76a873dcc7a6fe6895cb54e92cb9ed80d9497b9e32d3d4c92f54855ec78cd9 befa6bdfb797256d228c389b8bf17bdf807e19f1398b1283d47a695268eeaee88fac729c32e1bd75da77a5f042de7462
CLIENT_HANDSHAKE_TRAFFIC_SECRET 0a76a873dcc7a6fe6895cb54e92cb9ed80d9497b9e32d3d4c92f54855ec78cd9 cbff557eec659680ff123f2ca8011b4ca96891b08f9a459de8eaa2223fce1edcd5c588588d451881aa0e5bdb58badd28
SERVER_TRAFFIC_SECRET_0 0a76a873dcc7a6fe6895cb54e92cb9ed80d9497b9e32d3d4c92f54855ec78cd9 8a2269538539ce428de6283f9d33868e028a5f16b54f47c81448266d795403b9fb5f733856a56a9919fc1973ee48156a
CLIENT_TRAFFIC_SECRET_0 0a76a873dcc7a6fe6895cb54e92cb9ed80d9497b9e32d3d4c92f54855ec78cd9 96fe59910350ac438a4420e93ebb180f195f6efa49269b493640e7bf4cf0f47350761217a138c30af5d28c8166ae6060
CLIENT_TRAFFIC_SECRET_0 0a76a873dcc7a6fe6895cb54e92cb9ed80d9497b9e32d3d4c92f54855ec78cd9 96fe59910350ac438a4420e93ebb180f195f6efa49269b493640e7bf4cf0f47350761217a138c30af5d28c8166ae6060
SERVER_HANDSHAKE_TRAFFIC_SECRET 38634d68859e2340f09783b58595facf3520e57edd980e383cbaa5771da88e88 6a3e6b6b61eaa968652aec5aa5172c60516d65df604c6ce42730ae4b03ba9081f3e0245cd5bbfc24ab98357c8b8d3770
CLIENT_HANDSHAKE_TRAFFIC_SECRET 38634d68859e2340f09783b58595facf3520e57edd980e383cbaa5771da88e88 bcdaaddc8e7b5bb4547cc59eb90a0fe11e8f6ea96ef4a1182b5926c631267f62895fdca1e45738867ee22ed611974bb4
SERVER_TRAFFIC_SECRET_0 38634d68859e2340f09783b58595facf3520e57edd980e383cbaa5771da88e88 5ee3b126ce04a2d19c63e90f5fcdbc63f42fa8e6a22e8620b2ce918810af4fd843b5b14a6aaef2b2b5198e6baf599531
EXPORTER_SECRET 38634d68859e2340f09783b58595facf3520e57edd980e383cbaa5771da88e88 afde4663f5f12ec18404231660472db5a3b5d93008f92aaaec4b6ef4499d051d0c13b1c7b029aa725a23f910ad34e7ee
CLIENT_TRAFFIC_SECRET_0 38634d68859e2340f09783b58595facf3520e57edd980e383cbaa5771da88e88 9a352ec5b6cc3b06da7f0cebce448cdd8170739a0173f4e445a871040f87a5a83abae2a0f5540a758abb6f81e14a4900
SERVER_HANDSHAKE_TRAFFIC_SECRET 38634d68859e2340f09783b58595facf3520e57edd980e383cbaa5771da88e88 6a3e6b6b61eaa968652aec5aa5172c60516d65df604c6ce42730ae4b03ba9081f3e0245cd5bbfc24ab98357c8b8d3770
CLIENT_HANDSHAKE_TRAFFIC_SECRET 38634d68859e2340f09783b58595facf3520e57edd980e383cbaa5771da88e88 bcdaaddc8e7b5bb4547cc59eb90a0fe11e8f6ea96ef4a1182b5926c631267f62895fdca1e45738867ee22ed611974bb4
SERVER_TRAFFIC_SECRET_0 38634d68859e2340f09783b58595facf3520e57edd980e383cbaa5771da88e88 5ee3b126ce04a2d19c63e90f5fcdbc63f42fa8e6a22e8620b2ce918810af4fd843b5b14a6aaef2b2b5198e6baf599531
CLIENT_TRAFFIC_SECRET_0 38634d68859e2340f09783b58595facf3520e57edd980e383cbaa5771da88e88 9a352ec5b6cc3b06da7f0cebce448cdd8170739a0173f4e445a871040f87a5a83abae2a0f5540a758abb6f81e14a4900
CLIENT_TRAFFIC_SECRET_0 38634d68859e2340f09783b58595facf3520e57edd980e383cbaa5771da88e88 9a352ec5b6cc3b06da7f0cebce448cdd8170739a0173f4e445a871040f87a5a83abae2a0f5540a758abb6f81e14a4900
SERVER_HANDSHAKE_TRAFFIC_SECRET 4775a1a0d9a92f5ec31111f1997582bd601859b19255d9b69bf9b02271fe7730 da2c6268a97718d567108867c96627444e148b2a98fa4cf014122ee5a06f3ec8e47e73446a491512cd30f6e992d179eb
CLIENT_HANDSHAKE_TRAFFIC_SECRET 4775a1a0d9a92f5ec31111f1997582bd601859b19255d9b69bf9b02271fe7730 fce2fa13a139dc4bc080514df4d618c38c4fe555aa37f868f983f62344ed2553a102cfc624a08932bf2f5b4173e4e138
SERVER_TRAFFIC_SECRET_0 4775a1a0d9a92f5ec31111f1997582bd601859b19255d9b69bf9b02271fe7730 0601ccc30122ce75d821c5fcc101af238800c73a471e996f8a06cfe1fec747ed0298c1c53900962988c4251ec837e505
EXPORTER_SECRET 4775a1a0d9a92f5ec31111f1997582bd601859b19255d9b69bf9b02271fe7730 685e4067658dc90d70f4cd9cf0ff4eb895b74de6801d867b2cdd509cdefd59be74a05a94e156e6e2d66380b78b825cbe
CLIENT_TRAFFIC_SECRET_0 4775a1a0d9a92f5ec31111f1997582bd601859b19255d9b69bf9b02271fe7730 ea213a322d09e9f741c82d287d3bf24d7f711dcc4ca6085621d13144905151ad815f0f205829866bf92056b79db503b6
SERVER_HANDSHAKE_TRAFFIC_SECRET 4775a1a0d9a92f5ec31111f1997582bd601859b19255d9b69bf9b02271fe7730 da2c6268a97718d567108867c96627444e148b2a98fa4cf014122ee5a06f3ec8e47e73446a491512cd30f6e992d179eb
CLIENT_HANDSHAKE_TRAFFIC_SECRET 4775a1a0d9a92f5ec31111f1997582bd601859b19255d9b69bf9b02271fe7730 fce2fa13a139dc4bc080514df4d618c38c4fe555aa37f868f983f62344ed2553a102cfc624a08932bf2f5b4173e4e138
SERVER_TRAFFIC_SECRET_0 4775a1a0d9a92f5ec31111f1997582bd601859b19255d9b69bf9b02271fe7730 0601ccc30122ce75d821c5fcc101af238800c73a471e996f8a06cfe1fec747ed0298c1c53900962988c4251ec837e505
CLIENT_TRAFFIC_SECRET_0 4775a1a0d9a92f5ec31111f1997582bd601859b19255d9b69bf9b02271fe7730 ea213a322d09e9f741c82d287d3bf24d7f711dcc4ca6085621d13144905151ad815f0f205829866bf92056b79db503b6
CLIENT_TRAFFIC_SECRET_0 4775a1a0d9a92f5ec31111f1997582bd601859b19255d9b69bf9b02271fe7730 ea213a322d09e9f741c82d287d3bf24d7f711dcc4ca6085621d13144905151ad815f0f205829866bf92056b79db503b6
SERVER_HANDSHAKE_TRAFFIC_SECRET e9397f33afd16e10f8b436c6cdd16587d44b6bccb3766b044edb668efb887621 7759abd813e6b8a28df0860e8421f3e466582e12abfb597c9dc24a4243de96bf4a41c56360c93c54736ebc2f4b04db29
CLIENT_HANDSHAKE_TRAFFIC_SECRET e9397f33afd16e10f8b436c6cdd16587d44b6bccb3766b044edb668efb887621 d414f0098481c5dede3d1132bbdc96f52be2d913fe5ece0dc94f68b3b0b8ea2e78b92ae6c6a1272dd4326492977ff1e7
SERVER_TRAFFIC_SECRET_0 e9397f33afd16e10f8b436c6cdd16587d44b6bccb3766b044edb668efb887621 0d3486368edc8763c953619dadeb4e00f1ddeaccbad6a169c83f6f49cfa03e019faabb716870b7f0594c8bf3590de869
EXPORTER_SECRET e9397f33afd16e10f8b436c6cdd16587d44b6bccb3766b044edb668efb887621 2d73f60a38997881c0feb23e123592274f0d5642aa33381e825967c3ceadfcabc9e89ba638118c106e5b8cf41e9a9f9f
CLIENT_TRAFFIC_SECRET_0 e9397f33afd16e10f8b436c6cdd16587d44b6bccb3766b044edb668efb887621 9cde0fec2d0a06d1d5c3203556e74d5200c994e03a7789fac704c83e9eb2792f8e1c6d0662039a9e6cefd6e9fd852353
SERVER_HANDSHAKE_TRAFFIC_SECRET e9397f33afd16e10f8b436c6cdd16587d44b6bccb3766b044edb668efb887621 7759abd813e6b8a28df0860e8421f3e466582e12abfb597c9dc24a4243de96bf4a41c56360c93c54736ebc2f4b04db29
CLIENT_HANDSHAKE_TRAFFIC_SECRET e9397f33afd16e10f8b436c6cdd16587d44b6bccb3766b044edb668efb887621 d414f0098481c5dede3d1132bbdc96f52be2d913fe5ece0dc94f68b3b0b8ea2e78b92ae6c6a1272dd4326492977ff1e7
SERVER_TRAFFIC_SECRET_0 e9397f33afd16e10f8b436c6cdd16587d44b6bccb3766b044edb668efb887621 0d3486368edc8763c953619dadeb4e00f1ddeaccbad6a169c83f6f49cfa03e019faabb716870b7f0594c8bf3590de869
CLIENT_TRAFFIC_SECRET_0 e9397f33afd16e10f8b436c6cdd16587d44b6bccb3766b044edb668efb887621 9cde0fec2d0a06d1d5c3203556e74d5200c994e03a7789fac704c83e9eb2792f8e1c6d0662039a9e6cefd6e9fd852353
CLIENT_TRAFFIC_SECRET_0 e9397f33afd16e10f8b436c6cdd16587d44b6bccb3766b044edb668efb887621 9cde0fec2d0a06d1d5c3203556e74d5200c994e03a7789fac704c83e9eb2792f8e1c6d0662039a9e6cefd6e9fd852353
SERVER_HANDSHAKE_TRAFFIC_SECRET abb0ea37720b6619b1936c8ad6609be13367e1dd14b4cc6841ce8e24140fbc4f eb3214b0925295a4baa20959ccd91b6e5a7e5ce05ff89581d63ad482b8973ccdc30d219cefbb9e9d44f106e4bc5bbca9
CLIENT_HANDSHAKE_TRAFFIC_SECRET abb0ea37720b6619b1936c8ad6609be13367e1dd14b4cc6841ce8e24140fbc4f 4beb12d519811674c27b521fc3455c58464e31c1c2d220acf59fbe57e5ed99c0e799dd3fe2e5577b8ecf21af96857fe2
SERVER_TRAFFIC_SECRET_0 abb0ea37720b6619b1936c8ad6609be13367e1dd14b4cc6841ce8e24140fbc4f 25ae90f94bb807719e9b4c0afbc1faac61ab66efe55e7680ab79a28155d41dc89bf141f11ac8b0379785d35875b17536
EXPORTER_SECRET abb0ea37720b6619b1936c8ad6609be13367e1dd14b4cc6841ce8e24140fbc4f 74742c875f1161afb0e7efd25950e36900f7b9f0df18e5de8a5d52cf589ef2d24413096397cface4da0d21ee2a225cde
CLIENT_TRAFFIC_SECRET_0 abb0ea37720b6619b1936c8ad6609be13367e1dd14b4cc6841ce8e24140fbc4f b3aff037ed8937f084142d838a9903a3484d949c6fb9db88206fadab44a5cf1fcb8b8b5137068f4e1d2290c1447d13e6
SERVER_HANDSHAKE_TRAFFIC_SECRET abb0ea37720b6619b1936c8ad6609be13367e1dd14b4cc6841ce8e24140fbc4f eb3214b0925295a4baa20959ccd91b6e5a7e5ce05ff89581d63ad482b8973ccdc30d219cefbb9e9d44f106e4bc5bbca9
CLIENT_HANDSHAKE_TRAFFIC_SECRET abb0ea37720b6619b1936c8ad6609be13367e1dd14b4cc6841ce8e24140fbc4f 4beb12d519811674c27b521fc3455c58464e31c1c2d220acf59fbe57e5ed99c0e799dd3fe2e5577b8ecf21af96857fe2
SERVER_TRAFFIC_SECRET_0 abb0ea37720b6619b1936c8ad6609be13367e1dd14b4cc6841ce8e24140fbc4f 25ae90f94bb807719e9b4c0afbc1faac61ab66efe55e7680ab79a28155d41dc89bf141f11ac8b0379785d35875b17536
CLIENT_TRAFFIC_SECRET_0 abb0ea37720b6619b1936c8ad6609be13367e1dd14b4cc6841ce8e24140fbc4f b3aff037ed8937f084142d838a9903a3484d949c6fb9db88206fadab44a5cf1fcb8b8b5137068f4e1d2290c1447d13e6
CLIENT_TRAFFIC_SECRET_0 abb0ea37720b6619b1936c8ad6609be13367e1dd14b4cc6841ce8e24140fbc4f b3aff037ed8937f084142d838a9903a3484d949c6fb9db88206fadab44a5cf1fcb8b8b5137068f4e1d2290c1447d13e6
SERVER_HANDSHAKE_TRAFFIC_SECRET f1c67bcd755073f0b728cbd99f8f9c7acecf39cc5b3795b364d96fc0cf1fe7a0 cf6cf38402e45a505da820eb551224eae344e7404399ff67917dc3b263a7919550598139fc849b6f6983daaa3ee12280
CLIENT_HANDSHAKE_TRAFFIC_SECRET f1c67bcd755073f0b728cbd99f8f9c7acecf39cc5b3795b364d96fc0cf1fe7a0 a570b5579a5bbf6def7aad2ac44cff9dd33b0a7d3338a49cc1cdbe65c6aae1ee8b421840c7d58c9ab2d1cddca112bb4a
SERVER_TRAFFIC_SECRET_0 f1c67bcd755073f0b728cbd99f8f9c7acecf39cc5b3795b364d96fc0cf1fe7a0 26f2be8525d591859c18e1bfb05f9bc978f7200a47e777e317b1936ade95ba601996a8f06f63eaeeccb1536f4e2e1cc6
EXPORTER_SECRET f1c67bcd755073f0b728cbd99f8f9c7acecf39cc5b3795b364d96fc0cf1fe7a0 40d8ebcfb5a10021014647ce37fe1f31e1cad02b145ac4db604ad874c65e2c9eac565e1c357c5698210df05b2a447132
CLIENT_TRAFFIC_SECRET_0 f1c67bcd755073f0b728cbd99f8f9c7acecf39cc5b3795b364d96fc0cf1fe7a0 295b80932cc33af585d7ac56a1592fb4d1f074d6099504182ed8cb623865e99e3b2c11d72bc6f51a981701f198516efb
SERVER_HANDSHAKE_TRAFFIC_SECRET f1c67bcd755073f0b728cbd99f8f9c7acecf39cc5b3795b364d96fc0cf1fe7a0 cf6cf38402e45a505da820eb551224eae344e7404399ff67917dc3b263a7919550598139fc849b6f6983daaa3ee12280
CLIENT_HANDSHAKE_TRAFFIC_SECRET f1c67bcd755073f0b728cbd99f8f9c7acecf39cc5b3795b364d96fc0cf1fe7a0 a570b5579a5bbf6def7aad2ac44cff9dd33b0a7d3338a49cc1cdbe65c6aae1ee8b421840c7d58c9ab2d1cddca112bb4a
SERVER_TRAFFIC_SECRET_0 f1c67bcd755073f0b728cbd99f8f9c7acecf39cc5b3795b364d96fc0cf1fe7a0 26f2be8525d591859c18e1bfb05f9bc978f7200a47e777e317b1936ade95ba601996a8f06f63eaeeccb1536f4e2e1cc6
CLIENT_TRAFFIC_SECRET_0 f1c67bcd755073f0b728cbd99f8f9c7acecf39cc5b3795b364d96fc0cf1fe7a0 295b80932cc33af585d7ac56a1592fb4d1f074d6099504182ed8cb623865e99e3b2c11d72bc6f51a981701f198516efb
CLIENT_TRAFFIC_SECRET_0 f1c67bcd755073f0b728cbd99f8f9c7acecf39cc5b3795b364d96fc0cf1fe7a0 295b80932cc33af585d7ac56a1592fb4d1f074d6099504182ed8cb623865e99e3b2c11d72bc6f51a981701f198516efb
SERVER_HANDSHAKE_TRAFFIC_SECRET 091cb7f8055e64d6b61e23154dd121a0eab0f0ebe2f53ec41f35da5fe232629d af0aee12ec7b4485c1e30b6d5291e9f3e969afea7f747d2e35104710431e1d090f3c6e978fd5e6ca82f4464071ea3caa
CLIENT_HANDSHAKE_TRAFFIC_SECRET 091cb7f8055e64d6b61e23154dd121a0eab0f0ebe2f53ec41f35da5fe232629d 7ac008bfc8ece760732473073672b8c14a5155afc3182c8b102dc72bf221bb9cbb6bfbdbe236fd0464818e3af5df5f81
SERVER_TRAFFIC_SECRET_0 091cb7f8055e64d6b61e23154dd121a0eab0f0ebe2f53ec41f35da5fe232629d a585a9b7944b8ac3ff2ed124208897ae4941e8949e078d8fe89338e110f606c3b7c53b1dfc355f56a954065b4f68ac2e
EXPORTER_SECRET 091cb7f8055e64d6b61e23154dd121a0eab0f0ebe2f53ec41f35da5fe232629d 83883b69bf70bd9e69abda3b0325727c4d4eaf46e8206b6b97465e20bcdac531e15630eb9609c497885a4271084a3cb7
CLIENT_TRAFFIC_SECRET_0 091cb7f8055e64d6b61e23154dd121a0eab0f0ebe2f53ec41f35da5fe232629d 97b02c867c5087dc880d403a166cb00b53c1bc7aa97bf68e86ab353c438910e56e05878f18d1b0062647e6b9a87439a0
SERVER_HANDSHAKE_TRAFFIC_SECRET 091cb7f8055e64d6b61e23154dd121a0eab0f0ebe2f53ec41f35da5fe232629d af0aee12ec7b4485c1e30b6d5291e9f3e969afea7f747d2e35104710431e1d090f3c6e978fd5e6ca82f4464071ea3caa
CLIENT_HANDSHAKE_TRAFFIC_SECRET 091cb7f8055e64d6b61e23154dd121a0eab0f0ebe2f53ec41f35da5fe232629d 7ac008bfc8ece760732473073672b8c14a5155afc3182c8b102dc72bf221bb9cbb6bfbdbe236fd0464818e3af5df5f81
SERVER_TRAFFIC_SECRET_0 091cb7f8055e64d6b61e23154dd121a0eab0f0ebe2f53ec41f35da5fe232629d a585a9b7944b8ac3ff2ed124208897ae4941e8949e078d8fe89338e110f606c3b7c53b1dfc355f56a954065b4f68ac2e
CLIENT_TRAFFIC_SECRET_0 091cb7f8055e64d6b61e23154dd121a0eab0f0ebe2f53ec41f35da5fe232629d 97b02c867c5087dc880d403a166cb00b53c1bc7aa97bf68e86ab353c438910e56e05878f18d1b0062647e6b9a87439a0
CLIENT_TRAFFIC_SECRET_0 091cb7f8055e64d6b61e23154dd121a0eab0f0ebe2f53ec41f35da5fe232629d 97b02c867c5087dc880d403a166cb00b53c1bc7aa97bf68e86ab353c438910e56e05878f18d1b0062647e6b9a87439a0
SERVER_HANDSHAKE_TRAFFIC_SECRET e21bbc6d4ab5b8f9303eef7f0f87e45548c36cd510f6162fa02e632dc2300ecb 068aa7dc666193bdb0f63df8838d00370a5f1d6f82ed1c1bf4c57758826e55ecafbef44e00427cc76e5f63c86cfecc11
CLIENT_HANDSHAKE_TRAFFIC_SECRET e21bbc6d4ab5b8f9303eef7f0f87e45548c36cd510f6162fa02e632dc2300ecb 9f31c9b3c55008b58c8e1853f7100646045d830f5f855acdebf7f9238904ad0b4e46622941ae3eae819b57717069ae96
SERVER_TRAFFIC_SECRET_0 e21bbc6d4ab5b8f9303eef7f0f87e45548c36cd510f6162fa02e632dc2300ecb cbd02c204e952e1d76521bdbdf1be2a993336213fc02330636a6676c5e9ba4225afb484961ed6a2fb892c78fe4c16b3f
EXPORTER_SECRET e21bbc6d4ab5b8f9303eef7f0f87e45548c36cd510f6162fa02e632dc2300ecb 429df04af235cf37807a90296f4d07519ed2e524cf0c47a375228c8279d579bddb216107f53d14cc23ed14fcfe956987
CLIENT_TRAFFIC_SECRET_0 e21bbc6d4ab5b8f9303eef7f0f87e45548c36cd510f6162fa02e632dc2300ecb 89cde3ccc383e3f48a131ec8f7e7da7b1a6316b2e1930a91a712f7d25c5c3a4f35778dc4444f29fdccd28a9f61db9bc6
SERVER_HANDSHAKE_TRAFFIC_SECRET e21bbc6d4ab5b8f9303eef7f0f87e45548c36cd510f6162fa02e632dc2300ecb 068aa7dc666193bdb0f63df8838d00370a5f1d6f82ed1c1bf4c57758826e55ecafbef44e00427cc76e5f63c86cfecc11
CLIENT_HANDSHAKE_TRAFFIC_SECRET e21bbc6d4ab5b8f9303eef7f0f87e45548c36cd510f6162fa02e632dc2300ecb 9f31c9b3c55008b58c8e1853f7100646045d830f5f855acdebf7f9238904ad0b4e46622941ae3eae819b57717069ae96
SERVER_TRAFFIC_SECRET_0 e21bbc6d4ab5b8f9303eef7f0f87e45548c36cd510f6162fa02e632dc2300ecb cbd02c204e952e1d76521bdbdf1be2a993336213fc02330636a6676c5e9ba4225afb484961ed6a2fb892c78fe4c16b3f
CLIENT_TRAFFIC_SECRET_0 e21bbc6d4ab5b8f9303eef7f0f87e45548c36cd510f6162fa02e632dc2300ecb 89cde3ccc383e3f48a131ec8f7e7da7b1a6316b2e1930a91a712f7d25c5c3a4f35778dc4444f29fdccd28a9f61db9bc6
CLIENT_TRAFFIC_SECRET_0 e21bbc6d4ab5b8f9303eef7f0f87e45548c36cd510f6162fa02e632dc2300ecb 89cde3ccc383e3f48a131ec8f7e7da7b1a6316b2e1930a91a712f7d25c5c3a4f35778dc4444f29fdccd28a9f61db9bc6
SERVER_HANDSHAKE_TRAFFIC_SECRET dc3548de56366c779b83c10ab5c2fe75c5a423a71617ffd7397bdce0e0ef0caa 44883934aa49025e6ca7cfbd40074c3f7afc8e5d74b12144f88351484be87e8add171de7528ee6a09b025a82e3bf1a8d
CLIENT_HANDSHAKE_TRAFFIC_SECRET dc3548de56366c779b83c10ab5c2fe75c5a423a71617ffd7397bdce0e0ef0caa cb7d752abcb88f6822838d9fd32f534f6311d0cf5545656ed9fc46562b304746a1bd9108e5691d017a761a1ffdc33601
SERVER_TRAFFIC_SECRET_0 dc3548de56366c779b83c10ab5c2fe75c5a423a71617ffd7397bdce0e0ef0caa c10ea0f41b6c6c0a9c0fcddf9be2bdb6e4d6da5a78797debf9650b73498d4d0fc7b847681efee5c1eda80e899ae07e41
EXPORTER_SECRET dc3548de56366c779b83c10ab5c2fe75c5a423a71617ffd7397bdce0e0ef0caa 76bb458883ee7f811171be1e5edcfa2c54fd5936076ada182824639a9be74fa374875af2d5638d10828d05291bb81a2d
CLIENT_TRAFFIC_SECRET_0 dc3548de56366c779b83c10ab5c2fe75c5a423a71617ffd7397bdce0e0ef0caa e0856483a6423248d135a4105d4dec705587ed3ccb7e78273b4e7aa6306689fd8159845dda4ba02b5f3b6f71ab21cc2e
SERVER_HANDSHAKE_TRAFFIC_SECRET dc3548de56366c779b83c10ab5c2fe75c5a423a71617ffd7397bdce0e0ef0caa 44883934aa49025e6ca7cfbd40074c3f7afc8e5d74b12144f88351484be87e8add171de7528ee6a09b025a82e3bf1a8d
CLIENT_HANDSHAKE_TRAFFIC_SECRET dc3548de56366c779b83c10ab5c2fe75c5a423a71617ffd7397bdce0e0ef0caa cb7d752abcb88f6822838d9fd32f534f6311d0cf5545656ed9fc46562b304746a1bd9108e5691d017a761a1ffdc33601
SERVER_TRAFFIC_SECRET_0 dc3548de56366c779b83c10ab5c2fe75c5a423a71617ffd7397bdce0e0ef0caa c10ea0f41b6c6c0a9c0fcddf9be2bdb6e4d6da5a78797debf9650b73498d4d0fc7b847681efee5c1eda80e899ae07e41
CLIENT_TRAFFIC_SECRET_0 dc3548de56366c779b83c10ab5c2fe75c5a423a71617ffd7397bdce0e0ef0caa e0856483a6423248d135a4105d4dec705587ed3ccb7e78273b4e7aa6306689fd8159845dda4ba02b5f3b6f71ab21cc2e
CLIENT_TRAFFIC_SECRET_0 dc3548de56366c779b83c10ab5c2fe75c5a423a71617ffd7397bdce0e0ef0caa e0856483a6423248d135a4105d4dec705587ed3ccb7e78273b4e7aa6306689fd8159845dda4ba02b5f3b6f71ab21cc2e
SERVER_HANDSHAKE_TRAFFIC_SECRET 4219beb40869423aa02cd9c5d1ec6c99578ceac31bf4548ddfbfb7d8b7ca9eb7 81606f258bab840e3a1591ae294d1d9547c5b493644f3b30e642113d715e67e8d4944cd335965f0e6de4a37b64872d07
CLIENT_HANDSHAKE_TRAFFIC_SECRET 4219beb40869423aa02cd9c5d1ec6c99578ceac31bf4548ddfbfb7d8b7ca9eb7 b7a234650f4331f902e7249726530e58f4bb45fbe79773ba65dcce7498edd08e88343ab3592cecc75b91eb8344c487eb
SERVER_TRAFFIC_SECRET_0 4219beb40869423aa02cd9c5d1ec6c99578ceac31bf4548ddfbfb7d8b7ca9eb7 acdadaa3a2f7137cdda5f2a3aa52d22a7d8db4da27759416f0e5b300d0c91294e87c60722fd80b9c454c8c4fc91c250d
EXPORTER_SECRET 4219beb40869423aa02cd9c5d1ec6c99578ceac31bf4548ddfbfb7d8b7ca9eb7 3d5c76815b06fd5d05fc10d1092477b68bd4e452d2b5a682db97365d0dff9a32686f721742bb69accd9e5eac24466bb3
CLIENT_TRAFFIC_SECRET_0 4219beb40869423aa02cd9c5d1ec6c99578ceac31bf4548ddfbfb7d8b7ca9eb7 002ff66a43db359b960f6e28544647bf40c1c8d604e2259a070884f834070c91ee4d644b83db35ce487cb7816be1f4b0
SERVER_HANDSHAKE_TRAFFIC_SECRET 4219beb40869423aa02cd9c5d1ec6c99578ceac31bf4548ddfbfb7d8b7ca9eb7 81606f258bab840e3a1591ae294d1d9547c5b493644f3b30e642113d715e67e8d4944cd335965f0e6de4a37b64872d07
CLIENT_HANDSHAKE_TRAFFIC_SECRET 4219beb40869423aa02cd9c5d1ec6c99578ceac31bf4548ddfbfb7d8b7ca9eb7 b7a234650f4331f902e7249726530e58f4bb45fbe79773ba65dcce7498edd08e88343ab3592cecc75b91eb8344c487eb
SERVER_TRAFFIC_SECRET_0 4219beb40869423aa02cd9c5d1ec6c99578ceac31bf4548ddfbfb7d8b7ca9eb7 acdadaa3a2f7137cdda5f2a3aa52d22a7d8db4da27759416f0e5b300d0c91294e87c60722fd80b9c454c8c4fc91c250d
CLIENT_TRAFFIC_SECRET_0 4219beb40869423aa02cd9c5d1ec6c99578ceac31bf4548ddfbfb7d8b7ca9eb7 002ff66a43db359b960f6e28544647bf40c1c8d604e2259a070884f834070c91ee4d644b83db35ce487cb7816be1f4b0
CLIENT_TRAFFIC_SECRET_0 4219beb40869423aa02cd9c5d1ec6c99578ceac31bf4548ddfbfb7d8b7ca9eb7 002ff66a43db359b960f6e28544647bf40c1c8d604e2259a070884f834070c91ee4d644b83db35ce487cb7816be1f4b0
SERVER_HANDSHAKE_TRAFFIC_SECRET 11754ad41f69b051eabbd74b22723d1a3ec39603518817f10e101fba67f7fb43 cdf214e8ed22fec80eab2daea9e92ec4a4d80392b9702e10e869ab111699ad5a79863def9d351e2f18b5ef290f917db0
CLIENT_HANDSHAKE_TRAFFIC_SECRET 11754ad41f69b051eabbd74b22723d1a3ec39603518817f10e101fba67f7fb43 7b9e7e2463465bb775708cb7e5435b43d8b8a0d91538a7ceae640f2b223e1aebcc1be9aa0cf9f764674bf2f52865f9b4
SERVER_TRAFFIC_SECRET_0 11754ad41f69b051eabbd74b22723d1a3ec39603518817f10e101fba67f7fb43 b6c59534076c6eccc344d32089612f9ded2e8a0fcee498527e36e53db16c24a974fe9c5a2077ee0ba7f4aabd473cea9b
EXPORTER_SECRET 11754ad41f69b051eabbd74b22723d1a3ec39603518817f10e101fba67f7fb43 ae46c17300421f166625857dd948e42f6270f91d40539f2b6a3a353eb476376e8c271606902341e35b201852440eaf02
CLIENT_TRAFFIC_SECRET_0 11754ad41f69b051eabbd74b22723d1a3ec39603518817f10e101fba67f7fb43 818f08bfb4e5f0b27be6a4ba31ba58b66a7eb5cdacb6623dbb984c4d74c42039b0ec240231ad08cb9aa6115c34694b6e
SERVER_HANDSHAKE_TRAFFIC_SECRET 11754ad41f69b051eabbd74b22723d1a3ec39603518817f10e101fba67f7fb43 cdf214e8ed22fec80eab2daea9e92ec4a4d80392b9702e10e869ab111699ad5a79863def9d351e2f18b5ef290f917db0
CLIENT_HANDSHAKE_TRAFFIC_SECRET 11754ad41f69b051eabbd74b22723d1a3ec39603518817f10e101fba67f7fb43 7b9e7e2463465bb775708cb7e5435b43d8b8a0d91538a7ceae640f2b223e1aebcc1be9aa0cf9f764674bf2f52865f9b4
SERVER_TRAFFIC_SECRET_0 11754ad41f69b051eabbd74b22723d1a3ec39603518817f10e101fba67f7fb43 b6c59534076c6eccc344d32089612f9ded2e8a0fcee498527e36e53db16c24a974fe9c5a2077ee0ba7f4aabd473cea9b
CLIENT_TRAFFIC_SECRET_0 11754ad41f69b051eabbd74b22723d1a3ec39603518817f10e101fba67f7fb43 818f08bfb4e5f0b27be6a4ba31ba58b66a7eb5cdacb6623dbb984c4d74c42039b0ec240231ad08cb9aa6115c34694b6e
CLIENT_TRAFFIC_SECRET_0 11754ad41f69b051eabbd74b22723d1a3ec39603518817f10e101fba67f7fb43 818f08bfb4e5f0b27be6a4ba31ba58b66a7eb5cdacb6623dbb984c4d74c42039b0ec240231ad08cb9aa6115c34694b6e
SERVER_HANDSHAKE_TRAFFIC_SECRET d29a8b6c046db88cb59c18aa8d21f1662b33567e5ac42178f3fbb95b6d48e000 d2b356ea9e390142ce6c8108ccefab955acfebb2c7774785e39fe0de973648dda413928844390955f5da0f8b33501c9e
CLIENT_HANDSHAKE_TRAFFIC_SECRET d29a8b6c046db88cb59c18aa8d21f1662b33567e5ac42178f3fbb95b6d48e000 5687d411aa55fff17c515cbfbf05b979154b2b35d4cba81a7ebf9c5e7cb96d5ba04e150077023f584fac4c8773040c2a
SERVER_TRAFFIC_SECRET_0 d29a8b6c046db88cb59c18aa8d21f1662b33567e5ac42178f3fbb95b6d48e000 c9bc14aacac29cc33344e840c4e1b2bb5b8a2288cc73c0a0e1d11f860267d78ff28a0e2caacb2f532207d5a8167ce76f
EXPORTER_SECRET d29a8b6c046db88cb59c18aa8d21f1662b33567e5ac42178f3fbb95b6d48e000 e1b03facc0c223d757b20c32ce00232397f7c6fcc9afcddd432650ad8d7c6debad595d5d19839b8dba01349bbcb7ed80
CLIENT_TRAFFIC_SECRET_0 d29a8b6c046db88cb59c18aa8d21f1662b33567e5ac42178f3fbb95b6d48e000 14e8a58f0f0335502b4c0e7b7caf2f5f4e0dffcba80ff277f242bfc6cf38e896d630742363f6281db12cf2891cf32f82
SERVER_HANDSHAKE_TRAFFIC_SECRET d29a8b6c046db88cb59c18aa8d21f1662b33567e5ac42178f3fbb95b6d48e000 d2b356ea9e390142ce6c8108ccefab955acfebb2c7774785e39fe0de973648dda413928844390955f5da0f8b33501c9e
CLIENT_HANDSHAKE_TRAFFIC_SECRET d29a8b6c046db88cb59c18aa8d21f1662b33567e5ac42178f3fbb95b6d48e000 5687d411aa55fff17c515cbfbf05b979154b2b35d4cba81a7ebf9c5e7cb96d5ba04e150077023f584fac4c8773040c2a
SERVER_TRAFFIC_SECRET_0 d29a8b6c046db88cb59c18aa8d21f1662b33567e5ac42178f3fbb95b6d48e000 c9bc14aacac29cc33344e840c4e1b2bb5b8a2288cc73c0a0e1d11f860267d78ff28a0e2caacb2f532207d5a8167ce76f
CLIENT_TRAFFIC_SECRET_0 d29a8b6c046db88cb59c18aa8d21f1662b33567e5ac42178f3fbb95b6d48e000 14e8a58f0f0335502b4c0e7b7caf2f5f4e0dffcba80ff277f242bfc6cf38e896d630742363f6281db12cf2891cf32f82
CLIENT_TRAFFIC_SECRET_0 d29a8b6c046db88cb59c18aa8d21f1662b33567e5ac42178f3fbb95b6d48e000 14e8a58f0f0335502b4c0e7b7caf2f5f4e0dffcba80ff277f242bfc6cf38e896d630742363f6281db12cf2891cf32f82
SERVER_HANDSHAKE_TRAFFIC_SECRET 9971f157326aa7a0138bd31739e0c9cbb653188bedf10ce762dd1e39b65bd612 5ca607e9d3af06d4bc7f73c2eb00ab77d6f1e5887d95857744141e12fb23a7d8295e44770d2f9de92abf3028092c1b7a
CLIENT_HANDSHAKE_TRAFFIC_SECRET 9971f157326aa7a0138bd31739e0c9cbb653188bedf10ce762dd1e39b65bd612 ee2a5909da9ce30f13b86af2a5c67ea31601189092ab14d8f19c3343d75e2e498e51a1e627693a1854d890eb5fa7116f
SERVER_TRAFFIC_SECRET_0 9971f157326aa7a0138bd31739e0c9cbb653188bedf10ce762dd1e39b65bd612 ecd054638767e1ddf7eefbb50454473eb781f1e62de4601ebfca5a1bb5837bf25aa7ecc87eb9267dca9c5c380d738058
EXPORTER_SECRET 9971f157326aa7a0138bd31739e0c9cbb653188bedf10ce762dd1e39b65bd612 55900d64e63781de54cfd529b25e2aeb5d195d418595f18c081fcc818844a25415e7d4c0d73c296d86f7921e8c229f85
CLIENT_TRAFFIC_SECRET_0 9971f157326aa7a0138bd31739e0c9cbb653188bedf10ce762dd1e39b65bd612 66701a74b85ef979f6065c31aae0cbda8aa00580595e50f9f3aa13d87ff69066d0ac005e1632fbec4277c504ca0032d5
SERVER_HANDSHAKE_TRAFFIC_SECRET 9971f157326aa7a0138bd31739e0c9cbb653188bedf10ce762dd1e39b65bd612 5ca607e9d3af06d4bc7f73c2eb00ab77d6f1e5887d95857744141e12fb23a7d8295e44770d2f9de92abf3028092c1b7a
CLIENT_HANDSHAKE_TRAFFIC_SECRET 9971f157326aa7a0138bd31739e0c9cbb653188bedf10ce762dd1e39b65bd612 ee2a5909da9ce30f13b86af2a5c67ea31601189092ab14d8f19c3343d75e2e498e51a1e627693a1854d890eb5fa7116f
SERVER_TRAFFIC_SECRET_0 9971f157326aa7a0138bd31739e0c9cbb653188bedf10ce762dd1e39b65bd612 ecd054638767e1ddf7eefbb50454473eb781f1e62de4601ebfca5a1bb5837bf25aa7ecc87eb9267dca9c5c380d738058
CLIENT_TRAFFIC_SECRET_0 9971f157326aa7a0138bd31739e0c9cbb653188bedf10ce762dd1e39b65bd612 66701a74b85ef979f6065c31aae0cbda8aa00580595e50f9f3aa13d87ff69066d0ac005e1632fbec4277c504ca0032d5
CLIENT_TRAFFIC_SECRET_0 9971f157326aa7a0138bd31739e0c9cbb653188bedf10ce762dd1e39b65bd612 66701a74b85ef979f6065c31aae0cbda8aa00580595e50f9f3aa13d87ff69066d0ac005e1632fbec4277c504ca0032d5
SERVER_HANDSHAKE_TRAFFIC_SECRET 3816112c13d827d6f4832d88e5e780193672b6389d0336c66243cd90374ef035 ac24966b302c9e4d7faac42de757103cc2d2b4a5560f831e4ade10fb50690504be86ca4504e285d56add5574eec1d20e
CLIENT_HANDSHAKE_TRAFFIC_SECRET 3816112c13d827d6f4832d88e5e780193672b6389d0336c66243cd90374ef035 8e7362fffd244acbe4c36bd9c8301234ef51e9333cdb8a3408fb08d3aac4429d59ef18df536169cf36f55f36ceffb8ca
SERVER_TRAFFIC_SECRET_0 3816112c13d827d6f4832d88e5e780193672b6389d0336c66243cd90374ef035 ee88597b5449854813aef033d4f3d7b7157d7c9fa652d48e26b4ecb5229bf2bd47c324d4f395d033b67c190db4233388
EXPORTER_SECRET 3816112c13d827d6f4832d88e5e780193672b6389d0336c66243cd90374ef035 802feaf54c7b3613f4df098b0e936ebd0b7dceafa6c51ba79f6545526e688a2d8af7be4962750292c6dbbfdc59882427
CLIENT_TRAFFIC_SECRET_0 3816112c13d827d6f4832d88e5e780193672b6389d0336c66243cd90374ef035 dd687b4f7aea14d215707e63e66e1ba78a59ab18fd524d0e2fb5050bd25bd8efe5c5170db6c03b047f6a398ef41a271b
SERVER_HANDSHAKE_TRAFFIC_SECRET 3816112c13d827d6f4832d88e5e780193672b6389d0336c66243cd90374ef035 ac24966b302c9e4d7faac42de757103cc2d2b4a5560f831e4ade10fb50690504be86ca4504e285d56add5574eec1d20e
CLIENT_HANDSHAKE_TRAFFIC_SECRET 3816112c13d827d6f4832d88e5e780193672b6389d0336c66243cd90374ef035 8e7362fffd244acbe4c36bd9c8301234ef51e9333cdb8a3408fb08d3aac4429d59ef18df536169cf36f55f36ceffb8ca
SERVER_TRAFFIC_SECRET_0 3816112c13d827d6f4832d88e5e780193672b6389d0336c66243cd90374ef035 ee88597b5449854813aef033d4f3d7b7157d7c9fa652d48e26b4ecb5229bf2bd47c324d4f395d033b67c190db4233388
CLIENT_TRAFFIC_SECRET_0 3816112c13d827d6f4832d88e5e780193672b6389d0336c66243cd90374ef035 dd687b4f7aea14d215707e63e66e1ba78a59ab18fd524d0e2fb5050bd25bd8efe5c5170db6c03b047f6a398ef41a271b
CLIENT_TRAFFIC_SECRET_0 3816112c13d827d6f4832d88e5e780193672b6389d0336c66243cd90374ef035 dd687b4f7aea14d215707e63e66e1ba78a59ab18fd524d0e2fb5050bd25bd8efe5c5170db6c03b047f6a398ef41a271b
SERVER_HANDSHAKE_TRAFFIC_SECRET c95d85980f380fed165b888ce43dde6abd161e68d3b74045eb83ef3156e9c7c7 7da491a5be19525e69ebfafb7f730cd2208122b5c32d5416aec14557f5727420ef94bdffe45d45216966295d615411c7
CLIENT_HANDSHAKE_TRAFFIC_SECRET c95d85980f380fed165b888ce43dde6abd161e68d3b74045eb83ef3156e9c7c7 56203efc6cf8a264f11940c2e9480496436f3fad5714d1b8e7be68aaed0a477a75ebd9099f27318c0da4445a05c5874d
SERVER_TRAFFIC_SECRET_0 c95d85980f380fed165b888ce43dde6abd161e68d3b74045eb83ef3156e9c7c7 a9f03731c0a6154335d187359968a486fd5ad7d73ba3e24b94d8d6bdf949164070f52d671a69e9f1f34ff49cdfc96ead
EXPORTER_SECRET c95d85980f380fed165b888ce43dde6abd161e68d3b74045eb83ef3156e9c7c7 02b88999d42def92346aaa85f4988bc68fdc7136c601f971e41f0b87333869f440a82295cfe815fade9f431650d6a5e1
CLIENT_TRAFFIC_SECRET_0 c95d85980f380fed165b888ce43dde6abd161e68d3b74045eb83ef3156e9c7c7 38775790423cc715997163f8835bb7448c77de39b2a9c7f2a09e4922968fdd44aa501e2ebb7a8fb7e61b0dc1af0a1a4a
SERVER_HANDSHAKE_TRAFFIC_SECRET c95d85980f380fed165b888ce43dde6abd161e68d3b74045eb83ef3156e9c7c7 7da491a5be19525e69ebfafb7f730cd2208122b5c32d5416aec14557f5727420ef94bdffe45d45216966295d615411c7
CLIENT_HANDSHAKE_TRAFFIC_SECRET c95d85980f380fed165b888ce43dde6abd161e68d3b74045eb83ef3156e9c7c7 56203efc6cf8a264f11940c2e9480496436f3fad5714d1b8e7be68aaed0a477a75ebd9099f27318c0da4445a05c5874d
SERVER_TRAFFIC_SECRET_0 c95d85980f380fed165b888ce43dde6abd161e68d3b74045eb83ef3156e9c7c7 a9f03731c0a6154335d187359968a486fd5ad7d73ba3e24b94d8d6bdf949164070f52d671a69e9f1f34ff49cdfc96ead
CLIENT_TRAFFIC_SECRET_0 c95d85980f380fed165b888ce43dde6abd161e68d3b74045eb83ef3156e9c7c7 38775790423cc715997163f8835bb7448c77de39b2a9c7f2a09e4922968fdd44aa501e2ebb7a8fb7e61b0dc1af0a1a4a
CLIENT_TRAFFIC_SECRET_0 c95d85980f380fed165b888ce43dde6abd161e68d3b74045eb83ef3156e9c7c7 38775790423cc715997163f8835bb7448c77de39b2a9c7f2a09e4922968fdd44aa501e2ebb7a8fb7e61b0dc1af0a1a4a
SERVER_HANDSHAKE_TRAFFIC_SECRET 4e4081cbcab72ec9132b7a5a5c635a02f07dff05ad0c67e2bb42e7b5a0b6df43 dca58db8964334ade7e1f888b62bdb5f2ece116ce15c4dcbe576a206547667ad41003d5e793648c56284878381841e0b
CLIENT_HANDSHAKE_TRAFFIC_SECRET 4e4081cbcab72ec9132b7a5a5c635a02f07dff05ad0c67e2bb42e7b5a0b6df43 dc89fb3d28c07b08108d8d464f6e140b4ad464d0395a5dfd6c347c6a72761a2311e631281c10b953a9b7af68fe504f4c
SERVER_TRAFFIC_SECRET_0 4e4081cbcab72ec9132b7a5a5c635a02f07dff05ad0c67e2bb42e7b5a0b6df43 01efcf452f3070486af2abffb4e26ca5857ba105cc7e05a3f5753ddbb0af3b0c95cb6968358565d8f69577999072d638
EXPORTER_SECRET 4e4081cbcab72ec9132b7a5a5c635a02f07dff05ad0c67e2bb42e7b5a0b6df43 95cfb8d8d620e23f01604e2d97161717d6fdebbd745e7d5b0d1ff285cd4ebb641d36a71889f63ff5db7e114d6803c6c1
CLIENT_TRAFFIC_SECRET_0 4e4081cbcab72ec9132b7a5a5c635a02f07dff05ad0c67e2bb42e7b5a0b6df43 a0358b7211dcd94d39cee104eef1a3ef886028f621fa894eb5cd4cd0b12e844a76a43e04f765076f6b71dc7fe4af29ad
SERVER_HANDSHAKE_TRAFFIC_SECRET 4e4081cbcab72ec9132b7a5a5c635a02f07dff05ad0c67e2bb42e7b5a0b6df43 dca58db8964334ade7e1f888b62bdb5f2ece116ce15c4dcbe576a206547667ad41003d5e793648c56284878381841e0b
CLIENT_HANDSHAKE_TRAFFIC_SECRET 4e4081cbcab72ec9132b7a5a5c635a02f07dff05ad0c67e2bb42e7b5a0b6df43 dc89fb3d28c07b08108d8d464f6e140b4ad464d0395a5dfd6c347c6a72761a2311e631281c10b953a9b7af68fe504f4c
SERVER_TRAFFIC_SECRET_0 4e4081cbcab72ec9132b7a5a5c635a02f07dff05ad0c67e2bb42e7b5a0b6df43 01efcf452f3070486af2abffb4e26ca5857ba105cc7e05a3f5753ddbb0af3b0c95cb6968358565d8f69577999072d638
CLIENT_TRAFFIC_SECRET_0 4e4081cbcab72ec9132b7a5a5c635a02f07dff05ad0c67e2bb42e7b5a0b6df43 a0358b7211dcd94d39cee104eef1a3ef886028f621fa894eb5cd4cd0b12e844a76a43e04f765076f6b71dc7fe4af29ad
CLIENT_TRAFFIC_SECRET_0 4e4081cbcab72ec9132b7a5a5c635a02f07dff05ad0c67e2bb42e7b5a0b6df43 a0358b7211dcd94d39cee104eef1a3ef886028f621fa894eb5cd4cd0b12e844a76a43e04f765076f6b71dc7fe4af29ad
SERVER_HANDSHAKE_TRAFFIC_SECRET 72427fb79b1b2933fecd108b06e3ef9ef3f2f480526933609db9bc6ec1bd0e6b dd17452d3c0d30387032a78cd9a027fada20ab8ff303df3053bcfd6cfdffc050776b134ef906aa3177ebbaab587bd82d
CLIENT_HANDSHAKE_TRAFFIC_SECRET 72427fb79b1b2933fecd108b06e3ef9ef3f2f480526933609db9bc6ec1bd0e6b c7528a5f2a9ad32f2c83c986b4adde9011c10fc0be761553696bb449207a49ca1195a50b7a64891c15006f497d5d21fb
SERVER_TRAFFIC_SECRET_0 72427fb79b1b2933fecd108b06e3ef9ef3f2f480526933609db9bc6ec1bd0e6b f6308d4cd15173552ee5fdfa94e6902d87c5c27416ba574ae8556518b43ce98a71eef0d63f2ed7121bf26a5ca8be3930
EXPORTER_SECRET 72427fb79b1b2933fecd108b06e3ef9ef3f2f480526933609db9bc6ec1bd0e6b eb3e12ec13b65b25fab3c20244dc0f7fdba3e8702b2be201fc232c0f91601cd6b19c1fde622ca25741a2e2e67c4ceedc
CLIENT_TRAFFIC_SECRET_0 72427fb79b1b2933fecd108b06e3ef9ef3f2f480526933609db9bc6ec1bd0e6b b1db7d845a1defcbbb75585a88a451df2e6019f2de2ede0927a3ba7e303e1a563ae2ede4d52bfc86b013701c48369cd5
SERVER_HANDSHAKE_TRAFFIC_SECRET 72427fb79b1b2933fecd108b06e3ef9ef3f2f480526933609db9bc6ec1bd0e6b dd17452d3c0d30387032a78cd9a027fada20ab8ff303df3053bcfd6cfdffc050776b134ef906aa3177ebbaab587bd82d
CLIENT_HANDSHAKE_TRAFFIC_SECRET 72427fb79b1b2933fecd108b06e3ef9ef3f2f480526933609db9bc6ec1bd0e6b c7528a5f2a9ad32f2c83c986b4adde9011c10fc0be761553696bb449207a49ca1195a50b7a64891c15006f497d5d21fb
SERVER_TRAFFIC_SECRET_0 72427fb79b1b2933fecd108b06e3ef9ef3f2f480526933609db9bc6ec1bd0e6b f6308d4cd15173552ee5fdfa94e6902d87c5c27416ba574ae8556518b43ce98a71eef0d63f2ed7121bf26a5ca8be3930
CLIENT_TRAFFIC_SECRET_0 72427fb79b1b2933fecd108b06e3ef9ef3f2f480526933609db9bc6ec1bd0e6b b1db7d845a1defcbbb75585a88a451df2e6019f2de2ede0927a3ba7e303e1a563ae2ede4d52bfc86b013701c48369cd5
CLIENT_TRAFFIC_SECRET_0 72427fb79b1b2933fecd108b06e3ef9ef3f2f480526933609db9bc6ec1bd0e6b b1db7d845a1defcbbb75585a88a451df2e6019f2de2ede0927a3ba7e303e1a563ae2ede4d52bfc86b013701c48369cd5
SERVER_HANDSHAKE_TRAFFIC_SECRET e3f62bbf40171c2981b167aa67795751835951d49c0015dd4afa9660f29aa21a d39cf2fab7833d7ed0ba28c939386eb58eb5a0bf53824977f83653523149d5298b0f425df46e1bce1c6d85a261d5bab8
CLIENT_HANDSHAKE_TRAFFIC_SECRET e3f62bbf40171c2981b167aa67795751835951d49c0015dd4afa9660f29aa21a 206708bd41f73d4771cbc1f98afde9fa80909f2a6dac7d598cb8257f41e6a5b054b6402f6dafaa1315a582152f09bdc2
SERVER_TRAFFIC_SECRET_0 e3f62bbf40171c2981b167aa67795751835951d49c0015dd4afa9660f29aa21a 3316e3fd20e7672a91b92ca2cd16d24b715f1a2fdc4be9e44b301be7270cc37916b40fac6d34bde46cfa408bd67ab022
EXPORTER_SECRET e3f62bbf40171c2981b167aa67795751835951d49c0015dd4afa9660f29aa21a f276cd3cab686b91bb4c3555799425393b787ec7875acf270db43da701d5ea69f239ca2ff111294509c1e3254fb96aeb
CLIENT_TRAFFIC_SECRET_0 e3f62bbf40171c2981b167aa67795751835951d49c0015dd4afa9660f29aa21a 05bb0860dd8fecb8f2c5d10481194d43b37efb8c630db596f100a53bdc643ce583177736fb6542f43f8261df1f7c207f
SERVER_HANDSHAKE_TRAFFIC_SECRET e3f62bbf40171c2981b167aa67795751835951d49c0015dd4afa9660f29aa21a d39cf2fab7833d7ed0ba28c939386eb58eb5a0bf53824977f83653523149d5298b0f425df46e1bce1c6d85a261d5bab8
CLIENT_HANDSHAKE_TRAFFIC_SECRET e3f62bbf40171c2981b167aa67795751835951d49c0015dd4afa9660f29aa21a 206708bd41f73d4771cbc1f98afde9fa80909f2a6dac7d598cb8257f41e6a5b054b6402f6dafaa1315a582152f09bdc2
SERVER_TRAFFIC_SECRET_0 e3f62bbf40171c2981b167aa67795751835951d49c0015dd4afa9660f29aa21a 3316e3fd20e7672a91b92ca2cd16d24b715f1a2fdc4be9e44b301be7270cc37916b40fac6d34bde46cfa408bd67ab022
CLIENT_TRAFFIC_SECRET_0 e3f62bbf40171c2981b167aa67795751835951d49c0015dd4afa9660f29aa21a 05bb0860dd8fecb8f2c5d10481194d43b37efb8c630db596f100a53bdc643ce583177736fb6542f43f8261df1f7c207f
CLIENT_TRAFFIC_SECRET_0 e3f62bbf40171c2981b167aa67795751835951d49c0015dd4afa9660f29aa21a 05bb0860dd8fecb8f2c5d10481194d43b37efb8c630db596f100a53bdc643ce583177736fb6542f43f8261df1f7c207f
SERVER_HANDSHAKE_TRAFFIC_SECRET 9c0d592ced727d6e686ba7d00dd77a4a492abe0f478a92440799f44adac6d3f9 3f15a58bf6f4a7babe30a097aa040cd2742c41ff7860142a0206a14c6b168ddb015fef715d08487ec38d1d1ce917721c
CLIENT_HANDSHAKE_TRAFFIC_SECRET 9c0d592ced727d6e686ba7d00dd77a4a492abe0f478a92440799f44adac6d3f9 49bf399e909bacd713fc08bdf73a43b637a96dc14b593973edd3bdb715b546e4dd25e4ebf5c98880cb6f4ec6e8c6d5b5
SERVER_TRAFFIC_SECRET_0 9c0d592ced727d6e686ba7d00dd77a4a492abe0f478a92440799f44adac6d3f9 1abf69f3cc12363096fd8c6495a9c95dc3dc3f76a5f99ad1974b2e2ebb59c8188a55e5383483246bcab865e9a2166172
EXPORTER_SECRET 9c0d592ced727d6e686ba7d00dd77a4a492abe0f478a92440799f44adac6d3f9 1f63752a7836aa9b747761059700b00081f70e81556647bd1d66be057d29963e3f227c736b26eb085b4fbce2f0396a88
CLIENT_TRAFFIC_SECRET_0 9c0d592ced727d6e686ba7d00dd77a4a492abe0f478a92440799f44adac6d3f9 e6d850981d4af3a42696d8a3d5bb3eeb04bcb57d53be48263d81046c738675fd5f5500193705cbb69fb3f656b76215bb
SERVER_HANDSHAKE_TRAFFIC_SECRET 9c0d592ced727d6e686ba7d00dd77a4a492abe0f478a92440799f44adac6d3f9 3f15a58bf6f4a7babe30a097aa040cd2742c41ff7860142a0206a14c6b168ddb015fef715d08487ec38d1d1ce917721c
CLIENT_HANDSHAKE_TRAFFIC_SECRET 9c0d592ced727d6e686ba7d00dd77a4a492abe0f478a92440799f44adac6d3f9 49bf399e909bacd713fc08bdf73a43b637a96dc14b593973edd3bdb715b546e4dd25e4ebf5c98880cb6f4ec6e8c6d5b5
SERVER_TRAFFIC_SECRET_0 9c0d592ced727d6e686ba7d00dd77a4a492abe0f478a92440799f44adac6d3f9 1abf69f3cc12363096fd8c6495a9c95dc3dc3f76a5f99ad1974b2e2ebb59c8188a55e5383483246bcab865e9a2166172
CLIENT_TRAFFIC_SECRET_0 9c0d592ced727d6e686ba7d00dd77a4a492abe0f478a92440799f44adac6d3f9 e6d850981d4af3a42696d8a3d5bb3eeb04bcb57d53be48263d81046c738675fd5f5500193705cbb69fb3f656b76215bb
CLIENT_TRAFFIC_SECRET_0 9c0d592ced727d6e686ba7d00dd77a4a492abe0f478a92440799f44adac6d3f9 e6d850981d4af3a42696d8a3d5bb3eeb04bcb57d53be48263d81046c738675fd5f5500193705cbb69fb3f656b76215bb
SERVER_HANDSHAKE_TRAFFIC_SECRET 839508f708602548247d7f89311abf1ef1930dd519e75f437984770a161b94ab 709dd2506b14e1f70a1b083d16abd92ef677444d390405d402f30ad7de2e3dd73d3cc82965748f5d9951761be0edfe18
CLIENT_HANDSHAKE_TRAFFIC_SECRET 839508f708602548247d7f89311abf1ef1930dd519e75f437984770a161b94ab 0a2c003b34c98efddba735eaf0bfe3b7c826ececab550c5a1ed2d6ae582e51dd16655b792f7119b8825acb1fd60ee94a
SERVER_TRAFFIC_SECRET_0 839508f708602548247d7f89311abf1ef1930dd519e75f437984770a161b94ab 8189dd8dda70bb14f3a1329ae70e5df6380f43a18f9982b22a3c13512871f69cb65fca259ec14746e80cc87a5e9d4318
EXPORTER_SECRET 839508f708602548247d7f89311abf1ef1930dd519e75f437984770a161b94ab fdfb6f1776ea95f48cf3c74c6ac118e3b99c8c423aff34ca5a2c626fa5e38fc238097ccd44ae7627c74d59d6d5624817
CLIENT_TRAFFIC_SECRET_0 839508f708602548247d7f89311abf1ef1930dd519e75f437984770a161b94ab af1a5a6660dd8717a20959af6e09e856e4ec491ecdbcba4ffa575daedf3c680c55f7a35ad2a5f79a1ccf09147d932efa
SERVER_HANDSHAKE_TRAFFIC_SECRET 839508f708602548247d7f89311abf1ef1930dd519e75f437984770a161b94ab 709dd2506b14e1f70a1b083d16abd92ef677444d390405d402f30ad7de2e3dd73d3cc82965748f5d9951761be0edfe18
CLIENT_HANDSHAKE_TRAFFIC_SECRET 839508f708602548247d7f89311abf1ef1930dd519e75f437984770a161b94ab 0a2c003b34c98efddba735eaf0bfe3b7c826ececab550c5a1ed2d6ae582e51dd16655b792f7119b8825acb1fd60ee94a
SERVER_TRAFFIC_SECRET_0 839508f708602548247d7f89311abf1ef1930dd519e75f437984770a161b94ab 8189dd8dda70bb14f3a1329ae70e5df6380f43a18f9982b22a3c13512871f69cb65fca259ec14746e80cc87a5e9d4318
CLIENT_TRAFFIC_SECRET_0 839508f708602548247d7f89311abf1ef1930dd519e75f437984770a161b94ab af1a5a6660dd8717a20959af6e09e856e4ec491ecdbcba4ffa575daedf3c680c55f7a35ad2a5f79a1ccf09147d932efa
CLIENT_TRAFFIC_SECRET_0 839508f708602548247d7f89311abf1ef1930dd519e75f437984770a161b94ab af1a5a6660dd8717a20959af6e09e856e4ec491ecdbcba4ffa575daedf3c680c55f7a35ad2a5f79a1ccf09147d932efa
SERVER_HANDSHAKE_TRAFFIC_SECRET 2f74307bbc696ad36d5c3c6389516ea2c42aa76094ea719172c6ad766d9db9aa c79bf7ce6e01ffd4766e2f6de947ce6e35cdffb26dc616e8653138bf8f6121e10cf185027e07ae063654d35fdcb7fa78
CLIENT_HANDSHAKE_TRAFFIC_SECRET 2f74307bbc696ad36d5c3c6389516ea2c42aa76094ea719172c6ad766d9db9aa e886c6354ce287c0119fd3706f38463acdd6e0452d10e97bd9fabed8bc5a0ee05742ec930c3d91079dbaf01230f5bfff
SERVER_TRAFFIC_SECRET_0 2f74307bbc696ad36d5c3c6389516ea2c42aa76094ea719172c6ad766d9db9aa 5da6c08a861faa95277331b8595dfaa963984a5485b0fb908c935a580f6465705c72ee417608b1e255214e41f08e6482
EXPORTER_SECRET 2f74307bbc696ad36d5c3c6389516ea2c42aa76094ea719172c6ad766d9db9aa 153e3157659e5e3cfa1c8499fcda4272ba9899bc165f24630e3309a918bd53119c1e02b17dda89b0f9e838dc9a2e0803
CLIENT_TRAFFIC_SECRET_0 2f74307bbc696ad36d5c3c6389516ea2c42aa76094ea719172c6ad766d9db9aa 17676f0208b6d8c7b62d4645b2489f120247867a4793deb0cbe7d65b243c4331ffdccd064c4d8537d5e14d4c8da53362
SERVER_HANDSHAKE_TRAFFIC_SECRET 2f74307bbc696ad36d5c3c6389516ea2c42aa76094ea719172c6ad766d9db9aa c79bf7ce6e01ffd4766e2f6de947ce6e35cdffb26dc616e8653138bf8f6121e10cf185027e07ae063654d35fdcb7fa78
CLIENT_HANDSHAKE_TRAFFIC_SECRET 2f74307bbc696ad36d5c3c6389516ea2c42aa76094ea719172c6ad766d9db9aa e886c6354ce287c0119fd3706f38463acdd6e0452d10e97bd9fabed8bc5a0ee05742ec930c3d91079dbaf01230f5bfff
SERVER_TRAFFIC_SECRET_0 2f74307bbc696ad36d5c3c6389516ea2c42aa76094ea719172c6ad766d9db9aa 5da6c08a861faa95277331b8595dfaa963984a5485b0fb908c935a580f6465705c72ee417608b1e255214e41f08e6482
CLIENT_TRAFFIC_SECRET_0 2f74307bbc696ad36d5c3c6389516ea2c42aa76094ea719172c6ad766d9db9aa 17676f0208b6d8c7b62d4645b2489f120247867a4793deb0cbe7d65b243c4331ffdccd064c4d8537d5e14d4c8da53362
CLIENT_TRAFFIC_SECRET_0 2f74307bbc696ad36d5c3c6389516ea2c42aa76094ea719172c6ad766d9db9aa 17676f0208b6d8c7b62d4645b2489f120247867a4793deb0cbe7d65b243c4331ffdccd064c4d8537d5e14d4c8da53362
SERVER_HANDSHAKE_TRAFFIC_SECRET dd6e5bb8543cdfddec6a357ba0aaa2605307f13754f662f6a080f4211ea8b6ac d935819997d3f08520023602d3ac26134e504793a38ade5d5ccf3da705961dbaf290fb5dc1119899ac63d9952a01e934
CLIENT_HANDSHAKE_TRAFFIC_SECRET dd6e5bb8543cdfddec6a357ba0aaa2605307f13754f662f6a080f4211ea8b6ac 6965a89a8591b9cebbbe4f57605097f20ec723387bc0bdbefb252fb586b418b2fa33dbf69043bbcd4a75263f84c593a8
SERVER_TRAFFIC_SECRET_0 dd6e5bb8543cdfddec6a357ba0aaa2605307f13754f662f6a080f4211ea8b6ac f010233ac2903ab246f31485311ace4b2e2eeaf72d8f8a07557efea3db8929711b55d65cd94edfbef629e11db1a6636e
EXPORTER_SECRET dd6e5bb8543cdfddec6a357ba0aaa2605307f13754f662f6a080f4211ea8b6ac 2c0e4df00bf785e7cb895cc673697d1bfab85cd65ffdfa795b038cde5da4b5c1763cec8a12aeb5cae0f980f7a563a3a4
CLIENT_TRAFFIC_SECRET_0 dd6e5bb8543cdfddec6a357ba0aaa2605307f13754f662f6a080f4211ea8b6ac d125825a496524acc6a1c52985750647a189ecb7137032d001475656b8df658600482d6a621f688718ea2927aed85923
SERVER_HANDSHAKE_TRAFFIC_SECRET dd6e5bb8543cdfddec6a357ba0aaa2605307f13754f662f6a080f4211ea8b6ac d935819997d3f08520023602d3ac26134e504793a38ade5d5ccf3da705961dbaf290fb5dc1119899ac63d9952a01e934
CLIENT_HANDSHAKE_TRAFFIC_SECRET dd6e5bb8543cdfddec6a357ba0aaa2605307f13754f662f6a080f4211ea8b6ac 6965a89a8591b9cebbbe4f57605097f20ec723387bc0bdbefb252fb586b418b2fa33dbf69043bbcd4a75263f84c593a8
SERVER_TRAFFIC_SECRET_0 dd6e5bb8543cdfddec6a357ba0aaa2605307f13754f662f6a080f4211ea8b6ac f010233ac2903ab246f31485311ace4b2e2eeaf72d8f8a07557efea3db8929711b55d65cd94edfbef629e11db1a6636e
CLIENT_TRAFFIC_SECRET_0 dd6e5bb8543cdfddec6a357ba0aaa2605307f13754f662f6a080f4211ea8b6ac d125825a496524acc6a1c52985750647a189ecb7137032d001475656b8df658600482d6a621f688718ea2927aed85923
CLIENT_TRAFFIC_SECRET_0 dd6e5bb8543cdfddec6a357ba0aaa2605307f13754f662f6a080f4211ea8b6ac d125825a496524acc6a1c52985750647a189ecb7137032d001475656b8df658600482d6a621f688718ea2927aed85923
