SERVER_HANDSHAKE_TRAFFIC_SECRET 94d5f040050b78cc793d756d3b69a67e4e574341e757ab5e0df00b18a1063be1 2d8b24850af588ecb2b8308e468319644f76ecdf581fb4dc6029dd61a506d713b332f45395334f2bcbb505036b15ad29
CLIENT_HANDSHAKE_TRAFFIC_SECRET 94d5f040050b78cc793d756d3b69a67e4e574341e757ab5e0df00b18a1063be1 31aeab6a44fa507d46f555d0504789b88394b0571c17b2ff9aa68c2bbecc866344f4a4945ce6a0e6232805eefdaa5443
SERVER_TRAFFIC_SECRET_0 94d5f040050b78cc793d756d3b69a67e4e574341e757ab5e0df00b18a1063be1 d229402de13bab59b7d0b940ed1da1e9ec74e4c3dfdd33245af5bc2505cdb5461611e492c251b5d9f067fd9b925f57fc
CLIENT_TRAFFIC_SECRET_0 94d5f040050b78cc793d756d3b69a67e4e574341e757ab5e0df00b18a1063be1 0efbdf32c2ad1c71918a6e31ae1e186e0121d1f8e0fc03b1a38884262bf73ed5ecf42add9bc5f9392a526e7ff8b54a59
SERVER_HANDSHAKE_TRAFFIC_SECRET 246cc38d7da8dac8ceaf85169b67e838b39849cb1b214627b4313b97765d1dac de4f18d71a60f57b0716c8e46a380ab79c6b2271729bc0fa970a294606e9e2ab7bdec8fc7c8a3302d6ba29d558c26a7f
CLIENT_HANDSHAKE_TRAFFIC_SECRET 246cc38d7da8dac8ceaf85169b67e838b39849cb1b214627b4313b97765d1dac 9e94d04b4e4670d19fd75260ca1aa8b01cdf8c88078a51e965e25c8d254812ee82906faf9154f4f04005dbd99465db12
SERVER_TRAFFIC_SECRET_0 246cc38d7da8dac8ceaf85169b67e838b39849cb1b214627b4313b97765d1dac 58de4c5882fff57e9f568250b460339b6d1b789b60271bcc16ed4e30356cbb9902df596e17a5362ff1e45c8b51f0d063
SERVER_HANDSHAKE_TRAFFIC_SECRET d5aabc41ad2c45ed68e82fb201bd4c7093a578c3ccb4923aa01f2138590351dc 8876d34513ef2132f2bd3076d0fc79fac6c7e8d297f2c261de4a01e1c9a99930734de4036c16628ae14e7752074b755c
CLIENT_HANDSHAKE_TRAFFIC_SECRET d5aabc41ad2c45ed68e82fb201bd4c7093a578c3ccb4923aa01f2138590351dc df3a592350ae4381fc50a90d2450acc0ffd7fbf48f7f12981e8ef3a8cf335892b4182ef9c01d074a02d56b1a7be95a28
SERVER_TRAFFIC_SECRET_0 d5aabc41ad2c45ed68e82fb201bd4c7093a578c3ccb4923aa01f2138590351dc 82b26def3765400d41753b39f0674fa8806bd245c7b9cd527072840188f84e895fa490c7ded30905db32b3ad3aee1c4e
CLIENT_TRAFFIC_SECRET_0 d5aabc41ad2c45ed68e82fb201bd4c7093a578c3ccb4923aa01f2138590351dc d1a804beac3962243efcbfbca13c4d3c41a22eb5d9c8258891b947cb29acc773f2e493b4e8ac2a6de7ac2b96022150a2
SERVER_HANDSHAKE_TRAFFIC_SECRET d2f9e515a57064b164a4740d2b38d0616728ba57b7cbfa15d43ec46c4d7875ca 9c2dfb5a54ab73c46bb9fd53b769eaf461b914c23675216d9f2b7347d117de304f306410656b789c46dca0fb4a0b396f
CLIENT_HANDSHAKE_TRAFFIC_SECRET d2f9e515a57064b164a4740d2b38d0616728ba57b7cbfa15d43ec46c4d7875ca aba205dcdc51d8d2bd8d866cc90b74ed4fe7dd773df4c39261003aeae5dde70e65e68a2a1147a40741f909ec3a7ce156
SERVER_TRAFFIC_SECRET_0 d2f9e515a57064b164a4740d2b38d0616728ba57b7cbfa15d43ec46c4d7875ca 922574012eed213e888827529161390f1066b1337370bed257a725401690b74b2f6e675042c9aa9ca48fd0201e7827f7
CLIENT_TRAFFIC_SECRET_0 d2f9e515a57064b164a4740d2b38d0616728ba57b7cbfa15d43ec46c4d7875ca 8a298cdcbdfd7e09ca103147d48a7c483d77f12761aa6a00b00b81733dc19daefcd1d05d154d73cfd7cd95c85c95b967
SERVER_HANDSHAKE_TRAFFIC_SECRET 2b419832902f6ff7aca2582cf006858dc8e40c7402fbb33935ad9e0d451e8c34 f2a9bd0c928400a8d8d9c2b76f0915513044fb8b53f1495d35f47c71589bd6a3627a59662afb8b52e72fe9627bb24ebc
CLIENT_HANDSHAKE_TRAFFIC_SECRET 2b419832902f6ff7aca2582cf006858dc8e40c7402fbb33935ad9e0d451e8c34 a0e21195865b0aadb83a7c78677849b401c6288b465ec49b6736c5811acdc490e4e2ab607a79b8b32b1dc2e70b617f6f
SERVER_TRAFFIC_SECRET_0 2b419832902f6ff7aca2582cf006858dc8e40c7402fbb33935ad9e0d451e8c34 1d5625425073e661656981af70fcad9d44239f3515d7982da7a4c2193b00ee1554cb2de09b53181a5dd5bcfa70df5d4e
CLIENT_TRAFFIC_SECRET_0 2b419832902f6ff7aca2582cf006858dc8e40c7402fbb33935ad9e0d451e8c34 5fc680372082c0c9518f19d75272e576111718b769b897aa51d98dc7a3f620d250d81000e788d5f0a89a3c7179e8062b
SERVER_HANDSHAKE_TRAFFIC_SECRET 960da055bb488f67f4c55750befd83d7efa933ca62aee4d55d6d43323a34a178 c86d265671bcd81f685668cf24f1555b92af8bd27855cb68935a387998f38ce6fbde5d6a8d2985c1a34b123a3240a9bf
CLIENT_HANDSHAKE_TRAFFIC_SECRET 960da055bb488f67f4c55750befd83d7efa933ca62aee4d55d6d43323a34a178 ab6ce66c83983e4a053051b1f16e4d3ed043085af56c390b2d297a5ddf91c8bd8a182e97373c4bea7fea3d11463e8570
SERVER_TRAFFIC_SECRET_0 960da055bb488f67f4c55750befd83d7efa933ca62aee4d55d6d43323a34a178 c7819d67fdb226a4889d1141f3f0f31bf1d3fdf880662b6f729f4bf193face22f0189023e9a09c1db42b088a53bf7d80
SERVER_HANDSHAKE_TRAFFIC_SECRET f7b24b45090e456e8cb24a3e2d4ea853dc72114b3a1e23bf497705282ab1ce33 37d57a072d9955abcb3e00e6e3780f19ae4b92c4217453211765a005e0d4c371d8562a07fb630fbc83b089ef30330e61
CLIENT_HANDSHAKE_TRAFFIC_SECRET f7b24b45090e456e8cb24a3e2d4ea853dc72114b3a1e23bf497705282ab1ce33 a87180be6e66d11aefc2f703630c38ba6abd830c4f4ca131a9fcb5992c311db8f11de85ae9eb41be25bdf3d0f174f5c5
SERVER_TRAFFIC_SECRET_0 f7b24b45090e456e8cb24a3e2d4ea853dc72114b3a1e23bf497705282ab1ce33 b443c7e9df35456b26ceba19b430c8a8fb303ab5945522fdae29bcc292db2816bb32cbb154aaad507c843b94891f74f7
SERVER_HANDSHAKE_TRAFFIC_SECRET d8250fabb8cdc1033a4c9b42fa471789fdb4e58890010cd60a4781ba39d8d061 82f27b051fd6bd02c415aa99ec475f2e32c3db0d3cff2db9255bdfd5c10a1fe4dd1dce8a65104f8da470dbba69f2feb1
CLIENT_HANDSHAKE_TRAFFIC_SECRET d8250fabb8cdc1033a4c9b42fa471789fdb4e58890010cd60a4781ba39d8d061 fd12d23e20c9a4f0c60e164d86526124c041e4784ea1474abd1c1216310aac473b13860c526ce4187f5be1c27ebbb084
SERVER_TRAFFIC_SECRET_0 d8250fabb8cdc1033a4c9b42fa471789fdb4e58890010cd60a4781ba39d8d061 452b1aae9c8de500027bcc5710143d20979f89e6d9668ece8c80819de827f11f8a66b9efcd7cb8e21abaf98048b47937
CLIENT_TRAFFIC_SECRET_0 d8250fabb8cdc1033a4c9b42fa471789fdb4e58890010cd60a4781ba39d8d061 40eaa78a221d335bca864cea9ae645a0e44d30ced0096c2dc4227bed3dc46244ca09ef964ad00cfc2d57c7b97bf162c2
SERVER_HANDSHAKE_TRAFFIC_SECRET 5f7b5f139f0dd9f47e8b0b7c59c59b5b15d38e3ac76dec437580bf20d7c4d03a a7736c6adbc0d2c579d98b76c42cb7b6089540abca2912a0c35ed545942081a24dc40d3fe510f409b401d2077e9e1d04
CLIENT_HANDSHAKE_TRAFFIC_SECRET 5f7b5f139f0dd9f47e8b0b7c59c59b5b15d38e3ac76dec437580bf20d7c4d03a 16ec1b7232ee16c22a208dee745e095ecc8f0f2d0f3bcf4edc8ce4383cc3c3adac66586d6ed4328e572439c22d1c68b4
SERVER_TRAFFIC_SECRET_0 5f7b5f139f0dd9f47e8b0b7c59c59b5b15d38e3ac76dec437580bf20d7c4d03a cf724aaef1498efd440905897326ecae92e7a1e20144f126e8aa9e65e6317c20cdd647b774e6d36dc4379e767adae352
CLIENT_TRAFFIC_SECRET_0 5f7b5f139f0dd9f47e8b0b7c59c59b5b15d38e3ac76dec437580bf20d7c4d03a dfb607109e3d96a4645e5c5be2ed2696792bb60c6b7e11ca3c9c4f953a2cd39ba77217b2b14120512891a0207ddce4f4
SERVER_HANDSHAKE_TRAFFIC_SECRET dde04e8379d6e3d3097e2e392f4b0ed719986f67c508f01e0c134d0a8b1c43a8 5c237f3b380fac721f19ea3121aece3edd1673daad5e9bd034dc88df871b9f728504378dfb9aaac6ed0712597606d385
CLIENT_HANDSHAKE_TRAFFIC_SECRET dde04e8379d6e3d3097e2e392f4b0ed719986f67c508f01e0c134d0a8b1c43a8 bfa799bb28adca3e86c3ed4138d2d0bd4cb53adbdb5e7158adbc30d3b43746ffdc2f51e8b444b234abe7fc01b36ae6c7
SERVER_TRAFFIC_SECRET_0 dde04e8379d6e3d3097e2e392f4b0ed719986f67c508f01e0c134d0a8b1c43a8 1ee21a9ad66257c6fc055187584161c189fbf5483d72ee8798e145165d4a0cd9772e9c6fb4529208f789338c7e67e541
CLIENT_TRAFFIC_SECRET_0 dde04e8379d6e3d3097e2e392f4b0ed719986f67c508f01e0c134d0a8b1c43a8 9c35fbee92ac0f61b296de2f923f23faf0cc01dc9245fb1120ea1d81f6bf1f22913bf574ac63830cae5ffa8cadb293d2
SERVER_HANDSHAKE_TRAFFIC_SECRET 6573ebed44a66589a050339281e8f32c5c68750d62ab2ceb5e21607d6b7e005c 6967beaa138cdc3cc2571d78dda1eb56c232f28b25a08d51c38593fdb12ec6aceb9e62280dd5b349e50ebc9269117528
CLIENT_HANDSHAKE_TRAFFIC_SECRET 6573ebed44a66589a050339281e8f32c5c68750d62ab2ceb5e21607d6b7e005c 2ac6bc6c2f87d586bc0ed69e3ae60770884bb4ee50c26cfb4670868e840af19ba002c60deec33b5afd22a8ac6dac6355
SERVER_TRAFFIC_SECRET_0 6573ebed44a66589a050339281e8f32c5c68750d62ab2ceb5e21607d6b7e005c 2755308d51810fb084877902aab1fa7e94898433f3adca9d3e838e9c96a637d644e70e2c167a932df05f386903bfbc5c
SERVER_HANDSHAKE_TRAFFIC_SECRET 201e823b85e32ba14ee318e68be243366b673666290251e44ec56f27403769ec c019a5007c0ebf4d9f801ef337e316ca03e6593fb3dbae4bbef32706cad288b142c008e259d4088446f7c35de311b549
CLIENT_HANDSHAKE_TRAFFIC_SECRET 201e823b85e32ba14ee318e68be243366b673666290251e44ec56f27403769ec 5a0c3dab5e181a3e0fb84f0fca46adb87ff83f32f9a1344c8872b8ab0b3e41e5ecc57d23c50c3db04a7e26b68e5e9d38
SERVER_TRAFFIC_SECRET_0 201e823b85e32ba14ee318e68be243366b673666290251e44ec56f27403769ec 84b29b21ee9338f526bf06c37d861ff211c339e15cc1fda8eb94f7e1551fa8c971cac121d6fa31afdd8732c4a126de56
CLIENT_TRAFFIC_SECRET_0 201e823b85e32ba14ee318e68be243366b673666290251e44ec56f27403769ec 8d88edb5027f916b17f70a67bb3f5d9013f4dd70d3452fb7fca00cb5fe0012c29bb2bb3acfafc9e1feee1434d2f79652
SERVER_HANDSHAKE_TRAFFIC_SECRET 2a99df9fc309fadf928bb7e071b7100874bd7291e5d0b7ece56320eaebad65bf 1ac1758c1028f2758f96eb4c6be3946232b1f34d7e8d9bb384437cdb9da1409393a055e9c700075338d7ce10f924e85e
CLIENT_HANDSHAKE_TRAFFIC_SECRET 2a99df9fc309fadf928bb7e071b7100874bd7291e5d0b7ece56320eaebad65bf 4413abbd2ad863d5933f017076444912585ae2378480aa93fbe2e301092ba2f45ad7318ea844fdffd35aa9ddae6e4e53
SERVER_TRAFFIC_SECRET_0 2a99df9fc309fadf928bb7e071b7100874bd7291e5d0b7ece56320eaebad65bf 4c18b54dd8baa6aa1b3f971c94acb775a54f8defc3377e110019425b6dca06127dae5286687c4f8aeb360ffa065a60e4
CLIENT_TRAFFIC_SECRET_0 2a99df9fc309fadf928bb7e071b7100874bd7291e5d0b7ece56320eaebad65bf de12d73094f5c9b9ac5241562f96b854e2137f6654cc33fdba456b5f0431904002e25148fad65bd33883fe7f782b7cae
SERVER_HANDSHAKE_TRAFFIC_SECRET eac648d3147a9dc6b13994c96ecd94bd7e0464e6afce52d5bbb133c0d68d10f4 1140f81de767b59e67b2f0aa55aba10583049ae03021ab600b5f585038e2d4770abcebb331cf1f9d31e372282c8c9d57
CLIENT_HANDSHAKE_TRAFFIC_SECRET eac648d3147a9dc6b13994c96ecd94bd7e0464e6afce52d5bbb133c0d68d10f4 263e9f861c0311ab20b073a18bb79bae902339f081e18a85867849839f82df64a04cbb1836462bc333b9724ec80ac69e
SERVER_TRAFFIC_SECRET_0 eac648d3147a9dc6b13994c96ecd94bd7e0464e6afce52d5bbb133c0d68d10f4 6585bc062029246596bbc985666b583109dd598a94406edd671f6ba7fdf845278ebf11e8ae499d7d6f830622f4d98762
CLIENT_TRAFFIC_SECRET_0 eac648d3147a9dc6b13994c96ecd94bd7e0464e6afce52d5bbb133c0d68d10f4 c74bf9120246baf95a1eeea35b34215078864ff434c0f55953ae60d8e6a8a0aae4498a1c664dda3f1e39470be9186cae
SERVER_HANDSHAKE_TRAFFIC_SECRET 209969a7b681c8ccfe16af770a21e952962cbcd5f5b316bd47aafc1229bd9415 d0afcfaa7e34330ec0d1dbad5e1aaa1ea3a2c07b7538f5e44fd7fcc0d68b1b244bf9a0b3f17ecc4f53df640587e41dc8
CLIENT_HANDSHAKE_TRAFFIC_SECRET 209969a7b681c8ccfe16af770a21e952962cbcd5f5b316bd47aafc1229bd9415 4f166cf4cfb61d7187f7dfbf1fee5292c74fbd4545cc014987f9d5cf919701fa740f573715c79bd5b466ea132d37738a
SERVER_TRAFFIC_SECRET_0 209969a7b681c8ccfe16af770a21e952962cbcd5f5b316bd47aafc1229bd9415 a12dece06f78214a01b9632e4a9b3b7f5b6d114cc876c103efc4120dd48d2546f46b3e76a30b022cd488c4893c95de85
CLIENT_TRAFFIC_SECRET_0 209969a7b681c8ccfe16af770a21e952962cbcd5f5b316bd47aafc1229bd9415 7dce0ed769f7f3066249dd0fbd062aa73ba009e105466c1b99f2abdbe6f6f5ff52af40c97e9fd3490bdad93561b871ff
SERVER_HANDSHAKE_TRAFFIC_SECRET 9adfc85d218476576ab48e961f7607627ade46b83799e235087b1e02a9d37bdf 96c2da2cbcfa41ed9a19cf68f9939eff78690a88732f27389681107270b7d3997d782ff0a84954bd0b55aec1ce418aef
CLIENT_HANDSHAKE_TRAFFIC_SECRET 9adfc85d218476576ab48e961f7607627ade46b83799e235087b1e02a9d37bdf 1e003485a458c16458e5d277ec7c70531bf02a039157247be60ad070433fd52da4095d7c9ddde6e90d6bc778c49fbf73
SERVER_TRAFFIC_SECRET_0 9adfc85d218476576ab48e961f7607627ade46b83799e235087b1e02a9d37bdf b129a6d264d2d1f08fea458586a999f8becf364c58048799825385ea11b86d2d37eab044e5196dfb08e00286370c458e
CLIENT_TRAFFIC_SECRET_0 9adfc85d218476576ab48e961f7607627ade46b83799e235087b1e02a9d37bdf d52ff61138186d3fcd28bc99c28c1087ec1f1ff1f41c558674c28eac7ac87aaf099bc1103ec434b32acc62afc7538ecf
SERVER_HANDSHAKE_TRAFFIC_SECRET f5a3e7f28c34ac888acc6b67c2bb9fe9e2f8d04982a995396adcee47231547f3 be7e436c7a24b64338372327bb257cb7d00a796ca8299c015808e1aee749d0421ef74fc459b8e7258fbe467639cf9a48
CLIENT_HANDSHAKE_TRAFFIC_SECRET f5a3e7f28c34ac888acc6b67c2bb9fe9e2f8d04982a995396adcee47231547f3 56ca9b90c4b1b9c77ad60afbaeabd4a5eb4a63b4bcf3c229d1f0642aa95876c9fc6e6f68ada9454ae998e8e5a0e69e30
SERVER_TRAFFIC_SECRET_0 f5a3e7f28c34ac888acc6b67c2bb9fe9e2f8d04982a995396adcee47231547f3 9ea2ad07f16785cd30aa2eeebb2e48dec3fd2534c4137c1aab5783a14d1c706e10717a8dd3d3bf52a624a2a4c11388b4
CLIENT_TRAFFIC_SECRET_0 f5a3e7f28c34ac888acc6b67c2bb9fe9e2f8d04982a995396adcee47231547f3 49c27b09a2aaa6340fbcc6cbc88b770d55cb78273c5f29313691747d326b3c46aed04d979ecffd759d8e4c12478f7b28
SERVER_HANDSHAKE_TRAFFIC_SECRET ba037045ec9b0fb250b9bb05d1211e0e878cbba716c2207efd92e481628440cb 341a5d238fdfc65f402eb8bca106de1a6f85d268a57a4f388381fcb5f520ef6cec5375b91a785d13d6297dcc8c5de795
CLIENT_HANDSHAKE_TRAFFIC_SECRET ba037045ec9b0fb250b9bb05d1211e0e878cbba716c2207efd92e481628440cb d05434cf785e8de7f16eaf93d74d65a6dd6f0d64288041c3e8bc59a75e2f0975481e29ab0b125e057a8aa5adf8d9e24e
SERVER_TRAFFIC_SECRET_0 ba037045ec9b0fb250b9bb05d1211e0e878cbba716c2207efd92e481628440cb 97912c8dd488075935af4bc507a7b9b928dc6e3b6ec53962719552d42f68b5fc94726bf723d9c1964f7baecef09c14b2
CLIENT_TRAFFIC_SECRET_0 ba037045ec9b0fb250b9bb05d1211e0e878cbba716c2207efd92e481628440cb 99b9f5a2a95ab7fddad1157ff37d56746a7c64cb953d18f5006e694fd9143c71c420d5325bc11198001451784a2d9129
SERVER_HANDSHAKE_TRAFFIC_SECRET d8378cf67afc3703b4112959ec50f3b832180205c64ad7d6f5e65807467bde6d bddf2e1e9ff292f6e4ca892da4b15c2e9c2ed240a9dce7e61d34a986169da80445b804e4e0f5f5eb0e7d374e8fc3c18c
CLIENT_HANDSHAKE_TRAFFIC_SECRET d8378cf67afc3703b4112959ec50f3b832180205c64ad7d6f5e65807467bde6d cfb22ee6ba9a70425ab22151a3566445483ae8485f9f78dab92d95fade1b70f1089877881c1d6c9f3a985c905adafbf2
SERVER_TRAFFIC_SECRET_0 d8378cf67afc3703b4112959ec50f3b832180205c64ad7d6f5e65807467bde6d d0d365410069b810ee3bfa076934a817a8cd4226f211a821b2bf5d6fc9a1bcfba74b3f82fc4ce518db1b3129641093ee
CLIENT_TRAFFIC_SECRET_0 d8378cf67afc3703b4112959ec50f3b832180205c64ad7d6f5e65807467bde6d 4a52d29ddc9e97d55e72f9a40664effe3a2ac2ca80afe421b59eaf0a50aa4617be950ac0dc6aa56a356e59d82ea7dfcf
SERVER_HANDSHAKE_TRAFFIC_SECRET cb227671edabb219615f2863a2595343c57af6af3946b5e4d3bda1fd525b0efa f5216fb3a4a7e32fab7b0721509fb3a9d285cee4721d647787ecc1c71147653d255082f33805342c66c65f6adbbae903
CLIENT_HANDSHAKE_TRAFFIC_SECRET cb227671edabb219615f2863a2595343c57af6af3946b5e4d3bda1fd525b0efa 48e7a3d105746ca5d64aa9a70693e72314a5e805fd5e3bb9f95d8527883d60de90206384590b9abc2e1ef1d13323135a
SERVER_TRAFFIC_SECRET_0 cb227671edabb219615f2863a2595343c57af6af3946b5e4d3bda1fd525b0efa 55e22ea03b642372c701ee8867e64d192b0bee876c25f946882d00b4850eb550c1bd14f1d95b0acf18995adbdd6840aa
CLIENT_TRAFFIC_SECRET_0 cb227671edabb219615f2863a2595343c57af6af3946b5e4d3bda1fd525b0efa 8dc87e232d33ec48dd4180dbbf03a24b44898acf1b606a3f8234aa7d653ea0bbe7fb2eb2494745140cb6244625718d0b
SERVER_HANDSHAKE_TRAFFIC_SECRET 37060a5735637b0221a47f04cd62ab9aeb76e0141b8becb1738e2626367940a5 a59654d6fa5528a6f04c1fca106f3d848fec3021d9e8b70ab7c7af7abf0e3a5bec150ed41b066ae44345c6bb52cd0683
CLIENT_HANDSHAKE_TRAFFIC_SECRET 37060a5735637b0221a47f04cd62ab9aeb76e0141b8becb1738e2626367940a5 f95b9a97f1e4170c1c5c16e8f9b04c23c3c21e896e442b42e967918ec6d917743c02c93cd0b026a4cb5f15b5a3d5db93
SERVER_TRAFFIC_SECRET_0 37060a5735637b0221a47f04cd62ab9aeb76e0141b8becb1738e2626367940a5 c1a902db8602a26122a06d13bd5b8214301be58fb3cd35baed8fdae3c01500c1c12b80fcc4451fcf453028969f0c2164
CLIENT_TRAFFIC_SECRET_0 37060a5735637b0221a47f04cd62ab9aeb76e0141b8becb1738e2626367940a5 43ffed56f51d7033e4540f81746476223386c961dd2e5e8acc3f5e32aef6913103aba0e1a086bf55bcbb0df59b3f6652
SERVER_HANDSHAKE_TRAFFIC_SECRET a051f32925ca756af99f9d76771489cafacd6f8fbd269ed58400aeef1b100368 0ffa6dbd1ca241995e8b1b5f9c047089bb7817f66c92651316ba08c6c3f1bfe6780158ebca911c98a34a2b11087395ea
CLIENT_HANDSHAKE_TRAFFIC_SECRET a051f32925ca756af99f9d76771489cafacd6f8fbd269ed58400aeef1b100368 f9580b77082cb53cd65a83e1d059cb12552796b7ee3fc9a2474762d27af8f9e93ba8bb5d4b4e3dd00a092f88f87f2555
SERVER_TRAFFIC_SECRET_0 a051f32925ca756af99f9d76771489cafacd6f8fbd269ed58400aeef1b100368 0666130a6a4fc93c76ae9e6e13248d3ebda305e80b65fbc7f97ac8885a1eac85739c9836d92a7dfb9fed54d618467cce
CLIENT_TRAFFIC_SECRET_0 a051f32925ca756af99f9d76771489cafacd6f8fbd269ed58400aeef1b100368 ea2086dc8d413cfd27d68c9b65de6104a7552e49873e8e23addc6297b098269b43afdfc308c0472f6f5c0867ea444214
SERVER_HANDSHAKE_TRAFFIC_SECRET a38186322ec833a360bb1f9d8117c26b5b0f9c7c5a2c14382d3b64c9a99610c8 3ba21e6075893e5daba6290e4773e7788dcc84cfa5c671b22b8a974060e92a7c7d633ab8e1eec4b755bdb70a39724104
CLIENT_HANDSHAKE_TRAFFIC_SECRET a38186322ec833a360bb1f9d8117c26b5b0f9c7c5a2c14382d3b64c9a99610c8 b8507e97cc502ae0ddc6d57cfebc9b9ce1f5e6b92a1c691f00ec6c24eeb755d7a95cf58a572ef16adb11ebc99d8063ae
SERVER_TRAFFIC_SECRET_0 a38186322ec833a360bb1f9d8117c26b5b0f9c7c5a2c14382d3b64c9a99610c8 d7e8059042da9546f45a1dd22009a670fd73e743aa84ad5667a00e74486052a80bf50015ebdc85529f712c62284c0687
CLIENT_TRAFFIC_SECRET_0 a38186322ec833a360bb1f9d8117c26b5b0f9c7c5a2c14382d3b64c9a99610c8 6124026f280d0b84ab4ae07bf65a0511901043909976c4b1daf9748b374e55895f231ed047d322c8d5e3cac6db745b6f
SERVER_HANDSHAKE_TRAFFIC_SECRET cd334e8e7486b8bbb8e3cd4a96afd42481488ea5ff191b5da931c00990111a52 d9632d1428cde787f714a4df2d052534ec9c1f85258746d5ead1e8b8ec9ca68d8be9b868b0ad923349a51a4d872a8419
CLIENT_HANDSHAKE_TRAFFIC_SECRET cd334e8e7486b8bbb8e3cd4a96afd42481488ea5ff191b5da931c00990111a52 7bf0ef0a6e873f9bd208c5b01e2b3f29f24a2771d72d39f1517d67aa78493052d2e01f3d16e72aa7e0fbcb3d8d95fd5d
SERVER_TRAFFIC_SECRET_0 cd334e8e7486b8bbb8e3cd4a96afd42481488ea5ff191b5da931c00990111a52 a40af4a309a4f624f724e6c2cfb944245a08a04c78da5a467590d4d0b015df514d948e729395ae3c824c6a38a6ed9653
CLIENT_TRAFFIC_SECRET_0 cd334e8e7486b8bbb8e3cd4a96afd42481488ea5ff191b5da931c00990111a52 be7b1136ffdbeda5920a580738315a998db19ab8dbe078830422b9b0a033061fca06c72de1285c8546c65a65d0f97049
SERVER_HANDSHAKE_TRAFFIC_SECRET 8514d3cededd4f5c6ddf1ecef9d47889f463a7066326b99a0c869b4b70502261 9586e1d5a76a9f54ce6d164abfc984cda7345f3c93975fcebacad8ce01845ec6f90b0ee54ebf4130e0eab8cc49bcb4be
CLIENT_HANDSHAKE_TRAFFIC_SECRET 8514d3cededd4f5c6ddf1ecef9d47889f463a7066326b99a0c869b4b70502261 167fc8c8bfc75d396eb3e95d2bc64b490bef32dca900f569e68cf925266ca3f2c1966fbe1dcac86dbff6aaacc9dec794
SERVER_TRAFFIC_SECRET_0 8514d3cededd4f5c6ddf1ecef9d47889f463a7066326b99a0c869b4b70502261 ccb29761c37d91e4cec49c4c73a715a89e0466e4cdcb721bcfb4c7f95247e78fc96854020691a365a9b29e53aea123ce
CLIENT_TRAFFIC_SECRET_0 8514d3cededd4f5c6ddf1ecef9d47889f463a7066326b99a0c869b4b70502261 d0c4ba03b573b8e33f10e2b4e6c0e8f5cc4b666aaf469d5435b117d4b71998804fe302f6f1ee03142d9af2de6dcea406
SERVER_HANDSHAKE_TRAFFIC_SECRET e15fcb67bf8c92cebdcd270c7b4e4d5a45575b73d78fe10918af74ab1fb54a3a 7cb4803200366c7593f7a5f17c73896718bdb8a116d60a80a8b7d227e32b093c111cde549b6b77d00d6ca4ebc51e90ed
CLIENT_HANDSHAKE_TRAFFIC_SECRET e15fcb67bf8c92cebdcd270c7b4e4d5a45575b73d78fe10918af74ab1fb54a3a 4db44990f27b1eaa19c7d4eff87dd59a3758c008b7b3bb6a57961f8738e3440cc564beb766264eda9b91b7596df8beaa
SERVER_TRAFFIC_SECRET_0 e15fcb67bf8c92cebdcd270c7b4e4d5a45575b73d78fe10918af74ab1fb54a3a 20234e3298e187fe574349537a69c73404abd3adbd3249df8c7e68cc5bc0bc1037e29a7d69903d67c5676e8eac2f5e93
CLIENT_TRAFFIC_SECRET_0 e15fcb67bf8c92cebdcd270c7b4e4d5a45575b73d78fe10918af74ab1fb54a3a ecea32cef0d286fd5cdce4dc624523624d8167c7b8c72801d42b754d7a30c6123609fa755b76f98468415d990946f16b
SERVER_HANDSHAKE_TRAFFIC_SECRET 0a3a51cbc666729c7cdc1bb82a8d64b6392d77f771a4cda413112eb935260066 d14630ed8e84902201b4988e955a375d66f1c408245a49c5aa2d698ad276c94c6c194d42a325a9d3587112bdb7dd81a2
CLIENT_HANDSHAKE_TRAFFIC_SECRET 0a3a51cbc666729c7cdc1bb82a8d64b6392d77f771a4cda413112eb935260066 58bba1628455eef9c3811521d282b018526da5dcb6f9da19533b9858c05b2db9b8dfc1a2dbcd947ad6b5f42137b75449
SERVER_TRAFFIC_SECRET_0 0a3a51cbc666729c7cdc1bb82a8d64b6392d77f771a4cda413112eb935260066 c4b6c36cffba0d24408751ba3b1500bb1b6fd576220f6ff54fa910f44d426b001f1607ef4dd2755a58ccfc2313a42b77
CLIENT_TRAFFIC_SECRET_0 0a3a51cbc666729c7cdc1bb82a8d64b6392d77f771a4cda413112eb935260066 9e45f6d93ad58cd81bbb6cc97f046e5b06d9997347c2496b0f63cc55788b42875b91aefad7b65d2c34fcbf583b9a43f9
SERVER_HANDSHAKE_TRAFFIC_SECRET 6d760017f37286b54e0df914bd25f785374c3ca931018f3187d6e069074a1b8c d7733eacc4b84436c84102649701e32042c3f7dff40c409c5ae2bc3ac89a907d855eec8628852fd71afd54b44fbd6a0b
CLIENT_HANDSHAKE_TRAFFIC_SECRET 6d760017f37286b54e0df914bd25f785374c3ca931018f3187d6e069074a1b8c 40c60064f07711151c5a10312c412f3488a46e300e325dde20cc0a63af87510720496912321a260de7276a195d7cbaf8
SERVER_TRAFFIC_SECRET_0 6d760017f37286b54e0df914bd25f785374c3ca931018f3187d6e069074a1b8c 68cb1c771b40974ad1fd0696bbfb702ddb39ffe49844278213e8500e39e3bf8c71c522466f85a9f677a13b404f5ee074
CLIENT_TRAFFIC_SECRET_0 6d760017f37286b54e0df914bd25f785374c3ca931018f3187d6e069074a1b8c e299c8f0214c131583c208e26a80a59b1ed92435a423e3e56d5784f7225f7d4eda65ad10cdb6a8f8c3d59f47d26d589a
SERVER_HANDSHAKE_TRAFFIC_SECRET 061edf3326865975c3e5532ee5714c7db18f7dce194d3d9b57c8419731b09273 f39fc266c1bee09e0c755089a9fc6a22ae400a111e77966e3a6bd9c16eac1c6db0d62cc492e367d57d95eb9f08da0b45
CLIENT_HANDSHAKE_TRAFFIC_SECRET 061edf3326865975c3e5532ee5714c7db18f7dce194d3d9b57c8419731b09273 07f084793632b9515c30bfcfde706129a81f8902efb7123614ad3a87df2c60023b7f3eda9d016592d8a6a962bf396ace
SERVER_TRAFFIC_SECRET_0 061edf3326865975c3e5532ee5714c7db18f7dce194d3d9b57c8419731b09273 7f279782e1d0534eeb0bb030d21a0a1ded92f5030fe2585303e1628bd0c09d07397d94fa270d5771d3df45a3ca1e2898
CLIENT_TRAFFIC_SECRET_0 061edf3326865975c3e5532ee5714c7db18f7dce194d3d9b57c8419731b09273 55fdf7a0a2ee259f9f3a48746386c2dad6d0b7c18af8e2a2938816c047fee5d81cd79e00e097b8bc8ec4385e86325b2c
SERVER_HANDSHAKE_TRAFFIC_SECRET d9d11ff400b6ceb2e41e48b2dc22f5744006e4e69991a6b24ea30fc1f009c85d 81cb0ee8ecbe3c2abf2161436681e3936c1d5b874b9827ba94eeefd62a4677299c7f941c01193f56c65c46001ceaf80a
CLIENT_HANDSHAKE_TRAFFIC_SECRET d9d11ff400b6ceb2e41e48b2dc22f5744006e4e69991a6b24ea30fc1f009c85d e8d56388ed63eafc417d77b3744d71fc4e77d04b36529209e9a9b7f9d3b15ab5bbd1e1560f0bf3762cb7cd5664838b65
SERVER_TRAFFIC_SECRET_0 d9d11ff400b6ceb2e41e48b2dc22f5744006e4e69991a6b24ea30fc1f009c85d 69b5533d915e87be833a6f5f531e81754c9b8810cc7994b8f3354c451d48221f49a4324bab657541cbc7aba6336c61e7
CLIENT_TRAFFIC_SECRET_0 d9d11ff400b6ceb2e41e48b2dc22f5744006e4e69991a6b24ea30fc1f009c85d 560598a9ab0b2ffa72553cf12695b7f71ccd3ad73a250010bfc6b3bd165737a08b263185fb1c5eacbf309895b47348ab
SERVER_HANDSHAKE_TRAFFIC_SECRET 1702f79bc00a5ed7080d8e4deb2be13bd396eb2d084ad6bb811879f688f790b2 b1cd8ec4ea76d976f725c2ef294ed8f5a8ba9fe24df0c2217a6fedbd18f0a3a14a02eeb82e8c7a4522f8209d8bce9ef8
CLIENT_HANDSHAKE_TRAFFIC_SECRET 1702f79bc00a5ed7080d8e4deb2be13bd396eb2d084ad6bb811879f688f790b2 596fef7b79bffc483ba8bf1585b26484068920503bc35fdc3710c221b442f16dec15a8de1db0cbb5b7b394dd7045d903
SERVER_TRAFFIC_SECRET_0 1702f79bc00a5ed7080d8e4deb2be13bd396eb2d084ad6bb811879f688f790b2 2db6b174a98c3403d0dfd00366b4b2cbd10dcca591963e7b8924febe82b4c785bacd22496f84391c53e1bf376b2bb2ee
CLIENT_TRAFFIC_SECRET_0 1702f79bc00a5ed7080d8e4deb2be13bd396eb2d084ad6bb811879f688f790b2 9c1a459e4fcae8cc5153df1cdba9adec9769e0b1d8228d87733f1b042b23069be2e21de5fffbc973ae01c7eebab11f1a
SERVER_HANDSHAKE_TRAFFIC_SECRET 0640e28ac84bbc34aea0e0a624c52f0f9569c4a1d828d07eebcad5d329460b79 f0ed719cc745f8c28c2e1b25e364c58ef4bd618d64cf286a9a95a521153847c15284e6ef50ea14e0adc138184c63e795
CLIENT_HANDSHAKE_TRAFFIC_SECRET 0640e28ac84bbc34aea0e0a624c52f0f9569c4a1d828d07eebcad5d329460b79 6b5d26d091a26352799a6ce9ecd31b7c5bb13df15188581a4f225fe1345957f0323639dadc9b80a409a6190302332ebe
SERVER_TRAFFIC_SECRET_0 0640e28ac84bbc34aea0e0a624c52f0f9569c4a1d828d07eebcad5d329460b79 9a30e6ba43d5d408601c1f41b80ee4d706467bf47b6086fbd55233f7f928bab8046ff083a7991738f295a8cdbe095b3c
CLIENT_TRAFFIC_SECRET_0 0640e28ac84bbc34aea0e0a624c52f0f9569c4a1d828d07eebcad5d329460b79 d939614fb64169850b23dd68f5d6b9cc9e6d5e76f6b487af6dd2a22425afd6941cb77d7c1524511dccb8ea495de9e4e2
SERVER_HANDSHAKE_TRAFFIC_SECRET 95aacf3313597cc7e89329bd4115398d45085e7e1e3e5501a4f2c254a2062581 0f13271d0118af0ab752111e6730626bb571488ae74f72bbf33e09f01c80baff27b86051a60050a7389b61bb9142c9fd
CLIENT_HANDSHAKE_TRAFFIC_SECRET 95aacf3313597cc7e89329bd4115398d45085e7e1e3e5501a4f2c254a2062581 6076afcad8da5c636c00fe2b84e5d2b5e2aeb12a9fae6998b3bd0151d972ee3867ad8bdf38a43513eb3e257d52583619
SERVER_TRAFFIC_SECRET_0 95aacf3313597cc7e89329bd4115398d45085e7e1e3e5501a4f2c254a2062581 94172344a7924bc247c0f45f40b0e84748057e09918d9d1992349e0f150cb190d08c3150b124f550191595545e4e1e90
CLIENT_TRAFFIC_SECRET_0 95aacf3313597cc7e89329bd4115398d45085e7e1e3e5501a4f2c254a2062581 f1df2817f80be9d9e4a6235fd5b719328d375806c7bf43ab57d1bdf77bd853d08ddc8aa9fe3bbe32878e5fdb4412824f
SERVER_HANDSHAKE_TRAFFIC_SECRET b54ca9678dfb681a29ec445a2129bffb6b84658e37c389cf9a4901fbeaec8fb9 c7b433e122731b0e2d20103fcbf4cbb728a2fc19d4c7595fa0a1574ca1ca87a57039713f4f40d4d2a53d74d7c351279c
CLIENT_HANDSHAKE_TRAFFIC_SECRET b54ca9678dfb681a29ec445a2129bffb6b84658e37c389cf9a4901fbeaec8fb9 8a3b8ca6412e4c558ae7be5e48433528499b51908aec52cd3bf6ee851cc01016ea5c3f2ce514a1a4aeeadf846a685c0f
SERVER_TRAFFIC_SECRET_0 b54ca9678dfb681a29ec445a2129bffb6b84658e37c389cf9a4901fbeaec8fb9 97c4a1650b92148096dee6f3408753cd19908bc5eeb4d49f2947ad311e33154b58b135bc2f9522c68157ce24401563a7
CLIENT_TRAFFIC_SECRET_0 b54ca9678dfb681a29ec445a2129bffb6b84658e37c389cf9a4901fbeaec8fb9 b66e16d6b7ee3fcaf6a26ba3473cd6aebe108de3c99f390c934b39e62746c66632997a0a2ac67e1ad41f390d506dcab2
SERVER_HANDSHAKE_TRAFFIC_SECRET 633f3a7632e66b25ec77f82ae70c982e25361aa10bbee8396468d44302777a93 b8ecf44ef2ae9cdd7c8ac02b3fd085e18f8d3d6df164b318e7ad547c05e7297666a2fda2025c5bd1d375817a8d13c141
CLIENT_HANDSHAKE_TRAFFIC_SECRET 633f3a7632e66b25ec77f82ae70c982e25361aa10bbee8396468d44302777a93 7db29946a0a758b440349839142b005e58dd369ae909cafec6d1f61d4dc8cad8cb50a627b79e9d90d24dc021ecda2791
SERVER_TRAFFIC_SECRET_0 633f3a7632e66b25ec77f82ae70c982e25361aa10bbee8396468d44302777a93 6a4896f405f0d94e444219e6170120c1b164a6a8b0912f5cfd51d575d8cad0e014aeac1bd7fb62c3ac6dcd2df663f680
CLIENT_TRAFFIC_SECRET_0 633f3a7632e66b25ec77f82ae70c982e25361aa10bbee8396468d44302777a93 56d84abc43b4541e71829bb395f2d5e027c37bf90c2ea789443ad14c0c2bab65965cd879ee90113dd326d6919ce1b940
SERVER_HANDSHAKE_TRAFFIC_SECRET c6c14a07533ec2e5fcbbcf354ce64eebc21e594d2bf6eb56aca71ef877b77eed f240565414f11dd39b5b7d45e7eeddf35e3fc0b9adaae580c73e2fc8318c63f4f5eeb1b552f28a0782c088cfe074de1c
CLIENT_HANDSHAKE_TRAFFIC_SECRET c6c14a07533ec2e5fcbbcf354ce64eebc21e594d2bf6eb56aca71ef877b77eed 699bd9b5ccb14c9ee7e58e7c454701c2001ea89b9ff5e008f5e09978bfa2160aad38d1a4675c790e42668602694f3278
SERVER_TRAFFIC_SECRET_0 c6c14a07533ec2e5fcbbcf354ce64eebc21e594d2bf6eb56aca71ef877b77eed f4c7af9759028c6865c3de4609273a22984dda330adec11f06c767ce2b9a576788fdf8f5b7db6c180f0b0f53fb56541e
CLIENT_TRAFFIC_SECRET_0 c6c14a07533ec2e5fcbbcf354ce64eebc21e594d2bf6eb56aca71ef877b77eed e71b0235cdb5660779495636f0220e84c126cc6dc2c71edeca8409f26301d2cbf9789ec6bb30af4399bb5ab9270a1971
SERVER_HANDSHAKE_TRAFFIC_SECRET 63ffac5c3c4c61caeea114c61cc0be120fd1f30954ea73d0f3ec0488b17199e5 1312b3565da1a92c276bc97d99a5b3a8f16aca6c5576fb08586cdb3b912fb75b5e52a641831f6a747bb30cf622abcf50
CLIENT_HANDSHAKE_TRAFFIC_SECRET 63ffac5c3c4c61caeea114c61cc0be120fd1f30954ea73d0f3ec0488b17199e5 e58ed7bdcdfc15cd82a695bf9c2357cc00fd178f76d9902fe196b27f43acfccc50735b0a2068c7f994938677aa768b84
SERVER_TRAFFIC_SECRET_0 63ffac5c3c4c61caeea114c61cc0be120fd1f30954ea73d0f3ec0488b17199e5 8bfe7935cf63b9b044fd45f41d8b76354e643f5c15d588028266b156f84da3f74c9f89289a8707d3a547203878ff5710
CLIENT_TRAFFIC_SECRET_0 63ffac5c3c4c61caeea114c61cc0be120fd1f30954ea73d0f3ec0488b17199e5 f9a185291a5fef183c1de48009c2354e2cfa3158d21c897437f49bc97fc67a77eba7471cb6e489d6c960a448dc2c8e5e
SERVER_HANDSHAKE_TRAFFIC_SECRET 52031eb34a167a609f71f83a16fc26f87860ca77fb8d35972ab929e288975cc5 7b913a855bce9839b6deef9c30700a6aa54d199b9fbb9d39a22b6bdc0835798ed17c126e98e4a4958b7b8c5aa7091fa0
CLIENT_HANDSHAKE_TRAFFIC_SECRET 52031eb34a167a609f71f83a16fc26f87860ca77fb8d35972ab929e288975cc5 7bdbf9eec93393d38d09ff20ff1ba8039c7b2f0898d4e89b650fd3803f14c9ef16683984e5180b6b18c14742aabe58ee
SERVER_TRAFFIC_SECRET_0 52031eb34a167a609f71f83a16fc26f87860ca77fb8d35972ab929e288975cc5 a40b1755b7de340f42a0ab109fdc9e18d11deac06ec78a8c5f9deeba2f5b8ceeb4fe6c5fc3c923562cfeb1b354e14c1b
CLIENT_TRAFFIC_SECRET_0 52031eb34a167a609f71f83a16fc26f87860ca77fb8d35972ab929e288975cc5 5f012cbc479c7b726c57c54a8ef3077a70525411b07ec7df003a8d6f0cbd3f840d91f04fd16db0546e3f0b00d8dc5f2d
SERVER_HANDSHAKE_TRAFFIC_SECRET c74de8d3c3d349fb324ce0d43216ee57b3afc2fad9995118363adb56fc73ad04 0c389c649ffe06917f81dbcea84c236aa6248f79cb02cf89b00cd9c4861d2df5b9d1eb5de50edad1077ffc45f1aee7fa
CLIENT_HANDSHAKE_TRAFFIC_SECRET c74de8d3c3d349fb324ce0d43216ee57b3afc2fad9995118363adb56fc73ad04 78fa4a4dbe1705c576fb1d4de9e8f5000cfa55d85484a8288d427dcfccb80ad4127989ee925d6a205c9fd505084540ec
SERVER_TRAFFIC_SECRET_0 c74de8d3c3d349fb324ce0d43216ee57b3afc2fad9995118363adb56fc73ad04 f2df57d77ea9ee7ea0d609eba9ea6a336b538c92f62908e6c8a15302b5facdccf80a7bb83d0f05eec30f482d046da79f
CLIENT_TRAFFIC_SECRET_0 c74de8d3c3d349fb324ce0d43216ee57b3afc2fad9995118363adb56fc73ad04 59400bfdeb6836ae6000356d9658c21773035456d5584674c5b831b0206de770e60e08e4c6cc3f9900e011a3c89be305
SERVER_HANDSHAKE_TRAFFIC_SECRET 6243ed8ae2b6c104e1b70be904ae78329ad8026be7634dd09926b8322c9b0609 f1db417dd4d695b73b86f9ef5ad808389c61abc264443f1402d2a83cf4d8652aaff47e8c408202af43c7e4396e398e14
CLIENT_HANDSHAKE_TRAFFIC_SECRET 6243ed8ae2b6c104e1b70be904ae78329ad8026be7634dd09926b8322c9b0609 61ab4dccbfda392eee8a95385f1f09a074b6aa9a497ef36ca9e183ed585a3c49365c70f8478dc99a3f87128885311a4b
SERVER_TRAFFIC_SECRET_0 6243ed8ae2b6c104e1b70be904ae78329ad8026be7634dd09926b8322c9b0609 a72debdee9e37c35006c0dd855807a3d6a5925441744c0d0254dab1d2f66ccfd685386ed4fc3e1df188956ad7e305119
CLIENT_TRAFFIC_SECRET_0 6243ed8ae2b6c104e1b70be904ae78329ad8026be7634dd09926b8322c9b0609 10183a89cbbd2c6a653d1374a9c1460a713d501c9d878f5492ef4fc067de8666e677a6d257d72b52c43bbdbcc4a0d12b
SERVER_HANDSHAKE_TRAFFIC_SECRET 8ca97e26e78c2101d13fc672cb17ff78af5d47b08ce073289b6a2d27acf3cd95 cb8b4b1bdaaea30656a5c6557306dfcaf8d18d713a840acfc0c726dbf3df2cea2e7421c229909b8a35876b68cc49a195
CLIENT_HANDSHAKE_TRAFFIC_SECRET 8ca97e26e78c2101d13fc672cb17ff78af5d47b08ce073289b6a2d27acf3cd95 4c4e532d7e9156fc5b23badad75b4c16224a94c4eeb9da81235d44b9094083c344c7596ca531e01fc66ce7b7ad3d001a
SERVER_TRAFFIC_SECRET_0 8ca97e26e78c2101d13fc672cb17ff78af5d47b08ce073289b6a2d27acf3cd95 6244f27a781d88a970723f8a83ca57254672ac8b6d6a32c83c3f503c8f6212cbe1ef3eac8001a90107e232962af295f5
CLIENT_TRAFFIC_SECRET_0 8ca97e26e78c2101d13fc672cb17ff78af5d47b08ce073289b6a2d27acf3cd95 d9d00af409e385e160b3b0faa51eaff051645a93b19ea5f9096a052737818701b7c16441bbb75cf2789108bc7d8e6f5b
SERVER_HANDSHAKE_TRAFFIC_SECRET d5fb21c5bef5647333396d1d955f4e42253c7c4138bebc9bed4fed8c2b3960c8 2ca6d9d0c31456cf725fa8772944f5e7c5210d5cd3f876b9606ec5717a9c1850e37e2c96f5e9778915f395eb001ef01e
CLIENT_HANDSHAKE_TRAFFIC_SECRET d5fb21c5bef5647333396d1d955f4e42253c7c4138bebc9bed4fed8c2b3960c8 9d495f326bece4475bb957e13042d2943ec211a757db8da54efa9a73340420b7f404eee1e69fd5f4947e57674e346213
SERVER_TRAFFIC_SECRET_0 d5fb21c5bef5647333396d1d955f4e42253c7c4138bebc9bed4fed8c2b3960c8 b5d64a70098ffd557675a42f9c1fcabb2e7ffd79e65b2ab9c635cb1e55c11b889506d4cb058d381b7401d0c07ea194f8
CLIENT_TRAFFIC_SECRET_0 d5fb21c5bef5647333396d1d955f4e42253c7c4138bebc9bed4fed8c2b3960c8 9d214364f52206c565bb2478fb907263b913d2eff9b3c04fd8ef4f2218a13736208b7db729bcfd93fde5cd15fe297658
SERVER_HANDSHAKE_TRAFFIC_SECRET 2352957277235301232261c7c51c76097b03a9be39e59fa3fcdc4cf85f45964d 8641f89e2ea6d49ecc3741cd50f247fdd4a19e44fa6b53a95944341319324d4e2ca62f94f1c6baf353e344a62277cf37
CLIENT_HANDSHAKE_TRAFFIC_SECRET 2352957277235301232261c7c51c76097b03a9be39e59fa3fcdc4cf85f45964d 018908b4dee0694f8fe4a8bd8b45280ae543c354f2249292e59c2450a1201cbd93c310e9ee69523f30909e06f629463e
SERVER_TRAFFIC_SECRET_0 2352957277235301232261c7c51c76097b03a9be39e59fa3fcdc4cf85f45964d 3b9e8c5a6e2dd9bdf7180abbfd3abaa3689305ff9c943e02fb4a1cd055e772dbab160df4d63d975c12d3f06e4cf814b0
CLIENT_TRAFFIC_SECRET_0 2352957277235301232261c7c51c76097b03a9be39e59fa3fcdc4cf85f45964d ee34c2f8c881f5f60db37b7d386509abc1b54ed3c6f3f34e55e2663703b2a41ceafc9ef9a552ae826dd37a1f9eaa0c4a
SERVER_HANDSHAKE_TRAFFIC_SECRET 8d75c173c2b05ef83fee5d884a00e18f048a2dd72ebffbce58292a5ed397daac f0c39f1cb0d3da6f21c40de20f998b3616893aabc2e8619bc20b70ef56fcfb895c0dba66508f39084e259a0dd160546b
CLIENT_HANDSHAKE_TRAFFIC_SECRET 8d75c173c2b05ef83fee5d884a00e18f048a2dd72ebffbce58292a5ed397daac e279976a5705a4badc9b2a8cc6f46127687a648939ad9ecdce167e22c6f4dcee4b52b6f97cb70f5744d4fbc22b26b375
SERVER_TRAFFIC_SECRET_0 8d75c173c2b05ef83fee5d884a00e18f048a2dd72ebffbce58292a5ed397daac 918a5f38fdf99e7bfe1f71243ffc71889ef6e6bbbf81744732f8791847d54fd9e1c9b2d30636985bf2f918a348c287e1
CLIENT_TRAFFIC_SECRET_0 8d75c173c2b05ef83fee5d884a00e18f048a2dd72ebffbce58292a5ed397daac 680e6ac6497bde5616ddc7b2cb2ec838521a1806a5f7254a4e99cc902525c000b3683172e34baf90ff25aaa6ae77bac2
SERVER_HANDSHAKE_TRAFFIC_SECRET 1fa57d78d54cca16da6514ca39e24352c9b676996a57eb957fac27596a7de76e d2b084da667b7fcc8009374f1a80b654285061d0a3bb0c5572c98fa56d6dce24d89f1a7784abb047658ba21d8bcd189e
CLIENT_HANDSHAKE_TRAFFIC_SECRET 1fa57d78d54cca16da6514ca39e24352c9b676996a57eb957fac27596a7de76e c332f31f223a74775a11e1fbc0e5dc1864a7d6089837013f4f1778007f80bd651b9f84f33f53536aca9cded1dab6dfe9
SERVER_TRAFFIC_SECRET_0 1fa57d78d54cca16da6514ca39e24352c9b676996a57eb957fac27596a7de76e 96790f5a54a3e5a289737210f6641135baf98cf024d6aafea935316d4e241d084f49ec47ee972f59dcaff25c8c573e91
CLIENT_TRAFFIC_SECRET_0 1fa57d78d54cca16da6514ca39e24352c9b676996a57eb957fac27596a7de76e 4a6c8e1b99361bf7b002e89b42eb28083e4638d748a2a3c54c3d815a07220a66f23556b901e748f9d3fb851ae5823b87
SERVER_HANDSHAKE_TRAFFIC_SECRET 06961d5324c847378bd2e0de72be2e6f05ee04cb9ffd1b80e3f7973ca1f5a5a0 d2389a37ef0263314df0b57cba7751db60e464d6f9dbe7737aec8ef2199e8a16ca916762935ba5693ab6414ef9eede6d
CLIENT_HANDSHAKE_TRAFFIC_SECRET 06961d5324c847378bd2e0de72be2e6f05ee04cb9ffd1b80e3f7973ca1f5a5a0 318e3cc3318b3591f57365fcea15f8911fd41d2b65d04d2184b710266cb0e8d75742b5e2941c4599d74892baf34f7a57
SERVER_TRAFFIC_SECRET_0 06961d5324c847378bd2e0de72be2e6f05ee04cb9ffd1b80e3f7973ca1f5a5a0 5756573995bb419e4b0fe389045dd0d1e386affe3a4f797a6f3565b9aa79e2196025ecc05ceff367dd6092b9e7f1bcc0
CLIENT_TRAFFIC_SECRET_0 06961d5324c847378bd2e0de72be2e6f05ee04cb9ffd1b80e3f7973ca1f5a5a0 659897c55e343315d89ec6cad839212c6cbd98706f473661a2c37ba4db3804f125e41cebb8a860dc6005a9f34d48eb1b
SERVER_HANDSHAKE_TRAFFIC_SECRET a6e42860221c2b8c9165373ddbffd185dbfea7e7205a3aef099f6a42ecea587b b113a4eee45aed5926310e4a5aafe91aac79eec2800d7ed674b43018ccc9d753af9054bf3a6cfc77d32a96b4f117688f
CLIENT_HANDSHAKE_TRAFFIC_SECRET a6e42860221c2b8c9165373ddbffd185dbfea7e7205a3aef099f6a42ecea587b ce68126786819c07586c93ea7431264abfc2301a119fb945c0e97ba81ab4ae9c6ecdac7049525d89bdb3c87d24325c79
SERVER_TRAFFIC_SECRET_0 a6e42860221c2b8c9165373ddbffd185dbfea7e7205a3aef099f6a42ecea587b 638067b13b842c4e7954bcfb09a5c97ccd927b185baeb416e31c7c1bbe29fb9c12cb7586d576fa0c4685fff057ab948c
CLIENT_TRAFFIC_SECRET_0 a6e42860221c2b8c9165373ddbffd185dbfea7e7205a3aef099f6a42ecea587b 74a7d68c076dee462ba0ed9bac6fd827f84500a05ad774004bb65a21a7f54cfbc1b4df36258d2a5c8456361f4b35aefa
SERVER_HANDSHAKE_TRAFFIC_SECRET c00a1c1773b68af5343ed05c87bf12ede66380620044af694e4d254bf7ab8689 e84aa804f54b0320896230c5abd7b65fc87eaad1a9fdc4105ba2b8463d31c274b9cd516a0139653f1ef07ac37a90c074
CLIENT_HANDSHAKE_TRAFFIC_SECRET c00a1c1773b68af5343ed05c87bf12ede66380620044af694e4d254bf7ab8689 bfafc87d95e50784caca38cec527d8baa3671cb9ad1d4248352e95375f28ccffa1e163ddb37cc6e700e2cd13bd6e27b7
SERVER_TRAFFIC_SECRET_0 c00a1c1773b68af5343ed05c87bf12ede66380620044af694e4d254bf7ab8689 96561ca1db7778f59b0c45a625fac6c203ac8167a053f0e50c36ebc7e628b984664f97f299ae3d0fe76f14bd3348042c
CLIENT_TRAFFIC_SECRET_0 c00a1c1773b68af5343ed05c87bf12ede66380620044af694e4d254bf7ab8689 fd4e57b8e2536c91b9dd37090dfa817166b67a3c400c4753ff3b7c17a19984044433cddae01abbb3435d72ac41b00840
SERVER_HANDSHAKE_TRAFFIC_SECRET 517f5a382117ed8616ce1b811126dcfdca30f74dc6b1b72cd36abc86cc3279c9 1e538d974fcce944d00c87cf79aa4c20704ad4d17ed9982c5f9e4a06d7aec1f380c2b74dee15bb14e33af2dcf2573a0f
CLIENT_HANDSHAKE_TRAFFIC_SECRET 517f5a382117ed8616ce1b811126dcfdca30f74dc6b1b72cd36abc86cc3279c9 e71d28c01bf9a60e3283aa638dbac6626e2699ed8cda4278d8c915aea0fee3ade2116c797151fe9f490999de8a14a153
SERVER_TRAFFIC_SECRET_0 517f5a382117ed8616ce1b811126dcfdca30f74dc6b1b72cd36abc86cc3279c9 4152fcdcc6fa3124753975b3c7f6e07e63a1574517d0a8dad141a2efa6203e0039e622c01c0008bc09c7abc7718bc62f
CLIENT_TRAFFIC_SECRET_0 517f5a382117ed8616ce1b811126dcfdca30f74dc6b1b72cd36abc86cc3279c9 2d311b7794a970157711788a682cb73a9a9fb5a23506b043b2db44750eb256b753103d3810b3357114d5618d5db8629e
SERVER_HANDSHAKE_TRAFFIC_SECRET 50a097381df914cd2c809d11e675b5bb99da6b5f3a2259cc6d07d8f17aea8dbd 1641e0a3c1d4362a694aa86bb97e6078c028ca407e10ffe51d909815ecad2b515dc5483037d329da95e802e2fe656475
CLIENT_HANDSHAKE_TRAFFIC_SECRET 50a097381df914cd2c809d11e675b5bb99da6b5f3a2259cc6d07d8f17aea8dbd f7137bd6743fe6c673eaf1e310fc157a4482ea460a36299f5e38b52bb079a97960fa606bc12abeb1e622ecd7f4da9e32
SERVER_TRAFFIC_SECRET_0 50a097381df914cd2c809d11e675b5bb99da6b5f3a2259cc6d07d8f17aea8dbd e1e05ff0caf73d9effbff5e67cab2819abcd0055268ebff40cb1d3e601a08710ac7e298eb5ae533cd21085b5a979b975
CLIENT_TRAFFIC_SECRET_0 50a097381df914cd2c809d11e675b5bb99da6b5f3a2259cc6d07d8f17aea8dbd 37a0e10c5329b3ff229fc492fe3a2fbf76fe6de3b21085a7056767e007c86dc281cb4e6d77d1bcd08b2c30c1f03fce8e
SERVER_HANDSHAKE_TRAFFIC_SECRET 05c6c8450570aa65401db9a0375d45cf7b744ee21bc0ed26e5d9c83e341dd52d 37fbd08b3041bee9f028779a0559d4327b2dafe0da6383a66864a5e2f21d38ee820ff67fff859de68c905a43076a2fb3
CLIENT_HANDSHAKE_TRAFFIC_SECRET 05c6c8450570aa65401db9a0375d45cf7b744ee21bc0ed26e5d9c83e341dd52d 8c1979dc701b0ab5d2cd75567f1522659af5e0df455d41b915145165cf015333b0403ae135777b3ae1f0ff3cf13b8029
SERVER_TRAFFIC_SECRET_0 05c6c8450570aa65401db9a0375d45cf7b744ee21bc0ed26e5d9c83e341dd52d 9d1bec6bc92ced97309351724f7e2a904cc5d9fb9c12b254073efadcc7cba00d8c0dec4fb4b4cd1e670434270789aa23
CLIENT_TRAFFIC_SECRET_0 05c6c8450570aa65401db9a0375d45cf7b744ee21bc0ed26e5d9c83e341dd52d 948fdb0475b6a077f1b59904d1d15b5a4b9f638a261255b3b1846d85c4deae178e91ab87361245062b534ee16ec02023
SERVER_HANDSHAKE_TRAFFIC_SECRET 6002622d4f591fd510ec4e3793278bcdbc3a33aec4ab2b3e03d34d90493436c6 d7d7ce4c9da4904c5fe024985c00a1cfd0116b46bdb850a7cd6ba8028a9737d89e7b378d136de6e312a36b413c5a0f71
CLIENT_HANDSHAKE_TRAFFIC_SECRET 6002622d4f591fd510ec4e3793278bcdbc3a33aec4ab2b3e03d34d90493436c6 0790a2a0c1ebcb7ccd427ef04fb233e3690b350d557c474934375a73e981c857fdeedb126c92bd587c67894c76bbd8a2
SERVER_TRAFFIC_SECRET_0 6002622d4f591fd510ec4e3793278bcdbc3a33aec4ab2b3e03d34d90493436c6 edc10bd318971fa5a732f23a2bf7ae1dc16cb8845a7911237dbc6f2878fee3bfc8c9152e1b9da26cdc0d9263ade21c6a
CLIENT_TRAFFIC_SECRET_0 6002622d4f591fd510ec4e3793278bcdbc3a33aec4ab2b3e03d34d90493436c6 a24a94dd8ef90eb1a643030d8eb98dd8e91b15f3f96f0c414019ab99528ff39a2b8323fd97436a2d8247a4b1d4ccac4e
SERVER_HANDSHAKE_TRAFFIC_SECRET e4c3c67514769ea3841c3a1f15feb3e0a7ca11d97b0ae92348451b8837f3e27d 1345407ada749a7bdd5c8ccd917ce734551dee141bda9651787dcf62aa1809d2adc9160849b51ef315012058d6c0b7ca
CLIENT_HANDSHAKE_TRAFFIC_SECRET e4c3c67514769ea3841c3a1f15feb3e0a7ca11d97b0ae92348451b8837f3e27d 9d03c3f804eac2e5c3c7b2da220db148c05978fc6bdc38f858f6f81ca19eb27548f97caa3f06fee9b4db4d58933e2437
SERVER_TRAFFIC_SECRET_0 e4c3c67514769ea3841c3a1f15feb3e0a7ca11d97b0ae92348451b8837f3e27d 211a79accb360e552b33965e894d1f9a5ab01c62fb6b90ca0f4dc35cd5dacefae9cf32e818961c4ce3225a4c986244ad
CLIENT_TRAFFIC_SECRET_0 e4c3c67514769ea3841c3a1f15feb3e0a7ca11d97b0ae92348451b8837f3e27d 080d21a44215f238478739a3e4ee071662ab842b4208da73072ebe6eadfef1144bc40fbdb6ae22a013e61c36d9c0df0d
SERVER_HANDSHAKE_TRAFFIC_SECRET e9f67afb75b464fcea9cfa6ae0ac182451c81160c28b771f8d624476d9bedc45 dd960e0af64f342f7d128f1024263d4f41d2eb5be3d90ed3d24203d110fe6dc70cedf57016b741a44c4a0200c8db1e2b
CLIENT_HANDSHAKE_TRAFFIC_SECRET e9f67afb75b464fcea9cfa6ae0ac182451c81160c28b771f8d624476d9bedc45 a52a49c3d067d3b88f08260676778883d17845b016a5ddb866761c0f7cf8f9b8d951914c035052ed7e1fbfb084f22cd3
SERVER_TRAFFIC_SECRET_0 e9f67afb75b464fcea9cfa6ae0ac182451c81160c28b771f8d624476d9bedc45 1871f8706724a1a0f012587fe311aba69435291e24b8d8fe666bbef0b34b7ad4842be1aa6333a9c037063fe140df2096
CLIENT_TRAFFIC_SECRET_0 e9f67afb75b464fcea9cfa6ae0ac182451c81160c28b771f8d624476d9bedc45 979cf6352c9a25ebaeef9ff2dd28332229fc71eb1d3d9df64f2191ae9954ad6559976052245fa0be80faca77fc814f6c
SERVER_HANDSHAKE_TRAFFIC_SECRET e0b32b7ceadc182f9bac34846c94306761091a7a58a1169df2eb24d59854f01a 9a8da5b057f0e0bcb3c3df05266f4956f1bd5427e3fefa8284eb9b9f60c519dcbac38f66a9dce57b61fd58ff11f66e69
CLIENT_HANDSHAKE_TRAFFIC_SECRET e0b32b7ceadc182f9bac34846c94306761091a7a58a1169df2eb24d59854f01a 638bba575fe444e71955365ca77b3ee9d15d6ab37aa8a0423257dd4ebad13b9c2f0a43185feae1a6c1c2c8a92ed3182c
SERVER_TRAFFIC_SECRET_0 e0b32b7ceadc182f9bac34846c94306761091a7a58a1169df2eb24d59854f01a f4070a69e22b42974d8588d8b847d2c6a20fefce6344398eaa099cbf132d361efbc33fca6cca6a24b57b42eec6a4c4e7
CLIENT_TRAFFIC_SECRET_0 e0b32b7ceadc182f9bac34846c94306761091a7a58a1169df2eb24d59854f01a 95aaee77eeecb805dae60aa2ba8c9eafe4924048e008b34e030c587e2cb79aea7bf8dd303cc53aa8d127dec5267f71c2
SERVER_HANDSHAKE_TRAFFIC_SECRET b0e17a39032c46056d11c339321194bfa7beec38509574262db3889dfd98b4de d219aa82d16d72911136e24a931517c7dd5577190067d407d37588518316be9dbd5a2cfe8161cae8edaf05fc4f2afef3
CLIENT_HANDSHAKE_TRAFFIC_SECRET b0e17a39032c46056d11c339321194bfa7beec38509574262db3889dfd98b4de 554432b2c13d35ede838ca69d065e894c8743dcdd720055a7d69218cbf5dfe03056892125dd904be2877ddcb0661e373
SERVER_TRAFFIC_SECRET_0 b0e17a39032c46056d11c339321194bfa7beec38509574262db3889dfd98b4de 5593c9407d161acedf15c28f7c63c6c75af451df171b7a6b75658bdf213135eec4fbf742522dccc479d4d51fe3273fe7
CLIENT_TRAFFIC_SECRET_0 b0e17a39032c46056d11c339321194bfa7beec38509574262db3889dfd98b4de eb2c69ae4d9f080005b340fbfaf287a043138709408971263b1a206540d0605556198de0ed6d67c612d7b5f74b3ec451
SERVER_HANDSHAKE_TRAFFIC_SECRET d1f50b3589cd4ca21ac20e0bf29e8889cd6449dec06d6a64f57ef109d0907231 3ccc313ea01264bfb138448a1814318826495a138f2d48630477774697a705d163f9150df2a60c5d1f9feaa465bed4c7
CLIENT_HANDSHAKE_TRAFFIC_SECRET d1f50b3589cd4ca21ac20e0bf29e8889cd6449dec06d6a64f57ef109d0907231 5650b5c23f61aa48a3be8b0b97ab356c59263316e32a51dcef1fe36f6f50f179513d996e63d8a970fe1c05f964ccef81
SERVER_TRAFFIC_SECRET_0 d1f50b3589cd4ca21ac20e0bf29e8889cd6449dec06d6a64f57ef109d0907231 b0e1a2cbcaf1fd8d691a46c065d2ed46a634112fde4057a5762c4fbfebd2ecdb3b9e0374aad7aa0a6434b09dd895310e
CLIENT_TRAFFIC_SECRET_0 d1f50b3589cd4ca21ac20e0bf29e8889cd6449dec06d6a64f57ef109d0907231 239830dca6a0df212b95ae9b11f9ddd219c339fdf109f6089a970e914689d5cfee2755a7a0a08ce62fdc0b20c8d40afc
SERVER_HANDSHAKE_TRAFFIC_SECRET 61793dc16c429f04df21384d83c286eae7b802a7d13c2841944b6b1c9a779080 66313fe2e5493c773d432b4a4f5e9e82179418d894435f465e63db4c5adacec73b3ae10e6edb0b29f0fd2aa94aab6481
CLIENT_HANDSHAKE_TRAFFIC_SECRET 61793dc16c429f04df21384d83c286eae7b802a7d13c2841944b6b1c9a779080 105094e669d25abed06d22d80d510606ae011a42f8023c90a1a5b116ff0483da1819297848fb6b8edee08f9bdd42f8d1
SERVER_TRAFFIC_SECRET_0 61793dc16c429f04df21384d83c286eae7b802a7d13c2841944b6b1c9a779080 d1e2414488aae1a7313788c5e3e90978943243d282409746217ae8726d16841e82aec433b1b70b91f26fc7f2b2a13bac
CLIENT_TRAFFIC_SECRET_0 61793dc16c429f04df21384d83c286eae7b802a7d13c2841944b6b1c9a779080 b0df2b6e5c32c09e62c47a90b1431b37396fdbb55ad2cc3424fcc58033e58f8a233cc07d38be6ee802d881f5d8aa2f88
SERVER_HANDSHAKE_TRAFFIC_SECRET 3101fe37057947609bfba097dd24f2b6b81a3f75bcc473f23888e15d335ddb36 aee691afe25d8bfdb10db12c567efac8c2c9e1749cba7933a3be2f37461cdb1f0e7537cb119d677ce0ce1c70c2076e37
CLIENT_HANDSHAKE_TRAFFIC_SECRET 3101fe37057947609bfba097dd24f2b6b81a3f75bcc473f23888e15d335ddb36 269d373005bb571a25cc71df1cab009459e31a06e77a194dc12e51120e13e1e6180edb09939b5d2d4e5914fb7e238a41
SERVER_TRAFFIC_SECRET_0 3101fe37057947609bfba097dd24f2b6b81a3f75bcc473f23888e15d335ddb36 185214e3ec30a30760f72bc9a5c40eadb54bc2e44d8c8877f9979afe2e7fd972473f6dd0ef81e8e486601456d64cf86b
CLIENT_TRAFFIC_SECRET_0 3101fe37057947609bfba097dd24f2b6b81a3f75bcc473f23888e15d335ddb36 cd782e6b9d2ced6ceab8d1ddd9798d1b3fe05785b4f61461600dcdc9660bb5c229544e6f131f627b875ed10369af00d9
SERVER_HANDSHAKE_TRAFFIC_SECRET 69e2d074d678be20909bc8692279d4ca9b142b17876ae05b1a1ae265b51dbac6 ab1bbf4cbe589e4f675d187a5b367e4f5bd3423affa44708948e54f3f094fb105a6a2a105a04f14bc7069d5eac5b9de0
CLIENT_HANDSHAKE_TRAFFIC_SECRET 69e2d074d678be20909bc8692279d4ca9b142b17876ae05b1a1ae265b51dbac6 1dec5aa535b68cd4bd5632e4d3ed63d7c79282b21452bd8799722e89392b79b19dcde018407375c5db6e285ac8272e7a
SERVER_TRAFFIC_SECRET_0 69e2d074d678be20909bc8692279d4ca9b142b17876ae05b1a1ae265b51dbac6 50b2a862f69de1628a1b2c089357faa02268da402577aa3e75c9a7722d3f7a772697f49187bd639cc4112180968455db
CLIENT_TRAFFIC_SECRET_0 69e2d074d678be20909bc8692279d4ca9b142b17876ae05b1a1ae265b51dbac6 cf6e9f8afbff825418e25091c22edc9c815f1a38625744a8f46decf4b81aaa5b7f1ff5aff4264fbb9b8ecfa9699ee644
SERVER_HANDSHAKE_TRAFFIC_SECRET 422fd0492a4584faf87aefdd0e1cf5377025fd68af20be14f95de8ace87abe2d d3229ba9ae19a1bfc25d4f9316e1165dadecd3f905f60f4205b1c75f9745879745a6a3f0f2e98ccb53f8bda29318d142
CLIENT_HANDSHAKE_TRAFFIC_SECRET 422fd0492a4584faf87aefdd0e1cf5377025fd68af20be14f95de8ace87abe2d c5bed897f45526b5310535c7ce57a2cca864f9e7114556cf514a3e8609032d7f778ebe2036e73b827d579261d74e9a6e
SERVER_TRAFFIC_SECRET_0 422fd0492a4584faf87aefdd0e1cf5377025fd68af20be14f95de8ace87abe2d bafe632562e6820729d04d49aa6911c51c66a52cc1e013ec47e15595a5081e3d3cbd9ac6c5e1d63c4ae5329e1d8d3328
CLIENT_TRAFFIC_SECRET_0 422fd0492a4584faf87aefdd0e1cf5377025fd68af20be14f95de8ace87abe2d 56d0656cba597465b618af2bb779f211f00b23d04902ccb0c729dc9e9715e2f24444cb6ce1ea87619eb46edcac166155
SERVER_HANDSHAKE_TRAFFIC_SECRET 274ed5351d47b2bf8afbdf6d7ec9dab11449a7739591eb375b35dfc6e7531fb8 fe158c05d7d742d698595fb5e8478424f74e943e7d4d97eaf83f86c4f40e990f0f5d9e67ab1056bcb5b1a8d06530634d
CLIENT_HANDSHAKE_TRAFFIC_SECRET 274ed5351d47b2bf8afbdf6d7ec9dab11449a7739591eb375b35dfc6e7531fb8 863de70bcab244cd88ce0b608cf37cee373258251943545791e2108e9ac6737fab5627092b5f57aec22014cc171ece1e
SERVER_TRAFFIC_SECRET_0 274ed5351d47b2bf8afbdf6d7ec9dab11449a7739591eb375b35dfc6e7531fb8 4c7309402053dca79db1db27a91d69774770a22839b1b571df765f9d1ae73e513d72ba2e98257cee1897887ecd0d6e77
CLIENT_TRAFFIC_SECRET_0 274ed5351d47b2bf8afbdf6d7ec9dab11449a7739591eb375b35dfc6e7531fb8 c86e95f42c7ead1f64122a97756219a47099ce88d975054e534811bc5438c7d9ab3e13adb99df1db88d69aaad233a9c9
SERVER_HANDSHAKE_TRAFFIC_SECRET 27383e80e20711b1bc83b6386eeb9a7ea7a6d9d27700a84d9d20fe26d0bb26f7 6e7786c8a5a7dce393a894cc6bac64044f55d301f4b4f51f123f1f59e7648001460ce705c1bbc498056579beb67655c6
CLIENT_HANDSHAKE_TRAFFIC_SECRET 27383e80e20711b1bc83b6386eeb9a7ea7a6d9d27700a84d9d20fe26d0bb26f7 e1a2f5ba471c7ce0b9513031f0ac9a93d03c2c62faf4e860594225b25cb783442aeed8eb2325f6a9c46e8eac735c0bff
SERVER_TRAFFIC_SECRET_0 27383e80e20711b1bc83b6386eeb9a7ea7a6d9d27700a84d9d20fe26d0bb26f7 88dda0d2d7e6cec9e02a2acc140adf774aa9222fb9bf4c091fcb5a928ef55820e12885fe5fa273c99c3ccdd955111bda
CLIENT_TRAFFIC_SECRET_0 27383e80e20711b1bc83b6386eeb9a7ea7a6d9d27700a84d9d20fe26d0bb26f7 897475921f286d95c661cd27c6dfddb6ed10e9a9169814d7d9e99587e79e27bc7ba98754985ece11ec69c0815163671c
SERVER_HANDSHAKE_TRAFFIC_SECRET 19d0c7f29deb8bcc5cf1526ebce239e7a721daa8fbfcdfd054e791e5aff16c0b 37224dcb4401c8000029a6fdda7878bd50a72a8a5dce188e00de3bae4eb23d3f3497d36bb081e949b7a326bef950ab7c
CLIENT_HANDSHAKE_TRAFFIC_SECRET 19d0c7f29deb8bcc5cf1526ebce239e7a721daa8fbfcdfd054e791e5aff16c0b ad267e360062ca646a428df8c2d1265fb38d34faf8159dbe0f2dfe6e11fa3eec03f373e2693bead7a6d42c45c51f1bd6
SERVER_TRAFFIC_SECRET_0 19d0c7f29deb8bcc5cf1526ebce239e7a721daa8fbfcdfd054e791e5aff16c0b e36bf73c8cb7a5cfaee50c08eccbea9a6c6b8d797acd4a33fb72db4d4b5a68c87563257057f87db7a2cecd4bf996d271
CLIENT_TRAFFIC_SECRET_0 19d0c7f29deb8bcc5cf1526ebce239e7a721daa8fbfcdfd054e791e5aff16c0b 59101ccd11e75224f12d76d88ebe3426c483964ac7a27b917eafbdea6ba6362ac1004d7147cd170ad8b87e6fa4a2d52f
SERVER_HANDSHAKE_TRAFFIC_SECRET 22b19c132bfd4b3360340fa5fedea97c13bf4586346125f47180e4cb0f2bce01 41b1f1f78200ed0f329affdc9cf0ce7036b63df09234089403f288620d858e4a9f1ab97551b821a8a6216c4097fcbceb
CLIENT_HANDSHAKE_TRAFFIC_SECRET 22b19c132bfd4b3360340fa5fedea97c13bf4586346125f47180e4cb0f2bce01 a4a9f5facebf8f8dbd60bc1bef88815aabbd39e4057db7fb63b7042e8b6cfc8fcddcaed69c6ee262ebb4b35e2c76a0e3
SERVER_TRAFFIC_SECRET_0 22b19c132bfd4b3360340fa5fedea97c13bf4586346125f47180e4cb0f2bce01 dbf20e508194506ab9e627791237c5da0e00d00b1a0bd36b6bef3aec348b0964caeadadf6c69acb3d831c5c597db5236
CLIENT_TRAFFIC_SECRET_0 22b19c132bfd4b3360340fa5fedea97c13bf4586346125f47180e4cb0f2bce01 43dd6d540f0048c2c25d732e26867e5cb2c653fb9b5ac756fce09378a5ef3360410d0ec7f8e712fc02a8bd7818f0a22e
SERVER_HANDSHAKE_TRAFFIC_SECRET 7ad2971360c19bca7ce119eb80e3511628c91f14e5b803f2b798d65cd059003b 174e89b4555d3694b28316a6c53d0947311cc074ffb5e053148cdeaab413fa632d8eab55f95b8c9e8a9a3ae3add28ebc
CLIENT_HANDSHAKE_TRAFFIC_SECRET 7ad2971360c19bca7ce119eb80e3511628c91f14e5b803f2b798d65cd059003b a196b937853cb83083a7c3d1c0f9e64a53ae17bb289b605d4dd0387849cfc460ddba778de6cf5fbf041037be7298a89a
SERVER_TRAFFIC_SECRET_0 7ad2971360c19bca7ce119eb80e3511628c91f14e5b803f2b798d65cd059003b c1b4f04cc396a54252ed3d90d2a62d7306d8fa2edef5d63f11987ba57de74baebdedca19037441b83b32bd7773c00406
CLIENT_TRAFFIC_SECRET_0 7ad2971360c19bca7ce119eb80e3511628c91f14e5b803f2b798d65cd059003b 799bc90c24e7b4a165d76f1b9a1968f1d56a55db53ce3802696d8073dfaab2cfd98b0a4ad5224fdc39fa627413d955f5
SERVER_HANDSHAKE_TRAFFIC_SECRET f78345475345e40e2fb95dec753f0dde314003b1711201590f6c0f3d71fe8758 ebcff0178a58932499ce8fa09fa0d6b6b70f26b7fadd8a8d28103ae89f7c4afc43f9c09fd527d1add73e52329ec2c5e8
CLIENT_HANDSHAKE_TRAFFIC_SECRET f78345475345e40e2fb95dec753f0dde314003b1711201590f6c0f3d71fe8758 82723de08b4e8239c593dc7fbeef13941e1334bc83aa6ca590cf37e2cbb885d84fe7f135ceb3746d115c5e67d27380ab
SERVER_TRAFFIC_SECRET_0 f78345475345e40e2fb95dec753f0dde314003b1711201590f6c0f3d71fe8758 cb1b06020d4b8a830544caedf9378368c5b13d173a56920365b3b9ada16ab2b4e3b63a086f9340e5b50c606bb06a2d55
CLIENT_TRAFFIC_SECRET_0 f78345475345e40e2fb95dec753f0dde314003b1711201590f6c0f3d71fe8758 2e7580d1e35c7e6f4d379f74476d08e93039b5252ab8990e7dc2462955a5e6618d19f35ce36ba489d3be63988b074106
SERVER_HANDSHAKE_TRAFFIC_SECRET e8ed57cc7f6dc5a6daa3834765664d48318578805f60dd000ed1b187f04d1269 59b6d19c3a07b2590abba2ea56f7fa44cda4fcdd3b1b98ee3e13ee9c8ee8673f1ffcaa4ecbb8273925c6f64b194a34a1
CLIENT_HANDSHAKE_TRAFFIC_SECRET e8ed57cc7f6dc5a6daa3834765664d48318578805f60dd000ed1b187f04d1269 a2f6b60cf6ded7cbbfa66615a38551f97b444d59da894e5dac33fb3ed4a96748a17fa94caa8b56dd7a7a09c378628d5e
SERVER_TRAFFIC_SECRET_0 e8ed57cc7f6dc5a6daa3834765664d48318578805f60dd000ed1b187f04d1269 2c84170a484676f4225c13d55f575f3b375a89be09c2e740eb018506d45f1daa8cd780d71d292690e590dd8dd2039a07
CLIENT_TRAFFIC_SECRET_0 e8ed57cc7f6dc5a6daa3834765664d48318578805f60dd000ed1b187f04d1269 713c25f2625792394f2792c8b5979907cca469a619aa7470e4ed13df330810edcb3f92ac95aba7ba06bc0d573f23c9a9
SERVER_HANDSHAKE_TRAFFIC_SECRET a4b1c449ca91d053f4ea9e9b7e9d7ea7492754b64bd247de58c715f87b7c7611 860632d2feb1a41df8584649f1c73e2d18c3f3472418161ba75f36b38ad0d5d08652699e54b989da46659b7e8d4b74db
CLIENT_HANDSHAKE_TRAFFIC_SECRET a4b1c449ca91d053f4ea9e9b7e9d7ea7492754b64bd247de58c715f87b7c7611 14c5894fba6a1f07f3f2c143c299c58b1b1a635d9c6509276ff3f6c93871479d6aa3ed7067c4c93a2fdaa46497474147
SERVER_TRAFFIC_SECRET_0 a4b1c449ca91d053f4ea9e9b7e9d7ea7492754b64bd247de58c715f87b7c7611 5835a3f51cc376f290754fb91a909d93a1e402815d527e55472fe9fe6924bc094db08219ea0a440be1928267fbb8773b
CLIENT_TRAFFIC_SECRET_0 a4b1c449ca91d053f4ea9e9b7e9d7ea7492754b64bd247de58c715f87b7c7611 23c02138135e2fb5d41c306fa82aaefde0696d8896d1229012b4e6a7d276c9982fa78fef5b2b7a8fd207f36b081f1b0e
SERVER_HANDSHAKE_TRAFFIC_SECRET f1a05487279b1719528fc6d673217064461fbca428d84d7a98dd04f7aab1bfec a922858211b093700ff22aecd5a69826651a1f4d2b9ed41d6462c5211e751b9735c9a1394ee81791aef77ae2c3f29edf
CLIENT_HANDSHAKE_TRAFFIC_SECRET f1a05487279b1719528fc6d673217064461fbca428d84d7a98dd04f7aab1bfec fbe6eb1f352b0b27c079c70813457f04cef7e3f7ec2ab9fb14c7a142bca2b5dc07a751f72841df40c69d9b1fe2203d46
SERVER_TRAFFIC_SECRET_0 f1a05487279b1719528fc6d673217064461fbca428d84d7a98dd04f7aab1bfec 1bb1cd136ecb53b2bd05a92754828c29e094ba8606c0cbdc5da090a8797a938af26a1cc39a12729aa2e7810ca00aee5c
CLIENT_TRAFFIC_SECRET_0 f1a05487279b1719528fc6d673217064461fbca428d84d7a98dd04f7aab1bfec 7514999eaf8177591470d35ce19a2d7c60f5a378143a13da96c70fffe182a6d0e97c864b225efc190a027d68db5287e6
SERVER_HANDSHAKE_TRAFFIC_SECRET 502bb3c058eda92dee6ce231857f4d4c7a55c5d9b17ff29f053a1a21fbb6cf39 e2052cbceec54f01f342e19fb4641e16379793688fb69109efebf933d4917d4e0a8259242f1794b819e0889fe604b2a2
CLIENT_HANDSHAKE_TRAFFIC_SECRET 502bb3c058eda92dee6ce231857f4d4c7a55c5d9b17ff29f053a1a21fbb6cf39 839686ac4d0eb2b82e14b6df4527859fffb6b3cf42e22707940eab1be97925a93804436c9d0bd49108f8ed8ec974eba1
SERVER_TRAFFIC_SECRET_0 502bb3c058eda92dee6ce231857f4d4c7a55c5d9b17ff29f053a1a21fbb6cf39 86f67cb2efaca2f877024039bd2679099c23dae3bbba5ddd966acaa670e89428b1a63567ce0281d6a9ab90f94dca40a4
CLIENT_TRAFFIC_SECRET_0 502bb3c058eda92dee6ce231857f4d4c7a55c5d9b17ff29f053a1a21fbb6cf39 464a0988904dc5e1f79bf6ff9a3ffec00685f2989513362f50b9d9fb972afd2389b21f0b72c408c5d97e14d3095132e8
SERVER_HANDSHAKE_TRAFFIC_SECRET 1f3e8d81abd3b9900370c08b8596bed339fbe314a3d131176e55fc48ce4a2d3b 27d35a9fcdea099002686877479a140d48aa16414357187f4cb1c73e6b793a3987d13f6dfed6b4e77156a8ff87f8f73f
CLIENT_HANDSHAKE_TRAFFIC_SECRET 1f3e8d81abd3b9900370c08b8596bed339fbe314a3d131176e55fc48ce4a2d3b add57bcc9b0464a809027feb4eda53f88b3fc55119007c9045669dbcddaaf67f11fd4b22f0534335e16e23cc930a1c9d
SERVER_TRAFFIC_SECRET_0 1f3e8d81abd3b9900370c08b8596bed339fbe314a3d131176e55fc48ce4a2d3b 56159d8466d910d220bd7301c50d4478ac883d1e14d1ec0f2f38ce083176911113ecf56673615abce0e5aacf5ee4341b
CLIENT_TRAFFIC_SECRET_0 1f3e8d81abd3b9900370c08b8596bed339fbe314a3d131176e55fc48ce4a2d3b a0c2d6dc7dcfe3f226a088c5bf5801081afdfd2fad0859b8c3c42b882f606bfad797593590115b49ea82acd799f40ac7
SERVER_HANDSHAKE_TRAFFIC_SECRET d2d24b95a1af4502c89c47264ebc963452a6a889663df7f6021404494182271d 20754fe9d7232eca091397594cb44b3fe3a82c80ff16e390adc8d153a5bddc335a94436cd1aaf3778313feebf0b8dd1d
CLIENT_HANDSHAKE_TRAFFIC_SECRET d2d24b95a1af4502c89c47264ebc963452a6a889663df7f6021404494182271d 9ac8301abd0888798c29393efb21a8a6adfbbc52c1e945ec4838a40552653608fa50b76589fd53f288e0f7d2545977ca
SERVER_TRAFFIC_SECRET_0 d2d24b95a1af4502c89c47264ebc963452a6a889663df7f6021404494182271d 176b7634ad9865956db1ba41388bed4cd034453bb6aa3cf886986bd5429f210a4847009d021dce1f83bef4a952d31328
CLIENT_TRAFFIC_SECRET_0 d2d24b95a1af4502c89c47264ebc963452a6a889663df7f6021404494182271d 4e9f900ac2f2310005c2246f7b4b0513a558c60d52a97b466f4c1c39b212fa38971f39b087ec7b00dee87091a39945ac
SERVER_HANDSHAKE_TRAFFIC_SECRET d177cdcfcc4033a414f38ed3bcc2d9764afa0ec05e4e6ee101b07572eefb354f f49247755a07c51b0549e37577981dce48e60e193504dd78caa1bc6fb200c7e615f2516d4039f4753cdd7447cdff035d
CLIENT_HANDSHAKE_TRAFFIC_SECRET d177cdcfcc4033a414f38ed3bcc2d9764afa0ec05e4e6ee101b07572eefb354f c1f2e24d2a1dabff64b846e261bed1d5f79da2422a52996901f173acc4cb6251f22b4bf76e8b849f20845e32b6ccc60c
SERVER_TRAFFIC_SECRET_0 d177cdcfcc4033a414f38ed3bcc2d9764afa0ec05e4e6ee101b07572eefb354f 0fd71d817f9aa26bfaaaaf2ddc3273351c0c09bc56ee69a032204da8d2ca3ea0f5e260f85378b7872fa31e34134b4be5
CLIENT_TRAFFIC_SECRET_0 d177cdcfcc4033a414f38ed3bcc2d9764afa0ec05e4e6ee101b07572eefb354f dcb2f488aa5bd262a2ebbd3427be9462d959fd91937029c9b2d82b187f323bf18f46e2b2e2f1f8a34d7881988bf1be31
SERVER_HANDSHAKE_TRAFFIC_SECRET 22d8ff97d42bd7b2899f174476b4ec0ede77d04781e9a9605679582c18177afa 821d6b104d179685bb0b1b2bdcfa16a3bb3ebb5a622fce1310f097c9c2dffbf6a4eb6e6e56d6af7104f32954ba4c980d
CLIENT_HANDSHAKE_TRAFFIC_SECRET 22d8ff97d42bd7b2899f174476b4ec0ede77d04781e9a9605679582c18177afa 25b1b1bd11590c0047f57245e9d728eba089656c9f5fc8439525c9f4df91ee86ea922c544a8f2768e984811746e7fc05
SERVER_TRAFFIC_SECRET_0 22d8ff97d42bd7b2899f174476b4ec0ede77d04781e9a9605679582c18177afa 9276166cb867d53c4f04a74724aaa4e9ae20e0fcdcfff9af0201ffc58f2f02ce89e57d3c9eea0f23cdeabb4d8c3bf54d
CLIENT_TRAFFIC_SECRET_0 22d8ff97d42bd7b2899f174476b4ec0ede77d04781e9a9605679582c18177afa 4d4e8469aacd7d035abbb11e2db928aa86b9dd1134fa62b8084c69de3d4c7b90c2099b74dbe9354da17e6cfdb76f45c6
SERVER_HANDSHAKE_TRAFFIC_SECRET bc13eb4ea5e61a8241ebe8bf5c209b4790a6dfd145ef4adb5ad07d5a539caac6 1674c73ad9f872207769fb6cfb6bf7f8bcf4f0e4504dcd3ec9b7ffb5164751be6eba1f972278d5233c7fcabeb250bb98
CLIENT_HANDSHAKE_TRAFFIC_SECRET bc13eb4ea5e61a8241ebe8bf5c209b4790a6dfd145ef4adb5ad07d5a539caac6 e94cd4b4df4b345260945ff037ab6c48ee3f8563c995aff3068daaaab1a91dee0722a2827cdb588a755a8184a9c137b5
SERVER_TRAFFIC_SECRET_0 bc13eb4ea5e61a8241ebe8bf5c209b4790a6dfd145ef4adb5ad07d5a539caac6 982e257d52ec03db945e3f02dbd0c2c1e3e791d85a39862e6c0eaf2ffc6d30d7c0630af612af5e0296388a1df9292686
CLIENT_TRAFFIC_SECRET_0 bc13eb4ea5e61a8241ebe8bf5c209b4790a6dfd145ef4adb5ad07d5a539caac6 06b89dd0be2ce08c45faba444766d21267f8c8f9764b53c12d0ace5bd1d1011a0de33a607af16df5273936d87c62efac
SERVER_HANDSHAKE_TRAFFIC_SECRET 089ef4c7e477811803a627d3b959eff5d58f7c112465324f88701a4ddd07d021 9a84bdf81ad3728a34204b140453ddafa8dd665dbaebfd5dad5d513dffc802af833e2386d0b74f4175a4a9cefd2ec5fe
CLIENT_HANDSHAKE_TRAFFIC_SECRET 089ef4c7e477811803a627d3b959eff5d58f7c112465324f88701a4ddd07d021 6b0384c7eb7f1df224bbd1445abbdb830445a18fa7bb3140771a523deba0936e8ad656632d4ee8264b85fa5edbbd177e
SERVER_TRAFFIC_SECRET_0 089ef4c7e477811803a627d3b959eff5d58f7c112465324f88701a4ddd07d021 2bc632d49faee9cfe3364d26f86d6d12cd409f9141117e86eb7dbcd05b9f5dbaab2335d8d886512297c298fab251c64a
CLIENT_TRAFFIC_SECRET_0 089ef4c7e477811803a627d3b959eff5d58f7c112465324f88701a4ddd07d021 8958ae4f2e579f6f00b60aada7375c175c18f223cbce50b71c56de9ac7c6c88a37d89617954cd5755b7b81b19e86f4a3
SERVER_HANDSHAKE_TRAFFIC_SECRET c7e498a897ce1d55e1a80addb075732a02ced38e8f28d2f27f9af320841aaf7a d4b25e8d7daa2c13ebdcc399add60d6ffe0aed3d7fd12373b2b2eafeab87c6113310101abbfeece400849fea5f976f0e
CLIENT_HANDSHAKE_TRAFFIC_SECRET c7e498a897ce1d55e1a80addb075732a02ced38e8f28d2f27f9af320841aaf7a 8aa173ea05871087300f86f4b0c8763bc7a66306addc95fbf10083e9cfa1ecb10b603e1def49b34b989586f409aa56dd
SERVER_TRAFFIC_SECRET_0 c7e498a897ce1d55e1a80addb075732a02ced38e8f28d2f27f9af320841aaf7a 4bafbfc813e409b30c509479cf91859e07ffadca7d9fc50c0e3207225e204fc569ad61717110d5bbcdfd91f59c8dc959
CLIENT_TRAFFIC_SECRET_0 c7e498a897ce1d55e1a80addb075732a02ced38e8f28d2f27f9af320841aaf7a 2df8385bdef257b9a193ba7fe588cc89dffb412cacf214a18738d40f90e4d68cffa0082af96656f927ff7867c79381b9
SERVER_HANDSHAKE_TRAFFIC_SECRET 0913091ee49bf0a8d0b6199449940fe742e2985671fbce88c111e26b0f50c684 3bdcb6fe38cc98285e85c10e6dfc30765b5a729f63feec641ad4ac8520864377b1457443bc47bd9deb538d5debe0c65a
CLIENT_HANDSHAKE_TRAFFIC_SECRET 0913091ee49bf0a8d0b6199449940fe742e2985671fbce88c111e26b0f50c684 c70ce0160a56faca4e8cf77f13b2a4a6989fa9a97d173dcdddf6c70d00fb7855a07c6f73f80bdfa5d8dc5c3b5c6a4b48
SERVER_TRAFFIC_SECRET_0 0913091ee49bf0a8d0b6199449940fe742e2985671fbce88c111e26b0f50c684 5d2e441dd16151288fe9a146b9d8892da9422f636b44fced580f44adbef794dc28359bbabfb8aa7e8e72339555e8d219
CLIENT_TRAFFIC_SECRET_0 0913091ee49bf0a8d0b6199449940fe742e2985671fbce88c111e26b0f50c684 0ddc4524b843ad5683b48d7923cfaef9d58b9c104c4199febba12b293bbd25f465a0fe1af491d77474d3b878f25ee800
SERVER_HANDSHAKE_TRAFFIC_SECRET 2dc0d24a14a8fda9dfda9ebd1c577c13c127c77451f9759987eacf3e36dfb325 c7e75cf7483071b7372aedc2d14e0820147c8f16fbe9f9e8d815deda919d543ff42e052d39bf12a1202df56a46939fa7
CLIENT_HANDSHAKE_TRAFFIC_SECRET 2dc0d24a14a8fda9dfda9ebd1c577c13c127c77451f9759987eacf3e36dfb325 d89f26bc652b8e3dd37ad3ffdf27d86b3fff1cf23c29a68e84559dada27519d037ce12ee900186e7163abd30ea60f197
SERVER_TRAFFIC_SECRET_0 2dc0d24a14a8fda9dfda9ebd1c577c13c127c77451f9759987eacf3e36dfb325 071430e31e88dd4514549f7f821739da8fd06315ea82e0cb548509e24018c4793827d244fb3301de6e341a9a1445b5c7
CLIENT_TRAFFIC_SECRET_0 2dc0d24a14a8fda9dfda9ebd1c577c13c127c77451f9759987eacf3e36dfb325 0d98bfb8e18bb80299f85a3f3f20b6b99445b2bde40a0ad50b57063d9690ee114f1101277d44b18dafabea540873102c
SERVER_HANDSHAKE_TRAFFIC_SECRET 00515613f8c9ab20325eec0334bac9ac13203d291a6020440dca232797dcb177 9fcbb3ddefeaa98921cd8d651c52f21b891a0e65315958e3ad371d81eb33289f7420195caff92fc9262ea494b6cea8b0
CLIENT_HANDSHAKE_TRAFFIC_SECRET 00515613f8c9ab20325eec0334bac9ac13203d291a6020440dca232797dcb177 9747ba7665963d4de3961553b126eb37799962aaaddba042039ba8d33bef7b4c3cf1448788a7bfe8c1079de8a3c70a79
SERVER_TRAFFIC_SECRET_0 00515613f8c9ab20325eec0334bac9ac13203d291a6020440dca232797dcb177 c94e190cb78b5f809808a90a45b5b0b70bfe26a93d0c5c242db27c99749927e9c9506905185b94e00bca84c2f8354459
CLIENT_TRAFFIC_SECRET_0 00515613f8c9ab20325eec0334bac9ac13203d291a6020440dca232797dcb177 7409f7ce5d600cfff117cc1f9cd9b7c7de9d5aa7da129e398c58727b7c1eadb4e8bcd2555ced209b140288b0d64573b8
SERVER_HANDSHAKE_TRAFFIC_SECRET eaa4b8e92cb213dd090da697c7e90f89af199c3da89a8ca6e5baa359ea73a794 6d35824985e8d2d8fbc6d3af84cf27293ad50df14c2f1a8828f22dcb8abd0507dcb9b17474eec35879c78f5fbbf7f19a
CLIENT_HANDSHAKE_TRAFFIC_SECRET eaa4b8e92cb213dd090da697c7e90f89af199c3da89a8ca6e5baa359ea73a794 e90557dd26df74ea9372f9e94af4e891e964c88fe2bb3974c4cfa5b8676f5adde7aebbcbeeda3c9557f31a1c5e3e2a36
SERVER_TRAFFIC_SECRET_0 eaa4b8e92cb213dd090da697c7e90f89af199c3da89a8ca6e5baa359ea73a794 4b3f8ef7068237c23474ae493dcbbd8fad9cd85749980a51dae09991d93ed1dca0d34198ef9d589aad0f579138b2b3b4
CLIENT_TRAFFIC_SECRET_0 eaa4b8e92cb213dd090da697c7e90f89af199c3da89a8ca6e5baa359ea73a794 beeebd29ebde4ec5386de308e940c83c3314fed5199aa36d1820905fc87e98ed53cd0ab31a0517f0f25f418456eaf63e
SERVER_HANDSHAKE_TRAFFIC_SECRET 58df9cafb0da4a4e3914da3a6077fffbb8170a7eef0d53f129e7264b2e66564a 7e818db86dd62cfbf2a4ece2a4aa167d0f3c5bcacb3d032d5ec79f39b4c5d4bbd65558355b82e2442f8a4ac42bc2834f
CLIENT_HANDSHAKE_TRAFFIC_SECRET 58df9cafb0da4a4e3914da3a6077fffbb8170a7eef0d53f129e7264b2e66564a 19f6d9e90a6621eb6ef878f254a61a359bab544620186308cea43f6058d688bae97d203142019440a7fb3a0420286671
SERVER_TRAFFIC_SECRET_0 58df9cafb0da4a4e3914da3a6077fffbb8170a7eef0d53f129e7264b2e66564a 06e1199bab3b39b466698d729d60ad2c72a0e8dad17ca02829171483adfb57502a23415d18d7fea45844d378708e8d12
CLIENT_TRAFFIC_SECRET_0 58df9cafb0da4a4e3914da3a6077fffbb8170a7eef0d53f129e7264b2e66564a 090a4093bb13851c8feefc511af7d9febae6025f1ea5eacc13e704c67a50018b4d467a0f477942a78fab016365cf3a77
SERVER_HANDSHAKE_TRAFFIC_SECRET 8ce4f6512b2bb01721d2a2f708ec1a4d1be29fd7c154a97fecf872d576ae8b64 e16879c21c2c50ce56936d30adb6e9e4cad1e9d53a75915815575e447a610a9bc743e778118372f22b6921b6356535a9
CLIENT_HANDSHAKE_TRAFFIC_SECRET 8ce4f6512b2bb01721d2a2f708ec1a4d1be29fd7c154a97fecf872d576ae8b64 5140d97d0d34ee33cd65e3506dbc16c334a0e2dce15fbf1849f0e1478a27901dbc5aba0cff262cbb8d436457986f43ed
SERVER_TRAFFIC_SECRET_0 8ce4f6512b2bb01721d2a2f708ec1a4d1be29fd7c154a97fecf872d576ae8b64 8a91b2c6cb74540993b10fa0d083199977fcb4c8e465f4860f584d98ac7c095259a94c9c472ae401fec741768b8aeb29
CLIENT_TRAFFIC_SECRET_0 8ce4f6512b2bb01721d2a2f708ec1a4d1be29fd7c154a97fecf872d576ae8b64 d34444b53983713b807c338099af28f89a4608020780f4555406fef70ebcd6b2c8185661eeb93380048831a04551fe1a
SERVER_HANDSHAKE_TRAFFIC_SECRET 60e8ba55686e913c9f205cff9cfbc8950784abb910879383968df7861d6ae65e f9743c0ef9c82d7612b4607ddaf2cac3211f0c3785ae22c4064cbf689e6f937b6bf3ea682f323fe2dc20f91b03a535dc
CLIENT_HANDSHAKE_TRAFFIC_SECRET 60e8ba55686e913c9f205cff9cfbc8950784abb910879383968df7861d6ae65e 3a4c38281827b9f216923c5ccf278c5b014a9dd268cb1fb5612f3702c8cd33e71198968c476a7268b0b229ddb2155313
SERVER_TRAFFIC_SECRET_0 60e8ba55686e913c9f205cff9cfbc8950784abb910879383968df7861d6ae65e 62f23850c8b4a92395a8d4906b28f13c5eb6c8ee720f73971ab1928a9d5148c82dbbda8df7c9e66df031536e2940c330
CLIENT_TRAFFIC_SECRET_0 60e8ba55686e913c9f205cff9cfbc8950784abb910879383968df7861d6ae65e 94ee3e01076b527d62f8a74a6a470a1f6adc8505ff992efa02ae35694cc34e4929940338d2332d65fba570042029f0ac
SERVER_HANDSHAKE_TRAFFIC_SECRET 06404578e4cfa0dbe22b4f82e50bef684173c0a38ce9b35b326737159b4f42f8 6c8988c959857fc3995e7f307f49c74ce07c007ace8d05176c7b89039578577f15cca8f90145eb0d79ed4ea38452deec
CLIENT_HANDSHAKE_TRAFFIC_SECRET 06404578e4cfa0dbe22b4f82e50bef684173c0a38ce9b35b326737159b4f42f8 f83d868c123d25e7fedde6bc9b07c41c63473403469660a561b4d8f243169a5125139c4178ba5aa406372c867f49e4d1
SERVER_TRAFFIC_SECRET_0 06404578e4cfa0dbe22b4f82e50bef684173c0a38ce9b35b326737159b4f42f8 621c04049a237c599e543bad7415dbc59924c3723f36243eb37b2e9eba0533b825d8632444f30610b8dd13b4047f7820
CLIENT_TRAFFIC_SECRET_0 06404578e4cfa0dbe22b4f82e50bef684173c0a38ce9b35b326737159b4f42f8 6d1d0b850681b2e4777367512a17b90ea97db8490bece5ecd4b32e4b19aed0fec6710f506979e3106c8f5ed4be100fe9
SERVER_HANDSHAKE_TRAFFIC_SECRET 05e67d6b74d145a78231947d49800db442d3c6f77d945ee5fe8b0f3d9d1c45ee 44736dd25265f0a7e633ac8078a86241ebac2ed709b0ebdae1f8cb6a74406310785b215d37129f4e959c49fb9edf0d94
CLIENT_HANDSHAKE_TRAFFIC_SECRET 05e67d6b74d145a78231947d49800db442d3c6f77d945ee5fe8b0f3d9d1c45ee 4b4b8ac1e21986a834d4a91526e1283b659f0e4e35feeaf734d933b0afb55ccf5a8e7ff6b03f13041ae5cbab111c26a4
SERVER_TRAFFIC_SECRET_0 05e67d6b74d145a78231947d49800db442d3c6f77d945ee5fe8b0f3d9d1c45ee 0354b7cca336a2b8367df3643141a8c9cc29fbf1183ef09832e1880954fbc798658f9336359c35fa64025e90a0352b72
CLIENT_TRAFFIC_SECRET_0 05e67d6b74d145a78231947d49800db442d3c6f77d945ee5fe8b0f3d9d1c45ee e0cb21e3e9cd3020dd1969796d5ce5d7b6c68ba1ae36f617ee2ab46b791a00286a03c8710d1dc387e8993ceea4eca8fd
SERVER_HANDSHAKE_TRAFFIC_SECRET 7bad174c53742a314a5c85ad453bed071b04168352e31ed0edd23caf38200f94 fdadf24ee768f5ee13fabe26bcd16c65c46814d31fbdefbf262b20d080257f4fb1c78c980430f2dc771346c57465cb22
CLIENT_HANDSHAKE_TRAFFIC_SECRET 7bad174c53742a314a5c85ad453bed071b04168352e31ed0edd23caf38200f94 11a448219e36462fd5d61d772f5cb88a1f576b1ffc609d6be2705d87f9865253abb882254d836a3377c6156302fc20ea
SERVER_TRAFFIC_SECRET_0 7bad174c53742a314a5c85ad453bed071b04168352e31ed0edd23caf38200f94 41440d6edf888dbec817f29a7fd2f139f511e2420de4dd6de96714a26b1e46e1e7016f0f8e48fcc97188f0d0e41027ae
CLIENT_TRAFFIC_SECRET_0 7bad174c53742a314a5c85ad453bed071b04168352e31ed0edd23caf38200f94 6180be650458711a31fedf8017110eea5ffc878f830a427cee58c638a34ab2fb589efe05be9c0401688c64f179181aa3
SERVER_HANDSHAKE_TRAFFIC_SECRET d8885d860c4fc5ea8a00047d0ec8fb98cfe20d534630b6daede79ff24d51769b 07728287c777c20fcfe20600c40c6066079df699be0576c8c0e0b067d6d3030ff8ee15d9fa85f619f928d4097f68164e
CLIENT_HANDSHAKE_TRAFFIC_SECRET d8885d860c4fc5ea8a00047d0ec8fb98cfe20d534630b6daede79ff24d51769b 0ccfa3607a67c8c08c5cdca2e1c0e6073dcd127656b32b90bcb2931be570ca972813805c2f7365f19bc99a6f23d05ba6
SERVER_TRAFFIC_SECRET_0 d8885d860c4fc5ea8a00047d0ec8fb98cfe20d534630b6daede79ff24d51769b 1011296b32d17e5ec274758fa3a9cb5adc809201f0991f6be518d83bc76b7b04bd2943eef0ad19324504cbcd1275da75
CLIENT_TRAFFIC_SECRET_0 d8885d860c4fc5ea8a00047d0ec8fb98cfe20d534630b6daede79ff24d51769b abde1f6b86dcad760db5892b6f6f299c9f6a89e7df12d8010e79c758574c1cc2fa12846d36fa7a6498d9217dfbfd1359
SERVER_HANDSHAKE_TRAFFIC_SECRET e6f939e21ae17436d519a1da8f832d1fcfc6705786cd9cf6e032934af47a9184 e088568584b73168f5d7887b776f5e5cb8df9401d52dd3c75b4a08ebc6a446c0796fae89052d95df2af6a104b2b89255
CLIENT_HANDSHAKE_TRAFFIC_SECRET e6f939e21ae17436d519a1da8f832d1fcfc6705786cd9cf6e032934af47a9184 b14a4838db577c890285f0575c76e95d7b5dac97a7e64a26cdca1077b2a9b2085bed2d2e81f30053105e5293fd597377
SERVER_TRAFFIC_SECRET_0 e6f939e21ae17436d519a1da8f832d1fcfc6705786cd9cf6e032934af47a9184 7d6205151fdd95e3be708ec88f80c504574367196c26947c25bba7908e05fb69a4930b66d49ca78c63dd935b624ebf7c
CLIENT_TRAFFIC_SECRET_0 e6f939e21ae17436d519a1da8f832d1fcfc6705786cd9cf6e032934af47a9184 19a070d2ee15ba47c5bdec3607e90f34aa94ada17582717305a43680a74c25ad0a68ade29a176c5636f365ab9cb8ae95
SERVER_HANDSHAKE_TRAFFIC_SECRET c6ea42de670b05cb1f833bb5594731d8e4e615144f060b6ccd455060ff9efc05 135e03ee22d5559e8851aca4ef439cc8d3fc1f4193afdf28bbac7c80546e93a7327039bb88e8fd39bd5657ec1b4f8f2e
CLIENT_HANDSHAKE_TRAFFIC_SECRET c6ea42de670b05cb1f833bb5594731d8e4e615144f060b6ccd455060ff9efc05 18d5d196ae942da7bdb7e09653992d8ae534b9bc3a8e520767d7e4b7cd959d0ddbb050e79c0db163cb25f9b949feeddd
SERVER_TRAFFIC_SECRET_0 c6ea42de670b05cb1f833bb5594731d8e4e615144f060b6ccd455060ff9efc05 3d35f0bb6615eb0e01b3e0e4f3fc205c797f44c76721f7fd4165a1f40479e586a73c4d95d2382ee2c3191630e0bf428a
CLIENT_TRAFFIC_SECRET_0 c6ea42de670b05cb1f833bb5594731d8e4e615144f060b6ccd455060ff9efc05 ade0db109d75a695a16ce04e5af4dbaf1df4a269ecc55105a2afa0c4c2095f301252443cf494ce9534850dabc539d04d
SERVER_HANDSHAKE_TRAFFIC_SECRET 76ac7a0f87997fd28a8f190f23c22a2e96e61cd0cc98128f01b152e826e259be 2a5fdd014d51f93022f5553571164f4d83d02fcb7ab3b5b3ff625754824cfaa1764acff7e1e0d3836a67a62986c511ff
CLIENT_HANDSHAKE_TRAFFIC_SECRET 76ac7a0f87997fd28a8f190f23c22a2e96e61cd0cc98128f01b152e826e259be e8aff392468dc2b52a26f7dc2b416d9c3d3dbdfa0705660f873b756671fc8b2638ddcd7a53465b695a20e4990b65292c
SERVER_TRAFFIC_SECRET_0 76ac7a0f87997fd28a8f190f23c22a2e96e61cd0cc98128f01b152e826e259be ab007a2843b6e31ee9e27df0dd33b0f29107016e272ef443c0032b92c68df9933a47cd11a4ad9d8d5135d6194925b412
CLIENT_TRAFFIC_SECRET_0 76ac7a0f87997fd28a8f190f23c22a2e96e61cd0cc98128f01b152e826e259be 46c1c99a4507edba4466203055dccec0ffcea0b60dcc10c0e0743052e5782e90b88a738ed182f830cac77dee45f24eb6
SERVER_HANDSHAKE_TRAFFIC_SECRET c5f72f9f414c7a2879aa26d596d3de16117891caedf6142bd49712f796d17d59 1e59686f061893e94b7f4e6b4d7f38f93ff3be2e6aa631d04050ccae8c934655105738a2873e452ee400bb5f21f56b28
CLIENT_HANDSHAKE_TRAFFIC_SECRET c5f72f9f414c7a2879aa26d596d3de16117891caedf6142bd49712f796d17d59 6a806ef6842098d4d922305d553fca454ef93246be7aab951b3e6b96c1c0652282138c8b1ba94e67045dbcafa79bf825
SERVER_TRAFFIC_SECRET_0 c5f72f9f414c7a2879aa26d596d3de16117891caedf6142bd49712f796d17d59 804212ac871ce1c830e35498299c1d1f2817d77324cb90e139d923179b69e45af548f8a5a89e2cc6879d67e35ce67bd4
CLIENT_TRAFFIC_SECRET_0 c5f72f9f414c7a2879aa26d596d3de16117891caedf6142bd49712f796d17d59 7fe77d4f5052f945e1e8b26442c78843b6609eda1a50e2e6ffd3089bb0ffde4be10079ecc83ba33ee3cfcd580b1d3b74
SERVER_HANDSHAKE_TRAFFIC_SECRET 85e9683e0651441c7c99eddb6299f04e1a36aed7e1c6f83b168048fa39406aa8 2cd44fd44ee040ca74d0dbfe514d6e0da2facccd69204526469224335fcb8e8c696f55d8c347c41d784052244a0134dd
CLIENT_HANDSHAKE_TRAFFIC_SECRET 85e9683e0651441c7c99eddb6299f04e1a36aed7e1c6f83b168048fa39406aa8 cbb80081f97712f7986808c79008e53a0bc2e8d8f748a4ac20aeff14d88db690243e0b6bcef3daae2c00e2a47a550652
SERVER_TRAFFIC_SECRET_0 85e9683e0651441c7c99eddb6299f04e1a36aed7e1c6f83b168048fa39406aa8 0089e5a37afdb5f293b207b1e551de31c8bd90af0808f12b7d965025475f885b03c473ee2dc88e7e6651db837284f0bf
CLIENT_TRAFFIC_SECRET_0 85e9683e0651441c7c99eddb6299f04e1a36aed7e1c6f83b168048fa39406aa8 8b35cccbf11aeac8dd45b3b6825918c32c0bea1457a3f8d87a7ad51104e03359552f4af3e95c47fcf516ffc07de7011c
SERVER_HANDSHAKE_TRAFFIC_SECRET f77138d61b0b1b9c84c5660d0b29ab2c2640fdd61c7d19bac12e42a14705258c e872312910986f68d5be306f6fa1e7435b40ea915c1c1e60d2ef1421e7ac8f0f1f3c78a128ad7fdfadb9cf97aaed977c
CLIENT_HANDSHAKE_TRAFFIC_SECRET f77138d61b0b1b9c84c5660d0b29ab2c2640fdd61c7d19bac12e42a14705258c 76066f34a6d3517321cebeda30993f28b7f45e2c2fa5600cc645794b222d89a54e23df083cb9cb3891ec48e390f322d1
SERVER_TRAFFIC_SECRET_0 f77138d61b0b1b9c84c5660d0b29ab2c2640fdd61c7d19bac12e42a14705258c 3023dd5fb0c695b47ecfa0315217470041b2a76a30c8b1cd0d04738d0471e70b0aba3bb3bc9c3d0b75bb7efaef0df12f
CLIENT_TRAFFIC_SECRET_0 f77138d61b0b1b9c84c5660d0b29ab2c2640fdd61c7d19bac12e42a14705258c e7c66507068eb827e84b1c02d4a39e8dd213a4aa01d30affd05938e7b7cba15124694e415388730d45204b823afef8b5
SERVER_HANDSHAKE_TRAFFIC_SECRET 4e52d9dae3ea0a1cac65ba21db4aead81ecf7b9674f9a85cb0b5f7e340280319 0efd51c057796c124c5167df0b8f6b5a8dfd789eade6699c421da56c08a1324edb5a8cd990ffb2d311fa9401a59af38b
CLIENT_HANDSHAKE_TRAFFIC_SECRET 4e52d9dae3ea0a1cac65ba21db4aead81ecf7b9674f9a85cb0b5f7e340280319 18a0cccdb37ed04caf2cb568a8779eda3c533dae7109315f174cbd0559cea524b426d725962a626077ea38f4a27da940
SERVER_TRAFFIC_SECRET_0 4e52d9dae3ea0a1cac65ba21db4aead81ecf7b9674f9a85cb0b5f7e340280319 66d25318673768120702604a28a2df78bfd67e7c1eb73d90d76d19c0a32abbc307b0ebd7d09dc3f6b4abf839040fc98b
CLIENT_TRAFFIC_SECRET_0 4e52d9dae3ea0a1cac65ba21db4aead81ecf7b9674f9a85cb0b5f7e340280319 46acab6beb05cddca972d47920b4b4437e1c29f15efa97de1de8b795292f4bf709b40bfcb1b025a015b6fbdf46831b0b
SERVER_HANDSHAKE_TRAFFIC_SECRET 9739c5eab487289e16a7d18e7286057a9b198e30093feab87feccf7a41e083fa b54da1df98fd9f8d02572e5fc3c235ea07d0bbb1f49d663abc201b0aac4471568f06e9e126beccf83c8825573406a5d0
CLIENT_HANDSHAKE_TRAFFIC_SECRET 9739c5eab487289e16a7d18e7286057a9b198e30093feab87feccf7a41e083fa e5e4209c5c12d2951a5f58b17c705f5c07a6a5b8a18720c0f9adbc51ef848b00c38c740f93d7539c5cbd02849ea21a2a
SERVER_TRAFFIC_SECRET_0 9739c5eab487289e16a7d18e7286057a9b198e30093feab87feccf7a41e083fa ff1e5d4159e5233962424621d875a3eefe079a04a1de8fbabb753fb8f06b9bf5c03f8522d086b2041326b1468a584732
CLIENT_TRAFFIC_SECRET_0 9739c5eab487289e16a7d18e7286057a9b198e30093feab87feccf7a41e083fa ae7b0545cbaae033e7cb9d7db42250728f9ca7d761428b3841be1c16b33bb6180f5b5df255b2f34866d47fe216ef83c6
SERVER_HANDSHAKE_TRAFFIC_SECRET ff4660b69fbf3b459f64dc8367ee7ab8968d64fa3bc49d1312964379fef048c1 521678bde10bf17d4b133fc8d11376c24bb6d95f809c6ca313fb1a18597e59726db8e59a07a24a6a7c2610f7ec0ab8d9
CLIENT_HANDSHAKE_TRAFFIC_SECRET ff4660b69fbf3b459f64dc8367ee7ab8968d64fa3bc49d1312964379fef048c1 4275f0ff8dae50eb27339d3e513de098172b7a921e52955b80354c6a39e9f976aaa88d4e7049903fa6740a8ba50b5bd4
SERVER_TRAFFIC_SECRET_0 ff4660b69fbf3b459f64dc8367ee7ab8968d64fa3bc49d1312964379fef048c1 7e66663d8fccb5883d425dd85898c3ff8498b897c506d28bc7a1ade17a982778ea34fe832b77569fb49d7b0670b69bd3
CLIENT_TRAFFIC_SECRET_0 ff4660b69fbf3b459f64dc8367ee7ab8968d64fa3bc49d1312964379fef048c1 2c714606f64520f1536cc4df37c87a85767fafc461e78378035635ea2b8f9449b3c9e70b404cb8cac0c8940cf223a4cf
SERVER_HANDSHAKE_TRAFFIC_SECRET 85b179b52694fd8d763599d1811dcd315f566a9dd9cee828b142366f3b119250 e2a3505b7359343c15d1e0758ceebdba076ee588f1a02d76cd6f046f4a1cc2e39e0ad199c2fca45a79ec2b3acbf302f7
CLIENT_HANDSHAKE_TRAFFIC_SECRET 85b179b52694fd8d763599d1811dcd315f566a9dd9cee828b142366f3b119250 2c2a6b971b5222129a71f75cd90f09a76b06fdc45d3e060e77381c5aef7fda0a2023d23b1f26f1abb910c3661388d4ee
SERVER_TRAFFIC_SECRET_0 85b179b52694fd8d763599d1811dcd315f566a9dd9cee828b142366f3b119250 ca852f1591915261c607318b336d602b426bc86cd35a2c34da22da576154480edbc1657905df1ab7839cc32e52829264
CLIENT_TRAFFIC_SECRET_0 85b179b52694fd8d763599d1811dcd315f566a9dd9cee828b142366f3b119250 bcf2a77f02c10b1f5b513756e4be96cfa0ceeb68ed458da0cbc4a877a46d67b0172a3b40863a1b4f90e449d1315e962e
SERVER_HANDSHAKE_TRAFFIC_SECRET 138be0a4c1d624ad5eb4739e0da780a1f5ed7b1b2c37ba0ccc1f1d8acbd07b42 e6b80cba5e9b426f671c4d29d4550d57e0cf32059f4be21b8b19fcd6fe48f37b37ab84406bf54d2a71dec44b40e5070d
CLIENT_HANDSHAKE_TRAFFIC_SECRET 138be0a4c1d624ad5eb4739e0da780a1f5ed7b1b2c37ba0ccc1f1d8acbd07b42 db0b0dd2ac34c30dcf1e9c560496f3802a2eb4090515ca9cc6a5397cd04752f2ada1fe62477c9e31bd5658d2337ce991
SERVER_TRAFFIC_SECRET_0 138be0a4c1d624ad5eb4739e0da780a1f5ed7b1b2c37ba0ccc1f1d8acbd07b42 016f907094a46dc566f9f51e2321320f5010c3cc3f00f74c3014662ee140eb89f90e70a13ff0058ab8b2b796f5e46dd9
CLIENT_TRAFFIC_SECRET_0 138be0a4c1d624ad5eb4739e0da780a1f5ed7b1b2c37ba0ccc1f1d8acbd07b42 2c460befb9b28a4d8713f6b8883753a8fb04474e63efbd0f374b271791e6797f59a20a9817e2846cbbfb7a7c6a0daefb
SERVER_HANDSHAKE_TRAFFIC_SECRET a7cfc5fb1a8475b2d86de9da008ab04a41f24193cc49cfedf8859c13e3fe1eaf d2129a62486a3d7e711222a81dc0d33251440e6ef8b7f9352ebae5c98be19d25f006f17f224c111e5b6094b74808f0cb
CLIENT_HANDSHAKE_TRAFFIC_SECRET a7cfc5fb1a8475b2d86de9da008ab04a41f24193cc49cfedf8859c13e3fe1eaf 2254133ba95cddee2a76cbf1169766922b1a9b8e32d0cff536e86a602319a354dee0de18805e241ae8b81320c406ca3e
SERVER_TRAFFIC_SECRET_0 a7cfc5fb1a8475b2d86de9da008ab04a41f24193cc49cfedf8859c13e3fe1eaf 17f425af300c50f437575522f3caed2e7fceb19e8aab10cbed4dc09524b59c891e5b25584c7cf84a77766f528b1054df
CLIENT_TRAFFIC_SECRET_0 a7cfc5fb1a8475b2d86de9da008ab04a41f24193cc49cfedf8859c13e3fe1eaf 5ddbcc8360fbb9298657fde0a2547ba418ba38514d276d26f23a23e5798f97952443dd0528cb98d11d0ba2c448b55d24
SERVER_HANDSHAKE_TRAFFIC_SECRET b85becb67163126912df9b1c4bde1ed7a3d7428a13da08287d9f8cb2d6cf3e25 710e2fe6801763d255319a690333b9a29ab2660ad527e23f871942ce34524a409dc8248640ee5b53121f058956d2fb6d
CLIENT_HANDSHAKE_TRAFFIC_SECRET b85becb67163126912df9b1c4bde1ed7a3d7428a13da08287d9f8cb2d6cf3e25 85978cb5f286acec2487e759f627045e6ef33328c19deebee68e90bdaabf6326a647b936e98c7d6e123dfa0719653d17
SERVER_TRAFFIC_SECRET_0 b85becb67163126912df9b1c4bde1ed7a3d7428a13da08287d9f8cb2d6cf3e25 5c1ee01728bd7067baa1a97b443c2a7a7d9904d29f4125d0145726454966b6470f1a94c6be5299072e561c643de2d1fe
CLIENT_TRAFFIC_SECRET_0 b85becb67163126912df9b1c4bde1ed7a3d7428a13da08287d9f8cb2d6cf3e25 9665fa48b2383f50a915b222fa57c3e00362703e28ef13cb2d4065c68010ba481401fd4ef50cfde5924fa282edc943d9
SERVER_HANDSHAKE_TRAFFIC_SECRET 777cfb5abe15095f7e39ce24d785681bff0304f3fede109af17b764e646b0697 e05c12c0ac2491ef8a13d3f64388fd887c649b0b97349de8162bc63ac20200896bc7f5de49e64fe9cd2ec4f8b4a40f62
CLIENT_HANDSHAKE_TRAFFIC_SECRET 777cfb5abe15095f7e39ce24d785681bff0304f3fede109af17b764e646b0697 10393594b7b9d970ce9255ce370f5b578e8fb6518e9134c1d1f18ba81a7ec12492490369af28b604b6b862ed95864007
SERVER_TRAFFIC_SECRET_0 777cfb5abe15095f7e39ce24d785681bff0304f3fede109af17b764e646b0697 53ed208bd0ee28eabf8c216d6c4c77972efc333b2cda45c8ecad21346922197533d31f103f3c3a84f706e9c1b819ed1f
CLIENT_TRAFFIC_SECRET_0 777cfb5abe15095f7e39ce24d785681bff0304f3fede109af17b764e646b0697 4740e8d56227aef700c8ac19d4332be9cbd577e93fb553899aace5fba37a026222f6517372b680cc915557140a2a13a0
SERVER_HANDSHAKE_TRAFFIC_SECRET 5bf244fdf9cf0debb71f4f90d3c3a4bda4288ae9067fe54b8919ebb3e2e9c412 8e114e1a5de0941475d87f694343224de28e293c31c9ffdeb47098aac3732a41bec0dba1a6f0586b012f9ae0cce886ea
CLIENT_HANDSHAKE_TRAFFIC_SECRET 5bf244fdf9cf0debb71f4f90d3c3a4bda4288ae9067fe54b8919ebb3e2e9c412 c61ff9394831378acc992fcc73c7caef739986c053eb469b2f4fce68deaaf4934c7da46635a76b42f422c94d4aaf10f4
SERVER_TRAFFIC_SECRET_0 5bf244fdf9cf0debb71f4f90d3c3a4bda4288ae9067fe54b8919ebb3e2e9c412 991b863970c813a982ab29325b5d80b723eafa51e7dd4b3c1af7dc132958d5e9b684f4e160e0d71b42fc1e5f42b9c963
CLIENT_TRAFFIC_SECRET_0 5bf244fdf9cf0debb71f4f90d3c3a4bda4288ae9067fe54b8919ebb3e2e9c412 cdd104e271e8811b3e934c108c057293772e578946de6adadea00210ec9174ea17dedc643fe7f86fbcbc4effb695a37c
SERVER_HANDSHAKE_TRAFFIC_SECRET 1230bfa0156bd8a15101ad164161fe8bb67aeb17e6969dea76a837076e5bef46 b3292cdebf4f490ad68dbdb19537a0152ab6380c280883fd924fc324d12783cdb6c6a3e7fde53a49c22f7fad5609fa66
CLIENT_HANDSHAKE_TRAFFIC_SECRET 1230bfa0156bd8a15101ad164161fe8bb67aeb17e6969dea76a837076e5bef46 4449bb82a7f313f4b2bc77c4b2d708a889dd9d5d987ae4d16fb9e22d4d04ef4d55656ff9765a0f0c79e4aea3da72be8c
SERVER_TRAFFIC_SECRET_0 1230bfa0156bd8a15101ad164161fe8bb67aeb17e6969dea76a837076e5bef46 79de006ea27688a121b31783c6de9885a5f91786263506bb29faf713572dcc0764b94adafd4d695ae68ed558bdfcf2db
CLIENT_TRAFFIC_SECRET_0 1230bfa0156bd8a15101ad164161fe8bb67aeb17e6969dea76a837076e5bef46 8e11784ceb77bf6dfbddb876d68cd87cdc3c77e006d886f918aa7f96f6112570e71e005073112e001dbcb21f4a11cb05
SERVER_HANDSHAKE_TRAFFIC_SECRET 72f7c7c38706e0a27c5533ae0931089b171a2f2a4adb7ebff6062e9474840534 b33cd8f83fe8c6ad90f713dff8b92b34301f62808a6b1cf1781758ebdfb05db6776d99382d04b04fb8af2032cda786fb
CLIENT_HANDSHAKE_TRAFFIC_SECRET 72f7c7c38706e0a27c5533ae0931089b171a2f2a4adb7ebff6062e9474840534 6afd9dcfd7ad382ece3dff0978d8317fa32f807a9390aa685ea479fca206e888ce0298c4e82a062e0d4a1a2649b4bd88
SERVER_TRAFFIC_SECRET_0 72f7c7c38706e0a27c5533ae0931089b171a2f2a4adb7ebff6062e9474840534 427ae29057165c4a1ee05eedc793c1cbe14232bd5641b8a77f9e625a93a1b650cbf96b84dfc2c22adf6207ea649e0f76
CLIENT_TRAFFIC_SECRET_0 72f7c7c38706e0a27c5533ae0931089b171a2f2a4adb7ebff6062e9474840534 a0a1d97ac3a80f1618d6288a112d85824065eb7bfd396864b053e7e246ca59c724148e7bb87846e333c6981fe52ec614
SERVER_HANDSHAKE_TRAFFIC_SECRET 12b2ef4e710ff3bcf9773cd1f95bb6f1505deff7a0d97c3650786cc746f84e47 241c6156e12e1db89e38b474291017dd88c4953e64136a2bbcf7608d1ce6c996ba1ff3d390fdeea38c237c90adcdd3f9
CLIENT_HANDSHAKE_TRAFFIC_SECRET 12b2ef4e710ff3bcf9773cd1f95bb6f1505deff7a0d97c3650786cc746f84e47 83aae57dd78c179fff3cd3f9322e5f52612e35d38c0739ec67ec916dc43d42cfcb66226796697baf0a95e66c83074d23
SERVER_TRAFFIC_SECRET_0 12b2ef4e710ff3bcf9773cd1f95bb6f1505deff7a0d97c3650786cc746f84e47 a6ce76ade84a291129d95e688a562e132c959be22695f42073ee04d54399ac9ea0804b8c9e8b63bb812496c3726a4e4d
CLIENT_TRAFFIC_SECRET_0 12b2ef4e710ff3bcf9773cd1f95bb6f1505deff7a0d97c3650786cc746f84e47 f243d4439bb5e81e442169a0f2e14613858afd8e743f32cecde892d306c9777d6c03c77a4d2196b04bd3d2276ec15aea
SERVER_HANDSHAKE_TRAFFIC_SECRET ec0a62928147213b1c3ddd77d7085cd587333f615b6324376671c3689ab4d94f b7447f036de0ff7056635a2c228ced40bff8bd2bfa202681f41e2ce9b88aac4e5ce267aab15095e580251dfe1fe9facf
CLIENT_HANDSHAKE_TRAFFIC_SECRET ec0a62928147213b1c3ddd77d7085cd587333f615b6324376671c3689ab4d94f d33d56d1b101824ecc657d86f39f12c2fd087c9d4d1248a3787d0c047eb37c31c52a7ea0fc514b0c9f7fba2817755335
SERVER_TRAFFIC_SECRET_0 ec0a62928147213b1c3ddd77d7085cd587333f615b6324376671c3689ab4d94f 3f1a826d3c6b3692e150f5874e1f1a467c524bd67ca51228be083a27024e0b78095b4de411b4a8ee848c9e1728c64423
CLIENT_TRAFFIC_SECRET_0 ec0a62928147213b1c3ddd77d7085cd587333f615b6324376671c3689ab4d94f 341cf9989460e6d8610710103d985ba44d9decbdd35ba3982beb8c12546db14a8cba568cd09cebc37c7933d3c2b3f195
SERVER_HANDSHAKE_TRAFFIC_SECRET ac7b1d3fbe753b222bb1ae17757868eecd7e86cd3f895896b2dca784b0ea246f eb741ce43cf6425e7acab8e94f5ee56014b115677cf6e342fcfe829aad755dd2e0b3dfa0b347010e1763dae783458137
CLIENT_HANDSHAKE_TRAFFIC_SECRET ac7b1d3fbe753b222bb1ae17757868eecd7e86cd3f895896b2dca784b0ea246f 52bf62ef1d4b676acfa758290baeee838929c0c945299ac941b6a2e14ec133ca6cb186dc8409096b452f34671f1cdea1
SERVER_TRAFFIC_SECRET_0 ac7b1d3fbe753b222bb1ae17757868eecd7e86cd3f895896b2dca784b0ea246f 38147eae45af81609d9bb43d12dffee3e8d592a351c5fdd1574a10d9de3c4bdfca49eed5c42774d0dd4f83fb35f7dac6
CLIENT_TRAFFIC_SECRET_0 ac7b1d3fbe753b222bb1ae17757868eecd7e86cd3f895896b2dca784b0ea246f 73709421fcd15b4d057a49499d5acdf8ff530ae0cede63cf09990ec9a83b3f70833d058b9b54e947900462768c6c24d3
SERVER_HANDSHAKE_TRAFFIC_SECRET 0f07fe3a6fcde31f6bba5de0e6d352439f8d2fcc24adbb5db760f87dc4fab6af c6d050aac7dbc18ccb05a0bb840421a561d5fa504f76663d0b0e9955cd1a46b539b18f83691e44683e1c5fe171d83850
CLIENT_HANDSHAKE_TRAFFIC_SECRET 0f07fe3a6fcde31f6bba5de0e6d352439f8d2fcc24adbb5db760f87dc4fab6af c22fa4ec178d36168da7de1f88913939de41f0d008194813aa944417962116d555af7fbc3e20a82cd3729221c24a2efe
SERVER_TRAFFIC_SECRET_0 0f07fe3a6fcde31f6bba5de0e6d352439f8d2fcc24adbb5db760f87dc4fab6af c2cf7134076c2ea33ea42491f2f5a711fa9c2690f06a4542498c39be0b680c74a016eba42a143f3b3309e1b0948c1a1c
CLIENT_TRAFFIC_SECRET_0 0f07fe3a6fcde31f6bba5de0e6d352439f8d2fcc24adbb5db760f87dc4fab6af ef98e5274cecb96659a0b3b4dc18a493b4bc152cb96c091f4b483c270ae0c0a0b6cc7c5ac1c8181dc9a6d34b3f4c2c72
SERVER_HANDSHAKE_TRAFFIC_SECRET 31f7a22870fddb2064998c165ac2e852890459f8712ff7b67dcd425ec87269e7 281521afc3cda2250d008e102119b26bc7fe4763792344285a0a3cf233956d3be81db6877ffa17c2b793cd8824bc7226
CLIENT_HANDSHAKE_TRAFFIC_SECRET 31f7a22870fddb2064998c165ac2e852890459f8712ff7b67dcd425ec87269e7 5d648a9b3102ccf9ffbcd09e8fb79c85493ac53f20c873da554ee4f749f9bd5cff4e9a49661d57ffcb65cbf7e2ce32db
SERVER_TRAFFIC_SECRET_0 31f7a22870fddb2064998c165ac2e852890459f8712ff7b67dcd425ec87269e7 6a001177fd1e872ac0488534f7f01511ded7457d0fbb5d26a51fd271979bd445eef29d271107921f8432e0395ff084e5
CLIENT_TRAFFIC_SECRET_0 31f7a22870fddb2064998c165ac2e852890459f8712ff7b67dcd425ec87269e7 f726b0e82ef8328a631fef1bcae834328cdda4051bc57e5ba13acd373cdc2cb8fa7ce76c52ad27c031e94031e4fcb280
SERVER_HANDSHAKE_TRAFFIC_SECRET 85d833397c1c90736f2d73544b96cc82917f592f7c3afd97c83d0ea43720371f 7bc7fe1b290d579da1819056ee2520bfdd1136ec2c09f9b536f36206e99a682750a99f10038566461de9355f704db89a
CLIENT_HANDSHAKE_TRAFFIC_SECRET 85d833397c1c90736f2d73544b96cc82917f592f7c3afd97c83d0ea43720371f b5ad4a128496ce5dd49101f8ed180f07d1207515b5d96565f413b3204432dd6121bbf968d65db1335f1c25da09f5fccb
SERVER_TRAFFIC_SECRET_0 85d833397c1c90736f2d73544b96cc82917f592f7c3afd97c83d0ea43720371f 67594d873a4b723b16f0827b1f641bd80136751b50797a6d447bd14547e2bf6dda4119273f4e34d82cf80e93ff09ed57
CLIENT_TRAFFIC_SECRET_0 85d833397c1c90736f2d73544b96cc82917f592f7c3afd97c83d0ea43720371f 84b816e4d642468fd816d807503d546bcbc9d1d4ca81829135593ce18279467917698dfbd4a3c019c254c115196ada08
SERVER_HANDSHAKE_TRAFFIC_SECRET c6728428621cab04ddd483c9fc48b31249ab3a2dd1dbe62b1929cd63ab5c9165 7315a695f3b90bcae589581b590b3637a85e47ca9bfaa0312a0f3f2cc9d6ec874abb5c8ded0926e6c29d8d5b9c6ed3ac
CLIENT_HANDSHAKE_TRAFFIC_SECRET c6728428621cab04ddd483c9fc48b31249ab3a2dd1dbe62b1929cd63ab5c9165 1072d2d27df7743f8a8430b7aed0053732f772cf4fdb28f08723115a0cbd3e0dcc8cfe016d051db0170dd659ca5df639
SERVER_TRAFFIC_SECRET_0 c6728428621cab04ddd483c9fc48b31249ab3a2dd1dbe62b1929cd63ab5c9165 7a716dcd48eee7a42092fe4593eafa5e3a84ee71fd2090b96149745257b53dfee1e183605d2f734b7eff59e2433754b4
CLIENT_TRAFFIC_SECRET_0 c6728428621cab04ddd483c9fc48b31249ab3a2dd1dbe62b1929cd63ab5c9165 0264fb57fe1c3a20b682b25d8aab653e5aaa506133d40d426b61119b513d74674a4a0afb85a5b69db636dd0f0d34a9bc
SERVER_HANDSHAKE_TRAFFIC_SECRET ae9c0328bf01bbab89f01d636f42175732ecfe24fa1a1402eff3e88c842ac334 39a915ee6c9fc5ec4d095a32163816ff6501c73c75bc77eff3f6ed146ab376a0b05e35e77866ca3e355ce8a13dea1ad1
CLIENT_HANDSHAKE_TRAFFIC_SECRET ae9c0328bf01bbab89f01d636f42175732ecfe24fa1a1402eff3e88c842ac334 5eed1eb728b1d76d14db2706e3300faf64cd16afde147a18f0bb66098e89667573fb5286aa653412c5cf2c64d43d82bd
SERVER_TRAFFIC_SECRET_0 ae9c0328bf01bbab89f01d636f42175732ecfe24fa1a1402eff3e88c842ac334 4d73f6c4489f58aef327744444f0010da2597ac2518913aa874e89c1c8ccfcda23626f7af7058e597c1f978d9f31ce95
CLIENT_TRAFFIC_SECRET_0 ae9c0328bf01bbab89f01d636f42175732ecfe24fa1a1402eff3e88c842ac334 62179f4fc24ac5bcdc5f3c318d119aee058ceca57b6b4141f2984dfe6651a8793110e4553342d02a8763f9b090812179
SERVER_HANDSHAKE_TRAFFIC_SECRET 50fcdfd88973902c52538d933bc3cf6f1eb48faed5b4b56e575d80ae8864317f 0883f07f13ba3a7ed5fb21a9adaa26a46a11d741d05c4121e4f5ea011f44fa78cf20310b57376efbb0cc74c0d3b1db24
CLIENT_HANDSHAKE_TRAFFIC_SECRET 50fcdfd88973902c52538d933bc3cf6f1eb48faed5b4b56e575d80ae8864317f e7a22a77e13c2158b5df513b3e8ed72597db3292bb70af76fa58340f58c9fc01f9a8a5590cd84f17bc3f7db7da1442ba
SERVER_TRAFFIC_SECRET_0 50fcdfd88973902c52538d933bc3cf6f1eb48faed5b4b56e575d80ae8864317f 18dd2023c4ab3bf0c21fbe8516ca18993e0d90ecb90b12b72165e211dc82d8c87f592e0f504e22d2a5d136e3ba25ffa5
SERVER_HANDSHAKE_TRAFFIC_SECRET 259f95c237b5f58ec6e2233f4a8e6aca4f9d2e82e4c54e4253169cd312f6b896 7aa9e4966a748a6abea7f80d40e9f95a7be4d5e4c1b174347ef9e9040ea548c3c5c8c9fc8edc14e18f8038a27b44f77e
CLIENT_HANDSHAKE_TRAFFIC_SECRET 259f95c237b5f58ec6e2233f4a8e6aca4f9d2e82e4c54e4253169cd312f6b896 981d4c0abec31dba66914395f1a38a8520a66d209faa0d404afbfd459f408d54e588162d8fa65de7a3cf04cd89f06980
SERVER_TRAFFIC_SECRET_0 259f95c237b5f58ec6e2233f4a8e6aca4f9d2e82e4c54e4253169cd312f6b896 b41f665fc7607fadb600dd509fb7bc5db8ef9ab511006ed81dc1a4ada70eaaa838fde2df84cce492a52609a79365d607
SERVER_HANDSHAKE_TRAFFIC_SECRET 050e39e80f8edbce41cc091c4707f7ea7e252a53ee7bab81b85e1ffd454a0661 8c6340769315d3fc4b6d17ea9179b72cc17d8dd14adcdb0028774bb6554303f39eaab8a9662e2aba0c008fbd9f883abd
CLIENT_HANDSHAKE_TRAFFIC_SECRET 050e39e80f8edbce41cc091c4707f7ea7e252a53ee7bab81b85e1ffd454a0661 c946944b1fd3b4e2d329ce5cb6d6c5400dafef1901cec246aa48cb94fa78e8a7cdcde09760f01598e916029790a526fc
SERVER_TRAFFIC_SECRET_0 050e39e80f8edbce41cc091c4707f7ea7e252a53ee7bab81b85e1ffd454a0661 3bc23fe8620abf57c5ac565f0c91ac893800c71fbda4c10a7f4c008224595cf5124b33ce89113721e506b633fb8fad6f
SERVER_HANDSHAKE_TRAFFIC_SECRET 6b1934402d965c934dc17e21f47a7e0e308abd97b39193b368c3adc827547b79 82fc68f0a6c20f6331eea62ffbccda3298a84c866ad53d5f0d7c41e5917c00067a2e993616392e442e14089637f70ba8
CLIENT_HANDSHAKE_TRAFFIC_SECRET 6b1934402d965c934dc17e21f47a7e0e308abd97b39193b368c3adc827547b79 ce482e818f25266cfdc39572640532c0a147d9ecdce8b1ea4dfe4a35d7587829a944fb5fe1c20ea8654ff27927b88608
SERVER_TRAFFIC_SECRET_0 6b1934402d965c934dc17e21f47a7e0e308abd97b39193b368c3adc827547b79 990711d919aa0279dcc0361980beead3429e0925dbbf9d76c462531dbe185dc0aa957ef7bbe3c5e776553bf4dcf50be9
SERVER_HANDSHAKE_TRAFFIC_SECRET a6a044023ec91c1f2547d39410588c59c8b38d06919ecc85e57de187d4d4b198 6f4990d31e76ac4fd38a6067f2f40977eb6cb1f2c840aafc3c2e89a147f4b5ba9881150ae34002dee4269a51549d3bd1
CLIENT_HANDSHAKE_TRAFFIC_SECRET a6a044023ec91c1f2547d39410588c59c8b38d06919ecc85e57de187d4d4b198 5b417dd67abb373a1403fe5d4aaadf022df5451c6f853df4d292888c42737c44b405851c21c45588ef691a8f44c2b89e
SERVER_TRAFFIC_SECRET_0 a6a044023ec91c1f2547d39410588c59c8b38d06919ecc85e57de187d4d4b198 fcf5bb3f1d35bf90483c09f29e3da0ed40790ea2c8181ba540507bf635545f6813dfc8cb7980de4d9e075866c1530e0b
SERVER_HANDSHAKE_TRAFFIC_SECRET 42d6a605b1f64b718b18067eac27252f290f65ea180e2c7669db9cf052fdc1d3 e6118f594f5c8f719fcc68b8ea8ad6b932089ddb874b9b32d0decb27feb752f1d630bcda30ede66d45207b61962e90ae
CLIENT_HANDSHAKE_TRAFFIC_SECRET 42d6a605b1f64b718b18067eac27252f290f65ea180e2c7669db9cf052fdc1d3 2c3a844b390920298d69d7b0735c41aeef2fd6f74b317fd670a0fc19121fc2c5f7882014f4d798e14b1172e4ba94cc94
SERVER_TRAFFIC_SECRET_0 42d6a605b1f64b718b18067eac27252f290f65ea180e2c7669db9cf052fdc1d3 7c6e8a75ad1250404ad784b9027ce6d8763be7be622f013b7af5e69cc9d4c63e8f41f8766ddc22f507c8cf374a2c4201
SERVER_HANDSHAKE_TRAFFIC_SECRET 39baafe5244aacbdb9f951f2c4591200694d9bac53c2b356bca97f6d85f6f37b 3d0dc4f211028626f0e44de6b56e76947feca7e8585b262f46338bc4ce4591fa04552ca600936ec6579fd3ce1b6aea38
CLIENT_HANDSHAKE_TRAFFIC_SECRET 39baafe5244aacbdb9f951f2c4591200694d9bac53c2b356bca97f6d85f6f37b 1765a7e12b3db1a4b51d2ff63046d970bd1eeb581c12fde7844fa4e62d322a227090455d88eb6aed0b163b8887646867
SERVER_TRAFFIC_SECRET_0 39baafe5244aacbdb9f951f2c4591200694d9bac53c2b356bca97f6d85f6f37b 64a7c3ee5bdaa828afc994dda9d9b50a0c202a231896b189bf0087f9a1f79072e9bdf3f50066bf4f25fd63149e217682
SERVER_HANDSHAKE_TRAFFIC_SECRET b117ab3720fbb61a6b96069a532c07906bf45fbdcc908557b4ce78848ea2c254 a7810d8a53ed84a53657b43257ddd917d097a0664e0e6e74bb5c0acb32217edaabf8fcc37aad8a7dc3be421916093aa8
CLIENT_HANDSHAKE_TRAFFIC_SECRET b117ab3720fbb61a6b96069a532c07906bf45fbdcc908557b4ce78848ea2c254 ba0cb626c60625bb756182cbe73c79137f19a2621be71000b4f887cf5ef9b0bafb81f31b80f8953b99fef85ca5f16d59
SERVER_TRAFFIC_SECRET_0 b117ab3720fbb61a6b96069a532c07906bf45fbdcc908557b4ce78848ea2c254 720241e69caf82850da841bb39b575237a8308470dfd1266031c43549b937f53378cdc2614a953cabc79ea02c371e78b
CLIENT_TRAFFIC_SECRET_0 b117ab3720fbb61a6b96069a532c07906bf45fbdcc908557b4ce78848ea2c254 c0a0bb4f380c3bca4b4b17eefd8a2b56cd481631d48769aa7f04443f551e5ffe2ec584138f031ac2eb348a2e1c4b2172
SERVER_HANDSHAKE_TRAFFIC_SECRET 7ae67534c1d5955b7f8d6b9476fc93735e4ed7bbd751d0015f2428ee5918c3ec 5eaa0831d4d0f91999588950821e15c5e0a82d019b2606ec01593e7de7b88664a0bfe67f4628d7a6c7ed05412ccdc5f3
CLIENT_HANDSHAKE_TRAFFIC_SECRET 7ae67534c1d5955b7f8d6b9476fc93735e4ed7bbd751d0015f2428ee5918c3ec 1d7825e6a545a52dba136e0cb38d0d68072736fbc1aa85f3222021bc528221bfae707271ce3c29ef4e22b752fa02e7ab
SERVER_TRAFFIC_SECRET_0 7ae67534c1d5955b7f8d6b9476fc93735e4ed7bbd751d0015f2428ee5918c3ec 38962ecabc46689f1ae98490e20a2d429ed09a5258c871fcf7aec5f5a3732646b34ad1cb07b83c25fa021448ea36eb2b
SERVER_HANDSHAKE_TRAFFIC_SECRET 0f710e159d2aac269a809edbe8e142bbad447305cee1a4087d90620c7d6dc696 e23662dd943c3e403b8679a1b5236b71c73205bb7ab413f7f652d8ff1d6ac74bbaf7fd6b8997c4fe92c5ec22ae206cc8
CLIENT_HANDSHAKE_TRAFFIC_SECRET 0f710e159d2aac269a809edbe8e142bbad447305cee1a4087d90620c7d6dc696 c06993e9691ff52d3008e14e1f18aae99aab6b4007659031b7536200fa83996fe0ed3f2dd62d98068122f51c12b525aa
SERVER_TRAFFIC_SECRET_0 0f710e159d2aac269a809edbe8e142bbad447305cee1a4087d90620c7d6dc696 352811ba0b7ea7e08791d1f931d935993a95e548134a8297aba76c752d767f0b82ed879c07b7238b12387394ec7d9003
SERVER_HANDSHAKE_TRAFFIC_SECRET f4a2d99a1ea11c60f2ebb34230162ac0800ef35a91af18957f283b2633815a8b 6d2817eb7275dfa990b9b7a9111f59cd40f83280f252ddf15ac2ee003c32c30f7e83396418eeba0265233eb3cb573c90
CLIENT_HANDSHAKE_TRAFFIC_SECRET f4a2d99a1ea11c60f2ebb34230162ac0800ef35a91af18957f283b2633815a8b 9c1c540b4d5f1747c9ad29f4269dfb9b4944342ec3ab710ce06f758176e1c91d70dfac290442026da2a63fc481233dc9
SERVER_TRAFFIC_SECRET_0 f4a2d99a1ea11c60f2ebb34230162ac0800ef35a91af18957f283b2633815a8b 0f1386f30a9df49fa55f7aaffb4289b276fbb0c4b00dc6835916f88f6c25402308718cdf7a1042037fc4ba79daa813f5
SERVER_HANDSHAKE_TRAFFIC_SECRET 1b18ac246e49e5c12a4366aa2c87131069d794317e6d71a8995240d2278e6fff c74bdf08646c05e7c6f3a26970cd4b9fed623448127167888a06d1a4c9c3e9ed399fbb9c2d6cb42e0b05a22f63b88f08
CLIENT_HANDSHAKE_TRAFFIC_SECRET 1b18ac246e49e5c12a4366aa2c87131069d794317e6d71a8995240d2278e6fff 5b13647c35a5fa2fd4baf6475a685fd2dc5b973b539b4177adf1ab719219c90bec6117f7dba3dcab435958f2352e1bec
SERVER_TRAFFIC_SECRET_0 1b18ac246e49e5c12a4366aa2c87131069d794317e6d71a8995240d2278e6fff 5851b04b65d15c5fd66e0c22ad15fdb35885f18f2dd572c8d533bfb69a6fafdeb77a74ba7632da232a44692de62cf930
SERVER_HANDSHAKE_TRAFFIC_SECRET e778436aa5962d3eeec3bfae198a0bb05b974f83fe3f54d4b0d8cb9fdc193922 7fd3dd14b9842f03a8e5f6f051a261178b10b313065842dea52fc08ee475ac4d2b3ec5f5f7fdbd4eb89d2b45402ff7da
CLIENT_HANDSHAKE_TRAFFIC_SECRET e778436aa5962d3eeec3bfae198a0bb05b974f83fe3f54d4b0d8cb9fdc193922 dbad1ffa16766be4479945e6c59831893741f193363c40d8e05f54d4fc112a1f9aa38fa621415477ce07fe40e2fd9c51
SERVER_TRAFFIC_SECRET_0 e778436aa5962d3eeec3bfae198a0bb05b974f83fe3f54d4b0d8cb9fdc193922 359121c4d6ef5837e21d1f7660137cd8ced69e29b7638d4223f10c881135ff7df3cf0ac92b127fd1466d75a107958a38
SERVER_HANDSHAKE_TRAFFIC_SECRET 8f16e4941b3578120f0929a4b0b2b3de4afb89612edec1b32d40ee54860f0527 3f4574eb58a542264785f763e0b6c9d597472e1912009ec20d2533d5b0a4ecb459ce17985e38d747dff2ff8da3a63c22
CLIENT_HANDSHAKE_TRAFFIC_SECRET 8f16e4941b3578120f0929a4b0b2b3de4afb89612edec1b32d40ee54860f0527 a2aea4d845900bfb873ab1c3163762cae5788ebb75117f15423da712da6c947df8df05524cde72a271732ac7b4e0400c
SERVER_TRAFFIC_SECRET_0 8f16e4941b3578120f0929a4b0b2b3de4afb89612edec1b32d40ee54860f0527 0b2a90091f0c0c64e71651bc35f03a878648e3f0dd1d3dee0a31921bf72137378cbcf5dcc518458194edfbbe4ae31f09
SERVER_HANDSHAKE_TRAFFIC_SECRET 6c0406f293e19e9804c720e360078feb6031a3bcc215239a132be92ae282e27f c55dca79d7b13fe8c9544731da600360fc0cce606a707c73be748bc71a0d989028c9cd2ac0cac3175b82e15974f26b05
CLIENT_HANDSHAKE_TRAFFIC_SECRET 6c0406f293e19e9804c720e360078feb6031a3bcc215239a132be92ae282e27f 29fdd433929470cefe6082e7323844649874ba995d0b7ff06cf49f829eeca8304d0fcad2f68d3626dcd477d5387e5bec
SERVER_TRAFFIC_SECRET_0 6c0406f293e19e9804c720e360078feb6031a3bcc215239a132be92ae282e27f fce2979db0814e8b4bc02f19406408020dabe6d62382b5c681c3cb1e99d32a5f0a4c390de187862f21eae726c1b824d1
SERVER_HANDSHAKE_TRAFFIC_SECRET 690e7fafbab76dcfd6bb070e7b33869aa5f0aa6e535b8b3968f521324a59c828 2a396f2236b68b9500da7f2289457dc13b9850b6df762c60612bec08b27a150d484085a015a03ab9644464d8593acc19
CLIENT_HANDSHAKE_TRAFFIC_SECRET 690e7fafbab76dcfd6bb070e7b33869aa5f0aa6e535b8b3968f521324a59c828 c930a7a2f748f8672594d319e0adafb3b38435ca7cb1fbfa18f6b90b727e7fbb745fa85baa6a54bd1a0e5cd319cf78ad
SERVER_TRAFFIC_SECRET_0 690e7fafbab76dcfd6bb070e7b33869aa5f0aa6e535b8b3968f521324a59c828 cb11e9f2229d1b3dcc89b405cc3c0c215adb99e3822cfa0c55ac6c6a7612f8a1d273771d158e0706918454e8409084da
SERVER_HANDSHAKE_TRAFFIC_SECRET 9c8ad1f6707b9f070e0c6279ca3c5037aa9d67ef48668c3ca207be5100baf487 d4dd6f2925f1326fc7f12d7bc98b114540c3338309007880b07a2b6e0f6b75898e18d806dbe17dd57843b62ed3255c83
CLIENT_HANDSHAKE_TRAFFIC_SECRET 9c8ad1f6707b9f070e0c6279ca3c5037aa9d67ef48668c3ca207be5100baf487 6f97ab0205cdab98308c3f9e8746faf45cb0e76d68319cda333d749dcac21b9bf7452d23573fc7308acd34ee0f5d138d
SERVER_TRAFFIC_SECRET_0 9c8ad1f6707b9f070e0c6279ca3c5037aa9d67ef48668c3ca207be5100baf487 1f952cb5977bf9029cd15f2b07bc6eb7d8f9ac9bcbfb98ad8b6e5500ad0af64c6c1c7f6451c0e44d0cf19d5b78418e64
SERVER_HANDSHAKE_TRAFFIC_SECRET 6b2c82248d92d5cdb5dacac355b29e84f871acc6bb661978816b92f8b15cb25f 55a800f0dd8b265b3570af7ffdca84c37a1c0db779b1da3362587a8699ecdf7b47b083b33ae2d94b6dbd00230a6882a5
CLIENT_HANDSHAKE_TRAFFIC_SECRET 6b2c82248d92d5cdb5dacac355b29e84f871acc6bb661978816b92f8b15cb25f dce6a752f1199feaec440ee84cb0c26cd363f61d8c5c3c1f3dd521e978a7d50ef88307de3bb9d820cea7a9f718dd2300
SERVER_TRAFFIC_SECRET_0 6b2c82248d92d5cdb5dacac355b29e84f871acc6bb661978816b92f8b15cb25f 2b4d8573e7981431c114fb5e09b234c2aeb5e920fecf06a421f691853afcdd37e0a14e9c17ddbe9e0bbc42a036a2f96d
SERVER_HANDSHAKE_TRAFFIC_SECRET e318fa0b82938755fc490491beed028cd5f0d2127e410cc390684a0df6a90a7e e6b01a1b209624eb23bd265d53ae50029b6d44858dd05ce0d84ca340471ddbfa54ea3f16a9c75aadd14b0207055d4069
CLIENT_HANDSHAKE_TRAFFIC_SECRET e318fa0b82938755fc490491beed028cd5f0d2127e410cc390684a0df6a90a7e b0eb5dc29aa41d492aed93259712ccf50d3e8593e959349d6208d634d024490968f593d2955738948601d2fe004dfec5
SERVER_TRAFFIC_SECRET_0 e318fa0b82938755fc490491beed028cd5f0d2127e410cc390684a0df6a90a7e fec04f19c66ec30bda35bb757f66a3d0eaed93a8383b8218e19dfa00d28520ba004cd3ccab1c16ca84e7d0b6b611da6e
SERVER_HANDSHAKE_TRAFFIC_SECRET 25ade8b6fc8b4ab27c6f4910b706b1121b6632ecb70dfb246e369d8bd5797e47 d4b7a3957a896abf575f3cfe0f1e6cf994324f3cff2015c876db5fe9b904af4697e5e226a0849be42662f1629ceebbee
CLIENT_HANDSHAKE_TRAFFIC_SECRET 25ade8b6fc8b4ab27c6f4910b706b1121b6632ecb70dfb246e369d8bd5797e47 5ea87e0476f5516121ea9e3918c15a0d41e71ec69cf61ffb730522cd268fe1f1fef1d0e53584a248dfc06d54bb403c4a
SERVER_TRAFFIC_SECRET_0 25ade8b6fc8b4ab27c6f4910b706b1121b6632ecb70dfb246e369d8bd5797e47 eeb6840718592e399c7a28411caff6bf198a8a06c7ebecf3fbc764e24f845f21c9634244018d34858a12b6799f50f970
SERVER_HANDSHAKE_TRAFFIC_SECRET 44e020e7345635121130e9f93c6ea3cb3f4270da4372be89d29f3656888012ef 20c36d25fc32c8437f7823f2a0d42ac70e768c5de4005208c7bdce5c9668ba5b7235f2fdbcd7dfe88c228a07b6006259
CLIENT_HANDSHAKE_TRAFFIC_SECRET 44e020e7345635121130e9f93c6ea3cb3f4270da4372be89d29f3656888012ef 9735ea1863076f527a4a60d8a11ccc5f3a9df197968c9f2dc52258ea37053a78c8175a8de241f204cebb97ebbb8fcae7
SERVER_TRAFFIC_SECRET_0 44e020e7345635121130e9f93c6ea3cb3f4270da4372be89d29f3656888012ef 94ab54334f96ee95e9ce1804829e2c3f621a0e780af9a164c296bfb6773bb02d7a2221502fd5cf79692683e3d97db97e
SERVER_HANDSHAKE_TRAFFIC_SECRET c851dfcfedb33c88ac984c71d173ba21d46a5919e28215728c73e406da05b0c0 2022e5ffd59f16b103d0ee2ed49e5f6a04e7b49550dda9747973f61c6f13423d5e27ba1e56f4495197a3bdb161d0078f
CLIENT_HANDSHAKE_TRAFFIC_SECRET c851dfcfedb33c88ac984c71d173ba21d46a5919e28215728c73e406da05b0c0 5e2553119a1b647c2cf1572aff8f8291a88299d5c9c5381c7acebf27412ed8c3a513822d700b749ebdc4494a344c3c40
SERVER_TRAFFIC_SECRET_0 c851dfcfedb33c88ac984c71d173ba21d46a5919e28215728c73e406da05b0c0 8c337fed91ecb9b6374d4e2627da3f491618f720b6f76cbfc1eb5dec332bc74391e150abfe52ffea49031fe1aa4a825a
SERVER_HANDSHAKE_TRAFFIC_SECRET d8153df87f918138685bc578e3ee05279819e5c107e99df2e4899d528b334926 8d5917aef73036704dc494e10f4bd984dfa036142ad893800516b629fa5967009839b6f11e1888a9ab339804637deda8
CLIENT_HANDSHAKE_TRAFFIC_SECRET d8153df87f918138685bc578e3ee05279819e5c107e99df2e4899d528b334926 5b9fbc491a0bacbdc41845e9d02b01e15b4c6470d2c4615b23bfa1bf9fd28034af28f6a4463378cd4129920f2fea26ee
SERVER_TRAFFIC_SECRET_0 d8153df87f918138685bc578e3ee05279819e5c107e99df2e4899d528b334926 bf19944e820426e7d3b0c85459caa88271784d7902bda3194721baff0fa951361dc4aab191bb3c6ca706545892a9a9a6
SERVER_HANDSHAKE_TRAFFIC_SECRET 65dd0ffd2b0473e37e8b640840a453e36849c556428c82f88a9e0bbc91e50c5f 254c330f80fdd76b2caef040106ae6128734b633574db839e40f4a92054c95329d690351599cac6367f2e97b40188999
CLIENT_HANDSHAKE_TRAFFIC_SECRET 65dd0ffd2b0473e37e8b640840a453e36849c556428c82f88a9e0bbc91e50c5f 62068e6d2581462c8bfd3f69e8c6151fbe5a55542d537b120f555496ac0f3a3ee19cee628b1bdace7810273c493f8f6e
SERVER_TRAFFIC_SECRET_0 65dd0ffd2b0473e37e8b640840a453e36849c556428c82f88a9e0bbc91e50c5f 1500dc124d47af47ad1997c8f60004d6518eb569e953a34b7ce5e0910ad956a14daffb5e25de7f261173b94113b9ba09
SERVER_HANDSHAKE_TRAFFIC_SECRET f47cc57f0aa2f3890eed851d3cdbf236696571daa524035cd219873074d0724b 4ac252b9c54639d560197dcdb5ec58bf445fceeb5186e0be88a4a329b69e826cc211b66ab35d2f53510b59e11f40dc78
CLIENT_HANDSHAKE_TRAFFIC_SECRET f47cc57f0aa2f3890eed851d3cdbf236696571daa524035cd219873074d0724b aa608eefc7575a794deb8b012c95efca1d6f4b1b223f3f8e69881a25a573007f954c96821bfe6c298d83407d8837516f
SERVER_TRAFFIC_SECRET_0 f47cc57f0aa2f3890eed851d3cdbf236696571daa524035cd219873074d0724b 1460eb52d9750b18071387748b8b209a71cd88b7c0ba3d8590d51c90ba746b09c94bf17739e2cf44b8aabe2f6fbadc03
SERVER_HANDSHAKE_TRAFFIC_SECRET 9856522596514dc06c4a53fae767bbff60dbb56f8aede7ef629712795082c5d8 7ff99c22ba0fe09df5b412f4a1dc5616793c22d62a303e08e1992230554785071b8251ab624e4589fd3379a9d6283e9b
CLIENT_HANDSHAKE_TRAFFIC_SECRET 9856522596514dc06c4a53fae767bbff60dbb56f8aede7ef629712795082c5d8 0a3dee9f21e0cb08db1a38ee0382a888b718a3b486cb7662620068543aa27ae48806b25ef7acddb372a62e2b5ad49b58
SERVER_TRAFFIC_SECRET_0 9856522596514dc06c4a53fae767bbff60dbb56f8aede7ef629712795082c5d8 cb5069d8fba427f02d3e8ce472caf268ca9814158cb1a61dc7cdd832deb6b0e129a407d07ba5f0b2f92f00f0e7686a35
SERVER_HANDSHAKE_TRAFFIC_SECRET 3d0c86b96112ecb132e4713419624167b1b80a79691a13c17e5d96b9d1fc1a63 779437d9122dd5180c36e5e1ccd35f8b35246f41f5296008ef312b86259136c14d85be4cc5ef337def85831d695326ca
CLIENT_HANDSHAKE_TRAFFIC_SECRET 3d0c86b96112ecb132e4713419624167b1b80a79691a13c17e5d96b9d1fc1a63 36316890b8d0b0e64805552634870d57716c8952224e1c7a93ee3a84481c724c91b658351ef5b80cc37ff2e8479060e9
SERVER_TRAFFIC_SECRET_0 3d0c86b96112ecb132e4713419624167b1b80a79691a13c17e5d96b9d1fc1a63 64af294951db934e391137e1d01d9f659d70267334bb80fbac8249cf524e5714e6b8e1175235f79368ffe34206d5d3ca
SERVER_HANDSHAKE_TRAFFIC_SECRET d28d765efd526656471c912d051a3d69cf64f865c4fd3d949b9f64a9d216eef4 7848b12fa719ef081b8be2d1438504ae3dbfb288845544601209d4871d9c5652cc8382d6ed07e4c196845a3fbc2205ad
CLIENT_HANDSHAKE_TRAFFIC_SECRET d28d765efd526656471c912d051a3d69cf64f865c4fd3d949b9f64a9d216eef4 0730b34d09210ad0623de9615040e47776321b9916a312fe98e30fdf353ff7ce63b3aaef70c64bfd63d967e88e5d48c5
SERVER_TRAFFIC_SECRET_0 d28d765efd526656471c912d051a3d69cf64f865c4fd3d949b9f64a9d216eef4 252db936035d20fffce1b640cffe8557fd1d0fdff547fe46f477041ada1e95d71a71e17a936cc32da612633678e8e098
SERVER_HANDSHAKE_TRAFFIC_SECRET cadc66d4c712aa2cd95757e09fdfc60fc744b8d2e12513b21f90da78459025ac 4cc63d534c70bfb6f5945126839d6d818acb5d72a50829b1634d9681a7c410c8a075822e0cba9e21670228cb3a75385a
CLIENT_HANDSHAKE_TRAFFIC_SECRET cadc66d4c712aa2cd95757e09fdfc60fc744b8d2e12513b21f90da78459025ac 96743c49156899bb857c29221b5c9916d3c6bf3570fa07af3690cd2f2cd6da51bdd2d3a3accec959f61688a8f7d278ca
SERVER_TRAFFIC_SECRET_0 cadc66d4c712aa2cd95757e09fdfc60fc744b8d2e12513b21f90da78459025ac 61ce714d2b2884afcfc1f4b16d3b57279fddf1fa715ba56f14c4cb7a12291fb72436da614af5224ccc58dfec5a788aa0
SERVER_HANDSHAKE_TRAFFIC_SECRET 85508a50ce56b8924e142ce0adcf41e240f8e5e553a19be03f5b517f46fe6804 0e663dc98845f7e2ac400adb0a97ad29f12db4f1415241b1e1c858af3e360038e458d17e0bcf765904af1e0b2058b998
CLIENT_HANDSHAKE_TRAFFIC_SECRET 85508a50ce56b8924e142ce0adcf41e240f8e5e553a19be03f5b517f46fe6804 3951fa9af2b8f7186f0cfade32d16391da4b5475f39c464957cbf0a95a548d600a3770ca5552ba19ed7240a865bc0dbf
SERVER_TRAFFIC_SECRET_0 85508a50ce56b8924e142ce0adcf41e240f8e5e553a19be03f5b517f46fe6804 c1ab1fb6455ffcd2b50808c9ebec0e1db6058c9be2121eb0cf7c3928e686e0cd39600dd73e133158a6a5f4095ef4b1c6
SERVER_HANDSHAKE_TRAFFIC_SECRET 69d14cf673ed7e67c2ebecbc5c7606a43c872284fbc7a5c075c8b2043d2dc7b2 c5a3569d3d0e14303c7d0f077739d461f085b4e8f2bd3fc443d98523f1ec18e6b20efe7d120b473cd1440feb7f557206
CLIENT_HANDSHAKE_TRAFFIC_SECRET 69d14cf673ed7e67c2ebecbc5c7606a43c872284fbc7a5c075c8b2043d2dc7b2 6ef077c652d986abdcbe03939362af8c6f8b5c48f19bce660a871f42141b8fe8c24c7cc2fd80d098e67405f3dc4678a9
SERVER_TRAFFIC_SECRET_0 69d14cf673ed7e67c2ebecbc5c7606a43c872284fbc7a5c075c8b2043d2dc7b2 bba00c8161434dfdb454a8c22f95470f8e8aca77381c7691b92e92830c852f9dd7a9e91c2eeaf8ab4da527155de51036
SERVER_HANDSHAKE_TRAFFIC_SECRET 09292c40c605d985b348e0bec29fef04811ed1815477b8b90153fafee4c3925e 7002c260384fa68942bf1e2ebd6ff44b34f0749412a57dd907a687eac27e62a81ab77b1696921c03b34d9a816def7b84
CLIENT_HANDSHAKE_TRAFFIC_SECRET 09292c40c605d985b348e0bec29fef04811ed1815477b8b90153fafee4c3925e fc55960fd88378cfe58cde22ec4febdb927e1b52a79b34111ea9faed95e87f83c53f5480c00181789f21eb4ee1e2d292
SERVER_TRAFFIC_SECRET_0 09292c40c605d985b348e0bec29fef04811ed1815477b8b90153fafee4c3925e 56d72b6ec7361d6adf2c3d887f529bddec93442537e20818ff7573e7ecf3ff9791a1893c737f03922709978393d24c70
SERVER_HANDSHAKE_TRAFFIC_SECRET 7b16fe7a3d7ef41306d3d26829652bd5b56476f7114f334439574c8f31822d3c c039f4439010a5a9b3cc174117bffa3b40b6d611863b4e505e0a0aef315e9c11cc217993777cb6e8c279ca06aeed3925
CLIENT_HANDSHAKE_TRAFFIC_SECRET 7b16fe7a3d7ef41306d3d26829652bd5b56476f7114f334439574c8f31822d3c c1e05721f430136c67b2f0d47ebec4aecd05195067369daa23d846abc0f575159149303ba9fced821ecfce6bf2e55eac
SERVER_TRAFFIC_SECRET_0 7b16fe7a3d7ef41306d3d26829652bd5b56476f7114f334439574c8f31822d3c 9f3255c6ffaeac81ad3fdf10737277cbfec61a587c2b3c89031b8332dbd695d0338941e5b54d59bc77ffd6b9b928431c
SERVER_HANDSHAKE_TRAFFIC_SECRET c18fa6594e849b6b55a3c2005039d102b2c3e74526ecf372ba621a1e8dff97a5 bef380ef27906d2df8871b408fb004ee0ef89f07f0677996789879730df6391f164e08883e3d250a98c757792af5e6d9
CLIENT_HANDSHAKE_TRAFFIC_SECRET c18fa6594e849b6b55a3c2005039d102b2c3e74526ecf372ba621a1e8dff97a5 5d9fb85eb8aab55765ea73f030ad211149c02f4d9e720e9eef045a228f88f332fa8b91631cbb2de1577f79a2a64042ac
SERVER_TRAFFIC_SECRET_0 c18fa6594e849b6b55a3c2005039d102b2c3e74526ecf372ba621a1e8dff97a5 7e7ef342ad87871dac9925ba0eab3ff0cb2e81f4a179bbb5ca2349e54d820655a252d1938ce3b3839aca48e5582d5848
SERVER_HANDSHAKE_TRAFFIC_SECRET 9efcd46cf08ef7a3d3853e876f835af947086f6b60a517e54703ed694b23d54b 657d877d8ddb5e3ebf113a912520e3b688f92cb56d18bfed1c55ce3a0b2d79c9be10a55db0c91072c5102467110bd78c
CLIENT_HANDSHAKE_TRAFFIC_SECRET 9efcd46cf08ef7a3d3853e876f835af947086f6b60a517e54703ed694b23d54b bc7b0e2dbd5f442e71cd850fd19e4c268532638cb8f3f16135b45985faf53dca60311359557d57be93743c99d0c9cd01
SERVER_TRAFFIC_SECRET_0 9efcd46cf08ef7a3d3853e876f835af947086f6b60a517e54703ed694b23d54b ceb46796709f60c4b2891c94c21aa6086c9c578fcea93d2260e1d5d023fd54dbf1c6545cb9427cd18f68db49cebb45b5
SERVER_HANDSHAKE_TRAFFIC_SECRET 09c158ff748a01beb1289e2081b9c7f1e42f37ab7eb69bd37b346f539a3c3c8e 65bb2479b837f835a27f695b5f61618d35053c9274fb5f7911453aaed7529b29307e652e02fe37ed3604e226552e73b6
CLIENT_HANDSHAKE_TRAFFIC_SECRET 09c158ff748a01beb1289e2081b9c7f1e42f37ab7eb69bd37b346f539a3c3c8e 170ede392f37ffc394c94c1b50ddca90bd43797b65684fd6fb9a574ca4b5ddef2660eff440266ed90ffc988b7c1d7004
SERVER_TRAFFIC_SECRET_0 09c158ff748a01beb1289e2081b9c7f1e42f37ab7eb69bd37b346f539a3c3c8e 97f2be56f801cd2ac48c575f34291c43ab363393268ce3e643a10de284df8593c518ebd4d12777476e8ad12167b3a6d4
SERVER_HANDSHAKE_TRAFFIC_SECRET ab8fbd89a9304c6ff8108107dc257b2a6f5e224b09414b7197aeeca478ce1d62 c973598d688a7cf0c3f50a9e98e564141cba76def6630f7a05c646558ccd3da4975798503d7d4bffff56bbf9d9e79d3f
CLIENT_HANDSHAKE_TRAFFIC_SECRET ab8fbd89a9304c6ff8108107dc257b2a6f5e224b09414b7197aeeca478ce1d62 8ce2788c3ff9f9cb50e55d6609bccb0f50310b09c27136d9180402fbd66cd00b4502d0e28c0fcb90899146b2a73afb00
SERVER_TRAFFIC_SECRET_0 ab8fbd89a9304c6ff8108107dc257b2a6f5e224b09414b7197aeeca478ce1d62 83f4f51de50b2de402947679984f35b40d2e55400f7c6b9c1add9df3a5dd5b2a34d1c3440b97616e7e505c8ce9a144dd
SERVER_HANDSHAKE_TRAFFIC_SECRET 8e4e7500003b791152fda46070ba830f3e298829b6c1d063ba2e58b411754cdc 31c059cabd89bbde82de201e367c8a11240a2116fe95a403247448b0d5550bcf37cdc80febdcb0cb848e72d61b7b95c6
CLIENT_HANDSHAKE_TRAFFIC_SECRET 8e4e7500003b791152fda46070ba830f3e298829b6c1d063ba2e58b411754cdc f309a5804325b808c789cd39e7fa0a9c71bddf082d7754449f7574204f9b6ddc8edd502d675e9c6b6986bb73e5811ded
SERVER_TRAFFIC_SECRET_0 8e4e7500003b791152fda46070ba830f3e298829b6c1d063ba2e58b411754cdc 1e58637cb37864d537a984925fe14965ec2fe440bdb0a9d7af9083440d632d3d0aebef343616db96b3f3ebabbda2b916
SERVER_HANDSHAKE_TRAFFIC_SECRET 23b27a7b0d4ea6ba50eb1417397779822b4e9957b2ee454682e893339ac62960 0fe81316039350fd8fb3e1358bca12e19030ed31130d68410815e03871c5689b9405cc743b883e5c0d5bd50ab834c8b3
CLIENT_HANDSHAKE_TRAFFIC_SECRET 23b27a7b0d4ea6ba50eb1417397779822b4e9957b2ee454682e893339ac62960 165645d8e8893b0130d6a2aee724c9111c029ef2b3abafb09226d5f0ee2472f6bad5aafef6e0c543a1a08439dcb17839
SERVER_TRAFFIC_SECRET_0 23b27a7b0d4ea6ba50eb1417397779822b4e9957b2ee454682e893339ac62960 203142c55b0b46b56405cbf0fcfa4bedad4451399ed630662cddac398405376b8ff41e93194efe6eea66254827f78a4c
SERVER_HANDSHAKE_TRAFFIC_SECRET eae80f1a5537be5f52b75e000cafba7b4faafcd2ec6ad8e96a47e45353cae34b 2addb538599dfb8c9d948dffb1850b3dfdb1108e5798a909765bc86ccd32ee4ee816dbaa8239eab0ffe973f633ae2771
CLIENT_HANDSHAKE_TRAFFIC_SECRET eae80f1a5537be5f52b75e000cafba7b4faafcd2ec6ad8e96a47e45353cae34b eddf76c5ed7dd424a195d52dee4564a827dea153fd67d452d804a2041fe8d08c2a37374fe6059044e582d791049ceb5a
SERVER_TRAFFIC_SECRET_0 eae80f1a5537be5f52b75e000cafba7b4faafcd2ec6ad8e96a47e45353cae34b 83bfd6ecc554772813986a8bfe753324c0c26f34d003322807db2bf4b1bf58e030fd213fef85ab20d9ddb5f4351dc2bb
SERVER_HANDSHAKE_TRAFFIC_SECRET 2e70892bfabe4917a54460d01268b3f63d34dbcd3847d933c4819a457c163868 e02db977b4d238ffc4b2c237eda03f6aef22b095ebcc9c03b88f59c8995012002cffdfeefad5a662e9f8ee24219ca815
CLIENT_HANDSHAKE_TRAFFIC_SECRET 2e70892bfabe4917a54460d01268b3f63d34dbcd3847d933c4819a457c163868 1913f16449d0bd49114e76d232e905389a62c7bcc8987444b0acd5d767332468cd6b44660990c60de1a3d410bbb7d250
SERVER_TRAFFIC_SECRET_0 2e70892bfabe4917a54460d01268b3f63d34dbcd3847d933c4819a457c163868 9d3788d96089ab70970d12a3ff3f5ee288226fed3de7a64ace5de98d66cc60a6ef777e4cdc4e3ca40c59a56dbf4799d8
SERVER_HANDSHAKE_TRAFFIC_SECRET a178f30c64dbdf328f0e91f9a1e04c25aa63303e4d8c3f60ebac232a477f270b a400ae0ce305a4c65c20e5539003b8039ebdd7fbc0a155e4327622114d74b84d50936e85e25a4eb7e30e0cd7f3dd55d8
CLIENT_HANDSHAKE_TRAFFIC_SECRET a178f30c64dbdf328f0e91f9a1e04c25aa63303e4d8c3f60ebac232a477f270b 9ca29a783676c13fff8652aa51b0ac763ab56c269f2c8743431653a667e0cb16c7ecb59f17fbc1633f281ec9bec9f6f4
SERVER_TRAFFIC_SECRET_0 a178f30c64dbdf328f0e91f9a1e04c25aa63303e4d8c3f60ebac232a477f270b e31d8014f1e4bee9775296053d657b9fbcb076412abca53e17f4189c94683fd6a7e6838eba2bbf767d4c53491943bc34
SERVER_HANDSHAKE_TRAFFIC_SECRET 48a56a0d1820d0bada0a00c2baba742072b4d00e434e44ac3e2572f17f67d184 af9fec54f66d26fdcd423a2e1cd19cc5fc68ac7bc494b3f81bc414ea2cee5f5ce7484cbd73d67072674ea5fc7a359882
CLIENT_HANDSHAKE_TRAFFIC_SECRET 48a56a0d1820d0bada0a00c2baba742072b4d00e434e44ac3e2572f17f67d184 27a25cbf1a83a6206ee84bf72dd0898e2428e0ce97eb08ea9511ba0cf34aead8844cc103e231aca099b4a89e323abf25
SERVER_TRAFFIC_SECRET_0 48a56a0d1820d0bada0a00c2baba742072b4d00e434e44ac3e2572f17f67d184 e4517a90cc4f5a60bbd0cb4d5c3d1f0e88d3a20da59e95713d4f30b47cff9b1def84d233711cdb3b35f1b97296e071eb
SERVER_HANDSHAKE_TRAFFIC_SECRET b38375a1f773c63f5abd062e2a4a4cc24fddade11c953ace93c25b5dfe903e5e 7a022c6e82dac04b0ad7ef938528380d5429dee689df62f7df891b3addd8612168d9ebbf44e031af5e77da288500d8fd
CLIENT_HANDSHAKE_TRAFFIC_SECRET b38375a1f773c63f5abd062e2a4a4cc24fddade11c953ace93c25b5dfe903e5e 55d8f35e8d52ae9cdc91acc507755e216a419a97b8051cb02240a1ce8c97266a49c85efcd257bddeb78d71ac17e7777c
SERVER_TRAFFIC_SECRET_0 b38375a1f773c63f5abd062e2a4a4cc24fddade11c953ace93c25b5dfe903e5e 56941e0cc2c94f95e521cb3b6879437492b2c12d071c2a212a6524128a8c4ede77cb0b0f3914a360263ba608059aabdf
SERVER_HANDSHAKE_TRAFFIC_SECRET 21bc7626965d618382413b013917e598d0914445534509ff3cce2d94726f173c 035db49af32b4ec58fdf2ceee7d25cb88d2e2d93a4a81660346fc4e229b05276edbd1fc0f17f0d988df0e3531b443d99
CLIENT_HANDSHAKE_TRAFFIC_SECRET 21bc7626965d618382413b013917e598d0914445534509ff3cce2d94726f173c a510dd1ce29e2d54f9c1e3b1554abda86201f01e7da29d01653308645082f9b44919e2d9c8c0c6f5c4d110f1a459a548
SERVER_TRAFFIC_SECRET_0 21bc7626965d618382413b013917e598d0914445534509ff3cce2d94726f173c 7fb372d5da848492ddfdb6b624665742703925dd8b47f861b7c6e0aa9df5d33132fdbc4517f584adf0c7f593e5f6a9b5
SERVER_HANDSHAKE_TRAFFIC_SECRET e8bd5ae5afb17019ca06e40254c22e112cbae4960d8cdad6901bb7341d126eb0 33778395ae7774c27aab090428d4604720bc816bcec3a6022eccab23daa3a9fc7bca9f25f95c045966d3f7e5ed15b6a6
CLIENT_HANDSHAKE_TRAFFIC_SECRET e8bd5ae5afb17019ca06e40254c22e112cbae4960d8cdad6901bb7341d126eb0 280c762d4f1f9a5b6fd6d154c482d7f90af2594e794f56fd69ee1e7e3cfb9818aea2b42113e681ed535547affdd10d87
SERVER_TRAFFIC_SECRET_0 e8bd5ae5afb17019ca06e40254c22e112cbae4960d8cdad6901bb7341d126eb0 ed4c585e447ea186f827d1fdc4036992e4af4e6c5fd6d734e5807b6a53fdfc2a0cc907ee0e9941564ee4b50801339ed4
SERVER_HANDSHAKE_TRAFFIC_SECRET 728a177d887bec7975a9a078a59d597bfbe2777a4c9dfa12ae1da4f7bc2b3aea 33391e8aca026db4680ab0de53e79357de323576a735011a0bcbe9f5a21daff60c27089eab77aa5fd773eb21302b01be
CLIENT_HANDSHAKE_TRAFFIC_SECRET 728a177d887bec7975a9a078a59d597bfbe2777a4c9dfa12ae1da4f7bc2b3aea d237bd87a072bf70f721efba5401bfb9eecc9ec16e3d56e880dd3a76794e31a4f45b07d6190eaf477f5825be1add7864
SERVER_TRAFFIC_SECRET_0 728a177d887bec7975a9a078a59d597bfbe2777a4c9dfa12ae1da4f7bc2b3aea 8fbc54dab5b1cbc243103f5325daf85104b6ee879407bcf3b7398aa661ee9bfde49fd50416fc4613e189e030d72b677b
SERVER_HANDSHAKE_TRAFFIC_SECRET 58c4543e248ab9d26977acab23bc3f5c03f507c2c3a3c8bff04d52f46a36f48e 9edd1d9ad8985c0af7804c294e0deb1de1b0ab1454e6975b469beca664be411c8cea9f50aa26b5818afe8ccc2b5202dd
CLIENT_HANDSHAKE_TRAFFIC_SECRET 58c4543e248ab9d26977acab23bc3f5c03f507c2c3a3c8bff04d52f46a36f48e 31c588014217608fcbb38e0c00361f53fb4d8f4376f07d9ab0e1c4a145ae9d39640c7e11a4683a8b27a3cd73c9b11a7e
SERVER_TRAFFIC_SECRET_0 58c4543e248ab9d26977acab23bc3f5c03f507c2c3a3c8bff04d52f46a36f48e 96794a27b67b9741386b08e8672f2ac8bc042a3bff8294e45e456a5a8a10be5ee4ee9f9a58b4a0df3817591c72328f07
CLIENT_TRAFFIC_SECRET_0 58c4543e248ab9d26977acab23bc3f5c03f507c2c3a3c8bff04d52f46a36f48e d456473162c442543ed2b33213ef021fa0be3d5f057bc6dd42978513abe3db5ed96b07de531247bc7ca2b3addcacde59
SERVER_HANDSHAKE_TRAFFIC_SECRET 7fddfff9ee9dc298fb7f991fd004aaf397eb19da2493a306bd4128dda7193f9a 49a3be336b748c053ebc0a622936f8d222403ed565fe12d50fc4039e965586f9e9be253d4cf8c7d1829aefd82624fd37
CLIENT_HANDSHAKE_TRAFFIC_SECRET 7fddfff9ee9dc298fb7f991fd004aaf397eb19da2493a306bd4128dda7193f9a 0d15ef3655c458e73a10919752b2366ce5f359c5e511a5f1c5904382e5da0877b46a5432ab2cc4e4c4c673767dd7a2d8
SERVER_TRAFFIC_SECRET_0 7fddfff9ee9dc298fb7f991fd004aaf397eb19da2493a306bd4128dda7193f9a e6154ad70fe1cb61c12c5e1c1dbaefb6f1ad173f2152f7f1ad08b5ba345d8ebb1fa628d6661e174239036d3237c512cc
SERVER_HANDSHAKE_TRAFFIC_SECRET cacfd7df6c39b99684a9a4447cf3c70127fa803b4a01159426f0c9f5bded52d0 73c9e02185beaa9a0a7f0004dd85494534dd37af4c7f1a57661c827571dc163811381185b54480a53da9d4c7f720acab
CLIENT_HANDSHAKE_TRAFFIC_SECRET cacfd7df6c39b99684a9a4447cf3c70127fa803b4a01159426f0c9f5bded52d0 6140be8c057450fad7d150a936e0791491be951341104cad77847c2dcd484a1d65fbb459aac1adba6ccdea468d6261f4
SERVER_TRAFFIC_SECRET_0 cacfd7df6c39b99684a9a4447cf3c70127fa803b4a01159426f0c9f5bded52d0 99c29501edf9f63b0822f8f38c01d89877f63da3db45edef809ccff104585444476333003bfdc1e37a661dd129c1bf8c
SERVER_HANDSHAKE_TRAFFIC_SECRET daa8af7381e1f68f788d16cc8961dac31715f27e750fb65b5a4f8db9beb9872a 2abbd98d93dd81717d08c57ecda7083f7ee213f5e13b81a7f413825bb628d8ab05a96aff480fbf4ea4d09e5fb9d2dc5c
CLIENT_HANDSHAKE_TRAFFIC_SECRET daa8af7381e1f68f788d16cc8961dac31715f27e750fb65b5a4f8db9beb9872a fa5710126ce6af88a362b5cb5869fbda273e3dde28f10e111ef5a83a61320f46999abb73e47c638165a6c3515f546a9a
SERVER_TRAFFIC_SECRET_0 daa8af7381e1f68f788d16cc8961dac31715f27e750fb65b5a4f8db9beb9872a 0f47d6fdf29ab2a01add9a1cf09466911dbe02483f9f77f358235400a02610c8823d0affe10de928b350a815ce7a9032
SERVER_HANDSHAKE_TRAFFIC_SECRET 4afaf1da13e964839eda9306816154ce13cdc38e1e01f4bc504150ff7cee7158 1929b6a02f70ee1abbc3f798f3d63d0baaa715b047b4506b8e4766fb25073ca59d90f0eb78525ee72f4a663b16bd5a8f
CLIENT_HANDSHAKE_TRAFFIC_SECRET 4afaf1da13e964839eda9306816154ce13cdc38e1e01f4bc504150ff7cee7158 599acbcef73160a14b8f6ebe3d51be6f6b7611172f2f4277081716a8ac8a72bb0f024dfd420fbdb405ecdaee8dcf2b65
SERVER_TRAFFIC_SECRET_0 4afaf1da13e964839eda9306816154ce13cdc38e1e01f4bc504150ff7cee7158 6b4ccc4459f79c68096728079b8f205268cf6f08d156f75259a3481a71ffbea082dc8518db97b873517f2fac50058529
SERVER_HANDSHAKE_TRAFFIC_SECRET 80761c85096508c61a216fe93d0cb42a937298d6b49e1b95049cdb76ced81034 236fd7ee0038a3e6d5dfb08c9cf4140fdd46352cfc152b63dbbb1871de3124802298a771cd23edb9644ba146ec72981f
CLIENT_HANDSHAKE_TRAFFIC_SECRET 80761c85096508c61a216fe93d0cb42a937298d6b49e1b95049cdb76ced81034 913c9e376e06e4948982e8b51fa9a2d4acfee3bb825cf0ac7e0922be3030d6b9103ea6b0c544656112d903dbeb258e23
SERVER_TRAFFIC_SECRET_0 80761c85096508c61a216fe93d0cb42a937298d6b49e1b95049cdb76ced81034 dc523008bae6ba6a0cceec0dbf6bed7e4d91e8530a52929902333c1316ccec7ac77059863b1df8f10421d06cc68b1e91
SERVER_HANDSHAKE_TRAFFIC_SECRET 25f15bd5d230231ea90c2e8e4c75f63609d778dba21f9c2c606087d22c128507 b09c062aebf4d5f767f04bf21fec483dce91f987fea7075362cd51badc97120ac06ab6ddfbb72f4c2fdd41316cd39ec1
CLIENT_HANDSHAKE_TRAFFIC_SECRET 25f15bd5d230231ea90c2e8e4c75f63609d778dba21f9c2c606087d22c128507 d09897e58b3fa274c8819851612d46cac6003cf21c2b83cdba2322cf94b573396d6a460a21f9ed7e5422db3bd2082eed
SERVER_TRAFFIC_SECRET_0 25f15bd5d230231ea90c2e8e4c75f63609d778dba21f9c2c606087d22c128507 69794574dcc0cbe7bb0edf5eef3eb008367a8e4e3299017bc682c4b3c5880f9a33738741e5e07db3355e3cc5b6e0281b
SERVER_HANDSHAKE_TRAFFIC_SECRET e0390fec26a156aea6d329985bbd87f1c058e618c0a76aa6c4babc301e6bc306 d43c4551d107ac32360d6699c29d84312a2f857a15437dff1e8ccf6e0237d20577b9edda41054263a02ca87c35a0df94
CLIENT_HANDSHAKE_TRAFFIC_SECRET e0390fec26a156aea6d329985bbd87f1c058e618c0a76aa6c4babc301e6bc306 b09328376bc2f7706b8de435436c6457f82766624ef26a35f2792147ecfad83078b0fa8d12cc9b91fa7d0956a3010086
SERVER_TRAFFIC_SECRET_0 e0390fec26a156aea6d329985bbd87f1c058e618c0a76aa6c4babc301e6bc306 eb3503e727303c6019cbdcf524e8051bf5f186064aa5b330a552b8b45c857b6c0d17666329ddb1c6b54586971f7282ae
SERVER_HANDSHAKE_TRAFFIC_SECRET b6b9f7abe266444f534fb934db76bb6686e705a51878d22d43711eb193e17738 8f4a7bcb57bf36a0559108103376cf1dceea47cd075c5f366fbf6fdbf4f9e07c8ae9c301f6325625f5bc0e06a5664fb7
CLIENT_HANDSHAKE_TRAFFIC_SECRET b6b9f7abe266444f534fb934db76bb6686e705a51878d22d43711eb193e17738 16a785ef0b893cb9b4e2b63a850bf683ddf4bb95a04e4f935808e3d122ffa05de587a4a1d497732dd432664225954a6a
SERVER_TRAFFIC_SECRET_0 b6b9f7abe266444f534fb934db76bb6686e705a51878d22d43711eb193e17738 0720f6cc56e31e6db0d2e3e58d66b7a10438522ec9f298667f6a294c740aab2c68e7c7d3d16254b8a9e8c0a46541a332
SERVER_HANDSHAKE_TRAFFIC_SECRET 549a273e254d97534fc859b7a6606ba37b6cb48ce1dfe2d8a45cbd5445416836 c0429de3d9153ac0397cfb7bee5de2288aafc6189f9ebd0dc90e99f6a867798399e7c0b75043d782e96b634f84225ef5
CLIENT_HANDSHAKE_TRAFFIC_SECRET 549a273e254d97534fc859b7a6606ba37b6cb48ce1dfe2d8a45cbd5445416836 78aec0524d67845ffb1de10ed13874138bc4e35b2ae83f073d9d3abd4b3beaae08c092da7877dd36a639043621994449
SERVER_TRAFFIC_SECRET_0 549a273e254d97534fc859b7a6606ba37b6cb48ce1dfe2d8a45cbd5445416836 3f9712f7d875918a3041eb4bbebccd1b8af4c46b24d7b8b4d7e010efdd08c3cccb58dfc83c68c328b9344349fbe80c05
SERVER_HANDSHAKE_TRAFFIC_SECRET a3284fad584640889d2244bdc0ad2c5a977826d3103ed2b0cd21c5db3e50ba5f f96ea8f38a1384a1440a781d2905bf17c8f0cd3eca3bfb1991f47df5c402fefff2a2c88ffdb9ee0ee08bb09a17f0c85b
CLIENT_HANDSHAKE_TRAFFIC_SECRET a3284fad584640889d2244bdc0ad2c5a977826d3103ed2b0cd21c5db3e50ba5f 1e84ac8ea90d633d08344ceddd87d60c8a9c3888046bded18c7681743b3defa1605b94e97ef980d180117409850143b5
SERVER_TRAFFIC_SECRET_0 a3284fad584640889d2244bdc0ad2c5a977826d3103ed2b0cd21c5db3e50ba5f 52759a610e522feefec5988b439801f69ff1217b550f009ba9c700286da58a4349555a8a18ad76ae7c10bad0359309b8
SERVER_HANDSHAKE_TRAFFIC_SECRET 1e2af2a898a732016ddb3fec89bf6f77d6a89692c2625e36a1dfc7fa51b4e17e 9170211333dcd5ccf90ee24faf03c6848600aad2e08f854a951a4d23484d704b3e380a1f26d26bf2f907819be0b425e5
CLIENT_HANDSHAKE_TRAFFIC_SECRET 1e2af2a898a732016ddb3fec89bf6f77d6a89692c2625e36a1dfc7fa51b4e17e 827b519166a6c505be9bb5b471025fa3c01528b436d7dfc731907a09d6804b0ff47c9cde29e29991793dbee093b7f695
SERVER_TRAFFIC_SECRET_0 1e2af2a898a732016ddb3fec89bf6f77d6a89692c2625e36a1dfc7fa51b4e17e 43d10efe88d450ae34ac48c629bc261e9db69ce0dcf8ac4ed2d65dddba6cf2f597490fdb1dc7c8a48a0be61264b333ef
SERVER_HANDSHAKE_TRAFFIC_SECRET d20285e06265ef15ccbe52064b10801bb832794bd39e428885017f9fff969cb4 04cf33c36af2945d4d174c22f2e5bebf674ab606fea5a478be7514bb8280cdc69d5e7eed3e017c5eeb50c9cf177fe16e
CLIENT_HANDSHAKE_TRAFFIC_SECRET d20285e06265ef15ccbe52064b10801bb832794bd39e428885017f9fff969cb4 fc1750cde67b8378bc2fc34b9720e4de7b515bd2a1c19e868d9f45040713f73352846c04d583746e1e67930eb541a193
SERVER_TRAFFIC_SECRET_0 d20285e06265ef15ccbe52064b10801bb832794bd39e428885017f9fff969cb4 203ebc2b89854fb4707174b780c3536556d1ecbd629f2303eee7fbe3e9fe9d816abddd5d7b1f90c553c9c7f5f91568f5
SERVER_HANDSHAKE_TRAFFIC_SECRET 06e3990020a8065a1fa54827b801eb46dc2584688ce331cc12c0d60aef7bc258 f8c7e02895f264b38623078ea9bece758f7f944eeb747e8e84ada2eee2b051a61c8973049954a25b5720e067a8f79944
CLIENT_HANDSHAKE_TRAFFIC_SECRET 06e3990020a8065a1fa54827b801eb46dc2584688ce331cc12c0d60aef7bc258 a2c174651b64cbf519828538c8234292e5bafdb9e4b97874793f7f2507ea72a5df15e1f5ed60f64dbbd7573de4dc8090
SERVER_TRAFFIC_SECRET_0 06e3990020a8065a1fa54827b801eb46dc2584688ce331cc12c0d60aef7bc258 4188ed8ec11764b860156080b8c4fa2da73482e24823a4d4052bb79bafc1abc508f9c923cda83892a4db4c85c3756566
SERVER_HANDSHAKE_TRAFFIC_SECRET 0626b0ad4d440c9e0185f6c2e96c8f574ef786c36ccaef9fdcdd94feac0888a4 6e84b6ccdb1e608e40a06f769fd395f957e14d5a641ef5e318a5aca8538c7b795a43bfea27430591cf8b444dfcab4f6e
CLIENT_HANDSHAKE_TRAFFIC_SECRET 0626b0ad4d440c9e0185f6c2e96c8f574ef786c36ccaef9fdcdd94feac0888a4 0ecb4dded50ad7295e53ea029ca1005d07f9cb6be4f504030c822ada1dd3247d2cc8db8abb98eb63dee6e2c58d4d1a7f
SERVER_TRAFFIC_SECRET_0 0626b0ad4d440c9e0185f6c2e96c8f574ef786c36ccaef9fdcdd94feac0888a4 e0e5e6417456ad039b7b598588fc3362b8aa4bd0eb07a7f7e620b0a4fe5390553a1519215b24c5eaf6e0e1d56ecd91eb
SERVER_HANDSHAKE_TRAFFIC_SECRET 36838eaaf04882f5dec3c31c47b091e8770268f6388da8f62bd1dd0e33517c87 8ff6f7a19236104c130d7756e80807709d4192565276574232932fbcae354416362131a0813e07e27f6d895b4927dc74
CLIENT_HANDSHAKE_TRAFFIC_SECRET 36838eaaf04882f5dec3c31c47b091e8770268f6388da8f62bd1dd0e33517c87 2c81973d163e4569cf54b3cd7f773c0ce795728b93ddb787cb91f1ff97a87b8048a306e135fc1603552e83471ff8a067
SERVER_TRAFFIC_SECRET_0 36838eaaf04882f5dec3c31c47b091e8770268f6388da8f62bd1dd0e33517c87 e5c25a560ee5fa8861aeb0c5d149fe7231cd6e5fb0bb4732c620f6d05771c5cc89e99fcd3625a84287f077bdd4eba598
SERVER_HANDSHAKE_TRAFFIC_SECRET d6dedfcc0f07ea848e8c7db93a2c6899c60bad66a685004d879637a82d898101 c37fec56d9c17edede8b73b2aaa199d6dd1c4f0d411cef44c70807420cd1bbfe65eb35e5f0704ef4a3e7d089997b6fd4
CLIENT_HANDSHAKE_TRAFFIC_SECRET d6dedfcc0f07ea848e8c7db93a2c6899c60bad66a685004d879637a82d898101 89dbf894ce6084b6c52ab03633b2d606eee44e1cdc8a8bac8c63a309752019bc2dd64a6792f311710f6c4d44f44d83da
SERVER_TRAFFIC_SECRET_0 d6dedfcc0f07ea848e8c7db93a2c6899c60bad66a685004d879637a82d898101 5a814524385053761b1e030b317b2da6a9a0c154a0ec6d17058ef34776f37f8f8924726b71a0a9aa6679a93c54c848fe
SERVER_HANDSHAKE_TRAFFIC_SECRET 2a35cb73500ea7d2ac884cce82c6824bba5b7943ad289906892573d8ce71f4ae 2c08c42b1a49a4c37aa4cf2175e5697e1f493112235a657b9484d1ed481f3382ec500b42d1d84b93a8a0a873830ba011
CLIENT_HANDSHAKE_TRAFFIC_SECRET 2a35cb73500ea7d2ac884cce82c6824bba5b7943ad289906892573d8ce71f4ae 209dbab1c0b607a2ceefb8998e246cf16fad92fdea8d895baf5279348dec8f52cd287740704f61b20007fbf36e418048
SERVER_TRAFFIC_SECRET_0 2a35cb73500ea7d2ac884cce82c6824bba5b7943ad289906892573d8ce71f4ae 3f5f0a33cf9d0713c3c715487e7114d9b60075656d67708c807e6cfad2a7dd7d401be5295e82657fb5dd6b5d0daade3a
SERVER_HANDSHAKE_TRAFFIC_SECRET 6b42b73376e137eeb3476bdbc1005120505d381280f7a5e94487012ae5701860 ab582e63121be1c18ba0c64b88640e5910069156a3c52494440340774e0fd5d3622e9e70fc7658d19ba5b05e4bd8723c
CLIENT_HANDSHAKE_TRAFFIC_SECRET 6b42b73376e137eeb3476bdbc1005120505d381280f7a5e94487012ae5701860 ef07627515bb8fbee80fea212ce13f65c0086bafc9658ae9eb58d3050a973606f8ce00f58a38163dbc965f7803712ca8
SERVER_TRAFFIC_SECRET_0 6b42b73376e137eeb3476bdbc1005120505d381280f7a5e94487012ae5701860 df8779f818705b64a9a347b3d2cae89b30870c95cd38e49f4a5d779f48bec935d3fb67fe9737ac6b716b5a88c0854272
SERVER_HANDSHAKE_TRAFFIC_SECRET ed8e00e4eb1824e0dda0daeaebed58de70a0b8fa246605b7ac1c93f7f69be5cb 3e96d1ba82a8860707f871817baa4500fea63142f8c40e7bbb4786af321da7332f190a5d77e3b2a03705735f24de3a61
CLIENT_HANDSHAKE_TRAFFIC_SECRET ed8e00e4eb1824e0dda0daeaebed58de70a0b8fa246605b7ac1c93f7f69be5cb 0bf89c3906154df810aca9edd0a122e654dc18f7aca03ed294c9ca294edc93974cb6092d741ceac7bb81c89146d434b0
SERVER_TRAFFIC_SECRET_0 ed8e00e4eb1824e0dda0daeaebed58de70a0b8fa246605b7ac1c93f7f69be5cb 149637ecbbd079ed6c6fd6de2facf6cacabb3aefde45adb79e938bc8ed5cf988c0ddc799f086aa01ceb67a6126b876e8
SERVER_HANDSHAKE_TRAFFIC_SECRET f9acb672a726e1e226ecebd443c2f73855cc2ff86739df8ecd08ba45c436a27c 059f27992ae37f6f0da9dcab42c2324c1b0e8cf0a5dd01472f93230a25bcd88a61888cc66460e556b63312517f6f8b78
CLIENT_HANDSHAKE_TRAFFIC_SECRET f9acb672a726e1e226ecebd443c2f73855cc2ff86739df8ecd08ba45c436a27c 6a485d3c4d5f016be738c8db57e39793dda0e2089a278fc9c991015ea6275ef743e815267c508e08f770a1d33617a8c3
SERVER_TRAFFIC_SECRET_0 f9acb672a726e1e226ecebd443c2f73855cc2ff86739df8ecd08ba45c436a27c 52182892b49e2c3c8f63ba5659a5b0595605a6c3a98f79bcfff5c4b280b4207ad24b856d144b78808efe02e61b0c58b0
SERVER_HANDSHAKE_TRAFFIC_SECRET 02c54f3df49cf5d2545e074d8e840fbd0f07503a8e0686c8317e347aefeeeed5 84f0bf51d57ee2822483b6a21ebf6ae267c1f16a448204dffb3c53a1bca945d7ce062f682f83e0aa07a1f656ce2c5c01
CLIENT_HANDSHAKE_TRAFFIC_SECRET 02c54f3df49cf5d2545e074d8e840fbd0f07503a8e0686c8317e347aefeeeed5 ec3822c1c3705318b555bc7e26dc36c723c5ab0e89f913fb43e9d6f64e3ca5144ae6a42b58b68d51668d3d4c9dff5746
SERVER_TRAFFIC_SECRET_0 02c54f3df49cf5d2545e074d8e840fbd0f07503a8e0686c8317e347aefeeeed5 094c7076b6fd6063920913e6b823b95c4ac6fa489d3baca47f23843541c15162861cefc68135ac6a03b7844f47618a56
CLIENT_TRAFFIC_SECRET_0 02c54f3df49cf5d2545e074d8e840fbd0f07503a8e0686c8317e347aefeeeed5 9cb5270d71b657d84012e9b05aabd1d4f1b12c77655aeb86ec0a984fa209f6162c994a9952849a93f7143c0c2ad3d066
SERVER_HANDSHAKE_TRAFFIC_SECRET 3941513615ca1c1c2534f9ea13090037c0d5d3058bc57a046045034640e18899 4bac2f11f2af6f33e3b40cb710e5dcea109e96d8fa97796b4641c1932ad0d9cd39bf03d661e967bdeb0af9d0b7d16a03
CLIENT_HANDSHAKE_TRAFFIC_SECRET 3941513615ca1c1c2534f9ea13090037c0d5d3058bc57a046045034640e18899 a4305ccece8263e45bc3598b2abc514c73caf6fef374c1c37f6826aff23cd30a9391a03d5e8c20bb20559492b91a7f3e
SERVER_TRAFFIC_SECRET_0 3941513615ca1c1c2534f9ea13090037c0d5d3058bc57a046045034640e18899 fedb2063634a75e8827155c26ef0b0637077abbd4c4a81b15291924a95ad00aec488e80207e56fe061ee98d5603dcbbd
SERVER_HANDSHAKE_TRAFFIC_SECRET e62517330386de0da1ac939f60752d0a42c09c082f9a2716ed61ce4a242c3eab b11a213e675b86a939932760e49ebc0412ca14f50d9e17b21488b5d6fa7cb0894a7fa381fa360a93336aa028073c25ff
CLIENT_HANDSHAKE_TRAFFIC_SECRET e62517330386de0da1ac939f60752d0a42c09c082f9a2716ed61ce4a242c3eab db29a3eb410732ca5f96fddd935ee1beb148bbdc3c89a08786df5525fbf45dc0326a623975723eaed5c654d1cfd4a47b
SERVER_TRAFFIC_SECRET_0 e62517330386de0da1ac939f60752d0a42c09c082f9a2716ed61ce4a242c3eab 4c9800878fe22c3a693df94c1c10bae1775442b1928e81df081d187dd726953e1ff4ce6999b382ace70ddb8dd5ac5a11
SERVER_HANDSHAKE_TRAFFIC_SECRET fa72a7d823bb17a9c6b6fdee59432a539434633503ce59c641d06db86a9043fb bbdf99df7acc47efc4c7077b4e5f7a25e511228822fdeaf861cd6804cfd0c3cfc7705c7c2c215fad10dc0c37bd9b122c
CLIENT_HANDSHAKE_TRAFFIC_SECRET fa72a7d823bb17a9c6b6fdee59432a539434633503ce59c641d06db86a9043fb 5d502db7764bb2de15abb2a737edb0bec8b6138653344ce7c9dc3bc978110ad5867bfeb38e93b6d0d6e883a02a41e9a7
SERVER_TRAFFIC_SECRET_0 fa72a7d823bb17a9c6b6fdee59432a539434633503ce59c641d06db86a9043fb f1d3e922f329b5367484cf9472eb33fbf663755d4ed3a827ab285e027b052fff8918bace0e3cc360c39cc5c7b444239f
SERVER_HANDSHAKE_TRAFFIC_SECRET a2a67140b7b2f771bd0fa68dbdf7dea360d2d1cef9763e219bacd8cd0b42c692 d92b394b593484537d41c08adf31cc1b825b4ed69cd3338322bfe290cd0a6ddc839a4b966db811f664db58c49d7806ff
CLIENT_HANDSHAKE_TRAFFIC_SECRET a2a67140b7b2f771bd0fa68dbdf7dea360d2d1cef9763e219bacd8cd0b42c692 9d3d6a61c5bea1ba12664f4ccd853459660162af795c5c8a90a0fccc044424917d554f5a85a67813b5aaa9ed404b31cc
SERVER_TRAFFIC_SECRET_0 a2a67140b7b2f771bd0fa68dbdf7dea360d2d1cef9763e219bacd8cd0b42c692 72f3d465a37a1d537f3da6f571a77a1e22044d83ffae29c02c7d91d17b67a6a5221663657cf5a9d2b665ed5078f05339
SERVER_HANDSHAKE_TRAFFIC_SECRET 5c18e4dac6a9b1bdcd69993b18d8e251f1712c97b6935d818c27db3a77040081 67232c97bce2b7d0d2de5835143fed30bc708191ce8088c59547bc75aa75f3f24853542d22e2ebca868f50afc9f200df
CLIENT_HANDSHAKE_TRAFFIC_SECRET 5c18e4dac6a9b1bdcd69993b18d8e251f1712c97b6935d818c27db3a77040081 b387383a00427cda7436da604d562a0334d8aa1a4a7281e97a32287c931cd8e49a5c584f136bb017bf47d111458c1a8d
SERVER_TRAFFIC_SECRET_0 5c18e4dac6a9b1bdcd69993b18d8e251f1712c97b6935d818c27db3a77040081 6f99701332ffb99e37dcd6d887492e6e6eb09bcea529073b382c68c72257017977270ced6f94c1ca5ab4c73921c52b6e
SERVER_HANDSHAKE_TRAFFIC_SECRET b1a19462c2b56b93f9e25733307bcafe3d9df7f5fd87c2a90909b90bf152071d ff71b52210d44b49c85e35326fa82176232a721a7266c5e4343ab90221fe5436da254e1b9dc17b335e290fd17a56d5fe
CLIENT_HANDSHAKE_TRAFFIC_SECRET b1a19462c2b56b93f9e25733307bcafe3d9df7f5fd87c2a90909b90bf152071d 279e56ab90d29552455c3a6c82b42572b9108132f1663849d1598dacf068e255649b622f3b408c56312a534754e55406
SERVER_TRAFFIC_SECRET_0 b1a19462c2b56b93f9e25733307bcafe3d9df7f5fd87c2a90909b90bf152071d 0f0d48f63804ff31648973748d18ce29c100da1bf8090e28e6d9cf3bde242f967c5c4cad7f94ec3eca5a4e5596cf99b4
SERVER_HANDSHAKE_TRAFFIC_SECRET ddb8434647d11f2fb6b19c6cc3cb2f30fe28d1e6bafe169c8bb0e5c023aa7d2b 00c00a03eee09c9278bf8eb04a7e07652d1ff2f40031dd4bb38bb3575547a35f9dcb970332cde944b9f5419a760f81b8
CLIENT_HANDSHAKE_TRAFFIC_SECRET ddb8434647d11f2fb6b19c6cc3cb2f30fe28d1e6bafe169c8bb0e5c023aa7d2b 1ae683f3cbb203389ecc6f965e6c98ff6a82f8e211c8a48a9f349958cec64cb72f17f070a1e848d5d5afa382f9372301
SERVER_TRAFFIC_SECRET_0 ddb8434647d11f2fb6b19c6cc3cb2f30fe28d1e6bafe169c8bb0e5c023aa7d2b a16e4aeeda90415700b60f7fb1deb6ec391e9a99de3ebe28b041a576e0518c5b2d17b55014432ea338f8d7b7d9b69b72
SERVER_HANDSHAKE_TRAFFIC_SECRET df420527287df8db784184199d14dc014114b5c0f6bb2464c8a0ab3c63f064c8 2e18a9b1e701411890d03c719f0aff44d5a10c0fb019ff721d7473e86aa77979c0dc6dafa45458297d05190d12977273
CLIENT_HANDSHAKE_TRAFFIC_SECRET df420527287df8db784184199d14dc014114b5c0f6bb2464c8a0ab3c63f064c8 03e9789644d0031ee1c65da3ba2aa6118848d61ee7e8be2d4d57ac8aa00d60e70a2713acafbbe2e0e5e6943d59be3044
SERVER_TRAFFIC_SECRET_0 df420527287df8db784184199d14dc014114b5c0f6bb2464c8a0ab3c63f064c8 4c4dbca2b044eaa9c652c765fb7b5088c97eb88bd5383fc593d2080123658889a95938779b666c6e449827b4d0a1625c
SERVER_HANDSHAKE_TRAFFIC_SECRET 58d1b2effc2b181278e119a5bc5400fe8891a13d1f9a6a3c876e3ea3026e7b2f b7e5d77d8498b941e53b346d83fad2e57f4237fe7e9c072782763de4907967586b0f5408a148f830f9ba8ca1978b362e
CLIENT_HANDSHAKE_TRAFFIC_SECRET 58d1b2effc2b181278e119a5bc5400fe8891a13d1f9a6a3c876e3ea3026e7b2f a39248c2ca5df204036560cb8cd4c4333299875c74555e4db5990761e6220ae9f4688e6395aab4a5a884056be365771d
SERVER_TRAFFIC_SECRET_0 58d1b2effc2b181278e119a5bc5400fe8891a13d1f9a6a3c876e3ea3026e7b2f 580e5f5078e6f231fa792903c6a95955ea02fd3dd336d7c6c592c70256b0dd8eb8114dd03af355d90acd149121b7cfa5
SERVER_HANDSHAKE_TRAFFIC_SECRET b7f4f5ccecde1f539ec228e237c493a388c5b4ea714a04d6e8acbffb6b3a77fc 9c803e6dc57ba43c87c4dc1d57f7fc472303804dba5ec8ac0e5627c45eddace2d6db7d3f1acfb70d693db93acfab876c
CLIENT_HANDSHAKE_TRAFFIC_SECRET b7f4f5ccecde1f539ec228e237c493a388c5b4ea714a04d6e8acbffb6b3a77fc 336b32af7b5819b1a460e9110aff59d30bb31c1f24b17bc41d2e8dbf63d4a072af626910bf05475b9669248bb15558ae
SERVER_TRAFFIC_SECRET_0 b7f4f5ccecde1f539ec228e237c493a388c5b4ea714a04d6e8acbffb6b3a77fc c815aaf51ae33ac3ae4ad156f4bdb50375340df4588d2c629e9b60471f6b95fa67917cfae9666dd3f148bc9555ed75e6
CLIENT_TRAFFIC_SECRET_0 b7f4f5ccecde1f539ec228e237c493a388c5b4ea714a04d6e8acbffb6b3a77fc 021739a99e182d30c9f2808fda370063b8806a47d60efa67d221af838b6779a3fe3337ea4fcc03d76bb86214b4d10a30
SERVER_HANDSHAKE_TRAFFIC_SECRET e58a1bae1ebd2d48739e1c59344377c3a2d193ad36a5eb15dd260f85de4942f4 07880388085831ce09584c75645f5e2ed37c3b8363e417a8de57f30a6dbfdd535ec804d0d54ce195f133432d7f3c9311
CLIENT_HANDSHAKE_TRAFFIC_SECRET e58a1bae1ebd2d48739e1c59344377c3a2d193ad36a5eb15dd260f85de4942f4 bb91cb5cf4030386db359c491fa46ecba4ae7bc933b2ab7eac2ff78a403ca59960745d7c07316c6059fd16a7b063b960
SERVER_TRAFFIC_SECRET_0 e58a1bae1ebd2d48739e1c59344377c3a2d193ad36a5eb15dd260f85de4942f4 bf466df6ac2b32c37f8c5ae15e88531c39b3150421e6947dcc56e9035615aa0ceeb2f304e47881142dcd0453ba9fea69
SERVER_HANDSHAKE_TRAFFIC_SECRET ee72842da99a39d0051125a82f2e9deaeb9ff7b0d9ee8303babb3033d67d4097 a1410805825535c37ad2de5fc3c4caeaed1080c5c9837d4f8542521bf5c8f0242d14d60020a6cccf518f9ec75383e1b6
CLIENT_HANDSHAKE_TRAFFIC_SECRET ee72842da99a39d0051125a82f2e9deaeb9ff7b0d9ee8303babb3033d67d4097 398cac6cfe8ea59b7174b7cf67021689d237618b8ce319a95353c6f4f6dd709d86076be5917c6ca7009efefa444b2278
SERVER_TRAFFIC_SECRET_0 ee72842da99a39d0051125a82f2e9deaeb9ff7b0d9ee8303babb3033d67d4097 3027b409e94bcec3cecb1c7d7f37bdf403a23f4c673c01065a4149648b539581170c7c29e66c1bb8538ceaf4b641b015
SERVER_HANDSHAKE_TRAFFIC_SECRET 2634bc5d50c27b55288f8d27ddd24e24fc9aea7adad6d90cf2c58ad477580546 c35e76ef813838a8f5e25381afe4c2dfeb6ef0d5077d8c7206091b2b79904066100060b14f1ba1b28475ef398f55c23b
CLIENT_HANDSHAKE_TRAFFIC_SECRET 2634bc5d50c27b55288f8d27ddd24e24fc9aea7adad6d90cf2c58ad477580546 d6ebe656c1dce978c713d785389dd9cbc6d12e53c1aca16be5db4b806182b941a041ad814b25f03c0aa0c819b11d4dac
SERVER_TRAFFIC_SECRET_0 2634bc5d50c27b55288f8d27ddd24e24fc9aea7adad6d90cf2c58ad477580546 c54f76c8be8a5acf7c79f33972376bce540c98bf02643cc459f0874b2043ea70804f984b0d6a4efd0e9ad0856fb7eac2
SERVER_HANDSHAKE_TRAFFIC_SECRET 93253cef6d9beac6e68abfe2cfcf1a9d3f701c454ca9dbde015b2b380923e108 0817e171fbd777f434547aab4f58dd73545f3645ee29cd0d3d496153d97c664aec4f6d42deceebfd3084fbb45620f3f9
CLIENT_HANDSHAKE_TRAFFIC_SECRET 93253cef6d9beac6e68abfe2cfcf1a9d3f701c454ca9dbde015b2b380923e108 31c72a0634f97cb63f19fc760b05e4cf30b005243bcdec976290f3cbc3fe5009e49f4c97104f5c26ecfe659bf7f17a50
SERVER_TRAFFIC_SECRET_0 93253cef6d9beac6e68abfe2cfcf1a9d3f701c454ca9dbde015b2b380923e108 89fb334e4e66870abdf20bce658cc9d6c49a2227592a1dc90bb64adca4f63f9ad99f4cf357c0eddfaedbd8a36fb45d5f
SERVER_HANDSHAKE_TRAFFIC_SECRET d7f185aac0236deb33dd72f3d915151aef1744b783b0ebed8fde84a4d09774e3 24ee56a1782b53f209b8fc090d8954e04b0fd2e4026d91c1a5a897c15cfe20563aa2365f9589a5815fe3c9edeb557e5e
CLIENT_HANDSHAKE_TRAFFIC_SECRET d7f185aac0236deb33dd72f3d915151aef1744b783b0ebed8fde84a4d09774e3 adb2a94b6f16252b8bfddcc04d7a0b22c9e92c7f059e6d2407732f8156626421732e4b66b276b010bb937461ecdb1347
SERVER_TRAFFIC_SECRET_0 d7f185aac0236deb33dd72f3d915151aef1744b783b0ebed8fde84a4d09774e3 08ec59c4bf3143088741ab761aae7f11cc62033ea9ba7867af4190cbbbf957c23a8191d8ed33d69dbb9e1a756222ec85
SERVER_HANDSHAKE_TRAFFIC_SECRET bd2bf14ce67a8aca510b05efc403962513a4e88640dc6efc7c333fca06a03c3c fe67a19663fd1b6bb5e500d362e52c327f6ee0a1e536925e7d3ed1e9949cdbb8baa4eed0a3441e71aa497d67008243a5
CLIENT_HANDSHAKE_TRAFFIC_SECRET bd2bf14ce67a8aca510b05efc403962513a4e88640dc6efc7c333fca06a03c3c a5aeb36cc670ede441593af2fdc5a3c6c849edc1edc00550d83c7923be0be60ea4f32e0c33992e7f67589289b9c158aa
SERVER_TRAFFIC_SECRET_0 bd2bf14ce67a8aca510b05efc403962513a4e88640dc6efc7c333fca06a03c3c 76b9d308b501d6cdb12fdb75806fde376ab981ea4ac34a4a466b7f86129a4db6aa8086b9c9aeee4c178ce76129eda1ea
SERVER_HANDSHAKE_TRAFFIC_SECRET 6a683637700eb04a71d7dd5b90d7553c8de3fbbdd6ed49a8edf378581d8b310f 6c35649f117158ee98f58a38ec2f9c3774f67956273c628d50d0bf2672ddd3602fee8461957e1e8eff558151edb60d37
CLIENT_HANDSHAKE_TRAFFIC_SECRET 6a683637700eb04a71d7dd5b90d7553c8de3fbbdd6ed49a8edf378581d8b310f 7b9810823e5cf59364a58bc78182805c19fac2b37f3f91423a486e380d46e4683e541deffd1d49fc7ef0ca90976af629
SERVER_TRAFFIC_SECRET_0 6a683637700eb04a71d7dd5b90d7553c8de3fbbdd6ed49a8edf378581d8b310f a024ebf2cbf66dd20dee3d2c6fdc83d2fe9c4ea443fb0a19d731fb1745ef6c063e477af638a9c508bd2e4480e5abeb69
SERVER_HANDSHAKE_TRAFFIC_SECRET 9b019a345157e85e148cd6f7f72bf93b7f65b014c79c8808fcebc53bc15dbabb ab196b3243942951ad476e58e08c6d192a43a9bc1efd7c71b164f395ab404ac960ef045dadf76fd84071188b8e98fde3
CLIENT_HANDSHAKE_TRAFFIC_SECRET 9b019a345157e85e148cd6f7f72bf93b7f65b014c79c8808fcebc53bc15dbabb a391517b0dc346db86889363beb4be956c7a5a23e311a8cf755b6d61fc141d97db541cbb4dd856ac14400f12c2b9fa1d
SERVER_TRAFFIC_SECRET_0 9b019a345157e85e148cd6f7f72bf93b7f65b014c79c8808fcebc53bc15dbabb 9f1509a262138fdb6e856e6872e82376eb735980db81124776399637abf7e268a840a5c1a767ba532ab8af4a8e384050
SERVER_HANDSHAKE_TRAFFIC_SECRET 062545b8c5422bedb123518de3e19411d18318cc4fc36bdfba34e2fe8d233104 24559695867ca6be9f13610765e328a8d684d5adb2fc0bce1073de77af63dd981133bd2136e45a9a61f962acc1a1a0a7
CLIENT_HANDSHAKE_TRAFFIC_SECRET 062545b8c5422bedb123518de3e19411d18318cc4fc36bdfba34e2fe8d233104 6e2f0709a441900fc8e0b2a9be435cb6b3cc890af3a3b2c92e6febb0f383333a25c1adfb4e9dea8a644983dd15ad8865
SERVER_TRAFFIC_SECRET_0 062545b8c5422bedb123518de3e19411d18318cc4fc36bdfba34e2fe8d233104 39e06e0374e4c382c9b41369f2ecec2f1a2dbebb76e87835722b76894e2724f9016ebd60cd6347ccfe30a9e017be94c5
SERVER_HANDSHAKE_TRAFFIC_SECRET aeb4cccac1c7c996667da92faf32847be7b61bf643287907b34bd34559dbb66b 24006cbc16418a97c3a61bc98d6dccb8c501c7e2ce53df3194f59c42a8b5c62136564ce44c5328bc71c78b5bd08657ae
CLIENT_HANDSHAKE_TRAFFIC_SECRET aeb4cccac1c7c996667da92faf32847be7b61bf643287907b34bd34559dbb66b 3a76e652093f84e2d352dfa3f47ce3468a24fb6a1eda56b2b676f151713ab1dd09477d465ac14d150d335874835b7e6b
SERVER_TRAFFIC_SECRET_0 aeb4cccac1c7c996667da92faf32847be7b61bf643287907b34bd34559dbb66b 0d6b2a4a8d8d8c5ae070d6376d9c08d1fb1815e920bd3d558aafdadca14067ee66ea2d67ac05a585e9a79d9e8737789b
SERVER_HANDSHAKE_TRAFFIC_SECRET cce2e52057c81c9e20d9641527268b601588d7681528a5238874bc0e07108d33 4e0f8b671b93a2aa9566aeea202582bd369f73c6f9631e8ecd4ba6798161e3db577c238910e1f2ece6b780c1b8da2bc6
CLIENT_HANDSHAKE_TRAFFIC_SECRET cce2e52057c81c9e20d9641527268b601588d7681528a5238874bc0e07108d33 1a03767e158cdc9947598b6cddbb36d8b97993fab424bb18f602f4c09ca8ff0704d7523236811b664ce109d40baba951
SERVER_TRAFFIC_SECRET_0 cce2e52057c81c9e20d9641527268b601588d7681528a5238874bc0e07108d33 fd8e3277374bccd02226d9f3567a1ce972d7ebadeb07d68d1383953d54e6ef708188cf72d45f8991d2160c03e20f5e4d
SERVER_HANDSHAKE_TRAFFIC_SECRET 845ede90692ed297756ebe8c6caf6ad55cefff524fcaa9e4c7303afe58ff8d76 7ba0f3fba496a7b4abfb1d49e586ddadd6d079808fd9e438c633b51335449b7d8542e277f387f97b14127a85c932e682
CLIENT_HANDSHAKE_TRAFFIC_SECRET 845ede90692ed297756ebe8c6caf6ad55cefff524fcaa9e4c7303afe58ff8d76 b56a33dadbd0d2532a3a990162db4b300afcbb6362cc6ca0e95645c4ac7ec6ad027a3cc05d26465d8406fd5b948b9e73
SERVER_TRAFFIC_SECRET_0 845ede90692ed297756ebe8c6caf6ad55cefff524fcaa9e4c7303afe58ff8d76 4e93c12b5f4e486068771847b8cb222c089784fccc188a6653f037ffb8867aad0da8fd2346aebba59273da592a3fec8f
SERVER_HANDSHAKE_TRAFFIC_SECRET 2371e47acf6b42fe5fa05c89a99c174a9cda6023db87eed35b7164a4fcbd5588 fc15b5ff552d9c75c1fc46d8c875769932108ef27f8ff2b837f2a9c59b7dbd8fb9473b056ec750e979ce009b5853f7ff
CLIENT_HANDSHAKE_TRAFFIC_SECRET 2371e47acf6b42fe5fa05c89a99c174a9cda6023db87eed35b7164a4fcbd5588 dab07bc446349835fa6aefeb2350bd59f4569426df4de95c3bc725746198b6a136e42c32b2c8ac6ce9a43a261477b627
SERVER_TRAFFIC_SECRET_0 2371e47acf6b42fe5fa05c89a99c174a9cda6023db87eed35b7164a4fcbd5588 b86ffce30f714d318e6cc493d9ab49bb9b2852d33f3e7ea83bf240e1c215a906015919f3d98cea7c234c0d70e58518af
SERVER_HANDSHAKE_TRAFFIC_SECRET 15d91757426b8cb20d77867f0a02248522f8b7e3b4386e0c7e78cba8e16451a8 4461c4aa6a9d3bf90d09c2c7ef1f7a95aa09321c639b564c0cb51ff418749aabfd33f5cdf2c1311409e0365980e7c19c
CLIENT_HANDSHAKE_TRAFFIC_SECRET 15d91757426b8cb20d77867f0a02248522f8b7e3b4386e0c7e78cba8e16451a8 553ed94dc9c3c2d612a44da0621e2f5cb9a32d4aa39a066c87ceca55ca426e4e2247de370b77edcd337718d99b9448a2
SERVER_TRAFFIC_SECRET_0 15d91757426b8cb20d77867f0a02248522f8b7e3b4386e0c7e78cba8e16451a8 6afa678b78205554fbf6cf07bbefee3ba5f13c9360eba5532f5df5354d69645157657d7d83f3a1265a0e65cdc6ffa2f6
SERVER_HANDSHAKE_TRAFFIC_SECRET d35dee0ed4216bd21f02be0ab10df91107807457bbb0d2ba585a159e9abddcc2 64c0f5dc5f9bd24b60dab9ecf3d37373f6c46af63dbe58fc9fba503a58dad0908b0727933b021396c88ec11685aba870
CLIENT_HANDSHAKE_TRAFFIC_SECRET d35dee0ed4216bd21f02be0ab10df91107807457bbb0d2ba585a159e9abddcc2 9562759d887b3ad98b2bc61d5f8e9c2b81a03fae333cf39c74ff2577376e4bbb7ed846ba2907e45beab375f2f5fc27a7
SERVER_TRAFFIC_SECRET_0 d35dee0ed4216bd21f02be0ab10df91107807457bbb0d2ba585a159e9abddcc2 092e75fcd7e7994b4b785275aa59ea541afc2c146dc3284306cc3711671eeec100d8ce2cd414952abc342d1553b3f095
SERVER_HANDSHAKE_TRAFFIC_SECRET b10adcecc32f7d622dc903997611dda4b6211146fc141952f403ce9fbcb73704 b51969e07c68728c777cde968b274a1a23e3d27edb06c196961c9b89c3759717ba9b6bfa415db08d54ab5f1b2e825741
CLIENT_HANDSHAKE_TRAFFIC_SECRET b10adcecc32f7d622dc903997611dda4b6211146fc141952f403ce9fbcb73704 53657de874c02684c96c344128670f8fed7459842de8441ef71c52cdb5eb550b1f9fba2d0ba8127a40abf073a7db61b2
SERVER_TRAFFIC_SECRET_0 b10adcecc32f7d622dc903997611dda4b6211146fc141952f403ce9fbcb73704 1d54724443825c4965ce8abd241dc98736b32dc1752e22d4ec18b41e1613a8ed3be02e6e3759c69f61bda53035fda6aa
SERVER_HANDSHAKE_TRAFFIC_SECRET c763918e8172ec1a91138729ee71bbb20b129fd4f3d5dd80de46c391b69689fd 8d92b66154711f22db9d83bde03a06a3c559cbb1638a11300313358528ff169b99726d563f93dfbd78897ab800ab20f0
CLIENT_HANDSHAKE_TRAFFIC_SECRET c763918e8172ec1a91138729ee71bbb20b129fd4f3d5dd80de46c391b69689fd b29085afab3d7f84602c5b9e186afa2a5b7e99d4a1121d63b8d5c72e6739125aa17fd3cbcffe6236b2c983b425a25ffe
SERVER_TRAFFIC_SECRET_0 c763918e8172ec1a91138729ee71bbb20b129fd4f3d5dd80de46c391b69689fd f95a052fa46630dbaff461bd06599fa628a1ce98df8af1316c0e130c83e362c05a7e568da49f3d50199dadd9dc431e9c
SERVER_HANDSHAKE_TRAFFIC_SECRET db1684d1608a98537cc1185736fa60ceb810714543f1717853cc5973b7983643 462ad20ec5675aec3408a829d1df68e6d9e70476a27a4d04c3426935920096d928394e36a6bf0ebe86cecf3091b16ac2
CLIENT_HANDSHAKE_TRAFFIC_SECRET db1684d1608a98537cc1185736fa60ceb810714543f1717853cc5973b7983643 b8577dce7a4839cebb4ce894931225c540adc70c21f9dc39ce2c84706de7eed0fa183b5155cb9c6858c9ac71296b4b11
SERVER_TRAFFIC_SECRET_0 db1684d1608a98537cc1185736fa60ceb810714543f1717853cc5973b7983643 670f563ef3c3c2a46719a6cf3ad01e38b097ca6d955d542753b8adf4c63ff410199c5cd560495b9f224773a8c40ccb05
SERVER_HANDSHAKE_TRAFFIC_SECRET 189a6eb536dfb883becbd9a4cf816d21342016c42803d680d104f0e7bf8ffaa9 13cfd3cea74339498b48ebfd7e9150346189966d62c2dabea3fae063b1a4adbda265a00f9e3b7019c31c088a996549db
CLIENT_HANDSHAKE_TRAFFIC_SECRET 189a6eb536dfb883becbd9a4cf816d21342016c42803d680d104f0e7bf8ffaa9 87ae466a89e6b98a36393dfec031c502ccf83465b5641f850b02c02088d4b735a01d118feeb5700f6e832572c501316a
SERVER_TRAFFIC_SECRET_0 189a6eb536dfb883becbd9a4cf816d21342016c42803d680d104f0e7bf8ffaa9 8ea476c6a70c86d999d3db6652a16e6e87bbd359d5007033290035dcc6e2429f33ad42fb0cf5e14efeefb034d8c9888b
SERVER_HANDSHAKE_TRAFFIC_SECRET a75cac989b310cf5d7b7c4c2676f6d8cbf7d235582afbf19cd949d2bd13c2ace b12c501c9d2e69555ebcde6d5396e1bb3e4f225b41b72184a671eb6443cc407f21c121c3dfe2ad49e6a710d62abd6989
CLIENT_HANDSHAKE_TRAFFIC_SECRET a75cac989b310cf5d7b7c4c2676f6d8cbf7d235582afbf19cd949d2bd13c2ace 1ba33cef4ffb90a1cf23e6fb7ef61ef81eca2a56da4c22919b6c759d550b2308ecdbbc4c649b4d231d466e42bda4a576
SERVER_TRAFFIC_SECRET_0 a75cac989b310cf5d7b7c4c2676f6d8cbf7d235582afbf19cd949d2bd13c2ace 95d449b6b085239df3edeafe4cf6400cc2b9d4fd450b0c1055765936316983703354986c7131aa3e344daab90b854215
SERVER_HANDSHAKE_TRAFFIC_SECRET 0667c8cc49e8dc8d9ef52d4443e642228713fa6f4941f23c32fe6b5c2efb7006 b155bf4566efd703df4b6c05159cb0920829f8b8b09fef4899dc8dbbecac86d86945210ad89508a8249db60674dcaf0a
CLIENT_HANDSHAKE_TRAFFIC_SECRET 0667c8cc49e8dc8d9ef52d4443e642228713fa6f4941f23c32fe6b5c2efb7006 7387c7e038de1e7590bdaf9a7844ae64d724d22bf793be4879d2dcd1e6a3cc5fd6b7d38c0f7828bb341114f988599115
SERVER_TRAFFIC_SECRET_0 0667c8cc49e8dc8d9ef52d4443e642228713fa6f4941f23c32fe6b5c2efb7006 65ff994457bec318041c37a4636e277c191eb0de8c4ed46449f51ce127417600eedfe41c4bab9c5a15953c42005680b4
SERVER_HANDSHAKE_TRAFFIC_SECRET ee034f6f5b480fcd1eef73b699fd99fcc73467c5932cc77033f28a0ef3e1b10c 14e5c16197c7e7a47d1528187a5a85aa8099775944074713ea1099778a8d5f0cc260dfcdc9a533d0e063ffbec6856c5f
CLIENT_HANDSHAKE_TRAFFIC_SECRET ee034f6f5b480fcd1eef73b699fd99fcc73467c5932cc77033f28a0ef3e1b10c 232675339f3c11f1d0187d38b5779c2cf1d17e8298492fd57eacac721aba75a64ab4dff2eeb3ac02748ba0bd867a1a91
SERVER_TRAFFIC_SECRET_0 ee034f6f5b480fcd1eef73b699fd99fcc73467c5932cc77033f28a0ef3e1b10c fa5355b605cafbf508870fb4dd700a572933a9caeacc4fd94244dc7e60b109d5ea55d3fe4c34ee369e5382d52ebb127b
CLIENT_TRAFFIC_SECRET_0 ee034f6f5b480fcd1eef73b699fd99fcc73467c5932cc77033f28a0ef3e1b10c 2725224ba5317b2c322d1c763aebba569e1338595f042ab7d73b81ff215c9991fe275394c889fcd5a4c017509a7022f6
SERVER_HANDSHAKE_TRAFFIC_SECRET 9ee99615adec47ccf04a378523aac03557396d143c2f86ccb16d894e3ae50c3d e53145a6dc72938820125ca028da461ee8efba4cd94a17ec532d74c655a2c41daf5eb0c3c95448dc1da14e5ef6ffab2a
CLIENT_HANDSHAKE_TRAFFIC_SECRET 9ee99615adec47ccf04a378523aac03557396d143c2f86ccb16d894e3ae50c3d c748417c34ea57c6b20647cc362c8d6dbc134850afe936aa9a0d05cd7b22e20af98a29de751260c41c3efd066e943156
SERVER_TRAFFIC_SECRET_0 9ee99615adec47ccf04a378523aac03557396d143c2f86ccb16d894e3ae50c3d 7774549ebcc72fe1afba017988968c9b0ff7daa1b6e91f34316bc2ebe5e4a63da86c8899e0d6e8bb5571c9ada14093f8
CLIENT_TRAFFIC_SECRET_0 9ee99615adec47ccf04a378523aac03557396d143c2f86ccb16d894e3ae50c3d b37d1c156c97e4bfab994b46909fd6bb0d1a206b7e0d870db7d2c5308c494d085785fed5f6824430521bfa8fcf3b41cf
SERVER_HANDSHAKE_TRAFFIC_SECRET 6aab716b50544e611da8d80bd753928c2f9c465286205690e4296fcfca62b5ec 3c80c438cd30818882585e955091792a736d10873d57813cda34fa1f18666157eeb8aba42778cd3fe24cdca1763f204b
CLIENT_HANDSHAKE_TRAFFIC_SECRET 6aab716b50544e611da8d80bd753928c2f9c465286205690e4296fcfca62b5ec 4b53bd0aa2d18115a389beada35286db73b76a0825bc81520ad1b9828dceaeae68febd18eb9a602191aa0984638e5000
SERVER_TRAFFIC_SECRET_0 6aab716b50544e611da8d80bd753928c2f9c465286205690e4296fcfca62b5ec 69f6b0656fd6ff3a7b991ac53fd9040ab4b3a4e62559af1a418ffbc23fa85ea877cb5e1b05fbb3c252a32ea465ab2c3a
CLIENT_TRAFFIC_SECRET_0 6aab716b50544e611da8d80bd753928c2f9c465286205690e4296fcfca62b5ec 93aa63d0297b029a9879629634120e677be68c428b7dbea6632249e7a3c670040dd7c56cd325fb58353cbc76097769bc
SERVER_HANDSHAKE_TRAFFIC_SECRET 9290896a45bdff62a8cd757caf9fcbd57f67b9703bd5ee5d9fafc122d4761924 62894fba6cdd87687658a0045f40d2e8470b0bdc2377922c23fe2dbf2bb6417c44237cd1e2a47f786b1e0a2b41aa2990
CLIENT_HANDSHAKE_TRAFFIC_SECRET 9290896a45bdff62a8cd757caf9fcbd57f67b9703bd5ee5d9fafc122d4761924 7f79d2366773f8d32914bd7f6e9ee9b06a210fd9da41ddad39aee5d7d9afd846a9a33a1b42ce9edd1b2118423dfd6fb1
SERVER_TRAFFIC_SECRET_0 9290896a45bdff62a8cd757caf9fcbd57f67b9703bd5ee5d9fafc122d4761924 fca35b29bbae27226bc63d43fbf93aaefca66bf3c65333b639f42c7b9d2b92453080c250f0c6ac6461103959d3b2202e
CLIENT_TRAFFIC_SECRET_0 9290896a45bdff62a8cd757caf9fcbd57f67b9703bd5ee5d9fafc122d4761924 15423ef1b6c5f4942f21a1b084ab93ce57b8f5004156455a9a774c74997cec64e8b4c06c1c478e75cbe9c456947b52dd
SERVER_HANDSHAKE_TRAFFIC_SECRET df8ba255e0b11c04484abc22b6e0d4a9c4359cc24e385ed0ef2b558d0cf283aa a9c6810ab4e4ed899b7e5ecfd60607777da4ee2c958e02b1528435d7d78739d967568c01073cc1eaa483ce5417d3c793
CLIENT_HANDSHAKE_TRAFFIC_SECRET df8ba255e0b11c04484abc22b6e0d4a9c4359cc24e385ed0ef2b558d0cf283aa 067dde34ef3067b22ab32229c1aa9eb3a6dd3d7b46131d30890dbbfa9afe5e4fe6bdcab639fd8e8637777517f6a27765
SERVER_TRAFFIC_SECRET_0 df8ba255e0b11c04484abc22b6e0d4a9c4359cc24e385ed0ef2b558d0cf283aa 20d664aab523507f3fc1dac9ce6935e138c405437c801defc64330c0e36a206e13eec3a35eef5246749d7e6643433694
CLIENT_TRAFFIC_SECRET_0 df8ba255e0b11c04484abc22b6e0d4a9c4359cc24e385ed0ef2b558d0cf283aa 310cb5a5b73f9d297abec662bdc8a9dae41dde213a24b0b8968ad7012de88f1c48aa97adb2df5269614f9e07139627c6
SERVER_HANDSHAKE_TRAFFIC_SECRET 2e6fe67d2b26555abcb1eaa9fe9ca3a081fbbadc1e518ee2f55ff7a784cb07a5 ad43ae0eb6b6b3039c0287c667e1f2b5c5101a12e257fb951a67a80480c53d01423577f4ce2af177c117037eb3a37a87
CLIENT_HANDSHAKE_TRAFFIC_SECRET 2e6fe67d2b26555abcb1eaa9fe9ca3a081fbbadc1e518ee2f55ff7a784cb07a5 76e2c6e2660e1a7c9e8298cf8dbb629002667ddb6fa3e5efd3271c5b7c1bc732091a69167745d0e2667b044f784ff9cc
SERVER_TRAFFIC_SECRET_0 2e6fe67d2b26555abcb1eaa9fe9ca3a081fbbadc1e518ee2f55ff7a784cb07a5 81bc1ce216311465b9753323a2ab9ae56def034d7d641c3e654757cca0f93645a098ab088ca0fea211b32479618c5776
CLIENT_TRAFFIC_SECRET_0 2e6fe67d2b26555abcb1eaa9fe9ca3a081fbbadc1e518ee2f55ff7a784cb07a5 b7f43cdfaa158fa2e74a59723e77084bce21983d76fcb1292885d8a0be55a7e8319039f76843dbb165075fee084411c9
SERVER_HANDSHAKE_TRAFFIC_SECRET db2abed789fc6a173fcdf538b3cf34247adecf5cedaf9f617ab31527772ec14d 1215a41385dbf4c4d8b8770efd225e4eb39fa57ad2efc5b6fede08092f6ac64baa6ea2c4c08ab3a941ab186c03e491df
CLIENT_HANDSHAKE_TRAFFIC_SECRET db2abed789fc6a173fcdf538b3cf34247adecf5cedaf9f617ab31527772ec14d 0258148fbf20278eb39f8b3be42e8f26ad568c632b8da3caf62924eeb93abd19a112ef7e6ee211c3ab28470cc1dd3879
SERVER_TRAFFIC_SECRET_0 db2abed789fc6a173fcdf538b3cf34247adecf5cedaf9f617ab31527772ec14d e53634005959f51f28f79848fdd332c0b06621b42f408b505358a44b59bae42d918f71f244289cfbb3c5669306da69e6
CLIENT_TRAFFIC_SECRET_0 db2abed789fc6a173fcdf538b3cf34247adecf5cedaf9f617ab31527772ec14d 1cab46ecaed3bb0b426860d23da769e5cff6b65d43f30546afed3d43651896275fc4f5bccd07ca0e5c4bb6b745bf06fd
SERVER_HANDSHAKE_TRAFFIC_SECRET fa3474699919990a37d3a069a333b5adf0a1f471085b9c60abdad56d5a88c450 42d1d7e6820457341b51a96816732a374970d7dfed7a21bb598e00247e054c57e8c3c8f91fa0c4fa56d4819d4f1c4239
CLIENT_HANDSHAKE_TRAFFIC_SECRET fa3474699919990a37d3a069a333b5adf0a1f471085b9c60abdad56d5a88c450 7ac10b665ad986ee4a69509200e0ff920570421125a3cc66a3f5e6f87597666d4b06b0e812177020a127d12a37f35385
SERVER_TRAFFIC_SECRET_0 fa3474699919990a37d3a069a333b5adf0a1f471085b9c60abdad56d5a88c450 f3542daa5ec82984e9a287c90cba26898e2b4513480b6a5edc9654d737f081c1af01daf7c95c4a94c4e61c31b0f9df7d
CLIENT_TRAFFIC_SECRET_0 fa3474699919990a37d3a069a333b5adf0a1f471085b9c60abdad56d5a88c450 2c96e6e859624a0ab179b3ffd207031b3eb8a799cec1955ac93f3dda7c06e0dd5f0d6dde1186abdb8453e2b5248a8ae6
SERVER_HANDSHAKE_TRAFFIC_SECRET 766c3c942943903ebf3a75d49796d17a7a0fc742d5e08451ecdb56c001e74d58 d21cefd8e4d6599b51aa68cad8fd24015bff4c235cf48b2bbf148e540439c83b541b9b421c84fa66e6baacebac607d03
CLIENT_HANDSHAKE_TRAFFIC_SECRET 766c3c942943903ebf3a75d49796d17a7a0fc742d5e08451ecdb56c001e74d58 55bcf6934d4d1060daafc1b5e91751399048c7fba75442f1e8f0c9780353612e45160a46b136d9e17441d819f3b048ca
SERVER_TRAFFIC_SECRET_0 766c3c942943903ebf3a75d49796d17a7a0fc742d5e08451ecdb56c001e74d58 096a1dc6e6eb62c4bff0572557215d5db9b4f1d1f07779109ba94f8a1c3ff7b35c779c8e86f7d1a1dc83c6fc2ccb5ed3
CLIENT_TRAFFIC_SECRET_0 766c3c942943903ebf3a75d49796d17a7a0fc742d5e08451ecdb56c001e74d58 602b1c9db260e1340321ded7700b07359545a40e17b7f947d110e06a297343bb916939b3325755a9416e0224a77ff506
SERVER_HANDSHAKE_TRAFFIC_SECRET aa91189031a518231af0a20c3a8d7024651c00e6782912eb953a6740b37ea0e4 d0368c5c328aa5ce7ce26a2828daa76c20d128f59768a36834c7143236705a263c3618e7bc2ba56aba8a63535427365d
CLIENT_HANDSHAKE_TRAFFIC_SECRET aa91189031a518231af0a20c3a8d7024651c00e6782912eb953a6740b37ea0e4 cf868fefa2d5f4a70f91d5ee8bd2fc4d07f65699cfc89ef1e60d5b6a950ed019295310788c7b352a8e678fadfd51dbff
SERVER_TRAFFIC_SECRET_0 aa91189031a518231af0a20c3a8d7024651c00e6782912eb953a6740b37ea0e4 70745ef9f82e6ebb6bdfb0df874e269466112090e1ff5d61c25f5f89ec346127009bd11a4fd7a685e3906861ed20d5ef
CLIENT_TRAFFIC_SECRET_0 aa91189031a518231af0a20c3a8d7024651c00e6782912eb953a6740b37ea0e4 35a46a369aecd7524cbe921d5319d8e4da0cb996dc032bf7d41d61537d0c1ce015920c6d1ebc84929dc020f15a86f394
SERVER_HANDSHAKE_TRAFFIC_SECRET 594d1a5c8cdfed4bcf73db3a6e97d70dbd56aee0da91b5fd14dc5f250457b2a6 fc559fc57d75bdf38782cdf9a2e50d1f4c2b18fc3c89124891ffc815d1915f30cdab251788420f1c34ccadb521e9eaae
CLIENT_HANDSHAKE_TRAFFIC_SECRET 594d1a5c8cdfed4bcf73db3a6e97d70dbd56aee0da91b5fd14dc5f250457b2a6 1f78051e48ebd38c5832530ddbbfa92c37944b3efced4c18ea87ae4f9a6b55642bb980675de98889e432cb1962a570a8
SERVER_TRAFFIC_SECRET_0 594d1a5c8cdfed4bcf73db3a6e97d70dbd56aee0da91b5fd14dc5f250457b2a6 7c9803a6a065c8ba3a11f32f9fc48fb3349e5add3a37c1e69382bcec240e568973d3d01c18019cf7030e47ea2a4a72f2
CLIENT_TRAFFIC_SECRET_0 594d1a5c8cdfed4bcf73db3a6e97d70dbd56aee0da91b5fd14dc5f250457b2a6 cf46951281de724f1a8d2d572e7c863a985fe1f3e2988ab922270468577585743d64747b1aeca87dc0df7452c965a955
SERVER_HANDSHAKE_TRAFFIC_SECRET ef0a48c3c99c5020155cd8ea9077f8df2172deb72b26870a252bba1c46695a7e 718737949dbc4ee29302a3a077d1f187f17611a3030ca4243d238f93adb212332fa2f3c9a8d43206a62bc9356b85fd21
CLIENT_HANDSHAKE_TRAFFIC_SECRET ef0a48c3c99c5020155cd8ea9077f8df2172deb72b26870a252bba1c46695a7e a65f85313320eaf64026b4b0e60218a087cfbebf7572eebad78ffb0bae5d57d8d3a7f64c833fcb1299dbe2ae279bf137
SERVER_TRAFFIC_SECRET_0 ef0a48c3c99c5020155cd8ea9077f8df2172deb72b26870a252bba1c46695a7e b6e81c2bb2d450e197f79218b7b2a9085840ae80916ca6d0fec1c48edbf534be3096523f1339e55a14e806548eccc46a
CLIENT_TRAFFIC_SECRET_0 ef0a48c3c99c5020155cd8ea9077f8df2172deb72b26870a252bba1c46695a7e 7163e5f2eb146e3fa74beb1a7281f44fb1f0b4cc96d9e806b740dec85ea02c9dced275e46790090d5df78501abce56be
SERVER_HANDSHAKE_TRAFFIC_SECRET 30e53507da530a0932c80abe6d7f46402d2ba942c0ff3535ab50c1b4f1225b67 423ed1634ea28c316817f17169a81122ca42810e46c1f84b45883cd43f586e813af4bb677eaac52087c0e190ca894f15
CLIENT_HANDSHAKE_TRAFFIC_SECRET 30e53507da530a0932c80abe6d7f46402d2ba942c0ff3535ab50c1b4f1225b67 8f4ab20ee711035661fa9a97fb2af0273abec1ca8fc2d77d8ef6d18c5a353610b7bae63a53cb2387a4cb8acccd0032c5
SERVER_TRAFFIC_SECRET_0 30e53507da530a0932c80abe6d7f46402d2ba942c0ff3535ab50c1b4f1225b67 30f5df595f34f8e7b8366826bc6af12a4ed56c6efb03c216d36e6dbdea41c473ea770535b9cd29768e0fc70e9c503929
CLIENT_TRAFFIC_SECRET_0 30e53507da530a0932c80abe6d7f46402d2ba942c0ff3535ab50c1b4f1225b67 4db4e54dfecde4fdede4cce9b6eb807303b311b8213bd6007616686501162a52259935e19116fd1e5a374244ccd03a37
SERVER_HANDSHAKE_TRAFFIC_SECRET 083e25eee863df65017f27c977abad7f16a833909b7d3a9997a3903de355d519 8c87e6c680b51ba702e4c51e637465f4fe87f062c17ca7a52ee24196520778509abc4e49a23a0da0f857b8b2af74cd53
CLIENT_HANDSHAKE_TRAFFIC_SECRET 083e25eee863df65017f27c977abad7f16a833909b7d3a9997a3903de355d519 d4afd7a028a8cbd486b4a9ec6ddd5b5eb5552a2f0b935a49b8553a75aeacad2d377dd07446da57379c5309fcfe02a551
SERVER_TRAFFIC_SECRET_0 083e25eee863df65017f27c977abad7f16a833909b7d3a9997a3903de355d519 f0f963c7e14c4e093834562a44351ffb2c758885e1f5f878ce4c2c0f09c8409a342394fe0ea68bf5c75aad3ee14b4356
CLIENT_TRAFFIC_SECRET_0 083e25eee863df65017f27c977abad7f16a833909b7d3a9997a3903de355d519 d4c80da2042524cc74c63a2a25533905a9282f1cc1ecedb4e42590572c00d7259623c9f0a5fba3e2c6ab4ccc7d677b40
SERVER_HANDSHAKE_TRAFFIC_SECRET 54d001778381a0c05377b5937f12421fb4de0c035c13a0896d61f62f8cb5b519 80cfd02a3c0b1e4cc25a7d24a87edded588ef8891f7f40ca36db87c5dcd701c1a63c8fb67f779a59660cdb4370ae678a
CLIENT_HANDSHAKE_TRAFFIC_SECRET 54d001778381a0c05377b5937f12421fb4de0c035c13a0896d61f62f8cb5b519 35b876b40a8a88e805b40a4cc1f74cef15bd59a045907a321ae45192af2ba47b1e1e25021af00f179a554bcdcb17d5d4
SERVER_TRAFFIC_SECRET_0 54d001778381a0c05377b5937f12421fb4de0c035c13a0896d61f62f8cb5b519 d846cd9f38537aa5a75bd29b75e75212eace28376959dfea01354ec71c0b337dcdfefd3696c38eeebf04999af890643b
CLIENT_TRAFFIC_SECRET_0 54d001778381a0c05377b5937f12421fb4de0c035c13a0896d61f62f8cb5b519 52ccce28721b9aca4701c5e6aff6ed025f1d243043b9760d9b146882a8abcdb6e75592d87a9a076ddf3d43df1d0226a8
SERVER_HANDSHAKE_TRAFFIC_SECRET 75c43e97db41f7cce7f7bbee8cbd109d2ec838d35e022d0fc0e11b3e594d15da 62afc6f8311a623e6580a7a7477c968b8bb896bc1c94daf65217acba093d4e6a8843e8d07abfc1187fe033b63b72e990
CLIENT_HANDSHAKE_TRAFFIC_SECRET 75c43e97db41f7cce7f7bbee8cbd109d2ec838d35e022d0fc0e11b3e594d15da abd38bd5681713fe1778b7afcbeefec99583a7b651df4e2ac1a07e6dc18686446291423ded28387df0c4670957fd42c8
SERVER_TRAFFIC_SECRET_0 75c43e97db41f7cce7f7bbee8cbd109d2ec838d35e022d0fc0e11b3e594d15da 28b148f9c96333190582231fa71d7ed624e503161e4255ae7c4278af69aef157020f829b56fc30ad39e268cdb6edf291
CLIENT_TRAFFIC_SECRET_0 75c43e97db41f7cce7f7bbee8cbd109d2ec838d35e022d0fc0e11b3e594d15da 4f00af7a3a4b6a37e576d3794395787909de99a824ea5ed2b29c634292d1b83731d09e524acb62aea9a7d0af7f07c275
SERVER_HANDSHAKE_TRAFFIC_SECRET a8cb60ea606aab703a403cde264e7065fcac3e0dec93465b376b22c7b576ee74 6e5bb53e200dd03fca156665595635182690605b106b201be8c728f9cf0a24bb75c572227d188216fd747bf13ca96742
CLIENT_HANDSHAKE_TRAFFIC_SECRET a8cb60ea606aab703a403cde264e7065fcac3e0dec93465b376b22c7b576ee74 e0d3657f2a36fde9c48a02029440379e6dcddfcfbf4c73c42162e02c7b45a68bcf4485f41f3735a77e83f18ea57ae60c
SERVER_TRAFFIC_SECRET_0 a8cb60ea606aab703a403cde264e7065fcac3e0dec93465b376b22c7b576ee74 aeb383124dd4866c3a98a4bb1f57628ca32a5b6d59c47f82479951fee0f744f90f2d430a514717b6c69aa45849cc2881
CLIENT_TRAFFIC_SECRET_0 a8cb60ea606aab703a403cde264e7065fcac3e0dec93465b376b22c7b576ee74 e72fd4de322e9d46e577446fcbcb06279d8b3ecfa632f0f61bd10b00b128f7717a34a194716b198fede2e67ada88b3e2
SERVER_HANDSHAKE_TRAFFIC_SECRET bbf49a991232b86eb606a2152496094cc26555fc7590bf565679f94953d50958 d5604822b9a35aa7f2cebbd5133cf06057beefcd516096debb5558822ac8c6fb7e95eb5b04be221e09d17f6678df8dbd
CLIENT_HANDSHAKE_TRAFFIC_SECRET bbf49a991232b86eb606a2152496094cc26555fc7590bf565679f94953d50958 819771270e46b386edcb31d92cdec1120a26209be672a106cf9b9db32a2a6d38936bae913263ae341928254cd074b9ec
SERVER_TRAFFIC_SECRET_0 bbf49a991232b86eb606a2152496094cc26555fc7590bf565679f94953d50958 cde9cb45c0d69ea22709f2dcb42435525a94ff0fb415bfa3bcb7dd082749bfc38ef84c61b4e9f4f98e519073914ed47e
CLIENT_TRAFFIC_SECRET_0 bbf49a991232b86eb606a2152496094cc26555fc7590bf565679f94953d50958 beeac4c5ad38f615837c9e1fae90833351f170cc6d634925f7a151dfe09b17986086a445ce0144167d6d355284b472d6
SERVER_HANDSHAKE_TRAFFIC_SECRET 8c4c27864b2c62a6065f90d9c90d1ede5012500a7d273f8f18e0c9a1d6ba7c51 09a70215894300fc76528ccde1c4a14854bb8edbe07c397aa9de5273770c3e87448a6f2f5fdeb3a8dcd5a8053083a504
CLIENT_HANDSHAKE_TRAFFIC_SECRET 8c4c27864b2c62a6065f90d9c90d1ede5012500a7d273f8f18e0c9a1d6ba7c51 eeba477a8618f108e399dba0a1b661ca2381f94458e1886efa80f9a65281ffcf49d9637d75a1a56321c6163c6da553eb
SERVER_TRAFFIC_SECRET_0 8c4c27864b2c62a6065f90d9c90d1ede5012500a7d273f8f18e0c9a1d6ba7c51 2fd89bcbbb99cee76f595faa7f98753406268576fbde80090c2e97d555b59b639bb07c5e3d08772d8222e6fc316d512f
CLIENT_TRAFFIC_SECRET_0 8c4c27864b2c62a6065f90d9c90d1ede5012500a7d273f8f18e0c9a1d6ba7c51 213000a63662200f2386d591e5fb18a29bf1fdb201621a02dd97891baa82d63788cc9e358308b2f429d3d8de3f66d44f
SERVER_HANDSHAKE_TRAFFIC_SECRET c5238605d5547f10358136e4ac6df7221c085c3ff19bee72385723930ede7365 2b59a62f0e8992e8fedb3508f8a6578f693064ca794f313cc0bd204d99a0d64e5b9a16745bcbf86b7db6e598ac6dfe85
CLIENT_HANDSHAKE_TRAFFIC_SECRET c5238605d5547f10358136e4ac6df7221c085c3ff19bee72385723930ede7365 5252914a5e1f5baafee69ee07fa0491f71656e0b09ee88f5ef2541f7bd0fa9fe6130e13eb0cdd247d0feca0e7c5554ba
SERVER_TRAFFIC_SECRET_0 c5238605d5547f10358136e4ac6df7221c085c3ff19bee72385723930ede7365 3a5e466b459a3e61f2b5d93c5f7345962dfbbd49911544499374a4a39572b47e6f8de1ae241b848b58df914dee44222f
CLIENT_TRAFFIC_SECRET_0 c5238605d5547f10358136e4ac6df7221c085c3ff19bee72385723930ede7365 5b91bd18d535223cf2a60447780161a94c96ecdac04acb748d602330a3bca6bbe04e09a44b167a13240b6bcd051e0ddb
SERVER_HANDSHAKE_TRAFFIC_SECRET 5a8bca8386b0ec9d77a1ef734a7a9b4b84567c10eb13db53feda7e45ab1360d1 8f52a075219e382ca4e55540d6042637b4d294975808cf90d45c9a8aaaf1ee286c323ca24a01ad7197453912a7cfe298
CLIENT_HANDSHAKE_TRAFFIC_SECRET 5a8bca8386b0ec9d77a1ef734a7a9b4b84567c10eb13db53feda7e45ab1360d1 884c57e88875d79959c4d85e849fa4a313e9816e853f93bf47c0e424313caba863592a0dbae491a4ac3dc70b568c6f2a
SERVER_TRAFFIC_SECRET_0 5a8bca8386b0ec9d77a1ef734a7a9b4b84567c10eb13db53feda7e45ab1360d1 a2878fade88a2c485e7d2c662515f4e11dd65b4259273bebd108fd3227376611a42615633ea2f10c76690d73b02ddf4f
CLIENT_TRAFFIC_SECRET_0 5a8bca8386b0ec9d77a1ef734a7a9b4b84567c10eb13db53feda7e45ab1360d1 3c0c7fd7e3ae665b2c0054d176cdf429ed28647cd29d118d97a0dd5c69037da8e719710e5f4f6b68955d99c4fdd5036b
SERVER_HANDSHAKE_TRAFFIC_SECRET 7ad5db4a5fa64bbe3b53358a8469c50738971deab4df4d17bc75de9ee851c0f5 13b58f47fb49058c9d2d78ef18b2c9c9feeb11faaba8f50a4e3ed171bb6f46523adca8de0d28ee5fd36728648a93581b
CLIENT_HANDSHAKE_TRAFFIC_SECRET 7ad5db4a5fa64bbe3b53358a8469c50738971deab4df4d17bc75de9ee851c0f5 a5b4ef9cd5c63c245f9b68b076c906dd9de728e8e2137fdc12b56f9a2eaf559ac8a655b2a198c8f0e74e7ce2529507bd
SERVER_TRAFFIC_SECRET_0 7ad5db4a5fa64bbe3b53358a8469c50738971deab4df4d17bc75de9ee851c0f5 1fc694ccc36808d0bdc9dc2f325b24ff6de4ccf2ee165599f640887e67388f3b830edca42e2fd3d86df5ad1091ba5348
CLIENT_TRAFFIC_SECRET_0 7ad5db4a5fa64bbe3b53358a8469c50738971deab4df4d17bc75de9ee851c0f5 51f0d9d27bc51a4bac7d6c02928ee8bc9a2ae60a28b3cd80afeec39f9ea5a1b60e02a3b1e0665ab35f60f9ebf5db8794
SERVER_HANDSHAKE_TRAFFIC_SECRET 49ad599e6f7037538341654a732d6ef37bb5104a6c2b2b0c7705b1244880e645 dbba970711a6efdc6215fb3fd9f8c19b893ddfef55e597b6e22ddd9959912e8d4a79bdc435ab7e836e954097af4ed634
CLIENT_HANDSHAKE_TRAFFIC_SECRET 49ad599e6f7037538341654a732d6ef37bb5104a6c2b2b0c7705b1244880e645 6d95c7fc9bf95be0ac13a8cbafda65064f8c6db72323bf22113fa01d2cd1bfe6d2178a85fd9aff67aa04338b8b7b4307
SERVER_TRAFFIC_SECRET_0 49ad599e6f7037538341654a732d6ef37bb5104a6c2b2b0c7705b1244880e645 137e59809a1afa06f2590cdb82eee71a3faf53565e817900a33261732e3a315413c0da5ffb3bcbf549a63777e61d1d3f
CLIENT_TRAFFIC_SECRET_0 49ad599e6f7037538341654a732d6ef37bb5104a6c2b2b0c7705b1244880e645 5d180e8cee4a8ad2d15f6b5be7724edcb8d30f4a3f66c90b8360061201a286524a3fb598736f124cdaf733c910f54ce7
SERVER_HANDSHAKE_TRAFFIC_SECRET 46a2d1af2149ea70da62d745e635b18bfd57f0914cc6c5da4587001c0d38223f e7c0f806e62169ac27957861733aa3da2791d854f0e1db8036c344f6b083431f566eda828e9827b2ce2ffebdcbc969d9
CLIENT_HANDSHAKE_TRAFFIC_SECRET 46a2d1af2149ea70da62d745e635b18bfd57f0914cc6c5da4587001c0d38223f 9fa96169a0ffd514d6081c53664b22172a89a16b6bf47ccf3651369ed4b2c1dd6380f8cba7aa596aceeda4d4222ecda7
SERVER_TRAFFIC_SECRET_0 46a2d1af2149ea70da62d745e635b18bfd57f0914cc6c5da4587001c0d38223f 9f9da63a7e30ddd62a074a97b6f919ee26694c7d828766fa6bab30774e7b6a1549e9722400c5051aa15428ebfae11ac2
CLIENT_TRAFFIC_SECRET_0 46a2d1af2149ea70da62d745e635b18bfd57f0914cc6c5da4587001c0d38223f 9303d05ee28cfb45b390533ea706dc9851c26b935fc835c018648d0f7f1f95ea98b636965e482f2a53b991156a909509
SERVER_HANDSHAKE_TRAFFIC_SECRET 546ace7112c125fc7926d23015cc0bfdf5748436d4d14ded9607569befcd3ab5 3a74897365d6b56df2d54f3260b3db336b43bd2b8bee02c3f45830542f71de060b075d8babd721679c72b607a93c714d
CLIENT_HANDSHAKE_TRAFFIC_SECRET 546ace7112c125fc7926d23015cc0bfdf5748436d4d14ded9607569befcd3ab5 b5c3d861028e72b5aea40a434e0d45f89dce2ca3812ea231edaf4c428e25b7bbe1bf28e83637edfedc9d8309929e79b1
SERVER_TRAFFIC_SECRET_0 546ace7112c125fc7926d23015cc0bfdf5748436d4d14ded9607569befcd3ab5 ab53224428ff4571fcf12713820f0cfe63e7ad3ce29a94d0ab2e78fb78ab1a18da2d8691afd163326f5e6d230c791507
CLIENT_TRAFFIC_SECRET_0 546ace7112c125fc7926d23015cc0bfdf5748436d4d14ded9607569befcd3ab5 5b3b210acacfe4e3bf507b3fede904f203f2a5defdc664314647dd3f0a63b4136ceefaa5ae5abe0054ed571db207cfd5
SERVER_HANDSHAKE_TRAFFIC_SECRET cd73998c25f04be7de97e0f75ac91ffaacf5b5656df316d1eacf6bb9514055c4 adcde2d73b4063a8a6de88fc86779528a4bc565492ba9b89a7099102dec78d41061587505fc2ebd758055acab1457f88
CLIENT_HANDSHAKE_TRAFFIC_SECRET cd73998c25f04be7de97e0f75ac91ffaacf5b5656df316d1eacf6bb9514055c4 c06899b5d83a4a83674c9a45b96f56319d4983dc4d67a405de52bf9ae64677e5887d6426ec8fbe89e14c4e640fc4b9cb
SERVER_TRAFFIC_SECRET_0 cd73998c25f04be7de97e0f75ac91ffaacf5b5656df316d1eacf6bb9514055c4 2deafd60158889f5b3c5df5e7b40dc3726d1d712b7e7c9b62c4e6d516a1e6a03dbd27647b36c87e91ada40d4d3b99253
CLIENT_TRAFFIC_SECRET_0 cd73998c25f04be7de97e0f75ac91ffaacf5b5656df316d1eacf6bb9514055c4 29159ea097485a4f46e120977239d6db565b2e8fa98025f98ae02f422d8de6f81173f0c1cf49c85b5f29e7692b76686d
SERVER_HANDSHAKE_TRAFFIC_SECRET e23e45a04510e7869e5eaefb5bd1f39012e4cd9259197111d7f15d56687b38ad a2ae3be7f4b894ddc2d76c19455a91a1bc72611e7a4a2d86fd3325906a0d2e86e05dec38c57609d7da7785dac4f7cee9
CLIENT_HANDSHAKE_TRAFFIC_SECRET e23e45a04510e7869e5eaefb5bd1f39012e4cd9259197111d7f15d56687b38ad 42426d6c55e4436384fb41d6f549985a20fee7b1d9dd9070ee27f7ebd538068528779f2e86b42529dac30e5b9ffe76ef
SERVER_TRAFFIC_SECRET_0 e23e45a04510e7869e5eaefb5bd1f39012e4cd9259197111d7f15d56687b38ad 97dd5705e3f0f3baf4d51286b2074068d10c580f56b388643ce7c2fe2f4a592010aa1fef6dab4211dc1da5cfdcf5f401
CLIENT_TRAFFIC_SECRET_0 e23e45a04510e7869e5eaefb5bd1f39012e4cd9259197111d7f15d56687b38ad 851c98700d2bf96bb6059d92557b1d06619ee1999216a8475045f7295145dc75086a9c4fcd76d6589cfd77ca125c2434
SERVER_HANDSHAKE_TRAFFIC_SECRET cefe6b043a9d07b604b71ab69a5c847a0a628bb03fa0771a169e5030a8e61a73 b281579416afc18864479e8111bc038b34e5c6e1cb5af0f9c539340fe1dbc74754f18596634c17bab86eb63a72b717c7
CLIENT_HANDSHAKE_TRAFFIC_SECRET cefe6b043a9d07b604b71ab69a5c847a0a628bb03fa0771a169e5030a8e61a73 ed12ab727eb553504ad27dacacf933ec0eb7f1460bb8d47b0805ee654bc1df1d57dd820830380ed7a0fca63d41757dbe
SERVER_TRAFFIC_SECRET_0 cefe6b043a9d07b604b71ab69a5c847a0a628bb03fa0771a169e5030a8e61a73 06699cd058bd26eccf3027f048c5eb2b1527020a1ffc0ec7388e71d87b432c643328cdb014b13fb93fc3498e3f03b9f7
CLIENT_TRAFFIC_SECRET_0 cefe6b043a9d07b604b71ab69a5c847a0a628bb03fa0771a169e5030a8e61a73 8e4b17956a5bc8399cc6160d863958e41161bd68864aae59ed21eb35c46ea29c9c2b3bbe1d6472b736ee1065500e81ec
SERVER_HANDSHAKE_TRAFFIC_SECRET ae04b5a7e5d51ebfcf035a956866fbb85fc63cc2eaaa5bc8015e9629d0434210 f35aa46e11227cb5190b986e7df1952db74ad6e61167b87d68550bf60e490a2860df567ad4c858e8ab1c80f056c1f29d
CLIENT_HANDSHAKE_TRAFFIC_SECRET ae04b5a7e5d51ebfcf035a956866fbb85fc63cc2eaaa5bc8015e9629d0434210 d8a6b3219b97809283e0d79482e8e9f7068baaf565c49447af9395c1a72f36b300925bc4ce1433edc27ab5d750eacf9f
SERVER_TRAFFIC_SECRET_0 ae04b5a7e5d51ebfcf035a956866fbb85fc63cc2eaaa5bc8015e9629d0434210 567ef103448f5513d5ac41cce6716bf17be74b095399eefe5bcdc23a1862c6088367e94dddffae76fb53945ce22649a2
CLIENT_TRAFFIC_SECRET_0 ae04b5a7e5d51ebfcf035a956866fbb85fc63cc2eaaa5bc8015e9629d0434210 679969e0edbf3783b5070aef12c75ef9b220ff118742e5a12313cc305b177dd1166694b2f894acd9205bbb6676d8236b
SERVER_HANDSHAKE_TRAFFIC_SECRET a9ae8413022d215f3b5460cfd290909c1c30d573fea7673d037a3f7c30b05153 1cfff673f0bea17cff901e5cf7d0204e4afcef50d2293995529790a34a104e1bdbe869692c0f5d4e7ed981c7cbac754a
CLIENT_HANDSHAKE_TRAFFIC_SECRET a9ae8413022d215f3b5460cfd290909c1c30d573fea7673d037a3f7c30b05153 7dfe1ffd4c7ef64093eeb4ae6d59b47b72171bd5e68a0ef13d9eab5e3e30b1e76039cee56614dc6b239e92d241cb9745
SERVER_TRAFFIC_SECRET_0 a9ae8413022d215f3b5460cfd290909c1c30d573fea7673d037a3f7c30b05153 e14950031c213e7e2f800e30abbcfaaa9e9104273794e9cee85df126f8de067ced9e311e497369c476bf50e5473915bc
CLIENT_TRAFFIC_SECRET_0 a9ae8413022d215f3b5460cfd290909c1c30d573fea7673d037a3f7c30b05153 5a49ad843aca41e7648a981ad77c8572052ebfbf9c999be2533bdcc4458b645bb9a56ccbe15a10b643eaa6031523f4db
SERVER_HANDSHAKE_TRAFFIC_SECRET 3490c65dfc1b88408967a054cac91ea201a2d08226c5b42f7a33c470a999d8b8 465104ee023a8bf20a4d8d3815f3bba606be4ee024cc3febd7630aec14d2457a4a82c870966eda4e7b552818a8d4a72f
CLIENT_HANDSHAKE_TRAFFIC_SECRET 3490c65dfc1b88408967a054cac91ea201a2d08226c5b42f7a33c470a999d8b8 1a03b604c75e14a8525f4c6ffbd1a78b7262d2ddb3ee1d34848ff8ca8bb45450e41bfde7bf3378f8e9b2e497e288528b
SERVER_TRAFFIC_SECRET_0 3490c65dfc1b88408967a054cac91ea201a2d08226c5b42f7a33c470a999d8b8 f4a8993769c367a219d2d8b0368168322ffc83f980677cd133db84cf210e577f4364f9235d98f21044ebcd8499f086d2
CLIENT_TRAFFIC_SECRET_0 3490c65dfc1b88408967a054cac91ea201a2d08226c5b42f7a33c470a999d8b8 93b9b7e6569887a7e5909253dbf2a6f60baf912db78242c6f79091d7d0b020019abc597ec60494a53318e0109e48d569
SERVER_HANDSHAKE_TRAFFIC_SECRET 6c2db8e6d458ab6b1351114ad592c15c477fac0fac981077907cfb2e9034ce73 c905787bf2babdc2b2561d40c1df4f2e9b66878df4e873c7e7292312ddf99cc7541978fa9b41fc686a938850f7e2c73c
CLIENT_HANDSHAKE_TRAFFIC_SECRET 6c2db8e6d458ab6b1351114ad592c15c477fac0fac981077907cfb2e9034ce73 c344006208f791bf5e9cd78ef0909d8826127bbf0811f7a436287f2e0c592c8ddf62cdeefe0617d444ea9efbf673dd4a
SERVER_TRAFFIC_SECRET_0 6c2db8e6d458ab6b1351114ad592c15c477fac0fac981077907cfb2e9034ce73 3d5a1b9b89bf468c91c8020747699db58149e2728d0c942cc6f1874227b1978ea7155b53b4bf30d8eca85b8ee62191ce
CLIENT_TRAFFIC_SECRET_0 6c2db8e6d458ab6b1351114ad592c15c477fac0fac981077907cfb2e9034ce73 adb0daf742c01b51657b96477f2e0531327225c47ec0f76a5b45631d072475b729d18164d7c8e9db6deb1e2041be8d8a
SERVER_HANDSHAKE_TRAFFIC_SECRET 2f932953068d8f509aa057c7673516daa66cc53a611624735434d114f50fb4b1 5cdec9c94454fd9489928352d8f86f87bd692c8011461cc3cb3cde048af570c42a93cab1ec65ae25ab5d2a1b6f4084d6
CLIENT_HANDSHAKE_TRAFFIC_SECRET 2f932953068d8f509aa057c7673516daa66cc53a611624735434d114f50fb4b1 197f3c30e3c06c3204f122c7b05a961a023224cda8297dd821ad3efa7dfcd65d1b4339a95c3dfc5e4d614972ecf5903b
SERVER_TRAFFIC_SECRET_0 2f932953068d8f509aa057c7673516daa66cc53a611624735434d114f50fb4b1 9c1df9311723d43ae05a6186aa7ff20f3e30342bc5de880fdf4ee9fa285d0cc8f2a9c010a16cac25adabd594199ea39b
CLIENT_TRAFFIC_SECRET_0 2f932953068d8f509aa057c7673516daa66cc53a611624735434d114f50fb4b1 203e9f0bf0d201829686dd68c1c704012a0740894696d1f77c4d9b9b6c60eabcfbccac194fe5987c50eae814b3c85e70
SERVER_HANDSHAKE_TRAFFIC_SECRET b33afb3c9d646b72dddfb9788b6a4e6ce255f4e566df12c888d7c3a95279aae1 17d0c0855dd7cde6ad0a9f464627d7b5779ee043155effaabe2df35c2181bf8e70e8af7c14fde37775edaf21758e873d
CLIENT_HANDSHAKE_TRAFFIC_SECRET b33afb3c9d646b72dddfb9788b6a4e6ce255f4e566df12c888d7c3a95279aae1 2275a29f60702a55cbe597b1974140ba01ca183ddc102ad4f8d605f7e7b5425ab677ec2b5f02487f461723bb3e89dfbd
SERVER_TRAFFIC_SECRET_0 b33afb3c9d646b72dddfb9788b6a4e6ce255f4e566df12c888d7c3a95279aae1 b368ad83bd579f9a50d76d521ddbbb98a8b5294a0c276715f79c4e0eb8ddb4eec815edf7c7079976155a8a5a4eea4814
CLIENT_TRAFFIC_SECRET_0 b33afb3c9d646b72dddfb9788b6a4e6ce255f4e566df12c888d7c3a95279aae1 a1d1723502ed1a94ac60ed57066a767f248c8e9fcc08ebe960da0fd16f905bb765b31e8c5ae86a76627fae03177f245a
SERVER_HANDSHAKE_TRAFFIC_SECRET 8a1e48b8dc4bae9b6ecbf86bb15986081acf279130b7cb0b5e8ac60ee994f9e8 01d390cf544cf2439e62aadcd32b39c235debfd85311852f54910100725342a0400943da3e38f0df5457a1de35a1f2fd
CLIENT_HANDSHAKE_TRAFFIC_SECRET 8a1e48b8dc4bae9b6ecbf86bb15986081acf279130b7cb0b5e8ac60ee994f9e8 f474d0e142d935ea284ac84858d07719f69d8a57ded7783765d4dab87e085ec0c08603c3f61367d0876b35c6e650783f
SERVER_TRAFFIC_SECRET_0 8a1e48b8dc4bae9b6ecbf86bb15986081acf279130b7cb0b5e8ac60ee994f9e8 221ee56de4b324acad8cda4d52d951021dd94bd683b9fa5b895aa9a3dc48b0ac9bfe469ea91ef65259825247eea5d998
CLIENT_TRAFFIC_SECRET_0 8a1e48b8dc4bae9b6ecbf86bb15986081acf279130b7cb0b5e8ac60ee994f9e8 ad9a19b17cf7ba259bb8c681098eb28dae0d290f7b7948a12e4fb490d2052e0c7c72d6a4c4983bda1e2caa68cc4d57bd
SERVER_HANDSHAKE_TRAFFIC_SECRET 7e823b40192b710c457f51ce0334096ec2a749916169edf1cbd2f2d5bd44a06c 158a9393550862e6b1ca6f22ea18d9c12c32aba887ca0a4013e9b65a14f33664f92a721d641380ac903eee1f7a87ad28
CLIENT_HANDSHAKE_TRAFFIC_SECRET 7e823b40192b710c457f51ce0334096ec2a749916169edf1cbd2f2d5bd44a06c 48acfcc44f81b61129a2929daa575700fb42ab11b75202bbd909bd9b2258640a3ee4fbf8b5732f2234dd92a7ccd6949d
SERVER_TRAFFIC_SECRET_0 7e823b40192b710c457f51ce0334096ec2a749916169edf1cbd2f2d5bd44a06c 68f33e159acd8820755c197b2ed2619522c9afb9e1f3d47ed2f2ce92f2929766c8501050371f425dab9fd4794af9f72a
CLIENT_TRAFFIC_SECRET_0 7e823b40192b710c457f51ce0334096ec2a749916169edf1cbd2f2d5bd44a06c 674a3725555b0f3e254790884ca13c279fb08d401359e4b0cc14f232759b41765ca512e4eed35b26779436a34da87a8d
SERVER_HANDSHAKE_TRAFFIC_SECRET 603bac29c183ab3f8d9e1004396ab428747b1787d09c6d8f9ed91651f9f2b779 75b60c5a555e826d0541ab820eca08b2f69663ad2f60bd357b430187fb7004d81a1e0a62ead32ebb13230a24b04c1d16
CLIENT_HANDSHAKE_TRAFFIC_SECRET 603bac29c183ab3f8d9e1004396ab428747b1787d09c6d8f9ed91651f9f2b779 e68d1be0e5a14a4bcaedd2fec82426a043e246c8df0ab75c51a19890ecae3b8b3bbfd76dc68b18d8ba90230e82176b4e
SERVER_TRAFFIC_SECRET_0 603bac29c183ab3f8d9e1004396ab428747b1787d09c6d8f9ed91651f9f2b779 d7cd89fd277d4f82a40b3f1d015075ae4dabd4c4636e0ab07d4758a44b2622f956ed46392331d06c03899b904058be49
CLIENT_TRAFFIC_SECRET_0 603bac29c183ab3f8d9e1004396ab428747b1787d09c6d8f9ed91651f9f2b779 301e40c9bfe1c20375dfff5b58da41519fcb37cfa5f224932a7d9650250abcc4006d050c56cf4fb27ec888fa4e7b4019
SERVER_HANDSHAKE_TRAFFIC_SECRET 8bb470baa85fb228ea9f76412eddca5932ca30e7f3972c821cc8ec145e18f576 07478edb0f8346977ba59fbff665da9131298a32b5e098f9c7fbef27fda9da1dacdf3e8132b64635300aece2e1c0eb2c
CLIENT_HANDSHAKE_TRAFFIC_SECRET 8bb470baa85fb228ea9f76412eddca5932ca30e7f3972c821cc8ec145e18f576 ae40f611546a305607f05998cca7326a05498e001ede571d134efd8d1e49c2ce4188b831d2afed574a7ad1db26e6cf45
SERVER_TRAFFIC_SECRET_0 8bb470baa85fb228ea9f76412eddca5932ca30e7f3972c821cc8ec145e18f576 aecc157142c4d694f506689734fc9954f679412fe0073cd65cc29508ed3b61639b09e0a33217984c29b0d2c508a8a5c4
CLIENT_TRAFFIC_SECRET_0 8bb470baa85fb228ea9f76412eddca5932ca30e7f3972c821cc8ec145e18f576 9b22b25f1697198995df46ecd085ccbdb316688973d564687d4e49d06295435e6fdd1c85eea4ef01422768b31754f283
SERVER_HANDSHAKE_TRAFFIC_SECRET 29b86d86916d262852c72967207b6eb6be7d2d6bb4d8f7ac563af9982f754168 17858f6c7d90e8ff48acaa747aeaf57aac93bedda8a11fb727996177e453d013de7b51d331ff7926a704d0b55eef5992
CLIENT_HANDSHAKE_TRAFFIC_SECRET 29b86d86916d262852c72967207b6eb6be7d2d6bb4d8f7ac563af9982f754168 f0e05e7ece18d60ee63beef7d27b67ac4ab2e88a7723c31d86b4fad3ed17f2e97eca4e16a9569eac838fa67866aa8db3
SERVER_TRAFFIC_SECRET_0 29b86d86916d262852c72967207b6eb6be7d2d6bb4d8f7ac563af9982f754168 4cc4b4cb18d49932fcd8d96a0fa691dc17cabb45ce7f7a842180831394e01cff9839d05159b94166c331389f51fdad5a
CLIENT_TRAFFIC_SECRET_0 29b86d86916d262852c72967207b6eb6be7d2d6bb4d8f7ac563af9982f754168 d14b2e4f1a3f7ebcf8ca73d4ec5e94a0685e6d060357cf035d7f3bc89967fb11858a5845b10b1fc69adad09a67a845ec
SERVER_HANDSHAKE_TRAFFIC_SECRET 2863d8f057ee79e827e3ecda8d3f51abb433176af0c206fc33096385958e087c 7a712092ce54612191e402b4ef16e34ce37b9564aae72e59984072f797ec1e2879324a027bdf22b0ae556cec9fd9e0e3
CLIENT_HANDSHAKE_TRAFFIC_SECRET 2863d8f057ee79e827e3ecda8d3f51abb433176af0c206fc33096385958e087c 6e59822343c96a5a3df0f81b512d572cc7b87b97fed6983d080ed45340e11b3d25911bbedc342911d574aa37043ca19a
SERVER_TRAFFIC_SECRET_0 2863d8f057ee79e827e3ecda8d3f51abb433176af0c206fc33096385958e087c c59e8bb3484bffa8538547c20287e6d47f6c4816f7f732ea1c0f673b8fbcff1f6193a9c6ae7efa8ac3a7e3328d2047ff
CLIENT_TRAFFIC_SECRET_0 2863d8f057ee79e827e3ecda8d3f51abb433176af0c206fc33096385958e087c b6785e09b32db62a8ee8e3323e9579296d8c3672cfa403edece640d7c966760921a98ec0a3a01ce38d0f5dd8c7a64aeb
SERVER_HANDSHAKE_TRAFFIC_SECRET 88772f107ad123aee68a1791732d3caea028b84789516a8d0f35651c502f3b7a e15fe5c1a2c82109d0fc2766e208781d5791158080202925d22c794422a0e727f96736e384c1da5ebe4e7c01629d111a
CLIENT_HANDSHAKE_TRAFFIC_SECRET 88772f107ad123aee68a1791732d3caea028b84789516a8d0f35651c502f3b7a 87eba4ee7f7a8215a53b0dfd5ccdfecb39f4b006d5eac15f7f3e2fddd0bfd6d67b11032a19f58aa6afa960bf2aca3e39
SERVER_TRAFFIC_SECRET_0 88772f107ad123aee68a1791732d3caea028b84789516a8d0f35651c502f3b7a b0b2e6b46bb1ae1ebcec250e16009c2ba9bf3366a7fc714677f3bc29c3df6ff83226692ef46e9b53b3c620023fd551d3
CLIENT_TRAFFIC_SECRET_0 88772f107ad123aee68a1791732d3caea028b84789516a8d0f35651c502f3b7a 4627af2ae9678ec0dc0b388b3a48dde08c512d05c6ec8591ddd776984c2e26339ae968d5f3128b569efe62641756d6ef
SERVER_HANDSHAKE_TRAFFIC_SECRET f76f3193cefcd2a607f16315590f57311002c14e9c8f94430f1121dac544ce64 6074bc1e3d59c91b3eeaed277a0f1b077596d268746b8ee2b955be9bb02bed38b73865ec1b40b755d4b55f25952ebc6f
CLIENT_HANDSHAKE_TRAFFIC_SECRET f76f3193cefcd2a607f16315590f57311002c14e9c8f94430f1121dac544ce64 ee7814489fba6259fb433f2d5cd9f8e0a1628da645670ad89157e5dff5ffe77e09655e298d87d1235c4421cc6a3b39ef
SERVER_TRAFFIC_SECRET_0 f76f3193cefcd2a607f16315590f57311002c14e9c8f94430f1121dac544ce64 1c0250c0349bc78aa84184fb2972c0447a3fa4167207f4864e30ba1d49b93984548ca8f3abcf33260b3b990cb90d5561
CLIENT_TRAFFIC_SECRET_0 f76f3193cefcd2a607f16315590f57311002c14e9c8f94430f1121dac544ce64 b1d8965d81deac1118062494c4714ee339a705d2339d4ee2ac2abfcef88c8ac87b1cc2eec20bea1669263b0ad4c41a09
SERVER_HANDSHAKE_TRAFFIC_SECRET 5e539cd5eb5fc07c9b364126d960e758fbf5efbe4a05c93f5632aa445b2cdf1b dc8f75f51ca5177f960cd45f81e18e6cc9acf473129235497e80a25afca25742e6c97f276defa5603dff428019cd6adf
CLIENT_HANDSHAKE_TRAFFIC_SECRET 5e539cd5eb5fc07c9b364126d960e758fbf5efbe4a05c93f5632aa445b2cdf1b 086051e30f4cf8b168fa7b51d01babaae95bb6a4516716750b0bab35af017f315977af5bd468805ac868f3a122a5f61c
SERVER_TRAFFIC_SECRET_0 5e539cd5eb5fc07c9b364126d960e758fbf5efbe4a05c93f5632aa445b2cdf1b 0398c007f54416a3e59ca042a2e7d6476631f29a900b1115c0dbd3fd676b3108fa30d133740338626213f454e3681016
CLIENT_TRAFFIC_SECRET_0 5e539cd5eb5fc07c9b364126d960e758fbf5efbe4a05c93f5632aa445b2cdf1b 47520d4a367d8432e31dec324e07844b7d7729692f994d6e1de6058e5ea0e72a2e16338f97971439d5fdd37ffc6b5f45
SERVER_HANDSHAKE_TRAFFIC_SECRET 94aa3cf0d06947061dd827325ba882ed8a3bfa780532433b0d6830391bcdd540 a91f9a5d35dc5fd203ff70f9503556554519e720a279b70643a4c95fa3f18a5735316eb379be60c948f49d55818fbddd
CLIENT_HANDSHAKE_TRAFFIC_SECRET 94aa3cf0d06947061dd827325ba882ed8a3bfa780532433b0d6830391bcdd540 55935627e38c368fb1113732fac5fba7e66b307c386693b648fdaa3cc2e435486e235352075f5ab74c289c57f4f73764
SERVER_TRAFFIC_SECRET_0 94aa3cf0d06947061dd827325ba882ed8a3bfa780532433b0d6830391bcdd540 515bf6bbc9d5dd4fcc77987c6776ae21cbd1a720704b378c6c8a46bb51aa24ff4fbce35c88f89188adc5d520a78c1e64
CLIENT_TRAFFIC_SECRET_0 94aa3cf0d06947061dd827325ba882ed8a3bfa780532433b0d6830391bcdd540 9ff295352a7678f7ab1e000ba9c8fe74a4e7606325748efe1e93d0ff865276e73c6b8499f3163bf8860289afe0ef7640
SERVER_HANDSHAKE_TRAFFIC_SECRET e810f06ffe849538faf4e8501438eb61f3fb5ec742184346b113913a1b59e215 21d46adb1d577ea7dffe76ed5a4cdaf35b1e103ffa6a0c5d42b086c0b830285c502c63aa36bcee581bc87fe091ed3281
CLIENT_HANDSHAKE_TRAFFIC_SECRET e810f06ffe849538faf4e8501438eb61f3fb5ec742184346b113913a1b59e215 1abe3063488b20ad7d0ba978af3c1774cee4232eb8e63efc4780f385e7e9a45f971a79ffd96187cb787438685c5a26c5
SERVER_TRAFFIC_SECRET_0 e810f06ffe849538faf4e8501438eb61f3fb5ec742184346b113913a1b59e215 9512b46aa26ac1bf7a9320f3ae5cc0abe7803388b218c507df3bc6d7171d6052870adcb8c81fd8c55c051289ac27888a
CLIENT_TRAFFIC_SECRET_0 e810f06ffe849538faf4e8501438eb61f3fb5ec742184346b113913a1b59e215 5b3713042f0d029d2f496f5bae6469278e6bb2d14d7bda089b6e08aa3820865c3ae57e75822a3848ad03bf48718efdab
SERVER_HANDSHAKE_TRAFFIC_SECRET dab72ceababe187d657f294ec1d128cf29afa2f42a25e789cb9e7c3859c554d9 ec8ab65918c37ee794dc05d5e4f49dca688d80d97433b3a6c1117916861018f57a6558cfc3eb2c1067c46f815b1f1cb3
CLIENT_HANDSHAKE_TRAFFIC_SECRET dab72ceababe187d657f294ec1d128cf29afa2f42a25e789cb9e7c3859c554d9 26a9ce8e451a754a868b486229d847b730052f9038cdc9637a6989bafdcb941f3f62c1de6bf971287e08b7b4f0b57c73
SERVER_TRAFFIC_SECRET_0 dab72ceababe187d657f294ec1d128cf29afa2f42a25e789cb9e7c3859c554d9 f6d935c31367ef3ddcb00258172d06748376323bc87176967d9d53458d52f1d53b93d7688d8b06adc02b25b5f525a20e
CLIENT_TRAFFIC_SECRET_0 dab72ceababe187d657f294ec1d128cf29afa2f42a25e789cb9e7c3859c554d9 a57b2c74386d06a8de6d2d8c8022015e1d440e57adeb87e5e131ff1619ffea0384b475e5c0745e6afcfe3ffa5630b525
SERVER_HANDSHAKE_TRAFFIC_SECRET 38800f8ba6e4cda55de968a88dc20354230e104b36fb193762cbef5d21cca497 b89ddb013ea3438900ada956f642e44764120d553659823fb06e13ac300e7ed2a2731303d7a2d8420543475ba1c1872e
CLIENT_HANDSHAKE_TRAFFIC_SECRET 38800f8ba6e4cda55de968a88dc20354230e104b36fb193762cbef5d21cca497 c80d9a282177332f7a888c039912b9483b2a9c23085f126049ddf826274557d1981444e6c6aa1429b2fe3bacf98d33a4
SERVER_TRAFFIC_SECRET_0 38800f8ba6e4cda55de968a88dc20354230e104b36fb193762cbef5d21cca497 a764883ab6c072bfcf1c267126136b306967f1c33b9f8fda41afc4f6a23c9f996fd2fff74f4b420acbbd131e8ef9bdfb
CLIENT_TRAFFIC_SECRET_0 38800f8ba6e4cda55de968a88dc20354230e104b36fb193762cbef5d21cca497 54c75038616845cf6b889140d96e2b3188e09d21cb82ec1c83e43fe1cef071de1b90a85f21670b41cfc4e2b367ccb93c
SERVER_HANDSHAKE_TRAFFIC_SECRET eb76ee947ffa52baaa02d597ab76bfab01889d87f9f489cb0ae5d298e00d1893 e2c81f1ae8ac1b606099442b955465819c0a44712e3095b46d16d131e9139f0bfe0fc5b395ae84a10769b2a4b5d04ace
CLIENT_HANDSHAKE_TRAFFIC_SECRET eb76ee947ffa52baaa02d597ab76bfab01889d87f9f489cb0ae5d298e00d1893 d41c5ee81fa3df77f8fc56dff50a91340c5796e7981c32bb5690bad190fb338cd991d8c93e6fd2771388357f42fc51fd
SERVER_TRAFFIC_SECRET_0 eb76ee947ffa52baaa02d597ab76bfab01889d87f9f489cb0ae5d298e00d1893 f9523a20b064db6e2591194e62b6c81c4f992374c818c8177c663dcee8a4f98444775256b33c0b1fa2fc0598361f2e63
CLIENT_TRAFFIC_SECRET_0 eb76ee947ffa52baaa02d597ab76bfab01889d87f9f489cb0ae5d298e00d1893 b8a00016fe0f4eea02782d5e36d99556cd069c51a2bba3ce35b567acfb9e4763a72afc7aba3c4b7fbbb0d579a691da7e
SERVER_HANDSHAKE_TRAFFIC_SECRET 285db496885b012e7462427cfb89fb90a2defac9e15f1fab98640623033ca5a7 638ca8d0515e643e5f9dcee44bcd2b4342ea355de3c44d1b9d55ece37ca6f348060abc44a86577931c022163f12f5d61
CLIENT_HANDSHAKE_TRAFFIC_SECRET 285db496885b012e7462427cfb89fb90a2defac9e15f1fab98640623033ca5a7 472f8f143f7e42b6456e7f938b81357bea090933d141998e25dec8a55dc48b3ed6c0669cb4db4ad4c3368b9da9159efe
SERVER_TRAFFIC_SECRET_0 285db496885b012e7462427cfb89fb90a2defac9e15f1fab98640623033ca5a7 e856f8f34ec3c944b6141bdb0e200b4891fe3c07aa9a2fe2afd5ef29be38be869b2ec704b2ba44399c5551d6a15eb035
CLIENT_TRAFFIC_SECRET_0 285db496885b012e7462427cfb89fb90a2defac9e15f1fab98640623033ca5a7 49f06ef739d51f7fbb897b3ea8d2222c7ddba31e791a84c85cf008c1c82c9f073032f1ac1452c595f58985835dfaab82
SERVER_HANDSHAKE_TRAFFIC_SECRET 0a761b76c7eda2a3c92352f2a9ec72e7b8b763ce718f11b8cb291ed5e3f9824f c9d4db21f77c749838cc3dcad4dc2d071f559d94f26a5153f6fc395c403e769cfc8cac5e767663c1a2d899dd34f84be3
CLIENT_HANDSHAKE_TRAFFIC_SECRET 0a761b76c7eda2a3c92352f2a9ec72e7b8b763ce718f11b8cb291ed5e3f9824f fea96f0b191ca51ebfdc5fc1f27d6a9cd97c5068b14dbc97b6031ce12a5417da6aac0d0fd6a85d165ef5020a4f584dac
SERVER_TRAFFIC_SECRET_0 0a761b76c7eda2a3c92352f2a9ec72e7b8b763ce718f11b8cb291ed5e3f9824f 9299a77e74b98f131507abcfcc4c6844f1e8b8c94a3e2556219a7032c458cb45d2b38bcb40503e85a7dfc355f49b208f
CLIENT_TRAFFIC_SECRET_0 0a761b76c7eda2a3c92352f2a9ec72e7b8b763ce718f11b8cb291ed5e3f9824f ea06b65da6a70cbec0ea3d29837eb5e854686c011f164571fce72c6007e3896ea5e4e60b75469c87f2d12de9793aad3d
SERVER_HANDSHAKE_TRAFFIC_SECRET 99314d2845e0dd00445943c98f69ffc6d0e8dc403f2f4e9ae1783190d9871864 1afc771a257d2274af38e7249e2a8b5b06c55541a2b4425638555c38df77309580e066e30eae282f49bd7a485904ca16
CLIENT_HANDSHAKE_TRAFFIC_SECRET 99314d2845e0dd00445943c98f69ffc6d0e8dc403f2f4e9ae1783190d9871864 e68f4258f1709a81079ee35ee6df4715206d5c30cd468fb8a65051a1f79d2395ecb41584264f7943819117e0515ab018
SERVER_TRAFFIC_SECRET_0 99314d2845e0dd00445943c98f69ffc6d0e8dc403f2f4e9ae1783190d9871864 6a4802ce42f35e20cd7894f5781d9c2e33bae036ad920d4fce80767a2871ac282cb1325969166f786e266a7932e5ffe6
CLIENT_TRAFFIC_SECRET_0 99314d2845e0dd00445943c98f69ffc6d0e8dc403f2f4e9ae1783190d9871864 4514fd36e590ee15396389fb78b84776d83c1b345de4d4aa661f85f186f6d2a7ef4753fb52fb693f6a2ea69530139af1
SERVER_HANDSHAKE_TRAFFIC_SECRET a1318596ff5c9bab798fb7f42abc83502fe021ad4b9f0d843a6814c2dc18d5c1 520541420ce48554ef2c5432afbd5605d2a5387ad4725f7cc9801eb690fa955b3859192da554e3fc91cf974fb25b139b
CLIENT_HANDSHAKE_TRAFFIC_SECRET a1318596ff5c9bab798fb7f42abc83502fe021ad4b9f0d843a6814c2dc18d5c1 fbf1ab145d4882aedcbbc855dfbf69d6b999d1a75b5f4f5c339e2844145ef4b3ba5dbd172f2d8d934da8e2cfbe1d7069
SERVER_TRAFFIC_SECRET_0 a1318596ff5c9bab798fb7f42abc83502fe021ad4b9f0d843a6814c2dc18d5c1 f029fb412fa4c34c7155a633f54d093f275cfc3560cee02572c3f3fe1c9d44cf0ab0ae967b717e49fdff5ab1847956a3
CLIENT_TRAFFIC_SECRET_0 a1318596ff5c9bab798fb7f42abc83502fe021ad4b9f0d843a6814c2dc18d5c1 8f8b1e06bf5af1156d9ebc487a625e03f28a8085e28cfdfeb465eaa7d46a2b11859d81b14c360fa53c9de322e72c9673
SERVER_HANDSHAKE_TRAFFIC_SECRET b48de14c08cf21967cc09ba315668133e208f37d5100216440b38eb44362c638 700e9b0e28131a112d48a9c99f196394a01aff70efe4e5bf2655e4b11863aac165d12bf64341c40c7830047eb1a86e65
CLIENT_HANDSHAKE_TRAFFIC_SECRET b48de14c08cf21967cc09ba315668133e208f37d5100216440b38eb44362c638 c2ee7f2de613c583dfa6ecb55c4b2cbf5f90712a871cf4379a16ad4a9e84df0cfe9e5498fd9b2004b74f1c0b5e996cff
SERVER_TRAFFIC_SECRET_0 b48de14c08cf21967cc09ba315668133e208f37d5100216440b38eb44362c638 727056da9c00d9f67db146b1f067583f05d7d059722d5d93f72b78ce3076a89a2fde1ee98f560dcc3237d09b9eeafacd
CLIENT_TRAFFIC_SECRET_0 b48de14c08cf21967cc09ba315668133e208f37d5100216440b38eb44362c638 9418fa352c1f0d4170553be76c40a01a7de747a196267173f61e882dc816644a7125d2d55bb79bbb54c7a428f7795310
SERVER_HANDSHAKE_TRAFFIC_SECRET 06f2b2480344ac1a07c212e08b38f79d61fb54766864b0bd8768c552d0e2f0cc 382d24efadcae7785ed8c64478770ff2b04fe1796656fe9770cdd224b0e8cce32a008b90223a5a090b4126826155617f
CLIENT_HANDSHAKE_TRAFFIC_SECRET 06f2b2480344ac1a07c212e08b38f79d61fb54766864b0bd8768c552d0e2f0cc 0af46817253e7e008c32f6b96760d5d53bc46e86ea2ad8f00076a775b4152dcac336377af639f67fa507d035e6816160
SERVER_TRAFFIC_SECRET_0 06f2b2480344ac1a07c212e08b38f79d61fb54766864b0bd8768c552d0e2f0cc 3ef0c2043d16f332358b0972f167f2a6a525bc7a4fd0436226c2b216d12423ef7d5e0f98885a1c3713aa61c051d52972
CLIENT_TRAFFIC_SECRET_0 06f2b2480344ac1a07c212e08b38f79d61fb54766864b0bd8768c552d0e2f0cc 3efd673e373ec3cf2c8769e02d69ab3a47280fa1bddbd75930d496027bdfc3fc111bb48a71380bcf6656d54ded6daee3
SERVER_HANDSHAKE_TRAFFIC_SECRET f7112d5124052f0a0d8c78744495b26fed13a36106960d8cb9f0f038e5c5f334 85fb6bd15fe90cf24db35d9c1dfaeac4c54115af80388f03528d7c7663afeda8ebe5e491ad91107c492edff16fe9e78b
CLIENT_HANDSHAKE_TRAFFIC_SECRET f7112d5124052f0a0d8c78744495b26fed13a36106960d8cb9f0f038e5c5f334 8a7b93156ffa794d13ee6bf0f6573e8c87d47f013ff1ee205907a6630b5b284eb1c84e0acf0748d89110a76fde607282
SERVER_TRAFFIC_SECRET_0 f7112d5124052f0a0d8c78744495b26fed13a36106960d8cb9f0f038e5c5f334 bd8e8d430baeaa538cae16512f2a256a19bbab749d5cf6b3b8771b1cbe6670aafd5852528baea5652c0fd77f4ff8cf68
CLIENT_TRAFFIC_SECRET_0 f7112d5124052f0a0d8c78744495b26fed13a36106960d8cb9f0f038e5c5f334 333e5e030eaf421d1eb0bb2ca982557d1180718b07affa47ecf089ffa19323bf0460c23ba912e7ce968889cc48bae63b
SERVER_HANDSHAKE_TRAFFIC_SECRET b546ed787b18b5826208e0a90dfdcae60e57ec48800ce6c4da2921346f4f4a34 a431bdb62e62f01ed39c13e03f29a955efb1e1ed40d538e18e6dbac91eb64f4fe81bbd9b697e1e640aecf352537a20bb
CLIENT_HANDSHAKE_TRAFFIC_SECRET b546ed787b18b5826208e0a90dfdcae60e57ec48800ce6c4da2921346f4f4a34 0418c5037195b2da0284c2a037b2c167b3aaf06c1e8f0069ced8b8232573f093dc58c3177123bbec582e8cad97761e8b
SERVER_TRAFFIC_SECRET_0 b546ed787b18b5826208e0a90dfdcae60e57ec48800ce6c4da2921346f4f4a34 7c4f4b332dd48460f54e4b18d899b0722733bc5150ec16c44f8e185f5b444172eca03a9f3f2eee427ee5acfd79515353
CLIENT_TRAFFIC_SECRET_0 b546ed787b18b5826208e0a90dfdcae60e57ec48800ce6c4da2921346f4f4a34 27437ff5c12c3c56ad3a3cef74b3a2c4b37dab5810bfff636173e8172fec4f1be33551bd218abb8fbf80a6e6e89082e8
SERVER_HANDSHAKE_TRAFFIC_SECRET a7fcb23994e38850e5fd51f1a458a65a201cfd7a174db20c2f9b2486847fae21 61ca500aca460b5647d4466815204e5504cd6cc572ae14d41e467eeb22f83c4311744d7c4a8994a95c130169d73a5421
CLIENT_HANDSHAKE_TRAFFIC_SECRET a7fcb23994e38850e5fd51f1a458a65a201cfd7a174db20c2f9b2486847fae21 9d1feef0f257788eebac46571c1601a4e15793c10d8e06dd71e226c1bfcfc0fdce19957960ae1074817e645ded3484a4
SERVER_TRAFFIC_SECRET_0 a7fcb23994e38850e5fd51f1a458a65a201cfd7a174db20c2f9b2486847fae21 fdfafc5592f765e41e9404d9daec99e1f66be8e7fbde88888b5d04b4f7e023ec06e3872dd267383548501d9ed76e1412
CLIENT_TRAFFIC_SECRET_0 a7fcb23994e38850e5fd51f1a458a65a201cfd7a174db20c2f9b2486847fae21 8489668f90e1ccbc1c0de0405414d95b1006ccb5d74561afc9ea54fb5d8d938c85c5ac5b46c6ad2aa69f21fbfd1bd651
SERVER_HANDSHAKE_TRAFFIC_SECRET ee4bc3411568397f91e35b87713b47e723e54481cf152bfcd425c6fe55aed5c9 cdd0f194b508781eaa51bff377485db2c8c33badea62ad57571218cdd9637da39dfdad2768bdf31f001a972670bb9321
CLIENT_HANDSHAKE_TRAFFIC_SECRET ee4bc3411568397f91e35b87713b47e723e54481cf152bfcd425c6fe55aed5c9 0913caaa13a02d49e2e97c5d2dca55f05babace9db3bca0a3febecaaf972571060bbc6f391cd85dfb203697a515a5b28
SERVER_TRAFFIC_SECRET_0 ee4bc3411568397f91e35b87713b47e723e54481cf152bfcd425c6fe55aed5c9 127a022826a2d057294ae59ccb241337225cb904f4258a1365526798ba843b9b9881de6ea907bb225f667a019573970f
CLIENT_TRAFFIC_SECRET_0 ee4bc3411568397f91e35b87713b47e723e54481cf152bfcd425c6fe55aed5c9 833da6051c9e26d9485944117c59303709d5bedeb8a2e10867c50cfd08a1516b191fb0d61f7c4196463daea44265d1b5
SERVER_HANDSHAKE_TRAFFIC_SECRET 875689853eafc31fdb43c1d60240a5082f7b8e73cd55398010a32b66318af62d e131fbd1080ea8b2b5cdb6531de167efc91041e469edcd1879ccc464a72783cfce224077d0cb19d74ffd220d8417fdce
CLIENT_HANDSHAKE_TRAFFIC_SECRET 875689853eafc31fdb43c1d60240a5082f7b8e73cd55398010a32b66318af62d 8a79c2202f48277a9880dc8923d572696d9913e2c02512a0e3d2904e10d9c5c268a9f65ccd56df740b35457475da4b12
SERVER_TRAFFIC_SECRET_0 875689853eafc31fdb43c1d60240a5082f7b8e73cd55398010a32b66318af62d f11fad3fafe2369412957e7a1d65516250b2e685f2c72ad1caaba10132fc2bbc2c22e2631b7da0a0deb04027757f769f
CLIENT_TRAFFIC_SECRET_0 875689853eafc31fdb43c1d60240a5082f7b8e73cd55398010a32b66318af62d 361ed1e32e635d56502ac1e4bae102c9f1f2d310550ddb844f79c037a6d17835844ba387136251bd73710a974726c79d
SERVER_HANDSHAKE_TRAFFIC_SECRET 0561580c6d5568e0eeead2af6a1afcb16bd087a487149f8cc2a7f41e8707b7c0 9160992efa9a8116ddb4da71016c7fa09ac7f65549d2fba64dc174b1fead24028774799d447bbce12175c947262952e6
CLIENT_HANDSHAKE_TRAFFIC_SECRET 0561580c6d5568e0eeead2af6a1afcb16bd087a487149f8cc2a7f41e8707b7c0 db300d94b9cab3280aebc217a703b264fb99ee182b03770cb7d5f29aac793d68ed9372ae8512b94032d02f503f8d7d6c
SERVER_TRAFFIC_SECRET_0 0561580c6d5568e0eeead2af6a1afcb16bd087a487149f8cc2a7f41e8707b7c0 09668b5fb7d54ba2ffdd5f9705f13883973aea787a5f5a0aae8429117efc8881dbddac9737cbda804b10617e3f5231e0
CLIENT_TRAFFIC_SECRET_0 0561580c6d5568e0eeead2af6a1afcb16bd087a487149f8cc2a7f41e8707b7c0 4221f27764bf9d39b0b153dadbccd2c3f48ec936ce9b134d3dda51d24a5b3f1516b799288fe36d122b946d224d77838e
SERVER_HANDSHAKE_TRAFFIC_SECRET 7bb20c7c58c322359ec5d4905a7eddf627ff2df035b3f293702fe5686b85169b e88b9a2eea5b9ad32ddaa3f3d24482dc37c5d8057efd6ba62b5ad0382adaf3a8376cf7f2229838b2664296e2e1d542f7
CLIENT_HANDSHAKE_TRAFFIC_SECRET 7bb20c7c58c322359ec5d4905a7eddf627ff2df035b3f293702fe5686b85169b b2e41de58d3df3bbe860f33758a9835e19a426eeb41ec531271202634ac38fd6cfa32b32e28bbbe49ea60ad960048024
SERVER_TRAFFIC_SECRET_0 7bb20c7c58c322359ec5d4905a7eddf627ff2df035b3f293702fe5686b85169b a5476026397d2a41ed8b40525de36a2b32add8725bc2f08640e903e90146b83fb388b7dd0a098eaca7fb986ea2913572
CLIENT_TRAFFIC_SECRET_0 7bb20c7c58c322359ec5d4905a7eddf627ff2df035b3f293702fe5686b85169b 7cd30e97c2d66237e51c7674485f2f74b6b03781a6d1cd928c94b7216c64ba1f314c4e9ef26c06c02d93335a170f2ba9
SERVER_HANDSHAKE_TRAFFIC_SECRET f654c3cf96738badefca2aaa30c9c6bd978db7e181277e8898595b9dbffdd481 4d228d5bd7c522688bac6596463185e95f06aa55e92706fe73d31c3efa5b6a12255f8054d5a2e7a9240e9c2fd7b1bc78
CLIENT_HANDSHAKE_TRAFFIC_SECRET f654c3cf96738badefca2aaa30c9c6bd978db7e181277e8898595b9dbffdd481 40cd05dd3ae317fef657feac6855a3a42debda2e8d66ba6ada78afecab613d5404c82369030afcb80c4f68baffe41a04
SERVER_TRAFFIC_SECRET_0 f654c3cf96738badefca2aaa30c9c6bd978db7e181277e8898595b9dbffdd481 317e639f0383d37b7a78a6807f232010b420a2be378ba17fcc8371aed8ae05b8d160d981f24a5f9c7f8a8b525365a310
CLIENT_TRAFFIC_SECRET_0 f654c3cf96738badefca2aaa30c9c6bd978db7e181277e8898595b9dbffdd481 52b2c77de31839dedcc241e378abed18cf3effb9ccca3cc4e792971e0d023363ad334cd6122d9402f37c3918ce713edf
SERVER_HANDSHAKE_TRAFFIC_SECRET 9539a7ec8a8cb9a6e30c356bf1f515182089d7305ceaf2f5b84c29f6c282bae6 5d763bccf994af62fb1d2e82b9ea851bc384b0084a1c950afc9b31b917e1e41dc42ae6503a6b478eaef313ba81d7fb9b
CLIENT_HANDSHAKE_TRAFFIC_SECRET 9539a7ec8a8cb9a6e30c356bf1f515182089d7305ceaf2f5b84c29f6c282bae6 45f5ab8da126872cc54eb9f7525c28a75b090669228b18f1d662fbb726ec5751b6765d1e1b0d73b3105919da274dcd9d
SERVER_TRAFFIC_SECRET_0 9539a7ec8a8cb9a6e30c356bf1f515182089d7305ceaf2f5b84c29f6c282bae6 f88d2885bdb7dfb019c2540eb10a7965660b9ce5f374b0f71c7b118edcdfec305383ad5b14f685b4b06f7540a6970838
CLIENT_TRAFFIC_SECRET_0 9539a7ec8a8cb9a6e30c356bf1f515182089d7305ceaf2f5b84c29f6c282bae6 f31204986cce334e8db746701102d72f7c665dc48abff13969e2f77762b21a6cd5878fc9a17ea826b6d3d1cd854720b2
SERVER_HANDSHAKE_TRAFFIC_SECRET 309802dbc54b1562b27b3755606536ddc499109031272852e9494479834a1d47 9b7f29ee3bd70e9e83441745863ad3d0a7776ae8417cb4794ce45426cde9488ecacfae29d9cd4fb5f918a51df7129a71
CLIENT_HANDSHAKE_TRAFFIC_SECRET 309802dbc54b1562b27b3755606536ddc499109031272852e9494479834a1d47 0e2e64fac9c4349b72305f5d013efd9b79af56b4e756cb281b6b104e8742b56952465c6a2c7dd707bf1803280de30078
SERVER_TRAFFIC_SECRET_0 309802dbc54b1562b27b3755606536ddc499109031272852e9494479834a1d47 7b762b261fefc2180d59e2e95315fd64b9501efbe4fe96878732b2a1928cf3dac31c3bd9275eb1b846195c1affe51dd9
CLIENT_TRAFFIC_SECRET_0 309802dbc54b1562b27b3755606536ddc499109031272852e9494479834a1d47 da9e8c10ae26f8f80df85b5096b20345e4fec7190364a14b1ec5b129fe16b9c27c675be44292a00256115e6e2be1422b
SERVER_HANDSHAKE_TRAFFIC_SECRET c055eea5939411a8d3d8739321d7ceb559bb5fc1f178180a63fa1456dfc447ba c5d540e1bca6404816e519af581b4f26de49ac3412ad7029f79bce4acb27c0ef6ce3e40b955a99058ed79e76fc60f81c
CLIENT_HANDSHAKE_TRAFFIC_SECRET c055eea5939411a8d3d8739321d7ceb559bb5fc1f178180a63fa1456dfc447ba 219d5109b5d8518df5685ddbb269acb739f54988020e9bc65f68b363c476e34b482257306f1588d7e03301ad822c8001
SERVER_TRAFFIC_SECRET_0 c055eea5939411a8d3d8739321d7ceb559bb5fc1f178180a63fa1456dfc447ba 0d17bae52bdf01adac3af6471cac616733ef5cc80c441ad59b76f95584917871ac5e3611d2fc516f581e50b6b0074deb
CLIENT_TRAFFIC_SECRET_0 c055eea5939411a8d3d8739321d7ceb559bb5fc1f178180a63fa1456dfc447ba 77c5d141033ffa50da2a68a3f26b161676170ab5e386c34422328791931de9e3d0fec9ea772c0c90ec68ec602c06ade5
SERVER_HANDSHAKE_TRAFFIC_SECRET 82ab301d53ec30d2dbb56101a56ae2653cb6f137ecee8c0f587738780d320535 6f79623beecf2f79e5c8819a5caa6f740119d9df2dd5273aeb45913dc7acb2ba21338eb6c989aecd753c190e888538fb
CLIENT_HANDSHAKE_TRAFFIC_SECRET 82ab301d53ec30d2dbb56101a56ae2653cb6f137ecee8c0f587738780d320535 db199a9b5817c527b9d86590db93c79f32b553fd27585cc99751d3dd4151aa05fd42649f2812c0699be5a2ec7c5683dc
SERVER_TRAFFIC_SECRET_0 82ab301d53ec30d2dbb56101a56ae2653cb6f137ecee8c0f587738780d320535 672ba0c140d2329fe8e6511bea627ccc839e7a831d157e4f11f5fde2435b6c9cbdc913853bdc8b0b2625a0d5f3d7b0e6
CLIENT_TRAFFIC_SECRET_0 82ab301d53ec30d2dbb56101a56ae2653cb6f137ecee8c0f587738780d320535 45afad5c1ee45ef2352a11acc36d800360b614b6521d80685e56a45d3d6f7df4f96837c1321bf718c721d2f02bc8601f
SERVER_HANDSHAKE_TRAFFIC_SECRET c63e87bd70507536a6878b0d559c971b739cd1613052998a2882f0f553de3e4e c870f5786d4151982fb4c09075e81cc32bd585930c67ce0dc8602ed16830b7dc32509a5e6fb563f47afa277028447931
CLIENT_HANDSHAKE_TRAFFIC_SECRET c63e87bd70507536a6878b0d559c971b739cd1613052998a2882f0f553de3e4e 60f39f62a3eccb9dd9ae99349066f63c36693da6bf9f022384da0075b211a3f513284675552dcc2d4720cc55b08e53b4
SERVER_TRAFFIC_SECRET_0 c63e87bd70507536a6878b0d559c971b739cd1613052998a2882f0f553de3e4e 4e392de2b18eabde24f641889158321e8a61c70c6c1bbdb81e61a6f5ff93719c27f5bf9e6eb01d1401ffddebf5ed2432
CLIENT_TRAFFIC_SECRET_0 c63e87bd70507536a6878b0d559c971b739cd1613052998a2882f0f553de3e4e 1dcb067dc2053cf314eab228288dc34be192732fcc3dc5b996afefdc8bb73af1f3bac145acdd7c681fbb7143064ef542
SERVER_HANDSHAKE_TRAFFIC_SECRET 042edabf9c421d9003287575ca9fdac23099b7a3ef5f9ad729c23dc8ce8ba32c 7db96db4183b28cc8cb0564b2bf80c62b2af03afe0ab96e954214f26926708a7e4c97d9302dbe827ebfd1d5a68e9c97e
CLIENT_HANDSHAKE_TRAFFIC_SECRET 042edabf9c421d9003287575ca9fdac23099b7a3ef5f9ad729c23dc8ce8ba32c 7b299a31e50c9656aca01625dcc177749278f92d55990c1e6733b1e0c6cae54512d22575a3b6e82711f3e431473f070d
SERVER_TRAFFIC_SECRET_0 042edabf9c421d9003287575ca9fdac23099b7a3ef5f9ad729c23dc8ce8ba32c 73b57554d8c725051ba29a6ab3e7cbdd5617a5dd8acf1b3a8c375429cceea7fa59e979a8eb660aa74b4c54a75a18e367
CLIENT_TRAFFIC_SECRET_0 042edabf9c421d9003287575ca9fdac23099b7a3ef5f9ad729c23dc8ce8ba32c 5d0b70bbe24c4827e92c4d1f818c837e43cd3eecb33687528d9deff95e83c6f98ed67634d2fadf661f6cf6b316025fee
SERVER_HANDSHAKE_TRAFFIC_SECRET ee7a74806911d522d7e18cc99811a9fe77746f2d408f63b3684cda59cf9bcb71 25c4f5c6ec16e2b20bba4d55bcefa5c276899ddaeea1161e74e676cb1f5211af97d32aa1bf50d59c6d7af8c427348e39
CLIENT_HANDSHAKE_TRAFFIC_SECRET ee7a74806911d522d7e18cc99811a9fe77746f2d408f63b3684cda59cf9bcb71 806fdee191ffcca13e988b2a065070c44d7801ed23c2e24f93b3113e0ae0628d0083c8c3016db1fa44ea9fd7e303ab59
SERVER_TRAFFIC_SECRET_0 ee7a74806911d522d7e18cc99811a9fe77746f2d408f63b3684cda59cf9bcb71 ff65e59403bf04a3ff40cb5888ded5004fdbb1d6846215e880afad90ffd67720985ef6fc397a3d0382d5e532c41cea30
CLIENT_TRAFFIC_SECRET_0 ee7a74806911d522d7e18cc99811a9fe77746f2d408f63b3684cda59cf9bcb71 1328f7f4b3fc21a879603e5deafee1e78ec008e9c3cfed5b6d46d4c6eaa82b0f82286318e917724492da59933c243073
SERVER_HANDSHAKE_TRAFFIC_SECRET 3f97697a722e90e9957784cd0267d477c2020b6a12323b0696dda74175903058 db12b3602ab0ddc7094ce61a4f7c9d063fad657e9b3e6e4022f5766c8c0085deccb4209a1ecb26dc90829c3ac9f8c60c
CLIENT_HANDSHAKE_TRAFFIC_SECRET 3f97697a722e90e9957784cd0267d477c2020b6a12323b0696dda74175903058 33529cc2fbee48a7e281a0b7152da94841ba5140e1ad5c38b6b85714bf7468e16ed11403400e3aa8380b8f337d5ec857
SERVER_TRAFFIC_SECRET_0 3f97697a722e90e9957784cd0267d477c2020b6a12323b0696dda74175903058 f44e5156130c6bba9f3afd0e858b1d86ce8abe022a51578015ed3d1ad1a03e2c2d2ed31ab170fcfe66bec51bb33aef6e
CLIENT_TRAFFIC_SECRET_0 3f97697a722e90e9957784cd0267d477c2020b6a12323b0696dda74175903058 6677cb0c71c6cccf0d544ae81ee326a70a842522cdf244d740573093342a8f4dd0af7f5ae6b9d7a911cf1b36c683a872
SERVER_HANDSHAKE_TRAFFIC_SECRET d1b5385ba464efd4f86c77d224c38e7a4bebef0cbb36e71232a88a5d08f58346 edf2c582d981fd676aa39d55a7b85f7a6a420f89bb2f3d6c3b7eac34c178e47621d718554160879e74a6ecbef656c2d9
CLIENT_HANDSHAKE_TRAFFIC_SECRET d1b5385ba464efd4f86c77d224c38e7a4bebef0cbb36e71232a88a5d08f58346 fc6db5c716b7df8969e3183a042f77c2b62bea6668a351bda686ec87ae512b56cd6def2260d3d49e61f7bd744c301135
SERVER_TRAFFIC_SECRET_0 d1b5385ba464efd4f86c77d224c38e7a4bebef0cbb36e71232a88a5d08f58346 bcb2a22bc9a9ad1be95ac91a8871ad605ce6c32aa46d99009649359016605b698e65b4fcff37240cd019c1c98f4925d8
CLIENT_TRAFFIC_SECRET_0 d1b5385ba464efd4f86c77d224c38e7a4bebef0cbb36e71232a88a5d08f58346 9c87adecd34e5f39dbbe20280654cb3325dc23042fd6cd3ceb2b76cff9660b281a59576e2e8b37aa149ec5d54878a150
SERVER_HANDSHAKE_TRAFFIC_SECRET d3908f04e1ffd885cdb254cf3f33709b01e1c51de92204906f3eebaf4f1419cf c822035d384e1ca28d208a15f8c71ee047f8a12afa1cb7239d53149f9e3c1fedd32e3caebe85e0a8ab6a8fc68cc1bc08
CLIENT_HANDSHAKE_TRAFFIC_SECRET d3908f04e1ffd885cdb254cf3f33709b01e1c51de92204906f3eebaf4f1419cf b3608dbbea57086da77aa13d92cc70c53eeba4c1bce1fc48cb17308300614472f7e1e8542bd1db88a69d28a501a50de5
SERVER_TRAFFIC_SECRET_0 d3908f04e1ffd885cdb254cf3f33709b01e1c51de92204906f3eebaf4f1419cf e7154bde021277ce621b5123a2e2587c12e41e79710ac02a63aba99dfa5b8c2cf9a20b7ae12e35241c62a5b6dc14274e
CLIENT_TRAFFIC_SECRET_0 d3908f04e1ffd885cdb254cf3f33709b01e1c51de92204906f3eebaf4f1419cf adaf8010563db6b2d760886fc53f6a3a18f1badba189b918b34e5a9521a2f9bd5744753cae39dc0d03888d07dfb72b96
SERVER_HANDSHAKE_TRAFFIC_SECRET b721313aff19fd875f3bab04153333004fc23f5030509a1b0f3cbf472baf5786 47c22d11dfe3bf1b9d002baeea60b55feac9e303c03d92b9b87627b8780b7d7515e3533dc7ca6e3d6cb27c2ac53e7630
CLIENT_HANDSHAKE_TRAFFIC_SECRET b721313aff19fd875f3bab04153333004fc23f5030509a1b0f3cbf472baf5786 b86e5927a6975ae2785763d0faff77fb1ea2a9e0613eb20e6ea1290f05a5a5fbe51629af3f4ead153a6e7c433f533be3
SERVER_TRAFFIC_SECRET_0 b721313aff19fd875f3bab04153333004fc23f5030509a1b0f3cbf472baf5786 7cdf674c39c9c8cd4819a93751f940128fbf431cb801c09647f2332c10a3c8734a72c46d057fe9d9e1293e90e2c0c4f9
CLIENT_TRAFFIC_SECRET_0 b721313aff19fd875f3bab04153333004fc23f5030509a1b0f3cbf472baf5786 ecff3fd4789c90578c5463798cb5acafc901eba80d3f98ebe9d1e89fe9e3614c192f98ec609bcd8acd4a7910fa6c4218
SERVER_HANDSHAKE_TRAFFIC_SECRET 35804214b581480f523de09133ea9d8dc1bd0fb2349e7a0842fca400fb4ef948 6bb9107890b83315b4a24561ccb68157492aeee8df8aacf28b10bfa4ec989231eea769395625705449cb87979dafa86a
CLIENT_HANDSHAKE_TRAFFIC_SECRET 35804214b581480f523de09133ea9d8dc1bd0fb2349e7a0842fca400fb4ef948 78bbebc653dc5cdb4bd3ad28d4312f86a340b19f9db9f6dfb07ae468f89356490d86c4cb1e1e88556236969e39f3fd14
SERVER_TRAFFIC_SECRET_0 35804214b581480f523de09133ea9d8dc1bd0fb2349e7a0842fca400fb4ef948 fafcd938ae6aaed2762dd8022f6993e41c62dbd67e13e641a51fc4ce45027229973005d301529aa4d9a49b9939792694
CLIENT_TRAFFIC_SECRET_0 35804214b581480f523de09133ea9d8dc1bd0fb2349e7a0842fca400fb4ef948 8a938aac58ca511dbf04066189b339ad530fecc214a703e140e0437f84835826c4932a2d8b146de6bf290d360941922e
SERVER_HANDSHAKE_TRAFFIC_SECRET 4621d1218ddd015aa69c0267e41b952ab045f3879465a91e374f3a09f4a99f02 1b484ff444d7bc557571401c025d5b695e844941f5153b76f766758dc070474954fac57869815abb61f9f0d2ea1c445f
CLIENT_HANDSHAKE_TRAFFIC_SECRET 4621d1218ddd015aa69c0267e41b952ab045f3879465a91e374f3a09f4a99f02 5b34c8915154dad7f1f5b9e5fe1dd2eaa399d96d42a8b9f72e61466e76926aff20de5be72413bdec1c080d940f89a05c
SERVER_TRAFFIC_SECRET_0 4621d1218ddd015aa69c0267e41b952ab045f3879465a91e374f3a09f4a99f02 49f14a7d5936cc8f1de49aba793d876f663fc80791c44b504a856408d660a2c8bbf637a0c3bdfbfb3954a9c10d9298b8
CLIENT_TRAFFIC_SECRET_0 4621d1218ddd015aa69c0267e41b952ab045f3879465a91e374f3a09f4a99f02 b5fae6ce5737502b6cdb89f5d49a015b4a33ed3ff9872f1e32c3d6823241bfc77608229e553e80b9d57f54facb08b9e8
SERVER_HANDSHAKE_TRAFFIC_SECRET 34993ee60f8ef219dd4ca99d53a1bb656c58ecc537378092d115d792a3a51ad9 8a2461f617cf45da6ac7f401d4ae5eb2f124698fec3929b2a35307d219043b2bf9ae952b1cdc42cfb05bdf5a037c23c3
CLIENT_HANDSHAKE_TRAFFIC_SECRET 34993ee60f8ef219dd4ca99d53a1bb656c58ecc537378092d115d792a3a51ad9 bad28d867ae261461a711cefa2693b3855729627e4ad2e3f12e839ccfa3c9220d3b5692139cc83cf8ed1322b0788ec0f
SERVER_TRAFFIC_SECRET_0 34993ee60f8ef219dd4ca99d53a1bb656c58ecc537378092d115d792a3a51ad9 c82c5cb3dd8c9d39e8522b5261b84168afcda2d67bd094377f0ee19224f4b8590d3542b205515acb6cfa0754ba29eaf7
CLIENT_TRAFFIC_SECRET_0 34993ee60f8ef219dd4ca99d53a1bb656c58ecc537378092d115d792a3a51ad9 0892b1412d868381d5652d4cb46162f4fcce58166702ff925f09a6007421c83120fa9fce4a6aa0aa2ac1c0973b6392fe
SERVER_HANDSHAKE_TRAFFIC_SECRET ed229d995bd470a059da1a24e6b77e764c2db939bf6574c0f86af9210f406187 62b6cde7fc538435f06e97bc8d6bddda510d4c5906797a864e9c3c4e284229578a0c2a22daaba62ca317dbb7964f81ad
CLIENT_HANDSHAKE_TRAFFIC_SECRET ed229d995bd470a059da1a24e6b77e764c2db939bf6574c0f86af9210f406187 17e52a633488e87b5920bb835d8020d3976c804d9f27497cb1bd6ce71a237aea907079a106c8c088bbd517420b112105
SERVER_TRAFFIC_SECRET_0 ed229d995bd470a059da1a24e6b77e764c2db939bf6574c0f86af9210f406187 d1173f844877965c6a0ecf983acd2c978719c490ec31db0f409f68e46fe40a338ee5dfab3906ef51d86b57465f677893
CLIENT_TRAFFIC_SECRET_0 ed229d995bd470a059da1a24e6b77e764c2db939bf6574c0f86af9210f406187 019c065c0b398d70512e1dcdb945187722d9b3fe7bd85dd2f476a7f34c75fda3f725c76a2207979a78383c9c75988705
SERVER_HANDSHAKE_TRAFFIC_SECRET b96618d093767c8cc434c12000938bdaa09797944c0375141d4996d3f6ae7d07 fc6c55c52756cc06a34eb5d0206d9bb551d82ed9076d6ca3ae07b733a24a14aed877ab09c8fc72245033decde381d318
CLIENT_HANDSHAKE_TRAFFIC_SECRET b96618d093767c8cc434c12000938bdaa09797944c0375141d4996d3f6ae7d07 65529c7e0d5a610a37a0261e33e75b2fc010c873dcc3b82df66b07c38076f65f809a60f2a034fe5f5c9438f03b9b820a
SERVER_TRAFFIC_SECRET_0 b96618d093767c8cc434c12000938bdaa09797944c0375141d4996d3f6ae7d07 67fcdb8997848a5ebd09fe0317329d7e61aa4603bf8e3db728dd03c2d690c9b9dd3e1fcb624a5882fdeaaab58443c19e
CLIENT_TRAFFIC_SECRET_0 b96618d093767c8cc434c12000938bdaa09797944c0375141d4996d3f6ae7d07 79b2f19734ceb442b6bd6bc394bda636a38ff897fd23bf450070e6d7c6d4a3c5829020a3d3ddb88e5de7a74aa23547d7
SERVER_HANDSHAKE_TRAFFIC_SECRET 2a6beaf99382731ab4d1d01453271d010e3d914903cf327ff62c4768e8b1014d f6e7e3e08513c4021380784ae062fce55cbd48939f9a393f24c9cd0dd3c4309c0bbebaeab27b3af76104ef58bdb5f454
CLIENT_HANDSHAKE_TRAFFIC_SECRET 2a6beaf99382731ab4d1d01453271d010e3d914903cf327ff62c4768e8b1014d 3c26286418e6d8a4dc3cdbe19ce4176bfb638b8db5fc8a7bf82e7a3d1dd21d10cf4dfcd1301b2dc299c051c6fb017d84
SERVER_TRAFFIC_SECRET_0 2a6beaf99382731ab4d1d01453271d010e3d914903cf327ff62c4768e8b1014d 958c99f6724073438d90d3936ad4d40268c28e8f741cff0526b621f72e3181f58247c9c610ade173943fcff95fcff7bb
CLIENT_TRAFFIC_SECRET_0 2a6beaf99382731ab4d1d01453271d010e3d914903cf327ff62c4768e8b1014d a385935d92a358899fcaeeb536e4570ebe825e7e52bf894a554d8682f9b4a32d051233597f836e8165486f331c57bc95
SERVER_HANDSHAKE_TRAFFIC_SECRET 7e8057323ef825c52c32aaf752c7f37567b333c7a68410d92bec06972567e83e 31da9a290941cafe86b1a56cc303f1b68a29fca42c24324c793b20c0a758400f71fbbdfe75f25552c3d17d360575f572
CLIENT_HANDSHAKE_TRAFFIC_SECRET 7e8057323ef825c52c32aaf752c7f37567b333c7a68410d92bec06972567e83e 27e2a5bf47b64ea71c609c71d8a5a38ce6619b18137f3ecc3b81fbada17e12dbd5e858056df5886fc955b20ec05f1e88
SERVER_TRAFFIC_SECRET_0 7e8057323ef825c52c32aaf752c7f37567b333c7a68410d92bec06972567e83e 4aa1ab56a0fcf8a9ed9cc465d4daa9afd332cd99f81ee766d57e709b4c7ea8c02bc89f87ab27c1edfbf8f092855f8240
CLIENT_TRAFFIC_SECRET_0 7e8057323ef825c52c32aaf752c7f37567b333c7a68410d92bec06972567e83e 6ff813ed24e4d95f2ee7ac3f01f0393a010a6b7ad3031e60b413c00890ea506107ec4c6d68c020a6f875f62a09dd7d1c
SERVER_HANDSHAKE_TRAFFIC_SECRET fabd2c19a8f8528fa36c316ea52bd8e43f23685975ba7d3ecdd7eaaa05ee2a8e 144ebb469e95451d9732ef7765e088817875562dba6f2df7a2716f6a4e51252e264af7e9d0ca68bd6bb659a7f1cf2abd
CLIENT_HANDSHAKE_TRAFFIC_SECRET fabd2c19a8f8528fa36c316ea52bd8e43f23685975ba7d3ecdd7eaaa05ee2a8e 78a9f760c0861aef7699829af5a7fa9200c3e0e93f6e274c3f779e2c4561dd5a43af79636cb71b13155d7e241839232b
SERVER_TRAFFIC_SECRET_0 fabd2c19a8f8528fa36c316ea52bd8e43f23685975ba7d3ecdd7eaaa05ee2a8e 0135a52440a7674d18addd762a2b748f40d6435803869aaf3d642070751dcc0ffd2fa006a2dd2654a2d2eca1c45482a1
CLIENT_TRAFFIC_SECRET_0 fabd2c19a8f8528fa36c316ea52bd8e43f23685975ba7d3ecdd7eaaa05ee2a8e 586002706e945242f06133792c7ea7bd4d84c56ac03ff6aedb4520093254f147f8918393228ce58732db40cf17da0895
SERVER_HANDSHAKE_TRAFFIC_SECRET a56f1c5581cc5687fface581533c1d9737f65447fa7627136fb28f1f22465cfd 9f09f40b08aeb3e0af78f86c80ed18addff49a9cba7a6f65cffc54be0243271b19272c0f4b9a2bd1f248e2893b5766c0
CLIENT_HANDSHAKE_TRAFFIC_SECRET a56f1c5581cc5687fface581533c1d9737f65447fa7627136fb28f1f22465cfd d767ed9e05654c57528123deddaf71f69d76a80b424b05677a724f157440d3d1c3be6e5787f57fe888072b12caada392
SERVER_TRAFFIC_SECRET_0 a56f1c5581cc5687fface581533c1d9737f65447fa7627136fb28f1f22465cfd b0167d81e8df50803787beddf9a2d231998c07faf4d08f2ca6de1a89f59bcb1e7e957e99d378c16c57884adb5b530d1b
CLIENT_TRAFFIC_SECRET_0 a56f1c5581cc5687fface581533c1d9737f65447fa7627136fb28f1f22465cfd 5b2ec43c820cc219de84a9739c338e556f7ff05e46dd1b3ba613e731fd20564e28d982bb131fefc2ac4ca440dd32d401
SERVER_HANDSHAKE_TRAFFIC_SECRET fa25e2c589af504152ab83337e4c5bd4e05bf4ac5b1147cca15c5f8a47590c5b c9eadc095e3124acaff6e7d4ba33b40d09e7909c797c827daa17c420c8f445298129af36b7b6a44389cdda67577244ec
CLIENT_HANDSHAKE_TRAFFIC_SECRET fa25e2c589af504152ab83337e4c5bd4e05bf4ac5b1147cca15c5f8a47590c5b 7947a3ffd8af4b5300dfb0e212e8baa1d4bdefd3ebfdbfb66277987c6dc1fc8049f51d95c667d3d7df2a3eec95dd3340
SERVER_TRAFFIC_SECRET_0 fa25e2c589af504152ab83337e4c5bd4e05bf4ac5b1147cca15c5f8a47590c5b 66c0d32d8084a8c9d5f83bb3d3fee11123f2e8999d92c2646a7a21229ac433cb62522480e7a161555e72f8f3c1a21b5d
CLIENT_TRAFFIC_SECRET_0 fa25e2c589af504152ab83337e4c5bd4e05bf4ac5b1147cca15c5f8a47590c5b 28d3fb6be073480ce726433642c8c7bae56365df1e05eea098b580a037433d1dbfa2afb6c5a12785358e1b4377608576
SERVER_HANDSHAKE_TRAFFIC_SECRET 93ef3449e78986b8711f20c33d5b343b68d997372f8a8ba18d9f8c451ce24626 b55f668f3c111c6fb3a38c391fd5d9c3fc254bb029497f2a6ad8e586143bb0fb919eb487b45e1e93b8c8352d8a1aceb7
CLIENT_HANDSHAKE_TRAFFIC_SECRET 93ef3449e78986b8711f20c33d5b343b68d997372f8a8ba18d9f8c451ce24626 360119f8c708e18c0d62f6dc8d51bcfffd4bcfa26479f8a451d7e3a6b0599539f07de83b941c298adfe8a854d390f912
SERVER_TRAFFIC_SECRET_0 93ef3449e78986b8711f20c33d5b343b68d997372f8a8ba18d9f8c451ce24626 237da90ae09b7b842c9789e0da2ff08d7118640a8a2bf5509b06cf5f91815e158fb0f77500396c786a644e218dc08590
CLIENT_TRAFFIC_SECRET_0 93ef3449e78986b8711f20c33d5b343b68d997372f8a8ba18d9f8c451ce24626 16cdf0e97b6577ad5d0571e21f08c9cece13abdcb7c56c2d91edebeaf2320b6a47d9c7cbccde9acc331c64e36b232e66
SERVER_HANDSHAKE_TRAFFIC_SECRET 7cfeed137b215baf29cede569c2b95136712891d9f1d6b7e0810bd0c2056bebd 67a353bdea3281f4877f5400a8bdad57c8296f462a4fbfeeb276d9d538b0e064abd220445aa0e889fa15939cc742e542
CLIENT_HANDSHAKE_TRAFFIC_SECRET 7cfeed137b215baf29cede569c2b95136712891d9f1d6b7e0810bd0c2056bebd 4884110938c927a2adc16af1b40a81d89fe5e92c2add79e2a65fa491e3f53fdd3befaa7f13773f9ec4a5fd06e47a313e
SERVER_TRAFFIC_SECRET_0 7cfeed137b215baf29cede569c2b95136712891d9f1d6b7e0810bd0c2056bebd d71bcfe7572c240be74262ac916ccc098458866103219bc6c3504b66de084c0aec6adcef77767e72ed5ebb599305543a
CLIENT_TRAFFIC_SECRET_0 7cfeed137b215baf29cede569c2b95136712891d9f1d6b7e0810bd0c2056bebd dd8cf20e8035af6762e30f9ae9cdcc7d96ce790fddd985df0743e64e628acc77a1d06cb95bf4ece51505cb86c32d2f88
SERVER_HANDSHAKE_TRAFFIC_SECRET 9df87d9b786e26485bd0061592926f32ecd23e8d86334adc1724ca0135dedb35 b7f8fe6894fb9da7260482a227f7c9e2a01dedc5665f35e29a46c2edcc2ef96d8a0beb9c03b2a28f76bae2d3d53c811d
CLIENT_HANDSHAKE_TRAFFIC_SECRET 9df87d9b786e26485bd0061592926f32ecd23e8d86334adc1724ca0135dedb35 52a79ff0dd579680bccc68a4b30cdfed84aa36eeb64465e0d73cfebca435d61f77ae77d5865b2279545ab21dd872c947
SERVER_TRAFFIC_SECRET_0 9df87d9b786e26485bd0061592926f32ecd23e8d86334adc1724ca0135dedb35 c91d7f99e3122f22f1660141e3f59aeed80c2b1443eefae3f5bdf557b071140a86c148c48b1331999389bfed6382a703
CLIENT_TRAFFIC_SECRET_0 9df87d9b786e26485bd0061592926f32ecd23e8d86334adc1724ca0135dedb35 570e2b4321b6bd347cb2e45a3596f4cb9a5eeeb95e764ce2a03a4b1e785a852cadef03c66d165ae991fea69bb1d79daf
SERVER_HANDSHAKE_TRAFFIC_SECRET a4752118f4f4011fea9c8fffa23cb1404090caea70733af0accdee88fbf6caa4 84d80403cca0fcc65d2df151dd6894599e4470db57c2abe6b59e8eab4795bc650e9eeda2e5fdef65bce9d424fc9c8086
CLIENT_HANDSHAKE_TRAFFIC_SECRET a4752118f4f4011fea9c8fffa23cb1404090caea70733af0accdee88fbf6caa4 7bf6881237381336b37e4a0e3d30c6f3bd158685281ee4a19a4837895c0325bd1e1521e21816f2cb39766c7ed33846be
SERVER_TRAFFIC_SECRET_0 a4752118f4f4011fea9c8fffa23cb1404090caea70733af0accdee88fbf6caa4 e68744b1e76f40dec981b00a21d264a7f8b0eca717b5a63cf593b04b5172560ab8d457ea716a603112cb7e4ec3fe7b31
CLIENT_TRAFFIC_SECRET_0 a4752118f4f4011fea9c8fffa23cb1404090caea70733af0accdee88fbf6caa4 89b0cacb5fb553cbdd9d55367e47636e26aa0370b371ac1cc19d7b98c061226a9e62422787fcfeb2975f03bed2bdd37a
SERVER_HANDSHAKE_TRAFFIC_SECRET e600ce5ad34d41f7bb9e653a918ad5ea7eea386a831b629575b69166ab91dfe2 3ba5c9f1b79ab6a1213c66f2e4c2d274792edb7e81401238468e01acd027e41cd952df3f0deb0826a96f6eff8a419336
CLIENT_HANDSHAKE_TRAFFIC_SECRET e600ce5ad34d41f7bb9e653a918ad5ea7eea386a831b629575b69166ab91dfe2 a454c8ab4497a9db896ea848d4e24cd5221c4f4942f2f4a270ad96e19cb9ade173a66247b91f14007354c97db240f668
SERVER_TRAFFIC_SECRET_0 e600ce5ad34d41f7bb9e653a918ad5ea7eea386a831b629575b69166ab91dfe2 8f030aa37215a27f13f314353068518f60cb4bed3b7b28a885aa3fd8d12026d57aa70d344ef2b0e8895543798a35869a
CLIENT_TRAFFIC_SECRET_0 e600ce5ad34d41f7bb9e653a918ad5ea7eea386a831b629575b69166ab91dfe2 a074feca63daf013c70eb59e22753b6480ef5e3a7a5e916e20cc8e85bd33331bcc40b0061682b5433312f0a120ed0e42
SERVER_HANDSHAKE_TRAFFIC_SECRET aff78050a5d30d5a230794fec922d2ee0fa6eb50564dbd6b2ab37161dc29eb78 9f20d0d7fcecf004501f9e19e3deca18beb1e6c97e42cc15f56f7aacdcc09ce91c0e334e3aa99d4e8f0d5d30d179c5e5
CLIENT_HANDSHAKE_TRAFFIC_SECRET aff78050a5d30d5a230794fec922d2ee0fa6eb50564dbd6b2ab37161dc29eb78 ecb830eb392edfbf2545bb6bacac7fa5c51dd4b95b1f69768da5a2b07d02abc5366bea2fefedbc8891c9209092497837
SERVER_TRAFFIC_SECRET_0 aff78050a5d30d5a230794fec922d2ee0fa6eb50564dbd6b2ab37161dc29eb78 945b949f0e3afd2c1def7144ac9cef16f519dda3b680b512de061122680d2e5a3739bbfb7a1ad2e65237dd291b7fba2d
CLIENT_TRAFFIC_SECRET_0 aff78050a5d30d5a230794fec922d2ee0fa6eb50564dbd6b2ab37161dc29eb78 a8ab3b479ce5b562ca13113a3f77ee71a7c8c533cb6d886852e37d8cec1d85e2a19f25b0ecf5809a82a3e377e6e00761
SERVER_HANDSHAKE_TRAFFIC_SECRET 703f9f8f1a7039c9da3dcbed085903fa119e5270a06294a3871f5e1b9534d841 912351c7195a92792c0890357d391114080a4df608216fb88ee30b2d818a124f2622138dc1ecc16f6bb20a64e41e1a75
CLIENT_HANDSHAKE_TRAFFIC_SECRET 703f9f8f1a7039c9da3dcbed085903fa119e5270a06294a3871f5e1b9534d841 ffce551563886d3ebd001cc1f05e3740c8e1df877a387d48d377b2842b57946cbeec128e10c3980df41e2c6097ace118
SERVER_TRAFFIC_SECRET_0 703f9f8f1a7039c9da3dcbed085903fa119e5270a06294a3871f5e1b9534d841 b2464751a6e9f95d1f3b3fb13822efc44216fddbbb69ab16760d1419e66b6754b956dc4e0e4fc65b4de915a9990156c1
CLIENT_TRAFFIC_SECRET_0 703f9f8f1a7039c9da3dcbed085903fa119e5270a06294a3871f5e1b9534d841 9abe7432833f7b163369f46004808948ab23a480e382df13d123ad5807cb1b39d7b05540d84957a88b5ae2afbed0b685
SERVER_HANDSHAKE_TRAFFIC_SECRET 010780de9e5a16d89e02fb7c541cc9f23cfad02bea54d17bcbd5791a1f096ab6 a85bf4180adf4b8a88c5c3e9c6a209c44bc58c4cce5954aedbd08936af376b05ee84266f48833c08fb5e84ac2bb83d22
CLIENT_HANDSHAKE_TRAFFIC_SECRET 010780de9e5a16d89e02fb7c541cc9f23cfad02bea54d17bcbd5791a1f096ab6 d09a85af873c8e965ce1b41987991d1137289686ae8178916313f1013931c44660293727d5a39aa70ae4602c8bfa995a
SERVER_TRAFFIC_SECRET_0 010780de9e5a16d89e02fb7c541cc9f23cfad02bea54d17bcbd5791a1f096ab6 e2dae53036d6f6149334ae4241bf159eb9d43211de0303c342da2b4b65e6aa50b64435cb83417c5412f5da24fc4a7c3b
CLIENT_TRAFFIC_SECRET_0 010780de9e5a16d89e02fb7c541cc9f23cfad02bea54d17bcbd5791a1f096ab6 aaca39c7f7d40f5e5318df87412ddb4d6c201b2813a40c894bcd1d926b7d37d80a6cb4f3f4a53f1965f7ca270ccb55dc
SERVER_HANDSHAKE_TRAFFIC_SECRET 05d81d77bb0235632c9cb5617402247af86ad0c5de517b1a0324e389f7ef5135 3e6ed93a44e2d3bb847c2241ba8e04a0e0515766b5e6801d6035313326fa85983f53e683e683f6b38d533f4e3dfa8356
CLIENT_HANDSHAKE_TRAFFIC_SECRET 05d81d77bb0235632c9cb5617402247af86ad0c5de517b1a0324e389f7ef5135 00bc0d7a624af955f3ff2169bd92c76c61acc64c5b01da26e002f8eaf3cb3e996f8346735640ce9cc7e96f50be5c24b8
SERVER_TRAFFIC_SECRET_0 05d81d77bb0235632c9cb5617402247af86ad0c5de517b1a0324e389f7ef5135 48dff378297adeaa6f5a954e036664118467c4be031010a38d8b701a2281accc4f6fc56f503c976d0f9ce285d2b08725
CLIENT_TRAFFIC_SECRET_0 05d81d77bb0235632c9cb5617402247af86ad0c5de517b1a0324e389f7ef5135 f397322e66bb42a6658c9a01509ba2cddafb2cd4cc1366f79f7e9bea996e7a02622f16d97f34566909e6b10e34c6cf57
SERVER_HANDSHAKE_TRAFFIC_SECRET bd6b85a422614d4d3f2e18f36e75d32f18174e00f232dcd7adb8f2895d5f9813 37b4b9a1d85dce3bbca5fa2bb77042a5dbde23071e254439c0944d227a8988f26e8f519a96a2108877a8a1579a455060
CLIENT_HANDSHAKE_TRAFFIC_SECRET bd6b85a422614d4d3f2e18f36e75d32f18174e00f232dcd7adb8f2895d5f9813 755db63f18de5e9cfc7c357e87beb746a77a66f5e43577bb7010ee53a852a9072286301572bf68e1e7350e194cb59e73
SERVER_TRAFFIC_SECRET_0 bd6b85a422614d4d3f2e18f36e75d32f18174e00f232dcd7adb8f2895d5f9813 4d1ee59dce7b5bc3c69f802ec624628542296c2e57ddcbb0f02da2b1a645774a3b26937de919e27358c5b6af41cff67b
CLIENT_TRAFFIC_SECRET_0 bd6b85a422614d4d3f2e18f36e75d32f18174e00f232dcd7adb8f2895d5f9813 ea94647d1635c9968da610b42eabdb67af01ef082d8ebd70bc145b764df7c4bd8de022d7d7b0f0526b35a2b6ce7d27fc
SERVER_HANDSHAKE_TRAFFIC_SECRET 0b0c8e5800d70ccf23a2a290b9d2d825e05e4432494f2eaae8da858cbabbf2d5 095736a7ca9cb4a082b98c20a85959bb428fc87d50bc8fcaf10a31dc4adaef8d8caed76555efefcdc5a79d588a3830ff
CLIENT_HANDSHAKE_TRAFFIC_SECRET 0b0c8e5800d70ccf23a2a290b9d2d825e05e4432494f2eaae8da858cbabbf2d5 2d34ce581377dc9571fa38645701efb23d209ad3a087af1d93f5a8df4de6b463d252a5b3bd54f89e5709394c117b1982
SERVER_TRAFFIC_SECRET_0 0b0c8e5800d70ccf23a2a290b9d2d825e05e4432494f2eaae8da858cbabbf2d5 ad04ce9c23c6c34d89ae92e2a8b7e5b306eba49fce009751c757c39b459bcc717ea942130f5e7cdd476e08d80fdbcfb1
CLIENT_TRAFFIC_SECRET_0 0b0c8e5800d70ccf23a2a290b9d2d825e05e4432494f2eaae8da858cbabbf2d5 3a4fbf8fdee213035b0bd42eb437bec4791daca622c4258d7c4dad9cb46cbc14759956e573df44fc95d0d814e59a7020
SERVER_HANDSHAKE_TRAFFIC_SECRET 295988bef20db84477ab5d1db98953e60a209ed30d3c050c8ff8fe6bfe41d668 817db9784cbbf1019cc4d7030a8ff02859ff9cbb17e3c2b91ae880805d9a3dd4a3741552da58320bfa6c686621b00a44
CLIENT_HANDSHAKE_TRAFFIC_SECRET 295988bef20db84477ab5d1db98953e60a209ed30d3c050c8ff8fe6bfe41d668 25d401af2c0f0bf594aaea5a1a0bd5dd48eae7059b061aca01334bc4bfb6aacce6dc723c6be28e3d118765b21e96f4a6
SERVER_TRAFFIC_SECRET_0 295988bef20db84477ab5d1db98953e60a209ed30d3c050c8ff8fe6bfe41d668 f437c551464f6f8365b1c0f238978d50248c673c5755fab81481fd65889c05c6173bb5ed5497a3401fe488c7f448e765
CLIENT_TRAFFIC_SECRET_0 295988bef20db84477ab5d1db98953e60a209ed30d3c050c8ff8fe6bfe41d668 0b250088a6e6c689dbad95f65d399afaacc06c57fc8cceb5319f71dcd8970e747a338d7b3534c987a0f2b4e01cf3ac88
SERVER_HANDSHAKE_TRAFFIC_SECRET a16e5959e41e38e1b5fb863e2dd0511b08ea092ab51d0cd719c5c10d68e78c0f d696648f52911822afc6b9aacd36ee315a329d8602668edb8c396d96dbd7030960f4ce7567095a5662358341c54a9786
CLIENT_HANDSHAKE_TRAFFIC_SECRET a16e5959e41e38e1b5fb863e2dd0511b08ea092ab51d0cd719c5c10d68e78c0f 93f4c38df9f411b87fd2413d7ce975d9b019433a8a06c43bfa8fd43ef824a94beeebe71e87248ac21560b645cb654f6d
SERVER_TRAFFIC_SECRET_0 a16e5959e41e38e1b5fb863e2dd0511b08ea092ab51d0cd719c5c10d68e78c0f 20d92174cb61c3ab088cf1b40c5ed2a1715578d8d11f40722bcc73f2f702f513b100c8e380ee9ac6d6889e358299ca5c
CLIENT_TRAFFIC_SECRET_0 a16e5959e41e38e1b5fb863e2dd0511b08ea092ab51d0cd719c5c10d68e78c0f 2d07c4e9692693098461eedc5cca88df2acf40e7b4e5c2964385b33de21c83925e4b630034374fbb836e8625aa6f56e3
SERVER_HANDSHAKE_TRAFFIC_SECRET 630dcb28100882fe6e0d4954922f45b1c34408ecc6e7cffe8e776b9a1f4e985e d14b116a50b6f71be7a2f6c23059e9423e6eaacac104187893e556585dcc275d33f73c48ce9559dc2d3ab09521d22778
CLIENT_HANDSHAKE_TRAFFIC_SECRET 630dcb28100882fe6e0d4954922f45b1c34408ecc6e7cffe8e776b9a1f4e985e 41b350bc989671c47bf23f63724ec3114b7ff627e0f02474fc9bafb93a755065b68d7cb63299a33d1be20a192c4e8f4f
SERVER_TRAFFIC_SECRET_0 630dcb28100882fe6e0d4954922f45b1c34408ecc6e7cffe8e776b9a1f4e985e b9e8bf585a385486a1904a45d3ee6fa539f13d5c3fc799946752b4871f10f6b3e84a21f4d2e1d0cf9399b525068a35e8
CLIENT_TRAFFIC_SECRET_0 630dcb28100882fe6e0d4954922f45b1c34408ecc6e7cffe8e776b9a1f4e985e e877e053b4ad99684a442dce85befddc3dfddad5f327c0063252188d57cb117e7463479d87249f8028563bba632f326c
SERVER_HANDSHAKE_TRAFFIC_SECRET 8009960e8d6eaa3f41a64150e4277a3c60216c9bc1358f7d0eae0a43860b6e5d 3d4cb2d6037ad5a65058501c8f34f5e8e6eda4beabbeb94e739b5c97dbe05d4178bd7e350a42f79977d800dd17fd9b40
CLIENT_HANDSHAKE_TRAFFIC_SECRET 8009960e8d6eaa3f41a64150e4277a3c60216c9bc1358f7d0eae0a43860b6e5d 1b679a9b91e8cff44a9bcab175c7faee96c6a532807affc50676779ef28b9a9e2cf5d37c2e3953abf29da9dedd1902c9
SERVER_TRAFFIC_SECRET_0 8009960e8d6eaa3f41a64150e4277a3c60216c9bc1358f7d0eae0a43860b6e5d 962e7fca3744a5d24280635c1639c8d7401e7037dba1abde30455fd9ac7766086b78fc8ea909b38fdf0c73fa80b9125b
CLIENT_TRAFFIC_SECRET_0 8009960e8d6eaa3f41a64150e4277a3c60216c9bc1358f7d0eae0a43860b6e5d f5c424c08bc453c0243578f402d4e90dc878e3d8aeaf4b6ad3c218fce60a0b97f0152a56f18f7af89534b468f65b3796
SERVER_HANDSHAKE_TRAFFIC_SECRET 27a05e783d908c0cc6a0f94683e9e0ef968d3650a1ee6f77920f47d32263eb18 6e139bfbfd4adba8fa20542120457ec9c6f13fbd61b18507feb0b11af3090e73f53ab39237ed2a015ad2f65c0b922f38
CLIENT_HANDSHAKE_TRAFFIC_SECRET 27a05e783d908c0cc6a0f94683e9e0ef968d3650a1ee6f77920f47d32263eb18 e2b79b21b58c3141da61795417657d33b8e41bb12419b247da956cdc4618d52ffc9816e3ca0a1b53cf113e1be8f72afa
SERVER_TRAFFIC_SECRET_0 27a05e783d908c0cc6a0f94683e9e0ef968d3650a1ee6f77920f47d32263eb18 745f2059b97f9b5bcb81f36e6b964d6c2df772497756b3e64de4807bc3f9fc4e962c4f236dcd70f57d004853f696f36d
CLIENT_TRAFFIC_SECRET_0 27a05e783d908c0cc6a0f94683e9e0ef968d3650a1ee6f77920f47d32263eb18 875bae4d7c5c2a08e255f3b58967211c37c6bccf1be316bf659e3e7404b863cb25cfb90330eb6926efd4281381c43959
SERVER_HANDSHAKE_TRAFFIC_SECRET abf118031efc03d843bf28d4dd0ee4fc00485a3d23cd579ba58e8cfd96e6cc33 c827e43b6903de8f5419d10f64b302419917c248f77252dc92f6cc8869840d1d9e4cf712c3711c66e03e47d842560646
CLIENT_HANDSHAKE_TRAFFIC_SECRET abf118031efc03d843bf28d4dd0ee4fc00485a3d23cd579ba58e8cfd96e6cc33 4a03ae086e48aff056317434a6a3b2437222e63b5c9fb4fe4fb78c908cc39f09146690245d5eb1e5e65a17a3ff9ee21c
SERVER_TRAFFIC_SECRET_0 abf118031efc03d843bf28d4dd0ee4fc00485a3d23cd579ba58e8cfd96e6cc33 64db3925394f1dda527ca8f2eb9af1e20d21a0739c62b324c5c0de8cf5ad93e37ddc998d3ec23567faf1854b41bdc537
CLIENT_TRAFFIC_SECRET_0 abf118031efc03d843bf28d4dd0ee4fc00485a3d23cd579ba58e8cfd96e6cc33 6f9349c62988aef28580f7c326de8f393d744f2a863ddd189701d68c3fc7df94b330fdcfdbf5b1469a784f45ae8b00af
SERVER_HANDSHAKE_TRAFFIC_SECRET 827eb772132a2ee18175caa9c9ae19f09e6ceb336515208de6f80562e51fbdb3 c39017169743f9d5c9abc3c3bfdb00d9aca98601e18b4ea6f70d8b1b6b510a04532c9b5e2212ad90aea39fcc5d26e790
CLIENT_HANDSHAKE_TRAFFIC_SECRET 827eb772132a2ee18175caa9c9ae19f09e6ceb336515208de6f80562e51fbdb3 2a0b50be84811149de44b3b7076db766596de1bb0c6eb47a1ed9ea5a7db71f4537395875a06a1a2e20f4bab5c4718cfd
SERVER_TRAFFIC_SECRET_0 827eb772132a2ee18175caa9c9ae19f09e6ceb336515208de6f80562e51fbdb3 a7d88fc234a460d3ae6f76d262b3edd27fec57e596f2866672a33739adf30def26a19ee4d0028001630d2197c3392fc5
CLIENT_TRAFFIC_SECRET_0 827eb772132a2ee18175caa9c9ae19f09e6ceb336515208de6f80562e51fbdb3 a843019124b6141e2bd36706c71934ab81f25f526f012ed1df998ba4d1dc8595a583e00348f030e87558b5c59ffb4eca
SERVER_HANDSHAKE_TRAFFIC_SECRET 2da4d408eff967c6d2c047c9f314821048dd9e68ad1bb693ae9b1870f4966c39 a0550e5edbec6311637ab642aadce352e19734c4ae6f336b21526391ae64910ba881af584977aab7c941526fcdf3eab9
CLIENT_HANDSHAKE_TRAFFIC_SECRET 2da4d408eff967c6d2c047c9f314821048dd9e68ad1bb693ae9b1870f4966c39 c564230d354c6463ce6559f459843160f1f0593392d49a2d2dbdde4a91b39ede61b8235d24dcba65574e902f9bf952d2
SERVER_TRAFFIC_SECRET_0 2da4d408eff967c6d2c047c9f314821048dd9e68ad1bb693ae9b1870f4966c39 642e1369cb42317d5f25eb3783b40a0a222c33ffb92dc1c178775d8ed8ec79bbdac9e6f36af845890ca5a0ec169edbac
CLIENT_TRAFFIC_SECRET_0 2da4d408eff967c6d2c047c9f314821048dd9e68ad1bb693ae9b1870f4966c39 84a74915fe5df07f406ea68d9dc71f1021ed6f66898d4b2c8000088c60ae576396e8686abb9bac780aa69dc7e6149bd4
SERVER_HANDSHAKE_TRAFFIC_SECRET 05d62acd25abfba202e0d17ca3966d750a32790f6bf5f8039546bd2f6c64ce1a 199d05d5670f62f4aa649c2679cbd5682b490ff7b3c5fb9daedb923055a2f51a46aefc347bee6482f0da917671abd293
CLIENT_HANDSHAKE_TRAFFIC_SECRET 05d62acd25abfba202e0d17ca3966d750a32790f6bf5f8039546bd2f6c64ce1a c0e46026fd7a5f531f2affa8a12b25bdd395b39ee45fad6e33a8a9a0356766308c690e94af151b94bf10a10c0ad453c3
SERVER_TRAFFIC_SECRET_0 05d62acd25abfba202e0d17ca3966d750a32790f6bf5f8039546bd2f6c64ce1a fa30575a0cf778055e8ed5cfa7a537cd05e6cb5a1d6a29764b8fb479b993d34ec2cfa87ee4ee93420f83489ec39fc4a9
CLIENT_TRAFFIC_SECRET_0 05d62acd25abfba202e0d17ca3966d750a32790f6bf5f8039546bd2f6c64ce1a 20e6db86e0a97030d127c07b50a2fcedba9af69630eefe028af6970c43f6af9c3b6bfb1c9fe1c5c79559ca87d84521e8
SERVER_HANDSHAKE_TRAFFIC_SECRET 46b31bea318fc8ff4ac05b2e9aa5abffa4159772ecd20fdcab963f21338354a4 45c601281a604e9cb968aa377d3f545d647e6c9a7e1537800dd20072338f6b8f99eb94e529ba0c6ba75e34e14bc145e2
CLIENT_HANDSHAKE_TRAFFIC_SECRET 46b31bea318fc8ff4ac05b2e9aa5abffa4159772ecd20fdcab963f21338354a4 50cfd1fd830a7f897684cf60da54bc8753fd95343f70e435e10c06a1fa33cc7535ca61b9c33e2b3929e9ac5e73c53d5b
SERVER_TRAFFIC_SECRET_0 46b31bea318fc8ff4ac05b2e9aa5abffa4159772ecd20fdcab963f21338354a4 7bd9c36a517dfb3d344cc5110c70c6e4c72fa53a591c305ba5ae4044068c99cf9005fff1ade9e6d5d24433b28314bb7e
CLIENT_TRAFFIC_SECRET_0 46b31bea318fc8ff4ac05b2e9aa5abffa4159772ecd20fdcab963f21338354a4 57ea2d3468dd0f64ac3bebd2856675b6a8d2a44faf38b32bb41db7be35b6af62f98f28023cb818b1c0cf0753e89d665f
SERVER_HANDSHAKE_TRAFFIC_SECRET 1bcbf05baac4affe0558d3aafaf47bcaaad0adf52381920d873baa850b017f03 9d882ab7e6523923a4cabafd257b1849cc1a26ac829a367b1280bcd7721af0cd2a47b183e914bec56b4786ff622b96e2
CLIENT_HANDSHAKE_TRAFFIC_SECRET 1bcbf05baac4affe0558d3aafaf47bcaaad0adf52381920d873baa850b017f03 fab662a37784e4616b56f923f164bbc5a79524a4460792f8f6c107931c9bbed98315085a3be0ba6ad1c9d3c2039ce08a
SERVER_TRAFFIC_SECRET_0 1bcbf05baac4affe0558d3aafaf47bcaaad0adf52381920d873baa850b017f03 cd62f364b6b5172d1da1a6dc5bbb6a8b852087bf99ae48e1735fbec19108efc770cc7d432b52cfec5dc9ae705bee99cc
CLIENT_TRAFFIC_SECRET_0 1bcbf05baac4affe0558d3aafaf47bcaaad0adf52381920d873baa850b017f03 3b6b8296e46e53db1a27c76b406e64e13700c8edcd37e8cc7ae54784a5ad4b2f5524995680c8029b3e3fa351542f50b5
SERVER_HANDSHAKE_TRAFFIC_SECRET 722f3be518ad053c8ffec2367fc10db2849dc39b75cb484288af6d2d87aa5d32 c800aeed86ae344ce16d1a98f858f4ccf2cfd2b4a65983116376c484c321cbf8cad533832e27205b439eb492f1542876
CLIENT_HANDSHAKE_TRAFFIC_SECRET 722f3be518ad053c8ffec2367fc10db2849dc39b75cb484288af6d2d87aa5d32 6cd9691066247c720ef1515159276d7a56f694c4e9959448c103b6c5bddacf83099ca636ba212c2d2da67b65b774d488
SERVER_TRAFFIC_SECRET_0 722f3be518ad053c8ffec2367fc10db2849dc39b75cb484288af6d2d87aa5d32 b46d08276de6b3ec1a7101e6c0723c13298a9c0d0ca829edd924e46856b7ded67401c1b7c649de91ddfe8b7a9ad9599f
CLIENT_TRAFFIC_SECRET_0 722f3be518ad053c8ffec2367fc10db2849dc39b75cb484288af6d2d87aa5d32 683f879a6d04c92aa8f0dcc528a2d2333e7d67d4d63bf98fa2c7975250e305d973e9ff508e813dbfea62fb125c845adc
SERVER_HANDSHAKE_TRAFFIC_SECRET 7be5c9e99e097b21fb83237cba8702235eb5520964118e905b97ab5379079257 f52af1990f7721b56b0e3e26eb5f6ee92731dbb5b28d412cd95c8227723e1923288b1020744a4e1f58bea4cc9c480811
CLIENT_HANDSHAKE_TRAFFIC_SECRET 7be5c9e99e097b21fb83237cba8702235eb5520964118e905b97ab5379079257 10354e2681250c063c24c9bce7164d35002cdcbb3ba81d2cacbd3e77ad91a03425f0f8b0a8babe026682cbad042b7519
SERVER_TRAFFIC_SECRET_0 7be5c9e99e097b21fb83237cba8702235eb5520964118e905b97ab5379079257 07dd237d7e90dfcb822aaef487f52edcc63501a741fae612a71b1cdda646c7df509612023db44fc3a44935afc86d7511
CLIENT_TRAFFIC_SECRET_0 7be5c9e99e097b21fb83237cba8702235eb5520964118e905b97ab5379079257 b97e19297c56d05743251069daaf5bd2ce3575398486ff1c5913c9731172ceb8b5df4983393d25c36c7b45a52abd9a76
SERVER_HANDSHAKE_TRAFFIC_SECRET 133a08be54db27460748fe6daa599f81f6146bfe4eb2cf14e4c44926a041f083 15a133dde00c01a79a58f05da4e7e5afd003aec197553d98872907eca78ccabdda81a5a0f4192b3a8bfcd4d062832936
CLIENT_HANDSHAKE_TRAFFIC_SECRET 133a08be54db27460748fe6daa599f81f6146bfe4eb2cf14e4c44926a041f083 486f34ddf64d69a6244e7531486d60afa93e8d25788e37844eb311a5995233799df26243cf1c01b66660eb5b550ad600
SERVER_TRAFFIC_SECRET_0 133a08be54db27460748fe6daa599f81f6146bfe4eb2cf14e4c44926a041f083 858c65ef0e9f8475ffd9b49dbcc1064b90439e03bbe83645e46a382d6ecb82bf5ac7135e4677bc30f6ee01ea339ccdb4
CLIENT_TRAFFIC_SECRET_0 133a08be54db27460748fe6daa599f81f6146bfe4eb2cf14e4c44926a041f083 31af3fa68f1545f4bfc5518bb7b7da6e63dc2a95ef4fe5d30b672ac15a47feb57a25ecbe99918727591647fef8b6f1ba
SERVER_HANDSHAKE_TRAFFIC_SECRET bd36d75a0685c2f8fb37efb512742f66c4f0bcd6e50c6fba641900a4bb721a9f f03ca2db652a62a3164c6825c6a3b540b847a5616c3afa577d9fa1782d8d40b7f38deeb81cd19c93d73bbf513039e78b
CLIENT_HANDSHAKE_TRAFFIC_SECRET bd36d75a0685c2f8fb37efb512742f66c4f0bcd6e50c6fba641900a4bb721a9f 3611bfd72d4d622f7cc12922710c24a8634ce4b3044db8b08f049aa3eda47e63f6612760c269c1d4e9b15035dbc8b4a9
SERVER_TRAFFIC_SECRET_0 bd36d75a0685c2f8fb37efb512742f66c4f0bcd6e50c6fba641900a4bb721a9f 043ea043e306d0b7e510e39934e880c2346bf5070dfd8ffb07d20158b38b8b02ace0de0233ec58a7bfc2e2707d8a9fab
CLIENT_TRAFFIC_SECRET_0 bd36d75a0685c2f8fb37efb512742f66c4f0bcd6e50c6fba641900a4bb721a9f acc74065309f4ccc71e5d4d3d1f9b7ca06c431b39ae11cd46d22bee72ffa41e25070b980f0f5a56010b21ec6b510596d
SERVER_HANDSHAKE_TRAFFIC_SECRET 8f8a4ec69c29d32856a993f039b6bdf22ff5f26e58c988e579589d2e55ddbf06 c3cb2fa46a66e020ef950dfb1411e82cc4e440ea76cf9f6162098f960835da729075f695ab3b4da8973064740f852a53
CLIENT_HANDSHAKE_TRAFFIC_SECRET 8f8a4ec69c29d32856a993f039b6bdf22ff5f26e58c988e579589d2e55ddbf06 11f7c292777b5cc991887a613f0a4ab973cafc30e15076e69adbbe8d9096b8c84109f38a34179090c023b7ad949025dd
SERVER_TRAFFIC_SECRET_0 8f8a4ec69c29d32856a993f039b6bdf22ff5f26e58c988e579589d2e55ddbf06 1d3fcb7bd31e6979fd3125ca1f1342a5a5c2ce284911202da8448d5b5823b2cfe575f34ac9c9399118ab4f9f25507b87
CLIENT_TRAFFIC_SECRET_0 8f8a4ec69c29d32856a993f039b6bdf22ff5f26e58c988e579589d2e55ddbf06 06e7721ca897fd447b5320ce0e5d8ee40da82143185920f0382560a76658d075a6378464eb2aaafdb7a5357d63940a13
SERVER_HANDSHAKE_TRAFFIC_SECRET 5e0ff7fc96dd778bf86bafb3e2494af69a6e503bdea3a0020004d102afc354e1 671d8063003274cce1a26b227af320a8456825f9be2e0ce676a849e895e51000666685f0dd7875c2e10a393870c3061c
CLIENT_HANDSHAKE_TRAFFIC_SECRET 5e0ff7fc96dd778bf86bafb3e2494af69a6e503bdea3a0020004d102afc354e1 8b251839763acdaf5999917ac8c774c067a6a17bd24909003fa7a1c9dbcb34aa209668068d88cdcd6c619a0e142c00d8
SERVER_TRAFFIC_SECRET_0 5e0ff7fc96dd778bf86bafb3e2494af69a6e503bdea3a0020004d102afc354e1 2740ec3dfd0aefddc70e274eaffbc5a58384ae39419237ba74c1f522728c9a419fea249e5ff799a69c544a39a327f479
CLIENT_TRAFFIC_SECRET_0 5e0ff7fc96dd778bf86bafb3e2494af69a6e503bdea3a0020004d102afc354e1 8c0b8a6097d67b0133d599abab4dbf25f9decbe945a768b444186f3afdbd8c6a11894d62e0f7dfcdcb9ef38e478160cd
SERVER_HANDSHAKE_TRAFFIC_SECRET d2cc2b53bce29f4eb1c9f4d0ee5b310ce0d3dec3651b1d99ea909c016a05306b d42cb2a0957d6c209d80b9bbfef659b0b8234128fed2a1b4b2e60ce4f5537b6e74182e241f0928f40292282f38404a79
CLIENT_HANDSHAKE_TRAFFIC_SECRET d2cc2b53bce29f4eb1c9f4d0ee5b310ce0d3dec3651b1d99ea909c016a05306b a62934c329f50a44e4d979f3be932ed28f82b8f3a92e0d201ebcefee53a4353ddc80a921580c30b24cab44b6d938c977
SERVER_TRAFFIC_SECRET_0 d2cc2b53bce29f4eb1c9f4d0ee5b310ce0d3dec3651b1d99ea909c016a05306b e61518f4189e720e1a82ebfa04446e1e86650368f9e5fa84dfbcaa1ff952ecaae94a5bc963be5ea3db9ec7a3a07163b5
CLIENT_TRAFFIC_SECRET_0 d2cc2b53bce29f4eb1c9f4d0ee5b310ce0d3dec3651b1d99ea909c016a05306b ec9a0a99a1c70426a2c99314ecdb859e479b9cb2c1a877598300ce225e2696ca952324a924f03d299ad95a3f8edf0082
SERVER_HANDSHAKE_TRAFFIC_SECRET 5c4f38221ba1676350f9acbf120ed0f480b2787ffc9eea500358ca73e2a36254 d58dd1bf3593fe813bf6545e22ee0c8d80d927d1c64b36f6443feb604996d5eeeebcd52ade57b00ef0c325d0ebdc89d1
CLIENT_HANDSHAKE_TRAFFIC_SECRET 5c4f38221ba1676350f9acbf120ed0f480b2787ffc9eea500358ca73e2a36254 2767846a67351ac530334f305b4d318e5b9bec95053ab3dee612305c66dc1188ba7433f52e8eb8bcd302716cb682b06a
SERVER_TRAFFIC_SECRET_0 5c4f38221ba1676350f9acbf120ed0f480b2787ffc9eea500358ca73e2a36254 f7dac869892ae05b491d66fc73d54c890bc162b24e45079b789b7f99a2534bda7aa4405fb404393c382560fcf5e96e6b
CLIENT_TRAFFIC_SECRET_0 5c4f38221ba1676350f9acbf120ed0f480b2787ffc9eea500358ca73e2a36254 c944c890b2404870a5f0771ba2f0497759d9f2ee101d9ac805e4495b7d3fdfc88ce5abe62324afab04d131aa0c2b4952
SERVER_HANDSHAKE_TRAFFIC_SECRET 5a813e7f86b4c3861aea03b94133bf398989d94031e18844ca15eef3f7be0e04 30e3291f0854eeb57f59236091d374cbe5755a22446e9a7b2a4f45dd770e804bd5156603929cd66a875d9a350548e158
CLIENT_HANDSHAKE_TRAFFIC_SECRET 5a813e7f86b4c3861aea03b94133bf398989d94031e18844ca15eef3f7be0e04 ef9bc9cd17749d0489344e4a41fba89d0c3acc83eee370d2f08369e8e8ad3fd613691a301353b7496fecbb1821209e1c
SERVER_TRAFFIC_SECRET_0 5a813e7f86b4c3861aea03b94133bf398989d94031e18844ca15eef3f7be0e04 e1fc61ea63d8dd6da89c8339143b8ded5f6eeed11597b28d6a4019d58e916659c90a51c7fb8e80e6516291da556a9ca4
CLIENT_TRAFFIC_SECRET_0 5a813e7f86b4c3861aea03b94133bf398989d94031e18844ca15eef3f7be0e04 5056d61d59b6f7eec4d5186d96caa82c3f88ba7540256b6e7198e659f136d4688be7de16f81294aa53510320f293005b
SERVER_HANDSHAKE_TRAFFIC_SECRET 69b1d2e217774e855741ca395a0f8fc0f49165c58cb1c78e45c55dc8352be9b7 9c29b83f196aaf950c0119faf9a5dd9fb98eb7cc6d606609e157139c533231d541d78681ccdd96cfb2b2a4448fa2f5ca
CLIENT_HANDSHAKE_TRAFFIC_SECRET 69b1d2e217774e855741ca395a0f8fc0f49165c58cb1c78e45c55dc8352be9b7 761ff6b0c82579e4c648c9f8ba96e284ef89550379974c6f08b7f968b72c462a02c0b1984fa01b418132418746abe2b3
SERVER_TRAFFIC_SECRET_0 69b1d2e217774e855741ca395a0f8fc0f49165c58cb1c78e45c55dc8352be9b7 8b6bd62902b0a60d3ef7eadde5ac4027c6ce87021fc7a7583b3db3ea8a43f12dfd87e51fa860957d94eaa1173ed8ffc5
CLIENT_TRAFFIC_SECRET_0 69b1d2e217774e855741ca395a0f8fc0f49165c58cb1c78e45c55dc8352be9b7 73948214de043fe7d1922289ae0b54842f86ab0968f34014c89aa31c70275dcea88670d4f46c800cb049f2c4cd22476b
SERVER_HANDSHAKE_TRAFFIC_SECRET f26a766b7442a33dbb187a19a611804f72305eba9c7cdb2332f401fb81897d7a 96ffc9cb5a01d9939e9e8cb847c4528033d6943991abb8c289c57109ff521ee20e6451442ce1a1cf4cf81e57b5b00933
CLIENT_HANDSHAKE_TRAFFIC_SECRET f26a766b7442a33dbb187a19a611804f72305eba9c7cdb2332f401fb81897d7a 733399bbe4f708adc31eb699d47777890314b4d63cd03ef977597089e6af9beb9ca9cd49a739ff66109993c34fe6386e
SERVER_TRAFFIC_SECRET_0 f26a766b7442a33dbb187a19a611804f72305eba9c7cdb2332f401fb81897d7a 2ab0619693a190e5ee20b33f320c82395062df6f65692fa2e6f2d030f80182558a6ab3f387bda33b4f0ac16502b32226
CLIENT_TRAFFIC_SECRET_0 f26a766b7442a33dbb187a19a611804f72305eba9c7cdb2332f401fb81897d7a 2948b728b478fa97002abb288c4a930398306c6daae0fb717d7882c0e14bf19b1d6d32edfc8a7628786325b05f1da4f5
SERVER_HANDSHAKE_TRAFFIC_SECRET d54f6b2e06eac0e285dc5e61311e9d24981aaac4b840ca4ae3ce9256831312c6 74c44e50320ffaf3fbae8d6eef2c5638ca515801b80cccbfd8a2b9e7e64a49d16601ae536426547774ce481cf6e47ac5
CLIENT_HANDSHAKE_TRAFFIC_SECRET d54f6b2e06eac0e285dc5e61311e9d24981aaac4b840ca4ae3ce9256831312c6 1924415938a38b40ce67b4571ef3cbcfcace08cc36f4f0143ab3040cbe7743f50590028661c404ff789411e9dc54ff0c
SERVER_TRAFFIC_SECRET_0 d54f6b2e06eac0e285dc5e61311e9d24981aaac4b840ca4ae3ce9256831312c6 939bab01b40b475cf5f86f8750da2a7fa15c705f68185739d32b82002b43a8084cfc021c39c6ae1c5c9e4695b4f68fb5
CLIENT_TRAFFIC_SECRET_0 d54f6b2e06eac0e285dc5e61311e9d24981aaac4b840ca4ae3ce9256831312c6 8d472b8932287839ce10d0081bba3ebdae39cdebadd371c274dd505d25d009ae10a5023e861309cf9c2c672b54da41c8
SERVER_HANDSHAKE_TRAFFIC_SECRET 0e3c0dd5cc71dcec96d16be0a88593f7f2e0cab1af4c2449933bb6148ab0610e d7d06ef2ef52f961998b2d3aa4bc46b29f1b14db3aa19d846e0626af0f6eb06af050530b47a0d918c91241316acb396d
CLIENT_HANDSHAKE_TRAFFIC_SECRET 0e3c0dd5cc71dcec96d16be0a88593f7f2e0cab1af4c2449933bb6148ab0610e 8871704871d6cef4d712a3d2ec234ce4b62c2cdd1f5f57dd480842da9d2c4ae83bc95ee2b0f5e4160ebfc8df3d3ae794
SERVER_TRAFFIC_SECRET_0 0e3c0dd5cc71dcec96d16be0a88593f7f2e0cab1af4c2449933bb6148ab0610e d970413554b8ec3db42fd53c689a19d681f894aac97af3f7b6d4ce6e930fd75bdf746bf052601ddb406eb08ac5227d58
CLIENT_TRAFFIC_SECRET_0 0e3c0dd5cc71dcec96d16be0a88593f7f2e0cab1af4c2449933bb6148ab0610e 3026f9dc211e5549d807a82a758e15d3d27b6de9e65b3cdc13afbfe6f3342219b071c297cd9b1f40bd8e103c1e6d0523
SERVER_HANDSHAKE_TRAFFIC_SECRET cd52b82c482e36c8d9c6a33049aa4505e8ce3bc5d6578d9a1f28d3faf5cc8e5b 9fadaceba624ce0f6731084f2dca574e89a7777d8756ca2fc043ff4ea1164d1c0731680ddded09c64fb47374372cae90
CLIENT_HANDSHAKE_TRAFFIC_SECRET cd52b82c482e36c8d9c6a33049aa4505e8ce3bc5d6578d9a1f28d3faf5cc8e5b b512c796859cb4516cebdfa0035588922786c662c737d3fb2244c2b7eb25d69b20b9371e6f5e0c7f1b9cca1d8e536ecc
SERVER_TRAFFIC_SECRET_0 cd52b82c482e36c8d9c6a33049aa4505e8ce3bc5d6578d9a1f28d3faf5cc8e5b 0a4414379356e90b71e2e2dae40cd1f42949c26094e4beeda006f49909a1f6c36ac7f3504799943dcb0b5ff304e96a82
CLIENT_TRAFFIC_SECRET_0 cd52b82c482e36c8d9c6a33049aa4505e8ce3bc5d6578d9a1f28d3faf5cc8e5b 9e9bd3dc5bdab32adb9b4ce1c860f185953e66a7a3e797535e5c6f4f8d9bec961f80b689061f83987062a245a7c664d1
SERVER_HANDSHAKE_TRAFFIC_SECRET 26c539098ef00f26b94b88ec06560403ffaf07d35ce968a9067c72b77a1fdbd2 42c1a0fd64060e03d78927dc1ba0721b2be3f7fa5ead6dce595ad58fb865abae2d82a14a9fd4ccdc07b10ff542fe57be
CLIENT_HANDSHAKE_TRAFFIC_SECRET 26c539098ef00f26b94b88ec06560403ffaf07d35ce968a9067c72b77a1fdbd2 6105878db2deaf97777561965443d32410f6ba7d89d5be19dbd5c4e6e1b900a42e36cac41a50d6f8a2f9414e04d5aabb
SERVER_TRAFFIC_SECRET_0 26c539098ef00f26b94b88ec06560403ffaf07d35ce968a9067c72b77a1fdbd2 4ea13b2828044daa0d645a6f3e3cf19ab11998ec81d68b95f1c619a316b42ea56488236b98a97ad1eba144f2c6d188ec
CLIENT_TRAFFIC_SECRET_0 26c539098ef00f26b94b88ec06560403ffaf07d35ce968a9067c72b77a1fdbd2 9b053bfcb1aaf8e05dd37870f89553c6fa9bc1ac298e632734c86396abee229d59d971188f42be7952e2bf19006591c1
SERVER_HANDSHAKE_TRAFFIC_SECRET 65b3998ff10c4c4bfea3c4072bb50fa042d10f4974920972fdf195986ccecc70 bc1a24cff9c0add742cb1c4948401c032f734f2bbc37b6da9e4b724e7a46b770853b6fa9ef65dda6d82c29fd0cf4914e
CLIENT_HANDSHAKE_TRAFFIC_SECRET 65b3998ff10c4c4bfea3c4072bb50fa042d10f4974920972fdf195986ccecc70 18a2ced9c56a45ec0bff160e39094b9efa66a3b4a91aa441bc410ba3fd2b699801ae5049e293d2b43bd9ea5a3f2986db
SERVER_TRAFFIC_SECRET_0 65b3998ff10c4c4bfea3c4072bb50fa042d10f4974920972fdf195986ccecc70 146106d54c728e2e638a3c07fc7e33166d7be184fca56e4fdd162c33b7acfdef5a8c27cf2163440f7bd39a233c40374f
CLIENT_TRAFFIC_SECRET_0 65b3998ff10c4c4bfea3c4072bb50fa042d10f4974920972fdf195986ccecc70 03f555b7588ba62ef73ca4e5ff01d2bdc1f2b2136e8f35e40db120f7bd24403a30adb7fe124ab06ebad4fe015eed0a6d
SERVER_HANDSHAKE_TRAFFIC_SECRET 5b1dd763ac928eaba80acab7de25cfe3729f606fa3dd93afc324467c17751dc5 c2337e529961d637231b18f0d5b6d5ec7f934d29d47077b331b1548ae24ac72fa010c7b03b3e63928cea8a246ea10d5c
CLIENT_HANDSHAKE_TRAFFIC_SECRET 5b1dd763ac928eaba80acab7de25cfe3729f606fa3dd93afc324467c17751dc5 15211c73e8d54210d14275929eb2394214d4b00cf4aee6bfb3a26ca4e19843011e9270459d97e9915ce62b37bb5ba458
SERVER_TRAFFIC_SECRET_0 5b1dd763ac928eaba80acab7de25cfe3729f606fa3dd93afc324467c17751dc5 73bb0e40611dfda058249d623d07bb22a3798bb549dfa5f4f060d665a2773432f52fa5738512823e13bba48668c73882
CLIENT_TRAFFIC_SECRET_0 5b1dd763ac928eaba80acab7de25cfe3729f606fa3dd93afc324467c17751dc5 aa765559f7665931e092b44335e6f81493e6bc22bf8884a58f5d7a2d673f9b1a9498baaa43a569c38d9426ecea866209
SERVER_HANDSHAKE_TRAFFIC_SECRET 9dcfd30f9e33e072f4fab2c539b06be8359fe67c2a81d99f05db102fbeb18c63 861c229d894ac821ff4bb40c076b75b7946413a60179c01109d7161e6f03e2ee2be5ef1c66d91dfafefb0ca9edfa0550
CLIENT_HANDSHAKE_TRAFFIC_SECRET 9dcfd30f9e33e072f4fab2c539b06be8359fe67c2a81d99f05db102fbeb18c63 f6f84162ef1dc840ac5e4a811a16fe01915fce658610dc855a6879ced61d43931af648a6d5114d1ff1b1bb53fdbb47e3
SERVER_TRAFFIC_SECRET_0 9dcfd30f9e33e072f4fab2c539b06be8359fe67c2a81d99f05db102fbeb18c63 6259c5d758d9f18027540b9b9b3e89d805ca8ce0919542e8ddae327022a5b169bd6d68a2501fe716d1653b04a5978198
CLIENT_TRAFFIC_SECRET_0 9dcfd30f9e33e072f4fab2c539b06be8359fe67c2a81d99f05db102fbeb18c63 581a3e6e73b44c86e3040c313e0dd2dba9904200921fd668b19bf82fbcd2e3db7f375e63c632338bc521b067286f104f
SERVER_HANDSHAKE_TRAFFIC_SECRET 383646c6e0b3c4b765aba6dedaa700d6b624d2caa70860e39d80db260e6e376b e81f21a8874b61cac7b39b606f555888e6f30583d7fd8f9110bcb97d8f679a30a2170d49f65b1899028832b2600482ae
CLIENT_HANDSHAKE_TRAFFIC_SECRET 383646c6e0b3c4b765aba6dedaa700d6b624d2caa70860e39d80db260e6e376b afbc44ee1658bb9ecf86399c3b2a25319004d6ee834075b1ff90e81b63d7d6d17d88db7f8df2f878083eeba7c50687d0
SERVER_TRAFFIC_SECRET_0 383646c6e0b3c4b765aba6dedaa700d6b624d2caa70860e39d80db260e6e376b 90faaff1e65e0d89e3292cdf7e93986c789527e360a2616a8ed834f92c4398414c102363bff9b3a0089c7ab9ee27d150
CLIENT_TRAFFIC_SECRET_0 383646c6e0b3c4b765aba6dedaa700d6b624d2caa70860e39d80db260e6e376b 43d14a2007b7b819d13808862a49781d41a4972def6a742eb8de1d7e6b0c005f22d83932ec793989e44c5b8c2299113c
SERVER_HANDSHAKE_TRAFFIC_SECRET 3d385a9c4183517a5f49959501a6eab29643fd7034afc5f1d5d597e79000e3b4 dfb4814d847d38d5f7cd9078f7bce62eeb94e15b01ed5279a9a430a2b17ec24e585eb54f02c9c35061c24167e0226056
CLIENT_HANDSHAKE_TRAFFIC_SECRET 3d385a9c4183517a5f49959501a6eab29643fd7034afc5f1d5d597e79000e3b4 309758a3e828c2928957d2c8442e0a7c72cde2965341f424ba094102e79e080c338efb62339dcdf2d974b3ef96fe60a1
SERVER_TRAFFIC_SECRET_0 3d385a9c4183517a5f49959501a6eab29643fd7034afc5f1d5d597e79000e3b4 06ce290bcecf3898fd532b25530c6f1ca95ceb893bf54b95fb2fb7966abd8a02308542bb2c3c18705dfa71e1a382da71
CLIENT_TRAFFIC_SECRET_0 3d385a9c4183517a5f49959501a6eab29643fd7034afc5f1d5d597e79000e3b4 f074d41a2131b553a04e3a132fcb118b1cb8ff708ab796a69666c1dafff566c8a840f278668a0dcc4fa3804081998f61
SERVER_HANDSHAKE_TRAFFIC_SECRET 0a31fc1716fff556b3c2619be15aeb0882b1070e8037fb3e88394859626bcc4f c4206bc60c721a9e54cad8af3c05cbaf4df8230e8206b43a2da6b82a5fc1e16c6860884bf235314ddbeb3cbe06344a23
CLIENT_HANDSHAKE_TRAFFIC_SECRET 0a31fc1716fff556b3c2619be15aeb0882b1070e8037fb3e88394859626bcc4f 3b48eb465030f6d271d6248866c85752d7997e53b703e4621fa6b66cf32049344a7c9c6a3f0398d908c9f77d8739c73f
SERVER_TRAFFIC_SECRET_0 0a31fc1716fff556b3c2619be15aeb0882b1070e8037fb3e88394859626bcc4f ae2ea01b005345c1117d4ee355ab3ad5f1cd85310e96799314c763dd5a7ee6ecffccf44504e32b7a2dd58bd38090d974
CLIENT_TRAFFIC_SECRET_0 0a31fc1716fff556b3c2619be15aeb0882b1070e8037fb3e88394859626bcc4f e93e70dfe9a6aedbc65b702b255f0e76fe32e92607b3d5bdbfec13e41cabb757307bd824b30d2e065ea18acec218dd78
SERVER_HANDSHAKE_TRAFFIC_SECRET 331e932e82f9c0f3d8dadaf6436a6396e37de733063ab0541848b418e5bf0b94 f59a8ee81b8e008c7243594a0e84a0d2755392815709166ca47f1645c879daa553b6b072d2b653944dbe78a61acadc2e
CLIENT_HANDSHAKE_TRAFFIC_SECRET 331e932e82f9c0f3d8dadaf6436a6396e37de733063ab0541848b418e5bf0b94 7b08ca7d1661ef2522e4365985fe6fda3d4d91f5b7df559e3daaf092d32851467fb6ee2ee59cf6bce75ab89bd5ff99f4
SERVER_TRAFFIC_SECRET_0 331e932e82f9c0f3d8dadaf6436a6396e37de733063ab0541848b418e5bf0b94 d3a9233d2e0aa3b3d21e68db0d5b9ce40b27e3c4aaac345a7e44c1e89cbef0007a64f1dd14981a475e5c37d5cae4869a
CLIENT_TRAFFIC_SECRET_0 331e932e82f9c0f3d8dadaf6436a6396e37de733063ab0541848b418e5bf0b94 e6de2875369f0d8a4916ddc41ef5da24b7864ec0405fa6091069dbb5fc0c1c74418812acac23e5dcfcdecccb15b2cadb
SERVER_HANDSHAKE_TRAFFIC_SECRET be7d669f8c96cb463f98d3840363098e3b25aa6ee85d453078c11a5070408fe8 a10472434160b2b8e2e803baffe70742ea288bfd9084e809f485949632ffa69a09b2f7021008a162a68394b7e0527e3e
CLIENT_HANDSHAKE_TRAFFIC_SECRET be7d669f8c96cb463f98d3840363098e3b25aa6ee85d453078c11a5070408fe8 e7e902c0316ebcc7475311353aa7d2e755febc7df7f4765bca21c8c6edb5548723941c024865eecf745b50c4de0eabdc
SERVER_TRAFFIC_SECRET_0 be7d669f8c96cb463f98d3840363098e3b25aa6ee85d453078c11a5070408fe8 016c09d7855a125f91d39f7a4ff7839359e274422ce4f84e475ccc18c6f8a87edeede87e4250ccfff19c9d80964eef10
CLIENT_TRAFFIC_SECRET_0 be7d669f8c96cb463f98d3840363098e3b25aa6ee85d453078c11a5070408fe8 d2a2815ae9c6de61e1ebbc3d2fc8e0a4ba09857e42b21ca25a6bfe1507508e7dd2ed069ecedb3ac5384dfd3c89c45739
SERVER_HANDSHAKE_TRAFFIC_SECRET 52ffec5b88a248925da206d5a73ee905bc168ca67eeda9fd9f714c7f613f50dc 9f22cdcf6e0db8d2f9f795a106333369493154b22a017ffff4fc1b342e45196518647c1e0421aae34943a93bbb79b0f7
CLIENT_HANDSHAKE_TRAFFIC_SECRET 52ffec5b88a248925da206d5a73ee905bc168ca67eeda9fd9f714c7f613f50dc be1fb00064cb6d31cdf3c729092c175d51437fdb3061f2ee95260d0875059bc30a05ac8d4a2ab555499b4c36d81fff73
SERVER_TRAFFIC_SECRET_0 52ffec5b88a248925da206d5a73ee905bc168ca67eeda9fd9f714c7f613f50dc 79f78959999a3e892f512a4d268f9d5c5df88c4ea7d164b9907d5695aaf6a039190f4b8e957336e484465edc0c0b7ac0
CLIENT_TRAFFIC_SECRET_0 52ffec5b88a248925da206d5a73ee905bc168ca67eeda9fd9f714c7f613f50dc 74bba54fa5d623d45d0083ccb05c50ddf217039eaa0b7c9e9d0130e31db3ff530c79f328bdef4bf583503c161cf0e03c
SERVER_HANDSHAKE_TRAFFIC_SECRET 7f9952fbed430985880b1b59a7150f7f4fd4f8b69db8d9d27927972d12de2b67 fd5b5a3cc0ef3e0534fe714934f88a16d0bee14e0f0aeccba9924699367e03706f56137eeb015c1353a788532f997245
CLIENT_HANDSHAKE_TRAFFIC_SECRET 7f9952fbed430985880b1b59a7150f7f4fd4f8b69db8d9d27927972d12de2b67 db61d145e97b89a2801e1ebaa1af8f8566302fb1b17d2b7c1e685503ed0f20ca04c3052b82e5cbeeca97979f762f8029
SERVER_TRAFFIC_SECRET_0 7f9952fbed430985880b1b59a7150f7f4fd4f8b69db8d9d27927972d12de2b67 69d63765377e87659b91041b1a31718e0ca9ed6f46bfb9eb7cdf4366a2be327203328e48d0ce12220a6f0d747ebd0bc1
CLIENT_TRAFFIC_SECRET_0 7f9952fbed430985880b1b59a7150f7f4fd4f8b69db8d9d27927972d12de2b67 c94728b7a1a0e0c09a8106b7ed3e79f8ad573b6d94869bd27323b587069542fd298e11c048cc37ff58d39be64a243fa1
SERVER_HANDSHAKE_TRAFFIC_SECRET 06c739489e95f90a0227807ab2da30f2433a410e832d0819f42b7f1d948f467b fc9d1d7e0c5bf5308fea556ba1bae0634a468786edff55bebf42de5e5d44aae5bc0cd2f54c36765d57303d6408219b51
CLIENT_HANDSHAKE_TRAFFIC_SECRET 06c739489e95f90a0227807ab2da30f2433a410e832d0819f42b7f1d948f467b bd8192c1d911f94764de6807aeac1be93a349cb0747c6e073b1747ee4a4d94affbc21dbba419bee0a8c8a6a1b9bcd0c4
SERVER_TRAFFIC_SECRET_0 06c739489e95f90a0227807ab2da30f2433a410e832d0819f42b7f1d948f467b 3a7841834e897e68bdd1c2c76da4497d979561cc50bfb21b345b9bd2f1961f6cb0aed0477ecaeb2bf24e4778d15eadb1
CLIENT_TRAFFIC_SECRET_0 06c739489e95f90a0227807ab2da30f2433a410e832d0819f42b7f1d948f467b 0122a9a4e83c55a120255498347f2c19d092c92da880572c457ab09e1dddd9b671276f4024ac0f7eb9fe0fdbcfa0b433
SERVER_HANDSHAKE_TRAFFIC_SECRET 78223f498de874b9a634a655ac506f1047e23799f69a8e8bf98b47ca724deeb3 0b2cf7f297fd4232f11ea2b5a868b83ca0eca34a74e7834a88f0c209725037c1ef292754736ff1cd1859060702685e28
CLIENT_HANDSHAKE_TRAFFIC_SECRET 78223f498de874b9a634a655ac506f1047e23799f69a8e8bf98b47ca724deeb3 be5b3182fb005ee25a3fce2575ba59758e25525a7d1ba1c29784d0ef305cb89bc4149aaab42fdfd27c8308af5732207b
SERVER_TRAFFIC_SECRET_0 78223f498de874b9a634a655ac506f1047e23799f69a8e8bf98b47ca724deeb3 2469462635cffa1b4e9067824db975163e6b20d61a1c28e16267023a5e583e8b5d5728dd4b8c997f20cab6daee094b27
CLIENT_TRAFFIC_SECRET_0 78223f498de874b9a634a655ac506f1047e23799f69a8e8bf98b47ca724deeb3 26a48ed36883f1fbb2aab655fa0f20d7d68b0cacec3ae68e8e92bd3d28265442e6c05cfa9c4fee63632a9fe1fc1c33fd
SERVER_HANDSHAKE_TRAFFIC_SECRET 7ddcffba4fdc7161db8d6bd156179f8f54635899d8747dc08605d1b52034c6cd e857418d0b8d41a89d499f1fa866a685b135021c81ec71d1fae0423c597bd6422703b65cc734938b30983b768568bdfc
CLIENT_HANDSHAKE_TRAFFIC_SECRET 7ddcffba4fdc7161db8d6bd156179f8f54635899d8747dc08605d1b52034c6cd 29094045fb06e2be4d79a3655e024b265767b46673bb6b10a60361b793ce6f22cfb81f04107421bc4232734c042fccf6
SERVER_TRAFFIC_SECRET_0 7ddcffba4fdc7161db8d6bd156179f8f54635899d8747dc08605d1b52034c6cd 6ee96308c913b1e86ec8a5adb7911cfd5aa068c1b1165547726c1a24a2bcb1628d5fc218a632646cbce9922bca2fa133
CLIENT_TRAFFIC_SECRET_0 7ddcffba4fdc7161db8d6bd156179f8f54635899d8747dc08605d1b52034c6cd ca4d885ce79b8719036977629e7397cc86e2a6066dd9f267f971cedb7340923d896eb81f4a7d7cc82a8c4826ec264243
SERVER_HANDSHAKE_TRAFFIC_SECRET faf8972832c17d05a3a0f3561b6ddc26cc95ec59528fb86812b2f32913702485 604e98eb04930b698a5b50d3ecb3ebfe9341f941002c2df2a6bddca4f894f2211f6b38ee9b8554c0e7b25452fed23a48
CLIENT_HANDSHAKE_TRAFFIC_SECRET faf8972832c17d05a3a0f3561b6ddc26cc95ec59528fb86812b2f32913702485 3a49aa07c64e3e98128013415c4717644d4c27116d644a38c269f2ec03dd1f19cc2ed025f9ff25848d36b11ef5b1562b
SERVER_TRAFFIC_SECRET_0 faf8972832c17d05a3a0f3561b6ddc26cc95ec59528fb86812b2f32913702485 eeb98787e3a45f35eaa478ac661f53d845fa995d2301b3b11d23b089f0d98cbc4449ece410538823f256f26e865017f8
CLIENT_TRAFFIC_SECRET_0 faf8972832c17d05a3a0f3561b6ddc26cc95ec59528fb86812b2f32913702485 cf3e1a4339fadcb890c28012dc9df23d77a3a12e79108964000575ee2e39d36965f1ffc801000ffde548c54275f99d38
SERVER_HANDSHAKE_TRAFFIC_SECRET aade82b7bdb575ed28afbece65d1985cccfe7dd4ec65651ff381e28ad68da123 bc463142334ac08e835655e52c61a7f6176b7234edf6438017f94b964cfc48e81ffb262e5312b2c9d043ec481ba8d305
CLIENT_HANDSHAKE_TRAFFIC_SECRET aade82b7bdb575ed28afbece65d1985cccfe7dd4ec65651ff381e28ad68da123 5e44dc392e717f2b1c8bd19d2ecf86664acf326a5767ad2e5bbd8e52034e7f4ee4112394c4f69c734d696c227b9d4669
SERVER_TRAFFIC_SECRET_0 aade82b7bdb575ed28afbece65d1985cccfe7dd4ec65651ff381e28ad68da123 3719054f2e8c58bf946f47cebf1391ae1f175bf2ce7e7c93e4eb12955484547383f74a3b1e20271055228b7ccd78f7bb
CLIENT_TRAFFIC_SECRET_0 aade82b7bdb575ed28afbece65d1985cccfe7dd4ec65651ff381e28ad68da123 818340592b2cdd07b18b78a9c9166445425263683442a104275fad7777f0f84281cc85f40c23e664745b993e2afc29e7
SERVER_HANDSHAKE_TRAFFIC_SECRET bc269e69f5a80848b3863038d3794829610ec7d88bba58b7935407c2cc4ea650 46f0e807262a7e145575d3bf5cb0938386f7a9f8f0e0e71c8aea457f0f8607d84d50006618715c9ac3da5cf19409cffa
CLIENT_HANDSHAKE_TRAFFIC_SECRET bc269e69f5a80848b3863038d3794829610ec7d88bba58b7935407c2cc4ea650 3bd4f8441f7b38f8de011507e9617b05f141066cfbf660abbafb284fb76bb91737d364b3cf3823369938c1abeb17123a
SERVER_TRAFFIC_SECRET_0 bc269e69f5a80848b3863038d3794829610ec7d88bba58b7935407c2cc4ea650 01a2d5f62273861b1c38f5f58c3410dcd502d5d7c00b13facbfddbdd4028f3e1f5bcba53d8cb95b7ec99544b9885ccd0
CLIENT_TRAFFIC_SECRET_0 bc269e69f5a80848b3863038d3794829610ec7d88bba58b7935407c2cc4ea650 40a7c0cf3c9659a9b86bbe9c525ee95ee783a3297ce56d4395157b9746d58cd16ca8ba672ee25cb9950671fb70dd5ee7
SERVER_HANDSHAKE_TRAFFIC_SECRET 06ed03862bed94f6819d5da04eee1ac621b954a03c1a3ee96ead569fabe46eb1 4786416534ab2dabf90cdb82a8db5fd9756d91bdc265993d8fb62d8e69dffe429e8af76ee52b3603c234f4d70bd82218
CLIENT_HANDSHAKE_TRAFFIC_SECRET 06ed03862bed94f6819d5da04eee1ac621b954a03c1a3ee96ead569fabe46eb1 d8072d6df9956f8e7fd55ba9d5d2ab0a73b7341b8765247442206a439242e4e7be1e71008469aa134cb49cf143037d1d
SERVER_TRAFFIC_SECRET_0 06ed03862bed94f6819d5da04eee1ac621b954a03c1a3ee96ead569fabe46eb1 bb60ed65553a4e79ce051fb29572c9767b6bcf731c810ae4cb0ef56138fc4e40bda2713b1bd74b62599ec8eec0548d7f
CLIENT_TRAFFIC_SECRET_0 06ed03862bed94f6819d5da04eee1ac621b954a03c1a3ee96ead569fabe46eb1 4f88e246aaa4af765ca7fa3cc90a5c940349d3913146b84c8dd8ced88c4ed8e79b40cc38d5bac5393753640069475a9d
SERVER_HANDSHAKE_TRAFFIC_SECRET 41acd191f9ca36699594cf46d0819c1a6cc5fcedcaedde2e9f61f17a505064bd 2b16b2583422ae2e3bc1812a837caacfb7134faccd9e216fa98b301f64ec2d7d2ec9d610ef776d6f1c8a2ed99d725bcc
CLIENT_HANDSHAKE_TRAFFIC_SECRET 41acd191f9ca36699594cf46d0819c1a6cc5fcedcaedde2e9f61f17a505064bd d9f525fe5f1dfc059fd2bb1f7a7c25786d41219cfa592f5337833b424a67c043aeb2e6f4b735efcfa1eb5703e2b2f9cd
SERVER_TRAFFIC_SECRET_0 41acd191f9ca36699594cf46d0819c1a6cc5fcedcaedde2e9f61f17a505064bd a1a7b61cb8765a4e509b0ea42fb4cdb5ab51d7ffa8726647a0b401ffe2975f1724700b3a8cabbaf2f68da263db5ee27b
CLIENT_TRAFFIC_SECRET_0 41acd191f9ca36699594cf46d0819c1a6cc5fcedcaedde2e9f61f17a505064bd 1c3e6061af1d6067039b89b17cd315a547bd415097b1dcae52d9079bee996d7f332d788a974bad686e32bced92e762fb
SERVER_HANDSHAKE_TRAFFIC_SECRET 395bd60c8da288f6f1c3ef90a68a87aa62e78d4f73e2ac3b19a52468d8be36b8 1b441612391d4741327e5b641b8ed42ae2db11b43b9a605eb21639a3173e7b1185f59c3a07464111413b42ca14844c15
CLIENT_HANDSHAKE_TRAFFIC_SECRET 395bd60c8da288f6f1c3ef90a68a87aa62e78d4f73e2ac3b19a52468d8be36b8 576d024ca1bf301a2fb264a503c76ca724c3913698ebfe227b04910e1b6e0e58e4444bd5991c2187343bb419e3e97f03
SERVER_TRAFFIC_SECRET_0 395bd60c8da288f6f1c3ef90a68a87aa62e78d4f73e2ac3b19a52468d8be36b8 5ab8ea9626f2540e275a0776273f88819b2b3e389f726ef4459f19c78c74e1289df2cfd062f6cc1a433110bed467b384
CLIENT_TRAFFIC_SECRET_0 395bd60c8da288f6f1c3ef90a68a87aa62e78d4f73e2ac3b19a52468d8be36b8 652876952470d0983ecb87de6305eebaa6af5797712f1d2614840d6384d0523f998d8840a9978a627a1600cafb4bbdf1
SERVER_HANDSHAKE_TRAFFIC_SECRET d2ed6adce9cfb3a1ee0360587095392ebb8cb998bb2fb40ebca53a0ac4780552 e61e5d4ac07ffac951bfacbc6e030aaf53ec7ce4d4e59529fd3fcfd02ccf80cb1bb21640ca612130ce78acd2ac20e6f4
CLIENT_HANDSHAKE_TRAFFIC_SECRET d2ed6adce9cfb3a1ee0360587095392ebb8cb998bb2fb40ebca53a0ac4780552 7234a6b5b6ff61a88e1dd1e837c54dfd703eda1f77dbb2bfb3dbfe7f09120516866930eb8f1306e8ff12c450a3e3ca9e
SERVER_TRAFFIC_SECRET_0 d2ed6adce9cfb3a1ee0360587095392ebb8cb998bb2fb40ebca53a0ac4780552 0570dfd1f79dc0a25dea9adefeadbd1e3f1c4f0ae5faa19b0630dae6df312217ad722bab20ec40108304b2f1fee073b1
CLIENT_TRAFFIC_SECRET_0 d2ed6adce9cfb3a1ee0360587095392ebb8cb998bb2fb40ebca53a0ac4780552 ad287b18c8793d557ef3f514782d794af017968cf65faea03d7a1de8ab3a5879c3fbde413de92a666d3de7c16bf78d87
SERVER_HANDSHAKE_TRAFFIC_SECRET 7d3d8919e96f5df3bcb0cff57fcfc6a37d6be8790b11b1faed825cd06237bf70 e534a5682198277eb68c7c58e994fc3cdf351c037ca3bd5b9837ac9baed0a061edce9c6e88eedcab43578fb707376c20
CLIENT_HANDSHAKE_TRAFFIC_SECRET 7d3d8919e96f5df3bcb0cff57fcfc6a37d6be8790b11b1faed825cd06237bf70 f5048c0ed353c8b2203868c021d343f8a8318d5cbe4c88c83dbd3a7d1cbaf07dfd528c12b8d40bb757976c68777bd693
SERVER_TRAFFIC_SECRET_0 7d3d8919e96f5df3bcb0cff57fcfc6a37d6be8790b11b1faed825cd06237bf70 ef4e5501af74deaa48be93cfd72989f55f23eeebe7de83bfb6a0e156bc2132bac9ac8336614fdd7c972094dfec036d27
CLIENT_TRAFFIC_SECRET_0 7d3d8919e96f5df3bcb0cff57fcfc6a37d6be8790b11b1faed825cd06237bf70 65596438912ccdcf464237e7f8aa7079a1f7a66f6de7055817de37c0ba15f5ddd77aa9d60b7bdac0d8321b78622f8b5d
SERVER_HANDSHAKE_TRAFFIC_SECRET 017b6ef31bc5c672b67ebc68764ee02024fa0dad2d401d2c384e5173f51c6542 892f8a7c7eec3f113355b8d4c037b800c85b2ea9675cb78968ab63e17db257fb1de691b9b24852cf38c20688acb3aa58
CLIENT_HANDSHAKE_TRAFFIC_SECRET 017b6ef31bc5c672b67ebc68764ee02024fa0dad2d401d2c384e5173f51c6542 467bb64247d4e6410c3b6cf86fcb7390cc56993d0f657c28d495825cdd536f2a395531baf55ebab54d7a22073c12cdcb
SERVER_TRAFFIC_SECRET_0 017b6ef31bc5c672b67ebc68764ee02024fa0dad2d401d2c384e5173f51c6542 95fe89c25d09cc33fd206da63fc9c0227468f666e6dd6bf1fabacfaaab6ce69a1de63fe9208601232f4c7a72755c42c7
CLIENT_TRAFFIC_SECRET_0 017b6ef31bc5c672b67ebc68764ee02024fa0dad2d401d2c384e5173f51c6542 aaf4ab9dd56a5aaa00d3ec0c99d36376591a0c2c03d1ad025f12ab49f78437b92f3d9b37c201b0398df1e5ce84d834f8
SERVER_HANDSHAKE_TRAFFIC_SECRET 8d2c8a81c56ee09cb4f563007e2d82f08426d902762920e55dac68869e5a3550 6f78f47267e2a6b42e95eb32f9b1eef8be70594709ef4953d6d6762993bb58d7b58208884d0e53a01c0d3a1a3147215f
CLIENT_HANDSHAKE_TRAFFIC_SECRET 8d2c8a81c56ee09cb4f563007e2d82f08426d902762920e55dac68869e5a3550 1119d454b32cb9fefc546699498e5b0dd461aa8b6bb26c22c690f61b0381330b12c13ab9c111a126bef20020c975a6b3
SERVER_TRAFFIC_SECRET_0 8d2c8a81c56ee09cb4f563007e2d82f08426d902762920e55dac68869e5a3550 25c2e0bd9dd55aba1e7e61a42b9846b4dbe90c0428355b61b1010a8a990f44422c9764e265071d37006b0ee9bfe986ac
CLIENT_TRAFFIC_SECRET_0 8d2c8a81c56ee09cb4f563007e2d82f08426d902762920e55dac68869e5a3550 c694d3c44ba091d3a6dcba6a2f5be82101f1036fc679c37f85a4e5c17c2872c8bcce2444839c2de7408df60439694ed1
SERVER_HANDSHAKE_TRAFFIC_SECRET 553b865db3dc59fbce70527e4dd349b151ec3f9a9bfb68a7913d63159a3aace6 6f6553f0b7800e7cefdbe3d88a1d23daeb1e2b08f037721d4986f5139094d7b21a6f1b32542eeaced96be965ffd70540
CLIENT_HANDSHAKE_TRAFFIC_SECRET 553b865db3dc59fbce70527e4dd349b151ec3f9a9bfb68a7913d63159a3aace6 4fdeda784aced48e5d9818bdbd36215807e618d5800fccad9713262c11c170753df0323e5e645decdd6760c09d46f5c5
SERVER_TRAFFIC_SECRET_0 553b865db3dc59fbce70527e4dd349b151ec3f9a9bfb68a7913d63159a3aace6 b1bb60364d1c0f8ea4d424d075aa76f0724cfd3ea8909bb40bff79d7a0162b5bbe923160d362ed70f64013565ddd9c1b
CLIENT_TRAFFIC_SECRET_0 553b865db3dc59fbce70527e4dd349b151ec3f9a9bfb68a7913d63159a3aace6 c87b07515d59db713d3d4bade7af4da95752890e0da24a9f213e3b44af5fcd7da7d89386383fac854c2472a84e0b6640
SERVER_HANDSHAKE_TRAFFIC_SECRET 53a18dc9af19393b289c11ccce9153c488092712007a156428984e1eccd6dfa7 eb4681734dc32a5c5de982ef58375aad4ba81ad93a4368bc92bc0f7973e30339e2f4ce451da6cf4606f57aa37f94cf3e
CLIENT_HANDSHAKE_TRAFFIC_SECRET 53a18dc9af19393b289c11ccce9153c488092712007a156428984e1eccd6dfa7 84bd90f4f539e0a053fbd72398fc8cd2495167d737d087de4bb963fa95e2c2b9ca26de3c669f918eb7cbddcc10e7ed2c
SERVER_TRAFFIC_SECRET_0 53a18dc9af19393b289c11ccce9153c488092712007a156428984e1eccd6dfa7 5612f75f1e95530f581f42a9587c4770624c5219af4410f26bf666df3f9d0e1d66b3f01a423bc441bd612948194c503f
CLIENT_TRAFFIC_SECRET_0 53a18dc9af19393b289c11ccce9153c488092712007a156428984e1eccd6dfa7 1f011719150297e7c0b8cb81f74fc66df4d9f8911ae4d14c67a457ce1ade386865dd5b8c2c0d7de338849cd35bdaeb0a
SERVER_HANDSHAKE_TRAFFIC_SECRET ea19f7de5b207ae626ea443459be30d43e9495b1de613f2351cac29712eee338 eec8758f16859e5bdd0d244b4bc240f0da7ecb9fd1c5ba57528e98c91adff5543f31b1ca1db70c6470239652d46326d0
CLIENT_HANDSHAKE_TRAFFIC_SECRET ea19f7de5b207ae626ea443459be30d43e9495b1de613f2351cac29712eee338 ccb42ab2c7b5a78bc80581cb2636bda97e60ccdf1effb7a86e645e3fcee5fa0f6016b16bd1e8649e4ecc4a9ede3e94df
SERVER_TRAFFIC_SECRET_0 ea19f7de5b207ae626ea443459be30d43e9495b1de613f2351cac29712eee338 72562c1f28223885232cc13a4f50d2e010dbfde0c96dd0fa156dec5981dc14ff682ea0f383a22428d37f19dcb95c50a1
CLIENT_TRAFFIC_SECRET_0 ea19f7de5b207ae626ea443459be30d43e9495b1de613f2351cac29712eee338 56bfa296902ea0ab6e1b51c6aaf20c964afeb84073244ad9dedcc3d059cfb1fd396ef1336199e0b1ee08b585f375e41c
SERVER_HANDSHAKE_TRAFFIC_SECRET e46061a903c85663edaf0b1f3439ccfb82216cca41c63e91f87b8c95a71f070c a6e4208859a9fbc57e595f5c95f962ac43c07494fc1cbdc806c82d82f5b38defcd6392666ee043f7f4c668c577f99032
CLIENT_HANDSHAKE_TRAFFIC_SECRET e46061a903c85663edaf0b1f3439ccfb82216cca41c63e91f87b8c95a71f070c 3323770e353bf77f4560e2a12d3395549b449f0f6a445c181483de974d80c0a124c029257111f88ed7bd48cdbc487484
SERVER_TRAFFIC_SECRET_0 e46061a903c85663edaf0b1f3439ccfb82216cca41c63e91f87b8c95a71f070c 6e09b7b8056208f36f3f79febd59c122b2cfd6ed3b46e978f2002dfe5a30e25cc5b129b9134a521093142101799e3c84
CLIENT_TRAFFIC_SECRET_0 e46061a903c85663edaf0b1f3439ccfb82216cca41c63e91f87b8c95a71f070c 349bfff93e1dd5460544a2f64ee4c1ee3799901c9de975c705758018837dfce1db298048277851e9c147f242700cf833
SERVER_HANDSHAKE_TRAFFIC_SECRET 43969f94fd8988ce950d66ff37bc0d63359097d3f81f009523bcb333429f460a ca249b1a455090c2684337baa32e9a6e4c1003a8160c97c955f942e82ed95ddc4b4ae1c19cc043af7409b74e7a1517d0
CLIENT_HANDSHAKE_TRAFFIC_SECRET 43969f94fd8988ce950d66ff37bc0d63359097d3f81f009523bcb333429f460a 98ca188a6c0e671b255baf511c8e2a38f3714992f79a74be9142668f5c95a23e0ff6a6d2fa910a8e2756f78830b32b56
SERVER_TRAFFIC_SECRET_0 43969f94fd8988ce950d66ff37bc0d63359097d3f81f009523bcb333429f460a 36d86747a65e482da7b9e4369291133af3e7a2749a2453fea9a6512470b430e3f507e6f8ba11bfc17151655de6ad8e33
CLIENT_TRAFFIC_SECRET_0 43969f94fd8988ce950d66ff37bc0d63359097d3f81f009523bcb333429f460a 005cdd6374e6abad53df6522b30f6ad317eda86d9f84df833963f518bc51d4e104039ec0a3970719645be957be318148
SERVER_HANDSHAKE_TRAFFIC_SECRET c697c996d544b15231bc4e7ee49e9b6191a106b1344d1169da86fe4e32bbcd4d 403bb946b7612d4d98966488da0c8984b28fb021eadb88293de2e0e1b86c1831af10bf96cd7a031ca958fb9a3e26bb35
CLIENT_HANDSHAKE_TRAFFIC_SECRET c697c996d544b15231bc4e7ee49e9b6191a106b1344d1169da86fe4e32bbcd4d c77d7589d87e9ceab63c5c594c6d4d0de40de76386d5fe9b06f30fbb74033c7e9438280fdf3ae0734442669b496269ae
SERVER_TRAFFIC_SECRET_0 c697c996d544b15231bc4e7ee49e9b6191a106b1344d1169da86fe4e32bbcd4d d6e7e0a292a70d9bb28344f6467c95981524ddfe7c3913d426835dd00e1b598d6c271bb59cbb26e044c459676fb19a49
CLIENT_TRAFFIC_SECRET_0 c697c996d544b15231bc4e7ee49e9b6191a106b1344d1169da86fe4e32bbcd4d 23181a4998977e03c50f0e630ea7d8856574a18d4110a464abe914fa5bd62ade01ee648e2ca94e6fdc6c5dfe313ce12e
SERVER_HANDSHAKE_TRAFFIC_SECRET 79173a7df8338454089f630d902c3fd31b1f3f0cd0075e8360895939122e754f a2295c1ef1a30b897c3a38bf6cbd92907bec6efe23716bc3006ac4956c35bfd4cc31c1e1eef774f23e727c81d2889c8f
CLIENT_HANDSHAKE_TRAFFIC_SECRET 79173a7df8338454089f630d902c3fd31b1f3f0cd0075e8360895939122e754f ffa1c8a319393e260722dca99142f1fd4c0e77033958c15e353cfd3b340978cba943984a03d0ec27e699cbbd6c9a80e7
SERVER_TRAFFIC_SECRET_0 79173a7df8338454089f630d902c3fd31b1f3f0cd0075e8360895939122e754f 58f618715916eb8102193815897153807c47a6a7a361df51837e27d23cb027df959aa4a7dfc2b413b1fa29eca701551b
CLIENT_TRAFFIC_SECRET_0 79173a7df8338454089f630d902c3fd31b1f3f0cd0075e8360895939122e754f 5f032d0dfd3ac6618ad387f0aef960d84869e7bad43c49c33ed0bbb9208df2fe9900b4acb5866967371f5cdbd8d91a8d
SERVER_HANDSHAKE_TRAFFIC_SECRET 5d6b3b2123599bf69a11581ad27bd35b2bdc2960647d43c5bf2ccb327df13c16 0701017584417c6d0adc7993b19acef3af1d6348c9067734cdf00f5a0378176697f05ce5dc609ad59f7f2aba4746e63b
CLIENT_HANDSHAKE_TRAFFIC_SECRET 5d6b3b2123599bf69a11581ad27bd35b2bdc2960647d43c5bf2ccb327df13c16 3f4f7e7d75106f96dde410b408b7aed6f899a466e767e0b32d7801efa187d1294e0b0c0b7956e30269b604796ddb90f3
SERVER_TRAFFIC_SECRET_0 5d6b3b2123599bf69a11581ad27bd35b2bdc2960647d43c5bf2ccb327df13c16 ea330fb588c0ff4c74a348095ed9c7c7ce0f9828c908370440bf2c4146268d387b93706c036d4ed3ffd54128654abd33
CLIENT_TRAFFIC_SECRET_0 5d6b3b2123599bf69a11581ad27bd35b2bdc2960647d43c5bf2ccb327df13c16 5e2e5fa7936c210ea7b29d35ec46e92cee5ca7b302136cf9369685bf8b52cbabec539cb1de0ba9ac97274c7b9d738c95
SERVER_HANDSHAKE_TRAFFIC_SECRET f94f397ae02548fc6f28002eb124f79f7d061af373c49d243449f36fdf01b9b8 4e13c5515629017a38db0b126c9fee4df2b9bc5de2e5317927be8bd6028f4097052c118b9cef42997999798c97147ca0
CLIENT_HANDSHAKE_TRAFFIC_SECRET f94f397ae02548fc6f28002eb124f79f7d061af373c49d243449f36fdf01b9b8 4ef15712c825b02b3efc972dd9cde6a87134f98eaf4e2e40e7e07579e43e2b95263a103619f02fc1cdd4afdc19e8053b
SERVER_TRAFFIC_SECRET_0 f94f397ae02548fc6f28002eb124f79f7d061af373c49d243449f36fdf01b9b8 3d0bdf5dc98d799df5005d79742fbe9785e24b89fc8a5bfb13006897bb3fc894448526f6d0a354adcd096e031c2f502f
CLIENT_TRAFFIC_SECRET_0 f94f397ae02548fc6f28002eb124f79f7d061af373c49d243449f36fdf01b9b8 dcc69ac3e1725cbb9ae71920e66e9d2ad31a5ee87d3705167c3e7dfe9e80d320ae0b8cfbf14f3ad23c07939acfab755c
SERVER_HANDSHAKE_TRAFFIC_SECRET 3cefb8f5542cc7ec41051771177f9b611819375ee040444e03363222c518d79c eee40dbb960114b7a598db1be7455fa1e0ebe81aa64cfb8ad415642bd3486b65d78b603adbf929678b4528511f9dee48
CLIENT_HANDSHAKE_TRAFFIC_SECRET 3cefb8f5542cc7ec41051771177f9b611819375ee040444e03363222c518d79c d43dfd772d7ec9e3d468c48e3976c449e04ee55ca3c72db5f5dccfb707d112d8089f0d1c6ead4e0cd767a6d79c67c7f6
SERVER_TRAFFIC_SECRET_0 3cefb8f5542cc7ec41051771177f9b611819375ee040444e03363222c518d79c dae2edb4d3f6171bc945eb88166cc8e74da35d09b43e12c2b20f6d63d85f900f2ef98b0c20e7cc093f3e312a849bf5fb
CLIENT_TRAFFIC_SECRET_0 3cefb8f5542cc7ec41051771177f9b611819375ee040444e03363222c518d79c 364882449f241f8ba057204ecd49a62c2c7579409cf32de6ca2742bff2638e4f10d5a41ea9bedde1c0484fefb5e29933
SERVER_HANDSHAKE_TRAFFIC_SECRET 41c144e84b392053b9e24bb8aad291ddc45fa4ea5b64fa274473ce888fd3ead9 e82aa7d6cb479585caebd963a9e58706f932fe159b96e4002a9b182f6fcc940e7d565e2f6d61874e636f0105f02d5df6
CLIENT_HANDSHAKE_TRAFFIC_SECRET 41c144e84b392053b9e24bb8aad291ddc45fa4ea5b64fa274473ce888fd3ead9 8a79ae20f845123c6aefe4af825c44a0306a86251d1212436684e51f26e018b57ea00bae3a0153b2da833ed2045e7e0c
SERVER_TRAFFIC_SECRET_0 41c144e84b392053b9e24bb8aad291ddc45fa4ea5b64fa274473ce888fd3ead9 ad48c37c9cd823da011c2aa4c497a78d7c97e230811fa03c54628003c6d5622850def192bb8fa60815180cdef43e9eed
CLIENT_TRAFFIC_SECRET_0 41c144e84b392053b9e24bb8aad291ddc45fa4ea5b64fa274473ce888fd3ead9 62449ba0b79b371aa9ef226ad361a85f6541d1289f7ff02b47ffdd36733090eda90333bd38af00bf207fcea9dadb94bb
SERVER_HANDSHAKE_TRAFFIC_SECRET 3ea199c8574d916c42f5fc53df5c195a2ab2d85e12d6b0ca7e576395390c8d18 329105fe681fb1d1620e747f7f6155d0f14e8da5cf41d56e6a76f0d5560f3e8bee3c7b42d0ef09bf8405fc6e0e6d2955
CLIENT_HANDSHAKE_TRAFFIC_SECRET 3ea199c8574d916c42f5fc53df5c195a2ab2d85e12d6b0ca7e576395390c8d18 96bf5fe24fc56ecc6724f112c22599b82635ca977c7ce44f8ae3f0fe6460c594134def735c4f562c286caf91ddb548b5
SERVER_TRAFFIC_SECRET_0 3ea199c8574d916c42f5fc53df5c195a2ab2d85e12d6b0ca7e576395390c8d18 b919b11e454717424ec23d5b8fc1f5ef618a2536628c0ce8b91837d18ebb497fc7923942d668b7fa74e80787fb6d8d02
CLIENT_TRAFFIC_SECRET_0 3ea199c8574d916c42f5fc53df5c195a2ab2d85e12d6b0ca7e576395390c8d18 9cdc94df56be4a37ca57ebcadfacd40e0fc57130c91e051a7800d799cf702250932d8c335cab2971646738f8762de249
SERVER_HANDSHAKE_TRAFFIC_SECRET 06971d01399b187be2f070d5cf1c4f5c3325c0590bb8efbdf62cdbd4244a8706 2fee69c8f02771a894fa9fa7f1bc048f5fcaf5d3b304270bcec7175ed4756daee15f3f223eb11074122edcd2318b59fa
CLIENT_HANDSHAKE_TRAFFIC_SECRET 06971d01399b187be2f070d5cf1c4f5c3325c0590bb8efbdf62cdbd4244a8706 15439e23897afe058311194b7cd6dd49be38c0c65cf569f31107c0ef218aef815ca4d97f57d1fd26d2512d455609a4af
SERVER_TRAFFIC_SECRET_0 06971d01399b187be2f070d5cf1c4f5c3325c0590bb8efbdf62cdbd4244a8706 42493697f5e125e1b3aa104ef1c4f970ee7c452cc8df3bd6a19cee87a30fefa18c974c810893b4b29f7028f95f1fefa9
CLIENT_TRAFFIC_SECRET_0 06971d01399b187be2f070d5cf1c4f5c3325c0590bb8efbdf62cdbd4244a8706 621f99514e13f930c5c6ea0b9ad2622bfb4201d8c5fd22adb847f0d31a3adba04ee9e5e4d31fe88b319e8b7de11b3dcd
SERVER_HANDSHAKE_TRAFFIC_SECRET 6bc4100c8ec2446c8c5eaa21acbf6d8b811ab8d689d3262a6bb2c7a485a33bde af4b5f0de20abde7447b35a40f89f38793db38f9c2512c4ba8b6f9ff595894769c998e551aafc14c7e3e61ba509a17f5
CLIENT_HANDSHAKE_TRAFFIC_SECRET 6bc4100c8ec2446c8c5eaa21acbf6d8b811ab8d689d3262a6bb2c7a485a33bde f0248ea3fb24baeb2a5d2849f0ef1edd4e1d46b74335ce0193b8f033f33626bcc394dfa906aff617fdaf2594b6b269ec
SERVER_TRAFFIC_SECRET_0 6bc4100c8ec2446c8c5eaa21acbf6d8b811ab8d689d3262a6bb2c7a485a33bde 7332ea15923076e60d53821fd7319438f9adf06c5e921292d57a51c14b0d5b50f99ddde7aae1608792a1560bcae70b56
CLIENT_TRAFFIC_SECRET_0 6bc4100c8ec2446c8c5eaa21acbf6d8b811ab8d689d3262a6bb2c7a485a33bde a71b47bc2c487726f2eef28eacdf7a2a2c6f13568b92331dac9a47565aabe3c892cad6b32b5683c6fb0a92b5443d6223
SERVER_HANDSHAKE_TRAFFIC_SECRET a65e9d3490741ccbd4b4021cd2b5c3a68f8e8dd3b46a7deba5ac7b08b93c45ba 0cf89e8a709a8147dae981226944d4f684a2c55cfb9c2d83262808344ed124700884e05460166586a4fc0806831f43ff
CLIENT_HANDSHAKE_TRAFFIC_SECRET a65e9d3490741ccbd4b4021cd2b5c3a68f8e8dd3b46a7deba5ac7b08b93c45ba bc8e952800e2cf51426a668135bceb3e76ad377773bc54f7b1257670fa220ef1db3b985b7a687f6f090c6eab51c67371
SERVER_TRAFFIC_SECRET_0 a65e9d3490741ccbd4b4021cd2b5c3a68f8e8dd3b46a7deba5ac7b08b93c45ba 7c9fcb86c44b7a96cd562967e1e300a8b406ebb5b726b137638a2c7e22b92d076c7421229c9b748803ec0d3d95562ef4
CLIENT_TRAFFIC_SECRET_0 a65e9d3490741ccbd4b4021cd2b5c3a68f8e8dd3b46a7deba5ac7b08b93c45ba 2f98307d1d94793e28ab0e307fbd3a1fba6a2142a48d911253228b63db3bdd83f21531aee65597ba5471df0b89e87725
SERVER_HANDSHAKE_TRAFFIC_SECRET d309284dd12c5ce7d092256fea066003d023530857fdb97223e12a53959c72f6 99032b4c7d7b90b63715627a6f1996bb162a746dbeabfd320e78b8d178432883644685491659e9eca56221508f08eb66
CLIENT_HANDSHAKE_TRAFFIC_SECRET d309284dd12c5ce7d092256fea066003d023530857fdb97223e12a53959c72f6 97259b111304dd269a82ede623a9cb468af02af065fb98f984e2c03aafe6862c4aa076d2d2e96b3cda7f9072ef7a4caf
SERVER_TRAFFIC_SECRET_0 d309284dd12c5ce7d092256fea066003d023530857fdb97223e12a53959c72f6 7142e70ea93d129f2f170c54df778568baaf948ec47e435064052aa15508d0b907264ccc2c896378d6abca85112c6011
CLIENT_TRAFFIC_SECRET_0 d309284dd12c5ce7d092256fea066003d023530857fdb97223e12a53959c72f6 9c38e7c98e3110408ccc6ad92e48ff644515b781b2373934f916f099c40859b35bea15ac080dacac4bee7f490c7fbefb
SERVER_HANDSHAKE_TRAFFIC_SECRET 2e16ec681046aef95434c1f84d0a2d00f20b7606109feb1d851d8de3ad56855d 40ffda667e75911c5541e03b79ae9e5b80fa79f4585f4563e6778545d5276c98f60ec96616927b03197d96d6415ae8b4
CLIENT_HANDSHAKE_TRAFFIC_SECRET 2e16ec681046aef95434c1f84d0a2d00f20b7606109feb1d851d8de3ad56855d 6a1c207b6e45e120fc1a294bb92e21ad45b7f3223d84208dcf9f08f3d409063005b45ba78b955693698400e56c90bbaa
SERVER_TRAFFIC_SECRET_0 2e16ec681046aef95434c1f84d0a2d00f20b7606109feb1d851d8de3ad56855d 5e5106f471df116c0b11655156335aeeef02228998066415bbd2286daff15316d21d4083542683176386ec90348d9047
CLIENT_TRAFFIC_SECRET_0 2e16ec681046aef95434c1f84d0a2d00f20b7606109feb1d851d8de3ad56855d 112912bb234d5d248c43796a5fa22435bc3e80b55b490a4d15443aabe99eb7e8bcdfd383f224183d39790d03b3c44047
SERVER_HANDSHAKE_TRAFFIC_SECRET 3e7567682080499160fb443a39df9a6f07f1451a0aad851fbae5793e3d6f42a2 824072469b8cad2cf2db38b0516c8c98e5965cdccba71299ea39c33a95e3837ec96b6a69e47922e7459083f53434335e
CLIENT_HANDSHAKE_TRAFFIC_SECRET 3e7567682080499160fb443a39df9a6f07f1451a0aad851fbae5793e3d6f42a2 98bf6d64ac854a62e0479a973194f5b129b15a2ca752a56290feea5f9fe2e9c84135d37765bd0a91fb7d7cf54591a3d8
SERVER_TRAFFIC_SECRET_0 3e7567682080499160fb443a39df9a6f07f1451a0aad851fbae5793e3d6f42a2 8c8e5372f15ccb775bc91c62e57061eec1ba478bc18278d2d01ea33c71f848a304b11a32bc371119325ac3d8c8ca60dc
CLIENT_TRAFFIC_SECRET_0 3e7567682080499160fb443a39df9a6f07f1451a0aad851fbae5793e3d6f42a2 dde38e7d2fdbe3cb6a2da9f9839535569cbe880e60d7b34c5dbbe05b984be1152d602f359209326ed590dbaa0f259385
SERVER_HANDSHAKE_TRAFFIC_SECRET b857931bfb798edb9388e966abf812ea2a99621d5ecd214bbd8fbfb3a5718264 c3d7114ee87e3ea32ec5d79bb5fbb8735d2dc791c07d0d2983dd06ded49616b64b84d07a9b4be3acb5db800cc2fddb02
CLIENT_HANDSHAKE_TRAFFIC_SECRET b857931bfb798edb9388e966abf812ea2a99621d5ecd214bbd8fbfb3a5718264 744b9389bc92a4e07542b5634a1e8e8d8a836289de8ad55910ade3c815ef93bac9db7eec9576d0d5a2f1045a4d3785e0
SERVER_TRAFFIC_SECRET_0 b857931bfb798edb9388e966abf812ea2a99621d5ecd214bbd8fbfb3a5718264 af3cfbd9f5d05dac03eab115a5f117b3abe7417396669bb7b51daf81f108454b4dbf235ff5477a5ee8f3dcbc10a0405e
CLIENT_TRAFFIC_SECRET_0 b857931bfb798edb9388e966abf812ea2a99621d5ecd214bbd8fbfb3a5718264 05edf98abb9695714063fbb39e5aa675c56ab2a1ddff3a717f1322968edf847863efe2ecb34a01537234ff565e5dcaed
SERVER_HANDSHAKE_TRAFFIC_SECRET 377030d983c705021ba6f1c2b715d026a142f7a56b7cbbad5f1d1bd4e19c0c34 829921230143ad50c396cce51249883e51436c62a7b1958695c0523aeb4b6e31d0919b00996cf29c053a65431349edfc
CLIENT_HANDSHAKE_TRAFFIC_SECRET 377030d983c705021ba6f1c2b715d026a142f7a56b7cbbad5f1d1bd4e19c0c34 0c0b7fa006124b52395550b7239faf3e4000be1434b384a61aef58ca203b5d8e0c6dba47d46b580a43a4ca02ca3093e5
SERVER_TRAFFIC_SECRET_0 377030d983c705021ba6f1c2b715d026a142f7a56b7cbbad5f1d1bd4e19c0c34 c4c33ece49cb0d4079d5ae0f57ee5582488bd6d6a66c737aaebc001905f9abb1c2f71eabc2f6f3b0b1041011d5fb40a4
CLIENT_TRAFFIC_SECRET_0 377030d983c705021ba6f1c2b715d026a142f7a56b7cbbad5f1d1bd4e19c0c34 ff639af4fe5f33d96a6751c2025e559b3f961744f7bd8d95c449cc4dd3777026e8f3ac0ea8e0c398f7849039b84323df
SERVER_HANDSHAKE_TRAFFIC_SECRET d56fa783f4b7455dc384437af04ca25e133fe5dc5d5c3c1ff32343591e9cfa11 b3732e82163240a76d9d421f6092e41b10a04754624177732126fdbbf0badcfb4b35af4b6c87e34e4fea04ce13154c38
CLIENT_HANDSHAKE_TRAFFIC_SECRET d56fa783f4b7455dc384437af04ca25e133fe5dc5d5c3c1ff32343591e9cfa11 2de88dae774ac99cd970730c15196c49007e6a76074676d0ca0da39543883a6c061e0264350d08ad3c8e62a052da58e5
SERVER_TRAFFIC_SECRET_0 d56fa783f4b7455dc384437af04ca25e133fe5dc5d5c3c1ff32343591e9cfa11 9ef90621adc15c4d61f242ae628d072e5307131a60c99a395976f28d86bc5bfddb2ed992bd249d4cc6394942129345bf
CLIENT_TRAFFIC_SECRET_0 d56fa783f4b7455dc384437af04ca25e133fe5dc5d5c3c1ff32343591e9cfa11 b7f12449db680a02c0ed216baeeca57a02b8cadf920804290a1f32a33aeaf1bca01c67e2e2bda826fe5f7ba58fe07da2
SERVER_HANDSHAKE_TRAFFIC_SECRET fc8af63f81bfe150c92224a66d3c8f77abc0a5a9584ea761c27bbf4a5367db01 bcc0fe52e5ccadfccb1b097bd8777d0f08641b38ba4e423552714b63951ca52b7c4f6b5a95173c442b342d4159cfa77f
CLIENT_HANDSHAKE_TRAFFIC_SECRET fc8af63f81bfe150c92224a66d3c8f77abc0a5a9584ea761c27bbf4a5367db01 96098eaea7d133b583d94e2112230bca557c1fc62471867f5b34e667f99cac572c73a851a55488bd000a47e865f17487
SERVER_TRAFFIC_SECRET_0 fc8af63f81bfe150c92224a66d3c8f77abc0a5a9584ea761c27bbf4a5367db01 1412d1dbd915eaf81f8ebc171827c3add15b3ea1eaa0fa69ae717924fdb41b94189ebc572fedabdccb45faa311b3e9bf
CLIENT_TRAFFIC_SECRET_0 fc8af63f81bfe150c92224a66d3c8f77abc0a5a9584ea761c27bbf4a5367db01 285ff67c1322e36f4c67b951c6b91d14796f1cf98aedc661616d48d503ff3d6f2f8a72689a5feafa7d27520171b414fd
SERVER_HANDSHAKE_TRAFFIC_SECRET aea22316f6a2e0bbd9b4f31f15cf9eeedf788188e220f87fa141282982fcfbfe 32dddfe4375e10cc38a7a137c468a7c7555890a7b489a756be1a80bf8bbc2f805c5ba9bbbfaacb4401c96a3aa15048d7
CLIENT_HANDSHAKE_TRAFFIC_SECRET aea22316f6a2e0bbd9b4f31f15cf9eeedf788188e220f87fa141282982fcfbfe a17708a88e405bc5c0bd32b8eca126509169ebf164f322ffe3d00a162d95e50de84d49b14b93aeacb7c8ae88cc6b0774
SERVER_TRAFFIC_SECRET_0 aea22316f6a2e0bbd9b4f31f15cf9eeedf788188e220f87fa141282982fcfbfe a210a4c9d5cc5a5a3114398592607fe4614ae2459e45c705799db4cae161fb61d0f98588bdafc445894b8d4db170d330
CLIENT_TRAFFIC_SECRET_0 aea22316f6a2e0bbd9b4f31f15cf9eeedf788188e220f87fa141282982fcfbfe 4c9a198c8da9d13770b958782c74f0d010455e485e4bd6be459460c9037044fc544529f6ed595c1d2a02fbb4d2c3a081
SERVER_HANDSHAKE_TRAFFIC_SECRET 011411c263f7486d6f04b591b5645bf216534b5a7bd2ce279eec646824cc7def 5d44235c5b8fa0244019f7ba3ad578dcfef08fd8523266132ab30973212b6916cef066c0e73b2d895e9194b6cfe10f1c
CLIENT_HANDSHAKE_TRAFFIC_SECRET 011411c263f7486d6f04b591b5645bf216534b5a7bd2ce279eec646824cc7def 572d6366614ccf321e38c009159e271ac385d030758016fff696c2ad75a4aafe12520f8977c8d0d7f32e8c3073308110
SERVER_TRAFFIC_SECRET_0 011411c263f7486d6f04b591b5645bf216534b5a7bd2ce279eec646824cc7def 7fbce03138f6ee0e83747dc115fc61cae5dfb978001ed58f3b3a4eec74e3aacdcdd61426ef4cb67b0ff0cdbd3f9c4567
CLIENT_TRAFFIC_SECRET_0 011411c263f7486d6f04b591b5645bf216534b5a7bd2ce279eec646824cc7def 605f3d9067daf289a6b1bdfb62bfa4a4d6a37f39ecc533bf59d4cd8c108802be66c211ae73ff9f28593ef3e9b8d68f54
SERVER_HANDSHAKE_TRAFFIC_SECRET 5436ea1e8aed7072866382beac9710c5be5aca3560028525fc6e9858c235e288 19424b55a34bb7dbb5678ca1093c229ce9c36ee9d53ee2537a8f3dc84a9e5c0833cdb9cb8d1e11e6da69479c0f65871d
CLIENT_HANDSHAKE_TRAFFIC_SECRET 5436ea1e8aed7072866382beac9710c5be5aca3560028525fc6e9858c235e288 922c624eb0c94da1feb0d5c9d38ee0622a15280bd7829127a45991729dc53960b01476217b89bf16cf42423c0fa40f45
SERVER_TRAFFIC_SECRET_0 5436ea1e8aed7072866382beac9710c5be5aca3560028525fc6e9858c235e288 e958c2e65358f180d73edc8af82333662d978e7c058143dcf1e5a563d25d4f4d13ccbbc5ddc6caf7dc9d1de0b3068abe
CLIENT_TRAFFIC_SECRET_0 5436ea1e8aed7072866382beac9710c5be5aca3560028525fc6e9858c235e288 5a9f57a1eddcf5dc5b306973b30051a80120e927a7576b7bdad3f2b62685f4f8e800da47993b16060e0fa35cb7a136fa
SERVER_HANDSHAKE_TRAFFIC_SECRET 99cf6707e0da5979f1031edaf3b7e2411c7188cbe23746dffa2abbbc867a41fe 378ddcf0f4e75a7a61b43ac373f2bca224055813a6918a1fcfbf615a14e31ca32770ef31d2718e35c92d1fb0538740eb
CLIENT_HANDSHAKE_TRAFFIC_SECRET 99cf6707e0da5979f1031edaf3b7e2411c7188cbe23746dffa2abbbc867a41fe f6cc2e723eac3f87a9247f11d77916d7c4da8fa45521bac9040aa68026f3000f946aac460042e4dbf0746e44883e7be0
SERVER_TRAFFIC_SECRET_0 99cf6707e0da5979f1031edaf3b7e2411c7188cbe23746dffa2abbbc867a41fe 542999fb4a32bb6482edb09548caeb31f53f32c360f909c7ca3305102d3fe509182e12557327abd6de9d5ef7d898fc52
CLIENT_TRAFFIC_SECRET_0 99cf6707e0da5979f1031edaf3b7e2411c7188cbe23746dffa2abbbc867a41fe 9a0a9c9f56b7fe56655f58258de5898bea5406db32f6956cd3ec97d72e5494f51c1dd5c4b43c8e73bcf61a6a5b4ef8c7
SERVER_HANDSHAKE_TRAFFIC_SECRET 5c6c3bb191724f15ba830d9385fc9176c11e75d555cd0172029f61d3b2f0b431 bdad1f1625604ef7e5a6e1ba5d1d3944304abf5dc083c95036788e3961a38a2085f7ff1e05991e22cec8ebcbaa6d956e
CLIENT_HANDSHAKE_TRAFFIC_SECRET 5c6c3bb191724f15ba830d9385fc9176c11e75d555cd0172029f61d3b2f0b431 1009311df9877531977902f81cdf01177333bfb730c27b66a0c96259ce9f51e64c0009521679d39406cc96a1eb1335c3
SERVER_TRAFFIC_SECRET_0 5c6c3bb191724f15ba830d9385fc9176c11e75d555cd0172029f61d3b2f0b431 9faa9f1c81fa423abec8e7ceaff87e10b049d0e78bb20e4efaba453551238ba3ea24056fe4753d8ade6101dfce560796
CLIENT_TRAFFIC_SECRET_0 5c6c3bb191724f15ba830d9385fc9176c11e75d555cd0172029f61d3b2f0b431 7283c75908ab370d39e0f80142469e44cbdbba0ff276f01404014aec968aecbc3dfd6fbd50b8de24fc18b6f82bd36e8f
SERVER_HANDSHAKE_TRAFFIC_SECRET f2434a9cb283d25e1c90c6daaec4251280474e4f256159775f36cb148354c093 adbcbde8dda9800898f32ce02ee19052a5b07fb0d536606b76853200cdbed8cc0552cb9f56495bc0964f647b48bcf3d5
CLIENT_HANDSHAKE_TRAFFIC_SECRET f2434a9cb283d25e1c90c6daaec4251280474e4f256159775f36cb148354c093 140f958f12f2b4b328df869424c3ec781460080832e769c930f7967af1cd48cd0165485656951ff9624f78e6d15ab1ef
SERVER_TRAFFIC_SECRET_0 f2434a9cb283d25e1c90c6daaec4251280474e4f256159775f36cb148354c093 c3da59caec07fb55ffa6e12cab9b25a76370b1440e997bd8bd11b345be1dfda3eb9e2ac02d14ba27aa70cfc55af3cf9f
CLIENT_TRAFFIC_SECRET_0 f2434a9cb283d25e1c90c6daaec4251280474e4f256159775f36cb148354c093 98447f3dd0f2eb946d82a5216a0afaeb0b2b92fdfe1acf2163347c28c0b99a4eda68cc39cd392aebfc9f45edd517b3fb
SERVER_HANDSHAKE_TRAFFIC_SECRET a25eb291891f5c7679b5f461a3af28b21c1baf1b40f9c084bb2f5bebe2795025 2902ca64a56069749757d3e4eb29d9389bafebf76afd387afecc4f6f2d4c9c1956fe3fafee259667f4de00ed5bd6a348
CLIENT_HANDSHAKE_TRAFFIC_SECRET a25eb291891f5c7679b5f461a3af28b21c1baf1b40f9c084bb2f5bebe2795025 8bca7f82e28a0ddd0a2665089825f358795e2924a56ac7c6f5837cde40455eb00d09425e9a67df11fa73b607feeb356d
SERVER_TRAFFIC_SECRET_0 a25eb291891f5c7679b5f461a3af28b21c1baf1b40f9c084bb2f5bebe2795025 ea5ac1db2c78787cdd77ea80533b96c3d31a96b6ca7c112b60b31f27b0aa0dc2d3ec3b5adb5f8987b068d83a84fb8f8d
CLIENT_TRAFFIC_SECRET_0 a25eb291891f5c7679b5f461a3af28b21c1baf1b40f9c084bb2f5bebe2795025 22f6b1b0219bfdb780c6af03402180c2f65d06abc5ca0e126cdfd63033ee9cbe40a1bc73598ef588f1eef3a54dbfc60e
SERVER_HANDSHAKE_TRAFFIC_SECRET fba90dc0f3d3dc36d721f9fc3bf4d4d507a821278cc9072e64bb8ebc606eb559 bff0a00d76b707958a5b7a279006fc3a30d0cce7812ef3efa2cd8d4467fe92ad382c7ee77f899961271c06ccd8c6dd25
CLIENT_HANDSHAKE_TRAFFIC_SECRET fba90dc0f3d3dc36d721f9fc3bf4d4d507a821278cc9072e64bb8ebc606eb559 1af11309ee27140a184e0ab2029acf7d5cdf666f5f6e799220a57af7f13189d3f60f471ef2eab26459a2e43352e3690e
SERVER_TRAFFIC_SECRET_0 fba90dc0f3d3dc36d721f9fc3bf4d4d507a821278cc9072e64bb8ebc606eb559 cf418f0cb0aa3789b55431f718306fefa902d094bee107401fedc1536f87d27c003327477489cc048cc008c6b2e50a9a
CLIENT_TRAFFIC_SECRET_0 fba90dc0f3d3dc36d721f9fc3bf4d4d507a821278cc9072e64bb8ebc606eb559 e53c9d44d1687d8f23eee15fac2c3adb1a17d86a6e78a953085976aa39c8b6e1bc1ff3860ae13045102a7587babfdb7f
SERVER_HANDSHAKE_TRAFFIC_SECRET bde211e5e4384a5114442a5fce54cecda6d90e37213840814a666d34faa022f9 096f6796af4d2ecb481fd053b141f9792917f8d9dc24cdf1605c073fa0fa66550e7b702151fe26cea147bb15f181fd8c
CLIENT_HANDSHAKE_TRAFFIC_SECRET bde211e5e4384a5114442a5fce54cecda6d90e37213840814a666d34faa022f9 2cbc151a6ab05d927ca43f8cd7280f9a68de4ca4af8bf56da1ec1482161f90bcd36b69b737586f9a218ef26c58113490
SERVER_TRAFFIC_SECRET_0 bde211e5e4384a5114442a5fce54cecda6d90e37213840814a666d34faa022f9 d9ba1807c433f836df5f6b65597d6607b4b310623d0f5b02055d1980a145fc02a740972f2628464f8b61fe77a42f2201
CLIENT_TRAFFIC_SECRET_0 bde211e5e4384a5114442a5fce54cecda6d90e37213840814a666d34faa022f9 d4fc5db9b9dd4e7606f99a0da2f7cd4f043b9e25b91320a6a5140804f8ae129c34d26a3d390cc3ead3e7fa7b7413e65f
SERVER_HANDSHAKE_TRAFFIC_SECRET e3eea880b513b7da21bbfcd81b7c565c1608cb46e982ede15df92d7549428b20 054e4fc8b8d6dfc744b95b6b85c7881bedc04e1194282a0820f8c4dabc4913404a06d6d14ddced4dbd958955e7bc76c3
CLIENT_HANDSHAKE_TRAFFIC_SECRET e3eea880b513b7da21bbfcd81b7c565c1608cb46e982ede15df92d7549428b20 572e236206dff5506d9fb7d9a85204ae3bf585976e95f03456426cf74bd679baca9b63ef4e87ccec8b78744ac7ba26b8
SERVER_TRAFFIC_SECRET_0 e3eea880b513b7da21bbfcd81b7c565c1608cb46e982ede15df92d7549428b20 40ecec3cecef68fe8a59c2d0767df7366317ed92b79bc67e3497a4ba28aa276ed631d6d5cfa33df205cece296bcf3300
CLIENT_TRAFFIC_SECRET_0 e3eea880b513b7da21bbfcd81b7c565c1608cb46e982ede15df92d7549428b20 7e36bcb660f1c24843117cfc9f673f45865329ec5a216c8f79dbad38d01fe5ba9be681bd1457bcab62d8d286d17d90b9
SERVER_HANDSHAKE_TRAFFIC_SECRET 3776cd910e6f527c9ff46a9bf65f308bd106bba13156d8aec0462b49ed1c24a4 bab7084eeb1aabd8ee74acfae2686a452b06e208288c91a6757603fdfac755c25b807fc954962c98c08861987e8c22b0
CLIENT_HANDSHAKE_TRAFFIC_SECRET 3776cd910e6f527c9ff46a9bf65f308bd106bba13156d8aec0462b49ed1c24a4 3a14a015c180e78316f542a7d8701ca57d0ae5096fd43e7c00b0ed8da28e0aa31d898703f7b2a93297b760ce1e11d71a
SERVER_TRAFFIC_SECRET_0 3776cd910e6f527c9ff46a9bf65f308bd106bba13156d8aec0462b49ed1c24a4 c2b8c4159348591f947b1acfaa39d9263eb610c7d28226df08ec43e4b4d3c3cc5a890931df94db28c182c02e2fcc09df
CLIENT_TRAFFIC_SECRET_0 3776cd910e6f527c9ff46a9bf65f308bd106bba13156d8aec0462b49ed1c24a4 ca144d6d26c5774caafa562d610c8643f8924cbaec833f2155cf9f74a4af7d42a2eb719e74638e8ba987ffc1e5f64114
SERVER_HANDSHAKE_TRAFFIC_SECRET 640dcfd13c7c8af705076307a6ff5c77b1d2313e0b18a6539c226e7a45052d1b 11357dceee7b3fc48a14800167f1ec7aabac928a36d58265dfdb83caead9f18c06f36a069f96dedbc85521f0b4c13549
CLIENT_HANDSHAKE_TRAFFIC_SECRET 640dcfd13c7c8af705076307a6ff5c77b1d2313e0b18a6539c226e7a45052d1b 9e2dac7bddef870efc8bbe33f4f3013c0d206c091d75675c55106179c9c5855dfc84f23ed365583fec5e96d9f2395dab
SERVER_TRAFFIC_SECRET_0 640dcfd13c7c8af705076307a6ff5c77b1d2313e0b18a6539c226e7a45052d1b a7aebfb44275e4337c3fb8bb502bdbebcb4c190e653c2a76bd2c0e78039309fcbf938d80a6648bfe57914ce2a1674967
CLIENT_TRAFFIC_SECRET_0 640dcfd13c7c8af705076307a6ff5c77b1d2313e0b18a6539c226e7a45052d1b f3e7229f9dc7b531d9cb3d3aaa577f3e061b6cf66d4e46e5c82019716e14eca927924e0de2653d44cab131284402563f
SERVER_HANDSHAKE_TRAFFIC_SECRET 1c5b99c3bf4761e8561c217f9374c04a5bdabb76542fda5e5d2a35f1e1f857ea 7c0b8baff47e6628b4fa93c2f2abd197b05e78d4527661aa297e8fd2d1753d1f58e41872365a06c1db93d39c8051be4f
CLIENT_HANDSHAKE_TRAFFIC_SECRET 1c5b99c3bf4761e8561c217f9374c04a5bdabb76542fda5e5d2a35f1e1f857ea 846d4539e4ed585dc01c12d19cd2bc967bdc2de9f11fa5a0c8743faa777efc14cdc45ff63e6287783bd264e0ff13ed7f
SERVER_TRAFFIC_SECRET_0 1c5b99c3bf4761e8561c217f9374c04a5bdabb76542fda5e5d2a35f1e1f857ea ec01520ef4730d1ce612dae1a3b90271a02f243ebb4e3c780f87eb8a256d223fba7705fb14c6f4ce93a13ab7cda645c7
CLIENT_TRAFFIC_SECRET_0 1c5b99c3bf4761e8561c217f9374c04a5bdabb76542fda5e5d2a35f1e1f857ea 4697576fa07aab14e63b2551c8c1aa9a25fa2d3def93977968116971a2c1440cfaabe56ee880808bc409665171716ecd
SERVER_HANDSHAKE_TRAFFIC_SECRET 39cb86734d0214f431ee9a0fccaf51b08aab9ac2706de3756c5180472a0a5fbe 72fba3f4694c82b37c1cfc3ad1804bee534b42640c8f7a6bfdd8c56668c11a1e17bc7e2216db7b3f3abbb3949fb7b725
CLIENT_HANDSHAKE_TRAFFIC_SECRET 39cb86734d0214f431ee9a0fccaf51b08aab9ac2706de3756c5180472a0a5fbe d12c90b9ef6d582bd8e03f61847e00990eba4389acf12f27f36cea636cfeff7be12e617c540f97726f90a5f34a427a86
SERVER_TRAFFIC_SECRET_0 39cb86734d0214f431ee9a0fccaf51b08aab9ac2706de3756c5180472a0a5fbe 7447baf94b4a93a5f32f96522227e9899b363c2c6177ac03fee88c2fecdca2e15799958aa7f3b24998f7088ad6cf2d54
CLIENT_TRAFFIC_SECRET_0 39cb86734d0214f431ee9a0fccaf51b08aab9ac2706de3756c5180472a0a5fbe 4b5fcba711ba503fec3b9829c235a6a073472fceedb75b8ec5154a281888eead58126917c21ce056396f39edde7b1d6d
SERVER_HANDSHAKE_TRAFFIC_SECRET d9eed3713d347e3a6bc0c633cfcdbd44a3dbc2fc51b27e589ee96dad878b2edf 4ece19c434958e58e8d3c37d5ddff9fe6eedd262c917aa3af9b5a38527ac5d92727f7d1e7c977d0817df0a3f8f802ed0
CLIENT_HANDSHAKE_TRAFFIC_SECRET d9eed3713d347e3a6bc0c633cfcdbd44a3dbc2fc51b27e589ee96dad878b2edf 7a3de32d532f4249b134ff3fcc50bbdf55b711ca3b5a91165dedf873af40e5de200697879471ed2cd0040c1ed817c1df
SERVER_TRAFFIC_SECRET_0 d9eed3713d347e3a6bc0c633cfcdbd44a3dbc2fc51b27e589ee96dad878b2edf e3eee7475259a7ed5053c7d4035eca2e200da741aa6c9faf7322f28b6be2acd3e1fc34c2be09f02c6950082384e54492
CLIENT_TRAFFIC_SECRET_0 d9eed3713d347e3a6bc0c633cfcdbd44a3dbc2fc51b27e589ee96dad878b2edf 208f191b7323836686a7fbc0d21c5a1b03a8e490bea2375a26aa037ace3b386d23e1a44143a42ea9bd5bc699e33db1dc
SERVER_HANDSHAKE_TRAFFIC_SECRET b0e6d0e5d3520926b1d3daba20bf0ccb88cf3eeeea0ed7adfa89e759d8803e8e 8842457d236d8dbdcc7523d88ccec1b30c7df50ad4de4360acfceb8e85312cd089dac6cc7668361a0290f48119fed9df
CLIENT_HANDSHAKE_TRAFFIC_SECRET b0e6d0e5d3520926b1d3daba20bf0ccb88cf3eeeea0ed7adfa89e759d8803e8e bf00ae8d723e2ff706dee7e72b862103c29fe55655ff400a67ad474dfdcef396156ec6dcd8531a0a7f5ea36b682a35cc
SERVER_TRAFFIC_SECRET_0 b0e6d0e5d3520926b1d3daba20bf0ccb88cf3eeeea0ed7adfa89e759d8803e8e 4c6d335fc4ae5aa1fd009db04247a3a07dc2650a615d67034f3e71fe7d3c53dab29168137b7fab8e3caf169b8f6f1693
CLIENT_TRAFFIC_SECRET_0 b0e6d0e5d3520926b1d3daba20bf0ccb88cf3eeeea0ed7adfa89e759d8803e8e 151ac35b355c37c980d116205a99c12098d52d70e9ea45e4896fe718bec113d2ae23ef1534b88403c8288074df37f67d
SERVER_HANDSHAKE_TRAFFIC_SECRET 26f9958a7df99e8351439516556b490aae7055f7f59a8b89291d3e7ed33985a3 0e7da15317c85156be9587b62d510b51b5315c02d7f0c170897c6b6e7b6f347d275335c704033d937d8ea7a6103bf4da
CLIENT_HANDSHAKE_TRAFFIC_SECRET 26f9958a7df99e8351439516556b490aae7055f7f59a8b89291d3e7ed33985a3 3dabc6b86eadba40001ea4c9142f04fd03eb069515b1169fdb8faf8cd60363c088a35d900d790619070203905c23dd28
SERVER_TRAFFIC_SECRET_0 26f9958a7df99e8351439516556b490aae7055f7f59a8b89291d3e7ed33985a3 ac0e15d04110118383419dfc5ebfcfb30b7155363e6841092f1910ba421a255936f0ff2c469816957b7d3413b1f954b9
CLIENT_TRAFFIC_SECRET_0 26f9958a7df99e8351439516556b490aae7055f7f59a8b89291d3e7ed33985a3 5d1544fd877e225f1cdf857bc775dbc7b2d233b1d8b02c978beacfe56c8c4e17222bfbc2da60cc240ce1be92b1760e8d
SERVER_HANDSHAKE_TRAFFIC_SECRET 41950e277c3aecb115e45e2a81324247ab7473d619284a20d35cf34c45dcb436 38b1143d607de6a6814578a31e6bba0f0d63697ce7c00c736a79d456a2caae5cafac525229396abaf7f1eeb82b659474
CLIENT_HANDSHAKE_TRAFFIC_SECRET 41950e277c3aecb115e45e2a81324247ab7473d619284a20d35cf34c45dcb436 3480d12c75fe9fbc54105dd10b1aebebc5b4e3cf0a137a2051b60228928f470fa98eba4e219012dd286e761c85b053bd
SERVER_TRAFFIC_SECRET_0 41950e277c3aecb115e45e2a81324247ab7473d619284a20d35cf34c45dcb436 c2db5bc105e94a51c05ed4a1be66c19a4904cd1d80a9c393feb95e7233173b1e5ce0b532213d1a60b550dfc029efefc0
CLIENT_TRAFFIC_SECRET_0 41950e277c3aecb115e45e2a81324247ab7473d619284a20d35cf34c45dcb436 08cfbcb91cc385533210cfe6e70504f958febf08a2cdc05a6056522c2883f0a71a02f9d24c9f5f1979260b712e2a9afd
SERVER_HANDSHAKE_TRAFFIC_SECRET 24b29098cefa2d0020c0a72f56c516c93fd059a989d18f8a0e92cca4937a2e1e efe692b2de51273c2d159ae45fffbc3c6c9fa797b743e929fd1b964899262b1b7aa27fe2713969b0cc6dab0463b4a855
CLIENT_HANDSHAKE_TRAFFIC_SECRET 24b29098cefa2d0020c0a72f56c516c93fd059a989d18f8a0e92cca4937a2e1e d8de967e83d6fc2c4e28b924d4afae97de3a79c5c2010b001d1a7a92a69c5fd78686bbb4a411170cd07742897c858bda
SERVER_TRAFFIC_SECRET_0 24b29098cefa2d0020c0a72f56c516c93fd059a989d18f8a0e92cca4937a2e1e 237ec481de912a5ec79e986dae8f2ed93170f789b642fbe4e2e3716991e008a754ae84cef7a93e44d0275c8c5646e7f7
CLIENT_TRAFFIC_SECRET_0 24b29098cefa2d0020c0a72f56c516c93fd059a989d18f8a0e92cca4937a2e1e 596774adeffceb9fd42e48be06214312118ca696cff6ff92d240215c749751fb3db6b500cb245a58b117d8a7e8330df9
SERVER_HANDSHAKE_TRAFFIC_SECRET e5606af6c40875fe95b0c367ea09fb603d05d4e22588da1fe9387a54f94732c2 78ac6babe9e921fe05d72befd3081fc7e27b7717094b184d6c2f57fdcdc31c3194a9e670d92355231cb74b4fa18dc28c
CLIENT_HANDSHAKE_TRAFFIC_SECRET e5606af6c40875fe95b0c367ea09fb603d05d4e22588da1fe9387a54f94732c2 0215dccbe939470797c17dec12c8022e365cefd2e47eb9d19826f22d9e157ade3cd7baf36075b33a00eb394f4745b00f
SERVER_TRAFFIC_SECRET_0 e5606af6c40875fe95b0c367ea09fb603d05d4e22588da1fe9387a54f94732c2 8b4466a113e98b54fcacd32693094ff614d28758290a1a5b2a457c2942184b09424679c52c3d7cda2541cb2d0495d8ab
CLIENT_TRAFFIC_SECRET_0 e5606af6c40875fe95b0c367ea09fb603d05d4e22588da1fe9387a54f94732c2 47d640f5dd0eaa2b6f83801eeafa583fcbe9958785909ffa47f9e720ac1490d1c8dedc1f1be5505bb5d367d9bd9a973b
SERVER_HANDSHAKE_TRAFFIC_SECRET 242c19fb8b77732dfbe6993ff6275d1e47adeb00844c1ff00f0a31db03747cd2 d0810406f3787b9b0fbba65b03171cced22d50cbdb505160be13c5fe626c3bf51a474754cfa17ae725c7171b984bae7f
CLIENT_HANDSHAKE_TRAFFIC_SECRET 242c19fb8b77732dfbe6993ff6275d1e47adeb00844c1ff00f0a31db03747cd2 2e3dc48c4f942d38800814a2e84b6625e0f0609db51c6a70a77d2db61da6a1050aabd27e146e53f83909e2a7bddae48b
SERVER_TRAFFIC_SECRET_0 242c19fb8b77732dfbe6993ff6275d1e47adeb00844c1ff00f0a31db03747cd2 89aa1accc3dedb115eb8371aa3fb42e6c0cdc41546bd584f14444a519581feabbfacb1c08c25af36ff8436202531b7f2
CLIENT_TRAFFIC_SECRET_0 242c19fb8b77732dfbe6993ff6275d1e47adeb00844c1ff00f0a31db03747cd2 071881a5063a18981149e7cf8fec92089608d965c50cfa9d95635f3f24fb103b9627a2b9cfd50a1082bd79430ea063a1
SERVER_HANDSHAKE_TRAFFIC_SECRET b70b7fb5259b112b873083470506daeb177e6781a108ee650d6968b1882c2842 5090f33370e44ca38696df85748f4f56e7ffc2e4668ace84fb5c1b3430e5e69e7592589b33eaf4ba10e4d76ac7aa7d95
CLIENT_HANDSHAKE_TRAFFIC_SECRET b70b7fb5259b112b873083470506daeb177e6781a108ee650d6968b1882c2842 26ff83768161777086e95964acc44c537f6ec86ea865895aeb8ef3f1df856eca863cfa501cce245aade8df9cccdcb101
SERVER_TRAFFIC_SECRET_0 b70b7fb5259b112b873083470506daeb177e6781a108ee650d6968b1882c2842 a1c391c081673caa885dafd0e59cfa0a6954aca2d473610f7e507daa2a99b5f210d047635e04cd7f34d4f413b88efdb5
CLIENT_TRAFFIC_SECRET_0 b70b7fb5259b112b873083470506daeb177e6781a108ee650d6968b1882c2842 e708a64c725dd36a9098c9a1b9058802061ca6b8ac660a8ec0c1142147a11fa244fb4431320bc819775d366fe03549e9
SERVER_HANDSHAKE_TRAFFIC_SECRET 80298867a61d06864094038c0b7ccc63dd152f0cb293e184e2b65385e2fcc723 9edcf95e4d7376bf5a06c05470e0ea8ed53ce98bda31ba8d04e5eceb4a5172d0ba32c37e1af1429f40833a1fdcb55aec
CLIENT_HANDSHAKE_TRAFFIC_SECRET 80298867a61d06864094038c0b7ccc63dd152f0cb293e184e2b65385e2fcc723 dd9390e9b03148b6c59a34c67294525fceda26a05e5fd233c9a6ba51cb07cba55794f2aa0d49d5b4f83ad4e74f608a26
SERVER_TRAFFIC_SECRET_0 80298867a61d06864094038c0b7ccc63dd152f0cb293e184e2b65385e2fcc723 554989e0966c3a135ad0d902ba1ef8b52a5f696f7898778ab57dea4ce1b06749917c3a85dd18b93c0652746c7f97a537
CLIENT_TRAFFIC_SECRET_0 80298867a61d06864094038c0b7ccc63dd152f0cb293e184e2b65385e2fcc723 1f5f0abb4cbf867b3dcd71dfae4f56d426ebe08f227e414298845267f9546474a879669d563281b80e1b802c52c2fc87
SERVER_HANDSHAKE_TRAFFIC_SECRET 7416c063ac295b4ee36d8d2add9c8e4bd982d4d67ac774c99da5d0654426acd3 6164550b2c499dfd0aa7429e6d5ea67ba7180ecaf61f73fc169ed092536f383fb9452d8f9f294ad785fdf5709f5b2351
CLIENT_HANDSHAKE_TRAFFIC_SECRET 7416c063ac295b4ee36d8d2add9c8e4bd982d4d67ac774c99da5d0654426acd3 dec4257033b7d3d1b8a89fcbfd84b38e4adad0d69d800feecab3bdc472a101a9ea745eb9b7239488f6897b8281f9dea3
SERVER_TRAFFIC_SECRET_0 7416c063ac295b4ee36d8d2add9c8e4bd982d4d67ac774c99da5d0654426acd3 ef366dd44d6f8c540a9a54fca7e03b4ad0a09d05dc968b908928ba3fce0323b11ec8321d6e821c846f63fb51890612e8
CLIENT_TRAFFIC_SECRET_0 7416c063ac295b4ee36d8d2add9c8e4bd982d4d67ac774c99da5d0654426acd3 2e8b0fcebf4950f03c94b3f95dc39151a167852da990dd05ca1c80c165bd791960b8bd349f41ff59e473c69af44e2f86
SERVER_HANDSHAKE_TRAFFIC_SECRET d1683aeba26eaf2113ea32d1dfba69b4802d6f17e0cd64af9aa9a9d89af0f59f f40054d1e395dcf923ee6e8c81b2a28708cecee9593cdb13fe8e3250daef2df5ce94e128fab704e0f3bb6beb3fccfefb
CLIENT_HANDSHAKE_TRAFFIC_SECRET d1683aeba26eaf2113ea32d1dfba69b4802d6f17e0cd64af9aa9a9d89af0f59f fd6ae981af036597ec280543cb7222de560e11299d482529b2d00e4ddcf43b6c6897e0434849fa542cf45d117b81670b
SERVER_TRAFFIC_SECRET_0 d1683aeba26eaf2113ea32d1dfba69b4802d6f17e0cd64af9aa9a9d89af0f59f b0140619200c164e7d4bfef5c45bb7b430ea05c5737db8e48cf155f22b7c6b1c083d1e834bd308f9b0b01e5250e50b9f
CLIENT_TRAFFIC_SECRET_0 d1683aeba26eaf2113ea32d1dfba69b4802d6f17e0cd64af9aa9a9d89af0f59f 9c9288051c54ad40439417c74aa7c18e98a4e15248ae6d4ed5c8bdf524ec3c08ea078ad8ff8b51fe6039fdba29a29899
SERVER_HANDSHAKE_TRAFFIC_SECRET 5bba5cf386e1eb4770e2e6fa7d48ea1c9a07f09602b5d5e5d2b4c64940ccb2dd 061aa156252bce9468d218e0533e611e4c997680867e4c0d74871495d6877e0d802509565f7dab8a661e277a65bc5cef
CLIENT_HANDSHAKE_TRAFFIC_SECRET 5bba5cf386e1eb4770e2e6fa7d48ea1c9a07f09602b5d5e5d2b4c64940ccb2dd 9594eb8c3daf89800937c38fa7d65f02f0db246f3c3f86460a641d75d132c72cc247327ab751915d7da5d7f8d787dcc1
SERVER_TRAFFIC_SECRET_0 5bba5cf386e1eb4770e2e6fa7d48ea1c9a07f09602b5d5e5d2b4c64940ccb2dd 149acc69811da8e7d4cf624d8cb2b45ec5a1b9c7be8126ad5be1a4c6659c914de046c73cf4a8cb8dcfc1edc809e9b150
CLIENT_TRAFFIC_SECRET_0 5bba5cf386e1eb4770e2e6fa7d48ea1c9a07f09602b5d5e5d2b4c64940ccb2dd f708663e9f7c413161eb74761804989e742f0e6f8f172732608569440497383f541c914c1d067ca42fb1fb3292516d21
SERVER_HANDSHAKE_TRAFFIC_SECRET 1d40ae723991534a21d51d9175fd8c485dd7436ea1a95e27977193eafce3b5f4 e8e3794475a0a2a051f1686bcb64e015ea6afb2e923b7f655cddf9e37ae064855b5acd1a4c72e4f94b75f7c32e052de3
CLIENT_HANDSHAKE_TRAFFIC_SECRET 1d40ae723991534a21d51d9175fd8c485dd7436ea1a95e27977193eafce3b5f4 db75fe9e43dc08a9a2b4665da0613d1f0f1b912d9a6a9853827b37423f12333149b283c951745be235e93a8cfb80428c
SERVER_TRAFFIC_SECRET_0 1d40ae723991534a21d51d9175fd8c485dd7436ea1a95e27977193eafce3b5f4 20b1221a581e9dbc94cd6c9555f2c2caf06302b406fff4b75c6c88284f1b505ddd99e7b3be7aff5b783594f0550b1ea4
CLIENT_TRAFFIC_SECRET_0 1d40ae723991534a21d51d9175fd8c485dd7436ea1a95e27977193eafce3b5f4 6cfea8703aeab19259732396b8be00548ae89fb9873fe8e9bfb769f62de6fc2c93a94483e2d1137a1632af36c5209c38
SERVER_HANDSHAKE_TRAFFIC_SECRET 43888ca48523a296f796345c12dbe46ed23ce6bfab588b494692e2cede0279b2 3aec6c2ace159d4c8791ba217cbaa16797986ee954ce3c44f4f5fb3715c37fea0dd851e1ce9bbaee8d1347165c6cffb5
CLIENT_HANDSHAKE_TRAFFIC_SECRET 43888ca48523a296f796345c12dbe46ed23ce6bfab588b494692e2cede0279b2 b6a7dc874f9a1785a13875ad6e42445ec3a25af67fe74c56c94761a1dfe0a4aeb5ec0762cff30ef10771deb1e694abd7
SERVER_TRAFFIC_SECRET_0 43888ca48523a296f796345c12dbe46ed23ce6bfab588b494692e2cede0279b2 e18e58f869e53c34dcd7bf23d2da452ac63db8238b4d8871eedb39ddf017205a2d596128311f5e31df0004396923a111
CLIENT_TRAFFIC_SECRET_0 43888ca48523a296f796345c12dbe46ed23ce6bfab588b494692e2cede0279b2 9d5261649c18238e4815012071067d4036a75d0cd89d0a9c64b37397615dea125636e7a44f90d4aa5df8e8b7fcfb4283
SERVER_HANDSHAKE_TRAFFIC_SECRET 434d6c20db6257d7adf84f6073f0bcad1053e2f3e45c675956ab38018788f17c 3b9d2de41ccd96ab9348d5e3c13a2709e63fad610c59257acb474e4c0d9a09c16d8986bd15e1d360ab9758eef86c74af
CLIENT_HANDSHAKE_TRAFFIC_SECRET 434d6c20db6257d7adf84f6073f0bcad1053e2f3e45c675956ab38018788f17c 575aa6e48b63000a12cd3b90f13b6a029f7131b1a0c5c7a04502714c67d3859b4052e6d748cf331c5e53364c414797cd
SERVER_TRAFFIC_SECRET_0 434d6c20db6257d7adf84f6073f0bcad1053e2f3e45c675956ab38018788f17c 87c589479f955a849c019c496e869ca425d5d96ce35fe4daaf2c6eea86419c9510066bbb3abac5df17470bf71632d3ac
CLIENT_TRAFFIC_SECRET_0 434d6c20db6257d7adf84f6073f0bcad1053e2f3e45c675956ab38018788f17c e5f6eb67c9e1058b4410a8232a269b59db66c6a8fe6e4e0d896feaa4c2244c6004b0894591384a1b3372656152d109c8
SERVER_HANDSHAKE_TRAFFIC_SECRET bec56ac1f6935425a2b21a208f7da1118537fae03c5ba84732ee1724e15b2da0 008affd5c0ce540a674bfc7a81617f89580f5ca23a661e68c7d0b973c0c5ba68f9644330d9956f7a0f8f418e6979cb4a
CLIENT_HANDSHAKE_TRAFFIC_SECRET bec56ac1f6935425a2b21a208f7da1118537fae03c5ba84732ee1724e15b2da0 f42ff6c5f68156ec3f536a090d37690bfa07d87c17aa2a85480be2a163367b61f83f06a2f78e1fe5e2519ed7e5be3944
SERVER_TRAFFIC_SECRET_0 bec56ac1f6935425a2b21a208f7da1118537fae03c5ba84732ee1724e15b2da0 211d13e460e348c28c92a22aa444c109bbff949a44f50e24fecbea51680452a1479c41f02eae53e17273644d6470b3c5
CLIENT_TRAFFIC_SECRET_0 bec56ac1f6935425a2b21a208f7da1118537fae03c5ba84732ee1724e15b2da0 d72ffd3265ee8a458adb7a26c7aec7abbf1a0ccef45f47dc4f73a4313b26b742880ebdadb2a8d59387221af4c2bee769
SERVER_HANDSHAKE_TRAFFIC_SECRET 677b681b714182fb0b3708c80107867a1f485433605b51ca958d2ac1240c86cb 9e40445aca864dc5b03be527d8b3cfb4d53463407ca81ace2f079d28a2cf25ecf1e86d70bf3c03d8c6db5c8d0a1a5dee
CLIENT_HANDSHAKE_TRAFFIC_SECRET 677b681b714182fb0b3708c80107867a1f485433605b51ca958d2ac1240c86cb d5aaeabd919e5b28f65693dbc2519ad0f7c4ff681a43d47938d5b6b2be233ecda5efa2723e196dbb587accec070465f0
SERVER_TRAFFIC_SECRET_0 677b681b714182fb0b3708c80107867a1f485433605b51ca958d2ac1240c86cb 3956072002b5ec94b368b8f8bf1a320f61f88a82331ac27b75ef1993f1cca4d4306cfba2028cb8cd19b04be0c53e65f6
CLIENT_TRAFFIC_SECRET_0 677b681b714182fb0b3708c80107867a1f485433605b51ca958d2ac1240c86cb 6739bc7ad2a957feffcda308dbcb9e3d41455fcd0227b4e4b86fce2d4fcd148e9a86b22c94141ba18d2ea2faa7af3149
SERVER_HANDSHAKE_TRAFFIC_SECRET 1c4c911f0db943754d6d8e58557877b69b56ad45c61ff468a15c7aef49ee9eda e9e15aff4123a57c8cc7a9b289f7deda21a55e4cd95e66a9ce3eca75df6b2c7e639eee874fd85e5b625097a4fa5d484e
CLIENT_HANDSHAKE_TRAFFIC_SECRET 1c4c911f0db943754d6d8e58557877b69b56ad45c61ff468a15c7aef49ee9eda 3ac1c13f1cbf4be736d3717cb87b867c6662fc505dacad97d2221f1671d3a7614f5443368b021c720547074dd9d980af
SERVER_TRAFFIC_SECRET_0 1c4c911f0db943754d6d8e58557877b69b56ad45c61ff468a15c7aef49ee9eda a4a309eda33a34fc961182bd0b8b9dd1f209377a3277006f51c0c30829bbb79b4015967ebca65235ac449a8e6b638242
CLIENT_TRAFFIC_SECRET_0 1c4c911f0db943754d6d8e58557877b69b56ad45c61ff468a15c7aef49ee9eda 003c7c707c16bf5ad15fd643cc1a7ca1dc60a238ada8d2881bcd30e3e53f61046f8b639fcefd017b2fb835da7b65dffe
SERVER_HANDSHAKE_TRAFFIC_SECRET 18faa4732ca5683a7c594d1dac916f87059b94dae169b3b3b79509f734e55d23 241a4eb1013bb37fcddda346f8052f5046f262e93f1575ee36c2750218ea7f69701f064aef094d159ebaff273e98bc7c
CLIENT_HANDSHAKE_TRAFFIC_SECRET 18faa4732ca5683a7c594d1dac916f87059b94dae169b3b3b79509f734e55d23 8a719084e43e3707b1acd101727764042bbdf45d14a1ecafd8934690a59fc3d0137b9929463e5a1d489cb9b1db2c4088
SERVER_TRAFFIC_SECRET_0 18faa4732ca5683a7c594d1dac916f87059b94dae169b3b3b79509f734e55d23 49603788001c50fabd4018a7bfa07e3cbb51fa85f837aed2c67d32ff76053344652117f02b6c2f65fc823074ff363d0f
CLIENT_TRAFFIC_SECRET_0 18faa4732ca5683a7c594d1dac916f87059b94dae169b3b3b79509f734e55d23 bf1715976e5a10fd3de3bba5429d401dcb594f6abe613a6cd960b1141195f9ea5fd4d488d391f9ecac3debb170cca161
SERVER_HANDSHAKE_TRAFFIC_SECRET 7d0a4bb74a020306c7f9a1d78d6d3ba2382e8e8c054ad8c6c0df738fd7d6c6b2 b23d3495cf13fd57f5fa2d7c9e877e986c3127c77099485e01c38d1b2a13947a2537461399b46a2fe02556e15e8a709d
CLIENT_HANDSHAKE_TRAFFIC_SECRET 7d0a4bb74a020306c7f9a1d78d6d3ba2382e8e8c054ad8c6c0df738fd7d6c6b2 07d78e0937e73e39e7c75910fc09c5fcdc65934b7eb187e12af206dcebcd8e19e51c7666d2cb7979666a83ad956a2b3b
SERVER_TRAFFIC_SECRET_0 7d0a4bb74a020306c7f9a1d78d6d3ba2382e8e8c054ad8c6c0df738fd7d6c6b2 c74eb744ffe928608b01bb4768c2407f63d75eb87fe84bcf8aa9c70c25910def786e89d67536b4bbe9dca28f9365bbcc
CLIENT_TRAFFIC_SECRET_0 7d0a4bb74a020306c7f9a1d78d6d3ba2382e8e8c054ad8c6c0df738fd7d6c6b2 a23af430f8b248db958a5657575bc97db145d75ed4943c6db71d23f08f7506370169efd936169bfaf896ca0b4efe55f0
SERVER_HANDSHAKE_TRAFFIC_SECRET 5cfb669ed9f3c6643d95a94c5c6a14b8e1efb0632bc98a54e7e8c854ebf4fa1a d241061c133f35e1870c0280c3d71b1b386a1fac86435efa86ab3a3031854d37668b83f5ae0dea33e8e5ed5eb90b6666
CLIENT_HANDSHAKE_TRAFFIC_SECRET 5cfb669ed9f3c6643d95a94c5c6a14b8e1efb0632bc98a54e7e8c854ebf4fa1a 269fb055db6bf96c9e099350f9064d6e9b86502bea1e73248e5193da1b16aef23b084d46ad84b9db530954f8323263a9
SERVER_TRAFFIC_SECRET_0 5cfb669ed9f3c6643d95a94c5c6a14b8e1efb0632bc98a54e7e8c854ebf4fa1a c1f782c1295b4bdac0526b866ee739b942e2c5ed57d910df60bb3eb8e41f6ecb7c2b90540e96251f5091075443e4dddb
CLIENT_TRAFFIC_SECRET_0 5cfb669ed9f3c6643d95a94c5c6a14b8e1efb0632bc98a54e7e8c854ebf4fa1a c536b99abdf7d6ee225c53dd56a6366ce95f10e25f14e9a798adec48a6334f291d3586fe245859dcb6c5e378fcba2b24
SERVER_HANDSHAKE_TRAFFIC_SECRET 70d066120bd0d7feed538dceb7ebee664acdea6b2f303798c17fedd2e6db8083 72085ca00339b50c13a6b64a68e170e1f4b6256a2a36c4be252f568e86c38692cf28c6d1bd644e90877eef6b30121f2b
CLIENT_HANDSHAKE_TRAFFIC_SECRET 70d066120bd0d7feed538dceb7ebee664acdea6b2f303798c17fedd2e6db8083 d9ad25660cbc790f53af14972b40aaa295bd495feca3fe80da84620e7f3f5025a23769a4efb9bcabb8284689e48c21a5
SERVER_TRAFFIC_SECRET_0 70d066120bd0d7feed538dceb7ebee664acdea6b2f303798c17fedd2e6db8083 8c181df3ea404fed78fa940f846d16f29e84aa392ed78fed3c230ec7700e1c911a84fdbc5340a79ad4c781ee8b85418f
CLIENT_TRAFFIC_SECRET_0 70d066120bd0d7feed538dceb7ebee664acdea6b2f303798c17fedd2e6db8083 aa8e5089293ee34fb1a24fe1bd6689834efc53d635c45f287681a07ca209134ce5bd020b0bc4c9301c232f89a81e54ca
SERVER_HANDSHAKE_TRAFFIC_SECRET e4e7a631da38b01208ba2d85b6312f2c417d91e97296a4bf32eedeb5258a6175 76d83e7bafecb701fb54a81bff39653ee002f655de283fd64af3299f3733b4917e0b76d5c12087b78d992dbc2f4cfcca
CLIENT_HANDSHAKE_TRAFFIC_SECRET e4e7a631da38b01208ba2d85b6312f2c417d91e97296a4bf32eedeb5258a6175 5972b0e3b0a66c557c98d6b6759a6f6d29f26769916dc084972c0ebad3306af58d98780106de49ea05937581af4f4470
SERVER_TRAFFIC_SECRET_0 e4e7a631da38b01208ba2d85b6312f2c417d91e97296a4bf32eedeb5258a6175 fd4ccaf70bafb151063fed2156b8cecac8b8c504980643c1ad4ccff31ea218eb30bdd98adbeec4b3190f6943bccb22b1
CLIENT_TRAFFIC_SECRET_0 e4e7a631da38b01208ba2d85b6312f2c417d91e97296a4bf32eedeb5258a6175 90b035300329b05ee87c9ec6bfc93d8fdc7da8bd686b67239f4ade4ffcd65e10ca2e076a7a3f469edc3650e307eb61ba
SERVER_HANDSHAKE_TRAFFIC_SECRET 72cfb781524869f44b43cb3f421b3987a8349ef42d1c63fadf656ebce14ab0c0 70fc42b0ac294852c537cb47e4fd07d114ed113f1c4c50c44c595095bb5eeebd9e86e673f1b97da78102f2a192f2b378
CLIENT_HANDSHAKE_TRAFFIC_SECRET 72cfb781524869f44b43cb3f421b3987a8349ef42d1c63fadf656ebce14ab0c0 c252de674d97ad0ee9042b9658ca0df2f26b6176aadf6db2ada76923f930175a41b8e38efb27ab760b69dd05786c7f3c
SERVER_TRAFFIC_SECRET_0 72cfb781524869f44b43cb3f421b3987a8349ef42d1c63fadf656ebce14ab0c0 c4de98a1b71ae8400e295426f72b221d301abdd1b7f9941ed3f09797361214ed7e9a0ecacb0206096fb98fbf1d5dc1c0
CLIENT_TRAFFIC_SECRET_0 72cfb781524869f44b43cb3f421b3987a8349ef42d1c63fadf656ebce14ab0c0 a2687d7f37610eb7e15805d7abe81caf05c21dcc1c85d4b2df4afde43e06f3d06941c727d51098fc556492ef1f947529
SERVER_HANDSHAKE_TRAFFIC_SECRET 74461a4310df16cdbd9a6950e456dbac3b7435756413ac12ae280d7db28daf3b f8ef7fb65d091b2c705cdfbd6d91741c97e0614d731833fcd274b7bd3dd6834f9ecb793acb1c7c058705bec02085d005
CLIENT_HANDSHAKE_TRAFFIC_SECRET 74461a4310df16cdbd9a6950e456dbac3b7435756413ac12ae280d7db28daf3b 8e581d84ebd2d0cc8a8dba658cc1af71b5bbdf618051c6b435acdf00320040aba7b8b7480256327eea7e65f251703d86
SERVER_TRAFFIC_SECRET_0 74461a4310df16cdbd9a6950e456dbac3b7435756413ac12ae280d7db28daf3b 100c42dbeefcb11810b81cf54d708bebc1063fabb17f8205a77a8f25bfb6a95d4bd8ffeaa9cc2651becfb6cabc10b708
CLIENT_TRAFFIC_SECRET_0 74461a4310df16cdbd9a6950e456dbac3b7435756413ac12ae280d7db28daf3b c17374b7f5b8fccf6f62e3cfa5c9c4c5c4ca5452b7fa2dd8015647c876b7964b2414cdce575d9b48343241a415991510
SERVER_HANDSHAKE_TRAFFIC_SECRET 8ecdb46d408f9d064a397a57ad799081a0afa46e2d5afea1fbb69eede56d3e68 f27f9ac1d192cd897d4ba3017ad61b23df4053ad54290adeffcb57a066629b8a3ef0e9caa1a03572bbd1267955ed3788
CLIENT_HANDSHAKE_TRAFFIC_SECRET 8ecdb46d408f9d064a397a57ad799081a0afa46e2d5afea1fbb69eede56d3e68 9ca728e18f80c5b1ff6cfb26359be8b399614634ec55a76ae083df4c06f0cbf92d88d24cc00f9522b387f95412646347
SERVER_TRAFFIC_SECRET_0 8ecdb46d408f9d064a397a57ad799081a0afa46e2d5afea1fbb69eede56d3e68 6bf6e52f589437eda0306c74a6a3e65f2c64bf55d04f406682d3ca8b3f7df0ef0f8520fa4e23f05f9d4554434a5c02c1
CLIENT_TRAFFIC_SECRET_0 8ecdb46d408f9d064a397a57ad799081a0afa46e2d5afea1fbb69eede56d3e68 b13b9de4d93054cd71bc1d1d6aa754631e9c3ca9c8aa1de53816ecb4c536a82cad3a699350dc4fe930b835f042b1f260
SERVER_HANDSHAKE_TRAFFIC_SECRET cd6d76022ae3e3416bc32a781f1e8562dbd5e772ac8f7a787f87c4dc38700f4a 6facb76b37751df5b215c5b0e819ac93251b364c80bf4aea71a39c49770d3704b7457a8b349d3a6d913f29c9ceec71ce
CLIENT_HANDSHAKE_TRAFFIC_SECRET cd6d76022ae3e3416bc32a781f1e8562dbd5e772ac8f7a787f87c4dc38700f4a b72ed740c27f237588f93e22d083b1753316026841040abbdcc1fcad7eed43aa45ed9e14fe9d5541a80b4bce0cbbac91
SERVER_TRAFFIC_SECRET_0 cd6d76022ae3e3416bc32a781f1e8562dbd5e772ac8f7a787f87c4dc38700f4a 0e2942762a0190d77acb14528c128feb04490a13a892f1b93e8677be832b19b3297fb7c336df7a1ee295cc3bb913b0f7
CLIENT_TRAFFIC_SECRET_0 cd6d76022ae3e3416bc32a781f1e8562dbd5e772ac8f7a787f87c4dc38700f4a 697d3e065e2455ea81023b1d1674c3eca55d0d1320f2d887e09a35bf8166520325055dd026d77bb453972a9e6332d6aa
SERVER_HANDSHAKE_TRAFFIC_SECRET f5d0d6f6d5a70cf560a1f089ef5cd7169d43234d98ae48b256f6021c1a32f225 e05fe177d4fe938ae3af2ac23b7000becf52b6114ae773ecad1e5303b77551e3210c519eeb5df9b1be4b9334a1914042
CLIENT_HANDSHAKE_TRAFFIC_SECRET f5d0d6f6d5a70cf560a1f089ef5cd7169d43234d98ae48b256f6021c1a32f225 5993a1d3bf5ae91584291670a2f58921a1b2a3f8bf84de39e18134f19cbb0a68a871e1e1f1221c29bf4bca2aaffcc65a
SERVER_TRAFFIC_SECRET_0 f5d0d6f6d5a70cf560a1f089ef5cd7169d43234d98ae48b256f6021c1a32f225 37eaf7bc6129b22079d50d9e98a4786f0f08bd0f838fa1b79c8c370dbd44a0cc81aaef3c02cb5e64f4231102084895cc
CLIENT_TRAFFIC_SECRET_0 f5d0d6f6d5a70cf560a1f089ef5cd7169d43234d98ae48b256f6021c1a32f225 4203626b45e0b0d635b7bf5729a23d32a43ff0bd94923afb9dd019dd8589b7ec6ede1a1561fd64dc9dfe5e8e0955cf11
SERVER_HANDSHAKE_TRAFFIC_SECRET 748e58c851279d19b3e182387ed4d5db12bf1c6aa1a9f35ac935101e48a59839 551aa31c1f28792042fd244bcc06bf0327844e57a94f539c108ecbe1f38025e73fba1a583899e1081b8435c898f84b02
CLIENT_HANDSHAKE_TRAFFIC_SECRET 748e58c851279d19b3e182387ed4d5db12bf1c6aa1a9f35ac935101e48a59839 7a9f1227753321299c51366998ef5f7febb264555db0a3f6f27bd1958ecc72055336b1908d563ca0f73833fcd1779900
SERVER_TRAFFIC_SECRET_0 748e58c851279d19b3e182387ed4d5db12bf1c6aa1a9f35ac935101e48a59839 46749482fe973f1558a7c5fe7fd7e1566c070fc681de247f750f8458e6538b6f34c15154913951c093ffe330b0862dfb
CLIENT_TRAFFIC_SECRET_0 748e58c851279d19b3e182387ed4d5db12bf1c6aa1a9f35ac935101e48a59839 ef769b1ee38589e4f5f3a0e095f0f88d91be25a17cdf5d1cc5e2d0f8951f0513989b934a3a35221145a663070dd20e6a
SERVER_HANDSHAKE_TRAFFIC_SECRET 006b26aed510c0ca3717b275732985c428d50a03a3e2b37021a749d8065b91fe b5551b13fe1399941c61d6d1621a57f888758cb943f143b02eaf421250e4a7bc28c77e23e467e615e15010e3a48bc095
CLIENT_HANDSHAKE_TRAFFIC_SECRET 006b26aed510c0ca3717b275732985c428d50a03a3e2b37021a749d8065b91fe d1b2e8c5beca1241afa9755f2a63966435d0354de711be5b71582293fbed5f237414bb94d8a9606396d156a8122cb803
SERVER_TRAFFIC_SECRET_0 006b26aed510c0ca3717b275732985c428d50a03a3e2b37021a749d8065b91fe e7d925e88b877e3eadb8a33d9e7967fb609416477f563d3b934539b45d32faad2a21b72f5917c95faff35a46e066e488
CLIENT_TRAFFIC_SECRET_0 006b26aed510c0ca3717b275732985c428d50a03a3e2b37021a749d8065b91fe 142de6229f14e816b77ffd23c36f57dbf830c8c28c9f7ec19680da1c1a6e1e3753cf2181768e719563e11917822a4175
SERVER_HANDSHAKE_TRAFFIC_SECRET 0beef272587d07b87b39ac0bfcf0fbb622b32c8ff26019d7b3fe211268619db6 48bce7f65fe24286143573320ddfcbb5edb877aa5cd8bf2b54b613a5e2938bcb42bddd88464893fd28844233735e11e0
CLIENT_HANDSHAKE_TRAFFIC_SECRET 0beef272587d07b87b39ac0bfcf0fbb622b32c8ff26019d7b3fe211268619db6 a760de90e023303c491045ede6b9410b6608e87f2dea8afb074a50ff701f2092ad4a4599a3e043b78919ad84b564299b
SERVER_TRAFFIC_SECRET_0 0beef272587d07b87b39ac0bfcf0fbb622b32c8ff26019d7b3fe211268619db6 85a2087ab61453ab73522e84064b3b36ecda582fe8a2269d950de468a4a6cf2eff78a7f5f71c1e52a882ae0fd6245614
CLIENT_TRAFFIC_SECRET_0 0beef272587d07b87b39ac0bfcf0fbb622b32c8ff26019d7b3fe211268619db6 02b2d0af66c67fe450e293372e981738322c0d60110aecf9a8bacc5c90464b4f2bc5822ea867ca55a3c23c624fb49e99
SERVER_HANDSHAKE_TRAFFIC_SECRET 0858558d7bd2970475725e5440a164da5c86a805578a4ed84976a379b04274b4 80f41a658e0d12cbe5a2ea7ca77d5cd8ac8477cd1cb0f3734226619fc0b8c40ae221d874aff705aec2d93e6e5ad58da8
CLIENT_HANDSHAKE_TRAFFIC_SECRET 0858558d7bd2970475725e5440a164da5c86a805578a4ed84976a379b04274b4 88183bba19d0a3e8c4e2f92f88cbb9d3f2289ec489f66e761e5913d4cc12ffa600a10eaddbf49613f3feecc2603f3432
SERVER_TRAFFIC_SECRET_0 0858558d7bd2970475725e5440a164da5c86a805578a4ed84976a379b04274b4 2acbee8ae5ebd76a768672027e5c5f386de46674f75b09b946880178c98ee54e57715b0e9af7dedde6780e9694685cbd
CLIENT_TRAFFIC_SECRET_0 0858558d7bd2970475725e5440a164da5c86a805578a4ed84976a379b04274b4 5586eb0b315a4a6eec33f6280e40c454c223feff675cde5abed015ea3cacedb53ac4c6862a7b71ba38fd566849ec7762
SERVER_HANDSHAKE_TRAFFIC_SECRET 34517942dfbdc18ae5d6d55bcc070f16a36ea10dd5b41c46db673d304aa9c4d5 baefc872565dc1609238f08063026902b94a9091f000d66f95a04958260f4dc006809f8d4b3687a559a0a75936fe0ad8
CLIENT_HANDSHAKE_TRAFFIC_SECRET 34517942dfbdc18ae5d6d55bcc070f16a36ea10dd5b41c46db673d304aa9c4d5 4a03a1bf061825f5bc4bf279b86ce3411e1da6855076d5c114ad82d06c8ffca61cbd23ce9015b367291806de669dcaff
SERVER_TRAFFIC_SECRET_0 34517942dfbdc18ae5d6d55bcc070f16a36ea10dd5b41c46db673d304aa9c4d5 44adf9f8a5d73005c191e307e01d64bc21d3cbbfb4f63237b8f5a5236422e2e01aac505b016baaacc46fdff631370254
CLIENT_TRAFFIC_SECRET_0 34517942dfbdc18ae5d6d55bcc070f16a36ea10dd5b41c46db673d304aa9c4d5 8056dcd564bdb20da58ba2d4deb72de409da30814b6db4e6e8310edba330d80ea092bd348772561b84544c412ddd8602
SERVER_HANDSHAKE_TRAFFIC_SECRET 74f495bee1b5b7959d0e55c2ee1566506fe2b7943f01b4a88c596105e26d6850 9d1b300ede971d6c00eccfba87f94f9bf00906fc2240a0e768d76cb4d67d8348e9060bc4f8d9beb368b6af25aef02a37
CLIENT_HANDSHAKE_TRAFFIC_SECRET 74f495bee1b5b7959d0e55c2ee1566506fe2b7943f01b4a88c596105e26d6850 0cedf810c29e65aa993ee4e4810c696bbe84fa4386cae66c12ec7462c469f87e3f28be2b86f45ca4ac64266a35d9714f
SERVER_TRAFFIC_SECRET_0 74f495bee1b5b7959d0e55c2ee1566506fe2b7943f01b4a88c596105e26d6850 d79ddd6be30204c1f5a823cba9c82a33eba38ebfc1dc051aed312b1677aa439de3b13bd01d28700a277e6e3a952f1324
CLIENT_TRAFFIC_SECRET_0 74f495bee1b5b7959d0e55c2ee1566506fe2b7943f01b4a88c596105e26d6850 c3c3355949cbe412972ff548396fa2698b126684269655e92f51f48d602c6909ede8697170449636aec3488464d2e3f3
SERVER_HANDSHAKE_TRAFFIC_SECRET 9df5d657f5ffb0340e83f5d0b63e8da62278384c15e487080c4f59b5a096d324 4b0ab3ef19e97d2244633c87f19d9f91c2e877665eb97c9be80f7dbd9cec9058d4c3ced54eff3da143910468043d909f
CLIENT_HANDSHAKE_TRAFFIC_SECRET 9df5d657f5ffb0340e83f5d0b63e8da62278384c15e487080c4f59b5a096d324 10d4a4ae4f99d54f5a387186ccbdfb913f9901b4cd5341f17be61a8d909ae1b5260040ae3def30ea75c3f24ad2ca0048
SERVER_TRAFFIC_SECRET_0 9df5d657f5ffb0340e83f5d0b63e8da62278384c15e487080c4f59b5a096d324 0c1d82543e70d17616390da2ec80b70efdf3888faa404d49fea317d705e0b88de514e9c6ebaefc8e3f91ec9d38365c72
CLIENT_TRAFFIC_SECRET_0 9df5d657f5ffb0340e83f5d0b63e8da62278384c15e487080c4f59b5a096d324 c52707441261773fd794bdb4ca1ee26c210ab5c44ed11542cdb2a51afb278c7af66c495b123390e3e974951ef040823c
SERVER_HANDSHAKE_TRAFFIC_SECRET 007f4c0ee39474a21f689e9851610cf02fa52552309b3306ea93861f88a3c69a 762ecd1eed065ba40bffd4f09451d8a20f185f8a5be1da7dcf62f49f000d1ae1f0ff0edaf388860b607083a714f06a1d
CLIENT_HANDSHAKE_TRAFFIC_SECRET 007f4c0ee39474a21f689e9851610cf02fa52552309b3306ea93861f88a3c69a 77bd3a231b4d87be4f1c3f4ed87355819d0fd608df32a1df96ae775cfb899745ff245d388e5c602c40ad1f51d40f73a9
SERVER_TRAFFIC_SECRET_0 007f4c0ee39474a21f689e9851610cf02fa52552309b3306ea93861f88a3c69a 6a70c00dd5058f6ee8fe56c7ee82cde4818fa35e6faaf226b76d76c3a7076a4fb9329f24c9aad1ec936da385fb5782c4
CLIENT_TRAFFIC_SECRET_0 007f4c0ee39474a21f689e9851610cf02fa52552309b3306ea93861f88a3c69a 5905270d022b3c525315249dcaa0ddd35f7283ec691d51fc3cbaae68f45d0a1edcf6d66d04a87fce3befe636d0c62f7e
SERVER_HANDSHAKE_TRAFFIC_SECRET 65a243f63711a9174a8252c0638ff54f32a492e0a813b2a373d87fc64f5e4744 c375656ef970ef9b98bc28ba7df7203af81da012a09adfa45f72483b89eb4197bd73a6c0e996faf0805c1a7513aa5187
CLIENT_HANDSHAKE_TRAFFIC_SECRET 65a243f63711a9174a8252c0638ff54f32a492e0a813b2a373d87fc64f5e4744 ba89fa5b208dc686ca2c0bb468adbba037dbe0548b67d1bdb14d787d6ab32dbef9e720d9984284f507df5abb30b40ec5
SERVER_TRAFFIC_SECRET_0 65a243f63711a9174a8252c0638ff54f32a492e0a813b2a373d87fc64f5e4744 ba03e186b24ac9ad3577ed81710b0ee32cd0ccfc3138a1efe60e61c293e7433935a26d07013a6837120174d72624f65f
CLIENT_TRAFFIC_SECRET_0 65a243f63711a9174a8252c0638ff54f32a492e0a813b2a373d87fc64f5e4744 a855465e271a4d1dfb6958df110ae8c9fc42aa9b895a2c97526b3370be02dd65170de9f392e72bca68f663609701022f
SERVER_HANDSHAKE_TRAFFIC_SECRET 263291fe0af78f66c0124d538ba09ca191df95f1dfbe37e405a42abdf999d043 ec7489f65d3dfc7165a941cf6603ab45e54b28c2457e7a67a596835d471c76c41bd169caf34a089641455fa45550fb01
CLIENT_HANDSHAKE_TRAFFIC_SECRET 263291fe0af78f66c0124d538ba09ca191df95f1dfbe37e405a42abdf999d043 d1d3a2ab5d9b9e55961d18539972700f8785adc5092ff4d378c417c77f9c5d4838a9697db81db6ab7135cb03a2d0955e
SERVER_TRAFFIC_SECRET_0 263291fe0af78f66c0124d538ba09ca191df95f1dfbe37e405a42abdf999d043 bd5c7785dcbe0e30d5e9971d4e48d68f0b6c849c57e809da90edc95476fa1e69823d9ef5d31ba7accdb71b42d22a07ad
CLIENT_TRAFFIC_SECRET_0 263291fe0af78f66c0124d538ba09ca191df95f1dfbe37e405a42abdf999d043 15e6dd297901ab178b1255cde41a396b43f0445307dd8894232814cb58c7597df29809d7931a7043458ffe7f3ae99fd8
SERVER_HANDSHAKE_TRAFFIC_SECRET d0eade8d3b84fec4d56ab38de18f9851ddb1ff48d0f438e30a9d531134b442e2 953625ae44824e902dd351276664f3ce4347a3e405ef8b2642272a6a9e066c66a16e01e18885dcc737b6e9a650fbe60a
CLIENT_HANDSHAKE_TRAFFIC_SECRET d0eade8d3b84fec4d56ab38de18f9851ddb1ff48d0f438e30a9d531134b442e2 dba3b575ac2d98c7c33dfca2308d647a1d331894c7a78d3ffd85ccb86380b92baa021c19e2e03da169c42ae865d14b37
SERVER_TRAFFIC_SECRET_0 d0eade8d3b84fec4d56ab38de18f9851ddb1ff48d0f438e30a9d531134b442e2 852ea096a879525bfcc7089ddb573dc63caef2abe92e3a6abc4408cfcd5c4788173f69680c89d01b81033299fc63839d
CLIENT_TRAFFIC_SECRET_0 d0eade8d3b84fec4d56ab38de18f9851ddb1ff48d0f438e30a9d531134b442e2 81c590311d9a2cbc6e54368df8ff982dae17d9cbdcb92433ce86b24a5a4226e750ae71ab36ff07f1e7a1154bd66c9adf
SERVER_HANDSHAKE_TRAFFIC_SECRET 840c2a79cf3d0d6cd430e0ff7f19e5b9eacd32da3103229e7ae0dac7f0ae74fe 50fdfd1599b21925d45167f532c114a121891dcc2cb3d3cd6b0bd03db158163a29113d294aa7435d39b1f4ddf29f5cea
CLIENT_HANDSHAKE_TRAFFIC_SECRET 840c2a79cf3d0d6cd430e0ff7f19e5b9eacd32da3103229e7ae0dac7f0ae74fe 57ec4cb81982627ef033f4f46221fe06936cbb2ee64432c3986efd3839ffede9f549d7993c361dd5c85dd216e3137ac3
SERVER_TRAFFIC_SECRET_0 840c2a79cf3d0d6cd430e0ff7f19e5b9eacd32da3103229e7ae0dac7f0ae74fe 7032d8b6c6ce270ce491127e197ed0ab5a3753b7b0c5f4ea54d42441a90476b99caf4818e2cc218768eb36ba9b315091
CLIENT_TRAFFIC_SECRET_0 840c2a79cf3d0d6cd430e0ff7f19e5b9eacd32da3103229e7ae0dac7f0ae74fe 87bf7a8b3a581566697c59ae1eb330d10b58c06d47146aef4d29798777b05c2fb9496e5e9d03d8a129821f45d5e08db7
SERVER_HANDSHAKE_TRAFFIC_SECRET 8e383d25452067b4fab669c394bb6a3c32846b6077c564c2dc3c7d8f95a94356 b2f5877426565330aeb1e4190457c052c3421aef1b90532812c921b46801ecbbca410107bbcf3e3f29bfc7294504d5bc
CLIENT_HANDSHAKE_TRAFFIC_SECRET 8e383d25452067b4fab669c394bb6a3c32846b6077c564c2dc3c7d8f95a94356 bbac5c4c3a40c518f0ae59de9f060f2afde38dde9938937b430aac11c79f3a01ea6f645a8a8452a8b199a0405997cf90
SERVER_TRAFFIC_SECRET_0 8e383d25452067b4fab669c394bb6a3c32846b6077c564c2dc3c7d8f95a94356 62f8ac54f6a5e33f48904fc2655c042a378f346416c942336a67a529437a2e8c306b498292cfad4fc468a18b2ee2ed21
CLIENT_TRAFFIC_SECRET_0 8e383d25452067b4fab669c394bb6a3c32846b6077c564c2dc3c7d8f95a94356 360779854fb77584ae9d887037195a4cf9d6bffb988866400283e6e9caaab3ef1c14421b58afb44892e516766618e10f
SERVER_HANDSHAKE_TRAFFIC_SECRET dbd382397ebd4514c128adcf77eaaad327e2d5752c7bf1cb9cfc32adb5f99bdb d10f2b06eb32d49d247b2ecb023050e82df2d343ed00e3a383700b806dea87430f89007431117fb6b806936e509c87ae
CLIENT_HANDSHAKE_TRAFFIC_SECRET dbd382397ebd4514c128adcf77eaaad327e2d5752c7bf1cb9cfc32adb5f99bdb 18fb7f8c97adb5ab3eb02c130246ae3bb71c5af1a0d8ac3aa093dd9dff16f81e3c1689d856aa55514b7b2b978e9c78ae
SERVER_TRAFFIC_SECRET_0 dbd382397ebd4514c128adcf77eaaad327e2d5752c7bf1cb9cfc32adb5f99bdb 10d5ee14a2a079393f2b50cf8ce13c3f8da718adcb1e57b4893bda63c6ea8e3174746c1958deaa5a5ebba16e5b8273a2
CLIENT_TRAFFIC_SECRET_0 dbd382397ebd4514c128adcf77eaaad327e2d5752c7bf1cb9cfc32adb5f99bdb 506d1c95c6ec5b3bae427111d1e45e185c89a16933940db6d00ce3a627c7e31057bfafeb6e2298435f81dc8ebf96d3a7
SERVER_HANDSHAKE_TRAFFIC_SECRET 371af2298a11cd7e2c5e010c285981a6ea10f33d375290cc16d3e06e89d1ae1e 5209afaf8b357e7e51adc830a81e415e35940bbab9d14ca453769fc04d8f87a8e35f58c3f9d47db47ca1ddff10dc94fc
CLIENT_HANDSHAKE_TRAFFIC_SECRET 371af2298a11cd7e2c5e010c285981a6ea10f33d375290cc16d3e06e89d1ae1e 2114e9bdb1a47a1f46f2612605b5f8a067fd1be199b1134648701e48945b24bbe6b6286b12bc1b680871368f7273dca4
SERVER_TRAFFIC_SECRET_0 371af2298a11cd7e2c5e010c285981a6ea10f33d375290cc16d3e06e89d1ae1e 7322db84b60140c9ac0f2c0d3f50bbd0ec3fa9f63ef49086bfb904b62328a695da8f183ee1c2bb9cc6cef6c848ded6d5
CLIENT_TRAFFIC_SECRET_0 371af2298a11cd7e2c5e010c285981a6ea10f33d375290cc16d3e06e89d1ae1e 27438cc50278295981f73849f850c99cb15d49c322e40a3b8e5d32f18aa33d57d3d266ddd982d9814ef29f7ac2ff0802
SERVER_HANDSHAKE_TRAFFIC_SECRET 576a183a5ef15c1eee2682375d19fe66fae713e61b72451b5f7d7abc7805ee99 a79466e53867704478950ba587a4aafe0cc6774b33e003147db79850cb0fbbc28c0667dd90b58c6e2da3bc31282db38b
CLIENT_HANDSHAKE_TRAFFIC_SECRET 576a183a5ef15c1eee2682375d19fe66fae713e61b72451b5f7d7abc7805ee99 a90c08bf833de028b72f25121594e474d8882c0379383e2000dea740db3858132e14b6c2db887ce11ac31c301ec0bcea
SERVER_TRAFFIC_SECRET_0 576a183a5ef15c1eee2682375d19fe66fae713e61b72451b5f7d7abc7805ee99 5b11a6d4cbdb1169826bc08b38c43e5e00c9abac5f1415baed07517218b4661770ec0787032c41d21b7ffab7bf5c1178
CLIENT_TRAFFIC_SECRET_0 576a183a5ef15c1eee2682375d19fe66fae713e61b72451b5f7d7abc7805ee99 7d759d82f2fa9d624982fd1fc5b93055320729666e0069f1d3f46180788e5fcd773136e2fb4e96d9a9511e61c38b36ef
SERVER_HANDSHAKE_TRAFFIC_SECRET 86f724acf670ab21f50f6d6ee9bea7eade96c1ab0a87f5e1d8a4654b8e33b24e ec3afd560124eed363cb56b5921d758f51849e675e10358947f5e9729499410970ed69c73dcd545188014b93af0da0a0
CLIENT_HANDSHAKE_TRAFFIC_SECRET 86f724acf670ab21f50f6d6ee9bea7eade96c1ab0a87f5e1d8a4654b8e33b24e 606dc9982049f6d9b370faa5b263c59d3505a1c8b1a6a56ed7ab57b147a6459bfdd2c405c6d825d034b46bbbc7c55f7f
SERVER_TRAFFIC_SECRET_0 86f724acf670ab21f50f6d6ee9bea7eade96c1ab0a87f5e1d8a4654b8e33b24e 90d361af65c9158c15d3fca01e494e61f5ac46ef5d1ac6970bea25110bbaf411d92db3ba8e9e583d6ac9d51c013621d9
CLIENT_TRAFFIC_SECRET_0 86f724acf670ab21f50f6d6ee9bea7eade96c1ab0a87f5e1d8a4654b8e33b24e 6d8bdbd6234a4535f187fa09ca50745699f1ff0a3191e6b984fdac27833e7828ecf369a1ebfd501c3e1e14007c78576b
SERVER_HANDSHAKE_TRAFFIC_SECRET 1de7cfb87b399eaf91f3144c38264c86dff786d2402fb2d528a8a1a53c1b80fb f952e49bba81d9477afbea8868560c179a91fa8deea01d5744397781e0632826f6977e84ba9edff00b4e77bf22e961d6
CLIENT_HANDSHAKE_TRAFFIC_SECRET 1de7cfb87b399eaf91f3144c38264c86dff786d2402fb2d528a8a1a53c1b80fb 57fb0a70c1429cb2038da88175ecdd021beabfb1c77d8aef322f2165572d0de338704eac588ac031a6f0c5620b3abebe
SERVER_TRAFFIC_SECRET_0 1de7cfb87b399eaf91f3144c38264c86dff786d2402fb2d528a8a1a53c1b80fb f7621de1f1c94c781155a6771e710ae8583535a535f68d1024442c5a1da3aaaa51ee290ce0c6c9dd31ab10c895551d49
CLIENT_TRAFFIC_SECRET_0 1de7cfb87b399eaf91f3144c38264c86dff786d2402fb2d528a8a1a53c1b80fb 42f31c68b3af9a453ee068ecffcb99e34f7996d31780606f386b35689ee87e5806416ac06f046cb997bbff54b8f4ae87
SERVER_HANDSHAKE_TRAFFIC_SECRET 2e3240727dad886a65f1e6e5f07e52f25d5f60fb202f0db855da4354587968b2 1eaa91d49306b68c180f897ff7417493a06a899229cbbbf944db3e551558cadd2f4465003b21415e6dabbc27f5db3d61
CLIENT_HANDSHAKE_TRAFFIC_SECRET 2e3240727dad886a65f1e6e5f07e52f25d5f60fb202f0db855da4354587968b2 eedaa749351a1de362e68c8900e83f91ae10dfee86b03378f6637936c9e75fef2cbee51111ffe4d9feb66893ef46e4a3
SERVER_TRAFFIC_SECRET_0 2e3240727dad886a65f1e6e5f07e52f25d5f60fb202f0db855da4354587968b2 a4041da86e0ce35af55c122ac33d12fd2fe57d161232b338bcd07cd6e304d342fa54da64f7c843d4c4ab9cff0a88f9ae
CLIENT_TRAFFIC_SECRET_0 2e3240727dad886a65f1e6e5f07e52f25d5f60fb202f0db855da4354587968b2 927172ea952b81d2a68593348d44dd4fc3247e5e1ef3b3d75a941e8abcc1508c3493b8d402eb62f53e3c90901efad412
SERVER_HANDSHAKE_TRAFFIC_SECRET de3805b50da9a56a255c3f6328221f5d84cbad5855417704f5b51de46fe79e45 0ddabaeccad61bca3375399affaf675c25cc97b85b9c953e544b800af05b161f630358b5e1f4b4047422083980c0c7c7
CLIENT_HANDSHAKE_TRAFFIC_SECRET de3805b50da9a56a255c3f6328221f5d84cbad5855417704f5b51de46fe79e45 9c32fe22b440305048d42bc5ef4aafb465f67b47ffce1faf7099b9e66066e8669f52af66631582ccc868502b10ae878d
SERVER_TRAFFIC_SECRET_0 de3805b50da9a56a255c3f6328221f5d84cbad5855417704f5b51de46fe79e45 0429b6ec73a58da2f5d867af78593ba1a3922c0f4c19f202a9961ba3c6dfc2aa1be98cef42a3d4cc4ea6e1fd65700827
CLIENT_TRAFFIC_SECRET_0 de3805b50da9a56a255c3f6328221f5d84cbad5855417704f5b51de46fe79e45 45ae64667b38996979039400eabbf47a90337d946dd5fcc74b78cb7f585e7f470fd267d910fb01ca60dae67d6e17c87f
SERVER_HANDSHAKE_TRAFFIC_SECRET a310081179f0e361e6e29f837e7e96ffed2eecb9660d54126da5d8c53327d27f 1b9207776f0bc99810c80963f3558a343cc773c0d46ae74d0a8e557e2d0695dec6c8077de77b8e363ad2f3d42272dbb3
CLIENT_HANDSHAKE_TRAFFIC_SECRET a310081179f0e361e6e29f837e7e96ffed2eecb9660d54126da5d8c53327d27f 45ebfbe91d1211f7b0b6bdc9d0c492ca02ac9ddd7940e412177f189731b60f2a8c0464cb40922de8ba24b2f7b7a46df8
SERVER_TRAFFIC_SECRET_0 a310081179f0e361e6e29f837e7e96ffed2eecb9660d54126da5d8c53327d27f 2c33433c23625d4d172577ff4f7ffef420be84cd289a94cbabf64fba76c2a45a2f4d026c85238ee3042ed10f14301af7
CLIENT_TRAFFIC_SECRET_0 a310081179f0e361e6e29f837e7e96ffed2eecb9660d54126da5d8c53327d27f d3fbc18e5f5700e374e1816c8b3f15249859897216f5f8f27932896df6c4972faa9a2bc0c85d733e683fb927f9930675
SERVER_HANDSHAKE_TRAFFIC_SECRET 3f3bd863b015a9108e422c3d96fdddcd0714258a41491ca50af4b42d1fef183d 4ca44a92596e1f4bdc040e5d37c3d97fe3fc630388a4035acb3f29bc09f443efe06aeeb3446c3363d6df54af94d274c7
CLIENT_HANDSHAKE_TRAFFIC_SECRET 3f3bd863b015a9108e422c3d96fdddcd0714258a41491ca50af4b42d1fef183d c2a4c9328e8281de42fed54f4de95775773e78cdca66da4f4443b0795b363fca1e71e34ead936d184f8468ea599a254e
SERVER_TRAFFIC_SECRET_0 3f3bd863b015a9108e422c3d96fdddcd0714258a41491ca50af4b42d1fef183d e7e7c0dc893d9d00bf1d7a62d3787b8d2bf4b58158ced8571bf2bfda064bbac98de7807488a4b96cbb6adbc86e19e956
CLIENT_TRAFFIC_SECRET_0 3f3bd863b015a9108e422c3d96fdddcd0714258a41491ca50af4b42d1fef183d eb6699fcfb89080d5ea76be104154eb5fa1e7b1d0702da4029066e36745d81ea93d46cef3e35eddb9711bd8225e7b07b
SERVER_HANDSHAKE_TRAFFIC_SECRET 234624ad130b6860230549cddec83963e69677cd7f2daf5d102e48211c746e7f e933d018e7e03093a4f84dba7196c7c9da0816e59bd5bf2f3a086303cd3b17f8cd2f64fd49afbb3169c11e76cee998be
CLIENT_HANDSHAKE_TRAFFIC_SECRET 234624ad130b6860230549cddec83963e69677cd7f2daf5d102e48211c746e7f 1b164a5f83fbc778fa40b196054ea082b4bc97c8f02168e3234ecb47618061eccc9327e6e035e580ef067496aa6a8bd2
SERVER_TRAFFIC_SECRET_0 234624ad130b6860230549cddec83963e69677cd7f2daf5d102e48211c746e7f 53993b84b2bec55c783f7e6af744c4743faea5c81a3379ca37b735439c2531b2b767855840c7af7b02943d81ee13c3d5
CLIENT_TRAFFIC_SECRET_0 234624ad130b6860230549cddec83963e69677cd7f2daf5d102e48211c746e7f 269c43af1f9aff5f6958b734418b4bf536ddd9ac29f30ad763ec267365cf2ce5d9b269f363ae48c28cad3503e22605b8
SERVER_HANDSHAKE_TRAFFIC_SECRET 0b85022a03e05c57f697e386e370a8c8bebac63dc65cf831bf1780e517c09497 c6d649c20a9e9c745ffc1b2e619e2cbd828dff23cece51192dd64016c2ea8a616b59f55449161d94d5f121bd9b49feac
CLIENT_HANDSHAKE_TRAFFIC_SECRET 0b85022a03e05c57f697e386e370a8c8bebac63dc65cf831bf1780e517c09497 6e824efd03a318f289e77da85f46aa36fe6fc5e35814745bc289e26f58d0429904721fc97256fcd8430d2cf67de7da47
SERVER_TRAFFIC_SECRET_0 0b85022a03e05c57f697e386e370a8c8bebac63dc65cf831bf1780e517c09497 058f7315402e5a235cf866e30a25e8cd2891f870525aa053ceab81ea93724b0d80af8e6c3456148fe05f350dd6b065f6
CLIENT_TRAFFIC_SECRET_0 0b85022a03e05c57f697e386e370a8c8bebac63dc65cf831bf1780e517c09497 9bfdf735b234be46eb8902d76817e211585efbfeed8ed05ffc4f7b0efade53e744205c46ea2579cc67ae761418249c4d
SERVER_HANDSHAKE_TRAFFIC_SECRET 57431cbe414491c7f30326c1647acfd8a636f5f8c8b170ba4a36b42eca0e071d 26a91b79317713f2ce2924a487530f050a5a67f902a778b19381f2fa52a673a764fdbdd1a8e89cd7a277b56874143888
CLIENT_HANDSHAKE_TRAFFIC_SECRET 57431cbe414491c7f30326c1647acfd8a636f5f8c8b170ba4a36b42eca0e071d b83beea35856b475f2b967f78e7eabda962d3b4b571f259b73b905cd1f53a67fdacfb4c8892f492a9415f9f684d1277e
SERVER_TRAFFIC_SECRET_0 57431cbe414491c7f30326c1647acfd8a636f5f8c8b170ba4a36b42eca0e071d bb1ad9f0225e7cebb7eadd4ae5af8f73d56d250ffa80f2e0833bec6460664cc8ed920698f8a25bee74d5c78ace423042
CLIENT_TRAFFIC_SECRET_0 57431cbe414491c7f30326c1647acfd8a636f5f8c8b170ba4a36b42eca0e071d 646afddbe30e7343099713b06b3aa229f4bbe4c37c6e1b379ff289dd76021c3575d9b7045db722c725db61c6210ef3d7
SERVER_HANDSHAKE_TRAFFIC_SECRET 81c546c18392e9335af14e6d0b77f21375768931fb63987b92c2e2c199fe2862 acab5a3ae98ee590d9c60d86a0cbc3b1187ed460059e5267960f4cf715d1ecf0a3a80356d98f0af63e9181901adcf9ae
CLIENT_HANDSHAKE_TRAFFIC_SECRET 81c546c18392e9335af14e6d0b77f21375768931fb63987b92c2e2c199fe2862 66982bed1b844ba3d9ad275a30d99abda9f450f47d0d05b344da0acf376269bc678d54e441a05524fed8fbc54a62ce54
SERVER_TRAFFIC_SECRET_0 81c546c18392e9335af14e6d0b77f21375768931fb63987b92c2e2c199fe2862 3c57e0baf3989675f977f1c8f09a57c46f3c4985d3a6c525f85fcbf5e72aab78b5b192521867c1478f6dd2fb89d4c504
CLIENT_TRAFFIC_SECRET_0 81c546c18392e9335af14e6d0b77f21375768931fb63987b92c2e2c199fe2862 afa05b239b702a327b77d0047f3d27ac89996ed7087819323f6b2937a05cc1ee4e27dc75a45a8599f031245edb15f52f
SERVER_HANDSHAKE_TRAFFIC_SECRET 84e33443db5fec9bd9ed692e3f5d0c6fa134fa98fc1151af84e4ccf46ecfa060 57903d215827c84dcc043571ec755a2121a057582e2718b891bc0a8dc1b19ae6f8d80ece2db3fc1634ea8e1e9ee34ede
CLIENT_HANDSHAKE_TRAFFIC_SECRET 84e33443db5fec9bd9ed692e3f5d0c6fa134fa98fc1151af84e4ccf46ecfa060 4c328b7a9bb35da8f422d7aeb7da1adb031182dd9153d7ef729afe24c95787d20fb50505572c7e3728c5c738f7193d89
SERVER_TRAFFIC_SECRET_0 84e33443db5fec9bd9ed692e3f5d0c6fa134fa98fc1151af84e4ccf46ecfa060 7b8b21723d554524b9644507fcc3a72a080e5d696c7d9635beb96922cb7b134a2bd779d7954a2474ac6b9c356e8dab8f
CLIENT_TRAFFIC_SECRET_0 84e33443db5fec9bd9ed692e3f5d0c6fa134fa98fc1151af84e4ccf46ecfa060 4fdeb79939389c9ac4e457291c138d6746dfbf97bd597ae46284ef3553ca4c5b3354acecbd3c026a07c9e84fcc2de7c0
SERVER_HANDSHAKE_TRAFFIC_SECRET dad545d711272d0a5d312e692881b2705ffb742a445a99fed40a472193680161 42771713f13d581469dc82cf4e86ed5874058adf58757179ac5bf9ab81eefa84c895604f628c786ba4b734ee3112e3ab
CLIENT_HANDSHAKE_TRAFFIC_SECRET dad545d711272d0a5d312e692881b2705ffb742a445a99fed40a472193680161 310a1a8e507a20c7c809b5481d881fda2815777b8b8c29bb39d3b74a836e4af07222113a6f77b2a65cf6303f553df33a
SERVER_TRAFFIC_SECRET_0 dad545d711272d0a5d312e692881b2705ffb742a445a99fed40a472193680161 3a4188e47dd0acc1c3e302afe6e378d9b772da9c645d62e350de1062f840eccb0dab9feec06c8593d605b8d79d2ccc2a
CLIENT_TRAFFIC_SECRET_0 dad545d711272d0a5d312e692881b2705ffb742a445a99fed40a472193680161 bd465dd842332abe44c54950684ff799936c2620d956cd2c01d2939e11814553506a13cad268b4e86a7140dc467b67c5
SERVER_HANDSHAKE_TRAFFIC_SECRET 837a8fb7f0c8dbf213251c28ba7abf05e3feeb562dfba0c5a6e446c23ae8c9d1 b47e48a2b32c9550ed7fe6be359e9746a555015e14646cc147434e35b8cea193ae18f7d4e554c51016217b28033ce8d0
CLIENT_HANDSHAKE_TRAFFIC_SECRET 837a8fb7f0c8dbf213251c28ba7abf05e3feeb562dfba0c5a6e446c23ae8c9d1 88b1d8620a179a89feef34f40e6703af24bd8d89eee3d317faa21338e9dbdc146936cb4bfd788be37e9a727c1de2043d
SERVER_TRAFFIC_SECRET_0 837a8fb7f0c8dbf213251c28ba7abf05e3feeb562dfba0c5a6e446c23ae8c9d1 326dd3c4abe380202eb636fe1cb65b35face66ea4646d1e9301779d1c6941842b05c56bf09287b4180de69b9c9b5ee0e
CLIENT_TRAFFIC_SECRET_0 837a8fb7f0c8dbf213251c28ba7abf05e3feeb562dfba0c5a6e446c23ae8c9d1 041fd5b2dd19a9b1f40bc6ec49ee342d32c48895dcb9895c6991261a2c7760f9d097f98781b7f67c353eee9ac372295c
SERVER_HANDSHAKE_TRAFFIC_SECRET 07db42b630d30dbf84c161cca16a6c78fba91a9cb973986af5b5ddd2291db5eb 2ec90115b4cb4985dd64feb6051e92a69f38eee289401637f7c507ff70cb49263fa24f5afc6ebb2679b07d5dd9241ece
CLIENT_HANDSHAKE_TRAFFIC_SECRET 07db42b630d30dbf84c161cca16a6c78fba91a9cb973986af5b5ddd2291db5eb aa0d83da96637d1c49774d4676a53ef7716ecf727b8801efb49b29cc0965c11a062591697292925a11c07d25942d68d8
SERVER_TRAFFIC_SECRET_0 07db42b630d30dbf84c161cca16a6c78fba91a9cb973986af5b5ddd2291db5eb 34d6ae0b8bf9785c52a49a901e7eceb122cb46c6de2f813c84b3d0cf898327b6ba96cb0065262964227ac678607dedaa
CLIENT_TRAFFIC_SECRET_0 07db42b630d30dbf84c161cca16a6c78fba91a9cb973986af5b5ddd2291db5eb b1710e351695d079ecaa73c9ed1c91d5486b726c35b1c208347d174136caead31d444c4fe72cae5cf1e47bbcf29c11b1
SERVER_HANDSHAKE_TRAFFIC_SECRET 967c07e864d3ca3711e6ae5dc639ed51b0466f9ffe8b74fd65cd5701deb535c3 ba62cec924964ace9ea5cf4adbf35cb2da55e3a376242e86dfde1d09683c0e34ecbe12c9976e58b0c5411fa6f3c5e6f5
CLIENT_HANDSHAKE_TRAFFIC_SECRET 967c07e864d3ca3711e6ae5dc639ed51b0466f9ffe8b74fd65cd5701deb535c3 a64a18ffe363b02350adca299bb84be2b2856bc30c2696b2c234427be49d48b23f707e1880d8273869e47a8c9d3d6a18
SERVER_TRAFFIC_SECRET_0 967c07e864d3ca3711e6ae5dc639ed51b0466f9ffe8b74fd65cd5701deb535c3 9c31842067442ac54499f57103d7e0f5d46cf4874d127218360851144f1cb536811a02712ab892b28019b61b9167c686
CLIENT_TRAFFIC_SECRET_0 967c07e864d3ca3711e6ae5dc639ed51b0466f9ffe8b74fd65cd5701deb535c3 d1c2c4e6a113e63f148feef59c7492c2086e828f872d08f8d0718df7c1b838aaf57d26d3d17fd2886c50e9aff58be216
SERVER_HANDSHAKE_TRAFFIC_SECRET 2d8f56a449dc6b9a83a57ba7622340bbe392572f7adf23e54edfff200f3bb2ae 8e3c21fc7855c593442dd0af380150574f43b52cad19199115ad8f8758713629d55febae963636a210bc45c0400aa88d
CLIENT_HANDSHAKE_TRAFFIC_SECRET 2d8f56a449dc6b9a83a57ba7622340bbe392572f7adf23e54edfff200f3bb2ae 18eeff9f208f45a0e6762dada6d4ec72746270a6a267f99b2031f2a5a27ff4b4a42b4bb81c1b1036ae5f1f741ce6a13e
SERVER_TRAFFIC_SECRET_0 2d8f56a449dc6b9a83a57ba7622340bbe392572f7adf23e54edfff200f3bb2ae 32c710304cf150ae81dfc7e7af19a15fd6b32157dce6b748b11c010239945a971610a8f5cbfce2ce18c1e42101b7817f
CLIENT_TRAFFIC_SECRET_0 2d8f56a449dc6b9a83a57ba7622340bbe392572f7adf23e54edfff200f3bb2ae 1a74a1d5a7c2f701300d495982f6e9da0af0832eb3d5ff9b6675fde51e864f362f25aa1871295f49c2b74826b3a5abf5
SERVER_HANDSHAKE_TRAFFIC_SECRET a3f629c1e1b3fe0f883ead6b908d4d5935f3ef35c468b0aaadcba7a696e60271 c3bce221af30e399d85ebb8a16a7223042cb507b700c252c1fa84a55ffe5ae3131bd919ec838337179863e84c491812f
CLIENT_HANDSHAKE_TRAFFIC_SECRET a3f629c1e1b3fe0f883ead6b908d4d5935f3ef35c468b0aaadcba7a696e60271 8afdd86161fde6efda8c7c1a4978672e23990122115dee693fe33019f2ea50c22de44f7c44bbd8ab61ff49ec8f572d14
SERVER_TRAFFIC_SECRET_0 a3f629c1e1b3fe0f883ead6b908d4d5935f3ef35c468b0aaadcba7a696e60271 38c989ba3132d3fb9cbe98d2707d66c32b748fa0acf114802d159893a7e6c3068d38e462fcb6eb1d3aaf58a80a6dffd5
CLIENT_TRAFFIC_SECRET_0 a3f629c1e1b3fe0f883ead6b908d4d5935f3ef35c468b0aaadcba7a696e60271 47c8aee65da6e9f464a98ba5a54fad7b760931c4ff9a054a508f32ea7533d81e1998ade905845aa527c3eee23a453a97
SERVER_HANDSHAKE_TRAFFIC_SECRET eb3c1d7bba171c8fc7b1e99998c3338cb17ea77664f49be69b5fb785f79a72a0 f1448152091ebb4f51135d463c3b5581abef03f9b88f681c3b7fe38dc26c2275f61f11b447c91ff35528fb8a904589f9
CLIENT_HANDSHAKE_TRAFFIC_SECRET eb3c1d7bba171c8fc7b1e99998c3338cb17ea77664f49be69b5fb785f79a72a0 68a941c6d0afe11493456d3af1628069b107f8c9b05180411d53ce92be700b5b313493c31e18546e8c40a4b1d421369c
SERVER_TRAFFIC_SECRET_0 eb3c1d7bba171c8fc7b1e99998c3338cb17ea77664f49be69b5fb785f79a72a0 215e489fb29ccc595bf0b0405d0f0d64e5025f73e0a6206011db20f81f150584e4eeb6f3621ac1ecfa9b952d2d86bfbd
CLIENT_TRAFFIC_SECRET_0 eb3c1d7bba171c8fc7b1e99998c3338cb17ea77664f49be69b5fb785f79a72a0 0d49199633a86c6bc07ff7ca1e7e25fcb305da7092202c41f40b66125896c18c10817fe2ef8e42ccdfae1330003e3d7d
SERVER_HANDSHAKE_TRAFFIC_SECRET b1d9c036c227b035abf533e9ff336194a6a3a8c5796e0c1603d7694b1abba74f 48e05cd9c8ec5088cb29a88f1bdaa20c92d8b5625cb9425df2a5775280bf34de553f6d6fc059dd079e4873ecbc2f66d6
CLIENT_HANDSHAKE_TRAFFIC_SECRET b1d9c036c227b035abf533e9ff336194a6a3a8c5796e0c1603d7694b1abba74f 3535c3cf379497eceaea07f5e5953c54f25c13864a9fead8840759b086c561db1f741bb7f0b58df8a6d62d7d7e34763c
SERVER_TRAFFIC_SECRET_0 b1d9c036c227b035abf533e9ff336194a6a3a8c5796e0c1603d7694b1abba74f 53974eb942141fdd643958548cbc139a635aea8eca04e601dd9984df323f44c992f95fdb7f1eaae932b4fa6ac7cdd361
CLIENT_TRAFFIC_SECRET_0 b1d9c036c227b035abf533e9ff336194a6a3a8c5796e0c1603d7694b1abba74f 6d0d35981d9bc97a804b5deca909e3793ccaa68636ccdef734f86ec15de2cfcc19b6e216bcff36d299ad50c64fdd0d61
SERVER_HANDSHAKE_TRAFFIC_SECRET 648542a8c50631f16e99510731aacc9efec6b0855ce4e6d542f922e4270b1508 cfb84bb7753ff48ecd449b35c4adf397b39305c66b1ff58ef8caf474f033fa2df67e815189631b306387c01a3c2a22c3
CLIENT_HANDSHAKE_TRAFFIC_SECRET 648542a8c50631f16e99510731aacc9efec6b0855ce4e6d542f922e4270b1508 63f9d4591101dca17e7297bc5c4bdd21d6318bfcbbe8a9cd2b311799e85936ed38176a8b928d5a809679826299d26359
SERVER_TRAFFIC_SECRET_0 648542a8c50631f16e99510731aacc9efec6b0855ce4e6d542f922e4270b1508 3f7db588b6a696c71f72ca1d3e62b40d330d73f941277f4d30c2894eee3535519e0bbdbe4fae3b776bf1bd294c1c039d
CLIENT_TRAFFIC_SECRET_0 648542a8c50631f16e99510731aacc9efec6b0855ce4e6d542f922e4270b1508 e49ead0372e6864d514fe81a1aa016551014a53fb81d850bb177af260fd13be2430ea4e9b9a2f09edeee5985695f03eb
SERVER_HANDSHAKE_TRAFFIC_SECRET 9bc25a68663b9f9bebf22b8cab70b6abeaeeb218f6826e999616f3a6fcfcfa06 28cacaf13fd3a329e7215b811c2769c74628191746297db46926297768152ec19b78cad1dbdf55d4f3ae5b28397ce1bf
CLIENT_HANDSHAKE_TRAFFIC_SECRET 9bc25a68663b9f9bebf22b8cab70b6abeaeeb218f6826e999616f3a6fcfcfa06 d93d4a05090c8859f382ec3f9577b4ef4a979ebbae25d1dadb4c351e72cd064dcd75e5757d0d9cface978ae473538a14
SERVER_TRAFFIC_SECRET_0 9bc25a68663b9f9bebf22b8cab70b6abeaeeb218f6826e999616f3a6fcfcfa06 a2cd41aa8ce5528b6ed903c016970699d3d181738379fd1672547f2458aee37efdf2cd9df2d1258ba40be17ab5b526e9
CLIENT_TRAFFIC_SECRET_0 9bc25a68663b9f9bebf22b8cab70b6abeaeeb218f6826e999616f3a6fcfcfa06 529405f6a51acebdb225bbbb21945a367c82711df6be17561482b9d8b7259d1e71f1472be2606e1d568f24c449751a7f
SERVER_HANDSHAKE_TRAFFIC_SECRET 135797d86a6aaf196d468253f8cde70588386723939e160e74daaac9ef7cf326 5b678c3fd172b9b3892daa7721e70209433870cb7884185922c672699c50d2e88a49beea44301371e81050d6fd5604ee
CLIENT_HANDSHAKE_TRAFFIC_SECRET 135797d86a6aaf196d468253f8cde70588386723939e160e74daaac9ef7cf326 0654d7acf41e4e769eb388452c787b0768ddfc3f453951e7a75b75a13a92d9efba26c9ce3300290a201d36d42f994509
SERVER_TRAFFIC_SECRET_0 135797d86a6aaf196d468253f8cde70588386723939e160e74daaac9ef7cf326 3acc0724e11476e367f1c1cf0a755e007a895ee9be76e7b7820bf60467e159be43a8b50427dac91c2a403ac22d9542d9
CLIENT_TRAFFIC_SECRET_0 135797d86a6aaf196d468253f8cde70588386723939e160e74daaac9ef7cf326 a823df30789f1a115634feca7476062b6a826ab01bb46c74393f1358a3443e5285823cf7ee626a68bcd0ff26a112e3cb
SERVER_HANDSHAKE_TRAFFIC_SECRET 65646e651cad1cde8a8bc65c8360464933526b1b956b5fcefbc154810a852766 bb90bb16e9e27eaf580c5fa742c3167e6b9d5a96f1cd5af9f26586a144244d571008d1eb32e24662af3c4e7cacd52233
CLIENT_HANDSHAKE_TRAFFIC_SECRET 65646e651cad1cde8a8bc65c8360464933526b1b956b5fcefbc154810a852766 ad80fd4b032a1180569950f44ad3b293c6ca82995aaa37ef6ff4b815d5c3a1a8767fb677cd72f9950f8551053cdb4d27
SERVER_TRAFFIC_SECRET_0 65646e651cad1cde8a8bc65c8360464933526b1b956b5fcefbc154810a852766 6ef34bc4691484e5c89abb607d8fbdbb93b5a7835fd0afb89b660032e1310b8917e94296410bbfdb0465c82f74b15523
CLIENT_TRAFFIC_SECRET_0 65646e651cad1cde8a8bc65c8360464933526b1b956b5fcefbc154810a852766 893380769afbb9de50c49d194cd3e55b6f78e7ea754d828e7d0f3a53de2c831d989d1f78dda3cb5f8263d4891400fe4a
SERVER_HANDSHAKE_TRAFFIC_SECRET 6a734cc44a209b7eea7ac381469d255a72b6147386e2e948f209e2954284bfdf 3fdb3f62aa5947b6279abe7abdcdc74ea43f4fe7e6e0f7c9b0faeb0e6dca90a347585b13fbb6e2f79604e8d191310633
CLIENT_HANDSHAKE_TRAFFIC_SECRET 6a734cc44a209b7eea7ac381469d255a72b6147386e2e948f209e2954284bfdf e4466a78b439eb90f9dc8af311d15d879cce02b23e3d8616fd18b3ffebc694d923911895c5d906650ada1c9ab2989ebe
SERVER_TRAFFIC_SECRET_0 6a734cc44a209b7eea7ac381469d255a72b6147386e2e948f209e2954284bfdf ee5ccf3131a838f689db6a3165e5b7433b7587f64a9487b9191067d5d4b29e9b82f25385f05070fd055395867bb14d64
CLIENT_TRAFFIC_SECRET_0 6a734cc44a209b7eea7ac381469d255a72b6147386e2e948f209e2954284bfdf b88887fa79f53a24324d7c1a1b346e0ab703f9a14e6697151eb3a0c5954b77af3a5c907f34bf6fb0fade65aa2d26a816
SERVER_HANDSHAKE_TRAFFIC_SECRET 59340247fa30ce4416b77540d2cf49c3e93f89b3815065a6523843a0fb8d4a45 d987014635d75596f51ab69a576c5925ff3ba8709e1e0940bd70b9e6161d40ac68c6ac6bd682e6868eb47e7b1fab12e7
CLIENT_HANDSHAKE_TRAFFIC_SECRET 59340247fa30ce4416b77540d2cf49c3e93f89b3815065a6523843a0fb8d4a45 b6f9e1c4c83433aad9c9566100133b2b0e24da493adedde020fb75414814e58cffc05b59531d3ff50fd485fac4160c55
SERVER_TRAFFIC_SECRET_0 59340247fa30ce4416b77540d2cf49c3e93f89b3815065a6523843a0fb8d4a45 3238183e7a339604d0f1308734c86140d35c8886ce7f33e0d6849bbc7f442c47c494f1ec2988e40454655d8cb13bdda2
CLIENT_TRAFFIC_SECRET_0 59340247fa30ce4416b77540d2cf49c3e93f89b3815065a6523843a0fb8d4a45 8fb643fcf35159b3e53ddcf4e5d5db9681cb4850c3e7fd8e3327dc7682ea66347439c45de4f1faba68283e10c0e51fda
SERVER_HANDSHAKE_TRAFFIC_SECRET 444ce2015c3837a6264785aadf677eb302861203dbcd8b30aa6cec8f4f2685d9 8b6c6ea1c6c7ddb6d2702f622585296d3acd718ba87c85827724dd71ad891bc7706646b3c36e015edf61beef353f2e68
CLIENT_HANDSHAKE_TRAFFIC_SECRET 444ce2015c3837a6264785aadf677eb302861203dbcd8b30aa6cec8f4f2685d9 1f59da9037ac224bec585b91773a78f0eb925d2508eebf58e6e14945f8fce58816c65992371c6efcbf883d28e8bc5442
SERVER_TRAFFIC_SECRET_0 444ce2015c3837a6264785aadf677eb302861203dbcd8b30aa6cec8f4f2685d9 01e3242c934792e02df29a40d94b748405703212de435e49d8df4727400df38ab5968177565d4529f65659637d14c1a0
CLIENT_TRAFFIC_SECRET_0 444ce2015c3837a6264785aadf677eb302861203dbcd8b30aa6cec8f4f2685d9 99973abc86affe27efdcf0b5f8500a6aa480e54d9328900e29e752268ddab416dcc259ec7db23792f60b9d7a2001ae7f
SERVER_HANDSHAKE_TRAFFIC_SECRET 9600327831da3a8fd93526a592c20d5c43f84afff9b9097af2fdf92a26db9ac7 ed9a48331db31daaaffa90ffd58ef4a484ba1f51843f3d6c2ef719a6732947075e809a1c6250b7f300afb892ae21a60f
CLIENT_HANDSHAKE_TRAFFIC_SECRET 9600327831da3a8fd93526a592c20d5c43f84afff9b9097af2fdf92a26db9ac7 3e6c97fd902872443fb36d320f6a493b061a9987c732cdf2efd70b44d0a6e9c2e7b97fdcfdb9427e8973b22bead3fd1b
SERVER_TRAFFIC_SECRET_0 9600327831da3a8fd93526a592c20d5c43f84afff9b9097af2fdf92a26db9ac7 16e24c5f9184af5f58428cdec8a9ad098599d937c9157ebaf78f23ee5dbd381f6a8147b4e2c12ed76d24d15093f130c7
CLIENT_TRAFFIC_SECRET_0 9600327831da3a8fd93526a592c20d5c43f84afff9b9097af2fdf92a26db9ac7 55276774e23d68984f0a67fe5df5c0c48d0a8c318b53209a7bd594ae69fc3a62336e8ba14c2e66438db93e0e1848cbe5
SERVER_HANDSHAKE_TRAFFIC_SECRET 8d108f4f3d7615ff9aad64176f86faa9b6189a6bc43b8297c3098eae7ba9e488 bbefe0d5290a5a6f744765fa4a11d62791cc4435536b7a5a58e2058b71b29d75af2b0edcb11bcbf8a6ee14fd20334d9e
CLIENT_HANDSHAKE_TRAFFIC_SECRET 8d108f4f3d7615ff9aad64176f86faa9b6189a6bc43b8297c3098eae7ba9e488 0f07b7e043adbc02ede0cba82a88df197c9622b0d8c9932ad92e9f8110dc12c4bbe6bdabaf8591b924e63fc97507b5c7
SERVER_TRAFFIC_SECRET_0 8d108f4f3d7615ff9aad64176f86faa9b6189a6bc43b8297c3098eae7ba9e488 5fdd1eb265f9512f76062c74965549ba870f8ae31a16a9e9fdafb80532ac335edb62159c7256013786dcfaaa5895123e
CLIENT_TRAFFIC_SECRET_0 8d108f4f3d7615ff9aad64176f86faa9b6189a6bc43b8297c3098eae7ba9e488 402b81fe9e002b3536ac2b3633988196dfe1a06a3913e02bd90a766ecde3df9ebc7a6c674b383997b1560815f0e378f6
SERVER_HANDSHAKE_TRAFFIC_SECRET 41239d7a1ec0ef1595598b9bcd46dd20ddba57841f4d891f3e3d8f12770bc93d d4214bb6c4dc18bf91f387ee4a9997c4778f1040763e5d19391962d12e789906c9a2dec744420cb70a551747f2315d05
CLIENT_HANDSHAKE_TRAFFIC_SECRET 41239d7a1ec0ef1595598b9bcd46dd20ddba57841f4d891f3e3d8f12770bc93d 212d930d7ab81bca50d0036d59b72ee0016a04a87c5a3e83a8bffefd61ccb50a57586881b926caf6308a600b3e1fdca5
SERVER_TRAFFIC_SECRET_0 41239d7a1ec0ef1595598b9bcd46dd20ddba57841f4d891f3e3d8f12770bc93d 24f70a60bc3a0397b175c3c6675fbdf3c6992b09c05746af7a8f231fdb6ab732eefb2adb0ee4cb31eb9e1095bf58b057
CLIENT_TRAFFIC_SECRET_0 41239d7a1ec0ef1595598b9bcd46dd20ddba57841f4d891f3e3d8f12770bc93d 3f4a4dff816c227339b8a4ccc532a02ddf413086acdb59b4fdf37410c1ce827335d8ff04ed29a75a033fbc11278d0654
SERVER_HANDSHAKE_TRAFFIC_SECRET 78b6cc8da41354adf80b246b5ec287766ee1a2ad8576c083ad88d5579261a2fa 57f7322382cf052cf99a5f5ebf403887fb3c984ce3ca663aae34654388de324972ebfed40925c3b05d7f4269af92c9c8
CLIENT_HANDSHAKE_TRAFFIC_SECRET 78b6cc8da41354adf80b246b5ec287766ee1a2ad8576c083ad88d5579261a2fa 644ac3aa99674e50a5f6fe82f30327265be4efd4ff0f1e4b52b7fc98aaee5d68eaf8328675cc1fc92eedfb35f8d8aa1d
SERVER_TRAFFIC_SECRET_0 78b6cc8da41354adf80b246b5ec287766ee1a2ad8576c083ad88d5579261a2fa a5f8d042fb39b9010490e1bb55faf7846f934a89aa318e8883c5ad73503b479a948958da85af9d6b283db7254b497eda
CLIENT_TRAFFIC_SECRET_0 78b6cc8da41354adf80b246b5ec287766ee1a2ad8576c083ad88d5579261a2fa 2c42bc8eb91492e5af79d55663cb4a23ebce83766f884c321877597e2577852aea0efd4978ea3b6c389449c4445665b3
SERVER_HANDSHAKE_TRAFFIC_SECRET 80935b97c825a4cb675b935bdd9fb059e90249d2f77e78a5535098f05edd6e2d 7824f2ac8f9dc1b8c1bceaaa1c004cfeda8fc53c290864cb4efd6481dfb13c51f8f4497763cc56628e1544001aafd9f3
CLIENT_HANDSHAKE_TRAFFIC_SECRET 80935b97c825a4cb675b935bdd9fb059e90249d2f77e78a5535098f05edd6e2d 5d6bd07d8aa0342fc878e2c645c9316acac3dd1cfc36705e25c2be629b48a3c616acc82c84b01fbe6b749e41bba915d0
SERVER_TRAFFIC_SECRET_0 80935b97c825a4cb675b935bdd9fb059e90249d2f77e78a5535098f05edd6e2d 98a54d8086c7fc4296b6a5a7c116ba7df9e86adf05d9f70054e6ae2c76191c65032185092dd9c8e3971086ea60866734
CLIENT_TRAFFIC_SECRET_0 80935b97c825a4cb675b935bdd9fb059e90249d2f77e78a5535098f05edd6e2d b0f159e687817c91a1d20f48a50b727301e9056209537dd48364e17ff9d7238d18dd20ae2baaaa3ea04ed1f94bb40e80
SERVER_HANDSHAKE_TRAFFIC_SECRET 1164207492bf376d961efdb95f579a74f58f543f040a14ff8b3705d22773376a ef474214f53a1bba3f1fe9a308083b91b8bd81b85a11a105189cda2d3c13e66716b613de04c5ac3f75af471a7086d346
CLIENT_HANDSHAKE_TRAFFIC_SECRET 1164207492bf376d961efdb95f579a74f58f543f040a14ff8b3705d22773376a 482d715e87c2dc1a42ac2d4afdb7d1683c887dc2ff5bb09dc01857cfe0887df34836c0cdbe54a29c0363918e5dd15d59
SERVER_TRAFFIC_SECRET_0 1164207492bf376d961efdb95f579a74f58f543f040a14ff8b3705d22773376a 23a8c0fd23528d2aae7d99b390ccbdf9c58df0d04fb87c49aed235d891c4210608e87a5ef59dce6049720a1578a9aaad
CLIENT_TRAFFIC_SECRET_0 1164207492bf376d961efdb95f579a74f58f543f040a14ff8b3705d22773376a 7cd3bc3044027969097675331e3b93361fc5f14e3461114cd14bc762e81073ec8d6a18bd228edfa8a328620f939562c4
SERVER_HANDSHAKE_TRAFFIC_SECRET 0ab4c0b527701fabf7290212bf5af026b4a3d9b9c626579c6a2bf5e0e7501d24 681e1ed08948c5164cf8cb5278fa06b79e820b730158e4e8a9a7fe051a751a39bcda8f0018e5ca14c6d60bff3b07e521
CLIENT_HANDSHAKE_TRAFFIC_SECRET 0ab4c0b527701fabf7290212bf5af026b4a3d9b9c626579c6a2bf5e0e7501d24 89cc8ec9d7fda9c92995384cd7a837963e11e39ede36eecf9c3dc6432d9474e25fb5f861972727c889065e81ce276671
SERVER_TRAFFIC_SECRET_0 0ab4c0b527701fabf7290212bf5af026b4a3d9b9c626579c6a2bf5e0e7501d24 1c1c9e289e62e89f9094d41d23a96f4a7d6ec3c69e7c4391a85e5d647dc2440fa2dc4676461dc9e3f21fc975bffbbcf7
CLIENT_TRAFFIC_SECRET_0 0ab4c0b527701fabf7290212bf5af026b4a3d9b9c626579c6a2bf5e0e7501d24 90d7f63843d2cd5f743a086cf2a2fa81ebbad63f493914d68938a1ea266dba105d0e54ef782470b82daa96f14233c103
SERVER_HANDSHAKE_TRAFFIC_SECRET 5e3d05c9fc47f49e8948ecf402e5c6d4518a6dd92fe3c0686362e5f3b3aac78e a99a09c3c33bd450709f065240df7b7dca125f2cbb40ec8a38ce047c830a8bf3898dfc53a556e36dd610284778fb109b
CLIENT_HANDSHAKE_TRAFFIC_SECRET 5e3d05c9fc47f49e8948ecf402e5c6d4518a6dd92fe3c0686362e5f3b3aac78e af50b9c9118161e283feb3a16a901e54eb7d696a100ca6b6b0f8e1acd79f6056efb58712b384d988a86efdc76a604ea2
SERVER_TRAFFIC_SECRET_0 5e3d05c9fc47f49e8948ecf402e5c6d4518a6dd92fe3c0686362e5f3b3aac78e 0db2165c1445b4f0a4078a597901429873e4425d2aa770fe63d7acb705089d2b20e8b8a2bd45a95ad2f25e26e3b47213
CLIENT_TRAFFIC_SECRET_0 5e3d05c9fc47f49e8948ecf402e5c6d4518a6dd92fe3c0686362e5f3b3aac78e d78c25d16e38a0b2cd207bf7d0db0ae940a5c653144d764720263e5c7a045ee6670fb3e10d76040adda86fb896300b42
SERVER_HANDSHAKE_TRAFFIC_SECRET f2e98df8a4baa9cd821a6404312cd8b5fbdb8feec86d8030a48b297de4f5c46d efa3a9062e33f945c3d1d33ed1ee3380bbc58b9b9b86d3328c726c028ff76b50f087aa54ed7d7b1e3b3dbb193162caed
CLIENT_HANDSHAKE_TRAFFIC_SECRET f2e98df8a4baa9cd821a6404312cd8b5fbdb8feec86d8030a48b297de4f5c46d 14b393fe7b6231b666dfb1ec1001c01e706c3ac2214c288a964e077f2245b873db6eb7afbea47853d9c6691f7c3982c1
SERVER_TRAFFIC_SECRET_0 f2e98df8a4baa9cd821a6404312cd8b5fbdb8feec86d8030a48b297de4f5c46d 64e8db41c9251aae116a1cd11ca0aa76c9f9c83c1c2d1c3cd76a9c5e10697e9748e121eaf385591584145b6f12cc0f48
CLIENT_TRAFFIC_SECRET_0 f2e98df8a4baa9cd821a6404312cd8b5fbdb8feec86d8030a48b297de4f5c46d 08f8537b0be28dfc93d0c11704cf6ac4b1d32934cd28820e81c019cd11520bdd3a0e4bb434a42eb64d060af73f88ba03
SERVER_HANDSHAKE_TRAFFIC_SECRET bee499878ef5c727156175ad070c22123923cbcbfc33e3e7879a3baa1f3655a2 dbe55d92b753a01d3d803a9913ea20ddbae045dcee4abea3494b639787f83d117e9705314312e3ac934d7bd233e935e8
CLIENT_HANDSHAKE_TRAFFIC_SECRET bee499878ef5c727156175ad070c22123923cbcbfc33e3e7879a3baa1f3655a2 7a560e995f238953c4785bad2af2b8d40db9b1fe937db5f679b645324a4e38a2dfd086836747a1c33aea1d0e5ee853a6
SERVER_TRAFFIC_SECRET_0 bee499878ef5c727156175ad070c22123923cbcbfc33e3e7879a3baa1f3655a2 1dc68644f55a5b837215d95dcb8512ccb3169c4cbba5e44e9c74d749a2f11f82719525a6e713c895d8fbb760f23c0112
CLIENT_TRAFFIC_SECRET_0 bee499878ef5c727156175ad070c22123923cbcbfc33e3e7879a3baa1f3655a2 f0ccff4098a31e903b4eb1655c4cc95ffe5b4be6b5cdd2a3e797a4f0f0fadfa77dc396d8d02bfee765e083ccd6f22d53
SERVER_HANDSHAKE_TRAFFIC_SECRET 396d74e8aad688743bf82c378a14e80c4e9f15432047fd5e3b9a84a25b4609a3 de258dc3a7f28510b5ccaa07eabf9401429e46972854e0f4508d1e43e0fe1fa93d4f322905d705693033be3dea6cccd9
CLIENT_HANDSHAKE_TRAFFIC_SECRET 396d74e8aad688743bf82c378a14e80c4e9f15432047fd5e3b9a84a25b4609a3 b2b23f3945484fd5a8c2c179af02c2636a298d4486b5d0e8dda805555b1b8cc7140e06fa503f7e66ea6e8beef698360c
SERVER_TRAFFIC_SECRET_0 396d74e8aad688743bf82c378a14e80c4e9f15432047fd5e3b9a84a25b4609a3 0f3a87ee5ab3865f56432492aeb9bbcc7b9838ab86572c8f1862cb486d9c0fee92c99aaf784adc3378e50509b966c7ed
CLIENT_TRAFFIC_SECRET_0 396d74e8aad688743bf82c378a14e80c4e9f15432047fd5e3b9a84a25b4609a3 206187b7030b70c8cda7ade417daac853aff76749eca5b6ed40b83e0758ceb4149147532050479374df849962d262198
SERVER_HANDSHAKE_TRAFFIC_SECRET 9564fa5f586799dd1a83cfa33733a8a0e3843b3f3a0b771d5a796f80a434343c 1e5a9736fd652132ac3b7daef32cbb9a1902ee0371740aa9576ba232df0bf89f1a4c6029e208d745e2a1bf78c77e5fc0
CLIENT_HANDSHAKE_TRAFFIC_SECRET 9564fa5f586799dd1a83cfa33733a8a0e3843b3f3a0b771d5a796f80a434343c d2dd1846ad446475ec944f515ea2b2f9a305e8b3c765d487fd48f4bf56c431fd57ca2cdbe642f867fef5480df230d76b
SERVER_TRAFFIC_SECRET_0 9564fa5f586799dd1a83cfa33733a8a0e3843b3f3a0b771d5a796f80a434343c 6a565d0d7385bc04c01a7963d151df0ce8cd077d235e00e683d7aa4473a517aab26c15c585a7fe271f72753b5edfa3cd
CLIENT_TRAFFIC_SECRET_0 9564fa5f586799dd1a83cfa33733a8a0e3843b3f3a0b771d5a796f80a434343c d69b598a9d1dc923e5351fb0be702a8dd867eba84be21ba140bea13977d4821437698053712bee90691861f155d61c4e
SERVER_HANDSHAKE_TRAFFIC_SECRET 983e5183bb87da6521e7cf4f45082c22fdc72b70cf169b73df79799cd3c81497 cb208525169937a6f21898cd7f73dffe91fd6745e6f6b3629af62671331872da969df3abd27b90f9c512f8089cef83c7
CLIENT_HANDSHAKE_TRAFFIC_SECRET 983e5183bb87da6521e7cf4f45082c22fdc72b70cf169b73df79799cd3c81497 f0bf134749cbc4b46d9078c004723a580646842580ea2026a7c8de01654339eb580663853111d4d62b975337b91f1fea
SERVER_TRAFFIC_SECRET_0 983e5183bb87da6521e7cf4f45082c22fdc72b70cf169b73df79799cd3c81497 6f1640e989f28d5250e7528c8ceab342e6fb14063515d8f4940fe39becd6edf06a497e296b66638d6994888ce1c7c930
CLIENT_TRAFFIC_SECRET_0 983e5183bb87da6521e7cf4f45082c22fdc72b70cf169b73df79799cd3c81497 ccd4d9efed701d68c1f08ae9a9c2127b15f90703cdba068516df23e2c4a7b8df9b26267ca9e9159e2fb1bbf87441ab19
SERVER_HANDSHAKE_TRAFFIC_SECRET 4fbfb4dd5cab23d49c8c27c6d9061461269d0813c5c9f1eaf46a838e9727d65b 16653bd668c776e3a8c53f6bfeaa75f0b582f00ab0281fd1bba6d4db84b4ad372cb53a646a55c6fe7b2e066e2be90d8f
CLIENT_HANDSHAKE_TRAFFIC_SECRET 4fbfb4dd5cab23d49c8c27c6d9061461269d0813c5c9f1eaf46a838e9727d65b 86509822fe304a93fc9b7599ad2505c803ff97f6464e34b13ad04c6945ccfa7d7136e5eea1dcb9ee1ca5ef9635ae7ae0
SERVER_TRAFFIC_SECRET_0 4fbfb4dd5cab23d49c8c27c6d9061461269d0813c5c9f1eaf46a838e9727d65b da2e909453cfb90b776417ee04b8e2194e948c33b0a5cade27cfde02ec8c44b56919748a6a329e2ac199ad4220584e37
CLIENT_TRAFFIC_SECRET_0 4fbfb4dd5cab23d49c8c27c6d9061461269d0813c5c9f1eaf46a838e9727d65b 385ff0776010074fb274bf1cdd95f71086eb37b6128681c39bf35d7d3df58ee8ce3a4ec32cc5315e83f9fb9847f5e096
SERVER_HANDSHAKE_TRAFFIC_SECRET be57cfae15cf766ce8cf04d95d75c6626c4ceaa145adf51969859f49505e69be 68aa264fe05cea5f8d9becdcfb8970a9ab1b729a3487e94e4499fd23c9383787f97b38008859f08e1e0d3567f80ade34
CLIENT_HANDSHAKE_TRAFFIC_SECRET be57cfae15cf766ce8cf04d95d75c6626c4ceaa145adf51969859f49505e69be 57864799a7491986a22aafe2f0e33f958ac5b1676504ce7d59684fcb5ce9ef4e73573b1bf7ad85bf5b4f50d2c62457df
SERVER_TRAFFIC_SECRET_0 be57cfae15cf766ce8cf04d95d75c6626c4ceaa145adf51969859f49505e69be 17d1be1b3ee92871b62de2faa338b96409ef60638c3fb265fd10a1a627c32023182a28e3ba60e48a1cb268813f855d66
CLIENT_TRAFFIC_SECRET_0 be57cfae15cf766ce8cf04d95d75c6626c4ceaa145adf51969859f49505e69be db9d3cb0801e9e630cff8eedcb786cbfd8b6b58d3735ce11878de27a85edfbf5019f06361833b5f151994a629e0a2b4d
SERVER_HANDSHAKE_TRAFFIC_SECRET 120a38d9e7a4619a125f67c3ed1e66596a8fedf0cf2deafe47a76de7434289dc a3e0a348f1abb2ccf111026a50490cab83613195255c12bcc60c830887216e6b03a54d141811eefe99b2f17227cbb57c
CLIENT_HANDSHAKE_TRAFFIC_SECRET 120a38d9e7a4619a125f67c3ed1e66596a8fedf0cf2deafe47a76de7434289dc 281673064eca0ac3524624b0cb07dbf337545a96ba4872e2d7048935fca9fc38bea3d439b5013d74419ac1244470a663
SERVER_TRAFFIC_SECRET_0 120a38d9e7a4619a125f67c3ed1e66596a8fedf0cf2deafe47a76de7434289dc 8f3d14622eee4ff008981cf9972b1bfc6ed17b0a97c52fa8e7b993033f9deba56775d84b3cebd8a77c855d04658c9b68
CLIENT_TRAFFIC_SECRET_0 120a38d9e7a4619a125f67c3ed1e66596a8fedf0cf2deafe47a76de7434289dc 6ebf26063e9146088d1f63c5a1c9211f8e13f8f28233dc99684dbd489de6a04d7bd8bf501278d54df6375176356ce644
SERVER_HANDSHAKE_TRAFFIC_SECRET f99f77e00b3141e4482f2a5d487c3c6ba061d669e20b420b11509aebd5cc1bd5 ce026b6c77b5b296d9bd114fc6844adc1dfe338445b097c87db7980a1517eb1861e34ab74cb268398f934a6974626454
CLIENT_HANDSHAKE_TRAFFIC_SECRET f99f77e00b3141e4482f2a5d487c3c6ba061d669e20b420b11509aebd5cc1bd5 40bc6cf78e9a3cda9da769979a0290667f355f8bf1ff57731ca67d959728d8abc88b100340aecbbf18851680e4d54f56
SERVER_TRAFFIC_SECRET_0 f99f77e00b3141e4482f2a5d487c3c6ba061d669e20b420b11509aebd5cc1bd5 54d7810037584affef3710b497a9b2c5b9ac6868e157c44a3203e2217cb97a2daed2c640c35d113fd60fe8b608781ccb
CLIENT_TRAFFIC_SECRET_0 f99f77e00b3141e4482f2a5d487c3c6ba061d669e20b420b11509aebd5cc1bd5 94a38d426d4cb743fed0ee3617d0ec7e32554a828ac9bb45d64142d2b8e841be0d1ae763fb2c0f05aa0297dd6c0e5aba
SERVER_HANDSHAKE_TRAFFIC_SECRET a9ea14b56286cbb45dae696539b7d847d0483beaeb3c1803dd113f0230f94286 4f84fe800ca915b3467383b6f7a890fcc4651081917ac1b59d3eee4e4878b5e419ad7c531f4a97774a6e83cff38f5dc7
CLIENT_HANDSHAKE_TRAFFIC_SECRET a9ea14b56286cbb45dae696539b7d847d0483beaeb3c1803dd113f0230f94286 7009fcac8b957ea9a44f61d739b1ec701105029f8428e9da64a88d0433ea0fe6be0a43f1dafaad602f1a9a646172fad0
SERVER_TRAFFIC_SECRET_0 a9ea14b56286cbb45dae696539b7d847d0483beaeb3c1803dd113f0230f94286 d6db39a5937deb261617957b8e25dd73523fc7a961e26e4785933de29f248256fc72db30975bfece6fb75f9be8ac24d3
CLIENT_TRAFFIC_SECRET_0 a9ea14b56286cbb45dae696539b7d847d0483beaeb3c1803dd113f0230f94286 79bd1ac277b96d9e7c292ddf26b68f6269715fa3cb75d10b2eb3ab1d7c5772240069b4cc0b290cd0cbc87b9549586526
SERVER_HANDSHAKE_TRAFFIC_SECRET be4bf90913c4af95856d1dbf58d5eb61b7958e3a4c85e95cb54c2e2b3bd73113 3f65f62f65fd8c165647be63e93b18e9fa103fda30579e698cf768eae2634fd0759f6831d022a3cf72f65d43ab8edbbf
CLIENT_HANDSHAKE_TRAFFIC_SECRET be4bf90913c4af95856d1dbf58d5eb61b7958e3a4c85e95cb54c2e2b3bd73113 17ddae247a8f0735eada1a1692e95f763954d81fa069248a1dddcdfad3351b8c34c253ac245c4c53e0f788fdbd5a0598
SERVER_TRAFFIC_SECRET_0 be4bf90913c4af95856d1dbf58d5eb61b7958e3a4c85e95cb54c2e2b3bd73113 cb9481dba56288665768e903dc3ebcc9f6c876875303a9a49b95742034a5a73651721e8a85c2848cb7a7e4d0d9c57369
CLIENT_TRAFFIC_SECRET_0 be4bf90913c4af95856d1dbf58d5eb61b7958e3a4c85e95cb54c2e2b3bd73113 502214ec04e3f34a73707aa943ffb0b7b68c1f0ee4c9328057b2aa2683618a88a4004b014b61e5d21f4d979bd52ea94d
SERVER_HANDSHAKE_TRAFFIC_SECRET 9e5fad1190790ab703e9a9c995427a978b58e13ee9250de3fba52a0b41bdb9f5 631d2e006b54faa2f0e6d5430b060147beeb2e57a4542b12c9e816f466cdc83137d792fcfd79c82b5aaae4546bde33f9
CLIENT_HANDSHAKE_TRAFFIC_SECRET 9e5fad1190790ab703e9a9c995427a978b58e13ee9250de3fba52a0b41bdb9f5 4f5e5d2e785f9daf7bafaae3edadba693ac8ca5698d59b53bda8411810cbbdbf41a5534e7cf2d6c50237ba3d5b44f715
SERVER_TRAFFIC_SECRET_0 9e5fad1190790ab703e9a9c995427a978b58e13ee9250de3fba52a0b41bdb9f5 c90d3dfe27cc2cf719b25601e01a45a3412e487aac0e79e4fd6922744308ee9aac6a706cdfa8134b76d36d1acd90f2b8
CLIENT_TRAFFIC_SECRET_0 9e5fad1190790ab703e9a9c995427a978b58e13ee9250de3fba52a0b41bdb9f5 6f64eb19b9e4397076f8c3f141c173ec954cd768737638bf74ed61fb75d0face5726e335758743dcf6426f3faebe9d16
SERVER_HANDSHAKE_TRAFFIC_SECRET 10cae7a5455a18662f59bbd1c48594af8830ac0c924398b8a80da147fb000f2b 3fc0bef441719c0924f9c03c997192bd3c94dfc43c7da6b52682c39e2f46177ee1f0ebf4d32cf9b173df54526b31b30f
CLIENT_HANDSHAKE_TRAFFIC_SECRET 10cae7a5455a18662f59bbd1c48594af8830ac0c924398b8a80da147fb000f2b f2fa4156494af5777748c44830758c7e87b07953ccb431ad6ddb74b91d8dfc9cd4189972cf0617bea5727db39b68da8e
SERVER_TRAFFIC_SECRET_0 10cae7a5455a18662f59bbd1c48594af8830ac0c924398b8a80da147fb000f2b 2664e580693da1feb4290c71740150873e0106b753fdeb6967b8a488ce17660d36746d43a4811eec22f55e17a1fe9633
CLIENT_TRAFFIC_SECRET_0 10cae7a5455a18662f59bbd1c48594af8830ac0c924398b8a80da147fb000f2b 7a2f10d8fc2293e5f05d3766594b6986a4c94f4b00fd216cf49956b9d9ecde08cc69bb748be8873d4bfaf6ded72a341e
SERVER_HANDSHAKE_TRAFFIC_SECRET b29535f2bb04f5a5e34268b39def69ff024d4290419c0170eb46b1da96b484f9 7482c427b4d534df39ca0b4b05390ccf139d664603db346b79d605eefd543289c3b45dba0ac7fb85d8f9d6f03123103e
CLIENT_HANDSHAKE_TRAFFIC_SECRET b29535f2bb04f5a5e34268b39def69ff024d4290419c0170eb46b1da96b484f9 3c41c5d4cf3e784e74b025eb26335e3e9cfe31606239afcbb3e126dfaaacfc190a5a2b35e6f00aad687f22032e0d737e
SERVER_TRAFFIC_SECRET_0 b29535f2bb04f5a5e34268b39def69ff024d4290419c0170eb46b1da96b484f9 6c2c1254d3be5f4c1d5aa2a471a9574ecd45b5ede27e3aea3f9238373b73d0828f1a2d3f030c0b2ad022dd7dea5e9d8a
CLIENT_TRAFFIC_SECRET_0 b29535f2bb04f5a5e34268b39def69ff024d4290419c0170eb46b1da96b484f9 de5c2ba77d51c9becba2b76aaca8bf8150e20d877673ba14e6e6abd89f1772c41c5122f0431f5060f44bd77f8ce3490e
SERVER_HANDSHAKE_TRAFFIC_SECRET 1e47e98747692e8dc3106633bcaf58d7528ffb3204e8bb85253adce661d2e391 1cbd2a5b5214dea904632d61539c66f2d5ccfc4e929c7e28e3a4b76d81633557b74050490d247c95bc4d5731db4bf6d0
CLIENT_HANDSHAKE_TRAFFIC_SECRET 1e47e98747692e8dc3106633bcaf58d7528ffb3204e8bb85253adce661d2e391 d6f530915e8d8b25f9651504427b6ebce160b39e8b874ce68199859c8e204c89d437753be5afacc0f76a2d478068ed25
SERVER_TRAFFIC_SECRET_0 1e47e98747692e8dc3106633bcaf58d7528ffb3204e8bb85253adce661d2e391 c8afd4b51846aa2d607d72c54229f9fa8bd2656c390a19acca463fd232d430537c58303898ee4fcb867da7184004246f
CLIENT_TRAFFIC_SECRET_0 1e47e98747692e8dc3106633bcaf58d7528ffb3204e8bb85253adce661d2e391 89c329bdb666b0ab53766c99acafc16fa4d6f12d82c43ecf957e7df0d05c1fd9f8d6604dc5d176c3a60fd71659ecf740
SERVER_HANDSHAKE_TRAFFIC_SECRET 59a15f0b1726813e3234440dd88c82fce8648d77c65cdd3feb8a8989593f64a6 e57be1e790245352fbc164f4738461e7218b0dff03b17ea0c354f06de3536a57762f4a5fff405b9c4091ec472e8ff7bd
CLIENT_HANDSHAKE_TRAFFIC_SECRET 59a15f0b1726813e3234440dd88c82fce8648d77c65cdd3feb8a8989593f64a6 0429e8f2896061d2c5e0ddaafdec7064188d1e5a9bd5b60f17d86ee3f41eba3dcf71b2d5d55f85e1bbd97433e89a2576
SERVER_TRAFFIC_SECRET_0 59a15f0b1726813e3234440dd88c82fce8648d77c65cdd3feb8a8989593f64a6 9ff01dd7924698312bf444a48f7e49b5ff39a076fa38edc5f47a36182a1bb171db5e4e54a33cd92b14eddba082277843
CLIENT_TRAFFIC_SECRET_0 59a15f0b1726813e3234440dd88c82fce8648d77c65cdd3feb8a8989593f64a6 2f8a489f67c2d6180d9d4bc9ee7117dee82d4a40d57dfd4de7b7394f54e41648de58418f0b0144eca7ed40edafcfb5f7
SERVER_HANDSHAKE_TRAFFIC_SECRET 31d454940a726c4a963a7f0796767f4a15e18e28e6fb9a330479349a025f1f35 de4ef6d8df678403d4f58a7e6a679497f69197bf504ef5c2bf372e5a4d6733164a6d8a5eda4ed347c3dc3ae2d04c43e8
CLIENT_HANDSHAKE_TRAFFIC_SECRET 31d454940a726c4a963a7f0796767f4a15e18e28e6fb9a330479349a025f1f35 4dde970fb0b185e21e2efe8b05562688fee43145a2088b2a0a24ca999c8fee05dacbea6337b0dd258ad8394031258f71
SERVER_TRAFFIC_SECRET_0 31d454940a726c4a963a7f0796767f4a15e18e28e6fb9a330479349a025f1f35 cfbb22a30c1124538a5cc196c17ff0a4a3e99cd01f3c776f820628e99d5a23f3559786ee43659457ae771189048bb7df
CLIENT_TRAFFIC_SECRET_0 31d454940a726c4a963a7f0796767f4a15e18e28e6fb9a330479349a025f1f35 f81ae856ccc643187bf18c54a9b36be14d793d09ca9b06ff04b04b1e3e03e278ac95788065e5896225960c2092ed9a5b
SERVER_HANDSHAKE_TRAFFIC_SECRET 69968b0e1ccffae63607a80c558d3968a3a49d4977d2ffea939f42b212d44442 60658aa9b556766e533bd55c194bec8a271bc0a7ffa15124976575397e6cd07d53fcb6744010ee9100892884287a3627
CLIENT_HANDSHAKE_TRAFFIC_SECRET 69968b0e1ccffae63607a80c558d3968a3a49d4977d2ffea939f42b212d44442 d8480964d741aba48df17db56fbc5fbb713600b3b9262dbf830dfc2711db83fdf60716a05440c641c4d5f19dc95f1717
SERVER_TRAFFIC_SECRET_0 69968b0e1ccffae63607a80c558d3968a3a49d4977d2ffea939f42b212d44442 639f1582979633508912513e416418c23d2a37dd01d21190520fc9dd371b58e2715e5421410879dc8bc84ee88f5c505b
CLIENT_TRAFFIC_SECRET_0 69968b0e1ccffae63607a80c558d3968a3a49d4977d2ffea939f42b212d44442 791408e03c56cd92fbc3e0a5e06e5bf10fda6e237d21c4e45981264d790c71ef3c624e06d21f8096fda647959e067a33
SERVER_HANDSHAKE_TRAFFIC_SECRET 92dd60eca579ed55eb575998951544cc3216d19a23fbc842f61baa5ad2175c63 6aceaf85a1fd42c5c8d044af64e32f67895b23b52c8b47beee89866a638eb7a1624f07b9d423cd99c4d2569f32d5a249
CLIENT_HANDSHAKE_TRAFFIC_SECRET 92dd60eca579ed55eb575998951544cc3216d19a23fbc842f61baa5ad2175c63 2aecdb787b13cac04ebd3394601606603b5321a2d590f4e5cf6cd915fa49b51244440e6c9143bc162596e6dcf424df9c
SERVER_TRAFFIC_SECRET_0 92dd60eca579ed55eb575998951544cc3216d19a23fbc842f61baa5ad2175c63 5178e227f166e127e5e647c94faf1fde2c00d23f1526ec8d7ef809dfc1699f23addb7224a436ff1a9ea89df8c5982c63
CLIENT_TRAFFIC_SECRET_0 92dd60eca579ed55eb575998951544cc3216d19a23fbc842f61baa5ad2175c63 9241637a9c1f9b6d5a62fc3f247432d22b7c5b03f0a62baef6f2e80701cb94c91425e10b1750c6dcca70c19685d8b906
SERVER_HANDSHAKE_TRAFFIC_SECRET 46baa0149c2ce0045dffc94aa0630e049a470059305b7c394c5af64885d26d78 4b7bc949454e727a40cb3c22aa822680d0e5cd24f987e85df3547d05678790cf97253fba899d1ec8a74e0197c1c5cbfa
CLIENT_HANDSHAKE_TRAFFIC_SECRET 46baa0149c2ce0045dffc94aa0630e049a470059305b7c394c5af64885d26d78 0174852ac9b2c09680e49402993c895351dbc56af0387d1cd2c129e671969adf509fc1d484d04e0f7539aaa6d27ecfd5
SERVER_TRAFFIC_SECRET_0 46baa0149c2ce0045dffc94aa0630e049a470059305b7c394c5af64885d26d78 7b7ff2a3ecdb9c955a43fd6e1ee8337d66e2a163199538c076a30f3b931dd903f0f5a8aaac6aa8129cf80d3ac6dadbb0
CLIENT_TRAFFIC_SECRET_0 46baa0149c2ce0045dffc94aa0630e049a470059305b7c394c5af64885d26d78 abf3763b026b4e341da9618de354a43c70728a992536ae92d06d745fd984e8e0a6cb5a9606d12059c2bb89cf1344c90e
SERVER_HANDSHAKE_TRAFFIC_SECRET 9f77c451f5d518fe1e4c72622ced89fa1417733478e00a2c7cd4d1aea2066548 96a0894c9c10e0808b26d5677b5e8aaee4fa5241d063b9eadaa3f9ac7c3839399097c7398f7a7878626ac5b6c785ab5e
CLIENT_HANDSHAKE_TRAFFIC_SECRET 9f77c451f5d518fe1e4c72622ced89fa1417733478e00a2c7cd4d1aea2066548 40055df373246efa5ccbe50e984cdf875ed0f7b7c7c60ebdb88d617993c9b7edad69ba3f6dd452e9f09892203f4a611a
SERVER_TRAFFIC_SECRET_0 9f77c451f5d518fe1e4c72622ced89fa1417733478e00a2c7cd4d1aea2066548 2463d1417431924f622f0f9d8541d78eaa0bf7fa7b982f28525a7420984db16a8bc8c23f3fd4ec1badf0120e01344343
CLIENT_TRAFFIC_SECRET_0 9f77c451f5d518fe1e4c72622ced89fa1417733478e00a2c7cd4d1aea2066548 ba6b67bac7b1ebeb48d4e64f0a838cef222435f01ee0e78e15d53bced30c86107f80ace4401b8c769f4e5341b70b70b7
SERVER_HANDSHAKE_TRAFFIC_SECRET d278de4df2ca66d493605ac2ca595e5fdcb7894c51a02bea8cd6d8b6d02418cf 826ff3bf8ff62bc84943f8811c6b19112acd625f12951190924fb2b86fed8969ab1b715297d7a8ea8ea79244c5ebe79d
CLIENT_HANDSHAKE_TRAFFIC_SECRET d278de4df2ca66d493605ac2ca595e5fdcb7894c51a02bea8cd6d8b6d02418cf ae248a40f17bb66f767d90e51084b3487ca49beac9a696feb7d34856149c32acf564ce942c86482291220d4f0a16016a
SERVER_TRAFFIC_SECRET_0 d278de4df2ca66d493605ac2ca595e5fdcb7894c51a02bea8cd6d8b6d02418cf a8572fc7fe7ad36840d1fe3d169d65bbd5771bb4dacf8e6496501d072bf79b9347a8550e30eef4041803a7c6c6c3094c
CLIENT_TRAFFIC_SECRET_0 d278de4df2ca66d493605ac2ca595e5fdcb7894c51a02bea8cd6d8b6d02418cf 6aeb546ed489437f02ad568de93c962315f33293d2b99b366599fc718593fc7287005d88ac36a9b2bf288a9dda92c687
SERVER_HANDSHAKE_TRAFFIC_SECRET cab412b5feddb74667a60b69fbd7f0a4031daa6362b85a53c6d988920d5d601b 91596865a9d98aa6758ced2e0ed27dec523998089436e0fa75bd3a22bfc39b2fd591c832e897b8ce45e4a7e4119d8dfe
CLIENT_HANDSHAKE_TRAFFIC_SECRET cab412b5feddb74667a60b69fbd7f0a4031daa6362b85a53c6d988920d5d601b d95a6e88994ca5e10a5345a7e7c97e48697d9646248a55883e9bc9a61d9f16b2025e13c71b71d29e971768a46a44ca42
SERVER_TRAFFIC_SECRET_0 cab412b5feddb74667a60b69fbd7f0a4031daa6362b85a53c6d988920d5d601b 42825e7bd1be5647207f5094067dc372c614fa90be5ef624641f630c7e6fb3a58ce7b84c7c8081ec3f974301fdf4dcc4
CLIENT_TRAFFIC_SECRET_0 cab412b5feddb74667a60b69fbd7f0a4031daa6362b85a53c6d988920d5d601b 6dba19f2409f597c4518fd82b3a079e7fa9ce03972e61234253669847209ebe073b0c56d4140938e42ba3a3c6563bd1d
SERVER_HANDSHAKE_TRAFFIC_SECRET 38c4149b40cb014c2f52729ea042429f8a9c3505feb21f77a705951c79614f0b 1c67d6526f2cbb19c8c1b29a1cd35b6d508059005432495a71306136c8e05c3526f21fbaff66a2949198a2cb78e121b3
CLIENT_HANDSHAKE_TRAFFIC_SECRET 38c4149b40cb014c2f52729ea042429f8a9c3505feb21f77a705951c79614f0b dd6ced526405e5fb66774316300c661dd7adfac25cb869a766415ad4dfa31411e63ff103a14edf67fae65c049e4949b0
SERVER_TRAFFIC_SECRET_0 38c4149b40cb014c2f52729ea042429f8a9c3505feb21f77a705951c79614f0b 92d537ac02592113ae6aa9b6e8f08c8ad26b1b2d4dcaa5c304683fc31a4ec5328eacc5d6aa27a94a372e84ccb1410353
CLIENT_TRAFFIC_SECRET_0 38c4149b40cb014c2f52729ea042429f8a9c3505feb21f77a705951c79614f0b 4519cabe00509f69bde04239de15e8131af0ed73660bb553e9945775740595db82bc54343309e3a66d9374e5ed968b78
SERVER_HANDSHAKE_TRAFFIC_SECRET 8baafe14cb6645397cd75649590141d9a1b30ffcd9ea09d7bad621195aa82f36 9b21a9f347038428adc8dc9c998ef762de4534a2efe9ae3c10caf1c0ee0637690a12c1ba80ca815b2f5ed6b7169b21c9
CLIENT_HANDSHAKE_TRAFFIC_SECRET 8baafe14cb6645397cd75649590141d9a1b30ffcd9ea09d7bad621195aa82f36 c657a336fcf53dd3ba992e73912df66a2c4c40790968bb369dbdb9d16b51df4c041ddc52c301a287b7f52622c172fb8a
SERVER_TRAFFIC_SECRET_0 8baafe14cb6645397cd75649590141d9a1b30ffcd9ea09d7bad621195aa82f36 96837a185ff22d0a87c4613261cadc91cdde7f37c7400c775dd67a8ed836683fa3a4e8eed51022fc195ba0e86ddc4676
CLIENT_TRAFFIC_SECRET_0 8baafe14cb6645397cd75649590141d9a1b30ffcd9ea09d7bad621195aa82f36 a0af8e4701ee21a84798d55b5cb49db3e984dbf055a296444fe32ba6ab6ed13d286c08f357f785764a4412e9347318ef
SERVER_HANDSHAKE_TRAFFIC_SECRET a254bca2458932a56bd749808f8c22bd57f0b8dcc3336100f27ceb9f2a8fbc61 80639eca42312d05e04fe7bc6d08882a2b61e4acdd85ca774752b6a1fcfd81c3595034a88a050942b48bf016ecea7a5f
CLIENT_HANDSHAKE_TRAFFIC_SECRET a254bca2458932a56bd749808f8c22bd57f0b8dcc3336100f27ceb9f2a8fbc61 3cac28a368d6c3b23ec07dd239bf56b3ec5feb22de8918c4c73b5ca5671619afceb2f5567ab2c8ab2736d2b942554af5
SERVER_TRAFFIC_SECRET_0 a254bca2458932a56bd749808f8c22bd57f0b8dcc3336100f27ceb9f2a8fbc61 2a6149b12d57bcc09a332b72c7ac2b6100bfa94a4b21c33f5aa67ccc9eb78bd99e0dbcf59e37cbc0d54434ba99e5eddb
CLIENT_TRAFFIC_SECRET_0 a254bca2458932a56bd749808f8c22bd57f0b8dcc3336100f27ceb9f2a8fbc61 703acefba951f05c56561364912e1e4430e2938ce366ba230a8fb049cdaa05c7560604aa5991b27a2e115bda90a4422b
SERVER_HANDSHAKE_TRAFFIC_SECRET 5505db315f34bce96a498f15b3a4c4253214ec2f7017a71c8a87e2c26e480a5e 0c6a8bc4e591a8a1b72bf7f36bf18f9be9b9743edc4f902694e75156ea86dd6a73e43c76363c0cd74f6d5fb0e6cffa55
CLIENT_HANDSHAKE_TRAFFIC_SECRET 5505db315f34bce96a498f15b3a4c4253214ec2f7017a71c8a87e2c26e480a5e 5f4184cf52a2397f340b08d699a098ebd19be370cc6832ea2942a25c36c00ff0cbf8a5014409184f4c9e0dcb7120f1b1
SERVER_TRAFFIC_SECRET_0 5505db315f34bce96a498f15b3a4c4253214ec2f7017a71c8a87e2c26e480a5e 6f3547536dd566b40dae4e973ee17b5107002ec07e4629813c7f31660d4e4390e86ff481ab8763680a8767ffd9a7e294
CLIENT_TRAFFIC_SECRET_0 5505db315f34bce96a498f15b3a4c4253214ec2f7017a71c8a87e2c26e480a5e 709f9c8aff245ced77b0149ebcb6f6a35213d8e8b828b9eeb1cc96b617985699a34d9c1a6801fa7ee0af6332584721d6
SERVER_HANDSHAKE_TRAFFIC_SECRET 1b61e367abb9e4db13d218b055eef3ee155daf6854935a2587483ebf6dede42c 4dcdcef7c22c6c6baf51d55b3c85e29c5dd1a2caed130bbabb669e750c6be4815637434c2875baeb27c8b9a80444025c
CLIENT_HANDSHAKE_TRAFFIC_SECRET 1b61e367abb9e4db13d218b055eef3ee155daf6854935a2587483ebf6dede42c 4841a2c4b0625af2323ad318163660ce1f1700a8d0b8d88ceadb5f73ea54e8aaa8d07757e4ebc97a0eca64c2d98d2b03
SERVER_TRAFFIC_SECRET_0 1b61e367abb9e4db13d218b055eef3ee155daf6854935a2587483ebf6dede42c d5c267b33df7bae61b7c2c8b92f5eb2897454bc513fc5618a7909d51f96553bd486168e97bef28f9925bf7610ca7bd69
CLIENT_TRAFFIC_SECRET_0 1b61e367abb9e4db13d218b055eef3ee155daf6854935a2587483ebf6dede42c 7cb3b4dea8d53f9f9dd03ea327c228853f4e4d8ed453471c789e227a2aee4c2cc647f34da67a2022f0e80d212b99bba0
SERVER_HANDSHAKE_TRAFFIC_SECRET 0bb1421f836fa6b42a53b5cdd1b40a875e77cd8b561941366776fbb926905826 89ed87382c6332d49b988ee4d1c037627969d5744c4d16852f949df394277b43496db4fe1bcb156840df1c742944ab0b
CLIENT_HANDSHAKE_TRAFFIC_SECRET 0bb1421f836fa6b42a53b5cdd1b40a875e77cd8b561941366776fbb926905826 c07d447a3835a47c546e4ea2d112bddb1255c4971d74ddea02767d0e6066ec8f30a6618aeb67998016b7dead342b7481
SERVER_TRAFFIC_SECRET_0 0bb1421f836fa6b42a53b5cdd1b40a875e77cd8b561941366776fbb926905826 97ce7df3853039c522e61d6a772f7fcda6cbdd22e99eeb8e30da94a90e31fe5893c839239d18e8527e4f67b82f457f3f
CLIENT_TRAFFIC_SECRET_0 0bb1421f836fa6b42a53b5cdd1b40a875e77cd8b561941366776fbb926905826 b0abcd593bc3ece39a929f9b101234e667b8d2e76c3d03a33c6ee935a972440b11dc35883b163cddbcc0d23c62d9105f
SERVER_HANDSHAKE_TRAFFIC_SECRET 1d66637f90587c9371a7a48528ffcf748b1507d938de4e2bb4e8a692444d18ff 2ad6e30e54789a014f187b55f36912feee9d51a901abcad17f94f5b89f713d857b5b4697b2dee7756e4f7f075f62e432
CLIENT_HANDSHAKE_TRAFFIC_SECRET 1d66637f90587c9371a7a48528ffcf748b1507d938de4e2bb4e8a692444d18ff dcf9aeebe3207fe0f22a5839c3ca640166db3f49480d25b9c433689f2d3c8eec2bf0785a6b4817a92f431df0649926bf
SERVER_TRAFFIC_SECRET_0 1d66637f90587c9371a7a48528ffcf748b1507d938de4e2bb4e8a692444d18ff 43ce56da47adb4ec71e78656fed4082ee890d2990ac271ea8cb162dbd693a167d8ab30a77ae7cbabec1906dba4be30de
CLIENT_TRAFFIC_SECRET_0 1d66637f90587c9371a7a48528ffcf748b1507d938de4e2bb4e8a692444d18ff badccbda5f97c3304d2b750ef6fb0ceba30887db6959bef93d34e67be4c0c372110f5c5cc804c1ca5636f1d936a16b92
SERVER_HANDSHAKE_TRAFFIC_SECRET 7114081bb42a5f48cadfea44496ac63fa3b2ae519e73b8d78f2404e7e735ddb0 25bf0a6313f42a66cecd9fec710397098cc3ef4e6a4554382efb89d26edbb29b7441f1111cf526d7222155f4725a7cbb
CLIENT_HANDSHAKE_TRAFFIC_SECRET 7114081bb42a5f48cadfea44496ac63fa3b2ae519e73b8d78f2404e7e735ddb0 4a21ae2fccce16872a835876c73588b7365daa182f92b835c03ccf3176bf83a6865296ce8c4c59d49a0e19d1c13b2eee
SERVER_TRAFFIC_SECRET_0 7114081bb42a5f48cadfea44496ac63fa3b2ae519e73b8d78f2404e7e735ddb0 df70ec697c8fe577eb4c60aaa57ed18f4ee9ebffa55040c5414f916abd49479f5a33314eaa80beb052971a52a8105c8b
CLIENT_TRAFFIC_SECRET_0 7114081bb42a5f48cadfea44496ac63fa3b2ae519e73b8d78f2404e7e735ddb0 b996824b3013a280fd08a31f79047cceec15286511384fbc11e83cac34d5b2e8875dda2093b5caed63e6080d25fc3e14
SERVER_HANDSHAKE_TRAFFIC_SECRET 7a7e7ebe058db30b96f63501fa0d1c3cab9e4a76bc10335179892ddfed532cc9 0980a30f9ea515a9c875c4f0c1016b3c9cf6c860650a17c4317467d33aadc0563864b4d20cccf84b97556ca793b09859
CLIENT_HANDSHAKE_TRAFFIC_SECRET 7a7e7ebe058db30b96f63501fa0d1c3cab9e4a76bc10335179892ddfed532cc9 5ae7f050febca90c64ffd177efe3cc497892c5dba6ae180fa5341c54ab8e72c0e634a016ee807a7d2f9c8d068c0c75d6
SERVER_TRAFFIC_SECRET_0 7a7e7ebe058db30b96f63501fa0d1c3cab9e4a76bc10335179892ddfed532cc9 5ab4517033c38231a22e1e115fd6a7e00eca5b9176af4c072cf8f79181894d356ad6e6a3d5dfe5de05c176b4f28a9e3b
CLIENT_TRAFFIC_SECRET_0 7a7e7ebe058db30b96f63501fa0d1c3cab9e4a76bc10335179892ddfed532cc9 f0505b5d59599ced25b8e442c8d17799ad0d74d3f8d6a645d33d5891822e4c0ca14f8c426213659fb9cd1bcb520901fc
SERVER_HANDSHAKE_TRAFFIC_SECRET fbdf1e3cdcd672c3e763147bb746cbfcbbf750c14a771c5380a0092c487a2d64 a6699d405dafb5e9ababa3178a2e6a8daf7f0d0da969fa16365641e34bac9e72d56169c440c1c3b6cfe36c66a71aca1a
CLIENT_HANDSHAKE_TRAFFIC_SECRET fbdf1e3cdcd672c3e763147bb746cbfcbbf750c14a771c5380a0092c487a2d64 b140f35a5c2808ba4a7301d23e669732f0fa3b6ce6060f425c12dc39d42e6776ba0fb8342accd5a01b2b89777bc62d69
SERVER_TRAFFIC_SECRET_0 fbdf1e3cdcd672c3e763147bb746cbfcbbf750c14a771c5380a0092c487a2d64 4daa7bf04842b0e9cced2bdf54b66b79f7024a1e745c44de55e0a26772f765a8c6506cfc38a12b05b2fe919b8a090583
CLIENT_TRAFFIC_SECRET_0 fbdf1e3cdcd672c3e763147bb746cbfcbbf750c14a771c5380a0092c487a2d64 c7748771723de65a43912cb09b97de87b65c609706b30142af661fcd310ac43f815cbb6ac701d0ba0836cedd723188bc
SERVER_HANDSHAKE_TRAFFIC_SECRET 78f711310703e051961f148e0a89e381d66f0f953aa3a2fe2f1f10bd51be809f c53df61ba5af4ac71dbdf95c68c1fa6d0439a3f3af66e7ad8f505cbfaa66af0973624eda1343e15979a9ed10acef2e88
CLIENT_HANDSHAKE_TRAFFIC_SECRET 78f711310703e051961f148e0a89e381d66f0f953aa3a2fe2f1f10bd51be809f c099bd2ed18dd1341665515cd10b35385304e31716d14c105af145f9cd33f71dba84cde51495f603848fdff412539b1a
SERVER_TRAFFIC_SECRET_0 78f711310703e051961f148e0a89e381d66f0f953aa3a2fe2f1f10bd51be809f faf1bf39a8c8f7572a32a2ab312245acd5a6ab33425fac5412463269a503b57d91c64ddbc6b82789cd5f1b5ff2ea00fa
CLIENT_TRAFFIC_SECRET_0 78f711310703e051961f148e0a89e381d66f0f953aa3a2fe2f1f10bd51be809f a70cae93e5f85d3a27351fdf1a1e240a64ea8f9946b800f451e0d55e9e3936463c24028c3bc0744a36b207ff6681bcb8
SERVER_HANDSHAKE_TRAFFIC_SECRET 3f82e4840929c68108b6cded5ffa5fa55e9d980ce69b114b19d1b02d4baf4fc6 869af9226874c985458d12ceb451ce8753157344079daa9201e6b777316d28c96f0700c782381402e47898978d34b4ac
CLIENT_HANDSHAKE_TRAFFIC_SECRET 3f82e4840929c68108b6cded5ffa5fa55e9d980ce69b114b19d1b02d4baf4fc6 1a612e4cadf3ca7d9e9c40462a4e8b9eee18a29318a35ff5785a21ecd4d6b1215d15246f112edf42e196c0e3499d50cc
SERVER_TRAFFIC_SECRET_0 3f82e4840929c68108b6cded5ffa5fa55e9d980ce69b114b19d1b02d4baf4fc6 5e9d7cbf648ef6722b76c5f76d5a8285cdcaf76145a7c4a7606e9607004054e29608772d39f2c8c9b5a02f7b2f8fd942
CLIENT_TRAFFIC_SECRET_0 3f82e4840929c68108b6cded5ffa5fa55e9d980ce69b114b19d1b02d4baf4fc6 795ba4de150455494b48a5a8c74f01ad3f0f2a9d362027589c7952d6873b9bf0d20275c7f1c98813c9744f0941be89f5
SERVER_HANDSHAKE_TRAFFIC_SECRET 86b7d5637b8f24d61bf2bafbfac1779848f42608361648bd4bc11d921de6caf1 6415b6db4c1716e91575e1cc434372fddc026cae31d60ae05511ef2cd1a57a18b3a9551afb8b95f9e9d4195abf8a5cdf
CLIENT_HANDSHAKE_TRAFFIC_SECRET 86b7d5637b8f24d61bf2bafbfac1779848f42608361648bd4bc11d921de6caf1 c0fde2e8cb6f9191b95afe28d5cfa827278d2b6bb8adbf0384f44ceaf087bf51088e794d2f18c95c865d39f98f59af0f
SERVER_TRAFFIC_SECRET_0 86b7d5637b8f24d61bf2bafbfac1779848f42608361648bd4bc11d921de6caf1 7839cc8bb36aa8508484e2ae63e5f0c57c6b518b1fd64417e32a19c324b9f004b974b2de267adaa1773cd0ede0f21e1b
CLIENT_TRAFFIC_SECRET_0 86b7d5637b8f24d61bf2bafbfac1779848f42608361648bd4bc11d921de6caf1 eab44c617ef77496df23b75607bbc528ff751ee0e9c599c67823fd6d71688e57da26aa065f48aa48ccac9f379886972d
SERVER_HANDSHAKE_TRAFFIC_SECRET db8c49b5428299195ce6db3a94c8beef5a2ce77478a85021736d55c59104b601 e9f925af9efc6b6b80aa39f120628f03a8ba82902780b1eb2c60db431918c0b457587e5af9662f9ec4d511a317a25255
CLIENT_HANDSHAKE_TRAFFIC_SECRET db8c49b5428299195ce6db3a94c8beef5a2ce77478a85021736d55c59104b601 16ef93af34fd6015e1104a2c568951e8df8ee1dbc3842fa122421997a31b20c38d7ff464a07f634bee26c4abd7ff3ec1
SERVER_TRAFFIC_SECRET_0 db8c49b5428299195ce6db3a94c8beef5a2ce77478a85021736d55c59104b601 ebc171313635c46447bf56ea71a8085331259667f2416fc370a59c058a5d7fffea555bc1eb856033c3aad1067283a03b
CLIENT_TRAFFIC_SECRET_0 db8c49b5428299195ce6db3a94c8beef5a2ce77478a85021736d55c59104b601 fc8f77c654d15cf7ea06fc8f66387fe833adfe1311274be4c2f08693935c3063339b450e69162b6c364a8fed4135549f
SERVER_HANDSHAKE_TRAFFIC_SECRET e7b168e33fb8a43fe94cb6671d8adeb8e05babe21aa3815dc4f7003f82c205c7 6539fc2dec0ebd9e7539ad1de09f9833b1a0c9e940dd04f35197c5ef3259d5d86711a941b3a99112895cf6b65b1d5186
CLIENT_HANDSHAKE_TRAFFIC_SECRET e7b168e33fb8a43fe94cb6671d8adeb8e05babe21aa3815dc4f7003f82c205c7 8eb11a3e7efad4e67a3ffeeda1f2bb38196c1a06615f6d9409f30f31c40d30bf02a17c1695492b320593fba2a7be076b
SERVER_TRAFFIC_SECRET_0 e7b168e33fb8a43fe94cb6671d8adeb8e05babe21aa3815dc4f7003f82c205c7 b3b356be12bd38e9114d62bb23db65af69df8f4cc54534c3e3998873f2f54e8a033fa90e4145d4a5fbad28ee987e1794
CLIENT_TRAFFIC_SECRET_0 e7b168e33fb8a43fe94cb6671d8adeb8e05babe21aa3815dc4f7003f82c205c7 321da9948b1466ff1987b98e6fa54d5fccb6e6c7860b00b22ab5117138634115bca8976feb96e5dfcb76526b0bbea54a
SERVER_HANDSHAKE_TRAFFIC_SECRET 4b546b797a3ac344c001b3b4d5eb084dfee871bfe0d91c37c4e52f4fdd1c559d 1f404777c756e50806e376ed9e640818c23f210365aa04f4c2861ab191cac012e04ea907bb9009c3a519c486ffeff572
CLIENT_HANDSHAKE_TRAFFIC_SECRET 4b546b797a3ac344c001b3b4d5eb084dfee871bfe0d91c37c4e52f4fdd1c559d ea96e2b68cc582a8dd4aa85ae504c7c83fc610e9a79e1294151973341f5629463afa364d7cbfa9626c973659d2dec288
SERVER_TRAFFIC_SECRET_0 4b546b797a3ac344c001b3b4d5eb084dfee871bfe0d91c37c4e52f4fdd1c559d 032b42c0ffbd38731bf1e3e3db7856feed502e497aef05fd0148b6fe0a0e2be5460df29a6e3cc25351c453f20c0d3d59
CLIENT_TRAFFIC_SECRET_0 4b546b797a3ac344c001b3b4d5eb084dfee871bfe0d91c37c4e52f4fdd1c559d 5c3f3db12aff06718186f0ae8bbfb66a16003a1d5f2465e474d483a0f081e0d37c944dd8b4379493a9e8aaf9ef228b14
SERVER_HANDSHAKE_TRAFFIC_SECRET e0d80296ee63832394ab97b90029b9fee5c6f163c592b3f29c8e60ac6a7e902e ee7a4330149c0c7b5151764d20a3a21246240a4e5b5bb8176060149c5aa3d8d3d9093691ea7699fb60a4fd2797d15133
CLIENT_HANDSHAKE_TRAFFIC_SECRET e0d80296ee63832394ab97b90029b9fee5c6f163c592b3f29c8e60ac6a7e902e e1f95203a70dfb88dc714ca73e23e7fea3ca7e94266e68950470f3679752cda72227d38c609852c7850f71512e3d7f7f
SERVER_TRAFFIC_SECRET_0 e0d80296ee63832394ab97b90029b9fee5c6f163c592b3f29c8e60ac6a7e902e d11701d3c18197e96a40c936efa6f8943238c6dc2f0d5cbdac06ab5bf6d67f77e2e651c8fe6a4f01852827e1250cebb1
CLIENT_TRAFFIC_SECRET_0 e0d80296ee63832394ab97b90029b9fee5c6f163c592b3f29c8e60ac6a7e902e 014b65f5e8aa9c4ecc0f2a424559192065c1dc67aba8b87e4bb9efd089e880ab3b2edd273b59c135f406656c721d3597
SERVER_HANDSHAKE_TRAFFIC_SECRET 2cf51fb94e0fbea12e0471d33a2fa50d70aaaa124490fc0d16401528aa95a237 ab738daa4286d1c2b4590fc014afd8772ed81fa4a58ac6c0906b7caf13c2a42d59346867be265fa13c2aae53b6e4a37d
CLIENT_HANDSHAKE_TRAFFIC_SECRET 2cf51fb94e0fbea12e0471d33a2fa50d70aaaa124490fc0d16401528aa95a237 c571ab7236b91a78675e5a218375b13d4b23645e98d2ec5d406e638eae8a0ca5249d6f085ef72179f160ad3309afcb7f
SERVER_TRAFFIC_SECRET_0 2cf51fb94e0fbea12e0471d33a2fa50d70aaaa124490fc0d16401528aa95a237 7e8e2a93ef7ffb4a6f0e66b5c1c2ea603a0d388a06d71b702083b8ea37c827ec5c3722055207c87c802e7f9257e95686
CLIENT_TRAFFIC_SECRET_0 2cf51fb94e0fbea12e0471d33a2fa50d70aaaa124490fc0d16401528aa95a237 6c5948bd359fee1d3ba531db0be2abad7d8b2c9e55649b6fb8fe8b24f9af4e61ba760130a62dce0d6ea62de38424d6de
SERVER_HANDSHAKE_TRAFFIC_SECRET 812b7770b59ddeea79fe095ebb407d55eee1711f58bb62399bb3dd677322f791 5689b584e0094a2d8381b7a16bd89aff9dd973efc6166e68ddeed946585537d73c7e9e70757f572d07387142eebec1a7
CLIENT_HANDSHAKE_TRAFFIC_SECRET 812b7770b59ddeea79fe095ebb407d55eee1711f58bb62399bb3dd677322f791 6bdca87d225f872859bfd592b72628ad762b79925c4d2f46357c3a4e9a35e2f9404dbc799fca6e6ff978db00739ec667
SERVER_TRAFFIC_SECRET_0 812b7770b59ddeea79fe095ebb407d55eee1711f58bb62399bb3dd677322f791 75035bdfb5f740b7383617736f8149fbf275c8eeb45dd78a2a684ad4461a2b208c69d621a78c58be644b0e2ec8a07374
CLIENT_TRAFFIC_SECRET_0 812b7770b59ddeea79fe095ebb407d55eee1711f58bb62399bb3dd677322f791 9540c7544c6fe9e96c7ed59c67055096f07d9191f29595033579b39ff9fc7867afb660e094b2bba0119054255383b798
SERVER_HANDSHAKE_TRAFFIC_SECRET d30ce27ff5249c84cb591ed3e13a95063a3d4c01cb27f2d1561fd3d0c3a6a152 3fc2107e45cdd4bedfe1d1b577e84c6098c147229615279f29cd917d1937916936f6eab18353cc9f77aac3b81af214a8
CLIENT_HANDSHAKE_TRAFFIC_SECRET d30ce27ff5249c84cb591ed3e13a95063a3d4c01cb27f2d1561fd3d0c3a6a152 8dc4c356e4548f83570953a69f25bea472774f3cfc15ea8a76aff6f706f12192345f8cf9f9590b01d1f3ccb854e995db
SERVER_TRAFFIC_SECRET_0 d30ce27ff5249c84cb591ed3e13a95063a3d4c01cb27f2d1561fd3d0c3a6a152 b084aee078fb2edff718cd84827fd46f978dedde388bfe3d4fd571cec24cd1b94ad2127358951b3d469612a198a20c42
CLIENT_TRAFFIC_SECRET_0 d30ce27ff5249c84cb591ed3e13a95063a3d4c01cb27f2d1561fd3d0c3a6a152 b4baaab82245f1925b7010619d78d7e7cbcf36a8291d218a19a7ced23e47808f12d1965c049c65b9b3fa09b167639907
SERVER_HANDSHAKE_TRAFFIC_SECRET 3826a6b5db166535f7dd30b98f40b265dbc9ac8307f5cafe7f33e4dcc7a082e5 0f9ffeedb0d3b20784fc7f6e1696028b29f443cbfe44f7f1a88da58fc3114e1a6aaa83c2157cf799b9d97bb14b8d1ced
CLIENT_HANDSHAKE_TRAFFIC_SECRET 3826a6b5db166535f7dd30b98f40b265dbc9ac8307f5cafe7f33e4dcc7a082e5 980c1661c9e8a92cbfe04a75e0af936c4f4663af7a53f13d12ad3b037e907bea72cf1b1e07a530643c66611b5e92d7ea
SERVER_TRAFFIC_SECRET_0 3826a6b5db166535f7dd30b98f40b265dbc9ac8307f5cafe7f33e4dcc7a082e5 709a17f870168bddcccee53b2a9d82745d69cd8cbe0225894fb9e29c063bbe3c682c52096f3995ddef7d78956372d21c
SERVER_HANDSHAKE_TRAFFIC_SECRET 6a42ddf966665f45cf218ced324fac93d3c9e78dc0fe0962d6f7897adb7b41a3 adbc869cfd2a9cb90aa4b8e0c672a6b30b475bc7701ada9d2faee4134767cead5cc9b95c3ae4356b1073a9a5720352ba
CLIENT_HANDSHAKE_TRAFFIC_SECRET 6a42ddf966665f45cf218ced324fac93d3c9e78dc0fe0962d6f7897adb7b41a3 1812983de2489ff1414c4ed4809d43350c43ee8247381a39b9a7f28f72fd819da712e9deea573a28079978d89c18fc58
SERVER_TRAFFIC_SECRET_0 6a42ddf966665f45cf218ced324fac93d3c9e78dc0fe0962d6f7897adb7b41a3 8ed6190b378f504e180f4244b24ee96e0453bc3298be3c99adc572a3f1f6ebb3a552362118bb3ec9b08871da8fa36cba
SERVER_HANDSHAKE_TRAFFIC_SECRET 45edbc98f4f91bb113d4c6d1439299781374c16434c0b2411d98c991cc8cff45 3ee42a417da17eb6a82b38a183a52c4bc5bbbf871a64874268a111dd1da48f221c72c10d7bfd4f846e6eebeebe16e61a
CLIENT_HANDSHAKE_TRAFFIC_SECRET 45edbc98f4f91bb113d4c6d1439299781374c16434c0b2411d98c991cc8cff45 f2ac54c33bf8faa28e4ab02192debc265bdedf9ba1466912ee9b9719f0dcee3d000643adea0dddc7ea53fc0b94a0cc90
SERVER_TRAFFIC_SECRET_0 45edbc98f4f91bb113d4c6d1439299781374c16434c0b2411d98c991cc8cff45 f27e87fbe5b5fbb6cd82a7d0467c13eb2ed9cbf753eceeafb57f1d6920f48567bd5034676c7cd976d47f0a727d6e82fa
SERVER_HANDSHAKE_TRAFFIC_SECRET 6c762ac5c3f98df265eca9e32983f6285f49b7b45341994e0dfb0e834833d154 dd5a142c1eb447f845f8df57da44c68485d120ed8a8af5a5d49114207bc497a4de38e2289d740942a5a7877990a45e80
CLIENT_HANDSHAKE_TRAFFIC_SECRET 6c762ac5c3f98df265eca9e32983f6285f49b7b45341994e0dfb0e834833d154 aa1f39e8eb22ad34465cf4fd7486fd1b95ce9ffbf26d58fdd55db6f6398e1bfc333f1bc69471088163574516cab38146
SERVER_TRAFFIC_SECRET_0 6c762ac5c3f98df265eca9e32983f6285f49b7b45341994e0dfb0e834833d154 202528cb902fa2e89ac3fd124e8f3c284fbcab2d6176a10a512e7ef35858ce650de9b51c520e670821afae65a81081d6
SERVER_HANDSHAKE_TRAFFIC_SECRET 36348907bc94c6264366c145d3fb315b7eaf4d43c78aeb8ae17a798ed5c9b4ed a0530acda5af0db27f6cb951bb2e19360e834b941038be0067f1f71bfd7032da41c967c23bca11fc3d9f49e42efbf165
CLIENT_HANDSHAKE_TRAFFIC_SECRET 36348907bc94c6264366c145d3fb315b7eaf4d43c78aeb8ae17a798ed5c9b4ed c3ee44047a5fc1de5ffda189f88798abe308c66a98096dfe3cfa0731b16190baa46af083f15a014e65bda9a27688443c
SERVER_TRAFFIC_SECRET_0 36348907bc94c6264366c145d3fb315b7eaf4d43c78aeb8ae17a798ed5c9b4ed 15647bd8a5004a8fb48026ed05958b4b1901074a6f3d7d7c6e8111f64b3c4c9297f1992206fee887b3f852a7600acbc0
SERVER_HANDSHAKE_TRAFFIC_SECRET 07dbbd1857c45f4782c8fa0aed45019a4709d904f231676224ddd002af2cc49f edbef6b6eb653cb1ebdab8ca9cd667e95bfa6682145afe13af2f98f4be53d02a6d5a96db20c473977d285753a00f5501
CLIENT_HANDSHAKE_TRAFFIC_SECRET 07dbbd1857c45f4782c8fa0aed45019a4709d904f231676224ddd002af2cc49f 9f4e9ead8aec36c426ae5cb778136dab6a4d45fd14d19475e39b7b1b352486c6256326583b67b2d11c7f0f3fd62869b6
SERVER_TRAFFIC_SECRET_0 07dbbd1857c45f4782c8fa0aed45019a4709d904f231676224ddd002af2cc49f 86e56f7724bd8b94d029ddce06f4667642c401790465e866e606df646647b0b6a8665d7ddb4f79b01759cadc5bf04f1e
SERVER_HANDSHAKE_TRAFFIC_SECRET 5e437da94d31f49a12539a9a4952e3bd7d64de05b9c0604a4fde6cd7478aff56 ee9188c83ad1309797fd153c16138a8cd472aee87113340e5d7b60357a84526ef38defea8086ead6817aff922a85aab1
CLIENT_HANDSHAKE_TRAFFIC_SECRET 5e437da94d31f49a12539a9a4952e3bd7d64de05b9c0604a4fde6cd7478aff56 2ffa0a6720986a163fa619e4fc7ebe2ce5dabd2a3643aee37c2abe600c6d08423fe430943e0a9b79c9bfd9fbfbc6f0b9
SERVER_TRAFFIC_SECRET_0 5e437da94d31f49a12539a9a4952e3bd7d64de05b9c0604a4fde6cd7478aff56 a421e25a2b6cd9408ce7bdcef8bf88f90b09c689ee452d93d32de2ba7dcc8df493eae12e454c6313b37c829435cececf
SERVER_HANDSHAKE_TRAFFIC_SECRET 326a4621d0cb33b60ec3f744f35f77226c4eb168ee6c9524f743cd6682dfad05 f6179d793a12fc7550727c9f8af76eee8a6459e0319aad91f050da2c44bff383579ee4e3f0d611e18607e765007ce0be
CLIENT_HANDSHAKE_TRAFFIC_SECRET 326a4621d0cb33b60ec3f744f35f77226c4eb168ee6c9524f743cd6682dfad05 d4fd79e53ff1263bd4ad7c1fa3e64e146019f0e1cc8a60608f0c9c768853fa270dfcfd1c5b9189ff5716d9b3341aa379
SERVER_TRAFFIC_SECRET_0 326a4621d0cb33b60ec3f744f35f77226c4eb168ee6c9524f743cd6682dfad05 01da0e535aed054fd27b3d240abcce0a31bf0a368f4a7fc260a7a0aeeec705e54b756984879571618ef18260a968ebb1
SERVER_HANDSHAKE_TRAFFIC_SECRET 975a9d8a7c4f10a9b6293208c3e874980759b237f4096268a79eb7fbb0ee51e4 3abc592ca7814cc1e6231b27658c78e7566e718c7c3f072157362bc3347665f3471c11be084022c216e5b87be54ef62d
CLIENT_HANDSHAKE_TRAFFIC_SECRET 975a9d8a7c4f10a9b6293208c3e874980759b237f4096268a79eb7fbb0ee51e4 473dddf093af313ec4c7596dc023138fe07667d94714ad6fa285c040237a12cacbdc03b007af64051e50fb7566ea4b9b
SERVER_TRAFFIC_SECRET_0 975a9d8a7c4f10a9b6293208c3e874980759b237f4096268a79eb7fbb0ee51e4 cec81f3a8820e92fb6287352ad7abf817deb32fb6c853a328b17d4ded1b687440ed0183fca332b1df38515df726cb408
SERVER_HANDSHAKE_TRAFFIC_SECRET 2deae95b93f0479fc23596ab8ebab096901c935d83488abdcbd0442fae5a7bfc 81ad413f0a4dbe9542072100b36fe7cfc84e4d03098b3d876caab9c7d40ca2439b80febaaf4595ef47c525113b5d5cf4
CLIENT_HANDSHAKE_TRAFFIC_SECRET 2deae95b93f0479fc23596ab8ebab096901c935d83488abdcbd0442fae5a7bfc 4025992b1a603a1cae3d5bb736b85abb8f66e0dac718a0e5a54f439736dc4671537fb1f124d87a80419566f124c209ba
SERVER_TRAFFIC_SECRET_0 2deae95b93f0479fc23596ab8ebab096901c935d83488abdcbd0442fae5a7bfc 2d175cfcbf35c3954e5181793a85597793af01a85cf9d54517562a26cad80f976a04c31329ed7645bfccfa3977e121dc
SERVER_HANDSHAKE_TRAFFIC_SECRET c8a1437147d8a3c9aac60f519a30b425648bc8d1ca9fec23a9dfa2d26ada53d3 3de142ae9b89b163e7f93d6aab8782ef4cd71bf0ea965c0f4d57be25597b52c6bf8a387871da053910dfe915de31dbc5
CLIENT_HANDSHAKE_TRAFFIC_SECRET c8a1437147d8a3c9aac60f519a30b425648bc8d1ca9fec23a9dfa2d26ada53d3 6cee26bb65d17dd52726fb74b404a37f5e262690b9dcc3371b22e720a046901dbfe79574b67f8c97ba7e6635299faff0
SERVER_TRAFFIC_SECRET_0 c8a1437147d8a3c9aac60f519a30b425648bc8d1ca9fec23a9dfa2d26ada53d3 aed4706f7c3e06a21395b5bdcc8a490b7cad92c2ae0d0f4d161baf6f5b3336800e869f7709c56b272558db9351f9f8d3
SERVER_HANDSHAKE_TRAFFIC_SECRET b1d9efac24de9e9f70c1c57d44ecb7de0698435fb98c361c4f1ec717f8ade34f 324f335185e266c9cf94ae1fe9ae050d25ce1b054ac057077c5154c71fee0eab4ba78bb0e9b8ad60fc30beeead0ca373
CLIENT_HANDSHAKE_TRAFFIC_SECRET b1d9efac24de9e9f70c1c57d44ecb7de0698435fb98c361c4f1ec717f8ade34f 4f270c23e98e6f23b2e20b2172a3bb19f24d0c2c4fdfcef844bdcccb493421c1275d4e8ac1ac2fd16544d9475cff402c
SERVER_TRAFFIC_SECRET_0 b1d9efac24de9e9f70c1c57d44ecb7de0698435fb98c361c4f1ec717f8ade34f 62cf11ac6c418c8835f760af48d3b43f50d8ee5185f8d9a58cbe067dd1816519d66f1f29a33112674c72bf617daa0a84
SERVER_HANDSHAKE_TRAFFIC_SECRET 5919a4407209f2aa4de8c8cdd7b5d08f597b31cc8758ce5d63cd608bdc05f000 fd57e8cc866c192461fb3731ccde5759a0e8c5188539f61320e049923836ec1c7165e749f20057b3dcc386ce947656cd
CLIENT_HANDSHAKE_TRAFFIC_SECRET 5919a4407209f2aa4de8c8cdd7b5d08f597b31cc8758ce5d63cd608bdc05f000 439b4b608089271a4027095080ae9d25c814de4d6e65206980c7948675a78cc0c746aee51d5b6027d9e5028a3a3485bb
SERVER_TRAFFIC_SECRET_0 5919a4407209f2aa4de8c8cdd7b5d08f597b31cc8758ce5d63cd608bdc05f000 b39392195f78d2535048f24fa1ef780b76881f7f2e35a08b92bdb6429b161410681af233e8c56eb8b096bf8e0a29c2a6
SERVER_HANDSHAKE_TRAFFIC_SECRET 75398b9f0d05ac3c123dc633c74b6a9a1c6f85f16a41cde9adcddd1884a55359 f1bb72f127c45dda03cab02a029143e003fd59e9d5267e96924826db224ac96ef33be30f763585c2b3d06b1be716d96e
CLIENT_HANDSHAKE_TRAFFIC_SECRET 75398b9f0d05ac3c123dc633c74b6a9a1c6f85f16a41cde9adcddd1884a55359 7f39a0e9088e42ba8acd4c84d5a2988f19a516047960eeadbb2af0b6393e92559037ffb36920063f2a0bba994b06b823
SERVER_TRAFFIC_SECRET_0 75398b9f0d05ac3c123dc633c74b6a9a1c6f85f16a41cde9adcddd1884a55359 0065fc78d5a3e43d8bac4d72011851ad411413fd787e1f638139dfbb46dea272a1de88b03d459844f8bf73738c86c8b7
SERVER_HANDSHAKE_TRAFFIC_SECRET 5c655821e9752c960e7c44e9a1af491b0b0a85de8bdeff0af6ff50bba8a2caf4 bce59ea7cdeea49ca6afb0f452c7c70d3ac89707b9dba3f5a88a94074039d1759c3b05b2988c59a687f3558bb2243083
CLIENT_HANDSHAKE_TRAFFIC_SECRET 5c655821e9752c960e7c44e9a1af491b0b0a85de8bdeff0af6ff50bba8a2caf4 9e035f5208b0eb36941c5a055263a3b9f629124b109a8576f4360765aca1608e61160de48a4e867ba9432f30b6f78626
SERVER_TRAFFIC_SECRET_0 5c655821e9752c960e7c44e9a1af491b0b0a85de8bdeff0af6ff50bba8a2caf4 04ee55951f2f9cb22fbf0c23f8e331b0f8cfca769060e14fc0ccc3c00490a194dee82b866da0daf27214410ae4b388f6
SERVER_HANDSHAKE_TRAFFIC_SECRET f3bc7f5be002a769fd084c27bdaa0c704909b97fe5819057666d130e5705e051 efa3ce5f3b24378cc1652950b6e19fee692471e833b72220e6dd3d02e98bba5029367fbecd9decd323d1578c573d7f0e
CLIENT_HANDSHAKE_TRAFFIC_SECRET f3bc7f5be002a769fd084c27bdaa0c704909b97fe5819057666d130e5705e051 31a0cde19d9b3a4be35e16ddfcab3d8227e8472c74bb77c3bd84136e387de736b38a32e3e4133ba98fd267d02efa8280
SERVER_TRAFFIC_SECRET_0 f3bc7f5be002a769fd084c27bdaa0c704909b97fe5819057666d130e5705e051 991160852e05984fe5db53f65d4100e23a87ea3f0af2abaee760ae8745f9555e4eda3f18ffe30d6e5aa5924898db73c4
SERVER_HANDSHAKE_TRAFFIC_SECRET 86f118413aa0b153906045ba182cbcf4c97945ea6e0c564511e356422cf95f0a 609f721452cf077d1faae702bd7306af324c59d3aaaef93720f349de8b71a10803cb30b3a430967732703cd5fbf4d018
CLIENT_HANDSHAKE_TRAFFIC_SECRET 86f118413aa0b153906045ba182cbcf4c97945ea6e0c564511e356422cf95f0a a11ea9a0449bac33213452a3cc14c1cef7d1f96d71bc29bb1e2f7d56584ad9722a46e4f9848fc420f377c3be7ef81ff5
SERVER_TRAFFIC_SECRET_0 86f118413aa0b153906045ba182cbcf4c97945ea6e0c564511e356422cf95f0a 23a895c693d9fc8b6c6cd010f6a1973559f90b17dd11804fe64dda33af3d9928720028563505f1b77717543673bde77c
SERVER_HANDSHAKE_TRAFFIC_SECRET 88cf4c116af013afe1c140a4d33dc3f4c27708f98fac490233f88b5d31c379f1 682abcf4a50f98f40e5cf573ed4668613e2e79bbc1eb2dc502719aeb0a7740e1a3e10e6def8adebb506354a0f4f69238
CLIENT_HANDSHAKE_TRAFFIC_SECRET 88cf4c116af013afe1c140a4d33dc3f4c27708f98fac490233f88b5d31c379f1 30102181f3972de0423ee3af43dc363f1f119d83c67a3af2e3e9d5fa4884e92375fc41838c215f1ff796f2e1d4b7f916
SERVER_TRAFFIC_SECRET_0 88cf4c116af013afe1c140a4d33dc3f4c27708f98fac490233f88b5d31c379f1 1cef1cb7fc85ecdbb6db6f51cec9824974e1010a1352b943f935dc483d447c7557ccf270fe4e3ab5e17c91ebf8cecb24
SERVER_HANDSHAKE_TRAFFIC_SECRET d8a87d1012800d8a8e46370dc59bab65ba33d23d7d8734f36bddb380dc0376d6 ae5c5ba823e3de47a08efe5710e929c1e2465bcf65533e73d805c6aafd7552e4fc74371d7960a4974dcbf83b64b7a38c
CLIENT_HANDSHAKE_TRAFFIC_SECRET d8a87d1012800d8a8e46370dc59bab65ba33d23d7d8734f36bddb380dc0376d6 a857b7286b10410f4a7ceb40c37b4e2517f3ce5daa2294d8db83bc5f0f84c55f98c248cb6d40c420ae8c84d85a80283a
SERVER_TRAFFIC_SECRET_0 d8a87d1012800d8a8e46370dc59bab65ba33d23d7d8734f36bddb380dc0376d6 c3c8cebd520cd89836e65b0955b7b48dfcefd8373a4c6bf82bae584a147b4c0b84525cc50b9c9c24010449b6b039b1b4
SERVER_HANDSHAKE_TRAFFIC_SECRET b24e39618cbb28ec18535f57a091fe1392c8c2f8548a4ba04eecaba2678ce443 33d0281f9e3e3474e07da1ed0613686be79ebf57e32b5f2eaea6ac2c4c19bcc6022b926852cf7b62b95ae54a7ee54197
CLIENT_HANDSHAKE_TRAFFIC_SECRET b24e39618cbb28ec18535f57a091fe1392c8c2f8548a4ba04eecaba2678ce443 fa088debf20c86d413463240d092b4e411d904f240119535847564989a9eea4aca345df9b8475f182929e50293c26f91
SERVER_TRAFFIC_SECRET_0 b24e39618cbb28ec18535f57a091fe1392c8c2f8548a4ba04eecaba2678ce443 fa8cfacfe7b044e6467a6b7fc28be5ba4f368727e8eb360a9069fbd7b958dcb508298fc4dc29f89e52c672f74dc04697
SERVER_HANDSHAKE_TRAFFIC_SECRET fd1885a2dd5190cde9044d64314d8c933e97061569dbc11aceb6b46e64697608 603e806d26a9d0f5f937c49084c666a5c1444a833706c959e8babd062c5a5db8c46fd03893a88c854b0fc5b29b2b8d66
CLIENT_HANDSHAKE_TRAFFIC_SECRET fd1885a2dd5190cde9044d64314d8c933e97061569dbc11aceb6b46e64697608 669ebcdba1de53110196adbbe98b4ec88746db7c4eb165352e5e95b6ed7e0d6cff3f9a8b0d4720ef4633a48e91db7236
SERVER_TRAFFIC_SECRET_0 fd1885a2dd5190cde9044d64314d8c933e97061569dbc11aceb6b46e64697608 13fec3441519bf58e8ec03d9dad84d05c96c6206763a11090dfda847f0558f7316324c80255e34c8447fbcf6bf27752a
SERVER_HANDSHAKE_TRAFFIC_SECRET 3b05e04725923fc79a5d5a04cba5cdba0f0fc2e9d8e10877fa87175767e937f1 0813e8625ad650b7e9801efa5184ea6c292df063e5687067aaa24651690c34e79489540ea25923a30c6a1233ce44898a
CLIENT_HANDSHAKE_TRAFFIC_SECRET 3b05e04725923fc79a5d5a04cba5cdba0f0fc2e9d8e10877fa87175767e937f1 fa2bd0223d8ca860d614cb203068a1ad531d1e0dc9ab24ed0c6e9a725ecdac894a8617e0e7c2ab3fd5b5c514f7a78ef4
SERVER_TRAFFIC_SECRET_0 3b05e04725923fc79a5d5a04cba5cdba0f0fc2e9d8e10877fa87175767e937f1 c446fc25d0910d7ca01cb2668b3e6d6257de1dc55e1ff0e7f77f80d4f95d65e2516a2740c056528124531048657c389d
SERVER_HANDSHAKE_TRAFFIC_SECRET b7a02aadf7219d5b84f71453afb41250b8ad1aad3f304ed18538bc0b8ce1b234 af68862d08adf6f1b16b008f2cf472994a9088cbc34566719dd68647f432aa734435cfaa29ae7daa6eb7c43726a217ee
CLIENT_HANDSHAKE_TRAFFIC_SECRET b7a02aadf7219d5b84f71453afb41250b8ad1aad3f304ed18538bc0b8ce1b234 f3add17b74913c3ebe53962b2e51453ed5b483b73f4384b9bb9745c8b7be516090d3768eb217a17998fb096ceaf94e03
SERVER_TRAFFIC_SECRET_0 b7a02aadf7219d5b84f71453afb41250b8ad1aad3f304ed18538bc0b8ce1b234 e16f168aef1b127fb5eed6f88858ae5a2bac6bac3960f73fd069a1cc4f74c9b9c5ca2a5d2b09f08b5a3b36f7fb76f6d5
SERVER_HANDSHAKE_TRAFFIC_SECRET f9605074c71d4d72816f734546a53e3173484cef0fca1fe831c15d88c2a11f61 3656c1d15d877f80468bb43bb561aba32d5a7edb8c86171fda19e19436eec3ba2ea108d9d740e69d530b433d98fb1418
CLIENT_HANDSHAKE_TRAFFIC_SECRET f9605074c71d4d72816f734546a53e3173484cef0fca1fe831c15d88c2a11f61 b9b4f78c40619c27535fef81cfc8e95490b2ae64e1773a2de2bfbed4898ec2d7dfa36cea4f14f79845fa5e7dcc80f0f7
SERVER_TRAFFIC_SECRET_0 f9605074c71d4d72816f734546a53e3173484cef0fca1fe831c15d88c2a11f61 90b5e93d3e5b714eab3ab5393bba8fc29db147a65662632335fab0711821694a35ce643bb2dc6acae0ea07a7f25d2c1b
SERVER_HANDSHAKE_TRAFFIC_SECRET 4b60d0ea459099acff8cff4434892fd1f71034440629573024de562b2c1216fa f2bc76eb45697630ada1bb0fd69ead8775305ad9a6111b0363288d74d551559bf9ec2f2ee644c896deb8199957674e92
CLIENT_HANDSHAKE_TRAFFIC_SECRET 4b60d0ea459099acff8cff4434892fd1f71034440629573024de562b2c1216fa 48757d7ac8261982f6554202bf015fd21cb78be2e8f9a6a8b1652371fe09337f8ea14f0131c0721e343c6b26ce084de0
SERVER_TRAFFIC_SECRET_0 4b60d0ea459099acff8cff4434892fd1f71034440629573024de562b2c1216fa e4aaabd8dd27b04058e8cd3cda08a99abb8fa398f5b025129119ff4667e9d784da3208c0c1a0a029d70df92b52dd38d3
SERVER_HANDSHAKE_TRAFFIC_SECRET 4517f288c8fb4d5c5f378c0fe9a8f8ab3d34a7f23919b67b2ff1f90d19a77449 262cf0181c6a4376da18ae9f0ec54e3f16ff00a62e8c82686ae7ed55428eb6ea98b18ebc8dc7d85dc2c6f1e42ab0d477
CLIENT_HANDSHAKE_TRAFFIC_SECRET 4517f288c8fb4d5c5f378c0fe9a8f8ab3d34a7f23919b67b2ff1f90d19a77449 a1926f6aaac8cbc9dcfe1f649f1465e3be28621bf35d6ee6acbc915603063a6ffb643a85098d38350c7ae050cc8a4d9c
SERVER_TRAFFIC_SECRET_0 4517f288c8fb4d5c5f378c0fe9a8f8ab3d34a7f23919b67b2ff1f90d19a77449 cceedc3139943a1bc5e55121858c50077a84f250f40031432b87b096de4b7f121cdfbfb7e1cc4dea0f966dfe5cd4dbe4
SERVER_HANDSHAKE_TRAFFIC_SECRET 7fffc1b96b3c11a085a605769220269700daf6ce6ccdd87701cabea5438f0a4e 3daa9923787e1d1a0f8c6fb3054d87933e4cc3fee7b727c4b43e6241af5ae1d2152579381d2fef66a03028b0a26419dc
CLIENT_HANDSHAKE_TRAFFIC_SECRET 7fffc1b96b3c11a085a605769220269700daf6ce6ccdd87701cabea5438f0a4e 628773109f04761a0968378d418569fb0d08dbe7b90147ce32b81442b1d2518a94a09b1c6dbfcf974a055cad84cc609f
SERVER_TRAFFIC_SECRET_0 7fffc1b96b3c11a085a605769220269700daf6ce6ccdd87701cabea5438f0a4e 9707aafef723dd7d674a74d72c230fd14fe3175a132f2f3521eeeccc408b8901e32c416a91d6b65aabfb6d872063e7b3
SERVER_HANDSHAKE_TRAFFIC_SECRET 0fa9abd0dd117d28024fb3f39e23af60d0fef217f0e6faa590501407678d7376 50e9edafbe4469e3d5701e06b5e831188f3281e9f76f3b69f1c698ad53d6a4e2d23fdf09bf2930ff432e72467e5ac263
CLIENT_HANDSHAKE_TRAFFIC_SECRET 0fa9abd0dd117d28024fb3f39e23af60d0fef217f0e6faa590501407678d7376 26944b7403e2a9db344b57149a1d393a8f72380cba196cc8004022c719f791d4c6b88b09c3a0cd4f7e4965935feda950
SERVER_TRAFFIC_SECRET_0 0fa9abd0dd117d28024fb3f39e23af60d0fef217f0e6faa590501407678d7376 8cadf6c9174e303eae578f0ae917226469c2d84d99c39c33aa6edcaf1dd23441338c5b3127ae59f350c2d267d33c5b78
SERVER_HANDSHAKE_TRAFFIC_SECRET ad37f730e5962b5f63525582671996f78ee8734ac569b02d5fe99b6e812c4e0b 3bc6f0b7b798aa48175c798ee0f81f2505a6812b6af4e0db4a73864bf71267160cabb679158be8b7ad4e380ed10f6dfd
CLIENT_HANDSHAKE_TRAFFIC_SECRET ad37f730e5962b5f63525582671996f78ee8734ac569b02d5fe99b6e812c4e0b ece58cbfc2f29c2e1936aa5d596df5712423324c024e37cd236602b799508907665bd678af528464e180c94b4de1d184
SERVER_TRAFFIC_SECRET_0 ad37f730e5962b5f63525582671996f78ee8734ac569b02d5fe99b6e812c4e0b 7da4f0e03ced734204321b7de65760fda5ba2f3596a7a10cb54127e5ef7f353e58c0754fa5e9d6de6acbfbed8e08d751
SERVER_HANDSHAKE_TRAFFIC_SECRET 87da3c4bdfdc97a1c9060397a1961c3f5cfdf40279eedd7a8e52c38aae3a8a55 0b98fc273d392c8bd63ecc931d238cb427c74b737e892b79b8b5c4bbf4d6ecca1051279f813d307725e6c9bc463f7e7d
CLIENT_HANDSHAKE_TRAFFIC_SECRET 87da3c4bdfdc97a1c9060397a1961c3f5cfdf40279eedd7a8e52c38aae3a8a55 499ad0d97bb7db373303a6946ed18ea59d237ff305a0311eca39fb5b45c8fe346afbb385b1538934195a3fb5a6424d4d
SERVER_TRAFFIC_SECRET_0 87da3c4bdfdc97a1c9060397a1961c3f5cfdf40279eedd7a8e52c38aae3a8a55 295ac777d85903d542ce4591cddb00a6765e1ee03813890b9907d5940b2f911b5fb33c93290cdff3a19d5d6c8de586ba
SERVER_HANDSHAKE_TRAFFIC_SECRET d1f062bdf177497b10544a323a55b5f547daa0a96d66d390ccf29e73f5e886a5 0247eb2bf30be53b0a2e2ec2ad243c15ba523e3fad97173f5606ab971bbad0d436853efeb203d5c513a3c8da56a86565
CLIENT_HANDSHAKE_TRAFFIC_SECRET d1f062bdf177497b10544a323a55b5f547daa0a96d66d390ccf29e73f5e886a5 b49c8f984fa2c5991c6f406acb2b365eba2aaa049e3e241b712dd65e8c3a4d791f44b7df8d74d9803d04619066a85fc1
SERVER_TRAFFIC_SECRET_0 d1f062bdf177497b10544a323a55b5f547daa0a96d66d390ccf29e73f5e886a5 78a6bbec730889c9147f95c178c6e51cd40ad4826a168424f4582a3b3bfa45ce1d94c6439c0ffb8ad811a11589c277f1
SERVER_HANDSHAKE_TRAFFIC_SECRET ea0bc7e1dc38bd24d20a9eda782027bc5c379f52305904340a67932a2c062a6a a8317118fbcc2c861cc534c72b30f868a8a17b49247a4aace62b3d54f922899252b91d861782e9c90972ab7f4c1e39c2
CLIENT_HANDSHAKE_TRAFFIC_SECRET ea0bc7e1dc38bd24d20a9eda782027bc5c379f52305904340a67932a2c062a6a f70aba6b9f3fcac15af08d35e48cc0bb36c1a17dc50db88fd4e7f410a40381265766b6bba03ab2629d548571d433955b
SERVER_TRAFFIC_SECRET_0 ea0bc7e1dc38bd24d20a9eda782027bc5c379f52305904340a67932a2c062a6a 0045432026ee23c1ea3483ebfbd2830b7e7fcb08b8ffda9e34953bf66c60d980e5d66fffb4df8dae35456bc9b3767268
SERVER_HANDSHAKE_TRAFFIC_SECRET 75f303f6b7f4987e784b04a31579ad9dc646c4e27f2d6bdf134dcdbf78d65036 4f3fd8b7b99587c8c6d1da93f9f82824566bb44ac0bed905c03bbf9351bf7e18960f46209eb521fc21c0736eff14a52d
CLIENT_HANDSHAKE_TRAFFIC_SECRET 75f303f6b7f4987e784b04a31579ad9dc646c4e27f2d6bdf134dcdbf78d65036 5fc4837ebd92fbed2d7270098e3663e796da3350869402c947f57374284c791f65f9bddebb6fb9336151b66296409c66
SERVER_TRAFFIC_SECRET_0 75f303f6b7f4987e784b04a31579ad9dc646c4e27f2d6bdf134dcdbf78d65036 0991c6e8c6ea57aa80d26f9f1acc6209cf39ab1ab304e5e1135b105c031821c18026b6d306b2bf1e58883a6bea6292fd
SERVER_HANDSHAKE_TRAFFIC_SECRET f4e737b0e2ea8c7ccf58837e9b0ea91490997539c160f147e2b7b7bd6a66cd25 3959a4b019816dd89fc5e7c8f05ad01aa665c4088289eac41d0af5ad5c2e8d54a53435f424bf344266ff30692cb38be6
CLIENT_HANDSHAKE_TRAFFIC_SECRET f4e737b0e2ea8c7ccf58837e9b0ea91490997539c160f147e2b7b7bd6a66cd25 0412ac65f68a6be75c18baa77bf51e43def81706c0a8b919887a07c71a482fed3f41de07509dd60a346e9e893cb5b47a
SERVER_TRAFFIC_SECRET_0 f4e737b0e2ea8c7ccf58837e9b0ea91490997539c160f147e2b7b7bd6a66cd25 ea7871f66c90e50a447951086a3d275cf9ede9e81adebc737f893eedd33b8ad2216628ef9c442ec13e816b798276b497
SERVER_HANDSHAKE_TRAFFIC_SECRET 728be6dceb6081b8b23ef38a102a78f956c08694a0cf5a6f4e5ed9f495a227eb 2b7d26d2ca833f81b4831871d2afa9beff688536435247996fdee64b06ee6a491d237a8c8b4c4391292a0df3974dcd00
CLIENT_HANDSHAKE_TRAFFIC_SECRET 728be6dceb6081b8b23ef38a102a78f956c08694a0cf5a6f4e5ed9f495a227eb 404846d2118b34806504931381ae061bec5a77439e0d3eccd5a7d811454fd8c674a28d3917b3fe9fe76d4665764058fd
SERVER_TRAFFIC_SECRET_0 728be6dceb6081b8b23ef38a102a78f956c08694a0cf5a6f4e5ed9f495a227eb cffe3c557f32c7041d679a03e78d25ef32691ac2ae924f80e6f02e1d3813ebe4e9f910f0505348573b3a4ac7f7f14d74
SERVER_HANDSHAKE_TRAFFIC_SECRET fc078a5f578bdf50848f562d2c4ea5fb1c08aeec9f2cbbf39715e452d0b9177b 1c07a3f168d213abda09b65d1caf566842c46aa63e079cd4b943899d06cc7fc6510504658cee9b493b69d5c694ecd75e
CLIENT_HANDSHAKE_TRAFFIC_SECRET fc078a5f578bdf50848f562d2c4ea5fb1c08aeec9f2cbbf39715e452d0b9177b bfca5233a62008bebe9c254544a9e0271cf9ce20d53508276080fedc60a0dd08b30db961618873733eafd1ebdebdd7ec
SERVER_TRAFFIC_SECRET_0 fc078a5f578bdf50848f562d2c4ea5fb1c08aeec9f2cbbf39715e452d0b9177b b9f5c198136693a9841db1bcc67b092c79b84c30220a3556ae6e84fc30ea2663a1dea94495a13bf7c9e0dd62db006810
SERVER_HANDSHAKE_TRAFFIC_SECRET c7f332d2c615e5d2693892fceb07c8580a82b0d0299b4829ee4724d890c84120 c7f8b43e7641fa2762f8598d66a3d67476f098090e5ea7e819d1e7095c1451278c245c114aa29b327ca5c09c1a0f30b4
CLIENT_HANDSHAKE_TRAFFIC_SECRET c7f332d2c615e5d2693892fceb07c8580a82b0d0299b4829ee4724d890c84120 553aac8ed64ed5d2ccb268611ae887648e1b6bdd1fa4b9994852b9d9936b69677eb5428f807673fa2ac248fa79b0cdb5
SERVER_TRAFFIC_SECRET_0 c7f332d2c615e5d2693892fceb07c8580a82b0d0299b4829ee4724d890c84120 50743f0b1a05c9eded531df2640f6491e3376266cdff79389ddd2f91414a84be383799330bb7b453de9c18c0e3bfecce
SERVER_HANDSHAKE_TRAFFIC_SECRET 90ea8b77fed3a7573222f2b6baaa37198263108bd25ea2a74741f309562d8441 9953581192207507422117b919b6bccbf0ce84ebdee82027bb866498741e0285c7413136a6f72b1369223d78d6c0bc6e
CLIENT_HANDSHAKE_TRAFFIC_SECRET 90ea8b77fed3a7573222f2b6baaa37198263108bd25ea2a74741f309562d8441 0691a8b1f98710c974a0db0ebeb6520fee16259ddf5c0839f592e486010154a0ae9cc4df117ea4f10955718224f08bad
SERVER_TRAFFIC_SECRET_0 90ea8b77fed3a7573222f2b6baaa37198263108bd25ea2a74741f309562d8441 1ea942b8c4091fc5adb69a1eb6b85c8b5847317dde73a4d6e01139a1cda28f25cad9804e2a48a59a345b697bf70d8794
SERVER_HANDSHAKE_TRAFFIC_SECRET 843b27a1c9c432cfbdcab888983f58fe894f128611ee64cb87770e7b925b7c8b c367cd3091246b77817e2231252e9cca7d00f7dd1038b37da42a61ec18a99bcd8eab9a0114e146ab831f3a2273441c70
CLIENT_HANDSHAKE_TRAFFIC_SECRET 843b27a1c9c432cfbdcab888983f58fe894f128611ee64cb87770e7b925b7c8b 8b394943f4aebd3969a1ecc06c85e018f5b87a439ce60a3f55dc682d8b39a6a3880ad9fbcea23ced01201ea1377d7d13
SERVER_TRAFFIC_SECRET_0 843b27a1c9c432cfbdcab888983f58fe894f128611ee64cb87770e7b925b7c8b 3b9fd25ddfa571fcd730b730214c6038b2753aae188882470734b7361880e4645afd4c06e2cd7f75ca6a2ac2d01a39f1
SERVER_HANDSHAKE_TRAFFIC_SECRET 5e477ab3f570a32a1bf56724b0eb14c1dbb3318728c7d8f4475208899d19f1fd 54868ebfc84a2032c4b9d3641988e5430779a288bd72244c2ea19a554a98be093af684027745554180a3f35ab55b0d74
CLIENT_HANDSHAKE_TRAFFIC_SECRET 5e477ab3f570a32a1bf56724b0eb14c1dbb3318728c7d8f4475208899d19f1fd c644369769d151033dfaffc999e402a1fb79c035f96fefd0a0be6275b7df769b6d324fe36d816c57b760419b35460c8d
SERVER_TRAFFIC_SECRET_0 5e477ab3f570a32a1bf56724b0eb14c1dbb3318728c7d8f4475208899d19f1fd 98d2534c7f3cfb04931d9509bc594346d13316a24a525de204cc0c3f35bb74dc4c991e60fd8b26948bb227e7377c9f93
SERVER_HANDSHAKE_TRAFFIC_SECRET 0355d6eef1ac610c021d57c487f450ff6cf2ed825c7ce5af7de2c1da1cb88d0e 6d3f24231ae9bf04d2e0e5a4a4ba2ed8c57d9fef7349419b3bb0c635122f6f3290743606737a79f9e5f0506cd43edb49
CLIENT_HANDSHAKE_TRAFFIC_SECRET 0355d6eef1ac610c021d57c487f450ff6cf2ed825c7ce5af7de2c1da1cb88d0e 3511fdfb78c8eca9b6388cf36cbcf85307ada79e714de7f377954d031dfb731e3f24e1b42bd583368ffd4cafe5d365ed
SERVER_TRAFFIC_SECRET_0 0355d6eef1ac610c021d57c487f450ff6cf2ed825c7ce5af7de2c1da1cb88d0e 56cc20c54b09f7acc7d0e4a77d2a1d1efad17422089a55b60ea8208fb2131637c35d74b4eb490cba3e23b52273998adf
SERVER_HANDSHAKE_TRAFFIC_SECRET dd8c01e4b132336087bea4083b511e461200abf6ce827ed8673ac50e8bfd88a7 2a8eef34284fb56cf86c9cca67e4a2bb89796f841a4c7106671ceb57a47de58167681d90a8c400af6f5cc287305b726d
CLIENT_HANDSHAKE_TRAFFIC_SECRET dd8c01e4b132336087bea4083b511e461200abf6ce827ed8673ac50e8bfd88a7 9b9272eaa7a7a9a5262fa180d9a7dbca395383ffc6c0272062e7e721db8032935bc9f15646f5c44f4b919cceba699e12
SERVER_TRAFFIC_SECRET_0 dd8c01e4b132336087bea4083b511e461200abf6ce827ed8673ac50e8bfd88a7 e8977881d8621d0cf1055db8b38315563eebcc66ddf70aaac6d43ee56487dae00996883cdcdb9978982c62ab51eed455
SERVER_HANDSHAKE_TRAFFIC_SECRET f00ac39ba34c618a2053cc8b7436744175904fd6331abaf2eee6cdb9c3b60715 6c2672665c5b5bb5b027049b0dbcf881ca4d3102d28311db9a704d0f86a7488e1a196f8c4585202aff30011a0e86d7e2
CLIENT_HANDSHAKE_TRAFFIC_SECRET f00ac39ba34c618a2053cc8b7436744175904fd6331abaf2eee6cdb9c3b60715 758675dc9b1e4a693f815d8eecb76ec985007ee1428f71d29c455dfaef46be7b233fb42574b3d76478b6512808d77459
SERVER_TRAFFIC_SECRET_0 f00ac39ba34c618a2053cc8b7436744175904fd6331abaf2eee6cdb9c3b60715 a91fc546a4c15d101b92b837f0e5fd02dba12ef8716ba5ec5e63b3872e9b03edd74fb1c466a28ca0b4a6652de203486c
SERVER_HANDSHAKE_TRAFFIC_SECRET 259e09fc1e49a01effa9b8e688f003c2e8fe37a9fcdf8cce5f127f1ecc73748e eec56117294bd8ad4be1e1e30818f93ab0ec6ebdefd6867ec0bfe11d23067fae0a588ace92ee64d1b4a3c1ce8e99ea87
CLIENT_HANDSHAKE_TRAFFIC_SECRET 259e09fc1e49a01effa9b8e688f003c2e8fe37a9fcdf8cce5f127f1ecc73748e 9b3a0098883d4bfe86d07efafe28923717f795a0789ca58b719aae95812c0ccadd8a72dadff95f4bf033af5dc71bdd43
SERVER_TRAFFIC_SECRET_0 259e09fc1e49a01effa9b8e688f003c2e8fe37a9fcdf8cce5f127f1ecc73748e b09b84b2b454ed7e56c87f6ce766110155003fcec2ef29bd1121c13d92e8cc9c31c881bd4c84d17e42c6e13765954354
SERVER_HANDSHAKE_TRAFFIC_SECRET d6841388c88224c42cba4cd4c53b4671667698b2e1d656a70e702c3951c6dbdc c9b888c41426661d2172fe3ffa73fb04bfa0ce230f30b6e55d1f6c9c93bad2a0bda3654f8d79c48cb71c35a550dd2f5a
CLIENT_HANDSHAKE_TRAFFIC_SECRET d6841388c88224c42cba4cd4c53b4671667698b2e1d656a70e702c3951c6dbdc 567a46393ff0fa21e92c67e9ba4cf983056a728b4e01d85cc9ac0a296d874899dede5e1be12f1e884dacca685a53f5a9
SERVER_TRAFFIC_SECRET_0 d6841388c88224c42cba4cd4c53b4671667698b2e1d656a70e702c3951c6dbdc 0cb2e6dae467495b9e24e4bdc979f69f9e32b5a04baace519d8c7454f6481dc80bd5121001ad960aba97d05aebb865b9
SERVER_HANDSHAKE_TRAFFIC_SECRET 00450b55bdfa10f4437bd12e04d8330969adff42d31a1cd297bc59c8daf848df bf18d8ba857d155723b7d24c818035e8beb30d6e2a54869b599b981c37dc92f4dfb85f4a59cbdcf949ff1d5b44df061d
CLIENT_HANDSHAKE_TRAFFIC_SECRET 00450b55bdfa10f4437bd12e04d8330969adff42d31a1cd297bc59c8daf848df 681f49a03aa5b7acd28f1ccb8a11cfb36bb3d3e924cc170074209e223fa233c469ba685cacc4d92e45bdff1f93f500ba
SERVER_TRAFFIC_SECRET_0 00450b55bdfa10f4437bd12e04d8330969adff42d31a1cd297bc59c8daf848df 4ff362e27810b998dc9339d894bc998c5f7a38a9207214fa76a8593fe1924b1b86b7f31e72e2b640406747f0f00532b3
SERVER_HANDSHAKE_TRAFFIC_SECRET 10f64d61f96eeb10b1e0d279d499f228bf9783b04c024ab8dde65166e3ff4cfe ad24211e4ed5ae39c5a53fb4439563d6a506be50c3ea928a737d74af1a97333c580ea0f2e35a572488ef179d7b4b4977
CLIENT_HANDSHAKE_TRAFFIC_SECRET 10f64d61f96eeb10b1e0d279d499f228bf9783b04c024ab8dde65166e3ff4cfe da35aa1503ae4b44993cd42a25214c445af7f8cd1d83bb562992f57bcd0b657672ae59f45886fb96b04276010d752a46
SERVER_TRAFFIC_SECRET_0 10f64d61f96eeb10b1e0d279d499f228bf9783b04c024ab8dde65166e3ff4cfe a0cd9a32d9070177787874bb9678f1343cf34679996b9cb0ac9371b890af9eb39ac2179f1bc7164262a88dfe7b4ea773
SERVER_HANDSHAKE_TRAFFIC_SECRET 0fa002e584334a0122ad60362d762f1a4fa22c5b9d90b8dc807be716a89df43c 73e4ea09daf8626f4861e8fb451774620be11812166d287dddbdb5debf6741a26f3d54584ac433a018e5efc264a442ab
CLIENT_HANDSHAKE_TRAFFIC_SECRET 0fa002e584334a0122ad60362d762f1a4fa22c5b9d90b8dc807be716a89df43c b6f3a785695ed946f8aa608f862451f23576fc94a95d89842f1ee3e6f75516d67f2c7af69434f1e777605a52b3de4841
SERVER_TRAFFIC_SECRET_0 0fa002e584334a0122ad60362d762f1a4fa22c5b9d90b8dc807be716a89df43c d4a469a42fe9dd479d98fbd914424ccda809eae1e62281b231bf04b33a3d4376366a38ca0fccc4c6e4fb91aa7cd32ce5
SERVER_HANDSHAKE_TRAFFIC_SECRET ca0496715bb1be75fe41ae2a2e2d8a3a2f8ad738c1381fe7464602b7a634c803 fd4d1413600e4a021d45f6915ead9588706ca59c8c8111086cbe01a6c215bc958c8a07efdb3459e88544e09e8f2631a2
CLIENT_HANDSHAKE_TRAFFIC_SECRET ca0496715bb1be75fe41ae2a2e2d8a3a2f8ad738c1381fe7464602b7a634c803 bac810aef9157e66d0f34bfb2d8920fc2f3d9b8c317f7fc939dab274be45ab57e9dc20d8b88d48043a76f109256f9ed2
SERVER_TRAFFIC_SECRET_0 ca0496715bb1be75fe41ae2a2e2d8a3a2f8ad738c1381fe7464602b7a634c803 6c2fa1c4ef8fdd7a0e6444d8dcd052e574f6d27f40a9a62e465f63bd29a1cc9bec9ab7b7c41f1672e6e1ff7f7298204c
SERVER_HANDSHAKE_TRAFFIC_SECRET d59f13f680418bdc14a664d2c307465a0664aaa4ab7950730aea0c4e0cbf26da 33e6bb41df2c8a690bd9ab532e67863839ee16fd4112fb5eb98095f89b28b4a9fc1236d2e4c779044a41709474f9d95c
CLIENT_HANDSHAKE_TRAFFIC_SECRET d59f13f680418bdc14a664d2c307465a0664aaa4ab7950730aea0c4e0cbf26da e7852d17132ef0ec68bc0e959cb800e32b4c169a4c307dd055cc4d119bae99aac41b83aaab10b2d456c0da288a985169
SERVER_TRAFFIC_SECRET_0 d59f13f680418bdc14a664d2c307465a0664aaa4ab7950730aea0c4e0cbf26da 42acdcc027d43cc855483894eaa5c2af636e0b533ca75e565120c921fcba6c960f7261189dfadf8e6d201c1c1c29f30a
SERVER_HANDSHAKE_TRAFFIC_SECRET ecd1223bd1312624d382269964257d2b6086a5f7cbe6f39ebb78c7c30957dc98 2faef12088d083507e0fe614f8744dcd95ec8621faa0f2060db91f44e0dbf5674af9970d99c14e40be7a7dc95d4f8911
CLIENT_HANDSHAKE_TRAFFIC_SECRET ecd1223bd1312624d382269964257d2b6086a5f7cbe6f39ebb78c7c30957dc98 b741a7d8eab2ba7ac05f8e253fe4b15d5082f1753f406f3a7b5add8c0d72b7636e908cecd6efe09a34f59171ae9bb67e
SERVER_TRAFFIC_SECRET_0 ecd1223bd1312624d382269964257d2b6086a5f7cbe6f39ebb78c7c30957dc98 6626c4f3d3a7ae9cb6f8f6de96dd3dea455c8f91a6c431d3c22343dace40b324b61cc122ad8bd53e0f69f8d3f52ae62c
SERVER_HANDSHAKE_TRAFFIC_SECRET 51313b521cc2a2ae523e0e3b8aad0313e5939ec8bcaa772bf1e93dc49911cc95 388075c802178a68a2063d5da1c34c38cb33dec3045d2ef6341b25126f324e8061835a42b7bf3d1fdadb917d675a818e
CLIENT_HANDSHAKE_TRAFFIC_SECRET 51313b521cc2a2ae523e0e3b8aad0313e5939ec8bcaa772bf1e93dc49911cc95 e3ca7a4b6f40fcfc4933622e6a63579c87d23197fac73e4b82ab20a496e9cd8a29abd4ee80458071c7c5af230d0f830a
SERVER_TRAFFIC_SECRET_0 51313b521cc2a2ae523e0e3b8aad0313e5939ec8bcaa772bf1e93dc49911cc95 1b38f6e90bd284086454651280a327c6e8d3448021a729e7ee32cb1b7b4d31de3785d989656269a5e1be64d1e34f076b
SERVER_HANDSHAKE_TRAFFIC_SECRET 75f14d53542cbefca8c85a48b500dc34f415d4d61a315ee090d0651ae51d3267 a0f41296ea75828ee8bd069193a7f1b8c034b5955363e54f26006d74c4d7ef8434625c83020c0fc550e60c61b0f0feef
CLIENT_HANDSHAKE_TRAFFIC_SECRET 75f14d53542cbefca8c85a48b500dc34f415d4d61a315ee090d0651ae51d3267 df5b7dbfe9165135111507e876443a96514d46f746f9a01f662897fd08c757290dbeea02455f57db179761106574ef93
SERVER_TRAFFIC_SECRET_0 75f14d53542cbefca8c85a48b500dc34f415d4d61a315ee090d0651ae51d3267 28d5838bb9e4de8d70773cf5af1db2f26ab2084d26883d79565f56e7506e26a8367a5c46b927d6dba26c463f56ab36ee
SERVER_HANDSHAKE_TRAFFIC_SECRET 9c2d255a3e5e689dd03e4446a925bb6dd2a653937c21b68d5185658c0fd3d014 57a5767027077eacd1a09c386a4337cd01b509f3f9d23509935a036b15834b65923342fa5aca794063b8e8aba701635f
CLIENT_HANDSHAKE_TRAFFIC_SECRET 9c2d255a3e5e689dd03e4446a925bb6dd2a653937c21b68d5185658c0fd3d014 d8938c8aec097caef772f1984d3d87d99433bdb073a3f54dffa4b641fa24fa2b30bbda26bf6a7cc9adf568539d144a76
SERVER_TRAFFIC_SECRET_0 9c2d255a3e5e689dd03e4446a925bb6dd2a653937c21b68d5185658c0fd3d014 54400fae93e788152caf8c65c139c9a55e061af6a7d7e9643753850ae64416a50f00f8f5d2fcff2044545241087e1d3b
SERVER_HANDSHAKE_TRAFFIC_SECRET abc24a12fb894d44d59565d753b3b70807292928050c5bc5aca1a8cb5d94e8b4 092a501a783e3e9bacd7458c5f98429cd8da81942c104f67ec3a9d35ab88bb6d8f23dc81772c5c16f97495d4cff56190
CLIENT_HANDSHAKE_TRAFFIC_SECRET abc24a12fb894d44d59565d753b3b70807292928050c5bc5aca1a8cb5d94e8b4 9cbcc662b783924950272d589e6d0eee9acd978ede82f837fd918003de48dc262c1463e1ad1f01d38ff65edf82f9cfc4
SERVER_TRAFFIC_SECRET_0 abc24a12fb894d44d59565d753b3b70807292928050c5bc5aca1a8cb5d94e8b4 59ee23c0e7e8838af92148b086ef25e9b244675f3a1eaf07ea37f151efb73387f3184ec36e714a8baca5f65159cc9925
SERVER_HANDSHAKE_TRAFFIC_SECRET dba72b7366dc8c5a976bfe321d0d3eb679d3ffa51758e9b3c7bebcdc685b7c84 d0a974ecdc972ee46f5bdac5c8bdb0b30f44d27c2cde5cdbef0043cf2dd8a65c1fa1e71f5db4129df4d482618b0a3f47
CLIENT_HANDSHAKE_TRAFFIC_SECRET dba72b7366dc8c5a976bfe321d0d3eb679d3ffa51758e9b3c7bebcdc685b7c84 963342ae2255a95b7110dfa62910a33d0ce44c7d322fce51158667a1aa09dc85f21ae504705665e100d2296df14215e3
SERVER_TRAFFIC_SECRET_0 dba72b7366dc8c5a976bfe321d0d3eb679d3ffa51758e9b3c7bebcdc685b7c84 2a31d10712613f3ec85e396b1b0dc43477dae1a981a2c04c64b4b0d13932c8c335aa18960a2b502357cb0f7ab6907a16
SERVER_HANDSHAKE_TRAFFIC_SECRET 541b3563afc664b1fca8634aac995c3f3ea9ea404965c165644cda6f389ec209 7ce603a15325346d398286d6c0e563a629b18320cfbde6d7b4ad99b86ea0dc8d11c61660442cd81637215096e83780ce
CLIENT_HANDSHAKE_TRAFFIC_SECRET 541b3563afc664b1fca8634aac995c3f3ea9ea404965c165644cda6f389ec209 35468776764c67fe6db136a2e82091df8c496df2d723a102bf2e1573038c3333264ccc8d579e18093d5aa3b16f4ff808
SERVER_TRAFFIC_SECRET_0 541b3563afc664b1fca8634aac995c3f3ea9ea404965c165644cda6f389ec209 cffef80e3a7b74c86548a13e0ec9cf831f374e121f5872666c9f6e7893b92920de6df23927bfb5950abcb56ff4729bdc
SERVER_HANDSHAKE_TRAFFIC_SECRET 1c38c4ea8ef484c33ad8fa4a57c1e1491c4b49010232ce74c54b1bbef903b6a2 a9373f868e4591173f5ed719c43124a94351264c38b8c2c4ff3a0a0dd13728b864632cda4734cf716495fe2b483ef38a
CLIENT_HANDSHAKE_TRAFFIC_SECRET 1c38c4ea8ef484c33ad8fa4a57c1e1491c4b49010232ce74c54b1bbef903b6a2 3ce23e08622eb131b4d56b3493ba20ca31dc85d9f6e48b5dc97b9a6673df252081063acd4299dc0e561a0df672d555f6
SERVER_TRAFFIC_SECRET_0 1c38c4ea8ef484c33ad8fa4a57c1e1491c4b49010232ce74c54b1bbef903b6a2 d00a9f2aec41e5fdc777c4cb86e3c0874204dc11b243cc04ff44fbaa4732f2a65f991ad4118b74740106d3c762f6d7f2
SERVER_HANDSHAKE_TRAFFIC_SECRET bc686c3de416e9a62595c4ca80484af9c9784fd9f05b9375473341335ae0d05e efb9d0b2b5d62739536f21a37b46bbc8d134b0b60d629a8a1d2ce9cfdea21d16f0be20539cead59aadc32c082f01680a
CLIENT_HANDSHAKE_TRAFFIC_SECRET bc686c3de416e9a62595c4ca80484af9c9784fd9f05b9375473341335ae0d05e 6259bd2a40dadc6d6ef7f993126538291280113e55804801334b511580543f9042605397313139c78dc59cdaaafb251b
SERVER_TRAFFIC_SECRET_0 bc686c3de416e9a62595c4ca80484af9c9784fd9f05b9375473341335ae0d05e f5d4caa98aa7a769fc80c877d2f3edbc270fb655a7a8bb0bf21f8dd95ea755890c658fab8ae74cb80e810c5d23d445b4
SERVER_HANDSHAKE_TRAFFIC_SECRET 16a83ce9189ebdca07f0d64751ae2b68bce013eff3bb8966dd799851e907bef9 cd5660802a29956b065597b65df73017d5be1df2508d5ee8f97ffd0149b3085a1b1046221bb5123524af6701304784f5
CLIENT_HANDSHAKE_TRAFFIC_SECRET 16a83ce9189ebdca07f0d64751ae2b68bce013eff3bb8966dd799851e907bef9 7a2368bbce76054957124ef9cde78b4f8526629ea09a6bb6177cf8ffec28390c704721f2fdb2f745cca50f258085075c
SERVER_TRAFFIC_SECRET_0 16a83ce9189ebdca07f0d64751ae2b68bce013eff3bb8966dd799851e907bef9 7e225dee4a05063b03634c13123402465c4d5739f7ceec87459c7676b3fad0259ad0c4e2269cbd52c5214a0467714ce6
SERVER_HANDSHAKE_TRAFFIC_SECRET 2ce8773017266228e4d2f56135c7daf33bcb5b08274bbdcd3efa4414a22517bb ca70649751913973bb9cae92fef7bc80dfb8ead738a0d9bd2ff460f85cd3a07eed3d98b769fb49aacd2d2469ab5ff976
CLIENT_HANDSHAKE_TRAFFIC_SECRET 2ce8773017266228e4d2f56135c7daf33bcb5b08274bbdcd3efa4414a22517bb f139ca26bcebddd1538464d962f1f5b881a6fded745fc2c14e60fe3b479589136fd876addda0f18c9ad59831a118b763
SERVER_TRAFFIC_SECRET_0 2ce8773017266228e4d2f56135c7daf33bcb5b08274bbdcd3efa4414a22517bb 078512f1f3dd18d1398014cd845ecd19826f6646da15fac6e555e6153a45bc052a7c1f21b1771a0ca12816e85445dcc9
SERVER_HANDSHAKE_TRAFFIC_SECRET 14a9497ead9f9644da970137f84d044d5c900d9f14cd105c7e28d73b0dfd5e90 ff70c4774ac5f801d4de3d7f950fc4e9cf3df24179d2e9989a6b88e1daeca3e8a8f75bc907af376971a3592bb37341a5
CLIENT_HANDSHAKE_TRAFFIC_SECRET 14a9497ead9f9644da970137f84d044d5c900d9f14cd105c7e28d73b0dfd5e90 e4c638150df2bcc83d4b61dda15bb2cfcd0c65420eb655acf5b08e732ac3b01ba229d1daaf5b111dac198360482f1ec7
SERVER_TRAFFIC_SECRET_0 14a9497ead9f9644da970137f84d044d5c900d9f14cd105c7e28d73b0dfd5e90 ff84d038f4ece10813614238d72c3a27ce8f7c7eea397bb571e8b8ed070b378c8bc3f2c97138fb1bc9d8e9fd4f4b0f8c
SERVER_HANDSHAKE_TRAFFIC_SECRET dc35d340102c477a635866e477bb8345a751d5568d664e4cb6bd4f7a1c236334 6958a727f7d8dd6b877e9570fa3f6c93eefbf371876e356eae08f9512902f2b5ae29ef86bda89d1cd30ab53bcfeb1872
CLIENT_HANDSHAKE_TRAFFIC_SECRET dc35d340102c477a635866e477bb8345a751d5568d664e4cb6bd4f7a1c236334 1dc185ae073f9006400607720cc3d4990dadf827dfd9a129fc95e09be1d4ccfbe45fadac757860470a9e5620048f7518
SERVER_TRAFFIC_SECRET_0 dc35d340102c477a635866e477bb8345a751d5568d664e4cb6bd4f7a1c236334 aee2fd34cebb625c50a98a5adc8a17f5339597d863ce93d23c6d92e16c5d5d05c8d497119f51dbcd46a1963f99792922
SERVER_HANDSHAKE_TRAFFIC_SECRET 5a35b835789f03841b0700671c76f936f9c374f293f299c932c37bfd7298adab 22fd6aae3261a78735d52eabc84e0ff8207ae3132b16b55b01d261bd153ecb9d4bd7a597d3c7d9c56a66ee02d82e1b4f
CLIENT_HANDSHAKE_TRAFFIC_SECRET 5a35b835789f03841b0700671c76f936f9c374f293f299c932c37bfd7298adab f995be5e3ec374d76210b8377686532661622235bcf07dd85a3aa9902113d60fe7cd875788d8ddd84cbdfa35797b1437
SERVER_TRAFFIC_SECRET_0 5a35b835789f03841b0700671c76f936f9c374f293f299c932c37bfd7298adab 10aece5e4e3b0486469568f54b0a23dbdd7ff6c01fa579d18eb88f8391aa76d358dea33abbac0b4b9156c46f7fbe568f
SERVER_HANDSHAKE_TRAFFIC_SECRET 3f45fc3b63abe1d23a89f4aa8a2ba0f760cd2c2506c313301b459565d08b4308 cb0627f7713b12e40c4cb09013bf4e7075f1ca8a3a67d0761ba4ab7f3bf65546336bb012e0f8a34395710be3d574fce2
CLIENT_HANDSHAKE_TRAFFIC_SECRET 3f45fc3b63abe1d23a89f4aa8a2ba0f760cd2c2506c313301b459565d08b4308 f1be371258901e56e3e431baac3722a5bfea4f98f521c4057d6b015d29dd952783e4965037098b46ded5cf50c255f756
SERVER_TRAFFIC_SECRET_0 3f45fc3b63abe1d23a89f4aa8a2ba0f760cd2c2506c313301b459565d08b4308 8adc7a674e867155916a3f81fe41e570902aa4ee519a87b774950541b35caadc9f6eb2fd18f23791d37a068c73943580
SERVER_HANDSHAKE_TRAFFIC_SECRET 84a79a623df6a869c01570e32d050f88322d7e23c3ff0f793b64097d39a78eee 26c0116552732becd2ba049bee5e1c010d749268a264e44c148bbd2ec429eac52e84aac2df9c1d15c8d1f34f466a039f
CLIENT_HANDSHAKE_TRAFFIC_SECRET 84a79a623df6a869c01570e32d050f88322d7e23c3ff0f793b64097d39a78eee 71ffcf7f5e8c192a04b52acf81998b97f87103913e1d6bffb3cc2e49e4b26bc5bbe751040300a7021348b2db4774c964
SERVER_TRAFFIC_SECRET_0 84a79a623df6a869c01570e32d050f88322d7e23c3ff0f793b64097d39a78eee fcd257e4b93458a40eb9f94d872f8cb7788f2b021774d8b6a1d2ab5c97ac0875978cbbb7a9f3a38fb180b87667a94437
SERVER_HANDSHAKE_TRAFFIC_SECRET 92199841a47cf23b1d502bcafd6c2049836fc446ba71631ea83302213f3d0531 a40acbec1428cc5e6423549eb1810b4bf113d060172748cc72332ab76fbbc27ab1a810be94f9c4b7fc3a1d13bcb5856d
CLIENT_HANDSHAKE_TRAFFIC_SECRET 92199841a47cf23b1d502bcafd6c2049836fc446ba71631ea83302213f3d0531 567fd9391ccce9178e636a51a8b2d9aa9fe042069029964b66d4ffddd015aef1569872cfbe33edf6e08a94a46451a810
SERVER_TRAFFIC_SECRET_0 92199841a47cf23b1d502bcafd6c2049836fc446ba71631ea83302213f3d0531 b0b1953ec3476225e3ad4e52003c2b722e4483b8af49b24c54266aadbbb9f05db1156de2ceddbe32162f1dd57ec68b08
SERVER_HANDSHAKE_TRAFFIC_SECRET 2e8cefedd3b9329045da5f1ad801dca78ea23331f70399205576664f253c6fa4 10f7240cd4503ddc2f35147ccd158b0364d2add135f3c946d48b82412263f3e860e8b12740753225d2d31b381a8d0bfa
CLIENT_HANDSHAKE_TRAFFIC_SECRET 2e8cefedd3b9329045da5f1ad801dca78ea23331f70399205576664f253c6fa4 65da6fafd0645b98123e8b84b5753486e07fe5234d9508ac506b1de54e5d10ac8ee440bb1fce5ad2136424a0fd156fb3
SERVER_TRAFFIC_SECRET_0 2e8cefedd3b9329045da5f1ad801dca78ea23331f70399205576664f253c6fa4 c87fb4c3853d9bc3f846f41e60b44e839eb0a1ca895ccd8458e759997e1a2837d80cb0e5eeef32f4868d14e99c24b4fa
SERVER_HANDSHAKE_TRAFFIC_SECRET fbfa9639495dd2e69b9d9fc65cfae847dd8e9b95a16edd5c7aee8262ea0140f1 c33ca56aec7864120450fed7b7b4e6b8ab352f3138f683ca8611a1f27dbfa36185dadf3c5cefe8b3925df14094eb8d71
CLIENT_HANDSHAKE_TRAFFIC_SECRET fbfa9639495dd2e69b9d9fc65cfae847dd8e9b95a16edd5c7aee8262ea0140f1 887de5493109ae9f904024df535ef4a68540338b6dd30a022d79cdddc6516b03f7d0409a5bf906a2c73c0d42ea375569
SERVER_TRAFFIC_SECRET_0 fbfa9639495dd2e69b9d9fc65cfae847dd8e9b95a16edd5c7aee8262ea0140f1 fd243cb67c112988c7cff8bc2f770d41bfce76a9a0fbfa8c8ee58ab57d17c64c2215fa95d8a96a1a56af135c2fc11073
SERVER_HANDSHAKE_TRAFFIC_SECRET 8460d16150dba42a946e72c5801760617d3879c47d65bb23818188169d3b9059 c4e8da0b69ce5203e84c0cebdf372ddb0c8d5ed13dd54d316cbdbb9e35dff88b87f7d7c602d22b35097eb86799d47929
CLIENT_HANDSHAKE_TRAFFIC_SECRET 8460d16150dba42a946e72c5801760617d3879c47d65bb23818188169d3b9059 4cf9842f8d19784a6479bda482ad31eb4d39036552700a1d71103af9d2332cee9af8f84db9ec0fb58276da7e2521c1ca
SERVER_TRAFFIC_SECRET_0 8460d16150dba42a946e72c5801760617d3879c47d65bb23818188169d3b9059 be949a4c9eaf97b9c8d69c6c1b1a66f90f6fc36f4b4c0c6354e0a36679c93babe9ffaced84bdf794ab779d7f150401a2
SERVER_HANDSHAKE_TRAFFIC_SECRET 9d474ec17d2649b859498bc885fb52c6aef2d567aae94d46102c61c0e1ddc4a0 523056ec3e3a3ef0c9d158e173f2ad30afdf30cd16117f309d9a813ce24b2aa9f0a3edf1bfd41e9c0f6c4a388ec2eecb
CLIENT_HANDSHAKE_TRAFFIC_SECRET 9d474ec17d2649b859498bc885fb52c6aef2d567aae94d46102c61c0e1ddc4a0 25eaf27814c9ccc52bea1fec71133e317c746ac603a1d25e0caa4a6cf2814bbba5d88dfe4379e41ffa6d92049f1a1a99
SERVER_TRAFFIC_SECRET_0 9d474ec17d2649b859498bc885fb52c6aef2d567aae94d46102c61c0e1ddc4a0 50d3615074568a1ecdbdb643ac572f926969d5f3cdb8665c8e2b26d9299a39a1659f8698e22552e54ff5d5237529c7be
SERVER_HANDSHAKE_TRAFFIC_SECRET bfb6045adc0ce2b306ce5e01e8dff9d8df81dd0c8d8e0c7eb7af5d94dfa3facd af65f2166fd52ffa9e04737d12535f5b2a35c734740c15b29efcc091b82c614b5e036b94303454c970755741236c0fab
CLIENT_HANDSHAKE_TRAFFIC_SECRET bfb6045adc0ce2b306ce5e01e8dff9d8df81dd0c8d8e0c7eb7af5d94dfa3facd 192e3b86b53c7ec185705d8eee0b5f2258b4afc6d968b0239a980c037c6a3c87cbf964f6a8439d7137965fd7ef40ba99
SERVER_TRAFFIC_SECRET_0 bfb6045adc0ce2b306ce5e01e8dff9d8df81dd0c8d8e0c7eb7af5d94dfa3facd 591ce1b1e6b8d614f4edda9d63d3d74eb45a3959291679e6199e6733b52db6afb14ed39883c9be27fd298e108ce8e6bd
SERVER_HANDSHAKE_TRAFFIC_SECRET 429eb72f032e47f131548745adb980fb13d35ca79ac4cb085e1ad94fdeb583a4 27cc1b07323456257c482633ae617d2990b5235be75e7fd5ea18e305fed861892c13b5af69e1e00548e594654a704237
CLIENT_HANDSHAKE_TRAFFIC_SECRET 429eb72f032e47f131548745adb980fb13d35ca79ac4cb085e1ad94fdeb583a4 d9de9a5872e0a6bd256417abf4bc257445e0565349dde835a99667fb88c65ebccf02e022ba1c88f9ba6d4bf9008d1e70
SERVER_TRAFFIC_SECRET_0 429eb72f032e47f131548745adb980fb13d35ca79ac4cb085e1ad94fdeb583a4 024d06164a2ada7b5237af3231a807395a73a7021ca4144ec9e0b8232737b62f6fb5064952829ea5dff19c6800b67ee9
SERVER_HANDSHAKE_TRAFFIC_SECRET 5c4806ecb7d9ef6fa4e9075b69135acab6035864c241b09d9cf9ceef187d9d1d 4b1b34a2614a4191b30bbc840bc7c6f02899488bf76ad1575cb71a4120c1659b4d915eaa5d9e5edebb739e62bacc7b82
CLIENT_HANDSHAKE_TRAFFIC_SECRET 5c4806ecb7d9ef6fa4e9075b69135acab6035864c241b09d9cf9ceef187d9d1d 41e4df1257e48000eb1dfc5e8f3ecebbeafd14c5f4fde80dfc27e72e0eca832db310182e45ea11cfadac739f1e53b225
SERVER_TRAFFIC_SECRET_0 5c4806ecb7d9ef6fa4e9075b69135acab6035864c241b09d9cf9ceef187d9d1d fe4aa76eca73646e0723126363c27c0d796e0402cbb7bb04b04d783b73ba78bb58744384b5ef3333c42d2a44d72c8114
SERVER_HANDSHAKE_TRAFFIC_SECRET 704eb348f01625981cb62bd2eff093320516ed03824201a70bd2e20415cc32bf 7df17e8e86abae13b7199a459de4d65ce18bf3d77b8f267009af8aae8a2d36a689e780d6de265c5731007c18f537e0cd
CLIENT_HANDSHAKE_TRAFFIC_SECRET 704eb348f01625981cb62bd2eff093320516ed03824201a70bd2e20415cc32bf 3030a7e8da753ef4620bfb67b0533bc2f6c63c08f4c901dcf8641cd581cbaa0e161789b107b5e9f7d3d597b6de64d2c3
SERVER_TRAFFIC_SECRET_0 704eb348f01625981cb62bd2eff093320516ed03824201a70bd2e20415cc32bf 5d8baff061469695f4d19f1d7777345a2ea0d8f3bba43acc4b669a04f9d6044ed70d30bf1ccf95e73fdcad916df0153b
SERVER_HANDSHAKE_TRAFFIC_SECRET beb546629de611a0235c00ff7bfc01c66e9980a3b3c92790e6993f7ef20f823d 9f5e64c7615199f1f78af653b9502921139c73e710e4d4c996f641c4397c0963fe33ccbc4c1e02c9e90f7ebc92e419cd
CLIENT_HANDSHAKE_TRAFFIC_SECRET beb546629de611a0235c00ff7bfc01c66e9980a3b3c92790e6993f7ef20f823d cc2ecaf63f6877f8bb13338902df1b942d09a3f14d34bd89f539bc2cefa7227a24aaa43861a814f7a02542ce2642a541
SERVER_TRAFFIC_SECRET_0 beb546629de611a0235c00ff7bfc01c66e9980a3b3c92790e6993f7ef20f823d c69bf2fd78e87c0b7e4850fe3637e774d292528be3a5a0e82f080d0f6ec551bed0751afb33dd4e60a5a530bc4aa9532b
SERVER_HANDSHAKE_TRAFFIC_SECRET 04c6528c38c230969dba33de173549cd917403e4006513fa0c5b89033aed64cd 2d1c1067f4ef7af9962bf5a349ee5d67a05bbcb07ecf570274da2758fc626a6b182811084746d7799065ecdee542d8d6
CLIENT_HANDSHAKE_TRAFFIC_SECRET 04c6528c38c230969dba33de173549cd917403e4006513fa0c5b89033aed64cd 20ff0530334c76a2488faf7ca31d59a720cfd2973a51fd0b9fa680183a1aae63b452a75b4f3e3a8157b1f26c9688073c
SERVER_TRAFFIC_SECRET_0 04c6528c38c230969dba33de173549cd917403e4006513fa0c5b89033aed64cd 90ca57486a3daf0e9ef0bfe472d7a1715a53161c1134fec2b21d88e567cf13fdbb93e26e70ce84ebaac6fe85c1ee2fea
SERVER_HANDSHAKE_TRAFFIC_SECRET 3d452c2e89829e006e253227ad7854232b7317531856aa3f2ea95ef4b6ad7de3 10baea0576e75cc3302c84b10d4c97df293dc8c1fff8f51478300a7db9c89b0070d5371fc998c6a71f17c4a735791d60
CLIENT_HANDSHAKE_TRAFFIC_SECRET 3d452c2e89829e006e253227ad7854232b7317531856aa3f2ea95ef4b6ad7de3 840b29c8c06130246390f264533fc7219b92d9737529914ab28a129b98a9dcccb4fc14397fb9e05cafbef40bb0e929c9
SERVER_TRAFFIC_SECRET_0 3d452c2e89829e006e253227ad7854232b7317531856aa3f2ea95ef4b6ad7de3 beb6e03d3c5beb14e74672f817592251e4d6f515df7c38efaa5a4fdbbd7879fc184bf81d0076ef9a711f94f33e2ee1ba
SERVER_HANDSHAKE_TRAFFIC_SECRET 209708e3291bc6da8881e591cb248a463ad380990a0fe17f265a843766a29712 7e40f9e7c8e89f5781c483665f96f0ac06733c5f540e06ad401669c763d05ce2b7cd94417d99c55ac1c28d55fdcc2ead
CLIENT_HANDSHAKE_TRAFFIC_SECRET 209708e3291bc6da8881e591cb248a463ad380990a0fe17f265a843766a29712 e62977f173cbde4dbc3e5a0566831f0d4b40cb875e85fa6f1a9683367e080b7a3948f0cf856bd0796fdb7d6cde1d3626
SERVER_TRAFFIC_SECRET_0 209708e3291bc6da8881e591cb248a463ad380990a0fe17f265a843766a29712 ad132fb115369636fc7625e2ffb8b22bcb8e316b5f6911a68aa262a861817bca350de66bcdabdede72475747d78aa4b9
SERVER_HANDSHAKE_TRAFFIC_SECRET 97cefb76a8651ebbb955b298c32b2907913f6c63a2d9d239a296ca0266ef76e2 ea825aca713910f8ac079883f1dd4e713d7e92e552146150621cc531a2aa9ae3446e953adeeb72fad58449b2727b5871
CLIENT_HANDSHAKE_TRAFFIC_SECRET 97cefb76a8651ebbb955b298c32b2907913f6c63a2d9d239a296ca0266ef76e2 4f0a709c3ea99b2e6a57b62827749ddb50c18c6b015c5dd506db009b3ed6f5aee97cfbdbc96c70337b842943880fd2f3
SERVER_TRAFFIC_SECRET_0 97cefb76a8651ebbb955b298c32b2907913f6c63a2d9d239a296ca0266ef76e2 0932011322bcb304e3c04e84b42bffed082e9d46f5070bc5c15a43ee456c3f2ffb1c1fcbfc5a82814c6cb18f65293b1e
SERVER_HANDSHAKE_TRAFFIC_SECRET c3d235ee8f87ca14523488fe0d81f784ec67ffd500429cb59157c94212049e59 0a1ef101883a990ac41cef7e90fc7b691c328e0571e066ab5a0d11cbfe2304280ddd000058575dad3a3d102dfaea45ee
CLIENT_HANDSHAKE_TRAFFIC_SECRET c3d235ee8f87ca14523488fe0d81f784ec67ffd500429cb59157c94212049e59 01fb279dce31323d3159a6166d1b57c80cb0e5510e87a2febb38b16800639ae7956925eb1be0cb5246c6e69a1505f597
SERVER_TRAFFIC_SECRET_0 c3d235ee8f87ca14523488fe0d81f784ec67ffd500429cb59157c94212049e59 1d67779b71baeb2f1ef58818ee69ae7a209d54f171019b82dc8d35b6ddc49e3b37a0e45aa7593969c13f57663314b38e
SERVER_HANDSHAKE_TRAFFIC_SECRET 5b06a83ee8b51692795bb077ba7151a644978aab4d8b84637e8965236e1204cd d9c576be90da26378c87304ca3f52d7381973b00cb69cad095967bdda7093c007b009ca3f3e10b9c565a6e006f19ffc7
CLIENT_HANDSHAKE_TRAFFIC_SECRET 5b06a83ee8b51692795bb077ba7151a644978aab4d8b84637e8965236e1204cd 33ac97c8e952fa28d0217d6ca6aa51614a9e829acc1c242c0fc64bbf58eb73c5b2c78a4f39705615aa1513a4b17c10d1
SERVER_TRAFFIC_SECRET_0 5b06a83ee8b51692795bb077ba7151a644978aab4d8b84637e8965236e1204cd bb862b50d99f1dacc3f434876df34f4808e1f1f5b36cfccd986102891dcc5a447a682ca8b723d66ed5e686d86a8314f3
SERVER_HANDSHAKE_TRAFFIC_SECRET 506d6462db6c5dcc4128d9850af27996238f696f7e5024ba779433269838ed6f 934e4b18010f1425a215eba5fd4380b118c1a2f1e6f17217576714f54b436f276b839a1fc25e76ca98afac717955e5be
CLIENT_HANDSHAKE_TRAFFIC_SECRET 506d6462db6c5dcc4128d9850af27996238f696f7e5024ba779433269838ed6f 2ed68e5c693700c22cce5dad0ef913fe7757e46e6446bf72a195843173093187a2f566665f13af895d05524b1f36b7bf
SERVER_TRAFFIC_SECRET_0 506d6462db6c5dcc4128d9850af27996238f696f7e5024ba779433269838ed6f 211e8c87ab4104fcdcdce6f728c33f793ceae1564c714beb971b65075ce97cbb110cd769645cbdd7f9a506a9f1255525
SERVER_HANDSHAKE_TRAFFIC_SECRET 41e7c94fb1a1c2ba74559856cb99cbeceb0790015f7bf62ccefdf5c0e558df5b b293eb8c42c9c7505b149185fc0e8e838712d842b3ff1d8beafa0a52d6f9df70378a8cc068f8accdc0817c39b1b9321f
CLIENT_HANDSHAKE_TRAFFIC_SECRET 41e7c94fb1a1c2ba74559856cb99cbeceb0790015f7bf62ccefdf5c0e558df5b a527c7d1ae16b4054869850b36cbfffba6aca48618d675f96dcbf42f1b6f93c3141d6ac76a6323c7f00731bbbcf77658
SERVER_TRAFFIC_SECRET_0 41e7c94fb1a1c2ba74559856cb99cbeceb0790015f7bf62ccefdf5c0e558df5b 2f376607d566c3eceab4da775436b7f1c63bdb262e382371d15914dc65af6fe85796944159469274cd6aef78a1a11f4c
SERVER_HANDSHAKE_TRAFFIC_SECRET 25fc13f4bddc11b0fe3d41fab8a476f09de31e3e3e14ce62206bca598026f96b e3b0394e6e61c6d0a927b5fc7afee26c3d9b05a064cdcedadfb5a55c4ddb639691d11eefe2d7b028928b94bf987cb4b9
CLIENT_HANDSHAKE_TRAFFIC_SECRET 25fc13f4bddc11b0fe3d41fab8a476f09de31e3e3e14ce62206bca598026f96b 6a165e36bf724511740cbf00e8164bb5221e61b9f4616abb12620b1ecd0d65219d869e52d755523afe5bb53bd1bd7a34
SERVER_TRAFFIC_SECRET_0 25fc13f4bddc11b0fe3d41fab8a476f09de31e3e3e14ce62206bca598026f96b 21d944ebf32547afe472dda520b41d2966ff10cfecb405d33a372c206f9d120c368cee6511da10f1b0303cfa5c5d2987
SERVER_HANDSHAKE_TRAFFIC_SECRET 0b546336d31624823b5744bf509666e715958e7541563d35cdaee59153349588 2702dc259a2f46b80b99945e71fada8623c881bf81c7a3714903ec5258c148e484a34f76ae317028f01269221bc39056
CLIENT_HANDSHAKE_TRAFFIC_SECRET 0b546336d31624823b5744bf509666e715958e7541563d35cdaee59153349588 34e1c5a5a40c290b38ed402bb4b0add796844dfe971d780d19d59a3bbb6d4770e92f20d71b057c1c857147417b8c7837
SERVER_TRAFFIC_SECRET_0 0b546336d31624823b5744bf509666e715958e7541563d35cdaee59153349588 3de765cb69458079f428a373ee6fcefedb76ee77e115d0b2d897f12b9bbdabb222cb30ce638ed6ae57102291585878ec
SERVER_HANDSHAKE_TRAFFIC_SECRET a01ffeb901321617ef693d2ab6bfe17e6091e982c9035c6a08ceef23dd7c7917 6358a92a1029f127f0b7834902594f147de33c7a5e7b06bb88ad1639b0546a96375558621803b385e0cefb473beb9ba7
CLIENT_HANDSHAKE_TRAFFIC_SECRET a01ffeb901321617ef693d2ab6bfe17e6091e982c9035c6a08ceef23dd7c7917 71d37c38b7d119a4241dd5e9e26d2b9684c595639be0bdcdd3668f3ab08de8c066cb81347911987fa030192f64d487f7
SERVER_TRAFFIC_SECRET_0 a01ffeb901321617ef693d2ab6bfe17e6091e982c9035c6a08ceef23dd7c7917 67839aed5bd92ed5e66dee334b4393d462ddfbea7e64b15fb6ee59d4fb99ea4e5019c471edb8f36615994cb384de272c
SERVER_HANDSHAKE_TRAFFIC_SECRET c0298ec814be03c4cf1d20eb1aea93a131d27601bc10bb2985f0407c5655fe4e 5e7422e3e865df6413873d6f9e34f94cc8d126b992530398fe3c45e3535882e596c52b0954eb852153e8239962b83061
CLIENT_HANDSHAKE_TRAFFIC_SECRET c0298ec814be03c4cf1d20eb1aea93a131d27601bc10bb2985f0407c5655fe4e 8da93604761ad3f0c1e7296034ec23c87b0e74210a774d8fd45a84b7f483cce89da867fcf61bc223c96e11caefdbce2e
SERVER_TRAFFIC_SECRET_0 c0298ec814be03c4cf1d20eb1aea93a131d27601bc10bb2985f0407c5655fe4e f68d598b006fa01cb9bdfba1123e232b5d43e62f56add92b4cfe836ac010d300da45ae2075bf30744f24531b6b972afc
SERVER_HANDSHAKE_TRAFFIC_SECRET d0ece8baddc6ea31451b4fb65e968a7a0037a373a2f1b411aec627abdd7ff5c5 77c381290fc34ba940be4f16a67bb3c4cbb31dfcc2b976316eed74b04fcffa5d8da1dc7bd26ded3a61d643070863f6e1
CLIENT_HANDSHAKE_TRAFFIC_SECRET d0ece8baddc6ea31451b4fb65e968a7a0037a373a2f1b411aec627abdd7ff5c5 659ca87fb02f7ae63387ee7f276e9e8f060c3e75232243950e3377e177ef16145afae0e463bd23f3d28c0bb5a6e07bf6
SERVER_TRAFFIC_SECRET_0 d0ece8baddc6ea31451b4fb65e968a7a0037a373a2f1b411aec627abdd7ff5c5 c8dc8a1a0710a864b7325c1a1ee7acbc1c461c0376886c9ca05862c26d6aa70a410758ee38723bdeebfb52077511d09d
SERVER_HANDSHAKE_TRAFFIC_SECRET c29d8e7ed66c2d0fc3204def4995ea5c686cf32372df607317a1eddb08fb0dfd f2f02e8afa38248b112bfa07b96cf7c4e924c3ad302d4a5e7bc85daa089972a72be69163ed568bdb0d044babe7154e54
CLIENT_HANDSHAKE_TRAFFIC_SECRET c29d8e7ed66c2d0fc3204def4995ea5c686cf32372df607317a1eddb08fb0dfd 5121c11dfd0e3056d238d86ece06e85351cd6626bd0bc3f0e5102383983348852b4bc5b625a7a6c40dac3849145fa6f6
SERVER_TRAFFIC_SECRET_0 c29d8e7ed66c2d0fc3204def4995ea5c686cf32372df607317a1eddb08fb0dfd 33da34bc556bd72c63d573b141a5f0636f2d227a75bd5c7b5bc513bbc34e5d7ab8756e70a674c37b7daa4e168fda03c2
SERVER_HANDSHAKE_TRAFFIC_SECRET cb456911516c0a90a1a847370cbc0fe2f7e802c79871105c66a73fe43f758a8b aab9ed143419ad13eeb0082c6b478199759108f009214f12e0f49a8d39b9df8c6d88f42dc0bcdfed1de92694b2344f71
CLIENT_HANDSHAKE_TRAFFIC_SECRET cb456911516c0a90a1a847370cbc0fe2f7e802c79871105c66a73fe43f758a8b b9c3cc68fd3a656185b4037e25cb77bc19992add1ae55a3bae1474d1b6c2333c576dbd55e12cd0cc526f18dac1e77d64
SERVER_TRAFFIC_SECRET_0 cb456911516c0a90a1a847370cbc0fe2f7e802c79871105c66a73fe43f758a8b d1cd88d116f3f66e4f088abb28d178b9485ca6a452c506f722f6e692867ba00582b8db2a03faf3d63159fe9ad71ea03b
SERVER_HANDSHAKE_TRAFFIC_SECRET 2b50baf0fc7ea9a6a5b1e0def13b67f6bdc3ebaad5014909a480a193549e890e 26f7bc247b5c9dab60a979c5006feacc2407b1956018c13f4e0283a49df5bfb03c106b814447ef45d55b2ebba8978312
CLIENT_HANDSHAKE_TRAFFIC_SECRET 2b50baf0fc7ea9a6a5b1e0def13b67f6bdc3ebaad5014909a480a193549e890e 011435b7ecc0cd964d297936d160bae7ca76dafb35dfb5e5c59aa603d88e1359048d8711580f6c4036674025f9d4bf17
SERVER_TRAFFIC_SECRET_0 2b50baf0fc7ea9a6a5b1e0def13b67f6bdc3ebaad5014909a480a193549e890e 11d5312b7ec8b3d7be1c532ca8793dff46719016d5a005d84597d2b60f7bac7ec3d25a92fdd8a12a204a93bb8859faa4
SERVER_HANDSHAKE_TRAFFIC_SECRET eff4686adec2e711a860760d5cc3bb996bee49df1139166e3555b1d5d457764f 42320bd521204b6632106731682accd807f7262cadb7f24c62eba7aff1089ae1d889537ddd00a9b4b18f7d1ebc21da12
CLIENT_HANDSHAKE_TRAFFIC_SECRET eff4686adec2e711a860760d5cc3bb996bee49df1139166e3555b1d5d457764f 442faf4cccb99001ce9c58f9d74e779392e705ea433c9da745be1f3bd217d8b8ea9a14998db9ecee432ee205e9a6b1ab
SERVER_TRAFFIC_SECRET_0 eff4686adec2e711a860760d5cc3bb996bee49df1139166e3555b1d5d457764f 3d4c5f2a8fc6d7bd08412b9483d1c2c87d05fbce126325edaa841bf6cb8c32d50d61faf18baa942c03630b8281cd3200
SERVER_HANDSHAKE_TRAFFIC_SECRET 8c5e3b7fad4ae30120684228881a3992616ff1f320b1d7f6a41bdb47c5000e83 3d632ab3bba413e9469badb447ebe191b1e7f8829455e29667f763c563ce654a62f9a27d158f20d7ad8e884f8d82b5c1
CLIENT_HANDSHAKE_TRAFFIC_SECRET 8c5e3b7fad4ae30120684228881a3992616ff1f320b1d7f6a41bdb47c5000e83 2f0fc00eef33c2b6d9ee663130945d5e8cfb22a649bcb6a3a3a1e6b7bbc3da8dcfd6459e55abb36edbfee7d0ea30b776
SERVER_TRAFFIC_SECRET_0 8c5e3b7fad4ae30120684228881a3992616ff1f320b1d7f6a41bdb47c5000e83 901ffc4d5fa2531090888358450741fde5e92fbff06270fd6b1ec6f714a47e49a9ea54270298395627bb84cd8e56f9a6
SERVER_HANDSHAKE_TRAFFIC_SECRET c2b14e795ec5fca24e8c14565f59a1f7a985db4efabe65419b4d2bf7084d7996 e3aa87b11e845cbe8ab04a84aa2786da945f003d796e98d964132f218c2409e529b4a8446345ecc0bb1593d51a046030
CLIENT_HANDSHAKE_TRAFFIC_SECRET c2b14e795ec5fca24e8c14565f59a1f7a985db4efabe65419b4d2bf7084d7996 6c5eac6ea96464bca2fedc2240ed759792443ed15ff6b38e135a3ac90cf7240d1c8f5418581398b99c03f1dee214fc3a
SERVER_TRAFFIC_SECRET_0 c2b14e795ec5fca24e8c14565f59a1f7a985db4efabe65419b4d2bf7084d7996 70b2b2094caa1a0ab05bb22a31027b86eeb8dce5dc97ac4914262c23dff6c835095e6798df6f9d77bb4f9fbcf39ec6f1
SERVER_HANDSHAKE_TRAFFIC_SECRET ee903cf750b61209d7ab36a3bf14d9c7d9b8c98cd659893b13b819c8dd4e9bc4 c881cd6cb492fd4a1dfa43a218eb1b1f21a6837356306f695f231eda5805042eb530d8f429dc28960ce11913618eb983
CLIENT_HANDSHAKE_TRAFFIC_SECRET ee903cf750b61209d7ab36a3bf14d9c7d9b8c98cd659893b13b819c8dd4e9bc4 6e7af5872b5b90713d666d4f6a3edd154a5026fba786b3be80413c0a2728287146b57497467c554885da15a2a8315a8d
SERVER_TRAFFIC_SECRET_0 ee903cf750b61209d7ab36a3bf14d9c7d9b8c98cd659893b13b819c8dd4e9bc4 859c6341e304ac2893f0a7807074957758dcce23d5e38b467ac388021737abaebe0588e789515eadd0573abbcce65908
SERVER_HANDSHAKE_TRAFFIC_SECRET e068918c272f4214a3f751bba2c9dbee5432d5cdf034b33045bc2322d8d7fa4c 1a85eb389cb1290fef068015bd268db82e3a26d05358dd63bf92c3cf4acf6e36a0ee773c35d8fb2f7a94b81f3df87454
CLIENT_HANDSHAKE_TRAFFIC_SECRET e068918c272f4214a3f751bba2c9dbee5432d5cdf034b33045bc2322d8d7fa4c aaac757903392b80e3d0c1da0d00f498f32b9923b174f58f4c41d46d6cac113253e0a588a702f6dc0c348860ca4d3568
SERVER_TRAFFIC_SECRET_0 e068918c272f4214a3f751bba2c9dbee5432d5cdf034b33045bc2322d8d7fa4c 236cc5b364cf3b4e71d0d973a48fcd2dd74687e665d17f40198486dc5756115afd8625b78bbea4101a47bec00bbc0938
SERVER_HANDSHAKE_TRAFFIC_SECRET ea95cf99124172741b11ef0ed747657f8052a9aa267b104a6d4924deb9d21598 5b9b59d2e9c392a96963e7c1a6d08607afe902aa6415056bffe73ea6fbe4ecfd526056f0e613900998d9feb93f318432
CLIENT_HANDSHAKE_TRAFFIC_SECRET ea95cf99124172741b11ef0ed747657f8052a9aa267b104a6d4924deb9d21598 511f60aa865917b54c150b15afee4b3509548ee0a3bdd00d6b0299ebaad612218d5f4610893f95d931a1f1f4d98f21fd
SERVER_TRAFFIC_SECRET_0 ea95cf99124172741b11ef0ed747657f8052a9aa267b104a6d4924deb9d21598 cadc39dfdd20c1a9f348cdbd8df67002c7238e283e7b1cf694dd0b0890379aade38f66216342a45b08450f017ce17c53
SERVER_HANDSHAKE_TRAFFIC_SECRET f72ab0fb026d77ee4c6229ba75da7cb61561d45f474b5c7966ae3603e109e85b 337c9163b40a9bb803b36893a074f08371273beed2c8e586d9bc95c97e03571f51d8175b268836737787c2e5fa570df6
CLIENT_HANDSHAKE_TRAFFIC_SECRET f72ab0fb026d77ee4c6229ba75da7cb61561d45f474b5c7966ae3603e109e85b fe7899cdf6aa1f7a18f412dcab5e38bd44d32654776ca0d7790484c9ef68e9dd7c44503fded34de995e7a6f6d391df9c
SERVER_TRAFFIC_SECRET_0 f72ab0fb026d77ee4c6229ba75da7cb61561d45f474b5c7966ae3603e109e85b bfd3fb99026dcd9e6229c6f561c4386c5149d0934683ef093ce3c3cdd2ce20cf4a9b9cfbd0d75ec5aa047cad3be9ad1e
SERVER_HANDSHAKE_TRAFFIC_SECRET 315a439cf833ea0f29afcb844c5be66601d3bbbd95583c74c433c46eac61490f 15b29e2fba77808442f75214060dd4e287af42ad2f772c70f61dfd09a59c6636cff2675e991a00d3f23d6339795795ff
CLIENT_HANDSHAKE_TRAFFIC_SECRET 315a439cf833ea0f29afcb844c5be66601d3bbbd95583c74c433c46eac61490f ad51fc64bd1313599740b98b7a32578d38de31978cd2a1744e90e62a52935076454b9a63f92664dc450b097c841bb133
SERVER_TRAFFIC_SECRET_0 315a439cf833ea0f29afcb844c5be66601d3bbbd95583c74c433c46eac61490f f78bc64474fe4295ff0c260ecbbc3af2c08c6d7a762fe89bcff5633f0aedb1ec9873cab1da39d039dc7ec0f52ffa773b
SERVER_HANDSHAKE_TRAFFIC_SECRET 7b3d61e4c93bacfbb81dd87ff5289f2d7b25389c82ad6a04d0555a5116a42148 3ac7bd4c9c9bae9c558d2564255e45773c00afb0a398a3d0f15f5b3d5bdda3704ba147b74d79e3a78857d0cd6412fd69
CLIENT_HANDSHAKE_TRAFFIC_SECRET 7b3d61e4c93bacfbb81dd87ff5289f2d7b25389c82ad6a04d0555a5116a42148 33ce6c8d0aad5b7ec8ca57d89e21a2b3c2d86e7016fb84a38e49b2286c610488629edb0a949c4ea45b5a2f4fdfecdb3a
SERVER_TRAFFIC_SECRET_0 7b3d61e4c93bacfbb81dd87ff5289f2d7b25389c82ad6a04d0555a5116a42148 6c66bdd098de2eb97414f5698335657a91d921033d22874d0685b9ee8ebc51a91a7063b3a236ddbb580b5905681f3c00
SERVER_HANDSHAKE_TRAFFIC_SECRET 4ad0f205efdf720a2109cd867a7667f35d3a2fe16947b4ffab4d88a1af11eb70 9b855e059746aee82f4cb2d46017d6e8d52ba39f67cbda89a9c6bf237865964a0a7911c61514df69bf84d68fcc51fefa
CLIENT_HANDSHAKE_TRAFFIC_SECRET 4ad0f205efdf720a2109cd867a7667f35d3a2fe16947b4ffab4d88a1af11eb70 38f237fb0df33bf370a1e14327b7c88713b891f4e52d408e9ac4bfcdc3e3bdefef6c17eed2f6b71f7fb67ac99a75bd38
SERVER_TRAFFIC_SECRET_0 4ad0f205efdf720a2109cd867a7667f35d3a2fe16947b4ffab4d88a1af11eb70 c1dfafdfcd6ac4198a9b019d6b6970d633258c3fed91ed8c68a2b7fbec7e80dea5c8859e3e61e6e97d67cf90696571a7
SERVER_HANDSHAKE_TRAFFIC_SECRET 970895a52bfbf13ad32a7d2e22257c849f71b518157021eaf422846e7d7af7fc c611d6e15e628c16ed6a6137c78ddd3f6b3a58ac238fd8fede59daf56bec1bbca99d911dc0ab926da9b7f19a5aca8f36
CLIENT_HANDSHAKE_TRAFFIC_SECRET 970895a52bfbf13ad32a7d2e22257c849f71b518157021eaf422846e7d7af7fc 147288b6b7d4d662efb3970fb7d5dac78588fa23d8c050bd0c81693625deac23c2bc93f0a0b7844a4357d5c37015663f
SERVER_TRAFFIC_SECRET_0 970895a52bfbf13ad32a7d2e22257c849f71b518157021eaf422846e7d7af7fc 8f347e7e20060c072fa752ea001a40b06f655a6b6bd5ad6440ace0a72fa1cd06c06a39083d8e2c4339b96ae448e23c14
SERVER_HANDSHAKE_TRAFFIC_SECRET 8ac95e3a94028a9fd16d147cfeed38a397358ec99cf2eedc7177618c30e32e71 b5b4faa40b1a25563b23475cab261dff7fefa3d6d4d2199cc67096e0afafddb72cefe3efd4bfae52778a9cf3eb6aa4b4
CLIENT_HANDSHAKE_TRAFFIC_SECRET 8ac95e3a94028a9fd16d147cfeed38a397358ec99cf2eedc7177618c30e32e71 ec708e01b489e52f0c47bd032cf844d2e537349110c4a36fddc11e33978b51c73adb7aa3478601c4c5b6188a6bc85964
SERVER_TRAFFIC_SECRET_0 8ac95e3a94028a9fd16d147cfeed38a397358ec99cf2eedc7177618c30e32e71 9690922cbd4d3047a9acfc89213b54bf047ea6ea79ac4cf74a88d00ab5eb7c5408bde9dcc480780b7a94d541d8738c50
SERVER_HANDSHAKE_TRAFFIC_SECRET 3a82971115167ffffb0f73e603040f1efa6c1c6d601079574980f5e8f961d49d 3a214121e436eea811adc3b1db4f9e9fc532ae8e0807d3958efa10d50ae50da01d02a91f5bdb2d8a072cafdf69097b85
CLIENT_HANDSHAKE_TRAFFIC_SECRET 3a82971115167ffffb0f73e603040f1efa6c1c6d601079574980f5e8f961d49d 121b6f69325e48fb2a0dd582fd804606b570d6a98ab9bab66ee436a967199ef8ac177621725414cec7d9208f31e37234
SERVER_TRAFFIC_SECRET_0 3a82971115167ffffb0f73e603040f1efa6c1c6d601079574980f5e8f961d49d ade80689718460500277b7c841466b47a7843d429810e170181c631c7589cc245bb6609290a3977f3694a12f443351a2
SERVER_HANDSHAKE_TRAFFIC_SECRET 1433e9428c2700ce614461d05a5fcb24085c13c514e42e423529967230f7b870 212a1d5a46de618cb93e7edffb0a220dd792b88c49836e8425aa5af0cdbb8a28c3fe75bdd5ba1153c75041d70040a43a
CLIENT_HANDSHAKE_TRAFFIC_SECRET 1433e9428c2700ce614461d05a5fcb24085c13c514e42e423529967230f7b870 03b5b283ee1a3a3975615f96ca50afbf69a7bd4b65f3818fffa1c0a6c6ddbd2e4c48dc335d62f93ca2bcd3b90fd929fe
SERVER_TRAFFIC_SECRET_0 1433e9428c2700ce614461d05a5fcb24085c13c514e42e423529967230f7b870 5c0f62fba15c8d295bd9ab081784fea7863ac8cf9e214ae94d963f726e428e7cf5546eb3d4e6fd214bfe0a036a50332b
SERVER_HANDSHAKE_TRAFFIC_SECRET 1fdbb3d4f8e508b9d4788d768139aa73d4f1b8e0f6c57fef6a0ec1d0bc2bb730 6950c70033bd1b1ebaa882ac8d1d8482b115afe5c523fb2fc16b477e0c4748aa54fe301edb08d38903fb7378391ae10e
CLIENT_HANDSHAKE_TRAFFIC_SECRET 1fdbb3d4f8e508b9d4788d768139aa73d4f1b8e0f6c57fef6a0ec1d0bc2bb730 1711dfe117aac72b2c9b692495cc19b47e2c8c063d83e2cf3696c0c4bdcfa1ef0bd7b20ed2d6c3999da4a30b968faddf
SERVER_TRAFFIC_SECRET_0 1fdbb3d4f8e508b9d4788d768139aa73d4f1b8e0f6c57fef6a0ec1d0bc2bb730 4a398b012190d8f0adfaa1f2622839e0bfb5f8dbf2975306b3e4e6b0d9671f981024b1b00a3a463ff522ba910ba6106c
SERVER_HANDSHAKE_TRAFFIC_SECRET 76349e396c755745264ffc8a0bb93bcc39a4fd97986b399633223f842f9a1164 587b5b65a8b476ed8ee0f73cb4f84297c475dc4e4b8b75fb8e8e46f97e0b708928f7fec637166e19ba9a5069af192263
CLIENT_HANDSHAKE_TRAFFIC_SECRET 76349e396c755745264ffc8a0bb93bcc39a4fd97986b399633223f842f9a1164 4d7c6a962c9ab92ad501691046d68d06fb7ac8f600d9ad9e3bd6fe2e1fa242076c79c09bb5bf213b0d442ca07e7aa256
SERVER_TRAFFIC_SECRET_0 76349e396c755745264ffc8a0bb93bcc39a4fd97986b399633223f842f9a1164 af98c58d7c70a21863682c1fcafbd398b01fe0b67ecb684a47e79bf960b614c52f8bc0047e74010496650be6154c3fcb
SERVER_HANDSHAKE_TRAFFIC_SECRET bb7fcd205d314592608746cd962499b55e874f3162fcaa767c7d4430cb9c9b5f ec342edb8e36a6cc182e79fea2286ebb43dcf9b82010bc49d36256b8987b22a56164ac39868873f7c891b832225e0cc3
CLIENT_HANDSHAKE_TRAFFIC_SECRET bb7fcd205d314592608746cd962499b55e874f3162fcaa767c7d4430cb9c9b5f 8241ff242bcc03a940018bd1c73130c589bcf73747bc23215ebf5232b0a730afc24d3d7b3ae6bfd1d4381850db1b8b7f
SERVER_TRAFFIC_SECRET_0 bb7fcd205d314592608746cd962499b55e874f3162fcaa767c7d4430cb9c9b5f a72099d3e2b40aa4ad768c2e004fda57ff6b63ba6d4bc3912a61e78c2b353fa12395cee1f50638638da3684f6548dc3c
SERVER_HANDSHAKE_TRAFFIC_SECRET 1d0388bad7f61948b5df483b654f0e46db053a32fd523f540d3abf4feb4a230d a6a60367226a7da9610aec65f987e918b18ca1467af8720d78c856011f6424cb1651c1f2610fecc651fee942888003cc
CLIENT_HANDSHAKE_TRAFFIC_SECRET 1d0388bad7f61948b5df483b654f0e46db053a32fd523f540d3abf4feb4a230d 07ff6abc16fd24e376553a4281c59e27a88544a5225285ad08db58d1ac742533193010fbc2a9ccdf20bffe87bc3c4623
SERVER_TRAFFIC_SECRET_0 1d0388bad7f61948b5df483b654f0e46db053a32fd523f540d3abf4feb4a230d 4c4bc47abd7a62bfe37a3a3ce7b2962e734163ee31586407da63647c94daa6e1e30851ee8520e9166cf3c1332b1fa47c
SERVER_HANDSHAKE_TRAFFIC_SECRET 66cd25b55483264fdcf942dadaa9c2d756063501dd462e042b727beccbef3cf4 4e0fea10418d3da226c6d01f5297b2370d8d0fa1efcee61e14458994f181dd3cc924d78bd0fef1a4b287c84f7315d95a
CLIENT_HANDSHAKE_TRAFFIC_SECRET 66cd25b55483264fdcf942dadaa9c2d756063501dd462e042b727beccbef3cf4 4eb06f5624c1b6a5ffb3aff138cae9ae36e5bab36128e25e4df2a53d219961ac7f3ac1bc70c59407191dac5dd88ccd4d
SERVER_TRAFFIC_SECRET_0 66cd25b55483264fdcf942dadaa9c2d756063501dd462e042b727beccbef3cf4 628aa2960b389d8f6efe56d43de9a0a56b6336233edf442c66693e245489022b12e0417501ef9ef9db6502eb575a75ff
SERVER_HANDSHAKE_TRAFFIC_SECRET c57096bc8dbe2f87f7035027fec85e6e0766dbccefce50a836e754f1a3d05341 052f98b85da4a3a0a77cfffcdfe648b47aa2d3430f4abc0e8ba03d183b36fae5742db2d5dc0e5dc54c6c5dab0fbe744b
CLIENT_HANDSHAKE_TRAFFIC_SECRET c57096bc8dbe2f87f7035027fec85e6e0766dbccefce50a836e754f1a3d05341 78da5c294e0cb9688197321dd0cb825e473a0db1eceb1d94af8ec5fb30f484515d17ae8614ee6d11bd34c7aa05aebebc
SERVER_TRAFFIC_SECRET_0 c57096bc8dbe2f87f7035027fec85e6e0766dbccefce50a836e754f1a3d05341 967c210f313f15ec9a3e074ecd516615ef3cc2d9180eb7370277fc814c399176164827b31b471289c986ff2d6abb43a0
SERVER_HANDSHAKE_TRAFFIC_SECRET bfd7b2065e1a2059efa99df94af95b20d4cad532676dda6682969b2e03f88fc9 0ceb2387d921806e2417ee441ee897db393af596987cac39e88c22c7f095a1d6c329a075d89227bc42d21014b9a4e1a9
CLIENT_HANDSHAKE_TRAFFIC_SECRET bfd7b2065e1a2059efa99df94af95b20d4cad532676dda6682969b2e03f88fc9 e0ea9e8ee6a2c62b0f992abac388adeb97654ca5e04ba84bf041767463b42427add37a95b7adff3fa3bd909686aab625
SERVER_TRAFFIC_SECRET_0 bfd7b2065e1a2059efa99df94af95b20d4cad532676dda6682969b2e03f88fc9 d8de8ff44db813ab4c6b28827fb0276ca19b1b02b0e647060cca8c2184aeaa9dbf5faf51964ddc4b236666a9ae4a635f
SERVER_HANDSHAKE_TRAFFIC_SECRET 95c23862d9f0ca0ee4432a4d3febe385afbd899d697a2121f4d8dc37b7f9b14b c9ff10c35de359851035c4507da30c3c7a0c46feeda954047c85627d4b91d241f3cb5a48939489107ca3e276107e4880
CLIENT_HANDSHAKE_TRAFFIC_SECRET 95c23862d9f0ca0ee4432a4d3febe385afbd899d697a2121f4d8dc37b7f9b14b c7d83db71d2afe020334ecb31953f840a41a7a5bcea92e589ff0e1b0ca4095b83dbf16ab86ae54a3f628ce6d6149ba15
SERVER_TRAFFIC_SECRET_0 95c23862d9f0ca0ee4432a4d3febe385afbd899d697a2121f4d8dc37b7f9b14b b002e5c1d0ccf6181a9471fa7ebe41ef3314f8864efc44698ade96750c694494603ce21667ec705256dcd82ee0e2db6d
SERVER_HANDSHAKE_TRAFFIC_SECRET b35ae60b7ea81799cd85b398f2f4c63982523c86a3f321a7e9f925518d9fcaff 4f240cdaf00a864f19a5758f33a60813f750e959b7636da4e6c146e9aab03c8340d17b47d93a8a163e5a1c46cbb84887
CLIENT_HANDSHAKE_TRAFFIC_SECRET b35ae60b7ea81799cd85b398f2f4c63982523c86a3f321a7e9f925518d9fcaff e6831c270f0c0072758dc2f1ce2ec81e10998c7fb8802eb74535e279ce796381c7ba745105ead0d0dcbd6fef86b0b19f
SERVER_TRAFFIC_SECRET_0 b35ae60b7ea81799cd85b398f2f4c63982523c86a3f321a7e9f925518d9fcaff cb16b101a0e6e8de531e56d03f60ec281eb4456886f79898aa9665ffc80d7aaf0924c5aa05c9781ff3d5c65ef135812b
SERVER_HANDSHAKE_TRAFFIC_SECRET 1cdc705b87a41e384b664a332b01cb6e635363996c32b61e569d7a89fb248e4e 6e4377fdc329626c433afc4771c8d4258858355d03787491d438944ec58d613c61b0f68c0ba202541245516d1a43a33c
CLIENT_HANDSHAKE_TRAFFIC_SECRET 1cdc705b87a41e384b664a332b01cb6e635363996c32b61e569d7a89fb248e4e f2ebdf537da095fbdee1c6594a3e47c0743686e9cc7799257ad5cab5d87670282ce83413692d22d545caebed10857092
SERVER_TRAFFIC_SECRET_0 1cdc705b87a41e384b664a332b01cb6e635363996c32b61e569d7a89fb248e4e 1b4b3e3b58e984f9e76a99d0e0a3bc624479d69d64a013888eee3ed0c7b32c539b619cf2deed37804a24acdf50a66dc0
SERVER_HANDSHAKE_TRAFFIC_SECRET b388c459e6a679ccf90df9c60283d6f659c4c0b965fce416f2745e4c452af39c 6a3d8edbccd0627d7d014c09207eb79459e20e1ecf5f9d8ec6ab657725994eaa249aa71972e7b526c796f0076cecbd2e
CLIENT_HANDSHAKE_TRAFFIC_SECRET b388c459e6a679ccf90df9c60283d6f659c4c0b965fce416f2745e4c452af39c fef85adbd841d8dea22d56708bf71cb48365dabe4199bba576d200dd59bc6ef331e1bc60117eab88a4939f943135bb8f
SERVER_TRAFFIC_SECRET_0 b388c459e6a679ccf90df9c60283d6f659c4c0b965fce416f2745e4c452af39c 022db4372bc432e7ba9b1a006e8a2afec6dcbac4bf3a8f72d1abcb6cdabb6ca6201a6517e1b86bfae8e61a42607713fe
SERVER_HANDSHAKE_TRAFFIC_SECRET ad8610bc0941cbdbf071e84eaa772b3d28c68b21b2430c894b30cc786d38c30e 639fd823e95b93308a408f11264ae43d5d0bc7783a24e349470b73da95f0bcb093296642759811dc9a093e2a4ca7ea2b
CLIENT_HANDSHAKE_TRAFFIC_SECRET ad8610bc0941cbdbf071e84eaa772b3d28c68b21b2430c894b30cc786d38c30e f7f9967ce5fd32da399d02a05ec4506c191011874fcba911d92a1045f6c21333d86db03097d94ecb3bec6169c3964804
SERVER_TRAFFIC_SECRET_0 ad8610bc0941cbdbf071e84eaa772b3d28c68b21b2430c894b30cc786d38c30e e2d47b75a6bb67207001a694229c974518d2a8f3af6ca4ff61824056247ebc0af4f6d3db7bfa6a439b3a46e1d5e75632
SERVER_HANDSHAKE_TRAFFIC_SECRET 6e6e5d3e2255c1387773b55c8554b94537b264f3f81f07fb2950f17853ed0a6b d10531ff5170d3d4d361653934997ceda3366408fa98bb0d00d5fa66f27ca064758d31142f610357cb08f90df0617a51
CLIENT_HANDSHAKE_TRAFFIC_SECRET 6e6e5d3e2255c1387773b55c8554b94537b264f3f81f07fb2950f17853ed0a6b e5a869d0b5ed22e019d9434a8e5b426fcf0842a8ba33f703b856f8ba210e721b46278896485c8510391bbb6cd91ef92d
SERVER_TRAFFIC_SECRET_0 6e6e5d3e2255c1387773b55c8554b94537b264f3f81f07fb2950f17853ed0a6b a5937352322dde95c845d09cd8154ee23e4628c1811eb174b7eb39bda696c291d74f3c9cacffe744f336ae7ad37af669
SERVER_HANDSHAKE_TRAFFIC_SECRET 2140cacb214c50683b79d0cebee30154ca94e372e5aa1f324f6653dfe2465053 8b75e485c5aaa158c84208b71652b42e2cd178e0a9c4bfc91ded839dfc9ee44da7b36152693f0734f52be957d59a6459
CLIENT_HANDSHAKE_TRAFFIC_SECRET 2140cacb214c50683b79d0cebee30154ca94e372e5aa1f324f6653dfe2465053 2b1fafd870d6918db2b67e5a298973ac55cbe10565624570f6c878e95f35e49460f2ff3e3d9c9368ddc94c4cb2ebd9ca
SERVER_TRAFFIC_SECRET_0 2140cacb214c50683b79d0cebee30154ca94e372e5aa1f324f6653dfe2465053 f4afa1cfb1db120c3b85c00bc378c3fc55ff3d7224d67d6b2f0c57e97b5d7f01d0a349843954f6e496026b54092c0b6f
SERVER_HANDSHAKE_TRAFFIC_SECRET f522d063b82120397fa71842fbb090781befa69c65a3e362faa6cde77ea15495 ce4abd8acf6a466bfc9b5517aa367cf682ad248ca23584222de4f95fc601ea937bd507dd0612024e48bf16555315d5bf
CLIENT_HANDSHAKE_TRAFFIC_SECRET f522d063b82120397fa71842fbb090781befa69c65a3e362faa6cde77ea15495 f4d3eab85460619ce45896cd9665630e1a1ba277bfe848fee285ca37ca3ee1d081bc537900bf96f3f9a7d3a4045c87a1
SERVER_TRAFFIC_SECRET_0 f522d063b82120397fa71842fbb090781befa69c65a3e362faa6cde77ea15495 5ceefac4bfb5bfd12a5bbc277caedd4967afb16e7d3a410301851b5b36ea57a41aa2368c752e39115cf6d4941c6fa5a5
SERVER_HANDSHAKE_TRAFFIC_SECRET 6b4592cf3d5bca44f773e5039fb50a2dcf12b39e16ff363cfb43d1738bb2d866 d4cf964534604829edae5f34892f1ad95d9f24d8734148c8d022bc5579acac33ec4ca921ee4e18d063d6294cbb8ef3be
CLIENT_HANDSHAKE_TRAFFIC_SECRET 6b4592cf3d5bca44f773e5039fb50a2dcf12b39e16ff363cfb43d1738bb2d866 de3a707def01e4cc559cec1888d21b89cb7c954480590da0622841fab6f1a0ecede8e0835a901891d16f2536341cb1f1
SERVER_TRAFFIC_SECRET_0 6b4592cf3d5bca44f773e5039fb50a2dcf12b39e16ff363cfb43d1738bb2d866 b39032972511f8fdcbfc8ed570bcd955d354c8f70079b66e9842d2c49af2cf7d30374e0cf76c8f2d8862fe8515205949
SERVER_HANDSHAKE_TRAFFIC_SECRET 7ef0a95e4e47a6453865752e7e9368831f9fb0ee7167dd837a765c298686223d 1b2f9cdf99ec8d8067fc320c2741c4d6839117f547ee2c97a152ec040dae14b2ced3ef6b6ffbeb0091d1377714f9f695
CLIENT_HANDSHAKE_TRAFFIC_SECRET 7ef0a95e4e47a6453865752e7e9368831f9fb0ee7167dd837a765c298686223d 0d2bdaa55780773276ff4df2cc5a2e1749874cb48625db453c2a482150d64d12891854ee0eb97dac6124d98f830c619a
SERVER_TRAFFIC_SECRET_0 7ef0a95e4e47a6453865752e7e9368831f9fb0ee7167dd837a765c298686223d 4fa44e8e3801f76b557a1a85f6b434ca185b94e800854225ae855379d3fb6fe4c785797660aafed76d442f7783353ff4
SERVER_HANDSHAKE_TRAFFIC_SECRET 8a2c1bc927604e423850a2dfb4c9636676efa4131be0d2d8fa551e82b1f7c4c3 4255da53f4ee5c43255cfd30d4339f61f1beadca49d02f0060b307e1c81698d8fe227d24ebe50251069837f4b42f429c
CLIENT_HANDSHAKE_TRAFFIC_SECRET 8a2c1bc927604e423850a2dfb4c9636676efa4131be0d2d8fa551e82b1f7c4c3 9a72ee4e8050d545c1e50b11e6d61eebe91e5f273c67cc8ea9cf9b3a05b3c924ce73f54ea745cd4b5f463dc2d4139667
SERVER_TRAFFIC_SECRET_0 8a2c1bc927604e423850a2dfb4c9636676efa4131be0d2d8fa551e82b1f7c4c3 f12991268004f7d6e0befc0ffb7760c4059fff3bd082082414f7f8e5136d0398d929796a7dcf82de51c94e54459d7271
SERVER_HANDSHAKE_TRAFFIC_SECRET 0069a1c3a9c6f2f32c4950831061155bf770eaa9eb510152ac2d2b62f51fbbd6 2123ee32ba32f7c9dd579ef270df485e6a8b32e153e8dae391dad66d28288fcc57350fd2fdd3c4a31322337fa93fef51
CLIENT_HANDSHAKE_TRAFFIC_SECRET 0069a1c3a9c6f2f32c4950831061155bf770eaa9eb510152ac2d2b62f51fbbd6 afaa3794217a7304a53c85ce250f13301f29e704cfd9eba205b286ad64d60780a59655d65236824c76b44057f9afab41
SERVER_TRAFFIC_SECRET_0 0069a1c3a9c6f2f32c4950831061155bf770eaa9eb510152ac2d2b62f51fbbd6 191488ce17f83172759254b0a7a2da3073763afb642d1976a4aae3c2f1bb3492295b57b2e8f9b64fc3e2bb4e63dfc5ef
SERVER_HANDSHAKE_TRAFFIC_SECRET 094f774d72373d3d062f4d89aea24bcf5fa5907ebbf0b793eca7193e954d3331 9077c70ef7baa5d26fc7e020d8970d7b4599fed90fba0b779083e4a09aefdb43ba29504594288d6dbcb696b39e09ad17
CLIENT_HANDSHAKE_TRAFFIC_SECRET 094f774d72373d3d062f4d89aea24bcf5fa5907ebbf0b793eca7193e954d3331 6300a61a8368e2a4ddb1fac9cbe7a2159df3b5a65b0f9006dfbeb226c0a736b67434819159ed0d5b9bc5c119bfa74b9f
SERVER_TRAFFIC_SECRET_0 094f774d72373d3d062f4d89aea24bcf5fa5907ebbf0b793eca7193e954d3331 79e2e12988f82ae91a30c6c04515a60ff9b09b378ce534ef8d02dfae0596c06514650e9471bdc0f64c458d3d72b0b371
SERVER_HANDSHAKE_TRAFFIC_SECRET 3bb4f2c273a5ed6a3933a63ccb2601c82b19fb5e293f2f27fd3942d9670b6642 0d1163509ffcbda48a5eca11f6ee127fb3f5a2801cf13a4b13fb136dc15e3265e29914140fd48c17162589fbd1912904
CLIENT_HANDSHAKE_TRAFFIC_SECRET 3bb4f2c273a5ed6a3933a63ccb2601c82b19fb5e293f2f27fd3942d9670b6642 ceddc6758e8800aa4c80fa91c0ebfcac99fbf6823ef5bcaf8e3d8721082b74ad8ed2636a7ea3201c4354ee6a9e4c33b1
SERVER_TRAFFIC_SECRET_0 3bb4f2c273a5ed6a3933a63ccb2601c82b19fb5e293f2f27fd3942d9670b6642 365652923ced34c6ebb03e099394e402a6233691ad12ce83a02914013e1261accc19a0d35fc0de845118e8459f74a2cf
SERVER_HANDSHAKE_TRAFFIC_SECRET 13152b5f981576edec03fd223ff01c6a255b901823b019f72de1acb76944b739 dc42746f1c84164008bf83375a75566210ec3596aca50323d1d2e0d189253125847ff4cfd7a00e9143812c340c1b7ae4
CLIENT_HANDSHAKE_TRAFFIC_SECRET 13152b5f981576edec03fd223ff01c6a255b901823b019f72de1acb76944b739 e1c56eff1a800f5f08dd35e4321a9342b15f84c461c130eb481bbb7dbf6c7dc45277ea5b0f85ffa1deb6c7e6b4e2eb5e
SERVER_TRAFFIC_SECRET_0 13152b5f981576edec03fd223ff01c6a255b901823b019f72de1acb76944b739 6e68a1737335a2826287d8855422d3ab1fa035ed3364d593fe423c5be233861171fdec1670784481f2400c524bb0b512
SERVER_HANDSHAKE_TRAFFIC_SECRET e78998187c39c0c3ba27ab71b2f1ebc5f716a6e5d19030d137fc8f997e544aa5 bd4ba97ca994c9d3400780b970116311ecebd70eef17158f53df1f9162a71f7ab5cef62d4cc68f6aed58e0eae6edc70a
CLIENT_HANDSHAKE_TRAFFIC_SECRET e78998187c39c0c3ba27ab71b2f1ebc5f716a6e5d19030d137fc8f997e544aa5 41a9e291a3be5a4324e4f8330e578c925964576bdf0bad1fcbea35a970f706789cb5b85eb83db96c4cc32c22b7f5390e
SERVER_TRAFFIC_SECRET_0 e78998187c39c0c3ba27ab71b2f1ebc5f716a6e5d19030d137fc8f997e544aa5 a302cb7f3709410123f2d285469d5722467a857427e8a2601f63fc1787522f81f7e0a4399360a75bf91fc602c3695dda
SERVER_HANDSHAKE_TRAFFIC_SECRET d9e7ee4947e74fbacc09c305d4297077cef0820d7189652e23eae3b71bb8369c 1d5d60191c2d9b20fd40ab5f19f43a7d4b1b39e4c88e967e49c5014eab0b69f78a0735bb1d38a56a09257e5005274462
CLIENT_HANDSHAKE_TRAFFIC_SECRET d9e7ee4947e74fbacc09c305d4297077cef0820d7189652e23eae3b71bb8369c c4ec90762450eab8e1240b540155cf462ca31dad3cba880941627b5b51f5ba98c77e5ef84ada4000690552d4bab9c9d6
SERVER_TRAFFIC_SECRET_0 d9e7ee4947e74fbacc09c305d4297077cef0820d7189652e23eae3b71bb8369c 8be3827552cca35df5aede144f6f9f930913bc42999cd84c4af9d1cfe632f228a49d57a59683ac2f30ce5075c79ebd4b
SERVER_HANDSHAKE_TRAFFIC_SECRET a73b096e6dc6f370156f47d2618da30619b68d8211872ead43625e48b34f7892 722ef8f7468904a3870d818eba7846199088f8e7c75f991ea94ad859e9dc0390cbe77909bcc27308f253a57d59d0d481
CLIENT_HANDSHAKE_TRAFFIC_SECRET a73b096e6dc6f370156f47d2618da30619b68d8211872ead43625e48b34f7892 2597bc5787f01eaf03e62f5083998dee462e3e5e240e9c213cd0144c166df74e23e6035bcfc767c8e4d451d5990a5df9
SERVER_TRAFFIC_SECRET_0 a73b096e6dc6f370156f47d2618da30619b68d8211872ead43625e48b34f7892 2dc909a2306c681b0bb332b7d1f4a859ad59eabee1de5fce948d148cf03863d20426e06287f1d7bb9d0516205c60ef79
SERVER_HANDSHAKE_TRAFFIC_SECRET f1c2ecd4e757a91bdb1836907bf43dab6de6a64800ee3e58bfef5813bd304b62 e7a85d99cc04f538ed3b55017b724ddddc6dff90a155b251712ab8e7456a1919f1efa6deb5f51cc272609753d263e52e
CLIENT_HANDSHAKE_TRAFFIC_SECRET f1c2ecd4e757a91bdb1836907bf43dab6de6a64800ee3e58bfef5813bd304b62 ffff985ca977829a9db38cb1542fadb6c7b3a4d010ac7a8a60d32419cf9e48ff1c05c15569827213d53bfea44f16cd86
SERVER_TRAFFIC_SECRET_0 f1c2ecd4e757a91bdb1836907bf43dab6de6a64800ee3e58bfef5813bd304b62 8f2fd3fb441a4f7fab3023f167e5a49399a3adab1b78e779c29b37dd0c3fde555e3932326ebc983ec0169bf0aa7e0b0f
SERVER_HANDSHAKE_TRAFFIC_SECRET 2f19a0797a552e24a89dd7426124234691ec7a31f5f1813c5f2e4707463ad3ca d3e075e99aac73d178d80fe7fafb9ee602c10d375f54477b073e7caf5e41f283e7af910746da594d6374cabb12b63e66
CLIENT_HANDSHAKE_TRAFFIC_SECRET 2f19a0797a552e24a89dd7426124234691ec7a31f5f1813c5f2e4707463ad3ca 5f477c81e37b5d576703404bb7996f3b61d0e690cc566aed87602a2b9c91d73ae6bd45b825c1d845a31fe30c9621f1bc
SERVER_TRAFFIC_SECRET_0 2f19a0797a552e24a89dd7426124234691ec7a31f5f1813c5f2e4707463ad3ca 8355d1f3652e5e9a614b544688b891be814450233b9fa802a67bc1d5074c96ea4a8e4386dc0a8bf5ea4b899d4fb776d6
SERVER_HANDSHAKE_TRAFFIC_SECRET 13200de55b8413bc316c4d9d6ebcaec32eb7e6f55426f308441acc57945243df db8b094454d910daf670a8d679d1a6cd577dd2f85069b758c104399b389aa0062894b34e37d3b6a00e70e7a4f6eed3dc
CLIENT_HANDSHAKE_TRAFFIC_SECRET 13200de55b8413bc316c4d9d6ebcaec32eb7e6f55426f308441acc57945243df 8cb9256ffbcb364073de11c9ee71f6b2710ff59e24cb1c71089a5694e7b7723deb21ce9c2cdf4a5b7f4251df48cc5ed5
SERVER_TRAFFIC_SECRET_0 13200de55b8413bc316c4d9d6ebcaec32eb7e6f55426f308441acc57945243df 16be72f7cd60a03f3031135eb6011a5682406cf84dc22ba4bea26c3c2a57053c0be73d118f5fe8f6cfcce0335e71392c
SERVER_HANDSHAKE_TRAFFIC_SECRET 90a56c0ea2b90e38dcfa586b6aa947466aeb3774b108d6fb60cc37e11a807130 3bd6bc14a670760eb867bae837f4c7160c947cff888ab466c2b8afc74fc77193b07909046c9d4f0a26ace1e259de7c7c
CLIENT_HANDSHAKE_TRAFFIC_SECRET 90a56c0ea2b90e38dcfa586b6aa947466aeb3774b108d6fb60cc37e11a807130 108e5287058a890af86e1d705e138e028956a39779fe4f3e7f1ab8b210fd21b48741785018e3a34b7d6d6eea26567624
SERVER_TRAFFIC_SECRET_0 90a56c0ea2b90e38dcfa586b6aa947466aeb3774b108d6fb60cc37e11a807130 9116d8b6cd770a89c73e98bd9392a9ee1ae92d7e1dc4a212d90149106c7a9c60eb19211b8830c889adc5b7535e60bd2e
SERVER_HANDSHAKE_TRAFFIC_SECRET e2d72771d394118add75e863843eac52da7d77d912cc79f626b86462df96c49d a5627262c1c41bfec5bc9b1234f18c362a8fc545dfac409c8c8a0111df6a2d1024b0215c5e6e39468fbadae983bb9c24
CLIENT_HANDSHAKE_TRAFFIC_SECRET e2d72771d394118add75e863843eac52da7d77d912cc79f626b86462df96c49d d7768f317337ceae77824378d23b04f8d299c28bacc04fe12b73afc1198f68dbe9e15a54b5b7251bff7332a203214983
SERVER_TRAFFIC_SECRET_0 e2d72771d394118add75e863843eac52da7d77d912cc79f626b86462df96c49d cb10416a09d45f227ab4e56665f38868f06ebce5f16fb77c915843c0381f2de0d23797fe62244a8a6f84c33bedeac0d3
SERVER_HANDSHAKE_TRAFFIC_SECRET 53ffadca6556c492a8318dfd99c953b75a9555df66b2debe63e56c5c75742eff cc14af579354f6c2aa2b40a8b8774f298721adf72d871ed73c7f2cb0e0954938bed323efc5bc576a74cb1aff26f1abf0
CLIENT_HANDSHAKE_TRAFFIC_SECRET 53ffadca6556c492a8318dfd99c953b75a9555df66b2debe63e56c5c75742eff b9585ef2e5a51044c8c68b2323d4c066890a106eac506b6ed02e021be0910dfc682cfd247476a846b5d945f619ed44b8
SERVER_TRAFFIC_SECRET_0 53ffadca6556c492a8318dfd99c953b75a9555df66b2debe63e56c5c75742eff d857bddfd2275fb0af75217a478bd5e2c54cad785317935adb0b1a02d826e916a425831906534b5cb888ad811c3b7293
SERVER_HANDSHAKE_TRAFFIC_SECRET be7f536971bbfd890bfa5923006674e5d032c7593128203e05fceeb2c914a093 c8d0bd0564061814d0cfc759211d4ac72a8c5236aca8da8208c456a9a2479f583223a28f4b1a03011decb5c8b1125ab3
CLIENT_HANDSHAKE_TRAFFIC_SECRET be7f536971bbfd890bfa5923006674e5d032c7593128203e05fceeb2c914a093 b8fb7e0110e9edc3a9d1fb44edf145d6225507a274cec6492b0e12f995fe3637e98670b68e6a4105a0568bfc486c4f67
SERVER_TRAFFIC_SECRET_0 be7f536971bbfd890bfa5923006674e5d032c7593128203e05fceeb2c914a093 1560ee41a02b33a0d6dd41cd14511d44ec89cc242dad021b576d49a86a3f84cba67807859b018ef35b2d12ef306a1fec
SERVER_HANDSHAKE_TRAFFIC_SECRET e6dff4ec7785c8a6c9534826571684fcd547f14fa925f8d85cf3782aa10d5f4b 8fa0ced81822d8b40e036edec9e246933950bd3392874d74d6a5c09a27cc37574f40b5db33b09b81397cf5618617da2a
CLIENT_HANDSHAKE_TRAFFIC_SECRET e6dff4ec7785c8a6c9534826571684fcd547f14fa925f8d85cf3782aa10d5f4b 972b2cc2d95e8ac78fc98ebd86ff388c35557b03db9106d245811ecfdc41b3f2217e4e9bfc681655dcaa29e317562289
SERVER_TRAFFIC_SECRET_0 e6dff4ec7785c8a6c9534826571684fcd547f14fa925f8d85cf3782aa10d5f4b 64866e7723f825e9725d65723186216826ab34ae1fcefb75597bf327a661cf2c071b6175a9f73f5261bcd1af5b9d5957
SERVER_HANDSHAKE_TRAFFIC_SECRET b1ee98503802aceefaf76ec2cf2daa27c7cef7dc8c75cc016a9ae74aeea19a30 aa05fe55a6f372b33e5035b8484d9bdb8843d286d212ae0ea6399f944894d2170f7d23d76080eb4d7a15ff6a06ecd0a2
CLIENT_HANDSHAKE_TRAFFIC_SECRET b1ee98503802aceefaf76ec2cf2daa27c7cef7dc8c75cc016a9ae74aeea19a30 2206a82990d4c1f4dc7065952acc7506164125fceea2ba775d028e85d9ff359bc3584f84175b19e0df88314538ec81e9
SERVER_TRAFFIC_SECRET_0 b1ee98503802aceefaf76ec2cf2daa27c7cef7dc8c75cc016a9ae74aeea19a30 be509ba9d12b14997c8c8ac9230c4ae9fd69085383bc31c337accf9d4771ae25ac2dd298ad5535c872877e4b64c8ccc6
SERVER_HANDSHAKE_TRAFFIC_SECRET f091819e6a983d1ced3b8ab18b6dee7f7785fe47a57920ab515ea72d5e741a5f 8ded4e12e8c6523809c29f4d94421cdfdb7077a8b4afa6b753ca99b218a36321006764aec48b9ed1609e32f9f9e005d2
CLIENT_HANDSHAKE_TRAFFIC_SECRET f091819e6a983d1ced3b8ab18b6dee7f7785fe47a57920ab515ea72d5e741a5f aa694dea06c7526f66bc0eae9ee460698531634084cab2d6094b5645b74ab5a9bb042eeebdcc9ffe888a56c4aa5ff7a4
SERVER_TRAFFIC_SECRET_0 f091819e6a983d1ced3b8ab18b6dee7f7785fe47a57920ab515ea72d5e741a5f d04b9858326eee9a078686be53df824e607a9308f407b94e1b4809920a36cd39bdfc403261b4411600c40b8c53315233
SERVER_HANDSHAKE_TRAFFIC_SECRET fcc1408a0a7545d31ee4c86cdc866cf7dd0d33f45fcbcf09fc9cbea2a3655685 1bb4c8c6173ee7db6eb8b67f4ed0a03b2848bca2d04615cd5438e7e22c38b486b7380d7e4db935a9769db84daa93f85e
CLIENT_HANDSHAKE_TRAFFIC_SECRET fcc1408a0a7545d31ee4c86cdc866cf7dd0d33f45fcbcf09fc9cbea2a3655685 fe07c526582d96cc064402c4013ae52d0a13994b82f01cb2912ad8de0154723634133bfff2a76b042c2ea5d8b31444f7
SERVER_TRAFFIC_SECRET_0 fcc1408a0a7545d31ee4c86cdc866cf7dd0d33f45fcbcf09fc9cbea2a3655685 1ef3de4512067e7f62eb0f9270920ed0e5d7adf1f92a3999e320ec5c26ad8c9b40db4daf064587f7d1a52c06b25cf0ca
SERVER_HANDSHAKE_TRAFFIC_SECRET 92894c59fc62319a46f7a799f57e03d179da9dd5ee5076f1d73c19d9ae8e2034 6680a418791d9ad283498686f2138c5aa331827099548d389aac169e737338975d78eeaece8a733a41b00f6bb5dbc65d
CLIENT_HANDSHAKE_TRAFFIC_SECRET 92894c59fc62319a46f7a799f57e03d179da9dd5ee5076f1d73c19d9ae8e2034 b0441efdb51c7a494b592fc69bdf51c2f4f23f35c36c86c39faf731153d687d29caf92d636f061c43a723de757131937
SERVER_TRAFFIC_SECRET_0 92894c59fc62319a46f7a799f57e03d179da9dd5ee5076f1d73c19d9ae8e2034 c0cbab65645f52d25cb86932b5b96d4823b8ad011662dd95a043e430182f41e95d31e2b78058dc0717cb67f6652a5e32
SERVER_HANDSHAKE_TRAFFIC_SECRET 1cb892c1b04ef3846ff694cca98e5df721cfe78f774a57fc09163ce7837e853a f1f10de02f3b45e8a6d28bc060ef530a62ddaeb479109034be0b339578e25a9948611467b63efb3f892a10775743f0e6
CLIENT_HANDSHAKE_TRAFFIC_SECRET 1cb892c1b04ef3846ff694cca98e5df721cfe78f774a57fc09163ce7837e853a 419a75e8b9b2eefb7acda111d942e5f2064672cd248ef0443e09255e3c54850c319df5ebd2533cd9019c5cb8acfafc9d
SERVER_TRAFFIC_SECRET_0 1cb892c1b04ef3846ff694cca98e5df721cfe78f774a57fc09163ce7837e853a 8acf83c6322de533e65e0933b61b784f03d260563ca242c88bfc838a102dc5f888b8166c98d8139cb7e87ca48a08b23c
SERVER_HANDSHAKE_TRAFFIC_SECRET 799c08159c01fa939309ed1c06ead72a66db6f8f1aa303c80e15f56e7f31865a 88ad09b075100e655e1cfb1dfe9cd44c39de973edde038ca99d5506d2ef470e06feb509ba3fbcffcece26c6305c8df8d
CLIENT_HANDSHAKE_TRAFFIC_SECRET 799c08159c01fa939309ed1c06ead72a66db6f8f1aa303c80e15f56e7f31865a ac6d337440e54f99a94bf24d9fc9bd2a69047dc8289c2e1bf3463801ee6b7847974a36972e063616de169c0dd98c4a0a
SERVER_TRAFFIC_SECRET_0 799c08159c01fa939309ed1c06ead72a66db6f8f1aa303c80e15f56e7f31865a 94692585fc6393e5b5af5b9b584be4f49a2c8321c0fa0784486d9e5be2c8c4a1977e1940ac55d73f8de8a6fa81be815e
SERVER_HANDSHAKE_TRAFFIC_SECRET 9262c87f2e2196eaafbc36a33a2bd046460770e6980ef9cc37614d425f5c595e 5afb8804ff4cdb8efb82b37f1ded58ee00f63bd40d533fb14967d51d8bd45401b6dc4d49be88fe28502f028f8603de5c
CLIENT_HANDSHAKE_TRAFFIC_SECRET 9262c87f2e2196eaafbc36a33a2bd046460770e6980ef9cc37614d425f5c595e 45d1c9b4bd219d26c6bb99427d6a9a10288a659cd702cecf109e7c96b0439761d5d3595202461ce0ade7df59a3fe5cd1
SERVER_TRAFFIC_SECRET_0 9262c87f2e2196eaafbc36a33a2bd046460770e6980ef9cc37614d425f5c595e 540f134d14e5506cb133ade524358567f46b5de6ef974277bc6f9122c04f8a5a58ec07112689b281dc0dd493a64da285
SERVER_HANDSHAKE_TRAFFIC_SECRET 51b0076ccaa79cd77a1b67362d6060546517e0288ffead33ebc3267bbefc206e eade8ab99cb288dd62c1850975412ee63dae7c998b3915ff19fa5fb26348638e27e000b6d4c7f1778b10982496e6e07d
CLIENT_HANDSHAKE_TRAFFIC_SECRET 51b0076ccaa79cd77a1b67362d6060546517e0288ffead33ebc3267bbefc206e 0f7101c016848aabf2ca59e2dc09e5e8d737261d917e558254999df44a008852753093d6dbc75295f301ca165a5c7133
SERVER_TRAFFIC_SECRET_0 51b0076ccaa79cd77a1b67362d6060546517e0288ffead33ebc3267bbefc206e ba4578d678df8f977cff544b52197645bdfc05a57b37f6b6d49f97a308d0ead1f823137cf999a82ecb51b2e53f63557d
SERVER_HANDSHAKE_TRAFFIC_SECRET 7b14548a287b533b84242f6a796cbca3b8cafcce025be96268b646eaeac1d193 6197a2685d1c2a72a845536345ac817f930b4f7af452ad7e575754740ee87a7741f1b1854cd4a5c385fbe7044881b7bb
CLIENT_HANDSHAKE_TRAFFIC_SECRET 7b14548a287b533b84242f6a796cbca3b8cafcce025be96268b646eaeac1d193 e76e8821c4cc1499a1c30c4e94a207428b22f06ed0759f679bbb0659e2bfbfc12c65ad54632fb98e7ccf0d112a7daacc
SERVER_TRAFFIC_SECRET_0 7b14548a287b533b84242f6a796cbca3b8cafcce025be96268b646eaeac1d193 813113587526af42712c210fa3915950dd965d0f9dc1ddf2a04e784b1a958a52869b9cdcaad2630ec2b5352f8d0d8997
SERVER_HANDSHAKE_TRAFFIC_SECRET 5b1720fa45826e39592adfc67355027cc327b681ba4780b668479aef2bbf0695 45a40acc2c779df3e848abf3761eb3e17a48810e25b28316bc436e566c876cca5cd611d339c3a4d368b91951a14990a5
CLIENT_HANDSHAKE_TRAFFIC_SECRET 5b1720fa45826e39592adfc67355027cc327b681ba4780b668479aef2bbf0695 59650e01b32ebd574e8bec350ceee04dd4b180d3fc4b34c041b547f789a77527413ef9bd60ba7311de622dbf009a8a69
SERVER_TRAFFIC_SECRET_0 5b1720fa45826e39592adfc67355027cc327b681ba4780b668479aef2bbf0695 b3e44fcac27ad1bdd0af403233cf01c97a861e3315060a05a9cfd6a4ef2676c66be44019a59cf6a08d6594b043668cd3
SERVER_HANDSHAKE_TRAFFIC_SECRET cd60cf23e1b702ba72fba506f11e62b15fa2b5a0bde6911f7d7daf0c90c23661 0aa4abcbb88d81367db844952ba079b82b98ba8427cc93f40775719b65e96c996850d30d5ca48a101b48a15b82193363
CLIENT_HANDSHAKE_TRAFFIC_SECRET cd60cf23e1b702ba72fba506f11e62b15fa2b5a0bde6911f7d7daf0c90c23661 609c056dfda0dd3b5e38b35943b7060106e08ff8f86f551c2cef7f7b2ec1f1c46876621b005d149e4f9d31cbb12755ff
SERVER_TRAFFIC_SECRET_0 cd60cf23e1b702ba72fba506f11e62b15fa2b5a0bde6911f7d7daf0c90c23661 289bffb51c3ce7ec3d18c1210590fd73d766b582bb4f169f309f417d91a8e0dbbd1f697859bed730d2d64f89d3ce2e05
SERVER_HANDSHAKE_TRAFFIC_SECRET d7b397226a05382f4607cb9e98cbbe4a95a7b51b5c9be4b40a9b865bded71e51 b933fc56086b90ed3139c3ca40aaba46f92ecd86ac8990a526969f86324e35b11cc8229e664b9030a067fbc3f1809493
CLIENT_HANDSHAKE_TRAFFIC_SECRET d7b397226a05382f4607cb9e98cbbe4a95a7b51b5c9be4b40a9b865bded71e51 c15c5e7ae50fc277fef2037d4974e229ba5a63ae3e5625dec97e23f0e60df50be9890f94a09b638cf4a7696b0159b575
SERVER_TRAFFIC_SECRET_0 d7b397226a05382f4607cb9e98cbbe4a95a7b51b5c9be4b40a9b865bded71e51 a44aaf235a91354220df59e8c7232e474e0bd7558c07de09a5939d14f157ccb26f5fc9d2e28fa2866efdce0cbcc0459a
SERVER_HANDSHAKE_TRAFFIC_SECRET 84219cf15bfb50373f98c2c111447d3f3cd20c7e220971d268fdc69f9bfdca7d 07e200099c50e77d63d6814141350f57e634ce6aa64171ea4bc8b431a5b083dc12ff759ec4587ddca345f0bb327ea1ff
CLIENT_HANDSHAKE_TRAFFIC_SECRET 84219cf15bfb50373f98c2c111447d3f3cd20c7e220971d268fdc69f9bfdca7d 37b422fa00387c1e2f378640b09cc12224bed3c30560e6c108d8171b5cb7a7bc2ef1178d1c5c668f18832be059ed99e2
SERVER_TRAFFIC_SECRET_0 84219cf15bfb50373f98c2c111447d3f3cd20c7e220971d268fdc69f9bfdca7d 2d19226b60b61ad1e400530307fc629d860a23d50e07a58a08d3e9c493d48282eda9656ec8a0517d960febf93d9aa94c
SERVER_HANDSHAKE_TRAFFIC_SECRET 2f93df684bfa9f903341b8a83a91a059fc9028e4cd04b20f04658b8e263945fd 2148b61ff5c031be38af592bec81c78967faab0ac15e074261eb546ab238df04441565051188f235f6a6ccd4f86f292d
CLIENT_HANDSHAKE_TRAFFIC_SECRET 2f93df684bfa9f903341b8a83a91a059fc9028e4cd04b20f04658b8e263945fd aa58378518de067bea8a4dcfce47f1a827200d81434c6cddad22c02f8e28c84b655ddbce64a0804497c966cc1e5972b2
SERVER_TRAFFIC_SECRET_0 2f93df684bfa9f903341b8a83a91a059fc9028e4cd04b20f04658b8e263945fd 3d1ae2d5195499b18464e59179e29b115372e64d6ade019b8523e5d6402ef84bf1defee6fc7d35fa984602731bd098f1
SERVER_HANDSHAKE_TRAFFIC_SECRET c55fe050875dd7b88f5d0c276bfdff9c07b6cf2e731613351f720239c4b1d8f2 a4d2a43e7f96afbf278062bf55680226c991a2b742344aed0c7ef282895b5d4fb122c9ba7e617d61dfc05cd0b0c05542
CLIENT_HANDSHAKE_TRAFFIC_SECRET c55fe050875dd7b88f5d0c276bfdff9c07b6cf2e731613351f720239c4b1d8f2 d510a94b647b446846c5e0762b98764e54d073aba9eb6526887051cc860c7ac54cce2d3d93f742ac14fddbf66a2c5d48
SERVER_TRAFFIC_SECRET_0 c55fe050875dd7b88f5d0c276bfdff9c07b6cf2e731613351f720239c4b1d8f2 5f60da123a4dc6acee6afb1df9d498157e35b77bf76559d66bd5c9bea1e87c009ff7dc3b7bf5dd7862a5104ae25c52ed
SERVER_HANDSHAKE_TRAFFIC_SECRET 646eb65a50e620793f5b028279e38f153b57747f75fd5a196cbb95f14a763740 56b1a52c4c28aff34c62ba7c663070d0607249becec955b1b1c0c185ad92f9955539e1d1a27fbb25ecd4da8e46e0a2ab
CLIENT_HANDSHAKE_TRAFFIC_SECRET 646eb65a50e620793f5b028279e38f153b57747f75fd5a196cbb95f14a763740 1b09c6bf1d909db40d46974253d9c25613f89f0eefa9ec87c7cfbdf3ffa5f4690c70143a5f79b151042fce47b2c93dba
SERVER_TRAFFIC_SECRET_0 646eb65a50e620793f5b028279e38f153b57747f75fd5a196cbb95f14a763740 ca7a221445ae4ff5a6669af79a1f852fb394b97e610b96a2c799bf3b645ccc500c2d5dfcc4979672988b582a8c4f7e23
SERVER_HANDSHAKE_TRAFFIC_SECRET 2ece11c67db8be726a7badd9914170466739e48fe94dc4047f781d521a94805f bf6fc9147618904cb7da6c7e778d7b7cf74ec717aa4970cc5146e7977ac9d73f39722f757a04ef7c47d8fa9ceb79993d
CLIENT_HANDSHAKE_TRAFFIC_SECRET 2ece11c67db8be726a7badd9914170466739e48fe94dc4047f781d521a94805f c1d46b3aa5f26f9af90b46410b36ffade871f4c58fd843932b9813fa8d5d150d4b0fa4f276bb1753effebbc1fa893221
SERVER_TRAFFIC_SECRET_0 2ece11c67db8be726a7badd9914170466739e48fe94dc4047f781d521a94805f 65dfdffc8f67e37677dd08f3582c37a1b39f70a49f73773ebfcf06aef6ba4e11212aa45fbea1bc330883b3edc301aa13
SERVER_HANDSHAKE_TRAFFIC_SECRET 8ad1fc30543963e62610f6e9123771855a74c6a25d0299246bd43866064a85d8 350cedc9a3789dff6579c886aa2e359db6c899fa9806e4c73e81ed9fb23120d9623e3a2309cf91b9c93b88fcb4b42d24
CLIENT_HANDSHAKE_TRAFFIC_SECRET 8ad1fc30543963e62610f6e9123771855a74c6a25d0299246bd43866064a85d8 2b428b5f83aac52c133764594d6dc752a5540813620cd2d8ea7a3b91540481d1e5a210078ecb769696a0e791ecdf0a04
SERVER_TRAFFIC_SECRET_0 8ad1fc30543963e62610f6e9123771855a74c6a25d0299246bd43866064a85d8 156c9d97e75a42286ee6e16e8baa07d049606aa2b75c32309c6a3a677d646b3f5a24c77d5fa5e2070234b014767c6aa4
SERVER_HANDSHAKE_TRAFFIC_SECRET 242b42ad0ce6e8a27f74fae188276d1e7ad5a28bdb2c66710ef31542f60b2acb fd250e41a303d3bcf4a5b9beb0ad90deef322ca8cba2c08164491aac895cfb194c329b10d860859b3d79d5d9e8d3381e
CLIENT_HANDSHAKE_TRAFFIC_SECRET 242b42ad0ce6e8a27f74fae188276d1e7ad5a28bdb2c66710ef31542f60b2acb 8a5813a6ac46f324caa3daf0a232b7d26bc8f6952f9d2fdfce79aa9a52df665905a41bf2830f6f151a79bd39783a8603
SERVER_TRAFFIC_SECRET_0 242b42ad0ce6e8a27f74fae188276d1e7ad5a28bdb2c66710ef31542f60b2acb aeccc19087f00c0ad72c82951e3a1a18536590416bc54593b5e9c315cf69aeb5c4f468cdb2629db7b968a18a1aac3c27
SERVER_HANDSHAKE_TRAFFIC_SECRET 2605b3aca42bb974e90b4a0887e216a47025ad76c26899eef653c55625c30d38 044402bbaed33290c504155cd48933c4a444659ec6d1a5e73c4f872a4939638bf81c15ca5304ef06735652ed62af9ffd
CLIENT_HANDSHAKE_TRAFFIC_SECRET 2605b3aca42bb974e90b4a0887e216a47025ad76c26899eef653c55625c30d38 1776b7727342bb329a969a09133c39b589b68005da41fe0fa28df00dada0a95f8517a695040d9471068e234c28de81ab
SERVER_TRAFFIC_SECRET_0 2605b3aca42bb974e90b4a0887e216a47025ad76c26899eef653c55625c30d38 a55f03a4cbd42f8ef328c9cda0c91cd269025f8cafed3e286aadb04f6c89b25ea768362c9ac34585eecd57dcdb3cdb5b
SERVER_HANDSHAKE_TRAFFIC_SECRET 1f453a47d37b50eeeaaaf000f0169f5edd367b0ee9f3785d642cdc76fd6a2c6b 584513d8d1c57414e8b45762172e6177dda71cf4053d06755620bbdc0cb4ff05386939f9dc3b7fd0285252b4f03ed4fa
CLIENT_HANDSHAKE_TRAFFIC_SECRET 1f453a47d37b50eeeaaaf000f0169f5edd367b0ee9f3785d642cdc76fd6a2c6b 518415d96e44c9ed9a47a8cc9ff20191ab6973c19c021db23d3ce0aea896684c37d63e889d209698f31565e2c93aa525
SERVER_TRAFFIC_SECRET_0 1f453a47d37b50eeeaaaf000f0169f5edd367b0ee9f3785d642cdc76fd6a2c6b e0c79cc8c51474bb05d351107d3041a785271977b1290d1f795c04c283760742410c1fc9466f7de113198adeb701c6a4
SERVER_HANDSHAKE_TRAFFIC_SECRET f15b3cf9d0db3b49d612d21fee9bd765267e7d0953fdc48c9351cded402291eb dfd2b7513edd2ad472f2192e597f168e25e47b4f4cca517f7375a898b7a78987cfcf65559cb6142c6d0b4f173622bf2c
CLIENT_HANDSHAKE_TRAFFIC_SECRET f15b3cf9d0db3b49d612d21fee9bd765267e7d0953fdc48c9351cded402291eb 418482fbc8806903cadee39e7470532e46ddcba64c9d2ed317df289f87ca2ff76f1188a05e8a35ba4bd5ef578c2381df
SERVER_TRAFFIC_SECRET_0 f15b3cf9d0db3b49d612d21fee9bd765267e7d0953fdc48c9351cded402291eb ba98fe9dbcde3f34ca40cd2dc357fe1f1475f79c302a765498e7a9c8ae12dd59616075c6d25fbbc77af672a84957d37a
SERVER_HANDSHAKE_TRAFFIC_SECRET dbaaf9f7af3616d3022c5027143e4326369b06e37d29bb2e7cca29eab3425dea 1041a44a27d94dffe4b5e0c8e88560af981990db0e2ffc710960eae9fdae06027931698780900c257d7ebf16325200c5
CLIENT_HANDSHAKE_TRAFFIC_SECRET dbaaf9f7af3616d3022c5027143e4326369b06e37d29bb2e7cca29eab3425dea e3286832ed6aa9fc7ff1669825ea23dd42069085eaec87132f55ced11501578fe763f78fd5e3d54bd7ab0d24aa7b5366
SERVER_TRAFFIC_SECRET_0 dbaaf9f7af3616d3022c5027143e4326369b06e37d29bb2e7cca29eab3425dea 1e0272e39a89ae4dc2ec49f2b11e0b1e5e996f922f061e6dba319ca49e9d582254dcad7f49c31a4bc9e9bf9baf7f4c12
SERVER_HANDSHAKE_TRAFFIC_SECRET 1ef0e3b7c65cafcf443e147f97fa4c16b4bae5c04f48f0d7b7406ecbb17f2dc5 c0ed012b91c97cf0c62a18216e738251239409318ebeacedc3377952a0b3d24f0c9bee7896912b6ded0515ab8ed7aed0
CLIENT_HANDSHAKE_TRAFFIC_SECRET 1ef0e3b7c65cafcf443e147f97fa4c16b4bae5c04f48f0d7b7406ecbb17f2dc5 e5d95ea0a880d513e45f7dcdb4046a5aa2a2bd6af29588c7d27d4d5211c4010a34a675d9eae534ac946f136f601cd3cd
SERVER_TRAFFIC_SECRET_0 1ef0e3b7c65cafcf443e147f97fa4c16b4bae5c04f48f0d7b7406ecbb17f2dc5 7a3afb4bf8d680d9c26a315243e19cb38397f4588aafb51d6aecef54176708180bc687d155bc55b10a4b0a2fa479741b
SERVER_HANDSHAKE_TRAFFIC_SECRET 24c7669cae83e6046a553a8d0fd8dac6c9c29b2beefa5ffe8b2ad0dae55c4124 de0056456755c932d206174fb141267bfe0e499383d3efe08c69b094960e39343cacf995a84611802ba316c33569e468
CLIENT_HANDSHAKE_TRAFFIC_SECRET 24c7669cae83e6046a553a8d0fd8dac6c9c29b2beefa5ffe8b2ad0dae55c4124 f15ae9972717af8996eee957db557b3b2d9c773d486f15dcc84a8f4fbfbc2a365d4f59ac672641eda497027d81d2bfcf
SERVER_TRAFFIC_SECRET_0 24c7669cae83e6046a553a8d0fd8dac6c9c29b2beefa5ffe8b2ad0dae55c4124 86eed28b97c99f19a39c69b3c32a069f3ad7076a8718e12ae15fb26308adf4b69f079b4561694ba05cd5d7678cde4301
SERVER_HANDSHAKE_TRAFFIC_SECRET 5a1e10430d5304b32009bc956a6d756bde5c99acea27cb30aa22f8637251d4cd 5ad36b093eec61f4b1508cb3e1fba9ea304ecad93b480e4b24025d5e80208967d83b6b7ce38796b8f720fd956c0834bc
CLIENT_HANDSHAKE_TRAFFIC_SECRET 5a1e10430d5304b32009bc956a6d756bde5c99acea27cb30aa22f8637251d4cd fb1193673966b0f80ec6892f4873df059aa1a4d3fe407ea9fac226d96ea29c570dc2f6504caa9f94f7c54ad4ccaa3ae0
SERVER_TRAFFIC_SECRET_0 5a1e10430d5304b32009bc956a6d756bde5c99acea27cb30aa22f8637251d4cd 24fc935f77ed7f16de773da07829156b91fd4e5c9ca027b83212d3c284fe47e0b08ab2f91ca17eba2f9725cc7f78c3cd
SERVER_HANDSHAKE_TRAFFIC_SECRET dfe02c84971fff90e5b5aa0c82d75b248c87ef6f99d0e2ff155adcaf19c2aecb e948e8ee14f90090f68ed9ae6758972180e48484abddfa5992c655bf62023bfbcd16d59ee108f7131fb6dc2fce3c98ce
CLIENT_HANDSHAKE_TRAFFIC_SECRET dfe02c84971fff90e5b5aa0c82d75b248c87ef6f99d0e2ff155adcaf19c2aecb 2f1ac69d6bfcbfdd69516d0be36f23ea4ee25abda215bce5f12cc2cf83415b56453052bf875c72a3db9fbfde482bac4e
SERVER_TRAFFIC_SECRET_0 dfe02c84971fff90e5b5aa0c82d75b248c87ef6f99d0e2ff155adcaf19c2aecb 44193a8a76ee242503ce8571c48182bd9c15da8b6f30b0efff4e6c670d69f5d5df396ab2109aa1033b642d0d94019e40
SERVER_HANDSHAKE_TRAFFIC_SECRET 2826c9b086179312e0b22c8301ce5411a5290ed1d44cfbe4d6a00393864457c4 f7dab6f7540805feb88aedc02a9d598343fd9d907e3da540d5f8127815b364ce33a8bda8d36633d1c032b4b6ae95e094
CLIENT_HANDSHAKE_TRAFFIC_SECRET 2826c9b086179312e0b22c8301ce5411a5290ed1d44cfbe4d6a00393864457c4 2d603a59dec1b41bafd62d58a840d36488aff01483960ade960c5ac9049fd567dcb451aa80d3c0295e9bd4baf6bde2fe
SERVER_TRAFFIC_SECRET_0 2826c9b086179312e0b22c8301ce5411a5290ed1d44cfbe4d6a00393864457c4 fc5a4257bb435d2ae58a9a9f2c0cff01cc1e9c1553dae2a342ed8155e451e2e00691228f9811745b34df07e17a4c0b53
SERVER_HANDSHAKE_TRAFFIC_SECRET 42e300b094d413cf7ea1ad91e399fcaaab70a7cdce70702a5f946dc24a6dacf1 f9af506eed09060c7a725579d0d6769dbed50b91264a3150417fea8bbb79de32c7f55bb317efafbf8c441390e7303ac3
CLIENT_HANDSHAKE_TRAFFIC_SECRET 42e300b094d413cf7ea1ad91e399fcaaab70a7cdce70702a5f946dc24a6dacf1 f57ca570b72968264a5a2b51bda4ccf8d5cbfffbe28ee2df84fafe7d449e2aa2595368b9cc97d403e70c01a69c746e0b
SERVER_TRAFFIC_SECRET_0 42e300b094d413cf7ea1ad91e399fcaaab70a7cdce70702a5f946dc24a6dacf1 dc4da9500c63e14b6a40503d185e2846e0af58cffd9622a783105f7c2db721689f4078366f497df4fa9497bea5ab4793
SERVER_HANDSHAKE_TRAFFIC_SECRET c7ca4c18e06f32cbe194016705a1c93ef20869d26a95efe782398cce866dfabd 7fa01bf90654ae1d41d4ec409108be2788cff62cbb2972b9e5f54cb7b84456e644176fea936fb7e5193d4f301822cdca
CLIENT_HANDSHAKE_TRAFFIC_SECRET c7ca4c18e06f32cbe194016705a1c93ef20869d26a95efe782398cce866dfabd bdccdae67c3a1af601dc6991ac2647cc3906d5c3cb3c740f5c9e8842b11e11e0090f826f19e72b61301e510870061675
SERVER_TRAFFIC_SECRET_0 c7ca4c18e06f32cbe194016705a1c93ef20869d26a95efe782398cce866dfabd c0090ba73e73fcefcf5420670b7c2c6d7b7893c9d9b8854f6b7591dfec5151dc1d2c76c6eab4a2e6632dc411c568d7d0
SERVER_HANDSHAKE_TRAFFIC_SECRET 81b88e3f762325d7d94967ded38c61a490cc6a304322599a618792cef9ccb2ca 91700405444cd884bbff33ecc0e40781a32ce9243c3216cabeb9f5f61f6e2c1cc3b9d3bf0ad185f2844756f0174c1546
CLIENT_HANDSHAKE_TRAFFIC_SECRET 81b88e3f762325d7d94967ded38c61a490cc6a304322599a618792cef9ccb2ca b836ecd1626ebf750738b4071d8382ef0835f9701ea2806588a8f70691737ec98d7400bf7023fcb10547bc249cff310a
SERVER_TRAFFIC_SECRET_0 81b88e3f762325d7d94967ded38c61a490cc6a304322599a618792cef9ccb2ca 0d4a81e277b2492486d84913c6ffa70bf7cebb5f7982f3bcd1826a2856e5b3ddf8de6625cf0e772dd51b42fc7ce7f1b0
SERVER_HANDSHAKE_TRAFFIC_SECRET c3ae8656962bcefebdfd6ce77f385807b3d7b878df2744421872f1accac82fef fdbc7bea9bd64a5d12c6ff777b6932683d22936706f0ac96516c6994bb7d1ac104de0ad41caa5a2acf2b82b84adf94b0
CLIENT_HANDSHAKE_TRAFFIC_SECRET c3ae8656962bcefebdfd6ce77f385807b3d7b878df2744421872f1accac82fef 7a7fe556783e506ea0f83a61db496135accbe385fb9a3bcde4886b8c4feb6c30b55238ad94991b3afec8f6ff8198e223
SERVER_TRAFFIC_SECRET_0 c3ae8656962bcefebdfd6ce77f385807b3d7b878df2744421872f1accac82fef 821c374549535e68a3446cd81f9dc270417e47b43a8c71ec01e80372b75b31aa8c0f6c71284921cfbd0f5eb1641138ec
SERVER_HANDSHAKE_TRAFFIC_SECRET 7bd74efd84cf09faf3e8f8e9590f25aef50cf429c22539c0d7bf984c19f19874 1c3a5306fb5b11d30dc05432e756cdb6ac49a96a8b8d3e9de2a7f927523f10b50c91eddbaa48da6e7b4c366aa2e1f79e
CLIENT_HANDSHAKE_TRAFFIC_SECRET 7bd74efd84cf09faf3e8f8e9590f25aef50cf429c22539c0d7bf984c19f19874 2d6c9029bd3d7c4305f81203d698b71a4ce0608a0470ceb20291882b539fe905cfedee9b0b9be4327e75394006cada6d
SERVER_TRAFFIC_SECRET_0 7bd74efd84cf09faf3e8f8e9590f25aef50cf429c22539c0d7bf984c19f19874 725cf9b04fc00772a4bc75d065a001851694468e34a2137e7120db79ef0d9771c9a2df2f80a1068c5a0fd3b300e8d200
SERVER_HANDSHAKE_TRAFFIC_SECRET f47a1c6c0021ce4cd04907f60aa420b8f7353697ea4f6a2e7f8a983d72dd2a99 f59166dd5657676432baf7622d9986de1b6d08f7c44c33ae291727dfeb2ef63eed5f823d6e10ea1178819e28149a1996
CLIENT_HANDSHAKE_TRAFFIC_SECRET f47a1c6c0021ce4cd04907f60aa420b8f7353697ea4f6a2e7f8a983d72dd2a99 3d915467140dbb70161c9e8f2c3cc40c3f7e930e08c0dc0dcfffee2bb88d4620ccf71df6ab1b3e52b11e72b1a4eb8802
SERVER_TRAFFIC_SECRET_0 f47a1c6c0021ce4cd04907f60aa420b8f7353697ea4f6a2e7f8a983d72dd2a99 cde00c409398d448980ca0a9d8d1c5d05842cf40a66cbeef7019b18bf4fa2ee842e1aa5061206c4369c6abc17576b658
SERVER_HANDSHAKE_TRAFFIC_SECRET 69eef696f8ad0a70148cff4a1981f60cf40dd617f07e5a2cbfa0e75df1145886 c39861d99033c09633b3578be2667bc6e15936f86f9e2054f92a570be5c1e0a40b165837b392e332d7adedf9a044a07a
CLIENT_HANDSHAKE_TRAFFIC_SECRET 69eef696f8ad0a70148cff4a1981f60cf40dd617f07e5a2cbfa0e75df1145886 e357cf6f879eb8ae178e7a2146774252e3740bd4b9229af2fc8ecc4c7593cbe872c6b06c58f3e1c9ed8d3787caceb0e0
SERVER_TRAFFIC_SECRET_0 69eef696f8ad0a70148cff4a1981f60cf40dd617f07e5a2cbfa0e75df1145886 aec859e712972dd0ebdf32029b2a2beb342f4ddb1b32160588c6f24333538b86f66a07815cb78e6a29f3d322a1bd73d5
SERVER_HANDSHAKE_TRAFFIC_SECRET 780e4bffb3c1773792885defe6cc10e764b7d4a954da1f6430eaa2e1aaaf199a d7c2970311acfbe4ac2e28ed0d94e62ad0de15513e211794ebc217e9966e8eb6be4267bfb59219ca7d4970317016fbb3
CLIENT_HANDSHAKE_TRAFFIC_SECRET 780e4bffb3c1773792885defe6cc10e764b7d4a954da1f6430eaa2e1aaaf199a 15f1dc8eac90ff8456093ea5484545da4bd300480e044b5b5500b3f20261f0174fd43080da1b21937e816fffeda11ddf
SERVER_TRAFFIC_SECRET_0 780e4bffb3c1773792885defe6cc10e764b7d4a954da1f6430eaa2e1aaaf199a f176df6f7e1ad1df25e83b3c33f0a176557ad301c978213d9629887ef10f73e11fc8e0a02aeb35a95e999ac438c2ad1d
SERVER_HANDSHAKE_TRAFFIC_SECRET 31231ea44a5508c37eca225f8027025b9a5452bfe6abf63ce9fb4447fa0b8a14 f6a594a4046fce3e849e2a8e9a05019a60ddc519ce6294aafc78ccf9bdfc3c5bdeec4dd34abffebf4fe11ac863ac6f4c
CLIENT_HANDSHAKE_TRAFFIC_SECRET 31231ea44a5508c37eca225f8027025b9a5452bfe6abf63ce9fb4447fa0b8a14 627b85b656f56d24d114138295e1d96695cf79b9e2bab9e204726e1ef1b0937eb0485dbdb5581d7adcd51677509272a6
SERVER_TRAFFIC_SECRET_0 31231ea44a5508c37eca225f8027025b9a5452bfe6abf63ce9fb4447fa0b8a14 8d070fb1d9f2c799cd3cc1dc87622a19de67008c20bf02de07d296f1fbcee214e6f4ec8c0816f361ff3be653b230472a
SERVER_HANDSHAKE_TRAFFIC_SECRET 4ce9891f85f748b58cd1f0e8383f6044eb76a6a89e934b7c130aefafacb14f03 00f8d88e06b5066ad18a20d53b1d375efabb5ed63870d33d95ef9c32345dce5980ab533df003266027646cb94568a79b
CLIENT_HANDSHAKE_TRAFFIC_SECRET 4ce9891f85f748b58cd1f0e8383f6044eb76a6a89e934b7c130aefafacb14f03 68b5d0891cdce60a683afacdb456f2874f4c334de3e3aafe1936fc291e636079253866ed50afbeaed172b10adf6f11ce
SERVER_TRAFFIC_SECRET_0 4ce9891f85f748b58cd1f0e8383f6044eb76a6a89e934b7c130aefafacb14f03 ae2abc5ecfbad1cdfe547df8a101c547d3e27937360a020a4785812999947a6ec2b067fae4f2aa15f5fd49998a79d9d9
SERVER_HANDSHAKE_TRAFFIC_SECRET edd9099ac3810b95781697f333b02d1b14eb16c0a83508d39b13705f26afe970 633c90522a9ca470c8c12a249be23ac7129ae54c9d05c609adf524425d1ddca491d561b7a98e7a4290c95693812b0659
CLIENT_HANDSHAKE_TRAFFIC_SECRET edd9099ac3810b95781697f333b02d1b14eb16c0a83508d39b13705f26afe970 4f65f24e115519e899ab5e5b1b3c019fa9988a76927a71b0f493a2deec7ce99836db91965003f5acd99206dbafbbd3c8
SERVER_TRAFFIC_SECRET_0 edd9099ac3810b95781697f333b02d1b14eb16c0a83508d39b13705f26afe970 61981d0ed2678613757126d9ed12481fa923438af347bff47ef86daa54a7b9ceb2cfd126cc4a00d20c6e4f9a0a2704be
SERVER_HANDSHAKE_TRAFFIC_SECRET 4b51542e65f1d3ac87129e1ca069c8295efa9de70c1b2e0575e85b9441ba27ca b60dd29222d5ad3e6f8e806aa20372560cae59b04f83340d5becae85684b9a80df60c7962324544fbb8e705578044007
CLIENT_HANDSHAKE_TRAFFIC_SECRET 4b51542e65f1d3ac87129e1ca069c8295efa9de70c1b2e0575e85b9441ba27ca 20dde83ffa3ff7b693e98d4357d52acb4fa6de5d098d98fbd8aeae5dbf1f7c8107d57dce9e71362c0c064bdbb696b748
SERVER_TRAFFIC_SECRET_0 4b51542e65f1d3ac87129e1ca069c8295efa9de70c1b2e0575e85b9441ba27ca 13d9f051227e820a22df484216511eade34cf54c597b80cbd88fcb28e2cd39b8876a3e7a271e39b06841f31c414ec7a4
SERVER_HANDSHAKE_TRAFFIC_SECRET 45acb0123ae7f0a3f669984d552c327b9d628b4c59f9e31d3e58ce699a3a0855 0668432268d63884bbd963edd0d6ce119433be446b056bcde6fe2a70bb371f1ff528e89c76455ca8a5d836f0a19a18f2
CLIENT_HANDSHAKE_TRAFFIC_SECRET 45acb0123ae7f0a3f669984d552c327b9d628b4c59f9e31d3e58ce699a3a0855 e059aa35cad825d38b8cafb6957d16b292851a568165e10b5997b03e11871143349c1f954c2cdebb69fe488bfb197a93
SERVER_TRAFFIC_SECRET_0 45acb0123ae7f0a3f669984d552c327b9d628b4c59f9e31d3e58ce699a3a0855 b7c5322e86bd03c242131346f346494455c47fc5589613b9385d822e33c4ee7f9f49be9eafc9a639c2d4869ddbede9e8
SERVER_HANDSHAKE_TRAFFIC_SECRET 75c9890a2f21c7bcb267a805cd7d52b3bc116dfe7b0868e9bb0cd474fbd96553 6e1e13ee958cc7d64360dd20bb77efa01f639ff20b9d0b1300a03b1c0b5a08a7dcd6b443d625a591bf953deb45544519
CLIENT_HANDSHAKE_TRAFFIC_SECRET 75c9890a2f21c7bcb267a805cd7d52b3bc116dfe7b0868e9bb0cd474fbd96553 430822946a6930db02953c7ce62a27529c633523dc892db7dbecaf8984ac5dda64ab05862008937785c59bdde53cf6f5
SERVER_TRAFFIC_SECRET_0 75c9890a2f21c7bcb267a805cd7d52b3bc116dfe7b0868e9bb0cd474fbd96553 3b4a33992ea66ed15ffab762120281c6703e6434bbe613e5ef0c88c31e60b894352289b62699c87e31d1866eef0d6995
SERVER_HANDSHAKE_TRAFFIC_SECRET 426d728e7898a860316ffbcf66fd85e57d21edb4f24d4ef9e80115a75a40464c 884c5974f0e499010f4dc643923565a454e7f3dd020e2a86b7f56e294269d30f524cf8e3fe800b58d1736aa5da7d28a1
CLIENT_HANDSHAKE_TRAFFIC_SECRET 426d728e7898a860316ffbcf66fd85e57d21edb4f24d4ef9e80115a75a40464c 41570ebabee2671063d0ec3172a188adf1cf2200d4e4bb14f4bf58b092c50ff47c0d14fb019e61fd8034c2c9a0509438
SERVER_TRAFFIC_SECRET_0 426d728e7898a860316ffbcf66fd85e57d21edb4f24d4ef9e80115a75a40464c bee0ed8b5a519522207b5e1133c81b4abc894290cdfd08fca6a5073817530de15ae23d1863bffe90569ae1ceeeeb093a
SERVER_HANDSHAKE_TRAFFIC_SECRET 143b805a2f7105c2f68c619610d883fcc10ca7b40d2f8ceef16c52c10545d74d 82d3c046886909c2bf61112088ba98ec3972e5498dcab6ff1685f1bdea7365a2af02d1dbde0f47c3d7dafd74f5712e50
CLIENT_HANDSHAKE_TRAFFIC_SECRET 143b805a2f7105c2f68c619610d883fcc10ca7b40d2f8ceef16c52c10545d74d e34c95cab7ab62a38eb367f29edf7875790f8947016a337dd09ab5823b5b381a8500572c1114002fbb2c8ae2541df834
SERVER_TRAFFIC_SECRET_0 143b805a2f7105c2f68c619610d883fcc10ca7b40d2f8ceef16c52c10545d74d 8255e4074a194f7e2e0077fa3395f25f811c2a028a483aee433898c89f9dc0055997a0d5390b0e84bba3ddc1fd2db107
SERVER_HANDSHAKE_TRAFFIC_SECRET b1efe201f2d48aeb72b16733af762eb1e3f8863c54dfe68d6178be61e19a042d c1d3836cc93bc1b5ca54f923d78a9a6f148a585cc64a6f83f167a7f73565d44d62c6a76004bcf15766327184e921928f
CLIENT_HANDSHAKE_TRAFFIC_SECRET b1efe201f2d48aeb72b16733af762eb1e3f8863c54dfe68d6178be61e19a042d bf5c467124561f393e04395d71742cf3c74b29bf889b47a1b82dfa7bea271d91aef849539a044391efb27714bec01482
SERVER_TRAFFIC_SECRET_0 b1efe201f2d48aeb72b16733af762eb1e3f8863c54dfe68d6178be61e19a042d 48aca1e824d5177c928ecb2b7a4dd2f5655fc512c538fef918de24ef4375ace5e0b9930be68449b1c4ce4a2ab2a41bc1
SERVER_HANDSHAKE_TRAFFIC_SECRET 87b07a16f1f9b38534905ef699bf65c9972cbabb3da77fdf019085fd76781d86 b930cfa5d72d10e6b4fbf652588f54d03c54c9dd4101e4a89a0d9f010b4dda95bd07ce62bb147422a9003988857cc89b
CLIENT_HANDSHAKE_TRAFFIC_SECRET 87b07a16f1f9b38534905ef699bf65c9972cbabb3da77fdf019085fd76781d86 d8dfa5b734e99b2d29ceb91c67d7232f5bac90ab2b029f35c6fe4537080048583912a0fc82b4ad8a70a75653b8ce440f
SERVER_TRAFFIC_SECRET_0 87b07a16f1f9b38534905ef699bf65c9972cbabb3da77fdf019085fd76781d86 48ea1383facd33ba5838419cc66d9423e1707ac14f17fa39546fcb70d28c5b084d125b47ee8b194b44e5c7918ca60e3c
SERVER_HANDSHAKE_TRAFFIC_SECRET 7ac6aaf24f6ad6e2a021637b35a8e0219b3f3734faf700e6daca13c1d9191884 b102d4b9737057895711da7fbfda6ee18bc440228cb007d63329727e0f8f3952714a8622bff5af679921eddcbee47209
CLIENT_HANDSHAKE_TRAFFIC_SECRET 7ac6aaf24f6ad6e2a021637b35a8e0219b3f3734faf700e6daca13c1d9191884 2b45c7b80d52b52998afd32cdb8215e49db4fdcbd2f9cdca1184af992ede4e49a6f1bbdbb87bbfeb23b13a02c30f81c4
SERVER_TRAFFIC_SECRET_0 7ac6aaf24f6ad6e2a021637b35a8e0219b3f3734faf700e6daca13c1d9191884 d7a34bf7efded8d3b189cc991816205d7ea0f10cb0f4e49b6c4533cb622f9c9350f4451221d17ecf37d3e2246bd5bb2e
SERVER_HANDSHAKE_TRAFFIC_SECRET e622f41e0d2f2e3832443473ec623146cccdfdddca141589029054d1ddd9149b 6de9cf6fa658e09f60342977d61ca12c88be7f209cf6cacbacc0e529ae174418e95fd978eb9f701210da4194511d17eb
CLIENT_HANDSHAKE_TRAFFIC_SECRET e622f41e0d2f2e3832443473ec623146cccdfdddca141589029054d1ddd9149b 0d1a8ae90c9fccce0943967764c0bac0d4047d92be6922695a5b854015ed8f986319f021800c00962ba244e231a92587
SERVER_TRAFFIC_SECRET_0 e622f41e0d2f2e3832443473ec623146cccdfdddca141589029054d1ddd9149b f3ee31f8251ac71cc11368c4ced1ae9d77e5f98013a5bd86722756e3e6e6993f10e8956ba85309315ae66a32ad3268b1
SERVER_HANDSHAKE_TRAFFIC_SECRET e5b7daa70e9016fdb64d3924e8469235c62b15a6c494fbe68e1d781d83156071 de6d3db44b0d60c7094607361da5a0e482e4cabc98f03547dab652d4c5c95e85512f0e24e37438f7ee92e2420aae06c4
CLIENT_HANDSHAKE_TRAFFIC_SECRET e5b7daa70e9016fdb64d3924e8469235c62b15a6c494fbe68e1d781d83156071 83fcd968bffa54824ff35d79415d52dd3c131d19ce890c8e2a9304a3e88df4c7fcf309f0dee6993e391fd036aa4affdc
SERVER_TRAFFIC_SECRET_0 e5b7daa70e9016fdb64d3924e8469235c62b15a6c494fbe68e1d781d83156071 08ddffb185b8364ca31f003a7f7aaa50b50475e77d7b3d5367028d865cf8c67a2e1c1a959136fbad92ff735775feba52
SERVER_HANDSHAKE_TRAFFIC_SECRET c568d345d197aff31a5be5fab766d9d9cfcad9e9474958c7c8ff8e610df11b3d 24d86550da2e39e10b6f7a46d73228b29eed8effa7456d875c8cb5055b0d6ce0cb34baba3add5c628c89e8e5f1e6c1aa
CLIENT_HANDSHAKE_TRAFFIC_SECRET c568d345d197aff31a5be5fab766d9d9cfcad9e9474958c7c8ff8e610df11b3d e1cf50624a1395a61d58d12ffd2752dcf2556f3ed0e76d5f02c208068042915579f07a011ed631a892280fd743a1dbb2
SERVER_TRAFFIC_SECRET_0 c568d345d197aff31a5be5fab766d9d9cfcad9e9474958c7c8ff8e610df11b3d 72baf9354f75e2126ba43f20b3a6765f03b3f8de7771f3871dda8aa60d9264ee07d3dadcdc2b506a4bc814380ae645bf
SERVER_HANDSHAKE_TRAFFIC_SECRET f4856669944283d3204f9d9a367f84fdc7ce96e46486066a246110cf06063bef a5515d590071b05c4177ca8ea002b2149d71762e9e9e177429379850c847d92eecbe94f4b5b1ea3bebae6eb3aceaaf08
CLIENT_HANDSHAKE_TRAFFIC_SECRET f4856669944283d3204f9d9a367f84fdc7ce96e46486066a246110cf06063bef 6cb809e0defe7bb666092039cd6ebf5d66f09ccad35bdbe077b0a627c8cdd322eb75f2c98b545ff58e6f121c0b36d1d7
SERVER_TRAFFIC_SECRET_0 f4856669944283d3204f9d9a367f84fdc7ce96e46486066a246110cf06063bef 3b6d18a51874f15810619d3e8d10827c14796c2c9ac3d6cdcf7fa5c73881341aebc43878aba619479b074f2fddd28a47
SERVER_HANDSHAKE_TRAFFIC_SECRET c5c7a1fb29cc0e07397b46a2b01351a85fddeaf65b76335286d8cbb38d3d055b 3ba792fddf4d00d3c1dcdd04b63c4a0f92d433ab5cf2e0902b7a067994d42f654eb3e056b6fd20b9234541a0635aa79f
CLIENT_HANDSHAKE_TRAFFIC_SECRET c5c7a1fb29cc0e07397b46a2b01351a85fddeaf65b76335286d8cbb38d3d055b f2aadc0e1c9096778f0c445fb2abf3333b2ad6e7c809fe4b22f58630b92b1f3d3b7af16e757642d0c4e4cce332e49983
SERVER_TRAFFIC_SECRET_0 c5c7a1fb29cc0e07397b46a2b01351a85fddeaf65b76335286d8cbb38d3d055b 700f61d0b527e2e1a00f0f059763661ae1ddb5a73b77c2d81c962e49b3e954af1da1a9f1517ff345f2617cb003682673
SERVER_HANDSHAKE_TRAFFIC_SECRET 54106de1fc411a561a814820ae415b9aa1aa53660af171e2ce1d51dab67e10e8 f7c6c280355bd8192ccd4922103b3f93ddeedd91e7199cdb42e6b4f5c21ac1c48a54a43eb4240d41671d5e6abe841bfc
CLIENT_HANDSHAKE_TRAFFIC_SECRET 54106de1fc411a561a814820ae415b9aa1aa53660af171e2ce1d51dab67e10e8 ec2fa748e71af88b7b98dbcf9e22c3e5b006580b0b193d76df58cc691cf6418016ab41fe3521fe7e34b88360188015fa
SERVER_TRAFFIC_SECRET_0 54106de1fc411a561a814820ae415b9aa1aa53660af171e2ce1d51dab67e10e8 9b368043945a1bd3617eb8acd3fcdb6d4dd0b6a061b22403ab660e518956aa7b7ed62a90dd69ab5e7816e2f007246350
SERVER_HANDSHAKE_TRAFFIC_SECRET 5253db9c3d1204e33b90ec7e4ca63a42eed1b2313568afa0676f3b9021a2c05c 9c574220ae28f06217e88b4acd9bff69e206ce7ef91de527ddec76104d3f8ba42436b71f1641d0cd6164dc3d05d72653
CLIENT_HANDSHAKE_TRAFFIC_SECRET 5253db9c3d1204e33b90ec7e4ca63a42eed1b2313568afa0676f3b9021a2c05c a4d74b43e051bf1dea899bf1d7e5787033ac15b7c7193688ab593baff3de822a071aea2f1ad3b747a8f7c804698bcb46
SERVER_TRAFFIC_SECRET_0 5253db9c3d1204e33b90ec7e4ca63a42eed1b2313568afa0676f3b9021a2c05c bee7bb38700678ee901356faad82e707cc9d64f98d46cbc8b54fb047e946739c031169f2fb174926c482211e45627b6e
SERVER_HANDSHAKE_TRAFFIC_SECRET ec0fa4db47adc804a78a9cb40701039cb54bac764f27389bf72c63eb881de854 97cb358a7f019965d070c7551882e50358dc38951cc1f297faa212550478174b96d10d52ba5404875b61feae9f0bd040
CLIENT_HANDSHAKE_TRAFFIC_SECRET ec0fa4db47adc804a78a9cb40701039cb54bac764f27389bf72c63eb881de854 289b9ef65fc82c6567846126d9e0e404b92f9d45126c282a74398873d452718dc8d1b98a91153eade7dcd055911bad96
SERVER_TRAFFIC_SECRET_0 ec0fa4db47adc804a78a9cb40701039cb54bac764f27389bf72c63eb881de854 b9a1285e3c938331e906d5c60f11808f76d07d8e7cfb04628261f9232874a3d32b79ec389879fcf29548b60f42660e85
SERVER_HANDSHAKE_TRAFFIC_SECRET 35ca239164742da0a9489a3e14c649a444c68b4030de3aed6dace0484db45ab7 6828b6a9233dee9db467dc19fa1f1c41847d77b5d21552768b595496eda544ada64b20c95d6416a06f5317f4652c961d
CLIENT_HANDSHAKE_TRAFFIC_SECRET 35ca239164742da0a9489a3e14c649a444c68b4030de3aed6dace0484db45ab7 009bd55f4efff25a05c5dd7de434a2eeb890600dcb2b379e068ef694410646b8857e211772297ff6c07af1d8e0f90594
SERVER_TRAFFIC_SECRET_0 35ca239164742da0a9489a3e14c649a444c68b4030de3aed6dace0484db45ab7 ca53160592f21b0085b874eec18705dedec25779e3a9fa2763c7d4cd9638156eb578313cec47af069acc485770beb00c
SERVER_HANDSHAKE_TRAFFIC_SECRET b23200656c13416245c8954ee75a0117c910d2cabe8c0db594ca643e9e963c0f 7fc92643b1912deea6ff5e06f74c9330d0c8b1244a70d97378f244a7b6f987b3b3e7046a8660bd282d9eac957b96bbb9
CLIENT_HANDSHAKE_TRAFFIC_SECRET b23200656c13416245c8954ee75a0117c910d2cabe8c0db594ca643e9e963c0f 37b7ac821e935be6df4f1e5c258c9ff3d03f36d18b8080dad13c463c73254c808ba442738486196d1fa70e236e161eb8
SERVER_TRAFFIC_SECRET_0 b23200656c13416245c8954ee75a0117c910d2cabe8c0db594ca643e9e963c0f 0ee0a43263c5d52a753097e7395249d61d095be24a809109bda506d607ce90a48f0fb411f9594739576c8270fbaec783
SERVER_HANDSHAKE_TRAFFIC_SECRET fd7af71300c010d1c531d9c064d3b73b487c57f3be630d5113a0e17aee3c7143 51ddbadfe6b0a9b0dddda456e5afbc22b69c6734cd0fa3dee056fa1d48699f9f8588a0d36e057f66e3e8bdea5be15a59
CLIENT_HANDSHAKE_TRAFFIC_SECRET fd7af71300c010d1c531d9c064d3b73b487c57f3be630d5113a0e17aee3c7143 60753a766949206a57bba6fbcc1ad78a8c1aaef680f714985d0b25c3927e5ae7222668dbb0fd14871cd987ad84778822
SERVER_TRAFFIC_SECRET_0 fd7af71300c010d1c531d9c064d3b73b487c57f3be630d5113a0e17aee3c7143 37d8c6e1545e8e889ce6f0aa8c861970d54acc4b134154eb83fadc1a865b0b1acec7b7f28eeb65e72eadc03f3376e720
SERVER_HANDSHAKE_TRAFFIC_SECRET 6964b147e43a4156e5058373f757d092bac2f56d6fbe081ac6f2bc945818c342 fa7d65b050174c72a2499907fa1f5bdd71abf208904d278c89b48670315fbae3c4853a56e8a708652d25def644dcd330
CLIENT_HANDSHAKE_TRAFFIC_SECRET 6964b147e43a4156e5058373f757d092bac2f56d6fbe081ac6f2bc945818c342 8b9caab3633da03e578d44894c5efa99ded3d0002cf305c9db3e13e789c764b6a0eb7c921d05d112551038eff3fcb040
SERVER_TRAFFIC_SECRET_0 6964b147e43a4156e5058373f757d092bac2f56d6fbe081ac6f2bc945818c342 b26627da5b18b29bf3cb6b2059a47871b051e16198ed68b2ef2e4940d9273d95da4b593f46004c81950afb84866b53bc
SERVER_HANDSHAKE_TRAFFIC_SECRET 6a60b1e5114e1efc0fb1abcfe20f2fcc180b770e461659f30c0ff1e1ccd8ee9a d996a6f439374dd63dfbe21eb0cafdedc4013c2b387a7671669bc54f6ac373877fcddf1df3a137e2d3edab48ddb722fb
CLIENT_HANDSHAKE_TRAFFIC_SECRET 6a60b1e5114e1efc0fb1abcfe20f2fcc180b770e461659f30c0ff1e1ccd8ee9a e1fa4fd75d8fa585a36db4c73b88c07a552e63f0e6e6075c590e964684e05f426ef3a451088b7160b85cbc98a435eb17
SERVER_TRAFFIC_SECRET_0 6a60b1e5114e1efc0fb1abcfe20f2fcc180b770e461659f30c0ff1e1ccd8ee9a 404e6f1b2ece575a053529d39531fbd198dc8bfa8df33ab01790b86a4a1b440f93c1707552bf93940aee0d11c7aa620f
SERVER_HANDSHAKE_TRAFFIC_SECRET 3f2546eb7a7faabfe076d906a322d608754153469e8ecaf12474c2206f766669 91d587fbb8b0673741a9b65d591f2dcd7574f622f46caed399f9c80fcb891e818a28a60540b9ea8e0a5d146bb8cfb323
CLIENT_HANDSHAKE_TRAFFIC_SECRET 3f2546eb7a7faabfe076d906a322d608754153469e8ecaf12474c2206f766669 2ea9ee94c48c381d35f800b8c1b94bdcd9e0be82380386151418af15290d1c8846759ae068e3cfc4fcb7a4bf0fbb2c8a
SERVER_TRAFFIC_SECRET_0 3f2546eb7a7faabfe076d906a322d608754153469e8ecaf12474c2206f766669 83a8881977fc08cca956141c13099d968738285be5aa06bae54a69d0328665f10d33bf047652f0b334cc2115ada6920d
SERVER_HANDSHAKE_TRAFFIC_SECRET 823121186f644f2c650b90f86613247d9e9daf76c3c0399ec27026342400e722 27bde383979e537282c0fb69338b4e57abf530d1c51ab2f3df9c2457403319df9f1a7d396a99a0f481a4597f1804af71
CLIENT_HANDSHAKE_TRAFFIC_SECRET 823121186f644f2c650b90f86613247d9e9daf76c3c0399ec27026342400e722 a1a8dfc30cb3c04f151427d3063ebb3a694580f3eff379c46a4123a8136aeba35d042daaad468fbd145b7e1e9633566f
SERVER_TRAFFIC_SECRET_0 823121186f644f2c650b90f86613247d9e9daf76c3c0399ec27026342400e722 a8616e16fbdd2362a57e982bdac1cb8b56782e3288a1c392f5d7131bb1944b68846edd25b93786ba07406a72e11cb96e
CLIENT_TRAFFIC_SECRET_0 823121186f644f2c650b90f86613247d9e9daf76c3c0399ec27026342400e722 5cfb84de024e886bbe2c977bea2644825f9051a10c867a8b44de925815a8bc103b442d84e398c87d1e027e4e0d8df9dc
SERVER_HANDSHAKE_TRAFFIC_SECRET 5a20b524d2a9f24a5ead82bb10772738e0ef3c944d85c6bb8b9be42b23110e20 8a14ac19fae415d352e6eb5ebe6fd7946fe7a7e53c83d5533efdb69445759d059a6b3f2a151fdeb55b918ef1d19ce8a4
CLIENT_HANDSHAKE_TRAFFIC_SECRET 5a20b524d2a9f24a5ead82bb10772738e0ef3c944d85c6bb8b9be42b23110e20 652d5d31ccdb77b45b91acfa7189652efa1b6b4ea2df080fb873d7c61d7cbd17563680da6879ef947a5840a66ba57c79
SERVER_TRAFFIC_SECRET_0 5a20b524d2a9f24a5ead82bb10772738e0ef3c944d85c6bb8b9be42b23110e20 627223ed9009cb3fb5550db21c843e01b4f4748b6ff93d226d09c002968f78025a2fcdf716d684ed853df0e82a0e25d1
CLIENT_TRAFFIC_SECRET_0 5a20b524d2a9f24a5ead82bb10772738e0ef3c944d85c6bb8b9be42b23110e20 265f27197f8389ec236727acf8ababee033455a8e1093eee3ef740f6c4c7a1d83cfce613d225c5ae66d3dee9d494e44a
SERVER_HANDSHAKE_TRAFFIC_SECRET 5dc45186dc1a0734250336dd5fe0c27f24795284bc3e1c9a3353b37b4d6aceac 86522378fb96d01f54864b8e4913930a0432f04f60ebe852dcb1690e616813d5b2274a735c9fccfd50905e41bd229453
CLIENT_HANDSHAKE_TRAFFIC_SECRET 5dc45186dc1a0734250336dd5fe0c27f24795284bc3e1c9a3353b37b4d6aceac 7bdad356c01a45f2f2a8145021ad93e46ef65d3b3ba612b9b0d3d004755ee37ac3ac38db1ff1600b60a8cdc9fd5a1a82
SERVER_TRAFFIC_SECRET_0 5dc45186dc1a0734250336dd5fe0c27f24795284bc3e1c9a3353b37b4d6aceac 14da87546151924450ee8befcb1fa8e3037999006a747994f03d470fc8a43a90420ceefc41b3c199fe57d71c625c8d85
CLIENT_TRAFFIC_SECRET_0 5dc45186dc1a0734250336dd5fe0c27f24795284bc3e1c9a3353b37b4d6aceac aac866eeaeddcf044b337479c240d0b963ca2a81e9a4a731d722ed7e2ba92525d837a5aef6bf61dca109f32cf368c06d
SERVER_HANDSHAKE_TRAFFIC_SECRET 38524542ec8ca4281a11bb71dc63abc7eb581467cdda784cd1b188a533c539ae d77c82b6ba8b2e0bd99bdda7db752cb68460f2aac2b5da5d7ccd29c0de99a24a5b24132a9c4476c768bfec676beb7716
CLIENT_HANDSHAKE_TRAFFIC_SECRET 38524542ec8ca4281a11bb71dc63abc7eb581467cdda784cd1b188a533c539ae f46f3c73556eb4c88e6d455e2b388ead4585d9687f11a4b8604b3f95f1d29a25181a382acdd5bcea8fd5a1ba6b329ffc
SERVER_TRAFFIC_SECRET_0 38524542ec8ca4281a11bb71dc63abc7eb581467cdda784cd1b188a533c539ae c4f0854f8404d1670d631c096b39a10e32d76dd44b96dbf862d9e4cac3fd1b37ecd136aba5e5e7c4dc7ad2bb0ece2777
CLIENT_TRAFFIC_SECRET_0 38524542ec8ca4281a11bb71dc63abc7eb581467cdda784cd1b188a533c539ae 2e6102b3097ef49bb28ffd06b41e9130d7e337341c874f3e144c206b83f5c0c2fdd906e0d027f7e2149b95e6959fda40
SERVER_HANDSHAKE_TRAFFIC_SECRET 83b03f6a2c7c203e6c6d0e7709c24472ec43716c7e1859e8e3780164aedddb2f 06f837e00cf07be9d51594c64f936b7edba7915faf5285eb69346d065836621cf3e784c823bbc3ba9824d77a268a98e6
CLIENT_HANDSHAKE_TRAFFIC_SECRET 83b03f6a2c7c203e6c6d0e7709c24472ec43716c7e1859e8e3780164aedddb2f b2d59d96e47ecc3b1163dd8eda33babf6df1301c2b4906bdf89a986584521a46d6f4ee65284964a05a83edcfb44a3f4c
SERVER_TRAFFIC_SECRET_0 83b03f6a2c7c203e6c6d0e7709c24472ec43716c7e1859e8e3780164aedddb2f 7bc5924505c6d896bdf0e1e107029f58027b1dfd990e7f2967f14e4452d6c9c876719fc383bc24f4ebaf04a0e0598fcd
CLIENT_TRAFFIC_SECRET_0 83b03f6a2c7c203e6c6d0e7709c24472ec43716c7e1859e8e3780164aedddb2f 36e71338e2874c99462bee54691c6c60e8839131514a4fd1431ce009ddb32af230e765064368b66187c9e74a25b8cf6e
SERVER_HANDSHAKE_TRAFFIC_SECRET afb67594134aef9758f3aa9ff5adc74c2c827af325c71596792c4b6f37f77242 1f9d55d6a5fc5ae63b59d7952ffa3cca30580fdf9e72b9f056df2f61ee4ca3b21604e28835a2c66bffaab05ba850eaf1
CLIENT_HANDSHAKE_TRAFFIC_SECRET afb67594134aef9758f3aa9ff5adc74c2c827af325c71596792c4b6f37f77242 19dc44aac447cee87bb075e6a046da891a348a3b1bd5ece88d10b0c54db4c0d97cde0a057a6b672215da1d371d45b41c
SERVER_TRAFFIC_SECRET_0 afb67594134aef9758f3aa9ff5adc74c2c827af325c71596792c4b6f37f77242 45cf751a7040e3a1f2f768116b920540c467869996de50998d12a630413fc2cdd0ae6009e212e90a5896147d4f317386
CLIENT_TRAFFIC_SECRET_0 afb67594134aef9758f3aa9ff5adc74c2c827af325c71596792c4b6f37f77242 cff951c4566376c868cd79ed9f05f54a8f3500598e24aaf012175fa96a732218b83aca84b23ca8f471963b9a66365827
SERVER_HANDSHAKE_TRAFFIC_SECRET e6360b293608ff6ce5ad027e77833d4e40520f532131033e6914b4db475b1376 383f867c3f0d38aeeae7ee25879bbba550d0987adc0eee5d505f4d6afe3a02cee7a1ec049bffc979cd7e6415202ec195
CLIENT_HANDSHAKE_TRAFFIC_SECRET e6360b293608ff6ce5ad027e77833d4e40520f532131033e6914b4db475b1376 38064c1a404c07e325fd839ad7f1395deb976c204c99a5b0d4e5c8a7d06ae5de8809608407bde8db9f655776b850e3fc
SERVER_TRAFFIC_SECRET_0 e6360b293608ff6ce5ad027e77833d4e40520f532131033e6914b4db475b1376 b1b3d295c90f8686830b8fc20ff7fe63a732e8405c8767de3bc4bb2ef3c52ddde11237ffd810e050d12be037dba81bf2
SERVER_HANDSHAKE_TRAFFIC_SECRET a0782edf84af18161495ccfb566baf73384dab67669f63b68e9387419f52ca77 170aae46846919ffd4c5207477f017fd38d9465467cd29046dfa08982f90fe279881e865ca352411528223952d76809b
CLIENT_HANDSHAKE_TRAFFIC_SECRET a0782edf84af18161495ccfb566baf73384dab67669f63b68e9387419f52ca77 ec8968dd6d1377c53c0e29567c4096ae7d522aa80a8e91d55265c229d4cb2c65b68fd2e4b8a3c8078f9ed8512544d842
SERVER_TRAFFIC_SECRET_0 a0782edf84af18161495ccfb566baf73384dab67669f63b68e9387419f52ca77 c62951fbf672e8fab26367eaeb02457b2602519a8c0e2de541421c480ce4fc3c219399ef2fb4e8fae402fb1c94fbfa41
SERVER_HANDSHAKE_TRAFFIC_SECRET b35b45c3f1299db9d4c4e371cb07781528ba77c8529c89170975e1e98e88e68e 6979ebe5bb35e3cd7834187d486ca891984917d17cdb52f8196ff2882a02d041ed2aca9488758d67477a7ed31717554e
CLIENT_HANDSHAKE_TRAFFIC_SECRET b35b45c3f1299db9d4c4e371cb07781528ba77c8529c89170975e1e98e88e68e 5a0ae315be7e3f542c6a2b1a9cedc8da934cdfba4186314a1d5fd98ef4b5f23937afebbbccb242c96bcd3b898d59f255
SERVER_TRAFFIC_SECRET_0 b35b45c3f1299db9d4c4e371cb07781528ba77c8529c89170975e1e98e88e68e b57b965c07981db6c244c013ef3e8d06a3ca08c119a43665f8e2afb7b267ef35f9a059884356238a1b0c88db70e46fad
CLIENT_TRAFFIC_SECRET_0 b35b45c3f1299db9d4c4e371cb07781528ba77c8529c89170975e1e98e88e68e 5ee4df7c68cee6f3c475b1d986a96baf1c1861fb2ad1541f1f5862210636534ceb53afa37f2c3463b33a66ec7890789d
SERVER_HANDSHAKE_TRAFFIC_SECRET 2b5ff29452fe8b2fcecd9664277bb76c51ea8739546b6738c68f06beee6d98a5 cc08d2ed2ae2e768121e4759731e14581b0fde3f55f03a22e294fcabfa84f6e45d8f8d08741cb7d1d8a8ab0ae3f6aadf
CLIENT_HANDSHAKE_TRAFFIC_SECRET 2b5ff29452fe8b2fcecd9664277bb76c51ea8739546b6738c68f06beee6d98a5 413422d5b58dadd1a664b9acf6909a07e9f5beb8381c5feaa2b9ca4d79885acd40297ff556447b19f3f02e9aa436041c
SERVER_TRAFFIC_SECRET_0 2b5ff29452fe8b2fcecd9664277bb76c51ea8739546b6738c68f06beee6d98a5 2ea631672e5f405aa77c8ac4e15479f1bba7616d9e4460fa3cef2107e439f83c4e6b36acfbe2f9b912448fedae1c7f57
CLIENT_TRAFFIC_SECRET_0 2b5ff29452fe8b2fcecd9664277bb76c51ea8739546b6738c68f06beee6d98a5 d3e1df69830470ddb07276bf56962aca769c5bcc22572c519d464643c020be3b99f15cc17e84518c898456017bec634d
SERVER_HANDSHAKE_TRAFFIC_SECRET 32d469ed2c3f1caa5cdba563781f1fd9d0bec5ec415f77ee67f08549254a279c 7d9efbd8c9156a0917cf51b3dfc1c013cefb8e64f62c92f17b61c57657c209b68bf257daea92e4a56b5931e86af18850
CLIENT_HANDSHAKE_TRAFFIC_SECRET 32d469ed2c3f1caa5cdba563781f1fd9d0bec5ec415f77ee67f08549254a279c 8bab8fd3cf48d10b961e868c7797964f64074521c79354eb35108e6e3fe6bb2a14b35442f135a1177d41406f5cdc46cf
SERVER_TRAFFIC_SECRET_0 32d469ed2c3f1caa5cdba563781f1fd9d0bec5ec415f77ee67f08549254a279c 26201260bb7dff79c378af02b3c27a51e00d3add510254a2370b811e0d73e5da6445d478a424d55e02c73e8b3f4841cc
SERVER_HANDSHAKE_TRAFFIC_SECRET 6a5a7ca646d693d09a8440dd693c946c32a03de09fec54f4f1a8a3c3196a6d20 b3d64c7b137a53cc7e8f9debf5028e06e9f00709636f0a510c87c9239ec6f3462b7cc5d08a3a2664bad984868f2ed6d5
CLIENT_HANDSHAKE_TRAFFIC_SECRET 6a5a7ca646d693d09a8440dd693c946c32a03de09fec54f4f1a8a3c3196a6d20 61f5c68aa9def1b48862552123ab3167cf496386cbc68989324b46c55fa7e324f631f8169a656b21a4d9d1ce17072588
SERVER_TRAFFIC_SECRET_0 6a5a7ca646d693d09a8440dd693c946c32a03de09fec54f4f1a8a3c3196a6d20 632a6dcba749e0b9c7d8094871b55185df2606062dcc740a3fe435c002a8352d4df42362b21444eaa37fe788fa28c68b
CLIENT_TRAFFIC_SECRET_0 6a5a7ca646d693d09a8440dd693c946c32a03de09fec54f4f1a8a3c3196a6d20 456de31c1d21135b3221867f1aa95551d6036f78306e4e391e8136ddfd5009d30c2871defc087d88dce01e5241797416
SERVER_HANDSHAKE_TRAFFIC_SECRET 5c5c400c4c8cf79583411412f3290b713550a65b68217079ca18aff496752058 f7d42733871a548749ad59ff07c1485af706d38f101cee2f0874809d0ab49682ae364414b6f8888d6f24482c9518c876
CLIENT_HANDSHAKE_TRAFFIC_SECRET 5c5c400c4c8cf79583411412f3290b713550a65b68217079ca18aff496752058 24254355664bf28bd1b6a762b70fb73695ffe974e7891c2a594c0c985b400728dfea297dbd2d59149092ee8af3947ccd
SERVER_TRAFFIC_SECRET_0 5c5c400c4c8cf79583411412f3290b713550a65b68217079ca18aff496752058 571d86f7cf4ca0a570193ec469e152b6268eb0a6e715b78517d73c72d7b351f5ec3bee7a55d96554e3b2d4064bee740f
CLIENT_TRAFFIC_SECRET_0 5c5c400c4c8cf79583411412f3290b713550a65b68217079ca18aff496752058 334ede40f9d7eddbbdf809e193a894a98eb0030720881bb98e97dee39bd5c0686ceb8258749f7dcca4cae7a337e7d96a
SERVER_HANDSHAKE_TRAFFIC_SECRET d2061481e6366ae3db9306f9c9f97162cc78e57b889f2f2f0eb8bea46027377d febad76665b69c69949717b60da377ff7edd800527e5353fbb7094e9fe20ee7fa4cba3f5a630b08e1a43804c66cb5e33
CLIENT_HANDSHAKE_TRAFFIC_SECRET d2061481e6366ae3db9306f9c9f97162cc78e57b889f2f2f0eb8bea46027377d 109934012cbf8d3a917944dce4f01aa3b377a361387f68be80dc7b1fc7713f0ba38b51afebb8145e4f8eb6ec04c9e102
SERVER_TRAFFIC_SECRET_0 d2061481e6366ae3db9306f9c9f97162cc78e57b889f2f2f0eb8bea46027377d 61bc0ac0a90d0ed21563a7b7b0175226d0c7e442105dc1b8430bf257e5c3ce0754e4e45b6c111767d8c490b95893860c
CLIENT_TRAFFIC_SECRET_0 d2061481e6366ae3db9306f9c9f97162cc78e57b889f2f2f0eb8bea46027377d 448b348673e6c949ea15b786901029a001b80be189cbbdb703cc254c7658a87f66dfe51bee876d4ee530946f1c7a05f3
SERVER_HANDSHAKE_TRAFFIC_SECRET 6e988c3bd9f4ed232d9654c8560bd99a845781035847b2f25b66fa2aa0a9c421 1c5b21adcf4b138ab0b76ddf0046bb098db96096ea14ab2f6977cbb2fce0c836b9aff8afb6e0620ea2f2865f7add56c3
CLIENT_HANDSHAKE_TRAFFIC_SECRET 6e988c3bd9f4ed232d9654c8560bd99a845781035847b2f25b66fa2aa0a9c421 deaada3210dc28603444cfc40632bac3bff295b674adbff8e2c0fd82ce149a4b707b083ab40eda9a2633813d85927302
SERVER_TRAFFIC_SECRET_0 6e988c3bd9f4ed232d9654c8560bd99a845781035847b2f25b66fa2aa0a9c421 9877bec8588b8283f3a3c209fc9fcdd8250dc3bb1f0f9dd0d8eab1f7d6e8ea05710ea8f841e2cc9be8e3926f8f256ed7
CLIENT_TRAFFIC_SECRET_0 6e988c3bd9f4ed232d9654c8560bd99a845781035847b2f25b66fa2aa0a9c421 3aa606e1246197c2b4d314a9a45a9fe6256f41d7142d8bfefe61155f34f8d99e29824e5f137374dbcc6ec91f313462ad
SERVER_HANDSHAKE_TRAFFIC_SECRET 546dc409518b3614e7c0c5e476a8d6787e181cd8767a587040ad9ccd90ba1e64 d65565f4058e65aa4b87a6d70a1918c1754c223fcd4f39b291efc4cddd9f9523802ec7dbe1b4752a4b1ff1fe4f8cc6ff
CLIENT_HANDSHAKE_TRAFFIC_SECRET 546dc409518b3614e7c0c5e476a8d6787e181cd8767a587040ad9ccd90ba1e64 321b4cf10538fb4558c0734b870dde672937bb2fec1703c2b106d955f8a0c9ccd24cf9349c1d229643bd818255665cc5
SERVER_TRAFFIC_SECRET_0 546dc409518b3614e7c0c5e476a8d6787e181cd8767a587040ad9ccd90ba1e64 1b50e54634fcd481c32ad35534fc53c6faf539f8ed1daf7559d3f5f9d3328b98b5d29d24b80c417be6a32d061052c4c1
CLIENT_TRAFFIC_SECRET_0 546dc409518b3614e7c0c5e476a8d6787e181cd8767a587040ad9ccd90ba1e64 e2c6c75e8024731317a109e27801f614aa0d9c988373218dafa3818d40ceec3a9cb7e2d8e2b7084a97fcbddf81a602cc
SERVER_HANDSHAKE_TRAFFIC_SECRET 1998de683d4f92413951bde696bc72508a633fb7d2d86a4bf0b75d9150af90e3 b1c1afddbec6278497453958622c35fdc96859259c64c25f4e0b39c3d5268294ec553d8d80a03064f8ff7d28be12a58b
CLIENT_HANDSHAKE_TRAFFIC_SECRET 1998de683d4f92413951bde696bc72508a633fb7d2d86a4bf0b75d9150af90e3 7776ade175e29d5231264488f5b8131c43c4e5a210f82f8065fca53875af9688b04b9a49bd2cacf269361a8cdfbea283
SERVER_TRAFFIC_SECRET_0 1998de683d4f92413951bde696bc72508a633fb7d2d86a4bf0b75d9150af90e3 e6d692fc4663a02e2ed551a0aa4cf39be8be2c73eae5d971ce560d6f68a3654226767911dd5dbd1650ce2e280f1f63c1
CLIENT_TRAFFIC_SECRET_0 1998de683d4f92413951bde696bc72508a633fb7d2d86a4bf0b75d9150af90e3 f1a5b7963f5df81306f3ee18f210b7d8d67967436bcd6fbd5f2d0343f99c4445dd6314c70cddf04f4d22b948140a7c79
SERVER_HANDSHAKE_TRAFFIC_SECRET 53e15bd7ab783a0cb9474f3c98df0cfb8eab3c8a7dcc7b6ba1c767e9a7e800dc 9078eb5c800ec404ec8aecf018aa6b36c2093b0359402900c3a88f9ec57505442690472fdd8e267876e726df5d978d8f
CLIENT_HANDSHAKE_TRAFFIC_SECRET 53e15bd7ab783a0cb9474f3c98df0cfb8eab3c8a7dcc7b6ba1c767e9a7e800dc 63ea3f8ebc7ae76b4652bf0e4180bddfc57645b4abb683642607dcf8609f5eadde5ae2d53fcef5a1dfe9b38c087cef1f
SERVER_TRAFFIC_SECRET_0 53e15bd7ab783a0cb9474f3c98df0cfb8eab3c8a7dcc7b6ba1c767e9a7e800dc 7d665821450c32d3fd9e24e4748ea639af446d72e1bd5c6bd232bb18ceb4e65f4c231a59a5394eccc90305a9fbb88a0b
CLIENT_TRAFFIC_SECRET_0 53e15bd7ab783a0cb9474f3c98df0cfb8eab3c8a7dcc7b6ba1c767e9a7e800dc cd65102008b9d965cf5b4729faae801190d6f7a8cf36a258313892d1a273f8e8702742fbcd44e7989eb1b72bb057ac16
SERVER_HANDSHAKE_TRAFFIC_SECRET bcefb311950fd3e964c8c04e24b486be42b756bec53f1a6a8e793b7b2515f499 56c9aca8e3e3776942a1321607b4c796b1036181096ac01c8dec4c48fac3d557e934fa6f4be2a83b3ac610a972570c78
CLIENT_HANDSHAKE_TRAFFIC_SECRET bcefb311950fd3e964c8c04e24b486be42b756bec53f1a6a8e793b7b2515f499 04d54d18d80107b59718b2b50e6f2bab5d13fa1d07f20e8e43317e9cef38d8a7a8ad98bb4d2c7f3204af480c138d8eb7
SERVER_TRAFFIC_SECRET_0 bcefb311950fd3e964c8c04e24b486be42b756bec53f1a6a8e793b7b2515f499 08dff61e266b7a649eaea037e4bd004c145766581797778722a183d1b33f4451f5c40b49095f97866d5627eef4470ef0
CLIENT_TRAFFIC_SECRET_0 bcefb311950fd3e964c8c04e24b486be42b756bec53f1a6a8e793b7b2515f499 8519ceda9abc4522d64f1bdd14f4d703ce60b52bcc706644f40684b40d4a8d3092d134cc50525a399429cbbd2abe87e1
SERVER_HANDSHAKE_TRAFFIC_SECRET 68546d612e3cd0c7b22dd908266c08fd4eb51d0f09a7b1df859add0385c1882b 80cb30caab51b3f6fc486bee4c65494dd01c4fd27253e06bbb4eab39118a30d73147537cc588c4e5b50de7fb39c88107
CLIENT_HANDSHAKE_TRAFFIC_SECRET 68546d612e3cd0c7b22dd908266c08fd4eb51d0f09a7b1df859add0385c1882b 3dbe4a0d8dd8436daf20378b18351409ed3c07d5746a7a5f269c9268bcd2a5dfe6881dd89adf51f0eae6fe7e3f42ce6e
SERVER_TRAFFIC_SECRET_0 68546d612e3cd0c7b22dd908266c08fd4eb51d0f09a7b1df859add0385c1882b 2b9829ba649138b64e41aeae141bd36b5900483d4261f643604785b6db43a44110835211aaac00881b37cbced99c4573
CLIENT_TRAFFIC_SECRET_0 68546d612e3cd0c7b22dd908266c08fd4eb51d0f09a7b1df859add0385c1882b 1f22ad1d3ca6c41763b45f903a93789886ddabdcb1e5ac51b969cafa013f74080f71a651bd57c598e4da1ddfff8548a9
SERVER_HANDSHAKE_TRAFFIC_SECRET 0dea6f01231273395816fdcc7ab086160829e85bbf101af8980b3e9ebb92794b 3c223d1abd07a2bf52a0bfc1864087d7e97bb6d630ab4bd4cc94242b1a1cb334d85a0b8fd4e5b608d22bda866d16c393
CLIENT_HANDSHAKE_TRAFFIC_SECRET 0dea6f01231273395816fdcc7ab086160829e85bbf101af8980b3e9ebb92794b 6df03d15c3d34e589d56122d6ab2a54011b29325089e357af073171b28d5c83f8866a1e6dada07813e1f083254754103
SERVER_TRAFFIC_SECRET_0 0dea6f01231273395816fdcc7ab086160829e85bbf101af8980b3e9ebb92794b 5b117bfb40ac9a9cf199ada08c5fed3e152dbd9cc4b265d08210db23757ced4ae637e32dd5459144ce5356eeba512d36
CLIENT_TRAFFIC_SECRET_0 0dea6f01231273395816fdcc7ab086160829e85bbf101af8980b3e9ebb92794b 68aaf55951fc7e5140fb87a1eac8529c2c3e21b590e9779b884ac48fdddbb0654cd7ac204a9f7e427145f97df0634985
SERVER_HANDSHAKE_TRAFFIC_SECRET 00b10f0940e21921704d5c9ad4d584b08a9a824b0082c7e64efa35a966d7b657 5316759753f04d87548f35294138107cc20043e26e1d2af8b67cd6dea911dedfcd435ea4efb7adaa1c8ba17ed24f96d4
CLIENT_HANDSHAKE_TRAFFIC_SECRET 00b10f0940e21921704d5c9ad4d584b08a9a824b0082c7e64efa35a966d7b657 980a8f4b8ae86cc6a72f4992255a7c026711b1ac3874a212a11e7bb7e2b8fe844eb924595f2de3c21386a435fb9a49cb
SERVER_TRAFFIC_SECRET_0 00b10f0940e21921704d5c9ad4d584b08a9a824b0082c7e64efa35a966d7b657 a884ebeea74fafbc55f0a8c62016e914d94122f735d8373b60af815ada405b7cb8c69ebe9d4955806dacf4a324330fed
CLIENT_TRAFFIC_SECRET_0 00b10f0940e21921704d5c9ad4d584b08a9a824b0082c7e64efa35a966d7b657 37aa19ac742883a4e7bbdf524ac38ffe90312c85423bf321d2445a7cf62b239c02f24f43ee942e22247d8dd46e08b4ad
SERVER_HANDSHAKE_TRAFFIC_SECRET 239df382f06a92d4f86137b66a531915c6688d844e13241d852389f271f9081a ccacbfb196c25ed41266a5f04e3b3ad4700f75ff3ddf275f905a1d35527df85c2143f27180dd1a2ffea70cf1320a1703
CLIENT_HANDSHAKE_TRAFFIC_SECRET 239df382f06a92d4f86137b66a531915c6688d844e13241d852389f271f9081a f12d41433ce7725495ad2543bc22ceb0a899c8755ad0e2d0d260fefc264cb9a2890628eda7f00efe770bf8b0799e22e5
SERVER_TRAFFIC_SECRET_0 239df382f06a92d4f86137b66a531915c6688d844e13241d852389f271f9081a d072725529c7b95888700ae71761fff3de153d8ff117983d3130cbc9a3184753d58214d92f3bb03c6aeb4bd3d373c080
CLIENT_TRAFFIC_SECRET_0 239df382f06a92d4f86137b66a531915c6688d844e13241d852389f271f9081a 9601abab7824445cb893caaa238bbe640da98bf2d735892f6d2d3ab1f9408c5c60375692f196e8e2c2c83f7a12233258
SERVER_HANDSHAKE_TRAFFIC_SECRET f525bffb245789fd0764f2bf2eefa704ebed09e4dfebff54c4763db9ada5c42f 4a4e3a43026a06fc6d29d2bb3fd1b651a77915756c4c7534be1fbd14a54f4268f59be90b971ba8c00df226a8cc1d1ed1
CLIENT_HANDSHAKE_TRAFFIC_SECRET f525bffb245789fd0764f2bf2eefa704ebed09e4dfebff54c4763db9ada5c42f 24556967fe82fd4829da9d44fb70bfc1ed8cfdf6b5968d064c9f3def973cb33cd8054376e8fdba2d5601c84b4fbab4bf
SERVER_TRAFFIC_SECRET_0 f525bffb245789fd0764f2bf2eefa704ebed09e4dfebff54c4763db9ada5c42f 5ec8e1acde1ae4cb1d1d5a1a04ff73cdb5b54862395cb566bacad1e42bc25c78cd038fcdb708c49bf19aed4f328f4caa
CLIENT_TRAFFIC_SECRET_0 f525bffb245789fd0764f2bf2eefa704ebed09e4dfebff54c4763db9ada5c42f 3eabd481cac6e68e2e7948032b6bda3ddee2edfbc7102bbdf7c0ed3210c18560eca49fa64378ff5ce30ca67bbe5477d7
SERVER_HANDSHAKE_TRAFFIC_SECRET 6629d25f061f92e541d80b123c92f41bc2c8a3c68ae27450c8f16845e27f3257 c0e20863f8736f04eaee3d0a8b2911fb035b980d01f179c493e6dcb9cff0cbd23d96a74ea3adaad5a87e6dc2d02f79df
CLIENT_HANDSHAKE_TRAFFIC_SECRET 6629d25f061f92e541d80b123c92f41bc2c8a3c68ae27450c8f16845e27f3257 4077734aeb1bec6b9959bfcef7b7a58bfe87ac2eaeb605432468c398e9aab1f1ba5c68163129a84eb1aa3e0af6b4deb1
SERVER_TRAFFIC_SECRET_0 6629d25f061f92e541d80b123c92f41bc2c8a3c68ae27450c8f16845e27f3257 37223744a3d1747481927bafd4a4c61850fa220ed584fb3796ab7ee62966252e2fee040cdca4b94c72e8102f97fe60ad
SERVER_HANDSHAKE_TRAFFIC_SECRET 173106defa9ee14919a4ea4e45be608ad3fd16b55eeb9d453215b1abf560d524 a093bc46c31dcbb46431a9651cc432f7307c9661292c2b516cfa13ecc4d891ec9272721b81c3a1c7fd287bafe545a83a
CLIENT_HANDSHAKE_TRAFFIC_SECRET 173106defa9ee14919a4ea4e45be608ad3fd16b55eeb9d453215b1abf560d524 f18568d9d381fd3135d07ba5e47ede0f2b24af0dbdf6d24e6ce5780408cbbb0b5300f26030d3d92c5097b3f6d34b9933
SERVER_TRAFFIC_SECRET_0 173106defa9ee14919a4ea4e45be608ad3fd16b55eeb9d453215b1abf560d524 bd7a876a75cc2bd017020dc5fbe9cdc910a7b29f4e1253da31233a8545b3d4272858ceceb85b1b058dcd155ab2a5139b
SERVER_HANDSHAKE_TRAFFIC_SECRET d049e38a7b4e6bd2386fcb47972102f4ca082e68e37b09daa5853c03435454cb 8b94ade234f39ab57eec9eed37dbdc8d01d86ba56ff8635079fa67af295ceb54345a2bce08d5dafafd3e94e596cf1df1
CLIENT_HANDSHAKE_TRAFFIC_SECRET d049e38a7b4e6bd2386fcb47972102f4ca082e68e37b09daa5853c03435454cb 37f1d5517583edb71e073537973b64b9d4606a2e7faafa385b06de12b236be4813583422416b90426295b0a4a73c37b0
SERVER_TRAFFIC_SECRET_0 d049e38a7b4e6bd2386fcb47972102f4ca082e68e37b09daa5853c03435454cb 03b07106e6c0ec70010ec47703376bdf5596b61d0b9cbb2c85a1c1d577533ff7971ad06382c53da86ad2a6fcb1c96461
CLIENT_TRAFFIC_SECRET_0 d049e38a7b4e6bd2386fcb47972102f4ca082e68e37b09daa5853c03435454cb 84dd00da39a39b4f936eadfa3d45feb0aa70565278e47a3c8f5c0b458ef76a1226716521fc3b63a5f76f1f61dbe01dd5
SERVER_HANDSHAKE_TRAFFIC_SECRET 46ed1dd43a46c2400ae137e208fd545ef7f62ce18c3cb40ba4b9009dbab8f996 8e6e935929fb55400eddd2fb44e16d3023706ef1f0045a8cfd71edceed18b63cf43dc80b7565bdc270ae3839c0a66582
CLIENT_HANDSHAKE_TRAFFIC_SECRET 46ed1dd43a46c2400ae137e208fd545ef7f62ce18c3cb40ba4b9009dbab8f996 b9ef4c8bdf1c73f6cdd1ea7c03f3edae125e151cacb1f3c00ee4428ad32fc02815ff5fac1846470430ecb91c2eee3893
SERVER_TRAFFIC_SECRET_0 46ed1dd43a46c2400ae137e208fd545ef7f62ce18c3cb40ba4b9009dbab8f996 2685e66b0a80ed9b6b1f79bf275cf1e25e5cc285a182ca56d1e63eedba3e0431d52f78feda9403eef851267a06e73cb2
CLIENT_TRAFFIC_SECRET_0 46ed1dd43a46c2400ae137e208fd545ef7f62ce18c3cb40ba4b9009dbab8f996 c7af9dd3ad8123737ff5db7c70ba7ddbce0deacc5f0edf563dd16e6810467aa0239d21b235fe18ea9da57de3749698d3
SERVER_HANDSHAKE_TRAFFIC_SECRET 16923431928f93d4f32426d671e874523a3ca210602a203f6ea0875d6be84126 6db69c95368d40b107e6d12e62790c5fbc81e3a33475c8df8df330eee22b1328eb5da4e9afed9517817c55343ecfad0b
CLIENT_HANDSHAKE_TRAFFIC_SECRET 16923431928f93d4f32426d671e874523a3ca210602a203f6ea0875d6be84126 32cad54f781c088ac804b3c07c18086e470751637072e8dee21a30759027f8a53ee55ee66cc3ccbf34ccd1191434e59c
SERVER_TRAFFIC_SECRET_0 16923431928f93d4f32426d671e874523a3ca210602a203f6ea0875d6be84126 294cc10f30a94b8c4eb80f42e5102ce1a10048793203118b6f6897fe615efdfce953cf0d3a3d31d0d4ff0139f552575a
SERVER_HANDSHAKE_TRAFFIC_SECRET ed2901188cec1dd0a1e831241683327c9539e7db10833f2c4d0cd526955e7e29 23acfeaa46bb5e0e7e4f1f7b1ba36b5ca48f1e5fc0e9aa234bee1c6d038f5e110639c5fd744c3d143e3847f9720594a0
CLIENT_HANDSHAKE_TRAFFIC_SECRET ed2901188cec1dd0a1e831241683327c9539e7db10833f2c4d0cd526955e7e29 fdfff50630eed24b47e2565753732e33c04f2e17ee63599481cdae3320c4c33f96550e2824bb6811593a01b40d892cd1
SERVER_TRAFFIC_SECRET_0 ed2901188cec1dd0a1e831241683327c9539e7db10833f2c4d0cd526955e7e29 6135b6beffdc66ff56c1fdc4e4419f923ef5f11631720187ceec81e9875e95d4baa60d079a4319ead8ffccbebdc68e28
CLIENT_TRAFFIC_SECRET_0 ed2901188cec1dd0a1e831241683327c9539e7db10833f2c4d0cd526955e7e29 efafde9d4a19ba71c52fed93f29e84767a6f7104edad9b161e402841145b38b95fec0ed38ad51ed2e1a19a726d97cb6c
SERVER_HANDSHAKE_TRAFFIC_SECRET e64d8de3ec6223ac42223c5d83067db97318a512f9b94267d7fa94172b47744a abfb341a4c92173f4d58059cbbab76161c9e774e9c3872ece8f5d2e07ea5dbf1e3b17f1a7bfe20dd6777ffead2f4acdc
CLIENT_HANDSHAKE_TRAFFIC_SECRET e64d8de3ec6223ac42223c5d83067db97318a512f9b94267d7fa94172b47744a 6340c1919259a4dedda79218e3650e4b0a18ff50b899266f2b0ba5d1dd0413cf79601b0df57c697bd3a114858314b419
SERVER_TRAFFIC_SECRET_0 e64d8de3ec6223ac42223c5d83067db97318a512f9b94267d7fa94172b47744a 28db62be82d4adbc16ab833ffc151c01b245bc02e3624145ec5becf194c9f8915bca30702d46a32da4314d6e0d999a47
SERVER_HANDSHAKE_TRAFFIC_SECRET 5ee151dad04562671f33f25304acfc82800dd2e85ca157fc46474d8199957bad 20476dd645768d98bc252ad99850ce7999795dc9a4bcd062b50e442b7d58a0297572ea11d9bcd97ed4bcc3ee91846d37
CLIENT_HANDSHAKE_TRAFFIC_SECRET 5ee151dad04562671f33f25304acfc82800dd2e85ca157fc46474d8199957bad 4d4331b961650fc622624216a355a00a850915f5738e6bf7ab1bd77686c06e04b205a1d5cc4664ebad1f1bf668db4994
SERVER_TRAFFIC_SECRET_0 5ee151dad04562671f33f25304acfc82800dd2e85ca157fc46474d8199957bad 41a884fd797a484e6c6a434699dd85455a202f501c1212aea82171179463061176d048ab24b74fff00f5908ea814ce49
SERVER_HANDSHAKE_TRAFFIC_SECRET bb21bcb704afbfaddb0a7dad1a15c1ab6293956915d94dfdbe40a0314d8814f6 85448bba6de4c6dd35cf335869a59db754a89cbd8322f75ec1278293d2b71bc83422a2064719c1aac9405d1a8ee03e0a
CLIENT_HANDSHAKE_TRAFFIC_SECRET bb21bcb704afbfaddb0a7dad1a15c1ab6293956915d94dfdbe40a0314d8814f6 355b0cde24441209ae058aab6b7e8f0291f4e517937ea1c89bfdda4d661861553fdde2f42f7249c8cd079875df7d837a
SERVER_TRAFFIC_SECRET_0 bb21bcb704afbfaddb0a7dad1a15c1ab6293956915d94dfdbe40a0314d8814f6 0cee66c87361c3652fb46e7e74a45ff4376072367aa90b540a3bc79b673bbe05b20a6b8b214d279f23b258139728c01e
CLIENT_TRAFFIC_SECRET_0 bb21bcb704afbfaddb0a7dad1a15c1ab6293956915d94dfdbe40a0314d8814f6 8999760a5475343bc7dcf235020c85e331b1982f405e7695ccc3f24f6fdb1038353facee676e3a5f3517a76f55a9a31a
SERVER_HANDSHAKE_TRAFFIC_SECRET d7018cc9cf8e4c1f7462763594d936352490af4bf4b3c8c324fdf1749cdc5ebc 1d7a8ac4b82522d1a1eb5cef34555271d55db97fecf559021b46e4632f47c4a40387605501d0133119c3efaebfbc2fc7
CLIENT_HANDSHAKE_TRAFFIC_SECRET d7018cc9cf8e4c1f7462763594d936352490af4bf4b3c8c324fdf1749cdc5ebc e89185011beada91b9d373a6872996b0b8e8670c83fec392a846f39621d6c80cd3beaba56d80f990af0e5ebbc85b0851
SERVER_TRAFFIC_SECRET_0 d7018cc9cf8e4c1f7462763594d936352490af4bf4b3c8c324fdf1749cdc5ebc 0614f22c39a88ec0ce0e92f50477e99aab759990b3606a156d69c88fd83768316dfb4976ef0d55bf42063c6bb11d6b0c
CLIENT_TRAFFIC_SECRET_0 d7018cc9cf8e4c1f7462763594d936352490af4bf4b3c8c324fdf1749cdc5ebc e09fd389272e82ad78022d51d94bd9e73c0631fc695fae9c6bb75885f577748ba452b5b0e61d457607ea22298c175773
SERVER_HANDSHAKE_TRAFFIC_SECRET bd17a022b7bfb543c89b55029519ff36a2a515abf8badc5a3c4b037185a2f259 75d8211485f825f66d1ca208a3f7c6ae66a42a26829504adee6a367249506ce1f960ff3c466567ee568073631e3e5547
CLIENT_HANDSHAKE_TRAFFIC_SECRET bd17a022b7bfb543c89b55029519ff36a2a515abf8badc5a3c4b037185a2f259 bc61dc0567e92af7430ef3b54513a0bdbacb2ab731823178a4e7885d28acafc67bfdd351bdcbcfe63528725f63f63103
SERVER_TRAFFIC_SECRET_0 bd17a022b7bfb543c89b55029519ff36a2a515abf8badc5a3c4b037185a2f259 8989ef00088e30a992229c30d34282e175bf6ea905f61a7e9c9646eb993dcdd54e14021d818c7531ac53dcf3981fed27
CLIENT_TRAFFIC_SECRET_0 bd17a022b7bfb543c89b55029519ff36a2a515abf8badc5a3c4b037185a2f259 4c78ac990142b1f4a30f173a2619925b3caf128b1cd86de87d82d6c818226497a4bb1f7a9bf8dd447f2e8afea8b89d8b
SERVER_HANDSHAKE_TRAFFIC_SECRET 9908cd47e64427d5b46bc1b53a81b8c9f1699b4a95d2eb4521d804a4035cacd1 8375485f2c71992b95b7a9bfca10d03bd99e4ad61d59b748e8d1aa9954d94fcd8a11d5d34a705ca117fc95252efed402
CLIENT_HANDSHAKE_TRAFFIC_SECRET 9908cd47e64427d5b46bc1b53a81b8c9f1699b4a95d2eb4521d804a4035cacd1 0b8c172c3ac9a859d43495ce0f10074e245caae13c6be91c8dcab80554ec5dcbd1988528f6dd0ea82caa118bd396da82
SERVER_TRAFFIC_SECRET_0 9908cd47e64427d5b46bc1b53a81b8c9f1699b4a95d2eb4521d804a4035cacd1 7727d389f9d80bec18ef35c3206118bb722d70064f992413296c450641ec667aadf14c8a9ced83dc14fe40ca0ce025a1
CLIENT_TRAFFIC_SECRET_0 9908cd47e64427d5b46bc1b53a81b8c9f1699b4a95d2eb4521d804a4035cacd1 31ba17315638ab66a4f73ebab916584daab3b6f80fad2d792868812c3bb37a9993af49ef79419b31dbb49317a173b58f
SERVER_HANDSHAKE_TRAFFIC_SECRET 56de409f50082282fbb8893b7fcb9f68cd1230ee23bc9d9e7d88c64d61efc6f4 cb5b3873f00f439d466a5b381cf064c43eabec3651f0c8cff262f08a3a2b54246d1167c7f187aa99844b885d034c2159
CLIENT_HANDSHAKE_TRAFFIC_SECRET 56de409f50082282fbb8893b7fcb9f68cd1230ee23bc9d9e7d88c64d61efc6f4 7c8f0516640abc2d3e66ba9ceb420aa2db34c152e17ca77866c4cb9a737df3e57f485b0ab1b83272a574a8f3d0b4a023
SERVER_TRAFFIC_SECRET_0 56de409f50082282fbb8893b7fcb9f68cd1230ee23bc9d9e7d88c64d61efc6f4 b7bce901c481162d51f5a0f132b49bb708208e4238a97243c8a6eca762a7ee353a5f042780b380be9334e2ffbd82b591
SERVER_HANDSHAKE_TRAFFIC_SECRET 7edc55bb669b5af8b07e25b8be2b52e6f04ce3d2c5b5af58c87a38d02fb7da78 b271bd554a5d4f3561e466ab1e613b95bb8eb7380e5c2768e0e63c062b6ae321695ad52b0c72fed0d1d7de3d5687cbd3
CLIENT_HANDSHAKE_TRAFFIC_SECRET 7edc55bb669b5af8b07e25b8be2b52e6f04ce3d2c5b5af58c87a38d02fb7da78 d1fcd07d8762e5774a8020a408825988b5984ae1f0d0ab7c486127325b40a7cce3217fcee6a797a3ca393673614bb41c
SERVER_TRAFFIC_SECRET_0 7edc55bb669b5af8b07e25b8be2b52e6f04ce3d2c5b5af58c87a38d02fb7da78 fe8ce94bb3f8432344ff13722011ddba0459063aca099e77f54ea28ee855472abdead2ff4cf7c8b7b9986180e8a0e9af
CLIENT_TRAFFIC_SECRET_0 7edc55bb669b5af8b07e25b8be2b52e6f04ce3d2c5b5af58c87a38d02fb7da78 1f67e946d42b001d42630104524be399e8a8d2d767309ae66776420a460958b32a06d81fcd65f202bc0d68a543bcc8c6
SERVER_HANDSHAKE_TRAFFIC_SECRET bf1fd957780113e164b09b6144539baa34e270e5ffc2a4bdd250d9e6cf8d255a 45a2d012cb3ce7ab56ce44e10581737386ecb678822aa70f09f772735c4fe6f2934087d84a740168aecb574458a645cf
CLIENT_HANDSHAKE_TRAFFIC_SECRET bf1fd957780113e164b09b6144539baa34e270e5ffc2a4bdd250d9e6cf8d255a 552f7797eaaa07ee37b6aa5e3d0761a75b73f9745394e67a421891233b80f9b8a803c7f14c885c00fa9e001c53c291cc
SERVER_TRAFFIC_SECRET_0 bf1fd957780113e164b09b6144539baa34e270e5ffc2a4bdd250d9e6cf8d255a 7b8a0dde0ff929f74cea21cab2af642b393b27da03c9456eb7d7ea6e2e8c23377d760bc427b37a9d9ca610909d37188e
CLIENT_TRAFFIC_SECRET_0 bf1fd957780113e164b09b6144539baa34e270e5ffc2a4bdd250d9e6cf8d255a 9fa054d124584019c3b0b10a7257acdc0287748a3270c3cf9841dd784835aa6b510943e756f7b123c8df17a61695b8ed
SERVER_HANDSHAKE_TRAFFIC_SECRET 0ed5432cf100a49bed80cc3914f5f1e3ac0b4aa31d3c6f44a9094fbf311af6e8 b8289a4222bb67f0c4ef49bfbfe0aa0d8af5a4a0a0dac3c4ce66e7160297804df195c6bc86dc8729b2887ee2e3c16133
CLIENT_HANDSHAKE_TRAFFIC_SECRET 0ed5432cf100a49bed80cc3914f5f1e3ac0b4aa31d3c6f44a9094fbf311af6e8 ad3371270e45bbcee844bdb99abfb6a16ff913536b08948b69c7a9842e7c83345e944b0f08440c86b7972b2bd57372d3
SERVER_TRAFFIC_SECRET_0 0ed5432cf100a49bed80cc3914f5f1e3ac0b4aa31d3c6f44a9094fbf311af6e8 8a0e60db0f10fe990ce3cddc29ff65d8fcf4a73de216fa2aa891e228556e09f34754be7ac7aab736f5e7590ab23218da
CLIENT_TRAFFIC_SECRET_0 0ed5432cf100a49bed80cc3914f5f1e3ac0b4aa31d3c6f44a9094fbf311af6e8 5977b9460a9196b1bdc35d8f82ab7c62a2023170555ac653c17c810486188a0f5ea891e439480cdfc15e12d3602c90d5
SERVER_HANDSHAKE_TRAFFIC_SECRET 9bc1eed1f26405798032d6773d6769d4030dc7bbeb54e8e14d6dac3456952278 3d34438b990b42b33399b9f66ba9d45f729c710897d40d429a0f003e56d5f79578bce7efe525b9d71492064334e44a51
CLIENT_HANDSHAKE_TRAFFIC_SECRET 9bc1eed1f26405798032d6773d6769d4030dc7bbeb54e8e14d6dac3456952278 87ac50d70310d111462836a9d90d133ae610a36f970fa686a938647b992c844a263694c744b2d06c46f1d6000ac99d77
SERVER_TRAFFIC_SECRET_0 9bc1eed1f26405798032d6773d6769d4030dc7bbeb54e8e14d6dac3456952278 6bdfb4f03936b3e840730e4eda59bf4cc2a2b04632dbeded6b3e4a5605ab15013f93234c1377570ecff8830ddeb4988c
CLIENT_TRAFFIC_SECRET_0 9bc1eed1f26405798032d6773d6769d4030dc7bbeb54e8e14d6dac3456952278 181762980b2ccd6f5929f085354c91b370503fee2ed486578dd1488a39fa3e0f1c95552560c0ec58ccefe33aac3ca0bd
SERVER_HANDSHAKE_TRAFFIC_SECRET 16e934b03bf255889a9b8aac360fc00377823d20974ef55e578e28dc608d7e2a 56936851b08ac1de3c61078ac0660cb4d7153a49fceb3edd4ff5d00bbecc22e972f8cc4ea61fe8f80cd7d36ff0a5078c
CLIENT_HANDSHAKE_TRAFFIC_SECRET 16e934b03bf255889a9b8aac360fc00377823d20974ef55e578e28dc608d7e2a c534290b6893ac8a3f3f57f1234692264f82660bc4ca453aaa885c45a62dfb7c5bc1a3fa111a7971ca3775c082076fd1
SERVER_TRAFFIC_SECRET_0 16e934b03bf255889a9b8aac360fc00377823d20974ef55e578e28dc608d7e2a f1f633d464825520b923000f1a6eb5e0f9ec2c508848175c2692f8d3bf12a683fa47fdceaeac87dfb3118651170779ea
CLIENT_TRAFFIC_SECRET_0 16e934b03bf255889a9b8aac360fc00377823d20974ef55e578e28dc608d7e2a 91fcba0da7cf81933f8f6599778207bd1ea64ec5ef0d37a5161e7a71b21cfad8b98487ac6a1b476972acaca16fd72e1e
SERVER_HANDSHAKE_TRAFFIC_SECRET 25df1c0c57c6477a96ddf05b64c702f7e5c6c3a9c633a6b8ce7ef367b1f8a03f 66def9833f7f4f50dcc3baabfa7a31d518ff64784bdf5bc43cb044271f7c55588adb5ba48cb08a9c8d00dd0f17053b49
CLIENT_HANDSHAKE_TRAFFIC_SECRET 25df1c0c57c6477a96ddf05b64c702f7e5c6c3a9c633a6b8ce7ef367b1f8a03f 7f6b8bb524be1befb13a076b2c14cc442320f144229b10d0c336e169fe09a2d7662a0950f7ad7589696a155b426a3ed6
SERVER_TRAFFIC_SECRET_0 25df1c0c57c6477a96ddf05b64c702f7e5c6c3a9c633a6b8ce7ef367b1f8a03f 6af2b97563a7b8ebe4a4bf9a058ca1038a90f98cdc081090bcd3ddb4c9549133290a297dbbab2dd7d0484e52540e164d
CLIENT_TRAFFIC_SECRET_0 25df1c0c57c6477a96ddf05b64c702f7e5c6c3a9c633a6b8ce7ef367b1f8a03f 1d506a4da09655ab8231701a360d3cf3587fefd8bf199a7b65c3e47996f0676554d0ab86e4820b7455cea5a300e4755b
SERVER_HANDSHAKE_TRAFFIC_SECRET 7eed37b2e7d082d073ce66f76ebd164fcba69968b9c3601a53c543bf2a3d834e 065eb4c4d3ab072e6c5335660fedd58435785ba4a87f0b5229c2b05c595a7b098f0260658e801086f5a0b05c8d93c569
CLIENT_HANDSHAKE_TRAFFIC_SECRET 7eed37b2e7d082d073ce66f76ebd164fcba69968b9c3601a53c543bf2a3d834e 048e00d47d0e695cfa03004e65a17763cc543847efb6e7401dff2685dc1e9bb2dd287c7eb42b8f16f42eff5e9aa9d1de
SERVER_TRAFFIC_SECRET_0 7eed37b2e7d082d073ce66f76ebd164fcba69968b9c3601a53c543bf2a3d834e 516381b5b45e16cfaef95879466cfb932942b946a668bcf87c8c22c4c840d13393b637700a8648fe915a77512acd4146
CLIENT_TRAFFIC_SECRET_0 7eed37b2e7d082d073ce66f76ebd164fcba69968b9c3601a53c543bf2a3d834e 2aa6f61d3fadc4572d0293644c189ecb6e6409261584eb3bb87fb1611188e2fd7fd0fd8384eeae5761da2daa1dfa2fad
SERVER_HANDSHAKE_TRAFFIC_SECRET 3f5e8ab246e4d8af04dcfc9481642cded86167ec3dddb853cbb2a81cf2338b30 26586ecbe89eb4ef0465875ef5a947a719f54061aea9b5fa7aaf8fc49eb1c369aab76cca6cc07fd8d4edcacfebf1cd33
CLIENT_HANDSHAKE_TRAFFIC_SECRET 3f5e8ab246e4d8af04dcfc9481642cded86167ec3dddb853cbb2a81cf2338b30 5e4aa45de0468d45065479b85587c542e1a99bc54a68af27aeb7452e53c8312400c61043cfb667e8b7590c74df194ecc
SERVER_TRAFFIC_SECRET_0 3f5e8ab246e4d8af04dcfc9481642cded86167ec3dddb853cbb2a81cf2338b30 5104bad783000b2dba6ea0bb8126ca5aff114ff4b2de034d80e9923f9f2a4ff001070995032a4e1ad0071b48502ab3ed
CLIENT_TRAFFIC_SECRET_0 3f5e8ab246e4d8af04dcfc9481642cded86167ec3dddb853cbb2a81cf2338b30 4469d5c73baea59c7f440a65e97d5de403ef876d6364381d10984e0b7aafc17be6d369929079afbfbfd17124a209637f
SERVER_HANDSHAKE_TRAFFIC_SECRET 3691a31f225b846b806dba4cf7e1e8c90ad70e905b47019e082afddd169a628e 38b31524f978490b59fed56c349cb5053a8332f2c1985e1450cdd031512288fe85769f77d4fec96dd464619338fc7e17
CLIENT_HANDSHAKE_TRAFFIC_SECRET 3691a31f225b846b806dba4cf7e1e8c90ad70e905b47019e082afddd169a628e 5a524320c4c7f6a3c3623aac5bf0cf55fb6a8b828fbf4c193cc380abb84e9eceedaa084f6f3ead25e334468fd05faeb3
SERVER_TRAFFIC_SECRET_0 3691a31f225b846b806dba4cf7e1e8c90ad70e905b47019e082afddd169a628e c9d974c2adfe53936540b3abf5d1a9d88719a07c5e7f56d9e3d375138f2b07af3a1dcbea7adfbbda32b7857beffcd54e
CLIENT_TRAFFIC_SECRET_0 3691a31f225b846b806dba4cf7e1e8c90ad70e905b47019e082afddd169a628e ae303ec304b8cd769fba72bf99e7b257dfabb727c1352d78c1fc34120cbe34409131d3d0d502c8aef52175c4cc0b6fc5
SERVER_HANDSHAKE_TRAFFIC_SECRET 6e5f8f4447153d160185e44997bcf129df6e7489d9ad8a45b23e6628105d32c4 aa2e3e7c638d81ceec4c0885a62540df10e48a86358ae80e8dec38d7680d705999eb12efa0f8140188baef2579331f4e
CLIENT_HANDSHAKE_TRAFFIC_SECRET 6e5f8f4447153d160185e44997bcf129df6e7489d9ad8a45b23e6628105d32c4 f81d2f7ad1bb392886e4bb1dd5e089164c28da66958f03a37d8faa9a71a1a092d04b31fb3ad5b4768a79e1cc4f050a3f
SERVER_TRAFFIC_SECRET_0 6e5f8f4447153d160185e44997bcf129df6e7489d9ad8a45b23e6628105d32c4 8e0b9a9f077251902c03c229ab4281dfa0b8fd897dce457107d82f7f11d5dd54eab4c66f56b1222f1b61a29d0822f9e6
SERVER_HANDSHAKE_TRAFFIC_SECRET 4f3b68c0fb6e923fdfe6a7ff0d84c08ad59c2763e33935e645a428f8e579257f e84bd307a5c9ae9aed444a9eb3b9f9f3d5a343bf06eac0d0ac39b225af0d674e838af2b4423a4c00bebf2d29db610d83
CLIENT_HANDSHAKE_TRAFFIC_SECRET 4f3b68c0fb6e923fdfe6a7ff0d84c08ad59c2763e33935e645a428f8e579257f e7b8af96ac1829fea76a755bd3b9176600ffde3db0c9a7aa0fb8c6c5adc84ac17d32e44edc4e3b53786a1afafb77b60c
SERVER_TRAFFIC_SECRET_0 4f3b68c0fb6e923fdfe6a7ff0d84c08ad59c2763e33935e645a428f8e579257f da3b016223018e3e445f2b869d9b0d6e025a6b4e24b3033021fddc29eaf5b64b89967c61814dbac656472f33e19359e7
CLIENT_TRAFFIC_SECRET_0 4f3b68c0fb6e923fdfe6a7ff0d84c08ad59c2763e33935e645a428f8e579257f b18d43a8f580fb602d0737c0dabf624c5c9c7c96c3b97c192e81db4ac4c720438e257e1623d4578616bb032454a61cf4
SERVER_HANDSHAKE_TRAFFIC_SECRET cc98444fa6d2e7a75ad299ebe85c237728e2547c959098759923c042e7b03210 100ee0f5b8a67f880196c9788e0aa36b4dde863cb33563a881b354b646e9d1057b1423476ed44d398f0a006eeb235974
CLIENT_HANDSHAKE_TRAFFIC_SECRET cc98444fa6d2e7a75ad299ebe85c237728e2547c959098759923c042e7b03210 e63dc5b3fefbebdfc409e294e486aaf40af2571df23cae8f8c0f955f474effab4d3732ddd0b794f563f47e82931a6851
SERVER_TRAFFIC_SECRET_0 cc98444fa6d2e7a75ad299ebe85c237728e2547c959098759923c042e7b03210 24fc6c7bf4187b9bbd24946f0c0ac82426af5223087312c16dc9fd3a67ca803c0cfcfcba5326aa7d4eb5cd3d97dfeaf6
CLIENT_TRAFFIC_SECRET_0 cc98444fa6d2e7a75ad299ebe85c237728e2547c959098759923c042e7b03210 8ca15e42f9487aa22ee22d7a2600fb7cc086d25e775fbb7ca7baf5022d7be13940469337151c1c0a608ae92ceb04688d
SERVER_HANDSHAKE_TRAFFIC_SECRET 6a2f6b099d9ba7cdb0509e61a3318948bcc8097ca1b9e7b9fd13df05bd1f2b43 af8faaa646491f98688ddaef92c80a1192cd868f1347e28b9475d43cf60d280d7b35f60f90948d777b0e56965be3bcba
CLIENT_HANDSHAKE_TRAFFIC_SECRET 6a2f6b099d9ba7cdb0509e61a3318948bcc8097ca1b9e7b9fd13df05bd1f2b43 91955e2eeba951f1448524ffc87c84ad81e74a40b1f74b9a00813971e0872e8b74bab0e6a1fa3d832ed4de556dbc5d5c
SERVER_TRAFFIC_SECRET_0 6a2f6b099d9ba7cdb0509e61a3318948bcc8097ca1b9e7b9fd13df05bd1f2b43 b511b8226b39a9fe24a0adf7eafed5c8bd7f872e1817716ecbc4a03d492663b4a151620f2810210aae5ba8e814525976
CLIENT_TRAFFIC_SECRET_0 6a2f6b099d9ba7cdb0509e61a3318948bcc8097ca1b9e7b9fd13df05bd1f2b43 952ddffc68ce05bcc0343a959df33631424bba8d1dabc5d59d10ed28bf08cc4ae6b45b05c4977835af7126f609b49247
SERVER_HANDSHAKE_TRAFFIC_SECRET 94956816773adac37a2f64c11592f0b650216363b7470037c6c6afdc52447f74 d2b368f76062f1a85f7415b6fbdd801f2c9e49bbd3004b1946fc83253575c8e49f7ad0495d924d0469f72da7b019db9a
CLIENT_HANDSHAKE_TRAFFIC_SECRET 94956816773adac37a2f64c11592f0b650216363b7470037c6c6afdc52447f74 9babe2645c11757d234e272a4775a30306ad839513e3ee4365509bd62a2abc3b88c96f12490160ab7ba365cb6b9d5498
SERVER_TRAFFIC_SECRET_0 94956816773adac37a2f64c11592f0b650216363b7470037c6c6afdc52447f74 f3c2e03f62b39454a63c40fdc376a4bc228936d6412406d18442d17e6d7b6ef6ae40369206b9298e955e2d797fb0c01d
CLIENT_TRAFFIC_SECRET_0 94956816773adac37a2f64c11592f0b650216363b7470037c6c6afdc52447f74 44799f158089bb46d6dc5c942862fd369127b3c0033882ea1f3aae86a7cb412106c58128a71bc26bb4f2302279cc09bf
SERVER_HANDSHAKE_TRAFFIC_SECRET 619f1c3b7b08bb5a3546e80039ff081b7a07f016e409bcf338446d2669bda108 51c97e504eb2f5c0f7c48c9b23a6bc849ac64fc6a3e7e528f8efe2fd74b629b2fc921e0c863302856f2780984cc4658f
CLIENT_HANDSHAKE_TRAFFIC_SECRET 619f1c3b7b08bb5a3546e80039ff081b7a07f016e409bcf338446d2669bda108 974afcb9c1c757a5b0ef2441629f0e95ec6361d24562e40823d16a8c86b41f89a0e67b4d1fea8aee8f2f6ca53ece9963
SERVER_TRAFFIC_SECRET_0 619f1c3b7b08bb5a3546e80039ff081b7a07f016e409bcf338446d2669bda108 baef117dd0ab921d9a2f3c1eb3c5b386ebca3b89474721040bb48a201c6e50c88a751ac9d5157125cd467a05bc51d578
CLIENT_TRAFFIC_SECRET_0 619f1c3b7b08bb5a3546e80039ff081b7a07f016e409bcf338446d2669bda108 1abe0031adcdeb05f610384a40caebb8a484355b1fa74975a0850fa6608b9b4f4068180b9c2eadf2b097a56dc74c47ed
SERVER_HANDSHAKE_TRAFFIC_SECRET 1b2f70bf58a512bec3e94b07665e4e596e66ff0232391780f610560dad2a861f c998c4b7dc6fbd9de10dcb4123dfac257bc61e6effab8c477d7929925ac02d7bfe2ea0c8982584da71cb8e26f542dea2
CLIENT_HANDSHAKE_TRAFFIC_SECRET 1b2f70bf58a512bec3e94b07665e4e596e66ff0232391780f610560dad2a861f f4a14302425a6dc1d13ff3d585745c000dc7ac3344496fbdecbded995471ad34bd6164dfe4d466806a80245a8259b5b1
SERVER_TRAFFIC_SECRET_0 1b2f70bf58a512bec3e94b07665e4e596e66ff0232391780f610560dad2a861f 6840373c80d8a4c5b96e2b1672ed3fec5effc9e372c37970fb4ddd9a8ba58bd324a857b50f75595423d81756c6840814
CLIENT_TRAFFIC_SECRET_0 1b2f70bf58a512bec3e94b07665e4e596e66ff0232391780f610560dad2a861f 9432f6e959283de6e77dcf12712f49ddf316082ef1009fa2405ab9b3ad2d3936c33e474dada30c686589b0393afed9ba
SERVER_HANDSHAKE_TRAFFIC_SECRET b073cbd888fc162f7998f5af59cd6394cfd874a59048479d200bb9f638cdec3f 6b314ca45ef5625dc7fd512043afa85f29b882d0937b2253e596ae239a7e1e9d51bef7de079a2f838d1b5f2d9626e755
CLIENT_HANDSHAKE_TRAFFIC_SECRET b073cbd888fc162f7998f5af59cd6394cfd874a59048479d200bb9f638cdec3f 263086f2d0c19bcdac1875d882990d2f3a4da00f474cc5eeccc1b504777fd27d3728b9c543da1294d80a96eccf09ff16
SERVER_TRAFFIC_SECRET_0 b073cbd888fc162f7998f5af59cd6394cfd874a59048479d200bb9f638cdec3f 839597979c33885c80cd284c8a1dd814fcd161fd0f42fd10f6b809f6e53bae0d0b4d96269537f3a0c03b46b86757630d
CLIENT_TRAFFIC_SECRET_0 b073cbd888fc162f7998f5af59cd6394cfd874a59048479d200bb9f638cdec3f 4aa8f6d6c1083db42025cef24ae1de0096210fb6c7fd191486a9c7fcfd6af000ad239e0528cc114d0c4d2fe4f45995df
SERVER_HANDSHAKE_TRAFFIC_SECRET 98746a38e5728ffb514664b2021adf9aae3253600914a450461d468f9c16070c 33dc68ebc350fc6b2b7fc719434333de7ddcfa9ca3e4daec7e2c09438d5b679018c4e0ceeadee5cf58c9c9e046bb0515
CLIENT_HANDSHAKE_TRAFFIC_SECRET 98746a38e5728ffb514664b2021adf9aae3253600914a450461d468f9c16070c feda40e94a4529644468856bf1c6e05c81bb7bbc26edc7d95bda214454acd77e79396b44ab4faf0917e58c70e9779acc
SERVER_TRAFFIC_SECRET_0 98746a38e5728ffb514664b2021adf9aae3253600914a450461d468f9c16070c 822a6d8a94f786754f2dbf8dec9eeae51bf4be074a5fd1d804325e0827a5e68b96a0a744bc23e366caf6aa34c85ea6e9
CLIENT_TRAFFIC_SECRET_0 98746a38e5728ffb514664b2021adf9aae3253600914a450461d468f9c16070c 1f51aa054fff71d8cda71519631e916993ba358545d621333100bf402e7926ef8a708e4a12283fbe373fcdff11fbc13e
SERVER_HANDSHAKE_TRAFFIC_SECRET d331f0aeab4fc593b8b1dd0c452963fec51246c8fb2f7ff6a1cf43f2946923fb d9f7a247ae62403daa6b83ba7a4ce361809f74b7ddda269abb5653e24f3eb6a8478b8c36fd3025c6190bba90554abaca
CLIENT_HANDSHAKE_TRAFFIC_SECRET d331f0aeab4fc593b8b1dd0c452963fec51246c8fb2f7ff6a1cf43f2946923fb 08c3f6448338fc0fd9d1071b6030be5d28917118c2cf9de1d367e0d8e505435e3759236fdfac4fbb2f26ea2954302c3a
SERVER_TRAFFIC_SECRET_0 d331f0aeab4fc593b8b1dd0c452963fec51246c8fb2f7ff6a1cf43f2946923fb 6c45563c2a7fb7e352bc9cfd24a736abf2adbe0f7e4aa4783306591e33b91d2a9ab8aa5e552b901543cc72e97a47d3f1
CLIENT_TRAFFIC_SECRET_0 d331f0aeab4fc593b8b1dd0c452963fec51246c8fb2f7ff6a1cf43f2946923fb 4888161da6a080ff3822db380e7bcb60d90e289ad0820dcf585951a94b035783a510ba904a699d9f55bfcc232d10b0f6
SERVER_HANDSHAKE_TRAFFIC_SECRET 42cd9c2684f27f169a588b84768065453090dd824aba0401a8fe43e3adc7db4d b50ff0a0755881059fd4254590e5aeb0e25b80ae254276d964c8ebf98f82f4e9c2c0e791562ef947ec1fb878fa9c3624
CLIENT_HANDSHAKE_TRAFFIC_SECRET 42cd9c2684f27f169a588b84768065453090dd824aba0401a8fe43e3adc7db4d 03ebbec21f24b3df76821e0b7b5394c03e54dc0ef21d13066459b654a4bbd57cc9901e68bd38b225856e2b2c50c42175
SERVER_TRAFFIC_SECRET_0 42cd9c2684f27f169a588b84768065453090dd824aba0401a8fe43e3adc7db4d 15732e3cd30feace03bbbfc9fb0e0afd843b3c2767a2131e6b024d7ab5ab2ee4a37cd63c7706aed8cc2d3657b9121b11
CLIENT_TRAFFIC_SECRET_0 42cd9c2684f27f169a588b84768065453090dd824aba0401a8fe43e3adc7db4d 76d1745103a90d002551b090ff68d62eb15ebaad39df46f26033c9ef9f0fbc676cff1c9bcb1e221ff42031043d0f2090
SERVER_HANDSHAKE_TRAFFIC_SECRET 3098975411dade92c8cd6644ecfc5cd86ddd782f04e6b7fbcb1d0c777241b736 2e208cd66557cf3ad74d24242b97604626d0dab2fc3b4061fd42617a29b997a77d9a8b4ab31b43e59ab6b24efb725d13
CLIENT_HANDSHAKE_TRAFFIC_SECRET 3098975411dade92c8cd6644ecfc5cd86ddd782f04e6b7fbcb1d0c777241b736 0b7a5dca53f7ddd5ec29bf1d7edde8fd78ed9c59ce8cf99e9571c9c77000a226c769961ba295b7f6a0a0b40c2497e873
SERVER_TRAFFIC_SECRET_0 3098975411dade92c8cd6644ecfc5cd86ddd782f04e6b7fbcb1d0c777241b736 88f2e33ef24d74393b5417332325793ead44586531130ec847f3dee23bdc63975e53083748694b98a8c721860ce91c76
CLIENT_TRAFFIC_SECRET_0 3098975411dade92c8cd6644ecfc5cd86ddd782f04e6b7fbcb1d0c777241b736 fad652234e8df96c510fed27e298c38a60787e2d5830755958c2261fcfe66a2ce7c7066da1b8cc9e6410090fabeeb10f
SERVER_HANDSHAKE_TRAFFIC_SECRET 30bbd8dd8cc9194e363f0c9a7a2980fd4b909979c8e0477190ba84e92c2e4871 9a2dd0f5013030a685f0a7d05b421dab47023cb9f058a8f2d8d57c890cd35b142ebe15984a7960b2b2f2e64b4dcf699b
CLIENT_HANDSHAKE_TRAFFIC_SECRET 30bbd8dd8cc9194e363f0c9a7a2980fd4b909979c8e0477190ba84e92c2e4871 6e7824631a5d14ca029a662aded1b8614d095d791fa3187234376c243d3e7172c17b6457fb82adfe1ce3cdf994e8d8d4
SERVER_TRAFFIC_SECRET_0 30bbd8dd8cc9194e363f0c9a7a2980fd4b909979c8e0477190ba84e92c2e4871 3e95a16390349e623ea1725ceab8878a52f5bf24bc06f04bb1e563672b4900fff83ee222bbdfb2d1d3b60b3f238b0d60
CLIENT_TRAFFIC_SECRET_0 30bbd8dd8cc9194e363f0c9a7a2980fd4b909979c8e0477190ba84e92c2e4871 02c14a715a25d9fb2e8a3e9f9d2d2f0d72b8ccb24ba01c3d2d33a2b54d842038cbc9de46a2d11d2c2ace9870bbe78b4e
SERVER_HANDSHAKE_TRAFFIC_SECRET 043fbe960b57772a082341e459db138a103f8de6c021d337f4b47c5778f5aa7d 07578950afab0f7e51e5e5d1a1d3187bec2524be280ce7c767b2003f1ffb8a7c829e23cc596f30b64b74f851522eb73a
CLIENT_HANDSHAKE_TRAFFIC_SECRET 043fbe960b57772a082341e459db138a103f8de6c021d337f4b47c5778f5aa7d 18606647c8e370bf4c88d8dd79f8010a8ce320287bc07ab18746ea304768158111b51a308024bd6c4645eb3a141592fa
SERVER_TRAFFIC_SECRET_0 043fbe960b57772a082341e459db138a103f8de6c021d337f4b47c5778f5aa7d 2d89204001775dab5762c8a2d7fe958f33fae469f8077692535219d7a8701060d30ea5535efc5c0a8606fcac56e061aa
CLIENT_TRAFFIC_SECRET_0 043fbe960b57772a082341e459db138a103f8de6c021d337f4b47c5778f5aa7d 2abf365f12a5fa9fc68336bb9dcb5213da82b64e575b5da30e73db889f30c3cd30c30942b6edb008dada705c29399ed3
SERVER_HANDSHAKE_TRAFFIC_SECRET b18953259823ab5cdbcd4d8207c70daabcbe4ed8b0fe34ca3fc73cb28935548f 510bfb7d1082f48a965e264a6db01978bb5e03685d451de0c4a38e6fb39b6eecf752653c3ff47f659d537a6a93a2a808
CLIENT_HANDSHAKE_TRAFFIC_SECRET b18953259823ab5cdbcd4d8207c70daabcbe4ed8b0fe34ca3fc73cb28935548f f50f589c2b99c397aa3665703cc4846b5e937b5d879c7e547ddce08787f72f78eaa14a3ed164a2547975560e85226860
SERVER_TRAFFIC_SECRET_0 b18953259823ab5cdbcd4d8207c70daabcbe4ed8b0fe34ca3fc73cb28935548f 3f606456a3ed661753118b621580967c4c7e0ce3dfba3d6d9a37903099d5c9d9b66bf68449a37b56ca16e0e7a2c1ad6b
CLIENT_TRAFFIC_SECRET_0 b18953259823ab5cdbcd4d8207c70daabcbe4ed8b0fe34ca3fc73cb28935548f d0349801630f482f4cae3d479bb660be798aaed51badfa501eadaca41b6b43be707c093c75dfaf0095ad5da3c15a9751
SERVER_HANDSHAKE_TRAFFIC_SECRET 5f720ba5d9d29cd0b15e2ad5560e3b894349926bb1a3fb3edd31cc227af89aa1 84c01ba97aca75541423719eda816cd63c8233a3988c605d827f45e9e522cd938995612badcede4796b512d865ce10ad
CLIENT_HANDSHAKE_TRAFFIC_SECRET 5f720ba5d9d29cd0b15e2ad5560e3b894349926bb1a3fb3edd31cc227af89aa1 8c8d8b2b0c271baea00ec6ae0416fe489e19e0cb90b3dc88473e54fc334903d75283d5e3c4707fbfd06a509ae747b8d7
SERVER_TRAFFIC_SECRET_0 5f720ba5d9d29cd0b15e2ad5560e3b894349926bb1a3fb3edd31cc227af89aa1 b9bb80ed0c5a34edc17562e51e192ccf5f8414121fa388b20ac530e98b6eb09bc2a8b58aa11c379fbd3085986f829a5c
CLIENT_TRAFFIC_SECRET_0 5f720ba5d9d29cd0b15e2ad5560e3b894349926bb1a3fb3edd31cc227af89aa1 b1a29cbb5f21aa6245b3e906c2a136089fe0c0a6e5a6820681b147fa2bacafd1a0d747bad89e420ff9180f975a9b91f3
SERVER_HANDSHAKE_TRAFFIC_SECRET 18e19b8b49316b1ddcb298b2b61520869670d6ccaee622c5689bb1c50cda1b03 058b76631614483d53105c85e18e71a480b68d1ea8beb9475d646c90c77798bd70162d9f15a9709e2ebada951f575a21
CLIENT_HANDSHAKE_TRAFFIC_SECRET 18e19b8b49316b1ddcb298b2b61520869670d6ccaee622c5689bb1c50cda1b03 87f85fe3a0bf740038413e968d5fffd8edf0e1652504975da6f2b0ab604a67f78778f03550732d38bab2608ce02d3efe
SERVER_TRAFFIC_SECRET_0 18e19b8b49316b1ddcb298b2b61520869670d6ccaee622c5689bb1c50cda1b03 3b69f2220d78dc3ea652db1bd314107c321bc9676f76f50b609b0972ff1fea0e10df2f8355a34e9e25bc1fb7e198e4a7
SERVER_HANDSHAKE_TRAFFIC_SECRET 742b58314fb2d9a205c2a182073167daaaac0a4b0b660c75f7feba922557f873 6368df1e7c30fce60918c7de8f0ae76ce6710523bd753fa27f40160f362d355a619544955de9a1bce0b82d84931834e7
CLIENT_HANDSHAKE_TRAFFIC_SECRET 742b58314fb2d9a205c2a182073167daaaac0a4b0b660c75f7feba922557f873 f2f1c1e90085267430d2733b1f012557b577a33c661651e1e830dca6ef4a553fd266c8931dc10cd74a773e62115f5c7f
SERVER_TRAFFIC_SECRET_0 742b58314fb2d9a205c2a182073167daaaac0a4b0b660c75f7feba922557f873 5e6f1272fe546813646979ccef6064498392c3a08870649ab8fab6bdc8fdcb4bef9e665dfdd65813245fa74e5b15bdac
CLIENT_TRAFFIC_SECRET_0 742b58314fb2d9a205c2a182073167daaaac0a4b0b660c75f7feba922557f873 2bff20df1735b9534759dede1b5f329b1e2af2ebcace418528e74dab964466263edba7e40852affca1a6a5f68cb7411d
SERVER_HANDSHAKE_TRAFFIC_SECRET f466f773180a3feda968d11243da37377e76a730dda014da693b910bb9de5aca d8ea20f4d895c47737fb5236fbcf3354efbbc230046a88a061331dda6b41d2472750924cee1ce76a89dc44c3ec9f8697
CLIENT_HANDSHAKE_TRAFFIC_SECRET f466f773180a3feda968d11243da37377e76a730dda014da693b910bb9de5aca 700b1ac72c1fdf8edc7302f677bdea08d915f491c1f0a8b941fa584557643e2459c9b2a29e54c35e8b4061ef21dabfbd
SERVER_TRAFFIC_SECRET_0 f466f773180a3feda968d11243da37377e76a730dda014da693b910bb9de5aca c2825661c5d1ef248e402356c85b61201c748816a4dc16e09209ac2ab5ff7180c4ff0c73ee31ff0530b69ad581889d79
CLIENT_TRAFFIC_SECRET_0 f466f773180a3feda968d11243da37377e76a730dda014da693b910bb9de5aca f7d65af05db8060c48421bdff062ac08f717a98fdd5f2a5caf7159acfba0bc1c22e473a5d342fb46da655891fe4efa59
SERVER_HANDSHAKE_TRAFFIC_SECRET 772f694d68e4835fcd6633e2a5d4236bc568543ed071f448ca427af66dcfecbf fea03b5df10d1ad5141905de01560f642f585ff1ff78ee0e7e08b9cf2abf6b4890279d8e5d584f01e2ea06d27bcfe067
CLIENT_HANDSHAKE_TRAFFIC_SECRET 772f694d68e4835fcd6633e2a5d4236bc568543ed071f448ca427af66dcfecbf 90d12916b0651dd495793a3cfd29473fcd25383e5cc5ad2d4f7d1fc6dc5002e4ba4d371b6c5fb33a96bca73140708c15
SERVER_TRAFFIC_SECRET_0 772f694d68e4835fcd6633e2a5d4236bc568543ed071f448ca427af66dcfecbf 55b5bd77ac77ab0e7670b25e3819059e5b80b8e7b6357264370857039928cd095cd2423ad8c1a67a8a89bddd6728980f
CLIENT_TRAFFIC_SECRET_0 772f694d68e4835fcd6633e2a5d4236bc568543ed071f448ca427af66dcfecbf 8bc393993bedde909f2a93f2cf79aeb8288bd195a064c531fb830c2b448ba8d1025fcfdcbaaefc66ddedc952771537e9
SERVER_HANDSHAKE_TRAFFIC_SECRET 7f0b4c8fd4f257beee7dedff342ae6a95eb3aeb5f662b3e22a7342c5f177634d b2b811d12a839a31e64c140591d6193283f729a408b579a88561c7498d2b87c106069c0d7846f149729eca5d2cb4ca0e
CLIENT_HANDSHAKE_TRAFFIC_SECRET 7f0b4c8fd4f257beee7dedff342ae6a95eb3aeb5f662b3e22a7342c5f177634d ed8d0dbbb24badb62146fb59f81f15ba61dcd21edd4a5accb8f108d60ab55cc083380b4452f593a147e3c09e12a0467a
SERVER_TRAFFIC_SECRET_0 7f0b4c8fd4f257beee7dedff342ae6a95eb3aeb5f662b3e22a7342c5f177634d bc4fef499e6c17f63013f1e6daddc7fd9f4c078cff23277aaf8a85f1c6e23eae4a4814dd6047cf9e8b593d78cccbe135
CLIENT_TRAFFIC_SECRET_0 7f0b4c8fd4f257beee7dedff342ae6a95eb3aeb5f662b3e22a7342c5f177634d b9963fe1fc5c6993fd274e18f618bb567e3427870199e08d57c743c4b8c85987a522fd4290319f9aa4307015c2ed1b2a
SERVER_HANDSHAKE_TRAFFIC_SECRET 96b7d49d129773df8edecff0a9736fff348c3902b9366bd72bc72656989759d4 328b2bc38048afb5309cc97b4402b4edaa70a786b067d143e2ce553710805331edc2b1405a8ae17a0ffe449aab396a30
CLIENT_HANDSHAKE_TRAFFIC_SECRET 96b7d49d129773df8edecff0a9736fff348c3902b9366bd72bc72656989759d4 4cf29fe92a8e0f55ee2618c457680b955aa53b163d11847ec405bf68906e2a1ab6225fec83075ecd13352a60b23ffb71
SERVER_TRAFFIC_SECRET_0 96b7d49d129773df8edecff0a9736fff348c3902b9366bd72bc72656989759d4 3a14c6fba9e61fad10256dec92a595a169e0bedd24200ce6d375952903c51d97cf039cedd66d8951f0ead007a3b7665e
CLIENT_TRAFFIC_SECRET_0 96b7d49d129773df8edecff0a9736fff348c3902b9366bd72bc72656989759d4 786625341fbac0869982c405e4125d6b8772bda87bb1c9d66ef54ac826ed8e001914a0dd93b61c447ca841897d9404cf
SERVER_HANDSHAKE_TRAFFIC_SECRET cded1f036f0f4287e3cb4119b4327e9100d42a49d7ab9411cd1bde1198a547f4 2d91be430465b7806dc214adb6c90258777fd025ba466f55ac7e957106868282fb09c7df0ded62cf07f40855395646e2
CLIENT_HANDSHAKE_TRAFFIC_SECRET cded1f036f0f4287e3cb4119b4327e9100d42a49d7ab9411cd1bde1198a547f4 5cf369cf18422f31c32accd931a2c4f86aa3dc4371506c18ec2ddf4bbf2acaace6832732a241de55a4f4d5c191f97509
SERVER_TRAFFIC_SECRET_0 cded1f036f0f4287e3cb4119b4327e9100d42a49d7ab9411cd1bde1198a547f4 c159b440e1858a97825972bf2ddeb508c7c3d85b0162a7a00f5a30b58b9ec1db1e12654b281ecf9788a684752ff22d80
CLIENT_TRAFFIC_SECRET_0 cded1f036f0f4287e3cb4119b4327e9100d42a49d7ab9411cd1bde1198a547f4 8ed33fd9b4dae37386ebe9b1d08ef42bf01573bb7080073b36de7a17d0d4af98fcb086f3aa87174ef51ce64580c08ebc
SERVER_HANDSHAKE_TRAFFIC_SECRET d18f534b771af0df5b514eff62235f791d05d922eb246ddac684f6440ecbd132 c191c72d1629551ae598ad731bc5d43b49623486b13323711f3037c0ec41be038bd65fbd7dda7635b0eb4f5b9c92f3a2
CLIENT_HANDSHAKE_TRAFFIC_SECRET d18f534b771af0df5b514eff62235f791d05d922eb246ddac684f6440ecbd132 4068c1d06cc2abfc4f7d41bc0e9785dc5ed465765ddfc0005d51fb96f772ba6d23e887475fbbdd4efcdab090e7adc180
SERVER_TRAFFIC_SECRET_0 d18f534b771af0df5b514eff62235f791d05d922eb246ddac684f6440ecbd132 06ec1325ceaa50ad5b0524993b3270d61f1b2acb23462b847964ce59b5a6a320a718842e0940086a2652a691a30b529e
CLIENT_TRAFFIC_SECRET_0 d18f534b771af0df5b514eff62235f791d05d922eb246ddac684f6440ecbd132 f5892671d85c160caebea913f4646dbd45756fc6049d8de7a12d58b2d76fcf52999daf0428e3f587d4ec47fac87f65f8
SERVER_HANDSHAKE_TRAFFIC_SECRET bbd66042eca55854fca8a54bf65c16f7da9cd74a44929845ee7b0b2f907f15b8 bc0e18ad3d377a5305a3e83b18a1e32f96b63834630c304b1617902c19709088d3ba0e967241c3516ba8b026166ff669
CLIENT_HANDSHAKE_TRAFFIC_SECRET bbd66042eca55854fca8a54bf65c16f7da9cd74a44929845ee7b0b2f907f15b8 95edf514a954c808de6ce6a00bc061ebd6b4c07f39be804e429fc71988fbdd4b33f173afd8e0797e91e6d1c4e4568578
SERVER_TRAFFIC_SECRET_0 bbd66042eca55854fca8a54bf65c16f7da9cd74a44929845ee7b0b2f907f15b8 bd75237a264b2af226c161544fd2b81ff742666dfcafcc47db4bfbd8742f46bfd62cdd3737d823bdee43fadae644f890
CLIENT_TRAFFIC_SECRET_0 bbd66042eca55854fca8a54bf65c16f7da9cd74a44929845ee7b0b2f907f15b8 8a91e79ac43b94e0f74fed878587ef650357f46f39a031968802bef0dc8dfcdc226e40a21ffed3a8311142c1bc51c879
SERVER_HANDSHAKE_TRAFFIC_SECRET 6a782fb515eb9a79ac55d23660c7eca25b57a746d3b7ab6bef532694cb9112fe 682bffee5ba934423b403deaa5dbb176bcf8289c5883c004194212d621be785e381bcd88d7d538b0b9263e8dae5b0240
CLIENT_HANDSHAKE_TRAFFIC_SECRET 6a782fb515eb9a79ac55d23660c7eca25b57a746d3b7ab6bef532694cb9112fe d931b338884bf36b27c855feca453a28a9d47499f13e7bced0168e2a4f71b4db07dbb8a56b4ba6e3bf31dfb9a2f4bf16
SERVER_TRAFFIC_SECRET_0 6a782fb515eb9a79ac55d23660c7eca25b57a746d3b7ab6bef532694cb9112fe 398680fcc67f112bb518a9471da0d291ab3a49cfaa2caa9fd603966db1021620871f281c45b97a645affab6be46f68fa
CLIENT_TRAFFIC_SECRET_0 6a782fb515eb9a79ac55d23660c7eca25b57a746d3b7ab6bef532694cb9112fe 563593473cef0f99626eea1444f32ba997094f713efaa00e3a88d24e487737292b31d2b177a3bb2fe82eb0f432a0600a
SERVER_HANDSHAKE_TRAFFIC_SECRET 2e5db7de5d8cc125d70a5c838096c7d6e8e2b85d96c90acee18f246192a69a07 7f883d0c9cc76a906ffdd8c4ea15c439d4d0fbcba12f51198847134aeffa5e3c13a1ab2a4edfcbebc2aa251abfdb281f
CLIENT_HANDSHAKE_TRAFFIC_SECRET 2e5db7de5d8cc125d70a5c838096c7d6e8e2b85d96c90acee18f246192a69a07 de2f5ba6b7d92306d99ba51271896254c5c7cb5e791fa22b063677ce0c62eff7d59ea1ff6c595a3b219af61b9826cd48
SERVER_TRAFFIC_SECRET_0 2e5db7de5d8cc125d70a5c838096c7d6e8e2b85d96c90acee18f246192a69a07 2cf86e9164945e57d8166ac4902e8ff9e48ac918612399f0818f003f67f8c888a1c62e7a60b70bc1ef97c485bb32c7d8
CLIENT_TRAFFIC_SECRET_0 2e5db7de5d8cc125d70a5c838096c7d6e8e2b85d96c90acee18f246192a69a07 5a3d83bcc41e9f20d4ee521c6d015911b1e13538f02cd0ad1329f2017c1d597a76ea1f9be385f133e1340f2b14c6a0dc
SERVER_HANDSHAKE_TRAFFIC_SECRET 04d18c1728e1d585b030bb642493e259f1058f653875365c6ffe81555897525a adb3237f66bf181616183aecfcb6b9831e5bd7a172361bbc938126ae6143032b8d7131b139c3b027b6fe1473d6fa821b
CLIENT_HANDSHAKE_TRAFFIC_SECRET 04d18c1728e1d585b030bb642493e259f1058f653875365c6ffe81555897525a f6c24719fbc126216c4c08f555e5d65fd70cc826c623525cb619f4cb3566bd7ee39bf9aea852a8f3c5e97b63ae7a08b9
SERVER_TRAFFIC_SECRET_0 04d18c1728e1d585b030bb642493e259f1058f653875365c6ffe81555897525a a0c7615911b94125e53eb88b5028ccb61397b862906615355829107bb66771d4abb94a51647f2fed69b0021bdb775d20
SERVER_HANDSHAKE_TRAFFIC_SECRET 4d9454b1bd61ed012a23cbd30f4186e40638d5103e9f32fab35247bb5e90bb2f e581389789e792d58f61d2b4ed65f5df434fc064d4a3815d78cfabe66e41de39cf9a8dcce2e58d1b17bfdb4133840f60
CLIENT_HANDSHAKE_TRAFFIC_SECRET 4d9454b1bd61ed012a23cbd30f4186e40638d5103e9f32fab35247bb5e90bb2f 1dada9200fd730115fb2bab9917ecbb70f51b1d72022b77369ed81638a412c0bb66a8cab3080ea56f9019ee3fe5e8d89
SERVER_TRAFFIC_SECRET_0 4d9454b1bd61ed012a23cbd30f4186e40638d5103e9f32fab35247bb5e90bb2f 1c57827d1eb80e2f2f861d3d0b69b44e4cd7223865358553c29eb13353788ec385985b8dec32cb01d4e423628ea87c01
CLIENT_TRAFFIC_SECRET_0 4d9454b1bd61ed012a23cbd30f4186e40638d5103e9f32fab35247bb5e90bb2f b478ec999e843022cc841c41ad01a1be5c598a6b397ed8ac248c4ce2715787d3df8c729eb9d885078250fbeff8df080e
SERVER_HANDSHAKE_TRAFFIC_SECRET a8cfd542f0938584f3c9941c62bd8643fd85553ece8e1e1f4445d5c02f25afdd 0e4611a700511c77e8a76d1bcbc0ec815553f65bb230b38e7cf9d017b5a48c80f856130a8b8b1756d93d8eb3a88883c1
CLIENT_HANDSHAKE_TRAFFIC_SECRET a8cfd542f0938584f3c9941c62bd8643fd85553ece8e1e1f4445d5c02f25afdd bbad055984ae1dcde289e584f79b3b7d81ef96d9eebfb542c66bc2d19cf3de8ee313db2507e27bad9e3c5d727f9c5749
SERVER_TRAFFIC_SECRET_0 a8cfd542f0938584f3c9941c62bd8643fd85553ece8e1e1f4445d5c02f25afdd 83ae181bd6b3bbb07fb9c4483b2dafa10d6d5fc5e25f3de0b578b9e2cbfa85e82527cf92e7bc16ed852c95e70da82797
CLIENT_TRAFFIC_SECRET_0 a8cfd542f0938584f3c9941c62bd8643fd85553ece8e1e1f4445d5c02f25afdd 10cbbd45acc4cc4b440da1fb05b17e9caf0c89e30b9aa144da09fc4f2b50fe8f95735a8b0530f7446e54c09e423c84af
SERVER_HANDSHAKE_TRAFFIC_SECRET bff0884f0b5473c5be524b4a53e1a6bd7a0ae364b5db54041d8da95565d2d841 b61664a6642c829faf28837e40c547c30969f1ed18a0777ff640456277c6cea81bf1f17bcb984ecc00aa551034ffcc2e
CLIENT_HANDSHAKE_TRAFFIC_SECRET bff0884f0b5473c5be524b4a53e1a6bd7a0ae364b5db54041d8da95565d2d841 ed8dd74bd59df64c4ff9cdcc8e8b5f16b41bb750d95d161e586c6777dffc8f87f818b00e62a9872cf795c58c6de8383b
SERVER_TRAFFIC_SECRET_0 bff0884f0b5473c5be524b4a53e1a6bd7a0ae364b5db54041d8da95565d2d841 cf11955adbf94b32882d2349c46ac4bd3ea54484a5d190b21a8b79a99e20f4794941ff1bb39385e2beeca56d887508dd
CLIENT_TRAFFIC_SECRET_0 bff0884f0b5473c5be524b4a53e1a6bd7a0ae364b5db54041d8da95565d2d841 31731b211ae077e539127859c4cd735dee3f98a3266c21e9778ce54ea790ef6565bcd3ecb6a6d4782cc86404537d995f
SERVER_HANDSHAKE_TRAFFIC_SECRET 6cefaba2dc532b9b75d4d60cb33c8ca514a813797612a33d1419588a9cf6b504 becb4b811773fc7c14a760ba3f8c301b171303620c019b86d3bd59949fd54b44ecaab15165948b83d914b306ff333fdd
CLIENT_HANDSHAKE_TRAFFIC_SECRET 6cefaba2dc532b9b75d4d60cb33c8ca514a813797612a33d1419588a9cf6b504 833b599b7e22d8efd0820fdf6befcb1f9b61d5f242a32d97100e227b7a6286f945e2890ac4bc99568d8389414b7f8c9f
SERVER_TRAFFIC_SECRET_0 6cefaba2dc532b9b75d4d60cb33c8ca514a813797612a33d1419588a9cf6b504 69d907466a3fe3296750b12912caf990178ed5251430a6b1a5e1bf72dfa8e377a6b8cd3734de8b617e1b32ea11232449
SERVER_HANDSHAKE_TRAFFIC_SECRET 38b0bce30f219be00b7003fc914d39ce76f410fd329557a96a7ad5a5d9b7cc4f 132b2ddaa23c347db5920542deb45b7f4c073efbbe6d0bd9377b86fb022807a25323969352b2ce440521169785db9b01
CLIENT_HANDSHAKE_TRAFFIC_SECRET 38b0bce30f219be00b7003fc914d39ce76f410fd329557a96a7ad5a5d9b7cc4f 1fb33b1b6305420a1ae8fba1b89650ad37dee69000446288e10f816a9eca4a8566e7192d2d4fa21f5ffae9498e575b40
SERVER_TRAFFIC_SECRET_0 38b0bce30f219be00b7003fc914d39ce76f410fd329557a96a7ad5a5d9b7cc4f 1ad2ce13e16e935b70f5db714e0d4896ed942c545ac9fede346e216a1e089ecd0db94ff1b053e6dd277fe653d3c0ddd3
CLIENT_TRAFFIC_SECRET_0 38b0bce30f219be00b7003fc914d39ce76f410fd329557a96a7ad5a5d9b7cc4f 5fd125a6f586aa8e7f4278b4d21848caadaf013bc4b3f6fdb9e099695865964b3e3caaccff7725131e8e2a9a4288b275
SERVER_HANDSHAKE_TRAFFIC_SECRET 2236edb97d66b2541b0da63e0c6c65af1e0aa3fa97e2258b92751019078800f7 b1210f633de5597fbf42ac87c8a73d191c9d8abfcf2d5a2b52022f580a3fce80706018b2ed0ca8b9532b6ba5205c1e13
CLIENT_HANDSHAKE_TRAFFIC_SECRET 2236edb97d66b2541b0da63e0c6c65af1e0aa3fa97e2258b92751019078800f7 f305a3e095cb9c9ed251bc5d117911c7532c8288a86cfa10d8063e29b616c1e9259d684afdf9e0bb25248d32f44327d3
SERVER_TRAFFIC_SECRET_0 2236edb97d66b2541b0da63e0c6c65af1e0aa3fa97e2258b92751019078800f7 f97063739e9ac2e882b2cd2874edb878d21c989f648c27c4d516d1e37e6288301ec884e87a29fe8b5c82cb91d7f0fef5
SERVER_HANDSHAKE_TRAFFIC_SECRET 0bf70ef2c1610b184524d75ce82186929624f3b2007eb9954410a341087e3e35 c188bb8e9e735932e5027d92db77c56fea3e78b945285cd303138ffaf47ad86b4fa75453669e8fa7a6af9e77aba5b1c5
CLIENT_HANDSHAKE_TRAFFIC_SECRET 0bf70ef2c1610b184524d75ce82186929624f3b2007eb9954410a341087e3e35 b070861d6766a545964664dbbca7475dd3a7439a68962be2462c505552546887201ae62932ca7474ded1574b75d24a58
SERVER_TRAFFIC_SECRET_0 0bf70ef2c1610b184524d75ce82186929624f3b2007eb9954410a341087e3e35 c06d59bef0b326189489597d650aa4cd5f358ad44f537865fc76fdb9ccb03e5d3546ade0bc35fb3c9b4a8674027fc7fe
CLIENT_TRAFFIC_SECRET_0 0bf70ef2c1610b184524d75ce82186929624f3b2007eb9954410a341087e3e35 eef5659121a204b366432a1568bb8d7c4e2ee9f9638eb4f4bde549b4a5e24007c301d83c949275c63c0db6205861da01
SERVER_HANDSHAKE_TRAFFIC_SECRET 9cd3d950a76493f1cba67e8f070acce61938527549e5ad3f023656d0b94aa050 1692a1292d81c56f6a5fd248b40bf34f1aaf18fcaf880637650ace244f54878b9b3c9aaf56133b22861ac6e3a057548a
CLIENT_HANDSHAKE_TRAFFIC_SECRET 9cd3d950a76493f1cba67e8f070acce61938527549e5ad3f023656d0b94aa050 accfcf6137f4721e3ea88ebe8ea738bc4cf31e4333106c2f4835343c2c36fb203e3aa2101b725402508f4b26a90e5bce
SERVER_TRAFFIC_SECRET_0 9cd3d950a76493f1cba67e8f070acce61938527549e5ad3f023656d0b94aa050 a75526b0bbbada88f253749a42a52b3b53bcd73ab26ce58d3c5d3a5263447c6803f61c16eb14c831ac3f37575e000c93
CLIENT_TRAFFIC_SECRET_0 9cd3d950a76493f1cba67e8f070acce61938527549e5ad3f023656d0b94aa050 1015d6fb048b834ad5417f2610cc1b94348174795b7b6c34b5f3709ab74f40e2aa0e7d0d66485395076d387c3afc84f4
SERVER_HANDSHAKE_TRAFFIC_SECRET 569b36e86d27436e8f1a4e54293f13af7f5e7050f2af820cd7b78f192b07448f a88cd532a8d1bf89ea27a68a5cd733bb95e01155a5b4d1a6296057fee635fe36b413beae770ad7999ff25f9ac7a95ae5
CLIENT_HANDSHAKE_TRAFFIC_SECRET 569b36e86d27436e8f1a4e54293f13af7f5e7050f2af820cd7b78f192b07448f 3afdfc83aaad7148e6f929917e0f8b87b54f98489f647a0ba1628ea7ac9c123286d56a20283fd1b41a2b22d4dba7f883
SERVER_TRAFFIC_SECRET_0 569b36e86d27436e8f1a4e54293f13af7f5e7050f2af820cd7b78f192b07448f 0a49eefa48a17040141c6f55e8625bc40bd87362a50f6d91fe679954c5d637894230de7b6d992cc8edc3c6985379b778
CLIENT_TRAFFIC_SECRET_0 569b36e86d27436e8f1a4e54293f13af7f5e7050f2af820cd7b78f192b07448f ddeed3ecfddb67f74034a9a8daa6a5646da115b554182d12c1d67618b6cf3521ef9118e613955ca69fa20a9929a1ca05
SERVER_HANDSHAKE_TRAFFIC_SECRET bed80d3aba907926abc46f3d62ea8f6e93d0f4c5330e84ad7d15c520d411e9eb 973e596e260b8ac00fddf7bed71f9b509e1283350e203cb8bbfa2048530326335e467b8ff44d06ca9dfc34d0613e0d66
CLIENT_HANDSHAKE_TRAFFIC_SECRET bed80d3aba907926abc46f3d62ea8f6e93d0f4c5330e84ad7d15c520d411e9eb 74da3c2ebf0beeddc918fc4f22d92a4262df0b2dd220336b10010d140387b50b8401dc0bdd7e0d249f4ce84bf6eb73bc
SERVER_TRAFFIC_SECRET_0 bed80d3aba907926abc46f3d62ea8f6e93d0f4c5330e84ad7d15c520d411e9eb 543127192e54526c55b353f56ce8418deb2c29621908e18b541c7bb3fb6f6f2090a17637f6bc6f1382dbbc4759a778d5
SERVER_HANDSHAKE_TRAFFIC_SECRET 88f0db5163d1d410e6ce945f1d3979ec87dc4ecfa07726756251238227e3a2fb 0aadf6041487af752fe74ffb245a9e8ceaf37efbb8655e23d7f76585713624abe1e369e7a1bbc5a9101a40139cd6d938
CLIENT_HANDSHAKE_TRAFFIC_SECRET 88f0db5163d1d410e6ce945f1d3979ec87dc4ecfa07726756251238227e3a2fb 80f25214f82e2f233fb20e3c1c362e7e5eb81295b929621bd98a765cded8fd2c6980db1ea8bc3fb7ad672d02f7fdcfa9
SERVER_TRAFFIC_SECRET_0 88f0db5163d1d410e6ce945f1d3979ec87dc4ecfa07726756251238227e3a2fb 7766153eed905136580d39eb936a8e34a8e912dbc8dd5ceb526dab5fcbc133c753dcd1e9e053f68f9e827aa0e04d3651
CLIENT_TRAFFIC_SECRET_0 88f0db5163d1d410e6ce945f1d3979ec87dc4ecfa07726756251238227e3a2fb fdbd6cff502fea17f8f256a0d439aa7304b6806f3016159f4925d10b7eddb470fb031a18cf269eaf377f8d3545211b0d
SERVER_HANDSHAKE_TRAFFIC_SECRET 0a589e9ba8a9976537b4c9fb4d0e59212ca29808265498a1ba03fe526d2b0413 29e78996e706ef39b2c1b96489f7813c1e14ae6ef422c31baf0ba7138fbffdf4588e554043c455cf7f7e22b61df042a4
CLIENT_HANDSHAKE_TRAFFIC_SECRET 0a589e9ba8a9976537b4c9fb4d0e59212ca29808265498a1ba03fe526d2b0413 430336cff85d9d5acff176254bdc42393ffa283fa62b3f6160ea60ece1a8610b8250ea621da6cbc39858f802cf3d28a9
SERVER_TRAFFIC_SECRET_0 0a589e9ba8a9976537b4c9fb4d0e59212ca29808265498a1ba03fe526d2b0413 849a36c88c2ecb4d4142886c442a5a7cac7a4b744a875ff477a059383e60c7ad2c933b7612e1c111785fb8d94e6f2f1d
CLIENT_TRAFFIC_SECRET_0 0a589e9ba8a9976537b4c9fb4d0e59212ca29808265498a1ba03fe526d2b0413 63145accd1000644084de864367f17b7547a3d7fc7717e87bf7e4bce0f69d4f5b6ec1bec217926b2094e3483a52be6ed
SERVER_HANDSHAKE_TRAFFIC_SECRET 29bc95f504337c9ab187c2e96d36e0edac32d88b4b4f2a6b5c46395ceadbfb52 3852619742a5de4ee89c8a9f88a6df4d53d01bfed4e9462ed48bd91285de084a23c088173e9cf3e4534e3958c5693a59
CLIENT_HANDSHAKE_TRAFFIC_SECRET 29bc95f504337c9ab187c2e96d36e0edac32d88b4b4f2a6b5c46395ceadbfb52 94b8f5baba6c68dfae6fdc6f0626ebed96008e624816a5f08e4f4f016810484d8b8373af2f9692356e1bc27eeb60bb9e
SERVER_TRAFFIC_SECRET_0 29bc95f504337c9ab187c2e96d36e0edac32d88b4b4f2a6b5c46395ceadbfb52 dc044ed86f78dba8391ce523688245cc823eb65bdb51c208f449ee19cb0f5567455397d9996b01c726b44106177e51f0
CLIENT_TRAFFIC_SECRET_0 29bc95f504337c9ab187c2e96d36e0edac32d88b4b4f2a6b5c46395ceadbfb52 43cd05c2c374fe5b8628beeea478dd681a1655cb90e54e969ff9e06ce8c80f25e7f33ae2a9de34aa8ab88ea4ea872250
SERVER_HANDSHAKE_TRAFFIC_SECRET f4bae032d7f828e41b717b040612de12cce7fdbef0192e9481c819b1186e800d e031a2622f7c1f8e74a816ea9d30fc6562285d17d0c95cc9324a4a1c172176872a610dba4cd74cacd446e1da9fc51af3
CLIENT_HANDSHAKE_TRAFFIC_SECRET f4bae032d7f828e41b717b040612de12cce7fdbef0192e9481c819b1186e800d 608ed19f4edadd09b36f214bbfc0912f0b8824b1a5902bbac75524eeb7177a5f57db6c44e74e0043a9591e7baae84f19
SERVER_TRAFFIC_SECRET_0 f4bae032d7f828e41b717b040612de12cce7fdbef0192e9481c819b1186e800d b604d1d86e9ccfdfa774b2036635f27fa6947711986d85ae77c29b4782a1adaad9192108fd69620f29b7401d6cea34c1
CLIENT_TRAFFIC_SECRET_0 f4bae032d7f828e41b717b040612de12cce7fdbef0192e9481c819b1186e800d d399cc908f886f8e9b5dcde3db3427a77abe62dd7e8135c0cfbdf504bcebd23cddaf720d4dd3d4b1cd02e1f217c6e850
SERVER_HANDSHAKE_TRAFFIC_SECRET 54d0612474e171279c017a490fbc735161b09d7cad91f4d79ce8be93a1cc0641 902724dfd99b33b572615098a3c2766e4c8f08f84d2e8175a0721d4a79101530b4aeccea235dafbeb849b1aaf7bd9477
CLIENT_HANDSHAKE_TRAFFIC_SECRET 54d0612474e171279c017a490fbc735161b09d7cad91f4d79ce8be93a1cc0641 41a7efdf6ab7e9e489b10d805b96a410d7b96e3a763a50032553c61cfc6d5da3f38d64c6f89b3f6320575bd858f19658
SERVER_TRAFFIC_SECRET_0 54d0612474e171279c017a490fbc735161b09d7cad91f4d79ce8be93a1cc0641 0b2ba1c2b05b220428cfc60ed349c279f2f6e7887ac9d5df50189440fd3a855dd3c00a1fb17aaa65999cc2c526575e18
SERVER_HANDSHAKE_TRAFFIC_SECRET 70bd126f83659be3404b297ff6f7e3d04c9c9520f468ca4d405d82c8782a8d69 6170e2b2d873f78aa1a5f2076d0069bd6630534c6e0f36bb572ed4712cc12e05fda0ae9ce68477bf9a1e732d9fbe30ed
CLIENT_HANDSHAKE_TRAFFIC_SECRET 70bd126f83659be3404b297ff6f7e3d04c9c9520f468ca4d405d82c8782a8d69 75324bef14eaeefad3a51978843649f3351a6fa04a06d341dc10f86495c6e0bcf54d5de54ddc63fdef34e8e675f0ea6d
SERVER_TRAFFIC_SECRET_0 70bd126f83659be3404b297ff6f7e3d04c9c9520f468ca4d405d82c8782a8d69 115b82b4bc7ae2c073cd703da45933723901b456f3b3e4bdc8e85a02e287e62af1ce4aa7358acd3e4ff529b653194929
CLIENT_TRAFFIC_SECRET_0 70bd126f83659be3404b297ff6f7e3d04c9c9520f468ca4d405d82c8782a8d69 500b5b1be502b532d248ec3cd7aea0863ebbf2c04ebbcbe9c9b72a290eb46ee8fd53bb04d14857d232c57ee70d5b84d3
SERVER_HANDSHAKE_TRAFFIC_SECRET 611d758b75aa4b0558625112c1cc48dceac5fb3aae366c484faab2738b6e0d08 ffba6a86a4f4795183ec2fc49d147495055e44c66f6e8fd89ed69fc366f3a1c76d97d640874570a8937f1fbf2e8b4cf6
CLIENT_HANDSHAKE_TRAFFIC_SECRET 611d758b75aa4b0558625112c1cc48dceac5fb3aae366c484faab2738b6e0d08 c0ba9f77f6c6d344658e7ed85d59adc9bf0d6c90fabbcbce723d19d2abcfebd60ab0e3d27f7c287058a46005f28ecb4e
SERVER_TRAFFIC_SECRET_0 611d758b75aa4b0558625112c1cc48dceac5fb3aae366c484faab2738b6e0d08 b33a28f0cd2670177fe1ac968e3adc7c00a0e475470ed064e9460afe8d0715f29e3c9829fabad52bf7367397eaaf26ec
CLIENT_TRAFFIC_SECRET_0 611d758b75aa4b0558625112c1cc48dceac5fb3aae366c484faab2738b6e0d08 f402440abf54db21bd79f1d7985be12991cec5c0bbff5f275691b070a2cc5ea0b1fca53951b6e7e790331cd8e4a5a417
SERVER_HANDSHAKE_TRAFFIC_SECRET 1d924612f09f9211c2c6b0d0f043eaa69a782deb6d5819adf9c5c37d96de14ec 645999371d599a9e9bfe13d1e53d488a7045b8c83937f0f1198f52af8a0085fb5339e7db6e62692e55d50eafd8a39822
CLIENT_HANDSHAKE_TRAFFIC_SECRET 1d924612f09f9211c2c6b0d0f043eaa69a782deb6d5819adf9c5c37d96de14ec cd46faf74beac2da8dcaae9dcf56e2ada68e5b356f9620a356ff7599979808ab46dd5f7f9ed89034a783eaa64b6851d2
SERVER_TRAFFIC_SECRET_0 1d924612f09f9211c2c6b0d0f043eaa69a782deb6d5819adf9c5c37d96de14ec cf8f1fc9934cff1ebc484598e5d437d74f91383cb2a3e78ca5fea8fc1e8f4827bf3260e3ef2281a700c74aae12950186
CLIENT_TRAFFIC_SECRET_0 1d924612f09f9211c2c6b0d0f043eaa69a782deb6d5819adf9c5c37d96de14ec e68eee521ffc5dcc78d2e73a8aafc16c064294962f4b8370a9c3606dd1bfc8e3bac95966d7fc166fd3b7f0d86186e7d1
SERVER_HANDSHAKE_TRAFFIC_SECRET baa41bdd3329708f2376e0d983ab86a14980b637599b37091e033ae17bb152ac 7e5d9719c9b8ffee65ff9db3515e5ddbd1cdbb0171a94c3565f5db2b99ae5250bbcef57d60983abee01db1994e8d0100
CLIENT_HANDSHAKE_TRAFFIC_SECRET baa41bdd3329708f2376e0d983ab86a14980b637599b37091e033ae17bb152ac 657709071954d3f656ea58ba80e8974a3e863985a96c23ff9455eb3137c03c21347a22bdab7696be76175e7711472642
SERVER_TRAFFIC_SECRET_0 baa41bdd3329708f2376e0d983ab86a14980b637599b37091e033ae17bb152ac d2b54fe5c2dcb263c8d12468e994cb3f94c62b5058449a5ac56e93bb788be0f64e477a3b25c4313d3eec60ff8e7c9e71
SERVER_HANDSHAKE_TRAFFIC_SECRET 645a35535e0876d1387deb61b57e35dc02ee8ec360bd0a5dca30bd108e7918b9 0335b9ed7211a7b03620091e772f30f81dacdcadfc702516213f9312698c545a57667e3efe4ab73e32b9d972188f4046
CLIENT_HANDSHAKE_TRAFFIC_SECRET 645a35535e0876d1387deb61b57e35dc02ee8ec360bd0a5dca30bd108e7918b9 0287686c79085ea9fd3b7d3f453a5158546069cde4cd69b0a96c50542716d99833530afdf1b580b50097b9051a1e06c1
SERVER_TRAFFIC_SECRET_0 645a35535e0876d1387deb61b57e35dc02ee8ec360bd0a5dca30bd108e7918b9 f1bcb69b51a7ec07b34bbd0848b416b220c406b15806eb099043226b6ecd362e4449e0a289edd2142db64033e24eaeae
CLIENT_TRAFFIC_SECRET_0 645a35535e0876d1387deb61b57e35dc02ee8ec360bd0a5dca30bd108e7918b9 bf5ed3123ee1ac73e462b69a96a945443ab2d289f6f63655bfb5d90b93c990f9dd0a477058d74770f0bc4bcbca21d086
SERVER_HANDSHAKE_TRAFFIC_SECRET 03b92472131180a800054f2082dc7b17321cacd576717410f433b8920ca6b807 d0797ce754229974acea86be5682ee9cfe757cc5f89eab5fa940a2bf42a13d7d104b9ba19eec53caf22d20ed928c8d91
CLIENT_HANDSHAKE_TRAFFIC_SECRET 03b92472131180a800054f2082dc7b17321cacd576717410f433b8920ca6b807 7676b1e4d8cf1ebc3f8761166fccc16b16d3765ac233d80a30368bdd6f6db6d6871cb82a5bf32c291be6311bbd61d123
SERVER_TRAFFIC_SECRET_0 03b92472131180a800054f2082dc7b17321cacd576717410f433b8920ca6b807 444cc191558c1371a955b8496bfda7d2c4e681859147c6af6735d779da9079e07e86a07c73190b8d071f039b31c151a3
CLIENT_TRAFFIC_SECRET_0 03b92472131180a800054f2082dc7b17321cacd576717410f433b8920ca6b807 3dcd61c55d4f3445f9e688fd5b1589e0de8e345f6bab865adbb8199974cf45990272ce81283abd2c55b6968bf53d8252
SERVER_HANDSHAKE_TRAFFIC_SECRET 1e986a313f06676cbc4be1e83ebdef67c14aa50a506bcb221e12f337eac73ae6 422a5ece9b9e069c35fd07d0d0bc38f2b858c07f089fd16ba259f6cce0537a3e84b382a7716867931fc070fb89254bdb
CLIENT_HANDSHAKE_TRAFFIC_SECRET 1e986a313f06676cbc4be1e83ebdef67c14aa50a506bcb221e12f337eac73ae6 4fcf0021f3f629b6b5eae72f4e1d1cc4d72f3521ede6c3e64dd5dda56111edb45e589a29c3715fbfb189c024e5e27eb8
SERVER_TRAFFIC_SECRET_0 1e986a313f06676cbc4be1e83ebdef67c14aa50a506bcb221e12f337eac73ae6 383c590ae56dc08af41288bef3fc41c65933e837c5cbc6851d9a7caf898ffddf1f9c5229516a57cc0a5620cc30d8dbea
CLIENT_TRAFFIC_SECRET_0 1e986a313f06676cbc4be1e83ebdef67c14aa50a506bcb221e12f337eac73ae6 5f099c0bafb945a96de02e83e46cc4140dcd777a465cae2478537929eb2226efec8eaac7fae6ec8d0ba9564b2823254a
SERVER_HANDSHAKE_TRAFFIC_SECRET 256a09c3202096028b5efff4d2977f2302d671d02420221fc630e3964f99ce84 7cbab734eacf584c11fe4bd630bddabf9fa5097b54e0a85e88707e05a594d962684c8e4767be7b0b83a1e5d7ada894f5
CLIENT_HANDSHAKE_TRAFFIC_SECRET 256a09c3202096028b5efff4d2977f2302d671d02420221fc630e3964f99ce84 c1451c4cbef3c28fb7f43192374a64b46eaf30e790734426731a81a2c06005239eed51f6d8ce4c6ede4507d4fdc9eab7
SERVER_TRAFFIC_SECRET_0 256a09c3202096028b5efff4d2977f2302d671d02420221fc630e3964f99ce84 dccfefba2842c70c73c30624d1c3f2035d9ad361da42a404585184992350e703333e3e1ab16cf8cf50f7bdd371628300
CLIENT_TRAFFIC_SECRET_0 256a09c3202096028b5efff4d2977f2302d671d02420221fc630e3964f99ce84 de53deb0abea6e776f7a2f149557f2d4a021603693b520961a5d075aaea08698dcf3445f812d09279aa6c8da497cd924
SERVER_HANDSHAKE_TRAFFIC_SECRET ccc1feb0e52812846e0589b0bf4dae4f62dff13a1c17bbce924b0b7fae5fe36f ff815fed286230969b33445abc9e17fca4768f2d6b93a5080da6ef2bba1807d841df4ebedf6b5a13a5cb3cc026cc116c
CLIENT_HANDSHAKE_TRAFFIC_SECRET ccc1feb0e52812846e0589b0bf4dae4f62dff13a1c17bbce924b0b7fae5fe36f 3b7c64be1024d48070af2e39e1476218d0dfb2c23048ef7f4b218d8abf7cf53c0023a2a840b15d78fc8a52b258b977f1
SERVER_TRAFFIC_SECRET_0 ccc1feb0e52812846e0589b0bf4dae4f62dff13a1c17bbce924b0b7fae5fe36f 8b86a665662acb336fd424eddc7f3d9eb3a31b826908b491ef7ded2369296b082e7a178fcf4896721f79dfb952490138
CLIENT_TRAFFIC_SECRET_0 ccc1feb0e52812846e0589b0bf4dae4f62dff13a1c17bbce924b0b7fae5fe36f abe934f25c3c1179a1a10314beef5792b74dcfff3b5835eb9287f79757e0eb17f1dc944d3abfdf61ebde849cc4f25be7
SERVER_HANDSHAKE_TRAFFIC_SECRET f0e82fd550fe642fa8f8a759a3f4817ad034f5fe26c4783a67dd0f8646cc5d11 c4231d687ff79a132959c4a8c572c835625c8dbf36ece65d0b180e8b1b8ff1c591503234695d5dc49fd44544d8b7a56a
CLIENT_HANDSHAKE_TRAFFIC_SECRET f0e82fd550fe642fa8f8a759a3f4817ad034f5fe26c4783a67dd0f8646cc5d11 c1c7fdd02e852bc8ced39ceee5b02164c345fbb70cadef73572617c1d53b98eb04651d2d2dc0a9c0cc870f17f1e0a8cd
SERVER_TRAFFIC_SECRET_0 f0e82fd550fe642fa8f8a759a3f4817ad034f5fe26c4783a67dd0f8646cc5d11 c852826ae01d9b4e8f4f1d70b9912cbaba1c6ff6f98894f91347d9b751997392d5f670adc79b025581e85c3ad5134533
SERVER_HANDSHAKE_TRAFFIC_SECRET 67c42bb817344e011827cdf08a58371f9dedd91414f13c7ee047074132ab4b93 a8cfebf14f4a0ea110251e9b612185a9c2e0f7fc3831b2e1d34ae91ed95ba6efad687d8f57d3de52d0f8056eb2346ffa
CLIENT_HANDSHAKE_TRAFFIC_SECRET 67c42bb817344e011827cdf08a58371f9dedd91414f13c7ee047074132ab4b93 c65523ac4e2ae7ceb7527f74f2623195c5355563ec61100f4ba51e46e681c0b1464f284ba5af337ab23d2d5aae7b4012
SERVER_TRAFFIC_SECRET_0 67c42bb817344e011827cdf08a58371f9dedd91414f13c7ee047074132ab4b93 1a7c90c02b159d95cffeb06042a1ea1e73bd6638cb251fb1cc8e6f97bdb42b8421400a90aa41abaf538d046f893f4cfb
SERVER_HANDSHAKE_TRAFFIC_SECRET 3e95dcae4137d8fa1728da9d373889fefb906c1e9e6e1267ea6bdd2e5294f9fa 88e00614fb897b7ddfacb7ff460dd9890c5f124f855664f0a93eeda3308b47f76c0ab2e67bf80377e23bf338d3bd9bed
CLIENT_HANDSHAKE_TRAFFIC_SECRET 3e95dcae4137d8fa1728da9d373889fefb906c1e9e6e1267ea6bdd2e5294f9fa 7d64eff3e4196a3a1fc15c7b304ec1d74427068c19d50cd1557bb24c5b8ad9c1eb654f88d3d3e291ba35d57b229fe8dc
SERVER_TRAFFIC_SECRET_0 3e95dcae4137d8fa1728da9d373889fefb906c1e9e6e1267ea6bdd2e5294f9fa fcaeea1fdff1309414cf7f78d87f7dfc52c3182856548fecdd18385b3bb673880a00bc8dde538eedaa5fa78a2caa03ef
CLIENT_TRAFFIC_SECRET_0 3e95dcae4137d8fa1728da9d373889fefb906c1e9e6e1267ea6bdd2e5294f9fa a992a3ea3daad9ee09e9c8a38dd89bd906dab241b4255eb2e57de4ae2ea7bba448eab5b365ea72ecadab5fd5c048693b
SERVER_HANDSHAKE_TRAFFIC_SECRET 20a47b54d6cb36feb2a4fa39ec3f3c193b6a4ef5d35023ce37f17745c29d6047 a3340eabd90f408b90ccb64513f005af542c1708f2ab9827261524bc46a6b8c469daf52ac2ea051bdcc5297193a5c2a3
CLIENT_HANDSHAKE_TRAFFIC_SECRET 20a47b54d6cb36feb2a4fa39ec3f3c193b6a4ef5d35023ce37f17745c29d6047 f0301a714e23682ed11ad3c0faf196fef4a80c33bc66a1b1d59a136cba8e66d48a5b15ec5daacd34200ccac36a3b47eb
SERVER_TRAFFIC_SECRET_0 20a47b54d6cb36feb2a4fa39ec3f3c193b6a4ef5d35023ce37f17745c29d6047 4894190b96a628e2c69afb6780531da0923cc8a6ef8dfd3b4c54670df72c753f990e39323bdf3ae18639a30bd59fa16e
CLIENT_TRAFFIC_SECRET_0 20a47b54d6cb36feb2a4fa39ec3f3c193b6a4ef5d35023ce37f17745c29d6047 fe3bb60304175d3e216f5d449fe9d8d149aaeead1c7ea68a0e028f2b36d4442f1b6d333b23666587554fa93206506b25
SERVER_HANDSHAKE_TRAFFIC_SECRET a1160e439fecbe8e82d7e7dc1b1296e2410d6153713a4052854f12707230ea2a d48e7caf0af4a04bdb1caa0c88a0acc93f1b9eda85113fcfc5db11d791210127e9656cd48c67393a4134856cebf81b9f
CLIENT_HANDSHAKE_TRAFFIC_SECRET a1160e439fecbe8e82d7e7dc1b1296e2410d6153713a4052854f12707230ea2a e9e9bdbd6fa3a3fdeee22ffc6e89e4159665ba84eecb0df7fa300a8320192693e0e0c37898cfcf4c11ada59cdcf39a54
SERVER_TRAFFIC_SECRET_0 a1160e439fecbe8e82d7e7dc1b1296e2410d6153713a4052854f12707230ea2a 1f807595d9351cd5b345ac81c37b156dd2651501e6efb841fc4d22e4ae22f7e2b89f248d4bf805e850098cd243fee099
CLIENT_TRAFFIC_SECRET_0 a1160e439fecbe8e82d7e7dc1b1296e2410d6153713a4052854f12707230ea2a 5bbc6713a8e0900b66dc7ed55a2c84f9d5181a65c0c1efa597a8af6e3cd3a1e6cae68bc70ee388b6477a2a02c87ea0bd
SERVER_HANDSHAKE_TRAFFIC_SECRET 364f56ba471eaba458fa4248bd7f316e7413bf76e42c16ecc8937488caeec1e8 5724bfe6d4b4654ef2e24d19ada37ce8bcf10c6ceb2a8c8638c7c6c0116206608986b46b52102784d16e0df418c892b8
CLIENT_HANDSHAKE_TRAFFIC_SECRET 364f56ba471eaba458fa4248bd7f316e7413bf76e42c16ecc8937488caeec1e8 7c7a4ac832e2f19eba60f8c50c815172a0a5116fc694e680d958848d2751f13f52d18574926ce6afc60923e35582255a
SERVER_TRAFFIC_SECRET_0 364f56ba471eaba458fa4248bd7f316e7413bf76e42c16ecc8937488caeec1e8 6ea3321521806f394dd59855f860d144bd2428f41d319572ec5500365aa053a6d63d9acc1b36e74b2450664050492556
CLIENT_TRAFFIC_SECRET_0 364f56ba471eaba458fa4248bd7f316e7413bf76e42c16ecc8937488caeec1e8 8e8e4324f71100df6dcb721316f453b5f83271cbf5d403809855c5b20d5d1c597d608354633745182a3c81e443b45acc
SERVER_HANDSHAKE_TRAFFIC_SECRET 16af1e27c1623a31cac9b0446783687563c475d15eb423c713e3359720420e83 15f91748d1be5c72398caa7c29cb60cf13959c2adf7084c8abc6cb07ef0a678e54b2c661b9137670ff3dfaca542fd60b
CLIENT_HANDSHAKE_TRAFFIC_SECRET 16af1e27c1623a31cac9b0446783687563c475d15eb423c713e3359720420e83 ad61ab98199389456c1d6ab9de1d3a71896f86509893b7e56e5ca9cab91b75ce076b86d3a9fa456eb7ef56fc887e3ad7
SERVER_TRAFFIC_SECRET_0 16af1e27c1623a31cac9b0446783687563c475d15eb423c713e3359720420e83 24a8e6e66c08b1f75d4bd1c6e5b7489fab719054c04068ff44fa4cf566e3e7d1ec43899fba5b60255c3f97987a6b8a5b
CLIENT_TRAFFIC_SECRET_0 16af1e27c1623a31cac9b0446783687563c475d15eb423c713e3359720420e83 f67b4bf3937c7e949a2ba370fad8fbfaf0aa3112bd9c6c8f7fd7f79409027482ea3ad34a8bc96a5bf5d5f3665a654e93
SERVER_HANDSHAKE_TRAFFIC_SECRET 3c059e9cada93930be9b36b4a80afbfc29b3c74f3c65ca052631057bd693d7b3 28f5ba5a8c58ffaae06a2c067de9e747614ea82c5a0d47cf53ac976a5195d22b44a6fd1d6c79029b72652d5e1031692e
CLIENT_HANDSHAKE_TRAFFIC_SECRET 3c059e9cada93930be9b36b4a80afbfc29b3c74f3c65ca052631057bd693d7b3 fc4640541a72dd98fef7eee69dc33cfbcbaa40c537b5124b36b6098dbd91ae5fa20c04c1a2569471adc937745afb9c66
SERVER_TRAFFIC_SECRET_0 3c059e9cada93930be9b36b4a80afbfc29b3c74f3c65ca052631057bd693d7b3 c817450c2f4442119702f232c0db92cf2d9a6d9e63a74c9aede7471b4a0f9947758ba09d467115b90953f0f1e56bdc0f
CLIENT_TRAFFIC_SECRET_0 3c059e9cada93930be9b36b4a80afbfc29b3c74f3c65ca052631057bd693d7b3 85fa865b748f091ac33aaaa30acc0cf3682b11c9010b32260ed20a52e7393f9ae0a386d264115cc0312d3c82b1f8f35d
SERVER_HANDSHAKE_TRAFFIC_SECRET fbf7e439b6a643436ad9fb14212bde44147497d113c740ee5dca51854111abdc ee15aa8b8cd351c9b1009599138f341b20a22672aee46298fdfab591a3d4ddabf78fe5dc0e30c33152071dde9c837243
CLIENT_HANDSHAKE_TRAFFIC_SECRET fbf7e439b6a643436ad9fb14212bde44147497d113c740ee5dca51854111abdc a4c8785f0ae208efc7e3efcf429421a9ba5a17a8aa95cdf2f6b4ab028039cc9ad7fe23b1db0430224664fa260f6de596
SERVER_TRAFFIC_SECRET_0 fbf7e439b6a643436ad9fb14212bde44147497d113c740ee5dca51854111abdc 6e96a59a007b3b5327990ab85337a9dcb016790f25be5072fb4cd74415002666ffc6b5762583f468f0c224e4f115481d
CLIENT_TRAFFIC_SECRET_0 fbf7e439b6a643436ad9fb14212bde44147497d113c740ee5dca51854111abdc 25f5aaf35989b3e7d2eac905fe8972329f8abfa2cc09bc48915f2981cfd949bada11838dfa7a0311359e4e8c7a068594
SERVER_HANDSHAKE_TRAFFIC_SECRET 847599e5682881bef3d35d3afe9ecb5e95527a6dacf1ef49fbac03c168f066a0 aca734c7fb46232fb79d89e3bfd0cf3db14ac5232e751dcc1770cb685fd87c1fa2a4dc667c2f82ca88dc31f348a4258d
CLIENT_HANDSHAKE_TRAFFIC_SECRET 847599e5682881bef3d35d3afe9ecb5e95527a6dacf1ef49fbac03c168f066a0 9f5886bf3375d08bf0b6addab1ae4620d02fc7c8109226121e4088fd2a5832c73fe571f8789556612e618ffdd91613c5
SERVER_TRAFFIC_SECRET_0 847599e5682881bef3d35d3afe9ecb5e95527a6dacf1ef49fbac03c168f066a0 370e7986f7820aec33979d4d21e5dae770239f978571ed5513097b3ccc4b848a44eeaa811935012106279b1905a1374e
CLIENT_TRAFFIC_SECRET_0 847599e5682881bef3d35d3afe9ecb5e95527a6dacf1ef49fbac03c168f066a0 657605dd608815e689c7a7b5cac0744e26eb9afe335ce3062418673b6c18cfba81adbc4e648dd73b134c78b640dd5176
SERVER_HANDSHAKE_TRAFFIC_SECRET 9b95c6a16b79bfff813ed3c3657a0bf3b7601e557db9ea2b980bcb92420ab65b c84b0bd2164a525993ef1cea800786615166b854e3e9c29646f5d31dbdca93ac53d195765631fd0653826752f9792492
CLIENT_HANDSHAKE_TRAFFIC_SECRET 9b95c6a16b79bfff813ed3c3657a0bf3b7601e557db9ea2b980bcb92420ab65b 8740d90a398c30e8e5e81cbde7b1087b25aecd94119832f2d5dc4755ea82af3def54b663227f40e776d9c7d352244f45
SERVER_TRAFFIC_SECRET_0 9b95c6a16b79bfff813ed3c3657a0bf3b7601e557db9ea2b980bcb92420ab65b b44739067f1a84112f0b0e9bccb884ea4230f5860097591830f7c3d82eb588d7be4854483e33519ff20bc1479d1406cd
CLIENT_TRAFFIC_SECRET_0 9b95c6a16b79bfff813ed3c3657a0bf3b7601e557db9ea2b980bcb92420ab65b 031ee7fb6704f083c76e24f2653d65a45b84df537162fac6a89b8d1ddb3609d0bd62d6e22c5dd749f4eb76cb965a4ca8
SERVER_HANDSHAKE_TRAFFIC_SECRET 2733e43a8f11446fe9e7a4c2d212fabc6726a0a75c5bf7ccfe4f03c68d00b1ad 49cc7276ee8523a1ac9e6ab2b1232c10b8bf8274f0ef86cf9bb1f0b31623b0ff694a0d36202f2a1f6fe5ce2cdf65d562
CLIENT_HANDSHAKE_TRAFFIC_SECRET 2733e43a8f11446fe9e7a4c2d212fabc6726a0a75c5bf7ccfe4f03c68d00b1ad b05059337859741a44f4274b67249b67b21b6f47787dedecf3bdcb953196c1ad45abdde64233e0ed101481f8503e3fa4
SERVER_TRAFFIC_SECRET_0 2733e43a8f11446fe9e7a4c2d212fabc6726a0a75c5bf7ccfe4f03c68d00b1ad 866ae9330cf70d6957b91c3af459a5f6176cd144cb55d95e7adc09c8a01d42b610ba8e12690bbd402968ed393a33fe43
CLIENT_TRAFFIC_SECRET_0 2733e43a8f11446fe9e7a4c2d212fabc6726a0a75c5bf7ccfe4f03c68d00b1ad c7622c0139c6e3c0f310ce37930157ab966b8a7f1986a2897a89c062d7fda49cde0730fc02c1b2795358136abd37cb5a
SERVER_HANDSHAKE_TRAFFIC_SECRET 801a1412d6f5b1e718f6e8a5ad1af51895bc4525e0e28db3032117b9d17d0e63 dc34e7b8a5f5e0498ee21c11a4fd6c175e8d9bc36b48d9bbab668345e29848be24872ac50c3d338e75f3a4e26d6eef15
CLIENT_HANDSHAKE_TRAFFIC_SECRET 801a1412d6f5b1e718f6e8a5ad1af51895bc4525e0e28db3032117b9d17d0e63 7c1250684890b58e7f42fdd94afe27f306494f6791ee2308982774b7fd8b5f786d560754ded650b8a7659fad37c7ee3d
SERVER_TRAFFIC_SECRET_0 801a1412d6f5b1e718f6e8a5ad1af51895bc4525e0e28db3032117b9d17d0e63 d41e59a8a30a608222142321467a18555df048c17e00e3f014f7a23e415035133dcc292c3b9c56d614cf8cd6c767bb8f
CLIENT_TRAFFIC_SECRET_0 801a1412d6f5b1e718f6e8a5ad1af51895bc4525e0e28db3032117b9d17d0e63 73577c1fa8a37b44f8d0c91da2a59fb2614e65b0304368eed7349e59e5b2f0ec486255c65ef70da6476d3c2019ccfa8b
SERVER_HANDSHAKE_TRAFFIC_SECRET 6a3854f324d7ad79218567f6f71f698c3b7bf23c407bdfb9523a50a17cf0de94 46e86a797375c2a2d2399e6e3c2fd9360d3f87f94df7ee78698ee46a44af7efba70810d61e2b12b3d10fd8024167e580
CLIENT_HANDSHAKE_TRAFFIC_SECRET 6a3854f324d7ad79218567f6f71f698c3b7bf23c407bdfb9523a50a17cf0de94 8b4fff4245d9e89223f5b071e98910fb5962e45dd54a2dc9de7e18983f902d4034026869853303cad611db65dbf1127c
SERVER_TRAFFIC_SECRET_0 6a3854f324d7ad79218567f6f71f698c3b7bf23c407bdfb9523a50a17cf0de94 f2a950e2a2c7925d4086b51f6b6754b02831b7f96ffdb816ffdeaf9463f05d1685872617b13ef014f5f262d6e54eb814
CLIENT_TRAFFIC_SECRET_0 6a3854f324d7ad79218567f6f71f698c3b7bf23c407bdfb9523a50a17cf0de94 5d7537f5ae30b3dcc2afd8ec4e09f4b8c02fbc83f8f7e4afde4142ed4bbc02a479ac76e602c77219d97d2bcddcb96f80
SERVER_HANDSHAKE_TRAFFIC_SECRET 3f19e3f182b6266f00f28ad03481ce862a88709d8ee1ace58cb048644c27b1b4 6116d226c6fc07e93dbffddf50c805ce71ece1e7c3b2d9096f656572148b864735f5e27f22b96d88894a040e6b1b7281
CLIENT_HANDSHAKE_TRAFFIC_SECRET 3f19e3f182b6266f00f28ad03481ce862a88709d8ee1ace58cb048644c27b1b4 033dec016331b5eaa064c7fd0890755c7dafd3005c98d080838fb36705eeab4e92b16f6c108db09026f4c3d04763378c
SERVER_TRAFFIC_SECRET_0 3f19e3f182b6266f00f28ad03481ce862a88709d8ee1ace58cb048644c27b1b4 198b8776663738dedbbf3dd750ef1bb9c37e36a3f8609c6aa699e9dd7f44b8328ae770ae78f0568e222cbbf0abfc7d30
CLIENT_TRAFFIC_SECRET_0 3f19e3f182b6266f00f28ad03481ce862a88709d8ee1ace58cb048644c27b1b4 f599080f10d375cf9f16d18745b9c3b6c992a0d42ab81624160ecd06fce3638c5a4a4654d9570d53e53a72b9c3012f1e
SERVER_HANDSHAKE_TRAFFIC_SECRET 451ad7ee0cd7b9b33066df9b4ea6b79a114bd2e0ae4a822e8ef9bd0af02a893b bb77e1f51bcd3e60d01d1ade762baec066932fa8eab4bbfed609937c5ad07ac3e371f85b9346c25b4fbe0403c21f32d1
CLIENT_HANDSHAKE_TRAFFIC_SECRET 451ad7ee0cd7b9b33066df9b4ea6b79a114bd2e0ae4a822e8ef9bd0af02a893b 172dc391f9545e3fa9a49c61216ca6ef533cf6fc5a0577d1b8fc17bf4154888c2953b178927ed1b4f0f1ca811ce69285
SERVER_TRAFFIC_SECRET_0 451ad7ee0cd7b9b33066df9b4ea6b79a114bd2e0ae4a822e8ef9bd0af02a893b d30dbe27147c8ac3bdf4ad63b3eb6d6cfc2679e7a047fee7b51c8dc117fbb424e89f7393837f69ed22e0e663d908c208
CLIENT_TRAFFIC_SECRET_0 451ad7ee0cd7b9b33066df9b4ea6b79a114bd2e0ae4a822e8ef9bd0af02a893b c9afdd90f746a2d1edd37d29648ac30b5d48e7f9e89ae80ad5c22fd464fffa95b28ea26545c1d42dd01c664d23382ea9
SERVER_HANDSHAKE_TRAFFIC_SECRET 17d222dd78d5f2e082b15c6e34bc2e7c795dfdfbf0ff1a938c08a5cc85dd27f1 fd4c3f19db0e64ee7f62be5cc1f861aeb6b0b27d8f9c1eda2f42db30cbca138f55a5cbe11071e3a3f812c09838a7b87f
CLIENT_HANDSHAKE_TRAFFIC_SECRET 17d222dd78d5f2e082b15c6e34bc2e7c795dfdfbf0ff1a938c08a5cc85dd27f1 f691687f2960605dbb44b8e1839f078c17e74839729523914041f05619fb12d568e94c24a98ed86239fff4e52dd1461a
SERVER_TRAFFIC_SECRET_0 17d222dd78d5f2e082b15c6e34bc2e7c795dfdfbf0ff1a938c08a5cc85dd27f1 2a4ef2cee41c1427338684da1cfbf685611c105ac686893bcd32d822eddc476a22e773413a10a5a218c67a53d2508c02
CLIENT_TRAFFIC_SECRET_0 17d222dd78d5f2e082b15c6e34bc2e7c795dfdfbf0ff1a938c08a5cc85dd27f1 33d6d69dbd33e8c0bad7f6b7e2aaed43f2e0bce7015ad45adff2c5c308655a0459e0dec6440d9806614ef67a6e19b8f2
SERVER_HANDSHAKE_TRAFFIC_SECRET 46519ad49ed0e409517ad5777a1fe5063c6224ef5dc04e0792b23ead5dbe1e44 f7d5b10ab6cb25293bcac58bc4eb1b14493bfb05bfc3a12f0b9a23c40f6ebb923c8aa7a871e7feb3ce43eaba232a6ddc
CLIENT_HANDSHAKE_TRAFFIC_SECRET 46519ad49ed0e409517ad5777a1fe5063c6224ef5dc04e0792b23ead5dbe1e44 d53f3b5a56f35e5b66002e8eb6407438088996b248c5578ca36d3475089b3f07e1094bba46d0d69d267565ae0fb48857
SERVER_TRAFFIC_SECRET_0 46519ad49ed0e409517ad5777a1fe5063c6224ef5dc04e0792b23ead5dbe1e44 9f974bbf58dc2cb93dd3b7c3e88c7ef99518f6bdc43acbe81b3439d1b1b80c6d867f1dc981ecc6f69a8eb4556629078f
CLIENT_TRAFFIC_SECRET_0 46519ad49ed0e409517ad5777a1fe5063c6224ef5dc04e0792b23ead5dbe1e44 461fba02b46db8eb3907ae7d798a3b7a247c81a887e97784b14441d0c4b89025d5d4a60540020f5a2edc0c1a36b57fb8
SERVER_HANDSHAKE_TRAFFIC_SECRET b5b7a152a820e5cbb287d5ba4af65be8624b118c959ba25eeda1d319031744a4 5a51992b91a8bd45570c72196793720f7c46c53d07426f3ac177e3b23513c2d31af526754fbe68e258bc5df2936b2be3
CLIENT_HANDSHAKE_TRAFFIC_SECRET b5b7a152a820e5cbb287d5ba4af65be8624b118c959ba25eeda1d319031744a4 f2077c1667f864502ee2f2ef554922a0735de004ac4013a9e68e4deb0ab4e0460b83e4629e6a2e85389760aa7f257a74
SERVER_TRAFFIC_SECRET_0 b5b7a152a820e5cbb287d5ba4af65be8624b118c959ba25eeda1d319031744a4 15b786d4ba97de844e98e3be79a21e3451bf3b3c2e25c5c181f88af6467160b9e4349981fb5c25e54786048945de1365
CLIENT_TRAFFIC_SECRET_0 b5b7a152a820e5cbb287d5ba4af65be8624b118c959ba25eeda1d319031744a4 e90803da398799848091a4f6e24b0761b3479347dfd71e013e102f8f9b47a0febdea95ceb4f6075187b138f201e381a4
SERVER_HANDSHAKE_TRAFFIC_SECRET c65fd18260abac1a17b7000e0cf0111ac605b9f8eb96ea12d9bf70c35c0e7256 6547b1fda0b81b965c022d66fd0fdbc5ec452099f9210bee7e2266c8ed8b76c7910cfc05f858e0b69005ec7d69040786
CLIENT_HANDSHAKE_TRAFFIC_SECRET c65fd18260abac1a17b7000e0cf0111ac605b9f8eb96ea12d9bf70c35c0e7256 8b2c1d52fd64739c2bce199b7adbf86b510583b38bdaf1291feb11c58ab90d1ef211d807e8a15c5b10e06e5afb8d262a
SERVER_TRAFFIC_SECRET_0 c65fd18260abac1a17b7000e0cf0111ac605b9f8eb96ea12d9bf70c35c0e7256 519e0bfbe008b4a886be94a36b935b20de3c31fb3340dabf51d6d248eb9a8329295a5305d839774788070135cefc761e
CLIENT_TRAFFIC_SECRET_0 c65fd18260abac1a17b7000e0cf0111ac605b9f8eb96ea12d9bf70c35c0e7256 1a52993c54d7f283feefb5f802fbed3f82939e4a4ed7ee41347d4cf88ca10b581af07f7252e7a6185cb216f5c35b68f4
SERVER_HANDSHAKE_TRAFFIC_SECRET cbee76e1cf6c0ee9019e3db03be3f0aeff8fe5459ec89d95345e8f5b616cd4e5 6c1fabd63e341aaa2270f7aa938170e12e013b8b77fcdd7a97b673c1efc3f3dbbf04d3fcc9058496170cb1f326c853fa
CLIENT_HANDSHAKE_TRAFFIC_SECRET cbee76e1cf6c0ee9019e3db03be3f0aeff8fe5459ec89d95345e8f5b616cd4e5 cfe7c001a1bbc110140417a6dc84332d336b779fffd36499f0d72aa25cb685d1c827491f37643abb210d16ca47e76083
SERVER_TRAFFIC_SECRET_0 cbee76e1cf6c0ee9019e3db03be3f0aeff8fe5459ec89d95345e8f5b616cd4e5 716702d3f6a31bb75ad0dde55bc8c9b0f05e49eaceca2411520d44bc2b00f2032c257c89eff7cd5284b83f3741c8b791
CLIENT_TRAFFIC_SECRET_0 cbee76e1cf6c0ee9019e3db03be3f0aeff8fe5459ec89d95345e8f5b616cd4e5 0365f3bb9964d96c57c720286c9312a6d2f480913272865540881e027b0f6054e071be44eae9e2c9419097ebdd151801
SERVER_HANDSHAKE_TRAFFIC_SECRET 445155fb9885fb61aaca4159a43f308dc3ab0399fd183855096792f4e10769ce 9732fb79ae28bfc1ed591c78603788a9b069115120b540311c009b2651339426337146c50c5b79b120512e50f12e0078
CLIENT_HANDSHAKE_TRAFFIC_SECRET 445155fb9885fb61aaca4159a43f308dc3ab0399fd183855096792f4e10769ce 9df3411dddeab5e4a5056dd8315935fb2a0e9dc65d280982e6b8b437e0edf98ca88ef211e43dc19a522b2bb51878fb74
SERVER_TRAFFIC_SECRET_0 445155fb9885fb61aaca4159a43f308dc3ab0399fd183855096792f4e10769ce 1f873b5883d779129387f49bdc86d55857f0e6941308358ed0867594f37d58079db36add0852f341e86d539051ab9965
CLIENT_TRAFFIC_SECRET_0 445155fb9885fb61aaca4159a43f308dc3ab0399fd183855096792f4e10769ce 3321e06a1b11f51044a2aa9ff083a91ec9c1172fee9eeb0d8e3d4ab7152a1653c29cb199c6235c70f7aa96230c2b5232
SERVER_HANDSHAKE_TRAFFIC_SECRET ec51e888b8e29c435badcc5a0a81e7e4bea549a28c7e77c07d1550c57b9532c0 6d4865728698c84c24c356993e5bdc91ed56f2495cf77e8af75aa599904c88576708710127afb2f7baadd6c3b720dc49
CLIENT_HANDSHAKE_TRAFFIC_SECRET ec51e888b8e29c435badcc5a0a81e7e4bea549a28c7e77c07d1550c57b9532c0 145c381e508ae89808bd65adec08efeca3997a9a72a9fd325139d6a30da0dd7385329d014f8a94bdf9d8ec4ac883bb64
SERVER_TRAFFIC_SECRET_0 ec51e888b8e29c435badcc5a0a81e7e4bea549a28c7e77c07d1550c57b9532c0 1d625eb64f3bf9b8d39748e0745eca6bc1455a0a6dd3dd73d2d829fb059685528af76f183bd90021e9efae6fb12added
CLIENT_TRAFFIC_SECRET_0 ec51e888b8e29c435badcc5a0a81e7e4bea549a28c7e77c07d1550c57b9532c0 dea4b7e77582a0900ff87db812495e4a440900bbc4bdae76de7775b8ee80707dcf891acfd112caf3c88d7a4737200273
SERVER_HANDSHAKE_TRAFFIC_SECRET 91d72184630f6a78f8a2383bd5a7bdc1299db8bb28c543dc0187bfffad6e7049 20f4ac6e51d02977dec0a82f5d990a8d76c07171ae9f8adc52255921eceb8f8ee99dae77d06f9d2985282e87c3e015d4
CLIENT_HANDSHAKE_TRAFFIC_SECRET 91d72184630f6a78f8a2383bd5a7bdc1299db8bb28c543dc0187bfffad6e7049 14a865846ba71e5182530577cebc3cb6bb4f3956cd4b7ca19ffa9abbb4f1235d7209ed6c2f2f4823da67faf4d371a12f
SERVER_TRAFFIC_SECRET_0 91d72184630f6a78f8a2383bd5a7bdc1299db8bb28c543dc0187bfffad6e7049 db00cbf1f38907dfbdfabbaa0f3716323a547356734ecfb70178c712a3ba469cc8fad045f42e51d9fc89409e7c882a00
CLIENT_TRAFFIC_SECRET_0 91d72184630f6a78f8a2383bd5a7bdc1299db8bb28c543dc0187bfffad6e7049 049120e457fe9c8ea117b507ad8e95b27b7ec17eb4b0bed2c8393018c8e572231c237018bc53d35042ce84ae9cdddd55
SERVER_HANDSHAKE_TRAFFIC_SECRET 2bf0f07abde1698639ef21777f11238f8a757856806b53674d56573c627b8273 18abcf66edfe918359e824abbef5be71f25390fed26fa09ec57f71c904bb27c3cd8212738b6210304b11000d753a342b
CLIENT_HANDSHAKE_TRAFFIC_SECRET 2bf0f07abde1698639ef21777f11238f8a757856806b53674d56573c627b8273 b4ca7473ae750800408308ae7000829308f0e34be4de6e7e7d215157d12668315a4199f9775a6c1d423d49ff16a5248e
SERVER_TRAFFIC_SECRET_0 2bf0f07abde1698639ef21777f11238f8a757856806b53674d56573c627b8273 f7e417da395631e6ca0e15abfc6557fb66e9dba0ba5c1e52150ae2869a145f5fecf0cff80b4683b4a5bd37262e0b8b4a
CLIENT_TRAFFIC_SECRET_0 2bf0f07abde1698639ef21777f11238f8a757856806b53674d56573c627b8273 1b05c31f2321b29601779d6aea3b195084404e26947cf8a43b00677e67703db61b57b3f59ba42ebce5fc0169d3a073d2
SERVER_HANDSHAKE_TRAFFIC_SECRET 2a5f480c917cfce2cf2a76b139034a6b98ecc3ef9393ec652795c12fdfade485 a2574efde81c3a0182813bee5156ad35c4a0b92980caf68b5dfd1168c497a04f178a92afcd33fe4abd1652323e06e810
CLIENT_HANDSHAKE_TRAFFIC_SECRET 2a5f480c917cfce2cf2a76b139034a6b98ecc3ef9393ec652795c12fdfade485 bd761c13441a7b23ee7a78e85b76393c5aaa146146684f7c7c39af99479e9a48f38bd98f61dbdff1101818b2a1c4db39
SERVER_TRAFFIC_SECRET_0 2a5f480c917cfce2cf2a76b139034a6b98ecc3ef9393ec652795c12fdfade485 4ee811c037598815d943f8080860dcfde55c1cc43efac5f5506eb1f88f702362d33903a1fa3f553e351130e79adff03f
CLIENT_TRAFFIC_SECRET_0 2a5f480c917cfce2cf2a76b139034a6b98ecc3ef9393ec652795c12fdfade485 3ec832a2b27767b7da9964abed8033f8ff9f96fa04ef963eb38129698fd7de7863c7aa5b30531798a70e210c9bb6e16f
SERVER_HANDSHAKE_TRAFFIC_SECRET 6d4fa28c7d582210c65a6520fc1b92b88b15a24a88c4253ff65b45c37cd62cbf 5d87949d3b5f24027c3166f93966a8d5e3724d7bc9dab3b55e076b2017ca9b3982ddba6f8a23099147cb755f9cf39b76
CLIENT_HANDSHAKE_TRAFFIC_SECRET 6d4fa28c7d582210c65a6520fc1b92b88b15a24a88c4253ff65b45c37cd62cbf 789cce5f8a4e18b6b97f3ef6f2bbe80f9583b0e0af6d1d1d2210f7ae58f3f701a294f1dfaba89cd8ede7ca8644ac3a22
SERVER_TRAFFIC_SECRET_0 6d4fa28c7d582210c65a6520fc1b92b88b15a24a88c4253ff65b45c37cd62cbf 42c151d5dbdf6a7b89ab39623dcb8ec9a125c5b7fbd1cf382fb10d62e34eb6385599903094fb79de3050947da36e4c1d
CLIENT_TRAFFIC_SECRET_0 6d4fa28c7d582210c65a6520fc1b92b88b15a24a88c4253ff65b45c37cd62cbf 8fb168475dc230d342a5861b48dce0cc7a742fce11d340ddbcd6cd7e4fc273ebcd7b3b480e8a287698df3b42ee41d749
SERVER_HANDSHAKE_TRAFFIC_SECRET 171ad6f550264d0f6817340cc1e4b0448c80a12357ae2578d5b26644dd3ac0c7 a7c9dc26d277fddcabd1f451399d4d9cd68cec166dfa46d9d6e43453ab3309e99236c7b03a2f86760554003e0dc62942
CLIENT_HANDSHAKE_TRAFFIC_SECRET 171ad6f550264d0f6817340cc1e4b0448c80a12357ae2578d5b26644dd3ac0c7 724e7788fa8e5c31fe15751af6f67c6bc851ed8b12fc70aefcf402975bc4fe49807c9f40c53dc324edaa95fd079bcb6f
SERVER_TRAFFIC_SECRET_0 171ad6f550264d0f6817340cc1e4b0448c80a12357ae2578d5b26644dd3ac0c7 5d1ad3720fa41669f706c77ed69a99d6fb1fba7f099d6cb2f475458aaccd559e0a68cd499f55267a12cce2bcf73db187
CLIENT_TRAFFIC_SECRET_0 171ad6f550264d0f6817340cc1e4b0448c80a12357ae2578d5b26644dd3ac0c7 40cdfc8b066f4aa4033e9f3e26ae77589b0e21b8def82b05942fd2112a10188dbe76e8563610b0389625e5153398a273
SERVER_HANDSHAKE_TRAFFIC_SECRET 7530caf21958aab84c54e0cf3505c0deb87142489fc09d436946f033208fda9a 459581c6a8a6fd37ecabd0cd80456d11e99efb2394e625f3c4e1ba1147473ea1df13ad3eae650b5bb725d726e6e35991
CLIENT_HANDSHAKE_TRAFFIC_SECRET 7530caf21958aab84c54e0cf3505c0deb87142489fc09d436946f033208fda9a f9366a5bf3820240a8d1dbfeefc61fd9f695fc9c324b7ac1ef891068e9b4d36f5bf4b686529a7e0d8e0037e863058881
SERVER_TRAFFIC_SECRET_0 7530caf21958aab84c54e0cf3505c0deb87142489fc09d436946f033208fda9a 4295e6915ae2f13f6f81263d32c84bedfe3150b157faed413f157c54beadbe106c0e963271ea05c125711ed00c0a9a39
CLIENT_TRAFFIC_SECRET_0 7530caf21958aab84c54e0cf3505c0deb87142489fc09d436946f033208fda9a 580794bf54fc8eeaecb1f257f09f24fa725580c4767ea245f35d7e577b5825f72b5be32ee616653179a88dfa7e017a9a
SERVER_HANDSHAKE_TRAFFIC_SECRET 95a12e7c13d93014cff7ea2224c9f326609e06d6c26a603db475bf552a42012e 1ea6cbbabdcd7b95da96ce5f77ebcc5191216896bfc2967c64d2031af0d0e30e7a879ca87f631ee263b1285016e2aa72
CLIENT_HANDSHAKE_TRAFFIC_SECRET 95a12e7c13d93014cff7ea2224c9f326609e06d6c26a603db475bf552a42012e 36a72c2f1197b3415867dc9db170186c3c377ad529bb5d2823aea63f80ff66e92ecdc63f9064a45ff1166a39963c4109
SERVER_TRAFFIC_SECRET_0 95a12e7c13d93014cff7ea2224c9f326609e06d6c26a603db475bf552a42012e 9241ca1cfccb579b98395153f90a39c0dcbb9d5f7583e04d7822b776bb2cd22e3f4cffaee35c1c182eaa7583bdfbca52
CLIENT_TRAFFIC_SECRET_0 95a12e7c13d93014cff7ea2224c9f326609e06d6c26a603db475bf552a42012e fc1142fd85a4011f272faee332651f909d51bc9f4d6f474c1119732ea7900ea2a84f2a5d707f713e2b1fc91408f48e53
SERVER_HANDSHAKE_TRAFFIC_SECRET 0d05ccfc26874ae5e4a4782ac16ada76a9319b6a61d5124aeeadaed9429195d9 3e30e90fb79c5f600f14071dead54039bc126e1c32ebdb49a8169e7040b45fe0383d7a92ebea6223b0400b8cb58b2692
CLIENT_HANDSHAKE_TRAFFIC_SECRET 0d05ccfc26874ae5e4a4782ac16ada76a9319b6a61d5124aeeadaed9429195d9 e16a1d34b833448e50eb4cf3ecac147332647d713c4b687d0b7bdc54b1825d73099b7c9696aa25caee8d9f3986f4f04b
SERVER_TRAFFIC_SECRET_0 0d05ccfc26874ae5e4a4782ac16ada76a9319b6a61d5124aeeadaed9429195d9 9d486b9c971b955613a4d9e7fb72521d24fc050366bc82d7ef891c6b8255794b7f0cc19ea3a3275e199ff255d3b44851
CLIENT_TRAFFIC_SECRET_0 0d05ccfc26874ae5e4a4782ac16ada76a9319b6a61d5124aeeadaed9429195d9 129a392ac9a41cede0fc598d742f211638356f531ff6c30b792801eed238ec53a1ba90b6fa13ac55ce0ec64ee0d61e18
SERVER_HANDSHAKE_TRAFFIC_SECRET 72287a9e0e7354d44dad382c7d6a5daf6ac5e66b506bdbc440662dc0ec63e13a a2b83fff064ee36ab71c5bd9a092f4424ad37d6c3c79738038170f9d29c10d7d77295094f31079c93d53190978e1ed47
CLIENT_HANDSHAKE_TRAFFIC_SECRET 72287a9e0e7354d44dad382c7d6a5daf6ac5e66b506bdbc440662dc0ec63e13a 43e19d04de53c66263308574f440ef70725713b532a66d89de5ad57f06c47cd349caa54ff8cba758c2377f0557bd1815
SERVER_TRAFFIC_SECRET_0 72287a9e0e7354d44dad382c7d6a5daf6ac5e66b506bdbc440662dc0ec63e13a ec2e883a4a7c758a34351f6e8d5c1f4978f5572e632f20d9269767d2d5f98f2a0b1daf93b664e0cd38a1d1f329dd8ec7
CLIENT_TRAFFIC_SECRET_0 72287a9e0e7354d44dad382c7d6a5daf6ac5e66b506bdbc440662dc0ec63e13a d038ee1284172ebb528e4d3a4beef8589fbff35ac777ca48466152bb5f83a18d1c3f8108219a6a5ab98224166a2caf10
SERVER_HANDSHAKE_TRAFFIC_SECRET e79eca4230e116108882384767f663c91e92ea57bd07cf6ff49d2e1b2114c1bf d8fc70ed48b7291c9a14765c4a8c5375bfc409cd4667c7a648ef7e5a142eaec915030d0bcc16742f934eabaa202c84fb
CLIENT_HANDSHAKE_TRAFFIC_SECRET e79eca4230e116108882384767f663c91e92ea57bd07cf6ff49d2e1b2114c1bf 534aa9665d8d02ada6419f66098a0ea5abef3801fb2ec6570372c62fda75c8a242f90b159d3e489d49bb67d0344c73d1
SERVER_TRAFFIC_SECRET_0 e79eca4230e116108882384767f663c91e92ea57bd07cf6ff49d2e1b2114c1bf 40e15aa56cb46118192fbe2de990c7e2a38b9fab5c47b3091cd108fbdde883c64194fac3fd94a9b8d30de1cd3827b59a
CLIENT_TRAFFIC_SECRET_0 e79eca4230e116108882384767f663c91e92ea57bd07cf6ff49d2e1b2114c1bf da8ff43271bc64ef63215b96802458dbad881e62447bc16301282ccb4e71912f562f022eae64f80e914fb3cb28f25d24
SERVER_HANDSHAKE_TRAFFIC_SECRET 4ad1185eb4e844c21595afd329d949d40e232e8555c81f9784ce13f191ba3adf 8bc9e65fb86246496c1cfa7b792cdbe8135adce8ff2d41df2468a9c1ec167e1e375a74ff52afe9febb6b28c236dc75dc
CLIENT_HANDSHAKE_TRAFFIC_SECRET 4ad1185eb4e844c21595afd329d949d40e232e8555c81f9784ce13f191ba3adf dbe001869c073251dba7d5824264b93119358771a5367e1a3f4afbcf5b499e799c2758a02990ca058cccc399683c517b
SERVER_TRAFFIC_SECRET_0 4ad1185eb4e844c21595afd329d949d40e232e8555c81f9784ce13f191ba3adf ef2a3059d253bb4e0af078f5ab464e96df6408505dd2c09b7b7ddf9a966194c4e470fca98f7cc310deb3a8b4ed903947
CLIENT_TRAFFIC_SECRET_0 4ad1185eb4e844c21595afd329d949d40e232e8555c81f9784ce13f191ba3adf a91623dd180237b9e8548ded1c099814dc830c1d9a7fe5c1e7478364c3af84dc4ababa66ce46cddc05c81c92de622bc4
SERVER_HANDSHAKE_TRAFFIC_SECRET 2e3cf658f2cc7c495d0a670ec6545295d750372f27b5541649d8a871d422d0dc 30b7de8d72e021d0a6ba7cf05f6616576a7684375464964fd0a0a02aed79491c541f4f4f83cbbead3c408a5a09cf0fdb
CLIENT_HANDSHAKE_TRAFFIC_SECRET 2e3cf658f2cc7c495d0a670ec6545295d750372f27b5541649d8a871d422d0dc f3c5c524308320af07d167cbfa0b237c60270076b23d548c4995278b6a1f85d4c685cb38a0d76c7133932cce9b611dcb
SERVER_TRAFFIC_SECRET_0 2e3cf658f2cc7c495d0a670ec6545295d750372f27b5541649d8a871d422d0dc 1bafba4cf1967761097893631f0391037f7c5e6e995b24968b2c6db17745e6da2ad274712bbbcf1aa89fb75f1c790534
CLIENT_TRAFFIC_SECRET_0 2e3cf658f2cc7c495d0a670ec6545295d750372f27b5541649d8a871d422d0dc 7432803e68e1f389ae63cf650d706524f8015919da6f9c23b560f969bb24fa517d2bbbb1309c1ab728e38fd61ab36751
SERVER_HANDSHAKE_TRAFFIC_SECRET a6e46d175453a67a8fb668704a3bfbb6d8800a32e207b3d3b548fc9c7fb9ea46 2af275ada817898142ea6fec80d37a2b522f1486d44daf5d80c44638d5fcb6cf18bf043d387edf206590c33608ed6427
CLIENT_HANDSHAKE_TRAFFIC_SECRET a6e46d175453a67a8fb668704a3bfbb6d8800a32e207b3d3b548fc9c7fb9ea46 e8c3a5ba32408d5d61bffde59ed96a6021a49248838c5fe939a46e13820facb0f9fb2c19b249eb88778788e3f66153ad
SERVER_TRAFFIC_SECRET_0 a6e46d175453a67a8fb668704a3bfbb6d8800a32e207b3d3b548fc9c7fb9ea46 31bed0c7332620b7f060d7a27f5c1a60380b6e4413e478a33a8fce9737f3f825385259d088f4d759598b1bc0c41755af
CLIENT_TRAFFIC_SECRET_0 a6e46d175453a67a8fb668704a3bfbb6d8800a32e207b3d3b548fc9c7fb9ea46 071197dcbe91b5fb4798e4d5591e53497623a132d08a791892537199966f54750322bc4d373a47061ce51b4f0477fac0
SERVER_HANDSHAKE_TRAFFIC_SECRET ae6adca0486c9665baee107aecfcf2013cb8f66defa765608ed1fd138cf01b2d de373d89cceb929decdaf68164211b2ef731e2115148481943d452b1ee18765b4427b58fa3856a35d21b289a4c892022
CLIENT_HANDSHAKE_TRAFFIC_SECRET ae6adca0486c9665baee107aecfcf2013cb8f66defa765608ed1fd138cf01b2d 6f8a4c97fa47d96f0b74abffa5d23ad0c44971e2587d0fe194f5b3d967510f188710be99a2398693967c358996c1518c
SERVER_TRAFFIC_SECRET_0 ae6adca0486c9665baee107aecfcf2013cb8f66defa765608ed1fd138cf01b2d 099af014436c39bda42574e64fa47858d94338cccffc2589870577a4ce228b690cd9a58afc273c21e2e9e84efaa0c4ed
CLIENT_TRAFFIC_SECRET_0 ae6adca0486c9665baee107aecfcf2013cb8f66defa765608ed1fd138cf01b2d adfb720d20e0b27b3a9b41ba8884fef9866754f62746e2bebc1e624744ecdd0c017dd8fc1b5e139e799f91b0aeb0eaac
SERVER_HANDSHAKE_TRAFFIC_SECRET 67c37949e897353615e2f769d1c58a87a565d1322f223d675914b19dbee20b3e 05f64a79b0f12c75985b82b7e9899add245d6fcf22c06741a63193684bac8fa122ecb1d0418352594b79e2d4de5a0441
CLIENT_HANDSHAKE_TRAFFIC_SECRET 67c37949e897353615e2f769d1c58a87a565d1322f223d675914b19dbee20b3e 95750329f8c5215a47daa35b9bd2ce6591da31f0b5fd769a5133141453fdb7ee21e4ba83e2804be9fe647b796e55ef21
SERVER_TRAFFIC_SECRET_0 67c37949e897353615e2f769d1c58a87a565d1322f223d675914b19dbee20b3e e98e9b08792909651808cf5cb1b1a7db23138b86c3afb14c2b04b5fdfa573b2a8ba7d3bf19c47593a64bd22b8c7ea219
CLIENT_TRAFFIC_SECRET_0 67c37949e897353615e2f769d1c58a87a565d1322f223d675914b19dbee20b3e 123c88b7169c9dd6c6401be2ec2da91fafa76df6eb099a5d23e47e102b41bf032b5c09aa10b85291de849081cf166d31
SERVER_HANDSHAKE_TRAFFIC_SECRET 7de7e7214947eccf396c7189bfa8809786365269ec47788a2481e709f47c7b0f 69192f4bb7b3c89fa6f2b809157fabb966703bd80eeedf3980ce2e30b42f0fb5eac91736c6a7a06ad3cb60d6d86aa428
CLIENT_HANDSHAKE_TRAFFIC_SECRET 7de7e7214947eccf396c7189bfa8809786365269ec47788a2481e709f47c7b0f 934ff3ee1d46392bc7ac2fff82ed4d1a3b8c90c983990ed277e1c9e33c001d234c38f40394045c2cf200c937d7beaf8f
SERVER_TRAFFIC_SECRET_0 7de7e7214947eccf396c7189bfa8809786365269ec47788a2481e709f47c7b0f a398c78525c6668d6c2e886b6a521de2d91e6f2a8ae0b2940a141877c79bcae016fdb85b15e576aff115d0ff09583e87
CLIENT_TRAFFIC_SECRET_0 7de7e7214947eccf396c7189bfa8809786365269ec47788a2481e709f47c7b0f 84ad0bc9412ffec937019db3d08ffe4f38bf082ace7a7de73593930e04cf508f55eb4e53f792b011526257cc4c47a92d
SERVER_HANDSHAKE_TRAFFIC_SECRET 5b9b9ed9d40f26ea6f417605b1d13023507eb085231c633b21503b609bf4a132 57de123fa6375f78ad8881e9d70ad7d50a709b50afe7336d299821084caceb6bae0a55024a9e764acaf546997418eea1
CLIENT_HANDSHAKE_TRAFFIC_SECRET 5b9b9ed9d40f26ea6f417605b1d13023507eb085231c633b21503b609bf4a132 e1680b9f18f7e07c753ac1950f3f00ed033be908472bcd78de2231cbbfd4b03f0d22127ccf7e6e6033595e21340bc952
SERVER_TRAFFIC_SECRET_0 5b9b9ed9d40f26ea6f417605b1d13023507eb085231c633b21503b609bf4a132 6cdb7fbcbf4fa244cbda2f97cb1677b47e964828fe9dd6cb66006561557245e728cfe22b523bba5edb51d4d1ebecb384
CLIENT_TRAFFIC_SECRET_0 5b9b9ed9d40f26ea6f417605b1d13023507eb085231c633b21503b609bf4a132 d2fed30c8d504533f1435d42f4b8ec5bb31235c90f819df17311accd0029d362f918c1356eea85edbbe6a7005db39420
SERVER_HANDSHAKE_TRAFFIC_SECRET b450f84595beecd573a6836c7c3d79a8ed0515fab50f8bf7820b14222d0cbc34 b2448243b56c23746a988485725b7bb94a6af370982a23afbc971e70e401ac780db811efb93f5c7bf1b5aaba829b7038
CLIENT_HANDSHAKE_TRAFFIC_SECRET b450f84595beecd573a6836c7c3d79a8ed0515fab50f8bf7820b14222d0cbc34 5698ee0140b9f94132317aed34ee0618adc57e76158123193782155ff87f2be1b257d9136d69af525f6dda39234277cd
SERVER_TRAFFIC_SECRET_0 b450f84595beecd573a6836c7c3d79a8ed0515fab50f8bf7820b14222d0cbc34 568e608b1eabf3f4b9ab426a4e1a8293d4035a1306757b58c676c03840d59ba0de5d9db45bf4e5b9286d94d821b38578
CLIENT_TRAFFIC_SECRET_0 b450f84595beecd573a6836c7c3d79a8ed0515fab50f8bf7820b14222d0cbc34 f1fca7baaf8a8bef50c1fdfe7e01ee920c5859128a55f7f5338d76e97dd0b1b8a6091c350701f24542803806818fa6dd
SERVER_HANDSHAKE_TRAFFIC_SECRET 8ac7aa99437f28367aa7c9eddaf009aad77557dc83b17a5db9ec69e24b8dd72b e07860d6f3bb639b8bf605b43d40d638e0010e7aee73febf2cf460b91055de3599e205840f81ad452904fbf018b5b724
CLIENT_HANDSHAKE_TRAFFIC_SECRET 8ac7aa99437f28367aa7c9eddaf009aad77557dc83b17a5db9ec69e24b8dd72b b3e82668dab59ef711cb27ce8cc1eb0ed0a2405eadeec5f7261882073f13885703ab395b03855e24307795f5229f2f3b
SERVER_TRAFFIC_SECRET_0 8ac7aa99437f28367aa7c9eddaf009aad77557dc83b17a5db9ec69e24b8dd72b 4e5fb9e6a9cf1e52277ec4f39b02dc7f43634a798291311431ed53b53a361612eb10a774c85e356e367a59fc548fb9eb
CLIENT_TRAFFIC_SECRET_0 8ac7aa99437f28367aa7c9eddaf009aad77557dc83b17a5db9ec69e24b8dd72b 7a7a616a3c4493f7488396d6191c9c81ce13c44bb3e60e5bb3fad0f466f85f0a06ec3d5fb672a13ce36d90b38e70ed1c
SERVER_HANDSHAKE_TRAFFIC_SECRET 18f7992eb5e9468471832b055a97fac351e94224ab9392c623875ae47d94a7f1 b92cbeee1855854b9f6dde53a6ea2e0d65f1ebc8903194757ba1d2aa3dfb8f61903e96d314e69c0814aaae92e50e100f
CLIENT_HANDSHAKE_TRAFFIC_SECRET 18f7992eb5e9468471832b055a97fac351e94224ab9392c623875ae47d94a7f1 4eb863dc436cc8982419b2759eae0c89f69b355ef5624b2514c96e2f119006706f46ba2414b87363fb3547024369c1d5
SERVER_TRAFFIC_SECRET_0 18f7992eb5e9468471832b055a97fac351e94224ab9392c623875ae47d94a7f1 23f49888f1fd9bab44bea45225c87be148b976ffbac7a15a9a330b8a055b4f1427dc3ab47f7ad212615f77cec545946d
CLIENT_TRAFFIC_SECRET_0 18f7992eb5e9468471832b055a97fac351e94224ab9392c623875ae47d94a7f1 9805b2d031716b73c18f12e220d0c229b4d854958739048097ff123d453b1a8dc2e03eeb9b90806f426ab3a810aaf019
SERVER_HANDSHAKE_TRAFFIC_SECRET f8d39099dbb2214d0b94f2c645d84d66f734714a3c52269fb76fd3f7ef911146 e3ff8263bb221037e572a637865c13967992b997593ff016fa96c7e7fbbac7e6345b4faf5ed37a2df8ad156d597543a8
CLIENT_HANDSHAKE_TRAFFIC_SECRET f8d39099dbb2214d0b94f2c645d84d66f734714a3c52269fb76fd3f7ef911146 833b49a0518e3970283a0497ad4e26f2ff14dead312b2e5545cdeb00201d746c96e1929bf12894c543d680cd2a74c4de
SERVER_TRAFFIC_SECRET_0 f8d39099dbb2214d0b94f2c645d84d66f734714a3c52269fb76fd3f7ef911146 81d9a9782acc7bcf394a0568b7ba5fb55c657f5660cb4c7e72150656770c3c346e0b990571ec18b9b7170d66a8c2f687
CLIENT_TRAFFIC_SECRET_0 f8d39099dbb2214d0b94f2c645d84d66f734714a3c52269fb76fd3f7ef911146 18165b60bee8473bbaff750cd0c563ffacf2886ffc48ad6203611fb54ea9afab13f9d26d0ce556c55fa095918f8744e3
SERVER_HANDSHAKE_TRAFFIC_SECRET 9281749a95f08479a3bf671f49ad064353d77898da4b93683b0bcb06effe3aad ce32edce2443707fbfd6c465c26b8289c8a81767d92ef313f9caee10783355c5b516e6aac0cd7e8cabaa5209dc1955d5
CLIENT_HANDSHAKE_TRAFFIC_SECRET 9281749a95f08479a3bf671f49ad064353d77898da4b93683b0bcb06effe3aad f9990b30213775cde14dab6679bd34ff8fcde3f4b490bbb5b1e894b64931364676c4c1f44f6f20ee46e9b421ce33ffc0
SERVER_TRAFFIC_SECRET_0 9281749a95f08479a3bf671f49ad064353d77898da4b93683b0bcb06effe3aad caf898efeb03adae3801cbf4199145cd6cc334b30ab5702942593eea70c957a27d033ac9ac5c481af74407b68269a260
CLIENT_TRAFFIC_SECRET_0 9281749a95f08479a3bf671f49ad064353d77898da4b93683b0bcb06effe3aad 153b8aa9d57973c8b275f81e14ee66d1d8685374cc0df363a626aef8665d6f265f78e71d4c9ea0767921dd4fc15df194
SERVER_HANDSHAKE_TRAFFIC_SECRET a74c3181207f099e051228486632f76963ba3173e0fe6d18179add97abc487f8 1a2cce55e859cef544c9852dcb08b51c99a23149de56f5d4677f58099fe79bfc1f6d4a0d8b7c0978354cf2248da655d5
CLIENT_HANDSHAKE_TRAFFIC_SECRET a74c3181207f099e051228486632f76963ba3173e0fe6d18179add97abc487f8 8db44623cbbd877a8998f90314d091a3833907558fb20c91d6772abfd49c7fde7eaa1461bbb9be4339981edd9efb953e
SERVER_TRAFFIC_SECRET_0 a74c3181207f099e051228486632f76963ba3173e0fe6d18179add97abc487f8 bf26e495e2dca7815594482ba360177be9691e1bf0e8329d4545b6cff2d4ece69763ba6c11e3ad8dba9518db0348f6ca
CLIENT_TRAFFIC_SECRET_0 a74c3181207f099e051228486632f76963ba3173e0fe6d18179add97abc487f8 5056ba18603f1e199e0089526e2257259a113a943f38de3921b975325addbd6367c30676f5b12beea72ca57b4a68e5a7
SERVER_HANDSHAKE_TRAFFIC_SECRET 9e5416e583c002f106b91242e8b5557b92044c5c39468319cb0d235fb5976843 766d6103aad8e97809a09d846f3ccec3d45fda0ab6776a9687c302c141bee6346d3b11de6a347cccc06dee93d930a06c
CLIENT_HANDSHAKE_TRAFFIC_SECRET 9e5416e583c002f106b91242e8b5557b92044c5c39468319cb0d235fb5976843 ecbd34844ddd9b8e806405d2d9a67e1bb9170ed479aace8ccd7ef14fc53611600ca7b09582d55cdecc450387a78de999
SERVER_TRAFFIC_SECRET_0 9e5416e583c002f106b91242e8b5557b92044c5c39468319cb0d235fb5976843 b9ce4f70516d57ded371f42e906832c13869749aebc253aaefbc8ffa093ad0eccefcefd7e3d8bf3d44c750e2543547c3
CLIENT_TRAFFIC_SECRET_0 9e5416e583c002f106b91242e8b5557b92044c5c39468319cb0d235fb5976843 579a8ffaa1ed7fcf07fe7b3a5b32197b5d26ba6041d2db9cab873b2cdc7a397cab9274bafaebb622116a3eeee590bce8
SERVER_HANDSHAKE_TRAFFIC_SECRET b4da2b93bdda608e87571c0b9633deabf90b864c2a3ff56e6deb02ad97a05fb7 91ebee1712a27b7f5e6015eebbcb94a0893a6b4087e4d17f85549c3bc15ff2fc5ff4435dba541e914f3bce927aff8870
CLIENT_HANDSHAKE_TRAFFIC_SECRET b4da2b93bdda608e87571c0b9633deabf90b864c2a3ff56e6deb02ad97a05fb7 f2ac657deadaa9972abc140fa59d227313d987ad2120656fcf42aa2b849c3410e11f9d0da4cb695dd9097b47e678eea0
SERVER_TRAFFIC_SECRET_0 b4da2b93bdda608e87571c0b9633deabf90b864c2a3ff56e6deb02ad97a05fb7 76ae94e5f20eff5668dcc983de8f492b99411eda13a19a52b48a4f6d36bfb1c6d4b5d780a6f26efc75f646754cf7ebaf
CLIENT_TRAFFIC_SECRET_0 b4da2b93bdda608e87571c0b9633deabf90b864c2a3ff56e6deb02ad97a05fb7 ad1abdda484f975cc58058dfbbe6d4d6d91b91290323836b0591a2cc5697b94c4ff8e6691493bcf2dca08c721c4b1c43
SERVER_HANDSHAKE_TRAFFIC_SECRET 332f1a630091c8f29a70673fe3cffddae3322370a8d72719741477faa629b3a2 4c64d0c646b70fdcdcb7e43d8125a51818f0f2b7fec957286932161b0e0815009235e86f6ed758cb3db818dded83953e
CLIENT_HANDSHAKE_TRAFFIC_SECRET 332f1a630091c8f29a70673fe3cffddae3322370a8d72719741477faa629b3a2 31237307e36e5631f29020b001bfb12abc9386ad5ae0830d495d11d749b570bca72903cd4e21f6f7bde3c062c9939be6
SERVER_TRAFFIC_SECRET_0 332f1a630091c8f29a70673fe3cffddae3322370a8d72719741477faa629b3a2 05bf91a7ba62e47ef7f300128408c0908f2a564bfc76a6ac017b8370e52c3e11543bb964b586744f8479e6e4fd6423d8
CLIENT_TRAFFIC_SECRET_0 332f1a630091c8f29a70673fe3cffddae3322370a8d72719741477faa629b3a2 1b40bb602e95e1f691f92dcd652bf14a75695bd4bd6da1dbfe91841c5de1298154266e9da54053b14005157e81e1f3e0
SERVER_HANDSHAKE_TRAFFIC_SECRET 40051566700221e1a9e14ece9d6e410b3c32d509021fb0613dc4324982d781d0 5980104b589220d14f56bb8618c4e7931ead56971d2dff5f5b166fe02d0ab0031d7093dfb53805dc6526c97bb39c7bb6
CLIENT_HANDSHAKE_TRAFFIC_SECRET 40051566700221e1a9e14ece9d6e410b3c32d509021fb0613dc4324982d781d0 b0c358e640e3d64a11f8eafd3b0956e89836f10f1ef55bbbad0ae31cf717bac7482e5e6dee203b67d46654dc0bef90ce
SERVER_TRAFFIC_SECRET_0 40051566700221e1a9e14ece9d6e410b3c32d509021fb0613dc4324982d781d0 b1491e2efd7b934159e17a1a4c20a7d3e9a4d2cd770f382944acb8079790308a190f455ec9a268d63910cb9e60db337a
CLIENT_TRAFFIC_SECRET_0 40051566700221e1a9e14ece9d6e410b3c32d509021fb0613dc4324982d781d0 6ef3071c66d4fbddc80fba14cd85cebba145066c426892e152851ed56fea9b21e24c9e6693dd9a4186b4ee75b883c3eb
SERVER_HANDSHAKE_TRAFFIC_SECRET 54bdf42b5a77690c4a0b0f4ff7da480566602e5149fe961e589b4122b1b6b28e f36d6d840089ee2efaf2278fccd870fccedaa8d1ce41dfbc27f846652d7355bbcb0e86e1752d34734952c910d199a074
CLIENT_HANDSHAKE_TRAFFIC_SECRET 54bdf42b5a77690c4a0b0f4ff7da480566602e5149fe961e589b4122b1b6b28e 9c594676dbb9dd8d0ed4a4983cae3b615112a3be6763e3d834d0f110557ae02fd09db9873114984905e470a85783e12d
SERVER_TRAFFIC_SECRET_0 54bdf42b5a77690c4a0b0f4ff7da480566602e5149fe961e589b4122b1b6b28e 4aaa5ad4b0df3ec098436d7d98e617bfe65744d7e00927a6a5378259b76140174bb9865edb208b02d647b52866cd25f0
CLIENT_TRAFFIC_SECRET_0 54bdf42b5a77690c4a0b0f4ff7da480566602e5149fe961e589b4122b1b6b28e d9bb10aec51bff2e237b696bbcdb24c50a8093a69914b052d8e19f61f03508dbb6aedb0a83cb87f5ef858c1af4d8fdfe
SERVER_HANDSHAKE_TRAFFIC_SECRET dba266b1c4dcc5b307a2131bf47a5987e03856418addb19790cc8b6badc1906c a25c1d5a3c5a6c912b13fd42dd52e65545a407dda1e4f8f93af6306b60c7f9a0faf19789ea7f98fb012d3143e40d3e60
CLIENT_HANDSHAKE_TRAFFIC_SECRET dba266b1c4dcc5b307a2131bf47a5987e03856418addb19790cc8b6badc1906c 9117c83a3a5cb717a099cee69f300a04b5f0a1641978c48b0ae2eb0af92b0d3d92b325a602de8ee26403cd1370fda3d8
SERVER_TRAFFIC_SECRET_0 dba266b1c4dcc5b307a2131bf47a5987e03856418addb19790cc8b6badc1906c b0447714af255c510300a1dba93e5c77b77b68f710bfe56c15a4dc70756aeea8c79328fe1d48962bfbf4b6125a1d7bc2
CLIENT_TRAFFIC_SECRET_0 dba266b1c4dcc5b307a2131bf47a5987e03856418addb19790cc8b6badc1906c cf9a8a92da403c31545bb85e276ec42960fca2aad3679c95f498bddcd4ee27fd6f50be7e8c0edf5dd8c56d09a70fdb02
SERVER_HANDSHAKE_TRAFFIC_SECRET c216b8f8c0fdf041a94abfd75e81eea99f018bccc9896e0dae4e5d83a91d2a06 c5663144688c8454d01354a2440a83108a569d6ff79e52d8ff8abcce41f82ec570fbc96a45550f5e0687889435a626a8
CLIENT_HANDSHAKE_TRAFFIC_SECRET c216b8f8c0fdf041a94abfd75e81eea99f018bccc9896e0dae4e5d83a91d2a06 a6031dd881889c0552d52c076f26b94b54dab56e4cb78f125e1eb6d65c3ce618d939afb9ff8dc7b83f6de74b4a20c023
SERVER_TRAFFIC_SECRET_0 c216b8f8c0fdf041a94abfd75e81eea99f018bccc9896e0dae4e5d83a91d2a06 bf7583c24ee67ffada54290f4365f94d5e0fe705f4eefb5ae6c198dff7d7013baa582f4106a10af79e73225187a2c5e2
CLIENT_TRAFFIC_SECRET_0 c216b8f8c0fdf041a94abfd75e81eea99f018bccc9896e0dae4e5d83a91d2a06 4c3bd1e1aad3e21a7bbee7f9fa33ec9ed508a7808010a89cf1aad503c5d25dcc3d5efb1d3dbc676ab13452dc0d6cbba7
SERVER_HANDSHAKE_TRAFFIC_SECRET de5919e07a39ccf47ff07b1938a852625c63fd990f1e50287d09ce89032b81de c8f09b8c81677e8f1d77231c7b0a7d5ab52a6fe7f49493b573225ce828afc79fa598725e0f2b111fb14308fc5d6a1e94
CLIENT_HANDSHAKE_TRAFFIC_SECRET de5919e07a39ccf47ff07b1938a852625c63fd990f1e50287d09ce89032b81de 6edcba4946463019daa8a3b68852c21de441f653618a7b2a5b40291c89789caf10f2a6a6152a7d830d90889383eae114
SERVER_TRAFFIC_SECRET_0 de5919e07a39ccf47ff07b1938a852625c63fd990f1e50287d09ce89032b81de 6ffc2fac451dc4041f85f2249b33e34caf9e19be9281ca52cd8cda64c204a924ad72a308df3eb742edf953aaca0b9f83
CLIENT_TRAFFIC_SECRET_0 de5919e07a39ccf47ff07b1938a852625c63fd990f1e50287d09ce89032b81de e99427e40f02ca796e4d1bde72480a4285b7a430442201f2896c5ff4dd24a25a843b38e605527ee491c653a86810de01
SERVER_HANDSHAKE_TRAFFIC_SECRET 97343d1a1b2fa6b6ff3bbaeab30fc2edeaf1efa73d121dc7ebcbeb3e7cf45988 f5eda67436197847d78fdca7b44c2266f050f8269ba6039737f7cf2dbbbf79466006eac1e696f47700ef2cc2f17f2407
CLIENT_HANDSHAKE_TRAFFIC_SECRET 97343d1a1b2fa6b6ff3bbaeab30fc2edeaf1efa73d121dc7ebcbeb3e7cf45988 302791c0d8377be60accda469fd4a49c865a53797c2875b8e4cef3704fc8f6a80cdcbeca5d35ce9178ada4359a0dc8c1
SERVER_TRAFFIC_SECRET_0 97343d1a1b2fa6b6ff3bbaeab30fc2edeaf1efa73d121dc7ebcbeb3e7cf45988 2a72b04e4f585802dad5fc0f7da01aca4baaf87714eb4c9b59cef33ce2d0b9177dd97f681047c499148bcd8dc3ce1c7c
CLIENT_TRAFFIC_SECRET_0 97343d1a1b2fa6b6ff3bbaeab30fc2edeaf1efa73d121dc7ebcbeb3e7cf45988 a029aa1554b40c2ba7bdf62873f50731f158477b90f0c7410a81a3119f98cf0534fd9639dcbc2771ee35e2703265bf2f
SERVER_HANDSHAKE_TRAFFIC_SECRET fae14207825e4255354e1299af09bcccc504f70794bdd9bd322c644296eaf3fa 161882d806128a4c9719b8429befa3df4837bda7a980d7587d944b5f3b17418be3b578c7806f49335f82f61b6be77b14
CLIENT_HANDSHAKE_TRAFFIC_SECRET fae14207825e4255354e1299af09bcccc504f70794bdd9bd322c644296eaf3fa 80ed34006192d5b5ab989dd6e4b0e547d2163d7d1e26eaa7b8f3b803cdb24ea207b657110ec0d2b367370960326d1440
SERVER_TRAFFIC_SECRET_0 fae14207825e4255354e1299af09bcccc504f70794bdd9bd322c644296eaf3fa ee6f67bdaeb7215f81f7ea7d6b50165853805f6d89f1d5519e07cc14b656c7ed1551d31bff90da15a7088921954077dc
CLIENT_TRAFFIC_SECRET_0 fae14207825e4255354e1299af09bcccc504f70794bdd9bd322c644296eaf3fa a14f06b91bf39ab19805c7d75c37e77222369f908477f25ba9df52921a5b59ef234f82bf62bc71ec413c1b1331692f01
SERVER_HANDSHAKE_TRAFFIC_SECRET a63390f627006758066aff6fef6bbba1a4603ab7c2495290fb00807df41487ab 65e4a65be6ad6a8b964b7dada554724224c9b2bf8896af02708d2f486066a1a43c5890a73cafb440894910fab39b4634
CLIENT_HANDSHAKE_TRAFFIC_SECRET a63390f627006758066aff6fef6bbba1a4603ab7c2495290fb00807df41487ab 154f197f456418274305daaa693194ab864c1885b95ecb15d32a4c87227bb3944a1b894a3bd4f430cdc6ba4c28cfb67f
SERVER_TRAFFIC_SECRET_0 a63390f627006758066aff6fef6bbba1a4603ab7c2495290fb00807df41487ab 99ed93c0c4d44b4cfa0ab8132a88777f90fa6792bb8c70484b3c066a93587a49fbdb76100a2cd752b5090e58f4809037
CLIENT_TRAFFIC_SECRET_0 a63390f627006758066aff6fef6bbba1a4603ab7c2495290fb00807df41487ab 65072d9ed16f4bb66022a64fcfe31cf3e63784a436d3aa79ae2b4e0b55663708cb2c5ba2e5bdbbdc27859c453e48e1a9
SERVER_HANDSHAKE_TRAFFIC_SECRET fdc59f4be9ef8a3f65ec61f51c755a14450e691c7588ca9894a5b45a060c1ac8 6bcc89cda754bbb1e2e418b70a8649a81ceed2a55df3c45a9149d428f2bb64fe58201a0b8b3f95c1c5619f4adc56189b
CLIENT_HANDSHAKE_TRAFFIC_SECRET fdc59f4be9ef8a3f65ec61f51c755a14450e691c7588ca9894a5b45a060c1ac8 54ee258db72397c353071b4420bbfd0ac70775343ffa37e37242701678df27e046c4bd95e3c784b889dbb07573fa8960
SERVER_TRAFFIC_SECRET_0 fdc59f4be9ef8a3f65ec61f51c755a14450e691c7588ca9894a5b45a060c1ac8 9854cb043a5d9daba6f2a6bb40a57062654bc0f62d2d4b950e7da09a7d170eec7f6463b66c16b69a69f0d27363530d8b
CLIENT_TRAFFIC_SECRET_0 fdc59f4be9ef8a3f65ec61f51c755a14450e691c7588ca9894a5b45a060c1ac8 95c44c4dabd98eca1bbfb315885cb4e61e9192e7ac0886b9d43365b9153f34fb28b630c4b9369adff7a7bf3730583642
SERVER_HANDSHAKE_TRAFFIC_SECRET c42f45ad87589f9f76319fa7ed8ab3ece149f51f3241cface3e11daac2681617 dbbffd7c63a8a2e3066c42bd0723ca3c9137b26846f75f0e7591ff809528cc57e404e2faec8465283fdfb3c6f0b04167
CLIENT_HANDSHAKE_TRAFFIC_SECRET c42f45ad87589f9f76319fa7ed8ab3ece149f51f3241cface3e11daac2681617 538f8803b70d1898099a256cb5cb5b43356cd8007d46920cfb37ba43c30472dd1542df9edb43c5a207a628951e2a17a1
SERVER_TRAFFIC_SECRET_0 c42f45ad87589f9f76319fa7ed8ab3ece149f51f3241cface3e11daac2681617 3e89725ffda49fa2ff868850e602962b6f61a877f097e0b7330023ef30a254c0357ba1d7bf44845d36f97f30e2f70776
CLIENT_TRAFFIC_SECRET_0 c42f45ad87589f9f76319fa7ed8ab3ece149f51f3241cface3e11daac2681617 67b310fbb91c3c4288556f8c1dc2af51e29f21cb23e2f6cb98bdcb1fd3efe27e8ec191bef007bc4e8eff8d25d97d77be
SERVER_HANDSHAKE_TRAFFIC_SECRET 333cf85667f6ab272cd3fd0051c3c3d63f89895ee390e9ec9933886275d14677 0d7eea4f086398b7fd8ab2c3236344858bba8f84c1d891200362d0a916249d0fc2c1fa02e62a36a81da9448eb0a51fcd
CLIENT_HANDSHAKE_TRAFFIC_SECRET 333cf85667f6ab272cd3fd0051c3c3d63f89895ee390e9ec9933886275d14677 f9cc862791c7c76f199b9ce432918b6dabeeeee6b035cbb18813a6118649c5a0daf3274de9b4e656a148f73c1c11236a
SERVER_TRAFFIC_SECRET_0 333cf85667f6ab272cd3fd0051c3c3d63f89895ee390e9ec9933886275d14677 f4df3f8ad916094d00c2b7308786961da3f32133539e51ad77008bc9919512aceb89019fbd6a2ac8b0eb18f8a8df8391
CLIENT_TRAFFIC_SECRET_0 333cf85667f6ab272cd3fd0051c3c3d63f89895ee390e9ec9933886275d14677 50e2c11d1da99b4af3a09e15dfe554d95c743e9f680caffd07c317398a2134bb1d01a7ff4715f50243004b45bf70d4fc
SERVER_HANDSHAKE_TRAFFIC_SECRET b29845780bea2c68375e724d5a798c6a5953e3a85b10d21f13afe22da844de45 9bee9ece234232c6e1137fc223ddebe25d1b6083f25bb5420bbe04a970679d15c98f991c14934b12d7f4869157c7093a
CLIENT_HANDSHAKE_TRAFFIC_SECRET b29845780bea2c68375e724d5a798c6a5953e3a85b10d21f13afe22da844de45 3ef57c82ee78a347815043709759331b7bdc8248ca105b92601fb3386aa049f34e86343ea0e02d1db11b0a2ceb10e236
SERVER_TRAFFIC_SECRET_0 b29845780bea2c68375e724d5a798c6a5953e3a85b10d21f13afe22da844de45 74fc9954075fcb9971db1dba34e2a3f96e32316d4b62dd7fc313b36ece760a7b33fccdea95c63b69c2fbfbce4a0dbe96
CLIENT_TRAFFIC_SECRET_0 b29845780bea2c68375e724d5a798c6a5953e3a85b10d21f13afe22da844de45 084d4369c58bbfa9a8b268df708a0ce83593e699e232c0580c860fdfd7c1ae388aaaa66ec964680eec466e9471201b87
SERVER_HANDSHAKE_TRAFFIC_SECRET e4284102ea7bd519fefdcb1fca6283c0c95765f56ecc6393917c3bbdf0b5e996 1085982d9f78cce9f64197e7ead3dae25026488037de68e69026f12e569d183efbe7fd58bafb63362ef8e76692b3ae39
CLIENT_HANDSHAKE_TRAFFIC_SECRET e4284102ea7bd519fefdcb1fca6283c0c95765f56ecc6393917c3bbdf0b5e996 6ff5d47abce20f34225b3f1b7f3f100119f03d44030bda82752fc169fb43de73b2e6a3a2c6f7faadb8809de0be7e300a
SERVER_TRAFFIC_SECRET_0 e4284102ea7bd519fefdcb1fca6283c0c95765f56ecc6393917c3bbdf0b5e996 209a6d56a1bdd256c0e5eb73c4d253ad25b40b83dff227c49f60df705b9e70e713960c5145709243b8b38ecb540e62bb
CLIENT_TRAFFIC_SECRET_0 e4284102ea7bd519fefdcb1fca6283c0c95765f56ecc6393917c3bbdf0b5e996 49ce9756c2df9b81eb6a93d4bd711c4783c8b0ff35d8a1bcbadafe3ace74a23c17c66e38153d365a48ceac21257330ba
SERVER_HANDSHAKE_TRAFFIC_SECRET 630a5f93c7a0bb91a8eddfeeafc5359000b8938cabc0f52008cd7d51658e6ae3 c7dbce0996565882be0d09d2669535e6ffe35c56c8236173601b908369d0333b5d1c53320a9c762f510ad349c019d264
CLIENT_HANDSHAKE_TRAFFIC_SECRET 630a5f93c7a0bb91a8eddfeeafc5359000b8938cabc0f52008cd7d51658e6ae3 10177b149551a810b81feb68263f6641e1e73384f00cad39b07bc49d673eccff8b66432b4f4048224ddb68c133be71d4
SERVER_TRAFFIC_SECRET_0 630a5f93c7a0bb91a8eddfeeafc5359000b8938cabc0f52008cd7d51658e6ae3 9c1571bfc419266969dfa526a01949b6d3958a7264aa7835354da97e486c23b05057e2ccc45b56d4e16658b6a45f1bb8
CLIENT_TRAFFIC_SECRET_0 630a5f93c7a0bb91a8eddfeeafc5359000b8938cabc0f52008cd7d51658e6ae3 f2388a1e54024de903eeb0537f788af118f53674087eafe950dc74ccfa2627c5b252461947e53a22342d37d364ae1fc1
SERVER_HANDSHAKE_TRAFFIC_SECRET 21e9ce71b1d34b6cc420c300b55a70531e1e82e32b456b3fd2fa4f7cd672529d 702fa2a24db0c4fc6e251125f0178db6e8da8e4582b8b2c3d0d522f17b05697da585d7f7fd7bcf98f77f5ad1849562d6
CLIENT_HANDSHAKE_TRAFFIC_SECRET 21e9ce71b1d34b6cc420c300b55a70531e1e82e32b456b3fd2fa4f7cd672529d 2327bd1253c796f167e9ea20dd7bebded73ca4236ea610e41d91d580cbd193b3de450dc87f019ce7d8736a0160f9d986
SERVER_TRAFFIC_SECRET_0 21e9ce71b1d34b6cc420c300b55a70531e1e82e32b456b3fd2fa4f7cd672529d 10b3f1bff20315920f60e740ada69497b2e71c7cbffec8d8c90692b2a6aedb6e95c9ea6244ab337ea90fe922359fe101
CLIENT_TRAFFIC_SECRET_0 21e9ce71b1d34b6cc420c300b55a70531e1e82e32b456b3fd2fa4f7cd672529d 98153ac693cb20fe98e3294acaf0e91377271577417ecc49c97321b85066e39175abffa39a70ecb814880e552d5e7d90
SERVER_HANDSHAKE_TRAFFIC_SECRET 7bac09b89496b3d9ffc26ce9ed7c4b582125d07fb3eccee7fccb5e6f1ac055ec b5731faa2926fd5300d98b9405cfdc3f1e0c9241eada51acd1497520765ad004d1a6854a9b9039808bbe1aec8f864a93
CLIENT_HANDSHAKE_TRAFFIC_SECRET 7bac09b89496b3d9ffc26ce9ed7c4b582125d07fb3eccee7fccb5e6f1ac055ec c3131e8c0fcef8aedd7ee683f2f194bb5efb606bb93f2428f10724c1b8449b292d48a85fc54e468063df1f4855b02ae9
SERVER_TRAFFIC_SECRET_0 7bac09b89496b3d9ffc26ce9ed7c4b582125d07fb3eccee7fccb5e6f1ac055ec 5a8df8544a5d86b6f0e1fe6ed36b51681d748c317fff01734ace4095576c25f827d4d906b1f83061fb1c937327df640b
CLIENT_TRAFFIC_SECRET_0 7bac09b89496b3d9ffc26ce9ed7c4b582125d07fb3eccee7fccb5e6f1ac055ec 88a7e3f7796065e0091d87be25bc867584c9fafcd2ccdc3fb0412355492c625bf25f2cc0cd9e7b4f8004df6d407315ef
SERVER_HANDSHAKE_TRAFFIC_SECRET d84ea4fb213990785e3c3056a58b3cdace020b9afde54fed8183f97162636b3b 583040822c1318fc7d53aa09953ff6e89f4e864f1b730bca7652de433d51574bd1493b19c6278ec900e09a1ae9b4afe4
CLIENT_HANDSHAKE_TRAFFIC_SECRET d84ea4fb213990785e3c3056a58b3cdace020b9afde54fed8183f97162636b3b 4ee6f24e3fb3203cbbeb40a1f43f4d0ea1eb9a0daac9b529536bbb6291606797dce21ba188c034f7866f7eedbc740daa
SERVER_TRAFFIC_SECRET_0 d84ea4fb213990785e3c3056a58b3cdace020b9afde54fed8183f97162636b3b 51b1b38a1c53204c416463a52808ea6c59b2d02f0a3bb100e887664a8944157acb597386cddc7444e159d167f9b7039c
CLIENT_TRAFFIC_SECRET_0 d84ea4fb213990785e3c3056a58b3cdace020b9afde54fed8183f97162636b3b 0a92814bbb65bb2e3404f1613770a51e1fae8f54f2b22f8c2f65eed5cd1f4305737a493175a5e0c51155237ed0ca0338
SERVER_HANDSHAKE_TRAFFIC_SECRET 534aa6d7556d81ee6b5677a39425d5a74f76753f7e36680eb97e6041451d3dc4 55d0cccc0258652d1979f1e20e507a3b3b6d706cf0440d0c35c4dd2116b02795cda0349eecf10cb421feb5a3fcaeda36
CLIENT_HANDSHAKE_TRAFFIC_SECRET 534aa6d7556d81ee6b5677a39425d5a74f76753f7e36680eb97e6041451d3dc4 f2125b67dcec5cb756604d4f2ac673cd148eb1938035d6abbb99a130bf5231b079fcad8c1847b7fdd93d411f1f311d90
SERVER_TRAFFIC_SECRET_0 534aa6d7556d81ee6b5677a39425d5a74f76753f7e36680eb97e6041451d3dc4 30c91fdd703eb27a82613cf464b0147fdd7e747462ec8081b01bd9e2b5b66e907f2ecb4254ed3855a4cc203ebb6ccba2
CLIENT_TRAFFIC_SECRET_0 534aa6d7556d81ee6b5677a39425d5a74f76753f7e36680eb97e6041451d3dc4 9fe1c71cfa8b24dc56fed9e747ed8a3302ebd7b30a4c3b3ebc15a3eaa08bbaf58d78449e8d01d0e58daea72edd79bf53
SERVER_HANDSHAKE_TRAFFIC_SECRET ad6af8ec490a935539fefa0ddc4928226dc9d4e8599fccd8505906c7719b9304 53ca6aac32d094587b8c0bb4add9d7cf896e474c2b76fcaaaf4acd79500ef7e1e0955b0f84cc38aebbfd267b22cc2527
CLIENT_HANDSHAKE_TRAFFIC_SECRET ad6af8ec490a935539fefa0ddc4928226dc9d4e8599fccd8505906c7719b9304 ea2034c6f822777b577377642ecee1acbd5433ab711f21a0cb4064d2c33c4b4441b3f4aee7214d6f2ec8588b85a66e08
SERVER_TRAFFIC_SECRET_0 ad6af8ec490a935539fefa0ddc4928226dc9d4e8599fccd8505906c7719b9304 10a9ed5b6ee99f4739dbc142b3b817bf78f2d8884368a03ecd7947a6f1fe2aa280bfda0f79612ad35ff9182478a84cec
CLIENT_TRAFFIC_SECRET_0 ad6af8ec490a935539fefa0ddc4928226dc9d4e8599fccd8505906c7719b9304 f6d1bff75274620d327882a9e38f68911a773c72b3ae7979001749bc1a35c5d99b754ed931d5ae90a112b9ea5bb5d966
SERVER_HANDSHAKE_TRAFFIC_SECRET a817fae3c17646b4a0ec8a87afe75322cabf3258ad676c98438c03df2ba43877 a007d9e4f9b4631b2abc7e5bb2a694afc7501b0a8eb49bf5bb2832fcf2861cc15ba00bc09b3641a5361487766669a644
CLIENT_HANDSHAKE_TRAFFIC_SECRET a817fae3c17646b4a0ec8a87afe75322cabf3258ad676c98438c03df2ba43877 7a28b65afe54d7e43ea297e0475aa209b6af004ce045bc9fcc72a71a3986f4c7048f5e9083e952e255dcc63bb571bf79
SERVER_TRAFFIC_SECRET_0 a817fae3c17646b4a0ec8a87afe75322cabf3258ad676c98438c03df2ba43877 e8800a1a2be3a5a55943241d527475c1668841426a7db187eb1c0c45c1601ecc1e91e8b5646540331a65f40b1ebf206c
CLIENT_TRAFFIC_SECRET_0 a817fae3c17646b4a0ec8a87afe75322cabf3258ad676c98438c03df2ba43877 1588a932ea0a1ac3e528824c9c8f2a37278d96ffa09fb8ca87da5c28b79ccd888a1bf13376b415c762af4c78a7b53730
SERVER_HANDSHAKE_TRAFFIC_SECRET 147ce7077ea5165a5952c57109a3ee2afce1503a6072995dc373231a860d51b4 88dcd6e920305be4be3b8677d444fac1d783ed17cf9e938772e855ddfc336a2643820f8b5297b1ccad260155d64b781f
CLIENT_HANDSHAKE_TRAFFIC_SECRET 147ce7077ea5165a5952c57109a3ee2afce1503a6072995dc373231a860d51b4 56d36faf9f46c5a1dd0cd49d89c28ef4b77c878fd455d2038233a7039c9c338500a31779044cb0ab7f66e1abaf946fe5
SERVER_TRAFFIC_SECRET_0 147ce7077ea5165a5952c57109a3ee2afce1503a6072995dc373231a860d51b4 87af626b26f21df88acb67edf81a3d4c51831ae6668398bc91ed94c2bed4c5833abb1ceabcd2cb4a0c688d92963d93e2
CLIENT_TRAFFIC_SECRET_0 147ce7077ea5165a5952c57109a3ee2afce1503a6072995dc373231a860d51b4 dd9315a5a970d072144e4b616cc29c52b608112b896e216fc635b9e17440d63a868636fbf34174c6143579c4df9adbe4
SERVER_HANDSHAKE_TRAFFIC_SECRET df896d7357a29f58f26f61f95c8cc9d6686cf1c12a8a09c13f0185ad9a4c0276 1ba7420af54329f69f4d213f2758ca1db747441a30ea454377fa3507d8d1f2c120bb71535f28da57985615d0a9736aa4
CLIENT_HANDSHAKE_TRAFFIC_SECRET df896d7357a29f58f26f61f95c8cc9d6686cf1c12a8a09c13f0185ad9a4c0276 9acf18bce8b1d506925e4fc6c34bb45a3cf9246a2bc00067c8072d625a933833882c1b06ffc16204d5fd91d90279c2aa
SERVER_TRAFFIC_SECRET_0 df896d7357a29f58f26f61f95c8cc9d6686cf1c12a8a09c13f0185ad9a4c0276 28426b7483d575234e55c00ee570254cad9985c3219a25e5c34f19290b8a86191b986e56534aa5ffbce034d2b997cd61
CLIENT_TRAFFIC_SECRET_0 df896d7357a29f58f26f61f95c8cc9d6686cf1c12a8a09c13f0185ad9a4c0276 87439f5a5d3efce9fe36e89b8922af27be32e19bdfe0f3552113ef5d0e958072c9111434f93442a22c8db506056c6447
SERVER_HANDSHAKE_TRAFFIC_SECRET f6986f81e2be1899724e64c2838f6a2eb31154d35428d580de1357aabf49d097 482f04a22bf6dfe3a688a3bcf6f26b9166b7fd60d7e3373cbcb3ecb7e17a590a395d83822aa9422cd66fbd9135d91cbd
CLIENT_HANDSHAKE_TRAFFIC_SECRET f6986f81e2be1899724e64c2838f6a2eb31154d35428d580de1357aabf49d097 43ee223796689050388af957229198464519f8643785c83a09cced770efb6199b4f75c936e811c545752ac1a74b49c13
SERVER_TRAFFIC_SECRET_0 f6986f81e2be1899724e64c2838f6a2eb31154d35428d580de1357aabf49d097 c23e888edec24a0be5eb1e1a983222c181ffdd9ca48eafccb2537aaa039772a6d22645de20eece20e0b9d31e76a66519
CLIENT_TRAFFIC_SECRET_0 f6986f81e2be1899724e64c2838f6a2eb31154d35428d580de1357aabf49d097 19c2bce257463f01c4db19634f35cd7c4d9c4ef7ec83d55faa260271f5874c4221e69dd827ac5a70b0ffe7096f1f592e
SERVER_HANDSHAKE_TRAFFIC_SECRET 37c87b07b8876e6b47eef6da1058baa1dc936aa27ba968986cedd3d0853b8d85 bef4eed5dc82e915efad73c1ed3cdff1a7cbd66aad4c5178bcfd0864f0b4fc96eebab877c3fa948ecc6c12f86518ab89
CLIENT_HANDSHAKE_TRAFFIC_SECRET 37c87b07b8876e6b47eef6da1058baa1dc936aa27ba968986cedd3d0853b8d85 a2ccd5d7c4516cdfd7029e3b46a6587b80f1e92561192a5df6609c2371435432eba263636f6b96edccdea457cea33fa0
SERVER_TRAFFIC_SECRET_0 37c87b07b8876e6b47eef6da1058baa1dc936aa27ba968986cedd3d0853b8d85 29367265f84d729edf6f2ceecc4ea95883cd046e13cb608bb60e3445bd1912aec85dd6249baa9d2e06ebf0de9607baf1
CLIENT_TRAFFIC_SECRET_0 37c87b07b8876e6b47eef6da1058baa1dc936aa27ba968986cedd3d0853b8d85 d60d3ad9a7fbd41046035f9801637d7aef31dbd061e1257c39325bc17cf8dc5140997113829295d2edc57d9f1766349a
SERVER_HANDSHAKE_TRAFFIC_SECRET 13cb53e008f1b9bbd91fd79718c288503b7efd7f9f1c3a52f1dd48ae1446f72b 53f5eea1cdfe48e66793374ce4f4dfff06afd94abb16649401b7137a6caa9f419a2927648400f63ab5b8915889c884ad
CLIENT_HANDSHAKE_TRAFFIC_SECRET 13cb53e008f1b9bbd91fd79718c288503b7efd7f9f1c3a52f1dd48ae1446f72b b07379becf110a15e734c2f4936d663e13b96a51c1ffec68c7659976dc975053afa9d4f24daf38c1eb3df1e15cc55319
SERVER_TRAFFIC_SECRET_0 13cb53e008f1b9bbd91fd79718c288503b7efd7f9f1c3a52f1dd48ae1446f72b ec5e63938a959670d314636f987c7794d6828f9024a3d18a49725b92227a3a7e64462844b352eabc942bd00da060696e
CLIENT_TRAFFIC_SECRET_0 13cb53e008f1b9bbd91fd79718c288503b7efd7f9f1c3a52f1dd48ae1446f72b 94030ae3d884aa8a278f4e345d097904f095dcf859de061ffe0531c8f766b10d547f01e75403fe5c5685bdc3c9123444
SERVER_HANDSHAKE_TRAFFIC_SECRET 7d9b272529ce859bde886b99f3b0bfbd068c0105e0ffcee2ee9cb276b3c6d833 f1500e3ff71605271cb2b26fdec253ae809cf6958427b0617b02f8eb268f3d9c13889f44f860c01f5ab3b677edf411fb
CLIENT_HANDSHAKE_TRAFFIC_SECRET 7d9b272529ce859bde886b99f3b0bfbd068c0105e0ffcee2ee9cb276b3c6d833 fa5c0e1a13b04919c94120acfcbdc9acd7be3006f9af18f69e6db68b407a8ab38dfc8a4abf47afc98fc3871e86d79889
SERVER_TRAFFIC_SECRET_0 7d9b272529ce859bde886b99f3b0bfbd068c0105e0ffcee2ee9cb276b3c6d833 c530e7567c035c886aeaee0674d5db798fe6d83d71cc9a8233caef08b43932c31e3cd7dd3ebf8cc83c6ff1454d7a2a37
CLIENT_TRAFFIC_SECRET_0 7d9b272529ce859bde886b99f3b0bfbd068c0105e0ffcee2ee9cb276b3c6d833 28c2d7e898d9fb80452191285b714cfbd736f0024a3c9a7ca09a776c88af055eeaab377031feecf06cbc63bcbe9103a7
SERVER_HANDSHAKE_TRAFFIC_SECRET 12d2d77467a274a1116fcd0a4caf9ebcabc3959260309a40c86ea4ba9ab13d24 440e28cb694c5b6d6693fd3aa59c3ee5d45a7359946dcd07cb1e1089be1a68112feb86aae5630449132c4624215b497c
CLIENT_HANDSHAKE_TRAFFIC_SECRET 12d2d77467a274a1116fcd0a4caf9ebcabc3959260309a40c86ea4ba9ab13d24 b5e5523b6ec941d2a13628b7ff814af83af28e5b816ce0d2baf93db5102138e0f0861a07cc70f26e8c9c03025e09180c
SERVER_TRAFFIC_SECRET_0 12d2d77467a274a1116fcd0a4caf9ebcabc3959260309a40c86ea4ba9ab13d24 7613c84d7000df00473fa6b5d1d6914bc9425a5df0052f7babf1e724d143cbb96e6739ac8628633066d56b21299299e1
CLIENT_TRAFFIC_SECRET_0 12d2d77467a274a1116fcd0a4caf9ebcabc3959260309a40c86ea4ba9ab13d24 f6af53a1f500863d2d6897d2b6c6e2ad0f7be055b8ec92648e4f718d9a4f5a3bde33e602b9f1d4918c0c23e3363ea8fa
SERVER_HANDSHAKE_TRAFFIC_SECRET dac798323aeea55989afc751cc6a6d2f9ab68804e091f560e279744bb2f4e440 35f1b08ff50a445fb393349447e8f6a0774c8ead2d1a44a98e2c896c205702d68b26292d85f923bcbfc5251fb7f65366
CLIENT_HANDSHAKE_TRAFFIC_SECRET dac798323aeea55989afc751cc6a6d2f9ab68804e091f560e279744bb2f4e440 b588b560a1c37246e0b0499bc543a00db1f6276d57a243f66461651ef99bfc38aa978e2e3efdd37935600269e0af739e
SERVER_TRAFFIC_SECRET_0 dac798323aeea55989afc751cc6a6d2f9ab68804e091f560e279744bb2f4e440 59ce07498483ebc397a5cba6ca52597f9b38a26cd244d10289671bda329a7b9cc9f1602494961f9caa31604bc0396ac8
CLIENT_TRAFFIC_SECRET_0 dac798323aeea55989afc751cc6a6d2f9ab68804e091f560e279744bb2f4e440 5bce3933e319fe33bdab654147ec6093c8bdc14817e666e8394abbad16e2298a6f3266eada9957d54c80c88c1a1848ad
SERVER_HANDSHAKE_TRAFFIC_SECRET 0736a5f33b969fde9000d42a9c4989bce5bc5795877606a17c585f985a4607c0 120f4365d0dbce8877b4ddaeb0eabf4702b16186e08912cc957f01c4d43df08eb98db025f6b47ba1974319b9fabeaa26
CLIENT_HANDSHAKE_TRAFFIC_SECRET 0736a5f33b969fde9000d42a9c4989bce5bc5795877606a17c585f985a4607c0 8ab3215c03135dd786ef0b82fe142f01aee16309b50b38023aedc6f0362724d5b9a513f49b7dac884c5cbb1d70787075
SERVER_TRAFFIC_SECRET_0 0736a5f33b969fde9000d42a9c4989bce5bc5795877606a17c585f985a4607c0 649e1cfcc2e3352b072d5815835c8911172131e71c299fd6fa1565e3e5b01e463df15a05deef91b658c6bee0044c8c2c
CLIENT_TRAFFIC_SECRET_0 0736a5f33b969fde9000d42a9c4989bce5bc5795877606a17c585f985a4607c0 ee5277fd17c4fa2226f8e74fcf10a722840801cd3ddac6d61d29dfe6c53007a1816565ebf3658de3819fa45ff846df0f
SERVER_HANDSHAKE_TRAFFIC_SECRET e3bf2e0fcfeb5a0aba49a8096361c30819b37025e0810586c7886335fc7c5fcc a8a0e9820f5b5bd200b4811b082f3e3b80de90e585835faaf76ccf60df9459debef9b4b90ec109e396795e8e1843faed
CLIENT_HANDSHAKE_TRAFFIC_SECRET e3bf2e0fcfeb5a0aba49a8096361c30819b37025e0810586c7886335fc7c5fcc 329730a88d3ec707672b87c43d1cc4f82be51ef8c4459011fd3c731ee9d0c795f235b0647d2af07f22513fe26d499252
SERVER_TRAFFIC_SECRET_0 e3bf2e0fcfeb5a0aba49a8096361c30819b37025e0810586c7886335fc7c5fcc 1d10dfe1249206bd29bc89a67b86b21a7a3cae5bdccc75745c6bacd4c83f31c848ad687f06b48bcaf85311e66a2f06d4
CLIENT_TRAFFIC_SECRET_0 e3bf2e0fcfeb5a0aba49a8096361c30819b37025e0810586c7886335fc7c5fcc 95ec7737656ce37c1e84b7688ee7db952074bfc95dfda71640a0e7bef2b9f290cd38c32d432eed4d278afec784f9dc07
SERVER_HANDSHAKE_TRAFFIC_SECRET 70c09e7e19e83fc091801439a05147fc2a7ca08ab1d128ab5a13be44b6d34d37 23ff5554bb43f818da73513f821b120eee1b830c62658cce558a8644478e924b07d60bf3d464ae74684ab266977797e8
CLIENT_HANDSHAKE_TRAFFIC_SECRET 70c09e7e19e83fc091801439a05147fc2a7ca08ab1d128ab5a13be44b6d34d37 ae3bbb543868b63996cacfd0b2cf373e696e867d7ec26bcef2cbc2740a42591b7de418c4e4325deb223f1101354b1de6
SERVER_TRAFFIC_SECRET_0 70c09e7e19e83fc091801439a05147fc2a7ca08ab1d128ab5a13be44b6d34d37 a542ff3fe66c13fac33ebf3fd3edd5ab5ec132ca74b6695ffa1adacf354fb42086825cb5ccefc320ad9463aa74080c63
CLIENT_TRAFFIC_SECRET_0 70c09e7e19e83fc091801439a05147fc2a7ca08ab1d128ab5a13be44b6d34d37 a72519080e0404af65c6ef246e42ac1fcf91415a3f7d7b7a602f2cecd0555c25e0f53965410c0d8f0614406327f90ed6
SERVER_HANDSHAKE_TRAFFIC_SECRET db54813337af8676d3639bc358975a3bce9ad1665eafdd0d8bec901f979fa0b4 b592748496b7c3108e6e2518799f35cebae6024e86778a92c9870b3b437aea1a205f37f047141fb95a102af23a9e23bf
CLIENT_HANDSHAKE_TRAFFIC_SECRET db54813337af8676d3639bc358975a3bce9ad1665eafdd0d8bec901f979fa0b4 3d85cd670b767ac49464cfbf131034ba78efbc6316b47b8ee9ffef823e52bd5ccff94fa6f1964c74bd103a1b397900e2
SERVER_TRAFFIC_SECRET_0 db54813337af8676d3639bc358975a3bce9ad1665eafdd0d8bec901f979fa0b4 da1f1b4716fff0b3afacfb436df6d1cd5e2fd1c11444c15af3ed241733ec44f5eb983322562b161647f15fec90ed1e47
CLIENT_TRAFFIC_SECRET_0 db54813337af8676d3639bc358975a3bce9ad1665eafdd0d8bec901f979fa0b4 0eff1e76d58673e97724cd8eac2ff6d034b2b02851836616cd6038646e87cd7447472653221cd464e81b2a8c61bded5a
SERVER_HANDSHAKE_TRAFFIC_SECRET 067658dd838bd0127c525e0f5de291111cd5e543f0cefc2dd134abda8371ec36 e6170f8544231dd741a901098edccd4a1d432fa247b777187b39c586c17d51a6287fe40c21dc7e01016e1b2812a13ada
CLIENT_HANDSHAKE_TRAFFIC_SECRET 067658dd838bd0127c525e0f5de291111cd5e543f0cefc2dd134abda8371ec36 b6b2a35cf35e1bc30de9533443043bd27d01cc155c4e19073e8c9eae7037caa8d2930c822fab25e05a301622eb8f4a3e
SERVER_TRAFFIC_SECRET_0 067658dd838bd0127c525e0f5de291111cd5e543f0cefc2dd134abda8371ec36 15ccbb499aaa4ab46f12d6ea3768be0e4704746ba39923e2a62160d38ead986448fbd24396185782cb47cfe61844ccce
CLIENT_TRAFFIC_SECRET_0 067658dd838bd0127c525e0f5de291111cd5e543f0cefc2dd134abda8371ec36 fdaf3f22f49f6c906d555f76d7b85a5f178340a637be6d7cf287d0c6c147aa8c8e148df56f739b3e2d62821d9740e7c9
SERVER_HANDSHAKE_TRAFFIC_SECRET 91547f46a2248a9a9b5fb7d7ddbdc9284fae4129f84c89d35f66055edb51578a 5c537343b61e304d60cbd0bb653ec8d3effbc497b66ffa39786602501192ad64bf9e040d1179b0f324b8d0750be40b2f
CLIENT_HANDSHAKE_TRAFFIC_SECRET 91547f46a2248a9a9b5fb7d7ddbdc9284fae4129f84c89d35f66055edb51578a f6377586cd5b054ad034dc510dc762f0b133b89894c2ac0509741c22bcbc75d5186fe1f3695b0e9cd29c498ea7530eba
SERVER_TRAFFIC_SECRET_0 91547f46a2248a9a9b5fb7d7ddbdc9284fae4129f84c89d35f66055edb51578a 2c753264675dbd6df8991aac0ce75c8ff741440c3e04189bcc8ba6c43361e2dbff9edac02b9a060f14472116a4b54127
CLIENT_TRAFFIC_SECRET_0 91547f46a2248a9a9b5fb7d7ddbdc9284fae4129f84c89d35f66055edb51578a 66adcb28cbae0279c50bdf070627d0a7c3e578795ef7b0eb03b5321c77011bf7745ebb9429a495e7a04ebdc28be70810
SERVER_HANDSHAKE_TRAFFIC_SECRET 3546e0bbd601603e0e6168d98a818f1a84c4d0f8babb985b38355c201275f5ce cf24d27df638cc464630f179742c07087ddec61da5828346e142f27c8e3d261911e2930922e9fd002b2a72ff539d33f9
CLIENT_HANDSHAKE_TRAFFIC_SECRET 3546e0bbd601603e0e6168d98a818f1a84c4d0f8babb985b38355c201275f5ce 387ec2998e19472ee89b826c614c084cd344cab8f402e37b5c33d15b16a8e8832baab776922059cb64c15148ca0a1df5
SERVER_TRAFFIC_SECRET_0 3546e0bbd601603e0e6168d98a818f1a84c4d0f8babb985b38355c201275f5ce 0439909cb338e86a26e7c89222605179950f503a66971b25a7d5935371b8cfab611471292e2925f7130efbf3d6183ac4
CLIENT_TRAFFIC_SECRET_0 3546e0bbd601603e0e6168d98a818f1a84c4d0f8babb985b38355c201275f5ce 22485412f7e914b5d94ed58e8ee6afc9d63ed87f2960a6b5bf1e9bfd4066d9bab1d8b3b92de4beabc7dae3e5ff8373d8
SERVER_HANDSHAKE_TRAFFIC_SECRET 0f250b5ad42d0f2421d777bcca8871a21ee2af7c5525ac748c6015bb63d753f8 59657ec30a4516f48d969f4d05e46e8ccc528d9fcb6fa4a565c5da85ef10bc31e5b03ce0e81fd7f8a0e4a680fe6c8796
CLIENT_HANDSHAKE_TRAFFIC_SECRET 0f250b5ad42d0f2421d777bcca8871a21ee2af7c5525ac748c6015bb63d753f8 61da967f06e9ae6914df6d6661867c94bbd1f43c3df86505fdd6580e664ff435597012e72a2a49d31068d1efbe201d07
SERVER_TRAFFIC_SECRET_0 0f250b5ad42d0f2421d777bcca8871a21ee2af7c5525ac748c6015bb63d753f8 45402548f37cabe2419555e3920895f636676a37f2fba89d21926bc246affb38950df4bb08b2ec3bed69baf0e8e6e30a
CLIENT_TRAFFIC_SECRET_0 0f250b5ad42d0f2421d777bcca8871a21ee2af7c5525ac748c6015bb63d753f8 f0202a4a5e3ef97f6a93aee89b2312d14daa6f157b537a64569376b8e64c92ec98bf3b0d4b1a8c1d005b167bc3e26b84
SERVER_HANDSHAKE_TRAFFIC_SECRET 47f4641b2179f7c58901b4c019d78cc63a54471e21cad0efb35f0e857eb19650 4d9b6d37d7e641855ac5b8615d6b50e773aa2ef5150b60d038390fbe0066e5c1df67d41d680c8d34f4fbf83f475f7847
CLIENT_HANDSHAKE_TRAFFIC_SECRET 47f4641b2179f7c58901b4c019d78cc63a54471e21cad0efb35f0e857eb19650 afb9ee12fe182c54be6cec8d286b4ae35926280cd57362ea5a068c4638cace80fa401c153e2313223900705329c21fb4
SERVER_TRAFFIC_SECRET_0 47f4641b2179f7c58901b4c019d78cc63a54471e21cad0efb35f0e857eb19650 fecf34ea4ba28228a28aca3baa6f79b64ca3062c6f22026597afd9229fcba0bd1c33e89369a2485bca94f2ee15304984
CLIENT_TRAFFIC_SECRET_0 47f4641b2179f7c58901b4c019d78cc63a54471e21cad0efb35f0e857eb19650 f6195a0f0e3d8f116db26f52bb18657e4f9dcc8d378f04c00af69f01ed5bd7867ca40ee8f697f5bf03eef3e5291e0e4a
SERVER_HANDSHAKE_TRAFFIC_SECRET 106e551751a1c76bce46508d916bb427fc3203de7a8414761035b8a4392db2fb b37d33af4234e3f6c616f3ff6eed7eb38dec4f486153c8b152146b20aa7bda75912a0c0c52f567d23795b4ad93f686fd
CLIENT_HANDSHAKE_TRAFFIC_SECRET 106e551751a1c76bce46508d916bb427fc3203de7a8414761035b8a4392db2fb f435a4aeed9a8935d4e31c479b02042e5b4c42d334f0c6bddf88cc255fbe3ac7045adeb0dad73302212a3cc6e66c5b2d
SERVER_TRAFFIC_SECRET_0 106e551751a1c76bce46508d916bb427fc3203de7a8414761035b8a4392db2fb 00dc0e031c950bb6e07d76032859c3b111616130caa4a078c93a0cc192e4c8b935bb3771a4466dfab07f13de1504f063
CLIENT_TRAFFIC_SECRET_0 106e551751a1c76bce46508d916bb427fc3203de7a8414761035b8a4392db2fb dbc998bb9a275bdb4eb4a90c357f4f8727a8badf4ad3e2f2af26913cb4103ae4dac256f80710051f5d13e73d9f0fa90c
SERVER_HANDSHAKE_TRAFFIC_SECRET e77e9d32ff651ed8aa4db9181be7eb607319f10e7288477cb852170332c51be0 d0d930e8f22b0b50bce7b7e26af800145ed9e2c34e74d7607148740f8e8a5b35c22cbf8a772fd128fe8812af15825bbf
CLIENT_HANDSHAKE_TRAFFIC_SECRET e77e9d32ff651ed8aa4db9181be7eb607319f10e7288477cb852170332c51be0 5989747fe4bc54bd8818febdc2ebb46acb73d8d391624f392fd684f3c648e644f88828a5783575eb015f9b1404f436f7
SERVER_TRAFFIC_SECRET_0 e77e9d32ff651ed8aa4db9181be7eb607319f10e7288477cb852170332c51be0 82838e921ff6c74fda1c0f943835612964b7bdc4807c0a23e2e068817c2d48b8e900b9c96767bafe365d23c532500bce
CLIENT_TRAFFIC_SECRET_0 e77e9d32ff651ed8aa4db9181be7eb607319f10e7288477cb852170332c51be0 a6bea70bc589ed760fc394c37202bebc39e7625499bf559fb1a0a46c21ac790924e6d4537b78929d20744f6ad8058962
SERVER_HANDSHAKE_TRAFFIC_SECRET 9281ab7a781110db7ceea3c6c6672f7f7c40fb43935d4fc52f577d48703aa03a e8de116136dce5c1f66646557171f4eebd5669ce48bf2e6fd5c5f295e3b0003a2243b5f16ae7e278e5cb8c1ee7833588
CLIENT_HANDSHAKE_TRAFFIC_SECRET 9281ab7a781110db7ceea3c6c6672f7f7c40fb43935d4fc52f577d48703aa03a 6971eb921d3ddf9e9c5abc273faaaf726f5f869693b2cc8bb945ecc8c73e291217e901c06842d9d650cb5788984b305e
SERVER_TRAFFIC_SECRET_0 9281ab7a781110db7ceea3c6c6672f7f7c40fb43935d4fc52f577d48703aa03a de9f5e5a152d6adf86694f2df44ca07e5e2252c44777ab46da0e599ff5c3b83550ae0c114e12e4860973e44d0e6204bb
CLIENT_TRAFFIC_SECRET_0 9281ab7a781110db7ceea3c6c6672f7f7c40fb43935d4fc52f577d48703aa03a df34f4f81eddfa8c2f2194f0a334863fe787141ebd541c89e63ec4b2e82227c464ee504924e8ee12d049358357796d8f
SERVER_HANDSHAKE_TRAFFIC_SECRET e316b9a8777764c7aafebd3cb6db0755ec95bab84b14d46d2b679085ad70a06f 23e5728fab59d66a0024279e6833576c93f71720ba38480a147ea32b4cd62c692d9d71844bcf02fe59cfb84acafc5e2a
CLIENT_HANDSHAKE_TRAFFIC_SECRET e316b9a8777764c7aafebd3cb6db0755ec95bab84b14d46d2b679085ad70a06f e963e5f3dbcb80c2e132427476b99c81bde24941b146dfe5163fda20d359e0874126385b6c87b74a48811d9a75a8777b
SERVER_TRAFFIC_SECRET_0 e316b9a8777764c7aafebd3cb6db0755ec95bab84b14d46d2b679085ad70a06f a942d80887cd83eb1d650864700fe83c3f7960bcbad893b09053ef731ffff985e445e6c252c1e77c879cfd74ea72239a
CLIENT_TRAFFIC_SECRET_0 e316b9a8777764c7aafebd3cb6db0755ec95bab84b14d46d2b679085ad70a06f 4308a6f24b1f2609855149154762514c6a9919332ac1964166f6d70b60df78f6312b94f9570694544fec27c00d9c9e0c
SERVER_HANDSHAKE_TRAFFIC_SECRET e2980025cbc5a996432c154b08d5c7bbcc9a96c524c38e417aadce8f8e8fe5b4 7b16c9acf8ec741d5f4f95fd69e1a474f22f56fa31fb7bd98bb171fa0109c95a1fdd9efc941389571443f7fe14dee1ca
CLIENT_HANDSHAKE_TRAFFIC_SECRET e2980025cbc5a996432c154b08d5c7bbcc9a96c524c38e417aadce8f8e8fe5b4 88ec3dede4fdc2c8a5b68a30cc7b23f3e732146eccd6367faef7c63524646f02d2418a26883d6972ab28c81978988cb3
SERVER_TRAFFIC_SECRET_0 e2980025cbc5a996432c154b08d5c7bbcc9a96c524c38e417aadce8f8e8fe5b4 75463c6113c504d83e3680a8d3d0732494603538535a96aad3ffd2be1a288132b9d48cd697c0504d9c7e9c4cf3c81290
CLIENT_TRAFFIC_SECRET_0 e2980025cbc5a996432c154b08d5c7bbcc9a96c524c38e417aadce8f8e8fe5b4 ffcc8fc6d9531bbf6adb4a53ec9ba6ce41b4ee656bd7fdafc4fa97dc7c87b429b795de8ba7d0ac26ded2058767561205
SERVER_HANDSHAKE_TRAFFIC_SECRET 282e7686c4fca79d180d292a172020eba5c3806a6a82995a49766ac51dcd50da 379f5a18d116c7ec20a6609479f01c4fd920184f124d64b6488a3b4ca848947b94efe9f70cc52a9338e4b8c6c38c91d4
CLIENT_HANDSHAKE_TRAFFIC_SECRET 282e7686c4fca79d180d292a172020eba5c3806a6a82995a49766ac51dcd50da 95c5578b6add4b8fc3d90d3e10dc79cbe6c02cc940e47feded730ce3e42b7dbdaf37c73e6a67de825b4e7a55ca8a7c5e
SERVER_TRAFFIC_SECRET_0 282e7686c4fca79d180d292a172020eba5c3806a6a82995a49766ac51dcd50da d3ec45a00aa1ae965951c2091156daa7e0b6029bedefacc23cce3723f2a9200c544ef2786ffa152d91ee081781204f87
CLIENT_TRAFFIC_SECRET_0 282e7686c4fca79d180d292a172020eba5c3806a6a82995a49766ac51dcd50da b608e64d73c5cb5d8fa56d27db96b907f1930fd89bf4ffa9d0614c2103339b3cf2e8ca53bbd77c2e13917d8c8563fdfa
SERVER_HANDSHAKE_TRAFFIC_SECRET dbf4b6b470a3cd21473ac807e31eb88e07ce2f3f6aacd97f5a9787005279a727 c03c57339af3d2d8b5418755115ea16e91f3c4e6c0e5a0afaf53507f97a8c6d3cb2f814cbeec20a8805a1d2ac987255c
CLIENT_HANDSHAKE_TRAFFIC_SECRET dbf4b6b470a3cd21473ac807e31eb88e07ce2f3f6aacd97f5a9787005279a727 5b74c77954be6c9271e69c99c7b8cb2e2ee9f2c1f17e01f6ee71ca1d64e9d2cbadcd08442c1615f601c99845ef10b39d
SERVER_TRAFFIC_SECRET_0 dbf4b6b470a3cd21473ac807e31eb88e07ce2f3f6aacd97f5a9787005279a727 c319143d892f6f212d768b88fb8d7e2dbdc92723d72758dba96b3673736f8261fc7d11a71682c437c65ff8bd7baa2e18
CLIENT_TRAFFIC_SECRET_0 dbf4b6b470a3cd21473ac807e31eb88e07ce2f3f6aacd97f5a9787005279a727 eafa707bdf97fdd800693a8818bab6cf08d9671ccd2288d44742ca1eadef994ae66fac94b76e49e3b66b9bd30401f151
SERVER_HANDSHAKE_TRAFFIC_SECRET cd23b48e80e1fef6770d9a8bcf979ef992dbf8746b8669c7d48fc2bb4c53f52a c5e10cbc81d8c0e035abdf74f1862d60c12a4103ea6b6075b9a1bc8cd2b4de6e12aaf463984aca19d7b7f5477f765fd9
CLIENT_HANDSHAKE_TRAFFIC_SECRET cd23b48e80e1fef6770d9a8bcf979ef992dbf8746b8669c7d48fc2bb4c53f52a 09a67adc8b3f66f13e0b0d7e8b2af39021a631deee71f64c95048effc3ed231891aa9c7b7629df9a44c13fed84921bd2
SERVER_TRAFFIC_SECRET_0 cd23b48e80e1fef6770d9a8bcf979ef992dbf8746b8669c7d48fc2bb4c53f52a ab7b188f14f6f10c4e8a3fc90c007e8d6ed9b5806a7fcce19de93d24e1c52302761b90b3cdee1d78f09ebea4a67150f2
CLIENT_TRAFFIC_SECRET_0 cd23b48e80e1fef6770d9a8bcf979ef992dbf8746b8669c7d48fc2bb4c53f52a 166a4a032c91758c550732f821d47365d7e3efbc4bea3eeb3e3950b9899628ad5aec74280e0a875724cdee13aa35cfed
SERVER_HANDSHAKE_TRAFFIC_SECRET b15b07e11797bcd64e77e1bf8d76c8ecf1fc7a90bad4bd76eef289654ae02380 cdb9add11ce0e103757cf6f97f138b93089e8b2aa33cb1b57eb9ed68cb6d75bc9e3aa30f53a745c9620ebaccf9467a28
CLIENT_HANDSHAKE_TRAFFIC_SECRET b15b07e11797bcd64e77e1bf8d76c8ecf1fc7a90bad4bd76eef289654ae02380 d63cd00ff49f0c94c58aab1af95483cffae5a01798e5478c2c9f773e7c404d8659f32e30157e3a91172df0a671bb44a3
SERVER_TRAFFIC_SECRET_0 b15b07e11797bcd64e77e1bf8d76c8ecf1fc7a90bad4bd76eef289654ae02380 72a1e9e739b540f2d4dba8841bb7cc07ad54dc0cb3b591eea6ad94f3be161a5e810e3ed7415dce4cac06e83f810c91a4
CLIENT_TRAFFIC_SECRET_0 b15b07e11797bcd64e77e1bf8d76c8ecf1fc7a90bad4bd76eef289654ae02380 3813d2fbadb5f2382f48430a631f70a218cdf8d94185e7592ba66129427b30c47fb321b4da1a42ed024068719675f26e
SERVER_HANDSHAKE_TRAFFIC_SECRET 5150358b0f202f74154f50484d31f78a92276cf8e64b6525434f97c01fc8d588 c53bbec5ae21cf8f4b955ae414a635eced54d4fea537d0a5ee50eda0b23bef1fda3ce851d2a601e8f7524248204552a7
CLIENT_HANDSHAKE_TRAFFIC_SECRET 5150358b0f202f74154f50484d31f78a92276cf8e64b6525434f97c01fc8d588 c9bdef88d0c665676c0bca75985d7046a8a40ec26164dd18a735f8e3e3b8ae9b1a006d605ce9fdc6d59447713f36260d
SERVER_TRAFFIC_SECRET_0 5150358b0f202f74154f50484d31f78a92276cf8e64b6525434f97c01fc8d588 f4bf78bbbf1140c9f724720584957c3b04484daf3014432d182dccd9798f582609b07b161b2b307fec3fbd1df890517f
CLIENT_TRAFFIC_SECRET_0 5150358b0f202f74154f50484d31f78a92276cf8e64b6525434f97c01fc8d588 45687ba31344e23e1c6e0b9687684bf39e1207efbe1829b08255aecc3160fe57cf148bf57aebce055570d8af0e6d6a04
SERVER_HANDSHAKE_TRAFFIC_SECRET 9427fb29595c551d2c19b73baded8d0a69ff7bcbd557a90a6362b021ccdd9ba6 fad971e45bc44e7252a3e899d2d44f6a0018cf21d387c2474ab0dd300bf5ae157a3ae53eeaa1f49200089d57727d1c09
CLIENT_HANDSHAKE_TRAFFIC_SECRET 9427fb29595c551d2c19b73baded8d0a69ff7bcbd557a90a6362b021ccdd9ba6 694e234dbf8e142bf6a4d681345cc95e0282e199746b484dd6678e73f7433332365b412396274aa641e30fae9a32f58a
SERVER_TRAFFIC_SECRET_0 9427fb29595c551d2c19b73baded8d0a69ff7bcbd557a90a6362b021ccdd9ba6 37a549c423b3ab2c65a4fe43cee64cdc0e1d0196d892fe01d461eeb4ae34dad4ee09c14c0d711227c5503bda36dcb629
CLIENT_TRAFFIC_SECRET_0 9427fb29595c551d2c19b73baded8d0a69ff7bcbd557a90a6362b021ccdd9ba6 364a9ed6f4d5f027d21fa85fa49e8b34919ccb5e9274a10e70880704cf903e22e9245c21a8d27b1edd8922ebfa2e86f5
SERVER_HANDSHAKE_TRAFFIC_SECRET 403f101fc1f5587137b61c99c8ee6487b99fcddf9520643eb3f2b839155894e5 9977d4734d8f8cea887931dcc5f83c872591375e7a234b80d414de97d9450055b53dbe9894e0b36cd5ff1ebf7d7d3e9c
CLIENT_HANDSHAKE_TRAFFIC_SECRET 403f101fc1f5587137b61c99c8ee6487b99fcddf9520643eb3f2b839155894e5 60b66f58f64f2a352e858061db6e43a5c3a4e59325b09d563b74467aa53d6ff290fbbebaf8753e087ea5f844d252fe49
SERVER_TRAFFIC_SECRET_0 403f101fc1f5587137b61c99c8ee6487b99fcddf9520643eb3f2b839155894e5 d703e0caa99655f4e45c09031dbc691bb2e7ee03a16c17b34874cd2f4a057b37e18bf1ca080cbe2e73f86f94c197e1e6
CLIENT_TRAFFIC_SECRET_0 403f101fc1f5587137b61c99c8ee6487b99fcddf9520643eb3f2b839155894e5 293f399a292bbb32346a7b33f48862ae65489dddf417e0a765e73f915485466ef092c53f189d5e2b9c72b63ed1cfe10c
SERVER_HANDSHAKE_TRAFFIC_SECRET f2507652add86a1bbfff4d2859a3342e90415d46e9a4cc7f32ab0d3cd49847ba 59f6b6595e36c36bb546dae70dd54512ea9d58911df571d9526f8e397ea96e7856970a77c76c36252eedd5218027bab7
CLIENT_HANDSHAKE_TRAFFIC_SECRET f2507652add86a1bbfff4d2859a3342e90415d46e9a4cc7f32ab0d3cd49847ba 3c8509877360c2484d8f912f237fc1b77de4191885e079749e31a774ea36f55e5a6878842caa004c6c40b658aa05fea2
SERVER_TRAFFIC_SECRET_0 f2507652add86a1bbfff4d2859a3342e90415d46e9a4cc7f32ab0d3cd49847ba 9aff79ccff816c03fce955bba02b3debf155428f541e3164a84f523658337b4619001b820b88e8eede59844c9fb3bfbd
CLIENT_TRAFFIC_SECRET_0 f2507652add86a1bbfff4d2859a3342e90415d46e9a4cc7f32ab0d3cd49847ba 2db468a1c502d914fb3700dad8c246af8b8fafb0f899dbf98c8fbec62d63750718d0045342f9b0981134fdacaa27296f
SERVER_HANDSHAKE_TRAFFIC_SECRET e25ee458657eec2e53f53748859a88c5d76412249b78f198aecafc261fd68ed0 c6f2b2033c6b37b1740fa300e5fb8b06940a9e5359ea4d46c3d930c25a7b90b9a8488c91bd7fbe4ad89a58cfefa515c8
CLIENT_HANDSHAKE_TRAFFIC_SECRET e25ee458657eec2e53f53748859a88c5d76412249b78f198aecafc261fd68ed0 42963c9d2f401e5f3ba9f1bbf7c4e60dd9f9fcd7711e029d88b88cd71fa0187805cc90f2b21d5b02ddc38dd5dd2d6ee8
SERVER_TRAFFIC_SECRET_0 e25ee458657eec2e53f53748859a88c5d76412249b78f198aecafc261fd68ed0 e8ee8cad42bb596d73a12f45b56d9a4738328b8bad2b8826add0ec579439678eed0d99f1a00d2203e4af9f312492c3bd
CLIENT_TRAFFIC_SECRET_0 e25ee458657eec2e53f53748859a88c5d76412249b78f198aecafc261fd68ed0 c92abbb05286678718c626125d6f2dc22d54a578a17f3b3976f4f774897ec6a240e151b72746d79a7ce99fc58ac9d1f2
SERVER_HANDSHAKE_TRAFFIC_SECRET 0311e6b051354f2c964b72614cf0c87ec9d187bcce5eea9061be259413f02b2e 21b56bc549677685e6b40374c1719662b854bfaa79f131302b6019700fdc56d79a161d26b845f97b269ef296c2627661
CLIENT_HANDSHAKE_TRAFFIC_SECRET 0311e6b051354f2c964b72614cf0c87ec9d187bcce5eea9061be259413f02b2e b412569b488d7a7c9e7088cb22404dc328fff16b07d21f394da02066c92a2c242218baf9e1bae8e0c87f7875ac8562df
SERVER_TRAFFIC_SECRET_0 0311e6b051354f2c964b72614cf0c87ec9d187bcce5eea9061be259413f02b2e d78a31b28c95505536c72453c7380c9bb9a9f5041a95efc798ccaa3386178676662eddd37925bc8fac43afe1f4f715e4
CLIENT_TRAFFIC_SECRET_0 0311e6b051354f2c964b72614cf0c87ec9d187bcce5eea9061be259413f02b2e 38adcc9e1d7feb549654f54aef99d5ee011a832a24a52da0878cb64b0bfa3f96193d3abd6e26c3ede52a1557b7a3fb40
SERVER_HANDSHAKE_TRAFFIC_SECRET e8a6bccbdaa286e744c0301f08c393ad01aec1962d0a9c5af543d1b391b28704 20b46f40f29ee8530d429eff54e8aac307e9e78cc5e4d4d1e85d90ff77982d2af39884935794bebe8af6126bb5c32a01
CLIENT_HANDSHAKE_TRAFFIC_SECRET e8a6bccbdaa286e744c0301f08c393ad01aec1962d0a9c5af543d1b391b28704 2713cd5a5090df2d763e46bb91be11124d6f54747944a2ae15c21a2c5d2c00e1c48be775370580d6343fc310893393ce
SERVER_TRAFFIC_SECRET_0 e8a6bccbdaa286e744c0301f08c393ad01aec1962d0a9c5af543d1b391b28704 759ac82010c057189f468074633e16575610196a29b9e61bb0a6e64aacbf0b0cccdcddc22d515fde48139e896f417107
CLIENT_TRAFFIC_SECRET_0 e8a6bccbdaa286e744c0301f08c393ad01aec1962d0a9c5af543d1b391b28704 a3dff0059c77fcfb0b055591874cb7d6891c9b438aabbf7cc3b90d702a088365e2bbfb0c79e7049b2b3e65012c11f239
SERVER_HANDSHAKE_TRAFFIC_SECRET 77e3db5dd6d34793ab22a6b5f9491dd614a7ccb7e1021a0b5a2314284be18e71 eb5dd2e4fb5272356d7d9cb68f3954949bf13a85532abebbe2cdfbaf543e758560e6caaab6ad4bb06e76131bd86e7cef
CLIENT_HANDSHAKE_TRAFFIC_SECRET 77e3db5dd6d34793ab22a6b5f9491dd614a7ccb7e1021a0b5a2314284be18e71 c86da51895b3e23fff95fdfebd8e70fc67ee011425c3ed9f32559d75fb503f6f306536abbace27c3d1d154ae71aea944
SERVER_TRAFFIC_SECRET_0 77e3db5dd6d34793ab22a6b5f9491dd614a7ccb7e1021a0b5a2314284be18e71 17da2ed001d521c30a8af3eb74df8942ceacfad712a94e53ea22fcc81a4dbc6cc0cbb385a3441b15de2f225f9942a9e2
CLIENT_TRAFFIC_SECRET_0 77e3db5dd6d34793ab22a6b5f9491dd614a7ccb7e1021a0b5a2314284be18e71 bd238c0e77bf7bc28b80ed8477ec17ee0454f76c396fbf65e8b5b220bd07821f287e48bae5c61723e1e9e0dda053c865
SERVER_HANDSHAKE_TRAFFIC_SECRET 88e51f6dc7aa5e1a46ead9b8f49e6047d363816d6df28a388ce0da232f2ea514 749ae258b96020fc5e027be6c0cac92356c655d3f9ac500cbdac0badce54e3613d28b797dc94873af7a2dfd9bf7cfb3a
CLIENT_HANDSHAKE_TRAFFIC_SECRET 88e51f6dc7aa5e1a46ead9b8f49e6047d363816d6df28a388ce0da232f2ea514 515f3c56a33ca1dace60485a277ce9454c932c3efba43f8b2023307179d8683973743647920bf80e42ec535f7082750d
SERVER_TRAFFIC_SECRET_0 88e51f6dc7aa5e1a46ead9b8f49e6047d363816d6df28a388ce0da232f2ea514 cc51928046bb420ffeb798f36d7bcce52271ec6de39a952fe5e4a7860dccf96acf638a8da3d923a8f7f312b2a4545059
CLIENT_TRAFFIC_SECRET_0 88e51f6dc7aa5e1a46ead9b8f49e6047d363816d6df28a388ce0da232f2ea514 a719ed17a611eff9547bec89d321899874aad43e60256bae3dec99b375acd1535a345893dd611afc4df656c571e345ab
SERVER_HANDSHAKE_TRAFFIC_SECRET c17e4781590a06ed1eaef8046603c12db56fb7fe96418e7630219a78a7db25f9 3f18fdf614e343d6eaf911600e798ba419333bf002387c29d9969d2c08c800d546f4e694bb0b4ca02b6adb1d39f666a8
CLIENT_HANDSHAKE_TRAFFIC_SECRET c17e4781590a06ed1eaef8046603c12db56fb7fe96418e7630219a78a7db25f9 2d3f4f98e94fa440a58691d7b30032cb30592f7b513c30a70590f5764c090f5db05c61ec5bdbc05269291bb411d38793
SERVER_TRAFFIC_SECRET_0 c17e4781590a06ed1eaef8046603c12db56fb7fe96418e7630219a78a7db25f9 b731b9bd8539f158aa4dcd1d5c0959f754997b64827b6a8522beecc31ad4316b8ffc19d68287f4f06bbae7c616b893f4
CLIENT_TRAFFIC_SECRET_0 c17e4781590a06ed1eaef8046603c12db56fb7fe96418e7630219a78a7db25f9 b23b6a03b1ccb572db5a3d60b8fe1598512fdf5a9a38def9432f11323493720e6046b9a0af735610b4aecbc77356f3cd
SERVER_HANDSHAKE_TRAFFIC_SECRET 756f3225f94e03014e2827ea2f63d445f5e323f23eea624a8751223efe5e8fd4 0675945631cf7d3601fa5700982df2b7b4ead7b43e6398405dda38ad1cc1ef5a4c8396cc0f941c26ed09c6b08800f3c3
CLIENT_HANDSHAKE_TRAFFIC_SECRET 756f3225f94e03014e2827ea2f63d445f5e323f23eea624a8751223efe5e8fd4 be4be7fc1ca9459fe1fdfc1b9ae58511bee022835f3eedff0d25922f03185b9f256a33a10bda62b718359419eebc0aa7
SERVER_TRAFFIC_SECRET_0 756f3225f94e03014e2827ea2f63d445f5e323f23eea624a8751223efe5e8fd4 29c8b101fc8c7b445206258cdb40294a62a42280b9f24f7b77f58d180930c37a852f436e6ea324c842dc0a198a68924a
CLIENT_TRAFFIC_SECRET_0 756f3225f94e03014e2827ea2f63d445f5e323f23eea624a8751223efe5e8fd4 4c2d542e62b2981b9f7239e0833027426c69bf717bab443a0095db8027539856857665d404f9bedfd6c2d1b1643f121b
SERVER_HANDSHAKE_TRAFFIC_SECRET 08d95585f2c17daf40b6663e8a46fe42b506378cf9ea9d61d3f3895a981eee8c 1b3dd5317cbb712c6d38e391ec0ca944569d94e6c2d1c4694b18f7fa3d4ba08cb76c5b9b1beb98b318ec5bc8e8839328
CLIENT_HANDSHAKE_TRAFFIC_SECRET 08d95585f2c17daf40b6663e8a46fe42b506378cf9ea9d61d3f3895a981eee8c 080149df112292dd894dab9cfb6887192dce99b5895a0fe2fc67284db9e9ffe3d2039af5a38b7396b3fc03186dee11c1
SERVER_TRAFFIC_SECRET_0 08d95585f2c17daf40b6663e8a46fe42b506378cf9ea9d61d3f3895a981eee8c a863e0e06cdaa9cda047020ad9091f436e7cf4377ce8d098eff47891863b58f2d17eb23f7f258e1887ada2da6cc195ee
CLIENT_TRAFFIC_SECRET_0 08d95585f2c17daf40b6663e8a46fe42b506378cf9ea9d61d3f3895a981eee8c 598e0c86041de1002cc48501ceb84d0bfda67156d0198dd3968199cb8de0efe46de3c1bfa10e63601f92e81c5696d7af
SERVER_HANDSHAKE_TRAFFIC_SECRET 4db7d80ee0d39bce8f4bdde7f3b199bb406c83fcceb3d5a4f48197d1fb002522 e1387936dab9f4becbb5dec851c8b905d6033ef16e1d2f939ca75666b299285b0218e841e82c9a9e6aa05033414a4753
CLIENT_HANDSHAKE_TRAFFIC_SECRET 4db7d80ee0d39bce8f4bdde7f3b199bb406c83fcceb3d5a4f48197d1fb002522 2ea286a5c8703ee7926a20d235562dd775ac442a25a6f4c53f912c1c4483ee54caf49297dd886ea11193011269664afc
SERVER_TRAFFIC_SECRET_0 4db7d80ee0d39bce8f4bdde7f3b199bb406c83fcceb3d5a4f48197d1fb002522 7849571f3fddcbe10d21cf65ff6c7d5559518759ed5038a2c5d88b5316ca5797763f3b9e133ecd70528e3c4de6b6d2bf
CLIENT_TRAFFIC_SECRET_0 4db7d80ee0d39bce8f4bdde7f3b199bb406c83fcceb3d5a4f48197d1fb002522 accbc9731f2a615a7ab9e0d0e685bbdeb6a12cca00b3c06b1e6bc0bdb0e8d31b81a8a267799d3323d249f83238fe5418
SERVER_HANDSHAKE_TRAFFIC_SECRET f133192b90aa945bb71d6e209caee08d7004107cc4f84e92f07bd2f6d704213a 7fe7af68f07ca18ebf8358806d57548a8c492fdc19d89e4c9768b28ee88445a33f36b0f125919999da713213bef5f4f1
CLIENT_HANDSHAKE_TRAFFIC_SECRET f133192b90aa945bb71d6e209caee08d7004107cc4f84e92f07bd2f6d704213a 2a99d179c298aa808f476f41f07b1d03a36094a26696c3b471eecb151a9b5ee6e5edbececa924898af6340d0b66e267b
SERVER_TRAFFIC_SECRET_0 f133192b90aa945bb71d6e209caee08d7004107cc4f84e92f07bd2f6d704213a 8773a8426a5323440fd5a32c53be8be0099d32077f28bb387b160964aca3367f92200e6f17896ed76a26e3a86eb8f4fd
CLIENT_TRAFFIC_SECRET_0 f133192b90aa945bb71d6e209caee08d7004107cc4f84e92f07bd2f6d704213a c628ba088e28a2293b122c47df40f31a1b1e197d9c1e9599ed9d51ce9ff238bccc16049d9cf785b742703b64ee94a222
SERVER_HANDSHAKE_TRAFFIC_SECRET 1ae33c151f797505f5d367cd0ba3a5a9cdab6781b6547c8b5709f01ae498a30a 9114c9a58769a81bf18fb9d70f660558152d5097ea573ac4aa3137a3ff50534107b7131202b4713ac854a4a8ab30aec2
CLIENT_HANDSHAKE_TRAFFIC_SECRET 1ae33c151f797505f5d367cd0ba3a5a9cdab6781b6547c8b5709f01ae498a30a e6d6ad920fea7794da7729a11bc0893408700b5b08da7b31dbd7cf69aed3172214f6df2d46af0b57dc584f08c4a7e2a0
SERVER_TRAFFIC_SECRET_0 1ae33c151f797505f5d367cd0ba3a5a9cdab6781b6547c8b5709f01ae498a30a e1f641de5cc807c8bca5c988a934644ce14c39118bfaf0730fe88f3033e7ca80dfab4dbb17aa4b19767e1070631803e4
CLIENT_TRAFFIC_SECRET_0 1ae33c151f797505f5d367cd0ba3a5a9cdab6781b6547c8b5709f01ae498a30a 0ae0ed634ecb3d8452ca48314cf1a98067026205f833f7c7deb6acf5a9cb1fd22d6b60e57b55adc6958d3be7ac1576f7
SERVER_HANDSHAKE_TRAFFIC_SECRET 7e346aff2ecd42edb18a09203c3ff079c271d22d9c845f66e99245e4f744398d 6d40f331344bc111a23ab524f279cf4af6141c24c16a7ccd20848df7bcdd67438bb352fdd71ed50df201d987e7a56ce8
CLIENT_HANDSHAKE_TRAFFIC_SECRET 7e346aff2ecd42edb18a09203c3ff079c271d22d9c845f66e99245e4f744398d da5e226013e86a73d74cc91eda3b19c11cbd0a0b0f44de6d8b9a2d4e17b866dbaab6304f1b0fe966eaf067d6cc35baed
SERVER_TRAFFIC_SECRET_0 7e346aff2ecd42edb18a09203c3ff079c271d22d9c845f66e99245e4f744398d aeee0241662f21922b3ac73fe51f452bbdfff367294054e1dd0193db7bebfccc984e15caac3705b6d7a2a3861321ad62
CLIENT_TRAFFIC_SECRET_0 7e346aff2ecd42edb18a09203c3ff079c271d22d9c845f66e99245e4f744398d d755f7f53360d77205ae6824e232aede2ac262c08f5acf501010da9da2cd280389fcf8e32c90efff927ae62bc88fce7b
SERVER_HANDSHAKE_TRAFFIC_SECRET b399f7e53cafe281447465b78cffcce82e0e984ae5bea3aeb50e148edf38a766 b660864e236016cbbf5d982063f419eabe4b672a4e079a824a4c4a5c7dd7920de8ea22d272737088eb6ecba31c93d575
CLIENT_HANDSHAKE_TRAFFIC_SECRET b399f7e53cafe281447465b78cffcce82e0e984ae5bea3aeb50e148edf38a766 4d51d929288a993f7f175b9616fc891383aecad2e6332697b31a5c0634a35dd6ea284aa6840d4e08620aab27cb4cec5e
SERVER_TRAFFIC_SECRET_0 b399f7e53cafe281447465b78cffcce82e0e984ae5bea3aeb50e148edf38a766 c0e99faf6415baf174e2ebaa79cdf7a33753eabe6bc378f3c7c22c63496e3b2a9cf484165a83a6402d73657bc39ada24
CLIENT_TRAFFIC_SECRET_0 b399f7e53cafe281447465b78cffcce82e0e984ae5bea3aeb50e148edf38a766 e48765bd9d402f114b45ca0fee122357e84f8cc9b1d93078f808b5b448d50887df24565b997f13552fea0ec648ff7855
SERVER_HANDSHAKE_TRAFFIC_SECRET f2e442e4ebcd6d1fb8688b0fc1c1590e7267078b249a764af3f87db73258e788 dab5bcd2e0691f5269031919a0fcde0eb377212f557236a9f034aa9b2d661d31ca86f90ea460cde21997265ca248e09f
CLIENT_HANDSHAKE_TRAFFIC_SECRET f2e442e4ebcd6d1fb8688b0fc1c1590e7267078b249a764af3f87db73258e788 539b8350323b04caef56eaaf2dfe234f0bbd93e8b6bd02ec2d01b45a84cc66ec81b63a3de343bb2bf37086b3d8e0abdb
SERVER_TRAFFIC_SECRET_0 f2e442e4ebcd6d1fb8688b0fc1c1590e7267078b249a764af3f87db73258e788 92c523185bb70fb08e83efd4c24cd60285993a45e40170a73cc82f0a27b18965c5fb02a9daecb0e01cfc8739614b84af
CLIENT_TRAFFIC_SECRET_0 f2e442e4ebcd6d1fb8688b0fc1c1590e7267078b249a764af3f87db73258e788 cc7e2e08a0e826586f688332e15b69aefa2077a3a47275631a4eca0517d84fb7b37ecf9aa47b443bd5049eda02c87c7d
SERVER_HANDSHAKE_TRAFFIC_SECRET 88281b72465249209a9318bddde832e36fd4de90a1f48023c823acdc7539116e 02da25a79cf1eacb8cbc178193eee86568802211eba776f5954d4287d6f31d95e25df5a3239b0a83cf3eee39849c338c
CLIENT_HANDSHAKE_TRAFFIC_SECRET 88281b72465249209a9318bddde832e36fd4de90a1f48023c823acdc7539116e fe8b33041c0a3efa6a15b17195285ac493b3efa1c34bc2873e3882183206dd00a33d14f600d37cb01af46aea47790db3
SERVER_TRAFFIC_SECRET_0 88281b72465249209a9318bddde832e36fd4de90a1f48023c823acdc7539116e 4015d1e2409ead83ecb55da99a01cc46eaee2d3f9ffa22e58198e85f77412a3b834a3f899f3859b4c2536084f0698718
CLIENT_TRAFFIC_SECRET_0 88281b72465249209a9318bddde832e36fd4de90a1f48023c823acdc7539116e 1de934c90e5035bd1ca73e9e36a8dde1a58ff543662d89976d38c7eff9c6e7a41367f52edd0ae0ced2e30412c61acce9
SERVER_HANDSHAKE_TRAFFIC_SECRET c3ae448c79753ef7a68d0b9695044f360e225b507fcd617b55cec9051bad5a8a 961ace5ad04073a6c55fddf563a31151942d0952111124afc5d63af2b350a881ae0ecd59f23ac10ccbeacfb730168d45
CLIENT_HANDSHAKE_TRAFFIC_SECRET c3ae448c79753ef7a68d0b9695044f360e225b507fcd617b55cec9051bad5a8a 354096959d1babf60a61450ab5d7906e2e37a109a42ff04d00d9d46a1ba9f22b5d2a9ab291f0bf06a98383232d81a8b6
SERVER_TRAFFIC_SECRET_0 c3ae448c79753ef7a68d0b9695044f360e225b507fcd617b55cec9051bad5a8a 3a576aba8f49ea32ed1a0eaa4be88dbd9e1e1fc1eaa9d56be589e035f503bf7189f20600a0b680e033118aa21e544a0c
CLIENT_TRAFFIC_SECRET_0 c3ae448c79753ef7a68d0b9695044f360e225b507fcd617b55cec9051bad5a8a ce4a458b979d3e1a4f9d72e9411fe4c9b16bec973168fd1e94329972f250746a8a7260885a55a79e2ef08d708b78bdb8
SERVER_HANDSHAKE_TRAFFIC_SECRET 6d4887289f9e169599b3d75dbc7e203af0d8f048405ce3adb8a5894346d77672 78b7c1630464660181c2e42261fa270715b65796ab2ff8c16e86d43293ef99636015aaccd3d664d94491389b6965da51
CLIENT_HANDSHAKE_TRAFFIC_SECRET 6d4887289f9e169599b3d75dbc7e203af0d8f048405ce3adb8a5894346d77672 dc1dc386974089b6ebc3822584e443dff8719b4e54ded1a2d8bf57ffff51fd441eea0dc89e40f3fea14aa28c2f60bfed
SERVER_TRAFFIC_SECRET_0 6d4887289f9e169599b3d75dbc7e203af0d8f048405ce3adb8a5894346d77672 ec9679784e4e56780bf5a3352344504a071121c9c5e1a10498cd2d2d8fbf1cbb1141a6a9c66f6a82422150ee9130bd0a
CLIENT_TRAFFIC_SECRET_0 6d4887289f9e169599b3d75dbc7e203af0d8f048405ce3adb8a5894346d77672 577b1420a623421a515ab5491a4b2dfa9bb977e39482ea8e1b07942d15b2280d15b2a7154a794b8548f1241e9d42f28b
SERVER_HANDSHAKE_TRAFFIC_SECRET 864f7d83b872f1ed9d628a5820f0f30c314fdf7d270a09faf28c60c6fa71cd35 f690c4899ff3f5999f6eb086e155beec4dfdf13c73fe68315273572092563518fd4c9b1063338863ebbec8389e439fc2
CLIENT_HANDSHAKE_TRAFFIC_SECRET 864f7d83b872f1ed9d628a5820f0f30c314fdf7d270a09faf28c60c6fa71cd35 1b9206af6b10e78e3ef02754826a76b4742ed3b1d4905b36ff74cab66fd3039209715b907962f1b699c9a477420fbff4
SERVER_TRAFFIC_SECRET_0 864f7d83b872f1ed9d628a5820f0f30c314fdf7d270a09faf28c60c6fa71cd35 08dd6ef4a3aa549ba2fc30cb61f70f374dc888c21e0c801cfe1e209ac6cd5eacbab379b42b8076d8ebbaae6e88e8ecb6
CLIENT_TRAFFIC_SECRET_0 864f7d83b872f1ed9d628a5820f0f30c314fdf7d270a09faf28c60c6fa71cd35 9b1aacad070f63535ced4a70fbbcf0602f07a7f2714f31e7c975005d80d21b9b8d2c771c32d10054d13cca1d6f6b37ed
SERVER_HANDSHAKE_TRAFFIC_SECRET d4b040928c8fa63cad777e01609f80720cbdb048bb50e47f8106a758c333f4d5 11c8ccd0e97d5a99a6228520f5b3ee713be7054425598ad3a0cc03a7e8dbca2db6ca205b777a3bfe5c39e127dd28079e
CLIENT_HANDSHAKE_TRAFFIC_SECRET d4b040928c8fa63cad777e01609f80720cbdb048bb50e47f8106a758c333f4d5 1a729ecbac394242300ddea5ee9c6294ab2c9f090dd8b4fd06c14d10d5c9de3cda1d8a4378d4f5ecd647210ec06fffd9
SERVER_TRAFFIC_SECRET_0 d4b040928c8fa63cad777e01609f80720cbdb048bb50e47f8106a758c333f4d5 03126fb3c4a28d1a47227fd812513ba66ab6122aa37132ea6f8b6417264a6531357d9aa95ac264e788cc53c67403ab4b
CLIENT_TRAFFIC_SECRET_0 d4b040928c8fa63cad777e01609f80720cbdb048bb50e47f8106a758c333f4d5 fd4529d26d4eb567e1a50fd12135944d21216be4294b415fc01f43bba1bcfb8ec8a7024aacf8fe590dbed06de982427f
SERVER_HANDSHAKE_TRAFFIC_SECRET 155c44b45d06cda2037167e062891dbc45248528dcfbab89926bdd7e7eddf7dd c0a4f63317056410d91775dee2d3a00384fc65b179354d30449960855e35f9f09761b8d539f65e894a650babdea30ecf
CLIENT_HANDSHAKE_TRAFFIC_SECRET 155c44b45d06cda2037167e062891dbc45248528dcfbab89926bdd7e7eddf7dd c044f1dc34a640c061d8e893ce8bde2beacef0b3208175731ed88086b268fe92f1b8102c14ebe78d95929313af763794
SERVER_TRAFFIC_SECRET_0 155c44b45d06cda2037167e062891dbc45248528dcfbab89926bdd7e7eddf7dd fe1165f45bf994903163a78e23059e168efdbbcd6b1f23f0a2e9064b71542af08aaba26859505b61f7851175cdb9afc8
CLIENT_TRAFFIC_SECRET_0 155c44b45d06cda2037167e062891dbc45248528dcfbab89926bdd7e7eddf7dd 018509c5284eb9d4c3e48f9bfd63c70a1d41f0ba28beab7a2e5a9b3a18c45387fe861de44dfd34e52f88e42c0f98cf26
SERVER_HANDSHAKE_TRAFFIC_SECRET 3b2e5a705244fc235f3ee8bc73886c0ba1ee6268a37c4941097633f41b036c71 2b8b2fb50e8eb43a04097affdd3578d6c94ea75540cce5dd2e38fcf8751b20391aab48d0b9ec9da71e501fe18d3d340e
CLIENT_HANDSHAKE_TRAFFIC_SECRET 3b2e5a705244fc235f3ee8bc73886c0ba1ee6268a37c4941097633f41b036c71 8211c12dd79bbeb7fb6e478de8718c7e8f728282536b572d13bd9e3246c398a032fbbcd68e8e3210a4b9bd7c95cc75e9
SERVER_TRAFFIC_SECRET_0 3b2e5a705244fc235f3ee8bc73886c0ba1ee6268a37c4941097633f41b036c71 fd13c8419fcfe8d4ba237dd42d7c3a3398fc7e8f57545071ed09cf4b0e7f2c623ed4cec1314382de1486c2f760be4236
CLIENT_TRAFFIC_SECRET_0 3b2e5a705244fc235f3ee8bc73886c0ba1ee6268a37c4941097633f41b036c71 9d90ef37dca21c1ee9ca3ec5d0c5ec095b651005d1270277f2aae9b9799a8a830344159cf49e04b6ace9fd5f05035d94
SERVER_HANDSHAKE_TRAFFIC_SECRET b8c6ce73ef937f4f39a0b7d817ec32d3b51e167e8215823f9ab08d04ca3fa833 266c67a143d54dc17c8fa7ad2f30a385b173756c17a6c4983e15365889a60da26a3f07b30bbb4cee700f61c7a941b14f
CLIENT_HANDSHAKE_TRAFFIC_SECRET b8c6ce73ef937f4f39a0b7d817ec32d3b51e167e8215823f9ab08d04ca3fa833 d098e955518436d445597f374f3ad7a284aa3f29cde581e30fb7f9bfd602bb6d2fee521d1397abe166ab0500e975a8df
SERVER_TRAFFIC_SECRET_0 b8c6ce73ef937f4f39a0b7d817ec32d3b51e167e8215823f9ab08d04ca3fa833 1ef753f01723688747192908379187504fb438add8e54e74e86c1e534a14c3389f40507930187d2afd59bcf5fa388bc4
CLIENT_TRAFFIC_SECRET_0 b8c6ce73ef937f4f39a0b7d817ec32d3b51e167e8215823f9ab08d04ca3fa833 892233549f4891fc9d76dbeb82644aa574f6fc44a72078e52cb44a3bb35c105a48ca893f98d450ca223ab05fcff6fb91
SERVER_HANDSHAKE_TRAFFIC_SECRET 2ee28f53534adb558080a9510aabb99c07c98b7ded3cd5b75844e99f1efa9861 5b3a25cfead25360f0479ff3e438c1d80d3b0338079b72746b2071ca9e74ca2acaee61ddd9fe28b91d9195e3be197004
CLIENT_HANDSHAKE_TRAFFIC_SECRET 2ee28f53534adb558080a9510aabb99c07c98b7ded3cd5b75844e99f1efa9861 03e1176b22057f41a7d84e194c80a8c7c957c013d149a6dde0efa9a4e8e78ba9d2449f8d592c6887164166aef108a722
SERVER_TRAFFIC_SECRET_0 2ee28f53534adb558080a9510aabb99c07c98b7ded3cd5b75844e99f1efa9861 1eb0c4d71897f3c02f517a5358cf7d846ea2b66904cee5c98025f78487e36856f53e76a7337078c5df7d891caf8926d6
CLIENT_TRAFFIC_SECRET_0 2ee28f53534adb558080a9510aabb99c07c98b7ded3cd5b75844e99f1efa9861 2b27f88d4a8e5c96a8bc20841c63a462c1609a6c06493521eef9008adc878bb0e73b26e9e97b5899ecbec5f57b79f3b4
SERVER_HANDSHAKE_TRAFFIC_SECRET c5eb0f25343625892c6a519533f1c7a0db54a90f449956ac1843e46accbd7b6c a7c7e4fbc6be263138db201f9b36fe220f7920eedde9623751330066933767ebf0b0a8e966365872bca8a450cfad2572
CLIENT_HANDSHAKE_TRAFFIC_SECRET c5eb0f25343625892c6a519533f1c7a0db54a90f449956ac1843e46accbd7b6c c896b78ee31d3269ca6655441ecfdbd06adbfc86f789e3c473db66a17bb760e5c5c51282e0b51418c84ecca1087916aa
SERVER_TRAFFIC_SECRET_0 c5eb0f25343625892c6a519533f1c7a0db54a90f449956ac1843e46accbd7b6c 4de3112eb5c2586682dcbe831c3b60c1382e9d53fb0b30c8f3b3953c01998dfcf8a8d486dc9959306207de10de4f700a
CLIENT_TRAFFIC_SECRET_0 c5eb0f25343625892c6a519533f1c7a0db54a90f449956ac1843e46accbd7b6c 7a2697da1de3b1aa06c03447516d15ddcbdffdb61129bb5efbdb23141fe295b11fceef1cfffad7d8f07c1a223821a8d2
SERVER_HANDSHAKE_TRAFFIC_SECRET 21bb9279954329b47325f9cb9a7ff7d017702908ec1a09012206aefeda2dc67d 8d800181cb50d7291b3c974e3f38f0c2ea0ec6e8408a17f91301d860bdf8e16460da439588421985a142041f5d001584
CLIENT_HANDSHAKE_TRAFFIC_SECRET 21bb9279954329b47325f9cb9a7ff7d017702908ec1a09012206aefeda2dc67d 045c12c391e0d4e881f67d0ddbf6822be2973819f683438eaeb19e2802c9ecc2a21c4c5445a1aaeadd9435fcb9c89892
SERVER_TRAFFIC_SECRET_0 21bb9279954329b47325f9cb9a7ff7d017702908ec1a09012206aefeda2dc67d 18a76c183924120172a3398513b9e868d3f3b8d1d1d06d4a9fb73d69b11fff321ba6fcf711ff74a89e5802dffa149c5d
CLIENT_TRAFFIC_SECRET_0 21bb9279954329b47325f9cb9a7ff7d017702908ec1a09012206aefeda2dc67d 266a73d66265b56953ae70c85c4f2ded140b66553e599900ed9fb770cd1546d13a812d6ad5ef0358a882421efb93a86e
SERVER_HANDSHAKE_TRAFFIC_SECRET adef45e0e9ffedf95fcb274da7541ec2216bab93ed90c6bd2681f04742974a25 13a558bcaccdcc471f9dd5b9527d3e4454eaf304055ccc9dbd7350b95bff494fa9bbbd773728df2573089383a6c7ebd7
CLIENT_HANDSHAKE_TRAFFIC_SECRET adef45e0e9ffedf95fcb274da7541ec2216bab93ed90c6bd2681f04742974a25 98cdc3e3ed4d096b5232fd94736ae04c797ca6d76d985f515ed9e359f12d76d8f55c4232a6fc03655af600275aeb2b9a
SERVER_TRAFFIC_SECRET_0 adef45e0e9ffedf95fcb274da7541ec2216bab93ed90c6bd2681f04742974a25 426ccd76cbf9cd9b34756938d962a8c659590b1c294f9ff0fe46449b27eb1c1a3af85a32fb3b66b4392aef7519d28671
CLIENT_TRAFFIC_SECRET_0 adef45e0e9ffedf95fcb274da7541ec2216bab93ed90c6bd2681f04742974a25 8b834ac79001504f7c1753ad15af98f43ce2b913ef947316b47aa0c5df1033fe46cc0d1264e05d2ad1d05ddd6a7e72ff
SERVER_HANDSHAKE_TRAFFIC_SECRET f3e46dd66c6a2f02fe437cf473220da37645d5e723463aea0dbeb837e16575be e72ce30c5a90bc52a42b4487e7b9af5908a6d697ad66115af1ba3e413c101bebe61321a331cf53fdc212f9c52ba35779
CLIENT_HANDSHAKE_TRAFFIC_SECRET f3e46dd66c6a2f02fe437cf473220da37645d5e723463aea0dbeb837e16575be cf1a7c414027be8215fa28779376e71e3d1b1a04f46158552165a5244b8472cdb536205200f30a27514706c9329c4cd9
SERVER_TRAFFIC_SECRET_0 f3e46dd66c6a2f02fe437cf473220da37645d5e723463aea0dbeb837e16575be 88f25d141d6b32be296543266b493b70b138253c437a75439c54ffacd6d2a1a84d94100022a736aa2e848939df395f7d
CLIENT_TRAFFIC_SECRET_0 f3e46dd66c6a2f02fe437cf473220da37645d5e723463aea0dbeb837e16575be 415ecfaf32df347ae4ad412bd6adb0e2d26a67b48bb7b0fb33f6cd4f618e12502aaffb4aed3d1d82d31028b92067012f
SERVER_HANDSHAKE_TRAFFIC_SECRET 6660101ee12574d0454315ef563f7a7ff565abb887f944aa8a5ccdb6389e96e6 93b93f0f82dbdcb55720eaa035cf5a54e2df71ef70f6541e2633ff9d4d2b3fc1cf2fcc651d1e39185aacd39a83027e99
CLIENT_HANDSHAKE_TRAFFIC_SECRET 6660101ee12574d0454315ef563f7a7ff565abb887f944aa8a5ccdb6389e96e6 659bce22b217d85e657464490c4e00487087ad16dc60d780525f28644c2ba48154f27f89b88e6d59cddf8c031cb399ec
SERVER_TRAFFIC_SECRET_0 6660101ee12574d0454315ef563f7a7ff565abb887f944aa8a5ccdb6389e96e6 ba2581f36a9e66370d1ae0fb125b18c1467d901238155e2e2b3310be0f96fa90aad34810e417f53b2108afbc4e414644
CLIENT_TRAFFIC_SECRET_0 6660101ee12574d0454315ef563f7a7ff565abb887f944aa8a5ccdb6389e96e6 1a9ceb86356fa2b77dbb6b71eb44de0c7f4b8e6b7ab803cfef0611fd7015b67bbc773e6d05ccce5bce88acd39bc367a2
SERVER_HANDSHAKE_TRAFFIC_SECRET 79df1c70c53c76dae07b9314aa04d1cd51611b5171bc6a5c8386d6afafd71447 4e392b66d34f1cf5325d52e6a9cdfe6de5ee772951b33a8f8cd399c122e7f706e5e6ec84c9a4d2003161ae7ddecd9117
CLIENT_HANDSHAKE_TRAFFIC_SECRET 79df1c70c53c76dae07b9314aa04d1cd51611b5171bc6a5c8386d6afafd71447 ba3e857ed2201b15d5dd1637ac8ec7f2af86331976a9dafc7230bb5e75569de301dad380b0e0285abf2ddd0917b7d516
SERVER_TRAFFIC_SECRET_0 79df1c70c53c76dae07b9314aa04d1cd51611b5171bc6a5c8386d6afafd71447 faa3f3e8d1d1c3610c819fc6171022b99105d2d33a758d1eee78586625534560c3fc5a616c16da97434419fb35fb8129
CLIENT_TRAFFIC_SECRET_0 79df1c70c53c76dae07b9314aa04d1cd51611b5171bc6a5c8386d6afafd71447 d1e0c43c7e207a8647ff00a141f9b5bfe384e7b050459d9ed4fdebc8b6c4f45784e92435e894a0819912de0ef0c481b0
SERVER_HANDSHAKE_TRAFFIC_SECRET 995c1c379c0e3c1eb9ef1ea374115255565903c9731457a5111c0af1606fe43e a91fa2b82b5f46f5bd1e359bc1afaf843dc9da5303d68d72d90cd9519be27a21cc2a163971949fe3fe56c1422f7d09f4
CLIENT_HANDSHAKE_TRAFFIC_SECRET 995c1c379c0e3c1eb9ef1ea374115255565903c9731457a5111c0af1606fe43e c81a18d9715d7c95590f18fac9e182ba90989668705090384f8487d4c82e854f47aad6da78880888fdea5d2043da0d1f
SERVER_TRAFFIC_SECRET_0 995c1c379c0e3c1eb9ef1ea374115255565903c9731457a5111c0af1606fe43e e09f5254bf0e29d8084013a471afea033b6fa54dfeeb381844fcd74987b8923a7b11b6b7caa9c772f459cc96ffdc0f4f
CLIENT_TRAFFIC_SECRET_0 995c1c379c0e3c1eb9ef1ea374115255565903c9731457a5111c0af1606fe43e 8e02274f30a282f3e32e30a5178f0ce6e1daf6b4ac455d1f98ccddd6af7d5c85a42953c2f7b3c26a9d625f66dbd4cd17
SERVER_HANDSHAKE_TRAFFIC_SECRET 6528e76170869f53919d442ab71403f265db71b2ffaba27d93705ff9178cb1db 2f839ca28faa0c27411f9ee217f56c1766d1741cd2d349dcee3cc0c06d614f6fad65a0faa2ae3111d9421e9788a5cb97
CLIENT_HANDSHAKE_TRAFFIC_SECRET 6528e76170869f53919d442ab71403f265db71b2ffaba27d93705ff9178cb1db cb8f2420fb9f9132a8ed55f410958ed19a585a2db864fc6794f8f785a47b1b824ae9034fd8ad82dd8bf1267f65e48a2a
SERVER_TRAFFIC_SECRET_0 6528e76170869f53919d442ab71403f265db71b2ffaba27d93705ff9178cb1db 7d338a7bb9f14a08f8d5b5de652dd71450724a1c1ea30a71601cb3291abd01f5dc73b8d981f6a9d81d6e83d3966647fe
CLIENT_TRAFFIC_SECRET_0 6528e76170869f53919d442ab71403f265db71b2ffaba27d93705ff9178cb1db e3e899b4a1bbb89a0c35c558dda0de349acd5ef74ba3f366ba14862d4790641129b9230d2ba50a689584136cb7077c0c
SERVER_HANDSHAKE_TRAFFIC_SECRET c03189ce07feac22f369c46d8d158b7cd500ef4088b33541612e7ad3b4ceee0b 0d3cc48471827da49ea6159c049ec6141a5c91cddb52213b28925eb14c64f130f35ee118fb035900f05640a620785779
CLIENT_HANDSHAKE_TRAFFIC_SECRET c03189ce07feac22f369c46d8d158b7cd500ef4088b33541612e7ad3b4ceee0b 467d403b3887debd12bbde660559560d69f9df7c03bc12ff3906ff8dc3d00763ea5ec52ee426699a162c5c69ac8ce27d
SERVER_TRAFFIC_SECRET_0 c03189ce07feac22f369c46d8d158b7cd500ef4088b33541612e7ad3b4ceee0b cb12ea45effe363e6a819c25a3af52766ac25581e908b07dd063cdee22cb295ab4cb52ecccc01f03f2ae103c9fc12ba9
CLIENT_TRAFFIC_SECRET_0 c03189ce07feac22f369c46d8d158b7cd500ef4088b33541612e7ad3b4ceee0b d1195aec4dd3a4029a3f79c902412cc4e1cd2ab4c5c17e541b8c04b8175330068b236a888de7aa5a8eca1b1ba06c3dc2
SERVER_HANDSHAKE_TRAFFIC_SECRET 36a7b85e8f3c2d262c0955c51b65c3ad51de6c3354825d908498364ac69b4299 e50389e321d9b9fd83fc1344bf7ef81e09ae1bdaed9699847343e3057687b9b5a022c17c606469c92b22fcf1f6df6e5e
CLIENT_HANDSHAKE_TRAFFIC_SECRET 36a7b85e8f3c2d262c0955c51b65c3ad51de6c3354825d908498364ac69b4299 ae94313d7c79b9437b0c21790a200fb172a997527446e87eb87443892ac534bd198fc211e8956dc05bc0e9fa095fee7a
SERVER_TRAFFIC_SECRET_0 36a7b85e8f3c2d262c0955c51b65c3ad51de6c3354825d908498364ac69b4299 547660eedd5b9633c84296ebcef0064407e23aa29237b2714689641c0cbec19ac60ad347dd392a928635ac766f344401
CLIENT_TRAFFIC_SECRET_0 36a7b85e8f3c2d262c0955c51b65c3ad51de6c3354825d908498364ac69b4299 20c14935133d698297fd87ca74f0fb2451cac370ca49b10aa9358f976729f821732a89d838edbf1454b40ccbf70e0d4e
SERVER_HANDSHAKE_TRAFFIC_SECRET e1e2b220108dd543627c652b48775f4f8e91ce0454cd036f22c7528d032735fb c9ee57f0932525422555b7d5c5d1f85b7994b346364449f223db34773821fa88cc88db3245ba61aaa64db13d3aa90459
CLIENT_HANDSHAKE_TRAFFIC_SECRET e1e2b220108dd543627c652b48775f4f8e91ce0454cd036f22c7528d032735fb 9db5380c11e0cfa74c800cc381c2e852e9f32fc9e2a553f8b93e6c5615de324f4f0159d53f399eae2a465795f64d24df
SERVER_TRAFFIC_SECRET_0 e1e2b220108dd543627c652b48775f4f8e91ce0454cd036f22c7528d032735fb 233073d761eaaeeab91eb28639f8f08a47c3219f6b64f96bc9407db1b7e8b0a6e02b8ee955a8124db5cd94ffe3484142
CLIENT_TRAFFIC_SECRET_0 e1e2b220108dd543627c652b48775f4f8e91ce0454cd036f22c7528d032735fb 483705c6b7adf74ca95d940de784819247f681b6a81d8b4e7db472203c352559f7f8d08bd51e3c3f03b68b5b1ed6391b
SERVER_HANDSHAKE_TRAFFIC_SECRET 96779f693b30022a98f2ef0a6153d690bf7374fd26d3171a9478388cb1373255 dcc8e944f31c57b38d691949d4e9434ab44edac221b5f4c509c08ed6b36f82f6a42f13669774202c75c7f5741c86c68b
CLIENT_HANDSHAKE_TRAFFIC_SECRET 96779f693b30022a98f2ef0a6153d690bf7374fd26d3171a9478388cb1373255 2d01fedd3f13880ceb970b6a14855771a90cf02d75f7df92761e85aac6e1b29d5eb839eef5206635a01e970d6e0ad86f
SERVER_TRAFFIC_SECRET_0 96779f693b30022a98f2ef0a6153d690bf7374fd26d3171a9478388cb1373255 4c44089f573ebf6ccb4eb2e1f9ce7f6990298d129ae0a0fecef5b47fac90b7120d7a2f763077239f2b4678726cbb42a3
CLIENT_TRAFFIC_SECRET_0 96779f693b30022a98f2ef0a6153d690bf7374fd26d3171a9478388cb1373255 498005dc0969e2a1274522e22a5e411b73277875b013261ff4eb7497bb139c0793be87664410ce5a43d9b5f321202fec
SERVER_HANDSHAKE_TRAFFIC_SECRET 6e6f1263f1ef80c330cc12e7afbd05c10603d76e8e1ef9fa286a35bee83e8c72 e4b0fc0a1239296024e5f8768ea2e2d2c1640f951ddc70cb49b760c565a96e85b54f33609069ded4e55d9fbafbafc1ce
CLIENT_HANDSHAKE_TRAFFIC_SECRET 6e6f1263f1ef80c330cc12e7afbd05c10603d76e8e1ef9fa286a35bee83e8c72 2ec3060b362668c85de0fb11761d40692e91e20833ec0a2a079671e82a8b625ee32eaf1b326b1d2ac2ec61083db38314
SERVER_TRAFFIC_SECRET_0 6e6f1263f1ef80c330cc12e7afbd05c10603d76e8e1ef9fa286a35bee83e8c72 abb00b7510471f10214ac98b64fba1a0c32cb1f38f0f10f1b5eab04c8e4f6824e88eeac38be966c8b1f5e2b849ea8a20
CLIENT_TRAFFIC_SECRET_0 6e6f1263f1ef80c330cc12e7afbd05c10603d76e8e1ef9fa286a35bee83e8c72 e415105efb39f657b9d5efc51f8c83d0d51dbc11df7f84cf799665b532600519e7bc2bfed0b8147a341110b88dfc824d
SERVER_HANDSHAKE_TRAFFIC_SECRET 9de7453fd339ea86b90930537761c237cb7bad25559f534b499e8257ac553eef 6d6ee5f45ce08e571b88a4eaf0821c0eec4a803b42e2e4e88886ac00603a1d1105d235f9f57393f4a219fd7d3d36247c
CLIENT_HANDSHAKE_TRAFFIC_SECRET 9de7453fd339ea86b90930537761c237cb7bad25559f534b499e8257ac553eef 5e9f58247526eaae74609df30c1cdd085f10f37f78b1c73ec006849fe5824d5a60b5ec4f4ab37e261425b44bf0b7fcf6
SERVER_TRAFFIC_SECRET_0 9de7453fd339ea86b90930537761c237cb7bad25559f534b499e8257ac553eef 660ed24c2c21adfc4a096c4a82403a896fae93c9b9c2ab4ae33f3bae46686fe042c360092d6cea01ab08b5b4e58ad3e8
CLIENT_TRAFFIC_SECRET_0 9de7453fd339ea86b90930537761c237cb7bad25559f534b499e8257ac553eef 93500cdf040e2be691934aca2c947430fe1642aaebfbacc5f1c57dca613463386f14d2e2c9ecf78448fbce52362f1a76
SERVER_HANDSHAKE_TRAFFIC_SECRET 9b18b7f3d78a2e9083183df8fd2d5d7e4e731bfe96afa81a85f40e0569d61b8b 2b344b80684fa5182cf0d2efa3c0e463af588ca6b59c855fdcaf2857aa3dd8ec897d732035848c782443089dd500f84a
CLIENT_HANDSHAKE_TRAFFIC_SECRET 9b18b7f3d78a2e9083183df8fd2d5d7e4e731bfe96afa81a85f40e0569d61b8b 94836c42ceadbff94e582a4214cb47d98564c04627551a0211c1eab1d915ba1bcca0e098d1ffad2302109a786b8f0dcb
SERVER_TRAFFIC_SECRET_0 9b18b7f3d78a2e9083183df8fd2d5d7e4e731bfe96afa81a85f40e0569d61b8b 9f316fe08b8cdcf147dd601f845450d2298394f61853a9dc86431d35e936209ebc904d718f65562583644053998064b9
CLIENT_TRAFFIC_SECRET_0 9b18b7f3d78a2e9083183df8fd2d5d7e4e731bfe96afa81a85f40e0569d61b8b 5b7cab1558b4f300272f35b5213f227d4c3dde55f900000ce0b7fd67c59c990a3faa329b30cf7b77ab9402c763885737
SERVER_HANDSHAKE_TRAFFIC_SECRET 5d8744dcf344b5958690efaeb238e5351a2b1451e461bff5ded516b82c7919ef e99d4333ad94a7338c9e12b245eeccf57cbaaa729dacd502baec39f8d1984817ccfb6bd415dba4ba0d97bd53cc0190c2
CLIENT_HANDSHAKE_TRAFFIC_SECRET 5d8744dcf344b5958690efaeb238e5351a2b1451e461bff5ded516b82c7919ef 659e4be34a3311dac6a8b6e035ef6621daefb488cceb1af7b70e20ffacf7f43f4d8a5f22fe37d4b9ccef57c7bbedd8f6
SERVER_TRAFFIC_SECRET_0 5d8744dcf344b5958690efaeb238e5351a2b1451e461bff5ded516b82c7919ef c099ba0b737ef7e87524ec17bd294ec1ffa351881ee3e920559d869d83fece61ca147da134c9f50311b956ecc705bcb0
CLIENT_TRAFFIC_SECRET_0 5d8744dcf344b5958690efaeb238e5351a2b1451e461bff5ded516b82c7919ef ef0f91f240f1622df6ea5512488c0c4110d1af3aada168709c7a1819e21a486c3801da293271265a2564d38487a086ff
SERVER_HANDSHAKE_TRAFFIC_SECRET 4b43f855209f7abaa2cf9115e107aafdc361b41b2a7aec0b4e4370790b7ffcc8 a7b621815c32f1495e523b1dac271e5a9ef63d31246bd3bbf12b43080a07465f3dcf0f671117606280e3a30b8c802b6d
CLIENT_HANDSHAKE_TRAFFIC_SECRET 4b43f855209f7abaa2cf9115e107aafdc361b41b2a7aec0b4e4370790b7ffcc8 777973f02ac3b020aeb384df81dc9ba82fe926cdbdd4e623435f2f9b76587a78820831fc64fe43b3f2c057d72a4183a8
SERVER_TRAFFIC_SECRET_0 4b43f855209f7abaa2cf9115e107aafdc361b41b2a7aec0b4e4370790b7ffcc8 cc377c246b24e122108b24b7fe7bd7a746bac1106df4f686f13c593332256d0cdc83a30b72bfd68ddc39b2cd66fbfee2
CLIENT_TRAFFIC_SECRET_0 4b43f855209f7abaa2cf9115e107aafdc361b41b2a7aec0b4e4370790b7ffcc8 c25d74bca29d284cb110c1ac4cd80cb47f91c6d5ef410efba2e9cec04615d52acc5ec8b88ae3ff806dd30f10c4863d9a
SERVER_HANDSHAKE_TRAFFIC_SECRET 08fb8c967578a4c0e242856565ba91c3b63a6e9c772e49de01d26e0efc136232 124d0b24c6998ac9a9fadd53f463b058c0211213441dfc630c9f062ffacc8735d133660618a17d7dcb18e053dd94f5db
CLIENT_HANDSHAKE_TRAFFIC_SECRET 08fb8c967578a4c0e242856565ba91c3b63a6e9c772e49de01d26e0efc136232 7f462005907bed5218939079a4810fd70559252a3ddae6a28f7bb99731f23bc71a93a48c301cab62b48c2dfcc7d7047f
SERVER_TRAFFIC_SECRET_0 08fb8c967578a4c0e242856565ba91c3b63a6e9c772e49de01d26e0efc136232 8cf2b4dec4038ccd38eddc9a30a2d85ceb873605402065259fce71be3a797c8e3f7ae1d546c1cb77eb45add4f320cd5f
CLIENT_TRAFFIC_SECRET_0 08fb8c967578a4c0e242856565ba91c3b63a6e9c772e49de01d26e0efc136232 b068b1f5fbb9740f1fd7bbf255628d42f4cf3558c3a176608dc627579e27e54e3e99f101ba822e1b349894a40fb9ebf6
SERVER_HANDSHAKE_TRAFFIC_SECRET 9578f38c88de7f2339d460ad7843f48e21392e8e4d7822ed63ae3b5815cdb156 fb35ccee6e50c47968decd5f42069aa84bb4ad7dfff904e161256b267d8f5195c9a822fcf7c917dccb1d521ad1263a55
CLIENT_HANDSHAKE_TRAFFIC_SECRET 9578f38c88de7f2339d460ad7843f48e21392e8e4d7822ed63ae3b5815cdb156 0f0b2938a94119d9e2b3103ff12e550c00b7ea97e743cb38d7892ce771d84a120aa271a40ef701a44696495e3562cd6c
SERVER_TRAFFIC_SECRET_0 9578f38c88de7f2339d460ad7843f48e21392e8e4d7822ed63ae3b5815cdb156 99b8b8efdf88fbeff64fd896d0947f349c49d1f34dc3ae568bae7fb1d586c66cd7031938de66300be189d499f476e602
CLIENT_TRAFFIC_SECRET_0 9578f38c88de7f2339d460ad7843f48e21392e8e4d7822ed63ae3b5815cdb156 e02044c18b94c3c5ad33966567d6c61376534686d19f8f2fb338bf8cdf38a6a7d300ef28c21e93c8a61422692edda3e8
SERVER_HANDSHAKE_TRAFFIC_SECRET a51016e4ab116135f71185850c7b079899369f15e53ead895b35512e62c07117 284c0c0bf1ebade408f6a95d850f26d35a155a45ea6d467b58264e5adbf5acb8cced2b8fc672855951a3d922172b995d
CLIENT_HANDSHAKE_TRAFFIC_SECRET a51016e4ab116135f71185850c7b079899369f15e53ead895b35512e62c07117 122c0a6c7ba1d00e541fac67a3a2dee0eff1c998b3a26fce42d87e76fb249e840a9ba395924bfb9a4baafb7e0bd2070a
SERVER_TRAFFIC_SECRET_0 a51016e4ab116135f71185850c7b079899369f15e53ead895b35512e62c07117 67c2ed972fa75aec8d6477cc7f4a170d01eb278418c332764079ea3ce77b8ef69f0447ff66d10f8245cee8b4a11f9389
CLIENT_TRAFFIC_SECRET_0 a51016e4ab116135f71185850c7b079899369f15e53ead895b35512e62c07117 1cb6c315328915c79fbe8db43a5a4ba10db23373efaddb7a163384a4f0adc7ae5145101ce15f52a3544fc91f6b5f1440
SERVER_HANDSHAKE_TRAFFIC_SECRET f63939fddb3b2cbf386ed33854505437f025f98a98552ece60104951ef0466ea 8bbf4d6a90844a5bd02de12db8272d0f417e1df3db7af7b687d98c4dfecbb486e6c5a1b74d14c6547d035b70f6b766dc
CLIENT_HANDSHAKE_TRAFFIC_SECRET f63939fddb3b2cbf386ed33854505437f025f98a98552ece60104951ef0466ea b24386d649ccafe2ef3919aea0773c19f3022f95ae46633851064917fd496fc7e05108da8a9954914e590c743d84c41c
SERVER_TRAFFIC_SECRET_0 f63939fddb3b2cbf386ed33854505437f025f98a98552ece60104951ef0466ea 322ca8752e211b1cec7109efee8fe0925995b8be9bd567f0d574774c18570685bbeeb561f2cb25bc4826c90a1fca50c2
CLIENT_TRAFFIC_SECRET_0 f63939fddb3b2cbf386ed33854505437f025f98a98552ece60104951ef0466ea 73bf3d294e44592e45b4cbbacc0b5c4fa06e4abe134d27eb36fa8cdc0051cfd68afc7a78d3cf1ac17d0c05aca31f3223
SERVER_HANDSHAKE_TRAFFIC_SECRET 00d894967b05fb9436cec980e95da4ec3e3ae9647af2fc5e20a09c33c61ac770 faa47f902cc37336f6d86c997d3c4fbd418bca849d9013e1888a35e8916bfead5de15a2fc831628c1176704a9d0bb430
CLIENT_HANDSHAKE_TRAFFIC_SECRET 00d894967b05fb9436cec980e95da4ec3e3ae9647af2fc5e20a09c33c61ac770 5cb63fbe41cb8d09527dbd02990cb9ff15cfeed2dcac5ad354cc9184cc922a8d3322fa1445dc0b6b609a7bce397ef85a
SERVER_TRAFFIC_SECRET_0 00d894967b05fb9436cec980e95da4ec3e3ae9647af2fc5e20a09c33c61ac770 5361b984b7cc1f19db76289e563a37f28c9ae49ccf36eaea65a80b39c3feaae189ed0975e13d86766ec5bc1dbbe45a09
CLIENT_TRAFFIC_SECRET_0 00d894967b05fb9436cec980e95da4ec3e3ae9647af2fc5e20a09c33c61ac770 99b7a22e424e1ddf92ddb45c6c07f8818d1101dcc060c960efb08eaeb2a877ada15232cf9d38c24f46c1768a00897d0f
SERVER_HANDSHAKE_TRAFFIC_SECRET b8ce4e8ac1a4c4cb45044aaba834059bce0452c5f113cfde3cc628669a40f679 353b932bda78cffc8128678510a20b7db3800b9e25d607637ddd92b7c8f33b6879720ca582a351655845a17192463f7b
CLIENT_HANDSHAKE_TRAFFIC_SECRET b8ce4e8ac1a4c4cb45044aaba834059bce0452c5f113cfde3cc628669a40f679 23e98fc0e1f8ba3f30189f89a40920c2be342b1534db06ee0c891a66da88c497f1b07cc7a551da1181252fc447020518
SERVER_TRAFFIC_SECRET_0 b8ce4e8ac1a4c4cb45044aaba834059bce0452c5f113cfde3cc628669a40f679 b0fb8cc813359f5c94f7d93a8841f3bc18fe5ca765602e1e10ff457927ae156898c244c68725a2dd90cfc24fa0852363
CLIENT_TRAFFIC_SECRET_0 b8ce4e8ac1a4c4cb45044aaba834059bce0452c5f113cfde3cc628669a40f679 6ef97fac1a6293a2acc8a08f21715589bfebfd27e6e51afeb1433ae44b766c2440eaa22617182bb3fed68185f54673a1
SERVER_HANDSHAKE_TRAFFIC_SECRET e52c0f900c83c779fce2fdea2e48e8491b56c91c921d3393d0e030dd720c119b 6b2ce6c040557f91bd2022b7cddcfe47a4eb34471c50aa418ace3fe6a2976cb9b923a271583b32500c3fe2c9db8c8c48
CLIENT_HANDSHAKE_TRAFFIC_SECRET e52c0f900c83c779fce2fdea2e48e8491b56c91c921d3393d0e030dd720c119b a7085e68f4cf8d61170869e0ee542c402d18dfcf7db1544b63e71c4919c234eb857fbb359449a0792537bd61037434dd
SERVER_TRAFFIC_SECRET_0 e52c0f900c83c779fce2fdea2e48e8491b56c91c921d3393d0e030dd720c119b bc48da145c8e1428b5c2038847dbd83fd2f480c2406ece3907c3d5bd758960b8032f6371eb073da072193857f59e3e36
CLIENT_TRAFFIC_SECRET_0 e52c0f900c83c779fce2fdea2e48e8491b56c91c921d3393d0e030dd720c119b 3d0cfcfcb3c67e58f4ed1a094eb89a512fdf15e268e9bea1a270a594ede07307dd52077113c2a7e61bcc50a7be31a143
SERVER_HANDSHAKE_TRAFFIC_SECRET 4c59ed8e0f4d4ba94c1abd0c84f7576afaacb508d11f61b8cccec5d102e4f6c3 246e0b3d484053ff090faad4e444ddd2f5f2a45eba38c085ad216a380e20698af947f9b0b388d0698c1ecd36d139577f
CLIENT_HANDSHAKE_TRAFFIC_SECRET 4c59ed8e0f4d4ba94c1abd0c84f7576afaacb508d11f61b8cccec5d102e4f6c3 b4444719b0fafb62b3503cb2ffc1f1b492e3f6c76e0975ef54cad1b7e502e9451a50f7168c95af7d3e76a5d9ddf7793f
SERVER_TRAFFIC_SECRET_0 4c59ed8e0f4d4ba94c1abd0c84f7576afaacb508d11f61b8cccec5d102e4f6c3 795398a4a52964a6cbc2cebd5705ee25c0170b0a91b0ebdb4ce7c64059852ec8d44db1683eadfd11b78085fa36237a70
CLIENT_TRAFFIC_SECRET_0 4c59ed8e0f4d4ba94c1abd0c84f7576afaacb508d11f61b8cccec5d102e4f6c3 269904cfa2926555eff1a5e15bf110f405e6d02610056947b520fd91b9bca6359dac728633528b287011e87d74b25731
SERVER_HANDSHAKE_TRAFFIC_SECRET f88d09deefe0e57425957d0a3a6e565a91a181bcb2065ac8d4d3731b7d272ad3 b347820c8f9700f3d5b8b4875cca77cd79f92759d3ab1f3b45dfb86c1024803babe1949ea6c6a3ef14dd2895db816b66
CLIENT_HANDSHAKE_TRAFFIC_SECRET f88d09deefe0e57425957d0a3a6e565a91a181bcb2065ac8d4d3731b7d272ad3 75dc9cd9d64a95e67ad288fc10e91ea7c5ced3d599058385e8169ec497c71108d4de7075afbb0dc96d90753ead6e47ba
SERVER_TRAFFIC_SECRET_0 f88d09deefe0e57425957d0a3a6e565a91a181bcb2065ac8d4d3731b7d272ad3 be79716c06430365d3f8b9511d659c7413d678be8541b92b4ee8ccb053735086ea83a897621e3cdb0fa9cce90919ae33
CLIENT_TRAFFIC_SECRET_0 f88d09deefe0e57425957d0a3a6e565a91a181bcb2065ac8d4d3731b7d272ad3 469094639a6fd13bfc2f08600054f4b4779cbef5f674d14403109b194cae34fe2383cbdec2cef20dc4fad595cd250d27
SERVER_HANDSHAKE_TRAFFIC_SECRET 920bee83cd2430e90d686e0bce9983acae81b4b33c6e22ba0aaa4b9ae7e66d02 32904a095402ff3cac69edbab4e0d106d8b9e487adea31401ab70a3dcbe56fbd4f9004b71a1e918b405274f9308a174f
CLIENT_HANDSHAKE_TRAFFIC_SECRET 920bee83cd2430e90d686e0bce9983acae81b4b33c6e22ba0aaa4b9ae7e66d02 608587702e09fd9b92efe1b7f30ede19653a225bfe73592dce96ae0353abf899318109f04aff81d91d0075281df79d09
SERVER_TRAFFIC_SECRET_0 920bee83cd2430e90d686e0bce9983acae81b4b33c6e22ba0aaa4b9ae7e66d02 492ab5f1c9cc02a6035f70eb5c760b6e2c1294156023ee3c73c5b29cc72c1d15001e8df3487b8eee5a471c9f269ceb4e
CLIENT_TRAFFIC_SECRET_0 920bee83cd2430e90d686e0bce9983acae81b4b33c6e22ba0aaa4b9ae7e66d02 8b2c13e587932d1bd807afaa77667bca4cec7a479ede060d86c521f00a01febcc76f943d050f9545e991226b2c83526a
SERVER_HANDSHAKE_TRAFFIC_SECRET 1159160a91111dc03eba0a27606f4af73869d3ba0c6ef7507689290752c599ba 9c9fbbdce0cd23bdadba20d5089a1dc7b754c68d3392991d0f073294f4b3766b840186187d18e5bc15474d3f715508fb
CLIENT_HANDSHAKE_TRAFFIC_SECRET 1159160a91111dc03eba0a27606f4af73869d3ba0c6ef7507689290752c599ba b335d0679efc014ea0fa1af237d0315bf170200ee9194b0fcd8c0cbda7d21c835acfc280ffe811243a33c2268f7abe44
SERVER_TRAFFIC_SECRET_0 1159160a91111dc03eba0a27606f4af73869d3ba0c6ef7507689290752c599ba 8445aecfe8db90c1fb5b09b0754a1443259b5241c4767518dc96b9d668dcd578e8a239dde666ba1198603f8bc6274052
CLIENT_TRAFFIC_SECRET_0 1159160a91111dc03eba0a27606f4af73869d3ba0c6ef7507689290752c599ba c9f6a664c296ce7821dec61352fd32e3d5493424775a437a328f1e9b50e7758afbfaf1a826396d2c7892b93c2d05baa8
SERVER_HANDSHAKE_TRAFFIC_SECRET b59b51e65754693e216639efa620f552b0705ab70aa335690e12cf440f8af264 eb3be426b005533fe0e51396a9481a4c6c51583004e014ae67ef26f9804728c435f6b0faed0d54c71c253a2ea07b405a
CLIENT_HANDSHAKE_TRAFFIC_SECRET b59b51e65754693e216639efa620f552b0705ab70aa335690e12cf440f8af264 efeb60413f89ce50813f0058218732d963993698d5525150f5890659251b372ed6573f58503b75e1a9fe1cdb0f0387db
SERVER_TRAFFIC_SECRET_0 b59b51e65754693e216639efa620f552b0705ab70aa335690e12cf440f8af264 b60a063cc0b9c7f2d318359fc81ec68b01838131e34742df175d6b7faaa5187431521f30fb0c66f0db28204b19d2aa47
CLIENT_TRAFFIC_SECRET_0 b59b51e65754693e216639efa620f552b0705ab70aa335690e12cf440f8af264 0ebc3972fb67f4c2b70c856b517edc9f3e3437f1e397a689440057b3bbd9c41a8c32c7377138d65225489746773962f2
SERVER_HANDSHAKE_TRAFFIC_SECRET 2025e4aa84f244a76e10e0874665128ea437c232d34fdfa2193e1e6f6647ed94 ef992f6402b90c7855fb416a138d8dca77d615d454d8c306871a4e542b0a04f9f8e5a2954955e32d04f70efbaa07da58
CLIENT_HANDSHAKE_TRAFFIC_SECRET 2025e4aa84f244a76e10e0874665128ea437c232d34fdfa2193e1e6f6647ed94 cc3aae1107be313cd874591353e2b2c816d63dfd43574dda6994120e2b842eea33afa300e1267f54b5c06b904430d3e7
SERVER_TRAFFIC_SECRET_0 2025e4aa84f244a76e10e0874665128ea437c232d34fdfa2193e1e6f6647ed94 2299b784f88ad60452dad3e5f09306c1233de69f035aad8e2726cfa2e2fba1fe5f33a8d6d95f9dc55c323e0b71b8621c
CLIENT_TRAFFIC_SECRET_0 2025e4aa84f244a76e10e0874665128ea437c232d34fdfa2193e1e6f6647ed94 19e33e9a95efeac952ed14b67a2ca4f84d05a107575fd2234acc577f6504de6d88ad464dab3bee6f1a1fca8eb7ac744a
SERVER_HANDSHAKE_TRAFFIC_SECRET 4c2eb5c3acef04004b1e16fe007b99639b0bc7848b136b237b129c4866da89f3 9e4103d0ff979dcf6ec4279367b7ea601fed9ee57a457d90c58465a1ca4fc19f3c4f4095b6657ac6c66883e467c8ea3d
CLIENT_HANDSHAKE_TRAFFIC_SECRET 4c2eb5c3acef04004b1e16fe007b99639b0bc7848b136b237b129c4866da89f3 f49ea8797d7a759218a2ed4a4f83f9d19273d1ba8eb123e8e4300e69d26bec19b97066737e80ad295440870d3a3832bf
SERVER_TRAFFIC_SECRET_0 4c2eb5c3acef04004b1e16fe007b99639b0bc7848b136b237b129c4866da89f3 acbd083b182c2ac2d0e1eff1622eb4bf9dbc33b06a9631a9fa7006e6ecb3e87b21696cc3100d030486d02f25b0bdb1f0
CLIENT_TRAFFIC_SECRET_0 4c2eb5c3acef04004b1e16fe007b99639b0bc7848b136b237b129c4866da89f3 e814145be31730039c3af6f627436b35f24061ac7051158b26e4e841075f474a11dc20381ad13a46ab35a9021c0ab118
SERVER_HANDSHAKE_TRAFFIC_SECRET a1d211bbe9e520b7480192e898e7ae825691b9492b363ab1c07011a611cd4dc5 07044e1280bb1c47e5cb6d6abecabc3ffab5725b8deab3a90ec020cd882fdf0c1be18b1651d32abbf03d7f6a739c5685
CLIENT_HANDSHAKE_TRAFFIC_SECRET a1d211bbe9e520b7480192e898e7ae825691b9492b363ab1c07011a611cd4dc5 11a16ed79fb713fc35aa33a2b5676ef9c1fc9eccbd6c2ee04bc233053b7db59f3c636919a137e2b9dc2245657c0d1f67
SERVER_TRAFFIC_SECRET_0 a1d211bbe9e520b7480192e898e7ae825691b9492b363ab1c07011a611cd4dc5 0a200f5ff4dd9ff5062292a1fc7452e65723613740ab39bfaba7f3883d9d05835645aef3de33e37aea3b0b5ea66395fe
CLIENT_TRAFFIC_SECRET_0 a1d211bbe9e520b7480192e898e7ae825691b9492b363ab1c07011a611cd4dc5 12b10c5ebccc9f305b3b80210e9fb6f25a69f57f749f2aa7440844f5a21a5f2b5e288d15550a3745c8daec56a5a7eeda
SERVER_HANDSHAKE_TRAFFIC_SECRET e09e3bcaacd31fbe955524deedfafbcb4d4b2375358ca9c16edc9de854cbf28f 87e94ab321732ffbc4c0109dee12b3448d869c720263f7ac138d052ddb73dfb1d07b87d80e47912bd7cf30b4af4a21f4
CLIENT_HANDSHAKE_TRAFFIC_SECRET e09e3bcaacd31fbe955524deedfafbcb4d4b2375358ca9c16edc9de854cbf28f 8d45b5c19b347ed280702beef72df76af1059a96fd22981d039147be4ae9c8d75a89fb1def209b52c06ad5f697163939
SERVER_TRAFFIC_SECRET_0 e09e3bcaacd31fbe955524deedfafbcb4d4b2375358ca9c16edc9de854cbf28f eb9b7c2bd53580b25705880fcafe41e3dbee0e36b067d2a9f5a94a0468474964ed2b1c55aaabb1e4c6b6fd329638a586
CLIENT_TRAFFIC_SECRET_0 e09e3bcaacd31fbe955524deedfafbcb4d4b2375358ca9c16edc9de854cbf28f ed40a0897c9f21a9fdecd654a38a351d53a20e5a5d9cf4bf2a28c283884a7b77fb3f403635b6a116419e4a7716509a59
SERVER_HANDSHAKE_TRAFFIC_SECRET 39a1b62725723c10bd88ec32a2cc861ca7d889d3fad4b571891d9cb790640a3f 401cc6c66b15c592928ec67ee85cfc07787fa47e9fc0f3e901b3afc007bd44adab43eb2b25f054e8512683fb1a3aaac8
CLIENT_HANDSHAKE_TRAFFIC_SECRET 39a1b62725723c10bd88ec32a2cc861ca7d889d3fad4b571891d9cb790640a3f dbb30207d2ccd630e416d25cee212d37013ae3af7e32a5cb8f14150e6d849ec2d51d534259dacba5fc72e5145b0e373b
SERVER_TRAFFIC_SECRET_0 39a1b62725723c10bd88ec32a2cc861ca7d889d3fad4b571891d9cb790640a3f 43de54c99c0851cc1d8ad870ac9233d8ce2eb73212ab7abee871c586f984f96c7727fddad7ab190e33e4de175fdd703e
CLIENT_TRAFFIC_SECRET_0 39a1b62725723c10bd88ec32a2cc861ca7d889d3fad4b571891d9cb790640a3f 1e1994e999349ab3fe856f888a0dc15e2ce719950da9f82563abfec213fe12b53a5b20fb3d95869024f3283f069ae804
SERVER_HANDSHAKE_TRAFFIC_SECRET 7e33963c81741eea096dba5b1fb2409a7424c6013cca9102bac254e3acd35694 a62f24e3d4aef47a499cb2f43df432820b9f91665e3a047efceb18d394212ad927579e5e2e549f44650aec15b27d672b
CLIENT_HANDSHAKE_TRAFFIC_SECRET 7e33963c81741eea096dba5b1fb2409a7424c6013cca9102bac254e3acd35694 0f22d168f38827a0e5d142c213e936f3a82facd6f8e7cacb21c74966b17add5461f8387a7daf184080064e823719d033
SERVER_TRAFFIC_SECRET_0 7e33963c81741eea096dba5b1fb2409a7424c6013cca9102bac254e3acd35694 828a48b7b51b7b02c78e0b81e4c76bf0665eca6514950be2946b527c8b5bd5f92031c7bca12137adecc738d8d6954051
CLIENT_TRAFFIC_SECRET_0 7e33963c81741eea096dba5b1fb2409a7424c6013cca9102bac254e3acd35694 53af356fc06336cb7847f7d6fa3ec77b744e4e740209d760ecd8251311040ac7c43fddeb4dd93faa9d5b44ce9f4049ae
SERVER_HANDSHAKE_TRAFFIC_SECRET 726fdee9bd345ea7cd84cbceff23710bf11a97fdfcf504bc0b93e885fa44c2e1 5f279dfc16fa5e5625e8df89a391b92d835cff42807b5598837fc75ee760cbe2ea5944a0693e544f2c0944ae656b64c6
CLIENT_HANDSHAKE_TRAFFIC_SECRET 726fdee9bd345ea7cd84cbceff23710bf11a97fdfcf504bc0b93e885fa44c2e1 baccca673d8bbf06c2dd500b53c441dcc793fa4bf1a349c8943e7ede49ec0108d06b77e85af08d30a99b84258b7e3dc7
SERVER_TRAFFIC_SECRET_0 726fdee9bd345ea7cd84cbceff23710bf11a97fdfcf504bc0b93e885fa44c2e1 4fc253552f5e15bf625849dbf6847baa4e77c64e51f3cc7ba376780060ca0ba97747ac24a6933a87c22f7b767c5a46d2
CLIENT_TRAFFIC_SECRET_0 726fdee9bd345ea7cd84cbceff23710bf11a97fdfcf504bc0b93e885fa44c2e1 97e1ec2962ffb896d8c784801f2b30a660ebf0dc09a73e78159a25f55f75fc8befe061d5daf1330b25ab686be91bd751
SERVER_HANDSHAKE_TRAFFIC_SECRET 08e5d5b6488cd077d5243fa7e670233b69fb727bcaa7c14cfcd41a56fc1ec73e 7e0fafdc7d9ddf9e26f4f04e60959757ab9e856d6698cb755b4338745ff8de95140c48c0fda39484166c60eae71c3d53
CLIENT_HANDSHAKE_TRAFFIC_SECRET 08e5d5b6488cd077d5243fa7e670233b69fb727bcaa7c14cfcd41a56fc1ec73e 4fc8e0cc127cf737699ec90477d3497641928ae2c213e1e57e7ad4954e0f3b056ed536899c501089f615704bd758943f
SERVER_TRAFFIC_SECRET_0 08e5d5b6488cd077d5243fa7e670233b69fb727bcaa7c14cfcd41a56fc1ec73e 3a4bf9c57ed08acc364c9ee24d8680236f354edf38dfb89f3766406375b694c73b4a6db4553baedf7a420ac7a3c25312
CLIENT_TRAFFIC_SECRET_0 08e5d5b6488cd077d5243fa7e670233b69fb727bcaa7c14cfcd41a56fc1ec73e 167df29441ef7862bfd7ae25405e01a365d50ef41a2aaa5301428ad8997b33bc3af7f6b0d1784d65d032fb627a13e11d
SERVER_HANDSHAKE_TRAFFIC_SECRET 3b5b1e492e1af2ae40654540f15571569a4de4ea7c6d52296f6cfe37bd61e139 1f01ff3208bd1ea84d420e4217295a973382e2228f1406feca7a9d79899d2d2984773e086ed27c09817049dec5ebfa56
CLIENT_HANDSHAKE_TRAFFIC_SECRET 3b5b1e492e1af2ae40654540f15571569a4de4ea7c6d52296f6cfe37bd61e139 5c4b387dd9ea07c697d639837a3b3bc9913962f53849a5f5e4444fa922411811d96cd79dc5f4c6dda0f4785d85d2d733
SERVER_TRAFFIC_SECRET_0 3b5b1e492e1af2ae40654540f15571569a4de4ea7c6d52296f6cfe37bd61e139 3c47be1adbc50e4696b9e5af2f72129b8db10cd8a3c609adfb14eeb5c6e7abe6b28eb81498d75c828ce9d818a7d5315a
CLIENT_TRAFFIC_SECRET_0 3b5b1e492e1af2ae40654540f15571569a4de4ea7c6d52296f6cfe37bd61e139 e918a543fc33fbde43e312c5188cbff98ef5686b5ad25b2e9a9d7937df74016326d61111e9a47b857ebb23beeccbdf75
SERVER_HANDSHAKE_TRAFFIC_SECRET 0a769eafb1cba2bfa606a6aae094fb9cda4dfaea0416a7f0b8b20eb2df409660 8c7f947c7fac99c37d50698eed74b82db3cd7ae6cf7830697df3955bc6f7739350fb3ae10edfcbd8d61b5bc66abf295d
CLIENT_HANDSHAKE_TRAFFIC_SECRET 0a769eafb1cba2bfa606a6aae094fb9cda4dfaea0416a7f0b8b20eb2df409660 8b8f456670425751ae79d36be6596c4589292b3d067d4689fe1560726d98ff82a9ce0bb47db0579e2dca48989c44979d
SERVER_TRAFFIC_SECRET_0 0a769eafb1cba2bfa606a6aae094fb9cda4dfaea0416a7f0b8b20eb2df409660 ca4054d6f8da365e1376f3d82e1c0d7cb840f54fc83d17b425e494cbfa6d14bfa0f3ceb4ec78417e550aee37d36a99fb
CLIENT_TRAFFIC_SECRET_0 0a769eafb1cba2bfa606a6aae094fb9cda4dfaea0416a7f0b8b20eb2df409660 4e4ab3e3711aa3a063818963116037cc81f0677c9204e6368b93c28c646352eae6aa256bbf927eedfce0ac917868b2d3
SERVER_HANDSHAKE_TRAFFIC_SECRET 6bb70bbb52808028e66f29d35411b763aebe783b2656bc7af7354e35f816de89 d957e87fde304a675ef0b6a76e2f10394bb624c5825cf49c01af61a2c652bd170b48cdcddfa2d74411ff27d635492a5f
CLIENT_HANDSHAKE_TRAFFIC_SECRET 6bb70bbb52808028e66f29d35411b763aebe783b2656bc7af7354e35f816de89 01e47e39d4bc0c062253b7aac7dfd6e07ba7ca581d7730c6283b58f6966d3af862a34a001a6df25dd2f9968634dba2f5
SERVER_TRAFFIC_SECRET_0 6bb70bbb52808028e66f29d35411b763aebe783b2656bc7af7354e35f816de89 2c41123b248ad17fe6dd912e789a69fc0f7095975c19a1801b328a1282d3b86f7be254d74fec8207fbf295eaa5a94ee8
CLIENT_TRAFFIC_SECRET_0 6bb70bbb52808028e66f29d35411b763aebe783b2656bc7af7354e35f816de89 ddbfcd60e29cc6863a8d5a613819522d39c09f0f7f4b7e07edae90044e813a0f065f772999c7bc21acddc692486baca7
SERVER_HANDSHAKE_TRAFFIC_SECRET 380756f5e549b31898b0444d49b043bb690de1e3e6c3cac95e612ecfd08b0798 71ec697f505ae4a119d6f980a7f3fdf5484c69ac43b97026e68e2da89dd6afdc5c36ef38ed264b0ec195f3e5018c0c81
CLIENT_HANDSHAKE_TRAFFIC_SECRET 380756f5e549b31898b0444d49b043bb690de1e3e6c3cac95e612ecfd08b0798 2b65eae050038a9ec8f507d7477b7e77ecffe0264d23fe202e3f28304fb0eaa5ac238facb9a267372d57f55f9b1730e0
SERVER_TRAFFIC_SECRET_0 380756f5e549b31898b0444d49b043bb690de1e3e6c3cac95e612ecfd08b0798 9572d160fb46f6e5f5ed20d2aacf391d9d4b02f7c753c6df402dfbed743d0f0bbf880cbc501381c85656e05e99000844
CLIENT_TRAFFIC_SECRET_0 380756f5e549b31898b0444d49b043bb690de1e3e6c3cac95e612ecfd08b0798 3e1e431d9aa169a7e82825303da753819ee2064ec497ece8167268c5123bfb736e15e25bfa9c9e690a623c7a3a571671
SERVER_HANDSHAKE_TRAFFIC_SECRET c9843505b57a2f0f29206136beabe02a349c388596c59e20a258642b97b07065 06a5de54a1a9f92934e8dd806adc9093436719ec6e3e2f7a2eff1a7cd9ba7cda86b42ba6cb3481fde9c1e1c7f5d06073
CLIENT_HANDSHAKE_TRAFFIC_SECRET c9843505b57a2f0f29206136beabe02a349c388596c59e20a258642b97b07065 1640ec5d56653309596df980af0f86c0fc640b8208053873348a348b7d932a430e628ca5ea8eb3a3f6b2cec744189267
SERVER_TRAFFIC_SECRET_0 c9843505b57a2f0f29206136beabe02a349c388596c59e20a258642b97b07065 73cbac55797e08abbdd0f973e167563869c3c180d2c520237db0c6e39a9844ceda2afeb5c3604d52ea9f6dfd260ab069
CLIENT_TRAFFIC_SECRET_0 c9843505b57a2f0f29206136beabe02a349c388596c59e20a258642b97b07065 69f4c24910a29ad98054720b80abd1256deafef05ce461bde617aaa49fe87385f415a300b9b4cf6023d331446160af7c
SERVER_HANDSHAKE_TRAFFIC_SECRET b35b6d70916df0bf73c53f298e33348dfc5df4450529a884e7e86f13f87d7500 29c8ec1fac290d76f4fcea0c09eb772a858eeeeadd5cdc19fe6a10e86363713721f6cbcaa17a18ac96096295c1d01358
CLIENT_HANDSHAKE_TRAFFIC_SECRET b35b6d70916df0bf73c53f298e33348dfc5df4450529a884e7e86f13f87d7500 1823e916e9c5c3137d333b4813081f55821859874521fa6be268b581cdf05c8465cf7c4549d215c5f946a350ca3363ff
SERVER_TRAFFIC_SECRET_0 b35b6d70916df0bf73c53f298e33348dfc5df4450529a884e7e86f13f87d7500 e0aecc8cb391659fb343ef309c920d94b8674be6d77c61a27ece8d55ced71fbb43c8da721a44fbbcdc22090a609f7ce4
CLIENT_TRAFFIC_SECRET_0 b35b6d70916df0bf73c53f298e33348dfc5df4450529a884e7e86f13f87d7500 45728e444fe300e504ec088ed61d7c31301f10881c3c9f540947d794c1f261f92a60a0c77ffb48d003ae8afb25348cf7
SERVER_HANDSHAKE_TRAFFIC_SECRET d19bf2b42c4607d79256564258a43fc453bbfc16606fc195a3bf92bfd545d4b0 6adf1ffffed8503abc4fe2c33d554699d78d9752b378e94a1dec4a97b425b50c42796f7d94ff75e840981c4383a2639b
CLIENT_HANDSHAKE_TRAFFIC_SECRET d19bf2b42c4607d79256564258a43fc453bbfc16606fc195a3bf92bfd545d4b0 946f0f6d48464e517cc406e6e2474f0836d09d3d5100b0e42cd4513d5cd84be8f922908c47504ef1bbdf3ca137c55628
SERVER_TRAFFIC_SECRET_0 d19bf2b42c4607d79256564258a43fc453bbfc16606fc195a3bf92bfd545d4b0 343a9e56c8658c2fb79a1a888bdb3abaaf5ac9c941b2ca5ebaf063aff1808835535e7567bd3aa3ef45159cd6463b1160
CLIENT_TRAFFIC_SECRET_0 d19bf2b42c4607d79256564258a43fc453bbfc16606fc195a3bf92bfd545d4b0 0f987d894e6221443d5018786a229c4716bc8641bde29e90e181bae031d613b4239abe0d4fee2962fce4d03a6a3e8276
SERVER_HANDSHAKE_TRAFFIC_SECRET 266ac4d093c01d761dadeeaddea0082e9978e0b9f617a7be863be982dc324f0f 9e832c51e681234c8a056424b1a1175e9aa04b544c494ed425e6f7370e3b8915b82313a549958a50d64593bc80ab4feb
CLIENT_HANDSHAKE_TRAFFIC_SECRET 266ac4d093c01d761dadeeaddea0082e9978e0b9f617a7be863be982dc324f0f c235bfde8a078645db2d2cde808697c18c8f78d41bb1d5142809244752447ee3175c1dfa035db7339f71fdc9272b8f34
SERVER_TRAFFIC_SECRET_0 266ac4d093c01d761dadeeaddea0082e9978e0b9f617a7be863be982dc324f0f 8290273f8d5493066d408ed9fa83e89f4f5ae2f3d12411a9d32bc6ee4f3f1d17b4e2dd5fdc58a64ce814acee64404bd6
CLIENT_TRAFFIC_SECRET_0 266ac4d093c01d761dadeeaddea0082e9978e0b9f617a7be863be982dc324f0f 43fd571577854568b24f559e9d2998021a2f9c68a668588403db1c955d3ec77dc1c3729f60b48c6243d376a69d6332bb
SERVER_HANDSHAKE_TRAFFIC_SECRET f3edc26945791e601360e9038fed440304fa1ade31f98d717b8ff52bfa621c93 45bc6fee420ff2e4891c2237d46eafb44736e2282da5257d11495d9c2a58494d5a3805d92f387aaa78f42a40dcef2384
CLIENT_HANDSHAKE_TRAFFIC_SECRET f3edc26945791e601360e9038fed440304fa1ade31f98d717b8ff52bfa621c93 c4fbbfabcaa4b04e740c6a16e075ada8daa6565689af305be272505d6ff68db5813ce2e540faf8ff4ed0c6150dd5af7d
SERVER_TRAFFIC_SECRET_0 f3edc26945791e601360e9038fed440304fa1ade31f98d717b8ff52bfa621c93 068bb3680d79b126daf4ef74ee6442af5c05a66cbe44cd8f44d7735d9e09ce64458a3af5b7d97aacaed3dc3aaef1b163
CLIENT_TRAFFIC_SECRET_0 f3edc26945791e601360e9038fed440304fa1ade31f98d717b8ff52bfa621c93 18dd960682ad6faf55182bd7cd09992550368448f096f4241e89623e6d305aa9c43ff597df28131666be4e582128e75b
SERVER_HANDSHAKE_TRAFFIC_SECRET 35dc03c858edf290c0e74bfbb41a426e1b0aeb041024f31c47cb17c61dbc26e2 72ce17be07ec4f07affc5f63d992fffde82b8f7f1a622b412aad5c3a7fafe13182783ecc3876a35c0d4357312e9a86bf
CLIENT_HANDSHAKE_TRAFFIC_SECRET 35dc03c858edf290c0e74bfbb41a426e1b0aeb041024f31c47cb17c61dbc26e2 d3e1d0ed4f972d7d1210eefb69977c7d8c008e3b78eedc91b74047eea5d2a3f11b8ade3c9f3b6b4a2209724a5d08d461
SERVER_TRAFFIC_SECRET_0 35dc03c858edf290c0e74bfbb41a426e1b0aeb041024f31c47cb17c61dbc26e2 ba9641907c70720aca0f9752f63d7c27dcfc565c66216907537d91f83d7b2e8a35dfe48d4969d97e9665bf974b1cafd8
CLIENT_TRAFFIC_SECRET_0 35dc03c858edf290c0e74bfbb41a426e1b0aeb041024f31c47cb17c61dbc26e2 78e4fd5b5bddad0f8bf1ef599db594818eefbba1153d2ba94f2505ada185a89cb86a0bcf7083dd3ce0a40204f5dd3cc6
SERVER_HANDSHAKE_TRAFFIC_SECRET d892028bc5290b6b1dbd287d633089124818644312cedb7eff87e2e46819ad6b cdfda78f5c7bab4e612ebec30f7927a9e2a5bf7a3aa77063de1f7e235fe230a72444e8fe4be91d15ae40b43af21f6d0e
CLIENT_HANDSHAKE_TRAFFIC_SECRET d892028bc5290b6b1dbd287d633089124818644312cedb7eff87e2e46819ad6b 657dc4b65d78b2e005bca7c65a1955f082928ffc10f077f83f5b7ce19000b67fc8957a2a34cc95d3dcdeb951b10fcc8b
SERVER_TRAFFIC_SECRET_0 d892028bc5290b6b1dbd287d633089124818644312cedb7eff87e2e46819ad6b 40d4fbb6a360a8fb041077b925023e2bb269f7ea05e9a72c179852f73970ae1a9e048580d7532cbd9731c5cb4b71bdd3
CLIENT_TRAFFIC_SECRET_0 d892028bc5290b6b1dbd287d633089124818644312cedb7eff87e2e46819ad6b 0740028cbe12abd11c6c5c1624d055d145736f7a094326eb8d218aa0c60b14ce7919ff1fba52731330ab5a42b1bd956b
SERVER_HANDSHAKE_TRAFFIC_SECRET 26ad7d3ebfee8566ad221f0028ecce2e973915d721b2c95e6dbcedd73a8e49a5 6cb82f9bb017ccfc31a5939e0c1e96a2b2287ae532c3e2beaabf9374e5068407948712af5dfd7a565b087447d3328287
CLIENT_HANDSHAKE_TRAFFIC_SECRET 26ad7d3ebfee8566ad221f0028ecce2e973915d721b2c95e6dbcedd73a8e49a5 5cae1304a7d80cc76a4b03ad24b9a1420ce8505988e3b526578f4be835622d0f452a6f61c2254efa0cace2a2591fb3da
SERVER_TRAFFIC_SECRET_0 26ad7d3ebfee8566ad221f0028ecce2e973915d721b2c95e6dbcedd73a8e49a5 025c23f8267ff54416d5442dda7475ec0a6fff3f6f9917003251e6f2bb656f5c142041e1f6f4dbebb3cfa1242a784854
CLIENT_TRAFFIC_SECRET_0 26ad7d3ebfee8566ad221f0028ecce2e973915d721b2c95e6dbcedd73a8e49a5 1ee2a546238d287bad16af171327af3ca67493c633c2434e3dea730fad47ccb58a16ae9fbca791a44d6559188a87c566
SERVER_HANDSHAKE_TRAFFIC_SECRET f659172cbffb3713743ba818e922bfe756b81932d59a030ab569723de8e982bb 38747f24c1a77d0212b7ce16a1656239192b21a13cb74cd5d7ae3a90333f5b72dd5da38ad338fbfd2c541c21212eab72
CLIENT_HANDSHAKE_TRAFFIC_SECRET f659172cbffb3713743ba818e922bfe756b81932d59a030ab569723de8e982bb 31225df56f510a6e71a89fb063582fa5c53489d0f65e86655484e5c4216287127742dade0259fb60772de133ae307502
SERVER_TRAFFIC_SECRET_0 f659172cbffb3713743ba818e922bfe756b81932d59a030ab569723de8e982bb e32c49ca947b9ae841628f8bcf3430bec0e145684c511df7a7cac32ff52c46e1a9054a7ba13ea009a490bf2f766e5346
CLIENT_TRAFFIC_SECRET_0 f659172cbffb3713743ba818e922bfe756b81932d59a030ab569723de8e982bb 342d0d1d9a78040b203952fe74f3c3470aa89aa50e6337decabbf7b0a3bfd1538b5f86419046bed850b652349ffe7125
SERVER_HANDSHAKE_TRAFFIC_SECRET c4485624940d4ceb9007c22e8a0b6c3a10ed56eb873b16d72f87911f706a175d 9e8fab81ce50e9d1002509410cfd6ebb17a7d21e120cf3175833a185eff4779d1fded4829608c8affd9b704206c362d1
CLIENT_HANDSHAKE_TRAFFIC_SECRET c4485624940d4ceb9007c22e8a0b6c3a10ed56eb873b16d72f87911f706a175d b99227f643daa395a90bfcbe0ad111fcd0cac7a9a1ed9cd9bd9f18f58a7b989909025e96acf97b45ce57029ec32980d5
SERVER_TRAFFIC_SECRET_0 c4485624940d4ceb9007c22e8a0b6c3a10ed56eb873b16d72f87911f706a175d 57db135b5723b66b96033a2e24a3e63ca0e3c0bc92ef4cc23d527618b19fa41793e134474a859278665ffac9c2cd7139
CLIENT_TRAFFIC_SECRET_0 c4485624940d4ceb9007c22e8a0b6c3a10ed56eb873b16d72f87911f706a175d 38f7bc10c4e4ff894f0296946948f50d838d0822db8632e26e4f09290c5c7d109c9f03725742e4269df6e791d3db16c1
SERVER_HANDSHAKE_TRAFFIC_SECRET 40591f4fa105410b83d5d3700b1737a169d8d67bbec2e5447773a61f5ec9b405 37791f6e28c306c6e25e23750c3ddae7659e3ebc754656f7d612732ce4fff6b83883e24ec14439d56f18473bbff6874d
CLIENT_HANDSHAKE_TRAFFIC_SECRET 40591f4fa105410b83d5d3700b1737a169d8d67bbec2e5447773a61f5ec9b405 22b68ee9fe87939acb292dccb0cd757058ac1b16076bed466ad8408fc0e409d52af45bdd20d75740d1d1325bcec7be2b
SERVER_TRAFFIC_SECRET_0 40591f4fa105410b83d5d3700b1737a169d8d67bbec2e5447773a61f5ec9b405 4f41ca593707fca068813852e41c6d1602bd8d1d405d6a06e02aebdd4d8507e23db70de2536767abcf09f6aa3cc71af0
CLIENT_TRAFFIC_SECRET_0 40591f4fa105410b83d5d3700b1737a169d8d67bbec2e5447773a61f5ec9b405 7ee85c0347a85a3f9e10533fcae9299ed69818a48bf539be1ddadf7712e53ff77ceed6b9b9dd58b140c3904e3328064f
SERVER_HANDSHAKE_TRAFFIC_SECRET 4f56c1c3b0594fae978c25a9d0ce4e76aeacb45c3754629502782fb63e75b0dd 36481f6ef0bb09a5b1aad017dc8669e2e9e3c686bf8d2bfec5b2998791be973315a2131bb3ea0bdd65679c096e524b1c
CLIENT_HANDSHAKE_TRAFFIC_SECRET 4f56c1c3b0594fae978c25a9d0ce4e76aeacb45c3754629502782fb63e75b0dd ad132caa6ffabbeaee209c863a5f1dba21ef2a038fb6c6c551bacd426b27a4ee148ded71d41c189a367fb6fbea516fa0
SERVER_TRAFFIC_SECRET_0 4f56c1c3b0594fae978c25a9d0ce4e76aeacb45c3754629502782fb63e75b0dd 93c4163ec382b5331ad449a6c842ff29820e31f9cc18d10377d0dd9dc77e4091ee21c109a9477ae5136d91930fb4275d
CLIENT_TRAFFIC_SECRET_0 4f56c1c3b0594fae978c25a9d0ce4e76aeacb45c3754629502782fb63e75b0dd f9f02f20d0b59e97364989a1ce4f5776f4df9a23970b72909b4b3fe2b502ed1e060b5e7232316efb800b4062b0678346
SERVER_HANDSHAKE_TRAFFIC_SECRET 362cb6dab82f13a2e152d4d3209f17dd1a3bd4af84198cdeef608e79dbeb2774 69a3e7254d1a1d3bc597ec6ba7b755876b9227c227a009c21558613c9af4a1fb082bd87664777f61a13b15a550136595
CLIENT_HANDSHAKE_TRAFFIC_SECRET 362cb6dab82f13a2e152d4d3209f17dd1a3bd4af84198cdeef608e79dbeb2774 ca798c976913a8fb076c26be83f0a08fe9675268320b35e12a159abe726368772512ba3b3d94ac2192afde49705e81d9
SERVER_TRAFFIC_SECRET_0 362cb6dab82f13a2e152d4d3209f17dd1a3bd4af84198cdeef608e79dbeb2774 dd8082d2b4b06666837b8803ec7d31f8953fbb4786937ad22f11569cee521a8287ed13aa872625ac1baa6043f39758a0
CLIENT_TRAFFIC_SECRET_0 362cb6dab82f13a2e152d4d3209f17dd1a3bd4af84198cdeef608e79dbeb2774 d53ccfebcf31b18af43af818b3d3c3ad34a2d9469834cb6ee3e31093bcf0a98d7f424690db84532c054b3e695e125c77
SERVER_HANDSHAKE_TRAFFIC_SECRET 527e433ab0057b23b4747686b2b66e7342d1f0647e336f1663173c2a6d59a47e 94b95f7264a6b85dcabbec3c0a18cfc0ca61f34985a27f061ece1e8fbd9c9139da42e1a09f9871d130e69825374274b0
CLIENT_HANDSHAKE_TRAFFIC_SECRET 527e433ab0057b23b4747686b2b66e7342d1f0647e336f1663173c2a6d59a47e 3fe23b2680f54c16db097d5d80bef6dd5f152fbd0783cab6d23e4fe273741ea267023b0d65d0717172694e774201f589
SERVER_TRAFFIC_SECRET_0 527e433ab0057b23b4747686b2b66e7342d1f0647e336f1663173c2a6d59a47e 2376b0ef4b9706aba4eb8664f8ad776c237c588289d12561509e8f92364520d885d1893f09b69f7363324fc56469833d
CLIENT_TRAFFIC_SECRET_0 527e433ab0057b23b4747686b2b66e7342d1f0647e336f1663173c2a6d59a47e 1ddf08710d47bfbac6fbdeff17aafd8a9edb28d7d8a4037fbe8edae06df7129bd67f59a2a0961be9365d53a9aabe0a2a
SERVER_HANDSHAKE_TRAFFIC_SECRET 6e8c18d14b58eda9c8716c0893e5ff97ad0993d6f80f469606037ace98da1a53 f792ec0c7c1c5d14c6b0a11463b0e9601eafd3e6bea3ed075e5120b6d5897b380eec6e4b3fc94da9b37abbd38ff01559
CLIENT_HANDSHAKE_TRAFFIC_SECRET 6e8c18d14b58eda9c8716c0893e5ff97ad0993d6f80f469606037ace98da1a53 4b6f6baff051cc779a8a811718d16250e4d0ecd08468cf57aa7b3fb0802097dd35e8581ff80c6d0e98b477543db32ea3
SERVER_TRAFFIC_SECRET_0 6e8c18d14b58eda9c8716c0893e5ff97ad0993d6f80f469606037ace98da1a53 fdb25315c576ea982069852f7752ca3201c11795eb76c18c43af2a0db3ca4046790a4695d1737b6681933e41ccbe5e97
CLIENT_TRAFFIC_SECRET_0 6e8c18d14b58eda9c8716c0893e5ff97ad0993d6f80f469606037ace98da1a53 3f4e2527a470a090c55761f3c0ca64f50c53de55fb7e1cbce8bb664c9b0f9da8fda4fda99d33cef3741b08f1bdd457bb
SERVER_HANDSHAKE_TRAFFIC_SECRET c896618a9e408af71960cab33b33652c5333ba77783db8ab45aecf762e935289 c3273871f2fae28cb8bf4e7b1521268b7b2704dcde0505cf0f5597c65c360a3bd9e5c7067475d4f35ef7cc3f058e625f
CLIENT_HANDSHAKE_TRAFFIC_SECRET c896618a9e408af71960cab33b33652c5333ba77783db8ab45aecf762e935289 ea5b306311bd706fddf19fd3de7227d5420eb5f7c6da368be84a9c780bcf0daac12db3eaae099d76c3fa79d1f9c8ce54
SERVER_TRAFFIC_SECRET_0 c896618a9e408af71960cab33b33652c5333ba77783db8ab45aecf762e935289 9431f3657ceb5e56463ef899340cf72e4e145af990396fca696eca097fa7ee0495ce79bb2840b73d53ae800dddd5b21e
CLIENT_TRAFFIC_SECRET_0 c896618a9e408af71960cab33b33652c5333ba77783db8ab45aecf762e935289 7c129daa7e946d29e788f14679db0ee4cd4d31056f80863b1856c5765acd9b49385f80642ff00a14b5b8b9606996cfc3
SERVER_HANDSHAKE_TRAFFIC_SECRET 2c8032edbac61d33803981468c16d974cc389eec6fea0b5572f7b6aff597b110 9d2596b65ad668932cfb073a0341f25cd3d177eaeb18fad15a14980d325e1606e2670ce478b4f87c3e5695b3841684f8
CLIENT_HANDSHAKE_TRAFFIC_SECRET 2c8032edbac61d33803981468c16d974cc389eec6fea0b5572f7b6aff597b110 45f36434b27b95ee668d000226e21082669abb7107ec1da021dfe7fe53b06f1c69879b6f74208a72ae868edc2b264fed
SERVER_TRAFFIC_SECRET_0 2c8032edbac61d33803981468c16d974cc389eec6fea0b5572f7b6aff597b110 72b60a80ad952bc2f07c1c4f517f135b5bbec01d3aa30e94e7b0906b7439f4acfa351c6918ef50ac6175a76c1ac89092
CLIENT_TRAFFIC_SECRET_0 2c8032edbac61d33803981468c16d974cc389eec6fea0b5572f7b6aff597b110 c237b48bf4ef136f270400f46547aed4126c20e9cb25e7d909120e1f761f835cd8989e15a1ca6e34e511d62847bac30e
SERVER_HANDSHAKE_TRAFFIC_SECRET 0c1847102951aeb832b95637b9340bc64c660686eb08c9e81309790d80fdbdea 78316c6f1471a5cc20cefeebf81bb85ae02b781df1d22c9c8172e592569371c22e5778a8b5b3c6e3d3a37a9aa9204847
CLIENT_HANDSHAKE_TRAFFIC_SECRET 0c1847102951aeb832b95637b9340bc64c660686eb08c9e81309790d80fdbdea cb5f69f0536a1a27d48698b60f11a531b5fc25a03c23a9b6a6a4d068d5c1201f982461e32ae60daec4cbaf3a10417bad
SERVER_TRAFFIC_SECRET_0 0c1847102951aeb832b95637b9340bc64c660686eb08c9e81309790d80fdbdea 86c2f0f08971883785b3044f4caedd3e261003625776152b1f410dfecd78709b6bd7e2b9c2f64e6004d5bfc712b33cb4
CLIENT_TRAFFIC_SECRET_0 0c1847102951aeb832b95637b9340bc64c660686eb08c9e81309790d80fdbdea 8a83e5dd0d7f494927fbed9e28642a9f39cd57df871e6b27992c5ed65d2d3665b7a3c5085ec024abcf6da1eb41984908
SERVER_HANDSHAKE_TRAFFIC_SECRET 16500a5a3420b9420b520477dd3ca6f3770c2680303f76f18266aafd9f543c39 ef3a6b98aa9b3773c8a9b7c77924bc76acdc7c04e12978174cde08e72c244c884ff7416f8c9275b2384c4432c550da64
CLIENT_HANDSHAKE_TRAFFIC_SECRET 16500a5a3420b9420b520477dd3ca6f3770c2680303f76f18266aafd9f543c39 3d6dbff75df8643ef4658867ce831a9e88899c0bafd2fff403fe18a2443c710f92db499cd0a61d3dbbaaed8bcb6e7056
SERVER_TRAFFIC_SECRET_0 16500a5a3420b9420b520477dd3ca6f3770c2680303f76f18266aafd9f543c39 cb4fb17ce5a5cb5334a65244eae5cf2131d91239bbaa59707fa0474ecacbcb56ba79b835205878167729e1f9b9d5a9b6
CLIENT_TRAFFIC_SECRET_0 16500a5a3420b9420b520477dd3ca6f3770c2680303f76f18266aafd9f543c39 59e5c714549266752dc5d028f9c07a68a333c30d6585455432b110e5ac75325dcd09eb1735852fb35b07581a4d61bd51
SERVER_HANDSHAKE_TRAFFIC_SECRET 8288b56d99530c15be151d5305f9e8f445c50edd10405b660aef44c1bb75e702 8f7e7c3c66c017ab0c1b27d3e011f011c1a02fc03c6f445e12d0a0bfa34fd1deff2bed19d19f09570728bdc46c068a8e
CLIENT_HANDSHAKE_TRAFFIC_SECRET 8288b56d99530c15be151d5305f9e8f445c50edd10405b660aef44c1bb75e702 9134221fdbf2314613540a16ff00d28fcdd258878f285c2615a00aae70bd2fc4bc11bd909ec9522e899f7976aa622e7c
SERVER_TRAFFIC_SECRET_0 8288b56d99530c15be151d5305f9e8f445c50edd10405b660aef44c1bb75e702 a542ae55792c4b52b69ab4e7b806e58a685aab937e5284e86bdcca5ca8f3d4676ce277e533dc449dcb46e63275000b76
CLIENT_TRAFFIC_SECRET_0 8288b56d99530c15be151d5305f9e8f445c50edd10405b660aef44c1bb75e702 5de74a7c136a4eb816e1fd8cbcda7726342ffbe761abdbf9a5de3f007d4b8c14379d1725bcc4be0325e3de0162c393ef
SERVER_HANDSHAKE_TRAFFIC_SECRET 1bfc46e0366fab511d9175b37ca957891bc61863e329234563f0e78710229cf5 21b91b5e13165119e6489ae0209db6d66a5e76a1299ebd9355963b25255814d969836f43acb17fc1f0a8c0aecda6d9cf
CLIENT_HANDSHAKE_TRAFFIC_SECRET 1bfc46e0366fab511d9175b37ca957891bc61863e329234563f0e78710229cf5 794b5eeda9b48c2bcc20f440d4a98647802324dd6384b00adb1c0776fd13aeca348c13e1c406843abbade5fd32d4521d
SERVER_TRAFFIC_SECRET_0 1bfc46e0366fab511d9175b37ca957891bc61863e329234563f0e78710229cf5 0e55f985a1cea3a54b591400fb297186ba82dd306d38750c103c4d1b7b022adb5951ac71b1fe364a9c13bc5b4e39dd78
CLIENT_TRAFFIC_SECRET_0 1bfc46e0366fab511d9175b37ca957891bc61863e329234563f0e78710229cf5 41f3446b33ffb4a43be160e91b066c35810a839b50339adc0eb262d8bd0c333fc42e05aedca736356359c4cc2015716c
SERVER_HANDSHAKE_TRAFFIC_SECRET d0a98143d01018abee52ddeb56dbb25cfc81997f64fe3e3092dc2658771fe984 7a1cec0433dedfe6738b3ea949b99ac1b8e6f13bb5dd31125ab04b22f309fca2881a142e44beabb93e437754c543ebb3
CLIENT_HANDSHAKE_TRAFFIC_SECRET d0a98143d01018abee52ddeb56dbb25cfc81997f64fe3e3092dc2658771fe984 fd7cd4c03739bed90413ef3543642e62c49a650b01a97f37a18f7a31ab4cdc88d82d67b88844365eb00ab1e19df409e0
SERVER_TRAFFIC_SECRET_0 d0a98143d01018abee52ddeb56dbb25cfc81997f64fe3e3092dc2658771fe984 e56ffa845fd00e101945b3cc376984ee2bada1d16ffe46e5f57bf78a3e636864c3ddce853e994463f54bf5ffd26c657d
CLIENT_TRAFFIC_SECRET_0 d0a98143d01018abee52ddeb56dbb25cfc81997f64fe3e3092dc2658771fe984 84b536bd72fa9a74ed39a14c1e3431d2a66269f70e1f2da7c50be5ea8dd840bc8fbc585a316b0172485935d012f9ee20
SERVER_HANDSHAKE_TRAFFIC_SECRET 156ec3422c8fcb091a2d0b8cd77c14bb839acbf54059ae380808d6271bce9337 9165092c371db162e1856250de0fe0c44f633aa95113af3f45e20c51265c503df14018047190abddaf3ebf5f08b2deba
CLIENT_HANDSHAKE_TRAFFIC_SECRET 156ec3422c8fcb091a2d0b8cd77c14bb839acbf54059ae380808d6271bce9337 2a15da25b0d0ef4708abaa1f45b8742a6f87859511a653504a1d4b11af7bb397d16a83b1f71440893fc1f7dbd0b08410
SERVER_TRAFFIC_SECRET_0 156ec3422c8fcb091a2d0b8cd77c14bb839acbf54059ae380808d6271bce9337 ee9169537eaf45af40adaccb47965d5c59e72765b1cea32d15870e79b2e94d08e8e353153585ee85c21b50b99923fa00
CLIENT_TRAFFIC_SECRET_0 156ec3422c8fcb091a2d0b8cd77c14bb839acbf54059ae380808d6271bce9337 7dc2de27cbc24725ba224621b9f8a6838d152d1dc9cc3a03095ee6d876544b2220aeb08bcb9e24b10317928a219bcded
SERVER_HANDSHAKE_TRAFFIC_SECRET 6b975c60f4704a541f55c5665b5c55bcb1180bf64019699cd63427a3b1eb8e06 5463b5bb0694627e599f4ec20b7ea800d9108f456329833e4553ef552259cf2b9eea1a68a2afd360582223f67e3f7998
CLIENT_HANDSHAKE_TRAFFIC_SECRET 6b975c60f4704a541f55c5665b5c55bcb1180bf64019699cd63427a3b1eb8e06 030e866cf4b68a16ada16e7d86258c35d817d5771ca425f3d7a20f4edf7cf125d1bd458a2ae4f0224013a97769d2d8e5
SERVER_TRAFFIC_SECRET_0 6b975c60f4704a541f55c5665b5c55bcb1180bf64019699cd63427a3b1eb8e06 a7a2247cb6b6a381f13889cbc7994339ebb64cebafe20e48f946106662264a358511158d3ad056114c43799dccede559
CLIENT_TRAFFIC_SECRET_0 6b975c60f4704a541f55c5665b5c55bcb1180bf64019699cd63427a3b1eb8e06 2f55b94d72f312c4d9bcfe1ffd0d4275e7058ef8e59f2b2c7f27d2cecb37669c101e1c1d6328e56c67d9726d69ddf3af
SERVER_HANDSHAKE_TRAFFIC_SECRET d12a83d8bddb31459a33fab503599b97ed92f4f2079e9bb9a490c1dc0a50f874 8095208e7bc917202727f3ba22a095639ad0ea27693b16b777f7a707754d77a1c739cac063962866ce77f4eb7ec89921
CLIENT_HANDSHAKE_TRAFFIC_SECRET d12a83d8bddb31459a33fab503599b97ed92f4f2079e9bb9a490c1dc0a50f874 c78aac2365805d67f108a1f3bd250039b2d5beb36a29f58e880df533831e423c460c45effae3aa7e6e352e8c27d503da
SERVER_TRAFFIC_SECRET_0 d12a83d8bddb31459a33fab503599b97ed92f4f2079e9bb9a490c1dc0a50f874 301c000b97a570b99e5e4fd9c21f24e71f604ae6196089f2f86afcaba5b055187e9e4cec3249ab1608bae50735cb0345
CLIENT_TRAFFIC_SECRET_0 d12a83d8bddb31459a33fab503599b97ed92f4f2079e9bb9a490c1dc0a50f874 8fac48a868828a938e48e7f23a7c3b26429ddc557922c36371e9f45133504a08a11ce344f90e20218307a099950b4620
SERVER_HANDSHAKE_TRAFFIC_SECRET 171b58a1501e6cc7045ec4cd6d6ea420bde624a897c6108b1a92996563308a8b 09867510a0135e6ada3141f7c349f6f5926d5ceadbfed4ee8885f8c74d6be831fea16e7aef8086da099d4ed9240e159c
CLIENT_HANDSHAKE_TRAFFIC_SECRET 171b58a1501e6cc7045ec4cd6d6ea420bde624a897c6108b1a92996563308a8b fb7506b19c334590efc29af62677ed8d1f94f7c568b2031d68cfa67496ba1ce342c690137d4d518e7bd3e8fafc8c718d
SERVER_TRAFFIC_SECRET_0 171b58a1501e6cc7045ec4cd6d6ea420bde624a897c6108b1a92996563308a8b daa4f0dfee5d1d7c3e7b8175dff9b2426ede1dc20afb547d05ba6341703c07f8731f406d3cc1c313b6c8aa0b48bce910
CLIENT_TRAFFIC_SECRET_0 171b58a1501e6cc7045ec4cd6d6ea420bde624a897c6108b1a92996563308a8b 474af8774896167c1157aac081ed939537bab8b10026f6475968221ba8cde1644ceed3a270cf28428fabf736bb71a336
SERVER_HANDSHAKE_TRAFFIC_SECRET 26fadba9f4947ca94e7e8f5993a247ad6ceaa3b55b8d7afc859b4eccda157158 db21c323c79c79c000105e39ec9220c73f4fe853d76b734a652afae69adb6ef53661895bf3cb95bc83db2536b87897fb
CLIENT_HANDSHAKE_TRAFFIC_SECRET 26fadba9f4947ca94e7e8f5993a247ad6ceaa3b55b8d7afc859b4eccda157158 eaceaa0631ff40e003db750431fe86d0d21e747b142e80964816b5aee9ff6d43b93bd7ff79d2837a5c71b5b72f07f129
SERVER_TRAFFIC_SECRET_0 26fadba9f4947ca94e7e8f5993a247ad6ceaa3b55b8d7afc859b4eccda157158 70d92f37a3ca4d539c6c5616909540912ff03e9ec958dc76c1f90b09c1fd2102797e8e58f6dedebe3f4a75405cfb2ad0
CLIENT_TRAFFIC_SECRET_0 26fadba9f4947ca94e7e8f5993a247ad6ceaa3b55b8d7afc859b4eccda157158 a099d2396eee579792fac269ffae15bc5f73836cc3cb996f2d5d0e949de29f3496700f317c146517cf9ecc1a5ac10ffe
SERVER_HANDSHAKE_TRAFFIC_SECRET 6dfa62339f2cc28d173618e693fccaaf8bb421848d44ec66bba47a7faf4cca12 137823fa7d47ea841b6ff02d594e2e99e71df410a683eafd02b92c0beca247671d80d64a50c31d901585a9c9687aaa1c
CLIENT_HANDSHAKE_TRAFFIC_SECRET 6dfa62339f2cc28d173618e693fccaaf8bb421848d44ec66bba47a7faf4cca12 3897296f32fac43056c981441368228b7c012339fdd206aede986df4038789151a0bffee384dda8bdc070b5e0ce48a39
SERVER_TRAFFIC_SECRET_0 6dfa62339f2cc28d173618e693fccaaf8bb421848d44ec66bba47a7faf4cca12 10cb1536b98f909ce2184641b0ad42cdebce16765193ea614542e020943e60355f09c8b0623f4c5fe4b47e25680fd955
CLIENT_TRAFFIC_SECRET_0 6dfa62339f2cc28d173618e693fccaaf8bb421848d44ec66bba47a7faf4cca12 758ac3e5f6b8a2bf8e1083c15a423f853a8826932ddf529808f0e570f3d0baacd22992410ba6ecce6560c99e0f69ed23
SERVER_HANDSHAKE_TRAFFIC_SECRET bfa8fd24f42fc43aeaf0679b02bf7fe99a26e9b6ff603de3d9d9e0809778c5c4 0f9fd812279f697f5676187e7f58ae88f497044d8923a1d251008610bcaa11e0e74324241a4a0be725df2fb2aa173e16
CLIENT_HANDSHAKE_TRAFFIC_SECRET bfa8fd24f42fc43aeaf0679b02bf7fe99a26e9b6ff603de3d9d9e0809778c5c4 75fac7fae91e0e2fe18a062c006094a1a3bb0833346463d9c10f3241a4bceec58a8961b9b0ea97b63401ff58d81b7a5f
SERVER_TRAFFIC_SECRET_0 bfa8fd24f42fc43aeaf0679b02bf7fe99a26e9b6ff603de3d9d9e0809778c5c4 a0dc8225622f2c5b147c44e63e83a76cdea1f99fa6ad99558934103a4bf6063f3a39541ecd1f5de6661e6a2d1133275e
CLIENT_TRAFFIC_SECRET_0 bfa8fd24f42fc43aeaf0679b02bf7fe99a26e9b6ff603de3d9d9e0809778c5c4 aa72e735fbd0ae2c2efdf14a12690d17fdeef2c18814922f3e77dd5432665eaa49250c91db7567399eea80c3e4e74834
SERVER_HANDSHAKE_TRAFFIC_SECRET 3ee2005b1a2a52725d86607955c9c10e96e3cbbb78b18e01336f246e0b3432c0 988db8c042ee893f46b361264704d072649d0493909645172c3234f3b1c5396943d4a4243faf0dbd80c0c5ccd3876590
CLIENT_HANDSHAKE_TRAFFIC_SECRET 3ee2005b1a2a52725d86607955c9c10e96e3cbbb78b18e01336f246e0b3432c0 8ede3540adc60060b082bd6a2de7cde35f0e80a36371341711c0d066a1bee9bf5a54917b2ac4b333ecdc3baee45ef335
SERVER_TRAFFIC_SECRET_0 3ee2005b1a2a52725d86607955c9c10e96e3cbbb78b18e01336f246e0b3432c0 22b54a3abd9778e7c24f3b43807926feb8e782e413a7503606bd7b020b86c73e7ac9cd3720eac25d7c13983d6fb3fe46
CLIENT_TRAFFIC_SECRET_0 3ee2005b1a2a52725d86607955c9c10e96e3cbbb78b18e01336f246e0b3432c0 6c9a566e52e31afee7d223a827f2d977fbdd1dfa0c0255639760cb3d523fc06d2aeec4b8b6366b2690bdd0db2014cd13
SERVER_HANDSHAKE_TRAFFIC_SECRET 9a211c8e140e973367488873073ef8b3c80be66437175a25971128e6aca01428 2f604eefd1b43b842df3d3ccf9b29c32d0e3523fd9b2ac97f1a43fed75415144d26afef486407d83f8ae388dccda706f
CLIENT_HANDSHAKE_TRAFFIC_SECRET 9a211c8e140e973367488873073ef8b3c80be66437175a25971128e6aca01428 88c069893c49485a55ec7c1974f773d8f64e398855f34b4fde5333a576fc891e9a5c8312d93e1a6ed7db78ec598e098c
SERVER_TRAFFIC_SECRET_0 9a211c8e140e973367488873073ef8b3c80be66437175a25971128e6aca01428 4c3de004abd2349b307a6ed6c833235411dd6b2282f86b3e103b9474112b759b77c8266148d772e5948029e05be0d007
CLIENT_TRAFFIC_SECRET_0 9a211c8e140e973367488873073ef8b3c80be66437175a25971128e6aca01428 6727edbe1987e46f1a0ed90d4aceb47d42e15a9e4c30c31674cfd9b031edda0d3a12ab7b1ad88288ef56516c52243ff5
SERVER_HANDSHAKE_TRAFFIC_SECRET dab7afcc6581a8bbc0793be3dcc4421794ea2df1aef4a625d62a8ff14c34f638 ba1546358ecc5ba441ea16e09c07df86f5365cf3e31f785e0f34b4542e0dd22e35cfe5ea6350be47c08400d8ca105b6c
CLIENT_HANDSHAKE_TRAFFIC_SECRET dab7afcc6581a8bbc0793be3dcc4421794ea2df1aef4a625d62a8ff14c34f638 6933f27addbeeec03c141570ed314fd9eb28d542f090f6c57d8434e455550a2e33a18ca4ab061517146cac6107787778
SERVER_TRAFFIC_SECRET_0 dab7afcc6581a8bbc0793be3dcc4421794ea2df1aef4a625d62a8ff14c34f638 773df1a57287026c238994400f59ad46eba072999b9b187a065bea186e3d575eb678702d26fcc8665cb4886395d26ab8
CLIENT_TRAFFIC_SECRET_0 dab7afcc6581a8bbc0793be3dcc4421794ea2df1aef4a625d62a8ff14c34f638 5dac97adfa99ad63f5438c7338bc24a35a0f3a4dc873202a9a55558ed79ad0c349790f0efacedf346bd6b01c68d0fb58
SERVER_HANDSHAKE_TRAFFIC_SECRET d8b4b2cf5acd561c84790deb353e2f14324b547517c46e0c58c4782350e23a19 ceaad1520911ba12a8a465ff57db63789ba56144de00f54ffb1b3ed9e4bd31e2e3b1422691aaf74561f241ded1e252ba
CLIENT_HANDSHAKE_TRAFFIC_SECRET d8b4b2cf5acd561c84790deb353e2f14324b547517c46e0c58c4782350e23a19 6a53410f6eca4296553c9684d49bf4be3f7039abc93e290e534168d0d79018d2a24461e52df8ffeac7008c87b3f6a92f
SERVER_TRAFFIC_SECRET_0 d8b4b2cf5acd561c84790deb353e2f14324b547517c46e0c58c4782350e23a19 aaeb9b472cbb9205281b787a1b5dcbec3f51ae603e543d220d83f560fd73900a3270f0fb8f89ccf64157cdc0e5e0551d
CLIENT_TRAFFIC_SECRET_0 d8b4b2cf5acd561c84790deb353e2f14324b547517c46e0c58c4782350e23a19 2be5342a440a79fc600e3bac640b39752b681fae36e1d558e1917ef662b6c43e1d299fb3b6e24cfa3e4fc9f07384784d
SERVER_HANDSHAKE_TRAFFIC_SECRET 74d45d9762177f3ab9c36af64085b62bb170c35c38851c8749d165fab1f73b00 d2bf60b6eb6e8ac1cb4e427826f5ce07e83d292d427f55833f996272a70343bd8173439efd46060c278e9505ee496a39
CLIENT_HANDSHAKE_TRAFFIC_SECRET 74d45d9762177f3ab9c36af64085b62bb170c35c38851c8749d165fab1f73b00 bfa71d9079b58b65fa758a6083431e921cca0d64577d2b21b15eb24d5aed420ad6840b79c62e21de4d10c8f9cbf3c5f6
SERVER_TRAFFIC_SECRET_0 74d45d9762177f3ab9c36af64085b62bb170c35c38851c8749d165fab1f73b00 7619a9e5905d9681254bb38bbad0fa76050e63d4765e0a007e7065a5537ccdd3c84b034f5fbf0bc6bfe6312d6be6bf9b
CLIENT_TRAFFIC_SECRET_0 74d45d9762177f3ab9c36af64085b62bb170c35c38851c8749d165fab1f73b00 5652d77f729b148d8f1cca4b8dad1cdd5d2974ba1a28137f12d8f641b5f2d013700984d5b4b174f1fac98bb21477b211
SERVER_HANDSHAKE_TRAFFIC_SECRET 8c6730ae377f126772ab7c1c090261df80d88cb78368bf122a88149b990d5299 1544653a7de31ce73321bedf72f127b250132cbfacd8eb6971c3b279dbf78763e7b1ddd52d30259b715068bc41304095
CLIENT_HANDSHAKE_TRAFFIC_SECRET 8c6730ae377f126772ab7c1c090261df80d88cb78368bf122a88149b990d5299 2c7e262fb8cc322bb31c0c985eaaaea08eaf4857812300cda240e32c9f950ff8a3c3006b4b27dab53ad454d4d97793f7
SERVER_TRAFFIC_SECRET_0 8c6730ae377f126772ab7c1c090261df80d88cb78368bf122a88149b990d5299 95a7a921b4126eb1b7f9348ceb8fe9b2bf9c7db30a389ccd7ed62eb80ef1186326065413799120b81d84c1a1721140c2
CLIENT_TRAFFIC_SECRET_0 8c6730ae377f126772ab7c1c090261df80d88cb78368bf122a88149b990d5299 0a41b7272e254e6ba2a23ccda65294e5eafc9ffd092d4673355e5b6083bd624aefa7aa85ec8cbaae5b4debb49cc3a9d6
SERVER_HANDSHAKE_TRAFFIC_SECRET b93cda64c9fc85b708eb17fc07dc72e7b3b352e284f6e7d4a3fd4099fe839e84 ccddcefdc999ed229318641dec8e8452888a94a9ec2ae098c6f35631ee1e432ae4c51e036c6bfcab590b7a818a23a97b
CLIENT_HANDSHAKE_TRAFFIC_SECRET b93cda64c9fc85b708eb17fc07dc72e7b3b352e284f6e7d4a3fd4099fe839e84 db08a6519975b4dd314aafcabdd3118f960da9c301e3de7266b8287e3f5620a0549602b1776a03780a31f419f83b7d0d
SERVER_TRAFFIC_SECRET_0 b93cda64c9fc85b708eb17fc07dc72e7b3b352e284f6e7d4a3fd4099fe839e84 7a354680992206ed93b68f495e461a68bb0fcf896c945cf4a37ebd6a1afbeb81548f36e8dd4c0bedae24547019a70f80
CLIENT_TRAFFIC_SECRET_0 b93cda64c9fc85b708eb17fc07dc72e7b3b352e284f6e7d4a3fd4099fe839e84 3cd7ff6e8511d7770c458d69e47bc934ebdef072c86ed7fd32fd7b1ddcbd9e282b4a9da00dc913a7083d7a6367d7b40d
SERVER_HANDSHAKE_TRAFFIC_SECRET a8dac39e6a5f4c72819c0313445d15bc15aedf067aefc7854184541d866f8708 895d24ff7df54c03d3bec7435ddf4b1fc800e929b54681b957970a9d5155a0cfcb0ae1105dacd201f11bcba8718924a7
CLIENT_HANDSHAKE_TRAFFIC_SECRET a8dac39e6a5f4c72819c0313445d15bc15aedf067aefc7854184541d866f8708 c1b0f44dc2d63816bd61eb4d15a721b83a5fb8b156b1fd013948ab53439e799d8ab96a3f4cb9ef70da469442bf2627d2
SERVER_TRAFFIC_SECRET_0 a8dac39e6a5f4c72819c0313445d15bc15aedf067aefc7854184541d866f8708 3d0fba293b8d304d6658b3ad51579e986ebb2f02e56958bba3f2d178239ce5108a8ee9f6aa25ed77e6e1b272ce092828
CLIENT_TRAFFIC_SECRET_0 a8dac39e6a5f4c72819c0313445d15bc15aedf067aefc7854184541d866f8708 e3532e953e0afd291371c3b4a5abfd6b0862ba0f703ba8393d3f7a33da6e3425005b4a30d010cf034d9492e8ae9e1a25
SERVER_HANDSHAKE_TRAFFIC_SECRET e0fc4afc9e1d17c20b19071df2282d943b3b678a3ff806be60502051bd9781eb 9b13329a09cf4baa054634c7d074d6416d9b8405c2900304069a6531e68e246467f433f67af8b49221fc88e89bcd65ab
CLIENT_HANDSHAKE_TRAFFIC_SECRET e0fc4afc9e1d17c20b19071df2282d943b3b678a3ff806be60502051bd9781eb 86a6b0edf95baf6a745172a1b3f27c9d00fb36f5970b4821e68ada6c95b136674b38eb3b21e0424451feae864e539e83
SERVER_TRAFFIC_SECRET_0 e0fc4afc9e1d17c20b19071df2282d943b3b678a3ff806be60502051bd9781eb 76af2756c7fbee77aa0429ca1435ebaf8019c29a7750fcc569f1681c37371bee8003ce9a67fd1c66c273e667018e9f8a
CLIENT_TRAFFIC_SECRET_0 e0fc4afc9e1d17c20b19071df2282d943b3b678a3ff806be60502051bd9781eb cd220931bded69ebad4c1a2e70be0f8ec13810dd8ed9d9f3e29f9b73dfce0d01203b293e04a83d1865ed3c5da5ec3241
SERVER_HANDSHAKE_TRAFFIC_SECRET 770abb5e3e00082cdaa63235ab408e4582373a64b989a5a278a7a435899f7ee9 08e88da189560fbc1a00fdc31cc219027368939a9e4b6c6dccdd9791944de56f98e1ffecd65bdd26438ccd5b41dd6005
CLIENT_HANDSHAKE_TRAFFIC_SECRET 770abb5e3e00082cdaa63235ab408e4582373a64b989a5a278a7a435899f7ee9 c46279d7c0753cb8f06cfe58b2e20d41789f0ef864cf5a9509ab5247aa0782ff07a1808ba8e4a944fac70919c9f71603
SERVER_TRAFFIC_SECRET_0 770abb5e3e00082cdaa63235ab408e4582373a64b989a5a278a7a435899f7ee9 dedcc633c585f2b83d903547ddc3a425b262820cb47bcd14a7b0baa7cb3692fe82519314c6849322a6259d28f6e838d6
CLIENT_TRAFFIC_SECRET_0 770abb5e3e00082cdaa63235ab408e4582373a64b989a5a278a7a435899f7ee9 431fcec789223e32de0dd0fd648d38ba549e5c45ef0df8ad9f470a8077ab657101b1eb7f80db49b10ef57a3ab5299c89
SERVER_HANDSHAKE_TRAFFIC_SECRET 7e6d336d6b5edc43f7e249463154adce011776fa09ab5ad986693c695fab58d7 da90bf209ad97fcca4ff8f08d4b2ad11595ad8f15ffa1a2e7e83b38cc9c5d07c90389f9bbdec0d159ffe493f2f0f0e1e
CLIENT_HANDSHAKE_TRAFFIC_SECRET 7e6d336d6b5edc43f7e249463154adce011776fa09ab5ad986693c695fab58d7 a43819a4c89a0d65b281c06d3438d2feae96efdcc67f461c88b1d7c1db54f30704512b0ff6a14c3e7d3283b9f1d24aa3
SERVER_TRAFFIC_SECRET_0 7e6d336d6b5edc43f7e249463154adce011776fa09ab5ad986693c695fab58d7 ce52f46ba653b0968ea15dc5b892741a1bbf16a9fce31d14f568830e4f4cc5e3e63231324f7dd180fd18ccebea753737
SERVER_HANDSHAKE_TRAFFIC_SECRET a29121d9d9206ca5111e8ed7309c2b00bcd40feb3e3036842aa2508f733d6310 e9641b05be6a15d54c383c4a4a9cadf021750e2fd9b37be2c458ca58cb94f9b496a829c8ebaed981226e5548e23b7b9c
CLIENT_HANDSHAKE_TRAFFIC_SECRET a29121d9d9206ca5111e8ed7309c2b00bcd40feb3e3036842aa2508f733d6310 e89758eaabbf1863a0fe211c7432606e518439502a8d7010eaba92cc13528d71e8f4ef1e84158405a675efb00403d723
SERVER_TRAFFIC_SECRET_0 a29121d9d9206ca5111e8ed7309c2b00bcd40feb3e3036842aa2508f733d6310 0ee226d8df7fc8d1169a292b44e04f8d4a66ec931e64007b9062f6f7db0d30ec576e47633ee151097a0a33c75ab39dde
SERVER_HANDSHAKE_TRAFFIC_SECRET 4a7f138e19d8449c98aa74f820842422bcc006b28b21bc3adb2342aec1e16e3b e3c4009a3afcb514082c61abc7dde83d127daf1cf210ab2720dfbb706752b45785c939938f2717b185da94cb5ad9ebee
CLIENT_HANDSHAKE_TRAFFIC_SECRET 4a7f138e19d8449c98aa74f820842422bcc006b28b21bc3adb2342aec1e16e3b 98a78a5613b897b6eb037e0a76ebbfe645c1888916f6347d82d9aa9482088758d17983ed6f6e6f49839906e28becbf0b
SERVER_TRAFFIC_SECRET_0 4a7f138e19d8449c98aa74f820842422bcc006b28b21bc3adb2342aec1e16e3b 02ddd232dc845e7c7019e47f0309d7733fb087df695686edf28b1eee6638c5fb7416f16baec2d9279e655336850dca74
SERVER_HANDSHAKE_TRAFFIC_SECRET 7f5a3192302da55d636e725d70cfb13d98d9738467ec964a272d22beea3d19e0 938a404d669d9a2c2ea32ae60c6f82cd0416337fc47b3c6ff77d78c647012cabaaffaa26b51e7e70070b763a0e1cf466
CLIENT_HANDSHAKE_TRAFFIC_SECRET 7f5a3192302da55d636e725d70cfb13d98d9738467ec964a272d22beea3d19e0 0baa9fa3e92edb99797c8abe7f4cf48475f1966aee894f49c36b5847822e383c90417b4365fc1241a495912c63862010
SERVER_TRAFFIC_SECRET_0 7f5a3192302da55d636e725d70cfb13d98d9738467ec964a272d22beea3d19e0 d96b9caec795a0eca4ad05688b004668a725fa34bfc57ab21d1011fd08ab063f36baf40e392362f4d0b2c5eceec9992c
SERVER_HANDSHAKE_TRAFFIC_SECRET 6e66dcd57ed189f908e34a2c88a4dcecbf7665e5582edfe59b25fb7efd64ec5d 7fab384a2b71cbb8993dead0b0b393cdca60f83448872cd294c929ca82fe16e6ee2612f79d955cebd9df3a18ea63cf6d
CLIENT_HANDSHAKE_TRAFFIC_SECRET 6e66dcd57ed189f908e34a2c88a4dcecbf7665e5582edfe59b25fb7efd64ec5d 2b8a99a0905a88427d8804f19154120747e892ecad4975c93d6506a467ece058482d31be6df6d9951ea90038b36c23c1
SERVER_TRAFFIC_SECRET_0 6e66dcd57ed189f908e34a2c88a4dcecbf7665e5582edfe59b25fb7efd64ec5d 03e6861920bd729bbc67ec1d16fad56678a7f6d76eb045b68e1e0ffc66720373c2a840e74a56921b730928f0f0069bf0
SERVER_HANDSHAKE_TRAFFIC_SECRET d69c734635c9b340ae9cb34136c4c793d3d26643b81cf6cd2d609847520b2f5e 294ca666da105f34817cee6ac0a9e6337dad5f8eec4cca8437d6b6ea1372b33d7feb5263a6c4db6d0ad51d1f906f067f
CLIENT_HANDSHAKE_TRAFFIC_SECRET d69c734635c9b340ae9cb34136c4c793d3d26643b81cf6cd2d609847520b2f5e 4bd5b88234f61dc7611dc50698b106c623e8194ea9f72d66b70a8abd319efbf96ac7550184facd6f3ba36a16092882f2
SERVER_TRAFFIC_SECRET_0 d69c734635c9b340ae9cb34136c4c793d3d26643b81cf6cd2d609847520b2f5e b6727b59e09fc6e164d82e965469ddfe3eba357c3b1c931125f0a3ca5cf9c5c331b8d35228e0fba1096770512904c538
SERVER_HANDSHAKE_TRAFFIC_SECRET 331229c300d9d07381aa55e439e62372f3272fa7f49d4c52eb05bdf35d9dbc32 b99d4b8b545e248a939d4cad74657c27c765f6017099cdbd5af3d0df90455f453d529ca35fede06fc7be18b3ed3c6a0a
CLIENT_HANDSHAKE_TRAFFIC_SECRET 331229c300d9d07381aa55e439e62372f3272fa7f49d4c52eb05bdf35d9dbc32 16065d318acb9f059ca08f4344e4e1d6fbe56c2d4c03c6fa35b0fc06183626ad08c87136587d091ee789dfbb04d54692
SERVER_TRAFFIC_SECRET_0 331229c300d9d07381aa55e439e62372f3272fa7f49d4c52eb05bdf35d9dbc32 ecf9b9f357b95b7bebe6f37909fb818dc73b90fab9c709415d1baaeca571c54555a903c2c8ceb51a05bf84f6100d7cbd
SERVER_HANDSHAKE_TRAFFIC_SECRET e8fa0d407b9290f889a7d56c902344224171de10f331fb7e2ac1010dc972a09b a9139abb5c37530833de6bfa791932aeb2959dfa2130ae97e669a280a2a23d1a8610cfca50327cdea77911eaf5734421
CLIENT_HANDSHAKE_TRAFFIC_SECRET e8fa0d407b9290f889a7d56c902344224171de10f331fb7e2ac1010dc972a09b 90b84998eadfd7b082d44abc8aaccfb8cf29e8b47b5259074cc2b565b78117aa9c39d015dfd44b926238fe4df8f9157b
SERVER_TRAFFIC_SECRET_0 e8fa0d407b9290f889a7d56c902344224171de10f331fb7e2ac1010dc972a09b e8227f8bbd2d6c295eb4b37e0ee8181aa2cfa8a64522c44f700e462e7b9150736c464b4d602d2adfc1dcd091f2422aa7
SERVER_HANDSHAKE_TRAFFIC_SECRET a8d8e40a9c2d59ce34257282356ffd314fe82bab49fa565f144a3a0bcfe56e72 9d47b3d88c4ea0369a3a1fc5d7221008110348fe0ba81758563dd0c0946716b695e0a3996188cf3a0b50fa4abfe8df56
CLIENT_HANDSHAKE_TRAFFIC_SECRET a8d8e40a9c2d59ce34257282356ffd314fe82bab49fa565f144a3a0bcfe56e72 2d71a4ae5268f6f06778f04b9e12c918c323f997147d5240565038f57fb3f64c36e028359520ccb4286658383e4e1345
SERVER_TRAFFIC_SECRET_0 a8d8e40a9c2d59ce34257282356ffd314fe82bab49fa565f144a3a0bcfe56e72 feb7e09ab4743b58863fea140b48e8870492ab84f1199672b8acd1e90046e2f38f40b9b0f603e7e890b5a52275f4bf20
SERVER_HANDSHAKE_TRAFFIC_SECRET 6f83974be3be8435e39a1bc7f3e1281e9f9f2718965dc4b955f220873c0a57f3 7047f4257f1162204fe09c59202ee117099555cbb45b4f090bd73575e9bc58d87da8ec5389576563c5c06785941e9afb
CLIENT_HANDSHAKE_TRAFFIC_SECRET 6f83974be3be8435e39a1bc7f3e1281e9f9f2718965dc4b955f220873c0a57f3 23ec4f412dc99ddebd2aef37c2dd05de52dca9e1ec4f0541e3f4285b60dc440df6bf5e44dda538a0e6ce993da16ef1c1
SERVER_TRAFFIC_SECRET_0 6f83974be3be8435e39a1bc7f3e1281e9f9f2718965dc4b955f220873c0a57f3 eaab9dc75d44303b806b5a55034b294d5d4084431055d30dfd31f5a1315ebc57c365e6b79d1edf572bb234b37c6b7567
CLIENT_TRAFFIC_SECRET_0 6f83974be3be8435e39a1bc7f3e1281e9f9f2718965dc4b955f220873c0a57f3 33edf97182c8ed7fd83723d15846cf6b27c3c79ab222abd8aad86e5174a151d405d1fad9b4a5da1ad1604340ddfa6910
SERVER_HANDSHAKE_TRAFFIC_SECRET 5e1aa08eabaad3d748885010d06fafcd7b2f1945d8549c73cf279a4ee28f0bce 1ff92f509e3f464b19c3d1ac769094666751e3776ca80deda96a3b18fdf890fa1006a35adaac78e9ebc2f866bbb72821
CLIENT_HANDSHAKE_TRAFFIC_SECRET 5e1aa08eabaad3d748885010d06fafcd7b2f1945d8549c73cf279a4ee28f0bce 288a5532535461a68055a288354fda057ea434bcec67afa20b48f9bc4f2c58bd43f7929c8d5158d0785ab8d5fc16017e
SERVER_TRAFFIC_SECRET_0 5e1aa08eabaad3d748885010d06fafcd7b2f1945d8549c73cf279a4ee28f0bce 3246c20cdb140b0df6defc3c87955be72755e31c6b9960f9bb7285f93e8394cfb746bba2715b4a1d1e83b9dc68efd581
SERVER_HANDSHAKE_TRAFFIC_SECRET f7ea85bf7497204417eaebcd8914f3b42feee01c98684b95d700353bbb75d40d bbf247f03c161201a79c0b150f3cce94e90f7ea329046ef385320a010558060d92ad4a3768125367983a96e9c5df423f
CLIENT_HANDSHAKE_TRAFFIC_SECRET f7ea85bf7497204417eaebcd8914f3b42feee01c98684b95d700353bbb75d40d 0cc587d248285491ad17f9af1de4d65eacb1a5bcaf9270232a247cfb0ba73771f17c7cf39309c15394bd06c111ebb099
SERVER_TRAFFIC_SECRET_0 f7ea85bf7497204417eaebcd8914f3b42feee01c98684b95d700353bbb75d40d e7996bfd03212aaf58d7abc3618f96d7d1ddea487c0a834dcbd2303270c2bcc34191f0bb086309ff8708d6762c33bc05
SERVER_HANDSHAKE_TRAFFIC_SECRET f70f8054aa5ad8cb10154b7537063d00f77b00aa1bb4c06d1fa0f10551e71c3f 69aed26adb0571e8ad572e16b9756d21ca1b87d11f02232f38f6cc161c89418319a23d8838fd7570aff0a27ac13ee967
CLIENT_HANDSHAKE_TRAFFIC_SECRET f70f8054aa5ad8cb10154b7537063d00f77b00aa1bb4c06d1fa0f10551e71c3f 1c4aa63a0fa73da370ac0bcef3031e8d1eab5dd7e77255aab33365263c357941e527a869056c65980c071cef380bbf44
SERVER_TRAFFIC_SECRET_0 f70f8054aa5ad8cb10154b7537063d00f77b00aa1bb4c06d1fa0f10551e71c3f b3e6e7aff533f8d6d320d3d4d51bffbe968b5becb950f4b083205aa955c5d6cd5343ef871b1e9dcd2742bf427c2d0f8c
SERVER_HANDSHAKE_TRAFFIC_SECRET c00406c833bd611c304712a1560680b6554baad292a2017a4c43c2847fbaaba2 7e692a450a07bfeaafc37f28d1c5549bf27de9be7438c0862b8041aa9066d5413f4c1a3fb418510d9ed9bfbd7aa1810d
CLIENT_HANDSHAKE_TRAFFIC_SECRET c00406c833bd611c304712a1560680b6554baad292a2017a4c43c2847fbaaba2 8d90384d384b3d704c983bf53b623f138214d819f4bbc9f70b61fa3283c5b48fcea82837a4b188e9b1bcf5fb9a457aed
SERVER_TRAFFIC_SECRET_0 c00406c833bd611c304712a1560680b6554baad292a2017a4c43c2847fbaaba2 6311ca81ed12fbf4a2bfeb05086d4c4ad84cf40de1694ace9e24ea938847ed02f55917889d5fbb6fb56c19110e1a6e2f
SERVER_HANDSHAKE_TRAFFIC_SECRET b7b673150ef61a94aa4c739f8e5baf639141601fbcefe04d692d9b6ceb491a09 794436ced6c4c54b95024159da0fac8bc13477da3afa7899d02ff30485cf2336280a7475f5f113587f85d2a7d746401b
CLIENT_HANDSHAKE_TRAFFIC_SECRET b7b673150ef61a94aa4c739f8e5baf639141601fbcefe04d692d9b6ceb491a09 6b0f48996ff847d33955171a4cad7d6178a62ee15f2beda890fe051c3cc24c4e639a44b5cab18d2bbd63c46e4e8cabb4
SERVER_TRAFFIC_SECRET_0 b7b673150ef61a94aa4c739f8e5baf639141601fbcefe04d692d9b6ceb491a09 9f894a2fe66b7baa443f07f06f30f45ef04d1c7b9944f6ef7b1b990f2bc7164d5450a5fd20a85d3a610447f62e980202
CLIENT_TRAFFIC_SECRET_0 b7b673150ef61a94aa4c739f8e5baf639141601fbcefe04d692d9b6ceb491a09 57e8a2a1a5c456925543c2ff08bdbcc86953c3f2c52f555331df92f40ec94e7f566271a151048c5589f1185cd4621d83
SERVER_HANDSHAKE_TRAFFIC_SECRET c2da7fd71951944f07a70b951499cc1c6dd04ad6cbec02a84b57a5e243a62b75 fade59fab278572e43adc1d796f95a087de905f4310a6fb603beec32d4041d6bb6f08aaad865aa4db3319b758664f3a8
CLIENT_HANDSHAKE_TRAFFIC_SECRET c2da7fd71951944f07a70b951499cc1c6dd04ad6cbec02a84b57a5e243a62b75 d9c8433ac84293c74043a5123e7f8f79aa7f97b5bc99e57ffbee8c3d18e0d663056eedb7adb2992bd03b3d83c4e0608f
SERVER_TRAFFIC_SECRET_0 c2da7fd71951944f07a70b951499cc1c6dd04ad6cbec02a84b57a5e243a62b75 930d20099b4108be053d785f4808494efdf3d792682a9d90fdb815f1adbd3e270b82731abd6f93c34c9fedb399d3c300
SERVER_HANDSHAKE_TRAFFIC_SECRET 4eb2c2b1ac5dbaeea409b7c3a7be3d45cb504656ac8c0c095bd3e7af5e359964 5d2c78d308b5fca0cf08261bad4104da14bf96379a63d8800a5ed7ccc8b7ddcc6e60939051436fd50cf0225d78c1e51d
CLIENT_HANDSHAKE_TRAFFIC_SECRET 4eb2c2b1ac5dbaeea409b7c3a7be3d45cb504656ac8c0c095bd3e7af5e359964 dc00ac478129ddf9b564c1914dbdd17a9c4c6301b49aa85bdfc9f422e92b1986ef537794127adc79cb41c5b9677f866e
SERVER_TRAFFIC_SECRET_0 4eb2c2b1ac5dbaeea409b7c3a7be3d45cb504656ac8c0c095bd3e7af5e359964 224ec6f80b13826ddb73d21a2b5c34af1857adb65ad043a7ae848c98ae45ea6b3f5c15212fc45cded4ebb9db582471b2
SERVER_HANDSHAKE_TRAFFIC_SECRET 4dd0cec09805002514f329e10c46e1e9dac2aa4c26e91c9c81fac7e24665bc5d 3ce9fc71f68b3b97ddafb6918a018f8e1e0260a9af207880708f0497dfb3495c47ae44b84ec2706a94dd1d9b4d6e7f42
CLIENT_HANDSHAKE_TRAFFIC_SECRET 4dd0cec09805002514f329e10c46e1e9dac2aa4c26e91c9c81fac7e24665bc5d 9ac7e05a449be95ec5745a96187faaf87cdd8f1f4f9aeb207610bb11751abc5b0d2baee2dca58933506ccabb2d5befa1
SERVER_TRAFFIC_SECRET_0 4dd0cec09805002514f329e10c46e1e9dac2aa4c26e91c9c81fac7e24665bc5d 006237f669c47e3e44886c4125b6cdc06f64cef1ff41cc523b9a2ee111feaf6ecada2dada8ce30f1be7bebaab29a1c6c
SERVER_HANDSHAKE_TRAFFIC_SECRET 3d9381fd21ea253ac05b838fa2b31c877194ac09ff9f2bf6c3c7f7f4ef43bc15 ec6f973874626b91494f2f2657df94462d07bfa77f488d0d6241d38e4503e0a5270273f1acebbfc65f0e40f627332695
CLIENT_HANDSHAKE_TRAFFIC_SECRET 3d9381fd21ea253ac05b838fa2b31c877194ac09ff9f2bf6c3c7f7f4ef43bc15 20587b968dd455b2e585605bd75b074e83c16121376ed223de82c679e87c62477c1285737d37bc2a73631db41e976f12
SERVER_TRAFFIC_SECRET_0 3d9381fd21ea253ac05b838fa2b31c877194ac09ff9f2bf6c3c7f7f4ef43bc15 072669279b616f3e5b96356598b2657f4c349485c775b8cce993b011455e5744d03a7e590408688970270f0c5d332944
SERVER_HANDSHAKE_TRAFFIC_SECRET 37a223c55d9c525bd1771aad58ab6de5f06b94392cad409b253d484a83ebb2cf 237c062039f978f81567ba60c8f0a80dc52b9b6596c0eb548b8d04ff3aea7441d331263e3e8660d440dbe836c4aa1992
CLIENT_HANDSHAKE_TRAFFIC_SECRET 37a223c55d9c525bd1771aad58ab6de5f06b94392cad409b253d484a83ebb2cf 784d1215d0badfbc7a7f09bc7581c1a1aebdb2ebbe1febc13503f09c0657aa1a39543e10683a7a389d6836fb0506a117
SERVER_TRAFFIC_SECRET_0 37a223c55d9c525bd1771aad58ab6de5f06b94392cad409b253d484a83ebb2cf 80dd893aed0e24d180047e2f329227f63faae71e0b1223b31e8a72b5487bc3ba2699947a10569dd190a57b37ce80c45a
SERVER_HANDSHAKE_TRAFFIC_SECRET 1ee267ebb30a95eb9f19b447f920f22a2382f35d739ece64cec643e9aeb815e9 7bafd3673e337c2e910c15ddbe49db8ed944c8029c52c1208490ddeedf0cc8b3f1df355b351b3eb06cdb5799a9dc584d
CLIENT_HANDSHAKE_TRAFFIC_SECRET 1ee267ebb30a95eb9f19b447f920f22a2382f35d739ece64cec643e9aeb815e9 9d5840a0a703ef0ba7b45401927de10b3aa7cdf19417a5678ee45b43350db9f1d5c3454059d6f68d7a830cbda45c48f1
SERVER_TRAFFIC_SECRET_0 1ee267ebb30a95eb9f19b447f920f22a2382f35d739ece64cec643e9aeb815e9 6160a5c7f8a47e384a7f7346ac77eec8e984538a8a83658a3fd50876300c18d78ea80c4c89509cb98ab22ffd6c78ee29
CLIENT_TRAFFIC_SECRET_0 1ee267ebb30a95eb9f19b447f920f22a2382f35d739ece64cec643e9aeb815e9 33f69ff54400b178da0f4819a1775a8c168d9147853adda796e8ce492310af414e9b3941a51e61abddd78d4b20363f2b
SERVER_HANDSHAKE_TRAFFIC_SECRET a74ce8f9e150feb853a730b486a0d5e1ce6302d98cf5f37efe553f95b0b83f82 c32aec17c9fc689c807651e1d0e08083fdf949a6cde6655da00ad3780e34957bcc1560c982363fc9a4a8fe37df9e866f
CLIENT_HANDSHAKE_TRAFFIC_SECRET a74ce8f9e150feb853a730b486a0d5e1ce6302d98cf5f37efe553f95b0b83f82 7b57a088a10c99cf4ebb18559cd9a68188f8db3f8085e6a2769e11dfcc8bc70771097be0d825841d638a03470064c3d5
SERVER_TRAFFIC_SECRET_0 a74ce8f9e150feb853a730b486a0d5e1ce6302d98cf5f37efe553f95b0b83f82 fba04d42d958f0a2d72b4d096ab6da2dd0c6aedd19b717004a3b64a9d2b913b27e185a86108a51ae8f0268ad6dd73c51
SERVER_HANDSHAKE_TRAFFIC_SECRET 2e952a647069c3bfe1e6f92f4381b9c3602aa65042e24e5490c95c066545d61d be6dd0eadee5a11dab442ad9255694a68335b645d8949ffefa23a446f9ca40569f4d9c40981f004c0ff130f5b96aad8e
CLIENT_HANDSHAKE_TRAFFIC_SECRET 2e952a647069c3bfe1e6f92f4381b9c3602aa65042e24e5490c95c066545d61d 73fb0db12533f6d7edc2b4c275a76d97cb9c0abbd5d1e054845a0ebb89784c8d6bff2eb0dac4ad85749178a39830c9d8
SERVER_TRAFFIC_SECRET_0 2e952a647069c3bfe1e6f92f4381b9c3602aa65042e24e5490c95c066545d61d 5f0736ad5b0e35f9cddac5f34b78603b9bcbca6a6c573b385591e21ad7543f0b346b8ee51ac0d81bc62f94e47c4c218b
SERVER_HANDSHAKE_TRAFFIC_SECRET 0bd7e9abb4bb0e4181dbb5c1a935e70775333f5faddac10683c3d9c1ab839aa3 b8ea7dd72228a6c324e12abf895736f06d432377646c00ff171a279252e62d639926de2cc233e4335199160b544ebae0
CLIENT_HANDSHAKE_TRAFFIC_SECRET 0bd7e9abb4bb0e4181dbb5c1a935e70775333f5faddac10683c3d9c1ab839aa3 66fa5e23ac793a1e2ae1ff567ea2a45949efdb41cb5e5c3bc3f4a96c957b12d38423e1564ab7dadd8ae4629f8e44f652
SERVER_TRAFFIC_SECRET_0 0bd7e9abb4bb0e4181dbb5c1a935e70775333f5faddac10683c3d9c1ab839aa3 83c8cbcfbfedf54d7b38c048d1a82c9566d022c29ab33e47625390b5871f7d2d1622a75d5a1a341d7ccabbb51648d92c
SERVER_HANDSHAKE_TRAFFIC_SECRET f33bab09c0f231455415f4c6b1aadf3e6baef0c1ac8cc2ba931de79dc44c9a9b 6d9cea4c6e5edcd82e9c8698edbdc7754dfe091563f78fa9cdc0f0dab55be8c2af11ee1e5270f6288e3ad23f854cfc17
CLIENT_HANDSHAKE_TRAFFIC_SECRET f33bab09c0f231455415f4c6b1aadf3e6baef0c1ac8cc2ba931de79dc44c9a9b e26746144f153e7c625ac4d6648282addad83853a9e8e08de930135bdaa7c34cacad84517280c184e156b7c62818da41
SERVER_TRAFFIC_SECRET_0 f33bab09c0f231455415f4c6b1aadf3e6baef0c1ac8cc2ba931de79dc44c9a9b 644c49fbf00236dafa2036099e460ce0715bd6826066ce90a267ff2f65f1c0784a2d435f54212adfa3c679b57b0c333f
SERVER_HANDSHAKE_TRAFFIC_SECRET ab9989010e9725752ee4e5b86475c737d348dd512f27ac1e3721cd2feb90d05f 0a8f40a3abfce712844162e02db93652cfa9fec47f6dc1aa683125173e9932d26e9608eaff3f7b4cab994ea0b73e53b4
CLIENT_HANDSHAKE_TRAFFIC_SECRET ab9989010e9725752ee4e5b86475c737d348dd512f27ac1e3721cd2feb90d05f 60f3713c2fe8308ce942ceab80d9b898e3f6792d36615fa42518053ad65da1a88ccfa2e657014e2a2323f1db1f0e17dc
SERVER_TRAFFIC_SECRET_0 ab9989010e9725752ee4e5b86475c737d348dd512f27ac1e3721cd2feb90d05f 8728e2024362ca6d51d6c49cc51c2f1e85ba0acb559cb71fcaa705995253ceeaaeb6a28ed9b5e8e81f6c54a51d8dad99
SERVER_HANDSHAKE_TRAFFIC_SECRET 8f8fa1031dad30481cedb2f5ec9a7740dd38d439f326e867ab4cdaba64b6c886 81844f08b79e9fb06ad1aa060b7c3b2391168964630623872e7dbfbd5db9b3a2bc5ac8b70b407ad1053b4b05b21b5ee0
CLIENT_HANDSHAKE_TRAFFIC_SECRET 8f8fa1031dad30481cedb2f5ec9a7740dd38d439f326e867ab4cdaba64b6c886 c16152df4b54ad36fe7b23cf90e5b2112c26de1b72b40fa9270d0f08da7f77efdc5c297d7f38b60aa5cf293dbf4ab18f
SERVER_TRAFFIC_SECRET_0 8f8fa1031dad30481cedb2f5ec9a7740dd38d439f326e867ab4cdaba64b6c886 7dee7024c815396769bba756b15e3d750866a073164118dd7fb449bba7b55046e97a9ce504f1a4c4c50593dddaf2dd8e
SERVER_HANDSHAKE_TRAFFIC_SECRET 75fa001ac672e3a7701e841dabe7db8fc89fa95b0f40c29c464b3f0977dfd155 c1677ffec59a78f49ce180b2ae24f6fc77080dc48334d15ff7499cbaaae942ad2006760f934d5dec33d4dc3f7d0f46fe
CLIENT_HANDSHAKE_TRAFFIC_SECRET 75fa001ac672e3a7701e841dabe7db8fc89fa95b0f40c29c464b3f0977dfd155 6319980cb2bbe4c371e59ce9e10fd3c83475f2b501186f7adf4868d577e8876f436b6097c7e97868c6e5f459288bb0d1
SERVER_TRAFFIC_SECRET_0 75fa001ac672e3a7701e841dabe7db8fc89fa95b0f40c29c464b3f0977dfd155 46bd9a01c223317c08314f83126227e56469924471737c16c0bc2c97427f1f0d31f04b28139653d7768011aff6b954bb
SERVER_HANDSHAKE_TRAFFIC_SECRET 7d66a8caeaf2506cf253d95bb6b748768d7cfb8a86c4093d24f381e3e2864a8e ce5dd4d9438fe7982fb974c56bc284bc34ecd4b1cc865acd67057fc6033724ff9dedc16768aec69e23837ed39b6dbc64
CLIENT_HANDSHAKE_TRAFFIC_SECRET 7d66a8caeaf2506cf253d95bb6b748768d7cfb8a86c4093d24f381e3e2864a8e 1ad8a395e0f0efea34d402cb8833970e1488021fd9af82061629e18a3f5f0a4a9b9dfad36f0d4f7daba1d5f471d59117
SERVER_TRAFFIC_SECRET_0 7d66a8caeaf2506cf253d95bb6b748768d7cfb8a86c4093d24f381e3e2864a8e 27e9d5156c91ca9ac897d88b693ad80b2a17e2f8aa4b11900cfb783eb7273cc1524f3d3c40bd9e9c9116436f52712e6d
SERVER_HANDSHAKE_TRAFFIC_SECRET 701de8d67672bfdb0adea16698af542793aafb0fe3eea552b77025c264ba05ce dee573c582a0520b3f763177d1a0af87733e3e7c0c24b78c1782316a5d0f335d2aebee5391fddf6c57a1477656a52065
CLIENT_HANDSHAKE_TRAFFIC_SECRET 701de8d67672bfdb0adea16698af542793aafb0fe3eea552b77025c264ba05ce 55dd76a3ca3deaf56110b69088befc846405ff8363eac3460e97d40be672f2d34f2db3f6d66a00c19b830287a35f5d9e
SERVER_TRAFFIC_SECRET_0 701de8d67672bfdb0adea16698af542793aafb0fe3eea552b77025c264ba05ce c424b0ad5d65f5f882c779c7fecf2c575bf4244617f3866e3390e2209338eb26ab4f668df2f43138db11a880aa6c3540
SERVER_HANDSHAKE_TRAFFIC_SECRET f6d5d17ca6dfb68552260a4143094f40b4543a2e8a728bc5d0de71818e8002f5 71bbd77d7727f1dfd3ace5f31bc77cc83325007f76fd306e35bedba34fa09f880a5b05572c19de8be722ffc903f17fb7
CLIENT_HANDSHAKE_TRAFFIC_SECRET f6d5d17ca6dfb68552260a4143094f40b4543a2e8a728bc5d0de71818e8002f5 b67ca3a6f283457dc56cd6c65986a242a30ea2f490f230f9e17c1afe9a2272d7a902d5dd9215f2b6a452f4e617d9467d
SERVER_TRAFFIC_SECRET_0 f6d5d17ca6dfb68552260a4143094f40b4543a2e8a728bc5d0de71818e8002f5 6bacf8ee1ca55d5e49437c9b4347f75f2d0cdd0e6cfb662b2ffe76d9c9a02f645afd04f1682d228084e98a07fd0f4cde
SERVER_HANDSHAKE_TRAFFIC_SECRET 8e3aeb0be0833e661f2121d478d9f4ae44295854ea63f766d46714eeeaeee1b7 17bab18cb4b8c9ba96d5902be4b73762be17fd041efa8583c33d1b60b5f03051d0abf49639a0ef9c1870b78731744b53
CLIENT_HANDSHAKE_TRAFFIC_SECRET 8e3aeb0be0833e661f2121d478d9f4ae44295854ea63f766d46714eeeaeee1b7 1370cc151c1bdcaceb3d00701a2b11ef3556cf465bb77534c418122cbfd437062536f286f4ab9f18dba2bf9c3303da67
SERVER_TRAFFIC_SECRET_0 8e3aeb0be0833e661f2121d478d9f4ae44295854ea63f766d46714eeeaeee1b7 914bfb9e0f6c4af5e90d460a309c11138a96d0dee2e6256ad13a339fd31a28d61b00f295fdf4d51019c86ee02e61a824
SERVER_HANDSHAKE_TRAFFIC_SECRET 311e5a9dad38e3a6e5877a849e8c41a2bd807ab5dc29fa11d48c7721cf25b60f d39d9f5e547ccc95d4f3da1887a440afc09bca07ca9ee9be7396ce1f4cd492b589349cf8f9a3c30fed71d571543a2fd0
CLIENT_HANDSHAKE_TRAFFIC_SECRET 311e5a9dad38e3a6e5877a849e8c41a2bd807ab5dc29fa11d48c7721cf25b60f f7d9cbf45b34af6099e1ea7312756689793c0064a9e98407de7d7679dc295dcd8e2d8fc4a5931cf598712ded3470575f
SERVER_TRAFFIC_SECRET_0 311e5a9dad38e3a6e5877a849e8c41a2bd807ab5dc29fa11d48c7721cf25b60f 27070ef078db4dcc561f95171cff993a8771e8b0f6becf4f2c159b8e64e7cf3a529611686b28bdc964841f49231f6bde
SERVER_HANDSHAKE_TRAFFIC_SECRET b650ceb997cf253212b93ccf8ae5fa6a816aa58bbbb5f9365c8cd2285485d1fc bd55bff6e399ec7635241dad8ba028ca040e411766e50a83e559ec56d70b61113fa66a8b3136ac92d3077de773c2e3c9
CLIENT_HANDSHAKE_TRAFFIC_SECRET b650ceb997cf253212b93ccf8ae5fa6a816aa58bbbb5f9365c8cd2285485d1fc f6e30ebf89dd89db9185a2c44d22774659894ee298fc13498031259a8dc48599b6b21d776abb93855f87e5e6b84f038b
SERVER_TRAFFIC_SECRET_0 b650ceb997cf253212b93ccf8ae5fa6a816aa58bbbb5f9365c8cd2285485d1fc 5c5c6d54e3d4734dee22632fb4f72b293625217a2579664cdfee5ac772ccce1b4013f0f388a89cb7a9276304bc24b344
SERVER_HANDSHAKE_TRAFFIC_SECRET 67c5a75ab604d4efcc56dba50a441d4a3eef541cb411ae04c14f9a21e5409f06 beffd7c03f0225f22b73512adf1792b6819d2e880b0803a84cc297f47452a1cb74e637062b24968f435e9d3fa81f2f4a
CLIENT_HANDSHAKE_TRAFFIC_SECRET 67c5a75ab604d4efcc56dba50a441d4a3eef541cb411ae04c14f9a21e5409f06 79c69dd937c53932d75882161e797eef88e3b37cc1ae995ededa02619b0ba34a17a80f7907668551086bbec60e14e639
SERVER_TRAFFIC_SECRET_0 67c5a75ab604d4efcc56dba50a441d4a3eef541cb411ae04c14f9a21e5409f06 41a3178ffc43c960d8c3c698ee2579d4b805eab52d0b453f0f9d7df58007b3611025da008e7f662afb1678b7f81bddb8
SERVER_HANDSHAKE_TRAFFIC_SECRET c057db86ed842a3d80a2ffee9d0dea2a9745d9672d2fc69751743b3e2536513a 36f065fa8f0e3b078a84f81f6d54f7cce41086be8e15a6c9a2494a73185ea1aec20ca46759b1e3da2be229b698981aa0
CLIENT_HANDSHAKE_TRAFFIC_SECRET c057db86ed842a3d80a2ffee9d0dea2a9745d9672d2fc69751743b3e2536513a ef36e1429be4583e126cd5cacaacbbb1408ff0e3752602d6e780e0c7e218466c4b57dc253da3c9be826af5ec5021fdee
SERVER_TRAFFIC_SECRET_0 c057db86ed842a3d80a2ffee9d0dea2a9745d9672d2fc69751743b3e2536513a a57323a4216598c7a953cd24130a3a3e394c7362522b9508a07b49f2ee7c89e5176e8c4a47fb39904bc0c4f3cff307ea
SERVER_HANDSHAKE_TRAFFIC_SECRET 2b0bf19ec6cb621fcd521485ba8d04a6b2de18adb4695324f2008e90533aab07 3ac070302465340048ebac01e945a7c820ea71123820241728feff4668e898fe3d7bcccc8cd7a20ccbd556a36a45f860
CLIENT_HANDSHAKE_TRAFFIC_SECRET 2b0bf19ec6cb621fcd521485ba8d04a6b2de18adb4695324f2008e90533aab07 144012f2feb08d52f1c40677c8d027a70c73455c2b4c98086de67fda219c9874d9ddfdf2f2d2a4e226a091a24c996743
SERVER_TRAFFIC_SECRET_0 2b0bf19ec6cb621fcd521485ba8d04a6b2de18adb4695324f2008e90533aab07 2aac4ece366eb193f5cbca3ca7dede380bcd861042396ff83266ef7194ef35c9daa47b4867b3e5ebff561b7f0c5dc8c8
SERVER_HANDSHAKE_TRAFFIC_SECRET de65d53e477f879295e2e6eb2aac35da7aed213c90e27718d46216776a594f4c 26c003485140268fc6bc50f1aaee11af79d484b36923d5acfcd7e8051fc65edff42905781ad9e63f68bc92e6b470ef3f
CLIENT_HANDSHAKE_TRAFFIC_SECRET de65d53e477f879295e2e6eb2aac35da7aed213c90e27718d46216776a594f4c fc4b77609fe91af4b44d1ee36c31333067e9a47b0a29d8cc8522d1e4364491cc3e717944a37bdde1f4c53cb6c02bbc93
SERVER_TRAFFIC_SECRET_0 de65d53e477f879295e2e6eb2aac35da7aed213c90e27718d46216776a594f4c 0db07d90763d6977be19d2aa368004a97a0e635abed9d6837bd811b6c99547c3c556e258bb0b7233af7bf58427c4da3e
SERVER_HANDSHAKE_TRAFFIC_SECRET 7e1e23b174509bd25c1fe5c1196f178229d4957cec269cbb7cabdcb23e086e22 66f8d3f0a4d86aaa0cdc484f3bcb4cd7dfc099797ea0047a31581b22ee86555accda40251d8b0042dd6dcb119764bf8e
CLIENT_HANDSHAKE_TRAFFIC_SECRET 7e1e23b174509bd25c1fe5c1196f178229d4957cec269cbb7cabdcb23e086e22 475b4ffe5e50497b321e38029227320d1871df12537170538b41cc26e1882dce7d3baf8916d3e0f8f01fdb69de92e961
SERVER_TRAFFIC_SECRET_0 7e1e23b174509bd25c1fe5c1196f178229d4957cec269cbb7cabdcb23e086e22 ef50050bb38e1abdef60d862199ac43f6dc062e7739801e8a00c4270a02a970a644b779bdedfb8f49fb039e6b4ae2c7b
SERVER_HANDSHAKE_TRAFFIC_SECRET 9e9608dc9419919fa589587d649413a9e1ec9ee0e8b8ecd61da6ea7252d9d93b bffa4d9ba0e710d40af948ed4f15957a3857a1395c8e30daff9828df169270527180e78e01626c3dbf942a4d1cbacf70
CLIENT_HANDSHAKE_TRAFFIC_SECRET 9e9608dc9419919fa589587d649413a9e1ec9ee0e8b8ecd61da6ea7252d9d93b 9d70c14c116e178ccf4ab9b1e48ae583c149db9a3ca5898944a76ff82f9e2691e4e0935f0b08f72e120ca4556cf9849f
SERVER_TRAFFIC_SECRET_0 9e9608dc9419919fa589587d649413a9e1ec9ee0e8b8ecd61da6ea7252d9d93b 9bb6698ed070a7f13850722fb2d7ba60e5da47ece7cd8725d56eaad80baabdcdb25123931c69a8f1541bac6c56be8a45
SERVER_HANDSHAKE_TRAFFIC_SECRET 643a6f7858fb33bd09c1535bb6e9f2c8b95286b2e7be42458c054c2807773ecb c948520f7898f0ff34cc1dbe62e8bd5a7287358bdddb4e55eeff8ab038c22f9cb8685dbebeb9cdb326b8ab4eb477ff4b
CLIENT_HANDSHAKE_TRAFFIC_SECRET 643a6f7858fb33bd09c1535bb6e9f2c8b95286b2e7be42458c054c2807773ecb 154bd9383056c74e2e30bf32feb93e692a4143b24ceae8cfbc008b15c142f998a11bb0dcd8d66ebe59366de9b0f326b4
SERVER_TRAFFIC_SECRET_0 643a6f7858fb33bd09c1535bb6e9f2c8b95286b2e7be42458c054c2807773ecb e710ad28ab956d82ab6e7194d53eca6a7056761cfd11b16055d3f6f9174c4d49f9417e97e2b655410e544fa29dad442b
SERVER_HANDSHAKE_TRAFFIC_SECRET 24d65cf8f887b1c1734df198b723e3cfba7307bf8e9afa0121a88e52221ecb9b 1b9ab7b271293900f2f8fd890285836c44936567c15f2b25f80d04c9db87c3a12f8d3a25bee6c3051f64c0df0acc3699
CLIENT_HANDSHAKE_TRAFFIC_SECRET 24d65cf8f887b1c1734df198b723e3cfba7307bf8e9afa0121a88e52221ecb9b fba29e465b7fa8803c2b1ca2dfa3ccafb08150e507ce4c31a7f7590ec6dd33f911b9e83a1b0951206cde4188ebb76838
SERVER_TRAFFIC_SECRET_0 24d65cf8f887b1c1734df198b723e3cfba7307bf8e9afa0121a88e52221ecb9b 9fd0a08f1da076340fa074963a5b2fe23f747fc0c8d857559ab25229b7afdef0906e7f4bc6aa2739c6a996e8e0354eeb
SERVER_HANDSHAKE_TRAFFIC_SECRET 05362bfc1f47958c6a3c3e564b43cc2016fdbc74fc8629dfdc2fc76cde6c058f bcfbbfcbd6f8819a8d3f8b174a2d72385d714c1cd39a025b640f535667085e256eae2f1a45aa836d8f747e18f99a68c4
CLIENT_HANDSHAKE_TRAFFIC_SECRET 05362bfc1f47958c6a3c3e564b43cc2016fdbc74fc8629dfdc2fc76cde6c058f ca0bbdd251ad514876c12197e9cdb5ab120378469f8af8a28cf0093439cdd80446900f8d0e3e1b1b543f55f5abe56dfa
SERVER_TRAFFIC_SECRET_0 05362bfc1f47958c6a3c3e564b43cc2016fdbc74fc8629dfdc2fc76cde6c058f b27f7aff4d9d815dc433a171b927a91fb367ee7ac57c9cf2d3c6ed38cf6ef108b7d7e1a6801c47947237cdcd3610d19c
SERVER_HANDSHAKE_TRAFFIC_SECRET 549fb706d4254b9f08d8b1b5a05f9b42b863fdc96949ce591ec541cfe924bc06 6b6263482fa226dd675d640864d42002c0101e9bd28af09ea4944257273546ba81798c76d594e3af1f03c4bc72e9252e
CLIENT_HANDSHAKE_TRAFFIC_SECRET 549fb706d4254b9f08d8b1b5a05f9b42b863fdc96949ce591ec541cfe924bc06 30364d43ad1230370c4dea4e30c6f9024c98f414574c0a0f0c437fba3d632b211240ade24682ab7192ddd787d8c6e908
SERVER_TRAFFIC_SECRET_0 549fb706d4254b9f08d8b1b5a05f9b42b863fdc96949ce591ec541cfe924bc06 3f18a1d26542d31d874ec5852f3f9a4f2638e3cf46bb1e27c507abe3392d64ab050b7034921337ec79c670b6bbe6108a
SERVER_HANDSHAKE_TRAFFIC_SECRET 08e4e85ec7495b8cfd55d7a1d943a42bd121b3cf341a23085ebe5f879679c858 e9be77dd7b2c2a24d0392f946d6fd4748ac177f108008909fa6180a42199d118a7cb711a85ee63cffb3fd13ca3511b76
CLIENT_HANDSHAKE_TRAFFIC_SECRET 08e4e85ec7495b8cfd55d7a1d943a42bd121b3cf341a23085ebe5f879679c858 affcfd2238b0164f0006f1349dd796d56137cede1c79c569cf69d8ef56286b0368d4f1c9e6be209f0acc92bb4ae76d75
SERVER_TRAFFIC_SECRET_0 08e4e85ec7495b8cfd55d7a1d943a42bd121b3cf341a23085ebe5f879679c858 30454428042d98091526b5ea598d9a43aa5092e0f294a4d578247e803adff8a14ed3dbab04dbac732826efdd92059cc3
SERVER_HANDSHAKE_TRAFFIC_SECRET c30cdd3fb32be7c6f2156f87b53bf01b3f45d08712880fe9932e6fccff092182 99629ef070e2eca21ad94a2c871937c0e380213a68c00e22bb9eb24f0ecdbff27eacc03789705815035ece334003f760
CLIENT_HANDSHAKE_TRAFFIC_SECRET c30cdd3fb32be7c6f2156f87b53bf01b3f45d08712880fe9932e6fccff092182 22e3280eeba77f035eebadf585fc49c4dce418f0937c4065332887d871271fca0d2a92342fa462f4d4ebb1cf207d0a80
SERVER_TRAFFIC_SECRET_0 c30cdd3fb32be7c6f2156f87b53bf01b3f45d08712880fe9932e6fccff092182 fac40c15a0ff5d7aa1e54c324bdf43f84f94158b52edb3db01527071568a35ba7052b35359e1adce12188e264f35b476
SERVER_HANDSHAKE_TRAFFIC_SECRET eee3287e95b7d2ad1e68e2a2e0f3bf99ffb969723db7364b99e614aec3f6763a fe80ec78930bd7685df87408d6b51001a19f0f395b4178db395b9013c8e6b602c35269df03c9c75d33bc5aaa16eb841a
CLIENT_HANDSHAKE_TRAFFIC_SECRET eee3287e95b7d2ad1e68e2a2e0f3bf99ffb969723db7364b99e614aec3f6763a dadd251eb5652a5554a9ff237f1bc4a4b3e60c58fcc5a375975b43fc17867492e20cdcb343afb645dea17f65f50da038
SERVER_TRAFFIC_SECRET_0 eee3287e95b7d2ad1e68e2a2e0f3bf99ffb969723db7364b99e614aec3f6763a 07fef73e2446c1f68205a4c49cd140fa12101108edb17bc72a605e1952d812bbb7de46bac846ebd552b45005465fda0b
SERVER_HANDSHAKE_TRAFFIC_SECRET 8c6f76f6e6cf5ad9b3f1d93d1aea7b8016afbac67b40172adb4de15c26cadd88 27f5ce97b920e821e9168c945a482d54b6f8aa06efc0f59a91b0376231cab34f2d411ca46ace5a7ccfd5cd59f8982e65
CLIENT_HANDSHAKE_TRAFFIC_SECRET 8c6f76f6e6cf5ad9b3f1d93d1aea7b8016afbac67b40172adb4de15c26cadd88 b848926658f5c5d70e24573877a1115075c7a865aa29f2fbc2b0c6fc917608d1cf4f11b78602ccdf69840f9cab49dade
SERVER_TRAFFIC_SECRET_0 8c6f76f6e6cf5ad9b3f1d93d1aea7b8016afbac67b40172adb4de15c26cadd88 f37dff2232503bb0f78f098418ac8c97dcb1c44fd4d4bde1095d25f9d7c3f55217d795b232a0e31894f454d50c7cf815
SERVER_HANDSHAKE_TRAFFIC_SECRET 2821dce5d8baf3c4a412cfc03c596580b275b735400f4fd7e1a78ad9edf72b34 e723011c287f2268297c32d78899525dc7a5bfa02bc054eadc4621f174f47f36f5fd7612cff35bada93ca37a3d9d9aaa
CLIENT_HANDSHAKE_TRAFFIC_SECRET 2821dce5d8baf3c4a412cfc03c596580b275b735400f4fd7e1a78ad9edf72b34 df45971f7081b9451ccb6e10268adf1c641527cc6fe0a255c631b95d8fe8b0cc8c3d6e1250a9e496971470a25fca13c4
SERVER_TRAFFIC_SECRET_0 2821dce5d8baf3c4a412cfc03c596580b275b735400f4fd7e1a78ad9edf72b34 c04ab7d1369937d50dca2f38fb86355ee602fa61e6e4e4282311d78d699e29a6fda48429828101998cb160a1494b73a0
SERVER_HANDSHAKE_TRAFFIC_SECRET ed02d391b8920151dd81407b20436b1bfc70348be80e8889e728ce241a5733bf e46094f40307901bb32e27a1e4704d8ef48e7a5f82d18a99ffc0a40b4e16732f5217e563dfde479766eb1ae45683a69e
CLIENT_HANDSHAKE_TRAFFIC_SECRET ed02d391b8920151dd81407b20436b1bfc70348be80e8889e728ce241a5733bf a0ddc7a9eaa25e485622afd7044901f41f39c073104dd67d1574d35fa86d19b8e1ca406dff743b1ab123675cb0757fd5
SERVER_TRAFFIC_SECRET_0 ed02d391b8920151dd81407b20436b1bfc70348be80e8889e728ce241a5733bf 248b1e8214545ea9337ed832fd075d99cb863c64a028adf5671c8d994919078c539c7c1ff7406c34ca202327b6ab1244
SERVER_HANDSHAKE_TRAFFIC_SECRET 56c4aa5f3ff29cfbd5a080703341baa1c6ec4d9a8eed62bb16223bc48cd9717d 5a2598b82f0d73eaf7b4f296df5762a7de7e9444968b417b4301e1af720d73158dcd4df3b94740a229b607b4c4130b28
CLIENT_HANDSHAKE_TRAFFIC_SECRET 56c4aa5f3ff29cfbd5a080703341baa1c6ec4d9a8eed62bb16223bc48cd9717d 41bd6c8b0cde92e0ee7d572bd690b74da9e8d760e5f75dd8eeeaab9ff48772be92ccd53b5317bfc5feeca4722c297511
SERVER_TRAFFIC_SECRET_0 56c4aa5f3ff29cfbd5a080703341baa1c6ec4d9a8eed62bb16223bc48cd9717d 91592b6dec33185e8071d759039459da73b14146ecc702ebfba78b9abb097668b8732bcaffeb1c2bd2c1a734c7281341
SERVER_HANDSHAKE_TRAFFIC_SECRET 00fba61713d62856845863405a23908963a34791073e4a85f0e61a7d3d47e0df f28ccf05f4349f539c8e1b894e76142bae2b693afe6610b7eb71ecf22d9ea4b858fdb6e0e595cef8746c8ff3fbe9883c
CLIENT_HANDSHAKE_TRAFFIC_SECRET 00fba61713d62856845863405a23908963a34791073e4a85f0e61a7d3d47e0df b25f24058d735bd6c79253c1fd9bf5b5131fa303cca2440cb2bed9e90f29e9b720c5cb2fe6b1b7f0b37bb3067e4beff4
SERVER_TRAFFIC_SECRET_0 00fba61713d62856845863405a23908963a34791073e4a85f0e61a7d3d47e0df 33776917668afe81a5c1cddbe4644e8f6af932164ecdd631fc87b88a355c2b0a43efc1da96b62c9158d930d455791825
SERVER_HANDSHAKE_TRAFFIC_SECRET 56902f8e378bc71ab944c199731440d5fcaaffe706b93734f125e47244352bf5 763e4fb31a38036820a2eb49cfb7d305830108b7a00b8992ffed843367096bc12b7a158396dc27d2e4c28e8249037a01
CLIENT_HANDSHAKE_TRAFFIC_SECRET 56902f8e378bc71ab944c199731440d5fcaaffe706b93734f125e47244352bf5 b90ee445b5610faff4384dc28a28050ec8efd691c025a9e974ec7cbef108dd1e14846303bb698f2d36dc85f5d37f9091
SERVER_TRAFFIC_SECRET_0 56902f8e378bc71ab944c199731440d5fcaaffe706b93734f125e47244352bf5 fedf4e4dfdeb86c4e3e8782dc204066bf4d8ab5f8b0aec1239b2c4067b494faba45c5d11c54b1dc60ab0909cd22c1ded
SERVER_HANDSHAKE_TRAFFIC_SECRET 94bb46230c910d795ebc80ec23770e19b074bb5d5d6be6add425519eef283de4 bd6fbab6ffe7135b515128e044de3bb89c09e979a27562b3b12f81fd4996eb817c3363c1ca64cc390d3fefdca88fc5cf
CLIENT_HANDSHAKE_TRAFFIC_SECRET 94bb46230c910d795ebc80ec23770e19b074bb5d5d6be6add425519eef283de4 0ccb1fa5018747be093901d7c79d61385b4f14d052cbb08e3c15367fec6918b517b0b5881fc7acb10a234a787bd86e1c
SERVER_TRAFFIC_SECRET_0 94bb46230c910d795ebc80ec23770e19b074bb5d5d6be6add425519eef283de4 82b56c516ae40c417bc3ff2aa8fd6154f7cb4b9a1d89cdfd1c2d37395f4c2110902ceebf99017dd9af8faafbdbccee26
SERVER_HANDSHAKE_TRAFFIC_SECRET 4a8b2550b7acc4a0ecba4b298d2341dd67d22a5243693f407bb1369ae68e743c e9953710866d32e0b93d5059892e4f2638be60422c363e2f51a9dba9caa6db47e93b470e0e74b2656262a75a193f31da
CLIENT_HANDSHAKE_TRAFFIC_SECRET 4a8b2550b7acc4a0ecba4b298d2341dd67d22a5243693f407bb1369ae68e743c 2461638844e77be0a66fe09179d124ec46bda45f2bd72f56841aefaa7c6ee1bbf10e9d29eaea3b28c004e0a77a53ab3a
SERVER_TRAFFIC_SECRET_0 4a8b2550b7acc4a0ecba4b298d2341dd67d22a5243693f407bb1369ae68e743c a0de1b97d98c63f540f8f0a9f92d6a4c7b126c2c9c85dd56d358671ba7e3870064590c5b32efc36ec9dc24fdf2fa5a93
SERVER_HANDSHAKE_TRAFFIC_SECRET 8f7b06fd0eade9890420e4fc8b0a2ada5523d7aad3ff6ffa75b5a380e66945b3 479670a665530a7b426fa9965bfbbe50230240d5e20d45ded8040e045f69507797e72082f4044e2eed0b43864a9d827c
CLIENT_HANDSHAKE_TRAFFIC_SECRET 8f7b06fd0eade9890420e4fc8b0a2ada5523d7aad3ff6ffa75b5a380e66945b3 7fda6f8563e2256ab8c0f6c3facd8a2ddaa6a5ba2be159a9d0f7ff22e7716dcd1e499c9c6d0e0247de8d5dfe61465194
SERVER_TRAFFIC_SECRET_0 8f7b06fd0eade9890420e4fc8b0a2ada5523d7aad3ff6ffa75b5a380e66945b3 f1a1d1d5c11d9d42b8a9a62afc537d294610a0bf2260953a2b11be9fa6583da613d146bac630917d05aadda1406dd8e7
SERVER_HANDSHAKE_TRAFFIC_SECRET de496adb0f78652991f5eaf9ac7517adbdfac34547b8bb2bdfacabd42000ff79 21e9392f1d9ab68e52eca6197ac95dbc60395cb820c2a5e9a8002406d3fa396bafecf2dc3119d2efe7bcd36bd5ed47e6
CLIENT_HANDSHAKE_TRAFFIC_SECRET de496adb0f78652991f5eaf9ac7517adbdfac34547b8bb2bdfacabd42000ff79 efe4dcb715e28f8fbb14935fb53635b011030fb19e04b70f869481857ecda5377588398e5a8f566b795dde4510d38880
SERVER_TRAFFIC_SECRET_0 de496adb0f78652991f5eaf9ac7517adbdfac34547b8bb2bdfacabd42000ff79 9e0616eb92032aca1bd2a01a62f12e5e02ae04cfc25c02a81cf3c7baa52b144f8e1c7d36c75f57533d355f76aaf23af9
SERVER_HANDSHAKE_TRAFFIC_SECRET 8d7dd9c0e6b2fcc4464e663dc5f2193ea23c6493bc24dd73dfaf2220aa8ec72f 7870a4572ce724203e776c18e9928d0ea30a1ed966e7c0217c4a293967f4b35c89f66aa7fba8ee2e394b6432280ac1e2
CLIENT_HANDSHAKE_TRAFFIC_SECRET 8d7dd9c0e6b2fcc4464e663dc5f2193ea23c6493bc24dd73dfaf2220aa8ec72f 23e7792feba49054f056cb41bb6cc4f66f7e9fb5e964e36aa8e126f0255ce3a47194bc64a0cd5e21b7a8872f9417d3bc
SERVER_TRAFFIC_SECRET_0 8d7dd9c0e6b2fcc4464e663dc5f2193ea23c6493bc24dd73dfaf2220aa8ec72f 4329104537e9f58d47d6dc3e6c6ac39b743e5fb3163de7aa6dabfda6b8eca5558dbef12b2f3226c2cd1d4439e732860c
SERVER_HANDSHAKE_TRAFFIC_SECRET 309f53bb3d695273dc0d35def24d22a52925943f1c2dde764e889be9e56f9cb5 6c20b9f5e2e9f20953755dbe8f3c7da1abb4e1ca23d63cf0c4523f6fb03f5043b3c36954f5173af58d910292aa97778b
CLIENT_HANDSHAKE_TRAFFIC_SECRET 309f53bb3d695273dc0d35def24d22a52925943f1c2dde764e889be9e56f9cb5 2b0aa410e39b09da18479dbf1fec536b889a7ac7b72928e4d28777deb7765d0a6c52da1a63fff5701a608ba7a90639d5
SERVER_TRAFFIC_SECRET_0 309f53bb3d695273dc0d35def24d22a52925943f1c2dde764e889be9e56f9cb5 43c0f479d10b173ac8017f54ac81a11473ce680ff0597271bc4d94c2cc1ac09e7c5fbd57db3c6bae284e665dec221f9e
CLIENT_TRAFFIC_SECRET_0 309f53bb3d695273dc0d35def24d22a52925943f1c2dde764e889be9e56f9cb5 715ce6580cd6f2733d8a8cdabbd535acc10ed2ae6564e00f184bd4ea41c4c9a95f85470aa65f5c29475cbbdb9221a7bb
SERVER_HANDSHAKE_TRAFFIC_SECRET 369e360681da4b7d0e6fb6eb5280e69b66be38a83ce79c1d97676a3a34cc8784 3c056bb4f0aad5389ec8d371eb092f16bb9d6f8ab04e45ccae2a765698cc1b56565bf331798cc64c38acb1a492f9e9aa
CLIENT_HANDSHAKE_TRAFFIC_SECRET 369e360681da4b7d0e6fb6eb5280e69b66be38a83ce79c1d97676a3a34cc8784 67c7cb4bb2b1adf23205e205df2d3cab3ceac313318f69f81b913a04f6d1b873ca1e4a8a8dd2fe7f07ae987ec89e0a0c
SERVER_TRAFFIC_SECRET_0 369e360681da4b7d0e6fb6eb5280e69b66be38a83ce79c1d97676a3a34cc8784 11d6f9ade3ddc273bcabbd184e57e37401e651a7e67d0353988477153e9b1aa2bbd96bdf7be4850c7734165c3d48463c
SERVER_HANDSHAKE_TRAFFIC_SECRET 284819d2aa90df700e7c9903927cf57bf4e2dbc5082fc101fb86d7da18e1b7b1 407ec274b29ed802072d36dd0dac5d5842904f84ffae5b053c694f6e9c2a98582c6f2f7c9042bdba923aba0439a6ec9d
CLIENT_HANDSHAKE_TRAFFIC_SECRET 284819d2aa90df700e7c9903927cf57bf4e2dbc5082fc101fb86d7da18e1b7b1 f38697363a9ab333018be9760cc9162bcd8ad4650af35d2a129847521c596ca635622480e40bfef2bb6e16a0fe1b6070
SERVER_TRAFFIC_SECRET_0 284819d2aa90df700e7c9903927cf57bf4e2dbc5082fc101fb86d7da18e1b7b1 463f3f10e57b189cde8b25e66492cbb07fae7bec1edea5a1154303e6d67b46b081debfb98b4a04aa3d47b46fc5f57680
SERVER_HANDSHAKE_TRAFFIC_SECRET 5a55c3c2e1032ddcc560d1d574c326e2900b9eb5bee6b4de5412909be8505470 71676e43ba40ac7927e962b00a34cff3ab2163b4bd6cd2ef90bb2b2a378fa6b8c5e781610a964dc1b7d2a102affb9dcf
CLIENT_HANDSHAKE_TRAFFIC_SECRET 5a55c3c2e1032ddcc560d1d574c326e2900b9eb5bee6b4de5412909be8505470 b8f855cce74107dcc35e73ebccd221d865691f3145fae2b66a8b3a1653b436193e14df618cd18e1a42b97ae14cbdcdd3
SERVER_TRAFFIC_SECRET_0 5a55c3c2e1032ddcc560d1d574c326e2900b9eb5bee6b4de5412909be8505470 aac0cb80d1c2eb8343d996e725e68c1cf07b36ea370754a675b24a315698dcc5ce8cf8916e8edf7acacfa9acea42209d
SERVER_HANDSHAKE_TRAFFIC_SECRET 02d798dcffd3e216f530afc0e097cff0d3768fb912273280b0f2c66777a56114 bafb42dff2680541308d4832ddc0f9a5917333bc52005ff16766c6913d546c2e310e628009e94b6a22d92d0e0a8de3be
CLIENT_HANDSHAKE_TRAFFIC_SECRET 02d798dcffd3e216f530afc0e097cff0d3768fb912273280b0f2c66777a56114 7e2831dc7e38b067d0683e969e0e198c24c21761495d3003a263e551e698bf991325438f14b7b3ac2d61dff5d7c216d6
SERVER_TRAFFIC_SECRET_0 02d798dcffd3e216f530afc0e097cff0d3768fb912273280b0f2c66777a56114 07800dc0babbee7c362831af6639f814e46b5d2864f48ad471c44056a7e82563ac6ebc7c11e772322b58166c8b0559bf
SERVER_HANDSHAKE_TRAFFIC_SECRET 3697bc72112a911e73c874491020a401e4acca03fc9ff9274e780f37da77f066 025bae27478a0184d7b1c5ccd4a1ff0cddf13275bbcdea48c10d01efa84676d9bc1fe26a6763b11964a5fa999bed1c8a
CLIENT_HANDSHAKE_TRAFFIC_SECRET 3697bc72112a911e73c874491020a401e4acca03fc9ff9274e780f37da77f066 e3d2691a3636447c0396661a45c020be1a2091c49654cc425939ab28e026b6e80b92e9763f3ddd9bca90ecbd608d7b58
SERVER_TRAFFIC_SECRET_0 3697bc72112a911e73c874491020a401e4acca03fc9ff9274e780f37da77f066 e2d51e4fcc9b7b6f1d7479131ac19bb46e486883a6934d38f21dfb80013ae049dbafe560c8ea32ab088cafedca61471f
SERVER_HANDSHAKE_TRAFFIC_SECRET 5f4e1cd36c56995d268b82697f88547b52140b90eb9f8c683b84a193c4f3868f 9838dd75247226397745ac9acf09b3923432ce78d4d15d262063eafe98919bce9bff30217a051512ecae9c431d135b53
CLIENT_HANDSHAKE_TRAFFIC_SECRET 5f4e1cd36c56995d268b82697f88547b52140b90eb9f8c683b84a193c4f3868f 299ab474b55bca4027c6816ebd70e6a91d73af34975b8e130e9d1d07846a660bf59732b872e9fd582cd7034274f133bd
SERVER_TRAFFIC_SECRET_0 5f4e1cd36c56995d268b82697f88547b52140b90eb9f8c683b84a193c4f3868f b48cd386baeaa30dde8abd755ee9bafa099f7b0394c9593ba152144893faa362fa64e23d1262a32cbb26bba9a69b21b1
SERVER_HANDSHAKE_TRAFFIC_SECRET b12d6e3dd7096bd07e82a0694f9c4a7182bf09135ea4e7d014cd6f2a58b4331c c8340416a966945f285d264d8397fe10e7fe95617534f7a5121b58652ff46503071a4a18b8e7c4662f86312a7bad011f
CLIENT_HANDSHAKE_TRAFFIC_SECRET b12d6e3dd7096bd07e82a0694f9c4a7182bf09135ea4e7d014cd6f2a58b4331c f0418c2057d7b077e9ccf5dbdb614e45e6444833ecedb0e906d7755cb55998e50d8ba706b4f093d2a3ac4dd67ce00717
SERVER_TRAFFIC_SECRET_0 b12d6e3dd7096bd07e82a0694f9c4a7182bf09135ea4e7d014cd6f2a58b4331c 15f4a6f5044111b437fdbaee10492cb0896b25bde519ad5de23e070e10354ee90497bfadc2b220b4cc48e9dcded0f747
SERVER_HANDSHAKE_TRAFFIC_SECRET be38e484ec1cb8d6a9f2f341fc6ee695d8ef2647a5ad7f01cbd4ad9023cd39f9 e74f054f672313451d8f0735c39f1aa8072560db02551773c189f568ed2ec478453a3a94a6aaa30bd8ada34ac207ade3
CLIENT_HANDSHAKE_TRAFFIC_SECRET be38e484ec1cb8d6a9f2f341fc6ee695d8ef2647a5ad7f01cbd4ad9023cd39f9 ed1995dcd727fd2efe070a32977cad04170b73e32c2de24139790c0e944ab467049c1ce77f48acaf77a9ba8c4ee23ff0
SERVER_TRAFFIC_SECRET_0 be38e484ec1cb8d6a9f2f341fc6ee695d8ef2647a5ad7f01cbd4ad9023cd39f9 3555671db3ccd6f41f04cac22ec3273c136870b7fabf4b1a792ad1232d838581b81fd2fd5afa0be36bf0b218ed0f4afb
SERVER_HANDSHAKE_TRAFFIC_SECRET 20105ba0c47135329504d9d9509f2818fb063b8ad52307304056de11ad8cbb4f 112ec2e38aaa6e92190777e2a6e431b7eeb0c113490275558ff3a67de0f8948faadf8b8fed50ac7a40bd20af60ae5742
CLIENT_HANDSHAKE_TRAFFIC_SECRET 20105ba0c47135329504d9d9509f2818fb063b8ad52307304056de11ad8cbb4f 81659c08dc4701df94dae74af625b59e97a7bebf10c073487c213fff14c38e01037efa31f8df2e9d1696ac8b5beae4b2
SERVER_TRAFFIC_SECRET_0 20105ba0c47135329504d9d9509f2818fb063b8ad52307304056de11ad8cbb4f d364cf175adcf208f8bedc8db73a69936270147dbae3f39be271cd164cd2457df92d6a8c0269b1952623c658b082cf0b
SERVER_HANDSHAKE_TRAFFIC_SECRET a18985a2f3e7a7bd795c10350403a77b40fdb2fa5b58b8aede1d2e848b2e2d2e 0cb6284436110a7a98bbb09c41107e05b09626d28e89c20c6c0e9e3eea5ba0aa2b07df6af063b36f2920ebd3a42e27bc
CLIENT_HANDSHAKE_TRAFFIC_SECRET a18985a2f3e7a7bd795c10350403a77b40fdb2fa5b58b8aede1d2e848b2e2d2e d699123281b2f483cf498d40ac0fb66b88d294be211d7d0d474c3d21a83e29a502257e1ca2d5b3482dfd2db78662ef23
SERVER_TRAFFIC_SECRET_0 a18985a2f3e7a7bd795c10350403a77b40fdb2fa5b58b8aede1d2e848b2e2d2e 734624a91d1242f1ed7997cd0555ef766ddb5612da4bb79790f6e1f27be4067632f84fa4a5d881ca4e601d8c4d5bf193
SERVER_HANDSHAKE_TRAFFIC_SECRET 6119f3558e75649054e93b61d5db1392db927770fb944562651098df1d723c36 d948cd26504b2f172e476c339ad45b10018b3b6c601fcfbc673e78eb36bb901937b32c46c7fcb986c6553d52ec089610
CLIENT_HANDSHAKE_TRAFFIC_SECRET 6119f3558e75649054e93b61d5db1392db927770fb944562651098df1d723c36 a5efab7757c88c9acadd6465ee675e1571488d139af493cf49da1eb28af8b44f398d6fac7f75486287f6f3381733ee97
SERVER_TRAFFIC_SECRET_0 6119f3558e75649054e93b61d5db1392db927770fb944562651098df1d723c36 ec14070d533aca42b2d1debff6cc3c31069fc1202c0581cceaacfaeb0ac56f89df64bd901e552a189807ee7d6f6b1022
SERVER_HANDSHAKE_TRAFFIC_SECRET ec1b367f1b0d9aa4ee690fa0089dc02bebcf6f2b29a6c74c187131de279a8eae bc4d70ffddd2a80a6998a88cb76bbc09dc93d4537b82cff65938371a283e6ecfd8cf17a01bb99f8953457911db630e89
CLIENT_HANDSHAKE_TRAFFIC_SECRET ec1b367f1b0d9aa4ee690fa0089dc02bebcf6f2b29a6c74c187131de279a8eae 8fe1c949210e159b10f6390dbd55e6d0e31f61a251a07cea45660b70f6c3722b53468948830406f4b723cc2e51d34a06
SERVER_TRAFFIC_SECRET_0 ec1b367f1b0d9aa4ee690fa0089dc02bebcf6f2b29a6c74c187131de279a8eae 9178249177493b263a34f646dc264ee82314cb62a7fb95f097422efa80ee910aba9dbf3307dff44ecb32868b617461a4
SERVER_HANDSHAKE_TRAFFIC_SECRET ec0eefbaa18b1a59c108fdf8515a5e433613fb6be5ee29fd5daba7fdac511d99 9d5c2eaa93a9f7a2c9bdcb984f053bf2f89455aec36534109e62d6f830a08604a8587206bf6df3cc4afa12a989c04e49
CLIENT_HANDSHAKE_TRAFFIC_SECRET ec0eefbaa18b1a59c108fdf8515a5e433613fb6be5ee29fd5daba7fdac511d99 d1d9b40df420e48626ff13b4c36c141cb1c638f551a2beeca5652b1e9d541368e6152c00a1067a324b4ea0e4f50570e0
SERVER_TRAFFIC_SECRET_0 ec0eefbaa18b1a59c108fdf8515a5e433613fb6be5ee29fd5daba7fdac511d99 be9bb8f1b939195b44c04b8866863eb625fbad88006bfc475c42c7c9e9cd298dadd2bd363ae31e016c943187c8969952
SERVER_HANDSHAKE_TRAFFIC_SECRET 81dc2f7477f06b47127525292bcfdc95a7522e1b84dc969130dd77aad8f51f40 6fc7bae82f99c4331dc571afc3d0348c5a378afb59e6c283ec8cf71bd9dc2e5926c926dde7313ff49698d974ef1ed06e
CLIENT_HANDSHAKE_TRAFFIC_SECRET 81dc2f7477f06b47127525292bcfdc95a7522e1b84dc969130dd77aad8f51f40 62bbdb9983c68a3f0863d2dac56f3cc79c7dac0baab7531c344aab5d682555c338cd58b3c9ce9567b4538c9028e7c18d
SERVER_TRAFFIC_SECRET_0 81dc2f7477f06b47127525292bcfdc95a7522e1b84dc969130dd77aad8f51f40 bbfb5f79bda3c69c05643d2a32cf972b431f53251321fb2e2b3c49eba438d6660aa7d5c7613d6b4de272b49ee6607f9a
SERVER_HANDSHAKE_TRAFFIC_SECRET 4cc53387641b5c7f3a59a759aed897402f7e56147a1840e778fae62a69fec1ad 425ba7e0c15c10521259d212ff6853daff4722ec26558c0a127affa4eaa20fb9ca70bffbd3042e17f71832352898a796
CLIENT_HANDSHAKE_TRAFFIC_SECRET 4cc53387641b5c7f3a59a759aed897402f7e56147a1840e778fae62a69fec1ad eb3c24170f41df16fbb34d37489bd9a1a497c8fda06cd85536d46531f8ece090660c4688a8d2658567311f5c7486a171
SERVER_TRAFFIC_SECRET_0 4cc53387641b5c7f3a59a759aed897402f7e56147a1840e778fae62a69fec1ad 6e079e9f5c7963dd3085075f7aab354fac41f4e60b82da1281f989087a12a7d8c277da95e76835d9b355a3ac558bc6fb
SERVER_HANDSHAKE_TRAFFIC_SECRET 470363e5eabfa507f67d129d4ec60dc0359ee07afad53bd0cb9622dacf909c53 8899be8f66529ad5a70d1d2a806306a3c393b4cb070a49061d10194baa4301dc830d7d00548870156a1d2b31783adff8
CLIENT_HANDSHAKE_TRAFFIC_SECRET 470363e5eabfa507f67d129d4ec60dc0359ee07afad53bd0cb9622dacf909c53 06a0d55c6339c50fbd622bad5e479309c178229579f628d47c4bda2c01c81b1eab3d0bed4c4db133575e2fa4a46c1399
SERVER_TRAFFIC_SECRET_0 470363e5eabfa507f67d129d4ec60dc0359ee07afad53bd0cb9622dacf909c53 f33b42657a12d0cc7f8c349d930d384298c7d12221c35796d7f30fe58c9ff0f7b073d8f5ccff7a3db8dde13666f9f626
SERVER_HANDSHAKE_TRAFFIC_SECRET 0512e139f51eb408433a318e6619635117b824e8b2b23c0c6c1e7e35b4968134 de597001075086d786834030677919e227f0d440ec710f45fa3ac5fdfdbf6807a932272459d886f405e3c56e97230e1b
CLIENT_HANDSHAKE_TRAFFIC_SECRET 0512e139f51eb408433a318e6619635117b824e8b2b23c0c6c1e7e35b4968134 15019dcfb2d346d215a7c3b6d9f28703a7d1ca4b4ab6c546489842cae71324f8264458ebf1292e6012fec6cafb5d43ff
SERVER_TRAFFIC_SECRET_0 0512e139f51eb408433a318e6619635117b824e8b2b23c0c6c1e7e35b4968134 d1af82d08785f114c5d42977405a4a5c3bc01aedb820dfaab65f61972b09ed4229105ba5722fb895c487e5d48dbb7382
SERVER_HANDSHAKE_TRAFFIC_SECRET a71d58333856b8076c6979891a798e817e5ea1642f61de8a0e9f6894b469eef5 20508fb372be8c8ae5df53e175f4e90ddef9880f14abe3750153f0c881ff25934e98e1b26103ee250ff1d42c3d35860c
CLIENT_HANDSHAKE_TRAFFIC_SECRET a71d58333856b8076c6979891a798e817e5ea1642f61de8a0e9f6894b469eef5 d60ec8231070f49a9b7753cdea5f9b9402bcfd75db09c89e15881771ad4fdf9b620d4bcde8e556ec03fe31732b14f18d
SERVER_TRAFFIC_SECRET_0 a71d58333856b8076c6979891a798e817e5ea1642f61de8a0e9f6894b469eef5 5dc5df06f5c41debb34d99a7fc566df44acfe5e87a5ce71ae4bb3af4a5685b6a22db0cfd0853f6700df3a22e3a8ec256
SERVER_HANDSHAKE_TRAFFIC_SECRET 23a5b8f2a37909710e089ac86fb1d46fb8ad193d777d6d9698d090fefd0adc43 edfca8b3d3cad08f51ee9d535fc72e88182bfbd81cbc6ca5a2397e109b1681a9c704f97c847f8f8ac80189c7f311e8c2
CLIENT_HANDSHAKE_TRAFFIC_SECRET 23a5b8f2a37909710e089ac86fb1d46fb8ad193d777d6d9698d090fefd0adc43 f59da001921e16ca2236a4fe92a0e6d920c5c5195e2380f0486c24156ec8e260c885d94f9b667cbc11cefce22f3786a8
SERVER_TRAFFIC_SECRET_0 23a5b8f2a37909710e089ac86fb1d46fb8ad193d777d6d9698d090fefd0adc43 264cfa793088af076952361b880eb752ecb92e68eb253438fc7458c32121b5ebc7b0dfdc912f88500f430b7caab92660
SERVER_HANDSHAKE_TRAFFIC_SECRET c6285da7d6eff84c492a7acc2e4075d5d127eb0f236dbd12c4caaf2729e99ad5 0f344f9e2549f1b8598ab068c595d24fe70f20736ec3bf6b7706afac29144c3a4c10eaa7b48b1daf1df1a476098ab80e
CLIENT_HANDSHAKE_TRAFFIC_SECRET c6285da7d6eff84c492a7acc2e4075d5d127eb0f236dbd12c4caaf2729e99ad5 6bfa5658b839b0b018318ad4bd37e070063cc6e7158545fd06c28b0751dc2e048e11fc54fe489e40cfc400db16a55ddc
SERVER_TRAFFIC_SECRET_0 c6285da7d6eff84c492a7acc2e4075d5d127eb0f236dbd12c4caaf2729e99ad5 eb1f9e3738265205ed0cf7db3d26b686389c0f6d8269d5ceb8251c2d24b0a48fd40ba290cb73d1b222a2a98d6afb7fb8
SERVER_HANDSHAKE_TRAFFIC_SECRET 23cc34bc6a7e10a481e32603bfdf0cd4c860898769cfbfa3b370fea59bcf7198 67344cb75598b4109d6e8f96c56aaa16649b3ee2f5b451ca9bf2e5ead9f7a9401e66fd8fbdb541ff19962cb006052b86
CLIENT_HANDSHAKE_TRAFFIC_SECRET 23cc34bc6a7e10a481e32603bfdf0cd4c860898769cfbfa3b370fea59bcf7198 3e78b18375d9c59efc5d15725f530b2bcd9327b2e2d3a2e45216b98d2fa979ca449a454c5e6e7cc9611ef3d7c6d058a5
SERVER_TRAFFIC_SECRET_0 23cc34bc6a7e10a481e32603bfdf0cd4c860898769cfbfa3b370fea59bcf7198 35d3814c6ee4398de427a07e81f30cdf91fc495ca192e22216af7396911a5aa2570b9e125e90b0f30fb6aa985629e73c
SERVER_HANDSHAKE_TRAFFIC_SECRET 68584714f81e39962e9cce8a90fca16d1346e4741186f618f75c78aea5fa2379 c175d2e97df4e193a26c89846f0b9819ffc611f231c368f2bfbdc776b61374e106702bd3cb881a0c6c03da018994ccf6
CLIENT_HANDSHAKE_TRAFFIC_SECRET 68584714f81e39962e9cce8a90fca16d1346e4741186f618f75c78aea5fa2379 c633dd8b07e89a901512411cc575091bf3ffc4a64aea386cf38429b2c2e5f51a54a8891b18ec4ef3085422cace500f41
SERVER_TRAFFIC_SECRET_0 68584714f81e39962e9cce8a90fca16d1346e4741186f618f75c78aea5fa2379 96ba0d86f68b49b0e8d5b8ce8e1506d0b6b7c73346877607028b6061818e1c420717d5e25dc19bcbab858e14f193a69e
SERVER_HANDSHAKE_TRAFFIC_SECRET 29df3467b61230f1b3f2b8a984c4e04194872755ce5c06a0b7185f7ec8109bb0 feb8b8851a69b5403a789ec66b2c4508777ff3cae518da50ef956cd247fc88aee9ec79fa73b8f1e18a592e2819bd7363
CLIENT_HANDSHAKE_TRAFFIC_SECRET 29df3467b61230f1b3f2b8a984c4e04194872755ce5c06a0b7185f7ec8109bb0 1da9f05c13a696ae37b5487b93136d88a0b9f56307112d55524b75ed45e072cc033437090a8aa2296424604c01a86fad
SERVER_TRAFFIC_SECRET_0 29df3467b61230f1b3f2b8a984c4e04194872755ce5c06a0b7185f7ec8109bb0 4a3aa50a6e23f1957fa5dc9f96741cf68914008858bc888a6bfa0b04a6f002413ef80b79e36c4cbff8ae352cdbb050f4
CLIENT_TRAFFIC_SECRET_0 29df3467b61230f1b3f2b8a984c4e04194872755ce5c06a0b7185f7ec8109bb0 472ab3fa2b457ba11070c036687829fe79bba1a4d98ffb02e202ce4cb99fa1e20c0287ad4d713cd37b0b7a1302fa4a44
SERVER_HANDSHAKE_TRAFFIC_SECRET aa65db257b9d0e4e28651287c2a3e0c11d5f62cd4e9991bc949657cb36bd326f 5a92bec42f39e412828e770390ea84c8d73986c91c054d1ff0bed0abe458269b13cf5bc94ba9c76a7ad0b81d3005547e
CLIENT_HANDSHAKE_TRAFFIC_SECRET aa65db257b9d0e4e28651287c2a3e0c11d5f62cd4e9991bc949657cb36bd326f 1a878af795d3ec605d4eeedde52b3bd7db5b82677658cc5cb86afbc60efaa0603b4808ce765dab09ab2f9a6720bac27e
SERVER_TRAFFIC_SECRET_0 aa65db257b9d0e4e28651287c2a3e0c11d5f62cd4e9991bc949657cb36bd326f 407774b4c5210d995ebd78dabad24322c8cd44669c2bb8e5ee7650dd85a7a4fb3617732a16f6f98062e9e5a0bc73b3e4
SERVER_HANDSHAKE_TRAFFIC_SECRET b2cfc72e592c0db2f3b012ad9c5d1bfb8dbb64390052007af518beb1a14fff86 4fceb59adb8c57de8fa22e55c2df0f7caa0a7078192e6dda4d5aa2caabb9d7a52c8efa39dd4d05e666c9a9d108fab5a9
CLIENT_HANDSHAKE_TRAFFIC_SECRET b2cfc72e592c0db2f3b012ad9c5d1bfb8dbb64390052007af518beb1a14fff86 dcbc83a5476edfe7dc70186a7802803bd6ea6f65f5db7b4251097392b26204478bc6721c0fe96dade88cb2fb8cd0a366
SERVER_TRAFFIC_SECRET_0 b2cfc72e592c0db2f3b012ad9c5d1bfb8dbb64390052007af518beb1a14fff86 47cb777e342ca3b882d8c46ba6ce0a8bbbba9226c6846f94645413b33fb14d85e6eab9305533f97ca424e61771c1b6f0
SERVER_HANDSHAKE_TRAFFIC_SECRET 94ac0aa264bec345953c2a49e8327f8c0cc108dacf80424e5f057608e24a139d af102ad332902d44572cabd2ea392c2add925ac04fe7a024f30e45e8c3bf27301df7fb735409bd07268749be4791f4da
CLIENT_HANDSHAKE_TRAFFIC_SECRET 94ac0aa264bec345953c2a49e8327f8c0cc108dacf80424e5f057608e24a139d 244eb3abe7d7080ba821d7e623c1f57f146fec8ad434e557462f260c48b537413473fea68487147a8ca76010ad24406f
SERVER_TRAFFIC_SECRET_0 94ac0aa264bec345953c2a49e8327f8c0cc108dacf80424e5f057608e24a139d 3e876d8fd98501127d9e1134c63202cf872b697cd7f36d4b363be7c95142b6517016ec20a3fffd274ecb339f68252ec9
CLIENT_TRAFFIC_SECRET_0 94ac0aa264bec345953c2a49e8327f8c0cc108dacf80424e5f057608e24a139d 19b99e0be5d016b11ad91d2c837ad16fc78bae0743a30f311121e4c8c056a4df5ce883a33843d2b3df1048cbb4044d22
SERVER_HANDSHAKE_TRAFFIC_SECRET 191e4fcdb77e695f976e2fee2dd04ce61505475583786a373c6e9e723a2a58f2 bf45bae7f670971f1a807928cdcb230729d82a797f6dec2d8ab79d68f5d8d7b057a427ca6f3e25c249b7ece9faa154b8
CLIENT_HANDSHAKE_TRAFFIC_SECRET 191e4fcdb77e695f976e2fee2dd04ce61505475583786a373c6e9e723a2a58f2 f9ee0be9976bba15ba091e79b1ff9ab49b187eaa4ed26423896e81c25c00bcc068136f11323194c1704b959ba11e8130
SERVER_TRAFFIC_SECRET_0 191e4fcdb77e695f976e2fee2dd04ce61505475583786a373c6e9e723a2a58f2 6f814dcd03633706bc01b9c5a05815d31e76ac1f8bee3697bb1dd626ffbd513eed3e4fa48eb649898aa88c731b137559
SERVER_HANDSHAKE_TRAFFIC_SECRET 01ca95e758ba7f7334e3bcddb18957f5657861d36ce0990e3f32794546cd4dfa 8ccd59612a3127d98d462674ecb7d04ea698669c607bd842489dcdae2abe2e8c106696d46de266bf97a09bc1ad709ce1
CLIENT_HANDSHAKE_TRAFFIC_SECRET 01ca95e758ba7f7334e3bcddb18957f5657861d36ce0990e3f32794546cd4dfa 1a2186b5c4a913d0e74f2d971ab78a02f06ad706e1156ebc24f0e927a3033a561368c2a516b2d6b50c2ab8c622a4c3ee
SERVER_TRAFFIC_SECRET_0 01ca95e758ba7f7334e3bcddb18957f5657861d36ce0990e3f32794546cd4dfa f1ac05e49b30a4503a3b52e4bd69790d053cf200bb64d09eeb47aa69be71d4abd44f64b43d1cfd8bac8c1eed2fabc697
SERVER_HANDSHAKE_TRAFFIC_SECRET 02a3c307731557cb20a5449e19639d065f02518afa032d6d500e5fa37b7113cb d5f0e591022926d132ad8b54b4d8e1efed6b3a53494e1da9011500b3be57eb2eaa7115f4d0babfc0b63485226a59bd65
CLIENT_HANDSHAKE_TRAFFIC_SECRET 02a3c307731557cb20a5449e19639d065f02518afa032d6d500e5fa37b7113cb cef53909ee48315bb7eeb20b49daaf21e0ae36555d4609f0ef5d7ba1747ea5f1cc637ed4d2a8f617c1d37ded888d513a
SERVER_TRAFFIC_SECRET_0 02a3c307731557cb20a5449e19639d065f02518afa032d6d500e5fa37b7113cb 5e3d49e33a9ba727f0e8549553d2b7603448e5ba74cb426d80125c24749b83351dac5df767ce7e5213c512aad90380f6
SERVER_HANDSHAKE_TRAFFIC_SECRET c3e7a1a200e6cfd82d9c57237363b47bfff8cbb316af425b4c11f43d6c7a3b78 17bf36824f4b7eb042d06cf3d93d27c19576f4d465f94e8af212cb87865f43468cb80b55a0730a6f6100f545eeed80d3
CLIENT_HANDSHAKE_TRAFFIC_SECRET c3e7a1a200e6cfd82d9c57237363b47bfff8cbb316af425b4c11f43d6c7a3b78 7dbb032d6efdfddc00966bc7dd747c5840387e5b9e03c9a63029af03d1e5c7aeb4a270c501ebb4c71453c16f016352fb
SERVER_TRAFFIC_SECRET_0 c3e7a1a200e6cfd82d9c57237363b47bfff8cbb316af425b4c11f43d6c7a3b78 628b3ba066c5e62630f8c3c8a9fa0ef7f49ace0da2ca1b70cbf57a205861cf3519f18fcf05dfdc31b018ad944ccbec6f
SERVER_HANDSHAKE_TRAFFIC_SECRET d31e4a4db5faa4b8f0fde58b7be5033028af89a30e91ae85718d28b45c16e8ba d5178e63722373ab8c51f6ce962c561e476d6a57d7843d9a7fb49bd44b9e91df0e465ce031f7955291f096833f0fd227
CLIENT_HANDSHAKE_TRAFFIC_SECRET d31e4a4db5faa4b8f0fde58b7be5033028af89a30e91ae85718d28b45c16e8ba a3c061dea6caef6a9ffad0af940729e9ac5e1a75a2d5722ce3d1bd4855a9d988c48cd9772baac9ae1c4fffbf505a4efd
SERVER_TRAFFIC_SECRET_0 d31e4a4db5faa4b8f0fde58b7be5033028af89a30e91ae85718d28b45c16e8ba 946d7d9f17728721466df4852ac6e63e0537de3679faa5beddc12472a6837adfa06c013a9bc0af8d36fed39d0b9eafa3
SERVER_HANDSHAKE_TRAFFIC_SECRET 90a3ef27c0189a3786f4157fe6a097e7a4002d84fdfb91d023a03d3550961b9b d047459a77768180ac97ebdb1cf36e76f64bbac443c2ae361849ad83f63f9b62b97031811fef188c859a2c456d2d7144
CLIENT_HANDSHAKE_TRAFFIC_SECRET 90a3ef27c0189a3786f4157fe6a097e7a4002d84fdfb91d023a03d3550961b9b cd71e94dcaac958ae36cfed455aa613f011f4472129ee6c48971a1ba1e05ba7727bc968bcbc4fb65848f3ede98712d59
SERVER_TRAFFIC_SECRET_0 90a3ef27c0189a3786f4157fe6a097e7a4002d84fdfb91d023a03d3550961b9b 7f29c1a310cb8a72362fce03259e83af0fbf97bd68c0d6c963d61da0fe9d4e4e4f4211693b2b6462453b88a6f62c60d9
CLIENT_TRAFFIC_SECRET_0 90a3ef27c0189a3786f4157fe6a097e7a4002d84fdfb91d023a03d3550961b9b cb941cae0077d7bb958fab092534f647211066c31c6baf40f6458de9b47191a269d4a67dcee0d99056f709cf2a3ef12e
SERVER_HANDSHAKE_TRAFFIC_SECRET bc0e2b617da635dd1535d16c23588dd8dfe4abdbe5fc7f34a020d5d9003870f0 9e372825edf3c21e8fa793bf7ac13d8aac4def596ca313464b8e381c81da9418602051af3608c8ecc7946906e82b03a2
CLIENT_HANDSHAKE_TRAFFIC_SECRET bc0e2b617da635dd1535d16c23588dd8dfe4abdbe5fc7f34a020d5d9003870f0 b2575a4df5b76c40b0fdb4c18305118a904790af7f9f29bb6e3b73d43f33eb31443a01943af0a4a36f1f5bde90fd9a50
SERVER_TRAFFIC_SECRET_0 bc0e2b617da635dd1535d16c23588dd8dfe4abdbe5fc7f34a020d5d9003870f0 db525f9f37bd4d64dab25f9acd154d0446c74f69618ed8daf07a97488b80957494b1f35d5bed80ef9c7ad0b4bcd2eade
SERVER_HANDSHAKE_TRAFFIC_SECRET df7ddd9543598af25f8ab482ce86352d4ac3dc2a9b0b91d240e68d2d1b1c0bab 9c6a1cc55ca0ff40c3cb9fb853d19dec2d3b714aceca57758241c8e062e26bde0d0f9f9e1ead227b5c7ff7d61f202c90
CLIENT_HANDSHAKE_TRAFFIC_SECRET df7ddd9543598af25f8ab482ce86352d4ac3dc2a9b0b91d240e68d2d1b1c0bab 227e1082dc67094480e87099bd2f5b4da847ab40167a042ca609fffcc4da35b10c6f064ef9cce1ac9b0073863ec6c4d4
SERVER_TRAFFIC_SECRET_0 df7ddd9543598af25f8ab482ce86352d4ac3dc2a9b0b91d240e68d2d1b1c0bab 4630996ce6ea2f6ad1e7ded91e0eafebf8eb8291bee2b76b50299a42d11dd236623d4001c926008f414e08798b61d00e
SERVER_HANDSHAKE_TRAFFIC_SECRET efe26745ddaeded062afc6cf78167949a6bd0c4ad6b7e2232be46b4582151f41 d0ad43ab4e5f6a5d1944be2cc9ab506cd4c7a44a7fe0e869479e0ab4bb90953e01c20dd6f984c03799d65408f044a197
CLIENT_HANDSHAKE_TRAFFIC_SECRET efe26745ddaeded062afc6cf78167949a6bd0c4ad6b7e2232be46b4582151f41 7074a6636b687c733548bab75301781fb2a3bb83ec7f36150c238f1a22530bc8312c7de05aa12c25019563c9c2ad3c10
SERVER_TRAFFIC_SECRET_0 efe26745ddaeded062afc6cf78167949a6bd0c4ad6b7e2232be46b4582151f41 c54e874de971b5c44075f742ed2e1752ace27bacce03fb2025805bbb93f6647893c68671c45b8cf097788aa70c1f5f21
SERVER_HANDSHAKE_TRAFFIC_SECRET 63e2c370ee06f82844bdbada65dbfb095749b52b7fe6ccef5956b65c12942df9 95e82b0eeb5c06b1bc593f27e5f465d4cb52d82e818f59385037e47e64756f2eaecc49715dc528d85ca620c051831dd2
CLIENT_HANDSHAKE_TRAFFIC_SECRET 63e2c370ee06f82844bdbada65dbfb095749b52b7fe6ccef5956b65c12942df9 a7864ba7791532e1bb0c02fe74436e6aa7c43158e0237e1bf279d3ff476e89064a4b0a1edaf7c6ae1ab85e61f61f7e80
SERVER_TRAFFIC_SECRET_0 63e2c370ee06f82844bdbada65dbfb095749b52b7fe6ccef5956b65c12942df9 59c1efb6e66a8f3a82380f0d2e9709b4df0c4ae843cc4aa68e70d1b2ecc157c5bb8cdab077684c273f637d7a2fabb083
SERVER_HANDSHAKE_TRAFFIC_SECRET d3b31784b854a54a987610ab0e8f1e382d4fe44a7e4fc3b2df06c1df6c51eb9c 4d387511d6ad2027e628244d2d2886d3cc2f53da5a7aff689cb4dea9d00647f0e18d9117322ce8730bba186976e38e4d
CLIENT_HANDSHAKE_TRAFFIC_SECRET d3b31784b854a54a987610ab0e8f1e382d4fe44a7e4fc3b2df06c1df6c51eb9c 53bfc42f924d376286b94968cbef58fa3ee3acb86e169e254c0f7d6d06915eb00e8f53aa8be3440e8f792acd1e43f9ca
SERVER_TRAFFIC_SECRET_0 d3b31784b854a54a987610ab0e8f1e382d4fe44a7e4fc3b2df06c1df6c51eb9c 7a90cb6819d6411c499865888f744cd50ad9f0e42d8037aa9e35e7bbd8c544941fc05265221071ded132dee8a1f873d5
SERVER_HANDSHAKE_TRAFFIC_SECRET 27a2bb65e1cf044172354b4ccd7ec1a8ce4249c4918df75e01bedaead1252e32 f45cf903b990dca80cc8481e8c738952fd743b5b444ee5df7856bd17330d2e7c8a872fd283914d3883b30560ab78a46c
CLIENT_HANDSHAKE_TRAFFIC_SECRET 27a2bb65e1cf044172354b4ccd7ec1a8ce4249c4918df75e01bedaead1252e32 9cb330d3ec447a2658f7b0e10b058943cd9b73241ed1cbfca0efc3a54f1c73857a6d1909b9869d3ea7c222c81f7f7315
SERVER_TRAFFIC_SECRET_0 27a2bb65e1cf044172354b4ccd7ec1a8ce4249c4918df75e01bedaead1252e32 d180052e9766f9f341611e6443d8d73b93b1c079fc99269175eefa87c625b140f898ba1393498f4bd92c2c23a9c62545
SERVER_HANDSHAKE_TRAFFIC_SECRET 0355868d06210ac75674ce706d704b9daaa2f83aca15b61a2e3fc2c6d197be66 473d9e0bfb27619f9b183ae89aa3b3350939dbc92ac3b46fd6b8f790ac8ec0c15c78bcc6f2aee1265bcbd66224459b7f
CLIENT_HANDSHAKE_TRAFFIC_SECRET 0355868d06210ac75674ce706d704b9daaa2f83aca15b61a2e3fc2c6d197be66 85a406618f3fc502cb5f5019fc46431b5557e07c8c1cd004713c176451039bffcb5604701cc04049b1a3e3b6d5b5baa5
SERVER_TRAFFIC_SECRET_0 0355868d06210ac75674ce706d704b9daaa2f83aca15b61a2e3fc2c6d197be66 3c6ef9dc13eb1f5544e52ce26ba3a82479ff7a0f597cecee8ad93379ff43c0036394aded67c4590d1c64d2679a3f7bd5
SERVER_HANDSHAKE_TRAFFIC_SECRET e8dada2301227eab0b8e50c160a0291c9c169e8ce1ce446adb6f2c8d49d6f0f5 dcd39db196aeabbe7a7a3ea031b7c52616566d582354f18fc9e5dc25dd2e5d0cd13a9044126f819e5dcabb73737e18d9
CLIENT_HANDSHAKE_TRAFFIC_SECRET e8dada2301227eab0b8e50c160a0291c9c169e8ce1ce446adb6f2c8d49d6f0f5 44b3ebaeb3b1ff0500de0bd6c251d5904fb15c594dc01cdf5396497e67d7286d5fa5c298b5be3871c28d4ffa21bd73fe
SERVER_TRAFFIC_SECRET_0 e8dada2301227eab0b8e50c160a0291c9c169e8ce1ce446adb6f2c8d49d6f0f5 bda950317a99a08ee0ec2de634d6ab5b94963ac87bea11d9bc8ed4beffb753b1ab49811ce0a7e1a7ccc3f44b524cb300
SERVER_HANDSHAKE_TRAFFIC_SECRET 878a3bdb14ced6d625f9ddebc182172ab65cbbbbc820a7f2dd8b73aa51508449 5fe6ad9fac484659fbaddf55e60b69b5bc54d6f96b545b02a7b02bc5c92e75425a8c96ff166626f9ff7fd60335124923
CLIENT_HANDSHAKE_TRAFFIC_SECRET 878a3bdb14ced6d625f9ddebc182172ab65cbbbbc820a7f2dd8b73aa51508449 dd72ec1792767324819487818a40c55345ea4386ef33fc7fd8b5b22ac2e1b6741856dad795abb1bb08145379b0d6ca6f
SERVER_TRAFFIC_SECRET_0 878a3bdb14ced6d625f9ddebc182172ab65cbbbbc820a7f2dd8b73aa51508449 302b90686d58c8c27b3067993141bd745a1896160dbb38ff5841e4f0e22c37aea5abab811b51045d13f25a626a96ea98
SERVER_HANDSHAKE_TRAFFIC_SECRET cdcc96bee33fef3cf5706d1c9081a23e1017b9e9c846bec5bf7ad7857be21c1c d9a2d49e708ed45f6061ff7fac227cc0f7308b3925d4c22a409458e76679eef5b205e7dd2a662cd55a534d17eaff6a9c
CLIENT_HANDSHAKE_TRAFFIC_SECRET cdcc96bee33fef3cf5706d1c9081a23e1017b9e9c846bec5bf7ad7857be21c1c 7e5b6ec9218d64ec618e94deaed124efed79a8435f58939397c953f0e4d54f1d91ef2f3c74afccfb599407f68c49e41a
SERVER_TRAFFIC_SECRET_0 cdcc96bee33fef3cf5706d1c9081a23e1017b9e9c846bec5bf7ad7857be21c1c 113ce35eaacb820b5bb7f5562662009e313165a84e5f7ae0bc63b00808daca065ede77328d877da6a60d482fc154bfa4
CLIENT_TRAFFIC_SECRET_0 cdcc96bee33fef3cf5706d1c9081a23e1017b9e9c846bec5bf7ad7857be21c1c cbd63268d9e8213013efdc8150c93523979b4332606144173b22f8a4f771c47ea477e2f8ce46c7ecbffd44c01ff3e4b5
SERVER_HANDSHAKE_TRAFFIC_SECRET 9249c128f290b32509bff1b59c0abc5fb0ad59ca7cac585e1a325b3e8d425a08 33de93e1be5ce9b4e7d4d3a7244681a6502c4d7791e9e59cab6aeab4dab8a41f777b9188a0cda3e40a93b69f18836d7e
CLIENT_HANDSHAKE_TRAFFIC_SECRET 9249c128f290b32509bff1b59c0abc5fb0ad59ca7cac585e1a325b3e8d425a08 aa00a7cd4270a3712c597afd2981118d2842ba4836ff6f495f99b16a5bd0edebf43c63f60bb216b7bb14f59f16ca9c4e
SERVER_TRAFFIC_SECRET_0 9249c128f290b32509bff1b59c0abc5fb0ad59ca7cac585e1a325b3e8d425a08 8ec9e16c161b68455bdc0921563c178d9796013cba3c44fa0610d199ca11a226c731f58736952147beeb3290a7b51a40
CLIENT_TRAFFIC_SECRET_0 9249c128f290b32509bff1b59c0abc5fb0ad59ca7cac585e1a325b3e8d425a08 befcd38659d035c5e24770409daf795eace58c0cf6b869b4d9696d69f55e4b8bc21ceded7f18d5d81e97b2eeacbb11dd
SERVER_HANDSHAKE_TRAFFIC_SECRET 589d1691d4c5c6a69aacc1dff5835450f6555d2953a8fbd10fc3f4ea65caa348 556a6dd72e1d9a11659c1766442b24f6bac22b3f21bd2752fc1db5207ef697d3187faa6f1d61ccb592e67e5e7544ae4b
CLIENT_HANDSHAKE_TRAFFIC_SECRET 589d1691d4c5c6a69aacc1dff5835450f6555d2953a8fbd10fc3f4ea65caa348 346a8b0571e75b994541c435f0a757ece24fb393a02cd44d462183df93507de358a741ba2c9d9ba8ee3e77da5a39990a
SERVER_TRAFFIC_SECRET_0 589d1691d4c5c6a69aacc1dff5835450f6555d2953a8fbd10fc3f4ea65caa348 8c37bec0e3eacf490cc9cc764922edf405a49f598ad34fd9367710c3f5a6e3f33e4f77feb1d04d6bdabefbadba232628
CLIENT_TRAFFIC_SECRET_0 589d1691d4c5c6a69aacc1dff5835450f6555d2953a8fbd10fc3f4ea65caa348 27f6aea25512b3ff21dd9ec01f6bcad36dffadf74260f400794b49ece74303a243337df5db88747fe585e4cb57d47907
SERVER_HANDSHAKE_TRAFFIC_SECRET e2e43da3c1356b2d56098529df29d089be231c0ba642df51a776dc8d26ea364e 8173dd30395f91f74a1e77b2d25e921e44368a844a081d18ab08c618f4a96839ea013c1087b26c00543bbdf65d707ef1
CLIENT_HANDSHAKE_TRAFFIC_SECRET e2e43da3c1356b2d56098529df29d089be231c0ba642df51a776dc8d26ea364e 9080eaeb4c4302640a689c9d014ec5166d00fe60d307336b283978a0bd1a91e7a49c48676f213e43b225d7c5ac68fda3
SERVER_TRAFFIC_SECRET_0 e2e43da3c1356b2d56098529df29d089be231c0ba642df51a776dc8d26ea364e 85cb529103a0992f9f263303e729aaabd81dbb443ebce7509f67b671436be8cab95caf8163108f9e1c0914abf1d86cef
CLIENT_TRAFFIC_SECRET_0 e2e43da3c1356b2d56098529df29d089be231c0ba642df51a776dc8d26ea364e 4a0b94827d8a7ae88e778690b84022ab41a95ca50e733aebec8a2b1eb450bcc179e2e3496e1e1df0a06b8c907032fcd4
SERVER_HANDSHAKE_TRAFFIC_SECRET fb0217807c22a6cad4c5929b275a81181367b5a0fb53f47e7e62137759f985d1 3361fbb4bd1a52d75bcb89af9e80a33297d9384c0202b2a417d2d9a665637e1cd0f3dfd68ce049947e5f5bb62eaec47d
CLIENT_HANDSHAKE_TRAFFIC_SECRET fb0217807c22a6cad4c5929b275a81181367b5a0fb53f47e7e62137759f985d1 149e10429f46996236f43d32ea6a487808424a9f7ebb556271e98e5c16c9ce1066d4151a27562ebb117b9ea783c61ecd
SERVER_TRAFFIC_SECRET_0 fb0217807c22a6cad4c5929b275a81181367b5a0fb53f47e7e62137759f985d1 1517f6ce9c002b2592bc2ef168abcaf1cefd0002362ec90cb04b24cc2cb09a8902cf479edc6aae5fcda7d69fd0915310
CLIENT_TRAFFIC_SECRET_0 fb0217807c22a6cad4c5929b275a81181367b5a0fb53f47e7e62137759f985d1 80c13a192038d058ae86fd521fa8799b1fa7f9a6551860bc21e0488c9327845c34e38e94abc8161166b023c71630b133
SERVER_HANDSHAKE_TRAFFIC_SECRET 0086252d2bff1f393c52f68dc9aa50179ea23fc1c573d0c5feb9840417f9eb84 b3b27a080634af2bb42ce15615f519d102ede5272981e6a50c899fc67a97e506a24c36ef450c85e6ec28ecba43a72104
CLIENT_HANDSHAKE_TRAFFIC_SECRET 0086252d2bff1f393c52f68dc9aa50179ea23fc1c573d0c5feb9840417f9eb84 966cb040d5a33aa39805d5bea9451c496d86b690c11aef85be63e5111ec022df8a9e46d05d4fcf4b1718964fd29e675e
SERVER_TRAFFIC_SECRET_0 0086252d2bff1f393c52f68dc9aa50179ea23fc1c573d0c5feb9840417f9eb84 eabbfe680b23d8d874fe82bceb710f898acccf9f44b44316fb98eeb0952a7a770f076edc9de2ea6a50ea25c3265ef4a9
CLIENT_TRAFFIC_SECRET_0 0086252d2bff1f393c52f68dc9aa50179ea23fc1c573d0c5feb9840417f9eb84 6b4b2f23db798ca172c8f08981fc5f0c8c764e96f35392b6ea44170183b1b8bdc4309c354223baef4bfd0717d05816ec
SERVER_HANDSHAKE_TRAFFIC_SECRET 1c9d3670be627ec6cd8fc7a0a7b8e8413e2ad56506eead9f7eead38ae4ded6da 0ba441f3896a5e2f58dcf903023ca1ec443a805feba532424023133c1ba9cea8986a1fc7b0c4215185887c0d9d914fd3
CLIENT_HANDSHAKE_TRAFFIC_SECRET 1c9d3670be627ec6cd8fc7a0a7b8e8413e2ad56506eead9f7eead38ae4ded6da f139f2ad55f8edad7b935497bff0b1cd60bcb3d12b9dfb214de6193bc2cf24094f70ce047308dfa0bcd0d442d4f7301b
SERVER_TRAFFIC_SECRET_0 1c9d3670be627ec6cd8fc7a0a7b8e8413e2ad56506eead9f7eead38ae4ded6da b6170ea82e4d96274614babdef18d26436661b2ac18192aa8b7225e14ce11ea1f9586e6ca34a5f6fba2a9d24c8aa150e
CLIENT_TRAFFIC_SECRET_0 1c9d3670be627ec6cd8fc7a0a7b8e8413e2ad56506eead9f7eead38ae4ded6da 158a5e96a73b8fb83936fa39530bc19e8b09d4fecd2dbe17360be77ccb9fab282dbe59fbe1e4687bc894b4f26bef9288
SERVER_HANDSHAKE_TRAFFIC_SECRET c4d902938cd08911b905dce2b9b50640b2303dd2357c8a09212c3f2c18fb15d7 16313f89bbd76c4a4e3be6752c3f55f3be89511b4845530417fbd65fdf15a424c32d109dc768d3f57393b99a800200f6
CLIENT_HANDSHAKE_TRAFFIC_SECRET c4d902938cd08911b905dce2b9b50640b2303dd2357c8a09212c3f2c18fb15d7 80a28dc7707c1fe07da8fa49d5761b586e25914e4d78324a5d1a5634c838f0c4145df2f92d596236c6820711d95030a1
SERVER_TRAFFIC_SECRET_0 c4d902938cd08911b905dce2b9b50640b2303dd2357c8a09212c3f2c18fb15d7 1dcc89b0cbb2c2b61d1b1104bd3c6dac7cbbbe52277d3b3a80850fca0ad0b968cf1a65ed78a0b728ba18bfab953e5d1a
CLIENT_TRAFFIC_SECRET_0 c4d902938cd08911b905dce2b9b50640b2303dd2357c8a09212c3f2c18fb15d7 d30a7da8a1ae8679bd42b26704a366552f44de36d7eb756384735830c0951b469e4b5514ebce0db660c8a85062a3bf22
SERVER_HANDSHAKE_TRAFFIC_SECRET 3b94ec66866fdd6badc31daba1a70aab2b8098016b50ded1c8bb1732d9b65625 4fc3394c7e0024795465e8ef17242bd0f327cb4201fdecb318236cc7b6f45fc2d83e3ec56da7100bff7923e75b05385a
CLIENT_HANDSHAKE_TRAFFIC_SECRET 3b94ec66866fdd6badc31daba1a70aab2b8098016b50ded1c8bb1732d9b65625 f1d524245edba16e65332bb33ed69c5443c2a9ffe241db9de722c9f9129e2fb50d905ff83174cf2a46b883ecd78bad27
SERVER_TRAFFIC_SECRET_0 3b94ec66866fdd6badc31daba1a70aab2b8098016b50ded1c8bb1732d9b65625 d143eae9c587bfba28e68f54e2515fbd142eaa1353c628183e9693c41e1e0cffbc6ed6deab086099202c549313438a2b
CLIENT_TRAFFIC_SECRET_0 3b94ec66866fdd6badc31daba1a70aab2b8098016b50ded1c8bb1732d9b65625 3151016c2e1d3da0a848930adf40b7713562ece5d2a9ab8f63a3bbe10b25a563610ce44a873d14bd86db3c07e70dddc0
SERVER_HANDSHAKE_TRAFFIC_SECRET 78a74a540bd9ec7025fc5b62b7e44b9512a78d4aec6065468d26673a97313117 0a58e5698bbfd13ba3aa906e0663c1b90544dca006a6ac09a544ebca69a62a41dcbc34f4150896d255a19765a12323a5
CLIENT_HANDSHAKE_TRAFFIC_SECRET 78a74a540bd9ec7025fc5b62b7e44b9512a78d4aec6065468d26673a97313117 4e615fc7c03a609f51e8197b0396af01b9f5c578484289e67a16616de6d95ebafcdec5c5ea6fbe83b98381a0e8fb6923
SERVER_TRAFFIC_SECRET_0 78a74a540bd9ec7025fc5b62b7e44b9512a78d4aec6065468d26673a97313117 ff7c289a4f8539a4673334c4e5dae2273f54fd05c61d17d11b02c77636350eb5db541529400b7cbfe308502592979ff0
CLIENT_TRAFFIC_SECRET_0 78a74a540bd9ec7025fc5b62b7e44b9512a78d4aec6065468d26673a97313117 a726f98cf6ffc09a2a801adfd40cbbaa998613c524a8895199b61e936fb6d4dea1481b750951c7310535a3a69da59a97
SERVER_HANDSHAKE_TRAFFIC_SECRET ea5bc8d5aa4290701a8c7fc77b26bc91dc5f80c6e04f61e6f8ff038eb14a1ed7 41ba35ad806ee8e53f4510213cb9aab99a172e8cfdca091be39dd0e2b41d8a7806b57db29b04f4e7949189c445a34f91
CLIENT_HANDSHAKE_TRAFFIC_SECRET ea5bc8d5aa4290701a8c7fc77b26bc91dc5f80c6e04f61e6f8ff038eb14a1ed7 1d5886da7e88c454eb2ce5b7d3305774b55c38e00c4302f183fbc503aa20dc177e5f25f7b8bd1a941272cb22983d323b
SERVER_TRAFFIC_SECRET_0 ea5bc8d5aa4290701a8c7fc77b26bc91dc5f80c6e04f61e6f8ff038eb14a1ed7 db108c2264f45f4af16db9014fe38e92a0f7ea3fc609f957df78e56f16247ef1e0ba468445a4537b5f403801f81faae7
CLIENT_TRAFFIC_SECRET_0 ea5bc8d5aa4290701a8c7fc77b26bc91dc5f80c6e04f61e6f8ff038eb14a1ed7 85d3cf872d8085c111138f8bc01e4b47e934e70d908a6bf0bbb7b1dd4aa152156865137f9ec2e17ff1bbebf9ac45ad0f
SERVER_HANDSHAKE_TRAFFIC_SECRET 1be9534fb6a06f6187251ab80e657b109963b1a8b0156612ce8425be24d9e3c3 aad4fc3e9fd7cd79e7aaead2fafd77c20258d03acf1017b37e76320964e127bf94a9f5189e951eae5079ff6a642ec7fd
CLIENT_HANDSHAKE_TRAFFIC_SECRET 1be9534fb6a06f6187251ab80e657b109963b1a8b0156612ce8425be24d9e3c3 930a587550d0e483de2200ba2c96113fb107820962672a26ea31d2b30305af5b72992e3642d3ecbd663051734e162cc0
SERVER_TRAFFIC_SECRET_0 1be9534fb6a06f6187251ab80e657b109963b1a8b0156612ce8425be24d9e3c3 ada70f14b2b017e1bdf8b6575a1e3f7503a6628df410e45931d0394ae4ae82614e38ce0c19afc40912e1704b9e6a43ad
CLIENT_TRAFFIC_SECRET_0 1be9534fb6a06f6187251ab80e657b109963b1a8b0156612ce8425be24d9e3c3 236cfc172aabe76b7665c85cfc0441e67fe65d9c77ded08e758631e307401fcb0d8a6adbaf1f30f6e028010817c94b53
SERVER_HANDSHAKE_TRAFFIC_SECRET 2a2e5112b821186747accd42f1c41d435d4a52f937130d1f5e432ef252fa309f 9053e3998a8bbc3aff91ccd6637ab43848af6a7acb3e64c1a6268b67c25be7d637c637b2c5808a2e2e8e0d3dab54ac93
CLIENT_HANDSHAKE_TRAFFIC_SECRET 2a2e5112b821186747accd42f1c41d435d4a52f937130d1f5e432ef252fa309f 6bc558d1bd29ba30a296c3216d6cb45fa6e16980ef346ef3e0a86cd76e412519ae8b6a0e44a7f7187790475487c91495
SERVER_TRAFFIC_SECRET_0 2a2e5112b821186747accd42f1c41d435d4a52f937130d1f5e432ef252fa309f cf294625b12ed7a6efed07d9901522451a476367e8f326c440a9139c3baf86b38975a400846644d349ea16c84bf17986
CLIENT_TRAFFIC_SECRET_0 2a2e5112b821186747accd42f1c41d435d4a52f937130d1f5e432ef252fa309f c143e4f80fc29d80a3c140ae8f9d9e83be90754a68235e4e36ec3fe06f799bcf0f59efb9b2e79e5c8df9a10797d17e27
SERVER_HANDSHAKE_TRAFFIC_SECRET a40a24595ebe3541c42399d84300d9a5bc18dee3156f1936288647067b7c0101 eb984ea3a94733e21f11b81653901a445b52253862f132d5fd0d5491301acbdb025a0735f37983223ad81e5a339f5047
CLIENT_HANDSHAKE_TRAFFIC_SECRET a40a24595ebe3541c42399d84300d9a5bc18dee3156f1936288647067b7c0101 30cc013e4d284cfb1881fd70e370d7e6fe3914f50b4ddae568760ff8d212db7772bd13736de4c76bfdfd7fec9198743d
SERVER_TRAFFIC_SECRET_0 a40a24595ebe3541c42399d84300d9a5bc18dee3156f1936288647067b7c0101 cbdafadc0b9de47de92a264d7c0191b34ecaa7002d3e9724103c613c55d7d31df40c90e6630fb35dd96a8a66edc33926
CLIENT_TRAFFIC_SECRET_0 a40a24595ebe3541c42399d84300d9a5bc18dee3156f1936288647067b7c0101 13865e9753039a64c664e5d10cf665cc2c4176a03d75966f46c7d2a3de1cfcfe87a2edba0cf7b15fe7e4226415f4dd5a
SERVER_HANDSHAKE_TRAFFIC_SECRET 3cd51d85de1607d9b8eedf393d7c863f94382fc99a9e43d03eb9d37ad21704e1 a1d0737874a65d4300177eef7e313575a97eb0d807a195fb667bc94b72faae7508ef51c61b60a686e4ae6af27f52e32c
CLIENT_HANDSHAKE_TRAFFIC_SECRET 3cd51d85de1607d9b8eedf393d7c863f94382fc99a9e43d03eb9d37ad21704e1 22ec805fc08ed49d90c306998bec3f0eb7458b69dcf3ba5fa8ab5b054d357d7b26415e11880bcf49bae1723b8fb6cdaa
SERVER_TRAFFIC_SECRET_0 3cd51d85de1607d9b8eedf393d7c863f94382fc99a9e43d03eb9d37ad21704e1 6c9b458f8d157eeaab4ed5e33a0862b4eed41b07fb804835490daef4f5249ff132589c15c76615f3dcd25b9a94f5716e
CLIENT_TRAFFIC_SECRET_0 3cd51d85de1607d9b8eedf393d7c863f94382fc99a9e43d03eb9d37ad21704e1 c62b72f2e7aa56c90f78eeedeb19be9155bc74fe63363b793aad9dc0af3a3cd508fe93d5522d94e725572775843bd964
SERVER_HANDSHAKE_TRAFFIC_SECRET d24a82735daf9b790b542c19299b7e77ad13379151c221229d60e6a252c7f11e 7c561f72c2699f40acc65b56a62ff68411534c12a0b11b27fec7e4b36de1f84dab02bc42e2bde722714159497f73d173
CLIENT_HANDSHAKE_TRAFFIC_SECRET d24a82735daf9b790b542c19299b7e77ad13379151c221229d60e6a252c7f11e e69abfd0659df0b98c48572bb64a717f5ba58c45abf2120482c025ac60227fe6b847b4379a2342e560303e3d31546fca
SERVER_TRAFFIC_SECRET_0 d24a82735daf9b790b542c19299b7e77ad13379151c221229d60e6a252c7f11e 021d178960475215ed1c07b7dbfed2f77e820a2d995a9d57d89e7d3102debb66817a08cbb141f675c2d953b5a867364d
CLIENT_TRAFFIC_SECRET_0 d24a82735daf9b790b542c19299b7e77ad13379151c221229d60e6a252c7f11e 86d304a02c5d8049bda8e385872bef5d8cf86e5485ab6a9b60295acd98598b7b9665a96f64d977556b1936a3b7445b49
SERVER_HANDSHAKE_TRAFFIC_SECRET 9a6cec44c581c64deae97fd13387d0cebc1c09da3680dddddace9168460b286b 60544e431fce564639825a89bd7a4e23c4b6bfe9d4ed0acbf71fe14c21a4221381262ea1ce4c80193a71d1a1d30df372
CLIENT_HANDSHAKE_TRAFFIC_SECRET 9a6cec44c581c64deae97fd13387d0cebc1c09da3680dddddace9168460b286b ba2fe4b1e2a2123515c4f0aed37c1e6e3d1468eb61ca5584f2d45d9aec43135ab6cc701352849f0e330230cdf7546cfb
SERVER_TRAFFIC_SECRET_0 9a6cec44c581c64deae97fd13387d0cebc1c09da3680dddddace9168460b286b c6afb4992d1dc7883d284ae4a3999fa919ac9c993af0a60c60416af276b12e8fcf6f40ff1121420f3387511b3232551c
CLIENT_TRAFFIC_SECRET_0 9a6cec44c581c64deae97fd13387d0cebc1c09da3680dddddace9168460b286b 5030a8916cb84b129653d77f5bf7725c5df867be5b8f01dd523bf5d123cd54aea01055dfa296c355636b1bfee49577d4
SERVER_HANDSHAKE_TRAFFIC_SECRET 91dad024d92e61fdeccd783d1f5036f46f4d5d1b384d26b64c5501fd44fdcc0e c9bc5eda7a698c9bc756a9192c206ba10fc87b263f807b5dbd88da7dc7b8de05f030e51efdcad32e48e30aa3233b9044
CLIENT_HANDSHAKE_TRAFFIC_SECRET 91dad024d92e61fdeccd783d1f5036f46f4d5d1b384d26b64c5501fd44fdcc0e 66d5294b581fd1943ba39298a35525ae6226599d45b0bb981ce8efe178f3b73d4627a16aa1ca0e9c8a471198138a22d9
SERVER_TRAFFIC_SECRET_0 91dad024d92e61fdeccd783d1f5036f46f4d5d1b384d26b64c5501fd44fdcc0e ccf09ecda5eb31975199583f5592362d13e515df1ce4251d9ae98ae3485f4a8ddd0cea6dd219d2fd221f8b82b6b6d682
CLIENT_TRAFFIC_SECRET_0 91dad024d92e61fdeccd783d1f5036f46f4d5d1b384d26b64c5501fd44fdcc0e 5eb2799b8dc94685fe4ee7b11896f1760f929255a166f811fe671799cc8699bd935c8ab369c9520c25a0b18e228ececc
SERVER_HANDSHAKE_TRAFFIC_SECRET 6d51c2b72827d0baf8941d7696643a89eead3cfaee689e099a67bcb669017486 7c63263fd7f580fb3ec1db02b254f7ac71531436d08d5b85deaf46839c1b708eb1e78c2026d9f41e3f7f7fc938d8dea0
CLIENT_HANDSHAKE_TRAFFIC_SECRET 6d51c2b72827d0baf8941d7696643a89eead3cfaee689e099a67bcb669017486 0f6a37e185f4f17fae1e1ae863777d5de209ea921cf9c0753df3a3b5666cb9c07a73d856f04eaf9cd0ea5c6e03d9ba08
SERVER_TRAFFIC_SECRET_0 6d51c2b72827d0baf8941d7696643a89eead3cfaee689e099a67bcb669017486 796daa963b578c1e4448c69d6d890a920cfc25962217dc326ac32393fe4a216d73887ec863100dbbc6a5e7a8e5e4c857
CLIENT_TRAFFIC_SECRET_0 6d51c2b72827d0baf8941d7696643a89eead3cfaee689e099a67bcb669017486 98aa9be1d0e95ad5c56b84429733ebb0c4e1295560c2f4e6b55ce93e00a4229c95f14e356192c3e7dd232e12abb68623
SERVER_HANDSHAKE_TRAFFIC_SECRET 9aa9adaef3f7039e640f234f7181925d024040010fda29983addf2891688e1f6 014220c4e4f7c4b36b357adca330682935e08cf65e95e64859c7ce7e0da084511ab6bd3ee0f3feeb6681aecf6b46d749
CLIENT_HANDSHAKE_TRAFFIC_SECRET 9aa9adaef3f7039e640f234f7181925d024040010fda29983addf2891688e1f6 57bba548ddd8771e407c7046179431e6347a670827cc141523a0b47ddb005e44cf681c39abb1adf6cc38e19addc721b4
SERVER_TRAFFIC_SECRET_0 9aa9adaef3f7039e640f234f7181925d024040010fda29983addf2891688e1f6 b8c98ecc038afee6de3b31c91cf15dd32bf6d8d433ddef989b1cf3ef9b4d8d8e11dad65d10bbdcb0b4c3bb6108ad3f77
CLIENT_TRAFFIC_SECRET_0 9aa9adaef3f7039e640f234f7181925d024040010fda29983addf2891688e1f6 bd20150eeedb951c3196ff823c2838255f3c59037e7fb51938109e260c4e2c39da416b0e326e5dda5904e1d35d8a7cd0
SERVER_HANDSHAKE_TRAFFIC_SECRET 089158917fb3d0ad63ea703bb875b16ffcf55eac7565df8c9b34d1fb826734dc c17fb6885ee0aa0cd22dc2992e50f4db8aed92531150d8a6f33a639380dbe2491a4d1af82c47ee060068e10bf24171c5
CLIENT_HANDSHAKE_TRAFFIC_SECRET 089158917fb3d0ad63ea703bb875b16ffcf55eac7565df8c9b34d1fb826734dc 24a68f4aebff0e264d1d7161ea8f3e931a7dc91777a72c41163ac4546bb4ccf07893fa8bcfa228bf016b1cc239ee2e5b
SERVER_TRAFFIC_SECRET_0 089158917fb3d0ad63ea703bb875b16ffcf55eac7565df8c9b34d1fb826734dc a2c8bf74e2a8f84426cecf6462b442850f52b10722965d85c1acfdb104930485b6fa484cd8d6d15ba5036111a6289fe5
CLIENT_TRAFFIC_SECRET_0 089158917fb3d0ad63ea703bb875b16ffcf55eac7565df8c9b34d1fb826734dc f240b1013a16ea66d4e6a233ee55d969f2c380edbf8fd9dc641d91f6650d54daa41556e1fb545b811103a2ab89c6c1e0
SERVER_HANDSHAKE_TRAFFIC_SECRET ad0c340e6a47ca8fa9c97be509a9b39b1d59f5d0c7e3d9d41ab2c455499c6d71 7c7e76fee6dbf2a00c2a171b20c318e3e0fab876196433b3df113cdd0951ccf60d7e251fa16c9fd471fe0ae9ac915047
CLIENT_HANDSHAKE_TRAFFIC_SECRET ad0c340e6a47ca8fa9c97be509a9b39b1d59f5d0c7e3d9d41ab2c455499c6d71 866d513e93e7265f98416baf5f589ffb60f017a3642b3a84403a08c21559b8a0781077192b13f91eba182113e0d44615
SERVER_TRAFFIC_SECRET_0 ad0c340e6a47ca8fa9c97be509a9b39b1d59f5d0c7e3d9d41ab2c455499c6d71 b8a141b4aa52a507216823576f8fbd03253e592b5ec20dc0d3ecbad9b3c022e085decf728d0f69ba5f45f1b4e2649064
CLIENT_TRAFFIC_SECRET_0 ad0c340e6a47ca8fa9c97be509a9b39b1d59f5d0c7e3d9d41ab2c455499c6d71 96f734af72782905aeea9773bdde81484f408bc68341134f6690160815fef8b34ce08b9cf56a0bb34720013d1d087c1b
SERVER_HANDSHAKE_TRAFFIC_SECRET bc5a6be8b509214ca3c083110a201fc7bfbd175b956e4d7bc94ed1627c38ded6 39b30834ca36f07ae1a09d7e6dc739702efd2c58c5abc1c24e7bdacb11782782cf9aa20c97bd216f74ff46e58d1278ff
CLIENT_HANDSHAKE_TRAFFIC_SECRET bc5a6be8b509214ca3c083110a201fc7bfbd175b956e4d7bc94ed1627c38ded6 9d96f066d7d3a8fa07c558e904e876e49e427bc518cb00b33b05d8b355334391c8137c74b9da641d3718b2d6a8bf392d
SERVER_TRAFFIC_SECRET_0 bc5a6be8b509214ca3c083110a201fc7bfbd175b956e4d7bc94ed1627c38ded6 9974146e82c0e583ac29496fc3c7a934142eb034ac45b25736ca104101614f5f1f63705dfd81bd3c9f11c326e8e9a770
CLIENT_TRAFFIC_SECRET_0 bc5a6be8b509214ca3c083110a201fc7bfbd175b956e4d7bc94ed1627c38ded6 77ec88c0687bc0bcd5bd6d884bbf95546dba08bbbaa4db998f01f689f44e26a2faccc51c20a59f7e276f7eb3359119c2
SERVER_HANDSHAKE_TRAFFIC_SECRET 5a29c933ec3bc588f0782efdd27fa8ea15d17e85c7f4ad17ed56fb2db2586499 ac7f04fa5b8f739857d57f3ef59157e69c42cf59fd5837dd57db0160f81782d349777460e74f633e1ff959f4ac3fe186
CLIENT_HANDSHAKE_TRAFFIC_SECRET 5a29c933ec3bc588f0782efdd27fa8ea15d17e85c7f4ad17ed56fb2db2586499 3be9550a9c6484e900d369f7b09c427ae46b79213980c310ec459c49a49eaa92c456f71c79ae96299ba7b6bad6940377
SERVER_TRAFFIC_SECRET_0 5a29c933ec3bc588f0782efdd27fa8ea15d17e85c7f4ad17ed56fb2db2586499 0552c74201ed123528b7eaf8c5894094fe3792af3d54c05179a2940417ecc47b470290e6f5d3323c488477fcdfbd51e0
CLIENT_TRAFFIC_SECRET_0 5a29c933ec3bc588f0782efdd27fa8ea15d17e85c7f4ad17ed56fb2db2586499 47930a4f2b1acff1da3a2a73052154bb16d3ed3635af2c3392b43f2cb8a3fd263f67034d32887998df8abc793b38d195
SERVER_HANDSHAKE_TRAFFIC_SECRET 9a5ec160dc18b6186e95875219a8b37534860d9d9b6e4f6b3c69df4bb725a6cb 3d8c33deb124b0024641d82108b2cb652b893d77d02f307430fd8b3179a675168230edc3c8acd32be9f72a5613273f09
CLIENT_HANDSHAKE_TRAFFIC_SECRET 9a5ec160dc18b6186e95875219a8b37534860d9d9b6e4f6b3c69df4bb725a6cb c28c1026301cd1c6451bc2501661f80bf6ec27d1dc8d047300fbf028bfd56efd3599b045eb827831ad48dbda8fcf9491
SERVER_TRAFFIC_SECRET_0 9a5ec160dc18b6186e95875219a8b37534860d9d9b6e4f6b3c69df4bb725a6cb 273c8db5af166c3b98e8f1bb12f1a8962b0ce0e84564527749ff35de67b6a879bbb8e926f3be43f30de764fecfada2e0
CLIENT_TRAFFIC_SECRET_0 9a5ec160dc18b6186e95875219a8b37534860d9d9b6e4f6b3c69df4bb725a6cb 3d6721b1e54ad814ff9b0acfc06348fa18f3a6336b02411de0912da0a228df0cf41fa513c3725f3e2a2920742bf4f372
SERVER_HANDSHAKE_TRAFFIC_SECRET c66e0d8e34160fcabc07c57615a5d651de424ae1e66725a749214bde04d623c5 27d3d2c9e5bb639f909e4920648f839bfa22481a7cc4323666cc3993c03fc9e82f47f227c8c94e18dc5969f3e725502f
CLIENT_HANDSHAKE_TRAFFIC_SECRET c66e0d8e34160fcabc07c57615a5d651de424ae1e66725a749214bde04d623c5 54a0a4261e2261f8126ede128e659808521690a4b44093e2f29918ee1d7a78ce9ce78a29b920c93ab74e1eb6891a98f5
SERVER_TRAFFIC_SECRET_0 c66e0d8e34160fcabc07c57615a5d651de424ae1e66725a749214bde04d623c5 2e8d8ba3ab5170c3d9fbfb0e1cff5e605a5f2602d5faa9f22122a8f394bce6b65a0af20098817a2fa16218be46c9ea37
CLIENT_TRAFFIC_SECRET_0 c66e0d8e34160fcabc07c57615a5d651de424ae1e66725a749214bde04d623c5 e4edcc3bf28950caff6c4f961047961d78aaeef87b1e3131edbab5fe41bbc02238db9c1a24a80f7b084054b1e6a41139
SERVER_HANDSHAKE_TRAFFIC_SECRET 5e9c65ded4b93728850a33172eda226ac6c9e2ded2af81bbb49348301fdbdc99 47671a9fb025a71d919372ffd255ca32214481542bcf821583650d5a151db7f182508560e145291217f3d9ed322a8405
CLIENT_HANDSHAKE_TRAFFIC_SECRET 5e9c65ded4b93728850a33172eda226ac6c9e2ded2af81bbb49348301fdbdc99 c52c03176e247e78a170a790918e70f8a0449a4d1f7ca6a4084f1bf13dd8a2d47def5066de4da64f00a060ecf098b4ac
SERVER_TRAFFIC_SECRET_0 5e9c65ded4b93728850a33172eda226ac6c9e2ded2af81bbb49348301fdbdc99 cd8ee923d7edbb205ee733c2956bd65e5ccf884fb5c0d33a9ac54de3caf20a974940b27763de850a2e075fcd696f37ab
CLIENT_TRAFFIC_SECRET_0 5e9c65ded4b93728850a33172eda226ac6c9e2ded2af81bbb49348301fdbdc99 597b2c8d36eeda3a2a6410996832bb2c2ce281cd45328dfd5e83ceb8bdee0bf8448a542e312a8873ed1f260acc304c9e
SERVER_HANDSHAKE_TRAFFIC_SECRET 248d16e94530e2d09438fd6cdee8aa8d72145d2bd80ee9bd276a3d11c97a6fd3 582c50ff1e3f76075e37d67be339b906e58bf4eb3f6aabef598d88399268427ec909da2802a06c2220238d602be8d758
CLIENT_HANDSHAKE_TRAFFIC_SECRET 248d16e94530e2d09438fd6cdee8aa8d72145d2bd80ee9bd276a3d11c97a6fd3 331a371e572b2598d0e105212e2e2e70d90f64c5c6371c8a72578f1e8af48c12c66b652d7a9b976e92c593263cafc9be
SERVER_TRAFFIC_SECRET_0 248d16e94530e2d09438fd6cdee8aa8d72145d2bd80ee9bd276a3d11c97a6fd3 c252c92c7f42f8aa545eefa7c10304390e4e1ae79547ec8b828a56efe8eb48282599933051dfb0e2c76c746fd3ecbef6
CLIENT_TRAFFIC_SECRET_0 248d16e94530e2d09438fd6cdee8aa8d72145d2bd80ee9bd276a3d11c97a6fd3 e77fe1e7c3f08868af4553b586a10000a568b92f82496494565178c390a8e3a2aa7b1ee128367f94429ada4e9d5820b0
SERVER_HANDSHAKE_TRAFFIC_SECRET 8b777ec5171620328df4aeef71926ee912070f3bef67fe0922009a2e32016c8c 28506304b4e219bb65b38c8c78ddd3b3f8c0c0328143633cee5a7714fe11206e2caa418198277816b497b7d0f6ca8a78
CLIENT_HANDSHAKE_TRAFFIC_SECRET 8b777ec5171620328df4aeef71926ee912070f3bef67fe0922009a2e32016c8c 36323eead6f6d712b715c4d04beee44009ff9722e4be5432f43ef182ecee1a9fddd5d2ca75bf6e89614940613126254f
SERVER_TRAFFIC_SECRET_0 8b777ec5171620328df4aeef71926ee912070f3bef67fe0922009a2e32016c8c bc3bdbc8c74f2843dde44bd4dcebe2154900463a931246e2c62a44eef71babcf63cdebd5358ff3e64f476991080e059c
CLIENT_TRAFFIC_SECRET_0 8b777ec5171620328df4aeef71926ee912070f3bef67fe0922009a2e32016c8c c68eef8bcaee5997574711c1f25d85589fd1b6996bcda93b5b03fdae187dd2167ab4e71f4e4a25279a6be7972b3a2a19
SERVER_HANDSHAKE_TRAFFIC_SECRET a6e8fa0c871c944cfed37dc0a839a67b8ad4fc96abbf99322f70daf66fbc751d 5d7bebf651d59d20d5e9f2efd9da2fa131f8429577a358ca8426eb3f59b8b44330ed3718a6a008f70c3a289b0c98063d
CLIENT_HANDSHAKE_TRAFFIC_SECRET a6e8fa0c871c944cfed37dc0a839a67b8ad4fc96abbf99322f70daf66fbc751d b8b0563f471202d3310720b04201329c6735e296da78097e1de520bd7e928f854adf5753310eb264b6c34ee98584ac6e
SERVER_TRAFFIC_SECRET_0 a6e8fa0c871c944cfed37dc0a839a67b8ad4fc96abbf99322f70daf66fbc751d d19d9040e78a9196615811eb5bcd95b6b8e29cbaa81956f3d75231bcfc004b69cfa42a3180689e9eb8f1ff20e6244a06
CLIENT_TRAFFIC_SECRET_0 a6e8fa0c871c944cfed37dc0a839a67b8ad4fc96abbf99322f70daf66fbc751d 04c68a34cb388fb806455e0af4e18d2f4a064a3cd5feba7f41a5521d51d36966fea38a551b9af0ce7d33b9711dc581a9
SERVER_HANDSHAKE_TRAFFIC_SECRET 6bf3194acb2ffdad0248d809fcf19d9030e6795942c5672467bcb8b84225902d 87ab08bbf7277683ad717e481a98335b0f6fe6268aba72059909ccc784ee3cf26833bc9e467828278a2bf3436f2764b0
CLIENT_HANDSHAKE_TRAFFIC_SECRET 6bf3194acb2ffdad0248d809fcf19d9030e6795942c5672467bcb8b84225902d 1d0f5bb989f86c5989d3c37d8af1f4049aa1bef26647dbeef6d8bf8642af21ce43ec33d1a3c2968362d2b8a62fd69157
SERVER_TRAFFIC_SECRET_0 6bf3194acb2ffdad0248d809fcf19d9030e6795942c5672467bcb8b84225902d f74edf4c5b93f5849755fde773506280bdb9888410e7ec7b304f672f2441ada5b64e009830b457a9553fb722e8cf8536
CLIENT_TRAFFIC_SECRET_0 6bf3194acb2ffdad0248d809fcf19d9030e6795942c5672467bcb8b84225902d bbfaf4cde215aed264e3d0d104be98d875d9a0d7624aab7a63c1133af63d86beb96668fe518fd0fc73b6ff473ba75eff
SERVER_HANDSHAKE_TRAFFIC_SECRET fb54907918d80395511d7cfb532ede30861db50e00f2e149c52e9439ca3a486c 1478dfba9ba0a74b55eba2ed46ee759dad7a4a67e81149d4af1e916a011536513c90939fb4c7ccd3df8601596ae4db81
CLIENT_HANDSHAKE_TRAFFIC_SECRET fb54907918d80395511d7cfb532ede30861db50e00f2e149c52e9439ca3a486c 77b560fcd5a212f8c0e4575bb6121d0a060e929d3f087a84c0fb46c6ef0db892836a1daddeb261cd97d7e1871ea3ba04
SERVER_TRAFFIC_SECRET_0 fb54907918d80395511d7cfb532ede30861db50e00f2e149c52e9439ca3a486c 91b011d4df451ccd77586497f7cbb867edd6b034727c2e19e6363d1c4d3155e71658591692a935d5d8aada5da415e7c0
CLIENT_TRAFFIC_SECRET_0 fb54907918d80395511d7cfb532ede30861db50e00f2e149c52e9439ca3a486c 2694e24dd5845cc6e4321e063583620e19e63f2492b14dc68130a15c2cededcf051a5aa493ca8a11527085832616789d
SERVER_HANDSHAKE_TRAFFIC_SECRET 12821615c0559502520e99c1476b67b821f85b0fd7f1bb9dbd5e2b25201665ab 5c96ef1a2f0610c0174e20d02449203777481c9a83e34b673f12c4ce0f1645ab63c0c02f735dc35c2e70fe35ea8d9fb8
CLIENT_HANDSHAKE_TRAFFIC_SECRET 12821615c0559502520e99c1476b67b821f85b0fd7f1bb9dbd5e2b25201665ab 5f6edcfe92c958c6a25a41df0c5d29df6d38d516159bd6bf5fbbf48ea8519cf0d0b25986f93dcad51c0c82d7b152be8e
SERVER_TRAFFIC_SECRET_0 12821615c0559502520e99c1476b67b821f85b0fd7f1bb9dbd5e2b25201665ab e0d1f87aeb0aed74f795da85b49cb0aa7f3de404737786001b2772cc27e266607caea5ab9d77702df048bbb4b7b8d2f8
CLIENT_TRAFFIC_SECRET_0 12821615c0559502520e99c1476b67b821f85b0fd7f1bb9dbd5e2b25201665ab bd04beed6ef4a5b2bf49cc65a5c223a5e461b67f63d921051d25ea18c9d1dcee70a9c798c09d06256e44db21e0ad86b8
SERVER_HANDSHAKE_TRAFFIC_SECRET 31f6050d07790087d545c9c1e61d3abd894a5d24543544a94e0fac5f22a04bef 387237f18a8531e99411214c0dedbf8aa29040dc694533c099a72ef672689e7b92347256f8da6b1f19832c798cd137ce
CLIENT_HANDSHAKE_TRAFFIC_SECRET 31f6050d07790087d545c9c1e61d3abd894a5d24543544a94e0fac5f22a04bef 05deaf017e61d174a587dfe7cf4b06873cf3ab5a64ce13a82970b3b9ddc445b401d531a4b3d33ef67903b49e50774dc5
SERVER_TRAFFIC_SECRET_0 31f6050d07790087d545c9c1e61d3abd894a5d24543544a94e0fac5f22a04bef e39d4d1d98a59bcfb8e1655fa7afd9737ac3bb36fd178114cd800ce9822f4768ba80343ea1a7e08c4dac02bbc186d558
CLIENT_TRAFFIC_SECRET_0 31f6050d07790087d545c9c1e61d3abd894a5d24543544a94e0fac5f22a04bef 4d46472cbc4d8f3baf23edc49e0770626404b16176e84fdf8e804f24bea492f27f474c3e94504a03ffa809845f5da01b
SERVER_HANDSHAKE_TRAFFIC_SECRET 5e7d27a4c9591d521398cb6e19ddb0c90537feb70dfbebe51a956f88887956e3 d37607558c010224b9f3fe5a5e77b77d06acf03ffec6c89d209a5a5c6c9bc0af3a1252a1e98c8c091bcbc59f2b8d38f4
CLIENT_HANDSHAKE_TRAFFIC_SECRET 5e7d27a4c9591d521398cb6e19ddb0c90537feb70dfbebe51a956f88887956e3 6a6ade8f18616fc0985e79738762a3fc0022880011b866c53955755f915e41abc1a1e9faad48d9cd07d427af95d9b877
SERVER_TRAFFIC_SECRET_0 5e7d27a4c9591d521398cb6e19ddb0c90537feb70dfbebe51a956f88887956e3 0dd747a8423d6b4f4710afe3e22ec3573f6b7f75ba4a901b571033e943cafd0f05a21db1e38cdfa15bd793908d42edd8
CLIENT_TRAFFIC_SECRET_0 5e7d27a4c9591d521398cb6e19ddb0c90537feb70dfbebe51a956f88887956e3 586f76ae8a02f4b317a79a3b9b132e63672338d963753f288dbaa550bc3c3ca2651e02e25d8d1a83d66390b3ab31e9b5
SERVER_HANDSHAKE_TRAFFIC_SECRET 39267624322af33acb5cc22d83db55e2ad05ee22ef1cc9ee7744ce200957d123 82b74e33b7f401f73416e8e244d706dc178122ca50d855d7ffed98a04bd9f4e50a01189aa8957058c9ebea5899b4e366
CLIENT_HANDSHAKE_TRAFFIC_SECRET 39267624322af33acb5cc22d83db55e2ad05ee22ef1cc9ee7744ce200957d123 4450c16f4e11149a4e261ead55913f2055e04e287732727ac6c877a0efd3aa6ea85ac6b2eec29eb573208bfef1cceb71
SERVER_TRAFFIC_SECRET_0 39267624322af33acb5cc22d83db55e2ad05ee22ef1cc9ee7744ce200957d123 ba5405466fee1b0447759e6e0a9bd0a66630ddd6b3eedfe359be0912772cfabd499be2d7f436701a2e9e8a2fccb08faa
CLIENT_TRAFFIC_SECRET_0 39267624322af33acb5cc22d83db55e2ad05ee22ef1cc9ee7744ce200957d123 664b112bce34a69077acdd7cd77b1661dd0150fe18b921279576d43d0cb21773a874a7642eb2fc7e923f1f77bd6756c8
SERVER_HANDSHAKE_TRAFFIC_SECRET 0c2a62bc3f1d2b2f9fd21405988ab049523e7c12dc11d503e889525185add2de 5bb0ca679da74d074463014cc26edc7372f3abb476c3e84d79837a0fc8f8f8bf1330acffad7c19ab9ae3131f91540ac4
CLIENT_HANDSHAKE_TRAFFIC_SECRET 0c2a62bc3f1d2b2f9fd21405988ab049523e7c12dc11d503e889525185add2de fc8147de7940a97e907153a8c9e7c8bad4ed6068cc7f91033f5e4db53d14bbebe70264ad055e49fc1882c1b777e55786
SERVER_TRAFFIC_SECRET_0 0c2a62bc3f1d2b2f9fd21405988ab049523e7c12dc11d503e889525185add2de 5296316b2455193a7754d505f0cfa59c1388cca5ced6533afd3248c081f9f9b22e8fce9e9f830b502affef8ba3133d32
CLIENT_TRAFFIC_SECRET_0 0c2a62bc3f1d2b2f9fd21405988ab049523e7c12dc11d503e889525185add2de 6c5ef991a3da2af256b374474f569b271e02b199292473221a0491c592e7cc9a76d923149fef82ef452931f9a8bcc01b
SERVER_HANDSHAKE_TRAFFIC_SECRET 5f31b18449c42437bf4b50d99bfeba2a23fd133c2c5bdac47fcef8bdb44dbfc1 6cbf8baff31413c8b8d6d82f94388da3eb9694bd8fd7775e9a1c69238ab7705c3e2b70dc6d2934e3512488eb533a639c
CLIENT_HANDSHAKE_TRAFFIC_SECRET 5f31b18449c42437bf4b50d99bfeba2a23fd133c2c5bdac47fcef8bdb44dbfc1 de5f20aae302b90f514dd5df0b98672b3408037c2629f5c45c69fdceda52fe0a38896fec9f13603c0bc69ceca22cd6b0
SERVER_TRAFFIC_SECRET_0 5f31b18449c42437bf4b50d99bfeba2a23fd133c2c5bdac47fcef8bdb44dbfc1 aa9b54f24ba83e8310c3462676e32aabe87ec0c9fed9d5069b7219881c6289c1c6d9cae0b5358c1f0f788d2d9624ca5f
CLIENT_TRAFFIC_SECRET_0 5f31b18449c42437bf4b50d99bfeba2a23fd133c2c5bdac47fcef8bdb44dbfc1 fb5e992d212d9f14a12ab9355fc8cc7415e8626347ec447ebeb249a547fb82ce1e989abe9cdd98473639574e6353ad6f
SERVER_HANDSHAKE_TRAFFIC_SECRET ed02e5e885b44164e75046e8d017cb2532fb3b1f9222869fed301f7c5c968db2 9d2b2b01616d2d66ea58561baf4844efb15b9df3a3fa946e8c5ef831680721dfef058c6f41feb5f6c538c8a205d1e13f
CLIENT_HANDSHAKE_TRAFFIC_SECRET ed02e5e885b44164e75046e8d017cb2532fb3b1f9222869fed301f7c5c968db2 464a8258dfb8b32bba98813a3640151455a9ed16bf54080394c35098eea0dac5db21fa5b3e490e633774baa282fcccd0
SERVER_TRAFFIC_SECRET_0 ed02e5e885b44164e75046e8d017cb2532fb3b1f9222869fed301f7c5c968db2 79d7e24d3ca924a19bc63d58ef59186c903c77a28c17c403a55a92c1c0f3a4ce4662580ad02990709cfbe2799e1a6ec9
CLIENT_TRAFFIC_SECRET_0 ed02e5e885b44164e75046e8d017cb2532fb3b1f9222869fed301f7c5c968db2 c6d4f8293df045956f5432a657145c29c12087d70feaeb468e64f5f5e7397d180540629d80d173e4e793958e173b0a6f
SERVER_HANDSHAKE_TRAFFIC_SECRET afe3ba59f3427830823b96348797599050b87cbe68987a6692f3e28a4d2ac806 779cae47049ac35ba2ec323cf717bc40e3963b9017c81e19ff8f70d1fe14c1ad763de79d54200653a8cb01a730b1e17c
CLIENT_HANDSHAKE_TRAFFIC_SECRET afe3ba59f3427830823b96348797599050b87cbe68987a6692f3e28a4d2ac806 d78b8e65a15977cae8b769c5e51de2d01b4d03f57873fb4aaf8c023cc50816775db7865c28ec6882e72176f600a178f9
SERVER_TRAFFIC_SECRET_0 afe3ba59f3427830823b96348797599050b87cbe68987a6692f3e28a4d2ac806 52a4c4dfd251f0a499d7b47a225fc2162e77683c9f48458581166d5ebe683a1541379da720e63b071cb613571164245b
CLIENT_TRAFFIC_SECRET_0 afe3ba59f3427830823b96348797599050b87cbe68987a6692f3e28a4d2ac806 8ad18b7c0be68c4387ef020f04397a78335ce3d3457f22e7d595a919ddbd38d59f1376ec4aa3b8bdf46da6c13673c632
SERVER_HANDSHAKE_TRAFFIC_SECRET 5f45df6dd2e6aef8c9b0144e201f049f0b0144107a912305d73d9bcb889acec3 19033953e7a2020be3b96d3c9de309ee4c6439df5c2c85f4ac3f57f3028ecc6b851d0c035d5cde7ae0755cba1c675d40
CLIENT_HANDSHAKE_TRAFFIC_SECRET 5f45df6dd2e6aef8c9b0144e201f049f0b0144107a912305d73d9bcb889acec3 973888472884e2fa8b06bf71aa92f88697668ba2145cb3928b6c09a1a2dda54b6e964ab9aa41abd556b114b60e8604e1
SERVER_TRAFFIC_SECRET_0 5f45df6dd2e6aef8c9b0144e201f049f0b0144107a912305d73d9bcb889acec3 f9e6ad271480a5b17eca1f2a0803cbf4e32f5ffab7a6e8e85eca4894f337efef2844b5900d17efcde801dbd9e26dd3fc
CLIENT_TRAFFIC_SECRET_0 5f45df6dd2e6aef8c9b0144e201f049f0b0144107a912305d73d9bcb889acec3 7f3369c9bf7f7d1952f7730ffbd1cc7dfc02e01483cf55e2aded45ff6f7cfb2e185a9d643b87dd7ae88ebf39da2c314b
SERVER_HANDSHAKE_TRAFFIC_SECRET 9fbbc53f79c70bb73f98b344f7be8da11f6afee3cb6566a443633de97d43ea9a 99b3a54f25b95a348d3599ff1c77a90498cc9033d4217c87158bf609b53cd5b40cb6416aadd0cb54f31c385bbb7dc888
CLIENT_HANDSHAKE_TRAFFIC_SECRET 9fbbc53f79c70bb73f98b344f7be8da11f6afee3cb6566a443633de97d43ea9a 69dfe08ba397ed751c6560a89f6f7d894cf8f895e5a79611717c6180072361f3c0ad68b659cd153a24a936b843c26662
SERVER_TRAFFIC_SECRET_0 9fbbc53f79c70bb73f98b344f7be8da11f6afee3cb6566a443633de97d43ea9a 91918e0dda03e0645d71a699c4e10ad3aafe72b811f3a5c58816dc46d2bdca63c9819e48e51c9628db90e6d4e4e75353
CLIENT_TRAFFIC_SECRET_0 9fbbc53f79c70bb73f98b344f7be8da11f6afee3cb6566a443633de97d43ea9a 7b07519bc26d2253d7426aecafbb81cf5eb30e9247f1c70397db0be9cace32b5e3668b219c4ccc14ecff1afc33509090
SERVER_HANDSHAKE_TRAFFIC_SECRET 8aefecfd7596e59412ef35f12a196a44318182bef88c5df7bf6cbadcbb023b78 555184fcbcccb923f4c94eb941000755f7cd82bff580305b1c884a4cf5cb7008ef5ab2961e542da6a9da56b41c2726c1
CLIENT_HANDSHAKE_TRAFFIC_SECRET 8aefecfd7596e59412ef35f12a196a44318182bef88c5df7bf6cbadcbb023b78 ea2eb53140e277df437fb35be063fd30eddb5cb1ff169a490b8381dacad468783236bafb52037732ffccc352c8a88a6f
SERVER_TRAFFIC_SECRET_0 8aefecfd7596e59412ef35f12a196a44318182bef88c5df7bf6cbadcbb023b78 376ded2f342c0fc6f3b546e82b38ecb067f0502a1089bc0a20b6bdad64b4c07df1ae8673f2c8a9f26b8d70115b8319a9
CLIENT_TRAFFIC_SECRET_0 8aefecfd7596e59412ef35f12a196a44318182bef88c5df7bf6cbadcbb023b78 5e03ca81fd3bef810a3e3cecd6b51097049f0c3693c76dea32fdf6b554243d4d24df256f2280addb01a4d28b7a0bb4cc
SERVER_HANDSHAKE_TRAFFIC_SECRET 27038b9ff5dd9fbab4a21cc479b1b62e8196a5ddc1ee2258b86c69030e6a1354 cdc160377112bc689d1e8dae21c9cd2529fa4d57f14e8789fd40c5f42e7ba44f13da786699d68add735aca4d2783a30d
CLIENT_HANDSHAKE_TRAFFIC_SECRET 27038b9ff5dd9fbab4a21cc479b1b62e8196a5ddc1ee2258b86c69030e6a1354 ba52f2b356e13f976a9619a065a8df4b7185f0609f6fc1790076ae3c51464a621625288116d483459f1cb3a0a4d86a75
SERVER_TRAFFIC_SECRET_0 27038b9ff5dd9fbab4a21cc479b1b62e8196a5ddc1ee2258b86c69030e6a1354 ff1c3c322b8639193973519e56ab89a16b09d62df27c621628357a82178cf244be3567a4ac79c1e2e9113a065aac272c
CLIENT_TRAFFIC_SECRET_0 27038b9ff5dd9fbab4a21cc479b1b62e8196a5ddc1ee2258b86c69030e6a1354 8c7b8710ebfe3ea4d99d5faea57ca8f18c5ae39438e2f07544a3706fa498e8aa1b8ab778593f30f321d6597604dbadb0
SERVER_HANDSHAKE_TRAFFIC_SECRET 541937da25bde1cd098dc6a13f6e0bd361995061d6645822ebaa7e98eb8d19fe 3eb9ede7a81f975558f588e8d2e10df2cb7b0b1763787f2abdcc3f7ce94dc31e1238bab41aa3129a2bd00a979404276b
CLIENT_HANDSHAKE_TRAFFIC_SECRET 541937da25bde1cd098dc6a13f6e0bd361995061d6645822ebaa7e98eb8d19fe 2ec63972899f6623c133dbe04553dcaf9fbd707b77af5334c3b709cdf0e7b0cecb8c3fe6cf93953fa08e80d026e561d8
SERVER_TRAFFIC_SECRET_0 541937da25bde1cd098dc6a13f6e0bd361995061d6645822ebaa7e98eb8d19fe b260690cf4754baa5d55aa6712296b4807ec1b180071b6dc4600154327ebda1593b49c4d6293cb025e636c07aa7b7db4
CLIENT_TRAFFIC_SECRET_0 541937da25bde1cd098dc6a13f6e0bd361995061d6645822ebaa7e98eb8d19fe ebf26efe254618aa9ab01c6300bc446c948771426f990df1f4b575538fda4a7b6e201f5c54630ba8d9e1eabd23fcc21b
SERVER_HANDSHAKE_TRAFFIC_SECRET fe205852de1e387431c1eb7fc89401305d2f49a9aa22514e0f82455a96216766 b6c4e6d2e16442dd0753a9da29733f5d9590c80fb136aae6bc0ab65fe48ede523a122f64454f9ad1c445af825d9246a0
CLIENT_HANDSHAKE_TRAFFIC_SECRET fe205852de1e387431c1eb7fc89401305d2f49a9aa22514e0f82455a96216766 254b453e1315846699583ec79b0f79c584035849f922306201896d466879ba2a457526a3b45e2c2e975c764ff02db176
SERVER_TRAFFIC_SECRET_0 fe205852de1e387431c1eb7fc89401305d2f49a9aa22514e0f82455a96216766 fd2944a48e2af0768bb7a8452bce4a881a4cc853d7cec8df074bac48ea49b6c6059fa3b14a3b1bbc78b2b1dc626e5e82
CLIENT_TRAFFIC_SECRET_0 fe205852de1e387431c1eb7fc89401305d2f49a9aa22514e0f82455a96216766 3af1be0bbcae576581d508013c546f2a967dc7c0b098bd011c68902422d18a4a09bab66e69894795e615867380c52499
SERVER_HANDSHAKE_TRAFFIC_SECRET 149e018851e962e3efb5a8f38028f2e590a2ef860fcea65b84e5735ccf7544a3 b69f17c675e74ec4e3079fbf5ef3b2b23258492683e8cfaeea4b46a118a1192d40584d80fb9d0a24879d63395a8b8500
CLIENT_HANDSHAKE_TRAFFIC_SECRET 149e018851e962e3efb5a8f38028f2e590a2ef860fcea65b84e5735ccf7544a3 8c400613cfa89e1e5a5995db31aced6ec473b6fff3fd68861e4eb2650375b217b4e7a5de3dfd663b61782620f383d484
SERVER_TRAFFIC_SECRET_0 149e018851e962e3efb5a8f38028f2e590a2ef860fcea65b84e5735ccf7544a3 af9a986e8b9b2dd515fe1327a0677478341d3b8f5563d0ed8ad31c3f644ef3af595e05b52f194a4c28612774ac2e15d4
CLIENT_TRAFFIC_SECRET_0 149e018851e962e3efb5a8f38028f2e590a2ef860fcea65b84e5735ccf7544a3 17c665ce5b2a359014c20ccb426e19d072bf9dc3c1c2ea08416f487c9525742e20f7f066e7d80d2ef64c2a0dbf7b8c58
SERVER_HANDSHAKE_TRAFFIC_SECRET 4bc6b1ac27fa617191aba801c30a23bf57aae1fafc45540393fff82120283d1c 6b051247b6360ee9567761b20f44d844afb701d5f96633f41603c9af75c324de8ad7aae05393a9b0ee45d0732f7bbe9b
CLIENT_HANDSHAKE_TRAFFIC_SECRET 4bc6b1ac27fa617191aba801c30a23bf57aae1fafc45540393fff82120283d1c 4f4678a8904de5f3a5886c993703d41dd666924fa7f482b3912c11674ff05e66a405926cf1814a3bb3be4e8aebd73d47
SERVER_TRAFFIC_SECRET_0 4bc6b1ac27fa617191aba801c30a23bf57aae1fafc45540393fff82120283d1c c5dd65a4945d0dc1b2108a60bcadb410cf11615b50c898c5a2c6586371706975243c4dac09957a2ec0e0c8d3c346cbc5
CLIENT_TRAFFIC_SECRET_0 4bc6b1ac27fa617191aba801c30a23bf57aae1fafc45540393fff82120283d1c 5c47729092a442df3e2930baf2a10fe1ab7454df4eefe23c87f68c4385a64b189176e2009bb261ba469bbed2be32f3b1
SERVER_HANDSHAKE_TRAFFIC_SECRET 8db7e354645ae37a645d6776d7230f7f106aa8b37ccc5625385c72dc2a4734db 74150d9ee2d8427909a602af9ae40105902a05ab2bc79c7e7992691d280d02b2976fac4458f6ac4ae3910abe04c8c81a
CLIENT_HANDSHAKE_TRAFFIC_SECRET 8db7e354645ae37a645d6776d7230f7f106aa8b37ccc5625385c72dc2a4734db cc71adf9d3630d07ec8850056b0d0d5c06121762fa5cd8152195cfec14c48bc47fd2c567473b7de04610b13d55391feb
SERVER_TRAFFIC_SECRET_0 8db7e354645ae37a645d6776d7230f7f106aa8b37ccc5625385c72dc2a4734db e8ed48585ce77d603a47d3482684581a2d21ca681ef4e57481ba026127f16672a96130598839401d9c83b989b9dd07ef
CLIENT_TRAFFIC_SECRET_0 8db7e354645ae37a645d6776d7230f7f106aa8b37ccc5625385c72dc2a4734db 90999789c2595d8bc0621a2c2277cc705385473d8ddf92d72e3b1ca082ad19a84fb4f9d4b1ba1cac1028e0a09a6c988c
SERVER_HANDSHAKE_TRAFFIC_SECRET 531d50f17ee69269172fbc5d0addae8361cd61088996333bb4e063d5a7e62750 2cd78896c8f258b1aee0066c7d5abc83f42e1be79ce9f72be1e2c12f483e6faac3f3d781c869777319691d24d4417875
CLIENT_HANDSHAKE_TRAFFIC_SECRET 531d50f17ee69269172fbc5d0addae8361cd61088996333bb4e063d5a7e62750 7b57677cfad8c4b68b6f1195864d01a4295567a3cc507589b38016785b444403c050fc2111c95e1784ef44f1fc7d5382
SERVER_TRAFFIC_SECRET_0 531d50f17ee69269172fbc5d0addae8361cd61088996333bb4e063d5a7e62750 2e07e6375b6f904502192436b19743c712f3cc84dc88e9c68302acf1f9d6808b0ae062a7001fb488ad1515631ee747c3
CLIENT_TRAFFIC_SECRET_0 531d50f17ee69269172fbc5d0addae8361cd61088996333bb4e063d5a7e62750 f41f4fe8b5d63e73e3a1895f04355de36da4c779634f442d7d81a8e89359879fe0dc49798f6d9656cdd6b2d60b4b0473
SERVER_HANDSHAKE_TRAFFIC_SECRET 5214eb4580985c8a7b5c8e7b82ba41a4617584cc4d6db24fc68c36741e808b8a c15863a2ae5c651a8018f79e8ac93103054609f1e31ecdff3df00ae08aa4f957e89192cc06448e74fe0b2dd136664571
CLIENT_HANDSHAKE_TRAFFIC_SECRET 5214eb4580985c8a7b5c8e7b82ba41a4617584cc4d6db24fc68c36741e808b8a 98ca3f4df21cd93b72f6d40f1c1985c55365b12a055ca1abc0402ef6ab6147532bd71b39618ac7bb62555b4e514095b7
SERVER_TRAFFIC_SECRET_0 5214eb4580985c8a7b5c8e7b82ba41a4617584cc4d6db24fc68c36741e808b8a d20a81d4a8947ec41631ef6fcaffdd571325fcb7c45b58b7a5325232ae75d0ad5d47b09f1aec6fd4d46a565185b35d92
CLIENT_TRAFFIC_SECRET_0 5214eb4580985c8a7b5c8e7b82ba41a4617584cc4d6db24fc68c36741e808b8a b76cd3f043dc2b4efe68a09fc50e0692a426117de80a0ed97d15cb76e8c7b23e98071da5c1b1f00e43dd5925f4058b58
SERVER_HANDSHAKE_TRAFFIC_SECRET cf5df37392d21127bbc676934692b2b56521644d8586e280372f8790c22ffc7d ed2f754343d3a3d4e0291bacae2e68bed61e8d9cb339e7313172047b73d8edc775d48938a63b24ec96713e75c1e19ac8
CLIENT_HANDSHAKE_TRAFFIC_SECRET cf5df37392d21127bbc676934692b2b56521644d8586e280372f8790c22ffc7d 7080add01002af238766d81a70dc759d73c3c65e1d1aa620bfb9f6e8059c0c9606731c1df8c2dec544e727c5eadf16c2
SERVER_TRAFFIC_SECRET_0 cf5df37392d21127bbc676934692b2b56521644d8586e280372f8790c22ffc7d 12b8d55b56d9c6ac044da49db00f061a80e0bfc7f5a09e870a75819dd8e231d844286b09753fecd560a01c0b2a04b286
CLIENT_TRAFFIC_SECRET_0 cf5df37392d21127bbc676934692b2b56521644d8586e280372f8790c22ffc7d bfa59d6107fc7b4c4188ac72e7b3bf519d594e00e7bafc0e5e6cf249f48aa1937ef8b55de28caabce733cc7305badcea
SERVER_HANDSHAKE_TRAFFIC_SECRET dddcd8a6b2f97ddda61b9893ae144503b972416f800408d2eec4b7e2475974af 2906fb41536881da796fbc45ffc6071cc1350dfd3fac59bc78ca76d817a977676dcf8fd7e324c35717281233b6adb875
CLIENT_HANDSHAKE_TRAFFIC_SECRET dddcd8a6b2f97ddda61b9893ae144503b972416f800408d2eec4b7e2475974af f2c6936c22f7140d4200dca5fbcbd051c5ab821bd4f9a9d9143db491b3c9913601d7c5358e831a476c4542e1bf2f5206
SERVER_TRAFFIC_SECRET_0 dddcd8a6b2f97ddda61b9893ae144503b972416f800408d2eec4b7e2475974af 8bb4a29a00ca800d940f56261295cf31592244fdb7f9e597cb9738414054f8020f847cfec8580a8e10b450d5d2ca2ba2
CLIENT_TRAFFIC_SECRET_0 dddcd8a6b2f97ddda61b9893ae144503b972416f800408d2eec4b7e2475974af 1f9d360866218ac62a84be1e3763d5d342882f70661705467dab1dce2f06525298d6f847781ed3cdcc8e4cd4de57628a
SERVER_HANDSHAKE_TRAFFIC_SECRET 6237f4792c121205b3c84f035ebccb9719f3bc2e9dd72c4448fae069ecac714b e0b5009dc007dfc5948e6a30fc7a638795fd57307887124d998592167214779cbe35afe8933f775d40949665afc0cc8d
CLIENT_HANDSHAKE_TRAFFIC_SECRET 6237f4792c121205b3c84f035ebccb9719f3bc2e9dd72c4448fae069ecac714b 12626f6259f7fe9aaf135ba3fcf0e2176093caaf00e56d1e40cb9b7c03f6fa36efd4bf38a8237973c1040963b695bf47
SERVER_TRAFFIC_SECRET_0 6237f4792c121205b3c84f035ebccb9719f3bc2e9dd72c4448fae069ecac714b 534c9d732c40a7c191246d65913b035e9d2e4d0a9424cbbf080698b2b0531d31a0b2ecaf07573eff208708798db2a753
CLIENT_TRAFFIC_SECRET_0 6237f4792c121205b3c84f035ebccb9719f3bc2e9dd72c4448fae069ecac714b fdb44811462b06fd365e8bd2028da3b4d008e19f07aaa6526629e42562ea10c2f0029ff6ef601c1fb13b990ade29a016
SERVER_HANDSHAKE_TRAFFIC_SECRET 5f8d73ff2f144530b1dbf27bb875e62107550ef48bb7f10adcd6274b3c11c87b 45dfe84757ed8f663f4d6db5f45f2eec3ae9e2113ede2be28a8581a1a237f16d5ff9f224935a6019362b8c910a9cae0c
CLIENT_HANDSHAKE_TRAFFIC_SECRET 5f8d73ff2f144530b1dbf27bb875e62107550ef48bb7f10adcd6274b3c11c87b 0e3c4de7a1168a2137551b23321ea37e67cf728665ce811c181ed8006977fe8f4e246a52338083fadc64cb101e7bb947
SERVER_TRAFFIC_SECRET_0 5f8d73ff2f144530b1dbf27bb875e62107550ef48bb7f10adcd6274b3c11c87b b99682a8be30e8b8dde96e223681eddaf33b4fad8444f7b55e9c81479046d6341d3fb6f6345dacd49a256e192ec5c0ce
CLIENT_TRAFFIC_SECRET_0 5f8d73ff2f144530b1dbf27bb875e62107550ef48bb7f10adcd6274b3c11c87b 0f3e965338f83f20dee50f5dcea28e5eb3daaea88cdd7a2af48ecd4fdccb755317df42c238d5cf3b5489a2aba43323b2
SERVER_HANDSHAKE_TRAFFIC_SECRET e92aa71bd8243566c48a9dfd9944de8de07c5cf04fd7bfa96e18eb4956ee37ae f16017f83f7b45868d8d2c7b7dc36a4b42e12a4f4899209c9f577510fa89b46990264b95e49ee635b2e4ebc704974205
CLIENT_HANDSHAKE_TRAFFIC_SECRET e92aa71bd8243566c48a9dfd9944de8de07c5cf04fd7bfa96e18eb4956ee37ae d1bd3b4031be440bd95434dee269626311151b15fc8c92ed9c0b8122916129e4cedaff0d1b7c9df43feb80abd53b2f2b
SERVER_TRAFFIC_SECRET_0 e92aa71bd8243566c48a9dfd9944de8de07c5cf04fd7bfa96e18eb4956ee37ae 5eda40a2efb208b6e2afd3d4c9c43975b4a4dd04dc869d787f3354f6a165cd98a10815c635592fe1c5489ae4406c8df2
CLIENT_TRAFFIC_SECRET_0 e92aa71bd8243566c48a9dfd9944de8de07c5cf04fd7bfa96e18eb4956ee37ae eceb5652494d9d48ce1799e6e865ab0abe6268a4fc885a3a432350900ba3ad8ee0f55406aa05c1a8bf1f07d84b033f89
SERVER_HANDSHAKE_TRAFFIC_SECRET 829c421b16df7f355db1532f6370345ca30cd9f5b4598227000769c5df328356 03560a460d8281c5fe4f8a7359ad5ab88b7047ef2019f9b05f610dfa75071a81919c5933a4005d780ed11d53d2d28659
CLIENT_HANDSHAKE_TRAFFIC_SECRET 829c421b16df7f355db1532f6370345ca30cd9f5b4598227000769c5df328356 f083690b7cd825e9ba9b6f6ef605094413c9e1c4950f817af5d54837661d777ab6a840fee92066c414528601c016dcb7
SERVER_TRAFFIC_SECRET_0 829c421b16df7f355db1532f6370345ca30cd9f5b4598227000769c5df328356 66b0313dcb95d342274d9226cfc7484fa8de7339ce3723eaa67edc21b7c2029affba5c948cbf22f543e6c4f349999b9f
CLIENT_TRAFFIC_SECRET_0 829c421b16df7f355db1532f6370345ca30cd9f5b4598227000769c5df328356 b6dafb45a20986726ad273777db0af8fa47c6efa25006d3381a36697ba4291358907721c668c4ea82781b1d2ad1bc848
SERVER_HANDSHAKE_TRAFFIC_SECRET 182715077b1fca0d7ec65610dbd2750dcaae266d81358346863f5252896749d1 b22998c3aab2bbf2536754f9761eb8ac34b98d346b86b0cff65c1bf4d19cd07c5b5ff2d9052e5507608216f869723488
CLIENT_HANDSHAKE_TRAFFIC_SECRET 182715077b1fca0d7ec65610dbd2750dcaae266d81358346863f5252896749d1 cf0de50c1bb07c49428d6a6f3223f516ab019fe0a805df7490762af0f08fc8b4a1820af059823ff9b124b16fd50c87e3
SERVER_TRAFFIC_SECRET_0 182715077b1fca0d7ec65610dbd2750dcaae266d81358346863f5252896749d1 7c53a150a96160de8b1b21272ca50cd0f28140c80e1a3836e45eec236736d4ac38dbba3f57a9aac2e481c8a1ab0de74e
CLIENT_TRAFFIC_SECRET_0 182715077b1fca0d7ec65610dbd2750dcaae266d81358346863f5252896749d1 25041b9e85fd6e1750e5473d2de97a0b166d6ec46699e5fb7dd01a0d22de59fc33db62817d0564cf38f834cc9cc52361
SERVER_HANDSHAKE_TRAFFIC_SECRET 1bd4d8a74c03c4305f9f86be6dc1c09ca7b39f42ca142c82610039d62e57e382 8d8b7453401313f89c55b254c7b148c74d555c8f3f14210256465b21fe93a9fac8f9dbecb8f2f459d779b7e9da45effd
CLIENT_HANDSHAKE_TRAFFIC_SECRET 1bd4d8a74c03c4305f9f86be6dc1c09ca7b39f42ca142c82610039d62e57e382 cc1561cb2e7ca7bd8602b019c9e2c1ed802e2d12c0942b1b3465d1f03352d79e33ccb4320a57cb5e2029d39b54a8eab4
SERVER_TRAFFIC_SECRET_0 1bd4d8a74c03c4305f9f86be6dc1c09ca7b39f42ca142c82610039d62e57e382 1abcf897fe24b85e574abb2a964da26fbc8c754b90aa116f60f14413b701be709ffc5ad7d7f9a21e2be9265f278b5669
CLIENT_TRAFFIC_SECRET_0 1bd4d8a74c03c4305f9f86be6dc1c09ca7b39f42ca142c82610039d62e57e382 2a2c6d22866b5b3d59216008acbea9d4ed5336fc7b93d6c8217041ec1281be6b566934569db79499fa51427191bbe089
SERVER_HANDSHAKE_TRAFFIC_SECRET 08ea539de301d5bd021ab3c393445d29e1b8a1cfbeda7a343d667a6c474c7920 45f5fbb32face052fcb3456b4475e5f2458518a5a0964c2cb30e79e7455c007fc030eeb8b5070fcda8ac127c8e211b0c
CLIENT_HANDSHAKE_TRAFFIC_SECRET 08ea539de301d5bd021ab3c393445d29e1b8a1cfbeda7a343d667a6c474c7920 e4c2d8cc91463b86e226162f8fa9f2d1cc711c3a5f50e6881eeee51343a5439f0714f45bb04a9a1410acebdf37007fd2
SERVER_TRAFFIC_SECRET_0 08ea539de301d5bd021ab3c393445d29e1b8a1cfbeda7a343d667a6c474c7920 4c3aa8c4e47835a710400fa3003956aa682fec9c4eca424b662f50375f885bedd17cbb6672f0558ebcb73dd6958fefb0
CLIENT_TRAFFIC_SECRET_0 08ea539de301d5bd021ab3c393445d29e1b8a1cfbeda7a343d667a6c474c7920 2f830d818192c2954abbcb1377c9c4f30a24b92de115cf414940e6050f3533d200cbc9202093cf8e2138cf5cd1c131ec
SERVER_HANDSHAKE_TRAFFIC_SECRET e7366d7d80c274067bc76ffb49c9844a68a379ccdad5aef86188a79bc2130dcd e10b52f19004584298d2a9b3a5f6ae0d29bf13c139314245c112e2a776d26ccceaf341dd83d326d247d6ef3a64ce3935
CLIENT_HANDSHAKE_TRAFFIC_SECRET e7366d7d80c274067bc76ffb49c9844a68a379ccdad5aef86188a79bc2130dcd 1be20a23377c754e706bb373bc41aa74a6ccbb49211888fe26b3fa54c7fc0064565ed787d1a899f34392167f8bbf4d29
SERVER_TRAFFIC_SECRET_0 e7366d7d80c274067bc76ffb49c9844a68a379ccdad5aef86188a79bc2130dcd 785dfd1ae25794d4cd6124c42894660abbd9ecc60db94b0d1623a87f8ed749acdcf1144930a670235b7656f2bad22bc5
CLIENT_TRAFFIC_SECRET_0 e7366d7d80c274067bc76ffb49c9844a68a379ccdad5aef86188a79bc2130dcd 051bbfb47c9e67bc3fa5e0514a573ef9ccbd7f0dede26f47d4695ee308aeed076f5e75bc2e5a217f87289d410dbb1775
SERVER_HANDSHAKE_TRAFFIC_SECRET eb93c92ae4e286a166ceaa3300b9750f3df850290752c87c58ccd439b31e746e 845c0c292499712b46e045edc5a08023b9f17eaa1989d5febd1c351e5110ba6a218537b3820e4e01aeee82f9e1ddfb64
CLIENT_HANDSHAKE_TRAFFIC_SECRET eb93c92ae4e286a166ceaa3300b9750f3df850290752c87c58ccd439b31e746e 17860bb8fb54c930f91227261cc1525a4fcb4df17adb29a93f120db24280269b4dcd7f0317f25447500ec713bd108714
SERVER_TRAFFIC_SECRET_0 eb93c92ae4e286a166ceaa3300b9750f3df850290752c87c58ccd439b31e746e 2a21eb1fa553f238cfb0ec65ce234605745acf914dbe290e393ca738ae2df8966aba74f32c8e149d7665503875cd8eee
CLIENT_TRAFFIC_SECRET_0 eb93c92ae4e286a166ceaa3300b9750f3df850290752c87c58ccd439b31e746e 23c127e00a7787c812fc80f38fe71a018a5c9241c8f2c148c6a240ada0dc4e1a3059b68a798df76d79448e84e0e7390f
SERVER_HANDSHAKE_TRAFFIC_SECRET 9fb5bf3ed44e8d26be0d7a519ab691c0740a80d3c5fa698e3211fc5bb3f7271a b2c25d091d70b8ab089d1aad09494ea0c023033b2e7cb80ca240a2424e3754a17e5973b5434cf3e99d264ce1b2d028e1
CLIENT_HANDSHAKE_TRAFFIC_SECRET 9fb5bf3ed44e8d26be0d7a519ab691c0740a80d3c5fa698e3211fc5bb3f7271a 312bc90e72f0062f963cfa0cd851d2bd6a9f238425d2662cecff11f3a8cd7e34b2a541fc8ff1378e44eeffbfe776c733
SERVER_TRAFFIC_SECRET_0 9fb5bf3ed44e8d26be0d7a519ab691c0740a80d3c5fa698e3211fc5bb3f7271a d69847130e3a3fb0bc2441f91dd84cc237060df3ec6ef2424fd83408258a59035f860e4915964d8c5b6952fc59b4c708
CLIENT_TRAFFIC_SECRET_0 9fb5bf3ed44e8d26be0d7a519ab691c0740a80d3c5fa698e3211fc5bb3f7271a 6bb201e2a9dd1c0d1f4aab6d3755bcefaee011730ca1fd8707dc221872fb5c23337c9581dc05bf0e84d2ff6cde4eda1b
SERVER_HANDSHAKE_TRAFFIC_SECRET 6b57090895a8e68140976d57f7d271c5bf724e1a0a84c41c0bb84de52b17a665 1c48ede127fc4954244b9e1e739b292a037af954e693ebcc22dd54fbbbc1c9f8501de9668c6c48098c0504c9baf53aaa
CLIENT_HANDSHAKE_TRAFFIC_SECRET 6b57090895a8e68140976d57f7d271c5bf724e1a0a84c41c0bb84de52b17a665 55e35163941066de704eedc9be662f6ceca9ee77a0155c5aa6149884d446641f2f706af9cf299f57d83a50240eb50131
SERVER_TRAFFIC_SECRET_0 6b57090895a8e68140976d57f7d271c5bf724e1a0a84c41c0bb84de52b17a665 721ae92df47a76ef87f743967fd8d5d2a22a83c9379ba5abc507f06366a02f9912d13057831f5f7742acc97806fd88a5
CLIENT_TRAFFIC_SECRET_0 6b57090895a8e68140976d57f7d271c5bf724e1a0a84c41c0bb84de52b17a665 4a4ad0688206c4175e9ff1f2edb9a53b80f681bdd73c167a53e7bcc406314e5908a87d1b6e6ea70d66de71e75047ee18
SERVER_HANDSHAKE_TRAFFIC_SECRET 16ffce7c5cfa2e19f9413414b9ed1a6ff421179b5228d6b61ed5584f6e3f320d a9e0472769db14a2c381225ccbda9948391136077da3e8e46ce66c03e891e8e2ca8a63a463f3f11e6f3abaccfc10545d
CLIENT_HANDSHAKE_TRAFFIC_SECRET 16ffce7c5cfa2e19f9413414b9ed1a6ff421179b5228d6b61ed5584f6e3f320d 095cd681f61ffd06c51f4b16b4faa9e8908fbc54228e3d564fcb45e7e943e7c1f8e481e4402dce26782e433447835e6b
SERVER_TRAFFIC_SECRET_0 16ffce7c5cfa2e19f9413414b9ed1a6ff421179b5228d6b61ed5584f6e3f320d 7fb273c0335de1153c0c0631fafdc7662beca2ffc59846a597b5eb1d76cf1f67c79759b1d446bf553be39e5affc74e2a
CLIENT_TRAFFIC_SECRET_0 16ffce7c5cfa2e19f9413414b9ed1a6ff421179b5228d6b61ed5584f6e3f320d a766271e296764b5f8956be4d8faf3d22cba7543f727d8ad448f51d5307819cc8594f9a10b8b8b48600f969f19e778e2
SERVER_HANDSHAKE_TRAFFIC_SECRET 5d57f6765f76caa1f844466bdfbd8db62a9b4ea2d7eeb80eabb563579839e957 00398629c6b74a77a275c895b4c1ac3c84a56c68a587c10682120722dfaaec45b79a5a19e095973228cc93b031db90ba
CLIENT_HANDSHAKE_TRAFFIC_SECRET 5d57f6765f76caa1f844466bdfbd8db62a9b4ea2d7eeb80eabb563579839e957 0e371a752723c9cdd18672443ff179b6bf81e89a50c98e224b4e506fc3396f4a1e5a3a76863cfbb6eaa14bd5971f03d9
SERVER_TRAFFIC_SECRET_0 5d57f6765f76caa1f844466bdfbd8db62a9b4ea2d7eeb80eabb563579839e957 474fd58a23a994fc3671ea4646609d9d7e2eca498a0c553a1794785d27a7f9046c3fbf4f0ab487d15b0219be19bc9410
CLIENT_TRAFFIC_SECRET_0 5d57f6765f76caa1f844466bdfbd8db62a9b4ea2d7eeb80eabb563579839e957 271f6e627a5886066ba7b8fe3085d1fe8a108ebc059fe8a1dcec19afa95d3338e1d1912cf799d1dd0b7af9f36033d732
SERVER_HANDSHAKE_TRAFFIC_SECRET 9eccb00a464ad2531c32aba50d4cfdffd5d8d0e594342f2b736b934777fa282f 0b4115de10979ff5cab80e559199642329a05b39fc064a78df9543c3542e4e019d1b4191572f4c75dc11e9293835d9ec
CLIENT_HANDSHAKE_TRAFFIC_SECRET 9eccb00a464ad2531c32aba50d4cfdffd5d8d0e594342f2b736b934777fa282f d18feaf04a5cd879a5224f6d357f3a437843b077169e9a47e7ed00314b7a99626be646ec589c1a0e415b85da6d81fbed
SERVER_TRAFFIC_SECRET_0 9eccb00a464ad2531c32aba50d4cfdffd5d8d0e594342f2b736b934777fa282f ce06a300fe8e0a73a33ac5f57fc503e3b30a39fd865cc787d951c34a05bdd1c5ad78b75565ca1faabbb8dc47dce4da5f
CLIENT_TRAFFIC_SECRET_0 9eccb00a464ad2531c32aba50d4cfdffd5d8d0e594342f2b736b934777fa282f 848757d69f67c60fb1367d1547047e7da819bae57e53cbcb352096d937452cef0564b5e736d9f33a736d5dbbdc57c7d5
SERVER_HANDSHAKE_TRAFFIC_SECRET 2213a3d63f17101dd8e530d11eb32ca2e8f579d6ebda02fac5321e774d311273 7bd98f905c4b201a95b252d809561b9a97e217b59404e4faab9d395499167cb6cb4dda59e58e1fa8e13f7c93947bbd46
CLIENT_HANDSHAKE_TRAFFIC_SECRET 2213a3d63f17101dd8e530d11eb32ca2e8f579d6ebda02fac5321e774d311273 eff864943c4adb6c16de664232fa1330435c79e80905ccf8ed553c1e35774599f07a5fab713aaa49ce570c44699255be
SERVER_TRAFFIC_SECRET_0 2213a3d63f17101dd8e530d11eb32ca2e8f579d6ebda02fac5321e774d311273 62b1c523ffb8f0c2c45ab7a0abfb7fdf968bb7cecd71cb21577f765d557ce651ec8c174d462bc4f1587f52e69d7cef2e
CLIENT_TRAFFIC_SECRET_0 2213a3d63f17101dd8e530d11eb32ca2e8f579d6ebda02fac5321e774d311273 5ba09f65fd709ad5a3cc58fb2881c6ba9afb65445be8a09770c188b5bbde1d719124a455957b2f60c4fbef28f7111abd
SERVER_HANDSHAKE_TRAFFIC_SECRET 719e4a77034852c265259b81a03544f275f2b178534447452e4a8f42d7858a74 00d399f675cb3c765e19a7a2128c9f91f9be4fc63117d29fe719b086effc850c1f7f7de23f9778a9e5f848a8a5113618
CLIENT_HANDSHAKE_TRAFFIC_SECRET 719e4a77034852c265259b81a03544f275f2b178534447452e4a8f42d7858a74 a6c890e3be4ad1836082f6613ba7603e791d5b3faf6da2dba9672a7f6ccaf0892a136fb4b663b5b2ab76a396f7aca2d6
SERVER_TRAFFIC_SECRET_0 719e4a77034852c265259b81a03544f275f2b178534447452e4a8f42d7858a74 f463b79de2483b2c4e0add76f6535ea453e47954bc0c01f56be4f393d631a12e1c96ea870f9519c033f6371b98a67c91
CLIENT_TRAFFIC_SECRET_0 719e4a77034852c265259b81a03544f275f2b178534447452e4a8f42d7858a74 736fd4020921830e310b6d554d9ead73369a87985cbfc6f07e7cf6f20aa44b0f3c9397ea53d8e7bf7d895e6083d6f0e7
SERVER_HANDSHAKE_TRAFFIC_SECRET c316951db64982fb637cb09ce8a0743aefaf91721fa968aae15afb8e7c28e874 0ec7a6b9413b0e324b99af50341cd52545659fdd079c8037fa4d9bb7281c1187a2b5fb948a2a15311511c23c2ad1fe60
CLIENT_HANDSHAKE_TRAFFIC_SECRET c316951db64982fb637cb09ce8a0743aefaf91721fa968aae15afb8e7c28e874 a9f3db8c1003b2b0aba8bb3441723a5da95adffe9793f1ad607f80ad491eecaccad2031758920849fac830a09f0872e6
SERVER_TRAFFIC_SECRET_0 c316951db64982fb637cb09ce8a0743aefaf91721fa968aae15afb8e7c28e874 db74e8c2f4aa4830e7b2ba9353523e099d4d5a52004675b11985302fa9ac9e2040b4fadf84c0b3da0f2917b8dfe9c1b2
CLIENT_TRAFFIC_SECRET_0 c316951db64982fb637cb09ce8a0743aefaf91721fa968aae15afb8e7c28e874 92e835ae87451f3f2aa39f079a4166058902e3be5af7b03c4cfacdf5eb04d33bdac23f1abe6a7d0ed36d53c5c67369ba
SERVER_HANDSHAKE_TRAFFIC_SECRET 387870421d212c54fdb0c818b13945f7639b50adcff084cd4a905fb4188446de 609f4775cc4e6b0c06db0fef11601ad16b9c5077e383f025e676e8cebd2cdac2504a79c762afa1bfbd1fd3d80c3e928c
CLIENT_HANDSHAKE_TRAFFIC_SECRET 387870421d212c54fdb0c818b13945f7639b50adcff084cd4a905fb4188446de 8575da1bf2f4eb6cd5fe97fc63d00ff0f1ebd9e84c3ba453d31c8c0f2f8480b55318af69ee64ff1e19a8bbe3a36b14e8
SERVER_TRAFFIC_SECRET_0 387870421d212c54fdb0c818b13945f7639b50adcff084cd4a905fb4188446de 2e40cb09668716e82f6f97e43fd39f6ac2af444010b5e9e5a84e02fc61c70e0e714d36aff6c7fa37ccca74f6638371eb
CLIENT_TRAFFIC_SECRET_0 387870421d212c54fdb0c818b13945f7639b50adcff084cd4a905fb4188446de 9ad22c347f394e48f6382d9460f215d04e0d3f5696461396ffd22ab3be0ed63c9547b96feb34bdf2776e5d27745eec70
SERVER_HANDSHAKE_TRAFFIC_SECRET a3a6940476c1df000a23bb0b4bc9332cc93b650ef330ea43e6b913d411d44d45 6db4a1ad930248da66d5d1a290b27be741f01743149b3d50bf3ab524790166108b88e210689ffacc168203f7deca2c65
CLIENT_HANDSHAKE_TRAFFIC_SECRET a3a6940476c1df000a23bb0b4bc9332cc93b650ef330ea43e6b913d411d44d45 53ced74927a676d2a26b4610c7ba484284a99133c08f1f6444efb013e5ef86f46ffbbe5908aac58fb9e5c35cb086f61e
SERVER_TRAFFIC_SECRET_0 a3a6940476c1df000a23bb0b4bc9332cc93b650ef330ea43e6b913d411d44d45 7c9a6db5d4cb7a130adc3eec85d29221b94ae15c8e57590cad49598a1b4ee4a6ab104487d54242a79b32a61d2838c9b6
CLIENT_TRAFFIC_SECRET_0 a3a6940476c1df000a23bb0b4bc9332cc93b650ef330ea43e6b913d411d44d45 6887840c8e54ba5a26756ce0d6e6381b818c23b66323f8f78d092cf062285579a40c8f4053ae55e89ef4b8986846e3c0
SERVER_HANDSHAKE_TRAFFIC_SECRET 43aa0ffc76cf0e2a99e66200c1715d1602d204962c3761d801488b8212dca4d1 03ae9318005286f70c0951ce53b1091c01a05aa4dabbefca3bad8b429db6f0811eaa4aa2f92dc153ceb01dc7cbd13322
CLIENT_HANDSHAKE_TRAFFIC_SECRET 43aa0ffc76cf0e2a99e66200c1715d1602d204962c3761d801488b8212dca4d1 69ce578342d2e0c467f3087730e8d5d6df686b8a8c927e5169426a36166300fb05358d1f5b6f9fafd2fd2181755c11fb
SERVER_TRAFFIC_SECRET_0 43aa0ffc76cf0e2a99e66200c1715d1602d204962c3761d801488b8212dca4d1 89cfc307170359acc38184f8dfe727e1a9e08db7844264da0a9d0d23d0812ff8dd3447af0f415d19a72ed656e1a143f4
CLIENT_TRAFFIC_SECRET_0 43aa0ffc76cf0e2a99e66200c1715d1602d204962c3761d801488b8212dca4d1 4bf64939d57126e77b75a814d9c100040d0974b35afdea72c6b51956096bc211f0f641e984c642635449eec46099c27e
SERVER_HANDSHAKE_TRAFFIC_SECRET a7bcba8fcb39104a3a21c5ac178410df9a0d27e32d07efa26ec9e3e176326c80 bb32c30c8679f6a4bb966dbe7950944e8ec225bce770e6d2d8a23396478cadc5570a9884825072cf3f64e0e510e10c07
CLIENT_HANDSHAKE_TRAFFIC_SECRET a7bcba8fcb39104a3a21c5ac178410df9a0d27e32d07efa26ec9e3e176326c80 eb4c2a2e559d428b33ebc548cab0ff423c3ab0a01f45759cb65818e8ef974fda74a687a1d8e8e507cb337ee9993672c0
SERVER_TRAFFIC_SECRET_0 a7bcba8fcb39104a3a21c5ac178410df9a0d27e32d07efa26ec9e3e176326c80 0f9060f8e9ac9256f0407dbd1afe2445acdffb1e0471b9732e52abb85659626e3c236a86124eb44fad4f01f459383c26
CLIENT_TRAFFIC_SECRET_0 a7bcba8fcb39104a3a21c5ac178410df9a0d27e32d07efa26ec9e3e176326c80 9e401e97c6a41e2d6f30bbcd25cae1fbd18eb9d3284b3b4a5c98cfc35305a14b63021eef1a268db53b808644fb3d5251
SERVER_HANDSHAKE_TRAFFIC_SECRET 03cefc91feb46c7b42afc9b111780cbc630429bf10db34d306f30fe86b380d5b 76ba9f0a2e08c81fea142f1c4c69ab285f269f9c73638c9736a9d7d23967fa3070ff54aec2b0417e6fab81d15048e5cc
CLIENT_HANDSHAKE_TRAFFIC_SECRET 03cefc91feb46c7b42afc9b111780cbc630429bf10db34d306f30fe86b380d5b 96486ec0fbbcaa117587d2c6d03e81f6ef314342a09830aec2448ac772ca2778065731e85c358d5fc1e0dc22525fbe6e
SERVER_TRAFFIC_SECRET_0 03cefc91feb46c7b42afc9b111780cbc630429bf10db34d306f30fe86b380d5b b662e92dadb9948681aee0adf733d796adb56c0e82e860b13d918c51ab6a1861a42d5cd90a754c9d3e0bcf1ed1177893
CLIENT_TRAFFIC_SECRET_0 03cefc91feb46c7b42afc9b111780cbc630429bf10db34d306f30fe86b380d5b f2aca0f54629a5d18df0ff5761265164fb3380a57ad8ef970cc1af3c7fa4aa74276c16894887ff45a4289e81a25f132e
SERVER_HANDSHAKE_TRAFFIC_SECRET 566c3eecf0694ef49a01fc3fe8afeba3dd8893371dad25291d09c538f6e15cf4 ce5cbb8153206ca239a076f729246e7a0cd326886bf29f5b3b095eac6e8462aa1092046e8772ab94fe226a2e3ccfe849
CLIENT_HANDSHAKE_TRAFFIC_SECRET 566c3eecf0694ef49a01fc3fe8afeba3dd8893371dad25291d09c538f6e15cf4 e52640339a98a426458a5d59f51f24d8473eea52ca785b7f80181d68ba4088b2aae2677aa57f53517679007fe594cf5d
SERVER_TRAFFIC_SECRET_0 566c3eecf0694ef49a01fc3fe8afeba3dd8893371dad25291d09c538f6e15cf4 ce289722db7c379b6535a7d9261d60081f0147785ac57603930c15c170bcf6f7faefa6fa8bc9e41f16453fff7da3ad2a
CLIENT_TRAFFIC_SECRET_0 566c3eecf0694ef49a01fc3fe8afeba3dd8893371dad25291d09c538f6e15cf4 c23d71583cd2200fa18af8af3b8722664417cb7f316a14bedf5fc19022662b057ee34dcce7c420ac60a5fd25869e624c
SERVER_HANDSHAKE_TRAFFIC_SECRET 009fb0e175d86b3fcdc9b8dffd46bbf0dfbd867470bd7add23f83293ba363f7c c798bc443e1c9c4e8e0c15e17901a9f39de89e6d09eeeb0e43122c558ccfb49e41e9efd4633e5a5eaa6482bbf03c5fa3
CLIENT_HANDSHAKE_TRAFFIC_SECRET 009fb0e175d86b3fcdc9b8dffd46bbf0dfbd867470bd7add23f83293ba363f7c b1a28b2c4d7685bbd5dbfcb2d7386185ee8c13228216d2706af8c6baae11cb16708997afb11d57995e1af2cb0bd6cf71
SERVER_TRAFFIC_SECRET_0 009fb0e175d86b3fcdc9b8dffd46bbf0dfbd867470bd7add23f83293ba363f7c 5bb0e585affb60c7cadc3f50c0d43cb07e04dd1eb06f58ee4a94c11bc8abaceafd50e34df190502c2a0122d7181af9e5
CLIENT_TRAFFIC_SECRET_0 009fb0e175d86b3fcdc9b8dffd46bbf0dfbd867470bd7add23f83293ba363f7c ac99ec57fe5e21ceb909b3dd2b7c395df67005387e303388ae70edc2b43f60ce6af41a3804caf057e897379f28b0103b
SERVER_HANDSHAKE_TRAFFIC_SECRET e1e06bdc3cf22b49ab4483892b7facc99f6f6c75ccd4be9130e5d6769662b0be 120e57f870cbeb674aa5a162ab687990dab81ffd7198293177ae2a1cc86bf11cdde54999d6485ad247c5ea433dabce75
CLIENT_HANDSHAKE_TRAFFIC_SECRET e1e06bdc3cf22b49ab4483892b7facc99f6f6c75ccd4be9130e5d6769662b0be a3f2c3b8d78c4854f52dab562042dfe4a67a99472cf134c9fea5f78d01d992a715e3305274f2600177d81f15d3b54cec
SERVER_TRAFFIC_SECRET_0 e1e06bdc3cf22b49ab4483892b7facc99f6f6c75ccd4be9130e5d6769662b0be 658fbb77e3edb462c4ed26278ae0c21745f07937c3caaa1d49dcf30c02bc418e0751229928b5fe20810c0b87e78e487e
CLIENT_TRAFFIC_SECRET_0 e1e06bdc3cf22b49ab4483892b7facc99f6f6c75ccd4be9130e5d6769662b0be 22d63b4272a661acf357301850a1bcb5505ff99d589afface09725012452753d6df966d9acc13c2be8be87bbe2177fb1
SERVER_HANDSHAKE_TRAFFIC_SECRET ef66b6151d2aa781fe4b2b1a98e553876bd563f31ace6c32f49fd5f0ccc96b25 45a03e3cd06a22b6cbdd268e5fb4fc2a50836fb5cdf5adecfd915ef1f2172eee2c545f4d78c7b605de90837602102437
CLIENT_HANDSHAKE_TRAFFIC_SECRET ef66b6151d2aa781fe4b2b1a98e553876bd563f31ace6c32f49fd5f0ccc96b25 a5382e84a33c7101b4616691a0a740079d11d400a89d0e04377f15523660096e2a592f2ce772332fb034b92edf5b2814
SERVER_TRAFFIC_SECRET_0 ef66b6151d2aa781fe4b2b1a98e553876bd563f31ace6c32f49fd5f0ccc96b25 94fded9a38f34f3f6bebb3c61a9af6cb156e4aee91afe1fe2b1b53651c750502e74c57eb23c3a10de2e1e861ad9ec247
CLIENT_TRAFFIC_SECRET_0 ef66b6151d2aa781fe4b2b1a98e553876bd563f31ace6c32f49fd5f0ccc96b25 9d5fcb10ab2b06f784fd90552308291f8374f9c82ca646b794c6f46ff07d5606ebab7a97a8cbe149c9a793544d22d114
SERVER_HANDSHAKE_TRAFFIC_SECRET f3fc5d7e9349f284ef8987915af70c7efbc222507fc127b46f43c112b2dc89a7 a0063778e5c4a405a1332216f359ad899492ad37d541a47ce6a9ab5b4f3e86c647f0cbf12005fdc5b94e0954b7122eaf
CLIENT_HANDSHAKE_TRAFFIC_SECRET f3fc5d7e9349f284ef8987915af70c7efbc222507fc127b46f43c112b2dc89a7 5cb00fbd652f045a762ac1405d3de4f03959a30ff418a790ae2c6c7466cd5de7f819ebb3ca603831bd15db3e323378e1
SERVER_TRAFFIC_SECRET_0 f3fc5d7e9349f284ef8987915af70c7efbc222507fc127b46f43c112b2dc89a7 acb2ee0699b24441dcdb404e96a0e3a543ae6a528f16e08e4bd3d09588ce6d8d5172efb05728b2364530ec5cd7d12ec5
CLIENT_TRAFFIC_SECRET_0 f3fc5d7e9349f284ef8987915af70c7efbc222507fc127b46f43c112b2dc89a7 8434da5a53216b170d1eeaad150df4fa7d8dc72227457cad957de886c00180e166879fbb54c47d1f6951f67f97deaf53
SERVER_HANDSHAKE_TRAFFIC_SECRET f6f97f2da2d35b5a4eeae5170b16b5ecb11aceb209eec158e0d3ec6691652432 0e5f67563e009a7e1ecc3c21a2aad30195a7ed6439645d15aba9f70e1da7a6ad6d7d07174e763e9ed4e52f7a9bf1cd38
CLIENT_HANDSHAKE_TRAFFIC_SECRET f6f97f2da2d35b5a4eeae5170b16b5ecb11aceb209eec158e0d3ec6691652432 da66d3ee645f3a822de062af37d09e84182a501e1822c322a508225a72ce8568030bb6eaa301f7f3ffa6600b5af7dc32
SERVER_TRAFFIC_SECRET_0 f6f97f2da2d35b5a4eeae5170b16b5ecb11aceb209eec158e0d3ec6691652432 0e479b4c777d7f0389d12f090f86154087d22719199d2f7c23125151c276be58462d50b306bb6a039a0b9b7e1068ccd9
CLIENT_TRAFFIC_SECRET_0 f6f97f2da2d35b5a4eeae5170b16b5ecb11aceb209eec158e0d3ec6691652432 88e3f704127521b5088bfae23d438687e6b59cbfeaf2fc9dd67ea72183f6b543f399aa15ec65de5ac06cccd67aea26e2
SERVER_HANDSHAKE_TRAFFIC_SECRET cc4ea8fb758ff02ba1872122609cf93c16233fc96fc7776b9b0154d4ed7c93dd 17af88ccb4807b19f006cb5c4e47b0a8996142570e1b02deffc4ff1bcef0bc2a95ff2424221ac69100ef846d125573a9
CLIENT_HANDSHAKE_TRAFFIC_SECRET cc4ea8fb758ff02ba1872122609cf93c16233fc96fc7776b9b0154d4ed7c93dd 338330f918cc51f9d7277b288f0368afe0eda85e5a26917aed1c046d732f1a840f86261b3ad782bfe644ce382dd9abed
SERVER_TRAFFIC_SECRET_0 cc4ea8fb758ff02ba1872122609cf93c16233fc96fc7776b9b0154d4ed7c93dd 4f63b70929e7bef2822929725dcb90186f92fe374ded59017e7944d63e05052726ef7a8970a76095624acf9d621079ac
CLIENT_TRAFFIC_SECRET_0 cc4ea8fb758ff02ba1872122609cf93c16233fc96fc7776b9b0154d4ed7c93dd 245cb1a3e5cb687a9b3046d0c8f77a3b49e4835fbdaeecf0b83d520872833bc540be17d29de79d212acfd8014e0f365f
SERVER_HANDSHAKE_TRAFFIC_SECRET 4880f9813a225d8c893aaa1487cf8660589fa3c86fece6d0deb018d2d7d77303 b85d52e5fc96ddedd86b8f82410c3d166f567304d5bd8744f9a11769551ac3a2b182135183f69d0b2ae32fc2d181ebef
CLIENT_HANDSHAKE_TRAFFIC_SECRET 4880f9813a225d8c893aaa1487cf8660589fa3c86fece6d0deb018d2d7d77303 ce36d3378cdf3c2d7c05277fb7258519d768934d3a41b88654c14a5398130c2a4b59422cd1760ba8279f36f292d28a94
SERVER_TRAFFIC_SECRET_0 4880f9813a225d8c893aaa1487cf8660589fa3c86fece6d0deb018d2d7d77303 86c3957cb8a678488fec8b5a24151464fea9f176a6dcabde80ce7c360e9955fce214553445e15225aa61be9439b50130
CLIENT_TRAFFIC_SECRET_0 4880f9813a225d8c893aaa1487cf8660589fa3c86fece6d0deb018d2d7d77303 5ed4945b73a59a02378dd3ae1234a460be2eea372ef9039e4f834b7093966e9ebf9c9234a9015faa3a62d1ba8546a5ee
SERVER_HANDSHAKE_TRAFFIC_SECRET 9347d44470a2f8d81d722b5e7edf5d565edcc7c090b8d8c49252f802ba4c6eb7 127870f05e1761c5aa73679ce886ac972810f98649231e4f8eb994c047a36a84927662fd704600845d1bf54718bc7729
CLIENT_HANDSHAKE_TRAFFIC_SECRET 9347d44470a2f8d81d722b5e7edf5d565edcc7c090b8d8c49252f802ba4c6eb7 127917ede139dbc6fda4689864d6e987f99f8bb5d273cf8d4590fea288294c338f87484433de16bde33bf4d04b283521
SERVER_TRAFFIC_SECRET_0 9347d44470a2f8d81d722b5e7edf5d565edcc7c090b8d8c49252f802ba4c6eb7 a3a27105589ec399c346767254404000df2fd67b0d3e28dfe8acaeaf6b7b89b20dd9eb9de8d3beceb3a35751a13bf806
CLIENT_TRAFFIC_SECRET_0 9347d44470a2f8d81d722b5e7edf5d565edcc7c090b8d8c49252f802ba4c6eb7 048a029715c8924172cd66fc6f6f1dbb8193162ecd87a2c17a4c3fc15570667919f15002da556531b8b97b424fdfda4f
SERVER_HANDSHAKE_TRAFFIC_SECRET acba511e47099fde5de424e712b44c5747f88994cda5642d961c48bca00b7331 1cc1497efadf7ed54386c8ac171d2d99e93bd55ae350488c1cabcd7b5615d3d3836907e039b58e67b73332aee873e1c0
CLIENT_HANDSHAKE_TRAFFIC_SECRET acba511e47099fde5de424e712b44c5747f88994cda5642d961c48bca00b7331 7b3b66507ad7e6f1ce51b09114ff13219d772824ca32f7327be5c0aba3fbfeda3016aba1491a59990d0cf75b54af03e5
SERVER_TRAFFIC_SECRET_0 acba511e47099fde5de424e712b44c5747f88994cda5642d961c48bca00b7331 a3a24ceb1433fc56be1ea8e23f5a25e5c67185a98f1d6d78cfbd80c503373906f805ade04530e214cbcc0f375ff8e632
CLIENT_TRAFFIC_SECRET_0 acba511e47099fde5de424e712b44c5747f88994cda5642d961c48bca00b7331 10dc80c40c3dbd221f0e6a16a5222dce4b27b7168d074d9debb07d5f413276d29406a10728902572b1dc180b873fa079
SERVER_HANDSHAKE_TRAFFIC_SECRET dd1ccaa10bdd53063dd0f8ffc45c6ce48b833cbb41eea73e2658059759620491 9651dbca06320bdd4001ab378977d9514c58002b09fb30807abd2b156a33d1afd7c078f286567d356b8e2c882fd56c2c
CLIENT_HANDSHAKE_TRAFFIC_SECRET dd1ccaa10bdd53063dd0f8ffc45c6ce48b833cbb41eea73e2658059759620491 4afa7efe04e166911465ca760f76c6d7515655a89853e024a4b7949288dda5717b7a8583d7ca603f802b9bdb506d4280
SERVER_TRAFFIC_SECRET_0 dd1ccaa10bdd53063dd0f8ffc45c6ce48b833cbb41eea73e2658059759620491 7f59203e560c2a212cd0641f0d01dd76f36f3273298e4d329bd2a78ab0e214962ed9f48961497a2a4800832af85b9ae5
CLIENT_TRAFFIC_SECRET_0 dd1ccaa10bdd53063dd0f8ffc45c6ce48b833cbb41eea73e2658059759620491 090aa89bed094abcf4651e5ef8133ec5738a71fb3316740a89581a5538b6df0743d6a376523ad8ca267ffa29ebdf7392
SERVER_HANDSHAKE_TRAFFIC_SECRET 935f705d886d1e1cbac82c37d25b11b7cf69848329861d0c6ca96fdb3e6303d8 1a4567e9a02f0956ebe1bdaeebb46ef79c7dab166784db7971e50f20041b7a4773aea00d966eaf830ce0d1761413bfe0
CLIENT_HANDSHAKE_TRAFFIC_SECRET 935f705d886d1e1cbac82c37d25b11b7cf69848329861d0c6ca96fdb3e6303d8 be2aa37c7b8147438461e68954fdcfbcc4634653fafa9024db2ad59c2f7482130f8e54fb9d84e44f53222af8dc19f3b3
SERVER_TRAFFIC_SECRET_0 935f705d886d1e1cbac82c37d25b11b7cf69848329861d0c6ca96fdb3e6303d8 4ebfb00fa34adf74d8fcb84d21e2b38f4dfeed7ccbd903cb5a9b295b6d2c92347394c5c2a4d9b514db4b960da2561baf
CLIENT_TRAFFIC_SECRET_0 935f705d886d1e1cbac82c37d25b11b7cf69848329861d0c6ca96fdb3e6303d8 99a5fd0b4d11b8553e020f36ada043115ee5cf439843da2ef061b36fdb477e680556bad6f41631fe6ef4daf3b5e7172a
SERVER_HANDSHAKE_TRAFFIC_SECRET f862b4c96db1532e5ed098859f776d8103f42d8bc6544606cb122b8d5c795bc0 041e3c2aafa25924b416b955fcd67e2f97f52363e82b06c885877865d6e9b995b3bc3384962bae6a2f9ead4cfe7fc8ec
CLIENT_HANDSHAKE_TRAFFIC_SECRET f862b4c96db1532e5ed098859f776d8103f42d8bc6544606cb122b8d5c795bc0 2b044a7ea2fd92c62e4af8ae2649e1707855193b613b6858249e05398dd46d2ffed9452d9687c3aea01bf8afabbb77a4
SERVER_TRAFFIC_SECRET_0 f862b4c96db1532e5ed098859f776d8103f42d8bc6544606cb122b8d5c795bc0 52818f467f1b95cc402e10841f757ee7de3533dca6922261ee57b97dcb0bd9279c6c4ce66fa03e7d287c0fe317a0e7d5
CLIENT_TRAFFIC_SECRET_0 f862b4c96db1532e5ed098859f776d8103f42d8bc6544606cb122b8d5c795bc0 f45457947e915b1fbb2c12a7f3f6e43b423ad0ba9f8997df03421c805308bbb3c3aeedca3145614eb11b57cdb6276420
SERVER_HANDSHAKE_TRAFFIC_SECRET 668bf327ecc475668af7198ddbc65a6a9dc55b7fcc66f217562601d8151629f1 a1f0564b01e5bd8cc943ebfa107695cf1390ef38921e46b20b8a21bc1d1c15e6a5005defb96d29108e07118f8452ada9
CLIENT_HANDSHAKE_TRAFFIC_SECRET 668bf327ecc475668af7198ddbc65a6a9dc55b7fcc66f217562601d8151629f1 06cd2a6fe5eca4a5d09f25ccdcc5de104fd26e3dd59191116f2948d61b7b355e518e8b72817f4db0e8d9b43ebed0dad1
SERVER_TRAFFIC_SECRET_0 668bf327ecc475668af7198ddbc65a6a9dc55b7fcc66f217562601d8151629f1 914be1b4331e921f0ee9bc43327574d2cb2ceb93e43c7d5b7914fb322f44da3c9f64ed420db0b7aa2dac8e3a79167080
CLIENT_TRAFFIC_SECRET_0 668bf327ecc475668af7198ddbc65a6a9dc55b7fcc66f217562601d8151629f1 141d6097c1a4238fb80149e6fba172bd2eef6fd7f161713512ad6189a1e1e9c3194c20b246862ed86660061652a496d1
SERVER_HANDSHAKE_TRAFFIC_SECRET 4d70174775c41be1f1b3ea3181c73495e402d36029e0bb2196ad7b1f5a0af301 392451a98da807526d0ee752a59cc317741ee21bf9139b7e511e247a3e1fc4714b10549314640f55cfeb9bd880586f1f
CLIENT_HANDSHAKE_TRAFFIC_SECRET 4d70174775c41be1f1b3ea3181c73495e402d36029e0bb2196ad7b1f5a0af301 f79b6dd5dc6a5ca6e128284b226866e3d4a016c36549df2bbcda270dc2e6ed85e8caaddee897ca02b9c64c549fff657b
SERVER_TRAFFIC_SECRET_0 4d70174775c41be1f1b3ea3181c73495e402d36029e0bb2196ad7b1f5a0af301 93f00e49dea764f88142ef4e8eb9756fd5b71cdd7821d8d0e7587110ed029dd2d55f78d2f985532ef12675cd51d91e9b
CLIENT_TRAFFIC_SECRET_0 4d70174775c41be1f1b3ea3181c73495e402d36029e0bb2196ad7b1f5a0af301 9323c38d5610544ce87a64777c75c50155708027552f768c12016a240afa8fc43223482538652109b4e715edc58b095f
SERVER_HANDSHAKE_TRAFFIC_SECRET 6cf321ec1bf3aede76c35dd0a9d9ca0acc6d739c118040d4d5497bbe2b83fc3f b13e71be5f06a55c8071d3f1027c068d7c1a24a9e64a4748c2debd2b9aee35a0365bed83e72f45b7ef319b388f68b8d8
CLIENT_HANDSHAKE_TRAFFIC_SECRET 6cf321ec1bf3aede76c35dd0a9d9ca0acc6d739c118040d4d5497bbe2b83fc3f 7b0d537259644ca6f30cfc4f55bd7c67b984b8ef001495f62622a0ea27ce4d7c5e2493063434507a7c6da7e6a3d925c7
SERVER_TRAFFIC_SECRET_0 6cf321ec1bf3aede76c35dd0a9d9ca0acc6d739c118040d4d5497bbe2b83fc3f af9cdd352b28d795763e83e0e1415a50ba7fc22838586d720a70b96a955c1ea3193ba810f5e46768c853d21b5b2416f0
CLIENT_TRAFFIC_SECRET_0 6cf321ec1bf3aede76c35dd0a9d9ca0acc6d739c118040d4d5497bbe2b83fc3f 15c514c07f8e4f4d3cfe3adb4ba5de5ea7d4c89e35b4c5fd89886f0fb69301d84b564028592b10cb26ff70cedbbe803f
SERVER_HANDSHAKE_TRAFFIC_SECRET 5cc898076a0f8c2d2fa2a4e853baef2115b6865d171cf251bb5276294baf12ad 92fed935ffee7502fe6e677ee3e28f95766407e10c1c718559a972e5aa734db59996437fac27b1128c9161f38a5a6547
CLIENT_HANDSHAKE_TRAFFIC_SECRET 5cc898076a0f8c2d2fa2a4e853baef2115b6865d171cf251bb5276294baf12ad 764d75fdff232b4eee4c33c6ad7f18a8d50fd302d366990394c8615fd1fc9aef67a2ea20cd04f119a92f6e2f49399358
SERVER_TRAFFIC_SECRET_0 5cc898076a0f8c2d2fa2a4e853baef2115b6865d171cf251bb5276294baf12ad 15560969a2a03cb160ac7739e8e5c3626f3eea343ec77a42e3deb5c40f6c76c6353f6f76fb6afb731c3767abfd41dd6d
CLIENT_TRAFFIC_SECRET_0 5cc898076a0f8c2d2fa2a4e853baef2115b6865d171cf251bb5276294baf12ad 09cc597bb242d822cbc18b757a063a096ab4a71213254dfaebcf2bcca5213126944566e2e507da7d14e0981420cf56db
SERVER_HANDSHAKE_TRAFFIC_SECRET d36a5f16baa4815cbc0fbeb98eb2fa1229cc1a0fe2087dc27c93ccdddac0023e 3e44a74a3dd62dac5f43d81f77b7231a53723be937ef097891be63bed6b2879b0ae2a0835cc876f3c7b780f0c38eeb7c
CLIENT_HANDSHAKE_TRAFFIC_SECRET d36a5f16baa4815cbc0fbeb98eb2fa1229cc1a0fe2087dc27c93ccdddac0023e 1497c31ce713898ff4efe4195079e62879874444f5f8ab3d7d10adecd47ac9791efb59813a5b6ecdfe56e2543b141011
SERVER_TRAFFIC_SECRET_0 d36a5f16baa4815cbc0fbeb98eb2fa1229cc1a0fe2087dc27c93ccdddac0023e 04bbbc3e8a470a1ba2f607c4c186b2795d6dcad80e861e07df8db6464e4f338167b69f67dbb747e821e62b4f09866708
CLIENT_TRAFFIC_SECRET_0 d36a5f16baa4815cbc0fbeb98eb2fa1229cc1a0fe2087dc27c93ccdddac0023e 17581490c199573f15e86c1e4126c8d792f6a5c7d413bd442d90f6ad4bda4ee836916db2800e422c5e2ba23b59b31fb1
SERVER_HANDSHAKE_TRAFFIC_SECRET 11162a67159c18c3692cf990255c9062716e83c2bbc81be7bb7fe60c29061934 55d0e2f6c2b0fde9d9c0f88306ed50f3300ab7dd09a00412169e4855eb8944fc9000d0da7ac9b6783fa68933fe6f13a9
CLIENT_HANDSHAKE_TRAFFIC_SECRET 11162a67159c18c3692cf990255c9062716e83c2bbc81be7bb7fe60c29061934 e7a6a4bd096015dc04ebdcfc4b9c66e113cd6b61250f0a44aa45bc91fab628544072126e5067df7adb5c842b3a7cf741
SERVER_TRAFFIC_SECRET_0 11162a67159c18c3692cf990255c9062716e83c2bbc81be7bb7fe60c29061934 210f6151e51707ef847d703349132578833c4e27d54ab981d0a3a16b72a05ae5b14e76324e2f630882833b24cfb8da59
CLIENT_TRAFFIC_SECRET_0 11162a67159c18c3692cf990255c9062716e83c2bbc81be7bb7fe60c29061934 4c2963847df7f2b0bf9fa44be40c739b2eff4dc4a12395b36585daa2576d266f8aae5ea358a0dd91d168075821ac6917
SERVER_HANDSHAKE_TRAFFIC_SECRET 30fa455b879657a75fd4671027488d7dc531294a555d1aa50357306781abcf6b 64ae2e3f0a18d269a4b72c57dd9cfbf273aaf914fccc878d4ec75ca3c50a650dfd9ba0bd021039d83d7388c1f61d3964
CLIENT_HANDSHAKE_TRAFFIC_SECRET 30fa455b879657a75fd4671027488d7dc531294a555d1aa50357306781abcf6b 65a9c5fa1c53d45201b81c1523eccf11a800d05733dd2447f915d4c992f3b5d2fb79d834750b675f121be8beab9fd2ac
SERVER_TRAFFIC_SECRET_0 30fa455b879657a75fd4671027488d7dc531294a555d1aa50357306781abcf6b 1a8c287cbc477b93ef8d0cfffba2fbfecf762a577752866c300567ff3c26c809b1ccbf78cc46088ca2d5e3455da7125f
CLIENT_TRAFFIC_SECRET_0 30fa455b879657a75fd4671027488d7dc531294a555d1aa50357306781abcf6b d765d7753af5515aecd0efa43626fad975c9f59199f1db7761fc6def4e79de4c6423be4d376bfaa1cc9d68e0934ade0b
SERVER_HANDSHAKE_TRAFFIC_SECRET ef079bf9eac1ba6c1d57100dd95f213fa3631596fdbaed4f753d80c0d95f1ffd bb0bb6fe6fae78073aada73213a85fd8530999f6dac35b8e3d74d7fb1f8b1e33a3c4590c690d1c7865a9c580580e3577
CLIENT_HANDSHAKE_TRAFFIC_SECRET ef079bf9eac1ba6c1d57100dd95f213fa3631596fdbaed4f753d80c0d95f1ffd 50f601cc01f1ffec8abb082134bfb636359fc9bde108094f3a87493136df390a4b4edff7fcfc3e84acc88ec78ba5b238
SERVER_TRAFFIC_SECRET_0 ef079bf9eac1ba6c1d57100dd95f213fa3631596fdbaed4f753d80c0d95f1ffd 8aaeddda2ab421325ca66104ac2d81e70da16676c74d725f0ecc1230e2721a654effffa7c49cd5d71d245b98a3930e7c
CLIENT_TRAFFIC_SECRET_0 ef079bf9eac1ba6c1d57100dd95f213fa3631596fdbaed4f753d80c0d95f1ffd 08751a3641922197e5b617424c0f7d7882df265458c4b886033a9f80786fa86e6b4676948b4940966873705ecbf49a50
SERVER_HANDSHAKE_TRAFFIC_SECRET d0c21795342310230e4c708176cbf9f24edd403710ebe703dfe16e063e2e63f7 7795c45bbad2854bae92806250cbafc3ae6e3706f220cb4f5680fd3c9357c320a8c22c4cdd5ee4edef66a779d431604b
CLIENT_HANDSHAKE_TRAFFIC_SECRET d0c21795342310230e4c708176cbf9f24edd403710ebe703dfe16e063e2e63f7 5fc8816e3bbbcf774ef1c6c523d79fd952ff116a91875a9e638d34a384d01c6f62eb13698d2a13d7c7d1c997ab1202c9
SERVER_TRAFFIC_SECRET_0 d0c21795342310230e4c708176cbf9f24edd403710ebe703dfe16e063e2e63f7 8c107efd13fe1bb69861e0b3efeab6d54d2fbc496348661eec7e2e3355c93e20563941380fad0dc7c2b983d41f6ac0d7
CLIENT_TRAFFIC_SECRET_0 d0c21795342310230e4c708176cbf9f24edd403710ebe703dfe16e063e2e63f7 b2609c9a1dea351e56e755ef2ad04eb4279a4b23b4da799e70b17d5c9c33319135034df9949a639c76c5506da8726d30
SERVER_HANDSHAKE_TRAFFIC_SECRET bc2b169cdf6452c89ff9292cd28a240ce34af5d768cf5cd41021248d370c6f52 6a8beb530e0a9d58cc6b1a0d9de21bb9c38fbc826ba8b95a149b5d2efe72e5cf6960da3f2e07f491f7c2359503253169
CLIENT_HANDSHAKE_TRAFFIC_SECRET bc2b169cdf6452c89ff9292cd28a240ce34af5d768cf5cd41021248d370c6f52 71d3e73b769cf394bc6cefe834a4e9597f66ef4b6ab8ad1260003f0e02f3223a887034a9f51004d810b6d456b9716c1e
SERVER_TRAFFIC_SECRET_0 bc2b169cdf6452c89ff9292cd28a240ce34af5d768cf5cd41021248d370c6f52 2665f47b1975be807a970518e66a4b380bf47b65d33688185bf06a3ca6b5a5046fb0b72011ec994a994e85b42134c461
CLIENT_TRAFFIC_SECRET_0 bc2b169cdf6452c89ff9292cd28a240ce34af5d768cf5cd41021248d370c6f52 d45d7228f8279a3fce23e5868bb06c3b3a8f2cc77bb988d3f2c47d143bb51046dfdbf5817d0338b8b0d4e21c4dbbb238
SERVER_HANDSHAKE_TRAFFIC_SECRET 6ad0b57852f0118a43522116682cad6c41a7c98409a7056e7e7d1dea65e32539 4128d1b4d9a7f9527bcba7bd72d66deac4b312970a64a0cac3e7d91a26ada018982f4ea0c9dff6e0fae0a150dcc872f4
CLIENT_HANDSHAKE_TRAFFIC_SECRET 6ad0b57852f0118a43522116682cad6c41a7c98409a7056e7e7d1dea65e32539 db1f6a4a2742a1a6f7a38f683b4f89b4536c67ce7ef2c29629bea251f0e6760c8b659174302bcff78c37ca972e52b6b9
SERVER_TRAFFIC_SECRET_0 6ad0b57852f0118a43522116682cad6c41a7c98409a7056e7e7d1dea65e32539 2fbb1804242f812efe0d1ab5a4318833e850fab5bef58c38b5db648d5a0212be96ba33dd4ea69687fa9dd80a5ec95a9a
CLIENT_TRAFFIC_SECRET_0 6ad0b57852f0118a43522116682cad6c41a7c98409a7056e7e7d1dea65e32539 eccc89e9f76a11f26298ad6c39f0d0c9076dde147ffc5485e196a600fc8274540073edd9df8813f0f1099e2398a542ef
SERVER_HANDSHAKE_TRAFFIC_SECRET 562c58da28eeaeb8a89887f176d56417ed51b8da4dc3c423b2b88ee447698cd2 b56eca5518d35ca3c2d079b269074d1f1ab62ca769b66e51d645377fb8a01a1154153ca97c76121f5ebef160b322a49d
CLIENT_HANDSHAKE_TRAFFIC_SECRET 562c58da28eeaeb8a89887f176d56417ed51b8da4dc3c423b2b88ee447698cd2 aa9b87abdf9cd5af37baeb0ef953172c1ceaaa53715db1020a24bf02dd1007b8f367f4ca21301da8e631ce35444d665c
SERVER_TRAFFIC_SECRET_0 562c58da28eeaeb8a89887f176d56417ed51b8da4dc3c423b2b88ee447698cd2 f38e8f162557c1cef33e77fc97d1ef4c052f59766ef22ce5601ec5e8af0b719e665c74ffbc0623e0b5265d44b360ee59
CLIENT_TRAFFIC_SECRET_0 562c58da28eeaeb8a89887f176d56417ed51b8da4dc3c423b2b88ee447698cd2 5ac635118222771110c02dab9079528b798d2cf1420ae0405fde616609c16321bc61c88cf96af1d93ff824600633cbe4
SERVER_HANDSHAKE_TRAFFIC_SECRET f3b6d9dda821c9cfa00935dd0424f9041d15feb5037cca2133fe99cded8edee6 3c74f7bf5c6fbc467bd9bd2c775ee138411d3f0c91d40c585bd59272555cf50eb87069a8f525b48ace6f0e248415126d
CLIENT_HANDSHAKE_TRAFFIC_SECRET f3b6d9dda821c9cfa00935dd0424f9041d15feb5037cca2133fe99cded8edee6 15346b907c6f6f0d63bb6cee0142a9517863fbcf99504acf9c3d3b00a31cec2ff028020bd9952241cda2a1e29ae86b62
SERVER_TRAFFIC_SECRET_0 f3b6d9dda821c9cfa00935dd0424f9041d15feb5037cca2133fe99cded8edee6 30fd14afa7e75b874f1b77083a0012efe5ccf9028ad7265d9510cac4a0f6a1fa24c3223d7f5a6193f2433dbe6e32732c
CLIENT_TRAFFIC_SECRET_0 f3b6d9dda821c9cfa00935dd0424f9041d15feb5037cca2133fe99cded8edee6 87ebcadb21c07abad22298918b76fc8fbc465efbc6868bd843273dbc415a06b994c84effb7ea876f660156db1acb9fcf
SERVER_HANDSHAKE_TRAFFIC_SECRET 28021e1012762a4c1176d3d9171992d38df0bf159749dd18853a277801e06a94 4907d2e52b21418606a5a4df832c606074f1b9f4e813ecdbfb624f64d0ec97bf822972dd2a6ea2ea539e65bc52b0055e
CLIENT_HANDSHAKE_TRAFFIC_SECRET 28021e1012762a4c1176d3d9171992d38df0bf159749dd18853a277801e06a94 8b7ecd21bf21f888463730cf96e5fafcf692ad36c2c645a1ed7991d3f313bd8da93a38fc6496014c6b377df8fc5b6d29
SERVER_TRAFFIC_SECRET_0 28021e1012762a4c1176d3d9171992d38df0bf159749dd18853a277801e06a94 66040ab206fe053eb4ecb3fa984b596a3f2ba046a647005724e08e75d91a849cc5417bcdd33145813e8b2ac100010d6e
CLIENT_TRAFFIC_SECRET_0 28021e1012762a4c1176d3d9171992d38df0bf159749dd18853a277801e06a94 0f81d0e49fd6ce5230406971ab89e82b126f6c2ab7a3bbbe2d1123f62f0a03e009fb2c9fab3400f4dba08abcf18383ca
SERVER_HANDSHAKE_TRAFFIC_SECRET b868f0e3f905785a8d5bc753691e356ab4896beea90e94da6f5ae49f44144dcf bd4d93c429a6c6891fb2718264e364ded1dde149fe644f79bdfc6b50fc70934a3cf8b2c73c9c1b06d33448b443551dda
CLIENT_HANDSHAKE_TRAFFIC_SECRET b868f0e3f905785a8d5bc753691e356ab4896beea90e94da6f5ae49f44144dcf 3287bb8a489880369f4b2cd41c1c92d7fb37aa3273911960b048e901d8aac7d030c53997fa1291e9777b7b38d244020e
SERVER_TRAFFIC_SECRET_0 b868f0e3f905785a8d5bc753691e356ab4896beea90e94da6f5ae49f44144dcf bac353af6a63504c65284533bc0ecd651bd6a4586c09b6706b42520613b3e628fa01dcf7b8d4a35b96a3e4bee3f46519
CLIENT_TRAFFIC_SECRET_0 b868f0e3f905785a8d5bc753691e356ab4896beea90e94da6f5ae49f44144dcf 9cef771bdcab41ca7763df3c1ee08e4f7699c24bdd2bd065ddd0b5e8f4a58cbf8f5ea5600e88be2e585b7d003b937cdb
SERVER_HANDSHAKE_TRAFFIC_SECRET a8fc131d2b5d47d36c6f2a1fa3f76e32b6cf7c08242b180ed0121c3850cb573c c568894792dedba479ee5fa06d3123f7356f86629c6197aa11f89989dcafa8ff539c8a8fcd9a51ba6095f01fd32a8624
CLIENT_HANDSHAKE_TRAFFIC_SECRET a8fc131d2b5d47d36c6f2a1fa3f76e32b6cf7c08242b180ed0121c3850cb573c eb5b611c80e914f49c224005e30371c27a544b61e856afc615a20c21f0c6bf024c62f515e89bd1ba33ec23da34256504
SERVER_TRAFFIC_SECRET_0 a8fc131d2b5d47d36c6f2a1fa3f76e32b6cf7c08242b180ed0121c3850cb573c 38a9faa0af3f7437e1aa79985bbecc0db8f378913e06db9fba9c821b99b23fe286d4709c24ae3fb7cfe9960df4c546f0
CLIENT_TRAFFIC_SECRET_0 a8fc131d2b5d47d36c6f2a1fa3f76e32b6cf7c08242b180ed0121c3850cb573c 63a0c0fbc16364c46c5bdf9f7ebd913e281ebb8cb39b527a0d2e1812a80ebbc1ed58a448a0cff1165147a39b9c50dc4a
SERVER_HANDSHAKE_TRAFFIC_SECRET 8e78a8124202ba89cc6db8543525faa9b21e86e9d47d110c4a39cdc4b847520d 0fd4613790488c88c3fd0f9625dbd4c0776f8aec3f2b12cf74bd70e946e13841e598a9211c4549509930c5b6426fd2d4
CLIENT_HANDSHAKE_TRAFFIC_SECRET 8e78a8124202ba89cc6db8543525faa9b21e86e9d47d110c4a39cdc4b847520d 83962ec2887df3292d66abf7220078cc6a1289fa8ab60a7a92e39bc39e40623bfa995657427711595ccf4980fa7a7400
SERVER_TRAFFIC_SECRET_0 8e78a8124202ba89cc6db8543525faa9b21e86e9d47d110c4a39cdc4b847520d f76c425ae5506856d084468d5f30b3160be064d45c9459e082a53f1ee968bda5e786b8550c1ce5940465e49aeac8891d
CLIENT_TRAFFIC_SECRET_0 8e78a8124202ba89cc6db8543525faa9b21e86e9d47d110c4a39cdc4b847520d ae6ec27bbfbbe206642fd4d0da7dbd4a69151e8b119c3ba3b789740eef0c3c82cf0d1d4b1b63b4822adf71faeb95644a
SERVER_HANDSHAKE_TRAFFIC_SECRET 820da55402323b1e559df9f6bfe603ae9ba419c3d409148361ac45b5ad6a6ab6 81b5deadf334f63239de995e133de1e43cf1cdd105a17e74c297eda9e4e7f7e773fd5c9db3b9d3ee591bfe684931dca6
CLIENT_HANDSHAKE_TRAFFIC_SECRET 820da55402323b1e559df9f6bfe603ae9ba419c3d409148361ac45b5ad6a6ab6 c32761df113b9c671bb23433e7d726f925c6434645d80563c1cbf2b5b453aa547304ee5d299b57581319a92a1b1ed479
SERVER_TRAFFIC_SECRET_0 820da55402323b1e559df9f6bfe603ae9ba419c3d409148361ac45b5ad6a6ab6 48e13c12dfbec5f9be9f33c35adb1430d28d4a169934dfe3521a508b230cac45d8976dc7b82978244cfe1217a60b0a5f
CLIENT_TRAFFIC_SECRET_0 820da55402323b1e559df9f6bfe603ae9ba419c3d409148361ac45b5ad6a6ab6 b80b349cbf77000330c4f9bed28c5dbf3685b0fccb928e48891c512f7bf8b7675734feac074db53c13f0726410c9ae13
SERVER_HANDSHAKE_TRAFFIC_SECRET a8d9ea94ac4f2c3e5bee803197c81a44c48fe3b99a8270719ed9ad9cf0a98bd8 6f11fc16cdf297280f4991f120bee6117b14d597095505913ccbd194552b234f732f360b2be1cf3f8d918d6849a24c49
CLIENT_HANDSHAKE_TRAFFIC_SECRET a8d9ea94ac4f2c3e5bee803197c81a44c48fe3b99a8270719ed9ad9cf0a98bd8 bdcb37dd5919bc0cd231a80860a14dea198b7e0d237a3c3962394eb6e7fac79dc79b9c1b4d1dc90f27492763b1a7a049
SERVER_TRAFFIC_SECRET_0 a8d9ea94ac4f2c3e5bee803197c81a44c48fe3b99a8270719ed9ad9cf0a98bd8 92f3ad29237ddb72402f4ffa573eec2361d49cf055274c651c70cf940d27ff6fda17984e432a3363b781eb00653c5e38
CLIENT_TRAFFIC_SECRET_0 a8d9ea94ac4f2c3e5bee803197c81a44c48fe3b99a8270719ed9ad9cf0a98bd8 3a3d8b30cfb21ea73ec740287f5de8027bcca6597d5a92a755470da62d9996ca43837073341e19a20088b262ed121b11
SERVER_HANDSHAKE_TRAFFIC_SECRET 14e19988f51b20ccac21cbe22de6a90a4612d088449427f9c78e2dc0cde8f142 ec1c2f6e9aae0ae0838ca9e1056c4781e784325afabe90a655cd11602ba48ee8795837a1b3d9d40664b70f95972e7a76
CLIENT_HANDSHAKE_TRAFFIC_SECRET 14e19988f51b20ccac21cbe22de6a90a4612d088449427f9c78e2dc0cde8f142 d105f3173dbf08c98e55b9c3264369557fa8c26520f3e940bdc248af20599fe0414a032d935df40255dffd817cddc6ec
SERVER_TRAFFIC_SECRET_0 14e19988f51b20ccac21cbe22de6a90a4612d088449427f9c78e2dc0cde8f142 45f4da74f652e825fc3f95e0091b0f978818ddf1c787b658c0aa168f7a6602b615aebd4d3a03df6468ce64544e039404
CLIENT_TRAFFIC_SECRET_0 14e19988f51b20ccac21cbe22de6a90a4612d088449427f9c78e2dc0cde8f142 187b1f7305ff943eb16e687066f6f9c67d0f909592be371f125fa6e83cb953fe7464c724a7d6577530f54a8b5947e8b3
SERVER_HANDSHAKE_TRAFFIC_SECRET 1a6f164bff16f3a653e0b9a043f8a97b5d3017862aa7f2891c0fa173eba52ebe 1f5b55388ef3ca555f647cddc73dee21f493f34fd540c28af62f96f25400275e8c076f69a56cc35a4d3368af62c5c72b
CLIENT_HANDSHAKE_TRAFFIC_SECRET 1a6f164bff16f3a653e0b9a043f8a97b5d3017862aa7f2891c0fa173eba52ebe a39a78479bf4146d9334796a8a3ebd629a1be56be31e598aa93cb7aeb25025c7441dcd84e9c885ef7ffbbc91ef016966
SERVER_TRAFFIC_SECRET_0 1a6f164bff16f3a653e0b9a043f8a97b5d3017862aa7f2891c0fa173eba52ebe 06e49c15f8492225f4d5472140e03a360fec2d9fea845749b8fdf8b8322c1f6df36665e3a408d0b80c634708238c55f2
CLIENT_TRAFFIC_SECRET_0 1a6f164bff16f3a653e0b9a043f8a97b5d3017862aa7f2891c0fa173eba52ebe 1243e4bf5d4bd42174b9a7c5f624a85cf1ff799e6f8d9331ef40e1a746289d6111c1777539d33074da189e96482aeb24
SERVER_HANDSHAKE_TRAFFIC_SECRET d3525c76e6f4419a7b0084f110fd4da4949f9d34249c44c9fe080b836bc8601d b09ff89d76ad6d1f641af62a075190c5ba6821699379ed96f493d8077311f47f280e83240715cdb881e598b8f8018c71
CLIENT_HANDSHAKE_TRAFFIC_SECRET d3525c76e6f4419a7b0084f110fd4da4949f9d34249c44c9fe080b836bc8601d def34ac269ef3e90a5dbe1598ef0c0c2c4ffa146f0b23986e905fd41622ed85101790ec684c40e2a6320ad7eaaa7efff
SERVER_TRAFFIC_SECRET_0 d3525c76e6f4419a7b0084f110fd4da4949f9d34249c44c9fe080b836bc8601d dc1c99731cefaa142b29b99515e13a6ae91878c5967e37ef3edad2a9081cb74f40eb56ac1863b0d629d5d4710d87e3a7
CLIENT_TRAFFIC_SECRET_0 d3525c76e6f4419a7b0084f110fd4da4949f9d34249c44c9fe080b836bc8601d 66736d8054259bd067c4c80950d528d62411fc7f9dd0cc83b7d7aa4d7e33dc5eb651e2311917bbdb0f77ced13b336af9
SERVER_HANDSHAKE_TRAFFIC_SECRET f3a651d7e08156be2ea2ff86ea63d235e7015ed01eea429b8e43deb529684ccc 8ca3df9f9e49abff043e88da003a46ec0be79c039879b6061539daa9296dabdb2c9b42e64655376f2226e250d10b0433
CLIENT_HANDSHAKE_TRAFFIC_SECRET f3a651d7e08156be2ea2ff86ea63d235e7015ed01eea429b8e43deb529684ccc c1418ddfec3b30a69f4f7887ae6a8c8e1c6ab720c85fe3cd4c44515e603be4412a0f5edc91799ad95a9182ee73bab22b
SERVER_TRAFFIC_SECRET_0 f3a651d7e08156be2ea2ff86ea63d235e7015ed01eea429b8e43deb529684ccc 03e3cb5a80e38f02915e54c0bb1527311b33550c8f0975478fd20cef2c81c7050d7eaf3bfde5b151cccd73e64242547c
CLIENT_TRAFFIC_SECRET_0 f3a651d7e08156be2ea2ff86ea63d235e7015ed01eea429b8e43deb529684ccc 81890fbda33007a8beb9cdb3ea2c4b7c03c96fbe96dd2b5ba7beb78d7ded5a78c009caaf73d8c4f11a3250b1762f9af4
SERVER_HANDSHAKE_TRAFFIC_SECRET b8ec0431bd9ec011a34986e05eb137ee58b144aec103eb2d6e35933f5a303fe2 e0ef5626fb36c79c183997d863f40ff9f112d11e25905057baaf638fe203069130e536885d84a5a9325878e154b10c1c
CLIENT_HANDSHAKE_TRAFFIC_SECRET b8ec0431bd9ec011a34986e05eb137ee58b144aec103eb2d6e35933f5a303fe2 b8b3cff01ddb8ed24b6ce0c53abd61be9f66229a1ef4d0bc46bd212b961dc4a73d2de0a81afe07f21c2f61d2f25f55b3
SERVER_TRAFFIC_SECRET_0 b8ec0431bd9ec011a34986e05eb137ee58b144aec103eb2d6e35933f5a303fe2 ba53395ce58009a65372315393031142b301c01e43d3dab263ebc700a2e4808b065fa33161d3de62d1fd224a3bb84bda
CLIENT_TRAFFIC_SECRET_0 b8ec0431bd9ec011a34986e05eb137ee58b144aec103eb2d6e35933f5a303fe2 86c115b579dd75ddcf3c822ed1704a326b93d0e06a356727e6bfe4b20c6023d819b52725a9818c7a1ac2d3d816d1acd4
SERVER_HANDSHAKE_TRAFFIC_SECRET 32df0597c5049283555a0120a566040e073f0bd404a2feb8afc277b8e4c6d614 418a69187b2a6982f3ceccca8339be503e18da871890fd53fbcf496303c0a7e68e10fa608a43596ab5fe37a19c929ce9
CLIENT_HANDSHAKE_TRAFFIC_SECRET 32df0597c5049283555a0120a566040e073f0bd404a2feb8afc277b8e4c6d614 954fc141b3c6d458c931c4d21f5a916a4323842e51ed7434ff326a763f8cdad6c6953578c73b785d6cd2e02807b0c3f6
SERVER_TRAFFIC_SECRET_0 32df0597c5049283555a0120a566040e073f0bd404a2feb8afc277b8e4c6d614 54096f455d7a5060d1bed83511f559a5b47e4f6819e80cd8a3f3e11fa8132435c17637e65f945fabc3b2b8a0d067e604
CLIENT_TRAFFIC_SECRET_0 32df0597c5049283555a0120a566040e073f0bd404a2feb8afc277b8e4c6d614 19bf58404c86f9b9aedd168673015ed2f380d3d2ce0e9ee6dd825d50a4f47e2091e904606aa81ee302c8ed224ae89132
SERVER_HANDSHAKE_TRAFFIC_SECRET 37dd126588ad024aaf208fd7c978bc169b31e8cf770b0fe539eabeee40ebe048 46f8627d9ba933c3818e5994ab8e6e2b38c08742b02eeeaa4c368f0c78828b355149afb98c5c122f7cf27a916f17f14d
CLIENT_HANDSHAKE_TRAFFIC_SECRET 37dd126588ad024aaf208fd7c978bc169b31e8cf770b0fe539eabeee40ebe048 1b61aabc89e05f789d49dec58668da6869cc219b5240019cfadeee9848ef283d3acde2074c4ea1439aeb4fa613f878ca
SERVER_TRAFFIC_SECRET_0 37dd126588ad024aaf208fd7c978bc169b31e8cf770b0fe539eabeee40ebe048 1569a1b3eb99ab02465f4e3853226cd19dbe46ea8551f98494a0555b920dd2571c6563f052ae76e4d3eacfa597d23332
CLIENT_TRAFFIC_SECRET_0 37dd126588ad024aaf208fd7c978bc169b31e8cf770b0fe539eabeee40ebe048 f65381f568a5ca3d682ee1d4a10bac7b427728e904d8ddbc8c34a218cf225652d84af9d51aa4d0fb08ae185a8ab6a77d
SERVER_HANDSHAKE_TRAFFIC_SECRET 8f5b31c37a093605f9a982b061c78209444dc910ccee63669614ca9d3bcf017a c0a3714b3f95b4f4808d9f69c27314691a078eb3cca949d649d355915e60555a5385beb5b0446ec9641b51d812375e57
CLIENT_HANDSHAKE_TRAFFIC_SECRET 8f5b31c37a093605f9a982b061c78209444dc910ccee63669614ca9d3bcf017a 94aafdc6f070d2728c70663bc26cc52db56e8be30c245093fd11092aacdb42b6cb33f2f835678e0c8a48c80186075fab
SERVER_TRAFFIC_SECRET_0 8f5b31c37a093605f9a982b061c78209444dc910ccee63669614ca9d3bcf017a b5b314d862c511ea63d26346c3d858161d3947e5d471f12592462dd9d0ece7a67df5bfbc8bffa9188e5db94084262740
CLIENT_TRAFFIC_SECRET_0 8f5b31c37a093605f9a982b061c78209444dc910ccee63669614ca9d3bcf017a 0ee56f78fdd71026edc80a7380be21673a9655f4a2795017f2891645fde4e1102657144efbbb002c80c2d34ac3666fc2
SERVER_HANDSHAKE_TRAFFIC_SECRET ca99f8795795eab2321073a331f27c943c1024522f061c7e826c324a83c3a35b ac59088cee6f2cd309350ae80266452b3b41dfcca36d9159c37f87de710d051ae8ccb48baba37debceb300fb05b20a53
CLIENT_HANDSHAKE_TRAFFIC_SECRET ca99f8795795eab2321073a331f27c943c1024522f061c7e826c324a83c3a35b 4bdd836a19927b7e11a327e96c744fad94f7c32648760ba073cfc38c0dc5987257e1d4134c69b0ed57027969150d96cc
SERVER_TRAFFIC_SECRET_0 ca99f8795795eab2321073a331f27c943c1024522f061c7e826c324a83c3a35b 60a026746b874ca59cabc3506580ff7da49012f5ad93926364afa951e9377ac968295f5e21e57ec54d99c06afe4b5d9d
CLIENT_TRAFFIC_SECRET_0 ca99f8795795eab2321073a331f27c943c1024522f061c7e826c324a83c3a35b c85b772c1c1e86888b642c3b260d6ee63689ce6343337110af025867122218f2f89bddb9b14f0a829843a9c66a543497
SERVER_HANDSHAKE_TRAFFIC_SECRET e380130b9d823b0608cc8f14bbd26fe9412057c15a0f936718a8dd77f84637ff 87c331301518483892cd06c54c13e7d02d3bfed40117e975f43f56f08cd35144b810f299f0e725c286f6d855ce7e5d2f
CLIENT_HANDSHAKE_TRAFFIC_SECRET e380130b9d823b0608cc8f14bbd26fe9412057c15a0f936718a8dd77f84637ff b4e7406556a0d7a1df386b7aaf60d084795af4fb9975b87bf42469bd5e5b7c2fe860eb04f0794b28a0449a8619b243a3
SERVER_TRAFFIC_SECRET_0 e380130b9d823b0608cc8f14bbd26fe9412057c15a0f936718a8dd77f84637ff 57549df19c8999a37d358432e15eb57589e7e28380a4d60ae9385717cd4b8c8975198444ecd96fb3311b995c1ed25fb4
CLIENT_TRAFFIC_SECRET_0 e380130b9d823b0608cc8f14bbd26fe9412057c15a0f936718a8dd77f84637ff cec36d49db9b06ce3b164e5b2c331bc68fa1e5842a8b407f6c46132ff04217463cbdb002f717c23e3b1bba4330c668de
SERVER_HANDSHAKE_TRAFFIC_SECRET 9d75cd8a4ed71fa55e007b42c853b90044a203261188715cc055e0305138917c 9397fafe5024aba88916174f4f97b424c8586c7a03de9de8adb97e3e5521a4520a99c2d7d01a9dd192477d77ed14acf5
CLIENT_HANDSHAKE_TRAFFIC_SECRET 9d75cd8a4ed71fa55e007b42c853b90044a203261188715cc055e0305138917c 9c5a9c4e9f845dbbbcbea22317bd16a1fa036f49ce1f05e030babaeff8c021db9e54132524425d3cd7cc47f8ec4c6ea1
SERVER_TRAFFIC_SECRET_0 9d75cd8a4ed71fa55e007b42c853b90044a203261188715cc055e0305138917c a7ddded106becee9b61b40bc76c1e930467d65d8b08d3b202df47d4d7e401c161f237f7f922dab72d1bf0fc1c54254a8
CLIENT_TRAFFIC_SECRET_0 9d75cd8a4ed71fa55e007b42c853b90044a203261188715cc055e0305138917c fe1c76e350a58b4914a6c1584cd78b68a5cca596b5d34d7b60a7a7a689c1c53e9f6a55cbd1872207e22e64cd2c99f32d
SERVER_HANDSHAKE_TRAFFIC_SECRET 18ce18d5d1cf3f7e8353aaa22254eedeeb0b5d1f2c42c4928e726133a793535c 3e9c9b0ee2fb45d3b46a259f279edff974194c1f7ed2a9e99579b467426eb57950b534f6e3f74c4643982caff714947c
CLIENT_HANDSHAKE_TRAFFIC_SECRET 18ce18d5d1cf3f7e8353aaa22254eedeeb0b5d1f2c42c4928e726133a793535c 12e646cb5be6399bfe76c6368364c9b3a22e84933bb2a19e86bd0017a0d7d59c211db36b9f34a8a456c21d2a02a4fed3
SERVER_TRAFFIC_SECRET_0 18ce18d5d1cf3f7e8353aaa22254eedeeb0b5d1f2c42c4928e726133a793535c e737553e828c26806b11abfd7c6b3ad504b7a56b39bc168acf2fb8fc0b11b43a25bb92170f7972ce4f7b71ceac378356
CLIENT_TRAFFIC_SECRET_0 18ce18d5d1cf3f7e8353aaa22254eedeeb0b5d1f2c42c4928e726133a793535c bf84daab662e68700a3bf0a45513686e9ddd03c6e6c29cbf4811799316419b241d92f08e2c89a43a24b5c80b3d3f7d66
SERVER_HANDSHAKE_TRAFFIC_SECRET 7975dbb1a29f9eced0227f6cae1f663e195ec115f44e4af98f676e132351beee acb16356b4186d578f465460bb5368b76a95c0548e17c4291bf2b269c91b22f13cdb5e2919ef65ff245013a68f3bc35b
CLIENT_HANDSHAKE_TRAFFIC_SECRET 7975dbb1a29f9eced0227f6cae1f663e195ec115f44e4af98f676e132351beee db4e1ad360d8cc4729d73d0da1b90afec84b13f0daffdfd59edb401a33776f54a6d1a6e3f86735cbadd433e75d9b35ef
SERVER_TRAFFIC_SECRET_0 7975dbb1a29f9eced0227f6cae1f663e195ec115f44e4af98f676e132351beee dced9a67df91bb5b1a7b400a60e529949e31ae39e2ea09f942be789b83bc7d11abce4ee3a79514e2d11bc3593f74812d
CLIENT_TRAFFIC_SECRET_0 7975dbb1a29f9eced0227f6cae1f663e195ec115f44e4af98f676e132351beee 3be1794cf171106251c04ecc04f5b07a2418ffd8a883ebc8205643811f80a7c6f9a8eeb35e52b2b760f73b50bf32e7a5
SERVER_HANDSHAKE_TRAFFIC_SECRET 6c002f9c6878935b0acaa4de123f81a6f36e742e966c0e09652a62bae0b54c7f e69bd565ba01ca324ef65abd0752c6e2710bcc846569907dc4ef2d8c5e6a8ae8e035216884225e580e92b6b305d08922
CLIENT_HANDSHAKE_TRAFFIC_SECRET 6c002f9c6878935b0acaa4de123f81a6f36e742e966c0e09652a62bae0b54c7f 731c732aec2070b9b37b669044e31aeb283dc66216159313516be47c9cec9473112a8fa72dbe11c8ad06ba425d71742a
SERVER_TRAFFIC_SECRET_0 6c002f9c6878935b0acaa4de123f81a6f36e742e966c0e09652a62bae0b54c7f dc4e6bad1d664148e98ceec2cee4bb76a859581251cc9345a31ebfd248f2cc273f7ec27a8b145acf41db037a47ff82ed
CLIENT_TRAFFIC_SECRET_0 6c002f9c6878935b0acaa4de123f81a6f36e742e966c0e09652a62bae0b54c7f 48fb7280f9d65d40e6593e744dd06a4bc89b7797ee6bcdedeec1666382eb801e86e38d9d8a70a315569b081f565a7f0c
SERVER_HANDSHAKE_TRAFFIC_SECRET b0ae69f01523bbaab4e827001f1fbe1b4afee0821cef9120c35a6cbabf933c4e b9e4a5aeaa935c3921c0b490835e5f9f16e407c94efd276b0895fda2f42d9fdf769e7963a6979b35c0a30a28892a34f6
CLIENT_HANDSHAKE_TRAFFIC_SECRET b0ae69f01523bbaab4e827001f1fbe1b4afee0821cef9120c35a6cbabf933c4e a83b402dd8c01fee9ef79fd851cb4a893df8260aa681f7311b1d99b7853842e7cb4aa8ca390ceb8fb401a1f27f1056d1
SERVER_TRAFFIC_SECRET_0 b0ae69f01523bbaab4e827001f1fbe1b4afee0821cef9120c35a6cbabf933c4e 5d08601d8d68e25dd0c2e56bcd5188701ae619ba8d328d03c4a47ed3f0afe9ecf9817365c7ad124f3c2f7c4bb6966141
CLIENT_TRAFFIC_SECRET_0 b0ae69f01523bbaab4e827001f1fbe1b4afee0821cef9120c35a6cbabf933c4e 85fa2a02f07d0e4fe5fc1a433122c88b15aa8b784f2bf6afb575eaa05f7dcd9e3f1473322d431959f23d5f61e499ad45
SERVER_HANDSHAKE_TRAFFIC_SECRET e3d53798a61ec94ef0c76c2c7ed58d7a04057f79981485332c74cc4b0f5bb794 f96cf3063d2452cca91d7ebe76fcda30acd3bc21760b0e86d6771e3bc098edb3d724f689e47cc7e571765b7938104db9
CLIENT_HANDSHAKE_TRAFFIC_SECRET e3d53798a61ec94ef0c76c2c7ed58d7a04057f79981485332c74cc4b0f5bb794 b345540c1e29e64b23ea51fbbc893f24b602691a927038637894d251f64cf40e301eab1c251f384ace8108f6342bc2ca
SERVER_TRAFFIC_SECRET_0 e3d53798a61ec94ef0c76c2c7ed58d7a04057f79981485332c74cc4b0f5bb794 b4e3e30961d48bf4105d5f70ddf8faca683bdae5be8d8577298acc66c4b95cbefef3191abd22c4bd33eca0efa1cf8731
CLIENT_TRAFFIC_SECRET_0 e3d53798a61ec94ef0c76c2c7ed58d7a04057f79981485332c74cc4b0f5bb794 c65cab6ab5a5931c5d235da629e4f81734f8833157357abc39a20eb3cc974e46d558daa588350ef8087d932d0f6f09b2
SERVER_HANDSHAKE_TRAFFIC_SECRET 3085acc4c022aca5278d5d97808ba2671686948eb9cc0b1f24c0f58b7aece723 f886dff3124f4157423fbd562dd179c38de47c6506efda48e5fa9c005e638ba98b6bf700fcf743f4692451316ba73b5b
CLIENT_HANDSHAKE_TRAFFIC_SECRET 3085acc4c022aca5278d5d97808ba2671686948eb9cc0b1f24c0f58b7aece723 1d3a8a7c50f29f1eacea58dc2bb7a10046e26a5d46821f4ca14aaa0b1c66525268377a414ecdeb336e2f9ccd7cd090a0
SERVER_TRAFFIC_SECRET_0 3085acc4c022aca5278d5d97808ba2671686948eb9cc0b1f24c0f58b7aece723 bf536828423e318d7c470f3f6f418e4b0894a01283125967a9d403343a1b2f7d8059deacbca201b7b2462c911b97d363
CLIENT_TRAFFIC_SECRET_0 3085acc4c022aca5278d5d97808ba2671686948eb9cc0b1f24c0f58b7aece723 e3ab8fcb0145f4f68bd3e9052d009d0ad4647006ca44d8636e17d9ad1d38ac01ac7621518a454c97e96a66f999165829
SERVER_HANDSHAKE_TRAFFIC_SECRET 1f6a5bf1c22d8b2ff6090c7b87e4b8e681d28087c95d9add4533103e2a3eb7a5 e8217c7830eb86b9787797d367fdd48cdb772eb95287937aa46865aea275fb1f0658e5fc900509e7cd2d99f4c92335b5
CLIENT_HANDSHAKE_TRAFFIC_SECRET 1f6a5bf1c22d8b2ff6090c7b87e4b8e681d28087c95d9add4533103e2a3eb7a5 cc98309661bd1525eaab0c8ed415f73afb4047ee5951a5d630bac90370a8bdf53f761880b0fe986aeae4f3ccc5c1e0f9
SERVER_TRAFFIC_SECRET_0 1f6a5bf1c22d8b2ff6090c7b87e4b8e681d28087c95d9add4533103e2a3eb7a5 c43a168c85a5597bcbe213dc7fd8e583220857baad572d99ce622a9fabc0d276f1a036471df23d066c5bb88dc9d44377
CLIENT_TRAFFIC_SECRET_0 1f6a5bf1c22d8b2ff6090c7b87e4b8e681d28087c95d9add4533103e2a3eb7a5 1849b9fb4489ad652e21579612d42d3cc46494fc30250e3cabf0bb4e0714dca66ba8c00e6dce450d25b4658446813007
SERVER_HANDSHAKE_TRAFFIC_SECRET 992930c5396a5d1e0f97794cc252efdf05b6e9583f3f5a864a167d55d628f432 8073bdab1ea53002f2a39b73f1a64acd9cc6f908d660f9f51aa7914e95ae99763eac32369d9b6a9537fb601bb6e707b5
CLIENT_HANDSHAKE_TRAFFIC_SECRET 992930c5396a5d1e0f97794cc252efdf05b6e9583f3f5a864a167d55d628f432 d132c5f79330315199341654159106325dbfaf38892d5f6a18f6742af4d3c96e5abf532f5e6c85f855ee221ed9f64a92
SERVER_TRAFFIC_SECRET_0 992930c5396a5d1e0f97794cc252efdf05b6e9583f3f5a864a167d55d628f432 fc2a66ba0ac55dc7086fd43e2a1754a8d1242465120342ad08fac5467915137d2bf7d73a558072296a6109241b063bc8
CLIENT_TRAFFIC_SECRET_0 992930c5396a5d1e0f97794cc252efdf05b6e9583f3f5a864a167d55d628f432 50180bb16d667c054f437b8443b7e7015bd4efe1d8a821d00608391d0ebb2a126350e967206e8134bad17ac7f5f264fb
SERVER_HANDSHAKE_TRAFFIC_SECRET 511292981da8134f0b7251b706ee32dcc9b580f001ab33a0b68a587adadf904f ecea1873b5c6967dcb5a941e8181efb1ea491b0ab60a1f11eddf22ae04c953edecaac395beaf4a814001add1b0cb305f
CLIENT_HANDSHAKE_TRAFFIC_SECRET 511292981da8134f0b7251b706ee32dcc9b580f001ab33a0b68a587adadf904f 28b1a032a8c35ad369d14fef051af4c46032a6c06cd922faaa9a512812af6ae94bb6b3607538a2303c399eaa905f3037
SERVER_TRAFFIC_SECRET_0 511292981da8134f0b7251b706ee32dcc9b580f001ab33a0b68a587adadf904f 0630eece293db953ecd41ab8722236012618aafe6561eaeff605ffce2661e922833d037382a95748fa2ae2f4c2fd5c38
CLIENT_TRAFFIC_SECRET_0 511292981da8134f0b7251b706ee32dcc9b580f001ab33a0b68a587adadf904f 6d57af99ff41082dfce9dac87b6ed3ae764eef5f60397e1ad6ea602578c82f68f724667fba7f4ba34c0934b374a87080
SERVER_HANDSHAKE_TRAFFIC_SECRET a8af5f820c10c4026ac399a0b24db6b7ba2d6eff5627d652c9e61f67e91ff947 f9b6a012352d4b9e526610e53f446e459ca4632c82680b364c9a0eac9d8a0c9bdd2ca250f4e0d5c55fcc400617f81a55
CLIENT_HANDSHAKE_TRAFFIC_SECRET a8af5f820c10c4026ac399a0b24db6b7ba2d6eff5627d652c9e61f67e91ff947 8c019518a149de7f6347e97c6389199828b4935da0bba01741c596feacc28e69fe3c5fd74f6b0b463251466152d732aa
SERVER_TRAFFIC_SECRET_0 a8af5f820c10c4026ac399a0b24db6b7ba2d6eff5627d652c9e61f67e91ff947 eab9ff4d4eb13f93d3cd3e31e9ed7006b05912a36990b9743c31ad4ebc97016197bb74511bb7af266acbe66d6c9ecffe
CLIENT_TRAFFIC_SECRET_0 a8af5f820c10c4026ac399a0b24db6b7ba2d6eff5627d652c9e61f67e91ff947 920bc7e444ed7419287d2367ac4e935f7926db2edef054c360de5a8214a26dde4f84b0bb7ddaafea9be8309073a6df2f
SERVER_HANDSHAKE_TRAFFIC_SECRET 4260c36c2e766a7bff9a7b364b46e0dd3e331123dfad987632b7ba1a3c6dd831 d5af6bc4b74125498f709f5190f3a55a4b0201989522d94aec5e0fd14a0298c4a748b2fec901bc19856ff64d3eda1b02
CLIENT_HANDSHAKE_TRAFFIC_SECRET 4260c36c2e766a7bff9a7b364b46e0dd3e331123dfad987632b7ba1a3c6dd831 9a59d598a4cdf719b4a9a43b9004dce56248cd6c1990eb18e36547f58f44ae0b9d7d17b943219a3feb2f60523258d22a
SERVER_TRAFFIC_SECRET_0 4260c36c2e766a7bff9a7b364b46e0dd3e331123dfad987632b7ba1a3c6dd831 03fcefbda144fdb145f42b640db07ad6f7893796447055a1554330c4409d048e94d57e2df9c3ad39d2d77113f322415c
CLIENT_TRAFFIC_SECRET_0 4260c36c2e766a7bff9a7b364b46e0dd3e331123dfad987632b7ba1a3c6dd831 74aaf07523caa52d512b23b626b1a95e73844f3f554feab4085ecba86878339adb8ecf9badc8c5a3354419706ca1f418
SERVER_HANDSHAKE_TRAFFIC_SECRET 32261a4327e1908c4ea22458b6d100ef01c9197939e3da15d5956afa7330680c 8563161694a8a20523915004bd5916c8ad233049e86fd8cfe273b0c7d42c288e1ba279b47877303f0f8c940d1e9dca7b
CLIENT_HANDSHAKE_TRAFFIC_SECRET 32261a4327e1908c4ea22458b6d100ef01c9197939e3da15d5956afa7330680c 7b4ca080b5799309a838c88db9026ec0d6b1fa458b1fab18759773e0edf478dfc4bfb30287c95490ece510a63704b553
SERVER_TRAFFIC_SECRET_0 32261a4327e1908c4ea22458b6d100ef01c9197939e3da15d5956afa7330680c c528381cbe57572af35c9180bb498d194d346e94eb099c27fc13c4513bc035a370329120a401c017a104252ac81c6e1c
CLIENT_TRAFFIC_SECRET_0 32261a4327e1908c4ea22458b6d100ef01c9197939e3da15d5956afa7330680c ab6ee7072449752421b6bb9bfa54520d405c2aa3ae58c12d1f9b9b61500bc3ffb6305cc1577539614be679dccaaec016
SERVER_HANDSHAKE_TRAFFIC_SECRET 583d1b75f7c73ceaea31a8a632bda08a5cb5c51215b1fbcf230a944b6c8dc9b1 89ce7dc3c01c210cfbba345a393287e41356345bf8ff3fa0d602bdcd2240c0e5c06f310da9ba132bb85ae0d11e899f78
CLIENT_HANDSHAKE_TRAFFIC_SECRET 583d1b75f7c73ceaea31a8a632bda08a5cb5c51215b1fbcf230a944b6c8dc9b1 b22a5fd9f0cbe839f9ea8212045dc13650bd9d5a7e6fa8d29ad622008ba2d11a45fda8dbfee3cffbfb55449bc641321f
SERVER_TRAFFIC_SECRET_0 583d1b75f7c73ceaea31a8a632bda08a5cb5c51215b1fbcf230a944b6c8dc9b1 f3d72eab59a16a71c4aaf8977f45fe57509a2269f8307fc509b9bb37ba24cc823630bc79cad24f826ae13100aa225634
CLIENT_TRAFFIC_SECRET_0 583d1b75f7c73ceaea31a8a632bda08a5cb5c51215b1fbcf230a944b6c8dc9b1 c85869207bc59ab473bed2723c9d067dcfc72be646eaaf7fb1c13673ffea092a8da63ed12cf736a87b55d44dc8b073c4
SERVER_HANDSHAKE_TRAFFIC_SECRET cca76cf4f2dc8a24b0efbdba67076c457e04f71dc4542f5a1f8040949fc5747d 243779bd5c76ca1e491e439812775eaf613d87781de4418581fce9ad933fd016cbc92ae135000cccc4d3ce35b2aac48c
CLIENT_HANDSHAKE_TRAFFIC_SECRET cca76cf4f2dc8a24b0efbdba67076c457e04f71dc4542f5a1f8040949fc5747d 5b7807650d2753281703c4d149a96b70be70efebe0bd776e8df7ffa76baf3f0fc2f0405fcd7c29ec94f658680d31d42e
SERVER_TRAFFIC_SECRET_0 cca76cf4f2dc8a24b0efbdba67076c457e04f71dc4542f5a1f8040949fc5747d a24c53020e9defb470dfe84474150332e6ed8744ed19b9baeeeb99c49e856ddfd8124c6113ba6de07feb6de0d4e87274
CLIENT_TRAFFIC_SECRET_0 cca76cf4f2dc8a24b0efbdba67076c457e04f71dc4542f5a1f8040949fc5747d add8a03606088a78ceac97d1fdb5e856de76a8ba5efeea2aabc448912bd03f6a35a9f98ad45bb52e2966369f655de81c
SERVER_HANDSHAKE_TRAFFIC_SECRET 502005a6f74139ce348e2d965ba826fc79e9d39c90acc860c5a70fb3a217819f d3490251f36cc1c210a729ae8f77dff540dfaf696a7d4b528e7f787ebc59222a3aed61bab297cb6190ddfa45db9c5595
CLIENT_HANDSHAKE_TRAFFIC_SECRET 502005a6f74139ce348e2d965ba826fc79e9d39c90acc860c5a70fb3a217819f 0f62df8088e938b6cfa98e213d08f599d0484ee9908ae1f112fef242aae5bc067d41194ffbce30a058ac283aed505a2c
SERVER_TRAFFIC_SECRET_0 502005a6f74139ce348e2d965ba826fc79e9d39c90acc860c5a70fb3a217819f 77ca7cae2b2c9ec4e15c0a1b13185651a70675250e6008725a36269fd196b054d3adef066bf2e00db99fc0034df39d90
CLIENT_TRAFFIC_SECRET_0 502005a6f74139ce348e2d965ba826fc79e9d39c90acc860c5a70fb3a217819f c005abe80deafb91eba30acef92eb6f945f856694409a892a71ce4a3152dbe3e2f9f14398237a94f293ff1f0006d768c
SERVER_HANDSHAKE_TRAFFIC_SECRET 7ef2ae0771d1fcc41a517b546fbfde81b3b21fca9a79add2f7e5f163fbfcaa0e 9ace6cf8a24b3302545997764ceb26ae76eff1c1efd67da3aac6d03e1542c37c6101f55843d92d0ab92dfbaa074909eb
CLIENT_HANDSHAKE_TRAFFIC_SECRET 7ef2ae0771d1fcc41a517b546fbfde81b3b21fca9a79add2f7e5f163fbfcaa0e 05e3032a321a7d7af688a371f15c6b134c54cf7356c74febbc936e9ad27fd136aecfc5ebaed7f623bd3f30d280b0a555
SERVER_TRAFFIC_SECRET_0 7ef2ae0771d1fcc41a517b546fbfde81b3b21fca9a79add2f7e5f163fbfcaa0e 151b7a63a3c77074287ceecd0a0fd0ab32b3c4b34f0cd23c45d9c3e96227a6f9be71665d45e817b5480f1f3462b5fae2
CLIENT_TRAFFIC_SECRET_0 7ef2ae0771d1fcc41a517b546fbfde81b3b21fca9a79add2f7e5f163fbfcaa0e f7a528cc101f5d88fb3cc76d1f40d9a1b27fa819e957ecedfcd7c6af2129fd5ac06bd38f73beb300cd157bd13b23a2be
SERVER_HANDSHAKE_TRAFFIC_SECRET 9d4787887609b239eb97e7ace6dd50425cec612cf85a39c111fb76478d17759b 4b1f417d3bf74b174dfc3230f587e9021a0f43170b7ab7c604ba785c993fe0cf99f14cdbb4d8a96781c4d106cf0d9846
CLIENT_HANDSHAKE_TRAFFIC_SECRET 9d4787887609b239eb97e7ace6dd50425cec612cf85a39c111fb76478d17759b e157666d4ea72d3043ab8b3de9f21c3a694bbac18447abfe3607339cb7585b675e5e8dec75fdbed71cbbfe715451d285
SERVER_TRAFFIC_SECRET_0 9d4787887609b239eb97e7ace6dd50425cec612cf85a39c111fb76478d17759b 13998c8f7e0faaeb8c5582a7c4afe5472a408e15f8c3743edaa2ed99e84c03a3926c9d26c958169e8920be6effb9c4cb
CLIENT_TRAFFIC_SECRET_0 9d4787887609b239eb97e7ace6dd50425cec612cf85a39c111fb76478d17759b 7da1fcd3fcd0d610fa45ed5ab503415935473b96c57ae6b133f84af9935459c69fe47cb471846d80878c3bbf3940adf7
SERVER_HANDSHAKE_TRAFFIC_SECRET 15bd6dde695bbd69e57b385f4b23b7193f1bbfe8aa0a81183056daef82a3d5aa ca53f451b8859fcd53ab8d0af26e44b247d6934a9b83290213166c00f31c91cf13b0851e2a021d0f68c197f1cf6f04a0
CLIENT_HANDSHAKE_TRAFFIC_SECRET 15bd6dde695bbd69e57b385f4b23b7193f1bbfe8aa0a81183056daef82a3d5aa 7bcc125f3ce87d09682be609699e4eeea76265062379ab9340d47253a9d7990a280b76f1884ac4055dc69427d077d8ac
SERVER_TRAFFIC_SECRET_0 15bd6dde695bbd69e57b385f4b23b7193f1bbfe8aa0a81183056daef82a3d5aa bd20a6aaba858bfe7aa8eb5b50e091a37f7696516ce1a510c3067a9bf35a4e72f4a640ad0dec6125ac2f84e6ecaf3a25
CLIENT_TRAFFIC_SECRET_0 15bd6dde695bbd69e57b385f4b23b7193f1bbfe8aa0a81183056daef82a3d5aa cb1871d4eaa8eccd25ad2ea30a398eaae41a97c363cb7d79568109b457bedf39006a1e74888e8dd3914162a34c9a5a47
SERVER_HANDSHAKE_TRAFFIC_SECRET 0b70e580c759bcf5d8bfb63535a4a2cc63ca965640093e0badcc0343f6a5ddca f64a44920aa17c01d1c7423528ff0afd2475f2961669db4dadc3c5fb6a037e0f6f630be3e492767fafddac2aa741ee2c
CLIENT_HANDSHAKE_TRAFFIC_SECRET 0b70e580c759bcf5d8bfb63535a4a2cc63ca965640093e0badcc0343f6a5ddca 3d0682c45a5259f589f480dbf306b040ac20436fb0ce457fc67d727589f411814eefe16fe95056178eb6b4adbf4f6dc3
SERVER_TRAFFIC_SECRET_0 0b70e580c759bcf5d8bfb63535a4a2cc63ca965640093e0badcc0343f6a5ddca c1868de753bef4c0ed945df763661db482b7119d6be53d9d889874ba5ad2da47ee2b1f3a1b9cfc574665b8e756321536
CLIENT_TRAFFIC_SECRET_0 0b70e580c759bcf5d8bfb63535a4a2cc63ca965640093e0badcc0343f6a5ddca b3716f41fd4b9479ba6a9edf7b23dcc3d71eb5887414057576e0cc3c515be1590c9bf33fa564fe1a3807989165598312
SERVER_HANDSHAKE_TRAFFIC_SECRET 9d05e61f85b1ef64c23734d4a77fb6498f71ad685502ae3e73b72aa103585f36 96f893a19cdfdda60de23bb4f5892e552c8f0be34849f47bf25ff6c36ae5c963b4f960326cfe24502328785061e961b8
CLIENT_HANDSHAKE_TRAFFIC_SECRET 9d05e61f85b1ef64c23734d4a77fb6498f71ad685502ae3e73b72aa103585f36 539489601a8552c8e9b753631425027203e39a5af44bb4ca02a13d8a23b905385aaaade8cbb9eb9089c5ec2f14d46439
SERVER_TRAFFIC_SECRET_0 9d05e61f85b1ef64c23734d4a77fb6498f71ad685502ae3e73b72aa103585f36 8b8d3714870d39bf906fbc6f8020d8c34f7e781f811e653edd04e76a0afd5d37899912e96febfcf78fa636e29d2487ea
CLIENT_TRAFFIC_SECRET_0 9d05e61f85b1ef64c23734d4a77fb6498f71ad685502ae3e73b72aa103585f36 406469f57351cc87729b993371e911bfe1850aa5581279ff18eb63578a7ccbda41a1deb21f1f230e5980e5045d763212
SERVER_HANDSHAKE_TRAFFIC_SECRET 7f902985b39f959d458fb974be5849f74e58f5ca27c3c95f2c1151049120d953 15378e191c38d9f96675f01ae79b98c2443dfbc172a36cd4dfb6b75edf7fc901555b930a0df102b480112bb5ab27af9b
CLIENT_HANDSHAKE_TRAFFIC_SECRET 7f902985b39f959d458fb974be5849f74e58f5ca27c3c95f2c1151049120d953 49a2dc3641596191bc357db5b7d13936da1a3be17d192d2e943e80adf519b5194c7d40840469792378f72bea726b3097
SERVER_TRAFFIC_SECRET_0 7f902985b39f959d458fb974be5849f74e58f5ca27c3c95f2c1151049120d953 d3a735390b96430ac428b1c50da843cdb6aaba09ac1817bada8d35d8f6a4a7a88891620762b4fe5d22e1caf28432618c
CLIENT_TRAFFIC_SECRET_0 7f902985b39f959d458fb974be5849f74e58f5ca27c3c95f2c1151049120d953 2d566ef97dbe3d86fd8fd847aa1d3d7d482aec240e4490ba27a5770f19690773e628a8a074e89d74bd94c334f00d72c2
SERVER_HANDSHAKE_TRAFFIC_SECRET bc0d96dec2586ffd9f956c068468854e1f8af02539c673c9b3ec62b3b445e21e 308f8fff7b4bdfc8265990c448c560adf278cebfdbfd74bc83fdee0f9e4f76ed686bf42d9c6cccc69e696ceef362026a
CLIENT_HANDSHAKE_TRAFFIC_SECRET bc0d96dec2586ffd9f956c068468854e1f8af02539c673c9b3ec62b3b445e21e 31dab10eed99f9070da68fe5f6ce80758a9e8496a40911f61df770924d07ac23d390027cb99bbf077bc2527882d75801
SERVER_TRAFFIC_SECRET_0 bc0d96dec2586ffd9f956c068468854e1f8af02539c673c9b3ec62b3b445e21e a0cbdd90485ffea51858379cf1495ae6f75c15339269e34b8d12098fe40470cc588be1e1800b27f7c4a8677add4afb4b
CLIENT_TRAFFIC_SECRET_0 bc0d96dec2586ffd9f956c068468854e1f8af02539c673c9b3ec62b3b445e21e e331e0c8271b1a4263ac8a751a3748a2d215008b96f65878f3941b482f6b48ba0105bc4a6afc755502aaf476dc2177e5
SERVER_HANDSHAKE_TRAFFIC_SECRET 36c74fa6ef411e146b577101e96c3367601a5ae993e180e7faac07b63c99e3d1 fb41dc32243df867b1e37b68a6826714feb6c2ddf8ff2a3f759f5bf77e45cb328785fde087eea4003d16f8284c81f759
CLIENT_HANDSHAKE_TRAFFIC_SECRET 36c74fa6ef411e146b577101e96c3367601a5ae993e180e7faac07b63c99e3d1 fca89f29cfa22ebd7af6263731738f778eb7cdce8a1c4214ae7c23a9f8490ff89592baacf2584254e1b33f34c8619a21
SERVER_TRAFFIC_SECRET_0 36c74fa6ef411e146b577101e96c3367601a5ae993e180e7faac07b63c99e3d1 9cda0ca4cb5f26212b3183bbe727f76b1898472434b87733f2ac8e8266a29e3b42b772ee773da22c5b7acb22b9634bec
CLIENT_TRAFFIC_SECRET_0 36c74fa6ef411e146b577101e96c3367601a5ae993e180e7faac07b63c99e3d1 b391365771416df42b76c0021a81c702f0a297874129ea0ff024ad921ab8804c25b0670f4ff93e36b43a8c618eb93468
SERVER_HANDSHAKE_TRAFFIC_SECRET 774c595a26a27a2c7a15f8f428145d50fa34d076ade0cccdc54c0eda23149b1a dcace5f1d30360632d96a67a3b26e77f964e8f9ca347606bba0884fcabd1c10156c449c0b7f7cd0a815f4a3510857c85
CLIENT_HANDSHAKE_TRAFFIC_SECRET 774c595a26a27a2c7a15f8f428145d50fa34d076ade0cccdc54c0eda23149b1a ba0ef9ce0683207466b8160ad9c2ef3b2a1e3f709913fab963f029780daaf399c68a5be53c85ac7a155161874107f160
SERVER_TRAFFIC_SECRET_0 774c595a26a27a2c7a15f8f428145d50fa34d076ade0cccdc54c0eda23149b1a 0ea3d955ded6c7b6cd9c9ed0d947057a34ffa63b7b12a36303c28a83d8c7d1a79dab113c122d7d3e4e967352ed342815
CLIENT_TRAFFIC_SECRET_0 774c595a26a27a2c7a15f8f428145d50fa34d076ade0cccdc54c0eda23149b1a a6205c6ff470337df2f7aa8f24e7563a6a074c51863293d2b095af176e50d64ca146549f3d2ff60cdc9410cdac51665f
SERVER_HANDSHAKE_TRAFFIC_SECRET 3dbc86f3cff2ef396e4314d839bed4f8906c0977e848c7381b2ba34a03c73741 efc61437a7a2e4a0e3c64db16d91c801f54b16fafad4c4efbc7a521865a8e5f9fd641c428663497d3adbfba121acea55
CLIENT_HANDSHAKE_TRAFFIC_SECRET 3dbc86f3cff2ef396e4314d839bed4f8906c0977e848c7381b2ba34a03c73741 6a7a662dfd6a76ea5da6299659265d7f2c4375815aef92b35e155cb59c43c88637c33e384b94c09e1b1f1becfae3ee05
SERVER_TRAFFIC_SECRET_0 3dbc86f3cff2ef396e4314d839bed4f8906c0977e848c7381b2ba34a03c73741 244a39688e92bfcd92fc7d6e7750fcd8df51c9db168a7ec053e18b8b9d0c78d8e1aa66acdaaa5e396975b7a9fd3acd6c
CLIENT_TRAFFIC_SECRET_0 3dbc86f3cff2ef396e4314d839bed4f8906c0977e848c7381b2ba34a03c73741 6cf5b746d477572806543c202c02c64056e9cdf4c933d9248817a8434f8e7ad97c750f10fdc5a598c97a3dd9f281beb0
SERVER_HANDSHAKE_TRAFFIC_SECRET 3569bdc7fb4e5344b41670addaf9d3b8b022832119dc9de9de3f8785eed6a3fd cea90baa5f4cbafddaaed0ad61986adfa9b5713f7c676d74ff30c6412dd00b9409456522a12f598ed1e6dbb9163ed203
CLIENT_HANDSHAKE_TRAFFIC_SECRET 3569bdc7fb4e5344b41670addaf9d3b8b022832119dc9de9de3f8785eed6a3fd 6fc9233e668efe08e638d7de96cffb27a18a0af5694ce7fb253df7a9c96bdc8a19d8042a4a38813847e188e993cafeca
SERVER_TRAFFIC_SECRET_0 3569bdc7fb4e5344b41670addaf9d3b8b022832119dc9de9de3f8785eed6a3fd 8e7f6d941244dccfbf0e3b091bb12559ed71a95e1b50840372624acc80582a0d46d241b05de63042a4e9d5f458532070
CLIENT_TRAFFIC_SECRET_0 3569bdc7fb4e5344b41670addaf9d3b8b022832119dc9de9de3f8785eed6a3fd 10860d6a5df9211d9db5df40008cf2de7c7e339d1bdca421f192a6d84c5a7808d10f66f80a12a1c208134de46d9b1d76
SERVER_HANDSHAKE_TRAFFIC_SECRET c13694ce8726a02e6160d2045dde3306aa6061abd0a805c05607eb7143f8b0eb 59c6a926079db66bf998c24641c2ab252ee0b017ae250eefd7fc4e2957be419695c43d7cfa16afb46f77448dc5c9687c
CLIENT_HANDSHAKE_TRAFFIC_SECRET c13694ce8726a02e6160d2045dde3306aa6061abd0a805c05607eb7143f8b0eb 90acc3b4ef05f87c744c7e4dc0ddaaead7e3acb1675d836f28963ccbdfbf7ed3f2b3dd74f6d6beff4b38b8c5fc4b5e52
SERVER_TRAFFIC_SECRET_0 c13694ce8726a02e6160d2045dde3306aa6061abd0a805c05607eb7143f8b0eb b4ddf45131bab2674d6cacc80c12dc599a3d5163b9e0def9813e7f497c974606691bd91953e94958b2a5b8cc7964891b
CLIENT_TRAFFIC_SECRET_0 c13694ce8726a02e6160d2045dde3306aa6061abd0a805c05607eb7143f8b0eb 96adcae8b8120503b889c27ead9dd00183a218d4762374e1630a8090491b957e6f5369348103db803ca86c8698b483e2
SERVER_HANDSHAKE_TRAFFIC_SECRET 07d547e19dd34dec7d63a816e17a66814e942f036f26d7363d1b8e1978526e99 49c96d47d6338711c8be50281638fcae23d8d17d0b51a511c3cee471a3eaf3086d663188aad97b1c7e5b0029ec296ded
CLIENT_HANDSHAKE_TRAFFIC_SECRET 07d547e19dd34dec7d63a816e17a66814e942f036f26d7363d1b8e1978526e99 47d78cbb79719140b199feba8709a7e9ca48ea7e68bf1a24c1683656433760ce9651f6553d42e01e0b5ab0e79ef31849
SERVER_TRAFFIC_SECRET_0 07d547e19dd34dec7d63a816e17a66814e942f036f26d7363d1b8e1978526e99 590794270c3fa75756285aa4ba83094057ce7aac0a49340626f292304a4b98591e76942586371a55e716157c6c77d9f1
CLIENT_TRAFFIC_SECRET_0 07d547e19dd34dec7d63a816e17a66814e942f036f26d7363d1b8e1978526e99 b5b1a1fc00ad2c74ba443b88d058256bafc67196c64588ea61113eae8fdb87b7b69db044d00faee7118ed753c259b8ee
SERVER_HANDSHAKE_TRAFFIC_SECRET ff9d8d5c7450718d0768c1bfce9914444efd8691191c8ad2179910630c44f58c 0e9b97f4d6d1e1b85a0d3f423c320e626b7c493e7e761be6fa20ffbe490c9ada2be7643bf487af9d394e0fdf3e856df0
CLIENT_HANDSHAKE_TRAFFIC_SECRET ff9d8d5c7450718d0768c1bfce9914444efd8691191c8ad2179910630c44f58c 755eed0fe6de3ddcf0419c91689209c761e1a5aa9487d7deb73505776dc3a05fb30f95d12e7fdb6e6a8c54544884bc7e
SERVER_TRAFFIC_SECRET_0 ff9d8d5c7450718d0768c1bfce9914444efd8691191c8ad2179910630c44f58c 74e9e2b51761a7c0b61d307474cb9a3cacc27e87ca55eda6a022d30957b49d03758c02fa18cf41b38cb45ea1d380edc1
CLIENT_TRAFFIC_SECRET_0 ff9d8d5c7450718d0768c1bfce9914444efd8691191c8ad2179910630c44f58c 68bf68b7c96677e35a22a46ac325f2190e8bea862be5268b72d7cf2815d5a2a5714fe727eb07f7719b6b5d62fc85b79b
SERVER_HANDSHAKE_TRAFFIC_SECRET 2727197d7e4617adc7bd4e935861f2009b7b919278cc01fb48de877d85fe6e1f 278ac64892126fd2a9d6b7b42d6447cb2ea7146219069a97503976585185ad22e1c089a76f3896aab30e780bcdacc9c5
CLIENT_HANDSHAKE_TRAFFIC_SECRET 2727197d7e4617adc7bd4e935861f2009b7b919278cc01fb48de877d85fe6e1f c11d68cd3f9c13773560d405514d103658660155f3d119a7164905806e0812ebfb6168356269face06d89a03f1225157
SERVER_TRAFFIC_SECRET_0 2727197d7e4617adc7bd4e935861f2009b7b919278cc01fb48de877d85fe6e1f 07e0f0af5f65622baaf77aab7776bd314169e27b3badd14707fd2fffd35dddf239718c07f7c82de1f74f5f12f5fa9407
CLIENT_TRAFFIC_SECRET_0 2727197d7e4617adc7bd4e935861f2009b7b919278cc01fb48de877d85fe6e1f 6a76e69c0e63bac3e32179a632eb67b94fbbdb0992a9d317eeff72f0529bf1dc9167303cface567ab592306291a0e68d
SERVER_HANDSHAKE_TRAFFIC_SECRET 1089af7b03a3b69c891b7c346f5d67711b29a602a543c7fcd0fafffb3ceb9406 4f83bab78cbb67ea5275d0ef35c77fd8f91d0db03f70c0781ff9eb3a5460f96f8d159e20e567546b17c81a4567e71dd7
CLIENT_HANDSHAKE_TRAFFIC_SECRET 1089af7b03a3b69c891b7c346f5d67711b29a602a543c7fcd0fafffb3ceb9406 bd986b59f1751506072943044febfb79bb65bedaeb38251ddb159c1a3ed9f044fbe48080f8e6a11233e71da54c65ab4c
SERVER_TRAFFIC_SECRET_0 1089af7b03a3b69c891b7c346f5d67711b29a602a543c7fcd0fafffb3ceb9406 bbf535b125303431849a27fb5e9188b606da74a986f7231d868b7bfc16bf0a9a566d9d425361c7213985852f56e9e617
CLIENT_TRAFFIC_SECRET_0 1089af7b03a3b69c891b7c346f5d67711b29a602a543c7fcd0fafffb3ceb9406 d69733e8f0df6525b1ce3be79e70f9bd52a99c1193d6a8ce71f577834ca65b8190ef6accaeca925c91109e9666a60734
SERVER_HANDSHAKE_TRAFFIC_SECRET 27fb9305de9edae2a8ddd8cc07046c988acc9528a0cd19951cb44ac565d96b6b e2e39b977a7a7c06c1f6c38f4c7ac409718bc725e269233053658fe993c87376eaf6477354ae5bb828b7006a5e011b3c
CLIENT_HANDSHAKE_TRAFFIC_SECRET 27fb9305de9edae2a8ddd8cc07046c988acc9528a0cd19951cb44ac565d96b6b 2801cdc3d627ea6f31c21de03eeb948227adbe6967e659003e21055d61b004262e5c76d38872fbdf9c81e0a6d390d8a3
SERVER_TRAFFIC_SECRET_0 27fb9305de9edae2a8ddd8cc07046c988acc9528a0cd19951cb44ac565d96b6b 14b918ce5b0f7e2002e1a672cf354c7bb6cd92fbb183929b38de49831127a00d767012193c942d93b10515e2de17628b
CLIENT_TRAFFIC_SECRET_0 27fb9305de9edae2a8ddd8cc07046c988acc9528a0cd19951cb44ac565d96b6b 4881f379b8dd761f450e9f6572ce8a415abec9884ae941d25aaf2d353b05d05113bb15e21fc0a14e07381022efaa1278
SERVER_HANDSHAKE_TRAFFIC_SECRET ad6b878db247fe2e5e272c3465c6b24654a9e21b0b82db8faa0072bf4f708fa3 29c26be8b587fc898e74da4b866dd14cd9bf7742af76ceffef6e0c57fa2f06e6ac8450effb3ae783baba4fe79528b94f
CLIENT_HANDSHAKE_TRAFFIC_SECRET ad6b878db247fe2e5e272c3465c6b24654a9e21b0b82db8faa0072bf4f708fa3 0611d1d2590bd8f41473fe880797adeeb082fa2472f6d65a6cdcc3ce1e062cfebbc1340469eaa870258ddd93d1b84442
SERVER_TRAFFIC_SECRET_0 ad6b878db247fe2e5e272c3465c6b24654a9e21b0b82db8faa0072bf4f708fa3 eb31b7e095a4c053685ea4982112a009a2b24476a680197f9fb38cf9bb8b799fc591b41ce83982f963b0cdd548af628d
CLIENT_TRAFFIC_SECRET_0 ad6b878db247fe2e5e272c3465c6b24654a9e21b0b82db8faa0072bf4f708fa3 25f7ba58eb59469e58c6b1a543159974d7346610bba73f7cd0c9a992a5686cd1d8aad6b5232a4adde72319c5f07ff213
SERVER_HANDSHAKE_TRAFFIC_SECRET 7119306ab88ab03bb0ab3711ef02562cc24660fdf88a4c9253d98d28d0fc329b 2096d9c128887835cf92b68c7933b5ce2f28fe8318dbde28ed1fc351ce5de116f2e0691d0182a329220d49570372517a
CLIENT_HANDSHAKE_TRAFFIC_SECRET 7119306ab88ab03bb0ab3711ef02562cc24660fdf88a4c9253d98d28d0fc329b 5d951aa2518f33fe6417bb9f17d6a483f6aca8a9ad721e19a13d3a05fe70a857a0201dd75afa0275896dcb4afa645650
SERVER_TRAFFIC_SECRET_0 7119306ab88ab03bb0ab3711ef02562cc24660fdf88a4c9253d98d28d0fc329b 75e4bcbd6739e533350ded348be5789151899fe4a5f005147f7283ff94a5fd73eb49081ed184e003737680e0402e12ba
CLIENT_TRAFFIC_SECRET_0 7119306ab88ab03bb0ab3711ef02562cc24660fdf88a4c9253d98d28d0fc329b 2f862ce91e1183d212e05d3ba481e7a8355d68c60d6b466e24938a0537fd68015fff92104f6616bf1f62e1947be3b5f4
SERVER_HANDSHAKE_TRAFFIC_SECRET ee3aff336c5d97a44c77465bf8d9bacd8b62096762745b0286bb86cd174a2f39 47fb2757737d4b204150ccd33c2a77e5ba26a02c5cf716d7bfc09f5342649b94629cf47d84f400b6175294378c6539cb
CLIENT_HANDSHAKE_TRAFFIC_SECRET ee3aff336c5d97a44c77465bf8d9bacd8b62096762745b0286bb86cd174a2f39 839cd2e92e7480dc800c8ff6eca72add59ac2a6439687e752d77d419c852fd89bffec3a194c6d2610c49d434d99fef10
SERVER_TRAFFIC_SECRET_0 ee3aff336c5d97a44c77465bf8d9bacd8b62096762745b0286bb86cd174a2f39 3f3c67342fbfd7d65113b0d17045302d91962d4bfe16f0aa46721d8a86209d782804f58f95c0f1e49bd2d47689638a3e
CLIENT_TRAFFIC_SECRET_0 ee3aff336c5d97a44c77465bf8d9bacd8b62096762745b0286bb86cd174a2f39 65a2e58460c6b9302c58245be5a5c4abad00ddb38ac909d239aad2c19d3efbb1669812a036ff329d7995f37105c645a0
SERVER_HANDSHAKE_TRAFFIC_SECRET 57c6cf9945e5ec69759cc75e559b132993ff209949a699318c8a7ba0756b8b9f ebc5859a4e06a24dd5667bb75c6569baf342fc26b1466a1455ac085a973f0c79ac9e5ea90f8669b755227b48be329358
CLIENT_HANDSHAKE_TRAFFIC_SECRET 57c6cf9945e5ec69759cc75e559b132993ff209949a699318c8a7ba0756b8b9f 9a9b02da1384377f17868c3d4ee408b4222e43381f30511cebee91574ebb3ea6bfabddba536dd5955df849852cc7cb00
SERVER_TRAFFIC_SECRET_0 57c6cf9945e5ec69759cc75e559b132993ff209949a699318c8a7ba0756b8b9f d39ef3263bf2e882aa5767ea207a187a374fa9b21fca3efa2fd34f097107fff8a720eebe74bb3dcc62bb46f6cbb1a3bb
CLIENT_TRAFFIC_SECRET_0 57c6cf9945e5ec69759cc75e559b132993ff209949a699318c8a7ba0756b8b9f 1ad3740919862aeffd6add5f187b3f8abeddfc69b146cc03d6079d8cb235912e90377cd2b345760fe85ceb48bd622b71
SERVER_HANDSHAKE_TRAFFIC_SECRET 565c19b9b683c3bea9e889509ae57b278c4283a02047c2d2eb88dc579d41dc2b 7175fbd8ee69bc1a7c2c8665ceae6ca59c4a0baaf55c78a0fb43e5e77d21f561dbeea0d3859dcd9df8450cbe8cc9a271
CLIENT_HANDSHAKE_TRAFFIC_SECRET 565c19b9b683c3bea9e889509ae57b278c4283a02047c2d2eb88dc579d41dc2b 3a7f3a456d14a9cad539dc573e262dc7fef6c881edf22306da1c331692990da81fef70ed965ba7fba7152f58fc0a9390
SERVER_TRAFFIC_SECRET_0 565c19b9b683c3bea9e889509ae57b278c4283a02047c2d2eb88dc579d41dc2b 4f59269e4b28dcb9d1cee87311f0bbcb3b807512e3328322dfe9f83f036cc2a73177e895eb7a3bf31ec03f5a1a344d58
CLIENT_TRAFFIC_SECRET_0 565c19b9b683c3bea9e889509ae57b278c4283a02047c2d2eb88dc579d41dc2b b0d19d1b8be5a845ff3cfba0bf74efa2463e11e46a10480fee072e462d52c4e5cdad4f5a93ec0f2e87f8e7ee5f3ae8bf
SERVER_HANDSHAKE_TRAFFIC_SECRET b5f60981c927427b5451a5b267c5505b3f7beaf7a39ed2b1607a5b60578f074a fc9ec098e0490b3595e0f65d1155c35301fd0eb1ea8e7723f98867e05d45f67c87b8bdede4f36a1c84f441a35043b6b8
CLIENT_HANDSHAKE_TRAFFIC_SECRET b5f60981c927427b5451a5b267c5505b3f7beaf7a39ed2b1607a5b60578f074a 52f3432965ab422e0411d18acba4b682cd3855dcbb8d985e4dd593c37ab48c02a29a1d75a1c7c21d095bc6231813b35e
SERVER_TRAFFIC_SECRET_0 b5f60981c927427b5451a5b267c5505b3f7beaf7a39ed2b1607a5b60578f074a 332ebe8255129761ef94789bc47b1b417696261871b408237b8fc78f77a18268fff0f3a262551120126611c632a5ace3
CLIENT_TRAFFIC_SECRET_0 b5f60981c927427b5451a5b267c5505b3f7beaf7a39ed2b1607a5b60578f074a 05a944b8c412c48579a2d70a8093904049db88d04d66f3fef7c2c16b3b5d5ee0511878e612cc1954624917a73fd59eb3
SERVER_HANDSHAKE_TRAFFIC_SECRET 04215d2800158ebd8a5a9a03575fac0dae53d05319d29bfd42b3c664c5dac0e9 f94acd8fc0c46517811cd4f31b7e63254c3351c619b1e9d19b1539e2ec1e7c703f38d403c427a0e5528a74ada78624f8
CLIENT_HANDSHAKE_TRAFFIC_SECRET 04215d2800158ebd8a5a9a03575fac0dae53d05319d29bfd42b3c664c5dac0e9 67a0f444d57a6082fa77267195774b87fce070a13169020eefc8ad41bca91ad9d318164c4aaced6a190265e2f385ed18
SERVER_TRAFFIC_SECRET_0 04215d2800158ebd8a5a9a03575fac0dae53d05319d29bfd42b3c664c5dac0e9 d9c625f164f2118c1cda448cc061841112aba4d2963a932e7d2e9228f6ffedd775793a79b8c28e3ecf695dd690eb206c
CLIENT_TRAFFIC_SECRET_0 04215d2800158ebd8a5a9a03575fac0dae53d05319d29bfd42b3c664c5dac0e9 4beaa0994003849dfe931c7c6ed8f6344d9a2de4f4e8082bb1228124f0e91c1553634fc25b59b5b3d8489e38c074d047
SERVER_HANDSHAKE_TRAFFIC_SECRET 0992f7389d459622a264af276f3b57a247a5917fdbb41209a10fe3b5caaf6477 4367d328aa3abe9961e875772eb0d7843507b2383d679cb068c267c833f05ae653bc3f0e6f58073dede67c17785d286b
CLIENT_HANDSHAKE_TRAFFIC_SECRET 0992f7389d459622a264af276f3b57a247a5917fdbb41209a10fe3b5caaf6477 f94cfe5ad4661cdbfe2746521abc49285d4c771a2128c201ce14eaa65591465e4a52f9df3d5d4ac1db19add1bfafc9ab
SERVER_TRAFFIC_SECRET_0 0992f7389d459622a264af276f3b57a247a5917fdbb41209a10fe3b5caaf6477 3e2c162bcf0635400385532d87340fd6e4987c768204bfd00aa6dde9ec741773c46baa1a5d031f17922559ef56f86804
CLIENT_TRAFFIC_SECRET_0 0992f7389d459622a264af276f3b57a247a5917fdbb41209a10fe3b5caaf6477 cbd1e71ceefb77dbf2a0de58d679f2776d840a7ae192f99f3d7493a392f77b17e6f3b090f3e06a9007ea585b974b6705
SERVER_HANDSHAKE_TRAFFIC_SECRET ac81e24d8e40cba1c519a1f2265e83a1d18c0623d506c525d4eee17d4430ac2e 847030fa66fa7a17271d7bd43bbc5235dac53845aaa68bb8e18134580f3ad58f6964876d5a3982a5ffc1a4c7c02f115e
CLIENT_HANDSHAKE_TRAFFIC_SECRET ac81e24d8e40cba1c519a1f2265e83a1d18c0623d506c525d4eee17d4430ac2e 63a3875a10d4625d218384a85819848ce99b5ddad7ff62c7423d6ee07e6ca49444455b2542928c7dca39c1040ab29a90
SERVER_TRAFFIC_SECRET_0 ac81e24d8e40cba1c519a1f2265e83a1d18c0623d506c525d4eee17d4430ac2e 114a60ed3229689ee216524e6354334a30c43342f18648c56519e227ccacc9f2abfe76393516c9cafb68929764d93770
CLIENT_TRAFFIC_SECRET_0 ac81e24d8e40cba1c519a1f2265e83a1d18c0623d506c525d4eee17d4430ac2e 0aedff635df52789f937a7fa0f8fb536babf1b567afeaee1d38b926a9033834c7769543d965becd52e5db21aacc5ec32
SERVER_HANDSHAKE_TRAFFIC_SECRET 531d66d848db0f22954166af7059100463a962c5256ce4f72f7cb106617ecde1 fcee2e3fde2fc03d82e8fed393f400f3e9b612a2bb3007f42cea2f33762630889d730af97c4857a54367a7bd88ad0f54
CLIENT_HANDSHAKE_TRAFFIC_SECRET 531d66d848db0f22954166af7059100463a962c5256ce4f72f7cb106617ecde1 96b1e35cb3bf0dfa38519cb0fdbf84dc0847f9151ccae90055345d22e3c2c111e2b91274c234e717cec5354c23dc5ce9
SERVER_TRAFFIC_SECRET_0 531d66d848db0f22954166af7059100463a962c5256ce4f72f7cb106617ecde1 fb0aa30b866ef814b3a686fd172f4b42a1b630f0f89ece3512ebfed58df521327eb81a01470d45f6e350553d1dbf7ffe
CLIENT_TRAFFIC_SECRET_0 531d66d848db0f22954166af7059100463a962c5256ce4f72f7cb106617ecde1 fd5cbd2a70f5d867e8b3e9396ee27df1531d0fde74e3027da9df8ba7b554b102e4057edb8c8cba92aa31bf3c9bc1b6db
SERVER_HANDSHAKE_TRAFFIC_SECRET c995f921d93b6de2c8a91ede13d88bccc7f81aa74f34487bcd3d2d7f41d54553 409734d4e1c1ae6fcb1a51b40ce787527b7537bfe70d8b84e611af66abfc3afe398e36d3491c35fec6521e9ec0019510
CLIENT_HANDSHAKE_TRAFFIC_SECRET c995f921d93b6de2c8a91ede13d88bccc7f81aa74f34487bcd3d2d7f41d54553 50c0c8feba4028929b6c7256a1380103f5b0a6544ad85b00e6fd45410e0bda9d68c768c1e9f6666c2b8dfd75acdd113b
SERVER_TRAFFIC_SECRET_0 c995f921d93b6de2c8a91ede13d88bccc7f81aa74f34487bcd3d2d7f41d54553 896e67581a313f7eeefb81c55f9fb9348a65f9d65d9efa2ed9e9e371c612fe988aac7b59873183968aff2130b45d411a
CLIENT_TRAFFIC_SECRET_0 c995f921d93b6de2c8a91ede13d88bccc7f81aa74f34487bcd3d2d7f41d54553 479d504cb59ac9a9b308c818ecf7c5c8b8318ee87aaa18dbd2b3fb9c2f1632bd2e99c585fa090ff332c1f8043b9290af
SERVER_HANDSHAKE_TRAFFIC_SECRET 45f84a45010d473658ff154848211ec742a8c3e6166bd2e43c59a69d1e8c51e1 fe9e7aa0bea6d7f2632020e542f700953cb66498ec643720859347d2cfd5d92a25df2a3029e190fb9c8a04e83a74b4a0
CLIENT_HANDSHAKE_TRAFFIC_SECRET 45f84a45010d473658ff154848211ec742a8c3e6166bd2e43c59a69d1e8c51e1 73512d31ca7df4306723e77ad5fb1f1fd49e9ffcd346563e59bccc7057663ca3ab847d1be9ee51fbac2de7ed3ce2389e
SERVER_TRAFFIC_SECRET_0 45f84a45010d473658ff154848211ec742a8c3e6166bd2e43c59a69d1e8c51e1 8c3f985d845246c397e580af0f4026966f786db65b510fed76aa2bbfe2ea0332439ce2872633e6cc633bdcba336332f9
CLIENT_TRAFFIC_SECRET_0 45f84a45010d473658ff154848211ec742a8c3e6166bd2e43c59a69d1e8c51e1 411a63ee8c3d3cbf2fd867762f13c3e084c7aaaf25e690ea45463e1de94e3fb75d3f500e1b4b4148459c516c3bbfca18
SERVER_HANDSHAKE_TRAFFIC_SECRET 62831c51d740a2ae57367b2f218b3ba59905c59ebbe6129e7fbca0b7f3abeb88 349aad92786349767c0a427aeea7ec6f5a8202f5f90d578edc7dd696c3d183b6fe50dbc241031bc9ce2d99f9ad64bb4e
CLIENT_HANDSHAKE_TRAFFIC_SECRET 62831c51d740a2ae57367b2f218b3ba59905c59ebbe6129e7fbca0b7f3abeb88 7048e37873e0f7acdf0604593ab3a25086a2ba5532e83cf64edc1c654a3e3ccdc39ded24f72ef045c84e2d3848b5032a
SERVER_TRAFFIC_SECRET_0 62831c51d740a2ae57367b2f218b3ba59905c59ebbe6129e7fbca0b7f3abeb88 745691fc7d78de517633138d2b792031db5da4e0b808cc553b71094d4ab27fd8613eedf258eb0ddbf21ed3ea3d2fa4bd
CLIENT_TRAFFIC_SECRET_0 62831c51d740a2ae57367b2f218b3ba59905c59ebbe6129e7fbca0b7f3abeb88 479f24adcf80fcc06778b3d0cd7674064b04ead527207c6aa5fe102e373eac919a99118037427830ee015816bf5825ad
SERVER_HANDSHAKE_TRAFFIC_SECRET ed95a98a63177fc9daf68858ba562d19c4182ae4dd7bed022d31ef62a07d9146 95fb90fdbeed6238a35f85c75a5feafb83ee5f44779ec5830dee34471df6b6a5981a5d78e011bf7c89bbf1497bd3d62e
CLIENT_HANDSHAKE_TRAFFIC_SECRET ed95a98a63177fc9daf68858ba562d19c4182ae4dd7bed022d31ef62a07d9146 9d53354c9893702c51d325e4d58c2004b6dbf3c3989d076489d3426afe2bd9f1f86f452aa228fd7508c6a0c5896205c5
SERVER_TRAFFIC_SECRET_0 ed95a98a63177fc9daf68858ba562d19c4182ae4dd7bed022d31ef62a07d9146 48c37d68c7faff9e855c33bc05cd3e02789c4cf55e4757afc5d5124e29e64e18d6c3d170968fed499a213fabe9868737
CLIENT_TRAFFIC_SECRET_0 ed95a98a63177fc9daf68858ba562d19c4182ae4dd7bed022d31ef62a07d9146 9ef68c2b9211a7835463fb033f6ac7cf1a4cfd4528318b88854e03392998ddd7e0e7a39a2fe66a50e1baa4689bfdf7d1
SERVER_HANDSHAKE_TRAFFIC_SECRET dd5e1875e93f17e105c2161b8617abc5ec93d096fc57d2490609d2035320648b b14556e62707a55760cc07c0159e089b023a67d34bca5cd60f1dda179b2cc86888e0e83f83c22d7f7530b818fab58c52
CLIENT_HANDSHAKE_TRAFFIC_SECRET dd5e1875e93f17e105c2161b8617abc5ec93d096fc57d2490609d2035320648b 81c3ebb16340f48ad9d3aa336a31fbadbec0325e6cdcf720dc694252d64d78733076d381aab7a00b3f2cac5c1329c1c6
SERVER_TRAFFIC_SECRET_0 dd5e1875e93f17e105c2161b8617abc5ec93d096fc57d2490609d2035320648b d49273bcf3f0d7c0e47353bda9adefda26aa0143a5818a107e16a524273d2a8ab8de1267e5633a5de931ac11b82fecee
CLIENT_TRAFFIC_SECRET_0 dd5e1875e93f17e105c2161b8617abc5ec93d096fc57d2490609d2035320648b 131f9f00f930e65a155abf02d6b3a214ed9f5132b8a970ffa0ea8086e931ca6784d77243d9cd55825cb1d2e454b2755e
SERVER_HANDSHAKE_TRAFFIC_SECRET 3c103cfbbbdd20aa085d82dc1f6c75102062871ded59178756b6d11ce25f440b a7c2ae9714e1cf72e4239b25ead107a7d1734bf23ff09376eaf6700338cd1abed14a89fc264681dd4765e01802add69b
CLIENT_HANDSHAKE_TRAFFIC_SECRET 3c103cfbbbdd20aa085d82dc1f6c75102062871ded59178756b6d11ce25f440b c062bf9cdfaa5fd1527c930dfc368db3a27925bc93717f41b4e6cc52a07d91f5d19bf26918b11709c31da63b484f2336
SERVER_TRAFFIC_SECRET_0 3c103cfbbbdd20aa085d82dc1f6c75102062871ded59178756b6d11ce25f440b 7a45143a474829935721e1bb6f99f34e30b4e50602ceb28ad3ad601a2212a7e203a9852608d57c3129bc72a983e995ca
CLIENT_TRAFFIC_SECRET_0 3c103cfbbbdd20aa085d82dc1f6c75102062871ded59178756b6d11ce25f440b e0c7a9af656fe7e4189ab34149c23ef4600414f282f720c25a186657a383add32074753fa249dfc3e7f2cdbd3c9262e4
SERVER_HANDSHAKE_TRAFFIC_SECRET 9a896e0847c6266d3a7abfc66d305ccfcaa8115a7eac4ffb7b9275ed8af6bccd 32578e1909705b8d008e152d1601f8d1a8f6f0d42a253f7e2c1b80f8cd05bfe32d92f363827d37013292e07d2e858dd7
CLIENT_HANDSHAKE_TRAFFIC_SECRET 9a896e0847c6266d3a7abfc66d305ccfcaa8115a7eac4ffb7b9275ed8af6bccd 49c294faf8392e33ac301438315ab395daa773297cbf67a771915ae2759bab6107cd11a810339c7dbb6f531f9143e7f1
SERVER_TRAFFIC_SECRET_0 9a896e0847c6266d3a7abfc66d305ccfcaa8115a7eac4ffb7b9275ed8af6bccd ce9b959da6336d7a9fd259ce581bdda3811dc2e62fe1472fc85f3abc91bbbfaea5e3a5585092fc05d0999c6bb7876d14
CLIENT_TRAFFIC_SECRET_0 9a896e0847c6266d3a7abfc66d305ccfcaa8115a7eac4ffb7b9275ed8af6bccd c3e8a2b65fcd33c8ac1ece4351507ad29181c7946d582900243ddb7e71da3a303d124621333b244682d0f78378b3fbff
SERVER_HANDSHAKE_TRAFFIC_SECRET a98a7c18735fa73130f5d1b14de1c03c6c9b1f3d37c9fb196bd16df6bedf3150 6ff9904f7574cd88d74355160e21f80ed09d7138f05af903faecaa3937b1234265aa560526b290d65d2fd17d0f209c10
CLIENT_HANDSHAKE_TRAFFIC_SECRET a98a7c18735fa73130f5d1b14de1c03c6c9b1f3d37c9fb196bd16df6bedf3150 713596a2a0ec589af251a0bb8863959ddeccac3a40465b89e737060238e11be000ab8c0ef00182dce5a80a645a532b29
SERVER_TRAFFIC_SECRET_0 a98a7c18735fa73130f5d1b14de1c03c6c9b1f3d37c9fb196bd16df6bedf3150 ad1e8843fd04b9d645985f005d1ddd357b14afcb162f0b4c2639e3d8e465c8c9bd63295fa42c1495997e6d08e56e12e4
CLIENT_TRAFFIC_SECRET_0 a98a7c18735fa73130f5d1b14de1c03c6c9b1f3d37c9fb196bd16df6bedf3150 d29ff13b454159ce3d114eada27da24ebf9a572ddac394e4114906f8632a3c96b885a2a2146bfd40346872be09d67018
SERVER_HANDSHAKE_TRAFFIC_SECRET 360d4e064b52e2da9a8cf5d1ab0f22982b7582e82fa15b611edcfd215c7e8184 5614223b9e664b61fe6b6c858485d622edb3e4ef0a08ee6f09cf6fb3e62aadd678b4e254ac2bf61879875286c857368d
CLIENT_HANDSHAKE_TRAFFIC_SECRET 360d4e064b52e2da9a8cf5d1ab0f22982b7582e82fa15b611edcfd215c7e8184 3a761ac55e0bfd50f80be86b60d4a7844140a5403610b1d228aac8c57b471425c4b426d967fbe7dcbbfe50e34cb55ffb
SERVER_TRAFFIC_SECRET_0 360d4e064b52e2da9a8cf5d1ab0f22982b7582e82fa15b611edcfd215c7e8184 2714c365fea79ac21031268bad4cdfb50436ef24812a7dcb48cf200ccb1fa3e27842b9b1407900b1b15595cdcfb4ea98
CLIENT_TRAFFIC_SECRET_0 360d4e064b52e2da9a8cf5d1ab0f22982b7582e82fa15b611edcfd215c7e8184 45db66e1d621a00fdfe268c26d61e5ecd5b42f635607ec455112e859853e8fb5f7f0b96d1fc07dad0745945733de5c00
SERVER_HANDSHAKE_TRAFFIC_SECRET 42a08ece0cb513a9854cb46dd0c25263bed1566fcba88158ae17b23e3d26c1c7 702db8c8cb1d9adbc98f6943b65830f2b5e01e3a1829449cbdc42465b0d68b250c315a76a8c95207a288e03d102ad83c
CLIENT_HANDSHAKE_TRAFFIC_SECRET 42a08ece0cb513a9854cb46dd0c25263bed1566fcba88158ae17b23e3d26c1c7 58bfc4faaa0ff8a6bfdebbff6aa4356bb12b53bfd9878876dab792ebacc44796bb736c1c31030cd68e5a4181eba9a7e0
SERVER_TRAFFIC_SECRET_0 42a08ece0cb513a9854cb46dd0c25263bed1566fcba88158ae17b23e3d26c1c7 8e5829fc791aea02bf2112650e869a0e0e32d0180867a0b39aa8242eae72585014c321c37b2db3b0beb6d5574d8687a6
CLIENT_TRAFFIC_SECRET_0 42a08ece0cb513a9854cb46dd0c25263bed1566fcba88158ae17b23e3d26c1c7 c0f358c9e7cd02457700a985feb9a9f4f986d76ef161f0e0f2f250eec177c18a7b3b7ff29ec4a1b4927d866abda7fabe
SERVER_HANDSHAKE_TRAFFIC_SECRET 769346c076d18c1a660eeeca91622d5034bd369bff6114c02a31cc1fcfcdee04 bb761e1ba0e7beaa1e4169b43b8b6018e0c116e626009acc14490e87762706ed3759aa7c199aef5f9f0ee44ba66d939c
CLIENT_HANDSHAKE_TRAFFIC_SECRET 769346c076d18c1a660eeeca91622d5034bd369bff6114c02a31cc1fcfcdee04 a1c0838a65cf51de324366846eaf7fcf26973578b795756a4309884108994d7cfc95ffcdbb0ff9595bdc81d90ed8b23c
SERVER_TRAFFIC_SECRET_0 769346c076d18c1a660eeeca91622d5034bd369bff6114c02a31cc1fcfcdee04 274be42c6cd67a5fafc1949b1c69c5701a359e27bc076d9c5cfc889215dcb99757a69b562711db65d04d23cd55ce98e8
CLIENT_TRAFFIC_SECRET_0 769346c076d18c1a660eeeca91622d5034bd369bff6114c02a31cc1fcfcdee04 0fe6da71e7a3a01fd46ce6ec1dc531bf2a3eba8abfcf0508cc43daf77ce9b049a68881c99ec8a6a4086f5864f343113e
SERVER_HANDSHAKE_TRAFFIC_SECRET a696c32b7113f3d25c06ecbb7160c87958b66b58c1bb99b4c7aa897defdfc20d de835f8ab62817329ef9ba40649e9de94f37f3982d6c45bd8ed25513f6a05710196f030c5330b1584aa51e2977f9a059
CLIENT_HANDSHAKE_TRAFFIC_SECRET a696c32b7113f3d25c06ecbb7160c87958b66b58c1bb99b4c7aa897defdfc20d 68aaacb4b8ff65dc55f419b65cfb3deb248518931b6f96dba2d433d8dbf81c5d9d20205391355d6c181ead77a035ab22
SERVER_TRAFFIC_SECRET_0 a696c32b7113f3d25c06ecbb7160c87958b66b58c1bb99b4c7aa897defdfc20d cd588edd9aa0ee6aba05669f36fd131e53d4220732ff5d93b0dbb8c4ed90877a41ac7b03a61349466f2d1b18dd7c52eb
CLIENT_TRAFFIC_SECRET_0 a696c32b7113f3d25c06ecbb7160c87958b66b58c1bb99b4c7aa897defdfc20d 00f3f429f6028bee941df9542da528b2baa272872a37619a90cb66e76301b9d809fdf6889dc32b568ee731d851216f94
SERVER_HANDSHAKE_TRAFFIC_SECRET 242c5fe8c4323b26f12370415163b4c917a7698ec3b8a1dfddb5ac2b80430cfe a371580d88f6b1e608350b8668ac13c5479398fd852d31faac1dcb0286b524f7c91e9d0266cbdd5e2bb8ef6e864cef59
CLIENT_HANDSHAKE_TRAFFIC_SECRET 242c5fe8c4323b26f12370415163b4c917a7698ec3b8a1dfddb5ac2b80430cfe c9bfcd16011d7c9aba59002201b171b10fc07d73f0d8623fdc8bc5c947c752946dd60c540b56efce764ed292e89e3479
SERVER_TRAFFIC_SECRET_0 242c5fe8c4323b26f12370415163b4c917a7698ec3b8a1dfddb5ac2b80430cfe b7747fb3c62a4c4c9457f28a4b5fa98c2f77d1bd88e21091dee7989c881c75317b239972eac37c2c105227ddfdeea83c
CLIENT_TRAFFIC_SECRET_0 242c5fe8c4323b26f12370415163b4c917a7698ec3b8a1dfddb5ac2b80430cfe fded147dbb2261684f881ae68f9765f6ccdc4bdafdc4f9e146caa3d9c55dec5da5aa88eb9fe371c9d602097cc209f480
SERVER_HANDSHAKE_TRAFFIC_SECRET 00c46723b9a233bfae26b3757060df1673c65d5f08a778252fd06c5112b940d0 d822de27c87ad2dea409b7e41bddcfdd92b8b81af409bc39c49b52c0119773f512c18bc1daf655382e96bf20681f18c8
CLIENT_HANDSHAKE_TRAFFIC_SECRET 00c46723b9a233bfae26b3757060df1673c65d5f08a778252fd06c5112b940d0 51d6c58488b08737406833826b18b4cfb973cc9ca996dbaa3158b215debd9ef4de9041b145d2dad28b04dc61f3121f74
SERVER_TRAFFIC_SECRET_0 00c46723b9a233bfae26b3757060df1673c65d5f08a778252fd06c5112b940d0 a2cdb4247a204dfddba0ed53bb589e099e7c3b27d9ca2695e12bd2a4f2c0dbbc59f20ba718ca71be096a448fbc3e98b1
CLIENT_TRAFFIC_SECRET_0 00c46723b9a233bfae26b3757060df1673c65d5f08a778252fd06c5112b940d0 cf7fab4d71a3b3a044e4dae9cf8cc5f270b77121621f5053e2093f8adcc072dab767db0e919dde3b9120be2f62693e49
SERVER_HANDSHAKE_TRAFFIC_SECRET cc33edbd798683c0d8458417ff25e6945baea67ef2ba9faf74c7465b54290b9b c86b865ee632d61ccd0fde3b127d35f65be404d3cbcac9791722a90e220c5db87947608aad4d7f97794604ff10a68d9e
CLIENT_HANDSHAKE_TRAFFIC_SECRET cc33edbd798683c0d8458417ff25e6945baea67ef2ba9faf74c7465b54290b9b 6c72490f1b23e6ec9fd5b96563732677cad933b0f48429efc29edcacd015be949754c264ffbd7b05ddb6567131e878df
SERVER_TRAFFIC_SECRET_0 cc33edbd798683c0d8458417ff25e6945baea67ef2ba9faf74c7465b54290b9b 5705b12c0348c53945da28008f3069b7613bef92998cf53acd2c49c6353a9e65e4e22b1f31595d093e4ce632efe50adb
CLIENT_TRAFFIC_SECRET_0 cc33edbd798683c0d8458417ff25e6945baea67ef2ba9faf74c7465b54290b9b 605620c4d54f847ae30ff7cd8fcf957f7e5a518a4fc53bee994f4ab683b4e09111761b04452ab5bb6b54657097de80ca
SERVER_HANDSHAKE_TRAFFIC_SECRET c43c210ce51bc65df72ce10f4c26901ee4978bf6de8a7f9d20b657e8ca5c4e0c 5a7fa1abaf81693b0c4365a3529e6f7a020410b4ddd68139dcca66229793261bd6bafdf87e05b6f98b8d7bdf5f177e86
CLIENT_HANDSHAKE_TRAFFIC_SECRET c43c210ce51bc65df72ce10f4c26901ee4978bf6de8a7f9d20b657e8ca5c4e0c 29d68496af5df8a3e554bd7105e0f29828912a373def4f49583ebbaee7c8fa5d46341a3b2d01278e6c0257a62c0df073
SERVER_TRAFFIC_SECRET_0 c43c210ce51bc65df72ce10f4c26901ee4978bf6de8a7f9d20b657e8ca5c4e0c 09a255605940adfe3871addea2eb6ffb40ab5870914473d066caacd23efab3b6df9951c62fe5ddb28130a1e59631c19a
CLIENT_TRAFFIC_SECRET_0 c43c210ce51bc65df72ce10f4c26901ee4978bf6de8a7f9d20b657e8ca5c4e0c 0eb19773e66d024ecd7a7b24abc8cc38b41c30d37c8200355e826ccf1ce1260ba6fb2a669c6ca8c33126abb1d942ec25
SERVER_HANDSHAKE_TRAFFIC_SECRET e5e3ad18ce17041cb9110c6735493c7154b8a7b601742a253d706724c5778ecc edeb59ccb15351dcd75b1e33dec7e5dc268e9e61ea35221ec485e8591a3c6043b12ac276f77368c0dd778a1f716fdb02
CLIENT_HANDSHAKE_TRAFFIC_SECRET e5e3ad18ce17041cb9110c6735493c7154b8a7b601742a253d706724c5778ecc 0e009fb64012ba4e45e78ebdfb1fa9f84b49b905887c40bb5a9ce85d472ff6e773bd436b76f04b5b037bac14beb0c68c
SERVER_TRAFFIC_SECRET_0 e5e3ad18ce17041cb9110c6735493c7154b8a7b601742a253d706724c5778ecc 3eb506a2dda07f450c13e46abc0b395503ea041190a650d8a341eb7b0bc35584208854d439f92dbfc5c4384e41eec8eb
CLIENT_TRAFFIC_SECRET_0 e5e3ad18ce17041cb9110c6735493c7154b8a7b601742a253d706724c5778ecc 898d1734f23c805c37b249a94d90e303dbb512264d9f9d501927c4c6572e7650f589f7b8022362655fc3fd94d00cadb0
SERVER_HANDSHAKE_TRAFFIC_SECRET 07fc5c86368cf7c9630db28dbbddb2e2b4a9a7b31016b182b1fe1f0aeff6d12b e503bf985cb5db3c45991231c0e1e42baeb65f0e56c3707d168f951883adfb15b289c4e44208b8e6450267b478d4b7b1
CLIENT_HANDSHAKE_TRAFFIC_SECRET 07fc5c86368cf7c9630db28dbbddb2e2b4a9a7b31016b182b1fe1f0aeff6d12b 56e011564df1cf2f5fe47f8cc56580bca60d9b5beca8318ab852aa0a11106ce717ef623cf4936667b2ffb320159930de
SERVER_TRAFFIC_SECRET_0 07fc5c86368cf7c9630db28dbbddb2e2b4a9a7b31016b182b1fe1f0aeff6d12b cab8f9fa7c3a723bd8ac21625f17bbbbc6694b446d1852cfb2513b40b42ba345319013672fc25b621d4c546bb1e54c0b
CLIENT_TRAFFIC_SECRET_0 07fc5c86368cf7c9630db28dbbddb2e2b4a9a7b31016b182b1fe1f0aeff6d12b 30955eb2e2157f8d508408e0447b327c1bdefaafb3afb5b4aeb932974bd3071fb04fc52d4313805ec2a912ad3582fac5
SERVER_HANDSHAKE_TRAFFIC_SECRET 21879eeddb47076bfd41a1f64062fea18850bb1bec45eadf00ce5c73b7b893f0 690fed0e2c4a569928a1201a6e20a117dcdc61c0965dd861959fde1178313bc2cc4a4b979a4a8c9a1b705f595f0b5568
CLIENT_HANDSHAKE_TRAFFIC_SECRET 21879eeddb47076bfd41a1f64062fea18850bb1bec45eadf00ce5c73b7b893f0 5e63f7e35f26fd422289f20e6b801c651d580ed233e8df3d29b6df6116e615736664bb87c69df62e51df90c3ce5e7e39
SERVER_TRAFFIC_SECRET_0 21879eeddb47076bfd41a1f64062fea18850bb1bec45eadf00ce5c73b7b893f0 fc33d6669f06a19598a0f4f2987192336657044d79dd753438dbe494ed5afd0773fd066725a52f0cd1c68a03941dda5b
CLIENT_TRAFFIC_SECRET_0 21879eeddb47076bfd41a1f64062fea18850bb1bec45eadf00ce5c73b7b893f0 94ad6c89b4e115983a749b7331354d3b860d8cef20cfcdae1c0946bd01749c38022bb7db6752541358450dc83d75f194
SERVER_HANDSHAKE_TRAFFIC_SECRET fd67ea8c5b5a84228208fa7662c998ebaeb27b0092483f322518cb89cde332fe 22d895814c27d3c1365f1d89e609f9f3744070170b15208911772ef077e62d45b98abb7989d4fac496fd80cd1e2638fa
CLIENT_HANDSHAKE_TRAFFIC_SECRET fd67ea8c5b5a84228208fa7662c998ebaeb27b0092483f322518cb89cde332fe 3cf94149a5591dfc24b43b9d1c6054af1dc09ed4e2010be4ac33ca008a653a1da9f7121f9b117744148813020ec4c5d6
SERVER_TRAFFIC_SECRET_0 fd67ea8c5b5a84228208fa7662c998ebaeb27b0092483f322518cb89cde332fe 3eb33e96ab2b9126d1e86bf50f05ca92eb8365d381ba1530c902db497b779799ed6297dc712bbe5a490643600731fcd6
CLIENT_TRAFFIC_SECRET_0 fd67ea8c5b5a84228208fa7662c998ebaeb27b0092483f322518cb89cde332fe 7f8eaf23c60797b179cd22ead73e280ef70f1b13413193654ebd86cf4e40c1f4a8a11a241d7da13d2cfaa4bc94a87bd7
SERVER_HANDSHAKE_TRAFFIC_SECRET 90db2f8c6381b753e1d06c0b16fe6cdb4f1dce7c224de4707e56500f35480b2b ba4fa1f3f92425a19a2f2cd906914284cfa239ec332a3e318cd17d854a3f23771dd2871b5ed23290bdb67f168445e5fb
CLIENT_HANDSHAKE_TRAFFIC_SECRET 90db2f8c6381b753e1d06c0b16fe6cdb4f1dce7c224de4707e56500f35480b2b a015c983c3adad4174c51b69d8b331349af8225227ed05bf5779117c8c4195de376fffbfdca63606b9a86470ef061ef9
SERVER_TRAFFIC_SECRET_0 90db2f8c6381b753e1d06c0b16fe6cdb4f1dce7c224de4707e56500f35480b2b 56d0980e7bb9c5aa6755c881425e37a21dcea32e77bbdd31b8ca228bcb3952cec6253566725f7e4a44781b35e6c531e9
CLIENT_TRAFFIC_SECRET_0 90db2f8c6381b753e1d06c0b16fe6cdb4f1dce7c224de4707e56500f35480b2b 9fa56a4d71421f3fde890ada7fdade3ab5fcf268f2e19b468f709975389cededa232dc5be936201dff21b4b12a8d8766
SERVER_HANDSHAKE_TRAFFIC_SECRET c963ab3ee7a970b99957d171874b21e971c46fc8d291d4945968126905304086 aac582e3a7ac6d1751280e4d33597b9c3433d5b01bb4be7b2d7dc5dff22d0e3a9958264bffdad7ffd4b4dd0952cd2eab
CLIENT_HANDSHAKE_TRAFFIC_SECRET c963ab3ee7a970b99957d171874b21e971c46fc8d291d4945968126905304086 e67b0fdd6829e85716d9e475106e3c38615ad78678b79aff5cb87dabecfd6b25773af794dcb2f79e32eb568fbfc10262
SERVER_TRAFFIC_SECRET_0 c963ab3ee7a970b99957d171874b21e971c46fc8d291d4945968126905304086 a8f0a97d46fc6f3914fd18e6108c10824ec175611634db9f76b7fc67c888c62e12c1c0f9118c4778c49ccc8887e51ca1
CLIENT_TRAFFIC_SECRET_0 c963ab3ee7a970b99957d171874b21e971c46fc8d291d4945968126905304086 f6ca3f60c4d4ebed58a692018fd88162463e169344e342e6e33c6c0c2dacfd7331df2d85f152ab45b00696e5502d1d20
SERVER_HANDSHAKE_TRAFFIC_SECRET e35668971f0b5333cc9ec3ba98d971b822b3d28cd1a795f9e4706e2fa9821a98 7b6417e637c3a4715957234d07aad896b992a610d408d50ecdf9f583fe9b888da135441d91ab79b6ce5a3ce6fb712490
CLIENT_HANDSHAKE_TRAFFIC_SECRET e35668971f0b5333cc9ec3ba98d971b822b3d28cd1a795f9e4706e2fa9821a98 9d2c433f3b1b4e92118aa59b767d60b0003e335c0db41ad8088d62f5f49c9c9e2db648bca081207cfc8cdc6a81d35e2a
SERVER_TRAFFIC_SECRET_0 e35668971f0b5333cc9ec3ba98d971b822b3d28cd1a795f9e4706e2fa9821a98 829d147b918ef588d9a5efc859953ed06b9a886dbfe05ca08bd83558b7e546ffa25b2ad8cd28419830743e9edc721bde
CLIENT_TRAFFIC_SECRET_0 e35668971f0b5333cc9ec3ba98d971b822b3d28cd1a795f9e4706e2fa9821a98 11941f2e9d9836714977c13588faaee957d6b7036b2a53fa8d34ab14476b799567dc1211e402a7987e835dcd591e48f6
SERVER_HANDSHAKE_TRAFFIC_SECRET 8c3152c73d5907228aaf76cabd818625a94ec94817f59dd4a90d97d853ffd75c d34932d399793b2c84d2385a6e6460f0748d5fe499dff03a8dfb7c33473f86352653b19c6234b7390304dd070a9ac92e
CLIENT_HANDSHAKE_TRAFFIC_SECRET 8c3152c73d5907228aaf76cabd818625a94ec94817f59dd4a90d97d853ffd75c 5d50c93eff90ef948b190c2e70cdf552827f1228c9915cbcaa3cf469fe8e8b5b67c32d179c29f0abcdc0e79484bd08f4
SERVER_TRAFFIC_SECRET_0 8c3152c73d5907228aaf76cabd818625a94ec94817f59dd4a90d97d853ffd75c 83d14fb73262d459fc6cd074f504a0360bf6efa7f11ee0dba50e612d02bd96860bc4aeb72b5954dd2429f680032ad7a6
CLIENT_TRAFFIC_SECRET_0 8c3152c73d5907228aaf76cabd818625a94ec94817f59dd4a90d97d853ffd75c 6739c7098c762ae695632f168b26a315d99696b06b24e1700be6ed4ff1f40046077772b106331685629b132267ec1bce
SERVER_HANDSHAKE_TRAFFIC_SECRET cc4f92f5fee730d66c9fe1da9e7a422f4b8406732f88d1ccf309e6a3404da47a e9e13db6561eb0acad8fe7af90ee1cccb2e8f36215db30d14644921ada5bcf9a6af353eb52c25ee34f2243ff8f1a876f
CLIENT_HANDSHAKE_TRAFFIC_SECRET cc4f92f5fee730d66c9fe1da9e7a422f4b8406732f88d1ccf309e6a3404da47a b4697c9ea88579723982f8e8378c1e00c796188c032fc3149176f2a40997dea662ee22435577ba7e59635ca7f5999365
SERVER_TRAFFIC_SECRET_0 cc4f92f5fee730d66c9fe1da9e7a422f4b8406732f88d1ccf309e6a3404da47a 2e27f9488e369fd0c489c5521d143b865dfd2a4b53464b5146291980c5bb6d686a8479977ebba0e5356b2028d28c6320
CLIENT_TRAFFIC_SECRET_0 cc4f92f5fee730d66c9fe1da9e7a422f4b8406732f88d1ccf309e6a3404da47a b63b1e1b2deef89f2995a5581f43c13f36f0924f3695a5feaa5ebe47e0687a79c8dd2d4d2b02c8c99da5a66477bfcaaf
SERVER_HANDSHAKE_TRAFFIC_SECRET 194e40b811375b8edfaadb13ccb378d2af7394925fa9ed58af9476c8e631591a 73c4b2d57b516b6346ad6165d7bf6d16e9b033e7b6e15395bb2e8aa46b9e62da438243512795fbffced8d8d79c211dc6
CLIENT_HANDSHAKE_TRAFFIC_SECRET 194e40b811375b8edfaadb13ccb378d2af7394925fa9ed58af9476c8e631591a 12f7a6783887622ac0b6e6f2c9b3a8b46cfe54448b927eb8ba478c37466d9ecd178ea8ec6b40554cfe106e5d0b9a3bbd
SERVER_TRAFFIC_SECRET_0 194e40b811375b8edfaadb13ccb378d2af7394925fa9ed58af9476c8e631591a 4a25b2cf9c00004095088e5e7af9ad9298a4216800c2757a6a51234d8c3da1ffa70d436ec34dc3b13b25fbc6794684fc
CLIENT_TRAFFIC_SECRET_0 194e40b811375b8edfaadb13ccb378d2af7394925fa9ed58af9476c8e631591a 7d2c0b5548f208b571ef9017f82b750976ce63fffab90e2f6683c9a831a06080d13c038cff0fe4115c5aefe42d3f9430
SERVER_HANDSHAKE_TRAFFIC_SECRET f34fb9e7d0b03deeea633216dfb95f3e3204480e8205927ac13d358178f440ac 446d6eab5584a6d72fa498ed9c13b78fd2c8818126c0831cf88a6c7db3f094f686519b3f9fd1c6f074c16d28fb591a85
CLIENT_HANDSHAKE_TRAFFIC_SECRET f34fb9e7d0b03deeea633216dfb95f3e3204480e8205927ac13d358178f440ac cdcb8fe7b8fa1ed507072aff360fd885f91ec30ffd4d3135e7036ea309329845ff0d911dfa8ba8654005db057dc6af7a
SERVER_TRAFFIC_SECRET_0 f34fb9e7d0b03deeea633216dfb95f3e3204480e8205927ac13d358178f440ac 24bdbcfb5107b69c215cf882853f08edb377502e28339ea988b7fb6c890b4c1758e61a5623d1e0d7131ca9fa07b63c65
CLIENT_TRAFFIC_SECRET_0 f34fb9e7d0b03deeea633216dfb95f3e3204480e8205927ac13d358178f440ac acbfd3a83ecb6ab20a85058d04737ab0f7b7a3369e0c9dd7f3cb881a873938aecc5d828c356c849d76482be25c5337b0
SERVER_HANDSHAKE_TRAFFIC_SECRET 752f40e828032573dd076dc587a35409ac478fcfb96aa5b4322686d183a126f9 fc2a497bb4e02b405294da20d6e00f093753b8302d9c6635a6330effb6a887e68d5a21109045c137bdecd57a9794d297
CLIENT_HANDSHAKE_TRAFFIC_SECRET 752f40e828032573dd076dc587a35409ac478fcfb96aa5b4322686d183a126f9 e39c34c19ab61a931cb42ab5f37bd115ed21a3ce5bfe1e127d6dcde1dc8675de31173332d6d5a8e0e2894afb298c584d
SERVER_TRAFFIC_SECRET_0 752f40e828032573dd076dc587a35409ac478fcfb96aa5b4322686d183a126f9 1a1d8bc094e5b55f318e0f7499f2daed2e9642baa74e48389f6268c14f38cced9bb677441236637cd13017bdaefb87e0
CLIENT_TRAFFIC_SECRET_0 752f40e828032573dd076dc587a35409ac478fcfb96aa5b4322686d183a126f9 c542db9a26ec0dc668e78add72be1d8e890c6645252d5210e30cfa7cb41b995ecd3e951b42a330fd2d1496d81ad79312
SERVER_HANDSHAKE_TRAFFIC_SECRET a2fd31f25baa8af37daa49568d5be644cb38c7c6e1f3193f937c34105cbabea4 9d090ce9741457270e5fb1ab7f008ff63e9395ec06154e6452ef8c34669946f1290609742ed14157d375db4054161d15
CLIENT_HANDSHAKE_TRAFFIC_SECRET a2fd31f25baa8af37daa49568d5be644cb38c7c6e1f3193f937c34105cbabea4 bc37c4510e47645e3fb4a9c1112bd03d9f7d84573c01ccb583bace3d71d308fe453112286a9b96a947ed73a8c3602a2f
SERVER_TRAFFIC_SECRET_0 a2fd31f25baa8af37daa49568d5be644cb38c7c6e1f3193f937c34105cbabea4 9e9112bfe0485455e9967a98ad75946c7a5a1fc804310b686334d29fdaa39e94c2e459e61b06eb9dc5bfd9ef3297ac08
CLIENT_TRAFFIC_SECRET_0 a2fd31f25baa8af37daa49568d5be644cb38c7c6e1f3193f937c34105cbabea4 b6bebeed3c25e75c47863e36c1ffcaa2e81d73728352affbfa6401bc73789a1f701abd5055293622f631deeb8b50cf33
SERVER_HANDSHAKE_TRAFFIC_SECRET 8a517bd1a33d120c01f02e7a9ba68e6d1d3e27ca9e0339dc66228c96ee4fe6c8 843f689f39fc42ffeda45b3244c16976282d5ddbed2a5003259b765fe9244efcf17b35a594b7ccb3d96be796ea78ee10
CLIENT_HANDSHAKE_TRAFFIC_SECRET 8a517bd1a33d120c01f02e7a9ba68e6d1d3e27ca9e0339dc66228c96ee4fe6c8 6893112b6debf8dfa4ba10cdd4f88f3e7d60ba726ad40478a2bb283db8f52c77fd72c535a816d57e742b2d8fb85e5637
SERVER_TRAFFIC_SECRET_0 8a517bd1a33d120c01f02e7a9ba68e6d1d3e27ca9e0339dc66228c96ee4fe6c8 5e7d7b092ac94ec3c4eee4e95fe042aad2568174bc9d38f3d192edcfadcc26520ee513989173d303b8e325d1c8df909e
CLIENT_TRAFFIC_SECRET_0 8a517bd1a33d120c01f02e7a9ba68e6d1d3e27ca9e0339dc66228c96ee4fe6c8 d5855e5e6e12ca4471fcebd87d7f4af3165abf6ef7be691284263092bbbe3d27385cfbc8bdf005a6ab489ee4b0803e42
SERVER_HANDSHAKE_TRAFFIC_SECRET c6ba8b4187de26e09f563edf7ecd93945cba6b8d5fc33142b0c65e2654246b22 7396543211c2d4c2ce44af46e06e2ed45053ef19a70745d83f40570cb26a7578c690171ef8f5e239861d89edeb8342b8
CLIENT_HANDSHAKE_TRAFFIC_SECRET c6ba8b4187de26e09f563edf7ecd93945cba6b8d5fc33142b0c65e2654246b22 c803fe30066ce676c2fcebd6eefb4e7f2dab5f41fb406c3904b80dacb436b1f9dad0da684e4b9085e86677d70f6bbb73
SERVER_TRAFFIC_SECRET_0 c6ba8b4187de26e09f563edf7ecd93945cba6b8d5fc33142b0c65e2654246b22 5783facdfc07236664300c546ad9313f791b1d7f0e72eef3f3486a4322b8caaf498f1c74d5051dc63c89013892201d33
CLIENT_TRAFFIC_SECRET_0 c6ba8b4187de26e09f563edf7ecd93945cba6b8d5fc33142b0c65e2654246b22 f2140767fee0caf064d4b0a12d62bb4bdcfee940de9e3ec22e712495dd4ae94df033481682ac31cbbfd9be430812a5ce
SERVER_HANDSHAKE_TRAFFIC_SECRET 5c73cdfade75876f5918ab228e0d88017e1e40467eb1132e61f41f521cf7c9eb 4db553d07b331953fbc4045222989c6dbde7ffcfe7d67be436476a1a92563fc95c6fb3ca2ef2f1d1360e32f62a984a12
CLIENT_HANDSHAKE_TRAFFIC_SECRET 5c73cdfade75876f5918ab228e0d88017e1e40467eb1132e61f41f521cf7c9eb 484de539628739bac8daf2ccc345d8a0269d1abfa6fc35563509a5ec9b920ee3a0e91693b03118df682ecb1c7e792915
SERVER_TRAFFIC_SECRET_0 5c73cdfade75876f5918ab228e0d88017e1e40467eb1132e61f41f521cf7c9eb 2d6708ef95f190a311ae538bbb296f0ac96700edb411fa9d1b819175458e8273dd50f83fa3f8d5d8f73b5886c6ce5445
CLIENT_TRAFFIC_SECRET_0 5c73cdfade75876f5918ab228e0d88017e1e40467eb1132e61f41f521cf7c9eb 9670e2aab0959c31c2656ae93c261eee31078fec444dfcf0503df1038ff22c65b5fbfa80e91f1a7e227af41d3371d209
SERVER_HANDSHAKE_TRAFFIC_SECRET c2c0aebc8378dcd9fe6951b169fc557c94d1a3200998126b67648e7760a404bb 8de90504bb78bb25633f5d31b48170b3e574cfc1bdbf0fdac5fc988a082a49ce1b667598286e34096005c336b8ab8d34
CLIENT_HANDSHAKE_TRAFFIC_SECRET c2c0aebc8378dcd9fe6951b169fc557c94d1a3200998126b67648e7760a404bb 6c63efc7994bfda17e14bc58a0fb1e34f4bf8c83cdac2e235c1b80af49264a2405b791c47bdcab851dea3a5c30d4621b
SERVER_TRAFFIC_SECRET_0 c2c0aebc8378dcd9fe6951b169fc557c94d1a3200998126b67648e7760a404bb f11f957933d89e8f71e154582be90afc150f2c100dccf4d5820593125aca3162e9105194939bb05ab2e74a29b89d9728
CLIENT_TRAFFIC_SECRET_0 c2c0aebc8378dcd9fe6951b169fc557c94d1a3200998126b67648e7760a404bb 0585eef2e08b26cb13293896c3162f9229d76b990bd784b1788139dffd1012be0e99a069f6796b522f3bfad225db2322
SERVER_HANDSHAKE_TRAFFIC_SECRET 40d71297cddf1f9bee3228c2d3cc514b1689fd93c73a3f07e737797a9adfc7a1 b57709f2d2edb92ba237992c71b1b1605b139803bbc6372e5cc792eb1938632657302f2be770684834ed5a9f67aba7af
CLIENT_HANDSHAKE_TRAFFIC_SECRET 40d71297cddf1f9bee3228c2d3cc514b1689fd93c73a3f07e737797a9adfc7a1 86e3cc0ae8356a02fa6cf84a068c8e72fdb43f3e32e7bf30f631958b31faefebe2c8ea5e8aa67004bb4c57a7028140df
SERVER_TRAFFIC_SECRET_0 40d71297cddf1f9bee3228c2d3cc514b1689fd93c73a3f07e737797a9adfc7a1 eb7c43be4e96a9800dd681dec02d8272d4eb49fbc55ccc3ec1d7bd2b20c7048b834095a532e8700ea3740e1970d5d1b7
CLIENT_TRAFFIC_SECRET_0 40d71297cddf1f9bee3228c2d3cc514b1689fd93c73a3f07e737797a9adfc7a1 2f9fa86690999abf06d7f5b544849adae9be7d9cdd1c003208e357db5a5cccfa533da2a113419dced68d75f128b1150f
SERVER_HANDSHAKE_TRAFFIC_SECRET 059c7cc627e8fbeca7460b4c880f3c31e1149394bf23a0c225a71f9893f9558c a491808a7fe4f051bffed20eda2bc61c151779aa106d10c77d813795b154814e6ca9b956e04878be42e1077206d6df54
CLIENT_HANDSHAKE_TRAFFIC_SECRET 059c7cc627e8fbeca7460b4c880f3c31e1149394bf23a0c225a71f9893f9558c 5ab0948f18357913839cea6e7298c1a29673fb48da2ba37cdb13d6b4b5980b550c84f4c2642794e61335269f54f9e0d9
SERVER_TRAFFIC_SECRET_0 059c7cc627e8fbeca7460b4c880f3c31e1149394bf23a0c225a71f9893f9558c 600e0aa7b02663bbf71639d40a4b80123ccc3b7fba89153418233587f146d1bc49660e7d34550acf0e4a9356158a970b
CLIENT_TRAFFIC_SECRET_0 059c7cc627e8fbeca7460b4c880f3c31e1149394bf23a0c225a71f9893f9558c ba030e28d42b2db22980dc160f6e9ec24c5cfa6446a1ef15bab27d499436ce07c9fdaa565c04024d7feb8e2bd4aca924
SERVER_HANDSHAKE_TRAFFIC_SECRET b8ef640ae7d3298c734da41f171f3916b909070f54175086407f08c95b72d9fd 9207f963d6f25b07630eb696978d26647024a1f21346782a6607bf89aa181505ca57938cbd16d519043fc1afed5f1acf
CLIENT_HANDSHAKE_TRAFFIC_SECRET b8ef640ae7d3298c734da41f171f3916b909070f54175086407f08c95b72d9fd 3f4f219e6135d7db346f5db3ae629ae7c8a1fc7668f5b4fcad1e4f2b1e0da144e7a65fa4d72f863ff17aae572fe10e39
SERVER_TRAFFIC_SECRET_0 b8ef640ae7d3298c734da41f171f3916b909070f54175086407f08c95b72d9fd c6ae8e30c65cd14c2c4754f3b56ba15d9f25da435202d0e0ff9569a449b9d6b6c0338e3815887978b9600b2e2f0573a1
CLIENT_TRAFFIC_SECRET_0 b8ef640ae7d3298c734da41f171f3916b909070f54175086407f08c95b72d9fd 7344143cb5e8c0d5a1f60a5a8e47f46159b3b2db28b27752f97cfd6b48fc24a5fc4a19493484ab8bf1252f9f361fe40b
SERVER_HANDSHAKE_TRAFFIC_SECRET 61f4f3fc185199b25d750100a6bb7a344b2fe4dde9db577dc65235f80212a703 4d39b937e64796fe05418acccb10a67111e309ddf7646c6c30fd5a14c303f560626084018240d202ac53b6e34edd4f1a
CLIENT_HANDSHAKE_TRAFFIC_SECRET 61f4f3fc185199b25d750100a6bb7a344b2fe4dde9db577dc65235f80212a703 024b8f193386c10d5a37f095565c70abb7fff33f88922c5d2e26af9a033ba0c6f23f3e66a01b164fce579c7a7ccf7398
SERVER_TRAFFIC_SECRET_0 61f4f3fc185199b25d750100a6bb7a344b2fe4dde9db577dc65235f80212a703 5c4557327f7fea08bd031593e92a5064da11bea7b2b62fee696060543f1c24618a2f095e67cc3636cd781c939cc7e7a0
CLIENT_TRAFFIC_SECRET_0 61f4f3fc185199b25d750100a6bb7a344b2fe4dde9db577dc65235f80212a703 5c55b36130666b5431c509ba235483ef2191503cc72d75931b257701ecbae8d26af668dedef89f29318a668b993f39f0
SERVER_HANDSHAKE_TRAFFIC_SECRET 1913e509defded6153be6b7712c4ba32b4ccbed993b8313bb5087341d21f3345 6731bba7c60cda397ef0cf5e756e6b7c049f4a4af02495808541bb870e73142849f4ef1b7cdedda4be8631b551cf0ba7
CLIENT_HANDSHAKE_TRAFFIC_SECRET 1913e509defded6153be6b7712c4ba32b4ccbed993b8313bb5087341d21f3345 e34defdcd04725e7c4209b4f758d1c95bc2d99c3333dbeaccb9f8ee60bf801427e11e9d2e5df6f5642b8f1be7d896828
SERVER_TRAFFIC_SECRET_0 1913e509defded6153be6b7712c4ba32b4ccbed993b8313bb5087341d21f3345 a46d176650f1dd80b1726acfd08bb5c1dd71a28fc5c56af6349165e6876fd263541dcff286b9ab72b06a2f037a40e324
CLIENT_TRAFFIC_SECRET_0 1913e509defded6153be6b7712c4ba32b4ccbed993b8313bb5087341d21f3345 046cde6d5812911fc25c87faae9ad93b2d983deb88ce78694b128ed5070db170f5f7aac5dd28fa23010dd70a9ed51c5d
SERVER_HANDSHAKE_TRAFFIC_SECRET 9a5959f87d0df9bdeb1198f92f0d87e4c4c3822b537d0e6f54ac1796f939fd70 d746a707410443ea63c91ff31455f105e5f6da3fc1af7a5b29210b3b1ab9f5464ef8fce38e343894d7ae123bdfcf0021
CLIENT_HANDSHAKE_TRAFFIC_SECRET 9a5959f87d0df9bdeb1198f92f0d87e4c4c3822b537d0e6f54ac1796f939fd70 372851ddae2b8616b22ae4f715bc39704f897313a8501b2ccbfff23a190a99183fbd7ae0a40028f20af265dcd20fa5aa
SERVER_TRAFFIC_SECRET_0 9a5959f87d0df9bdeb1198f92f0d87e4c4c3822b537d0e6f54ac1796f939fd70 985022472e85f5fa667f43602e04f9a8811c23c302bcd08a225d04a176bb83e8bf643d029c1b84ca6ba61fa754a56ee6
CLIENT_TRAFFIC_SECRET_0 9a5959f87d0df9bdeb1198f92f0d87e4c4c3822b537d0e6f54ac1796f939fd70 a71b68fd6b7b1ab4c0c354b03db8107234c151445c84f1c97eaba3691c85f9f91997c7ef5033adee36c76da81c958224
SERVER_HANDSHAKE_TRAFFIC_SECRET ecf32d42e750451f90b280d48bc747735d48bc7ce81b3980f94d19ef2703746a 4c5d9aaa7d79284228b4344f3a7fde0be440301d93333791afdedf1517dbe2cb9007b5d094d4002e16a45c7c3a30b5c6
CLIENT_HANDSHAKE_TRAFFIC_SECRET ecf32d42e750451f90b280d48bc747735d48bc7ce81b3980f94d19ef2703746a 31cb97adeb1a1b4110a4a3411ea46aaf6e91eae1d8b01d83ba0ba5327f474d3221db624f3502ef6de64289c56a4a6b76
SERVER_TRAFFIC_SECRET_0 ecf32d42e750451f90b280d48bc747735d48bc7ce81b3980f94d19ef2703746a 9a6528e90ae37d0e375768c5ccb4a4f98cd844f6007c8ed57ece2e85223e55fc5345a923d216d0648c14d5794f1cb5e5
CLIENT_TRAFFIC_SECRET_0 ecf32d42e750451f90b280d48bc747735d48bc7ce81b3980f94d19ef2703746a b2661f0828d9dbc93f1ba6f752945af88fa164c6677edcc3a385d4eb6d07e8df02e247b163a0144e8b6955e1b044bbd3
SERVER_HANDSHAKE_TRAFFIC_SECRET fb22f4c0e5108332619d30ccbe64bd868e6994a423b4c58d16a28ff3f01a751e 52d63d88a6fcfe7bd486b2164229263179e22e5aaf5cf8b4b43d08ded0f4593de7e32d5b1c020b334f094c0fe4187c9a
CLIENT_HANDSHAKE_TRAFFIC_SECRET fb22f4c0e5108332619d30ccbe64bd868e6994a423b4c58d16a28ff3f01a751e 461d71972461c893be3aa4adb2cf9ff9c14085734814818a79e046d27fa879cd81df01d7a930b10eb1ff00d3fc6abbbc
SERVER_TRAFFIC_SECRET_0 fb22f4c0e5108332619d30ccbe64bd868e6994a423b4c58d16a28ff3f01a751e 2774178826ad58426224396a0824343c754436e657c8a153740457231ca7d4f21e600c7a6af90f32f57158a1f0c93caa
CLIENT_TRAFFIC_SECRET_0 fb22f4c0e5108332619d30ccbe64bd868e6994a423b4c58d16a28ff3f01a751e b25a7e180d7d4285313772132c97beafe728889dc80a0a091236043b02fe371bd6e2c2914329e191e0735290f4056b66
SERVER_HANDSHAKE_TRAFFIC_SECRET 1405b2e49b912dc4228a5a1d51a5b8d404af4e4ebd1e4e1243edc3351fc458d1 b9f3c604966d115bd1ed3bf393a2c8ee832bc478090be53fc9d723f0f29eb42c6e370190a7a7f2714b75c09f2bffa835
CLIENT_HANDSHAKE_TRAFFIC_SECRET 1405b2e49b912dc4228a5a1d51a5b8d404af4e4ebd1e4e1243edc3351fc458d1 bdd44e3cfe23a42e7fe496ba7e362a129d1c591bd2efb88330e98481011c360eaf14bc2482d827f25c2296cbbc00bcc5
SERVER_TRAFFIC_SECRET_0 1405b2e49b912dc4228a5a1d51a5b8d404af4e4ebd1e4e1243edc3351fc458d1 49c402b8bd0e2dde484122e2c03b53a2a982cba6deb4ea7733710a7847741aa819c8c44a7af0b8e2e6d6f454a0e49d88
CLIENT_TRAFFIC_SECRET_0 1405b2e49b912dc4228a5a1d51a5b8d404af4e4ebd1e4e1243edc3351fc458d1 838da374de5c475d079f24ca53e5f332a340dfee6804f720709277ac29c55d003d84902e90d25e6288e68d2b171ca196
SERVER_HANDSHAKE_TRAFFIC_SECRET 7bf7948d85b25fe37f6f12ffe3231964f3139ed1a7362b2ba4a33c5d7d3bc02e ef1616e9a57a852f73cf453010927af3e29b4cab071826436a6557d852e5be9cd96c024d5b565a52ab91f7d2e1ebac8f
CLIENT_HANDSHAKE_TRAFFIC_SECRET 7bf7948d85b25fe37f6f12ffe3231964f3139ed1a7362b2ba4a33c5d7d3bc02e cd1396996c4b5e9890f48728352dddc578a8a3e4cba38f93fdcb2bdd9d99d62c720f48ffc1562486240c438c177a4fa2
SERVER_TRAFFIC_SECRET_0 7bf7948d85b25fe37f6f12ffe3231964f3139ed1a7362b2ba4a33c5d7d3bc02e dc6a634691f4bdcb904887452abf030eef315ba96d5154a01bd78449eef3ad36dd0d2ca2fed4745e6e2614d2774e5cdb
CLIENT_TRAFFIC_SECRET_0 7bf7948d85b25fe37f6f12ffe3231964f3139ed1a7362b2ba4a33c5d7d3bc02e 3bbc095bcd21ff7a8fedd5b5195ede8621bc19313285ce23029e3aa8726fe90138de95f9ae36f1aea33739a596d2685e
SERVER_HANDSHAKE_TRAFFIC_SECRET 60845ac74d3b508c3b8898118e4705cdda0a8064d6a379bd0ab7ce5fe8384eb1 20f31fa0a7be6e9dcb4a75112dc856f57aceb40c8a05777ce64862f267e1201e774ec12dbeda1f5f679aded37cc3add9
CLIENT_HANDSHAKE_TRAFFIC_SECRET 60845ac74d3b508c3b8898118e4705cdda0a8064d6a379bd0ab7ce5fe8384eb1 977b869ed1488f2a2fac7250b4eb59104a2deb9f280dfff1f9a3c918128de3abddd2d00b537e2a1e58a5a132fcf5f580
SERVER_TRAFFIC_SECRET_0 60845ac74d3b508c3b8898118e4705cdda0a8064d6a379bd0ab7ce5fe8384eb1 70ed3b0c937aa7d44f62383bac6c5be31b50b2e887ff36541f6e41727f3c4fddec0fff7cc60f639c2088b0e57bc56cd5
CLIENT_TRAFFIC_SECRET_0 60845ac74d3b508c3b8898118e4705cdda0a8064d6a379bd0ab7ce5fe8384eb1 0f774627355cbec4aedd660af8e23a3a58e1ae8ccadfc858f035e15892826778f36f8c213b4842c40798252a358c2ca5
SERVER_HANDSHAKE_TRAFFIC_SECRET d8d2002de818f3e351a77a7839ceec7b592757008b6218f34854fb6bb75a7249 38c42b369eee0037576eee03d6d81f3e3f1fd29b1bea0dc19d3abc9b6872e1c0f4d51349a255b036b7be7da82d0fa9cc
CLIENT_HANDSHAKE_TRAFFIC_SECRET d8d2002de818f3e351a77a7839ceec7b592757008b6218f34854fb6bb75a7249 eced02807d85dcb3be762333c1dc9b1a3c19c4a2a96a1ab1856ebf1d8915894eb2120daefaf6ce079d75c8a04fa2691f
SERVER_TRAFFIC_SECRET_0 d8d2002de818f3e351a77a7839ceec7b592757008b6218f34854fb6bb75a7249 29f158ce7ee5e3ec6741e44267fc76b926c451a34b5dabf8acb3ca25a1cb82feaaac7ecbbc23471022e30c03b45443b6
CLIENT_TRAFFIC_SECRET_0 d8d2002de818f3e351a77a7839ceec7b592757008b6218f34854fb6bb75a7249 998eb267741b6632209c466e829414202807b1636d5081e30f6c8715806462afa6ab485fb57f88f67aebdba580161e68
SERVER_HANDSHAKE_TRAFFIC_SECRET 18dedf6ec63cba437cdadcf821f7d767e7a15bbc654bd3e3ef27ee4a7eeb14ab 17f5f099a1da6b8b00dd27b69c12ad411407f3c20f579138d9f050f374db56827911397c13c6a0ab4375a419648a7bbf
CLIENT_HANDSHAKE_TRAFFIC_SECRET 18dedf6ec63cba437cdadcf821f7d767e7a15bbc654bd3e3ef27ee4a7eeb14ab 873cb13cec76875cdba97d6f55a672a5d49e84af2f84409a8851703ea764a9c9b4dbc4709a0e1020c9f3d14bf67e96b2
SERVER_TRAFFIC_SECRET_0 18dedf6ec63cba437cdadcf821f7d767e7a15bbc654bd3e3ef27ee4a7eeb14ab 3d1f63db8203d957b7c72b99c0c129afb7514355d0d16f0b406e199f75de653d832fe6fec2ec62b845f8548aad5dd7d9
CLIENT_TRAFFIC_SECRET_0 18dedf6ec63cba437cdadcf821f7d767e7a15bbc654bd3e3ef27ee4a7eeb14ab cd7b9064e7c02b22cda0a6b6821eeeef6078c230fd273113ba02b689033b379c634c2dd0b09c0c7bd59e29fcc9f6e411
SERVER_HANDSHAKE_TRAFFIC_SECRET 7d9c6e960279109811f9b3360d06a1d94ecbed4d7a3dfec0a337cf2e1a8e4a34 08887f32131d6852bb578ff1de20bb68c7c541035bf00c717591742bbd46db9297a3e85fd3613a09900bf74db064adc2
CLIENT_HANDSHAKE_TRAFFIC_SECRET 7d9c6e960279109811f9b3360d06a1d94ecbed4d7a3dfec0a337cf2e1a8e4a34 992a06282d0c6786f2989f77ff27b2e3d148a2c6f4022a8af210d79c203a5ad51ff343b116d5554d3abce0065cb0f70b
SERVER_TRAFFIC_SECRET_0 7d9c6e960279109811f9b3360d06a1d94ecbed4d7a3dfec0a337cf2e1a8e4a34 1add246627aec83a97c54f35098f3d5dc1ec8eb3488d60b63b2a61bbf7b09ab4d7bd85780d2b625e16983a5ed04b7a0d
CLIENT_TRAFFIC_SECRET_0 7d9c6e960279109811f9b3360d06a1d94ecbed4d7a3dfec0a337cf2e1a8e4a34 0fadb76341ff9825aad52ac249dfcf4be95a7abaa9f247d40daeca50e0a66d96223230b14962564d0849af1c25d82325
SERVER_HANDSHAKE_TRAFFIC_SECRET 0a339ae9fc51586cfb92271e48b782014745e5c820d912678b6764e04eedcded d32efe1d9d28854a10cf724cf6af123d84c1765b93cd676dd4445395e7590bf9dde15a593b3febf75b0344c85b962e6f
CLIENT_HANDSHAKE_TRAFFIC_SECRET 0a339ae9fc51586cfb92271e48b782014745e5c820d912678b6764e04eedcded 6466bcd78a8e26e6cdda5199200e57aca9d71e6310a623c7edf1a220b08e475f046d88a495afc9995f48047a6db3e5da
SERVER_TRAFFIC_SECRET_0 0a339ae9fc51586cfb92271e48b782014745e5c820d912678b6764e04eedcded 364484da644794e764d90a7390d0bd7ded7bd742ce6fc325d20ddcbb6e6467a2acfe5a739fb3dc10cc9e0dcb2885e139
CLIENT_TRAFFIC_SECRET_0 0a339ae9fc51586cfb92271e48b782014745e5c820d912678b6764e04eedcded 0cfb0fd7dff3faf17b9e335ef05f7a28271bf8e5328e1fc20f1ac26411d682d76b6bee7a737a87f4284df994c6771200
SERVER_HANDSHAKE_TRAFFIC_SECRET 714f52d9a91bd923d0292730783ef1e99955077fa381045f2536ecbcddcf151b 6e35530bdf1b2d72ddab23c48be500544fc8d727a5553086c761b0aa703eac334e0e72b28cb09f8cfd407656aea35cc6
CLIENT_HANDSHAKE_TRAFFIC_SECRET 714f52d9a91bd923d0292730783ef1e99955077fa381045f2536ecbcddcf151b 96e0f9816f0a213102e1fd7c2d533e8cd0341d62c8882014bf9d7b9f0159e2d87753f5b63e42077e78c92dffc7c4ea63
SERVER_TRAFFIC_SECRET_0 714f52d9a91bd923d0292730783ef1e99955077fa381045f2536ecbcddcf151b 188cbcd1402f94b4699d88f3c1b41ab7c50daf102657ada5b08c299ea916e12a64fa940827c0e59c2abc367f0055c9c4
CLIENT_TRAFFIC_SECRET_0 714f52d9a91bd923d0292730783ef1e99955077fa381045f2536ecbcddcf151b af2e8124f83b9e3c2ee9aabe9109db6f0a86e45b67c676a6aa1311ae15b56b63376ec0b728601886acefabaa06845225
SERVER_HANDSHAKE_TRAFFIC_SECRET 78d074f8f63fd01405986efb6b33ede80ebb72a6b4ab9a92766c9ce3e8cc42d6 d4a5b9ff74e9760a6e640d32568477b062f166b7a6588c0711839d5feca17e63a3fb30b327c117c72904f30bab622453
CLIENT_HANDSHAKE_TRAFFIC_SECRET 78d074f8f63fd01405986efb6b33ede80ebb72a6b4ab9a92766c9ce3e8cc42d6 0bf4e6c1e15a3bbc4d57f67290760008f1b6945c4cb530159af51e24a3f033c03a868f3c964ad20f439e9952b4f8b62d
SERVER_TRAFFIC_SECRET_0 78d074f8f63fd01405986efb6b33ede80ebb72a6b4ab9a92766c9ce3e8cc42d6 c26619b70c90d42adf3316990806bbb5a9876b0815704760a0be3e118a6899860d371eec5eaa0ef6866fac2f5dee9f7e
CLIENT_TRAFFIC_SECRET_0 78d074f8f63fd01405986efb6b33ede80ebb72a6b4ab9a92766c9ce3e8cc42d6 24097a787aff726f76dbe834f88fbb0421cafe39d16e5357e6cff663bef13fd3d74e75d3beb164738b2dfb2394defc48
SERVER_HANDSHAKE_TRAFFIC_SECRET db608e2bc353e3c928cc4ed294b53f126b20fb59216e8bfb18c031dd24c28660 68833c897184066a8bb06ba8a7b7314a104d8754af0c224f3e4b7a9de57346c878dc231dc952735f4a73f75dd2c5cdae
CLIENT_HANDSHAKE_TRAFFIC_SECRET db608e2bc353e3c928cc4ed294b53f126b20fb59216e8bfb18c031dd24c28660 1f8aa728d44653ab5198a29331aaa9edd7b10476fcb25fc36a175fcaf21ace829f530275b208a753b9477d01e0177458
SERVER_TRAFFIC_SECRET_0 db608e2bc353e3c928cc4ed294b53f126b20fb59216e8bfb18c031dd24c28660 381d53d985eba92caee65eefde1f3c5e24bc7d9c672a5fa5ec93d3858da0b356065abada5a8026c248fc6b26225a39f8
CLIENT_TRAFFIC_SECRET_0 db608e2bc353e3c928cc4ed294b53f126b20fb59216e8bfb18c031dd24c28660 673e9481c74da9466b5792616e22e0e3ddd25c8928154e060fac1c5b7eb3919dd9b7fb3050d04018fd66a5335a9993cd
SERVER_HANDSHAKE_TRAFFIC_SECRET 400c473ff7b6b1cb87fe4c9255629bfb3fc670a52a3cd65159b0aa347c5c195b 36ce3a5a90cb725ae379891c6ab36933d4865adb448f19fb51e74e68ab5bc686e9430aa494ab440abe0886ad7a0aa515
CLIENT_HANDSHAKE_TRAFFIC_SECRET 400c473ff7b6b1cb87fe4c9255629bfb3fc670a52a3cd65159b0aa347c5c195b f0605fe9e1787734078f7af4f16a32079668ff390a937079b4b80c8993b55f92018c05cd8088ff5f628b98506b6ba34d
SERVER_TRAFFIC_SECRET_0 400c473ff7b6b1cb87fe4c9255629bfb3fc670a52a3cd65159b0aa347c5c195b 38aba7d20e0e39e9dddce28c567498f878f5a4b579cf31faccfb2871d3ea3ead3e9c051b6a96668071e0d7657dfa506a
CLIENT_TRAFFIC_SECRET_0 400c473ff7b6b1cb87fe4c9255629bfb3fc670a52a3cd65159b0aa347c5c195b 01d3de40cc5964b401a1603bc723613d28c6b630df3880b9dca0015c6b280fbba3209d23dc737d5d9dbc731b55d25cfb
SERVER_HANDSHAKE_TRAFFIC_SECRET 02e82176334ce1e804a970b78581136486d9f4606f997a034129542ceb944dfb 49ef436e5e24a2c3cd612aa67381df745a121b6faba83524ac71a39a1dc3bc709077d2aca494cc6f6fc4a56119fca66d
CLIENT_HANDSHAKE_TRAFFIC_SECRET 02e82176334ce1e804a970b78581136486d9f4606f997a034129542ceb944dfb 382afeca38a161600b94a4bfb7d446de1cf10e1f8d4f5f2b64ed64744c6aa451c25a31aae110461b00d53340aa8d1f91
SERVER_TRAFFIC_SECRET_0 02e82176334ce1e804a970b78581136486d9f4606f997a034129542ceb944dfb d043c4aa62e51bf7ba7199b4dfa7bc56a229352baef50270c936fc414b41d1fcee398b4e3fd2cb7c5952399a6dd3cbfb
CLIENT_TRAFFIC_SECRET_0 02e82176334ce1e804a970b78581136486d9f4606f997a034129542ceb944dfb 935419b61e43dcc47cbfb5848a000d7e33eb6ff1e9be91c93223af0de92331de22009fc907c30e5b01bca6aa836463d8
SERVER_HANDSHAKE_TRAFFIC_SECRET 8b85334f3c94172631fd8bf16dce2bca1ca9e8a23e140a0f3432517e19a908f8 13d55793bb24db971d72641be395d064c650f6e3a40f50e76182720acec8bb0369b8d0d4fa74e704b31a91b2e6216bf5
CLIENT_HANDSHAKE_TRAFFIC_SECRET 8b85334f3c94172631fd8bf16dce2bca1ca9e8a23e140a0f3432517e19a908f8 8b484ecb473ecbb1a6135a36db4f8811cb8b03c8e7fac2a4100856ca3476c5c23098c60b246e52b296b36b9b49d83570
SERVER_TRAFFIC_SECRET_0 8b85334f3c94172631fd8bf16dce2bca1ca9e8a23e140a0f3432517e19a908f8 244ccddba03c8abc0290feca886ed9819b7f488f009532251a5d323ad717e9fd06b9587087efb4bc4f141cbd6cf53481
CLIENT_TRAFFIC_SECRET_0 8b85334f3c94172631fd8bf16dce2bca1ca9e8a23e140a0f3432517e19a908f8 13f097ce569ebc23d1997c6aa58c9c69d24e5c37288ef5ba00204e3efaf1f017f068934ab9e76d78243a48feb045336d
SERVER_HANDSHAKE_TRAFFIC_SECRET 58f0edc4305017370ef37656017f956ce54356e23ed0d293ded90a5c01c95f93 8d5a790a4b55a5d4910f50acc42c172de80e535e5013c0f3eb63261d0f554e9c3c5c1f2d91073213d9d3f9718d698f56
CLIENT_HANDSHAKE_TRAFFIC_SECRET 58f0edc4305017370ef37656017f956ce54356e23ed0d293ded90a5c01c95f93 8af658459655bc84ca3f2faf52afa75bc9c6ff929c7ee92498a9975fedb1f828bd5276451b0af52ce09f417580b19bb8
SERVER_TRAFFIC_SECRET_0 58f0edc4305017370ef37656017f956ce54356e23ed0d293ded90a5c01c95f93 a36403e2d4dbb58ab0849c9fda79ba171d34fad2a88a9ffcf971d592451766625d4d9a9a0acadb8b0e6976dac9b279ae
CLIENT_TRAFFIC_SECRET_0 58f0edc4305017370ef37656017f956ce54356e23ed0d293ded90a5c01c95f93 990afe3cef7865d396ddd61639a556be3e5ba9714fd141fe8e59f05ecff63878462be816dd8f40f87a6b5b4e3948d024
SERVER_HANDSHAKE_TRAFFIC_SECRET 13740439a438c064bacf97a2eeb1a96f14f72902b95e4feca146e67ecc04b541 554aa7327574c75bac1a5273e5f02abcebb6585d4bf9e3fe562e2ba391138ff1faa152fa63006b4a016ce09f62c31667
CLIENT_HANDSHAKE_TRAFFIC_SECRET 13740439a438c064bacf97a2eeb1a96f14f72902b95e4feca146e67ecc04b541 5f86921e466a2403ed13611227d900a034d7030acd2104531e9bcb7c0a2d5e10b7dc5ea8e3f2178281309d37c9aa0317
SERVER_TRAFFIC_SECRET_0 13740439a438c064bacf97a2eeb1a96f14f72902b95e4feca146e67ecc04b541 5f01287d68a7148450e2b07196b6fc2b99cc0f975ebb6c8fb896ef1bd4e176a3b8eed98b26c955da3ed361b6124d9e18
CLIENT_TRAFFIC_SECRET_0 13740439a438c064bacf97a2eeb1a96f14f72902b95e4feca146e67ecc04b541 6895416a15250ab7a9b3efc304822286fda6d92364c62937cfb6b36246c44f06d60c45048f3ebcee2ebe6daa3e6d07a3
SERVER_HANDSHAKE_TRAFFIC_SECRET 511edb8ac58531e30a90348aa2e8ac4eb3cb35d952b7804c4a2300622fcf9d63 18f62e68f9ff1e617da59b671d1ef610e64c1a2e7de44e0315602704b3eacf127ffd10e7513f846d7f0aaa75e7ed5501
CLIENT_HANDSHAKE_TRAFFIC_SECRET 511edb8ac58531e30a90348aa2e8ac4eb3cb35d952b7804c4a2300622fcf9d63 64729d792d7754db5cae70036de8c3ee2e66b000fadcd826f1ea26b909962c42e10dbf1cfb6b368ed8eb875536ce0de2
SERVER_TRAFFIC_SECRET_0 511edb8ac58531e30a90348aa2e8ac4eb3cb35d952b7804c4a2300622fcf9d63 619aeee28c63d4a17b582804797a1812958dc096cf5d11cdf13f2400a94bde80e6a86b62254585dbb1b0c574a31dcf12
CLIENT_TRAFFIC_SECRET_0 511edb8ac58531e30a90348aa2e8ac4eb3cb35d952b7804c4a2300622fcf9d63 6fc1ffeefefc9177dde8db4b76cc94f1a86c1ecf8534f5143c9045dd1d9e6aa0fb09929a562cb4199ae0fc3ed2c27d5b
SERVER_HANDSHAKE_TRAFFIC_SECRET 3b2a7dc8edeafdebdcaae339df895fd0dd7baa27267317a121f6d0baf4d24d40 147dab76ed02f9cac81124fa3ac46f1e61de2e2016fd1ae2aab57ee9ffd078162ea6c08bafbebca892dbe6488083281b
CLIENT_HANDSHAKE_TRAFFIC_SECRET 3b2a7dc8edeafdebdcaae339df895fd0dd7baa27267317a121f6d0baf4d24d40 17a215e2d30c019b6d690e1454074c04bbc346604b5a46d43508bf3b36ca3f7e215673a424eba4de1359ecaa67a1f043
SERVER_TRAFFIC_SECRET_0 3b2a7dc8edeafdebdcaae339df895fd0dd7baa27267317a121f6d0baf4d24d40 e44cdd00407bc9332869a802600a885493279220efb75214f1195fd839d587f9f70e6571a10334527d85f91c8168d90b
CLIENT_TRAFFIC_SECRET_0 3b2a7dc8edeafdebdcaae339df895fd0dd7baa27267317a121f6d0baf4d24d40 e94512ad352765eb7f56beb6ece1965d0dfc8e876264e57c76d017d1c50a505732c141300aba388ba9ed9386615d03ed
SERVER_HANDSHAKE_TRAFFIC_SECRET 1fbd1ca2f6a3d6973a63dd29799f893840e34b140a8540dc3e21fc7b119e626b 78afc6c29858a28bb64ee4444fae24cf081a959c1e4a5e4d4d2b9a9aee8147b27c4ad4fde2e8633d3f88c99ac207dab1
CLIENT_HANDSHAKE_TRAFFIC_SECRET 1fbd1ca2f6a3d6973a63dd29799f893840e34b140a8540dc3e21fc7b119e626b aa8d8d10b4df238c78c5f60745e839a38e22a59ebf390d6f81f418fcb01dcef86f70e2f3ad69cc49dc2eeacae5ff1a91
SERVER_TRAFFIC_SECRET_0 1fbd1ca2f6a3d6973a63dd29799f893840e34b140a8540dc3e21fc7b119e626b 1b31e94e60357eac7fd8d3bc21ed4554878bf5bfa9434a4aadb4343596a45d7d303d42073802a35016ffec470f02fb65
CLIENT_TRAFFIC_SECRET_0 1fbd1ca2f6a3d6973a63dd29799f893840e34b140a8540dc3e21fc7b119e626b 8ffb7b9de4d83c699b680c1a5865e96dbe0bc18fde7211e10a2414497c37ab130703ca54854450380b73c04bc0e5799a
SERVER_HANDSHAKE_TRAFFIC_SECRET 135bf3287ba5ef4b86b25a052485c20a4792cde405260cd1df19150c0400f769 a25f905f6b6098f4ede8cdb4cd269b9a165c37c4a5b206a54d40fb2b85c6d68c6cb99907957cb56307c0f5ab539a7b4d
CLIENT_HANDSHAKE_TRAFFIC_SECRET 135bf3287ba5ef4b86b25a052485c20a4792cde405260cd1df19150c0400f769 112fbc29fa612130420539a18f0b92ebf87857437d851e37e9bfff3e3fbe4e3781528d999733da9fb90c6953c8fcda43
SERVER_TRAFFIC_SECRET_0 135bf3287ba5ef4b86b25a052485c20a4792cde405260cd1df19150c0400f769 81da894681f112751aaba46684139de323447af9ab8ef36fa84de908af077e7921c904578690534f24a6b7f0d2ffb613
CLIENT_TRAFFIC_SECRET_0 135bf3287ba5ef4b86b25a052485c20a4792cde405260cd1df19150c0400f769 b81aa592d0a3bb9d1e745c33c43193013475f268e27a0689df147c67ed854b6e8d6fff699aff624e6dbcaf80411f78b4
SERVER_HANDSHAKE_TRAFFIC_SECRET a0edf2672b3e5f6e794064415ef9d1a39f82b9f8c2ab0d940f7980964b61f3f1 6e1dbe7ad7f58b46977a8c414e6ab6fa296b4cf766a556160e617b07f1e7417ed138886fe7b266b9b76d7407fce31f7a
CLIENT_HANDSHAKE_TRAFFIC_SECRET a0edf2672b3e5f6e794064415ef9d1a39f82b9f8c2ab0d940f7980964b61f3f1 491c7dbaa6c2cb5125a7a787357b8e6ec991f2ad32b49ec363098f06a122b46f53238cb1966a8887aa23be67e488a37e
SERVER_TRAFFIC_SECRET_0 a0edf2672b3e5f6e794064415ef9d1a39f82b9f8c2ab0d940f7980964b61f3f1 b9ee60a13ed49fc2e959cbd79a8853d3967e5f37ba74f9359b25839a872a4bb40b8030e70a719448f0d724ed126e533f
CLIENT_TRAFFIC_SECRET_0 a0edf2672b3e5f6e794064415ef9d1a39f82b9f8c2ab0d940f7980964b61f3f1 9b0e49d850f49647610f39f4625af82a484c9b0f0ad5a3ec247e91b9b7bb539f93c3e6a7c5b12de145a7a2287e460a46
SERVER_HANDSHAKE_TRAFFIC_SECRET 5fefc8d23b296072b44d8f43ccb7e6845584c35c88a7959a22cb18f7b763416d 8156aa436c711cd9d253a4cb699b7014dc5dea4626bed96e05d681a78ca8ce15a054629b82435c663d2094a2df5f83d8
CLIENT_HANDSHAKE_TRAFFIC_SECRET 5fefc8d23b296072b44d8f43ccb7e6845584c35c88a7959a22cb18f7b763416d 43a7c0bf67b6d593ada499a0bc048dc68fc24e6c51738da16f7a927aff1fbb355196edb677dd5d4dc470f97a4e82c70a
SERVER_TRAFFIC_SECRET_0 5fefc8d23b296072b44d8f43ccb7e6845584c35c88a7959a22cb18f7b763416d e249172927fff039db7e309901de6cb081e4ae8655e705367fcfc94688336dcbf70def2f30c29c7a6864d42bc675002f
CLIENT_TRAFFIC_SECRET_0 5fefc8d23b296072b44d8f43ccb7e6845584c35c88a7959a22cb18f7b763416d 30ab724eca047d546f68fb899597a8e255edeaff508704d5d1a0b0b6d3ad780f700268771375e36161406893928a9495
SERVER_HANDSHAKE_TRAFFIC_SECRET e22362f0a0ac20af803923eb577fccf9a41f6b3382c61fb371c50db8b6de2294 2d9efc56236f75835d4a2ea755aff1cb312a3d573329344e20ca2fbfc45945905792606ba136dcd5aae6a2e2d93ffb4c
CLIENT_HANDSHAKE_TRAFFIC_SECRET e22362f0a0ac20af803923eb577fccf9a41f6b3382c61fb371c50db8b6de2294 12d2e69671294064ad362719d2ee668231190611165906b74c9069bbe28d84d2b84e718412c3c97fd2611a2c4e9ca2f6
SERVER_TRAFFIC_SECRET_0 e22362f0a0ac20af803923eb577fccf9a41f6b3382c61fb371c50db8b6de2294 0614cb2fb73f5fc86408546646b0916f71fddc761caf84a1e825a0038217e4264eaec7fa6124e03baa881f75f06c4d0b
CLIENT_TRAFFIC_SECRET_0 e22362f0a0ac20af803923eb577fccf9a41f6b3382c61fb371c50db8b6de2294 d98829f9e9ba5c385a3145dbc5d3ed57513258649ebfcc1ec17e74c63a5aa1e793e41f8dafbe96e45629c3c5807d6048
SERVER_HANDSHAKE_TRAFFIC_SECRET 4557c513ca57057bf054aaf3f1bea2ec3c321ec846a9818a417f57c6a0308b5e f5f8810cb1ba83b3e64fe7996e88104e48bfd7b3679aae80367d997851452d662c5b551b3fa79bc8f66141ce05b1ebb9
CLIENT_HANDSHAKE_TRAFFIC_SECRET 4557c513ca57057bf054aaf3f1bea2ec3c321ec846a9818a417f57c6a0308b5e 0c87d2971cb7866d47237597b9010b410d3871f8fbbd4eb6e360893170cc80954051e429b95ee220adba2ae8858c55bf
SERVER_TRAFFIC_SECRET_0 4557c513ca57057bf054aaf3f1bea2ec3c321ec846a9818a417f57c6a0308b5e d48a44dc8020d6e6f2e66f8d2933e346d066d59f928405a71de5f51a2509ad9ec635acdbebdbc03ea094c1aa7bfce07c
CLIENT_TRAFFIC_SECRET_0 4557c513ca57057bf054aaf3f1bea2ec3c321ec846a9818a417f57c6a0308b5e 7e8f56a4e5d6b974895ee22ef6fc45d92f26deea003d874883e3743f9c728d229f35d870c44240708360c8c2974abba2
SERVER_HANDSHAKE_TRAFFIC_SECRET 5133aea9bde16c5c8e0f8952cfeefa2bef1e94082a12a3df67a66d4fda0392ec bad83aec1be50fe8a3daf74a9c9727818c7031464c6b1d9b5f1aa4801c98e7d9b6e9684079b15c13030357ed631f788b
CLIENT_HANDSHAKE_TRAFFIC_SECRET 5133aea9bde16c5c8e0f8952cfeefa2bef1e94082a12a3df67a66d4fda0392ec d3725f7887de0e8866ad83f25627b970ae535f4754ffd52688967a29ba56e51c5e3aac79ed01edf7a418684e6c61f552
SERVER_TRAFFIC_SECRET_0 5133aea9bde16c5c8e0f8952cfeefa2bef1e94082a12a3df67a66d4fda0392ec 4de6e746138e0fcb0afff33fe6f03a8f9e7240448900c513427ff925d21cdd68c3ce88b5e35c3407b473ed5a18019073
CLIENT_TRAFFIC_SECRET_0 5133aea9bde16c5c8e0f8952cfeefa2bef1e94082a12a3df67a66d4fda0392ec 04d523ec9f8b64cdce5522d00cbb32d31cea086b585504359117e433f0ef3fe2ac87cadfb3f4a41df73251cb397882de
SERVER_HANDSHAKE_TRAFFIC_SECRET 53e1e16f409248e749ca0f61dd643770be2e4872b809dd55f30c59a8b91656fc ec3096f91728933ee863f4dde884e1728de3e78f5e7771a2545d191ce492c39bfee386d3164c3466c0c6aaec3b9e504c
CLIENT_HANDSHAKE_TRAFFIC_SECRET 53e1e16f409248e749ca0f61dd643770be2e4872b809dd55f30c59a8b91656fc eac26b9336e0e0b016b3de13e40ac6fdf2fb7c67d3c5db6e15ddc36141663925c240e4032a23bd4469c6b240adf122cc
SERVER_TRAFFIC_SECRET_0 53e1e16f409248e749ca0f61dd643770be2e4872b809dd55f30c59a8b91656fc 162b3668acbf58910c00ef0b42f4ba760377b8f699b9c9bc545fc554c2eebf9c27f4daa112154599ee42671f80ae35fc
CLIENT_TRAFFIC_SECRET_0 53e1e16f409248e749ca0f61dd643770be2e4872b809dd55f30c59a8b91656fc 29eea4fd2fcc25a3d4f4d65e1db7bb22e8b4ab1b9f54878422efed38fe83917486e4def5c600513d811fde8df74ea7a7
SERVER_HANDSHAKE_TRAFFIC_SECRET 58a38221fafe7b3603430dc214c236658cfb37181e7e57c65a81de96ce38488a d8b9e54f9cd2011843d2a117aebb8a003809c7340a8a17d51ebd6cbc4e1b00cc4affa9b3e9639dfcbaad4c5daea77408
CLIENT_HANDSHAKE_TRAFFIC_SECRET 58a38221fafe7b3603430dc214c236658cfb37181e7e57c65a81de96ce38488a bf497fb133640baa793572f8a0842c195bb965c974d17e29b43aed800e68bee240dce512dd90e939b87459030ac37db3
SERVER_TRAFFIC_SECRET_0 58a38221fafe7b3603430dc214c236658cfb37181e7e57c65a81de96ce38488a 48a21d77c7649589b5f5f9b820fe7a7e6158e53bd164ba620250f9bd94ee9073da1576f56d929dd7fb6c3cf047361450
CLIENT_TRAFFIC_SECRET_0 58a38221fafe7b3603430dc214c236658cfb37181e7e57c65a81de96ce38488a 10e72017723405dbc35f51a51efbec0338c98405ec4ee212fe23c8072e09ed43a536fa2a3126a4c46359b72f1d5dde89
SERVER_HANDSHAKE_TRAFFIC_SECRET 990520759d23b77246d4274559df5e59e4ee74614d451c7311432069dbc3eefa 7361a6f00c83a956b7eb67caf9a8379d030b86e110ff03f74cdf31c1578efe5a1840599d37f8ba9e11bc12bd78aa0a1f
CLIENT_HANDSHAKE_TRAFFIC_SECRET 990520759d23b77246d4274559df5e59e4ee74614d451c7311432069dbc3eefa dbefc92dfb9e1f9d34e49de2743dd38cbeb391d3d0cf5d7927b42e617f88d7a3b7ecce25a613bd54d676095aa298babc
SERVER_TRAFFIC_SECRET_0 990520759d23b77246d4274559df5e59e4ee74614d451c7311432069dbc3eefa 86a161f1b74935164046cf9116e7994bde73257dc07fd05b4d19318f70a85d4b65631b3a7cfe03f79221493a228ea0fa
CLIENT_TRAFFIC_SECRET_0 990520759d23b77246d4274559df5e59e4ee74614d451c7311432069dbc3eefa b804f48da26f077b940159491701f652b49696fbb3e184dc4cab3be43aa1ee5ca6ece0cb75619ee6c69a906636d0eb6a
SERVER_HANDSHAKE_TRAFFIC_SECRET 73c9284ddc839839ad6021a82f0138c76568189f166b87d20fa18ae4110d2126 5c1d96ae269bd7ef9334a10e7254d26db4ea5a779effc9fef1017d8a44447398c9371330e52913f7b30d33060b07d647
CLIENT_HANDSHAKE_TRAFFIC_SECRET 73c9284ddc839839ad6021a82f0138c76568189f166b87d20fa18ae4110d2126 460cb59561157f832d96ea978240175f124247a1ff9754ffc00d8cb0a1b51d555cd66fbfa7601bd0910fed81c97b6d4a
SERVER_TRAFFIC_SECRET_0 73c9284ddc839839ad6021a82f0138c76568189f166b87d20fa18ae4110d2126 46167b129066dd57a1b3ebfca8e135e9d6b45d16b271e9026d1741913e58097d26a04ac0bec334d3e6883b0c08bfef94
CLIENT_TRAFFIC_SECRET_0 73c9284ddc839839ad6021a82f0138c76568189f166b87d20fa18ae4110d2126 e803414cc2820b23591bb04ff728f14c6f5c768195f1fa6d561acc06b78c9f7add00c606fba669478a57018f158198b1
SERVER_HANDSHAKE_TRAFFIC_SECRET ad870b0ea61ebc493fe30798f8db31fc3c74ee64e8e45c9db077ff496929b338 9b5196f9de09228cc95e92d6a5357dbe32aea8da0472991473771f70cda231f8228e31eb6b12b509e1e5ee93c3686b7e
CLIENT_HANDSHAKE_TRAFFIC_SECRET ad870b0ea61ebc493fe30798f8db31fc3c74ee64e8e45c9db077ff496929b338 3297975137a296ccd3c860cb4a9d5f238ddfc2333eee0ab021ae84c7f92a3664b137dbeca362a06f4066ef5f91a031f5
SERVER_TRAFFIC_SECRET_0 ad870b0ea61ebc493fe30798f8db31fc3c74ee64e8e45c9db077ff496929b338 107637e5e931fbdce8651d4068f0cc0089be694c0b2022f78dcf301ad1d6823c2c019e790a5c9c00c2c0d2ae680d7c72
CLIENT_TRAFFIC_SECRET_0 ad870b0ea61ebc493fe30798f8db31fc3c74ee64e8e45c9db077ff496929b338 96866adf690c59a96af0a5120acbf3f7fefea1064fe33a362e31f719c1e4f60f90bf4c7520712f66f15441c14762ad05
SERVER_HANDSHAKE_TRAFFIC_SECRET 71d3598dd9c48d0fd4b80d97aa38f6bdee6c9acb27c1cb26b523f9b6aa67c168 da3f15f9ca1cef6d47e4883338ed44130fa2bd7b96b2e1a6e5df8d11e667de213c7168ac79194c80059b923668c0bf88
CLIENT_HANDSHAKE_TRAFFIC_SECRET 71d3598dd9c48d0fd4b80d97aa38f6bdee6c9acb27c1cb26b523f9b6aa67c168 de306bd3b11b5030cfc9e492987bfe2d6d52f38b151869976705cd8b59f6f2410fa7d3befe7566460638a726a2f6fd1d
SERVER_TRAFFIC_SECRET_0 71d3598dd9c48d0fd4b80d97aa38f6bdee6c9acb27c1cb26b523f9b6aa67c168 007498d783323f64cb0d32a9012755608d155797a88d5595fcf216a4fe0a0b45a6e969b7744e7bb82b7876dbcd118f2b
CLIENT_TRAFFIC_SECRET_0 71d3598dd9c48d0fd4b80d97aa38f6bdee6c9acb27c1cb26b523f9b6aa67c168 9dad5c6ff3743b8c6837d526ba00111a6eb5c32baa0a95bab7d1f78367cda210eb387d812405332c3bd5ca9e3f52139d
SERVER_HANDSHAKE_TRAFFIC_SECRET f36d6bfeb1171e2e709f92453d42b82cd54de5f233ecdbb9851ee0654aec4d8a f0b392a1b03f6d85867441e5cb23e36654455561ad9280ae281b759d41ba9e644473e439308d9310b2573c557edb701c
CLIENT_HANDSHAKE_TRAFFIC_SECRET f36d6bfeb1171e2e709f92453d42b82cd54de5f233ecdbb9851ee0654aec4d8a 820703446ccc470e90941f1367a3cf9a3ad525d4c74ece4b66230c847947fd79988da8c6666562917e91a44e83f98b64
SERVER_TRAFFIC_SECRET_0 f36d6bfeb1171e2e709f92453d42b82cd54de5f233ecdbb9851ee0654aec4d8a 290cfa0a3b6e889403b2b27cfb58c4ca1ee4abf40eea05430f2ab6bd15e68ce5fe0ce30eef8222d7638fdffde8bf274a
CLIENT_TRAFFIC_SECRET_0 f36d6bfeb1171e2e709f92453d42b82cd54de5f233ecdbb9851ee0654aec4d8a d4278a5393a4b3b1c35f861160b1e1d00fa54de08fea6fc55a0026b384fe3fdb0ecc48a5614bcc0c158e602d195dc14d
SERVER_HANDSHAKE_TRAFFIC_SECRET e51e41543b4c81e45c3cf0a72f938043392360735bf628f8fa097f416da740e4 37fc7ad3df11c016cda509143a374916faf9070c17190314d02c0fe29c2c66a34835a227e6fae10aa297523b9e35924b
CLIENT_HANDSHAKE_TRAFFIC_SECRET e51e41543b4c81e45c3cf0a72f938043392360735bf628f8fa097f416da740e4 3b260d3a8044a6c8d3dab9a3296d984a348c9581993b03298a215ce9e43c98ce94694a72d676c1d2c02cf65abc4db72b
SERVER_TRAFFIC_SECRET_0 e51e41543b4c81e45c3cf0a72f938043392360735bf628f8fa097f416da740e4 6638e821c52beacbd8dacdabc0cd673f24e5c83dd0ec65b5e607856b102db95d89b6c5ba807eac172fa500de7d05a9c7
CLIENT_TRAFFIC_SECRET_0 e51e41543b4c81e45c3cf0a72f938043392360735bf628f8fa097f416da740e4 7032b3fadf6e260c9bda04cc891c84edea07f934d71f0bbe3d63bdf07d1160c1ad01b02832e32ef9aad06f16aff6c576
SERVER_HANDSHAKE_TRAFFIC_SECRET 558bf4b4e19614a569dc65df66edd5e4aa0810f795d91e00055e3e7fb417eeab bf369487187a9e48341f1b9abcc09d51041034c6af7a9e78482589ea5c2326392303deec1daa1b095a9b06b7d52bc190
CLIENT_HANDSHAKE_TRAFFIC_SECRET 558bf4b4e19614a569dc65df66edd5e4aa0810f795d91e00055e3e7fb417eeab 084e7f45444e24e38c0753eb7df8c5548b8d3d201951cc07f5c58c8027bcd6f81232f8b38045881bf9291cf5aa032f78
SERVER_TRAFFIC_SECRET_0 558bf4b4e19614a569dc65df66edd5e4aa0810f795d91e00055e3e7fb417eeab b4dc44642107411cd709a8d674e2348483b73ab5a02990f169148f7ff9d5757984937ebd12b2a12e900f8d8533c40068
CLIENT_TRAFFIC_SECRET_0 558bf4b4e19614a569dc65df66edd5e4aa0810f795d91e00055e3e7fb417eeab a5dc53f6860598cf550c02bd993141c402d5f9995956c224d8aaa26dedf18c6f027e373792e014a32a734c231b71f24c
SERVER_HANDSHAKE_TRAFFIC_SECRET 06b05a12f6976904c4aeb78356d78be00ce13c6e633ff10017abbec0c3d31cfc 33d03e218d74fa7da9259c204da77bbefea24c19f226de5d0cf8e5a69f5270bdc91b987d440c77000a608261b89bdfc1
CLIENT_HANDSHAKE_TRAFFIC_SECRET 06b05a12f6976904c4aeb78356d78be00ce13c6e633ff10017abbec0c3d31cfc b8c6e53a2ad0b0ed2bcae277a396299244ff0ab44720ca668565a97a43bcb6352a19daae57c3fa302c2282461d64778e
SERVER_TRAFFIC_SECRET_0 06b05a12f6976904c4aeb78356d78be00ce13c6e633ff10017abbec0c3d31cfc f47edd00c738d98ada84fe517631a54e8459af9a1816da26527d8e0dccff586080c8a5e5685758ebb7d59ab2fedac051
CLIENT_TRAFFIC_SECRET_0 06b05a12f6976904c4aeb78356d78be00ce13c6e633ff10017abbec0c3d31cfc f1214a1a0088a381048dbdc68e9f0c6651cd66761d9fbb7ba3756704060088b16d02ed3fbbeb6aa1adbfd157348ba9ba
SERVER_HANDSHAKE_TRAFFIC_SECRET 03e1dc586ce79e03a19576127d85d105bcb916f09313e070f8efb805c0bcee65 c97376ed67ee9e2f782dc5fc6ba36d2614e32c0d148f8ec44b5aeb80fcd7891ef8c5d7d640ff12b925cd4ed52060c386
CLIENT_HANDSHAKE_TRAFFIC_SECRET 03e1dc586ce79e03a19576127d85d105bcb916f09313e070f8efb805c0bcee65 eb5ecb29069928ef357b5d9f9d4fd644d9da2f2fd16d846b82bb559187f41938de41ba08154084bdb52a76cf4128ecef
SERVER_TRAFFIC_SECRET_0 03e1dc586ce79e03a19576127d85d105bcb916f09313e070f8efb805c0bcee65 60074fd384adb5daf703a44dd0e2d27b3f360ce4521958aa93d72dedef8f09af7ceaed32208fb151aa2940977fc54373
CLIENT_TRAFFIC_SECRET_0 03e1dc586ce79e03a19576127d85d105bcb916f09313e070f8efb805c0bcee65 44d9cd2dbced4b3f2cdec499aef811c57fbd57793fb2d9fbdb3ae1eb74be5afbd52cc05b50fc524ddd90b79ff9453cd2
SERVER_HANDSHAKE_TRAFFIC_SECRET b3c41694de54f01c61501b8f30c2d5c5ec823d7d64fe6e5044e4091631a30276 037be971a70e22e99fa9ef8bc54095d4fc88bcf0aab52ee2650e67e628c689ec83e4f74e2882495ef60cf38c2118c08c
CLIENT_HANDSHAKE_TRAFFIC_SECRET b3c41694de54f01c61501b8f30c2d5c5ec823d7d64fe6e5044e4091631a30276 bea9493b0e74459d164303d8e8dea7c09d5a5fd41eaebdbd5be2d09d0b086d0c9531a42192193b67730b34c590bef46e
SERVER_TRAFFIC_SECRET_0 b3c41694de54f01c61501b8f30c2d5c5ec823d7d64fe6e5044e4091631a30276 18c5e155d75498c608c48f60869d12ccefe8013497f1efebd5b45dc46ec51a213c0773f9aaaa148ee0189e75d60df52e
CLIENT_TRAFFIC_SECRET_0 b3c41694de54f01c61501b8f30c2d5c5ec823d7d64fe6e5044e4091631a30276 b4afb35de3a26016c2a011f7e8db70607cdcc4a3119f329df84ae3613f1047ade9e62319441a815e69b8e8921f0fb942
SERVER_HANDSHAKE_TRAFFIC_SECRET 6217fc5fe70f3b9adef58908c25ba6450e9bb2ec0593dfbc49f2a5f41b12b5dd aca4c2f732739fe716152e86f15d09cfee0505ecb6b3fd0f766061846d9452bdeb9e9dadc40bee5b6f8ce3f9a42f41c7
CLIENT_HANDSHAKE_TRAFFIC_SECRET 6217fc5fe70f3b9adef58908c25ba6450e9bb2ec0593dfbc49f2a5f41b12b5dd 2cd10e15624c03176410e01b24c4347f80e85bf7432bfe999a75884d594dcfe7643505f58f12a0881eeb354c5b40dc2b
SERVER_TRAFFIC_SECRET_0 6217fc5fe70f3b9adef58908c25ba6450e9bb2ec0593dfbc49f2a5f41b12b5dd 8786be1355c2d78a318cf0ae2d4c4234e1e0f8ca0c0db4c98c7b91f49fad0a7377eb5252c431d9a433a428ce2ac6f281
CLIENT_TRAFFIC_SECRET_0 6217fc5fe70f3b9adef58908c25ba6450e9bb2ec0593dfbc49f2a5f41b12b5dd 27461cb9fd5bc737fc9a84333b2d59d2c05fc222723ff990aa5303ac31a5f45c298730276f80e563b74ac9735bf82924
SERVER_HANDSHAKE_TRAFFIC_SECRET e72708322ae6783d975cfaa3b8f3826ef514f1458bbb9fbc9f2668dd9bacf0a6 e92a415d27eff60ddd63191020fa24e610b7eac035a657a6da23fda2abcf405ef7e8940545391be967f8ffd79710fce4
CLIENT_HANDSHAKE_TRAFFIC_SECRET e72708322ae6783d975cfaa3b8f3826ef514f1458bbb9fbc9f2668dd9bacf0a6 ec11b7bdc1a3a0335426395e1d98d6eb1692edfbe246b004f8c12d3f16622578178fb395dba4c162cc149654717c479d
SERVER_TRAFFIC_SECRET_0 e72708322ae6783d975cfaa3b8f3826ef514f1458bbb9fbc9f2668dd9bacf0a6 355fdc0181b0771b78cf3a8246a9c759fc43cd3927e998c2f4d6d0094415ef3410cf4a94314c08b32f4628ce1c654a86
CLIENT_TRAFFIC_SECRET_0 e72708322ae6783d975cfaa3b8f3826ef514f1458bbb9fbc9f2668dd9bacf0a6 4f189e1ff7291169bf8b9bcd8fa688b6cdf09a847d055b2417a1f057d5acbfbe87df5566cfc71647260be14074265e37
SERVER_HANDSHAKE_TRAFFIC_SECRET 35dca96a73927a0f37ed0ae8dd0cda7883e93d00614ce30ae22cbba2132088e7 128b848c51563962ce0f54c382c55e9287b9cbe410ca21ca11e641ad1a3e6df95fd127380add5a21cb776d0f6addfcc0
CLIENT_HANDSHAKE_TRAFFIC_SECRET 35dca96a73927a0f37ed0ae8dd0cda7883e93d00614ce30ae22cbba2132088e7 184c2d55dab66c38f2b338426876944521c734837d15ee4228522741fc06d9f2785c57af09a11785fc0b3e088dcc7c53
SERVER_TRAFFIC_SECRET_0 35dca96a73927a0f37ed0ae8dd0cda7883e93d00614ce30ae22cbba2132088e7 9583ab80f01b820cb1d5d122c0fccd46096d76ead67da9996242b6b4c24b2b9dfedb0d5ea1deb84802436a69aad05a31
CLIENT_TRAFFIC_SECRET_0 35dca96a73927a0f37ed0ae8dd0cda7883e93d00614ce30ae22cbba2132088e7 5821d354695b688c48737b44479c8b33095b39d0c12b3ba04b6c4758fe22de0c13b39a795f831311e4bba7b67f46a483
SERVER_HANDSHAKE_TRAFFIC_SECRET d0c67e16ab6584fcedfc3cd0184e12b886a6151ef7c12c201fc0430a615f565a 9e6dc7792540ee8fa1e87846246a4d70f8592a6d44138e9250a937b618964bd7a9e8c8fee1f260d39bf6738617031e9c
CLIENT_HANDSHAKE_TRAFFIC_SECRET d0c67e16ab6584fcedfc3cd0184e12b886a6151ef7c12c201fc0430a615f565a 751ebde25da680705cd5171949f5281e6dfede985d10829a7029023722a19c85eaa37961d8191877645625d64dc99383
SERVER_TRAFFIC_SECRET_0 d0c67e16ab6584fcedfc3cd0184e12b886a6151ef7c12c201fc0430a615f565a f2a06bc883923df17ab90e3c2b30ce4e83d37edb3f7994cbe679a6eef0a7fcff28cece4587738f9bfa10d6b07648f74f
CLIENT_TRAFFIC_SECRET_0 d0c67e16ab6584fcedfc3cd0184e12b886a6151ef7c12c201fc0430a615f565a ea7ab6ff7aeeedcdd101491aca295daa9e4d6d708a17e748ef4989e3fb83339de55a64716a68db0fbacf308ecd6e1b99
SERVER_HANDSHAKE_TRAFFIC_SECRET 253a023d65a77bb3f01773a0959d6c4a90d9dd4c4063981c8f30a0e9a1e3900b 042ef0a9b354f47f18b799766ad11b0423d28957549335b8a1baf1158e51670028b8a224914d43f2304b846a296e2fef
CLIENT_HANDSHAKE_TRAFFIC_SECRET 253a023d65a77bb3f01773a0959d6c4a90d9dd4c4063981c8f30a0e9a1e3900b 2097f820d126dc691c2d4127a344ab6c75ca89c8b70405403eca96f31e5f80356fc49c9e5895e02dc1ebd7b2e0e072aa
SERVER_TRAFFIC_SECRET_0 253a023d65a77bb3f01773a0959d6c4a90d9dd4c4063981c8f30a0e9a1e3900b a1b439a546116c5cb1c42ed071493de04266146c83be5764904f5c2e88e3ae9230459ce67c2d28a9376fbe1124d3c46d
CLIENT_TRAFFIC_SECRET_0 253a023d65a77bb3f01773a0959d6c4a90d9dd4c4063981c8f30a0e9a1e3900b f339ce4aa72b3d550c3be6a6d81e87cea718d52e25cc81a11da7e92b8d3c59b9b48497a3a46d95f251cf64fc963629ff
SERVER_HANDSHAKE_TRAFFIC_SECRET 28092ff07f7d681767cc12aa8b28eb37d90898d236e55d5b45a876952246f0ad 6e360611f139585f9b1a6dfa8ae8bddfc29522a7db27290ff8465a165b19282e87c8d992546a91411eaf532850eaadc6
CLIENT_HANDSHAKE_TRAFFIC_SECRET 28092ff07f7d681767cc12aa8b28eb37d90898d236e55d5b45a876952246f0ad 7008840a87d86ccab76b4876214e498b9440eb080d4e310bb6b78f269c214221c56c35b3c4b9d2e5ed9bc7fed07e9528
SERVER_TRAFFIC_SECRET_0 28092ff07f7d681767cc12aa8b28eb37d90898d236e55d5b45a876952246f0ad fef55a05b53c0d91180eb1a60446028bdc6524b23964eb1b1a1a435d38a29fcd3f5220531da71383e82d6ced6d92e5f7
CLIENT_TRAFFIC_SECRET_0 28092ff07f7d681767cc12aa8b28eb37d90898d236e55d5b45a876952246f0ad 060da5e8e523ebaaeca198c1631083bab6fa46c152b3cf50e67395120b1b6bf854a0a54478cc361805580951386ba2e1
SERVER_HANDSHAKE_TRAFFIC_SECRET b70708543b384b2513e5febb08d18c983929417cf9bd3b97851be58472749ba9 c6fdf3801b1c5b6d0c79058411055b3fad68bebaa6ba7a3af2b8a90b400fc3ee85017f96b920355aa95d4865d96a85a7
CLIENT_HANDSHAKE_TRAFFIC_SECRET b70708543b384b2513e5febb08d18c983929417cf9bd3b97851be58472749ba9 a30b7efec0c8fe9746fc32dd8fdc015a834c82d76f3969914a6cd744e838f8fc928d27a6a377ac7aff2e7ac7de05eeaa
SERVER_TRAFFIC_SECRET_0 b70708543b384b2513e5febb08d18c983929417cf9bd3b97851be58472749ba9 96e37ca42278b8a6d14fe52f712199ce242305b8cc14014d2937c2cdc83ed542e08af625c87892c26c920d85fc37d6b5
CLIENT_TRAFFIC_SECRET_0 b70708543b384b2513e5febb08d18c983929417cf9bd3b97851be58472749ba9 1a7587d5b18fd207a63a46def22d5343da96ced64c1d2699d6e694af627c356ac13c1c7ad7101706da2d71a59100bf27
SERVER_HANDSHAKE_TRAFFIC_SECRET 56080cdda32fec33177b9ae13aea224db5cad1c05ce6b1455b0b18d68d2f02b7 9661345012ad837609e6204a68ed57e3467042391da22aa885755de2f7348f6bd388fbcc4153be3ef48b919e08b34299
CLIENT_HANDSHAKE_TRAFFIC_SECRET 56080cdda32fec33177b9ae13aea224db5cad1c05ce6b1455b0b18d68d2f02b7 9355b188cc4c02adc40a4e6367906a9ad86a12724b285c2b6a9456b36f3c4128f28cb661dd8cde3df63dcc76c819a070
SERVER_TRAFFIC_SECRET_0 56080cdda32fec33177b9ae13aea224db5cad1c05ce6b1455b0b18d68d2f02b7 b8eee79947321996c71f85d6fd1c4ba018666cf7e6a9886776475e98fcf2d9ec6e8a9de9a4095e7a74a3896a15043bc8
CLIENT_TRAFFIC_SECRET_0 56080cdda32fec33177b9ae13aea224db5cad1c05ce6b1455b0b18d68d2f02b7 8a1f3ecf7183744c0bd897ee0fe9ac1f005e92fd51480a697a5d27de6129244ab75bfe9843ad012c4efed88f23c72319
SERVER_HANDSHAKE_TRAFFIC_SECRET 81911d7ecc8f6cff8d3dd1635de5409ddd153ecd4f003e990480213ba76a970c 48d0e7c3d0df6e761bb5cd66fe22bcdc9b5ab942b45214346ab44afd12c431c9de8a206524224e3fc6ca9363e7783272
CLIENT_HANDSHAKE_TRAFFIC_SECRET 81911d7ecc8f6cff8d3dd1635de5409ddd153ecd4f003e990480213ba76a970c c847fb8860e6a5cdc32e7373e4dc9ffda3d9d28455a1d14263a960724047a40ef3f1bee6ed2168a87f7d8f49360ea963
SERVER_TRAFFIC_SECRET_0 81911d7ecc8f6cff8d3dd1635de5409ddd153ecd4f003e990480213ba76a970c 04fbb83ca551b531580994c9a17ad38a62775db3895d86d5950f2ddc39ee2ed4614adf278fed2b700a3a655768bd1be1
CLIENT_TRAFFIC_SECRET_0 81911d7ecc8f6cff8d3dd1635de5409ddd153ecd4f003e990480213ba76a970c a8e6a651888da1ec5ade3c84e9f48774eec8df76042dbefc80463bd3cf64c59c75cb2d60fa6a94f83d937802a97579c6
SERVER_HANDSHAKE_TRAFFIC_SECRET bcda51815e6fe629275b2991714ec847e3806ab9d3e303eff1f6bd0bfc34e0d1 b2f6a31d1d00372c2a0026e537b2b35035bfe80e5edd8c9c510b058d204b26f8e24d719ce90861d8091aa4f8a407fcf1
CLIENT_HANDSHAKE_TRAFFIC_SECRET bcda51815e6fe629275b2991714ec847e3806ab9d3e303eff1f6bd0bfc34e0d1 6097ea4c1c86582e6060fac8bc3350d2e11992046478a8f26b0d0a5546e871f242485a0d4e21bcbdc099d92c075568c3
SERVER_TRAFFIC_SECRET_0 bcda51815e6fe629275b2991714ec847e3806ab9d3e303eff1f6bd0bfc34e0d1 99ba98755e05fe767271e0a24f547e932ebbb918e2a1711c4a7d3ea9462cd7cba3b50fca04329017b7e6b87fb346a0d3
CLIENT_TRAFFIC_SECRET_0 bcda51815e6fe629275b2991714ec847e3806ab9d3e303eff1f6bd0bfc34e0d1 57577c0cef58595670c0e3e4bee6f10e2f65fc4e3307c7ad3ce4afc4a8f04b30890f169b69e983e8c9f838bcfffb8673
SERVER_HANDSHAKE_TRAFFIC_SECRET 7d39b488c2f2bbbdb5dbf6208390ffde6b28252c2ad9f47a076cae9ed0b583f4 3cf28c53a9f80f1ce3d4cb56c8652cac1b5a68306c9ca8ccb96b04a9fd3dd83c6d374595aa7afc26abac4d70e69d0d9b
CLIENT_HANDSHAKE_TRAFFIC_SECRET 7d39b488c2f2bbbdb5dbf6208390ffde6b28252c2ad9f47a076cae9ed0b583f4 21d7ee475487c97b163d9428c20b3ba55fbb127572df79863a4b48d400aba695baf67b34e672074e46843ef0818da28c
SERVER_TRAFFIC_SECRET_0 7d39b488c2f2bbbdb5dbf6208390ffde6b28252c2ad9f47a076cae9ed0b583f4 742e56894f474afd1bfa6144fe513b2b3f0b16bac866d61a6bfe594dabfbe7fb91950b9b951199830f76e8e780de97eb
CLIENT_TRAFFIC_SECRET_0 7d39b488c2f2bbbdb5dbf6208390ffde6b28252c2ad9f47a076cae9ed0b583f4 8a3031d6cbe65c8e7484decbe2b8d23c02a18ca79860fd0ba202b1e5e5da64e61229872bf8296db553f97d5f580bc125
SERVER_HANDSHAKE_TRAFFIC_SECRET 2f68c9f9c5ab281d6304bc9964147b72302b2c6475c39d6a64bbdea2e7976c47 bb383a17104e148f644797870d853a5ea563fe6dff23e552bbdaab023e231687087a3478973688126101c6a3ba58b1ea
CLIENT_HANDSHAKE_TRAFFIC_SECRET 2f68c9f9c5ab281d6304bc9964147b72302b2c6475c39d6a64bbdea2e7976c47 b531c15b773babb91a5247b893fe0f8fc3f8b6edc1f61cd999b9f1b32f28be619aab8d6ae44d10a110b059701d883019
SERVER_TRAFFIC_SECRET_0 2f68c9f9c5ab281d6304bc9964147b72302b2c6475c39d6a64bbdea2e7976c47 cbdbc076a9e6ab5ca7e2d7ccf827e85029cfb5add67e828aadbe04e4eeb68adceb2ce820c5d95826bf8f7aeb66532fab
CLIENT_TRAFFIC_SECRET_0 2f68c9f9c5ab281d6304bc9964147b72302b2c6475c39d6a64bbdea2e7976c47 101256babf96ed447279a6e409cec879413c2e8770fd9eb70f67d5ad574192b29b15e31e0c5e66daa981bdc7e4b0f106
SERVER_HANDSHAKE_TRAFFIC_SECRET bf1681e8a8a8a44f7a65ac199825179117f3bdf2efb4e36db415591dcd651077 ac790489a92657430bd51ae1b84e6e96c627555c04cb1f95a36a268b14f501241ea91691ab409b8565517e4910726bf8
CLIENT_HANDSHAKE_TRAFFIC_SECRET bf1681e8a8a8a44f7a65ac199825179117f3bdf2efb4e36db415591dcd651077 23d76710c9544513a8c81518753f49b1f0227a732005fdb0467d138c88197fab48e03caf6973d8bb3f82771dfc0efdc6
SERVER_TRAFFIC_SECRET_0 bf1681e8a8a8a44f7a65ac199825179117f3bdf2efb4e36db415591dcd651077 595f63931ed33537164e9dc9499e621bd6521a8a29d1883433955b15fc211e36236ceec5d0c04b2bb89ef073bcf27a5b
CLIENT_TRAFFIC_SECRET_0 bf1681e8a8a8a44f7a65ac199825179117f3bdf2efb4e36db415591dcd651077 d63f87e9505002beb21acfa86a19985ca1bf3678b60b9eead47d8559ebe87be0d17bb95894046b0715d48e698d8016df
SERVER_HANDSHAKE_TRAFFIC_SECRET 316c67c1cd6a2acee505384e99f043464311405a0e795696a0708bc76f98b327 bd8f6c803e9ab13438fe5cdd469c167bc0f9a4800b904efd0c2c7baad19a4e39ace164cdc534ee307ba2c4408cbdc628
CLIENT_HANDSHAKE_TRAFFIC_SECRET 316c67c1cd6a2acee505384e99f043464311405a0e795696a0708bc76f98b327 5a26801991b59ac8e541c9c4abfba35da7b03dfb8a15252f4f13acd1c2e6b12818357caf58514b2baf91caae0611f6a2
SERVER_TRAFFIC_SECRET_0 316c67c1cd6a2acee505384e99f043464311405a0e795696a0708bc76f98b327 d40fea5c310139713d44732bf360e5aa10de667cfdb704d2d8b1b94b4324eb9dec34b3b9fc9139f750cbdefcaa55f4d9
CLIENT_TRAFFIC_SECRET_0 316c67c1cd6a2acee505384e99f043464311405a0e795696a0708bc76f98b327 4649b8026dfcd0c503428bf04d6c972efb2aebdbc2ee87340e0e134fc411387c97e7b7c7818ec5df2bb7a0aeafc7669a
SERVER_HANDSHAKE_TRAFFIC_SECRET ca115c0214604610150e82f40a07b11579f7d45ba6aff79fd63e303403ff70ee 0ae716927c1ca35a4937546a43163fee5a41b845d5a6e22f3070750792f67fa3715d1ab7d03672b4506577509de54232
CLIENT_HANDSHAKE_TRAFFIC_SECRET ca115c0214604610150e82f40a07b11579f7d45ba6aff79fd63e303403ff70ee fac58de72b24af52bb770947b67227a06820cfde17410953edff3d2e00d772bab75e0c61eb4c114b8556616fb8d8af92
SERVER_TRAFFIC_SECRET_0 ca115c0214604610150e82f40a07b11579f7d45ba6aff79fd63e303403ff70ee 8ddf3bc5713c0f58c9b92e5f8187bce77cdbee63a009ba40b8334783a3fe13ffee09f9593afaa0d14df975d68e36c1ac
CLIENT_TRAFFIC_SECRET_0 ca115c0214604610150e82f40a07b11579f7d45ba6aff79fd63e303403ff70ee 8ceabe01c8a9e7edb7b20ad1384d56e88becbfec2bfff2562f3334e28d9ca1821dc40dc0010b96a6e9c7068b4c77c80d
SERVER_HANDSHAKE_TRAFFIC_SECRET 5d8abe0b7e209675aacc21d7640027cb7ff37735be87fd6b1f322e36a62002be 5269722ad4622b0b69d825464926d1af40f557cc65f78033ff5bd73be21ed29eea7402329385bc25c5fd0aff2c473288
CLIENT_HANDSHAKE_TRAFFIC_SECRET 5d8abe0b7e209675aacc21d7640027cb7ff37735be87fd6b1f322e36a62002be 137d6e055b14214b3ea15df5127f14a052ff610131f2980fd4b62ba61b953307490d71e098840e2ade7f28cd17af50fd
SERVER_TRAFFIC_SECRET_0 5d8abe0b7e209675aacc21d7640027cb7ff37735be87fd6b1f322e36a62002be 4604bb7377cf58531a634799cd707be7d9fd5f52788e1dba23d318c5dd63632b8e97ed77408d770c8fef2447c6f4ac50
CLIENT_TRAFFIC_SECRET_0 5d8abe0b7e209675aacc21d7640027cb7ff37735be87fd6b1f322e36a62002be 0c348632750b83f10530bd725e1699ef35c25f59399ada76aecdd790aa9e121d8a3e665f5229c741bb3429ed1a35ef73
SERVER_HANDSHAKE_TRAFFIC_SECRET 0c82e239bfbb2269bb0dc99f0ae52f7d972c57dbb77ca63fb2d640c942157ac4 572b59d744a79d77d3f790928e1cf77e476002ae033bee65ad40dda0d4c21e9c3c4be6adc7233b39c64faa89b6f025e7
CLIENT_HANDSHAKE_TRAFFIC_SECRET 0c82e239bfbb2269bb0dc99f0ae52f7d972c57dbb77ca63fb2d640c942157ac4 60986e03f74b9e02272bbee66625db34a3824c42e075f8c1cbcf14a59e259bdfbff7364a5f96f684cde127fdbf3a6fba
SERVER_TRAFFIC_SECRET_0 0c82e239bfbb2269bb0dc99f0ae52f7d972c57dbb77ca63fb2d640c942157ac4 e1f438426edbf22dd29ff97a8803941d4b719e608363a3470d1b224341df809c5ebc598b6b4b1ab97708efcc3a669d67
CLIENT_TRAFFIC_SECRET_0 0c82e239bfbb2269bb0dc99f0ae52f7d972c57dbb77ca63fb2d640c942157ac4 a54a0b739a2d7434b60024456f2f563f51635ccee89c0d0da76a6c98934c195cb9b6c5aaa4ad4dcc7addba032e50b4a1
SERVER_HANDSHAKE_TRAFFIC_SECRET 924c4e9169690d470006902f82d59538fbf0273a3779ca26f27c10d33a653ec2 29749f8c3a472bb070788247f1ca29bde495949fd7cc4715ad88303e81f4aece834f92983d64446ecffb7ee53ebe3cf7
CLIENT_HANDSHAKE_TRAFFIC_SECRET 924c4e9169690d470006902f82d59538fbf0273a3779ca26f27c10d33a653ec2 fdb9643ff758b6ad2dbe58c681497c951a16f926813db478f090c9f65c7503f2b35aafa9574baf1b90b1e7cc4c4aa816
SERVER_TRAFFIC_SECRET_0 924c4e9169690d470006902f82d59538fbf0273a3779ca26f27c10d33a653ec2 67c8675fb0830b5bdecab50e54891c286da00a13f46eaa385c022679f682affdb5c48a63032bfa95cb01af324c414275
CLIENT_TRAFFIC_SECRET_0 924c4e9169690d470006902f82d59538fbf0273a3779ca26f27c10d33a653ec2 d3479ebdb7fe4506c3c816dc651d65bb15ef1682483076b5da6ed397736fc1ffd94e923cdc9a9eb2fb659af0516ead49
SERVER_HANDSHAKE_TRAFFIC_SECRET cf88aff8d81fc0eb4f90a8b7a03890da7656470326a84341d0da30f9101204d2 92f96445eda01c86b0b3173958c72e4225c78b2c603964ac2eebf91c154d69aa34db5be1046b439428213b4ccbe0d663
CLIENT_HANDSHAKE_TRAFFIC_SECRET cf88aff8d81fc0eb4f90a8b7a03890da7656470326a84341d0da30f9101204d2 53ca44423a8ec2882f77e58da117ef99d43f58395366e5dd83a3575ebde4527ddf4fbb8ab0ad27ebde7494579080cf5a
SERVER_TRAFFIC_SECRET_0 cf88aff8d81fc0eb4f90a8b7a03890da7656470326a84341d0da30f9101204d2 bfa4c64fc4f5cac90aebd179c922a5747b8fd59469a9947d898025070cbca6918734996642b6ff156b2be410ada7c9d7
CLIENT_TRAFFIC_SECRET_0 cf88aff8d81fc0eb4f90a8b7a03890da7656470326a84341d0da30f9101204d2 531112ddff37044c8e5d52ef6b1f8d8e9ed643f25f75590c2c63ad3b2aef11edde89189ec15267c5dc56e182969c1268
SERVER_HANDSHAKE_TRAFFIC_SECRET 1580dbdcd402335ea7478cbde8dc5e1a926d47a3f6764e9b1df7735e326d4e3e 796adb97b5c8265be43b78607d0406be820babcd361d5fef64a84ffe1a9025217db76d5c78234886715e944f6f3ae5f9
CLIENT_HANDSHAKE_TRAFFIC_SECRET 1580dbdcd402335ea7478cbde8dc5e1a926d47a3f6764e9b1df7735e326d4e3e 07b32825877eb3e102b6afd8cf86e076543351b3a9c1822e6d8a0755b5df503cc41b3c2f6c6fe9b70515e5087a032cfb
SERVER_TRAFFIC_SECRET_0 1580dbdcd402335ea7478cbde8dc5e1a926d47a3f6764e9b1df7735e326d4e3e 9c1dec3ad3e9556eafbad2c33d3365db444233795d714b365cb35459765969c507901c663ab0984892feb117f78a1176
CLIENT_TRAFFIC_SECRET_0 1580dbdcd402335ea7478cbde8dc5e1a926d47a3f6764e9b1df7735e326d4e3e ec9c6f0465a1c0084955c05b1d08f6eabab41318c6ca20e4220853b37c3047984c98a0a55aeff60690e2b0a5af265cd7
SERVER_HANDSHAKE_TRAFFIC_SECRET e185dc05bac4fbd219d1c9f2ee41e4048003f78b087bb8d4a57237c5d5908bee 78cf1120f7152e725b053b1f060699bede365be0d01a1893e3ab8dbb0c9eca804572c164596ca025a922f968da464ead
CLIENT_HANDSHAKE_TRAFFIC_SECRET e185dc05bac4fbd219d1c9f2ee41e4048003f78b087bb8d4a57237c5d5908bee 8b685b18d1e66b5138b7dcb798491e5b476c783fcc28e88e24e9720e2a753a6c1ff476cb538480dc41bd7b6da6d30642
SERVER_TRAFFIC_SECRET_0 e185dc05bac4fbd219d1c9f2ee41e4048003f78b087bb8d4a57237c5d5908bee c6b73bfcfa9526e1db8f3d71ba499be5deaf7f2ae84585bcd0d16ea96713ee873488009a10c4c0d8a9b0ed13972b2f17
CLIENT_TRAFFIC_SECRET_0 e185dc05bac4fbd219d1c9f2ee41e4048003f78b087bb8d4a57237c5d5908bee 3f1bdcae04aeb3a4e6871c835fa6ae640d069b2f5b852d19ec305ce4809bb55540aa7aabf4927fea1306e971de157e7f
SERVER_HANDSHAKE_TRAFFIC_SECRET e25a14317adadeee728d5235a6ca067725997d64da4bcf47ce09e6788fad51d3 f94f8d1ab02260ecca3385c829e460a3b5c809a6f100bde890bdd192e26a6128cfc52c46effafdfd72c12bfb14672832
CLIENT_HANDSHAKE_TRAFFIC_SECRET e25a14317adadeee728d5235a6ca067725997d64da4bcf47ce09e6788fad51d3 403d02116b470dc8818209bfa84f17d68144689d7e0013fc0fbbc0a683e1f46a2f009152be1fc653c8a6de52e01e17d4
SERVER_TRAFFIC_SECRET_0 e25a14317adadeee728d5235a6ca067725997d64da4bcf47ce09e6788fad51d3 1942afebd9d38bc11b4e2eadf5dc5612c1cbd9682345a1ac5e22e4f22fdce8d5dd3400c85537d89e3ce773521012427e
CLIENT_TRAFFIC_SECRET_0 e25a14317adadeee728d5235a6ca067725997d64da4bcf47ce09e6788fad51d3 61b628fd17feb01a5e5476a14fc5ffd8abbc46499985cb6b4a35b70fb9791da61589cc8be2bb79c294b7eff8737ac95e
SERVER_HANDSHAKE_TRAFFIC_SECRET a18994bdc816ae224bac588a8dc37a6c72a7e2e579a29fd3c7e64ec25ea47130 bc8ed118acbb61a0aceb3803e23037a0d2ac5e4a311a7f4e0192743ef2194b9b52c1533816826584374027d6b12503ab
CLIENT_HANDSHAKE_TRAFFIC_SECRET a18994bdc816ae224bac588a8dc37a6c72a7e2e579a29fd3c7e64ec25ea47130 e3f849f9299a5b315e09d3c66f8b77ae764296da47a085dd66481189635d260e092ecec33359c442e00701e0c9be03f5
SERVER_TRAFFIC_SECRET_0 a18994bdc816ae224bac588a8dc37a6c72a7e2e579a29fd3c7e64ec25ea47130 31796a752f56bdd2359d293cc82aab8a87ce0833580899ad880e6f331b5a355e30fc95f7070adf2c85a61b17e91983db
CLIENT_TRAFFIC_SECRET_0 a18994bdc816ae224bac588a8dc37a6c72a7e2e579a29fd3c7e64ec25ea47130 61de6d207412726c82bd28e36f6bb02ffd46e22dea1dbd02cb73cbfa4af11fa2b2250a5be6a3a5e499ebc7d487f91855
SERVER_HANDSHAKE_TRAFFIC_SECRET 6e17236facea9a744e418c7bd3d3e7e14fdef49b9c2a6affd594c1e3c01fb3c7 fa2afb9c6966b3ecc788f219b41898c104f1c094290e157de7fcd2a115f46483a4fe1c13de38b4ffb8591ed7115c1421
CLIENT_HANDSHAKE_TRAFFIC_SECRET 6e17236facea9a744e418c7bd3d3e7e14fdef49b9c2a6affd594c1e3c01fb3c7 d2444cf6b8cd0275dc0c20cde3a1a671dea2b640710442ca39efa81535845fe190a74de26f8661cb0352233a31d1c616
SERVER_TRAFFIC_SECRET_0 6e17236facea9a744e418c7bd3d3e7e14fdef49b9c2a6affd594c1e3c01fb3c7 92c41166ccfed1325171541b5180d6e616673546b73e63747b98c5f66e8dadf7ba1f1a173b42c7f6ce541de1cbd476eb
CLIENT_TRAFFIC_SECRET_0 6e17236facea9a744e418c7bd3d3e7e14fdef49b9c2a6affd594c1e3c01fb3c7 b7bc336ff6535bdacbf41e29564654797a32e2f5955b2ac4fcda27ea9f2141a4469b518b930c3418cb875bd07fb5970a
SERVER_HANDSHAKE_TRAFFIC_SECRET 7cb951ea4dee6850fa6ed0ce2b30e5aa5b02e1c3deaa7c17610355e09b5dabbb 16ce83582444585b94e24d991492236b58baaf2bbbf93dcd767c0c83523aa07c6ccee4fdf6606f58f4219b8a1dc72b33
CLIENT_HANDSHAKE_TRAFFIC_SECRET 7cb951ea4dee6850fa6ed0ce2b30e5aa5b02e1c3deaa7c17610355e09b5dabbb b447500244598366453bfd6c590970c7a4405045f4e188e392fa5ca0b17533813bcb377a4f8a113c2f63338574ca27cb
SERVER_TRAFFIC_SECRET_0 7cb951ea4dee6850fa6ed0ce2b30e5aa5b02e1c3deaa7c17610355e09b5dabbb 15eaae523cba8b151d0334fc3832891beedfecb7205537ac231872a0f5f3dc39edd25a5dcc69863860bbeac714753598
CLIENT_TRAFFIC_SECRET_0 7cb951ea4dee6850fa6ed0ce2b30e5aa5b02e1c3deaa7c17610355e09b5dabbb e4e0df28f5d65199b8152fcb88e9250c311ac6cd9ff46170646ca3d1b214ca10394aab4dc2b6a968bfbc699d331ba7e3
SERVER_HANDSHAKE_TRAFFIC_SECRET 31c5bbaf89933cd1a9bac71dcce42e2e9f65e98a926192364cb6ad301d4db52f 3bc70d7d841bc4cdae0c9cbd44253915c39ac5d030241011eb5374aa8c4d6f9c996e258303e804c6e5b868e02e536d8e
CLIENT_HANDSHAKE_TRAFFIC_SECRET 31c5bbaf89933cd1a9bac71dcce42e2e9f65e98a926192364cb6ad301d4db52f 0c0a5166537d04d31da725846cdc65a9d30b1fb2ad44ccf60acd530ab404ac5daa87cceeb0bb5d858e2185f04d28d2b7
SERVER_TRAFFIC_SECRET_0 31c5bbaf89933cd1a9bac71dcce42e2e9f65e98a926192364cb6ad301d4db52f 3c71c79f45fb186bdb02b23b8580939e4b98f2806235a563cddcdebb03a176504194adc8aa8147abff56ce0019069768
CLIENT_TRAFFIC_SECRET_0 31c5bbaf89933cd1a9bac71dcce42e2e9f65e98a926192364cb6ad301d4db52f 3a1edb467e234318a6490c19a03e65a656fd20cae6531dd0c72dda40214e995bca97c264d4f2fbfe4f6eafd57f40555e
SERVER_HANDSHAKE_TRAFFIC_SECRET c25467e2633b2efcfdba8fd78ae50c34759713a0875e48e439e69249e767f23e 0e73f805909326e3353eddedbb78385d0aed2739bdc3c3a0b152e10f48b59dd571e4324357467d8500cb4c706a30f5e0
CLIENT_HANDSHAKE_TRAFFIC_SECRET c25467e2633b2efcfdba8fd78ae50c34759713a0875e48e439e69249e767f23e 27206fc01c138bc2128021a1d4b995296c813fc7322b858c89b8bd2b56b8477254462ba9f79f472067ddc9286cd8b8c4
SERVER_TRAFFIC_SECRET_0 c25467e2633b2efcfdba8fd78ae50c34759713a0875e48e439e69249e767f23e 15eaf6b59c155483664492db298cfb2c222648789fad444b295a687f633618b8cf537c9f214872090a6151176799d7e3
CLIENT_TRAFFIC_SECRET_0 c25467e2633b2efcfdba8fd78ae50c34759713a0875e48e439e69249e767f23e dfc3ae5ba302a62f1b51a09586c85a16468cc898509cc41d166af6c0aae1ba1b9b10b1b3817244958f2e3e532b8555ce
SERVER_HANDSHAKE_TRAFFIC_SECRET b4200015b25b9ae7c1f04bd783248eb109f28dcc7e5daf645d661b31550cf6c3 b7b9a1d7b49535b11a0c41c1e892b0ad9ab8d83a2979c8e93ccd537e405605afc2d77b27fc442d11f5fa0fbda4d316bc
CLIENT_HANDSHAKE_TRAFFIC_SECRET b4200015b25b9ae7c1f04bd783248eb109f28dcc7e5daf645d661b31550cf6c3 4ba3c3fab00311ee66211766841e0a7f4fa3d2b1f588164046435b63ae1648d65e6770ad22c1a6097c3067d414914ad5
SERVER_TRAFFIC_SECRET_0 b4200015b25b9ae7c1f04bd783248eb109f28dcc7e5daf645d661b31550cf6c3 cf8fafa99a7986202684e7ce4ada5bf456f1d30efb5cbf9898a2e32fa6c99ba9cbf016cce47906ebebc666ee60522c42
CLIENT_TRAFFIC_SECRET_0 b4200015b25b9ae7c1f04bd783248eb109f28dcc7e5daf645d661b31550cf6c3 7342765088ecbe97dacf986751205387c50a022fba482c7285e31175a433afe909cd2d5f1a4386c48d33a4209b0e68fc
SERVER_HANDSHAKE_TRAFFIC_SECRET ed6e8ce2b4d41df9bee80c67d6d550245e30c103f58af95f0d3c71ed2251d2b6 0c67ac934c9b4db858531812684b8e368309cb13c10c382500279e0a5458b3f2635806409483990f759c20baddf68fcb
CLIENT_HANDSHAKE_TRAFFIC_SECRET ed6e8ce2b4d41df9bee80c67d6d550245e30c103f58af95f0d3c71ed2251d2b6 5b3f076084ae4e8fc55a27705c308ef7734aa068a5aea8c88648d6ca820d5740c49c61313c0bf45d1b039b5bfe1bdf23
SERVER_TRAFFIC_SECRET_0 ed6e8ce2b4d41df9bee80c67d6d550245e30c103f58af95f0d3c71ed2251d2b6 e9c5545c1c159ecfe74cf92df72d0527802b9434ddfb870953b43633ff21a1d8943d19127e4da126a4ce1ad81efc828e
CLIENT_TRAFFIC_SECRET_0 ed6e8ce2b4d41df9bee80c67d6d550245e30c103f58af95f0d3c71ed2251d2b6 2c813208e8a5ce4204929c5695b86467c9b0c2e3c538b328492e348d4c337fd44dd81a470ad793b3e8047d87899edc6f
SERVER_HANDSHAKE_TRAFFIC_SECRET a4ca928e84f4d62ec169fa39a6253329f3c9d4b94c76b715e323405de7d670a4 fa3fa51e80f2a5940cdb5903805fdbfa7d3cd80462da9cbdfca74031ee9e6eb4ded5ed0b2c9c9e8da210da344fbbd06a
CLIENT_HANDSHAKE_TRAFFIC_SECRET a4ca928e84f4d62ec169fa39a6253329f3c9d4b94c76b715e323405de7d670a4 d725aadac892f3ac66049999ecb442deae1359a4f57ed310d0a7ea958eeb4e10a024b61af3c86e6e9ff7d592b3d63b47
SERVER_TRAFFIC_SECRET_0 a4ca928e84f4d62ec169fa39a6253329f3c9d4b94c76b715e323405de7d670a4 48b520f9731d035521c0691d1bf95eae291ccfa3e2c4d8b414f8474fd754ee2e09ebe980a09ac4dda7914e92471336fa
CLIENT_TRAFFIC_SECRET_0 a4ca928e84f4d62ec169fa39a6253329f3c9d4b94c76b715e323405de7d670a4 c45301c43a503112f8beaa23a6d144b1e9ebd04cb4793578b86329f2271389fa44110d18f5c28895b878cbe1cc0c14d4
SERVER_HANDSHAKE_TRAFFIC_SECRET 8ebaa778ff36ad29c1324eb9f50fa941c32b5746a3f20df5e6634f6cefa4834f 0fd5dc6c5cc14cd1dffb6593e4df6e04f107f56ee0cc4e704cb8540b7365a9a0c869a51762c11153e4310143a15a8a30
CLIENT_HANDSHAKE_TRAFFIC_SECRET 8ebaa778ff36ad29c1324eb9f50fa941c32b5746a3f20df5e6634f6cefa4834f 9b295c0541242519624b614415a9422d206376e2bfc37e1801f92afd242e45a01c40e6ab52ea94eb5efb5a754ae1e7ac
SERVER_TRAFFIC_SECRET_0 8ebaa778ff36ad29c1324eb9f50fa941c32b5746a3f20df5e6634f6cefa4834f 07fe9b6f1dbf0212ae12bad5840ce5c8fd1ad9aa0c504b72193d6decab5c69444b035d7567987526436f6d4593521dd3
CLIENT_TRAFFIC_SECRET_0 8ebaa778ff36ad29c1324eb9f50fa941c32b5746a3f20df5e6634f6cefa4834f 9f0322e72edc6bfbe006bd6b61ece9658a40d0e764eee16664a9d8ec253624efe74faa18baf9aee2cf63d92bee4fc01e
SERVER_HANDSHAKE_TRAFFIC_SECRET 58484b63bb3eec3b3f4a9af51738eae9312ca736b0c3045e2c7eda503137bd86 a35cde8b7c26cad130fc453447b05efc4e62630f005e6857b602e32ee0f0259604cccf2525c854ccfb8c8f46c8ef1291
CLIENT_HANDSHAKE_TRAFFIC_SECRET 58484b63bb3eec3b3f4a9af51738eae9312ca736b0c3045e2c7eda503137bd86 f89fc0c063304d112cbe741492232268e0a329499dfadea4feca0a4e007feef6f00d18c995d14ddfafa459333f93810d
SERVER_TRAFFIC_SECRET_0 58484b63bb3eec3b3f4a9af51738eae9312ca736b0c3045e2c7eda503137bd86 9575609abc0e44d894fe35925f39b7eec2d362c224e62070b7d85ee3ea1062a2f9ee640a42d6661f27ce12c2597cf9a0
CLIENT_TRAFFIC_SECRET_0 58484b63bb3eec3b3f4a9af51738eae9312ca736b0c3045e2c7eda503137bd86 5afa73ebd4cfe748d33dbf99482e0e09df742fe24ea9be365aa0d6ba7942e4bfe1b2692791cc23d1d01135b75187a135
SERVER_HANDSHAKE_TRAFFIC_SECRET 208fbb267d0c4035e5600d02285c0098bb25f6cdff01b51276410e3b23b2ba51 fd976fc9471b8c21b4ad270804cc2f61f791ca7e504139afec4ddce17d2de1757acb0e3d1c21791a0dc1a0595c21f421
CLIENT_HANDSHAKE_TRAFFIC_SECRET 208fbb267d0c4035e5600d02285c0098bb25f6cdff01b51276410e3b23b2ba51 338dd50c06f4ae76781b2446d23fc15a38b646e02e6cf67800c36b77ef3a22f502e98e96b72dc5171ab3bce585fb3e17
SERVER_TRAFFIC_SECRET_0 208fbb267d0c4035e5600d02285c0098bb25f6cdff01b51276410e3b23b2ba51 494ae00e7f56617e0aa0811c9cbacc59b23a10f6a76e85c6e5664ef0a39d24e9324d4f2144e17150a3eff7a9c0c8d186
CLIENT_TRAFFIC_SECRET_0 208fbb267d0c4035e5600d02285c0098bb25f6cdff01b51276410e3b23b2ba51 86dc1335c034ece7be541d89c18cb1e58f10527f8e3135ee09db0eb4a63357fc0eb0bf4a92b23d66ca2a30339db3e6bd
SERVER_HANDSHAKE_TRAFFIC_SECRET 5346628ad1239e596f7eac04b47767e39b7721e105504e9ad204dc867a9fbdd2 f81efcde07c0bf2439f516fff9f99a718f163d5d4b4d73b204a950c23de75d94d8cb00d7f85afd0f690db9bb5cb60943
CLIENT_HANDSHAKE_TRAFFIC_SECRET 5346628ad1239e596f7eac04b47767e39b7721e105504e9ad204dc867a9fbdd2 3b3e94d50d63ff37c0df8b32f1505bb9dbf8bbe5d2720eb95abf8a89c65f031dbe9d63ab4b4b95adc76022c8acc55516
SERVER_TRAFFIC_SECRET_0 5346628ad1239e596f7eac04b47767e39b7721e105504e9ad204dc867a9fbdd2 0b40d878721c6d9857f642655ab94fbeaa46297f94a67b1fe2d9814cd981c5e329ddef646375a760602da38fa40747a7
CLIENT_TRAFFIC_SECRET_0 5346628ad1239e596f7eac04b47767e39b7721e105504e9ad204dc867a9fbdd2 bd131c9368b01bd7cee850519e523af2483cbfb8b39b16bf895d731823090376fa6b045023bd7b610974db723b232f66
SERVER_HANDSHAKE_TRAFFIC_SECRET ca4926c5b39ba8e1b68e783b77e6898ef785cf0597a9aacd77490eb6f970da47 d7e58d12838fbfb92daa6d9c1000361a04762db608f74d6cabdfb1ee3ca33acd8ef8da63968255855386489f10197172
CLIENT_HANDSHAKE_TRAFFIC_SECRET ca4926c5b39ba8e1b68e783b77e6898ef785cf0597a9aacd77490eb6f970da47 b6055970f2b6c4fea9c78eebcab03b88ff997af0d2b38ec65cb381db8080d181aa78a42d644d8797603de277c9badaac
SERVER_TRAFFIC_SECRET_0 ca4926c5b39ba8e1b68e783b77e6898ef785cf0597a9aacd77490eb6f970da47 7a76e4d1f0fb1b890abd942e529ad4cd86c284589ea5cf45166befe51d7c33be0998f44f4da4ad8665b4ae8b0ae4f183
CLIENT_TRAFFIC_SECRET_0 ca4926c5b39ba8e1b68e783b77e6898ef785cf0597a9aacd77490eb6f970da47 0ed42c1301028bf204e2ae04df3d668c088ed2c9892ab05669f128dc746b4bcc474e0c91d94965b5aa9040ae7e2aae37
SERVER_HANDSHAKE_TRAFFIC_SECRET 9a522610c3762c61156beb2b84e56925822a079579ca14746f1fc3905073a1f1 43ab603916d15dc92eb2ccecef6edc934da2042b8c7a04f0660fae890371805d28e49b7b5a9e667114b849f0bdf0d7ef
CLIENT_HANDSHAKE_TRAFFIC_SECRET 9a522610c3762c61156beb2b84e56925822a079579ca14746f1fc3905073a1f1 0e3af145960af9d16167ebcf55308b6ffd602d7f4a9b8b76902e88f04ea30af04cfa2dffa54c4e647f04cabb60c0bb85
SERVER_TRAFFIC_SECRET_0 9a522610c3762c61156beb2b84e56925822a079579ca14746f1fc3905073a1f1 3424713351f28bb5c42d37dcc17dcbeb78c9f84a2561ef500c803ba4a73ce74083c2a2a329b5511784d3c98dead44b1f
CLIENT_TRAFFIC_SECRET_0 9a522610c3762c61156beb2b84e56925822a079579ca14746f1fc3905073a1f1 7c122921e97a9498e7cb7694c5b6526370f187adfd2a11063d50731c505e442945de82dc77bd64540f510825796b6b45
SERVER_HANDSHAKE_TRAFFIC_SECRET 1f82e38d25961247dee0422fc7f0254fba06db9c5c499e8c42bb7010667a1cce 9648bfc9b2a7a9064e865c7d60c6f546c8fecf7b291455e58e7e374b203795e4fc3df1b6d935ff23198cfae3e55396c3
CLIENT_HANDSHAKE_TRAFFIC_SECRET 1f82e38d25961247dee0422fc7f0254fba06db9c5c499e8c42bb7010667a1cce c34826439ab8db47d329f1a1dcfa9763eddabd8ac74b93a69145fc73a16e03782c0a841982a1f4c71b38a5bd48a71bc7
SERVER_TRAFFIC_SECRET_0 1f82e38d25961247dee0422fc7f0254fba06db9c5c499e8c42bb7010667a1cce 9113141d0a37acafb6055ca227877e62d9a2b717b9ebdfe088f2c1f3d8e5eb3bd9dbae714fbbce41b09e98864ec6c3c6
CLIENT_TRAFFIC_SECRET_0 1f82e38d25961247dee0422fc7f0254fba06db9c5c499e8c42bb7010667a1cce 1f24eee801d9d4a299e20227631e600d0980d9dc017f3be0e26bcc9e8a50438351d6fe58e8a495ce64f8e775c82fe40b
SERVER_HANDSHAKE_TRAFFIC_SECRET aacdeeedab8487c966d4045f3f8faf30bea76cd2b402be0199ab4139da42a2b8 834b14cca9bce0d328dab79813ff83d5278291e70b87035513dae959f9beffb68c6624a2390e110ad606ac4f62238d5c
CLIENT_HANDSHAKE_TRAFFIC_SECRET aacdeeedab8487c966d4045f3f8faf30bea76cd2b402be0199ab4139da42a2b8 522b64efc78b2e02ad41c3641ad7dc18317faa4980f85e52f8fea7034a1c6360b390f9b4959320193e22af2e8ad57740
SERVER_TRAFFIC_SECRET_0 aacdeeedab8487c966d4045f3f8faf30bea76cd2b402be0199ab4139da42a2b8 dc88c67bbf36ee189fc9f9a5192f9289a799d15916406f37930b3d9eee9c6b6f437a064d280431615d2bf5be1995c84b
CLIENT_TRAFFIC_SECRET_0 aacdeeedab8487c966d4045f3f8faf30bea76cd2b402be0199ab4139da42a2b8 f7a4f975b18fbbd053f0b97e55560d47669be886a57f25a5a3dae33533a869a230b2f1ee60411d3e622616460bc15b31
SERVER_HANDSHAKE_TRAFFIC_SECRET e15da15e883124ae5e6494addc3436937da8049a9d519253d7fa0b72bfac427d 6612d7644abb5e6332ca78414a90849c70d3a42de0f2f2050d685d1eb87a8754fa298027c4f6de8b27fe4863e6a8490d
CLIENT_HANDSHAKE_TRAFFIC_SECRET e15da15e883124ae5e6494addc3436937da8049a9d519253d7fa0b72bfac427d 73ac07c5713528146aac97b19df4957ab0177713f74af2a2128dc32057646685f2428af56926c278124ae1389d0d480d
SERVER_TRAFFIC_SECRET_0 e15da15e883124ae5e6494addc3436937da8049a9d519253d7fa0b72bfac427d a1414e0a2424bdc08d4f62f121f271ea039328cc790a846b156ae8ca6e3528f6f7b7293790714615e44b217e033b26ec
CLIENT_TRAFFIC_SECRET_0 e15da15e883124ae5e6494addc3436937da8049a9d519253d7fa0b72bfac427d b66152ed6dd81ad2dae4be28db25e0830e6610ebf34f0531a273c5d287c89b95d5886073f681a6468279bb6dcb17dcfb
SERVER_HANDSHAKE_TRAFFIC_SECRET 2325c6ad92c832b91388ed7507fe64ec60ddee7c6b89c16e07f68363d1eb399b d13664b541c2683ef03e76259285bdaf4b52064af1424deb3a33fa76a99f296aca5ec96b9e9bf62350ffc018d6ff7e25
CLIENT_HANDSHAKE_TRAFFIC_SECRET 2325c6ad92c832b91388ed7507fe64ec60ddee7c6b89c16e07f68363d1eb399b f48700aed5e02b6378f2d96fcd5fa02eaa68c18eaebc2bc80f838081eaaf701e38c50780ffdfb18ca7c957e5f61a95e7
SERVER_TRAFFIC_SECRET_0 2325c6ad92c832b91388ed7507fe64ec60ddee7c6b89c16e07f68363d1eb399b 717a3c79007b5ab978aac81f562005d7b0a4a92d5ba87616df8a1cf60b1449ae37c870a860e7e24fd6cf14e22a5ece07
CLIENT_TRAFFIC_SECRET_0 2325c6ad92c832b91388ed7507fe64ec60ddee7c6b89c16e07f68363d1eb399b e6669e184987be509fc6a544fdaf3986aab153de26e8123bcf36b0d376e056ed5026215c15a43012f9347948c6b36330
SERVER_HANDSHAKE_TRAFFIC_SECRET 44d4a66e9b3eb1e83be694e1dc199600d0baa1480e2fb2d7e8849f20e184d221 6d6bec70279fad2a2928f20568d177db6f5ff7c93e2adb6b262e8355090f989ddc6d7ba893f393aa32ad0026f0163502
CLIENT_HANDSHAKE_TRAFFIC_SECRET 44d4a66e9b3eb1e83be694e1dc199600d0baa1480e2fb2d7e8849f20e184d221 286b433c1af13014bcc009f8ad68231e21177b8e0ed3c06c8ae98a0750ed8cb4afe84fd7106b64924ada5aa6818025e5
SERVER_TRAFFIC_SECRET_0 44d4a66e9b3eb1e83be694e1dc199600d0baa1480e2fb2d7e8849f20e184d221 82e99830e76527e75675ea4de581cea01a7dd46663553c495d3b9aeafee300d1e919e33ca78ce31795ce5d2072d7e6b5
CLIENT_TRAFFIC_SECRET_0 44d4a66e9b3eb1e83be694e1dc199600d0baa1480e2fb2d7e8849f20e184d221 9c464d66ff9dfac074c96299dddacf093e9d433ad2253765690192ca296272ec4cce7be5ed78abbf9b0319245be048a8
SERVER_HANDSHAKE_TRAFFIC_SECRET d5c9721fe96f8ad676c7637281c24f7198ebb93465dfcb223c239175f108070f 93668e47a7429f7134e62db6f55732b5e70a7f1f479ae6a20f4eaecfc529a2a4c5565d41943c924566374de0c6842994
CLIENT_HANDSHAKE_TRAFFIC_SECRET d5c9721fe96f8ad676c7637281c24f7198ebb93465dfcb223c239175f108070f 0d0e422b86202f15f47de4cd9fa3bf2fa3dcba041e6775d598b6306e204893b66140d6864f9cca75513081f2ba29dab2
SERVER_TRAFFIC_SECRET_0 d5c9721fe96f8ad676c7637281c24f7198ebb93465dfcb223c239175f108070f dc28b41ad67bbdb04a43afdcd3ac9577ad2d9cf4b507518931d32b38eea42f1c4602b66ce569641317dc24eef95fb4f0
CLIENT_TRAFFIC_SECRET_0 d5c9721fe96f8ad676c7637281c24f7198ebb93465dfcb223c239175f108070f 2ba6733059d3391735a52897943d733742b0e6b30d76d06813620bb91f23b63b6955af6fd253f4ffafed6f398b851d4e
SERVER_HANDSHAKE_TRAFFIC_SECRET 72cf71723f3dcd266fe533e442270595ed532fe0b36c8ae5b532f6741dfd468f bc6d5f856aa4b6acb5e776a2f8c83d341bd9b918e21c82c0d1eda19b1546fb91d5ad9f3fc4619b5a47b36d62e2c63ee7
CLIENT_HANDSHAKE_TRAFFIC_SECRET 72cf71723f3dcd266fe533e442270595ed532fe0b36c8ae5b532f6741dfd468f 3d35db34cd527829a0d8c1b2ca206592172f87fefae813265cb0dd4e7d8924d7bc1d86594595c79609a56e53ee771584
SERVER_TRAFFIC_SECRET_0 72cf71723f3dcd266fe533e442270595ed532fe0b36c8ae5b532f6741dfd468f 11ac2f4a793ffc54df70dad9d6074f64343e50f6b974b305cf818e17968823b7165263c560acf6fe6c6dffcdd5fb7cd5
CLIENT_TRAFFIC_SECRET_0 72cf71723f3dcd266fe533e442270595ed532fe0b36c8ae5b532f6741dfd468f cf416de5f3f752d764f5e35a0ac5ff757c14c2625e3854ec9f178d291e133726453059f9b3d09919735c39113bc8afe8
SERVER_HANDSHAKE_TRAFFIC_SECRET 309475b8161d443461cfdf894c3b9bf1b4e9ab7e077a9dce9e04e803d5d6b278 bfed37fb2a09a64f64037fef8e7fa70e21d377f6a39ab197a639d0646ff0cedb599df1e18abd7d863d1424a14192e2c7
CLIENT_HANDSHAKE_TRAFFIC_SECRET 309475b8161d443461cfdf894c3b9bf1b4e9ab7e077a9dce9e04e803d5d6b278 11e9c73bcf030ced34841314f7bc349c67370f63a62bf4d1df2ef3a9e2ecbab3d4adf3793f7807427461ac5876aa4944
SERVER_TRAFFIC_SECRET_0 309475b8161d443461cfdf894c3b9bf1b4e9ab7e077a9dce9e04e803d5d6b278 e43b54e51dcf4e7b68c587abc3655aa4211aaeeae9a9b14a4b52ca1034f10963976bb58af93384d15a5337c0d8ef25e4
CLIENT_TRAFFIC_SECRET_0 309475b8161d443461cfdf894c3b9bf1b4e9ab7e077a9dce9e04e803d5d6b278 a0414c539c61fbe227d9f55cb1c00160a44f793e2ba045459b05ecf8f2087e8165c5b25e1eb7f623ceaa28f288c66ada
SERVER_HANDSHAKE_TRAFFIC_SECRET d6ffdd025452e4b2bc93b9c304f1fada94c43788cfa3e615c98c3c4f6e9a95e9 119a44c6a8a3350f18ca576606d2e69b55e0e5775610da3f23b235bd8ac5771f13f4c58980443c838ade4804318a984e
CLIENT_HANDSHAKE_TRAFFIC_SECRET d6ffdd025452e4b2bc93b9c304f1fada94c43788cfa3e615c98c3c4f6e9a95e9 c08446841cd8b640c47abdd3fa4db16ff963e935fd7e3b35a1ce9f08fc4b516244a38fb0f4844ae37464f688ecbce228
SERVER_TRAFFIC_SECRET_0 d6ffdd025452e4b2bc93b9c304f1fada94c43788cfa3e615c98c3c4f6e9a95e9 01781ba7cb189c1e22d0c6915f9a86810bda0b1c5b36eafbf258cbc6f26aaf825eaec81334bcaf54501c6a2f8dec8f19
CLIENT_TRAFFIC_SECRET_0 d6ffdd025452e4b2bc93b9c304f1fada94c43788cfa3e615c98c3c4f6e9a95e9 4281c23fa5f453e0b7f0d9a9f4186be664e5321a565c4770ded2c845555c21460d518506b66bf998278a107860d39ecf
SERVER_HANDSHAKE_TRAFFIC_SECRET 4a7f927bf59d1ec010f519420a79c48422291d85e1d055a4ab53149a1161074e 5657e9a84956102fafb1f37b2c2147b5f48a0eeabb637642a1d43e9a1b701422a894201550ab0367baee014f716a744f
CLIENT_HANDSHAKE_TRAFFIC_SECRET 4a7f927bf59d1ec010f519420a79c48422291d85e1d055a4ab53149a1161074e 3476d5d8a90bd5fda5d2fd172415825184527b7529daf16f398aa36116447ff9af8d2c0c0369a617b69d8172f1a38e10
SERVER_TRAFFIC_SECRET_0 4a7f927bf59d1ec010f519420a79c48422291d85e1d055a4ab53149a1161074e 5b208103a6e42e3099dedbb60b2cf7f2215453a34ef53492842dfb12170b47ad5949d3914e518afa4a3e075ea4f3d73f
CLIENT_TRAFFIC_SECRET_0 4a7f927bf59d1ec010f519420a79c48422291d85e1d055a4ab53149a1161074e 9cb6d4a991b89debebd4c061c3f14dc7209dca15a81b119d3ed66162eaaf8aa74470c27b0fcfd59bf0da8a4d1ceced47
SERVER_HANDSHAKE_TRAFFIC_SECRET f27653ec8ae509a6027b28f91b899dad1719fbca2e1774b1de4c9b781dd60a70 1fbf0742ee71e613d6ef5072a09345a299efcf18579d5f6a0b8e9d880c6ea0a2f1eae458dd5e2cce4e4842033caec9ed
CLIENT_HANDSHAKE_TRAFFIC_SECRET f27653ec8ae509a6027b28f91b899dad1719fbca2e1774b1de4c9b781dd60a70 95d9be266870a1bd85fa93eabddd54d44cf48ce0fc2a7438df6b3c8f11fe21cb2047a91e30b98b6da4630f27853ffb43
SERVER_TRAFFIC_SECRET_0 f27653ec8ae509a6027b28f91b899dad1719fbca2e1774b1de4c9b781dd60a70 3a39e0dedd38e91ce7c3f8ec8de34e2841ec21771b4659c46dc38a5719e2eb458d1137037fe82621c0ac1cad104193b0
CLIENT_TRAFFIC_SECRET_0 f27653ec8ae509a6027b28f91b899dad1719fbca2e1774b1de4c9b781dd60a70 558b2f30599af738908077601b64d85de6e49865417133b97e2cada4bb9d3e74ecdb02bb6b31ba9239b23965b435535e
SERVER_HANDSHAKE_TRAFFIC_SECRET 238642470a224eb98143e544fb76b56336a9bc13ecc0c4ad3c378c941ae561cd 9046acbaf0c134c862edf6c608f8638d1469fdc0cc4a7d10d608e6e8ec590486eba7aea09038af6ca65f96c85429e96f
CLIENT_HANDSHAKE_TRAFFIC_SECRET 238642470a224eb98143e544fb76b56336a9bc13ecc0c4ad3c378c941ae561cd d597a72f2b06a968e0756d5f511b7b1df1fe656269402c319c51109803c0f8d1c73fef0046b7eb71677e31182a8d6d0f
SERVER_TRAFFIC_SECRET_0 238642470a224eb98143e544fb76b56336a9bc13ecc0c4ad3c378c941ae561cd ba18cc61a87f3646172bf7183e626934a8e00bc0387deb5f516e3c0ffc6742ca89467cc1505ac27ff629dd69633f720c
CLIENT_TRAFFIC_SECRET_0 238642470a224eb98143e544fb76b56336a9bc13ecc0c4ad3c378c941ae561cd d74e3b668b4688963b6b466e3c15a5bc250f84564deefb76d80b803b4135ed3e2ee9ca9331d4d681b68452ec2e41b6f9
SERVER_HANDSHAKE_TRAFFIC_SECRET 31f81648bf000e9ad2aefb4d8ff6b7c7c4ed6c4367377e3d6940a1ff55da5776 96102429437e31a1274b21eab97c214717c6e8d563af3bfc069c62c92f27ec195e7e5c95ac71321322676816b213401d
CLIENT_HANDSHAKE_TRAFFIC_SECRET 31f81648bf000e9ad2aefb4d8ff6b7c7c4ed6c4367377e3d6940a1ff55da5776 47b652694c8bdc252b67ef59c510d16bd16b0b8bd5dca67d20e7081c3e546a3c107c636198349b8a71fa468f9a1af0e6
SERVER_TRAFFIC_SECRET_0 31f81648bf000e9ad2aefb4d8ff6b7c7c4ed6c4367377e3d6940a1ff55da5776 553becaae19a7054115120d432782ac1cdb60713318492f5444b000991d2e057d6fca5a90d9173fdb812874488d7ceda
CLIENT_TRAFFIC_SECRET_0 31f81648bf000e9ad2aefb4d8ff6b7c7c4ed6c4367377e3d6940a1ff55da5776 29fca9bc2d5979ca7df2735c33bb8609a50d45e8244468c7b1771506a9fe9d894adbf02838c6868ebf2f04301712a2db
SERVER_HANDSHAKE_TRAFFIC_SECRET cc2515d70bd296b08cab74e384e81d523a0648bb99e7d74bc2115c21cd57baa4 5c97f1693675718b86ac9e83dfdaad8c63d33f5cb6ac3a3a2eda0a33e4f8d2845839a4936907dad5437eee1df85003a9
CLIENT_HANDSHAKE_TRAFFIC_SECRET cc2515d70bd296b08cab74e384e81d523a0648bb99e7d74bc2115c21cd57baa4 37d0125e0c49cad96138f95411c9936492c0cc9801bd104774e9ad1b693f200f997415a93195938c18392ea237147265
SERVER_TRAFFIC_SECRET_0 cc2515d70bd296b08cab74e384e81d523a0648bb99e7d74bc2115c21cd57baa4 df0dac6a95da517b17cf8a7fcdc3939d916b280cbd614c22216cda5310aa881209ecc9f177764025e014365fb0c3ca4c
CLIENT_TRAFFIC_SECRET_0 cc2515d70bd296b08cab74e384e81d523a0648bb99e7d74bc2115c21cd57baa4 45b15cf36ce2b8f5d452be20bcf25fcc5bf49e711644cbe628f75932bb30e8ff8486a9e1ee502f49e34a6545e8f1906b
SERVER_HANDSHAKE_TRAFFIC_SECRET 242332add1253e3e61d5f63eee40f1314b8445bae7ff6fe5563375bfbf03360c 6d1a708c0988d3afd770bca588116d07b6029bedf501a8ac2dc052e8267c0c28721eb321adc3bc6de6e1df6d42996412
CLIENT_HANDSHAKE_TRAFFIC_SECRET 242332add1253e3e61d5f63eee40f1314b8445bae7ff6fe5563375bfbf03360c ee958198b5543fe71f8f945259dd2982c960f08154f88c84dcf1f9a3478af99c3555c59e3297d056a859d1684c472930
SERVER_TRAFFIC_SECRET_0 242332add1253e3e61d5f63eee40f1314b8445bae7ff6fe5563375bfbf03360c d35b58a928502e7a51ee93646aa723fbdcc2fdb515afa7f9d72463f99d60cd176bcd11638c60a3c7a298b667648f6574
CLIENT_TRAFFIC_SECRET_0 242332add1253e3e61d5f63eee40f1314b8445bae7ff6fe5563375bfbf03360c 5837b35abb0d8a223e2f278de47c19978b9e28b6bbda36a62fe9a571e9fd50430d0780a5103f83df399da32c9841d511
SERVER_HANDSHAKE_TRAFFIC_SECRET c3a3c0fc6700c0915d0b5532e6e5c9b996d5a5d53c3511f84a2a70aec00f4172 a67542798f8784a7ce4fce98b9426751181f8375f5d65ace5ab688c53f9d2195a990ae342352d5b6f4de2002393b4068
CLIENT_HANDSHAKE_TRAFFIC_SECRET c3a3c0fc6700c0915d0b5532e6e5c9b996d5a5d53c3511f84a2a70aec00f4172 ba2c7bbbc7d01c17eeafc723253d67635a1f47a387ae100a922f09cce745c697e2a4e244fb32e28da1613927c663920d
SERVER_TRAFFIC_SECRET_0 c3a3c0fc6700c0915d0b5532e6e5c9b996d5a5d53c3511f84a2a70aec00f4172 b7254f315b617e0de2601026ff99fe54e1c6578e42a923426813e6651a134166443681055569840bec935ef61b337c46
CLIENT_TRAFFIC_SECRET_0 c3a3c0fc6700c0915d0b5532e6e5c9b996d5a5d53c3511f84a2a70aec00f4172 edff22b3d47990a5a0adf8ddea47393b7ed7c0d1f9c02f91b239d738eba6af9d78b2d3d581a002522801850a11d12b3e
SERVER_HANDSHAKE_TRAFFIC_SECRET 62e7acc510c5ed3ee211ef04eeba579fca40b6859d07bc9e0a78cda2b1e32430 29c2a8740ada47cbd6afc2e2970cc915f6d2379063a07a9b670c9139e1c66e9afa3ba21238a237791740c41f053df987
CLIENT_HANDSHAKE_TRAFFIC_SECRET 62e7acc510c5ed3ee211ef04eeba579fca40b6859d07bc9e0a78cda2b1e32430 9df27bf71ac806665049d05fcc234ac8c6d9aed845a525c6ed5daa78485591b1f97ff044c30de8e5db95d2978dfcb3ab
SERVER_TRAFFIC_SECRET_0 62e7acc510c5ed3ee211ef04eeba579fca40b6859d07bc9e0a78cda2b1e32430 f583f57761c53d0fa83221f8b5379db54901a0fefd361b1249991f5f52a15b5395f2dd0f90d65b5efb8a398373f427b8
CLIENT_TRAFFIC_SECRET_0 62e7acc510c5ed3ee211ef04eeba579fca40b6859d07bc9e0a78cda2b1e32430 2db53b8c6e7dbc62af8895b77dbbad0382df510fabd5cbf20e577957bf9e529215204a46ec63bfc147f05cfdda787453
SERVER_HANDSHAKE_TRAFFIC_SECRET 060ebb48eeea3dc1830a876c7a54582ada7d5b453350f5a9941912b520495b70 e0a59f31ef8819034329c4c10e529adca9796c115dda0660db0e33af4e1025d84aa7d55bdeac956e47a829c90da28cf4
CLIENT_HANDSHAKE_TRAFFIC_SECRET 060ebb48eeea3dc1830a876c7a54582ada7d5b453350f5a9941912b520495b70 24dec60108da7c10999039b22f9a42eee2c396dab9ff143baedff9a129fe6cd942f99bf98218d0e5bf5f04d7c49cb625
SERVER_TRAFFIC_SECRET_0 060ebb48eeea3dc1830a876c7a54582ada7d5b453350f5a9941912b520495b70 2e7daa3f4197edecf56c273e1fedd8fb928c8fd6d9617ed8123beefe1cebb53faf219f24570dab5857a8d859c3338ef1
CLIENT_TRAFFIC_SECRET_0 060ebb48eeea3dc1830a876c7a54582ada7d5b453350f5a9941912b520495b70 713df77a713dfbce06a9f2b62edbf122152ce9f388610066d4eb8e9f65da1bfbf542c6b5ac58b6b71baecffcb61ea04d
SERVER_HANDSHAKE_TRAFFIC_SECRET 4f904cbcd69f45eed82f55642b4d0f29f5841955a729115c35af0d7c3a70f441 3b0e35de27497acd3f22438104c96293e10fd2c1c2c2b63a16788032a4c0aa8de34b050e9b3b1b49c92552e2a1c2e6e5
CLIENT_HANDSHAKE_TRAFFIC_SECRET 4f904cbcd69f45eed82f55642b4d0f29f5841955a729115c35af0d7c3a70f441 5a4d4abe77ef91022b66c9a7f47afa4ed48cf38230ccea3d38f4db1e4a1fd6e4ddc6642c47ab1926cdfeb500f3d64b91
SERVER_TRAFFIC_SECRET_0 4f904cbcd69f45eed82f55642b4d0f29f5841955a729115c35af0d7c3a70f441 cda37dc494738dc42d527123a0d85902eaf32309358e3f9155f787d42e9b00908a7b29a5d6242d800c16ff7188838961
CLIENT_TRAFFIC_SECRET_0 4f904cbcd69f45eed82f55642b4d0f29f5841955a729115c35af0d7c3a70f441 2a19155f5445c9c7c87977bffbfee58f08aedf22afce196a674a8ca2106d41b806d9531131fd1950bc06959347ee901a
SERVER_HANDSHAKE_TRAFFIC_SECRET 634d1786b9e34e10857fcf61be83c0c52e1f68571ec83d076ece5266d500230c 3d1707eede2d1b54d61607810e05c92837b3f324651fe6b9ec4b1e80438c98d53ff6dbc16d32c4ebab429fef38439d84
CLIENT_HANDSHAKE_TRAFFIC_SECRET 634d1786b9e34e10857fcf61be83c0c52e1f68571ec83d076ece5266d500230c 10f282761f7f2414c151fb7c2e179a4d5b8fb76e7d2b3cbcfc67d2c7b22e3490a4df8989efc2cbbe2a095cc8c40a95b5
SERVER_TRAFFIC_SECRET_0 634d1786b9e34e10857fcf61be83c0c52e1f68571ec83d076ece5266d500230c 6b4f423eb0cc5e9bead236f69bd092b5f9118869000d5aa9b93a20d781ab3c9efd8ae14ce29cadc0f2a9711371851e30
CLIENT_TRAFFIC_SECRET_0 634d1786b9e34e10857fcf61be83c0c52e1f68571ec83d076ece5266d500230c 75e35dd01daf3a8a5d2348da30b0ccb077856ef5b0d7bd8b60791d31adb9cb34aad979dff2b5845038a61c7ba687c37f
SERVER_HANDSHAKE_TRAFFIC_SECRET 5b9666995ff3652fc5144d9c9363f34356759b444b064355250e5f92f41b865f feb3cf3a790d289cac833f2072d57eba32ce7341980287db0c1f5856565aeff91a9c25f250d439b788aa0b2d3761c091
CLIENT_HANDSHAKE_TRAFFIC_SECRET 5b9666995ff3652fc5144d9c9363f34356759b444b064355250e5f92f41b865f 03eb5a0eedfdc353697e5bf079db8b616193cb744b88aabcb54fc7145c2dd6440c9434428a3513548ae04abc574df4d8
SERVER_TRAFFIC_SECRET_0 5b9666995ff3652fc5144d9c9363f34356759b444b064355250e5f92f41b865f d138d24f2edc0a8f04c50015d2e20bb559a29fa6a0546b316f44b380757e5094c3d963d60a0b5c349e00697a918c08fa
CLIENT_TRAFFIC_SECRET_0 5b9666995ff3652fc5144d9c9363f34356759b444b064355250e5f92f41b865f 46bd2e5ef661fa6599cf6d766b49839cb04ae31c5903df427801cc66fae59020bfc5c1f189029e163fab269127033ddf
SERVER_HANDSHAKE_TRAFFIC_SECRET f2d3db8155ce7f39a2d83d4cdbeb50b27e9ca50746579364409326c3db853637 c0c63ab3e65ea95fdce61605c12fb03b5d67e10569d79fe14d5c11a031bd8c5eb5579cace5eca67b48b077b81b2a0693
CLIENT_HANDSHAKE_TRAFFIC_SECRET f2d3db8155ce7f39a2d83d4cdbeb50b27e9ca50746579364409326c3db853637 419e6376299acd7f753fe88e8cebbe7a66739521b000bef698f3677a081db705fa49874f2d1f8a6bc7d2e2177f9455da
SERVER_TRAFFIC_SECRET_0 f2d3db8155ce7f39a2d83d4cdbeb50b27e9ca50746579364409326c3db853637 05de1b38b8d70a3dfaf92385091207d7f109572c1bec9ba86e9d993019598be248c46e2d174598b5e69abdef334d06ea
CLIENT_TRAFFIC_SECRET_0 f2d3db8155ce7f39a2d83d4cdbeb50b27e9ca50746579364409326c3db853637 5f1f0ea437590f94ed532eec4af59de18b69508592b758c53662dc57f06367dab442dbfe841356f763043e9f2a15db20
SERVER_HANDSHAKE_TRAFFIC_SECRET ea4d1b5c8979f1a4a533555a8dde4f14806acd304e600732d1a842c92f9e7140 8641f81d0c4be1276b241a809808df5e5e1677ab55955f7299b7a4b30f9d5ba373ddced0834b50e71af0740b9fc4f72d
CLIENT_HANDSHAKE_TRAFFIC_SECRET ea4d1b5c8979f1a4a533555a8dde4f14806acd304e600732d1a842c92f9e7140 94a5584379afdc0e0963ecfba338b528b528e85a65601d996772ae89bfe6b75c2ddb6cb13e899da75c6817fe58556759
SERVER_TRAFFIC_SECRET_0 ea4d1b5c8979f1a4a533555a8dde4f14806acd304e600732d1a842c92f9e7140 5e1ede38dd872ae35fe343accc83567b0c7a6641b53a045e15a9fcd8f1c7a625496484bca66bbe6be130a4c1e7592e3b
CLIENT_TRAFFIC_SECRET_0 ea4d1b5c8979f1a4a533555a8dde4f14806acd304e600732d1a842c92f9e7140 b2d40125530348d1076ad8c20baec30cff498c2a6d4b20318c8f34d1d02594a3b44bf23da4e6a58ffed669b1830f1a4c
SERVER_HANDSHAKE_TRAFFIC_SECRET b17c830047c5d9fd3b2a0c7d09e7d7e8b65ccd18cec0aad8f9fb730cde750aaf b778929e17dd049b8c17c4c028d99327c6a6da521e080cf1dcbdfe4ec9cc4b38611c5385ebd2f1e07025317ed242ab83
CLIENT_HANDSHAKE_TRAFFIC_SECRET b17c830047c5d9fd3b2a0c7d09e7d7e8b65ccd18cec0aad8f9fb730cde750aaf 7877bf3fcc7310022c387525625de685c053d3ef3dd377da0db82f278c16fe584a256132a0c8505a629fc1eb5f7c4e05
SERVER_TRAFFIC_SECRET_0 b17c830047c5d9fd3b2a0c7d09e7d7e8b65ccd18cec0aad8f9fb730cde750aaf f5afdca4a6630700daffed2d8be4614f38dcdbb4c5dcea46976d3e59a3c016c543625671aa809e2d74c03ff0be5d7e8e
CLIENT_TRAFFIC_SECRET_0 b17c830047c5d9fd3b2a0c7d09e7d7e8b65ccd18cec0aad8f9fb730cde750aaf e8e80f9ce4c271877974125d00172d57735eed7575a460e9205aeeb5fc7364995372d6b209e5c7c708767047774b5a6b
SERVER_HANDSHAKE_TRAFFIC_SECRET 352027ef8c75c2b72ae7db51f5d103f55e24c336eba9517d428e7bea6a319676 5b6f3c2899b9410ec88e1aa44b02e02df5797534fb0bf0456c8c311e8ad62671b8e62babe88a7f91ade80331d8a37fd6
CLIENT_HANDSHAKE_TRAFFIC_SECRET 352027ef8c75c2b72ae7db51f5d103f55e24c336eba9517d428e7bea6a319676 f9dccd21a1bbe1f03cb8bcca8cb0f39f3302591aa7820419a0c0c259823eeb3d72f959890b1631375183a10d422c94dd
SERVER_TRAFFIC_SECRET_0 352027ef8c75c2b72ae7db51f5d103f55e24c336eba9517d428e7bea6a319676 d0c601a55f7b665d1e22fb007c737ac5c65c16e5f75f55d0c399e8c2e9c99dca56641ab5256ad37fb402c5f2dc324a03
CLIENT_TRAFFIC_SECRET_0 352027ef8c75c2b72ae7db51f5d103f55e24c336eba9517d428e7bea6a319676 5e91a29caeb240029e6298462fbc5026119a4102370e60c88e08f8ff2c3af275b5bf8de01cd8c304cbf3b00cc7144c24
SERVER_HANDSHAKE_TRAFFIC_SECRET 15aa041840c5ce682444706c71f11e546df50f1c88a9da79ddba34a63e7fcdf8 96761439438682b4be0d0bed333c56f06746426d3054b6bf4f4e7a2bf25a5f79382bb0e3b6b3ac50de31ab684e7fedc4
CLIENT_HANDSHAKE_TRAFFIC_SECRET 15aa041840c5ce682444706c71f11e546df50f1c88a9da79ddba34a63e7fcdf8 9d9082eb5b95e314f022e73d149f0321911e1cb37e8ff7a20673742061e34ff17749259a3475e5fe5fc2d2cf06bf4569
SERVER_TRAFFIC_SECRET_0 15aa041840c5ce682444706c71f11e546df50f1c88a9da79ddba34a63e7fcdf8 0ff9a5c38ee0e632c671a671d7ff6a2e6a3b5bfdc979f951dbc57d54008c51600c13a512e6794018f64e2df0b46daa46
CLIENT_TRAFFIC_SECRET_0 15aa041840c5ce682444706c71f11e546df50f1c88a9da79ddba34a63e7fcdf8 2b07f4ad16ea1f2ec3560e91f57a3bbe89d098f9e987f844f18834834d1f4be4e5be86fbc5bf5dfbb1f062e27b5cb822
SERVER_HANDSHAKE_TRAFFIC_SECRET ac22b362702ead47cc716b1f2344fb513dbffd30c397ed4c02ca8860312cfeda 9fa25e3517b00b41554030034c45bd1786ef08d3da09115235f49a88bdb7f9ebf49083ada72e261a9be828d9e2cea52e
CLIENT_HANDSHAKE_TRAFFIC_SECRET ac22b362702ead47cc716b1f2344fb513dbffd30c397ed4c02ca8860312cfeda 075941f011d5c847086f0b4cb1f59545c342696984e7d15ba2f5aff5f645462baf71897babb3309b90ecffcf6afbe4b1
SERVER_TRAFFIC_SECRET_0 ac22b362702ead47cc716b1f2344fb513dbffd30c397ed4c02ca8860312cfeda ea697bde2cdce0bd670ee5c35c284a3deb18fb121d84f28b0cef18131ca34080dbfc97d8008cbbab62c2a92b97fcdd69
CLIENT_TRAFFIC_SECRET_0 ac22b362702ead47cc716b1f2344fb513dbffd30c397ed4c02ca8860312cfeda 1e2e3be0453ddfbdf8968c0b85ad548eae4f068898ca577e1af34410c7cb6836f288429af74680a3298d26df8fbcc80b
