SERVER_HANDSHAKE_TRAFFIC_SECRET 73e7dfb958df325b623f6fca08d8ed39a72a27f2ccd82adbb9c0e2e574f9f585 c0cf5663d20bf3b727adbf5115662a4e89ed52038718f1eb4d3bc502ec086e5b
CLIENT_HANDSHAKE_TRAFFIC_SECRET 73e7dfb958df325b623f6fca08d8ed39a72a27f2ccd82adbb9c0e2e574f9f585 b7bd238911c8ff6c4904033079eda823b66e87054c26fc5a33d66dadb348469a
SERVER_TRAFFIC_SECRET_0 73e7dfb958df325b623f6fca08d8ed39a72a27f2ccd82adbb9c0e2e574f9f585 e1b2f810babad0ae0194ecc49792f04a2df1b1c54d1f6dadb55b2107bfb1fb86
SERVER_HANDSHAKE_TRAFFIC_SECRET 73e7dfb958df325b623f6fca08d8ed39a72a27f2ccd82adbb9c0e2e574f9f585 c0cf5663d20bf3b727adbf5115662a4e89ed52038718f1eb4d3bc502ec086e5b
CLIENT_HANDSHAKE_TRAFFIC_SECRET 73e7dfb958df325b623f6fca08d8ed39a72a27f2ccd82adbb9c0e2e574f9f585 b7bd238911c8ff6c4904033079eda823b66e87054c26fc5a33d66dadb348469a
SERVER_TRAFFIC_SECRET_0 73e7dfb958df325b623f6fca08d8ed39a72a27f2ccd82adbb9c0e2e574f9f585 e1b2f810babad0ae0194ecc49792f04a2df1b1c54d1f6dadb55b2107bfb1fb86
CLIENT_TRAFFIC_SECRET_0 73e7dfb958df325b623f6fca08d8ed39a72a27f2ccd82adbb9c0e2e574f9f585 1682b5b1e31a72abb9a4af9a8a4892ca8d5ef6be69c27ec57072def614ccc2f5
SERVER_HANDSHAKE_TRAFFIC_SECRET 967de2d112477d1e04911530db08f95907fdf59853a1155464c6ef58146bb4ec 3a6418b9331d216e8175e60c75cddcb7908b7c77c42422a25a9df9f319de26fa
CLIENT_HANDSHAKE_TRAFFIC_SECRET 967de2d112477d1e04911530db08f95907fdf59853a1155464c6ef58146bb4ec 098f55acccfe9505e8146054e3d6ed430a86d419cc875fe27a49d205024e2f61
SERVER_TRAFFIC_SECRET_0 967de2d112477d1e04911530db08f95907fdf59853a1155464c6ef58146bb4ec c1f7871d8507f67a933c3e9ecff1d441593a331da178c2436b6f00456b0d87a4
SERVER_HANDSHAKE_TRAFFIC_SECRET 967de2d112477d1e04911530db08f95907fdf59853a1155464c6ef58146bb4ec 3a6418b9331d216e8175e60c75cddcb7908b7c77c42422a25a9df9f319de26fa
CLIENT_HANDSHAKE_TRAFFIC_SECRET 967de2d112477d1e04911530db08f95907fdf59853a1155464c6ef58146bb4ec 098f55acccfe9505e8146054e3d6ed430a86d419cc875fe27a49d205024e2f61
SERVER_TRAFFIC_SECRET_0 967de2d112477d1e04911530db08f95907fdf59853a1155464c6ef58146bb4ec c1f7871d8507f67a933c3e9ecff1d441593a331da178c2436b6f00456b0d87a4
CLIENT_TRAFFIC_SECRET_0 967de2d112477d1e04911530db08f95907fdf59853a1155464c6ef58146bb4ec db261d6e3ed9b58885440a16a99f9435b4e66533fa0e71203855814de4856c4e
SERVER_HANDSHAKE_TRAFFIC_SECRET c456c3abba340928520608f2baca345a5b3c6c51299af2accde973d719ecc1f8 37111bcc6efc226e8273e224510494a8200c64dc0ad7159736fef4de7ba509ca
CLIENT_HANDSHAKE_TRAFFIC_SECRET c456c3abba340928520608f2baca345a5b3c6c51299af2accde973d719ecc1f8 a33a272f0af8f921c395cdbb7a8f4ae64fb35f2eff6f88ecaf2d8a151ced2e1a
SERVER_TRAFFIC_SECRET_0 c456c3abba340928520608f2baca345a5b3c6c51299af2accde973d719ecc1f8 1c13b58bf812d75313a3d6c7a5311ef0547dc8c8046a2d4905909b0f2bc43ace
SERVER_HANDSHAKE_TRAFFIC_SECRET c456c3abba340928520608f2baca345a5b3c6c51299af2accde973d719ecc1f8 37111bcc6efc226e8273e224510494a8200c64dc0ad7159736fef4de7ba509ca
CLIENT_HANDSHAKE_TRAFFIC_SECRET c456c3abba340928520608f2baca345a5b3c6c51299af2accde973d719ecc1f8 a33a272f0af8f921c395cdbb7a8f4ae64fb35f2eff6f88ecaf2d8a151ced2e1a
SERVER_TRAFFIC_SECRET_0 c456c3abba340928520608f2baca345a5b3c6c51299af2accde973d719ecc1f8 1c13b58bf812d75313a3d6c7a5311ef0547dc8c8046a2d4905909b0f2bc43ace
CLIENT_TRAFFIC_SECRET_0 c456c3abba340928520608f2baca345a5b3c6c51299af2accde973d719ecc1f8 ebae71f4c515874e6b4d432496cd1be1b3970a6289fbdb7aba5f9103518aa8e5
SERVER_HANDSHAKE_TRAFFIC_SECRET 78944b2d605c8f5a8f9cbea67301291c5e7762c71f4bdefb2c68b9c19e02b1b8 253710e48dbf02d195a7da1795e8ddcf0616080cb4c6b681f70e3d62207fe6b7
CLIENT_HANDSHAKE_TRAFFIC_SECRET 78944b2d605c8f5a8f9cbea67301291c5e7762c71f4bdefb2c68b9c19e02b1b8 e0cd0f91cb765dfa512b4e24006abf4468be086df2af9bc12d2f4a53947af99d
SERVER_TRAFFIC_SECRET_0 78944b2d605c8f5a8f9cbea67301291c5e7762c71f4bdefb2c68b9c19e02b1b8 e5673115014f25214de0b348d7796e0700d164b4f71bdc109be0b8682eb5e8a7
SERVER_HANDSHAKE_TRAFFIC_SECRET 78944b2d605c8f5a8f9cbea67301291c5e7762c71f4bdefb2c68b9c19e02b1b8 253710e48dbf02d195a7da1795e8ddcf0616080cb4c6b681f70e3d62207fe6b7
CLIENT_HANDSHAKE_TRAFFIC_SECRET 78944b2d605c8f5a8f9cbea67301291c5e7762c71f4bdefb2c68b9c19e02b1b8 e0cd0f91cb765dfa512b4e24006abf4468be086df2af9bc12d2f4a53947af99d
SERVER_TRAFFIC_SECRET_0 78944b2d605c8f5a8f9cbea67301291c5e7762c71f4bdefb2c68b9c19e02b1b8 e5673115014f25214de0b348d7796e0700d164b4f71bdc109be0b8682eb5e8a7
CLIENT_TRAFFIC_SECRET_0 78944b2d605c8f5a8f9cbea67301291c5e7762c71f4bdefb2c68b9c19e02b1b8 167a1d162b927909f8e2c8bd69a9f89af7342161ce38b85ea64ce8e67c3a3d2e
SERVER_HANDSHAKE_TRAFFIC_SECRET bfc6637969c850bc239763dd4a4439d4f5e7bcb0bafd62bf92f579137dcfd00e fc9fe9d63c1cbd420ba1b39cdb0174f5b57d7b03caae9c2555bbebfa2a79b2f7
CLIENT_HANDSHAKE_TRAFFIC_SECRET bfc6637969c850bc239763dd4a4439d4f5e7bcb0bafd62bf92f579137dcfd00e 097b89d93ec67b3d252322c03fa7f7593dbb34a05f305884652732959b8cccc1
SERVER_TRAFFIC_SECRET_0 bfc6637969c850bc239763dd4a4439d4f5e7bcb0bafd62bf92f579137dcfd00e bfd3cbdb0ccd09bd708a8a0bd9ecdb1fbd95576365e287fc5ca12aa98b24e18e
SERVER_HANDSHAKE_TRAFFIC_SECRET bfc6637969c850bc239763dd4a4439d4f5e7bcb0bafd62bf92f579137dcfd00e fc9fe9d63c1cbd420ba1b39cdb0174f5b57d7b03caae9c2555bbebfa2a79b2f7
CLIENT_HANDSHAKE_TRAFFIC_SECRET bfc6637969c850bc239763dd4a4439d4f5e7bcb0bafd62bf92f579137dcfd00e 097b89d93ec67b3d252322c03fa7f7593dbb34a05f305884652732959b8cccc1
SERVER_TRAFFIC_SECRET_0 bfc6637969c850bc239763dd4a4439d4f5e7bcb0bafd62bf92f579137dcfd00e bfd3cbdb0ccd09bd708a8a0bd9ecdb1fbd95576365e287fc5ca12aa98b24e18e
CLIENT_TRAFFIC_SECRET_0 bfc6637969c850bc239763dd4a4439d4f5e7bcb0bafd62bf92f579137dcfd00e 7cffb6dde10cedde1a9559a351d43eaf571fa7e8f7695d4a352bf734eea0036d
SERVER_HANDSHAKE_TRAFFIC_SECRET 0e69a871518f4c6042c6f4da8c27f15cf5c499f00e6b6ea3bc237c16800038f6 14e100d684e5161e8c885e337f999c37bb52c82b35fd41b95fa2dffdbb44b54c
CLIENT_HANDSHAKE_TRAFFIC_SECRET 0e69a871518f4c6042c6f4da8c27f15cf5c499f00e6b6ea3bc237c16800038f6 3781adfd92b073cade0081fd49bb7c299eb6db8269ed9cd527c1804ca53417d4
SERVER_TRAFFIC_SECRET_0 0e69a871518f4c6042c6f4da8c27f15cf5c499f00e6b6ea3bc237c16800038f6 c7319828044492fcfb42280d1b92243b627077892dcf833fe92c69c54c25a3a1
SERVER_HANDSHAKE_TRAFFIC_SECRET 0e69a871518f4c6042c6f4da8c27f15cf5c499f00e6b6ea3bc237c16800038f6 14e100d684e5161e8c885e337f999c37bb52c82b35fd41b95fa2dffdbb44b54c
CLIENT_HANDSHAKE_TRAFFIC_SECRET 0e69a871518f4c6042c6f4da8c27f15cf5c499f00e6b6ea3bc237c16800038f6 3781adfd92b073cade0081fd49bb7c299eb6db8269ed9cd527c1804ca53417d4
SERVER_TRAFFIC_SECRET_0 0e69a871518f4c6042c6f4da8c27f15cf5c499f00e6b6ea3bc237c16800038f6 c7319828044492fcfb42280d1b92243b627077892dcf833fe92c69c54c25a3a1
CLIENT_TRAFFIC_SECRET_0 0e69a871518f4c6042c6f4da8c27f15cf5c499f00e6b6ea3bc237c16800038f6 a16b4576498f24b2bfde9d23a8938d904846e0fbc12bd92828b1d2e18b838702
SERVER_HANDSHAKE_TRAFFIC_SECRET 73adbe83c31bb33188148a107e7c86ca4c8b321fb91626429be4857263bdab4d 0e000db90e8521e0f4d56f0378f643a7e7070407cdfd34cfada1196097d9585f
CLIENT_HANDSHAKE_TRAFFIC_SECRET 73adbe83c31bb33188148a107e7c86ca4c8b321fb91626429be4857263bdab4d 5fac3e6b701cc99c012edbe5b72b4a3f4cdf6ed36aa20bca992f508334604f17
SERVER_TRAFFIC_SECRET_0 73adbe83c31bb33188148a107e7c86ca4c8b321fb91626429be4857263bdab4d e4b7a0420f79138c3da43f563d4664bfeac2ad5db4fd3efd31fc49a8fe646de8
SERVER_HANDSHAKE_TRAFFIC_SECRET 73adbe83c31bb33188148a107e7c86ca4c8b321fb91626429be4857263bdab4d 0e000db90e8521e0f4d56f0378f643a7e7070407cdfd34cfada1196097d9585f
CLIENT_HANDSHAKE_TRAFFIC_SECRET 73adbe83c31bb33188148a107e7c86ca4c8b321fb91626429be4857263bdab4d 5fac3e6b701cc99c012edbe5b72b4a3f4cdf6ed36aa20bca992f508334604f17
SERVER_TRAFFIC_SECRET_0 73adbe83c31bb33188148a107e7c86ca4c8b321fb91626429be4857263bdab4d e4b7a0420f79138c3da43f563d4664bfeac2ad5db4fd3efd31fc49a8fe646de8
CLIENT_TRAFFIC_SECRET_0 73adbe83c31bb33188148a107e7c86ca4c8b321fb91626429be4857263bdab4d f36f37b2ea4a2de2e8d000bd1ae2e7abbe34493811d7f93036fbd0edca9f0283
SERVER_HANDSHAKE_TRAFFIC_SECRET 0aa28b05f43ec5a87200aaf34bfca7f673ff9cdab65e9eaec53d6fb60e42cba1 f02884e48bc10e8adfc04e443db3a8b4bd6ad0245ec38c61892a04c1b674f83d
CLIENT_HANDSHAKE_TRAFFIC_SECRET 0aa28b05f43ec5a87200aaf34bfca7f673ff9cdab65e9eaec53d6fb60e42cba1 d4fa22fa522f75c200affc26e421e6b2dd24bd035cca27384712866f0b3f84bf
SERVER_TRAFFIC_SECRET_0 0aa28b05f43ec5a87200aaf34bfca7f673ff9cdab65e9eaec53d6fb60e42cba1 360ade8139f17a5b653cf77cda7278cbf8bfeff0d11f008dd3b4cd3c76643eaf
SERVER_HANDSHAKE_TRAFFIC_SECRET 0aa28b05f43ec5a87200aaf34bfca7f673ff9cdab65e9eaec53d6fb60e42cba1 f02884e48bc10e8adfc04e443db3a8b4bd6ad0245ec38c61892a04c1b674f83d
CLIENT_HANDSHAKE_TRAFFIC_SECRET 0aa28b05f43ec5a87200aaf34bfca7f673ff9cdab65e9eaec53d6fb60e42cba1 d4fa22fa522f75c200affc26e421e6b2dd24bd035cca27384712866f0b3f84bf
SERVER_TRAFFIC_SECRET_0 0aa28b05f43ec5a87200aaf34bfca7f673ff9cdab65e9eaec53d6fb60e42cba1 360ade8139f17a5b653cf77cda7278cbf8bfeff0d11f008dd3b4cd3c76643eaf
CLIENT_TRAFFIC_SECRET_0 0aa28b05f43ec5a87200aaf34bfca7f673ff9cdab65e9eaec53d6fb60e42cba1 fe41b3ed285ad5397998291df327bb391fadf862e8297f4ef8ed13aaaaa02226
SERVER_HANDSHAKE_TRAFFIC_SECRET 282830f845fd6ebef513e790e699f7c3535eaa4c087926ab2bc910ef3f690ea0 b53bb7f49ca48570221621d22c79e066025a2040278af82b3305743c1b1754a9
CLIENT_HANDSHAKE_TRAFFIC_SECRET 282830f845fd6ebef513e790e699f7c3535eaa4c087926ab2bc910ef3f690ea0 cd037d43ff575e27929ee2960b3e782f62352b1fe3ecd4e9353165333f7c800c
SERVER_TRAFFIC_SECRET_0 282830f845fd6ebef513e790e699f7c3535eaa4c087926ab2bc910ef3f690ea0 a3bb9b2cb42dcd168334c9df69306d3ac69ca5ee7fcffaec313bb8b171352122
SERVER_HANDSHAKE_TRAFFIC_SECRET 282830f845fd6ebef513e790e699f7c3535eaa4c087926ab2bc910ef3f690ea0 b53bb7f49ca48570221621d22c79e066025a2040278af82b3305743c1b1754a9
CLIENT_HANDSHAKE_TRAFFIC_SECRET 282830f845fd6ebef513e790e699f7c3535eaa4c087926ab2bc910ef3f690ea0 cd037d43ff575e27929ee2960b3e782f62352b1fe3ecd4e9353165333f7c800c
SERVER_TRAFFIC_SECRET_0 282830f845fd6ebef513e790e699f7c3535eaa4c087926ab2bc910ef3f690ea0 a3bb9b2cb42dcd168334c9df69306d3ac69ca5ee7fcffaec313bb8b171352122
CLIENT_TRAFFIC_SECRET_0 282830f845fd6ebef513e790e699f7c3535eaa4c087926ab2bc910ef3f690ea0 fdadc629fa405e417d039e10f141f5288fec689ba70b126dcc19e2e5d5819882
SERVER_HANDSHAKE_TRAFFIC_SECRET f7519fb49bca7b544e83baa591add4077d2b1ec9ed6f1cce7ea494e78684ccf1 b705f6df1b5f0a041d59441221c9c95434e66777de4f4cbecf8e1ef925e9c254
CLIENT_HANDSHAKE_TRAFFIC_SECRET f7519fb49bca7b544e83baa591add4077d2b1ec9ed6f1cce7ea494e78684ccf1 a78643075a112571d565b60301f9ace2c82285706a5898b8ffb8fefb2d6dba69
SERVER_TRAFFIC_SECRET_0 f7519fb49bca7b544e83baa591add4077d2b1ec9ed6f1cce7ea494e78684ccf1 e7856b4ee31cafba2b49bf8e790cb6102c242aefabc01329bdb08ddf1726c062
SERVER_HANDSHAKE_TRAFFIC_SECRET f7519fb49bca7b544e83baa591add4077d2b1ec9ed6f1cce7ea494e78684ccf1 b705f6df1b5f0a041d59441221c9c95434e66777de4f4cbecf8e1ef925e9c254
CLIENT_HANDSHAKE_TRAFFIC_SECRET f7519fb49bca7b544e83baa591add4077d2b1ec9ed6f1cce7ea494e78684ccf1 a78643075a112571d565b60301f9ace2c82285706a5898b8ffb8fefb2d6dba69
SERVER_TRAFFIC_SECRET_0 f7519fb49bca7b544e83baa591add4077d2b1ec9ed6f1cce7ea494e78684ccf1 e7856b4ee31cafba2b49bf8e790cb6102c242aefabc01329bdb08ddf1726c062
CLIENT_TRAFFIC_SECRET_0 f7519fb49bca7b544e83baa591add4077d2b1ec9ed6f1cce7ea494e78684ccf1 4832acdc6ee78285a6722d94a40a19e9af0473586886d92a9517a9d0e7934f91
SERVER_HANDSHAKE_TRAFFIC_SECRET eb37799cfdd607bc4c1a163da75d39fb4c34748edfbc50445ab7b5b44d5298a6 9f7605cb9b39a3fd0eeb0611c18a754fe573f11dc90285408948d418d3a1d082
CLIENT_HANDSHAKE_TRAFFIC_SECRET eb37799cfdd607bc4c1a163da75d39fb4c34748edfbc50445ab7b5b44d5298a6 5978e849ae01194a1a00a0639a44e0580f1653f535e3c0420958e3c6318f6d3c
SERVER_TRAFFIC_SECRET_0 eb37799cfdd607bc4c1a163da75d39fb4c34748edfbc50445ab7b5b44d5298a6 3b3e6cd26db6b2a2a2d0fbecd7094986158952b3c5a585bbde32fa6c79d52493
SERVER_HANDSHAKE_TRAFFIC_SECRET eb37799cfdd607bc4c1a163da75d39fb4c34748edfbc50445ab7b5b44d5298a6 9f7605cb9b39a3fd0eeb0611c18a754fe573f11dc90285408948d418d3a1d082
CLIENT_HANDSHAKE_TRAFFIC_SECRET eb37799cfdd607bc4c1a163da75d39fb4c34748edfbc50445ab7b5b44d5298a6 5978e849ae01194a1a00a0639a44e0580f1653f535e3c0420958e3c6318f6d3c
SERVER_TRAFFIC_SECRET_0 eb37799cfdd607bc4c1a163da75d39fb4c34748edfbc50445ab7b5b44d5298a6 3b3e6cd26db6b2a2a2d0fbecd7094986158952b3c5a585bbde32fa6c79d52493
CLIENT_TRAFFIC_SECRET_0 eb37799cfdd607bc4c1a163da75d39fb4c34748edfbc50445ab7b5b44d5298a6 25371e44a4a87ea2a29556142cd062d1a0c098035f41120c408042497a319c57
SERVER_HANDSHAKE_TRAFFIC_SECRET e604ed58d84547847dde88f91f0e8bac1f223dca489dac123d83a0bf84e726c8 19805316fa3464475fb1a476faf5ce04f44e29c7acc358d89a480e778b4dcc2e
CLIENT_HANDSHAKE_TRAFFIC_SECRET e604ed58d84547847dde88f91f0e8bac1f223dca489dac123d83a0bf84e726c8 53e16627c6eb59dac74dbbc844138a154d7e1205425982aa6039158cfa8ffef7
SERVER_TRAFFIC_SECRET_0 e604ed58d84547847dde88f91f0e8bac1f223dca489dac123d83a0bf84e726c8 38bc6b5bf14b5c06cf5d1527eb373bd1f076101682f5f1a43b0bc8ed94a8cad5
SERVER_HANDSHAKE_TRAFFIC_SECRET e604ed58d84547847dde88f91f0e8bac1f223dca489dac123d83a0bf84e726c8 19805316fa3464475fb1a476faf5ce04f44e29c7acc358d89a480e778b4dcc2e
CLIENT_HANDSHAKE_TRAFFIC_SECRET e604ed58d84547847dde88f91f0e8bac1f223dca489dac123d83a0bf84e726c8 53e16627c6eb59dac74dbbc844138a154d7e1205425982aa6039158cfa8ffef7
SERVER_TRAFFIC_SECRET_0 e604ed58d84547847dde88f91f0e8bac1f223dca489dac123d83a0bf84e726c8 38bc6b5bf14b5c06cf5d1527eb373bd1f076101682f5f1a43b0bc8ed94a8cad5
CLIENT_TRAFFIC_SECRET_0 e604ed58d84547847dde88f91f0e8bac1f223dca489dac123d83a0bf84e726c8 5dc8b7965f6c179b57c8f7cd2d1593fe62c5128f5da46b97316b8636595013f4
SERVER_HANDSHAKE_TRAFFIC_SECRET 2235a8fc86eb3108c4f2f079bea15edf05f26aea01669f1a89638f3996a30afc 93fc4cc9be72a75d964f5fe047e4cd7bd12f5471aff382e5e24df6ecdb76c11e
CLIENT_HANDSHAKE_TRAFFIC_SECRET 2235a8fc86eb3108c4f2f079bea15edf05f26aea01669f1a89638f3996a30afc 795769793e4b4b3af78d5397f2db5908b34e6139a07b36b9320add3ed696bc0a
SERVER_TRAFFIC_SECRET_0 2235a8fc86eb3108c4f2f079bea15edf05f26aea01669f1a89638f3996a30afc be4ffc02a92b661c618442b64f0d049194147c75fa61eda4ddd314282396b7c7
SERVER_HANDSHAKE_TRAFFIC_SECRET 2235a8fc86eb3108c4f2f079bea15edf05f26aea01669f1a89638f3996a30afc 93fc4cc9be72a75d964f5fe047e4cd7bd12f5471aff382e5e24df6ecdb76c11e
CLIENT_HANDSHAKE_TRAFFIC_SECRET 2235a8fc86eb3108c4f2f079bea15edf05f26aea01669f1a89638f3996a30afc 795769793e4b4b3af78d5397f2db5908b34e6139a07b36b9320add3ed696bc0a
SERVER_TRAFFIC_SECRET_0 2235a8fc86eb3108c4f2f079bea15edf05f26aea01669f1a89638f3996a30afc be4ffc02a92b661c618442b64f0d049194147c75fa61eda4ddd314282396b7c7
CLIENT_TRAFFIC_SECRET_0 2235a8fc86eb3108c4f2f079bea15edf05f26aea01669f1a89638f3996a30afc c0ddc3234e900d701cbf7289dc624ea23e289ff013522097e4c353315323b4ea
SERVER_HANDSHAKE_TRAFFIC_SECRET 246d57b0e0ca29ddee0f71a02fe9dbba8de455a94655abbe61eacee415c5f0ba 4f0eaad9fcdd511c00a0026b5c9252ef43daacef54995bb94698e0c3358ece63
CLIENT_HANDSHAKE_TRAFFIC_SECRET 246d57b0e0ca29ddee0f71a02fe9dbba8de455a94655abbe61eacee415c5f0ba 5e2f936c629272410030034210f40098a85eb9e26db4ead40f1838e72b2e8a3f
SERVER_TRAFFIC_SECRET_0 246d57b0e0ca29ddee0f71a02fe9dbba8de455a94655abbe61eacee415c5f0ba e366d5461026ec8c64f68742cf2af08305193a12b97c8dfe83af5ec3a207dd58
SERVER_HANDSHAKE_TRAFFIC_SECRET 246d57b0e0ca29ddee0f71a02fe9dbba8de455a94655abbe61eacee415c5f0ba 4f0eaad9fcdd511c00a0026b5c9252ef43daacef54995bb94698e0c3358ece63
CLIENT_HANDSHAKE_TRAFFIC_SECRET 246d57b0e0ca29ddee0f71a02fe9dbba8de455a94655abbe61eacee415c5f0ba 5e2f936c629272410030034210f40098a85eb9e26db4ead40f1838e72b2e8a3f
SERVER_TRAFFIC_SECRET_0 246d57b0e0ca29ddee0f71a02fe9dbba8de455a94655abbe61eacee415c5f0ba e366d5461026ec8c64f68742cf2af08305193a12b97c8dfe83af5ec3a207dd58
CLIENT_TRAFFIC_SECRET_0 246d57b0e0ca29ddee0f71a02fe9dbba8de455a94655abbe61eacee415c5f0ba 35122ffe25c76c0ab6e15e2ad1d28b60e94e904ba7acadc11d9ab9d936b2c401
SERVER_HANDSHAKE_TRAFFIC_SECRET e04cf34ee63612446172d2fe27758b467d56d8e2916515f612fe3f44aead3b70 6b58cada521f8f23a09a6a9dd2b62b5db768641c055d3e815de21402fe994097
CLIENT_HANDSHAKE_TRAFFIC_SECRET e04cf34ee63612446172d2fe27758b467d56d8e2916515f612fe3f44aead3b70 2243e5a7c8bb42cb56eb0bc004d1a3dcefb765ef0280b6c8959e41d8a47bdf50
SERVER_TRAFFIC_SECRET_0 e04cf34ee63612446172d2fe27758b467d56d8e2916515f612fe3f44aead3b70 f3e6b6daaa46999572bbffce6ae2e21ca8347fff6017e55245085ec3e7ae2adf
SERVER_HANDSHAKE_TRAFFIC_SECRET e04cf34ee63612446172d2fe27758b467d56d8e2916515f612fe3f44aead3b70 6b58cada521f8f23a09a6a9dd2b62b5db768641c055d3e815de21402fe994097
CLIENT_HANDSHAKE_TRAFFIC_SECRET e04cf34ee63612446172d2fe27758b467d56d8e2916515f612fe3f44aead3b70 2243e5a7c8bb42cb56eb0bc004d1a3dcefb765ef0280b6c8959e41d8a47bdf50
SERVER_TRAFFIC_SECRET_0 e04cf34ee63612446172d2fe27758b467d56d8e2916515f612fe3f44aead3b70 f3e6b6daaa46999572bbffce6ae2e21ca8347fff6017e55245085ec3e7ae2adf
CLIENT_TRAFFIC_SECRET_0 e04cf34ee63612446172d2fe27758b467d56d8e2916515f612fe3f44aead3b70 8d91eac1751f43b44c3c7e4e3952f9eea2dfb81f8bfdced2a3fa668202b9b20a
SERVER_HANDSHAKE_TRAFFIC_SECRET 0abe8dd6b4fa2ea8365d15569d56a2ec70b9355116f06a29d8b5e04d72ef15e0 83fd5646650573b066a0ba0e2f89a1734f21815469de2290bc8f3a3e987ae8d7
CLIENT_HANDSHAKE_TRAFFIC_SECRET 0abe8dd6b4fa2ea8365d15569d56a2ec70b9355116f06a29d8b5e04d72ef15e0 7e113cf91049c5a36ee0023fdca0bd835c57b40c687688904707ef7e30cb4bef
SERVER_TRAFFIC_SECRET_0 0abe8dd6b4fa2ea8365d15569d56a2ec70b9355116f06a29d8b5e04d72ef15e0 ff7196760b74debcd728960f9b3f795e9754446383ff4c72909bbab620dc30ca
SERVER_HANDSHAKE_TRAFFIC_SECRET 0abe8dd6b4fa2ea8365d15569d56a2ec70b9355116f06a29d8b5e04d72ef15e0 83fd5646650573b066a0ba0e2f89a1734f21815469de2290bc8f3a3e987ae8d7
CLIENT_HANDSHAKE_TRAFFIC_SECRET 0abe8dd6b4fa2ea8365d15569d56a2ec70b9355116f06a29d8b5e04d72ef15e0 7e113cf91049c5a36ee0023fdca0bd835c57b40c687688904707ef7e30cb4bef
SERVER_TRAFFIC_SECRET_0 0abe8dd6b4fa2ea8365d15569d56a2ec70b9355116f06a29d8b5e04d72ef15e0 ff7196760b74debcd728960f9b3f795e9754446383ff4c72909bbab620dc30ca
CLIENT_TRAFFIC_SECRET_0 0abe8dd6b4fa2ea8365d15569d56a2ec70b9355116f06a29d8b5e04d72ef15e0 ddbf1717f18f61d671cdc27fed1b42900cdc98361b9545423be0a61c26f89b12
SERVER_HANDSHAKE_TRAFFIC_SECRET 2385fbffc10e67b83b58b21712c032b9f57f085c13f53bb2b0a4c5beb5ea903f b0b03c3cfaba7bde3fbf32172524e8ac9cf42fea6a77e081198dc16135aef8da
CLIENT_HANDSHAKE_TRAFFIC_SECRET 2385fbffc10e67b83b58b21712c032b9f57f085c13f53bb2b0a4c5beb5ea903f 8776f98ce67be7c3579ba66465301157dbd4b66f995fdd92eb0b7263f8c8e4ea
SERVER_TRAFFIC_SECRET_0 2385fbffc10e67b83b58b21712c032b9f57f085c13f53bb2b0a4c5beb5ea903f 9bfda948edfae7db81f188ef39c933f75696fb1888e9f65533e1acbb1f4e312c
SERVER_HANDSHAKE_TRAFFIC_SECRET 2385fbffc10e67b83b58b21712c032b9f57f085c13f53bb2b0a4c5beb5ea903f b0b03c3cfaba7bde3fbf32172524e8ac9cf42fea6a77e081198dc16135aef8da
CLIENT_HANDSHAKE_TRAFFIC_SECRET 2385fbffc10e67b83b58b21712c032b9f57f085c13f53bb2b0a4c5beb5ea903f 8776f98ce67be7c3579ba66465301157dbd4b66f995fdd92eb0b7263f8c8e4ea
SERVER_TRAFFIC_SECRET_0 2385fbffc10e67b83b58b21712c032b9f57f085c13f53bb2b0a4c5beb5ea903f 9bfda948edfae7db81f188ef39c933f75696fb1888e9f65533e1acbb1f4e312c
CLIENT_TRAFFIC_SECRET_0 2385fbffc10e67b83b58b21712c032b9f57f085c13f53bb2b0a4c5beb5ea903f bebe12d90efebf0ea3a726185164ddc57781a277634523cc619870ea8078785f
SERVER_HANDSHAKE_TRAFFIC_SECRET c805a1b5ef50a826712cc76b226ae68b3e5e5a41d161ef17c82aaff4e3cff20d 90a796d22962b914a7bb25390e220f96be50756eea94aa2bfc2f3c31d879732f
CLIENT_HANDSHAKE_TRAFFIC_SECRET c805a1b5ef50a826712cc76b226ae68b3e5e5a41d161ef17c82aaff4e3cff20d 4f1e24e67b81bef8c987bca22868f30d8b7ed248d238939a35df7ea103e061f0
SERVER_TRAFFIC_SECRET_0 c805a1b5ef50a826712cc76b226ae68b3e5e5a41d161ef17c82aaff4e3cff20d 0b71ef1f80c5443d083e9a4b1840d6ba684f5fcc238b6e5c9e35cbb70047455a
SERVER_HANDSHAKE_TRAFFIC_SECRET c805a1b5ef50a826712cc76b226ae68b3e5e5a41d161ef17c82aaff4e3cff20d 90a796d22962b914a7bb25390e220f96be50756eea94aa2bfc2f3c31d879732f
CLIENT_HANDSHAKE_TRAFFIC_SECRET c805a1b5ef50a826712cc76b226ae68b3e5e5a41d161ef17c82aaff4e3cff20d 4f1e24e67b81bef8c987bca22868f30d8b7ed248d238939a35df7ea103e061f0
SERVER_TRAFFIC_SECRET_0 c805a1b5ef50a826712cc76b226ae68b3e5e5a41d161ef17c82aaff4e3cff20d 0b71ef1f80c5443d083e9a4b1840d6ba684f5fcc238b6e5c9e35cbb70047455a
CLIENT_TRAFFIC_SECRET_0 c805a1b5ef50a826712cc76b226ae68b3e5e5a41d161ef17c82aaff4e3cff20d 628295f411f8e0d0131d1a131a696284747856620f5ea492d659c28cb051a79d
SERVER_HANDSHAKE_TRAFFIC_SECRET 53452bda567edcab85ea2a4e24e398f4a671851bfd93a83c81418c4246d87a91 998cb74e213344c76ec68f847293fa3caa871b41802617ed6ba76fa414784c7d
CLIENT_HANDSHAKE_TRAFFIC_SECRET 53452bda567edcab85ea2a4e24e398f4a671851bfd93a83c81418c4246d87a91 462d345533bbe1f7fe0465adadab0b7f6e7394db7c113e3ae35c70f844d46967
SERVER_TRAFFIC_SECRET_0 53452bda567edcab85ea2a4e24e398f4a671851bfd93a83c81418c4246d87a91 dab578188f7ccb710366dd9dead7b12e3cae7f6debba9e0dbab6ef863c0475a9
SERVER_HANDSHAKE_TRAFFIC_SECRET 53452bda567edcab85ea2a4e24e398f4a671851bfd93a83c81418c4246d87a91 998cb74e213344c76ec68f847293fa3caa871b41802617ed6ba76fa414784c7d
CLIENT_HANDSHAKE_TRAFFIC_SECRET 53452bda567edcab85ea2a4e24e398f4a671851bfd93a83c81418c4246d87a91 462d345533bbe1f7fe0465adadab0b7f6e7394db7c113e3ae35c70f844d46967
SERVER_TRAFFIC_SECRET_0 53452bda567edcab85ea2a4e24e398f4a671851bfd93a83c81418c4246d87a91 dab578188f7ccb710366dd9dead7b12e3cae7f6debba9e0dbab6ef863c0475a9
CLIENT_TRAFFIC_SECRET_0 53452bda567edcab85ea2a4e24e398f4a671851bfd93a83c81418c4246d87a91 2b15a221396df167239cd03229c0a172642e31e8d5b67cdd812f6e1863ca91fe
SERVER_HANDSHAKE_TRAFFIC_SECRET c28f48d2dfe074714b385766d95f0359c62368b5e00fb52cf5df8bfe26c5ba43 5261703567d8aa3ca39314a89bacb85805b4473b2451a944469dc8e24a4f0f3c
CLIENT_HANDSHAKE_TRAFFIC_SECRET c28f48d2dfe074714b385766d95f0359c62368b5e00fb52cf5df8bfe26c5ba43 4491b55af90970f1412f0b8dbcaa0ea53c8c077e9d31e91417606588958106d2
SERVER_TRAFFIC_SECRET_0 c28f48d2dfe074714b385766d95f0359c62368b5e00fb52cf5df8bfe26c5ba43 dc22d6798d2d285d7aa7681583c8f3bed21db18be1c8bd51976fd9820b7a5296
SERVER_HANDSHAKE_TRAFFIC_SECRET c28f48d2dfe074714b385766d95f0359c62368b5e00fb52cf5df8bfe26c5ba43 5261703567d8aa3ca39314a89bacb85805b4473b2451a944469dc8e24a4f0f3c
CLIENT_HANDSHAKE_TRAFFIC_SECRET c28f48d2dfe074714b385766d95f0359c62368b5e00fb52cf5df8bfe26c5ba43 4491b55af90970f1412f0b8dbcaa0ea53c8c077e9d31e91417606588958106d2
SERVER_TRAFFIC_SECRET_0 c28f48d2dfe074714b385766d95f0359c62368b5e00fb52cf5df8bfe26c5ba43 dc22d6798d2d285d7aa7681583c8f3bed21db18be1c8bd51976fd9820b7a5296
CLIENT_TRAFFIC_SECRET_0 c28f48d2dfe074714b385766d95f0359c62368b5e00fb52cf5df8bfe26c5ba43 cc7af58bb861cdd92379ad68d5b81f7c60d41f6e7c5f4a9d46ecf8e5368cca93
SERVER_HANDSHAKE_TRAFFIC_SECRET 2ea0b9e0b1fb87a1026a3b898d3964c82c8e013cc8cc3712db72336d3f3a0249 15df90eecc638a4b3a3d8662d1364906d14d8b8833ab7859d62a7a7ea7d58ed3
CLIENT_HANDSHAKE_TRAFFIC_SECRET 2ea0b9e0b1fb87a1026a3b898d3964c82c8e013cc8cc3712db72336d3f3a0249 7728d0f22cc30db3b3d07f7a241e6852108a26fafda71f7827d5778583236152
SERVER_TRAFFIC_SECRET_0 2ea0b9e0b1fb87a1026a3b898d3964c82c8e013cc8cc3712db72336d3f3a0249 37d9e10dbc2272835c0a42d8841371850a08467ce28f65052070e3a02b85cd29
SERVER_HANDSHAKE_TRAFFIC_SECRET 2ea0b9e0b1fb87a1026a3b898d3964c82c8e013cc8cc3712db72336d3f3a0249 15df90eecc638a4b3a3d8662d1364906d14d8b8833ab7859d62a7a7ea7d58ed3
CLIENT_HANDSHAKE_TRAFFIC_SECRET 2ea0b9e0b1fb87a1026a3b898d3964c82c8e013cc8cc3712db72336d3f3a0249 7728d0f22cc30db3b3d07f7a241e6852108a26fafda71f7827d5778583236152
SERVER_TRAFFIC_SECRET_0 2ea0b9e0b1fb87a1026a3b898d3964c82c8e013cc8cc3712db72336d3f3a0249 37d9e10dbc2272835c0a42d8841371850a08467ce28f65052070e3a02b85cd29
CLIENT_TRAFFIC_SECRET_0 2ea0b9e0b1fb87a1026a3b898d3964c82c8e013cc8cc3712db72336d3f3a0249 1da310bf5f5b7c3809b1742dca5eaab9d2b098e847bece1a1d8e70fa5e353cd6
SERVER_HANDSHAKE_TRAFFIC_SECRET 17400f29856bc37e4dec24add19422d1794a13d059237b3bc2a5fcc004629c33 2ac011d04efa32470adff67af5af0000cd06ae0d1c21930b387a80392c587275
CLIENT_HANDSHAKE_TRAFFIC_SECRET 17400f29856bc37e4dec24add19422d1794a13d059237b3bc2a5fcc004629c33 3c878648951bf25cd92be7061650aca2f543f3546bc4e9532cfd0f7997098b21
SERVER_TRAFFIC_SECRET_0 17400f29856bc37e4dec24add19422d1794a13d059237b3bc2a5fcc004629c33 6bbf59ad5195210863a1620959036ef114e8b6fad3876d81ee466b89ac8a456c
SERVER_HANDSHAKE_TRAFFIC_SECRET 17400f29856bc37e4dec24add19422d1794a13d059237b3bc2a5fcc004629c33 2ac011d04efa32470adff67af5af0000cd06ae0d1c21930b387a80392c587275
CLIENT_HANDSHAKE_TRAFFIC_SECRET 17400f29856bc37e4dec24add19422d1794a13d059237b3bc2a5fcc004629c33 3c878648951bf25cd92be7061650aca2f543f3546bc4e9532cfd0f7997098b21
SERVER_TRAFFIC_SECRET_0 17400f29856bc37e4dec24add19422d1794a13d059237b3bc2a5fcc004629c33 6bbf59ad5195210863a1620959036ef114e8b6fad3876d81ee466b89ac8a456c
CLIENT_TRAFFIC_SECRET_0 17400f29856bc37e4dec24add19422d1794a13d059237b3bc2a5fcc004629c33 17e76777d0e6ea2bd7a6ba9bccbf84fae9e2b0736bf5ad49188aeefcd85cd5dc
SERVER_HANDSHAKE_TRAFFIC_SECRET e6e5ed950133476a6a0574cd3c46dfb8d533a01b272c76438dec65866ed96cc2 176b496fcb0e1697b68bb411037b4cef137c6930774d5fc39baeba77acc4c612
CLIENT_HANDSHAKE_TRAFFIC_SECRET e6e5ed950133476a6a0574cd3c46dfb8d533a01b272c76438dec65866ed96cc2 88d6ffed93882ce9713b2b72e12511abfa944e030e265c4bf29a4d0644e34d13
SERVER_TRAFFIC_SECRET_0 e6e5ed950133476a6a0574cd3c46dfb8d533a01b272c76438dec65866ed96cc2 6b299741a12cdb7de803d316e481c870f2fceb7ed06fb29e56d289d2f4b872db
SERVER_HANDSHAKE_TRAFFIC_SECRET e6e5ed950133476a6a0574cd3c46dfb8d533a01b272c76438dec65866ed96cc2 176b496fcb0e1697b68bb411037b4cef137c6930774d5fc39baeba77acc4c612
CLIENT_HANDSHAKE_TRAFFIC_SECRET e6e5ed950133476a6a0574cd3c46dfb8d533a01b272c76438dec65866ed96cc2 88d6ffed93882ce9713b2b72e12511abfa944e030e265c4bf29a4d0644e34d13
SERVER_TRAFFIC_SECRET_0 e6e5ed950133476a6a0574cd3c46dfb8d533a01b272c76438dec65866ed96cc2 6b299741a12cdb7de803d316e481c870f2fceb7ed06fb29e56d289d2f4b872db
CLIENT_TRAFFIC_SECRET_0 e6e5ed950133476a6a0574cd3c46dfb8d533a01b272c76438dec65866ed96cc2 01dd8defe5c1769ec99f4518c13ea266f704a7b87f98f16812a796146120f3a7
SERVER_HANDSHAKE_TRAFFIC_SECRET acb0ca1fa7bfda8ab029c6b72722f8c6c4b9185cb491a5f7c6a366b3fbb75346 e4221fa68f981af6b301101167af34c505ad3ca96ba1b6e2b57df9350cab529b
CLIENT_HANDSHAKE_TRAFFIC_SECRET acb0ca1fa7bfda8ab029c6b72722f8c6c4b9185cb491a5f7c6a366b3fbb75346 ddc2e5bb673d857203a09a379eebc990a0b322d5f20db655894b753f134aec3d
SERVER_TRAFFIC_SECRET_0 acb0ca1fa7bfda8ab029c6b72722f8c6c4b9185cb491a5f7c6a366b3fbb75346 c1d1420931c0515f2af585f6633910eb9764152be1c28b76679c323cb34ef821
SERVER_HANDSHAKE_TRAFFIC_SECRET acb0ca1fa7bfda8ab029c6b72722f8c6c4b9185cb491a5f7c6a366b3fbb75346 e4221fa68f981af6b301101167af34c505ad3ca96ba1b6e2b57df9350cab529b
CLIENT_HANDSHAKE_TRAFFIC_SECRET acb0ca1fa7bfda8ab029c6b72722f8c6c4b9185cb491a5f7c6a366b3fbb75346 ddc2e5bb673d857203a09a379eebc990a0b322d5f20db655894b753f134aec3d
SERVER_TRAFFIC_SECRET_0 acb0ca1fa7bfda8ab029c6b72722f8c6c4b9185cb491a5f7c6a366b3fbb75346 c1d1420931c0515f2af585f6633910eb9764152be1c28b76679c323cb34ef821
CLIENT_TRAFFIC_SECRET_0 acb0ca1fa7bfda8ab029c6b72722f8c6c4b9185cb491a5f7c6a366b3fbb75346 90f2e25f02f8ed1543091bf2834068f73408b2d75ce95a3ef49a1f09c6047700
SERVER_HANDSHAKE_TRAFFIC_SECRET 0696dc9fd12bfbde282bbe243f8f8de3e67a9d1cb663e903bca199350905fc55 f7ea7f2b878ecfc24d97a7ce493cbc677519ef4582825bf7cb2532e8739e17c6
CLIENT_HANDSHAKE_TRAFFIC_SECRET 0696dc9fd12bfbde282bbe243f8f8de3e67a9d1cb663e903bca199350905fc55 a4e3009d1084b4665b887ba1b4f1aebb30b5426a574f97fbddc87a25e6b62611
SERVER_TRAFFIC_SECRET_0 0696dc9fd12bfbde282bbe243f8f8de3e67a9d1cb663e903bca199350905fc55 ed03f6e6c577f12d8156a1099610987710f22312416c357b23f0c7476b80633f
SERVER_HANDSHAKE_TRAFFIC_SECRET 0696dc9fd12bfbde282bbe243f8f8de3e67a9d1cb663e903bca199350905fc55 f7ea7f2b878ecfc24d97a7ce493cbc677519ef4582825bf7cb2532e8739e17c6
CLIENT_HANDSHAKE_TRAFFIC_SECRET 0696dc9fd12bfbde282bbe243f8f8de3e67a9d1cb663e903bca199350905fc55 a4e3009d1084b4665b887ba1b4f1aebb30b5426a574f97fbddc87a25e6b62611
SERVER_TRAFFIC_SECRET_0 0696dc9fd12bfbde282bbe243f8f8de3e67a9d1cb663e903bca199350905fc55 ed03f6e6c577f12d8156a1099610987710f22312416c357b23f0c7476b80633f
CLIENT_TRAFFIC_SECRET_0 0696dc9fd12bfbde282bbe243f8f8de3e67a9d1cb663e903bca199350905fc55 ed981d3d77603487da55e68139d78e00638b92eee4ae07575c2f90bd0f166399
SERVER_HANDSHAKE_TRAFFIC_SECRET ab8b1db7dbf40fbc024b0fe67849c31a020ec32f5f21ca5e17ee9e286566aa7b 5df9b74bba883a5a2e55e1ea4eeb0ffaf675ccad90045019bf0b0e36968e19c3
CLIENT_HANDSHAKE_TRAFFIC_SECRET ab8b1db7dbf40fbc024b0fe67849c31a020ec32f5f21ca5e17ee9e286566aa7b 1b5ac28cd2681845eb1c0c99836e36db54e7bb481602e3c8f2d87a4e78060e6b
SERVER_TRAFFIC_SECRET_0 ab8b1db7dbf40fbc024b0fe67849c31a020ec32f5f21ca5e17ee9e286566aa7b c73cfcc5ee980b74dc3b8e29b0370e3d4fef4417bab1dfd03a57dc23f7bf0327
SERVER_HANDSHAKE_TRAFFIC_SECRET ab8b1db7dbf40fbc024b0fe67849c31a020ec32f5f21ca5e17ee9e286566aa7b 5df9b74bba883a5a2e55e1ea4eeb0ffaf675ccad90045019bf0b0e36968e19c3
CLIENT_HANDSHAKE_TRAFFIC_SECRET ab8b1db7dbf40fbc024b0fe67849c31a020ec32f5f21ca5e17ee9e286566aa7b 1b5ac28cd2681845eb1c0c99836e36db54e7bb481602e3c8f2d87a4e78060e6b
SERVER_TRAFFIC_SECRET_0 ab8b1db7dbf40fbc024b0fe67849c31a020ec32f5f21ca5e17ee9e286566aa7b c73cfcc5ee980b74dc3b8e29b0370e3d4fef4417bab1dfd03a57dc23f7bf0327
CLIENT_TRAFFIC_SECRET_0 ab8b1db7dbf40fbc024b0fe67849c31a020ec32f5f21ca5e17ee9e286566aa7b d6baf432fdd65e1b9125a96e7f62aa0fc88bd38c3260be56ef03730a8fac65fa
SERVER_HANDSHAKE_TRAFFIC_SECRET 28aeae897524d9faefba913ec69afa93566d9f5130745033e444dbfbf1f5ecb9 f98939c1f0394bcca8b3d1c18d38b348302c7ac6ead5c69ba9956dcf6274485f
CLIENT_HANDSHAKE_TRAFFIC_SECRET 28aeae897524d9faefba913ec69afa93566d9f5130745033e444dbfbf1f5ecb9 3f3591ebc73142992559b3040c1a8c6ba1751f4f4b52afb08a7a2156e3b32669
SERVER_TRAFFIC_SECRET_0 28aeae897524d9faefba913ec69afa93566d9f5130745033e444dbfbf1f5ecb9 a04ef8aee33d7f2af06551d92e6cb6b459b24266cb8e96a9ecf00d14603dbdb6
SERVER_HANDSHAKE_TRAFFIC_SECRET 28aeae897524d9faefba913ec69afa93566d9f5130745033e444dbfbf1f5ecb9 f98939c1f0394bcca8b3d1c18d38b348302c7ac6ead5c69ba9956dcf6274485f
CLIENT_HANDSHAKE_TRAFFIC_SECRET 28aeae897524d9faefba913ec69afa93566d9f5130745033e444dbfbf1f5ecb9 3f3591ebc73142992559b3040c1a8c6ba1751f4f4b52afb08a7a2156e3b32669
SERVER_TRAFFIC_SECRET_0 28aeae897524d9faefba913ec69afa93566d9f5130745033e444dbfbf1f5ecb9 a04ef8aee33d7f2af06551d92e6cb6b459b24266cb8e96a9ecf00d14603dbdb6
CLIENT_TRAFFIC_SECRET_0 28aeae897524d9faefba913ec69afa93566d9f5130745033e444dbfbf1f5ecb9 1a0fa4c195c3a0ff89394d370c642f26c39674b05aea82b4964743b98ebce52d
SERVER_HANDSHAKE_TRAFFIC_SECRET 6e6465dadf82d6b28d5f622c912995127f102b375cefea08fa0d90ccb6e5afb0 c7e90bf0f9107c74ae8b32d87c8d8049571b4b7ba599662048546bacbe48e8e2
CLIENT_HANDSHAKE_TRAFFIC_SECRET 6e6465dadf82d6b28d5f622c912995127f102b375cefea08fa0d90ccb6e5afb0 6077821c304dbe8f2e8421a6c9d327fc7b55fd047c8741ab91c8fcfc7a410362
SERVER_TRAFFIC_SECRET_0 6e6465dadf82d6b28d5f622c912995127f102b375cefea08fa0d90ccb6e5afb0 933660ffdb8b41a5fb4cf184f8debae9ad510f2e480f56910673fbc6c9a6b992
SERVER_HANDSHAKE_TRAFFIC_SECRET 6e6465dadf82d6b28d5f622c912995127f102b375cefea08fa0d90ccb6e5afb0 c7e90bf0f9107c74ae8b32d87c8d8049571b4b7ba599662048546bacbe48e8e2
CLIENT_HANDSHAKE_TRAFFIC_SECRET 6e6465dadf82d6b28d5f622c912995127f102b375cefea08fa0d90ccb6e5afb0 6077821c304dbe8f2e8421a6c9d327fc7b55fd047c8741ab91c8fcfc7a410362
SERVER_TRAFFIC_SECRET_0 6e6465dadf82d6b28d5f622c912995127f102b375cefea08fa0d90ccb6e5afb0 933660ffdb8b41a5fb4cf184f8debae9ad510f2e480f56910673fbc6c9a6b992
CLIENT_TRAFFIC_SECRET_0 6e6465dadf82d6b28d5f622c912995127f102b375cefea08fa0d90ccb6e5afb0 d8ae78353ad22d72e2c708b39abc947bea954e468fc8abaaae5761acff6c476e
SERVER_HANDSHAKE_TRAFFIC_SECRET e65b13ff7ff2de9179ed177c7f8167b4057eb479328272ae06e21907c68231ac 653639f02770bd85e60ca7fb93948ee96e5bf434c726f7cdb51a58fd8abf2df3
CLIENT_HANDSHAKE_TRAFFIC_SECRET e65b13ff7ff2de9179ed177c7f8167b4057eb479328272ae06e21907c68231ac e9a1a08afcdf296f2ce4153f2c8398e4972b3fb32f84f1668e5620d956e73cb8
SERVER_TRAFFIC_SECRET_0 e65b13ff7ff2de9179ed177c7f8167b4057eb479328272ae06e21907c68231ac 85e87f9ef8ee9522af537a3143b17c93f129c922845e2f7153b0e45d9b625ff1
SERVER_HANDSHAKE_TRAFFIC_SECRET e65b13ff7ff2de9179ed177c7f8167b4057eb479328272ae06e21907c68231ac 653639f02770bd85e60ca7fb93948ee96e5bf434c726f7cdb51a58fd8abf2df3
CLIENT_HANDSHAKE_TRAFFIC_SECRET e65b13ff7ff2de9179ed177c7f8167b4057eb479328272ae06e21907c68231ac e9a1a08afcdf296f2ce4153f2c8398e4972b3fb32f84f1668e5620d956e73cb8
SERVER_TRAFFIC_SECRET_0 e65b13ff7ff2de9179ed177c7f8167b4057eb479328272ae06e21907c68231ac 85e87f9ef8ee9522af537a3143b17c93f129c922845e2f7153b0e45d9b625ff1
CLIENT_TRAFFIC_SECRET_0 e65b13ff7ff2de9179ed177c7f8167b4057eb479328272ae06e21907c68231ac d0fb4705392a4bc3c60ea01b2d64381e72ad05f560602d4b0891b6c86d506a78
SERVER_HANDSHAKE_TRAFFIC_SECRET 190620d20ec4055de4456870211bbdae9157729c11d60fe2fd1b5e59aef66fad f1ae478ddc33a35d8e2bd7c7793aaaaef16936768bb2077a2d249b2169e9eed9
CLIENT_HANDSHAKE_TRAFFIC_SECRET 190620d20ec4055de4456870211bbdae9157729c11d60fe2fd1b5e59aef66fad d707167742874a5c75765e562be3ab75f3ee8664cc2c4d91eeb49407df3baedd
SERVER_TRAFFIC_SECRET_0 190620d20ec4055de4456870211bbdae9157729c11d60fe2fd1b5e59aef66fad 84bca3641453ca587822d38504b955e4298667a1ef92b0c86cd6711e569afb6f
SERVER_HANDSHAKE_TRAFFIC_SECRET 190620d20ec4055de4456870211bbdae9157729c11d60fe2fd1b5e59aef66fad f1ae478ddc33a35d8e2bd7c7793aaaaef16936768bb2077a2d249b2169e9eed9
CLIENT_HANDSHAKE_TRAFFIC_SECRET 190620d20ec4055de4456870211bbdae9157729c11d60fe2fd1b5e59aef66fad d707167742874a5c75765e562be3ab75f3ee8664cc2c4d91eeb49407df3baedd
SERVER_TRAFFIC_SECRET_0 190620d20ec4055de4456870211bbdae9157729c11d60fe2fd1b5e59aef66fad 84bca3641453ca587822d38504b955e4298667a1ef92b0c86cd6711e569afb6f
CLIENT_TRAFFIC_SECRET_0 190620d20ec4055de4456870211bbdae9157729c11d60fe2fd1b5e59aef66fad 533d306b5f1aed499f5ae3d3d9ae704cb63e6e9d7c6f615ab03e6391d8e011c1
SERVER_HANDSHAKE_TRAFFIC_SECRET af345e7681ddb9da15b99d5003f1dd67fbf5c47575e0de80db48774b275c2fe9 558ce6b7cdc3d46961bb60b2ed3e62c898c94e65180c35c1dbc1c2822242d301
CLIENT_HANDSHAKE_TRAFFIC_SECRET af345e7681ddb9da15b99d5003f1dd67fbf5c47575e0de80db48774b275c2fe9 9f253a4dd7e690446daa367b3c75059a26df5f7fbd89ab4da4ed6dc80099f1ae
SERVER_TRAFFIC_SECRET_0 af345e7681ddb9da15b99d5003f1dd67fbf5c47575e0de80db48774b275c2fe9 ef33e3901963b80bb48e5bcd91c5fb54130c048b2fbbc2a8424d96bb144a64eb
SERVER_HANDSHAKE_TRAFFIC_SECRET af345e7681ddb9da15b99d5003f1dd67fbf5c47575e0de80db48774b275c2fe9 558ce6b7cdc3d46961bb60b2ed3e62c898c94e65180c35c1dbc1c2822242d301
CLIENT_HANDSHAKE_TRAFFIC_SECRET af345e7681ddb9da15b99d5003f1dd67fbf5c47575e0de80db48774b275c2fe9 9f253a4dd7e690446daa367b3c75059a26df5f7fbd89ab4da4ed6dc80099f1ae
SERVER_TRAFFIC_SECRET_0 af345e7681ddb9da15b99d5003f1dd67fbf5c47575e0de80db48774b275c2fe9 ef33e3901963b80bb48e5bcd91c5fb54130c048b2fbbc2a8424d96bb144a64eb
CLIENT_TRAFFIC_SECRET_0 af345e7681ddb9da15b99d5003f1dd67fbf5c47575e0de80db48774b275c2fe9 3310c6ea5cf0dfccda53b19bd134ea4428b034fd1251fc173cbe7dea8b397eab
SERVER_HANDSHAKE_TRAFFIC_SECRET 73eb1e8a22348c4945e2f0ddcdd2eb5eaf09702ba472371e699143d88f673fe3 a764df79834c61b7a8767589ee9a4f82a7ace8518e8434874a4db9f4c63be2b4
CLIENT_HANDSHAKE_TRAFFIC_SECRET 73eb1e8a22348c4945e2f0ddcdd2eb5eaf09702ba472371e699143d88f673fe3 197c86cc9c1f99e8285fd1d7dbd7521f0e452d54c2cfe2340bfe1af50cad38c7
SERVER_TRAFFIC_SECRET_0 73eb1e8a22348c4945e2f0ddcdd2eb5eaf09702ba472371e699143d88f673fe3 62606f4a846c27ceb759a6a2c4aeb39a483b23c23e73ccbe1ba757b309397cd2
SERVER_HANDSHAKE_TRAFFIC_SECRET 73eb1e8a22348c4945e2f0ddcdd2eb5eaf09702ba472371e699143d88f673fe3 a764df79834c61b7a8767589ee9a4f82a7ace8518e8434874a4db9f4c63be2b4
CLIENT_HANDSHAKE_TRAFFIC_SECRET 73eb1e8a22348c4945e2f0ddcdd2eb5eaf09702ba472371e699143d88f673fe3 197c86cc9c1f99e8285fd1d7dbd7521f0e452d54c2cfe2340bfe1af50cad38c7
SERVER_TRAFFIC_SECRET_0 73eb1e8a22348c4945e2f0ddcdd2eb5eaf09702ba472371e699143d88f673fe3 62606f4a846c27ceb759a6a2c4aeb39a483b23c23e73ccbe1ba757b309397cd2
CLIENT_TRAFFIC_SECRET_0 73eb1e8a22348c4945e2f0ddcdd2eb5eaf09702ba472371e699143d88f673fe3 b7f4d715255850b2bbb5e51b3ad259d03ee9490107846d4937bd9a0409127b7b
SERVER_HANDSHAKE_TRAFFIC_SECRET a2e150b5e17240c467d082a9f3138a5f2c66c18084ebafaed58562b30f79b059 56ae1acf00674d3259f8634c2c87f7e46759be8e8d4f890e92f7c85ac3b6caf9
CLIENT_HANDSHAKE_TRAFFIC_SECRET a2e150b5e17240c467d082a9f3138a5f2c66c18084ebafaed58562b30f79b059 3e284db9f1fbb06ebe0fc2ff4cb2de38ea1de81c598ca344cbe97959ba0d0093
SERVER_TRAFFIC_SECRET_0 a2e150b5e17240c467d082a9f3138a5f2c66c18084ebafaed58562b30f79b059 084c621fee5cd86403a3e493b8d1e2e1f5f9bf8cb3d04452aa5f18169e19909b
SERVER_HANDSHAKE_TRAFFIC_SECRET a2e150b5e17240c467d082a9f3138a5f2c66c18084ebafaed58562b30f79b059 56ae1acf00674d3259f8634c2c87f7e46759be8e8d4f890e92f7c85ac3b6caf9
CLIENT_HANDSHAKE_TRAFFIC_SECRET a2e150b5e17240c467d082a9f3138a5f2c66c18084ebafaed58562b30f79b059 3e284db9f1fbb06ebe0fc2ff4cb2de38ea1de81c598ca344cbe97959ba0d0093
SERVER_TRAFFIC_SECRET_0 a2e150b5e17240c467d082a9f3138a5f2c66c18084ebafaed58562b30f79b059 084c621fee5cd86403a3e493b8d1e2e1f5f9bf8cb3d04452aa5f18169e19909b
CLIENT_TRAFFIC_SECRET_0 a2e150b5e17240c467d082a9f3138a5f2c66c18084ebafaed58562b30f79b059 835e9a451a61085d9e820b2e0fb72f09f154eac38a458e09aef954ceba1b2643
SERVER_HANDSHAKE_TRAFFIC_SECRET 18f2d1ea0ac80d50cbf8426595248f39a446610c8be39c3772439436e8c8e215 b8610c5e8734ca3a7699fa44982053225b2c0f80263425058e9fbaf404ae316f
CLIENT_HANDSHAKE_TRAFFIC_SECRET 18f2d1ea0ac80d50cbf8426595248f39a446610c8be39c3772439436e8c8e215 96abd867ec7cdc7cbcfb274b0506ffa7b0c525bf9285112b9dd78eee9e591456
SERVER_TRAFFIC_SECRET_0 18f2d1ea0ac80d50cbf8426595248f39a446610c8be39c3772439436e8c8e215 2e81b50a1f4060be2b4a96436129e5aeb2f6863cf912816329468a2bc0d53a5e
SERVER_HANDSHAKE_TRAFFIC_SECRET 18f2d1ea0ac80d50cbf8426595248f39a446610c8be39c3772439436e8c8e215 b8610c5e8734ca3a7699fa44982053225b2c0f80263425058e9fbaf404ae316f
CLIENT_HANDSHAKE_TRAFFIC_SECRET 18f2d1ea0ac80d50cbf8426595248f39a446610c8be39c3772439436e8c8e215 96abd867ec7cdc7cbcfb274b0506ffa7b0c525bf9285112b9dd78eee9e591456
SERVER_TRAFFIC_SECRET_0 18f2d1ea0ac80d50cbf8426595248f39a446610c8be39c3772439436e8c8e215 2e81b50a1f4060be2b4a96436129e5aeb2f6863cf912816329468a2bc0d53a5e
CLIENT_TRAFFIC_SECRET_0 18f2d1ea0ac80d50cbf8426595248f39a446610c8be39c3772439436e8c8e215 8e52a06c2a691654c271dfe6635731f829872dde71953728a51f711358eae13a
SERVER_HANDSHAKE_TRAFFIC_SECRET 35f50d4cef3ef74e75d2aeb349cb7fc565024b114a31f4c433425162b42ec42b 2b18b96818af28fd0f6b9598b572b09edb6edea29cbe59e65a5f81492e1a52e1
CLIENT_HANDSHAKE_TRAFFIC_SECRET 35f50d4cef3ef74e75d2aeb349cb7fc565024b114a31f4c433425162b42ec42b 35ddb04932d8dd859d4de4b2a6a3c7414a04adf2e9a05529ea0843837c15e28a
SERVER_TRAFFIC_SECRET_0 35f50d4cef3ef74e75d2aeb349cb7fc565024b114a31f4c433425162b42ec42b bc51416ee7abdc9a682575f4060629146b3987a601801cc26ecc41bcc88ca208
SERVER_HANDSHAKE_TRAFFIC_SECRET 35f50d4cef3ef74e75d2aeb349cb7fc565024b114a31f4c433425162b42ec42b 2b18b96818af28fd0f6b9598b572b09edb6edea29cbe59e65a5f81492e1a52e1
CLIENT_HANDSHAKE_TRAFFIC_SECRET 35f50d4cef3ef74e75d2aeb349cb7fc565024b114a31f4c433425162b42ec42b 35ddb04932d8dd859d4de4b2a6a3c7414a04adf2e9a05529ea0843837c15e28a
SERVER_TRAFFIC_SECRET_0 35f50d4cef3ef74e75d2aeb349cb7fc565024b114a31f4c433425162b42ec42b bc51416ee7abdc9a682575f4060629146b3987a601801cc26ecc41bcc88ca208
CLIENT_TRAFFIC_SECRET_0 35f50d4cef3ef74e75d2aeb349cb7fc565024b114a31f4c433425162b42ec42b 1d0fdf3549b4985c2a05020833889f14e61fe9d45167894769845c4a0e54acf7
SERVER_HANDSHAKE_TRAFFIC_SECRET dad49f726234464bb95afdee60a2f1e9875514f7bd490b2d6c9d8a2a7625fc3a e2fb65afdc1802cd962762d1b1d3be74f893907986c53947375688d7601f4607
CLIENT_HANDSHAKE_TRAFFIC_SECRET dad49f726234464bb95afdee60a2f1e9875514f7bd490b2d6c9d8a2a7625fc3a 5c6e2c24f3067744b24a8133271cc46168e550a57871a6899ffb5ac387d64e3e
SERVER_TRAFFIC_SECRET_0 dad49f726234464bb95afdee60a2f1e9875514f7bd490b2d6c9d8a2a7625fc3a 421b3f40496393ff258271d0143c8c58c2789e74ae5639d1299432d65b011d15
SERVER_HANDSHAKE_TRAFFIC_SECRET dad49f726234464bb95afdee60a2f1e9875514f7bd490b2d6c9d8a2a7625fc3a e2fb65afdc1802cd962762d1b1d3be74f893907986c53947375688d7601f4607
CLIENT_HANDSHAKE_TRAFFIC_SECRET dad49f726234464bb95afdee60a2f1e9875514f7bd490b2d6c9d8a2a7625fc3a 5c6e2c24f3067744b24a8133271cc46168e550a57871a6899ffb5ac387d64e3e
SERVER_TRAFFIC_SECRET_0 dad49f726234464bb95afdee60a2f1e9875514f7bd490b2d6c9d8a2a7625fc3a 421b3f40496393ff258271d0143c8c58c2789e74ae5639d1299432d65b011d15
CLIENT_TRAFFIC_SECRET_0 dad49f726234464bb95afdee60a2f1e9875514f7bd490b2d6c9d8a2a7625fc3a fa6eb463efc862f99361a3c95a1a1e634744dcfb8b4db39401737d0540f2f269
SERVER_HANDSHAKE_TRAFFIC_SECRET 46be4c3310141830a7e8b50218b6abb1978d4ed385020b5c818dff9f867c8c18 c6151328bcbfd3fdb2a0f06f09b135f3118b329f60fb5389329cb0d2aafdc770
CLIENT_HANDSHAKE_TRAFFIC_SECRET 46be4c3310141830a7e8b50218b6abb1978d4ed385020b5c818dff9f867c8c18 692708eaad2530daf4d0a1e5e3c5b5af298e7a9b0417897a86b1dc7ea1f8fc93
SERVER_TRAFFIC_SECRET_0 46be4c3310141830a7e8b50218b6abb1978d4ed385020b5c818dff9f867c8c18 62669cf314344d1d88e69ce91e84bb4fa427ce67b853c3f5d7267dc95ffc503e
SERVER_HANDSHAKE_TRAFFIC_SECRET 46be4c3310141830a7e8b50218b6abb1978d4ed385020b5c818dff9f867c8c18 c6151328bcbfd3fdb2a0f06f09b135f3118b329f60fb5389329cb0d2aafdc770
CLIENT_HANDSHAKE_TRAFFIC_SECRET 46be4c3310141830a7e8b50218b6abb1978d4ed385020b5c818dff9f867c8c18 692708eaad2530daf4d0a1e5e3c5b5af298e7a9b0417897a86b1dc7ea1f8fc93
SERVER_TRAFFIC_SECRET_0 46be4c3310141830a7e8b50218b6abb1978d4ed385020b5c818dff9f867c8c18 62669cf314344d1d88e69ce91e84bb4fa427ce67b853c3f5d7267dc95ffc503e
CLIENT_TRAFFIC_SECRET_0 46be4c3310141830a7e8b50218b6abb1978d4ed385020b5c818dff9f867c8c18 d096a5cac4f7b53ccdd521ef7cbfc7d0faacbd722f2d0d500d087bad1e5828be
SERVER_HANDSHAKE_TRAFFIC_SECRET b25f0aa37730c4765d575552951f84a3fc0f2c632ff0bcb30e35a992e00ece5a 09d40234979ea4fb4345fbf01f5242eaab7b6a0c5ac84947544533ae1f8682af
CLIENT_HANDSHAKE_TRAFFIC_SECRET b25f0aa37730c4765d575552951f84a3fc0f2c632ff0bcb30e35a992e00ece5a 5b9ac59ec783d14ae3fc3d678da2fb427adec53eed7d2526c0294aebb0687ecf
SERVER_TRAFFIC_SECRET_0 b25f0aa37730c4765d575552951f84a3fc0f2c632ff0bcb30e35a992e00ece5a 8d0d3efa8b3cf43270bf063f8ab9e5647dc4efeff8e2944c64f1a8c4a6e1d77e
SERVER_HANDSHAKE_TRAFFIC_SECRET b25f0aa37730c4765d575552951f84a3fc0f2c632ff0bcb30e35a992e00ece5a 09d40234979ea4fb4345fbf01f5242eaab7b6a0c5ac84947544533ae1f8682af
CLIENT_HANDSHAKE_TRAFFIC_SECRET b25f0aa37730c4765d575552951f84a3fc0f2c632ff0bcb30e35a992e00ece5a 5b9ac59ec783d14ae3fc3d678da2fb427adec53eed7d2526c0294aebb0687ecf
SERVER_TRAFFIC_SECRET_0 b25f0aa37730c4765d575552951f84a3fc0f2c632ff0bcb30e35a992e00ece5a 8d0d3efa8b3cf43270bf063f8ab9e5647dc4efeff8e2944c64f1a8c4a6e1d77e
CLIENT_TRAFFIC_SECRET_0 b25f0aa37730c4765d575552951f84a3fc0f2c632ff0bcb30e35a992e00ece5a 384f0d7a5c267497865f1a5e66af95d671ed45bd7de2661b457ee9226cf07bae
SERVER_HANDSHAKE_TRAFFIC_SECRET 4d4624d76724d63e7daad4deb09ebc7289bcc948416d05ec9d0b42527ae2debf 1ffd9cc592d2b888d200b8fd11525459353f515128271708ff4f653d74d35822
CLIENT_HANDSHAKE_TRAFFIC_SECRET 4d4624d76724d63e7daad4deb09ebc7289bcc948416d05ec9d0b42527ae2debf 17ba8ce9af00544891ee864b93ac2e7a5cd480186c4929ba7201f4141daa7a20
SERVER_TRAFFIC_SECRET_0 4d4624d76724d63e7daad4deb09ebc7289bcc948416d05ec9d0b42527ae2debf e1f5c0ebfa2daa1998a3395c670ce1936defbfa777fcf1e881b3eed41473e3bc
SERVER_HANDSHAKE_TRAFFIC_SECRET 4d4624d76724d63e7daad4deb09ebc7289bcc948416d05ec9d0b42527ae2debf 1ffd9cc592d2b888d200b8fd11525459353f515128271708ff4f653d74d35822
CLIENT_HANDSHAKE_TRAFFIC_SECRET 4d4624d76724d63e7daad4deb09ebc7289bcc948416d05ec9d0b42527ae2debf 17ba8ce9af00544891ee864b93ac2e7a5cd480186c4929ba7201f4141daa7a20
SERVER_TRAFFIC_SECRET_0 4d4624d76724d63e7daad4deb09ebc7289bcc948416d05ec9d0b42527ae2debf e1f5c0ebfa2daa1998a3395c670ce1936defbfa777fcf1e881b3eed41473e3bc
CLIENT_TRAFFIC_SECRET_0 4d4624d76724d63e7daad4deb09ebc7289bcc948416d05ec9d0b42527ae2debf 90dc51bf5138dc6808364e74534924eeb8899c126c7d961806d80283f9ab082a
SERVER_HANDSHAKE_TRAFFIC_SECRET 7e8aae76ff365bf3bd2ba3d50057c414f618dfe5562b81da0213d51a7a6dbe45 8fb888a4cf402a73dd52ab4eba1f58781760589d0c0a887c8190029ef642ea80
CLIENT_HANDSHAKE_TRAFFIC_SECRET 7e8aae76ff365bf3bd2ba3d50057c414f618dfe5562b81da0213d51a7a6dbe45 7480bd0747745fba1da77df148cd83af508f418b3408d5b9645668f2d0430f45
SERVER_TRAFFIC_SECRET_0 7e8aae76ff365bf3bd2ba3d50057c414f618dfe5562b81da0213d51a7a6dbe45 b582557424f0d52dd18acf83acb77fa9cc9c7b5e86204ec92c5848b3e162d070
SERVER_HANDSHAKE_TRAFFIC_SECRET 7e8aae76ff365bf3bd2ba3d50057c414f618dfe5562b81da0213d51a7a6dbe45 8fb888a4cf402a73dd52ab4eba1f58781760589d0c0a887c8190029ef642ea80
CLIENT_HANDSHAKE_TRAFFIC_SECRET 7e8aae76ff365bf3bd2ba3d50057c414f618dfe5562b81da0213d51a7a6dbe45 7480bd0747745fba1da77df148cd83af508f418b3408d5b9645668f2d0430f45
SERVER_TRAFFIC_SECRET_0 7e8aae76ff365bf3bd2ba3d50057c414f618dfe5562b81da0213d51a7a6dbe45 b582557424f0d52dd18acf83acb77fa9cc9c7b5e86204ec92c5848b3e162d070
CLIENT_TRAFFIC_SECRET_0 7e8aae76ff365bf3bd2ba3d50057c414f618dfe5562b81da0213d51a7a6dbe45 2f15c16e1f0f38a2f0934784a8fc960b4851200bc585e1be6b100182a30826c8
SERVER_HANDSHAKE_TRAFFIC_SECRET b6653471840f8d177b6312d6eee523eaf0e2cc8435817dfe8f25cdce4edd5995 40eddff3f9bbd90bdc70ea6a1d0a26c77abd5763953701bb4f10594d84932f6e
CLIENT_HANDSHAKE_TRAFFIC_SECRET b6653471840f8d177b6312d6eee523eaf0e2cc8435817dfe8f25cdce4edd5995 feb3b7000380defcfcffdf1fc5f6faf72ea3767061e05aa77390bd5993f758c0
SERVER_TRAFFIC_SECRET_0 b6653471840f8d177b6312d6eee523eaf0e2cc8435817dfe8f25cdce4edd5995 fbe907c7fcfbd23cf8dd65ea657a9858dbf7fba6b2655d831704fafa26f3c03c
SERVER_HANDSHAKE_TRAFFIC_SECRET b6653471840f8d177b6312d6eee523eaf0e2cc8435817dfe8f25cdce4edd5995 40eddff3f9bbd90bdc70ea6a1d0a26c77abd5763953701bb4f10594d84932f6e
CLIENT_HANDSHAKE_TRAFFIC_SECRET b6653471840f8d177b6312d6eee523eaf0e2cc8435817dfe8f25cdce4edd5995 feb3b7000380defcfcffdf1fc5f6faf72ea3767061e05aa77390bd5993f758c0
SERVER_TRAFFIC_SECRET_0 b6653471840f8d177b6312d6eee523eaf0e2cc8435817dfe8f25cdce4edd5995 fbe907c7fcfbd23cf8dd65ea657a9858dbf7fba6b2655d831704fafa26f3c03c
CLIENT_TRAFFIC_SECRET_0 b6653471840f8d177b6312d6eee523eaf0e2cc8435817dfe8f25cdce4edd5995 ab0a8fe7e9d0392edc4b662b4e8a84726efe17d9647123b4b9e5b59d588f82b5
SERVER_HANDSHAKE_TRAFFIC_SECRET 28488b4b3754968a6478c92c3bbe3d0ed03b592849a88d1e0e09603e18625b6a 3a909673fbdace6a13027714ae76d593379f1b3c059c7248a28ed215015ead77
CLIENT_HANDSHAKE_TRAFFIC_SECRET 28488b4b3754968a6478c92c3bbe3d0ed03b592849a88d1e0e09603e18625b6a d6b63c5785942c8ec26492fafc5bca4d3227cd830cb7d61453b55a65e6ffe905
SERVER_TRAFFIC_SECRET_0 28488b4b3754968a6478c92c3bbe3d0ed03b592849a88d1e0e09603e18625b6a 8609860ef80413e2a3fabf1a56d856aeadc4bc3619eaefe5c8ef1a7e79b3fbef
SERVER_HANDSHAKE_TRAFFIC_SECRET 28488b4b3754968a6478c92c3bbe3d0ed03b592849a88d1e0e09603e18625b6a 3a909673fbdace6a13027714ae76d593379f1b3c059c7248a28ed215015ead77
CLIENT_HANDSHAKE_TRAFFIC_SECRET 28488b4b3754968a6478c92c3bbe3d0ed03b592849a88d1e0e09603e18625b6a d6b63c5785942c8ec26492fafc5bca4d3227cd830cb7d61453b55a65e6ffe905
SERVER_TRAFFIC_SECRET_0 28488b4b3754968a6478c92c3bbe3d0ed03b592849a88d1e0e09603e18625b6a 8609860ef80413e2a3fabf1a56d856aeadc4bc3619eaefe5c8ef1a7e79b3fbef
CLIENT_TRAFFIC_SECRET_0 28488b4b3754968a6478c92c3bbe3d0ed03b592849a88d1e0e09603e18625b6a 5f3acc66b9ffc64f3e20c9a5eaec4317ff197d8167ee8db033c57e2e61484f20
SERVER_HANDSHAKE_TRAFFIC_SECRET 0859ff8dd4b9d8a201d6660dd998a20f488e77b9c4ab4a511504850ec3cb6667 9e0e6bbb33d3a1249816a11054cbfc5faf6a5349e4bd005065b756094a7a2ed6
CLIENT_HANDSHAKE_TRAFFIC_SECRET 0859ff8dd4b9d8a201d6660dd998a20f488e77b9c4ab4a511504850ec3cb6667 6bf5e2f8df71488dfc2a63a68aea5b6d169e047e5a369eb28ccd6e3783f019ae
SERVER_TRAFFIC_SECRET_0 0859ff8dd4b9d8a201d6660dd998a20f488e77b9c4ab4a511504850ec3cb6667 8714e1da0c6fad86bd15b1c5a297d6593e76a449b4a9d7b2476c3295c5ed08de
SERVER_HANDSHAKE_TRAFFIC_SECRET 0859ff8dd4b9d8a201d6660dd998a20f488e77b9c4ab4a511504850ec3cb6667 9e0e6bbb33d3a1249816a11054cbfc5faf6a5349e4bd005065b756094a7a2ed6
CLIENT_HANDSHAKE_TRAFFIC_SECRET 0859ff8dd4b9d8a201d6660dd998a20f488e77b9c4ab4a511504850ec3cb6667 6bf5e2f8df71488dfc2a63a68aea5b6d169e047e5a369eb28ccd6e3783f019ae
SERVER_TRAFFIC_SECRET_0 0859ff8dd4b9d8a201d6660dd998a20f488e77b9c4ab4a511504850ec3cb6667 8714e1da0c6fad86bd15b1c5a297d6593e76a449b4a9d7b2476c3295c5ed08de
CLIENT_TRAFFIC_SECRET_0 0859ff8dd4b9d8a201d6660dd998a20f488e77b9c4ab4a511504850ec3cb6667 b00facf1eb778b27344485c5a77ceaa67bed1d89fed58287e30f0c80313f7fed
SERVER_HANDSHAKE_TRAFFIC_SECRET 47cbda144c1b68d4d71b94862287a1a22e6e5a54c5ec0aeefcba55f3cc993a6b 4fa872359aace8818fa905029e5d4f53cc3e96793fc5260054834101f5401961
CLIENT_HANDSHAKE_TRAFFIC_SECRET 47cbda144c1b68d4d71b94862287a1a22e6e5a54c5ec0aeefcba55f3cc993a6b ba8021a61d40696fa2b73e75d210e96ada133b575c7893631ab9e7416d13291e
SERVER_TRAFFIC_SECRET_0 47cbda144c1b68d4d71b94862287a1a22e6e5a54c5ec0aeefcba55f3cc993a6b 55a740edf7b600dd76758f2b287f87f55953d5ad436e62572c21604ddae48293
SERVER_HANDSHAKE_TRAFFIC_SECRET 47cbda144c1b68d4d71b94862287a1a22e6e5a54c5ec0aeefcba55f3cc993a6b 4fa872359aace8818fa905029e5d4f53cc3e96793fc5260054834101f5401961
CLIENT_HANDSHAKE_TRAFFIC_SECRET 47cbda144c1b68d4d71b94862287a1a22e6e5a54c5ec0aeefcba55f3cc993a6b ba8021a61d40696fa2b73e75d210e96ada133b575c7893631ab9e7416d13291e
SERVER_TRAFFIC_SECRET_0 47cbda144c1b68d4d71b94862287a1a22e6e5a54c5ec0aeefcba55f3cc993a6b 55a740edf7b600dd76758f2b287f87f55953d5ad436e62572c21604ddae48293
CLIENT_TRAFFIC_SECRET_0 47cbda144c1b68d4d71b94862287a1a22e6e5a54c5ec0aeefcba55f3cc993a6b bcb5eee7e8a8faa1116624c5cfff32e9f0e0a46c7721b412bb8ab1adc249254f
SERVER_HANDSHAKE_TRAFFIC_SECRET 724db1b12a797c1ab7b1d97669dd7332f7135c6fc95011675c62f03d42b77350 04376507c7805925c975a8bb0d0be99acfcbfde2c9a19030061fdaa0c0e3f387
CLIENT_HANDSHAKE_TRAFFIC_SECRET 724db1b12a797c1ab7b1d97669dd7332f7135c6fc95011675c62f03d42b77350 3bbe647d4f14da052a55fa571408a7d26947370182825b9d55fde281e61794e5
SERVER_TRAFFIC_SECRET_0 724db1b12a797c1ab7b1d97669dd7332f7135c6fc95011675c62f03d42b77350 2374c045359909db88921e9c9d912bfca690a8124ec792160704301f61e5e171
SERVER_HANDSHAKE_TRAFFIC_SECRET 724db1b12a797c1ab7b1d97669dd7332f7135c6fc95011675c62f03d42b77350 04376507c7805925c975a8bb0d0be99acfcbfde2c9a19030061fdaa0c0e3f387
CLIENT_HANDSHAKE_TRAFFIC_SECRET 724db1b12a797c1ab7b1d97669dd7332f7135c6fc95011675c62f03d42b77350 3bbe647d4f14da052a55fa571408a7d26947370182825b9d55fde281e61794e5
SERVER_TRAFFIC_SECRET_0 724db1b12a797c1ab7b1d97669dd7332f7135c6fc95011675c62f03d42b77350 2374c045359909db88921e9c9d912bfca690a8124ec792160704301f61e5e171
CLIENT_TRAFFIC_SECRET_0 724db1b12a797c1ab7b1d97669dd7332f7135c6fc95011675c62f03d42b77350 86557da6a0ab5d2e026fcfb84bf75afa60726699d8e3cc0104b3936247896e67
SERVER_HANDSHAKE_TRAFFIC_SECRET 7e288da5bdc278bafaf679d4a1ed2e15128348082e5ef77f43ba31c2a05f7867 d4be0a9dd91ca2f9940d23d616ef78a11cd47f782b7dd85b70d9da65c8feb793
CLIENT_HANDSHAKE_TRAFFIC_SECRET 7e288da5bdc278bafaf679d4a1ed2e15128348082e5ef77f43ba31c2a05f7867 6df0f0a7c219a771cc0553cad8a01f7057b1b63744f50e5629d0a2968cb7289e
SERVER_TRAFFIC_SECRET_0 7e288da5bdc278bafaf679d4a1ed2e15128348082e5ef77f43ba31c2a05f7867 5fc86fd150075022831abd5c6117a7cc2faad4df7f023a496b28006ef90b3723
SERVER_HANDSHAKE_TRAFFIC_SECRET 7e288da5bdc278bafaf679d4a1ed2e15128348082e5ef77f43ba31c2a05f7867 d4be0a9dd91ca2f9940d23d616ef78a11cd47f782b7dd85b70d9da65c8feb793
CLIENT_HANDSHAKE_TRAFFIC_SECRET 7e288da5bdc278bafaf679d4a1ed2e15128348082e5ef77f43ba31c2a05f7867 6df0f0a7c219a771cc0553cad8a01f7057b1b63744f50e5629d0a2968cb7289e
SERVER_TRAFFIC_SECRET_0 7e288da5bdc278bafaf679d4a1ed2e15128348082e5ef77f43ba31c2a05f7867 5fc86fd150075022831abd5c6117a7cc2faad4df7f023a496b28006ef90b3723
CLIENT_TRAFFIC_SECRET_0 7e288da5bdc278bafaf679d4a1ed2e15128348082e5ef77f43ba31c2a05f7867 ce23ace56240e4d53477a1c68e6cb4df624990746b6d76c25144ad1c5e7cdade
SERVER_HANDSHAKE_TRAFFIC_SECRET 80840f0363c2d7bcad1795ab93a4e75f6289cbbb87038e4b571cc1309f38c901 f4f1f0e96907e28f3bf1dc27be6fb0c13c01060ff917dfb52e027079955566e6
CLIENT_HANDSHAKE_TRAFFIC_SECRET 80840f0363c2d7bcad1795ab93a4e75f6289cbbb87038e4b571cc1309f38c901 1951d1ccb9ce39bbf2e5141810175378c6587b7f097313887b42ca63fbb5afd0
SERVER_TRAFFIC_SECRET_0 80840f0363c2d7bcad1795ab93a4e75f6289cbbb87038e4b571cc1309f38c901 3f9667097e4bb43f523472d159cb8d888cbd672796cb2f312cbebb0a865a58d4
SERVER_HANDSHAKE_TRAFFIC_SECRET 80840f0363c2d7bcad1795ab93a4e75f6289cbbb87038e4b571cc1309f38c901 f4f1f0e96907e28f3bf1dc27be6fb0c13c01060ff917dfb52e027079955566e6
CLIENT_HANDSHAKE_TRAFFIC_SECRET 80840f0363c2d7bcad1795ab93a4e75f6289cbbb87038e4b571cc1309f38c901 1951d1ccb9ce39bbf2e5141810175378c6587b7f097313887b42ca63fbb5afd0
SERVER_TRAFFIC_SECRET_0 80840f0363c2d7bcad1795ab93a4e75f6289cbbb87038e4b571cc1309f38c901 3f9667097e4bb43f523472d159cb8d888cbd672796cb2f312cbebb0a865a58d4
CLIENT_TRAFFIC_SECRET_0 80840f0363c2d7bcad1795ab93a4e75f6289cbbb87038e4b571cc1309f38c901 2bfaa337f7a037cff40954b0d44a760a45329911af4423f307284844c4e5c843
SERVER_HANDSHAKE_TRAFFIC_SECRET 14b156f894e9c2975f65eef78f9d61c97a8a61869584f9ec154cc0f813bdbbf8 ffc2841aa4df8ed584096091574a85636c4ec89c5acc0053390ef561a1834a16
CLIENT_HANDSHAKE_TRAFFIC_SECRET 14b156f894e9c2975f65eef78f9d61c97a8a61869584f9ec154cc0f813bdbbf8 cda8a786ea991f75b40efaa111f763416a1561230384d48b0477de6dd77922d9
SERVER_TRAFFIC_SECRET_0 14b156f894e9c2975f65eef78f9d61c97a8a61869584f9ec154cc0f813bdbbf8 9cd88900ead0b35e747ee1336d437eee88f14637506fe2f4cfe01e36debe5675
SERVER_HANDSHAKE_TRAFFIC_SECRET 14b156f894e9c2975f65eef78f9d61c97a8a61869584f9ec154cc0f813bdbbf8 ffc2841aa4df8ed584096091574a85636c4ec89c5acc0053390ef561a1834a16
CLIENT_HANDSHAKE_TRAFFIC_SECRET 14b156f894e9c2975f65eef78f9d61c97a8a61869584f9ec154cc0f813bdbbf8 cda8a786ea991f75b40efaa111f763416a1561230384d48b0477de6dd77922d9
SERVER_TRAFFIC_SECRET_0 14b156f894e9c2975f65eef78f9d61c97a8a61869584f9ec154cc0f813bdbbf8 9cd88900ead0b35e747ee1336d437eee88f14637506fe2f4cfe01e36debe5675
CLIENT_TRAFFIC_SECRET_0 14b156f894e9c2975f65eef78f9d61c97a8a61869584f9ec154cc0f813bdbbf8 f99af577be7d2d8bf97783d60aeadef03bc9c148bdb8770eb55968a552256cdc
SERVER_HANDSHAKE_TRAFFIC_SECRET 6d468adac4336b4669388eae1b9b236229a93ac20a6a6673e2bfa062ad1f4b61 3f8f7f80ef02bd1f7ca7eba86c8d31df30f74be76be5c1297ab484879d7a0cb9
CLIENT_HANDSHAKE_TRAFFIC_SECRET 6d468adac4336b4669388eae1b9b236229a93ac20a6a6673e2bfa062ad1f4b61 4ab39f736c110bdec846262948e8b7e8547900b370a8c7e6df512be65535965e
SERVER_TRAFFIC_SECRET_0 6d468adac4336b4669388eae1b9b236229a93ac20a6a6673e2bfa062ad1f4b61 ec458cb6b70ca0623d4f93da37c9c6acbb90cff6ec1976237dc59b6716278c13
SERVER_HANDSHAKE_TRAFFIC_SECRET 6d468adac4336b4669388eae1b9b236229a93ac20a6a6673e2bfa062ad1f4b61 3f8f7f80ef02bd1f7ca7eba86c8d31df30f74be76be5c1297ab484879d7a0cb9
CLIENT_HANDSHAKE_TRAFFIC_SECRET 6d468adac4336b4669388eae1b9b236229a93ac20a6a6673e2bfa062ad1f4b61 4ab39f736c110bdec846262948e8b7e8547900b370a8c7e6df512be65535965e
SERVER_TRAFFIC_SECRET_0 6d468adac4336b4669388eae1b9b236229a93ac20a6a6673e2bfa062ad1f4b61 ec458cb6b70ca0623d4f93da37c9c6acbb90cff6ec1976237dc59b6716278c13
CLIENT_TRAFFIC_SECRET_0 6d468adac4336b4669388eae1b9b236229a93ac20a6a6673e2bfa062ad1f4b61 271d69691e04561b1d89b55c9a7c72b57703e4159970a12181db2bded711947e
SERVER_HANDSHAKE_TRAFFIC_SECRET d5ab1165137b222072a811d673cfbfeba36686e1769fba7ce91b44c8ad408373 eb15c0638fce36dc59a5358b53b64847ac85c0a9b84fa4df8ff38f6a585993aa
CLIENT_HANDSHAKE_TRAFFIC_SECRET d5ab1165137b222072a811d673cfbfeba36686e1769fba7ce91b44c8ad408373 79c89b2521cc30a38a2f0e4799b7d2118bc99e6eed8649ce9977818ea9f6100c
SERVER_TRAFFIC_SECRET_0 d5ab1165137b222072a811d673cfbfeba36686e1769fba7ce91b44c8ad408373 dabadfd45ac364b4141826354fa108d0623d2b1736b10f6cd872133cdac748c9
SERVER_HANDSHAKE_TRAFFIC_SECRET d5ab1165137b222072a811d673cfbfeba36686e1769fba7ce91b44c8ad408373 eb15c0638fce36dc59a5358b53b64847ac85c0a9b84fa4df8ff38f6a585993aa
CLIENT_HANDSHAKE_TRAFFIC_SECRET d5ab1165137b222072a811d673cfbfeba36686e1769fba7ce91b44c8ad408373 79c89b2521cc30a38a2f0e4799b7d2118bc99e6eed8649ce9977818ea9f6100c
SERVER_TRAFFIC_SECRET_0 d5ab1165137b222072a811d673cfbfeba36686e1769fba7ce91b44c8ad408373 dabadfd45ac364b4141826354fa108d0623d2b1736b10f6cd872133cdac748c9
CLIENT_TRAFFIC_SECRET_0 d5ab1165137b222072a811d673cfbfeba36686e1769fba7ce91b44c8ad408373 8e740e8b9127e0c4f9411a4be90cae1ae57dd719b3dd0132e1e6b47d3c866340
SERVER_HANDSHAKE_TRAFFIC_SECRET 4dccf5581a42946686ae5d3b0a029b937457a325730b546f124c5e280e0774e3 65134e2e88d83016393912f4e3d28150aca89450770dc249160ba3c192c1db18
CLIENT_HANDSHAKE_TRAFFIC_SECRET 4dccf5581a42946686ae5d3b0a029b937457a325730b546f124c5e280e0774e3 f6ec7e3e08b2f5bb9d030772bc29f10af29b3589f30e6a44a609603d8c19fef5
SERVER_TRAFFIC_SECRET_0 4dccf5581a42946686ae5d3b0a029b937457a325730b546f124c5e280e0774e3 9267a2f7312a0a4b92b4ebb4f8f9df33159872d74a796628b9006150c4e18b9e
SERVER_HANDSHAKE_TRAFFIC_SECRET 4dccf5581a42946686ae5d3b0a029b937457a325730b546f124c5e280e0774e3 65134e2e88d83016393912f4e3d28150aca89450770dc249160ba3c192c1db18
CLIENT_HANDSHAKE_TRAFFIC_SECRET 4dccf5581a42946686ae5d3b0a029b937457a325730b546f124c5e280e0774e3 f6ec7e3e08b2f5bb9d030772bc29f10af29b3589f30e6a44a609603d8c19fef5
SERVER_TRAFFIC_SECRET_0 4dccf5581a42946686ae5d3b0a029b937457a325730b546f124c5e280e0774e3 9267a2f7312a0a4b92b4ebb4f8f9df33159872d74a796628b9006150c4e18b9e
CLIENT_TRAFFIC_SECRET_0 4dccf5581a42946686ae5d3b0a029b937457a325730b546f124c5e280e0774e3 4b1db1c115c3d74f7fab60222fe6bed3ad4dc1c28f9e323b4479bbcac572cf8c
SERVER_HANDSHAKE_TRAFFIC_SECRET 0dcc2e3892f5c4b166b5d64c3d1abb3b675c1da2c787c2921460b4bb30bcd12b 7e18ffc887b45e8633501a836399aeb6213c84069cdd0f2bd69b91284ffa9708
CLIENT_HANDSHAKE_TRAFFIC_SECRET 0dcc2e3892f5c4b166b5d64c3d1abb3b675c1da2c787c2921460b4bb30bcd12b ef6f68eda448ef9c810ab06cb6b0de5516c7667b0f244dd6124e3ced6e40b199
SERVER_TRAFFIC_SECRET_0 0dcc2e3892f5c4b166b5d64c3d1abb3b675c1da2c787c2921460b4bb30bcd12b 4dba8b0938c1db4d9080ba5067c5da82c8f36750db384dcbaa565901cca298f2
SERVER_HANDSHAKE_TRAFFIC_SECRET 0dcc2e3892f5c4b166b5d64c3d1abb3b675c1da2c787c2921460b4bb30bcd12b 7e18ffc887b45e8633501a836399aeb6213c84069cdd0f2bd69b91284ffa9708
CLIENT_HANDSHAKE_TRAFFIC_SECRET 0dcc2e3892f5c4b166b5d64c3d1abb3b675c1da2c787c2921460b4bb30bcd12b ef6f68eda448ef9c810ab06cb6b0de5516c7667b0f244dd6124e3ced6e40b199
SERVER_TRAFFIC_SECRET_0 0dcc2e3892f5c4b166b5d64c3d1abb3b675c1da2c787c2921460b4bb30bcd12b 4dba8b0938c1db4d9080ba5067c5da82c8f36750db384dcbaa565901cca298f2
CLIENT_TRAFFIC_SECRET_0 0dcc2e3892f5c4b166b5d64c3d1abb3b675c1da2c787c2921460b4bb30bcd12b cdd12942a267385287d79fb48c73d45b7c90d3ad68f832fdcc4efdf635b81f6e
SERVER_HANDSHAKE_TRAFFIC_SECRET caa179867408176c937e5918eb50cb8d8bef9a69528599896af46e423eb36128 63d31a7bc0f8b62e3b02749215c93daf8809bc0bdf28ab6fe6c8c80b7a8572df
CLIENT_HANDSHAKE_TRAFFIC_SECRET caa179867408176c937e5918eb50cb8d8bef9a69528599896af46e423eb36128 e27dfe0f1321ad6a4cdbe61833196eceb88175f6d12275781e2826ea75c296a0
SERVER_TRAFFIC_SECRET_0 caa179867408176c937e5918eb50cb8d8bef9a69528599896af46e423eb36128 18872156d2fcf99bdb3b6c099f297e3cdf17bf215656033aeae648262d907c1d
SERVER_HANDSHAKE_TRAFFIC_SECRET caa179867408176c937e5918eb50cb8d8bef9a69528599896af46e423eb36128 63d31a7bc0f8b62e3b02749215c93daf8809bc0bdf28ab6fe6c8c80b7a8572df
CLIENT_HANDSHAKE_TRAFFIC_SECRET caa179867408176c937e5918eb50cb8d8bef9a69528599896af46e423eb36128 e27dfe0f1321ad6a4cdbe61833196eceb88175f6d12275781e2826ea75c296a0
SERVER_TRAFFIC_SECRET_0 caa179867408176c937e5918eb50cb8d8bef9a69528599896af46e423eb36128 18872156d2fcf99bdb3b6c099f297e3cdf17bf215656033aeae648262d907c1d
CLIENT_TRAFFIC_SECRET_0 caa179867408176c937e5918eb50cb8d8bef9a69528599896af46e423eb36128 f12a381071cb0b2a2694889c04fd035c7b59f052d30c33d3b6afb2ccf4748c00
SERVER_HANDSHAKE_TRAFFIC_SECRET 08d2cfdd38d42a70137ce5ffb350dccda1dc47c319e29b74c2139ca9159bc714 2d8ed049470089d39bb3432afbbb043c439edc82d9eb63cfd6d5f74cdf03549f
CLIENT_HANDSHAKE_TRAFFIC_SECRET 08d2cfdd38d42a70137ce5ffb350dccda1dc47c319e29b74c2139ca9159bc714 8327a067be05a9c719d96089eee7757932c2bcc76be18f2045a4d3895b63d6e5
SERVER_TRAFFIC_SECRET_0 08d2cfdd38d42a70137ce5ffb350dccda1dc47c319e29b74c2139ca9159bc714 79a43c8dd0da466cbcf5f1cda1a38b0e2319947a2179f8e3ba0304742856bc83
SERVER_HANDSHAKE_TRAFFIC_SECRET 08d2cfdd38d42a70137ce5ffb350dccda1dc47c319e29b74c2139ca9159bc714 2d8ed049470089d39bb3432afbbb043c439edc82d9eb63cfd6d5f74cdf03549f
CLIENT_HANDSHAKE_TRAFFIC_SECRET 08d2cfdd38d42a70137ce5ffb350dccda1dc47c319e29b74c2139ca9159bc714 8327a067be05a9c719d96089eee7757932c2bcc76be18f2045a4d3895b63d6e5
SERVER_TRAFFIC_SECRET_0 08d2cfdd38d42a70137ce5ffb350dccda1dc47c319e29b74c2139ca9159bc714 79a43c8dd0da466cbcf5f1cda1a38b0e2319947a2179f8e3ba0304742856bc83
CLIENT_TRAFFIC_SECRET_0 08d2cfdd38d42a70137ce5ffb350dccda1dc47c319e29b74c2139ca9159bc714 c6678ba702f51e1f1876e54c2a0769248c7bf746e2808593750540ec6ae143a4
SERVER_HANDSHAKE_TRAFFIC_SECRET ae8871a8d607be46a31d5cc86ea82d65e20d8fdfefb90e07ddf33b5c875e09ee 1dacf34c12dd9d02443a13770eb7614437f4182c2c4f14d94346b645c2c11ff8
CLIENT_HANDSHAKE_TRAFFIC_SECRET ae8871a8d607be46a31d5cc86ea82d65e20d8fdfefb90e07ddf33b5c875e09ee 1cd69990286cb13ca53a3180be22e47f82aa8b79a09dc499b62a0fee7135c43c
SERVER_TRAFFIC_SECRET_0 ae8871a8d607be46a31d5cc86ea82d65e20d8fdfefb90e07ddf33b5c875e09ee 330f71c79d8ee2806212880f3f7590ce8c5f77a81af6fe6e017fc86bd9c12f82
SERVER_HANDSHAKE_TRAFFIC_SECRET ae8871a8d607be46a31d5cc86ea82d65e20d8fdfefb90e07ddf33b5c875e09ee 1dacf34c12dd9d02443a13770eb7614437f4182c2c4f14d94346b645c2c11ff8
CLIENT_HANDSHAKE_TRAFFIC_SECRET ae8871a8d607be46a31d5cc86ea82d65e20d8fdfefb90e07ddf33b5c875e09ee 1cd69990286cb13ca53a3180be22e47f82aa8b79a09dc499b62a0fee7135c43c
SERVER_TRAFFIC_SECRET_0 ae8871a8d607be46a31d5cc86ea82d65e20d8fdfefb90e07ddf33b5c875e09ee 330f71c79d8ee2806212880f3f7590ce8c5f77a81af6fe6e017fc86bd9c12f82
CLIENT_TRAFFIC_SECRET_0 ae8871a8d607be46a31d5cc86ea82d65e20d8fdfefb90e07ddf33b5c875e09ee 20a29fd996e9cf38038dbaafb3fe9d1f3b134575400d477d6df1bd155f9a5c68
SERVER_HANDSHAKE_TRAFFIC_SECRET f7ed62f53fe7f88b1bd3a7391b3a544709bfb376f3cc92a0943b4322b843f1df 883ed9ca969b6b89b3cc1342d0672b8eb5f1d0b6be21e39f88c27625c6641ba6
CLIENT_HANDSHAKE_TRAFFIC_SECRET f7ed62f53fe7f88b1bd3a7391b3a544709bfb376f3cc92a0943b4322b843f1df 48c47496ff17e1b3e53dba18a8660221d4b3f93b0cc44b66943300030cb0689c
SERVER_TRAFFIC_SECRET_0 f7ed62f53fe7f88b1bd3a7391b3a544709bfb376f3cc92a0943b4322b843f1df 61e2e29450b953e954ee8983816a0e5c21714838f346443aa2eee1b8b8097a22
SERVER_HANDSHAKE_TRAFFIC_SECRET f7ed62f53fe7f88b1bd3a7391b3a544709bfb376f3cc92a0943b4322b843f1df 883ed9ca969b6b89b3cc1342d0672b8eb5f1d0b6be21e39f88c27625c6641ba6
CLIENT_HANDSHAKE_TRAFFIC_SECRET f7ed62f53fe7f88b1bd3a7391b3a544709bfb376f3cc92a0943b4322b843f1df 48c47496ff17e1b3e53dba18a8660221d4b3f93b0cc44b66943300030cb0689c
SERVER_TRAFFIC_SECRET_0 f7ed62f53fe7f88b1bd3a7391b3a544709bfb376f3cc92a0943b4322b843f1df 61e2e29450b953e954ee8983816a0e5c21714838f346443aa2eee1b8b8097a22
CLIENT_TRAFFIC_SECRET_0 f7ed62f53fe7f88b1bd3a7391b3a544709bfb376f3cc92a0943b4322b843f1df 7b802b2ecd78a1ff353e6844b53fe0387bb569e6d0a910d3864c33ea1051df0b
SERVER_HANDSHAKE_TRAFFIC_SECRET 258d767e9150a8d06d03d1d86a516a21e4b92941b01c5298f16d68c9753dc274 ef992ab9841624401b45a8d81fcdad2cb0f298e10d513435e8ba3ce4ec8b873a
CLIENT_HANDSHAKE_TRAFFIC_SECRET 258d767e9150a8d06d03d1d86a516a21e4b92941b01c5298f16d68c9753dc274 d3c94a8c7a0512a61f415803c46fbc4907074d3f8e58f8a67ab09b9fc554d1ae
SERVER_TRAFFIC_SECRET_0 258d767e9150a8d06d03d1d86a516a21e4b92941b01c5298f16d68c9753dc274 08ae864d0d27ff288d3fa2c0b808704a1992c858df07e55b6c7018f71c21b07a
SERVER_HANDSHAKE_TRAFFIC_SECRET 258d767e9150a8d06d03d1d86a516a21e4b92941b01c5298f16d68c9753dc274 ef992ab9841624401b45a8d81fcdad2cb0f298e10d513435e8ba3ce4ec8b873a
CLIENT_HANDSHAKE_TRAFFIC_SECRET 258d767e9150a8d06d03d1d86a516a21e4b92941b01c5298f16d68c9753dc274 d3c94a8c7a0512a61f415803c46fbc4907074d3f8e58f8a67ab09b9fc554d1ae
SERVER_TRAFFIC_SECRET_0 258d767e9150a8d06d03d1d86a516a21e4b92941b01c5298f16d68c9753dc274 08ae864d0d27ff288d3fa2c0b808704a1992c858df07e55b6c7018f71c21b07a
CLIENT_TRAFFIC_SECRET_0 258d767e9150a8d06d03d1d86a516a21e4b92941b01c5298f16d68c9753dc274 5f82d01da678adce9b6d7624109464aac6288aeabac7450c6b37e4750f53dada
SERVER_HANDSHAKE_TRAFFIC_SECRET 2553165c9d47161fa5e0d49ccf801ae08b5d19858d3eb443f496202428951a90 a5232d5b0a5ca22c9eb81be40e6f2ba456f1df4ecf5c5f183d2a175dff9dcd4f
CLIENT_HANDSHAKE_TRAFFIC_SECRET 2553165c9d47161fa5e0d49ccf801ae08b5d19858d3eb443f496202428951a90 b0b35050979c7ddfe3134d36c3314f7c0e31cac745a625bc04eb204249864501
SERVER_TRAFFIC_SECRET_0 2553165c9d47161fa5e0d49ccf801ae08b5d19858d3eb443f496202428951a90 9d55b02331c43051e5b1cc959fa141f1b46ec74894325552ffe68dc1758f9ef5
SERVER_HANDSHAKE_TRAFFIC_SECRET 2553165c9d47161fa5e0d49ccf801ae08b5d19858d3eb443f496202428951a90 a5232d5b0a5ca22c9eb81be40e6f2ba456f1df4ecf5c5f183d2a175dff9dcd4f
CLIENT_HANDSHAKE_TRAFFIC_SECRET 2553165c9d47161fa5e0d49ccf801ae08b5d19858d3eb443f496202428951a90 b0b35050979c7ddfe3134d36c3314f7c0e31cac745a625bc04eb204249864501
SERVER_TRAFFIC_SECRET_0 2553165c9d47161fa5e0d49ccf801ae08b5d19858d3eb443f496202428951a90 9d55b02331c43051e5b1cc959fa141f1b46ec74894325552ffe68dc1758f9ef5
CLIENT_TRAFFIC_SECRET_0 2553165c9d47161fa5e0d49ccf801ae08b5d19858d3eb443f496202428951a90 c32a372f031e38d46b87d99171383854382a1460e2f35f6274bcae7d6ce72675
SERVER_HANDSHAKE_TRAFFIC_SECRET c555ba96ebc9d21eed55cdde993d0775e5e1228e5a1f1be90358cd736adb146c 86f626bcf4b021531ca9f44d9469528bb3d5416f16974917b8c47c6a960794ce
CLIENT_HANDSHAKE_TRAFFIC_SECRET c555ba96ebc9d21eed55cdde993d0775e5e1228e5a1f1be90358cd736adb146c 6bc674d53ec230a673256f79e5a0c4aef90c5c058a28de0ca2377c9467ce7bc5
SERVER_TRAFFIC_SECRET_0 c555ba96ebc9d21eed55cdde993d0775e5e1228e5a1f1be90358cd736adb146c ed27c0bbebdfaf9128d1f8efb2c518a84f942fe5b6cd0dd23e84d31cea8d6787
SERVER_HANDSHAKE_TRAFFIC_SECRET c555ba96ebc9d21eed55cdde993d0775e5e1228e5a1f1be90358cd736adb146c 86f626bcf4b021531ca9f44d9469528bb3d5416f16974917b8c47c6a960794ce
CLIENT_HANDSHAKE_TRAFFIC_SECRET c555ba96ebc9d21eed55cdde993d0775e5e1228e5a1f1be90358cd736adb146c 6bc674d53ec230a673256f79e5a0c4aef90c5c058a28de0ca2377c9467ce7bc5
SERVER_TRAFFIC_SECRET_0 c555ba96ebc9d21eed55cdde993d0775e5e1228e5a1f1be90358cd736adb146c ed27c0bbebdfaf9128d1f8efb2c518a84f942fe5b6cd0dd23e84d31cea8d6787
CLIENT_TRAFFIC_SECRET_0 c555ba96ebc9d21eed55cdde993d0775e5e1228e5a1f1be90358cd736adb146c 678c44b1ed7bd6c36f6f2307e39e357bb5d2a7ab08439ecbb5fccf1b68cc9fde
SERVER_HANDSHAKE_TRAFFIC_SECRET bb62397aa0b979d89abdd7ba781769ab8dfabef896b5d8caa5e85ae21a2f637a f3eabe5d43c288c2d5ec58a56a72a32c5ebd80ab598f86923bd185f70adb49d6
CLIENT_HANDSHAKE_TRAFFIC_SECRET bb62397aa0b979d89abdd7ba781769ab8dfabef896b5d8caa5e85ae21a2f637a ce35e13cfa0a463ba46cc6c2d226d4e52c3d7438dca90b1bd8fa9222d75ec7be
SERVER_TRAFFIC_SECRET_0 bb62397aa0b979d89abdd7ba781769ab8dfabef896b5d8caa5e85ae21a2f637a 0c42b5bf21e02228abea18d59cd36786ac20a4233ea3f1a2f16fd7deda7b2b28
SERVER_HANDSHAKE_TRAFFIC_SECRET bb62397aa0b979d89abdd7ba781769ab8dfabef896b5d8caa5e85ae21a2f637a f3eabe5d43c288c2d5ec58a56a72a32c5ebd80ab598f86923bd185f70adb49d6
CLIENT_HANDSHAKE_TRAFFIC_SECRET bb62397aa0b979d89abdd7ba781769ab8dfabef896b5d8caa5e85ae21a2f637a ce35e13cfa0a463ba46cc6c2d226d4e52c3d7438dca90b1bd8fa9222d75ec7be
SERVER_TRAFFIC_SECRET_0 bb62397aa0b979d89abdd7ba781769ab8dfabef896b5d8caa5e85ae21a2f637a 0c42b5bf21e02228abea18d59cd36786ac20a4233ea3f1a2f16fd7deda7b2b28
CLIENT_TRAFFIC_SECRET_0 bb62397aa0b979d89abdd7ba781769ab8dfabef896b5d8caa5e85ae21a2f637a 446b1de7bad73acddb99e344ea4145d5587856fbc5537e9b87f9b03e6234c464
SERVER_HANDSHAKE_TRAFFIC_SECRET ee2c11c9fe7b4e61e3c72f11785b87eee48c7c6ac985423ac0f6177b8c6520c8 2f0870015f916b5374638c68c42b38f928866b95704f59d51e1017795f6a81a1
CLIENT_HANDSHAKE_TRAFFIC_SECRET ee2c11c9fe7b4e61e3c72f11785b87eee48c7c6ac985423ac0f6177b8c6520c8 1735bfe34b16953762dbdc67173696e2435daba53cfe5a624a4c3f318a0b3e91
SERVER_TRAFFIC_SECRET_0 ee2c11c9fe7b4e61e3c72f11785b87eee48c7c6ac985423ac0f6177b8c6520c8 12b4a25a1cc5f07c234c02114990f25dcad34382f334e868bcd5e3d6f5e33915
SERVER_HANDSHAKE_TRAFFIC_SECRET ee2c11c9fe7b4e61e3c72f11785b87eee48c7c6ac985423ac0f6177b8c6520c8 2f0870015f916b5374638c68c42b38f928866b95704f59d51e1017795f6a81a1
CLIENT_HANDSHAKE_TRAFFIC_SECRET ee2c11c9fe7b4e61e3c72f11785b87eee48c7c6ac985423ac0f6177b8c6520c8 1735bfe34b16953762dbdc67173696e2435daba53cfe5a624a4c3f318a0b3e91
SERVER_TRAFFIC_SECRET_0 ee2c11c9fe7b4e61e3c72f11785b87eee48c7c6ac985423ac0f6177b8c6520c8 12b4a25a1cc5f07c234c02114990f25dcad34382f334e868bcd5e3d6f5e33915
CLIENT_TRAFFIC_SECRET_0 ee2c11c9fe7b4e61e3c72f11785b87eee48c7c6ac985423ac0f6177b8c6520c8 b97e5f4d103d7690af6b944251c8389f7fc7d8fb96472926d7e4798a76c8f16e
SERVER_HANDSHAKE_TRAFFIC_SECRET f551f1259bab9d983653a2fa0749e3baea36d469957f48f17c6ed483283cfd5a d9249a3c6947eabf33a5999a409f376c221a9cb4f5705448d2d1260a377b9cf5
CLIENT_HANDSHAKE_TRAFFIC_SECRET f551f1259bab9d983653a2fa0749e3baea36d469957f48f17c6ed483283cfd5a 8d104d627895bdbdf9d4424e3803ebc03320649d5bf5d638e686d34edef496fb
SERVER_TRAFFIC_SECRET_0 f551f1259bab9d983653a2fa0749e3baea36d469957f48f17c6ed483283cfd5a 67daabe6b0a50aa2aa99ae651f0867be40d9337214eaf16bb581256220002ec5
SERVER_HANDSHAKE_TRAFFIC_SECRET f551f1259bab9d983653a2fa0749e3baea36d469957f48f17c6ed483283cfd5a d9249a3c6947eabf33a5999a409f376c221a9cb4f5705448d2d1260a377b9cf5
CLIENT_HANDSHAKE_TRAFFIC_SECRET f551f1259bab9d983653a2fa0749e3baea36d469957f48f17c6ed483283cfd5a 8d104d627895bdbdf9d4424e3803ebc03320649d5bf5d638e686d34edef496fb
SERVER_TRAFFIC_SECRET_0 f551f1259bab9d983653a2fa0749e3baea36d469957f48f17c6ed483283cfd5a 67daabe6b0a50aa2aa99ae651f0867be40d9337214eaf16bb581256220002ec5
CLIENT_TRAFFIC_SECRET_0 f551f1259bab9d983653a2fa0749e3baea36d469957f48f17c6ed483283cfd5a 237cbfb4e6aa4ba085c007bd46b29a54ea85e1129ed9bd9ee2e7160c6d2e4a99
SERVER_HANDSHAKE_TRAFFIC_SECRET cd2300ebb399c239216e0624da1af875d0d005ed79eeed1a5c7a96398b650d57 afcb45312275927ac6ce9109f419e2dd4eb0c29ea60b08a208aa048f995e6fb7
CLIENT_HANDSHAKE_TRAFFIC_SECRET cd2300ebb399c239216e0624da1af875d0d005ed79eeed1a5c7a96398b650d57 13547c8202a811a866bde2a098d6b204853130be1ed9721ded604dd62e2db640
SERVER_TRAFFIC_SECRET_0 cd2300ebb399c239216e0624da1af875d0d005ed79eeed1a5c7a96398b650d57 560e9b127ca9fffd94824cca4d815d8494cef8dca189f79dcec6712e737d19ce
SERVER_HANDSHAKE_TRAFFIC_SECRET cd2300ebb399c239216e0624da1af875d0d005ed79eeed1a5c7a96398b650d57 afcb45312275927ac6ce9109f419e2dd4eb0c29ea60b08a208aa048f995e6fb7
CLIENT_HANDSHAKE_TRAFFIC_SECRET cd2300ebb399c239216e0624da1af875d0d005ed79eeed1a5c7a96398b650d57 13547c8202a811a866bde2a098d6b204853130be1ed9721ded604dd62e2db640
SERVER_TRAFFIC_SECRET_0 cd2300ebb399c239216e0624da1af875d0d005ed79eeed1a5c7a96398b650d57 560e9b127ca9fffd94824cca4d815d8494cef8dca189f79dcec6712e737d19ce
CLIENT_TRAFFIC_SECRET_0 cd2300ebb399c239216e0624da1af875d0d005ed79eeed1a5c7a96398b650d57 4f92c8a40218548d181bc613d20e55d27da9381dff9dc61077502dd9be19566e
SERVER_HANDSHAKE_TRAFFIC_SECRET cf53a1ab1f7611323969c406219eebdf23a1082101529babaa2f280c36cf5fe0 9dab23caaeb8709897dae3285a20c5b88b2e7ed206de6cba9bcb77ba2a4fa6c6
CLIENT_HANDSHAKE_TRAFFIC_SECRET cf53a1ab1f7611323969c406219eebdf23a1082101529babaa2f280c36cf5fe0 4860697d58d073d8f8e9be9346dbdb18d2cdd042df45345222cb528ffde52c50
SERVER_TRAFFIC_SECRET_0 cf53a1ab1f7611323969c406219eebdf23a1082101529babaa2f280c36cf5fe0 45a69cd6129e326e8d0726fd206072f26ec56532fa3ab671dddb98deee610c8d
SERVER_HANDSHAKE_TRAFFIC_SECRET cf53a1ab1f7611323969c406219eebdf23a1082101529babaa2f280c36cf5fe0 9dab23caaeb8709897dae3285a20c5b88b2e7ed206de6cba9bcb77ba2a4fa6c6
CLIENT_HANDSHAKE_TRAFFIC_SECRET cf53a1ab1f7611323969c406219eebdf23a1082101529babaa2f280c36cf5fe0 4860697d58d073d8f8e9be9346dbdb18d2cdd042df45345222cb528ffde52c50
SERVER_TRAFFIC_SECRET_0 cf53a1ab1f7611323969c406219eebdf23a1082101529babaa2f280c36cf5fe0 45a69cd6129e326e8d0726fd206072f26ec56532fa3ab671dddb98deee610c8d
CLIENT_TRAFFIC_SECRET_0 cf53a1ab1f7611323969c406219eebdf23a1082101529babaa2f280c36cf5fe0 b633729874035da06bc1331993f3fab6bc7f85e3760b6ba8705d8d0a29ee274f
SERVER_HANDSHAKE_TRAFFIC_SECRET 1a282f1ed6443dc8844bc748281bbfdf8a13f7be11bdadf4174e6521e1eab041 9b0758b921f4ab7595813979c9a130064bb4add9741db79f39b56fb2bf5c2c0c
CLIENT_HANDSHAKE_TRAFFIC_SECRET 1a282f1ed6443dc8844bc748281bbfdf8a13f7be11bdadf4174e6521e1eab041 915649ba27b057d3a20992368a2a91117934fe9e4b550e3a7816db53e1af36ae
SERVER_TRAFFIC_SECRET_0 1a282f1ed6443dc8844bc748281bbfdf8a13f7be11bdadf4174e6521e1eab041 6dec28c13d6354642afac91030f1ce253e794448acb615bb0e285a686357b2c9
SERVER_HANDSHAKE_TRAFFIC_SECRET 1a282f1ed6443dc8844bc748281bbfdf8a13f7be11bdadf4174e6521e1eab041 9b0758b921f4ab7595813979c9a130064bb4add9741db79f39b56fb2bf5c2c0c
CLIENT_HANDSHAKE_TRAFFIC_SECRET 1a282f1ed6443dc8844bc748281bbfdf8a13f7be11bdadf4174e6521e1eab041 915649ba27b057d3a20992368a2a91117934fe9e4b550e3a7816db53e1af36ae
SERVER_TRAFFIC_SECRET_0 1a282f1ed6443dc8844bc748281bbfdf8a13f7be11bdadf4174e6521e1eab041 6dec28c13d6354642afac91030f1ce253e794448acb615bb0e285a686357b2c9
CLIENT_TRAFFIC_SECRET_0 1a282f1ed6443dc8844bc748281bbfdf8a13f7be11bdadf4174e6521e1eab041 e379fb328487b934ceaf632a20e1bbce5c8a64a2fd96b10fa67afbeede9972c9
SERVER_HANDSHAKE_TRAFFIC_SECRET b887d744a7630476094d0833ff705f37594836dcb6b0f18013752590575f4317 486db324eba002f00cc00f93b1f5542a983a16f30e69908ab826cd9c6eeadda0
CLIENT_HANDSHAKE_TRAFFIC_SECRET b887d744a7630476094d0833ff705f37594836dcb6b0f18013752590575f4317 791ccf750da2a216a4ca4b773982080087d53edd50d9fe69015367b802e412a2
SERVER_TRAFFIC_SECRET_0 b887d744a7630476094d0833ff705f37594836dcb6b0f18013752590575f4317 38c1f2969b1707621061b6265b67af794661e62d7fa31c09d61dbc66dd2e58c7
SERVER_HANDSHAKE_TRAFFIC_SECRET b887d744a7630476094d0833ff705f37594836dcb6b0f18013752590575f4317 486db324eba002f00cc00f93b1f5542a983a16f30e69908ab826cd9c6eeadda0
CLIENT_HANDSHAKE_TRAFFIC_SECRET b887d744a7630476094d0833ff705f37594836dcb6b0f18013752590575f4317 791ccf750da2a216a4ca4b773982080087d53edd50d9fe69015367b802e412a2
SERVER_TRAFFIC_SECRET_0 b887d744a7630476094d0833ff705f37594836dcb6b0f18013752590575f4317 38c1f2969b1707621061b6265b67af794661e62d7fa31c09d61dbc66dd2e58c7
CLIENT_TRAFFIC_SECRET_0 b887d744a7630476094d0833ff705f37594836dcb6b0f18013752590575f4317 7600d3e182d21cff01393a126a1784686d6a3ab07f62977916dcbc68405b25d3
SERVER_HANDSHAKE_TRAFFIC_SECRET f9077d0e53230fdbe8a3432806d9883f04ff82e14a9210ee6028a8b684cb8e86 87229b81d4c678edecb1ec54d9470608a73cf1d75c8b31ef3876ed2bb2ec9a81
CLIENT_HANDSHAKE_TRAFFIC_SECRET f9077d0e53230fdbe8a3432806d9883f04ff82e14a9210ee6028a8b684cb8e86 29f149d3f3e3481adfbd0aa7829b283ceffc57162ea3c333f32c4c4e9aa96be1
SERVER_TRAFFIC_SECRET_0 f9077d0e53230fdbe8a3432806d9883f04ff82e14a9210ee6028a8b684cb8e86 42ed933a18b80ea62fc19c24971e4a93181d683b38b86f53aa780a9fc76cd0cb
SERVER_HANDSHAKE_TRAFFIC_SECRET f9077d0e53230fdbe8a3432806d9883f04ff82e14a9210ee6028a8b684cb8e86 87229b81d4c678edecb1ec54d9470608a73cf1d75c8b31ef3876ed2bb2ec9a81
CLIENT_HANDSHAKE_TRAFFIC_SECRET f9077d0e53230fdbe8a3432806d9883f04ff82e14a9210ee6028a8b684cb8e86 29f149d3f3e3481adfbd0aa7829b283ceffc57162ea3c333f32c4c4e9aa96be1
SERVER_TRAFFIC_SECRET_0 f9077d0e53230fdbe8a3432806d9883f04ff82e14a9210ee6028a8b684cb8e86 42ed933a18b80ea62fc19c24971e4a93181d683b38b86f53aa780a9fc76cd0cb
CLIENT_TRAFFIC_SECRET_0 f9077d0e53230fdbe8a3432806d9883f04ff82e14a9210ee6028a8b684cb8e86 0b2f45f8d95e2843217dc494bc803862f2fce400fa4cae7a84be9c4d53b10254
SERVER_HANDSHAKE_TRAFFIC_SECRET 9a43d859ada352a4a9bc8c1a832742d8b567caa929914b86b1c76f579afab11e bf4fad996efdb902f01eba50ec657322b20c1bf37391d6ac00adbd7898f35c37
CLIENT_HANDSHAKE_TRAFFIC_SECRET 9a43d859ada352a4a9bc8c1a832742d8b567caa929914b86b1c76f579afab11e f83f28a0d075b16f6f911a0a2f50b05b2443d004d4e16711d016c650122f55d3
SERVER_TRAFFIC_SECRET_0 9a43d859ada352a4a9bc8c1a832742d8b567caa929914b86b1c76f579afab11e dc1b24b94fec26fb0e0b4e133c5c275ab9982a348b6556da9275d35cd31438ca
SERVER_HANDSHAKE_TRAFFIC_SECRET 9a43d859ada352a4a9bc8c1a832742d8b567caa929914b86b1c76f579afab11e bf4fad996efdb902f01eba50ec657322b20c1bf37391d6ac00adbd7898f35c37
CLIENT_HANDSHAKE_TRAFFIC_SECRET 9a43d859ada352a4a9bc8c1a832742d8b567caa929914b86b1c76f579afab11e f83f28a0d075b16f6f911a0a2f50b05b2443d004d4e16711d016c650122f55d3
SERVER_TRAFFIC_SECRET_0 9a43d859ada352a4a9bc8c1a832742d8b567caa929914b86b1c76f579afab11e dc1b24b94fec26fb0e0b4e133c5c275ab9982a348b6556da9275d35cd31438ca
CLIENT_TRAFFIC_SECRET_0 9a43d859ada352a4a9bc8c1a832742d8b567caa929914b86b1c76f579afab11e 54c703c7219802e169d5bd3b8f138f60151c95622833b9b03a50ff5a3add8997
SERVER_HANDSHAKE_TRAFFIC_SECRET 7870ec974e958940a6f5613e7d360e6585190f9034984e655e2a482ec5e02aa3 731694d27a84fefb270b9fc113b183b9e8104731b0a7737e06e57314c586e2fa
CLIENT_HANDSHAKE_TRAFFIC_SECRET 7870ec974e958940a6f5613e7d360e6585190f9034984e655e2a482ec5e02aa3 cae4c54e1650b669c711b3ed22c6abf359c2d9b9d80ba399661817f71660b567
SERVER_TRAFFIC_SECRET_0 7870ec974e958940a6f5613e7d360e6585190f9034984e655e2a482ec5e02aa3 8e8978b90466bbd24b0b557492c87620dc35883623f0fe69739080fac21f6c16
SERVER_HANDSHAKE_TRAFFIC_SECRET 7870ec974e958940a6f5613e7d360e6585190f9034984e655e2a482ec5e02aa3 731694d27a84fefb270b9fc113b183b9e8104731b0a7737e06e57314c586e2fa
CLIENT_HANDSHAKE_TRAFFIC_SECRET 7870ec974e958940a6f5613e7d360e6585190f9034984e655e2a482ec5e02aa3 cae4c54e1650b669c711b3ed22c6abf359c2d9b9d80ba399661817f71660b567
SERVER_TRAFFIC_SECRET_0 7870ec974e958940a6f5613e7d360e6585190f9034984e655e2a482ec5e02aa3 8e8978b90466bbd24b0b557492c87620dc35883623f0fe69739080fac21f6c16
CLIENT_TRAFFIC_SECRET_0 7870ec974e958940a6f5613e7d360e6585190f9034984e655e2a482ec5e02aa3 fe073da814279185c5802c9c469a0ad378ad464509a1ee34fe322989d958d37d
SERVER_HANDSHAKE_TRAFFIC_SECRET 69b079101d2c79a661f91144d567960eb098c7a06e0890da6298268d60caabfa ef4f5e31a3e3ced7e75bc5b3cd86453cfda242d850d7fa3302f9dcaae84ba2a5
CLIENT_HANDSHAKE_TRAFFIC_SECRET 69b079101d2c79a661f91144d567960eb098c7a06e0890da6298268d60caabfa 97652cc6ae4bd4b79f13c805a8542e56d75a6df191b6b3b0592bff1023ceda5b
SERVER_TRAFFIC_SECRET_0 69b079101d2c79a661f91144d567960eb098c7a06e0890da6298268d60caabfa 5622c6b71c8e23119dab0d0ef5608e843cb2e0fef63db642f127a3c3b694125a
SERVER_HANDSHAKE_TRAFFIC_SECRET 69b079101d2c79a661f91144d567960eb098c7a06e0890da6298268d60caabfa ef4f5e31a3e3ced7e75bc5b3cd86453cfda242d850d7fa3302f9dcaae84ba2a5
CLIENT_HANDSHAKE_TRAFFIC_SECRET 69b079101d2c79a661f91144d567960eb098c7a06e0890da6298268d60caabfa 97652cc6ae4bd4b79f13c805a8542e56d75a6df191b6b3b0592bff1023ceda5b
SERVER_TRAFFIC_SECRET_0 69b079101d2c79a661f91144d567960eb098c7a06e0890da6298268d60caabfa 5622c6b71c8e23119dab0d0ef5608e843cb2e0fef63db642f127a3c3b694125a
CLIENT_TRAFFIC_SECRET_0 69b079101d2c79a661f91144d567960eb098c7a06e0890da6298268d60caabfa 7a5bffe185404e86eda76ab0690152554bf9e02bfee34c659ab4276531ae5ecc
SERVER_HANDSHAKE_TRAFFIC_SECRET 55c6d65df7ef98a1ab05edcf41a13600c2bbd0aec7472845b2729452e131151d b11edde81d7b052dd049233301fe234632f28d258826940f997b1d6fd34d134c
CLIENT_HANDSHAKE_TRAFFIC_SECRET 55c6d65df7ef98a1ab05edcf41a13600c2bbd0aec7472845b2729452e131151d 6d128b977a38a454bf09632d366029702096beb19cd0136f6e63a3138604d068
SERVER_TRAFFIC_SECRET_0 55c6d65df7ef98a1ab05edcf41a13600c2bbd0aec7472845b2729452e131151d b4f557cbe654d68214b3d552c22e80c86d6ae4dae60b67d12a9c0ec52ffafd8c
SERVER_HANDSHAKE_TRAFFIC_SECRET 55c6d65df7ef98a1ab05edcf41a13600c2bbd0aec7472845b2729452e131151d b11edde81d7b052dd049233301fe234632f28d258826940f997b1d6fd34d134c
CLIENT_HANDSHAKE_TRAFFIC_SECRET 55c6d65df7ef98a1ab05edcf41a13600c2bbd0aec7472845b2729452e131151d 6d128b977a38a454bf09632d366029702096beb19cd0136f6e63a3138604d068
SERVER_TRAFFIC_SECRET_0 55c6d65df7ef98a1ab05edcf41a13600c2bbd0aec7472845b2729452e131151d b4f557cbe654d68214b3d552c22e80c86d6ae4dae60b67d12a9c0ec52ffafd8c
CLIENT_TRAFFIC_SECRET_0 55c6d65df7ef98a1ab05edcf41a13600c2bbd0aec7472845b2729452e131151d 895cb534b33d926acada08f3dc3a3794d35923801cf1cde807df0ec0699a7f39
SERVER_HANDSHAKE_TRAFFIC_SECRET 45eb86171ffe280c4664680f1d5c750ca86745a0c7223648d080cd0fd6fc962d 111a7a19c48b6a9c5f7e72e52a22245781cd4295a6b28f4faf559a876986ca15
CLIENT_HANDSHAKE_TRAFFIC_SECRET 45eb86171ffe280c4664680f1d5c750ca86745a0c7223648d080cd0fd6fc962d 74a77d8c2808a613b3a0c68f014ddf3e9a4eb827383a5a356e6505a43923ba84
SERVER_TRAFFIC_SECRET_0 45eb86171ffe280c4664680f1d5c750ca86745a0c7223648d080cd0fd6fc962d 7d391d5297993c7ffd42ce6dfe37e96dc486470189ff0ce355738ec039cc138a
SERVER_HANDSHAKE_TRAFFIC_SECRET 45eb86171ffe280c4664680f1d5c750ca86745a0c7223648d080cd0fd6fc962d 111a7a19c48b6a9c5f7e72e52a22245781cd4295a6b28f4faf559a876986ca15
CLIENT_HANDSHAKE_TRAFFIC_SECRET 45eb86171ffe280c4664680f1d5c750ca86745a0c7223648d080cd0fd6fc962d 74a77d8c2808a613b3a0c68f014ddf3e9a4eb827383a5a356e6505a43923ba84
SERVER_TRAFFIC_SECRET_0 45eb86171ffe280c4664680f1d5c750ca86745a0c7223648d080cd0fd6fc962d 7d391d5297993c7ffd42ce6dfe37e96dc486470189ff0ce355738ec039cc138a
CLIENT_TRAFFIC_SECRET_0 45eb86171ffe280c4664680f1d5c750ca86745a0c7223648d080cd0fd6fc962d 5fa46a08a8dbadb484308b63cbe6aef9299b3b929330f70557e9decb6149ba40
SERVER_HANDSHAKE_TRAFFIC_SECRET 61617739dab0c8e6a62d435ac7fddc2ee117d198f0909294ad22744d4d9928e5 cffdb0da3ea690cac9d176af4d9d7df4498368a3b1ca7c376d0edce2db2c62b8
CLIENT_HANDSHAKE_TRAFFIC_SECRET 61617739dab0c8e6a62d435ac7fddc2ee117d198f0909294ad22744d4d9928e5 ab25edfb48565a6b695ff8609e2f363fe08a962fbdacdc920f17f939f572ea55
SERVER_TRAFFIC_SECRET_0 61617739dab0c8e6a62d435ac7fddc2ee117d198f0909294ad22744d4d9928e5 ef25366f3881403f7a451a6ab22afe8d457eb7b666b8394cde2406a0f8b32a10
SERVER_HANDSHAKE_TRAFFIC_SECRET 61617739dab0c8e6a62d435ac7fddc2ee117d198f0909294ad22744d4d9928e5 cffdb0da3ea690cac9d176af4d9d7df4498368a3b1ca7c376d0edce2db2c62b8
CLIENT_HANDSHAKE_TRAFFIC_SECRET 61617739dab0c8e6a62d435ac7fddc2ee117d198f0909294ad22744d4d9928e5 ab25edfb48565a6b695ff8609e2f363fe08a962fbdacdc920f17f939f572ea55
SERVER_TRAFFIC_SECRET_0 61617739dab0c8e6a62d435ac7fddc2ee117d198f0909294ad22744d4d9928e5 ef25366f3881403f7a451a6ab22afe8d457eb7b666b8394cde2406a0f8b32a10
CLIENT_TRAFFIC_SECRET_0 61617739dab0c8e6a62d435ac7fddc2ee117d198f0909294ad22744d4d9928e5 f02525f9ffa3975dcff2c061bf31c897810951c3fed6cc785fca8a2d0d2659dd
SERVER_HANDSHAKE_TRAFFIC_SECRET 7472cbb6a523d8908b96a0ca7c3ca724278ab8f65f8e805841ea7ca373d656f6 e26558a7a0054b4fe11d57f78d35f28fead76d897092d2d6b8879d68abe496d7
CLIENT_HANDSHAKE_TRAFFIC_SECRET 7472cbb6a523d8908b96a0ca7c3ca724278ab8f65f8e805841ea7ca373d656f6 501dd7374fd3e27e8f7eb16588c7e1451b1e4f4cb9e0a413bdffd32d70627ace
SERVER_TRAFFIC_SECRET_0 7472cbb6a523d8908b96a0ca7c3ca724278ab8f65f8e805841ea7ca373d656f6 d88323a5d8549545ae6a3f6372880b41d3add3dda585763ec0b65c71791e96f0
SERVER_HANDSHAKE_TRAFFIC_SECRET 7472cbb6a523d8908b96a0ca7c3ca724278ab8f65f8e805841ea7ca373d656f6 e26558a7a0054b4fe11d57f78d35f28fead76d897092d2d6b8879d68abe496d7
CLIENT_HANDSHAKE_TRAFFIC_SECRET 7472cbb6a523d8908b96a0ca7c3ca724278ab8f65f8e805841ea7ca373d656f6 501dd7374fd3e27e8f7eb16588c7e1451b1e4f4cb9e0a413bdffd32d70627ace
SERVER_TRAFFIC_SECRET_0 7472cbb6a523d8908b96a0ca7c3ca724278ab8f65f8e805841ea7ca373d656f6 d88323a5d8549545ae6a3f6372880b41d3add3dda585763ec0b65c71791e96f0
CLIENT_TRAFFIC_SECRET_0 7472cbb6a523d8908b96a0ca7c3ca724278ab8f65f8e805841ea7ca373d656f6 c8a01858d60484fcb04b6caccef61175c584ea269e96f38a2cf93cf559c2b551
SERVER_HANDSHAKE_TRAFFIC_SECRET e0a7584f3029b0653d2dd73cacdfcbc47235c190a80c4c56ea338b2ddabd78f9 ebe3e3052371991d4c6f70290fc51d5a2cbaa538287d463b00caca6915df5115
CLIENT_HANDSHAKE_TRAFFIC_SECRET e0a7584f3029b0653d2dd73cacdfcbc47235c190a80c4c56ea338b2ddabd78f9 0994a8ab88476e7e95ebcb58a2a2ce6fb0974ff96b107d5dc1c3f322a1a05741
SERVER_TRAFFIC_SECRET_0 e0a7584f3029b0653d2dd73cacdfcbc47235c190a80c4c56ea338b2ddabd78f9 2b54eb5eaa3f48fa0fe4842f322b42ac09c38137d9b9f6389b984620ff39d216
SERVER_HANDSHAKE_TRAFFIC_SECRET e0a7584f3029b0653d2dd73cacdfcbc47235c190a80c4c56ea338b2ddabd78f9 ebe3e3052371991d4c6f70290fc51d5a2cbaa538287d463b00caca6915df5115
CLIENT_HANDSHAKE_TRAFFIC_SECRET e0a7584f3029b0653d2dd73cacdfcbc47235c190a80c4c56ea338b2ddabd78f9 0994a8ab88476e7e95ebcb58a2a2ce6fb0974ff96b107d5dc1c3f322a1a05741
SERVER_TRAFFIC_SECRET_0 e0a7584f3029b0653d2dd73cacdfcbc47235c190a80c4c56ea338b2ddabd78f9 2b54eb5eaa3f48fa0fe4842f322b42ac09c38137d9b9f6389b984620ff39d216
CLIENT_TRAFFIC_SECRET_0 e0a7584f3029b0653d2dd73cacdfcbc47235c190a80c4c56ea338b2ddabd78f9 5bef1a9050600a978f599bd1ed3cdbba886ea9b7aeb1d8cab5770f8b31a6a21d
SERVER_HANDSHAKE_TRAFFIC_SECRET 8225a54cc806fe2c8e3b6f0e7a2c94d1a26e92ad95fca521b5f42b63c00f6e46 f533ac41b6c90d73f6ab7a45037529adb482c3b4afebb6509022c4b3c47759be
CLIENT_HANDSHAKE_TRAFFIC_SECRET 8225a54cc806fe2c8e3b6f0e7a2c94d1a26e92ad95fca521b5f42b63c00f6e46 02788460411dc88ec594bb8e6655e798e21f729c1e5a66118c2cea9be62afc01
SERVER_TRAFFIC_SECRET_0 8225a54cc806fe2c8e3b6f0e7a2c94d1a26e92ad95fca521b5f42b63c00f6e46 71281bfa613e9abc2151a409d23d62a948c3c8d308fb2c1836a5a200cf903d02
SERVER_HANDSHAKE_TRAFFIC_SECRET 8225a54cc806fe2c8e3b6f0e7a2c94d1a26e92ad95fca521b5f42b63c00f6e46 f533ac41b6c90d73f6ab7a45037529adb482c3b4afebb6509022c4b3c47759be
CLIENT_HANDSHAKE_TRAFFIC_SECRET 8225a54cc806fe2c8e3b6f0e7a2c94d1a26e92ad95fca521b5f42b63c00f6e46 02788460411dc88ec594bb8e6655e798e21f729c1e5a66118c2cea9be62afc01
SERVER_TRAFFIC_SECRET_0 8225a54cc806fe2c8e3b6f0e7a2c94d1a26e92ad95fca521b5f42b63c00f6e46 71281bfa613e9abc2151a409d23d62a948c3c8d308fb2c1836a5a200cf903d02
CLIENT_TRAFFIC_SECRET_0 8225a54cc806fe2c8e3b6f0e7a2c94d1a26e92ad95fca521b5f42b63c00f6e46 9746bf985fd58e37776fd1467a4903d87b35cffe65e1e1b185af319e0c40e1a8
SERVER_HANDSHAKE_TRAFFIC_SECRET d4a81798324c6ae5495d1736ba22ad0dc4e6e0a06c347b99f9103cc442a492a8 7c88f7bab447c0d7445eaae4575f2e3d2ac17da488fcc764d00cccae67aef2ea
CLIENT_HANDSHAKE_TRAFFIC_SECRET d4a81798324c6ae5495d1736ba22ad0dc4e6e0a06c347b99f9103cc442a492a8 d866b038699ee56c6560356c035ba0a0e609183bc9a377553343859075e85e17
SERVER_TRAFFIC_SECRET_0 d4a81798324c6ae5495d1736ba22ad0dc4e6e0a06c347b99f9103cc442a492a8 be3d80c0c88b93c0bda830496722d83c3a5693b2aec862bed7aaf544b365b9d6
SERVER_HANDSHAKE_TRAFFIC_SECRET d4a81798324c6ae5495d1736ba22ad0dc4e6e0a06c347b99f9103cc442a492a8 7c88f7bab447c0d7445eaae4575f2e3d2ac17da488fcc764d00cccae67aef2ea
CLIENT_HANDSHAKE_TRAFFIC_SECRET d4a81798324c6ae5495d1736ba22ad0dc4e6e0a06c347b99f9103cc442a492a8 d866b038699ee56c6560356c035ba0a0e609183bc9a377553343859075e85e17
SERVER_TRAFFIC_SECRET_0 d4a81798324c6ae5495d1736ba22ad0dc4e6e0a06c347b99f9103cc442a492a8 be3d80c0c88b93c0bda830496722d83c3a5693b2aec862bed7aaf544b365b9d6
CLIENT_TRAFFIC_SECRET_0 d4a81798324c6ae5495d1736ba22ad0dc4e6e0a06c347b99f9103cc442a492a8 7397f8df6355d974c50d43ab4a5f6dd44a684027e3ab2879de45156cc3f4a1e5
SERVER_HANDSHAKE_TRAFFIC_SECRET 5564d31cc708bad440face5f110814a8196bdd9466ddfbbfd0978bfddc6639c9 eda74eacf007fbd3046f59a163dec1f0d92df8738abd6e9cdddbeba09c075610
CLIENT_HANDSHAKE_TRAFFIC_SECRET 5564d31cc708bad440face5f110814a8196bdd9466ddfbbfd0978bfddc6639c9 8dac254e21db30fb3d5f7e0a54028d20cdc8b097deff2bde91e5cb75837393c1
SERVER_TRAFFIC_SECRET_0 5564d31cc708bad440face5f110814a8196bdd9466ddfbbfd0978bfddc6639c9 1502ec2f2094b97c5364091cef14527cff89b9d684d2d761cdb8e3d815d6c544
SERVER_HANDSHAKE_TRAFFIC_SECRET 5564d31cc708bad440face5f110814a8196bdd9466ddfbbfd0978bfddc6639c9 eda74eacf007fbd3046f59a163dec1f0d92df8738abd6e9cdddbeba09c075610
CLIENT_HANDSHAKE_TRAFFIC_SECRET 5564d31cc708bad440face5f110814a8196bdd9466ddfbbfd0978bfddc6639c9 8dac254e21db30fb3d5f7e0a54028d20cdc8b097deff2bde91e5cb75837393c1
SERVER_TRAFFIC_SECRET_0 5564d31cc708bad440face5f110814a8196bdd9466ddfbbfd0978bfddc6639c9 1502ec2f2094b97c5364091cef14527cff89b9d684d2d761cdb8e3d815d6c544
CLIENT_TRAFFIC_SECRET_0 5564d31cc708bad440face5f110814a8196bdd9466ddfbbfd0978bfddc6639c9 ff62176cba3843a4442793f3d14e3bab3b76b8eccc0de9d453c8e7a178e56969
SERVER_HANDSHAKE_TRAFFIC_SECRET b12697db7c138e89e34c18c702f297fcc8c2e60134deca4ebc39af6ad2de39e0 ed0f9d77362eed227efe0ff7dfb9155515c6a9374732953b19768cd671b6ba81
CLIENT_HANDSHAKE_TRAFFIC_SECRET b12697db7c138e89e34c18c702f297fcc8c2e60134deca4ebc39af6ad2de39e0 4deb6460b0e40025f16d6cdabbbfe41e2c97bfcbc9475e2573d582ff9acd01da
SERVER_TRAFFIC_SECRET_0 b12697db7c138e89e34c18c702f297fcc8c2e60134deca4ebc39af6ad2de39e0 d1e585f74919ef2084d77478f0f7609200b8ba3bac98e0067b61b7ae0a953a8e
SERVER_HANDSHAKE_TRAFFIC_SECRET b12697db7c138e89e34c18c702f297fcc8c2e60134deca4ebc39af6ad2de39e0 ed0f9d77362eed227efe0ff7dfb9155515c6a9374732953b19768cd671b6ba81
CLIENT_HANDSHAKE_TRAFFIC_SECRET b12697db7c138e89e34c18c702f297fcc8c2e60134deca4ebc39af6ad2de39e0 4deb6460b0e40025f16d6cdabbbfe41e2c97bfcbc9475e2573d582ff9acd01da
SERVER_TRAFFIC_SECRET_0 b12697db7c138e89e34c18c702f297fcc8c2e60134deca4ebc39af6ad2de39e0 d1e585f74919ef2084d77478f0f7609200b8ba3bac98e0067b61b7ae0a953a8e
CLIENT_TRAFFIC_SECRET_0 b12697db7c138e89e34c18c702f297fcc8c2e60134deca4ebc39af6ad2de39e0 b8ac788190e724deeb995ca4b75c243549672d2a37e93d389d778308ce0d1299
SERVER_HANDSHAKE_TRAFFIC_SECRET a57af807729b01ffe51c16a8d74995228a2896b6cd7fbc0ea62a5fafcd7fce53 9765ab895d4b5d6cc05c7d3ea73cf8382c69c7c847748b0028de792a31b9a9c6
CLIENT_HANDSHAKE_TRAFFIC_SECRET a57af807729b01ffe51c16a8d74995228a2896b6cd7fbc0ea62a5fafcd7fce53 7eb86da6f5f765ea8271000e17423b399f88561128fab832617760325dcef5c0
SERVER_TRAFFIC_SECRET_0 a57af807729b01ffe51c16a8d74995228a2896b6cd7fbc0ea62a5fafcd7fce53 1e445fb97731005645baf058b58b165b120dc29d9b650f8deacd59696f78fee0
SERVER_HANDSHAKE_TRAFFIC_SECRET a57af807729b01ffe51c16a8d74995228a2896b6cd7fbc0ea62a5fafcd7fce53 9765ab895d4b5d6cc05c7d3ea73cf8382c69c7c847748b0028de792a31b9a9c6
CLIENT_HANDSHAKE_TRAFFIC_SECRET a57af807729b01ffe51c16a8d74995228a2896b6cd7fbc0ea62a5fafcd7fce53 7eb86da6f5f765ea8271000e17423b399f88561128fab832617760325dcef5c0
SERVER_TRAFFIC_SECRET_0 a57af807729b01ffe51c16a8d74995228a2896b6cd7fbc0ea62a5fafcd7fce53 1e445fb97731005645baf058b58b165b120dc29d9b650f8deacd59696f78fee0
CLIENT_TRAFFIC_SECRET_0 a57af807729b01ffe51c16a8d74995228a2896b6cd7fbc0ea62a5fafcd7fce53 61d1054e231ab613d01e39884e4c4127f39eb01a32af5dccee7375ee177f4220
SERVER_HANDSHAKE_TRAFFIC_SECRET b2dab79f3d55c891676cdfff1a0f18190d23ddc84f381883390359311a08eca2 6ef460435140ee75965c450dfd8cbf32379a8f1ab51f23f89a182f6013ed8ca5
CLIENT_HANDSHAKE_TRAFFIC_SECRET b2dab79f3d55c891676cdfff1a0f18190d23ddc84f381883390359311a08eca2 32779d41f312680134eb10ae472c6978104b80cfce6ba33e00cd562e1dcf0e3e
SERVER_TRAFFIC_SECRET_0 b2dab79f3d55c891676cdfff1a0f18190d23ddc84f381883390359311a08eca2 8e1ab7cf669a9926110fb825bb5c764fb808c01a55b55cb81aa90476e822e0d1
SERVER_HANDSHAKE_TRAFFIC_SECRET b2dab79f3d55c891676cdfff1a0f18190d23ddc84f381883390359311a08eca2 6ef460435140ee75965c450dfd8cbf32379a8f1ab51f23f89a182f6013ed8ca5
CLIENT_HANDSHAKE_TRAFFIC_SECRET b2dab79f3d55c891676cdfff1a0f18190d23ddc84f381883390359311a08eca2 32779d41f312680134eb10ae472c6978104b80cfce6ba33e00cd562e1dcf0e3e
SERVER_TRAFFIC_SECRET_0 b2dab79f3d55c891676cdfff1a0f18190d23ddc84f381883390359311a08eca2 8e1ab7cf669a9926110fb825bb5c764fb808c01a55b55cb81aa90476e822e0d1
CLIENT_TRAFFIC_SECRET_0 b2dab79f3d55c891676cdfff1a0f18190d23ddc84f381883390359311a08eca2 cb7cc04957214cbc4560721e5c86fd5753dc1860f58a64d6223a879d19d339f1
SERVER_HANDSHAKE_TRAFFIC_SECRET d746762ba613f7b5838e1defe60445449b568bef79da84b38b83b2ff386faada 720cc37b0c7b3a2e3ace9d50e22dbc1117a3cde610326ca487a83428d33e8da4
CLIENT_HANDSHAKE_TRAFFIC_SECRET d746762ba613f7b5838e1defe60445449b568bef79da84b38b83b2ff386faada bc68c1571eb85845f20c77aea813c7e3856b602e87477f5b1df9bc478864397b
SERVER_TRAFFIC_SECRET_0 d746762ba613f7b5838e1defe60445449b568bef79da84b38b83b2ff386faada 1a3dc6af0518dbb8a3dffa4537826ac7aff6d826ee32346af9abd1a390b1321c
SERVER_HANDSHAKE_TRAFFIC_SECRET d746762ba613f7b5838e1defe60445449b568bef79da84b38b83b2ff386faada 720cc37b0c7b3a2e3ace9d50e22dbc1117a3cde610326ca487a83428d33e8da4
CLIENT_HANDSHAKE_TRAFFIC_SECRET d746762ba613f7b5838e1defe60445449b568bef79da84b38b83b2ff386faada bc68c1571eb85845f20c77aea813c7e3856b602e87477f5b1df9bc478864397b
SERVER_TRAFFIC_SECRET_0 d746762ba613f7b5838e1defe60445449b568bef79da84b38b83b2ff386faada 1a3dc6af0518dbb8a3dffa4537826ac7aff6d826ee32346af9abd1a390b1321c
CLIENT_TRAFFIC_SECRET_0 d746762ba613f7b5838e1defe60445449b568bef79da84b38b83b2ff386faada 6255b22150dc8debca6765e81f35a2beb61ff3db713aabaf37a4b59d7434704f
SERVER_HANDSHAKE_TRAFFIC_SECRET 110167814229ea83bd4d2950627b966ea9efe92a73637cd0f9f4adb3dbf14f08 8371483fa14f7a5f911b0aea1dec86f98ffdf1d1aecb63a0ecfeac151a33fa3f
CLIENT_HANDSHAKE_TRAFFIC_SECRET 110167814229ea83bd4d2950627b966ea9efe92a73637cd0f9f4adb3dbf14f08 9198e58c7640173291bca8de5c047a95714ba983e347178502557b7b1482b496
SERVER_TRAFFIC_SECRET_0 110167814229ea83bd4d2950627b966ea9efe92a73637cd0f9f4adb3dbf14f08 b0f05123e9827b8f5495da67d458e0a8e19f8ebbc278810bc2ee3805633bb7bf
SERVER_HANDSHAKE_TRAFFIC_SECRET 110167814229ea83bd4d2950627b966ea9efe92a73637cd0f9f4adb3dbf14f08 8371483fa14f7a5f911b0aea1dec86f98ffdf1d1aecb63a0ecfeac151a33fa3f
CLIENT_HANDSHAKE_TRAFFIC_SECRET 110167814229ea83bd4d2950627b966ea9efe92a73637cd0f9f4adb3dbf14f08 9198e58c7640173291bca8de5c047a95714ba983e347178502557b7b1482b496
SERVER_TRAFFIC_SECRET_0 110167814229ea83bd4d2950627b966ea9efe92a73637cd0f9f4adb3dbf14f08 b0f05123e9827b8f5495da67d458e0a8e19f8ebbc278810bc2ee3805633bb7bf
CLIENT_TRAFFIC_SECRET_0 110167814229ea83bd4d2950627b966ea9efe92a73637cd0f9f4adb3dbf14f08 b46866fb8158cf8545cbc85d393ab0e17f16e3528dcc2a79ef77358bd1ebec7f
SERVER_HANDSHAKE_TRAFFIC_SECRET 758fc248acec093c1c574cf0f68de7c755ddb6307764c4efd65d1127158032cc 6053cadea070dcb821bbf32b89648c32b799c86086fba181303299549c3966d5
CLIENT_HANDSHAKE_TRAFFIC_SECRET 758fc248acec093c1c574cf0f68de7c755ddb6307764c4efd65d1127158032cc 749deef5b7386d44aa8c0e5cfe3b4baeb51e1f8bd2d637c20e17514f0acb37ae
SERVER_TRAFFIC_SECRET_0 758fc248acec093c1c574cf0f68de7c755ddb6307764c4efd65d1127158032cc 30ca1b22c95bdd36d2c32b0405b3da918162df338758e534424b7df1a3f54396
SERVER_HANDSHAKE_TRAFFIC_SECRET 758fc248acec093c1c574cf0f68de7c755ddb6307764c4efd65d1127158032cc 6053cadea070dcb821bbf32b89648c32b799c86086fba181303299549c3966d5
CLIENT_HANDSHAKE_TRAFFIC_SECRET 758fc248acec093c1c574cf0f68de7c755ddb6307764c4efd65d1127158032cc 749deef5b7386d44aa8c0e5cfe3b4baeb51e1f8bd2d637c20e17514f0acb37ae
SERVER_TRAFFIC_SECRET_0 758fc248acec093c1c574cf0f68de7c755ddb6307764c4efd65d1127158032cc 30ca1b22c95bdd36d2c32b0405b3da918162df338758e534424b7df1a3f54396
CLIENT_TRAFFIC_SECRET_0 758fc248acec093c1c574cf0f68de7c755ddb6307764c4efd65d1127158032cc dc4be3f3161ab1e8443739fad61625cb4dc8edf6270688f775eef0409e40ed83
SERVER_HANDSHAKE_TRAFFIC_SECRET 761656045c456114ba053bb53a346183e61ae5cb3ab70a60f743361e07676bed d6d51a472607c6f52e891ba8222e4676562d09c0e0e558206f40c18a542c502a
CLIENT_HANDSHAKE_TRAFFIC_SECRET 761656045c456114ba053bb53a346183e61ae5cb3ab70a60f743361e07676bed fb6b7e05c8ed9342557e571506bd7d49dbe38f518254b6d0be02ec787cc8e5ad
SERVER_TRAFFIC_SECRET_0 761656045c456114ba053bb53a346183e61ae5cb3ab70a60f743361e07676bed 24300b4693cbf0fcc67b4c6ac340220ed563ff1449917627be8b2c751f88a742
SERVER_HANDSHAKE_TRAFFIC_SECRET 761656045c456114ba053bb53a346183e61ae5cb3ab70a60f743361e07676bed d6d51a472607c6f52e891ba8222e4676562d09c0e0e558206f40c18a542c502a
CLIENT_HANDSHAKE_TRAFFIC_SECRET 761656045c456114ba053bb53a346183e61ae5cb3ab70a60f743361e07676bed fb6b7e05c8ed9342557e571506bd7d49dbe38f518254b6d0be02ec787cc8e5ad
SERVER_TRAFFIC_SECRET_0 761656045c456114ba053bb53a346183e61ae5cb3ab70a60f743361e07676bed 24300b4693cbf0fcc67b4c6ac340220ed563ff1449917627be8b2c751f88a742
CLIENT_TRAFFIC_SECRET_0 761656045c456114ba053bb53a346183e61ae5cb3ab70a60f743361e07676bed 67f11a1260c0b04dcc0b329a204239091247a018e2c8b1772dadbb4222cb42c3
SERVER_HANDSHAKE_TRAFFIC_SECRET 4fbb7ff639c892fb4c754f4d0eccfdef6aad72b1358e0dfdedb194bed0d7faf9 946ad3305085c662f9864190fba6759773bb0d86acedf2cadddcbe88f6e06811
CLIENT_HANDSHAKE_TRAFFIC_SECRET 4fbb7ff639c892fb4c754f4d0eccfdef6aad72b1358e0dfdedb194bed0d7faf9 ccabbf01c650572a581614edfffd403b10b61b164f8c626da90898372e8eb6ca
SERVER_TRAFFIC_SECRET_0 4fbb7ff639c892fb4c754f4d0eccfdef6aad72b1358e0dfdedb194bed0d7faf9 0dca0bf0c8118a85db799ee02e6e457c3a680fc6d793de7d6898bdf5a90b7837
SERVER_HANDSHAKE_TRAFFIC_SECRET 4fbb7ff639c892fb4c754f4d0eccfdef6aad72b1358e0dfdedb194bed0d7faf9 946ad3305085c662f9864190fba6759773bb0d86acedf2cadddcbe88f6e06811
CLIENT_HANDSHAKE_TRAFFIC_SECRET 4fbb7ff639c892fb4c754f4d0eccfdef6aad72b1358e0dfdedb194bed0d7faf9 ccabbf01c650572a581614edfffd403b10b61b164f8c626da90898372e8eb6ca
SERVER_TRAFFIC_SECRET_0 4fbb7ff639c892fb4c754f4d0eccfdef6aad72b1358e0dfdedb194bed0d7faf9 0dca0bf0c8118a85db799ee02e6e457c3a680fc6d793de7d6898bdf5a90b7837
CLIENT_TRAFFIC_SECRET_0 4fbb7ff639c892fb4c754f4d0eccfdef6aad72b1358e0dfdedb194bed0d7faf9 dc15b35786613e356a6480e8f8b6c362457900dfb954fe2d0901484efaecc784
SERVER_HANDSHAKE_TRAFFIC_SECRET 5211c4255c0b44657344ccd6974cdc4fe6e2b5cdb758d05084cbb9af18eeec8e 59cfa23d57d9a3f80bd9f5163f45bb6c4b8850930493010a1806cce6f03c3ebe
CLIENT_HANDSHAKE_TRAFFIC_SECRET 5211c4255c0b44657344ccd6974cdc4fe6e2b5cdb758d05084cbb9af18eeec8e 9ba3c09127fb07d80d62c19e996ae14609ccb2219b96ac122934cb9048cb8115
SERVER_TRAFFIC_SECRET_0 5211c4255c0b44657344ccd6974cdc4fe6e2b5cdb758d05084cbb9af18eeec8e 587d86e7ed69bdad98fa193fd9129e7e4307ab011d5da3269efd5bb9f639c3f7
SERVER_HANDSHAKE_TRAFFIC_SECRET 5211c4255c0b44657344ccd6974cdc4fe6e2b5cdb758d05084cbb9af18eeec8e 59cfa23d57d9a3f80bd9f5163f45bb6c4b8850930493010a1806cce6f03c3ebe
CLIENT_HANDSHAKE_TRAFFIC_SECRET 5211c4255c0b44657344ccd6974cdc4fe6e2b5cdb758d05084cbb9af18eeec8e 9ba3c09127fb07d80d62c19e996ae14609ccb2219b96ac122934cb9048cb8115
SERVER_TRAFFIC_SECRET_0 5211c4255c0b44657344ccd6974cdc4fe6e2b5cdb758d05084cbb9af18eeec8e 587d86e7ed69bdad98fa193fd9129e7e4307ab011d5da3269efd5bb9f639c3f7
CLIENT_TRAFFIC_SECRET_0 5211c4255c0b44657344ccd6974cdc4fe6e2b5cdb758d05084cbb9af18eeec8e 7d1340e660308a3b6efd4cf6bf360f39c7286be251645d60e0cef9a7b0927d37
SERVER_HANDSHAKE_TRAFFIC_SECRET 5034f35773a2f8c6b686e23fb40415c1b4af4df218a65372df18c7ec96c34e33 3a8098317a1a27ab7e43a804b4259131cd170510cdd4592ad16765a077f783c3
CLIENT_HANDSHAKE_TRAFFIC_SECRET 5034f35773a2f8c6b686e23fb40415c1b4af4df218a65372df18c7ec96c34e33 c04aeea7058012e6f0d28a86af8bbaaf4d0dfa3e68f5c014ab4b1ab84666af7b
SERVER_TRAFFIC_SECRET_0 5034f35773a2f8c6b686e23fb40415c1b4af4df218a65372df18c7ec96c34e33 01e14c2364ee4b2cadd957dd686242f2be54409408cbfe3423db8acb9dc9545f
SERVER_HANDSHAKE_TRAFFIC_SECRET 5034f35773a2f8c6b686e23fb40415c1b4af4df218a65372df18c7ec96c34e33 3a8098317a1a27ab7e43a804b4259131cd170510cdd4592ad16765a077f783c3
CLIENT_HANDSHAKE_TRAFFIC_SECRET 5034f35773a2f8c6b686e23fb40415c1b4af4df218a65372df18c7ec96c34e33 c04aeea7058012e6f0d28a86af8bbaaf4d0dfa3e68f5c014ab4b1ab84666af7b
SERVER_TRAFFIC_SECRET_0 5034f35773a2f8c6b686e23fb40415c1b4af4df218a65372df18c7ec96c34e33 01e14c2364ee4b2cadd957dd686242f2be54409408cbfe3423db8acb9dc9545f
CLIENT_TRAFFIC_SECRET_0 5034f35773a2f8c6b686e23fb40415c1b4af4df218a65372df18c7ec96c34e33 66775515d3fe8c78e18f46c1ebdd526d818fc8e4a583505cd5fcf730cd9b9126
SERVER_HANDSHAKE_TRAFFIC_SECRET 1e565ce20d714aab32ccfad88a999e1c607bce4419d5be284952bc914b9bbe50 3c3ff6d0b581d9d6d1faaad3ae0a8650f7166dc33f2b1afd90f9e881195bcb7e
CLIENT_HANDSHAKE_TRAFFIC_SECRET 1e565ce20d714aab32ccfad88a999e1c607bce4419d5be284952bc914b9bbe50 2ba0b9a1e183911270b59c1a552e927457ba2a158ec28272e01978d024a10734
SERVER_TRAFFIC_SECRET_0 1e565ce20d714aab32ccfad88a999e1c607bce4419d5be284952bc914b9bbe50 77159250aaefce3e203e2e3701258380514fa52523b1c8dd491fe78b562ca2e7
SERVER_HANDSHAKE_TRAFFIC_SECRET 1e565ce20d714aab32ccfad88a999e1c607bce4419d5be284952bc914b9bbe50 3c3ff6d0b581d9d6d1faaad3ae0a8650f7166dc33f2b1afd90f9e881195bcb7e
CLIENT_HANDSHAKE_TRAFFIC_SECRET 1e565ce20d714aab32ccfad88a999e1c607bce4419d5be284952bc914b9bbe50 2ba0b9a1e183911270b59c1a552e927457ba2a158ec28272e01978d024a10734
SERVER_TRAFFIC_SECRET_0 1e565ce20d714aab32ccfad88a999e1c607bce4419d5be284952bc914b9bbe50 77159250aaefce3e203e2e3701258380514fa52523b1c8dd491fe78b562ca2e7
CLIENT_TRAFFIC_SECRET_0 1e565ce20d714aab32ccfad88a999e1c607bce4419d5be284952bc914b9bbe50 ee341158dac3d5ec1b7a39e4bc58e2012f3596a87647b9feca6dccc22badb0b2
SERVER_HANDSHAKE_TRAFFIC_SECRET 586b611d783fdbda5179a3daf81fe291e0f8420af5dcf86d957d7ca235bbe94b 9de5761210ed654b00d1529d1255a4e193bc48187514238c6b2908deccd97ebf
CLIENT_HANDSHAKE_TRAFFIC_SECRET 586b611d783fdbda5179a3daf81fe291e0f8420af5dcf86d957d7ca235bbe94b a9350cc4202c9dc59d8ff115164a20d1b3dd7fc3e19f393887d603777432903e
SERVER_TRAFFIC_SECRET_0 586b611d783fdbda5179a3daf81fe291e0f8420af5dcf86d957d7ca235bbe94b 9c4b2fe41c266944c748db10f520c703b27e3506431920eae1f6158cd5ebd565
SERVER_HANDSHAKE_TRAFFIC_SECRET 586b611d783fdbda5179a3daf81fe291e0f8420af5dcf86d957d7ca235bbe94b 9de5761210ed654b00d1529d1255a4e193bc48187514238c6b2908deccd97ebf
CLIENT_HANDSHAKE_TRAFFIC_SECRET 586b611d783fdbda5179a3daf81fe291e0f8420af5dcf86d957d7ca235bbe94b a9350cc4202c9dc59d8ff115164a20d1b3dd7fc3e19f393887d603777432903e
SERVER_TRAFFIC_SECRET_0 586b611d783fdbda5179a3daf81fe291e0f8420af5dcf86d957d7ca235bbe94b 9c4b2fe41c266944c748db10f520c703b27e3506431920eae1f6158cd5ebd565
CLIENT_TRAFFIC_SECRET_0 586b611d783fdbda5179a3daf81fe291e0f8420af5dcf86d957d7ca235bbe94b e13d2df81834e7507fd844e571ffd7390119206e0b79fea78b3ba97d3d11ac27
SERVER_HANDSHAKE_TRAFFIC_SECRET f75d5cc265a633914adbe5fa28cce20f399eb189334b729156563ea8005ccd0c b668515e19b0065ce52740dd768908818194aca5519b3de15b184a65d3c4c1fe
CLIENT_HANDSHAKE_TRAFFIC_SECRET f75d5cc265a633914adbe5fa28cce20f399eb189334b729156563ea8005ccd0c 17c2b211885be33470512fd754593c0b708e698add1d10523fa4b4151eeb37ae
SERVER_TRAFFIC_SECRET_0 f75d5cc265a633914adbe5fa28cce20f399eb189334b729156563ea8005ccd0c c4a46e551ddbf8f12708aeceba19ba063490d085ff25181d16f78167365ebcee
SERVER_HANDSHAKE_TRAFFIC_SECRET f75d5cc265a633914adbe5fa28cce20f399eb189334b729156563ea8005ccd0c b668515e19b0065ce52740dd768908818194aca5519b3de15b184a65d3c4c1fe
CLIENT_HANDSHAKE_TRAFFIC_SECRET f75d5cc265a633914adbe5fa28cce20f399eb189334b729156563ea8005ccd0c 17c2b211885be33470512fd754593c0b708e698add1d10523fa4b4151eeb37ae
SERVER_TRAFFIC_SECRET_0 f75d5cc265a633914adbe5fa28cce20f399eb189334b729156563ea8005ccd0c c4a46e551ddbf8f12708aeceba19ba063490d085ff25181d16f78167365ebcee
CLIENT_TRAFFIC_SECRET_0 f75d5cc265a633914adbe5fa28cce20f399eb189334b729156563ea8005ccd0c 22ed3250cf4aba2d754fec44a9913d592198a9ef4af1353ee454971c86d15137
SERVER_HANDSHAKE_TRAFFIC_SECRET eb1cd1276f82fe59d1c26b381db4e3bb92cfde9baaca6db4d25b7236696e0c58 67029fdbf255279eb9d5489591e412bd90b80bbd3bdbe8f0f2efc130f325c655
CLIENT_HANDSHAKE_TRAFFIC_SECRET eb1cd1276f82fe59d1c26b381db4e3bb92cfde9baaca6db4d25b7236696e0c58 6a68e083226a29281581645d2917b8004a7d51bf7508e47e46e05325142d5b27
SERVER_TRAFFIC_SECRET_0 eb1cd1276f82fe59d1c26b381db4e3bb92cfde9baaca6db4d25b7236696e0c58 d20d53dad5e524377ab799503a791abe111868383fe336204a8dd7eb123808a0
SERVER_HANDSHAKE_TRAFFIC_SECRET eb1cd1276f82fe59d1c26b381db4e3bb92cfde9baaca6db4d25b7236696e0c58 67029fdbf255279eb9d5489591e412bd90b80bbd3bdbe8f0f2efc130f325c655
CLIENT_HANDSHAKE_TRAFFIC_SECRET eb1cd1276f82fe59d1c26b381db4e3bb92cfde9baaca6db4d25b7236696e0c58 6a68e083226a29281581645d2917b8004a7d51bf7508e47e46e05325142d5b27
SERVER_TRAFFIC_SECRET_0 eb1cd1276f82fe59d1c26b381db4e3bb92cfde9baaca6db4d25b7236696e0c58 d20d53dad5e524377ab799503a791abe111868383fe336204a8dd7eb123808a0
CLIENT_TRAFFIC_SECRET_0 eb1cd1276f82fe59d1c26b381db4e3bb92cfde9baaca6db4d25b7236696e0c58 df11d0a9cea4bfa5dc136fe8655064fb501652426cc6a2115e3215e907afeedf
SERVER_HANDSHAKE_TRAFFIC_SECRET 9e59eb0eed8cfb728ce708232d6e458ee82ff7649d4dfa22a1302c9ffe954b2c 94589218d70c5a8f7dd749d64fe6ec9767bc4979f886a0aa4ab1ee5ddf991ee6
CLIENT_HANDSHAKE_TRAFFIC_SECRET 9e59eb0eed8cfb728ce708232d6e458ee82ff7649d4dfa22a1302c9ffe954b2c 3939a405c0fcc838c43403da8da115e2a5d445ace74b5396d5bd521855f7929c
SERVER_TRAFFIC_SECRET_0 9e59eb0eed8cfb728ce708232d6e458ee82ff7649d4dfa22a1302c9ffe954b2c 1c57c10afe6ff342bc109c8009a2a1e9a82663ad23d45d55b2592b8b24d8e06c
SERVER_HANDSHAKE_TRAFFIC_SECRET 9e59eb0eed8cfb728ce708232d6e458ee82ff7649d4dfa22a1302c9ffe954b2c 94589218d70c5a8f7dd749d64fe6ec9767bc4979f886a0aa4ab1ee5ddf991ee6
CLIENT_HANDSHAKE_TRAFFIC_SECRET 9e59eb0eed8cfb728ce708232d6e458ee82ff7649d4dfa22a1302c9ffe954b2c 3939a405c0fcc838c43403da8da115e2a5d445ace74b5396d5bd521855f7929c
SERVER_TRAFFIC_SECRET_0 9e59eb0eed8cfb728ce708232d6e458ee82ff7649d4dfa22a1302c9ffe954b2c 1c57c10afe6ff342bc109c8009a2a1e9a82663ad23d45d55b2592b8b24d8e06c
CLIENT_TRAFFIC_SECRET_0 9e59eb0eed8cfb728ce708232d6e458ee82ff7649d4dfa22a1302c9ffe954b2c d2df93a11c7b627523404d8785c86795cb2ac05dcb07de60029c0af942ce3f67
SERVER_HANDSHAKE_TRAFFIC_SECRET d3bb8ccc385c8cb1530e8e202dfbe6c17855ae7b6536779bbd0dfffee3ae9404 0a59b9c502a60fd79d1c99f8c22219956d15293e79e5e1d71b4441d9fe6af195
CLIENT_HANDSHAKE_TRAFFIC_SECRET d3bb8ccc385c8cb1530e8e202dfbe6c17855ae7b6536779bbd0dfffee3ae9404 89ead4d3336912cde438c6fbe093cae8a5f8a9ba9db4b75b17a336b687ee7253
SERVER_TRAFFIC_SECRET_0 d3bb8ccc385c8cb1530e8e202dfbe6c17855ae7b6536779bbd0dfffee3ae9404 02cb84e9eb77c773f01d2596d9aa90f524dd4dd8745705e8658d55d20befe1dc
SERVER_HANDSHAKE_TRAFFIC_SECRET d3bb8ccc385c8cb1530e8e202dfbe6c17855ae7b6536779bbd0dfffee3ae9404 0a59b9c502a60fd79d1c99f8c22219956d15293e79e5e1d71b4441d9fe6af195
CLIENT_HANDSHAKE_TRAFFIC_SECRET d3bb8ccc385c8cb1530e8e202dfbe6c17855ae7b6536779bbd0dfffee3ae9404 89ead4d3336912cde438c6fbe093cae8a5f8a9ba9db4b75b17a336b687ee7253
SERVER_TRAFFIC_SECRET_0 d3bb8ccc385c8cb1530e8e202dfbe6c17855ae7b6536779bbd0dfffee3ae9404 02cb84e9eb77c773f01d2596d9aa90f524dd4dd8745705e8658d55d20befe1dc
CLIENT_TRAFFIC_SECRET_0 d3bb8ccc385c8cb1530e8e202dfbe6c17855ae7b6536779bbd0dfffee3ae9404 e68f57483887e026e75fb6ffabeb4d145553f1eecedf3506246a5f43370b6a96
SERVER_HANDSHAKE_TRAFFIC_SECRET f027e96e0c9fb5db643f68809cf00159b0ed789aeaec4c791e543996fa16ebce 33108fa305cdd61407de2cd926a9fafc34adfe9c133997800dde119e663c7649
CLIENT_HANDSHAKE_TRAFFIC_SECRET f027e96e0c9fb5db643f68809cf00159b0ed789aeaec4c791e543996fa16ebce 0ba568272770189d2db9351980297188c7eb0712fecd4e12791c4a8a36d7e84b
SERVER_TRAFFIC_SECRET_0 f027e96e0c9fb5db643f68809cf00159b0ed789aeaec4c791e543996fa16ebce 5894fbf24087291693fea136c763384eac3273635d5fc37bb69b3c43c254cb4d
SERVER_HANDSHAKE_TRAFFIC_SECRET f027e96e0c9fb5db643f68809cf00159b0ed789aeaec4c791e543996fa16ebce 33108fa305cdd61407de2cd926a9fafc34adfe9c133997800dde119e663c7649
CLIENT_HANDSHAKE_TRAFFIC_SECRET f027e96e0c9fb5db643f68809cf00159b0ed789aeaec4c791e543996fa16ebce 0ba568272770189d2db9351980297188c7eb0712fecd4e12791c4a8a36d7e84b
SERVER_TRAFFIC_SECRET_0 f027e96e0c9fb5db643f68809cf00159b0ed789aeaec4c791e543996fa16ebce 5894fbf24087291693fea136c763384eac3273635d5fc37bb69b3c43c254cb4d
CLIENT_TRAFFIC_SECRET_0 f027e96e0c9fb5db643f68809cf00159b0ed789aeaec4c791e543996fa16ebce 13cf247f7e29432e605109efb7691134b98aaabebf3b61edf8dc744cecfccab9
SERVER_HANDSHAKE_TRAFFIC_SECRET 2d50b322b9165a23c58a81ad8f274e1a1681e9f1361ebe409eb2a1e9371f1bfc 570472ad78aa395f3e4a636ef07fb010c4442b60a15c430415bb6741f90f7fc8
CLIENT_HANDSHAKE_TRAFFIC_SECRET 2d50b322b9165a23c58a81ad8f274e1a1681e9f1361ebe409eb2a1e9371f1bfc 6e96adf65a0847c38e5a8e75cb9e699c0c1e9a3a594468cfde617a2a193d896a
SERVER_TRAFFIC_SECRET_0 2d50b322b9165a23c58a81ad8f274e1a1681e9f1361ebe409eb2a1e9371f1bfc e57061beb52d663a9aaf86956f8b52196480ef84db4326ab02237f618db3924a
SERVER_HANDSHAKE_TRAFFIC_SECRET 2d50b322b9165a23c58a81ad8f274e1a1681e9f1361ebe409eb2a1e9371f1bfc 570472ad78aa395f3e4a636ef07fb010c4442b60a15c430415bb6741f90f7fc8
CLIENT_HANDSHAKE_TRAFFIC_SECRET 2d50b322b9165a23c58a81ad8f274e1a1681e9f1361ebe409eb2a1e9371f1bfc 6e96adf65a0847c38e5a8e75cb9e699c0c1e9a3a594468cfde617a2a193d896a
SERVER_TRAFFIC_SECRET_0 2d50b322b9165a23c58a81ad8f274e1a1681e9f1361ebe409eb2a1e9371f1bfc e57061beb52d663a9aaf86956f8b52196480ef84db4326ab02237f618db3924a
CLIENT_TRAFFIC_SECRET_0 2d50b322b9165a23c58a81ad8f274e1a1681e9f1361ebe409eb2a1e9371f1bfc ed68534382284079cf5e10fea235725076fc15eabbf87d79093d51e11a86f7cd
SERVER_HANDSHAKE_TRAFFIC_SECRET c6981fa0bf0d99830c1489cc77f8bee05200b7832d4dd60f155f9daf34830200 8bc75953fafc115fb4f0110e28583c2356d380b7a37fe6da5ab61b478a0e2d05
CLIENT_HANDSHAKE_TRAFFIC_SECRET c6981fa0bf0d99830c1489cc77f8bee05200b7832d4dd60f155f9daf34830200 691c7fec95c863fbdf727db90ac3b72b4f882d2a4554ea4c0573d7fb84fe2aff
SERVER_TRAFFIC_SECRET_0 c6981fa0bf0d99830c1489cc77f8bee05200b7832d4dd60f155f9daf34830200 b27b96ed699b5414df0f5583b15fd2ca2ebb9cf0b5475e2e2dfeab50d4ac122b
SERVER_HANDSHAKE_TRAFFIC_SECRET c6981fa0bf0d99830c1489cc77f8bee05200b7832d4dd60f155f9daf34830200 8bc75953fafc115fb4f0110e28583c2356d380b7a37fe6da5ab61b478a0e2d05
CLIENT_HANDSHAKE_TRAFFIC_SECRET c6981fa0bf0d99830c1489cc77f8bee05200b7832d4dd60f155f9daf34830200 691c7fec95c863fbdf727db90ac3b72b4f882d2a4554ea4c0573d7fb84fe2aff
SERVER_TRAFFIC_SECRET_0 c6981fa0bf0d99830c1489cc77f8bee05200b7832d4dd60f155f9daf34830200 b27b96ed699b5414df0f5583b15fd2ca2ebb9cf0b5475e2e2dfeab50d4ac122b
CLIENT_TRAFFIC_SECRET_0 c6981fa0bf0d99830c1489cc77f8bee05200b7832d4dd60f155f9daf34830200 6ecbd7d6a1718871c944fab5b9169a278381fde5f8ddec3a8b8573f62a9972a6
SERVER_HANDSHAKE_TRAFFIC_SECRET 433959e4e92fb32481980332984181e849463e7879db42625d4d51bbee558251 05a1b8a2801d4e89ae7b80888862228d6721b0c16f4116860cb3e31d38fdd6e5
CLIENT_HANDSHAKE_TRAFFIC_SECRET 433959e4e92fb32481980332984181e849463e7879db42625d4d51bbee558251 bb29dbbb0abd1951ea95b6fc0456d65aadb391231b4e80831fcd1bc576e8a575
SERVER_TRAFFIC_SECRET_0 433959e4e92fb32481980332984181e849463e7879db42625d4d51bbee558251 5c890e2f23d1fcb2c899537c6b9e3a17d97db2fa177af30cdd4dc72e89317089
SERVER_HANDSHAKE_TRAFFIC_SECRET 433959e4e92fb32481980332984181e849463e7879db42625d4d51bbee558251 05a1b8a2801d4e89ae7b80888862228d6721b0c16f4116860cb3e31d38fdd6e5
CLIENT_HANDSHAKE_TRAFFIC_SECRET 433959e4e92fb32481980332984181e849463e7879db42625d4d51bbee558251 bb29dbbb0abd1951ea95b6fc0456d65aadb391231b4e80831fcd1bc576e8a575
SERVER_TRAFFIC_SECRET_0 433959e4e92fb32481980332984181e849463e7879db42625d4d51bbee558251 5c890e2f23d1fcb2c899537c6b9e3a17d97db2fa177af30cdd4dc72e89317089
CLIENT_TRAFFIC_SECRET_0 433959e4e92fb32481980332984181e849463e7879db42625d4d51bbee558251 a2b59a7c653cbf45e584ea82b19b64f2c7d13d81149b274d6ac6a601eb21abc7
SERVER_HANDSHAKE_TRAFFIC_SECRET 7f606bb819ad0c6ef40cf5df72370e0d828bba3a368531779c48204cc3daebb9 5c78539531b4507f9b24d493a6921cedf9fff5ed4e0bee82d60a4aa28a245b81
CLIENT_HANDSHAKE_TRAFFIC_SECRET 7f606bb819ad0c6ef40cf5df72370e0d828bba3a368531779c48204cc3daebb9 448aaa5856d63c24be0d42fa1ada8c53c9c366587dc9118bbd298934ac650ef5
SERVER_TRAFFIC_SECRET_0 7f606bb819ad0c6ef40cf5df72370e0d828bba3a368531779c48204cc3daebb9 acc7e15f12d615cc68fadb82d5a6f229e1d18ff4d4038927cb5927a1fa0b358f
SERVER_HANDSHAKE_TRAFFIC_SECRET 7f606bb819ad0c6ef40cf5df72370e0d828bba3a368531779c48204cc3daebb9 5c78539531b4507f9b24d493a6921cedf9fff5ed4e0bee82d60a4aa28a245b81
CLIENT_HANDSHAKE_TRAFFIC_SECRET 7f606bb819ad0c6ef40cf5df72370e0d828bba3a368531779c48204cc3daebb9 448aaa5856d63c24be0d42fa1ada8c53c9c366587dc9118bbd298934ac650ef5
SERVER_TRAFFIC_SECRET_0 7f606bb819ad0c6ef40cf5df72370e0d828bba3a368531779c48204cc3daebb9 acc7e15f12d615cc68fadb82d5a6f229e1d18ff4d4038927cb5927a1fa0b358f
CLIENT_TRAFFIC_SECRET_0 7f606bb819ad0c6ef40cf5df72370e0d828bba3a368531779c48204cc3daebb9 7986956736fa951d2c91086ec22499f49b8f41ed2434e61a0132fc8a4770299a
SERVER_HANDSHAKE_TRAFFIC_SECRET bdbe6a8370cff051fdac3e80b66c5d2c4d0cbdf3c7c2f0877821368b3c727387 7bf8959f60f832da025c6eaa02fdce58e9164fbc25e88fc0693fb51756672b60
CLIENT_HANDSHAKE_TRAFFIC_SECRET bdbe6a8370cff051fdac3e80b66c5d2c4d0cbdf3c7c2f0877821368b3c727387 e1c0ca72b4fb815f214d506600ee272c0ff72903b1cb84362f98817c8abbd8f4
SERVER_TRAFFIC_SECRET_0 bdbe6a8370cff051fdac3e80b66c5d2c4d0cbdf3c7c2f0877821368b3c727387 01d2362dafe5bacae2e2661a485d933095db32ef4f89374885864e2bc6a33aea
SERVER_HANDSHAKE_TRAFFIC_SECRET bdbe6a8370cff051fdac3e80b66c5d2c4d0cbdf3c7c2f0877821368b3c727387 7bf8959f60f832da025c6eaa02fdce58e9164fbc25e88fc0693fb51756672b60
CLIENT_HANDSHAKE_TRAFFIC_SECRET bdbe6a8370cff051fdac3e80b66c5d2c4d0cbdf3c7c2f0877821368b3c727387 e1c0ca72b4fb815f214d506600ee272c0ff72903b1cb84362f98817c8abbd8f4
SERVER_TRAFFIC_SECRET_0 bdbe6a8370cff051fdac3e80b66c5d2c4d0cbdf3c7c2f0877821368b3c727387 01d2362dafe5bacae2e2661a485d933095db32ef4f89374885864e2bc6a33aea
CLIENT_TRAFFIC_SECRET_0 bdbe6a8370cff051fdac3e80b66c5d2c4d0cbdf3c7c2f0877821368b3c727387 411e4ce2459d50432155316a3a919ae36ba93a8869fc58dd443061eba3482d89
SERVER_HANDSHAKE_TRAFFIC_SECRET 4028e0f7da07de692fe6f107044804585dd26853a22e70f6c2cd8d6a89747238 35ac9c9d997a30ea8e600c974258df307acdcceea639e6feb7dd60472c5fe3e7
CLIENT_HANDSHAKE_TRAFFIC_SECRET 4028e0f7da07de692fe6f107044804585dd26853a22e70f6c2cd8d6a89747238 6c1122625aa19c92b045f028b419299206e532c96deacbf9a757f7cbcf2fac02
SERVER_TRAFFIC_SECRET_0 4028e0f7da07de692fe6f107044804585dd26853a22e70f6c2cd8d6a89747238 ceaa3b8a2b43546ecb05efdb29d98aae7dc0f96e7747eee1e2ccb24953ff6d91
SERVER_HANDSHAKE_TRAFFIC_SECRET 4028e0f7da07de692fe6f107044804585dd26853a22e70f6c2cd8d6a89747238 35ac9c9d997a30ea8e600c974258df307acdcceea639e6feb7dd60472c5fe3e7
CLIENT_HANDSHAKE_TRAFFIC_SECRET 4028e0f7da07de692fe6f107044804585dd26853a22e70f6c2cd8d6a89747238 6c1122625aa19c92b045f028b419299206e532c96deacbf9a757f7cbcf2fac02
SERVER_TRAFFIC_SECRET_0 4028e0f7da07de692fe6f107044804585dd26853a22e70f6c2cd8d6a89747238 ceaa3b8a2b43546ecb05efdb29d98aae7dc0f96e7747eee1e2ccb24953ff6d91
CLIENT_TRAFFIC_SECRET_0 4028e0f7da07de692fe6f107044804585dd26853a22e70f6c2cd8d6a89747238 81b7f76945dc9acdafc9c0e4052deb0d499bda3d8816f98bb3b9da0a998d2e61
CLIENT_TRAFFIC_SECRET_0 4028e0f7da07de692fe6f107044804585dd26853a22e70f6c2cd8d6a89747238 81b7f76945dc9acdafc9c0e4052deb0d499bda3d8816f98bb3b9da0a998d2e61
SERVER_HANDSHAKE_TRAFFIC_SECRET 83adf8a10dafdaf941c8e8f19e919be880de1c423741c464cac66dafb7334323 562ac77f653416132fb413b634c63e748e970c3ab9b309ce796bc96e5b5606ac
CLIENT_HANDSHAKE_TRAFFIC_SECRET 83adf8a10dafdaf941c8e8f19e919be880de1c423741c464cac66dafb7334323 ae745bec9d9c0499bec5d2d7cd0e25a43e23474302312a1992d2b3f7533e95dd
SERVER_TRAFFIC_SECRET_0 83adf8a10dafdaf941c8e8f19e919be880de1c423741c464cac66dafb7334323 06a6c89d40d9027e5359e3b103942a84aca965f4aa671cf4f97acd189624ad57
SERVER_HANDSHAKE_TRAFFIC_SECRET 83adf8a10dafdaf941c8e8f19e919be880de1c423741c464cac66dafb7334323 562ac77f653416132fb413b634c63e748e970c3ab9b309ce796bc96e5b5606ac
CLIENT_HANDSHAKE_TRAFFIC_SECRET 83adf8a10dafdaf941c8e8f19e919be880de1c423741c464cac66dafb7334323 ae745bec9d9c0499bec5d2d7cd0e25a43e23474302312a1992d2b3f7533e95dd
SERVER_TRAFFIC_SECRET_0 83adf8a10dafdaf941c8e8f19e919be880de1c423741c464cac66dafb7334323 06a6c89d40d9027e5359e3b103942a84aca965f4aa671cf4f97acd189624ad57
CLIENT_TRAFFIC_SECRET_0 83adf8a10dafdaf941c8e8f19e919be880de1c423741c464cac66dafb7334323 ae1fa6f541244434cb50d8ffd6d4b9691c936b930fdc8b8f83258f7e8650797a
CLIENT_TRAFFIC_SECRET_0 83adf8a10dafdaf941c8e8f19e919be880de1c423741c464cac66dafb7334323 ae1fa6f541244434cb50d8ffd6d4b9691c936b930fdc8b8f83258f7e8650797a
SERVER_HANDSHAKE_TRAFFIC_SECRET 8500454f32fe5de73f36e99a93fe30b80bfce6caf8200d797924727d0b8ec2b0 ebc64f2077f80822b7bd4a25a6400d4fdc551ae8e6e3b9902f5316951cfbef06
CLIENT_HANDSHAKE_TRAFFIC_SECRET 8500454f32fe5de73f36e99a93fe30b80bfce6caf8200d797924727d0b8ec2b0 60454d4c6e97d0d5c189f44f5fb51dc2ed12e1bf7cd66847a9adb07b280f4f7a
SERVER_TRAFFIC_SECRET_0 8500454f32fe5de73f36e99a93fe30b80bfce6caf8200d797924727d0b8ec2b0 83db5adffd29967eaf051691ce663b9adf2f8306cb94b71b48e8c2556997ea23
SERVER_HANDSHAKE_TRAFFIC_SECRET 8500454f32fe5de73f36e99a93fe30b80bfce6caf8200d797924727d0b8ec2b0 ebc64f2077f80822b7bd4a25a6400d4fdc551ae8e6e3b9902f5316951cfbef06
CLIENT_HANDSHAKE_TRAFFIC_SECRET 8500454f32fe5de73f36e99a93fe30b80bfce6caf8200d797924727d0b8ec2b0 60454d4c6e97d0d5c189f44f5fb51dc2ed12e1bf7cd66847a9adb07b280f4f7a
SERVER_TRAFFIC_SECRET_0 8500454f32fe5de73f36e99a93fe30b80bfce6caf8200d797924727d0b8ec2b0 83db5adffd29967eaf051691ce663b9adf2f8306cb94b71b48e8c2556997ea23
CLIENT_TRAFFIC_SECRET_0 8500454f32fe5de73f36e99a93fe30b80bfce6caf8200d797924727d0b8ec2b0 dafcb7cefff9cc8ff161956edd9c411f5ac11580720c1d7782773ee063be6852
CLIENT_TRAFFIC_SECRET_0 8500454f32fe5de73f36e99a93fe30b80bfce6caf8200d797924727d0b8ec2b0 dafcb7cefff9cc8ff161956edd9c411f5ac11580720c1d7782773ee063be6852
SERVER_HANDSHAKE_TRAFFIC_SECRET c53f1044359f04b79618703c2805b3801ac0ea1ce0338355c00e9430a3632826 d3899948beba911990cdfd96c6e8ce8449ef72b55251d5ff6cc1eaeda0cc63e0
CLIENT_HANDSHAKE_TRAFFIC_SECRET c53f1044359f04b79618703c2805b3801ac0ea1ce0338355c00e9430a3632826 80c98990854ae2798c0888afe3d597cc6a1db41484fc911cadf2118dc3811bf6
SERVER_TRAFFIC_SECRET_0 c53f1044359f04b79618703c2805b3801ac0ea1ce0338355c00e9430a3632826 497e1a8abf489ad5ceb6cb19a5a1f0c016ac4a7d741e0ccebe1986713f296942
SERVER_HANDSHAKE_TRAFFIC_SECRET c53f1044359f04b79618703c2805b3801ac0ea1ce0338355c00e9430a3632826 d3899948beba911990cdfd96c6e8ce8449ef72b55251d5ff6cc1eaeda0cc63e0
CLIENT_HANDSHAKE_TRAFFIC_SECRET c53f1044359f04b79618703c2805b3801ac0ea1ce0338355c00e9430a3632826 80c98990854ae2798c0888afe3d597cc6a1db41484fc911cadf2118dc3811bf6
SERVER_TRAFFIC_SECRET_0 c53f1044359f04b79618703c2805b3801ac0ea1ce0338355c00e9430a3632826 497e1a8abf489ad5ceb6cb19a5a1f0c016ac4a7d741e0ccebe1986713f296942
CLIENT_TRAFFIC_SECRET_0 c53f1044359f04b79618703c2805b3801ac0ea1ce0338355c00e9430a3632826 6603f8b0abd77b13ef659a2ab8be40911dba413b30d3053ca517bcff8f38de60
CLIENT_TRAFFIC_SECRET_0 c53f1044359f04b79618703c2805b3801ac0ea1ce0338355c00e9430a3632826 6603f8b0abd77b13ef659a2ab8be40911dba413b30d3053ca517bcff8f38de60
SERVER_HANDSHAKE_TRAFFIC_SECRET 88d1c6b8fe8169c7c995293de3f4e022073ebd746ab87c134b4e93fa8324bdfc 0b5a281052b03847f104534a0e9f66a348b6331a817761a503f8dd78b1aa2d57
CLIENT_HANDSHAKE_TRAFFIC_SECRET 88d1c6b8fe8169c7c995293de3f4e022073ebd746ab87c134b4e93fa8324bdfc 2ea447370870ab696c5b7f0e80b1191279780bca67a2fbf58533974a4355f7f9
SERVER_TRAFFIC_SECRET_0 88d1c6b8fe8169c7c995293de3f4e022073ebd746ab87c134b4e93fa8324bdfc f14d54c4b199751953a23741302755fb34f57a3974ea12c92b60298791847cff
SERVER_HANDSHAKE_TRAFFIC_SECRET 88d1c6b8fe8169c7c995293de3f4e022073ebd746ab87c134b4e93fa8324bdfc 0b5a281052b03847f104534a0e9f66a348b6331a817761a503f8dd78b1aa2d57
CLIENT_HANDSHAKE_TRAFFIC_SECRET 88d1c6b8fe8169c7c995293de3f4e022073ebd746ab87c134b4e93fa8324bdfc 2ea447370870ab696c5b7f0e80b1191279780bca67a2fbf58533974a4355f7f9
SERVER_TRAFFIC_SECRET_0 88d1c6b8fe8169c7c995293de3f4e022073ebd746ab87c134b4e93fa8324bdfc f14d54c4b199751953a23741302755fb34f57a3974ea12c92b60298791847cff
CLIENT_TRAFFIC_SECRET_0 88d1c6b8fe8169c7c995293de3f4e022073ebd746ab87c134b4e93fa8324bdfc 81eb3347566aed0d403c1cde5d590cedafcd5c1cea098fdf28caf03454510700
CLIENT_TRAFFIC_SECRET_0 88d1c6b8fe8169c7c995293de3f4e022073ebd746ab87c134b4e93fa8324bdfc 81eb3347566aed0d403c1cde5d590cedafcd5c1cea098fdf28caf03454510700
SERVER_HANDSHAKE_TRAFFIC_SECRET 54e5cf99b26d55c76893e3ae2badc959244311c0e7bcfcb3e5f7d289467e3ea4 9d0364cba772cef66e5837b3a74de165563c336873ea300983479c76dbb8be8a
CLIENT_HANDSHAKE_TRAFFIC_SECRET 54e5cf99b26d55c76893e3ae2badc959244311c0e7bcfcb3e5f7d289467e3ea4 c7a0077a57412b5562a87a4103a27b1b3e07a56cfbf6341befb270227a7f7988
SERVER_TRAFFIC_SECRET_0 54e5cf99b26d55c76893e3ae2badc959244311c0e7bcfcb3e5f7d289467e3ea4 e96aa137ec2c7a2aa7cbe5f110d1b8ff46215a03f8ab3b83cde06e4138c95867
SERVER_HANDSHAKE_TRAFFIC_SECRET 54e5cf99b26d55c76893e3ae2badc959244311c0e7bcfcb3e5f7d289467e3ea4 9d0364cba772cef66e5837b3a74de165563c336873ea300983479c76dbb8be8a
CLIENT_HANDSHAKE_TRAFFIC_SECRET 54e5cf99b26d55c76893e3ae2badc959244311c0e7bcfcb3e5f7d289467e3ea4 c7a0077a57412b5562a87a4103a27b1b3e07a56cfbf6341befb270227a7f7988
SERVER_TRAFFIC_SECRET_0 54e5cf99b26d55c76893e3ae2badc959244311c0e7bcfcb3e5f7d289467e3ea4 e96aa137ec2c7a2aa7cbe5f110d1b8ff46215a03f8ab3b83cde06e4138c95867
CLIENT_TRAFFIC_SECRET_0 54e5cf99b26d55c76893e3ae2badc959244311c0e7bcfcb3e5f7d289467e3ea4 f4a1d9b541ba927c6c36fac6d8625db24fd6dd99f1f862323548b7d648d8eef2
CLIENT_TRAFFIC_SECRET_0 54e5cf99b26d55c76893e3ae2badc959244311c0e7bcfcb3e5f7d289467e3ea4 f4a1d9b541ba927c6c36fac6d8625db24fd6dd99f1f862323548b7d648d8eef2
SERVER_HANDSHAKE_TRAFFIC_SECRET 58356645c552b7fd4fb8dbdbacfc671bd45dfb19651fc68a39aa50210b01d38a 7d9093febebc9d46925156d5131a09c2fa77bec7d16734d66ce8aa25245e5a8c
CLIENT_HANDSHAKE_TRAFFIC_SECRET 58356645c552b7fd4fb8dbdbacfc671bd45dfb19651fc68a39aa50210b01d38a a4c1644ed231767813f65df990f5253f8f0292e0644824b78dd982639ff92174
SERVER_TRAFFIC_SECRET_0 58356645c552b7fd4fb8dbdbacfc671bd45dfb19651fc68a39aa50210b01d38a b0c80e503433eebaf22d5b2f4333e5648c2cc66c2d0feb0f1da159402c731522
SERVER_HANDSHAKE_TRAFFIC_SECRET 58356645c552b7fd4fb8dbdbacfc671bd45dfb19651fc68a39aa50210b01d38a 7d9093febebc9d46925156d5131a09c2fa77bec7d16734d66ce8aa25245e5a8c
CLIENT_HANDSHAKE_TRAFFIC_SECRET 58356645c552b7fd4fb8dbdbacfc671bd45dfb19651fc68a39aa50210b01d38a a4c1644ed231767813f65df990f5253f8f0292e0644824b78dd982639ff92174
SERVER_TRAFFIC_SECRET_0 58356645c552b7fd4fb8dbdbacfc671bd45dfb19651fc68a39aa50210b01d38a b0c80e503433eebaf22d5b2f4333e5648c2cc66c2d0feb0f1da159402c731522
CLIENT_TRAFFIC_SECRET_0 58356645c552b7fd4fb8dbdbacfc671bd45dfb19651fc68a39aa50210b01d38a 15b077eefcdc2837565f5e4064f97086c510be13637a5e85b7aaa59494c15382
CLIENT_TRAFFIC_SECRET_0 58356645c552b7fd4fb8dbdbacfc671bd45dfb19651fc68a39aa50210b01d38a 15b077eefcdc2837565f5e4064f97086c510be13637a5e85b7aaa59494c15382
SERVER_HANDSHAKE_TRAFFIC_SECRET 731f26023655397d588d87979e1a225534a3fe9f2f4bb05f9430b593b443e534 ad0cdaf613ba673d68def781d94648ff1985b18bb2af3ca94d01104076691f57
CLIENT_HANDSHAKE_TRAFFIC_SECRET 731f26023655397d588d87979e1a225534a3fe9f2f4bb05f9430b593b443e534 5b82f31c44805cefe7509c2021618068cce58b78cdfc75eb7cbd1194eb075f41
SERVER_TRAFFIC_SECRET_0 731f26023655397d588d87979e1a225534a3fe9f2f4bb05f9430b593b443e534 18f5340226c866f000f705d18f890f1abcc43314a49c32f7130aa4fdb21d30b0
SERVER_HANDSHAKE_TRAFFIC_SECRET 731f26023655397d588d87979e1a225534a3fe9f2f4bb05f9430b593b443e534 ad0cdaf613ba673d68def781d94648ff1985b18bb2af3ca94d01104076691f57
CLIENT_HANDSHAKE_TRAFFIC_SECRET 731f26023655397d588d87979e1a225534a3fe9f2f4bb05f9430b593b443e534 5b82f31c44805cefe7509c2021618068cce58b78cdfc75eb7cbd1194eb075f41
SERVER_TRAFFIC_SECRET_0 731f26023655397d588d87979e1a225534a3fe9f2f4bb05f9430b593b443e534 18f5340226c866f000f705d18f890f1abcc43314a49c32f7130aa4fdb21d30b0
CLIENT_TRAFFIC_SECRET_0 731f26023655397d588d87979e1a225534a3fe9f2f4bb05f9430b593b443e534 e99fd4bae82a7f05593c7cb1ead853364fd1e6b7b615e94982835d161a698008
CLIENT_TRAFFIC_SECRET_0 731f26023655397d588d87979e1a225534a3fe9f2f4bb05f9430b593b443e534 e99fd4bae82a7f05593c7cb1ead853364fd1e6b7b615e94982835d161a698008
SERVER_HANDSHAKE_TRAFFIC_SECRET f4bb9b50125a778bcdc4b5c67f621db5b13bbf51c5268016bbd59e2bfd3dff45 c83ac383900a28fe99c62fca43b1f4ff5edf629325407f25824fbf9e2d53865f
CLIENT_HANDSHAKE_TRAFFIC_SECRET f4bb9b50125a778bcdc4b5c67f621db5b13bbf51c5268016bbd59e2bfd3dff45 61d29e6b25f4a6f276cb9f6438db6d856b1657f2d5826804de5d598c4c580cea
SERVER_TRAFFIC_SECRET_0 f4bb9b50125a778bcdc4b5c67f621db5b13bbf51c5268016bbd59e2bfd3dff45 c08d321fd9286c493f026541b6d6fa99276cbc182f1f8e1058bcde40facbd16a
SERVER_HANDSHAKE_TRAFFIC_SECRET f4bb9b50125a778bcdc4b5c67f621db5b13bbf51c5268016bbd59e2bfd3dff45 c83ac383900a28fe99c62fca43b1f4ff5edf629325407f25824fbf9e2d53865f
CLIENT_HANDSHAKE_TRAFFIC_SECRET f4bb9b50125a778bcdc4b5c67f621db5b13bbf51c5268016bbd59e2bfd3dff45 61d29e6b25f4a6f276cb9f6438db6d856b1657f2d5826804de5d598c4c580cea
SERVER_TRAFFIC_SECRET_0 f4bb9b50125a778bcdc4b5c67f621db5b13bbf51c5268016bbd59e2bfd3dff45 c08d321fd9286c493f026541b6d6fa99276cbc182f1f8e1058bcde40facbd16a
CLIENT_TRAFFIC_SECRET_0 f4bb9b50125a778bcdc4b5c67f621db5b13bbf51c5268016bbd59e2bfd3dff45 1b1e39aa7aa0427df35365c6831bb49ce07c001cef51279ef2c3e788f4fd84c5
CLIENT_TRAFFIC_SECRET_0 f4bb9b50125a778bcdc4b5c67f621db5b13bbf51c5268016bbd59e2bfd3dff45 1b1e39aa7aa0427df35365c6831bb49ce07c001cef51279ef2c3e788f4fd84c5
SERVER_HANDSHAKE_TRAFFIC_SECRET 1b4947b5607d85cd298047f0371f1c06c52af57c8996b29e97ac4054b1e74ebf 55b977c399eda3aacd1a2c555dac9e7c03e6585cdac0612ee760a4c645bd850a
CLIENT_HANDSHAKE_TRAFFIC_SECRET 1b4947b5607d85cd298047f0371f1c06c52af57c8996b29e97ac4054b1e74ebf 9453f40a539b48de7727f2a0d36480b9d6036529e51757b98471a83a789d8a54
SERVER_TRAFFIC_SECRET_0 1b4947b5607d85cd298047f0371f1c06c52af57c8996b29e97ac4054b1e74ebf 61d6c7128d5ceeb476bbc0cf738631860c57d909c06d2c976c6195b211ef23bc
SERVER_HANDSHAKE_TRAFFIC_SECRET 1b4947b5607d85cd298047f0371f1c06c52af57c8996b29e97ac4054b1e74ebf 55b977c399eda3aacd1a2c555dac9e7c03e6585cdac0612ee760a4c645bd850a
CLIENT_HANDSHAKE_TRAFFIC_SECRET 1b4947b5607d85cd298047f0371f1c06c52af57c8996b29e97ac4054b1e74ebf 9453f40a539b48de7727f2a0d36480b9d6036529e51757b98471a83a789d8a54
SERVER_TRAFFIC_SECRET_0 1b4947b5607d85cd298047f0371f1c06c52af57c8996b29e97ac4054b1e74ebf 61d6c7128d5ceeb476bbc0cf738631860c57d909c06d2c976c6195b211ef23bc
CLIENT_TRAFFIC_SECRET_0 1b4947b5607d85cd298047f0371f1c06c52af57c8996b29e97ac4054b1e74ebf 9131a2848fff069a122980e945da682370cdae1abdb265576e64457bf96c6975
CLIENT_TRAFFIC_SECRET_0 1b4947b5607d85cd298047f0371f1c06c52af57c8996b29e97ac4054b1e74ebf 9131a2848fff069a122980e945da682370cdae1abdb265576e64457bf96c6975
SERVER_HANDSHAKE_TRAFFIC_SECRET 0c3beef3d520eb5c577d48ec148ddc345255adce50e362b8ba04dcbbba4d1869 37f44f22e6b3121bf3a0e1ab9869f273cb3459afbcb5c58f9d5c42bf5f306e22
CLIENT_HANDSHAKE_TRAFFIC_SECRET 0c3beef3d520eb5c577d48ec148ddc345255adce50e362b8ba04dcbbba4d1869 a98f4bf4b9e0b443c18e25145ba893dbb5ce63c9dd81d443bb123035aee95f77
SERVER_TRAFFIC_SECRET_0 0c3beef3d520eb5c577d48ec148ddc345255adce50e362b8ba04dcbbba4d1869 f5bcba1925099b5f3f85cd3b753933548e4ec7168e5e2bbd83b6212c9e4944ef
SERVER_HANDSHAKE_TRAFFIC_SECRET 0c3beef3d520eb5c577d48ec148ddc345255adce50e362b8ba04dcbbba4d1869 37f44f22e6b3121bf3a0e1ab9869f273cb3459afbcb5c58f9d5c42bf5f306e22
CLIENT_HANDSHAKE_TRAFFIC_SECRET 0c3beef3d520eb5c577d48ec148ddc345255adce50e362b8ba04dcbbba4d1869 a98f4bf4b9e0b443c18e25145ba893dbb5ce63c9dd81d443bb123035aee95f77
SERVER_TRAFFIC_SECRET_0 0c3beef3d520eb5c577d48ec148ddc345255adce50e362b8ba04dcbbba4d1869 f5bcba1925099b5f3f85cd3b753933548e4ec7168e5e2bbd83b6212c9e4944ef
CLIENT_TRAFFIC_SECRET_0 0c3beef3d520eb5c577d48ec148ddc345255adce50e362b8ba04dcbbba4d1869 fa0fec7622455805479f59c45001807ec7afe536b62df2def29c5465d54e138e
CLIENT_TRAFFIC_SECRET_0 0c3beef3d520eb5c577d48ec148ddc345255adce50e362b8ba04dcbbba4d1869 fa0fec7622455805479f59c45001807ec7afe536b62df2def29c5465d54e138e
SERVER_HANDSHAKE_TRAFFIC_SECRET 79a6efd831c46a34a9d9bc7e912a7ecb3dae0c5cfd6697472184500932ffe39b 85b196cb3231a90c7341a481498acc077508098ea4a541f3d7381fcbdc447406
CLIENT_HANDSHAKE_TRAFFIC_SECRET 79a6efd831c46a34a9d9bc7e912a7ecb3dae0c5cfd6697472184500932ffe39b 408abbdac2d4f33177c1d8b6d235537228e28b1407f3a02b570f60602ab3c172
SERVER_TRAFFIC_SECRET_0 79a6efd831c46a34a9d9bc7e912a7ecb3dae0c5cfd6697472184500932ffe39b 431edbb001f7ff29f6fabd80e8719dc631ddb4a7b0174b411b270840b6682e8f
SERVER_HANDSHAKE_TRAFFIC_SECRET 79a6efd831c46a34a9d9bc7e912a7ecb3dae0c5cfd6697472184500932ffe39b 85b196cb3231a90c7341a481498acc077508098ea4a541f3d7381fcbdc447406
CLIENT_HANDSHAKE_TRAFFIC_SECRET 79a6efd831c46a34a9d9bc7e912a7ecb3dae0c5cfd6697472184500932ffe39b 408abbdac2d4f33177c1d8b6d235537228e28b1407f3a02b570f60602ab3c172
SERVER_TRAFFIC_SECRET_0 79a6efd831c46a34a9d9bc7e912a7ecb3dae0c5cfd6697472184500932ffe39b 431edbb001f7ff29f6fabd80e8719dc631ddb4a7b0174b411b270840b6682e8f
CLIENT_TRAFFIC_SECRET_0 79a6efd831c46a34a9d9bc7e912a7ecb3dae0c5cfd6697472184500932ffe39b aa8a5a477eee4cfc55378e71bf346723eadf8f5d776dcd470a879c32f3e4a659
CLIENT_TRAFFIC_SECRET_0 79a6efd831c46a34a9d9bc7e912a7ecb3dae0c5cfd6697472184500932ffe39b aa8a5a477eee4cfc55378e71bf346723eadf8f5d776dcd470a879c32f3e4a659
SERVER_HANDSHAKE_TRAFFIC_SECRET 099ea0246a9f6ce437419f7a76506cb109c2dbfecf8ba9de34a9702de28bf3fa 1e2d007563bbccff295e58bf77fc84c36917954d7e8b91aa1aec2ce47e36de66
CLIENT_HANDSHAKE_TRAFFIC_SECRET 099ea0246a9f6ce437419f7a76506cb109c2dbfecf8ba9de34a9702de28bf3fa e864eb00efa1ab5af7bb4b745380b97fd8d65848bb6068a1f1ca1a16392e28b4
SERVER_TRAFFIC_SECRET_0 099ea0246a9f6ce437419f7a76506cb109c2dbfecf8ba9de34a9702de28bf3fa 01e8a03cc875115f7447f65446c86ca9807f1fbbb45ea2e9fc8aabd49067680f
SERVER_HANDSHAKE_TRAFFIC_SECRET 099ea0246a9f6ce437419f7a76506cb109c2dbfecf8ba9de34a9702de28bf3fa 1e2d007563bbccff295e58bf77fc84c36917954d7e8b91aa1aec2ce47e36de66
CLIENT_HANDSHAKE_TRAFFIC_SECRET 099ea0246a9f6ce437419f7a76506cb109c2dbfecf8ba9de34a9702de28bf3fa e864eb00efa1ab5af7bb4b745380b97fd8d65848bb6068a1f1ca1a16392e28b4
SERVER_TRAFFIC_SECRET_0 099ea0246a9f6ce437419f7a76506cb109c2dbfecf8ba9de34a9702de28bf3fa 01e8a03cc875115f7447f65446c86ca9807f1fbbb45ea2e9fc8aabd49067680f
CLIENT_TRAFFIC_SECRET_0 099ea0246a9f6ce437419f7a76506cb109c2dbfecf8ba9de34a9702de28bf3fa c5a1e2c9bf7e094405bab8bb0d119c1ce591f102f386eedb613c097f104a46f9
CLIENT_TRAFFIC_SECRET_0 099ea0246a9f6ce437419f7a76506cb109c2dbfecf8ba9de34a9702de28bf3fa c5a1e2c9bf7e094405bab8bb0d119c1ce591f102f386eedb613c097f104a46f9
SERVER_HANDSHAKE_TRAFFIC_SECRET a14b9c70e0c4b62ceb0b34cbb7d483b97f30638ee74b6e2bcc243dab53d24bf3 266cc4cb0cd34e2c11e3f2cd9343e7b52bb99e9edf49a93c464625f80ea0b5e2
CLIENT_HANDSHAKE_TRAFFIC_SECRET a14b9c70e0c4b62ceb0b34cbb7d483b97f30638ee74b6e2bcc243dab53d24bf3 1a163042d991d4e4d97fd5be1ce3243dfe23ae9e7775871ee5a1f3e22db06e32
SERVER_TRAFFIC_SECRET_0 a14b9c70e0c4b62ceb0b34cbb7d483b97f30638ee74b6e2bcc243dab53d24bf3 5f3311fd77082d521b2b83737b5e20ecde01367f03ec6a7c41bb236e5d58cedd
SERVER_HANDSHAKE_TRAFFIC_SECRET a14b9c70e0c4b62ceb0b34cbb7d483b97f30638ee74b6e2bcc243dab53d24bf3 266cc4cb0cd34e2c11e3f2cd9343e7b52bb99e9edf49a93c464625f80ea0b5e2
CLIENT_HANDSHAKE_TRAFFIC_SECRET a14b9c70e0c4b62ceb0b34cbb7d483b97f30638ee74b6e2bcc243dab53d24bf3 1a163042d991d4e4d97fd5be1ce3243dfe23ae9e7775871ee5a1f3e22db06e32
SERVER_TRAFFIC_SECRET_0 a14b9c70e0c4b62ceb0b34cbb7d483b97f30638ee74b6e2bcc243dab53d24bf3 5f3311fd77082d521b2b83737b5e20ecde01367f03ec6a7c41bb236e5d58cedd
CLIENT_TRAFFIC_SECRET_0 a14b9c70e0c4b62ceb0b34cbb7d483b97f30638ee74b6e2bcc243dab53d24bf3 92dffc4e16dc84e4607bece4e12291851628be4e025ecb74e2d0e4ea3eaba36a
CLIENT_TRAFFIC_SECRET_0 a14b9c70e0c4b62ceb0b34cbb7d483b97f30638ee74b6e2bcc243dab53d24bf3 92dffc4e16dc84e4607bece4e12291851628be4e025ecb74e2d0e4ea3eaba36a
SERVER_HANDSHAKE_TRAFFIC_SECRET 4d6b07face5b258df494ac40af5abc607e56b8817123c9a892148e4587390f07 1acbec2c4692e90aec772e9dfefd4df18d391abf70811a303578879f5f87c205
CLIENT_HANDSHAKE_TRAFFIC_SECRET 4d6b07face5b258df494ac40af5abc607e56b8817123c9a892148e4587390f07 d15fabbf971143cd717443db1fb5a9bdf7db5df3f40bdd7674e53ae88a9cab51
SERVER_TRAFFIC_SECRET_0 4d6b07face5b258df494ac40af5abc607e56b8817123c9a892148e4587390f07 46d2fea25df721ea09c99eae56df039857bba188021e32af62b3939c9f2e419d
SERVER_HANDSHAKE_TRAFFIC_SECRET 4d6b07face5b258df494ac40af5abc607e56b8817123c9a892148e4587390f07 1acbec2c4692e90aec772e9dfefd4df18d391abf70811a303578879f5f87c205
CLIENT_HANDSHAKE_TRAFFIC_SECRET 4d6b07face5b258df494ac40af5abc607e56b8817123c9a892148e4587390f07 d15fabbf971143cd717443db1fb5a9bdf7db5df3f40bdd7674e53ae88a9cab51
SERVER_TRAFFIC_SECRET_0 4d6b07face5b258df494ac40af5abc607e56b8817123c9a892148e4587390f07 46d2fea25df721ea09c99eae56df039857bba188021e32af62b3939c9f2e419d
CLIENT_TRAFFIC_SECRET_0 4d6b07face5b258df494ac40af5abc607e56b8817123c9a892148e4587390f07 957f530ab68f15a1c547f207dd7cd830647a8388b4e886188b5c6245408352fa
CLIENT_TRAFFIC_SECRET_0 4d6b07face5b258df494ac40af5abc607e56b8817123c9a892148e4587390f07 957f530ab68f15a1c547f207dd7cd830647a8388b4e886188b5c6245408352fa
SERVER_HANDSHAKE_TRAFFIC_SECRET 07b40fdbc49cbd0fe8f563ae1ba11bb0fea2ead4d47f03c22cd72af8a414c05c 0f98a445374d5d304ad69c9c8929827326a05156878108d93f698d64f635b650
CLIENT_HANDSHAKE_TRAFFIC_SECRET 07b40fdbc49cbd0fe8f563ae1ba11bb0fea2ead4d47f03c22cd72af8a414c05c b186a40d3fafffa4a3af9c352a18745333f4706e61f71929d0e084dfa438e269
SERVER_TRAFFIC_SECRET_0 07b40fdbc49cbd0fe8f563ae1ba11bb0fea2ead4d47f03c22cd72af8a414c05c 6d59cb1d8b18c8cf13e36d7c720ce9438c4a4b6de9f457367eae7ae8f0d78cab
SERVER_HANDSHAKE_TRAFFIC_SECRET 07b40fdbc49cbd0fe8f563ae1ba11bb0fea2ead4d47f03c22cd72af8a414c05c 0f98a445374d5d304ad69c9c8929827326a05156878108d93f698d64f635b650
CLIENT_HANDSHAKE_TRAFFIC_SECRET 07b40fdbc49cbd0fe8f563ae1ba11bb0fea2ead4d47f03c22cd72af8a414c05c b186a40d3fafffa4a3af9c352a18745333f4706e61f71929d0e084dfa438e269
SERVER_HANDSHAKE_TRAFFIC_SECRET 023ab389df5399849388e1a356d1c1f82c3ae7790b8e87ae7f2a251377c1d4c9 e6430976389f9b962fcbd6c140fe72d1854237e3813a2d6a8ea4ba2f3e10601f
CLIENT_HANDSHAKE_TRAFFIC_SECRET 023ab389df5399849388e1a356d1c1f82c3ae7790b8e87ae7f2a251377c1d4c9 c26ca0878dec63ecb499f6fd2f362938a79e02203c678ef6c383810e167fd9f1
SERVER_TRAFFIC_SECRET_0 023ab389df5399849388e1a356d1c1f82c3ae7790b8e87ae7f2a251377c1d4c9 daebc17d3e4e9bbe37ec8c135309c9fdfe4c6caf3e48f872e8ef5ea4df106639
SERVER_HANDSHAKE_TRAFFIC_SECRET 023ab389df5399849388e1a356d1c1f82c3ae7790b8e87ae7f2a251377c1d4c9 e6430976389f9b962fcbd6c140fe72d1854237e3813a2d6a8ea4ba2f3e10601f
CLIENT_HANDSHAKE_TRAFFIC_SECRET 023ab389df5399849388e1a356d1c1f82c3ae7790b8e87ae7f2a251377c1d4c9 c26ca0878dec63ecb499f6fd2f362938a79e02203c678ef6c383810e167fd9f1
SERVER_TRAFFIC_SECRET_0 023ab389df5399849388e1a356d1c1f82c3ae7790b8e87ae7f2a251377c1d4c9 daebc17d3e4e9bbe37ec8c135309c9fdfe4c6caf3e48f872e8ef5ea4df106639
CLIENT_TRAFFIC_SECRET_0 023ab389df5399849388e1a356d1c1f82c3ae7790b8e87ae7f2a251377c1d4c9 964f9e83706819ce50fb568fe885c58b6b5511b87c940c57589a568084cfe81c
CLIENT_TRAFFIC_SECRET_0 023ab389df5399849388e1a356d1c1f82c3ae7790b8e87ae7f2a251377c1d4c9 964f9e83706819ce50fb568fe885c58b6b5511b87c940c57589a568084cfe81c
SERVER_HANDSHAKE_TRAFFIC_SECRET 6bfd95511323a932e37255a593f218da87500a76955cdd9d8239f707e5f7282b 5070f48bf8c4401ae3ef813133d257cc210af1835aeb318233d924ae9c35761f
CLIENT_HANDSHAKE_TRAFFIC_SECRET 6bfd95511323a932e37255a593f218da87500a76955cdd9d8239f707e5f7282b cf9867f4574201c276b4332e92ac8b008bae6cad05d68cfabc29ada65758abd1
SERVER_TRAFFIC_SECRET_0 6bfd95511323a932e37255a593f218da87500a76955cdd9d8239f707e5f7282b 3f0d9fb9372cd3bcdfdc6cab71da5da0a410a9e87e46b0259fbc5ba4b30e105f
SERVER_HANDSHAKE_TRAFFIC_SECRET 6bfd95511323a932e37255a593f218da87500a76955cdd9d8239f707e5f7282b 5070f48bf8c4401ae3ef813133d257cc210af1835aeb318233d924ae9c35761f
CLIENT_HANDSHAKE_TRAFFIC_SECRET 6bfd95511323a932e37255a593f218da87500a76955cdd9d8239f707e5f7282b cf9867f4574201c276b4332e92ac8b008bae6cad05d68cfabc29ada65758abd1
SERVER_TRAFFIC_SECRET_0 6bfd95511323a932e37255a593f218da87500a76955cdd9d8239f707e5f7282b 3f0d9fb9372cd3bcdfdc6cab71da5da0a410a9e87e46b0259fbc5ba4b30e105f
CLIENT_TRAFFIC_SECRET_0 6bfd95511323a932e37255a593f218da87500a76955cdd9d8239f707e5f7282b f31595ffe5748fe51139647882540bf79205389a6355e7be81579c2cc2291d38
CLIENT_TRAFFIC_SECRET_0 6bfd95511323a932e37255a593f218da87500a76955cdd9d8239f707e5f7282b f31595ffe5748fe51139647882540bf79205389a6355e7be81579c2cc2291d38
SERVER_HANDSHAKE_TRAFFIC_SECRET cff7fba92b8783b312293017e17566965341764c929e7b47d3201f4fcdeda247 d360c405cf423dac1f9bc6ac6a66650be8c1a9c68e7582df3043351286b45c63
CLIENT_HANDSHAKE_TRAFFIC_SECRET cff7fba92b8783b312293017e17566965341764c929e7b47d3201f4fcdeda247 2bd8649f2128b2e0ec92d7bd2b22e4f3e206c33b35d36050e39c3584d699c0bd
SERVER_TRAFFIC_SECRET_0 cff7fba92b8783b312293017e17566965341764c929e7b47d3201f4fcdeda247 38f8b0a3b6b2cef1ee0c10718c8dea5ac20d38376ae3d70c27440851dfb5d516
SERVER_HANDSHAKE_TRAFFIC_SECRET cff7fba92b8783b312293017e17566965341764c929e7b47d3201f4fcdeda247 d360c405cf423dac1f9bc6ac6a66650be8c1a9c68e7582df3043351286b45c63
CLIENT_HANDSHAKE_TRAFFIC_SECRET cff7fba92b8783b312293017e17566965341764c929e7b47d3201f4fcdeda247 2bd8649f2128b2e0ec92d7bd2b22e4f3e206c33b35d36050e39c3584d699c0bd
SERVER_TRAFFIC_SECRET_0 cff7fba92b8783b312293017e17566965341764c929e7b47d3201f4fcdeda247 38f8b0a3b6b2cef1ee0c10718c8dea5ac20d38376ae3d70c27440851dfb5d516
CLIENT_TRAFFIC_SECRET_0 cff7fba92b8783b312293017e17566965341764c929e7b47d3201f4fcdeda247 efd3a6f93ae0a3f7ce341c34f2f8bddb4fe56419dfdaf6019b1f3bc2000924eb
CLIENT_TRAFFIC_SECRET_0 cff7fba92b8783b312293017e17566965341764c929e7b47d3201f4fcdeda247 efd3a6f93ae0a3f7ce341c34f2f8bddb4fe56419dfdaf6019b1f3bc2000924eb
SERVER_HANDSHAKE_TRAFFIC_SECRET bdf4d90fe3e6b0d6af34bcef5787d1599a754992b19400f595aee795b8ff3f31 48473cbf995169eea58db6065413abad3158b2eedc30b268de2d490b9b7ef14c
CLIENT_HANDSHAKE_TRAFFIC_SECRET bdf4d90fe3e6b0d6af34bcef5787d1599a754992b19400f595aee795b8ff3f31 3375936665535ac4d9fa616e93037ae9c4fe2d54b959da98c2a3cb03d890b42c
SERVER_TRAFFIC_SECRET_0 bdf4d90fe3e6b0d6af34bcef5787d1599a754992b19400f595aee795b8ff3f31 5537120875ad8207183283c4e3a1fedf3c9649bac28fce97584f44c2737cdd0d
SERVER_HANDSHAKE_TRAFFIC_SECRET bdf4d90fe3e6b0d6af34bcef5787d1599a754992b19400f595aee795b8ff3f31 48473cbf995169eea58db6065413abad3158b2eedc30b268de2d490b9b7ef14c
CLIENT_HANDSHAKE_TRAFFIC_SECRET bdf4d90fe3e6b0d6af34bcef5787d1599a754992b19400f595aee795b8ff3f31 3375936665535ac4d9fa616e93037ae9c4fe2d54b959da98c2a3cb03d890b42c
SERVER_TRAFFIC_SECRET_0 bdf4d90fe3e6b0d6af34bcef5787d1599a754992b19400f595aee795b8ff3f31 5537120875ad8207183283c4e3a1fedf3c9649bac28fce97584f44c2737cdd0d
CLIENT_TRAFFIC_SECRET_0 bdf4d90fe3e6b0d6af34bcef5787d1599a754992b19400f595aee795b8ff3f31 799e75445602858e8bad57ef2f4f59492c7eb66658cb27724d795f5886ad8597
CLIENT_TRAFFIC_SECRET_0 bdf4d90fe3e6b0d6af34bcef5787d1599a754992b19400f595aee795b8ff3f31 799e75445602858e8bad57ef2f4f59492c7eb66658cb27724d795f5886ad8597
SERVER_HANDSHAKE_TRAFFIC_SECRET 322dead38c055918924fa4ef6245034d4d59fcdc16d8bd9ed361b7ede43d20a8 0764cdfcf6fb315d4276994b51e2f929827773b5ca4bce4f316afb1e527456fb
CLIENT_HANDSHAKE_TRAFFIC_SECRET 322dead38c055918924fa4ef6245034d4d59fcdc16d8bd9ed361b7ede43d20a8 11252b1bcc5f4a2e9ae35df4ef428edacb27f58950aa65b200fe810e269a8275
SERVER_TRAFFIC_SECRET_0 322dead38c055918924fa4ef6245034d4d59fcdc16d8bd9ed361b7ede43d20a8 0d444aa130b2bdc645fb3d3b3b43aee704594a35a399358f22e5ff8c04394d05
SERVER_HANDSHAKE_TRAFFIC_SECRET 322dead38c055918924fa4ef6245034d4d59fcdc16d8bd9ed361b7ede43d20a8 0764cdfcf6fb315d4276994b51e2f929827773b5ca4bce4f316afb1e527456fb
CLIENT_HANDSHAKE_TRAFFIC_SECRET 322dead38c055918924fa4ef6245034d4d59fcdc16d8bd9ed361b7ede43d20a8 11252b1bcc5f4a2e9ae35df4ef428edacb27f58950aa65b200fe810e269a8275
SERVER_TRAFFIC_SECRET_0 322dead38c055918924fa4ef6245034d4d59fcdc16d8bd9ed361b7ede43d20a8 0d444aa130b2bdc645fb3d3b3b43aee704594a35a399358f22e5ff8c04394d05
CLIENT_TRAFFIC_SECRET_0 322dead38c055918924fa4ef6245034d4d59fcdc16d8bd9ed361b7ede43d20a8 f4e49d4ebfca8c378281c263b7ac0fbcff304007490802ade3cca427803db71d
CLIENT_TRAFFIC_SECRET_0 322dead38c055918924fa4ef6245034d4d59fcdc16d8bd9ed361b7ede43d20a8 f4e49d4ebfca8c378281c263b7ac0fbcff304007490802ade3cca427803db71d
SERVER_HANDSHAKE_TRAFFIC_SECRET 28f9f1d101feae7d176cb570b19a8947bed956e138963e097b174a84a9cae02d 796a7477ec625fe707d55b99d5230aa099d0bb671cc4cf3c48d178fb934a01c6
CLIENT_HANDSHAKE_TRAFFIC_SECRET 28f9f1d101feae7d176cb570b19a8947bed956e138963e097b174a84a9cae02d 4f1578232db24d786ddec4907150cc4f32e56aca11e3cb2074fb47afba9fd6f5
SERVER_TRAFFIC_SECRET_0 28f9f1d101feae7d176cb570b19a8947bed956e138963e097b174a84a9cae02d d74e267c57b9e2a80590ba5b435140b9082af0a5dfaa8e055cab0f85442aeeaf
SERVER_HANDSHAKE_TRAFFIC_SECRET 28f9f1d101feae7d176cb570b19a8947bed956e138963e097b174a84a9cae02d 796a7477ec625fe707d55b99d5230aa099d0bb671cc4cf3c48d178fb934a01c6
CLIENT_HANDSHAKE_TRAFFIC_SECRET 28f9f1d101feae7d176cb570b19a8947bed956e138963e097b174a84a9cae02d 4f1578232db24d786ddec4907150cc4f32e56aca11e3cb2074fb47afba9fd6f5
SERVER_TRAFFIC_SECRET_0 28f9f1d101feae7d176cb570b19a8947bed956e138963e097b174a84a9cae02d d74e267c57b9e2a80590ba5b435140b9082af0a5dfaa8e055cab0f85442aeeaf
CLIENT_TRAFFIC_SECRET_0 28f9f1d101feae7d176cb570b19a8947bed956e138963e097b174a84a9cae02d 2a4252b77758d9ceacfc9b88c85012c9473bb0f4023f132bc8fc6b0e68518d81
CLIENT_TRAFFIC_SECRET_0 28f9f1d101feae7d176cb570b19a8947bed956e138963e097b174a84a9cae02d 2a4252b77758d9ceacfc9b88c85012c9473bb0f4023f132bc8fc6b0e68518d81
SERVER_HANDSHAKE_TRAFFIC_SECRET 90a1abdab3d6ee803e813d0eb4863f3c4e75ac357fe1a89e41e6bb49ac3dcd7b 1e731eabc30115ae90538fb7a05d1940346ca795339a88869db96643195c13bf
CLIENT_HANDSHAKE_TRAFFIC_SECRET 90a1abdab3d6ee803e813d0eb4863f3c4e75ac357fe1a89e41e6bb49ac3dcd7b 27cd68b2298e53ea0ca407d1368609b25df6e72b5e7cfff59b08fd59d06d3611
SERVER_TRAFFIC_SECRET_0 90a1abdab3d6ee803e813d0eb4863f3c4e75ac357fe1a89e41e6bb49ac3dcd7b 0b7dc8dd1c7343acc58277a358f92bdaea3539b6f634cf0d252f31948b3bd563
SERVER_HANDSHAKE_TRAFFIC_SECRET 90a1abdab3d6ee803e813d0eb4863f3c4e75ac357fe1a89e41e6bb49ac3dcd7b 1e731eabc30115ae90538fb7a05d1940346ca795339a88869db96643195c13bf
CLIENT_HANDSHAKE_TRAFFIC_SECRET 90a1abdab3d6ee803e813d0eb4863f3c4e75ac357fe1a89e41e6bb49ac3dcd7b 27cd68b2298e53ea0ca407d1368609b25df6e72b5e7cfff59b08fd59d06d3611
SERVER_TRAFFIC_SECRET_0 90a1abdab3d6ee803e813d0eb4863f3c4e75ac357fe1a89e41e6bb49ac3dcd7b 0b7dc8dd1c7343acc58277a358f92bdaea3539b6f634cf0d252f31948b3bd563
CLIENT_TRAFFIC_SECRET_0 90a1abdab3d6ee803e813d0eb4863f3c4e75ac357fe1a89e41e6bb49ac3dcd7b 4bca1570d0fa2471c2c61506a9fae000d91a503aa5442d9a181769137e58db12
CLIENT_TRAFFIC_SECRET_0 90a1abdab3d6ee803e813d0eb4863f3c4e75ac357fe1a89e41e6bb49ac3dcd7b 4bca1570d0fa2471c2c61506a9fae000d91a503aa5442d9a181769137e58db12
SERVER_HANDSHAKE_TRAFFIC_SECRET 6e7af4a1f941a7064a0604cd92d90b1c98c30da04c3ca98c1704ea4962220e81 355f1c53d56f901016abd0eb1714d278c8cf7c921fbe0bda0561ec2c871a33c8
CLIENT_HANDSHAKE_TRAFFIC_SECRET 6e7af4a1f941a7064a0604cd92d90b1c98c30da04c3ca98c1704ea4962220e81 02ca46ceed36a0f4504a7d9d51dfd053fd3795ed9df9784d7d371984a952f71b
SERVER_TRAFFIC_SECRET_0 6e7af4a1f941a7064a0604cd92d90b1c98c30da04c3ca98c1704ea4962220e81 ab04418843f2abc5e37c1ad455040af2d9014f8a464031eccb19dbbf52eab12d
SERVER_HANDSHAKE_TRAFFIC_SECRET 6e7af4a1f941a7064a0604cd92d90b1c98c30da04c3ca98c1704ea4962220e81 355f1c53d56f901016abd0eb1714d278c8cf7c921fbe0bda0561ec2c871a33c8
CLIENT_HANDSHAKE_TRAFFIC_SECRET 6e7af4a1f941a7064a0604cd92d90b1c98c30da04c3ca98c1704ea4962220e81 02ca46ceed36a0f4504a7d9d51dfd053fd3795ed9df9784d7d371984a952f71b
SERVER_TRAFFIC_SECRET_0 6e7af4a1f941a7064a0604cd92d90b1c98c30da04c3ca98c1704ea4962220e81 ab04418843f2abc5e37c1ad455040af2d9014f8a464031eccb19dbbf52eab12d
CLIENT_TRAFFIC_SECRET_0 6e7af4a1f941a7064a0604cd92d90b1c98c30da04c3ca98c1704ea4962220e81 d65ef2d8af5c0c1bad8ad8249988ea7c509c64aa2ac4049d14ddaae5db5b04e3
CLIENT_TRAFFIC_SECRET_0 6e7af4a1f941a7064a0604cd92d90b1c98c30da04c3ca98c1704ea4962220e81 d65ef2d8af5c0c1bad8ad8249988ea7c509c64aa2ac4049d14ddaae5db5b04e3
SERVER_HANDSHAKE_TRAFFIC_SECRET dd9e3ab288577bd06924090bb5bafcc5954b9864c08e345472a377dc2780bd9f 8a1eb75368427573b10b18492169a3383ce71edf360663dbda1969dd1edb6884
CLIENT_HANDSHAKE_TRAFFIC_SECRET dd9e3ab288577bd06924090bb5bafcc5954b9864c08e345472a377dc2780bd9f c04d162aad518923530eae7ae371b2af562219ae57067abce214e23be11661ab
SERVER_TRAFFIC_SECRET_0 dd9e3ab288577bd06924090bb5bafcc5954b9864c08e345472a377dc2780bd9f 8567ae878462e0c50369df0bfacc0f1be9f893f4cc8730e14ad7dafc86a93a11
SERVER_HANDSHAKE_TRAFFIC_SECRET dd9e3ab288577bd06924090bb5bafcc5954b9864c08e345472a377dc2780bd9f 8a1eb75368427573b10b18492169a3383ce71edf360663dbda1969dd1edb6884
CLIENT_HANDSHAKE_TRAFFIC_SECRET dd9e3ab288577bd06924090bb5bafcc5954b9864c08e345472a377dc2780bd9f c04d162aad518923530eae7ae371b2af562219ae57067abce214e23be11661ab
SERVER_TRAFFIC_SECRET_0 dd9e3ab288577bd06924090bb5bafcc5954b9864c08e345472a377dc2780bd9f 8567ae878462e0c50369df0bfacc0f1be9f893f4cc8730e14ad7dafc86a93a11
CLIENT_TRAFFIC_SECRET_0 dd9e3ab288577bd06924090bb5bafcc5954b9864c08e345472a377dc2780bd9f 6d10e76352d7205fe08c2f2d386a3ef4f816027f7a6ca383790982e4174ca23f
CLIENT_TRAFFIC_SECRET_0 dd9e3ab288577bd06924090bb5bafcc5954b9864c08e345472a377dc2780bd9f 6d10e76352d7205fe08c2f2d386a3ef4f816027f7a6ca383790982e4174ca23f
SERVER_HANDSHAKE_TRAFFIC_SECRET c727b85bab1130d6fde9bcce4853911b79bfe7870e325039e5b7c3cb0d86fed5 5cb51d68c3641043cf190c30398fb6175c1de86951de2a5e839634e9148c41bb
CLIENT_HANDSHAKE_TRAFFIC_SECRET c727b85bab1130d6fde9bcce4853911b79bfe7870e325039e5b7c3cb0d86fed5 af82b7fdab81730c66db7104ae9393bc20a480ee999549fa9031a0f59f9e2efd
SERVER_TRAFFIC_SECRET_0 c727b85bab1130d6fde9bcce4853911b79bfe7870e325039e5b7c3cb0d86fed5 05f1d445091b23f2910f0affec3c79f6227df7e41bbbf12f4953b6a22486c79d
SERVER_HANDSHAKE_TRAFFIC_SECRET c727b85bab1130d6fde9bcce4853911b79bfe7870e325039e5b7c3cb0d86fed5 5cb51d68c3641043cf190c30398fb6175c1de86951de2a5e839634e9148c41bb
CLIENT_HANDSHAKE_TRAFFIC_SECRET c727b85bab1130d6fde9bcce4853911b79bfe7870e325039e5b7c3cb0d86fed5 af82b7fdab81730c66db7104ae9393bc20a480ee999549fa9031a0f59f9e2efd
SERVER_TRAFFIC_SECRET_0 c727b85bab1130d6fde9bcce4853911b79bfe7870e325039e5b7c3cb0d86fed5 05f1d445091b23f2910f0affec3c79f6227df7e41bbbf12f4953b6a22486c79d
CLIENT_TRAFFIC_SECRET_0 c727b85bab1130d6fde9bcce4853911b79bfe7870e325039e5b7c3cb0d86fed5 070c4c4816d14e25c12e9c946b809e3346883fce797ded4c2d51bdecbb758295
CLIENT_TRAFFIC_SECRET_0 c727b85bab1130d6fde9bcce4853911b79bfe7870e325039e5b7c3cb0d86fed5 070c4c4816d14e25c12e9c946b809e3346883fce797ded4c2d51bdecbb758295
SERVER_HANDSHAKE_TRAFFIC_SECRET 0e6b4c8121c7de023c8e0bd41b38ca6dad24d3d225ccda71b4402db9747ca815 453f0d8c14392299194b5f73672c6e05c044902a0e1c3c5145bddd99122cb15f
CLIENT_HANDSHAKE_TRAFFIC_SECRET 0e6b4c8121c7de023c8e0bd41b38ca6dad24d3d225ccda71b4402db9747ca815 c3e69681195d675c37f01f3c25b8b111af9a1d56fa7291a992b2500accf58b89
SERVER_TRAFFIC_SECRET_0 0e6b4c8121c7de023c8e0bd41b38ca6dad24d3d225ccda71b4402db9747ca815 014a433a7bec41675c3095243c4d88f141b403c89c0792681b36642ffe160a03
SERVER_HANDSHAKE_TRAFFIC_SECRET 0e6b4c8121c7de023c8e0bd41b38ca6dad24d3d225ccda71b4402db9747ca815 453f0d8c14392299194b5f73672c6e05c044902a0e1c3c5145bddd99122cb15f
CLIENT_HANDSHAKE_TRAFFIC_SECRET 0e6b4c8121c7de023c8e0bd41b38ca6dad24d3d225ccda71b4402db9747ca815 c3e69681195d675c37f01f3c25b8b111af9a1d56fa7291a992b2500accf58b89
SERVER_TRAFFIC_SECRET_0 0e6b4c8121c7de023c8e0bd41b38ca6dad24d3d225ccda71b4402db9747ca815 014a433a7bec41675c3095243c4d88f141b403c89c0792681b36642ffe160a03
CLIENT_TRAFFIC_SECRET_0 0e6b4c8121c7de023c8e0bd41b38ca6dad24d3d225ccda71b4402db9747ca815 8217e20d739bab58f8bc489be9f12d1be885a1fe8aeddfd4f25fe9dd29d6484a
CLIENT_TRAFFIC_SECRET_0 0e6b4c8121c7de023c8e0bd41b38ca6dad24d3d225ccda71b4402db9747ca815 8217e20d739bab58f8bc489be9f12d1be885a1fe8aeddfd4f25fe9dd29d6484a
SERVER_HANDSHAKE_TRAFFIC_SECRET 11542ffc084d80e96eb15840f37b4bb764aff6b49ad360e693b8c2d4734632ac a005e66e36bc6160b2c37e714a41771f3b68bf2ded72fc7c3419bf594986756e
CLIENT_HANDSHAKE_TRAFFIC_SECRET 11542ffc084d80e96eb15840f37b4bb764aff6b49ad360e693b8c2d4734632ac f6369127a585a020e318066f06171193b846a66e17b643b3e5213e0e6e987b5f
SERVER_TRAFFIC_SECRET_0 11542ffc084d80e96eb15840f37b4bb764aff6b49ad360e693b8c2d4734632ac 04b6c72b042bde618e8fd886542cc0167cebc5a52d2744c9a10701ed314ee6a1
SERVER_HANDSHAKE_TRAFFIC_SECRET 11542ffc084d80e96eb15840f37b4bb764aff6b49ad360e693b8c2d4734632ac a005e66e36bc6160b2c37e714a41771f3b68bf2ded72fc7c3419bf594986756e
CLIENT_HANDSHAKE_TRAFFIC_SECRET 11542ffc084d80e96eb15840f37b4bb764aff6b49ad360e693b8c2d4734632ac f6369127a585a020e318066f06171193b846a66e17b643b3e5213e0e6e987b5f
SERVER_TRAFFIC_SECRET_0 11542ffc084d80e96eb15840f37b4bb764aff6b49ad360e693b8c2d4734632ac 04b6c72b042bde618e8fd886542cc0167cebc5a52d2744c9a10701ed314ee6a1
CLIENT_TRAFFIC_SECRET_0 11542ffc084d80e96eb15840f37b4bb764aff6b49ad360e693b8c2d4734632ac 32652d8012b468dc2024860538f01856d428a6ade8300f1f87088a055555233c
CLIENT_TRAFFIC_SECRET_0 11542ffc084d80e96eb15840f37b4bb764aff6b49ad360e693b8c2d4734632ac 32652d8012b468dc2024860538f01856d428a6ade8300f1f87088a055555233c
SERVER_HANDSHAKE_TRAFFIC_SECRET 58238d846e2a9231ca1a873e75d62b8d45732aab3fd7bc701a3d207720946632 9b304b10f8f8137a7872fb2bc1481b4943563aa30dda07f7e6c3332af41e0201
CLIENT_HANDSHAKE_TRAFFIC_SECRET 58238d846e2a9231ca1a873e75d62b8d45732aab3fd7bc701a3d207720946632 7974bcb5fa54054c92ef31bae345895d7ed0d94d421a9b13720bc6de4f7a2fc3
SERVER_TRAFFIC_SECRET_0 58238d846e2a9231ca1a873e75d62b8d45732aab3fd7bc701a3d207720946632 cd4598cbb37980a88c55aea692afd45e51476ab4c794283a077962ba26bbcbf8
SERVER_HANDSHAKE_TRAFFIC_SECRET 58238d846e2a9231ca1a873e75d62b8d45732aab3fd7bc701a3d207720946632 9b304b10f8f8137a7872fb2bc1481b4943563aa30dda07f7e6c3332af41e0201
CLIENT_HANDSHAKE_TRAFFIC_SECRET 58238d846e2a9231ca1a873e75d62b8d45732aab3fd7bc701a3d207720946632 7974bcb5fa54054c92ef31bae345895d7ed0d94d421a9b13720bc6de4f7a2fc3
SERVER_TRAFFIC_SECRET_0 58238d846e2a9231ca1a873e75d62b8d45732aab3fd7bc701a3d207720946632 cd4598cbb37980a88c55aea692afd45e51476ab4c794283a077962ba26bbcbf8
CLIENT_TRAFFIC_SECRET_0 58238d846e2a9231ca1a873e75d62b8d45732aab3fd7bc701a3d207720946632 ac6acc387b8e5172aabedb64a2bde9c6d580a300acac65f19704de20581494e6
CLIENT_TRAFFIC_SECRET_0 58238d846e2a9231ca1a873e75d62b8d45732aab3fd7bc701a3d207720946632 ac6acc387b8e5172aabedb64a2bde9c6d580a300acac65f19704de20581494e6
SERVER_HANDSHAKE_TRAFFIC_SECRET b7c0c20d2240371aca42c84f2d6a2ac7cc5bd8b06ec00a10ece4bd69effba44c dcdc9d5f191e0f6085fc773b26ff955fc9976af1f8ea5fc3da62f615a3af7fc6
CLIENT_HANDSHAKE_TRAFFIC_SECRET b7c0c20d2240371aca42c84f2d6a2ac7cc5bd8b06ec00a10ece4bd69effba44c d2c7be35ae73ea70fed2d022f2476852b0507721066a2d3fdf87859d6292c5c4
SERVER_TRAFFIC_SECRET_0 b7c0c20d2240371aca42c84f2d6a2ac7cc5bd8b06ec00a10ece4bd69effba44c 70dfabbe11fedd638eb84ce91e13552078956989f67b0b3da42c9323537313cf
SERVER_HANDSHAKE_TRAFFIC_SECRET b7c0c20d2240371aca42c84f2d6a2ac7cc5bd8b06ec00a10ece4bd69effba44c dcdc9d5f191e0f6085fc773b26ff955fc9976af1f8ea5fc3da62f615a3af7fc6
CLIENT_HANDSHAKE_TRAFFIC_SECRET b7c0c20d2240371aca42c84f2d6a2ac7cc5bd8b06ec00a10ece4bd69effba44c d2c7be35ae73ea70fed2d022f2476852b0507721066a2d3fdf87859d6292c5c4
SERVER_TRAFFIC_SECRET_0 b7c0c20d2240371aca42c84f2d6a2ac7cc5bd8b06ec00a10ece4bd69effba44c 70dfabbe11fedd638eb84ce91e13552078956989f67b0b3da42c9323537313cf
CLIENT_TRAFFIC_SECRET_0 b7c0c20d2240371aca42c84f2d6a2ac7cc5bd8b06ec00a10ece4bd69effba44c 829b3ef2eff2562b8e589457f7bb8667c0604bd10025e42f538a34000b9eb48b
CLIENT_TRAFFIC_SECRET_0 b7c0c20d2240371aca42c84f2d6a2ac7cc5bd8b06ec00a10ece4bd69effba44c 829b3ef2eff2562b8e589457f7bb8667c0604bd10025e42f538a34000b9eb48b
SERVER_HANDSHAKE_TRAFFIC_SECRET 2a1a9c8038f6be228929cb5c9e473cbf0a68e4c89c4fe1335442f85d425b7732 a04b85fe3e1d96e9ae9bbfc0b9d6e09830a5782e68b92a8a79b273c02abf282c
CLIENT_HANDSHAKE_TRAFFIC_SECRET 2a1a9c8038f6be228929cb5c9e473cbf0a68e4c89c4fe1335442f85d425b7732 ce7114ca9cc40d7460c1d92ac2570e50efdb67d8d2b355f653c5cfa5e6761988
SERVER_TRAFFIC_SECRET_0 2a1a9c8038f6be228929cb5c9e473cbf0a68e4c89c4fe1335442f85d425b7732 dde62d522686378172d234a6a90c0edcc8f902ecd91f440ad18c2f07d68481b4
SERVER_HANDSHAKE_TRAFFIC_SECRET 2a1a9c8038f6be228929cb5c9e473cbf0a68e4c89c4fe1335442f85d425b7732 a04b85fe3e1d96e9ae9bbfc0b9d6e09830a5782e68b92a8a79b273c02abf282c
CLIENT_HANDSHAKE_TRAFFIC_SECRET 2a1a9c8038f6be228929cb5c9e473cbf0a68e4c89c4fe1335442f85d425b7732 ce7114ca9cc40d7460c1d92ac2570e50efdb67d8d2b355f653c5cfa5e6761988
SERVER_TRAFFIC_SECRET_0 2a1a9c8038f6be228929cb5c9e473cbf0a68e4c89c4fe1335442f85d425b7732 dde62d522686378172d234a6a90c0edcc8f902ecd91f440ad18c2f07d68481b4
CLIENT_TRAFFIC_SECRET_0 2a1a9c8038f6be228929cb5c9e473cbf0a68e4c89c4fe1335442f85d425b7732 b9d7858987b7d144fd20c1540a2c23f1ac4a83f035ccb1b918a0f31f9e4a01f6
CLIENT_TRAFFIC_SECRET_0 2a1a9c8038f6be228929cb5c9e473cbf0a68e4c89c4fe1335442f85d425b7732 b9d7858987b7d144fd20c1540a2c23f1ac4a83f035ccb1b918a0f31f9e4a01f6
SERVER_HANDSHAKE_TRAFFIC_SECRET d6aa1d579158b9d033cf73c7f2fa847225089f80c842434055243c95c6b36163 83fb040712a14b99e0b9fa7c6a623d862d356e30530e629bee910d1e23afeb1a
CLIENT_HANDSHAKE_TRAFFIC_SECRET d6aa1d579158b9d033cf73c7f2fa847225089f80c842434055243c95c6b36163 d5ad0023f104df19a563b6b31184af9e26217f5c6942efacd36e8127c3c8a5c3
SERVER_TRAFFIC_SECRET_0 d6aa1d579158b9d033cf73c7f2fa847225089f80c842434055243c95c6b36163 df2d9596c37293147ee78048def9852f1971fa25348a79a1d397ff923cdad3a4
SERVER_HANDSHAKE_TRAFFIC_SECRET d6aa1d579158b9d033cf73c7f2fa847225089f80c842434055243c95c6b36163 83fb040712a14b99e0b9fa7c6a623d862d356e30530e629bee910d1e23afeb1a
CLIENT_HANDSHAKE_TRAFFIC_SECRET d6aa1d579158b9d033cf73c7f2fa847225089f80c842434055243c95c6b36163 d5ad0023f104df19a563b6b31184af9e26217f5c6942efacd36e8127c3c8a5c3
SERVER_TRAFFIC_SECRET_0 d6aa1d579158b9d033cf73c7f2fa847225089f80c842434055243c95c6b36163 df2d9596c37293147ee78048def9852f1971fa25348a79a1d397ff923cdad3a4
CLIENT_TRAFFIC_SECRET_0 d6aa1d579158b9d033cf73c7f2fa847225089f80c842434055243c95c6b36163 e8789d67ab8103c1bff97992714f819cbe7ffa58fb2bb148cc9a9da7b1a2de46
CLIENT_TRAFFIC_SECRET_0 d6aa1d579158b9d033cf73c7f2fa847225089f80c842434055243c95c6b36163 e8789d67ab8103c1bff97992714f819cbe7ffa58fb2bb148cc9a9da7b1a2de46
SERVER_HANDSHAKE_TRAFFIC_SECRET 07410c4e9104ca7221c00cd7b9ac7749f844ac6603dbbf4874d4292bb6db4417 21aeafae3030785a158401b57cfa0c85e0220ca6032aeea5ac58acd49ef7251b
CLIENT_HANDSHAKE_TRAFFIC_SECRET 07410c4e9104ca7221c00cd7b9ac7749f844ac6603dbbf4874d4292bb6db4417 74c8280cd27758868f91f6de648ade4e32493ffa1b859c3d617a1302498982ea
SERVER_TRAFFIC_SECRET_0 07410c4e9104ca7221c00cd7b9ac7749f844ac6603dbbf4874d4292bb6db4417 29de5b1796aaa8f7908a1edfbb213f3b9de46bf144fa82434f30e95162b62b23
SERVER_HANDSHAKE_TRAFFIC_SECRET 07410c4e9104ca7221c00cd7b9ac7749f844ac6603dbbf4874d4292bb6db4417 21aeafae3030785a158401b57cfa0c85e0220ca6032aeea5ac58acd49ef7251b
CLIENT_HANDSHAKE_TRAFFIC_SECRET 07410c4e9104ca7221c00cd7b9ac7749f844ac6603dbbf4874d4292bb6db4417 74c8280cd27758868f91f6de648ade4e32493ffa1b859c3d617a1302498982ea
SERVER_TRAFFIC_SECRET_0 07410c4e9104ca7221c00cd7b9ac7749f844ac6603dbbf4874d4292bb6db4417 29de5b1796aaa8f7908a1edfbb213f3b9de46bf144fa82434f30e95162b62b23
CLIENT_TRAFFIC_SECRET_0 07410c4e9104ca7221c00cd7b9ac7749f844ac6603dbbf4874d4292bb6db4417 c321dee4443834c4bbe487534188dbd859710a7c1be9a17f02785a3538c64231
CLIENT_TRAFFIC_SECRET_0 07410c4e9104ca7221c00cd7b9ac7749f844ac6603dbbf4874d4292bb6db4417 c321dee4443834c4bbe487534188dbd859710a7c1be9a17f02785a3538c64231
SERVER_HANDSHAKE_TRAFFIC_SECRET 885f45ef1061ceca222e1dae73d3f31907ec1bde603d8a05817775aa0ec485e7 c3393b0187b64fe264c199442a68439b695e12c87129868ce2f619396cb5b489
CLIENT_HANDSHAKE_TRAFFIC_SECRET 885f45ef1061ceca222e1dae73d3f31907ec1bde603d8a05817775aa0ec485e7 4db0c16602099e2ce7daadc87f38e4b74b54e3189f6046cc47d87a44daca9b41
SERVER_TRAFFIC_SECRET_0 885f45ef1061ceca222e1dae73d3f31907ec1bde603d8a05817775aa0ec485e7 7c9947a74f91648d2b35d0bb677a65553610853c8fb6489892af7a6062504d2b
SERVER_HANDSHAKE_TRAFFIC_SECRET 885f45ef1061ceca222e1dae73d3f31907ec1bde603d8a05817775aa0ec485e7 c3393b0187b64fe264c199442a68439b695e12c87129868ce2f619396cb5b489
CLIENT_HANDSHAKE_TRAFFIC_SECRET 885f45ef1061ceca222e1dae73d3f31907ec1bde603d8a05817775aa0ec485e7 4db0c16602099e2ce7daadc87f38e4b74b54e3189f6046cc47d87a44daca9b41
SERVER_TRAFFIC_SECRET_0 885f45ef1061ceca222e1dae73d3f31907ec1bde603d8a05817775aa0ec485e7 7c9947a74f91648d2b35d0bb677a65553610853c8fb6489892af7a6062504d2b
CLIENT_TRAFFIC_SECRET_0 885f45ef1061ceca222e1dae73d3f31907ec1bde603d8a05817775aa0ec485e7 a866133b9c6220fb38e078e901c6132da233f537b4dd173f85630998a97e7a88
CLIENT_TRAFFIC_SECRET_0 885f45ef1061ceca222e1dae73d3f31907ec1bde603d8a05817775aa0ec485e7 a866133b9c6220fb38e078e901c6132da233f537b4dd173f85630998a97e7a88
SERVER_HANDSHAKE_TRAFFIC_SECRET a289731679bf1d9dc0b6c4a08d7bbd821233ec4193620d137f2ffd01c88f5941 0f9d75efa082c0458e891976c7292d9c69883d23cc615ad7b259bec01c5c2dfe
CLIENT_HANDSHAKE_TRAFFIC_SECRET a289731679bf1d9dc0b6c4a08d7bbd821233ec4193620d137f2ffd01c88f5941 c009ae2720ff43b63228b85bd867d7c240c2b75ec623bc7c2588e7e34c5d2171
SERVER_TRAFFIC_SECRET_0 a289731679bf1d9dc0b6c4a08d7bbd821233ec4193620d137f2ffd01c88f5941 df2160ff4a5cf9e55e8f33de9b3d2d82130d548c3bac4e97f19097f820819d23
SERVER_HANDSHAKE_TRAFFIC_SECRET a289731679bf1d9dc0b6c4a08d7bbd821233ec4193620d137f2ffd01c88f5941 0f9d75efa082c0458e891976c7292d9c69883d23cc615ad7b259bec01c5c2dfe
CLIENT_HANDSHAKE_TRAFFIC_SECRET a289731679bf1d9dc0b6c4a08d7bbd821233ec4193620d137f2ffd01c88f5941 c009ae2720ff43b63228b85bd867d7c240c2b75ec623bc7c2588e7e34c5d2171
SERVER_TRAFFIC_SECRET_0 a289731679bf1d9dc0b6c4a08d7bbd821233ec4193620d137f2ffd01c88f5941 df2160ff4a5cf9e55e8f33de9b3d2d82130d548c3bac4e97f19097f820819d23
CLIENT_TRAFFIC_SECRET_0 a289731679bf1d9dc0b6c4a08d7bbd821233ec4193620d137f2ffd01c88f5941 e29d8588303eaf677d500ec6e6294ab2ef5edb0b7e0dd4f9d0bf3fcfc3d7e950
CLIENT_TRAFFIC_SECRET_0 a289731679bf1d9dc0b6c4a08d7bbd821233ec4193620d137f2ffd01c88f5941 e29d8588303eaf677d500ec6e6294ab2ef5edb0b7e0dd4f9d0bf3fcfc3d7e950
SERVER_HANDSHAKE_TRAFFIC_SECRET ea14dc3f4fd0934ea3590a1efe2c567c06b78e658b0a70341f12b6c260905ab8 6ef3873876b016a7a98b3d5f12757671d4bd0a888b85f525b7d47959559136d1
CLIENT_HANDSHAKE_TRAFFIC_SECRET ea14dc3f4fd0934ea3590a1efe2c567c06b78e658b0a70341f12b6c260905ab8 1cad1ec0456f2a016749401119da8619b23141d8c045f5f948924a030136ab18
SERVER_TRAFFIC_SECRET_0 ea14dc3f4fd0934ea3590a1efe2c567c06b78e658b0a70341f12b6c260905ab8 d00bfabe65c56d54ce75f5855e3b455d04ac5b404d20a0017aa1ecf9c323f0c8
SERVER_HANDSHAKE_TRAFFIC_SECRET ea14dc3f4fd0934ea3590a1efe2c567c06b78e658b0a70341f12b6c260905ab8 6ef3873876b016a7a98b3d5f12757671d4bd0a888b85f525b7d47959559136d1
CLIENT_HANDSHAKE_TRAFFIC_SECRET ea14dc3f4fd0934ea3590a1efe2c567c06b78e658b0a70341f12b6c260905ab8 1cad1ec0456f2a016749401119da8619b23141d8c045f5f948924a030136ab18
SERVER_TRAFFIC_SECRET_0 ea14dc3f4fd0934ea3590a1efe2c567c06b78e658b0a70341f12b6c260905ab8 d00bfabe65c56d54ce75f5855e3b455d04ac5b404d20a0017aa1ecf9c323f0c8
CLIENT_TRAFFIC_SECRET_0 ea14dc3f4fd0934ea3590a1efe2c567c06b78e658b0a70341f12b6c260905ab8 746d49bb140210c316e6af8233ed73b30d2d928547f442ec6fbf6adeadcc80d2
CLIENT_TRAFFIC_SECRET_0 ea14dc3f4fd0934ea3590a1efe2c567c06b78e658b0a70341f12b6c260905ab8 746d49bb140210c316e6af8233ed73b30d2d928547f442ec6fbf6adeadcc80d2
SERVER_HANDSHAKE_TRAFFIC_SECRET 0e789c8e8f57819cad905b7fd77e6ff9ee664070f614d1e6f80f1fd171b5da0a 96729686753d43c2aa0c1343ed024b523da2fd42c704b8de74be7cfaca764147
CLIENT_HANDSHAKE_TRAFFIC_SECRET 0e789c8e8f57819cad905b7fd77e6ff9ee664070f614d1e6f80f1fd171b5da0a 0edaab78663f6e4b1edbb9a4ede3aec7196206b2fa192b43a3cc72d9c1a009c4
SERVER_TRAFFIC_SECRET_0 0e789c8e8f57819cad905b7fd77e6ff9ee664070f614d1e6f80f1fd171b5da0a 15278b70e3b9ce98c5478a236772700f8fe47b1bec9dc7c15eb433f24fc7dc1a
SERVER_HANDSHAKE_TRAFFIC_SECRET 0e789c8e8f57819cad905b7fd77e6ff9ee664070f614d1e6f80f1fd171b5da0a 96729686753d43c2aa0c1343ed024b523da2fd42c704b8de74be7cfaca764147
CLIENT_HANDSHAKE_TRAFFIC_SECRET 0e789c8e8f57819cad905b7fd77e6ff9ee664070f614d1e6f80f1fd171b5da0a 0edaab78663f6e4b1edbb9a4ede3aec7196206b2fa192b43a3cc72d9c1a009c4
SERVER_TRAFFIC_SECRET_0 0e789c8e8f57819cad905b7fd77e6ff9ee664070f614d1e6f80f1fd171b5da0a 15278b70e3b9ce98c5478a236772700f8fe47b1bec9dc7c15eb433f24fc7dc1a
CLIENT_TRAFFIC_SECRET_0 0e789c8e8f57819cad905b7fd77e6ff9ee664070f614d1e6f80f1fd171b5da0a 7ccd52c99289651ed619a021737cda553aa2bb300b438834c23242da045869ba
CLIENT_TRAFFIC_SECRET_0 0e789c8e8f57819cad905b7fd77e6ff9ee664070f614d1e6f80f1fd171b5da0a 7ccd52c99289651ed619a021737cda553aa2bb300b438834c23242da045869ba
SERVER_HANDSHAKE_TRAFFIC_SECRET b1521df08e9f6e5e6d2315d90a4f571834cd36328ebbd092761f79820aaaadb1 1f40676402bf583a8ae626e6792554fe71e1b215ab694f5930dbb8cbdc18cc5e
CLIENT_HANDSHAKE_TRAFFIC_SECRET b1521df08e9f6e5e6d2315d90a4f571834cd36328ebbd092761f79820aaaadb1 b7f0ecdc3f5f6b3fe86fe4f8b23823494cbfd652b4bc9bb058d0196e0dc42471
SERVER_TRAFFIC_SECRET_0 b1521df08e9f6e5e6d2315d90a4f571834cd36328ebbd092761f79820aaaadb1 574b13a5a8230ebfe3eb1495ed5af005140f7134539bf1db61405f84b2aa3b43
SERVER_HANDSHAKE_TRAFFIC_SECRET b1521df08e9f6e5e6d2315d90a4f571834cd36328ebbd092761f79820aaaadb1 1f40676402bf583a8ae626e6792554fe71e1b215ab694f5930dbb8cbdc18cc5e
CLIENT_HANDSHAKE_TRAFFIC_SECRET b1521df08e9f6e5e6d2315d90a4f571834cd36328ebbd092761f79820aaaadb1 b7f0ecdc3f5f6b3fe86fe4f8b23823494cbfd652b4bc9bb058d0196e0dc42471
SERVER_TRAFFIC_SECRET_0 b1521df08e9f6e5e6d2315d90a4f571834cd36328ebbd092761f79820aaaadb1 574b13a5a8230ebfe3eb1495ed5af005140f7134539bf1db61405f84b2aa3b43
CLIENT_TRAFFIC_SECRET_0 b1521df08e9f6e5e6d2315d90a4f571834cd36328ebbd092761f79820aaaadb1 691eee3d111e389258c8f3fa666aa9277d990597299e7ea57cb66eff87b261dd
CLIENT_TRAFFIC_SECRET_0 b1521df08e9f6e5e6d2315d90a4f571834cd36328ebbd092761f79820aaaadb1 691eee3d111e389258c8f3fa666aa9277d990597299e7ea57cb66eff87b261dd
SERVER_HANDSHAKE_TRAFFIC_SECRET afe4956b516de86a42e8bb248a5da337fd8403a0ab7695a58d58476ca98cb164 209e1a82f4834406c7e43e42a59ce26d6d73d7df1b2091da93bcb0c61e2075ab
CLIENT_HANDSHAKE_TRAFFIC_SECRET afe4956b516de86a42e8bb248a5da337fd8403a0ab7695a58d58476ca98cb164 5f434c1c8304a141819dde2160aa8cfa4f005b3af5682bed30effb48fb86add1
SERVER_TRAFFIC_SECRET_0 afe4956b516de86a42e8bb248a5da337fd8403a0ab7695a58d58476ca98cb164 4d0e9f82649fb0ee458623311d1b581e68c20df0e3d715d18a412dddd0426ee8
SERVER_HANDSHAKE_TRAFFIC_SECRET afe4956b516de86a42e8bb248a5da337fd8403a0ab7695a58d58476ca98cb164 209e1a82f4834406c7e43e42a59ce26d6d73d7df1b2091da93bcb0c61e2075ab
CLIENT_HANDSHAKE_TRAFFIC_SECRET afe4956b516de86a42e8bb248a5da337fd8403a0ab7695a58d58476ca98cb164 5f434c1c8304a141819dde2160aa8cfa4f005b3af5682bed30effb48fb86add1
SERVER_TRAFFIC_SECRET_0 afe4956b516de86a42e8bb248a5da337fd8403a0ab7695a58d58476ca98cb164 4d0e9f82649fb0ee458623311d1b581e68c20df0e3d715d18a412dddd0426ee8
CLIENT_TRAFFIC_SECRET_0 afe4956b516de86a42e8bb248a5da337fd8403a0ab7695a58d58476ca98cb164 40fd16687ec1241c3747ca22beba6f42b802adf0c841ccf338a6ae1ddf931cce
CLIENT_TRAFFIC_SECRET_0 afe4956b516de86a42e8bb248a5da337fd8403a0ab7695a58d58476ca98cb164 40fd16687ec1241c3747ca22beba6f42b802adf0c841ccf338a6ae1ddf931cce
SERVER_HANDSHAKE_TRAFFIC_SECRET c693665febce7531209b18944b71acddc48e34b1b80cbce11ed47bf12367d27a 21bba7ec8bcefab9f681b66e6755d02c60cb48e367af3926e5b05f31a3c76400
CLIENT_HANDSHAKE_TRAFFIC_SECRET c693665febce7531209b18944b71acddc48e34b1b80cbce11ed47bf12367d27a c702bd9845197f4a4419b2f713eea742de9657745da542915c9889a55f2ad4c5
SERVER_TRAFFIC_SECRET_0 c693665febce7531209b18944b71acddc48e34b1b80cbce11ed47bf12367d27a 7d36f739744eca8623e2f6b0a20dd129aa700e699caedbc97639df4525938d95
SERVER_HANDSHAKE_TRAFFIC_SECRET c693665febce7531209b18944b71acddc48e34b1b80cbce11ed47bf12367d27a 21bba7ec8bcefab9f681b66e6755d02c60cb48e367af3926e5b05f31a3c76400
CLIENT_HANDSHAKE_TRAFFIC_SECRET c693665febce7531209b18944b71acddc48e34b1b80cbce11ed47bf12367d27a c702bd9845197f4a4419b2f713eea742de9657745da542915c9889a55f2ad4c5
SERVER_TRAFFIC_SECRET_0 c693665febce7531209b18944b71acddc48e34b1b80cbce11ed47bf12367d27a 7d36f739744eca8623e2f6b0a20dd129aa700e699caedbc97639df4525938d95
CLIENT_TRAFFIC_SECRET_0 c693665febce7531209b18944b71acddc48e34b1b80cbce11ed47bf12367d27a 4fde45e01f97e641a67df3759d234cac0da5d62e90630f7059f8d639e82d74b5
CLIENT_TRAFFIC_SECRET_0 c693665febce7531209b18944b71acddc48e34b1b80cbce11ed47bf12367d27a 4fde45e01f97e641a67df3759d234cac0da5d62e90630f7059f8d639e82d74b5
SERVER_HANDSHAKE_TRAFFIC_SECRET 4c68ed8a4f88bb4500ddcff9aed64b2118e8c8b18a596be171a6736e77e0c2d2 0d5ad4b0da2c263255156a46b6e37813090b71c751e62da927df89f85e1dd027
CLIENT_HANDSHAKE_TRAFFIC_SECRET 4c68ed8a4f88bb4500ddcff9aed64b2118e8c8b18a596be171a6736e77e0c2d2 72ffb11ade978fcac8c98d2911cb226372ee096a895e0ee94eb2e48f14ec9a9c
SERVER_TRAFFIC_SECRET_0 4c68ed8a4f88bb4500ddcff9aed64b2118e8c8b18a596be171a6736e77e0c2d2 26f476b1864fbff0d2de1ceee9f90c6a4613074081d17d4f8fa23f91b075e29f
SERVER_HANDSHAKE_TRAFFIC_SECRET 4c68ed8a4f88bb4500ddcff9aed64b2118e8c8b18a596be171a6736e77e0c2d2 0d5ad4b0da2c263255156a46b6e37813090b71c751e62da927df89f85e1dd027
CLIENT_HANDSHAKE_TRAFFIC_SECRET 4c68ed8a4f88bb4500ddcff9aed64b2118e8c8b18a596be171a6736e77e0c2d2 72ffb11ade978fcac8c98d2911cb226372ee096a895e0ee94eb2e48f14ec9a9c
SERVER_TRAFFIC_SECRET_0 4c68ed8a4f88bb4500ddcff9aed64b2118e8c8b18a596be171a6736e77e0c2d2 26f476b1864fbff0d2de1ceee9f90c6a4613074081d17d4f8fa23f91b075e29f
CLIENT_TRAFFIC_SECRET_0 4c68ed8a4f88bb4500ddcff9aed64b2118e8c8b18a596be171a6736e77e0c2d2 5023125520350f541862cece50294c82f07c8289f18d970e3d8a7d6eb026f8f0
CLIENT_TRAFFIC_SECRET_0 4c68ed8a4f88bb4500ddcff9aed64b2118e8c8b18a596be171a6736e77e0c2d2 5023125520350f541862cece50294c82f07c8289f18d970e3d8a7d6eb026f8f0
SERVER_HANDSHAKE_TRAFFIC_SECRET 2488b2553fb9e07f6a6a3e2a669397a0e73ab0d787e97743a6d848adfc7f2bf9 eeb680de9488255c3d296a61ab04a8cb10ec2bfe0d7aeb14ba557c2d052cf734
CLIENT_HANDSHAKE_TRAFFIC_SECRET 2488b2553fb9e07f6a6a3e2a669397a0e73ab0d787e97743a6d848adfc7f2bf9 bb646cad8574605c82349e8fdd8488f470ce5fe889d907190fada6bc196cba10
SERVER_TRAFFIC_SECRET_0 2488b2553fb9e07f6a6a3e2a669397a0e73ab0d787e97743a6d848adfc7f2bf9 c36b3ed45ca58a9dc2e8f8be6a54cd21ecd79e2b1ff38c60b6140acee6e358da
SERVER_HANDSHAKE_TRAFFIC_SECRET 2488b2553fb9e07f6a6a3e2a669397a0e73ab0d787e97743a6d848adfc7f2bf9 eeb680de9488255c3d296a61ab04a8cb10ec2bfe0d7aeb14ba557c2d052cf734
CLIENT_HANDSHAKE_TRAFFIC_SECRET 2488b2553fb9e07f6a6a3e2a669397a0e73ab0d787e97743a6d848adfc7f2bf9 bb646cad8574605c82349e8fdd8488f470ce5fe889d907190fada6bc196cba10
SERVER_TRAFFIC_SECRET_0 2488b2553fb9e07f6a6a3e2a669397a0e73ab0d787e97743a6d848adfc7f2bf9 c36b3ed45ca58a9dc2e8f8be6a54cd21ecd79e2b1ff38c60b6140acee6e358da
CLIENT_TRAFFIC_SECRET_0 2488b2553fb9e07f6a6a3e2a669397a0e73ab0d787e97743a6d848adfc7f2bf9 95dffc8d32f718adea369e9f7331dcb2a9f2536df42f4ac1e8ca865c191a7088
CLIENT_TRAFFIC_SECRET_0 2488b2553fb9e07f6a6a3e2a669397a0e73ab0d787e97743a6d848adfc7f2bf9 95dffc8d32f718adea369e9f7331dcb2a9f2536df42f4ac1e8ca865c191a7088
SERVER_HANDSHAKE_TRAFFIC_SECRET 48cae8c56f1851bf6443a189a0a537c3a2646d67d06fc3b32fb42cb67df88822 e8df89756035d5eb3a12b3a18e21859eb50106e5d80e93f9375225196a966e8b
CLIENT_HANDSHAKE_TRAFFIC_SECRET 48cae8c56f1851bf6443a189a0a537c3a2646d67d06fc3b32fb42cb67df88822 fb61a59ac6b6e7bb249c306c3a8b4aec5ab23b43078a86e52e7caea3a157e690
SERVER_TRAFFIC_SECRET_0 48cae8c56f1851bf6443a189a0a537c3a2646d67d06fc3b32fb42cb67df88822 ba9e7ebe6681777542d77acfcf565d52feb12e5eec8bb216b1c0e2e62d92080b
SERVER_HANDSHAKE_TRAFFIC_SECRET 48cae8c56f1851bf6443a189a0a537c3a2646d67d06fc3b32fb42cb67df88822 e8df89756035d5eb3a12b3a18e21859eb50106e5d80e93f9375225196a966e8b
CLIENT_HANDSHAKE_TRAFFIC_SECRET 48cae8c56f1851bf6443a189a0a537c3a2646d67d06fc3b32fb42cb67df88822 fb61a59ac6b6e7bb249c306c3a8b4aec5ab23b43078a86e52e7caea3a157e690
SERVER_TRAFFIC_SECRET_0 48cae8c56f1851bf6443a189a0a537c3a2646d67d06fc3b32fb42cb67df88822 ba9e7ebe6681777542d77acfcf565d52feb12e5eec8bb216b1c0e2e62d92080b
CLIENT_TRAFFIC_SECRET_0 48cae8c56f1851bf6443a189a0a537c3a2646d67d06fc3b32fb42cb67df88822 27aa35722d89795263488b85b7c82760309918bca5c762f3a0317952f2462f8e
CLIENT_TRAFFIC_SECRET_0 48cae8c56f1851bf6443a189a0a537c3a2646d67d06fc3b32fb42cb67df88822 27aa35722d89795263488b85b7c82760309918bca5c762f3a0317952f2462f8e
SERVER_HANDSHAKE_TRAFFIC_SECRET c5e9e71073a9ec8e1f14e2c3a710b6cb09eca809e2ea1e80e8464501ee25dd69 e696ca72bfa764c1c9ae8165a430e0117667545c506361a623deb540af4e1db4
CLIENT_HANDSHAKE_TRAFFIC_SECRET c5e9e71073a9ec8e1f14e2c3a710b6cb09eca809e2ea1e80e8464501ee25dd69 a7e81ad78cec342a92fe81eff13e989c9d31590c1c8dbb1e2cefe04cf9ada90f
SERVER_TRAFFIC_SECRET_0 c5e9e71073a9ec8e1f14e2c3a710b6cb09eca809e2ea1e80e8464501ee25dd69 e2ba9f368827d55d11baf597b670943fe7382d74412997ba0ae728858bba0e44
SERVER_HANDSHAKE_TRAFFIC_SECRET c5e9e71073a9ec8e1f14e2c3a710b6cb09eca809e2ea1e80e8464501ee25dd69 e696ca72bfa764c1c9ae8165a430e0117667545c506361a623deb540af4e1db4
CLIENT_HANDSHAKE_TRAFFIC_SECRET c5e9e71073a9ec8e1f14e2c3a710b6cb09eca809e2ea1e80e8464501ee25dd69 a7e81ad78cec342a92fe81eff13e989c9d31590c1c8dbb1e2cefe04cf9ada90f
SERVER_TRAFFIC_SECRET_0 c5e9e71073a9ec8e1f14e2c3a710b6cb09eca809e2ea1e80e8464501ee25dd69 e2ba9f368827d55d11baf597b670943fe7382d74412997ba0ae728858bba0e44
CLIENT_TRAFFIC_SECRET_0 c5e9e71073a9ec8e1f14e2c3a710b6cb09eca809e2ea1e80e8464501ee25dd69 501ceaa76f786e4cdbf67a004b0d3622d9d27500679e563a8998083bc30dbad7
CLIENT_TRAFFIC_SECRET_0 c5e9e71073a9ec8e1f14e2c3a710b6cb09eca809e2ea1e80e8464501ee25dd69 501ceaa76f786e4cdbf67a004b0d3622d9d27500679e563a8998083bc30dbad7
SERVER_HANDSHAKE_TRAFFIC_SECRET 066e50250f82f73f7ce9dd4a607507db7c89bc586b2d2994d9995ecbf6aebb1d ddb8a79af752a8a910d5f1a7dd8525699f191eb24954f68ccce38cf41747f217
CLIENT_HANDSHAKE_TRAFFIC_SECRET 066e50250f82f73f7ce9dd4a607507db7c89bc586b2d2994d9995ecbf6aebb1d 6469cf77099fe4eb3913a64e82d566f0342d8d54ecd0dc3c4c9ac28809dfef48
SERVER_TRAFFIC_SECRET_0 066e50250f82f73f7ce9dd4a607507db7c89bc586b2d2994d9995ecbf6aebb1d 85d53acc6cab79ed5817a7b611d4c7139f0dca9d3a947a00f1a3bb9dd5d50216
SERVER_HANDSHAKE_TRAFFIC_SECRET 066e50250f82f73f7ce9dd4a607507db7c89bc586b2d2994d9995ecbf6aebb1d ddb8a79af752a8a910d5f1a7dd8525699f191eb24954f68ccce38cf41747f217
CLIENT_HANDSHAKE_TRAFFIC_SECRET 066e50250f82f73f7ce9dd4a607507db7c89bc586b2d2994d9995ecbf6aebb1d 6469cf77099fe4eb3913a64e82d566f0342d8d54ecd0dc3c4c9ac28809dfef48
SERVER_TRAFFIC_SECRET_0 066e50250f82f73f7ce9dd4a607507db7c89bc586b2d2994d9995ecbf6aebb1d 85d53acc6cab79ed5817a7b611d4c7139f0dca9d3a947a00f1a3bb9dd5d50216
CLIENT_TRAFFIC_SECRET_0 066e50250f82f73f7ce9dd4a607507db7c89bc586b2d2994d9995ecbf6aebb1d e7dc6b4a7c745ff3b0333e048985ab5401192678d9bb0e50bc17dc75be764834
CLIENT_TRAFFIC_SECRET_0 066e50250f82f73f7ce9dd4a607507db7c89bc586b2d2994d9995ecbf6aebb1d e7dc6b4a7c745ff3b0333e048985ab5401192678d9bb0e50bc17dc75be764834
SERVER_HANDSHAKE_TRAFFIC_SECRET 06aa32f2a4316c2becea9d856f9982f3568f877ae2f88378f1ef0160febfa50a 369e9e4ae8140c6b4cfcdd1942c23f242b3464c91a8acd0ba59b8d5c266b8a77
CLIENT_HANDSHAKE_TRAFFIC_SECRET 06aa32f2a4316c2becea9d856f9982f3568f877ae2f88378f1ef0160febfa50a 5ed12ccacb4c459e860da08ee1d5513d2d386cedee56be699a67bf745aaf28b2
SERVER_TRAFFIC_SECRET_0 06aa32f2a4316c2becea9d856f9982f3568f877ae2f88378f1ef0160febfa50a 7032ce482793533439a9d331e5b996c20568f664c506287ff7892871672c6c18
SERVER_HANDSHAKE_TRAFFIC_SECRET 06aa32f2a4316c2becea9d856f9982f3568f877ae2f88378f1ef0160febfa50a 369e9e4ae8140c6b4cfcdd1942c23f242b3464c91a8acd0ba59b8d5c266b8a77
CLIENT_HANDSHAKE_TRAFFIC_SECRET 06aa32f2a4316c2becea9d856f9982f3568f877ae2f88378f1ef0160febfa50a 5ed12ccacb4c459e860da08ee1d5513d2d386cedee56be699a67bf745aaf28b2
SERVER_TRAFFIC_SECRET_0 06aa32f2a4316c2becea9d856f9982f3568f877ae2f88378f1ef0160febfa50a 7032ce482793533439a9d331e5b996c20568f664c506287ff7892871672c6c18
CLIENT_TRAFFIC_SECRET_0 06aa32f2a4316c2becea9d856f9982f3568f877ae2f88378f1ef0160febfa50a d14e210a76732c5989f51642d2ceb0726a2c01fb8b0aa57b7565c1e81207c3cd
CLIENT_TRAFFIC_SECRET_0 06aa32f2a4316c2becea9d856f9982f3568f877ae2f88378f1ef0160febfa50a d14e210a76732c5989f51642d2ceb0726a2c01fb8b0aa57b7565c1e81207c3cd
SERVER_HANDSHAKE_TRAFFIC_SECRET 0c35af9e9c2892416bf048ef824734f3e1fafdd2760a0cc339a5fc3b18638f44 414b20c2e0934d4ebab41fabff3444fbb588614c27d82e1ed6b9f72c38a691dc
CLIENT_HANDSHAKE_TRAFFIC_SECRET 0c35af9e9c2892416bf048ef824734f3e1fafdd2760a0cc339a5fc3b18638f44 7877b3b29fea79d99223189eca84b2a2facb6dfed0678ff782937360a77c1fd8
SERVER_TRAFFIC_SECRET_0 0c35af9e9c2892416bf048ef824734f3e1fafdd2760a0cc339a5fc3b18638f44 8732c8e001fc59fb9e85225a15c9afea95f42a772dc619336cf42bd7caeab032
SERVER_HANDSHAKE_TRAFFIC_SECRET 0c35af9e9c2892416bf048ef824734f3e1fafdd2760a0cc339a5fc3b18638f44 414b20c2e0934d4ebab41fabff3444fbb588614c27d82e1ed6b9f72c38a691dc
CLIENT_HANDSHAKE_TRAFFIC_SECRET 0c35af9e9c2892416bf048ef824734f3e1fafdd2760a0cc339a5fc3b18638f44 7877b3b29fea79d99223189eca84b2a2facb6dfed0678ff782937360a77c1fd8
SERVER_TRAFFIC_SECRET_0 0c35af9e9c2892416bf048ef824734f3e1fafdd2760a0cc339a5fc3b18638f44 8732c8e001fc59fb9e85225a15c9afea95f42a772dc619336cf42bd7caeab032
CLIENT_TRAFFIC_SECRET_0 0c35af9e9c2892416bf048ef824734f3e1fafdd2760a0cc339a5fc3b18638f44 511c88909025b14c9847fa0aec15cf578f36f7e091dc75be7da337e622fbbafc
CLIENT_TRAFFIC_SECRET_0 0c35af9e9c2892416bf048ef824734f3e1fafdd2760a0cc339a5fc3b18638f44 511c88909025b14c9847fa0aec15cf578f36f7e091dc75be7da337e622fbbafc
SERVER_HANDSHAKE_TRAFFIC_SECRET cab5da026546362e09f565c44ccaa87e2ebe18fc18e387e1d4f4983a854143c1 5bfd247c913ce33e408375c272368a19759d52489be5ce53f6576bb258ee7732
CLIENT_HANDSHAKE_TRAFFIC_SECRET cab5da026546362e09f565c44ccaa87e2ebe18fc18e387e1d4f4983a854143c1 8705e416c951d9fe139033adef541288da462b15327d24a7e61864ec10c0e6bb
SERVER_TRAFFIC_SECRET_0 cab5da026546362e09f565c44ccaa87e2ebe18fc18e387e1d4f4983a854143c1 95f056dba17863f1ac864ce3cf283ad06618d51f23171d25901fdff548c1d70a
SERVER_HANDSHAKE_TRAFFIC_SECRET cab5da026546362e09f565c44ccaa87e2ebe18fc18e387e1d4f4983a854143c1 5bfd247c913ce33e408375c272368a19759d52489be5ce53f6576bb258ee7732
CLIENT_HANDSHAKE_TRAFFIC_SECRET cab5da026546362e09f565c44ccaa87e2ebe18fc18e387e1d4f4983a854143c1 8705e416c951d9fe139033adef541288da462b15327d24a7e61864ec10c0e6bb
SERVER_TRAFFIC_SECRET_0 cab5da026546362e09f565c44ccaa87e2ebe18fc18e387e1d4f4983a854143c1 95f056dba17863f1ac864ce3cf283ad06618d51f23171d25901fdff548c1d70a
CLIENT_TRAFFIC_SECRET_0 cab5da026546362e09f565c44ccaa87e2ebe18fc18e387e1d4f4983a854143c1 182ab934bb752d539fdedd60c85a6063136073135335df995be0580254c02bb4
CLIENT_TRAFFIC_SECRET_0 cab5da026546362e09f565c44ccaa87e2ebe18fc18e387e1d4f4983a854143c1 182ab934bb752d539fdedd60c85a6063136073135335df995be0580254c02bb4
SERVER_HANDSHAKE_TRAFFIC_SECRET f5bc220d38e1c811cf4b6de0b44017366a82856a10b24860f93062a503f01cd8 d2e591b2ede2bb71740508c01fa7bed26d6ab7ec6c317233ab721eb9e30fe87f
CLIENT_HANDSHAKE_TRAFFIC_SECRET f5bc220d38e1c811cf4b6de0b44017366a82856a10b24860f93062a503f01cd8 1f5cd4158d1c25b165fc98ff44a673dd545d35c393cf4dc3ec80b4bb3decdcb7
SERVER_TRAFFIC_SECRET_0 f5bc220d38e1c811cf4b6de0b44017366a82856a10b24860f93062a503f01cd8 42b0417046b9d7a0df11e2cdde7cedb40d1c84b51d423bc03f45fe0f2b449c65
SERVER_HANDSHAKE_TRAFFIC_SECRET f5bc220d38e1c811cf4b6de0b44017366a82856a10b24860f93062a503f01cd8 d2e591b2ede2bb71740508c01fa7bed26d6ab7ec6c317233ab721eb9e30fe87f
CLIENT_HANDSHAKE_TRAFFIC_SECRET f5bc220d38e1c811cf4b6de0b44017366a82856a10b24860f93062a503f01cd8 1f5cd4158d1c25b165fc98ff44a673dd545d35c393cf4dc3ec80b4bb3decdcb7
SERVER_TRAFFIC_SECRET_0 f5bc220d38e1c811cf4b6de0b44017366a82856a10b24860f93062a503f01cd8 42b0417046b9d7a0df11e2cdde7cedb40d1c84b51d423bc03f45fe0f2b449c65
CLIENT_TRAFFIC_SECRET_0 f5bc220d38e1c811cf4b6de0b44017366a82856a10b24860f93062a503f01cd8 aa18cae9098fbaa04117579df6f1c1634ef678d933a0bc0d249bc50475fd63b2
CLIENT_TRAFFIC_SECRET_0 f5bc220d38e1c811cf4b6de0b44017366a82856a10b24860f93062a503f01cd8 aa18cae9098fbaa04117579df6f1c1634ef678d933a0bc0d249bc50475fd63b2
SERVER_HANDSHAKE_TRAFFIC_SECRET 1d709fa3e2c46591371333d22a13d1fac30b940791722a210931bace38d2cdab 82b01d2f53c5c0ddd7892cc06fa32194c9d3960da2c08a50e623eb913e73de8b
CLIENT_HANDSHAKE_TRAFFIC_SECRET 1d709fa3e2c46591371333d22a13d1fac30b940791722a210931bace38d2cdab 1debfea8a545c988333790ff79c637ef698b35ff7898c56761b7b16fc3cda1f6
SERVER_TRAFFIC_SECRET_0 1d709fa3e2c46591371333d22a13d1fac30b940791722a210931bace38d2cdab 9056c516c934ea68d04891f5715e7f09ba29d077828768dc13e1a47f9d1bd406
SERVER_HANDSHAKE_TRAFFIC_SECRET 1d709fa3e2c46591371333d22a13d1fac30b940791722a210931bace38d2cdab 82b01d2f53c5c0ddd7892cc06fa32194c9d3960da2c08a50e623eb913e73de8b
CLIENT_HANDSHAKE_TRAFFIC_SECRET 1d709fa3e2c46591371333d22a13d1fac30b940791722a210931bace38d2cdab 1debfea8a545c988333790ff79c637ef698b35ff7898c56761b7b16fc3cda1f6
SERVER_TRAFFIC_SECRET_0 1d709fa3e2c46591371333d22a13d1fac30b940791722a210931bace38d2cdab 9056c516c934ea68d04891f5715e7f09ba29d077828768dc13e1a47f9d1bd406
CLIENT_TRAFFIC_SECRET_0 1d709fa3e2c46591371333d22a13d1fac30b940791722a210931bace38d2cdab 1a381ce0a05009f4cd61bae0386f0df2253821bdb9a9d7bfde57f2dba67d9b70
CLIENT_TRAFFIC_SECRET_0 1d709fa3e2c46591371333d22a13d1fac30b940791722a210931bace38d2cdab 1a381ce0a05009f4cd61bae0386f0df2253821bdb9a9d7bfde57f2dba67d9b70
SERVER_HANDSHAKE_TRAFFIC_SECRET ae64b8710744de3ba81ae6ef6825bb11a7067b627f4f5a49487a074397b71054 a6baa923b90a2c9565e91714d4decfe2461cf5c0257a4bb043e1cf789399f85b
CLIENT_HANDSHAKE_TRAFFIC_SECRET ae64b8710744de3ba81ae6ef6825bb11a7067b627f4f5a49487a074397b71054 5a736c9f7bf0bf90935d0dd1902f189a523eaf12062790a6f53aa754fac02ded
SERVER_TRAFFIC_SECRET_0 ae64b8710744de3ba81ae6ef6825bb11a7067b627f4f5a49487a074397b71054 1d9ecd758edaf0becec0ec6a02124873076ffce35ccfe71eb04ddc780fbc1246
SERVER_HANDSHAKE_TRAFFIC_SECRET ae64b8710744de3ba81ae6ef6825bb11a7067b627f4f5a49487a074397b71054 a6baa923b90a2c9565e91714d4decfe2461cf5c0257a4bb043e1cf789399f85b
CLIENT_HANDSHAKE_TRAFFIC_SECRET ae64b8710744de3ba81ae6ef6825bb11a7067b627f4f5a49487a074397b71054 5a736c9f7bf0bf90935d0dd1902f189a523eaf12062790a6f53aa754fac02ded
SERVER_TRAFFIC_SECRET_0 ae64b8710744de3ba81ae6ef6825bb11a7067b627f4f5a49487a074397b71054 1d9ecd758edaf0becec0ec6a02124873076ffce35ccfe71eb04ddc780fbc1246
CLIENT_TRAFFIC_SECRET_0 ae64b8710744de3ba81ae6ef6825bb11a7067b627f4f5a49487a074397b71054 e4b6e51e32760063ea8be5217e0ec3a69a5b87c6498a76843f5535b0a9cc5450
CLIENT_TRAFFIC_SECRET_0 ae64b8710744de3ba81ae6ef6825bb11a7067b627f4f5a49487a074397b71054 e4b6e51e32760063ea8be5217e0ec3a69a5b87c6498a76843f5535b0a9cc5450
SERVER_HANDSHAKE_TRAFFIC_SECRET a2584745c0f08dcb7155252519a0a3655c8fd98920c142beee7159b286c11d89 abf6a0d76d7d1585e9b1fba2c6028dbbf5975fcc1395ad7a9897b3be75218e5c
CLIENT_HANDSHAKE_TRAFFIC_SECRET a2584745c0f08dcb7155252519a0a3655c8fd98920c142beee7159b286c11d89 41c455aac006f629e6facd6d1be2337e31da799b4e648cfca31e967e627e49bc
SERVER_TRAFFIC_SECRET_0 a2584745c0f08dcb7155252519a0a3655c8fd98920c142beee7159b286c11d89 b8d562ce6e40c28a9d0111c5d351b4614f1886f10c5b38754f8d214d8c5bb812
SERVER_HANDSHAKE_TRAFFIC_SECRET a2584745c0f08dcb7155252519a0a3655c8fd98920c142beee7159b286c11d89 abf6a0d76d7d1585e9b1fba2c6028dbbf5975fcc1395ad7a9897b3be75218e5c
CLIENT_HANDSHAKE_TRAFFIC_SECRET a2584745c0f08dcb7155252519a0a3655c8fd98920c142beee7159b286c11d89 41c455aac006f629e6facd6d1be2337e31da799b4e648cfca31e967e627e49bc
SERVER_TRAFFIC_SECRET_0 a2584745c0f08dcb7155252519a0a3655c8fd98920c142beee7159b286c11d89 b8d562ce6e40c28a9d0111c5d351b4614f1886f10c5b38754f8d214d8c5bb812
CLIENT_TRAFFIC_SECRET_0 a2584745c0f08dcb7155252519a0a3655c8fd98920c142beee7159b286c11d89 64827483ebf86cb26b0c7e9d47aafe3630b2ff0b37a141529694a4ba87d81174
CLIENT_TRAFFIC_SECRET_0 a2584745c0f08dcb7155252519a0a3655c8fd98920c142beee7159b286c11d89 64827483ebf86cb26b0c7e9d47aafe3630b2ff0b37a141529694a4ba87d81174
SERVER_HANDSHAKE_TRAFFIC_SECRET 908210b44b0d2f7dab6293003d3eb9ab176cd9c333b07aa244ae9e1b082d1c27 9475c39082c059b0a1faa2b8940476614612ef7080075117dbf6da3575b3e829
CLIENT_HANDSHAKE_TRAFFIC_SECRET 908210b44b0d2f7dab6293003d3eb9ab176cd9c333b07aa244ae9e1b082d1c27 ce180f70901f901bc445e1b4677c78abfc4d5be5b109574b32379e8fddf09545
SERVER_TRAFFIC_SECRET_0 908210b44b0d2f7dab6293003d3eb9ab176cd9c333b07aa244ae9e1b082d1c27 92e56d212d2e3a23e0f16c2f66bafbc53d5858ae0cfdcb44d59901b3ebebc8c6
SERVER_HANDSHAKE_TRAFFIC_SECRET 908210b44b0d2f7dab6293003d3eb9ab176cd9c333b07aa244ae9e1b082d1c27 9475c39082c059b0a1faa2b8940476614612ef7080075117dbf6da3575b3e829
CLIENT_HANDSHAKE_TRAFFIC_SECRET 908210b44b0d2f7dab6293003d3eb9ab176cd9c333b07aa244ae9e1b082d1c27 ce180f70901f901bc445e1b4677c78abfc4d5be5b109574b32379e8fddf09545
SERVER_TRAFFIC_SECRET_0 908210b44b0d2f7dab6293003d3eb9ab176cd9c333b07aa244ae9e1b082d1c27 92e56d212d2e3a23e0f16c2f66bafbc53d5858ae0cfdcb44d59901b3ebebc8c6
CLIENT_TRAFFIC_SECRET_0 908210b44b0d2f7dab6293003d3eb9ab176cd9c333b07aa244ae9e1b082d1c27 3a60502399a9072ecd9c729942a097fe5c35f5ae285a633e36f557f264f6e462
CLIENT_TRAFFIC_SECRET_0 908210b44b0d2f7dab6293003d3eb9ab176cd9c333b07aa244ae9e1b082d1c27 3a60502399a9072ecd9c729942a097fe5c35f5ae285a633e36f557f264f6e462
SERVER_HANDSHAKE_TRAFFIC_SECRET b8dbaf6cc64687b78aca6e18ce5a5916d478c5ffc17ccb902793e8b05c3c7560 f7be4dd7a772161ba388615f259cf0053b1b4d662a226fbed7ef7065f546c533
CLIENT_HANDSHAKE_TRAFFIC_SECRET b8dbaf6cc64687b78aca6e18ce5a5916d478c5ffc17ccb902793e8b05c3c7560 77b4e84ea200e1f4f5bae49b433f86ed0263d3ac3f46b345e8008e2cea2e57c3
SERVER_TRAFFIC_SECRET_0 b8dbaf6cc64687b78aca6e18ce5a5916d478c5ffc17ccb902793e8b05c3c7560 57a55ec5aa966d0498331efbc7150390547ff57755c2bb0846d769fedd47e6cb
SERVER_HANDSHAKE_TRAFFIC_SECRET b8dbaf6cc64687b78aca6e18ce5a5916d478c5ffc17ccb902793e8b05c3c7560 f7be4dd7a772161ba388615f259cf0053b1b4d662a226fbed7ef7065f546c533
CLIENT_HANDSHAKE_TRAFFIC_SECRET b8dbaf6cc64687b78aca6e18ce5a5916d478c5ffc17ccb902793e8b05c3c7560 77b4e84ea200e1f4f5bae49b433f86ed0263d3ac3f46b345e8008e2cea2e57c3
SERVER_TRAFFIC_SECRET_0 b8dbaf6cc64687b78aca6e18ce5a5916d478c5ffc17ccb902793e8b05c3c7560 57a55ec5aa966d0498331efbc7150390547ff57755c2bb0846d769fedd47e6cb
CLIENT_TRAFFIC_SECRET_0 b8dbaf6cc64687b78aca6e18ce5a5916d478c5ffc17ccb902793e8b05c3c7560 7f6d60688b8dbdf70d4e134f2a6bff38059d5acdeeae519ac23ec048cc738b01
CLIENT_TRAFFIC_SECRET_0 b8dbaf6cc64687b78aca6e18ce5a5916d478c5ffc17ccb902793e8b05c3c7560 7f6d60688b8dbdf70d4e134f2a6bff38059d5acdeeae519ac23ec048cc738b01
SERVER_HANDSHAKE_TRAFFIC_SECRET b7f23e75f0586c788d5d5d25d084a86428dd84e8451467dca4fc0ab804774fe8 b7c17e863a12c848721c7606be9d3cb069f79648f9892cf4c477664dbcdd7328
CLIENT_HANDSHAKE_TRAFFIC_SECRET b7f23e75f0586c788d5d5d25d084a86428dd84e8451467dca4fc0ab804774fe8 9ce5c0d6d3356989dd81f4c3b75cda90769b4483296d55305490e3fee8f67e50
SERVER_TRAFFIC_SECRET_0 b7f23e75f0586c788d5d5d25d084a86428dd84e8451467dca4fc0ab804774fe8 21161ede08dd8365c1bad57f91a857b2847373ded1afc0d2fd8d8f5e00431810
SERVER_HANDSHAKE_TRAFFIC_SECRET b7f23e75f0586c788d5d5d25d084a86428dd84e8451467dca4fc0ab804774fe8 b7c17e863a12c848721c7606be9d3cb069f79648f9892cf4c477664dbcdd7328
CLIENT_HANDSHAKE_TRAFFIC_SECRET b7f23e75f0586c788d5d5d25d084a86428dd84e8451467dca4fc0ab804774fe8 9ce5c0d6d3356989dd81f4c3b75cda90769b4483296d55305490e3fee8f67e50
SERVER_TRAFFIC_SECRET_0 b7f23e75f0586c788d5d5d25d084a86428dd84e8451467dca4fc0ab804774fe8 21161ede08dd8365c1bad57f91a857b2847373ded1afc0d2fd8d8f5e00431810
CLIENT_TRAFFIC_SECRET_0 b7f23e75f0586c788d5d5d25d084a86428dd84e8451467dca4fc0ab804774fe8 da0d90f152a033cac937b21ef7fe9688711d542afd39a118623f7838838a872e
CLIENT_TRAFFIC_SECRET_0 b7f23e75f0586c788d5d5d25d084a86428dd84e8451467dca4fc0ab804774fe8 da0d90f152a033cac937b21ef7fe9688711d542afd39a118623f7838838a872e
SERVER_HANDSHAKE_TRAFFIC_SECRET 8a9a67cadbfc4bcf93127e6a118aa08d42bf607d9a9c0b9eb5cce7d54e1687fd c4d7a5c1d7f5a3c0c0a60fa4b999c862f17378a0a7de33d57bc1b6e3800d0433
CLIENT_HANDSHAKE_TRAFFIC_SECRET 8a9a67cadbfc4bcf93127e6a118aa08d42bf607d9a9c0b9eb5cce7d54e1687fd daee83175794aa51c8bee9a733d0b643ee2d111846c8fbc1779abe75c07053d0
SERVER_TRAFFIC_SECRET_0 8a9a67cadbfc4bcf93127e6a118aa08d42bf607d9a9c0b9eb5cce7d54e1687fd 2f0b99de5d7356aa1bd1f94a62a8fa62883d6d93c07ad0d0ee777bb443e97b45
SERVER_HANDSHAKE_TRAFFIC_SECRET 8a9a67cadbfc4bcf93127e6a118aa08d42bf607d9a9c0b9eb5cce7d54e1687fd c4d7a5c1d7f5a3c0c0a60fa4b999c862f17378a0a7de33d57bc1b6e3800d0433
CLIENT_HANDSHAKE_TRAFFIC_SECRET 8a9a67cadbfc4bcf93127e6a118aa08d42bf607d9a9c0b9eb5cce7d54e1687fd daee83175794aa51c8bee9a733d0b643ee2d111846c8fbc1779abe75c07053d0
SERVER_TRAFFIC_SECRET_0 8a9a67cadbfc4bcf93127e6a118aa08d42bf607d9a9c0b9eb5cce7d54e1687fd 2f0b99de5d7356aa1bd1f94a62a8fa62883d6d93c07ad0d0ee777bb443e97b45
CLIENT_TRAFFIC_SECRET_0 8a9a67cadbfc4bcf93127e6a118aa08d42bf607d9a9c0b9eb5cce7d54e1687fd 71c5a8d1344b2f9b52a703ca1c4c066ec3f03d3ba87d7828a72741bce72446d6
CLIENT_TRAFFIC_SECRET_0 8a9a67cadbfc4bcf93127e6a118aa08d42bf607d9a9c0b9eb5cce7d54e1687fd 71c5a8d1344b2f9b52a703ca1c4c066ec3f03d3ba87d7828a72741bce72446d6
SERVER_HANDSHAKE_TRAFFIC_SECRET 400a7a6b8fb5380d4198ac7e8eae6c75e5eb06b2b90478f1b5bd975ace75cb3d ca65036f4c65e0fc05aa665e571a25c370c1268ec6727a12d7354d8d95f00e42
CLIENT_HANDSHAKE_TRAFFIC_SECRET 400a7a6b8fb5380d4198ac7e8eae6c75e5eb06b2b90478f1b5bd975ace75cb3d 918fafa63bca8d0200fba7ccdf37ad120c02359e4fad580d705b208bbc114f7a
SERVER_TRAFFIC_SECRET_0 400a7a6b8fb5380d4198ac7e8eae6c75e5eb06b2b90478f1b5bd975ace75cb3d f74c8e9f056cc6976cad607b1bb7688b35041045b7b3395c54ec500cda3f0a82
SERVER_HANDSHAKE_TRAFFIC_SECRET 400a7a6b8fb5380d4198ac7e8eae6c75e5eb06b2b90478f1b5bd975ace75cb3d ca65036f4c65e0fc05aa665e571a25c370c1268ec6727a12d7354d8d95f00e42
CLIENT_HANDSHAKE_TRAFFIC_SECRET 400a7a6b8fb5380d4198ac7e8eae6c75e5eb06b2b90478f1b5bd975ace75cb3d 918fafa63bca8d0200fba7ccdf37ad120c02359e4fad580d705b208bbc114f7a
SERVER_TRAFFIC_SECRET_0 400a7a6b8fb5380d4198ac7e8eae6c75e5eb06b2b90478f1b5bd975ace75cb3d f74c8e9f056cc6976cad607b1bb7688b35041045b7b3395c54ec500cda3f0a82
CLIENT_TRAFFIC_SECRET_0 400a7a6b8fb5380d4198ac7e8eae6c75e5eb06b2b90478f1b5bd975ace75cb3d be9ac9e0e3228cba946bd69c6aade754fcd3a98a100cff6857397e5d801db60f
CLIENT_TRAFFIC_SECRET_0 400a7a6b8fb5380d4198ac7e8eae6c75e5eb06b2b90478f1b5bd975ace75cb3d be9ac9e0e3228cba946bd69c6aade754fcd3a98a100cff6857397e5d801db60f
SERVER_HANDSHAKE_TRAFFIC_SECRET 5609e4f17ac4f83346b681fee89dd2b9e86bb9c40b2c84d7af39ba71014b3955 69ff7fe3be6479f9b65724b5660744800b9b9f4c85cfd5e01ab301635309b9e4
CLIENT_HANDSHAKE_TRAFFIC_SECRET 5609e4f17ac4f83346b681fee89dd2b9e86bb9c40b2c84d7af39ba71014b3955 e61de020cd4962ac3105b542757e9348711df9111623c9674007d32c14f3ff68
SERVER_TRAFFIC_SECRET_0 5609e4f17ac4f83346b681fee89dd2b9e86bb9c40b2c84d7af39ba71014b3955 7e1fb62a7a738e2357baf4a9ea74811bde90ba31d6fcee20bd391b4b7c1083f7
SERVER_HANDSHAKE_TRAFFIC_SECRET 5609e4f17ac4f83346b681fee89dd2b9e86bb9c40b2c84d7af39ba71014b3955 69ff7fe3be6479f9b65724b5660744800b9b9f4c85cfd5e01ab301635309b9e4
CLIENT_HANDSHAKE_TRAFFIC_SECRET 5609e4f17ac4f83346b681fee89dd2b9e86bb9c40b2c84d7af39ba71014b3955 e61de020cd4962ac3105b542757e9348711df9111623c9674007d32c14f3ff68
SERVER_TRAFFIC_SECRET_0 5609e4f17ac4f83346b681fee89dd2b9e86bb9c40b2c84d7af39ba71014b3955 7e1fb62a7a738e2357baf4a9ea74811bde90ba31d6fcee20bd391b4b7c1083f7
CLIENT_TRAFFIC_SECRET_0 5609e4f17ac4f83346b681fee89dd2b9e86bb9c40b2c84d7af39ba71014b3955 d11329672d76c19ddd00ccae9fd740ac96c63d0f542001f7efa0b43ade7750c1
CLIENT_TRAFFIC_SECRET_0 5609e4f17ac4f83346b681fee89dd2b9e86bb9c40b2c84d7af39ba71014b3955 d11329672d76c19ddd00ccae9fd740ac96c63d0f542001f7efa0b43ade7750c1
SERVER_HANDSHAKE_TRAFFIC_SECRET 1b043906bf17c1bf99d7b93b567ac6e04f386c57e0c499b3621f39e01f080784 23ff044bf23ce3d77dcd619252e9188aabd08748aca23dd01f375a83958c04da
CLIENT_HANDSHAKE_TRAFFIC_SECRET 1b043906bf17c1bf99d7b93b567ac6e04f386c57e0c499b3621f39e01f080784 3d54802dbf0b403ba67ab7a2ce40f8019d03aebca4a2937dd9a4aee83af788c3
SERVER_TRAFFIC_SECRET_0 1b043906bf17c1bf99d7b93b567ac6e04f386c57e0c499b3621f39e01f080784 bc7f5c9f01765f6583103bdbda21ec99acd8b3d586639912c1d80ba629a69d4b
SERVER_HANDSHAKE_TRAFFIC_SECRET 1b043906bf17c1bf99d7b93b567ac6e04f386c57e0c499b3621f39e01f080784 23ff044bf23ce3d77dcd619252e9188aabd08748aca23dd01f375a83958c04da
CLIENT_HANDSHAKE_TRAFFIC_SECRET 1b043906bf17c1bf99d7b93b567ac6e04f386c57e0c499b3621f39e01f080784 3d54802dbf0b403ba67ab7a2ce40f8019d03aebca4a2937dd9a4aee83af788c3
SERVER_TRAFFIC_SECRET_0 1b043906bf17c1bf99d7b93b567ac6e04f386c57e0c499b3621f39e01f080784 bc7f5c9f01765f6583103bdbda21ec99acd8b3d586639912c1d80ba629a69d4b
CLIENT_TRAFFIC_SECRET_0 1b043906bf17c1bf99d7b93b567ac6e04f386c57e0c499b3621f39e01f080784 3ee94abbc4c4f3731c6fbcb2bc8d26428485e417655d98a9422b0a8ad99bc77f
CLIENT_TRAFFIC_SECRET_0 1b043906bf17c1bf99d7b93b567ac6e04f386c57e0c499b3621f39e01f080784 3ee94abbc4c4f3731c6fbcb2bc8d26428485e417655d98a9422b0a8ad99bc77f
SERVER_HANDSHAKE_TRAFFIC_SECRET 9006b3b0d898bc2f9b74e4687b1df4ca53b7df840519e976425ec15dbe3f6c93 ae3c4036f00556fe434623455498dae725cdf459dae529fc5753d912b12f8688
CLIENT_HANDSHAKE_TRAFFIC_SECRET 9006b3b0d898bc2f9b74e4687b1df4ca53b7df840519e976425ec15dbe3f6c93 64c34a1e5b86029675f85c42f21405b8ec79caba21eb92379c58f50ad12526f8
SERVER_TRAFFIC_SECRET_0 9006b3b0d898bc2f9b74e4687b1df4ca53b7df840519e976425ec15dbe3f6c93 4ffcb95b3c24a4017baf2e1165db97f5ac79fcbb8310421cc323de5eec2680ff
SERVER_HANDSHAKE_TRAFFIC_SECRET 9006b3b0d898bc2f9b74e4687b1df4ca53b7df840519e976425ec15dbe3f6c93 ae3c4036f00556fe434623455498dae725cdf459dae529fc5753d912b12f8688
CLIENT_HANDSHAKE_TRAFFIC_SECRET 9006b3b0d898bc2f9b74e4687b1df4ca53b7df840519e976425ec15dbe3f6c93 64c34a1e5b86029675f85c42f21405b8ec79caba21eb92379c58f50ad12526f8
SERVER_TRAFFIC_SECRET_0 9006b3b0d898bc2f9b74e4687b1df4ca53b7df840519e976425ec15dbe3f6c93 4ffcb95b3c24a4017baf2e1165db97f5ac79fcbb8310421cc323de5eec2680ff
CLIENT_TRAFFIC_SECRET_0 9006b3b0d898bc2f9b74e4687b1df4ca53b7df840519e976425ec15dbe3f6c93 34a7f7a36c1254e956b902e6032a66bea4acda7d152a05d99b47296fcd2b82ff
CLIENT_TRAFFIC_SECRET_0 9006b3b0d898bc2f9b74e4687b1df4ca53b7df840519e976425ec15dbe3f6c93 34a7f7a36c1254e956b902e6032a66bea4acda7d152a05d99b47296fcd2b82ff
SERVER_HANDSHAKE_TRAFFIC_SECRET cf4c941f5db91c502e424ee8eb42ffe65fd3921d485018c17de6434903346ac5 7bfec7d941255897e1b9106771a1f821764f2f8e8a8fa3e4d9c4a04e004e7054
CLIENT_HANDSHAKE_TRAFFIC_SECRET cf4c941f5db91c502e424ee8eb42ffe65fd3921d485018c17de6434903346ac5 c69a8f9474812aabfd75489af2fc3dc6a3d94ada55fe35fad084836efd103b06
SERVER_TRAFFIC_SECRET_0 cf4c941f5db91c502e424ee8eb42ffe65fd3921d485018c17de6434903346ac5 c58222942eb2d2431cc6777bb48f4c967870319a0df0d09a59fb464f0bb342ec
SERVER_HANDSHAKE_TRAFFIC_SECRET cf4c941f5db91c502e424ee8eb42ffe65fd3921d485018c17de6434903346ac5 7bfec7d941255897e1b9106771a1f821764f2f8e8a8fa3e4d9c4a04e004e7054
CLIENT_HANDSHAKE_TRAFFIC_SECRET cf4c941f5db91c502e424ee8eb42ffe65fd3921d485018c17de6434903346ac5 c69a8f9474812aabfd75489af2fc3dc6a3d94ada55fe35fad084836efd103b06
SERVER_TRAFFIC_SECRET_0 cf4c941f5db91c502e424ee8eb42ffe65fd3921d485018c17de6434903346ac5 c58222942eb2d2431cc6777bb48f4c967870319a0df0d09a59fb464f0bb342ec
CLIENT_TRAFFIC_SECRET_0 cf4c941f5db91c502e424ee8eb42ffe65fd3921d485018c17de6434903346ac5 040ba10d29b7e815da7ad035f79456e3a19c719c8453f4091171ac5140cccfe0
CLIENT_TRAFFIC_SECRET_0 cf4c941f5db91c502e424ee8eb42ffe65fd3921d485018c17de6434903346ac5 040ba10d29b7e815da7ad035f79456e3a19c719c8453f4091171ac5140cccfe0
SERVER_HANDSHAKE_TRAFFIC_SECRET a8c6d68fa5d4782166b404f7a510bacb073b75b7a4d51392a806568745ff20e9 7ceb630e7bcfded050f5bb26dd1e640ea939bf2df4efd63af06b1bb0c2da63b4
CLIENT_HANDSHAKE_TRAFFIC_SECRET a8c6d68fa5d4782166b404f7a510bacb073b75b7a4d51392a806568745ff20e9 bd035e5c47940c3bfc48b4a9a4b2f9ca10b3a89d57ccc311e4e7989caaecb77a
SERVER_TRAFFIC_SECRET_0 a8c6d68fa5d4782166b404f7a510bacb073b75b7a4d51392a806568745ff20e9 27daabff97ea8b254e9d0dd084ac4c499b5426fe351560a199ac5c4175a589e0
SERVER_HANDSHAKE_TRAFFIC_SECRET a8c6d68fa5d4782166b404f7a510bacb073b75b7a4d51392a806568745ff20e9 7ceb630e7bcfded050f5bb26dd1e640ea939bf2df4efd63af06b1bb0c2da63b4
CLIENT_HANDSHAKE_TRAFFIC_SECRET a8c6d68fa5d4782166b404f7a510bacb073b75b7a4d51392a806568745ff20e9 bd035e5c47940c3bfc48b4a9a4b2f9ca10b3a89d57ccc311e4e7989caaecb77a
SERVER_TRAFFIC_SECRET_0 a8c6d68fa5d4782166b404f7a510bacb073b75b7a4d51392a806568745ff20e9 27daabff97ea8b254e9d0dd084ac4c499b5426fe351560a199ac5c4175a589e0
CLIENT_TRAFFIC_SECRET_0 a8c6d68fa5d4782166b404f7a510bacb073b75b7a4d51392a806568745ff20e9 dcfb4f3d4bcd4e7b10683062aaf2164a09c7f9670066f3b69a896d761d37aa42
CLIENT_TRAFFIC_SECRET_0 a8c6d68fa5d4782166b404f7a510bacb073b75b7a4d51392a806568745ff20e9 dcfb4f3d4bcd4e7b10683062aaf2164a09c7f9670066f3b69a896d761d37aa42
SERVER_HANDSHAKE_TRAFFIC_SECRET d81d66be53531fce3aabdfea2f036f73f54ed8cceafc528ac5a3ffe63706d7ef b7d6966120313e798eefa395a986e2be895a813b74c37eef5e5e0cbee0c45bba
CLIENT_HANDSHAKE_TRAFFIC_SECRET d81d66be53531fce3aabdfea2f036f73f54ed8cceafc528ac5a3ffe63706d7ef e308098406b5b0ac06de2bfdff7def8272014f3d9aca2df1225dc7227962f4a4
SERVER_TRAFFIC_SECRET_0 d81d66be53531fce3aabdfea2f036f73f54ed8cceafc528ac5a3ffe63706d7ef 67f9ec1bc190a142492b265047acce86fec04314d1a397fcf51cfe1067931584
SERVER_HANDSHAKE_TRAFFIC_SECRET d81d66be53531fce3aabdfea2f036f73f54ed8cceafc528ac5a3ffe63706d7ef b7d6966120313e798eefa395a986e2be895a813b74c37eef5e5e0cbee0c45bba
CLIENT_HANDSHAKE_TRAFFIC_SECRET d81d66be53531fce3aabdfea2f036f73f54ed8cceafc528ac5a3ffe63706d7ef e308098406b5b0ac06de2bfdff7def8272014f3d9aca2df1225dc7227962f4a4
SERVER_TRAFFIC_SECRET_0 d81d66be53531fce3aabdfea2f036f73f54ed8cceafc528ac5a3ffe63706d7ef 67f9ec1bc190a142492b265047acce86fec04314d1a397fcf51cfe1067931584
CLIENT_TRAFFIC_SECRET_0 d81d66be53531fce3aabdfea2f036f73f54ed8cceafc528ac5a3ffe63706d7ef 3f093d859ba517d07b42706921e414f7c21f76ac7752c9f018c6cc21bb6d7027
CLIENT_TRAFFIC_SECRET_0 d81d66be53531fce3aabdfea2f036f73f54ed8cceafc528ac5a3ffe63706d7ef 3f093d859ba517d07b42706921e414f7c21f76ac7752c9f018c6cc21bb6d7027
SERVER_HANDSHAKE_TRAFFIC_SECRET e2974fc428e24042e39dd8933f8ad4867c2081b8b5a9a9d411e4060d0d4940e6 c186cec1ef2271344d5501d6d4ee12486d72cd081b2cca67edc223106d7efa1f
CLIENT_HANDSHAKE_TRAFFIC_SECRET e2974fc428e24042e39dd8933f8ad4867c2081b8b5a9a9d411e4060d0d4940e6 e11e6559d14dfd80e4d53f379780914d8e369c7d49dfe951bef49663e96df170
SERVER_TRAFFIC_SECRET_0 e2974fc428e24042e39dd8933f8ad4867c2081b8b5a9a9d411e4060d0d4940e6 8e485147de19b382c1422db4ea25a3b492ccbf0f942bbdfc9be2445f70c5278e
SERVER_HANDSHAKE_TRAFFIC_SECRET e2974fc428e24042e39dd8933f8ad4867c2081b8b5a9a9d411e4060d0d4940e6 c186cec1ef2271344d5501d6d4ee12486d72cd081b2cca67edc223106d7efa1f
CLIENT_HANDSHAKE_TRAFFIC_SECRET e2974fc428e24042e39dd8933f8ad4867c2081b8b5a9a9d411e4060d0d4940e6 e11e6559d14dfd80e4d53f379780914d8e369c7d49dfe951bef49663e96df170
SERVER_TRAFFIC_SECRET_0 e2974fc428e24042e39dd8933f8ad4867c2081b8b5a9a9d411e4060d0d4940e6 8e485147de19b382c1422db4ea25a3b492ccbf0f942bbdfc9be2445f70c5278e
CLIENT_TRAFFIC_SECRET_0 e2974fc428e24042e39dd8933f8ad4867c2081b8b5a9a9d411e4060d0d4940e6 5592824cbfe2bd1942aaf42c7b265b697eabee8da3a6d90c3b88110fe74a0d2d
CLIENT_TRAFFIC_SECRET_0 e2974fc428e24042e39dd8933f8ad4867c2081b8b5a9a9d411e4060d0d4940e6 5592824cbfe2bd1942aaf42c7b265b697eabee8da3a6d90c3b88110fe74a0d2d
SERVER_HANDSHAKE_TRAFFIC_SECRET 0e872c582ddd850e28a975dc98796b44e3c9c276e5fd8e3dd6cbd03c94721ba8 b4a19fc022d1b04c1524b2e202ded9f70d38f20211551e5bb586f4387c3e0b18
CLIENT_HANDSHAKE_TRAFFIC_SECRET 0e872c582ddd850e28a975dc98796b44e3c9c276e5fd8e3dd6cbd03c94721ba8 29f406fa8cb9142d8a5d2ece914d0951481446fad7a47e79783a1eebd4888efd
SERVER_TRAFFIC_SECRET_0 0e872c582ddd850e28a975dc98796b44e3c9c276e5fd8e3dd6cbd03c94721ba8 a62ecb1b1658195c7216f3ff7839a06d8e0e96c15c7d2ca1c2469c8890bb6be8
SERVER_HANDSHAKE_TRAFFIC_SECRET 0e872c582ddd850e28a975dc98796b44e3c9c276e5fd8e3dd6cbd03c94721ba8 b4a19fc022d1b04c1524b2e202ded9f70d38f20211551e5bb586f4387c3e0b18
CLIENT_HANDSHAKE_TRAFFIC_SECRET 0e872c582ddd850e28a975dc98796b44e3c9c276e5fd8e3dd6cbd03c94721ba8 29f406fa8cb9142d8a5d2ece914d0951481446fad7a47e79783a1eebd4888efd
SERVER_TRAFFIC_SECRET_0 0e872c582ddd850e28a975dc98796b44e3c9c276e5fd8e3dd6cbd03c94721ba8 a62ecb1b1658195c7216f3ff7839a06d8e0e96c15c7d2ca1c2469c8890bb6be8
CLIENT_TRAFFIC_SECRET_0 0e872c582ddd850e28a975dc98796b44e3c9c276e5fd8e3dd6cbd03c94721ba8 ad3e271fedd254455d1631bfa7ba769d79fc018e90246cdaa61be2233f29a522
CLIENT_TRAFFIC_SECRET_0 0e872c582ddd850e28a975dc98796b44e3c9c276e5fd8e3dd6cbd03c94721ba8 ad3e271fedd254455d1631bfa7ba769d79fc018e90246cdaa61be2233f29a522
SERVER_HANDSHAKE_TRAFFIC_SECRET bcdf469c23303e2bb9f34cbf9e709c15c1db5177c68a005b36578b505687c548 29f616afe69bda2920b5a030358b2a07b3df6b99c774eda87ca3ced773b89840
CLIENT_HANDSHAKE_TRAFFIC_SECRET bcdf469c23303e2bb9f34cbf9e709c15c1db5177c68a005b36578b505687c548 96b90fa40ce1dc87a8dd66b6b191eb0e510c2a9fe95db600b2fe737caf2d77aa
SERVER_TRAFFIC_SECRET_0 bcdf469c23303e2bb9f34cbf9e709c15c1db5177c68a005b36578b505687c548 c293c1841ac36f62120cba45d3c2ba08a4ac6d3d6e5e806b34efd5dc2ad32150
SERVER_HANDSHAKE_TRAFFIC_SECRET bcdf469c23303e2bb9f34cbf9e709c15c1db5177c68a005b36578b505687c548 29f616afe69bda2920b5a030358b2a07b3df6b99c774eda87ca3ced773b89840
CLIENT_HANDSHAKE_TRAFFIC_SECRET bcdf469c23303e2bb9f34cbf9e709c15c1db5177c68a005b36578b505687c548 96b90fa40ce1dc87a8dd66b6b191eb0e510c2a9fe95db600b2fe737caf2d77aa
SERVER_TRAFFIC_SECRET_0 bcdf469c23303e2bb9f34cbf9e709c15c1db5177c68a005b36578b505687c548 c293c1841ac36f62120cba45d3c2ba08a4ac6d3d6e5e806b34efd5dc2ad32150
CLIENT_TRAFFIC_SECRET_0 bcdf469c23303e2bb9f34cbf9e709c15c1db5177c68a005b36578b505687c548 51e0ed9c2ea045fedb51e1cab37b7f109bf7cf2ffeeae2493d045b97091bbb84
CLIENT_TRAFFIC_SECRET_0 bcdf469c23303e2bb9f34cbf9e709c15c1db5177c68a005b36578b505687c548 51e0ed9c2ea045fedb51e1cab37b7f109bf7cf2ffeeae2493d045b97091bbb84
SERVER_HANDSHAKE_TRAFFIC_SECRET 4c0e85897616f096f186c47dc4267ac504eefab60abec80da0c448a789d06ce9 dd4bda4112b32688243b2d4ef8183608dbe1c3b8063a04c26ac448b12bb277ac
CLIENT_HANDSHAKE_TRAFFIC_SECRET 4c0e85897616f096f186c47dc4267ac504eefab60abec80da0c448a789d06ce9 3beaf07e77ef9238271b0911607d6528a69a2cfa5688e6d3e8e92d04e15c9ac5
SERVER_TRAFFIC_SECRET_0 4c0e85897616f096f186c47dc4267ac504eefab60abec80da0c448a789d06ce9 37a436d8f4038fc6a5270741b0386ebf6f02a7488d62a7b0f1a4281c2a71316f
SERVER_HANDSHAKE_TRAFFIC_SECRET 4c0e85897616f096f186c47dc4267ac504eefab60abec80da0c448a789d06ce9 dd4bda4112b32688243b2d4ef8183608dbe1c3b8063a04c26ac448b12bb277ac
CLIENT_HANDSHAKE_TRAFFIC_SECRET 4c0e85897616f096f186c47dc4267ac504eefab60abec80da0c448a789d06ce9 3beaf07e77ef9238271b0911607d6528a69a2cfa5688e6d3e8e92d04e15c9ac5
SERVER_TRAFFIC_SECRET_0 4c0e85897616f096f186c47dc4267ac504eefab60abec80da0c448a789d06ce9 37a436d8f4038fc6a5270741b0386ebf6f02a7488d62a7b0f1a4281c2a71316f
CLIENT_TRAFFIC_SECRET_0 4c0e85897616f096f186c47dc4267ac504eefab60abec80da0c448a789d06ce9 d8851dc6ecd924e8dcf320fd18bd11ce4ef19b6fb63a3a9a8191431bc7745e70
CLIENT_TRAFFIC_SECRET_0 4c0e85897616f096f186c47dc4267ac504eefab60abec80da0c448a789d06ce9 d8851dc6ecd924e8dcf320fd18bd11ce4ef19b6fb63a3a9a8191431bc7745e70
SERVER_HANDSHAKE_TRAFFIC_SECRET 876e063517fea0b17f8af3166fd86ff4ac5b6f9a62fc202568db8f97bf958d65 3a4316bd685d112901c41a7181d6989ef8116ffb355420e32c11247b5a3c2589
CLIENT_HANDSHAKE_TRAFFIC_SECRET 876e063517fea0b17f8af3166fd86ff4ac5b6f9a62fc202568db8f97bf958d65 5ff2347b2a679ff4a609a02cafde7f44060d4543d7e64a91e04ae0134e89e1ad
SERVER_TRAFFIC_SECRET_0 876e063517fea0b17f8af3166fd86ff4ac5b6f9a62fc202568db8f97bf958d65 0f4a782d7340ad5cf81fcdc630679a9f8358f57bb6f50ed248d5ba74c7d0a42d
SERVER_HANDSHAKE_TRAFFIC_SECRET 876e063517fea0b17f8af3166fd86ff4ac5b6f9a62fc202568db8f97bf958d65 3a4316bd685d112901c41a7181d6989ef8116ffb355420e32c11247b5a3c2589
CLIENT_HANDSHAKE_TRAFFIC_SECRET 876e063517fea0b17f8af3166fd86ff4ac5b6f9a62fc202568db8f97bf958d65 5ff2347b2a679ff4a609a02cafde7f44060d4543d7e64a91e04ae0134e89e1ad
SERVER_TRAFFIC_SECRET_0 876e063517fea0b17f8af3166fd86ff4ac5b6f9a62fc202568db8f97bf958d65 0f4a782d7340ad5cf81fcdc630679a9f8358f57bb6f50ed248d5ba74c7d0a42d
CLIENT_TRAFFIC_SECRET_0 876e063517fea0b17f8af3166fd86ff4ac5b6f9a62fc202568db8f97bf958d65 8ef6fc6324a5a58d440152ff176979f42cfccb443619549d7c4d9cae295cce85
CLIENT_TRAFFIC_SECRET_0 876e063517fea0b17f8af3166fd86ff4ac5b6f9a62fc202568db8f97bf958d65 8ef6fc6324a5a58d440152ff176979f42cfccb443619549d7c4d9cae295cce85
SERVER_HANDSHAKE_TRAFFIC_SECRET 5fc40510e80a0bc23621f86ae17faa816bfced981f9fe90f1985a854e42d087f 34ed2ac1f213bec5ff23d88289220088369e788cd78e314a3fecd34d9bfc4599
CLIENT_HANDSHAKE_TRAFFIC_SECRET 5fc40510e80a0bc23621f86ae17faa816bfced981f9fe90f1985a854e42d087f 4663a5254da12f2495345fc3e463da24be0e53df218a0716bf5a9826a868bc44
SERVER_TRAFFIC_SECRET_0 5fc40510e80a0bc23621f86ae17faa816bfced981f9fe90f1985a854e42d087f 1fe815877798ced4b30648a36a709078c8f9afac36e8566b51e0c49c363f7a8b
SERVER_HANDSHAKE_TRAFFIC_SECRET 5fc40510e80a0bc23621f86ae17faa816bfced981f9fe90f1985a854e42d087f 34ed2ac1f213bec5ff23d88289220088369e788cd78e314a3fecd34d9bfc4599
CLIENT_HANDSHAKE_TRAFFIC_SECRET 5fc40510e80a0bc23621f86ae17faa816bfced981f9fe90f1985a854e42d087f 4663a5254da12f2495345fc3e463da24be0e53df218a0716bf5a9826a868bc44
SERVER_TRAFFIC_SECRET_0 5fc40510e80a0bc23621f86ae17faa816bfced981f9fe90f1985a854e42d087f 1fe815877798ced4b30648a36a709078c8f9afac36e8566b51e0c49c363f7a8b
CLIENT_TRAFFIC_SECRET_0 5fc40510e80a0bc23621f86ae17faa816bfced981f9fe90f1985a854e42d087f c53e576a07504a7c042ae55bed13c8a2074525b20bf6d53c32e02732403aeb68
CLIENT_TRAFFIC_SECRET_0 5fc40510e80a0bc23621f86ae17faa816bfced981f9fe90f1985a854e42d087f c53e576a07504a7c042ae55bed13c8a2074525b20bf6d53c32e02732403aeb68
SERVER_HANDSHAKE_TRAFFIC_SECRET c0031987a8ee18c0e69b592bf3c251e723df580cbe7fd1a221ca54e23728a342 e5cc175e778c875dfc223b9fb9098cdeb9830bc1a7b4d3821b94f3d5c63fe675
CLIENT_HANDSHAKE_TRAFFIC_SECRET c0031987a8ee18c0e69b592bf3c251e723df580cbe7fd1a221ca54e23728a342 e2444d688c775e4c492fefa271d9ff9dcc6831de59f3eaf8a1cdae0b84721029
SERVER_TRAFFIC_SECRET_0 c0031987a8ee18c0e69b592bf3c251e723df580cbe7fd1a221ca54e23728a342 6a3eafc2b1d0c0e2c081773f6dfaccc89c4a77b24df8a1ef901e29ce58b9805b
SERVER_HANDSHAKE_TRAFFIC_SECRET c0031987a8ee18c0e69b592bf3c251e723df580cbe7fd1a221ca54e23728a342 e5cc175e778c875dfc223b9fb9098cdeb9830bc1a7b4d3821b94f3d5c63fe675
CLIENT_HANDSHAKE_TRAFFIC_SECRET c0031987a8ee18c0e69b592bf3c251e723df580cbe7fd1a221ca54e23728a342 e2444d688c775e4c492fefa271d9ff9dcc6831de59f3eaf8a1cdae0b84721029
SERVER_TRAFFIC_SECRET_0 c0031987a8ee18c0e69b592bf3c251e723df580cbe7fd1a221ca54e23728a342 6a3eafc2b1d0c0e2c081773f6dfaccc89c4a77b24df8a1ef901e29ce58b9805b
CLIENT_TRAFFIC_SECRET_0 c0031987a8ee18c0e69b592bf3c251e723df580cbe7fd1a221ca54e23728a342 38eb7cf9dffad5d2130ec4294e233f80be0720ac45fd0ef26fe97a7a4fa4b41f
CLIENT_TRAFFIC_SECRET_0 c0031987a8ee18c0e69b592bf3c251e723df580cbe7fd1a221ca54e23728a342 38eb7cf9dffad5d2130ec4294e233f80be0720ac45fd0ef26fe97a7a4fa4b41f
SERVER_HANDSHAKE_TRAFFIC_SECRET a24a880c5e22a63ddc4599a605570132ced0c447efe44f4f504b062ed3639aec 77746a6d61ff4cb1e6d6cea92caa2f3e3426907e5d03e50f4810f3a6722758e2
CLIENT_HANDSHAKE_TRAFFIC_SECRET a24a880c5e22a63ddc4599a605570132ced0c447efe44f4f504b062ed3639aec 0ef532141bd08926ad687554e0748bf8020c67d5874d71458b0a602961ed556c
SERVER_TRAFFIC_SECRET_0 a24a880c5e22a63ddc4599a605570132ced0c447efe44f4f504b062ed3639aec e726759a04c260da24e56be0e1e7212e34a5e402e84b06fed41b1f36e2eef94b
SERVER_HANDSHAKE_TRAFFIC_SECRET a24a880c5e22a63ddc4599a605570132ced0c447efe44f4f504b062ed3639aec 77746a6d61ff4cb1e6d6cea92caa2f3e3426907e5d03e50f4810f3a6722758e2
CLIENT_HANDSHAKE_TRAFFIC_SECRET a24a880c5e22a63ddc4599a605570132ced0c447efe44f4f504b062ed3639aec 0ef532141bd08926ad687554e0748bf8020c67d5874d71458b0a602961ed556c
SERVER_TRAFFIC_SECRET_0 a24a880c5e22a63ddc4599a605570132ced0c447efe44f4f504b062ed3639aec e726759a04c260da24e56be0e1e7212e34a5e402e84b06fed41b1f36e2eef94b
CLIENT_TRAFFIC_SECRET_0 a24a880c5e22a63ddc4599a605570132ced0c447efe44f4f504b062ed3639aec 65e2389b5361c6a030fd72d833b07c99653f2ebb1146a57169b7227a53779e47
CLIENT_TRAFFIC_SECRET_0 a24a880c5e22a63ddc4599a605570132ced0c447efe44f4f504b062ed3639aec 65e2389b5361c6a030fd72d833b07c99653f2ebb1146a57169b7227a53779e47
SERVER_HANDSHAKE_TRAFFIC_SECRET ddb1d38e4f35b488c36dfe91899316fbef5e3dcbcbe9a76af52b580fe11019e6 9187ea1755ee7f062f50b613271dc8f2219e4f4f9e5c089e57f11f96ccd3d1ad
CLIENT_HANDSHAKE_TRAFFIC_SECRET ddb1d38e4f35b488c36dfe91899316fbef5e3dcbcbe9a76af52b580fe11019e6 dc052a74257c0e5c90205755b7386c5a4f695399c0edefab0a52c7690310bb9e
SERVER_TRAFFIC_SECRET_0 ddb1d38e4f35b488c36dfe91899316fbef5e3dcbcbe9a76af52b580fe11019e6 4b4cbf90f3800cc61b5060f078c4dc7a88c38d27bc39cb98eb029646817e174b
SERVER_HANDSHAKE_TRAFFIC_SECRET ddb1d38e4f35b488c36dfe91899316fbef5e3dcbcbe9a76af52b580fe11019e6 9187ea1755ee7f062f50b613271dc8f2219e4f4f9e5c089e57f11f96ccd3d1ad
CLIENT_HANDSHAKE_TRAFFIC_SECRET ddb1d38e4f35b488c36dfe91899316fbef5e3dcbcbe9a76af52b580fe11019e6 dc052a74257c0e5c90205755b7386c5a4f695399c0edefab0a52c7690310bb9e
SERVER_TRAFFIC_SECRET_0 ddb1d38e4f35b488c36dfe91899316fbef5e3dcbcbe9a76af52b580fe11019e6 4b4cbf90f3800cc61b5060f078c4dc7a88c38d27bc39cb98eb029646817e174b
CLIENT_TRAFFIC_SECRET_0 ddb1d38e4f35b488c36dfe91899316fbef5e3dcbcbe9a76af52b580fe11019e6 d722a6ac7170496e53b1b3d0045e65198ffc9c24165daefbbb4703a841cf8535
CLIENT_TRAFFIC_SECRET_0 ddb1d38e4f35b488c36dfe91899316fbef5e3dcbcbe9a76af52b580fe11019e6 d722a6ac7170496e53b1b3d0045e65198ffc9c24165daefbbb4703a841cf8535
SERVER_HANDSHAKE_TRAFFIC_SECRET c0e9bbab96873c55a4dcae2b911f9c01690770d8b36fc3f924854d6d94171a24 e905dab9206a38f0572d81fa2f4c3a2d8ea34f64b6376ff2e48df7d4954ee8d8
CLIENT_HANDSHAKE_TRAFFIC_SECRET c0e9bbab96873c55a4dcae2b911f9c01690770d8b36fc3f924854d6d94171a24 c2ccce2f73e2a36e450bba25c9eea218f0a8797da486933ca4ebb7b7fb2c212f
SERVER_TRAFFIC_SECRET_0 c0e9bbab96873c55a4dcae2b911f9c01690770d8b36fc3f924854d6d94171a24 6dbd3886e28f28660ff56e9f186cc2d4dfea7944759bd45cc46a83a8c4bea14a
SERVER_HANDSHAKE_TRAFFIC_SECRET c0e9bbab96873c55a4dcae2b911f9c01690770d8b36fc3f924854d6d94171a24 e905dab9206a38f0572d81fa2f4c3a2d8ea34f64b6376ff2e48df7d4954ee8d8
CLIENT_HANDSHAKE_TRAFFIC_SECRET c0e9bbab96873c55a4dcae2b911f9c01690770d8b36fc3f924854d6d94171a24 c2ccce2f73e2a36e450bba25c9eea218f0a8797da486933ca4ebb7b7fb2c212f
SERVER_TRAFFIC_SECRET_0 c0e9bbab96873c55a4dcae2b911f9c01690770d8b36fc3f924854d6d94171a24 6dbd3886e28f28660ff56e9f186cc2d4dfea7944759bd45cc46a83a8c4bea14a
CLIENT_TRAFFIC_SECRET_0 c0e9bbab96873c55a4dcae2b911f9c01690770d8b36fc3f924854d6d94171a24 2ef006d8d1b81fc30f0e79e78683dff5a5661fd54f8949fe639c720a1a2beeb0
CLIENT_TRAFFIC_SECRET_0 c0e9bbab96873c55a4dcae2b911f9c01690770d8b36fc3f924854d6d94171a24 2ef006d8d1b81fc30f0e79e78683dff5a5661fd54f8949fe639c720a1a2beeb0
SERVER_HANDSHAKE_TRAFFIC_SECRET 435b38fa7d1e4347dabd40a749799f6e411057af5cc3dde1e0c305aad8c93af7 2e118818aab1ab52d288b48535782e17ae436fd9c3e14985af67b981e48cb936
CLIENT_HANDSHAKE_TRAFFIC_SECRET 435b38fa7d1e4347dabd40a749799f6e411057af5cc3dde1e0c305aad8c93af7 76c34707ed1d866885900e1b69f951716d08ac8d09afa6397f148da712cfde04
SERVER_TRAFFIC_SECRET_0 435b38fa7d1e4347dabd40a749799f6e411057af5cc3dde1e0c305aad8c93af7 fddf19216bba9229457d5fc749427927ebc2423579a0d58893b02dbe6b2206de
SERVER_HANDSHAKE_TRAFFIC_SECRET 435b38fa7d1e4347dabd40a749799f6e411057af5cc3dde1e0c305aad8c93af7 2e118818aab1ab52d288b48535782e17ae436fd9c3e14985af67b981e48cb936
CLIENT_HANDSHAKE_TRAFFIC_SECRET 435b38fa7d1e4347dabd40a749799f6e411057af5cc3dde1e0c305aad8c93af7 76c34707ed1d866885900e1b69f951716d08ac8d09afa6397f148da712cfde04
SERVER_TRAFFIC_SECRET_0 435b38fa7d1e4347dabd40a749799f6e411057af5cc3dde1e0c305aad8c93af7 fddf19216bba9229457d5fc749427927ebc2423579a0d58893b02dbe6b2206de
CLIENT_TRAFFIC_SECRET_0 435b38fa7d1e4347dabd40a749799f6e411057af5cc3dde1e0c305aad8c93af7 f2be4c45bbd112ecb603002d3a7199f14c091fed5ca27410c73c18fda24ecfbb
CLIENT_TRAFFIC_SECRET_0 435b38fa7d1e4347dabd40a749799f6e411057af5cc3dde1e0c305aad8c93af7 f2be4c45bbd112ecb603002d3a7199f14c091fed5ca27410c73c18fda24ecfbb
SERVER_HANDSHAKE_TRAFFIC_SECRET 59264014beb5571e52e4e1872ef97f5d00883eb79f4eeb2c6c7bd811ed86cbaa 76218b59c4e1e26b4f29810207681edb68b5768459cea65f5900eab1fff5ce46
CLIENT_HANDSHAKE_TRAFFIC_SECRET 59264014beb5571e52e4e1872ef97f5d00883eb79f4eeb2c6c7bd811ed86cbaa cbba21abd794370c049d6263cf6f6aa6679432869891c010d5b347557e089e28
SERVER_TRAFFIC_SECRET_0 59264014beb5571e52e4e1872ef97f5d00883eb79f4eeb2c6c7bd811ed86cbaa 4752486ff52696d49f44ccba549287161f558f2ea33952ec5a398db2a3116684
SERVER_HANDSHAKE_TRAFFIC_SECRET 59264014beb5571e52e4e1872ef97f5d00883eb79f4eeb2c6c7bd811ed86cbaa 76218b59c4e1e26b4f29810207681edb68b5768459cea65f5900eab1fff5ce46
CLIENT_HANDSHAKE_TRAFFIC_SECRET 59264014beb5571e52e4e1872ef97f5d00883eb79f4eeb2c6c7bd811ed86cbaa cbba21abd794370c049d6263cf6f6aa6679432869891c010d5b347557e089e28
SERVER_TRAFFIC_SECRET_0 59264014beb5571e52e4e1872ef97f5d00883eb79f4eeb2c6c7bd811ed86cbaa 4752486ff52696d49f44ccba549287161f558f2ea33952ec5a398db2a3116684
CLIENT_TRAFFIC_SECRET_0 59264014beb5571e52e4e1872ef97f5d00883eb79f4eeb2c6c7bd811ed86cbaa f0018b6427ce6f8a1e7dafa5a3e008fc4124fbb5ab8c649014f2bc7186b753e5
CLIENT_TRAFFIC_SECRET_0 59264014beb5571e52e4e1872ef97f5d00883eb79f4eeb2c6c7bd811ed86cbaa f0018b6427ce6f8a1e7dafa5a3e008fc4124fbb5ab8c649014f2bc7186b753e5
SERVER_HANDSHAKE_TRAFFIC_SECRET d448013268774ae4827efce85622d2914c9d85f1c272d0b1e4df4748eac95588 87e471a210c0c06ae90341b0c01a8fb2415faa68fddfd7c986cdaa1c43852556
CLIENT_HANDSHAKE_TRAFFIC_SECRET d448013268774ae4827efce85622d2914c9d85f1c272d0b1e4df4748eac95588 4fcb66e2c9ef8bcaa0d03627a70694b8c204aaf70cdaad7f339e67a91418fbd2
SERVER_TRAFFIC_SECRET_0 d448013268774ae4827efce85622d2914c9d85f1c272d0b1e4df4748eac95588 4e85566f9439e7f199a8707274bf2b1080e20f1ac55dfbab4ad3bf8bc5d192cf
SERVER_HANDSHAKE_TRAFFIC_SECRET d448013268774ae4827efce85622d2914c9d85f1c272d0b1e4df4748eac95588 87e471a210c0c06ae90341b0c01a8fb2415faa68fddfd7c986cdaa1c43852556
CLIENT_HANDSHAKE_TRAFFIC_SECRET d448013268774ae4827efce85622d2914c9d85f1c272d0b1e4df4748eac95588 4fcb66e2c9ef8bcaa0d03627a70694b8c204aaf70cdaad7f339e67a91418fbd2
SERVER_TRAFFIC_SECRET_0 d448013268774ae4827efce85622d2914c9d85f1c272d0b1e4df4748eac95588 4e85566f9439e7f199a8707274bf2b1080e20f1ac55dfbab4ad3bf8bc5d192cf
CLIENT_TRAFFIC_SECRET_0 d448013268774ae4827efce85622d2914c9d85f1c272d0b1e4df4748eac95588 d468c9fae8618c1eccda8e0e43a59e79e9e9c3eea8c7b594ea84b510cc8bd9df
CLIENT_TRAFFIC_SECRET_0 d448013268774ae4827efce85622d2914c9d85f1c272d0b1e4df4748eac95588 d468c9fae8618c1eccda8e0e43a59e79e9e9c3eea8c7b594ea84b510cc8bd9df
SERVER_HANDSHAKE_TRAFFIC_SECRET 90c51edaaee67bca51b646bcca2c7cf64728e3a95128c9fd06a2075ef9410289 d61c834ed83e2ffb155f7a9200815796182dd9726c15920b25659aad9cf435f0
CLIENT_HANDSHAKE_TRAFFIC_SECRET 90c51edaaee67bca51b646bcca2c7cf64728e3a95128c9fd06a2075ef9410289 0ed92e82b549c04dc15751f0ad8e9ac3d4032c1e2ed32998f62e63d34588f223
SERVER_TRAFFIC_SECRET_0 90c51edaaee67bca51b646bcca2c7cf64728e3a95128c9fd06a2075ef9410289 4a2f25062f72a5954dac0744923df9b9688d573ac2724fc275f6db5e96c6852b
SERVER_HANDSHAKE_TRAFFIC_SECRET 90c51edaaee67bca51b646bcca2c7cf64728e3a95128c9fd06a2075ef9410289 d61c834ed83e2ffb155f7a9200815796182dd9726c15920b25659aad9cf435f0
CLIENT_HANDSHAKE_TRAFFIC_SECRET 90c51edaaee67bca51b646bcca2c7cf64728e3a95128c9fd06a2075ef9410289 0ed92e82b549c04dc15751f0ad8e9ac3d4032c1e2ed32998f62e63d34588f223
SERVER_TRAFFIC_SECRET_0 90c51edaaee67bca51b646bcca2c7cf64728e3a95128c9fd06a2075ef9410289 4a2f25062f72a5954dac0744923df9b9688d573ac2724fc275f6db5e96c6852b
CLIENT_TRAFFIC_SECRET_0 90c51edaaee67bca51b646bcca2c7cf64728e3a95128c9fd06a2075ef9410289 e5f4d2dffd8f19a0ed481eb275ec43020ca7caee7924dddbe52ca8842cbec6ff
CLIENT_TRAFFIC_SECRET_0 90c51edaaee67bca51b646bcca2c7cf64728e3a95128c9fd06a2075ef9410289 e5f4d2dffd8f19a0ed481eb275ec43020ca7caee7924dddbe52ca8842cbec6ff
SERVER_HANDSHAKE_TRAFFIC_SECRET abb2e8ddc754854f01e55c67178e0e7cd49309b51e05d40abf09cfdfbfe60b35 788c366a0d743e42dad920b706473670e5dd291e5253f4f58109766e35099f4c
CLIENT_HANDSHAKE_TRAFFIC_SECRET abb2e8ddc754854f01e55c67178e0e7cd49309b51e05d40abf09cfdfbfe60b35 f384d0e8470396a741ea67764c0eb3d33ac2015c4d36b7c19b9baa9a58af4375
SERVER_TRAFFIC_SECRET_0 abb2e8ddc754854f01e55c67178e0e7cd49309b51e05d40abf09cfdfbfe60b35 773a58f267c2c187f2b8dcbf64f2007020526a45a4eca834884d86cdf924957d
SERVER_HANDSHAKE_TRAFFIC_SECRET abb2e8ddc754854f01e55c67178e0e7cd49309b51e05d40abf09cfdfbfe60b35 788c366a0d743e42dad920b706473670e5dd291e5253f4f58109766e35099f4c
CLIENT_HANDSHAKE_TRAFFIC_SECRET abb2e8ddc754854f01e55c67178e0e7cd49309b51e05d40abf09cfdfbfe60b35 f384d0e8470396a741ea67764c0eb3d33ac2015c4d36b7c19b9baa9a58af4375
SERVER_TRAFFIC_SECRET_0 abb2e8ddc754854f01e55c67178e0e7cd49309b51e05d40abf09cfdfbfe60b35 773a58f267c2c187f2b8dcbf64f2007020526a45a4eca834884d86cdf924957d
CLIENT_TRAFFIC_SECRET_0 abb2e8ddc754854f01e55c67178e0e7cd49309b51e05d40abf09cfdfbfe60b35 e0cca9cfa5f37f2f402a5b2adca53945e16bdfdfd1d6b7bdc38e2389518b5feb
CLIENT_TRAFFIC_SECRET_0 abb2e8ddc754854f01e55c67178e0e7cd49309b51e05d40abf09cfdfbfe60b35 e0cca9cfa5f37f2f402a5b2adca53945e16bdfdfd1d6b7bdc38e2389518b5feb
SERVER_HANDSHAKE_TRAFFIC_SECRET b59db8fd1b9b8ac59f0d840fba6ace1b6e6569bf9961bbf25407aa02f1fea8dd 9125d85fdfd0e55d9982edccce54efcacf4804623766460a9d471af98762f751
CLIENT_HANDSHAKE_TRAFFIC_SECRET b59db8fd1b9b8ac59f0d840fba6ace1b6e6569bf9961bbf25407aa02f1fea8dd b86351dc8726093bcb487b7e0fae49a11a6694ca129ff3eef005be96d929dec9
SERVER_TRAFFIC_SECRET_0 b59db8fd1b9b8ac59f0d840fba6ace1b6e6569bf9961bbf25407aa02f1fea8dd 87fe78548dfb06b518bdf232fa75067d88c766764d87cc136003ad5b12569c82
SERVER_HANDSHAKE_TRAFFIC_SECRET b59db8fd1b9b8ac59f0d840fba6ace1b6e6569bf9961bbf25407aa02f1fea8dd 9125d85fdfd0e55d9982edccce54efcacf4804623766460a9d471af98762f751
CLIENT_HANDSHAKE_TRAFFIC_SECRET b59db8fd1b9b8ac59f0d840fba6ace1b6e6569bf9961bbf25407aa02f1fea8dd b86351dc8726093bcb487b7e0fae49a11a6694ca129ff3eef005be96d929dec9
SERVER_TRAFFIC_SECRET_0 b59db8fd1b9b8ac59f0d840fba6ace1b6e6569bf9961bbf25407aa02f1fea8dd 87fe78548dfb06b518bdf232fa75067d88c766764d87cc136003ad5b12569c82
CLIENT_TRAFFIC_SECRET_0 b59db8fd1b9b8ac59f0d840fba6ace1b6e6569bf9961bbf25407aa02f1fea8dd 1ad5d6171e97345a16c2c604919b3ed30be35712bf7608d5fdd9338c480f2a58
CLIENT_TRAFFIC_SECRET_0 b59db8fd1b9b8ac59f0d840fba6ace1b6e6569bf9961bbf25407aa02f1fea8dd 1ad5d6171e97345a16c2c604919b3ed30be35712bf7608d5fdd9338c480f2a58
SERVER_HANDSHAKE_TRAFFIC_SECRET 4ecbfa9821ea7623c4eafc64f96bfc5f1f90c212469563d89c9e8f5d943d8c00 08fb35468b3a236aec26974e579c1cc3db8c80f6fa965492cba58cff8b1cb661
CLIENT_HANDSHAKE_TRAFFIC_SECRET 4ecbfa9821ea7623c4eafc64f96bfc5f1f90c212469563d89c9e8f5d943d8c00 0febfa99aac1589355b4e1b39ccddae486cd7b6caa9fc8159eab3ac2985b4bbc
SERVER_TRAFFIC_SECRET_0 4ecbfa9821ea7623c4eafc64f96bfc5f1f90c212469563d89c9e8f5d943d8c00 01e5f695ed6c537a3e6af0fe1632089cabb0f38b59ccc09e949f84895a803a7c
SERVER_HANDSHAKE_TRAFFIC_SECRET 4ecbfa9821ea7623c4eafc64f96bfc5f1f90c212469563d89c9e8f5d943d8c00 08fb35468b3a236aec26974e579c1cc3db8c80f6fa965492cba58cff8b1cb661
CLIENT_HANDSHAKE_TRAFFIC_SECRET 4ecbfa9821ea7623c4eafc64f96bfc5f1f90c212469563d89c9e8f5d943d8c00 0febfa99aac1589355b4e1b39ccddae486cd7b6caa9fc8159eab3ac2985b4bbc
SERVER_TRAFFIC_SECRET_0 4ecbfa9821ea7623c4eafc64f96bfc5f1f90c212469563d89c9e8f5d943d8c00 01e5f695ed6c537a3e6af0fe1632089cabb0f38b59ccc09e949f84895a803a7c
CLIENT_TRAFFIC_SECRET_0 4ecbfa9821ea7623c4eafc64f96bfc5f1f90c212469563d89c9e8f5d943d8c00 d7f644d4c3ca1a1c8fbf00a1deb8829e41d85f8b0373e44ca322b3bccbc96d2f
CLIENT_TRAFFIC_SECRET_0 4ecbfa9821ea7623c4eafc64f96bfc5f1f90c212469563d89c9e8f5d943d8c00 d7f644d4c3ca1a1c8fbf00a1deb8829e41d85f8b0373e44ca322b3bccbc96d2f
SERVER_HANDSHAKE_TRAFFIC_SECRET 221721c3694bc03378dc12f0b2ab5eca8446cbfbb272c18325594aa4a6217887 bdb0f0bab8a6a12001089b28760e5cf6d594d1651a6db684bcbfec9f5408a5aa
CLIENT_HANDSHAKE_TRAFFIC_SECRET 221721c3694bc03378dc12f0b2ab5eca8446cbfbb272c18325594aa4a6217887 01ddf297099fadd59247f63a9c72e2a301188848ea5337edd9eb7ab0d3ee8c78
SERVER_TRAFFIC_SECRET_0 221721c3694bc03378dc12f0b2ab5eca8446cbfbb272c18325594aa4a6217887 4c5fd1b102e72a9972f63fe52d5b628590fbe93c59a1b37f4bfffb1a7f322582
SERVER_HANDSHAKE_TRAFFIC_SECRET 221721c3694bc03378dc12f0b2ab5eca8446cbfbb272c18325594aa4a6217887 bdb0f0bab8a6a12001089b28760e5cf6d594d1651a6db684bcbfec9f5408a5aa
CLIENT_HANDSHAKE_TRAFFIC_SECRET 221721c3694bc03378dc12f0b2ab5eca8446cbfbb272c18325594aa4a6217887 01ddf297099fadd59247f63a9c72e2a301188848ea5337edd9eb7ab0d3ee8c78
SERVER_TRAFFIC_SECRET_0 221721c3694bc03378dc12f0b2ab5eca8446cbfbb272c18325594aa4a6217887 4c5fd1b102e72a9972f63fe52d5b628590fbe93c59a1b37f4bfffb1a7f322582
CLIENT_TRAFFIC_SECRET_0 221721c3694bc03378dc12f0b2ab5eca8446cbfbb272c18325594aa4a6217887 25bf69ef92836e6a9587e92192909080a471c558ace8a2783aa90169a4098f9d
CLIENT_TRAFFIC_SECRET_0 221721c3694bc03378dc12f0b2ab5eca8446cbfbb272c18325594aa4a6217887 25bf69ef92836e6a9587e92192909080a471c558ace8a2783aa90169a4098f9d
SERVER_HANDSHAKE_TRAFFIC_SECRET 1d37748ff445bed95fca710d2c78d4fe59c128bec56692944fafe2e3bbbed249 4162a983ff8124b0d4e12c82bc5fb3100e146fd7c2d0bb547186dede7ec846da
CLIENT_HANDSHAKE_TRAFFIC_SECRET 1d37748ff445bed95fca710d2c78d4fe59c128bec56692944fafe2e3bbbed249 7a16219c2dd6eb1dce76a2d1db1dc59efdf9a5725c386d939a8715b072f8d07d
SERVER_TRAFFIC_SECRET_0 1d37748ff445bed95fca710d2c78d4fe59c128bec56692944fafe2e3bbbed249 f615ca9259f037417a7a0c653da341d72f0f245aa9bb434a5e97f09c7a2a27a7
SERVER_HANDSHAKE_TRAFFIC_SECRET 1d37748ff445bed95fca710d2c78d4fe59c128bec56692944fafe2e3bbbed249 4162a983ff8124b0d4e12c82bc5fb3100e146fd7c2d0bb547186dede7ec846da
CLIENT_HANDSHAKE_TRAFFIC_SECRET 1d37748ff445bed95fca710d2c78d4fe59c128bec56692944fafe2e3bbbed249 7a16219c2dd6eb1dce76a2d1db1dc59efdf9a5725c386d939a8715b072f8d07d
SERVER_TRAFFIC_SECRET_0 1d37748ff445bed95fca710d2c78d4fe59c128bec56692944fafe2e3bbbed249 f615ca9259f037417a7a0c653da341d72f0f245aa9bb434a5e97f09c7a2a27a7
CLIENT_TRAFFIC_SECRET_0 1d37748ff445bed95fca710d2c78d4fe59c128bec56692944fafe2e3bbbed249 ffb79625e38e2026bbac390ee64b2342221badd109c74f668cedaa8102d6052b
CLIENT_TRAFFIC_SECRET_0 1d37748ff445bed95fca710d2c78d4fe59c128bec56692944fafe2e3bbbed249 ffb79625e38e2026bbac390ee64b2342221badd109c74f668cedaa8102d6052b
SERVER_HANDSHAKE_TRAFFIC_SECRET 92b43f38db59bd69827ba35b5a16633d431eeafef313e04120c24a53e7223e4c 0905a045f26fe32050c129b29c36caa43ec0ac0dac05481dfa54ad34ee79c782
CLIENT_HANDSHAKE_TRAFFIC_SECRET 92b43f38db59bd69827ba35b5a16633d431eeafef313e04120c24a53e7223e4c f3cf1356c00ecc23c5da315d296f0d71264fae7e13e3674329e8ec62147878a7
SERVER_TRAFFIC_SECRET_0 92b43f38db59bd69827ba35b5a16633d431eeafef313e04120c24a53e7223e4c 886aa958aada0560bfc21c02df4f481fbc176665e00ffd44ba13de081fc6ceb3
SERVER_HANDSHAKE_TRAFFIC_SECRET 92b43f38db59bd69827ba35b5a16633d431eeafef313e04120c24a53e7223e4c 0905a045f26fe32050c129b29c36caa43ec0ac0dac05481dfa54ad34ee79c782
CLIENT_HANDSHAKE_TRAFFIC_SECRET 92b43f38db59bd69827ba35b5a16633d431eeafef313e04120c24a53e7223e4c f3cf1356c00ecc23c5da315d296f0d71264fae7e13e3674329e8ec62147878a7
SERVER_TRAFFIC_SECRET_0 92b43f38db59bd69827ba35b5a16633d431eeafef313e04120c24a53e7223e4c 886aa958aada0560bfc21c02df4f481fbc176665e00ffd44ba13de081fc6ceb3
CLIENT_TRAFFIC_SECRET_0 92b43f38db59bd69827ba35b5a16633d431eeafef313e04120c24a53e7223e4c 0042ad5c824231abe86d9f27a8e57d8c7dd3f6abbe31be7200145028a297a190
CLIENT_TRAFFIC_SECRET_0 92b43f38db59bd69827ba35b5a16633d431eeafef313e04120c24a53e7223e4c 0042ad5c824231abe86d9f27a8e57d8c7dd3f6abbe31be7200145028a297a190
SERVER_HANDSHAKE_TRAFFIC_SECRET 270d614c1da9c5633b877644442e77ad473b658ac52f20b16562d5d35eeb1572 c201107996ddabd0166e94c265a34eff0bc02fbe3512579d5178fc7219a5608e
CLIENT_HANDSHAKE_TRAFFIC_SECRET 270d614c1da9c5633b877644442e77ad473b658ac52f20b16562d5d35eeb1572 b30706d68dbc6851c5a631b8925a8ef3063e7cd0fb6a8dd9680120c996264672
SERVER_TRAFFIC_SECRET_0 270d614c1da9c5633b877644442e77ad473b658ac52f20b16562d5d35eeb1572 752b7aa8ce1e5774c3409a1ad5da4b9467cc3f0cfe786ebe5bb6e07683988277
SERVER_HANDSHAKE_TRAFFIC_SECRET 270d614c1da9c5633b877644442e77ad473b658ac52f20b16562d5d35eeb1572 c201107996ddabd0166e94c265a34eff0bc02fbe3512579d5178fc7219a5608e
CLIENT_HANDSHAKE_TRAFFIC_SECRET 270d614c1da9c5633b877644442e77ad473b658ac52f20b16562d5d35eeb1572 b30706d68dbc6851c5a631b8925a8ef3063e7cd0fb6a8dd9680120c996264672
SERVER_TRAFFIC_SECRET_0 270d614c1da9c5633b877644442e77ad473b658ac52f20b16562d5d35eeb1572 752b7aa8ce1e5774c3409a1ad5da4b9467cc3f0cfe786ebe5bb6e07683988277
CLIENT_TRAFFIC_SECRET_0 270d614c1da9c5633b877644442e77ad473b658ac52f20b16562d5d35eeb1572 c34261eb317b87eb754eb2cec7a84634b144c42d6723de7383d90ca06dd0f3bb
CLIENT_TRAFFIC_SECRET_0 270d614c1da9c5633b877644442e77ad473b658ac52f20b16562d5d35eeb1572 c34261eb317b87eb754eb2cec7a84634b144c42d6723de7383d90ca06dd0f3bb
SERVER_HANDSHAKE_TRAFFIC_SECRET d0fc9d25b85bfcd12adf4f6fb99867ef80f4e2931669611be71a76c551b1c996 5d20bc4f2dd2c269b4fe49165eb0b126a3a3c78636e69843359db0dd1d536329
CLIENT_HANDSHAKE_TRAFFIC_SECRET d0fc9d25b85bfcd12adf4f6fb99867ef80f4e2931669611be71a76c551b1c996 dc239a4f5c52ef03ee07506b924a12e3eee51da485073c9a87f57e1eb36047fd
SERVER_TRAFFIC_SECRET_0 d0fc9d25b85bfcd12adf4f6fb99867ef80f4e2931669611be71a76c551b1c996 95d39369ce08fdf25bc30433f3c3784226a4d150a0d8d3cbeaffedfdef812daa
SERVER_HANDSHAKE_TRAFFIC_SECRET d0fc9d25b85bfcd12adf4f6fb99867ef80f4e2931669611be71a76c551b1c996 5d20bc4f2dd2c269b4fe49165eb0b126a3a3c78636e69843359db0dd1d536329
CLIENT_HANDSHAKE_TRAFFIC_SECRET d0fc9d25b85bfcd12adf4f6fb99867ef80f4e2931669611be71a76c551b1c996 dc239a4f5c52ef03ee07506b924a12e3eee51da485073c9a87f57e1eb36047fd
SERVER_TRAFFIC_SECRET_0 d0fc9d25b85bfcd12adf4f6fb99867ef80f4e2931669611be71a76c551b1c996 95d39369ce08fdf25bc30433f3c3784226a4d150a0d8d3cbeaffedfdef812daa
CLIENT_TRAFFIC_SECRET_0 d0fc9d25b85bfcd12adf4f6fb99867ef80f4e2931669611be71a76c551b1c996 dce8167d90b74309dd721cc004ecd011acad92f09c3f93968e36c74ce7f6c8cb
CLIENT_TRAFFIC_SECRET_0 d0fc9d25b85bfcd12adf4f6fb99867ef80f4e2931669611be71a76c551b1c996 dce8167d90b74309dd721cc004ecd011acad92f09c3f93968e36c74ce7f6c8cb
SERVER_HANDSHAKE_TRAFFIC_SECRET 4947c4b6255ee19e773adf075c1359aaab4e012702229060bb3273b1d96f4bbf 5b623463ad075092c1ad0462e8c8ab75a41f129b1877d5c6327c3e82dbfd30b1
CLIENT_HANDSHAKE_TRAFFIC_SECRET 4947c4b6255ee19e773adf075c1359aaab4e012702229060bb3273b1d96f4bbf eaa6ff4d27e23f21887b85fe99c1e65d1bb6dbba9bc9aab4b2790e299d77d23e
SERVER_TRAFFIC_SECRET_0 4947c4b6255ee19e773adf075c1359aaab4e012702229060bb3273b1d96f4bbf 15c3445d5456afb25692957978de10d50391686793b08e9005cfade3afed24cb
SERVER_HANDSHAKE_TRAFFIC_SECRET 4947c4b6255ee19e773adf075c1359aaab4e012702229060bb3273b1d96f4bbf 5b623463ad075092c1ad0462e8c8ab75a41f129b1877d5c6327c3e82dbfd30b1
CLIENT_HANDSHAKE_TRAFFIC_SECRET 4947c4b6255ee19e773adf075c1359aaab4e012702229060bb3273b1d96f4bbf eaa6ff4d27e23f21887b85fe99c1e65d1bb6dbba9bc9aab4b2790e299d77d23e
SERVER_TRAFFIC_SECRET_0 4947c4b6255ee19e773adf075c1359aaab4e012702229060bb3273b1d96f4bbf 15c3445d5456afb25692957978de10d50391686793b08e9005cfade3afed24cb
CLIENT_TRAFFIC_SECRET_0 4947c4b6255ee19e773adf075c1359aaab4e012702229060bb3273b1d96f4bbf 307bf9a94dbc28c6335c26f1ccefb891c574bc0c5f30493a3f40bdddf7ad308e
CLIENT_TRAFFIC_SECRET_0 4947c4b6255ee19e773adf075c1359aaab4e012702229060bb3273b1d96f4bbf 307bf9a94dbc28c6335c26f1ccefb891c574bc0c5f30493a3f40bdddf7ad308e
SERVER_HANDSHAKE_TRAFFIC_SECRET 7147beb11293f45b95ad84a306dde60c4aa2313de09bcaf46d575b8beb5a82eb 9c2ef0a3b92fd9724e8ec2c99ca553d290c9949078b8e7c8477d05ac141bd560
CLIENT_HANDSHAKE_TRAFFIC_SECRET 7147beb11293f45b95ad84a306dde60c4aa2313de09bcaf46d575b8beb5a82eb 541520286c40c3ef48d147035ce47bf83cf89f74e24f0e8ffbd7557729d377e3
SERVER_TRAFFIC_SECRET_0 7147beb11293f45b95ad84a306dde60c4aa2313de09bcaf46d575b8beb5a82eb 9b4fd56fa0e94d10074626a57772df04bbb5963a1e070773d2f966c629b2c53f
SERVER_HANDSHAKE_TRAFFIC_SECRET 7147beb11293f45b95ad84a306dde60c4aa2313de09bcaf46d575b8beb5a82eb 9c2ef0a3b92fd9724e8ec2c99ca553d290c9949078b8e7c8477d05ac141bd560
CLIENT_HANDSHAKE_TRAFFIC_SECRET 7147beb11293f45b95ad84a306dde60c4aa2313de09bcaf46d575b8beb5a82eb 541520286c40c3ef48d147035ce47bf83cf89f74e24f0e8ffbd7557729d377e3
SERVER_TRAFFIC_SECRET_0 7147beb11293f45b95ad84a306dde60c4aa2313de09bcaf46d575b8beb5a82eb 9b4fd56fa0e94d10074626a57772df04bbb5963a1e070773d2f966c629b2c53f
CLIENT_TRAFFIC_SECRET_0 7147beb11293f45b95ad84a306dde60c4aa2313de09bcaf46d575b8beb5a82eb 365baf91e20a051c390f84715049f235cfb83d1b7357ba9dca784383329a8268
CLIENT_TRAFFIC_SECRET_0 7147beb11293f45b95ad84a306dde60c4aa2313de09bcaf46d575b8beb5a82eb 365baf91e20a051c390f84715049f235cfb83d1b7357ba9dca784383329a8268
SERVER_HANDSHAKE_TRAFFIC_SECRET 2026068b043ebcbc43cd87f8437b644236baafc90f30250249d54ab343a282fe 5ca2405e4e3759b03944b3e3776199548d95ccbe7912aaef5f9999e5ce2bf12c
CLIENT_HANDSHAKE_TRAFFIC_SECRET 2026068b043ebcbc43cd87f8437b644236baafc90f30250249d54ab343a282fe ba5b156a838d3e6ddfe236cab5e05183dacbfa8cc3569e59b660288848c1e4c7
SERVER_TRAFFIC_SECRET_0 2026068b043ebcbc43cd87f8437b644236baafc90f30250249d54ab343a282fe 1ddf6c032f0801ca7816fbaad671a23e1a97ef3afd76a536b1df9178c10e4af0
SERVER_HANDSHAKE_TRAFFIC_SECRET 2026068b043ebcbc43cd87f8437b644236baafc90f30250249d54ab343a282fe 5ca2405e4e3759b03944b3e3776199548d95ccbe7912aaef5f9999e5ce2bf12c
CLIENT_HANDSHAKE_TRAFFIC_SECRET 2026068b043ebcbc43cd87f8437b644236baafc90f30250249d54ab343a282fe ba5b156a838d3e6ddfe236cab5e05183dacbfa8cc3569e59b660288848c1e4c7
SERVER_TRAFFIC_SECRET_0 2026068b043ebcbc43cd87f8437b644236baafc90f30250249d54ab343a282fe 1ddf6c032f0801ca7816fbaad671a23e1a97ef3afd76a536b1df9178c10e4af0
CLIENT_TRAFFIC_SECRET_0 2026068b043ebcbc43cd87f8437b644236baafc90f30250249d54ab343a282fe 5a5ed27e3141c85cb4a57c331dcef627445fde72cf2472b0f47063ad6ab0487a
CLIENT_TRAFFIC_SECRET_0 2026068b043ebcbc43cd87f8437b644236baafc90f30250249d54ab343a282fe 5a5ed27e3141c85cb4a57c331dcef627445fde72cf2472b0f47063ad6ab0487a
SERVER_HANDSHAKE_TRAFFIC_SECRET b305f931bb10d9b348acb7c3076be47329b99f335367ac83735157074e05f08e 1ed46502204d3d83f5a31fbee38c4de4d4371dc563e9d7b54a2ac20a4064442d
CLIENT_HANDSHAKE_TRAFFIC_SECRET b305f931bb10d9b348acb7c3076be47329b99f335367ac83735157074e05f08e 65cdef44f459265ed3b444142aa673a05a1d9f0251dc5370fb5578d676a74d79
SERVER_TRAFFIC_SECRET_0 b305f931bb10d9b348acb7c3076be47329b99f335367ac83735157074e05f08e fbe3f8e54a60b90cbc2b0a5610f94512e9bc251ce08ace8b896741012c228d58
SERVER_HANDSHAKE_TRAFFIC_SECRET b305f931bb10d9b348acb7c3076be47329b99f335367ac83735157074e05f08e 1ed46502204d3d83f5a31fbee38c4de4d4371dc563e9d7b54a2ac20a4064442d
CLIENT_HANDSHAKE_TRAFFIC_SECRET b305f931bb10d9b348acb7c3076be47329b99f335367ac83735157074e05f08e 65cdef44f459265ed3b444142aa673a05a1d9f0251dc5370fb5578d676a74d79
SERVER_TRAFFIC_SECRET_0 b305f931bb10d9b348acb7c3076be47329b99f335367ac83735157074e05f08e fbe3f8e54a60b90cbc2b0a5610f94512e9bc251ce08ace8b896741012c228d58
CLIENT_TRAFFIC_SECRET_0 b305f931bb10d9b348acb7c3076be47329b99f335367ac83735157074e05f08e 0f61df4f7ea3fd1970eed6b498c50195d8e75121d1010d2ada5374ef21c6afe7
CLIENT_TRAFFIC_SECRET_0 b305f931bb10d9b348acb7c3076be47329b99f335367ac83735157074e05f08e 0f61df4f7ea3fd1970eed6b498c50195d8e75121d1010d2ada5374ef21c6afe7
SERVER_HANDSHAKE_TRAFFIC_SECRET c737655fcc7563422bb4f22f19311444a34d75ca5afb6f3d63c7cda02f9dcfa8 05019b2265737f38d547791c2aafe78f235991c47621e4d6500771f740c8abb4
CLIENT_HANDSHAKE_TRAFFIC_SECRET c737655fcc7563422bb4f22f19311444a34d75ca5afb6f3d63c7cda02f9dcfa8 a2ee25613314f69b238d743296feba81bf1fe551759efce3d1723b02973d1cc9
SERVER_TRAFFIC_SECRET_0 c737655fcc7563422bb4f22f19311444a34d75ca5afb6f3d63c7cda02f9dcfa8 d198525469e10e479d8959acd9eb5a9fee0156636d5b2c8662847963dc7f71ed
SERVER_HANDSHAKE_TRAFFIC_SECRET c737655fcc7563422bb4f22f19311444a34d75ca5afb6f3d63c7cda02f9dcfa8 05019b2265737f38d547791c2aafe78f235991c47621e4d6500771f740c8abb4
CLIENT_HANDSHAKE_TRAFFIC_SECRET c737655fcc7563422bb4f22f19311444a34d75ca5afb6f3d63c7cda02f9dcfa8 a2ee25613314f69b238d743296feba81bf1fe551759efce3d1723b02973d1cc9
SERVER_TRAFFIC_SECRET_0 c737655fcc7563422bb4f22f19311444a34d75ca5afb6f3d63c7cda02f9dcfa8 d198525469e10e479d8959acd9eb5a9fee0156636d5b2c8662847963dc7f71ed
CLIENT_TRAFFIC_SECRET_0 c737655fcc7563422bb4f22f19311444a34d75ca5afb6f3d63c7cda02f9dcfa8 8f14fc80968a640d2371116819d433e27c5ef19e48738b8cb9a0ce0e45614678
CLIENT_TRAFFIC_SECRET_0 c737655fcc7563422bb4f22f19311444a34d75ca5afb6f3d63c7cda02f9dcfa8 8f14fc80968a640d2371116819d433e27c5ef19e48738b8cb9a0ce0e45614678
SERVER_HANDSHAKE_TRAFFIC_SECRET 98d54c0ae2427b1732053fbcfc188eb7304c334e5f55ae850f24cb3424f0ae3a ea291c3c36a7c0ee10c2724fdb93d798b66e056b0c4c296865bec3825df7a50d
CLIENT_HANDSHAKE_TRAFFIC_SECRET 98d54c0ae2427b1732053fbcfc188eb7304c334e5f55ae850f24cb3424f0ae3a f926b104367c57b576398cb412504d68222aa4ea82b8c8e7fd0642b63cd04a23
SERVER_TRAFFIC_SECRET_0 98d54c0ae2427b1732053fbcfc188eb7304c334e5f55ae850f24cb3424f0ae3a 20548b44b9070b35ce6a5d00c0458d04fefe61c9f4307091c7c12575fbdadfd0
SERVER_HANDSHAKE_TRAFFIC_SECRET 98d54c0ae2427b1732053fbcfc188eb7304c334e5f55ae850f24cb3424f0ae3a ea291c3c36a7c0ee10c2724fdb93d798b66e056b0c4c296865bec3825df7a50d
CLIENT_HANDSHAKE_TRAFFIC_SECRET 98d54c0ae2427b1732053fbcfc188eb7304c334e5f55ae850f24cb3424f0ae3a f926b104367c57b576398cb412504d68222aa4ea82b8c8e7fd0642b63cd04a23
SERVER_TRAFFIC_SECRET_0 98d54c0ae2427b1732053fbcfc188eb7304c334e5f55ae850f24cb3424f0ae3a 20548b44b9070b35ce6a5d00c0458d04fefe61c9f4307091c7c12575fbdadfd0
CLIENT_TRAFFIC_SECRET_0 98d54c0ae2427b1732053fbcfc188eb7304c334e5f55ae850f24cb3424f0ae3a a3a599ef68608267c1c30ae229e2f44a93b7d5218bd8f35ef1b4f59ed64bd39e
CLIENT_TRAFFIC_SECRET_0 98d54c0ae2427b1732053fbcfc188eb7304c334e5f55ae850f24cb3424f0ae3a a3a599ef68608267c1c30ae229e2f44a93b7d5218bd8f35ef1b4f59ed64bd39e
SERVER_HANDSHAKE_TRAFFIC_SECRET 47066b8cb342ad5c0c0d00df767923c65fe321cb2d1edee56e8143667d166717 8a934bb87c285826c0c8105d50e95d7477e0b9b8df82de4b86061bfc87dc027b
CLIENT_HANDSHAKE_TRAFFIC_SECRET 47066b8cb342ad5c0c0d00df767923c65fe321cb2d1edee56e8143667d166717 fe99a517a75e1f64f11bc7e652ba8400fae543b5c3e4841d3a8e2d2c5afe9505
SERVER_TRAFFIC_SECRET_0 47066b8cb342ad5c0c0d00df767923c65fe321cb2d1edee56e8143667d166717 06bbc78719899dd845aedbbfc129c163e14c27be75f8e48e6e4d32659644f745
SERVER_HANDSHAKE_TRAFFIC_SECRET 47066b8cb342ad5c0c0d00df767923c65fe321cb2d1edee56e8143667d166717 8a934bb87c285826c0c8105d50e95d7477e0b9b8df82de4b86061bfc87dc027b
CLIENT_HANDSHAKE_TRAFFIC_SECRET 47066b8cb342ad5c0c0d00df767923c65fe321cb2d1edee56e8143667d166717 fe99a517a75e1f64f11bc7e652ba8400fae543b5c3e4841d3a8e2d2c5afe9505
SERVER_TRAFFIC_SECRET_0 47066b8cb342ad5c0c0d00df767923c65fe321cb2d1edee56e8143667d166717 06bbc78719899dd845aedbbfc129c163e14c27be75f8e48e6e4d32659644f745
CLIENT_TRAFFIC_SECRET_0 47066b8cb342ad5c0c0d00df767923c65fe321cb2d1edee56e8143667d166717 583abff558a57705f428c28fed35ec520d67e49e22a9324faba4853554f4b055
CLIENT_TRAFFIC_SECRET_0 47066b8cb342ad5c0c0d00df767923c65fe321cb2d1edee56e8143667d166717 583abff558a57705f428c28fed35ec520d67e49e22a9324faba4853554f4b055
SERVER_HANDSHAKE_TRAFFIC_SECRET ae34a9d65f5855e9a287428c52b4a8380e83b19b0b6c0e848b98822235b16eb0 61ec688b3a401d6c50944f24ca9c01a816f7a63135db41df24abc781a9440597
CLIENT_HANDSHAKE_TRAFFIC_SECRET ae34a9d65f5855e9a287428c52b4a8380e83b19b0b6c0e848b98822235b16eb0 13840677ff3283cbfdac0ddbf7d50b11297b481670baaee5a2e1153bacd55b12
SERVER_TRAFFIC_SECRET_0 ae34a9d65f5855e9a287428c52b4a8380e83b19b0b6c0e848b98822235b16eb0 ffe358fa717e0ab0804e203c505c238046be91f15e1ff39f925001853623bcec
SERVER_HANDSHAKE_TRAFFIC_SECRET ae34a9d65f5855e9a287428c52b4a8380e83b19b0b6c0e848b98822235b16eb0 61ec688b3a401d6c50944f24ca9c01a816f7a63135db41df24abc781a9440597
CLIENT_HANDSHAKE_TRAFFIC_SECRET ae34a9d65f5855e9a287428c52b4a8380e83b19b0b6c0e848b98822235b16eb0 13840677ff3283cbfdac0ddbf7d50b11297b481670baaee5a2e1153bacd55b12
SERVER_TRAFFIC_SECRET_0 ae34a9d65f5855e9a287428c52b4a8380e83b19b0b6c0e848b98822235b16eb0 ffe358fa717e0ab0804e203c505c238046be91f15e1ff39f925001853623bcec
CLIENT_TRAFFIC_SECRET_0 ae34a9d65f5855e9a287428c52b4a8380e83b19b0b6c0e848b98822235b16eb0 f5e4aa333fe573c666f985e29a7627f62bd8e729490f1c8d44851e11d34deccc
CLIENT_TRAFFIC_SECRET_0 ae34a9d65f5855e9a287428c52b4a8380e83b19b0b6c0e848b98822235b16eb0 f5e4aa333fe573c666f985e29a7627f62bd8e729490f1c8d44851e11d34deccc
SERVER_HANDSHAKE_TRAFFIC_SECRET b441b23e12c65f4c295f1341482aa7bf76eb512470bfb2e4bec17b9021dbc7fc 13d03d83be6f9f8741990257dbe8c9a868ec66f009665118945d025556e955ee
CLIENT_HANDSHAKE_TRAFFIC_SECRET b441b23e12c65f4c295f1341482aa7bf76eb512470bfb2e4bec17b9021dbc7fc cb93d1abcf27af4951675d731f9a08240b770012e9edd6937a6ca06bf0d8abab
SERVER_TRAFFIC_SECRET_0 b441b23e12c65f4c295f1341482aa7bf76eb512470bfb2e4bec17b9021dbc7fc a0dbe1bd82da9ded81ecd742c5b0fbe11f1779a575630752c02f53c35634201c
SERVER_HANDSHAKE_TRAFFIC_SECRET b441b23e12c65f4c295f1341482aa7bf76eb512470bfb2e4bec17b9021dbc7fc 13d03d83be6f9f8741990257dbe8c9a868ec66f009665118945d025556e955ee
CLIENT_HANDSHAKE_TRAFFIC_SECRET b441b23e12c65f4c295f1341482aa7bf76eb512470bfb2e4bec17b9021dbc7fc cb93d1abcf27af4951675d731f9a08240b770012e9edd6937a6ca06bf0d8abab
SERVER_TRAFFIC_SECRET_0 b441b23e12c65f4c295f1341482aa7bf76eb512470bfb2e4bec17b9021dbc7fc a0dbe1bd82da9ded81ecd742c5b0fbe11f1779a575630752c02f53c35634201c
CLIENT_TRAFFIC_SECRET_0 b441b23e12c65f4c295f1341482aa7bf76eb512470bfb2e4bec17b9021dbc7fc 634016ac500ca29170e27da233f3c2e1f23d23493c6fc76ea17484e9b965ce58
CLIENT_TRAFFIC_SECRET_0 b441b23e12c65f4c295f1341482aa7bf76eb512470bfb2e4bec17b9021dbc7fc 634016ac500ca29170e27da233f3c2e1f23d23493c6fc76ea17484e9b965ce58
SERVER_HANDSHAKE_TRAFFIC_SECRET ee360cf2750ca61653e293926c157a8e27782034d5720faa32b298dfe7b37d81 d6b885be1f95b7d92afc0149bb1f2da62a626129da2e28f54325dabbfef33928
CLIENT_HANDSHAKE_TRAFFIC_SECRET ee360cf2750ca61653e293926c157a8e27782034d5720faa32b298dfe7b37d81 89c9904d2ebbea411d25841b664296d9387ae4024095d74b6dad4fae6e672b36
SERVER_TRAFFIC_SECRET_0 ee360cf2750ca61653e293926c157a8e27782034d5720faa32b298dfe7b37d81 54ca1193613215198c4f84680abfa68c4f26d09036f61ca99ada793726f1b183
SERVER_HANDSHAKE_TRAFFIC_SECRET ee360cf2750ca61653e293926c157a8e27782034d5720faa32b298dfe7b37d81 d6b885be1f95b7d92afc0149bb1f2da62a626129da2e28f54325dabbfef33928
CLIENT_HANDSHAKE_TRAFFIC_SECRET ee360cf2750ca61653e293926c157a8e27782034d5720faa32b298dfe7b37d81 89c9904d2ebbea411d25841b664296d9387ae4024095d74b6dad4fae6e672b36
SERVER_TRAFFIC_SECRET_0 ee360cf2750ca61653e293926c157a8e27782034d5720faa32b298dfe7b37d81 54ca1193613215198c4f84680abfa68c4f26d09036f61ca99ada793726f1b183
CLIENT_TRAFFIC_SECRET_0 ee360cf2750ca61653e293926c157a8e27782034d5720faa32b298dfe7b37d81 ea93aa191547c1dd9a375d38994f1b5593a0ab821a214cbf32c1b89c4e682a85
CLIENT_TRAFFIC_SECRET_0 ee360cf2750ca61653e293926c157a8e27782034d5720faa32b298dfe7b37d81 ea93aa191547c1dd9a375d38994f1b5593a0ab821a214cbf32c1b89c4e682a85
SERVER_HANDSHAKE_TRAFFIC_SECRET b9d928e18d5ff45fa90f2fe05837c7bd1eb17536b3fb6bdba8f68581be287306 9e7eda55bd4ea39863ffdec30a3beacc6d84af694e9170156bcd754332ebf302
CLIENT_HANDSHAKE_TRAFFIC_SECRET b9d928e18d5ff45fa90f2fe05837c7bd1eb17536b3fb6bdba8f68581be287306 675a16b61feb7ddc41ea79af876c3b418e649e93bc42a991534aa5549b7e99c7
SERVER_TRAFFIC_SECRET_0 b9d928e18d5ff45fa90f2fe05837c7bd1eb17536b3fb6bdba8f68581be287306 c1f612570c0d03efa12f5cabddadc41663bd23a60dcc248283634a77341295b9
SERVER_HANDSHAKE_TRAFFIC_SECRET b9d928e18d5ff45fa90f2fe05837c7bd1eb17536b3fb6bdba8f68581be287306 9e7eda55bd4ea39863ffdec30a3beacc6d84af694e9170156bcd754332ebf302
CLIENT_HANDSHAKE_TRAFFIC_SECRET b9d928e18d5ff45fa90f2fe05837c7bd1eb17536b3fb6bdba8f68581be287306 675a16b61feb7ddc41ea79af876c3b418e649e93bc42a991534aa5549b7e99c7
SERVER_TRAFFIC_SECRET_0 b9d928e18d5ff45fa90f2fe05837c7bd1eb17536b3fb6bdba8f68581be287306 c1f612570c0d03efa12f5cabddadc41663bd23a60dcc248283634a77341295b9
CLIENT_TRAFFIC_SECRET_0 b9d928e18d5ff45fa90f2fe05837c7bd1eb17536b3fb6bdba8f68581be287306 c0ba1f0742dea61141848bd1bb839b19087295c1dfed2e859e65642cbc00dc9a
CLIENT_TRAFFIC_SECRET_0 b9d928e18d5ff45fa90f2fe05837c7bd1eb17536b3fb6bdba8f68581be287306 c0ba1f0742dea61141848bd1bb839b19087295c1dfed2e859e65642cbc00dc9a
SERVER_HANDSHAKE_TRAFFIC_SECRET dcc3e4c60b768d216ef3bb51f2df34f9ce2da0078003bcd6582694d6ebf660fd 3e3b8147fbae90d3206f553da3b0f99acdc0a90e36a42149ac4eb713b1cdb4cd
CLIENT_HANDSHAKE_TRAFFIC_SECRET dcc3e4c60b768d216ef3bb51f2df34f9ce2da0078003bcd6582694d6ebf660fd a6a224e733463370414398a125ea9ab4040cc3024a4475b3a081ba378226b438
SERVER_TRAFFIC_SECRET_0 dcc3e4c60b768d216ef3bb51f2df34f9ce2da0078003bcd6582694d6ebf660fd 9638f338ece4d82acf846025bfe2f8d5222405eb0f7d2f27e0c280fd89f390d6
SERVER_HANDSHAKE_TRAFFIC_SECRET dcc3e4c60b768d216ef3bb51f2df34f9ce2da0078003bcd6582694d6ebf660fd 3e3b8147fbae90d3206f553da3b0f99acdc0a90e36a42149ac4eb713b1cdb4cd
CLIENT_HANDSHAKE_TRAFFIC_SECRET dcc3e4c60b768d216ef3bb51f2df34f9ce2da0078003bcd6582694d6ebf660fd a6a224e733463370414398a125ea9ab4040cc3024a4475b3a081ba378226b438
SERVER_TRAFFIC_SECRET_0 dcc3e4c60b768d216ef3bb51f2df34f9ce2da0078003bcd6582694d6ebf660fd 9638f338ece4d82acf846025bfe2f8d5222405eb0f7d2f27e0c280fd89f390d6
CLIENT_TRAFFIC_SECRET_0 dcc3e4c60b768d216ef3bb51f2df34f9ce2da0078003bcd6582694d6ebf660fd f3e437fcb8aeaf504ac5c9141cdc6ba397304bd20f3f855a6551111452a6661f
CLIENT_TRAFFIC_SECRET_0 dcc3e4c60b768d216ef3bb51f2df34f9ce2da0078003bcd6582694d6ebf660fd f3e437fcb8aeaf504ac5c9141cdc6ba397304bd20f3f855a6551111452a6661f
SERVER_HANDSHAKE_TRAFFIC_SECRET 7db5cb7752a1a26fc19d3b0a649b651495507cebb27d306e0ba866817884c15f c5da536ce46e113e4baab3e886ffd3ca65b0e1206b7e5e203be0fb7c63d9313b
CLIENT_HANDSHAKE_TRAFFIC_SECRET 7db5cb7752a1a26fc19d3b0a649b651495507cebb27d306e0ba866817884c15f b0110940da96d93828026e382692c333aa9d178508ce1aeda3a22c2cd7e9f5cc
SERVER_TRAFFIC_SECRET_0 7db5cb7752a1a26fc19d3b0a649b651495507cebb27d306e0ba866817884c15f 0987bcd049520645b20a54bb2fd84588fa6f919b14afb71b1180c738117e5962
SERVER_HANDSHAKE_TRAFFIC_SECRET 7db5cb7752a1a26fc19d3b0a649b651495507cebb27d306e0ba866817884c15f c5da536ce46e113e4baab3e886ffd3ca65b0e1206b7e5e203be0fb7c63d9313b
CLIENT_HANDSHAKE_TRAFFIC_SECRET 7db5cb7752a1a26fc19d3b0a649b651495507cebb27d306e0ba866817884c15f b0110940da96d93828026e382692c333aa9d178508ce1aeda3a22c2cd7e9f5cc
SERVER_TRAFFIC_SECRET_0 7db5cb7752a1a26fc19d3b0a649b651495507cebb27d306e0ba866817884c15f 0987bcd049520645b20a54bb2fd84588fa6f919b14afb71b1180c738117e5962
CLIENT_TRAFFIC_SECRET_0 7db5cb7752a1a26fc19d3b0a649b651495507cebb27d306e0ba866817884c15f 86901a52a6825706173ad4bf99d2a3f76ae643017dc867a2053e361ef332c360
CLIENT_TRAFFIC_SECRET_0 7db5cb7752a1a26fc19d3b0a649b651495507cebb27d306e0ba866817884c15f 86901a52a6825706173ad4bf99d2a3f76ae643017dc867a2053e361ef332c360
SERVER_HANDSHAKE_TRAFFIC_SECRET ea2f7e7409fec98e3ac49e75256422330e5ab20942c7305363622e0508ad4c1f 5059f24b9deda5c3fac72ffc2b28a4dbaa7e5264befeb7a2fecb514ea79d467f
CLIENT_HANDSHAKE_TRAFFIC_SECRET ea2f7e7409fec98e3ac49e75256422330e5ab20942c7305363622e0508ad4c1f 646521dbe4f99a17f2b0ba6a8f963cf7a81062cc3236aaddda80018cbbbdb787
SERVER_TRAFFIC_SECRET_0 ea2f7e7409fec98e3ac49e75256422330e5ab20942c7305363622e0508ad4c1f a6e70a8a2137263ea9ee903ee21d1eba8f3e207a027c4c284b37427c92e43d6e
SERVER_HANDSHAKE_TRAFFIC_SECRET ea2f7e7409fec98e3ac49e75256422330e5ab20942c7305363622e0508ad4c1f 5059f24b9deda5c3fac72ffc2b28a4dbaa7e5264befeb7a2fecb514ea79d467f
CLIENT_HANDSHAKE_TRAFFIC_SECRET ea2f7e7409fec98e3ac49e75256422330e5ab20942c7305363622e0508ad4c1f 646521dbe4f99a17f2b0ba6a8f963cf7a81062cc3236aaddda80018cbbbdb787
SERVER_TRAFFIC_SECRET_0 ea2f7e7409fec98e3ac49e75256422330e5ab20942c7305363622e0508ad4c1f a6e70a8a2137263ea9ee903ee21d1eba8f3e207a027c4c284b37427c92e43d6e
CLIENT_TRAFFIC_SECRET_0 ea2f7e7409fec98e3ac49e75256422330e5ab20942c7305363622e0508ad4c1f 96d68727d9aeee6c16faeff6730929e736ddcb10eba6756da940d2486af9e8c8
CLIENT_TRAFFIC_SECRET_0 ea2f7e7409fec98e3ac49e75256422330e5ab20942c7305363622e0508ad4c1f 96d68727d9aeee6c16faeff6730929e736ddcb10eba6756da940d2486af9e8c8
SERVER_HANDSHAKE_TRAFFIC_SECRET 5ce4319e71d4de6e2bf8aeff7d6ecfcc50f5024370147bf6b95350ecff0ac6c3 3e8a28127644a3e2a31870fce4cd7fb83b97ed75e4e6940649a0daf0b3c27d68
CLIENT_HANDSHAKE_TRAFFIC_SECRET 5ce4319e71d4de6e2bf8aeff7d6ecfcc50f5024370147bf6b95350ecff0ac6c3 b63fddd72e34079a6c792a9ad1f9e35acba4cf998b3f07237a6ec6c9d60dee65
SERVER_TRAFFIC_SECRET_0 5ce4319e71d4de6e2bf8aeff7d6ecfcc50f5024370147bf6b95350ecff0ac6c3 230180dd437841413d5dcf7b3beb5bcae9eff72c2303e5f32c841ab9f64465c5
SERVER_HANDSHAKE_TRAFFIC_SECRET 5ce4319e71d4de6e2bf8aeff7d6ecfcc50f5024370147bf6b95350ecff0ac6c3 3e8a28127644a3e2a31870fce4cd7fb83b97ed75e4e6940649a0daf0b3c27d68
CLIENT_HANDSHAKE_TRAFFIC_SECRET 5ce4319e71d4de6e2bf8aeff7d6ecfcc50f5024370147bf6b95350ecff0ac6c3 b63fddd72e34079a6c792a9ad1f9e35acba4cf998b3f07237a6ec6c9d60dee65
SERVER_TRAFFIC_SECRET_0 5ce4319e71d4de6e2bf8aeff7d6ecfcc50f5024370147bf6b95350ecff0ac6c3 230180dd437841413d5dcf7b3beb5bcae9eff72c2303e5f32c841ab9f64465c5
CLIENT_TRAFFIC_SECRET_0 5ce4319e71d4de6e2bf8aeff7d6ecfcc50f5024370147bf6b95350ecff0ac6c3 be39e187837ea374178513297e243022f5993c48c088a642bcc4e37ebef57c7c
CLIENT_TRAFFIC_SECRET_0 5ce4319e71d4de6e2bf8aeff7d6ecfcc50f5024370147bf6b95350ecff0ac6c3 be39e187837ea374178513297e243022f5993c48c088a642bcc4e37ebef57c7c
