Run,Implementation,Mode,TestName,Status,ErrorIEV,OutputFile,NbPktSend,isPass
0," /home/chris/TVOQE_UPGRADE_27/quic/quant/Debug/bin/client -c false -r 20 -l /home/chris/secret.log -q /home/chris/qlog_quant -t 3600 -v 5 -e 0xff00001d https://localhost:4443/index.html
",client,quic_client_test_tp_unkown0,,,/home/chris/Toward-verification-of-QUIC-extensions/installer/TVOQE/results/errors/client/local/quant-client-2/temp/1164/quic_client_test_tp_unkown0.iev,0.0,1.0
1," /home/chris/TVOQE_UPGRADE_27/quic/quant/Debug/bin/client -c false -r 20 -l /home/chris/secret.log -q /home/chris/qlog_quant -t 3600 -v 5 -e 0xff00001d https://localhost:4443/index.html
",client,quic_client_test_stream0,,"timeout+< undecryptable_packet_event({protocol:udp,addr:0x7f000001,port:0xd3ff},{protocol:udp,addr:0x7f000001,port:0x115b},[0xc2,0xff,0,0,0x1d,0x11,0xe3,0xfd,0x1a,0x80,0xba,0x7b,0xde,0xd3,0x9e,0xf,0x1d,0x43,0xff,0x62,0xfb,0x62,0xd3,0x4,0x8a,0x6f,0x7a,0x1d,0,0x44,0x91,0xe0,0xff,0x48,0xf,0x67,0x44,0x6f,0x73,0x3,0xd,0xd0,0x7c,0xe9,0x1c,0xda,0xb7,0x53,0xae,0xd0,0x38,0x54,0x4c,0x70,0x6c,0x52,0xf8,0xfc,0xc2,0x32,0xcd,0x5d,0x72,0xeb,0xf8,0x89,0xca,0x50,0xd8,0xd3,0xab,0xa1,0x6a,0x84,0x2d,0xea,0x43,0xfd,0xe1,0x48,0x1f,0xa7,0x41,0x88,0x64,0x52,0x45,0x9b,0xf,0xf8,0x33,0xd1,0x12,0xbc,0xa3,0x24,0xf3,0xe0,0xba,0xd3,0x25,0xc,0xdd,0xfb,0xf3,0x26,0x8c,0x8e,0xc2,0xc4,0x1,0xf3,0xfe,0xe9,0xf2,0x51,0x72,0x9d,0xd7,0xb7,0x3d,0xc,0xf,0x84,0x5b,0xcc,0xb1,0x3d,0xc4,0x5f,0x31,0x60,0x2c,0xab,0xad,0x75,0xe0,0x67,0,0x82,0x63,0xea,0x91,0x39,0x88,0xb1,0x55,0x16,0x7c,0x21,0x13,0x6a,0x9f,0xe1,0x76,0x39,0x75,0xc3,0xb3,0xb9,0xb0,0xf3,0xaf,0x4,0x92,0xdf,0x4a,0x62,0xaa,0x40,0x8a,0xcf,0x68,0xe,0xfe,0x8,0xc,0xe6,0x77,0x1b,0x34,0x9c,0x96,0x45,0xf0,0x25,0xf6,0x10,0x15,0xbb,0x48,0x96,0x78,0xdb,0x6d,0xb8,0x35,0xd8,0x37,0xf8,0x31,0x43,0x13,0xcc,0x17,0x68,0x47,0x61,0x1c,0xeb,0x38,0x48,0xdf,0x3c,0x53,0x51,0x9e,0x12,0xac,0x6b,0x5e,0x1a,0x64,0x85,0xd0,0xdb,0xb9,0x37,0x6a,0x25,0xb7,0xfd,0x99,0xc4,0x54,0xa3,0xc7,0xaf,0x73,0xc5,0xa2,0x46,0xf3,0xba,0x8c,0xfd,0x5c,0xda,0x8,0xda,0x5b,0xf1,0x4d,0xbe,0x1a,0x11,0xce,0x8e,0xe9,0x1d,0x4c,0xcc,0x7,0x73,0xac,0xa9,0xa3,0x48,0xb2,0x17,0xaf,0xde,0x83,0x1a,0xc4,0xbd,0x74,0x77,0xbc,0x91,0x73,0xad,0x1d,0x4c,0x4a,0xfa,0x97,0x6a,0xfb,0x41,0xb6,0xad,0xd1,0x57,0xee,0x38,0x81,0xce,0xbf,0xc9,0x92,0x73,0x34,0xa5,0xed,0xc6,0x2c,0xe0,0xe4,0x6d,0xc2,0x7,0x56,0x21,0x2f,0xb,0x64,0xc3,0xec,0xdd,0x81,0x80,0x84,0x64,0xc7,0x27,0x27,0xf8,0xee,0x96,0x8f,0x64,0x1e,0x36,0x15,0xce,0x9e,0xf0,0x4c,0x45,0x50,0x87,0xc7,0xe7,0xc0,0x6f,0xd2,0xbb,0xb4,0x28,0x65,0xef,0x38,0x79,0xc8,0x21,0x66,0x36,0xed,0x48,0x92,0xc1,0xb6,0xae,0x6a,0x8c,0x3e,0x15,0xb,0x29,0xbc,0x81,0x84,0xd7,0xd5,0x5e,0xf1,0xc6,0x8d,0x9f,0x99,0x6f,0xea,0x8d,0x2d,0x7,0xc9,0xcd,0x4,0xe7,0x2f,0xff,0xe0,0x72,0x79,0x66,0x9,0xf0,0xa2,0x8c,0xb1,0x9c,0x64,0x28,0xc9,0x63,0xac,0x29,0x5d,0x12,0xff,0x93,0x88,0xbd,0x48,0xc0,0x94,0xd7,0xb3,0xdc,0xff,0x68,0x87,0x15,0x45,0xf6,0xc9,0x3,0xc4,0xbc,0xb4,0xe,0x4c,0x7f,0x84,0x95,0xbe,0xa7,0x1e,0x98,0x60,0x55,0x9e,0x45,0xc0,0xf9,0xd2,0x37,0x34,0xb,0x8d,0xd8,0x34,0xbd,0x23,0xca,0xc5,0x70,0x39,0x16,0x52,0x58,0x5a,0x2e,0x57,0xab,0x16,0xf,0x20,0xc5,0x80,0x3d,0x6d,0x1a,0x36,0x8a,0x41,0xbb,0x95,0x80,0x73,0xa8,0x98,0xff,0x68,0xc8,0x40,0x6e,0xf1,0xaf,0x7e,0x25,0x5e,0x80,0x67,0x6d,0x35,0xa2,0x54,0xd,0x24,0xee,0xc2,0xd3,0x9d,0xb1,0x22,0xc0,0x1f,0x3d,0xa4,0xc2,0x12,0xda,0xcf,0x13,0xeb,0x5e,0x8d,0xff,0xc3,0xe2,0x16,0x74,0xc0,0x7b,0xa4,0xec,0x3,0x37,0xa9,0x7e,0x77,0x4e,0x9d,0xe9,0x80,0xca,0x3d,0x91,0x1d,0x23,0xd5,0xed,0x4,0x63,0x99,0xd1,0x11,0x16,0xbc,0x29,0x5e,0xa6,0x4f,0x75,0x2c,0xd3,0x2e,0x52,0xf8,0xf9,0xb,0x9f,0x4b,0xea,0x10,0xeb,0,0x2e,0x58,0x65,0xf2,0x26,0xd0,0x64,0x9c,0x2b,0x67,0xa4,0x54,0x5c,0x79,0x92,0x58,0x3e,0,0xe4,0x82,0xc7,0xbd,0x2b,0x2e,0xae,0x82,0x7e,0xaf,0x63,0x7,0x2,0xac,0xd4,0x47,0xa1,0xf5,0xa,0x9a,0x28,0x4a,0x2e,0x65,0x25,0x17,0xcc,0xb,0xa7,0xcc,0x7f,0xbd,0x17,0xb2,0xcb,0x19,0x57,0x4a,0x71,0x45,0x10,0xee,0xa9,0xd6,0x8f,0xd5,0xba,0x74,0x14,0x54,0xd8,0x94,0x80,0x43,0x75,0x3c,0x67,0x35,0xd0,0x97,0x41,0xb9,0xb,0xa1,0xa2,0x99,0xbf,0x21,0xdb,0xb6,0x63,0xd1,0xc6,0x46,0xdc,0x9a,0xd1,0x4f,0x47,0x16,0x90,0xfc,0x38,0x5d,0x27,0x91,0x19,0x8f,0xb1,0xb,0x6c,0xb3,0xc5,0x2d,0xcf,0,0xaf,0x63,0x1c,0x5d,0x86,0x90,0x41,0x58,0xcc,0x9a,0xfb,0x3c,0x83,0x76,0x20,0x8b,0xda,0xa7,0x19,0x2f,0x1e,0x4a,0xb5,0x97,0x75,0xf3,0x88,0x3d,0xff,0xb3,0xd3,0xdb,0xdb,0xa8,0xde,0xdd,0x40,0xdc,0x45,0x6,0xbc,0x10,0x22,0xc8,0xd1,0xde,0x27,0x76,0xdd,0xeb,0x7e,0x30,0xe7,0xc6,0xc8,0xb9,0x75,0x6,0xc7,0x22,0xca,0xf7,0x4f,0x55,0x6c,0xdb,0x47,0x5e,0x8,0x33,0xef,0x57,0xda,0x14,0xff,0xe6,0xbb,0xdb,0x60,0xf,0x9c,0xc9,0xd9,0xdf,0xbf,0x4d,0x4f,0xea,0xac,0xe,0x56,0x22,0x1a,0x6b,0,0x8,0xfc,0x52,0x68,0x4e,0x49,0x84,0xe2,0x17,0x92,0x2a,0xcc,0xbe,0x1a,0x70,0xf,0xa,0x84,0xa7,0xf0,0x64,0xda,0x67,0x63,0xed,0x15,0x40,0x9f,0xaf,0x46,0x9b,0x2,0x18,0x9d,0xe6,0x10,0x1,0xdf,0x56,0x13,0x61,0xbd,0x4,0x5c,0x4f,0xf3,0xfd,0x75,0x96,0x2c,0x20,0x16,0x17,0xa6,0x8d,0xd2,0xe5,0xaa,0x3c,0x37,0xd1,0xca,0x3c,0xcb,0x24,0x19,0xdc,0xe7,0x87,0x83,0x49,0x88,0x67,0xfc,0x5b,0x77,0x20,0xa1,0x9e,0x3f,0x24,0x41,0xf8,0x79,0xeb,0xa1,0x71,0x15,0x89,0x69,0xa5,0xd5,0x81,0xc1,0xf6,0x91,0x37,0x14,0xb5,0xf2,0x1e,0x48,0xb9,0x57,0x79,0x22,0xc3,0x69,0x51,0x24,0x66,0xbe,0x2f,0x7f,0x4d,0x88,0x2c,0x5a,0x27,0x12,0x90,0x2c,0xa0,0xf0,0x44,0x3b,0x4e,0xab,0xb,0x9e,0xe8,0x5a,0xb4,0xac,0xe1,0x44,0xc0,0x5d,0x8a,0x98,0x94,0xa2,0x76,0xfb,0xaa,0xad,0x5,0x9a,0x8b,0x79,0x8a,0xb2,0x9,0x32,0x7a,0x7,0xd9,0xb0,0xb6,0x74,0x43,0x8,0xbc,0x3f,0x6e,0x2d,0xfb,0x1,0x97,0xb1,0x1a,0xf3,0x56,0x6c,0x53,0xf8,0x16,0x85,0x59,0x29,0x21,0x72,0xf9,0xaa,0x81,0x6d,0xd0,0xba,0x7f,0xd,0xec,0x69,0xac,0xea,0x9a,0xaa,0x2a,0x93,0xe8,0x16,0x69,0xce,0x37,0xf,0x1f,0x24,0x49,0xf4,0x73,0x6a,0xa2,0xf2,0xd3,0x4a,0xfc,0xa5,0xcb,0x4e,0x31,0x88,0,0x83,0x8a,0x17,0x7d,0x54,0xf,0xfc,0xce,0x6f,0x57,0x42,0x88,0x43,0xc1,0xc,0xc8,0x9d,0xe0,0xf3,0x75,0x43,0xc9,0xa2,0x70,0xcc,0x4d,0xf,0x8d,0xa9,0xfe,0x37,0x48,0x12,0x47,0x5c,0x86,0x55,0x3b,0xb6,0x6f,0x90,0x86,0xc8,0x5f,0x14,0xda,0x25,0x6,0xfc,0xb3,0x66,0x75,0x84,0x95,0xb,0x22,0xe8,0x4e,0xd9,0xea,0x47,0x8f,0x68,0xcf,0x97,0xf3,0x41,0x4,0xb5,0x7d,0xa2,0xd2,0xef,0x10,0x79,0xe8,0x56,0x18,0xa4,0x28,0xcb,0x37,0x2f,0x18,0xe,0x25,0xa3,0x93,0x14,0x70,0x76,0x8,0x9e,0x3e,0xd1,0xe8,0xef,0xa5,0xc0,0x2,0xc9,0xbb,0x5f,0x93,0x63,0xb6,0x13,0xfc,0x63,0x25,0x61,0x21,0xe3,0x3c,0x29,0xde,0x99,0x98,0xe2,0x75,0xe8,0xb0,0xc3,0x2b,0x89,0x25,0xa6,0x8a,0x9a,0xd4,0xc1,0x50,0x2f,0x90,0xc5,0x5f,0xc,0xdb,0x91,0x7f,0x87,0xf,0xfa,0x1a,0xa6,0x62,0xe8,0x8c,0x6f,0x64,0xca,0x1c,0x46,0xdb,0xf4,0x5c,0xe9,0x8c,0xc7,0xab,0xb5,0xb9,0x2d,0xd6,0xd5,0x14,0x55,0x7c,0x25,0x7f,0xd7,0x96,0xb8,0x87,0x18,0x35,0xb5,0xce,0xe7,0xb5,0x6e,0x48,0xc,0x52,0xb,0xaa,0x92,0x18,0x49,0xe4,0xb1,0xa4,0x55,0x7d,0x72,0x1d,0x9c,0xd8,0x91,0x74,0xe8])",/home/chris/Toward-verification-of-QUIC-extensions/installer/TVOQE/results/errors/client/local/quant-client-2/temp/153/quic_client_test_stream0.iev,0.0,0.0
2," /home/chris/TVOQE_UPGRADE_27/quic/quant/Debug/bin/client -c false -r 20 -l /home/chris/secret.log -q /home/chris/qlog_quant -t 3600 -v 5 -e 0xff00001d https://localhost:4443/index.html
",client,quic_client_test_retirecoid_error0,,"ivy_return_code(1)+assumption_failed(""quic_client_test_retirecoid_error.ivy: line 276"")",/home/chris/Toward-verification-of-QUIC-extensions/installer/TVOQE/results/errors/client/local/quant-client-2/temp/771/quic_client_test_retirecoid_error0.iev,0.0,0.0
3," /home/chris/TVOQE_UPGRADE_27/quic/quant/Debug/bin/client -c false -r 20 -l /home/chris/secret.log -q /home/chris/qlog_quant -t 3600 -v 5 -e 0xff00001d https://localhost:4443/index.html
",client,quic_client_test_double_tp_error0,,server_return_code(1)+ivy_return_code(1),/home/chris/Toward-verification-of-QUIC-extensions/installer/TVOQE/results/errors/client/local/quant-client-2/temp/429/quic_client_test_double_tp_error0.iev,0.0,0.0
4," /home/chris/TVOQE_UPGRADE_27/quic/quant/Debug/bin/client -c false -r 20 -l /home/chris/secret.log -q /home/chris/qlog_quant -t 3600 -v 5 -e 0xff00001d https://localhost:4443/index.html
",client,quic_client_test_stream0,,"timeout+< undecryptable_packet_event({protocol:udp,addr:0x7f000001,port:0xd368},{protocol:udp,addr:0x7f000001,port:0x115b},[0xc7,0xff,0,0,0x1d,0x13,0x45,0xe7,0xe9,0xc9,0xe7,0x1a,0x3d,0xb4,0x7,0x17,0xcc,0xec,0xb9,0x7e,0xe2,0x19,0xb7,0x50,0x99,0x4,0x6,0x62,0x56,0x3,0,0x44,0x8f,0xd2,0x36,0x1e,0x65,0xa7,0x5a,0x5f,0x5c,0x7e,0x7c,0xf3,0x76,0xf5,0x5e,0x23,0xaa,0x31,0x2f,0x74,0x86,0x78,0x3b,0x75,0xbe,0xd0,0x82,0xd2,0xbc,0x97,0x27,0x78,0x55,0xa5,0xe8,0x49,0x74,0xc7,0x4d,0x37,0xc0,0x34,0x2d,0xdc,0xae,0x3b,0xc5,0xd1,0x80,0x21,0x4c,0x2e,0x5f,0x12,0xe,0x56,0x52,0x9f,0x14,0xf5,0xc2,0x43,0x1,0x47,0x33,0xf5,0xa5,0x50,0x69,0x85,0xd3,0xe5,0xb0,0x6d,0x36,0x27,0x4,0x47,0x43,0x30,0xb5,0x3f,0x18,0x9c,0x18,0x1f,0x94,0x87,0x8b,0x88,0xb6,0x39,0xe,0xf7,0x98,0xb8,0x2a,0xd9,0xbb,0x9,0xaf,0xcd,0xa3,0xab,0x2a,0x93,0x9e,0xa3,0xb7,0xe,0x2e,0x4a,0x6f,0x97,0x80,0x5a,0xe5,0xa5,0x32,0xa5,0x4d,0xac,0x42,0xb5,0x55,0x7d,0x1a,0x66,0xcb,0xa7,0xcf,0x6f,0x31,0xf5,0xed,0xac,0x63,0x56,0x53,0xcb,0x56,0x55,0x44,0x32,0x46,0xf1,0x16,0xd9,0x70,0xce,0x9b,0x7,0xea,0x97,0x61,0xc0,0xc1,0x33,0xfa,0xb6,0x88,0x2a,0x60,0x86,0x43,0xc8,0xe7,0xdf,0x40,0x3f,0x6d,0xa4,0x74,0x7d,0x3,0x1,0xa0,0xa3,0x9e,0xb,0x82,0x79,0xbc,0x5c,0x6c,0x37,0xf0,0x6e,0x88,0xf1,0xf0,0x19,0xab,0x1e,0x2a,0x3,0x60,0x14,0xe6,0x51,0xd4,0xe,0x3e,0x1c,0x6a,0x5a,0xcb,0xd6,0xe1,0xd3,0x57,0x9e,0xe2,0xf,0xae,0x2d,0x44,0x3,0x60,0x1f,0x98,0x50,0xc0,0x19,0x60,0xf9,0x13,0x93,0xeb,0x7e,0x5c,0x19,0xa5,0xc2,0x8b,0xb7,0xa4,0x97,0x22,0x3c,0x38,0x49,0x5d,0x25,0x66,0x8c,0x92,0x88,0x4f,0x1f,0xf,0x46,0x9,0xcb,0xb2,0x5e,0x7d,0xf3,0xfc,0xf1,0x51,0xe3,0x5d,0xa3,0x59,0x72,0x9e,0xe2,0x7e,0xe1,0xb9,0x4c,0xb1,0x6b,0x17,0x79,0xf2,0xd1,0xfe,0x55,0xc1,0x8f,0x97,0xb7,0xe6,0x3c,0xef,0x2b,0x20,0xad,0xa7,0xcc,0x9,0x83,0x9d,0xb,0x64,0x58,0x9,0xcf,0x22,0xa5,0x58,0x92,0x35,0x13,0xab,0x20,0xe1,0x50,0x5e,0x5c,0xd4,0x10,0xa9,0x6c,0x1a,0x81,0x9f,0x65,0x62,0x71,0x8,0x9f,0,0xd4,0x70,0x9b,0x11,0x4b,0x92,0xb1,0xe6,0xd9,0xa6,0x90,0xd8,0x8e,0x3f,0xe4,0xb5,0x9b,0x6c,0x17,0x21,0x5c,0x95,0xd3,0xec,0xd4,0x98,0xd0,0xd6,0x4,0xb,0x88,0x55,0x30,0x16,0xc1,0x1c,0x31,0xd0,0x2c,0x6c,0x99,0xce,0x14,0x46,0xe8,0xd2,0xa9,0x8,0x44,0x69,0xdf,0x7e,0x71,0x1d,0xc4,0x20,0x9,0xd9,0x82,0x7f,0x67,0x11,0x72,0x2a,0x5a,0x14,0x3,0x79,0xa1,0xcd,0x77,0x58,0x8e,0x6a,0x31,0x7c,0x37,0x8e,0xc6,0xc,0xa1,0xe3,0x36,0x6c,0x3d,0x33,0xcd,0xea,0x46,0xb5,0xa7,0xb7,0x3b,0xe9,0xa9,0x5e,0xb9,0x7c,0x49,0xab,0x5d,0x6e,0x66,0x79,0x2,0x2f,0xe2,0xcc,0xd6,0xa9,0xf1,0xaf,0x26,0xdb,0x37,0xc8,0x1b,0x53,0x15,0xcc,0x4d,0x48,0xa2,0x59,0xbb,0x4a,0xc,0x53,0x9e,0x9e,0xa0,0xec,0xa3,0xa0,0xbf,0xe8,0xb,0x53,0xb8,0x29,0x6e,0xf9,0x8c,0x8f,0xac,0x94,0x9f,0x6b,0x57,0xec,0xb8,0x9a,0x66,0xcc,0x76,0xd2,0xff,0x44,0xe0,0xe5,0xf8,0x4d,0x9b,0x10,0xd9,0xf2,0xa6,0x4e,0x1a,0xe9,0xee,0x1c,0x5a,0x16,0xf0,0x97,0x93,0x62,0x36,0x40,0x5d,0x24,0xf2,0x5d,0xcd,0x98,0x63,0x4f,0x5a,0x1b,0xc5,0x4,0x44,0xea,0x97,0xd3,0x72,0x6,0x33,0xc9,0xf6,0xf2,0x7,0xa8,0x8a,0x48,0xf6,0x78,0xa6,0x4,0x2c,0x8,0x33,0x11,0xd5,0xa2,0xce,0x17,0x9b,0x10,0xd3,0x6b,0xc8,0x15,0x3,0x6b,0xfe,0x5d,0x5b,0x80,0x5b,0xb6,0xd6,0x7b,0x15,0x38,0x7b,0x22,0x6b,0x8f,0x78,0x67,0xc5,0x9,0x80,0x85,0xe6,0x14,0x34,0xb2,0xfd,0x47,0xdc,0x9f,0xba,0xd,0x80,0x19,0x91,0x9f,0x55,0xaf,0xb5,0xf8,0x84,0x64,0xb4,0x7f,0x9,0x2f,0xef,0x97,0x7,0xc2,0x26,0xbd,0x4e,0xd1,0x94,0x52,0x50,0x23,0x82,0xd2,0x81,0x34,0x69,0xc2,0x2,0xae,0xcc,0x70,0xdc,0xb7,0xac,0x20,0xdf,0x13,0x66,0x7f,0x39,0x21,0xed,0x6e,0x20,0x3,0xc,0x43,0x90,0x6e,0xe7,0xd0,0xb1,0x40,0x7d,0xb3,0xeb,0xe0,0x59,0xfb,0x80,0xf8,0xaf,0xdd,0x68,0x47,0x29,0x85,0x6a,0x5,0x62,0xba,0x47,0x75,0xca,0x74,0xd8,0x58,0xbd,0x22,0x8f,0x78,0xba,0x2a,0x9d,0x5a,0xda,0x37,0x79,0x7,0x3b,0x32,0xcc,0xa8,0xc7,0xda,0xb0,0x6f,0xf3,0xfc,0x13,0x24,0xb,0x3e,0x90,0x20,0x8d,0xef,0x1b,0xc2,0x8,0xe0,0x2c,0xb2,0x16,0x20,0x89,0xe1,0xdf,0x96,0x43,0x15,0x8c,0xc5,0xa,0xf5,0x37,0x82,0x6b,0xc0,0xa3,0xab,0x91,0xb8,0xb3,0xf7,0xca,0xa2,0xff,0xc5,0x8d,0x64,0x4f,0x60,0x2f,0x86,0x9d,0x8f,0x74,0xc3,0x31,0xfb,0x99,0x5a,0xf8,0xe,0xa1,0x2f,0x99,0xf4,0x7f,0x7a,0xa5,0xf7,0x3,0xc2,0x75,0x8d,0x37,0x5c,0xe7,0x4d,0xe3,0x10,0xe,0xd9,0xa8,0x82,0x25,0xe3,0x97,0xff,0x2a,0x4b,0x56,0x66,0xcf,0xda,0x2c,0xa2,0xc0,0x3a,0x3b,0xe3,0x9f,0xe,0x3b,0xa7,0xb,0,0x10,0xb3,0x5d,0xb9,0x9d,0xb5,0xd7,0xf6,0xab,0x2d,0x8,0x38,0x19,0xcb,0x16,0x86,0xee,0xe9,0x5b,0x69,0xe8,0xd2,0x8c,0x9a,0x1f,0xb3,0x47,0x75,0xdc,0x80,0xe7,0x7a,0x84,0xf8,0x27,0x9f,0x17,0x53,0xb7,0xf9,0x9b,0xd8,0x5a,0x47,0x80,0x5d,0xe1,0xb5,0xde,0xce,0x22,0xc4,0xb6,0x7,0x2c,0x1c,0xb8,0x53,0xef,0x89,0x12,0x50,0xa7,0xe0,0x48,0xdf,0x5b,0xf6,0xbd,0x8d,0x9,0xfe,0x2c,0x1c,0xec,0x9b,0x98,0x76,0x8f,0x78,0x78,0x1c,0xc0,0x67,0xea,0xc6,0x9,0x36,0x89,0x43,0xf0,0xd6,0x8c,0xa,0xb3,0xa,0x42,0x9a,0xb7,0x1c,0x51,0xb8,0xb4,0x62,0x1b,0x95,0x2b,0x9,0x89,0xd2,0x5a,0xec,0x75,0x5a,0xc9,0x3a,0x93,0xc9,0x61,0xaf,0xc8,0x86,0x3c,0x3c,0xa3,0x4,0xd1,0xed,0xa1,0x8f,0x71,0x38,0x46,0x7a,0xab,0x86,0xb1,0x6f,0xf7,0x14,0x79,0x99,0x98,0xbd,0x77,0xf0,0x8e,0xd4,0xe7,0xf3,0x79,0x46,0x21,0xe7,0x3a,0xd4,0x6f,0xa,0xe2,0xfb,0x17,0x3e,0xe1,0xd3,0xd3,0xfc,0x4d,0x90,0x63,0x71,0x26,0x1c,0xfe,0xdb,0x19,0xe6,0x2e,0xf2,0xc2,0xdd,0xc6,0x4a,0xb6,0xb,0xd4,0x25,0x68,0x27,0x80,0x17,0x5c,0x95,0xc3,0x80,0x15,0x35,0x3a,0xb8,0x40,0xd6,0x2,0xdc,0x43,0xeb,0xd4,0x9c,0x32,0x2a,0xdd,0xaf,0xe3,0x2a,0x46,0x3a,0xd0,0x85,0xfc,0xa1,0xbe,0xe9,0xca,0xe4,0xb8,0xba,0x56,0xe7,0x86,0x46,0x31,0xa1,0x81,0x70,0xfc,0x7,0x59,0x68,0xee,0x95,0x93,0xe2,0x1c,0x5b,0xc1,0xba,0x2c,0x44,0x7c,0x64,0x2f,0xe5,0x35,0x2d,0xf,0x9d,0x40,0x9,0xf7,0xa0,0xa0,0x67,0x64,0xa2,0x31,0x4,0x58,0xe3,0xf6,0x7f,0x7b,0x12,0xd2,0x15,0xe0,0x4,0x9,0x8,0xcc,0x5b,0xf9,0x84,0x71,0x1e,0xf9,0xdb,0x3,0x58,0xd2,0x2c,0x95,0xf2,0xcd,0x38,0x51,0xd,0xeb,0xc8,0xa7,0x42,0x12,0x57,0x76,0x75,0x12,0x19,0x54,0x84,0x2f,0xbe,0xcf,0xa6,0x7a,0xc,0x44,0x5,0x5e,0xbf,0x11,0x9d,0x70,0x3f,0x8c,0xe7,0xc9,0xd7,0xa7,0x73,0x53,0x3c,0x5d,0x8b,0x76,0x2c,0xc1,0x28,0x44,0x60,0x1e,0x99,0xd,0xb,0x78,0x9b,0x49,0x11,0xf0,0x8b,0x26,0xe,0xb0,0xd1,0x77,0xe1,0xc9,0xf7,0xd1,0x46,0x63,0xa0,0x89,0xb9,0x3,0x58,0xa4,0xa4,0xe7,0xac,0xc4,0x92,0x2d,0x4d,0x29,0xaf,0x32,0xa9,0x92,0xb3,0x86,0x2e,0x45,0xb9,0xd0,0x7e,0xd0])",/home/chris/Toward-verification-of-QUIC-extensions/installer/TVOQE/results/errors/client/local/quant-client-2/temp/116/quic_client_test_stream0.iev,0.0,0.0
5," /home/chris/TVOQE_UPGRADE_27/quic/quant/Debug/bin/client -c false -r 20 -l /home/chris/secret.log -q /home/chris/qlog_quant -t 3600 -v 5 -e 0xff00001d https://localhost:4443/index.html
",client,quic_client_test_tp_acticoid_error0,,,/home/chris/Toward-verification-of-QUIC-extensions/installer/TVOQE/results/errors/client/local/quant-client-2/temp/548/quic_client_test_tp_acticoid_error0.iev,0.0,1.0
6," /home/chris/TVOQE_UPGRADE_27/quic/quant/Debug/bin/client -c false -r 20 -l /home/chris/secret.log -q /home/chris/qlog_quant -t 3600 -v 5 -e 0xff00001d https://localhost:4443/index.html
",client,quic_client_test_tp_error0,,server_return_code(1)+timeout,/home/chris/Toward-verification-of-QUIC-extensions/installer/TVOQE/results/errors/client/local/quant-client-2/temp/338/quic_client_test_tp_error0.iev,0.0,0.0
7," /home/chris/TVOQE_UPGRADE_27/quic/quant/Debug/bin/client -c false -r 20 -l /home/chris/secret.log -q /home/chris/qlog_quant -t 3600 -v 5 -e 0xff00001d https://localhost:4443/index.html
",client,quic_client_test_unkown0,,server_return_code(1)+ivy_return_code(1),/home/chris/Toward-verification-of-QUIC-extensions/installer/TVOQE/results/errors/client/local/quant-client-2/temp/1038/quic_client_test_unkown0.iev,0.0,0.0
8," /home/chris/TVOQE_UPGRADE_27/quic/quant/Debug/bin/client -c false -r 20 -l /home/chris/secret.log -q /home/chris/qlog_quant -t 3600 -v 5 -e 0xff00001d https://localhost:4443/index.html
",client,quic_client_test_double_tp_error0,,"ivy_return_code(1)+assumption_failed(""quic_client_test_double_tp_error.ivy: line 502"")",/home/chris/Toward-verification-of-QUIC-extensions/installer/TVOQE/results/errors/client/local/quant-client-2/temp/416/quic_client_test_double_tp_error0.iev,0.0,0.0
9," /home/chris/TVOQE_UPGRADE_27/quic/quant/Debug/bin/client -c false -r 20 -l /home/chris/secret.log -q /home/chris/qlog_quant -t 3600 -v 5 -e 0xff00001d https://localhost:4443/index.html
",client,quic_client_test_double_tp_error0,,server_return_code(1)+ivy_return_code(1),/home/chris/Toward-verification-of-QUIC-extensions/installer/TVOQE/results/errors/client/local/quant-client-2/temp/495/quic_client_test_double_tp_error0.iev,0.0,0.0
10," /home/chris/TVOQE_UPGRADE_27/quic/quant/Debug/bin/client -c false -r 20 -l /home/chris/secret.log -q /home/chris/qlog_quant -t 3600 -v 5 -e 0xff00001d https://localhost:4443/index.html
",client,quic_client_test_double_tp_error0,,server_return_code(1)+ivy_return_code(1),/home/chris/Toward-verification-of-QUIC-extensions/installer/TVOQE/results/errors/client/local/quant-client-2/temp/417/quic_client_test_double_tp_error0.iev,0.0,0.0
11," /home/chris/TVOQE_UPGRADE_27/quic/quant/Debug/bin/client -c false -r 20 -l /home/chris/secret.log -q /home/chris/qlog_quant -t 3600 -v 5 -e 0xff00001d https://localhost:4443/index.html
",client,quic_client_test_stream0,,,/home/chris/Toward-verification-of-QUIC-extensions/installer/TVOQE/results/errors/client/local/quant-client-2/temp/162/quic_client_test_stream0.iev,0.0,1.0
12," /home/chris/TVOQE_UPGRADE_27/quic/quant/Debug/bin/client -c false -r 20 -l /home/chris/secret.log -q /home/chris/qlog_quant -t 3600 -v 5 -e 0xff00001d https://localhost:4443/index.html
",client,quic_client_test_double_tp_error0,,server_return_code(1)+ivy_return_code(1),/home/chris/Toward-verification-of-QUIC-extensions/installer/TVOQE/results/errors/client/local/quant-client-2/temp/488/quic_client_test_double_tp_error0.iev,0.0,0.0
13," /home/chris/TVOQE_UPGRADE_27/quic/quant/Debug/bin/client -c false -r 20 -l /home/chris/secret.log -q /home/chris/qlog_quant -t 3600 -v 5 -e 0xff00001d https://localhost:4443/index.html
",client,quic_client_test_stream0,,timeout+sending id: server addr: 2130706433 port: 49423,/home/chris/Toward-verification-of-QUIC-extensions/installer/TVOQE/results/errors/client/local/quant-client-2/temp/161/quic_client_test_stream0.iev,0.0,0.0
14," /home/chris/TVOQE_UPGRADE_27/quic/quant/Debug/bin/client -c false -r 20 -l /home/chris/secret.log -q /home/chris/qlog_quant -t 3600 -v 5 -e 0xff00001d https://localhost:4443/index.html
",client,quic_client_test_unkown0,,"ivy_return_code(1)+assumption_failed(""quic_client_test_unkown.ivy: line 513"")",/home/chris/Toward-verification-of-QUIC-extensions/installer/TVOQE/results/errors/client/local/quant-client-2/temp/1044/quic_client_test_unkown0.iev,0.0,0.0
15," /home/chris/TVOQE_UPGRADE_27/quic/quant/Debug/bin/client -c false -r 20 -l /home/chris/secret.log -q /home/chris/qlog_quant -t 3600 -v 5 -e 0xff00001d https://localhost:4443/index.html
",client,quic_client_test_ext_min_ack_delay0,,"ivy_return_code(1)+assumption_failed(""quic_client_test_ext_min_ack_delay.ivy: line 524"")",/home/chris/Toward-verification-of-QUIC-extensions/installer/TVOQE/results/errors/client/local/quant-client-2/temp/270/quic_client_test_ext_min_ack_delay0.iev,0.0,0.0
16," /home/chris/TVOQE_UPGRADE_27/quic/quant/Debug/bin/client -c false -r 20 -l /home/chris/secret.log -q /home/chris/qlog_quant -t 3600 -v 5 -e 0xff00001d https://localhost:4443/index.html
",client,quic_client_test_max0,,,/home/chris/Toward-verification-of-QUIC-extensions/installer/TVOQE/results/errors/client/local/quant-client-2/temp/32/quic_client_test_max0.iev,0.0,1.0
17," /home/chris/TVOQE_UPGRADE_27/quic/quant/Debug/bin/client -c false -r 20 -l /home/chris/secret.log -q /home/chris/qlog_quant -t 3600 -v 5 -e 0xff00001d https://localhost:4443/index.html
",client,quic_client_test_blocked_streams_maxstream_error0,,"ivy_return_code(1)+assumption_failed(""quic_client_test_blocked_streams_maxstream_error.ivy: line 283"")",/home/chris/Toward-verification-of-QUIC-extensions/installer/TVOQE/results/errors/client/local/quant-client-2/temp/650/quic_client_test_blocked_streams_maxstream_error0.iev,0.0,0.0
18," /home/chris/TVOQE_UPGRADE_27/quic/quant/Debug/bin/client -c false -r 20 -l /home/chris/secret.log -q /home/chris/qlog_quant -t 3600 -v 5 -e 0xff00001d https://localhost:4443/index.html
",client,quic_client_test_blocked_streams_maxstream_error0,,"ivy_return_code(1)+assumption_failed(""quic_client_test_blocked_streams_maxstream_error.ivy: line 283"")",/home/chris/Toward-verification-of-QUIC-extensions/installer/TVOQE/results/errors/client/local/quant-client-2/temp/677/quic_client_test_blocked_streams_maxstream_error0.iev,0.0,0.0
19," /home/chris/TVOQE_UPGRADE_27/quic/quant/Debug/bin/client -c false -r 20 -l /home/chris/secret.log -q /home/chris/qlog_quant -t 3600 -v 5 -e 0xff00001d https://localhost:4443/index.html
",client,quic_client_test_tp_prefadd_error0,,server_return_code(1)+ivy_return_code(1),/home/chris/Toward-verification-of-QUIC-extensions/installer/TVOQE/results/errors/client/local/quant-client-2/temp/960/quic_client_test_tp_prefadd_error0.iev,0.0,0.0
20," /home/chris/TVOQE_UPGRADE_27/quic/quant/Debug/bin/client -c false -r 20 -l /home/chris/secret.log -q /home/chris/qlog_quant -t 3600 -v 5 -e 0xff00001d https://localhost:4443/index.html
",client,quic_client_test_retirecoid_error0,,"ivy_return_code(1)+assumption_failed(""quic_client_test_retirecoid_error.ivy: line 276"")",/home/chris/Toward-verification-of-QUIC-extensions/installer/TVOQE/results/errors/client/local/quant-client-2/temp/702/quic_client_test_retirecoid_error0.iev,0.0,0.0
21," /home/chris/TVOQE_UPGRADE_27/quic/quant/Debug/bin/client -c false -r 20 -l /home/chris/secret.log -q /home/chris/qlog_quant -t 3600 -v 5 -e 0xff00001d https://localhost:4443/index.html
",client,quic_client_test_tp_error0,,server_return_code(1)+timeout,/home/chris/Toward-verification-of-QUIC-extensions/installer/TVOQE/results/errors/client/local/quant-client-2/temp/319/quic_client_test_tp_error0.iev,0.0,0.0
22," /home/chris/TVOQE_UPGRADE_27/quic/quant/Debug/bin/client -c false -r 20 -l /home/chris/secret.log -q /home/chris/qlog_quant -t 3600 -v 5 -e 0xff00001d https://localhost:4443/index.html
",client,quic_client_test_ext_min_ack_delay0,,,/home/chris/Toward-verification-of-QUIC-extensions/installer/TVOQE/results/errors/client/local/quant-client-2/temp/206/quic_client_test_ext_min_ack_delay0.iev,0.0,1.0
23," /home/chris/TVOQE_UPGRADE_27/quic/quant/Debug/bin/client -c false -r 20 -l /home/chris/secret.log -q /home/chris/qlog_quant -t 3600 -v 5 -e 0xff00001d https://localhost:4443/index.html
",client,quic_client_test_blocked_streams_maxstream_error0,,"ivy_return_code(1)+assumption_failed(""quic_client_test_blocked_streams_maxstream_error.ivy: line 283"")",/home/chris/Toward-verification-of-QUIC-extensions/installer/TVOQE/results/errors/client/local/quant-client-2/temp/601/quic_client_test_blocked_streams_maxstream_error0.iev,0.0,0.0
24," /home/chris/TVOQE_UPGRADE_27/quic/quant/Debug/bin/client -c false -r 20 -l /home/chris/secret.log -q /home/chris/qlog_quant -t 3600 -v 5 -e 0xff00001d https://localhost:4443/index.html
",client,quic_client_test_accept_maxdata0,,,/home/chris/Toward-verification-of-QUIC-extensions/installer/TVOQE/results/errors/client/local/quant-client-2/temp/895/quic_client_test_accept_maxdata0.iev,0.0,1.0
25," /home/chris/TVOQE_UPGRADE_27/quic/quant/Debug/bin/client -c false -r 20 -l /home/chris/secret.log -q /home/chris/qlog_quant -t 3600 -v 5 -e 0xff00001d https://localhost:4443/index.html
",client,quic_client_test_limit_max_error0,,"ivy_return_code(1)+assumption_failed(""quic_client_test_limit_max_error.ivy: line 504"")",/home/chris/Toward-verification-of-QUIC-extensions/installer/TVOQE/results/errors/client/local/quant-client-2/temp/1240/quic_client_test_limit_max_error0.iev,0.0,0.0
26," /home/chris/TVOQE_UPGRADE_27/quic/quant/Debug/bin/client -c false -r 20 -l /home/chris/secret.log -q /home/chris/qlog_quant -t 3600 -v 5 -e 0xff00001d https://localhost:4443/index.html
",client,quic_client_test_retirecoid_error0,,"ivy_return_code(1)+assumption_failed(""quic_client_test_retirecoid_error.ivy: line 276"")",/home/chris/Toward-verification-of-QUIC-extensions/installer/TVOQE/results/errors/client/local/quant-client-2/temp/748/quic_client_test_retirecoid_error0.iev,0.0,0.0
27," /home/chris/TVOQE_UPGRADE_27/quic/quant/Debug/bin/client -c false -r 20 -l /home/chris/secret.log -q /home/chris/qlog_quant -t 3600 -v 5 -e 0xff00001d https://localhost:4443/index.html
",client,quic_client_test_accept_maxdata0,,,/home/chris/Toward-verification-of-QUIC-extensions/installer/TVOQE/results/errors/client/local/quant-client-2/temp/884/quic_client_test_accept_maxdata0.iev,0.0,1.0
28," /home/chris/TVOQE_UPGRADE_27/quic/quant/Debug/bin/client -c false -r 20 -l /home/chris/secret.log -q /home/chris/qlog_quant -t 3600 -v 5 -e 0xff00001d https://localhost:4443/index.html
",client,quic_client_test_ext_min_ack_delay0,,,/home/chris/Toward-verification-of-QUIC-extensions/installer/TVOQE/results/errors/client/local/quant-client-2/temp/229/quic_client_test_ext_min_ack_delay0.iev,0.0,1.0
29," /home/chris/TVOQE_UPGRADE_27/quic/quant/Debug/bin/client -c false -r 20 -l /home/chris/secret.log -q /home/chris/qlog_quant -t 3600 -v 5 -e 0xff00001d https://localhost:4443/index.html
",client,quic_client_test_unkown0,,"ivy_return_code(1)+assumption_failed(""quic_client_test_unkown.ivy: line 513"")",/home/chris/Toward-verification-of-QUIC-extensions/installer/TVOQE/results/errors/client/local/quant-client-2/temp/1043/quic_client_test_unkown0.iev,0.0,0.0
30," /home/chris/TVOQE_UPGRADE_27/quic/quant/Debug/bin/client -c false -r 20 -l /home/chris/secret.log -q /home/chris/qlog_quant -t 3600 -v 5 -e 0xff00001d https://localhost:4443/index.html
",client,quic_client_test_new_token_error0,,server_return_code(1)+ivy_return_code(134),/home/chris/Toward-verification-of-QUIC-extensions/installer/TVOQE/results/errors/client/local/quant-client-2/temp/1359/quic_client_test_new_token_error0.iev,0.0,0.0
31," /home/chris/TVOQE_UPGRADE_27/quic/quant/Debug/bin/client -c false -r 20 -l /home/chris/secret.log -q /home/chris/qlog_quant -t 3600 -v 5 -e 0xff00001d https://localhost:4443/index.html
",client,quic_client_test_stream0,,timeout+sending id: server addr: 2130706433 port: 32954,/home/chris/Toward-verification-of-QUIC-extensions/installer/TVOQE/results/errors/client/local/quant-client-2/temp/176/quic_client_test_stream0.iev,0.0,0.0
32," /home/chris/TVOQE_UPGRADE_27/quic/quant/Debug/bin/client -c false -r 20 -l /home/chris/secret.log -q /home/chris/qlog_quant -t 3600 -v 5 -e 0xff00001d https://localhost:4443/index.html
",client,quic_client_test_retirecoid_error0,,"ivy_return_code(1)+assumption_failed(""quic_client_test_retirecoid_error.ivy: line 276"")",/home/chris/Toward-verification-of-QUIC-extensions/installer/TVOQE/results/errors/client/local/quant-client-2/temp/719/quic_client_test_retirecoid_error0.iev,0.0,0.0
33," /home/chris/TVOQE_UPGRADE_27/quic/quant/Debug/bin/client -c false -r 20 -l /home/chris/secret.log -q /home/chris/qlog_quant -t 3600 -v 5 -e 0xff00001d https://localhost:4443/index.html
",client,quic_client_test_tp_unkown0,,,/home/chris/Toward-verification-of-QUIC-extensions/installer/TVOQE/results/errors/client/local/quant-client-2/temp/1131/quic_client_test_tp_unkown0.iev,0.0,1.0
34," /home/chris/TVOQE_UPGRADE_27/quic/quant/Debug/bin/client -c false -r 20 -l /home/chris/secret.log -q /home/chris/qlog_quant -t 3600 -v 5 -e 0xff00001d https://localhost:4443/index.html
",client,quic_client_test_unkown0,,server_return_code(1)+ivy_return_code(1),/home/chris/Toward-verification-of-QUIC-extensions/installer/TVOQE/results/errors/client/local/quant-client-2/temp/1037/quic_client_test_unkown0.iev,0.0,0.0
35," /home/chris/TVOQE_UPGRADE_27/quic/quant/Debug/bin/client -c false -r 20 -l /home/chris/secret.log -q /home/chris/qlog_quant -t 3600 -v 5 -e 0xff00001d https://localhost:4443/index.html
",client,quic_client_test_new_token_error0,,ivy_return_code(134)+ivy_binary_deser_128 getn deser_err,/home/chris/Toward-verification-of-QUIC-extensions/installer/TVOQE/results/errors/client/local/quant-client-2/temp/1333/quic_client_test_new_token_error0.iev,0.0,0.0
36," /home/chris/TVOQE_UPGRADE_27/quic/quant/Debug/bin/client -c false -r 20 -l /home/chris/secret.log -q /home/chris/qlog_quant -t 3600 -v 5 -e 0xff00001d https://localhost:4443/index.html
",client,quic_client_test_new_token_error0,,"ivy_return_code(1)+assumption_failed(""quic_client_test_new_token_error.ivy: line 517"")",/home/chris/Toward-verification-of-QUIC-extensions/installer/TVOQE/results/errors/client/local/quant-client-2/temp/1355/quic_client_test_new_token_error0.iev,0.0,0.0
37," /home/chris/TVOQE_UPGRADE_27/quic/quant/Debug/bin/client -c false -r 20 -l /home/chris/secret.log -q /home/chris/qlog_quant -t 3600 -v 5 -e 0xff00001d https://localhost:4443/index.html
",client,quic_client_test_limit_max_error0,,"ivy_return_code(1)+assumption_failed(""quic_client_test_limit_max_error.ivy: line 504"")",/home/chris/Toward-verification-of-QUIC-extensions/installer/TVOQE/results/errors/client/local/quant-client-2/temp/1245/quic_client_test_limit_max_error0.iev,0.0,0.0
38," /home/chris/TVOQE_UPGRADE_27/quic/quant/Debug/bin/client -c false -r 20 -l /home/chris/secret.log -q /home/chris/qlog_quant -t 3600 -v 5 -e 0xff00001d https://localhost:4443/index.html
",client,quic_client_test_double_tp_error0,,server_return_code(1)+ivy_return_code(1),/home/chris/Toward-verification-of-QUIC-extensions/installer/TVOQE/results/errors/client/local/quant-client-2/temp/446/quic_client_test_double_tp_error0.iev,0.0,0.0
39," /home/chris/TVOQE_UPGRADE_27/quic/quant/Debug/bin/client -c false -r 20 -l /home/chris/secret.log -q /home/chris/qlog_quant -t 3600 -v 5 -e 0xff00001d https://localhost:4443/index.html
",client,quic_client_test_tp_unkown0,,"ivy_return_code(1)+assumption_failed(""quic_client_test_tp_unkown.ivy: line 515"")",/home/chris/Toward-verification-of-QUIC-extensions/installer/TVOQE/results/errors/client/local/quant-client-2/temp/1178/quic_client_test_tp_unkown0.iev,0.0,0.0
40," /home/chris/TVOQE_UPGRADE_27/quic/quant/Debug/bin/client -c false -r 20 -l /home/chris/secret.log -q /home/chris/qlog_quant -t 3600 -v 5 -e 0xff00001d https://localhost:4443/index.html
",client,quic_client_test_limit_max_error0,,"ivy_return_code(1)+assumption_failed(""quic_client_test_limit_max_error.ivy: line 504"")",/home/chris/Toward-verification-of-QUIC-extensions/installer/TVOQE/results/errors/client/local/quant-client-2/temp/1236/quic_client_test_limit_max_error0.iev,0.0,0.0
41," /home/chris/TVOQE_UPGRADE_27/quic/quant/Debug/bin/client -c false -r 20 -l /home/chris/secret.log -q /home/chris/qlog_quant -t 3600 -v 5 -e 0xff00001d https://localhost:4443/index.html
",client,quic_client_test_double_tp_error0,,"ivy_return_code(1)+assumption_failed(""quic_client_test_double_tp_error.ivy: line 502"")",/home/chris/Toward-verification-of-QUIC-extensions/installer/TVOQE/results/errors/client/local/quant-client-2/temp/454/quic_client_test_double_tp_error0.iev,0.0,0.0
42," /home/chris/TVOQE_UPGRADE_27/quic/quant/Debug/bin/client -c false -r 20 -l /home/chris/secret.log -q /home/chris/qlog_quant -t 3600 -v 5 -e 0xff00001d https://localhost:4443/index.html
",client,quic_client_test_ext_min_ack_delay0,,,/home/chris/Toward-verification-of-QUIC-extensions/installer/TVOQE/results/errors/client/local/quant-client-2/temp/252/quic_client_test_ext_min_ack_delay0.iev,0.0,1.0
43," /home/chris/TVOQE_UPGRADE_27/quic/quant/Debug/bin/client -c false -r 20 -l /home/chris/secret.log -q /home/chris/qlog_quant -t 3600 -v 5 -e 0xff00001d https://localhost:4443/index.html
",client,quic_client_test_tp_prefadd_error0,,server_return_code(1)+ivy_return_code(1),/home/chris/Toward-verification-of-QUIC-extensions/installer/TVOQE/results/errors/client/local/quant-client-2/temp/999/quic_client_test_tp_prefadd_error0.iev,0.0,0.0
44," /home/chris/TVOQE_UPGRADE_27/quic/quant/Debug/bin/client -c false -r 20 -l /home/chris/secret.log -q /home/chris/qlog_quant -t 3600 -v 5 -e 0xff00001d https://localhost:4443/index.html
",client,quic_client_test_tp_error0,,"timeout+< undecryptable_packet_event({protocol:udp,addr:0x7f000001,port:0xad4b},{protocol:udp,addr:0x7f000001,port:0x115b},[0xc6,0xff,0,0,0x1d,0x13,0xae,0xe4,0x9f,0xa8,0x37,0x5c,0xa3,0x66,0xee,0x70,0xdf,0xdc,0x81,0x6b,0xf6,0x95,0xfd,0xae,0x15,0x4,0x6,0xb6,0x1,0x3e,0,0x44,0x8f,0xab,0x89,0x5f,0x24,0x5b,0x4d,0xd0,0x64,0x9b,0x14,0xba,0xe5,0x2d,0xa9,0xd1,0xc,0x1e,0x52,0xf,0xde,0x30,0xae,0x3f,0x2b,0x40,0x8e,0x5d,0x26,0x30,0xe0,0xdb,0xb7,0xdc,0xb5,0x6a,0xf1,0xfb,0x79,0x93,0xb3,0x10,0x4b,0xd8,0x8c,0x2a,0xaa,0x11,0x60,0xc3,0x6,0xc5,0xae,0xf2,0xa,0x11,0x4a,0xb0,0x2d,0x9b,0,0xe1,0xde,0x2e,0x4c,0xdf,0xcd,0xa1,0x32,0,0xfb,0xd2,0x77,0xc1,0x71,0x1b,0x3b,0xad,0x5c,0x83,0xb2,0x4f,0xe3,0x37,0xb7,0xb7,0x21,0x87,0xd7,0xc,0x1c,0xfb,0x95,0xd4,0x3e,0xe4,0x39,0xf2,0xf0,0xce,0x92,0x97,0x39,0xda,0x51,0x33,0x8,0x21,0x44,0x36,0x47,0x4f,0xd6,0x16,0xb5,0xc,0xc3,0xe0,0xfd,0xa5,0x49,0x3b,0xb7,0xdc,0xe7,0x41,0xb,0x5c,0x88,0xd1,0x8c,0xc8,0xb7,0xb7,0xd0,0xce,0xa6,0xdf,0x93,0x91,0xb9,0xec,0x10,0xc0,0xf0,0x74,0x5a,0x27,0xc2,0x36,0xa4,0x2c,0xfa,0x71,0x9b,0x60,0xe5,0xd1,0x89,0xb5,0xa1,0xb4,0x7f,0xd0,0x14,0x92,0x9c,0xb7,0x59,0x2b,0x1f,0x5b,0x6a,0x2f,0x56,0xd6,0x8,0x50,0x9,0x41,0x6d,0xef,0x3,0x87,0xb9,0x13,0xd3,0x1d,0xf2,0xd3,0x47,0x27,0xbc,0xe2,0xa9,0x27,0xd6,0xec,0x30,0x39,0x89,0x94,0xb0,0xab,0xf9,0xf4,0x13,0x3b,0xf8,0x33,0x10,0xd3,0x6e,0x19,0xbf,0x65,0xd5,0x14,0x5f,0xb4,0x30,0x10,0x37,0x6c,0xb8,0x23,0xa,0x7c,0x31,0x33,0x3a,0x58,0x3b,0xde,0xb0,0xf9,0x13,0xee,0xef,0xa6,0x34,0xd3,0x21,0x59,0x8a,0x34,0x8b,0,0x18,0x76,0x8,0x55,0x57,0xae,0x23,0xc,0x58,0x5c,0x7c,0xa4,0x20,0x20,0x7a,0xe7,0xa2,0xac,0xea,0xf7,0xa9,0xb5,0x48,0x25,0x9b,0xb0,0xbd,0xf4,0xac,0xfd,0x62,0x24,0xaa,0x4c,0xd0,0xea,0xad,0xb7,0x1d,0x11,0xe7,0x6f,0x9a,0x9c,0xc4,0x1a,0xab,0xb4,0x9,0x8b,0xe3,0xb4,0x1f,0xf4,0x6e,0xba,0xfb,0x51,0xb0,0x5e,0x5,0xad,0xb7,0xbf,0x64,0xcf,0x20,0xf3,0x59,0xda,0x6a,0xd4,0xa6,0xa6,0x4,0x81,0x39,0x37,0x74,0xd0,0xc1,0x97,0x83,0xf9,0xc5,0xcc,0xc9,0x83,0xcd,0xfe,0x67,0xea,0xd8,0xad,0xa7,0x4a,0x63,0xa6,0x98,0x12,0x63,0xda,0x2b,0xca,0xdc,0x77,0x9e,0x57,0x66,0xc0,0x6d,0xe8,0x6e,0x85,0xcd,0x21,0x61,0x3e,0x27,0x1b,0xe9,0xe8,0x47,0xe5,0xc4,0x63,0x9,0x1b,0xde,0xa8,0xc5,0xc0,0x65,0x8b,0xce,0x43,0x6b,0xe1,0xe9,0x9f,0x90,0xf4,0x19,0x44,0x37,0x57,0x10,0x1b,0xa,0xc8,0xad,0x2f,0xe,0x43,0,0xdd,0xf6,0x24,0x2b,0x64,0xaa,0x59,0x31,0xf6,0x59,0xda,0x75,0xbf,0x1d,0xd6,0xec,0x70,0x7c,0xc7,0xce,0x13,0x50,0xaa,0x8a,0x72,0x31,0xb4,0x14,0xd1,0xb1,0x54,0xc2,0x95,0xe3,0,0xc5,0x6,0x22,0x24,0xa,0x11,0x1d,0xe,0x98,0x73,0x4f,0xbb,0xd4,0x6a,0x52,0x73,0xdd,0x73,0xa7,0xa5,0x17,0x3c,0x1e,0x29,0x8c,0xe6,0xd0,0xe5,0xa0,0x91,0xdb,0x2d,0x14,0xaf,0xf7,0x5d,0x3c,0xda,0x30,0x6a,0x2b,0xa6,0xec,0x7c,0x69,0x48,0x71,0x1e,0xed,0x78,0x2e,0x1,0xb3,0x5,0x9d,0xdb,0x4c,0xd3,0xc1,0x8b,0x8,0x88,0x10,0x4,0xcd,0x6d,0x67,0x48,0xa4,0x37,0xce,0x43,0x87,0x8f,0xfb,0x67,0x9c,0x28,0x8a,0x9,0x25,0xf5,0xa7,0xd4,0x78,0x7d,0xc6,0xe2,0x5f,0x1c,0xc5,0x5a,0xf2,0x82,0x8e,0xfe,0xe,0x66,0xae,0xa0,0x7a,0xba,0x2b,0x28,0xb2,0x12,0xd0,0x3d,0x9,0xc5,0x1f,0x10,0xd4,0x1c,0xb6,0x30,0xb5,0xd8,0x1c,0xed,0x9,0x5a,0xba,0xb3,0x93,0x54,0x32,0xbc,0x5c,0xb5,0xf7,0x2a,0x86,0xd1,0xfa,0xbd,0x90,0x62,0x93,0x85,0x83,0x4c,0x8e,0xbc,0xe1,0xa5,0x29,0x93,0xc,0xa1,0x99,0xd8,0xdc,0x1e,0xc6,0x11,0x64,0x33,0x90,0xb4,0xd2,0x50,0xd8,0x31,0x19,0xdd,0x33,0x6d,0x7d,0xc4,0xe0,0x70,0xad,0x81,0x64,0x32,0x9c,0x77,0x11,0x8a,0xfa,0xb7,0x5d,0x38,0x66,0x9e,0x1c,0x30,0x88,0xa8,0x7f,0x89,0x2a,0xf6,0x88,0x68,0x58,0xeb,0x91,0x2c,0x35,0x13,0xee,0xe2,0x12,0x87,0xfa,0xf6,0x58,0xd2,0x93,0xb6,0x3f,0x68,0x83,0x64,0xfa,0xff,0x36,0xf2,0x18,0x73,0xf1,0x2f,0x5f,0x53,0x6e,0x97,0xc1,0xa2,0x48,0xc9,0xc6,0xeb,0x3f,0xa6,0x5e,0x13,0x30,0xff,0x28,0xb,0xf,0xb1,0xb2,0xc1,0x5a,0x3c,0xe4,0x44,0xec,0xdf,0xee,0x52,0xe1,0xd2,0xa2,0x3,0xea,0xd3,0x3c,0x1c,0xe5,0xde,0x9a,0xa0,0x21,0x3c,0xb1,0x5f,0x6d,0xb5,0x9c,0x20,0x2d,0xac,0x16,0x63,0xd,0xe7,0x35,0xcc,0x78,0x4a,0xe2,0xae,0x44,0xa2,0xf,0x14,0x2a,0xe3,0x3,0x5c,0x12,0xd1,0x23,0x77,0xf3,0x83,0xde,0xd,0x2a,0x9c,0xf9,0x76,0x52,0x17,0xf9,0x30,0x17,0x53,0x9d,0xd0,0x28,0xfc,0x69,0xcf,0xc9,0x5,0xf2,0xfe,0x56,0xec,0x51,0x2b,0xf9,0x80,0x54,0xad,0x2d,0xa5,0xe7,0xa6,0xe4,0x80,0xc2,0x31,0xfe,0xfa,0x5f,0xbd,0xd2,0x56,0xa9,0xae,0x3e,0x1b,0x2c,0x67,0x2a,0x2d,0x30,0xc3,0xbb,0x64,0x9e,0x6a,0x64,0xc1,0xf9,0x30,0x2d,0x2,0x8,0x9f,0x21,0x8,0x6d,0x6,0x42,0x93,0x59,0xb9,0xee,0xc9,0x56,0x83,0x9,0x5b,0xdd,0xfc,0xa3,0x3e,0xfb,0x3,0x96,0x76,0xc3,0x43,0x6c,0x16,0xda,0x93,0x7d,0xe8,0xae,0x3d,0x63,0x89,0x6f,0xc3,0xe5,0x7c,0xf8,0x49,0x2f,0xf9,0xd3,0x15,0x79,0x98,0xa0,0xef,0x79,0x80,0x2f,0x6c,0xe0,0xb1,0x87,0xfe,0xec,0x45,0x8d,0x88,0xc0,0x18,0x18,0x73,0x57,0xe4,0x81,0x2,0xeb,0x4a,0x96,0x5e,0xdd,0x72,0xab,0xe,0xd2,0xca,0x6c,0xde,0xdf,0x8b,0x1,0x53,0xf9,0xb1,0x39,0xc0,0xa0,0x28,0x13,0x21,0xf6,0x6d,0x71,0x3a,0x37,0xc1,0x13,0x3e,0x4a,0x30,0x50,0xdb,0x3a,0xda,0x6b,0x7e,0xd4,0xce,0xac,0xac,0x88,0xa4,0x4a,0xe0,0xf9,0xda,0xd9,0xdb,0xb,0xec,0x7c,0xf0,0x96,0x98,0xc6,0x8d,0x95,0x5d,0xd9,0xfc,0x6,0x5e,0xd6,0x75,0x18,0xc3,0xf8,0x62,0x6d,0x40,0x23,0xee,0xff,0x3c,0x7b,0xdf,0xf,0x2d,0xb6,0x9d,0x2a,0x5e,0x85,0x46,0x9b,0x8d,0xbe,0x42,0x33,0xba,0xf0,0xb,0x7f,0x1,0x46,0x4a,0xcf,0x91,0x64,0xca,0x6a,0xed,0x6,0xcf,0xa0,0xf5,0x4c,0x8a,0xd1,0x59,0xd6,0xb,0x85,0x3d,0xdf,0x7e,0x77,0x72,0x31,0x68,0x5c,0xc3,0xc8,0x53,0x74,0xc9,0x9e,0x88,0x7,0x53,0x4a,0xf7,0x8e,0x46,0x4,0xc9,0xca,0xcc,0x27,0x72,0x4b,0x86,0x93,0xa3,0xb9,0x26,0x4,0x42,0xbb,0x5a,0xb9,0xb6,0x3c,0x1a,0xc3,0xb4,0xb,0x38,0x13,0xe2,0x19,0x43,0xce,0x7f,0x96,0x77,0x9d,0x4d,0x94,0xd7,0x1b,0xd4,0x23,0xe4,0xf3,0x2c,0xb2,0x5f,0x62,0x95,0xac,0xc7,0xfc,0xa2,0x9,0x62,0x49,0x35,0x32,0xad,0x54,0x9b,0xcf,0x4c,0x8a,0xd0,0x19,0xcd,0x9d,0xb8,0xa7,0x75,0xec,0x30,0xe0,0xbc,0x96,0x7c,0x8f,0xc6,0xe5,0xb3,0x73,0x66,0x98,0x61,0xcb,0xb1,0x82,0xe1,0x31,0xd3,0x82,0x9d,0xf9,0xab,0x74,0x80,0x38,0xf5,0xfd,0x3d,0xc2,0x40,0xe5,0x60,0x8b,0x54,0x9,0xf4,0xf6,0x86,0x1e,0x60,0x91,0x90,0xee,0x39,0x94,0xae,0xa,0x65,0x71,0x4,0x35,0x7a,0xed,0xfc,0x86,0xcd,0xbf,0xb6,0xe2,0x99,0xba,0x4e,0xb2,0xd9,0x5c,0x85,0xb,0xff,0xc6,0xdc,0xdd,0xe7,0x80,0x3a,0x6,0x86,0x14,0x6c,0xb7,0x58,0x19,0xdd,0xfe,0xea,0x4b,0xc,0xeb,0x21])",/home/chris/Toward-verification-of-QUIC-extensions/installer/TVOQE/results/errors/client/local/quant-client-2/temp/368/quic_client_test_tp_error0.iev,0.0,0.0
45," /home/chris/TVOQE_UPGRADE_27/quic/quant/Debug/bin/client -c false -r 20 -l /home/chris/secret.log -q /home/chris/qlog_quant -t 3600 -v 5 -e 0xff00001d https://localhost:4443/index.html
",client,quic_client_test_tp_acticoid_error0,,,/home/chris/Toward-verification-of-QUIC-extensions/installer/TVOQE/results/errors/client/local/quant-client-2/temp/584/quic_client_test_tp_acticoid_error0.iev,0.0,1.0
46," /home/chris/TVOQE_UPGRADE_27/quic/quant/Debug/bin/client -c false -r 20 -l /home/chris/secret.log -q /home/chris/qlog_quant -t 3600 -v 5 -e 0xff00001d https://localhost:4443/index.html
",client,quic_client_test_unkown0,,server_return_code(1)+ivy_return_code(1),/home/chris/Toward-verification-of-QUIC-extensions/installer/TVOQE/results/errors/client/local/quant-client-2/temp/1021/quic_client_test_unkown0.iev,0.0,0.0
47," /home/chris/TVOQE_UPGRADE_27/quic/quant/Debug/bin/client -c false -r 20 -l /home/chris/secret.log -q /home/chris/qlog_quant -t 3600 -v 5 -e 0xff00001d https://localhost:4443/index.html
",client,quic_client_test_tp_unkown0,,,/home/chris/Toward-verification-of-QUIC-extensions/installer/TVOQE/results/errors/client/local/quant-client-2/temp/1138/quic_client_test_tp_unkown0.iev,0.0,1.0
48," /home/chris/TVOQE_UPGRADE_27/quic/quant/Debug/bin/client -c false -r 20 -l /home/chris/secret.log -q /home/chris/qlog_quant -t 3600 -v 5 -e 0xff00001d https://localhost:4443/index.html
",client,quic_client_test_blocked_streams_maxstream_error0,,"ivy_return_code(1)+assumption_failed(""quic_client_test_blocked_streams_maxstream_error.ivy: line 283"")",/home/chris/Toward-verification-of-QUIC-extensions/installer/TVOQE/results/errors/client/local/quant-client-2/temp/657/quic_client_test_blocked_streams_maxstream_error0.iev,0.0,0.0
49," /home/chris/TVOQE_UPGRADE_27/quic/quant/Debug/bin/client -c false -r 20 -l /home/chris/secret.log -q /home/chris/qlog_quant -t 3600 -v 5 -e 0xff00001d https://localhost:4443/index.html
",client,quic_client_test_tp_acticoid_error0,,"ivy_return_code(1)+assumption_failed(""quic_client_test_tp_acticoid_error.ivy: line 515"")",/home/chris/Toward-verification-of-QUIC-extensions/installer/TVOQE/results/errors/client/local/quant-client-2/temp/518/quic_client_test_tp_acticoid_error0.iev,0.0,0.0
50," /home/chris/TVOQE_UPGRADE_27/quic/quant/Debug/bin/client -c false -r 20 -l /home/chris/secret.log -q /home/chris/qlog_quant -t 3600 -v 5 -e 0xff00001d https://localhost:4443/index.html
",client,quic_client_test_stream0,,timeout+sending id: server addr: 2130706433 port: 55847,/home/chris/Toward-verification-of-QUIC-extensions/installer/TVOQE/results/errors/client/local/quant-client-2/temp/173/quic_client_test_stream0.iev,0.0,0.0
51," /home/chris/TVOQE_UPGRADE_27/quic/quant/Debug/bin/client -c false -r 20 -l /home/chris/secret.log -q /home/chris/qlog_quant -t 3600 -v 5 -e 0xff00001d https://localhost:4443/index.html
",client,quic_client_test_retirecoid_error0,,"ivy_return_code(1)+assumption_failed(""quic_client_test_retirecoid_error.ivy: line 276"")",/home/chris/Toward-verification-of-QUIC-extensions/installer/TVOQE/results/errors/client/local/quant-client-2/temp/717/quic_client_test_retirecoid_error0.iev,0.0,0.0
52," /home/chris/TVOQE_UPGRADE_27/quic/quant/Debug/bin/client -c false -r 20 -l /home/chris/secret.log -q /home/chris/qlog_quant -t 3600 -v 5 -e 0xff00001d https://localhost:4443/index.html
",client,quic_client_test_accept_maxdata0,,,/home/chris/Toward-verification-of-QUIC-extensions/installer/TVOQE/results/errors/client/local/quant-client-2/temp/822/quic_client_test_accept_maxdata0.iev,0.0,1.0
53," /home/chris/TVOQE_UPGRADE_27/quic/quant/Debug/bin/client -c false -r 20 -l /home/chris/secret.log -q /home/chris/qlog_quant -t 3600 -v 5 -e 0xff00001d https://localhost:4443/index.html
",client,quic_client_test_unkown0,,server_return_code(1)+ivy_return_code(1),/home/chris/Toward-verification-of-QUIC-extensions/installer/TVOQE/results/errors/client/local/quant-client-2/temp/1053/quic_client_test_unkown0.iev,0.0,0.0
54," /home/chris/TVOQE_UPGRADE_27/quic/quant/Debug/bin/client -c false -r 20 -l /home/chris/secret.log -q /home/chris/qlog_quant -t 3600 -v 5 -e 0xff00001d https://localhost:4443/index.html
",client,quic_client_test_retirecoid_error0,,"ivy_return_code(1)+assumption_failed(""quic_client_test_retirecoid_error.ivy: line 276"")",/home/chris/Toward-verification-of-QUIC-extensions/installer/TVOQE/results/errors/client/local/quant-client-2/temp/785/quic_client_test_retirecoid_error0.iev,0.0,0.0
55," /home/chris/TVOQE_UPGRADE_27/quic/quant/Debug/bin/client -c false -r 20 -l /home/chris/secret.log -q /home/chris/qlog_quant -t 3600 -v 5 -e 0xff00001d https://localhost:4443/index.html
",client,quic_client_test_stream0,,,/home/chris/Toward-verification-of-QUIC-extensions/installer/TVOQE/results/errors/client/local/quant-client-2/temp/107/quic_client_test_stream0.iev,0.0,1.0
56," /home/chris/TVOQE_UPGRADE_27/quic/quant/Debug/bin/client -c false -r 20 -l /home/chris/secret.log -q /home/chris/qlog_quant -t 3600 -v 5 -e 0xff00001d https://localhost:4443/index.html
",client,quic_client_test_stream0,,,/home/chris/Toward-verification-of-QUIC-extensions/installer/TVOQE/results/errors/client/local/quant-client-2/temp/193/quic_client_test_stream0.iev,0.0,1.0
57," /home/chris/TVOQE_UPGRADE_27/quic/quant/Debug/bin/client -c false -r 20 -l /home/chris/secret.log -q /home/chris/qlog_quant -t 3600 -v 5 -e 0xff00001d https://localhost:4443/index.html
",client,quic_client_test_ext_min_ack_delay0,,,/home/chris/Toward-verification-of-QUIC-extensions/installer/TVOQE/results/errors/client/local/quant-client-2/temp/205/quic_client_test_ext_min_ack_delay0.iev,0.0,1.0
58," /home/chris/TVOQE_UPGRADE_27/quic/quant/Debug/bin/client -c false -r 20 -l /home/chris/secret.log -q /home/chris/qlog_quant -t 3600 -v 5 -e 0xff00001d https://localhost:4443/index.html
",client,quic_client_test_retirecoid_error0,,"ivy_return_code(1)+assumption_failed(""quic_client_test_retirecoid_error.ivy: line 276"")",/home/chris/Toward-verification-of-QUIC-extensions/installer/TVOQE/results/errors/client/local/quant-client-2/temp/738/quic_client_test_retirecoid_error0.iev,0.0,0.0
59," /home/chris/TVOQE_UPGRADE_27/quic/quant/Debug/bin/client -c false -r 20 -l /home/chris/secret.log -q /home/chris/qlog_quant -t 3600 -v 5 -e 0xff00001d https://localhost:4443/index.html
",client,quic_client_test_new_token_error0,,"ivy_return_code(1)+assumption_failed(""quic_client_test_new_token_error.ivy: line 517"")",/home/chris/Toward-verification-of-QUIC-extensions/installer/TVOQE/results/errors/client/local/quant-client-2/temp/1373/quic_client_test_new_token_error0.iev,0.0,0.0
60," /home/chris/TVOQE_UPGRADE_27/quic/quant/Debug/bin/client -c false -r 20 -l /home/chris/secret.log -q /home/chris/qlog_quant -t 3600 -v 5 -e 0xff00001d https://localhost:4443/index.html
",client,quic_client_test_unkown0,,server_return_code(1)+ivy_return_code(134),/home/chris/Toward-verification-of-QUIC-extensions/installer/TVOQE/results/errors/client/local/quant-client-2/temp/1042/quic_client_test_unkown0.iev,0.0,0.0
61," /home/chris/TVOQE_UPGRADE_27/quic/quant/Debug/bin/client -c false -r 20 -l /home/chris/secret.log -q /home/chris/qlog_quant -t 3600 -v 5 -e 0xff00001d https://localhost:4443/index.html
",client,quic_client_test_retirecoid_error0,,"ivy_return_code(1)+assumption_failed(""quic_client_test_retirecoid_error.ivy: line 276"")",/home/chris/Toward-verification-of-QUIC-extensions/installer/TVOQE/results/errors/client/local/quant-client-2/temp/733/quic_client_test_retirecoid_error0.iev,0.0,0.0
62," /home/chris/TVOQE_UPGRADE_27/quic/quant/Debug/bin/client -c false -r 20 -l /home/chris/secret.log -q /home/chris/qlog_quant -t 3600 -v 5 -e 0xff00001d https://localhost:4443/index.html
",client,quic_client_test_accept_maxdata0,,,/home/chris/Toward-verification-of-QUIC-extensions/installer/TVOQE/results/errors/client/local/quant-client-2/temp/819/quic_client_test_accept_maxdata0.iev,0.0,1.0
63," /home/chris/TVOQE_UPGRADE_27/quic/quant/Debug/bin/client -c false -r 20 -l /home/chris/secret.log -q /home/chris/qlog_quant -t 3600 -v 5 -e 0xff00001d https://localhost:4443/index.html
",client,quic_client_test_unkown0,,server_return_code(1)+ivy_return_code(1),/home/chris/Toward-verification-of-QUIC-extensions/installer/TVOQE/results/errors/client/local/quant-client-2/temp/1085/quic_client_test_unkown0.iev,0.0,0.0
64," /home/chris/TVOQE_UPGRADE_27/quic/quant/Debug/bin/client -c false -r 20 -l /home/chris/secret.log -q /home/chris/qlog_quant -t 3600 -v 5 -e 0xff00001d https://localhost:4443/index.html
",client,quic_client_test_unkown0,,server_return_code(1)+ivy_return_code(1),/home/chris/Toward-verification-of-QUIC-extensions/installer/TVOQE/results/errors/client/local/quant-client-2/temp/1020/quic_client_test_unkown0.iev,0.0,0.0
65," /home/chris/TVOQE_UPGRADE_27/quic/quant/Debug/bin/client -c false -r 20 -l /home/chris/secret.log -q /home/chris/qlog_quant -t 3600 -v 5 -e 0xff00001d https://localhost:4443/index.html
",client,quic_client_test_tp_prefadd_error0,,server_return_code(1)+ivy_return_code(1),/home/chris/Toward-verification-of-QUIC-extensions/installer/TVOQE/results/errors/client/local/quant-client-2/temp/935/quic_client_test_tp_prefadd_error0.iev,0.0,0.0
66," /home/chris/TVOQE_UPGRADE_27/quic/quant/Debug/bin/client -c false -r 20 -l /home/chris/secret.log -q /home/chris/qlog_quant -t 3600 -v 5 -e 0xff00001d https://localhost:4443/index.html
",client,quic_client_test_tp_error0,,server_return_code(1)+timeout,/home/chris/Toward-verification-of-QUIC-extensions/installer/TVOQE/results/errors/client/local/quant-client-2/temp/354/quic_client_test_tp_error0.iev,0.0,0.0
67," /home/chris/TVOQE_UPGRADE_27/quic/quant/Debug/bin/client -c false -r 20 -l /home/chris/secret.log -q /home/chris/qlog_quant -t 3600 -v 5 -e 0xff00001d https://localhost:4443/index.html
",client,quic_client_test_tp_unkown0,,,/home/chris/Toward-verification-of-QUIC-extensions/installer/TVOQE/results/errors/client/local/quant-client-2/temp/1144/quic_client_test_tp_unkown0.iev,0.0,1.0
68," /home/chris/TVOQE_UPGRADE_27/quic/quant/Debug/bin/client -c false -r 20 -l /home/chris/secret.log -q /home/chris/qlog_quant -t 3600 -v 5 -e 0xff00001d https://localhost:4443/index.html
",client,quic_client_test_tp_prefadd_error0,,server_return_code(1)+ivy_return_code(1),/home/chris/Toward-verification-of-QUIC-extensions/installer/TVOQE/results/errors/client/local/quant-client-2/temp/938/quic_client_test_tp_prefadd_error0.iev,0.0,0.0
69," /home/chris/TVOQE_UPGRADE_27/quic/quant/Debug/bin/client -c false -r 20 -l /home/chris/secret.log -q /home/chris/qlog_quant -t 3600 -v 5 -e 0xff00001d https://localhost:4443/index.html
",client,quic_client_test_accept_maxdata0,,"ivy_return_code(1)+assumption_failed(""quic_client_test.ivy: line 310"")",/home/chris/Toward-verification-of-QUIC-extensions/installer/TVOQE/results/errors/client/local/quant-client-2/temp/867/quic_client_test_accept_maxdata0.iev,0.0,0.0
70," /home/chris/TVOQE_UPGRADE_27/quic/quant/Debug/bin/client -c false -r 20 -l /home/chris/secret.log -q /home/chris/qlog_quant -t 3600 -v 5 -e 0xff00001d https://localhost:4443/index.html
",client,quic_client_test_blocked_streams_maxstream_error0,,"ivy_return_code(1)+assumption_failed(""quic_client_test_blocked_streams_maxstream_error.ivy: line 283"")",/home/chris/Toward-verification-of-QUIC-extensions/installer/TVOQE/results/errors/client/local/quant-client-2/temp/688/quic_client_test_blocked_streams_maxstream_error0.iev,0.0,0.0
71," /home/chris/TVOQE_UPGRADE_27/quic/quant/Debug/bin/client -c false -r 20 -l /home/chris/secret.log -q /home/chris/qlog_quant -t 3600 -v 5 -e 0xff00001d https://localhost:4443/index.html
",client,quic_client_test_ext_min_ack_delay0,,"ivy_return_code(1)+assumption_failed(""quic_client_test_ext_min_ack_delay.ivy: line 524"")",/home/chris/Toward-verification-of-QUIC-extensions/installer/TVOQE/results/errors/client/local/quant-client-2/temp/244/quic_client_test_ext_min_ack_delay0.iev,0.0,0.0
72," /home/chris/TVOQE_UPGRADE_27/quic/quant/Debug/bin/client -c false -r 20 -l /home/chris/secret.log -q /home/chris/qlog_quant -t 3600 -v 5 -e 0xff00001d https://localhost:4443/index.html
",client,quic_client_test_stream0,,,/home/chris/Toward-verification-of-QUIC-extensions/installer/TVOQE/results/errors/client/local/quant-client-2/temp/102/quic_client_test_stream0.iev,0.0,1.0
73," /home/chris/TVOQE_UPGRADE_27/quic/quant/Debug/bin/client -c false -r 20 -l /home/chris/secret.log -q /home/chris/qlog_quant -t 3600 -v 5 -e 0xff00001d https://localhost:4443/index.html
",client,quic_client_test_stream0,,timeout+sending id: server addr: 2130706433 port: 53872,/home/chris/Toward-verification-of-QUIC-extensions/installer/TVOQE/results/errors/client/local/quant-client-2/temp/130/quic_client_test_stream0.iev,0.0,0.0
74," /home/chris/TVOQE_UPGRADE_27/quic/quant/Debug/bin/client -c false -r 20 -l /home/chris/secret.log -q /home/chris/qlog_quant -t 3600 -v 5 -e 0xff00001d https://localhost:4443/index.html
",client,quic_client_test_tp_error0,,server_return_code(1)+timeout,/home/chris/Toward-verification-of-QUIC-extensions/installer/TVOQE/results/errors/client/local/quant-client-2/temp/397/quic_client_test_tp_error0.iev,0.0,0.0
75," /home/chris/TVOQE_UPGRADE_27/quic/quant/Debug/bin/client -c false -r 20 -l /home/chris/secret.log -q /home/chris/qlog_quant -t 3600 -v 5 -e 0xff00001d https://localhost:4443/index.html
",client,quic_client_test_limit_max_error0,,"ivy_return_code(1)+assumption_failed(""quic_client_test_limit_max_error.ivy: line 504"")",/home/chris/Toward-verification-of-QUIC-extensions/installer/TVOQE/results/errors/client/local/quant-client-2/temp/1239/quic_client_test_limit_max_error0.iev,0.0,0.0
76," /home/chris/TVOQE_UPGRADE_27/quic/quant/Debug/bin/client -c false -r 20 -l /home/chris/secret.log -q /home/chris/qlog_quant -t 3600 -v 5 -e 0xff00001d https://localhost:4443/index.html
",client,quic_client_test_tp_prefadd_error0,,server_return_code(1)+ivy_return_code(1),/home/chris/Toward-verification-of-QUIC-extensions/installer/TVOQE/results/errors/client/local/quant-client-2/temp/948/quic_client_test_tp_prefadd_error0.iev,0.0,0.0
77," /home/chris/TVOQE_UPGRADE_27/quic/quant/Debug/bin/client -c false -r 20 -l /home/chris/secret.log -q /home/chris/qlog_quant -t 3600 -v 5 -e 0xff00001d https://localhost:4443/index.html
",client,quic_client_test_tp_prefadd_error0,,server_return_code(1)+ivy_return_code(1),/home/chris/Toward-verification-of-QUIC-extensions/installer/TVOQE/results/errors/client/local/quant-client-2/temp/941/quic_client_test_tp_prefadd_error0.iev,0.0,0.0
78," /home/chris/TVOQE_UPGRADE_27/quic/quant/Debug/bin/client -c false -r 20 -l /home/chris/secret.log -q /home/chris/qlog_quant -t 3600 -v 5 -e 0xff00001d https://localhost:4443/index.html
",client,quic_client_test_tp_acticoid_error0,,,/home/chris/Toward-verification-of-QUIC-extensions/installer/TVOQE/results/errors/client/local/quant-client-2/temp/586/quic_client_test_tp_acticoid_error0.iev,0.0,1.0
79," /home/chris/TVOQE_UPGRADE_27/quic/quant/Debug/bin/client -c false -r 20 -l /home/chris/secret.log -q /home/chris/qlog_quant -t 3600 -v 5 -e 0xff00001d https://localhost:4443/index.html
",client,quic_client_test_max0,,,/home/chris/Toward-verification-of-QUIC-extensions/installer/TVOQE/results/errors/client/local/quant-client-2/temp/55/quic_client_test_max0.iev,0.0,1.0
80," /home/chris/TVOQE_UPGRADE_27/quic/quant/Debug/bin/client -c false -r 20 -l /home/chris/secret.log -q /home/chris/qlog_quant -t 3600 -v 5 -e 0xff00001d https://localhost:4443/index.html
",client,quic_client_test_accept_maxdata0,,"ivy_return_code(1)+assumption_failed(""quic_client_test.ivy: line 310"")",/home/chris/Toward-verification-of-QUIC-extensions/installer/TVOQE/results/errors/client/local/quant-client-2/temp/840/quic_client_test_accept_maxdata0.iev,0.0,0.0
81," /home/chris/TVOQE_UPGRADE_27/quic/quant/Debug/bin/client -c false -r 20 -l /home/chris/secret.log -q /home/chris/qlog_quant -t 3600 -v 5 -e 0xff00001d https://localhost:4443/index.html
",client,quic_client_test_tp_unkown0,,,/home/chris/Toward-verification-of-QUIC-extensions/installer/TVOQE/results/errors/client/local/quant-client-2/temp/1126/quic_client_test_tp_unkown0.iev,0.0,1.0
82," /home/chris/TVOQE_UPGRADE_27/quic/quant/Debug/bin/client -c false -r 20 -l /home/chris/secret.log -q /home/chris/qlog_quant -t 3600 -v 5 -e 0xff00001d https://localhost:4443/index.html
",client,quic_client_test_new_token_error0,,server_return_code(1)+ivy_return_code(1),/home/chris/Toward-verification-of-QUIC-extensions/installer/TVOQE/results/errors/client/local/quant-client-2/temp/1328/quic_client_test_new_token_error0.iev,0.0,0.0
83," /home/chris/TVOQE_UPGRADE_27/quic/quant/Debug/bin/client -c false -r 20 -l /home/chris/secret.log -q /home/chris/qlog_quant -t 3600 -v 5 -e 0xff00001d https://localhost:4443/index.html
",client,quic_client_test_ext_min_ack_delay0,,,/home/chris/Toward-verification-of-QUIC-extensions/installer/TVOQE/results/errors/client/local/quant-client-2/temp/212/quic_client_test_ext_min_ack_delay0.iev,0.0,1.0
84," /home/chris/TVOQE_UPGRADE_27/quic/quant/Debug/bin/client -c false -r 20 -l /home/chris/secret.log -q /home/chris/qlog_quant -t 3600 -v 5 -e 0xff00001d https://localhost:4443/index.html
",client,quic_client_test_tp_error0,,server_return_code(1)+timeout,/home/chris/Toward-verification-of-QUIC-extensions/installer/TVOQE/results/errors/client/local/quant-client-2/temp/323/quic_client_test_tp_error0.iev,0.0,0.0
85," /home/chris/TVOQE_UPGRADE_27/quic/quant/Debug/bin/client -c false -r 20 -l /home/chris/secret.log -q /home/chris/qlog_quant -t 3600 -v 5 -e 0xff00001d https://localhost:4443/index.html
",client,quic_client_test_tp_error0,,server_return_code(1)+timeout,/home/chris/Toward-verification-of-QUIC-extensions/installer/TVOQE/results/errors/client/local/quant-client-2/temp/341/quic_client_test_tp_error0.iev,0.0,0.0
86," /home/chris/TVOQE_UPGRADE_27/quic/quant/Debug/bin/client -c false -r 20 -l /home/chris/secret.log -q /home/chris/qlog_quant -t 3600 -v 5 -e 0xff00001d https://localhost:4443/index.html
",client,quic_client_test_retirecoid_error0,,"ivy_return_code(1)+assumption_failed(""quic_client_test_retirecoid_error.ivy: line 276"")",/home/chris/Toward-verification-of-QUIC-extensions/installer/TVOQE/results/errors/client/local/quant-client-2/temp/774/quic_client_test_retirecoid_error0.iev,0.0,0.0
87," /home/chris/TVOQE_UPGRADE_27/quic/quant/Debug/bin/client -c false -r 20 -l /home/chris/secret.log -q /home/chris/qlog_quant -t 3600 -v 5 -e 0xff00001d https://localhost:4443/index.html
",client,quic_client_test_limit_max_error0,,"ivy_return_code(1)+assumption_failed(""quic_client_test_limit_max_error.ivy: line 504"")",/home/chris/Toward-verification-of-QUIC-extensions/installer/TVOQE/results/errors/client/local/quant-client-2/temp/1248/quic_client_test_limit_max_error0.iev,0.0,0.0
88," /home/chris/TVOQE_UPGRADE_27/quic/quant/Debug/bin/client -c false -r 20 -l /home/chris/secret.log -q /home/chris/qlog_quant -t 3600 -v 5 -e 0xff00001d https://localhost:4443/index.html
",client,quic_client_test_limit_max_error0,,"ivy_return_code(1)+assumption_failed(""quic_client_test_limit_max_error.ivy: line 504"")",/home/chris/Toward-verification-of-QUIC-extensions/installer/TVOQE/results/errors/client/local/quant-client-2/temp/1217/quic_client_test_limit_max_error0.iev,0.0,0.0
89," /home/chris/TVOQE_UPGRADE_27/quic/quant/Debug/bin/client -c false -r 20 -l /home/chris/secret.log -q /home/chris/qlog_quant -t 3600 -v 5 -e 0xff00001d https://localhost:4443/index.html
",client,quic_client_test_tp_prefadd_error0,,server_return_code(1)+ivy_return_code(1),/home/chris/Toward-verification-of-QUIC-extensions/installer/TVOQE/results/errors/client/local/quant-client-2/temp/924/quic_client_test_tp_prefadd_error0.iev,0.0,0.0
90," /home/chris/TVOQE_UPGRADE_27/quic/quant/Debug/bin/client -c false -r 20 -l /home/chris/secret.log -q /home/chris/qlog_quant -t 3600 -v 5 -e 0xff00001d https://localhost:4443/index.html
",client,quic_client_test_tp_acticoid_error0,,,/home/chris/Toward-verification-of-QUIC-extensions/installer/TVOQE/results/errors/client/local/quant-client-2/temp/566/quic_client_test_tp_acticoid_error0.iev,0.0,1.0
91," /home/chris/TVOQE_UPGRADE_27/quic/quant/Debug/bin/client -c false -r 20 -l /home/chris/secret.log -q /home/chris/qlog_quant -t 3600 -v 5 -e 0xff00001d https://localhost:4443/index.html
",client,quic_client_test_limit_max_error0,,"ivy_return_code(1)+assumption_failed(""quic_client_test_limit_max_error.ivy: line 504"")",/home/chris/Toward-verification-of-QUIC-extensions/installer/TVOQE/results/errors/client/local/quant-client-2/temp/1215/quic_client_test_limit_max_error0.iev,0.0,0.0
92," /home/chris/TVOQE_UPGRADE_27/quic/quant/Debug/bin/client -c false -r 20 -l /home/chris/secret.log -q /home/chris/qlog_quant -t 3600 -v 5 -e 0xff00001d https://localhost:4443/index.html
",client,quic_client_test_limit_max_error0,,"ivy_return_code(1)+assumption_failed(""quic_client_test_limit_max_error.ivy: line 504"")",/home/chris/Toward-verification-of-QUIC-extensions/installer/TVOQE/results/errors/client/local/quant-client-2/temp/1249/quic_client_test_limit_max_error0.iev,0.0,0.0
93," /home/chris/TVOQE_UPGRADE_27/quic/quant/Debug/bin/client -c false -r 20 -l /home/chris/secret.log -q /home/chris/qlog_quant -t 3600 -v 5 -e 0xff00001d https://localhost:4443/index.html
",client,quic_client_test_blocked_streams_maxstream_error0,,"ivy_return_code(1)+assumption_failed(""quic_client_test_blocked_streams_maxstream_error.ivy: line 283"")",/home/chris/Toward-verification-of-QUIC-extensions/installer/TVOQE/results/errors/client/local/quant-client-2/temp/683/quic_client_test_blocked_streams_maxstream_error0.iev,0.0,0.0
94," /home/chris/TVOQE_UPGRADE_27/quic/quant/Debug/bin/client -c false -r 20 -l /home/chris/secret.log -q /home/chris/qlog_quant -t 3600 -v 5 -e 0xff00001d https://localhost:4443/index.html
",client,quic_client_test_accept_maxdata0,,,/home/chris/Toward-verification-of-QUIC-extensions/installer/TVOQE/results/errors/client/local/quant-client-2/temp/831/quic_client_test_accept_maxdata0.iev,0.0,1.0
95," /home/chris/TVOQE_UPGRADE_27/quic/quant/Debug/bin/client -c false -r 20 -l /home/chris/secret.log -q /home/chris/qlog_quant -t 3600 -v 5 -e 0xff00001d https://localhost:4443/index.html
",client,quic_client_test_stream0,,,/home/chris/Toward-verification-of-QUIC-extensions/installer/TVOQE/results/errors/client/local/quant-client-2/temp/152/quic_client_test_stream0.iev,0.0,1.0
96," /home/chris/TVOQE_UPGRADE_27/quic/quant/Debug/bin/client -c false -r 20 -l /home/chris/secret.log -q /home/chris/qlog_quant -t 3600 -v 5 -e 0xff00001d https://localhost:4443/index.html
",client,quic_client_test_tp_error0,,server_return_code(1)+timeout,/home/chris/Toward-verification-of-QUIC-extensions/installer/TVOQE/results/errors/client/local/quant-client-2/temp/369/quic_client_test_tp_error0.iev,0.0,0.0
97," /home/chris/TVOQE_UPGRADE_27/quic/quant/Debug/bin/client -c false -r 20 -l /home/chris/secret.log -q /home/chris/qlog_quant -t 3600 -v 5 -e 0xff00001d https://localhost:4443/index.html
",client,quic_client_test_new_token_error0,,server_return_code(1)+ivy_return_code(1),/home/chris/Toward-verification-of-QUIC-extensions/installer/TVOQE/results/errors/client/local/quant-client-2/temp/1338/quic_client_test_new_token_error0.iev,0.0,0.0
98," /home/chris/TVOQE_UPGRADE_27/quic/quant/Debug/bin/client -c false -r 20 -l /home/chris/secret.log -q /home/chris/qlog_quant -t 3600 -v 5 -e 0xff00001d https://localhost:4443/index.html
",client,quic_client_test_retirecoid_error0,,"ivy_return_code(1)+assumption_failed(""quic_client_test_retirecoid_error.ivy: line 276"")",/home/chris/Toward-verification-of-QUIC-extensions/installer/TVOQE/results/errors/client/local/quant-client-2/temp/788/quic_client_test_retirecoid_error0.iev,0.0,0.0
99," /home/chris/TVOQE_UPGRADE_27/quic/quant/Debug/bin/client -c false -r 20 -l /home/chris/secret.log -q /home/chris/qlog_quant -t 3600 -v 5 -e 0xff00001d https://localhost:4443/index.html
",client,quic_client_test_double_tp_error0,,server_return_code(1)+ivy_return_code(1),/home/chris/Toward-verification-of-QUIC-extensions/installer/TVOQE/results/errors/client/local/quant-client-2/temp/476/quic_client_test_double_tp_error0.iev,0.0,0.0
100," /home/chris/TVOQE_UPGRADE_27/quic/quant/Debug/bin/client -c false -r 20 -l /home/chris/secret.log -q /home/chris/qlog_quant -t 3600 -v 5 -e 0xff00001d https://localhost:4443/index.html
",client,quic_client_test_unkown0,,server_return_code(1)+ivy_return_code(1),/home/chris/Toward-verification-of-QUIC-extensions/installer/TVOQE/results/errors/client/local/quant-client-2/temp/1010/quic_client_test_unkown0.iev,0.0,0.0
101," /home/chris/TVOQE_UPGRADE_27/quic/quant/Debug/bin/client -c false -r 20 -l /home/chris/secret.log -q /home/chris/qlog_quant -t 3600 -v 5 -e 0xff00001d https://localhost:4443/index.html
",client,quic_client_test_tp_prefadd_error0,,server_return_code(1)+ivy_return_code(1),/home/chris/Toward-verification-of-QUIC-extensions/installer/TVOQE/results/errors/client/local/quant-client-2/temp/979/quic_client_test_tp_prefadd_error0.iev,0.0,0.0
102," /home/chris/TVOQE_UPGRADE_27/quic/quant/Debug/bin/client -c false -r 20 -l /home/chris/secret.log -q /home/chris/qlog_quant -t 3600 -v 5 -e 0xff00001d https://localhost:4443/index.html
",client,quic_client_test_tp_prefadd_error0,,server_return_code(1)+ivy_return_code(1),/home/chris/Toward-verification-of-QUIC-extensions/installer/TVOQE/results/errors/client/local/quant-client-2/temp/997/quic_client_test_tp_prefadd_error0.iev,0.0,0.0
103," /home/chris/TVOQE_UPGRADE_27/quic/quant/Debug/bin/client -c false -r 20 -l /home/chris/secret.log -q /home/chris/qlog_quant -t 3600 -v 5 -e 0xff00001d https://localhost:4443/index.html
",client,quic_client_test_accept_maxdata0,,,/home/chris/Toward-verification-of-QUIC-extensions/installer/TVOQE/results/errors/client/local/quant-client-2/temp/805/quic_client_test_accept_maxdata0.iev,0.0,1.0
104," /home/chris/TVOQE_UPGRADE_27/quic/quant/Debug/bin/client -c false -r 20 -l /home/chris/secret.log -q /home/chris/qlog_quant -t 3600 -v 5 -e 0xff00001d https://localhost:4443/index.html
",client,quic_client_test_accept_maxdata0,,,/home/chris/Toward-verification-of-QUIC-extensions/installer/TVOQE/results/errors/client/local/quant-client-2/temp/852/quic_client_test_accept_maxdata0.iev,0.0,1.0
105," /home/chris/TVOQE_UPGRADE_27/quic/quant/Debug/bin/client -c false -r 20 -l /home/chris/secret.log -q /home/chris/qlog_quant -t 3600 -v 5 -e 0xff00001d https://localhost:4443/index.html
",client,quic_client_test_limit_max_error0,,"ivy_return_code(1)+assumption_failed(""quic_client_test_limit_max_error.ivy: line 504"")",/home/chris/Toward-verification-of-QUIC-extensions/installer/TVOQE/results/errors/client/local/quant-client-2/temp/1276/quic_client_test_limit_max_error0.iev,0.0,0.0
106," /home/chris/TVOQE_UPGRADE_27/quic/quant/Debug/bin/client -c false -r 20 -l /home/chris/secret.log -q /home/chris/qlog_quant -t 3600 -v 5 -e 0xff00001d https://localhost:4443/index.html
",client,quic_client_test_stream0,,"timeout+< undecryptable_packet_event({protocol:udp,addr:0x7f000001,port:0xd0c2},{protocol:udp,addr:0x7f000001,port:0x115b},[0xcd,0xff,0,0,0x1d,0x14,0xc0,0x97,0x50,0x69,0xe6,0xdb,0x84,0x1d,0x15,0x39,0xd9,0x17,0x7a,0xfd,0x53,0xc2,0x78,0xf0,0xea,0xd9,0x4,0x31,0x49,0x14,0x37,0,0x44,0x8e,0xad,0x9e,0x8c,0xaa,0x47,0x6,0xf2,0xb3,0x77,0x70,0xef,0xc7,0x4,0xd3,0xa2,0x98,0x83,0,0xf3,0xe5,0x4c,0x75,0x9d,0x47,0x8d,0xaa,0xa7,0x21,0xaf,0xab,0x73,0x26,0x87,0x22,0x99,0xf6,0x4a,0xd4,0xe,0xc4,0xaf,0x37,0x28,0x26,0x57,0xdd,0xae,0xfe,0xbb,0x19,0xfd,0xe0,0x38,0x85,0xce,0x2b,0x58,0xb4,0xe8,0x6,0xf,0xfb,0xef,0x70,0xb4,0xc5,0xfd,0x39,0x6b,0xb5,0x98,0x2b,0xff,0xa4,0x30,0xf6,0x3b,0x94,0x63,0xfe,0xf,0x11,0x35,0xbf,0x33,0xd9,0x5e,0xf7,0x30,0xa9,0xa,0x82,0xd4,0xee,0x32,0xf9,0xee,0xc2,0xf7,0xa4,0xb0,0x23,0x84,0x7e,0xd9,0xd8,0xe3,0x1a,0xc1,0xb9,0x45,0x61,0x2d,0x46,0x6,0xfb,0xf5,0x7e,0x84,0xe4,0x58,0x34,0x17,0xf1,0xf0,0x6a,0x74,0x4c,0xce,0xb8,0xeb,0xa6,0xf1,0x1f,0x47,0x1c,0xab,0x5,0xda,0x9b,0x61,0x93,0x1,0xc,0x21,0x7,0xce,0x62,0x3d,0x6e,0x6c,0x3e,0xa2,0xd7,0xf8,0x77,0x7b,0x4f,0xe6,0xee,0x50,0x46,0xe1,0xb2,0xe8,0x71,0x55,0xce,0x6e,0x40,0x4,0xfb,0x99,0xf9,0x19,0x8,0x17,0x5d,0xce,0xd3,0x14,0x96,0x94,0x9b,0xc0,0xd4,0x76,0xc,0x9c,0xa0,0xe3,0x78,0xe8,0x61,0x82,0x90,0x5a,0xf2,0xcd,0x1c,0x64,0x85,0x15,0xbc,0x21,0x63,0x4f,0x59,0xbb,0x53,0x23,0xa,0x4f,0xa7,0x65,0xc,0x7a,0x42,0xee,0xf5,0x3e,0xe1,0xd9,0x80,0x4f,0xf5,0xf6,0x2b,0xf9,0x1,0x7b,0xc1,0x5d,0x87,0x4a,0x78,0x88,0x5a,0xcb,0xd,0xe8,0xe3,0xf0,0xe2,0x7f,0x23,0x6d,0x45,0x57,0x9a,0x33,0x8d,0x9b,0x7c,0x23,0xdc,0x64,0xcc,0x9a,0x32,0xf,0xc5,0xf,0x73,0xfa,0x81,0x89,0x8b,0x38,0x54,0x40,0x5e,0x4e,0xe1,0x21,0x6,0x25,0x1c,0x2e,0xaf,0x51,0x4f,0xe0,0xa1,0xca,0x84,0xcd,0xb7,0x9f,0xcd,0x2f,0x83,0x1d,0x58,0xfd,0x43,0x3d,0xcd,0xc,0x19,0xc,0x34,0xe8,0xc0,0x3d,0x3f,0x9,0x11,0xc,0x54,0x9a,0x97,0xdc,0xcb,0xde,0x95,0x71,0x24,0xbc,0xbb,0xf4,0xf4,0x87,0xf,0xa6,0x79,0x35,0xac,0xfc,0xd1,0x34,0xde,0xdc,0xc,0x96,0x2d,0xca,0x31,0x53,0x9b,0x40,0xba,0xe0,0x27,0x2e,0x1b,0x37,0xde,0x99,0x4a,0xcf,0xee,0xe,0x7,0x9d,0x21,0xc6,0x7,0xd9,0xbb,0xb2,0xd,0x99,0x5d,0xd,0xeb,0x59,0x92,0x93,0xab,0xb5,0x57,0x90,0x95,0x3a,0x9f,0x32,0x97,0xe8,0xe9,0xba,0xcd,0x7b,0xa2,0xe6,0xc7,0x12,0x12,0x6c,0xa,0x6,0x14,0x23,0xb7,0xa3,0x10,0xce,0x99,0x6,0x84,0xd1,0x79,0x24,0xd7,0xa7,0x62,0x96,0x2c,0xb5,0x4c,0xbe,0x75,0x2,0xcf,0x9b,0x23,0x71,0xa,0x56,0xa2,0xd7,0xbd,0x84,0x99,0xd3,0xe4,0xd4,0xb8,0xb3,0xfc,0x5d,0x7e,0xbc,0x77,0x76,0xce,0x69,0x25,0xdf,0xdd,0x28,0x2c,0x82,0x68,0x94,0xf2,0x3a,0x12,0x9d,0x3e,0xfb,0xb2,0xcc,0x6,0x23,0xab,0xab,0xb8,0x55,0x6b,0xde,0x5c,0xa7,0x33,0xb6,0xcb,0x90,0xd,0x92,0xeb,0xf8,0x95,0x6,0x2c,0xd0,0x98,0x10,0x45,0x17,0x9a,0x10,0x29,0x91,0x13,0xb9,0x27,0xc8,0x73,0x6d,0xd4,0x62,0xae,0x7,0x27,0xb9,0xc8,0x25,0x11,0x63,0xc,0xd0,0x7e,0xce,0x89,0x86,0xc4,0xd6,0x6c,0x4f,0x5,0x45,0x4c,0x6f,0x76,0x1b,0xd9,0x9,0xc4,0x35,0x75,0x23,0x4,0x29,0xe9,0x90,0xbf,0x92,0x48,0xfd,0x43,0x31,0x4c,0xc4,0x54,0x1d,0x48,0xa4,0xec,0x99,0xb,0x85,0x70,0x4c,0x80,0x69,0xb7,0x48,0x31,0x25,0x31,0x45,0x1a,0x6f,0xa0,0xdc,0x8a,0x7f,0xd5,0x78,0x6f,0x34,0xff,0x36,0x4e,0xcf,0x34,0x1a,0xcd,0xbb,0xf9,0xce,0xd8,0x6e,0x79,0x85,0x58,0xa4,0xa2,0x24,0x56,0xd5,0x37,0x5,0xe4,0x5f,0xf,0x80,0x20,0x17,0x46,0xa7,0xe9,0x47,0xe9,0x4,0x4d,0x2e,0xc9,0x62,0xe7,0x7a,0x68,0x6c,0xd2,0x5,0xed,0x12,0x67,0x3e,0x2e,0x4e,0,0x48,0xa3,0xc3,0xc,0x9e,0xe8,0x72,0x16,0xbc,0x46,0xbd,0x6a,0x38,0x7e,0x86,0x45,0xe8,0x23,0x3a,0xaf,0x87,0xa0,0xd4,0x81,0x51,0x5d,0x4e,0xe7,0xa3,0xc0,0x8e,0x13,0xf6,0x6,0x2,0x1c,0x86,0x1f,0x49,0xa1,0xe1,0xb6,0x41,0xb3,0x80,0x7c,0x91,0xf5,0xf4,0x2b,0x47,0xc6,0xed,0x3b,0x64,0xa4,0xe5,0x71,0x35,0x95,0x52,0xa5,0x53,0xc7,0x81,0x59,0xf0,0xb8,0x9e,0x5a,0xaf,0x3b,0xec,0x98,0x70,0xfb,0x20,0xa4,0x14,0x73,0x61,0x51,0x60,0x3d,0xbe,0x26,0xd1,0x33,0xba,0xff,0x4c,0x59,0xd7,0x68,0x10,0x60,0x23,0x97,0x41,0x9f,0xfe,0x2b,0x39,0xe3,0x86,0x27,0xe8,0x39,0x36,0x92,0xc3,0x3,0x34,0xcb,0x43,0x7a,0x55,0x5d,0xf6,0x36,0x77,0xe4,0x95,0x9b,0x4b,0x4e,0x34,0xaf,0xc2,0xae,0x13,0xb,0x67,0x34,0x10,0x76,0x68,0xd3,0x3f,0x66,0x2b,0x16,0x94,0x45,0,0x13,0xc1,0x5d,0x99,0x83,0xdd,0xeb,0x76,0xfe,0x5,0x1c,0xab,0x7b,0x7d,0xf2,0xc9,0xb9,0x58,0x6c,0xbf,0x6c,0xf2,0xfa,0x45,0xed,0xb8,0xa1,0x2c,0xdc,0x92,0xe7,0x9c,0xe,0xa1,0x78,0x60,0x96,0xd3,0x72,0x3,0x92,0x6e,0xeb,0x89,0x7e,0x5,0x9c,0xd2,0x54,0x7d,0x8b,0xb3,0x78,0x4,0x1a,0x44,0x16,0xd7,0xb3,0x6e,0x3f,0x1,0xa5,0xbf,0x3,0xe6,0xec,0xd7,0x94,0xe4,0xc2,0x9f,0xa7,0xc8,0x2f,0xce,0xab,0x4f,0x76,0x7f,0x37,0xf1,0xd6,0x90,0x7e,0x11,0x63,0x8d,0x49,0x5d,0x14,0x34,0xac,0x5c,0xa0,0xad,0x5b,0x16,0x92,0x59,0x2a,0xae,0x14,0xd3,0xfe,0x33,0xb0,0x7c,0x5f,0x42,0x7,0x4f,0xf6,0x38,0x93,0x17,0xc6,0xf6,0xc8,0xf8,0x58,0x2a,0xa2,0xa4,0xd2,0xb0,0x6b,0x2e,0x85,0x46,0xc9,0xc3,0x27,0x99,0xe9,0x72,0x9e,0x75,0x44,0x67,0xba,0xa9,0x60,0x6e,0x39,0xe7,0xc7,0xe1,0xaa,0xc2,0x7d,0x35,0xac,0xd9,0xaf,0xef,0x78,0xbb,0x5,0xba,0xad,0x5d,0x39,0xd3,0xc4,0x1,0xf4,0x4f,0xd3,0xbb,0x88,0xf0,0x46,0x50,0x81,0x29,0x1a,0x6,0xf3,0x8e,0xed,0x62,0x9e,0xd4,0x3e,0x19,0x83,0xf6,0x9e,0x59,0xae,0x1f,0xd5,0x4d,0xe2,0x5b,0xcf,0xf7,0x4f,0xab,0x41,0x1a,0x8d,0x7d,0x69,0x3d,0xe5,0x3,0x16,0x5f,0x2c,0xea,0xf0,0xc5,0xf8,0xda,0xc4,0x71,0xb2,0xf3,0xa5,0xa6,0x99,0xd5,0xd6,0xf5,0x21,0x15,0x7b,0xe8,0x2e,0x4,0x68,0xe9,0xe1,0x6e,0xf,0xd7,0xe2,0xa6,0xe4,0x87,0xe9,0x42,0x27,0x85,0x50,0x30,0xb3,0x2b,0x25,0xb1,0xff,0xc8,0x75,0xa5,0x69,0x71,0xa2,0xae,0,0xe3,0x2d,0xc0,0x32,0xb6,0x4,0x3,0xed,0x44,0xdd,0xb3,0x3c,0x7d,0xa6,0x9f,0x1d,0x35,0x37,0xce,0xb3,0xf1,0xc7,0x22,0x3,0xaf,0x48,0x26,0xde,0xbd,0x64,0x4,0xb8,0xb7,0xe9,0xb2,0xc0,0x69,0x36,0xe8,0x71,0x71,0xf9,0x11,0x41,0x57,0x45,0xee,0x4,0x39,0xbb,0x90,0xeb,0xe4,0xf4,0x6c,0,0x70,0x15,0x1a,0x19,0x21,0xff,0x13,0x2c,0xd3,0x1e,0xe6,0x4e,0xf3,0x20,0x1a,0x16,0x4b,0x2,0x58,0x50,0xc8,0x70,0x59,0x57,0x51,0x71,0x7f,0x2c,0x4,0xd6,0x94,0x66,0x5d,0x11,0x24,0x87,0x64,0x5f,0x3e,0xe9,0x76,0xd,0x89,0x79,0xa9,0x8d,0x80,0xed,0x3,0x32,0xeb,0x67,0xd2,0x92,0x6f,0xe9,0x27,0xe2,0x85,0x2c,0x8,0x61,0x1b,0x8d,0x98,0x57,0xdf,0x3a,0x22,0xa8,0x75,0xc1,0x91,0x7f,0x4a,0x20,0xc6,0xf6,0x83,0x67,0x4e,0xf,0xcc,0x5,0xa2,0x4d,0x44,0x4c,0xdc,0x59,0x52,0x64])",/home/chris/Toward-verification-of-QUIC-extensions/installer/TVOQE/results/errors/client/local/quant-client-2/temp/174/quic_client_test_stream0.iev,0.0,0.0
107," /home/chris/TVOQE_UPGRADE_27/quic/quant/Debug/bin/client -c false -r 20 -l /home/chris/secret.log -q /home/chris/qlog_quant -t 3600 -v 5 -e 0xff00001d https://localhost:4443/index.html
",client,quic_client_test_limit_max_error0,,"ivy_return_code(1)+assumption_failed(""quic_client_test_limit_max_error.ivy: line 504"")",/home/chris/Toward-verification-of-QUIC-extensions/installer/TVOQE/results/errors/client/local/quant-client-2/temp/1266/quic_client_test_limit_max_error0.iev,0.0,0.0
108," /home/chris/TVOQE_UPGRADE_27/quic/quant/Debug/bin/client -c false -r 20 -l /home/chris/secret.log -q /home/chris/qlog_quant -t 3600 -v 5 -e 0xff00001d https://localhost:4443/index.html
",client,quic_client_test_blocked_streams_maxstream_error0,,"ivy_return_code(1)+assumption_failed(""quic_client_test_blocked_streams_maxstream_error.ivy: line 283"")",/home/chris/Toward-verification-of-QUIC-extensions/installer/TVOQE/results/errors/client/local/quant-client-2/temp/665/quic_client_test_blocked_streams_maxstream_error0.iev,0.0,0.0
109," /home/chris/TVOQE_UPGRADE_27/quic/quant/Debug/bin/client -c false -r 20 -l /home/chris/secret.log -q /home/chris/qlog_quant -t 3600 -v 5 -e 0xff00001d https://localhost:4443/index.html
",client,quic_client_test_retirecoid_error0,,"ivy_return_code(1)+assumption_failed(""quic_client_test_retirecoid_error.ivy: line 276"")",/home/chris/Toward-verification-of-QUIC-extensions/installer/TVOQE/results/errors/client/local/quant-client-2/temp/784/quic_client_test_retirecoid_error0.iev,0.0,0.0
110," /home/chris/TVOQE_UPGRADE_27/quic/quant/Debug/bin/client -c false -r 20 -l /home/chris/secret.log -q /home/chris/qlog_quant -t 3600 -v 5 -e 0xff00001d https://localhost:4443/index.html
",client,quic_client_test_stream0,,"timeout+< undecryptable_packet_event({protocol:udp,addr:0x7f000001,port:0xa53f},{protocol:udp,addr:0x7f000001,port:0x115b},[0xc7,0xff,0,0,0x1d,0x11,0xc0,0x31,0x5b,0x49,0xe2,0x6a,0xbe,0xf6,0x2f,0x97,0x8c,0x9e,0x60,0x6c,0x22,0x58,0x1c,0x4,0xa4,0xa3,0xd3,0xf9,0,0x44,0x91,0x80,0x9,0x31,0xde,0x87,0xe4,0x64,0x38,0x9f,0x46,0x6b,0x48,0xee,0x6e,0xdc,0x54,0xa2,0xa5,0xa6,0x62,0xb4,0x37,0xa4,0x5c,0x2,0xbe,0x5c,0x11,0x3f,0xb6,0xd3,0xe0,0xed,0x46,0x16,0x4f,0xba,0x3,0xf6,0x2c,0x3f,0x50,0x20,0x7f,0xd4,0xb0,0xd6,0x18,0x40,0x52,0x75,0x79,0xb8,0x23,0xb1,0x4f,0x9a,0x92,0x18,0x9a,0x79,0x39,0x20,0xaf,0xec,0xf4,0x28,0xeb,0xa9,0x5,0x77,0x64,0x12,0x37,0xa6,0x78,0x7e,0x63,0x8d,0x72,0xa5,0x7e,0xd7,0xca,0x83,0xcc,0xf6,0xc5,0xd7,0xaf,0x65,0x92,0x7,0x83,0xf6,0x4e,0xaf,0x8f,0xb2,0xb8,0x70,0xa7,0xe2,0x89,0x6e,0x5b,0x9a,0xea,0x64,0x7c,0x38,0xa9,0xd2,0x1f,0x95,0x2a,0xb5,0xd5,0x9f,0x79,0x4d,0x17,0xb3,0xd,0xe9,0xee,0x4c,0xd1,0xbb,0x95,0x50,0x79,0x2d,0x6f,0x7f,0x42,0xbe,0x9,0x13,0x2f,0x99,0x55,0x21,0x34,0x23,0x86,0x34,0xe5,0xed,0x87,0xf8,0xbe,0xce,0x13,0x49,0x3c,0xfc,0x47,0x95,0x32,0x85,0xac,0x22,0xa4,0xb5,0xa8,0xc8,0xc7,0xdc,0x65,0xab,0x3d,0x25,0xfc,0x5a,0x12,0xde,0xe9,0x9a,0x69,0x63,0x83,0xd6,0x6f,0x3d,0x90,0xf8,0x64,0xa8,0x32,0x6,0x55,0xa9,0xd6,0x33,0xbc,0x93,0x1a,0x5c,0xdb,0xa3,0x77,0x25,0x39,0x16,0x98,0x47,0xc,0xde,0xe,0xff,0x2d,0x66,0x7c,0x26,0x58,0x94,0x33,0x6d,0x56,0x81,0xfb,0x62,0xbb,0x37,0x5e,0xe5,0xf2,0x97,0x57,0x45,0xa,0x84,0x74,0x3c,0xa2,0xe5,0xda,0xeb,0x4,0xc9,0x4c,0xb9,0x89,0x8d,0xb5,0x55,0xc4,0x4a,0xae,0x81,0xe,0xff,0x9,0x13,0xc7,0x52,0xe8,0x7a,0x7c,0x13,0x62,0x59,0xed,0x52,0x95,0x4,0x24,0x35,0xd8,0xc5,0x92,0x52,0xa2,0xb3,0x66,0x55,0x97,0xf5,0xe0,0x28,0x1c,0xe4,0xeb,0x39,0xe4,0x3e,0xd7,0x92,0xb2,0xfd,0x2d,0x79,0x9c,0xd5,0x7a,0xcf,0x16,0xf0,0xdf,0xd2,0x84,0x34,0x53,0xb9,0xf0,0x7d,0xc2,0xc4,0xab,0xbd,0x34,0x76,0x88,0x47,0xd0,0x8,0xba,0xe7,0x4e,0x6e,0xf7,0x75,0x42,0x35,0xee,0xbd,0xc3,0x97,0x30,0x7,0x78,0x7c,0xc6,0x6e,0xc,0x6d,0x90,0x6a,0x89,0xdd,0x4d,0x53,0x6f,0x75,0x1e,0xba,0x65,0x1,0xd1,0x42,0x79,0x86,0xe9,0xf8,0xfe,0x72,0x9f,0x7f,0xf6,0xee,0x58,0x34,0xe,0xc6,0xe6,0xf,0x35,0x1d,0x8f,0x1a,0xbb,0x9c,0xf,0xe,0xb7,0x70,0x1b,0x7d,0xc4,0x7a,0x4c,0xd,0xe7,0x1e,0xb0,0x9e,0xc7,0x4c,0x2a,0x2b,0x79,0xf,0xea,0x60,0x6e,0xe2,0x2f,0xf0,0xb3,0x31,0x1a,0x84,0xcc,0x70,0x94,0x43,0x1c,0xf0,0xc6,0xc,0xec,0xb9,0x1f,0xee,0x2a,0xcb,0x30,0x64,0x96,0x76,0xcc,0x9b,0x25,0x22,0x51,0x4b,0x7,0x79,0xb8,0xe2,0x93,0xfc,0x9c,0x1a,0x6a,0x52,0x22,0x2e,0x5f,0x50,0xfd,0xc8,0x2d,0xcc,0xd8,0x3a,0xd6,0x24,0xd0,0x78,0x5f,0x74,0x25,0x96,0xa3,0x56,0x58,0xe,0x8,0x29,0xd5,0x3,0x8a,0xa6,0xca,0x37,0x65,0,0xd3,0x17,0xd3,0xcd,0x86,0xca,0x5e,0x80,0x91,0xbc,0x47,0x9,0xe,0x9f,0xef,0x61,0xcf,0xb6,0x77,0x84,0xe5,0xfd,0x2c,0x6d,0x5a,0xcf,0xb7,0x7,0x68,0x92,0xc1,0x74,0x7a,0xa6,0x73,0x8f,0x64,0x32,0xc3,0xd4,0x2e,0x76,0xde,0x19,0xc6,0xbd,0x21,0x25,0x31,0x9b,0xba,0x2f,0x38,0xc0,0xcb,0xe0,0x6a,0x3b,0xea,0x53,0x1c,0x6a,0x49,0xda,0x7d,0x9,0x82,0xa9,0x5f,0x74,0x91,0xbe,0xa4,0x17,0xb5,0x5f,0x88,0x20,0x22,0x51,0x54,0x30,0xbb,0x8c,0xcb,0xa2,0x69,0x93,0xba,0xec,0xf9,0xe1,0xd8,0x8b,0xb0,0x4c,0xbc,0x37,0x27,0x21,0x15,0xa7,0x4a,0xf5,0x81,0xaa,0x6b,0xac,0x11,0x5b,0x1f,0xaa,0x81,0xc7,0xd9,0x1c,0xee,0xa4,0x31,0xae,0x4d,0xa9,0x40,0xd9,0xe5,0x73,0xd8,0x66,0xf5,0xa6,0x5,0xa5,0xa9,0xa7,0x41,0xb,0x3a,0x50,0xdd,0x31,0xb3,0xbf,0xad,0x9f,0x6f,0x60,0xc1,0x7b,0xe9,0x70,0xf0,0x8e,0x11,0xdd,0xff,0x56,0xc3,0x8e,0xc,0xa,0xc4,0x41,0xe8,0x8d,0x51,0x7d,0x52,0xf7,0x86,0x7e,0x99,0x2e,0xa0,0xdd,0x97,0x5e,0x7,0x92,0xdd,0xa,0x9f,0x31,0xd3,0x74,0x5c,0xa0,0xfa,0x4b,0xa2,0xba,0x55,0x89,0x16,0xc0,0xf3,0x95,0x1f,0x38,0x1a,0x3a,0xf7,0xf0,0x51,0x77,0xea,0xd9,0x9f,0x38,0xe8,0x32,0x86,0x1a,0x29,0x2f,0xfb,0x59,0x98,0xd6,0x9a,0xf8,0x10,0x1f,0xd4,0xc2,0xf1,0xc0,0xb,0x1c,0xb3,0x8c,0xda,0xa3,0x37,0x9d,0xcb,0xc0,0x33,0x7b,0xdc,0xf8,0x8b,0x7a,0xf7,0xd9,0x7e,0x73,0x64,0xf,0xb,0xfd,0xf8,0xea,0xc9,0xb5,0x87,0x2,0xa3,0x9c,0x7,0xcc,0x41,0x7f,0xa6,0x2e,0x3e,0x80,0x99,0x38,0x22,0xe2,0xf2,0x6a,0x70,0x7e,0x1e,0x6c,0xed,0x2d,0x16,0x4e,0xe8,0x13,0x16,0xd1,0x46,0xd8,0xab,0xde,0xd9,0xe7,0xa6,0xb6,0x1a,0x35,0xb2,0x10,0x26,0x40,0x29,0x6d,0x12,0xf7,0xdf,0xb9,0x31,0x9e,0x9b,0x52,0xb,0xfe,0x10,0xb6,0x6d,0x15,0x51,0x94,0xcd,0x8f,0x83,0xa6,0x74,0xea,0x3b,0xdf,0xc6,0x2d,0x97,0x58,0xa,0xa9,0xe7,0x29,0x81,0xd3,0x26,0x69,0xcf,0x76,0xcd,0x85,0xa6,0x6,0x3c,0x50,0xb0,0x90,0x34,0xe3,0x17,0x1d,0x6a,0x41,0x88,0xfe,0xb3,0xe,0x19,0x49,0xc0,0x69,0xeb,0x62,0x5e,0xc8,0xf1,0x9f,0xf0,0x58,0x19,0x74,0x14,0x58,0xa7,0x83,0xb5,0x4f,0x19,0xe7,0x56,0x5c,0x65,0xb0,0x7a,0xeb,0xd9,0xe4,0xab,0x55,0,0xb,0xec,0x33,0x2e,0xbd,0x27,0x66,0xab,0xd5,0x46,0x48,0xc5,0xd3,0x77,0x16,0x39,0x98,0xb8,0xf6,0xbe,0xa0,0x16,0x78,0x86,0xdf,0x86,0x8d,0xa9,0xe2,0xcd,0xfb,0x30,0x5c,0xa9,0x97,0xb4,0xf4,0xf0,0xd2,0xcb,0xcd,0xa,0x86,0x30,0x64,0xee,0xb3,0x8c,0x69,0xb3,0xc0,0xe,0xa3,0x90,0xd,0x8e,0x9,0x7,0xdf,0x2a,0x4a,0xe6,0xf2,0x8b,0xd4,0x8a,0x5a,0xaa,0x56,0xc4,0x6,0xc,0x52,0xae,0xf7,0x94,0x52,0xaa,0xa1,0xc9,0x63,0x52,0xe0,0x15,0xc7,0x18,0xe8,0xe3,0xa6,0x92,0xd0,0x65,0xad,0xd4,0x4e,0x93,0xa8,0x63,0x98,0x42,0xc,0xcf,0xbd,0xde,0x4,0xb8,0x1c,0x20,0x5b,0xfe,0x6b,0x47,0xd7,0x89,0x46,0x4e,0x16,0x50,0xf,0x52,0xf5,0xcf,0x75,0x51,0xeb,0xd5,0x7,0x49,0x28,0x72,0x1,0x7,0xe3,0x6f,0xef,0x97,0x46,0x3b,0x77,0x38,0x8,0x63,0x61,0x57,0x7f,0x56,0x11,0x1,0x82,0xfd,0xdc,0x1e,0x42,0x81,0xb,0x2c,0xff,0xf4,0x45,0x47,0xc2,0x13,0x56,0xd,0x92,0x8f,0x6a,0xd9,0x51,0x6d,0x79,0x4f,0x90,0x75,0xd,0x82,0x6,0x1a,0x2,0x37,0x20,0xeb,0x90,0x41,0x4f,0x81,0x46,0x34,0x95,0x36,0x7e,0x1c,0xa8,0xe0,0xf5,0x8a,0x49,0x56,0xa7,0x28,0x60,0x59,0x1b,0x96,0x14,0xa0,0xcf,0xc6,0xc3,0x33,0x69,0xb1,0x30,0xd6,0x4,0x6,0xe4,0x15,0x17,0x95,0xa5,0xbf,0x91,0x45,0x15,0x5e,0x5f,0x7e,0xc,0xf4,0xcb,0x6b,0xc5,0x5,0x13,0x50,0xb,0x2e,0xc0,0x9b,0xfa,0xc8,0x7a,0xdd,0x6d,0xe8,0xcc,0xc1,0xf3,0x88,0xcb,0x7,0x4,0x74,0xd0,0xcc,0x68,0xc9,0x5a,0x20,0xda,0x95,0x2,0x92,0x25,0xa0,0xe6,0x9d,0x21,0x62,0x79,0x85,0xef,0xf9,0x1d,0xce,0xd3,0xcc,0xb4,0x3f,0x23,0xd8,0x54,0x8d,0xe7,0x2f,0x7c,0xc4,0xac,0xd8,0xb0,0xa5,0x47,0xe8,0x95,0x3c,0xcd,0xbf,0xac,0x8a,0x5c,0xd9,0x85,0xeb,0x15,0xb2,0x60,0xb4,0xba,0x6a,0x67])",/home/chris/Toward-verification-of-QUIC-extensions/installer/TVOQE/results/errors/client/local/quant-client-2/temp/113/quic_client_test_stream0.iev,0.0,0.0
111," /home/chris/TVOQE_UPGRADE_27/quic/quant/Debug/bin/client -c false -r 20 -l /home/chris/secret.log -q /home/chris/qlog_quant -t 3600 -v 5 -e 0xff00001d https://localhost:4443/index.html
",client,quic_client_test_blocked_streams_maxstream_error0,,"ivy_return_code(1)+assumption_failed(""quic_client_test_blocked_streams_maxstream_error.ivy: line 283"")",/home/chris/Toward-verification-of-QUIC-extensions/installer/TVOQE/results/errors/client/local/quant-client-2/temp/634/quic_client_test_blocked_streams_maxstream_error0.iev,0.0,0.0
112," /home/chris/TVOQE_UPGRADE_27/quic/quant/Debug/bin/client -c false -r 20 -l /home/chris/secret.log -q /home/chris/qlog_quant -t 3600 -v 5 -e 0xff00001d https://localhost:4443/index.html
",client,quic_client_test_blocked_streams_maxstream_error0,,"ivy_return_code(1)+assumption_failed(""quic_client_test_blocked_streams_maxstream_error.ivy: line 283"")",/home/chris/Toward-verification-of-QUIC-extensions/installer/TVOQE/results/errors/client/local/quant-client-2/temp/660/quic_client_test_blocked_streams_maxstream_error0.iev,0.0,0.0
113," /home/chris/TVOQE_UPGRADE_27/quic/quant/Debug/bin/client -c false -r 20 -l /home/chris/secret.log -q /home/chris/qlog_quant -t 3600 -v 5 -e 0xff00001d https://localhost:4443/index.html
",client,quic_client_test_ext_min_ack_delay0,,,/home/chris/Toward-verification-of-QUIC-extensions/installer/TVOQE/results/errors/client/local/quant-client-2/temp/224/quic_client_test_ext_min_ack_delay0.iev,0.0,1.0
114," /home/chris/TVOQE_UPGRADE_27/quic/quant/Debug/bin/client -c false -r 20 -l /home/chris/secret.log -q /home/chris/qlog_quant -t 3600 -v 5 -e 0xff00001d https://localhost:4443/index.html
",client,quic_client_test_max0,,,/home/chris/Toward-verification-of-QUIC-extensions/installer/TVOQE/results/errors/client/local/quant-client-2/temp/37/quic_client_test_max0.iev,0.0,1.0
115," /home/chris/TVOQE_UPGRADE_27/quic/quant/Debug/bin/client -c false -r 20 -l /home/chris/secret.log -q /home/chris/qlog_quant -t 3600 -v 5 -e 0xff00001d https://localhost:4443/index.html
",client,quic_client_test_max0,,,/home/chris/Toward-verification-of-QUIC-extensions/installer/TVOQE/results/errors/client/local/quant-client-2/temp/36/quic_client_test_max0.iev,0.0,1.0
116," /home/chris/TVOQE_UPGRADE_27/quic/quant/Debug/bin/client -c false -r 20 -l /home/chris/secret.log -q /home/chris/qlog_quant -t 3600 -v 5 -e 0xff00001d https://localhost:4443/index.html
",client,quic_client_test_tp_error0,,server_return_code(1)+timeout,/home/chris/Toward-verification-of-QUIC-extensions/installer/TVOQE/results/errors/client/local/quant-client-2/temp/374/quic_client_test_tp_error0.iev,0.0,0.0
117," /home/chris/TVOQE_UPGRADE_27/quic/quant/Debug/bin/client -c false -r 20 -l /home/chris/secret.log -q /home/chris/qlog_quant -t 3600 -v 5 -e 0xff00001d https://localhost:4443/index.html
",client,quic_client_test_tp_prefadd_error0,,server_return_code(1)+ivy_return_code(1),/home/chris/Toward-verification-of-QUIC-extensions/installer/TVOQE/results/errors/client/local/quant-client-2/temp/950/quic_client_test_tp_prefadd_error0.iev,0.0,0.0
118," /home/chris/TVOQE_UPGRADE_27/quic/quant/Debug/bin/client -c false -r 20 -l /home/chris/secret.log -q /home/chris/qlog_quant -t 3600 -v 5 -e 0xff00001d https://localhost:4443/index.html
",client,quic_client_test_accept_maxdata0,,"ivy_return_code(1)+assumption_failed(""quic_client_test.ivy: line 310"")",/home/chris/Toward-verification-of-QUIC-extensions/installer/TVOQE/results/errors/client/local/quant-client-2/temp/870/quic_client_test_accept_maxdata0.iev,0.0,0.0
119," /home/chris/TVOQE_UPGRADE_27/quic/quant/Debug/bin/client -c false -r 20 -l /home/chris/secret.log -q /home/chris/qlog_quant -t 3600 -v 5 -e 0xff00001d https://localhost:4443/index.html
",client,quic_client_test_tp_prefadd_error0,,server_return_code(1)+ivy_return_code(1),/home/chris/Toward-verification-of-QUIC-extensions/installer/TVOQE/results/errors/client/local/quant-client-2/temp/974/quic_client_test_tp_prefadd_error0.iev,0.0,0.0
120," /home/chris/TVOQE_UPGRADE_27/quic/quant/Debug/bin/client -c false -r 20 -l /home/chris/secret.log -q /home/chris/qlog_quant -t 3600 -v 5 -e 0xff00001d https://localhost:4443/index.html
",client,quic_client_test_limit_max_error0,,"ivy_return_code(1)+assumption_failed(""quic_client_test_limit_max_error.ivy: line 504"")",/home/chris/Toward-verification-of-QUIC-extensions/installer/TVOQE/results/errors/client/local/quant-client-2/temp/1250/quic_client_test_limit_max_error0.iev,0.0,0.0
121," /home/chris/TVOQE_UPGRADE_27/quic/quant/Debug/bin/client -c false -r 20 -l /home/chris/secret.log -q /home/chris/qlog_quant -t 3600 -v 5 -e 0xff00001d https://localhost:4443/index.html
",client,quic_client_test_blocked_streams_maxstream_error0,,"ivy_return_code(1)+assumption_failed(""quic_client_test_blocked_streams_maxstream_error.ivy: line 283"")",/home/chris/Toward-verification-of-QUIC-extensions/installer/TVOQE/results/errors/client/local/quant-client-2/temp/600/quic_client_test_blocked_streams_maxstream_error0.iev,0.0,0.0
122," /home/chris/TVOQE_UPGRADE_27/quic/quant/Debug/bin/client -c false -r 20 -l /home/chris/secret.log -q /home/chris/qlog_quant -t 3600 -v 5 -e 0xff00001d https://localhost:4443/index.html
",client,quic_client_test_blocked_streams_maxstream_error0,,"ivy_return_code(1)+assumption_failed(""quic_client_test_blocked_streams_maxstream_error.ivy: line 283"")",/home/chris/Toward-verification-of-QUIC-extensions/installer/TVOQE/results/errors/client/local/quant-client-2/temp/622/quic_client_test_blocked_streams_maxstream_error0.iev,0.0,0.0
123," /home/chris/TVOQE_UPGRADE_27/quic/quant/Debug/bin/client -c false -r 20 -l /home/chris/secret.log -q /home/chris/qlog_quant -t 3600 -v 5 -e 0xff00001d https://localhost:4443/index.html
",client,quic_client_test_ext_min_ack_delay0,,"ivy_return_code(1)+assumption_failed(""quic_client_test_ext_min_ack_delay.ivy: line 524"")",/home/chris/Toward-verification-of-QUIC-extensions/installer/TVOQE/results/errors/client/local/quant-client-2/temp/279/quic_client_test_ext_min_ack_delay0.iev,0.0,0.0
124," /home/chris/TVOQE_UPGRADE_27/quic/quant/Debug/bin/client -c false -r 20 -l /home/chris/secret.log -q /home/chris/qlog_quant -t 3600 -v 5 -e 0xff00001d https://localhost:4443/index.html
",client,quic_client_test_tp_error0,,server_return_code(1)+timeout,/home/chris/Toward-verification-of-QUIC-extensions/installer/TVOQE/results/errors/client/local/quant-client-2/temp/373/quic_client_test_tp_error0.iev,0.0,0.0
125," /home/chris/TVOQE_UPGRADE_27/quic/quant/Debug/bin/client -c false -r 20 -l /home/chris/secret.log -q /home/chris/qlog_quant -t 3600 -v 5 -e 0xff00001d https://localhost:4443/index.html
",client,quic_client_test_tp_error0,,server_return_code(1)+timeout,/home/chris/Toward-verification-of-QUIC-extensions/installer/TVOQE/results/errors/client/local/quant-client-2/temp/309/quic_client_test_tp_error0.iev,0.0,0.0
126," /home/chris/TVOQE_UPGRADE_27/quic/quant/Debug/bin/client -c false -r 20 -l /home/chris/secret.log -q /home/chris/qlog_quant -t 3600 -v 5 -e 0xff00001d https://localhost:4443/index.html
",client,quic_client_test_stream0,,,/home/chris/Toward-verification-of-QUIC-extensions/installer/TVOQE/results/errors/client/local/quant-client-2/temp/125/quic_client_test_stream0.iev,0.0,1.0
127," /home/chris/TVOQE_UPGRADE_27/quic/quant/Debug/bin/client -c false -r 20 -l /home/chris/secret.log -q /home/chris/qlog_quant -t 3600 -v 5 -e 0xff00001d https://localhost:4443/index.html
",client,quic_client_test_limit_max_error0,,"ivy_return_code(1)+assumption_failed(""quic_client_test_limit_max_error.ivy: line 504"")",/home/chris/Toward-verification-of-QUIC-extensions/installer/TVOQE/results/errors/client/local/quant-client-2/temp/1283/quic_client_test_limit_max_error0.iev,0.0,0.0
128," /home/chris/TVOQE_UPGRADE_27/quic/quant/Debug/bin/client -c false -r 20 -l /home/chris/secret.log -q /home/chris/qlog_quant -t 3600 -v 5 -e 0xff00001d https://localhost:4443/index.html
",client,quic_client_test_limit_max_error0,,"ivy_return_code(1)+assumption_failed(""quic_client_test_limit_max_error.ivy: line 504"")",/home/chris/Toward-verification-of-QUIC-extensions/installer/TVOQE/results/errors/client/local/quant-client-2/temp/1251/quic_client_test_limit_max_error0.iev,0.0,0.0
129," /home/chris/TVOQE_UPGRADE_27/quic/quant/Debug/bin/client -c false -r 20 -l /home/chris/secret.log -q /home/chris/qlog_quant -t 3600 -v 5 -e 0xff00001d https://localhost:4443/index.html
",client,quic_client_test_tp_error0,,"timeout+< undecryptable_packet_event({protocol:udp,addr:0x7f000001,port:0xc082},{protocol:udp,addr:0x7f000001,port:0x115b},[0xc0,0xff,0,0,0x1d,0x14,0x1d,0x1b,0x66,0x5e,0x20,0xc6,0x4f,0xe4,0x30,0xaa,0x1b,0x8,0x28,0x93,0x1c,0x63,0x2,0x5c,0xe6,0x2f,0x4,0x94,0xae,0x51,0x7b,0,0x44,0x8e,0x1d,0xe1,0xf5,0x7b,0x8a,0xf7,0x26,0x33,0x72,0x96,0x6b,0xbd,0x56,0xda,0xfd,0xa2,0xa9,0x76,0xf2,0xa,0xa,0x68,0x3a,0xa9,0x49,0x1b,0xa8,0x9c,0x6a,0x74,0x80,0x95,0x6e,0x82,0xb8,0x74,0xf9,0xa3,0xcc,0x7a,0xe3,0xd1,0x43,0x13,0x80,0xf6,0x69,0x98,0x1c,0xd0,0xce,0xfd,0x29,0xa0,0xc4,0x3,0x81,0xc4,0x3c,0xc0,0x7c,0x62,0xbe,0x23,0x47,0x6a,0x10,0xb,0x7,0xba,0xf3,0x82,0x18,0x98,0x2b,0xf4,0x54,0xcb,0x69,0x10,0x30,0xc8,0x9f,0x99,0x8,0xd6,0x5e,0xff,0xa2,0xee,0xa,0x26,0xf0,0x1d,0x61,0x73,0xf,0x84,0x9,0x5,0x92,0x90,0x54,0xeb,0x71,0xd2,0xbb,0x4e,0x94,0xdb,0x8b,0x3c,0xdd,0xa0,0x68,0x4e,0x17,0x6e,0x60,0x46,0x1e,0x34,0x97,0x38,0x78,0x1b,0x92,0x90,0xf6,0x24,0xe9,0x73,0x87,0x66,0x2e,0xc8,0x3c,0xfe,0x78,0xc4,0xea,0x2b,0x10,0x31,0xa4,0x22,0xb2,0x5b,0xf,0x49,0x5b,0xed,0xf2,0x34,0x78,0x3d,0xf,0x50,0xdd,0x3d,0x68,0xe1,0x45,0x75,0xec,0xe2,0xb,0xf4,0x9e,0x36,0x7f,0xb6,0x59,0x77,0x66,0x53,0x8e,0xe1,0xbb,0x78,0x77,0x7a,0x74,0xe3,0x7b,0x2e,0xc1,0x84,0x96,0x45,0x84,0x8d,0x1,0x2c,0x14,0x26,0x8e,0x3c,0x30,0xed,0xfb,0xf8,0x69,0x15,0xe1,0xe7,0xd7,0x67,0x38,0x78,0x3d,0xe9,0x7,0xdc,0x63,0x51,0x36,0x8e,0x62,0xdd,0x3d,0x25,0x4c,0x27,0x45,0x17,0x10,0xfc,0x8c,0xc4,0xbd,0xc3,0xe4,0xdc,0x1b,0x19,0x7a,0xf9,0xe2,0x6d,0x74,0xd0,0x1d,0x7a,0x9b,0x15,0x63,0xe4,0x64,0x1f,0x2f,0x99,0xc6,0x56,0xec,0xd7,0xc8,0xfd,0xd2,0xb6,0x34,0x5e,0xb4,0x7e,0x19,0x63,0x78,0x1e,0xa0,0xb8,0xc,0x23,0x4d,0x8e,0x81,0x6d,0x1f,0xa6,0x4,0x67,0x1c,0x22,0x26,0x4a,0xfb,0xcb,0xc1,0x1,0x8e,0x85,0x52,0x12,0x6d,0xf,0xd6,0x1c,0x8e,0x68,0xac,0x16,0x84,0x24,0x8d,0x63,0x2e,0x90,0x3f,0xa8,0xd6,0xb2,0x1a,0x11,0xd8,0x72,0x2c,0x41,0x69,0x92,0x7e,0xbc,0x9f,0xf4,0x7c,0xf2,0x34,0x40,0x41,0xf8,0x43,0x8a,0x26,0x5b,0xf1,0x9c,0xd0,0x3,0x50,0xb2,0xff,0xa4,0xb1,0xcd,0x62,0x11,0x13,0x3,0xbb,0xa8,0x30,0x6,0x5,0xa0,0xcb,0x82,0xd4,0x82,0x57,0xc4,0x8a,0x63,0xb9,0xa3,0x4c,0x24,0x17,0x9f,0x25,0x46,0x5a,0x67,0x31,0xff,0x5f,0xd6,0x44,0x14,0xd0,0x25,0x4,0x49,0xaa,0x76,0x3a,0x5d,0x1,0x5d,0xe0,0xcb,0x56,0x19,0x9d,0xe9,0xbe,0x7f,0x58,0x98,0x1e,0x1e,0x4e,0xc9,0x13,0xcc,0x39,0x6d,0x38,0x54,0x89,0xca,0x48,0xc5,0x54,0x64,0x71,0xb6,0x8a,0x81,0x63,0xc3,0xdb,0xb0,0xff,0xbf,0xa3,0xce,0x8d,0x3a,0xc,0x95,0x25,0x91,0x80,0x1e,0x92,0x39,0xe4,0x5,0x1c,0x19,0x66,0xf8,0x93,0xd8,0x77,0xc0,0x53,0x92,0xf3,0x5d,0x4,0xc1,0x27,0xd8,0x54,0x36,0x58,0x33,0,0x41,0x64,0x88,0x21,0x69,0x17,0x85,0x12,0xec,0x9e,0xa8,0x62,0x3e,0x47,0xa5,0x5b,0xeb,0x8,0x5b,0x55,0x8b,0x24,0xd2,0x71,0xb2,0xdd,0x9e,0xe0,0x63,0xae,0xe3,0,0xe5,0x36,0x7b,0x72,0xd9,0xa9,0x83,0x63,0x3d,0x9d,0xab,0x8e,0x9b,0x50,0xd5,0x69,0x8e,0x5b,0xc,0x8b,0x1,0xda,0xc1,0x38,0xbb,0xb9,0x14,0x1a,0x66,0x71,0x12,0xfc,0x6f,0x6c,0xb1,0x9e,0x65,0xee,0x10,0,0x1c,0xa3,0xe7,0x55,0x90,0xcb,0x6b,0xc4,0xa8,0xf5,0x15,0x72,0x42,0x2c,0x75,0x13,0xc2,0x9b,0xee,0x2,0x2b,0x91,0x1f,0xb1,0x34,0x34,0xd5,0x29,0x8f,0x43,0x56,0x7a,0xee,0x89,0x52,0x6b,0x89,0xcf,0xa3,0x94,0x6e,0x14,0xef,0x6e,0x65,0x83,0x8c,0xfc,0x99,0x77,0x4c,0x50,0,0x96,0xf,0x92,0xae,0xf3,0x84,0xe9,0x4,0x69,0xe2,0x3d,0xdc,0x6a,0xcc,0x1,0x15,0xee,0xa6,0x8b,0x5b,0x90,0xff,0xf3,0xbd,0xa4,0xf2,0x7e,0x97,0xa5,0x53,0x8f,0x7c,0x3b,0x82,0x46,0x80,0xfc,0x1e,0xb8,0x62,0x9e,0x7d,0xac,0xbe,0x2,0xc8,0xe8,0x13,0x34,0x91,0,0x98,0xbf,0x56,0xea,0x88,0x58,0x9b,0xea,0x1f,0x37,0xbc,0xfc,0xde,0x77,0x73,0x73,0x1a,0x12,0x74,0xc7,0xb4,0x9f,0xe8,0xe9,0xe5,0xc8,0xd0,0xa,0xc7,0xfe,0x40,0x4a,0x48,0x37,0x49,0xf,0x3d,0x8f,0xd9,0x54,0x1,0x53,0xc7,0x4a,0xa2,0xb3,0x75,0xf5,0x14,0xca,0xd0,0x15,0x19,0xcd,0x4f,0x3b,0x57,0x9c,0x83,0x29,0x82,0x33,0x3b,0x9e,0x6b,0xbe,0x2b,0xce,0x54,0xbc,0x71,0x2,0,0xd1,0xf,0x12,0x5d,0xd5,0x3b,0x49,0xd3,0x1f,0xb6,0x42,0xbf,0xcf,0xe3,0x93,0xd2,0x27,0x18,0x59,0x37,0xce,0x4c,0x8b,0x6b,0x8b,0x37,0x1,0x4a,0xd6,0xc1,0x2e,0xee,0xcd,0xd6,0x52,0x8a,0x68,0x6c,0x59,0x7,0x83,0x7,0xe1,0x96,0xd0,0x82,0xa1,0xe,0xf9,0xda,0x47,0xc7,0xbb,0x55,0xe1,0xc5,0xde,0xa0,0x5,0xa,0xe1,0x70,0xf4,0xa,0x85,0x85,0x46,0xbc,0x42,0x5b,0xf5,0x48,0xbd,0xc4,0x4e,0x8f,0xf0,0x37,0xe4,0x9,0x31,0xfe,0xc2,0x75,0xa2,0x7,0x6c,0xad,0x1,0x54,0xba,0x1d,0x16,0xa0,0xda,0x27,0x2a,0xed,0xac,0xf3,0x90,0xfe,0x96,0x83,0x99,0xec,0xc7,0x75,0x53,0x12,0x37,0x1f,0x11,0xd2,0x1,0x6a,0x3f,0xc4,0x5f,0xf7,0xfd,0x64,0x2d,0xf4,0xeb,0xe5,0x2e,0x5,0x45,0x15,0x4b,0xa,0xaa,0x51,0x68,0xf9,0x36,0x3a,0x8d,0x74,0xca,0x56,0x18,0xe9,0xb2,0x2c,0x9a,0x2,0xd9,0x2,0xbf,0xe2,0xfc,0xde,0xb0,0x2a,0xcb,0x85,0x1f,0x47,0x17,0x70,0x74,0x58,0x23,0xe8,0xd7,0x34,0xee,0x4d,0x9b,0xea,0x79,0xc0,0x56,0x45,0x3c,0x5d,0x3b,0x5c,0x27,0x26,0xc8,0x6d,0x70,0xb7,0xe2,0x67,0x12,0x49,0x58,0x7f,0x9d,0xa2,0x46,0x3f,0x2,0xfd,0x90,0xba,0x38,0x9d,0xd4,0xff,0x82,0x50,0xc9,0xe0,0xb1,0xb6,0x6f,0x3c,0x9d,0xed,0x39,0xe,0xdd,0x47,0x27,0xd,0x23,0xd,0xd2,0x6b,0xcf,0x54,0x1e,0xa9,0x9e,0x89,0xd0,0x49,0x78,0x18,0xd5,0xe7,0x9c,0x97,0x68,0x70,0x4,0x7e,0x57,0x68,0x30,0x50,0x5f,0x3f,0xe8,0x53,0x5c,0xcb,0x38,0xb3,0x4b,0,0xbc,0x5a,0x40,0x99,0x6d,0x71,0x15,0x41,0x73,0x87,0x37,0x7,0x3b,0x4c,0x15,0xf2,0xf1,0x8e,0x18,0xfe,0x4b,0x3a,0xe6,0x80,0xb6,0x50,0xdb,0x67,0xb6,0xee,0xd4,0xfc,0x29,0xfe,0x12,0x52,0xf4,0x13,0xb3,0x41,0xe8,0xd4,0x87,0xc2,0x86,0x91,0xe3,0x24,0x12,0xfc,0xd2,0x1d,0xe6,0x88,0xa2,0x3e,0x46,0xf6,0x81,0xef,0x9e,0xc7,0xfb,0x52,0x66,0xe6,0xd8,0xb2,0x8d,0x1d,0xce,0x6a,0x68,0x48,0xb6,0x49,0xb,0x44,0x2c,0x8c,0xf0,0xeb,0x4,0xf4,0xe4,0x43,0xea,0x4d,0x7,0xb3,0x18,0xb1,0x18,0xe,0x14,0x11,0x18,0x52,0x54,0x71,0x40,0x51,0x8f,0xb5,0xbb,0x4b,0xe6,0xdd,0x95,0x13,0x85,0xa6,0x52,0xe6,0x6b,0x9a,0x87,0x44,0x87,0xfc,0xe3,0x49,0x32,0x38,0xf6,0x6a,0x1f,0xdc,0x78,0x67,0xb8,0x75,0xc5,0x86,0xee,0x97,0x9f,0xd7,0x92,0x59,0x58,0xc2,0x33,0x7c,0x46,0x8e,0xe0,0xd6,0xea,0xce,0x8b,0x89,0xdd,0x4e,0xf9,0x80,0xcc,0x28,0x89,0x8,0xd9,0xc8,0x9e,0x96,0x7f,0x1,0x11,0xd4,0xd0,0x6d,0xe4,0xc3,0x63,0x90,0xe2,0x12,0xaf,0x10,0x9,0xa3,0x6,0x95,0x24,0xda,0xf2,0x5e,0x32,0xe0,0x8c,0x21,0x3c,0x79,0x89,0xa4,0x86,0x44,0xa0,0xf1,0x69,0x9b,0x75,0x46,0x98,0x7d])",/home/chris/Toward-verification-of-QUIC-extensions/installer/TVOQE/results/errors/client/local/quant-client-2/temp/311/quic_client_test_tp_error0.iev,0.0,0.0
130," /home/chris/TVOQE_UPGRADE_27/quic/quant/Debug/bin/client -c false -r 20 -l /home/chris/secret.log -q /home/chris/qlog_quant -t 3600 -v 5 -e 0xff00001d https://localhost:4443/index.html
",client,quic_client_test_tp_error0,,server_return_code(1)+timeout,/home/chris/Toward-verification-of-QUIC-extensions/installer/TVOQE/results/errors/client/local/quant-client-2/temp/346/quic_client_test_tp_error0.iev,0.0,0.0
131," /home/chris/TVOQE_UPGRADE_27/quic/quant/Debug/bin/client -c false -r 20 -l /home/chris/secret.log -q /home/chris/qlog_quant -t 3600 -v 5 -e 0xff00001d https://localhost:4443/index.html
",client,quic_client_test_ext_min_ack_delay0,,,/home/chris/Toward-verification-of-QUIC-extensions/installer/TVOQE/results/errors/client/local/quant-client-2/temp/201/quic_client_test_ext_min_ack_delay0.iev,0.0,1.0
132," /home/chris/TVOQE_UPGRADE_27/quic/quant/Debug/bin/client -c false -r 20 -l /home/chris/secret.log -q /home/chris/qlog_quant -t 3600 -v 5 -e 0xff00001d https://localhost:4443/index.html
",client,quic_client_test_double_tp_error0,,server_return_code(1)+ivy_return_code(1),/home/chris/Toward-verification-of-QUIC-extensions/installer/TVOQE/results/errors/client/local/quant-client-2/temp/498/quic_client_test_double_tp_error0.iev,0.0,0.0
133," /home/chris/TVOQE_UPGRADE_27/quic/quant/Debug/bin/client -c false -r 20 -l /home/chris/secret.log -q /home/chris/qlog_quant -t 3600 -v 5 -e 0xff00001d https://localhost:4443/index.html
",client,quic_client_test_tp_acticoid_error0,,"ivy_return_code(1)+assumption_failed(""quic_client_test_tp_acticoid_error.ivy: line 515"")",/home/chris/Toward-verification-of-QUIC-extensions/installer/TVOQE/results/errors/client/local/quant-client-2/temp/565/quic_client_test_tp_acticoid_error0.iev,0.0,0.0
134," /home/chris/TVOQE_UPGRADE_27/quic/quant/Debug/bin/client -c false -r 20 -l /home/chris/secret.log -q /home/chris/qlog_quant -t 3600 -v 5 -e 0xff00001d https://localhost:4443/index.html
",client,quic_client_test_tp_unkown0,,,/home/chris/Toward-verification-of-QUIC-extensions/installer/TVOQE/results/errors/client/local/quant-client-2/temp/1171/quic_client_test_tp_unkown0.iev,0.0,1.0
135," /home/chris/TVOQE_UPGRADE_27/quic/quant/Debug/bin/client -c false -r 20 -l /home/chris/secret.log -q /home/chris/qlog_quant -t 3600 -v 5 -e 0xff00001d https://localhost:4443/index.html
",client,quic_client_test_new_token_error0,,"ivy_return_code(1)+assumption_failed(""quic_client_test_new_token_error.ivy: line 517"")",/home/chris/Toward-verification-of-QUIC-extensions/installer/TVOQE/results/errors/client/local/quant-client-2/temp/1322/quic_client_test_new_token_error0.iev,0.0,0.0
136," /home/chris/TVOQE_UPGRADE_27/quic/quant/Debug/bin/client -c false -r 20 -l /home/chris/secret.log -q /home/chris/qlog_quant -t 3600 -v 5 -e 0xff00001d https://localhost:4443/index.html
",client,quic_client_test_tp_prefadd_error0,,server_return_code(1)+ivy_return_code(1),/home/chris/Toward-verification-of-QUIC-extensions/installer/TVOQE/results/errors/client/local/quant-client-2/temp/963/quic_client_test_tp_prefadd_error0.iev,0.0,0.0
137," /home/chris/TVOQE_UPGRADE_27/quic/quant/Debug/bin/client -c false -r 20 -l /home/chris/secret.log -q /home/chris/qlog_quant -t 3600 -v 5 -e 0xff00001d https://localhost:4443/index.html
",client,quic_client_test_max0,,,/home/chris/Toward-verification-of-QUIC-extensions/installer/TVOQE/results/errors/client/local/quant-client-2/temp/89/quic_client_test_max0.iev,0.0,1.0
138," /home/chris/TVOQE_UPGRADE_27/quic/quant/Debug/bin/client -c false -r 20 -l /home/chris/secret.log -q /home/chris/qlog_quant -t 3600 -v 5 -e 0xff00001d https://localhost:4443/index.html
",client,quic_client_test_unkown0,,server_return_code(1)+ivy_return_code(1),/home/chris/Toward-verification-of-QUIC-extensions/installer/TVOQE/results/errors/client/local/quant-client-2/temp/1008/quic_client_test_unkown0.iev,0.0,0.0
139," /home/chris/TVOQE_UPGRADE_27/quic/quant/Debug/bin/client -c false -r 20 -l /home/chris/secret.log -q /home/chris/qlog_quant -t 3600 -v 5 -e 0xff00001d https://localhost:4443/index.html
",client,quic_client_test_max0,,,/home/chris/Toward-verification-of-QUIC-extensions/installer/TVOQE/results/errors/client/local/quant-client-2/temp/72/quic_client_test_max0.iev,0.0,1.0
140," /home/chris/TVOQE_UPGRADE_27/quic/quant/Debug/bin/client -c false -r 20 -l /home/chris/secret.log -q /home/chris/qlog_quant -t 3600 -v 5 -e 0xff00001d https://localhost:4443/index.html
",client,quic_client_test_double_tp_error0,,server_return_code(1)+ivy_return_code(1),/home/chris/Toward-verification-of-QUIC-extensions/installer/TVOQE/results/errors/client/local/quant-client-2/temp/448/quic_client_test_double_tp_error0.iev,0.0,0.0
141," /home/chris/TVOQE_UPGRADE_27/quic/quant/Debug/bin/client -c false -r 20 -l /home/chris/secret.log -q /home/chris/qlog_quant -t 3600 -v 5 -e 0xff00001d https://localhost:4443/index.html
",client,quic_client_test_tp_acticoid_error0,,"ivy_return_code(1)+assumption_failed(""quic_client_test_tp_acticoid_error.ivy: line 515"")",/home/chris/Toward-verification-of-QUIC-extensions/installer/TVOQE/results/errors/client/local/quant-client-2/temp/509/quic_client_test_tp_acticoid_error0.iev,0.0,0.0
142," /home/chris/TVOQE_UPGRADE_27/quic/quant/Debug/bin/client -c false -r 20 -l /home/chris/secret.log -q /home/chris/qlog_quant -t 3600 -v 5 -e 0xff00001d https://localhost:4443/index.html
",client,quic_client_test_unkown0,,server_return_code(1)+ivy_return_code(1),/home/chris/Toward-verification-of-QUIC-extensions/installer/TVOQE/results/errors/client/local/quant-client-2/temp/1015/quic_client_test_unkown0.iev,0.0,0.0
143," /home/chris/TVOQE_UPGRADE_27/quic/quant/Debug/bin/client -c false -r 20 -l /home/chris/secret.log -q /home/chris/qlog_quant -t 3600 -v 5 -e 0xff00001d https://localhost:4443/index.html
",client,quic_client_test_max0,,,/home/chris/Toward-verification-of-QUIC-extensions/installer/TVOQE/results/errors/client/local/quant-client-2/temp/77/quic_client_test_max0.iev,0.0,1.0
144," /home/chris/TVOQE_UPGRADE_27/quic/quant/Debug/bin/client -c false -r 20 -l /home/chris/secret.log -q /home/chris/qlog_quant -t 3600 -v 5 -e 0xff00001d https://localhost:4443/index.html
",client,quic_client_test_retirecoid_error0,,"ivy_return_code(1)+assumption_failed(""quic_client_test_retirecoid_error.ivy: line 276"")",/home/chris/Toward-verification-of-QUIC-extensions/installer/TVOQE/results/errors/client/local/quant-client-2/temp/768/quic_client_test_retirecoid_error0.iev,0.0,0.0
145," /home/chris/TVOQE_UPGRADE_27/quic/quant/Debug/bin/client -c false -r 20 -l /home/chris/secret.log -q /home/chris/qlog_quant -t 3600 -v 5 -e 0xff00001d https://localhost:4443/index.html
",client,quic_client_test_ext_min_ack_delay0,,,/home/chris/Toward-verification-of-QUIC-extensions/installer/TVOQE/results/errors/client/local/quant-client-2/temp/208/quic_client_test_ext_min_ack_delay0.iev,0.0,1.0
146," /home/chris/TVOQE_UPGRADE_27/quic/quant/Debug/bin/client -c false -r 20 -l /home/chris/secret.log -q /home/chris/qlog_quant -t 3600 -v 5 -e 0xff00001d https://localhost:4443/index.html
",client,quic_client_test_accept_maxdata0,,,/home/chris/Toward-verification-of-QUIC-extensions/installer/TVOQE/results/errors/client/local/quant-client-2/temp/880/quic_client_test_accept_maxdata0.iev,0.0,1.0
147," /home/chris/TVOQE_UPGRADE_27/quic/quant/Debug/bin/client -c false -r 20 -l /home/chris/secret.log -q /home/chris/qlog_quant -t 3600 -v 5 -e 0xff00001d https://localhost:4443/index.html
",client,quic_client_test_retirecoid_error0,,"ivy_return_code(1)+assumption_failed(""quic_client_test_retirecoid_error.ivy: line 276"")",/home/chris/Toward-verification-of-QUIC-extensions/installer/TVOQE/results/errors/client/local/quant-client-2/temp/745/quic_client_test_retirecoid_error0.iev,0.0,0.0
148," /home/chris/TVOQE_UPGRADE_27/quic/quant/Debug/bin/client -c false -r 20 -l /home/chris/secret.log -q /home/chris/qlog_quant -t 3600 -v 5 -e 0xff00001d https://localhost:4443/index.html
",client,quic_client_test_double_tp_error0,,server_return_code(1)+ivy_return_code(1),/home/chris/Toward-verification-of-QUIC-extensions/installer/TVOQE/results/errors/client/local/quant-client-2/temp/419/quic_client_test_double_tp_error0.iev,0.0,0.0
149," /home/chris/TVOQE_UPGRADE_27/quic/quant/Debug/bin/client -c false -r 20 -l /home/chris/secret.log -q /home/chris/qlog_quant -t 3600 -v 5 -e 0xff00001d https://localhost:4443/index.html
",client,quic_client_test_tp_unkown0,,"ivy_return_code(1)+assumption_failed(""quic_client_test_tp_unkown.ivy: line 515"")",/home/chris/Toward-verification-of-QUIC-extensions/installer/TVOQE/results/errors/client/local/quant-client-2/temp/1120/quic_client_test_tp_unkown0.iev,0.0,0.0
150," /home/chris/TVOQE_UPGRADE_27/quic/quant/Debug/bin/client -c false -r 20 -l /home/chris/secret.log -q /home/chris/qlog_quant -t 3600 -v 5 -e 0xff00001d https://localhost:4443/index.html
",client,quic_client_test_tp_error0,,server_return_code(1)+timeout,/home/chris/Toward-verification-of-QUIC-extensions/installer/TVOQE/results/errors/client/local/quant-client-2/temp/362/quic_client_test_tp_error0.iev,0.0,0.0
151," /home/chris/TVOQE_UPGRADE_27/quic/quant/Debug/bin/client -c false -r 20 -l /home/chris/secret.log -q /home/chris/qlog_quant -t 3600 -v 5 -e 0xff00001d https://localhost:4443/index.html
",client,quic_client_test_blocked_streams_maxstream_error0,,"ivy_return_code(1)+assumption_failed(""quic_client_test_blocked_streams_maxstream_error.ivy: line 283"")",/home/chris/Toward-verification-of-QUIC-extensions/installer/TVOQE/results/errors/client/local/quant-client-2/temp/670/quic_client_test_blocked_streams_maxstream_error0.iev,0.0,0.0
152," /home/chris/TVOQE_UPGRADE_27/quic/quant/Debug/bin/client -c false -r 20 -l /home/chris/secret.log -q /home/chris/qlog_quant -t 3600 -v 5 -e 0xff00001d https://localhost:4443/index.html
",client,quic_client_test_ext_min_ack_delay0,,,/home/chris/Toward-verification-of-QUIC-extensions/installer/TVOQE/results/errors/client/local/quant-client-2/temp/291/quic_client_test_ext_min_ack_delay0.iev,0.0,1.0
153," /home/chris/TVOQE_UPGRADE_27/quic/quant/Debug/bin/client -c false -r 20 -l /home/chris/secret.log -q /home/chris/qlog_quant -t 3600 -v 5 -e 0xff00001d https://localhost:4443/index.html
",client,quic_client_test_limit_max_error0,,"ivy_return_code(1)+assumption_failed(""quic_client_test_limit_max_error.ivy: line 504"")",/home/chris/Toward-verification-of-QUIC-extensions/installer/TVOQE/results/errors/client/local/quant-client-2/temp/1292/quic_client_test_limit_max_error0.iev,0.0,0.0
154," /home/chris/TVOQE_UPGRADE_27/quic/quant/Debug/bin/client -c false -r 20 -l /home/chris/secret.log -q /home/chris/qlog_quant -t 3600 -v 5 -e 0xff00001d https://localhost:4443/index.html
",client,quic_client_test_unkown0,,"ivy_return_code(1)+assumption_failed(""quic_client_test_unkown.ivy: line 513"")",/home/chris/Toward-verification-of-QUIC-extensions/installer/TVOQE/results/errors/client/local/quant-client-2/temp/1066/quic_client_test_unkown0.iev,0.0,0.0
155," /home/chris/TVOQE_UPGRADE_27/quic/quant/Debug/bin/client -c false -r 20 -l /home/chris/secret.log -q /home/chris/qlog_quant -t 3600 -v 5 -e 0xff00001d https://localhost:4443/index.html
",client,quic_client_test_unkown0,,server_return_code(1)+ivy_return_code(1),/home/chris/Toward-verification-of-QUIC-extensions/installer/TVOQE/results/errors/client/local/quant-client-2/temp/1096/quic_client_test_unkown0.iev,0.0,0.0
156," /home/chris/TVOQE_UPGRADE_27/quic/quant/Debug/bin/client -c false -r 20 -l /home/chris/secret.log -q /home/chris/qlog_quant -t 3600 -v 5 -e 0xff00001d https://localhost:4443/index.html
",client,quic_client_test_tp_unkown0,,"ivy_return_code(1)+assumption_failed(""quic_client_test_tp_unkown.ivy: line 515"")",/home/chris/Toward-verification-of-QUIC-extensions/installer/TVOQE/results/errors/client/local/quant-client-2/temp/1116/quic_client_test_tp_unkown0.iev,0.0,0.0
157," /home/chris/TVOQE_UPGRADE_27/quic/quant/Debug/bin/client -c false -r 20 -l /home/chris/secret.log -q /home/chris/qlog_quant -t 3600 -v 5 -e 0xff00001d https://localhost:4443/index.html
",client,quic_client_test_stream0,,timeout+sending id: server addr: 2130706433 port: 37411,/home/chris/Toward-verification-of-QUIC-extensions/installer/TVOQE/results/errors/client/local/quant-client-2/temp/146/quic_client_test_stream0.iev,0.0,0.0
158," /home/chris/TVOQE_UPGRADE_27/quic/quant/Debug/bin/client -c false -r 20 -l /home/chris/secret.log -q /home/chris/qlog_quant -t 3600 -v 5 -e 0xff00001d https://localhost:4443/index.html
",client,quic_client_test_tp_unkown0,,"ivy_return_code(1)+assumption_failed(""quic_client_test_tp_unkown.ivy: line 515"")",/home/chris/Toward-verification-of-QUIC-extensions/installer/TVOQE/results/errors/client/local/quant-client-2/temp/1145/quic_client_test_tp_unkown0.iev,0.0,0.0
159," /home/chris/TVOQE_UPGRADE_27/quic/quant/Debug/bin/client -c false -r 20 -l /home/chris/secret.log -q /home/chris/qlog_quant -t 3600 -v 5 -e 0xff00001d https://localhost:4443/index.html
",client,quic_client_test_limit_max_error0,,"ivy_return_code(1)+assumption_failed(""quic_client_test_limit_max_error.ivy: line 504"")",/home/chris/Toward-verification-of-QUIC-extensions/installer/TVOQE/results/errors/client/local/quant-client-2/temp/1205/quic_client_test_limit_max_error0.iev,0.0,0.0
160," /home/chris/TVOQE_UPGRADE_27/quic/quant/Debug/bin/client -c false -r 20 -l /home/chris/secret.log -q /home/chris/qlog_quant -t 3600 -v 5 -e 0xff00001d https://localhost:4443/index.html
",client,quic_client_test_tp_prefadd_error0,,server_return_code(1)+ivy_return_code(1),/home/chris/Toward-verification-of-QUIC-extensions/installer/TVOQE/results/errors/client/local/quant-client-2/temp/955/quic_client_test_tp_prefadd_error0.iev,0.0,0.0
161," /home/chris/TVOQE_UPGRADE_27/quic/quant/Debug/bin/client -c false -r 20 -l /home/chris/secret.log -q /home/chris/qlog_quant -t 3600 -v 5 -e 0xff00001d https://localhost:4443/index.html
",client,quic_client_test_tp_prefadd_error0,,server_return_code(1)+ivy_return_code(1),/home/chris/Toward-verification-of-QUIC-extensions/installer/TVOQE/results/errors/client/local/quant-client-2/temp/984/quic_client_test_tp_prefadd_error0.iev,0.0,0.0
162," /home/chris/TVOQE_UPGRADE_27/quic/quant/Debug/bin/client -c false -r 20 -l /home/chris/secret.log -q /home/chris/qlog_quant -t 3600 -v 5 -e 0xff00001d https://localhost:4443/index.html
",client,quic_client_test_blocked_streams_maxstream_error0,,"ivy_return_code(1)+assumption_failed(""quic_client_test_blocked_streams_maxstream_error.ivy: line 283"")",/home/chris/Toward-verification-of-QUIC-extensions/installer/TVOQE/results/errors/client/local/quant-client-2/temp/690/quic_client_test_blocked_streams_maxstream_error0.iev,0.0,0.0
163," /home/chris/TVOQE_UPGRADE_27/quic/quant/Debug/bin/client -c false -r 20 -l /home/chris/secret.log -q /home/chris/qlog_quant -t 3600 -v 5 -e 0xff00001d https://localhost:4443/index.html
",client,quic_client_test_limit_max_error0,,"ivy_return_code(1)+assumption_failed(""quic_client_test_limit_max_error.ivy: line 504"")",/home/chris/Toward-verification-of-QUIC-extensions/installer/TVOQE/results/errors/client/local/quant-client-2/temp/1220/quic_client_test_limit_max_error0.iev,0.0,0.0
164," /home/chris/TVOQE_UPGRADE_27/quic/quant/Debug/bin/client -c false -r 20 -l /home/chris/secret.log -q /home/chris/qlog_quant -t 3600 -v 5 -e 0xff00001d https://localhost:4443/index.html
",client,quic_client_test_tp_acticoid_error0,,,/home/chris/Toward-verification-of-QUIC-extensions/installer/TVOQE/results/errors/client/local/quant-client-2/temp/576/quic_client_test_tp_acticoid_error0.iev,0.0,1.0
165," /home/chris/TVOQE_UPGRADE_27/quic/quant/Debug/bin/client -c false -r 20 -l /home/chris/secret.log -q /home/chris/qlog_quant -t 3600 -v 5 -e 0xff00001d https://localhost:4443/index.html
",client,quic_client_test_stream0,,"timeout+< undecryptable_packet_event({protocol:udp,addr:0x7f000001,port:0xeb32},{protocol:udp,addr:0x7f000001,port:0x115b},[0xc6,0xff,0,0,0x1d,0x13,0x8f,0x43,0x86,0x6d,0xeb,0x29,0xb0,0x28,0xa7,0x7f,0xdd,0xd8,0xcf,0xfd,0x6d,0xac,0xa6,0xe6,0x17,0x4,0x5e,0x6e,0x93,0xb6,0,0x44,0x8f,0x5d,0x68,0xc2,0x23,0xfe,0xe5,0x7c,0x6d,0xbb,0x15,0x9,0x34,0x17,0x3,0xf2,0x27,0xf1,0xd0,0x64,0x32,0xf,0x3,0xdd,0x4a,0xa1,0xae,0xf2,0x22,0x20,0x4b,0x23,0x1a,0xff,0x74,0xf1,0x69,0xc1,0x86,0xdd,0x8f,0xf0,0xc7,0xec,0xf7,0xaa,0xb,0x1a,0x93,0xac,0x58,0x61,0x3c,0x47,0xa4,0x3e,0x32,0x2,0x1e,0xb3,0x83,0xdd,0x8b,0x71,0xdc,0x3c,0x4e,0xab,0x1d,0x49,0x65,0x2,0x84,0x97,0x40,0x67,0xe3,0x4c,0x7,0x51,0xe,0x21,0x3e,0xc,0x93,0x6f,0x4e,0x1d,0xff,0xb,0x25,0xb5,0xa3,0x2b,0x9e,0xce,0x6c,0x57,0xdf,0x1e,0x2,0x27,0x15,0xaf,0x12,0x8f,0x7b,0x70,0x41,0x54,0x12,0xd,0xc6,0x9f,0xc2,0x28,0x8b,0x3f,0xe6,0x84,0xd9,0x93,0x90,0xd3,0xb6,0xdb,0xc7,0xb4,0xfa,0xe,0x35,0x2f,0xeb,0,0xc2,0xf3,0x2d,0x46,0xdf,0x9d,0x46,0x8f,0x57,0x95,0xb9,0x58,0x82,0x5c,0x15,0xc4,0xf1,0x20,0x65,0xfa,0x2,0xcb,0x2e,0x90,0x83,0x5f,0x1c,0xd1,0x2d,0x6f,0xf,0x73,0x5a,0x35,0x8,0xca,0x15,0xee,0xfe,0xc0,0xcf,0xf4,0x19,0xe7,0xfb,0xdd,0xc6,0xd5,0x9a,0xfe,0x4,0xd9,0x5,0xb5,0xa9,0x5a,0x52,0x3e,0x4,0x91,0x76,0xef,0xc9,0x37,0x46,0xd6,0xfa,0xd1,0x70,0xcb,0xce,0x36,0xb0,0x8f,0x9e,0x30,0x3f,0x3b,0x7,0xa1,0x6a,0xc1,0x8b,0xef,0xdf,0x48,0x33,0xd0,0x9b,0x5f,0xc5,0xa0,0x7b,0x47,0,0x6a,0xb7,0x34,0xd8,0x83,0x73,0xb2,0x7f,0x9b,0x5e,0xdd,0xc8,0x8b,0xd7,0x13,0x2d,0xd5,0xe7,0x6b,0x2b,0x4e,0xb1,0xfd,0x7,0xa3,0x3d,0x81,0x28,0x2d,0x65,0xf7,0xc5,0xa5,0xc0,0x3b,0xa3,0x8e,0x54,0x1c,0x16,0x77,0xef,0xea,0xf,0x11,0xe5,0xf3,0x6b,0x9a,0x20,0x6a,0x82,0xf4,0x6c,0xbb,0x64,0xce,0x9a,0x9f,0xb2,0xce,0x97,0x4,0xd4,0x65,0x65,0xad,0x7a,0x65,0xba,0x2d,0x52,0xf4,0xd9,0xc2,0x65,0x3d,0x6b,0xb5,0x9a,0xdd,0x4b,0xa0,0x84,0xa9,0xd,0xcd,0x7f,0x97,0xe5,0x10,0x17,0xd1,0xc3,0x14,0xab,0x78,0x66,0x7c,0xbd,0xf2,0xfc,0x59,0x6a,0x49,0xc6,0x50,0xff,0xda,0x87,0x9d,0x37,0xa9,0x72,0x3a,0x35,0xb2,0xc6,0x30,0x17,0xb7,0x37,0xe0,0x2,0x46,0xb1,0x1a,0x5,0x9d,0x80,0xb9,0x25,0xc0,0x8d,0x4e,0x37,0xaf,0x7d,0x34,0xf5,0x81,0xeb,0xd4,0x65,0xb3,0xbb,0x9,0x95,0x36,0x1,0x2c,0xd1,0xa2,0x5,0xbd,0x68,0xc,0x29,0x54,0x5,0xf0,0x7e,0x5e,0xf1,0x91,0xdc,0x2c,0xbf,0xfd,0x26,0xd5,0x27,0xd4,0x2a,0xae,0x27,0x3a,0xda,0xc8,0x45,0xad,0x79,0xf4,0xf3,0x64,0xb8,0xd2,0x33,0x2d,0x9d,0xf2,0x1b,0xe8,0xeb,0x2f,0x9,0x2b,0x68,0xb7,0x7a,0xb4,0x3b,0x59,0x98,0x2b,0x66,0xc3,0x5c,0x1a,0xb9,0x9,0x76,0x98,0x64,0xa4,0x7c,0xcc,0x33,0x64,0xaf,0x91,0x58,0x51,0xbc,0xfa,0x2a,0xa3,0xca,0xfe,0x5e,0x9d,0xbd,0x8a,0x7e,0xb9,0x80,0x66,0xcb,0x94,0x8f,0x3d,0x1e,0x76,0x3d,0x44,0x90,0xaf,0x9c,0xcf,0x98,0xa5,0x87,0x40,0x7f,0xb3,0xbe,0xaa,0x5d,0x5,0xf7,0xc1,0x7f,0x92,0x5d,0xc1,0x68,0x27,0x43,0xf9,0x4d,0x1c,0xcf,0x67,0x24,0x3c,0x14,0xe2,0xa0,0x82,0xdb,0x53,0x80,0xe5,0x5d,0x8c,0xd5,0xfd,0x90,0x1a,0x9b,0x50,0x92,0x97,0xfb,0x75,0xe2,0x51,0xc6,0x94,0x58,0xa7,0x2f,0xdb,0xda,0x10,0xad,0xf2,0x48,0xd3,0,0x34,0xd4,0x87,0xa5,0xa2,0x4e,0x88,0xb0,0xb9,0x7,0xf6,0x66,0x7c,0x96,0xb0,0x12,0xa7,0x1,0x10,0xe8,0xdf,0x85,0xd2,0x34,0xd2,0xcb,0xfd,0x35,0x7d,0x14,0xc6,0x1c,0x50,0xa2,0x44,0x97,0x38,0xd3,0x49,0x69,0x57,0x56,0xa3,0x8f,0x31,0xc5,0x47,0x2c,0x2a,0x1a,0x7f,0xf1,0x8e,0xbf,0x2e,0x96,0x3b,0x48,0x59,0x88,0xf9,0xc9,0x32,0x7,0x64,0x40,0xf4,0x7d,0xc0,0x6a,0x78,0x2,0x25,0xe6,0x95,0x3c,0x6c,0xab,0x86,0x2e,0x1f,0xa3,0x67,0x17,0xc4,0xc2,0x89,0x2c,0x83,0x99,0xb8,0x97,0xd2,0x58,0x62,0x73,0x7b,0x90,0xe8,0xa3,0x1,0x8,0xce,0xff,0xdc,0xe5,0xd7,0xe4,0x94,0x40,0xf2,0x4f,0x7c,0xc4,0x56,0x1a,0xeb,0x71,0x2a,0x9c,0xc0,0,0xdc,0x74,0x9e,0xa9,0x7e,0x26,0xf5,0x91,0x34,0x52,0x63,0x6d,0x1,0x7e,0xf0,0xf4,0x96,0x35,0x3e,0x39,0x6c,0xc9,0x87,0x17,0x32,0x96,0x2f,0xf3,0xd7,0x90,0x71,0xc4,0x5f,0xb7,0x27,0x88,0xcb,0x3b,0xce,0x3a,0xeb,0x41,0xe2,0x89,0xb5,0xe3,0x4a,0xae,0x6f,0x41,0xe9,0x7b,0xb4,0xf9,0xd9,0x16,0x3b,0x6,0xeb,0x9c,0xb3,0x2b,0xbd,0xe2,0x32,0,0x38,0x87,0xce,0x3f,0xa2,0xff,0xcc,0xd5,0x98,0x42,0x54,0x52,0x8,0x92,0xde,0x99,0x97,0x7c,0x72,0x32,0xf9,0xb3,0xee,0x68,0xf5,0xf2,0x55,0x25,0x98,0x31,0xfb,0x64,0x95,0x14,0xf,0xc3,0x6e,0x5,0x14,0x1a,0xa7,0xe3,0x7,0x50,0x45,0x70,0xbc,0x7f,0xd8,0xff,0xfd,0x15,0xcb,0xa1,0x8b,0xd4,0x1e,0x92,0x8a,0xc5,0x1f,0xec,0x4,0xda,0xbb,0xfb,0x98,0x31,0xd0,0xff,0x42,0xc0,0,0x79,0x2e,0x8f,0x46,0x8a,0x9c,0xab,0x77,0x3d,0x7f,0xd8,0xaf,0xaa,0xaa,0xd4,0x64,0x73,0x43,0x32,0xf,0x3,0x8d,0x13,0xa2,0xe2,0x7,0x98,0xc7,0x8e,0x88,0xf2,0x6a,0xd6,0xa7,0xc4,0x39,0x8c,0xc7,0x67,0x4a,0x7f,0x57,0x18,0x14,0x97,0x25,0xce,0x31,0xe1,0xfd,0x6a,0x62,0x83,0x7,0xab,0x84,0x4f,0x7e,0x1f,0xcc,0xb6,0x2c,0x8a,0x9e,0xf4,0x11,0x43,0x6f,0xc4,0xf7,0x1d,0x24,0x7,0x46,0x1b,0x47,0x1b,0x43,0,0x36,0x6c,0x91,0xd5,0x21,0x1a,0x96,0xce,0xa8,0x1f,0xc4,0x36,0x96,0xbb,0x93,0x91,0x70,0xf6,0xf4,0xb8,0x14,0xd4,0xf3,0x52,0xc5,0xcc,0x81,0xd4,0xe7,0x8c,0x70,0xbd,0x99,0x7c,0xc1,0x58,0x76,0x4f,0xd1,0xec,0x20,0x22,0x5e,0x7e,0xbc,0x7e,0x65,0x4,0x21,0x51,0x50,0x52,0x63,0xc9,0xc5,0xa,0x43,0x64,0xe0,0xc6,0xa2,0xe4,0x92,0xe7,0x58,0x6e,0x16,0xd6,0x8b,0xf8,0xc5,0xae,0xa2,0x44,0x1,0xbe,0x1f,0x7f,0x97,0x8b,0x76,0x9d,0xa,0xe,0xff,0xfe,0x8b,0x3f,0x3e,0xec,0x64,0x9d,0xe9,0x8d,0xc2,0xa8,0x41,0x78,0x53,0xea,0x4c,0xee,0x91,0xb7,0xb1,0xc7,0x8,0x4e,0x7d,0x13,0x7f,0x58,0x90,0x44,0xb8,0x81,0xdd,0xa9,0xfb,0xb4,0x96,0x20,0xfa,0x9d,0xe2,0x8f,0x8b,0x42,0x54,0x43,0xba,0x6f,0x6a,0x21,0x35,0xc5,0x28,0x8b,0xc3,0xda,0xfa,0x1b,0x24,0x21,0x8c,0xec,0xab,0x3d,0xde,0x7a,0x7,0x53,0x6e,0x11,0xd8,0x85,0x62,0x71,0xf5,0x18,0x17,0xa0,0x3e,0xf1,0x86,0x51,0x9,0xaf,0xb8,0x7b,0x7,0x2a,0xf8,0x15,0xf7,0x5e,0xa0,0x12,0x73,0x4e,0,0x92,0xb9,0x44,0x41,0x97,0x67,0xe6,0xe,0x50,0xb8,0x55,0xce,0x63,0xbb,0xc8,0x43,0xa3,0x95,0xe0,0x9b,0x1f,0xa2,0xba,0x2c,0xd9,0xae,0xee,0xa8,0xda,0x21,0x2f,0x67,0x6f,0x7d,0x8d,0x7a,0x72,0x63,0x2d,0x1e,0x87,0xb6,0x4a,0x94,0xce,0x9d,0x1c,0x5d,0x48,0x69,0xd4,0x9a,0xb1,0xed,0x9c,0xc3,0x27,0xc6,0x4f,0xe7,0x1,0x1d,0xab,0xe1,0x1c,0xc,0x92,0xb7,0xb1,0xa1,0x2c,0x6b,0xc2,0xef,0x4e,0x71,0xe3,0xaa,0xe2,0x7b,0x87,0xe4,0xff,0xa1,0x41,0xf4,0xbf,0xd8,0x64,0xfd,0xb,0xec,0x54,0xb9,0xbb,0xdb,0x7d,0xb4,0xa8,0xa,0xf3,0x15,0xb3,0x3c,0xde,0x76,0xe,0x1])",/home/chris/Toward-verification-of-QUIC-extensions/installer/TVOQE/results/errors/client/local/quant-client-2/temp/151/quic_client_test_stream0.iev,0.0,0.0
166," /home/chris/TVOQE_UPGRADE_27/quic/quant/Debug/bin/client -c false -r 20 -l /home/chris/secret.log -q /home/chris/qlog_quant -t 3600 -v 5 -e 0xff00001d https://localhost:4443/index.html
",client,quic_client_test_accept_maxdata0,,,/home/chris/Toward-verification-of-QUIC-extensions/installer/TVOQE/results/errors/client/local/quant-client-2/temp/851/quic_client_test_accept_maxdata0.iev,0.0,1.0
167," /home/chris/TVOQE_UPGRADE_27/quic/quant/Debug/bin/client -c false -r 20 -l /home/chris/secret.log -q /home/chris/qlog_quant -t 3600 -v 5 -e 0xff00001d https://localhost:4443/index.html
",client,quic_client_test_tp_prefadd_error0,,server_return_code(1)+ivy_return_code(1),/home/chris/Toward-verification-of-QUIC-extensions/installer/TVOQE/results/errors/client/local/quant-client-2/temp/921/quic_client_test_tp_prefadd_error0.iev,0.0,0.0
168," /home/chris/TVOQE_UPGRADE_27/quic/quant/Debug/bin/client -c false -r 20 -l /home/chris/secret.log -q /home/chris/qlog_quant -t 3600 -v 5 -e 0xff00001d https://localhost:4443/index.html
",client,quic_client_test_ext_min_ack_delay0,,"ivy_return_code(1)+assumption_failed(""quic_client_test_ext_min_ack_delay.ivy: line 524"")",/home/chris/Toward-verification-of-QUIC-extensions/installer/TVOQE/results/errors/client/local/quant-client-2/temp/209/quic_client_test_ext_min_ack_delay0.iev,0.0,0.0
169," /home/chris/TVOQE_UPGRADE_27/quic/quant/Debug/bin/client -c false -r 20 -l /home/chris/secret.log -q /home/chris/qlog_quant -t 3600 -v 5 -e 0xff00001d https://localhost:4443/index.html
",client,quic_client_test_new_token_error0,,server_return_code(1)+ivy_return_code(134),/home/chris/Toward-verification-of-QUIC-extensions/installer/TVOQE/results/errors/client/local/quant-client-2/temp/1320/quic_client_test_new_token_error0.iev,0.0,0.0
170," /home/chris/TVOQE_UPGRADE_27/quic/quant/Debug/bin/client -c false -r 20 -l /home/chris/secret.log -q /home/chris/qlog_quant -t 3600 -v 5 -e 0xff00001d https://localhost:4443/index.html
",client,quic_client_test_retirecoid_error0,,"ivy_return_code(1)+assumption_failed(""quic_client_test_retirecoid_error.ivy: line 276"")",/home/chris/Toward-verification-of-QUIC-extensions/installer/TVOQE/results/errors/client/local/quant-client-2/temp/732/quic_client_test_retirecoid_error0.iev,0.0,0.0
171," /home/chris/TVOQE_UPGRADE_27/quic/quant/Debug/bin/client -c false -r 20 -l /home/chris/secret.log -q /home/chris/qlog_quant -t 3600 -v 5 -e 0xff00001d https://localhost:4443/index.html
",client,quic_client_test_blocked_streams_maxstream_error0,,"ivy_return_code(1)+assumption_failed(""quic_client_test_blocked_streams_maxstream_error.ivy: line 283"")",/home/chris/Toward-verification-of-QUIC-extensions/installer/TVOQE/results/errors/client/local/quant-client-2/temp/684/quic_client_test_blocked_streams_maxstream_error0.iev,0.0,0.0
172," /home/chris/TVOQE_UPGRADE_27/quic/quant/Debug/bin/client -c false -r 20 -l /home/chris/secret.log -q /home/chris/qlog_quant -t 3600 -v 5 -e 0xff00001d https://localhost:4443/index.html
",client,quic_client_test_tp_prefadd_error0,,"ivy_return_code(1)+assumption_failed(""quic_client_test_tp_prefadd_error.ivy: line 518"")",/home/chris/Toward-verification-of-QUIC-extensions/installer/TVOQE/results/errors/client/local/quant-client-2/temp/917/quic_client_test_tp_prefadd_error0.iev,0.0,0.0
173," /home/chris/TVOQE_UPGRADE_27/quic/quant/Debug/bin/client -c false -r 20 -l /home/chris/secret.log -q /home/chris/qlog_quant -t 3600 -v 5 -e 0xff00001d https://localhost:4443/index.html
",client,quic_client_test_tp_prefadd_error0,,server_return_code(1)+ivy_return_code(1),/home/chris/Toward-verification-of-QUIC-extensions/installer/TVOQE/results/errors/client/local/quant-client-2/temp/933/quic_client_test_tp_prefadd_error0.iev,0.0,0.0
174," /home/chris/TVOQE_UPGRADE_27/quic/quant/Debug/bin/client -c false -r 20 -l /home/chris/secret.log -q /home/chris/qlog_quant -t 3600 -v 5 -e 0xff00001d https://localhost:4443/index.html
",client,quic_client_test_double_tp_error0,,server_return_code(1)+ivy_return_code(1),/home/chris/Toward-verification-of-QUIC-extensions/installer/TVOQE/results/errors/client/local/quant-client-2/temp/424/quic_client_test_double_tp_error0.iev,0.0,0.0
175," /home/chris/TVOQE_UPGRADE_27/quic/quant/Debug/bin/client -c false -r 20 -l /home/chris/secret.log -q /home/chris/qlog_quant -t 3600 -v 5 -e 0xff00001d https://localhost:4443/index.html
",client,quic_client_test_max0,,"ivy_return_code(1)+assumption_failed(""quic_client_test.ivy: line 310"")",/home/chris/Toward-verification-of-QUIC-extensions/installer/TVOQE/results/errors/client/local/quant-client-2/temp/57/quic_client_test_max0.iev,0.0,0.0
176," /home/chris/TVOQE_UPGRADE_27/quic/quant/Debug/bin/client -c false -r 20 -l /home/chris/secret.log -q /home/chris/qlog_quant -t 3600 -v 5 -e 0xff00001d https://localhost:4443/index.html
",client,quic_client_test_tp_unkown0,,,/home/chris/Toward-verification-of-QUIC-extensions/installer/TVOQE/results/errors/client/local/quant-client-2/temp/1150/quic_client_test_tp_unkown0.iev,0.0,1.0
177," /home/chris/TVOQE_UPGRADE_27/quic/quant/Debug/bin/client -c false -r 20 -l /home/chris/secret.log -q /home/chris/qlog_quant -t 3600 -v 5 -e 0xff00001d https://localhost:4443/index.html
",client,quic_client_test_unkown0,,server_return_code(1)+ivy_return_code(1),/home/chris/Toward-verification-of-QUIC-extensions/installer/TVOQE/results/errors/client/local/quant-client-2/temp/1071/quic_client_test_unkown0.iev,0.0,0.0
178," /home/chris/TVOQE_UPGRADE_27/quic/quant/Debug/bin/client -c false -r 20 -l /home/chris/secret.log -q /home/chris/qlog_quant -t 3600 -v 5 -e 0xff00001d https://localhost:4443/index.html
",client,quic_client_test_tp_unkown0,,,/home/chris/Toward-verification-of-QUIC-extensions/installer/TVOQE/results/errors/client/local/quant-client-2/temp/1177/quic_client_test_tp_unkown0.iev,0.0,1.0
179," /home/chris/TVOQE_UPGRADE_27/quic/quant/Debug/bin/client -c false -r 20 -l /home/chris/secret.log -q /home/chris/qlog_quant -t 3600 -v 5 -e 0xff00001d https://localhost:4443/index.html
",client,quic_client_test_ext_min_ack_delay0,,,/home/chris/Toward-verification-of-QUIC-extensions/installer/TVOQE/results/errors/client/local/quant-client-2/temp/223/quic_client_test_ext_min_ack_delay0.iev,0.0,1.0
180," /home/chris/TVOQE_UPGRADE_27/quic/quant/Debug/bin/client -c false -r 20 -l /home/chris/secret.log -q /home/chris/qlog_quant -t 3600 -v 5 -e 0xff00001d https://localhost:4443/index.html
",client,quic_client_test_ext_min_ack_delay0,,,/home/chris/Toward-verification-of-QUIC-extensions/installer/TVOQE/results/errors/client/local/quant-client-2/temp/286/quic_client_test_ext_min_ack_delay0.iev,0.0,1.0
181," /home/chris/TVOQE_UPGRADE_27/quic/quant/Debug/bin/client -c false -r 20 -l /home/chris/secret.log -q /home/chris/qlog_quant -t 3600 -v 5 -e 0xff00001d https://localhost:4443/index.html
",client,quic_client_test_double_tp_error0,,"ivy_return_code(1)+assumption_failed(""quic_client_test_double_tp_error.ivy: line 502"")",/home/chris/Toward-verification-of-QUIC-extensions/installer/TVOQE/results/errors/client/local/quant-client-2/temp/496/quic_client_test_double_tp_error0.iev,0.0,0.0
182," /home/chris/TVOQE_UPGRADE_27/quic/quant/Debug/bin/client -c false -r 20 -l /home/chris/secret.log -q /home/chris/qlog_quant -t 3600 -v 5 -e 0xff00001d https://localhost:4443/index.html
",client,quic_client_test_tp_unkown0,,,/home/chris/Toward-verification-of-QUIC-extensions/installer/TVOQE/results/errors/client/local/quant-client-2/temp/1109/quic_client_test_tp_unkown0.iev,0.0,1.0
183," /home/chris/TVOQE_UPGRADE_27/quic/quant/Debug/bin/client -c false -r 20 -l /home/chris/secret.log -q /home/chris/qlog_quant -t 3600 -v 5 -e 0xff00001d https://localhost:4443/index.html
",client,quic_client_test_double_tp_error0,,"ivy_return_code(1)+assumption_failed(""quic_client_test_double_tp_error.ivy: line 502"")",/home/chris/Toward-verification-of-QUIC-extensions/installer/TVOQE/results/errors/client/local/quant-client-2/temp/407/quic_client_test_double_tp_error0.iev,0.0,0.0
184," /home/chris/TVOQE_UPGRADE_27/quic/quant/Debug/bin/client -c false -r 20 -l /home/chris/secret.log -q /home/chris/qlog_quant -t 3600 -v 5 -e 0xff00001d https://localhost:4443/index.html
",client,quic_client_test_retirecoid_error0,,"ivy_return_code(1)+assumption_failed(""quic_client_test_retirecoid_error.ivy: line 276"")",/home/chris/Toward-verification-of-QUIC-extensions/installer/TVOQE/results/errors/client/local/quant-client-2/temp/740/quic_client_test_retirecoid_error0.iev,0.0,0.0
185," /home/chris/TVOQE_UPGRADE_27/quic/quant/Debug/bin/client -c false -r 20 -l /home/chris/secret.log -q /home/chris/qlog_quant -t 3600 -v 5 -e 0xff00001d https://localhost:4443/index.html
",client,quic_client_test_new_token_error0,,"ivy_return_code(1)+assumption_failed(""quic_client_test_new_token_error.ivy: line 517"")",/home/chris/Toward-verification-of-QUIC-extensions/installer/TVOQE/results/errors/client/local/quant-client-2/temp/1343/quic_client_test_new_token_error0.iev,0.0,0.0
186," /home/chris/TVOQE_UPGRADE_27/quic/quant/Debug/bin/client -c false -r 20 -l /home/chris/secret.log -q /home/chris/qlog_quant -t 3600 -v 5 -e 0xff00001d https://localhost:4443/index.html
",client,quic_client_test_tp_acticoid_error0,,,/home/chris/Toward-verification-of-QUIC-extensions/installer/TVOQE/results/errors/client/local/quant-client-2/temp/558/quic_client_test_tp_acticoid_error0.iev,0.0,1.0
187," /home/chris/TVOQE_UPGRADE_27/quic/quant/Debug/bin/client -c false -r 20 -l /home/chris/secret.log -q /home/chris/qlog_quant -t 3600 -v 5 -e 0xff00001d https://localhost:4443/index.html
",client,quic_client_test_max0,,"ivy_return_code(1)+assumption_failed(""quic_client_test.ivy: line 310"")",/home/chris/Toward-verification-of-QUIC-extensions/installer/TVOQE/results/errors/client/local/quant-client-2/temp/47/quic_client_test_max0.iev,0.0,0.0
188," /home/chris/TVOQE_UPGRADE_27/quic/quant/Debug/bin/client -c false -r 20 -l /home/chris/secret.log -q /home/chris/qlog_quant -t 3600 -v 5 -e 0xff00001d https://localhost:4443/index.html
",client,quic_client_test_tp_prefadd_error0,,server_return_code(1)+ivy_return_code(1),/home/chris/Toward-verification-of-QUIC-extensions/installer/TVOQE/results/errors/client/local/quant-client-2/temp/989/quic_client_test_tp_prefadd_error0.iev,0.0,0.0
189," /home/chris/TVOQE_UPGRADE_27/quic/quant/Debug/bin/client -c false -r 20 -l /home/chris/secret.log -q /home/chris/qlog_quant -t 3600 -v 5 -e 0xff00001d https://localhost:4443/index.html
",client,quic_client_test_tp_prefadd_error0,,"ivy_return_code(1)+assumption_failed(""quic_client_test_tp_prefadd_error.ivy: line 518"")",/home/chris/Toward-verification-of-QUIC-extensions/installer/TVOQE/results/errors/client/local/quant-client-2/temp/925/quic_client_test_tp_prefadd_error0.iev,0.0,0.0
190," /home/chris/TVOQE_UPGRADE_27/quic/quant/Debug/bin/client -c false -r 20 -l /home/chris/secret.log -q /home/chris/qlog_quant -t 3600 -v 5 -e 0xff00001d https://localhost:4443/index.html
",client,quic_client_test_blocked_streams_maxstream_error0,,"ivy_return_code(1)+assumption_failed(""quic_client_test_blocked_streams_maxstream_error.ivy: line 283"")",/home/chris/Toward-verification-of-QUIC-extensions/installer/TVOQE/results/errors/client/local/quant-client-2/temp/661/quic_client_test_blocked_streams_maxstream_error0.iev,0.0,0.0
191," /home/chris/TVOQE_UPGRADE_27/quic/quant/Debug/bin/client -c false -r 20 -l /home/chris/secret.log -q /home/chris/qlog_quant -t 3600 -v 5 -e 0xff00001d https://localhost:4443/index.html
",client,quic_client_test_tp_error0,,server_return_code(1)+timeout,/home/chris/Toward-verification-of-QUIC-extensions/installer/TVOQE/results/errors/client/local/quant-client-2/temp/382/quic_client_test_tp_error0.iev,0.0,0.0
192," /home/chris/TVOQE_UPGRADE_27/quic/quant/Debug/bin/client -c false -r 20 -l /home/chris/secret.log -q /home/chris/qlog_quant -t 3600 -v 5 -e 0xff00001d https://localhost:4443/index.html
",client,quic_client_test_stream0,,"timeout+< undecryptable_packet_event({protocol:udp,addr:0x7f000001,port:0x8b16},{protocol:udp,addr:0x7f000001,port:0x115b},[0xc3,0xff,0,0,0x1d,0x14,0xe8,0x42,0xa,0x94,0xce,0xa9,0x68,0x53,0xb8,0x6e,0x67,0x6d,0xb7,0x3c,0xd6,0x83,0x79,0xb4,0x8,0x8d,0x4,0x5d,0xd9,0x4,0x50,0,0x44,0x8e,0xfc,0xc2,0x79,0x3e,0x20,0xe5,0x2a,0xbe,0x52,0xff,0x41,0x3b,0x3f,0x8,0x41,0xf7,0xb8,0x3,0x88,0x3d,0x46,0xf9,0x71,0xad,0x76,0x45,0xd,0x81,0x45,0x8b,0xa2,0xe,0x44,0x93,0xfd,0x3a,0x4,0xdc,0x41,0xb1,0x68,0xb4,0x8d,0x57,0xd5,0x90,0x31,0xc0,0x90,0xed,0x6,0xc4,0xa9,0x1c,0x3e,0xc8,0x55,0x4d,0x8e,0x33,0x54,0xd2,0x7f,0xd5,0xbb,0x86,0x5e,0xed,0x7,0xac,0x1d,0x97,0x5a,0xe9,0x9,0x39,0x1e,0xc6,0x59,0x87,0x20,0xdb,0x39,0x9a,0x9a,0x20,0x2e,0x4c,0xed,0x10,0x3f,0x50,0x2,0xf8,0x13,0x55,0xcf,0x36,0x9b,0x8c,0x66,0xca,0xcc,0xf0,0x57,0xf2,0x71,0x51,0x5f,0x5,0x6c,0x28,0x1f,0x2f,0xec,0xa3,0xd,0xe1,0xe9,0x61,0x7e,0x5b,0x83,0x7b,0x57,0xe1,0x62,0xf3,0x69,0x38,0x7,0x52,0xf5,0xbc,0xbd,0xdf,0xde,0xca,0x68,0x16,0xa0,0x51,0x68,0x3e,0xf1,0x5b,0x61,0x5,0xba,0x30,0xfc,0x8f,0xc1,0x6e,0x36,0x40,0xee,0xc1,0xe5,0x12,0xbc,0x8e,0x47,0x89,0xf6,0x1d,0x93,0xad,0x79,0x1a,0xad,0xc3,0xa8,0x7d,0xea,0x8b,0xc0,0x25,0xe0,0x86,0x1f,0xf1,0xf9,0x51,0x5,0x37,0x35,0x9e,0xf0,0x27,0xfc,0x59,0x62,0x7e,0xf9,0x1d,0xe5,0x92,0x72,0x99,0xf1,0x3b,0x3a,0xf7,0xf2,0x47,0x5a,0xfc,0x3f,0xa5,0x26,0x41,0x38,0xd1,0x13,0x9d,0xb4,0x1a,0x9f,0x85,0x32,0xb,0xf9,0xc2,0x3d,0x32,0xdc,0x5d,0x5f,0x83,0x4f,0xa1,0x55,0xca,0x93,0x54,0xc9,0xcb,0x60,0xdf,0x14,0x5e,0xd8,0x76,0x8d,0xd3,0x19,0xb7,0x54,0x4a,0xe4,0xc2,0x42,0xb2,0x4a,0x70,0x9a,0x5e,0x6d,0xb2,0xe8,0x2c,0xc9,0xe7,0xcf,0x88,0xe0,0xbf,0x55,0xd9,0xbb,0x8d,0xdb,0xcf,0xc7,0x91,0xbe,0x64,0xa4,0xf6,0xd2,0x3d,0x98,0xb2,0xc6,0x97,0x20,0x15,0x5b,0x49,0x53,0xaf,0x58,0x1d,0x13,0xac,0x95,0x7d,0x66,0x5f,0x23,0x72,0xed,0x15,0x52,0x3b,0xba,0xbc,0xbf,0x49,0x97,0x59,0x30,0xe4,0x76,0xce,0x15,0x18,0x14,0x9a,0xb4,0x1c,0xa3,0x54,0x28,0x5b,0xfa,0x98,0x9f,0x99,0xce,0x71,0x4c,0x9e,0x12,0x80,0x6c,0x38,0x15,0xe3,0xc7,0x8,0x51,0x4b,0x37,0x51,0x67,0xac,0xa3,0xc0,0xc5,0x52,0x2d,0xac,0x22,0x19,0x30,0x53,0xa3,0x26,0x9,0x64,0x31,0x6c,0x76,0x3b,0x5a,0x75,0xa,0x40,0x86,0x8,0x85,0xe9,0xf6,0x95,0x6a,0x26,0x96,0x3f,0xf4,0xa9,0xab,0xe,0xc4,0x62,0x7f,0x85,0xd2,0x85,0x34,0xd9,0xe0,0xa5,0x5d,0xf9,0x49,0x3d,0x4b,0x7e,0x8e,0xb,0xd7,0xba,0xe2,0xf1,0xf5,0xe2,0x61,0x9b,0x72,0x15,0x1d,0xaa,0x14,0xe,0x12,0x52,0x5,0xa7,0x8,0xbc,0xf9,0xa6,0xbf,0xbc,0xa,0x5b,0x43,0,0x4,0x42,0xe8,0x5f,0xed,0x6e,0xdc,0x14,0xb,0x6,0x51,0xef,0x41,0x3b,0xd9,0x7d,0x9,0x9b,0x97,0x6c,0xc1,0x71,0x14,0xde,0xf3,0xcd,0x84,0xda,0x80,0x94,0xdc,0x90,0x88,0x4c,0xb8,0xd5,0x55,0x9e,0x13,0xb6,0x6f,0xe2,0xde,0x27,0x8d,0x41,0xf1,0x14,0x56,0x57,0x9c,0x53,0x62,0xf1,0x8a,0x48,0xc8,0x94,0x60,0x34,0xae,0xd1,0xda,0x3f,0x88,0xa,0xde,0x5c,0x7,0xd,0x29,0x4e,0xec,0xe3,0xf3,0x8f,0x53,0x90,0xa0,0x13,0x3e,0x4a,0x1,0x39,0xa2,0x3d,0x1b,0x5f,0x89,0xe3,0x2b,0x66,0xf3,0x9b,0x94,0x76,0xa6,0x15,0x42,0x33,0x9c,0xc4,0x9c,0xf6,0xc4,0x87,0x95,0xd3,0x6,0x7c,0x50,0xdb,0xe6,0x90,0x91,0xb6,0x6e,0x2f,0x5d,0xd9,0xbc,0xcc,0xea,0xf9,0x52,0xc,0x1d,0x12,0xab,0x5f,0x1a,0x96,0x46,0xbc,0x9a,0x99,0x5d,0x16,0xa1,0x87,0x99,0x4f,0x23,0xf9,0x71,0xf8,0x33,0x1e,0x3b,0x81,0xa2,0x54,0x2d,0x87,0x95,0xf0,0xb2,0x66,0x92,0x35,0x4a,0x33,0x43,0x4e,0xed,0x68,0x2,0xb8,0x80,0xb4,0x43,0x25,0x61,0x34,0xbb,0xe8,0xa0,0xf7,0x4d,0x3f,0x79,0xb7,0xde,0x40,0x93,0x5b,0x96,0x88,0x99,0xba,0x1b,0x5b,0x5,0x4d,0x1d,0x12,0x4f,0x9e,0xd5,0xe7,0x9b,0x9,0xcf,0x21,0x32,0x9,0x83,0x88,0xdd,0x52,0x6,0x53,0xbe,0x13,0x5a,0xc6,0x7a,0xa1,0xbb,0xdd,0x9d,0x15,0xb9,0xb,0x3,0x19,0x9,0x31,0x8,0xd5,0xd3,0x6e,0xc,0x73,0x66,0xbd,0xec,0xb2,0x4,0x43,0x8b,0xb5,0xb4,0xcb,0x62,0xa3,0xe8,0x3,0x51,0x9e,0x76,0x3,0xa0,0x24,0x34,0xc0,0x9,0x68,0x7f,0x64,0xbd,0x65,0xa,0x8c,0xd9,0x8d,0xd6,0xc4,0xe,0xa6,0x80,0xdd,0x34,0x9,0x41,0xb7,0xae,0xe3,0x7b,0x6d,0xf8,0xa6,0x23,0xda,0x5,0x80,0xaf,0xf,0xb1,0x30,0xd3,0x4a,0xb6,0x86,0x30,0xfc,0xea,0x85,0x20,0xfa,0x99,0x83,0xa9,0x96,0x9b,0x2c,0x24,0xd8,0xed,0xeb,0xf8,0x25,0xe6,0xe9,0x58,0xd7,0x47,0x14,0xab,0xa9,0x2d,0xd6,0x4f,0xc8,0x78,0x82,0xcd,0xd4,0xbf,0x94,0xcf,0x73,0xa2,0xb7,0x17,0xc5,0x1f,0xc2,0x8f,0x10,0xd6,0xf0,0x3a,0x38,0x4a,0x30,0xad,0xf0,0x1b,0xc3,0x2,0x29,0xe9,0x97,0x89,0x40,0x6d,0x23,0x81,0xb5,0xf6,0x75,0xff,0x1a,0xc,0x90,0x62,0xb3,0xd6,0xf5,0xca,0xb,0xa7,0x5e,0x5f,0x17,0x2b,0xe9,0x69,0xa1,0xb6,0x3c,0x94,0x5b,0x52,0xd5,0xe7,0xff,0x72,0xf0,0x35,0xa,0xce,0xb8,0x90,0x6a,0xe8,0x17,0x98,0x18,0x8b,0xae,0x12,0x40,0x6b,0xa1,0xa7,0xe2,0x62,0x6e,0x41,0xcd,0x4a,0x74,0xae,0xed,0xee,0x80,0x8b,0xfe,0x8c,0x87,0x29,0xc9,0x63,0x2,0xf5,0xb7,0xbb,0x59,0xe4,0x55,0x1d,0x29,0xcc,0x8f,0xa5,0xd7,0x7b,0x4d,0xe0,0x45,0xf7,0xe5,0x96,0x75,0x33,0x26,0x49,0xf3,0x25,0x84,0x78,0x27,0xf7,0xcc,0x99,0xc2,0xc7,0xb8,0xea,0x96,0x88,0x17,0x21,0xa8,0xec,0xb5,0x79,0xf7,0x69,0xcb,0xd2,0xbd,0xc,0x2b,0x16,0x76,0x86,0x74,0x75,0x45,0xcd,0x62,0x3b,0x42,0x9f,0x59,0xf3,0x88,0,0x30,0x27,0xbc,0x3a,0x9c,0x89,0xdd,0xd6,0xc7,0xc2,0xf8,0xc8,0xcf,0x27,0x3b,0xae,0x79,0x25,0x87,0x7f,0xf7,0x53,0xf5,0x99,0x8d,0xe3,0xdc,0x55,0x25,0x40,0x84,0x27,0xfd,0x8b,0x7f,0xc7,0x73,0x46,0x5f,0xc1,0x8f,0xaf,0x66,0x78,0x62,0x1e,0xa7,0x54,0x8,0xf7,0xe2,0xa8,0x7b,0x11,0x57,0x6c,0xa5,0x8b,0x72,0x69,0x81,0xe9,0x26,0x27,0x95,0x8,0x85,0x61,0x43,0x95,0x84,0xe2,0xb0,0x37,0x30,0xbe,0x1f,0xa9,0x2d,0x58,0xb,0xb0,0x9e,0x90,0x8b,0xd8,0xf4,0x16,0xfc,0x59,0xd4,0xb1,0xae,0xf8,0xac,0x76,0xac,0x63,0xf9,0xc2,0x89,0xb3,0x2,0x53,0x7f,0xca,0x85,0x4e,0xd,0x62,0xa2,0x4c,0x85,0x1,0xad,0x10,0x3c,0x6d,0x81,0x93,0xee,0xfd,0x51,0x5d,0xf5,0x4a,0xe7,0x1d,0x24,0x7b,0x3,0x83,0xcf,0xf8,0x6c,0x4d,0x89,0xb5,0x8c,0x9a,0x40,0x8d,0xb7,0xab,0x38,0xee,0xff,0xb9,0xfc,0x4e,0x37,0x76,0x55,0x93,0xaf,0xfd,0x5d,0xb5,0x28,0x23,0x71,0x12,0xce,0x59,0xbb,0x39,0xea,0x5d,0xf0,0x74,0x5c,0x1e,0x8,0xa2,0xdd,0xc3,0x19,0x73,0x10,0x65,0x46,0xe1,0x9,0xaa,0xde,0x7d,0xcd,0xa7,0x1b,0xf3,0x92,0x63,0x3c,0xf,0x37,0x2,0x44,0x90,0x1e,0x4f,0x51,0x16,0x84,0x9b,0x43,0x1c,0x25,0xf2,0x7a,0x56,0x37,0x72,0x48,0xf0,0x72,0x14,0x7d,0xca,0x2d,0x69,0x6,0xc7,0xa1,0xd3,0xdf,0xa0,0x3a,0x1,0xcb,0x20,0x56,0xa2,0xc0,0xdd,0x42,0x7c,0x4,0x46,0x2a,0xfa,0xb2,0x3e,0x19,0x54,0x9e])",/home/chris/Toward-verification-of-QUIC-extensions/installer/TVOQE/results/errors/client/local/quant-client-2/temp/136/quic_client_test_stream0.iev,0.0,0.0
193," /home/chris/TVOQE_UPGRADE_27/quic/quant/Debug/bin/client -c false -r 20 -l /home/chris/secret.log -q /home/chris/qlog_quant -t 3600 -v 5 -e 0xff00001d https://localhost:4443/index.html
",client,quic_client_test_tp_acticoid_error0,,,/home/chris/Toward-verification-of-QUIC-extensions/installer/TVOQE/results/errors/client/local/quant-client-2/temp/512/quic_client_test_tp_acticoid_error0.iev,0.0,1.0
194," /home/chris/TVOQE_UPGRADE_27/quic/quant/Debug/bin/client -c false -r 20 -l /home/chris/secret.log -q /home/chris/qlog_quant -t 3600 -v 5 -e 0xff00001d https://localhost:4443/index.html
",client,quic_client_test_ext_min_ack_delay0,,,/home/chris/Toward-verification-of-QUIC-extensions/installer/TVOQE/results/errors/client/local/quant-client-2/temp/237/quic_client_test_ext_min_ack_delay0.iev,0.0,1.0
195," /home/chris/TVOQE_UPGRADE_27/quic/quant/Debug/bin/client -c false -r 20 -l /home/chris/secret.log -q /home/chris/qlog_quant -t 3600 -v 5 -e 0xff00001d https://localhost:4443/index.html
",client,quic_client_test_limit_max_error0,,"ivy_return_code(1)+assumption_failed(""quic_client_test_limit_max_error.ivy: line 504"")",/home/chris/Toward-verification-of-QUIC-extensions/installer/TVOQE/results/errors/client/local/quant-client-2/temp/1296/quic_client_test_limit_max_error0.iev,0.0,0.0
196," /home/chris/TVOQE_UPGRADE_27/quic/quant/Debug/bin/client -c false -r 20 -l /home/chris/secret.log -q /home/chris/qlog_quant -t 3600 -v 5 -e 0xff00001d https://localhost:4443/index.html
",client,quic_client_test_tp_error0,,"timeout+< undecryptable_packet_event({protocol:udp,addr:0x7f000001,port:0xc9ec},{protocol:udp,addr:0x7f000001,port:0x115b},[0xcd,0xff,0,0,0x1d,0x12,0xc7,0x9d,0xc8,0xe5,0x57,0x5f,0x2a,0xea,0xbf,0x72,0x80,0xf6,0xd4,0x91,0x3a,0xb2,0xa,0xa6,0x4,0x55,0x12,0xa2,0x1d,0,0x44,0x90,0x4a,0x1f,0x79,0xcd,0xe4,0xd9,0x94,0x3e,0x96,0x2d,0x19,0x96,0x42,0x77,0xd8,0x50,0xbb,0xe2,0xca,0x4a,0x8e,0x29,0x11,0x11,0x6a,0x41,0x42,0x7f,0x91,0x86,0xab,0xd6,0x26,0xe4,0x7c,0x72,0xda,0x35,0x15,0x53,0x70,0x80,0x78,0x44,0x83,0xc3,0x50,0x1,0x13,0xf7,0x80,0x74,0x23,0x10,0x51,0x26,0x85,0x60,0x20,0x47,0x5b,0x1b,0x94,0x35,0x1b,0xca,0x25,0x2b,0x45,0xf8,0xcf,0x62,0x6c,0x21,0x16,0x3c,0xa5,0xf5,0x1c,0xdd,0xec,0x6d,0xca,0xd,0x95,0xb5,0x32,0x8a,0x61,0x9d,0xf5,0x79,0x44,0x75,0x6e,0x64,0x43,0x7e,0x87,0x52,0xe,0x7a,0xbf,0x3,0x7e,0xb4,0x6c,0x60,0x7c,0xd3,0xf8,0xf3,0x6e,0x37,0x25,0xb3,0x15,0x57,0x90,0x29,0x4f,0xcc,0xc9,0x9b,0x37,0xdb,0x2,0xcf,0xbe,0xbe,0x9a,0x22,0x89,0x4c,0x35,0xa3,0x1a,0,0x84,0xbe,0x68,0x82,0x8d,0xe6,0xa3,0x8a,0xe2,0x16,0xe2,0xb,0xa,0x2e,0xa,0x89,0xa9,0x62,0x16,0x66,0x43,0xe1,0x31,0x7b,0x29,0x65,0x1e,0x78,0xae,0xcd,0xc0,0x8b,0x83,0x2b,0x80,0x39,0xa4,0xe6,0x24,0x47,0xc2,0x38,0xd,0xe2,0xa,0x6b,0xee,0x9b,0x11,0x9a,0x50,0x23,0xb,0xeb,0x8b,0x7,0xfd,0x4e,0x29,0x9f,0x59,0xbd,0x8e,0x95,0x83,0x28,0xda,0x51,0x4a,0x71,0x1c,0x1f,0x11,0x6b,0x28,0x72,0x3e,0x68,0x75,0x38,0x75,0x8,0x89,0x4c,0x43,0xb1,0x69,0x4e,0x22,0x56,0x4d,0x75,0x5e,0x80,0x6a,0xe1,0x39,0xa1,0xbb,0x9,0x47,0xba,0xfe,0xa2,0xd7,0xa5,0xd6,0xc7,0x9b,0xbc,0x6c,0x7d,0x3d,0x7e,0x4a,0x86,0xb0,0xec,0x62,0x6a,0x66,0x94,0x9b,0xf4,0xf8,0x52,0x26,0x15,0x4a,0xfe,0x2b,0xc6,0x60,0xf7,0xaa,0x57,0xcf,0x3d,0x21,0xa7,0x80,0x84,0x33,0xe1,0xae,0xeb,0x76,0xd2,0x9f,0x28,0x66,0xf7,0xd8,0xc7,0x4f,0xe1,0x73,0xbd,0x41,0xda,0x85,0x7f,0xef,0x84,0x26,0xe7,0x55,0xe4,0x49,0x5d,0x3f,0x32,0xba,0x99,0x20,0x93,0x7a,0x89,0x56,0xe,0x2a,0xd9,0x1e,0xf,0xfa,0x6d,0x52,0xa2,0xe5,0xcf,0x18,0x14,0x5d,0x1b,0x32,0x91,0x6,0x9b,0xd4,0xe8,0xcf,0x1b,0x2b,0xc2,0xce,0x1c,0x13,0xa,0x3e,0x1f,0x32,0xec,0x9b,0xff,0xeb,0x3a,0x30,0x9c,0xac,0xae,0xae,0xbf,0x21,0xdd,0xb5,0x47,0xc4,0x47,0x6a,0x19,0xd2,0xd9,0xf4,0x8a,0x6e,0xf8,0xe1,0x25,0x38,0x1b,0xdb,0x64,0xb5,0xb,0xa6,0x3b,0x6f,0x36,0x4e,0xb1,0x20,0x17,0x5,0x26,0x94,0x4,0xd4,0xdc,0x70,0xca,0x9a,0xb,0xdb,0xd6,0xf3,0x8a,0xb3,0xa7,0x98,0x18,0x3f,0x1c,0x22,0xbd,0x2d,0x57,0xb0,0xce,0x2e,0x21,0xad,0x8c,0x28,0x45,0x2d,0xd0,0xd,0xba,0xba,0xf4,0x16,0x53,0x34,0x28,0x2,0xfb,0xf3,0xb0,0x5c,0xd,0x7c,0x3f,0x5b,0xe4,0x73,0xad,0xbd,0xae,0x25,0xa9,0xbe,0x4a,0x24,0x18,0x50,0x9f,0xc9,0x9c,0x98,0x1f,0x30,0xd9,0xc1,0xb4,0xaa,0x5b,0x59,0xb7,0xf5,0x7d,0xef,0x52,0xe1,0x9,0x57,0xa9,0x9a,0x30,0xb1,0,0x14,0xca,0x3d,0x2,0xe4,0x1e,0x2e,0xc1,0x74,0x8d,0x39,0xfd,0x41,0x52,0xad,0x8d,0x1e,0xe4,0xe0,0xec,0x19,0x9d,0x20,0xd4,0xf1,0xf,0x5a,0xf9,0xec,0x49,0x2,0x93,0xd5,0xdb,0x5e,0xd7,0xaa,0x9,0x1,0x8b,0x62,0xb5,0xe2,0x63,0xa7,0x24,0xa2,0x3e,0x4,0x1f,0x2b,0x43,0x24,0x87,0x4c,0x23,0x64,0xe0,0x3a,0xe9,0x1d,0x7b,0x81,0x1f,0xa,0x61,0xf8,0xdb,0x7d,0xc2,0xce,0x39,0x36,0xcc,0xf7,0x1b,0xaa,0x67,0x1d,0xd2,0x2a,0x24,0xf8,0x59,0x3c,0xe,0x8c,0x26,0x5,0xb6,0x4e,0xf,0xea,0xf0,0xbd,0x48,0x90,0x51,0xf,0xf1,0x60,0x6d,0x4d,0xa5,0xb9,0xbe,0x79,0x75,0x1a,0xa2,0xd2,0xb3,0x3d,0x81,0xe0,0x2,0xe6,0x47,0xb8,0xac,0x76,0x6b,0xba,0x4,0xc2,0x72,0xd8,0xf2,0xff,0x86,0xdf,0x9b,0xae,0x91,0xac,0x4a,0xf0,0x7c,0x4e,0x39,0x72,0x14,0xbb,0x65,0x57,0x18,0x92,0xbf,0x5a,0x54,0xbe,0x70,0x8,0x18,0xd1,0x27,0x8b,0x90,0x1d,0x42,0x9f,0x1c,0xe8,0xa4,0xbb,0x85,0x8,0x41,0x1e,0x19,0x57,0x4d,0x91,0xaf,0x28,0x16,0xf3,0x58,0x92,0xa1,0xf6,0xed,0x47,0x8f,0x3,0x76,0x31,0x24,0x95,0x69,0x8c,0x6d,0x51,0x6a,0xa9,0x1f,0xb7,0xe,0xee,0xc8,0x4,0xc6,0x1f,0xa5,0x7f,0xec,0x20,0xc1,0x1a,0xd9,0x9c,0x92,0x2,0xe3,0xf4,0x60,0x88,0x86,0x73,0xd1,0x51,0x45,0x9d,0xc8,0x7b,0x54,0xaa,0x2f,0x3d,0xff,0x2f,0xcd,0xef,0x70,0x2e,0x3c,0x7c,0x25,0xaa,0xee,0x12,0xca,0x15,0x4a,0x5d,0x2c,0xc4,0x71,0x70,0x34,0xc7,0xf4,0x3,0xf3,0xdf,0x75,0x99,0xdd,0xc1,0xd6,0xd2,0xff,0xa8,0x73,0x6e,0x68,0x2a,0xca,0x99,0x4f,0xd3,0xec,0xf6,0xd4,0xbb,0xe9,0xd6,0xd3,0xd5,0x27,0xd3,0x3e,0xf0,0x4c,0xd4,0xa6,0x11,0x46,0xb5,0xb9,0x65,0xa5,0x26,0x10,0x92,0x43,0x3c,0xb6,0x11,0xb9,0x24,0xe,0xa5,0x69,0x9f,0x63,0x75,0x81,0x14,0x8,0x46,0xad,0x99,0xbd,0x2e,0x70,0x69,0x38,0xa8,0xc7,0x8e,0x59,0x84,0x5c,0x3e,0x17,0xbd,0xc8,0xc7,0x71,0xa3,0x90,0x65,0x74,0xf0,0x84,0x1f,0x9,0x87,0x1c,0xd9,0xa5,0x6b,0x97,0xdc,0xfa,0x55,0x12,0x25,0x7b,0xae,0x18,0x1a,0x74,0x7b,0xf2,0x7d,0x7b,0x2,0x66,0xcb,0x26,0x39,0xaf,0x7f,0x2d,0x71,0x3e,0x47,0x8b,0x35,0xbc,0xdb,0x15,0x73,0xc6,0x49,0xd9,0xc5,0xb4,0x9f,0x98,0xa1,0x74,0x8b,0x22,0x57,0x67,0x1,0xa6,0x53,0xc6,0x41,0x6e,0xf5,0xf5,0xb,0xc7,0xaa,0xc3,0x7b,0x25,0x89,0xea,0xd6,0xbe,0xe6,0xb0,0xa2,0x36,0xca,0x1,0x9a,0xa,0xaf,0x9a,0xc6,0x48,0xf3,0x35,0xe,0xd1,0x7b,0xd7,0x99,0xd8,0xfa,0xab,0x62,0xad,0xf5,0x6b,0x91,0x22,0xd5,0xe4,0xd0,0x38,0x47,0x21,0xe9,0x66,0x42,0x2,0x57,0xc4,0x4d,0xdd,0x26,0x32,0x68,0xd7,0xb4,0x12,0x8e,0x79,0xe3,0x7e,0x91,0x52,0xfc,0xa3,0x44,0xa7,0x44,0x5c,0x97,0xf1,0x14,0xfc,0x6e,0x8d,0xd6,0x75,0x9b,0xe4,0x42,0x35,0x16,0x4d,0xe6,0xc1,0x20,0x3a,0x47,0x23,0x55,0x95,0x6a,0xce,0x96,0xa8,0x6,0xe7,0xe,0xc2,0x7f,0x7a,0xca,0x48,0x9a,0x46,0x6b,0x45,0x64,0x7f,0x23,0xfd,0x1a,0x38,0xc1,0xc2,0x29,0xd8,0xd2,0x56,0xf,0xf2,0x32,0x4c,0xee,0xfc,0x81,0x11,0xea,0xfa,0xe0,0xc9,0xa9,0x90,0x77,0xba,0xd2,0x8a,0x90,0x41,0xf,0x70,0xc4,0x8e,0xce,0xed,0x13,0x7f,0x1a,0x60,0x10,0x68,0xe3,0x8,0x5d,0x2,0x6c,0x84,0x79,0x10,0xd6,0xfa,0xe9,0x4a,0xa,0x80,0xb7,0x32,0x3d,0x1d,0xe7,0x25,0xf3,0xa7,0xa8,0x2b,0x1b,0xa,0x2,0xba,0x6b,0xbe,0x37,0xb1,0x98,0x56,0xed,0xed,0x3c,0x40,0x29,0xbf,0x98,0x12,0xf3,0xc2,0xb4,0xcc,0x1c,0x73,0x7c,0x4,0x34,0x2a,0x7a,0x29,0x1c,0x18,0xa7,0x43,0x61,0x5d,0x40,0xfb,0xbc,0x5a,0x6a,0xec,0xb3,0x28,0xc8,0x9,0xea,0xb1,0x93,0xac,0xef,0xfd,0x69,0xa4,0x6b,0xb4,0xe4,0x9,0xa2,0xc5,0x89,0x57,0x62,0x2,0xe9,0xea,0x4,0x6c,0xaf,0xa9,0x91,0x2b,0xf5,0xf0,0x6c,0xba,0x15,0x13,0xb1,0x6,0xe0,0xe1,0x50,0xae,0xf2,0xbb,0x4c,0xcf,0xb3,0x67,0xba,0xf7,0xd2,0x8e,0xc,0xbb,0x23,0xe8,0xcf,0x18,0x46,0x28,0x3,0x41,0x5e,0xa2,0x20,0xe0,0x81,0x14,0x2e,0x8e,0xe8,0xce,0x5c,0x65,0,0x82])",/home/chris/Toward-verification-of-QUIC-extensions/installer/TVOQE/results/errors/client/local/quant-client-2/temp/384/quic_client_test_tp_error0.iev,0.0,0.0
197," /home/chris/TVOQE_UPGRADE_27/quic/quant/Debug/bin/client -c false -r 20 -l /home/chris/secret.log -q /home/chris/qlog_quant -t 3600 -v 5 -e 0xff00001d https://localhost:4443/index.html
",client,quic_client_test_tp_acticoid_error0,,"ivy_return_code(1)+assumption_failed(""quic_client_test_tp_acticoid_error.ivy: line 515"")",/home/chris/Toward-verification-of-QUIC-extensions/installer/TVOQE/results/errors/client/local/quant-client-2/temp/511/quic_client_test_tp_acticoid_error0.iev,0.0,0.0
198," /home/chris/TVOQE_UPGRADE_27/quic/quant/Debug/bin/client -c false -r 20 -l /home/chris/secret.log -q /home/chris/qlog_quant -t 3600 -v 5 -e 0xff00001d https://localhost:4443/index.html
",client,quic_client_test_tp_unkown0,,,/home/chris/Toward-verification-of-QUIC-extensions/installer/TVOQE/results/errors/client/local/quant-client-2/temp/1130/quic_client_test_tp_unkown0.iev,0.0,1.0
199," /home/chris/TVOQE_UPGRADE_27/quic/quant/Debug/bin/client -c false -r 20 -l /home/chris/secret.log -q /home/chris/qlog_quant -t 3600 -v 5 -e 0xff00001d https://localhost:4443/index.html
",client,quic_client_test_tp_unkown0,,,/home/chris/Toward-verification-of-QUIC-extensions/installer/TVOQE/results/errors/client/local/quant-client-2/temp/1149/quic_client_test_tp_unkown0.iev,0.0,1.0
200," /home/chris/TVOQE_UPGRADE_27/quic/quant/Debug/bin/client -c false -r 20 -l /home/chris/secret.log -q /home/chris/qlog_quant -t 3600 -v 5 -e 0xff00001d https://localhost:4443/index.html
",client,quic_client_test_stream0,,"timeout+< undecryptable_packet_event({protocol:udp,addr:0x7f000001,port:0x8e16},{protocol:udp,addr:0x7f000001,port:0x115b},[0xcc,0xff,0,0,0x1d,0x12,0xd3,0x8f,0x3f,0x97,0xc,0x3a,0x9d,0x2c,0x66,0xdc,0x8c,0xa7,0xf2,0xc0,0xe,0xee,0x4a,0x4c,0x4,0x89,0x55,0xed,0x5b,0,0x44,0x90,0x71,0x14,0x4c,0xee,0x8a,0x35,0x82,0x91,0x5f,0xf8,0x97,0x38,0xc2,0xe8,0xe3,0x9c,0xf7,0x5d,0x4,0xfc,0x6c,0xb2,0x9e,0xa7,0x47,0xc5,0xda,0xf7,0x3,0x87,0xcd,0x93,0x1f,0x48,0x7a,0x41,0x48,0x33,0xff,0x3c,0xb0,0xdb,0x9c,0x7d,0xec,0x5f,0xdc,0x7,0x68,0xaf,0xc4,0x42,0x6a,0xf4,0x7c,0xae,0xbc,0x13,0xc,0x4c,0xbf,0x81,0xec,0xdf,0x6b,0x25,0x13,0x52,0x6c,0x27,0x42,0xfe,0x29,0x24,0x47,0xd3,0x61,0xe4,0x65,0x7a,0x8d,0x7f,0x43,0xbf,0xb3,0x86,0xe0,0xc8,0x6c,0xe4,0x13,0xf1,0x9b,0xf1,0xd8,0xd,0xd9,0x16,0xbd,0xb2,0xaf,0xf5,0xbf,0xeb,0x84,0x74,0xb6,0x8b,0xdf,0x73,0x9a,0x7e,0xa8,0xaa,0x9d,0xaa,0x41,0xf,0xf,0x9b,0x5e,0xd7,0xc5,0xd9,0xe5,0x25,0xfd,0x73,0x40,0x79,0x95,0x4a,0x7a,0x2e,0x1e,0xc,0x5a,0x15,0x59,0x9e,0xf6,0xb3,0x3a,0xe1,0xdd,0x46,0xfe,0x5f,0xc2,0xbb,0x97,0x23,0x7c,0xc1,0x1,0x5e,0x9e,0x94,0xb8,0x62,0xac,0xdd,0x1,0x41,0x47,0x3,0xbc,0xd7,0xc2,0xff,0x38,0xad,0x4c,0xc3,0x3d,0x5b,0x34,0x69,0x51,0x3a,0x52,0xc6,0x51,0x7d,0x92,0x64,0xb0,0xde,0xc0,0xca,0xa2,0x60,0xc9,0x54,0xa1,0xe7,0xed,0x53,0xa4,0x3d,0xd6,0xf5,0xfc,0x59,0x24,0xe8,0xfd,0xc2,0xe0,0xa2,0x2e,0xb5,0xf0,0xac,0xe2,0x13,0xb3,0xeb,0x8,0x8b,0x68,0x8,0x7a,0x8f,0x3a,0xcf,0x35,0x58,0xcc,0xec,0x12,0x78,0x4,0x35,0x6,0xe,0xca,0xca,0x98,0x4c,0x8a,0xb6,0x18,0x23,0xfb,0xc8,0x18,0xd8,0xdd,0x34,0x28,0x25,0xb,0x86,0x9b,0xbb,0xe,0x5a,0x6e,0x37,0x79,0x8c,0xa5,0x3d,0xf9,0x1,0x43,0xb6,0x9,0xa1,0x5c,0x5,0x35,0xd3,0x70,0x2,0x13,0xa,0xd9,0x8b,0x9f,0x43,0xb7,0x9,0x6e,0x17,0x89,0xc,0x72,0x4d,0x82,0xd0,0x51,0xcd,0x98,0xa1,0x7c,0xe1,0x4d,0xee,0xa5,0x4c,0xb8,0x3b,0x5e,0x98,0x4f,0x88,0xc2,0xfd,0x16,0xbf,0xad,0x9,0xb6,0x1b,0x2,0x16,0x5c,0x52,0x57,0,0xa,0x76,0x6f,0xbd,0xe3,0x94,0x6e,0xdc,0x58,0xc6,0x6b,0x93,0xc0,0x7b,0xf2,0x87,0x65,0xf2,0x1f,0x79,0x58,0xe4,0xd3,0x16,0x56,0xd4,0,0x17,0xa4,0xec,0xc4,0x32,0x15,0x62,0x48,0x51,0xf6,0x20,0x96,0x11,0x9c,0x70,0x8b,0xa8,0xef,0xd1,0xc5,0x6e,0x36,0xc0,0xe7,0x85,0x52,0x98,0x85,0x7f,0xd3,0xab,0xf0,0xc,0x57,0x3,0xf6,0x74,0xe8,0x20,0x6f,0x88,0x41,0x1b,0x52,0xb3,0x2c,0x15,0x7f,0xcb,0x65,0xb8,0x21,0xaf,0x70,0xc8,0xdf,0x93,0xbe,0x83,0xcf,0x2f,0x2f,0xbb,0xb9,0x61,0x4a,0xeb,0xc7,0xac,0xa3,0xa4,0x85,0x97,0x44,0x83,0x8c,0x28,0xaf,0xa0,0x95,0,0x65,0xfd,0xe4,0x2f,0xaf,0x63,0x19,0x10,0xa7,0xc2,0x76,0x78,0x70,0x55,0x6a,0x66,0x4d,0xf6,0x31,0x28,0x8e,0x30,0xd0,0x3,0x3b,0xa2,0x62,0xa4,0x80,0x6b,0x7,0xb7,0x4e,0x9c,0x6c,0xdb,0x17,0x59,0xe5,0x6a,0x8e,0xa7,0xb1,0x24,0xe,0xe0,0xef,0xd2,0x56,0x43,0xa2,0x1,0xae,0x91,0x76,0xed,0xae,0xb1,0xc,0xfa,0x9a,0xe,0x46,0xfd,0x92,0x79,0xcc,0x5b,0x17,0x9e,0xfd,0x2b,0x58,0xb0,0xf1,0x64,0x43,0xef,0x87,0x4c,0xe8,0xa4,0xc6,0xfe,0x86,0x4d,0x4d,0xc4,0xdc,0x34,0x46,0x74,0x41,0xd0,0x58,0x5e,0xdd,0x6f,0xe0,0x55,0xe3,0x57,0x12,0x2d,0xdf,0x26,0x51,0xd4,0xc4,0,0xf9,0x19,0x2a,0x68,0x24,0x83,0x79,0x1b,0xb4,0x2a,0x12,0x86,0x7,0x63,0x6c,0x78,0xb3,0x78,0x47,0xbe,0x46,0x92,0xf2,0x3c,0xca,0x52,0x44,0x9,0x64,0xd4,0x35,0xe4,0x15,0xfc,0x1c,0x9c,0xa5,0x3b,0xf1,0xea,0xbc,0xcd,0x3d,0xf9,0xad,0x85,0x23,0xc0,0xe4,0x2c,0xc0,0x48,0x94,0xf,0x36,0xbc,0x89,0xc8,0xc6,0xe3,0x1b,0xd0,0x27,0x2d,0x35,0xbd,0xff,0xaa,0xbe,0x7a,0xb3,0x1e,0x9e,0xfb,0x79,0x93,0xa2,0x43,0x6d,0x1d,0x40,0x27,0x43,0xf1,0x71,0xb3,0xc4,0x38,0xed,0xdb,0x99,0x1e,0x82,0x6e,0xbc,0x17,0x1,0xdc,0x34,0xff,0xe5,0x7c,0x68,0x26,0x41,0x24,0xc4,0xfc,0x4d,0x9f,0x65,0x22,0x42,0xbd,0xe,0xee,0x95,0x9,0xe3,0x83,0x4c,0x5,0xf4,0x2c,0x3,0xd0,0x52,0x9e,0x63,0xf3,0x9c,0xb8,0xc2,0x49,0x86,0x91,0x83,0x82,0x4c,0x80,0x42,0x6e,0x9b,0xf,0xfa,0x85,0x54,0xf7,0xd0,0xe,0xbd,0x25,0xe6,0x98,0x1c,0x49,0x15,0xc,0xf0,0xa9,0x81,0x75,0xc6,0xd3,0x6b,0xbd,0x55,0x79,0xe9,0xbf,0xe8,0xcd,0xd7,0x5b,0xfd,0x57,0xc3,0xfe,0x18,0xd9,0xa7,0x8a,0xfd,0x5a,0xe0,0x7a,0x59,0x69,0x18,0x70,0xf,0xc2,0x44,0x55,0x10,0xba,0x6c,0x67,0xe4,0x77,0x36,0x6c,0xd7,0x60,0x9c,0x4a,0x52,0x3d,0xbe,0x26,0x6c,0x52,0xad,0x55,0xa9,0xa7,0xc1,0x4c,0x6,0x63,0xc7,0x88,0xc7,0xcb,0x27,0x3f,0x67,0x86,0x9a,0x4e,0x71,0,0x3a,0x8a,0xe7,0x32,0x5e,0x18,0x41,0x34,0x9a,0x5d,0xda,0x3b,0x56,0xcf,0xf2,0x58,0xc2,0xf3,0x8f,0x61,0x4d,0xa5,0xcb,0xe4,0x5f,0x1a,0xb7,0xba,0x34,0x27,0x5d,0xd9,0x65,0xfc,0x8a,0x70,0x91,0x5d,0xfd,0xb8,0xac,0x18,0xf9,0x7a,0x95,0xff,0xf2,0x82,0xaa,0xb2,0x2,0xb3,0xd7,0x69,0xf9,0xe8,0x75,0xf4,0x45,0xcc,0xb0,0x30,0x97,0x66,0xd7,0x85,0x9e,0xa9,0,0x88,0x1f,0xaf,0xee,0x98,0xf9,0xdf,0xcf,0x62,0x61,0xc3,0,0x84,0xad,0x92,0xf,0x14,0x81,0xb3,0x7b,0x7f,0x91,0xa1,0x24,0xe7,0xe9,0x2b,0xa3,0xf2,0x4f,0x32,0xd2,0xbf,0xeb,0x5f,0xde,0xf7,0x15,0xfd,0x47,0xab,0x51,0xf2,0,0x31,0x56,0x67,0xe8,0xdb,0xd4,0x77,0xe4,0xc8,0x3,0x22,0x4d,0x20,0xef,0x70,0x5c,0x57,0xd6,0x73,0xb2,0x3a,0x9d,0x9b,0xe9,0xc6,0x21,0xbb,0x9b,0xf6,0xee,0x4,0xe5,0x6c,0xae,0xc5,0x49,0x19,0xcc,0x3d,0x49,0xc8,0x25,0x89,0x96,0x7b,0x34,0xc1,0x6a,0xc0,0x13,0x6a,0x4c,0x14,0xf0,0xd1,0xf9,0xfa,0xe5,0xde,0x41,0xe0,0x49,0xcf,0xee,0x46,0xa2,0xfe,0x81,0xa5,0xe5,0x3c,0x8d,0xd8,0xb2,0x4f,0xfa,0x5c,0x3f,0x26,0xa8,0x5,0x2f,0x12,0x2e,0x13,0x84,0xe4,0x6,0x5d,0x8f,0xe2,0x97,0xe2,0xe9,0x92,0x46,0xbe,0xcd,0x94,0xf8,0xb8,0xb4,0x5f,0x5,0xff,0xa0,0x1d,0x9e,0x2f,0xe1,0x2b,0xc6,0x21,0x86,0x2e,0xe,0x2,0xbf,0x64,0x53,0x11,0xe0,0xd3,0xf8,0xe7,0xf9,0xab,0xe9,0xa5,0x22,0x83,0x74,0x69,0x79,0xb2,0x55,0xb,0x2d,0xef,0x77,0x1a,0x3c,0x60,0x17,0xf7,0x83,0x6f,0xc7,0x9e,0xa7,0x84,0xeb,0xe1,0x85,0x6e,0x65,0xfc,0xec,0x9d,0x21,0xb0,0x2b,0x91,0x4f,0x81,0xbb,0x2a,0x28,0xb1,0x72,0x43,0xe4,0xf5,0x5e,0x19,0x2d,0x51,0,0xb9,0xc7,0x9f,0xc6,0x2e,0x96,0xe9,0xc5,0x91,0xa9,0xa,0xcc,0xab,0xb,0x99,0x5f,0x67,0xc2,0xb3,0x23,0xd3,0xb9,0x35,0x9f,0xce,0x2c,0x26,0x78,0xf0,0x8d,0x61,0xf2,0x27,0x90,0x57,0x4c,0x82,0xa9,0xb0,0x98,0xf2,0xc6,0x1c,0x8a,0x5c,0x11,0x44,0xe9,0xa2,0x4d,0xf2,0x6d,0x9e,0x1b,0xfb,0xda,0xca,0x44,0x26,0xfb,0x18,0xaa,0xd1,0x71,0xeb,0x3d,0x9c,0xee,0xca,0x95,0xdf,0xe4,0xc9,0xe2,0x7c,0x5c,0x50,0xe5,0xdc,0x63,0x2c,0x49,0x2d,0x10,0x3e,0x15,0x3e,0xe5,0xd5,0x1a,0x1,0xfc,0x21,0x2c,0x21,0xf8,0xd3,0x15,0xb2,0xb7,0xb8,0x70,0xb4,0x68,0xaf])",/home/chris/Toward-verification-of-QUIC-extensions/installer/TVOQE/results/errors/client/local/quant-client-2/temp/149/quic_client_test_stream0.iev,0.0,0.0
201," /home/chris/TVOQE_UPGRADE_27/quic/quant/Debug/bin/client -c false -r 20 -l /home/chris/secret.log -q /home/chris/qlog_quant -t 3600 -v 5 -e 0xff00001d https://localhost:4443/index.html
",client,quic_client_test_accept_maxdata0,,,/home/chris/Toward-verification-of-QUIC-extensions/installer/TVOQE/results/errors/client/local/quant-client-2/temp/887/quic_client_test_accept_maxdata0.iev,0.0,1.0
202," /home/chris/TVOQE_UPGRADE_27/quic/quant/Debug/bin/client -c false -r 20 -l /home/chris/secret.log -q /home/chris/qlog_quant -t 3600 -v 5 -e 0xff00001d https://localhost:4443/index.html
",client,quic_client_test_tp_error0,,server_return_code(1)+timeout,/home/chris/Toward-verification-of-QUIC-extensions/installer/TVOQE/results/errors/client/local/quant-client-2/temp/396/quic_client_test_tp_error0.iev,0.0,0.0
203," /home/chris/TVOQE_UPGRADE_27/quic/quant/Debug/bin/client -c false -r 20 -l /home/chris/secret.log -q /home/chris/qlog_quant -t 3600 -v 5 -e 0xff00001d https://localhost:4443/index.html
",client,quic_client_test_tp_acticoid_error0,,"ivy_return_code(1)+assumption_failed(""quic_client_test_tp_acticoid_error.ivy: line 515"")",/home/chris/Toward-verification-of-QUIC-extensions/installer/TVOQE/results/errors/client/local/quant-client-2/temp/588/quic_client_test_tp_acticoid_error0.iev,0.0,0.0
204," /home/chris/TVOQE_UPGRADE_27/quic/quant/Debug/bin/client -c false -r 20 -l /home/chris/secret.log -q /home/chris/qlog_quant -t 3600 -v 5 -e 0xff00001d https://localhost:4443/index.html
",client,quic_client_test_blocked_streams_maxstream_error0,,"ivy_return_code(1)+assumption_failed(""quic_client_test_blocked_streams_maxstream_error.ivy: line 283"")",/home/chris/Toward-verification-of-QUIC-extensions/installer/TVOQE/results/errors/client/local/quant-client-2/temp/644/quic_client_test_blocked_streams_maxstream_error0.iev,0.0,0.0
205," /home/chris/TVOQE_UPGRADE_27/quic/quant/Debug/bin/client -c false -r 20 -l /home/chris/secret.log -q /home/chris/qlog_quant -t 3600 -v 5 -e 0xff00001d https://localhost:4443/index.html
",client,quic_client_test_tp_unkown0,,,/home/chris/Toward-verification-of-QUIC-extensions/installer/TVOQE/results/errors/client/local/quant-client-2/temp/1121/quic_client_test_tp_unkown0.iev,0.0,1.0
206," /home/chris/TVOQE_UPGRADE_27/quic/quant/Debug/bin/client -c false -r 20 -l /home/chris/secret.log -q /home/chris/qlog_quant -t 3600 -v 5 -e 0xff00001d https://localhost:4443/index.html
",client,quic_client_test_tp_unkown0,,,/home/chris/Toward-verification-of-QUIC-extensions/installer/TVOQE/results/errors/client/local/quant-client-2/temp/1198/quic_client_test_tp_unkown0.iev,0.0,1.0
207," /home/chris/TVOQE_UPGRADE_27/quic/quant/Debug/bin/client -c false -r 20 -l /home/chris/secret.log -q /home/chris/qlog_quant -t 3600 -v 5 -e 0xff00001d https://localhost:4443/index.html
",client,quic_client_test_double_tp_error0,,server_return_code(1)+ivy_return_code(1),/home/chris/Toward-verification-of-QUIC-extensions/installer/TVOQE/results/errors/client/local/quant-client-2/temp/450/quic_client_test_double_tp_error0.iev,0.0,0.0
208," /home/chris/TVOQE_UPGRADE_27/quic/quant/Debug/bin/client -c false -r 20 -l /home/chris/secret.log -q /home/chris/qlog_quant -t 3600 -v 5 -e 0xff00001d https://localhost:4443/index.html
",client,quic_client_test_unkown0,,server_return_code(1)+ivy_return_code(1),/home/chris/Toward-verification-of-QUIC-extensions/installer/TVOQE/results/errors/client/local/quant-client-2/temp/1051/quic_client_test_unkown0.iev,0.0,0.0
209," /home/chris/TVOQE_UPGRADE_27/quic/quant/Debug/bin/client -c false -r 20 -l /home/chris/secret.log -q /home/chris/qlog_quant -t 3600 -v 5 -e 0xff00001d https://localhost:4443/index.html
",client,quic_client_test_blocked_streams_maxstream_error0,,"ivy_return_code(1)+assumption_failed(""quic_client_test_blocked_streams_maxstream_error.ivy: line 283"")",/home/chris/Toward-verification-of-QUIC-extensions/installer/TVOQE/results/errors/client/local/quant-client-2/temp/628/quic_client_test_blocked_streams_maxstream_error0.iev,0.0,0.0
210," /home/chris/TVOQE_UPGRADE_27/quic/quant/Debug/bin/client -c false -r 20 -l /home/chris/secret.log -q /home/chris/qlog_quant -t 3600 -v 5 -e 0xff00001d https://localhost:4443/index.html
",client,quic_client_test_tp_error0,,server_return_code(1)+timeout,/home/chris/Toward-verification-of-QUIC-extensions/installer/TVOQE/results/errors/client/local/quant-client-2/temp/322/quic_client_test_tp_error0.iev,0.0,0.0
211," /home/chris/TVOQE_UPGRADE_27/quic/quant/Debug/bin/client -c false -r 20 -l /home/chris/secret.log -q /home/chris/qlog_quant -t 3600 -v 5 -e 0xff00001d https://localhost:4443/index.html
",client,quic_client_test_new_token_error0,,server_return_code(1)+ivy_return_code(1),/home/chris/Toward-verification-of-QUIC-extensions/installer/TVOQE/results/errors/client/local/quant-client-2/temp/1388/quic_client_test_new_token_error0.iev,0.0,0.0
212," /home/chris/TVOQE_UPGRADE_27/quic/quant/Debug/bin/client -c false -r 20 -l /home/chris/secret.log -q /home/chris/qlog_quant -t 3600 -v 5 -e 0xff00001d https://localhost:4443/index.html
",client,quic_client_test_new_token_error0,,server_return_code(1)+ivy_return_code(134),/home/chris/Toward-verification-of-QUIC-extensions/installer/TVOQE/results/errors/client/local/quant-client-2/temp/1341/quic_client_test_new_token_error0.iev,0.0,0.0
213," /home/chris/TVOQE_UPGRADE_27/quic/quant/Debug/bin/client -c false -r 20 -l /home/chris/secret.log -q /home/chris/qlog_quant -t 3600 -v 5 -e 0xff00001d https://localhost:4443/index.html
",client,quic_client_test_tp_error0,,server_return_code(1)+timeout,/home/chris/Toward-verification-of-QUIC-extensions/installer/TVOQE/results/errors/client/local/quant-client-2/temp/345/quic_client_test_tp_error0.iev,0.0,0.0
214," /home/chris/TVOQE_UPGRADE_27/quic/quant/Debug/bin/client -c false -r 20 -l /home/chris/secret.log -q /home/chris/qlog_quant -t 3600 -v 5 -e 0xff00001d https://localhost:4443/index.html
",client,quic_client_test_new_token_error0,,"ivy_return_code(1)+assumption_failed(""quic_client_test_new_token_error.ivy: line 517"")",/home/chris/Toward-verification-of-QUIC-extensions/installer/TVOQE/results/errors/client/local/quant-client-2/temp/1360/quic_client_test_new_token_error0.iev,0.0,0.0
215," /home/chris/TVOQE_UPGRADE_27/quic/quant/Debug/bin/client -c false -r 20 -l /home/chris/secret.log -q /home/chris/qlog_quant -t 3600 -v 5 -e 0xff00001d https://localhost:4443/index.html
",client,quic_client_test_unkown0,,server_return_code(1)+ivy_return_code(1),/home/chris/Toward-verification-of-QUIC-extensions/installer/TVOQE/results/errors/client/local/quant-client-2/temp/1018/quic_client_test_unkown0.iev,0.0,0.0
216," /home/chris/TVOQE_UPGRADE_27/quic/quant/Debug/bin/client -c false -r 20 -l /home/chris/secret.log -q /home/chris/qlog_quant -t 3600 -v 5 -e 0xff00001d https://localhost:4443/index.html
",client,quic_client_test_blocked_streams_maxstream_error0,,"ivy_return_code(1)+assumption_failed(""quic_client_test_blocked_streams_maxstream_error.ivy: line 283"")",/home/chris/Toward-verification-of-QUIC-extensions/installer/TVOQE/results/errors/client/local/quant-client-2/temp/668/quic_client_test_blocked_streams_maxstream_error0.iev,0.0,0.0
217," /home/chris/TVOQE_UPGRADE_27/quic/quant/Debug/bin/client -c false -r 20 -l /home/chris/secret.log -q /home/chris/qlog_quant -t 3600 -v 5 -e 0xff00001d https://localhost:4443/index.html
",client,quic_client_test_retirecoid_error0,,"ivy_return_code(1)+assumption_failed(""quic_client_test_retirecoid_error.ivy: line 276"")",/home/chris/Toward-verification-of-QUIC-extensions/installer/TVOQE/results/errors/client/local/quant-client-2/temp/773/quic_client_test_retirecoid_error0.iev,0.0,0.0
218," /home/chris/TVOQE_UPGRADE_27/quic/quant/Debug/bin/client -c false -r 20 -l /home/chris/secret.log -q /home/chris/qlog_quant -t 3600 -v 5 -e 0xff00001d https://localhost:4443/index.html
",client,quic_client_test_tp_unkown0,,,/home/chris/Toward-verification-of-QUIC-extensions/installer/TVOQE/results/errors/client/local/quant-client-2/temp/1153/quic_client_test_tp_unkown0.iev,0.0,1.0
219," /home/chris/TVOQE_UPGRADE_27/quic/quant/Debug/bin/client -c false -r 20 -l /home/chris/secret.log -q /home/chris/qlog_quant -t 3600 -v 5 -e 0xff00001d https://localhost:4443/index.html
",client,quic_client_test_tp_error0,,server_return_code(1)+timeout,/home/chris/Toward-verification-of-QUIC-extensions/installer/TVOQE/results/errors/client/local/quant-client-2/temp/398/quic_client_test_tp_error0.iev,0.0,0.0
220," /home/chris/TVOQE_UPGRADE_27/quic/quant/Debug/bin/client -c false -r 20 -l /home/chris/secret.log -q /home/chris/qlog_quant -t 3600 -v 5 -e 0xff00001d https://localhost:4443/index.html
",client,quic_client_test_stream0,,"timeout+< undecryptable_packet_event({protocol:udp,addr:0x7f000001,port:0x8d9a},{protocol:udp,addr:0x7f000001,port:0x115b},[0xc2,0xff,0,0,0x1d,0x11,0x10,0xdb,0x55,0xe4,0xb9,0x7a,0x1,0x95,0xb3,0xcc,0x33,0x13,0xfb,0x4c,0xd1,0x8d,0x3f,0x4,0xb2,0xdc,0xce,0x53,0,0x44,0x91,0x43,0x81,0x60,0xd5,0x61,0xc,0x20,0x3e,0x5b,0xc9,0x46,0xe7,0xd3,0x5d,0xad,0xbd,0x22,0xb,0xa1,0x3b,0x83,0x26,0xa1,0xbc,0xa2,0x18,0x8b,0xa5,0x85,0x50,0x77,0x7b,0x71,0x15,0x2b,0x2f,0x2e,0x80,0x92,0x24,0x3d,0x29,0xce,0x3c,0xd3,0xdc,0xc,0x7c,0xff,0x9e,0x31,0x3,0x92,0xba,0xfb,0x84,0x23,0x47,0xce,0xa9,0xad,0xef,0x6,0x6f,0xfe,0x63,0x8a,0xb9,0xed,0xe2,0x9,0x45,0x18,0x53,0xdf,0x62,0xfd,0xbd,0x77,0x7c,0xf1,0x75,0xf3,0x3,0x3a,0xc1,0x2,0x1e,0xcc,0x4c,0xc2,0x88,0x17,0x4f,0x4,0x75,0x94,0xbe,0xfa,0x84,0x20,0x9f,0xad,0x4,0x88,0x84,0x28,0x41,0xc,0x49,0x6a,0x5b,0xdc,0xe5,0xc8,0x97,0x21,0x75,0xab,0x48,0x23,0x24,0xb1,0x1c,0xd4,0xfc,0xa9,0x2d,0x16,0xdc,0xed,0x9e,0x38,0xb2,0xad,0xbc,0x74,0xfa,0x4d,0x70,0xf4,0x77,0xb,0xe9,0xbf,0xe7,0xf8,0x93,0x19,0xb1,0x4f,0x35,0xd0,0xa3,0xbe,0x26,0xa1,0xec,0x7a,0x16,0x32,0x7b,0x25,0xb,0x8c,0xf5,0x40,0x49,0x1c,0x30,0x11,0x1a,0x18,0x91,0xe8,0x27,0xb,0x6,0x6,0x32,0xb2,0xce,0x64,0xf3,0x57,0xde,0x54,0x47,0x18,0x97,0x3b,0xd8,0xc2,0x86,0x1b,0x8c,0xd7,0x9d,0xa6,0xec,0xac,0x6a,0x29,0x5d,0x2b,0x8a,0xb5,0x68,0x55,0xef,0x3a,0x81,0x1c,0xb2,0x3d,0x4b,0x26,0xd1,0x5e,0x6b,0x84,0x8a,0x63,0x42,0x3a,0x76,0x16,0xe1,0x1e,0x2c,0x4a,0x4c,0x3b,0x1,0xf7,0x53,0xa1,0xe1,0x6,0x31,0xae,0xf6,0x5e,0x21,0xe1,0x82,0xe5,0xfd,0x8d,0x3c,0xa3,0xea,0x90,0xe3,0x27,0xd0,0xe0,0xc0,0xf4,0x8b,0x2f,0x44,0xd4,0xf,0x77,0x88,0x86,0xb0,0x6b,0xac,0x9b,0x9d,0x61,0x52,0xc7,0xf2,0x2a,0xb6,0x82,0x7c,0x9d,0x51,0xee,0xa,0xd9,0x36,0x1b,0x22,0x64,0xa5,0xe5,0xf4,0xf3,0xc3,0x72,0x4,0x12,0x92,0xe3,0xc9,0xca,0x80,0xbe,0xb9,0x23,0x9f,0x1b,0x17,0xe3,0x6f,0xf2,0x88,0xe7,0xeb,0x1b,0x41,0x39,0xeb,0x24,0x74,0xc0,0xca,0xcd,0x4a,0xbb,0xea,0x6f,0x70,0xfc,0x81,0xf4,0xc4,0x7c,0x76,0x39,0x2d,0xaa,0xb,0x6f,0xc5,0xd4,0x4c,0x84,0xc,0x8d,0xcd,0x83,0x60,0x9d,0x3c,0x50,0x1c,0x5e,0x1e,0x6e,0x44,0x33,0x26,0x1f,0xb2,0x58,0x72,0x7e,0x9d,0x4d,0x19,0x69,0x35,0x24,0x60,0x5d,0x2d,0x9b,0xd4,0x3,0x62,0x23,0x8e,0x77,0x24,0xf5,0x81,0x28,0x12,0x23,0x66,0xad,0xa0,0xc4,0x4d,0x47,0x83,0xcb,0x5c,0x9f,0x25,0x93,0x49,0xba,0x8f,0xc0,0xd5,0x15,0x89,0xac,0x3c,0x7,0xf7,0xeb,0xe6,0xa,0x71,0x42,0x22,0x2,0x81,0x3c,0xb5,0xf0,0x99,0xb,0xb6,0x46,0x3f,0x56,0x27,0x5d,0xe7,0xf7,0x4e,0x16,0x6,0xee,0xa8,0x7,0x74,0x40,0x20,0xee,0x86,0x53,0xa6,0x1f,0x9,0x96,0x9a,0xa2,0x57,0xd2,0xcb,0xd9,0x85,0x59,0xd1,0x29,0x48,0x16,0x28,0x26,0x62,0xbd,0x47,0xe5,0x64,0x4,0xcb,0x48,0x7e,0xfd,0xcd,0xb7,0xa1,0x37,0x17,0x8d,0xd5,0x1b,0xe9,0x64,0xcf,0xd2,0xdf,0x93,0xbf,0xf9,0xb3,0xb7,0x34,0xa2,0x9e,0x5,0xb9,0xe0,0x7b,0x63,0xf7,0xfd,0xa5,0xc8,0xf7,0x9e,0x16,0xde,0x53,0x7b,0x2a,0x1a,0xf6,0x8d,0xdc,0x2c,0x44,0x48,0x7c,0xe2,0x69,0x44,0xe7,0x14,0x50,0x3c,0x29,0x22,0x1b,0x5f,0xb5,0x7,0xec,0xc3,0x9b,0xab,0xfb,0x8a,0xd3,0xd,0x45,0x44,0xd8,0x11,0x25,0x28,0x58,0x73,0xc4,0xcd,0x6,0x25,0x58,0x32,0x44,0x25,0xcf,0x13,0x9f,0x27,0x90,0xbd,0x61,0x85,0x4f,0x4e,0xd0,0x4f,0xaf,0xfb,0xb9,0x21,0xe3,0x4c,0x36,0xf3,0x2c,0xbd,0xd,0xcd,0x3a,0x88,0xbf,0x24,0x88,0xbd,0x7d,0xc7,0xa0,0xb6,0xf6,0x93,0xb1,0x2e,0xa6,0x3d,0x9e,0xf1,0x16,0x55,0x80,0xbd,0xe8,0xcc,0x36,0x63,0xfa,0x64,0x3c,0x91,0xdf,0x12,0xf7,0x9b,0xac,0x84,0x62,0xe1,0x17,0xf9,0x64,0x77,0x68,0x5c,0xc5,0xec,0x4e,0x75,0xf0,0x5b,0x62,0xae,0xc6,0xc9,0xf,0x88,0x9f,0xb9,0xf0,0xf4,0x68,0x2e,0x5d,0xdf,0x8c,0x49,0x78,0x79,0xbd,0x7e,0x80,0xd,0x6c,0x30,0xc2,0xc8,0x47,0xb0,0x8a,0x22,0x5e,0xd7,0x56,0xba,0xda,0xf8,0x9,0xf5,0x6d,0x3d,0x93,0x99,0x6b,0xa8,0x1e,0x7d,0x4e,0x58,0xd5,0x36,0x96,0x6,0xcc,0xdc,0xd5,0x44,0xd1,0xbc,0x83,0x8e,0x54,0x85,0xaf,0xae,0xf9,0xbf,0xc6,0x63,0x52,0x8d,0x13,0x74,0xaa,0xb3,0xa8,0x92,0x65,0xbe,0x4a,0x66,0x7d,0x1b,0x14,0x12,0x6e,0x5c,0x48,0x3a,0x12,0x4,0x5f,0x4e,0x23,0xe6,0xb6,0x86,0x4d,0x9c,0xf2,0xba,0x11,0xf1,0x23,0xb5,0xd0,0x33,0xcb,0xb5,0xe5,0x56,0x54,0xaf,0x22,0xb,0xb4,0xaf,0x26,0x33,0x2c,0x4b,0xa9,0x7b,0x8d,0xad,0x51,0xc9,0x45,0x1,0xde,0x27,0x40,0x81,0xa8,0xf0,0x5f,0xcf,0x6e,0xf2,0x64,0xa4,0x9d,0x59,0x8d,0x8f,0xaf,0xca,0x1,0x51,0x10,0x86,0x93,0x44,0x7a,0xcd,0x64,0xd0,0x7d,0xd2,0x71,0x3b,0x45,0xd2,0x29,0x4,0xa1,0x59,0x75,0xba,0x83,0xd2,0xf0,0xe0,0xdc,0x52,0x1b,0x9,0x62,0xcb,0x9,0x87,0xf0,0x93,0x11,0xd2,0x5d,0xe5,0x3b,0xab,0x9f,0x1,0xce,0xc,0xaa,0x3e,0xe0,0x86,0xdc,0xe7,0xa7,0x8e,0x1,0x3f,0xca,0,0xf7,0x92,0xfe,0x2e,0x55,0x56,0xb7,0xa2,0xac,0x83,0xe4,0xfb,0x73,0x99,0x6a,0xa,0x83,0x8b,0xcb,0xd3,0x59,0x1b,0x2a,0xc8,0xcf,0xb2,0x7d,0x9c,0xce,0x44,0x34,0x7c,0xed,0x9b,0x54,0xfc,0x60,0x69,0x6e,0x72,0xbb,0x2d,0x97,0x61,0x36,0x2b,0x1f,0xd5,0xcb,0x52,0xda,0xfa,0xf1,0xd6,0xd3,0xdf,0x57,0x80,0x7f,0x69,0x5a,0x8f,0xb1,0x81,0xe2,0xf,0xe7,0xbb,0xcc,0x57,0x18,0x4,0x2b,0xd9,0x4b,0x61,0x91,0x65,0xd9,0xe3,0xce,0x2a,0x22,0xc3,0x28,0x78,0x94,0x95,0x35,0xd3,0x71,0x27,0xb8,0xef,0x62,0x3e,0xb9,0xa,0x30,0x53,0x19,0xd5,0x59,0x94,0x3f,0xc8,0x5b,0x6,0x54,0xf6,0x80,0x57,0xb6,0x9a,0x35,0x4b,0xa4,0x2,0x32,0x2a,0x95,0x26,0x61,0x3e,0x11,0x88,0x1a,0xd6,0xf0,0x71,0x36,0xb0,0xa7,0x49,0xf4,0xf,0xba,0x55,0x98,0xfd,0x7a,0x7,0x5f,0x3a,0xa4,0x37,0xd8,0xf7,0xaa,0x57,0x2c,0x4d,0x18,0xa3,0x56,0x45,0xbc,0x4a,0x6b,0xc7,0x1f,0x63,0x3d,0x5a,0x4c,0x3e,0xf2,0x76,0xad,0xd5,0x86,0x50,0xa1,0xb1,0xd7,0xeb,0xd6,0x14,0x31,0x21,0x93,0x8f,0x57,0x9a,0xf0,0xea,0x6e,0x3c,0x1a,0x1e,0x5d,0xcb,0x36,0xbe,0x5d,0x5c,0x87,0x67,0x92,0x8e,0xd3,0x81,0x8c,0x53,0x72,0x95,0xf8,0xb3,0x9b,0,0xe,0xf3,0xda,0x1,0x36,0x93,0xbb,0xc6,0x94,0xc3,0x29,0x44,0x66,0xf7,0xb3,0x77,0x73,0x79,0x68,0x8a,0x37,0x84,0xe0,0xd7,0x9b,0xbc,0x4e,0x47,0xba,0xeb,0x28,0x57,0x91,0x22,0xf0,0x71,0xcf,0x56,0xac,0x6f,0x33,0x89,0xaa,0x60,0xdb,0x78,0x76,0x4a,0x30,0x16,0x35,0xd9,0x5b,0xc8,0x1b,0xa8,0x78,0x69,0x6f,0xd2,0x1c,0x5b,0x68,0x68,0xdf,0x8,0x6,0x50,0xb3,0xa1,0xde,0x30,0x7c,0xdf,0x22,0x35,0xa4,0xbf,0xc0,0xc3,0xe3,0x38,0xe3,0x21,0xdd,0xb5,0x85,0x59,0xf6,0xef,0xa,0x5d,0x9a,0x64,0xfb,0x1,0xa6,0x6c,0x4c,0x3a,0xaf,0xa6,0xd4,0xf0,0xe,0x4f,0xf4,0x40,0xe1,0x8c,0x7a,0xd5,0x68,0x1b,0x9f,0x4f,0x92,0xfb,0x8d,0x46,0xbc,0xb4,0x5a,0xa7,0xd9,0x81,0xc1,0xcf,0xdf,0x50])",/home/chris/Toward-verification-of-QUIC-extensions/installer/TVOQE/results/errors/client/local/quant-client-2/temp/132/quic_client_test_stream0.iev,0.0,0.0
221," /home/chris/TVOQE_UPGRADE_27/quic/quant/Debug/bin/client -c false -r 20 -l /home/chris/secret.log -q /home/chris/qlog_quant -t 3600 -v 5 -e 0xff00001d https://localhost:4443/index.html
",client,quic_client_test_new_token_error0,,server_return_code(1)+test_completed,/home/chris/Toward-verification-of-QUIC-extensions/installer/TVOQE/results/errors/client/local/quant-client-2/temp/1348/quic_client_test_new_token_error0.iev,0.0,0.0
222," /home/chris/TVOQE_UPGRADE_27/quic/quant/Debug/bin/client -c false -r 20 -l /home/chris/secret.log -q /home/chris/qlog_quant -t 3600 -v 5 -e 0xff00001d https://localhost:4443/index.html
",client,quic_client_test_tp_acticoid_error0,,,/home/chris/Toward-verification-of-QUIC-extensions/installer/TVOQE/results/errors/client/local/quant-client-2/temp/537/quic_client_test_tp_acticoid_error0.iev,0.0,1.0
223," /home/chris/TVOQE_UPGRADE_27/quic/quant/Debug/bin/client -c false -r 20 -l /home/chris/secret.log -q /home/chris/qlog_quant -t 3600 -v 5 -e 0xff00001d https://localhost:4443/index.html
",client,quic_client_test_tp_acticoid_error0,,,/home/chris/Toward-verification-of-QUIC-extensions/installer/TVOQE/results/errors/client/local/quant-client-2/temp/562/quic_client_test_tp_acticoid_error0.iev,0.0,1.0
224," /home/chris/TVOQE_UPGRADE_27/quic/quant/Debug/bin/client -c false -r 20 -l /home/chris/secret.log -q /home/chris/qlog_quant -t 3600 -v 5 -e 0xff00001d https://localhost:4443/index.html
",client,quic_client_test_retirecoid_error0,,"ivy_return_code(1)+assumption_failed(""quic_client_test_retirecoid_error.ivy: line 276"")",/home/chris/Toward-verification-of-QUIC-extensions/installer/TVOQE/results/errors/client/local/quant-client-2/temp/770/quic_client_test_retirecoid_error0.iev,0.0,0.0
225," /home/chris/TVOQE_UPGRADE_27/quic/quant/Debug/bin/client -c false -r 20 -l /home/chris/secret.log -q /home/chris/qlog_quant -t 3600 -v 5 -e 0xff00001d https://localhost:4443/index.html
",client,quic_client_test_ext_min_ack_delay0,,,/home/chris/Toward-verification-of-QUIC-extensions/installer/TVOQE/results/errors/client/local/quant-client-2/temp/233/quic_client_test_ext_min_ack_delay0.iev,0.0,1.0
226," /home/chris/TVOQE_UPGRADE_27/quic/quant/Debug/bin/client -c false -r 20 -l /home/chris/secret.log -q /home/chris/qlog_quant -t 3600 -v 5 -e 0xff00001d https://localhost:4443/index.html
",client,quic_client_test_tp_prefadd_error0,,"ivy_return_code(1)+assumption_failed(""quic_client_test_tp_prefadd_error.ivy: line 518"")",/home/chris/Toward-verification-of-QUIC-extensions/installer/TVOQE/results/errors/client/local/quant-client-2/temp/911/quic_client_test_tp_prefadd_error0.iev,0.0,0.0
227," /home/chris/TVOQE_UPGRADE_27/quic/quant/Debug/bin/client -c false -r 20 -l /home/chris/secret.log -q /home/chris/qlog_quant -t 3600 -v 5 -e 0xff00001d https://localhost:4443/index.html
",client,quic_client_test_max0,,,/home/chris/Toward-verification-of-QUIC-extensions/installer/TVOQE/results/errors/client/local/quant-client-2/temp/66/quic_client_test_max0.iev,0.0,1.0
228," /home/chris/TVOQE_UPGRADE_27/quic/quant/Debug/bin/client -c false -r 20 -l /home/chris/secret.log -q /home/chris/qlog_quant -t 3600 -v 5 -e 0xff00001d https://localhost:4443/index.html
",client,quic_client_test_unkown0,,"ivy_return_code(1)+assumption_failed(""quic_client_test_unkown.ivy: line 513"")",/home/chris/Toward-verification-of-QUIC-extensions/installer/TVOQE/results/errors/client/local/quant-client-2/temp/1069/quic_client_test_unkown0.iev,0.0,0.0
229," /home/chris/TVOQE_UPGRADE_27/quic/quant/Debug/bin/client -c false -r 20 -l /home/chris/secret.log -q /home/chris/qlog_quant -t 3600 -v 5 -e 0xff00001d https://localhost:4443/index.html
",client,quic_client_test_unkown0,,server_return_code(1)+ivy_return_code(1),/home/chris/Toward-verification-of-QUIC-extensions/installer/TVOQE/results/errors/client/local/quant-client-2/temp/1022/quic_client_test_unkown0.iev,0.0,0.0
230," /home/chris/TVOQE_UPGRADE_27/quic/quant/Debug/bin/client -c false -r 20 -l /home/chris/secret.log -q /home/chris/qlog_quant -t 3600 -v 5 -e 0xff00001d https://localhost:4443/index.html
",client,quic_client_test_tp_prefadd_error0,,server_return_code(1)+ivy_return_code(1),/home/chris/Toward-verification-of-QUIC-extensions/installer/TVOQE/results/errors/client/local/quant-client-2/temp/986/quic_client_test_tp_prefadd_error0.iev,0.0,0.0
231," /home/chris/TVOQE_UPGRADE_27/quic/quant/Debug/bin/client -c false -r 20 -l /home/chris/secret.log -q /home/chris/qlog_quant -t 3600 -v 5 -e 0xff00001d https://localhost:4443/index.html
",client,quic_client_test_tp_prefadd_error0,,server_return_code(1)+ivy_return_code(1),/home/chris/Toward-verification-of-QUIC-extensions/installer/TVOQE/results/errors/client/local/quant-client-2/temp/932/quic_client_test_tp_prefadd_error0.iev,0.0,0.0
232," /home/chris/TVOQE_UPGRADE_27/quic/quant/Debug/bin/client -c false -r 20 -l /home/chris/secret.log -q /home/chris/qlog_quant -t 3600 -v 5 -e 0xff00001d https://localhost:4443/index.html
",client,quic_client_test_tp_unkown0,,,/home/chris/Toward-verification-of-QUIC-extensions/installer/TVOQE/results/errors/client/local/quant-client-2/temp/1110/quic_client_test_tp_unkown0.iev,0.0,1.0
233," /home/chris/TVOQE_UPGRADE_27/quic/quant/Debug/bin/client -c false -r 20 -l /home/chris/secret.log -q /home/chris/qlog_quant -t 3600 -v 5 -e 0xff00001d https://localhost:4443/index.html
",client,quic_client_test_max0,,,/home/chris/Toward-verification-of-QUIC-extensions/installer/TVOQE/results/errors/client/local/quant-client-2/temp/35/quic_client_test_max0.iev,0.0,1.0
234," /home/chris/TVOQE_UPGRADE_27/quic/quant/Debug/bin/client -c false -r 20 -l /home/chris/secret.log -q /home/chris/qlog_quant -t 3600 -v 5 -e 0xff00001d https://localhost:4443/index.html
",client,quic_client_test_ext_min_ack_delay0,,,/home/chris/Toward-verification-of-QUIC-extensions/installer/TVOQE/results/errors/client/local/quant-client-2/temp/253/quic_client_test_ext_min_ack_delay0.iev,0.0,1.0
235," /home/chris/TVOQE_UPGRADE_27/quic/quant/Debug/bin/client -c false -r 20 -l /home/chris/secret.log -q /home/chris/qlog_quant -t 3600 -v 5 -e 0xff00001d https://localhost:4443/index.html
",client,quic_client_test_max0,,"ivy_return_code(1)+assumption_failed(""quic_client_test.ivy: line 310"")",/home/chris/Toward-verification-of-QUIC-extensions/installer/TVOQE/results/errors/client/local/quant-client-2/temp/27/quic_client_test_max0.iev,0.0,0.0
236," /home/chris/TVOQE_UPGRADE_27/quic/quant/Debug/bin/client -c false -r 20 -l /home/chris/secret.log -q /home/chris/qlog_quant -t 3600 -v 5 -e 0xff00001d https://localhost:4443/index.html
",client,quic_client_test_unkown0,,server_return_code(1)+ivy_return_code(1),/home/chris/Toward-verification-of-QUIC-extensions/installer/TVOQE/results/errors/client/local/quant-client-2/temp/1032/quic_client_test_unkown0.iev,0.0,0.0
237," /home/chris/TVOQE_UPGRADE_27/quic/quant/Debug/bin/client -c false -r 20 -l /home/chris/secret.log -q /home/chris/qlog_quant -t 3600 -v 5 -e 0xff00001d https://localhost:4443/index.html
",client,quic_client_test_unkown0,,server_return_code(1)+ivy_return_code(1),/home/chris/Toward-verification-of-QUIC-extensions/installer/TVOQE/results/errors/client/local/quant-client-2/temp/1087/quic_client_test_unkown0.iev,0.0,0.0
238," /home/chris/TVOQE_UPGRADE_27/quic/quant/Debug/bin/client -c false -r 20 -l /home/chris/secret.log -q /home/chris/qlog_quant -t 3600 -v 5 -e 0xff00001d https://localhost:4443/index.html
",client,quic_client_test_new_token_error0,,server_return_code(1)+ivy_return_code(134),/home/chris/Toward-verification-of-QUIC-extensions/installer/TVOQE/results/errors/client/local/quant-client-2/temp/1312/quic_client_test_new_token_error0.iev,0.0,0.0
239," /home/chris/TVOQE_UPGRADE_27/quic/quant/Debug/bin/client -c false -r 20 -l /home/chris/secret.log -q /home/chris/qlog_quant -t 3600 -v 5 -e 0xff00001d https://localhost:4443/index.html
",client,quic_client_test_new_token_error0,,server_return_code(1)+ivy_return_code(134),/home/chris/Toward-verification-of-QUIC-extensions/installer/TVOQE/results/errors/client/local/quant-client-2/temp/1310/quic_client_test_new_token_error0.iev,0.0,0.0
240," /home/chris/TVOQE_UPGRADE_27/quic/quant/Debug/bin/client -c false -r 20 -l /home/chris/secret.log -q /home/chris/qlog_quant -t 3600 -v 5 -e 0xff00001d https://localhost:4443/index.html
",client,quic_client_test_blocked_streams_maxstream_error0,,"ivy_return_code(1)+assumption_failed(""quic_client_test_blocked_streams_maxstream_error.ivy: line 283"")",/home/chris/Toward-verification-of-QUIC-extensions/installer/TVOQE/results/errors/client/local/quant-client-2/temp/610/quic_client_test_blocked_streams_maxstream_error0.iev,0.0,0.0
241," /home/chris/TVOQE_UPGRADE_27/quic/quant/Debug/bin/client -c false -r 20 -l /home/chris/secret.log -q /home/chris/qlog_quant -t 3600 -v 5 -e 0xff00001d https://localhost:4443/index.html
",client,quic_client_test_tp_acticoid_error0,,"ivy_return_code(1)+assumption_failed(""quic_client_test_tp_acticoid_error.ivy: line 515"")",/home/chris/Toward-verification-of-QUIC-extensions/installer/TVOQE/results/errors/client/local/quant-client-2/temp/571/quic_client_test_tp_acticoid_error0.iev,0.0,0.0
242," /home/chris/TVOQE_UPGRADE_27/quic/quant/Debug/bin/client -c false -r 20 -l /home/chris/secret.log -q /home/chris/qlog_quant -t 3600 -v 5 -e 0xff00001d https://localhost:4443/index.html
",client,quic_client_test_blocked_streams_maxstream_error0,,"ivy_return_code(1)+assumption_failed(""quic_client_test_blocked_streams_maxstream_error.ivy: line 283"")",/home/chris/Toward-verification-of-QUIC-extensions/installer/TVOQE/results/errors/client/local/quant-client-2/temp/621/quic_client_test_blocked_streams_maxstream_error0.iev,0.0,0.0
243," /home/chris/TVOQE_UPGRADE_27/quic/quant/Debug/bin/client -c false -r 20 -l /home/chris/secret.log -q /home/chris/qlog_quant -t 3600 -v 5 -e 0xff00001d https://localhost:4443/index.html
",client,quic_client_test_stream0,,,/home/chris/Toward-verification-of-QUIC-extensions/installer/TVOQE/results/errors/client/local/quant-client-2/temp/168/quic_client_test_stream0.iev,0.0,1.0
244," /home/chris/TVOQE_UPGRADE_27/quic/quant/Debug/bin/client -c false -r 20 -l /home/chris/secret.log -q /home/chris/qlog_quant -t 3600 -v 5 -e 0xff00001d https://localhost:4443/index.html
",client,quic_client_test_stream0,,"timeout+< undecryptable_packet_event({protocol:udp,addr:0x7f000001,port:0xc81e},{protocol:udp,addr:0x7f000001,port:0x115b},[0xca,0xff,0,0,0x1d,0x11,0x6b,0x9,0x92,0xc2,0xdb,0x1,0xd0,0x45,0xfb,0x90,0x87,0x6a,0x42,0x23,0x14,0xd6,0xd1,0x4,0x7d,0xeb,0xed,0x36,0,0x44,0x91,0x2d,0xd8,0xcc,0xcf,0xbb,0x8b,0x97,0x81,0x38,0xbd,0xd1,0xb,0x82,0x30,0xc7,0x69,0x47,0x9c,0x5a,0x9f,0x8c,0x78,0xf6,0xee,0xe4,0x1f,0x49,0x86,0x56,0xb,0xd2,0x52,0x98,0x96,0xd5,0x55,0x47,0x5b,0x3f,0x74,0x8,0x81,0x7,0xb0,0x50,0xac,0x6d,0x25,0x2e,0x6f,0x67,0xcc,0x86,0x68,0x1e,0xb4,0x3c,0xee,0x29,0x1b,0x90,0xb8,0x40,0x60,0x97,0x93,0xff,0x34,0x39,0xb7,0x57,0x95,0xff,0x14,0xe9,0x2c,0xac,0xa5,0xdc,0x45,0x21,0x39,0x94,0x4d,0x38,0xc2,0x39,0x86,0x9e,0x1a,0x32,0xd4,0x3c,0x62,0xde,0xb6,0x8b,0xc9,0x77,0x26,0x46,0xbe,0x2a,0x63,0x50,0x47,0xf1,0xb2,0xbd,0x46,0x5d,0x75,0x34,0xca,0xc3,0x8f,0x5f,0xcb,0xe4,0x5d,0x7d,0xb7,0x5a,0x62,0xc6,0x4d,0x93,0x5d,0x24,0x8d,0x7c,0xe9,0x72,0x72,0x1c,0x35,0x28,0xf5,0x6b,0x34,0x95,0x61,0x4d,0xee,0xc3,0xef,0xd7,0x97,0x87,0x73,0x85,0xf7,0xd5,0x5d,0x39,0x6b,0xeb,0xc4,0x98,0x7d,0x7c,0x21,0x86,0xb0,0x14,0xaf,0xee,0x80,0x92,0x15,0x2,0x87,0x73,0xc1,0x1a,0xec,0x13,0x63,0x3a,0x7d,0xee,0x29,0x10,0xa6,0x86,0x4b,0xb1,0xc1,0x7a,0x4d,0x5,0x43,0x11,0xb8,0xdb,0x2e,0x3,0xeb,0xe8,0xfc,0xba,0x3d,0x14,0x36,0x98,0xc2,0x5b,0xfc,0xf9,0xe6,0x61,0xde,0x4,0x7a,0xdb,0x69,0x36,0x1,0x57,0x8f,0x4,0xc1,0xa3,0x7c,0xea,0xbd,0x37,0x6d,0xbd,0xca,0x37,0xf,0xaa,0xe6,0xff,0x46,0x2d,0x78,0x14,0x4e,0xea,0x76,0xd9,0x11,0x33,0x4f,0xe6,0x38,0xb,0xaf,0xd9,0x76,0x78,0xfa,0x94,0x8d,0xaa,0xf0,0x87,0x2c,0x94,0x83,0x38,0x63,0x90,0x7e,0x1f,0x1c,0x2a,0x63,0x36,0xe2,0xf3,0xcf,0xe,0x60,0x21,0x8d,0xc,0xb1,0xde,0xb1,0xf1,0x2c,0xd6,0x7b,0x98,0xb6,0x4c,0x6e,0x32,0x2c,0xc6,0x74,0x44,0x45,0xd0,0x7d,0x72,0x8e,0x63,0x1f,0xd,0x8c,0x65,0xba,0x23,0xf6,0xfc,0x86,0xf4,0x2a,0xe5,0xcb,0x9c,0xad,0xc0,0x67,0xf,0xf7,0xdd,0x59,0x62,0x28,0xf0,0x69,0xd3,0xd3,0xb0,0x35,0x3c,0x43,0x84,0x24,0x9c,0x43,0xfb,0x89,0x6c,0xcd,0x2d,0x4a,0xe1,0x9d,0xf5,0x3e,0x75,0x20,0,0x5d,0xa7,0x55,0x52,0xa3,0x62,0x33,0x79,0x59,0x18,0xf,0x7,0x24,0xb,0x8c,0x84,0x18,0x3b,0x3,0x4d,0xb0,0x21,0xe8,0xb8,0x94,0xab,0x16,0x72,0x5a,0x18,0x70,0x9a,0x47,0x19,0xcf,0xc1,0xf4,0x42,0xda,0xc5,0xd4,0x3a,0xdf,0x96,0x4,0x61,0x49,0xf3,0xf6,0x42,0x84,0x2e,0x16,0xbc,0x73,0x71,0x31,0xc6,0x79,0xe5,0xdb,0x69,0x31,0xf2,0x29,0xab,0xd8,0xe4,0x52,0xb5,0x2c,0x8e,0x96,0x38,0x3b,0x1b,0x44,0x12,0x98,0x7f,0xef,0xce,0xa8,0xae,0x91,0x41,0x49,0xe2,0xdd,0x7c,0x6e,0xf3,0x7,0xea,0xb2,0x34,0x94,0x6b,0xdf,0x87,0x21,0x42,0x30,0x6a,0x3f,0x46,0x3f,0x9a,0x75,0x3e,0x4a,0xda,0x68,0x2a,0x79,0x97,0xc4,0x56,0x24,0x3f,0x7d,0x73,0xd6,0xe8,0xad,0xf6,0x94,0x88,0x61,0x76,0x1e,0xdb,0xa5,0xc7,0xd4,0xdd,0x34,0xf3,0x30,0x6f,0xd3,0x8d,0x8,0x93,0x3f,0x30,0x61,0xe,0x82,0x26,0x23,0x4d,0x3e,0x46,0x91,0xb9,0xf8,0xdd,0x20,0x42,0xf7,0xb8,0x8a,0x9c,0,0xf8,0x4,0xfd,0x25,0xc3,0xec,0xcf,0x77,0xaf,0xd7,0x92,0x65,0x8f,0xf1,0x7b,0x4e,0xd6,0x46,0xec,0xc0,0x4b,0x62,0xda,0x34,0x5c,0x6f,0x1d,0xc7,0x7d,0x60,0x65,0xa9,0x9b,0x9,0x14,0xf6,0xf5,0x56,0xf,0x81,0x4c,0xe2,0x4f,0xfc,0xf5,0x23,0x2e,0xe3,0x74,0xc8,0x44,0x42,0x4a,0xc9,0x7c,0x8e,0x4d,0x3,0xc1,0x68,0x2c,0x4f,0xf6,0x93,0xc9,0xdb,0x98,0x9b,0x93,0xa0,0x7e,0xc0,0x27,0x62,0x2e,0x52,0x19,0x25,0x68,0x9a,0x3f,0x76,0xc4,0xbc,0x3b,0x4b,0x8,0x67,0x60,0xff,0x45,0xc1,0x97,0xff,0x2,0x2c,0x12,0x67,0xe1,0x7c,0x1,0x3a,0x7a,0x2a,0xa4,0x65,0xe0,0x1e,0x97,0xaa,0x71,0x6e,0x75,0xa4,0x1b,0xea,0x18,0xde,0x5b,0x86,0x35,0xd4,0x1,0xb7,0x28,0xa3,0x39,0x7f,0x4f,0x8c,0x56,0,0xbb,0xa6,0xbf,0xfe,0xb9,0xa7,0x54,0xca,0x54,0x1f,0xe6,0xc5,0x9e,0xc7,0x50,0x5e,0xfd,0xd1,0xf7,0xda,0x9f,0x1d,0x59,0x44,0xf6,0x6d,0xe1,0x27,0x2c,0x67,0xfb,0xcf,0xe2,0x4e,0xbe,0xdf,0x2f,0xc9,0x78,0x56,0xf3,0x28,0xf1,0x20,0xff,0xe5,0x12,0x49,0xf5,0xe,0x3b,0xff,0xa7,0xdb,0xa6,0x63,0xb5,0x76,0x2f,0xcd,0x13,0xd8,0xd3,0x47,0xba,0xda,0xc1,0xaf,0x17,0x73,0x6c,0xb3,0x12,0x95,0x9,0x59,0xb4,0xde,0xe5,0xbc,0xb2,0x3c,0xfc,0xa8,0x89,0xb,0x3a,0xa4,0x78,0x26,0x68,0x37,0xff,0x6f,0x16,0x7d,0x8b,0x93,0x34,0x30,0x85,0xa2,0x5c,0x1d,0xa3,0x73,0xb,0xd4,0xb6,0x5,0x53,0x36,0x26,0xf2,0x4,0xd2,0xf9,0x7,0x6,0x8a,0xc,0x59,0x39,0x5d,0xcf,0x44,0x20,0xa8,0x41,0xb1,0xff,0xad,0x65,0x9d,0xd2,0x67,0x4a,0x8,0x1,0xa1,0xed,0xdd,0x72,0xa6,0x1e,0x5f,0x66,0xbd,0x5d,0x76,0x2b,0xf0,0xfb,0xbe,0xb6,0xfa,0xdb,0x91,0x33,0xcf,0xd0,0xef,0x96,0xa,0xe8,0x2,0xd4,0xc3,0xc9,0xa1,0x40,0x4e,0x3b,0x14,0xfc,0xd1,0x85,0x8e,0xab,0xf3,0x69,0x5f,0x1,0x4c,0xf4,0x1d,0xe1,0x5d,0xb7,0xe,0x5b,0xfc,0x9d,0xa1,0xad,0xd4,0xfa,0x3c,0x13,0x82,0x82,0x31,0xc0,0x7b,0x31,0x99,0x9e,0xeb,0xf,0x19,0x6e,0xb4,0xf,0x82,0x7f,0x83,0x21,0x15,0x2c,0xcf,0x7d,0x6c,0xbc,0xc0,0xba,0x8a,0x61,0x1a,0x33,0x92,0xb2,0x14,0x12,0xee,0x64,0xf2,0x8d,0xe5,0xc,0x30,0xae,0x4b,0xc,0x22,0x9a,0xd,0x25,0xa5,0x3f,0x90,0xd6,0x9a,0xca,0xc6,0x50,0x2c,0x9c,0x33,0xf5,0x37,0x6b,0x80,0x8c,0xd9,0x5f,0x7a,0x6e,0x15,0x52,0xf4,0x56,0xdd,0xdd,0x79,0x8,0xd2,0x46,0x27,0x1,0x21,0xc2,0xcc,0x89,0x6,0xba,0x8f,0x9f,0xee,0xe,0x9c,0x79,0x25,0xf0,0xb3,0x3b,0x48,0x2a,0x47,0xbf,0xef,0x3b,0x91,0xba,0xc6,0x1d,0xc0,0x7e,0xed,0x7c,0x89,0xa6,0x89,0xb5,0x4c,0x95,0xb4,0x2,0x65,0xde,0x83,0x6e,0x4a,0x86,0x5e,0x17,0xc3,0x9,0x48,0xa2,0x3,0x3f,0xbb,0x83,0x77,0xed,0x44,0x26,0xc7,0xe9,0x1c,0x6d,0x6d,0x33,0x39,0x2e,0xac,0x4b,0x85,0x25,0xc8,0,0x18,0xbe,0x6,0x56,0x17,0x7f,0xd7,0x8f,0x25,0xe5,0x7c,0x45,0xcc,0x92,0xb2,0x2a,0x5b,0x90,0,0x8b,0x6,0xc0,0xd7,0xea,0xdb,0x23,0x9c,0x7f,0xb4,0x57,0x1f,0xac,0x83,0x23,0x6,0xb4,0xd1,0xb5,0xb3,0x4a,0x5e,0xc,0x2b,0xf7,0x3f,0x8e,0x13,0xb4,0x62,0x38,0xaa,0x13,0x62,0x3e,0x83,0x47,0x5a,0x3,0x31,0x19,0x86,0x63,0x80,0x46,0x8,0x1f,0xc9,0x2d,0xe9,0x4,0x97,0x2e,0x1e,0x44,0x64,0x53,0x4f,0xa8,0xd8,0xe,0xed,0xb9,0x4d,0x13,0x11,0x9,0xd7,0x43,0xc,0x1d,0x4b,0xaa,0xc9,0x79,0x4,0xf2,0x2e,0xb,0xfa,0xb1,0xee,0x32,0x45,0x9e,0x29,0x2b,0xe2,0x65,0x8c,0xd2,0x7d,0x1e,0xd7,0xfe,0xb,0xdb,0x70,0xbb,0x4a,0xf5,0x57,0xc,0x21,0xb2,0x4f,0x69,0x1d,0xc7,0x38,0xe2,0x23,0xdd,0x3,0x68,0x60,0x5a,0xa,0x6e,0xe9,0x2a,0xab,0x9c,0xa,0xed,0x2f,0x16,0xb1,0xfa,0x4e,0xe7,0x4e,0x1d,0x6d,0x4b,0x7f,0x2b,0x1e,0x25,0x8a,0xc9,0xd0,0x1c,0x60,0x41,0x91,0x45,0x53,0x64,0xcc,0x8a,0x7f,0x6f])",/home/chris/Toward-verification-of-QUIC-extensions/installer/TVOQE/results/errors/client/local/quant-client-2/temp/127/quic_client_test_stream0.iev,0.0,0.0
245," /home/chris/TVOQE_UPGRADE_27/quic/quant/Debug/bin/client -c false -r 20 -l /home/chris/secret.log -q /home/chris/qlog_quant -t 3600 -v 5 -e 0xff00001d https://localhost:4443/index.html
",client,quic_client_test_stream0,,timeout+sending id: server addr: 2130706433 port: 40865,/home/chris/Toward-verification-of-QUIC-extensions/installer/TVOQE/results/errors/client/local/quant-client-2/temp/169/quic_client_test_stream0.iev,0.0,0.0
246," /home/chris/TVOQE_UPGRADE_27/quic/quant/Debug/bin/client -c false -r 20 -l /home/chris/secret.log -q /home/chris/qlog_quant -t 3600 -v 5 -e 0xff00001d https://localhost:4443/index.html
",client,quic_client_test_tp_unkown0,,"ivy_return_code(1)+assumption_failed(""quic_client_test_tp_unkown.ivy: line 515"")",/home/chris/Toward-verification-of-QUIC-extensions/installer/TVOQE/results/errors/client/local/quant-client-2/temp/1108/quic_client_test_tp_unkown0.iev,0.0,0.0
247," /home/chris/TVOQE_UPGRADE_27/quic/quant/Debug/bin/client -c false -r 20 -l /home/chris/secret.log -q /home/chris/qlog_quant -t 3600 -v 5 -e 0xff00001d https://localhost:4443/index.html
",client,quic_client_test_limit_max_error0,,"ivy_return_code(1)+assumption_failed(""quic_client_test_limit_max_error.ivy: line 504"")",/home/chris/Toward-verification-of-QUIC-extensions/installer/TVOQE/results/errors/client/local/quant-client-2/temp/1231/quic_client_test_limit_max_error0.iev,0.0,0.0
248," /home/chris/TVOQE_UPGRADE_27/quic/quant/Debug/bin/client -c false -r 20 -l /home/chris/secret.log -q /home/chris/qlog_quant -t 3600 -v 5 -e 0xff00001d https://localhost:4443/index.html
",client,quic_client_test_accept_maxdata0,,,/home/chris/Toward-verification-of-QUIC-extensions/installer/TVOQE/results/errors/client/local/quant-client-2/temp/807/quic_client_test_accept_maxdata0.iev,0.0,1.0
249," /home/chris/TVOQE_UPGRADE_27/quic/quant/Debug/bin/client -c false -r 20 -l /home/chris/secret.log -q /home/chris/qlog_quant -t 3600 -v 5 -e 0xff00001d https://localhost:4443/index.html
",client,quic_client_test_tp_error0,,server_return_code(1)+timeout,/home/chris/Toward-verification-of-QUIC-extensions/installer/TVOQE/results/errors/client/local/quant-client-2/temp/357/quic_client_test_tp_error0.iev,0.0,0.0
250," /home/chris/TVOQE_UPGRADE_27/quic/quant/Debug/bin/client -c false -r 20 -l /home/chris/secret.log -q /home/chris/qlog_quant -t 3600 -v 5 -e 0xff00001d https://localhost:4443/index.html
",client,quic_client_test_max0,,"ivy_return_code(1)+assumption_failed(""quic_client_test.ivy: line 310"")",/home/chris/Toward-verification-of-QUIC-extensions/installer/TVOQE/results/errors/client/local/quant-client-2/temp/90/quic_client_test_max0.iev,0.0,0.0
251," /home/chris/TVOQE_UPGRADE_27/quic/quant/Debug/bin/client -c false -r 20 -l /home/chris/secret.log -q /home/chris/qlog_quant -t 3600 -v 5 -e 0xff00001d https://localhost:4443/index.html
",client,quic_client_test_unkown0,,"ivy_return_code(1)+assumption_failed(""quic_client_test_unkown.ivy: line 513"")",/home/chris/Toward-verification-of-QUIC-extensions/installer/TVOQE/results/errors/client/local/quant-client-2/temp/1099/quic_client_test_unkown0.iev,0.0,0.0
252," /home/chris/TVOQE_UPGRADE_27/quic/quant/Debug/bin/client -c false -r 20 -l /home/chris/secret.log -q /home/chris/qlog_quant -t 3600 -v 5 -e 0xff00001d https://localhost:4443/index.html
",client,quic_client_test_tp_acticoid_error0,,,/home/chris/Toward-verification-of-QUIC-extensions/installer/TVOQE/results/errors/client/local/quant-client-2/temp/535/quic_client_test_tp_acticoid_error0.iev,0.0,1.0
253," /home/chris/TVOQE_UPGRADE_27/quic/quant/Debug/bin/client -c false -r 20 -l /home/chris/secret.log -q /home/chris/qlog_quant -t 3600 -v 5 -e 0xff00001d https://localhost:4443/index.html
",client,quic_client_test_unkown0,,server_return_code(1)+ivy_return_code(1),/home/chris/Toward-verification-of-QUIC-extensions/installer/TVOQE/results/errors/client/local/quant-client-2/temp/1082/quic_client_test_unkown0.iev,0.0,0.0
254," /home/chris/TVOQE_UPGRADE_27/quic/quant/Debug/bin/client -c false -r 20 -l /home/chris/secret.log -q /home/chris/qlog_quant -t 3600 -v 5 -e 0xff00001d https://localhost:4443/index.html
",client,quic_client_test_double_tp_error0,,server_return_code(1)+ivy_return_code(1),/home/chris/Toward-verification-of-QUIC-extensions/installer/TVOQE/results/errors/client/local/quant-client-2/temp/480/quic_client_test_double_tp_error0.iev,0.0,0.0
255," /home/chris/TVOQE_UPGRADE_27/quic/quant/Debug/bin/client -c false -r 20 -l /home/chris/secret.log -q /home/chris/qlog_quant -t 3600 -v 5 -e 0xff00001d https://localhost:4443/index.html
",client,quic_client_test_tp_error0,,server_return_code(1)+timeout,/home/chris/Toward-verification-of-QUIC-extensions/installer/TVOQE/results/errors/client/local/quant-client-2/temp/386/quic_client_test_tp_error0.iev,0.0,0.0
256," /home/chris/TVOQE_UPGRADE_27/quic/quant/Debug/bin/client -c false -r 20 -l /home/chris/secret.log -q /home/chris/qlog_quant -t 3600 -v 5 -e 0xff00001d https://localhost:4443/index.html
",client,quic_client_test_new_token_error0,,ivy_return_code(134)+ivy_binary_deser_128 getn deser_err,/home/chris/Toward-verification-of-QUIC-extensions/installer/TVOQE/results/errors/client/local/quant-client-2/temp/1321/quic_client_test_new_token_error0.iev,0.0,0.0
257," /home/chris/TVOQE_UPGRADE_27/quic/quant/Debug/bin/client -c false -r 20 -l /home/chris/secret.log -q /home/chris/qlog_quant -t 3600 -v 5 -e 0xff00001d https://localhost:4443/index.html
",client,quic_client_test_blocked_streams_maxstream_error0,,"ivy_return_code(1)+assumption_failed(""quic_client_test_blocked_streams_maxstream_error.ivy: line 283"")",/home/chris/Toward-verification-of-QUIC-extensions/installer/TVOQE/results/errors/client/local/quant-client-2/temp/645/quic_client_test_blocked_streams_maxstream_error0.iev,0.0,0.0
258," /home/chris/TVOQE_UPGRADE_27/quic/quant/Debug/bin/client -c false -r 20 -l /home/chris/secret.log -q /home/chris/qlog_quant -t 3600 -v 5 -e 0xff00001d https://localhost:4443/index.html
",client,quic_client_test_retirecoid_error0,,"ivy_return_code(1)+assumption_failed(""quic_client_test_retirecoid_error.ivy: line 276"")",/home/chris/Toward-verification-of-QUIC-extensions/installer/TVOQE/results/errors/client/local/quant-client-2/temp/711/quic_client_test_retirecoid_error0.iev,0.0,0.0
259," /home/chris/TVOQE_UPGRADE_27/quic/quant/Debug/bin/client -c false -r 20 -l /home/chris/secret.log -q /home/chris/qlog_quant -t 3600 -v 5 -e 0xff00001d https://localhost:4443/index.html
",client,quic_client_test_tp_acticoid_error0,,,/home/chris/Toward-verification-of-QUIC-extensions/installer/TVOQE/results/errors/client/local/quant-client-2/temp/529/quic_client_test_tp_acticoid_error0.iev,0.0,1.0
260," /home/chris/TVOQE_UPGRADE_27/quic/quant/Debug/bin/client -c false -r 20 -l /home/chris/secret.log -q /home/chris/qlog_quant -t 3600 -v 5 -e 0xff00001d https://localhost:4443/index.html
",client,quic_client_test_retirecoid_error0,,"ivy_return_code(1)+assumption_failed(""quic_client_test_retirecoid_error.ivy: line 276"")",/home/chris/Toward-verification-of-QUIC-extensions/installer/TVOQE/results/errors/client/local/quant-client-2/temp/751/quic_client_test_retirecoid_error0.iev,0.0,0.0
261," /home/chris/TVOQE_UPGRADE_27/quic/quant/Debug/bin/client -c false -r 20 -l /home/chris/secret.log -q /home/chris/qlog_quant -t 3600 -v 5 -e 0xff00001d https://localhost:4443/index.html
",client,quic_client_test_stream0,,"ivy_return_code(1)+assumption_failed(""/usr/local/lib/python2.7/dist-packages/ivy/include/1.7/quic_packet.ivy: line 377"")",/home/chris/Toward-verification-of-QUIC-extensions/installer/TVOQE/results/errors/client/local/quant-client-2/temp/123/quic_client_test_stream0.iev,0.0,0.0
262," /home/chris/TVOQE_UPGRADE_27/quic/quant/Debug/bin/client -c false -r 20 -l /home/chris/secret.log -q /home/chris/qlog_quant -t 3600 -v 5 -e 0xff00001d https://localhost:4443/index.html
",client,quic_client_test_new_token_error0,,"ivy_return_code(1)+assumption_failed(""quic_client_test_new_token_error.ivy: line 517"")",/home/chris/Toward-verification-of-QUIC-extensions/installer/TVOQE/results/errors/client/local/quant-client-2/temp/1382/quic_client_test_new_token_error0.iev,0.0,0.0
263," /home/chris/TVOQE_UPGRADE_27/quic/quant/Debug/bin/client -c false -r 20 -l /home/chris/secret.log -q /home/chris/qlog_quant -t 3600 -v 5 -e 0xff00001d https://localhost:4443/index.html
",client,quic_client_test_tp_error0,,server_return_code(1)+timeout,/home/chris/Toward-verification-of-QUIC-extensions/installer/TVOQE/results/errors/client/local/quant-client-2/temp/379/quic_client_test_tp_error0.iev,0.0,0.0
264," /home/chris/TVOQE_UPGRADE_27/quic/quant/Debug/bin/client -c false -r 20 -l /home/chris/secret.log -q /home/chris/qlog_quant -t 3600 -v 5 -e 0xff00001d https://localhost:4443/index.html
",client,quic_client_test_limit_max_error0,,"ivy_return_code(1)+assumption_failed(""quic_client_test_limit_max_error.ivy: line 504"")",/home/chris/Toward-verification-of-QUIC-extensions/installer/TVOQE/results/errors/client/local/quant-client-2/temp/1252/quic_client_test_limit_max_error0.iev,0.0,0.0
265," /home/chris/TVOQE_UPGRADE_27/quic/quant/Debug/bin/client -c false -r 20 -l /home/chris/secret.log -q /home/chris/qlog_quant -t 3600 -v 5 -e 0xff00001d https://localhost:4443/index.html
",client,quic_client_test_new_token_error0,,ivy_return_code(134)+ivy_binary_deser_128 getn deser_err,/home/chris/Toward-verification-of-QUIC-extensions/installer/TVOQE/results/errors/client/local/quant-client-2/temp/1334/quic_client_test_new_token_error0.iev,0.0,0.0
266," /home/chris/TVOQE_UPGRADE_27/quic/quant/Debug/bin/client -c false -r 20 -l /home/chris/secret.log -q /home/chris/qlog_quant -t 3600 -v 5 -e 0xff00001d https://localhost:4443/index.html
",client,quic_client_test_double_tp_error0,,server_return_code(1)+ivy_return_code(1),/home/chris/Toward-verification-of-QUIC-extensions/installer/TVOQE/results/errors/client/local/quant-client-2/temp/445/quic_client_test_double_tp_error0.iev,0.0,0.0
267," /home/chris/TVOQE_UPGRADE_27/quic/quant/Debug/bin/client -c false -r 20 -l /home/chris/secret.log -q /home/chris/qlog_quant -t 3600 -v 5 -e 0xff00001d https://localhost:4443/index.html
",client,quic_client_test_stream0,,,/home/chris/Toward-verification-of-QUIC-extensions/installer/TVOQE/results/errors/client/local/quant-client-2/temp/104/quic_client_test_stream0.iev,0.0,1.0
268," /home/chris/TVOQE_UPGRADE_27/quic/quant/Debug/bin/client -c false -r 20 -l /home/chris/secret.log -q /home/chris/qlog_quant -t 3600 -v 5 -e 0xff00001d https://localhost:4443/index.html
",client,quic_client_test_tp_prefadd_error0,,server_return_code(1)+ivy_return_code(1),/home/chris/Toward-verification-of-QUIC-extensions/installer/TVOQE/results/errors/client/local/quant-client-2/temp/915/quic_client_test_tp_prefadd_error0.iev,0.0,0.0
269," /home/chris/TVOQE_UPGRADE_27/quic/quant/Debug/bin/client -c false -r 20 -l /home/chris/secret.log -q /home/chris/qlog_quant -t 3600 -v 5 -e 0xff00001d https://localhost:4443/index.html
",client,quic_client_test_tp_error0,,server_return_code(1)+timeout,/home/chris/Toward-verification-of-QUIC-extensions/installer/TVOQE/results/errors/client/local/quant-client-2/temp/334/quic_client_test_tp_error0.iev,0.0,0.0
270," /home/chris/TVOQE_UPGRADE_27/quic/quant/Debug/bin/client -c false -r 20 -l /home/chris/secret.log -q /home/chris/qlog_quant -t 3600 -v 5 -e 0xff00001d https://localhost:4443/index.html
",client,quic_client_test_tp_prefadd_error0,,server_return_code(1)+ivy_return_code(1),/home/chris/Toward-verification-of-QUIC-extensions/installer/TVOQE/results/errors/client/local/quant-client-2/temp/923/quic_client_test_tp_prefadd_error0.iev,0.0,0.0
271," /home/chris/TVOQE_UPGRADE_27/quic/quant/Debug/bin/client -c false -r 20 -l /home/chris/secret.log -q /home/chris/qlog_quant -t 3600 -v 5 -e 0xff00001d https://localhost:4443/index.html
",client,quic_client_test_accept_maxdata0,,,/home/chris/Toward-verification-of-QUIC-extensions/installer/TVOQE/results/errors/client/local/quant-client-2/temp/849/quic_client_test_accept_maxdata0.iev,0.0,1.0
272," /home/chris/TVOQE_UPGRADE_27/quic/quant/Debug/bin/client -c false -r 20 -l /home/chris/secret.log -q /home/chris/qlog_quant -t 3600 -v 5 -e 0xff00001d https://localhost:4443/index.html
",client,quic_client_test_unkown0,,server_return_code(1)+ivy_return_code(1),/home/chris/Toward-verification-of-QUIC-extensions/installer/TVOQE/results/errors/client/local/quant-client-2/temp/1095/quic_client_test_unkown0.iev,0.0,0.0
273," /home/chris/TVOQE_UPGRADE_27/quic/quant/Debug/bin/client -c false -r 20 -l /home/chris/secret.log -q /home/chris/qlog_quant -t 3600 -v 5 -e 0xff00001d https://localhost:4443/index.html
",client,quic_client_test_tp_error0,,"timeout+< undecryptable_packet_event({protocol:udp,addr:0x7f000001,port:0xb3dc},{protocol:udp,addr:0x7f000001,port:0x115b},[0xc7,0xff,0,0,0x1d,0x13,0xda,0xd,0xc7,0x5a,0xa8,0xc5,0xc3,0x9c,0xd8,0x3c,0x8a,0x3e,0xe3,0x50,0xe,0x32,0xac,0xe4,0x37,0x4,0x48,0x13,0x32,0xf4,0,0x44,0x8f,0x28,0x29,0xc3,0x7c,0x82,0xfc,0xc0,0xa4,0x6,0xaf,0x1d,0x6e,0x85,0x84,0x5c,0xa4,0xdd,0xb2,0x73,0xcd,0xbe,0x4,0xcd,0x3b,0x98,0xa3,0xd0,0xb5,0x62,0xf4,0x5f,0x7a,0x76,0xe8,0x7,0xba,0xa0,0x33,0x2e,0xd5,0xdb,0x5a,0x31,0x75,0xaf,0x8b,0x99,0xc4,0x8b,0xa1,0x18,0x48,0x9a,0x4a,0x21,0xcc,0xac,0x7f,0x6c,0x2b,0x3b,0x12,0x54,0x7,0xde,0xea,0x71,0x5a,0xfa,0xa2,0xd6,0xf,0xf5,0x54,0xce,0xac,0xe2,0xe1,0xcb,0xda,0xfa,0xd1,0x5,0x31,0x5e,0xc5,0x41,0x7a,0xec,0x76,0xce,0x7,0,0x5d,0x18,0xd8,0xde,0xff,0x3f,0x54,0xa,0x69,0x60,0x1d,0x12,0x5c,0xf9,0x76,0x93,0x8b,0x7e,0x67,0xfe,0x7c,0x49,0x9d,0x4d,0x61,0xa1,0x9b,0xd5,0xa1,0xc9,0x4f,0xc6,0x6e,0x19,0xdf,0x8c,0x7a,0x8e,0x90,0x5,0xb3,0,0x24,0xd8,0x9d,0xca,0x67,0xa7,0xaf,0x37,0x5c,0xc3,0x2e,0x8c,0x58,0x33,0x2d,0x9a,0x45,0x9,0x5e,0xd5,0x6e,0xf6,0x7a,0xfa,0x2f,0xd3,0xa7,0x5f,0x37,0x61,0x96,0x42,0xdc,0x4c,0xf0,0xf8,0xe2,0x41,0x9d,0x84,0x12,0x35,0xb9,0xaf,0xae,0xc,0x5d,0x9c,0x6a,0x82,0xd,0x3a,0xa5,0x24,0x56,0x2e,0x14,0x8,0x77,0x40,0x5c,0x46,0x66,0xe6,0x68,0x71,0x34,0x45,0x5d,0xb8,0xe7,0x37,0x1a,0xb8,0x8b,0x51,0xfa,0x9a,0xc,0xc3,0xf9,0xef,0xac,0xd6,0x77,0x83,0x4b,0x8b,0x2,0x3,0x88,0x76,0x6c,0x13,0x55,0x9a,0x9d,0x5a,0x75,0xa2,0xe1,0xc,0xb0,0x5d,0x8d,0xe6,0xae,0x12,0x54,0x87,0x16,0xb,0x7f,0x9b,0xdb,0x95,0x3a,0x7c,0x1e,0x29,0xd2,0x15,0xc4,0x2a,0xb9,0xda,0xea,0x82,0xfb,0x5c,0x26,0xca,0x81,0xb,0xf3,0xcd,0xdf,0x11,0x80,0xb7,0xea,0x6f,0x76,0x3b,0x49,0xec,0xc,0x94,0xa2,0x8,0x61,0xac,0xa2,0xb7,0x85,0x7c,0xca,0x58,0x53,0xbd,0x71,0xf2,0x2c,0xad,0xef,0x51,0xe6,0x91,0x46,0xd0,0xa5,0x51,0x58,0x2a,0xfc,0x6b,0x5,0x96,0x43,0x18,0x32,0x3d,0x34,0x5a,0xf,0x74,0x9a,0xf2,0x53,0x5b,0x66,0x51,0xd2,0x83,0xc8,0x37,0x3f,0x14,0x3c,0xa3,0xf0,0x64,0x98,0xd0,0x49,0xe0,0x85,0x52,0xb2,0xe7,0xfe,0xa3,0x70,0x6d,0x11,0x41,0x71,0xf5,0x7f,0x28,0xe8,0xf1,0x7a,0x77,0x81,0x92,0x3b,0xd1,0x8c,0x6b,0x6e,0xca,0x52,0xda,0x5b,0x98,0x61,0x39,0x76,0xa5,0x18,0x16,0x62,0x79,0x69,0x4f,0x46,0x2f,0x53,0x2,0x34,0xc7,0x18,0x77,0x82,0xc,0x12,0x17,0x7a,0x1f,0xfa,0xc1,0x6b,0xbe,0x5c,0xf0,0x68,0xbb,0x9b,0x9f,0x71,0xd7,0xb6,0xe1,0x16,0x87,0xf3,0xf9,0xa,0x5b,0x53,0xf9,0x95,0xa0,0x57,0x54,0xbd,0x7b,0x1a,0x80,0xb5,0x57,0x83,0xd0,0xf5,0xa3,0xd,0x22,0x63,0xbe,0xc8,0x71,0x4c,0x57,0xda,0xc5,0x3c,0x30,0x21,0x74,0x4a,0xf4,0xf4,0x2d,0xda,0x4b,0x68,0xee,0x19,0x89,0,0xfc,0xe1,0xbe,0xca,0xa0,0xba,0x58,0x24,0xea,0x79,0x26,0xb5,0x2a,0xb7,0x9c,0xcd,0x56,0xa8,0xe0,0x25,0xad,0x1d,0xcc,0xaf,0x34,0x4d,0xd4,0xf7,0x17,0x51,0x28,0xb7,0xdc,0x78,0xf7,0xa,0x8a,0x37,0xd7,0xb7,0xba,0x6f,0xbf,0xee,0x73,0x11,0x92,0x96,0x83,0xfd,0xa8,0xcf,0xb5,0x51,0x8e,0xf7,0x42,0x67,0xda,0x9b,0xa1,0x29,0x74,0x60,0xd2,0xfd,0x63,0xa5,0xa5,0x16,0xdd,0xd9,0x69,0x3,0x6d,0xa8,0x8b,0x13,0xc7,0xb2,0x8f,0xc2,0x73,0x1e,0x99,0x35,0xbf,0x33,0xc9,0xab,0x3,0xda,0xbd,0x60,0x52,0x7d,0x21,0x1b,0xa6,0x5f,0x7e,0xc7,0x71,0xf1,0x89,0xe9,0x61,0x58,0xda,0xe7,0x77,0xa0,0xc,0xc,0x42,0x62,0x9e,0xf6,0x52,0x9b,0xbe,0xbd,0x83,0x41,0x4e,0xf3,0x99,0x2a,0x76,0xbe,0x2d,0x8d,0x7,0xd4,0x7f,0x5,0xa6,0x19,0x3d,0x93,0xb7,0x8b,0x35,0x4c,0x62,0x53,0x6,0xe1,0x3e,0,0x46,0xb0,0x16,0x4d,0xda,0xef,0x47,0xfb,0x56,0xf3,0x2f,0xeb,0x53,0x44,0xa5,0x31,0xa9,0x6e,0x92,0x51,0xb7,0x95,0xed,0x1f,0xb7,0x3e,0x57,0x73,0x65,0x6a,0x9d,0xb3,0x4e,0x49,0xad,0xb0,0x73,0x62,0x91,0x21,0xec,0x84,0xaa,0xf7,0x97,0xf,0xfa,0x8,0x2f,0xb8,0x97,0xce,0x22,0xe2,0xea,0xef,0xd0,0x7,0xd5,0x3e,0x12,0xda,0x12,0xd9,0xc1,0x8f,0xf8,0xb2,0x6b,0xf3,0x95,0xb8,0xc1,0xbe,0x22,0xea,0xc8,0x2,0x13,0xf9,0,0xd1,0xb9,0x60,0x46,0xc4,0x80,0x32,0xf6,0xb,0x57,0x1b,0x16,0x2e,0x2b,0xe,0x20,0xb5,0xee,0x17,0x9f,0x67,0xbd,0xb,0xbe,0xa1,0xfb,0xe1,0x1e,0x31,0x3f,0xb7,0x31,0x31,0x99,0,0x1b,0xd2,0xcf,0xcc,0x32,0x22,0x76,0x28,0xd5,0x72,0x8b,0x20,0xe9,0xf2,0xf4,0xf,0xb3,0x3b,0x1a,0x62,0x1f,0x41,0xcb,0x63,0x4f,0xfc,0x68,0x4f,0xfa,0xb2,0x58,0xd5,0x7f,0xf0,0xd8,0x36,0xa1,0x80,0x4f,0xac,0xfa,0x7,0x97,0x72,0xfb,0xa2,0x61,0x41,0x31,0x21,0x77,0x3f,0xc7,0x82,0x4e,0x46,0x38,0x7e,0xd4,0x30,0x77,0xe,0xab,0xff,0x25,0x44,0x37,0x95,0x61,0x27,0x55,0xb8,0x4f,0xa7,0x34,0x1a,0xdf,0x19,0x92,0x50,0xe3,0x46,0xcb,0x9b,0x41,0x9b,0x93,0xea,0x4f,0x4a,0x22,0x4e,0x30,0xd3,0x9,0x44,0x7e,0x10,0x24,0xad,0xf7,0x48,0x45,0x9d,0x27,0x96,0x47,0xa6,0x72,0x21,0x9e,0x8,0xc0,0x1f,0x89,0x75,0x2e,0xa6,0x83,0x55,0x72,0xc7,0x55,0x4b,0x8c,0x6f,0x75,0x57,0x77,0xc2,0x75,0x92,0xbd,0xb7,0xca,0x5d,0xc6,0x28,0x57,0xcf,0x8e,0x12,0x55,0xed,0x3a,0x49,0xb4,0xb1,0xd4,0xd7,0xb3,0x3d,0x87,0x41,0xfc,0xe6,0x41,0xe6,0xeb,0xd1,0xd7,0x72,0x1,0x7,0x27,0xd5,0xa3,0xa7,0x9f,0x91,0xee,0xe1,0xfe,0xfa,0xd2,0x55,0x3a,0x81,0x52,0x22,0xa4,0xcc,0x5b,0x16,0xb,0xe8,0x85,0xe3,0xd2,0xae,0xfb,0xd9,0x14,0x1e,0xf6,0x10,0x81,0xdd,0xdb,0x7f,0x79,0x9f,0xbd,0x54,0x5e,0xb7,0x3c,0x81,0xeb,0x79,0xf7,0xa4,0x3c,0xfb,0x9d,0xac,0xce,0x42,0x87,0x39,0x66,0xc,0xf7,0xe7,0xf1,0xe0,0xb2,0x1a,0x29,0x25,0x22,0x9c,0x7c,0x9a,0xa5,0x21,0xc4,0xfa,0x71,0x1b,0xf3,0x7d,0x39,0x5e,0x4f,0x83,0x2a,0x3c,0xef,0x7d,0x22,0x79,0xb,0x9d,0x5b,0x4d,0x82,0x13,0xc,0xa9,0xfa,0x3d,0xd,0xe3,0x9,0x8a,0x41,0x92,0x61,0xc2,0x3e,0xd4,0xa2,0xf1,0x64,0xd0,0x92,0x8f,0x18,0xa,0x91,0x76,0x1b,0x2e,0x5d,0x2c,0x99,0xbc,0x48,0x75,0x1c,0x65,0x25,0xa1,0x18,0x7b,0x8d,0x8,0x7d,0xc1,0xca,0xe5,0x33,0x3c,0xfc,0x19,0x4b,0xa2,0x92,0xf4,0xc1,0xd3,0xc0,0x52,0x8e,0xd4,0x4d,0xde,0xdb,0xcf,0xf7,0x2a,0x20,0x35,0xfe,0x18,0x77,0x57,0x24,0x56,0x30,0xff,0xcb,0x91,0xca,0x60,0x25,0x57,0xf4,0x33,0x8b,0xbd,0xc7,0x4e,0x40,0x3d,0,0x85,0xf,0x48,0x45,0xed,0xe5,0x61,0xc4,0x98,0x35,0x73,0xa0,0x57,0xa1,0x8f,0x40,0x18,0x9b,0x6b,0xde,0xd5,0x76,0xce,0x57,0xee,0xec,0xbe,0x52,0xee,0xf1,0xcc,0xb8,0xeb,0x8f,0xb4,0xbc,0x12,0xcb,0x82,0xe2,0xfe,0x1a,0xd6,0x79,0x68,0xd8,0x4e,0xab,0x94,0x3e,0x59,0x3c,0x47,0xba,0xa5,0x57,0x68,0x4a,0xf4,0xe8,0xf9,0x50,0xea,0x6a,0x49,0x67,0x86,0xf1,0xa7,0x1,0xfb,0x3c,0x57,0x63,0xa8,0xaf,0xbf,0xab,0x4b,0xa7,0x5c,0xc4,0x77,0x7f,0xae,0x33,0xcf,0x9c,0x5f,0xf4,0x68,0x8c,0xcc,0x64,0xa5,0x4,0xa5,0x4d])",/home/chris/Toward-verification-of-QUIC-extensions/installer/TVOQE/results/errors/client/local/quant-client-2/temp/320/quic_client_test_tp_error0.iev,0.0,0.0
274," /home/chris/TVOQE_UPGRADE_27/quic/quant/Debug/bin/client -c false -r 20 -l /home/chris/secret.log -q /home/chris/qlog_quant -t 3600 -v 5 -e 0xff00001d https://localhost:4443/index.html
",client,quic_client_test_tp_acticoid_error0,,,/home/chris/Toward-verification-of-QUIC-extensions/installer/TVOQE/results/errors/client/local/quant-client-2/temp/570/quic_client_test_tp_acticoid_error0.iev,0.0,1.0
275," /home/chris/TVOQE_UPGRADE_27/quic/quant/Debug/bin/client -c false -r 20 -l /home/chris/secret.log -q /home/chris/qlog_quant -t 3600 -v 5 -e 0xff00001d https://localhost:4443/index.html
",client,quic_client_test_new_token_error0,,ivy_return_code(134)+ivy_binary_deser_128 getn deser_err,/home/chris/Toward-verification-of-QUIC-extensions/installer/TVOQE/results/errors/client/local/quant-client-2/temp/1395/quic_client_test_new_token_error0.iev,0.0,0.0
276," /home/chris/TVOQE_UPGRADE_27/quic/quant/Debug/bin/client -c false -r 20 -l /home/chris/secret.log -q /home/chris/qlog_quant -t 3600 -v 5 -e 0xff00001d https://localhost:4443/index.html
",client,quic_client_test_tp_error0,,"timeout+< undecryptable_packet_event({protocol:udp,addr:0x7f000001,port:0xde4f},{protocol:udp,addr:0x7f000001,port:0x115b},[0xce,0xff,0,0,0x1d,0x14,0x71,0xb8,0x44,0xe3,0xdb,0xc4,0xcf,0x27,0x98,0xfe,0x26,0x1,0xc8,0x4c,0x9f,0x93,0xbd,0xc4,0x41,0x49,0x4,0x71,0x60,0x52,0x8d,0,0x44,0x8e,0xa0,0x99,0x9c,0x28,0x16,0x59,0x61,0x6c,0x58,0xe8,0xd,0x7f,0xff,0x84,0x98,0x43,0xcc,0x12,0x66,0x5,0x7f,0x31,0x3f,0xff,0x9b,0x2b,0x1c,0x39,0x86,0x8c,0x52,0xeb,0x3a,0x79,0x17,0xc,0x81,0x16,0xfe,0xc9,0xb8,0xc,0x6f,0xce,0x60,0xed,0xec,0x21,0xfe,0x8a,0x88,0xea,0xd7,0x2c,0x28,0x10,0xbf,0x2,0xd6,0x21,0xa3,0x5,0x85,0x33,0x53,0xe7,0x34,0x5f,0xa5,0x92,0xb2,0x39,0x11,0x75,0xbd,0xea,0x26,0x24,0xe6,0xc3,0x23,0xe2,0x74,0xeb,0xa4,0x16,0x45,0x7d,0x55,0xcd,0x92,0x3d,0xb,0xec,0xe1,0x8,0xac,0x1f,0x2c,0x51,0x7,0x2e,0xb8,0x73,0x31,0xcd,0x40,0x2c,0x34,0x2a,0x19,0xec,0x88,0xbc,0x59,0xd9,0x37,0xb,0xc2,0xf6,0xe6,0xc9,0xc2,0x72,0x75,0x6e,0x3a,0xc5,0x55,0xe5,0x3,0x88,0x31,0x30,0xfe,0x27,0xc8,0x68,0x52,0xa,0x6e,0x50,0x8e,0x11,0x6b,0xdc,0x3,0x56,0x70,0x48,0x2f,0x9b,0x32,0x3d,0x26,0xf4,0x54,0xa5,0xbf,0xf6,0xa7,0x52,0xeb,0x1b,0x7b,0x49,0x58,0xd8,0x5e,0xa2,0x1d,0x56,0x6,0xe3,0xcd,0x6,0xa1,0xf3,0x68,0xf8,0xf6,0xa3,0x9d,0xe0,0x1c,0x34,0xfe,0x77,0x9c,0x46,0x11,0x1,0x73,0xca,0x4f,0xef,0x4b,0x19,0xdb,0x62,0x2f,0x87,0x80,0x57,0xa1,0xee,0xa3,0x91,0xbb,0x6b,0x63,0xe4,0xc5,0x15,0x99,0x30,0x5c,0x22,0x5c,0x93,0x3c,0x7b,0x9e,0x58,0xe8,0x28,0x7c,0x90,0x21,0xbc,0xdd,0xc6,0x5,0x83,0x70,0x3c,0x55,0x97,0xe9,0x18,0x3c,0xa,0x95,0xe7,0x3c,0xb5,0x51,0xbd,0xbf,0xcd,0x95,0x2f,0xb3,0x85,0xc7,0xe,0x70,0xc2,0x69,0xda,0x69,0x80,0x8,0x2d,0xc5,0x7c,0x39,0x2d,0x72,0x51,0xe3,0xe5,0xd8,0x13,0x26,0x5e,0x10,0xfc,0xe4,0x62,0xb2,0x67,0x13,0xb5,0xa6,0x2b,0xd7,0x55,0xb6,0xca,0x4c,0xa2,0xa6,0x2e,0x61,0x66,0xdc,0x1b,0x51,0xe2,0x20,0xf,0x6b,0xac,0xf6,0x2a,0x57,0xd5,0x7,0x16,0x69,0xb7,0x72,0x6b,0xeb,0x45,0x84,0x2b,0xcd,0x5f,0x93,0x92,0xff,0x4,0x1,0xdd,0x1f,0x84,0x77,0xa3,0x80,0x1a,0x77,0x5f,0x20,0x64,0xe2,0x15,0x68,0xb0,0x7f,0xd,0x7,0x54,0xba,0xfa,0x46,0x2a,0x4e,0xaa,0x41,0xc7,0x8,0xa5,0xd6,0x42,0x2f,0x64,0x7,0x47,0x9d,0x14,0x26,0x5,0x9c,0x2d,0x33,0x80,0x68,0x16,0xc6,0xc1,0x3c,0x3f,0xdd,0x9b,0xcb,0xf7,0xc9,0x7d,0x4f,0xb6,0xc2,0x39,0xe9,0xd9,0xc6,0xe4,0x76,0x6f,0x47,0xa3,0x1f,0x65,0x55,0,0x36,0x1e,0x29,0xf9,0x18,0x63,0x3e,0xa3,0x13,0xc4,0xb8,0x62,0xbe,0x27,0x75,0x82,0x8f,0x70,0xc5,0xe1,0x44,0x91,0xbf,0x73,0x90,0x6f,0x3,0x47,0x79,0xa6,0x9b,0x27,0x8b,0xa7,0x20,0x55,0x87,0x3e,0xfb,0x83,0x6e,0x75,0xc6,0xf1,0x8,0xaa,0x3a,0x4c,0x48,0xe0,0x1d,0x73,0x8b,0x16,0xd6,0x69,0x42,0x44,0x27,0xb5,0x32,0x9,0x7c,0x77,0xdd,0xbf,0x1,0xb8,0x1f,0x2f,0x8c,0x33,0x79,0xb6,0x59,0xc5,0x89,0x7,0x3f,0x2b,0x8c,0x39,0x7e,0x92,0x95,0xd9,0x4,0x2d,0xce,0x71,0x7,0x6b,0x4f,0x54,0x4f,0xe7,0xe0,0xb3,0x88,0xf6,0x81,0xea,0xa4,0x3a,0x26,0xc5,0x39,0x15,0xc5,0x56,0xd3,0x33,0xd7,0xf,0xae,0xb3,0x95,0xe5,0,0xda,0xbe,0x9,0x21,0xfe,0x70,0xde,0xce,0x62,0x95,0x81,0x7a,0x9c,0xee,0xd1,0xca,0x74,0x64,0x4a,0xb5,0x42,0x5a,0x97,0x61,0x62,0x54,0x5d,0xa4,0xb2,0xe7,0xb4,0x7d,0xbd,0x8a,0x72,0x18,0xb7,0x55,0x17,0xfa,0x3b,0x22,0xda,0xff,0x54,0x22,0x63,0xfc,0x84,0xb3,0x95,0xd1,0x65,0xb8,0xf1,0x52,0x21,0xbe,0xfb,0x18,0x51,0x7f,0x94,0xb1,0x44,0x4a,0xb9,0xd,0xab,0x9a,0xcf,0x5e,0x12,0xa0,0x37,0xbe,0x99,0xd4,0x73,0xdc,0xdb,0xb8,0xcd,0x86,0x9,0x32,0xc1,0xcb,0x51,0x5e,0x44,0xc7,0x15,0xa9,0x80,0xe2,0x3b,0x6e,0xe0,0x41,0x5e,0xfc,0x9e,0xc5,0x11,0xf3,0xdf,0x7d,0x2b,0x9b,0xb7,0xf3,0xb0,0x6e,0x73,0xc2,0x31,0x76,0xbd,0x1e,0x51,0x4d,0x99,0xb4,0x21,0x79,0x30,0x17,0x5d,0xb5,0x2e,0x26,0xfe,0x1b,0x6b,0xf6,0xf1,0x7f,0x3,0x73,0x3b,0x79,0x8b,0x42,0x6d,0x3c,0x6f,0x15,0x9a,0x69,0xfa,0x53,0x26,0xb,0xb9,0x57,0xe8,0x93,0x67,0x95,0x2d,0xd8,0x70,0x18,0x72,0xae,0x58,0xd4,0xed,0x14,0xd5,0xf2,0xf5,0x2e,0x9b,0x7a,0x52,0x44,0xbe,0x8b,0x68,0x89,0x5c,0xfa,0x5a,0x3,0x2,0xff,0xd5,0xa2,0x5c,0xb8,0x87,0xa3,0xc,0x75,0xb6,0xa9,0x51,0x7e,0xad,0x71,0xe,0x9f,0x46,0xd9,0x6c,0xbb,0x8d,0xc0,0x45,0x16,0x70,0x24,0x18,0x9f,0xd0,0x5b,0xc,0xa5,0x54,0xf0,0x42,0x9c,0xcb,0x38,0x5c,0xa9,0xde,0x6b,0x5f,0x6d,0xf5,0xde,0x2a,0x62,0x49,0x40,0x37,0xdc,0xbf,0x86,0x37,0xf2,0x20,0x45,0xb1,0x10,0x6,0x1,0x49,0x7,0xd2,0xd6,0x92,0x4,0x73,0xe1,0xdb,0xe3,0x7d,0x83,0x58,0xdd,0x27,0x32,0x77,0x74,0xa0,0xcb,0x6e,0x5f,0x5,0x17,0x41,0x66,0xbe,0x99,0x4,0x4,0x39,0x35,0x8d,0x6f,0x58,0x43,0xdb,0x56,0xe5,0x63,0xb7,0xff,0,0xc8,0xa7,0x39,0xd0,0x3d,0x52,0x29,0xe1,0xff,0xe0,0x9e,0x2b,0x7,0x1d,0x30,0xc8,0x91,0x9a,0x75,0x31,0xc2,0xef,0xcd,0xba,0x97,0x56,0x80,0xa7,0xba,0x54,0x69,0x63,0x90,0x1e,0x93,0x8,0x4f,0xab,0xe8,0x62,0xb3,0xa7,0x35,0x2c,0xc1,0x71,0x87,0x8d,0xaa,0xf,0x68,0xf7,0xfa,0x4f,0xc8,0xa5,0x85,0x13,0xaf,0xbc,0xaa,0x7e,0xe8,0x55,0xb,0xf5,0xee,0x57,0x4d,0xf9,0x78,0x10,0x2f,0x57,0xcd,0xf7,0x34,0x43,0x55,0x67,0x9b,0x40,0xe4,0x41,0xf5,0xc0,0x36,0x3a,0xc6,0x91,0xbe,0x84,0xc4,0xb1,0xc,0xa2,0xab,0x67,0x78,0x40,0x24,0x24,0x12,0x71,0x5c,0x39,0x77,0xc7,0x8e,0xf0,0x4c,0xd3,0x24,0x97,0x56,0xfc,0x15,0x98,0x7b,0xb,0xf8,0xc0,0xaa,0x69,0x1c,0xe6,0x5d,0xba,0xe5,0xe0,0x26,0xcc,0xc,0xb7,0x2d,0xe8,0x6e,0x9c,0x92,0x3e,0xab,0x84,0x8e,0xc0,0x3c,0x1e,0x33,0x13,0xa7,0x63,0xd8,0x25,0x22,0xb4,0xb2,0x75,0x51,0x70,0x52,0xbd,0x33,0x8e,0x72,0x87,0x56,0x3b,0x5,0x73,0x8,0xbb,0xa6,0x85,0x1b,0x97,0x5a,0xb2,0x4a,0x42,0x4d,0x60,0x3b,0x6b,0xac,0x2c,0x25,0xd0,0xd,0x1c,0xe8,0x9,0xa2,0xfd,0x11,0x96,0xec,0x84,0xf3,0xf4,0x45,0x19,0x71,0x56,0x38,0xe0,0x7d,0xaa,0xd8,0xd4,0xb9,0x69,0xbc,0x1,0xa6,0x5,0x9d,0x8c,0x10,0x86,0x1d,0x16,0xc3,0x78,0x9d,0x81,0x4a,0x68,0x6a,0x96,0xe7,0x24,0x5f,0x98,0xce,0x46,0xfc,0xcf,0xf3,0xaa,0xcf,0x6f,0xd0,0xa,0x65,0x94,0x9f,0x3f,0x60,0xd8,0x91,0x1a,0x62,0xb6,0xb7,0xb7,0x6a,0x73,0x74,0xfe,0x4,0xb6,0x51,0x83,0xaa,0x5e,0xc9,0x12,0xbb,0xe7,0x36,0xba,0xfe,0xa8,0xaa,0xdf,0x56,0x66,0x1c,0xbe,0x23,0x3,0xf8,0xda,0x23,0x5c,0x24,0xf9,0x99,0x81,0xbb,0xe9,0x4e,0xd3,0xca,0x58,0x3f,0x81,0x29,0xba,0xbe,0x12,0xfd,0xa,0x30,0x35,0x8,0x28,0x9d,0xb8,0xd0,0xb8,0x6f,0x6a,0xfe,0x1b,0xa7,0x92,0xcb,0xc2,0xc2,0x70,0xb8,0xff,0x94,0xb1,0xe8,0x13,0x38,0xee,0xbb,0xd2,0x48,0x7f,0xdd,0x1,0xc,0xb8,0x3,0x6c,0xbb,0xd,0x79,0x2c,0x7c,0xf8,0xae,0x26,0x1d,0xdd,0x6e,0xd4,0x21,0x30,0x49,0x79,0x2a,0xd,0xc0,0x8a])",/home/chris/Toward-verification-of-QUIC-extensions/installer/TVOQE/results/errors/client/local/quant-client-2/temp/372/quic_client_test_tp_error0.iev,0.0,0.0
277," /home/chris/TVOQE_UPGRADE_27/quic/quant/Debug/bin/client -c false -r 20 -l /home/chris/secret.log -q /home/chris/qlog_quant -t 3600 -v 5 -e 0xff00001d https://localhost:4443/index.html
",client,quic_client_test_accept_maxdata0,,,/home/chris/Toward-verification-of-QUIC-extensions/installer/TVOQE/results/errors/client/local/quant-client-2/temp/872/quic_client_test_accept_maxdata0.iev,0.0,1.0
278," /home/chris/TVOQE_UPGRADE_27/quic/quant/Debug/bin/client -c false -r 20 -l /home/chris/secret.log -q /home/chris/qlog_quant -t 3600 -v 5 -e 0xff00001d https://localhost:4443/index.html
",client,quic_client_test_blocked_streams_maxstream_error0,,"ivy_return_code(1)+assumption_failed(""quic_client_test_blocked_streams_maxstream_error.ivy: line 283"")",/home/chris/Toward-verification-of-QUIC-extensions/installer/TVOQE/results/errors/client/local/quant-client-2/temp/611/quic_client_test_blocked_streams_maxstream_error0.iev,0.0,0.0
279," /home/chris/TVOQE_UPGRADE_27/quic/quant/Debug/bin/client -c false -r 20 -l /home/chris/secret.log -q /home/chris/qlog_quant -t 3600 -v 5 -e 0xff00001d https://localhost:4443/index.html
",client,quic_client_test_ext_min_ack_delay0,,,/home/chris/Toward-verification-of-QUIC-extensions/installer/TVOQE/results/errors/client/local/quant-client-2/temp/218/quic_client_test_ext_min_ack_delay0.iev,0.0,1.0
280," /home/chris/TVOQE_UPGRADE_27/quic/quant/Debug/bin/client -c false -r 20 -l /home/chris/secret.log -q /home/chris/qlog_quant -t 3600 -v 5 -e 0xff00001d https://localhost:4443/index.html
",client,quic_client_test_limit_max_error0,,"ivy_return_code(1)+assumption_failed(""quic_client_test_limit_max_error.ivy: line 504"")",/home/chris/Toward-verification-of-QUIC-extensions/installer/TVOQE/results/errors/client/local/quant-client-2/temp/1294/quic_client_test_limit_max_error0.iev,0.0,0.0
281," /home/chris/TVOQE_UPGRADE_27/quic/quant/Debug/bin/client -c false -r 20 -l /home/chris/secret.log -q /home/chris/qlog_quant -t 3600 -v 5 -e 0xff00001d https://localhost:4443/index.html
",client,quic_client_test_tp_acticoid_error0,,,/home/chris/Toward-verification-of-QUIC-extensions/installer/TVOQE/results/errors/client/local/quant-client-2/temp/591/quic_client_test_tp_acticoid_error0.iev,0.0,1.0
282," /home/chris/TVOQE_UPGRADE_27/quic/quant/Debug/bin/client -c false -r 20 -l /home/chris/secret.log -q /home/chris/qlog_quant -t 3600 -v 5 -e 0xff00001d https://localhost:4443/index.html
",client,quic_client_test_limit_max_error0,,"ivy_return_code(1)+assumption_failed(""quic_client_test_limit_max_error.ivy: line 504"")",/home/chris/Toward-verification-of-QUIC-extensions/installer/TVOQE/results/errors/client/local/quant-client-2/temp/1282/quic_client_test_limit_max_error0.iev,0.0,0.0
283," /home/chris/TVOQE_UPGRADE_27/quic/quant/Debug/bin/client -c false -r 20 -l /home/chris/secret.log -q /home/chris/qlog_quant -t 3600 -v 5 -e 0xff00001d https://localhost:4443/index.html
",client,quic_client_test_max0,,,/home/chris/Toward-verification-of-QUIC-extensions/installer/TVOQE/results/errors/client/local/quant-client-2/temp/12/quic_client_test_max0.iev,0.0,1.0
284," /home/chris/TVOQE_UPGRADE_27/quic/quant/Debug/bin/client -c false -r 20 -l /home/chris/secret.log -q /home/chris/qlog_quant -t 3600 -v 5 -e 0xff00001d https://localhost:4443/index.html
",client,quic_client_test_ext_min_ack_delay0,,,/home/chris/Toward-verification-of-QUIC-extensions/installer/TVOQE/results/errors/client/local/quant-client-2/temp/228/quic_client_test_ext_min_ack_delay0.iev,0.0,1.0
285," /home/chris/TVOQE_UPGRADE_27/quic/quant/Debug/bin/client -c false -r 20 -l /home/chris/secret.log -q /home/chris/qlog_quant -t 3600 -v 5 -e 0xff00001d https://localhost:4443/index.html
",client,quic_client_test_ext_min_ack_delay0,,,/home/chris/Toward-verification-of-QUIC-extensions/installer/TVOQE/results/errors/client/local/quant-client-2/temp/273/quic_client_test_ext_min_ack_delay0.iev,0.0,1.0
286," /home/chris/TVOQE_UPGRADE_27/quic/quant/Debug/bin/client -c false -r 20 -l /home/chris/secret.log -q /home/chris/qlog_quant -t 3600 -v 5 -e 0xff00001d https://localhost:4443/index.html
",client,quic_client_test_accept_maxdata0,,"ivy_return_code(1)+assumption_failed(""quic_client_test.ivy: line 310"")",/home/chris/Toward-verification-of-QUIC-extensions/installer/TVOQE/results/errors/client/local/quant-client-2/temp/803/quic_client_test_accept_maxdata0.iev,0.0,0.0
287," /home/chris/TVOQE_UPGRADE_27/quic/quant/Debug/bin/client -c false -r 20 -l /home/chris/secret.log -q /home/chris/qlog_quant -t 3600 -v 5 -e 0xff00001d https://localhost:4443/index.html
",client,quic_client_test_retirecoid_error0,,"ivy_return_code(1)+assumption_failed(""quic_client_test_retirecoid_error.ivy: line 276"")",/home/chris/Toward-verification-of-QUIC-extensions/installer/TVOQE/results/errors/client/local/quant-client-2/temp/729/quic_client_test_retirecoid_error0.iev,0.0,0.0
288," /home/chris/TVOQE_UPGRADE_27/quic/quant/Debug/bin/client -c false -r 20 -l /home/chris/secret.log -q /home/chris/qlog_quant -t 3600 -v 5 -e 0xff00001d https://localhost:4443/index.html
",client,quic_client_test_new_token_error0,,"ivy_return_code(1)+assumption_failed(""quic_client_test_new_token_error.ivy: line 517"")",/home/chris/Toward-verification-of-QUIC-extensions/installer/TVOQE/results/errors/client/local/quant-client-2/temp/1398/quic_client_test_new_token_error0.iev,0.0,0.0
289," /home/chris/TVOQE_UPGRADE_27/quic/quant/Debug/bin/client -c false -r 20 -l /home/chris/secret.log -q /home/chris/qlog_quant -t 3600 -v 5 -e 0xff00001d https://localhost:4443/index.html
",client,quic_client_test_tp_unkown0,,,/home/chris/Toward-verification-of-QUIC-extensions/installer/TVOQE/results/errors/client/local/quant-client-2/temp/1181/quic_client_test_tp_unkown0.iev,0.0,1.0
290," /home/chris/TVOQE_UPGRADE_27/quic/quant/Debug/bin/client -c false -r 20 -l /home/chris/secret.log -q /home/chris/qlog_quant -t 3600 -v 5 -e 0xff00001d https://localhost:4443/index.html
",client,quic_client_test_retirecoid_error0,,"ivy_return_code(1)+assumption_failed(""quic_client_test_retirecoid_error.ivy: line 276"")",/home/chris/Toward-verification-of-QUIC-extensions/installer/TVOQE/results/errors/client/local/quant-client-2/temp/796/quic_client_test_retirecoid_error0.iev,0.0,0.0
291," /home/chris/TVOQE_UPGRADE_27/quic/quant/Debug/bin/client -c false -r 20 -l /home/chris/secret.log -q /home/chris/qlog_quant -t 3600 -v 5 -e 0xff00001d https://localhost:4443/index.html
",client,quic_client_test_new_token_error0,,server_return_code(1)+ivy_return_code(1),/home/chris/Toward-verification-of-QUIC-extensions/installer/TVOQE/results/errors/client/local/quant-client-2/temp/1329/quic_client_test_new_token_error0.iev,0.0,0.0
292," /home/chris/TVOQE_UPGRADE_27/quic/quant/Debug/bin/client -c false -r 20 -l /home/chris/secret.log -q /home/chris/qlog_quant -t 3600 -v 5 -e 0xff00001d https://localhost:4443/index.html
",client,quic_client_test_accept_maxdata0,,,/home/chris/Toward-verification-of-QUIC-extensions/installer/TVOQE/results/errors/client/local/quant-client-2/temp/812/quic_client_test_accept_maxdata0.iev,0.0,1.0
293," /home/chris/TVOQE_UPGRADE_27/quic/quant/Debug/bin/client -c false -r 20 -l /home/chris/secret.log -q /home/chris/qlog_quant -t 3600 -v 5 -e 0xff00001d https://localhost:4443/index.html
",client,quic_client_test_accept_maxdata0,,"ivy_return_code(1)+assumption_failed(""quic_client_test.ivy: line 310"")",/home/chris/Toward-verification-of-QUIC-extensions/installer/TVOQE/results/errors/client/local/quant-client-2/temp/829/quic_client_test_accept_maxdata0.iev,0.0,0.0
294," /home/chris/TVOQE_UPGRADE_27/quic/quant/Debug/bin/client -c false -r 20 -l /home/chris/secret.log -q /home/chris/qlog_quant -t 3600 -v 5 -e 0xff00001d https://localhost:4443/index.html
",client,quic_client_test_unkown0,,"ivy_return_code(1)+assumption_failed(""quic_client_test_unkown.ivy: line 513"")",/home/chris/Toward-verification-of-QUIC-extensions/installer/TVOQE/results/errors/client/local/quant-client-2/temp/1097/quic_client_test_unkown0.iev,0.0,0.0
295," /home/chris/TVOQE_UPGRADE_27/quic/quant/Debug/bin/client -c false -r 20 -l /home/chris/secret.log -q /home/chris/qlog_quant -t 3600 -v 5 -e 0xff00001d https://localhost:4443/index.html
",client,quic_client_test_accept_maxdata0,,,/home/chris/Toward-verification-of-QUIC-extensions/installer/TVOQE/results/errors/client/local/quant-client-2/temp/885/quic_client_test_accept_maxdata0.iev,0.0,1.0
296," /home/chris/TVOQE_UPGRADE_27/quic/quant/Debug/bin/client -c false -r 20 -l /home/chris/secret.log -q /home/chris/qlog_quant -t 3600 -v 5 -e 0xff00001d https://localhost:4443/index.html
",client,quic_client_test_accept_maxdata0,,,/home/chris/Toward-verification-of-QUIC-extensions/installer/TVOQE/results/errors/client/local/quant-client-2/temp/839/quic_client_test_accept_maxdata0.iev,0.0,1.0
297," /home/chris/TVOQE_UPGRADE_27/quic/quant/Debug/bin/client -c false -r 20 -l /home/chris/secret.log -q /home/chris/qlog_quant -t 3600 -v 5 -e 0xff00001d https://localhost:4443/index.html
",client,quic_client_test_new_token_error0,,server_return_code(1)+ivy_return_code(134),/home/chris/Toward-verification-of-QUIC-extensions/installer/TVOQE/results/errors/client/local/quant-client-2/temp/1397/quic_client_test_new_token_error0.iev,0.0,0.0
298," /home/chris/TVOQE_UPGRADE_27/quic/quant/Debug/bin/client -c false -r 20 -l /home/chris/secret.log -q /home/chris/qlog_quant -t 3600 -v 5 -e 0xff00001d https://localhost:4443/index.html
",client,quic_client_test_unkown0,,server_return_code(1)+ivy_return_code(1),/home/chris/Toward-verification-of-QUIC-extensions/installer/TVOQE/results/errors/client/local/quant-client-2/temp/1034/quic_client_test_unkown0.iev,0.0,0.0
299," /home/chris/TVOQE_UPGRADE_27/quic/quant/Debug/bin/client -c false -r 20 -l /home/chris/secret.log -q /home/chris/qlog_quant -t 3600 -v 5 -e 0xff00001d https://localhost:4443/index.html
",client,quic_client_test_double_tp_error0,,"ivy_return_code(1)+assumption_failed(""quic_client_test_double_tp_error.ivy: line 502"")",/home/chris/Toward-verification-of-QUIC-extensions/installer/TVOQE/results/errors/client/local/quant-client-2/temp/410/quic_client_test_double_tp_error0.iev,0.0,0.0
300," /home/chris/TVOQE_UPGRADE_27/quic/quant/Debug/bin/client -c false -r 20 -l /home/chris/secret.log -q /home/chris/qlog_quant -t 3600 -v 5 -e 0xff00001d https://localhost:4443/index.html
",client,quic_client_test_ext_min_ack_delay0,,,/home/chris/Toward-verification-of-QUIC-extensions/installer/TVOQE/results/errors/client/local/quant-client-2/temp/260/quic_client_test_ext_min_ack_delay0.iev,0.0,1.0
301," /home/chris/TVOQE_UPGRADE_27/quic/quant/Debug/bin/client -c false -r 20 -l /home/chris/secret.log -q /home/chris/qlog_quant -t 3600 -v 5 -e 0xff00001d https://localhost:4443/index.html
",client,quic_client_test_tp_error0,,server_return_code(1)+timeout,/home/chris/Toward-verification-of-QUIC-extensions/installer/TVOQE/results/errors/client/local/quant-client-2/temp/394/quic_client_test_tp_error0.iev,0.0,0.0
302," /home/chris/TVOQE_UPGRADE_27/quic/quant/Debug/bin/client -c false -r 20 -l /home/chris/secret.log -q /home/chris/qlog_quant -t 3600 -v 5 -e 0xff00001d https://localhost:4443/index.html
",client,quic_client_test_limit_max_error0,,"ivy_return_code(1)+assumption_failed(""quic_client_test_limit_max_error.ivy: line 504"")",/home/chris/Toward-verification-of-QUIC-extensions/installer/TVOQE/results/errors/client/local/quant-client-2/temp/1235/quic_client_test_limit_max_error0.iev,0.0,0.0
303," /home/chris/TVOQE_UPGRADE_27/quic/quant/Debug/bin/client -c false -r 20 -l /home/chris/secret.log -q /home/chris/qlog_quant -t 3600 -v 5 -e 0xff00001d https://localhost:4443/index.html
",client,quic_client_test_tp_unkown0,,"ivy_return_code(1)+assumption_failed(""quic_client_test_tp_unkown.ivy: line 515"")",/home/chris/Toward-verification-of-QUIC-extensions/installer/TVOQE/results/errors/client/local/quant-client-2/temp/1102/quic_client_test_tp_unkown0.iev,0.0,0.0
304," /home/chris/TVOQE_UPGRADE_27/quic/quant/Debug/bin/client -c false -r 20 -l /home/chris/secret.log -q /home/chris/qlog_quant -t 3600 -v 5 -e 0xff00001d https://localhost:4443/index.html
",client,quic_client_test_tp_unkown0,,,/home/chris/Toward-verification-of-QUIC-extensions/installer/TVOQE/results/errors/client/local/quant-client-2/temp/1118/quic_client_test_tp_unkown0.iev,0.0,1.0
305," /home/chris/TVOQE_UPGRADE_27/quic/quant/Debug/bin/client -c false -r 20 -l /home/chris/secret.log -q /home/chris/qlog_quant -t 3600 -v 5 -e 0xff00001d https://localhost:4443/index.html
",client,quic_client_test_limit_max_error0,,"ivy_return_code(1)+assumption_failed(""quic_client_test_limit_max_error.ivy: line 504"")",/home/chris/Toward-verification-of-QUIC-extensions/installer/TVOQE/results/errors/client/local/quant-client-2/temp/1218/quic_client_test_limit_max_error0.iev,0.0,0.0
306," /home/chris/TVOQE_UPGRADE_27/quic/quant/Debug/bin/client -c false -r 20 -l /home/chris/secret.log -q /home/chris/qlog_quant -t 3600 -v 5 -e 0xff00001d https://localhost:4443/index.html
",client,quic_client_test_tp_prefadd_error0,,"ivy_return_code(1)+assumption_failed(""quic_client_test_tp_prefadd_error.ivy: line 518"")",/home/chris/Toward-verification-of-QUIC-extensions/installer/TVOQE/results/errors/client/local/quant-client-2/temp/916/quic_client_test_tp_prefadd_error0.iev,0.0,0.0
307," /home/chris/TVOQE_UPGRADE_27/quic/quant/Debug/bin/client -c false -r 20 -l /home/chris/secret.log -q /home/chris/qlog_quant -t 3600 -v 5 -e 0xff00001d https://localhost:4443/index.html
",client,quic_client_test_limit_max_error0,,"ivy_return_code(1)+assumption_failed(""quic_client_test_limit_max_error.ivy: line 504"")",/home/chris/Toward-verification-of-QUIC-extensions/installer/TVOQE/results/errors/client/local/quant-client-2/temp/1290/quic_client_test_limit_max_error0.iev,0.0,0.0
308," /home/chris/TVOQE_UPGRADE_27/quic/quant/Debug/bin/client -c false -r 20 -l /home/chris/secret.log -q /home/chris/qlog_quant -t 3600 -v 5 -e 0xff00001d https://localhost:4443/index.html
",client,quic_client_test_double_tp_error0,,server_return_code(1)+ivy_return_code(1),/home/chris/Toward-verification-of-QUIC-extensions/installer/TVOQE/results/errors/client/local/quant-client-2/temp/442/quic_client_test_double_tp_error0.iev,0.0,0.0
309," /home/chris/TVOQE_UPGRADE_27/quic/quant/Debug/bin/client -c false -r 20 -l /home/chris/secret.log -q /home/chris/qlog_quant -t 3600 -v 5 -e 0xff00001d https://localhost:4443/index.html
",client,quic_client_test_tp_prefadd_error0,,server_return_code(1)+ivy_return_code(1),/home/chris/Toward-verification-of-QUIC-extensions/installer/TVOQE/results/errors/client/local/quant-client-2/temp/953/quic_client_test_tp_prefadd_error0.iev,0.0,0.0
310," /home/chris/TVOQE_UPGRADE_27/quic/quant/Debug/bin/client -c false -r 20 -l /home/chris/secret.log -q /home/chris/qlog_quant -t 3600 -v 5 -e 0xff00001d https://localhost:4443/index.html
",client,quic_client_test_max0,,"ivy_return_code(1)+assumption_failed(""quic_client_test.ivy: line 310"")",/home/chris/Toward-verification-of-QUIC-extensions/installer/TVOQE/results/errors/client/local/quant-client-2/temp/3/quic_client_test_max0.iev,0.0,0.0
311," /home/chris/TVOQE_UPGRADE_27/quic/quant/Debug/bin/client -c false -r 20 -l /home/chris/secret.log -q /home/chris/qlog_quant -t 3600 -v 5 -e 0xff00001d https://localhost:4443/index.html
",client,quic_client_test_tp_error0,,server_return_code(1)+timeout,/home/chris/Toward-verification-of-QUIC-extensions/installer/TVOQE/results/errors/client/local/quant-client-2/temp/312/quic_client_test_tp_error0.iev,0.0,0.0
312," /home/chris/TVOQE_UPGRADE_27/quic/quant/Debug/bin/client -c false -r 20 -l /home/chris/secret.log -q /home/chris/qlog_quant -t 3600 -v 5 -e 0xff00001d https://localhost:4443/index.html
",client,quic_client_test_unkown0,,ivy_return_code(134)+ivy_binary_deser_128 getn deser_err,/home/chris/Toward-verification-of-QUIC-extensions/installer/TVOQE/results/errors/client/local/quant-client-2/temp/1012/quic_client_test_unkown0.iev,0.0,0.0
313," /home/chris/TVOQE_UPGRADE_27/quic/quant/Debug/bin/client -c false -r 20 -l /home/chris/secret.log -q /home/chris/qlog_quant -t 3600 -v 5 -e 0xff00001d https://localhost:4443/index.html
",client,quic_client_test_new_token_error0,,server_return_code(1)+ivy_return_code(1),/home/chris/Toward-verification-of-QUIC-extensions/installer/TVOQE/results/errors/client/local/quant-client-2/temp/1350/quic_client_test_new_token_error0.iev,0.0,0.0
314," /home/chris/TVOQE_UPGRADE_27/quic/quant/Debug/bin/client -c false -r 20 -l /home/chris/secret.log -q /home/chris/qlog_quant -t 3600 -v 5 -e 0xff00001d https://localhost:4443/index.html
",client,quic_client_test_tp_prefadd_error0,,server_return_code(1)+ivy_return_code(1),/home/chris/Toward-verification-of-QUIC-extensions/installer/TVOQE/results/errors/client/local/quant-client-2/temp/952/quic_client_test_tp_prefadd_error0.iev,0.0,0.0
315," /home/chris/TVOQE_UPGRADE_27/quic/quant/Debug/bin/client -c false -r 20 -l /home/chris/secret.log -q /home/chris/qlog_quant -t 3600 -v 5 -e 0xff00001d https://localhost:4443/index.html
",client,quic_client_test_tp_acticoid_error0,,"ivy_return_code(1)+assumption_failed(""quic_client_test_tp_acticoid_error.ivy: line 515"")",/home/chris/Toward-verification-of-QUIC-extensions/installer/TVOQE/results/errors/client/local/quant-client-2/temp/521/quic_client_test_tp_acticoid_error0.iev,0.0,0.0
316," /home/chris/TVOQE_UPGRADE_27/quic/quant/Debug/bin/client -c false -r 20 -l /home/chris/secret.log -q /home/chris/qlog_quant -t 3600 -v 5 -e 0xff00001d https://localhost:4443/index.html
",client,quic_client_test_blocked_streams_maxstream_error0,,"ivy_return_code(1)+assumption_failed(""quic_client_test_blocked_streams_maxstream_error.ivy: line 283"")",/home/chris/Toward-verification-of-QUIC-extensions/installer/TVOQE/results/errors/client/local/quant-client-2/temp/624/quic_client_test_blocked_streams_maxstream_error0.iev,0.0,0.0
317," /home/chris/TVOQE_UPGRADE_27/quic/quant/Debug/bin/client -c false -r 20 -l /home/chris/secret.log -q /home/chris/qlog_quant -t 3600 -v 5 -e 0xff00001d https://localhost:4443/index.html
",client,quic_client_test_double_tp_error0,,server_return_code(1)+ivy_return_code(1),/home/chris/Toward-verification-of-QUIC-extensions/installer/TVOQE/results/errors/client/local/quant-client-2/temp/433/quic_client_test_double_tp_error0.iev,0.0,0.0
318," /home/chris/TVOQE_UPGRADE_27/quic/quant/Debug/bin/client -c false -r 20 -l /home/chris/secret.log -q /home/chris/qlog_quant -t 3600 -v 5 -e 0xff00001d https://localhost:4443/index.html
",client,quic_client_test_tp_error0,,"timeout+< undecryptable_packet_event({protocol:udp,addr:0x7f000001,port:0xb834},{protocol:udp,addr:0x7f000001,port:0x115b},[0xc4,0xff,0,0,0x1d,0x11,0xdc,0x1f,0x7,0x5f,0x47,0xfa,0x21,0x14,0xd5,0xba,0xb7,0x7,0xaa,0x25,0x25,0x39,0x9f,0x4,0x15,0x5c,0xe0,0xcc,0,0x44,0x91,0xaf,0x8f,0xfd,0x13,0x1d,0x2d,0x7b,0xd7,0x80,0x5d,0x4,0x6c,0x47,0xd2,0xf6,0x2d,0xb0,0x84,0x78,0xcd,0xf0,0x8e,0x78,0xf6,0,0xf1,0xa4,0x6a,0xad,0xc4,0x41,0x9,0x82,0x62,0x35,0x1c,0x18,0x20,0xa0,0x2d,0x9d,0xed,0xc1,0x93,0x8a,0x10,0xaf,0xff,0x27,0x86,0x65,0x21,0x6f,0x4e,0x31,0x6,0xaf,0x44,0xf1,0x31,0x22,0x16,0,0xee,0x1d,0x64,0x2b,0x58,0xc2,0xcb,0xa6,0xd8,0xf0,0x1a,0x7,0xf1,0xff,0x61,0,0x65,0xd1,0xc7,0x34,0xba,0x60,0xe2,0x41,0x61,0x3f,0x38,0x85,0xfa,0x6a,0x43,0x64,0x15,0x79,0xed,0x58,0x47,0xc1,0xb7,0x79,0x5c,0x41,0x97,0x95,0x68,0x68,0x35,0x1c,0xfa,0x7,0x6a,0x28,0xba,0x6c,0xb7,0x8a,0xd,0x62,0x4c,0x4c,0xc1,0x43,0x32,0xb9,0x9d,0x55,0x31,0x9d,0xaf,0x5,0x8b,0xa4,0xc2,0x4e,0xf,0x48,0x97,0x53,0x65,0x6a,0xe2,0x45,0x4a,0x32,0x5e,0x48,0xa8,0x14,0x39,0xb0,0xa5,0x29,0xfd,0x32,0x9b,0xb8,0xbc,0x59,0xd4,0xff,0x39,0x6b,0xbf,0x17,0x43,0x11,0xe,0xd,0x52,0x4f,0x34,0x8a,0xfa,0x11,0x95,0xf4,0x72,0xbd,0x74,0x73,0xc6,0x98,0xd2,0x26,0xbc,0x24,0x7f,0x50,0x3d,0xd0,0xaf,0xcb,0x23,0x5a,0xa1,0xcf,0xd,0x5a,0x21,0xb4,0x12,0x25,0x6e,0xdd,0x1f,0x14,0xd4,0x4a,0xea,0xca,0x31,0x2c,0x8e,0xcf,0x60,0x2,0x9c,0xe0,0x6,0x7,0x4b,0x7d,0x68,0x2c,0x41,0xce,0xbb,0xb9,0xd3,0x3b,0xe1,0x8,0xc6,0xa,0x2b,0xab,0x94,0x18,0xbb,0xad,0x80,0x39,0x8b,0xc0,0x4f,0x28,0x3f,0x22,0x6b,0xba,0xa9,0xc6,0xef,0xc0,0x6e,0x44,0x43,0x41,0xfc,0xb5,0xa,0xb,0x90,0x19,0xe2,0xf5,0x4,0x1,0xee,0xa7,0x46,0x45,0x84,0x25,0xce,0x42,0xce,0xe6,0x61,0xd,0x48,0xc8,0x68,0x7b,0x7d,0xce,0x6d,0x47,0x49,0x88,0xf4,0xe7,0x74,0xc9,0xe4,0x80,0xcc,0x46,0xd8,0xda,0x25,0x6c,0x75,0x49,0x56,0x7,0xaa,0x63,0xf7,0x59,0x8c,0x68,0x87,0x4,0xd9,0x78,0x4f,0xc7,0x7f,0x1e,0x40,0x56,0xea,0x59,0x11,0x46,0x89,0x8a,0x76,0xf6,0x29,0xf1,0x92,0x96,0xf1,0xb8,0x29,0x8c,0xe1,0x67,0xd1,0xc4,0x6a,0xd0,0x94,0x8f,0xe2,0xcb,0xc0,0x25,0x78,0xc6,0x3e,0xfe,0xc9,0xbc,0x28,0x25,0xca,0xb,0x6f,0x88,0x5f,0xfe,0x6e,0x2e,0x43,0x4b,0xb9,0x75,0x2b,0x31,0xe6,0xfe,0x7c,0xb7,0x44,0x5f,0x6e,0x10,0x49,0x1c,0xa7,0x93,0x76,0x42,0xbd,0xdb,0xa3,0x55,0xa1,0xf6,0x64,0xea,0x2a,0x3d,0x5,0x52,0x56,0x57,0x9e,0x70,0x98,0xe6,0xa3,0xef,0x79,0x2,0x41,0x64,0x39,0xd0,0xb9,0x54,0x56,0xb2,0xed,0xe8,0xf1,0xcb,0x7a,0x83,0x26,0x2e,0xfc,0x6f,0x6,0x2e,0x23,0x86,0x1d,0x18,0x81,0x77,0xd1,0x9b,0x8b,0x28,0xf1,0x49,0x15,0xd5,0xb8,0x97,0x43,0xbe,0x54,0xff,0xb6,0xe3,0x1c,0xa1,0x5e,0xae,0x4d,0xf1,0x26,0x4,0xa2,0x84,0xcc,0x67,0x97,0xe0,0x11,0x19,0x49,0xaa,0x5f,0x8e,0x75,0xef,0x2e,0xb7,0x48,0x7f,0x1d,0x9,0x13,0x43,0xe0,0xae,0xb7,0x95,0x9f,0xa9,0x71,0x2f,0xfc,0xdd,0x3e,0x29,0x6d,0x27,0xd5,0x1b,0xae,0x5a,0xeb,0xaf,0x60,0x38,0xb5,0xeb,0x9,0x31,0xf3,0xc3,0x2d,0xa7,0xca,0xe6,0xf1,0xfa,0xb1,0xf2,0xf,0xb8,0x17,0x82,0x49,0xb8,0x6,0x2a,0x50,0xbc,0x8e,0xdb,0xe7,0xfd,0xcc,0xc9,0x35,0x1e,0x7b,0xf8,0x5f,0x8b,0xfb,0xba,0x9,0xaf,0xe3,0x20,0x75,0xb3,0xcf,0xc7,0x62,0xa3,0xf5,0xeb,0x3f,0xdd,0x4f,0x64,0x28,0xc7,0x58,0x82,0xbf,0x8f,0x17,0xbc,0x7e,0xca,0xf0,0xa9,0x28,0x59,0x3a,0xbc,0x7f,0xd9,0xe0,0x4,0xda,0x59,0xe1,0x76,0xf8,0x59,0xdc,0x68,0x96,0xc5,0xaf,0xc0,0xaf,0x59,0x45,0xdc,0x66,0xec,0x8,0xa7,0xf0,0x7e,0xef,0xdb,0xc4,0xeb,0x13,0xb1,0x15,0xea,0xf3,0xdd,0xa1,0x37,0x28,0x6c,0x33,0xdc,0xd7,0xcf,0xe7,0xf3,0x6,0x1f,0x76,0x16,0x3e,0xce,0x94,0x41,0x7a,0x82,0x5f,0,0x20,0xdd,0xd5,0xdd,0xaf,0x2c,0xc1,0xd6,0xdc,0x97,0xdf,0x32,0x96,0xab,0xd4,0xf2,0xce,0xab,0x8a,0x22,0x17,0x7f,0xb4,0xa2,0x48,0xc4,0x9,0x84,0x57,0xaa,0xa1,0x6a,0x40,0xb5,0x86,0x4e,0x3c,0xa5,0x7e,0x32,0xb2,0xd0,0x53,0xb1,0xa0,0x5a,0xaf,0x2,0x41,0x4f,0x53,0x36,0xe8,0x59,0xfa,0x57,0x83,0x18,0x7b,0x41,0x97,0x48,0xfa,0xab,0x19,0x1f,0xb0,0xf2,0x8b,0x99,0xbb,0xdf,0x2b,0x6f,0x63,0x53,0x20,0x32,0xf5,0xd8,0xe6,0xf4,0x33,0x80,0xb,0xc7,0x55,0xd3,0xcc,0x4b,0x7e,0x2a,0x90,0x99,0x29,0xa9,0x76,0x2,0x84,0x85,0x53,0xa4,0xdf,0x76,0xb4,0xdd,0xa8,0x6a,0x99,0x7e,0xe6,0x41,0x95,0xa2,0xdb,0x58,0x59,0xdd,0x6d,0x3,0x63,0x23,0x13,0xe0,0x3f,0x9c,0x6d,0x10,0x41,0xa3,0x87,0x80,0x9,0xc7,0x2a,0xba,0xec,0x3e,0x1e,0xb8,0xf4,0x93,0xbe,0x47,0x98,0x7b,0x96,0x7b,0xaf,0xe1,0xb8,0xfd,0xb3,0x3d,0x49,0x32,0x8e,0x65,0xe1,0x77,0x3f,0xed,0x5c,0x39,0xed,0xca,0xb3,0x9d,0x36,0xf2,0x9c,0x4f,0x21,0x32,0x6d,0xd0,0x3a,0x27,0xa2,0xdd,0x57,0x8a,0x3d,0x6d,0x95,0x49,0x1a,0xee,0x47,0x82,0x48,0x6c,0xb3,0x2f,0x2a,0xcc,0x12,0x5d,0x58,0x97,0xe1,0xfd,0xb,0xdc,0x5b,0xd1,0xfe,0xb8,0x6f,0xb9,0xa2,0x84,0x73,0x97,0x73,0xe4,0x2b,0xcd,0xbd,0x37,0xf3,0x66,0xb4,0x15,0x6b,0xe5,0x3f,0xf6,0x82,0x57,0xe5,0x72,0xc1,0x5a,0x66,0xc0,0x40,0xf7,0x18,0xbe,0x44,0x1f,0x19,0x89,0xd9,0x8b,0xc2,0xa0,0xcc,0x74,0x2f,0xeb,0xe5,0x2b,0x4d,0x21,0xd1,0x77,0x8,0xd2,0x43,0xf0,0x85,0x8,0xd4,0x5f,0x47,0xa2,0x4f,0x1a,0xbb,0x15,0x3,0xf9,0xf7,0xf7,0x6c,0xd8,0x45,0x13,0xa8,0x89,0x93,0x9,0xb1,0x6,0xc9,0x5f,0xf,0x19,0x80,0xc8,0x67,0xe8,0x88,0xc9,0x4e,0x4d,0x58,0x91,0x7e,0x46,0x55,0x34,0xe9,0x29,0xf3,0x58,0xa1,0xd0,0x5c,0xfb,0xaf,0x3b,0xba,0xa7,0x90,0x2e,0xd8,0x2b,0xcc,0x32,0x56,0x60,0x82,0xd7,0x3,0x81,0x1a,0x5f,0x2b,0xaa,0x76,0x1c,0xdf,0x15,0xd5,0x71,0x3c,0x49,0x9f,0x3b,0xb7,0x32,0xb3,0xad,0x83,0x95,0xbe,0x76,0x72,0x58,0x3d,0x6c,0x31,0xad,0x2e,0xa5,0xda,0xda,0xfb,0x22,0x6d,0xb5,0x3d,0x44,0x1d,0x6f,0x2d,0xce,0x4a,0x93,0xcf,0xc7,0x4d,0x6,0xe2,0x58,0x60,0x1d,0x8d,0x4f,0x80,0xd8,0x4e,0x3f,0xd8,0xf3,0xd9,0xe2,0x92,0x12,0x5a,0,0x2,0xd9,0x23,0x6e,0xc7,0xfb,0x32,0x37,0x27,0x35,0xef,0x5a,0x4d,0x2a,0x85,0xce,0x29,0xe0,0xc9,0x69,0x54,0x3c,0xa8,0x7a,0x1d,0xf,0x5a,0xeb,0xc4,0xe9,0x50,0xe7,0xde,0x6c,0x91,0x14,0xb9,0xd9,0x1,0xb0,0xa1,0x67,0x8a,0xf,0xbd,0x3f,0x29,0xea,0x67,0x81,0xe9,0x1e,0x4f,0xe7,0xf3,0xbb,0x20,0xbf,0xba,0x5c,0x15,0x10,0x17,0x7a,0xfd,0x87,0x53,0x4f,0x6a,0x8a,0x57,0xaa,0x95,0x1a,0x4d,0x8a,0x1d,0xc3,0x4e,0x37,0xca,0x88,0xb7,0x2c,0x58,0x33,0x4c,0x7e,0x6c,0x6e,0xfe,0xa6,0x7f,0xcf,0x63,0x9f,0x13,0xfa,0x58,0x14,0xb0,0x73,0x16,0x92,0xec,0x8f,0x4b,0x58,0xe3,0xbe,0xf3,0xd0,0x6f,0x56,0xe0,0xcc,0xe6,0x39,0x15,0,0xa9,0xa5,0x23,0x56,0x86,0x28,0x42,0xf8,0x84,0x5a,0x33,0x6,0xfb,0x87,0xfb,0xd7,0xe4,0x89,0x91,0x93,0x9c,0xfa])",/home/chris/Toward-verification-of-QUIC-extensions/installer/TVOQE/results/errors/client/local/quant-client-2/temp/385/quic_client_test_tp_error0.iev,0.0,0.0
319," /home/chris/TVOQE_UPGRADE_27/quic/quant/Debug/bin/client -c false -r 20 -l /home/chris/secret.log -q /home/chris/qlog_quant -t 3600 -v 5 -e 0xff00001d https://localhost:4443/index.html
",client,quic_client_test_new_token_error0,,ivy_return_code(134)+ivy_binary_deser_128 getn deser_err,/home/chris/Toward-verification-of-QUIC-extensions/installer/TVOQE/results/errors/client/local/quant-client-2/temp/1342/quic_client_test_new_token_error0.iev,0.0,0.0
320," /home/chris/TVOQE_UPGRADE_27/quic/quant/Debug/bin/client -c false -r 20 -l /home/chris/secret.log -q /home/chris/qlog_quant -t 3600 -v 5 -e 0xff00001d https://localhost:4443/index.html
",client,quic_client_test_stream0,,"timeout+< undecryptable_packet_event({protocol:udp,addr:0x7f000001,port:0x8b89},{protocol:udp,addr:0x7f000001,port:0x115b},[0xc8,0xff,0,0,0x1d,0x12,0xe9,0x89,0xf9,0x9,0xab,0x4d,0x36,0x94,0xf1,0xe7,0x14,0xe8,0x14,0xf1,0x86,0x41,0x75,0xc,0x4,0xec,0xf7,0xb1,0x3b,0,0x44,0x90,0x2c,0x34,0xfc,0x4b,0x62,0xf0,0x33,0xf8,0x79,0x74,0x18,0x12,0xc5,0xf2,0x7e,0x93,0x70,0x72,0x4e,0x18,0x29,0xc8,0x22,0xcc,0xea,0xcc,0xe8,0xea,0xe4,0xac,0xc7,0x31,0x30,0x10,0x2b,0x1,0xfa,0x1,0x47,0xf0,0x9b,0x12,0x8,0xff,0xae,0x5f,0xf9,0x3,0x94,0x9d,0xc6,0x8a,0x1,0x76,0x61,0x34,0x75,0xe3,0x9f,0x9f,0x97,0x65,0x24,0xbe,0x24,0xa1,0x1f,0x7d,0xc4,0x26,0x40,0x61,0x62,0x93,0xef,0x89,0x6c,0xca,0xb3,0x9c,0x26,0x30,0xdb,0x7c,0xad,0xc0,0x40,0x32,0x3a,0x74,0x49,0x7c,0xa9,0x55,0xff,0xff,0x84,0xdb,0x53,0xba,0x7f,0xa3,0x89,0xfe,0x1d,0x6f,0xf6,0xf0,0x10,0xc0,0x2c,0x4a,0x26,0x1,0x8a,0x29,0xbf,0x61,0x62,0xdf,0x1,0xbb,0xbf,0x62,0xc8,0xb7,0x99,0xba,0x83,0xb1,0xa9,0xc9,0x1d,0xe6,0x91,0xc8,0xcb,0x9f,0xcc,0xdf,0x32,0xe4,0xa,0x61,0x9a,0xe7,0x8b,0xe2,0x5f,0x75,0x89,0x5d,0xf4,0xf6,0xda,0xe3,0x31,0xc8,0x55,0x78,0x38,0x18,0xa2,0x34,0x4b,0x91,0xa2,0x11,0x9c,0x9e,0x98,0xe,0x70,0x40,0x8d,0x5d,0x32,0x55,0xad,0xa8,0x8a,0x21,0xb4,0x6,0x4,0xbc,0x67,0xa,0x96,0x4,0xd6,0x56,0x28,0x5,0xe5,0x45,0x3,0xd4,0x50,0xeb,0xad,0x81,0xd2,0x4d,0xba,0xff,0x9b,0x4b,0xe4,0xe2,0xa6,0x4f,0xed,0x54,0xc8,0xf0,0x26,0x48,0x5d,0xe4,0xa5,0x4,0xce,0x3f,0xa3,0x99,0xf4,0x4b,0xe7,0xd3,0xf7,0x98,0x8c,0x66,0x8,0xc5,0xd6,0xc1,0x3e,0x98,0x86,0x6f,0x78,0xc2,0x81,0x5e,0xdd,0xaa,0xcd,0x98,0x1e,0x29,0xe1,0x60,0xed,0xc4,0xcb,0xb3,0xf,0xd9,0xda,0x4c,0x2d,0xda,0x8b,0x91,0x20,0xbe,0x8b,0x73,0xe7,0xe9,0x69,0x59,0xf6,0xa6,0xea,0x2c,0x29,0xff,0x6f,0x6a,0xaa,0x5f,0xd3,0xb5,0x55,0x70,0x67,0x85,0x9d,0xfa,0x65,0x67,0xd7,0x36,0x84,0x84,0x85,0x2a,0xb2,0xc,0xdb,0xde,0x83,0x55,0xa4,0xdb,0x58,0xb4,0x49,0x9a,0xc2,0x89,0xec,0x7b,0x20,0xc2,0xc8,0x4d,0xf9,0x8a,0x4a,0x34,0x95,0,0xdd,0x43,0xce,0x2a,0xad,0x97,0x9e,0xaa,0xdf,0x7f,0x9d,0x42,0xa6,0xde,0x65,0xb4,0xe4,0x43,0xc0,0xb1,0x8a,0x8f,0xf3,0x9f,0x98,0xa2,0x43,0xd6,0xa1,0xc2,0xf8,0x1,0x6d,0xe1,0x86,0x97,0x18,0x3f,0xcc,0xcb,0x7e,0xc4,0xa0,0x9f,0xae,0x34,0xb4,0xba,0x30,0x79,0xf7,0x77,0xe1,0x9f,0xd9,0x95,0x98,0xaf,0x8b,0x8,0x6a,0x49,0xfa,0x96,0x5d,0x26,0x3,0x8c,0xc,0x9a,0x98,0xfe,0x6f,0xa0,0xbc,0xcf,0xd9,0xd9,0x77,0x39,0x6c,0xf5,0x34,0x4a,0xf6,0x1f,0xae,0x73,0x23,0x3c,0x8a,0x53,0x45,0x8d,0xd,0xfb,0xf0,0x6f,0x7c,0xc1,0x73,0x57,0xa4,0x45,0xf8,0xfa,0x5f,0xb7,0x7a,0xb2,0xae,0xac,0xd7,0x17,0xdf,0xe8,0x5d,0x28,0xd5,0xa6,0xc8,0x27,0x1c,0x5c,0x4c,0x11,0x6c,0x85,0x26,0,0x6,0xbc,0x2a,0x69,0x60,0xef,0x52,0xdc,0x3,0x9,0x83,0xb6,0x23,0x3a,0x38,0x60,0x27,0xbd,0x7a,0xf,0xc5,0x2f,0x24,0xca,0x5,0xbc,0x4b,0xc9,0x33,0x61,0x11,0xf7,0x44,0x6,0x51,0xd2,0xfb,0xcd,0x2f,0x6a,0x53,0xb1,0x2c,0xf3,0xfa,0x81,0xac,0x7b,0xc7,0x18,0xf8,0xb,0xf9,0xe6,0xa3,0x59,0x83,0x69,0x4f,0xc5,0xed,0xf4,0x10,0x74,0x85,0xbc,0xf3,0x8b,0x5f,0x91,0xb7,0x89,0x97,0x32,0x6e,0x7,0xd6,0x1f,0x6b,0x14,0xce,0x14,0x2f,0x6a,0x2b,0xe0,0x99,0xa2,0xed,0x37,0x95,0xc3,0xa4,0x98,0x2c,0xee,0x75,0x11,0x18,0x78,0x7c,0xdb,0x9f,0x5d,0x3b,0xc5,0x43,0x20,0x4b,0xb9,0xa2,0x2b,0x65,0xf4,0xb9,0x37,0x93,0x7b,0x2b,0x3d,0x78,0xd,0x4a,0x59,0xf8,0xcb,0xe9,0x4c,0x14,0x25,0x1,0x6a,0x5c,0x67,0xc5,0xca,0x88,0xfd,0x3f,0xc9,0xe9,0xc7,0x9b,0x7d,0x5,0xf7,0xab,0x77,0x59,0x2,0x99,0xd4,0xe4,0xd4,0xf,0xfb,0x9,0xdb,0x4c,0x78,0xde,0x6c,0x7f,0x46,0x44,0xb3,0x78,0x5a,0xec,0xe3,0x7f,0xc6,0xf8,0x81,0xd0,0xb3,0x38,0x31,0x84,0xb8,0x49,0xd7,0x5,0x34,0x2a,0xcf,0x46,0xa0,0x32,0xcf,0xce,0x26,0x77,0x79,0x88,0xa,0x7e,0xa1,0xe4,0x8d,0xe7,0x9,0x45,0x51,0x8d,0x56,0x18,0xfc,0xa0,0xa5,0xc0,0xb8,0xd,0x1b,0xc7,0xbf,0x98,0xae,0x11,0x8d,0x2d,0x2f,0x3a,0x49,0x9c,0xc4,0x79,0x6e,0xc,0xf3,0x28,0x2f,0x56,0x7a,0xb9,0xdf,0xfe,0xa9,0xad,0xf6,0x3,0x3,0x84,0xd0,0x53,0x9,0xb0,0x6f,0xd,0x45,0x33,0x38,0x36,0x5c,0x64,0x99,0x32,0x6d,0xe8,0xe1,0x4b,0xe5,0x38,0x5b,0x30,0x1c,0xcd,0xad,0x20,0x60,0x3c,0xfa,0x9b,0xe2,0x22,0xb4,0x21,0x23,0xea,0xc,0x24,0x73,0x91,0x95,0xef,0x35,0xee,0x58,0x4f,0x30,0x25,0x9f,0x74,0x4e,0xf5,0xc3,0x46,0x8,0x98,0xf0,0x9c,0xdd,0xc3,0xe7,0x1e,0xee,0x10,0x45,0x23,0x7,0x2b,0x50,0x9e,0xa8,0xe7,0x4c,0x39,0x86,0xf9,0x4,0x6,0xfc,0x5c,0x1e,0x2f,0x73,0xc4,0x88,0x87,0xf5,0x68,0x1a,0x91,0xd5,0x90,0x1,0x9b,0xac,0xe9,0xf5,0x5f,0xf7,0x57,0x5,0x1b,0xd,0x14,0xb,0xf2,0x96,0xbb,0x57,0x5e,0xec,0x3f,0x28,0x21,0xe2,0xb1,0x37,0x39,0x3c,0x95,0x3f,0xe5,0x2c,0x4e,0x3c,0xbd,0xe2,0x58,0x68,0,0x7a,0x7c,0x53,0xc2,0xc2,0xd3,0x6a,0x8a,0x64,0x2c,0xad,0xf2,0xe4,0x41,0xdc,0x94,0xbf,0x5d,0x14,0xf1,0x57,0x43,0xa7,0xda,0x10,0x89,0x1f,0x67,0xed,0x4f,0xf8,0x1b,0x37,0x83,0x26,0x5e,0x27,0x94,0x33,0x41,0x30,0x5b,0x8b,0x39,0xeb,0xb3,0xad,0x99,0xcc,0x8f,0x7b,0xcb,0xe,0x84,0xad,0xe5,0xf2,0x69,0x2f,0xa9,0xa3,0xee,0x71,0x58,0x27,0x15,0xc4,0xb5,0xab,0x65,0x2a,0x6,0x3d,0xc7,0x20,0x29,0x50,0x3f,0xed,0xbb,0xeb,0xe4,0xf2,0x99,0xda,0x65,0x96,0xd,0x63,0xd5,0x53,0x9a,0xf9,0xb7,0x3c,0xa7,0xe1,0xb7,0xf5,0x1e,0x12,0xd0,0x5f,0xe5,0x35,0xd,0x5c,0xcd,0x7,0xe1,0xb7,0x9a,0x9b,0x1f,0x34,0x55,0xb7,0xeb,0x82,0x3e,0xaa,0xcc,0xf4,0x3e,0x55,0x5d,0x8d,0xa,0x3c,0x39,0x8b,0xf0,0x87,0x3c,0xc7,0xbd,0x5b,0x26,0x8e,0x24,0x81,0x92,0x9e,0xcf,0x67,0x8d,0x41,0x8,0xa5,0x83,0xdc,0x14,0xfa,0xb2,0xab,0xd7,0x2,0x98,0x25,0x30,0x76,0xb1,0x65,0xaf,0x76,0x8e,0x4d,0x17,0xc3,0xfa,0xc2,0x79,0x1e,0xc1,0x6a,0x2e,0x70,0xf9,0x26,0x24,0x30,0x41,0xe2,0xf8,0x39,0x8d,0x3,0x91,0xfa,0x78,0x24,0x1d,0x24,0x84,0xe0,0x52,0xb4,0x13,0xac,0xfe,0x6d,0xc,0xb,0xa5,0xe7,0x32,0xbf,0x2a,0xa5,0xba,0x63,0x2a,0x3,0x71,0x1c,0x42,0x5b,0x70,0xad,0xf0,0,0xf6,0xd5,0x7e,0x96,0xe5,0x3,0xe,0xff,0x2e,0x67,0,0x3b,0xc2,0x9d,0xd7,0x7b,0xc8,0x75,0x8c,0xf1,0x2,0x7c,0xdc,0xd5,0x4a,0xff,0xf5,0x3a,0x3d,0x24,0xd4,0x73,0xe4,0xa8,0x8f,0x89,0x16,0xb8,0xf,0x4b,0xbe,0x54,0x13,0xf9,0x3,0xa1,0x24,0x3a,0x5b,0xbd,0x54,0xdd,0x4f,0xf9,0x7c,0x7d,0xe9,0x5a,0x7c,0xe6,0xf3,0xd5,0xc1,0xd4,0x95,0x37,0xe2,0x63,0x22,0x9f,0xde,0x5a,0xa4,0xc1,0x1,0x3c,0x8d,0x15,0x58,0xc7,0x6c,0x61,0xc7,0xbf,0xf8,0xef,0xbb,0xdd,0x5e,0x20,0xba,0x66,0x58,0x76,0xa6,0x4b,0x5d,0xe6,0x24,0x72,0x6b,0x7c,0xc7,0xc2,0x4a,0x3f,0xa7,0x7e,0x7d,0x87,0x7a,0xf2,0x12,0xaa,0x5b,0xff,0xce,0x66])",/home/chris/Toward-verification-of-QUIC-extensions/installer/TVOQE/results/errors/client/local/quant-client-2/temp/188/quic_client_test_stream0.iev,0.0,0.0
321," /home/chris/TVOQE_UPGRADE_27/quic/quant/Debug/bin/client -c false -r 20 -l /home/chris/secret.log -q /home/chris/qlog_quant -t 3600 -v 5 -e 0xff00001d https://localhost:4443/index.html
",client,quic_client_test_retirecoid_error0,,"ivy_return_code(1)+assumption_failed(""quic_client_test_retirecoid_error.ivy: line 276"")",/home/chris/Toward-verification-of-QUIC-extensions/installer/TVOQE/results/errors/client/local/quant-client-2/temp/700/quic_client_test_retirecoid_error0.iev,0.0,0.0
322," /home/chris/TVOQE_UPGRADE_27/quic/quant/Debug/bin/client -c false -r 20 -l /home/chris/secret.log -q /home/chris/qlog_quant -t 3600 -v 5 -e 0xff00001d https://localhost:4443/index.html
",client,quic_client_test_tp_error0,,server_return_code(1)+timeout,/home/chris/Toward-verification-of-QUIC-extensions/installer/TVOQE/results/errors/client/local/quant-client-2/temp/390/quic_client_test_tp_error0.iev,0.0,0.0
323," /home/chris/TVOQE_UPGRADE_27/quic/quant/Debug/bin/client -c false -r 20 -l /home/chris/secret.log -q /home/chris/qlog_quant -t 3600 -v 5 -e 0xff00001d https://localhost:4443/index.html
",client,quic_client_test_blocked_streams_maxstream_error0,,"ivy_return_code(1)+assumption_failed(""quic_client_test_blocked_streams_maxstream_error.ivy: line 283"")",/home/chris/Toward-verification-of-QUIC-extensions/installer/TVOQE/results/errors/client/local/quant-client-2/temp/638/quic_client_test_blocked_streams_maxstream_error0.iev,0.0,0.0
324," /home/chris/TVOQE_UPGRADE_27/quic/quant/Debug/bin/client -c false -r 20 -l /home/chris/secret.log -q /home/chris/qlog_quant -t 3600 -v 5 -e 0xff00001d https://localhost:4443/index.html
",client,quic_client_test_unkown0,,server_return_code(1)+ivy_return_code(1),/home/chris/Toward-verification-of-QUIC-extensions/installer/TVOQE/results/errors/client/local/quant-client-2/temp/1064/quic_client_test_unkown0.iev,0.0,0.0
325," /home/chris/TVOQE_UPGRADE_27/quic/quant/Debug/bin/client -c false -r 20 -l /home/chris/secret.log -q /home/chris/qlog_quant -t 3600 -v 5 -e 0xff00001d https://localhost:4443/index.html
",client,quic_client_test_new_token_error0,,server_return_code(1)+test_completed,/home/chris/Toward-verification-of-QUIC-extensions/installer/TVOQE/results/errors/client/local/quant-client-2/temp/1316/quic_client_test_new_token_error0.iev,0.0,0.0
326," /home/chris/TVOQE_UPGRADE_27/quic/quant/Debug/bin/client -c false -r 20 -l /home/chris/secret.log -q /home/chris/qlog_quant -t 3600 -v 5 -e 0xff00001d https://localhost:4443/index.html
",client,quic_client_test_accept_maxdata0,,"ivy_return_code(1)+assumption_failed(""/usr/local/lib/python2.7/dist-packages/ivy/include/1.7/quic_frame.ivy: line 597"")",/home/chris/Toward-verification-of-QUIC-extensions/installer/TVOQE/results/errors/client/local/quant-client-2/temp/811/quic_client_test_accept_maxdata0.iev,0.0,0.0
327," /home/chris/TVOQE_UPGRADE_27/quic/quant/Debug/bin/client -c false -r 20 -l /home/chris/secret.log -q /home/chris/qlog_quant -t 3600 -v 5 -e 0xff00001d https://localhost:4443/index.html
",client,quic_client_test_unkown0,,server_return_code(1)+ivy_return_code(1),/home/chris/Toward-verification-of-QUIC-extensions/installer/TVOQE/results/errors/client/local/quant-client-2/temp/1050/quic_client_test_unkown0.iev,0.0,0.0
328," /home/chris/TVOQE_UPGRADE_27/quic/quant/Debug/bin/client -c false -r 20 -l /home/chris/secret.log -q /home/chris/qlog_quant -t 3600 -v 5 -e 0xff00001d https://localhost:4443/index.html
",client,quic_client_test_double_tp_error0,,server_return_code(1)+ivy_return_code(1),/home/chris/Toward-verification-of-QUIC-extensions/installer/TVOQE/results/errors/client/local/quant-client-2/temp/486/quic_client_test_double_tp_error0.iev,0.0,0.0
329," /home/chris/TVOQE_UPGRADE_27/quic/quant/Debug/bin/client -c false -r 20 -l /home/chris/secret.log -q /home/chris/qlog_quant -t 3600 -v 5 -e 0xff00001d https://localhost:4443/index.html
",client,quic_client_test_tp_acticoid_error0,,"ivy_return_code(1)+assumption_failed(""quic_client_test_tp_acticoid_error.ivy: line 515"")",/home/chris/Toward-verification-of-QUIC-extensions/installer/TVOQE/results/errors/client/local/quant-client-2/temp/577/quic_client_test_tp_acticoid_error0.iev,0.0,0.0
330," /home/chris/TVOQE_UPGRADE_27/quic/quant/Debug/bin/client -c false -r 20 -l /home/chris/secret.log -q /home/chris/qlog_quant -t 3600 -v 5 -e 0xff00001d https://localhost:4443/index.html
",client,quic_client_test_new_token_error0,,"ivy_return_code(1)+assumption_failed(""quic_client_test_new_token_error.ivy: line 517"")",/home/chris/Toward-verification-of-QUIC-extensions/installer/TVOQE/results/errors/client/local/quant-client-2/temp/1332/quic_client_test_new_token_error0.iev,0.0,0.0
331," /home/chris/TVOQE_UPGRADE_27/quic/quant/Debug/bin/client -c false -r 20 -l /home/chris/secret.log -q /home/chris/qlog_quant -t 3600 -v 5 -e 0xff00001d https://localhost:4443/index.html
",client,quic_client_test_unkown0,,server_return_code(1)+ivy_return_code(1),/home/chris/Toward-verification-of-QUIC-extensions/installer/TVOQE/results/errors/client/local/quant-client-2/temp/1014/quic_client_test_unkown0.iev,0.0,0.0
332," /home/chris/TVOQE_UPGRADE_27/quic/quant/Debug/bin/client -c false -r 20 -l /home/chris/secret.log -q /home/chris/qlog_quant -t 3600 -v 5 -e 0xff00001d https://localhost:4443/index.html
",client,quic_client_test_tp_prefadd_error0,,"ivy_return_code(1)+assumption_failed(""quic_client_test_tp_prefadd_error.ivy: line 518"")",/home/chris/Toward-verification-of-QUIC-extensions/installer/TVOQE/results/errors/client/local/quant-client-2/temp/961/quic_client_test_tp_prefadd_error0.iev,0.0,0.0
333," /home/chris/TVOQE_UPGRADE_27/quic/quant/Debug/bin/client -c false -r 20 -l /home/chris/secret.log -q /home/chris/qlog_quant -t 3600 -v 5 -e 0xff00001d https://localhost:4443/index.html
",client,quic_client_test_tp_error0,,server_return_code(1)+timeout,/home/chris/Toward-verification-of-QUIC-extensions/installer/TVOQE/results/errors/client/local/quant-client-2/temp/310/quic_client_test_tp_error0.iev,0.0,0.0
334," /home/chris/TVOQE_UPGRADE_27/quic/quant/Debug/bin/client -c false -r 20 -l /home/chris/secret.log -q /home/chris/qlog_quant -t 3600 -v 5 -e 0xff00001d https://localhost:4443/index.html
",client,quic_client_test_stream0,,timeout+sending id: server addr: 2130706433 port: 59724,/home/chris/Toward-verification-of-QUIC-extensions/installer/TVOQE/results/errors/client/local/quant-client-2/temp/182/quic_client_test_stream0.iev,0.0,0.0
335," /home/chris/TVOQE_UPGRADE_27/quic/quant/Debug/bin/client -c false -r 20 -l /home/chris/secret.log -q /home/chris/qlog_quant -t 3600 -v 5 -e 0xff00001d https://localhost:4443/index.html
",client,quic_client_test_ext_min_ack_delay0,,,/home/chris/Toward-verification-of-QUIC-extensions/installer/TVOQE/results/errors/client/local/quant-client-2/temp/211/quic_client_test_ext_min_ack_delay0.iev,0.0,1.0
336," /home/chris/TVOQE_UPGRADE_27/quic/quant/Debug/bin/client -c false -r 20 -l /home/chris/secret.log -q /home/chris/qlog_quant -t 3600 -v 5 -e 0xff00001d https://localhost:4443/index.html
",client,quic_client_test_tp_error0,,server_return_code(1)+timeout,/home/chris/Toward-verification-of-QUIC-extensions/installer/TVOQE/results/errors/client/local/quant-client-2/temp/387/quic_client_test_tp_error0.iev,0.0,0.0
337," /home/chris/TVOQE_UPGRADE_27/quic/quant/Debug/bin/client -c false -r 20 -l /home/chris/secret.log -q /home/chris/qlog_quant -t 3600 -v 5 -e 0xff00001d https://localhost:4443/index.html
",client,quic_client_test_retirecoid_error0,,"ivy_return_code(1)+assumption_failed(""quic_client_test_retirecoid_error.ivy: line 276"")",/home/chris/Toward-verification-of-QUIC-extensions/installer/TVOQE/results/errors/client/local/quant-client-2/temp/744/quic_client_test_retirecoid_error0.iev,0.0,0.0
338," /home/chris/TVOQE_UPGRADE_27/quic/quant/Debug/bin/client -c false -r 20 -l /home/chris/secret.log -q /home/chris/qlog_quant -t 3600 -v 5 -e 0xff00001d https://localhost:4443/index.html
",client,quic_client_test_max0,,,/home/chris/Toward-verification-of-QUIC-extensions/installer/TVOQE/results/errors/client/local/quant-client-2/temp/80/quic_client_test_max0.iev,0.0,1.0
339," /home/chris/TVOQE_UPGRADE_27/quic/quant/Debug/bin/client -c false -r 20 -l /home/chris/secret.log -q /home/chris/qlog_quant -t 3600 -v 5 -e 0xff00001d https://localhost:4443/index.html
",client,quic_client_test_limit_max_error0,,"ivy_return_code(1)+assumption_failed(""quic_client_test_limit_max_error.ivy: line 504"")",/home/chris/Toward-verification-of-QUIC-extensions/installer/TVOQE/results/errors/client/local/quant-client-2/temp/1267/quic_client_test_limit_max_error0.iev,0.0,0.0
340," /home/chris/TVOQE_UPGRADE_27/quic/quant/Debug/bin/client -c false -r 20 -l /home/chris/secret.log -q /home/chris/qlog_quant -t 3600 -v 5 -e 0xff00001d https://localhost:4443/index.html
",client,quic_client_test_retirecoid_error0,,"ivy_return_code(1)+assumption_failed(""quic_client_test_retirecoid_error.ivy: line 276"")",/home/chris/Toward-verification-of-QUIC-extensions/installer/TVOQE/results/errors/client/local/quant-client-2/temp/794/quic_client_test_retirecoid_error0.iev,0.0,0.0
341," /home/chris/TVOQE_UPGRADE_27/quic/quant/Debug/bin/client -c false -r 20 -l /home/chris/secret.log -q /home/chris/qlog_quant -t 3600 -v 5 -e 0xff00001d https://localhost:4443/index.html
",client,quic_client_test_limit_max_error0,,"ivy_return_code(1)+assumption_failed(""quic_client_test_limit_max_error.ivy: line 504"")",/home/chris/Toward-verification-of-QUIC-extensions/installer/TVOQE/results/errors/client/local/quant-client-2/temp/1207/quic_client_test_limit_max_error0.iev,0.0,0.0
342," /home/chris/TVOQE_UPGRADE_27/quic/quant/Debug/bin/client -c false -r 20 -l /home/chris/secret.log -q /home/chris/qlog_quant -t 3600 -v 5 -e 0xff00001d https://localhost:4443/index.html
",client,quic_client_test_new_token_error0,,ivy_return_code(134)+ivy_binary_deser_128 getn deser_err,/home/chris/Toward-verification-of-QUIC-extensions/installer/TVOQE/results/errors/client/local/quant-client-2/temp/1301/quic_client_test_new_token_error0.iev,0.0,0.0
343," /home/chris/TVOQE_UPGRADE_27/quic/quant/Debug/bin/client -c false -r 20 -l /home/chris/secret.log -q /home/chris/qlog_quant -t 3600 -v 5 -e 0xff00001d https://localhost:4443/index.html
",client,quic_client_test_new_token_error0,,server_return_code(1)+ivy_return_code(1),/home/chris/Toward-verification-of-QUIC-extensions/installer/TVOQE/results/errors/client/local/quant-client-2/temp/1346/quic_client_test_new_token_error0.iev,0.0,0.0
344," /home/chris/TVOQE_UPGRADE_27/quic/quant/Debug/bin/client -c false -r 20 -l /home/chris/secret.log -q /home/chris/qlog_quant -t 3600 -v 5 -e 0xff00001d https://localhost:4443/index.html
",client,quic_client_test_tp_acticoid_error0,,,/home/chris/Toward-verification-of-QUIC-extensions/installer/TVOQE/results/errors/client/local/quant-client-2/temp/525/quic_client_test_tp_acticoid_error0.iev,0.0,1.0
345," /home/chris/TVOQE_UPGRADE_27/quic/quant/Debug/bin/client -c false -r 20 -l /home/chris/secret.log -q /home/chris/qlog_quant -t 3600 -v 5 -e 0xff00001d https://localhost:4443/index.html
",client,quic_client_test_accept_maxdata0,,,/home/chris/Toward-verification-of-QUIC-extensions/installer/TVOQE/results/errors/client/local/quant-client-2/temp/875/quic_client_test_accept_maxdata0.iev,0.0,1.0
346," /home/chris/TVOQE_UPGRADE_27/quic/quant/Debug/bin/client -c false -r 20 -l /home/chris/secret.log -q /home/chris/qlog_quant -t 3600 -v 5 -e 0xff00001d https://localhost:4443/index.html
",client,quic_client_test_blocked_streams_maxstream_error0,,"ivy_return_code(1)+assumption_failed(""quic_client_test_blocked_streams_maxstream_error.ivy: line 283"")",/home/chris/Toward-verification-of-QUIC-extensions/installer/TVOQE/results/errors/client/local/quant-client-2/temp/652/quic_client_test_blocked_streams_maxstream_error0.iev,0.0,0.0
347," /home/chris/TVOQE_UPGRADE_27/quic/quant/Debug/bin/client -c false -r 20 -l /home/chris/secret.log -q /home/chris/qlog_quant -t 3600 -v 5 -e 0xff00001d https://localhost:4443/index.html
",client,quic_client_test_stream0,,timeout+sending id: server addr: 2130706433 port: 40806,/home/chris/Toward-verification-of-QUIC-extensions/installer/TVOQE/results/errors/client/local/quant-client-2/temp/109/quic_client_test_stream0.iev,0.0,0.0
348," /home/chris/TVOQE_UPGRADE_27/quic/quant/Debug/bin/client -c false -r 20 -l /home/chris/secret.log -q /home/chris/qlog_quant -t 3600 -v 5 -e 0xff00001d https://localhost:4443/index.html
",client,quic_client_test_tp_error0,,"timeout+< undecryptable_packet_event({protocol:udp,addr:0x7f000001,port:0x8cfb},{protocol:udp,addr:0x7f000001,port:0x115b},[0xcf,0xff,0,0,0x1d,0x14,0x3e,0xc9,0x9f,0x26,0x7d,0x79,0xf,0x67,0x35,0xbc,0xcf,0xe5,0xad,0xc5,0x34,0x92,0x96,0x61,0x58,0xcf,0x4,0x7a,0x31,0xd4,0xdc,0,0x44,0x8e,0xe9,0x5,0x2,0x8f,0x8,0x52,0xaf,0x4d,0x57,0xc2,0x84,0x40,0xc2,0x24,0x1d,0x30,0x3a,0x50,0x14,0x28,0x7b,0xf,0,0x82,0x7e,0x3e,0x3d,0xea,0x4f,0x59,0xa6,0x81,0x5e,0xf0,0xba,0xb9,0x57,0x83,0x9e,0xc9,0x2f,0xc4,0xcd,0x48,0xc9,0xd0,0x34,0xd2,0x53,0xc5,0x27,0x95,0xd1,0xb0,0xd6,0x88,0x30,0x25,0x9,0x18,0x6e,0xe5,0x2f,0x8a,0x91,0xdf,0x7c,0xb3,0x94,0x44,0x2b,0x82,0xca,0x51,0x16,0x3e,0xc7,0x2b,0x28,0x36,0xa7,0x40,0x8c,0x2e,0x3a,0x45,0x5c,0x7d,0xe8,0xdc,0xb9,0x9c,0x4,0x9f,0xdd,0xfc,0x41,0x6c,0xec,0xea,0xa1,0xef,0xcf,0xc6,0xac,0xb9,0x9,0x87,0x80,0x88,0xf4,0x1d,0x78,0x45,0x5d,0x9f,0xc4,0x2d,0xcc,0x1d,0xce,0x99,0x78,0x7d,0x4f,0x1e,0x51,0x12,0xc0,0x3b,0xca,0xf6,0xda,0,0x75,0xb,0x50,0x27,0x97,0x9d,0x27,0xbd,0xed,0x85,0x3b,0xed,0xd7,0xc5,0x63,0xaf,0x24,0xde,0x52,0x1c,0x52,0xe4,0x62,0xc4,0xf5,0xdb,0x40,0x1f,0xa3,0x3e,0xb0,0xd2,0x13,0xc2,0x66,0xfd,0xbd,0xce,0x35,0x35,0x4b,0xb6,0x3c,0x43,0x50,0x21,0x4a,0x48,0x94,0x6a,0xc,0xc1,0x87,0x75,0x2e,0xbd,0x5,0xfd,0x89,0x88,0xa2,0x5b,0xbb,0xc2,0x2e,0x52,0xa,0xa9,0x33,0xb1,0x27,0xbe,0x10,0xee,0xbe,0x14,0x9b,0xc7,0x8e,0xf,0x52,0x18,0x7c,0x64,0xcb,0x67,0xd6,0xcb,0x3a,0x1f,0x76,0xd6,0x78,0x8,0xbf,0xdf,0xac,0xd,0xc4,0x8b,0xe2,0xe3,0x74,0xf3,0xd,0xe,0xd2,0x61,0xe8,0x14,0x3e,0xbf,0xb8,0x28,0x69,0x3e,0x75,0x9a,0xe0,0xac,0x71,0x9b,0x9b,0xb0,0xf6,0x1f,0,0x14,0xd3,0x8b,0x63,0x16,0x26,0x2f,0x7c,0x60,0xd,0x6e,0x1d,0xf9,0x98,0x11,0x1,0x8,0x78,0x95,0x27,0xd1,0xac,0x74,0x2f,0xb4,0xc9,0x40,0xab,0xbd,0x36,0x24,0x8a,0xfd,0x7a,0xb4,0x5d,0xb7,0xbe,0x82,0x77,0x25,0x29,0x51,0x27,0xf0,0x1d,0xe6,0x61,0xb5,0x15,0xb5,0x1e,0xcc,0xc6,0x45,0x4c,0xbe,0x63,0x7f,0x92,0x87,0x5,0x79,0x5b,0x17,0x7b,0x17,0xf8,0xc6,0xdb,0x51,0xee,0xd9,0xd9,0x68,0x34,0x58,0xdf,0xeb,0x39,0xf6,0x1b,0x93,0x18,0x98,0xd,0xdb,0xb2,0xbc,0xdc,0x8d,0xf3,0x20,0xbe,0x98,0xb6,0xdb,0x2e,0x9c,0x67,0xf9,0x3a,0x13,0x27,0x6f,0x6d,0x39,0x28,0xbb,0xbe,0x76,0xba,0xb,0x9,0xfa,0xaa,0x9f,0x38,0x68,0x58,0x65,0x40,0x89,0x51,0xa2,0x20,0x5f,0xd5,0xb9,0x46,0x7a,0xb4,0x13,0xfd,0xfe,0x87,0x9a,0xb1,0x52,0x6f,0x2c,0xc2,0x70,0x9e,0xb6,0x5e,0x16,0xd1,0xd1,0xd9,0x43,0x3e,0x96,0xa4,0xda,0x6e,0x20,0x1c,0x5c,0x8e,0x51,0x44,0x69,0xf3,0x92,0x9a,0xce,0x4a,0x14,0xe0,0x91,0x2d,0xbd,0x5d,0x21,0xf5,0xf,0x77,0xf8,0xc6,0x89,0x9a,0xa1,0xa6,0xf1,0xae,0x2,0xb7,0x79,0x7d,0x90,0xc7,0xff,0xc,0xa6,0xa5,0x19,0xd6,0xf4,0x84,0xef,0x37,0x99,0xfa,0x55,0x87,0xa7,0x44,0xc8,0x98,0x96,0xa3,0xf7,0xfc,0xd7,0x36,0x8f,0xe3,0xa9,0xbd,0xff,0xcd,0xbe,0xcf,0xe8,0xff,0xf8,0x96,0xdf,0xc9,0xf1,0xe0,0x49,0xae,0x34,0x64,0x75,0xa,0xcb,0x90,0x65,0x1b,0xa8,0xa6,0xfe,0x8,0x9b,0x39,0xc1,0xd3,0x54,0xc3,0x6b,0xd7,0x31,0x56,0xcf,0x2f,0x39,0x65,0xb6,0xdf,0x88,0x6d,0x89,0xfa,0x7d,0xe5,0xec,0x49,0x89,0x11,0x56,0x72,0xac,0xc1,0x76,0xa3,0x4,0xaf,0x56,0x98,0x3a,0x95,0x1b,0xa9,0x8b,0xd4,0xbd,0xcd,0xd5,0x6a,0x20,0xa4,0x36,0x58,0xed,0xd2,0x4d,0xc6,0x25,0x34,0x2d,0xd4,0x89,0x39,0x5e,0x1a,0xcc,0x5c,0x63,0x8,0x1,0xf5,0x74,0xbe,0x13,0x26,0xda,0x1e,0x42,0x2d,0xb0,0x78,0x72,0x1,0xbd,0x32,0x31,0x7,0x95,0x9e,0x37,0x8b,0x3c,0x80,0x18,0x72,0xa3,0xdf,0x6c,0xd4,0x26,0xb3,0x58,0x42,0x9b,0x52,0x43,0x1b,0x38,0x3,0xde,0xb0,0xe0,0x98,0x94,0xf9,0,0xa4,0x94,0x6,0xff,0x29,0x17,0xbc,0xcc,0xa6,0xde,0x47,0x41,0xb3,0xb8,0x13,0xa7,0xa2,0x95,0x17,0x4a,0x80,0x1,0xcb,0x9,0x1b,0x32,0xf1,0x96,0x15,0x9b,0xac,0x48,0x38,0xc0,0xd7,0xd5,0xe1,0x69,0x6d,0xa9,0xac,0x57,0x62,0x8e,0x2,0x2e,0x4,0x3d,0x7e,0x69,0xb0,0x2b,0x10,0x20,0x2,0x6e,0xe2,0x18,0xae,0xbf,0x74,0x14,0xe2,0x32,0x86,0x80,0xe4,0xba,0x4c,0xea,0x27,0x82,0x13,0x52,0xd1,0xea,0xba,0xc5,0x67,0x3f,0xaa,0xf9,0x88,0x45,0x2c,0xc5,0xe,0x74,0x85,0x71,0x6f,0x31,0xe8,0x62,0x8f,0x41,0x55,0x96,0x89,0x87,0x7d,0x1b,0x88,0xb0,0x9e,0xd1,0x3e,0x65,0xab,0x27,0x8c,0x12,0xf0,0x91,0x24,0x3e,0x46,0x8f,0x90,0x24,0x83,0x8,0x8e,0x72,0x15,0x1d,0x6e,0x54,0xcd,0xab,0xd7,0x5a,0x85,0x22,0xd9,0xb4,0xac,0xb9,0x84,0xd7,0xac,0xa5,0x10,0xdb,0xdf,0x7,0xef,0xdc,0x6b,0x94,0xa0,0xa4,0x16,0x39,0x1c,0xe5,0xbf,0x58,0xc7,0xd9,0x10,0x50,0x7f,0xa,0xf7,0xb7,0x7b,0x3b,0x48,0x5,0xe1,0x69,0xee,0xd0,0x9b,0x28,0x93,0xdb,0x2b,0x15,0xab,0x70,0xc0,0x68,0xe7,0xc5,0x9e,0xdf,0x11,0x5f,0x51,0x65,0x1b,0x5,0x61,0xd5,0x5b,0x35,0x25,0x74,0xeb,0x60,0xb1,0x55,0x50,0x8e,0xb,0xb1,0x1a,0xb7,0xb6,0xf5,0x9d,0x10,0x6c,0xa1,0x79,0xfc,0x32,0xce,0xa5,0xd7,0x79,0x7d,0xf7,0xdf,0xdb,0x46,0xcb,0x51,0x9e,0x93,0xe1,0x1,0x6,0xef,0x16,0xb6,0x34,0xde,0xed,0x3a,0xff,0x4e,0x1a,0x4d,0xa,0xab,0x4b,0x7f,0x29,0x9f,0x3b,0x4,0x52,0xd7,0xcf,0x7c,0x7b,0xa7,0xce,0xbf,0x66,0x4a,0xef,0x9,0xa8,0xfb,0xf8,0xf5,0xf,0x3a,0x5f,0x96,0x1c,0x82,0xa7,0xa0,0x5a,0xd2,0xf6,0xe1,0xbb,0x8,0x12,0x12,0xb3,0xce,0x44,0xa7,0x4f,0x2d,0xe5,0xad,0x6e,0x86,0x9,0x63,0xc9,0xdd,0x92,0,0x1e,0x8e,0xfd,0xdd,0x56,0x6c,0x7b,0x4b,0x7d,0xe9,0x47,0xeb,0xe6,0xd,0xbf,0xc6,0x21,0x6d,0x89,0x9a,0xed,0x80,0x8c,0x66,0xb5,0xc4,0x66,0x9a,0x98,0x93,0x1d,0x25,0x6e,0x35,0xa5,0xee,0xf9,0x30,0x8d,0xc8,0x56,0x15,0xa8,0x1a,0xda,0xe6,0xa1,0x93,0xa2,0xe,0xfd,0x1d,0xa7,0xed,0x3d,0x19,0x16,0x8,0x17,0x83,0xd9,0x94,0x3c,0x2a,0x1c,0x3a,0x8,0x88,0x27,0x28,0xa3,0xcb,0xa8,0x3a,0xde,0x6,0x74,0x4,0xc2,0x1f,0x71,0x41,0x2b,0x4d,0x9c,0xa4,0xb2,0xa0,0x85,0x3,0x29,0x33,0xc7,0xa7,0xe0,0x2c,0xd4,0xe3,0xe8,0xe3,0xe5,0xe4,0x98,0xc2,0x87,0x3b,0xe5,0x26,0xa3,0xd5,0x7f,0x9e,0x64,0x1d,0x32,0x91,0x68,0xbc,0xd6,0x94,0xfc,0xd1,0xb8,0xb5,0x11,0x1b,0xaf,0x89,0x77,0x95,0xde,0xd5,0x7b,0x3d,0xea,0x5d,0x65,0xe3,0x3d,0x3b,0xdb,0xef,0xfd,0x16,0x77,0xc,0xc0,0x44,0x12,0xa5,0xd0,0xe7,0x4b,0x82,0x4,0xb9,0xe1,0x14,0xe,0x40,0x48,0x1c,0x89,0x35,0x14,0xbc,0x91,0x1,0x5f,0x82,0x11,0x5a,0x2f,0x78,0xb2,0x3a,0xc8,0x8c,0xaa,0xd4,0x13,0x18,0xc4,0xd1,0xc,0xc4,0x2e,0xe7,0xd9,0x78,0x28,0xc7,0x9,0xd4,0x9f,0xc5,0x35,0x6f,0xe2,0xbb,0x15,0xcd,0x85,0x8d,0x4d,0xc7,0x1,0x1,0x43,0x62,0x6d,0xb5,0x61,0x3a,0x46,0x21,0x19,0xc1,0xc6,0xb8,0xfb,0x77,0x73,0xda,0x9e,0xe3,0x7,0x9c,0x8e,0x3c,0xd1,0x96,0xee,0x7e,0x56,0x10,0x15,0x20,0x85,0xf5,0xe7,0x78,0x50,0xfd])",/home/chris/Toward-verification-of-QUIC-extensions/installer/TVOQE/results/errors/client/local/quant-client-2/temp/321/quic_client_test_tp_error0.iev,0.0,0.0
349," /home/chris/TVOQE_UPGRADE_27/quic/quant/Debug/bin/client -c false -r 20 -l /home/chris/secret.log -q /home/chris/qlog_quant -t 3600 -v 5 -e 0xff00001d https://localhost:4443/index.html
",client,quic_client_test_tp_prefadd_error0,,server_return_code(1)+ivy_return_code(1),/home/chris/Toward-verification-of-QUIC-extensions/installer/TVOQE/results/errors/client/local/quant-client-2/temp/956/quic_client_test_tp_prefadd_error0.iev,0.0,0.0
350," /home/chris/TVOQE_UPGRADE_27/quic/quant/Debug/bin/client -c false -r 20 -l /home/chris/secret.log -q /home/chris/qlog_quant -t 3600 -v 5 -e 0xff00001d https://localhost:4443/index.html
",client,quic_client_test_double_tp_error0,,server_return_code(1)+ivy_return_code(1),/home/chris/Toward-verification-of-QUIC-extensions/installer/TVOQE/results/errors/client/local/quant-client-2/temp/472/quic_client_test_double_tp_error0.iev,0.0,0.0
351," /home/chris/TVOQE_UPGRADE_27/quic/quant/Debug/bin/client -c false -r 20 -l /home/chris/secret.log -q /home/chris/qlog_quant -t 3600 -v 5 -e 0xff00001d https://localhost:4443/index.html
",client,quic_client_test_unkown0,,server_return_code(1)+ivy_return_code(1),/home/chris/Toward-verification-of-QUIC-extensions/installer/TVOQE/results/errors/client/local/quant-client-2/temp/1029/quic_client_test_unkown0.iev,0.0,0.0
352," /home/chris/TVOQE_UPGRADE_27/quic/quant/Debug/bin/client -c false -r 20 -l /home/chris/secret.log -q /home/chris/qlog_quant -t 3600 -v 5 -e 0xff00001d https://localhost:4443/index.html
",client,quic_client_test_double_tp_error0,,server_return_code(1)+ivy_return_code(1),/home/chris/Toward-verification-of-QUIC-extensions/installer/TVOQE/results/errors/client/local/quant-client-2/temp/456/quic_client_test_double_tp_error0.iev,0.0,0.0
353," /home/chris/TVOQE_UPGRADE_27/quic/quant/Debug/bin/client -c false -r 20 -l /home/chris/secret.log -q /home/chris/qlog_quant -t 3600 -v 5 -e 0xff00001d https://localhost:4443/index.html
",client,quic_client_test_tp_prefadd_error0,,server_return_code(1)+ivy_return_code(1),/home/chris/Toward-verification-of-QUIC-extensions/installer/TVOQE/results/errors/client/local/quant-client-2/temp/965/quic_client_test_tp_prefadd_error0.iev,0.0,0.0
354," /home/chris/TVOQE_UPGRADE_27/quic/quant/Debug/bin/client -c false -r 20 -l /home/chris/secret.log -q /home/chris/qlog_quant -t 3600 -v 5 -e 0xff00001d https://localhost:4443/index.html
",client,quic_client_test_accept_maxdata0,,,/home/chris/Toward-verification-of-QUIC-extensions/installer/TVOQE/results/errors/client/local/quant-client-2/temp/834/quic_client_test_accept_maxdata0.iev,0.0,1.0
355," /home/chris/TVOQE_UPGRADE_27/quic/quant/Debug/bin/client -c false -r 20 -l /home/chris/secret.log -q /home/chris/qlog_quant -t 3600 -v 5 -e 0xff00001d https://localhost:4443/index.html
",client,quic_client_test_ext_min_ack_delay0,,,/home/chris/Toward-verification-of-QUIC-extensions/installer/TVOQE/results/errors/client/local/quant-client-2/temp/298/quic_client_test_ext_min_ack_delay0.iev,0.0,1.0
356," /home/chris/TVOQE_UPGRADE_27/quic/quant/Debug/bin/client -c false -r 20 -l /home/chris/secret.log -q /home/chris/qlog_quant -t 3600 -v 5 -e 0xff00001d https://localhost:4443/index.html
",client,quic_client_test_tp_acticoid_error0,,"ivy_return_code(1)+assumption_failed(""quic_client_test_tp_acticoid_error.ivy: line 515"")",/home/chris/Toward-verification-of-QUIC-extensions/installer/TVOQE/results/errors/client/local/quant-client-2/temp/551/quic_client_test_tp_acticoid_error0.iev,0.0,0.0
357," /home/chris/TVOQE_UPGRADE_27/quic/quant/Debug/bin/client -c false -r 20 -l /home/chris/secret.log -q /home/chris/qlog_quant -t 3600 -v 5 -e 0xff00001d https://localhost:4443/index.html
",client,quic_client_test_tp_acticoid_error0,,,/home/chris/Toward-verification-of-QUIC-extensions/installer/TVOQE/results/errors/client/local/quant-client-2/temp/542/quic_client_test_tp_acticoid_error0.iev,0.0,1.0
358," /home/chris/TVOQE_UPGRADE_27/quic/quant/Debug/bin/client -c false -r 20 -l /home/chris/secret.log -q /home/chris/qlog_quant -t 3600 -v 5 -e 0xff00001d https://localhost:4443/index.html
",client,quic_client_test_stream0,,timeout+sending id: server addr: 2130706433 port: 45763,/home/chris/Toward-verification-of-QUIC-extensions/installer/TVOQE/results/errors/client/local/quant-client-2/temp/165/quic_client_test_stream0.iev,0.0,0.0
359," /home/chris/TVOQE_UPGRADE_27/quic/quant/Debug/bin/client -c false -r 20 -l /home/chris/secret.log -q /home/chris/qlog_quant -t 3600 -v 5 -e 0xff00001d https://localhost:4443/index.html
",client,quic_client_test_tp_acticoid_error0,,,/home/chris/Toward-verification-of-QUIC-extensions/installer/TVOQE/results/errors/client/local/quant-client-2/temp/516/quic_client_test_tp_acticoid_error0.iev,0.0,1.0
360," /home/chris/TVOQE_UPGRADE_27/quic/quant/Debug/bin/client -c false -r 20 -l /home/chris/secret.log -q /home/chris/qlog_quant -t 3600 -v 5 -e 0xff00001d https://localhost:4443/index.html
",client,quic_client_test_max0,,,/home/chris/Toward-verification-of-QUIC-extensions/installer/TVOQE/results/errors/client/local/quant-client-2/temp/84/quic_client_test_max0.iev,0.0,1.0
361," /home/chris/TVOQE_UPGRADE_27/quic/quant/Debug/bin/client -c false -r 20 -l /home/chris/secret.log -q /home/chris/qlog_quant -t 3600 -v 5 -e 0xff00001d https://localhost:4443/index.html
",client,quic_client_test_limit_max_error0,,"ivy_return_code(1)+assumption_failed(""quic_client_test_limit_max_error.ivy: line 504"")",/home/chris/Toward-verification-of-QUIC-extensions/installer/TVOQE/results/errors/client/local/quant-client-2/temp/1200/quic_client_test_limit_max_error0.iev,0.0,0.0
362," /home/chris/TVOQE_UPGRADE_27/quic/quant/Debug/bin/client -c false -r 20 -l /home/chris/secret.log -q /home/chris/qlog_quant -t 3600 -v 5 -e 0xff00001d https://localhost:4443/index.html
",client,quic_client_test_stream0,,"timeout+< undecryptable_packet_event({protocol:udp,addr:0x7f000001,port:0xce0f},{protocol:udp,addr:0x7f000001,port:0x115b},[0xcf,0xff,0,0,0x1d,0x12,0x22,0xc6,0x1f,0xde,0xb2,0x4a,0x76,0xd6,0x66,0x2b,0x6e,0x24,0x64,0x40,0xd2,0xeb,0x90,0xf,0x4,0xf9,0x93,0x73,0xed,0,0x44,0x90,0xfa,0xe5,0x6b,0x10,0xb9,0x28,0xf7,0xc,0x4a,0xbe,0x14,0xaa,0x4,0xc0,0xf4,0x13,0x98,0x2e,0x54,0x3e,0xe0,0,0xb9,0xca,0x5b,0xb2,0x2e,0xa0,0x7e,0x5,0xa6,0x4d,0x28,0xb,0xdb,0x11,0xde,0xd4,0xa7,0x7b,0x8f,0x57,0xb2,0x2a,0xb6,0x98,0xf8,0x29,0xcb,0x91,0x3,0x4c,0xa8,0x90,0xb,0xc,0x93,0x45,0xfb,0xe3,0xc2,0x92,0x6,0xa,0x23,0x9a,0xf6,0x89,0xa0,0x48,0x14,0x51,0xed,0x32,0x3c,0xee,0x6d,0xf4,0x7f,0xe1,0x99,0x9e,0xb1,0x77,0xf3,0xb,0xac,0x72,0x4d,0xca,0xbd,0xf2,0xda,0xaa,0x7e,0x11,0x29,0xfd,0x80,0x2d,0x6a,0xca,0xfd,0xb9,0,0xcb,0xf7,0x5a,0x24,0xdd,0x58,0xed,0xc0,0xc9,0xb,0xb8,0x69,0xe9,0x56,0x36,0x84,0xe4,0xa0,0x6b,0x25,0x63,0xdd,0x14,0xb,0xc0,0x39,0xe3,0x32,0xe1,0x45,0x91,0x48,0xee,0x30,0xbc,0x3d,0x70,0x84,0xbf,0x7e,0x76,0xea,0x62,0x71,0xe9,0x7,0x1a,0xd4,0x52,0xb7,0x71,0x80,0xed,0x23,0x6a,0xce,0xe0,0x14,0xf,0x91,0xd1,0x16,0xb0,0x26,0x75,0x1e,0x35,0xee,0x59,0x30,0xfc,0x7b,0x6c,0x22,0x1e,0xe4,0xde,0x18,0x58,0x76,0xc7,0xd7,0xe,0xd9,0x6f,0x99,0x70,0xa5,0x4c,0x1f,0xe5,0xbf,0x28,0x95,0x58,0xce,0x5d,0xa4,0x99,0x59,0xe4,0xf4,0xaf,0xe,0x6f,0x7a,0x3c,0xe4,0x3,0x5,0xb9,0xe3,0xd0,0xa1,0x54,0xce,0xf5,0x45,0xea,0x3e,0x4e,0xdf,0x94,0xf5,0x25,0x9b,0x28,0x29,0xd8,0x52,0x81,0x6a,0x87,0x42,0xa,0x36,0xfa,0xf1,0xe6,0x82,0x2c,0x7c,0x78,0x30,0x72,0x8,0x1a,0xa,0xcb,0x8d,0x4,0xb8,0x17,0xe3,0xb0,0x79,0xb1,0x41,0x50,0xef,0xc5,0x83,0x1e,0xcb,0x4d,0xd0,0x76,0x42,0x61,0x48,0x49,0x25,0x63,0xed,0xa8,0xce,0x9f,0x3a,0x32,0x31,0xa1,0x93,0x1f,0xc5,0x60,0x49,0xdb,0x95,0x2d,0x2d,0x53,0x6a,0xae,0x77,0xc8,0xad,0xb5,0xc,0xf4,0xc9,0xf5,0x63,0x49,0xc6,0xb,0xa0,0xab,0xf5,0xf5,0x34,0xb,0x4,0x8f,0x97,0x87,0xb7,0x9f,0x6d,0xe5,0x6e,0x37,0xf0,0xf2,0xb4,0x20,0x3e,0x13,0xea,0xa5,0xa1,0x25,0x84,0x75,0x95,0x22,0x22,0x88,0x9a,0x39,0x9a,0x28,0x5,0x78,0x2d,0x23,0x38,0xc8,0xfc,0xad,0xa3,0x1f,0x2b,0xe8,0xc7,0xde,0x1,0x70,0x83,0x50,0xa1,0xf1,0xa0,0xd3,0xdc,0xcc,0x1a,0x87,0x92,0x17,0x30,0x9b,0xeb,0xfe,0x57,0x19,0x48,0x3e,0x26,0x36,0x2b,0x61,0x13,0xf8,0x3f,0x9f,0x5a,0xeb,0x9c,0x4b,0x9d,0xab,0x1c,0x37,0xdd,0x2f,0x31,0x6e,0x3b,0xe6,0x75,0xbc,0xed,0x14,0x5e,0x8,0xcd,0x81,0x3e,0x82,0xcd,0x6c,0xb2,0xd4,0xcd,0x3c,0xb5,0x68,0xd7,0xa1,0x5d,0x45,0x80,0xad,0xdb,0x13,0x53,0x89,0xfc,0xa,0xde,0x76,0xe,0x79,0xa7,0x52,0x3f,0x68,0x14,0xd7,0xf8,0xb1,0x7,0xca,0x7f,0x6,0,0x57,0x65,0x49,0x29,0x4,0xfa,0x5b,0x17,0x47,0x7d,0xff,0x4c,0xd1,0x20,0xba,0x8d,0xe9,0xc0,0x2e,0xdf,0x41,0x3d,0x57,0xb4,0x87,0xee,0xc1,0x6e,0x38,0x8e,0x31,0x91,0x83,0xa2,0x7f,0x8a,0x44,0x75,0xb8,0x49,0x4c,0xe6,0xd7,0x92,0xd1,0xe6,0xcb,0x83,0xa3,0xe9,0x51,0x8,0xcf,0xff,0xcc,0xb6,0x3a,0x58,0xea,0x4d,0x7f,0x11,0xd8,0xdc,0x82,0xdf,0xd7,0xdd,0xdf,0x99,0x51,0xde,0xac,0xe,0xe0,0xdf,0xee,0x8c,0x12,0xc0,0xf9,0x29,0xf3,0xbd,0x4,0x99,0x58,0x2b,0x7,0xcc,0x2a,0x3b,0x69,0x20,0xf3,0xc2,0x39,0x98,0xe0,0x9b,0xb0,0xd3,0x6e,0x59,0xbc,0,0x74,0x16,0xf8,0x3f,0xc0,0x2f,0xf9,0xda,0x50,0xf3,0x18,0xf1,0xa5,0x57,0xac,0x70,0x63,0x65,0xd6,0x8f,0x82,0x20,0x60,0xc2,0x6,0xad,0x25,0x89,0xa9,0x8a,0x87,0x23,0x57,0x5a,0xb1,0x2,0xcd,0,0xd4,0xa0,0x59,0xdb,0x7a,0x16,0x97,0x1f,0xab,0xc,0xd2,0xfa,0x13,0x8e,0xe2,0x8,0x50,0x1f,0xd5,0x50,0x28,0x1d,0x85,0x56,0xd9,0x1d,0xc1,0x40,0x5a,0xec,0x88,0x4d,0xf4,0xfa,0xbc,0x3d,0xd9,0xf4,0x6a,0xc1,0x49,0xa3,0xed,0x5d,0x22,0xf8,0x24,0x60,0x80,0xe9,0x69,0xca,0xd9,0xc6,0x85,0x9a,0xd0,0xf6,0xe4,0xa,0xa,0x16,0x61,0x73,0xc2,0x46,0x50,0x74,0x8d,0x89,0x6d,0xa3,0x97,0x94,0x3d,0x4d,0x35,0x15,0x29,0xa,0x22,0x5c,0x24,0x52,0xec,0xc,0x90,0x9c,0xa6,0x27,0x4d,0x53,0xae,0x85,0x27,0x90,0x2,0x52,0x50,0xd9,0x95,0xe7,0xc5,0xc2,0x49,0xab,0x6e,0x96,0x59,0x65,0xea,0xb1,0x4d,0xee,0xe9,0x22,0xe8,0xed,0xa0,0x4b,0x2d,0x47,0x90,0x22,0xff,0xd4,0x63,0x40,0x6f,0x2a,0xc2,0xd5,0x99,0xfa,0x18,0xd5,0x4b,0x16,0x67,0xe0,0x61,0x4d,0x7a,0x8d,0xe5,0x44,0x8d,0x84,0xba,0xbc,0x7d,0x1a,0x86,0x38,0xdb,0x1b,0x74,0xd4,0xc8,0x51,0x89,0x99,0x7d,0x67,0x37,0xd7,0xcd,0x2e,0x69,0xec,0x7b,0x8e,0x63,0x47,0xef,0xce,0xd4,0x78,0x12,0x8d,0x1e,0xee,0x1d,0xd2,0xe,0xe0,0x36,0x33,0xe6,0xb6,0xb0,0x2f,0x26,0x1,0xce,0x3a,0x7a,0x57,0x88,0x73,0xd7,0x80,0xb6,0x10,0x93,0x80,0xd7,0x31,0xb5,0xc9,0x21,0x2a,0x31,0x84,0x73,0xe0,0xca,0xcb,0x8f,0x5b,0x56,0xd7,0x37,0x73,0x17,0x70,0xd1,0xd,0xe4,0x4f,0xb1,0x18,0x70,0xd3,0xee,0x7f,0x44,0x58,0x2,0x31,0xf2,0xd3,0xbc,0xde,0x53,0x3,0xb7,0x4,0xdc,0x58,0x1b,0x82,0xf4,0xc1,0x4f,0x1a,0x2d,0x64,0xee,0xa3,0x7f,0xe0,0x99,0x71,0x45,0xe3,0x20,0xb1,0x75,0xcb,0x2e,0x22,0x18,0x9d,0xaf,0xf6,0xdf,0x63,0x43,0x70,0x1,0xb7,0x98,0x3a,0xe2,0x21,0xed,0xd3,0xbe,0xdc,0x6f,0x3c,0x23,0x3b,0x1c,0x22,0x2b,0xb9,0,0xeb,0xc5,0xb1,0x68,0x41,0x88,0xa,0x68,0x7b,0x95,0x4,0x55,0x9b,0xa0,0x6f,0xa2,0x3a,0x49,0xab,0x6b,0xdf,0xf6,0xf5,0xc2,0xbf,0x48,0x46,0x7b,0x30,0xca,0x92,0x6,0x79,0x82,0x96,0x9c,0xed,0xf,0x95,0x95,0x58,0xe2,0x8e,0x74,0x38,0xf7,0x93,0xe1,0xd0,0xf3,0x27,0xd,0x54,0x34,0xe,0xb0,0x9,0xc7,0x26,0x43,0x95,0xab,0xca,0x76,0x22,0x82,0x8,0xe8,0x25,0x5c,0x40,0x63,0xfe,0xb4,0xbe,0xfb,0x4a,0x48,0x31,0xeb,0xda,0xae,0xae,0x56,0x35,0x46,0x4d,0xa7,0x8b,0xe,0xc4,0x90,0x68,0x86,0x1e,0xd5,0xd3,0x7a,0x4b,0xd3,0x2d,0xf2,0x79,0xf5,0x90,0x82,0x1,0x82,0x22,0x17,0xd1,0x3e,0x73,0x10,0x3d,0x86,0xc0,0xdb,0xee,0x46,0x52,0xd1,0x14,0xc9,0xd,0xb4,0x65,0x97,0x51,0x52,0x92,0x8d,0x51,0xcc,0x78,0x7b,0x40,0xd4,0x6b,0x7c,0x99,0xc4,0xaf,0xb3,0xff,0xa5,0xef,0x8e,0xfe,0x1c,0x7d,0x46,0xa6,0x83,0x7e,0x5b,0x8e,0x90,0x11,0xd5,0x92,0xcb,0xa5,0xe2,0xfc,0x2b,0x56,0x9b,0xa9,0xa4,0x23,0x38,0x85,0x97,0x85,0x56,0x3b,0x6c,0xe4,0x30,0x1d,0x9f,0x27,0xd2,0xf9,0x42,0xb5,0x83,0xa1,0xfc,0x97,0xed,0xbe,0x44,0x3f,0x44,0xac,0x7,0xf4,0x8d,0xe5,0x20,0x17,0xf3,0x8c,0xbf,0x66,0xc0,0xa4,0xc8,0x73,0x2d,0xbd,0xe4,0x2e,0x35,0xb3,0xf0,0x6d,0x4c,0xc8,0xcd,0xc,0x7b,0x5,0x32,0x3e,0xbf,0xc0,0xc6,0x3d,0x8a,0xd3,0x16,0xe3,0x47,0x86,0xd,0x81,0x99,0xf7,0xcc,0x21,0x69,0x99,0xb5,0x2d,0,0xb8,0x93,0xfe,0xa4,0x46,0x7b,0xce,0x74,0xb9,0x9b,0x19,0xc9,0xe2,0xbe,0xf2,0x24,0xa7,0x19,0xdd,0x45,0x90,0xcc,0x8d,0xb4,0x8f,0xc])",/home/chris/Toward-verification-of-QUIC-extensions/installer/TVOQE/results/errors/client/local/quant-client-2/temp/163/quic_client_test_stream0.iev,0.0,0.0
363," /home/chris/TVOQE_UPGRADE_27/quic/quant/Debug/bin/client -c false -r 20 -l /home/chris/secret.log -q /home/chris/qlog_quant -t 3600 -v 5 -e 0xff00001d https://localhost:4443/index.html
",client,quic_client_test_tp_prefadd_error0,,server_return_code(1)+ivy_return_code(1),/home/chris/Toward-verification-of-QUIC-extensions/installer/TVOQE/results/errors/client/local/quant-client-2/temp/930/quic_client_test_tp_prefadd_error0.iev,0.0,0.0
364," /home/chris/TVOQE_UPGRADE_27/quic/quant/Debug/bin/client -c false -r 20 -l /home/chris/secret.log -q /home/chris/qlog_quant -t 3600 -v 5 -e 0xff00001d https://localhost:4443/index.html
",client,quic_client_test_limit_max_error0,,"ivy_return_code(1)+assumption_failed(""quic_client_test_limit_max_error.ivy: line 504"")",/home/chris/Toward-verification-of-QUIC-extensions/installer/TVOQE/results/errors/client/local/quant-client-2/temp/1208/quic_client_test_limit_max_error0.iev,0.0,0.0
365," /home/chris/TVOQE_UPGRADE_27/quic/quant/Debug/bin/client -c false -r 20 -l /home/chris/secret.log -q /home/chris/qlog_quant -t 3600 -v 5 -e 0xff00001d https://localhost:4443/index.html
",client,quic_client_test_double_tp_error0,,server_return_code(1)+ivy_return_code(1),/home/chris/Toward-verification-of-QUIC-extensions/installer/TVOQE/results/errors/client/local/quant-client-2/temp/415/quic_client_test_double_tp_error0.iev,0.0,0.0
366," /home/chris/TVOQE_UPGRADE_27/quic/quant/Debug/bin/client -c false -r 20 -l /home/chris/secret.log -q /home/chris/qlog_quant -t 3600 -v 5 -e 0xff00001d https://localhost:4443/index.html
",client,quic_client_test_limit_max_error0,,"ivy_return_code(1)+assumption_failed(""quic_client_test_limit_max_error.ivy: line 504"")",/home/chris/Toward-verification-of-QUIC-extensions/installer/TVOQE/results/errors/client/local/quant-client-2/temp/1210/quic_client_test_limit_max_error0.iev,0.0,0.0
367," /home/chris/TVOQE_UPGRADE_27/quic/quant/Debug/bin/client -c false -r 20 -l /home/chris/secret.log -q /home/chris/qlog_quant -t 3600 -v 5 -e 0xff00001d https://localhost:4443/index.html
",client,quic_client_test_max0,,,/home/chris/Toward-verification-of-QUIC-extensions/installer/TVOQE/results/errors/client/local/quant-client-2/temp/29/quic_client_test_max0.iev,0.0,1.0
368," /home/chris/TVOQE_UPGRADE_27/quic/quant/Debug/bin/client -c false -r 20 -l /home/chris/secret.log -q /home/chris/qlog_quant -t 3600 -v 5 -e 0xff00001d https://localhost:4443/index.html
",client,quic_client_test_blocked_streams_maxstream_error0,,"ivy_return_code(1)+assumption_failed(""quic_client_test_blocked_streams_maxstream_error.ivy: line 283"")",/home/chris/Toward-verification-of-QUIC-extensions/installer/TVOQE/results/errors/client/local/quant-client-2/temp/627/quic_client_test_blocked_streams_maxstream_error0.iev,0.0,0.0
369," /home/chris/TVOQE_UPGRADE_27/quic/quant/Debug/bin/client -c false -r 20 -l /home/chris/secret.log -q /home/chris/qlog_quant -t 3600 -v 5 -e 0xff00001d https://localhost:4443/index.html
",client,quic_client_test_blocked_streams_maxstream_error0,,"ivy_return_code(1)+assumption_failed(""quic_client_test_blocked_streams_maxstream_error.ivy: line 283"")",/home/chris/Toward-verification-of-QUIC-extensions/installer/TVOQE/results/errors/client/local/quant-client-2/temp/606/quic_client_test_blocked_streams_maxstream_error0.iev,0.0,0.0
370," /home/chris/TVOQE_UPGRADE_27/quic/quant/Debug/bin/client -c false -r 20 -l /home/chris/secret.log -q /home/chris/qlog_quant -t 3600 -v 5 -e 0xff00001d https://localhost:4443/index.html
",client,quic_client_test_ext_min_ack_delay0,,,/home/chris/Toward-verification-of-QUIC-extensions/installer/TVOQE/results/errors/client/local/quant-client-2/temp/257/quic_client_test_ext_min_ack_delay0.iev,0.0,1.0
371," /home/chris/TVOQE_UPGRADE_27/quic/quant/Debug/bin/client -c false -r 20 -l /home/chris/secret.log -q /home/chris/qlog_quant -t 3600 -v 5 -e 0xff00001d https://localhost:4443/index.html
",client,quic_client_test_new_token_error0,,server_return_code(1)+ivy_return_code(1),/home/chris/Toward-verification-of-QUIC-extensions/installer/TVOQE/results/errors/client/local/quant-client-2/temp/1366/quic_client_test_new_token_error0.iev,0.0,0.0
372," /home/chris/TVOQE_UPGRADE_27/quic/quant/Debug/bin/client -c false -r 20 -l /home/chris/secret.log -q /home/chris/qlog_quant -t 3600 -v 5 -e 0xff00001d https://localhost:4443/index.html
",client,quic_client_test_retirecoid_error0,,"ivy_return_code(1)+assumption_failed(""quic_client_test_retirecoid_error.ivy: line 276"")",/home/chris/Toward-verification-of-QUIC-extensions/installer/TVOQE/results/errors/client/local/quant-client-2/temp/710/quic_client_test_retirecoid_error0.iev,0.0,0.0
373," /home/chris/TVOQE_UPGRADE_27/quic/quant/Debug/bin/client -c false -r 20 -l /home/chris/secret.log -q /home/chris/qlog_quant -t 3600 -v 5 -e 0xff00001d https://localhost:4443/index.html
",client,quic_client_test_blocked_streams_maxstream_error0,,"ivy_return_code(1)+assumption_failed(""/usr/local/lib/python2.7/dist-packages/ivy/include/1.7/quic_packet.ivy: line 377"")",/home/chris/Toward-verification-of-QUIC-extensions/installer/TVOQE/results/errors/client/local/quant-client-2/temp/679/quic_client_test_blocked_streams_maxstream_error0.iev,0.0,0.0
374," /home/chris/TVOQE_UPGRADE_27/quic/quant/Debug/bin/client -c false -r 20 -l /home/chris/secret.log -q /home/chris/qlog_quant -t 3600 -v 5 -e 0xff00001d https://localhost:4443/index.html
",client,quic_client_test_retirecoid_error0,,"ivy_return_code(1)+assumption_failed(""quic_client_test_retirecoid_error.ivy: line 276"")",/home/chris/Toward-verification-of-QUIC-extensions/installer/TVOQE/results/errors/client/local/quant-client-2/temp/742/quic_client_test_retirecoid_error0.iev,0.0,0.0
375," /home/chris/TVOQE_UPGRADE_27/quic/quant/Debug/bin/client -c false -r 20 -l /home/chris/secret.log -q /home/chris/qlog_quant -t 3600 -v 5 -e 0xff00001d https://localhost:4443/index.html
",client,quic_client_test_retirecoid_error0,,"ivy_return_code(1)+assumption_failed(""quic_client_test_retirecoid_error.ivy: line 276"")",/home/chris/Toward-verification-of-QUIC-extensions/installer/TVOQE/results/errors/client/local/quant-client-2/temp/779/quic_client_test_retirecoid_error0.iev,0.0,0.0
376," /home/chris/TVOQE_UPGRADE_27/quic/quant/Debug/bin/client -c false -r 20 -l /home/chris/secret.log -q /home/chris/qlog_quant -t 3600 -v 5 -e 0xff00001d https://localhost:4443/index.html
",client,quic_client_test_limit_max_error0,,"ivy_return_code(1)+assumption_failed(""quic_client_test_limit_max_error.ivy: line 504"")",/home/chris/Toward-verification-of-QUIC-extensions/installer/TVOQE/results/errors/client/local/quant-client-2/temp/1280/quic_client_test_limit_max_error0.iev,0.0,0.0
377," /home/chris/TVOQE_UPGRADE_27/quic/quant/Debug/bin/client -c false -r 20 -l /home/chris/secret.log -q /home/chris/qlog_quant -t 3600 -v 5 -e 0xff00001d https://localhost:4443/index.html
",client,quic_client_test_blocked_streams_maxstream_error0,,"ivy_return_code(1)+assumption_failed(""quic_client_test_blocked_streams_maxstream_error.ivy: line 283"")",/home/chris/Toward-verification-of-QUIC-extensions/installer/TVOQE/results/errors/client/local/quant-client-2/temp/664/quic_client_test_blocked_streams_maxstream_error0.iev,0.0,0.0
378," /home/chris/TVOQE_UPGRADE_27/quic/quant/Debug/bin/client -c false -r 20 -l /home/chris/secret.log -q /home/chris/qlog_quant -t 3600 -v 5 -e 0xff00001d https://localhost:4443/index.html
",client,quic_client_test_accept_maxdata0,,,/home/chris/Toward-verification-of-QUIC-extensions/installer/TVOQE/results/errors/client/local/quant-client-2/temp/826/quic_client_test_accept_maxdata0.iev,0.0,1.0
379," /home/chris/TVOQE_UPGRADE_27/quic/quant/Debug/bin/client -c false -r 20 -l /home/chris/secret.log -q /home/chris/qlog_quant -t 3600 -v 5 -e 0xff00001d https://localhost:4443/index.html
",client,quic_client_test_max0,,"ivy_return_code(1)+assumption_failed(""quic_client_test.ivy: line 310"")",/home/chris/Toward-verification-of-QUIC-extensions/installer/TVOQE/results/errors/client/local/quant-client-2/temp/73/quic_client_test_max0.iev,0.0,0.0
380," /home/chris/TVOQE_UPGRADE_27/quic/quant/Debug/bin/client -c false -r 20 -l /home/chris/secret.log -q /home/chris/qlog_quant -t 3600 -v 5 -e 0xff00001d https://localhost:4443/index.html
",client,quic_client_test_retirecoid_error0,,"ivy_return_code(1)+assumption_failed(""quic_client_test_retirecoid_error.ivy: line 276"")",/home/chris/Toward-verification-of-QUIC-extensions/installer/TVOQE/results/errors/client/local/quant-client-2/temp/709/quic_client_test_retirecoid_error0.iev,0.0,0.0
381," /home/chris/TVOQE_UPGRADE_27/quic/quant/Debug/bin/client -c false -r 20 -l /home/chris/secret.log -q /home/chris/qlog_quant -t 3600 -v 5 -e 0xff00001d https://localhost:4443/index.html
",client,quic_client_test_ext_min_ack_delay0,,"ivy_return_code(1)+assumption_failed(""quic_client_test_ext_min_ack_delay.ivy: line 524"")",/home/chris/Toward-verification-of-QUIC-extensions/installer/TVOQE/results/errors/client/local/quant-client-2/temp/272/quic_client_test_ext_min_ack_delay0.iev,0.0,0.0
382," /home/chris/TVOQE_UPGRADE_27/quic/quant/Debug/bin/client -c false -r 20 -l /home/chris/secret.log -q /home/chris/qlog_quant -t 3600 -v 5 -e 0xff00001d https://localhost:4443/index.html
",client,quic_client_test_max0,,,/home/chris/Toward-verification-of-QUIC-extensions/installer/TVOQE/results/errors/client/local/quant-client-2/temp/30/quic_client_test_max0.iev,0.0,1.0
383," /home/chris/TVOQE_UPGRADE_27/quic/quant/Debug/bin/client -c false -r 20 -l /home/chris/secret.log -q /home/chris/qlog_quant -t 3600 -v 5 -e 0xff00001d https://localhost:4443/index.html
",client,quic_client_test_tp_acticoid_error0,,,/home/chris/Toward-verification-of-QUIC-extensions/installer/TVOQE/results/errors/client/local/quant-client-2/temp/507/quic_client_test_tp_acticoid_error0.iev,0.0,1.0
384," /home/chris/TVOQE_UPGRADE_27/quic/quant/Debug/bin/client -c false -r 20 -l /home/chris/secret.log -q /home/chris/qlog_quant -t 3600 -v 5 -e 0xff00001d https://localhost:4443/index.html
",client,quic_client_test_max0,,,/home/chris/Toward-verification-of-QUIC-extensions/installer/TVOQE/results/errors/client/local/quant-client-2/temp/86/quic_client_test_max0.iev,0.0,1.0
385," /home/chris/TVOQE_UPGRADE_27/quic/quant/Debug/bin/client -c false -r 20 -l /home/chris/secret.log -q /home/chris/qlog_quant -t 3600 -v 5 -e 0xff00001d https://localhost:4443/index.html
",client,quic_client_test_retirecoid_error0,,"ivy_return_code(1)+assumption_failed(""quic_client_test_retirecoid_error.ivy: line 276"")",/home/chris/Toward-verification-of-QUIC-extensions/installer/TVOQE/results/errors/client/local/quant-client-2/temp/715/quic_client_test_retirecoid_error0.iev,0.0,0.0
386," /home/chris/TVOQE_UPGRADE_27/quic/quant/Debug/bin/client -c false -r 20 -l /home/chris/secret.log -q /home/chris/qlog_quant -t 3600 -v 5 -e 0xff00001d https://localhost:4443/index.html
",client,quic_client_test_accept_maxdata0,,,/home/chris/Toward-verification-of-QUIC-extensions/installer/TVOQE/results/errors/client/local/quant-client-2/temp/824/quic_client_test_accept_maxdata0.iev,0.0,1.0
387," /home/chris/TVOQE_UPGRADE_27/quic/quant/Debug/bin/client -c false -r 20 -l /home/chris/secret.log -q /home/chris/qlog_quant -t 3600 -v 5 -e 0xff00001d https://localhost:4443/index.html
",client,quic_client_test_blocked_streams_maxstream_error0,,"ivy_return_code(1)+assumption_failed(""quic_client_test_blocked_streams_maxstream_error.ivy: line 283"")",/home/chris/Toward-verification-of-QUIC-extensions/installer/TVOQE/results/errors/client/local/quant-client-2/temp/635/quic_client_test_blocked_streams_maxstream_error0.iev,0.0,0.0
388," /home/chris/TVOQE_UPGRADE_27/quic/quant/Debug/bin/client -c false -r 20 -l /home/chris/secret.log -q /home/chris/qlog_quant -t 3600 -v 5 -e 0xff00001d https://localhost:4443/index.html
",client,quic_client_test_tp_unkown0,,,/home/chris/Toward-verification-of-QUIC-extensions/installer/TVOQE/results/errors/client/local/quant-client-2/temp/1114/quic_client_test_tp_unkown0.iev,0.0,1.0
389," /home/chris/TVOQE_UPGRADE_27/quic/quant/Debug/bin/client -c false -r 20 -l /home/chris/secret.log -q /home/chris/qlog_quant -t 3600 -v 5 -e 0xff00001d https://localhost:4443/index.html
",client,quic_client_test_tp_prefadd_error0,,"ivy_return_code(1)+assumption_failed(""quic_client_test_tp_prefadd_error.ivy: line 518"")",/home/chris/Toward-verification-of-QUIC-extensions/installer/TVOQE/results/errors/client/local/quant-client-2/temp/900/quic_client_test_tp_prefadd_error0.iev,0.0,0.0
390," /home/chris/TVOQE_UPGRADE_27/quic/quant/Debug/bin/client -c false -r 20 -l /home/chris/secret.log -q /home/chris/qlog_quant -t 3600 -v 5 -e 0xff00001d https://localhost:4443/index.html
",client,quic_client_test_tp_error0,,"timeout+< undecryptable_packet_event({protocol:udp,addr:0x7f000001,port:0xb439},{protocol:udp,addr:0x7f000001,port:0x115b},[0xc8,0xff,0,0,0x1d,0x12,0x1d,0x78,0xa4,0x59,0xce,0x69,0x5a,0xde,0x78,0x73,0x42,0x7b,0x7e,0xe,0xf2,0x19,0x1,0xe6,0x4,0x83,0xa1,0xd8,0xa2,0,0x44,0x90,0x8b,0x6d,0xd9,0x2d,0x53,0x38,0x8d,0x2,0x91,0x60,0xdf,0xf6,0x8,0xac,0xb6,0x14,0x69,0xda,0x2,0x5d,0x9,0x1f,0x2,0xaa,0x17,0x2,0xc4,0x21,0xd2,0x28,0x51,0x68,0x89,0x7b,0xfa,0xc5,0x87,0xaa,0x49,0x8,0x3,0xad,0xf9,0xc7,0xc8,0xf8,0x6e,0xf3,0x93,0x1a,0xde,0xc8,0xa1,0xa0,0xb0,0xc8,0x5e,0xf5,0xda,0xc1,0xb,0x79,0x10,0x9c,0xec,0xd3,0xa3,0x3,0x18,0x5a,0xa5,0x7,0xc,0x4e,0x89,0x6b,0xef,0x1a,0xf6,0x5b,0x9f,0xe4,0xe6,0xbc,0xc3,0xc1,0xbc,0x7b,0x60,0xee,0x30,0x15,0x24,0x51,0x2a,0xa5,0x61,0xec,0x94,0xa7,0xc2,0x9d,0xb3,0x68,0x24,0xfe,0x1c,0x7c,0x3b,0x1e,0xd,0x66,0xa4,0xb5,0x8c,0x5d,0xc,0x7a,0x6a,0xb9,0x90,0xc5,0xdc,0xf3,0xe8,0xb4,0xf1,0x84,0xad,0xe2,0x1e,0xce,0x9e,0x57,0xcc,0x66,0x5d,0x71,0x7e,0x3f,0xd8,0x91,0xdd,0x4f,0x4a,0x73,0x9,0x8,0x20,0x56,0x39,0xf2,0xdd,0xa9,0x7f,0x60,0x16,0xc3,0xe4,0x58,0x3d,0x63,0x9f,0x88,0x1e,0x3,0x4d,0x37,0x1e,0x2e,0xb5,0x26,0x31,0x76,0xee,0x24,0xc0,0xfc,0x1e,0x81,0x8b,0xe4,0x9f,0x39,0x28,0xcb,0xeb,0xa4,0x6e,0xd6,0xd0,0xf5,0xb0,0x4c,0xe7,0x39,0x28,0x24,0x47,0x9,0x96,0x4b,0x67,0xb3,0xd6,0xf8,0x5d,0x65,0x39,0x1f,0x83,0x6,0xfd,0x97,0xc3,0x57,0x5c,0xb8,0x21,0xbc,0xc1,0xcf,0x37,0xf0,0xa6,0x2a,0xd,0x6a,0x8d,0x4e,0xc3,0x7e,0xab,0x86,0xdd,0xef,0x8a,0xbc,0x57,0xea,0xed,0x11,0x6c,0x3c,0x73,0xed,0xa3,0x5d,0x17,0x5a,0x21,0x80,0x93,0x12,0xb8,0x80,0x63,0x2,0x27,0x5a,0x26,0xd9,0,0xd9,0x89,0xf,0x2b,0x94,0x57,0x3c,0xd3,0xdc,0x72,0xb,0x66,0xee,0xed,0x2e,0xe2,0x47,0xbe,0xc4,0xf8,0x92,0x79,0x8e,0x80,0x12,0x6f,0x3b,0xfe,0x2f,0xd6,0x6c,0x23,0xf1,0x9e,0xa9,0x6a,0xab,0xb3,0xb0,0x67,0x9c,0xca,0xee,0xf0,0x6e,0x95,0x2d,0xa,0x18,0x34,0x4d,0x7d,0x61,0x2e,0x73,0x24,0x19,0xec,0xfd,0xcf,0xd7,0x96,0x12,0xb9,0x8a,0x3c,0x9a,0xc6,0x3e,0xf,0xe,0x39,0x79,0x5a,0xb9,0x31,0x2e,0x7e,0x8c,0x5a,0xbf,0x42,0xbc,0x30,0xf3,0x1d,0x22,0x1b,0x4b,0x9e,0x64,0xb7,0x80,0x11,0xad,0x40,0xd7,0xe1,0xb0,0xc0,0xa4,0,0xbc,0xe4,0xf5,0xc,0x86,0x45,0x47,0x1f,0x88,0x48,0x4f,0x3b,0x84,0xa4,0xf8,0x4a,0x43,0xea,0xf4,0xf,0xe,0x49,0xd2,0x30,0x24,0x1c,0x47,0x4e,0x84,0x56,0x68,0x30,0x95,0xb4,0xff,0xd8,0x97,0x62,0x2f,0x7b,0xf4,0x96,0x2c,0x79,0xe4,0xca,0x63,0xd0,0xa1,0xa4,0x2b,0xc3,0xe9,0x6e,0xda,0xce,0x1e,0xa5,0x15,0x35,0xc2,0xb8,0x88,0xd5,0xe6,0x79,0xc,0x6e,0x58,0xc4,0x76,0x79,0xd0,0x75,0xa5,0x3a,0x4e,0xdf,0x7d,0x1e,0xb7,0x20,0xaf,0x52,0x2e,0xf2,0xe8,0x34,0xe0,0x4b,0x52,0x1,0x63,0x7e,0x52,0x37,0xc6,0x18,0xab,0xdd,0xba,0xf4,0xbc,0x5a,0x26,0xf5,0x5a,0x8a,0x54,0x88,0x98,0x3f,0xf3,0x86,0xfb,0x57,0xcf,0xc1,0xce,0x18,0x4e,0xda,0x57,0xb2,0xbd,0xb6,0xf6,0xe,0x2,0x80,0x17,0xd5,0x65,0xda,0x73,0x24,0x7c,0xd4,0xf2,0xc2,0x5f,0x9a,0x95,0x48,0x5c,0x5e,0xbc,0xe9,0x1b,0xc5,0x66,0x7,0xae,0x2e,0xdc,0x62,0xce,0xb,0x37,0x3d,0xa8,0xee,0x3,0x2a,0x87,0x53,0x3e,0x4d,0x94,0xb3,0x69,0xf9,0x2,0x42,0x76,0x23,0x54,0xbd,0xcf,0xc6,0x9c,0xd1,0xe4,0xbf,0x96,0xf7,0xba,0x1f,0x32,0x6,0x65,0x46,0xdc,0x54,0x8b,0xff,0xe6,0xf8,0x2f,0x7e,0,0x90,0xe7,0xb3,0xb4,0xae,0x2a,0x8f,0x6e,0x98,0x26,0xae,0x14,0x30,0xa2,0x3a,0x4b,0xbd,0x2,0x7b,0xf7,0x5b,0x29,0x83,0xc4,0x5b,0x51,0x23,0xca,0x2e,0x1,0xd0,0x7b,0xb9,0x4a,0xc8,0xf1,0x11,0xbf,0x32,0xeb,0x81,0x14,0xe5,0xb7,0xb8,0xf,0x9,0x3d,0x99,0x87,0x3b,0x6a,0x3a,0x5a,0x6e,0xad,0x5c,0x7,0x6b,0x7e,0x92,0xbb,0xff,0xdc,0xa8,0xd,0x78,0x3e,0xac,0x22,0x6b,0x88,0xf1,0xa7,0x2d,0xaa,0xb8,0x93,0x97,0x9f,0x5e,0xb,0xab,0x4b,0xe4,0xb9,0xfd,0x15,0xdd,0x68,0x42,0x2e,0xa7,0xdd,0x24,0x99,0xf4,0x6c,0x6f,0xed,0xfb,0x27,0xc1,0xe5,0xd6,0xff,0x64,0x5f,0x7e,0x75,0xbb,0x8e,0x9f,0xe3,0xe7,0xa0,0x2a,0x28,0x6b,0x66,0x37,0x86,0x73,0x98,0x5e,0x13,0x6,0x24,0x46,0xf3,0x80,0xaa,0xb4,0xb7,0xf9,0x54,0xf2,0x66,0xf6,0x84,0x2a,0xc9,0xfc,0x90,0x36,0xf7,0x7b,0x9f,0x32,0x82,0x60,0xfd,0x75,0x25,0xaa,0xbd,0xdf,0x2e,0x58,0x64,0x1e,0xfe,0x56,0x59,0xe8,0x8e,0xfb,0x86,0xe1,0x75,0x5c,0x4f,0x8c,0xa4,0x45,0x42,0x90,0x43,0x9d,0x41,0x55,0xda,0xaf,0x5c,0xdc,0x93,0x40,0xc8,0xc0,0x4,0x6b,0x5d,0x67,0xf3,0xf4,0xee,0xe5,0x49,0x1,0xa6,0x63,0x3a,0x3a,0x6d,0x95,0x8d,0x4a,0x13,0xd4,0,0x58,0x91,0x2f,0x9e,0x69,0xbb,0x13,0x2f,0x53,0xfa,0x98,0x41,0x9a,0xf5,0x1d,0xfd,0xe4,0xff,0x94,0xec,0xb6,0xd7,0x7b,0x8d,0xb8,0x82,0x4c,0x1b,0xf9,0xf0,0x4,0x87,0xf3,0xd8,0xe0,0xe4,0x74,0xfb,0xd5,0x44,0xae,0x2a,0xea,0xe1,0x87,0x8,0xf7,0x8a,0x15,0x11,0xfe,0x31,0x4f,0xba,0xd,0x59,0xb8,0x50,0x80,0xc5,0xc6,0x42,0x47,0x91,0x5c,0x52,0x97,0xe4,0xdb,0x4d,0x86,0xb9,0xaa,0xda,0xed,0x88,0x3d,0xec,0x9d,0,0x90,0x9e,0x8a,0x62,0x9,0x4c,0xbb,0xce,0x7e,0x19,0xaa,0x73,0xf2,0x73,0x7c,0x66,0x7b,0xbb,0xcb,0xd9,0xd8,0xf,0xf9,0xc3,0x28,0xb,0xbb,0xd9,0x12,0xcb,0x82,0xc1,0xac,0xca,0x56,0xf6,0x2c,0x24,0x9e,0x4f,0xf8,0xf4,0x1c,0x37,0x23,0x7b,0x2c,0x3c,0x7a,0x36,0x3d,0xab,0x24,0xe7,0x66,0x8a,0xcb,0xa1,0x45,0x34,0xa5,0x8,0x75,0x6e,0xdc,0x9d,0x3a,0x2b,0x3d,0xae,0x6d,0x47,0x83,0x6d,0x87,0x32,0x16,0x5c,0xae,0x67,0x61,0x2,0x86,0x93,0x58,0xed,0xcb,0xb0,0xae,0x85,0xf5,0x53,0xd9,0xb6,0xb9,0xbd,0xc0,0x3e,0xe7,0x97,0x31,0x81,0xaa,0x27,0x8f,0xbe,0xcd,0x26,0x2,0xa5,0xf2,0x7f,0xd7,0x57,0x89,0x14,0x56,0x21,0xf1,0x19,0x91,0x95,0x7c,0x15,0x11,0x1e,0x19,0x6b,0xbb,0x66,0xd8,0xd0,0x75,0x83,0x95,0xbf,0x40,0xb3,0x2f,0xd6,0xf,0x88,0xe7,0xc2,0x45,0xe2,0x78,0x9d,0x79,0x81,0x65,0xf5,0x9d,0x8b,0xf6,0xad,0x47,0x16,0x45,0xe8,0xd2,0xcc,0xd8,0xba,0x94,0x57,0xf9,0xef,0x54,0xc,0xe5,0xe7,0xbd,0xfc,0xee,0x2f,0xf3,0xa9,0x3b,0x1e,0xaa,0x7c,0xde,0xba,0xb5,0x96,0xcc,0xce,0xcd,0x2a,0xd1,0x21,0xaa,0xb5,0x54,0x96,0xe9,0x7b,0x85,0xbd,0x94,0xbb,0xbe,0x73,0x40,0x25,0x7c,0x32,0x89,0x93,0x29,0x95,0xc6,0xf1,0x7b,0x54,0xb9,0xfb,0x55,0xe3,0xc3,0xe2,0xda,0x3c,0x87,0xf9,0x49,0x4f,0xbd,0xd8,0x4e,0x1b,0x12,0xb5,0xc4,0xa7,0x64,0x48,0x9b,0x29,0xee,0x8d,0x38,0xdf,0xe2,0x77,0xf2,0xff,0xac,0x95,0x7a,0xea,0x31,0x46,0xfb,0x1f,0xbe,0x9e,0x40,0x7b,0xb2,0xa7,0x68,0x3a,0x63,0x2e,0xcd,0xad,0xb,0x7c,0xcd,0x34,0xa4,0xbf,0xfe,0x10,0xc,0xd,0xf9,0xae,0x2f,0x90,0xc7,0x56,0x3c,0xab,0x5f,0xe8,0xe7,0xb1,0x3,0x60,0xc8,0x4c,0x91,0x80,0x7b,0x74,0xf8,0xd6,0x75,0x73,0x63,0x7,0xb0,0xc5,0x4d,0x89,0xf7,0x90,0x51,0x5f])",/home/chris/Toward-verification-of-QUIC-extensions/installer/TVOQE/results/errors/client/local/quant-client-2/temp/313/quic_client_test_tp_error0.iev,0.0,0.0
391," /home/chris/TVOQE_UPGRADE_27/quic/quant/Debug/bin/client -c false -r 20 -l /home/chris/secret.log -q /home/chris/qlog_quant -t 3600 -v 5 -e 0xff00001d https://localhost:4443/index.html
",client,quic_client_test_double_tp_error0,,server_return_code(1)+ivy_return_code(1),/home/chris/Toward-verification-of-QUIC-extensions/installer/TVOQE/results/errors/client/local/quant-client-2/temp/449/quic_client_test_double_tp_error0.iev,0.0,0.0
392," /home/chris/TVOQE_UPGRADE_27/quic/quant/Debug/bin/client -c false -r 20 -l /home/chris/secret.log -q /home/chris/qlog_quant -t 3600 -v 5 -e 0xff00001d https://localhost:4443/index.html
",client,quic_client_test_double_tp_error0,,server_return_code(1)+ivy_return_code(1),/home/chris/Toward-verification-of-QUIC-extensions/installer/TVOQE/results/errors/client/local/quant-client-2/temp/412/quic_client_test_double_tp_error0.iev,0.0,0.0
393," /home/chris/TVOQE_UPGRADE_27/quic/quant/Debug/bin/client -c false -r 20 -l /home/chris/secret.log -q /home/chris/qlog_quant -t 3600 -v 5 -e 0xff00001d https://localhost:4443/index.html
",client,quic_client_test_accept_maxdata0,,,/home/chris/Toward-verification-of-QUIC-extensions/installer/TVOQE/results/errors/client/local/quant-client-2/temp/871/quic_client_test_accept_maxdata0.iev,0.0,1.0
394," /home/chris/TVOQE_UPGRADE_27/quic/quant/Debug/bin/client -c false -r 20 -l /home/chris/secret.log -q /home/chris/qlog_quant -t 3600 -v 5 -e 0xff00001d https://localhost:4443/index.html
",client,quic_client_test_blocked_streams_maxstream_error0,,"ivy_return_code(1)+assumption_failed(""quic_client_test_blocked_streams_maxstream_error.ivy: line 283"")",/home/chris/Toward-verification-of-QUIC-extensions/installer/TVOQE/results/errors/client/local/quant-client-2/temp/643/quic_client_test_blocked_streams_maxstream_error0.iev,0.0,0.0
395," /home/chris/TVOQE_UPGRADE_27/quic/quant/Debug/bin/client -c false -r 20 -l /home/chris/secret.log -q /home/chris/qlog_quant -t 3600 -v 5 -e 0xff00001d https://localhost:4443/index.html
",client,quic_client_test_double_tp_error0,,server_return_code(1)+ivy_return_code(1),/home/chris/Toward-verification-of-QUIC-extensions/installer/TVOQE/results/errors/client/local/quant-client-2/temp/491/quic_client_test_double_tp_error0.iev,0.0,0.0
396," /home/chris/TVOQE_UPGRADE_27/quic/quant/Debug/bin/client -c false -r 20 -l /home/chris/secret.log -q /home/chris/qlog_quant -t 3600 -v 5 -e 0xff00001d https://localhost:4443/index.html
",client,quic_client_test_tp_prefadd_error0,,server_return_code(1)+ivy_return_code(1),/home/chris/Toward-verification-of-QUIC-extensions/installer/TVOQE/results/errors/client/local/quant-client-2/temp/946/quic_client_test_tp_prefadd_error0.iev,0.0,0.0
397," /home/chris/TVOQE_UPGRADE_27/quic/quant/Debug/bin/client -c false -r 20 -l /home/chris/secret.log -q /home/chris/qlog_quant -t 3600 -v 5 -e 0xff00001d https://localhost:4443/index.html
",client,quic_client_test_tp_unkown0,,,/home/chris/Toward-verification-of-QUIC-extensions/installer/TVOQE/results/errors/client/local/quant-client-2/temp/1165/quic_client_test_tp_unkown0.iev,0.0,1.0
398," /home/chris/TVOQE_UPGRADE_27/quic/quant/Debug/bin/client -c false -r 20 -l /home/chris/secret.log -q /home/chris/qlog_quant -t 3600 -v 5 -e 0xff00001d https://localhost:4443/index.html
",client,quic_client_test_tp_error0,,"timeout+< undecryptable_packet_event({protocol:udp,addr:0x7f000001,port:0xcab6},{protocol:udp,addr:0x7f000001,port:0x115b},[0xcb,0xff,0,0,0x1d,0x14,0x60,0x2e,0x2e,0xa8,0xd,0x8,0xb6,0x18,0x8c,0x49,0x66,0xf,0xa9,0xb5,0xa2,0xe6,0xbf,0x74,0,0xd3,0x4,0xda,0xf5,0x33,0x75,0,0x44,0x8e,0xc6,0xb8,0xbf,0xfe,0xfc,0x77,0x63,0x7a,0xd,0xdb,0xfb,0x55,0x96,0xc,0xc,0xa5,0x7,0x5f,0x38,0x1b,0xbe,0xfb,0xfa,0x1a,0xad,0xea,0x26,0x50,0xaf,0x51,0xff,0xd0,0x2c,0x7,0xd1,0x7b,0x64,0xf7,0xbb,0x3e,0x95,0x57,0x14,0xe9,0x52,0x1c,0x5e,0x7b,0xea,0xb9,0x25,0xfd,0x57,0xf6,0xda,0xd0,0xc3,0x44,0x51,0x46,0x93,0x8d,0xa6,0x41,0x4b,0x68,0x6e,0x14,0x84,0x72,0x82,0xf3,0x3,0x14,0x42,0xd2,0xa4,0x6a,0xb2,0x89,0xaa,0xde,0x4d,0x62,0x7a,0x9,0x23,0xc7,0x80,0x13,0x38,0x38,0xd3,0xdf,0x3,0xc9,0xb,0xdc,0x9c,0x60,0x5c,0xcc,0xc,0x3b,0xc7,0x48,0xa9,0xbd,0xcd,0x9d,0x98,0x60,0x14,0xa7,0x95,0xa2,0xee,0x23,0x92,0xb1,0xcd,0x6c,0xc3,0x9c,0xce,0xe6,0xd0,0x86,0x3b,0x4a,0x15,0xd7,0xe9,0x5e,0xb0,0xf8,0xd0,0x90,0xa1,0xe3,0x72,0x15,0xbb,0x2d,0xc1,0x5a,0xfe,0xce,0x2,0xb2,0xd3,0xe9,0,0x62,0xdf,0x8b,0xf9,0xb4,0x7a,0x1,0xa3,0xa8,0x3,0x1a,0x2d,0x10,0xde,0x1,0xb1,0x4d,0x22,0x94,0xe7,0xb1,0x7d,0x12,0xd7,0x5c,0xd1,0x5f,0xd5,0x1d,0xe2,0x3b,0x5d,0x6b,0xde,0,0xf5,0xb2,0xe9,0x66,0x10,0x18,0x47,0x97,0x8,0xd6,0x30,0x25,0x56,0x6e,0x4a,0xab,0x2c,0x3a,0x18,0x2,0xa6,0x8b,0xc0,0x1,0x98,0x26,0xe9,0x48,0x1a,0x9f,0x9e,0x27,0xfb,0x9b,0xc9,0xc6,0x24,0x5d,0x91,0x6e,0x39,0x10,0xab,0xa1,0xdf,0xf1,0xfc,0x19,0x86,0x91,0xef,0x1e,0xd,0xd1,0xf4,0xf8,0x41,0x3a,0x9d,0x5e,0x51,0xd9,0x85,0xe8,0xdb,0x15,0x52,0x6a,0x74,0x17,0,0x18,0x7b,0xf6,0x72,0xd,0x33,0xff,0xbe,0x1a,0xad,0xf7,0x58,0xed,0xa8,0xd1,0xd,0x94,0xe3,0xad,0x49,0x6,0x91,0x9d,0x25,0x85,0x6a,0x6e,0xec,0x2b,0x26,0x71,0x37,0x28,0x24,0xd3,0x90,0x7e,0x55,0x39,0xb4,0x59,0x5c,0x3f,0x2f,0x2f,0x52,0x51,0x1b,0xde,0x3b,0x79,0x5f,0xd6,0xb6,0xca,0xb8,0x19,0x2c,0xe7,0x4,0x8c,0x83,0xdc,0xe2,0x3d,0x8a,0x41,0x9b,0x91,0xaa,0xce,0x50,0x5c,0x15,0xc,0x40,0x56,0x26,0x6,0xa0,0x92,0xc3,0xb4,0x7,0x38,0x4b,0xd9,0xf7,0x6e,0x2c,0x60,0x99,0x21,0x92,0x25,0x49,0x99,0x5d,0x92,0xec,0xed,0xfe,0xa2,0x81,0x71,0x86,0x29,0x1,0xbd,0xbf,0x36,0xa,0x13,0xec,0x6b,0x14,0x66,0xbb,0x39,0x85,0x18,0x42,0xe2,0x2a,0xe3,0xd0,0xce,0xf6,0x8,0x9c,0x4,0xc4,0x22,0x3c,0xcf,0xad,0xef,0xa8,0xb8,0xab,0x51,0xca,0x56,0x93,0x71,0x3a,0xd4,0xc1,0x16,0xaa,0x81,0x91,0x2f,0xab,0x18,0xa3,0xa8,0x1f,0x57,0x9f,0x4a,0xa,0x4f,0xa2,0xd8,0x1,0xe,0x6b,0x81,0xbe,0x64,0x61,0x8d,0xf9,0x57,0xc4,0xd5,0x64,0xa7,0x9c,0xd5,0x78,0x8a,0xc,0xe2,0xfa,0x7a,0xe9,0x5d,0x91,0x56,0x94,0x5b,0xa,0xdd,0x89,0x9e,0x7,0xd4,0x5a,0xb3,0x37,0x65,0x1e,0x58,0x52,0,0x40,0x25,0x52,0x9d,0x27,0x58,0x82,0xfe,0x1,0xbd,0x73,0xe2,0x57,0x36,0x73,0x21,0x97,0xa5,0xcd,0xa,0xbd,0x1,0x57,0xee,0x7b,0x9,0x85,0xd7,0xde,0x8a,0x68,0xfb,0xb9,0xad,0xbe,0x52,0x7d,0xcc,0x2f,0xf7,0x19,0x63,0x6d,0x96,0xaf,0x97,0x53,0x65,0x3a,0x8b,0x6a,0x5d,0x3a,0x5b,0xad,0x9,0x48,0xbb,0x6f,0x3f,0x40,0xcd,0x7c,0xb1,0x10,0x91,0x64,0x85,0xa3,0x95,0xd8,0x6b,0xc,0x14,0x9b,0xf7,0x71,0xfe,0x4e,0xc9,0x4c,0xbb,0x49,0xc4,0x81,0x12,0xdd,0xe6,0x18,0xd6,0x49,0x60,0xc1,0x6b,0x49,0xfd,0x3d,0xbe,0xbd,0xe2,0x77,0x36,0xa6,0xe6,0x1,0x1f,0xc3,0x1d,0x4b,0xe1,0x4b,0x3d,0xa4,0xac,0x62,0x6b,0x86,0xe3,0xce,0x73,0xcc,0xa8,0xed,0xf2,0,0xc4,0x2d,0x43,0x31,0x75,0x6f,0x83,0xe2,0x28,0xc,0x8a,0x94,0xa,0x68,0xe5,0x47,0xf,0x87,0x56,0x7,0xc1,0x54,0x94,0x2f,0xf1,0x59,0x4a,0x59,0x64,0x3,0x87,0x99,0x11,0x60,0x93,0x57,0xd3,0xb9,0x98,0x14,0xfb,0xe0,0x34,0xe8,0x11,0xf6,0x4,0x46,0xdd,0xfa,0x14,0x24,0xd5,0xca,0xa7,0xef,0x3b,0x2d,0x5e,0x6f,0xac,0x23,0x5,0x9b,0x8a,0xd6,0x58,0x50,0xb9,0xc4,0x50,0x2d,0x3a,0x40,0xa0,0xd0,0x9f,0x71,0xb1,0xb2,0x3f,0x2c,0x80,0xa6,0x95,0x5a,0xeb,0xf8,0xf6,0x61,0x23,0x9f,0xad,0x9c,0x6b,0xcd,0xa5,0x5e,0xe5,0xd0,0xc5,0x8c,0x63,0x38,0xe3,0x49,0x7,0xea,0xf1,0xec,0x59,0x5,0x6b,0xc2,0xd5,0xf9,0xa5,0xed,0x5d,0x71,0x86,0x3,0x22,0x77,0x38,0xec,0xff,0x52,0x7e,0x6f,0xae,0xd7,0x12,0x3d,0x4a,0x82,0x9e,0x94,0x70,0xc4,0x83,0x80,0x53,0x48,0xdb,0x76,0xfc,0x88,0xb7,0x7b,0x67,0x3f,0xf,0xe5,0xf5,0x95,0x7c,0x72,0x30,0x56,0x19,0x30,0x6c,0xe0,0x11,0x4a,0xf8,0xea,0xbc,0x88,0x35,0x16,0x15,0x52,0x72,0x83,0xa5,0x18,0x44,0x67,0xe0,0x7b,0x1c,0xf0,0x21,0x45,0x1b,0x20,0x58,0xdc,0xda,0x87,0xe6,0xc8,0x5a,0x40,0xe2,0xd9,0x62,0x2d,0x17,0xdc,0x6c,0xb9,0xd4,0xaa,0x10,0x4f,0x6e,0x29,0xef,0xb9,0x26,0xae,0x8c,0x86,0x33,0xf3,0x9b,0x5,0xa2,0x37,0x99,0x16,0x88,0x90,0xc7,0x66,0xb3,0x80,0xee,0xf9,0x95,0x50,0x1e,0xde,0x23,0xd9,0xff,0x25,0x71,0x4a,0xb2,0x52,0xbe,0x5f,0x20,0x3a,0xa4,0xfe,0xa6,0x48,0xe5,0x49,0xb5,0xa3,0x4f,0x32,0x78,0x58,0xf7,0xf0,0x2e,0xb8,0xdc,0xc4,0x61,0x38,0xd7,0xf2,0x37,0x32,0xf9,0x14,0xf2,0x33,0xb8,0xb1,0x33,0x7f,0x95,0x72,0x61,0x6b,0x69,0x4a,0x56,0x26,0x58,0x4e,0x7a,0xa0,0x51,0xb9,0x63,0x11,0x35,0x98,0x33,0x3,0x2c,0x1,0x56,0x10,0xe,0x13,0x64,0xe7,0xa1,0x66,0x2d,0xfd,0x77,0xb4,0xc,0xfd,0x31,0x34,0x4c,0x5f,0xaf,0x21,0xb2,0x30,0x5a,0xfa,0,0xe9,0xf2,0xaf,0x99,0xe8,0xde,0xe6,0x8a,0x41,0x99,0x9f,0xcd,0xc8,0xd0,0xab,0x6,0x29,0xed,0x6a,0xf2,0x9,0x79,0x1c,0x8,0x49,0xe4,0xde,0xe7,0xf1,0xa8,0x1f,0x3b,0xb3,0xe7,0x43,0xbf,0x5e,0x1e,0x8c,0x63,0x64,0x2a,0x6f,0x6f,0x9c,0x9b,0x6e,0xdb,0xd8,0xe9,0x5c,0xbc,0x57,0xae,0x35,0x6d,0x38,0xc7,0x3d,0xb5,0x38,0xee,0xb4,0x68,0x80,0x5b,0x6d,0xdd,0x69,0xd2,0x18,0x88,0x14,0x9f,0xb4,0xa4,0xbf,0x74,0x59,0x53,0x67,0xe3,0x22,0x14,0x7c,0x20,0xbf,0x90,0x6d,0x1f,0x4c,0xf1,0xec,0xe7,0x89,0x85,0x98,0xa4,0xc1,0x57,0x6f,0x22,0xf,0x58,0x6a,0xeb,0x20,0x11,0xeb,0x1a,0x86,0x92,0xc9,0xa2,0x49,0xd7,0xdd,0x25,0xc3,0x6a,0x9e,0x91,0xd9,0x87,0xf3,0x30,0xbc,0xb5,0xd8,0x5f,0xa7,0xa1,0x15,0xbb,0x34,0xc,0xf9,0xcd,0x76,0x62,0xa2,0xd6,0xf1,0xb9,0x68,0x6f,0x30,0x46,0xb3,0,0x2f,0xa4,0xc4,0x7e,0x78,0xc9,0x23,0xb2,0xd3,0x3d,0x6d,0xc0,0xea,0x30,0x36,0x54,0x28,0x22,0x97,0x20,0x56,0xad,0x36,0xce,0xb9,0xe6,0xaa,0xac,0x9d,0x50,0x41,0x74,0xc2,0x97,0x92,0x70,0x85,0xb7,0x31,0x3c,0x62,0x50,0x8f,0x5,0x22,0x32,0xed,0xd9,0xd9,0x73,0xba,0x35,0xf3,0x76,0x78,0x35,0x4c,0xa4,0x67,0x5c,0x4e,0xc1,0x5,0xfd,0xa5,0xbb,0xe7,0x95,0xce,0xd9,0x53,0xf8,0x37,0x23,0x83,0xb0,0x99,0x25,0x7d,0x16,0x3a,0xa7,0xf,0x97,0xc8,0x1b,0xb1,0x42,0x52,0x31,0x6f,0x4f,0x89,0x3,0xac,0xd9,0xa2,0xa])",/home/chris/Toward-verification-of-QUIC-extensions/installer/TVOQE/results/errors/client/local/quant-client-2/temp/360/quic_client_test_tp_error0.iev,0.0,0.0
399," /home/chris/TVOQE_UPGRADE_27/quic/quant/Debug/bin/client -c false -r 20 -l /home/chris/secret.log -q /home/chris/qlog_quant -t 3600 -v 5 -e 0xff00001d https://localhost:4443/index.html
",client,quic_client_test_retirecoid_error0,,"ivy_return_code(1)+assumption_failed(""quic_client_test_retirecoid_error.ivy: line 276"")",/home/chris/Toward-verification-of-QUIC-extensions/installer/TVOQE/results/errors/client/local/quant-client-2/temp/713/quic_client_test_retirecoid_error0.iev,0.0,0.0
400," /home/chris/TVOQE_UPGRADE_27/quic/quant/Debug/bin/client -c false -r 20 -l /home/chris/secret.log -q /home/chris/qlog_quant -t 3600 -v 5 -e 0xff00001d https://localhost:4443/index.html
",client,quic_client_test_new_token_error0,,ivy_return_code(134)+ivy_binary_deser_128 getn deser_err,/home/chris/Toward-verification-of-QUIC-extensions/installer/TVOQE/results/errors/client/local/quant-client-2/temp/1335/quic_client_test_new_token_error0.iev,0.0,0.0
401," /home/chris/TVOQE_UPGRADE_27/quic/quant/Debug/bin/client -c false -r 20 -l /home/chris/secret.log -q /home/chris/qlog_quant -t 3600 -v 5 -e 0xff00001d https://localhost:4443/index.html
",client,quic_client_test_blocked_streams_maxstream_error0,,"ivy_return_code(1)+assumption_failed(""quic_client_test_blocked_streams_maxstream_error.ivy: line 283"")",/home/chris/Toward-verification-of-QUIC-extensions/installer/TVOQE/results/errors/client/local/quant-client-2/temp/602/quic_client_test_blocked_streams_maxstream_error0.iev,0.0,0.0
402," /home/chris/TVOQE_UPGRADE_27/quic/quant/Debug/bin/client -c false -r 20 -l /home/chris/secret.log -q /home/chris/qlog_quant -t 3600 -v 5 -e 0xff00001d https://localhost:4443/index.html
",client,quic_client_test_tp_unkown0,,,/home/chris/Toward-verification-of-QUIC-extensions/installer/TVOQE/results/errors/client/local/quant-client-2/temp/1107/quic_client_test_tp_unkown0.iev,0.0,1.0
403," /home/chris/TVOQE_UPGRADE_27/quic/quant/Debug/bin/client -c false -r 20 -l /home/chris/secret.log -q /home/chris/qlog_quant -t 3600 -v 5 -e 0xff00001d https://localhost:4443/index.html
",client,quic_client_test_accept_maxdata0,,"ivy_return_code(1)+assumption_failed(""quic_client_test.ivy: line 310"")",/home/chris/Toward-verification-of-QUIC-extensions/installer/TVOQE/results/errors/client/local/quant-client-2/temp/818/quic_client_test_accept_maxdata0.iev,0.0,0.0
404," /home/chris/TVOQE_UPGRADE_27/quic/quant/Debug/bin/client -c false -r 20 -l /home/chris/secret.log -q /home/chris/qlog_quant -t 3600 -v 5 -e 0xff00001d https://localhost:4443/index.html
",client,quic_client_test_stream0,,,/home/chris/Toward-verification-of-QUIC-extensions/installer/TVOQE/results/errors/client/local/quant-client-2/temp/114/quic_client_test_stream0.iev,0.0,1.0
405," /home/chris/TVOQE_UPGRADE_27/quic/quant/Debug/bin/client -c false -r 20 -l /home/chris/secret.log -q /home/chris/qlog_quant -t 3600 -v 5 -e 0xff00001d https://localhost:4443/index.html
",client,quic_client_test_accept_maxdata0,,,/home/chris/Toward-verification-of-QUIC-extensions/installer/TVOQE/results/errors/client/local/quant-client-2/temp/861/quic_client_test_accept_maxdata0.iev,0.0,1.0
406," /home/chris/TVOQE_UPGRADE_27/quic/quant/Debug/bin/client -c false -r 20 -l /home/chris/secret.log -q /home/chris/qlog_quant -t 3600 -v 5 -e 0xff00001d https://localhost:4443/index.html
",client,quic_client_test_double_tp_error0,,server_return_code(1)+ivy_return_code(1),/home/chris/Toward-verification-of-QUIC-extensions/installer/TVOQE/results/errors/client/local/quant-client-2/temp/403/quic_client_test_double_tp_error0.iev,0.0,0.0
407," /home/chris/TVOQE_UPGRADE_27/quic/quant/Debug/bin/client -c false -r 20 -l /home/chris/secret.log -q /home/chris/qlog_quant -t 3600 -v 5 -e 0xff00001d https://localhost:4443/index.html
",client,quic_client_test_tp_unkown0,,,/home/chris/Toward-verification-of-QUIC-extensions/installer/TVOQE/results/errors/client/local/quant-client-2/temp/1124/quic_client_test_tp_unkown0.iev,0.0,1.0
408," /home/chris/TVOQE_UPGRADE_27/quic/quant/Debug/bin/client -c false -r 20 -l /home/chris/secret.log -q /home/chris/qlog_quant -t 3600 -v 5 -e 0xff00001d https://localhost:4443/index.html
",client,quic_client_test_blocked_streams_maxstream_error0,,"ivy_return_code(1)+assumption_failed(""quic_client_test_blocked_streams_maxstream_error.ivy: line 283"")",/home/chris/Toward-verification-of-QUIC-extensions/installer/TVOQE/results/errors/client/local/quant-client-2/temp/659/quic_client_test_blocked_streams_maxstream_error0.iev,0.0,0.0
409," /home/chris/TVOQE_UPGRADE_27/quic/quant/Debug/bin/client -c false -r 20 -l /home/chris/secret.log -q /home/chris/qlog_quant -t 3600 -v 5 -e 0xff00001d https://localhost:4443/index.html
",client,quic_client_test_accept_maxdata0,,,/home/chris/Toward-verification-of-QUIC-extensions/installer/TVOQE/results/errors/client/local/quant-client-2/temp/813/quic_client_test_accept_maxdata0.iev,0.0,1.0
410," /home/chris/TVOQE_UPGRADE_27/quic/quant/Debug/bin/client -c false -r 20 -l /home/chris/secret.log -q /home/chris/qlog_quant -t 3600 -v 5 -e 0xff00001d https://localhost:4443/index.html
",client,quic_client_test_accept_maxdata0,,"ivy_return_code(1)+assumption_failed(""quic_client_test.ivy: line 310"")",/home/chris/Toward-verification-of-QUIC-extensions/installer/TVOQE/results/errors/client/local/quant-client-2/temp/837/quic_client_test_accept_maxdata0.iev,0.0,0.0
411," /home/chris/TVOQE_UPGRADE_27/quic/quant/Debug/bin/client -c false -r 20 -l /home/chris/secret.log -q /home/chris/qlog_quant -t 3600 -v 5 -e 0xff00001d https://localhost:4443/index.html
",client,quic_client_test_unkown0,,ivy_return_code(134)+ivy_binary_deser_128 getn deser_err,/home/chris/Toward-verification-of-QUIC-extensions/installer/TVOQE/results/errors/client/local/quant-client-2/temp/1080/quic_client_test_unkown0.iev,0.0,0.0
412," /home/chris/TVOQE_UPGRADE_27/quic/quant/Debug/bin/client -c false -r 20 -l /home/chris/secret.log -q /home/chris/qlog_quant -t 3600 -v 5 -e 0xff00001d https://localhost:4443/index.html
",client,quic_client_test_blocked_streams_maxstream_error0,,"ivy_return_code(1)+assumption_failed(""quic_client_test_blocked_streams_maxstream_error.ivy: line 283"")",/home/chris/Toward-verification-of-QUIC-extensions/installer/TVOQE/results/errors/client/local/quant-client-2/temp/613/quic_client_test_blocked_streams_maxstream_error0.iev,0.0,0.0
413," /home/chris/TVOQE_UPGRADE_27/quic/quant/Debug/bin/client -c false -r 20 -l /home/chris/secret.log -q /home/chris/qlog_quant -t 3600 -v 5 -e 0xff00001d https://localhost:4443/index.html
",client,quic_client_test_stream0,,,/home/chris/Toward-verification-of-QUIC-extensions/installer/TVOQE/results/errors/client/local/quant-client-2/temp/106/quic_client_test_stream0.iev,0.0,1.0
414," /home/chris/TVOQE_UPGRADE_27/quic/quant/Debug/bin/client -c false -r 20 -l /home/chris/secret.log -q /home/chris/qlog_quant -t 3600 -v 5 -e 0xff00001d https://localhost:4443/index.html
",client,quic_client_test_tp_unkown0,,"ivy_return_code(1)+assumption_failed(""quic_client_test_tp_unkown.ivy: line 515"")",/home/chris/Toward-verification-of-QUIC-extensions/installer/TVOQE/results/errors/client/local/quant-client-2/temp/1143/quic_client_test_tp_unkown0.iev,0.0,0.0
415," /home/chris/TVOQE_UPGRADE_27/quic/quant/Debug/bin/client -c false -r 20 -l /home/chris/secret.log -q /home/chris/qlog_quant -t 3600 -v 5 -e 0xff00001d https://localhost:4443/index.html
",client,quic_client_test_max0,,,/home/chris/Toward-verification-of-QUIC-extensions/installer/TVOQE/results/errors/client/local/quant-client-2/temp/46/quic_client_test_max0.iev,0.0,1.0
416," /home/chris/TVOQE_UPGRADE_27/quic/quant/Debug/bin/client -c false -r 20 -l /home/chris/secret.log -q /home/chris/qlog_quant -t 3600 -v 5 -e 0xff00001d https://localhost:4443/index.html
",client,quic_client_test_limit_max_error0,,"ivy_return_code(1)+assumption_failed(""quic_client_test_limit_max_error.ivy: line 504"")",/home/chris/Toward-verification-of-QUIC-extensions/installer/TVOQE/results/errors/client/local/quant-client-2/temp/1237/quic_client_test_limit_max_error0.iev,0.0,0.0
417," /home/chris/TVOQE_UPGRADE_27/quic/quant/Debug/bin/client -c false -r 20 -l /home/chris/secret.log -q /home/chris/qlog_quant -t 3600 -v 5 -e 0xff00001d https://localhost:4443/index.html
",client,quic_client_test_tp_acticoid_error0,,,/home/chris/Toward-verification-of-QUIC-extensions/installer/TVOQE/results/errors/client/local/quant-client-2/temp/524/quic_client_test_tp_acticoid_error0.iev,0.0,1.0
418," /home/chris/TVOQE_UPGRADE_27/quic/quant/Debug/bin/client -c false -r 20 -l /home/chris/secret.log -q /home/chris/qlog_quant -t 3600 -v 5 -e 0xff00001d https://localhost:4443/index.html
",client,quic_client_test_tp_error0,,server_return_code(1)+timeout,/home/chris/Toward-verification-of-QUIC-extensions/installer/TVOQE/results/errors/client/local/quant-client-2/temp/351/quic_client_test_tp_error0.iev,0.0,0.0
419," /home/chris/TVOQE_UPGRADE_27/quic/quant/Debug/bin/client -c false -r 20 -l /home/chris/secret.log -q /home/chris/qlog_quant -t 3600 -v 5 -e 0xff00001d https://localhost:4443/index.html
",client,quic_client_test_ext_min_ack_delay0,,,/home/chris/Toward-verification-of-QUIC-extensions/installer/TVOQE/results/errors/client/local/quant-client-2/temp/204/quic_client_test_ext_min_ack_delay0.iev,0.0,1.0
420," /home/chris/TVOQE_UPGRADE_27/quic/quant/Debug/bin/client -c false -r 20 -l /home/chris/secret.log -q /home/chris/qlog_quant -t 3600 -v 5 -e 0xff00001d https://localhost:4443/index.html
",client,quic_client_test_retirecoid_error0,,"ivy_return_code(1)+assumption_failed(""quic_client_test_retirecoid_error.ivy: line 276"")",/home/chris/Toward-verification-of-QUIC-extensions/installer/TVOQE/results/errors/client/local/quant-client-2/temp/775/quic_client_test_retirecoid_error0.iev,0.0,0.0
421," /home/chris/TVOQE_UPGRADE_27/quic/quant/Debug/bin/client -c false -r 20 -l /home/chris/secret.log -q /home/chris/qlog_quant -t 3600 -v 5 -e 0xff00001d https://localhost:4443/index.html
",client,quic_client_test_accept_maxdata0,,,/home/chris/Toward-verification-of-QUIC-extensions/installer/TVOQE/results/errors/client/local/quant-client-2/temp/860/quic_client_test_accept_maxdata0.iev,0.0,1.0
422," /home/chris/TVOQE_UPGRADE_27/quic/quant/Debug/bin/client -c false -r 20 -l /home/chris/secret.log -q /home/chris/qlog_quant -t 3600 -v 5 -e 0xff00001d https://localhost:4443/index.html
",client,quic_client_test_tp_unkown0,,,/home/chris/Toward-verification-of-QUIC-extensions/installer/TVOQE/results/errors/client/local/quant-client-2/temp/1159/quic_client_test_tp_unkown0.iev,0.0,1.0
423," /home/chris/TVOQE_UPGRADE_27/quic/quant/Debug/bin/client -c false -r 20 -l /home/chris/secret.log -q /home/chris/qlog_quant -t 3600 -v 5 -e 0xff00001d https://localhost:4443/index.html
",client,quic_client_test_new_token_error0,,server_return_code(1)+ivy_return_code(1),/home/chris/Toward-verification-of-QUIC-extensions/installer/TVOQE/results/errors/client/local/quant-client-2/temp/1336/quic_client_test_new_token_error0.iev,0.0,0.0
424," /home/chris/TVOQE_UPGRADE_27/quic/quant/Debug/bin/client -c false -r 20 -l /home/chris/secret.log -q /home/chris/qlog_quant -t 3600 -v 5 -e 0xff00001d https://localhost:4443/index.html
",client,quic_client_test_blocked_streams_maxstream_error0,,"ivy_return_code(1)+assumption_failed(""quic_client_test_blocked_streams_maxstream_error.ivy: line 283"")",/home/chris/Toward-verification-of-QUIC-extensions/installer/TVOQE/results/errors/client/local/quant-client-2/temp/663/quic_client_test_blocked_streams_maxstream_error0.iev,0.0,0.0
425," /home/chris/TVOQE_UPGRADE_27/quic/quant/Debug/bin/client -c false -r 20 -l /home/chris/secret.log -q /home/chris/qlog_quant -t 3600 -v 5 -e 0xff00001d https://localhost:4443/index.html
",client,quic_client_test_retirecoid_error0,,"ivy_return_code(1)+assumption_failed(""quic_client_test_retirecoid_error.ivy: line 276"")",/home/chris/Toward-verification-of-QUIC-extensions/installer/TVOQE/results/errors/client/local/quant-client-2/temp/765/quic_client_test_retirecoid_error0.iev,0.0,0.0
426," /home/chris/TVOQE_UPGRADE_27/quic/quant/Debug/bin/client -c false -r 20 -l /home/chris/secret.log -q /home/chris/qlog_quant -t 3600 -v 5 -e 0xff00001d https://localhost:4443/index.html
",client,quic_client_test_ext_min_ack_delay0,,,/home/chris/Toward-verification-of-QUIC-extensions/installer/TVOQE/results/errors/client/local/quant-client-2/temp/297/quic_client_test_ext_min_ack_delay0.iev,0.0,1.0
427," /home/chris/TVOQE_UPGRADE_27/quic/quant/Debug/bin/client -c false -r 20 -l /home/chris/secret.log -q /home/chris/qlog_quant -t 3600 -v 5 -e 0xff00001d https://localhost:4443/index.html
",client,quic_client_test_new_token_error0,,server_return_code(1)+test_completed,/home/chris/Toward-verification-of-QUIC-extensions/installer/TVOQE/results/errors/client/local/quant-client-2/temp/1369/quic_client_test_new_token_error0.iev,0.0,0.0
428," /home/chris/TVOQE_UPGRADE_27/quic/quant/Debug/bin/client -c false -r 20 -l /home/chris/secret.log -q /home/chris/qlog_quant -t 3600 -v 5 -e 0xff00001d https://localhost:4443/index.html
",client,quic_client_test_accept_maxdata0,,,/home/chris/Toward-verification-of-QUIC-extensions/installer/TVOQE/results/errors/client/local/quant-client-2/temp/808/quic_client_test_accept_maxdata0.iev,0.0,1.0
429," /home/chris/TVOQE_UPGRADE_27/quic/quant/Debug/bin/client -c false -r 20 -l /home/chris/secret.log -q /home/chris/qlog_quant -t 3600 -v 5 -e 0xff00001d https://localhost:4443/index.html
",client,quic_client_test_double_tp_error0,,"ivy_return_code(1)+assumption_failed(""quic_client_test_double_tp_error.ivy: line 502"")",/home/chris/Toward-verification-of-QUIC-extensions/installer/TVOQE/results/errors/client/local/quant-client-2/temp/406/quic_client_test_double_tp_error0.iev,0.0,0.0
430," /home/chris/TVOQE_UPGRADE_27/quic/quant/Debug/bin/client -c false -r 20 -l /home/chris/secret.log -q /home/chris/qlog_quant -t 3600 -v 5 -e 0xff00001d https://localhost:4443/index.html
",client,quic_client_test_unkown0,,"ivy_return_code(1)+assumption_failed(""quic_client_test_unkown.ivy: line 513"")",/home/chris/Toward-verification-of-QUIC-extensions/installer/TVOQE/results/errors/client/local/quant-client-2/temp/1068/quic_client_test_unkown0.iev,0.0,0.0
431," /home/chris/TVOQE_UPGRADE_27/quic/quant/Debug/bin/client -c false -r 20 -l /home/chris/secret.log -q /home/chris/qlog_quant -t 3600 -v 5 -e 0xff00001d https://localhost:4443/index.html
",client,quic_client_test_stream0,,"timeout+< undecryptable_packet_event({protocol:udp,addr:0x7f000001,port:0x8b4b},{protocol:udp,addr:0x7f000001,port:0x115b},[0xc3,0xff,0,0,0x1d,0x12,0x12,0x51,0xae,0x7d,0x47,0x1d,0x66,0xf2,0x98,0x9,0xe8,0xa9,0xd4,0xf2,0x44,0x4b,0x6a,0x95,0x4,0x75,0x82,0xce,0xac,0,0x44,0x90,0x7a,0xa2,0x75,0x11,0xa1,0xbf,0xa6,0xfa,0x1d,0xd4,0x59,0xff,0x50,0x68,0x53,0xe,0x78,0x65,0x66,0x3c,0xc1,0x2e,0xb2,0x32,0x61,0x68,0xdd,0x28,0x14,0x9c,0xcf,0x73,0xe5,0xab,0x22,0xbd,0xc6,0x8d,0x4b,0x82,0x5d,0xbc,0x8b,0xaf,0xa7,0x35,0xd8,0x34,0x82,0x4c,0x80,0xd9,0x1c,0x43,0x7a,0x88,0x91,0x69,0x6d,0x9b,0x69,0x8b,0xba,0xc5,0x7a,0x9e,0x77,0x58,0x50,0x36,0xd6,0xd6,0xaf,0x91,0xa3,0xc3,0x76,0x52,0xff,0x1a,0x98,0x94,0x10,0x4b,0x40,0x3d,0xc8,0xa0,0x93,0xe3,0xc,0xce,0x2b,0x6,0x41,0x49,0x1a,0x81,0x45,0x32,0xe8,0xec,0x8a,0x90,0x2b,0x2,0x7f,0x6,0x69,0x14,0x6d,0xe6,0xdb,0x3a,0x5e,0x94,0x6c,0xfa,0xa7,0x9b,0x89,0xa,0xc1,0x45,0x25,0x86,0x5f,0xb,0xc0,0xc5,0xa5,0xd9,0x8f,0,0xa1,0x4f,0x22,0x7,0xa,0x9d,0x91,0xbe,0xa4,0x10,0x43,0x88,0xa0,0xbd,0x7,0xc0,0xa7,0xfd,0xfd,0xb1,0xfe,0xe3,0x4c,0x1a,0x98,0x1,0x32,0xed,0xb9,0xa2,0x6f,0x6e,0x62,0xa8,0x33,0x13,0x4d,0x9a,0x60,0xb5,0x1f,0x59,0x2,0x54,0xf4,0xd7,0xa6,0xb,0x3a,0xf1,0x99,0x28,0x7,0x1b,0xe1,0xeb,0xb5,0x71,0x20,0x1c,0xd0,0x78,0xd7,0x2b,0x67,0x3d,0x6f,0xa9,0xde,0xda,0x37,0xe2,0xe0,0x45,0x15,0x80,0x8a,0x14,0xa8,0xbb,0x81,0xd5,0x3c,0x75,0x1d,0x5d,0x26,0xe8,0x18,0x2f,0x27,0x42,0x33,0x5b,0xea,0x5c,0xdd,0x2f,0x8f,0x6f,0x7d,0x1,0xf0,0x5a,0x3f,0xa0,0x28,0xb,0xc8,0x7,0x8b,0x61,0x17,0xfc,0xc,0x8f,0x9,0xda,0x9c,0xe5,0xe9,0xb6,0x3c,0x71,0x19,0xf2,0x8c,0xcd,0xf,0x7b,0xa6,0xe5,0x99,0x1f,0x73,0xd7,0xe6,0xfa,0xc6,0x94,0xb5,0xbc,0x6f,0x2c,0xfc,0x41,0xe0,0xf8,0x80,0xbe,0xa,0x6c,0x8,0x70,0x45,0xff,0x75,0xfe,0x47,0x7f,0x28,0x5,0x53,0xae,0xcc,0xf6,0x46,0xbd,0x8f,0x2b,0xf7,0xc3,0xfa,0x72,0x20,0x7d,0x5b,0x2e,0x2b,0xc0,0xd4,0x20,0x41,0xf9,0xa5,0xa7,0x9d,0x6d,0x98,0xa3,0x32,0xb4,0x8c,0xbd,0xa,0x6,0xbe,0x57,0x83,0x15,0xd3,0xc3,0x74,0x2e,0x1c,0x30,0x52,0x1a,0xd6,0xdd,0x7e,0xa2,0xef,0x9b,0x48,0x98,0xe9,0x8b,0x92,0xa8,0x91,0x1,0xb3,0x13,0x9f,0x12,0xed,0x2d,0x61,0x48,0xaa,0x5c,0xdf,0x5b,0xdb,0xce,0x68,0x58,0x87,0x51,0xaf,0x9c,0xe6,0x34,0x1c,0xee,0xf8,0x55,0xeb,0x11,0x1,0x91,0xb9,0xa4,0x79,0xe8,0xa3,0xc7,0x24,0xf0,0x35,0xa4,0xff,0xf1,0xe0,0x47,0x44,0x7c,0x8f,0x3f,0x3d,0xee,0x77,0x1f,0x7b,0xeb,0x86,0x73,0x5b,0xc2,0x40,0x4d,0xb4,0x8f,0xbf,0x67,0x81,0x92,0x44,0xfc,0x26,0xf5,0xc8,0x37,0xbc,0x50,0x41,0x12,0xa6,0x2c,0xf7,0x45,0xdf,0x59,0xac,0x5,0x56,0x9f,0x6b,0x7d,0x1f,0xae,0x41,0xf6,0xbe,0xd2,0xbf,0xe1,0x81,0x2c,0xb7,0xa5,0x26,0xc2,0x83,0xe0,0xca,0xfe,0x9,0x6d,0xb8,0xb0,0x5b,0x3e,0x1d,0xed,0x91,0x36,0xbf,0x76,0x95,0x32,0xc,0x52,0x3c,0xb,0x92,0xdb,0xe2,0xe4,0x47,0x90,0xc1,0xc2,0x79,0xb7,0x29,0x6c,0x17,0x5d,0xf4,0x34,0xf4,0x9b,0xe4,0xc8,0xde,0x33,0xb8,0x9f,0xd8,0xc9,0x60,0x8e,0xfa,0xa9,0x59,0xa1,0x1f,0xd7,0x6c,0x3b,0xe5,0xef,0x86,0xbc,0xa2,0xfc,0x25,0xfb,0xa8,0x59,0xeb,0x4b,0x56,0xc9,0x2e,0x49,0x67,0xa4,0xc1,0x30,0x67,0x21,0x6c,0x35,0x61,0x4e,0x30,0xb8,0xf3,0x19,0xd,0xf2,0x22,0xe2,0xe4,0x75,0x21,0x6b,0x98,0xa3,0xe,0x7f,0xdb,0x2f,0x51,0xd0,0x5b,0x45,0x26,0xc5,0xf2,0xcd,0x9f,0x46,0x2c,0x82,0x4d,0xc6,0x1b,0xd8,0xf1,0x48,0x36,0xd5,0x9f,0xec,0xb3,0x17,0xcf,0x86,0x72,0xb,0x9,0x2c,0x83,0x11,0x57,0xc6,0xb7,0x18,0x90,0x7a,0xbd,0xd3,0xde,0xf9,0xf3,0x5b,0x97,0xb4,0xb2,0x75,0xd4,0x19,0x49,0x98,0x18,0x68,0x6c,0x97,0xe,0x65,0x14,0x36,0x89,0x91,0x31,0xcf,0x5,0x94,0xf4,0xca,0xca,0xa8,0x12,0xc,0xf0,0x8e,0x76,0xae,0x62,0x38,0x21,0xd7,0xb8,0x8c,0x17,0x25,0x2e,0xc,0x40,0x5,0x89,0x88,0xd6,0xd2,0x51,0xb3,0x82,0x86,0x81,0xad,0x66,0x15,0x98,0xe3,0x62,0x85,0xbb,0xf9,0xa5,0x4,0xda,0x9d,0x29,0x95,0x97,0xe5,0xa8,0xeb,0x37,0x3c,0x3f,0xb,0x48,0x19,0xd9,0xbf,0x3f,0x1,0x73,0xbf,0x64,0xb1,0x62,0x3b,0xf3,0xa4,0xbf,0x49,0x93,0x6b,0x2f,0x51,0x89,0x5d,0,0xb0,0x1a,0x12,0xf9,0x9f,0xa3,0xb9,0x44,0x61,0x10,0xbe,0xb9,0x15,0x48,0xdd,0xb,0x7f,0x5b,0xc9,0xcb,0x41,0x81,0x1b,0x16,0xb3,0x63,0x9f,0xa8,0xf5,0x6b,0x52,0x6d,0xef,0x32,0x71,0x1d,0xee,0x75,0x94,0x64,0xe1,0x92,0xd6,0x39,0x3b,0x6e,0xe4,0x3e,0x1f,0x30,0x39,0x56,0x6,0x1b,0x2d,0x1a,0x29,0xd6,0xdc,0x6f,0xa6,0xe9,0x42,0x17,0xfa,0xc,0xc0,0xcf,0x10,0xd1,0x6e,0xc,0x60,0xdd,0x91,0,0x64,0x7a,0x49,0x61,0x7a,0x76,0xe7,0x42,0xe9,0xc3,0x25,0x76,0xe1,0xee,0xad,0x10,0x31,0xe0,0xdc,0xb7,0x3f,0x58,0x62,0x2c,0xbc,0x9,0xfa,0xce,0x74,0xd8,0x34,0x29,0x56,0x99,0xa5,0x67,0xdb,0x6c,0x1,0xe9,0x12,0x78,0x8e,0x61,0x89,0x74,0xd2,0xa3,0xeb,0x8c,0xef,0x8d,0x3d,0xf8,0x67,0xb0,0xe8,0x64,0xf3,0x63,0xbc,0x98,0x7,0xb9,0x96,0x65,0x59,0xf0,0xa0,0x50,0xb0,0x75,0x55,0xee,0x35,0x21,0x2,0x57,0x6b,0x6c,0x22,0xe8,0xf1,0x71,0xf3,0x32,0x95,0xdf,0x41,0x61,0xc5,0x2d,0x32,0x2a,0xf,0x4,0xfc,0x86,0x75,0xe8,0xbb,0xd7,0xfe,0x58,0x3a,0xd3,0xbf,0xe7,0x2a,0x12,0xac,0x7b,0xfa,0x58,0xac,0x7,0x35,0x70,0x5f,0x45,0xd3,0x78,0xd0,0x30,0xd2,0x35,0x40,0xd0,0x10,0x7a,0xb8,0xee,0x65,0xcb,0x5b,0xdc,0x3,0xec,0x8f,0x6c,0x9e,0x99,0xe1,0x24,0x8f,0x85,0x52,0x66,0x8b,0xdf,0x80,0x97,0xe4,0x5d,0xdc,0x75,0x43,0xd,0xd,0x41,0x8c,0x1e,0x46,0x15,0xba,0x6b,0xaf,0xad,0x4f,0xf1,0xdd,0xf5,0xad,0xe5,0xc4,0x8f,0xad,0x17,0xa9,0xfd,0xe0,0x12,0x9d,0x5f,0x5b,0xc2,0xd5,0x88,0x73,0xef,0x5f,0x6a,0xb1,0xe6,0x4f,0xaa,0x38,0x41,0x46,0x58,0x4b,0x8f,0x57,0xda,0x30,0x4e,0xff,0x2e,0x5c,0xdf,0x7e,0x81,0x18,0x2d,0xa4,0x95,0x8b,0xf1,0x4c,0xd1,0xb6,0x5a,0x1c,0x3a,0xc,0xf6,0x6b,0x76,0xb7,0xf0,0x94,0xc3,0xc4,0x8a,0x2e,0x5b,0x5f,0x1a,0x6a,0x28,0x30,0xf2,0x9f,0xe2,0x68,0x70,0xc0,0x2a,0xb4,0x25,0x3d,0x6b,0xa9,0x7b,0x6e,0xab,0x34,0x7a,0x8f,0x5b,0x78,0x94,0x35,0x7e,0xdd,0x8c,0xf3,0xd0,0x70,0x4e,0xa,0x81,0xc4,0x55,0x9,0x46,0x4d,0x17,0xf8,0x2,0x97,0xf5,0xc,0x2d,0x52,0x1c,0x7e,0xd6,0x4a,0x5d,0x31,0x24,0xa4,0xd8,0xf9,0xf8,0xd0,0x9b,0xba,0x6f,0xdc,0xc0,0x7a,0x4a,0xd5,0x2f,0x89,0x39,0xf9,0x50,0x5,0xde,0x26,0xe,0xed,0x3d,0x47,0xfa,0xd2,0xb3,0x29,0x6e,0x4,0x2e,0x64,0xaf,0x7,0xd5,0x54,0xe5,0x50,0xca,0xf2,0xe7,0x67,0xf1,0x84,0x72,0xca,0xc5,0xfd,0x1,0x30,0x84,0xbe,0xf3,0x4b,0xb2,0x10,0x97,0xdc,0xb5,0x2c,0x13,0xf2,0x40,0x59,0xe7,0x56,0x4f,0x42,0x59,0xd6,0xf6,0xdc,0xe0,0x1b,0xdf,0x1e,0xd3,0x8f,0xa6,0xac,0x66,0x79,0xfd,0xe5,0xcb,0x5f,0x30,0x70,0x3a,0xff,0x65,0x1b,0xc1,0x90,0xb8,0x1f])",/home/chris/Toward-verification-of-QUIC-extensions/installer/TVOQE/results/errors/client/local/quant-client-2/temp/118/quic_client_test_stream0.iev,0.0,0.0
432," /home/chris/TVOQE_UPGRADE_27/quic/quant/Debug/bin/client -c false -r 20 -l /home/chris/secret.log -q /home/chris/qlog_quant -t 3600 -v 5 -e 0xff00001d https://localhost:4443/index.html
",client,quic_client_test_tp_error0,,server_return_code(1)+timeout,/home/chris/Toward-verification-of-QUIC-extensions/installer/TVOQE/results/errors/client/local/quant-client-2/temp/326/quic_client_test_tp_error0.iev,0.0,0.0
433," /home/chris/TVOQE_UPGRADE_27/quic/quant/Debug/bin/client -c false -r 20 -l /home/chris/secret.log -q /home/chris/qlog_quant -t 3600 -v 5 -e 0xff00001d https://localhost:4443/index.html
",client,quic_client_test_limit_max_error0,,"ivy_return_code(1)+assumption_failed(""quic_client_test_limit_max_error.ivy: line 504"")",/home/chris/Toward-verification-of-QUIC-extensions/installer/TVOQE/results/errors/client/local/quant-client-2/temp/1241/quic_client_test_limit_max_error0.iev,0.0,0.0
434," /home/chris/TVOQE_UPGRADE_27/quic/quant/Debug/bin/client -c false -r 20 -l /home/chris/secret.log -q /home/chris/qlog_quant -t 3600 -v 5 -e 0xff00001d https://localhost:4443/index.html
",client,quic_client_test_blocked_streams_maxstream_error0,,"ivy_return_code(1)+assumption_failed(""quic_client_test_blocked_streams_maxstream_error.ivy: line 283"")",/home/chris/Toward-verification-of-QUIC-extensions/installer/TVOQE/results/errors/client/local/quant-client-2/temp/646/quic_client_test_blocked_streams_maxstream_error0.iev,0.0,0.0
435," /home/chris/TVOQE_UPGRADE_27/quic/quant/Debug/bin/client -c false -r 20 -l /home/chris/secret.log -q /home/chris/qlog_quant -t 3600 -v 5 -e 0xff00001d https://localhost:4443/index.html
",client,quic_client_test_tp_acticoid_error0,,"ivy_return_code(1)+assumption_failed(""quic_client_test_tp_acticoid_error.ivy: line 515"")",/home/chris/Toward-verification-of-QUIC-extensions/installer/TVOQE/results/errors/client/local/quant-client-2/temp/578/quic_client_test_tp_acticoid_error0.iev,0.0,0.0
436," /home/chris/TVOQE_UPGRADE_27/quic/quant/Debug/bin/client -c false -r 20 -l /home/chris/secret.log -q /home/chris/qlog_quant -t 3600 -v 5 -e 0xff00001d https://localhost:4443/index.html
",client,quic_client_test_tp_acticoid_error0,,,/home/chris/Toward-verification-of-QUIC-extensions/installer/TVOQE/results/errors/client/local/quant-client-2/temp/527/quic_client_test_tp_acticoid_error0.iev,0.0,1.0
437," /home/chris/TVOQE_UPGRADE_27/quic/quant/Debug/bin/client -c false -r 20 -l /home/chris/secret.log -q /home/chris/qlog_quant -t 3600 -v 5 -e 0xff00001d https://localhost:4443/index.html
",client,quic_client_test_stream0,,,/home/chris/Toward-verification-of-QUIC-extensions/installer/TVOQE/results/errors/client/local/quant-client-2/temp/143/quic_client_test_stream0.iev,0.0,1.0
438," /home/chris/TVOQE_UPGRADE_27/quic/quant/Debug/bin/client -c false -r 20 -l /home/chris/secret.log -q /home/chris/qlog_quant -t 3600 -v 5 -e 0xff00001d https://localhost:4443/index.html
",client,quic_client_test_limit_max_error0,,"ivy_return_code(1)+assumption_failed(""quic_client_test_limit_max_error.ivy: line 504"")",/home/chris/Toward-verification-of-QUIC-extensions/installer/TVOQE/results/errors/client/local/quant-client-2/temp/1214/quic_client_test_limit_max_error0.iev,0.0,0.0
439," /home/chris/TVOQE_UPGRADE_27/quic/quant/Debug/bin/client -c false -r 20 -l /home/chris/secret.log -q /home/chris/qlog_quant -t 3600 -v 5 -e 0xff00001d https://localhost:4443/index.html
",client,quic_client_test_retirecoid_error0,,"ivy_return_code(1)+assumption_failed(""quic_client_test_retirecoid_error.ivy: line 276"")",/home/chris/Toward-verification-of-QUIC-extensions/installer/TVOQE/results/errors/client/local/quant-client-2/temp/767/quic_client_test_retirecoid_error0.iev,0.0,0.0
440," /home/chris/TVOQE_UPGRADE_27/quic/quant/Debug/bin/client -c false -r 20 -l /home/chris/secret.log -q /home/chris/qlog_quant -t 3600 -v 5 -e 0xff00001d https://localhost:4443/index.html
",client,quic_client_test_accept_maxdata0,,,/home/chris/Toward-verification-of-QUIC-extensions/installer/TVOQE/results/errors/client/local/quant-client-2/temp/897/quic_client_test_accept_maxdata0.iev,0.0,1.0
441," /home/chris/TVOQE_UPGRADE_27/quic/quant/Debug/bin/client -c false -r 20 -l /home/chris/secret.log -q /home/chris/qlog_quant -t 3600 -v 5 -e 0xff00001d https://localhost:4443/index.html
",client,quic_client_test_tp_unkown0,,,/home/chris/Toward-verification-of-QUIC-extensions/installer/TVOQE/results/errors/client/local/quant-client-2/temp/1140/quic_client_test_tp_unkown0.iev,0.0,1.0
442," /home/chris/TVOQE_UPGRADE_27/quic/quant/Debug/bin/client -c false -r 20 -l /home/chris/secret.log -q /home/chris/qlog_quant -t 3600 -v 5 -e 0xff00001d https://localhost:4443/index.html
",client,quic_client_test_new_token_error0,,"ivy_return_code(1)+assumption_failed(""quic_client_test_new_token_error.ivy: line 517"")",/home/chris/Toward-verification-of-QUIC-extensions/installer/TVOQE/results/errors/client/local/quant-client-2/temp/1365/quic_client_test_new_token_error0.iev,0.0,0.0
443," /home/chris/TVOQE_UPGRADE_27/quic/quant/Debug/bin/client -c false -r 20 -l /home/chris/secret.log -q /home/chris/qlog_quant -t 3600 -v 5 -e 0xff00001d https://localhost:4443/index.html
",client,quic_client_test_double_tp_error0,,"ivy_return_code(1)+assumption_failed(""quic_client_test_double_tp_error.ivy: line 502"")",/home/chris/Toward-verification-of-QUIC-extensions/installer/TVOQE/results/errors/client/local/quant-client-2/temp/439/quic_client_test_double_tp_error0.iev,0.0,0.0
444," /home/chris/TVOQE_UPGRADE_27/quic/quant/Debug/bin/client -c false -r 20 -l /home/chris/secret.log -q /home/chris/qlog_quant -t 3600 -v 5 -e 0xff00001d https://localhost:4443/index.html
",client,quic_client_test_stream0,,,/home/chris/Toward-verification-of-QUIC-extensions/installer/TVOQE/results/errors/client/local/quant-client-2/temp/159/quic_client_test_stream0.iev,0.0,1.0
445," /home/chris/TVOQE_UPGRADE_27/quic/quant/Debug/bin/client -c false -r 20 -l /home/chris/secret.log -q /home/chris/qlog_quant -t 3600 -v 5 -e 0xff00001d https://localhost:4443/index.html
",client,quic_client_test_max0,,,/home/chris/Toward-verification-of-QUIC-extensions/installer/TVOQE/results/errors/client/local/quant-client-2/temp/26/quic_client_test_max0.iev,0.0,1.0
446," /home/chris/TVOQE_UPGRADE_27/quic/quant/Debug/bin/client -c false -r 20 -l /home/chris/secret.log -q /home/chris/qlog_quant -t 3600 -v 5 -e 0xff00001d https://localhost:4443/index.html
",client,quic_client_test_tp_prefadd_error0,,"ivy_return_code(1)+assumption_failed(""quic_client_test_tp_prefadd_error.ivy: line 518"")",/home/chris/Toward-verification-of-QUIC-extensions/installer/TVOQE/results/errors/client/local/quant-client-2/temp/939/quic_client_test_tp_prefadd_error0.iev,0.0,0.0
447," /home/chris/TVOQE_UPGRADE_27/quic/quant/Debug/bin/client -c false -r 20 -l /home/chris/secret.log -q /home/chris/qlog_quant -t 3600 -v 5 -e 0xff00001d https://localhost:4443/index.html
",client,quic_client_test_ext_min_ack_delay0,,,/home/chris/Toward-verification-of-QUIC-extensions/installer/TVOQE/results/errors/client/local/quant-client-2/temp/238/quic_client_test_ext_min_ack_delay0.iev,0.0,1.0
448," /home/chris/TVOQE_UPGRADE_27/quic/quant/Debug/bin/client -c false -r 20 -l /home/chris/secret.log -q /home/chris/qlog_quant -t 3600 -v 5 -e 0xff00001d https://localhost:4443/index.html
",client,quic_client_test_tp_unkown0,,,/home/chris/Toward-verification-of-QUIC-extensions/installer/TVOQE/results/errors/client/local/quant-client-2/temp/1100/quic_client_test_tp_unkown0.iev,0.0,1.0
449," /home/chris/TVOQE_UPGRADE_27/quic/quant/Debug/bin/client -c false -r 20 -l /home/chris/secret.log -q /home/chris/qlog_quant -t 3600 -v 5 -e 0xff00001d https://localhost:4443/index.html
",client,quic_client_test_stream0,,timeout+sending id: server addr: 2130706433 port: 53470,/home/chris/Toward-verification-of-QUIC-extensions/installer/TVOQE/results/errors/client/local/quant-client-2/temp/135/quic_client_test_stream0.iev,0.0,0.0
450," /home/chris/TVOQE_UPGRADE_27/quic/quant/Debug/bin/client -c false -r 20 -l /home/chris/secret.log -q /home/chris/qlog_quant -t 3600 -v 5 -e 0xff00001d https://localhost:4443/index.html
",client,quic_client_test_tp_unkown0,,,/home/chris/Toward-verification-of-QUIC-extensions/installer/TVOQE/results/errors/client/local/quant-client-2/temp/1111/quic_client_test_tp_unkown0.iev,0.0,1.0
451," /home/chris/TVOQE_UPGRADE_27/quic/quant/Debug/bin/client -c false -r 20 -l /home/chris/secret.log -q /home/chris/qlog_quant -t 3600 -v 5 -e 0xff00001d https://localhost:4443/index.html
",client,quic_client_test_new_token_error0,,ivy_return_code(134)+ivy_binary_deser_128 getn deser_err,/home/chris/Toward-verification-of-QUIC-extensions/installer/TVOQE/results/errors/client/local/quant-client-2/temp/1370/quic_client_test_new_token_error0.iev,0.0,0.0
452," /home/chris/TVOQE_UPGRADE_27/quic/quant/Debug/bin/client -c false -r 20 -l /home/chris/secret.log -q /home/chris/qlog_quant -t 3600 -v 5 -e 0xff00001d https://localhost:4443/index.html
",client,quic_client_test_stream0,,"timeout+< undecryptable_packet_event({protocol:udp,addr:0x7f000001,port:0xbad8},{protocol:udp,addr:0x7f000001,port:0x115b},[0xca,0xff,0,0,0x1d,0x12,0x57,0xf6,0xcb,0x20,0x92,0xc7,0x31,0x9a,0xab,0x9d,0x92,0xfb,0xcd,0x47,0x8e,0xa8,0xe2,0x34,0x4,0x65,0x5c,0xa2,0x75,0,0x44,0x90,0x4c,0x6,0x78,0x19,0x1a,0x54,0x4c,0xca,0x69,0xf0,0xaf,0x52,0x21,0x50,0x2c,0x53,0x4e,0x1d,0xa2,0x45,0x68,0x42,0x7e,0x98,0x39,0xb0,0x3a,0x73,0x65,0xf9,0x17,0x5,0x17,0x91,0x30,0x37,0xf7,0x3c,0xba,0x48,0x76,0x80,0x3d,0x1b,0xfe,0x4b,0x4d,0xb5,0xb5,0xd4,0x71,0x78,0xed,0xe3,0x70,0xf8,0x5c,0x4d,0x66,0xe6,0x68,0x63,0xea,0x15,0x6d,0x97,0xa0,0xbb,0x10,0xee,0x50,0xf3,0x75,0xbb,0x19,0xda,0x17,0xbe,0xce,0x86,0x97,0xf0,0x18,0x36,0xdf,0xe,0x42,0xd6,0x4d,0x4a,0xaf,0x3a,0xb0,0x7b,0x9e,0x9c,0xcf,0xdf,0xc4,0x9a,0xd8,0xa2,0x89,0x31,0xe6,0x91,0x48,0x1f,0xf7,0xce,0xfb,0xa3,0xc7,0x7d,0x81,0xcc,0x72,0xbe,0x3b,0xa3,0xc3,0x44,0xba,0x59,0xac,0x61,0x43,0xad,0x7e,0xf5,0x71,0x51,0xee,0x9a,0xd8,0x4a,0x5e,0x9e,0xc2,0x30,0xbd,0x87,0x5f,0x39,0x69,0x70,0x8e,0x9e,0x8f,0x3e,0xa1,0x19,0xad,0x50,0x4a,0xb4,0x2f,0x49,0x1c,0x9b,0xa6,0x70,0x48,0x8c,0x60,0x37,0x61,0x2c,0xe3,0xd1,0x82,0xed,0x3c,0xc6,0x69,0x96,0x22,0x53,0x51,0x12,0x54,0xdb,0x48,0x30,0xb7,0x33,0xc9,0x68,0x3a,0x6e,0x3b,0xfd,0x7b,0xa2,0x57,0xb7,0x33,0xc2,0x4c,0x93,0xba,0x80,0xed,0xf3,0x14,0xa1,0x13,0x9,0x43,0xfe,0xbe,0xc7,0xd4,0xab,0x10,0x46,0x7a,0xc5,0x53,0x48,0xaa,0x36,0x25,0xbb,0xd7,0x29,0x18,0xaa,0x15,0xcc,0xa1,0xf9,0xec,0xe,0x22,0x90,0x93,0xdb,0xaa,0x6,0x9d,0xe2,0x5e,0x11,0xc8,0x3f,0x3b,0x4d,0x9a,0x71,0xce,0x2a,0xae,0x88,0xf2,0x99,0xbc,0xe9,0xaf,0x28,0x31,0xb2,0x22,0x39,0x1a,0x69,0x3f,0x76,0xa3,0xc0,0xfe,0xa5,0xb,0xf6,0x5c,0x3c,0xdf,0x88,0x57,0x1,0xc1,0x2a,0x4b,0x2d,0x59,0xc4,0x3a,0x96,0xb6,0xa8,0xda,0xbd,0x9d,0xc9,0x60,0xcc,0x4,0x49,0x69,0x77,0x57,0xd8,0x1c,0x19,0x67,0xc1,0x29,0xd9,0x6,0x62,0xc3,0x42,0x54,0xfd,0x5,0xc1,0x25,0x28,0x25,0x10,0x2e,0x5,0x53,0x8c,0xa1,0x34,0x1d,0xd9,0x51,0xca,0x54,0xd6,0x33,0xcc,0x19,0x25,0x81,0x3,0x7f,0x1a,0xc4,0xd,0xa1,0x2d,0x4a,0x48,0xbc,0x8a,0x89,0xfa,0xf2,0x28,0x57,0x38,0x99,0xb,0x67,0x15,0xf4,0x46,0x8b,0xb6,0xbd,0x5,0x26,0x99,0x1e,0x85,0x9f,0xbd,0x19,0xbc,0x3f,0x27,0xe4,0xe8,0xda,0xd0,0xe7,0x67,0x93,0xde,0xc,0x82,0xf8,0x7,0xb5,0x1c,0x85,0xca,0x50,0xca,0x98,0x40,0x66,0x24,0x59,0x76,0xef,0x1c,0x1c,0xff,0xc2,0x5d,0x70,0x2d,0x7b,0x76,0x4,0xf3,0x25,0x3f,0xb0,0xa9,0x37,0xa2,0x10,0xa8,0x11,0x7,0xe2,0x94,0x19,0x29,0x4e,0x54,0x8f,0x33,0x65,0x7a,0x60,0x37,0x1e,0xce,0x92,0x4b,0xb6,0x92,0xd0,0xf6,0x9c,0x4e,0xa6,0x96,0xc8,0xe2,0x7a,0x4e,0xff,0x3e,0x50,0x6d,0x5f,0xf,0x7c,0xa1,0x46,0xa6,0xb6,0x2e,0x1e,0xf0,0xa1,0xcf,0x1,0xf6,0xd3,0x66,0xe7,0x75,0xfe,0x89,0x9c,0xdb,0x39,0x50,0xd8,0x35,0xdf,0xed,0x7a,0xd7,0x66,0xbf,0xbb,0x91,0xc2,0x6,0xf4,0xf0,0x34,0x9f,0xfa,0xc8,0x56,0x75,0x39,0x17,0x69,0x96,0xc7,0x30,0x60,0xdb,0x32,0x58,0xe6,0x5d,0x2d,0x3a,0xb4,0xed,0xd2,0x1d,0xa6,0xdb,0x38,0xfa,0x51,0x1f,0x8a,0x8c,0x21,0xe9,0x91,0xa,0xe9,0xae,0x32,0xf6,0x3,0x96,0x68,0x9e,0xc0,0xc5,0x7b,0x46,0x79,0x91,0xd8,0xed,0x98,0x69,0x65,0x71,0xf3,0x69,0x6a,0x41,0xdf,0xdd,0x57,0xd9,0xd7,0xf5,0xbb,0xeb,0x1e,0x1d,0x47,0xa1,0xa2,0xb4,0xf3,0x5d,0x5c,0x7a,0x80,0x4a,0xc0,0x49,0x7d,0x27,0xed,0x6c,0xce,0x75,0x84,0xb0,0x14,0x3a,0x33,0xd1,0x48,0x96,0x20,0x95,0x55,0xa0,0x22,0xed,0x18,0xf4,0xbb,0x5b,0x49,0x28,0xa4,0xfe,0x8c,0x1c,0xa2,0x7c,0x43,0x1e,0x44,0xc,0x73,0xcb,0x61,0xda,0xde,0x7f,0xf,0x8e,0xe7,0x83,0x7f,0xe6,0x77,0xa5,0xf9,0x70,0x6a,0xbf,0x36,0xff,0xa1,0x11,0xfe,0xe0,0x72,0x71,0xfb,0xfe,0x54,0x44,0x68,0xd3,0xb5,0xd7,0xe5,0xb3,0x87,0x84,0x80,0x1b,0x1b,0x9c,0x25,0x60,0x9a,0x68,0xf7,0x76,0xad,0xef,0xe8,0xdf,0x9,0xec,0x1,0x4d,0x31,0xc1,0xdf,0x57,0x69,0x81,0xe0,0xd5,0xab,0xe1,0x31,0x3d,0xfc,0xc4,0x2c,0x71,0xd9,0x90,0x9f,0xb5,0x96,0x56,0xa5,0x47,0x5c,0x10,0x6b,0x3f,0xf5,0xbe,0x1,0xcf,0x81,0xbc,0x18,0xc9,0xc8,0xcd,0xe6,0xee,0xcc,0x29,0xf8,0xc7,0x25,0xf8,0xc9,0x94,0x32,0xd6,0xd4,0xe1,0x38,0x24,0x1a,0x5c,0x89,0x91,0xd7,0x7e,0x33,0x5c,0x75,0x6d,0x20,0xf7,0x72,0xe4,0x3a,0,0xd7,0xa0,0x2c,0x4,0x95,0xe,0x73,0xac,0x75,0x76,0x6,0xcf,0x30,0xfb,0x47,0x32,0xea,0x8b,0xbd,0x48,0x66,0xd3,0x9b,0xf5,0x3a,0x7e,0xbd,0x99,0x2f,0x62,0x72,0x62,0x78,0x87,0x89,0xae,0x42,0xd3,0xe6,0x37,0,0x56,0x1a,0x9f,0x3f,0x71,0xa1,0x45,0x59,0x2d,0xed,0x23,0xae,0x25,0x6e,0x31,0x4,0xb,0xa8,0x3e,0x60,0xd7,0xf7,0x90,0x20,0x94,0x29,0xd1,0x24,0xe0,0xa2,0x80,0xc9,0x3f,0xcb,0xe6,0x1c,0xf0,0x3b,0x4b,0x2,0xf5,0xce,0xda,0x95,0x79,0xa5,0x47,0x7a,0x5d,0x3e,0x50,0x71,0xac,0x8c,0x7f,0x1a,0x2e,0x31,0x61,0x41,0x70,0x53,0xce,0x3d,0x69,0xf,0xa2,0xe1,0xf,0xf3,0xa9,0x7c,0x3e,0x8b,0xa7,0x11,0x4,0xc5,0x8d,0xf4,0x3,0xb0,0xa8,0xf1,0xc8,0x1c,0x74,0xce,0x7e,0xd1,0xb5,0xa0,0xbb,0xcb,0xa0,0xcd,0xc3,0x90,0x9d,0xf9,0xf3,0xa8,0xf9,0xb5,0x62,0xe3,0x2,0xb7,0xe3,0xd4,0x66,0xb7,0xaa,0x48,0x9d,0x7d,0x10,0x9,0x81,0xac,0x37,0x90,0x6e,0x99,0x82,0x38,0xbf,0x20,0xb6,0x55,0xdc,0xed,0xae,0x50,0x93,0xb6,0xcb,0x6,0x4a,0xaf,0xe,0xe4,0xeb,0xae,0x73,0xf3,0xc5,0x79,0x6a,0xdf,0xbb,0x97,0xd5,0xfc,0x1d,0x10,0x99,0x7f,0xe5,0x7c,0xaa,0x23,0x2a,0x1e,0x3a,0xa6,0xf8,0xff,0xbb,0xd5,0x64,0x7f,0x10,0x49,0x50,0xfd,0xb1,0xfa,0xbf,0xc9,0x93,0x25,0xb5,0xf2,0xc3,0x9b,0xc,0xfd,0xe9,0xe3,0x81,0x23,0xb0,0x6b,0x9f,0x44,0xd4,0xb5,0xe,0xc5,0xcb,0xfd,0x5c,0x1,0xa3,0x78,0x19,0x10,0xe7,0xf2,0x8d,0x4,0x8f,0x2d,0x60,0x4b,0xa2,0x93,0x7c,0x73,0x4d,0xb6,0xb6,0x5f,0xfe,0x98,0x18,0x7d,0xfb,0xf8,0,0xf4,0xfa,0x21,0xa2,0xb1,0x9d,0x66,0x89,0x80,0x74,0xf7,0xde,0x82,0xee,0x25,0xa1,0x55,0xe9,0xe,0xca,0xe8,0x9c,0xa,0x10,0x97,0x37,0x8b,0x68,0x82,0x1c,0x98,0x1,0x94,0x56,0x89,0x51,0x57,0x46,0xd7,0x1c,0x4f,0x88,0xa4,0xf5,0x8,0xe,0xc5,0xbf,0xa6,0x40,0x54,0xba,0x37,0xbf,0x57,0xf8,0x91,0x58,0x8e,0xab,0x3a,0x84,0xb6,0xd0,0xe5,0xe3,0xa9,0x14,0x8f,0x82,0x63,0x4d,0x90,0x70,0x8e,0xc0,0x52,0x93,0x99,0xff,0xd3,0x10,0x74,0xda,0xe5,0x97,0x64,0xad,0x52,0x32,0xe1,0xd1,0x10,0x9e,0x7a,0xb7,0xbf,0x58,0x4e,0x8b,0x8b,0x79,0x9,0xbb,0x1a,0x3,0xd,0xb7,0x12,0x2c,0x1a,0x42,0xc2,0xad,0xc2,0x6f,0xad,0x55,0x4d,0x1e,0x3,0x49,0x69,0x8f,0xb8,0x10,0xc6,0xf,0x4d,0x96,0xca,0xeb,0x65,0x30,0x68,0xad,0xbf,0x69,0xf2,0xf7,0x9a,0x7e,0x87,0x73,0x65,0x91,0x66,0xce,0x76,0x77,0x86,0x89,0x9e,0x5b,0xa1,0x99,0x2b,0x18,0x2e,0xa2,0x85,0xeb])",/home/chris/Toward-verification-of-QUIC-extensions/installer/TVOQE/results/errors/client/local/quant-client-2/temp/148/quic_client_test_stream0.iev,0.0,0.0
453," /home/chris/TVOQE_UPGRADE_27/quic/quant/Debug/bin/client -c false -r 20 -l /home/chris/secret.log -q /home/chris/qlog_quant -t 3600 -v 5 -e 0xff00001d https://localhost:4443/index.html
",client,quic_client_test_retirecoid_error0,,"ivy_return_code(1)+assumption_failed(""quic_client_test_retirecoid_error.ivy: line 276"")",/home/chris/Toward-verification-of-QUIC-extensions/installer/TVOQE/results/errors/client/local/quant-client-2/temp/782/quic_client_test_retirecoid_error0.iev,0.0,0.0
454," /home/chris/TVOQE_UPGRADE_27/quic/quant/Debug/bin/client -c false -r 20 -l /home/chris/secret.log -q /home/chris/qlog_quant -t 3600 -v 5 -e 0xff00001d https://localhost:4443/index.html
",client,quic_client_test_accept_maxdata0,,,/home/chris/Toward-verification-of-QUIC-extensions/installer/TVOQE/results/errors/client/local/quant-client-2/temp/816/quic_client_test_accept_maxdata0.iev,0.0,1.0
455," /home/chris/TVOQE_UPGRADE_27/quic/quant/Debug/bin/client -c false -r 20 -l /home/chris/secret.log -q /home/chris/qlog_quant -t 3600 -v 5 -e 0xff00001d https://localhost:4443/index.html
",client,quic_client_test_stream0,,,/home/chris/Toward-verification-of-QUIC-extensions/installer/TVOQE/results/errors/client/local/quant-client-2/temp/178/quic_client_test_stream0.iev,0.0,1.0
456," /home/chris/TVOQE_UPGRADE_27/quic/quant/Debug/bin/client -c false -r 20 -l /home/chris/secret.log -q /home/chris/qlog_quant -t 3600 -v 5 -e 0xff00001d https://localhost:4443/index.html
",client,quic_client_test_double_tp_error0,,"ivy_return_code(1)+assumption_failed(""quic_client_test_double_tp_error.ivy: line 502"")",/home/chris/Toward-verification-of-QUIC-extensions/installer/TVOQE/results/errors/client/local/quant-client-2/temp/435/quic_client_test_double_tp_error0.iev,0.0,0.0
457," /home/chris/TVOQE_UPGRADE_27/quic/quant/Debug/bin/client -c false -r 20 -l /home/chris/secret.log -q /home/chris/qlog_quant -t 3600 -v 5 -e 0xff00001d https://localhost:4443/index.html
",client,quic_client_test_new_token_error0,,server_return_code(1)+ivy_return_code(1),/home/chris/Toward-verification-of-QUIC-extensions/installer/TVOQE/results/errors/client/local/quant-client-2/temp/1349/quic_client_test_new_token_error0.iev,0.0,0.0
458," /home/chris/TVOQE_UPGRADE_27/quic/quant/Debug/bin/client -c false -r 20 -l /home/chris/secret.log -q /home/chris/qlog_quant -t 3600 -v 5 -e 0xff00001d https://localhost:4443/index.html
",client,quic_client_test_double_tp_error0,,"ivy_return_code(1)+assumption_failed(""quic_client_test_double_tp_error.ivy: line 502"")",/home/chris/Toward-verification-of-QUIC-extensions/installer/TVOQE/results/errors/client/local/quant-client-2/temp/477/quic_client_test_double_tp_error0.iev,0.0,0.0
459," /home/chris/TVOQE_UPGRADE_27/quic/quant/Debug/bin/client -c false -r 20 -l /home/chris/secret.log -q /home/chris/qlog_quant -t 3600 -v 5 -e 0xff00001d https://localhost:4443/index.html
",client,quic_client_test_max0,,"ivy_return_code(1)+assumption_failed(""/usr/local/lib/python2.7/dist-packages/ivy/include/1.7/quic_packet.ivy: line 377"")",/home/chris/Toward-verification-of-QUIC-extensions/installer/TVOQE/results/errors/client/local/quant-client-2/temp/42/quic_client_test_max0.iev,0.0,0.0
460," /home/chris/TVOQE_UPGRADE_27/quic/quant/Debug/bin/client -c false -r 20 -l /home/chris/secret.log -q /home/chris/qlog_quant -t 3600 -v 5 -e 0xff00001d https://localhost:4443/index.html
",client,quic_client_test_unkown0,,server_return_code(1)+ivy_return_code(1),/home/chris/Toward-verification-of-QUIC-extensions/installer/TVOQE/results/errors/client/local/quant-client-2/temp/1047/quic_client_test_unkown0.iev,0.0,0.0
461," /home/chris/TVOQE_UPGRADE_27/quic/quant/Debug/bin/client -c false -r 20 -l /home/chris/secret.log -q /home/chris/qlog_quant -t 3600 -v 5 -e 0xff00001d https://localhost:4443/index.html
",client,quic_client_test_unkown0,,server_return_code(1)+ivy_return_code(1),/home/chris/Toward-verification-of-QUIC-extensions/installer/TVOQE/results/errors/client/local/quant-client-2/temp/1019/quic_client_test_unkown0.iev,0.0,0.0
462," /home/chris/TVOQE_UPGRADE_27/quic/quant/Debug/bin/client -c false -r 20 -l /home/chris/secret.log -q /home/chris/qlog_quant -t 3600 -v 5 -e 0xff00001d https://localhost:4443/index.html
",client,quic_client_test_unkown0,,server_return_code(1)+ivy_return_code(1),/home/chris/Toward-verification-of-QUIC-extensions/installer/TVOQE/results/errors/client/local/quant-client-2/temp/1011/quic_client_test_unkown0.iev,0.0,0.0
463," /home/chris/TVOQE_UPGRADE_27/quic/quant/Debug/bin/client -c false -r 20 -l /home/chris/secret.log -q /home/chris/qlog_quant -t 3600 -v 5 -e 0xff00001d https://localhost:4443/index.html
",client,quic_client_test_stream0,,,/home/chris/Toward-verification-of-QUIC-extensions/installer/TVOQE/results/errors/client/local/quant-client-2/temp/103/quic_client_test_stream0.iev,0.0,1.0
464," /home/chris/TVOQE_UPGRADE_27/quic/quant/Debug/bin/client -c false -r 20 -l /home/chris/secret.log -q /home/chris/qlog_quant -t 3600 -v 5 -e 0xff00001d https://localhost:4443/index.html
",client,quic_client_test_tp_prefadd_error0,,server_return_code(1)+ivy_return_code(1),/home/chris/Toward-verification-of-QUIC-extensions/installer/TVOQE/results/errors/client/local/quant-client-2/temp/942/quic_client_test_tp_prefadd_error0.iev,0.0,0.0
465," /home/chris/TVOQE_UPGRADE_27/quic/quant/Debug/bin/client -c false -r 20 -l /home/chris/secret.log -q /home/chris/qlog_quant -t 3600 -v 5 -e 0xff00001d https://localhost:4443/index.html
",client,quic_client_test_tp_prefadd_error0,,server_return_code(1)+ivy_return_code(1),/home/chris/Toward-verification-of-QUIC-extensions/installer/TVOQE/results/errors/client/local/quant-client-2/temp/926/quic_client_test_tp_prefadd_error0.iev,0.0,0.0
466," /home/chris/TVOQE_UPGRADE_27/quic/quant/Debug/bin/client -c false -r 20 -l /home/chris/secret.log -q /home/chris/qlog_quant -t 3600 -v 5 -e 0xff00001d https://localhost:4443/index.html
",client,quic_client_test_stream0,,"timeout+< undecryptable_packet_event({protocol:udp,addr:0x7f000001,port:0x9663},{protocol:udp,addr:0x7f000001,port:0x115b},[0xcb,0xff,0,0,0x1d,0x11,0x29,0x2c,0x8b,0x5b,0x43,0x9c,0x8c,0xbc,0x6c,0x2a,0x82,0x4f,0xdf,0xf8,0xcf,0x6f,0x55,0x4,0x49,0xff,0xb6,0x8d,0,0x44,0x91,0xd7,0,0xbc,0xbb,0x23,0xda,0x77,0xb4,0xcd,0x6d,0xf9,0x2,0xc6,0x3d,0x77,0x11,0xa3,0x4,0x7f,0xe,0x2f,0x97,0x56,0x6f,0x2f,0xe6,0xfa,0x5a,0x7e,0x6d,0x15,0x2d,0x2d,0x1a,0x1e,0x4b,0x61,0x88,0x35,0x7a,0xa4,0xd2,0x9f,0x23,0x85,0x31,0xc4,0x1,0x2,0x8e,0x9c,0xfd,0xe9,0x67,0x29,0xd,0xea,0xfa,0x80,0xc5,0x9,0x33,0x82,0xe4,0xc0,0x4a,0x21,0xa5,0x67,0xe3,0xeb,0x12,0x91,0xa2,0x51,0xe9,0x70,0xff,0xc8,0xb9,0xa0,0x93,0x84,0x15,0x76,0x4d,0xb3,0xff,0x6b,0x4c,0x59,0xdc,0xad,0x57,0x67,0x5b,0x3e,0x80,0xcb,0x37,0x94,0xc2,0xba,0x9a,0xdb,0x91,0x7,0x96,0xb1,0x14,0xc,0xd2,0x72,0x3f,0x69,0xb0,0x9d,0x1c,0x6d,0x33,0x7a,0x9d,0x5c,0xf2,0x1e,0x87,0xf5,0xa,0xf5,0xe5,0x23,0x19,0x32,0x57,0x8,0x52,0xcd,0xff,0x37,0x8c,0x34,0xa5,0x53,0x42,0x59,0x3d,0xba,0x84,0x7b,0xe0,0xe1,0xa0,0x1a,0xec,0x9b,0xbc,0xfd,0x66,0xf2,0xe8,0x90,0x4d,0xf2,0x63,0xb9,0xf7,0x74,0xd9,0x35,0x59,0x1b,0xbd,0x22,0x8d,0x48,0xcf,0x43,0x4,0x4a,0xe,0xb2,0xf3,0xf,0x5b,0x15,0x12,0x26,0x81,0x9f,0xf2,0xf2,0xdc,0xc9,0xd5,0x8a,0x34,0xf8,0xa5,0xeb,0xb3,0x82,0xf9,0xc,0xd0,0xaa,0x8e,0x52,0x2,0x3a,0x59,0xaa,0xac,0x30,0xb,0x1a,0xff,0x87,0xc4,0xa1,0x7e,0x64,0x9f,0xb4,0x85,0xc1,0x53,0xc8,0xc2,0x14,0x47,0x6e,0x44,0x80,0x8,0x74,0x29,0xdc,0xbf,0xf5,0x66,0x36,0x20,0xf7,0xe9,0x51,0xed,0x58,0x46,0x37,0x17,0x8d,0xd9,0xa6,0xb4,0x12,0xea,0x3e,0x49,0x7b,0x1,0xe0,0x4c,0xeb,0x5a,0x9e,0x17,0xd0,0x5b,0xe0,0x85,0x8b,0xe8,0xdb,0x59,0x1c,0x3b,0xca,0x47,0xa0,0xfe,0x74,0xc7,0x7d,0xed,0xcf,0x74,0x9e,0x46,0x3,0x14,0x99,0xe2,0x87,0x44,0x3a,0xe7,0xe1,0x6e,0x19,0x27,0xaa,0xb1,0x5b,0x40,0xc0,0xba,0x4,0x3d,0x1f,0x82,0xf8,0x16,0xe1,0xa6,0x30,0x19,0x5d,0x54,0xbd,0x1b,0xd8,0xcd,0x95,0xea,0xb2,0xad,0xab,0xba,0x16,0x33,0x3f,0x5,0xd,0x76,0x24,0xbf,0xa1,0xe7,0xed,0x2e,0xe8,0x61,0xb7,0x76,0xaa,0xb4,0xf4,0x30,0x35,0xa5,0xf1,0x13,0xdd,0x2e,0xc5,0xa7,0xcc,0xc3,0x83,0x55,0x79,0x8a,0x87,0x77,0xa7,0x7a,0x1a,0xcb,0x13,0xff,0x2,0xdd,0x68,0x7e,0x54,0xea,0xd0,0x73,0x2e,0xee,0x55,0xaa,0xbd,0x18,0x8c,0x6e,0x97,0xfd,0x59,0x65,0xb4,0x55,0x8f,0xce,0x2b,0x7b,0x39,0x96,0x9a,0xd6,0x2d,0xa7,0xf3,0x3a,0x3f,0x8d,0x72,0x7e,0x6d,0,0x70,0xcb,0xfa,0x7e,0x7c,0xd6,0x80,0x35,0,0x32,0xa9,0xb6,0xf6,0xce,0xbd,0xb,0xaa,0xe0,0x97,0x9d,0x6,0x39,0xf1,0x75,0x2e,0x98,0x79,0xdf,0xf3,0xab,0x7d,0x6b,0x48,0x99,0xe2,0x9f,0x39,0xaa,0xca,0xa3,0xa9,0x35,0x22,0x5a,0xf4,0xa1,0x2d,0x13,0x7c,0x4d,0x92,0x6c,0x15,0x22,0x1e,0x4c,0x8e,0x45,0x34,0xcd,0xe,0x1,0x28,0x5f,0x8c,0xae,0x85,0x39,0x4,0x13,0x2,0x5a,0x18,0xed,0xc2,0x79,0xc1,0xaf,0xd7,0xf8,0x77,0xb3,0x47,0x65,0x19,0xdf,0x2c,0x57,0x35,0x31,0x17,0x71,0x5f,0x38,0x5,0x8a,0x18,0x9b,0x61,0x66,0x48,0xa5,0x72,0x97,0x3f,0x48,0x7,0x28,0xad,0xb9,0x89,0x17,0x3a,0x61,0x14,0xbb,0x11,0xc7,0x1c,0xda,0x13,0x83,0x23,0xb1,0x5e,0x5d,0x40,0x13,0x49,0x16,0x16,0xef,0x70,0x3f,0xca,0x2a,0x7e,0x56,0xc1,0xfc,0x23,0x1e,0x15,0xbf,0x5a,0x47,0x5,0xf7,0xdc,0xc1,0x6b,0x80,0x18,0x39,0x4a,0x50,0x9a,0x65,0x89,0xc0,0xe,0x8f,0x8a,0xfb,0x91,0xed,0xd1,0x64,0,0xec,0x16,0x31,0x46,0xd1,0x4c,0x30,0xa,0x7d,0x7d,0x88,0x8f,0x5d,0xc5,0xd0,0x76,0x62,0xc6,0xbc,0x45,0xc0,0xbf,0xea,0xaf,0x9f,0x61,0xa7,0xd8,0xe,0x88,0xd8,0xe1,0x83,0xb5,0x25,0x8,0xff,0xe4,0xd,0xbe,0xf7,0xd,0x57,0xfb,0x5f,0xeb,0x90,0x18,0xab,0xb6,0x91,0xb9,0x81,0x6b,0x9e,0x54,0xaa,0x5a,0x5e,0x37,0xa,0x40,0x69,0x9b,0x57,0xea,0x2b,0xb3,0xba,0x71,0xaa,0x59,0xae,0xe2,0xd2,0x91,0x82,0x3f,0xdd,0xfd,0x43,0x3d,0xa0,0x3a,0x8b,0x1e,0x9e,0x99,0x73,0xd8,0x3d,0xc5,0xcf,0x32,0xfe,0x77,0x4e,0xcb,0xd8,0x37,0x48,0x5,0x39,0x5a,0x33,0x67,0x95,0xe4,0xb9,0xbb,0xd6,0xcb,0xd1,0x22,0x13,0xf1,0x2a,0xf9,0x60,0x9c,0x65,0x2,0xfb,0xc6,0xdf,0x43,0xe0,0x34,0xc,0x73,0xf3,0xa3,0xd7,0x44,0x65,0x1e,0xb0,0x82,0x14,0xd7,0xcb,0xe7,0x75,0x8d,0xe7,0xd0,0x8,0x46,0x8f,0x5,0x98,0x24,0x18,0xda,0x6d,0x79,0xe0,0x11,0x4f,0xe3,0x86,0xc8,0x6a,0x5f,0x24,0x6b,0xaf,0x43,0x10,0x25,0x9f,0xf5,0xd6,0xdb,0x15,0x8,0xdc,0xa6,0x59,0x56,0x50,0xf7,0x2f,0x2e,0x2c,0xfc,0xf2,0xb,0x83,0x3c,0xd1,0xb,0xa8,0x12,0xd6,0xc9,0x2b,0x7c,0x76,0x5c,0x27,0x29,0x4a,0xd5,0x30,0x27,0xfd,0x93,0xac,0x8d,0x78,0x42,0xdc,0x8,0x80,0x4e,0x17,0xe0,0x45,0x52,0xca,0xd8,0xfd,0x6,0x5d,0x5,0xec,0x6b,0xab,0x71,0xab,0x19,0x72,0xe3,0x73,0xe1,0xbd,0x7,0xe5,0xe6,0x48,0xd7,0xb6,0xd2,0x8,0xb7,0x8a,0x91,0xe4,0xf2,0x8,0x33,0x4e,0xf3,0x84,0xc2,0xc4,0xee,0x21,0xa4,0x26,0,0xeb,0xe3,0x5e,0x81,0xf5,0x70,0xdc,0x3e,0x97,0xc7,0x5b,0xad,0x31,0x7,0xe8,0xa,0x9,0xf4,0x9f,0xd6,0xe7,0x27,0x3b,0xe4,0x80,0xa3,0xb,0x32,0xd6,0x89,0x21,0x58,0x67,0xef,0xc,0x7f,0xd5,0xa4,0xd8,0x7,0x86,0x41,0x5e,0x56,0xf4,0x6b,0xe4,0xec,0x5a,0x88,0xd8,0x94,0x5e,0x5f,0x7b,0xd6,0x30,0xed,0x28,0x59,0x4c,0x2c,0x31,0xa0,0xa1,0xb2,0x5b,0x4e,0x1f,0xfa,0xfe,0xa,0x6b,0xcc,0xc6,0x21,0x83,0x4a,0xd,0x5,0x33,0xf6,0x25,0xa4,0x57,0x58,0x80,0xcb,0x22,0x14,0x7c,0x50,0x6f,0x1e,0x8e,0x34,0xb9,0xe7,0x2a,0x7a,0xbc,0x8c,0x37,0xb4,0x65,0x66,0x8d,0x40,0x49,0x13,0x24,0x57,0x3e,0x60,0x99,0x3,0x7e,0x3d,0xd5,0x27,0x97,0xd1,0xe9,0xd6,0xff,0xfd,0xcc,0x84,0x56,0xc5,0xbe,0x88,0x84,0xa4,0x80,0x1b,0x47,0x5,0x46,0x90,0x66,0x10,0xb4,0xe4,0xa3,0x65,0x70,0xa2,0x35,0x2d,0x7a,0x7e,0x9d,0xf9,0xf,0x5c,0x6f,0xed,0x87,0x47,0xfd,0xa3,0x53,0xba,0xb,0xf0,0x62,0x9c,0xf6,0x6f,0x3e,0x39,0x6c,0xe9,0xf0,0xaf,0xa,0xc,0xdc,0x25,0x42,0x9c,0xef,0x58,0x99,0xec,0xae,0xef,0xc2,0x9f,0x8c,0x34,0x55,0x1b,0xd1,0x6e,0x25,0x86,0xa7,0x35,0x5a,0xc4,0x5a,0x3f,0xa2,0x88,0xc7,0xc1,0xd0,0x55,0x7b,0xc7,0xcb,0xae,0x2,0xea,0xcf,0xc6,0x15,0xa5,0xa7,0xad,0xf5,0x8d,0xa9,0x72,0x69,0x48,0xf5,0x5b,0x1e,0xb8,0xce,0x45,0x98,0xe9,0x11,0xa,0x6a,0x45,0x42,0xfa,0x32,0x69,0xa2,0x2c,0x24,0x3e,0x73,0x96,0x85,0xc6,0x35,0xaf,0x87,0x40,0x7e,0x5c,0xa0,0xcf,0x3a,0x34,0xa1,0xb7,0x3d,0x76,0xe2,0x7,0xed,0xbb,0xab,0xdb,0xd6,0x11,0x88,0x7c,0x5a,0xd,0xa0,0x8d,0x39,0x9c,0x20,0x8a,0x26,0xdb,0x86,0xd2,0xad,0x84,0x1d,0x54,0x6b,0xaf,0xde,0x61,0xe5,0x96,0x12,0x20,0x17,0x3e,0x3a,0x11,0x85,0x26,0xb2,0xff,0xc7,0xba,0xbb,0x62,0x46,0x10,0xf3,0xb7,0xc7,0x53,0xd0,0xf1,0xd6,0xc4,0x78,0x31,0xd6,0x2c,0x46,0x5e])",/home/chris/Toward-verification-of-QUIC-extensions/installer/TVOQE/results/errors/client/local/quant-client-2/temp/187/quic_client_test_stream0.iev,0.0,0.0
467," /home/chris/TVOQE_UPGRADE_27/quic/quant/Debug/bin/client -c false -r 20 -l /home/chris/secret.log -q /home/chris/qlog_quant -t 3600 -v 5 -e 0xff00001d https://localhost:4443/index.html
",client,quic_client_test_tp_acticoid_error0,,"ivy_return_code(1)+assumption_failed(""quic_client_test_tp_acticoid_error.ivy: line 515"")",/home/chris/Toward-verification-of-QUIC-extensions/installer/TVOQE/results/errors/client/local/quant-client-2/temp/581/quic_client_test_tp_acticoid_error0.iev,0.0,0.0
468," /home/chris/TVOQE_UPGRADE_27/quic/quant/Debug/bin/client -c false -r 20 -l /home/chris/secret.log -q /home/chris/qlog_quant -t 3600 -v 5 -e 0xff00001d https://localhost:4443/index.html
",client,quic_client_test_tp_prefadd_error0,,server_return_code(1)+ivy_return_code(1),/home/chris/Toward-verification-of-QUIC-extensions/installer/TVOQE/results/errors/client/local/quant-client-2/temp/940/quic_client_test_tp_prefadd_error0.iev,0.0,0.0
469," /home/chris/TVOQE_UPGRADE_27/quic/quant/Debug/bin/client -c false -r 20 -l /home/chris/secret.log -q /home/chris/qlog_quant -t 3600 -v 5 -e 0xff00001d https://localhost:4443/index.html
",client,quic_client_test_max0,,,/home/chris/Toward-verification-of-QUIC-extensions/installer/TVOQE/results/errors/client/local/quant-client-2/temp/93/quic_client_test_max0.iev,0.0,1.0
470," /home/chris/TVOQE_UPGRADE_27/quic/quant/Debug/bin/client -c false -r 20 -l /home/chris/secret.log -q /home/chris/qlog_quant -t 3600 -v 5 -e 0xff00001d https://localhost:4443/index.html
",client,quic_client_test_accept_maxdata0,,,/home/chris/Toward-verification-of-QUIC-extensions/installer/TVOQE/results/errors/client/local/quant-client-2/temp/877/quic_client_test_accept_maxdata0.iev,0.0,1.0
471," /home/chris/TVOQE_UPGRADE_27/quic/quant/Debug/bin/client -c false -r 20 -l /home/chris/secret.log -q /home/chris/qlog_quant -t 3600 -v 5 -e 0xff00001d https://localhost:4443/index.html
",client,quic_client_test_double_tp_error0,,"ivy_return_code(1)+assumption_failed(""quic_client_test_double_tp_error.ivy: line 502"")",/home/chris/Toward-verification-of-QUIC-extensions/installer/TVOQE/results/errors/client/local/quant-client-2/temp/458/quic_client_test_double_tp_error0.iev,0.0,0.0
472," /home/chris/TVOQE_UPGRADE_27/quic/quant/Debug/bin/client -c false -r 20 -l /home/chris/secret.log -q /home/chris/qlog_quant -t 3600 -v 5 -e 0xff00001d https://localhost:4443/index.html
",client,quic_client_test_accept_maxdata0,,,/home/chris/Toward-verification-of-QUIC-extensions/installer/TVOQE/results/errors/client/local/quant-client-2/temp/888/quic_client_test_accept_maxdata0.iev,0.0,1.0
473," /home/chris/TVOQE_UPGRADE_27/quic/quant/Debug/bin/client -c false -r 20 -l /home/chris/secret.log -q /home/chris/qlog_quant -t 3600 -v 5 -e 0xff00001d https://localhost:4443/index.html
",client,quic_client_test_ext_min_ack_delay0,,,/home/chris/Toward-verification-of-QUIC-extensions/installer/TVOQE/results/errors/client/local/quant-client-2/temp/277/quic_client_test_ext_min_ack_delay0.iev,0.0,1.0
474," /home/chris/TVOQE_UPGRADE_27/quic/quant/Debug/bin/client -c false -r 20 -l /home/chris/secret.log -q /home/chris/qlog_quant -t 3600 -v 5 -e 0xff00001d https://localhost:4443/index.html
",client,quic_client_test_unkown0,,ivy_return_code(134)+ivy_binary_deser_128 getn deser_err,/home/chris/Toward-verification-of-QUIC-extensions/installer/TVOQE/results/errors/client/local/quant-client-2/temp/1027/quic_client_test_unkown0.iev,0.0,0.0
475," /home/chris/TVOQE_UPGRADE_27/quic/quant/Debug/bin/client -c false -r 20 -l /home/chris/secret.log -q /home/chris/qlog_quant -t 3600 -v 5 -e 0xff00001d https://localhost:4443/index.html
",client,quic_client_test_unkown0,,"ivy_return_code(1)+assumption_failed(""quic_client_test_unkown.ivy: line 513"")",/home/chris/Toward-verification-of-QUIC-extensions/installer/TVOQE/results/errors/client/local/quant-client-2/temp/1063/quic_client_test_unkown0.iev,0.0,0.0
476," /home/chris/TVOQE_UPGRADE_27/quic/quant/Debug/bin/client -c false -r 20 -l /home/chris/secret.log -q /home/chris/qlog_quant -t 3600 -v 5 -e 0xff00001d https://localhost:4443/index.html
",client,quic_client_test_new_token_error0,,ivy_return_code(134)+ivy_binary_deser_128 getn deser_err,/home/chris/Toward-verification-of-QUIC-extensions/installer/TVOQE/results/errors/client/local/quant-client-2/temp/1309/quic_client_test_new_token_error0.iev,0.0,0.0
477," /home/chris/TVOQE_UPGRADE_27/quic/quant/Debug/bin/client -c false -r 20 -l /home/chris/secret.log -q /home/chris/qlog_quant -t 3600 -v 5 -e 0xff00001d https://localhost:4443/index.html
",client,quic_client_test_double_tp_error0,,server_return_code(1)+ivy_return_code(1),/home/chris/Toward-verification-of-QUIC-extensions/installer/TVOQE/results/errors/client/local/quant-client-2/temp/430/quic_client_test_double_tp_error0.iev,0.0,0.0
478," /home/chris/TVOQE_UPGRADE_27/quic/quant/Debug/bin/client -c false -r 20 -l /home/chris/secret.log -q /home/chris/qlog_quant -t 3600 -v 5 -e 0xff00001d https://localhost:4443/index.html
",client,quic_client_test_tp_unkown0,,,/home/chris/Toward-verification-of-QUIC-extensions/installer/TVOQE/results/errors/client/local/quant-client-2/temp/1172/quic_client_test_tp_unkown0.iev,0.0,1.0
479," /home/chris/TVOQE_UPGRADE_27/quic/quant/Debug/bin/client -c false -r 20 -l /home/chris/secret.log -q /home/chris/qlog_quant -t 3600 -v 5 -e 0xff00001d https://localhost:4443/index.html
",client,quic_client_test_tp_unkown0,,,/home/chris/Toward-verification-of-QUIC-extensions/installer/TVOQE/results/errors/client/local/quant-client-2/temp/1152/quic_client_test_tp_unkown0.iev,0.0,1.0
480," /home/chris/TVOQE_UPGRADE_27/quic/quant/Debug/bin/client -c false -r 20 -l /home/chris/secret.log -q /home/chris/qlog_quant -t 3600 -v 5 -e 0xff00001d https://localhost:4443/index.html
",client,quic_client_test_max0,,,/home/chris/Toward-verification-of-QUIC-extensions/installer/TVOQE/results/errors/client/local/quant-client-2/temp/39/quic_client_test_max0.iev,0.0,1.0
481," /home/chris/TVOQE_UPGRADE_27/quic/quant/Debug/bin/client -c false -r 20 -l /home/chris/secret.log -q /home/chris/qlog_quant -t 3600 -v 5 -e 0xff00001d https://localhost:4443/index.html
",client,quic_client_test_unkown0,,ivy_return_code(134)+ivy_binary_deser_128 getn deser_err,/home/chris/Toward-verification-of-QUIC-extensions/installer/TVOQE/results/errors/client/local/quant-client-2/temp/1079/quic_client_test_unkown0.iev,0.0,0.0
482," /home/chris/TVOQE_UPGRADE_27/quic/quant/Debug/bin/client -c false -r 20 -l /home/chris/secret.log -q /home/chris/qlog_quant -t 3600 -v 5 -e 0xff00001d https://localhost:4443/index.html
",client,quic_client_test_double_tp_error0,,"ivy_return_code(1)+assumption_failed(""quic_client_test_double_tp_error.ivy: line 502"")",/home/chris/Toward-verification-of-QUIC-extensions/installer/TVOQE/results/errors/client/local/quant-client-2/temp/455/quic_client_test_double_tp_error0.iev,0.0,0.0
483," /home/chris/TVOQE_UPGRADE_27/quic/quant/Debug/bin/client -c false -r 20 -l /home/chris/secret.log -q /home/chris/qlog_quant -t 3600 -v 5 -e 0xff00001d https://localhost:4443/index.html
",client,quic_client_test_max0,,,/home/chris/Toward-verification-of-QUIC-extensions/installer/TVOQE/results/errors/client/local/quant-client-2/temp/81/quic_client_test_max0.iev,0.0,1.0
484," /home/chris/TVOQE_UPGRADE_27/quic/quant/Debug/bin/client -c false -r 20 -l /home/chris/secret.log -q /home/chris/qlog_quant -t 3600 -v 5 -e 0xff00001d https://localhost:4443/index.html
",client,quic_client_test_retirecoid_error0,,"ivy_return_code(1)+assumption_failed(""quic_client_test_retirecoid_error.ivy: line 276"")",/home/chris/Toward-verification-of-QUIC-extensions/installer/TVOQE/results/errors/client/local/quant-client-2/temp/747/quic_client_test_retirecoid_error0.iev,0.0,0.0
485," /home/chris/TVOQE_UPGRADE_27/quic/quant/Debug/bin/client -c false -r 20 -l /home/chris/secret.log -q /home/chris/qlog_quant -t 3600 -v 5 -e 0xff00001d https://localhost:4443/index.html
",client,quic_client_test_tp_prefadd_error0,,"ivy_return_code(1)+assumption_failed(""quic_client_test_tp_prefadd_error.ivy: line 518"")",/home/chris/Toward-verification-of-QUIC-extensions/installer/TVOQE/results/errors/client/local/quant-client-2/temp/959/quic_client_test_tp_prefadd_error0.iev,0.0,0.0
486," /home/chris/TVOQE_UPGRADE_27/quic/quant/Debug/bin/client -c false -r 20 -l /home/chris/secret.log -q /home/chris/qlog_quant -t 3600 -v 5 -e 0xff00001d https://localhost:4443/index.html
",client,quic_client_test_unkown0,,server_return_code(1)+ivy_return_code(1),/home/chris/Toward-verification-of-QUIC-extensions/installer/TVOQE/results/errors/client/local/quant-client-2/temp/1078/quic_client_test_unkown0.iev,0.0,0.0
487," /home/chris/TVOQE_UPGRADE_27/quic/quant/Debug/bin/client -c false -r 20 -l /home/chris/secret.log -q /home/chris/qlog_quant -t 3600 -v 5 -e 0xff00001d https://localhost:4443/index.html
",client,quic_client_test_double_tp_error0,,server_return_code(1)+ivy_return_code(1),/home/chris/Toward-verification-of-QUIC-extensions/installer/TVOQE/results/errors/client/local/quant-client-2/temp/468/quic_client_test_double_tp_error0.iev,0.0,0.0
488," /home/chris/TVOQE_UPGRADE_27/quic/quant/Debug/bin/client -c false -r 20 -l /home/chris/secret.log -q /home/chris/qlog_quant -t 3600 -v 5 -e 0xff00001d https://localhost:4443/index.html
",client,quic_client_test_double_tp_error0,,server_return_code(1)+ivy_return_code(1),/home/chris/Toward-verification-of-QUIC-extensions/installer/TVOQE/results/errors/client/local/quant-client-2/temp/414/quic_client_test_double_tp_error0.iev,0.0,0.0
489," /home/chris/TVOQE_UPGRADE_27/quic/quant/Debug/bin/client -c false -r 20 -l /home/chris/secret.log -q /home/chris/qlog_quant -t 3600 -v 5 -e 0xff00001d https://localhost:4443/index.html
",client,quic_client_test_tp_unkown0,,,/home/chris/Toward-verification-of-QUIC-extensions/installer/TVOQE/results/errors/client/local/quant-client-2/temp/1139/quic_client_test_tp_unkown0.iev,0.0,1.0
490," /home/chris/TVOQE_UPGRADE_27/quic/quant/Debug/bin/client -c false -r 20 -l /home/chris/secret.log -q /home/chris/qlog_quant -t 3600 -v 5 -e 0xff00001d https://localhost:4443/index.html
",client,quic_client_test_accept_maxdata0,,,/home/chris/Toward-verification-of-QUIC-extensions/installer/TVOQE/results/errors/client/local/quant-client-2/temp/869/quic_client_test_accept_maxdata0.iev,0.0,1.0
491," /home/chris/TVOQE_UPGRADE_27/quic/quant/Debug/bin/client -c false -r 20 -l /home/chris/secret.log -q /home/chris/qlog_quant -t 3600 -v 5 -e 0xff00001d https://localhost:4443/index.html
",client,quic_client_test_retirecoid_error0,,"ivy_return_code(1)+assumption_failed(""quic_client_test_retirecoid_error.ivy: line 276"")",/home/chris/Toward-verification-of-QUIC-extensions/installer/TVOQE/results/errors/client/local/quant-client-2/temp/705/quic_client_test_retirecoid_error0.iev,0.0,0.0
492," /home/chris/TVOQE_UPGRADE_27/quic/quant/Debug/bin/client -c false -r 20 -l /home/chris/secret.log -q /home/chris/qlog_quant -t 3600 -v 5 -e 0xff00001d https://localhost:4443/index.html
",client,quic_client_test_tp_error0,,server_return_code(1)+timeout,/home/chris/Toward-verification-of-QUIC-extensions/installer/TVOQE/results/errors/client/local/quant-client-2/temp/371/quic_client_test_tp_error0.iev,0.0,0.0
493," /home/chris/TVOQE_UPGRADE_27/quic/quant/Debug/bin/client -c false -r 20 -l /home/chris/secret.log -q /home/chris/qlog_quant -t 3600 -v 5 -e 0xff00001d https://localhost:4443/index.html
",client,quic_client_test_unkown0,,server_return_code(1)+ivy_return_code(1),/home/chris/Toward-verification-of-QUIC-extensions/installer/TVOQE/results/errors/client/local/quant-client-2/temp/1017/quic_client_test_unkown0.iev,0.0,0.0
494," /home/chris/TVOQE_UPGRADE_27/quic/quant/Debug/bin/client -c false -r 20 -l /home/chris/secret.log -q /home/chris/qlog_quant -t 3600 -v 5 -e 0xff00001d https://localhost:4443/index.html
",client,quic_client_test_limit_max_error0,,"ivy_return_code(1)+assumption_failed(""quic_client_test_limit_max_error.ivy: line 504"")",/home/chris/Toward-verification-of-QUIC-extensions/installer/TVOQE/results/errors/client/local/quant-client-2/temp/1224/quic_client_test_limit_max_error0.iev,0.0,0.0
495," /home/chris/TVOQE_UPGRADE_27/quic/quant/Debug/bin/client -c false -r 20 -l /home/chris/secret.log -q /home/chris/qlog_quant -t 3600 -v 5 -e 0xff00001d https://localhost:4443/index.html
",client,quic_client_test_stream0,,,/home/chris/Toward-verification-of-QUIC-extensions/installer/TVOQE/results/errors/client/local/quant-client-2/temp/190/quic_client_test_stream0.iev,0.0,1.0
496," /home/chris/TVOQE_UPGRADE_27/quic/quant/Debug/bin/client -c false -r 20 -l /home/chris/secret.log -q /home/chris/qlog_quant -t 3600 -v 5 -e 0xff00001d https://localhost:4443/index.html
",client,quic_client_test_tp_prefadd_error0,,"ivy_return_code(1)+assumption_failed(""quic_client_test_tp_prefadd_error.ivy: line 518"")",/home/chris/Toward-verification-of-QUIC-extensions/installer/TVOQE/results/errors/client/local/quant-client-2/temp/947/quic_client_test_tp_prefadd_error0.iev,0.0,0.0
497," /home/chris/TVOQE_UPGRADE_27/quic/quant/Debug/bin/client -c false -r 20 -l /home/chris/secret.log -q /home/chris/qlog_quant -t 3600 -v 5 -e 0xff00001d https://localhost:4443/index.html
",client,quic_client_test_double_tp_error0,,"ivy_return_code(1)+assumption_failed(""quic_client_test_double_tp_error.ivy: line 502"")",/home/chris/Toward-verification-of-QUIC-extensions/installer/TVOQE/results/errors/client/local/quant-client-2/temp/411/quic_client_test_double_tp_error0.iev,0.0,0.0
498," /home/chris/TVOQE_UPGRADE_27/quic/quant/Debug/bin/client -c false -r 20 -l /home/chris/secret.log -q /home/chris/qlog_quant -t 3600 -v 5 -e 0xff00001d https://localhost:4443/index.html
",client,quic_client_test_stream0,,timeout+sending id: server addr: 2130706433 port: 59943,/home/chris/Toward-verification-of-QUIC-extensions/installer/TVOQE/results/errors/client/local/quant-client-2/temp/189/quic_client_test_stream0.iev,0.0,0.0
499," /home/chris/TVOQE_UPGRADE_27/quic/quant/Debug/bin/client -c false -r 20 -l /home/chris/secret.log -q /home/chris/qlog_quant -t 3600 -v 5 -e 0xff00001d https://localhost:4443/index.html
",client,quic_client_test_max0,,,/home/chris/Toward-verification-of-QUIC-extensions/installer/TVOQE/results/errors/client/local/quant-client-2/temp/95/quic_client_test_max0.iev,0.0,1.0
500," /home/chris/TVOQE_UPGRADE_27/quic/quant/Debug/bin/client -c false -r 20 -l /home/chris/secret.log -q /home/chris/qlog_quant -t 3600 -v 5 -e 0xff00001d https://localhost:4443/index.html
",client,quic_client_test_max0,,"ivy_return_code(1)+assumption_failed(""quic_client_test.ivy: line 310"")",/home/chris/Toward-verification-of-QUIC-extensions/installer/TVOQE/results/errors/client/local/quant-client-2/temp/61/quic_client_test_max0.iev,0.0,0.0
501," /home/chris/TVOQE_UPGRADE_27/quic/quant/Debug/bin/client -c false -r 20 -l /home/chris/secret.log -q /home/chris/qlog_quant -t 3600 -v 5 -e 0xff00001d https://localhost:4443/index.html
",client,quic_client_test_new_token_error0,,ivy_return_code(134)+ivy_binary_deser_128 getn deser_err,/home/chris/Toward-verification-of-QUIC-extensions/installer/TVOQE/results/errors/client/local/quant-client-2/temp/1337/quic_client_test_new_token_error0.iev,0.0,0.0
502," /home/chris/TVOQE_UPGRADE_27/quic/quant/Debug/bin/client -c false -r 20 -l /home/chris/secret.log -q /home/chris/qlog_quant -t 3600 -v 5 -e 0xff00001d https://localhost:4443/index.html
",client,quic_client_test_tp_prefadd_error0,,"ivy_return_code(1)+assumption_failed(""quic_client_test_tp_prefadd_error.ivy: line 518"")",/home/chris/Toward-verification-of-QUIC-extensions/installer/TVOQE/results/errors/client/local/quant-client-2/temp/988/quic_client_test_tp_prefadd_error0.iev,0.0,0.0
503," /home/chris/TVOQE_UPGRADE_27/quic/quant/Debug/bin/client -c false -r 20 -l /home/chris/secret.log -q /home/chris/qlog_quant -t 3600 -v 5 -e 0xff00001d https://localhost:4443/index.html
",client,quic_client_test_tp_unkown0,,,/home/chris/Toward-verification-of-QUIC-extensions/installer/TVOQE/results/errors/client/local/quant-client-2/temp/1112/quic_client_test_tp_unkown0.iev,0.0,1.0
504," /home/chris/TVOQE_UPGRADE_27/quic/quant/Debug/bin/client -c false -r 20 -l /home/chris/secret.log -q /home/chris/qlog_quant -t 3600 -v 5 -e 0xff00001d https://localhost:4443/index.html
",client,quic_client_test_new_token_error0,,ivy_return_code(134)+ivy_binary_deser_128 getn deser_err,/home/chris/Toward-verification-of-QUIC-extensions/installer/TVOQE/results/errors/client/local/quant-client-2/temp/1318/quic_client_test_new_token_error0.iev,0.0,0.0
505," /home/chris/TVOQE_UPGRADE_27/quic/quant/Debug/bin/client -c false -r 20 -l /home/chris/secret.log -q /home/chris/qlog_quant -t 3600 -v 5 -e 0xff00001d https://localhost:4443/index.html
",client,quic_client_test_max0,,"ivy_return_code(1)+assumption_failed(""/usr/local/lib/python2.7/dist-packages/ivy/include/1.7/quic_packet.ivy: line 377"")",/home/chris/Toward-verification-of-QUIC-extensions/installer/TVOQE/results/errors/client/local/quant-client-2/temp/58/quic_client_test_max0.iev,0.0,0.0
506," /home/chris/TVOQE_UPGRADE_27/quic/quant/Debug/bin/client -c false -r 20 -l /home/chris/secret.log -q /home/chris/qlog_quant -t 3600 -v 5 -e 0xff00001d https://localhost:4443/index.html
",client,quic_client_test_unkown0,,"ivy_return_code(1)+assumption_failed(""quic_client_test_unkown.ivy: line 513"")",/home/chris/Toward-verification-of-QUIC-extensions/installer/TVOQE/results/errors/client/local/quant-client-2/temp/1048/quic_client_test_unkown0.iev,0.0,0.0
507," /home/chris/TVOQE_UPGRADE_27/quic/quant/Debug/bin/client -c false -r 20 -l /home/chris/secret.log -q /home/chris/qlog_quant -t 3600 -v 5 -e 0xff00001d https://localhost:4443/index.html
",client,quic_client_test_tp_prefadd_error0,,server_return_code(1)+ivy_return_code(1),/home/chris/Toward-verification-of-QUIC-extensions/installer/TVOQE/results/errors/client/local/quant-client-2/temp/904/quic_client_test_tp_prefadd_error0.iev,0.0,0.0
508," /home/chris/TVOQE_UPGRADE_27/quic/quant/Debug/bin/client -c false -r 20 -l /home/chris/secret.log -q /home/chris/qlog_quant -t 3600 -v 5 -e 0xff00001d https://localhost:4443/index.html
",client,quic_client_test_unkown0,,server_return_code(1)+ivy_return_code(1),/home/chris/Toward-verification-of-QUIC-extensions/installer/TVOQE/results/errors/client/local/quant-client-2/temp/1081/quic_client_test_unkown0.iev,0.0,0.0
509," /home/chris/TVOQE_UPGRADE_27/quic/quant/Debug/bin/client -c false -r 20 -l /home/chris/secret.log -q /home/chris/qlog_quant -t 3600 -v 5 -e 0xff00001d https://localhost:4443/index.html
",client,quic_client_test_tp_error0,,server_return_code(1)+timeout,/home/chris/Toward-verification-of-QUIC-extensions/installer/TVOQE/results/errors/client/local/quant-client-2/temp/347/quic_client_test_tp_error0.iev,0.0,0.0
510," /home/chris/TVOQE_UPGRADE_27/quic/quant/Debug/bin/client -c false -r 20 -l /home/chris/secret.log -q /home/chris/qlog_quant -t 3600 -v 5 -e 0xff00001d https://localhost:4443/index.html
",client,quic_client_test_unkown0,,ivy_return_code(134)+ivy_binary_deser_128 getn deser_err,/home/chris/Toward-verification-of-QUIC-extensions/installer/TVOQE/results/errors/client/local/quant-client-2/temp/1077/quic_client_test_unkown0.iev,0.0,0.0
511," /home/chris/TVOQE_UPGRADE_27/quic/quant/Debug/bin/client -c false -r 20 -l /home/chris/secret.log -q /home/chris/qlog_quant -t 3600 -v 5 -e 0xff00001d https://localhost:4443/index.html
",client,quic_client_test_tp_error0,,server_return_code(1)+timeout,/home/chris/Toward-verification-of-QUIC-extensions/installer/TVOQE/results/errors/client/local/quant-client-2/temp/377/quic_client_test_tp_error0.iev,0.0,0.0
512," /home/chris/TVOQE_UPGRADE_27/quic/quant/Debug/bin/client -c false -r 20 -l /home/chris/secret.log -q /home/chris/qlog_quant -t 3600 -v 5 -e 0xff00001d https://localhost:4443/index.html
",client,quic_client_test_tp_unkown0,,,/home/chris/Toward-verification-of-QUIC-extensions/installer/TVOQE/results/errors/client/local/quant-client-2/temp/1155/quic_client_test_tp_unkown0.iev,0.0,1.0
513," /home/chris/TVOQE_UPGRADE_27/quic/quant/Debug/bin/client -c false -r 20 -l /home/chris/secret.log -q /home/chris/qlog_quant -t 3600 -v 5 -e 0xff00001d https://localhost:4443/index.html
",client,quic_client_test_tp_error0,,"timeout+< undecryptable_packet_event({protocol:udp,addr:0x7f000001,port:0xe6cd},{protocol:udp,addr:0x7f000001,port:0x115b},[0xcd,0xff,0,0,0x1d,0x13,0x19,0xc7,0xe9,0x3f,0x27,0x98,0xf4,0x80,0xba,0x44,0x4d,0x43,0x4b,0x3,0x11,0x98,0xe4,0x45,0x16,0x4,0x9,0x62,0x1f,0x52,0,0x44,0x8f,0x4c,0x1f,0x28,0xe8,0xe0,0x4a,0xf,0xbc,0x90,0xb,0xec,0x75,0xfe,0xd5,0x55,0xde,0x76,0x7a,0x40,0x75,0xf1,0x5d,0xae,0x4c,0x46,0x71,0xd7,0xd2,0xbf,0xce,0xeb,0x98,0x18,0x85,0xfb,0x83,0x2d,0x3,0x81,0xcf,0x81,0x36,0x42,0x5,0x65,0x84,0x43,0x8f,0x33,0xff,0x9,0x26,0xca,0x28,0x2a,0xeb,0xb0,0xde,0x3f,0xc,0xd9,0x9d,0x46,0x74,0x7f,0x68,0xb2,0x50,0x82,0x5e,0xa0,0x6f,0x11,0x28,0xb,0xe6,0x8b,0xd2,0x78,0x44,0xd0,0x74,0xc5,0x57,0xa,0x10,0x98,0xf8,0xfe,0x64,0x60,0xc7,0x44,0x9b,0xd9,0xe8,0x99,0x60,0x8d,0x4b,0xdb,0x7b,0xe9,0x7,0xaa,0xdf,0x4b,0xff,0x97,0x5f,0x10,0x83,0x32,0xa4,0x88,0xa,0x72,0x4a,0xbe,0x92,0x58,0xa1,0x6d,0x20,0x57,0x1b,0x7,0x36,0xb0,0x92,0x77,0x78,0xe6,0x30,0x38,0xe0,0xeb,0xab,0x40,0x19,0x46,0xca,0x86,0xc3,0xc,0x2b,0x1b,0xfe,0x4b,0x3,0xcc,0xfe,0x7d,0x8a,0xae,0xd6,0x80,0xf5,0x6b,0x4b,0x85,0x16,0xe5,0x20,0x6,0xe1,0x4a,0x7f,0x2f,0x21,0x4e,0xa9,0x62,0x27,0x83,0x31,0x59,0x96,0x93,0x58,0x9b,0x97,0xd0,0xa0,0xb2,0xc,0xe2,0,0x17,0xda,0xd0,0xb5,0x59,0x1c,0x4e,0xb8,0x1f,0x92,0x1,0xca,0x8f,0xc1,0x7e,0x50,0x31,0x59,0xa9,0x6e,0x7b,0x1f,0xed,0x44,0x6e,0xcf,0xb,0x2d,0x5d,0xd4,0x8c,0x7c,0x1b,0xa2,0x23,0xf6,0xe4,0x1a,0x14,0x4c,0x21,0x5f,0x73,0xde,0xff,0x99,0x37,0xd,0xf8,0xa3,0x4,0xb8,0xa4,0xa3,0xd4,0xbb,0x3,0xda,0xe9,0x55,0x2f,0xaf,0x62,0xb2,0x53,0x6c,0x6d,0x31,0x1b,0x67,0x97,0xb8,0x21,0x49,0xa7,0x70,0x5b,0x7f,0x7e,0xb5,0x87,0x14,0xe4,0x3d,0xd8,0x84,0x64,0x1f,0xc8,0x3e,0x1f,0x58,0xab,0xd9,0x9d,0x7c,0x12,0x6e,0x98,0x4f,0x97,0x90,0xa5,0x23,0x29,0x3d,0xae,0xfd,0xae,0xf6,0xb4,0x70,0x8,0x8f,0xda,0xc1,0x79,0xc,0xbb,0xb6,0xb2,0xd3,0x1c,0x24,0xe4,0xbe,0x11,0x2f,0xb3,0x91,0xb1,0x49,0x17,0x9,0x8a,0x14,0x27,0x45,0xbc,0x6,0x12,0x3d,0xa5,0x5f,0x6e,0xee,0x8f,0x3e,0xda,0xb0,0xe5,0xcb,0x5a,0x9a,0xf,0x9e,0x24,0x6b,0xad,0x19,0x1,0x90,0x16,0xde,0xa9,0x13,0xa3,0x24,0x5f,0x3c,0xd1,0x4e,0xb2,0x63,0xe9,0x27,0x10,0xd5,0xd0,0x96,0xc1,0x7a,0x28,0x16,0x53,0x5f,0x75,0xb1,0xf1,0x87,0x72,0xdc,0xd8,0x8f,0xf8,0xd0,0xaf,0xf8,0xbe,0x11,0x40,0x15,0x17,0x38,0x74,0x57,0xe0,0xea,0x96,0x65,0x5a,0xa2,0x89,0x97,0x97,0x73,0x95,0x7,0x1c,0x9,0x4d,0xb6,0xb8,0x8c,0x2f,0x11,0x1b,0x37,0x36,0x65,0xf1,0x8d,0xa0,0x7e,0xef,0xeb,0x46,0x25,0xb4,0x4,0x28,0x78,0x17,0x56,0x8c,0xe3,0x10,0xf6,0xbe,0xac,0x4e,0xcc,0x54,0x69,0x30,0xb9,0x1d,0x31,0x99,0x50,0x2c,0x24,0xce,0x69,0x42,0xd3,0xfc,0x83,0x8c,0x49,0xe4,0x75,0x38,0x99,0x4d,0x1d,0x5c,0xfb,0xe9,0xf3,0x36,0x64,0x29,0xfa,0xb9,0xca,0x9a,0xa2,0x13,0xbb,0xd1,0x68,0x16,0x29,0x55,0x96,0xbd,0xe8,0xe1,0x55,0x55,0x2b,0xcd,0x74,0xf5,0x1a,0x87,0x67,0xb3,0x3f,0xec,0x3c,0x1d,0x31,0x94,0xd6,0x12,0x3a,0xf,0x85,0xf,0x6e,0x3c,0x8d,0xc2,0x1c,0xc8,0xb6,0x34,0x6b,0xd3,0x2b,0xa9,0xc0,0x6,0xd8,0x31,0x17,0x3f,0x89,0xf6,0x75,0xac,0x7,0x4b,0xb8,0x39,0x8,0x84,0x7e,0x82,0xa,0xb5,0x65,0x6c,0xec,0x9f,0xcd,0xad,0x16,0x2e,0xc4,0xe9,0xae,0x4b,0x34,0xa5,0xa4,0x10,0xca,0xf9,0x2b,0x74,0xd3,0x43,0x27,0xbe,0xb7,0x57,0x80,0x64,0xf3,0x1e,0x5b,0x54,0xb5,0xb3,0x4c,0x6f,0xde,0xe6,0x54,0xf6,0xeb,0xa8,0x3e,0xe1,0x3d,0x7b,0x2a,0xa8,0x72,0xc6,0xa0,0xa7,0xf4,0xb7,0x44,0xe5,0xe5,0x5c,0xcc,0x2,0x3d,0x64,0x44,0x38,0x8c,0x6c,0x4e,0x40,0x77,0xdf,0xf3,0xae,0xe6,0xd5,0x79,0x53,0xf4,0x25,0xfc,0x53,0x36,0x94,0xab,0xff,0x42,0xbc,0x64,0xd3,0x57,0x4f,0x76,0x20,0x28,0x6b,0x23,0x2e,0xe9,0xbf,0x62,0xba,0x3c,0x16,0x8e,0x78,0x91,0xcb,0x6,0xcd,0x2c,0xef,0x2c,0x5a,0xac,0xa5,0x3a,0x80,0xb9,0xf2,0x34,0x2d,0xe8,0x82,0x50,0xcc,0xdb,0xba,0x4a,0x4c,0x47,0xbe,0x46,0x2f,0xa,0x50,0x32,0xf5,0xbe,0xef,0x52,0x7,0xb0,0x73,0x7b,0x1,0x46,0x29,0xd8,0x3c,0xbd,0x42,0xc8,0x3e,0x47,0x9,0x66,0x1f,0xf0,0x6b,0x11,0xfb,0x17,0x12,0xe4,0xd,0xe2,0x80,0xb5,0x9,0x2c,0x86,0x77,0x88,0x50,0x40,0x11,0xeb,0x56,0x10,0x55,0xda,0x93,0x71,0x4a,0xae,0xe7,0x84,0x8f,0x5f,0xe9,0x72,0x69,0x98,0x57,0xf2,0xee,0x41,0x3,0x8b,0x4e,0xc,0x8a,0xd8,0x21,0xf1,0x40,0x3b,0x2d,0x67,0xde,0x90,0x7d,0x14,0xca,0x95,0xd7,0xf,0xeb,0xf4,0xaa,0xf5,0x90,0x40,0x42,0x5d,0xaf,0xe4,0xd4,0xbf,0x5e,0x43,0x6,0x5f,0x85,0x29,0x5f,0xc2,0xe0,0x4b,0xd3,0x14,0x9b,0x65,0xe1,0x37,0x4e,0x18,0x52,0x8d,0xd0,0xae,0x9f,0x79,0xf2,0x28,0xc3,0x9a,0x3e,0xc1,0x40,0x28,0x69,0x5,0xc5,0xcf,0xce,0x1a,0x18,0xad,0xe2,0x87,0xd8,0xb4,0x3b,0x6e,0xf8,0x6a,0xb6,0x33,0x53,0x62,0x79,0x19,0x71,0xdc,0xd7,0x84,0xc7,0x6b,0xc1,0xf5,0xb8,0x9e,0x32,0x9c,0x64,0xc6,0x49,0x43,0x26,0xf1,0xea,0xd7,0x6f,0xce,0x5,0xec,0x45,0xc8,0x7a,0x36,0xc,0x83,0x56,0xb1,0xd7,0xf9,0x7e,0x35,0x6c,0x67,0x15,0xcf,0xb5,0x24,0x67,0xda,0xd2,0x54,0x61,0x6c,0x9f,0x61,0xd2,0xd0,0x38,0xc4,0x58,0xa2,0x9c,0x5b,0x41,0x7f,0x7a,0xa4,0x4b,0xac,0x7,0x5c,0xd7,0x62,0x2b,0xd3,0xa8,0x90,0x3c,0xac,0x56,0xc,0xd1,0x28,0x62,0x85,0xb2,0x6,0x97,0xa9,0xd0,0xce,0x42,0xc1,0x8f,0x25,0x28,0x4b,0x4f,0xaf,0xb3,0xd4,0xf5,0xa3,0xa1,0xca,0xd,0xb0,0xf8,0xb8,0xfc,0x6a,0x1f,0x3d,0xdc,0xf8,0x53,0x99,0x3c,0x68,0x17,0x63,0x83,0xb8,0xe5,0xcd,0x38,0x23,0x79,0x60,0xc0,0x9c,0xe5,0x16,0x6d,0x8e,0xd1,0x60,0x10,0x82,0xd7,0xbd,0xd7,0x97,0x3b,0x3b,0xa2,0xcc,0x8c,0x35,0xc8,0xae,0x2a,0x78,0x39,0xe8,0x94,0x5c,0x98,0xec,0x5b,0x5e,0x32,0x8,0xdd,0x34,0x88,0xce,0x14,0x58,0xdd,0xf5,0xae,0xc1,0x41,0xa9,0x5f,0x8a,0x8b,0xe8,0x7b,0x6f,0x93,0x7,0x56,0x43,0xc2,0x22,0xf1,0x11,0xfe,0xb1,0xc4,0x86,0x57,0x7c,0x20,0x58,0x4b,0x48,0x8d,0x23,0x7f,0x6a,0x76,0x39,0x50,0x3b,0xc2,0xa5,0x6c,0xcb,0xa5,0xd4,0x7d,0x22,0xda,0x74,0xe1,0x24,0x1d,0x10,0x37,0x18,0x55,0xd1,0xe1,0x81,0x85,0xf4,0x93,0xb,0x5b,0x67,0x1a,0xc6,0x26,0x90,0x4a,0x5b,0xa6,0x40,0x71,0x56,0xb7,0x53,0x26,0x8f,0xc9,0x80,0x2e,0xdf,0x5f,0x87,0x18,0xe,0xd0,0xa2,0xfc,0xd9,0xe1,0xcc,0xb1,0xf1,0xc8,0x67,0x5b,0x92,0x56,0x2c,0x33,0x73,0x53,0xce,0x1a,0x54,0x75,0x89,0xe4,0x77,0x81,0x4e,0xdb,0xa3,0x77,0x32,0xa0,0x1c,0x24,0x25,0xbe,0xd3,0x60,0x40,0xca,0xc5,0xac,0x76,0xa4,0,0x11,0xd0,0x3c,0xba,0x15,0xa4,0xeb,0x96,0x7e,0x41,0x6,0x37,0xab,0x47,0xb2,0x1f,0x98,0xe8,0xa5,0x77,0xad,0xda,0x5a,0x6f,0x8,0x65,0x32,0xe4,0x6f,0x1a,0xae,0x30,0xdb,0xe6,0xf8,0x6a,0xe8,0x7b,0x2d,0x6a,0xb8,0,0x9e,0x97,0xb4,0x6b,0x8,0xef,0xa0,0x3a])",/home/chris/Toward-verification-of-QUIC-extensions/installer/TVOQE/results/errors/client/local/quant-client-2/temp/395/quic_client_test_tp_error0.iev,0.0,0.0
514," /home/chris/TVOQE_UPGRADE_27/quic/quant/Debug/bin/client -c false -r 20 -l /home/chris/secret.log -q /home/chris/qlog_quant -t 3600 -v 5 -e 0xff00001d https://localhost:4443/index.html
",client,quic_client_test_tp_acticoid_error0,,,/home/chris/Toward-verification-of-QUIC-extensions/installer/TVOQE/results/errors/client/local/quant-client-2/temp/501/quic_client_test_tp_acticoid_error0.iev,0.0,1.0
515," /home/chris/TVOQE_UPGRADE_27/quic/quant/Debug/bin/client -c false -r 20 -l /home/chris/secret.log -q /home/chris/qlog_quant -t 3600 -v 5 -e 0xff00001d https://localhost:4443/index.html
",client,quic_client_test_ext_min_ack_delay0,,"ivy_return_code(1)+assumption_failed(""quic_client_test_ext_min_ack_delay.ivy: line 524"")",/home/chris/Toward-verification-of-QUIC-extensions/installer/TVOQE/results/errors/client/local/quant-client-2/temp/266/quic_client_test_ext_min_ack_delay0.iev,0.0,0.0
516," /home/chris/TVOQE_UPGRADE_27/quic/quant/Debug/bin/client -c false -r 20 -l /home/chris/secret.log -q /home/chris/qlog_quant -t 3600 -v 5 -e 0xff00001d https://localhost:4443/index.html
",client,quic_client_test_blocked_streams_maxstream_error0,,"ivy_return_code(1)+assumption_failed(""quic_client_test_blocked_streams_maxstream_error.ivy: line 283"")",/home/chris/Toward-verification-of-QUIC-extensions/installer/TVOQE/results/errors/client/local/quant-client-2/temp/672/quic_client_test_blocked_streams_maxstream_error0.iev,0.0,0.0
517," /home/chris/TVOQE_UPGRADE_27/quic/quant/Debug/bin/client -c false -r 20 -l /home/chris/secret.log -q /home/chris/qlog_quant -t 3600 -v 5 -e 0xff00001d https://localhost:4443/index.html
",client,quic_client_test_max0,,"ivy_return_code(1)+assumption_failed(""quic_client_test.ivy: line 310"")",/home/chris/Toward-verification-of-QUIC-extensions/installer/TVOQE/results/errors/client/local/quant-client-2/temp/21/quic_client_test_max0.iev,0.0,0.0
518," /home/chris/TVOQE_UPGRADE_27/quic/quant/Debug/bin/client -c false -r 20 -l /home/chris/secret.log -q /home/chris/qlog_quant -t 3600 -v 5 -e 0xff00001d https://localhost:4443/index.html
",client,quic_client_test_limit_max_error0,,"ivy_return_code(1)+assumption_failed(""quic_client_test_limit_max_error.ivy: line 504"")",/home/chris/Toward-verification-of-QUIC-extensions/installer/TVOQE/results/errors/client/local/quant-client-2/temp/1259/quic_client_test_limit_max_error0.iev,0.0,0.0
519," /home/chris/TVOQE_UPGRADE_27/quic/quant/Debug/bin/client -c false -r 20 -l /home/chris/secret.log -q /home/chris/qlog_quant -t 3600 -v 5 -e 0xff00001d https://localhost:4443/index.html
",client,quic_client_test_retirecoid_error0,,"ivy_return_code(1)+assumption_failed(""quic_client_test_retirecoid_error.ivy: line 276"")",/home/chris/Toward-verification-of-QUIC-extensions/installer/TVOQE/results/errors/client/local/quant-client-2/temp/780/quic_client_test_retirecoid_error0.iev,0.0,0.0
520," /home/chris/TVOQE_UPGRADE_27/quic/quant/Debug/bin/client -c false -r 20 -l /home/chris/secret.log -q /home/chris/qlog_quant -t 3600 -v 5 -e 0xff00001d https://localhost:4443/index.html
",client,quic_client_test_blocked_streams_maxstream_error0,,"ivy_return_code(1)+assumption_failed(""quic_client_test_blocked_streams_maxstream_error.ivy: line 283"")",/home/chris/Toward-verification-of-QUIC-extensions/installer/TVOQE/results/errors/client/local/quant-client-2/temp/616/quic_client_test_blocked_streams_maxstream_error0.iev,0.0,0.0
521," /home/chris/TVOQE_UPGRADE_27/quic/quant/Debug/bin/client -c false -r 20 -l /home/chris/secret.log -q /home/chris/qlog_quant -t 3600 -v 5 -e 0xff00001d https://localhost:4443/index.html
",client,quic_client_test_unkown0,,server_return_code(1)+ivy_return_code(1),/home/chris/Toward-verification-of-QUIC-extensions/installer/TVOQE/results/errors/client/local/quant-client-2/temp/1083/quic_client_test_unkown0.iev,0.0,0.0
522," /home/chris/TVOQE_UPGRADE_27/quic/quant/Debug/bin/client -c false -r 20 -l /home/chris/secret.log -q /home/chris/qlog_quant -t 3600 -v 5 -e 0xff00001d https://localhost:4443/index.html
",client,quic_client_test_retirecoid_error0,,"ivy_return_code(1)+assumption_failed(""quic_client_test_retirecoid_error.ivy: line 276"")",/home/chris/Toward-verification-of-QUIC-extensions/installer/TVOQE/results/errors/client/local/quant-client-2/temp/790/quic_client_test_retirecoid_error0.iev,0.0,0.0
523," /home/chris/TVOQE_UPGRADE_27/quic/quant/Debug/bin/client -c false -r 20 -l /home/chris/secret.log -q /home/chris/qlog_quant -t 3600 -v 5 -e 0xff00001d https://localhost:4443/index.html
",client,quic_client_test_tp_unkown0,,,/home/chris/Toward-verification-of-QUIC-extensions/installer/TVOQE/results/errors/client/local/quant-client-2/temp/1170/quic_client_test_tp_unkown0.iev,0.0,1.0
524," /home/chris/TVOQE_UPGRADE_27/quic/quant/Debug/bin/client -c false -r 20 -l /home/chris/secret.log -q /home/chris/qlog_quant -t 3600 -v 5 -e 0xff00001d https://localhost:4443/index.html
",client,quic_client_test_stream0,,,/home/chris/Toward-verification-of-QUIC-extensions/installer/TVOQE/results/errors/client/local/quant-client-2/temp/160/quic_client_test_stream0.iev,0.0,1.0
525," /home/chris/TVOQE_UPGRADE_27/quic/quant/Debug/bin/client -c false -r 20 -l /home/chris/secret.log -q /home/chris/qlog_quant -t 3600 -v 5 -e 0xff00001d https://localhost:4443/index.html
",client,quic_client_test_blocked_streams_maxstream_error0,,"ivy_return_code(1)+assumption_failed(""quic_client_test_blocked_streams_maxstream_error.ivy: line 283"")",/home/chris/Toward-verification-of-QUIC-extensions/installer/TVOQE/results/errors/client/local/quant-client-2/temp/662/quic_client_test_blocked_streams_maxstream_error0.iev,0.0,0.0
526," /home/chris/TVOQE_UPGRADE_27/quic/quant/Debug/bin/client -c false -r 20 -l /home/chris/secret.log -q /home/chris/qlog_quant -t 3600 -v 5 -e 0xff00001d https://localhost:4443/index.html
",client,quic_client_test_ext_min_ack_delay0,,,/home/chris/Toward-verification-of-QUIC-extensions/installer/TVOQE/results/errors/client/local/quant-client-2/temp/210/quic_client_test_ext_min_ack_delay0.iev,0.0,1.0
527," /home/chris/TVOQE_UPGRADE_27/quic/quant/Debug/bin/client -c false -r 20 -l /home/chris/secret.log -q /home/chris/qlog_quant -t 3600 -v 5 -e 0xff00001d https://localhost:4443/index.html
",client,quic_client_test_new_token_error0,,server_return_code(1)+ivy_return_code(1),/home/chris/Toward-verification-of-QUIC-extensions/installer/TVOQE/results/errors/client/local/quant-client-2/temp/1324/quic_client_test_new_token_error0.iev,0.0,0.0
528," /home/chris/TVOQE_UPGRADE_27/quic/quant/Debug/bin/client -c false -r 20 -l /home/chris/secret.log -q /home/chris/qlog_quant -t 3600 -v 5 -e 0xff00001d https://localhost:4443/index.html
",client,quic_client_test_blocked_streams_maxstream_error0,,"ivy_return_code(1)+assumption_failed(""/usr/local/lib/python2.7/dist-packages/ivy/include/1.7/quic_packet.ivy: line 377"")",/home/chris/Toward-verification-of-QUIC-extensions/installer/TVOQE/results/errors/client/local/quant-client-2/temp/649/quic_client_test_blocked_streams_maxstream_error0.iev,0.0,0.0
529," /home/chris/TVOQE_UPGRADE_27/quic/quant/Debug/bin/client -c false -r 20 -l /home/chris/secret.log -q /home/chris/qlog_quant -t 3600 -v 5 -e 0xff00001d https://localhost:4443/index.html
",client,quic_client_test_tp_acticoid_error0,,"ivy_return_code(1)+assumption_failed(""quic_client_test_tp_acticoid_error.ivy: line 515"")",/home/chris/Toward-verification-of-QUIC-extensions/installer/TVOQE/results/errors/client/local/quant-client-2/temp/568/quic_client_test_tp_acticoid_error0.iev,0.0,0.0
530," /home/chris/TVOQE_UPGRADE_27/quic/quant/Debug/bin/client -c false -r 20 -l /home/chris/secret.log -q /home/chris/qlog_quant -t 3600 -v 5 -e 0xff00001d https://localhost:4443/index.html
",client,quic_client_test_double_tp_error0,,"ivy_return_code(1)+assumption_failed(""quic_client_test_double_tp_error.ivy: line 502"")",/home/chris/Toward-verification-of-QUIC-extensions/installer/TVOQE/results/errors/client/local/quant-client-2/temp/461/quic_client_test_double_tp_error0.iev,0.0,0.0
531," /home/chris/TVOQE_UPGRADE_27/quic/quant/Debug/bin/client -c false -r 20 -l /home/chris/secret.log -q /home/chris/qlog_quant -t 3600 -v 5 -e 0xff00001d https://localhost:4443/index.html
",client,quic_client_test_tp_unkown0,,,/home/chris/Toward-verification-of-QUIC-extensions/installer/TVOQE/results/errors/client/local/quant-client-2/temp/1146/quic_client_test_tp_unkown0.iev,0.0,1.0
532," /home/chris/TVOQE_UPGRADE_27/quic/quant/Debug/bin/client -c false -r 20 -l /home/chris/secret.log -q /home/chris/qlog_quant -t 3600 -v 5 -e 0xff00001d https://localhost:4443/index.html
",client,quic_client_test_max0,,,/home/chris/Toward-verification-of-QUIC-extensions/installer/TVOQE/results/errors/client/local/quant-client-2/temp/87/quic_client_test_max0.iev,0.0,1.0
533," /home/chris/TVOQE_UPGRADE_27/quic/quant/Debug/bin/client -c false -r 20 -l /home/chris/secret.log -q /home/chris/qlog_quant -t 3600 -v 5 -e 0xff00001d https://localhost:4443/index.html
",client,quic_client_test_tp_unkown0,,,/home/chris/Toward-verification-of-QUIC-extensions/installer/TVOQE/results/errors/client/local/quant-client-2/temp/1195/quic_client_test_tp_unkown0.iev,0.0,1.0
534," /home/chris/TVOQE_UPGRADE_27/quic/quant/Debug/bin/client -c false -r 20 -l /home/chris/secret.log -q /home/chris/qlog_quant -t 3600 -v 5 -e 0xff00001d https://localhost:4443/index.html
",client,quic_client_test_limit_max_error0,,"ivy_return_code(1)+assumption_failed(""quic_client_test_limit_max_error.ivy: line 504"")",/home/chris/Toward-verification-of-QUIC-extensions/installer/TVOQE/results/errors/client/local/quant-client-2/temp/1216/quic_client_test_limit_max_error0.iev,0.0,0.0
535," /home/chris/TVOQE_UPGRADE_27/quic/quant/Debug/bin/client -c false -r 20 -l /home/chris/secret.log -q /home/chris/qlog_quant -t 3600 -v 5 -e 0xff00001d https://localhost:4443/index.html
",client,quic_client_test_unkown0,,server_return_code(1)+ivy_return_code(1),/home/chris/Toward-verification-of-QUIC-extensions/installer/TVOQE/results/errors/client/local/quant-client-2/temp/1016/quic_client_test_unkown0.iev,0.0,0.0
536," /home/chris/TVOQE_UPGRADE_27/quic/quant/Debug/bin/client -c false -r 20 -l /home/chris/secret.log -q /home/chris/qlog_quant -t 3600 -v 5 -e 0xff00001d https://localhost:4443/index.html
",client,quic_client_test_double_tp_error0,,"ivy_return_code(1)+assumption_failed(""quic_client_test_double_tp_error.ivy: line 502"")",/home/chris/Toward-verification-of-QUIC-extensions/installer/TVOQE/results/errors/client/local/quant-client-2/temp/479/quic_client_test_double_tp_error0.iev,0.0,0.0
537," /home/chris/TVOQE_UPGRADE_27/quic/quant/Debug/bin/client -c false -r 20 -l /home/chris/secret.log -q /home/chris/qlog_quant -t 3600 -v 5 -e 0xff00001d https://localhost:4443/index.html
",client,quic_client_test_double_tp_error0,,server_return_code(1)+ivy_return_code(1),/home/chris/Toward-verification-of-QUIC-extensions/installer/TVOQE/results/errors/client/local/quant-client-2/temp/482/quic_client_test_double_tp_error0.iev,0.0,0.0
538," /home/chris/TVOQE_UPGRADE_27/quic/quant/Debug/bin/client -c false -r 20 -l /home/chris/secret.log -q /home/chris/qlog_quant -t 3600 -v 5 -e 0xff00001d https://localhost:4443/index.html
",client,quic_client_test_retirecoid_error0,,"ivy_return_code(1)+assumption_failed(""quic_client_test_retirecoid_error.ivy: line 276"")",/home/chris/Toward-verification-of-QUIC-extensions/installer/TVOQE/results/errors/client/local/quant-client-2/temp/725/quic_client_test_retirecoid_error0.iev,0.0,0.0
539," /home/chris/TVOQE_UPGRADE_27/quic/quant/Debug/bin/client -c false -r 20 -l /home/chris/secret.log -q /home/chris/qlog_quant -t 3600 -v 5 -e 0xff00001d https://localhost:4443/index.html
",client,quic_client_test_limit_max_error0,,"ivy_return_code(1)+assumption_failed(""quic_client_test_limit_max_error.ivy: line 504"")",/home/chris/Toward-verification-of-QUIC-extensions/installer/TVOQE/results/errors/client/local/quant-client-2/temp/1272/quic_client_test_limit_max_error0.iev,0.0,0.0
540," /home/chris/TVOQE_UPGRADE_27/quic/quant/Debug/bin/client -c false -r 20 -l /home/chris/secret.log -q /home/chris/qlog_quant -t 3600 -v 5 -e 0xff00001d https://localhost:4443/index.html
",client,quic_client_test_tp_acticoid_error0,,"ivy_return_code(1)+assumption_failed(""quic_client_test_tp_acticoid_error.ivy: line 515"")",/home/chris/Toward-verification-of-QUIC-extensions/installer/TVOQE/results/errors/client/local/quant-client-2/temp/503/quic_client_test_tp_acticoid_error0.iev,0.0,0.0
541," /home/chris/TVOQE_UPGRADE_27/quic/quant/Debug/bin/client -c false -r 20 -l /home/chris/secret.log -q /home/chris/qlog_quant -t 3600 -v 5 -e 0xff00001d https://localhost:4443/index.html
",client,quic_client_test_ext_min_ack_delay0,,,/home/chris/Toward-verification-of-QUIC-extensions/installer/TVOQE/results/errors/client/local/quant-client-2/temp/214/quic_client_test_ext_min_ack_delay0.iev,0.0,1.0
542," /home/chris/TVOQE_UPGRADE_27/quic/quant/Debug/bin/client -c false -r 20 -l /home/chris/secret.log -q /home/chris/qlog_quant -t 3600 -v 5 -e 0xff00001d https://localhost:4443/index.html
",client,quic_client_test_new_token_error0,,"ivy_return_code(1)+assumption_failed(""quic_client_test_new_token_error.ivy: line 517"")",/home/chris/Toward-verification-of-QUIC-extensions/installer/TVOQE/results/errors/client/local/quant-client-2/temp/1356/quic_client_test_new_token_error0.iev,0.0,0.0
543," /home/chris/TVOQE_UPGRADE_27/quic/quant/Debug/bin/client -c false -r 20 -l /home/chris/secret.log -q /home/chris/qlog_quant -t 3600 -v 5 -e 0xff00001d https://localhost:4443/index.html
",client,quic_client_test_tp_error0,,"timeout+< undecryptable_packet_event({protocol:udp,addr:0x7f000001,port:0xb880},{protocol:udp,addr:0x7f000001,port:0x115b},[0xc0,0xff,0,0,0x1d,0x13,0x68,0xfa,0x5e,0xcd,0x23,0x4a,0x6,0x94,0xc4,0xc9,0xc9,0xb7,0xf9,0xaa,0xa4,0x92,0x35,0x3f,0xee,0x4,0xbf,0xe2,0xfa,0xbb,0,0x44,0x8f,0xb4,0xd9,0x23,0x73,0xc1,0x39,0x3f,0xbf,0x2,0x66,0x7d,0x2b,0x40,0xa3,0x52,0x3a,0x6a,0xf6,0xbe,0x6e,0x70,0xf,0x98,0x21,0xd9,0xcd,0x13,0xb,0xf5,0x53,0xc4,0x8b,0x9b,0x81,0x12,0xf0,0x6b,0x90,0x5b,0x88,0x1b,0xb1,0xf,0xe5,0xd4,0xfa,0x88,0x2e,0x37,0x23,0xdb,0x52,0x80,0xf8,0xb,0xb7,0xf9,0x81,0x45,0xe2,0xae,0x97,0xbf,0xf5,0x5c,0xa2,0x87,0x39,0xf5,0x37,0xcc,0x10,0xec,0x10,0xbd,0xca,0xc,0x59,0x5e,0x52,0x5e,0x15,0x5c,0xc8,0xbc,0xe6,0x98,0xe,0xeb,0xe2,0x39,0xe8,0xa1,0xd5,0xfc,0xb1,0,0x50,0x5e,0x78,0x5,0xac,0x12,0x6d,0xa2,0xa3,0x4b,0x5a,0xd7,0x8b,0x8e,0,0xf7,0xa1,0x63,0x3b,0x8d,0x6b,0x2d,0x4f,0x4b,0xa1,0x23,0xe5,0x3f,0x7c,0x8b,0xf7,0x5b,0x57,0x6a,0x46,0x33,0x53,0x34,0x59,0x67,0x9e,0x4e,0x42,0x66,0xd9,0x6f,0x12,0x56,0xb4,0x24,0x9d,0x52,0x96,0xa2,0x3a,0x52,0x87,0x23,0x6d,0x77,0xec,0xe0,0x95,0x6c,0xd9,0x59,0x9,0x50,0x1e,0x3d,0x81,0xb4,0x9f,0x90,0x7e,0x48,0x7,0x6e,0x1a,0xad,0x8f,0x1d,0xaa,0xdb,0x8d,0x78,0x71,0x1d,0xb2,0xec,0x22,0x96,0x1a,0x1d,0x6b,0xef,0x3,0x9f,0xb2,0xc6,0x52,0xb8,0xc6,0x21,0x52,0xbe,0xd2,0xfc,0xf9,0xbf,0x67,0x25,0x13,0x74,0,0x72,0xc7,0xb,0x14,0x85,0x7,0xfd,0x60,0xc8,0xc8,0x9a,0xb9,0x74,0xb0,0x7c,0xf5,0x66,0x2c,0x1b,0x53,0x34,0xca,0x7b,0x2e,0xca,0x7c,0xc8,0x99,0x60,0x84,0x4b,0x68,0x61,0xd1,0x73,0xad,0x39,0x26,0xc1,0x90,0xbe,0xc0,0x98,0x29,0xa3,0x2f,0x52,0x96,0x7b,0x8f,0xb1,0xe5,0x77,0x75,0x22,0x2e,0x4d,0x9c,0x9d,0x8b,0xb1,0x53,0xa,0x71,0xd7,0xa9,0x55,0x6e,0x67,0x95,0xd1,0xd5,0x21,0x31,0x5c,0x27,0x30,0x8e,0xa3,0x75,0xde,0xd5,0xfe,0xf,0x8c,0xf4,0x1c,0x86,0xa5,0x3,0xf9,0xe8,0xcf,0x43,0xe6,0xd9,0x5b,0x37,0xe7,0xd8,0x3,0x1a,0xe2,0x9b,0xd,0x6e,0x7c,0x22,0xc6,0xab,0x2,0x7c,0xc8,0x69,0xa0,0x33,0xa4,0xa,0x60,0x72,0x69,0x48,0xd,0x6e,0xe3,0,0x26,0x6c,0xfc,0x26,0x6a,0x43,0xcf,0x1a,0x95,0,0xcf,0xaf,0x80,0xea,0xd3,0xbc,0x2f,0xfd,0x99,0x84,0xcb,0xf1,0x13,0x34,0x4c,0x71,0x81,0x88,0x8c,0xb5,0xa1,0x5f,0x3c,0xea,0xb9,0xe8,0xd0,0x43,0x60,0x60,0x1d,0xdb,0xe,0x59,0,0x56,0xc2,0xb5,0xe,0x4f,0x65,0x4e,0x26,0xd8,0x3e,0x83,0x98,0x27,0x19,0x6e,0xb8,0x28,0xeb,0x50,0x5a,0x1b,0x39,0xca,0x4d,0x3d,0x72,0x28,0x48,0xd6,0x66,0xc0,0x9,0x36,0xd8,0xa4,0x9b,0x85,0xbd,0x6d,0xe6,0x1a,0x3c,0x18,0x7e,0xd4,0xca,0x26,0x1d,0xb3,0xe8,0x5c,0x6b,0x72,0xf4,0x4d,0x45,0xb,0xb4,0xad,0x69,0xd7,0x5c,0x8d,0x49,0x1a,0x70,0x3b,0x68,0x32,0x5d,0x5e,0x1c,0x45,0x52,0xf8,0x7,0xc1,0xe8,0xf2,0x90,0x23,0x9f,0x2a,0xf0,0x11,0xa7,0xfc,0x86,0xda,0x1c,0xb5,0x7,0x13,0x99,0x31,0xf6,0xc7,0xc7,0xb8,0x5e,0xd1,0xee,0x54,0x63,0xd3,0x79,0xb5,0xd0,0x60,0x3,0xdf,0xec,0x3c,0x25,0xf,0xf4,0x9e,0xd0,0x97,0x38,0xb2,0xb3,0x19,0x80,0x49,0xf8,0x1d,0x7b,0x9d,0x9b,0xe5,0x90,0x16,0xbc,0x12,0x3c,0x52,0xed,0xa6,0xa0,0xec,0x9b,0x15,0x87,0xd4,0x9c,0x6c,0xec,0xc2,0x8,0xb4,0x76,0x6f,0x67,0x1f,0xb1,0x8,0xbd,0xbd,0x9c,0x4e,0xba,0x3e,0xe1,0xcc,0xd3,0xdc,0x84,0x6c,0x17,0x9a,0xb9,0xc2,0x14,0xf1,0x83,0x3c,0x73,0xf8,0x75,0xb9,0x86,0x87,0x14,0x91,0xbf,0x6,0x22,0xb3,0xcf,0x40,0xac,0xf7,0xf1,0xf,0xd8,0xfb,0x62,0x6d,0x92,0x24,0xc2,0xcc,0x93,0x1,0x38,0x7,0x63,0xc8,0x50,0xf0,0x4f,0xd6,0xcd,0xb2,0x92,0x8f,0x9f,0x50,0x4c,0xfc,0xd9,0x1c,0xc1,0x1b,0x87,0x5d,0xf5,0xcc,0xe2,0x8b,0x34,0x53,0x50,0x42,0xd0,0x11,0x37,0xe2,0x4b,0x4e,0x91,0x9c,0x9d,0x62,0x8f,0x71,0x6f,0x10,0x6a,0x49,0xf5,0xf,0xa4,0x62,0xa6,0x9e,0xcc,0x8e,0x9,0x2a,0x12,0x44,0x68,0xe,0xd0,0x47,0xd3,0xc8,0x35,0xe1,0xa0,0xd4,0x3f,0x4e,0xf6,0x3d,0xfe,0x62,0xcb,0xb9,0x3e,0xfb,0x9,0x5f,0x36,0x8b,0x3d,0xec,0xae,0xb,0xd7,0xbf,0x21,0x40,0xa5,0x98,0x5b,0x43,0xae,0x18,0x4c,0xe3,0x2,0xa3,0x78,0x98,0x66,0x8,0xcd,0x5e,0x4f,0x1d,0xd4,0x27,0xa3,0x94,0x76,0x8e,0x9a,0x3d,0xe8,0xa7,0x2c,0x69,0x48,0x87,0x87,0x17,0xb2,0x74,0xea,0xc0,0x72,0x32,0x39,0x94,0x34,0x6e,0xfd,0xe1,0xe3,0xdd,0x73,0xce,0xc4,0x75,0x2b,0x6b,0x45,0x54,0xb7,0xfc,0xac,0x1c,0x36,0xae,0x2a,0x7d,0x4,0x45,0xc7,0x67,0xc8,0x38,0x9f,0x75,0x17,0xa9,0x8e,0x67,0x47,0xa8,0xaa,0xe,0xae,0x12,0x35,0xac,0x96,0x3e,0x6b,0xe8,0xf3,0x59,0xe8,0x35,0xe5,0xfe,0x3d,0x45,0x9b,0x32,0xf9,0xa7,0xb9,0xa6,0x7b,0xd5,0x65,0xa3,0xc1,0x73,0x8b,0x16,0xe1,0x5b,0xc8,0xe7,0xcb,0xc7,0x6d,0x7b,0xc6,0xaa,0x9a,0xce,0x37,0x5f,0x89,0x33,0x44,0xd7,0x42,0x7e,0x89,0xb2,0xdb,0x4c,0x81,0x49,0x11,0xad,0x36,0xae,0xcf,0xf5,0x6b,0xcc,0x25,0xa2,0xa5,0x30,0x45,0x88,0xbf,0xfc,0xcc,0xaf,0x24,0x63,0x5a,0xde,0x74,0x5b,0xec,0xad,0xc9,0xb3,0xb5,0x52,0xe,0x2d,0xa0,0xae,0x7b,0xe2,0xfb,0x7b,0xe5,0x71,0xfa,0xb2,0xd9,0x76,0x40,0xe1,0x72,0x95,0x4d,0xc1,0xc9,0x88,0x7a,0xfb,0x62,0xd5,0x32,0x24,0x4a,0xbe,0xf7,0xaa,0x4a,0x4f,0x90,0xee,0x3e,0xe6,0xa5,0x2,0x71,0x50,0xf2,0x3e,0x6b,0x9b,0x96,0x4b,0x7,0x5d,0x1,0x14,0xc7,0x7b,0x5a,0x32,0x28,0xe,0x45,0x53,0x48,0xd4,0x44,0x3d,0xfc,0x22,0x84,0x3b,0xc2,0x31,0xcb,0x52,0x82,0xe3,0x31,0xa6,0x38,0xd7,0x94,0x5d,0xed,0xd5,0xad,0x3a,0x1c,0x67,0xc,0xd4,0xf8,0xa0,0x1e,0xa3,0xba,0x16,0x4e,0x40,0x24,0xee,0xfb,0xf2,0xc6,0x62,0x31,0x84,0xf0,0xbc,0x92,0x19,0x19,0x50,0x2,0x9a,0x98,0xa5,0x2b,0x87,0xe8,0xd3,0xbb,0x9e,0x8f,0x2d,0x41,0x9f,0x1b,0x72,0x7d,0x8b,0xbc,0x19,0xca,0x34,0x4a,0xfd,0x87,0x55,0x7,0xb1,0xc3,0x65,0x37,0x54,0x85,0xc6,0x67,0xc2,0x6e,0x2,0x9a,0x9e,0x28,0xe1,0xb6,0x76,0xa7,0x3e,0xcf,0x4,0x5a,0x8e,0x1c,0x7a,0xd8,0xac,0xb4,0xaf,0xc1,0xe7,0xb0,0xa1,0xc6,0xdf,0x40,0xab,0x76,0x2c,0xec,0x7c,0x3,0xae,0x2a,0x22,0x9c,0x3b,0x9f,0x6b,0x72,0x87,0xcc,0x80,0xd3,0xb6,0x68,0x9d,0x58,0x1e,0x3c,0xc6,0x3e,0xca,0xd0,0x51,0x36,0x52,0x15,0x82,0xf4,0xc6,0x21,0xc4,0x24,0x1d,0x11,0xf4,0xce,0x5f,0x85,0x44,0x15,0x2f,0xfb,0x50,0xcf,0x77,0x78,0xef,0xa7,0xdf,0x57,0x71,0x60,0xa4,0xe,0xd0,0xa0,0xd1,0x14,0x23,0xe9,0xa1,0x24,0x69,0x2b,0x45,0x71,0xb4,0x8,0x39,0xec,0xf4,0xd7,0xb9,0xfe,0x8d,0xf3,0x86,0xc2,0x76,0x27,0xa2,0xbe,0x54,0x8d,0x20,0x6b,0xcc,0x83,0xe2,0xd2,0x30,0x4f,0x2,0xd7,0x1a,0x6f,0x59,0x3,0x3d,0xe1,0xd5,0x59,0x3d,0x59,0x8b,0xc4,0x5b,0xa1,0xa1,0x37,0x73,0xaa,0x65,0xdd,0x7c,0x2,0x87,0xf5,0x1b,0x3b,0x26,0x2e,0x70,0xc9,0x6,0x4a,0x3d,0xd0,0x5e,0x79,0x30,0x9d,0x67,0x6b,0x3f,0x38,0xf5,0x42,0xc7,0xe2,0xa2,0x18,0x3c,0xbe])",/home/chris/Toward-verification-of-QUIC-extensions/installer/TVOQE/results/errors/client/local/quant-client-2/temp/304/quic_client_test_tp_error0.iev,0.0,0.0
544," /home/chris/TVOQE_UPGRADE_27/quic/quant/Debug/bin/client -c false -r 20 -l /home/chris/secret.log -q /home/chris/qlog_quant -t 3600 -v 5 -e 0xff00001d https://localhost:4443/index.html
",client,quic_client_test_new_token_error0,,ivy_return_code(134)+ivy_binary_deser_128 getn deser_err,/home/chris/Toward-verification-of-QUIC-extensions/installer/TVOQE/results/errors/client/local/quant-client-2/temp/1376/quic_client_test_new_token_error0.iev,0.0,0.0
545," /home/chris/TVOQE_UPGRADE_27/quic/quant/Debug/bin/client -c false -r 20 -l /home/chris/secret.log -q /home/chris/qlog_quant -t 3600 -v 5 -e 0xff00001d https://localhost:4443/index.html
",client,quic_client_test_ext_min_ack_delay0,,,/home/chris/Toward-verification-of-QUIC-extensions/installer/TVOQE/results/errors/client/local/quant-client-2/temp/280/quic_client_test_ext_min_ack_delay0.iev,0.0,1.0
546," /home/chris/TVOQE_UPGRADE_27/quic/quant/Debug/bin/client -c false -r 20 -l /home/chris/secret.log -q /home/chris/qlog_quant -t 3600 -v 5 -e 0xff00001d https://localhost:4443/index.html
",client,quic_client_test_tp_acticoid_error0,,,/home/chris/Toward-verification-of-QUIC-extensions/installer/TVOQE/results/errors/client/local/quant-client-2/temp/560/quic_client_test_tp_acticoid_error0.iev,0.0,1.0
547," /home/chris/TVOQE_UPGRADE_27/quic/quant/Debug/bin/client -c false -r 20 -l /home/chris/secret.log -q /home/chris/qlog_quant -t 3600 -v 5 -e 0xff00001d https://localhost:4443/index.html
",client,quic_client_test_stream0,,timeout+sending id: server addr: 2130706433 port: 56162,/home/chris/Toward-verification-of-QUIC-extensions/installer/TVOQE/results/errors/client/local/quant-client-2/temp/129/quic_client_test_stream0.iev,0.0,0.0
548," /home/chris/TVOQE_UPGRADE_27/quic/quant/Debug/bin/client -c false -r 20 -l /home/chris/secret.log -q /home/chris/qlog_quant -t 3600 -v 5 -e 0xff00001d https://localhost:4443/index.html
",client,quic_client_test_limit_max_error0,,"ivy_return_code(1)+assumption_failed(""quic_client_test_limit_max_error.ivy: line 504"")",/home/chris/Toward-verification-of-QUIC-extensions/installer/TVOQE/results/errors/client/local/quant-client-2/temp/1277/quic_client_test_limit_max_error0.iev,0.0,0.0
549," /home/chris/TVOQE_UPGRADE_27/quic/quant/Debug/bin/client -c false -r 20 -l /home/chris/secret.log -q /home/chris/qlog_quant -t 3600 -v 5 -e 0xff00001d https://localhost:4443/index.html
",client,quic_client_test_max0,,"ivy_return_code(1)+assumption_failed(""quic_client_test.ivy: line 310"")",/home/chris/Toward-verification-of-QUIC-extensions/installer/TVOQE/results/errors/client/local/quant-client-2/temp/68/quic_client_test_max0.iev,0.0,0.0
550," /home/chris/TVOQE_UPGRADE_27/quic/quant/Debug/bin/client -c false -r 20 -l /home/chris/secret.log -q /home/chris/qlog_quant -t 3600 -v 5 -e 0xff00001d https://localhost:4443/index.html
",client,quic_client_test_tp_error0,,"timeout+< undecryptable_packet_event({protocol:udp,addr:0x7f000001,port:0xa1a9},{protocol:udp,addr:0x7f000001,port:0x115b},[0xce,0xff,0,0,0x1d,0x13,0x5c,0x45,0xa7,0x99,0x98,0xf7,0x4,0xbb,0x3b,0x6f,0xe3,0x87,0x18,0xdf,0x9f,0x90,0xde,0x4f,0xf0,0x4,0xd6,0,0x56,0x45,0,0x44,0x8f,0xed,0x9d,0x80,0x2a,0xed,0x75,0xc5,0x4f,0x80,0xe0,0x46,0x34,0xd8,0x79,0x75,0xbc,0xa6,0xd6,0x4f,0x64,0xa4,0xc2,0x40,0x77,0x3b,0x80,0xc9,0xb0,0x20,0x78,0xea,0xcd,0x44,0x8f,0x8d,0x6c,0x3b,0x44,0x36,0x68,0xa9,0x7d,0x87,0xc2,0x9c,0xaf,0xed,0,0xa3,0x71,0x3,0x50,0x2b,0x86,0x8b,0x6a,0x1c,0xdc,0x25,0x53,0xf4,0xba,0xc8,0x10,0xd1,0x51,0xfc,0x99,0xdd,0xec,0x84,0xd0,0x58,0x4b,0xb7,0x15,0x8c,0xef,0xc7,0x81,0x35,0x1b,0x55,0xeb,0x4,0xa2,0x48,0xbb,0x84,0xa2,0x8e,0xc3,0x7,0x55,0x11,0xdd,0x3a,0x6d,0x6f,0x30,0x16,0x95,0xac,0xb6,0xf,0x5d,0x43,0xc9,0xf,0x30,0xdf,0xc8,0x20,0x44,0x38,0xc4,0x26,0xeb,0xb8,0x9f,0x63,0x6e,0x29,0x34,0x76,0x6,0xd9,0xd1,0x7a,0x39,0x3,0x8,0x42,0xad,0x4a,0xe7,0xf9,0xd4,0x33,0xcf,0xd6,0xcd,0x8a,0x31,0x8,0xef,0xca,0x8a,0xd4,0x10,0x75,0x5e,0x14,0x63,0xfb,0x46,0xe5,0x2f,0x31,0xb0,0x70,0x8c,0xcb,0xe1,0xe1,0x97,0xca,0x28,0xcb,0x2b,0xb9,0x1,0x43,0x10,0x8f,0xf,0xca,0x2b,0xed,0,0xbb,0xe8,0x59,0xa6,0x19,0x1d,0x84,0xda,0x65,0x35,0x9e,0xdc,0xc1,0xa2,0xb0,0xa9,0x42,0xb3,0xbb,0xbb,0x10,0xce,0xd9,0xc,0xfb,0x82,0xfe,0x74,0xd1,0xe,0xe4,0xac,0x90,0xc9,0xad,0x3,0x8a,0x32,0x1c,0xde,0xfb,0xa9,0x5,0x57,0x9,0xee,0x21,0xa0,0x27,0x13,0xa4,0x1e,0x8b,0xcc,0x61,0xac,0x15,0x64,0x7e,0x3b,0xaa,0x78,0xb1,0xa8,0x57,0xfd,0xf1,0x8c,0x25,0x5f,0x26,0xbc,0x46,0x11,0x36,0x95,0xd6,0xdd,0x59,0x42,0xf,0x26,0x7a,0x5f,0x98,0xf8,0x2d,0x9f,0xa1,0x23,0x14,0x4a,0x77,0xe,0x6f,0x81,0x35,0x61,0xeb,0x73,0xe1,0x61,0xb1,0xc7,0x1c,0xc2,0xf1,0x9c,0xca,0x23,0x55,0xbb,0xf6,0x32,0x49,0x9c,0x6,0x8f,0xa5,0x9,0x60,0x1c,0x24,0x13,0xe7,0x12,0xc1,0xd2,0xbd,0xbd,0xb,0x3a,0x87,0x7e,0x89,0x80,0x8d,0xd1,0xdf,0x17,0x31,0x76,0x76,0x5b,0x37,0xd9,0xfc,0x42,0x16,0x3f,0x3,0x57,0xde,0xcd,0x40,0xbd,0x49,0xff,0xc,0x4f,0x81,0xe4,0x40,0xa3,0xd5,0xed,0x6b,0x3,0xb0,0x8b,0x2f,0xb9,0x4,0x1a,0xe7,0xdc,0x77,0xe7,0x6d,0xe6,0x95,0x40,0x1e,0x91,0x5c,0x69,0xb6,0x32,0xe1,0x9f,0xa,0x7e,0x64,0xd8,0x9f,0x83,0x3d,0xb3,0xa2,0xed,0xd5,0x11,0x98,0xaa,0x2a,0x3b,0x71,0x24,0xf6,0x84,0xf8,0x67,0x35,0x28,0xcb,0x6d,0x9f,0xb4,0x26,0x74,0xec,0xf8,0x4d,0x99,0xd7,0xe1,0x15,0x25,0xeb,0x77,0x7c,0x14,0xe6,0xba,0x28,0x4d,0x58,0xfa,0x78,0x34,0xa2,0xa4,0x7e,0xe3,0x10,0xed,0x90,0xae,0x7d,0xa8,0xf3,0xd1,0xe1,0xf3,0xd2,0xbd,0x96,0x54,0x7e,0x48,0x34,0x81,0x17,0x4e,0x1c,0xf0,0x88,0xae,0xb,0x7e,0xf2,0x19,0x26,0xdd,0x8a,0x21,0x14,0x9,0xe5,0x5c,0x46,0xb4,0x6c,0x88,0xa6,0x13,0xdc,0x94,0xf5,0xe9,0xa4,0xe0,0x95,0xec,0xd2,0x9b,0x56,0x1d,0x98,0x28,0x26,0x93,0xaa,0x7a,0x5b,0x5e,0xf9,0x13,0xfb,0xa,0xfb,0x8b,0xb9,0x93,0x26,0xf2,0x47,0x89,0x3e,0,0x86,0x2e,0x81,0xbb,0x23,0x8e,0xc3,0x87,0x18,0x5b,0x95,0x39,0x79,0x1b,0x63,0x46,0x96,0xc2,0xd2,0x80,0x53,0x67,0xef,0xbc,0x90,0xf1,0xc6,0x6f,0x10,0x69,0xd3,0xf7,0x63,0xb,0x57,0xfe,0x60,0xfb,0xee,0xaf,0x27,0xc1,0x4a,0xfe,0x88,0x8b,0x37,0x47,0xda,0x32,0xd1,0x10,0,0xfc,0x5e,0x3b,0x5,0x59,0xa6,0x14,0xcb,0x51,0x2e,0x16,0x46,0x3f,0xe3,0x75,0xbc,0x59,0x10,0x12,0xcf,0xc7,0xd7,0xd6,0x1d,0xb9,0xdd,0x73,0x16,0x32,0xa4,0x42,0x69,0xee,0x1e,0xec,0x1d,0x15,0xc,0xd0,0xab,0xb3,0x39,0xab,0xc,0xf3,0xb,0x40,0x50,0xcd,0x15,0xc3,0x91,0xa,0x85,0x7e,0x33,0x13,0x72,0xb6,0x2,0x18,0xdc,0xa8,0xec,0,0xb0,0x78,0x12,0x7b,0x67,0xc,0xfa,0x3c,0x82,0xf1,0xd8,0x71,0x6a,0x55,0x21,0xf6,0x5d,0xc,0x47,0x33,0x30,0xac,0x41,0xee,0x1c,0x82,0x9,0x23,0xef,0xd7,0x65,0x3b,0x92,0x22,0xc8,0xb4,0x2e,0x4,0x85,0xd4,0x3,0x57,0x3d,0xa,0xb7,0x16,0x1a,0x1c,0xcd,0xc1,0x17,0x2f,0x36,0x71,0x8a,0xf1,0xd3,0x87,0xbe,0x1c,0xfe,0xd2,0x5f,0xd4,0xd3,0x3f,0x30,0xf4,0x24,0x93,0x15,0x5b,0x94,0x4,0x49,0xf4,0x38,0x92,0xf4,0xe1,0xb,0xc3,0x8e,0xd,0x53,0x42,0x47,0xe0,0x60,0xdb,0xe4,0x25,0x6,0x7a,0x45,0xc3,0x96,0x12,0x74,0x2f,0x9e,0x5f,0xc7,0x93,0x38,0x63,0xf4,0x73,0xc2,0xcb,0xb0,0xb2,0x31,0x74,0xf2,0xec,0x18,0x6c,0xd1,0x2a,0x40,0xab,0x68,0x3,0x20,0x3b,0xba,0x74,0x56,0x19,0xb9,0x12,0x2d,0,0x9b,0x13,0x27,0xe8,0x2c,0x19,0x53,0x1a,0x23,0x22,0x51,0x88,0xcf,0x89,0x6e,0x17,0x22,0x1c,0x50,0x89,0x41,0xe7,0x28,0xb,0x3b,0x4b,0x8e,0x99,0x7e,0x30,0x58,0x78,0xaf,0x9f,0x5b,0x9d,0x7d,0x5f,0x15,0x7d,0xdf,0x39,0xbc,0x65,0x7,0x9f,0x54,0xe7,0x27,0x35,0xed,0,0x9c,0x65,0xcd,0xb,0x29,0x65,0xd2,0x16,0x68,0xc6,0x79,0xaf,0x4,0x9e,0x8b,0xc7,0x72,0x60,0xb1,0xf1,0xa5,0x3,0xf9,0x69,0x41,0x3b,0x22,0xa8,0x66,0x3,0xbc,0xb2,0x72,0x15,0xa,0x57,0x9f,0xc1,0x59,0xc3,0x57,0x69,0x27,0xbd,0x3e,0xef,0xe4,0x13,0xe5,0xf1,0x37,0x8a,0xe4,0x62,0x2b,0x26,0xc7,0x25,0x87,0xf8,0x42,0xea,0xb0,0x4,0xcc,0xf4,0x6b,0xf4,0x4,0xb1,0x92,0xf,0x72,0x3a,0xc4,0x50,0x1,0x53,0xa4,0xaa,0xa0,0x9d,0xa9,0x98,0x39,0x6a,0xd0,0xa9,0xaf,0x22,0x84,0x2e,0x95,0xc1,0xb4,0x26,0xb6,0xf0,0xa1,0xe,0xe5,0x3a,0xf5,0x42,0x26,0x11,0x5f,0xf3,0xc6,0x87,0x48,0xdc,0xd6,0x77,0x80,0x74,0x89,0x7,0xe9,0xce,0x59,0x23,0x3c,0x5e,0xb9,0x6f,0xd1,0x3d,0x6e,0x2f,0xc3,0xed,0x15,0xd8,0x1f,0xe2,0x29,0xbe,0x16,0x83,0x45,0x48,0x8c,0x62,0xd0,0xcf,0x96,0x6e,0x96,0xf6,0x1c,0xdd,0xdb,0xbb,0xd9,0x3b,0xe2,0x25,0xb0,0xec,0xbd,0x3d,0xf7,0x7f,0xff,0x1e,0x88,0xf0,0xf2,0x69,0xb9,0xf1,0xb2,0x32,0x2c,0xb9,0x95,0xbb,0x6f,0xb0,0x61,0xb4,0x73,0xea,0xcd,0x3b,0x34,0x6,0x56,0x96,0xe7,0x7c,0x28,0xf8,0xe1,0x8a,0xdf,0xdb,0xec,0x21,0x8b,0x60,0xf1,0x19,0x37,0x57,0xe8,0x61,0x5d,0x8c,0x24,0x58,0x6c,0x4f,0x18,0xb9,0xcd,0x6d,0xd7,0x58,0x7,0xa0,0x6e,0x1,0x4f,0x95,0xdb,0x4f,0x75,0x8b,0xe5,0xfc,0xf2,0x49,0x75,0xc6,0x35,0xb5,0x6c,0x82,0xc5,0xdf,0x74,0x67,0x82,0x85,0x57,0xd0,0x80,0xdb,0xa1,0x5d,0x72,0x72,0x63,0xf7,0xb,0x8f,0x43,0x7f,0xe4,0x52,0x60,0xa8,0xa0,0x59,0x89,0x52,0x88,0x94,0x29,0xa0,0x44,0xa3,0x86,0x5c,0x9,0x33,0x81,0xec,0x4a,0xd9,0x5f,0xae,0x33,0x7b,0x18,0x44,0x1e,0xea,0x6f,0xae,0x41,0xe3,0x7f,0xd2,0x7b,0x89,0x96,0x19,0xf5,0x49,0x9b,0x86,0x4f,0x46,0xab,0xef,0x2c,0x49,0xff,0xd7,0x95,0xf5,0x77,0x35,0xf8,0x77,0x88,0x9a,0xa8,0x35,0x57,0xad,0x82,0xb5,0x59,0x1e,0xfc,0x48,0xa9,0x5b,0xc2,0xad,0xc6,0x2f,0x54,0x58,0xc,0xf3,0xf8,0xda,0xa8,0xeb,0x9e,0x6,0xbb,0xe3,0x8f,0x3a,0xdd,0x44,0x10,0x26,0xd3,0x52,0x74,0xfd,0xeb,0xd6,0xad,0x6f,0x99])",/home/chris/Toward-verification-of-QUIC-extensions/installer/TVOQE/results/errors/client/local/quant-client-2/temp/327/quic_client_test_tp_error0.iev,0.0,0.0
551," /home/chris/TVOQE_UPGRADE_27/quic/quant/Debug/bin/client -c false -r 20 -l /home/chris/secret.log -q /home/chris/qlog_quant -t 3600 -v 5 -e 0xff00001d https://localhost:4443/index.html
",client,quic_client_test_ext_min_ack_delay0,,,/home/chris/Toward-verification-of-QUIC-extensions/installer/TVOQE/results/errors/client/local/quant-client-2/temp/222/quic_client_test_ext_min_ack_delay0.iev,0.0,1.0
552," /home/chris/TVOQE_UPGRADE_27/quic/quant/Debug/bin/client -c false -r 20 -l /home/chris/secret.log -q /home/chris/qlog_quant -t 3600 -v 5 -e 0xff00001d https://localhost:4443/index.html
",client,quic_client_test_limit_max_error0,,"ivy_return_code(1)+assumption_failed(""quic_client_test_limit_max_error.ivy: line 504"")",/home/chris/Toward-verification-of-QUIC-extensions/installer/TVOQE/results/errors/client/local/quant-client-2/temp/1232/quic_client_test_limit_max_error0.iev,0.0,0.0
553," /home/chris/TVOQE_UPGRADE_27/quic/quant/Debug/bin/client -c false -r 20 -l /home/chris/secret.log -q /home/chris/qlog_quant -t 3600 -v 5 -e 0xff00001d https://localhost:4443/index.html
",client,quic_client_test_double_tp_error0,,server_return_code(1)+ivy_return_code(1),/home/chris/Toward-verification-of-QUIC-extensions/installer/TVOQE/results/errors/client/local/quant-client-2/temp/471/quic_client_test_double_tp_error0.iev,0.0,0.0
554," /home/chris/TVOQE_UPGRADE_27/quic/quant/Debug/bin/client -c false -r 20 -l /home/chris/secret.log -q /home/chris/qlog_quant -t 3600 -v 5 -e 0xff00001d https://localhost:4443/index.html
",client,quic_client_test_tp_unkown0,,,/home/chris/Toward-verification-of-QUIC-extensions/installer/TVOQE/results/errors/client/local/quant-client-2/temp/1192/quic_client_test_tp_unkown0.iev,0.0,1.0
555," /home/chris/TVOQE_UPGRADE_27/quic/quant/Debug/bin/client -c false -r 20 -l /home/chris/secret.log -q /home/chris/qlog_quant -t 3600 -v 5 -e 0xff00001d https://localhost:4443/index.html
",client,quic_client_test_double_tp_error0,,server_return_code(1)+ivy_return_code(1),/home/chris/Toward-verification-of-QUIC-extensions/installer/TVOQE/results/errors/client/local/quant-client-2/temp/475/quic_client_test_double_tp_error0.iev,0.0,0.0
556," /home/chris/TVOQE_UPGRADE_27/quic/quant/Debug/bin/client -c false -r 20 -l /home/chris/secret.log -q /home/chris/qlog_quant -t 3600 -v 5 -e 0xff00001d https://localhost:4443/index.html
",client,quic_client_test_limit_max_error0,,"ivy_return_code(1)+assumption_failed(""quic_client_test_limit_max_error.ivy: line 504"")",/home/chris/Toward-verification-of-QUIC-extensions/installer/TVOQE/results/errors/client/local/quant-client-2/temp/1297/quic_client_test_limit_max_error0.iev,0.0,0.0
557," /home/chris/TVOQE_UPGRADE_27/quic/quant/Debug/bin/client -c false -r 20 -l /home/chris/secret.log -q /home/chris/qlog_quant -t 3600 -v 5 -e 0xff00001d https://localhost:4443/index.html
",client,quic_client_test_unkown0,,server_return_code(1)+ivy_return_code(1),/home/chris/Toward-verification-of-QUIC-extensions/installer/TVOQE/results/errors/client/local/quant-client-2/temp/1005/quic_client_test_unkown0.iev,0.0,0.0
558," /home/chris/TVOQE_UPGRADE_27/quic/quant/Debug/bin/client -c false -r 20 -l /home/chris/secret.log -q /home/chris/qlog_quant -t 3600 -v 5 -e 0xff00001d https://localhost:4443/index.html
",client,quic_client_test_new_token_error0,,"ivy_return_code(1)+assumption_failed(""/usr/local/lib/python2.7/dist-packages/ivy/include/1.7/quic_frame.ivy: line 1539"")",/home/chris/Toward-verification-of-QUIC-extensions/installer/TVOQE/results/errors/client/local/quant-client-2/temp/1311/quic_client_test_new_token_error0.iev,0.0,0.0
559," /home/chris/TVOQE_UPGRADE_27/quic/quant/Debug/bin/client -c false -r 20 -l /home/chris/secret.log -q /home/chris/qlog_quant -t 3600 -v 5 -e 0xff00001d https://localhost:4443/index.html
",client,quic_client_test_stream0,,timeout+sending id: server addr: 2130706433 port: 52912,/home/chris/Toward-verification-of-QUIC-extensions/installer/TVOQE/results/errors/client/local/quant-client-2/temp/195/quic_client_test_stream0.iev,0.0,0.0
560," /home/chris/TVOQE_UPGRADE_27/quic/quant/Debug/bin/client -c false -r 20 -l /home/chris/secret.log -q /home/chris/qlog_quant -t 3600 -v 5 -e 0xff00001d https://localhost:4443/index.html
",client,quic_client_test_ext_min_ack_delay0,,,/home/chris/Toward-verification-of-QUIC-extensions/installer/TVOQE/results/errors/client/local/quant-client-2/temp/219/quic_client_test_ext_min_ack_delay0.iev,0.0,1.0
561," /home/chris/TVOQE_UPGRADE_27/quic/quant/Debug/bin/client -c false -r 20 -l /home/chris/secret.log -q /home/chris/qlog_quant -t 3600 -v 5 -e 0xff00001d https://localhost:4443/index.html
",client,quic_client_test_accept_maxdata0,,,/home/chris/Toward-verification-of-QUIC-extensions/installer/TVOQE/results/errors/client/local/quant-client-2/temp/843/quic_client_test_accept_maxdata0.iev,0.0,1.0
562," /home/chris/TVOQE_UPGRADE_27/quic/quant/Debug/bin/client -c false -r 20 -l /home/chris/secret.log -q /home/chris/qlog_quant -t 3600 -v 5 -e 0xff00001d https://localhost:4443/index.html
",client,quic_client_test_tp_prefadd_error0,,server_return_code(1)+ivy_return_code(1),/home/chris/Toward-verification-of-QUIC-extensions/installer/TVOQE/results/errors/client/local/quant-client-2/temp/970/quic_client_test_tp_prefadd_error0.iev,0.0,0.0
563," /home/chris/TVOQE_UPGRADE_27/quic/quant/Debug/bin/client -c false -r 20 -l /home/chris/secret.log -q /home/chris/qlog_quant -t 3600 -v 5 -e 0xff00001d https://localhost:4443/index.html
",client,quic_client_test_limit_max_error0,,"ivy_return_code(1)+assumption_failed(""quic_client_test_limit_max_error.ivy: line 504"")",/home/chris/Toward-verification-of-QUIC-extensions/installer/TVOQE/results/errors/client/local/quant-client-2/temp/1209/quic_client_test_limit_max_error0.iev,0.0,0.0
564," /home/chris/TVOQE_UPGRADE_27/quic/quant/Debug/bin/client -c false -r 20 -l /home/chris/secret.log -q /home/chris/qlog_quant -t 3600 -v 5 -e 0xff00001d https://localhost:4443/index.html
",client,quic_client_test_double_tp_error0,,server_return_code(1)+ivy_return_code(1),/home/chris/Toward-verification-of-QUIC-extensions/installer/TVOQE/results/errors/client/local/quant-client-2/temp/494/quic_client_test_double_tp_error0.iev,0.0,0.0
565," /home/chris/TVOQE_UPGRADE_27/quic/quant/Debug/bin/client -c false -r 20 -l /home/chris/secret.log -q /home/chris/qlog_quant -t 3600 -v 5 -e 0xff00001d https://localhost:4443/index.html
",client,quic_client_test_accept_maxdata0,,,/home/chris/Toward-verification-of-QUIC-extensions/installer/TVOQE/results/errors/client/local/quant-client-2/temp/892/quic_client_test_accept_maxdata0.iev,0.0,1.0
566," /home/chris/TVOQE_UPGRADE_27/quic/quant/Debug/bin/client -c false -r 20 -l /home/chris/secret.log -q /home/chris/qlog_quant -t 3600 -v 5 -e 0xff00001d https://localhost:4443/index.html
",client,quic_client_test_blocked_streams_maxstream_error0,,"ivy_return_code(1)+assumption_failed(""quic_client_test_blocked_streams_maxstream_error.ivy: line 283"")",/home/chris/Toward-verification-of-QUIC-extensions/installer/TVOQE/results/errors/client/local/quant-client-2/temp/617/quic_client_test_blocked_streams_maxstream_error0.iev,0.0,0.0
567," /home/chris/TVOQE_UPGRADE_27/quic/quant/Debug/bin/client -c false -r 20 -l /home/chris/secret.log -q /home/chris/qlog_quant -t 3600 -v 5 -e 0xff00001d https://localhost:4443/index.html
",client,quic_client_test_tp_acticoid_error0,,,/home/chris/Toward-verification-of-QUIC-extensions/installer/TVOQE/results/errors/client/local/quant-client-2/temp/553/quic_client_test_tp_acticoid_error0.iev,0.0,1.0
568," /home/chris/TVOQE_UPGRADE_27/quic/quant/Debug/bin/client -c false -r 20 -l /home/chris/secret.log -q /home/chris/qlog_quant -t 3600 -v 5 -e 0xff00001d https://localhost:4443/index.html
",client,quic_client_test_tp_prefadd_error0,,server_return_code(1)+ivy_return_code(1),/home/chris/Toward-verification-of-QUIC-extensions/installer/TVOQE/results/errors/client/local/quant-client-2/temp/968/quic_client_test_tp_prefadd_error0.iev,0.0,0.0
569," /home/chris/TVOQE_UPGRADE_27/quic/quant/Debug/bin/client -c false -r 20 -l /home/chris/secret.log -q /home/chris/qlog_quant -t 3600 -v 5 -e 0xff00001d https://localhost:4443/index.html
",client,quic_client_test_tp_error0,,"timeout+< undecryptable_packet_event({protocol:udp,addr:0x7f000001,port:0xe5ac},{protocol:udp,addr:0x7f000001,port:0x115b},[0xc1,0xff,0,0,0x1d,0x14,0x61,0x75,0x14,0x4b,0x86,0x6f,0xf,0xc1,0xf0,0xd,0xf7,0x5,0x25,0xec,0x60,0x29,0x7d,0x66,0x72,0x16,0x4,0x72,0x28,0xdf,0xc8,0,0x44,0x8e,0x9b,0x54,0x5f,0x7a,0x6c,0xb4,0x91,0x8,0xdc,0x4,0xe9,0x23,0xbe,0x4,0x2c,0x82,0x45,0xcf,0x9e,0x40,0x57,0x8,0x1b,0x59,0x1b,0x7c,0xe1,0xb,0x9d,0x57,0xad,0xd9,0x97,0x8d,0xea,0x63,0x37,0xc5,0xca,0x4d,0x40,0xaa,0xea,0xfb,0x5,0x66,0x68,0x5d,0xdd,0x30,0x9a,0x5a,0x84,0xf2,0xb0,0x61,0x9f,0x5b,0x96,0x77,0x33,0xbb,0xcd,0x76,0xf5,0x46,0xd3,0x42,0x96,0x26,0xa1,0x19,0xde,0x2b,0xa,0xf,0xef,0x92,0x50,0x3e,0x1e,0xa0,0x3d,0x93,0xf1,0x62,0x74,0x28,0x3e,0x4b,0xd,0x43,0xbb,0x12,0x2e,0xc4,0x76,0x5a,0xec,0x82,0x16,0x2e,0xea,0x27,0x1a,0x62,0x48,0xf1,0xc2,0xc5,0x89,0x32,0xf8,0x7,0xb6,0x75,0x55,0xa7,0x91,0xf3,0x1c,0x33,0x54,0x1f,0xf6,0x5,0x69,0x8,0x85,0x51,0xb9,0xb3,0xed,0x6a,0x35,0x56,0x2b,0x63,0x7,0x4e,0x50,0x82,0x23,0x37,0x3f,0xc9,0x74,0xd7,0xec,0x1,0xe5,0xec,0xa7,0xf1,0x8a,0x5a,0x1d,0x86,0x96,0x42,0x5c,0x13,0xa2,0x7b,0xaa,0xd4,0xc,0xad,0x6e,0x7d,0x74,0x26,0x90,0x89,0x9a,0xbc,0x97,0x9d,0xd3,0x1d,0x63,0x9c,0xbd,0x25,0xd0,0xb9,0x55,0x1f,0x8c,0xa5,0x3b,0x3,0x3d,0xe8,0x12,0xb6,0xac,0xeb,0xb2,0xfa,0x46,0x4f,0x3e,0x1b,0xa0,0xa,0xfe,0x71,0xb0,0xf0,0xcd,0x91,0x4b,0xce,0xbc,0x4a,0x6e,0xd1,0x69,0x5c,0xc8,0x6b,0x5d,0xce,0x46,0xa1,0x40,0xd7,0x77,0x68,0x1,0x6d,0xee,0x83,0xc5,0x77,0x9c,0xe6,0x62,0x2e,0xd4,0x9d,0x90,0xd4,0x1b,0xd8,0x56,0x56,0x85,0x59,0x49,0xa6,0x68,0xaf,0x52,0x2d,0x85,0xcc,0xdc,0x7,0xa1,0xc5,0x33,0x67,0x62,0x89,0x3d,0x60,0xf1,0xa0,0x86,0x6f,0xa2,0xe9,0xc,0x18,0x6e,0x37,0xf,0x3b,0xe6,0xe7,0x8c,0x7c,0x59,0xb3,0xe8,0x4,0x71,0x37,0x1e,0xdb,0x8d,0x8,0xa7,0x2d,0x81,0x26,0x7d,0x37,0xa3,0x17,0x3d,0x23,0xd4,0xee,0xa,0x71,0x7,0x27,0x2c,0xa4,0x5a,0xd4,0x8a,0x23,0x95,0x50,0xa8,0x94,0xa8,0x9d,0x5b,0x98,0xf6,0xd9,0x5e,0x28,0xf6,0xf9,0x80,0x47,0x13,0x88,0xfa,0xec,0xff,0x9e,0x56,0xea,0x12,0x72,0x9a,0x8,0x8c,0xf8,0x94,0xe0,0xa1,0xea,0x3d,0x72,0x77,0xdd,0xc3,0x3c,0xf3,0xfc,0xd3,0x5c,0x25,0x55,0x92,0x42,0x93,0x64,0x65,0x90,0x3e,0x75,0x4,0xd,0xa2,0xdb,0x9e,0x85,0x1a,0x4,0x80,0x9e,0xb,0x66,0xb5,0x6c,0xec,0xf0,0xcf,0x5c,0xa9,0x7c,0xec,0x4d,0xcd,0x50,0x2c,0x52,0xbf,0xae,0xae,0x38,0xfb,0x7a,0xfb,0xb0,0x67,0x69,0xf,0xb5,0x6c,0x13,0xfc,0xe1,0xc9,0x44,0xbf,0x45,0x63,0x7d,0x87,0xb3,0x61,0x8f,0x3a,0xe2,0x56,0x41,0x56,0xb8,0x7,0x67,0x6a,0x45,0x34,0xb3,0xb6,0x3c,0x22,0xfe,0x4f,0x1f,0x9,0x6e,0x90,0x13,0x62,0x49,0x5f,0x64,0x30,0x2e,0x16,0xb9,0x21,0x43,0x30,0x6a,0xa1,0xf7,0x4c,0x43,0x47,0x21,0x71,0x20,0x7d,0xf4,0x9b,0x87,0x29,0x13,0xbc,0x76,0xde,0xba,0x98,0x69,0xcc,0x19,0x9f,0x9d,0x1e,0x6,0x1,0x3d,0x52,0xc,0x60,0xa3,0x60,0x31,0x7a,0xe3,0x62,0x4,0x14,0xdd,0x7f,0xd2,0x2f,0xb1,0xe7,0xd2,0xa,0xb2,0xee,0x3c,0xcb,0x22,0xa6,0xd7,0x1e,0x6b,0x29,0x77,0xd8,0xdc,0x44,0xc1,0x66,0xc9,0xeb,0xb5,0x68,0xd4,0xe,0xe1,0xbe,0x3b,0x5b,0x75,0xe7,0x80,0xc6,0x96,0x40,0x4b,0xdc,0x95,0x67,0x8,0x9a,0xae,0x4b,0xa3,0x82,0x6b,0xec,0x56,0x1a,0xc4,0x7b,0x30,0x39,0xa7,0x3f,0x21,0xe2,0xa7,0x5,0x62,0xff,0xc6,0x63,0xc4,0x86,0xa2,0x59,0xae,0xc2,0x9d,0x6e,0x59,0x36,0x5e,0xe4,0x5,0xf0,0xe1,0x23,0xb7,0x12,0x74,0x3f,0xc6,0x4a,0x5e,0x67,0x79,0x50,0x36,0xee,0x49,0xbf,0xc1,0x50,0xe4,0xae,0xef,0x8e,0x25,0xab,0x41,0xd8,0xe5,0xb1,0x37,0xbd,0xd7,0xae,0x22,0x54,0x8,0xf,0xdd,0xd7,0x20,0x71,0x92,0x27,0xe8,0x8b,0x48,0x61,0x73,0x2c,0x9c,0x2f,0xb,0x64,0x4f,0x82,0x7f,0xd9,0x77,0xaf,0xd0,0xf0,0xe,0xc,0xed,0x44,0x21,0x4c,0x9f,0x33,0xbb,0xa3,0xbb,0x30,0xee,0xbe,0x3f,0x3f,0x7d,0x2d,0xe0,0xc0,0x1e,0xea,0xbd,0x6e,0x50,0xd3,0x26,0x57,0xbc,0x7,0,0x44,0x87,0xce,0x93,0x14,0xb2,0xeb,0xb1,0x57,0xe3,0x3e,0x60,0xfe,0xb5,0xb6,0x71,0xc4,0xd7,0x5a,0xd4,0xfa,0x75,0x65,0x4c,0x9e,0xd6,0x77,0x45,0x1d,0x31,0x8d,0xf9,0x9a,0xa,0xa3,0x5e,0x39,0,0x13,0x63,0xf2,0x5,0x77,0x22,0xe7,0x43,0x7a,0x1d,0x3a,0x6a,0xf3,0x9c,0xe7,0x51,0x73,0x9f,0xdd,0xd5,0x46,0x2d,0x32,0x47,0x50,0x20,0x16,0x81,0x20,0x57,0x84,0x26,0xae,0xcc,0x5f,0xa9,0x3e,0x37,0xcb,0x22,0x26,0xd4,0xbc,0xbc,0x76,0x83,0x25,0x27,0xa2,0xb4,0x75,0xe6,0x6c,0x94,0x15,0x56,0xda,0x6f,0xf7,0x41,0xf4,0x7f,0xfe,0xc,0x1a,0xae,0xba,0x7b,0xef,0x8,0x21,0xbd,0x8b,0x8c,0xc8,0x69,0x3a,0x32,0xc4,0x4b,0xe9,0x9e,0xca,0xcc,0x11,0xe7,0x47,0xfc,0x78,0xe9,0x9f,0x5f,0xbc,0x75,0x83,0xee,0x8f,0x1a,0x8e,0xe4,0x42,0xb8,0xd1,0x1e,0x49,0x3c,0x6e,0xc,0xb,0x73,0x7a,0xf7,0xac,0x24,0xa2,0x28,0xf6,0x96,0xc9,0xa0,0xea,0xb6,0x30,0x2,0x81,0x3b,0x9f,0xf3,0xb1,0x5b,0x54,0xc4,0x86,0x3d,0x97,0x9,0x55,0xc0,0x73,0xdb,0x6c,0x59,0x94,0x7f,0x45,0x82,0xd5,0xce,0x59,0x1d,0xc5,0x7b,0xd,0xd7,0x40,0x8b,0x5a,0xaf,0xc4,0xf0,0xcf,0xf,0x2a,0xd2,0x78,0x32,0x2e,0x37,0xe7,0xf0,0x3f,0x10,0x48,0x3,0xac,0x67,0xe6,0xa5,0x58,0xeb,0x91,0x77,0x94,0xe4,0x2,0xab,0x31,0xfc,0x3,0xc1,0x23,0x70,0xe7,0xaa,0x89,0x59,0xf3,0x28,0x94,0xcc,0xe8,0x6e,0xe,0xf7,0x7a,0xe8,0xbb,0xb8,0x72,0x30,0x54,0x50,0x74,0xc9,0x8b,0x4e,0x3e,0x4c,0x22,0xb0,0xb2,0x54,0x1c,0xb0,0x14,0xda,0x86,0x57,0xa3,0x63,0xc1,0x53,0x39,0x3c,0xc,0x89,0xb0,0xc1,0x77,0x94,0x69,0xda,0x2c,0x24,0x35,0xbf,0xee,0x1a,0xce,0x9f,0x1f,0xd8,0x44,0x9b,0x3b,0x87,0xfc,0xcf,0xfa,0xc7,0xc6,0xb8,0x74,0x2d,0x75,0x7b,0x41,0xe7,0xb,0x2d,0x37,0x8,0x41,0xea,0x17,0xb9,0xe6,0x76,0xdf,0x53,0x6,0x99,0xf4,0xa,0xee,0x89,0x22,0x5a,0xa6,0xc2,0x6,0xaa,0xb,0x8a,0x29,0xc,0x59,0x95,0xa3,0x4,0x67,0xe2,0x2f,0x23,0x28,0xdd,0x1a,0x6e,0x88,0x3e,0xb5,0x8d,0xce,0xa6,0x5e,0x7,0xda,0xc6,0x2e,0xf0,0x67,0xb0,0xc0,0x8c,0xcc,0x38,0xe,0xc2,0xb0,0x82,0x35,0x5,0x13,0xdf,0xab,0x8b,0x50,0x2a,0x19,0xdd,0xa3,0xb7,0xb4,0x30,0xfe,0xe7,0x3a,0x6c,0x31,0xce,0xee,0xd8,0x37,0xb3,0xb6,0x7f,0xc5,0xc5,0x41,0x1f,0x4f,0x94,0x5b,0x36,0x26,0x91,0xb9,0x12,0x38,0xc7,0xa6,0x88,0x3a,0x88,0x8e,0xe1,0xee,0x13,0x19,0x80,0xd0,0xf1,0x14,0xc4,0x7d,0xf4,0xa1,0xa8,0xbc,0x64,0xc5,0x35,0xdc,0x69,0xdc,0x21,0x82,0x78,0x9e,0xaa,0x8b,0x38,0x75,0x84,0xb9,0xd9,0x88,0x68,0x2d,0xb9,0x29,0x65,0xdd,0xb1,0x47,0x5b,0xf0,0xd6,0xe2,0x4b,0xab,0xbd,0x80,0x7f,0xa,0xb1,0x26,0x3,0x6d,0x68,0x42,0xd8,0x14,0x6d,0x3c,0x6d,0x5e,0x71,0x5b,0x7e,0x44,0x55,0xfb,0x67,0xfb,0x4e,0x55,0xdb,0xde,0xf7,0x2c,0x38,0x40,0x1c,0xe5,0xe0,0xbd,0x4b,0x87,0xbf])",/home/chris/Toward-verification-of-QUIC-extensions/installer/TVOQE/results/errors/client/local/quant-client-2/temp/301/quic_client_test_tp_error0.iev,0.0,0.0
570," /home/chris/TVOQE_UPGRADE_27/quic/quant/Debug/bin/client -c false -r 20 -l /home/chris/secret.log -q /home/chris/qlog_quant -t 3600 -v 5 -e 0xff00001d https://localhost:4443/index.html
",client,quic_client_test_tp_prefadd_error0,,server_return_code(1)+ivy_return_code(1),/home/chris/Toward-verification-of-QUIC-extensions/installer/TVOQE/results/errors/client/local/quant-client-2/temp/912/quic_client_test_tp_prefadd_error0.iev,0.0,0.0
571," /home/chris/TVOQE_UPGRADE_27/quic/quant/Debug/bin/client -c false -r 20 -l /home/chris/secret.log -q /home/chris/qlog_quant -t 3600 -v 5 -e 0xff00001d https://localhost:4443/index.html
",client,quic_client_test_double_tp_error0,,server_return_code(1)+ivy_return_code(1),/home/chris/Toward-verification-of-QUIC-extensions/installer/TVOQE/results/errors/client/local/quant-client-2/temp/422/quic_client_test_double_tp_error0.iev,0.0,0.0
572," /home/chris/TVOQE_UPGRADE_27/quic/quant/Debug/bin/client -c false -r 20 -l /home/chris/secret.log -q /home/chris/qlog_quant -t 3600 -v 5 -e 0xff00001d https://localhost:4443/index.html
",client,quic_client_test_blocked_streams_maxstream_error0,,"ivy_return_code(1)+assumption_failed(""quic_client_test_blocked_streams_maxstream_error.ivy: line 283"")",/home/chris/Toward-verification-of-QUIC-extensions/installer/TVOQE/results/errors/client/local/quant-client-2/temp/658/quic_client_test_blocked_streams_maxstream_error0.iev,0.0,0.0
573," /home/chris/TVOQE_UPGRADE_27/quic/quant/Debug/bin/client -c false -r 20 -l /home/chris/secret.log -q /home/chris/qlog_quant -t 3600 -v 5 -e 0xff00001d https://localhost:4443/index.html
",client,quic_client_test_tp_acticoid_error0,,,/home/chris/Toward-verification-of-QUIC-extensions/installer/TVOQE/results/errors/client/local/quant-client-2/temp/597/quic_client_test_tp_acticoid_error0.iev,0.0,1.0
574," /home/chris/TVOQE_UPGRADE_27/quic/quant/Debug/bin/client -c false -r 20 -l /home/chris/secret.log -q /home/chris/qlog_quant -t 3600 -v 5 -e 0xff00001d https://localhost:4443/index.html
",client,quic_client_test_accept_maxdata0,,"ivy_return_code(1)+assumption_failed(""quic_client_test.ivy: line 310"")",/home/chris/Toward-verification-of-QUIC-extensions/installer/TVOQE/results/errors/client/local/quant-client-2/temp/853/quic_client_test_accept_maxdata0.iev,0.0,0.0
575," /home/chris/TVOQE_UPGRADE_27/quic/quant/Debug/bin/client -c false -r 20 -l /home/chris/secret.log -q /home/chris/qlog_quant -t 3600 -v 5 -e 0xff00001d https://localhost:4443/index.html
",client,quic_client_test_max0,,,/home/chris/Toward-verification-of-QUIC-extensions/installer/TVOQE/results/errors/client/local/quant-client-2/temp/4/quic_client_test_max0.iev,0.0,1.0
576," /home/chris/TVOQE_UPGRADE_27/quic/quant/Debug/bin/client -c false -r 20 -l /home/chris/secret.log -q /home/chris/qlog_quant -t 3600 -v 5 -e 0xff00001d https://localhost:4443/index.html
",client,quic_client_test_ext_min_ack_delay0,,,/home/chris/Toward-verification-of-QUIC-extensions/installer/TVOQE/results/errors/client/local/quant-client-2/temp/295/quic_client_test_ext_min_ack_delay0.iev,0.0,1.0
577," /home/chris/TVOQE_UPGRADE_27/quic/quant/Debug/bin/client -c false -r 20 -l /home/chris/secret.log -q /home/chris/qlog_quant -t 3600 -v 5 -e 0xff00001d https://localhost:4443/index.html
",client,quic_client_test_retirecoid_error0,,"ivy_return_code(1)+assumption_failed(""quic_client_test_retirecoid_error.ivy: line 276"")",/home/chris/Toward-verification-of-QUIC-extensions/installer/TVOQE/results/errors/client/local/quant-client-2/temp/758/quic_client_test_retirecoid_error0.iev,0.0,0.0
578," /home/chris/TVOQE_UPGRADE_27/quic/quant/Debug/bin/client -c false -r 20 -l /home/chris/secret.log -q /home/chris/qlog_quant -t 3600 -v 5 -e 0xff00001d https://localhost:4443/index.html
",client,quic_client_test_blocked_streams_maxstream_error0,,"ivy_return_code(1)+assumption_failed(""quic_client_test_blocked_streams_maxstream_error.ivy: line 283"")",/home/chris/Toward-verification-of-QUIC-extensions/installer/TVOQE/results/errors/client/local/quant-client-2/temp/604/quic_client_test_blocked_streams_maxstream_error0.iev,0.0,0.0
579," /home/chris/TVOQE_UPGRADE_27/quic/quant/Debug/bin/client -c false -r 20 -l /home/chris/secret.log -q /home/chris/qlog_quant -t 3600 -v 5 -e 0xff00001d https://localhost:4443/index.html
",client,quic_client_test_retirecoid_error0,,"ivy_return_code(1)+assumption_failed(""quic_client_test_retirecoid_error.ivy: line 276"")",/home/chris/Toward-verification-of-QUIC-extensions/installer/TVOQE/results/errors/client/local/quant-client-2/temp/737/quic_client_test_retirecoid_error0.iev,0.0,0.0
580," /home/chris/TVOQE_UPGRADE_27/quic/quant/Debug/bin/client -c false -r 20 -l /home/chris/secret.log -q /home/chris/qlog_quant -t 3600 -v 5 -e 0xff00001d https://localhost:4443/index.html
",client,quic_client_test_stream0,,"timeout+< undecryptable_packet_event({protocol:udp,addr:0x7f000001,port:0xa79a},{protocol:udp,addr:0x7f000001,port:0x115b},[0xc0,0xff,0,0,0x1d,0x13,0x35,0x7d,0x55,0x19,0x1a,0x63,0x3a,0x8a,0xde,0xd0,0x95,0x28,0xea,0x94,0x8,0xed,0x36,0x51,0xa4,0x4,0xe,0x92,0x71,0xc6,0,0x44,0x8f,0x8b,0xec,0xf7,0x15,0xb0,0x23,0x7d,0xff,0xee,0x64,0x43,0xcf,0x25,0x57,0xda,0x88,0x84,0x78,0xfb,0x8c,0x8f,0x78,0xe0,0x4e,0xa,0x8c,0x2d,0x74,0x69,0xd5,0xdd,0x57,0x8a,0xed,0xee,0x9a,0x6e,0xa4,0xae,0x26,0x7,0x35,0xa2,0xcd,0xdf,0xa6,0xf6,0x3e,0x3,0xd3,0xea,0xe8,0xa9,0xc3,0x2,0x7f,0xa0,0xd6,0x40,0xa3,0xef,0x8f,0xeb,0x40,0xfc,0x52,0x7,0xd9,0xee,0x75,0xe9,0x8e,0xc3,0x13,0xdc,0x5,0x99,0xac,0x3a,0x51,0x29,0xec,0x26,0xd8,0xc5,0x65,0x99,0x92,0xd0,0x43,0x1d,0xc0,0x81,0x27,0x75,0xf6,0x20,0xb0,0xfb,0xe4,0,0x52,0xa8,0x4d,0x15,0x6c,0x5d,0x3,0xf3,0xe5,0x2f,0x34,0x7e,0x6f,0x67,0xf0,0xd7,0x87,0x4f,0xff,0x85,0x29,0x1,0x5b,0x9,0xbe,0xf0,0x75,0x39,0x4e,0x51,0x6d,0x76,0xbc,0xa6,0x40,0xd3,0x59,0xc9,0x4e,0x7,0x47,0x3e,0x46,0x9,0x6d,0xc2,0x33,0x34,0x7a,0,0x2a,0x32,0xa4,0x4a,0xe1,0x91,0x2a,0x7d,0xc,0xac,0x50,0x92,0x3,0x43,0x17,0x4a,0xf6,0x38,0x15,0x88,0x95,0x2d,0x33,0x4a,0x7d,0x42,0xcb,0xda,0x4f,0x2,0xdf,0x9c,0x4b,0xc7,0xad,0x9b,0xf4,0xd8,0x85,0xd7,0x74,0x42,0xda,0x66,0x53,0x8e,0x1d,0x1f,0x75,0xe1,0xde,0x4d,0x47,0x9a,0x7a,0xbb,0x32,0x2d,0xb9,0xec,0x7b,0x39,0xda,0x79,0xf8,0x46,0xc0,0xf8,0x47,0xd2,0xf6,0xb1,0x99,0xec,0x29,0xa8,0xc6,0x7f,0xbe,0x79,0x4e,0x1e,0x72,0xc8,0x87,0,0x52,0xbe,0x67,0x2d,0xb8,0xb1,0x97,0x94,0xa0,0x15,0x53,0x62,0x4b,0xea,0xc9,0x18,0x9f,0xb5,0xe0,0xe5,0xcb,0x5c,0xeb,0x98,0x41,0x85,0xcf,0xea,0x15,0xa7,0x88,0x3e,0x26,0xed,0x31,0xdb,0x66,0xae,0x34,0x7a,0xa2,0xc7,0x5d,0x92,0x80,0x65,0xe2,0xd9,0x31,0x20,0,0x63,0xa9,0x16,0x57,0xe,0x63,0x49,0x77,0x1,0xbd,0xb0,0x6c,0x47,0x45,0x57,0xfa,0x43,0xc5,0xd7,0x15,0x5e,0xf2,0xf0,0xd9,0x56,0xc6,0x6,0xfd,0x4,0xc6,0x4b,0xcc,0x7d,0xb4,0x4e,0x2c,0xdb,0x7,0xab,0xc2,0x36,0x21,0xd0,0xa0,0xb4,0x12,0xcf,0xfb,0xc9,0xd4,0xc6,0x7,0xd2,0xaa,0x9e,0xb8,0xd0,0xe,0x6f,0x78,0x2b,0x7c,0xa1,0xea,0xd1,0x21,0xdf,0xd7,0x93,0xd1,0x61,0xa9,0x5c,0x57,0x8c,0x75,0x33,0x2e,0x50,0xe0,0x5f,0xa9,0x99,0x3f,0x79,0xd1,0xae,0xfa,0xa2,0x1a,0xef,0xbf,0x7a,0x27,0xbe,0x37,0x20,0xfe,0xb9,0xcf,0xb9,0x4e,0x8,0xef,0x2a,0x2,0x67,0x20,0x63,0x10,0x19,0x77,0xab,0xd3,0x55,0xc9,0x4b,0xe5,0xc7,0x38,0x5d,0x5b,0xee,0x47,0x4c,0x82,0x4e,0x8,0x85,0xdf,0x8,0xe1,0x2,0xee,0xdf,0x9a,0x20,0xf1,0xef,0x76,0xc9,0x7e,0x61,0x23,0x93,0xc8,0xad,0xcb,0xcd,0x6,0xf,0x1c,0xe5,0x19,0xdc,0x51,0x65,0xa9,0x39,0x3f,0x83,0xd1,0xfa,0x51,0x5c,0x3e,0xcf,0x77,0x11,0x7e,0x78,0xc0,0x93,0xbe,0xe,0x4c,0xac,0xaa,0x5b,0xa6,0x8d,0x1,0x69,0x68,0xbf,0xc4,0x8d,0x42,0xfa,0x98,0x9a,0xb1,0x96,0x80,0x4b,0x43,0xea,0xfe,0x39,0x78,0xb4,0x1a,0xda,0x40,0xdc,0x46,0x81,0xdb,0x52,0x1,0x2b,0xfe,0xd5,0xc6,0x5d,0x44,0x6f,0x5,0x9b,0xe4,0x93,0xaf,0x1d,0x83,0x90,0xdb,0x1d,0x50,0x6d,0x7e,0x37,0x4c,0xd1,0xdf,0xa6,0x7e,0xc8,0xe5,0x5f,0xcc,0x4a,0x42,0xa8,0xc3,0x13,0xc1,0x8,0x3,0x25,0x8b,0x9c,0x7,0x6e,0xa7,0xec,0x52,0x12,0x5,0xf8,0x26,0xff,0x91,0xda,0xa5,0xcb,0x6c,0x7c,0xfe,0xe5,0x2,0x8,0x1d,0x84,0xcc,0x5,0x3c,0x62,0xd0,0xe7,0x6d,0xd5,0x88,0x9e,0x9b,0x3e,0x94,0x4d,0x6e,0xff,0x65,0x1a,0x50,0xf,0x8f,0x70,0xa1,0x57,0x3e,0xb7,0xc9,0x23,0x50,0x22,0x4e,0x22,0xc1,0xea,0x77,0xc4,0xdf,0x33,0xaf,0x8a,0x38,0xfa,0xdb,0x8,0x4d,0xfe,0x5b,0x32,0x6d,0x1f,0xc8,0xb0,0x76,0x54,0xc3,0x84,0x83,0x5e,0x80,0x1c,0x60,0x62,0x68,0xba,0x52,0x9,0xba,0x38,0x26,0x39,0xfd,0xac,0x87,0x24,0x35,0xdd,0xe0,0xad,0xb3,0x3b,0x73,0x9,0x78,0x40,0xe1,0xae,0xa5,0x9a,0x97,0x59,0xb7,0xc7,0x3b,0xd1,0x49,0x16,0xc7,0x3f,0xae,0xa9,0x97,0x2a,0xe,0x99,0x15,0x1b,0xa8,0x44,0x2f,0xd3,0x82,0xae,0x8a,0x47,0xd,0x21,0x1e,0xaf,0x81,0xe4,0xf,0x3f,0xb4,0x36,0x64,0x6,0xf4,0xbf,0xca,0xf6,0x85,0xc2,0x5f,0x6a,0x42,0x62,0x4b,0x80,0xea,0x54,0xe8,0xa3,0x74,0x8e,0x76,0xf9,0xe6,0x98,0xb6,0x97,0x3a,0xa9,0x2d,0x3e,0x61,0xd5,0xac,0x98,0x93,0x14,0x2c,0xb6,0x61,0xf3,0xf9,0x72,0xed,0xb6,0x86,0x87,0x30,0x32,0xc1,0x57,0x22,0xd0,0x90,0x1b,0x7f,0x95,0x73,0xd7,0xdb,0x5f,0x4c,0x5a,0x8,0x74,0x69,0xa,0xd,0x8a,0xd8,0x24,0xde,0x16,0x90,0x9,0xee,0xb0,0x4f,0x64,0xf7,0xc0,0x87,0x45,0x60,0xda,0x77,0x98,0x7e,0xab,0xec,0x83,0xf6,0x89,0x72,0x9f,0x34,0xd8,0x23,0x63,0x49,0xdc,0x16,0x3,0x87,0x32,0xd6,0xde,0xc4,0xf0,0xae,0x3d,0xa2,0xb,0x25,0x43,0x80,0x86,0x16,0x4d,0x83,0x3,0xc0,0x38,0x15,0x96,0xbb,0x84,0x21,0xec,0xd9,0xf1,0x2e,0x3d,0xfb,0xc5,0x8f,0xe8,0xa6,0x21,0xeb,0x3a,0x21,0xa1,0x3e,0x64,0x7,0xe,0xd7,0x9a,0xc0,0xd7,0x6f,0x25,0x73,0xb,0xe9,0xb0,0x90,0xc4,0x50,0x5e,0x2f,0x7d,0x16,0xad,0x75,0xb0,0x3e,0x9a,0x4d,0x52,0x6b,0x93,0x80,0xdd,0xbc,0x77,0x89,0x6b,0x14,0x16,0x46,0x18,0xb3,0x15,0x92,0xb0,0,0x68,0x4a,0x75,0x1b,0x6a,0xc7,0x57,0xf1,0xca,0x78,0xaf,0x32,0x19,0xd3,0x6e,0x17,0x40,0x2e,0xca,0x13,0xd8,0xa2,0x74,0x7c,0xc8,0x59,0x28,0xd9,0xd9,0xc2,0xc1,0xdd,0xf9,0xa3,0x7b,0xf8,0xe7,0xa1,0x8b,0xd,0x9,0xa4,0xcd,0xa4,0x5,0x79,0x68,0xf5,0xdd,0xf8,0x7e,0x18,0x94,0x33,0x3b,0x80,0xea,0xa4,0x53,0xa4,0x77,0xd2,0x90,0xbd,0xea,0xb7,0x5,0x77,0x9b,0xb4,0x94,0x8a,0x61,0xaf,0xa9,0x6,0xa,0xd8,0xfd,0x35,0x90,0xc5,0xfc,0x74,0x4b,0xaa,0x54,0x4a,0x4a,0xb8,0xa,0xc2,0x7a,0xc9,0xaa,0x95,0xd3,0x7c,0xbe,0x3c,0xbb,0x8f,0x46,0xce,0x44,0x3a,0xe9,0x67,0xd9,0xa8,0xfc,0x75,0x44,0xc0,0xf8,0x17,0xe4,0xe3,0x1b,0x47,0x40,0x82,0x65,0x55,0x43,0xb0,0x7e,0x49,0x7c,0x2d,0x4d,0x70,0x81,0x90,0x4e,0x2,0xa6,0x16,0x7c,0xcf,0x55,0x1a,0x69,0x3e,0x14,0x86,0xde,0xc5,0x7c,0x3,0x9e,0x80,0xc6,0x92,0xd0,0x72,0x6b,0xa2,0x5e,0x70,0xdd,0xdd,0x7e,0x52,0x6b,0xb,0x72,0xeb,0xcf,0x9f,0x69,0xd4,0xdf,0xba,0xd1,0xec,0x4d,0x3a,0x37,0xbf,0x8a,0x23,0x1d,0xf1,0xb9,0xed,0x55,0xf1,0xed,0x5a,0x74,0x59,0x13,0x7d,0x2,0xb,0xae,0x1d,0x8,0xf6,0xfb,0xb2,0xe9,0xf7,0xc7,0x2,0xcf,0xca,0xe0,0x13,0xbd,0xe0,0xb6,0xcf,0x59,0xcd,0x2e,0x36,0x9e,0x30,0xa7,0x67,0xd2,0xd3,0xed,0x7d,0xf3,0xaa,0x13,0x63,0xcf,0x46,0x1b,0x1c,0xe7,0,0x4b,0x11,0x2a,0xcd,0x36,0x49,0xe5,0xcb,0xe2,0xf1,0x22,0x70,0xaf,0,0xde,0x52,0x59,0xfb,0x15,0xc0,0x7d,0x74,0xfc,0x72,0x82,0x98,0xf6,0x3e,0x8b,0x42,0x81,0xcd,0x44,0xb6,0xdf,0x51,0xf6,0xf1,0x83,0x5f,0xa9,0x51,0xf7,0xb5,0x76,0xa,0xa2,0x12,0x40,0xf5,0x28,0xa5,0xe1,0x28,0xbb,0xee,0xbe,0xb7,0xf9])",/home/chris/Toward-verification-of-QUIC-extensions/installer/TVOQE/results/errors/client/local/quant-client-2/temp/137/quic_client_test_stream0.iev,0.0,0.0
581," /home/chris/TVOQE_UPGRADE_27/quic/quant/Debug/bin/client -c false -r 20 -l /home/chris/secret.log -q /home/chris/qlog_quant -t 3600 -v 5 -e 0xff00001d https://localhost:4443/index.html
",client,quic_client_test_ext_min_ack_delay0,,,/home/chris/Toward-verification-of-QUIC-extensions/installer/TVOQE/results/errors/client/local/quant-client-2/temp/235/quic_client_test_ext_min_ack_delay0.iev,0.0,1.0
582," /home/chris/TVOQE_UPGRADE_27/quic/quant/Debug/bin/client -c false -r 20 -l /home/chris/secret.log -q /home/chris/qlog_quant -t 3600 -v 5 -e 0xff00001d https://localhost:4443/index.html
",client,quic_client_test_ext_min_ack_delay0,,,/home/chris/Toward-verification-of-QUIC-extensions/installer/TVOQE/results/errors/client/local/quant-client-2/temp/216/quic_client_test_ext_min_ack_delay0.iev,0.0,1.0
583," /home/chris/TVOQE_UPGRADE_27/quic/quant/Debug/bin/client -c false -r 20 -l /home/chris/secret.log -q /home/chris/qlog_quant -t 3600 -v 5 -e 0xff00001d https://localhost:4443/index.html
",client,quic_client_test_tp_error0,,server_return_code(1)+timeout,/home/chris/Toward-verification-of-QUIC-extensions/installer/TVOQE/results/errors/client/local/quant-client-2/temp/370/quic_client_test_tp_error0.iev,0.0,0.0
584," /home/chris/TVOQE_UPGRADE_27/quic/quant/Debug/bin/client -c false -r 20 -l /home/chris/secret.log -q /home/chris/qlog_quant -t 3600 -v 5 -e 0xff00001d https://localhost:4443/index.html
",client,quic_client_test_tp_error0,,server_return_code(1)+timeout,/home/chris/Toward-verification-of-QUIC-extensions/installer/TVOQE/results/errors/client/local/quant-client-2/temp/302/quic_client_test_tp_error0.iev,0.0,0.0
585," /home/chris/TVOQE_UPGRADE_27/quic/quant/Debug/bin/client -c false -r 20 -l /home/chris/secret.log -q /home/chris/qlog_quant -t 3600 -v 5 -e 0xff00001d https://localhost:4443/index.html
",client,quic_client_test_new_token_error0,,server_return_code(1)+ivy_return_code(1),/home/chris/Toward-verification-of-QUIC-extensions/installer/TVOQE/results/errors/client/local/quant-client-2/temp/1375/quic_client_test_new_token_error0.iev,0.0,0.0
586," /home/chris/TVOQE_UPGRADE_27/quic/quant/Debug/bin/client -c false -r 20 -l /home/chris/secret.log -q /home/chris/qlog_quant -t 3600 -v 5 -e 0xff00001d https://localhost:4443/index.html
",client,quic_client_test_ext_min_ack_delay0,,,/home/chris/Toward-verification-of-QUIC-extensions/installer/TVOQE/results/errors/client/local/quant-client-2/temp/230/quic_client_test_ext_min_ack_delay0.iev,0.0,1.0
587," /home/chris/TVOQE_UPGRADE_27/quic/quant/Debug/bin/client -c false -r 20 -l /home/chris/secret.log -q /home/chris/qlog_quant -t 3600 -v 5 -e 0xff00001d https://localhost:4443/index.html
",client,quic_client_test_max0,,,/home/chris/Toward-verification-of-QUIC-extensions/installer/TVOQE/results/errors/client/local/quant-client-2/temp/62/quic_client_test_max0.iev,0.0,1.0
588," /home/chris/TVOQE_UPGRADE_27/quic/quant/Debug/bin/client -c false -r 20 -l /home/chris/secret.log -q /home/chris/qlog_quant -t 3600 -v 5 -e 0xff00001d https://localhost:4443/index.html
",client,quic_client_test_tp_prefadd_error0,,"ivy_return_code(1)+assumption_failed(""quic_client_test_tp_prefadd_error.ivy: line 518"")",/home/chris/Toward-verification-of-QUIC-extensions/installer/TVOQE/results/errors/client/local/quant-client-2/temp/995/quic_client_test_tp_prefadd_error0.iev,0.0,0.0
589," /home/chris/TVOQE_UPGRADE_27/quic/quant/Debug/bin/client -c false -r 20 -l /home/chris/secret.log -q /home/chris/qlog_quant -t 3600 -v 5 -e 0xff00001d https://localhost:4443/index.html
",client,quic_client_test_tp_prefadd_error0,,server_return_code(1)+ivy_return_code(1),/home/chris/Toward-verification-of-QUIC-extensions/installer/TVOQE/results/errors/client/local/quant-client-2/temp/954/quic_client_test_tp_prefadd_error0.iev,0.0,0.0
590," /home/chris/TVOQE_UPGRADE_27/quic/quant/Debug/bin/client -c false -r 20 -l /home/chris/secret.log -q /home/chris/qlog_quant -t 3600 -v 5 -e 0xff00001d https://localhost:4443/index.html
",client,quic_client_test_tp_acticoid_error0,,"ivy_return_code(1)+assumption_failed(""quic_client_test_tp_acticoid_error.ivy: line 515"")",/home/chris/Toward-verification-of-QUIC-extensions/installer/TVOQE/results/errors/client/local/quant-client-2/temp/574/quic_client_test_tp_acticoid_error0.iev,0.0,0.0
591," /home/chris/TVOQE_UPGRADE_27/quic/quant/Debug/bin/client -c false -r 20 -l /home/chris/secret.log -q /home/chris/qlog_quant -t 3600 -v 5 -e 0xff00001d https://localhost:4443/index.html
",client,quic_client_test_tp_prefadd_error0,,server_return_code(1)+ivy_return_code(1),/home/chris/Toward-verification-of-QUIC-extensions/installer/TVOQE/results/errors/client/local/quant-client-2/temp/910/quic_client_test_tp_prefadd_error0.iev,0.0,0.0
592," /home/chris/TVOQE_UPGRADE_27/quic/quant/Debug/bin/client -c false -r 20 -l /home/chris/secret.log -q /home/chris/qlog_quant -t 3600 -v 5 -e 0xff00001d https://localhost:4443/index.html
",client,quic_client_test_blocked_streams_maxstream_error0,,"ivy_return_code(1)+assumption_failed(""quic_client_test_blocked_streams_maxstream_error.ivy: line 283"")",/home/chris/Toward-verification-of-QUIC-extensions/installer/TVOQE/results/errors/client/local/quant-client-2/temp/667/quic_client_test_blocked_streams_maxstream_error0.iev,0.0,0.0
593," /home/chris/TVOQE_UPGRADE_27/quic/quant/Debug/bin/client -c false -r 20 -l /home/chris/secret.log -q /home/chris/qlog_quant -t 3600 -v 5 -e 0xff00001d https://localhost:4443/index.html
",client,quic_client_test_unkown0,,server_return_code(1)+ivy_return_code(1),/home/chris/Toward-verification-of-QUIC-extensions/installer/TVOQE/results/errors/client/local/quant-client-2/temp/1006/quic_client_test_unkown0.iev,0.0,0.0
594," /home/chris/TVOQE_UPGRADE_27/quic/quant/Debug/bin/client -c false -r 20 -l /home/chris/secret.log -q /home/chris/qlog_quant -t 3600 -v 5 -e 0xff00001d https://localhost:4443/index.html
",client,quic_client_test_tp_error0,,server_return_code(1)+timeout,/home/chris/Toward-verification-of-QUIC-extensions/installer/TVOQE/results/errors/client/local/quant-client-2/temp/363/quic_client_test_tp_error0.iev,0.0,0.0
595," /home/chris/TVOQE_UPGRADE_27/quic/quant/Debug/bin/client -c false -r 20 -l /home/chris/secret.log -q /home/chris/qlog_quant -t 3600 -v 5 -e 0xff00001d https://localhost:4443/index.html
",client,quic_client_test_tp_prefadd_error0,,server_return_code(1)+ivy_return_code(1),/home/chris/Toward-verification-of-QUIC-extensions/installer/TVOQE/results/errors/client/local/quant-client-2/temp/945/quic_client_test_tp_prefadd_error0.iev,0.0,0.0
596," /home/chris/TVOQE_UPGRADE_27/quic/quant/Debug/bin/client -c false -r 20 -l /home/chris/secret.log -q /home/chris/qlog_quant -t 3600 -v 5 -e 0xff00001d https://localhost:4443/index.html
",client,quic_client_test_tp_unkown0,,,/home/chris/Toward-verification-of-QUIC-extensions/installer/TVOQE/results/errors/client/local/quant-client-2/temp/1127/quic_client_test_tp_unkown0.iev,0.0,1.0
597," /home/chris/TVOQE_UPGRADE_27/quic/quant/Debug/bin/client -c false -r 20 -l /home/chris/secret.log -q /home/chris/qlog_quant -t 3600 -v 5 -e 0xff00001d https://localhost:4443/index.html
",client,quic_client_test_ext_min_ack_delay0,,,/home/chris/Toward-verification-of-QUIC-extensions/installer/TVOQE/results/errors/client/local/quant-client-2/temp/285/quic_client_test_ext_min_ack_delay0.iev,0.0,1.0
598," /home/chris/TVOQE_UPGRADE_27/quic/quant/Debug/bin/client -c false -r 20 -l /home/chris/secret.log -q /home/chris/qlog_quant -t 3600 -v 5 -e 0xff00001d https://localhost:4443/index.html
",client,quic_client_test_stream0,,,/home/chris/Toward-verification-of-QUIC-extensions/installer/TVOQE/results/errors/client/local/quant-client-2/temp/166/quic_client_test_stream0.iev,0.0,1.0
599," /home/chris/TVOQE_UPGRADE_27/quic/quant/Debug/bin/client -c false -r 20 -l /home/chris/secret.log -q /home/chris/qlog_quant -t 3600 -v 5 -e 0xff00001d https://localhost:4443/index.html
",client,quic_client_test_tp_unkown0,,,/home/chris/Toward-verification-of-QUIC-extensions/installer/TVOQE/results/errors/client/local/quant-client-2/temp/1148/quic_client_test_tp_unkown0.iev,0.0,1.0
600," /home/chris/TVOQE_UPGRADE_27/quic/quant/Debug/bin/client -c false -r 20 -l /home/chris/secret.log -q /home/chris/qlog_quant -t 3600 -v 5 -e 0xff00001d https://localhost:4443/index.html
",client,quic_client_test_tp_acticoid_error0,,,/home/chris/Toward-verification-of-QUIC-extensions/installer/TVOQE/results/errors/client/local/quant-client-2/temp/563/quic_client_test_tp_acticoid_error0.iev,0.0,1.0
601," /home/chris/TVOQE_UPGRADE_27/quic/quant/Debug/bin/client -c false -r 20 -l /home/chris/secret.log -q /home/chris/qlog_quant -t 3600 -v 5 -e 0xff00001d https://localhost:4443/index.html
",client,quic_client_test_accept_maxdata0,,,/home/chris/Toward-verification-of-QUIC-extensions/installer/TVOQE/results/errors/client/local/quant-client-2/temp/854/quic_client_test_accept_maxdata0.iev,0.0,1.0
602," /home/chris/TVOQE_UPGRADE_27/quic/quant/Debug/bin/client -c false -r 20 -l /home/chris/secret.log -q /home/chris/qlog_quant -t 3600 -v 5 -e 0xff00001d https://localhost:4443/index.html
",client,quic_client_test_blocked_streams_maxstream_error0,,"ivy_return_code(1)+assumption_failed(""quic_client_test_blocked_streams_maxstream_error.ivy: line 283"")",/home/chris/Toward-verification-of-QUIC-extensions/installer/TVOQE/results/errors/client/local/quant-client-2/temp/620/quic_client_test_blocked_streams_maxstream_error0.iev,0.0,0.0
603," /home/chris/TVOQE_UPGRADE_27/quic/quant/Debug/bin/client -c false -r 20 -l /home/chris/secret.log -q /home/chris/qlog_quant -t 3600 -v 5 -e 0xff00001d https://localhost:4443/index.html
",client,quic_client_test_tp_prefadd_error0,,"ivy_return_code(1)+assumption_failed(""quic_client_test_tp_prefadd_error.ivy: line 518"")",/home/chris/Toward-verification-of-QUIC-extensions/installer/TVOQE/results/errors/client/local/quant-client-2/temp/951/quic_client_test_tp_prefadd_error0.iev,0.0,0.0
604," /home/chris/TVOQE_UPGRADE_27/quic/quant/Debug/bin/client -c false -r 20 -l /home/chris/secret.log -q /home/chris/qlog_quant -t 3600 -v 5 -e 0xff00001d https://localhost:4443/index.html
",client,quic_client_test_blocked_streams_maxstream_error0,,"ivy_return_code(1)+assumption_failed(""quic_client_test_blocked_streams_maxstream_error.ivy: line 283"")",/home/chris/Toward-verification-of-QUIC-extensions/installer/TVOQE/results/errors/client/local/quant-client-2/temp/673/quic_client_test_blocked_streams_maxstream_error0.iev,0.0,0.0
605," /home/chris/TVOQE_UPGRADE_27/quic/quant/Debug/bin/client -c false -r 20 -l /home/chris/secret.log -q /home/chris/qlog_quant -t 3600 -v 5 -e 0xff00001d https://localhost:4443/index.html
",client,quic_client_test_tp_acticoid_error0,,,/home/chris/Toward-verification-of-QUIC-extensions/installer/TVOQE/results/errors/client/local/quant-client-2/temp/598/quic_client_test_tp_acticoid_error0.iev,0.0,1.0
606," /home/chris/TVOQE_UPGRADE_27/quic/quant/Debug/bin/client -c false -r 20 -l /home/chris/secret.log -q /home/chris/qlog_quant -t 3600 -v 5 -e 0xff00001d https://localhost:4443/index.html
",client,quic_client_test_accept_maxdata0,,"ivy_return_code(1)+assumption_failed(""quic_client_test.ivy: line 310"")",/home/chris/Toward-verification-of-QUIC-extensions/installer/TVOQE/results/errors/client/local/quant-client-2/temp/858/quic_client_test_accept_maxdata0.iev,0.0,0.0
607," /home/chris/TVOQE_UPGRADE_27/quic/quant/Debug/bin/client -c false -r 20 -l /home/chris/secret.log -q /home/chris/qlog_quant -t 3600 -v 5 -e 0xff00001d https://localhost:4443/index.html
",client,quic_client_test_tp_acticoid_error0,,,/home/chris/Toward-verification-of-QUIC-extensions/installer/TVOQE/results/errors/client/local/quant-client-2/temp/538/quic_client_test_tp_acticoid_error0.iev,0.0,1.0
608," /home/chris/TVOQE_UPGRADE_27/quic/quant/Debug/bin/client -c false -r 20 -l /home/chris/secret.log -q /home/chris/qlog_quant -t 3600 -v 5 -e 0xff00001d https://localhost:4443/index.html
",client,quic_client_test_tp_error0,,"timeout+< undecryptable_packet_event({protocol:udp,addr:0x7f000001,port:0x8f39},{protocol:udp,addr:0x7f000001,port:0x115b},[0xc7,0xff,0,0,0x1d,0x11,0x79,0x21,0x29,0xa8,0x4,0xb9,0x7e,0x70,0xf5,0xa0,0x57,0x7e,0x73,0xf7,0x4e,0x32,0x1c,0x4,0x9b,0x9,0xd7,0x69,0,0x44,0x91,0x55,0xb1,0x48,0xfa,0xc1,0x27,0x2b,0x73,0x5f,0x55,0x1e,0x59,0x5,0x76,0xa5,0x8a,0x6e,0x76,0x55,0xec,0xd3,0xdf,0x72,0x3a,0x73,0xe8,0x88,0x55,0xeb,0xf,0x76,0xa0,0x1d,0x1a,0x5a,0xa,0xe0,0x7c,0x6f,0x95,0xaa,0x5c,0xd0,0xd9,0x78,0xb2,0x65,0x5e,0x13,0xa8,0x10,0x1b,0x1e,0x1,0x61,0x1f,0x35,0xdb,0x61,0x23,0x65,0x64,0x16,0x50,0xfe,0xfe,0x20,0x8b,0x95,0x2b,0xfd,0x46,0xc9,0x1f,0x64,0xa9,0x2e,0x65,0xa5,0xf,0x7,0x67,0x9c,0x21,0x3c,0xb0,0x3c,0xc3,0xad,0x5,0xfb,0xd3,0xc7,0x34,0xd4,0x7a,0xb9,0xfb,0x77,0x49,0xc3,0xa8,0x42,0x3e,0x24,0x41,0x39,0x95,0x51,0x89,0x8c,0x8d,0x1c,0x34,0x2f,0xd1,0xb1,0xa7,0x18,0xcb,0x43,0x17,0xe6,0x62,0x38,0x37,0xff,0xc6,0xe0,0x76,0x20,0xa5,0x9f,0xc4,0x2f,0x27,0x41,0x95,0x32,0x35,0xc,0x16,0x10,0x97,0xf6,0xec,0x3a,0xb9,0x15,0xae,0x31,0x95,0x2b,0x98,0x2c,0x98,0x2f,0x2c,0xa2,0xe8,0x4f,0x94,0xbb,0x2a,0x4b,0x6e,0xe7,0x20,0x9d,0xb5,0xf4,0x36,0xda,0x60,0x6e,0x1d,0x4b,0x50,0x2b,0x4b,0x14,0xe2,0x97,0xda,0xf3,0x9b,0x10,0xbf,0x86,0x6a,0x19,0xfe,0x9e,0x56,0x1a,0xcb,0x2c,0x2c,0xd4,0xf7,0xce,0x46,0xd2,0xc6,0x23,0x9,0x41,0x4a,0x5e,0x24,0xad,0xe5,0x7c,0xd3,0x74,0xec,0x41,0x95,0x66,0xed,0xa7,0x24,0x5e,0x3a,0x93,0x84,0xac,0x8c,0x77,0x63,0xb0,0xd6,0xfe,0x1b,0x7d,0x78,0xed,0xb5,0xa2,0x73,0x5,0x4b,0xd6,0xf8,0xca,0x77,0xdc,0x52,0xbd,0x9d,0xda,0xcc,0xa0,0x79,0x8e,0xe5,0x96,0xbd,0x99,0x31,0x72,0x60,0x6,0x78,0xf0,0x99,0x81,0xd1,0x6e,0x32,0xd8,0xa6,0x67,0xd7,0x61,0x7d,0xfb,0x49,0xa2,0x53,0xd8,0xb5,0x98,0xbb,0xbc,0x82,0xf2,0x33,0xa6,0xdd,0x7e,0x54,0x18,0x84,0x1,0x94,0x31,0x9c,0x8f,0x6f,0x7a,0x84,0xc2,0x1a,0xe4,0xa7,0xcd,0xa7,0x4,0x14,0x12,0x53,0x13,0x5e,0xfb,0xcc,0xd8,0xf1,0xb8,0x78,0xd1,0x60,0xc4,0x6a,0xa4,0x6e,0xd4,0x2c,0x10,0xd5,0xc,0x72,0xa6,0x76,0xb6,0x8b,0xa3,0xd7,0x9a,0x51,0xeb,0xa4,0xf5,0x9d,0xca,0x3a,0x63,0xc0,0xe,0x66,0xa3,0xda,0x24,0xfd,0x87,0xb4,0x26,0xb3,0x70,0x92,0xf3,0xc2,0x5c,0x4c,0xdb,0xfb,0xaf,0x2,0x2a,0x1e,0x9a,0x26,0x1d,0xd5,0xfb,0xa2,0x1c,0xa9,0x40,0x66,0xd,0,0x2c,0x74,0xb4,0x89,0xa4,0x79,0x29,0x15,0x85,0x21,0x6a,0x1f,0x42,0x57,0xc8,0x7a,0x59,0x60,0x26,0,0xe,0x2e,0x78,0xe7,0xb2,0xcc,0x2a,0xf9,0xd4,0xe0,0x20,0x32,0xa6,0x4b,0xbf,0xb0,0x93,0x8,0x1d,0x6f,0x57,0xbd,0x36,0x17,0x5,0xd,0x49,0x80,0xb4,0x5a,0x45,0xe0,0x91,0x44,0xe8,0x86,0xfe,0xea,0xae,0x61,0x20,0xf6,0x5f,0x3,0x97,0x6a,0xa0,0x6d,0xc9,0xac,0xe7,0x8,0xa0,0x58,0xd1,0x1a,0x67,0xe1,0xbf,0xe4,0xd5,0xbb,0xbe,0x7,0x94,0x9f,0x48,0xab,0xaa,0x7c,0xdc,0x53,0xc4,0x30,0xb9,0xe5,0x98,0x76,0x6d,0x3e,0x92,0x60,0x4a,0x2c,0x48,0x62,0x52,0x4b,0x25,0x16,0xd7,0xcf,0xdd,0x44,0x2b,0x24,0x73,0x1d,0x84,0x48,0xc4,0x5b,0x6d,0x41,0x8d,0x70,0x7b,0x88,0xe,0x45,0x24,0x95,0x7d,0x3,0xdb,0x78,0x2a,0x34,0x69,0x9c,0xc3,0xd0,0xa0,0xab,0xc5,0x79,0xf8,0x71,0xa2,0xad,0x45,0x84,0xf,0x5a,0x27,0x72,0xef,0xfa,0xb1,0x63,0x38,0xfc,0xe5,0x78,0xc5,0x4e,0x2e,0xd8,0xc4,0x2b,0xb9,0x58,0x95,0xb0,0x8,0xc0,0x24,0x89,0xd0,0x49,0xc0,0x45,0xc6,0x64,0x60,0x1a,0x34,0x2b,0x92,0x6f,0xcd,0x4c,0xa7,0xf2,0xad,0x70,0x71,0x5d,0xe8,0xec,0x61,0x7e,0x54,0x5b,0xd1,0x66,0xe2,0xa2,0x9e,0x54,0xdb,0x78,0x17,0x93,0xb5,0xc9,0x64,0x84,0x50,0x43,0x36,0x1d,0xc3,0x45,0x2c,0xf0,0x79,0x7,0x53,0x8d,0xd5,0x60,0x12,0xff,0xdb,0x40,0x77,0xb6,0x64,0xff,0x92,0x83,0x9c,0xe4,0x9f,0xbc,0xf3,0xc0,0x15,0xce,0x62,0xa9,0x70,0x2b,0x96,0xab,0xe8,0xa7,0xef,0x18,0xa9,0xe4,0xff,0xe7,0x9d,0x27,0xdb,0x9f,0x82,0x38,0x67,0x49,0xcf,0xb4,0x1f,0xc5,0x6d,0,0xf7,0x39,0x4d,0x57,0xa,0xa8,0xaa,0xae,0x63,0x76,0x7c,0xc5,0xb6,0x97,0x1f,0x64,0x49,0xb6,0xd8,0xa7,0x1e,0x91,0x74,0xc3,0xda,0x28,0xc4,0x97,0x36,0x4d,0xeb,0x50,0xb3,0xba,0x95,0x73,0x58,0xca,0x8f,0x57,0xf3,0x77,0x26,0xd3,0x42,0xda,0x5a,0x24,0x6,0x84,0x28,0x10,0xf,0x9c,0xb8,0xad,0xd8,0x4b,0xc7,0xed,0x32,0x3b,0x7f,0,0xb2,0xe0,0xd4,0x5f,0x7d,0xbd,0xef,0xf2,0xc,0xbd,0xa1,0x8d,0xfd,0x9a,0x79,0x6,0x6b,0x8a,0x4b,0x90,0x5e,0x9b,0xe5,0x2e,0x2d,0x2c,0x78,0xa9,0x8d,0xe2,0xca,0xcb,0x52,0x44,0xe5,0xe8,0xfe,0xb9,0x7b,0xbf,0x94,0x6,0x15,0x8d,0x4f,0x11,0x95,0x9a,0xd4,0x36,0xce,0xe2,0x52,0xb8,0x6a,0x4,0xd3,0xf8,0xdd,0x76,0x9f,0xc3,0xc8,0x5f,0x3d,0xda,0xfa,0xd1,0x64,0x6f,0xd3,0x1b,0xe0,0x1f,0x3f,0x5d,0x1d,0xa1,0xb,0x46,0x10,0x27,0x3e,0xb2,0xb1,0x4a,0x79,0x88,0x65,0x90,0x49,0xfb,0xcb,0x49,0x9f,0xc4,0x4b,0x50,0x31,0x8f,0xbd,0x82,0x17,0x68,0xcc,0x88,0x8f,0x5c,0x6c,0x6c,0xf5,0xc7,0xfe,0x33,0x2d,0x1,0x93,0xe8,0x81,0x49,0xbc,0xa8,0x1,0x8b,0x40,0x89,0x7c,0x18,0x6c,0xa5,0x54,0x6,0x93,0x49,0xb1,0xdc,0x7a,0x2e,0x2e,0xc3,0x72,0x18,0xba,0x21,0x8e,0xa2,0xc0,0xe,0xee,0x41,0xab,0xe,0x1d,0xf0,0x81,0xe3,0xac,0x60,0x8e,0x53,0xdf,0x1a,0x9a,0xbf,0x11,0x7b,0xb8,0x8,0xc8,0xf8,0x77,0xcf,0x1a,0x41,0x33,0x55,0x71,0x78,0xdd,0xf3,0x61,0x4f,0x64,0x7e,0x24,0xf3,0x12,0xb,0xd0,0x56,0xff,0xc7,0xe9,0x6e,0x22,0x8f,0x47,0x2e,0x6f,0x19,0x1a,0x55,0xbb,0x21,0x8d,0xf0,0x2f,0x66,0x81,0xa3,0x2b,0xaa,0xa6,0xce,0xe9,0xa,0x63,0xc7,0xfb,0xd,0xcd,0xb7,0xe8,0x54,0x5,0x96,0x32,0xd,0x5b,0xf8,0x32,0x8,0xa8,0x5,0x55,0xdf,0x5e,0x41,0xe3,0xb6,0x9a,0x82,0x29,0xcd,0xdb,0xd2,0x49,0x5a,0x9a,0x39,0x8c,0x42,0x5,0x28,0x9e,0x50,0xbd,0xe3,0xde,0xd8,0xcd,0x19,0xb0,0xd5,0x71,0x19,0xc3,0x53,0xa1,0xbc,0xa8,0x4e,0x42,0x98,0x8d,0x68,0x7e,0x8d,0x60,0xaf,0x8b,0xc8,0xd,0xa2,0xea,0x64,0x21,0x2b,0xd1,0x16,0x57,0x13,0xab,0x49,0xbd,0x2a,0x6d,0xf9,0x25,0x58,0x99,0x38,0xcb,0,0x2b,0x99,0x3c,0xfb,0x9e,0xae,0xca,0xf,0x12,0x81,0x49,0xc,0xb,0x46,0x22,0x29,0x3a,0xd2,0x9a,0xe7,0x39,0x81,0x7b,0x94,0xc7,0x78,0x41,0xd3,0x14,0xb1,0xed,0x45,0xd6,0x8f,0xa6,0xfc,0x78,0x11,0x5c,0x80,0x75,0xe6,0xc0,0xd6,0xa1,0x96,0xa0,0xef,0x8,0xde,0xbd,0xb5,0x29,0x42,0xc0,0xbf,0xa1,0x5,0x4,0x77,0x15,0xa1,0x82,0x2f,0x5,0x62,0x9,0x37,0xa6,0x8e,0x60,0x40,0x6b,0x75,0xe,0x75,0xb8,0x6d,0x6b,0xd0,0xa5,0xfc,0x4f,0xae,0x3e,0xed,0x33,0xda,0x61,0xed,0x13,0x70,0x13,0xc4,0x42,0x2d,0xde,0x59,0xd,0x8c,0xec,0x24,0x9b,0x43,0x17,0xc5,0,0x5d,0x49,0x4c,0x56,0x40,0,0x6,0x77,0xbb,0x75,0x1e,0xa2,0xa,0xb9,0xf1,0x97,0xe1,0xe2,0xf8,0xe6,0x87,0xaf,0xd,0x4a,0x4d,0xf0,0x73,0x90,0x15,0xb6,0xee,0xb3,0x51,0x2a])",/home/chris/Toward-verification-of-QUIC-extensions/installer/TVOQE/results/errors/client/local/quant-client-2/temp/359/quic_client_test_tp_error0.iev,0.0,0.0
609," /home/chris/TVOQE_UPGRADE_27/quic/quant/Debug/bin/client -c false -r 20 -l /home/chris/secret.log -q /home/chris/qlog_quant -t 3600 -v 5 -e 0xff00001d https://localhost:4443/index.html
",client,quic_client_test_retirecoid_error0,,"ivy_return_code(1)+assumption_failed(""quic_client_test_retirecoid_error.ivy: line 276"")",/home/chris/Toward-verification-of-QUIC-extensions/installer/TVOQE/results/errors/client/local/quant-client-2/temp/730/quic_client_test_retirecoid_error0.iev,0.0,0.0
610," /home/chris/TVOQE_UPGRADE_27/quic/quant/Debug/bin/client -c false -r 20 -l /home/chris/secret.log -q /home/chris/qlog_quant -t 3600 -v 5 -e 0xff00001d https://localhost:4443/index.html
",client,quic_client_test_tp_prefadd_error0,,"ivy_return_code(1)+assumption_failed(""quic_client_test_tp_prefadd_error.ivy: line 518"")",/home/chris/Toward-verification-of-QUIC-extensions/installer/TVOQE/results/errors/client/local/quant-client-2/temp/928/quic_client_test_tp_prefadd_error0.iev,0.0,0.0
611," /home/chris/TVOQE_UPGRADE_27/quic/quant/Debug/bin/client -c false -r 20 -l /home/chris/secret.log -q /home/chris/qlog_quant -t 3600 -v 5 -e 0xff00001d https://localhost:4443/index.html
",client,quic_client_test_double_tp_error0,,"ivy_return_code(1)+assumption_failed(""quic_client_test_double_tp_error.ivy: line 502"")",/home/chris/Toward-verification-of-QUIC-extensions/installer/TVOQE/results/errors/client/local/quant-client-2/temp/460/quic_client_test_double_tp_error0.iev,0.0,0.0
612," /home/chris/TVOQE_UPGRADE_27/quic/quant/Debug/bin/client -c false -r 20 -l /home/chris/secret.log -q /home/chris/qlog_quant -t 3600 -v 5 -e 0xff00001d https://localhost:4443/index.html
",client,quic_client_test_max0,,,/home/chris/Toward-verification-of-QUIC-extensions/installer/TVOQE/results/errors/client/local/quant-client-2/temp/40/quic_client_test_max0.iev,0.0,1.0
613," /home/chris/TVOQE_UPGRADE_27/quic/quant/Debug/bin/client -c false -r 20 -l /home/chris/secret.log -q /home/chris/qlog_quant -t 3600 -v 5 -e 0xff00001d https://localhost:4443/index.html
",client,quic_client_test_tp_acticoid_error0,,"ivy_return_code(1)+assumption_failed(""quic_client_test_tp_acticoid_error.ivy: line 515"")",/home/chris/Toward-verification-of-QUIC-extensions/installer/TVOQE/results/errors/client/local/quant-client-2/temp/533/quic_client_test_tp_acticoid_error0.iev,0.0,0.0
614," /home/chris/TVOQE_UPGRADE_27/quic/quant/Debug/bin/client -c false -r 20 -l /home/chris/secret.log -q /home/chris/qlog_quant -t 3600 -v 5 -e 0xff00001d https://localhost:4443/index.html
",client,quic_client_test_tp_acticoid_error0,,,/home/chris/Toward-verification-of-QUIC-extensions/installer/TVOQE/results/errors/client/local/quant-client-2/temp/589/quic_client_test_tp_acticoid_error0.iev,0.0,1.0
615," /home/chris/TVOQE_UPGRADE_27/quic/quant/Debug/bin/client -c false -r 20 -l /home/chris/secret.log -q /home/chris/qlog_quant -t 3600 -v 5 -e 0xff00001d https://localhost:4443/index.html
",client,quic_client_test_stream0,,timeout+sending id: server addr: 2130706433 port: 57373,/home/chris/Toward-verification-of-QUIC-extensions/installer/TVOQE/results/errors/client/local/quant-client-2/temp/184/quic_client_test_stream0.iev,0.0,0.0
616," /home/chris/TVOQE_UPGRADE_27/quic/quant/Debug/bin/client -c false -r 20 -l /home/chris/secret.log -q /home/chris/qlog_quant -t 3600 -v 5 -e 0xff00001d https://localhost:4443/index.html
",client,quic_client_test_tp_unkown0,,"ivy_return_code(1)+assumption_failed(""quic_client_test_tp_unkown.ivy: line 515"")",/home/chris/Toward-verification-of-QUIC-extensions/installer/TVOQE/results/errors/client/local/quant-client-2/temp/1199/quic_client_test_tp_unkown0.iev,0.0,0.0
617," /home/chris/TVOQE_UPGRADE_27/quic/quant/Debug/bin/client -c false -r 20 -l /home/chris/secret.log -q /home/chris/qlog_quant -t 3600 -v 5 -e 0xff00001d https://localhost:4443/index.html
",client,quic_client_test_tp_error0,,"timeout+< undecryptable_packet_event({protocol:udp,addr:0x7f000001,port:0xe1a7},{protocol:udp,addr:0x7f000001,port:0x115b},[0xc2,0xff,0,0,0x1d,0x12,0xb6,0x38,0x8,0x20,0x84,0x2c,0xaf,0xdf,0x1b,0xa8,0x89,0x9a,0x88,0xe6,0x34,0xe2,0x7a,0x8b,0x4,0xb4,0x61,0x92,0x4e,0,0x44,0x90,0x64,0x24,0xe1,0x94,0x5f,0x39,0xbc,0x1a,0x73,0x7f,0x85,0xb9,0x4,0xd6,0x57,0xa,0x74,0xad,0xe6,0xfc,0x38,0x3d,0x8b,0xd9,0xdd,0x4e,0x9,0x68,0x8,0xf9,0xc3,0xd1,0xe5,0xd7,0xf,0x32,0xcf,0x7b,0x31,0x46,0x58,0x28,0,0x50,0xd7,0xe5,0xfb,0xc6,0xc2,0x72,0x75,0x65,0x4,0x5e,0x4b,0x2b,0xa0,0x62,0x1e,0x2e,0xe4,0x3f,0x24,0x2b,0xa9,0x44,0xc5,0xef,0x24,0x8e,0x8c,0x9,0x6,0x34,0x70,0xb8,0x2f,0xed,0x9e,0xf,0xdf,0x62,0x1e,0xba,0x1b,0x92,0x6b,0x92,0x68,0x58,0x9c,0xe5,0xae,0x92,0xed,0x54,0x5,0xeb,0xf3,0xae,0xa5,0x5e,0x31,0x2b,0x96,0x57,0x50,0x84,0xd8,0xe6,0x40,0xe,0xdb,0x68,0xa4,0xfb,0x8a,0xf7,0x96,0xdd,0xd5,0x98,0x75,0x9,0x20,0xa7,0x24,0xae,0x84,0xa4,0x2e,0xdf,0x4d,0x24,0xde,0xb,0x1c,0x95,0x7d,0xd4,0x3d,0x34,0xbb,0x5,0xf2,0xa6,0x4d,0xe3,0x91,0x36,0xa1,0xe7,0xc8,0xf6,0xf1,0x89,0xca,0xb3,0xde,0xdc,0xde,0x6,0x9a,0xd,0x58,0x5c,0xa6,0xc8,0xbe,0x9d,0xa8,0xf0,0xbf,0x6e,0x25,0xd1,0x94,0xb4,0xa1,0xfc,0x23,0xc4,0x55,0x12,0x69,0xa4,0x39,0xe1,0x58,0xd7,0x44,0xaf,0xf5,0xd0,0xa5,0x60,0x31,0xfc,0xff,0x1b,0x53,0x84,0xce,0x28,0x2a,0x43,0xb,0x5a,0x9a,0xd8,0xab,0x3b,0x6b,0x10,0x9b,0xc8,0x87,0x95,0x5a,0x9d,0x9a,0x99,0xed,0xbd,0x5d,0x6e,0xe6,0x40,0x19,0xb5,0xda,0x4f,0xbd,0xac,0x53,0x3,0xc4,0x12,0xa7,0x44,0xf1,0x15,0xcc,0x2b,0x65,0xc6,0x98,0x90,0xee,0x56,0xa3,0x9,0xb,0xba,0xfc,0xc6,0x15,0x97,0xd5,0xd1,0xd3,0xd6,0xf3,0xdc,0xf0,0x19,0x7,0xb9,0x4e,0x73,0x19,0x54,0x72,0x3,0x2b,0x36,0xf4,0x25,0x3,0x24,0x55,0x73,0x46,0x52,0xd9,0x96,0xa0,0xfc,0x18,0x4f,0x52,0x38,0xaa,0x24,0xd,0xe,0xca,0x81,0x1,0xbb,0x79,0x2b,0x4b,0xd0,0x4c,0x7d,0x18,0xed,0x1d,0x4f,0xec,0x8b,0x97,0x6c,0xc9,0x5a,0xed,0x97,0x37,0xfd,0xd1,0x76,0x3d,0xc4,0x3e,0xc,0xeb,0xa5,0x3d,0xab,0x7d,0xb,0xd,0xa0,0x48,0x6d,0xd1,0x43,0xf9,0x54,0xf7,0x1c,0xd2,0x85,0x90,0xf8,0x92,0x8c,0x86,0xf4,0x25,0x79,0x4f,0xf8,0x36,0x2c,0x39,0xb1,0xb2,0xb8,0xdd,0x69,0xf0,0x48,0xe6,0x33,0x4e,0xd9,0xce,0xcd,0x6,0xdc,0xe5,0xa3,0x34,0xfb,0xfa,0x2b,0xc6,0x78,0x24,0x58,0x25,0xf2,0x6c,0xb7,0x4f,0xee,0x86,0x6f,0x44,0xe8,0x6a,0x4,0x6a,0xc3,0xc3,0x38,0x6,0x8c,0x34,0xcc,0x67,0xf4,0x13,0xd6,0xaf,0x2a,0x63,0x5c,0xa0,0xd5,0x15,0xb8,0xac,0xe4,0xca,0xa0,0x34,0x42,0xdd,0x13,0xf4,0x74,0x65,0x68,0xda,0xe2,0x3b,0xa,0x5c,0x54,0x94,0x61,0x42,0x7,0x6b,0x71,0x30,0x45,0xf1,0x83,0x8e,0xf6,0x77,0x1d,0x4d,0x78,0x39,0x58,0x9e,0x1d,0x63,0x82,0x76,0x31,0xc5,0xa1,0x61,0xb9,0xf2,0xf6,0x60,0xe8,0x30,0x9,0x6b,0xbf,0x51,0x62,0xe,0xeb,0xa3,0x2,0xb5,0x73,0x85,0x56,0x40,0xba,0xc4,0x6b,0x5,0x47,0xfb,0x5c,0x58,0xef,0x1,0xf5,0xae,0xa5,0x3d,0x68,0x4f,0xf9,0x14,0x4d,0x90,0x28,0x3f,0xa7,0x74,0x3e,0xbc,0x99,0x8a,0x73,0x63,0xce,0x82,0x5a,0x3,0x57,0x3f,0xaf,0xb6,0x10,0x28,0x9f,0xf1,0xf3,0x54,0x4b,0xe2,0xd6,0xfe,0xe8,0x80,0x6a,0x80,0xb7,0xfa,0x19,0xdd,0x89,0x69,0xa9,0xc8,0x75,0x2d,0x25,0xee,0xe,0x40,0xee,0x16,0xab,0x10,0x12,0x69,0xdd,0xb0,0x39,0x79,0x47,0x19,0x5c,0xd6,0x6b,0x2,0x40,0x31,0x95,0x55,0x87,0xd6,0x87,0xc6,0x36,0xf8,0x41,0xaa,0x58,0x7a,0x21,0xbb,0xa9,0x15,0x4e,0x87,0xb5,0x40,0x8f,0xb5,0x33,0x29,0xfe,0x2d,0xec,0x8e,0xe6,0xeb,0xed,0x5c,0x76,0xf4,0xdd,0xdf,0xb4,0x62,0xf6,0xde,0xf6,0xce,0x83,0x88,0x99,0x36,0x86,0x64,0xd3,0x97,0xdd,0x5e,0xcf,0x12,0x3f,0xfd,0x25,0x8a,0xcf,0x29,0xef,0x13,0xec,0x17,0xc9,0x16,0xcc,0x4c,0x75,0x85,0x27,0xe,0x7d,0x46,0x66,0xb2,0x97,0x3d,0xa9,0xa4,0xc2,0x5b,0xa,0x5,0x1e,0x58,0x1c,0xf0,0xde,0xab,0x38,0xa5,0x7e,0x9d,0xc6,0xf7,0x87,0x12,0x82,0x78,0xdc,0xe9,0x96,0x9e,0x85,0xfe,0x4d,0x13,0x68,0xcb,0x8b,0xd9,0x8d,0,0xa3,0xfa,0xc3,0x7c,0x5a,0x60,0x28,0x51,0xb7,0x88,0xf6,0x32,0xcc,0xf7,0xcf,0x6e,0x52,0xc5,0xdf,0x98,0x6e,0x31,0xe3,0xf3,0xdd,0xfd,0x63,0xe9,0xea,0xfd,0x60,0x5e,0x86,0xb2,0x2e,0x73,0xfe,0x41,0x3a,0x2e,0xc,0x39,0xe0,0xd8,0x6c,0x4d,0xa2,0x54,0xd6,0x7f,0x98,0x36,0x5b,0x26,0xaf,0x3b,0xc3,0x16,0x99,0,0x95,0xe9,0x81,0x67,0xc1,0x1c,0x32,0x86,0xb0,0x8d,0x90,0xd0,0x86,0xa8,0x92,0xa,0xff,0xe3,0x16,0xa6,0xf8,0xd4,0xa9,0xa9,0x94,0x37,0x4e,0xb0,0xcb,0x68,0xae,0x6f,0x98,0xd,0x4d,0xf2,0xe5,0x63,0x28,0x8f,0x99,0xef,0xe9,0xb,0x76,0x1f,0xde,0x39,0xa6,0xca,0xbc,0xd3,0x5d,0xef,0x8f,0xd5,0x76,0x64,0xfb,0xb3,0xc6,0xf6,0xd,0xb6,0x17,0x2f,0xc4,0xad,0xb2,0x10,0xb0,0xd8,0x6a,0x6d,0x6b,0x7d,0xa,0xee,0xf9,0x35,0x20,0xd9,0x8d,0x14,0xb4,0xb7,0x5e,0xc5,0xd1,0x19,0x35,0xf7,0x62,0x96,0xf1,0xa6,0xaa,0x12,0xb1,0xb2,0xb1,0x91,0x3d,0x19,0x8b,0xa2,0x8c,0xaa,0xe5,0x6f,0xbd,0x88,0xf1,0x92,0x85,0xd8,0xba,0xf4,0xcd,0x86,0xa1,0x70,0x2b,0x6,0x40,0x5e,0xed,0xe6,0x3a,0x8c,0x3e,0x87,0xd4,0x81,0x4c,0xa6,0x3a,0x5,0x90,0x7d,0xf,0x46,0xb8,0x2,0xb3,0x80,0x35,0xa3,0x5f,0x2b,0x64,0xc4,0x30,0x54,0xc2,0x3c,0x78,0xc3,0x3c,0xec,0xe2,0xdd,0x8c,0x1a,0x8b,0xf9,0x1,0x73,0xf4,0x2f,0x20,0x17,0xb2,0x65,0xc5,0xd1,0x1a,0xf2,0x81,0xef,0x11,0xc3,0xad,0xfa,0x4e,0xeb,0xcd,0xb2,0x75,0x44,0x68,0x94,0x3,0x31,0x39,0x92,0x5c,0xbe,0xa9,0x78,0x96,0xf4,0xf8,0xfa,0x1b,0x94,0xc4,0x8b,0xf4,0x5e,0x7b,0x71,0x57,0xc5,0xbf,0x9b,0xca,0xa4,0xf9,0x1d,0xb,0x3,0x37,0x8a,0xdb,0x30,0x5a,0x99,0x6a,0x68,0xb,0xa9,0x22,0xb5,0xe8,0x67,0x55,0x58,0x98,0xcd,0xa3,0x6b,0xf4,0x20,0xe8,0x2,0xa6,0x43,0xbe,0x58,0x92,0xc0,0x6,0x7d,0xcd,0x14,0x88,0xcd,0x97,0x77,0x8f,0x1c,0xfb,0xad,0xc4,0xe0,0x44,0x1a,0xe7,0x92,0x66,0x3e,0xcd,0x9f,0xa8,0xac,0x2c,0xd5,0xbc,0x2d,0xc1,0x2c,0x2d,0x85,0x38,0xe0,0xe5,0xa,0x25,0x66,0x46,0x83,0xb0,0x9,0xef,0xb7,0x7b,0x2a,0xcd,0x69,0x7f,0x92,0xc3,0x2a,0xc1,0xcf,0xf6,0xe4,0x7d,0xd8,0xbe,0xc9,0x69,0xaa,0xf9,0x38,0xf2,0x99,0xac,0x2,0x31,0x9c,0xa4,0xc2,0xc,0x32,0x4a,0xe,0x79,0xdc,0xe7,0x6d,0x45,0x64,0x5b,0x32,0x14,0xae,0xa7,0xdb,0xa0,0xc3,0xdc,0x9d,0xf5,0x5,0x41,0xab,0xd3,0x2c,0xd7,0x64,0x79,0xad,0x58,0xa8,0x80,0xf8,0x15,0xd9,0xef,0x22,0x40,0xfa,0xc7,0xbc,0x62,0x7d,0x7e,0x2,0x4d,0x55,0xea,0x89,0x4f,0xf6,0xe8,0x8c,0x56,0x35,0x18,0xfa,0x1f,0x10,0xb8,0xbf,0xef,0xb7,0xc6,0x71,0x94,0xa,0x6b,0xfc,0x4,0x70,0xbd,0xfa,0xb7,0x15,0x57,0xd2,0x72,0xa1,0x11,0x5,0xd4,0x1e,0x4,0x7e,0x95,0xf0,0x22,0x3a,0xb9,0x57,0x57,0x81,0x55,0xed,0xcb,0x54,0xb6,0xcc,0xd9,0x59,0xb4,0xc3,0x3e,0x8b,0x39])",/home/chris/Toward-verification-of-QUIC-extensions/installer/TVOQE/results/errors/client/local/quant-client-2/temp/340/quic_client_test_tp_error0.iev,0.0,0.0
618," /home/chris/TVOQE_UPGRADE_27/quic/quant/Debug/bin/client -c false -r 20 -l /home/chris/secret.log -q /home/chris/qlog_quant -t 3600 -v 5 -e 0xff00001d https://localhost:4443/index.html
",client,quic_client_test_limit_max_error0,,"ivy_return_code(1)+assumption_failed(""quic_client_test_limit_max_error.ivy: line 504"")",/home/chris/Toward-verification-of-QUIC-extensions/installer/TVOQE/results/errors/client/local/quant-client-2/temp/1230/quic_client_test_limit_max_error0.iev,0.0,0.0
619," /home/chris/TVOQE_UPGRADE_27/quic/quant/Debug/bin/client -c false -r 20 -l /home/chris/secret.log -q /home/chris/qlog_quant -t 3600 -v 5 -e 0xff00001d https://localhost:4443/index.html
",client,quic_client_test_retirecoid_error0,,"ivy_return_code(1)+assumption_failed(""quic_client_test_retirecoid_error.ivy: line 276"")",/home/chris/Toward-verification-of-QUIC-extensions/installer/TVOQE/results/errors/client/local/quant-client-2/temp/750/quic_client_test_retirecoid_error0.iev,0.0,0.0
620," /home/chris/TVOQE_UPGRADE_27/quic/quant/Debug/bin/client -c false -r 20 -l /home/chris/secret.log -q /home/chris/qlog_quant -t 3600 -v 5 -e 0xff00001d https://localhost:4443/index.html
",client,quic_client_test_stream0,,timeout+sending id: server addr: 2130706433 port: 40118,/home/chris/Toward-verification-of-QUIC-extensions/installer/TVOQE/results/errors/client/local/quant-client-2/temp/147/quic_client_test_stream0.iev,0.0,0.0
621," /home/chris/TVOQE_UPGRADE_27/quic/quant/Debug/bin/client -c false -r 20 -l /home/chris/secret.log -q /home/chris/qlog_quant -t 3600 -v 5 -e 0xff00001d https://localhost:4443/index.html
",client,quic_client_test_new_token_error0,,ivy_return_code(134)+ivy_binary_deser_128 getn deser_err,/home/chris/Toward-verification-of-QUIC-extensions/installer/TVOQE/results/errors/client/local/quant-client-2/temp/1379/quic_client_test_new_token_error0.iev,0.0,0.0
622," /home/chris/TVOQE_UPGRADE_27/quic/quant/Debug/bin/client -c false -r 20 -l /home/chris/secret.log -q /home/chris/qlog_quant -t 3600 -v 5 -e 0xff00001d https://localhost:4443/index.html
",client,quic_client_test_double_tp_error0,,server_return_code(1)+ivy_return_code(1),/home/chris/Toward-verification-of-QUIC-extensions/installer/TVOQE/results/errors/client/local/quant-client-2/temp/408/quic_client_test_double_tp_error0.iev,0.0,0.0
623," /home/chris/TVOQE_UPGRADE_27/quic/quant/Debug/bin/client -c false -r 20 -l /home/chris/secret.log -q /home/chris/qlog_quant -t 3600 -v 5 -e 0xff00001d https://localhost:4443/index.html
",client,quic_client_test_double_tp_error0,,"ivy_return_code(1)+assumption_failed(""quic_client_test_double_tp_error.ivy: line 502"")",/home/chris/Toward-verification-of-QUIC-extensions/installer/TVOQE/results/errors/client/local/quant-client-2/temp/425/quic_client_test_double_tp_error0.iev,0.0,0.0
624," /home/chris/TVOQE_UPGRADE_27/quic/quant/Debug/bin/client -c false -r 20 -l /home/chris/secret.log -q /home/chris/qlog_quant -t 3600 -v 5 -e 0xff00001d https://localhost:4443/index.html
",client,quic_client_test_stream0,,"timeout+< undecryptable_packet_event({protocol:udp,addr:0x7f000001,port:0x9851},{protocol:udp,addr:0x7f000001,port:0x115b},[0xca,0xff,0,0,0x1d,0x13,0xf8,0xf4,0x92,0x5,0xae,0xbc,0x7,0xd4,0xb3,0x83,0xa,0x58,0x9f,0xaf,0x44,0x5a,0x25,0x9d,0x6b,0x4,0xb,0x3f,0x61,0x18,0,0x44,0x8f,0x7,0x2a,0xe0,0x80,0xca,0x45,0xc8,0xcf,0x2d,0x7d,0xac,0xb1,0x60,0x9c,0xec,0x42,0xcb,0x61,0x46,0xd0,0xfc,0xee,0x6e,0xd4,0x29,0x46,0x37,0xaa,0x9a,0x3f,0x6e,0xf5,0x21,0x7d,0x55,0x4a,0x8a,0xb2,0xcf,0xbd,0x59,0xed,0xa8,0xba,0x19,0x43,0xb5,0x86,0xba,0x9b,0x4c,0x2b,0x34,0xbc,0xe6,0x8c,0x1c,0x2b,0x59,0x9a,0x9,0x98,0x76,0xfb,0x85,0x8d,0x3c,0x1c,0xbb,0x1e,0xdb,0xfa,0x3f,0xa6,0x1,0x7c,0x11,0x7e,0xbe,0x49,0x53,0x3b,0x35,0x6b,0xd6,0x5e,0xce,0x55,0x74,0x30,0x9e,0xa0,0x84,0xfd,0x9,0x16,0x74,0xeb,0xa7,0x7f,0x7c,0xa5,0xd5,0xad,0x9a,0xcb,0xb3,0x2f,0x1d,0x31,0xf2,0x47,0xb6,0xfb,0xeb,0x2d,0xaf,0x3c,0xc,0xb9,0xc5,0x4d,0xb4,0xaa,0x36,0x7,0x9c,0x77,0x61,0xc7,0xfd,0xa5,0x92,0xd8,0x25,0xd5,0x2d,0x35,0xfa,0x2f,0xaa,0xaa,0x12,0x35,0x9e,0xe0,0xc9,0x8b,0x5f,0xc5,0xb,0x1a,0x8c,0xa0,0xd1,0xcf,0x42,0x8f,0xf6,0x87,0xb2,0xdf,0x6c,0x34,0xee,0x31,0x98,0xd8,0xb4,0x7,0x12,0x82,0x2a,0x2e,0xc8,0x5b,0xe0,0xd2,0x70,0x15,0x7d,0x8d,0xe7,0x3c,0x68,0xa0,0xf0,0x17,0xb2,0x23,0xc8,0xf7,0x21,0xa2,0x8c,0xe5,0x51,0x98,0x20,0x3e,0x5b,0xca,0xba,0xae,0xcd,0xfa,0x94,0x42,0x49,0x6e,0x3b,0x2a,0xa,0x11,0xdb,0xa2,0xd3,0xed,0x21,0x82,0x9a,0x8e,0xa2,0xe3,0xf9,0xbc,0x51,0xe7,0xab,0xe,0x56,0xe7,0x7a,0xcb,0xe6,0xe1,0xad,0x95,0x1f,0x89,0x41,0x90,0x73,0xd9,0x5,0xe5,0x3b,0xcf,0x97,0xa4,0xdc,0x27,0x55,0x57,0xd9,0x15,0xb0,0xf3,0x41,0x21,0x95,0xcd,0x23,0x47,0x53,0xd,0xbe,0xa5,0x8b,0x41,0x8b,0x40,0x79,0x37,0x96,0x3,0x14,0x67,0x7e,0x86,0x70,0x33,0xfe,0x7e,0x1c,0xe6,0xe5,0xf,0x3f,0x19,0xda,0xa9,0x75,0x53,0xaa,0xce,0x48,0x23,0xbd,0x8f,0x9d,0x68,0x46,0x54,0xc6,0x1d,0xa7,0x2a,0x2b,0x4,0x4c,0x34,0xc6,0xc2,0x47,0x88,0x80,0xd4,0xb2,0x46,0x56,0x4b,0x22,0xa0,0x75,0x99,0xf4,0xb8,0x63,0x5d,0xee,0xaa,0x4d,0x9,0xdf,0x7c,0x2a,0x4b,0x4a,0x1b,0x4,0x89,0x95,0xa4,0x36,0x96,0xe0,0x91,0x37,0x94,0x6a,0x27,0x92,0xf9,0x83,0xb3,0x31,0xf9,0xb9,0x52,0x37,0x7b,0x18,0x52,0x5d,0xed,0x99,0x73,0x30,0x92,0x74,0xaa,0xda,0x76,0xfd,0x28,0x46,0xe8,0xcc,0x57,0xc7,0xca,0xfa,0xb,0xd4,0xc2,0x66,0x26,0x4f,0xbc,0xde,0x64,0x42,0xfb,0x23,0x75,0x33,0x8,0x5,0xed,0x68,0x5,0xbf,0x6a,0x3f,0x5c,0x1a,0x86,0x37,0xcc,0xa0,0x4b,0x11,0x8a,0x11,0x57,0x5b,0xe1,0xad,0x47,0x3,0x14,0xc,0x6,0x4a,0x54,0x8c,0x95,0x8f,0x4e,0xb7,0xb4,0xb7,0xd7,0xb4,0xa5,0xff,0xb,0xfb,0x6a,0x28,0x2d,0xf7,0xc0,0xa4,0xd9,0xfd,0xc6,0x23,0xd8,0x17,0x77,0x2d,0xd9,0x88,0xa5,0xd2,0xeb,0x4,0x5d,0xf5,0x16,0xc1,0x5b,0x30,0xd3,0x86,0x34,0xbd,0xa0,0x90,0x81,0xcd,0xd8,0xf1,0xb8,0x98,0xd1,0xc6,0xf2,0x81,0xf5,0xf4,0xb1,0x6a,0xe7,0x1,0x1a,0xa3,0xde,0xd5,0xfc,0xe7,0x53,0x55,0x59,0xe8,0xb5,0x55,0x3a,0x6,0xc2,0x37,0x6a,0x58,0x30,0x23,0x53,0xc4,0xc2,0xa2,0x62,0x52,0x59,0xd,0x7d,0x70,0x32,0xc5,0xe9,0x9f,0x32,0x87,0xf7,0xed,0x77,0x12,0x11,0x3b,0x47,0x83,0xd2,0x1a,0x61,0xf5,0x1e,0xa4,0xf5,0xf6,0x69,0xa8,0xff,0xd8,0x6,0x21,0xbb,0xb8,0x1b,0x74,0xb6,0x6b,0xc2,0x87,0x4b,0xa5,0x80,0x1c,0xf5,0xb0,0x4c,0x59,0x39,0x77,0x52,0x9b,0xb6,0x78,0x55,0x2a,0xf4,0x1f,0xd3,0x53,0x11,0xac,0xe0,0xbd,0x31,0x2f,0x6,0x8a,0xaf,0x14,0x39,0x3d,0x4b,0xf6,0x40,0xc8,0xd6,0xe8,0xf3,0x6,0x8,0xb5,0x2c,0xaa,0x2,0x5c,0xf6,0x38,0xaa,0x86,0x46,0x1e,0x18,0xdf,0x2e,0x39,0x4f,0xe1,0xf3,0x94,0xfd,0xdc,0xa,0xfd,0x59,0xe1,0x8e,0x15,0xcd,0xe8,0xa3,0xab,0xf8,0xf1,0x6,0xa9,0x16,0x18,0x3b,0x4a,0x2b,0x44,0x3,0xbc,0x99,0xd3,0x36,0x9,0x77,0xb3,0x6b,0x8b,0x32,0xf5,0xd1,0x35,0x7b,0xd2,0xca,0xbf,0x41,0x23,0x8a,0x40,0xb1,0x69,0x2,0x9a,0xe,0x12,0xdf,0x22,0xbb,0x67,0xfe,0x98,0x8c,0x66,0xf,0x48,0x2a,0x92,0x94,0xf,0xba,0,0xcf,0x21,0x6,0x28,0x65,0x8e,0x54,0xf8,0x76,0xe3,0xf3,0xa2,0x39,0xf4,0xd3,0xb5,0xfc,0xb8,0xa9,0xe0,0x81,0x5d,0xde,0xba,0x5b,0xa4,0x31,0x91,0xf6,0xe1,0xd3,0x59,0x68,0x85,0x90,0xc3,0x6e,0x1d,0x36,0x5a,0x4e,0x8c,0x42,0xa4,0x8e,0x2c,0xb5,0x45,0x97,0xae,0xf2,0xc8,0x7,0x1d,0x30,0x57,0x35,0xff,0xcd,0xbd,0x6,0x29,0xd6,0x59,0xa7,0x98,0x6f,0x5,0xfe,0x9a,0x31,0x25,0xe6,0xb6,0xda,0x5,0x6b,0x16,0x54,0xbb,0xd6,0xc6,0x4c,0x55,0x9b,0x57,0xb0,0xd0,0x42,0xcd,0xf3,0xe2,0xdd,0xe6,0xa9,0x30,0x9,0xd5,0x4,0x2,0x27,0xef,0x5d,0x25,0x8f,0x57,0x87,0x22,0x7c,0x71,0xb7,0x93,0x70,0x77,0x61,0xf3,0xdd,0xff,0x20,0x20,0xc2,0xb5,0x92,0x65,0x82,0xf9,0xe8,0x50,0xa2,0x1c,0x84,0x76,0x9f,0xc5,0x14,0x9f,0x85,0x9b,0x63,0x66,0x24,0xcb,0x75,0x3a,0xf7,0x42,0xf8,0xca,0x60,0xff,0xb7,0x86,0x8a,0x3a,0x36,0x4a,0x5d,0x97,0xf5,0x7b,0xc0,0xff,0xda,0xed,0xee,0xbd,0x53,0x3f,0xfb,0xc0,0x84,0x98,0xb3,0xaf,0xe5,0xe4,0x9f,0x56,0xa2,0x4b,0x7e,0xec,0xf7,0xa0,0xcd,0x4f,0x54,0xf9,0xed,0x37,0x90,0xf,0xf9,0x89,0xcb,0xd4,0x11,0x68,0xed,0xb7,0xb4,0x21,0x8c,0x8c,0x38,0x66,0xae,0xef,0xba,0x39,0x79,0xf0,0xd3,0xe0,0xdc,0xcc,0x11,0x3a,0x7d,0x25,0x2a,0xe4,0x43,0xac,0x96,0xfb,0x3e,0xaf,0xc1,0x35,0x6,0xcc,0x22,0xdf,0xe,0xe0,0x9d,0x11,0x3a,0xfc,0x2b,0x7,0x28,0xd,0xb6,0xba,0x6e,0xb2,0xa4,0xd7,0xf3,0xa,0xd7,0x4a,0xfe,0x1b,0x86,0xa5,0xad,0xef,0x56,0xd9,0xf9,0x4,0x50,0x19,0x22,0xcd,0xee,0xb3,0x8a,0x3f,0x5c,0xeb,0x1d,0xae,0x79,0x1a,0xc3,0,0x5e,0x59,0x45,0x99,0xdb,0x21,0xa2,0x6a,0x5d,0x91,0x13,0x20,0xb3,0xff,0x3c,0xfd,0xa1,0x1f,0x71,0xc9,0x39,0xa4,0x1,0x95,0xc,0x62,0x30,0x30,0x89,0xf6,0x2,0x21,0xe1,0xa7,0xdc,0xdd,0xf2,0x18,0xff,0x73,0x27,0xcc,0x58,0x9,0x78,0xf6,0x8e,0x1,0x71,0xb6,0xb7,0xe6,0x50,0x87,0x22,0x22,0x51,0x28,0x31,0xa6,0x35,0x1c,0xb2,0x15,0x3d,0x9b,0x73,0xf5,0xf5,0x92,0xac,0x7d,0x73,0x71,0x8a,0,0x13,0xfa,0x25,0xf0,0x20,0x9,0xab,0x20,0xf0,0x69,0x20,0xc8,0x3c,0x32,0x22,0x3e,0x52,0x99,0x93,0x5c,0x92,0x35,0xbb,0xc7,0xbe,0xb0,0xbb,0x89,0x7c,0xb9,0xb0,0x33,0xa5,0x7b,0xc1,0x7,0x53,0x47,0x79,0x4a,0x3,0x6f,0xb9,0xa1,0x3c,0xc8,0x4a,0x63,0x5f,0xd6,0xe0,0x81,0x9d,0x67,0xcb,0xa1,0x7a,0xe4,0xb7,0xd3,0x4c,0x6a,0x28,0xec,0xdb,0xd7,0x48,0x28,0x9b,0xf1,0x2b,0x71,0xa5,0x6a,0x81,0x52,0x23,0xe2,0x6d,0x1c,0x94,0x5a,0xe0,0x9c,0xef,0x65,0x1,0x78,0xd6,0xb0,0xc8,0xff,0xa1,0x7b,0x63,0x8a,0x57,0x31,0x72,0x7b,0xa3,0x18,0x40,0xda,0x71,0x53,0xb6,0x6a,0x8,0x47,0x60,0x82,0x2,0x59,0x3d,0xf6,0x1f,0x64,0x16,0x28,0x22,0xe9,0x13,0x2d,0x7b,0x2,0x70,0xc7,0x78,0xc2,0x57,0x2b])",/home/chris/Toward-verification-of-QUIC-extensions/installer/TVOQE/results/errors/client/local/quant-client-2/temp/133/quic_client_test_stream0.iev,0.0,0.0
625," /home/chris/TVOQE_UPGRADE_27/quic/quant/Debug/bin/client -c false -r 20 -l /home/chris/secret.log -q /home/chris/qlog_quant -t 3600 -v 5 -e 0xff00001d https://localhost:4443/index.html
",client,quic_client_test_retirecoid_error0,,"ivy_return_code(1)+assumption_failed(""quic_client_test_retirecoid_error.ivy: line 276"")",/home/chris/Toward-verification-of-QUIC-extensions/installer/TVOQE/results/errors/client/local/quant-client-2/temp/706/quic_client_test_retirecoid_error0.iev,0.0,0.0
626," /home/chris/TVOQE_UPGRADE_27/quic/quant/Debug/bin/client -c false -r 20 -l /home/chris/secret.log -q /home/chris/qlog_quant -t 3600 -v 5 -e 0xff00001d https://localhost:4443/index.html
",client,quic_client_test_max0,,,/home/chris/Toward-verification-of-QUIC-extensions/installer/TVOQE/results/errors/client/local/quant-client-2/temp/8/quic_client_test_max0.iev,0.0,1.0
627," /home/chris/TVOQE_UPGRADE_27/quic/quant/Debug/bin/client -c false -r 20 -l /home/chris/secret.log -q /home/chris/qlog_quant -t 3600 -v 5 -e 0xff00001d https://localhost:4443/index.html
",client,quic_client_test_accept_maxdata0,,,/home/chris/Toward-verification-of-QUIC-extensions/installer/TVOQE/results/errors/client/local/quant-client-2/temp/862/quic_client_test_accept_maxdata0.iev,0.0,1.0
628," /home/chris/TVOQE_UPGRADE_27/quic/quant/Debug/bin/client -c false -r 20 -l /home/chris/secret.log -q /home/chris/qlog_quant -t 3600 -v 5 -e 0xff00001d https://localhost:4443/index.html
",client,quic_client_test_accept_maxdata0,,,/home/chris/Toward-verification-of-QUIC-extensions/installer/TVOQE/results/errors/client/local/quant-client-2/temp/841/quic_client_test_accept_maxdata0.iev,0.0,1.0
629," /home/chris/TVOQE_UPGRADE_27/quic/quant/Debug/bin/client -c false -r 20 -l /home/chris/secret.log -q /home/chris/qlog_quant -t 3600 -v 5 -e 0xff00001d https://localhost:4443/index.html
",client,quic_client_test_retirecoid_error0,,"ivy_return_code(1)+assumption_failed(""quic_client_test_retirecoid_error.ivy: line 276"")",/home/chris/Toward-verification-of-QUIC-extensions/installer/TVOQE/results/errors/client/local/quant-client-2/temp/757/quic_client_test_retirecoid_error0.iev,0.0,0.0
630," /home/chris/TVOQE_UPGRADE_27/quic/quant/Debug/bin/client -c false -r 20 -l /home/chris/secret.log -q /home/chris/qlog_quant -t 3600 -v 5 -e 0xff00001d https://localhost:4443/index.html
",client,quic_client_test_max0,,,/home/chris/Toward-verification-of-QUIC-extensions/installer/TVOQE/results/errors/client/local/quant-client-2/temp/53/quic_client_test_max0.iev,0.0,1.0
631," /home/chris/TVOQE_UPGRADE_27/quic/quant/Debug/bin/client -c false -r 20 -l /home/chris/secret.log -q /home/chris/qlog_quant -t 3600 -v 5 -e 0xff00001d https://localhost:4443/index.html
",client,quic_client_test_ext_min_ack_delay0,,,/home/chris/Toward-verification-of-QUIC-extensions/installer/TVOQE/results/errors/client/local/quant-client-2/temp/290/quic_client_test_ext_min_ack_delay0.iev,0.0,1.0
632," /home/chris/TVOQE_UPGRADE_27/quic/quant/Debug/bin/client -c false -r 20 -l /home/chris/secret.log -q /home/chris/qlog_quant -t 3600 -v 5 -e 0xff00001d https://localhost:4443/index.html
",client,quic_client_test_tp_acticoid_error0,,,/home/chris/Toward-verification-of-QUIC-extensions/installer/TVOQE/results/errors/client/local/quant-client-2/temp/502/quic_client_test_tp_acticoid_error0.iev,0.0,1.0
633," /home/chris/TVOQE_UPGRADE_27/quic/quant/Debug/bin/client -c false -r 20 -l /home/chris/secret.log -q /home/chris/qlog_quant -t 3600 -v 5 -e 0xff00001d https://localhost:4443/index.html
",client,quic_client_test_stream0,,timeout+sending id: server addr: 2130706433 port: 56608,/home/chris/Toward-verification-of-QUIC-extensions/installer/TVOQE/results/errors/client/local/quant-client-2/temp/131/quic_client_test_stream0.iev,0.0,0.0
634," /home/chris/TVOQE_UPGRADE_27/quic/quant/Debug/bin/client -c false -r 20 -l /home/chris/secret.log -q /home/chris/qlog_quant -t 3600 -v 5 -e 0xff00001d https://localhost:4443/index.html
",client,quic_client_test_tp_unkown0,,"ivy_return_code(1)+assumption_failed(""quic_client_test_tp_unkown.ivy: line 515"")",/home/chris/Toward-verification-of-QUIC-extensions/installer/TVOQE/results/errors/client/local/quant-client-2/temp/1119/quic_client_test_tp_unkown0.iev,0.0,0.0
635," /home/chris/TVOQE_UPGRADE_27/quic/quant/Debug/bin/client -c false -r 20 -l /home/chris/secret.log -q /home/chris/qlog_quant -t 3600 -v 5 -e 0xff00001d https://localhost:4443/index.html
",client,quic_client_test_ext_min_ack_delay0,,,/home/chris/Toward-verification-of-QUIC-extensions/installer/TVOQE/results/errors/client/local/quant-client-2/temp/284/quic_client_test_ext_min_ack_delay0.iev,0.0,1.0
636," /home/chris/TVOQE_UPGRADE_27/quic/quant/Debug/bin/client -c false -r 20 -l /home/chris/secret.log -q /home/chris/qlog_quant -t 3600 -v 5 -e 0xff00001d https://localhost:4443/index.html
",client,quic_client_test_retirecoid_error0,,"ivy_return_code(1)+assumption_failed(""quic_client_test_retirecoid_error.ivy: line 276"")",/home/chris/Toward-verification-of-QUIC-extensions/installer/TVOQE/results/errors/client/local/quant-client-2/temp/728/quic_client_test_retirecoid_error0.iev,0.0,0.0
637," /home/chris/TVOQE_UPGRADE_27/quic/quant/Debug/bin/client -c false -r 20 -l /home/chris/secret.log -q /home/chris/qlog_quant -t 3600 -v 5 -e 0xff00001d https://localhost:4443/index.html
",client,quic_client_test_double_tp_error0,,server_return_code(1)+ivy_return_code(1),/home/chris/Toward-verification-of-QUIC-extensions/installer/TVOQE/results/errors/client/local/quant-client-2/temp/426/quic_client_test_double_tp_error0.iev,0.0,0.0
638," /home/chris/TVOQE_UPGRADE_27/quic/quant/Debug/bin/client -c false -r 20 -l /home/chris/secret.log -q /home/chris/qlog_quant -t 3600 -v 5 -e 0xff00001d https://localhost:4443/index.html
",client,quic_client_test_blocked_streams_maxstream_error0,,"ivy_return_code(1)+assumption_failed(""quic_client_test_blocked_streams_maxstream_error.ivy: line 283"")",/home/chris/Toward-verification-of-QUIC-extensions/installer/TVOQE/results/errors/client/local/quant-client-2/temp/608/quic_client_test_blocked_streams_maxstream_error0.iev,0.0,0.0
639," /home/chris/TVOQE_UPGRADE_27/quic/quant/Debug/bin/client -c false -r 20 -l /home/chris/secret.log -q /home/chris/qlog_quant -t 3600 -v 5 -e 0xff00001d https://localhost:4443/index.html
",client,quic_client_test_accept_maxdata0,,"ivy_return_code(1)+assumption_failed(""quic_client_test.ivy: line 310"")",/home/chris/Toward-verification-of-QUIC-extensions/installer/TVOQE/results/errors/client/local/quant-client-2/temp/844/quic_client_test_accept_maxdata0.iev,0.0,0.0
640," /home/chris/TVOQE_UPGRADE_27/quic/quant/Debug/bin/client -c false -r 20 -l /home/chris/secret.log -q /home/chris/qlog_quant -t 3600 -v 5 -e 0xff00001d https://localhost:4443/index.html
",client,quic_client_test_stream0,,,/home/chris/Toward-verification-of-QUIC-extensions/installer/TVOQE/results/errors/client/local/quant-client-2/temp/171/quic_client_test_stream0.iev,0.0,1.0
641," /home/chris/TVOQE_UPGRADE_27/quic/quant/Debug/bin/client -c false -r 20 -l /home/chris/secret.log -q /home/chris/qlog_quant -t 3600 -v 5 -e 0xff00001d https://localhost:4443/index.html
",client,quic_client_test_max0,,,/home/chris/Toward-verification-of-QUIC-extensions/installer/TVOQE/results/errors/client/local/quant-client-2/temp/15/quic_client_test_max0.iev,0.0,1.0
642," /home/chris/TVOQE_UPGRADE_27/quic/quant/Debug/bin/client -c false -r 20 -l /home/chris/secret.log -q /home/chris/qlog_quant -t 3600 -v 5 -e 0xff00001d https://localhost:4443/index.html
",client,quic_client_test_unkown0,,server_return_code(1)+ivy_return_code(1),/home/chris/Toward-verification-of-QUIC-extensions/installer/TVOQE/results/errors/client/local/quant-client-2/temp/1026/quic_client_test_unkown0.iev,0.0,0.0
643," /home/chris/TVOQE_UPGRADE_27/quic/quant/Debug/bin/client -c false -r 20 -l /home/chris/secret.log -q /home/chris/qlog_quant -t 3600 -v 5 -e 0xff00001d https://localhost:4443/index.html
",client,quic_client_test_ext_min_ack_delay0,,,/home/chris/Toward-verification-of-QUIC-extensions/installer/TVOQE/results/errors/client/local/quant-client-2/temp/258/quic_client_test_ext_min_ack_delay0.iev,0.0,1.0
644," /home/chris/TVOQE_UPGRADE_27/quic/quant/Debug/bin/client -c false -r 20 -l /home/chris/secret.log -q /home/chris/qlog_quant -t 3600 -v 5 -e 0xff00001d https://localhost:4443/index.html
",client,quic_client_test_tp_error0,,server_return_code(1)+timeout,/home/chris/Toward-verification-of-QUIC-extensions/installer/TVOQE/results/errors/client/local/quant-client-2/temp/339/quic_client_test_tp_error0.iev,0.0,0.0
645," /home/chris/TVOQE_UPGRADE_27/quic/quant/Debug/bin/client -c false -r 20 -l /home/chris/secret.log -q /home/chris/qlog_quant -t 3600 -v 5 -e 0xff00001d https://localhost:4443/index.html
",client,quic_client_test_limit_max_error0,,"ivy_return_code(1)+assumption_failed(""quic_client_test_limit_max_error.ivy: line 504"")",/home/chris/Toward-verification-of-QUIC-extensions/installer/TVOQE/results/errors/client/local/quant-client-2/temp/1269/quic_client_test_limit_max_error0.iev,0.0,0.0
646," /home/chris/TVOQE_UPGRADE_27/quic/quant/Debug/bin/client -c false -r 20 -l /home/chris/secret.log -q /home/chris/qlog_quant -t 3600 -v 5 -e 0xff00001d https://localhost:4443/index.html
",client,quic_client_test_tp_unkown0,,,/home/chris/Toward-verification-of-QUIC-extensions/installer/TVOQE/results/errors/client/local/quant-client-2/temp/1141/quic_client_test_tp_unkown0.iev,0.0,1.0
647," /home/chris/TVOQE_UPGRADE_27/quic/quant/Debug/bin/client -c false -r 20 -l /home/chris/secret.log -q /home/chris/qlog_quant -t 3600 -v 5 -e 0xff00001d https://localhost:4443/index.html
",client,quic_client_test_tp_error0,,"timeout+< undecryptable_packet_event({protocol:udp,addr:0x7f000001,port:0x8110},{protocol:udp,addr:0x7f000001,port:0x115b},[0xce,0xff,0,0,0x1d,0x13,0xc1,0x98,0x10,0x1d,0x43,0x6e,0xbc,0x88,0xb8,0xd1,0x2c,0x2e,0xd6,0x51,0xe2,0x26,0xdc,0xa0,0x42,0x4,0x1e,0x93,0x99,0xf4,0,0x44,0x8f,0x9c,0x13,0xd8,0x52,0x38,0x40,0x75,0x17,0xc,0x34,0x55,0xe3,0x3c,0xee,0x10,0xb,0xba,0x3c,0x3,0x3e,0x76,0xfb,0xcf,0xbe,0x2f,0xb8,0x9,0xfd,0x1f,0xe5,0xf4,0x8c,0x9a,0x1e,0xe5,0x5d,0x28,0xd5,0x80,0x75,0x34,0xc6,0xa4,0xb9,0xef,0x48,0x16,0xdf,0x2c,0x5c,0x9d,0x2d,0x3f,0x68,0x47,0x6f,0x36,0x8f,0x92,0x3a,0xe8,0xd0,0x16,0xc0,0x36,0x26,0x16,0x6a,0xa5,0x2,0x44,0xf1,0xad,0xaa,0xce,0x68,0x67,0xfe,0x9c,0x99,0x89,0x40,0xfe,0xa5,0xd5,0x2f,0x92,0x91,0xcf,0x82,0xa9,0xf8,0x64,0x2e,0xee,0xa,0x5f,0x8a,0xed,0x41,0x8e,0xb7,0xf1,0x5a,0xf1,0x40,0x94,0x27,0x34,0x16,0x88,0x1d,0xc8,0x11,0x72,0xeb,0x5,0xed,0x53,0xf3,0x9f,0xfb,0xfb,0x15,0x37,0x9d,0x64,0xcb,0x6d,0x50,0x72,0xb2,0x19,0x25,0xd1,0x2c,0xd8,0x40,0x3,0x4b,0x7d,0xe5,0xd2,0x79,0x9f,0x27,0xec,0x5f,0xb3,0xed,0xbb,0xe1,0x49,0x29,0x3e,0xbc,0xad,0x4f,0x85,0xaa,0xde,0xc2,0x94,0x5c,0x17,0x12,0x96,0x19,0xe8,0xdc,0xd6,0x8e,0xe1,0xb0,0xb9,0x4f,0x3,0x3d,0xe2,0xfd,0x1a,0x1c,0xa5,0xff,0xc0,0x8c,0xab,0x6,0x64,0xf0,0xb4,0xb3,0x8a,0x5e,0x60,0x8b,0x4f,0x1c,0xee,0x23,0xd6,0x29,0x92,0x9b,0x3c,0x75,0x85,0xf1,0xbc,0xe8,0x64,0x15,0x48,0x4d,0xec,0x7,0x77,0x7,0xa7,0xe9,0xad,0xfa,0xa8,0x64,0xc5,0xc2,0x1c,0x85,0x2d,0x46,0x49,0x6f,0x6,0xb2,0x5,0x2a,0xa,0xbb,0xef,0xb9,0x56,0x69,0x57,0x60,0x4b,0xce,0x1d,0x75,0xd9,0xb,0x4c,0x90,0xe7,0xa1,0xed,0xe4,0x5,0x2d,0xc,0x88,0x1e,0xe,0x45,0xcc,0xc5,0x15,0xd4,0xf5,0x8c,0xcd,0x11,0xf8,0xf2,0x6f,0x6,0x27,0x3f,0x39,0xb,0x5d,0x8d,0xf,0x5f,0xe9,0xa5,0x95,0x61,0x2,0x54,0xa0,0xf8,0x82,0xbb,0x39,0xcb,0x10,0x78,0xb0,0xcc,0xdf,0xf9,0x48,0x7c,0x9d,0xee,0x58,0x46,0xeb,0xb3,0x32,0xb0,0x7d,0x68,0xd6,0xe6,0xa4,0xf4,0x61,0x38,0x29,0xf6,0xb5,0xf7,0xbe,0x72,0x63,0xde,0x24,0xf1,0xb7,0x42,0x9c,0xfd,0xe2,0xff,0xb1,0xa0,0xc1,0xd8,0x80,0x58,0xac,0x40,0xf7,0x5b,0x4f,0xc5,0x13,0x35,0xab,0x3e,0x5,0x9c,0x69,0x4,0xf0,0xa7,0x92,0xe0,0xb,0x11,0x90,0x92,0x14,0xea,0x9d,0xf,0x51,0x3e,0xff,0x33,0x19,0xb6,0xb8,0x2c,0xd0,0xad,0xf1,0x94,0xa4,0xaa,0xb6,0xe,0xf6,0xf7,0xff,0xe0,0xae,0x35,0xa,0xf6,0xb0,0x2d,0xfa,0x91,0xf0,0x90,0xa3,0x44,0x8f,0x4a,0x35,0x6a,0x86,0x24,0xbc,0xa7,0x4c,0x14,0x44,0x34,0x51,0x7d,0xd7,0xea,0x3,0x6e,0xef,0x9b,0xe,0x61,0x68,0xb4,0xe2,0x63,0x9a,0x72,0xd1,0x58,0x72,0xbb,0x33,0xa6,0xe9,0xcc,0xbf,0xbd,0x8,0x7b,0x46,0x1b,0x54,0xed,0xc9,0x4a,0x57,0x33,0x2f,0xe8,0x4d,0xf2,0x4a,0xd4,0xe1,0xae,0xa9,0x6d,0x2d,0x4a,0xa8,0x21,0x16,0x94,0x7b,0xce,0x2c,0xe4,0xbf,0x71,0x56,0x5f,0x68,0x3a,0xbc,0xe5,0x36,0x6a,0x65,0xa0,0x6,0x42,0x62,0xee,0xf8,0x20,0xcb,0xc,0xdd,0x19,0xe6,0xf0,0xdb,0x59,0xa5,0x4d,0x81,0x58,0xb9,0x7b,0x79,0x52,0x25,0xdb,0xff,0xe4,0x40,0xf5,0x3f,0xcd,0x11,0xb1,0x3f,0xac,0xa8,0x37,0x81,0xa4,0xd7,0x40,0x81,0xe5,0x1a,0xfd,0xa8,0xb2,0x7a,0xa4,0x3d,0xb0,0x78,0x34,0x1e,0x2e,0x61,0x86,0x8,0xc3,0xf9,0xf,0x71,0xb,0x8f,0x8f,0x9b,0,0x80,0xd4,0x73,0xbf,0x3a,0x7c,0x98,0x4b,0xc2,0x5a,0x87,0x96,0x1e,0xda,0xd8,0x55,0xdf,0xb0,0xad,0xa,0xd0,0xce,0x11,0x4a,0x4a,0x9d,0x4d,0x78,0x6e,0x86,0x5a,0xcc,0x88,0xc1,0x9a,0x96,0x1c,0x47,0x52,0x20,0xd2,0x34,0x12,0xb3,0xf6,0xe3,0x7c,0x16,0x18,0x7e,0,0x2a,0x7d,0xe8,0x6a,0x73,0x32,0x1d,0x86,0x83,0x9e,0x11,0xa1,0x4b,0x5a,0x18,0xda,0x45,0x1d,0x58,0x8b,0x53,0xca,0x76,0x73,0xd0,0x94,0x60,0xe3,0xb9,0x5f,0x8,0xb4,0x16,0x23,0xf0,0xea,0xc9,0x6c,0xa3,0xc7,0x24,0x65,0x12,0x42,0xf4,0xe,0xc,0x2c,0x1f,0x73,0x21,0x65,0xde,0x29,0x73,0x7f,0x46,0xaf,0xcf,0x49,0xec,0x63,0x80,0xba,0xcd,0xcf,0xb,0x90,0x7e,0x1d,0xe7,0x54,0x6f,0x8e,0xd6,0x5e,0xcc,0x11,0x54,0x1,0x47,0xe2,0x7,0x62,0x3d,0x93,0x4c,0x95,0xe2,0xc6,0x36,0x46,0x39,0x24,0x49,0x78,0xc4,0xa6,0xda,0x6f,0x23,0x58,0x94,0xe8,0xe8,0x30,0xb0,0x28,0xe8,0x7b,0xc4,0x78,0xca,0x30,0x75,0x49,0xd2,0x9c,0x4c,0xe9,0x85,0xb1,0x29,0x93,0x99,0x1,0x50,0xa9,0xd3,0xf8,0x24,0x9f,0xf,0x6a,0x86,0x95,0x63,0x3b,0x8c,0xec,0x4,0x3,0xeb,0xc3,0x92,0x54,0x4f,0x76,0x4f,0x40,0x10,0x74,0x51,0xfa,0x21,0x55,0xa9,0xa4,0xb2,0x35,0x4,0xc5,0x23,0x92,0x8e,0xe3,0xcf,0xc1,0x31,0xde,0xd2,0xb2,0x25,0x79,0xfe,0x6e,0xb2,0x76,0x34,0x1c,0x62,0x2c,0x12,0xed,0x5a,0xd5,0xa3,0x35,0x19,0xe2,0x93,0x9a,0xf,0x4e,0x28,0xc1,0xf,0x6d,0x81,0x37,0x4b,0x2b,0x3a,0x98,0x5b,0x1e,0xb2,0xf6,0xa2,0x17,0x43,0x4c,0xaf,0x9b,0x64,0x45,0x29,0xe6,0xa0,0x6b,0xbc,0xa6,0x41,0x47,0xac,0x24,0x2f,0x98,0x85,0x23,0x6f,0xf6,0xb7,0x5c,0x12,0xb7,0x2,0x1c,0x9f,0xb0,0xbe,0x2b,0x62,0x4e,0xbc,0x74,0x9c,0xcd,0x1,0x2a,0xb8,0x95,0xe9,0x29,0xd8,0x9b,0xe3,0,0x51,0xcc,0xeb,0x99,0x78,0x20,0x2,0xc8,0x92,0x52,0xf4,0xac,0x55,0x8d,0xb9,0xaf,0xef,0xdc,0x68,0xa3,0x9,0x52,0xe7,0x4c,0x83,0x1c,0xc5,0x15,0xd7,0x7,0xef,0x4f,0x52,0xdb,0x2a,0xf,0x48,0x4b,0xca,0x92,0x42,0x9,0xf6,0xc3,0xa2,0x45,0x59,0x79,0xd5,0xc4,0xd5,0x1a,0x43,0x86,0x90,0x66,0xed,0x98,0xbd,0xc,0xcf,0xd8,0xd2,0x22,0x94,0x74,0xad,0x15,0x6a,0xff,0xfc,0xd4,0x81,0xa,0xab,0x17,0x2b,0x94,0xf3,0x1,0xe5,0x9f,0xd1,0xe9,0x4d,0x86,0x26,0xa4,0x82,0x6d,0x28,0xa6,0xfb,0xbf,0xae,0x76,0x6a,0x39,0xe3,0x4c,0,0xaf,0x6f,0x8d,0x6e,0x9e,0xf0,0x79,0xc4,0xf1,0x36,0x27,0x64,0x3a,0x98,0xa3,0x49,0x31,0x1f,0xea,0x1f,0xcb,0xb,0x8b,0x29,0x1a,0x10,0xbb,0x5d,0x53,0x52,0xd5,0x4d,0xce,0x3e,0x79,0x79,0x44,0x21,0x8a,0x5c,0x3f,0x61,0x21,0xe3,0x1e,0x64,0x8,0x87,0xad,0x65,0x87,0x2,0x3e,0xc6,0x17,0x5f,0x50,0x4c,0xe1,0xa9,0x6e,0xe2,0xaa,0x74,0x11,0xb9,0x21,0xe9,0xe9,0xb2,0x31,0x5d,0x2a,0x93,0xbc,0x2c,0x6b,0x8d,0x88,0xa3,0xd3,0x38,0xa7,0xb5,0xd1,0xfe,0x67,0x36,0xab,0xb2,0x8a,0x27,0xd3,0x37,0x3,0xe4,0,0xd6,0xd6,0xb4,0x26,0x8a,0xbd,0x2d,0xd6,0x94,0x53,0x58,0xc0,0x62,0xc8,0x8f,0xaa,0x19,0x75,0x6c,0x94,0xd1,0x54,0x13,0xeb,0xa5,0xb3,0x19,0x1,0x6b,0x4,0x46,0xa1,0xbb,0xf7,0x47,0x40,0xb5,0x5b,0x21,0x2e,0x20,0xae,0xc8,0x4f,0xdd,0xa8,0x34,0x65,0xc4,0xc8,0xf1,0xa1,0xe5,0x53,0x78,0xeb,0xb9,0xde,0xed,0xd5,0xcd,0x88,0x5a,0x1d,0x6c,0xc1,0x2b,0xe6,0xcc,0xd2,0x95,0x2,0x7b,0x7,0x40,0xbf,0xe9,0xb7,0x1d,0xbe,0xb1,0xd4,0x4d,0xc7,0xa8,0xb0,0x7d,0x5a,0x2c,0x7b,0x4d,0xa9,0x31,0x18,0x67,0xbd,0x1a,0x73,0xf6,0x24,0xd2,0xf2,0xd5,0xee,0x4d,0xb9,0x3,0x97,0x53,0x5c,0x33,0x3f,0x80,0x4d,0x8d])",/home/chris/Toward-verification-of-QUIC-extensions/installer/TVOQE/results/errors/client/local/quant-client-2/temp/331/quic_client_test_tp_error0.iev,0.0,0.0
648," /home/chris/TVOQE_UPGRADE_27/quic/quant/Debug/bin/client -c false -r 20 -l /home/chris/secret.log -q /home/chris/qlog_quant -t 3600 -v 5 -e 0xff00001d https://localhost:4443/index.html
",client,quic_client_test_new_token_error0,,ivy_return_code(134)+ivy_binary_deser_128 getn deser_err,/home/chris/Toward-verification-of-QUIC-extensions/installer/TVOQE/results/errors/client/local/quant-client-2/temp/1315/quic_client_test_new_token_error0.iev,0.0,0.0
649," /home/chris/TVOQE_UPGRADE_27/quic/quant/Debug/bin/client -c false -r 20 -l /home/chris/secret.log -q /home/chris/qlog_quant -t 3600 -v 5 -e 0xff00001d https://localhost:4443/index.html
",client,quic_client_test_unkown0,,"ivy_return_code(1)+assumption_failed(""quic_client_test_unkown.ivy: line 513"")",/home/chris/Toward-verification-of-QUIC-extensions/installer/TVOQE/results/errors/client/local/quant-client-2/temp/1075/quic_client_test_unkown0.iev,0.0,0.0
650," /home/chris/TVOQE_UPGRADE_27/quic/quant/Debug/bin/client -c false -r 20 -l /home/chris/secret.log -q /home/chris/qlog_quant -t 3600 -v 5 -e 0xff00001d https://localhost:4443/index.html
",client,quic_client_test_blocked_streams_maxstream_error0,,"ivy_return_code(1)+assumption_failed(""quic_client_test_blocked_streams_maxstream_error.ivy: line 283"")",/home/chris/Toward-verification-of-QUIC-extensions/installer/TVOQE/results/errors/client/local/quant-client-2/temp/609/quic_client_test_blocked_streams_maxstream_error0.iev,0.0,0.0
651," /home/chris/TVOQE_UPGRADE_27/quic/quant/Debug/bin/client -c false -r 20 -l /home/chris/secret.log -q /home/chris/qlog_quant -t 3600 -v 5 -e 0xff00001d https://localhost:4443/index.html
",client,quic_client_test_tp_acticoid_error0,,,/home/chris/Toward-verification-of-QUIC-extensions/installer/TVOQE/results/errors/client/local/quant-client-2/temp/536/quic_client_test_tp_acticoid_error0.iev,0.0,1.0
652," /home/chris/TVOQE_UPGRADE_27/quic/quant/Debug/bin/client -c false -r 20 -l /home/chris/secret.log -q /home/chris/qlog_quant -t 3600 -v 5 -e 0xff00001d https://localhost:4443/index.html
",client,quic_client_test_stream0,,timeout+sending id: server addr: 2130706433 port: 39251,/home/chris/Toward-verification-of-QUIC-extensions/installer/TVOQE/results/errors/client/local/quant-client-2/temp/126/quic_client_test_stream0.iev,0.0,0.0
653," /home/chris/TVOQE_UPGRADE_27/quic/quant/Debug/bin/client -c false -r 20 -l /home/chris/secret.log -q /home/chris/qlog_quant -t 3600 -v 5 -e 0xff00001d https://localhost:4443/index.html
",client,quic_client_test_double_tp_error0,,"ivy_return_code(1)+assumption_failed(""quic_client_test_double_tp_error.ivy: line 502"")",/home/chris/Toward-verification-of-QUIC-extensions/installer/TVOQE/results/errors/client/local/quant-client-2/temp/466/quic_client_test_double_tp_error0.iev,0.0,0.0
654," /home/chris/TVOQE_UPGRADE_27/quic/quant/Debug/bin/client -c false -r 20 -l /home/chris/secret.log -q /home/chris/qlog_quant -t 3600 -v 5 -e 0xff00001d https://localhost:4443/index.html
",client,quic_client_test_retirecoid_error0,,"ivy_return_code(1)+assumption_failed(""quic_client_test_retirecoid_error.ivy: line 276"")",/home/chris/Toward-verification-of-QUIC-extensions/installer/TVOQE/results/errors/client/local/quant-client-2/temp/726/quic_client_test_retirecoid_error0.iev,0.0,0.0
655," /home/chris/TVOQE_UPGRADE_27/quic/quant/Debug/bin/client -c false -r 20 -l /home/chris/secret.log -q /home/chris/qlog_quant -t 3600 -v 5 -e 0xff00001d https://localhost:4443/index.html
",client,quic_client_test_max0,,,/home/chris/Toward-verification-of-QUIC-extensions/installer/TVOQE/results/errors/client/local/quant-client-2/temp/69/quic_client_test_max0.iev,0.0,1.0
656," /home/chris/TVOQE_UPGRADE_27/quic/quant/Debug/bin/client -c false -r 20 -l /home/chris/secret.log -q /home/chris/qlog_quant -t 3600 -v 5 -e 0xff00001d https://localhost:4443/index.html
",client,quic_client_test_tp_prefadd_error0,,"ivy_return_code(1)+assumption_failed(""quic_client_test_tp_prefadd_error.ivy: line 518"")",/home/chris/Toward-verification-of-QUIC-extensions/installer/TVOQE/results/errors/client/local/quant-client-2/temp/966/quic_client_test_tp_prefadd_error0.iev,0.0,0.0
657," /home/chris/TVOQE_UPGRADE_27/quic/quant/Debug/bin/client -c false -r 20 -l /home/chris/secret.log -q /home/chris/qlog_quant -t 3600 -v 5 -e 0xff00001d https://localhost:4443/index.html
",client,quic_client_test_stream0,,"timeout+< undecryptable_packet_event({protocol:udp,addr:0x7f000001,port:0xa7bf},{protocol:udp,addr:0x7f000001,port:0x115b},[0xc1,0xff,0,0,0x1d,0x13,0xc8,0xb3,0xf1,0xc8,0x8a,0xa7,0xfe,0xe3,0x98,0x55,0x52,0x26,0xf0,0x30,0xa7,0x1c,0xba,0xfc,0x8e,0x4,0x9c,0x2a,0x30,0xd4,0,0x44,0x8f,0x73,0xd9,0xcd,0xba,0x28,0xc9,0x80,0xdd,0xb6,0xbc,0x76,0x30,0xe7,0x3c,0xc9,0xda,0xb4,0x8,0x85,0x7a,0x5e,0xb2,0xac,0x60,0xa3,0x27,0x54,0x4f,0x58,0xf5,0x89,0x17,0xdd,0x39,0x15,0x1c,0x1c,0x86,0xb6,0x96,0x7,0x88,0x23,0xd7,0x80,0x15,0x67,0xed,0x64,0xf5,0x68,0xef,0x9e,0x10,0xae,0x69,0x9a,0xfe,0xc7,0x9e,0xd6,0x8,0x8a,0xa3,0xd4,0x39,0x46,0x23,0xea,0x97,0xb7,0x88,0xe6,0x11,0xa0,0x91,0x20,0xf5,0x1d,0xc8,0x12,0x73,0xd1,0xdb,0xd,0x8a,0xbe,0xc5,0x16,0x32,0xe,0x3,0x4b,0x9f,0x66,0xe7,0x99,0xb0,0xf0,0x70,0x3,0x6e,0xee,0xab,0x60,0x4c,0x7e,0x8,0x67,0x30,0x4e,0x32,0x26,0xa6,0xec,0xf5,0xaf,0x1a,0xab,0x35,0x84,0xc7,0xb5,0xcc,0x49,0xd3,0xb2,0x48,0x93,0xfe,0xe1,0x5c,0x89,0x9e,0xd,0xb0,0xb,0x71,0x27,0x85,0x79,0xee,0xc6,0x25,0x2f,0xf4,0x57,0xd3,0xae,0x51,0x3c,0xfa,0x58,0x32,0xd1,0xe4,0x75,0x7a,0x8c,0x2f,0x1b,0x6d,0x94,0xe1,0x31,0x10,0x43,0x50,0x2c,0xfa,0xdd,0x4c,0xad,0xe6,0xff,0xf2,0x16,0x68,0x51,0xdc,0x55,0x73,0x8c,0xd9,0x5d,0x8f,0xad,0x38,0xc3,0xca,0x1d,0x9c,0x2b,0x59,0x65,0x45,0xba,0x78,0xb3,0x28,0x81,0x3b,0x89,0x16,0xf5,0x6,0x8e,0xcc,0x2f,0x9c,0x7c,0xb1,0x3b,0x46,0xed,0xbe,0x50,0x98,0x52,0x3e,0x94,0x69,0x34,0x60,0xf6,0xd5,0x6f,0xe7,0xc6,0x73,0x9c,0x7d,0x21,0xb,0xb7,0xc3,0xc8,0xc1,0x64,0x6f,0x6a,0x2c,0x2d,0xec,0x81,0xd3,0x2,0xeb,0xc1,0xc4,0x3b,0xc7,0xfe,0x9c,0x67,0xab,0x8e,0x54,0xa8,0x35,0x9f,0x5c,0x7b,0x1f,0xf9,0xcb,0x61,0x61,0xe3,0xc0,0xcc,0x6a,0x38,0x79,0x9c,0xa,0x25,0xf3,0x2,0xd3,0xea,0x1e,0xfb,0xd1,0xa9,0x28,0x42,0xed,0x52,0x41,0xb1,0xa2,0x43,0x30,0x8d,0x91,0xd0,0x5b,0xd4,0xa5,0x86,0xe0,0x60,0xac,0x33,0xc9,0x3c,0x94,0x66,0x71,0xeb,0x62,0xd5,0x55,0x3c,0x69,0xdc,0x3,0x71,0xd6,0x8e,0xc0,0xbf,0xdf,0x1c,0xf2,0x47,0x25,0x18,0x42,0xbb,0xd4,0xcc,0xe8,0xfb,0x9c,0x76,0xe1,0xec,0xd,0x15,0x94,0x57,0x2a,0xe5,0xcb,0x21,0xb9,0xd5,0xfd,0x42,0x16,0x1,0x9a,0xef,0x19,0x13,0xa0,0xc1,0x88,0xcc,0x3d,0xa1,0x1d,0xe4,0xf2,0x4e,0x3,0xfd,0xd2,0x1,0x54,0xc7,0xad,0xe2,0x52,0x38,0x58,0x67,0x62,0xc8,0xa8,0x20,0x2d,0x4a,0x2c,0x7b,0xb9,0x12,0xe,0x7f,0xdd,0xcd,0x5,0xbb,0x69,0xb0,0xdd,0xa7,0x5f,0xdb,0x7b,0xc6,0x2c,0x5,0x5a,0xfe,0xd9,0xcc,0x2c,0x30,0xfc,0x99,0xec,0x31,0x7c,0x83,0x67,0x82,0xb2,0xa5,0x41,0x68,0x1b,0xe3,0xaa,0x99,0x54,0,0x9,0xf9,0xf4,0x8a,0x69,0x16,0xba,0xcb,0xfb,0x2c,0xd5,0x58,0x24,0xf2,0xd5,0x91,0x40,0x22,0xa7,0xb9,0x47,0xd4,0x18,0xbc,0x18,0xed,0x1c,0xef,0xb1,0xac,0xd7,0xfd,0xd6,0x3b,0xdd,0x46,0x67,0xab,0x43,0xb4,0xf,0x6a,0x91,0x30,0x22,0x93,0xeb,0x19,0x25,0x6f,0xf9,0x11,0x8a,0x4a,0x7d,0xe9,0x4d,0x21,0x92,0xe8,0x7,0x1,0xe2,0x76,0x1e,0xc3,0xc7,0x52,0x75,0xfd,0x7f,0x4c,0x8c,0xc4,0x67,0xec,0x2d,0xff,0x31,0xda,0xf9,0xff,0x3d,0xc6,0x2e,0x9b,0x24,0xad,0x22,0x7f,0x41,0x8e,0x1a,0x1b,0xe2,0x5e,0x7e,0x85,0x2,0x6b,0x27,0x2,0x2f,0x8d,0x2d,0xf0,0x36,0x6a,0xa6,0xe,0x9d,0x81,0xa9,0x1d,0x32,0xf9,0x22,0xe8,0x54,0x23,0x2,0x3c,0x71,0x41,0xc2,0xc,0x87,0x3f,0xdf,0x8,0x55,0x49,0x96,0x9f,0x44,0x22,0x33,0x92,0x78,0x4f,0x30,0xb8,0x77,0xf3,0xed,0x37,0xa2,0x9e,0xf9,0x85,0x75,0xb,0x15,0x17,0x39,0xac,0x97,0x87,0x9f,0x89,0x78,0x76,0x2d,0x40,0x2f,0xf4,0xab,0x2c,0x41,0xe2,0x13,0xae,0x34,0xb7,0x81,0x9d,0x79,0x89,0x4,0xe1,0x89,0x87,0xe6,0xd1,0xba,0xb4,0xc5,0xbb,0xcc,0xc,0xb3,0x81,0xde,0xf6,0xfc,0x3e,0xce,0xd8,0x99,0x98,0xa1,0x14,0x6f,0x87,0xd,0x91,0xcf,0x88,0x27,0x13,0x60,0xec,0x1c,0xba,0x5c,0x47,0x40,0x12,0x50,0x7a,0x6a,0x8,0x8d,0xd0,0xbe,0,0x6e,0xf1,0xf3,0x18,0xd6,0xf6,0xff,0x8f,0x26,0xd2,0x13,0xf0,0xa4,0x35,0x2a,0xaa,0x27,0xb0,0x43,0xe4,0xb3,0x1f,0x3e,0xe1,0xa8,0x2d,0xde,0x76,0xd7,0x64,0x66,0xa4,0x78,0x88,0x62,0x7f,0x10,0xf6,0xce,0x9,0xb7,0xf1,0x38,0xa6,0xde,0xe5,0xf,0xe5,0x19,0x43,0x19,0x2a,0x6e,0x18,0xfa,0x54,0xdb,0x51,0x95,0x8f,0xf4,0x7a,0x6b,0x87,0x89,0x81,0x7a,0x4a,0x8d,0x95,0x79,0x11,0x29,0x46,0xb2,0x52,0xe0,0xb7,0xe6,0x9c,0x43,0x1e,0x10,0xcb,0x39,0x3a,0xb5,0x2f,0xcd,0xa7,0xdb,0xd0,0x56,0xfb,0x9d,0xf8,0x4b,0x92,0xa6,0x9d,0x82,0x92,0xd,0xc6,0x9d,0,0x89,0xcb,0xf7,0x96,0xde,0xa8,0x65,0x21,0xca,0x35,0xcd,0xc3,0x5e,0x8b,0xca,0xfd,0xca,0xf6,0x19,0x4a,0x31,0x94,0x57,0x70,0x88,0x4d,0x66,0x71,0x91,0x4a,0x48,0x32,0x36,0xc8,0x57,0xc4,0xc9,0xa4,0x64,0xe0,0x5b,0xef,0x37,0x86,0x52,0x87,0x41,0xbd,0x1d,0x3e,0xb3,0x35,0xc3,0x48,0x6f,0x75,0x80,0xd1,0x5,0xe9,0x4d,0xbb,0x10,0x3b,0xf2,0x1d,0x20,0xcd,0xa2,0xa3,0xce,0x1,0x75,0x1d,0x4d,0x4d,0x6,0x7e,0x5c,0x9a,0x33,0x40,0xa8,0x49,0x89,0x7f,0x65,0xaa,0xab,0x50,0xeb,0x85,0xd6,0x39,0xc0,0x4e,0x13,0x34,0x30,0,0x66,0xc0,0x7c,0x6,0x33,0x98,0x45,0x4d,0xa3,0x6f,0x9b,0x95,0x6b,0x6d,0x12,0x9a,0xae,0xff,0x3,0xcd,0x85,0xc5,0x91,0xcd,0x6,0xc7,0xbb,0xc4,0x26,0x88,0x65,0x8b,0x93,0x9a,0xfc,0x65,0,0xda,0xef,0x75,0x65,0x80,0x8,0xe4,0x83,0xb7,0x63,0x30,0x1a,0x45,0x3e,0xbf,0xb9,0xed,0x61,0x34,0x44,0x62,0x2b,0x6c,0xce,0xaf,0xce,0x8,0x12,0xa1,0x59,0xfb,0x35,0x62,0xcc,0xc7,0xe6,0x4e,0x4b,0xda,0x5,0x1b,0xe1,0x3d,0x97,0x78,0x75,0xa9,0x1f,0xfd,0x10,0x96,0xd2,0xe,0x6f,0xab,0xe8,0xca,0x77,0x63,0x9c,0x13,0x8e,0xfb,0xaf,0x90,0xfb,0x54,0x76,0x96,0xbb,0x13,0xcf,0x3a,0x8,0x14,0xc,0x57,0xf3,0xdb,0x35,0xc4,0x96,0x53,0xfd,0x3b,0x43,0xda,0x88,0xdf,0x28,0xc,0x4d,0xfc,0xba,0x3d,0x9c,0x41,0xcc,0x18,0x79,0x86,0x44,0x7b,0xcd,0xb4,0x8b,0x12,0xc4,0xb4,0x9b,0x21,0x3a,0xba,0xe1,0x76,0x92,0xc,0x1d,0xbc,0x1b,0xfa,0x82,0x34,0xf,0xa,0x2c,0x98,0x8a,0x53,0x3e,0xee,0x86,0x8a,0x1d,0xe7,0x8b,0x8,0x79,0x8e,0x15,0x3,0x83,0xf9,0x79,0x4c,0xec,0x7,0xc3,0xa4,0x60,0x6b,0xaa,0x14,0x7c,0x50,0x99,0xe8,0x9b,0x53,0xb2,0xb0,0xce,0xa3,0xb8,0xf0,0x1f,0xc8,0x9,0x8f,0x66,0xe0,0x99,0xd8,0xac,0x73,0xae,0x96,0x7c,0xa2,0xa1,0xa6,0x25,0xb0,0x39,0x86,0x12,0x27,0x50,0xa2,0x15,0xf5,0xcb,0x42,0xfd,0x1e,0xc3,0x18,0xce,0x82,0xe0,0x81,0xd,0x4a,0xa3,0xb5,0xc0,0xe5,0x25,0x20,0x5f,0x17,0xe2,0xc9,0xfd,0xbb,0x75,0x7e,0xff,0xb0,0xaa,0xe,0xb5,0x6a,0xd7,0x54,0x54,0x5d,0x68,0xc4,0x77,0x6b,0xb4,0x87,0x83,0xb6,0x24,0x6,0x56,0x58,0xec,0xce,0xc0,0xbe,0x6d,0xd6,0xaa,0x57,0x70,0x25,0x6,0xff,0xd4,0x5a,0x4a,0xf3,0x50,0x9b,0x52,0xa9,0xed,0xfc,0xc8,0x92,0x17,0x43,0xc9,0x63,0x4c,0xb2])",/home/chris/Toward-verification-of-QUIC-extensions/installer/TVOQE/results/errors/client/local/quant-client-2/temp/140/quic_client_test_stream0.iev,0.0,0.0
658," /home/chris/TVOQE_UPGRADE_27/quic/quant/Debug/bin/client -c false -r 20 -l /home/chris/secret.log -q /home/chris/qlog_quant -t 3600 -v 5 -e 0xff00001d https://localhost:4443/index.html
",client,quic_client_test_double_tp_error0,,server_return_code(1)+ivy_return_code(1),/home/chris/Toward-verification-of-QUIC-extensions/installer/TVOQE/results/errors/client/local/quant-client-2/temp/490/quic_client_test_double_tp_error0.iev,0.0,0.0
659," /home/chris/TVOQE_UPGRADE_27/quic/quant/Debug/bin/client -c false -r 20 -l /home/chris/secret.log -q /home/chris/qlog_quant -t 3600 -v 5 -e 0xff00001d https://localhost:4443/index.html
",client,quic_client_test_limit_max_error0,,"ivy_return_code(1)+assumption_failed(""quic_client_test_limit_max_error.ivy: line 504"")",/home/chris/Toward-verification-of-QUIC-extensions/installer/TVOQE/results/errors/client/local/quant-client-2/temp/1219/quic_client_test_limit_max_error0.iev,0.0,0.0
660," /home/chris/TVOQE_UPGRADE_27/quic/quant/Debug/bin/client -c false -r 20 -l /home/chris/secret.log -q /home/chris/qlog_quant -t 3600 -v 5 -e 0xff00001d https://localhost:4443/index.html
",client,quic_client_test_accept_maxdata0,,,/home/chris/Toward-verification-of-QUIC-extensions/installer/TVOQE/results/errors/client/local/quant-client-2/temp/835/quic_client_test_accept_maxdata0.iev,0.0,1.0
661," /home/chris/TVOQE_UPGRADE_27/quic/quant/Debug/bin/client -c false -r 20 -l /home/chris/secret.log -q /home/chris/qlog_quant -t 3600 -v 5 -e 0xff00001d https://localhost:4443/index.html
",client,quic_client_test_ext_min_ack_delay0,,,/home/chris/Toward-verification-of-QUIC-extensions/installer/TVOQE/results/errors/client/local/quant-client-2/temp/248/quic_client_test_ext_min_ack_delay0.iev,0.0,1.0
662," /home/chris/TVOQE_UPGRADE_27/quic/quant/Debug/bin/client -c false -r 20 -l /home/chris/secret.log -q /home/chris/qlog_quant -t 3600 -v 5 -e 0xff00001d https://localhost:4443/index.html
",client,quic_client_test_max0,,"ivy_return_code(1)+assumption_failed(""quic_client_test.ivy: line 310"")",/home/chris/Toward-verification-of-QUIC-extensions/installer/TVOQE/results/errors/client/local/quant-client-2/temp/1/quic_client_test_max0.iev,0.0,0.0
663," /home/chris/TVOQE_UPGRADE_27/quic/quant/Debug/bin/client -c false -r 20 -l /home/chris/secret.log -q /home/chris/qlog_quant -t 3600 -v 5 -e 0xff00001d https://localhost:4443/index.html
",client,quic_client_test_max0,,"ivy_return_code(1)+assumption_failed(""quic_client_test.ivy: line 310"")",/home/chris/Toward-verification-of-QUIC-extensions/installer/TVOQE/results/errors/client/local/quant-client-2/temp/74/quic_client_test_max0.iev,0.0,0.0
664," /home/chris/TVOQE_UPGRADE_27/quic/quant/Debug/bin/client -c false -r 20 -l /home/chris/secret.log -q /home/chris/qlog_quant -t 3600 -v 5 -e 0xff00001d https://localhost:4443/index.html
",client,quic_client_test_new_token_error0,,server_return_code(1)+ivy_return_code(1),/home/chris/Toward-verification-of-QUIC-extensions/installer/TVOQE/results/errors/client/local/quant-client-2/temp/1304/quic_client_test_new_token_error0.iev,0.0,0.0
665," /home/chris/TVOQE_UPGRADE_27/quic/quant/Debug/bin/client -c false -r 20 -l /home/chris/secret.log -q /home/chris/qlog_quant -t 3600 -v 5 -e 0xff00001d https://localhost:4443/index.html
",client,quic_client_test_limit_max_error0,,"ivy_return_code(1)+assumption_failed(""quic_client_test_limit_max_error.ivy: line 504"")",/home/chris/Toward-verification-of-QUIC-extensions/installer/TVOQE/results/errors/client/local/quant-client-2/temp/1234/quic_client_test_limit_max_error0.iev,0.0,0.0
666," /home/chris/TVOQE_UPGRADE_27/quic/quant/Debug/bin/client -c false -r 20 -l /home/chris/secret.log -q /home/chris/qlog_quant -t 3600 -v 5 -e 0xff00001d https://localhost:4443/index.html
",client,quic_client_test_unkown0,,"ivy_return_code(1)+assumption_failed(""quic_client_test_unkown.ivy: line 513"")",/home/chris/Toward-verification-of-QUIC-extensions/installer/TVOQE/results/errors/client/local/quant-client-2/temp/1061/quic_client_test_unkown0.iev,0.0,0.0
667," /home/chris/TVOQE_UPGRADE_27/quic/quant/Debug/bin/client -c false -r 20 -l /home/chris/secret.log -q /home/chris/qlog_quant -t 3600 -v 5 -e 0xff00001d https://localhost:4443/index.html
",client,quic_client_test_blocked_streams_maxstream_error0,,"ivy_return_code(1)+assumption_failed(""quic_client_test_blocked_streams_maxstream_error.ivy: line 283"")",/home/chris/Toward-verification-of-QUIC-extensions/installer/TVOQE/results/errors/client/local/quant-client-2/temp/614/quic_client_test_blocked_streams_maxstream_error0.iev,0.0,0.0
668," /home/chris/TVOQE_UPGRADE_27/quic/quant/Debug/bin/client -c false -r 20 -l /home/chris/secret.log -q /home/chris/qlog_quant -t 3600 -v 5 -e 0xff00001d https://localhost:4443/index.html
",client,quic_client_test_stream0,,timeout+sending id: server addr: 2130706433 port: 56689,/home/chris/Toward-verification-of-QUIC-extensions/installer/TVOQE/results/errors/client/local/quant-client-2/temp/164/quic_client_test_stream0.iev,0.0,0.0
669," /home/chris/TVOQE_UPGRADE_27/quic/quant/Debug/bin/client -c false -r 20 -l /home/chris/secret.log -q /home/chris/qlog_quant -t 3600 -v 5 -e 0xff00001d https://localhost:4443/index.html
",client,quic_client_test_ext_min_ack_delay0,,"ivy_return_code(1)+assumption_failed(""quic_client_test_ext_min_ack_delay.ivy: line 524"")",/home/chris/Toward-verification-of-QUIC-extensions/installer/TVOQE/results/errors/client/local/quant-client-2/temp/202/quic_client_test_ext_min_ack_delay0.iev,0.0,0.0
670," /home/chris/TVOQE_UPGRADE_27/quic/quant/Debug/bin/client -c false -r 20 -l /home/chris/secret.log -q /home/chris/qlog_quant -t 3600 -v 5 -e 0xff00001d https://localhost:4443/index.html
",client,quic_client_test_tp_unkown0,,,/home/chris/Toward-verification-of-QUIC-extensions/installer/TVOQE/results/errors/client/local/quant-client-2/temp/1173/quic_client_test_tp_unkown0.iev,0.0,1.0
671," /home/chris/TVOQE_UPGRADE_27/quic/quant/Debug/bin/client -c false -r 20 -l /home/chris/secret.log -q /home/chris/qlog_quant -t 3600 -v 5 -e 0xff00001d https://localhost:4443/index.html
",client,quic_client_test_stream0,,"timeout+< undecryptable_packet_event({protocol:udp,addr:0x7f000001,port:0xe59c},{protocol:udp,addr:0x7f000001,port:0x115b},[0xcf,0xff,0,0,0x1d,0x12,0x4,0x8a,0xa2,0x66,0xb7,0x95,0x8c,0xb1,0x76,0xd9,0x44,0x89,0xd1,0x74,0x59,0xad,0x51,0x17,0x4,0xf6,0x5b,0x90,0x7a,0,0x44,0x90,0x95,0xc1,0xa6,0xd1,0x5f,0xc2,0xad,0xd1,0x49,0xb8,0x69,0x26,0xa9,0xa0,0x1a,0xf8,0xd9,0x53,0,0x5,0xdb,0x1b,0x31,0x3e,0xe1,0xfa,0xd2,0x21,0x94,0xd6,0x78,0x9,0x40,0xce,0x4b,0x9f,0x64,0x6a,0xa4,0xc0,0x45,0x9b,0xc1,0x4b,0xe8,0x53,0x65,0x6e,0xfa,0x9,0x7b,0x54,0x88,0xa,0x86,0xa5,0x23,0xb1,0x64,0x4,0xaf,0xdd,0xa1,0xb4,0xc0,0x96,0xdf,0x5a,0x56,0x51,0x3a,0x4d,0xff,0xfe,0x69,0x55,0x17,0xe9,0x50,0xc0,0x86,0x24,0xd6,0xb1,0xdf,0x9d,0xcc,0xa5,0x4c,0x6c,0x1,0x68,0x3d,0xfc,0x56,0xbe,0x8e,0x7a,0x91,0xe2,0xd4,0xad,0x5,0xc0,0x84,0x6a,0xcc,0x3e,0xa1,0x6b,0xa8,0x1c,0,0xfb,0xad,0x2d,0xf8,0x4c,0xc0,0x7a,0xe8,0x8a,0x3a,0x18,0xe5,0xfd,0x48,0x56,0x68,0xe6,0x90,0x7,0xef,0xdf,0x99,0x15,0x16,0x50,0x66,0xc3,0x43,0xeb,0xba,0x1a,0x11,0x61,0xd6,0x38,0xf4,0xd,0x58,0x20,0x51,0x48,0x16,0xd3,0x6d,0xa9,0xdc,0x1f,0x10,0xd5,0x16,0xf3,0x8,0x37,0x9,0xab,0xb1,0x54,0x53,0x86,0xce,0,0x29,0x39,0,0x2b,0x6c,0x15,0xc9,0xd0,0xc7,0xc9,0x6b,0xd4,0x1b,0xe1,0x22,0xa8,0xf,0x14,0xcf,0x3b,0x4e,0xe7,0x45,0x32,0x62,0x35,0xa7,0x66,0x3,0x67,0x1b,0x16,0xf1,0xc6,0x5c,0x8e,0x56,0x27,0x5,0x5c,0xd,0x38,0xd7,0xb7,0xf6,0x89,0x78,0xf9,0xe0,0xe2,0xe7,0x8d,0x79,0x65,0xdc,0xf2,0x3a,0xfc,0xfb,0xc9,0xc7,0xa0,0x8b,0x82,0x9b,0x68,0xc1,0xa7,0x3b,0x52,0x9c,0x7f,0xb6,0x72,0x7b,0xc3,0x7f,0xd8,0x4c,0x8d,0xe2,0x67,0x8c,0x21,0x91,0xf2,0x76,0x94,0xdf,0x50,0x7a,0x33,0xbe,0x6f,0x10,0xf6,0x46,0xc7,0x14,0x18,0xa,0x6c,0xcd,0x32,0xd7,0x8c,0x38,0x69,0x20,0xbd,0x70,0x6d,0x8d,0xbd,0x4d,0xaa,0x28,0x65,0x7,0xcd,0xbd,0x32,0x92,0x78,0x27,0x5b,0x8,0x33,0x87,0xac,0xe5,0x8b,0x31,0xaf,0xed,0x8c,0xad,0xac,0x30,0xc,0xdc,0xbf,0x73,0xc0,0x65,0x62,0xf6,0x8d,0x65,0xe8,0x28,0xd,0xd4,0x81,0x4f,0x91,0x57,0xa2,0x58,0x78,0x96,0xe6,0x68,0x21,0x9,0x1a,0x55,0xf3,0x35,0x91,0x12,0xcf,0x97,0x8d,0xdf,0x70,0xdc,0x6e,0xb0,0xe1,0xdd,0x21,0x3c,0xe6,0xfb,0x3d,0x94,0xbb,0xdd,0x3a,0x73,0xd3,0xe1,0x11,0xa9,0xbc,0x77,0x1a,0x72,0x69,0x12,0xff,0xc,0x44,0x41,0x3f,0x10,0xc9,0x6,0xce,0x64,0xd9,0x4a,0xf2,0x90,0xe9,0xb,0x45,0x93,0x9c,0x96,0xa0,0xee,0xb9,0x91,0x98,0x3,0x1e,0x36,0x68,0x70,0x1a,0x61,0x23,0x38,0x8e,0xe,0x59,0x88,0x31,0x3e,0x4,0x1,0x23,0x37,0x51,0,0xfc,0xf5,0x1e,0xbd,0x67,0x14,0x96,0x3e,0x7d,0xfb,0x74,0x46,0x98,0xa2,0x88,0x28,0xe1,0xe6,0x3d,0x7f,0x58,0x99,0x29,0x6a,0x58,0x2d,0x28,0xf2,0x7,0x8b,0x34,0x9d,0x99,0xd0,0x81,0xaa,0x77,0x94,0x6f,0xe1,0xd1,0x85,0xd0,0x3,0xc7,0x88,0x90,0x8f,0x36,0x77,0x9b,0x7a,0xb4,0x5b,0x1f,0x15,0x2a,0xdf,0xea,0x8,0xdc,0x35,0x3f,0xbc,0x59,0x41,0xac,0x10,0x6b,0x2b,0xdc,0xfe,0x1e,0xfb,0x89,0x56,0x7a,0xf1,0x90,0x89,0x9b,0x5c,0xb8,0x58,0xf3,0x51,0xc9,0x8,0x72,0xa0,0xfe,0xdf,0xd3,0xf4,0x42,0x6e,0x8d,0x35,0xe2,0x93,0x8f,0x45,0xbf,0xef,0xcc,0x9c,0x5a,0xef,0x21,0x37,0xe9,0x1c,0x8c,0x10,0xf9,0xf9,0xe4,0xb2,0xb7,0x91,0xfa,0x2c,0x17,0x8f,0xc7,0x7a,0x64,0x80,0xd3,0xaf,0x7a,0xde,0xbf,0xbf,0x5c,0x49,0x53,0xe3,0xd4,0xbc,0x78,0x3a,0xbf,0x5b,0x92,0x16,0x4a,0x23,0xea,0x10,0x27,0x80,0x7,0x61,0x4,0xe1,0x5a,0x66,0x59,0x13,0x93,0x7f,0x17,0x2e,0x4b,0x35,0xbd,0x15,0xf3,0x1,0x5f,0xc9,0xb3,0x8c,0x62,0xd1,0xab,0x49,0x54,0xb9,0xa4,0x60,0xfd,0x20,0x7d,0x8,0xca,0xd3,0x57,0x17,0x1,0xd6,0x21,0x19,0x1a,0xe0,0x7d,0xf7,0x9a,0xe,0x34,0xc7,0x9b,0x4b,0x20,0x25,0x14,0xdb,0xa4,0xf0,0xa1,0xaa,0x2b,0xf9,0xac,0xc3,0xfc,0x48,0x10,0x64,0xe8,0xff,0x44,0x47,0xd7,0x2,0x68,0x11,0x57,0x9a,0xd6,0x2d,0x73,0x7d,0xff,0x3b,0x3b,0xd9,0xe5,0x89,0x40,0x3a,0x45,0xf8,0x35,0x7,0x50,0x89,0xa8,0xe,0xca,0x15,0x82,0x4c,0x13,0xc,0x9a,0xec,0xa3,0x51,0x82,0x54,0xdc,0,0x46,0x3b,0x2b,0xfe,0xd8,0x6d,0x3,0xef,0xe3,0x95,0x18,0x67,0x21,0x9d,0x11,0x40,0xb3,0xcf,0x68,0x5f,0x11,0x1e,0x8a,0x4d,0xc,0x68,0xf2,0x9a,0xb9,0x51,0x20,0x72,0x6a,0xc9,0x13,0x88,0x78,0xd,0x87,0x8b,0x58,0x46,0xac,0x92,0x9e,0x8c,0xe2,0x8c,0xec,0xd,0xfc,0x29,0x82,0x7f,0x60,0xa7,0x20,0x22,0xf7,0xe3,0x58,0xf5,0x52,0x24,0x27,0xff,0xf8,0x99,0x98,0xa,0xfd,0x64,0x43,0x43,0x21,0xa1,0x2e,0x66,0xdb,0xfd,0x70,0xd9,0x55,0x81,0x8a,0x81,0xe,0xc0,0x47,0x7e,0x64,0x67,0xda,0x27,0xa6,0x51,0xa5,0x26,0x5f,0x41,0xf2,0xa9,0x4b,0xe8,0x92,0x37,0x70,0x88,0x83,0x73,0x56,0x72,0x30,0x28,0xcd,0x55,0x3f,0xc8,0x8d,0x23,0x4b,0xe2,0x47,0xbd,0xd4,0x72,0x6f,0x27,0x55,0x87,0xc5,0x68,0xa1,0xa7,0xa0,0xf6,0x21,0x18,0x68,0xbb,0x96,0x5,0x54,0xfa,0xe4,0x7,0x5b,0x19,0x9d,0xcb,0x68,0x9e,0x1d,0xc1,0x15,0x8d,0xb2,0x91,0x52,0xf4,0x85,0x69,0,0x1,0xca,0x66,0x34,0xf,0x12,0xc5,0x53,0xc2,0xd8,0x75,0x2e,0x4c,0x83,0xbf,0xf7,0x20,0x6,0xa0,0x45,0xb5,0xbe,0x6a,0x11,0x17,0xa0,0xb2,0x69,0x1,0x3d,0x48,0x45,0xca,0x86,0xff,0x1a,0x96,0x39,0xf3,0x10,0xf5,0x80,0xd1,0x8c,0x4,0xd0,0xee,0x70,0x52,0x59,0x3,0xa2,0x9d,0x6,0x9f,0x3c,0xfa,0x1,0x43,0xa4,0xe9,0x83,0xff,0x54,0xa6,0x24,0x81,0x89,0xa6,0x75,0x87,0x65,0x45,0xdc,0x80,0x79,0x54,0x8d,0x9a,0xf2,0x4f,0xdb,0xcc,0x3a,0x6a,0xb5,0xdf,0xee,0xb2,0x87,0xec,0x6b,0x3a,0xc,0xc4,0x62,0x9d,0xc3,0xd3,0x9c,0x79,0x92,0x3a,0x85,0x26,0x2e,0x18,0x5,0x65,0xf0,0x2c,0x59,0x1f,0xa0,0x54,0x54,0xe6,0x79,0x92,0x63,0x14,0x55,0xff,0xe3,0xcf,0xc6,0x14,0xda,0x74,0x3f,0x13,0xe5,0x49,0x4a,0xf8,0x20,0x1,0x4e,0xbc,0xf9,0x6a,0x34,0x6e,0xd9,0x34,0x75,0xc0,0x1e,0x63,0xd2,0xe6,0xbf,0xd,0x5f,0x9,0x86,0x73,0x16,0x15,0xeb,0x93,0x9a,0xac,0xed,0xe0,0x7d,0x8f,0x74,0xfb,0x9,0x3e,0x4a,0x77,0xfe,0xc3,0xe3,0x83,0x59,0x8b,0x28,0xe1,0x4a,0xda,0x78,0xcd,0x72,0x95,0x99,0xb3,0x8c,0x2c,0xab,0x87,0xe2,0x10,0x3a,0xfa,0xe6,0x3c,0x75,0x78,0xea,0xb1,0xcb,0x6c,0x1b,0xf5,0xa4,0xa7,0x55,0x1a,0x38,0xdf,0x83,0xca,0x1e,0xae,0x37,0xeb,0xdc,0xde,0xbd,0xf0,0x18,0x82,0x87,0x95,0x14,0x7,0xb8,0x4b,0xd8,0xcb,0x85,0xd3,0x2b,0x5a,0xb3,0x7f,0xc3,0x19,0x18,0xd7,0xe9,0xfc,0xfa,0x3a,0x9c,0x4f,0x43,0x43,0xe6,0x17,0xd,0xac,0xdc,0x69,0x53,0xdc,0x78,0x19,0xaa,0x7b,0x63,0x27,0x46,0xd7,0xcc,0x12,0xdb,0xa7,0xf6,0xde,0xa3,0x74,0x5c,0x25,0x11,0x24,0xa1,0x43,0xf1,0x2b,0x99,0xb0,0x4,0x70,0x35,0xc8,0xc2,0xec,0xe2,0xe1,0x8d,0x99,0x9b,0x21,0x32,0xfd,0xf3,0xdb,0x9c,0x40,0x60,0xea,0x69,0x32,0x5e,0x4f,0x9c,0xe,0xd0,0x22,0x53,0x87,0xb4,0x5c,0x7c,0x50,0x54])",/home/chris/Toward-verification-of-QUIC-extensions/installer/TVOQE/results/errors/client/local/quant-client-2/temp/198/quic_client_test_stream0.iev,0.0,0.0
672," /home/chris/TVOQE_UPGRADE_27/quic/quant/Debug/bin/client -c false -r 20 -l /home/chris/secret.log -q /home/chris/qlog_quant -t 3600 -v 5 -e 0xff00001d https://localhost:4443/index.html
",client,quic_client_test_limit_max_error0,,"ivy_return_code(1)+assumption_failed(""quic_client_test_limit_max_error.ivy: line 504"")",/home/chris/Toward-verification-of-QUIC-extensions/installer/TVOQE/results/errors/client/local/quant-client-2/temp/1228/quic_client_test_limit_max_error0.iev,0.0,0.0
673," /home/chris/TVOQE_UPGRADE_27/quic/quant/Debug/bin/client -c false -r 20 -l /home/chris/secret.log -q /home/chris/qlog_quant -t 3600 -v 5 -e 0xff00001d https://localhost:4443/index.html
",client,quic_client_test_tp_unkown0,,,/home/chris/Toward-verification-of-QUIC-extensions/installer/TVOQE/results/errors/client/local/quant-client-2/temp/1179/quic_client_test_tp_unkown0.iev,0.0,1.0
674," /home/chris/TVOQE_UPGRADE_27/quic/quant/Debug/bin/client -c false -r 20 -l /home/chris/secret.log -q /home/chris/qlog_quant -t 3600 -v 5 -e 0xff00001d https://localhost:4443/index.html
",client,quic_client_test_double_tp_error0,,server_return_code(1)+ivy_return_code(1),/home/chris/Toward-verification-of-QUIC-extensions/installer/TVOQE/results/errors/client/local/quant-client-2/temp/485/quic_client_test_double_tp_error0.iev,0.0,0.0
675," /home/chris/TVOQE_UPGRADE_27/quic/quant/Debug/bin/client -c false -r 20 -l /home/chris/secret.log -q /home/chris/qlog_quant -t 3600 -v 5 -e 0xff00001d https://localhost:4443/index.html
",client,quic_client_test_accept_maxdata0,,,/home/chris/Toward-verification-of-QUIC-extensions/installer/TVOQE/results/errors/client/local/quant-client-2/temp/827/quic_client_test_accept_maxdata0.iev,0.0,1.0
676," /home/chris/TVOQE_UPGRADE_27/quic/quant/Debug/bin/client -c false -r 20 -l /home/chris/secret.log -q /home/chris/qlog_quant -t 3600 -v 5 -e 0xff00001d https://localhost:4443/index.html
",client,quic_client_test_blocked_streams_maxstream_error0,,"ivy_return_code(1)+assumption_failed(""quic_client_test_blocked_streams_maxstream_error.ivy: line 283"")",/home/chris/Toward-verification-of-QUIC-extensions/installer/TVOQE/results/errors/client/local/quant-client-2/temp/607/quic_client_test_blocked_streams_maxstream_error0.iev,0.0,0.0
677," /home/chris/TVOQE_UPGRADE_27/quic/quant/Debug/bin/client -c false -r 20 -l /home/chris/secret.log -q /home/chris/qlog_quant -t 3600 -v 5 -e 0xff00001d https://localhost:4443/index.html
",client,quic_client_test_tp_unkown0,,,/home/chris/Toward-verification-of-QUIC-extensions/installer/TVOQE/results/errors/client/local/quant-client-2/temp/1168/quic_client_test_tp_unkown0.iev,0.0,1.0
678," /home/chris/TVOQE_UPGRADE_27/quic/quant/Debug/bin/client -c false -r 20 -l /home/chris/secret.log -q /home/chris/qlog_quant -t 3600 -v 5 -e 0xff00001d https://localhost:4443/index.html
",client,quic_client_test_tp_error0,,"timeout+< undecryptable_packet_event({protocol:udp,addr:0x7f000001,port:0xd5be},{protocol:udp,addr:0x7f000001,port:0x115b},[0xc4,0xff,0,0,0x1d,0x14,0xd4,0xcd,0x67,0xa9,0xdb,0x82,0x3a,0xf6,0xa7,0xdc,0x72,0x50,0xcd,0xcb,0xdd,0xeb,0x84,0xdd,0x47,0xd3,0x4,0x2b,0x8d,0xcc,0x60,0,0x44,0x8e,0xf6,0xdf,0xba,0x5d,0x79,0x34,0x77,0xba,0x1b,0x8d,0xf,0x86,0xb3,0x83,0x88,0xf5,0x56,0xca,0x9a,0x89,0x5,0x67,0x66,0x3d,0x8c,0xfc,0xc6,0x60,0xd2,0x17,0x13,0x5f,0x2e,0x5d,0x55,0xb5,0x23,0xa0,0xdb,0xae,0xd6,0xaa,0x64,0xbe,0x7c,0xdc,0x9f,0x73,0xae,0x84,0xd4,0x81,0x65,0xb2,0x29,0x27,0x45,0x90,0x2,0x1e,0x59,0xb5,0x87,0xd1,0xb,0xb2,0x14,0x1f,0x9b,0xde,0x9,0xce,0xc5,0xb1,0x22,0x9a,0x77,0xae,0x7,0x74,0x8e,0x97,0xf6,0x1d,0xd7,0xe2,0xaa,0x83,0xe7,0xa,0x65,0x59,0x93,0x6f,0x55,0x79,0xb1,0x8f,0xfd,0x15,0xf9,0x73,0x45,0xc6,0x2c,0x7a,0x96,0xd9,0xe7,0x1e,0x59,0x6,0x85,0x36,0x68,0x65,0x14,0x8b,0x84,0x9b,0x88,0x77,0x86,0xc4,0x6e,0xa9,0x97,0x18,0x48,0x46,0x32,0x60,0xe7,0x85,0x81,0xbc,0xef,0xe9,0xbe,0x95,0xae,0xaf,0x7d,0xf6,0x4a,0xfd,0x57,0x4f,0x82,0x5e,0x8e,0x85,0x24,0xf8,0xa,0xdf,0x90,0x9,0x4a,0xbb,0xd8,0xa5,0xfc,0x72,0xc4,0x3c,0x2c,0x3c,0x65,0xab,0x6d,0x3e,0x5e,0x86,0x2a,0x9f,0x93,0x8c,0x58,0x67,0x96,0xd2,0x2e,0xf8,0x54,0x8a,0x85,0x13,0x9a,0x8b,0x7c,0x32,0xce,0xa9,0x2c,0x6c,0xb6,0x93,0x13,0xa9,0x1e,0x7e,0xfa,0x80,0x9d,0x36,0xdc,0x9f,0xcd,0,0x95,0xeb,0xdb,0xc6,0x20,0x6,0x89,0xe7,0xd3,0xa1,0xa6,0x2f,0x81,0x9b,0x9f,0xb2,0xd1,0xf3,0xb0,0x22,0x98,0x85,0xff,0x73,0x98,0x3a,0xe0,0xc8,0x88,0xb6,0x1d,0x9,0x20,0x2a,0xe7,0x6c,0x85,0x86,0xc6,0xce,0x4b,0xbd,0xc,0x8,0xbc,0x19,0x95,0x84,0xd3,0x15,0x2b,0x28,0x79,0xef,0x5d,0xbf,0xd0,0x17,0x16,0xab,0x25,0x47,0x9c,0x6f,0xb1,0xbe,0xe5,0x7,0x52,0x57,0x3e,0x29,0xf,0x14,0x29,0xbb,0x7f,0xb2,0xbd,0x30,0x22,0xe2,0x63,0xe7,0x1b,0x29,0xa7,0xa,0x33,0x39,0xb8,0x48,0x44,0x93,0x64,0x38,0x56,0x4b,0x69,0xc9,0x12,0x1c,0x2e,0x37,0x22,0xb6,0x6b,0x6a,0x83,0xa8,0xf3,0xf9,0x2,0x9f,0x93,0x38,0xe5,0xc7,0x52,0xdc,0xde,0x23,0x5e,0xaf,0xd6,0x4f,0x27,0xa7,0x6f,0xcf,0x32,0x7c,0x70,0x26,0x70,0xc6,0xac,0x5f,0x35,0xe5,0xa6,0x85,0xd0,0xa8,0xeb,0xdc,0x80,0xe6,0x1f,0x36,0x5a,0xd,0xf0,0xa6,0x25,0x26,0x8f,0x9e,0x8a,0xa2,0x23,0x95,0x58,0xa0,0xae,0xd7,0xd2,0x88,0x75,0x55,0xb4,0x80,0x2d,0xd3,0x23,0x57,0xd,0x26,0x12,0x47,0x9c,0x96,0x31,0x4d,0x1a,0xd3,0xd4,0x8c,0x58,0x16,0xe1,0x40,0x1e,0x84,0x3a,0x47,0x31,0x1f,0x4d,0x14,0x1e,0x60,0xae,0xa3,0x63,0xc8,0xd8,0xea,0x9f,0,0xac,0x80,0xc9,0x6c,0x6,0xa,0x37,0x9a,0xc9,0xe8,0x2e,0x3a,0x79,0x8f,0x47,0xa6,0x7c,0xe3,0x96,0x1,0x34,0x35,0x8c,0x3b,0x8e,0xe9,0xaa,0xbb,0x3c,0xcc,0x55,0x8b,0xec,0,0x77,0xcd,0x7,0xec,0x62,0x36,0x77,0xa1,0xb9,0x9,0xca,0xb,0x13,0x77,0x21,0x31,0x57,0xf4,0xfa,0x89,0xd8,0x1c,0x23,0x5d,0xa7,0xc8,0x60,0x15,0x55,0x7e,0x36,0xbe,0x1e,0x50,0x80,0xe,0xc4,0xba,0xa0,0x65,0xb0,0xaf,0x3a,0x88,0x6d,0x44,0xf,0xc3,0x4d,0x2a,0xd3,0x69,0x91,0xf,0x30,0x5d,0x25,0x66,0xde,0xeb,0x96,0x8f,0xd7,0xaa,0x82,0x48,0xe9,0x68,0x76,0xfe,0xab,0x47,0x31,0xfa,0x9e,0x7b,0x55,0x59,0xe9,0x89,0xbe,0xbc,0x70,0x2c,0x89,0x4f,0xa,0x25,0x9b,0x56,0x46,0x8b,0xf6,0xea,0x14,0xa,0x57,0xf7,0xf1,0x18,0x88,0x73,0x13,0xa7,0xbf,0xe3,0x71,0xef,0xb5,0xf8,0x5b,0x3d,0xa7,0x1c,0x22,0x35,0x26,0xee,0x71,0x51,0x61,0,0x2,0xf9,0x2d,0x57,0x3b,0x1d,0x8,0xd6,0xa,0x79,0x28,0x15,0xc4,0xc6,0xb6,0xba,0x9d,0xa8,0,0x79,0x14,0x59,0x2c,0xc7,0x5e,0x6f,0x6e,0x44,0x76,0xff,0x8e,0x4b,0xc6,0x8b,0xd5,0x69,0xaa,0x89,0x60,0xc3,0x36,0xe1,0xa,0x78,0x37,0x95,0xe0,0x7d,0x84,0xc5,0x20,0xcf,0xe0,0x62,0xdd,0xa0,0x78,0x22,0x93,0xea,0x31,0xfc,0x9c,0x7,0x55,0x69,0xee,0xaa,0xa8,0x9d,0x52,0xda,0x2d,0x3,0xf,0x82,0x63,0x9a,0xf1,0xc0,0xbd,0x2b,0x2d,0xae,0x60,0x6e,0x82,0xae,0x84,0xa3,0x88,0xef,0xaa,0x24,0x39,0xb6,0xab,0xe9,0xc0,0x85,0x63,0xc8,0xfb,0xbc,0x6a,0xab,0xc7,0x26,0x23,0x4b,0x38,0xab,0x18,0x88,0xd1,0x64,0xe5,0xdc,0xe0,0xd6,0x6f,0x94,0x14,0x38,0xdd,0x76,0x51,0xfc,0x25,0xe1,0xa1,0x67,0x91,0x2e,0x5d,0xf6,0x21,0xa5,0xf6,0xda,0x60,0x61,0x57,0x37,0x90,0xdc,0x8,0x1,0xcb,0x5e,0xd8,0x5,0x7a,0x1c,0x56,0xf1,0x15,0x83,0x76,0xb,0xd6,0xa,0xdb,0x53,0x91,0x87,0xd5,0x92,0xd5,0xfc,0x6d,0x44,0x80,0x84,0xe5,0x6a,0xf3,0x6f,0x3,0x27,0x22,0x57,0x53,0x7c,0xb9,0xe3,0xbe,0xc4,0x4a,0x3d,0x3b,0xaa,0xf0,0x18,0xcc,0x42,0x9f,0xf8,0x2,0xed,0x9d,0xc2,0x3f,0x1d,0x5c,0x79,0x9c,0xfc,0x7f,0x62,0x94,0x29,0xaf,0x6a,0x5,0x41,0xde,0xb,0x72,0x5f,0x82,0x81,0x72,0x82,0xdc,0x1f,0xad,0xb1,0x31,0xce,0x49,0xfd,0x5e,0xb2,0x8d,0xb1,0x44,0x4,0x13,0xa0,0xc2,0x33,0xc2,0x9d,0x19,0xd8,0xa9,0xd4,0xc4,0xd7,0x3d,0x2d,0x79,0x53,0x7c,0x67,0xbc,0xcb,0xd4,0xfa,0x4e,0x7f,0x2e,0xb1,0xa1,0x5d,0x35,0x1c,0xd7,0xe3,0x34,0xa7,0x80,0x8,0x50,0xc5,0x1d,0xa1,0x67,0xe7,0xb5,0xd0,0x67,0xa,0x3c,0x65,0x2c,0x8f,0xb3,0xe7,0xe,0xc4,0x11,0x7d,0x91,0xee,0x58,0xfb,0xb8,0x16,0xf6,0xe2,0xdb,0xca,0xe2,0x10,0xb2,0x3a,0xe1,0x87,0xf0,0xba,0xe2,0x6,0xa3,0xc1,0x56,0xc4,0xa2,0x79,0x4a,0x30,0x79,0x8a,0x36,0x7f,0x2e,0x6,0xa5,0x72,0x21,0xb8,0x73,0x4e,0x52,0xb4,0x7b,0xca,0x81,0xda,0xd0,0x9c,0x28,0xeb,0x24,0xf0,0xb9,0x38,0x46,0x81,0x6e,0xcc,0x8d,0xda,0xee,0x91,0xc,0x59,0x7e,0x8e,0x13,0x6,0xe0,0x67,0x11,0xb2,0x93,0x51,0x93,0xaf,0x68,0x22,0xa8,0x37,0x78,0xe4,0x28,0x61,0x7d,0x12,0x95,0x23,0x8e,0x13,0x6,0xd,0xcb,0x45,0xf6,0x1e,0xa8,0x6f,0xca,0xe6,0xd2,0xee,0x2a,0x73,0x84,0x22,0x43,0x50,0x4f,0x4e,0xf2,0x66,0x7d,0x8f,0x7f,0xb4,0x5f,0x87,0x63,0xcf,0x87,0xb2,0x3c,0xf6,0x4d,0x8,0xcf,0xab,0x7b,0xe7,0x29,0xb3,0x3f,0x27,0xec,0x95,0xc7,0xfb,0xdf,0xe0,0x72,0x8b,0xc6,0xe1,0xe2,0x31,0x29,0x57,0x65,0x25,0xd0,0x6d,0x2,0xb6,0xc1,0xae,0xef,0xb8,0x9d,0x80,0x67,0x8a,0xb6,0xbf,0xdf,0xd1,0xdb,0x2,0x98,0xea,0x47,0xfe,0x28,0x3,0x12,0x2,0x84,0xec,0x96,0x71,0x95,0x42,0xf5,0x55,0xa0,0x7e,0xd2,0x5e,0xb5,0x2f,0x7e,0x75,0xec,0x51,0x1e,0xa7,0xd2,0x3,0xe1,0x10,0xc4,0xe5,0x7e,0x45,0x99,0xc1,0x71,0xca,0x1e,0xb4,0x11,0xd5,0x54,0xfc,0x10,0x3d,0x84,0x13,0xaf,0xbd,0x7b,0xd,0xf4,0x74,0x93,0xd9,0x88,0x4c,0xa,0xf6,0x3f,0x1b,0xf2,0x89,0x4a,0x51,0xdc,0xec,0xe6,0x9d,0x40,0x9a,0x1e,0xb8,0xf4,0xd0,0xca,0xa8,0xd4,0x91,0x87,0x53,0x89,0x45,0x16,0xfc,0x43,0xd7,0xf,0x5d,0xe4,0x58,0x7f,0x46,0x30,0xb5,0x6,0xf6,0xc6,0x80,0xde,0xf6,0xb9,0xcf,0xc5,0x1b,0xcc,0xbc,0x78,0x64,0x80,0x8a,0x1f,0xb6,0xeb,0x6,0x55,0x9,0x80,0xd7,0x1d,0x3e,0x1f,0x5f,0xc5,0x21])",/home/chris/Toward-verification-of-QUIC-extensions/installer/TVOQE/results/errors/client/local/quant-client-2/temp/365/quic_client_test_tp_error0.iev,0.0,0.0
679," /home/chris/TVOQE_UPGRADE_27/quic/quant/Debug/bin/client -c false -r 20 -l /home/chris/secret.log -q /home/chris/qlog_quant -t 3600 -v 5 -e 0xff00001d https://localhost:4443/index.html
",client,quic_client_test_double_tp_error0,,"ivy_return_code(1)+assumption_failed(""quic_client_test_double_tp_error.ivy: line 502"")",/home/chris/Toward-verification-of-QUIC-extensions/installer/TVOQE/results/errors/client/local/quant-client-2/temp/497/quic_client_test_double_tp_error0.iev,0.0,0.0
680," /home/chris/TVOQE_UPGRADE_27/quic/quant/Debug/bin/client -c false -r 20 -l /home/chris/secret.log -q /home/chris/qlog_quant -t 3600 -v 5 -e 0xff00001d https://localhost:4443/index.html
",client,quic_client_test_tp_acticoid_error0,,,/home/chris/Toward-verification-of-QUIC-extensions/installer/TVOQE/results/errors/client/local/quant-client-2/temp/564/quic_client_test_tp_acticoid_error0.iev,0.0,1.0
681," /home/chris/TVOQE_UPGRADE_27/quic/quant/Debug/bin/client -c false -r 20 -l /home/chris/secret.log -q /home/chris/qlog_quant -t 3600 -v 5 -e 0xff00001d https://localhost:4443/index.html
",client,quic_client_test_unkown0,,"ivy_return_code(1)+assumption_failed(""quic_client_test_unkown.ivy: line 513"")",/home/chris/Toward-verification-of-QUIC-extensions/installer/TVOQE/results/errors/client/local/quant-client-2/temp/1046/quic_client_test_unkown0.iev,0.0,0.0
682," /home/chris/TVOQE_UPGRADE_27/quic/quant/Debug/bin/client -c false -r 20 -l /home/chris/secret.log -q /home/chris/qlog_quant -t 3600 -v 5 -e 0xff00001d https://localhost:4443/index.html
",client,quic_client_test_new_token_error0,,server_return_code(1)+ivy_return_code(1),/home/chris/Toward-verification-of-QUIC-extensions/installer/TVOQE/results/errors/client/local/quant-client-2/temp/1319/quic_client_test_new_token_error0.iev,0.0,0.0
683," /home/chris/TVOQE_UPGRADE_27/quic/quant/Debug/bin/client -c false -r 20 -l /home/chris/secret.log -q /home/chris/qlog_quant -t 3600 -v 5 -e 0xff00001d https://localhost:4443/index.html
",client,quic_client_test_retirecoid_error0,,"ivy_return_code(1)+assumption_failed(""quic_client_test_retirecoid_error.ivy: line 276"")",/home/chris/Toward-verification-of-QUIC-extensions/installer/TVOQE/results/errors/client/local/quant-client-2/temp/759/quic_client_test_retirecoid_error0.iev,0.0,0.0
684," /home/chris/TVOQE_UPGRADE_27/quic/quant/Debug/bin/client -c false -r 20 -l /home/chris/secret.log -q /home/chris/qlog_quant -t 3600 -v 5 -e 0xff00001d https://localhost:4443/index.html
",client,quic_client_test_accept_maxdata0,,,/home/chris/Toward-verification-of-QUIC-extensions/installer/TVOQE/results/errors/client/local/quant-client-2/temp/823/quic_client_test_accept_maxdata0.iev,0.0,1.0
685," /home/chris/TVOQE_UPGRADE_27/quic/quant/Debug/bin/client -c false -r 20 -l /home/chris/secret.log -q /home/chris/qlog_quant -t 3600 -v 5 -e 0xff00001d https://localhost:4443/index.html
",client,quic_client_test_retirecoid_error0,,"ivy_return_code(1)+assumption_failed(""quic_client_test_retirecoid_error.ivy: line 276"")",/home/chris/Toward-verification-of-QUIC-extensions/installer/TVOQE/results/errors/client/local/quant-client-2/temp/701/quic_client_test_retirecoid_error0.iev,0.0,0.0
686," /home/chris/TVOQE_UPGRADE_27/quic/quant/Debug/bin/client -c false -r 20 -l /home/chris/secret.log -q /home/chris/qlog_quant -t 3600 -v 5 -e 0xff00001d https://localhost:4443/index.html
",client,quic_client_test_ext_min_ack_delay0,,,/home/chris/Toward-verification-of-QUIC-extensions/installer/TVOQE/results/errors/client/local/quant-client-2/temp/231/quic_client_test_ext_min_ack_delay0.iev,0.0,1.0
687," /home/chris/TVOQE_UPGRADE_27/quic/quant/Debug/bin/client -c false -r 20 -l /home/chris/secret.log -q /home/chris/qlog_quant -t 3600 -v 5 -e 0xff00001d https://localhost:4443/index.html
",client,quic_client_test_unkown0,,"ivy_return_code(1)+assumption_failed(""quic_client_test_unkown.ivy: line 513"")",/home/chris/Toward-verification-of-QUIC-extensions/installer/TVOQE/results/errors/client/local/quant-client-2/temp/1059/quic_client_test_unkown0.iev,0.0,0.0
688," /home/chris/TVOQE_UPGRADE_27/quic/quant/Debug/bin/client -c false -r 20 -l /home/chris/secret.log -q /home/chris/qlog_quant -t 3600 -v 5 -e 0xff00001d https://localhost:4443/index.html
",client,quic_client_test_tp_acticoid_error0,,,/home/chris/Toward-verification-of-QUIC-extensions/installer/TVOQE/results/errors/client/local/quant-client-2/temp/592/quic_client_test_tp_acticoid_error0.iev,0.0,1.0
689," /home/chris/TVOQE_UPGRADE_27/quic/quant/Debug/bin/client -c false -r 20 -l /home/chris/secret.log -q /home/chris/qlog_quant -t 3600 -v 5 -e 0xff00001d https://localhost:4443/index.html
",client,quic_client_test_tp_unkown0,,,/home/chris/Toward-verification-of-QUIC-extensions/installer/TVOQE/results/errors/client/local/quant-client-2/temp/1136/quic_client_test_tp_unkown0.iev,0.0,1.0
690," /home/chris/TVOQE_UPGRADE_27/quic/quant/Debug/bin/client -c false -r 20 -l /home/chris/secret.log -q /home/chris/qlog_quant -t 3600 -v 5 -e 0xff00001d https://localhost:4443/index.html
",client,quic_client_test_unkown0,,"ivy_return_code(1)+assumption_failed(""quic_client_test_unkown.ivy: line 513"")",/home/chris/Toward-verification-of-QUIC-extensions/installer/TVOQE/results/errors/client/local/quant-client-2/temp/1004/quic_client_test_unkown0.iev,0.0,0.0
691," /home/chris/TVOQE_UPGRADE_27/quic/quant/Debug/bin/client -c false -r 20 -l /home/chris/secret.log -q /home/chris/qlog_quant -t 3600 -v 5 -e 0xff00001d https://localhost:4443/index.html
",client,quic_client_test_tp_unkown0,,,/home/chris/Toward-verification-of-QUIC-extensions/installer/TVOQE/results/errors/client/local/quant-client-2/temp/1158/quic_client_test_tp_unkown0.iev,0.0,1.0
692," /home/chris/TVOQE_UPGRADE_27/quic/quant/Debug/bin/client -c false -r 20 -l /home/chris/secret.log -q /home/chris/qlog_quant -t 3600 -v 5 -e 0xff00001d https://localhost:4443/index.html
",client,quic_client_test_max0,,"ivy_return_code(1)+assumption_failed(""quic_client_test.ivy: line 310"")",/home/chris/Toward-verification-of-QUIC-extensions/installer/TVOQE/results/errors/client/local/quant-client-2/temp/13/quic_client_test_max0.iev,0.0,0.0
693," /home/chris/TVOQE_UPGRADE_27/quic/quant/Debug/bin/client -c false -r 20 -l /home/chris/secret.log -q /home/chris/qlog_quant -t 3600 -v 5 -e 0xff00001d https://localhost:4443/index.html
",client,quic_client_test_new_token_error0,,"ivy_return_code(1)+assumption_failed(""quic_client_test_new_token_error.ivy: line 517"")",/home/chris/Toward-verification-of-QUIC-extensions/installer/TVOQE/results/errors/client/local/quant-client-2/temp/1305/quic_client_test_new_token_error0.iev,0.0,0.0
694," /home/chris/TVOQE_UPGRADE_27/quic/quant/Debug/bin/client -c false -r 20 -l /home/chris/secret.log -q /home/chris/qlog_quant -t 3600 -v 5 -e 0xff00001d https://localhost:4443/index.html
",client,quic_client_test_stream0,,,/home/chris/Toward-verification-of-QUIC-extensions/installer/TVOQE/results/errors/client/local/quant-client-2/temp/170/quic_client_test_stream0.iev,0.0,1.0
695," /home/chris/TVOQE_UPGRADE_27/quic/quant/Debug/bin/client -c false -r 20 -l /home/chris/secret.log -q /home/chris/qlog_quant -t 3600 -v 5 -e 0xff00001d https://localhost:4443/index.html
",client,quic_client_test_unkown0,,ivy_return_code(134)+ivy_binary_deser_128 getn deser_err,/home/chris/Toward-verification-of-QUIC-extensions/installer/TVOQE/results/errors/client/local/quant-client-2/temp/1003/quic_client_test_unkown0.iev,0.0,0.0
696," /home/chris/TVOQE_UPGRADE_27/quic/quant/Debug/bin/client -c false -r 20 -l /home/chris/secret.log -q /home/chris/qlog_quant -t 3600 -v 5 -e 0xff00001d https://localhost:4443/index.html
",client,quic_client_test_max0,,,/home/chris/Toward-verification-of-QUIC-extensions/installer/TVOQE/results/errors/client/local/quant-client-2/temp/14/quic_client_test_max0.iev,0.0,1.0
697," /home/chris/TVOQE_UPGRADE_27/quic/quant/Debug/bin/client -c false -r 20 -l /home/chris/secret.log -q /home/chris/qlog_quant -t 3600 -v 5 -e 0xff00001d https://localhost:4443/index.html
",client,quic_client_test_new_token_error0,,"ivy_return_code(1)+assumption_failed(""quic_client_test_new_token_error.ivy: line 517"")",/home/chris/Toward-verification-of-QUIC-extensions/installer/TVOQE/results/errors/client/local/quant-client-2/temp/1386/quic_client_test_new_token_error0.iev,0.0,0.0
698," /home/chris/TVOQE_UPGRADE_27/quic/quant/Debug/bin/client -c false -r 20 -l /home/chris/secret.log -q /home/chris/qlog_quant -t 3600 -v 5 -e 0xff00001d https://localhost:4443/index.html
",client,quic_client_test_max0,,,/home/chris/Toward-verification-of-QUIC-extensions/installer/TVOQE/results/errors/client/local/quant-client-2/temp/79/quic_client_test_max0.iev,0.0,1.0
699," /home/chris/TVOQE_UPGRADE_27/quic/quant/Debug/bin/client -c false -r 20 -l /home/chris/secret.log -q /home/chris/qlog_quant -t 3600 -v 5 -e 0xff00001d https://localhost:4443/index.html
",client,quic_client_test_tp_prefadd_error0,,server_return_code(1)+ivy_return_code(1),/home/chris/Toward-verification-of-QUIC-extensions/installer/TVOQE/results/errors/client/local/quant-client-2/temp/943/quic_client_test_tp_prefadd_error0.iev,0.0,0.0
700," /home/chris/TVOQE_UPGRADE_27/quic/quant/Debug/bin/client -c false -r 20 -l /home/chris/secret.log -q /home/chris/qlog_quant -t 3600 -v 5 -e 0xff00001d https://localhost:4443/index.html
",client,quic_client_test_ext_min_ack_delay0,,"ivy_return_code(1)+assumption_failed(""quic_client_test_ext_min_ack_delay.ivy: line 524"")",/home/chris/Toward-verification-of-QUIC-extensions/installer/TVOQE/results/errors/client/local/quant-client-2/temp/296/quic_client_test_ext_min_ack_delay0.iev,0.0,0.0
701," /home/chris/TVOQE_UPGRADE_27/quic/quant/Debug/bin/client -c false -r 20 -l /home/chris/secret.log -q /home/chris/qlog_quant -t 3600 -v 5 -e 0xff00001d https://localhost:4443/index.html
",client,quic_client_test_retirecoid_error0,,"ivy_return_code(1)+assumption_failed(""quic_client_test_retirecoid_error.ivy: line 276"")",/home/chris/Toward-verification-of-QUIC-extensions/installer/TVOQE/results/errors/client/local/quant-client-2/temp/754/quic_client_test_retirecoid_error0.iev,0.0,0.0
702," /home/chris/TVOQE_UPGRADE_27/quic/quant/Debug/bin/client -c false -r 20 -l /home/chris/secret.log -q /home/chris/qlog_quant -t 3600 -v 5 -e 0xff00001d https://localhost:4443/index.html
",client,quic_client_test_retirecoid_error0,,"ivy_return_code(1)+assumption_failed(""quic_client_test_retirecoid_error.ivy: line 276"")",/home/chris/Toward-verification-of-QUIC-extensions/installer/TVOQE/results/errors/client/local/quant-client-2/temp/766/quic_client_test_retirecoid_error0.iev,0.0,0.0
703," /home/chris/TVOQE_UPGRADE_27/quic/quant/Debug/bin/client -c false -r 20 -l /home/chris/secret.log -q /home/chris/qlog_quant -t 3600 -v 5 -e 0xff00001d https://localhost:4443/index.html
",client,quic_client_test_blocked_streams_maxstream_error0,,"ivy_return_code(1)+assumption_failed(""quic_client_test_blocked_streams_maxstream_error.ivy: line 283"")",/home/chris/Toward-verification-of-QUIC-extensions/installer/TVOQE/results/errors/client/local/quant-client-2/temp/687/quic_client_test_blocked_streams_maxstream_error0.iev,0.0,0.0
704," /home/chris/TVOQE_UPGRADE_27/quic/quant/Debug/bin/client -c false -r 20 -l /home/chris/secret.log -q /home/chris/qlog_quant -t 3600 -v 5 -e 0xff00001d https://localhost:4443/index.html
",client,quic_client_test_ext_min_ack_delay0,,"ivy_return_code(1)+assumption_failed(""quic_client_test_ext_min_ack_delay.ivy: line 524"")",/home/chris/Toward-verification-of-QUIC-extensions/installer/TVOQE/results/errors/client/local/quant-client-2/temp/207/quic_client_test_ext_min_ack_delay0.iev,0.0,0.0
705," /home/chris/TVOQE_UPGRADE_27/quic/quant/Debug/bin/client -c false -r 20 -l /home/chris/secret.log -q /home/chris/qlog_quant -t 3600 -v 5 -e 0xff00001d https://localhost:4443/index.html
",client,quic_client_test_double_tp_error0,,server_return_code(1)+ivy_return_code(1),/home/chris/Toward-verification-of-QUIC-extensions/installer/TVOQE/results/errors/client/local/quant-client-2/temp/487/quic_client_test_double_tp_error0.iev,0.0,0.0
706," /home/chris/TVOQE_UPGRADE_27/quic/quant/Debug/bin/client -c false -r 20 -l /home/chris/secret.log -q /home/chris/qlog_quant -t 3600 -v 5 -e 0xff00001d https://localhost:4443/index.html
",client,quic_client_test_blocked_streams_maxstream_error0,,"ivy_return_code(1)+assumption_failed(""quic_client_test_blocked_streams_maxstream_error.ivy: line 283"")",/home/chris/Toward-verification-of-QUIC-extensions/installer/TVOQE/results/errors/client/local/quant-client-2/temp/603/quic_client_test_blocked_streams_maxstream_error0.iev,0.0,0.0
707," /home/chris/TVOQE_UPGRADE_27/quic/quant/Debug/bin/client -c false -r 20 -l /home/chris/secret.log -q /home/chris/qlog_quant -t 3600 -v 5 -e 0xff00001d https://localhost:4443/index.html
",client,quic_client_test_limit_max_error0,,"ivy_return_code(1)+assumption_failed(""quic_client_test_limit_max_error.ivy: line 504"")",/home/chris/Toward-verification-of-QUIC-extensions/installer/TVOQE/results/errors/client/local/quant-client-2/temp/1293/quic_client_test_limit_max_error0.iev,0.0,0.0
708," /home/chris/TVOQE_UPGRADE_27/quic/quant/Debug/bin/client -c false -r 20 -l /home/chris/secret.log -q /home/chris/qlog_quant -t 3600 -v 5 -e 0xff00001d https://localhost:4443/index.html
",client,quic_client_test_max0,,"ivy_return_code(1)+assumption_failed(""/usr/local/lib/python2.7/dist-packages/ivy/include/1.7/quic_packet.ivy: line 377"")",/home/chris/Toward-verification-of-QUIC-extensions/installer/TVOQE/results/errors/client/local/quant-client-2/temp/31/quic_client_test_max0.iev,0.0,0.0
709," /home/chris/TVOQE_UPGRADE_27/quic/quant/Debug/bin/client -c false -r 20 -l /home/chris/secret.log -q /home/chris/qlog_quant -t 3600 -v 5 -e 0xff00001d https://localhost:4443/index.html
",client,quic_client_test_tp_prefadd_error0,,server_return_code(1)+ivy_return_code(1),/home/chris/Toward-verification-of-QUIC-extensions/installer/TVOQE/results/errors/client/local/quant-client-2/temp/992/quic_client_test_tp_prefadd_error0.iev,0.0,0.0
710," /home/chris/TVOQE_UPGRADE_27/quic/quant/Debug/bin/client -c false -r 20 -l /home/chris/secret.log -q /home/chris/qlog_quant -t 3600 -v 5 -e 0xff00001d https://localhost:4443/index.html
",client,quic_client_test_stream0,,,/home/chris/Toward-verification-of-QUIC-extensions/installer/TVOQE/results/errors/client/local/quant-client-2/temp/120/quic_client_test_stream0.iev,0.0,1.0
711," /home/chris/TVOQE_UPGRADE_27/quic/quant/Debug/bin/client -c false -r 20 -l /home/chris/secret.log -q /home/chris/qlog_quant -t 3600 -v 5 -e 0xff00001d https://localhost:4443/index.html
",client,quic_client_test_ext_min_ack_delay0,,"ivy_return_code(1)+assumption_failed(""quic_client_test_ext_min_ack_delay.ivy: line 524"")",/home/chris/Toward-verification-of-QUIC-extensions/installer/TVOQE/results/errors/client/local/quant-client-2/temp/241/quic_client_test_ext_min_ack_delay0.iev,0.0,0.0
712," /home/chris/TVOQE_UPGRADE_27/quic/quant/Debug/bin/client -c false -r 20 -l /home/chris/secret.log -q /home/chris/qlog_quant -t 3600 -v 5 -e 0xff00001d https://localhost:4443/index.html
",client,quic_client_test_ext_min_ack_delay0,,,/home/chris/Toward-verification-of-QUIC-extensions/installer/TVOQE/results/errors/client/local/quant-client-2/temp/256/quic_client_test_ext_min_ack_delay0.iev,0.0,1.0
713," /home/chris/TVOQE_UPGRADE_27/quic/quant/Debug/bin/client -c false -r 20 -l /home/chris/secret.log -q /home/chris/qlog_quant -t 3600 -v 5 -e 0xff00001d https://localhost:4443/index.html
",client,quic_client_test_unkown0,,server_return_code(1)+ivy_return_code(1),/home/chris/Toward-verification-of-QUIC-extensions/installer/TVOQE/results/errors/client/local/quant-client-2/temp/1030/quic_client_test_unkown0.iev,0.0,0.0
714," /home/chris/TVOQE_UPGRADE_27/quic/quant/Debug/bin/client -c false -r 20 -l /home/chris/secret.log -q /home/chris/qlog_quant -t 3600 -v 5 -e 0xff00001d https://localhost:4443/index.html
",client,quic_client_test_tp_acticoid_error0,,,/home/chris/Toward-verification-of-QUIC-extensions/installer/TVOQE/results/errors/client/local/quant-client-2/temp/520/quic_client_test_tp_acticoid_error0.iev,0.0,1.0
715," /home/chris/TVOQE_UPGRADE_27/quic/quant/Debug/bin/client -c false -r 20 -l /home/chris/secret.log -q /home/chris/qlog_quant -t 3600 -v 5 -e 0xff00001d https://localhost:4443/index.html
",client,quic_client_test_tp_acticoid_error0,,,/home/chris/Toward-verification-of-QUIC-extensions/installer/TVOQE/results/errors/client/local/quant-client-2/temp/531/quic_client_test_tp_acticoid_error0.iev,0.0,1.0
716," /home/chris/TVOQE_UPGRADE_27/quic/quant/Debug/bin/client -c false -r 20 -l /home/chris/secret.log -q /home/chris/qlog_quant -t 3600 -v 5 -e 0xff00001d https://localhost:4443/index.html
",client,quic_client_test_limit_max_error0,,"ivy_return_code(1)+assumption_failed(""quic_client_test_limit_max_error.ivy: line 504"")",/home/chris/Toward-verification-of-QUIC-extensions/installer/TVOQE/results/errors/client/local/quant-client-2/temp/1226/quic_client_test_limit_max_error0.iev,0.0,0.0
717," /home/chris/TVOQE_UPGRADE_27/quic/quant/Debug/bin/client -c false -r 20 -l /home/chris/secret.log -q /home/chris/qlog_quant -t 3600 -v 5 -e 0xff00001d https://localhost:4443/index.html
",client,quic_client_test_accept_maxdata0,,,/home/chris/Toward-verification-of-QUIC-extensions/installer/TVOQE/results/errors/client/local/quant-client-2/temp/881/quic_client_test_accept_maxdata0.iev,0.0,1.0
718," /home/chris/TVOQE_UPGRADE_27/quic/quant/Debug/bin/client -c false -r 20 -l /home/chris/secret.log -q /home/chris/qlog_quant -t 3600 -v 5 -e 0xff00001d https://localhost:4443/index.html
",client,quic_client_test_new_token_error0,,ivy_return_code(134)+ivy_binary_deser_128 getn deser_err,/home/chris/Toward-verification-of-QUIC-extensions/installer/TVOQE/results/errors/client/local/quant-client-2/temp/1371/quic_client_test_new_token_error0.iev,0.0,0.0
719," /home/chris/TVOQE_UPGRADE_27/quic/quant/Debug/bin/client -c false -r 20 -l /home/chris/secret.log -q /home/chris/qlog_quant -t 3600 -v 5 -e 0xff00001d https://localhost:4443/index.html
",client,quic_client_test_limit_max_error0,,"ivy_return_code(1)+assumption_failed(""quic_client_test_limit_max_error.ivy: line 504"")",/home/chris/Toward-verification-of-QUIC-extensions/installer/TVOQE/results/errors/client/local/quant-client-2/temp/1265/quic_client_test_limit_max_error0.iev,0.0,0.0
720," /home/chris/TVOQE_UPGRADE_27/quic/quant/Debug/bin/client -c false -r 20 -l /home/chris/secret.log -q /home/chris/qlog_quant -t 3600 -v 5 -e 0xff00001d https://localhost:4443/index.html
",client,quic_client_test_tp_acticoid_error0,,"ivy_return_code(1)+assumption_failed(""quic_client_test_tp_acticoid_error.ivy: line 515"")",/home/chris/Toward-verification-of-QUIC-extensions/installer/TVOQE/results/errors/client/local/quant-client-2/temp/552/quic_client_test_tp_acticoid_error0.iev,0.0,0.0
721," /home/chris/TVOQE_UPGRADE_27/quic/quant/Debug/bin/client -c false -r 20 -l /home/chris/secret.log -q /home/chris/qlog_quant -t 3600 -v 5 -e 0xff00001d https://localhost:4443/index.html
",client,quic_client_test_tp_error0,,"timeout+< undecryptable_packet_event({protocol:udp,addr:0x7f000001,port:0xa2bb},{protocol:udp,addr:0x7f000001,port:0x115b},[0xc9,0xff,0,0,0x1d,0x13,0xb5,0xc7,0xf8,0x79,0xd3,0xd4,0xa5,0x2c,0x63,0x15,0x32,0x6f,0x4e,0xd0,0x69,0x52,0x79,0x8c,0x92,0x4,0xc6,0xc4,0xa5,0x8,0,0x44,0x8f,0x5d,0x5c,0xc3,0x7d,0x17,0xed,0x46,0xd,0xb7,0x2a,0x48,0xfa,0x53,0x87,0xa9,0xb6,0x86,0xdb,0xd0,0x8f,0x5c,0xd2,0x83,0x9c,0x65,0x90,0x68,0xeb,0xc2,0x4e,0x81,0xc7,0xc3,0xfc,0xd,0xe0,0x87,0,0xd0,0xf9,0x6b,0xc6,0x56,0x32,0x98,0x8d,0x64,0x94,0x20,0x76,0xd2,0xad,0xb5,0x4e,0xa0,0x87,0x94,0x2d,0x12,0x8,0xb2,0x13,0x59,0x50,0xa1,0x5f,0x1e,0x24,0xed,0x36,0x67,0x10,0x43,0xfb,0x41,0x1f,0x38,0x82,0x3d,0xf4,0xd2,0xde,0x6b,0x25,0x25,0x3,0xf2,0x81,0xb6,0x8f,0xbe,0x7d,0xcd,0x1e,0xd7,0x41,0xb,0xce,0x24,0xfe,0xc1,0x3,0x59,0xaf,0x7b,0x1,0x5c,0xae,0xae,0x93,0x1f,0x97,0xf7,0x4,0xb2,0x55,0xfb,0xdd,0x75,0x8b,0x2,0xc0,0xbd,0xe9,0xeb,0xa9,0x34,0x39,0xc8,0x95,0x80,0x4d,0x3,0x97,0x3c,0x8d,0xa,0xe0,0x8f,0x6e,0x2a,0x99,0x3a,0x6a,0x9a,0xa,0x1c,0x6e,0x49,0x5b,0xaa,0x8e,0x22,0x2b,0,0xe6,0x89,0x9b,0xa0,0x8d,0x3a,0xe,0xca,0xae,0xd5,0xb4,0xde,0x6f,0xb7,0x5b,0xd8,0x59,0x5f,0x92,0xa7,0x2f,0x95,0x47,0x9,0x23,0xb8,0x21,0x8c,0x21,0x4f,0x7b,0xd,0xdf,0x1d,0xaa,0x2f,0xaf,0x7a,0xa7,0x7f,0x62,0x1,0x2e,0xcc,0x5c,0xe4,0xb1,0xbf,0xa,0x70,0x2,0x1a,0xdb,0xd1,0x44,0xd5,0x8,0xa9,0xe5,0x31,0xe8,0x12,0x1e,0xef,0x9c,0x78,0x9a,0xe6,0x83,0x8b,0x42,0xe4,0x5c,0xe3,0xf7,0x66,0xcd,0x3d,0x43,0xb4,0x97,0xac,0x1e,0x30,0x2a,0xf9,0xd3,0xf0,0x3d,0x67,0x60,0xb1,0x31,0x4f,0x7,0xc0,0x3b,0xc8,0x89,0xce,0x2d,0x8f,0xd9,0xb4,0xb,0xf,0xf9,0xfb,0xb,0x1c,0xa7,0x81,0x18,0x66,0xe0,0x37,0x93,0x92,0xd6,0x7f,0x4f,0x55,0xa6,0x99,0x8e,0x11,0xf4,0,0xef,0x5,0x2a,0xda,0xd8,0x25,0x21,0x67,0x4b,0x1d,0x15,0xc7,0xd3,0xb4,0x24,0xce,0x67,0x53,0x9a,0xbc,0xe1,0x52,0x44,0x5f,0x9a,0x95,0xe1,0x32,0xbc,0x69,0xa,0x1f,0x43,0xde,0x2,0x8c,0x5a,0x38,0x15,0xe7,0xce,0xf4,0xc9,0xde,0xc7,0xf1,0x24,0x7,0xdf,0x7b,0x1c,0xde,0x64,0x3a,0xcb,0x22,0xcb,0x63,0x97,0x87,0xd3,0x7a,0x18,0x8b,0x6,0x50,0xe5,0x55,0x27,0xe2,0x8,0xba,0x33,0xf,0x1b,0x57,0x69,0x76,0x43,0x65,0xa7,0x15,0x10,0xaf,0x4c,0x89,0x68,0xd7,0x4c,0x64,0xef,0x45,0xf2,0x1e,0x6d,0x25,0x2e,0xd,0x46,0xd8,0x82,0x36,0xe4,0x73,0x27,0xfb,0xbd,0xb7,0x62,0xc5,0x75,0x5a,0x35,0xbe,0x21,0x86,0x2,0x2e,0x65,0x12,0xda,0x3d,0xc0,0x64,0x30,0xc3,0x61,0x30,0x5b,0x3d,0xee,0x47,0x49,0xd7,0xc5,0xd2,0x19,0xc4,0xd,0x3,0x7f,0x5d,0xe6,0x2e,0xfc,0x3a,0x39,0x3b,0xd4,0xda,0xc7,0xae,0xad,0xa7,0x88,0xf2,0x8f,0x62,0x5c,0xff,0xce,0xeb,0x30,0xfd,0x54,0x73,0x48,0x16,0x18,0xc6,0x8b,0x58,0xe1,0x2a,0x8a,0x6b,0xa2,0x28,0x51,0x63,0x16,0x28,0x4a,0xdd,0xa2,0xa4,0x66,0x45,0x5,0xb7,0x41,0x5f,0x83,0x12,0xcf,0x46,0x7c,0xb1,0x21,0x2d,0x1b,0xfa,0x1f,0xbd,0xc4,0xe5,0xca,0x53,0xc4,0x24,0x3c,0x59,0xb7,0x6f,0x2,0x28,0xb1,0xdf,0x34,0xb2,0x21,0x61,0x3f,0x8,0x41,0xc,0x9d,0x30,0xa6,0x5a,0x98,0x3f,0x53,0x8b,0x33,0x44,0x7e,0xf5,0x15,0x44,0xc,0x7e,0xa3,0x70,0x67,0x2a,0xb6,0x9d,0x5,0xb2,0x39,0x8f,0xaa,0x3f,0x8e,0x80,0x90,0xcf,0xcb,0x4b,0xa4,0x98,0xae,0x64,0x25,0x8f,0x3f,0xed,0xcb,0x2e,0x33,0xa8,0x9d,0xce,0x2e,0x2d,0x8f,0xeb,0x68,0x2e,0x2b,0xa0,0x35,0x73,0x40,0x67,0xe3,0x5a,0xff,0x21,0x54,0x7e,0x69,0x13,0xbb,0xea,0x9f,0xd1,0xd8,0x52,0xa0,0xc4,0x98,0xae,0x40,0x8a,0x45,0x36,0xbc,0x9,0x1d,0x9a,0xe7,0xeb,0xcd,0x79,0x9,0x6,0xe4,0x87,0x2d,0xba,0x65,0x3e,0x45,0x46,0x13,0xf7,0xe6,0xcb,0x22,0xb5,0x71,0x15,0x79,0x62,0xf3,0,0xec,0x24,0xe8,0x1e,0xff,0xb1,0x30,0xe8,0x36,0xb2,0x1e,0x47,0x6c,0x1c,0x7a,0xb0,0x4a,0xb1,0x18,0x5d,0xc0,0x73,0x2a,0xb8,0x74,0x7f,0xea,0x2b,0x9e,0x6f,0xfb,0x11,0x4f,0x61,0x1e,0xe,0x8a,0xe0,0x1d,0xed,0x24,0xf,0x4f,0x2a,0x76,0x2a,0x38,0x12,0xa4,0xcd,0xd,0x68,0x39,0x3c,0x31,0x18,0x82,0x4,0xca,0x12,0x23,0xb6,0x1,0xda,0x99,0x88,0xad,0x4e,0xe6,0x7c,0xff,0xde,0xae,0xdf,0x56,0x65,0x6e,0x47,0x99,0xc4,0x88,0x14,0xae,0x10,0x2d,0x84,0xce,0xb,0x14,0xf0,0x2,0x75,0xf2,0x5f,0xfc,0x7,0x84,0x9,0xc4,0x92,0xbc,0xce,0xf2,0xd2,0x90,0xf6,0x17,0xc4,0x8d,0xe0,0x34,0xf,0x52,0xa6,0xdb,0xd2,0xc,0x23,0xfb,0x7d,0xbe,0x79,0xd2,0x6,0x4e,0x74,0xe6,0xc3,0xc4,0x46,0x11,0x67,0x1d,0x7,0xb6,0xe5,0xc2,0x51,0x6e,0x40,0x30,0x6,0x18,0x32,0xdb,0xb5,0x50,0x8b,0x69,0xda,0xb3,0xdd,0xf5,0xe,0xda,0x8,0xab,0x1a,0x46,0xd8,0x13,0xd7,0x63,0xf0,0x71,0x3,0x67,0x19,0x93,0x29,0x36,0xf2,0x20,0xf4,0x42,0x8b,0x46,0x9,0x1e,0x4,0x85,0x91,0x48,0x54,0x19,0x70,0xd4,0xde,0xf0,0x7c,0x9f,0xa3,0x3c,0x10,0x17,0x10,0x56,0xfa,0xbc,0x4,0xe3,0x8,0x2a,0x3d,0x8a,0x5f,0xe9,0x28,0x1b,0xd7,0xf0,0xb0,0x76,0xc7,0xa9,0x10,0x77,0x8f,0x8b,0x62,0xf1,0x64,0x88,0x83,0x71,0xbb,0xe0,0xe1,0x99,0x8a,0x45,0x40,0xdc,0x15,0xc4,0x52,0xd4,0xfb,0xcf,0x91,0xaa,0x3b,0x5,0x5f,0x14,0x80,0x3b,0x45,0xd7,0x4e,0x55,0xc1,0xdb,0x2d,0x28,0xf2,0xc7,0x85,0x48,0x26,0xdc,0x32,0x53,0x22,0x22,0xea,0x44,0x3b,0xd2,0x69,0xf6,0x96,0xfa,0xb8,0x47,0x4f,0xca,0xc1,0x8b,0xc7,0xf8,0xc8,0x2d,0x1,0x44,0x26,0x70,0x4d,0xce,0x20,0x90,0x14,0x49,0x8a,0x94,0x5a,0x46,0xa4,0x90,0xe4,0xf7,0x3f,0x42,0xb5,0xf8,0xd,0xa2,0x51,0x23,0xb1,0xe7,0x88,0xb4,0xbd,0xc4,0x72,0xc9,0x52,0xb4,0x9c,0xd4,0xd5,0x69,0x63,0xd3,0x2,0x16,0x5b,0x7e,0x65,0,0x20,0xad,0xc9,0x31,0x70,0xee,0x70,0x41,0x28,0x7b,0xeb,0x1d,0xf,0xb0,0x1f,0xa3,0x58,0x9a,0x44,0xae,0x7b,0xd6,0x32,0x9,0xe4,0x30,0xee,0x52,0x3,0x4c,0x8,0x75,0xb0,0x53,0x86,0x9b,0x52,0xda,0x2,0x9d,0x17,0x3a,0x64,0xa1,0x66,0x62,0x63,0x2d,0x62,0x6a,0x5,0x39,0xc4,0x35,0xa,0x66,0x70,0xde,0xe2,0xdb,0xaf,0xb4,0x15,0xcd,0x4e,0x2c,0x93,0x8a,0xe9,0x19,0x33,0xe9,0x62,0xa2,0x69,0x9d,0xc0,0x46,0xdc,0x15,0xf3,0xc7,0x45,0xd7,0xeb,0x98,0x1d,0x86,0xd6,0x7f,0x6,0x59,0xb,0x4,0x4e,0x14,0x75,0x60,0x67,0x8,0xfd,0xd8,0xff,0x3f,0xa0,0xe6,0x14,0x7e,0x4,0xa8,0x9f,0x38,0xc1,0x45,0x2d,0x76,0xf3,0x6d,0x8f,0x90,0x79,0x2,0xbf,0xbb,0x39,0x16,0x12,0x6,0xdb,0x38,0xa7,0x9a,0x93,0x39,0x59,0xa0,0xf6,0x2a,0x2,0xa,0xb3,0x3a,0xb9,0x99,0xfc,0x4b,0x43,0x4e,0xe1,0x8c,0xf5,0xef,0xd5,0xa6,0x46,0xb,0xee,0xce,0xc3,0x9d,0xe5,0x5d,0xb5,0xd2,0x70,0xc5,0xa7,0xcf,0xb2,0x26,0x8a,0x27,0x1d,0xd1,0xcc,0x3c,0x2d,0xe1,0x75,0x12,0xe,0x3b,0x52,0x6b,0xdd,0x95,0xb2,0xd4,0xf6,0xd,0xee,0x64,0x4e,0xc1,0x4,0x8a,0xb3,0x3c,0x2e,0x29,0x9e,0xfc,0x23,0x2,0xf7,0xfa,0xe0,0x6b,0x4b,0xdb,0xe4,0xf0,0xa0,0x75,0x7c])",/home/chris/Toward-verification-of-QUIC-extensions/installer/TVOQE/results/errors/client/local/quant-client-2/temp/378/quic_client_test_tp_error0.iev,0.0,0.0
722," /home/chris/TVOQE_UPGRADE_27/quic/quant/Debug/bin/client -c false -r 20 -l /home/chris/secret.log -q /home/chris/qlog_quant -t 3600 -v 5 -e 0xff00001d https://localhost:4443/index.html
",client,quic_client_test_tp_unkown0,,,/home/chris/Toward-verification-of-QUIC-extensions/installer/TVOQE/results/errors/client/local/quant-client-2/temp/1115/quic_client_test_tp_unkown0.iev,0.0,1.0
723," /home/chris/TVOQE_UPGRADE_27/quic/quant/Debug/bin/client -c false -r 20 -l /home/chris/secret.log -q /home/chris/qlog_quant -t 3600 -v 5 -e 0xff00001d https://localhost:4443/index.html
",client,quic_client_test_unkown0,,"ivy_return_code(1)+assumption_failed(""quic_client_test_unkown.ivy: line 513"")",/home/chris/Toward-verification-of-QUIC-extensions/installer/TVOQE/results/errors/client/local/quant-client-2/temp/1090/quic_client_test_unkown0.iev,0.0,0.0
724," /home/chris/TVOQE_UPGRADE_27/quic/quant/Debug/bin/client -c false -r 20 -l /home/chris/secret.log -q /home/chris/qlog_quant -t 3600 -v 5 -e 0xff00001d https://localhost:4443/index.html
",client,quic_client_test_max0,,,/home/chris/Toward-verification-of-QUIC-extensions/installer/TVOQE/results/errors/client/local/quant-client-2/temp/88/quic_client_test_max0.iev,0.0,1.0
725," /home/chris/TVOQE_UPGRADE_27/quic/quant/Debug/bin/client -c false -r 20 -l /home/chris/secret.log -q /home/chris/qlog_quant -t 3600 -v 5 -e 0xff00001d https://localhost:4443/index.html
",client,quic_client_test_blocked_streams_maxstream_error0,,"ivy_return_code(1)+assumption_failed(""quic_client_test_blocked_streams_maxstream_error.ivy: line 283"")",/home/chris/Toward-verification-of-QUIC-extensions/installer/TVOQE/results/errors/client/local/quant-client-2/temp/669/quic_client_test_blocked_streams_maxstream_error0.iev,0.0,0.0
726," /home/chris/TVOQE_UPGRADE_27/quic/quant/Debug/bin/client -c false -r 20 -l /home/chris/secret.log -q /home/chris/qlog_quant -t 3600 -v 5 -e 0xff00001d https://localhost:4443/index.html
",client,quic_client_test_tp_prefadd_error0,,"ivy_return_code(1)+assumption_failed(""quic_client_test_tp_prefadd_error.ivy: line 518"")",/home/chris/Toward-verification-of-QUIC-extensions/installer/TVOQE/results/errors/client/local/quant-client-2/temp/998/quic_client_test_tp_prefadd_error0.iev,0.0,0.0
727," /home/chris/TVOQE_UPGRADE_27/quic/quant/Debug/bin/client -c false -r 20 -l /home/chris/secret.log -q /home/chris/qlog_quant -t 3600 -v 5 -e 0xff00001d https://localhost:4443/index.html
",client,quic_client_test_blocked_streams_maxstream_error0,,"ivy_return_code(1)+assumption_failed(""quic_client_test_blocked_streams_maxstream_error.ivy: line 283"")",/home/chris/Toward-verification-of-QUIC-extensions/installer/TVOQE/results/errors/client/local/quant-client-2/temp/605/quic_client_test_blocked_streams_maxstream_error0.iev,0.0,0.0
728," /home/chris/TVOQE_UPGRADE_27/quic/quant/Debug/bin/client -c false -r 20 -l /home/chris/secret.log -q /home/chris/qlog_quant -t 3600 -v 5 -e 0xff00001d https://localhost:4443/index.html
",client,quic_client_test_max0,,,/home/chris/Toward-verification-of-QUIC-extensions/installer/TVOQE/results/errors/client/local/quant-client-2/temp/28/quic_client_test_max0.iev,0.0,1.0
729," /home/chris/TVOQE_UPGRADE_27/quic/quant/Debug/bin/client -c false -r 20 -l /home/chris/secret.log -q /home/chris/qlog_quant -t 3600 -v 5 -e 0xff00001d https://localhost:4443/index.html
",client,quic_client_test_ext_min_ack_delay0,,,/home/chris/Toward-verification-of-QUIC-extensions/installer/TVOQE/results/errors/client/local/quant-client-2/temp/251/quic_client_test_ext_min_ack_delay0.iev,0.0,1.0
730," /home/chris/TVOQE_UPGRADE_27/quic/quant/Debug/bin/client -c false -r 20 -l /home/chris/secret.log -q /home/chris/qlog_quant -t 3600 -v 5 -e 0xff00001d https://localhost:4443/index.html
",client,quic_client_test_tp_acticoid_error0,,,/home/chris/Toward-verification-of-QUIC-extensions/installer/TVOQE/results/errors/client/local/quant-client-2/temp/522/quic_client_test_tp_acticoid_error0.iev,0.0,1.0
731," /home/chris/TVOQE_UPGRADE_27/quic/quant/Debug/bin/client -c false -r 20 -l /home/chris/secret.log -q /home/chris/qlog_quant -t 3600 -v 5 -e 0xff00001d https://localhost:4443/index.html
",client,quic_client_test_double_tp_error0,,server_return_code(1)+ivy_return_code(1),/home/chris/Toward-verification-of-QUIC-extensions/installer/TVOQE/results/errors/client/local/quant-client-2/temp/459/quic_client_test_double_tp_error0.iev,0.0,0.0
732," /home/chris/TVOQE_UPGRADE_27/quic/quant/Debug/bin/client -c false -r 20 -l /home/chris/secret.log -q /home/chris/qlog_quant -t 3600 -v 5 -e 0xff00001d https://localhost:4443/index.html
",client,quic_client_test_tp_prefadd_error0,,"ivy_return_code(1)+assumption_failed(""quic_client_test_tp_prefadd_error.ivy: line 518"")",/home/chris/Toward-verification-of-QUIC-extensions/installer/TVOQE/results/errors/client/local/quant-client-2/temp/918/quic_client_test_tp_prefadd_error0.iev,0.0,0.0
733," /home/chris/TVOQE_UPGRADE_27/quic/quant/Debug/bin/client -c false -r 20 -l /home/chris/secret.log -q /home/chris/qlog_quant -t 3600 -v 5 -e 0xff00001d https://localhost:4443/index.html
",client,quic_client_test_tp_error0,,server_return_code(1)+timeout,/home/chris/Toward-verification-of-QUIC-extensions/installer/TVOQE/results/errors/client/local/quant-client-2/temp/328/quic_client_test_tp_error0.iev,0.0,0.0
734," /home/chris/TVOQE_UPGRADE_27/quic/quant/Debug/bin/client -c false -r 20 -l /home/chris/secret.log -q /home/chris/qlog_quant -t 3600 -v 5 -e 0xff00001d https://localhost:4443/index.html
",client,quic_client_test_tp_error0,,server_return_code(1)+timeout,/home/chris/Toward-verification-of-QUIC-extensions/installer/TVOQE/results/errors/client/local/quant-client-2/temp/391/quic_client_test_tp_error0.iev,0.0,0.0
735," /home/chris/TVOQE_UPGRADE_27/quic/quant/Debug/bin/client -c false -r 20 -l /home/chris/secret.log -q /home/chris/qlog_quant -t 3600 -v 5 -e 0xff00001d https://localhost:4443/index.html
",client,quic_client_test_stream0,,,/home/chris/Toward-verification-of-QUIC-extensions/installer/TVOQE/results/errors/client/local/quant-client-2/temp/157/quic_client_test_stream0.iev,0.0,1.0
736," /home/chris/TVOQE_UPGRADE_27/quic/quant/Debug/bin/client -c false -r 20 -l /home/chris/secret.log -q /home/chris/qlog_quant -t 3600 -v 5 -e 0xff00001d https://localhost:4443/index.html
",client,quic_client_test_tp_acticoid_error0,,"ivy_return_code(1)+assumption_failed(""quic_client_test_tp_acticoid_error.ivy: line 515"")",/home/chris/Toward-verification-of-QUIC-extensions/installer/TVOQE/results/errors/client/local/quant-client-2/temp/595/quic_client_test_tp_acticoid_error0.iev,0.0,0.0
737," /home/chris/TVOQE_UPGRADE_27/quic/quant/Debug/bin/client -c false -r 20 -l /home/chris/secret.log -q /home/chris/qlog_quant -t 3600 -v 5 -e 0xff00001d https://localhost:4443/index.html
",client,quic_client_test_blocked_streams_maxstream_error0,,"ivy_return_code(1)+assumption_failed(""quic_client_test_blocked_streams_maxstream_error.ivy: line 283"")",/home/chris/Toward-verification-of-QUIC-extensions/installer/TVOQE/results/errors/client/local/quant-client-2/temp/678/quic_client_test_blocked_streams_maxstream_error0.iev,0.0,0.0
738," /home/chris/TVOQE_UPGRADE_27/quic/quant/Debug/bin/client -c false -r 20 -l /home/chris/secret.log -q /home/chris/qlog_quant -t 3600 -v 5 -e 0xff00001d https://localhost:4443/index.html
",client,quic_client_test_ext_min_ack_delay0,,,/home/chris/Toward-verification-of-QUIC-extensions/installer/TVOQE/results/errors/client/local/quant-client-2/temp/293/quic_client_test_ext_min_ack_delay0.iev,0.0,1.0
739," /home/chris/TVOQE_UPGRADE_27/quic/quant/Debug/bin/client -c false -r 20 -l /home/chris/secret.log -q /home/chris/qlog_quant -t 3600 -v 5 -e 0xff00001d https://localhost:4443/index.html
",client,quic_client_test_limit_max_error0,,"ivy_return_code(1)+assumption_failed(""quic_client_test_limit_max_error.ivy: line 504"")",/home/chris/Toward-verification-of-QUIC-extensions/installer/TVOQE/results/errors/client/local/quant-client-2/temp/1227/quic_client_test_limit_max_error0.iev,0.0,0.0
740," /home/chris/TVOQE_UPGRADE_27/quic/quant/Debug/bin/client -c false -r 20 -l /home/chris/secret.log -q /home/chris/qlog_quant -t 3600 -v 5 -e 0xff00001d https://localhost:4443/index.html
",client,quic_client_test_unkown0,,"ivy_return_code(1)+assumption_failed(""quic_client_test_unkown.ivy: line 513"")",/home/chris/Toward-verification-of-QUIC-extensions/installer/TVOQE/results/errors/client/local/quant-client-2/temp/1049/quic_client_test_unkown0.iev,0.0,0.0
741," /home/chris/TVOQE_UPGRADE_27/quic/quant/Debug/bin/client -c false -r 20 -l /home/chris/secret.log -q /home/chris/qlog_quant -t 3600 -v 5 -e 0xff00001d https://localhost:4443/index.html
",client,quic_client_test_limit_max_error0,,"ivy_return_code(1)+assumption_failed(""quic_client_test_limit_max_error.ivy: line 504"")",/home/chris/Toward-verification-of-QUIC-extensions/installer/TVOQE/results/errors/client/local/quant-client-2/temp/1213/quic_client_test_limit_max_error0.iev,0.0,0.0
742," /home/chris/TVOQE_UPGRADE_27/quic/quant/Debug/bin/client -c false -r 20 -l /home/chris/secret.log -q /home/chris/qlog_quant -t 3600 -v 5 -e 0xff00001d https://localhost:4443/index.html
",client,quic_client_test_limit_max_error0,,"ivy_return_code(1)+assumption_failed(""/usr/local/lib/python2.7/dist-packages/ivy/include/1.7/quic_packet.ivy: line 377"")",/home/chris/Toward-verification-of-QUIC-extensions/installer/TVOQE/results/errors/client/local/quant-client-2/temp/1284/quic_client_test_limit_max_error0.iev,0.0,0.0
743," /home/chris/TVOQE_UPGRADE_27/quic/quant/Debug/bin/client -c false -r 20 -l /home/chris/secret.log -q /home/chris/qlog_quant -t 3600 -v 5 -e 0xff00001d https://localhost:4443/index.html
",client,quic_client_test_accept_maxdata0,,"ivy_return_code(1)+assumption_failed(""quic_client_test.ivy: line 310"")",/home/chris/Toward-verification-of-QUIC-extensions/installer/TVOQE/results/errors/client/local/quant-client-2/temp/865/quic_client_test_accept_maxdata0.iev,0.0,0.0
744," /home/chris/TVOQE_UPGRADE_27/quic/quant/Debug/bin/client -c false -r 20 -l /home/chris/secret.log -q /home/chris/qlog_quant -t 3600 -v 5 -e 0xff00001d https://localhost:4443/index.html
",client,quic_client_test_tp_unkown0,,"ivy_return_code(1)+assumption_failed(""quic_client_test_tp_unkown.ivy: line 515"")",/home/chris/Toward-verification-of-QUIC-extensions/installer/TVOQE/results/errors/client/local/quant-client-2/temp/1103/quic_client_test_tp_unkown0.iev,0.0,0.0
745," /home/chris/TVOQE_UPGRADE_27/quic/quant/Debug/bin/client -c false -r 20 -l /home/chris/secret.log -q /home/chris/qlog_quant -t 3600 -v 5 -e 0xff00001d https://localhost:4443/index.html
",client,quic_client_test_double_tp_error0,,server_return_code(1)+ivy_return_code(1),/home/chris/Toward-verification-of-QUIC-extensions/installer/TVOQE/results/errors/client/local/quant-client-2/temp/481/quic_client_test_double_tp_error0.iev,0.0,0.0
746," /home/chris/TVOQE_UPGRADE_27/quic/quant/Debug/bin/client -c false -r 20 -l /home/chris/secret.log -q /home/chris/qlog_quant -t 3600 -v 5 -e 0xff00001d https://localhost:4443/index.html
",client,quic_client_test_limit_max_error0,,"ivy_return_code(1)+assumption_failed(""quic_client_test_limit_max_error.ivy: line 504"")",/home/chris/Toward-verification-of-QUIC-extensions/installer/TVOQE/results/errors/client/local/quant-client-2/temp/1289/quic_client_test_limit_max_error0.iev,0.0,0.0
747," /home/chris/TVOQE_UPGRADE_27/quic/quant/Debug/bin/client -c false -r 20 -l /home/chris/secret.log -q /home/chris/qlog_quant -t 3600 -v 5 -e 0xff00001d https://localhost:4443/index.html
",client,quic_client_test_limit_max_error0,,"ivy_return_code(1)+assumption_failed(""quic_client_test_limit_max_error.ivy: line 504"")",/home/chris/Toward-verification-of-QUIC-extensions/installer/TVOQE/results/errors/client/local/quant-client-2/temp/1285/quic_client_test_limit_max_error0.iev,0.0,0.0
748," /home/chris/TVOQE_UPGRADE_27/quic/quant/Debug/bin/client -c false -r 20 -l /home/chris/secret.log -q /home/chris/qlog_quant -t 3600 -v 5 -e 0xff00001d https://localhost:4443/index.html
",client,quic_client_test_tp_error0,,"timeout+< undecryptable_packet_event({protocol:udp,addr:0x7f000001,port:0xe2f5},{protocol:udp,addr:0x7f000001,port:0x115b},[0xcf,0xff,0,0,0x1d,0x14,0x7b,0x18,0xbc,0x4d,0x7b,0xd5,0x87,0x2f,0x96,0x65,0xe4,0x5f,0x50,0xe1,0x6c,0x91,0x6,0x47,0x9a,0x27,0x4,0xfc,0xa7,0x51,0xeb,0,0x44,0x8e,0xa,0x23,0x3e,0x99,0x22,0xc5,0xac,0x1a,0x17,0xe9,0xdd,0xae,0xdf,0x8,0x1c,0x2f,0x28,0x71,0xa,0xe9,0x8e,0xf0,0x85,0x64,0x59,0xf9,0x50,0x23,0xf4,0x4c,0x8c,0x67,0,0x48,0xff,0xbf,0x41,0x8c,0x1f,0xbd,0x1d,0xac,0xa8,0x3d,0xf,0x5f,0x42,0xd8,0xa3,0x98,0x84,0xe3,0x39,0xd0,0xd1,0x6f,0x7b,0xe0,0x9b,0x5e,0xce,0x6b,0xba,0x54,0x65,0xec,0x9c,0x38,0xa7,0x60,0xd7,0xbb,0xe8,0x74,0x73,0x68,0x8e,0x1,0xd4,0xa6,0xe3,0x56,0xa6,0xb1,0xe2,0xe1,0x4e,0xdf,0x47,0xe5,0xba,0xc9,0x5,0xdb,0x8,0x6a,0x6a,0x7,0x32,0x35,0xa,0xf2,0x23,0x95,0xbf,0xa6,0xbc,0x6f,0xde,0x43,0x35,0xa8,0x10,0x82,0x42,0x70,0x29,0xe1,0x11,0x1,0x2a,0xe9,0x1b,0x69,0xa6,0xaa,0xe,0xc,0xb2,0xbe,0x7b,0xc8,0x7e,0xf9,0x3e,0x61,0xef,0xc4,0xf6,0x53,0xb9,0xb7,0x18,0xd9,0x41,0xfa,0x72,0xfe,0x3a,0x9,0x30,0x2a,0x66,0xfc,0x46,0xfa,0x8a,0x7,0xe0,0x4a,0xf8,0x2e,0x98,0x95,0xd6,0x95,0x83,0xc3,0x95,0xe8,0xb,0x78,0x11,0xd6,0xfc,0x81,0xf2,0xb6,0x6b,0x18,0x1d,0x96,0x2d,0xe8,0x46,0xd5,0x7,0x98,0x1,0x9a,0xb1,0xc3,0xc9,0xe2,0x6c,0x2b,0x87,0xf3,0xe1,0x69,0xaa,0xfb,0x4a,0xb6,0xf6,0xfb,0x39,0x76,0x83,0xa2,0x1d,0x6e,0x1,0x95,0x34,0x3e,0xca,0x7a,0x17,0x14,0x35,0xd5,0xc7,0x2d,0xee,0x4,0xe,0x4,0x84,0x3b,0x70,0xe3,0x10,0x2c,0xea,0xd9,0x2d,0xfc,0x55,0xf9,0x59,0xef,0x1b,0xf5,0x79,0x65,0x59,0x76,0xbe,0x93,0xc4,0x5,0x4b,0x10,0x8e,0xc0,0xbb,0x5f,0xa1,0xf1,0x6d,0xc6,0x7f,0x59,0x7f,0x2,0x23,0x1e,0x7d,0xf1,0x6f,0x2d,0xaa,0x69,0x5a,0x68,0x3e,0xcb,0xac,0xe2,0xa2,0x5a,0xf8,0x68,0x4d,0x10,0x9a,0x57,0xb,0xb2,0xed,0x15,0xc7,0x87,0xd2,0x3d,0x3c,0x96,0x83,0xb1,0x56,0xe6,0xdb,0x57,0x97,0x1f,0xe1,0x11,0x90,0xbd,0xba,0x52,0x36,0xa5,0x26,0x58,0xf9,0x25,0xe2,0xe,0x7f,0x55,0xe9,0xe0,0xf9,0x4d,0x51,0x39,0xd1,0xc4,0x13,0x44,0xa0,0x22,0x44,0xfe,0xbb,0xb1,0x5c,0x18,0x82,0x97,0xf5,0x70,0xb7,0x86,0x1c,0xfb,0xf7,0xce,0xb4,0x17,0xf3,0xc,0x7c,0x61,0xf9,0xbd,0xf5,0xbb,0x66,0xe2,0x22,0xdb,0x39,0x78,0x69,0xf0,0x96,0x49,0xba,0x5d,0xa,0x80,0xcb,0x93,0xd7,0xc8,0xfe,0xbe,0x33,0xc4,0x9b,0xce,0xb5,0xed,0xd8,0x1f,0x8c,0xf5,0xd4,0x82,0x79,0x63,0x49,0xbe,0xb4,0x91,0x87,0x7e,0x2d,0xaf,0x15,0x19,0x43,0x4a,0x51,0x43,0x8,0xf9,0x84,0x73,0xe5,0xb3,0xb,0x60,0xd1,0x17,0x2,0x51,0x23,0x53,0x2f,0x37,0x8c,0xec,0xf0,0xd,0x48,0x83,0x5b,0x17,0xa7,0x2f,0x55,0x58,0xec,0x42,0x9,0x33,0x95,0xfe,0xf9,0x8d,0x6f,0xf1,0x3d,0x24,0x6c,0xd1,0xe3,0x62,0x1f,0x5a,0xe9,0x7c,0xe7,0x50,0x71,0x71,0x71,0xac,0x3f,0xea,0x78,0xbb,0xa1,0x46,0xba,0xa7,0x86,0xc1,0xf1,0x84,0x1c,0x64,0xda,0x12,0x46,0x3c,0xd,0xc0,0xe8,0x1e,0xd4,0x1c,0x1f,0xc3,0x58,0x75,0xe9,0x3f,0xd1,0xed,0x9d,0xd1,0xab,0xc3,0x9,0x14,0xa3,0x17,0x1a,0x35,0xa6,0xed,0x50,0x6e,0x64,0x10,0xf,0xe3,0x36,0x7d,0xdb,0xe4,0xe8,0xd9,0x5d,0xfa,0xc2,0xc8,0x7d,0x13,0x2e,0xd,0x6a,0xd0,0xb0,0x1d,0x47,0x5,0x8,0xf1,0xe4,0x2e,0x30,0xb9,0x43,0xf8,0xca,0xce,0xb2,0xc2,0x5f,0x2a,0x88,0x2e,0xf3,0xb,0x48,0x80,0xbb,0xd9,0x3f,0xed,0x19,0x11,0x7a,0x90,0xa2,0xd7,0x49,0x34,0xb3,0x64,0x34,0xcf,0x9b,0x90,0x3f,0x6c,0xb4,0x55,0x89,0x13,0xa5,0x52,0x25,0xb6,0x60,0x36,0x37,0xa2,0xbf,0x5c,0x1f,0xed,0xa7,0x50,0x3d,0xf0,0x87,0x5f,0xe1,0x1e,0x81,0xb9,0xb9,0xd9,0x1,0xa8,0xa2,0xf4,0x38,0xbf,0xa6,0x1c,0x86,0xf,0x5f,0x82,0x20,0x8d,0x41,0xc8,0xa4,0xef,0xe6,0x3d,0xd9,0xbd,0x5e,0x41,0xda,0xa0,0x12,0x9c,0xc8,0xb0,0xf9,0x24,0,0x21,0x14,0x67,0xab,0xa4,0x3e,0x3b,0xb8,0x63,0xf9,0xa4,0xf5,0x9c,0xea,0x64,0xdb,0xbf,0xab,0x72,0xe9,0x3,0x55,0xc8,0x4c,0x12,0x58,0x10,0xc5,0xa8,0xf5,0x94,0xe7,0x21,0x8b,0x50,0xbb,0xd6,0xb4,0xfe,0x84,0xc2,0x2f,0xa1,0xfb,0xc3,0xae,0xd0,0xd2,0x49,0xe3,0x1a,0x72,0xf3,0xbf,0x4e,0x7c,0x6e,0x33,0x5e,0x80,0xa3,0xb4,0xa6,0x65,0xe5,0x9d,0xc1,0x8c,0x6c,0xdc,0,0x8f,0x56,0x3c,0x92,0x7a,0x3e,0x40,0xd8,0x28,0xdd,0x15,0xe1,0x76,0x54,0x78,0x8c,0x5a,0x1c,0xb,0xd9,0xe0,0x75,0x33,0x53,0x80,0x3c,0xe6,0x90,0x1e,0x85,0xbe,0x6e,0xec,0x72,0x11,0x63,0x3e,0xa7,0x23,0xda,0x19,0x6e,0xc7,0x1f,0x7a,0xd5,0x7b,0x86,0x6d,0xb4,0x9,0x7f,0x5,0x76,0xb7,0x34,0xf1,0xc,0x7e,0xa3,0x7d,0x70,0xa0,0xc,0x65,0x74,0xff,0xac,0x72,0xec,0xe6,0x6a,0x8,0xb6,0x46,0x7d,0x32,0xaf,0x68,0x22,0xbb,0x64,0x71,0x67,0xee,0xed,0xf9,0x30,0x8c,0x8f,0x6a,0xd6,0xce,0xf6,0x19,0x86,0xbc,0x10,0x22,0x57,0x22,0x85,0x41,0xe4,0x9,0xbc,0xd8,0xe7,0x1,0x51,0xcd,0xac,0xe7,0xfc,0x8d,0x66,0x41,0xe9,0x8b,0x22,0xc0,0xff,0xc5,0x6c,0x33,0x33,0x18,0x81,0xac,0x55,0x97,0x9f,0x3a,0x53,0x52,0xaa,0x44,0x53,0x8f,0x41,0xe9,0x46,0xf1,0x5f,0x98,0x8,0xaa,0x5b,0xf2,0x16,0x2b,0x91,0x1c,0xc0,0x92,0x53,0x44,0x4c,0,0x46,0x2e,0xb7,0x59,0x23,0xe6,0x1f,0x4f,0x29,0xea,0xbc,0xf5,0x42,0xce,0x99,0x80,0x14,0x45,0x42,0xaf,0xbe,0xd6,0x46,0x92,0x70,0x50,0x92,0x44,0xc9,0x5d,0x35,0x43,0x1d,0xbb,0xf0,0xff,0xf9,0x48,0x1a,0x46,0xdd,0xef,0xb7,0xe3,0xb6,0xb9,0xf2,0x32,0x4e,0x95,0x5e,0xec,0x2,0x7d,0xa5,0x82,0x1b,0xcd,0xac,0x8c,0x74,0x7e,0x2e,0xfe,0xaa,0xc7,0xf0,0x23,0x44,0x40,0x5e,0x16,0xb,0xf9,0x16,0x5f,0xf9,0xa2,0xb7,0x7f,0x31,0x8e,0x8e,0x92,0x98,0xd6,0x1f,0x2b,0x40,0x2a,0x5d,0x3e,0xfd,0x27,0x8f,0xf0,0x31,0x7f,0x92,0x6d,0x4f,0xc6,0xea,0x19,0xd0,0x4c,0x2b,0x9f,0x9e,0x7f,0x4f,0x1b,0x6a,0x36,0x41,0x62,0xb7,0xdf,0x1f,0x78,0x92,0x12,0xda,0x6f,0x96,0xa8,0x5f,0x9,0x98,0xa3,0xc3,0xa5,0x2c,0x7c,0xcd,0x19,0xe3,0x5f,0x23,0xef,0x86,0x56,0x26,0x1a,0x4c,0x8d,0x1e,0x9a,0x1e,0x45,0x8d,0x80,0xf4,0x47,0x73,0x57,0x1b,0xc,0x95,0x7a,0x8a,0x6f,0x7f,0xa0,0x50,0xfc,0xd4,0xdf,0x7c,0xde,0x88,0x5e,0xba,0xc2,0x20,0x9,0x5d,0x6a,0x10,0x63,0xbe,0xaf,0x53,0x85,0x37,0xe5,0xf3,0x8d,0xe5,0x1d,0x48,0x8c,0x13,0x62,0x8b,0x39,0x40,0x50,0x65,0x11,0x70,0x45,0x82,0xad,0xec,0x57,0x2f,0xc,0x45,0x1d,0xa0,0xdd,0x2e,0xd4,0xb7,0xdf,0x2b,0x44,0x75,0x17,0x83,0xb7,0xba,0x1,0xa1,0x53,0x2c,0xac,0x10,0x4e,0xcf,0x33,0x6,0x49,0xd5,0x4e,0x7,0x95,0xb3,0x8,0x46,0x76,0xe8,0xb1,0x7a,0x53,0x76,0xad,0xb9,0xe6,0x46,0x8d,0xaa,0x96,0xf6,0x87,0x9,0x3c,0x79,0x9f,0xbb,0xa1,0xd1,0x82,0xcd,0x8,0xf,0x9,0x62,0xfc,0xeb,0x38,0x54,0x89,0x1c,0x4d,0xe7,0x2b,0x30,0x3e,0x7,0x1f,0xc9,0x18,0x1c,0xd4,0xef,0x26,0xa,0x30,0xf2,0x41,0xa2,0x7d,0xda,0xc9,0x5b,0x38,0x79,0x8b,0x55,0x11,0x8d])",/home/chris/Toward-verification-of-QUIC-extensions/installer/TVOQE/results/errors/client/local/quant-client-2/temp/355/quic_client_test_tp_error0.iev,0.0,0.0
749," /home/chris/TVOQE_UPGRADE_27/quic/quant/Debug/bin/client -c false -r 20 -l /home/chris/secret.log -q /home/chris/qlog_quant -t 3600 -v 5 -e 0xff00001d https://localhost:4443/index.html
",client,quic_client_test_accept_maxdata0,,,/home/chris/Toward-verification-of-QUIC-extensions/installer/TVOQE/results/errors/client/local/quant-client-2/temp/847/quic_client_test_accept_maxdata0.iev,0.0,1.0
750," /home/chris/TVOQE_UPGRADE_27/quic/quant/Debug/bin/client -c false -r 20 -l /home/chris/secret.log -q /home/chris/qlog_quant -t 3600 -v 5 -e 0xff00001d https://localhost:4443/index.html
",client,quic_client_test_blocked_streams_maxstream_error0,,"ivy_return_code(1)+assumption_failed(""quic_client_test_blocked_streams_maxstream_error.ivy: line 283"")",/home/chris/Toward-verification-of-QUIC-extensions/installer/TVOQE/results/errors/client/local/quant-client-2/temp/623/quic_client_test_blocked_streams_maxstream_error0.iev,0.0,0.0
751," /home/chris/TVOQE_UPGRADE_27/quic/quant/Debug/bin/client -c false -r 20 -l /home/chris/secret.log -q /home/chris/qlog_quant -t 3600 -v 5 -e 0xff00001d https://localhost:4443/index.html
",client,quic_client_test_blocked_streams_maxstream_error0,,"ivy_return_code(1)+assumption_failed(""quic_client_test_blocked_streams_maxstream_error.ivy: line 283"")",/home/chris/Toward-verification-of-QUIC-extensions/installer/TVOQE/results/errors/client/local/quant-client-2/temp/666/quic_client_test_blocked_streams_maxstream_error0.iev,0.0,0.0
752," /home/chris/TVOQE_UPGRADE_27/quic/quant/Debug/bin/client -c false -r 20 -l /home/chris/secret.log -q /home/chris/qlog_quant -t 3600 -v 5 -e 0xff00001d https://localhost:4443/index.html
",client,quic_client_test_tp_acticoid_error0,,,/home/chris/Toward-verification-of-QUIC-extensions/installer/TVOQE/results/errors/client/local/quant-client-2/temp/555/quic_client_test_tp_acticoid_error0.iev,0.0,1.0
753," /home/chris/TVOQE_UPGRADE_27/quic/quant/Debug/bin/client -c false -r 20 -l /home/chris/secret.log -q /home/chris/qlog_quant -t 3600 -v 5 -e 0xff00001d https://localhost:4443/index.html
",client,quic_client_test_blocked_streams_maxstream_error0,,"ivy_return_code(1)+assumption_failed(""quic_client_test_blocked_streams_maxstream_error.ivy: line 283"")",/home/chris/Toward-verification-of-QUIC-extensions/installer/TVOQE/results/errors/client/local/quant-client-2/temp/647/quic_client_test_blocked_streams_maxstream_error0.iev,0.0,0.0
754," /home/chris/TVOQE_UPGRADE_27/quic/quant/Debug/bin/client -c false -r 20 -l /home/chris/secret.log -q /home/chris/qlog_quant -t 3600 -v 5 -e 0xff00001d https://localhost:4443/index.html
",client,quic_client_test_retirecoid_error0,,"ivy_return_code(1)+assumption_failed(""quic_client_test_retirecoid_error.ivy: line 276"")",/home/chris/Toward-verification-of-QUIC-extensions/installer/TVOQE/results/errors/client/local/quant-client-2/temp/712/quic_client_test_retirecoid_error0.iev,0.0,0.0
755," /home/chris/TVOQE_UPGRADE_27/quic/quant/Debug/bin/client -c false -r 20 -l /home/chris/secret.log -q /home/chris/qlog_quant -t 3600 -v 5 -e 0xff00001d https://localhost:4443/index.html
",client,quic_client_test_new_token_error0,,"ivy_return_code(1)+assumption_failed(""quic_client_test_new_token_error.ivy: line 517"")",/home/chris/Toward-verification-of-QUIC-extensions/installer/TVOQE/results/errors/client/local/quant-client-2/temp/1367/quic_client_test_new_token_error0.iev,0.0,0.0
756," /home/chris/TVOQE_UPGRADE_27/quic/quant/Debug/bin/client -c false -r 20 -l /home/chris/secret.log -q /home/chris/qlog_quant -t 3600 -v 5 -e 0xff00001d https://localhost:4443/index.html
",client,quic_client_test_new_token_error0,,server_return_code(1)+ivy_return_code(1),/home/chris/Toward-verification-of-QUIC-extensions/installer/TVOQE/results/errors/client/local/quant-client-2/temp/1325/quic_client_test_new_token_error0.iev,0.0,0.0
757," /home/chris/TVOQE_UPGRADE_27/quic/quant/Debug/bin/client -c false -r 20 -l /home/chris/secret.log -q /home/chris/qlog_quant -t 3600 -v 5 -e 0xff00001d https://localhost:4443/index.html
",client,quic_client_test_stream0,,"timeout+< undecryptable_packet_event({protocol:udp,addr:0x7f000001,port:0x94c3},{protocol:udp,addr:0x7f000001,port:0x115b},[0xc5,0xff,0,0,0x1d,0x12,0xb1,0x7a,0x41,0x17,0xb6,0xdb,0x18,0x4c,0x4f,0x57,0xf3,0x1e,0x15,0xd7,0x1f,0x3e,0x1f,0x36,0x4,0x1b,0x84,0xda,0x66,0,0x44,0x90,0x30,0x46,0xc1,0xad,0x45,0xd3,0x49,0xa,0x1c,0x99,0x59,0x68,0xb7,0xc6,0x76,0x7a,0xf9,0xea,0xcf,0x32,0xf1,0x96,0x10,0xbe,0xcc,0x58,0xa0,0x6,0xc5,0x27,0x7d,0xc0,0x7,0x22,0x48,0x7a,0x80,0xc9,0x78,0x3a,0x3d,0x6c,0xd4,0x6c,0xe0,0xd4,0x1d,0x20,0x24,0x61,0xec,0x40,0xc6,0x1d,0x69,0xa6,0xc,0xbb,0xeb,0x86,0xb8,0xd8,0x79,0xf7,0xdd,0x38,0x40,0x4e,0,0x1,0xc,0xbb,0x1f,0xee,0x9a,0xaa,0x53,0xaf,0xbe,0x23,0xb7,0x33,0x79,0xb3,0x1a,0x5f,0x68,0xf2,0x18,0x71,0x87,0x59,0x7,0x19,0x87,0x9a,0xb1,0x7e,0x98,0x1b,0x8a,0xb8,0x30,0x48,0x8c,0xa6,0x30,0x4c,0x50,0x68,0xcd,0xde,0xfb,0x2b,0xb3,0xe4,0xd,0xa6,0x6d,0x83,0x2e,0x97,0x15,0x8e,0x73,0x2e,0xfc,0xb2,0xcd,0x19,0xea,0xf1,0x1f,0xb2,0x74,0xd7,0x5b,0x9b,0x53,0x3e,0xc5,0xdf,0x2b,0x77,0x8a,0x1c,0x41,0x1b,0x41,0xff,0x1a,0x5e,0x3,0x82,0x44,0x68,0xed,0xb6,0xaf,0xaa,0x27,0x4c,0xc7,0xb,0x98,0xef,0xf,0x6c,0xe4,0xd2,0xe6,0x9d,0x2e,0xbf,0xbb,0x5,0xb7,0x97,0xec,0x30,0xc4,0x18,0x40,0x95,0xc4,0x8a,0x7f,0xce,0xc5,0x7,0xfb,0x52,0x56,0x6e,0xe,0x7,0x1f,0xf6,0x93,0x92,0x6,0x85,0xe5,0x46,0x35,0x4a,0x91,0xca,0xf6,0x86,0x43,0xec,0x32,0x1e,0x43,0x15,0xd4,0xf5,0x35,0xc2,0xda,0x3a,0x30,0x2f,0x87,0xa3,0xfa,0x17,0x30,0xb6,0x73,0xdb,0xab,0xd2,0x7c,0xb1,0x11,0xb5,0x38,0x30,0x22,0x9f,0x8e,0xc2,0x57,0xcf,0xd2,0x3c,0xe6,0x9e,0x78,0x2d,0x45,0xe,0x3,0x46,0x92,0x3f,0x2,0xe7,0x2b,0x55,0x12,0x7c,0x9e,0xa6,0x99,0xc0,0xc0,0xdd,0x63,0x22,0x3d,0xe8,0x99,0x67,0x4a,0xdd,0x13,0x89,0xac,0x28,0xb5,0x93,0x2e,0xf8,0x9d,0x2e,0x32,0x5d,0xa0,0xa5,0x18,0xc0,0x17,0xe9,0x45,0x45,0x8a,0x2e,0xde,0x11,0xe5,0xe9,0x28,0xc,0x4b,0x4,0x7e,0x40,0xf7,0x1b,0x4,0xe6,0x18,0x4e,0xbf,0x6,0xfa,0x9,0x50,0x1e,0x40,0x69,0xde,0x9a,0xe7,0x1b,0xa4,0x95,0xa8,0x21,0x42,0x4b,0x5b,0xc2,0x3b,0xf,0xdb,0xf,0x30,0x50,0xf2,0x64,0x30,0xc8,0x79,0x9d,0x85,0x69,0x8b,0x30,0x20,0x87,0x7a,0,0x76,0x2d,0x53,0x68,0x20,0xad,0x2e,0x2e,0xef,0x84,0xfc,0x7c,0x7a,0xa1,0x12,0xdf,0xe9,0x9,0xb8,0xd8,0xb0,0x45,0x59,0xc0,0x2b,0x25,0x29,0x42,0x20,0xba,0xa4,0x96,0x65,0x2d,0xee,0x9,0x39,0x7,0x64,0xed,0x90,0x30,0x8,0xe0,0xf2,0xa8,0x74,0x3b,0x79,0x5d,0x18,0xb4,0x1d,0xdc,0xa5,0x8e,0x87,0xd2,0xcb,0x8,0x83,0x77,0x75,0xd9,0xe6,0x1f,0xf8,0xf5,0x90,0xb8,0x71,0x1,0xe0,0x3f,0x22,0xff,0x5c,0x8f,0x37,0xdb,0x87,0x64,0x26,0xf6,0xc5,0xcd,0xbd,0x38,0xc2,0x3b,0x70,0x6f,0x70,0x16,0x83,0x39,0x1f,0x1a,0x4a,0xb2,0x66,0xbc,0x29,0x4b,0x71,0xc9,0x9e,0x3f,0xbd,0xe,0x59,0x72,0x8d,0xc3,0x77,0x7f,0x3d,0x3c,0x3e,0xf2,0xf6,0xe8,0xce,0x58,0x36,0x41,0xd9,0xd2,0x4b,0xc4,0x42,0xd5,0xbb,0xfd,0xa4,0xd9,0x24,0xb3,0x21,0xf3,0xbc,0xb3,0x51,0xca,0x11,0x5d,0xb6,0x83,0x7b,0x52,0x21,0xd9,0xc7,0x76,0x19,0x1c,0xd4,0xa3,0xcd,0xb1,0xf3,0x18,0x33,0xfe,0xd1,0x6c,0x5,0xde,0x54,0x22,0x10,0x68,0x9c,0xba,0x33,0x7d,0xfe,0xe8,0x1,0x11,0x20,0x8b,0xc4,0x63,0xec,0xd7,0x41,0x71,0x66,0x7a,0xbe,0x18,0xb8,0x29,0xa1,0x6a,0x44,0x6c,0xc1,0x8c,0x62,0x69,0x89,0x78,0x86,0x3d,0x67,0x19,0x10,0x8a,0xbd,0x80,0xff,0x73,0xdc,0xa2,0x3,0xbd,0xfd,0xff,0xbf,0xa,0x29,0xf6,0x22,0x4e,0xba,0x5f,0x1e,0xba,0x62,0,0x53,0x69,0x4a,0x45,0x96,0x1c,0x31,0x39,0x1d,0xdd,0x1,0x16,0xad,0x8a,0xd8,0x22,0xff,0x26,0x46,0x50,0x6b,0x36,0xab,0x98,0x92,0x27,0x6,0x81,0x90,0x5b,0x8e,0x6a,0xf0,0x13,0x6d,0xa6,0x68,0x4b,0x31,0x28,0x5e,0xec,0x94,0xe8,0x3e,0xea,0x38,0xd,0x11,0x27,0xbe,0xb9,0xd8,0x7f,0x1,0x4,0xa2,0x59,0x7e,0x42,0x21,0x6a,0x6b,0xe6,0x2b,0xea,0x6,0x29,0x2d,0x89,0x80,0x67,0x94,0x45,0x9a,0x4e,0x4c,0x6a,0xc4,0x42,0xe5,0x7e,0x69,0xfe,0xad,0xd9,0x33,0x13,0xcc,0xde,0x29,0x65,0x77,0x17,0xe6,0xc1,0x5c,0x3a,0xe8,0xaa,0x50,0x85,0xa0,0,0x96,0xae,0x32,0x41,0x77,0x14,0x10,0x8,0x42,0x3,0x88,0x1b,0x33,0x4e,0xc2,0xab,0x8a,0x18,0x47,0x85,0x90,0x1a,0x95,0xe,0xcb,0xe9,0xdb,0x4e,0xad,0x94,0x85,0xef,0xd,0x8a,0xa7,0xf5,0xdc,0x5e,0x41,0x12,0x87,0x6e,0xe5,0xe2,0x88,0x20,0xc1,0x47,0x1b,0x37,0x60,0x2a,0x79,0x40,0x1c,0x9,0xcc,0xd,0x8e,0x15,0x18,0x83,0x52,0xdc,0xfc,0x49,0x4f,0xce,0xdb,0x4f,0x3b,0x87,0x79,0x5f,0x4b,0x22,0x39,0x5b,0x4b,0x9f,0xac,0xd9,0x4e,0xa7,0x61,0xd0,0x9e,0x6a,0xde,0xe1,0xa8,0x22,0x8,0x99,0x40,0x9a,0x2d,0x1d,0xbe,0x90,0xa9,0xb5,0x15,0x68,0xd8,0x2e,0xda,0x9e,0xdd,0x75,0x36,0xc6,0xf9,0xdf,0xd3,0xac,0x4b,0x41,0x74,0xed,0x7e,0x4f,0x67,0x48,0x3e,0x90,0x88,0x2,0x39,0xd0,0x92,0x3,0x74,0xb6,0x66,0x3e,0xc3,0xb1,0x1,0xe4,0,0x7d,0x71,0x4d,0xab,0xe0,0xa,0xd1,0x92,0x3d,0x47,0x24,0xb8,0x8,0x36,0x53,0xb6,0xc9,0x3b,0x7c,0x2e,0x80,0xd5,0x21,0xb7,0x79,0x12,0xc0,0x7c,0x71,0x86,0x8a,0xa,0x45,0xd4,0x28,0xe9,0x2,0x4d,0x4,0x41,0x8e,0x7d,0x30,0x6b,0xa0,0x17,0x50,0x8d,0x5b,0xbc,0xa8,0x78,0x40,0xc7,0x7,0xeb,0x74,0x84,0xb9,0x72,0xae,0xef,0x2c,0xb7,0x4b,0xb,0xaa,0xe,0xda,0xcf,0x7b,0x46,0xe9,0xd6,0xc9,0x15,0x68,0x3a,0xe2,0x63,0x5d,0x21,0x60,0xb0,0x3c,0x45,0xe8,0xaf,0x22,0x54,0x6a,0x6f,0xf7,0x6b,0x72,0x71,0x5a,0xc7,0xf2,0x2,0x39,0xdb,0x32,0xee,0x19,0x7d,0x74,0xb1,0xed,0x6f,0x5c,0x74,0xba,0xb1,0x84,0xa4,0xd2,0xb8,0x86,0x69,0x6a,0xc,0xdc,0x9e,0xfb,0xb5,0xae,0xb5,0x71,0x8a,0x92,0x74,0xc7,0xc,0x9d,0x57,0x8b,0xaa,0xab,0xa6,0x9d,0xc3,0x35,0x76,0x11,0xc7,0xb4,0x8b,0x7e,0x54,0x8c,0x18,0x98,0x79,0xd6,0xb8,0x4c,0x3a,0x7,0xe9,0x3,0x8b,0x2e,0xe3,0x29,0x1d,0x77,0x51,0xe5,0x58,0x6f,0x78,0xbb,0x3b,0x77,0x3a,0xfe,0x91,0xc3,0xfe,0xcb,0xc9,0xf4,0x78,0xc5,0xb4,0x57,0x5b,0x53,0x19,0x94,0x3e,0x98,0x6b,0xe8,0x95,0xd6,0x88,0x36,0x99,0x9c,0xdb,0x59,0x5b,0xb9,0x72,0xb4,0xd6,0xfe,0x69,0x9a,0xf3,0x38,0xb3,0x27,0x74,0xe9,0xeb,0x1f,0x85,0x7e,0x2c,0x51,0x9e,0xa2,0xd4,0xa6,0x6e,0xfd,0x31,0x79,0xa2,0x51,0x29,0x26,0xa8,0xcc,0xa,0xc0,0x63,0x9c,0x8e,0x76,0x51,0x57,0x5,0x8e,0x12,0xd4,0x37,0xc5,0xdd,0xd5,0x88,0xca,0x35,0x4f,0xc6,0x4a,0xd0,0x8e,0x16,0xf6,0x42,0x10,0x1b,0xc,0x59,0x82,0x1,0x7e,0x34,0xf4,0x27,0x4f,0x3f,0xed,0xba,0x6c,0xeb,0x2,0xea,0x34,0x9,0x54,0x3f,0xc1,0x17,0x85,0x7b,0xb4,0xc3,0x65,0x77,0xdc,0x65,0x31,0xdd,0xb4,0xc1,0x19,0xb1,0xde,0xec,0x72,0x8f,0x6a,0x1d,0xfe,0x9c,0x64,0x5d,0x2d,0xc5,0xb0,0xc3,0x8a,0xaa,0x55,0xdb,0x10,0x55,0xa7,0xde,0x8c,0x12,0xad,0x2c,0xb2,0xbe,0x84,0x42,0xd5,0x71,0x6a])",/home/chris/Toward-verification-of-QUIC-extensions/installer/TVOQE/results/errors/client/local/quant-client-2/temp/197/quic_client_test_stream0.iev,0.0,0.0
758," /home/chris/TVOQE_UPGRADE_27/quic/quant/Debug/bin/client -c false -r 20 -l /home/chris/secret.log -q /home/chris/qlog_quant -t 3600 -v 5 -e 0xff00001d https://localhost:4443/index.html
",client,quic_client_test_unkown0,,server_return_code(1)+ivy_return_code(1),/home/chris/Toward-verification-of-QUIC-extensions/installer/TVOQE/results/errors/client/local/quant-client-2/temp/1088/quic_client_test_unkown0.iev,0.0,0.0
759," /home/chris/TVOQE_UPGRADE_27/quic/quant/Debug/bin/client -c false -r 20 -l /home/chris/secret.log -q /home/chris/qlog_quant -t 3600 -v 5 -e 0xff00001d https://localhost:4443/index.html
",client,quic_client_test_tp_unkown0,,,/home/chris/Toward-verification-of-QUIC-extensions/installer/TVOQE/results/errors/client/local/quant-client-2/temp/1175/quic_client_test_tp_unkown0.iev,0.0,1.0
760," /home/chris/TVOQE_UPGRADE_27/quic/quant/Debug/bin/client -c false -r 20 -l /home/chris/secret.log -q /home/chris/qlog_quant -t 3600 -v 5 -e 0xff00001d https://localhost:4443/index.html
",client,quic_client_test_tp_acticoid_error0,,"ivy_return_code(1)+assumption_failed(""quic_client_test_tp_acticoid_error.ivy: line 515"")",/home/chris/Toward-verification-of-QUIC-extensions/installer/TVOQE/results/errors/client/local/quant-client-2/temp/550/quic_client_test_tp_acticoid_error0.iev,0.0,0.0
761," /home/chris/TVOQE_UPGRADE_27/quic/quant/Debug/bin/client -c false -r 20 -l /home/chris/secret.log -q /home/chris/qlog_quant -t 3600 -v 5 -e 0xff00001d https://localhost:4443/index.html
",client,quic_client_test_max0,,,/home/chris/Toward-verification-of-QUIC-extensions/installer/TVOQE/results/errors/client/local/quant-client-2/temp/92/quic_client_test_max0.iev,0.0,1.0
762," /home/chris/TVOQE_UPGRADE_27/quic/quant/Debug/bin/client -c false -r 20 -l /home/chris/secret.log -q /home/chris/qlog_quant -t 3600 -v 5 -e 0xff00001d https://localhost:4443/index.html
",client,quic_client_test_new_token_error0,,"ivy_return_code(1)+assumption_failed(""quic_client_test_new_token_error.ivy: line 517"")",/home/chris/Toward-verification-of-QUIC-extensions/installer/TVOQE/results/errors/client/local/quant-client-2/temp/1392/quic_client_test_new_token_error0.iev,0.0,0.0
763," /home/chris/TVOQE_UPGRADE_27/quic/quant/Debug/bin/client -c false -r 20 -l /home/chris/secret.log -q /home/chris/qlog_quant -t 3600 -v 5 -e 0xff00001d https://localhost:4443/index.html
",client,quic_client_test_blocked_streams_maxstream_error0,,"ivy_return_code(1)+assumption_failed(""quic_client_test_blocked_streams_maxstream_error.ivy: line 283"")",/home/chris/Toward-verification-of-QUIC-extensions/installer/TVOQE/results/errors/client/local/quant-client-2/temp/671/quic_client_test_blocked_streams_maxstream_error0.iev,0.0,0.0
764," /home/chris/TVOQE_UPGRADE_27/quic/quant/Debug/bin/client -c false -r 20 -l /home/chris/secret.log -q /home/chris/qlog_quant -t 3600 -v 5 -e 0xff00001d https://localhost:4443/index.html
",client,quic_client_test_stream0,,timeout+sending id: server addr: 2130706433 port: 41351,/home/chris/Toward-verification-of-QUIC-extensions/installer/TVOQE/results/errors/client/local/quant-client-2/temp/185/quic_client_test_stream0.iev,0.0,0.0
765," /home/chris/TVOQE_UPGRADE_27/quic/quant/Debug/bin/client -c false -r 20 -l /home/chris/secret.log -q /home/chris/qlog_quant -t 3600 -v 5 -e 0xff00001d https://localhost:4443/index.html
",client,quic_client_test_ext_min_ack_delay0,,"ivy_return_code(1)+assumption_failed(""quic_client_test_ext_min_ack_delay.ivy: line 524"")",/home/chris/Toward-verification-of-QUIC-extensions/installer/TVOQE/results/errors/client/local/quant-client-2/temp/227/quic_client_test_ext_min_ack_delay0.iev,0.0,0.0
766," /home/chris/TVOQE_UPGRADE_27/quic/quant/Debug/bin/client -c false -r 20 -l /home/chris/secret.log -q /home/chris/qlog_quant -t 3600 -v 5 -e 0xff00001d https://localhost:4443/index.html
",client,quic_client_test_double_tp_error0,,"ivy_return_code(1)+assumption_failed(""quic_client_test_double_tp_error.ivy: line 502"")",/home/chris/Toward-verification-of-QUIC-extensions/installer/TVOQE/results/errors/client/local/quant-client-2/temp/402/quic_client_test_double_tp_error0.iev,0.0,0.0
767," /home/chris/TVOQE_UPGRADE_27/quic/quant/Debug/bin/client -c false -r 20 -l /home/chris/secret.log -q /home/chris/qlog_quant -t 3600 -v 5 -e 0xff00001d https://localhost:4443/index.html
",client,quic_client_test_tp_error0,,server_return_code(1)+timeout,/home/chris/Toward-verification-of-QUIC-extensions/installer/TVOQE/results/errors/client/local/quant-client-2/temp/300/quic_client_test_tp_error0.iev,0.0,0.0
768," /home/chris/TVOQE_UPGRADE_27/quic/quant/Debug/bin/client -c false -r 20 -l /home/chris/secret.log -q /home/chris/qlog_quant -t 3600 -v 5 -e 0xff00001d https://localhost:4443/index.html
",client,quic_client_test_ext_min_ack_delay0,,"ivy_return_code(1)+assumption_failed(""quic_client_test_ext_min_ack_delay.ivy: line 524"")",/home/chris/Toward-verification-of-QUIC-extensions/installer/TVOQE/results/errors/client/local/quant-client-2/temp/232/quic_client_test_ext_min_ack_delay0.iev,0.0,0.0
769," /home/chris/TVOQE_UPGRADE_27/quic/quant/Debug/bin/client -c false -r 20 -l /home/chris/secret.log -q /home/chris/qlog_quant -t 3600 -v 5 -e 0xff00001d https://localhost:4443/index.html
",client,quic_client_test_retirecoid_error0,,"ivy_return_code(1)+assumption_failed(""quic_client_test_retirecoid_error.ivy: line 276"")",/home/chris/Toward-verification-of-QUIC-extensions/installer/TVOQE/results/errors/client/local/quant-client-2/temp/741/quic_client_test_retirecoid_error0.iev,0.0,0.0
770," /home/chris/TVOQE_UPGRADE_27/quic/quant/Debug/bin/client -c false -r 20 -l /home/chris/secret.log -q /home/chris/qlog_quant -t 3600 -v 5 -e 0xff00001d https://localhost:4443/index.html
",client,quic_client_test_double_tp_error0,,server_return_code(1)+ivy_return_code(1),/home/chris/Toward-verification-of-QUIC-extensions/installer/TVOQE/results/errors/client/local/quant-client-2/temp/437/quic_client_test_double_tp_error0.iev,0.0,0.0
771," /home/chris/TVOQE_UPGRADE_27/quic/quant/Debug/bin/client -c false -r 20 -l /home/chris/secret.log -q /home/chris/qlog_quant -t 3600 -v 5 -e 0xff00001d https://localhost:4443/index.html
",client,quic_client_test_tp_acticoid_error0,,,/home/chris/Toward-verification-of-QUIC-extensions/installer/TVOQE/results/errors/client/local/quant-client-2/temp/514/quic_client_test_tp_acticoid_error0.iev,0.0,1.0
772," /home/chris/TVOQE_UPGRADE_27/quic/quant/Debug/bin/client -c false -r 20 -l /home/chris/secret.log -q /home/chris/qlog_quant -t 3600 -v 5 -e 0xff00001d https://localhost:4443/index.html
",client,quic_client_test_tp_prefadd_error0,,"ivy_return_code(1)+assumption_failed(""quic_client_test_tp_prefadd_error.ivy: line 518"")",/home/chris/Toward-verification-of-QUIC-extensions/installer/TVOQE/results/errors/client/local/quant-client-2/temp/972/quic_client_test_tp_prefadd_error0.iev,0.0,0.0
773," /home/chris/TVOQE_UPGRADE_27/quic/quant/Debug/bin/client -c false -r 20 -l /home/chris/secret.log -q /home/chris/qlog_quant -t 3600 -v 5 -e 0xff00001d https://localhost:4443/index.html
",client,quic_client_test_retirecoid_error0,,"ivy_return_code(1)+assumption_failed(""quic_client_test_retirecoid_error.ivy: line 276"")",/home/chris/Toward-verification-of-QUIC-extensions/installer/TVOQE/results/errors/client/local/quant-client-2/temp/743/quic_client_test_retirecoid_error0.iev,0.0,0.0
774," /home/chris/TVOQE_UPGRADE_27/quic/quant/Debug/bin/client -c false -r 20 -l /home/chris/secret.log -q /home/chris/qlog_quant -t 3600 -v 5 -e 0xff00001d https://localhost:4443/index.html
",client,quic_client_test_retirecoid_error0,,"ivy_return_code(1)+assumption_failed(""quic_client_test_retirecoid_error.ivy: line 276"")",/home/chris/Toward-verification-of-QUIC-extensions/installer/TVOQE/results/errors/client/local/quant-client-2/temp/787/quic_client_test_retirecoid_error0.iev,0.0,0.0
775," /home/chris/TVOQE_UPGRADE_27/quic/quant/Debug/bin/client -c false -r 20 -l /home/chris/secret.log -q /home/chris/qlog_quant -t 3600 -v 5 -e 0xff00001d https://localhost:4443/index.html
",client,quic_client_test_tp_acticoid_error0,,,/home/chris/Toward-verification-of-QUIC-extensions/installer/TVOQE/results/errors/client/local/quant-client-2/temp/528/quic_client_test_tp_acticoid_error0.iev,0.0,1.0
776," /home/chris/TVOQE_UPGRADE_27/quic/quant/Debug/bin/client -c false -r 20 -l /home/chris/secret.log -q /home/chris/qlog_quant -t 3600 -v 5 -e 0xff00001d https://localhost:4443/index.html
",client,quic_client_test_tp_unkown0,,"ivy_return_code(1)+assumption_failed(""quic_client_test_tp_unkown.ivy: line 515"")",/home/chris/Toward-verification-of-QUIC-extensions/installer/TVOQE/results/errors/client/local/quant-client-2/temp/1167/quic_client_test_tp_unkown0.iev,0.0,0.0
777," /home/chris/TVOQE_UPGRADE_27/quic/quant/Debug/bin/client -c false -r 20 -l /home/chris/secret.log -q /home/chris/qlog_quant -t 3600 -v 5 -e 0xff00001d https://localhost:4443/index.html
",client,quic_client_test_tp_prefadd_error0,,server_return_code(1)+ivy_return_code(1),/home/chris/Toward-verification-of-QUIC-extensions/installer/TVOQE/results/errors/client/local/quant-client-2/temp/958/quic_client_test_tp_prefadd_error0.iev,0.0,0.0
778," /home/chris/TVOQE_UPGRADE_27/quic/quant/Debug/bin/client -c false -r 20 -l /home/chris/secret.log -q /home/chris/qlog_quant -t 3600 -v 5 -e 0xff00001d https://localhost:4443/index.html
",client,quic_client_test_max0,,,/home/chris/Toward-verification-of-QUIC-extensions/installer/TVOQE/results/errors/client/local/quant-client-2/temp/71/quic_client_test_max0.iev,0.0,1.0
779," /home/chris/TVOQE_UPGRADE_27/quic/quant/Debug/bin/client -c false -r 20 -l /home/chris/secret.log -q /home/chris/qlog_quant -t 3600 -v 5 -e 0xff00001d https://localhost:4443/index.html
",client,quic_client_test_ext_min_ack_delay0,,,/home/chris/Toward-verification-of-QUIC-extensions/installer/TVOQE/results/errors/client/local/quant-client-2/temp/221/quic_client_test_ext_min_ack_delay0.iev,0.0,1.0
780," /home/chris/TVOQE_UPGRADE_27/quic/quant/Debug/bin/client -c false -r 20 -l /home/chris/secret.log -q /home/chris/qlog_quant -t 3600 -v 5 -e 0xff00001d https://localhost:4443/index.html
",client,quic_client_test_unkown0,,server_return_code(1)+ivy_return_code(1),/home/chris/Toward-verification-of-QUIC-extensions/installer/TVOQE/results/errors/client/local/quant-client-2/temp/1076/quic_client_test_unkown0.iev,0.0,0.0
781," /home/chris/TVOQE_UPGRADE_27/quic/quant/Debug/bin/client -c false -r 20 -l /home/chris/secret.log -q /home/chris/qlog_quant -t 3600 -v 5 -e 0xff00001d https://localhost:4443/index.html
",client,quic_client_test_new_token_error0,,"ivy_return_code(1)+assumption_failed(""quic_client_test_new_token_error.ivy: line 517"")",/home/chris/Toward-verification-of-QUIC-extensions/installer/TVOQE/results/errors/client/local/quant-client-2/temp/1378/quic_client_test_new_token_error0.iev,0.0,0.0
782," /home/chris/TVOQE_UPGRADE_27/quic/quant/Debug/bin/client -c false -r 20 -l /home/chris/secret.log -q /home/chris/qlog_quant -t 3600 -v 5 -e 0xff00001d https://localhost:4443/index.html
",client,quic_client_test_double_tp_error0,,server_return_code(1)+ivy_return_code(1),/home/chris/Toward-verification-of-QUIC-extensions/installer/TVOQE/results/errors/client/local/quant-client-2/temp/463/quic_client_test_double_tp_error0.iev,0.0,0.0
783," /home/chris/TVOQE_UPGRADE_27/quic/quant/Debug/bin/client -c false -r 20 -l /home/chris/secret.log -q /home/chris/qlog_quant -t 3600 -v 5 -e 0xff00001d https://localhost:4443/index.html
",client,quic_client_test_limit_max_error0,,"ivy_return_code(1)+assumption_failed(""quic_client_test_limit_max_error.ivy: line 504"")",/home/chris/Toward-verification-of-QUIC-extensions/installer/TVOQE/results/errors/client/local/quant-client-2/temp/1203/quic_client_test_limit_max_error0.iev,0.0,0.0
784," /home/chris/TVOQE_UPGRADE_27/quic/quant/Debug/bin/client -c false -r 20 -l /home/chris/secret.log -q /home/chris/qlog_quant -t 3600 -v 5 -e 0xff00001d https://localhost:4443/index.html
",client,quic_client_test_ext_min_ack_delay0,,,/home/chris/Toward-verification-of-QUIC-extensions/installer/TVOQE/results/errors/client/local/quant-client-2/temp/240/quic_client_test_ext_min_ack_delay0.iev,0.0,1.0
785," /home/chris/TVOQE_UPGRADE_27/quic/quant/Debug/bin/client -c false -r 20 -l /home/chris/secret.log -q /home/chris/qlog_quant -t 3600 -v 5 -e 0xff00001d https://localhost:4443/index.html
",client,quic_client_test_accept_maxdata0,,"ivy_return_code(1)+assumption_failed(""quic_client_test.ivy: line 310"")",/home/chris/Toward-verification-of-QUIC-extensions/installer/TVOQE/results/errors/client/local/quant-client-2/temp/804/quic_client_test_accept_maxdata0.iev,0.0,0.0
786," /home/chris/TVOQE_UPGRADE_27/quic/quant/Debug/bin/client -c false -r 20 -l /home/chris/secret.log -q /home/chris/qlog_quant -t 3600 -v 5 -e 0xff00001d https://localhost:4443/index.html
",client,quic_client_test_tp_prefadd_error0,,server_return_code(1)+ivy_return_code(1),/home/chris/Toward-verification-of-QUIC-extensions/installer/TVOQE/results/errors/client/local/quant-client-2/temp/964/quic_client_test_tp_prefadd_error0.iev,0.0,0.0
787," /home/chris/TVOQE_UPGRADE_27/quic/quant/Debug/bin/client -c false -r 20 -l /home/chris/secret.log -q /home/chris/qlog_quant -t 3600 -v 5 -e 0xff00001d https://localhost:4443/index.html
",client,quic_client_test_tp_unkown0,,,/home/chris/Toward-verification-of-QUIC-extensions/installer/TVOQE/results/errors/client/local/quant-client-2/temp/1161/quic_client_test_tp_unkown0.iev,0.0,1.0
788," /home/chris/TVOQE_UPGRADE_27/quic/quant/Debug/bin/client -c false -r 20 -l /home/chris/secret.log -q /home/chris/qlog_quant -t 3600 -v 5 -e 0xff00001d https://localhost:4443/index.html
",client,quic_client_test_ext_min_ack_delay0,,"ivy_return_code(1)+assumption_failed(""quic_client_test_ext_min_ack_delay.ivy: line 524"")",/home/chris/Toward-verification-of-QUIC-extensions/installer/TVOQE/results/errors/client/local/quant-client-2/temp/287/quic_client_test_ext_min_ack_delay0.iev,0.0,0.0
789," /home/chris/TVOQE_UPGRADE_27/quic/quant/Debug/bin/client -c false -r 20 -l /home/chris/secret.log -q /home/chris/qlog_quant -t 3600 -v 5 -e 0xff00001d https://localhost:4443/index.html
",client,quic_client_test_new_token_error0,,server_return_code(1)+test_completed,/home/chris/Toward-verification-of-QUIC-extensions/installer/TVOQE/results/errors/client/local/quant-client-2/temp/1317/quic_client_test_new_token_error0.iev,0.0,0.0
790," /home/chris/TVOQE_UPGRADE_27/quic/quant/Debug/bin/client -c false -r 20 -l /home/chris/secret.log -q /home/chris/qlog_quant -t 3600 -v 5 -e 0xff00001d https://localhost:4443/index.html
",client,quic_client_test_blocked_streams_maxstream_error0,,"ivy_return_code(1)+assumption_failed(""quic_client_test_blocked_streams_maxstream_error.ivy: line 283"")",/home/chris/Toward-verification-of-QUIC-extensions/installer/TVOQE/results/errors/client/local/quant-client-2/temp/654/quic_client_test_blocked_streams_maxstream_error0.iev,0.0,0.0
791," /home/chris/TVOQE_UPGRADE_27/quic/quant/Debug/bin/client -c false -r 20 -l /home/chris/secret.log -q /home/chris/qlog_quant -t 3600 -v 5 -e 0xff00001d https://localhost:4443/index.html
",client,quic_client_test_max0,,,/home/chris/Toward-verification-of-QUIC-extensions/installer/TVOQE/results/errors/client/local/quant-client-2/temp/78/quic_client_test_max0.iev,0.0,1.0
792," /home/chris/TVOQE_UPGRADE_27/quic/quant/Debug/bin/client -c false -r 20 -l /home/chris/secret.log -q /home/chris/qlog_quant -t 3600 -v 5 -e 0xff00001d https://localhost:4443/index.html
",client,quic_client_test_retirecoid_error0,,"ivy_return_code(1)+assumption_failed(""quic_client_test_retirecoid_error.ivy: line 276"")",/home/chris/Toward-verification-of-QUIC-extensions/installer/TVOQE/results/errors/client/local/quant-client-2/temp/703/quic_client_test_retirecoid_error0.iev,0.0,0.0
793," /home/chris/TVOQE_UPGRADE_27/quic/quant/Debug/bin/client -c false -r 20 -l /home/chris/secret.log -q /home/chris/qlog_quant -t 3600 -v 5 -e 0xff00001d https://localhost:4443/index.html
",client,quic_client_test_tp_prefadd_error0,,"ivy_return_code(1)+assumption_failed(""quic_client_test_tp_prefadd_error.ivy: line 518"")",/home/chris/Toward-verification-of-QUIC-extensions/installer/TVOQE/results/errors/client/local/quant-client-2/temp/914/quic_client_test_tp_prefadd_error0.iev,0.0,0.0
794," /home/chris/TVOQE_UPGRADE_27/quic/quant/Debug/bin/client -c false -r 20 -l /home/chris/secret.log -q /home/chris/qlog_quant -t 3600 -v 5 -e 0xff00001d https://localhost:4443/index.html
",client,quic_client_test_new_token_error0,,server_return_code(1)+ivy_return_code(1),/home/chris/Toward-verification-of-QUIC-extensions/installer/TVOQE/results/errors/client/local/quant-client-2/temp/1345/quic_client_test_new_token_error0.iev,0.0,0.0
795," /home/chris/TVOQE_UPGRADE_27/quic/quant/Debug/bin/client -c false -r 20 -l /home/chris/secret.log -q /home/chris/qlog_quant -t 3600 -v 5 -e 0xff00001d https://localhost:4443/index.html
",client,quic_client_test_new_token_error0,,ivy_return_code(134)+ivy_binary_deser_128 getn deser_err,/home/chris/Toward-verification-of-QUIC-extensions/installer/TVOQE/results/errors/client/local/quant-client-2/temp/1331/quic_client_test_new_token_error0.iev,0.0,0.0
796," /home/chris/TVOQE_UPGRADE_27/quic/quant/Debug/bin/client -c false -r 20 -l /home/chris/secret.log -q /home/chris/qlog_quant -t 3600 -v 5 -e 0xff00001d https://localhost:4443/index.html
",client,quic_client_test_tp_acticoid_error0,,,/home/chris/Toward-verification-of-QUIC-extensions/installer/TVOQE/results/errors/client/local/quant-client-2/temp/519/quic_client_test_tp_acticoid_error0.iev,0.0,1.0
797," /home/chris/TVOQE_UPGRADE_27/quic/quant/Debug/bin/client -c false -r 20 -l /home/chris/secret.log -q /home/chris/qlog_quant -t 3600 -v 5 -e 0xff00001d https://localhost:4443/index.html
",client,quic_client_test_ext_min_ack_delay0,,,/home/chris/Toward-verification-of-QUIC-extensions/installer/TVOQE/results/errors/client/local/quant-client-2/temp/271/quic_client_test_ext_min_ack_delay0.iev,0.0,1.0
798," /home/chris/TVOQE_UPGRADE_27/quic/quant/Debug/bin/client -c false -r 20 -l /home/chris/secret.log -q /home/chris/qlog_quant -t 3600 -v 5 -e 0xff00001d https://localhost:4443/index.html
",client,quic_client_test_tp_error0,,"timeout+< undecryptable_packet_event({protocol:udp,addr:0x7f000001,port:0xe38e},{protocol:udp,addr:0x7f000001,port:0x115b},[0xcb,0xff,0,0,0x1d,0x14,0x7a,0x54,0x2,0xa5,0x49,0x6c,0xce,0x52,0x10,0xca,0xbb,0x33,0x10,0x3f,0x4c,0x16,0xc8,0xfc,0xca,0xd8,0x4,0x17,0xd9,0x47,0x5c,0,0x44,0x8e,0x6b,0xed,0x21,0x87,0xee,0xe8,0x74,0xc0,0x46,0x41,0x82,0xfd,0x1d,0x18,0x86,0xbc,0x39,0x7c,0xd1,0xf7,0xcd,0x35,0x4,0x6d,0xec,0xec,0x53,0x83,0x87,0xf7,0xbf,0x3f,0x39,0x6d,0x70,0x11,0x10,0xe,0,0xc9,0xee,0xf3,0x34,0xa2,0xb,0xf4,0x3a,0x9,0x62,0xad,0x2c,0x84,0x22,0xa8,0xa1,0xdf,0xa9,0x80,0x79,0x35,0xf9,0xfc,0x4b,0x82,0xd9,0xb1,0x6a,0x89,0xeb,0xf8,0xc5,0x1e,0x20,0x1,0xfb,0x77,0x26,0xfb,0xb1,0xc,0x64,0x41,0xfc,0x54,0x7b,0x8b,0x59,0x1a,0xa9,0xec,0x11,0xb8,0x77,0x9b,0x65,0x1c,0xc8,0xe9,0xdc,0x79,0x63,0xdd,0x23,0x1a,0x9f,0x35,0x67,0x7,0x29,0,0x41,0x61,0x63,0x44,0x98,0x93,0x87,0xd6,0x98,0x84,0x74,0x7c,0xbd,0x1f,0x29,0x40,0x59,0x6,0x41,0xb6,0x64,0xb3,0x12,0xe9,0xa9,0x25,0x23,0xfc,0xc4,0x68,0x31,0xfc,0x10,0x18,0xf3,0xfa,0xae,0x72,0xd1,0x2b,0xc1,0x2f,0x5c,0xbb,0x5f,0x18,0x7,0xa2,0x1f,0x10,0xeb,0x41,0xa7,0x4,0xa1,0x73,0xf2,0x8f,0x57,0x97,0x96,0x41,0x2c,0x60,0xee,0x12,0xbc,0xf6,0xe2,0x26,0xce,0xf1,0xb9,0x6a,0xf1,0x3d,0x93,0xee,0x36,0x9f,0x80,0x4c,0x6a,0xa7,0x6e,0x81,0x27,0xd0,0x62,0x71,0xcb,0x2d,0x89,0x67,0x1e,0x14,0xba,0x9,0x5d,0xd0,0xc8,0x1f,0x16,0xfd,0x7c,0x33,0x96,0x2a,0x3e,0xc,0x8a,0xe5,0xa2,0x8f,0x2,0x9,0x9c,0xdb,0xc7,0x36,0x2b,0x6f,0x3d,0x4c,0x5c,0x3c,0xe5,0x91,0x9d,0x74,0xcd,0x50,0xfe,0xa,0xa8,0x90,0x29,0x5e,0x1d,0xa1,0x60,0x45,0x5f,0xd,0xae,0xed,0,0x94,0x47,0x71,0x93,0xf0,0x78,0x18,0x17,0x11,0xa4,0x9a,0x93,0x92,0xc9,0xcc,0x9a,0x3d,0x3b,0x16,0x86,0x7d,0xde,0x25,0xfd,0x5,0xea,0x3a,0x12,0xdb,0x91,0x22,0x22,0x97,0x55,0x32,0x36,0xeb,0xf0,0x80,0x64,0x66,0x67,0x26,0x23,0x4a,0x9e,0x89,0x5c,0xbc,0xca,0xfe,0xa7,0xdd,0x3b,0x7e,0x34,0xb5,0xd9,0x1e,0xbd,0xa8,0xc4,0xd8,0x54,0x1c,0xe7,0,0xea,0x2a,0x76,0x1d,0x8a,0x86,0xf4,0x51,0x5,0xb9,0x9d,0x18,0xcf,0xd8,0xb3,0x84,0x9e,0x2c,0x9d,0x49,0x2e,0x51,0x7f,0x15,0xf8,0x64,0xce,0x2e,0xb7,0x78,0xd6,0xfb,0x4f,0xc,0xb6,0xce,0xce,0xda,0xb1,0xd9,0x3,0x9a,0x52,0x37,0x50,0x5a,0x63,0xd9,0xaf,0x42,0xff,0x55,0xd9,0xa0,0x7e,0x63,0x60,0x8f,0x9,0x58,0xf8,0x48,0xc9,0x7b,0x1f,0x89,0x43,0x93,0x1,0x9f,0x8f,0,0xd2,0xbc,0x1,0xef,0x55,0xf4,0x28,0x37,0x82,0x53,0xba,0x23,0xcc,0xcb,0x8d,0x54,0xf1,0xca,0x43,0xbb,0xbb,0xcc,0x17,0xee,0x9a,0x43,0xfc,0x44,0x69,0xe3,0xec,0xbd,0x46,0x88,0xfa,0xfa,0x1e,0x9e,0x8d,0xeb,0xed,0xd6,0x9b,0x81,0xbf,0x14,0x5a,0xb,0xd3,0xf7,0x32,0x31,0x7f,0x6b,0x24,0xe5,0x3a,0xd7,0xfc,0xcb,0x8a,0x29,0x80,0xb8,0xe1,0xab,0x62,0x41,0x9a,0x43,0xb7,0xa8,0x3c,0x10,0x1,0x2,0x7,0x90,0x12,0xdd,0xde,0xa6,0x4f,0x36,0xb8,0x13,0x95,0xd0,0x9b,0x3c,0x94,0x2a,0x9f,0x7e,0x6e,0x11,0x98,0xdf,0xf9,0xa1,0x36,0xe8,0xcf,0xdf,0x11,0x5,0,0x11,0x70,0xc,0xd7,0xf,0xd,0xcb,0x61,0x7b,0xd9,0x5f,0x14,0x53,0x3d,0x36,0x46,0x6,0x55,0xac,0xd7,0xf6,0xa9,0x4f,0xa9,0x34,0xa8,0x5d,0xe,0xfc,0x5,0xf9,0xb8,0xbe,0x56,0x4c,0x16,0xa5,0x67,0xee,0xb2,0xdb,0x7c,0x9c,0xf,0x4d,0xea,0x3a,0x6d,0x67,0xa1,0x78,0xaa,0xf7,0xe7,0x58,0x42,0x52,0x76,0xe5,0x6a,0x7f,0xb1,0x7c,0x98,0x69,0x75,0x77,0x61,0xc0,0xec,0x21,0x2b,0xee,0x64,0x6,0xe1,0x32,0xd7,0xfa,0xa4,0x1e,0x88,0x58,0x4d,0x22,0x5a,0xfb,0x2c,0xae,0xb0,0x67,0xa1,0x8e,0xf1,0x9c,0x54,0x84,0x47,0x6a,0x25,0x10,0x95,0x13,0x2a,0x30,0x88,0x42,0x13,0x82,0xc7,0xfb,0x8f,0xb6,0x6d,0x70,0xb0,0x8d,0xd2,0xd6,0xef,0xbd,0x2c,0,0x3f,0xe5,0xba,0x35,0x42,0xc1,0xf,0xb8,0x2b,0x6a,0x82,0x49,0xbd,0x32,0x8d,0x7f,0x73,0x8f,0x95,0xce,0x17,0x79,0x54,0x3c,0x54,0xc1,0x52,0x6e,0xb3,0x60,0xcd,0xd7,0x7a,0xc5,0x26,0xda,0x1c,0x9e,0x73,0x24,0x62,0xcd,0xb2,0x97,0x7c,0xd5,0xa8,0xc,0x98,0x17,0x42,0xd4,0x21,0x7f,0,0xa7,0,0xf4,0x7a,0x50,0xc2,0xc7,0x1d,0xef,0xe4,0x10,0xd9,0x6f,0xce,0xa3,0x9a,0xa5,0xa6,0xa2,0x3b,0x8c,0xed,0x4e,0x6f,0x53,0xb4,0xe5,0x38,0x6c,0x2,0xbb,0xf9,0xc2,0xfa,0x5e,0x31,0x10,0x68,0x26,0xc5,0x2f,0x9e,0x4b,0x59,0xa8,0xa2,0xdd,0x1b,0x52,0x6e,0x65,0x37,0xe0,0x1,0xe8,0x23,0xe9,0x73,0xc,0x53,0x71,0xe2,0xc2,0x3a,0x93,0xd9,0xd5,0x78,0xdd,0xce,0,0x87,0xe6,0xc7,0x60,0,0xd8,0x60,0x7e,0xf3,0x44,0xbb,0x72,0x73,0xea,0xbb,0x42,0x57,0x7a,0xf3,0x2d,0x18,0x4a,0xc7,0x74,0x4d,0xdc,0x79,0x46,0x33,0xb7,0xef,0xed,0x2d,0x7c,0x9d,0xd9,0x61,0xb3,0x45,0x56,0xb3,0x89,0xa7,0x49,0xcd,0xb3,0x11,0x12,0x51,0x6f,0xac,0x77,0x73,0xef,0x50,0xb,0x46,0x3d,0xc7,0xd1,0xa1,0xa7,0x46,0x72,0xab,0x8e,0x10,0x8b,0x30,0x2d,0x4b,0xbf,0x89,0xd,0x77,0x2e,0x78,0xce,0x40,0x38,0xe,0x24,0x33,0xb5,0xd5,0xc4,0x58,0x6c,0x39,0x9c,0x1e,0x1a,0x8f,0x79,0x89,0xec,0xa4,0x63,0x59,0x5,0x7d,0xac,0xf0,0x94,0x36,0xbc,0xe9,0x12,0x96,0x59,0xf8,0x3b,0x6d,0xd0,0xa4,0x9f,0x6c,0xd2,0x94,0xf9,0x52,0x77,0x49,0xb2,0x21,0x9a,0x8b,0x74,0xdf,0xe6,0x7e,0x5e,0x64,0x1c,0x80,0x9d,0xaf,0xfd,0x8,0x81,0x73,0x95,0x55,0x1a,0x67,0x55,0xfb,0xc0,0x8d,0x67,0x28,0xb7,0xfe,0x23,0x7f,0x8b,0xa9,0xac,0xc2,0xeb,0xd4,0xa9,0x4f,0x9d,0x72,0xc9,0x85,0x44,0x4c,0xdf,0xe0,0x66,0xf7,0x1b,0xc2,0x5f,0xc,0x81,0xdc,0xe5,0xb1,0xd3,0xc4,0x74,0xe9,0x6d,0x68,0xa6,0xb0,0xad,0xa5,0xbe,0x48,0x32,0x35,0x65,0x87,0x86,0xb6,0x52,0xda,0xeb,0x44,0x34,0,0xb9,0x53,0xec,0x5c,0xd1,0x52,0x11,0x11,0x7c,0x75,0xa9,0xaf,0xe,0x62,0x17,0xcf,0x69,0xdc,0x7c,0x91,0x57,0xcd,0x57,0x6c,0x43,0x59,0xe3,0xc,0x85,0xaa,0x3e,0x57,0x8f,0xfd,0xf5,0xe5,0x17,0x53,0x72,0x6,0xc6,0xc6,0x70,0x24,0x95,0xbd,0x6c,0x86,0x6b,0x47,0x87,0x5d,0xb,0xcb,0xe3,0x28,0x8f,0x6c,0x65,0xc6,0xec,0xe2,0xe9,0x23,0x70,0x30,0x5f,0x19,0xb4,0x2e,0x3a,0x4b,0x4a,0x9e,0xbc,0x2,0x74,0xfc,0x23,0x8a,0xb6,0x90,0xff,0x8a,0x4d,0x16,0x6b,0x1b,0xa7,0xd4,0x53,0x3b,0x51,0x33,0x2d,0xe4,0x70,0xd,0x9b,0x3e,0xe0,0x99,0xbb,0x82,0x58,0x7f,0xa4,0xdd,0xbd,0xf5,0x40,0xd5,0x76,0x85,0xd8,0x62,0x59,0xa3,0x7a,0x14,0x28,0x3c,0x66,0x4b,0xed,0xe4,0x8d,0xf0,0x53,0x7c,0x6f,0x2b,0xd0,0xbc,0x6,0xd4,0xbe,0x9e,0x4e,0xc0,0x1,0xf5,0xfb,0x56,0xb7,0xb5,0xdb,0x52,0xdd,0x5f,0x6b,0x97,0xc6,0xd4,0x4c,0x70,0x86,0xdc,0x86,0x15,0x9c,0xbe,0xa0,0xc,0x9c,0x3f,0xed,0xb9,0xb2,0xac,0x85,0xc7,0xc1,0xd4,0xf1,0x7,0x7b,0x30,0x5b,0x5a,0xa5,0x74,0xa6,0xd2,0x99,0xb4,0x77,0x93,0xeb,0x30,0xdd,0x70,0x95,0x9e,0xf7,0x70,0xa9,0x8d,0xb2,0x4a,0x29,0x88,0x22,0x93,0x89,0x7c,0x9f,0xde,0x35])",/home/chris/Toward-verification-of-QUIC-extensions/installer/TVOQE/results/errors/client/local/quant-client-2/temp/389/quic_client_test_tp_error0.iev,0.0,0.0
799," /home/chris/TVOQE_UPGRADE_27/quic/quant/Debug/bin/client -c false -r 20 -l /home/chris/secret.log -q /home/chris/qlog_quant -t 3600 -v 5 -e 0xff00001d https://localhost:4443/index.html
",client,quic_client_test_tp_error0,,"timeout+< undecryptable_packet_event({protocol:udp,addr:0x7f000001,port:0x97c6},{protocol:udp,addr:0x7f000001,port:0x115b},[0xc0,0xff,0,0,0x1d,0x13,0x54,0xb0,0x4,0x46,0x40,0x36,0xbd,0x4f,0x53,0xf0,0xe0,0x57,0x57,0x88,0x75,0x53,0xb,0xa6,0xba,0x4,0xec,0xd4,0xa6,0x8e,0,0x44,0x8f,0xcc,0xdb,0x57,0x7a,0xbc,0xe0,0x14,0xd4,0x1e,0xcc,0xeb,0xeb,0x21,0xd9,0x96,0x3b,0xc1,0xce,0xbc,0xed,0xfb,0xc8,0x7f,0x69,0xed,0xcc,0xa0,0xd9,0x43,0x89,0xb8,0x29,0x52,0xa1,0x60,0xcb,0xe2,0x33,0x20,0xa5,0x4b,0x43,0x90,0x9a,0x40,0x55,0xa6,0x60,0x4c,0x3c,0x1f,0x9e,0xd7,0x98,0x29,0x56,0xfd,0xa2,0x3c,0x5c,0x67,0x9a,0x8f,0x95,0x14,0xb,0x33,0x79,0xaf,0xb5,0x45,0x1a,0xfa,0x2b,0xbf,0xab,0xf5,0x55,0x21,0x2c,0xff,0x2f,0xbf,0xb7,0xdc,0x70,0xea,0xa9,0x91,0x89,0x50,0x97,0xd4,0x97,0xbf,0x18,0x9c,0xe6,0x60,0x67,0x9f,0x3b,0xa1,0x8,0xbf,0x8c,0xd4,0xd2,0x4e,0x68,0x99,0xeb,0xa8,0x62,0x9a,0x4a,0xaf,0xca,0xe4,0xc1,0x4d,0x79,0xc1,0x5f,0xcc,0x5,0xaf,0xa5,0x6f,0x92,0xff,0x4b,0x29,0xe3,0xb7,0xcb,0x1f,0xb1,0xdc,0x5a,0xff,0x18,0x3b,0xf5,0xfc,0x81,0xbd,0x97,0xb7,0xb3,0x39,0xf,0xcd,0x6a,0x7e,0x7e,0x5b,0x2d,0x3a,0x89,0x43,0x3,0x78,0x83,0x81,0xcb,0x5b,0x8e,0x9b,0x81,0xb7,0xce,0x4d,0x93,0xbc,0x9e,0x1e,0x15,0xaa,0xc3,0x3a,0xbe,0xc3,0x39,0x5d,0xde,0x43,0xb2,0x5,0x82,0xd1,0xae,0xfa,0xa6,0x75,0xbb,0x9f,0x8b,0x95,0x57,0xe6,0xdc,0x48,0x9a,0xb0,0x4f,0x54,0x9b,0x40,0xd8,0xba,0x24,0xb7,0x89,0xb6,0x80,0xc5,0x4c,0x6d,0x2c,0x99,0x76,0x29,0xf0,0x66,0x99,0x9a,0x1a,0xfa,0x1a,0xc6,0x9f,0x3f,0x75,0xd3,0xbd,0x4f,0x7a,0xfa,0x4b,0x42,0xfe,0x90,0xc6,0x8d,0x5b,0x6f,0x5c,0x65,0x7,0x8b,0x9c,0x93,0xf4,0x42,0x47,0x4f,0xe3,0x83,0x7d,0x24,0x57,0xc7,0x1e,0xc4,0x22,0x41,0xd9,0x65,0xc1,0xbf,0xf9,0x43,0xe6,0x6b,0xac,0xa3,0x38,0xb9,0xda,0xe4,0x79,0xe4,0xb8,0xad,0x33,0x6b,0xca,0x55,0x6d,0x2f,0xaa,0x5c,0x41,0xf1,0x16,0xdb,0x43,0xb7,0xcc,0x91,0xc3,0xa0,0xa3,0x39,0x20,0x96,0x1a,0x8f,0x58,0xb3,0x27,0xf4,0xff,0xfb,0xa1,0xde,0x72,0x5e,0xc4,0x1f,0x42,0x4e,0x72,0x21,0x81,0x5d,0xe1,0x81,0x7d,0x2a,0x81,0xdb,0xe1,0x79,0xa7,0xe7,0x89,0x21,0x8,0x56,0xa2,0x87,0xe9,0x78,0x64,0x19,0xad,0x65,0xbb,0xfb,0xac,0xdd,0x8c,0x95,0xd1,0xd3,0x1a,0x7c,0x33,0xd9,0xcb,0x4,0xdd,0xfe,0xe,0xcf,0x7f,0x72,0x1d,0x54,0x54,0xac,0xad,0xfe,0x7d,0xc4,0xea,0xae,0x29,0x8,0xb8,0x1d,0x21,0x1c,0x55,0x23,0x71,0x1,0xef,0xeb,0x46,0xfb,0x4a,0xbe,0xfb,0xa9,0x3a,0xad,0x4b,0x7b,0x2d,0x77,0x50,0xa7,0x4,0x8f,0x5f,0x13,0x7e,0xcb,0xb9,0x54,0x49,0x65,0xeb,0xc,0x84,0xec,0xb,0x81,0x7f,0x81,0xf6,0x46,0xb2,0xb3,0x50,0x65,0x75,0xe3,0xb4,0x6d,0x65,0xb8,0x55,0xaa,0xce,0xcc,0xd3,0x38,0x5d,0x93,0xf5,0xb5,0x28,0x9d,0x5,0xa7,0x3f,0xed,0x2,0x72,0xe6,0xe8,0x87,0xac,0x36,0x78,0x3,0xf4,0x2b,0xf7,0xf9,0x38,0xd0,0xc8,0x34,0xfd,0x8f,0xe8,0x9a,0x3f,0x11,0xf5,0x7c,0x24,0x8b,0x40,0,0x55,0xc6,0xcd,0xc6,0x58,0x47,0xc6,0x14,0x71,0x41,0xbb,0x4f,0xb6,0x4d,0x9f,0xed,0x45,0xbf,0x14,0xf,0xdf,0xf8,0x9e,0x57,0xb8,0xf8,0x37,0x43,0x37,0xb0,0x60,0xcc,0x2e,0x6a,0x10,0x41,0xc0,0x5b,0x49,0xf7,0x9b,0x5c,0x48,0x5f,0xae,0x71,0x7c,0x1e,0xc,0xcc,0xfa,0x46,0x47,0xd3,0x80,0x53,0xf1,0x5f,0x50,0x94,0x61,0x4f,0x18,0x97,0x35,0xe,0x28,0x8d,0xca,0xa8,0xc8,0xbf,0x43,0xb,0xc7,0xd6,0x3c,0x17,0x4a,0xa2,0x77,0x50,0x25,0x8f,0xaa,0x3b,0x7a,0x17,0xd,0x2f,0x9e,0x64,0x1a,0x10,0x76,0xcd,0x8a,0xed,0x3b,0x32,0x2b,0x51,0xaf,0x9,0xfe,0xcc,0xbc,0x6d,0x8,0x4e,0xbc,0xc4,0x42,0xec,0x2b,0xe5,0x86,0x69,0x6c,0xcc,0xbe,0x79,0xc7,0x49,0x39,0x24,0x5a,0x11,0x27,0xcd,0xb7,0x57,0x9d,0x30,0xce,0x21,0xf6,0x6e,0x6d,0xf6,0x35,0x2a,0xa0,0x6,0xfa,0x30,0x3d,0xa2,0x43,0xfb,0xf8,0xfd,0x11,0x26,0xb2,0x5f,0xfb,0xb7,0x65,0xd7,0xd3,0xec,0xac,0xc7,0xf9,0x2d,0x78,0x3c,0xb9,0x43,0x3,0xf6,0x7c,0xb,0x64,0x19,0xf,0xe9,0xc9,0x26,0xc2,0xac,0xb5,0xe4,0x2d,0x33,0x7c,0xa,0x7e,0x48,0x28,0x8e,0x6b,0xbd,0x97,0x53,0xb9,0x66,0xbe,0x14,0x8a,0x74,0x3d,0x19,0x8,0xf0,0xf3,0x22,0xc7,0xfe,0x2b,0xc,0x32,0xad,0x6c,0x39,0x80,0xe7,0xd,0xf7,0xbe,0xc3,0x6b,0x1f,0x5e,0x1c,0x9,0xc1,0xad,0x3f,0xdb,0x64,0x57,0x89,0x7b,0xaa,0x44,0x27,0xc6,0x41,0x3f,0x96,0x9e,0x23,0xbe,0x28,0xc7,0xdc,0x39,0xc4,0x65,0x69,0x4c,0x8b,0x1f,0xd5,0xc2,0x14,0xd6,0x6,0x16,0xf8,0x92,0xc1,0xd4,0x9e,0x86,0x38,0xcd,0x5b,0xf6,0xfe,0x20,0xc6,0xb3,0x9f,0xb1,0xd,0x7f,0x7a,0x35,0x27,0xc9,0x4e,0x26,0xa7,0xa3,0x60,0xbb,0xdd,0x80,0xca,0x2,0x8e,0xc2,0x95,0x7d,0x98,0x8b,0x23,0xc,0x62,0xdb,0xc9,0xfe,0x4f,0x4a,0x57,0xdf,0x63,0xe0,0xe4,0x31,0x9b,0x8d,0xa3,0xc3,0x6e,0xd0,0x29,0xc2,0x9b,0xe2,0x85,0x5b,0x8c,0x60,0x11,0xe5,0xb4,0x6,0xd3,0x98,0x7f,0xb8,0xb3,0x17,0xe5,0xc1,0xb5,0xa0,0x57,0x84,0x73,0xe8,0x25,0xd8,0xc5,0x97,0x65,0x1f,0x67,0x6b,0x26,0x6e,0x36,0xe1,0xb8,0x99,0xf,0x4d,0xbd,0xfb,0x14,0xdd,0x1e,0x8,0xa1,0xb9,0x94,0x25,0x94,0xc3,0x80,0x38,0x28,0x91,0x9b,0x8a,0xc4,0x5,0x3f,0xce,0xa4,0x63,0x1a,0x73,0x1,0xb6,0x15,0xf0,0xc3,0x73,0x15,0xa0,0xee,0x24,0x13,0xc0,0xcd,0x4b,0x95,0x1,0x44,0xec,0x19,0x17,0x6e,0x7a,0x9a,0x28,0x4a,0xb9,0x72,0x75,0xcc,0xd0,0xc3,0xe5,0xfc,0x95,0x81,0xe8,0x16,0x53,0x52,0x36,0x72,0xbc,0x46,0x3b,0xe6,0xfe,0x46,0xe6,0xb2,0xba,0x10,0x3b,0x73,0x80,0x2f,0xbc,0xc0,0x64,0x7d,0x27,0xa6,0x98,0xd5,0x95,0x21,0xe6,0xa9,0xf4,0x70,0x55,0x42,0x86,0x69,0x52,0x8c,0x51,0x48,0xf1,0x96,0xe6,0x88,0xbb,0x3c,0x56,0x54,0xa3,0xb1,0xf1,0x79,0x3f,0x4b,0x8d,0x7e,0x3d,0x57,0xb9,0x20,0x79,0xfd,0x2c,0xdf,0xd1,0x1c,0x22,0x88,0x12,0x1a,0x1a,0x89,0xfa,0xa9,0xac,0xac,0x55,0x7b,0x19,0x8,0xa0,0x66,0xae,0x5,0xc7,0x49,0x9,0x9d,0xf5,0x2e,0xa5,0x39,0x93,0x36,0x9b,0xa,0x72,0xcc,0xfd,0x13,0x7d,0x67,0x3f,0x11,0x63,0xb3,0xe7,0x49,0xf1,0x90,0xa4,0x34,0xf8,0xb1,0x7f,0xbf,0xa,0xa7,0xc0,0xd1,0xe3,0x41,0xf8,0xbf,0x5f,0x1c,0x68,0xf7,0xfc,0x6a,0xd3,0x27,0x81,0xf7,0x95,0x92,0xa,0xf3,0x6e,0x45,0x72,0xd6,0x7e,0xbf,0xf5,0xa4,0x37,0x33,0xfc,0x6b,0x42,0x32,0xec,0x97,0x9a,0xb0,0xdb,0xe,0xa5,0x95,0xf6,0x50,0x46,0x3c,0x3c,0x27,0xa7,0x86,0x8f,0xfb,0xd4,0xd,0xda,0xc0,0x7f,0x6f,0x3c,0xca,0x4d,0xf0,0xb4,0x4d,0x2d,0x45,0xae,0xbf,0xea,0x14,0xae,0xb3,0x3c,0xf5,0xad,0xf2,0xfd,0x68,0x7,0xf2,0x9d,0x2c,0xc0,0x5,0x91,0xb,0x49,0x83,0x3,0x8,0xd4,0x90,0xb6,0x1e,0x1b,0xf2,0x51,0x4a,0xa4,0x93,0x5d,0x8,0xa9,0x38,0x63,0xf4,0x84,0xae,0x3f,0xa4,0x33,0x72,0xe3,0xbe,0x36,0x29,0xc4,0xb2,0x6a,0x54,0x4f,0x68,0xf9,0x3f,0x3,0x43,0xfd,0xd0,0x7b,0x7c,0xc8,0x15,0x13,0xe9,0x9d,0x9e,0xa9,0xc0,0xa,0x84,0x24,0xc7,0x25,0x35,0x85])",/home/chris/Toward-verification-of-QUIC-extensions/installer/TVOQE/results/errors/client/local/quant-client-2/temp/352/quic_client_test_tp_error0.iev,0.0,0.0
800," /home/chris/TVOQE_UPGRADE_27/quic/quant/Debug/bin/client -c false -r 20 -l /home/chris/secret.log -q /home/chris/qlog_quant -t 3600 -v 5 -e 0xff00001d https://localhost:4443/index.html
",client,quic_client_test_double_tp_error0,,server_return_code(1)+ivy_return_code(1),/home/chris/Toward-verification-of-QUIC-extensions/installer/TVOQE/results/errors/client/local/quant-client-2/temp/451/quic_client_test_double_tp_error0.iev,0.0,0.0
801," /home/chris/TVOQE_UPGRADE_27/quic/quant/Debug/bin/client -c false -r 20 -l /home/chris/secret.log -q /home/chris/qlog_quant -t 3600 -v 5 -e 0xff00001d https://localhost:4443/index.html
",client,quic_client_test_blocked_streams_maxstream_error0,,"ivy_return_code(1)+assumption_failed(""quic_client_test_blocked_streams_maxstream_error.ivy: line 283"")",/home/chris/Toward-verification-of-QUIC-extensions/installer/TVOQE/results/errors/client/local/quant-client-2/temp/656/quic_client_test_blocked_streams_maxstream_error0.iev,0.0,0.0
802," /home/chris/TVOQE_UPGRADE_27/quic/quant/Debug/bin/client -c false -r 20 -l /home/chris/secret.log -q /home/chris/qlog_quant -t 3600 -v 5 -e 0xff00001d https://localhost:4443/index.html
",client,quic_client_test_blocked_streams_maxstream_error0,,"ivy_return_code(1)+assumption_failed(""quic_client_test_blocked_streams_maxstream_error.ivy: line 283"")",/home/chris/Toward-verification-of-QUIC-extensions/installer/TVOQE/results/errors/client/local/quant-client-2/temp/699/quic_client_test_blocked_streams_maxstream_error0.iev,0.0,0.0
803," /home/chris/TVOQE_UPGRADE_27/quic/quant/Debug/bin/client -c false -r 20 -l /home/chris/secret.log -q /home/chris/qlog_quant -t 3600 -v 5 -e 0xff00001d https://localhost:4443/index.html
",client,quic_client_test_limit_max_error0,,"ivy_return_code(1)+assumption_failed(""quic_client_test_limit_max_error.ivy: line 504"")",/home/chris/Toward-verification-of-QUIC-extensions/installer/TVOQE/results/errors/client/local/quant-client-2/temp/1256/quic_client_test_limit_max_error0.iev,0.0,0.0
804," /home/chris/TVOQE_UPGRADE_27/quic/quant/Debug/bin/client -c false -r 20 -l /home/chris/secret.log -q /home/chris/qlog_quant -t 3600 -v 5 -e 0xff00001d https://localhost:4443/index.html
",client,quic_client_test_stream0,,timeout+sending id: server addr: 2130706433 port: 49980,/home/chris/Toward-verification-of-QUIC-extensions/installer/TVOQE/results/errors/client/local/quant-client-2/temp/154/quic_client_test_stream0.iev,0.0,0.0
805," /home/chris/TVOQE_UPGRADE_27/quic/quant/Debug/bin/client -c false -r 20 -l /home/chris/secret.log -q /home/chris/qlog_quant -t 3600 -v 5 -e 0xff00001d https://localhost:4443/index.html
",client,quic_client_test_blocked_streams_maxstream_error0,,"ivy_return_code(1)+assumption_failed(""quic_client_test_blocked_streams_maxstream_error.ivy: line 283"")",/home/chris/Toward-verification-of-QUIC-extensions/installer/TVOQE/results/errors/client/local/quant-client-2/temp/612/quic_client_test_blocked_streams_maxstream_error0.iev,0.0,0.0
806," /home/chris/TVOQE_UPGRADE_27/quic/quant/Debug/bin/client -c false -r 20 -l /home/chris/secret.log -q /home/chris/qlog_quant -t 3600 -v 5 -e 0xff00001d https://localhost:4443/index.html
",client,quic_client_test_tp_acticoid_error0,,,/home/chris/Toward-verification-of-QUIC-extensions/installer/TVOQE/results/errors/client/local/quant-client-2/temp/596/quic_client_test_tp_acticoid_error0.iev,0.0,1.0
807," /home/chris/TVOQE_UPGRADE_27/quic/quant/Debug/bin/client -c false -r 20 -l /home/chris/secret.log -q /home/chris/qlog_quant -t 3600 -v 5 -e 0xff00001d https://localhost:4443/index.html
",client,quic_client_test_new_token_error0,,"ivy_return_code(1)+assumption_failed(""quic_client_test_new_token_error.ivy: line 517"")",/home/chris/Toward-verification-of-QUIC-extensions/installer/TVOQE/results/errors/client/local/quant-client-2/temp/1377/quic_client_test_new_token_error0.iev,0.0,0.0
808," /home/chris/TVOQE_UPGRADE_27/quic/quant/Debug/bin/client -c false -r 20 -l /home/chris/secret.log -q /home/chris/qlog_quant -t 3600 -v 5 -e 0xff00001d https://localhost:4443/index.html
",client,quic_client_test_retirecoid_error0,,"ivy_return_code(1)+assumption_failed(""quic_client_test_retirecoid_error.ivy: line 276"")",/home/chris/Toward-verification-of-QUIC-extensions/installer/TVOQE/results/errors/client/local/quant-client-2/temp/752/quic_client_test_retirecoid_error0.iev,0.0,0.0
809," /home/chris/TVOQE_UPGRADE_27/quic/quant/Debug/bin/client -c false -r 20 -l /home/chris/secret.log -q /home/chris/qlog_quant -t 3600 -v 5 -e 0xff00001d https://localhost:4443/index.html
",client,quic_client_test_retirecoid_error0,,"ivy_return_code(1)+assumption_failed(""quic_client_test_retirecoid_error.ivy: line 276"")",/home/chris/Toward-verification-of-QUIC-extensions/installer/TVOQE/results/errors/client/local/quant-client-2/temp/760/quic_client_test_retirecoid_error0.iev,0.0,0.0
810," /home/chris/TVOQE_UPGRADE_27/quic/quant/Debug/bin/client -c false -r 20 -l /home/chris/secret.log -q /home/chris/qlog_quant -t 3600 -v 5 -e 0xff00001d https://localhost:4443/index.html
",client,quic_client_test_tp_prefadd_error0,,server_return_code(1)+ivy_return_code(1),/home/chris/Toward-verification-of-QUIC-extensions/installer/TVOQE/results/errors/client/local/quant-client-2/temp/937/quic_client_test_tp_prefadd_error0.iev,0.0,0.0
811," /home/chris/TVOQE_UPGRADE_27/quic/quant/Debug/bin/client -c false -r 20 -l /home/chris/secret.log -q /home/chris/qlog_quant -t 3600 -v 5 -e 0xff00001d https://localhost:4443/index.html
",client,quic_client_test_unkown0,,server_return_code(1)+ivy_return_code(1),/home/chris/Toward-verification-of-QUIC-extensions/installer/TVOQE/results/errors/client/local/quant-client-2/temp/1092/quic_client_test_unkown0.iev,0.0,0.0
812," /home/chris/TVOQE_UPGRADE_27/quic/quant/Debug/bin/client -c false -r 20 -l /home/chris/secret.log -q /home/chris/qlog_quant -t 3600 -v 5 -e 0xff00001d https://localhost:4443/index.html
",client,quic_client_test_max0,,,/home/chris/Toward-verification-of-QUIC-extensions/installer/TVOQE/results/errors/client/local/quant-client-2/temp/41/quic_client_test_max0.iev,0.0,1.0
813," /home/chris/TVOQE_UPGRADE_27/quic/quant/Debug/bin/client -c false -r 20 -l /home/chris/secret.log -q /home/chris/qlog_quant -t 3600 -v 5 -e 0xff00001d https://localhost:4443/index.html
",client,quic_client_test_ext_min_ack_delay0,,,/home/chris/Toward-verification-of-QUIC-extensions/installer/TVOQE/results/errors/client/local/quant-client-2/temp/265/quic_client_test_ext_min_ack_delay0.iev,0.0,1.0
814," /home/chris/TVOQE_UPGRADE_27/quic/quant/Debug/bin/client -c false -r 20 -l /home/chris/secret.log -q /home/chris/qlog_quant -t 3600 -v 5 -e 0xff00001d https://localhost:4443/index.html
",client,quic_client_test_unkown0,,server_return_code(1)+ivy_return_code(1),/home/chris/Toward-verification-of-QUIC-extensions/installer/TVOQE/results/errors/client/local/quant-client-2/temp/1031/quic_client_test_unkown0.iev,0.0,0.0
815," /home/chris/TVOQE_UPGRADE_27/quic/quant/Debug/bin/client -c false -r 20 -l /home/chris/secret.log -q /home/chris/qlog_quant -t 3600 -v 5 -e 0xff00001d https://localhost:4443/index.html
",client,quic_client_test_tp_acticoid_error0,,,/home/chris/Toward-verification-of-QUIC-extensions/installer/TVOQE/results/errors/client/local/quant-client-2/temp/561/quic_client_test_tp_acticoid_error0.iev,0.0,1.0
816," /home/chris/TVOQE_UPGRADE_27/quic/quant/Debug/bin/client -c false -r 20 -l /home/chris/secret.log -q /home/chris/qlog_quant -t 3600 -v 5 -e 0xff00001d https://localhost:4443/index.html
",client,quic_client_test_tp_unkown0,,"ivy_return_code(1)+assumption_failed(""quic_client_test_tp_unkown.ivy: line 515"")",/home/chris/Toward-verification-of-QUIC-extensions/installer/TVOQE/results/errors/client/local/quant-client-2/temp/1101/quic_client_test_tp_unkown0.iev,0.0,0.0
817," /home/chris/TVOQE_UPGRADE_27/quic/quant/Debug/bin/client -c false -r 20 -l /home/chris/secret.log -q /home/chris/qlog_quant -t 3600 -v 5 -e 0xff00001d https://localhost:4443/index.html
",client,quic_client_test_unkown0,,server_return_code(1)+ivy_return_code(1),/home/chris/Toward-verification-of-QUIC-extensions/installer/TVOQE/results/errors/client/local/quant-client-2/temp/1065/quic_client_test_unkown0.iev,0.0,0.0
818," /home/chris/TVOQE_UPGRADE_27/quic/quant/Debug/bin/client -c false -r 20 -l /home/chris/secret.log -q /home/chris/qlog_quant -t 3600 -v 5 -e 0xff00001d https://localhost:4443/index.html
",client,quic_client_test_double_tp_error0,,server_return_code(1)+ivy_return_code(1),/home/chris/Toward-verification-of-QUIC-extensions/installer/TVOQE/results/errors/client/local/quant-client-2/temp/431/quic_client_test_double_tp_error0.iev,0.0,0.0
819," /home/chris/TVOQE_UPGRADE_27/quic/quant/Debug/bin/client -c false -r 20 -l /home/chris/secret.log -q /home/chris/qlog_quant -t 3600 -v 5 -e 0xff00001d https://localhost:4443/index.html
",client,quic_client_test_retirecoid_error0,,"ivy_return_code(1)+assumption_failed(""quic_client_test_retirecoid_error.ivy: line 276"")",/home/chris/Toward-verification-of-QUIC-extensions/installer/TVOQE/results/errors/client/local/quant-client-2/temp/721/quic_client_test_retirecoid_error0.iev,0.0,0.0
820," /home/chris/TVOQE_UPGRADE_27/quic/quant/Debug/bin/client -c false -r 20 -l /home/chris/secret.log -q /home/chris/qlog_quant -t 3600 -v 5 -e 0xff00001d https://localhost:4443/index.html
",client,quic_client_test_tp_acticoid_error0,,,/home/chris/Toward-verification-of-QUIC-extensions/installer/TVOQE/results/errors/client/local/quant-client-2/temp/517/quic_client_test_tp_acticoid_error0.iev,0.0,1.0
821," /home/chris/TVOQE_UPGRADE_27/quic/quant/Debug/bin/client -c false -r 20 -l /home/chris/secret.log -q /home/chris/qlog_quant -t 3600 -v 5 -e 0xff00001d https://localhost:4443/index.html
",client,quic_client_test_double_tp_error0,,server_return_code(1)+ivy_return_code(1),/home/chris/Toward-verification-of-QUIC-extensions/installer/TVOQE/results/errors/client/local/quant-client-2/temp/492/quic_client_test_double_tp_error0.iev,0.0,0.0
822," /home/chris/TVOQE_UPGRADE_27/quic/quant/Debug/bin/client -c false -r 20 -l /home/chris/secret.log -q /home/chris/qlog_quant -t 3600 -v 5 -e 0xff00001d https://localhost:4443/index.html
",client,quic_client_test_blocked_streams_maxstream_error0,,"ivy_return_code(1)+assumption_failed(""quic_client_test_blocked_streams_maxstream_error.ivy: line 283"")",/home/chris/Toward-verification-of-QUIC-extensions/installer/TVOQE/results/errors/client/local/quant-client-2/temp/680/quic_client_test_blocked_streams_maxstream_error0.iev,0.0,0.0
823," /home/chris/TVOQE_UPGRADE_27/quic/quant/Debug/bin/client -c false -r 20 -l /home/chris/secret.log -q /home/chris/qlog_quant -t 3600 -v 5 -e 0xff00001d https://localhost:4443/index.html
",client,quic_client_test_tp_acticoid_error0,,,/home/chris/Toward-verification-of-QUIC-extensions/installer/TVOQE/results/errors/client/local/quant-client-2/temp/544/quic_client_test_tp_acticoid_error0.iev,0.0,1.0
824," /home/chris/TVOQE_UPGRADE_27/quic/quant/Debug/bin/client -c false -r 20 -l /home/chris/secret.log -q /home/chris/qlog_quant -t 3600 -v 5 -e 0xff00001d https://localhost:4443/index.html
",client,quic_client_test_stream0,,,/home/chris/Toward-verification-of-QUIC-extensions/installer/TVOQE/results/errors/client/local/quant-client-2/temp/110/quic_client_test_stream0.iev,0.0,1.0
825," /home/chris/TVOQE_UPGRADE_27/quic/quant/Debug/bin/client -c false -r 20 -l /home/chris/secret.log -q /home/chris/qlog_quant -t 3600 -v 5 -e 0xff00001d https://localhost:4443/index.html
",client,quic_client_test_retirecoid_error0,,"ivy_return_code(1)+assumption_failed(""quic_client_test_retirecoid_error.ivy: line 276"")",/home/chris/Toward-verification-of-QUIC-extensions/installer/TVOQE/results/errors/client/local/quant-client-2/temp/764/quic_client_test_retirecoid_error0.iev,0.0,0.0
826," /home/chris/TVOQE_UPGRADE_27/quic/quant/Debug/bin/client -c false -r 20 -l /home/chris/secret.log -q /home/chris/qlog_quant -t 3600 -v 5 -e 0xff00001d https://localhost:4443/index.html
",client,quic_client_test_unkown0,,ivy_return_code(134)+ivy_binary_deser_128 getn deser_err,/home/chris/Toward-verification-of-QUIC-extensions/installer/TVOQE/results/errors/client/local/quant-client-2/temp/1000/quic_client_test_unkown0.iev,0.0,0.0
827," /home/chris/TVOQE_UPGRADE_27/quic/quant/Debug/bin/client -c false -r 20 -l /home/chris/secret.log -q /home/chris/qlog_quant -t 3600 -v 5 -e 0xff00001d https://localhost:4443/index.html
",client,quic_client_test_unkown0,,"ivy_return_code(1)+assumption_failed(""quic_client_test_unkown.ivy: line 513"")",/home/chris/Toward-verification-of-QUIC-extensions/installer/TVOQE/results/errors/client/local/quant-client-2/temp/1039/quic_client_test_unkown0.iev,0.0,0.0
828," /home/chris/TVOQE_UPGRADE_27/quic/quant/Debug/bin/client -c false -r 20 -l /home/chris/secret.log -q /home/chris/qlog_quant -t 3600 -v 5 -e 0xff00001d https://localhost:4443/index.html
",client,quic_client_test_tp_error0,,server_return_code(1)+timeout,/home/chris/Toward-verification-of-QUIC-extensions/installer/TVOQE/results/errors/client/local/quant-client-2/temp/381/quic_client_test_tp_error0.iev,0.0,0.0
829," /home/chris/TVOQE_UPGRADE_27/quic/quant/Debug/bin/client -c false -r 20 -l /home/chris/secret.log -q /home/chris/qlog_quant -t 3600 -v 5 -e 0xff00001d https://localhost:4443/index.html
",client,quic_client_test_accept_maxdata0,,"ivy_return_code(1)+assumption_failed(""quic_client_test.ivy: line 310"")",/home/chris/Toward-verification-of-QUIC-extensions/installer/TVOQE/results/errors/client/local/quant-client-2/temp/817/quic_client_test_accept_maxdata0.iev,0.0,0.0
830," /home/chris/TVOQE_UPGRADE_27/quic/quant/Debug/bin/client -c false -r 20 -l /home/chris/secret.log -q /home/chris/qlog_quant -t 3600 -v 5 -e 0xff00001d https://localhost:4443/index.html
",client,quic_client_test_tp_unkown0,,,/home/chris/Toward-verification-of-QUIC-extensions/installer/TVOQE/results/errors/client/local/quant-client-2/temp/1189/quic_client_test_tp_unkown0.iev,0.0,1.0
831," /home/chris/TVOQE_UPGRADE_27/quic/quant/Debug/bin/client -c false -r 20 -l /home/chris/secret.log -q /home/chris/qlog_quant -t 3600 -v 5 -e 0xff00001d https://localhost:4443/index.html
",client,quic_client_test_tp_acticoid_error0,,,/home/chris/Toward-verification-of-QUIC-extensions/installer/TVOQE/results/errors/client/local/quant-client-2/temp/559/quic_client_test_tp_acticoid_error0.iev,0.0,1.0
832," /home/chris/TVOQE_UPGRADE_27/quic/quant/Debug/bin/client -c false -r 20 -l /home/chris/secret.log -q /home/chris/qlog_quant -t 3600 -v 5 -e 0xff00001d https://localhost:4443/index.html
",client,quic_client_test_ext_min_ack_delay0,,,/home/chris/Toward-verification-of-QUIC-extensions/installer/TVOQE/results/errors/client/local/quant-client-2/temp/255/quic_client_test_ext_min_ack_delay0.iev,0.0,1.0
833," /home/chris/TVOQE_UPGRADE_27/quic/quant/Debug/bin/client -c false -r 20 -l /home/chris/secret.log -q /home/chris/qlog_quant -t 3600 -v 5 -e 0xff00001d https://localhost:4443/index.html
",client,quic_client_test_stream0,,"timeout+< undecryptable_packet_event({protocol:udp,addr:0x7f000001,port:0xb721},{protocol:udp,addr:0x7f000001,port:0x115b},[0xc4,0xff,0,0,0x1d,0x14,0xb2,0x9a,0xe7,0x7b,0x82,0x5e,0x74,0xcc,0x28,0x7,0x83,0x7,0x52,0xbf,0x64,0x27,0xa7,0x1c,0xb0,0xf6,0x4,0xb9,0xc6,0x8e,0x2d,0,0x44,0x8e,0x37,0x38,0x2f,0x75,0xe1,0xe3,0xae,0x53,0xda,0x6a,0x4c,0x1f,0xa7,0x90,0x26,0xe2,0xcd,0x7a,0x23,0xde,0x50,0x77,0xa1,0xb9,0xf7,0x1c,0x7b,0x88,0x63,0x8b,0xb3,0xfd,0x3c,0x48,0xe3,0x3f,0xbd,0xfa,0xfa,0x5,0xd8,0xde,0x6b,0x2a,0xab,0x45,0x30,0x52,0xa2,0x82,0xfc,0x3,0x9c,0x76,0x72,0x16,0x72,0x53,0xe,0x63,0xd,0x6,0x24,0x84,0xd4,0x98,0xad,0x48,0xd3,0x38,0x5b,0x8f,0x63,0xea,0xd7,0x8d,0x4c,0x54,0xc0,0x75,0x94,0xc9,0x8e,0xc,0x66,0xb3,0xc0,0x33,0xbb,0x9,0x48,0xf8,0xa8,0x50,0x1f,0xa1,0xd1,0xda,0x76,0x3f,0x78,0xa8,0x5a,0x27,0x29,0x99,0xb3,0x88,0xd4,0xc8,0xc5,0xff,0xf9,0x8,0xf0,0x72,0x41,0x5d,0x1b,0x6,0x97,0xa9,0x7c,0x22,0x65,0xd,0x7d,0x3e,0x5c,0xae,0x7a,0xe6,0xef,0x75,0xdf,0xb9,0xec,0x21,0x4f,0x4e,0xb6,0x34,0x59,0x1e,0x30,0x17,0xed,0x8a,0xe7,0xfb,0x2,0xad,0xa8,0xb9,0x2d,0x72,0xd0,0x89,0x88,0xf9,0x9,0x80,0xeb,0x14,0x7,0x67,0xea,0x46,0x75,0x7b,0x96,0xef,0xc0,0x70,0xd5,0xbf,0xaa,0x49,0x15,0x5e,0x28,0x3b,0xa0,0x38,0xf0,0x97,0xe4,0x13,0x7d,0x55,0xd9,0x85,0x7d,0,0x1b,0x71,0xbe,0x27,0x2c,0xa4,0xf0,0x87,0xc2,0xfe,0xe3,0x9e,0xf2,0x1a,0xe2,0x20,0xea,0x6e,0x8f,0x35,0xa2,0x2,0x69,0xa0,0x7d,0x5b,0xa2,0x1c,0x38,0xa7,0x1d,0xd7,0xb7,0x38,0xb9,0x91,0xc7,0xcd,0x1,0xdf,0xa6,0xa4,0xbd,0x68,0x65,0xd3,0xd2,0x70,0x97,0x7d,0xa7,0x1b,0x17,0x9f,0xa6,0x57,0xd1,0xc,0x71,0xd9,0x95,0xc7,0x92,0xe3,0x14,0xc7,0xae,0xc4,0xf,0x3c,0x4c,0x80,0x67,0xc6,0xa2,0xfa,0x39,0x9f,0x84,0xd9,0x6c,0x89,0xc2,0xef,0xc5,0x78,0x2b,0x9e,0x3a,0xcf,0xa5,0xaf,0x4,0xf6,0x5,0x99,0x9,0xeb,0xb9,0x30,0x6f,0xd8,0xb3,0xa8,0x19,0x19,0xda,0xdd,0xb0,0xa7,0x57,0xe2,0x8c,0x8c,0x58,0xfe,0x8c,0x5a,0x77,0x2c,0x94,0xc3,0xc7,0x27,0x5a,0x5a,0x80,0x38,0xc6,0xe,0x4e,0xab,0xda,0xa6,0x72,0xe9,0xc9,0xdd,0x89,0xbf,0x6f,0x90,0x5,0xef,0x82,0xc6,0x4c,0xc5,0xf1,0x89,0xe7,0x53,0xce,0xf6,0xe8,0x25,0x3b,0x9f,0xf3,0xd5,0x98,0xa8,0x9b,0xa3,0x4e,0x4b,0x2,0x76,0x1,0x64,0x5d,0xf5,0x1a,0x1c,0xa6,0x9,0x5b,0x16,0xb6,0x23,0x63,0xc0,0xe9,0x4e,0x69,0xbf,0xa6,0x8e,0xc8,0x9a,0x4,0xc0,0xfb,0xa5,0x11,0x73,0xe1,0x89,0x49,0x56,0x7a,0xa5,0x56,0x3d,0x65,0x6e,0x26,0x5c,0x9e,0x7e,0x48,0x2f,0x26,0xb8,0x54,0x3d,0x45,0x84,0xc7,0x9a,0x5f,0xe2,0xeb,0x3b,0x66,0xe3,0xec,0x25,0x7c,0x63,0x26,0xcf,0x74,0x36,0x86,0xd1,0xfb,0x30,0x1,0x1d,0x63,0x71,0xae,0x16,0x75,0x54,0xce,0x5d,0x2b,0x97,0x7e,0x39,0xff,0xb6,0x79,0x22,0xcd,0xe9,0x5a,0x56,0xc8,0xf0,0x63,0xe2,0xbc,0xe5,0xb8,0x14,0x5d,0xea,0x2e,0xa0,0xe6,0x1f,0x5b,0x6e,0xae,0x82,0x23,0x64,0x27,0xca,0x59,0x8d,0x3e,0x23,0x38,0x93,0xcb,0x75,0x28,0x70,0x14,0xca,0x56,0xf6,0xf7,0x2e,0x1e,0x10,0x76,0xc9,0x78,0x50,0xec,0x80,0xb0,0x62,0x14,0xe8,0xf,0x94,0xe4,0x7,0xc5,0xdb,0x64,0,0xd1,0x99,0x62,0x2b,0xd8,0x33,0x25,0x5e,0xe1,0x1e,0x18,0xe9,0x88,0xb8,0x19,0x8f,0xad,0x9f,0x99,0xb8,0x10,0x47,0x9b,0xd6,0xfc,0xba,0x23,0xb4,0xb3,0xc2,0xf4,0x4c,0x38,0xbb,0xe8,0x77,0x11,0xb3,0x12,0xad,0xe8,0x30,0x95,0x20,0x91,0xa1,0xad,0x4c,0xc5,0x91,0xb6,0xc7,0x88,0xfb,0xd5,0xd7,0xe,0x30,0x74,0x77,0xf3,0x8b,0xce,0x85,0x16,0xa,0x43,0x11,0xe4,0x70,0x20,0xd7,0x81,0xfc,0x4a,0xf8,0x2e,0xda,0xa5,0x33,0xc9,0x58,0xc6,0x38,0x49,0xa5,0xfd,0x38,0xec,0x2f,0x4e,0xed,0x99,0x7f,0xa7,0xa3,0x67,0xf4,0xc6,0x2f,0x7a,0x3d,0xab,0xd6,0x3c,0xfa,0x71,0x2b,0x40,0xdd,0x8,0xb8,0x27,0x4,0x3f,0x23,0xb8,0x83,0xb2,0xbd,0x7a,0xf4,0x89,0x44,0x49,0xea,0x1e,0x45,0x66,0x9d,0xe7,0xce,0xe5,0x98,0x3d,0xff,0x7d,0xe2,0x8b,0xdf,0xe0,0x52,0xd0,0x6,0xcf,0xe1,0x11,0xe4,0x1e,0xda,0x24,0x66,0x96,0x2c,0xe6,0xe9,0xda,0x59,0x8c,0x62,0x62,0xc6,0xaf,0x7e,0x21,0x35,0x8,0xa2,0xd,0xcd,0xa4,0xf9,0x73,0xa7,0x7f,0xeb,0xa9,0xbb,0xcc,0xe0,0xd7,0x5,0x41,0x4d,0xf0,0x7b,0x22,0xde,0xc4,0xd5,0x2e,0xcb,0xc2,0x7c,0x5b,0x47,0x97,0x23,0x60,0x7c,0x16,0xcd,0x6b,0xca,0x6f,0x9e,0x4c,0xbf,0xed,0x99,0x6,0x97,0xb5,0xea,0xe4,0x1d,0x83,0x81,0x7e,0xdc,0x99,0x19,0x6,0x70,0x60,0x65,0x59,0x29,0xb,0x60,0xb0,0x58,0x66,0xc3,0x61,0x10,0x22,0xa3,0x5c,0x87,0xea,0x97,0x5e,0x68,0x4,0x66,0x5b,0x33,0x39,0x72,0x30,0x4a,0xbc,0x2a,0xfa,0xdf,0xa6,0x1b,0x1e,0x9a,0xf3,0xc7,0xfb,0xd5,0x13,0x1e,0x88,0x48,0xa4,0x65,0xe9,0x88,0x8d,0x96,0xbc,0x7e,0xb4,0x8f,0x41,0x7f,0x69,0xfe,0xde,0xab,0xb,0x70,0xcb,0xf0,0x83,0xd6,0xa0,0x5e,0xce,0x4a,0x96,0x6f,0xdd,0x48,0x95,0x38,0x5d,0x86,0xc2,0x5f,0x26,0x1a,0x93,0x31,0xf1,0x97,0x9b,0x86,0x92,0x5a,0x3,0x55,0x49,0xaf,0x3f,0xf8,0xbc,0xac,0x60,0xf,0x68,0xd3,0x13,0xd,0,0x97,0xd9,0x8a,0x8b,0x15,0x13,0xcf,0x83,0xb1,0xa1,0xe9,0xb3,0xd9,0xf8,0x3a,0x68,0x77,0x4c,0xbd,0x90,0x60,0x12,0xc3,0x4d,0xc2,0xb,0x93,0x60,0x5a,0xf9,0x19,0xdf,0x84,0x7d,0xa5,0x27,0xcf,0xb6,0x38,0x11,0xa0,0x73,0xc3,0xdb,0x96,0xc8,0xf7,0xee,0x9b,0x1a,0xb7,0x92,0x14,0xae,0xd7,0xd3,0x1,0x1b,0x8,0xb,0xc1,0x11,0xc,0x20,0xb2,0xb5,0xe5,0xe0,0x2b,0x62,0x5d,0x5,0xa9,0x7,0xa8,0xaf,0x9f,0x9,0x45,0x5c,0xc6,0x9,0xeb,0x40,0xf4,0x4a,0xff,0x5a,0x3c,0x26,0x39,0xf8,0x69,0x61,0xc0,0xe3,0xa9,0xee,0xab,0xf0,0x46,0x47,0x10,0xb,0x4d,0x7,0xc7,0xbe,0,0x74,0x53,0x4e,0xa6,0x54,0xa8,0xb5,0x6a,0x36,0x67,0x72,0x1b,0x26,0x5f,0xde,0x9b,0x4a,0x30,0x3a,0x9,0xf4,0xee,0xa0,0xb9,0x47,0x72,0xd8,0x36,0x8,0x36,0x4e,0xa9,0xbc,0x21,0xd6,0x9e,0x7b,0xc3,0xd0,0x9,0xc,0xd0,0xd4,0xda,0x71,0x79,0xde,0xc1,0x1d,0x13,0xab,0x48,0xf,0xc1,0xf7,0xec,0xc2,0xbd,0xb0,0xe2,0x80,0x7c,0x11,0x3a,0xa6,0x29,0x8c,0xe5,0xcb,0xaa,0xed,0xd9,0xba,0x8f,0x23,0x57,0xe5,0xec,0x44,0x91,0x3c,0xda,0x63,0xb5,0x7d,0xd7,0xc6,0x4b,0xcf,0x7a,0x98,0x5,0x69,0xd,0xd5,0xab,0x88,0x52,0xe0,0x69,0xfe,0xb3,0x82,0xa6,0x5f,0xb,0x8,0x23,0x5c,0x26,0xe5,0x6e,0xed,0x65,0x5d,0xf5,0xd0,0x87,0x2a,0xb3,0x63,0xc9,0x1e,0x8d,0x6,0x31,0x75,0xe8,0x1c,0x36,0xd0,0x60,0x23,0xf2,0x48,0xdb,0x8e,0x3c,0xb4,0x9b,0xf4,0x1,0xcd,0x2b,0x10,0x25,0x77,0x46,0xed,0x4d,0x34,0xf4,0x22,0x87,0x94,0xe2,0xc1,0x31,0xec,0xaf,0xc,0xdb,0xb2,0x4e,0xe3,0x6b,0x32,0xec,0xd1,0xc9,0x1c,0xcc,0xa4,0x17,0x69,0,0xe5,0x26,0xba,0xf4,0x9b,0x95,0xa3,0xf4,0x3d,0x94,0x5,0x65,0x48,0xbc,0xff,0x5d,0x48,0x92,0x66,0xd2,0x4d,0xf,0xc4,0x79,0x35,0xe1,0xc7,0xfa,0xa4,0x94,0x5e,0x2f,0xf8,0x4b,0xe,0x7e,0x9b,0xe9,0x89,0xfc])",/home/chris/Toward-verification-of-QUIC-extensions/installer/TVOQE/results/errors/client/local/quant-client-2/temp/183/quic_client_test_stream0.iev,0.0,0.0
834," /home/chris/TVOQE_UPGRADE_27/quic/quant/Debug/bin/client -c false -r 20 -l /home/chris/secret.log -q /home/chris/qlog_quant -t 3600 -v 5 -e 0xff00001d https://localhost:4443/index.html
",client,quic_client_test_tp_prefadd_error0,,server_return_code(1)+ivy_return_code(1),/home/chris/Toward-verification-of-QUIC-extensions/installer/TVOQE/results/errors/client/local/quant-client-2/temp/949/quic_client_test_tp_prefadd_error0.iev,0.0,0.0
835," /home/chris/TVOQE_UPGRADE_27/quic/quant/Debug/bin/client -c false -r 20 -l /home/chris/secret.log -q /home/chris/qlog_quant -t 3600 -v 5 -e 0xff00001d https://localhost:4443/index.html
",client,quic_client_test_accept_maxdata0,,,/home/chris/Toward-verification-of-QUIC-extensions/installer/TVOQE/results/errors/client/local/quant-client-2/temp/859/quic_client_test_accept_maxdata0.iev,0.0,1.0
836," /home/chris/TVOQE_UPGRADE_27/quic/quant/Debug/bin/client -c false -r 20 -l /home/chris/secret.log -q /home/chris/qlog_quant -t 3600 -v 5 -e 0xff00001d https://localhost:4443/index.html
",client,quic_client_test_new_token_error0,,"ivy_return_code(1)+assumption_failed(""quic_client_test_new_token_error.ivy: line 517"")",/home/chris/Toward-verification-of-QUIC-extensions/installer/TVOQE/results/errors/client/local/quant-client-2/temp/1323/quic_client_test_new_token_error0.iev,0.0,0.0
837," /home/chris/TVOQE_UPGRADE_27/quic/quant/Debug/bin/client -c false -r 20 -l /home/chris/secret.log -q /home/chris/qlog_quant -t 3600 -v 5 -e 0xff00001d https://localhost:4443/index.html
",client,quic_client_test_tp_error0,,"timeout+< undecryptable_packet_event({protocol:udp,addr:0x7f000001,port:0xb525},{protocol:udp,addr:0x7f000001,port:0x115b},[0xcf,0xff,0,0,0x1d,0x14,0x81,0xd4,0x6d,0x44,0x6d,0x13,0x6f,0x59,0x80,0x41,0xa3,0xd1,0xb3,0xa3,0xa6,0x74,0xea,0x8d,0x42,0x72,0x4,0x22,0x1b,0x52,0x2c,0,0x44,0x8e,0x2b,0x43,0x12,0xb0,0x5d,0x42,0x16,0xe2,0xf7,0xaa,0x88,0xba,0x1a,0x73,0x15,0xf0,0xb0,0xb8,0xb2,0x89,0xe1,0xe8,0xf2,0xa8,0xf4,0x80,0x80,0x51,0x1f,0xb6,0x4e,0x53,0x5,0xc8,0x78,0xa3,0x1f,0xff,0xc2,0x98,0x5e,0x42,0x38,0x2a,0x95,0x6d,0x9c,0x98,0x3f,0xf3,0x8a,0xab,0xa6,0x99,0x6c,0x2d,0x16,0x72,0xb8,0xf3,0xe3,0x9f,0xe9,0xcd,0xb0,0xc,0x67,0xfc,0x62,0xf6,0xeb,0xfe,0x65,0x9f,0xaa,0xf2,0x54,0x92,0x92,0x14,0x8e,0xd8,0xfb,0x1d,0x24,0xff,0x29,0x66,0xb9,0xf1,0x4b,0x25,0xb2,0x1c,0xf5,0x1,0xb4,0x28,0x2b,0x15,0x74,0xab,0x53,0xb1,0x3a,0x9,0xe4,0x41,0xbb,0x84,0xbe,0xfe,0xb7,0x78,0x29,0x73,0x29,0x54,0xc6,0xe4,0xf6,0xfb,0x79,0x9b,0xf,0xbe,0x91,0x6a,0x14,0x18,0x9c,0x5b,0xfd,0x4,0x45,0xc4,0xf2,0x19,0xf1,0x9,0x3a,0x18,0x7a,0x6b,0x8e,0x50,0x72,0xa5,0xdf,0xb0,0xb6,0xd,0xce,0x60,0x1b,0x72,0xca,0x92,0x3c,0x28,0xe0,0x28,0xc7,0x6d,0x92,0x55,0x3,0x64,0x5d,0xf4,0x55,0x8d,0xfa,0x53,0x45,0xae,0x63,0x9b,0xa4,0xe,0x8c,0x92,0xe2,0xc3,0x86,0xa5,0x4d,0xe3,0xc1,0x45,0xc2,0x6d,0x75,0xcd,0x21,0x85,0x53,0x3,0xa,0x34,0x39,0x6a,0x34,0x3,0xb9,0x56,0x80,0xc3,0xbf,0x2b,0x53,0xda,0xb7,0x90,0xc3,0xb5,0xb9,0x38,0x87,0x4,0x66,0xa3,0xc8,0xfc,0xed,0x5b,0xbe,0x9c,0x91,0xdc,0xb5,0xc4,0x2d,0x33,0x2d,0x4a,0xc1,0x7e,0xf6,0x42,0x57,0x6e,0xaa,0x12,0x77,0x80,0xb3,0xb8,0x4a,0xa2,0x5e,0x65,0x43,0xc7,0x2a,0xaf,0x8,0xc5,0xf7,0x5e,0xea,0xbb,0x46,0xba,0xf8,0xbe,0x56,0x16,0x6a,0x8c,0x40,0xc8,0x45,0xde,0x3c,0xde,0xb6,0x32,0x77,0xbc,0xd1,0xab,0x5a,0xf6,0x85,0x18,0x85,0x99,0x34,0x8b,0xa4,0xd6,0xee,0x72,0x43,0x4a,0xba,0xe4,0xe5,0xa5,0x72,0xc1,0xbe,0xb5,0x9c,0xad,0x2e,0xa3,0x24,0x2a,0xf1,0x37,0xb1,0x8d,0x57,0x45,0xa9,0xfb,0x64,0x75,0xfc,0x73,0x52,0x88,0x35,0xbb,0x91,0,0xf7,0x1,0xf2,0xf4,0x81,0x15,0x76,0x83,0x40,0x9,0x1c,0xee,0x1f,0x14,0xf1,0xaa,0xc1,0xc7,0xe5,0x2b,0x5f,0xcf,0x6,0x92,0x48,0xf0,0xf,0x9,0x54,0x41,0xf1,0xd2,0xbf,0xee,0x56,0xa6,0xcc,0x22,0xe4,0x92,0x28,0x59,0x5b,0x8a,0x8d,0xf8,0xf4,0x9b,0x31,0x54,0xc1,0x42,0x9f,0xfa,0xda,0xfc,0xf1,0x90,0x67,0x9c,0x43,0x36,0xb1,0x39,0x3a,0xd4,0x93,0x4b,0x5d,0x4d,0x87,0x2,0xf4,0xaf,0x2f,0xcb,0xb,0xad,0x99,0xb1,0x93,0x4e,0xda,0x61,0x5d,0x6d,0xbc,0xdf,0x38,0x9a,0xa3,0x71,0x9,0x89,0x6a,0xc0,0x3e,0x14,0xf2,0xc2,0x4,0xb6,0xeb,0x2,0x29,0x14,0x42,0x5e,0x8c,0x39,0xe5,0xa4,0x22,0x1f,0xce,0xbf,0xbd,0x5f,0x8c,0x14,0xd8,0xe1,0x77,0xc7,0xd,0x9c,0x70,0x8d,0x4a,0x3f,0x5a,0x42,0x5a,0xd,0x69,0xb0,0xf0,0xea,0x66,0xfc,0x1c,0xa1,0xd9,0xde,0x82,0x30,0xcc,0x37,0x5b,0xc0,0x9b,0xb2,0xef,0x79,0x61,0x33,0x73,0x78,0x48,0x66,0x4b,0x50,0xc2,0x32,0x9,0xec,0xb3,0x58,0x6,0x2f,0xdd,0x25,0x6,0xc1,0xbf,0xee,0xbb,0xc0,0x78,0xe6,0xff,0x7e,0xb4,0x27,0xf6,0x9e,0x92,0xe5,0xd7,0xfa,0x20,0xe0,0x4b,0x20,0x2a,0x56,0x51,0xb1,0x3a,0x7,0,0xbe,0xb9,0xf,0xfa,0x93,0x53,0x1a,0xd6,0x5d,0xf2,0xe1,0xfe,0xcb,0x99,0x1f,0xa7,0x29,0x99,0xfb,0x97,0xea,0xf5,0xa2,0xa2,0x54,0x85,0xd5,0x18,0x5b,0xf4,0xf2,0xea,0x8f,0x7f,0xc9,0xfa,0xc1,0x11,0x56,0x27,0x24,0x3a,0x7,0x49,0x28,0x6e,0xab,0x9,0x29,0xaa,0x4f,0xb5,0x10,0xaa,0xdb,0xc,0x35,0x5f,0xf8,0x9d,0x3f,0x6e,0x83,0x4c,0,0xd2,0x51,0x9e,0xb2,0xa5,0x6d,0xb4,0x61,0x1b,0x66,0xc8,0x6e,0x26,0x30,0x72,0x7b,0x6e,0x3e,0x98,0x2b,0x6a,0x1c,0x79,0x55,0xb0,0xe8,0xcf,0x1d,0xcd,0xb8,0xd6,0x34,0x1c,0xd1,0xea,0xf1,0x48,0x47,0xc8,0,0x67,0xa5,0x51,0xcd,0xb8,0xbf,0x49,0x30,0x48,0xa3,0x13,0xab,0x45,0x41,0x68,0xa3,0xcc,0xed,0x8b,0xa0,0x2e,0xf7,0x57,0xb1,0x4c,0x53,0x22,0xc0,0x44,0xaa,0xde,0x27,0xe7,0x23,0xcb,0x9d,0xd3,0x69,0x55,0xd0,0x7e,0x97,0xa6,0x63,0xdf,0x89,0x57,0xa5,0x84,0xe8,0x49,0x63,0x55,0x44,0x7f,0xae,0x7,0xd1,0x60,0x22,0xbb,0xd5,0x66,0x2c,0xc2,0x43,0x66,0xb4,0xed,0x6,0xf,0x4a,0x9,0x3e,0x40,0xeb,0xfb,0x4d,0x6f,0x3e,0xf8,0xc3,0xa3,0x1b,0xcb,0x94,0xc2,0x93,0xad,0xc6,0xb6,0x77,0x71,0x41,0x90,0x87,0x20,0xc3,0x73,0x79,0x63,0x73,0x73,0xbb,0x5a,0xaa,0xc6,0xed,0xa3,0x92,0x71,0xd0,0x4f,0xf7,0xe9,0xde,0x8a,0xf6,0x5a,0xaf,0x78,0x6c,0x7d,0x19,0x3f,0x15,0x85,0x4b,0x37,0x5,0xd2,0xa3,0x4,0x2f,0xe6,0x56,0x52,0xe2,0x19,0xa5,0x36,0x7d,0xf9,0x28,0x88,0x7b,0x1f,0x40,0xa2,0xe4,0x1a,0xfd,0xad,0x23,0xc1,0xd0,0x56,0xce,0xfc,0xda,0xc0,0x1b,0xbf,0xd4,0xf0,0x71,0x9c,0xe2,0x9,0x31,0xa5,0xac,0x34,0x96,0x64,0xe0,0xe,0x8a,0x71,0xab,0x4a,0x45,0x69,0x77,0x92,0xce,0xd9,0xa1,0xf9,0x1d,0x33,0xcb,0xd4,0x93,0x4,0xf4,0x6,0x20,0xb7,0x12,0x6a,0x70,0xf5,0x2e,0x42,0x8b,0x75,0x80,0xbd,0x71,0x85,0xe4,0xb3,0x66,0xb5,0xb3,0x4a,0x13,0xca,0x6c,0x9e,0x9,0x1e,0x22,0x20,0xf9,0x29,0x1b,0x3f,0x25,0xb,0xc,0x53,0xd,0x3,0xb3,0x83,0x8e,0x18,0x2f,0xc3,0xf3,0xba,0xdf,0x9d,0x90,0xd3,0xa9,0x3e,0x3c,0x51,0x9e,0x6d,0x7b,0x27,0x34,0xf5,0x36,0x2e,0,0xea,0xc2,0xf2,0xdd,0x56,0x3d,0x56,0x65,0x4e,0x42,0xe5,0x10,0x91,0x1,0x44,0x26,0xe9,0xc9,0x36,0xe1,0x4c,0x9e,0xa7,0x73,0x4b,0x14,0x5b,0xf2,0xc6,0x19,0x31,0x25,0xbb,0xf3,0x81,0x41,0x46,0xd8,0xa7,0xa6,0xa5,0xc8,0x38,0x59,0x4f,0xe0,0x7b,0xf9,0xdb,0x16,0x22,0x2a,0x2b,0x9c,0x6f,0x8d,0x99,0xc0,0xe1,0x3d,0xae,0x5b,0xf3,0x80,0x38,0x5,0x74,0xa3,0x27,0xc4,0x32,0x29,0xd9,0x53,0x22,0x9b,0xb6,0xde,0x87,0xe0,0x68,0x7e,0x5f,0x88,0xee,0x4f,0x3c,0xc7,0x95,0x92,0x5,0x1,0xc2,0x2d,0xf3,0x4b,0xd3,0x5c,0xde,0x47,0xd,0x7d,0xfe,0x6f,0x2,0x5e,0x86,0x29,0xf3,0x7e,0xb8,0x2f,0x15,0x3e,0xd0,0x9,0xae,0x2c,0xb8,0x55,0x33,0xbe,0x1c,0x14,0x40,0xeb,0x13,0xac,0xf9,0x97,0xcb,0xc1,0xb0,0x84,0x12,0xcf,0x46,0x9d,0x84,0x22,0x45,0xe6,0x57,0xc,0xbe,0xc4,0x5c,0xaa,0x46,0xc8,0x36,0xbd,0xf,0x77,0x34,0xb7,0xa9,0x68,0x4a,0xca,0x5a,0x95,0x51,0xcb,0xc,0x7a,0xa9,0xcf,0xc8,0x9,0xd3,0xe9,0xb0,0xa0,0x90,0x12,0x9d,0x9a,0x8f,0x6e,0xf3,0x16,0x6a,0xb7,0x8e,0xb4,0x9d,0x30,0x31,0x6,0xa2,0x1e,0xc,0xa1,0x6d,0xf2,0xa9,0xcb,0x17,0x58,0x1b,0xb6,0x88,0xdc,0xac,0xdd,0xdf,0x80,0x7b,0xa4,0xab,0xb6,0xb4,0x81,0x78,0xcb,0xef,0x4,0x4,0xaf,0x21,0x69,0xd0,0x6c,0x78,0x53,0x8b,0xca,0xcb,0x4b,0x45,0x53,0xab,0x9b,0x6c,0xed,0x2d,0x10,0xfb,0x9b,0xbd,0x83,0x12,0xd9,0x89,0x83,0x4b,0xab,0xa7,0x97,0x37,0xfe,0xb7,0x42,0x19,0x8a,0x2c,0xcf,0x1d,0x6b,0x78,0x26,0x8,0x92,0xee,0x7b,0xd3,0x63,0xdc,0x42,0x73,0x34])",/home/chris/Toward-verification-of-QUIC-extensions/installer/TVOQE/results/errors/client/local/quant-client-2/temp/342/quic_client_test_tp_error0.iev,0.0,0.0
838," /home/chris/TVOQE_UPGRADE_27/quic/quant/Debug/bin/client -c false -r 20 -l /home/chris/secret.log -q /home/chris/qlog_quant -t 3600 -v 5 -e 0xff00001d https://localhost:4443/index.html
",client,quic_client_test_tp_acticoid_error0,,"ivy_return_code(1)+assumption_failed(""quic_client_test_tp_acticoid_error.ivy: line 515"")",/home/chris/Toward-verification-of-QUIC-extensions/installer/TVOQE/results/errors/client/local/quant-client-2/temp/543/quic_client_test_tp_acticoid_error0.iev,0.0,0.0
839," /home/chris/TVOQE_UPGRADE_27/quic/quant/Debug/bin/client -c false -r 20 -l /home/chris/secret.log -q /home/chris/qlog_quant -t 3600 -v 5 -e 0xff00001d https://localhost:4443/index.html
",client,quic_client_test_tp_prefadd_error0,,"ivy_return_code(1)+assumption_failed(""quic_client_test_tp_prefadd_error.ivy: line 518"")",/home/chris/Toward-verification-of-QUIC-extensions/installer/TVOQE/results/errors/client/local/quant-client-2/temp/981/quic_client_test_tp_prefadd_error0.iev,0.0,0.0
840," /home/chris/TVOQE_UPGRADE_27/quic/quant/Debug/bin/client -c false -r 20 -l /home/chris/secret.log -q /home/chris/qlog_quant -t 3600 -v 5 -e 0xff00001d https://localhost:4443/index.html
",client,quic_client_test_blocked_streams_maxstream_error0,,"ivy_return_code(1)+assumption_failed(""quic_client_test_blocked_streams_maxstream_error.ivy: line 283"")",/home/chris/Toward-verification-of-QUIC-extensions/installer/TVOQE/results/errors/client/local/quant-client-2/temp/692/quic_client_test_blocked_streams_maxstream_error0.iev,0.0,0.0
841," /home/chris/TVOQE_UPGRADE_27/quic/quant/Debug/bin/client -c false -r 20 -l /home/chris/secret.log -q /home/chris/qlog_quant -t 3600 -v 5 -e 0xff00001d https://localhost:4443/index.html
",client,quic_client_test_blocked_streams_maxstream_error0,,"ivy_return_code(1)+assumption_failed(""quic_client_test_blocked_streams_maxstream_error.ivy: line 283"")",/home/chris/Toward-verification-of-QUIC-extensions/installer/TVOQE/results/errors/client/local/quant-client-2/temp/630/quic_client_test_blocked_streams_maxstream_error0.iev,0.0,0.0
842," /home/chris/TVOQE_UPGRADE_27/quic/quant/Debug/bin/client -c false -r 20 -l /home/chris/secret.log -q /home/chris/qlog_quant -t 3600 -v 5 -e 0xff00001d https://localhost:4443/index.html
",client,quic_client_test_tp_acticoid_error0,,,/home/chris/Toward-verification-of-QUIC-extensions/installer/TVOQE/results/errors/client/local/quant-client-2/temp/515/quic_client_test_tp_acticoid_error0.iev,0.0,1.0
843," /home/chris/TVOQE_UPGRADE_27/quic/quant/Debug/bin/client -c false -r 20 -l /home/chris/secret.log -q /home/chris/qlog_quant -t 3600 -v 5 -e 0xff00001d https://localhost:4443/index.html
",client,quic_client_test_accept_maxdata0,,,/home/chris/Toward-verification-of-QUIC-extensions/installer/TVOQE/results/errors/client/local/quant-client-2/temp/863/quic_client_test_accept_maxdata0.iev,0.0,1.0
844," /home/chris/TVOQE_UPGRADE_27/quic/quant/Debug/bin/client -c false -r 20 -l /home/chris/secret.log -q /home/chris/qlog_quant -t 3600 -v 5 -e 0xff00001d https://localhost:4443/index.html
",client,quic_client_test_tp_unkown0,,"ivy_return_code(1)+assumption_failed(""quic_client_test_tp_unkown.ivy: line 515"")",/home/chris/Toward-verification-of-QUIC-extensions/installer/TVOQE/results/errors/client/local/quant-client-2/temp/1137/quic_client_test_tp_unkown0.iev,0.0,0.0
845," /home/chris/TVOQE_UPGRADE_27/quic/quant/Debug/bin/client -c false -r 20 -l /home/chris/secret.log -q /home/chris/qlog_quant -t 3600 -v 5 -e 0xff00001d https://localhost:4443/index.html
",client,quic_client_test_blocked_streams_maxstream_error0,,"ivy_return_code(1)+assumption_failed(""/usr/local/lib/python2.7/dist-packages/ivy/include/1.7/quic_packet.ivy: line 377"")",/home/chris/Toward-verification-of-QUIC-extensions/installer/TVOQE/results/errors/client/local/quant-client-2/temp/651/quic_client_test_blocked_streams_maxstream_error0.iev,0.0,0.0
846," /home/chris/TVOQE_UPGRADE_27/quic/quant/Debug/bin/client -c false -r 20 -l /home/chris/secret.log -q /home/chris/qlog_quant -t 3600 -v 5 -e 0xff00001d https://localhost:4443/index.html
",client,quic_client_test_retirecoid_error0,,"ivy_return_code(1)+assumption_failed(""quic_client_test_retirecoid_error.ivy: line 276"")",/home/chris/Toward-verification-of-QUIC-extensions/installer/TVOQE/results/errors/client/local/quant-client-2/temp/723/quic_client_test_retirecoid_error0.iev,0.0,0.0
847," /home/chris/TVOQE_UPGRADE_27/quic/quant/Debug/bin/client -c false -r 20 -l /home/chris/secret.log -q /home/chris/qlog_quant -t 3600 -v 5 -e 0xff00001d https://localhost:4443/index.html
",client,quic_client_test_retirecoid_error0,,"ivy_return_code(1)+assumption_failed(""quic_client_test_retirecoid_error.ivy: line 276"")",/home/chris/Toward-verification-of-QUIC-extensions/installer/TVOQE/results/errors/client/local/quant-client-2/temp/776/quic_client_test_retirecoid_error0.iev,0.0,0.0
848," /home/chris/TVOQE_UPGRADE_27/quic/quant/Debug/bin/client -c false -r 20 -l /home/chris/secret.log -q /home/chris/qlog_quant -t 3600 -v 5 -e 0xff00001d https://localhost:4443/index.html
",client,quic_client_test_unkown0,,server_return_code(1)+ivy_return_code(1),/home/chris/Toward-verification-of-QUIC-extensions/installer/TVOQE/results/errors/client/local/quant-client-2/temp/1052/quic_client_test_unkown0.iev,0.0,0.0
849," /home/chris/TVOQE_UPGRADE_27/quic/quant/Debug/bin/client -c false -r 20 -l /home/chris/secret.log -q /home/chris/qlog_quant -t 3600 -v 5 -e 0xff00001d https://localhost:4443/index.html
",client,quic_client_test_tp_prefadd_error0,,"ivy_return_code(1)+assumption_failed(""quic_client_test_tp_prefadd_error.ivy: line 518"")",/home/chris/Toward-verification-of-QUIC-extensions/installer/TVOQE/results/errors/client/local/quant-client-2/temp/990/quic_client_test_tp_prefadd_error0.iev,0.0,0.0
850," /home/chris/TVOQE_UPGRADE_27/quic/quant/Debug/bin/client -c false -r 20 -l /home/chris/secret.log -q /home/chris/qlog_quant -t 3600 -v 5 -e 0xff00001d https://localhost:4443/index.html
",client,quic_client_test_limit_max_error0,,"ivy_return_code(1)+assumption_failed(""quic_client_test_limit_max_error.ivy: line 504"")",/home/chris/Toward-verification-of-QUIC-extensions/installer/TVOQE/results/errors/client/local/quant-client-2/temp/1211/quic_client_test_limit_max_error0.iev,0.0,0.0
851," /home/chris/TVOQE_UPGRADE_27/quic/quant/Debug/bin/client -c false -r 20 -l /home/chris/secret.log -q /home/chris/qlog_quant -t 3600 -v 5 -e 0xff00001d https://localhost:4443/index.html
",client,quic_client_test_accept_maxdata0,,,/home/chris/Toward-verification-of-QUIC-extensions/installer/TVOQE/results/errors/client/local/quant-client-2/temp/893/quic_client_test_accept_maxdata0.iev,0.0,1.0
852," /home/chris/TVOQE_UPGRADE_27/quic/quant/Debug/bin/client -c false -r 20 -l /home/chris/secret.log -q /home/chris/qlog_quant -t 3600 -v 5 -e 0xff00001d https://localhost:4443/index.html
",client,quic_client_test_tp_acticoid_error0,,,/home/chris/Toward-verification-of-QUIC-extensions/installer/TVOQE/results/errors/client/local/quant-client-2/temp/573/quic_client_test_tp_acticoid_error0.iev,0.0,1.0
853," /home/chris/TVOQE_UPGRADE_27/quic/quant/Debug/bin/client -c false -r 20 -l /home/chris/secret.log -q /home/chris/qlog_quant -t 3600 -v 5 -e 0xff00001d https://localhost:4443/index.html
",client,quic_client_test_tp_unkown0,,,/home/chris/Toward-verification-of-QUIC-extensions/installer/TVOQE/results/errors/client/local/quant-client-2/temp/1194/quic_client_test_tp_unkown0.iev,0.0,1.0
854," /home/chris/TVOQE_UPGRADE_27/quic/quant/Debug/bin/client -c false -r 20 -l /home/chris/secret.log -q /home/chris/qlog_quant -t 3600 -v 5 -e 0xff00001d https://localhost:4443/index.html
",client,quic_client_test_tp_acticoid_error0,,"ivy_return_code(1)+assumption_failed(""quic_client_test_tp_acticoid_error.ivy: line 515"")",/home/chris/Toward-verification-of-QUIC-extensions/installer/TVOQE/results/errors/client/local/quant-client-2/temp/594/quic_client_test_tp_acticoid_error0.iev,0.0,0.0
855," /home/chris/TVOQE_UPGRADE_27/quic/quant/Debug/bin/client -c false -r 20 -l /home/chris/secret.log -q /home/chris/qlog_quant -t 3600 -v 5 -e 0xff00001d https://localhost:4443/index.html
",client,quic_client_test_max0,,,/home/chris/Toward-verification-of-QUIC-extensions/installer/TVOQE/results/errors/client/local/quant-client-2/temp/98/quic_client_test_max0.iev,0.0,1.0
856," /home/chris/TVOQE_UPGRADE_27/quic/quant/Debug/bin/client -c false -r 20 -l /home/chris/secret.log -q /home/chris/qlog_quant -t 3600 -v 5 -e 0xff00001d https://localhost:4443/index.html
",client,quic_client_test_tp_prefadd_error0,,"ivy_return_code(1)+assumption_failed(""quic_client_test_tp_prefadd_error.ivy: line 518"")",/home/chris/Toward-verification-of-QUIC-extensions/installer/TVOQE/results/errors/client/local/quant-client-2/temp/944/quic_client_test_tp_prefadd_error0.iev,0.0,0.0
857," /home/chris/TVOQE_UPGRADE_27/quic/quant/Debug/bin/client -c false -r 20 -l /home/chris/secret.log -q /home/chris/qlog_quant -t 3600 -v 5 -e 0xff00001d https://localhost:4443/index.html
",client,quic_client_test_ext_min_ack_delay0,,,/home/chris/Toward-verification-of-QUIC-extensions/installer/TVOQE/results/errors/client/local/quant-client-2/temp/220/quic_client_test_ext_min_ack_delay0.iev,0.0,1.0
858," /home/chris/TVOQE_UPGRADE_27/quic/quant/Debug/bin/client -c false -r 20 -l /home/chris/secret.log -q /home/chris/qlog_quant -t 3600 -v 5 -e 0xff00001d https://localhost:4443/index.html
",client,quic_client_test_max0,,,/home/chris/Toward-verification-of-QUIC-extensions/installer/TVOQE/results/errors/client/local/quant-client-2/temp/60/quic_client_test_max0.iev,0.0,1.0
859," /home/chris/TVOQE_UPGRADE_27/quic/quant/Debug/bin/client -c false -r 20 -l /home/chris/secret.log -q /home/chris/qlog_quant -t 3600 -v 5 -e 0xff00001d https://localhost:4443/index.html
",client,quic_client_test_new_token_error0,,"ivy_return_code(1)+assumption_failed(""quic_client_test_new_token_error.ivy: line 517"")",/home/chris/Toward-verification-of-QUIC-extensions/installer/TVOQE/results/errors/client/local/quant-client-2/temp/1385/quic_client_test_new_token_error0.iev,0.0,0.0
860," /home/chris/TVOQE_UPGRADE_27/quic/quant/Debug/bin/client -c false -r 20 -l /home/chris/secret.log -q /home/chris/qlog_quant -t 3600 -v 5 -e 0xff00001d https://localhost:4443/index.html
",client,quic_client_test_tp_unkown0,,"ivy_return_code(1)+assumption_failed(""quic_client_test_tp_unkown.ivy: line 515"")",/home/chris/Toward-verification-of-QUIC-extensions/installer/TVOQE/results/errors/client/local/quant-client-2/temp/1134/quic_client_test_tp_unkown0.iev,0.0,0.0
861," /home/chris/TVOQE_UPGRADE_27/quic/quant/Debug/bin/client -c false -r 20 -l /home/chris/secret.log -q /home/chris/qlog_quant -t 3600 -v 5 -e 0xff00001d https://localhost:4443/index.html
",client,quic_client_test_ext_min_ack_delay0,,"ivy_return_code(1)+assumption_failed(""quic_client_test_ext_min_ack_delay.ivy: line 524"")",/home/chris/Toward-verification-of-QUIC-extensions/installer/TVOQE/results/errors/client/local/quant-client-2/temp/254/quic_client_test_ext_min_ack_delay0.iev,0.0,0.0
862," /home/chris/TVOQE_UPGRADE_27/quic/quant/Debug/bin/client -c false -r 20 -l /home/chris/secret.log -q /home/chris/qlog_quant -t 3600 -v 5 -e 0xff00001d https://localhost:4443/index.html
",client,quic_client_test_accept_maxdata0,,,/home/chris/Toward-verification-of-QUIC-extensions/installer/TVOQE/results/errors/client/local/quant-client-2/temp/814/quic_client_test_accept_maxdata0.iev,0.0,1.0
863," /home/chris/TVOQE_UPGRADE_27/quic/quant/Debug/bin/client -c false -r 20 -l /home/chris/secret.log -q /home/chris/qlog_quant -t 3600 -v 5 -e 0xff00001d https://localhost:4443/index.html
",client,quic_client_test_max0,,"ivy_return_code(1)+assumption_failed(""/usr/local/lib/python2.7/dist-packages/ivy/include/1.7/quic_packet.ivy: line 377"")",/home/chris/Toward-verification-of-QUIC-extensions/installer/TVOQE/results/errors/client/local/quant-client-2/temp/34/quic_client_test_max0.iev,0.0,0.0
864," /home/chris/TVOQE_UPGRADE_27/quic/quant/Debug/bin/client -c false -r 20 -l /home/chris/secret.log -q /home/chris/qlog_quant -t 3600 -v 5 -e 0xff00001d https://localhost:4443/index.html
",client,quic_client_test_stream0,,"timeout+< undecryptable_packet_event({protocol:udp,addr:0x7f000001,port:0x8060},{protocol:udp,addr:0x7f000001,port:0x115b},[0xcb,0xff,0,0,0x1d,0x14,0x2e,0x54,0x36,0xb1,0x8e,0x3b,0xe1,0xbf,0x48,0x35,0xaa,0xe9,0x2,0x4b,0x40,0x2,0x33,0xe,0xc7,0xb2,0x4,0xc0,0,0xe8,0xc2,0,0x44,0x8e,0x20,0xfe,0x14,0x9e,0x28,0x88,0x34,0x89,0x8f,0x96,0x40,0x74,0xa7,0x25,0xaf,0x73,0x52,0x13,0x65,0xb2,0xae,0x3d,0xea,0xa,0xe9,0x8a,0xa6,0xdf,0x60,0xf3,0xc5,0x39,0xc6,0x6e,0x1e,0x8e,0xad,0xe7,0xaf,0xf8,0xaa,0xe7,0xcf,0x45,0xaf,0xe3,0x14,0x34,0x39,0xdc,0x2a,0x37,0xe,0xb6,0x28,0xe4,0,0xf3,0x13,0xc1,0x58,0x7b,0x2e,0x4c,0xaf,0xdc,0x58,0xc4,0x8d,0x15,0x41,0x5c,0x40,0x8d,0x2b,0x2d,0x88,0x68,0xf5,0x60,0xc7,0x64,0x49,0xe,0xf6,0x1f,0xd3,0x96,0x42,0xa6,0x75,0x32,0xd4,0xfd,0x39,0xce,0xcd,0xf6,0x54,0x68,0xae,0x91,0xeb,0xae,0xfa,0xc2,0x4e,0x89,0x6b,0xbe,0x4f,0xc9,0x55,0x8,0x72,0x10,0xab,0xa8,0xa0,0x1d,0x10,0x26,0xb8,0xb,0xa3,0x3b,0xdc,0x51,0x4a,0xeb,0x7a,0x86,0xc7,0x2,0x7b,0xf,0x2,0xac,0x6c,0xc,0xc7,0x26,0xd4,0x44,0x2e,0x9b,0x9d,0x8d,0x57,0x3d,0x5c,0x88,0x69,0x8e,0x51,0xa5,0x5c,0x78,0x81,0x85,0x17,0x11,0xec,0x80,0x72,0x6d,0x2c,0xa7,0xff,0x65,0x52,0xe5,0xbb,0x93,0x79,0x1d,0x73,0xe,0x76,0xf4,0xf4,0x83,0xec,0xcc,0x16,0xb9,0x18,0xf1,0xf7,0x11,0x5,0xb9,0x9b,0x18,0x49,0xb5,0x1,0x91,0x60,0xd5,0x7c,0xb,0xd8,0x19,0xf7,0x60,0xb,0xac,0x17,0x60,0xd9,0x3f,0xdc,0xd2,0x8c,0x76,0x98,0x11,0xe0,0x9,0xd6,0xaf,0xac,0xf9,0xb4,0xe6,0x96,0x17,0xc,0xa4,0xe6,0x49,0xd0,0xc3,0x6f,0x96,0x42,0xcb,0x1a,0xb1,0x87,0x49,0xf7,0x32,0x55,0x95,0xe,0x12,0x40,0x4,0x72,0x1c,0xe2,0xfd,0xeb,0xab,0x72,0xfc,0xac,0xca,0xfc,0x96,0x79,0x4,0x41,0x92,0xa4,0xb8,0x3f,0x11,0x7e,0x9f,0xf6,0xc6,0xf4,0x3f,0xf4,0xff,0x54,0x9a,0xbf,0xd1,0x65,0x4e,0xe0,0x4d,0x42,0xe7,0xd2,0x52,0x9f,0x6e,0x11,0xe0,0xd3,0x25,0x81,0x97,0xc9,0x98,0xeb,0xff,0x8d,0xe2,0xaa,0xd2,0xa5,0xbf,0xa4,0x96,0x95,0xdd,0xc8,0xbb,0xdc,0xf5,0xe3,0x2c,0x26,0x22,0xb7,0xf2,0xfb,0x59,0x17,0x2d,0x7,0x85,0xf2,0x45,0x16,0xd2,0x48,0xfd,0xfc,0x2d,0xdd,0x49,0xd8,0x92,0xb9,0xda,0x43,0xc3,0x1c,0x7f,0xf7,0xd3,0xdb,0xbe,0x6b,0x65,0x6b,0xa3,0x66,0x92,0xed,0xcc,0xfb,0x66,0x21,0xe8,0xb2,0x87,0x2b,0x6e,0xb6,0xca,0x6d,0x9c,0xf7,0x6f,0xfe,0x8a,0x60,0x48,0x29,0xe8,0xbb,0x70,0xfd,0x7f,0xec,0xf2,0x5,0x74,0x6f,0x8a,0xae,0x95,0xbb,0x71,0xdd,0x40,0x8e,0x71,0x42,0x78,0x1a,0xa1,0x4d,0x49,0x91,0x10,0x2d,0x27,0x9f,0x4d,0x14,0xc9,0xd0,0xb5,0x46,0x3d,0x4b,0x74,0x38,0xcb,0x53,0xac,0xb6,0x49,0xa1,0x5d,0x28,0x6c,0x2,0x4e,0x34,0xa6,0xd8,0xda,0xa6,0x22,0x3c,0x92,0x7c,0x43,0xfb,0x47,0x19,0x48,0x33,0x69,0xd9,0xf0,0x4,0x71,0xe2,0x4d,0xac,0x82,0xc7,0xaf,0x73,0x4e,0x67,0x8e,0x50,0x9f,0x28,0xaa,0x58,0x46,0xab,0x84,0x86,0x9e,0x43,0xa,0x9,0x34,0xb6,0x89,0x99,0x4e,0x33,0x7b,0x4d,0x51,0xce,0x7f,0x7f,0x33,0x49,0xf0,0xdb,0x11,0xe4,0xb,0xb8,0x7d,0x9a,0xff,0x74,0x1f,0x64,0x35,0x1e,0xd3,0xe4,0x7a,0x48,0xb3,0xb9,0x82,0x2c,0xf1,0x8c,0x34,0xbb,0x5a,0x34,0x73,0x37,0x1e,0xea,0xee,0xee,0xca,0xfe,0x89,0x4c,0x60,0,0xea,0xee,0xe8,0x52,0xd6,0x7c,0x37,0x9d,0x12,0x68,0x7,0x20,0x7a,0xa9,0x14,0xde,0xcb,0xba,0x24,0x23,0x65,0xcb,0xc3,0xd,0x18,0xd8,0x25,0x4e,0x8f,0x71,0x85,0xff,0x45,0x93,0x70,0xb3,0x3,0x58,0x5a,0xa6,0xd6,0xe6,0x92,0xff,0x69,0xa4,0x20,0xd6,0x5d,0x6c,0x7,0x5c,0x55,0x80,0x1d,0xe6,0xfa,0xb,0xee,0x39,0x23,0xaf,0xa3,0xe0,0xd0,0x62,0x19,0x46,0xc,0x81,0xe1,0xa4,0xc2,0x98,0x9c,0x6c,0xb8,0xdb,0xd0,0x21,0x30,0xc6,0x3a,0xcd,0x3c,0x3f,0x95,0x8,0x4d,0x28,0xcc,0x6,0x7b,0xff,0x8d,0x8c,0xeb,0xe1,0xa,0x59,0x5,0x94,0xa4,0xc0,0x7f,0x7,0x1b,0xde,0x78,0x3c,0x7f,0xde,0xb9,0x99,0x27,0xbe,0x5e,0x7e,0x2e,0xd3,0xab,0xa2,0x52,0x62,0x34,0xde,0xc0,0x5c,0xf5,0x1e,0x66,0x63,0x85,0x5d,0x56,0xf,0xe4,0xc7,0xc6,0xb1,0x7,0x2,0xad,0x80,0x38,0x7f,0x1,0x2c,0xe2,0x17,0xea,0xae,0xb3,0x8d,0x1d,0xc8,0xbb,0x78,0x33,0x41,0x46,0x76,0xae,0xb1,0xc2,0x57,0xd5,0x3a,0xdf,0x5f,0xa8,0xe6,0x97,0x8b,0xa1,0xfd,0x2d,0x8e,0x5d,0x58,0x70,0x5e,0x27,0x98,0x75,0x9e,0x88,0x42,0x2f,0xae,0x91,0xb6,0xfd,0x24,0xe1,0x2c,0x5c,0x4,0x2d,0x7c,0x4b,0xe8,0x17,0x63,0xfe,0x36,0x86,0x84,0xa3,0xb5,0x54,0x43,0x17,0xe8,0xe8,0xcf,0x4c,0x64,0xdc,0x19,0x17,0,0x10,0x17,0x63,0x3d,0xa3,0xb,0x1a,0x86,0x5d,0xa1,0x7d,0xbc,0x84,0xfd,0x4a,0xe2,0xb3,0xa8,0x8a,0x52,0xa7,0x90,0x6e,0x42,0xd5,0x9f,0x1e,0x5,0xa6,0x83,0x1d,0xc7,0x20,0xd8,0x19,0x29,0x26,0xf2,0xd4,0xf8,0x6a,0xf6,0x3d,0x4f,0xf8,0x33,0x3c,0x45,0xfe,0x46,0xef,0x95,0x34,0x9a,0xe8,0xb2,0x6,0x60,0x37,0x9f,0xf6,0x38,0xa7,0x3d,0x46,0xc6,0x50,0x81,0x24,0x92,0xbe,0x77,0x29,0,0xa6,0x40,0x95,0xb2,0x8f,0xd0,0xd9,0x30,0xbc,0x9f,0x8b,0xf8,0x47,0x5f,0x9c,0x4d,0xcb,0x7,0xaf,0x9b,0xb6,0x51,0x57,0xb,0x54,0xb1,0x9b,0x3a,0x31,0x5d,0x45,0x44,0x76,0xa7,0xa,0x9c,0xc6,0x17,0xea,0x9b,0xd,0xd2,0xd,0x51,0x66,0xa7,0x52,0xd3,0x81,0xe7,0xc1,0xf9,0x5d,0xe8,0xe2,0x4a,0xba,0x3d,0xb8,0x6a,0xed,0x96,0x43,0x80,0xed,0xf8,0x6d,0x1,0x4e,0xca,0x2c,0x3d,0x22,0xd8,0xa8,0x7b,0x9a,0xd0,0x2b,0xbd,0xef,0x72,0x3b,0xd4,0x53,0x96,0x6c,0xa3,0x9a,0xfa,0x30,0x66,0x43,0xba,0x9f,0x89,0xb2,0xc8,0x8f,0xa9,0xf4,0x1c,0xd0,0x1d,0xf8,0xb3,0xe0,0xcb,0xe0,0x26,0xd1,0xca,0xce,0xae,0x5f,0xc3,0x99,0x83,0x7d,0xf2,0x48,0x30,0x2c,0x70,0xbd,0x27,0x3c,0x80,0x32,0xc3,0x87,0xd1,0xe0,0x9,0xc9,0x3d,0x53,0x92,0xfb,0x14,0xa2,0x74,0x3d,0x3,0x4e,0xd7,0x20,0x14,0x21,0x40,0x78,0xd,0x23,0xd,0x9f,0x86,0x48,0x85,0xe4,0xcd,0x75,0xf1,0xf2,0x7c,0x84,0x1c,0x9,0xd1,0x5e,0xa7,0x15,0x44,0x3f,0x4,0xc6,0xbf,0x40,0xce,0x7,0x71,0xbe,0xaf,0x4c,0x25,0xa9,0x5a,0xd1,0x9b,0xef,0x91,0x1d,0x67,0x97,0x16,0xb1,0x16,0x35,0xc5,0x2,0xb,0x6e,0xe4,0x9f,0xe9,0x20,0x36,0xe3,0xc6,0xae,0xd7,0x91,0x1c,0xd2,0xa0,0x1d,0x7b,0xfa,0x15,0x56,0xb9,0xbe,0x4d,0x67,0x84,0x41,0x86,0x8c,0x38,0x2c,0x8f,0x10,0x44,0xec,0x1a,0x2f,0x8a,0x45,0xcf,0xfa,0xeb,0xd6,0xd6,0xf,0x3b,0x47,0xd5,0x56,0x1,0x2,0x9c,0xf4,0x1d,0x2f,0xa8,0xd4,0x71,0x4d,0xd8,0xe2,0xdc,0x67,0x9d,0xd7,0x2d,0xe4,0x11,0x21,0x50,0x57,0x13,0x3c,0x75,0xa,0x79,0xca,0x41,0xec,0x79,0x15,0x68,0x17,0x17,0xda,0xe5,0x4,0x25,0xdd,0xf9,0xff,0x7b,0xe3,0x24,0x6f,0xf8,0xa4,0x49,0x28,0x2f,0x5c,0x76,0x1b,0xe3,0x14,0x60,0xd,0xa,0x2d,0x47,0x9b,0x7,0xbd,0x95,0x1,0xa2,0xe7,0xa3,0x1d,0xa4,0xd5,0xfd,0x7d,0x28,0x1d,0x6,0x6a,0x65,0xc3,0xb7,0xd2,0x1d,0x4d,0xbd,0x64,0x6f,0xc0,0x39,0xd,0xbe,0xce,0xab,0x78,0x8d,0x1e,0x6f,0x1a])",/home/chris/Toward-verification-of-QUIC-extensions/installer/TVOQE/results/errors/client/local/quant-client-2/temp/101/quic_client_test_stream0.iev,0.0,0.0
865," /home/chris/TVOQE_UPGRADE_27/quic/quant/Debug/bin/client -c false -r 20 -l /home/chris/secret.log -q /home/chris/qlog_quant -t 3600 -v 5 -e 0xff00001d https://localhost:4443/index.html
",client,quic_client_test_accept_maxdata0,,,/home/chris/Toward-verification-of-QUIC-extensions/installer/TVOQE/results/errors/client/local/quant-client-2/temp/842/quic_client_test_accept_maxdata0.iev,0.0,1.0
866," /home/chris/TVOQE_UPGRADE_27/quic/quant/Debug/bin/client -c false -r 20 -l /home/chris/secret.log -q /home/chris/qlog_quant -t 3600 -v 5 -e 0xff00001d https://localhost:4443/index.html
",client,quic_client_test_retirecoid_error0,,"ivy_return_code(1)+assumption_failed(""quic_client_test_retirecoid_error.ivy: line 276"")",/home/chris/Toward-verification-of-QUIC-extensions/installer/TVOQE/results/errors/client/local/quant-client-2/temp/718/quic_client_test_retirecoid_error0.iev,0.0,0.0
867," /home/chris/TVOQE_UPGRADE_27/quic/quant/Debug/bin/client -c false -r 20 -l /home/chris/secret.log -q /home/chris/qlog_quant -t 3600 -v 5 -e 0xff00001d https://localhost:4443/index.html
",client,quic_client_test_limit_max_error0,,"ivy_return_code(1)+assumption_failed(""quic_client_test_limit_max_error.ivy: line 504"")",/home/chris/Toward-verification-of-QUIC-extensions/installer/TVOQE/results/errors/client/local/quant-client-2/temp/1221/quic_client_test_limit_max_error0.iev,0.0,0.0
868," /home/chris/TVOQE_UPGRADE_27/quic/quant/Debug/bin/client -c false -r 20 -l /home/chris/secret.log -q /home/chris/qlog_quant -t 3600 -v 5 -e 0xff00001d https://localhost:4443/index.html
",client,quic_client_test_tp_prefadd_error0,,"ivy_return_code(1)+assumption_failed(""quic_client_test_tp_prefadd_error.ivy: line 518"")",/home/chris/Toward-verification-of-QUIC-extensions/installer/TVOQE/results/errors/client/local/quant-client-2/temp/920/quic_client_test_tp_prefadd_error0.iev,0.0,0.0
869," /home/chris/TVOQE_UPGRADE_27/quic/quant/Debug/bin/client -c false -r 20 -l /home/chris/secret.log -q /home/chris/qlog_quant -t 3600 -v 5 -e 0xff00001d https://localhost:4443/index.html
",client,quic_client_test_stream0,,timeout+sending id: server addr: 2130706433 port: 52954,/home/chris/Toward-verification-of-QUIC-extensions/installer/TVOQE/results/errors/client/local/quant-client-2/temp/139/quic_client_test_stream0.iev,0.0,0.0
870," /home/chris/TVOQE_UPGRADE_27/quic/quant/Debug/bin/client -c false -r 20 -l /home/chris/secret.log -q /home/chris/qlog_quant -t 3600 -v 5 -e 0xff00001d https://localhost:4443/index.html
",client,quic_client_test_accept_maxdata0,,,/home/chris/Toward-verification-of-QUIC-extensions/installer/TVOQE/results/errors/client/local/quant-client-2/temp/868/quic_client_test_accept_maxdata0.iev,0.0,1.0
871," /home/chris/TVOQE_UPGRADE_27/quic/quant/Debug/bin/client -c false -r 20 -l /home/chris/secret.log -q /home/chris/qlog_quant -t 3600 -v 5 -e 0xff00001d https://localhost:4443/index.html
",client,quic_client_test_unkown0,,server_return_code(1)+ivy_return_code(1),/home/chris/Toward-verification-of-QUIC-extensions/installer/TVOQE/results/errors/client/local/quant-client-2/temp/1040/quic_client_test_unkown0.iev,0.0,0.0
872," /home/chris/TVOQE_UPGRADE_27/quic/quant/Debug/bin/client -c false -r 20 -l /home/chris/secret.log -q /home/chris/qlog_quant -t 3600 -v 5 -e 0xff00001d https://localhost:4443/index.html
",client,quic_client_test_tp_acticoid_error0,,,/home/chris/Toward-verification-of-QUIC-extensions/installer/TVOQE/results/errors/client/local/quant-client-2/temp/523/quic_client_test_tp_acticoid_error0.iev,0.0,1.0
873," /home/chris/TVOQE_UPGRADE_27/quic/quant/Debug/bin/client -c false -r 20 -l /home/chris/secret.log -q /home/chris/qlog_quant -t 3600 -v 5 -e 0xff00001d https://localhost:4443/index.html
",client,quic_client_test_new_token_error0,,ivy_return_code(134)+ivy_binary_deser_128 getn deser_err,/home/chris/Toward-verification-of-QUIC-extensions/installer/TVOQE/results/errors/client/local/quant-client-2/temp/1372/quic_client_test_new_token_error0.iev,0.0,0.0
874," /home/chris/TVOQE_UPGRADE_27/quic/quant/Debug/bin/client -c false -r 20 -l /home/chris/secret.log -q /home/chris/qlog_quant -t 3600 -v 5 -e 0xff00001d https://localhost:4443/index.html
",client,quic_client_test_tp_acticoid_error0,,,/home/chris/Toward-verification-of-QUIC-extensions/installer/TVOQE/results/errors/client/local/quant-client-2/temp/569/quic_client_test_tp_acticoid_error0.iev,0.0,1.0
875," /home/chris/TVOQE_UPGRADE_27/quic/quant/Debug/bin/client -c false -r 20 -l /home/chris/secret.log -q /home/chris/qlog_quant -t 3600 -v 5 -e 0xff00001d https://localhost:4443/index.html
",client,quic_client_test_new_token_error0,,ivy_return_code(134)+ivy_binary_deser_128 getn deser_err,/home/chris/Toward-verification-of-QUIC-extensions/installer/TVOQE/results/errors/client/local/quant-client-2/temp/1339/quic_client_test_new_token_error0.iev,0.0,0.0
876," /home/chris/TVOQE_UPGRADE_27/quic/quant/Debug/bin/client -c false -r 20 -l /home/chris/secret.log -q /home/chris/qlog_quant -t 3600 -v 5 -e 0xff00001d https://localhost:4443/index.html
",client,quic_client_test_double_tp_error0,,"ivy_return_code(1)+assumption_failed(""quic_client_test_double_tp_error.ivy: line 502"")",/home/chris/Toward-verification-of-QUIC-extensions/installer/TVOQE/results/errors/client/local/quant-client-2/temp/444/quic_client_test_double_tp_error0.iev,0.0,0.0
877," /home/chris/TVOQE_UPGRADE_27/quic/quant/Debug/bin/client -c false -r 20 -l /home/chris/secret.log -q /home/chris/qlog_quant -t 3600 -v 5 -e 0xff00001d https://localhost:4443/index.html
",client,quic_client_test_accept_maxdata0,,,/home/chris/Toward-verification-of-QUIC-extensions/installer/TVOQE/results/errors/client/local/quant-client-2/temp/864/quic_client_test_accept_maxdata0.iev,0.0,1.0
878," /home/chris/TVOQE_UPGRADE_27/quic/quant/Debug/bin/client -c false -r 20 -l /home/chris/secret.log -q /home/chris/qlog_quant -t 3600 -v 5 -e 0xff00001d https://localhost:4443/index.html
",client,quic_client_test_double_tp_error0,,"ivy_return_code(1)+assumption_failed(""quic_client_test_double_tp_error.ivy: line 502"")",/home/chris/Toward-verification-of-QUIC-extensions/installer/TVOQE/results/errors/client/local/quant-client-2/temp/400/quic_client_test_double_tp_error0.iev,0.0,0.0
879," /home/chris/TVOQE_UPGRADE_27/quic/quant/Debug/bin/client -c false -r 20 -l /home/chris/secret.log -q /home/chris/qlog_quant -t 3600 -v 5 -e 0xff00001d https://localhost:4443/index.html
",client,quic_client_test_limit_max_error0,,"ivy_return_code(1)+assumption_failed(""quic_client_test_limit_max_error.ivy: line 504"")",/home/chris/Toward-verification-of-QUIC-extensions/installer/TVOQE/results/errors/client/local/quant-client-2/temp/1225/quic_client_test_limit_max_error0.iev,0.0,0.0
880," /home/chris/TVOQE_UPGRADE_27/quic/quant/Debug/bin/client -c false -r 20 -l /home/chris/secret.log -q /home/chris/qlog_quant -t 3600 -v 5 -e 0xff00001d https://localhost:4443/index.html
",client,quic_client_test_new_token_error0,,"ivy_return_code(1)+assumption_failed(""quic_client_test_new_token_error.ivy: line 517"")",/home/chris/Toward-verification-of-QUIC-extensions/installer/TVOQE/results/errors/client/local/quant-client-2/temp/1381/quic_client_test_new_token_error0.iev,0.0,0.0
881," /home/chris/TVOQE_UPGRADE_27/quic/quant/Debug/bin/client -c false -r 20 -l /home/chris/secret.log -q /home/chris/qlog_quant -t 3600 -v 5 -e 0xff00001d https://localhost:4443/index.html
",client,quic_client_test_unkown0,,server_return_code(1)+ivy_return_code(1),/home/chris/Toward-verification-of-QUIC-extensions/installer/TVOQE/results/errors/client/local/quant-client-2/temp/1001/quic_client_test_unkown0.iev,0.0,0.0
882," /home/chris/TVOQE_UPGRADE_27/quic/quant/Debug/bin/client -c false -r 20 -l /home/chris/secret.log -q /home/chris/qlog_quant -t 3600 -v 5 -e 0xff00001d https://localhost:4443/index.html
",client,quic_client_test_stream0,,"timeout+< undecryptable_packet_event({protocol:udp,addr:0x7f000001,port:0xa934},{protocol:udp,addr:0x7f000001,port:0x115b},[0xc9,0xff,0,0,0x1d,0x12,0x2c,0x4d,0xc3,0x74,0xcf,0xe9,0xda,0x24,0x3,0xd7,0x7b,0xf9,0x9b,0x49,0x97,0x3c,0x6b,0xf5,0x4,0x9a,0x86,0x9e,0x39,0,0x44,0x90,0xe3,0x23,0x4e,0xe0,0x84,0x61,0xc4,0xad,0xe4,0xc2,0xfa,0xa6,0xe2,0x9c,0xa6,0x28,0x3f,0xb8,0x8b,0x7d,0x96,0x75,0x4c,0xd0,0x49,0x3f,0xb,0xe1,0x55,0xd9,0xaf,0xe7,0x29,0xa3,0xe0,0x93,0x57,0x38,0x3b,0xc4,0x1,0x71,0x9a,0x7f,0x5f,0x25,0xfb,0xe0,0xdc,0x14,0x7e,0x97,0xa,0xf2,0x3c,0xb,0x52,0xac,0xd7,0xd0,0x48,0xf,0x53,0x4f,0x5a,0x24,0xe3,0x93,0xed,0xf1,0xe9,0xee,0xcf,0x9d,0x1,0xf6,0xf0,0xf4,0x38,0x76,0xbb,0x49,0xdc,0xf6,0x25,0x61,0x48,0x2d,0x62,0xa9,0x21,0xf2,0xaf,0xff,0x70,0xe2,0x31,0x78,0x58,0xc6,0x63,0x29,0xd9,0x43,0x7c,0xa5,0x9e,0x76,0x1e,0xc8,0xf8,0xf5,0x3d,0x66,0xfc,0x48,0x2,0x88,0x43,0xec,0xbd,0x7d,0x26,0x3a,0xa8,0xaf,0x6d,0x76,0x5f,0x2d,0x36,0xef,0x3c,0x47,0x26,0x9b,0xb0,0xe9,0xda,0xd9,0xb8,0xdd,0xa7,0xb2,0x4,0xfe,0x7e,0x2e,0x1c,0x5c,0x76,0xeb,0x19,0x46,0x99,0xff,0xba,0x99,0xa9,0x64,0x36,0x54,0x56,0x77,0xb5,0xdc,0xd2,0x91,0x7,0xf3,0x88,0xa4,0x59,0xbf,0x98,0xa2,0x5d,0x99,0xb0,0x9b,0x39,0x4,0x19,0x2,0xd1,0xad,0xfd,0xb5,0xc9,0x3b,0x63,0x22,0x8a,0xfd,0x52,0x47,0xd9,0x5c,0xff,0x57,0xe9,0x9f,0xe4,0x42,0xcb,0x8a,0xbd,0x16,0xda,0x85,0x2c,0x5d,0xd4,0x22,0x24,0xb6,0xb4,0x90,0xc7,0x86,0x70,0x7c,0xe0,0x51,0x25,0x1c,0xc2,0x33,0xdc,0x53,0x48,0xb5,0xd4,0xf,0xcd,0xc0,0xdc,0x42,0x60,0x59,0xe2,0x7b,0x14,0xaa,0x26,0xf9,0xc1,0x5d,0x52,0xab,0x61,0xe3,0x7c,0xcd,0x7a,0xc2,0x45,0x5f,0x35,0xf2,0x7b,0x80,0x91,0xe3,0xca,0x18,0x3c,0x80,0xa5,0x1b,0,0x31,0xc7,0x3e,0x13,0x77,0xe2,0x7f,0xfe,0x92,0x31,0xe6,0x8c,0x57,0xf1,0x3c,0xec,0x84,0x99,0x49,0x71,0x67,0xe0,0x46,0xbe,0x51,0x1a,0x7,0x5,0xe,0x6,0x12,0x48,0xda,0xaf,0xfb,0xd8,0x10,0x84,0x19,0x7b,0x5c,0xbd,0xc1,0xbd,0xfc,0xe1,0x4d,0x64,0xb3,0xef,0x1d,0x41,0xc,0xba,0xce,0xd3,0x5c,0x93,0xdb,0x94,0x2,0xd6,0xde,0xd0,0x41,0xbb,0xb1,0x29,0x30,0x84,0x4f,0x96,0x98,0x54,0xd7,0xa1,0xba,0xc0,0x60,0x79,0xe5,0xa5,0x74,0xa9,0x98,0xa6,0x97,0x3a,0x98,0xfc,0xd0,0x4b,0x50,0x1d,0x51,0xc5,0x2a,0x42,0x3,0x79,0x27,0xef,0x24,0xb6,0xb,0x12,0x7c,0x7e,0x9f,0xe6,0x13,0x1a,0x87,0xb1,0x83,0x71,0x14,0x63,0xcb,0x77,0x9b,0x86,0x88,0xd,0x8f,0x2c,0xe8,0xa0,0xc4,0x1a,0x9f,0x7f,0x6b,0x2a,0x15,0xe3,0x3,0xd5,0x5d,0xe,0xee,0x6a,0xcb,0x41,0x41,0x16,0x41,0x5f,0x10,0xa1,0x19,0x67,0xa4,0x2b,0xdb,0xdf,0xc4,0x3d,0xbf,0x7e,0x5a,0x1d,0,0xbe,0xc2,0xcb,0x7,0xbe,0x7e,0x8f,0x95,0xda,0x87,0x92,0xaf,0x5c,0xb6,0x8c,0x3c,0x32,0x2e,0x96,0xdd,0x83,0x7,0x54,0xb4,0x89,0x11,0x18,0x63,0xfb,0xe3,0xae,0xcc,0x32,0x35,0x3a,0xfe,0xd,0x4c,0x8e,0x91,0xee,0x93,0x5e,0x6b,0x1d,0x4d,0x25,0x48,0x2e,0xf8,0x1b,0x87,0x56,0x89,0x5a,0xd5,0xc9,0xc9,0x1d,0x12,0x91,0xfb,0xba,0x49,0x44,0x63,0x1a,0x96,0xdc,0xfd,0x1d,0xa,0xdd,0xac,0x3a,0xf2,0x6c,0x58,0xf7,0x3b,0x93,0xf8,0x73,0x9e,0x79,0x2a,0x48,0xd9,0xd6,0xe4,0x1a,0x64,0x98,0x43,0x79,0x36,0x88,0x40,0xa,0x2e,0x7f,0x71,0x78,0x45,0xc9,0x71,0x1b,0x9,0x73,0x59,0xa2,0xba,0x34,0xb7,0xed,0xea,0xe8,0x16,0x56,0x95,0x9a,0xa8,0x22,0xa4,0xe1,0x64,0x25,0x7b,0xf,0x50,0x9b,0x56,0x88,0x2b,0x41,0xd5,0x42,0x73,0x51,0x22,0xb7,0x9c,0x96,0x9d,0x58,0x3c,0x7f,0x14,0x15,0x35,0xd8,0x52,0x6d,0x57,0x7,0x44,0x45,0x5d,0x7,0xb0,0xee,0x9c,0x6f,0xd0,0x34,0x52,0xe7,0x81,0xe0,0x67,0x6d,0x14,0x95,0xf4,0xb,0xcf,0xe1,0x48,0x94,0xd8,0xb,0x64,0x67,0xff,0xc9,0xc,0x75,0x54,0xc9,0x98,0x9b,0x2b,0x7b,0xea,0xf1,0x85,0xc9,0xd4,0x8e,0x7,0x3a,0x47,0x50,0xc2,0x4,0x19,0xa,0x2d,0x8b,0x82,0xce,0x86,0xd5,0x3b,0x1f,0x23,0x4e,0x7e,0x76,0xda,0x5,0x14,0x56,0xe3,0x79,0x9c,0x6b,0x5,0x4f,0x1,0x4a,0x20,0x98,0xa5,0x1a,0xe7,0xee,0xb4,0x81,0x2,0x20,0xc7,0x7c,0xee,0xe4,0x31,0xe3,0xdd,0x4,0x62,0x53,0x1a,0x1a,0xab,0xe1,0xb2,0xd6,0x74,0x83,0x63,0x2,0x24,0xf6,0xb9,0x37,0x2c,0xcd,0x7,0xe3,0xb4,0x55,0x5f,0xb,0x81,0xa7,0x17,0xa,0xa4,0x2d,0x9e,0xe9,0xfd,0x4,0x31,0xbe,0xe7,0x8,0xa6,0xf1,0xf9,0x17,0xe1,0x45,0x52,0x21,0x33,0x7b,0xf5,0x47,0x6e,0xa5,0x14,0x19,0x82,0xf,0xba,0xd2,0x84,0x2a,0xb6,0x57,0xda,0x12,0x2e,0xb2,0x9b,0x39,0x33,0x3a,0x9e,0xa2,0xcc,0xa,0x9c,0xfe,0xc5,0xf3,0x46,0xc4,0x6d,0xf2,0xe7,0xbc,0x7d,0x82,0x1b,0x3,0xb,0x3e,0x9d,0x10,0xef,0x6e,0xbf,0x7c,0x7f,0x97,0x91,0xa0,0x75,0x5b,0x77,0x3,0x88,0xe,0x5,0xd0,0xfe,0x63,0x60,0xc,0x25,0xad,0xe,0x25,0x2c,0x8e,0x95,0x9b,0x4,0xce,0x3d,0x25,0x15,0x63,0x3b,0xe2,0x45,0xa0,0x92,0x5d,0xbe,0x7c,0xa,0x96,0x56,0x73,0x2e,0x85,0xd3,0xf,0x6a,0xe1,0x30,0xe6,0x59,0x4e,0x98,0x73,0xde,0x6f,0xc0,0x24,0xcb,0x82,0x36,0xdc,0xa9,0x19,0xeb,0xee,0xa5,0x28,0xa8,0x28,0x75,0xa8,0xec,0x43,0xa3,0x1a,0x52,0x19,0xfc,0xed,0x4,0x45,0x95,0x39,0x97,0xd,0xeb,0x47,0x2e,0x37,0xe4,0x8f,0xc,0xff,0xd5,0xb2,0xe,0xa7,0xc,0xcc,0x9c,0x7,0x1e,0x1,0xdc,0x6,0xe6,0x14,0x8a,0x5b,0x94,0x9f,0xe5,0x5a,0x7f,0xc8,0xb8,0x8b,0x8,0x74,0xb7,0x82,0x54,0xc0,0x90,0x90,0x57,0xc4,0x8f,0xf7,0x1f,0x9b,0x5a,0x6e,0x23,0x68,0xda,0xfe,0x9b,0x95,0x95,0xcd,0x51,0x83,0x5e,0xd6,0xa6,0x5e,0x93,0x5f,0xe8,0xdb,0xe5,0x1,0x8b,0xad,0xe7,0x3,0x32,0x88,0xd6,0x9e,0x88,0x57,0xc6,0x94,0x87,0xd2,0x7c,0x2,0xcd,0x14,0xc9,0xed,0x5f,0x19,0x50,0x8b,0x26,0x52,0xbd,0xe1,0x9,0x41,0xa4,0x74,0xca,0xa6,0x99,0x51,0xd3,0xfd,0xbf,0x25,0x18,0x57,0x9e,0x75,0x54,0x4c,0x5c,0x88,0x64,0xd0,0xca,0xca,0x18,0xa5,0x1e,0xb0,0xd,0xc0,0x90,0xa7,0x65,0x37,0x5b,0x38,0x35,0xd9,0xf6,0xea,0x5a,0x47,0x69,0xe9,0x56,0x37,0x6c,0x38,0x96,0x60,0x46,0x24,0x45,0xb4,0x40,0xf5,0xa5,0xa1,0xc6,0x14,0xd2,0x4d,0x86,0xd2,0x62,0x94,0xa9,0x75,0xe0,0x3a,0x8,0xe,0x38,0xf1,0xbb,0x97,0x37,0x63,0x9f,0xa8,0x57,0xfc,0x13,0x2a,0x6a,0x7d,0xe1,0x3d,0x2f,0x68,0x45,0x3e,0xa0,0x6d,0x1c,0x10,0x27,0x47,0xa8,0x14,0x5e,0x72,0x7,0x5e,0xd3,0x33,0x82,0x6b,0xf9,0xca,0xee,0xcd,0xae,0x10,0xf6,0x13,0xcb,0xc6,0x77,0xc6,0x73,0xb,0x15,0xa6,0xd9,0x6a,0x8c,0x2,0x7d,0x13,0xf1,0xb6,0x78,0x18,0xda,0xc2,0xfe,0x51,0x9c,0x5c,0xbd,0x45,0xe7,0x3d,0x47,0x55,0xae,0x51,0xd1,0x13,0xb0,0x58,0x51,0x23,0x64,0x8e,0x61,0xb9,0x56,0xc3,0xac,0x84,0x3b,0x19,0x7d,0x39,0x9b,0x9d,0x79,0xfc,0x4a,0x99,0xa0,0x15,0x6,0xae,0xa7,0xf1,0xaf,0x47,0x5d,0x23,0x7a,0xfb,0x6e,0xbb,0x69,0xc4,0x2f,0xb,0x5b,0xae,0xe5,0x7,0xa6,0xe2,0xe6,0xa,0x6c,0x17,0x4a,0x5a,0xa0,0x6c,0xba,0x6c,0x6f])",/home/chris/Toward-verification-of-QUIC-extensions/installer/TVOQE/results/errors/client/local/quant-client-2/temp/142/quic_client_test_stream0.iev,0.0,0.0
883," /home/chris/TVOQE_UPGRADE_27/quic/quant/Debug/bin/client -c false -r 20 -l /home/chris/secret.log -q /home/chris/qlog_quant -t 3600 -v 5 -e 0xff00001d https://localhost:4443/index.html
",client,quic_client_test_tp_error0,,"timeout+< undecryptable_packet_event({protocol:udp,addr:0x7f000001,port:0xd2ec},{protocol:udp,addr:0x7f000001,port:0x115b},[0xce,0xff,0,0,0x1d,0x14,0x80,0x8a,0xf7,0xec,0x18,0x41,0x85,0xb2,0x80,0xa7,0x4,0xda,0x77,0xb,0x5e,0x3f,0x17,0x1c,0x88,0xa9,0x4,0x88,0xaa,0x94,0x80,0,0x44,0x8e,0x4,0x2d,0x32,0x45,0x76,0xda,0xf1,0x5f,0x93,0xb5,0x53,0x68,0x97,0x46,0xad,0xf,0xce,0x4d,0xa8,0x2c,0x6f,0x50,0x99,0x44,0xac,0x59,0x65,0xa2,0xc2,0x75,0x57,0x21,0xed,0x78,0xea,0xa,0x86,0x4d,0xe6,0xde,0x47,0x1f,0x7b,0xf9,0xd7,0xfd,0x8a,0xdc,0x52,0xfc,0x36,0xf0,0x76,0x1,0x77,0x23,0x8,0xd3,0x5d,0xb4,0xfd,0xee,0x9e,0x6c,0x97,0x5f,0xb8,0x31,0x1b,0xae,0xdc,0x98,0x97,0xf2,0x82,0x45,0x3d,0x3b,0x70,0xe3,0x27,0x63,0x42,0xc4,0x84,0x16,0x4d,0x1b,0xfe,0xcc,0xe6,0x71,0xe3,0xd6,0xf7,0x59,0x57,0x69,0xeb,0xf2,0x2f,0x6a,0x55,0x52,0xa6,0xef,0x6,0x89,0xe0,0x55,0xa6,0xe6,0xd3,0xec,0x26,0x8e,0xcc,0x8,0x50,0x65,0xf2,0x40,0x45,0x9e,0x8f,0xe4,0xd,0x1b,0x84,0xa0,0xe0,0xd6,0xad,0xf5,0xce,0x25,0xe4,0xef,0xa4,0x9,0x13,0x9d,0x9c,0x55,0x48,0xb,0xd4,0xa5,0x80,0x72,0x35,0x3d,0xd8,0xbb,0x96,0x7,0xd1,0x44,0x76,0xfa,0xa2,0x21,0xc,0x74,0x87,0xcc,0xc1,0xa0,0x9d,0x2f,0x61,0xe4,0xee,0xd3,0x43,0xee,0xad,0x3c,0x5f,0xe1,0x2e,0x7b,0xf,0xaa,0xf7,0xad,0x39,0xf2,0xac,0x14,0x68,0x2d,0x91,0x1f,0x4d,0xb,0xaa,0xb1,0xa5,0x56,0xc2,0xb2,0x83,0x7d,0xd,0x89,0xd4,0x8b,0xc9,0x4e,0x8e,0x3b,0x50,0x25,0xd,0x4,0xbb,0xce,0x30,0x97,0xb6,0x37,0xaa,0x84,0x10,0x69,0x26,0xa1,0x6a,0x3a,0x3f,0x74,0x55,0xc7,0x28,0xd3,0xd,0xd,0x97,0x82,0xba,0x64,0x36,0xfb,0xa2,0x40,0x5d,0x13,0xe2,0xf6,0x1b,0x7b,0x56,0xb4,0xf,0xb6,0xf0,0x33,0xf2,0xe6,0x4e,0x5c,0x57,0x9f,0xc,0xbc,0x7d,0x4f,0x2a,0x32,0x9a,0xe9,0xfb,0xd0,0xd0,0xea,0xde,0x1b,0x66,0x90,0x16,0x7b,0x89,0xd2,0x9c,0x38,0x94,0,0x48,0x3e,0x5,0x5d,0x48,0xb,0x73,0x93,0x62,0x36,0xf,0x96,0xe,0xbb,0x5,0x67,0xb3,0x82,0x87,0x77,0xdd,0xd5,0xdd,0x85,0xa2,0x30,0x3f,0x27,0x8e,0xef,0xa3,0x2a,0xe7,0xa1,0x8,0x1e,0xd4,0x1b,0xc0,0x69,0x7f,0x90,0xb3,0xcd,0x5a,0x50,0xae,0xaf,0xf6,0xc8,0x5d,0x3a,0xec,0x41,0x80,0xd4,0xd3,0x20,0x77,0x27,0xcc,0x8d,0x64,0x5d,0x16,0xb3,0x1,0x1d,0xae,0x6,0x1e,0xa8,0x11,0x27,0xd4,0xe0,0xe6,0x9f,0xb0,0xfa,0x9f,0xcc,0x97,0xad,0x58,0x78,0x7c,0xc2,0xe9,0x88,0xc1,0x91,0x91,0x60,0x19,0x1f,0xb5,0xee,0xc3,0x21,0x3a,0x30,0x92,0x69,0x47,0x21,0x3f,0xb1,0xe,0x3c,0xa3,0xc9,0xf3,0x40,0x74,0x63,0x14,0xa7,0xbe,0xe2,0xc6,0xf9,0x54,0x46,0x38,0xb8,0xf3,0xd9,0xa8,0xeb,0xf9,0xe9,0xc8,0xa7,0xc,0x73,0xc0,0x4c,0xc9,0xad,0xd7,0x13,0xca,0x9c,0x7e,0xfa,0xc2,0x87,0xc3,0x50,0x5,0x36,0xf8,0x2a,0xe4,0x17,0xac,0xca,0x5c,0x72,0x46,0x1a,0xa4,0xa8,0x70,0x7,0xd6,0xf2,0x2,0x45,0x83,0xae,0x4b,0xf9,0xab,0x4e,0x55,0x5a,0xd7,0x6d,0x5e,0xa6,0xba,0x75,0xca,0x42,0x6a,0xf2,0xfa,0xe7,0x79,0x8d,0xb6,0xc6,0x95,0x58,0x1,0xf4,0xa2,0x57,0x78,0x51,0xae,0xe8,0x5c,0x21,0x86,0xc0,0xdc,0x88,0x8d,0xcc,0x24,0xe8,0x31,0x4c,0xaf,0xce,0x7e,0x27,0x52,0xa0,0xc4,0x29,0x71,0x30,0x13,0xd5,0xee,0x74,0x5d,0xc7,0xa8,0xf2,0xf9,0x40,0x95,0x49,0x9a,0xd9,0x49,0xef,0xaf,0x8c,0x41,0x3c,0x82,0x71,0x6a,0xf3,0xc7,0x80,0x72,0x89,0x29,0x12,0x95,0xab,0x49,0x6f,0x43,0x50,0xa8,0xff,0x44,0x2b,0xa4,0xfc,0x1f,0x2c,0x19,0xe7,0xcd,0x13,0xbf,0xc7,0xf2,0x9d,0x1e,0xc2,0x4c,0xa7,0x3c,0x74,0x88,0xf8,0x84,0xa3,0x21,0x98,0x2e,0x86,0x7a,0xb7,0x6f,0x17,0xee,0x93,0x37,0x2e,0x72,0xc0,0xb0,0x8e,0x81,0x80,0x29,0x43,0xd5,0x99,0xed,0x28,0x1f,0x40,0x43,0x86,0xb1,0x8c,0xc2,0xb5,0x7f,0xfe,0x7a,0x3,0xa1,0x61,0x46,0x34,0x7e,0x7d,0xed,0x61,0x95,0x2,0x32,0xb0,0x17,0x6a,0x64,0xb9,0x8c,0xc9,0x3a,0x27,0xad,0xd8,0xc0,0xf8,0xeb,0x8e,0x22,0x1e,0x20,0xaa,0xba,0x39,0x6d,0x4a,0xff,0,0xd0,0x3e,0x4,0xf5,0x58,0x43,0x3f,0xa,0xe9,0x76,0x29,0x6d,0x5f,0x1b,0x49,0x4,0xb8,0xe3,0x2e,0xee,0x36,0xbb,0xec,0xcc,0x22,0xb,0x78,0x7e,0x12,0x92,0xa6,0x63,0x18,0xfd,0x11,0xb3,0x31,0x8c,0x38,0x4,0xea,0xd4,0xd1,0xc,0x2e,0xf6,0x2b,0x86,0xe3,0x30,0x59,0x97,0xa,0xd6,0x86,0x2e,0xc,0xf8,0x73,0xf5,0xaa,0xf1,0xaa,0x1,0x54,0x92,0x1c,0x45,0xc2,0xb5,0xaa,0x34,0x8f,0xad,0xfa,0x6d,0xad,0xb9,0xf8,0x80,0x66,0x58,0x1d,0xb3,0x96,0x85,0xc1,0xad,0x26,0x72,0xdf,0x6,0xe6,0xac,0xa5,0x6b,0x9,0x4e,0x2b,0x79,0xfc,0x8b,0xcd,0x7a,0x56,0x95,0xa,0xbf,0x3b,0xce,0x7b,0xa5,0xa8,0x20,0xd7,0xbd,0x4d,0xf9,0xc9,0x75,0x2,0x9f,0x38,0x6f,0xcb,0xc2,0x26,0x5d,0xd3,0xfc,0x4f,0x6a,0x91,0xc4,0x97,0x9c,0x6c,0xdc,0xdf,0xd4,0xaa,0xf9,0x4e,0x93,0x25,0xf3,0x52,0x51,0x36,0x29,0x27,0x84,0x3f,0xe9,0x53,0x6,0xa9,0xd8,0xdb,0x37,0xb5,0x99,0xf2,0x50,0x3,0xac,0xb5,0x86,0xd1,0x8e,0x32,0x6c,0xa,0x45,0x9b,0x6f,0xef,0xf8,0x3e,0xe7,0x20,0xbe,0x1f,0x6c,0xe4,0x26,0xc3,0xf9,0xd5,0xed,0x43,0x1,0xa1,0x8d,0x56,0xe4,0x94,0xd5,0x68,0x19,0x60,0x8c,0xf2,0x69,0x9a,0xa3,0x34,0xf0,0xd4,0xb1,0x7c,0x49,0x26,0xbd,0x3,0x28,0x65,0xe5,0xd4,0x73,0xa1,0xf5,0xe0,0xfe,0x5a,0x89,0xd2,0xaf,0x56,0x37,0xfb,0xed,0xe9,0xae,0x64,0xcf,0x43,0x40,0x39,0x2,0x35,0x14,0xe,0xb9,0x54,0x27,0x7,0xe7,0x30,0x80,0x19,0xd4,0xd8,0x8a,0x7f,0xb0,0x9c,0x6b,0xb,0x31,0x63,0x4c,0x7f,0xbf,0x2f,0x57,0x3f,0x9a,0xcc,0x11,0x3a,0x16,0xdc,0xf4,0x34,0x64,0xb,0xba,0xb8,0xb8,0x83,0x24,0x36,0xf5,0x81,0xc0,0xdd,0x30,0x2b,0x53,0xf4,0xcc,0x8d,0xa0,0xcc,0x79,0xdd,0x70,0xbe,0x30,0x4,0xd,0x94,0x68,0x11,0xb1,0xe2,0x24,0x63,0xf,0x11,0x89,0x65,0x94,0x97,0xad,0x43,0x33,0x92,0xf0,0xbc,0x86,0xa8,0x80,0xc4,0x5b,0xaf,0x1,0x9a,0xbc,0x72,0x33,0xbd,0x91,0x1a,0xec,0x72,0x8d,0x40,0x92,0x49,0x2d,0x5,0x72,0x1c,0xd1,0xbc,0x1c,0x8a,0x90,0x6e,0xb1,0xcb,0xc8,0xe3,0x4d,0xa4,0x49,0x7b,0xc1,0xf6,0xe8,0xff,0x6f,0x93,0x17,0x63,0x31,0x4a,0x31,0x5b,0xd,0x69,0xd6,0x4f,0x54,0x5c,0x2c,0x82,0xf4,0xb6,0x1b,0x45,0xee,0xc1,0x9c,0xbd,0xd8,0x3,0xa4,0x7e,0x14,0x11,0x21,0xd7,0xc,0x45,0x3d,0x85,0xb,0x4e,0xc5,0,0x8e,0x77,0xe6,0xff,0xed,0x14,0xa2,0x7b,0xbb,0x7c,0x6a,0x6a,0x31,0xa9,0x70,0xdd,0x42,0x3b,0x39,0x11,0xe0,0x94,0x9c,0x7,0x42,0x3,0x2f,0x7c,0x5d,0x82,0xc6,0x16,0xf6,0xd0,0x79,0x62,0x4d,0x92,0x12,0x6a,0xd8,0x65,0xdc,0x5d,0xb2,0xe1,0x9c,0x78,0x3b,0xf1,0xef,0x56,0x69,0x81,0x88,0x28,0xde,0x94,0x77,0xe0,0x7,0xe9,0xcc,0x95,0x4d,0xd2,0x96,0x81,0x9b,0x5b,0x9a,0xca,0x2d,0xcc,0xad,0x6e,0x56,0,0x54,0x27,0xd6,0x31,0x6e,0x52,0xb3,0x42,0x9d,0x31,0x25,0x41,0x3b,0xa3,0xf,0xf,0x8b,0x2c,0xc0,0xe7,0xa1,0xb4,0x43,0x9f,0x39,0x89,0x8e,0x21,0xa2,0x66,0x76,0xb2,0xd2,0x35,0xab,0xd6,0xea])",/home/chris/Toward-verification-of-QUIC-extensions/installer/TVOQE/results/errors/client/local/quant-client-2/temp/375/quic_client_test_tp_error0.iev,0.0,0.0
884," /home/chris/TVOQE_UPGRADE_27/quic/quant/Debug/bin/client -c false -r 20 -l /home/chris/secret.log -q /home/chris/qlog_quant -t 3600 -v 5 -e 0xff00001d https://localhost:4443/index.html
",client,quic_client_test_tp_unkown0,,,/home/chris/Toward-verification-of-QUIC-extensions/installer/TVOQE/results/errors/client/local/quant-client-2/temp/1188/quic_client_test_tp_unkown0.iev,0.0,1.0
885," /home/chris/TVOQE_UPGRADE_27/quic/quant/Debug/bin/client -c false -r 20 -l /home/chris/secret.log -q /home/chris/qlog_quant -t 3600 -v 5 -e 0xff00001d https://localhost:4443/index.html
",client,quic_client_test_tp_error0,,server_return_code(1)+timeout,/home/chris/Toward-verification-of-QUIC-extensions/installer/TVOQE/results/errors/client/local/quant-client-2/temp/399/quic_client_test_tp_error0.iev,0.0,0.0
886," /home/chris/TVOQE_UPGRADE_27/quic/quant/Debug/bin/client -c false -r 20 -l /home/chris/secret.log -q /home/chris/qlog_quant -t 3600 -v 5 -e 0xff00001d https://localhost:4443/index.html
",client,quic_client_test_accept_maxdata0,,,/home/chris/Toward-verification-of-QUIC-extensions/installer/TVOQE/results/errors/client/local/quant-client-2/temp/882/quic_client_test_accept_maxdata0.iev,0.0,1.0
887," /home/chris/TVOQE_UPGRADE_27/quic/quant/Debug/bin/client -c false -r 20 -l /home/chris/secret.log -q /home/chris/qlog_quant -t 3600 -v 5 -e 0xff00001d https://localhost:4443/index.html
",client,quic_client_test_double_tp_error0,,server_return_code(1)+ivy_return_code(1),/home/chris/Toward-verification-of-QUIC-extensions/installer/TVOQE/results/errors/client/local/quant-client-2/temp/493/quic_client_test_double_tp_error0.iev,0.0,0.0
888," /home/chris/TVOQE_UPGRADE_27/quic/quant/Debug/bin/client -c false -r 20 -l /home/chris/secret.log -q /home/chris/qlog_quant -t 3600 -v 5 -e 0xff00001d https://localhost:4443/index.html
",client,quic_client_test_tp_error0,,server_return_code(1)+timeout,/home/chris/Toward-verification-of-QUIC-extensions/installer/TVOQE/results/errors/client/local/quant-client-2/temp/318/quic_client_test_tp_error0.iev,0.0,0.0
889," /home/chris/TVOQE_UPGRADE_27/quic/quant/Debug/bin/client -c false -r 20 -l /home/chris/secret.log -q /home/chris/qlog_quant -t 3600 -v 5 -e 0xff00001d https://localhost:4443/index.html
",client,quic_client_test_new_token_error0,,server_return_code(1)+test_completed,/home/chris/Toward-verification-of-QUIC-extensions/installer/TVOQE/results/errors/client/local/quant-client-2/temp/1396/quic_client_test_new_token_error0.iev,0.0,0.0
890," /home/chris/TVOQE_UPGRADE_27/quic/quant/Debug/bin/client -c false -r 20 -l /home/chris/secret.log -q /home/chris/qlog_quant -t 3600 -v 5 -e 0xff00001d https://localhost:4443/index.html
",client,quic_client_test_accept_maxdata0,,,/home/chris/Toward-verification-of-QUIC-extensions/installer/TVOQE/results/errors/client/local/quant-client-2/temp/898/quic_client_test_accept_maxdata0.iev,0.0,1.0
891," /home/chris/TVOQE_UPGRADE_27/quic/quant/Debug/bin/client -c false -r 20 -l /home/chris/secret.log -q /home/chris/qlog_quant -t 3600 -v 5 -e 0xff00001d https://localhost:4443/index.html
",client,quic_client_test_new_token_error0,,server_return_code(1)+test_completed,/home/chris/Toward-verification-of-QUIC-extensions/installer/TVOQE/results/errors/client/local/quant-client-2/temp/1340/quic_client_test_new_token_error0.iev,0.0,0.0
892," /home/chris/TVOQE_UPGRADE_27/quic/quant/Debug/bin/client -c false -r 20 -l /home/chris/secret.log -q /home/chris/qlog_quant -t 3600 -v 5 -e 0xff00001d https://localhost:4443/index.html
",client,quic_client_test_tp_prefadd_error0,,server_return_code(1)+ivy_return_code(1),/home/chris/Toward-verification-of-QUIC-extensions/installer/TVOQE/results/errors/client/local/quant-client-2/temp/922/quic_client_test_tp_prefadd_error0.iev,0.0,0.0
893," /home/chris/TVOQE_UPGRADE_27/quic/quant/Debug/bin/client -c false -r 20 -l /home/chris/secret.log -q /home/chris/qlog_quant -t 3600 -v 5 -e 0xff00001d https://localhost:4443/index.html
",client,quic_client_test_tp_unkown0,,"ivy_return_code(1)+assumption_failed(""quic_client_test_tp_unkown.ivy: line 515"")",/home/chris/Toward-verification-of-QUIC-extensions/installer/TVOQE/results/errors/client/local/quant-client-2/temp/1166/quic_client_test_tp_unkown0.iev,0.0,0.0
894," /home/chris/TVOQE_UPGRADE_27/quic/quant/Debug/bin/client -c false -r 20 -l /home/chris/secret.log -q /home/chris/qlog_quant -t 3600 -v 5 -e 0xff00001d https://localhost:4443/index.html
",client,quic_client_test_stream0,,,/home/chris/Toward-verification-of-QUIC-extensions/installer/TVOQE/results/errors/client/local/quant-client-2/temp/177/quic_client_test_stream0.iev,0.0,1.0
895," /home/chris/TVOQE_UPGRADE_27/quic/quant/Debug/bin/client -c false -r 20 -l /home/chris/secret.log -q /home/chris/qlog_quant -t 3600 -v 5 -e 0xff00001d https://localhost:4443/index.html
",client,quic_client_test_max0,,,/home/chris/Toward-verification-of-QUIC-extensions/installer/TVOQE/results/errors/client/local/quant-client-2/temp/9/quic_client_test_max0.iev,0.0,1.0
896," /home/chris/TVOQE_UPGRADE_27/quic/quant/Debug/bin/client -c false -r 20 -l /home/chris/secret.log -q /home/chris/qlog_quant -t 3600 -v 5 -e 0xff00001d https://localhost:4443/index.html
",client,quic_client_test_limit_max_error0,,"ivy_return_code(1)+assumption_failed(""quic_client_test_limit_max_error.ivy: line 504"")",/home/chris/Toward-verification-of-QUIC-extensions/installer/TVOQE/results/errors/client/local/quant-client-2/temp/1244/quic_client_test_limit_max_error0.iev,0.0,0.0
897," /home/chris/TVOQE_UPGRADE_27/quic/quant/Debug/bin/client -c false -r 20 -l /home/chris/secret.log -q /home/chris/qlog_quant -t 3600 -v 5 -e 0xff00001d https://localhost:4443/index.html
",client,quic_client_test_stream0,,,/home/chris/Toward-verification-of-QUIC-extensions/installer/TVOQE/results/errors/client/local/quant-client-2/temp/138/quic_client_test_stream0.iev,0.0,1.0
898," /home/chris/TVOQE_UPGRADE_27/quic/quant/Debug/bin/client -c false -r 20 -l /home/chris/secret.log -q /home/chris/qlog_quant -t 3600 -v 5 -e 0xff00001d https://localhost:4443/index.html
",client,quic_client_test_tp_prefadd_error0,,server_return_code(1)+ivy_return_code(1),/home/chris/Toward-verification-of-QUIC-extensions/installer/TVOQE/results/errors/client/local/quant-client-2/temp/931/quic_client_test_tp_prefadd_error0.iev,0.0,0.0
899," /home/chris/TVOQE_UPGRADE_27/quic/quant/Debug/bin/client -c false -r 20 -l /home/chris/secret.log -q /home/chris/qlog_quant -t 3600 -v 5 -e 0xff00001d https://localhost:4443/index.html
",client,quic_client_test_new_token_error0,,server_return_code(1)+ivy_return_code(134),/home/chris/Toward-verification-of-QUIC-extensions/installer/TVOQE/results/errors/client/local/quant-client-2/temp/1393/quic_client_test_new_token_error0.iev,0.0,0.0
900," /home/chris/TVOQE_UPGRADE_27/quic/quant/Debug/bin/client -c false -r 20 -l /home/chris/secret.log -q /home/chris/qlog_quant -t 3600 -v 5 -e 0xff00001d https://localhost:4443/index.html
",client,quic_client_test_stream0,,timeout+sending id: server addr: 2130706433 port: 42711,/home/chris/Toward-verification-of-QUIC-extensions/installer/TVOQE/results/errors/client/local/quant-client-2/temp/111/quic_client_test_stream0.iev,0.0,0.0
901," /home/chris/TVOQE_UPGRADE_27/quic/quant/Debug/bin/client -c false -r 20 -l /home/chris/secret.log -q /home/chris/qlog_quant -t 3600 -v 5 -e 0xff00001d https://localhost:4443/index.html
",client,quic_client_test_accept_maxdata0,,,/home/chris/Toward-verification-of-QUIC-extensions/installer/TVOQE/results/errors/client/local/quant-client-2/temp/809/quic_client_test_accept_maxdata0.iev,0.0,1.0
902," /home/chris/TVOQE_UPGRADE_27/quic/quant/Debug/bin/client -c false -r 20 -l /home/chris/secret.log -q /home/chris/qlog_quant -t 3600 -v 5 -e 0xff00001d https://localhost:4443/index.html
",client,quic_client_test_ext_min_ack_delay0,,,/home/chris/Toward-verification-of-QUIC-extensions/installer/TVOQE/results/errors/client/local/quant-client-2/temp/262/quic_client_test_ext_min_ack_delay0.iev,0.0,1.0
903," /home/chris/TVOQE_UPGRADE_27/quic/quant/Debug/bin/client -c false -r 20 -l /home/chris/secret.log -q /home/chris/qlog_quant -t 3600 -v 5 -e 0xff00001d https://localhost:4443/index.html
",client,quic_client_test_retirecoid_error0,,"ivy_return_code(1)+assumption_failed(""quic_client_test_retirecoid_error.ivy: line 276"")",/home/chris/Toward-verification-of-QUIC-extensions/installer/TVOQE/results/errors/client/local/quant-client-2/temp/739/quic_client_test_retirecoid_error0.iev,0.0,0.0
904," /home/chris/TVOQE_UPGRADE_27/quic/quant/Debug/bin/client -c false -r 20 -l /home/chris/secret.log -q /home/chris/qlog_quant -t 3600 -v 5 -e 0xff00001d https://localhost:4443/index.html
",client,quic_client_test_max0,,"ivy_return_code(1)+assumption_failed(""quic_client_test.ivy: line 310"")",/home/chris/Toward-verification-of-QUIC-extensions/installer/TVOQE/results/errors/client/local/quant-client-2/temp/70/quic_client_test_max0.iev,0.0,0.0
905," /home/chris/TVOQE_UPGRADE_27/quic/quant/Debug/bin/client -c false -r 20 -l /home/chris/secret.log -q /home/chris/qlog_quant -t 3600 -v 5 -e 0xff00001d https://localhost:4443/index.html
",client,quic_client_test_stream0,,"timeout+< undecryptable_packet_event({protocol:udp,addr:0x7f000001,port:0xce4a},{protocol:udp,addr:0x7f000001,port:0x115b},[0xcb,0xff,0,0,0x1d,0x12,0xf9,0x67,0xc4,0xf0,0x60,0xa7,0xb7,0xd2,0x69,0xa,0xdb,0x45,0xe1,0xe3,0x14,0x3a,0x90,0xa7,0x4,0xec,0x97,0x5b,0x86,0,0x44,0x90,0x66,0x86,0x6,0x5,0xd1,0xf,0xe1,0x88,0xa0,0x85,0x3d,0x73,0xe4,0xf9,0xf5,0xdd,0xbb,0x1b,0xbc,0xb5,0x4a,0x52,0x51,0x64,0xfe,0x11,0x16,0x88,0x86,0xc8,0x75,0xe1,0xde,0x59,0x60,0x8b,0xa1,0xc2,0x7d,0xa,0xcf,0x47,0xb5,0xa0,0xcb,0x15,0x45,0xbc,0x8,0x9e,0xcf,0xa8,0xab,0x70,0xa7,0xb7,0x68,0xbb,0x6,0xf1,0x40,0xaa,0xca,0xd2,0x76,0x23,0x33,0xe5,0x82,0x2e,0,0x15,0xb8,0xec,0x7d,0x4,0x7e,0x64,0xc4,0xcf,0x95,0x2b,0xa3,0x55,0xd8,0xf1,0xb9,0x50,0x45,0x26,0xe9,0xf1,0xc7,0x98,0x89,0xc3,0xc7,0xd2,0x48,0x8c,0x3b,0xd8,0xcd,0x3f,0xa0,0x99,0x90,0x66,0xb3,0x3d,0x7f,0xbf,0x47,0x7c,0xa8,0x9a,0x7e,0xa0,0x8b,0xad,0x6e,0xba,0xd7,0xce,0x47,0xd,0x90,0xad,0x9b,0xad,0xba,0xab,0x9b,0x73,0x9a,0xd8,0x4a,0x6e,0xd7,0x40,0x36,0xb1,0xff,0x44,0x4b,0xd1,0x9c,0xe3,0x18,0x66,0x9b,0x69,0xd6,0x37,0x31,0xeb,0x93,0xf3,0x3f,0xaa,0x1,0x29,0,0x9,0x4f,0x35,0x4d,0x50,0x6a,0xca,0xdf,0xdb,0x19,0xc0,0x27,0x92,0xc9,0xf9,0xfe,0xe8,0xc6,0x12,0x3d,0xfc,0xe8,0x3b,0x78,0x31,0x75,0xcb,0xe9,0xbe,0x23,0xc3,0x94,0xa6,0x62,0xa5,0x98,0x60,0x7f,0xd8,0x3,0xf6,0x8f,0xfe,0x32,0x26,0xa3,0xf8,0xcf,0xc5,0x68,0x60,0xbf,0xbe,0x5b,0x78,0xa4,0x76,0xb4,0x5,0xa,0x14,0x1f,0x8f,0x8,0xa5,0xb0,0xf8,0xf2,0xca,0x79,0xda,0x60,0xfc,0x8c,0xbb,0x1f,0x6f,0x6d,0x5c,0xf3,0xa5,0xd,0x68,0x38,0x11,0x1b,0x65,0x77,0x30,0xa2,0x77,0xca,0x1e,0xca,0x19,0x7e,0x63,0x6d,0xe6,0x94,0x46,0xe6,0x3,0xd9,0x83,0x37,0x1e,0x2,0x1b,0x69,0xfb,0xce,0x60,0xea,0x2a,0x84,0xc0,0x73,0xf1,0x76,0x40,0xe8,0x56,0x6f,0x20,0xdb,0xf9,0x15,0x35,0xb7,0xfd,0x24,0x54,0xca,0x37,0xc,0x64,0x8b,0xc8,0x91,0x63,0x45,0x72,0xb5,0x7f,0xc1,0xa8,0x60,0xb6,0x3d,0x73,0x46,0x9d,0xe6,0x5f,0xd1,0x22,0x49,0x6f,0xfe,0x3b,0xb5,0xec,0x8f,0xe9,0xd7,0xde,0x7f,0xc5,0xf8,0xd9,0x6,0x2f,0xb9,0x47,0xb9,0x2f,0xbb,0xd2,0xba,0xaf,0x2e,0x40,0x8f,0x82,0x40,0xfb,0xfc,0x32,0x8d,0xc3,0xea,0x58,0x38,0xe8,0x71,0x61,0xc0,0xa7,0x4e,0x45,0x4b,0x99,0x2d,0x4f,0xbd,0x24,0x9d,0x6e,0x84,0xf1,0x6a,0x1e,0xd3,0x5e,0xf1,0xff,0x39,0xf8,0x40,0xd,0x6c,0xb0,0xa9,0x4b,0x9e,0x1e,0x8f,0x5d,0xa,0xc9,0xcb,0x84,0xb,0x41,0x7d,0xe6,0xc6,0x6c,0xa3,0x35,0xd9,0xd3,0x92,0x99,0xe7,0x5a,0x2c,0xbe,0xf,0x2f,0xed,0x66,0xfb,0x76,0xf6,0xde,0xde,0xb1,0x38,0xbc,0xfe,0xcb,0x83,0xd9,0xc1,0x9c,0xb8,0x6f,0x6a,0x2d,0x3d,0x68,0x30,0xb9,0xaa,0xd5,0x5,0x4b,0x6f,0xb0,0x1d,0x2a,0x4d,0xfc,0x25,0x99,0xa2,0x57,0xf,0x37,0x63,0xa7,0x68,0xb6,0x91,0x24,0xad,0x50,0xbe,0x4,0xb1,0x16,0x25,0x74,0x33,0xe3,0xf9,0x44,0,0x63,0xe1,0xd1,0x1c,0x95,0x5f,0x3e,0x32,0x35,0x8d,0x31,0x75,0xa7,0xf,0x93,0xab,0xe4,0xe0,0x47,0xea,0xd7,0x47,0x36,0x94,0x89,0x85,0x9c,0x79,0xae,0x8b,0x75,0xdb,0xa2,0x57,0x35,0x6,0xb1,0xdc,0xe9,0xb7,0xae,0x8,0xf9,0x55,0x99,0xc6,0x55,0x4e,0x1c,0xcd,0x4d,0xc8,0x10,0x74,0xb5,0x6f,0x96,0x50,0x62,0x73,0x3f,0x34,0x49,0x3f,0xe5,0x74,0xca,0xbe,0x6f,0xf3,0x35,0xba,0xdc,0xa8,0xfd,0x64,0xa8,0x48,0x6e,0x94,0x4e,0x4,0x89,0x28,0x6c,0x1f,0xa3,0x25,0xa2,0x38,0x6f,0x78,0x93,0x2a,0x3,0xdb,0xc7,0x18,0x68,0xba,0xa7,0xc6,0x58,0x8a,0xb8,0xef,0xee,0x4f,0x3b,0xc,0xd3,0x7,0xd5,0x5,0x3e,0x86,0x93,0xa5,0x1,0x57,0x83,0xcb,0xc,0,0x6f,0x7f,0xf,0x3a,0x3a,0xc,0x97,0xda,0x4b,0xaa,0x8f,0x94,0xf8,0x1c,0x1a,0x4f,0x24,0x1b,0xe6,0x7e,0x80,0x3d,0x39,0x38,0x3f,0x17,0xed,0xd7,0x20,0x1e,0x23,0x2a,0xe9,0xda,0xb8,0x63,0x6c,0x1b,0x40,0xf8,0x16,0x4d,0x6b,0xad,0x1b,0xbb,0x24,0x4,0x91,0x9e,0x86,0xd0,0x81,0x29,0x97,0x3,0xd5,0xb7,0xae,0x43,0x4a,0xd1,0x29,0x15,0x2a,0x7f,0xf,0x85,0x4f,0xd8,0x82,0x92,0x76,0x7a,0xe8,0x85,0x73,0xf7,0x2a,0x3a,0xdb,0x50,0x7,0xf7,0x4b,0xa5,0x50,0xc1,0xf4,0x16,0xe2,0xb,0xea,0x97,0x5d,0x4f,0xb,0x53,0x6b,0x85,0x70,0xc9,0xbe,0x54,0x23,0x1d,0xc9,0xa,0x84,0xc0,0x26,0x9f,0xe8,0x1a,0xf9,0xdf,0xb8,0xb5,0x14,0x1b,0x78,0xc1,0xfb,0x90,0xae,0xc4,0xba,0xbb,0x71,0x96,0x98,0x3c,0xc9,0x49,0x60,0x97,0x59,0x48,0xe7,0xa7,0x68,0x9,0x88,0x1f,0x98,0x79,0xf0,0xb5,0x52,0x4,0x88,0x4d,0x9f,0xcc,0xdc,0xd1,0xd7,0xce,0xce,0x73,0x35,0xb6,0xca,0xdc,0x6e,0x38,0x19,0x16,0x27,0xbb,0x3,0xad,0xb9,0x81,0x79,0x20,0x3e,0xa8,0x81,0x64,0x7e,0xc3,0xb7,0xf9,0x5d,0x6c,0x5c,0xaf,0xb7,0x79,0x9e,0x67,0x4b,0x36,0xd8,0xe1,0xca,0xa7,0x55,0x59,0x77,0x1d,0xbb,0xf2,0x61,0xf4,0x8d,0x35,0xd,0xaa,0xad,0x1c,0xea,0x64,0x48,0x2a,0xe,0x68,0xb0,0x21,0x82,0xa2,0xa4,0x62,0xe2,0xa6,0xec,0xea,0xd9,0x45,0x91,0xd9,0x87,0xa9,0x78,0xb8,0xf0,0xe4,0xa0,0xa,0xb6,0xfe,0xca,0xe0,0x46,0x9d,0x87,0xd,0x6f,0x97,0x4c,0x5f,0xde,0xc7,0x48,0x5c,0x5f,0xff,0x7,0x5b,0x28,0x61,0x83,0x95,0x99,0x96,0x9c,0xbe,0xe9,0xbc,0x1d,0x26,0xa6,0x36,0xa8,0x47,0x6e,0xfd,0xfe,0x7b,0x2c,0x9c,0x14,0x72,0xcb,0xcf,0x21,0x49,0xea,0xb6,0x65,0x16,0x73,0x51,0x73,0x42,0xe2,0x21,0xf6,0x8c,0xd,0xa1,0x23,0xf1,0x55,0xf6,0x46,0x93,0x69,0x6e,0xa,0xc1,0xd1,0x36,0x50,0xaa,0xfe,0x2,0x1a,0xee,0xf4,0x49,0xe3,0xaf,0x5c,0xae,0x5e,0x1a,0xa8,0x29,0x37,0x66,0x46,0x6c,0x41,0x5f,0xcf,0xfb,0xce,0xe3,0x63,0xac,0xb4,0xf7,0x64,0xae,0xfb,0x30,0xd2,0x2a,0xaa,0xb2,0xae,0x51,0x60,0x6d,0xe5,0x4d,0xf3,0,0x96,0x12,0xbb,0x52,0xcc,0xae,0x7f,0x69,0x7f,0x6b,0x8f,0xde,0xed,0xfa,0xc2,0xc1,0xbe,0xe5,0x85,0x71,0xb3,0xe8,0x95,0x88,0xa7,0xf3,0xe3,0x30,0xda,0x9e,0xb6,0xdf,0x97,0xa2,0x92,0xc8,0x3c,0xed,0x85,0x26,0xcb,0x71,0x9e,0x3f,0xc2,0xb,0xdc,0xe2,0xb5,0xbd,0x7f,0x91,0xcc,0x9c,0x7b,0xcf,0x59,0x2e,0x12,0x8e,0x59,0x6b,0x62,0xa,0xe2,0x51,0xa9,0x9e,0x58,0x80,0xb4,0x43,0xfc,0x72,0x64,0xef,0,0xc6,0xb8,0xa1,0xc2,0x2f,0x72,0xe9,0x10,0x75,0xc2,0xe8,0x9d,0x4f,0x57,0x71,0x11,0x88,0xfa,0xb8,0xfa,0x3b,0xf0,0xe9,0xd4,0x80,0x79,0xe8,0x14,0x6f,0x3f,0x88,0x7,0x5a,0x4,0x38,0x56,0x18,0xce,0x7b,0x26,0x98,0xc5,0x5b,0x87,0xda,0x97,0xac,0x47,0xbd,0x5e,0xec,0x1c,0x7a,0x10,0xe5,0xf7,0xbe,0x5c,0x4c,0x13,0x41,0x18,0x7f,0x6,0xb7,0x91,0xaa,0x8f,0xd9,0xe4,0x5a,0x6f,0x4,0xe1,0xe2,0x5b,0xb8,0xc7,0xda,0x3f,0xb,0x5,0x4,0x6b,0x32,0xe2,0x29,0xdb,0xbf,0x83,0xb0,0x21,0xde,0xec,0x97,0x9f,0x5c,0x87,0x11,0x3b,0x29,0x55,0x6,0x99,0x10,0x3a,0x87,0xcd,0x34,0xd1,0xa8,0xbb,0x97,0x72,0x8d,0x77,0x41,0x34,0xad,0x6f,0x44,0x21,0xc,0x67,0xad,0xd4,0xdc,0xf4,0xf0,0x9a,0x10,0xf8,0x9d,0x3d])",/home/chris/Toward-verification-of-QUIC-extensions/installer/TVOQE/results/errors/client/local/quant-client-2/temp/158/quic_client_test_stream0.iev,0.0,0.0
906," /home/chris/TVOQE_UPGRADE_27/quic/quant/Debug/bin/client -c false -r 20 -l /home/chris/secret.log -q /home/chris/qlog_quant -t 3600 -v 5 -e 0xff00001d https://localhost:4443/index.html
",client,quic_client_test_tp_error0,,"timeout+< undecryptable_packet_event({protocol:udp,addr:0x7f000001,port:0x8181},{protocol:udp,addr:0x7f000001,port:0x115b},[0xc1,0xff,0,0,0x1d,0x13,0xfa,0xf8,0xe5,0xb7,0xe0,0xa8,0xbd,0x5f,0x5f,0xcc,0x75,0x28,0xf9,0x63,0x1b,0x98,0x5e,0xef,0xee,0x4,0x77,0xd4,0xe1,0x13,0,0x44,0x8f,0xc8,0xfd,0x2f,0xdf,0x57,0x7a,0xf1,0x29,0xb9,0xd6,0x71,0x57,0xd8,0x20,0x10,0xcc,0xf4,0xdc,0x7,0x92,0xc8,0x2d,0x93,0x7b,0xfc,0x6d,0x65,0x40,0x31,0xd6,0x5,0x52,0xd7,0xf8,0xbb,0xa1,0x5f,0x23,0x71,0x57,0x80,0xac,0x9c,0x73,0x71,0x4b,0xb2,0xc6,0x98,0xae,0x70,0x48,0xb6,0x82,0xc3,0x7d,0xab,0x75,0x4c,0x26,0xe7,0x1b,0xee,0x5b,0xa4,0x99,0xc0,0x24,0x41,0x3f,0x51,0xdc,0xc6,0x17,0x46,0x2e,0x51,0x1c,0xe8,0x3a,0x89,0x94,0x53,0xed,0x4f,0x88,0x39,0x15,0xe3,0xef,0x70,0x65,0xe1,0x4,0x6f,0x3f,0x41,0x7c,0x5a,0x24,0xe,0xf0,0xfb,0x14,0xb8,0xb3,0xb6,0x40,0x52,0x23,0x24,0x1,0x35,0xee,0x23,0xff,0x9b,0x61,0xb5,0xc,0x48,0x84,0xb,0xdf,0xd9,0x5,0x49,0x4c,0x2,0x2,0x91,0x4a,0xdb,0x19,0x4,0xe7,0xaf,0x35,0x85,0xa4,0xe2,0xc8,0x28,0xf9,0xd5,0x94,0xf4,0x5d,0x8e,0x7d,0x1a,0xc0,0x28,0xf0,0xd2,0x3a,0x4a,0x19,0x94,0xe8,0xc3,0xd3,0x75,0xb2,0xbc,0xb1,0x8d,0xae,0x9e,0xc5,0x30,0xa0,0x34,0x73,0x78,0xae,0x1a,0xb3,0x38,0xb,0x16,0xf1,0x25,0x2d,0x12,0x1f,0xeb,0x2c,0x29,0x60,0x5e,0xf9,0xaf,0xa5,0x2c,0xcf,0x7b,0xcb,0xf1,0x79,0x2f,0x5f,0x40,0x40,0xb5,0xa7,0xd2,0xd9,0x3c,0x94,0x19,0x42,0x87,0xff,0x23,0x68,0x2b,0xcf,0x5,0x3c,0x5c,0x84,0x3f,0x8a,0xb1,0x45,0x51,0xf6,0x73,0x6,0xb2,0xb3,0x44,0xaf,0x33,0xbf,0xa2,0x12,0xaf,0x99,0xba,0x88,0xd2,0xb2,0x59,0xd6,0xbc,0x75,0x63,0xa0,0xed,0x77,0xfe,0x4,0xe8,0x40,0x93,0,0xb4,0x17,0xc2,0xb4,0xda,0xd3,0xf1,0xae,0xff,0xdd,0xca,0xf8,0x81,0x7d,0x2f,0x39,0x6c,0xe,0x87,0x48,0x51,0xfa,0x47,0x85,0x83,0xb3,0xdf,0x1b,0x15,0xe8,0xb5,0xee,0xa2,0x26,0x37,0x4f,0xdd,0x41,0xfd,0xb6,0x1d,0xea,0x6d,0xe0,0x1f,0x80,0x97,0xcf,0x3c,0x67,0x8,0xda,0x2e,0xc2,0x8,0xdf,0x7e,0x85,0x78,0x24,0x32,0x29,0x78,0xa0,0xfd,0x3,0x93,0x78,0x64,0x52,0xf1,0x9d,0x8,0x9a,0xc3,0xfa,0x3e,0x5b,0x8c,0xe5,0x6f,0x89,0xde,0xac,0x17,0x3a,0xb4,0x85,0x18,0x1c,0x86,0x79,0xa,0x44,0xb8,0x9a,0x8,0x2a,0x79,0x9c,0xe0,0xdd,0xb9,0xf3,0x1f,0xdb,0x3d,0x21,0x7f,0xbe,0xd4,0x68,0x63,0x76,0x6,0xd5,0x4d,0xee,0x5a,0x3c,0x60,0xe7,0xff,0xea,0x2e,0x2f,0xc3,0xe5,0xf1,0x67,0xdc,0xc7,0x58,0x84,0xc0,0x36,0xeb,0xcb,0x86,0x81,0xa4,0xcd,0x84,0x1c,0xd0,0xf1,0xba,0x45,0xf8,0x85,0xc4,0xf7,0x6e,0x8f,0x71,0xeb,0xd1,0x26,0xfb,0xec,0x5c,0x82,0xda,0xb1,0xcc,0x92,0xee,0x86,0x9e,0x5,0x98,0x3d,0xc7,0xd8,0x1b,0xa6,0x94,0x16,0xd8,0x20,0xc7,0xc7,0xd8,0x6d,0x9a,0x97,0xc0,0xf5,0xd0,0xc2,0xc5,0x3b,0x77,0x7d,0x41,0x7a,0x58,0x6b,0x73,0xdf,0xa3,0xa1,0xd9,0x21,0xdb,0x6e,0xc6,0x75,0x3f,0xc3,0x51,0xbc,0x2a,0xaf,0x8e,0x76,0x33,0xff,0x87,0x9e,0xff,0xca,0x4f,0x23,0xaa,0x83,0x3b,0x45,0xa9,0x27,0x1b,0xc4,0xdd,0xc0,0xdb,0x91,0xa1,0x5d,0x24,0xde,0x23,0x9d,0xfa,0xa,0x64,0x4e,0xf9,0x87,0x10,0xf6,0xb8,0xc,0xd0,0x7a,0x84,0x7e,0xc0,0xff,0x43,0xdc,0x53,0x9a,0x20,0xb0,0x1a,0x86,0xea,0x93,0x49,0xb8,0x42,0x6b,0x87,0x1c,0x6c,0x20,0x87,0x87,0x9a,0xde,0x6f,0x65,0xcb,0xc5,0x12,0x45,0xe6,0x75,0x32,0xe7,0x56,0x27,0xb1,0xa7,0xd2,0x7b,0xdd,0xa8,0x9a,0xe4,0x1c,0xfb,0xd9,0x88,0xa1,0xe5,0x18,0xf6,0x4,0xe2,0xf3,0xa8,0xfc,0xa5,0x82,0x6f,0x9e,0x40,0xc3,0x39,0x3f,0xb3,0x9c,0x40,0x2f,0x99,0xbb,0x9a,0x2b,0xed,0x61,0xed,0x56,0xc2,0xf6,0x56,0xc5,0x72,0x5,0xb1,0xd7,0xa4,0xc7,0x21,0x2a,0xa7,0x87,0xac,0xee,0x5d,0x3,0xf6,0xf4,0x4d,0x14,0x3d,0x4b,0xb9,0x36,0x2d,0xad,0xb6,0xf9,0x94,0x66,0xca,0x19,0x83,0xc3,0x75,0xbf,0x23,0x59,0xc5,0x30,0xb3,0x89,0x5d,0xe8,0xa3,0x6e,0x34,0x35,0x1e,0x78,0xd6,0,0x89,0xd0,0x1b,0xdf,0x74,0x66,0x23,0x20,0xec,0x12,0xf6,0xc0,0xc7,0x26,0x96,0xbe,0x60,0x65,0x45,0x57,0x2e,0x34,0x89,0x34,0xea,0x2e,0xd4,0x4b,0x17,0x4,0x6b,0x7,0xfb,0xe,0x26,0x3,0x9,0xe8,0xe3,0xa0,0xc3,0xf2,0x45,0x88,0x19,0x45,0xb9,0x55,0xc0,0xc5,0xc0,0xad,0x7e,0xa8,0xd6,0xa1,0xda,0x5f,0x10,0x87,0xb4,0xac,0xa0,0x57,0x90,0x39,0x83,0xe7,0x86,0x47,0x5d,0x78,0x97,0x7a,0xce,0x7f,0x5c,0x14,0xae,0,0x66,0x87,0x8b,0x7a,0xf9,0xd6,0x9b,0x3d,0x2d,0x7b,0xc3,0xa8,0x13,0xe1,0x2f,0x32,0x17,0x5b,0xef,0x74,0x1e,0x1f,0x87,0x9,0x27,0xd6,0xad,0x68,0xa5,0xfc,0x22,0xd6,0x16,0x72,0xb8,0xac,0xb2,0x64,0x9d,0xf7,0x92,0x6c,0x4c,0xde,0x39,0xd,0x54,0x64,0x55,0x7c,0x4e,0xaa,0xfa,0x28,0x9b,0x1e,0xbe,0xf6,0x1c,0x13,0x7c,0xa8,0x36,0x77,0xef,0xe1,0x3b,0x4b,0xe3,0xff,0x8,0x18,0x8d,0x4a,0x47,0xa6,0x76,0xf0,0xd1,0xdf,0x38,0x18,0xbb,0x1b,0x81,0xfc,0x5b,0x2c,0x48,0x48,0xbc,0xf0,0x1d,0x81,0x19,0xed,0xd4,0x8d,0x26,0xfd,0xf7,0x7a,0xa4,0xb9,0xf3,0xcf,0x3f,0xa8,0xf5,0x80,0x2e,0x8d,0xa5,0x97,0x22,0xdd,0x96,0x88,0xa8,0xaa,0xcb,0xf6,0x4b,0xfa,0xaf,0x7,0xe9,0x67,0x3d,0x9,0x23,0xe8,0x5c,0xf2,0xbc,0x58,0x43,0x86,0xac,0xae,0x97,0xf0,0x8f,0xb1,0x83,0x50,0xd9,0x25,0xca,0x4,0xed,0x20,0x53,0x7c,0x14,0x3c,0x4d,0xe8,0xf8,0xf6,0x3b,0xbc,0x7b,0x9c,0xbe,0x45,0x73,0x9d,0x67,0x36,0xc6,0xaa,0x9f,0x46,0xdc,0x8e,0x6a,0xed,0x33,0xe5,0xf6,0x3,0x50,0xa3,0xe6,0x99,0xcd,0x6b,0x34,0x4e,0x42,0xd9,0xea,0xbd,0x8,0x73,0xbb,0xc9,0x8e,0x16,0xaa,0xe,0x72,0xd2,0x9f,0x10,0x9c,0x5b,0x52,0x18,0x1d,0x5a,0xbc,0x98,0x8f,0x5e,0xe6,0x9e,0x80,0x3d,0x2c,0xd8,0xa3,0x47,0x2c,0x8d,0x5e,0xb5,0x21,0xfd,0x45,0xc7,0x38,0x23,0xc6,0x75,0x96,0x69,0x74,0x9f,0xd4,0x60,0x4f,0x34,0x32,0x7b,0x21,0xe4,0x11,0x31,0xf6,0xc2,0xe6,0x8e,0x87,0x5f,0x3b,0x9a,0x65,0xbc,0x31,0x72,0xf2,0x29,0xa5,0xd0,0x94,0xcb,0x88,0xdd,0xbe,0x9a,0x19,0xf2,0x20,0x26,0xe2,0xcb,0xac,0x3e,0x93,0x9,0xf0,0x76,0xf5,0x5,0xb,0x74,0x92,0x46,0xc9,0x1b,0x64,0x49,0x46,0x66,0xd0,0xe8,0xc7,0x93,0xc9,0x69,0x9d,0x64,0x72,0x8,0xb3,0x83,0xed,0xd0,0x47,0x79,0x4,0x74,0x6e,0xca,0x83,0x5d,0x5a,0xff,0x70,0xc3,0x44,0x4c,0x77,0x5b,0x2b,0x97,0x3c,0x9b,0xee,0x7a,0xc8,0x8f,0xba,0xad,0x19,0xba,0x95,0x85,0x10,0xbb,0x92,0xf,0xfd,0x43,0xef,0xb3,0x1a,0xc7,0x49,0xa7,0xfe,0x6f,0x74,0x77,0xb,0xd1,0xaa,0x55,0x88,0xf7,0x8d,0x60,0x58,0x88,0x88,0x23,0x92,0x70,0x88,0xe3,0x6f,0x5b,0x61,0xb2,0x55,0x2d,0xd8,0xfc,0xe9,0x22,0x26,0xc5,0xbf,0xc7,0,0x6b,0x1f,0x4a,0x1d,0xc,0xb3,0xd5,0xff,0x6c,0xb5,0xcc,0xcf,0x40,0x50,0xfd,0xd6,0xf1,0x1e,0xff,0x62,0x7e,0x37,0xda,0x59,0x31,0x7,0xd7,0xb2,0x7a,0xc6,0xc7,0x6,0x1b,0xa5,0x4f,0xbb,0xfd,0xe7,0x4e,0xd0,0x52,0xd2,0xed,0xe7,0x45,0x88,0xf3,0xb9,0x73,0xd8,0x5b,0xbc,0x4a,0xaf,0xd6])",/home/chris/Toward-verification-of-QUIC-extensions/installer/TVOQE/results/errors/client/local/quant-client-2/temp/324/quic_client_test_tp_error0.iev,0.0,0.0
907," /home/chris/TVOQE_UPGRADE_27/quic/quant/Debug/bin/client -c false -r 20 -l /home/chris/secret.log -q /home/chris/qlog_quant -t 3600 -v 5 -e 0xff00001d https://localhost:4443/index.html
",client,quic_client_test_max0,,,/home/chris/Toward-verification-of-QUIC-extensions/installer/TVOQE/results/errors/client/local/quant-client-2/temp/6/quic_client_test_max0.iev,0.0,1.0
908," /home/chris/TVOQE_UPGRADE_27/quic/quant/Debug/bin/client -c false -r 20 -l /home/chris/secret.log -q /home/chris/qlog_quant -t 3600 -v 5 -e 0xff00001d https://localhost:4443/index.html
",client,quic_client_test_double_tp_error0,,server_return_code(1)+ivy_return_code(1),/home/chris/Toward-verification-of-QUIC-extensions/installer/TVOQE/results/errors/client/local/quant-client-2/temp/440/quic_client_test_double_tp_error0.iev,0.0,0.0
909," /home/chris/TVOQE_UPGRADE_27/quic/quant/Debug/bin/client -c false -r 20 -l /home/chris/secret.log -q /home/chris/qlog_quant -t 3600 -v 5 -e 0xff00001d https://localhost:4443/index.html
",client,quic_client_test_tp_acticoid_error0,,"ivy_return_code(1)+assumption_failed(""quic_client_test_tp_acticoid_error.ivy: line 515"")",/home/chris/Toward-verification-of-QUIC-extensions/installer/TVOQE/results/errors/client/local/quant-client-2/temp/579/quic_client_test_tp_acticoid_error0.iev,0.0,0.0
910," /home/chris/TVOQE_UPGRADE_27/quic/quant/Debug/bin/client -c false -r 20 -l /home/chris/secret.log -q /home/chris/qlog_quant -t 3600 -v 5 -e 0xff00001d https://localhost:4443/index.html
",client,quic_client_test_tp_error0,,"timeout+< undecryptable_packet_event({protocol:udp,addr:0x7f000001,port:0x8ad4},{protocol:udp,addr:0x7f000001,port:0x115b},[0xc8,0xff,0,0,0x1d,0x12,0xef,0x58,0xb5,0x92,0xa8,0x7f,0x47,0xc3,0x89,0xaf,0xad,0x5d,0x61,0x3d,0x35,0xfd,0x7c,0x71,0x4,0x56,0x2e,0xcb,0x68,0,0x44,0x90,0xa1,0x7b,0x1a,0xd2,0x3e,0x1d,0x79,0xea,0xe5,0xe7,0x9c,0xfd,0x90,0x25,0x1,0x74,0xa7,0x70,0x53,0x9a,0x8d,0x1b,0x49,0xfb,0x19,0x53,0x9c,0x3,0x3,0x5c,0xf7,0xbe,0x57,0x56,0x55,0xf8,0x46,0xcd,0xd1,0xee,0x3e,0x9,0xd5,0xb3,0x94,0x3a,0x46,0xd,0xbe,0x46,0xe8,0x51,0x9d,0x69,0x6d,0xa6,0xa,0xf8,0xc8,0x23,0xe2,0x84,0x64,0x60,0xa4,0x5e,0x74,0x3b,0x90,0x14,0xc7,0x97,0xdb,0x7f,0x8f,0x9c,0x52,0xc2,0x2a,0xdc,0x76,0x90,0x5c,0x1e,0x94,0x1b,0xc1,0xe6,0xcf,0xec,0x71,0xb2,0x73,0x17,0xc9,0xea,0xf5,0x4f,0x52,0x8a,0x2b,0xf8,0xdd,0x1b,0x95,0x3b,0x7,0xee,0x42,0xb2,0x31,0xe0,0x9a,0x41,0x9e,0x82,0xc1,0x7a,0x7,0xbe,0xfe,0x81,0x86,0x24,0x87,0x25,0x1d,0xa4,0x29,0xd7,0xf9,0xeb,0x7a,0x1e,0x10,0x1b,0x1e,0xa,0x5e,0xb4,0x49,0xc2,0x7f,0x1b,0xb5,0x94,0x98,0x87,0xc2,0x4,0x3f,0xb4,0x67,0xf8,0xb5,0x42,0x2e,0xc1,0x6f,0x9a,0x6f,0x76,0xc,0xbf,0xd6,0xe8,0x81,0x2f,0x2c,0x84,0xd6,0xc2,0x8f,0x2e,0x51,0x71,0xfe,0xe8,0xa3,0x26,0x3b,0x5,0x96,0x74,0xcc,0x78,0xd4,0x43,0xb6,0x16,0x6f,0x72,0x41,0x13,0xce,0xa3,0x95,0x75,0xa,0xf8,0x72,0x30,0x3c,0x67,0xb5,0x55,0x4a,0x80,0xad,0xac,0xfc,0x52,0x3a,0xd2,0xf8,0xd5,0x35,0x7c,0x2,0x43,0x4f,0x35,0x7c,0x92,0x3d,0xa0,0xbe,0xe6,0x8b,0x38,0xd8,0x5,0x21,0x18,0x48,0x81,0xb4,0xf0,0xc0,0xd1,0xb5,0x38,0x38,0x6d,0x24,0xe5,0xbc,0x7b,0x8a,0x3d,0x20,0xff,0x72,0x67,0xf8,0x21,0x7f,0xf3,0xe9,0x9b,0x8f,0,0x58,0x12,0x67,0xc6,0x8c,0xb2,0xc7,0x28,0x99,0x2e,0xa,0x7a,0x85,0x71,0xe,0x34,0xa4,0xf,0x3f,0xc7,0x99,0x37,0xd1,0xba,0xd9,0xc6,0x50,0x96,0x53,0x9d,0xca,0xb8,0x65,0x90,0x34,0x32,0x68,0,0x49,0x63,0x21,0x4c,0x1c,0xdb,0xff,0xc6,0x7b,0xfb,0x7e,0xf,0x46,0xb4,0x66,0x71,0xdc,0xfd,0x92,0xa,0x2f,0xed,0xfb,0x3a,0xb6,0xac,0xb,0xce,0x36,0xf6,0xaa,0x5f,0x7a,0x8b,0xe6,0xaa,0xa8,0x76,0x70,0xc4,0x80,0x75,0x52,0x7b,0x8b,0xf7,0xdc,0xdb,0x90,0xb7,0x4f,0x1,0x36,0x78,0xf6,0x49,0x2,0x8d,0xf9,0xde,0x6e,0xbb,0xf9,0xe3,0xcc,0x6,0xfb,0x6,0x47,0x52,0x9b,0xd6,0xeb,0x89,0x60,0xe5,0x90,0x5d,0x92,0x98,0x26,0x73,0x59,0x18,0xf6,0x67,0x59,0x7,0x29,0x88,0xc3,0xfc,0x86,0x93,0xe6,0xbd,0xc5,0x9c,0x50,0x75,0x74,0x44,0,0x4c,0x60,0x33,0xa2,0x31,0xaa,0x9e,0xf0,0x32,0xa8,0x36,0xc2,0xec,0xc,0x36,0xba,0xdc,0xaf,0xd8,0x6d,0x8b,0xc2,0x4b,0xc5,0xdc,0x60,0xe7,0x14,0xe3,0x33,0xd6,0x32,0x46,0xfc,0x18,0xeb,0x63,0xc5,0xaf,0x9f,0x52,0x9a,0xa8,0xcf,0xd0,0x42,0x48,0x98,0xb4,0x79,0xa,0x4,0x5,0x37,0x55,0x67,0xeb,0xf7,0x99,0x95,0x14,0xee,0x8f,0xd3,0x75,0xcd,0x83,0x48,0xf2,0x45,0x10,0x91,0xfa,0xd8,0x63,0x23,0x43,0x75,0x38,0xe7,0x33,0x4,0xc9,0xd2,0x2,0x8a,0x2f,0x9c,0x19,0x6d,0x91,0xf0,0x6c,0x81,0xc,0xeb,0x21,0x84,0x1c,0x2b,0xe9,0x89,0x90,0xfb,0x3c,0x2,0x58,0xc1,0xf5,0x78,0xe2,0x7f,0xe8,0x39,0x62,0xbf,0x3,0xb1,0x98,0xcf,0xde,0x4b,0x72,0x27,0x41,0x66,0x27,0xc8,0xe9,0xa6,0x41,0xdd,0x74,0xe2,0x31,0x8f,0xca,0x2e,0x11,0x64,0x3c,0xee,0x47,0xa0,0x7c,0xfb,0xb9,0xfb,0xf2,0x8,0x64,0x11,0x9d,0xfd,0xa4,0xcc,0xad,0xf4,0xa9,0x5a,0x53,0x40,0xa7,0x33,0x8d,0xa3,0x27,0xf8,0x87,0xf0,0xe,0xf7,0xf9,0xfd,0xea,0xa0,0x9a,0xf0,0x10,0x7b,0x7e,0x41,0xd6,0x40,0xc9,0x4c,0x18,0x6,0xa3,0xe5,0x43,0x16,0xb2,0x4c,0xb3,0x62,0x11,0xdf,0x85,0x9b,0xd7,0xc0,0x98,0x26,0xea,0x86,0xf1,0x18,0x10,0x36,0xc9,0xec,0x65,0xee,0x89,0x15,0xbc,0xb4,0x28,0xab,0xe7,0x5b,0xec,0x48,0xbf,0xef,0x1d,0xd2,0x35,0xdc,0x53,0x5f,0x24,0x80,0xf6,0x4d,0x5d,0x8,0x40,0xe3,0xe5,0x49,0x69,0x1b,0x1e,0xce,0x5f,0x3d,0x45,0x1,0x97,0x8b,0xac,0xf7,0x3c,0xd7,0xf7,0x24,0x9,0x11,0x1,0x63,0x75,0x6a,0xbc,0x30,0xa3,0x8c,0x7a,0x3,0x72,0xb9,0xf9,0x38,0x57,0x90,0x4c,0x62,0xaa,0x52,0x11,0x74,0xf0,0x6c,0x55,0x6d,0x6a,0x89,0xd5,0x6b,0xe5,0xad,0x9e,0x7,0x45,0x5f,0xd8,0x60,0xb2,0x1d,0xa6,0x60,0x8b,0xf5,0xca,0x3,0x68,0x1,0xc9,0xe4,0xcb,0x56,0x9c,0x16,0x5a,0xa2,0xea,0x91,0x97,0x2,0xc2,0x35,0xba,0xa4,0xb8,0x58,0x18,0x5f,0xc,0xff,0x82,0xc6,0x26,0x68,0x14,0x44,0xa7,0x1,0xce,0x39,0x23,0x9e,0x84,0x4f,0xb5,0x56,0x73,0x4f,0x3,0xe3,0x96,0x93,0x8,0x17,0x1b,0xd6,0xed,0xb5,0x42,0x20,0x9,0x14,0xc4,0x9b,0xed,0x6b,0x98,0xcd,0xd9,0x32,0xcc,0x15,0xf1,0x80,0x8,0xae,0x1c,0x67,0x43,0xd7,0xe1,0xa1,0x4a,0x21,0xb0,0xc2,0x97,0xc7,0x2a,0xae,0x47,0xe7,0xb0,0x13,0xcb,0x58,0xf3,0x62,0x56,0xf,0x45,0x21,0xc3,0x2,0xff,0x3e,0xbe,0x1f,0x16,0xcf,0x72,0xd4,0x41,0x32,0x63,0x9c,0xc,0x8d,0x49,0x4a,0x1b,0xeb,0xac,0xae,0x68,0xa3,0x93,0x14,0xc6,0xad,0x91,0x87,0xd4,0xb4,0x6b,0x2,0x18,0xd6,0x73,0x57,0x34,0xfa,0xa7,0x2f,0xe8,0x1,0x61,0x92,0x8c,0xa4,0xdf,0x47,0x2,0x66,0x52,0x44,0x8c,0x17,0xdd,0x8d,0x9f,0x59,0x72,0xb6,0xa9,0x9d,0xa9,0x80,0x4d,0xe2,0x13,0xc0,0xea,0x9b,0x24,0xb3,0x1d,0x74,0x5e,0xaa,0x13,0xe1,0x4,0x46,0x4a,0xf2,0x59,0xbe,0x8,0x94,0xc9,0x11,0x4d,0x4,0x71,0xf0,0x70,0xb3,0x25,0xb0,0x41,0x26,0xc,0xd0,0xca,0xe3,0xf4,0xa3,0xc3,0x26,0xa4,0xf4,0xc7,0xd0,0x71,0x87,0x55,0x2e,0x5e,0xff,0xd0,0xc,0xff,0xe5,0x84,0x71,0x1c,0xb2,0x3e,0x2d,0x67,0xa9,0,0xe6,0xcc,0x97,0xb8,0x7,0x5d,0x87,0x24,0x2c,0x31,0xcb,0xdb,0x8e,0xa1,0x40,0x6b,0x1d,0xbf,0x7d,0x8,0x5e,0x1b,0xa8,0xdb,0x76,0x11,0x71,0xd0,0xe,0xbb,0x4c,0xe9,0x6b,0x8f,0x4c,0x89,0x9e,0x7,0x89,0xcf,0xa3,0x59,0xf3,0x3a,0x7e,0xc7,0xff,0x91,0x3e,0xdf,0x26,0x6f,0xbc,0x9c,0x93,0x54,0xc6,0x70,0x54,0xc7,0x17,0,0x9e,0x1c,0x6e,0xd3,0x6a,0x32,0xb8,0x2b,0xe3,0x1,0xe9,0x64,0x30,0x4e,0x36,0x5c,0x28,0x30,0x2b,0x87,0x36,0x55,0x61,0xf6,0x18,0x52,0x31,0x24,0xd6,0x27,0x76,0x35,0x80,0x50,0x23,0xd7,0x48,0x3d,0xae,0xc9,0x27,0x56,0xa9,0xf9,0xfa,0x6e,0xd4,0x63,0xe4,0x26,0xdc,0x67,0x53,0xb8,0x41,0x99,0xda,0xc6,0x36,0x97,0x69,0x17,0x4,0x6,0x12,0x6e,0xc7,0x20,0x77,0x6,0xa3,0x3e,0xb,0x79,0xde,0xa5,0xa8,0x2c,0xbd,0x7c,0x32,0xf5,0x70,0xcf,0xbe,0xe6,0x8a,0xa,0x36,0x4c,0x28,0xde,0x1e,0xfd,0xb6,0xd1,0x73,0x66,0x8f,0xd0,0xe8,0x18,0xca,0x68,0x7b,0xc6,0xdb,0xba,0x70,0x16,0x5c,0xbd,0x99,0x88,0x14,0xf0,0x8,0x38,0xa6,0xa8,0x75,0x34,0xf4,0x76,0x84,0x51,0xaf,0x9a,0x78,0x11,0x1d,0xea,0x58,0x33,0x56,0x5f,0x7b,0x48,0x9d,0x24,0x3b,0xfb,0x14,0x6,0xc4,0x1,0x7c,0x87,0x78,0x94,0x70,0x1d,0xda,0x77,0x4d,0x5e,0xf6,0xac,0xd9,0xe2,0x15,0xe3,0xd0,0x25,0xaf,0x93,0x6c,0x62,0x50,0x71])",/home/chris/Toward-verification-of-QUIC-extensions/installer/TVOQE/results/errors/client/local/quant-client-2/temp/356/quic_client_test_tp_error0.iev,0.0,0.0
911," /home/chris/TVOQE_UPGRADE_27/quic/quant/Debug/bin/client -c false -r 20 -l /home/chris/secret.log -q /home/chris/qlog_quant -t 3600 -v 5 -e 0xff00001d https://localhost:4443/index.html
",client,quic_client_test_accept_maxdata0,,,/home/chris/Toward-verification-of-QUIC-extensions/installer/TVOQE/results/errors/client/local/quant-client-2/temp/833/quic_client_test_accept_maxdata0.iev,0.0,1.0
912," /home/chris/TVOQE_UPGRADE_27/quic/quant/Debug/bin/client -c false -r 20 -l /home/chris/secret.log -q /home/chris/qlog_quant -t 3600 -v 5 -e 0xff00001d https://localhost:4443/index.html
",client,quic_client_test_blocked_streams_maxstream_error0,,"ivy_return_code(1)+assumption_failed(""quic_client_test_blocked_streams_maxstream_error.ivy: line 283"")",/home/chris/Toward-verification-of-QUIC-extensions/installer/TVOQE/results/errors/client/local/quant-client-2/temp/686/quic_client_test_blocked_streams_maxstream_error0.iev,0.0,0.0
913," /home/chris/TVOQE_UPGRADE_27/quic/quant/Debug/bin/client -c false -r 20 -l /home/chris/secret.log -q /home/chris/qlog_quant -t 3600 -v 5 -e 0xff00001d https://localhost:4443/index.html
",client,quic_client_test_tp_error0,,server_return_code(1)+timeout,/home/chris/Toward-verification-of-QUIC-extensions/installer/TVOQE/results/errors/client/local/quant-client-2/temp/348/quic_client_test_tp_error0.iev,0.0,0.0
914," /home/chris/TVOQE_UPGRADE_27/quic/quant/Debug/bin/client -c false -r 20 -l /home/chris/secret.log -q /home/chris/qlog_quant -t 3600 -v 5 -e 0xff00001d https://localhost:4443/index.html
",client,quic_client_test_ext_min_ack_delay0,,,/home/chris/Toward-verification-of-QUIC-extensions/installer/TVOQE/results/errors/client/local/quant-client-2/temp/292/quic_client_test_ext_min_ack_delay0.iev,0.0,1.0
915," /home/chris/TVOQE_UPGRADE_27/quic/quant/Debug/bin/client -c false -r 20 -l /home/chris/secret.log -q /home/chris/qlog_quant -t 3600 -v 5 -e 0xff00001d https://localhost:4443/index.html
",client,quic_client_test_max0,,"ivy_return_code(1)+assumption_failed(""quic_client_test.ivy: line 310"")",/home/chris/Toward-verification-of-QUIC-extensions/installer/TVOQE/results/errors/client/local/quant-client-2/temp/25/quic_client_test_max0.iev,0.0,0.0
916," /home/chris/TVOQE_UPGRADE_27/quic/quant/Debug/bin/client -c false -r 20 -l /home/chris/secret.log -q /home/chris/qlog_quant -t 3600 -v 5 -e 0xff00001d https://localhost:4443/index.html
",client,quic_client_test_limit_max_error0,,"ivy_return_code(1)+assumption_failed(""quic_client_test_limit_max_error.ivy: line 504"")",/home/chris/Toward-verification-of-QUIC-extensions/installer/TVOQE/results/errors/client/local/quant-client-2/temp/1288/quic_client_test_limit_max_error0.iev,0.0,0.0
917," /home/chris/TVOQE_UPGRADE_27/quic/quant/Debug/bin/client -c false -r 20 -l /home/chris/secret.log -q /home/chris/qlog_quant -t 3600 -v 5 -e 0xff00001d https://localhost:4443/index.html
",client,quic_client_test_retirecoid_error0,,"ivy_return_code(1)+assumption_failed(""quic_client_test_retirecoid_error.ivy: line 276"")",/home/chris/Toward-verification-of-QUIC-extensions/installer/TVOQE/results/errors/client/local/quant-client-2/temp/769/quic_client_test_retirecoid_error0.iev,0.0,0.0
918," /home/chris/TVOQE_UPGRADE_27/quic/quant/Debug/bin/client -c false -r 20 -l /home/chris/secret.log -q /home/chris/qlog_quant -t 3600 -v 5 -e 0xff00001d https://localhost:4443/index.html
",client,quic_client_test_ext_min_ack_delay0,,,/home/chris/Toward-verification-of-QUIC-extensions/installer/TVOQE/results/errors/client/local/quant-client-2/temp/281/quic_client_test_ext_min_ack_delay0.iev,0.0,1.0
919," /home/chris/TVOQE_UPGRADE_27/quic/quant/Debug/bin/client -c false -r 20 -l /home/chris/secret.log -q /home/chris/qlog_quant -t 3600 -v 5 -e 0xff00001d https://localhost:4443/index.html
",client,quic_client_test_new_token_error0,,"ivy_return_code(1)+assumption_failed(""quic_client_test_new_token_error.ivy: line 517"")",/home/chris/Toward-verification-of-QUIC-extensions/installer/TVOQE/results/errors/client/local/quant-client-2/temp/1390/quic_client_test_new_token_error0.iev,0.0,0.0
920," /home/chris/TVOQE_UPGRADE_27/quic/quant/Debug/bin/client -c false -r 20 -l /home/chris/secret.log -q /home/chris/qlog_quant -t 3600 -v 5 -e 0xff00001d https://localhost:4443/index.html
",client,quic_client_test_accept_maxdata0,,"ivy_return_code(1)+assumption_failed(""quic_client_test.ivy: line 310"")",/home/chris/Toward-verification-of-QUIC-extensions/installer/TVOQE/results/errors/client/local/quant-client-2/temp/825/quic_client_test_accept_maxdata0.iev,0.0,0.0
921," /home/chris/TVOQE_UPGRADE_27/quic/quant/Debug/bin/client -c false -r 20 -l /home/chris/secret.log -q /home/chris/qlog_quant -t 3600 -v 5 -e 0xff00001d https://localhost:4443/index.html
",client,quic_client_test_tp_unkown0,,,/home/chris/Toward-verification-of-QUIC-extensions/installer/TVOQE/results/errors/client/local/quant-client-2/temp/1151/quic_client_test_tp_unkown0.iev,0.0,1.0
922," /home/chris/TVOQE_UPGRADE_27/quic/quant/Debug/bin/client -c false -r 20 -l /home/chris/secret.log -q /home/chris/qlog_quant -t 3600 -v 5 -e 0xff00001d https://localhost:4443/index.html
",client,quic_client_test_tp_error0,,server_return_code(1)+timeout,/home/chris/Toward-verification-of-QUIC-extensions/installer/TVOQE/results/errors/client/local/quant-client-2/temp/306/quic_client_test_tp_error0.iev,0.0,0.0
923," /home/chris/TVOQE_UPGRADE_27/quic/quant/Debug/bin/client -c false -r 20 -l /home/chris/secret.log -q /home/chris/qlog_quant -t 3600 -v 5 -e 0xff00001d https://localhost:4443/index.html
",client,quic_client_test_tp_unkown0,,,/home/chris/Toward-verification-of-QUIC-extensions/installer/TVOQE/results/errors/client/local/quant-client-2/temp/1123/quic_client_test_tp_unkown0.iev,0.0,1.0
924," /home/chris/TVOQE_UPGRADE_27/quic/quant/Debug/bin/client -c false -r 20 -l /home/chris/secret.log -q /home/chris/qlog_quant -t 3600 -v 5 -e 0xff00001d https://localhost:4443/index.html
",client,quic_client_test_limit_max_error0,,"ivy_return_code(1)+assumption_failed(""quic_client_test_limit_max_error.ivy: line 504"")",/home/chris/Toward-verification-of-QUIC-extensions/installer/TVOQE/results/errors/client/local/quant-client-2/temp/1243/quic_client_test_limit_max_error0.iev,0.0,0.0
925," /home/chris/TVOQE_UPGRADE_27/quic/quant/Debug/bin/client -c false -r 20 -l /home/chris/secret.log -q /home/chris/qlog_quant -t 3600 -v 5 -e 0xff00001d https://localhost:4443/index.html
",client,quic_client_test_limit_max_error0,,"ivy_return_code(1)+assumption_failed(""quic_client_test_limit_max_error.ivy: line 504"")",/home/chris/Toward-verification-of-QUIC-extensions/installer/TVOQE/results/errors/client/local/quant-client-2/temp/1263/quic_client_test_limit_max_error0.iev,0.0,0.0
926," /home/chris/TVOQE_UPGRADE_27/quic/quant/Debug/bin/client -c false -r 20 -l /home/chris/secret.log -q /home/chris/qlog_quant -t 3600 -v 5 -e 0xff00001d https://localhost:4443/index.html
",client,quic_client_test_tp_acticoid_error0,,,/home/chris/Toward-verification-of-QUIC-extensions/installer/TVOQE/results/errors/client/local/quant-client-2/temp/504/quic_client_test_tp_acticoid_error0.iev,0.0,1.0
927," /home/chris/TVOQE_UPGRADE_27/quic/quant/Debug/bin/client -c false -r 20 -l /home/chris/secret.log -q /home/chris/qlog_quant -t 3600 -v 5 -e 0xff00001d https://localhost:4443/index.html
",client,quic_client_test_max0,,"ivy_return_code(1)+assumption_failed(""quic_client_test.ivy: line 310"")",/home/chris/Toward-verification-of-QUIC-extensions/installer/TVOQE/results/errors/client/local/quant-client-2/temp/64/quic_client_test_max0.iev,0.0,0.0
928," /home/chris/TVOQE_UPGRADE_27/quic/quant/Debug/bin/client -c false -r 20 -l /home/chris/secret.log -q /home/chris/qlog_quant -t 3600 -v 5 -e 0xff00001d https://localhost:4443/index.html
",client,quic_client_test_limit_max_error0,,"ivy_return_code(1)+assumption_failed(""quic_client_test_limit_max_error.ivy: line 504"")",/home/chris/Toward-verification-of-QUIC-extensions/installer/TVOQE/results/errors/client/local/quant-client-2/temp/1255/quic_client_test_limit_max_error0.iev,0.0,0.0
929," /home/chris/TVOQE_UPGRADE_27/quic/quant/Debug/bin/client -c false -r 20 -l /home/chris/secret.log -q /home/chris/qlog_quant -t 3600 -v 5 -e 0xff00001d https://localhost:4443/index.html
",client,quic_client_test_tp_unkown0,,"ivy_return_code(1)+assumption_failed(""quic_client_test_tp_unkown.ivy: line 515"")",/home/chris/Toward-verification-of-QUIC-extensions/installer/TVOQE/results/errors/client/local/quant-client-2/temp/1196/quic_client_test_tp_unkown0.iev,0.0,0.0
930," /home/chris/TVOQE_UPGRADE_27/quic/quant/Debug/bin/client -c false -r 20 -l /home/chris/secret.log -q /home/chris/qlog_quant -t 3600 -v 5 -e 0xff00001d https://localhost:4443/index.html
",client,quic_client_test_ext_min_ack_delay0,,,/home/chris/Toward-verification-of-QUIC-extensions/installer/TVOQE/results/errors/client/local/quant-client-2/temp/264/quic_client_test_ext_min_ack_delay0.iev,0.0,1.0
931," /home/chris/TVOQE_UPGRADE_27/quic/quant/Debug/bin/client -c false -r 20 -l /home/chris/secret.log -q /home/chris/qlog_quant -t 3600 -v 5 -e 0xff00001d https://localhost:4443/index.html
",client,quic_client_test_retirecoid_error0,,"ivy_return_code(1)+assumption_failed(""quic_client_test_retirecoid_error.ivy: line 276"")",/home/chris/Toward-verification-of-QUIC-extensions/installer/TVOQE/results/errors/client/local/quant-client-2/temp/714/quic_client_test_retirecoid_error0.iev,0.0,0.0
932," /home/chris/TVOQE_UPGRADE_27/quic/quant/Debug/bin/client -c false -r 20 -l /home/chris/secret.log -q /home/chris/qlog_quant -t 3600 -v 5 -e 0xff00001d https://localhost:4443/index.html
",client,quic_client_test_stream0,,timeout+sending id: server addr: 2130706433 port: 44951,/home/chris/Toward-verification-of-QUIC-extensions/installer/TVOQE/results/errors/client/local/quant-client-2/temp/141/quic_client_test_stream0.iev,0.0,0.0
933," /home/chris/TVOQE_UPGRADE_27/quic/quant/Debug/bin/client -c false -r 20 -l /home/chris/secret.log -q /home/chris/qlog_quant -t 3600 -v 5 -e 0xff00001d https://localhost:4443/index.html
",client,quic_client_test_tp_prefadd_error0,,"ivy_return_code(1)+assumption_failed(""quic_client_test_tp_prefadd_error.ivy: line 518"")",/home/chris/Toward-verification-of-QUIC-extensions/installer/TVOQE/results/errors/client/local/quant-client-2/temp/967/quic_client_test_tp_prefadd_error0.iev,0.0,0.0
934," /home/chris/TVOQE_UPGRADE_27/quic/quant/Debug/bin/client -c false -r 20 -l /home/chris/secret.log -q /home/chris/qlog_quant -t 3600 -v 5 -e 0xff00001d https://localhost:4443/index.html
",client,quic_client_test_tp_prefadd_error0,,server_return_code(1)+ivy_return_code(1),/home/chris/Toward-verification-of-QUIC-extensions/installer/TVOQE/results/errors/client/local/quant-client-2/temp/975/quic_client_test_tp_prefadd_error0.iev,0.0,0.0
935," /home/chris/TVOQE_UPGRADE_27/quic/quant/Debug/bin/client -c false -r 20 -l /home/chris/secret.log -q /home/chris/qlog_quant -t 3600 -v 5 -e 0xff00001d https://localhost:4443/index.html
",client,quic_client_test_ext_min_ack_delay0,,"ivy_return_code(1)+assumption_failed(""quic_client_test_ext_min_ack_delay.ivy: line 524"")",/home/chris/Toward-verification-of-QUIC-extensions/installer/TVOQE/results/errors/client/local/quant-client-2/temp/200/quic_client_test_ext_min_ack_delay0.iev,0.0,0.0
936," /home/chris/TVOQE_UPGRADE_27/quic/quant/Debug/bin/client -c false -r 20 -l /home/chris/secret.log -q /home/chris/qlog_quant -t 3600 -v 5 -e 0xff00001d https://localhost:4443/index.html
",client,quic_client_test_max0,,"ivy_return_code(1)+assumption_failed(""quic_client_test.ivy: line 310"")",/home/chris/Toward-verification-of-QUIC-extensions/installer/TVOQE/results/errors/client/local/quant-client-2/temp/94/quic_client_test_max0.iev,0.0,0.0
937," /home/chris/TVOQE_UPGRADE_27/quic/quant/Debug/bin/client -c false -r 20 -l /home/chris/secret.log -q /home/chris/qlog_quant -t 3600 -v 5 -e 0xff00001d https://localhost:4443/index.html
",client,quic_client_test_tp_error0,,server_return_code(1)+timeout,/home/chris/Toward-verification-of-QUIC-extensions/installer/TVOQE/results/errors/client/local/quant-client-2/temp/361/quic_client_test_tp_error0.iev,0.0,0.0
938," /home/chris/TVOQE_UPGRADE_27/quic/quant/Debug/bin/client -c false -r 20 -l /home/chris/secret.log -q /home/chris/qlog_quant -t 3600 -v 5 -e 0xff00001d https://localhost:4443/index.html
",client,quic_client_test_blocked_streams_maxstream_error0,,"ivy_return_code(1)+assumption_failed(""quic_client_test_blocked_streams_maxstream_error.ivy: line 283"")",/home/chris/Toward-verification-of-QUIC-extensions/installer/TVOQE/results/errors/client/local/quant-client-2/temp/618/quic_client_test_blocked_streams_maxstream_error0.iev,0.0,0.0
939," /home/chris/TVOQE_UPGRADE_27/quic/quant/Debug/bin/client -c false -r 20 -l /home/chris/secret.log -q /home/chris/qlog_quant -t 3600 -v 5 -e 0xff00001d https://localhost:4443/index.html
",client,quic_client_test_new_token_error0,,"ivy_return_code(1)+assumption_failed(""quic_client_test_new_token_error.ivy: line 390"")",/home/chris/Toward-verification-of-QUIC-extensions/installer/TVOQE/results/errors/client/local/quant-client-2/temp/1300/quic_client_test_new_token_error0.iev,0.0,0.0
940," /home/chris/TVOQE_UPGRADE_27/quic/quant/Debug/bin/client -c false -r 20 -l /home/chris/secret.log -q /home/chris/qlog_quant -t 3600 -v 5 -e 0xff00001d https://localhost:4443/index.html
",client,quic_client_test_max0,,,/home/chris/Toward-verification-of-QUIC-extensions/installer/TVOQE/results/errors/client/local/quant-client-2/temp/96/quic_client_test_max0.iev,0.0,1.0
941," /home/chris/TVOQE_UPGRADE_27/quic/quant/Debug/bin/client -c false -r 20 -l /home/chris/secret.log -q /home/chris/qlog_quant -t 3600 -v 5 -e 0xff00001d https://localhost:4443/index.html
",client,quic_client_test_tp_unkown0,,"ivy_return_code(1)+assumption_failed(""quic_client_test_tp_unkown.ivy: line 515"")",/home/chris/Toward-verification-of-QUIC-extensions/installer/TVOQE/results/errors/client/local/quant-client-2/temp/1186/quic_client_test_tp_unkown0.iev,0.0,0.0
942," /home/chris/TVOQE_UPGRADE_27/quic/quant/Debug/bin/client -c false -r 20 -l /home/chris/secret.log -q /home/chris/qlog_quant -t 3600 -v 5 -e 0xff00001d https://localhost:4443/index.html
",client,quic_client_test_retirecoid_error0,,"ivy_return_code(1)+assumption_failed(""quic_client_test_retirecoid_error.ivy: line 276"")",/home/chris/Toward-verification-of-QUIC-extensions/installer/TVOQE/results/errors/client/local/quant-client-2/temp/746/quic_client_test_retirecoid_error0.iev,0.0,0.0
943," /home/chris/TVOQE_UPGRADE_27/quic/quant/Debug/bin/client -c false -r 20 -l /home/chris/secret.log -q /home/chris/qlog_quant -t 3600 -v 5 -e 0xff00001d https://localhost:4443/index.html
",client,quic_client_test_tp_unkown0,,"ivy_return_code(1)+assumption_failed(""quic_client_test_tp_unkown.ivy: line 515"")",/home/chris/Toward-verification-of-QUIC-extensions/installer/TVOQE/results/errors/client/local/quant-client-2/temp/1128/quic_client_test_tp_unkown0.iev,0.0,0.0
944," /home/chris/TVOQE_UPGRADE_27/quic/quant/Debug/bin/client -c false -r 20 -l /home/chris/secret.log -q /home/chris/qlog_quant -t 3600 -v 5 -e 0xff00001d https://localhost:4443/index.html
",client,quic_client_test_max0,,,/home/chris/Toward-verification-of-QUIC-extensions/installer/TVOQE/results/errors/client/local/quant-client-2/temp/17/quic_client_test_max0.iev,0.0,1.0
945," /home/chris/TVOQE_UPGRADE_27/quic/quant/Debug/bin/client -c false -r 20 -l /home/chris/secret.log -q /home/chris/qlog_quant -t 3600 -v 5 -e 0xff00001d https://localhost:4443/index.html
",client,quic_client_test_retirecoid_error0,,"ivy_return_code(1)+assumption_failed(""quic_client_test_retirecoid_error.ivy: line 276"")",/home/chris/Toward-verification-of-QUIC-extensions/installer/TVOQE/results/errors/client/local/quant-client-2/temp/704/quic_client_test_retirecoid_error0.iev,0.0,0.0
946," /home/chris/TVOQE_UPGRADE_27/quic/quant/Debug/bin/client -c false -r 20 -l /home/chris/secret.log -q /home/chris/qlog_quant -t 3600 -v 5 -e 0xff00001d https://localhost:4443/index.html
",client,quic_client_test_max0,,,/home/chris/Toward-verification-of-QUIC-extensions/installer/TVOQE/results/errors/client/local/quant-client-2/temp/67/quic_client_test_max0.iev,0.0,1.0
947," /home/chris/TVOQE_UPGRADE_27/quic/quant/Debug/bin/client -c false -r 20 -l /home/chris/secret.log -q /home/chris/qlog_quant -t 3600 -v 5 -e 0xff00001d https://localhost:4443/index.html
",client,quic_client_test_tp_prefadd_error0,,server_return_code(1)+ivy_return_code(1),/home/chris/Toward-verification-of-QUIC-extensions/installer/TVOQE/results/errors/client/local/quant-client-2/temp/907/quic_client_test_tp_prefadd_error0.iev,0.0,0.0
948," /home/chris/TVOQE_UPGRADE_27/quic/quant/Debug/bin/client -c false -r 20 -l /home/chris/secret.log -q /home/chris/qlog_quant -t 3600 -v 5 -e 0xff00001d https://localhost:4443/index.html
",client,quic_client_test_tp_error0,,server_return_code(1)+timeout,/home/chris/Toward-verification-of-QUIC-extensions/installer/TVOQE/results/errors/client/local/quant-client-2/temp/344/quic_client_test_tp_error0.iev,0.0,0.0
949," /home/chris/TVOQE_UPGRADE_27/quic/quant/Debug/bin/client -c false -r 20 -l /home/chris/secret.log -q /home/chris/qlog_quant -t 3600 -v 5 -e 0xff00001d https://localhost:4443/index.html
",client,quic_client_test_tp_prefadd_error0,,server_return_code(1)+ivy_return_code(1),/home/chris/Toward-verification-of-QUIC-extensions/installer/TVOQE/results/errors/client/local/quant-client-2/temp/919/quic_client_test_tp_prefadd_error0.iev,0.0,0.0
950," /home/chris/TVOQE_UPGRADE_27/quic/quant/Debug/bin/client -c false -r 20 -l /home/chris/secret.log -q /home/chris/qlog_quant -t 3600 -v 5 -e 0xff00001d https://localhost:4443/index.html
",client,quic_client_test_tp_acticoid_error0,,"ivy_return_code(1)+assumption_failed(""quic_client_test_tp_acticoid_error.ivy: line 515"")",/home/chris/Toward-verification-of-QUIC-extensions/installer/TVOQE/results/errors/client/local/quant-client-2/temp/582/quic_client_test_tp_acticoid_error0.iev,0.0,0.0
951," /home/chris/TVOQE_UPGRADE_27/quic/quant/Debug/bin/client -c false -r 20 -l /home/chris/secret.log -q /home/chris/qlog_quant -t 3600 -v 5 -e 0xff00001d https://localhost:4443/index.html
",client,quic_client_test_ext_min_ack_delay0,,"ivy_return_code(1)+assumption_failed(""quic_client_test_ext_min_ack_delay.ivy: line 524"")",/home/chris/Toward-verification-of-QUIC-extensions/installer/TVOQE/results/errors/client/local/quant-client-2/temp/225/quic_client_test_ext_min_ack_delay0.iev,0.0,0.0
952," /home/chris/TVOQE_UPGRADE_27/quic/quant/Debug/bin/client -c false -r 20 -l /home/chris/secret.log -q /home/chris/qlog_quant -t 3600 -v 5 -e 0xff00001d https://localhost:4443/index.html
",client,quic_client_test_blocked_streams_maxstream_error0,,"ivy_return_code(1)+assumption_failed(""quic_client_test_blocked_streams_maxstream_error.ivy: line 283"")",/home/chris/Toward-verification-of-QUIC-extensions/installer/TVOQE/results/errors/client/local/quant-client-2/temp/633/quic_client_test_blocked_streams_maxstream_error0.iev,0.0,0.0
953," /home/chris/TVOQE_UPGRADE_27/quic/quant/Debug/bin/client -c false -r 20 -l /home/chris/secret.log -q /home/chris/qlog_quant -t 3600 -v 5 -e 0xff00001d https://localhost:4443/index.html
",client,quic_client_test_tp_prefadd_error0,,server_return_code(1)+ivy_return_code(1),/home/chris/Toward-verification-of-QUIC-extensions/installer/TVOQE/results/errors/client/local/quant-client-2/temp/982/quic_client_test_tp_prefadd_error0.iev,0.0,0.0
954," /home/chris/TVOQE_UPGRADE_27/quic/quant/Debug/bin/client -c false -r 20 -l /home/chris/secret.log -q /home/chris/qlog_quant -t 3600 -v 5 -e 0xff00001d https://localhost:4443/index.html
",client,quic_client_test_tp_prefadd_error0,,server_return_code(1)+ivy_return_code(1),/home/chris/Toward-verification-of-QUIC-extensions/installer/TVOQE/results/errors/client/local/quant-client-2/temp/983/quic_client_test_tp_prefadd_error0.iev,0.0,0.0
955," /home/chris/TVOQE_UPGRADE_27/quic/quant/Debug/bin/client -c false -r 20 -l /home/chris/secret.log -q /home/chris/qlog_quant -t 3600 -v 5 -e 0xff00001d https://localhost:4443/index.html
",client,quic_client_test_retirecoid_error0,,"ivy_return_code(1)+assumption_failed(""quic_client_test_retirecoid_error.ivy: line 276"")",/home/chris/Toward-verification-of-QUIC-extensions/installer/TVOQE/results/errors/client/local/quant-client-2/temp/795/quic_client_test_retirecoid_error0.iev,0.0,0.0
956," /home/chris/TVOQE_UPGRADE_27/quic/quant/Debug/bin/client -c false -r 20 -l /home/chris/secret.log -q /home/chris/qlog_quant -t 3600 -v 5 -e 0xff00001d https://localhost:4443/index.html
",client,quic_client_test_blocked_streams_maxstream_error0,,"ivy_return_code(1)+assumption_failed(""quic_client_test_blocked_streams_maxstream_error.ivy: line 283"")",/home/chris/Toward-verification-of-QUIC-extensions/installer/TVOQE/results/errors/client/local/quant-client-2/temp/693/quic_client_test_blocked_streams_maxstream_error0.iev,0.0,0.0
957," /home/chris/TVOQE_UPGRADE_27/quic/quant/Debug/bin/client -c false -r 20 -l /home/chris/secret.log -q /home/chris/qlog_quant -t 3600 -v 5 -e 0xff00001d https://localhost:4443/index.html
",client,quic_client_test_tp_error0,,"timeout+< undecryptable_packet_event({protocol:udp,addr:0x7f000001,port:0xe55a},{protocol:udp,addr:0x7f000001,port:0x115b},[0xc2,0xff,0,0,0x1d,0x14,0x5b,0x36,0xc4,0x9c,0x24,0xa6,0xa,0xed,0x21,0xf8,0x8d,0x3a,0x4,0x40,0x26,0x1d,0xc9,0xf,0x59,0x3e,0x4,0xfb,0x5c,0x69,0xf3,0,0x44,0x8e,0x7,0x8b,0xde,0x40,0x7a,0xde,0x28,0x6d,0x26,0x3a,0xf,0x5d,0x52,0xac,0xf7,0xa8,0xb1,0xeb,0xfc,0xc8,0xc0,0x41,0xad,0x6e,0x21,0x8c,0xd8,0xd9,0x75,0xd2,0x6e,0x26,0xec,0x39,0x7e,0xc9,0x7f,0xe4,0x13,0x8,0x33,0xc9,0x41,0xcf,0x6d,0x74,0xac,0x96,0x27,0x8a,0x5e,0x4b,0x17,0x71,0x92,0xb1,0xa0,0xb6,0x4c,0,0xd0,0x9a,0xfa,0xba,0x3b,0xbd,0x11,0xfe,0x27,0x7e,0x4e,0x1e,0xc6,0x50,0x8e,0x4e,0x4,0x88,0x31,0,0xf3,0xde,0x2d,0x7e,0xd0,0xb2,0xe5,0x90,0x2f,0xe5,0xa,0xa9,0xc5,0x57,0x73,0x70,0xd3,0x68,0xc0,0x7b,0x83,0xae,0x20,0xab,0x85,0xbc,0x7b,0x77,0xe0,0xba,0x51,0xbd,0x63,0xd6,0x95,0xdc,0xf3,0xdd,0x54,0xe1,0xd9,0xf2,0xbd,0xda,0x3d,0x5c,0x4c,0xcb,0x1a,0xa,0xe5,0x26,0xe,0x58,0x3e,0xdc,0x37,0x7f,0xf4,0xf7,0xb1,0xfd,0x43,0x4e,0x2a,0xf,0xc8,0x97,0x4,0x51,0xbf,0xed,0xa9,0xb6,0xe8,0xe4,0xa3,0x64,0xe3,0x91,0xcb,0xb0,0x48,0xe,0x86,0x6f,0xb4,0x1b,0xeb,0x83,0x82,0x19,0x70,0x82,0x3c,0xed,0x92,0x8,0x41,0x73,0x20,0x66,0x16,0x2a,0xd7,0x39,0xa,0xc0,0x53,0x1c,0x6e,0x97,0x9e,0xd4,0xdd,0x47,0x71,0x1f,0xa3,0xaa,0x66,0x3c,0x51,0x5a,0xd7,0x15,0xa9,0xf4,0xb7,0xc2,0x2a,0x93,0x9f,0xfa,0x85,0x49,0xbe,0xe1,0x18,0xd6,0x8f,0x49,0xd8,0x72,0xd3,0x7f,0x2f,0xf2,0x1,0xd5,0xef,0x25,0x7f,0x8a,0x62,0x6c,0xb3,0x7f,0x92,0xc5,0x47,0xf3,0xbf,0xae,0x33,0x57,0xb9,0x9e,0x6a,0x96,0xc3,0x65,0xb6,0x1e,0x6d,0x5d,0x4e,0x2d,0xe5,0x45,0x64,0x62,0xc5,0xf7,0x11,0x5a,0xa1,0xf7,0x39,0x97,0xe1,0x8c,0x1f,0xd0,0x17,0x94,0xf5,0xd5,0xe,0xa4,0x13,0x9c,0x46,0x50,0xb5,0xf3,0x5c,0xc9,0xf9,0x86,0xc6,0xa4,0x71,0x23,0x76,0x26,0xd1,0x66,0x71,0xc8,0x4,0x6b,0x86,0xd1,0xc2,0xc3,0x8,0x69,0xb0,0x9c,0xa0,0x5e,0xd6,0xdb,0x5b,0xd6,0xb8,0x82,0x76,0xa3,0x60,0x25,0xff,0x7d,0xf4,0xbe,0x9f,0xfa,0x34,0x58,0x37,0xe0,0x98,0x43,0xff,0xa3,0xa4,0xcb,0x26,0x65,0x1e,0x3a,0xb,0x43,0x9f,0xe1,0xa1,0xde,0x53,0x61,0xb4,0x3c,0,0xb7,0xe4,0x67,0xf8,0x67,0x10,0x31,0x37,0xc,0x59,0x3f,0x25,0xb3,0xf1,0x3e,0x1,0xed,0x6f,0x52,0xa1,0x8f,0xcb,0x1,0x67,0x54,0xc7,0x2d,0xeb,0xe4,0xe8,0x55,0xd1,0x34,0xd6,0x88,0x83,0xfb,0xb2,0x7e,0xee,0x8b,0x47,0xa3,0x4d,0x9c,0x1d,0xf9,0x7d,0x79,0x4a,0x8d,0x71,0x21,0x83,0x64,0x6e,0x47,0xae,0x79,0x71,0xe5,0xa2,0xd3,0x6d,0x82,0xc6,0x33,0x17,0xe2,0x6b,0xb1,0xa1,0x58,0x7b,0x62,0xb7,0x3d,0x4,0x96,0xb5,0xc1,0x3e,0xcb,0x4b,0x1f,0xaf,0xf2,0xe9,0x79,0xfa,0x37,0x5f,0x75,0x74,0x7d,0xfd,0x50,0x31,0x4f,0xd5,0xcb,0xcc,0xe0,0x8d,0xaa,0x92,0x2c,0x13,0xa6,0x50,0x97,0x6d,0xb1,0x28,0x31,0x24,0x13,0xb2,0xf2,0x1a,0xdf,0x95,0x2a,0x28,0xfb,0x99,0x4,0xe4,0xb,0x24,0xef,0x28,0xbd,0x5b,0x3e,0x16,0xeb,0xd0,0x23,0x8b,0x76,0xe7,0xec,0x85,0x91,0x62,0xc5,0x8,0x1a,0xbf,0x3e,0xcc,0x88,0x84,0xc3,0xad,0x6c,0x8b,0x27,0x7e,0x1c,0x34,0x97,0x14,0xc5,0x2b,0x87,0x5a,0xbb,0x2a,0x7f,0x96,0x55,0xa,0x61,0x92,0x9d,0x4a,0xdd,0x7c,0x44,0x8e,0x47,0xad,0x55,0xb,0x3f,0xc,0xbc,0x7,0xe,0x8d,0x2f,0x52,0xf6,0xa3,0xbb,0xc4,0xc9,0xc,0x6,0x46,0x67,0x37,0x87,0x66,0x3b,0xb0,0x2c,0xbf,0x44,0xa0,0xa,0xf4,0x15,0xeb,0xcf,0x34,0xa2,0xda,0xbc,0xb,0xf8,0x66,0x27,0x8f,0x4b,0x4f,0x81,0x24,0xae,0x68,0x12,0x5e,0xfd,0x2e,0x16,0xf6,0x6e,0x5d,0xc7,0xcc,0x71,0x5,0x96,0xf1,0x11,0xd5,0x8c,0x23,0xf0,0xb8,0x43,0xc1,0x8f,0x67,0x67,0x84,0xd1,0xaa,0x23,0x43,0x6b,0xd8,0x31,0x20,0xf1,0x20,0x2d,0xd5,0xe4,0xf1,0x6d,0x40,0x8b,0xd7,0x9,0x2f,0x1b,0xf7,0x58,0xd5,0x8b,0xfd,0x10,0x6d,0x9,0xd7,0x79,0x28,0x3b,0xa5,0xa0,0x1d,0xdd,0x3f,0x46,0x47,0xb0,0xb0,0x13,0xdf,0xba,0x5a,0xab,0x21,0xb5,0x3c,0xc9,0xc7,0x8b,0x5b,0xa4,0x18,0x22,0x37,0xb7,0x7a,0x29,0xfe,0xf2,0x39,0x4a,0x6f,0xaf,0x12,0x5a,0x65,0x7f,0x6b,0x15,0x4f,0x36,0x35,0x98,0x9c,0x7f,0xe1,0xa2,0xf4,0x86,0x6a,0xa8,0xd7,0xcb,0x2d,0xb1,0x89,0xfc,0x7d,0xc2,0x23,0x8f,0xfc,0xaa,0x58,0x79,0x28,0x91,0x3b,0x18,0x8d,0x11,0xa9,0x79,0xc2,0x95,0xf6,0x5d,0x33,0x13,0xef,0xbd,0x81,0xad,0xe8,0x2c,0x77,0x53,0x69,0xa5,0x47,0xd6,0xff,0x9d,0xe3,0x4e,0xcf,0x27,0x32,0xe3,0xdd,0xe0,0x20,0x9a,0xa9,0xd3,0x9b,0x54,0xf0,0xe0,0xaf,0xe9,0x37,0xd2,0xac,0x6e,0xcc,0x9c,0xba,0xfa,0x3c,0xd2,0xdf,0x40,0x7b,0x51,0x5e,0xb0,0x1d,0xc6,0x16,0x84,0x20,0xe7,0xfe,0x63,0xf4,0x4a,0xa4,0xb0,0xc5,0x82,0x27,0xee,0x61,0xa5,0x5,0xea,0x9f,0x54,0xcb,0xaa,0x74,0x37,0x5d,0x3,0xf0,0x5a,0x55,0xbf,0xd2,0x6c,0xf1,0x68,0x33,0x94,0x63,0x9e,0xd,0xab,0x76,0xc6,0x96,0xaa,0x10,0x20,0x36,0x4a,0xef,0x53,0x8f,0x1a,0xca,0x4c,0xea,0xd,0x1b,0xe,0xf3,0xfa,0x24,0x80,0xe,0x7b,0x5d,0xf0,0x9,0x86,0x18,0xf5,0xd2,0xd0,0xf3,0xa6,0x39,0x36,0xdf,0xac,0x3c,0xb3,0xc9,0x63,0x2b,0x8f,0xaa,0x58,0x88,0x4,0xff,0xf1,0x5d,0x19,0x51,0x67,0x55,0x60,0xe1,0x74,0x23,0x67,0x4f,0xd7,0x8e,0xe6,0xcd,0xd9,0x96,0x7b,0x14,0xcf,0xbe,0x2a,0xeb,0xf5,0xd5,0x6d,0xf8,0xaa,0x4d,0x38,0xb6,0x5b,0xd5,0xeb,0x5c,0x20,0x1b,0xba,0x79,0x12,0xdf,0x1d,0x81,0xd6,0x50,0x1e,0xd8,0x5f,0xf0,0x29,0x4,0xd1,0x9d,0x67,0xf8,0x75,0xbd,0xd4,0xf9,0x43,0x60,0xeb,0x2c,0x17,0xc2,0x7a,0x65,0x33,0x30,0x4c,0x8e,0xa9,0x84,0xcc,0xce,0xbc,0x76,0xdb,0xce,0x33,0xa7,0xe2,0x48,0x7,0x91,0x70,0xe0,0x30,0xce,0xb6,0x3a,0x7,0x7,0x7b,0x74,0x99,0xb0,0x95,0x34,0xb,0xa9,0xc,0xbf,0x50,0x1b,0x54,0xdd,0xbb,0x30,0xa8,0x1b,0x2c,0xb6,0x12,0x1f,0x62,0x18,0x18,0x27,0x62,0x1a,0x57,0x5a,0x28,0x74,0x80,0x61,0xa0,0x1c,0xff,0xb5,0xeb,0x6,0xd2,0x28,0x6d,0x4a,0x1f,0x46,0x21,0x18,0x24,0xd,0x4b,0x27,0x1c,0x85,0xf3,0x7c,0x4d,0x59,0x78,0x8f,0x75,0x1c,0xf3,0,0x97,0xe3,0x59,0x81,0x8d,0x2b,0x7a,0xa6,0x25,0xa7,0x26,0x2a,0xc0,0x6c,0xa2,0xf,0xc6,0x1e,0x9a,0x7b,0xf6,0xb5,0x28,0xe0,0xc6,0x17,0x68,0x1c,0x3c,0xe8,0x15,0x98,0xdd,0x36,0xe2,0x14,0xc,0xb7,0x67,0x72,0xf8,0xed,0x86,0x9e,0x29,0x1c,0x47,0x51,0x4f,0xb9,0xd,0x13,0xe9,0x52,0x7b,0xec,0x94,0x2,0x2a,0x2e,0x82,0x24,0x76,0xd4,0xf8,0x62,0x45,0x76,0x72,0x7e,0x4a,0xf,0xef,0x23,0x9a,0xf6,0x4a,0x50,0x45,0xcb,0x43,0xe9,0x27,0xd4,0x3e,0xbf,0x3c,0x6c,0x6c,0xf5,0x3d,0x39,0x1b,0x38,0x9a,0xb6,0x4f,0x63,0x99,0x96,0xf0,0x9f,0xf1,0x8f,0x94,0x4,0xda,0xb1,0xef,0xb8,0x93,0x7b,0x93,0xf2,0x90,0x69,0x4,0x39,0x98,0x8,0x81,0xf0,0xca,0x1e,0x9a,0xf0,0xb2,0xa3,0xbf,0x27,0xef,0x8b,0x1a,0xc9,0x78,0x6,0x23,0x76,0x40,0x3d,0x90,0xaf,0x5,0xfb,0x52])",/home/chris/Toward-verification-of-QUIC-extensions/installer/TVOQE/results/errors/client/local/quant-client-2/temp/388/quic_client_test_tp_error0.iev,0.0,0.0
958," /home/chris/TVOQE_UPGRADE_27/quic/quant/Debug/bin/client -c false -r 20 -l /home/chris/secret.log -q /home/chris/qlog_quant -t 3600 -v 5 -e 0xff00001d https://localhost:4443/index.html
",client,quic_client_test_blocked_streams_maxstream_error0,,"ivy_return_code(1)+assumption_failed(""quic_client_test_blocked_streams_maxstream_error.ivy: line 283"")",/home/chris/Toward-verification-of-QUIC-extensions/installer/TVOQE/results/errors/client/local/quant-client-2/temp/691/quic_client_test_blocked_streams_maxstream_error0.iev,0.0,0.0
959," /home/chris/TVOQE_UPGRADE_27/quic/quant/Debug/bin/client -c false -r 20 -l /home/chris/secret.log -q /home/chris/qlog_quant -t 3600 -v 5 -e 0xff00001d https://localhost:4443/index.html
",client,quic_client_test_limit_max_error0,,"ivy_return_code(1)+assumption_failed(""quic_client_test_limit_max_error.ivy: line 504"")",/home/chris/Toward-verification-of-QUIC-extensions/installer/TVOQE/results/errors/client/local/quant-client-2/temp/1291/quic_client_test_limit_max_error0.iev,0.0,0.0
960," /home/chris/TVOQE_UPGRADE_27/quic/quant/Debug/bin/client -c false -r 20 -l /home/chris/secret.log -q /home/chris/qlog_quant -t 3600 -v 5 -e 0xff00001d https://localhost:4443/index.html
",client,quic_client_test_unkown0,,server_return_code(1)+ivy_return_code(1),/home/chris/Toward-verification-of-QUIC-extensions/installer/TVOQE/results/errors/client/local/quant-client-2/temp/1084/quic_client_test_unkown0.iev,0.0,0.0
961," /home/chris/TVOQE_UPGRADE_27/quic/quant/Debug/bin/client -c false -r 20 -l /home/chris/secret.log -q /home/chris/qlog_quant -t 3600 -v 5 -e 0xff00001d https://localhost:4443/index.html
",client,quic_client_test_accept_maxdata0,,"ivy_return_code(1)+assumption_failed(""quic_client_test.ivy: line 310"")",/home/chris/Toward-verification-of-QUIC-extensions/installer/TVOQE/results/errors/client/local/quant-client-2/temp/815/quic_client_test_accept_maxdata0.iev,0.0,0.0
962," /home/chris/TVOQE_UPGRADE_27/quic/quant/Debug/bin/client -c false -r 20 -l /home/chris/secret.log -q /home/chris/qlog_quant -t 3600 -v 5 -e 0xff00001d https://localhost:4443/index.html
",client,quic_client_test_tp_acticoid_error0,,"ivy_return_code(1)+assumption_failed(""quic_client_test_tp_acticoid_error.ivy: line 515"")",/home/chris/Toward-verification-of-QUIC-extensions/installer/TVOQE/results/errors/client/local/quant-client-2/temp/557/quic_client_test_tp_acticoid_error0.iev,0.0,0.0
963," /home/chris/TVOQE_UPGRADE_27/quic/quant/Debug/bin/client -c false -r 20 -l /home/chris/secret.log -q /home/chris/qlog_quant -t 3600 -v 5 -e 0xff00001d https://localhost:4443/index.html
",client,quic_client_test_unkown0,,"ivy_return_code(1)+assumption_failed(""quic_client_test_unkown.ivy: line 513"")",/home/chris/Toward-verification-of-QUIC-extensions/installer/TVOQE/results/errors/client/local/quant-client-2/temp/1074/quic_client_test_unkown0.iev,0.0,0.0
964," /home/chris/TVOQE_UPGRADE_27/quic/quant/Debug/bin/client -c false -r 20 -l /home/chris/secret.log -q /home/chris/qlog_quant -t 3600 -v 5 -e 0xff00001d https://localhost:4443/index.html
",client,quic_client_test_max0,,,/home/chris/Toward-verification-of-QUIC-extensions/installer/TVOQE/results/errors/client/local/quant-client-2/temp/20/quic_client_test_max0.iev,0.0,1.0
965," /home/chris/TVOQE_UPGRADE_27/quic/quant/Debug/bin/client -c false -r 20 -l /home/chris/secret.log -q /home/chris/qlog_quant -t 3600 -v 5 -e 0xff00001d https://localhost:4443/index.html
",client,quic_client_test_double_tp_error0,,server_return_code(1)+ivy_return_code(1),/home/chris/Toward-verification-of-QUIC-extensions/installer/TVOQE/results/errors/client/local/quant-client-2/temp/404/quic_client_test_double_tp_error0.iev,0.0,0.0
966," /home/chris/TVOQE_UPGRADE_27/quic/quant/Debug/bin/client -c false -r 20 -l /home/chris/secret.log -q /home/chris/qlog_quant -t 3600 -v 5 -e 0xff00001d https://localhost:4443/index.html
",client,quic_client_test_retirecoid_error0,,"ivy_return_code(1)+assumption_failed(""quic_client_test_retirecoid_error.ivy: line 276"")",/home/chris/Toward-verification-of-QUIC-extensions/installer/TVOQE/results/errors/client/local/quant-client-2/temp/789/quic_client_test_retirecoid_error0.iev,0.0,0.0
967," /home/chris/TVOQE_UPGRADE_27/quic/quant/Debug/bin/client -c false -r 20 -l /home/chris/secret.log -q /home/chris/qlog_quant -t 3600 -v 5 -e 0xff00001d https://localhost:4443/index.html
",client,quic_client_test_tp_prefadd_error0,,server_return_code(1)+ivy_return_code(1),/home/chris/Toward-verification-of-QUIC-extensions/installer/TVOQE/results/errors/client/local/quant-client-2/temp/905/quic_client_test_tp_prefadd_error0.iev,0.0,0.0
968," /home/chris/TVOQE_UPGRADE_27/quic/quant/Debug/bin/client -c false -r 20 -l /home/chris/secret.log -q /home/chris/qlog_quant -t 3600 -v 5 -e 0xff00001d https://localhost:4443/index.html
",client,quic_client_test_new_token_error0,,ivy_return_code(134)+ivy_binary_deser_128 getn deser_err,/home/chris/Toward-verification-of-QUIC-extensions/installer/TVOQE/results/errors/client/local/quant-client-2/temp/1306/quic_client_test_new_token_error0.iev,0.0,0.0
969," /home/chris/TVOQE_UPGRADE_27/quic/quant/Debug/bin/client -c false -r 20 -l /home/chris/secret.log -q /home/chris/qlog_quant -t 3600 -v 5 -e 0xff00001d https://localhost:4443/index.html
",client,quic_client_test_tp_error0,,server_return_code(1)+timeout,/home/chris/Toward-verification-of-QUIC-extensions/installer/TVOQE/results/errors/client/local/quant-client-2/temp/305/quic_client_test_tp_error0.iev,0.0,0.0
970," /home/chris/TVOQE_UPGRADE_27/quic/quant/Debug/bin/client -c false -r 20 -l /home/chris/secret.log -q /home/chris/qlog_quant -t 3600 -v 5 -e 0xff00001d https://localhost:4443/index.html
",client,quic_client_test_stream0,,,/home/chris/Toward-verification-of-QUIC-extensions/installer/TVOQE/results/errors/client/local/quant-client-2/temp/119/quic_client_test_stream0.iev,0.0,1.0
971," /home/chris/TVOQE_UPGRADE_27/quic/quant/Debug/bin/client -c false -r 20 -l /home/chris/secret.log -q /home/chris/qlog_quant -t 3600 -v 5 -e 0xff00001d https://localhost:4443/index.html
",client,quic_client_test_accept_maxdata0,,"ivy_return_code(1)+assumption_failed(""quic_client_test.ivy: line 310"")",/home/chris/Toward-verification-of-QUIC-extensions/installer/TVOQE/results/errors/client/local/quant-client-2/temp/874/quic_client_test_accept_maxdata0.iev,0.0,0.0
972," /home/chris/TVOQE_UPGRADE_27/quic/quant/Debug/bin/client -c false -r 20 -l /home/chris/secret.log -q /home/chris/qlog_quant -t 3600 -v 5 -e 0xff00001d https://localhost:4443/index.html
",client,quic_client_test_stream0,,timeout+sending id: server addr: 2130706433 port: 58341,/home/chris/Toward-verification-of-QUIC-extensions/installer/TVOQE/results/errors/client/local/quant-client-2/temp/124/quic_client_test_stream0.iev,0.0,0.0
973," /home/chris/TVOQE_UPGRADE_27/quic/quant/Debug/bin/client -c false -r 20 -l /home/chris/secret.log -q /home/chris/qlog_quant -t 3600 -v 5 -e 0xff00001d https://localhost:4443/index.html
",client,quic_client_test_double_tp_error0,,server_return_code(1)+ivy_return_code(1),/home/chris/Toward-verification-of-QUIC-extensions/installer/TVOQE/results/errors/client/local/quant-client-2/temp/462/quic_client_test_double_tp_error0.iev,0.0,0.0
974," /home/chris/TVOQE_UPGRADE_27/quic/quant/Debug/bin/client -c false -r 20 -l /home/chris/secret.log -q /home/chris/qlog_quant -t 3600 -v 5 -e 0xff00001d https://localhost:4443/index.html
",client,quic_client_test_accept_maxdata0,,,/home/chris/Toward-verification-of-QUIC-extensions/installer/TVOQE/results/errors/client/local/quant-client-2/temp/820/quic_client_test_accept_maxdata0.iev,0.0,1.0
975," /home/chris/TVOQE_UPGRADE_27/quic/quant/Debug/bin/client -c false -r 20 -l /home/chris/secret.log -q /home/chris/qlog_quant -t 3600 -v 5 -e 0xff00001d https://localhost:4443/index.html
",client,quic_client_test_limit_max_error0,,"ivy_return_code(1)+assumption_failed(""quic_client_test_limit_max_error.ivy: line 504"")",/home/chris/Toward-verification-of-QUIC-extensions/installer/TVOQE/results/errors/client/local/quant-client-2/temp/1246/quic_client_test_limit_max_error0.iev,0.0,0.0
976," /home/chris/TVOQE_UPGRADE_27/quic/quant/Debug/bin/client -c false -r 20 -l /home/chris/secret.log -q /home/chris/qlog_quant -t 3600 -v 5 -e 0xff00001d https://localhost:4443/index.html
",client,quic_client_test_new_token_error0,,"ivy_return_code(1)+assumption_failed(""quic_client_test_new_token_error.ivy: line 517"")",/home/chris/Toward-verification-of-QUIC-extensions/installer/TVOQE/results/errors/client/local/quant-client-2/temp/1354/quic_client_test_new_token_error0.iev,0.0,0.0
977," /home/chris/TVOQE_UPGRADE_27/quic/quant/Debug/bin/client -c false -r 20 -l /home/chris/secret.log -q /home/chris/qlog_quant -t 3600 -v 5 -e 0xff00001d https://localhost:4443/index.html
",client,quic_client_test_tp_error0,,server_return_code(1)+timeout,/home/chris/Toward-verification-of-QUIC-extensions/installer/TVOQE/results/errors/client/local/quant-client-2/temp/367/quic_client_test_tp_error0.iev,0.0,0.0
978," /home/chris/TVOQE_UPGRADE_27/quic/quant/Debug/bin/client -c false -r 20 -l /home/chris/secret.log -q /home/chris/qlog_quant -t 3600 -v 5 -e 0xff00001d https://localhost:4443/index.html
",client,quic_client_test_double_tp_error0,,server_return_code(1)+ivy_return_code(1),/home/chris/Toward-verification-of-QUIC-extensions/installer/TVOQE/results/errors/client/local/quant-client-2/temp/474/quic_client_test_double_tp_error0.iev,0.0,0.0
979," /home/chris/TVOQE_UPGRADE_27/quic/quant/Debug/bin/client -c false -r 20 -l /home/chris/secret.log -q /home/chris/qlog_quant -t 3600 -v 5 -e 0xff00001d https://localhost:4443/index.html
",client,quic_client_test_tp_error0,,server_return_code(1)+timeout,/home/chris/Toward-verification-of-QUIC-extensions/installer/TVOQE/results/errors/client/local/quant-client-2/temp/349/quic_client_test_tp_error0.iev,0.0,0.0
980," /home/chris/TVOQE_UPGRADE_27/quic/quant/Debug/bin/client -c false -r 20 -l /home/chris/secret.log -q /home/chris/qlog_quant -t 3600 -v 5 -e 0xff00001d https://localhost:4443/index.html
",client,quic_client_test_double_tp_error0,,server_return_code(1)+ivy_return_code(1),/home/chris/Toward-verification-of-QUIC-extensions/installer/TVOQE/results/errors/client/local/quant-client-2/temp/470/quic_client_test_double_tp_error0.iev,0.0,0.0
981," /home/chris/TVOQE_UPGRADE_27/quic/quant/Debug/bin/client -c false -r 20 -l /home/chris/secret.log -q /home/chris/qlog_quant -t 3600 -v 5 -e 0xff00001d https://localhost:4443/index.html
",client,quic_client_test_ext_min_ack_delay0,,,/home/chris/Toward-verification-of-QUIC-extensions/installer/TVOQE/results/errors/client/local/quant-client-2/temp/250/quic_client_test_ext_min_ack_delay0.iev,0.0,1.0
982," /home/chris/TVOQE_UPGRADE_27/quic/quant/Debug/bin/client -c false -r 20 -l /home/chris/secret.log -q /home/chris/qlog_quant -t 3600 -v 5 -e 0xff00001d https://localhost:4443/index.html
",client,quic_client_test_unkown0,,server_return_code(1)+ivy_return_code(1),/home/chris/Toward-verification-of-QUIC-extensions/installer/TVOQE/results/errors/client/local/quant-client-2/temp/1098/quic_client_test_unkown0.iev,0.0,0.0
983," /home/chris/TVOQE_UPGRADE_27/quic/quant/Debug/bin/client -c false -r 20 -l /home/chris/secret.log -q /home/chris/qlog_quant -t 3600 -v 5 -e 0xff00001d https://localhost:4443/index.html
",client,quic_client_test_stream0,,"timeout+< undecryptable_packet_event({protocol:udp,addr:0x7f000001,port:0x9996},{protocol:udp,addr:0x7f000001,port:0x115b},[0xce,0xff,0,0,0x1d,0x14,0x81,0x5b,0x69,0x8b,0x72,0x52,0xb2,0xa3,0x5e,0x10,0x44,0x3e,0x61,0x99,0xe4,0x90,0x58,0xd3,0x6a,0x75,0x4,0xe8,0xbd,0xca,0x8f,0,0x44,0x8e,0x45,0x2c,0x3e,0x6b,0x70,0x7f,0x7f,0xf9,0x55,0x51,0x93,0xa,0xad,0xaa,0x51,0x7e,0x23,0x88,0x54,0x8,0x60,0x9f,0x40,0xc1,0xa6,0xf1,0x93,0x44,0x64,0xd7,0xcd,0x39,0x1d,0x6f,0x66,0x5,0x94,0xd5,0x19,0xfa,0xe7,0x9,0x2,0x77,0xed,0x21,0x6b,0xde,0xd6,0x99,0xa,0x16,0x4a,0x41,0x89,0xd,0xca,0x2f,0x84,0x92,0x43,0xbf,0x80,0x8b,0xdf,0x41,0xb,0x9c,0x20,0xe3,0x8a,0x1e,0x4e,0x3e,0x12,0xa,0x6,0x70,0xa8,0xdf,0x7b,0xe7,0xf6,0xf6,0x47,0x63,0xbb,0xd0,0x63,0xf5,0x6d,0x5e,0xa0,0xe7,0x44,0xcb,0x95,0xb8,0xf4,0x77,0x9,0x31,0x6b,0x88,0x71,0xce,0xfb,0x20,0x5d,0xac,0xe2,0x59,0x31,0xf9,0x13,0x1b,0xe2,0x39,0x57,0x99,0x85,0x3c,0x51,0x32,0xd,0xcb,0x42,0xcc,0x2,0xa1,0x7c,0x7e,0x9f,0xfd,0xb2,0x14,0x7d,0x45,0x76,0x1f,0x37,0xca,0x4e,0xdb,0x77,0x3c,0xba,0x7e,0x5a,0x96,0xcc,0x41,0x81,0xc4,0x1f,0x83,0x83,0x2,0x7,0x9b,0xc4,0xa9,0xdb,0xf1,0x6b,0xe7,0xc8,0x3c,0x94,0x5b,0x8a,0x14,0x1d,0xce,0xd5,0xb5,0xec,0xa3,0x83,0x91,0xfa,0x10,0x6f,0x35,0x9a,0x93,0x7c,0x2,0xcb,0x6,0x1e,0xce,0xfd,0x62,0xbd,0xf7,0xfd,0x91,0x97,0x49,0xb3,0xdf,0x30,0xa1,0xe0,0x5b,0xad,0x12,0xf5,0x23,0x8d,0xc8,0x4e,0x53,0xd7,0x58,0x71,0x83,0x26,0xf3,0x45,0xd3,0xff,0xfb,0xec,0xeb,0xd1,0x54,0x16,0xac,0xf5,0x6,0x22,0x77,0x13,0xac,0x14,0xcc,0xbd,0xa7,0xbf,0xd7,0xca,0x70,0xaf,0xf8,0xee,0x96,0x33,0xd8,0x6e,0x89,0x1d,0x1e,0x86,0x68,0x5e,0xb0,0x40,0xd0,0x76,0x1c,0x52,0xee,0x95,0x72,0xc9,0x1b,0x67,0x61,0x75,0x4f,0xc4,0x16,0x6c,0x7c,0x9,0x8,0xa9,0x24,0x5f,0xba,0xa,0xd8,0x3,0x9b,0x48,0x94,0x7e,0x42,0xdb,0xeb,0x8f,0x9d,0xc,0x3e,0x6d,0x6e,0x82,0x25,0x71,0x4e,0xd7,0x5d,0xba,0x71,0xee,0xc8,0xc3,0x53,0x77,0x62,0x36,0xc1,0xf,0xba,0x5a,0xca,0x3f,0x7d,0xbb,0x1b,0x65,0xc7,0xc5,0x26,0xbd,0x3,0x7,0x12,0xf9,0x71,0xff,0x4b,0xda,0x7f,0x70,0xc1,0xa8,0x3d,0x8e,0x46,0x5,0xaa,0xf6,0x1f,0x31,0xf8,0x9c,0x7c,0x2,0x3f,0x85,0x65,0xac,0x50,0x99,0x32,0x48,0xcb,0x6d,0xf5,0xb3,0x8a,0x8c,0xf1,0x94,0x93,0x26,0x4,0xa3,0x49,0xe8,0xaa,0x86,0xff,0x11,0,0xea,0xb5,0x87,0xcf,0x14,0xf3,0x53,0xa4,0x75,0xcb,0x6b,0x5e,0x19,0x47,0xd4,0xcc,0x44,0x70,0x51,0xa0,0x2d,0x3,0xfb,0xdf,0xdf,0x66,0xa0,0x6d,0x5,0xc2,0x8a,0x13,0xfe,0xc,0x92,0xb2,0x4f,0x9f,0xe1,0xd,0x91,0x50,0x97,0xef,0x51,0x19,0xf7,0xae,0x9f,0x64,0xc7,0xae,0xe5,0x45,0xe6,0xda,0xaf,0x8e,0x70,0xa6,0xb5,0xe4,0x44,0xa8,0xb2,0xe4,0x9d,0x5c,0x76,0x62,0x72,0x17,0xc4,0xb9,0x98,0x7c,0x37,0x4,0x17,0xc,0xac,0xeb,0x9f,0x78,0x8e,0x95,0x16,0xe0,0x1c,0x2,0x3d,0xbe,0x39,0x6,0xbd,0x34,0xf9,0xb6,0xb3,0xe9,0x70,0xe3,0x38,0x99,0x15,0xe6,0x32,0x85,0x15,0x3a,0x51,0xd6,0x31,0x20,0x26,0xf4,0x73,0x29,0x4f,0x38,0x18,0x1,0xd0,0x7a,0x92,0xc8,0xe2,0x33,0xae,0xc2,0x19,0xfa,0x1c,0x7c,0x39,0x15,0xe3,0x5c,0xd1,0xab,0x2c,0xc3,0xcc,0x21,0x97,0xc7,0xfc,0xf7,0x3,0xaf,0xcd,0xa7,0xe6,0x7e,0xf2,0x9e,0xd6,0x7,0x32,0xb,0x6e,0x40,0x94,0x55,0x6f,0xf6,0x37,0xbc,0xd,0x20,0x47,0xae,0x3,0xd3,0x5d,0xe1,0x2,0xfc,0x89,0x4c,0xac,0x24,0xf9,0x8,0x8f,0xb1,0xc5,0xdf,0x79,0xc,0xec,0x92,0x6b,0xf2,0x4b,0x37,0x3,0x4d,0xdf,0x7e,0x98,0xc0,0xb4,0xd0,0x23,0xeb,0x6f,0x21,0xb9,0x94,0xa8,0x79,0x68,0xd9,0x15,0x5a,0x5c,0xe9,0xdd,0xc2,0x60,0xcb,0x5e,0xb2,0xad,0x6e,0xcf,0xbe,0xa9,0xf3,0x16,0xb,0x1d,0xba,0xdc,0x7a,0xb,0x4b,0xd1,0x24,0xba,0x91,0x44,0x90,0x5b,0x3a,0xdf,0x85,0x96,0xa0,0x84,0xba,0x69,0x2c,0x2c,0xa2,0x83,0x19,0x56,0xb,0xf,0x3e,0x9,0x1,0x5b,0x32,0x15,0xe9,0xde,0x90,0x87,0x46,0x55,0xa9,0x84,0x42,0x53,0x11,0xf,0x35,0x61,0xef,0x8d,0x25,0xaa,0xbf,0xf3,0x9f,0x2f,0x42,0xfa,0x7f,0x5,0xdd,0x83,0xc1,0x68,0xd6,0x22,0xc,0xa9,0x2b,0x73,0x63,0x90,0x3b,0x2c,0x60,0xec,0xe5,0x45,0xf0,0x87,0xe5,0x1c,0x78,0x81,0x6b,0x61,0xbd,0xd8,0x47,0xfc,0x7,0x62,0x60,0xb4,0x54,0x4d,0xa,0x5a,0x43,0xf3,0xb7,0x62,0x1c,0xf3,0x6,0xca,0x9a,0x57,0x74,0x94,0xf,0xc4,0x2b,0x61,0x51,0xbd,0xb2,0xd0,0x14,0xb1,0xea,0xf1,0x2a,0x9c,0xcb,0x26,0x1d,0x78,0x1d,0x5c,0x84,0x3d,0x22,0x6c,0xd8,0xfe,0x30,0x19,0x4d,0xb4,0xc8,0x41,0xa7,0x43,0xa9,0x3e,0xfa,0xd9,0x46,0xba,0x29,0xa2,0x53,0xe8,0xb7,0xe,0xc2,0xd2,0x8a,0x12,0x51,0xa3,0x3f,0x6b,0x8f,0xb4,0xcb,0x56,0xcd,0x43,0xb0,0xd9,0xcd,0xae,0xb3,0xd3,0xa9,0x28,0xe4,0xfb,0x1e,0xcc,0x50,0x1a,0x85,0x6a,0x77,0xf4,0xb9,0x31,0x27,0x87,0xf1,0x9b,0x99,0x43,0xf9,0x5,0x9,0x7b,0xf7,0xcb,0x97,0x8f,0x6,0x16,0xd2,0x58,0x72,0xe,0x43,0x5c,0xfe,0x9f,0x2a,0xd1,0x2,0xe0,0xae,0x7b,0x7e,0x3a,0x7d,0xcf,0x2d,0x8f,0xd6,0x11,0x6d,0xd2,0x33,0x25,0x23,0xa5,0xef,0x8a,0xd9,0xb1,0x77,0x82,0x3c,0xeb,0x1d,0xed,0x5e,0xc8,0x3c,0x94,0x93,0xe,0x32,0x7a,0x20,0x61,0x97,0x6,0x7d,0x9f,0x6f,0x69,0xf5,0x26,0x63,0xa1,0xf1,0xd2,0x2,0x50,0x37,0xb9,0x79,0x22,0x31,0x7a,0x2a,0xed,0x2f,0x3b,0xc1,0x86,0xe2,0xa6,0xdf,0xc0,0xbd,0xf3,0x76,0x11,0x2f,0xf1,0x7a,0x7c,0xad,0xf4,0xe,0x65,0x82,0xe5,0x8d,0xdc,0x75,0x51,0xb5,0xd0,0x32,0x84,0x72,0xb0,0x78,0x88,0x25,0x8d,0xac,0xe5,0x12,0xd0,0x8d,0xec,0xdd,0x12,0x14,0x7,0x3a,0xe6,0xd1,0xd2,0xa3,0x61,0x64,0x7c,0xfd,0xe9,0x69,0xb1,0x5f,0xc3,0xcd,0x51,0x85,0x1,0x6,0x2c,0x85,0xb5,0xab,0x21,0x16,0xdd,0xc8,0x5,0xec,0x92,0x3e,0x37,0xec,0x62,0x1,0x1d,0xb2,0x14,0x64,0xf6,0xe5,0x41,0xe6,0x34,0x2e,0x4a,0x24,0x73,0xb,0x3e,0x7c,0x9e,0xb8,0x21,0x3f,0xda,0x5d,0x3f,0x91,0x65,0x27,0x49,0x34,0xbe,0xbd,0xf7,0x68,0x70,0x3c,0x1e,0xb1,0x36,0x6a,0xca,0x59,0x6a,0x22,0x63,0x93,0x10,0xa6,0x1,0x4b,0xab,0xb9,0xcd,0x1f,0x35,0x96,0x7,0xb6,0x4c,0xa9,0xfc,0x21,0xe8,0x6,0x7f,0xde,0xc3,0xfa,0x5f,0x64,0xe4,0x78,0xf8,0x9d,0x9d,0x1c,0x4e,0x32,0x81,0x8,0x9f,0xf0,0xde,0x5e,0xd1,0xd7,0x78,0xb2,0xf2,0xcc,0xf0,0xf1,0x18,0x55,0xf9,0x9f,0x3e,0xc3,0x44,0x9c,0x80,0xee,0x4a,0x13,0xed,0xde,0xc7,0x7f,0xa2,0x45,0x87,0xb7,0xd2,0x63,0xbd,0x41,0x6,0x61,0x2c,0xaa,0xea,0x64,0x54,0x56,0x18,0xca,0x9e,0x53,0x7,0xa8,0x3d,0x25,0x38,0x49,0x9f,0xbb,0x6a,0x35,0x49,0x60,0xec,0xac,0x63,0x4,0xf8,0x2d,0xb7,0x1c,0x4a,0x16,0x94,0xa8,0x73,0x45,0x7f,0x51,0x6,0x1e,0x94,0xed,0xda,0xc4,0x44,0x24,0x41,0x7a,0x9f,0xe9,0xb9,0x9b,0x6f,0x8b,0xb6,0x4,0x6f,0xb0,0xb,0x75,0x56,0x6b,0xd4,0xab,0x6c,0xa1,0xb6,0x8a,0xd5,0xdf,0x60,0x51,0x86,0x2d,0x85,0xfe,0x2c,0xd1,0x23,0xa,0x7e,0x18])",/home/chris/Toward-verification-of-QUIC-extensions/installer/TVOQE/results/errors/client/local/quant-client-2/temp/167/quic_client_test_stream0.iev,0.0,0.0
984," /home/chris/TVOQE_UPGRADE_27/quic/quant/Debug/bin/client -c false -r 20 -l /home/chris/secret.log -q /home/chris/qlog_quant -t 3600 -v 5 -e 0xff00001d https://localhost:4443/index.html
",client,quic_client_test_tp_prefadd_error0,,"ivy_return_code(1)+assumption_failed(""quic_client_test_tp_prefadd_error.ivy: line 518"")",/home/chris/Toward-verification-of-QUIC-extensions/installer/TVOQE/results/errors/client/local/quant-client-2/temp/994/quic_client_test_tp_prefadd_error0.iev,0.0,0.0
985," /home/chris/TVOQE_UPGRADE_27/quic/quant/Debug/bin/client -c false -r 20 -l /home/chris/secret.log -q /home/chris/qlog_quant -t 3600 -v 5 -e 0xff00001d https://localhost:4443/index.html
",client,quic_client_test_accept_maxdata0,,,/home/chris/Toward-verification-of-QUIC-extensions/installer/TVOQE/results/errors/client/local/quant-client-2/temp/896/quic_client_test_accept_maxdata0.iev,0.0,1.0
986," /home/chris/TVOQE_UPGRADE_27/quic/quant/Debug/bin/client -c false -r 20 -l /home/chris/secret.log -q /home/chris/qlog_quant -t 3600 -v 5 -e 0xff00001d https://localhost:4443/index.html
",client,quic_client_test_stream0,,timeout+sending id: server addr: 2130706433 port: 60154,/home/chris/Toward-verification-of-QUIC-extensions/installer/TVOQE/results/errors/client/local/quant-client-2/temp/112/quic_client_test_stream0.iev,0.0,0.0
987," /home/chris/TVOQE_UPGRADE_27/quic/quant/Debug/bin/client -c false -r 20 -l /home/chris/secret.log -q /home/chris/qlog_quant -t 3600 -v 5 -e 0xff00001d https://localhost:4443/index.html
",client,quic_client_test_unkown0,,"ivy_return_code(1)+assumption_failed(""quic_client_test_unkown.ivy: line 513"")",/home/chris/Toward-verification-of-QUIC-extensions/installer/TVOQE/results/errors/client/local/quant-client-2/temp/1093/quic_client_test_unkown0.iev,0.0,0.0
988," /home/chris/TVOQE_UPGRADE_27/quic/quant/Debug/bin/client -c false -r 20 -l /home/chris/secret.log -q /home/chris/qlog_quant -t 3600 -v 5 -e 0xff00001d https://localhost:4443/index.html
",client,quic_client_test_tp_error0,,"timeout+< undecryptable_packet_event({protocol:udp,addr:0x7f000001,port:0xa7e4},{protocol:udp,addr:0x7f000001,port:0x115b},[0xc7,0xff,0,0,0x1d,0x13,0x35,0x8d,0x9a,0x2f,0x23,0xdd,0x74,0x99,0xb,0xa7,0xe2,0x58,0x48,0xb,0xbf,0x7d,0x55,0xa8,0x94,0x4,0x76,0x65,0x9c,0xb2,0,0x44,0x8f,0xf3,0x82,0x6b,0x25,0xb5,0x92,0x1f,0xaf,0xd6,0x5b,0x8e,0x36,0xeb,0x48,0x22,0x27,0xbe,0x6d,0xc9,0x65,0xa7,0x5b,0xb5,0x91,0xe,0xbe,0x25,0x8b,0xc4,0xd5,0x5e,0xe,0xbf,0x93,0xaa,0x38,0x60,0xcc,0x5a,0xca,0x7,0x61,0xdd,0x36,0xb4,0xd7,0x11,0x89,0xf8,0xcb,0x83,0xf5,0xaf,0x5d,0x1f,0x7e,0x2c,0xdb,0x1e,0x17,0x23,0xea,0xa4,0x29,0xce,0x73,0x87,0xd4,0x6e,0xb4,0x3e,0x51,0x85,0xe2,0x9d,0xe6,0x93,0xec,0x4b,0x82,0xdd,0x58,0x9,0x9d,0x5c,0x8c,0xfe,0x24,0x83,0x37,0x6f,0xe0,0x76,0x11,0x53,0x82,0x3,0xb9,0x13,0x6,0x91,0x3e,0x64,0x45,0xea,0x74,0xa6,0x76,0x86,0x43,0x4a,0x83,0xc,0x34,0x1,0x62,0xf5,0x21,0x3e,0xf5,0x86,0x29,0xaa,0x3e,0xc5,0x7,0x11,0x3e,0x74,0x39,0xfe,0x96,0x20,0xf5,0x3,0x73,0x2c,0x17,0x9c,0x65,0xed,0x7e,0xa7,0x19,0x17,0xde,0x14,0x10,0xdc,0xd5,0x7e,0xcd,0xb5,0x32,0x11,0x6f,0x29,0x55,0x95,0x87,0xd0,0x45,0x2e,0x7,0x6c,0x5f,0xea,0x38,0xd6,0x6,0x4c,0x21,0xd6,0x4,0x78,0x71,0xd2,0x4b,0xe9,0x7e,0x23,0x5b,0xc1,0x8b,0x72,0x9b,0x9b,0x57,0x98,0xfa,0x48,0xa8,0x80,0xca,0xed,0x4d,0xe8,0x2f,0x13,0xac,0x80,0x21,0x94,0x24,0xc9,0xe6,0xc6,0x29,0x6b,0xcc,0xa8,0xce,0xfa,0x57,0xab,0xcb,0xda,0x30,0x47,0xe5,0x98,0xc3,0xb6,0xd0,0x84,0xda,0xf1,0x58,0x7f,0xe3,0x3b,0x1,0x89,0xf5,0xbf,0xc5,0xe2,0x55,0x4f,0x27,0x2c,0x98,0x4f,0x7f,0x9a,0xa3,0x99,0x25,0x58,0xbb,0xa0,0x87,0xe2,0x24,0x8b,0x6c,0x9f,0x49,0xd9,0x7,0xfc,0xdc,0xf8,0xe0,0xff,0x70,0x59,0x9e,0x21,0x61,0xc8,0x5d,0x8f,0xf1,0x60,0x89,0xf9,0xd9,0x25,0x1a,0x10,0x44,0x57,0xd1,0xd2,0x84,0x95,0x2e,0xdb,0x2b,0x20,0x6,0x45,0x90,0xc5,0xf1,0xdb,0xa9,0xd6,0xc0,0x9c,0x6d,0xb0,0xa8,0x52,0x97,0x61,0xcd,0x6e,0xfb,0x2d,0x6,0x71,0x49,0xef,0xd9,0xcd,0x9b,0x67,0xa2,0x6b,0x44,0xc5,0xfb,0xda,0x75,0x92,0x66,0x33,0x65,0xfe,0xf0,0xab,0x1c,0x92,0x50,0xbf,0x5c,0xac,0xb3,0xd4,0x6a,0xbf,0x29,0xb4,0xd5,0xd7,0,0xc3,0x63,0xe0,0x4d,0xd3,0x19,0x42,0x7f,0x4e,0xe9,0x45,0x8a,0xda,0x97,0x98,0x60,0x6f,0x79,0x5a,0x3a,0x9f,0xde,0x6d,0x8a,0xc9,0xde,0xc6,0x38,0xc6,0x32,0xf4,0x36,0x25,0x11,0x97,0x80,0xa8,0x28,0xec,0x18,0x16,0x38,0xb4,0x1b,0xa4,0xc5,0xde,0x83,0x75,0x91,0x4,0xf1,0x4d,0x6f,0x97,0xd0,0xac,0xb5,0x7b,0x43,0xe4,0x85,0x81,0x57,0xae,0x8b,0x80,0x42,0x2d,0xb8,0xc5,0xcb,0x1e,0x9d,0x8a,0xea,0x34,0x9a,0x5,0xd6,0x1b,0x77,0x4f,0xe3,0x4,0xff,0xac,0x37,0x18,0x21,0xd0,0x71,0xa9,0xde,0xed,0x1b,0xe,0x15,0x9c,0xd1,0x24,0x99,0x62,0xce,0x27,0x79,0x98,0x9d,0x8c,0xae,0x2f,0x44,0x65,0x3f,0x35,0x8b,0x21,0x38,0x87,0x7,0x71,0xb5,0xaa,0xd0,0x6e,0xea,0x97,0x1e,0x3a,0x2f,0x95,0,0x50,0xcd,0x66,0x36,0xf1,0x5b,0x54,0x4f,0x8c,0xd2,0x6d,0xc4,0xb,0xbc,0x3c,0xfb,0xc1,0x9f,0xec,0x16,0x80,0xb7,0xee,0xab,0xb2,0xda,0xb7,0xa5,0xe3,0x57,0x32,0x33,0x96,0x5f,0xec,0x47,0x8f,0xaa,0x60,0xe0,0x1b,0x5,0xbd,0xac,0x37,0x4f,0x51,0xce,0x18,0x1b,0xb8,0x94,0xe1,0x85,0xd8,0xd4,0x71,0xc4,0xc9,0x87,0x9c,0x54,0x2d,0xd2,0x7f,0x1f,0x39,0xef,0xb0,0x56,0x76,0x61,0x7e,0x36,0xd9,0x60,0x83,0x68,0xf9,0x53,0xfc,0xab,0xed,0xe1,0xcd,0x2f,0xe0,0x8d,0xf8,0xf2,0x3e,0xd3,0xe2,0x88,0x3c,0xa0,0x9,0x38,0xf0,0x2f,0x53,0x9d,0xd2,0x4c,0x8a,0x63,0xf2,0x5c,0x55,0x75,0x7b,0x55,0xdd,0xd2,0xed,0x85,0x9a,0xc3,0xfd,0x7a,0x79,0x2c,0x82,0x7,0x3,0x4e,0xf5,0x2f,0xc5,0x7e,0xef,0x3f,0x7a,0xfa,0x9d,0xac,0x4e,0x3,0x4,0xea,0xf1,0xcf,0x9a,0x6,0x12,0xcf,0xfb,0x57,0x18,0x70,0xda,0xc6,0x3e,0xe3,0x6b,0xf3,0xaa,0xa,0x9a,0x5c,0x3b,0xfb,0xb7,0x2a,0x49,0x97,0x12,0xa4,0xd0,0xd7,0xb1,0x80,0x85,0x81,0x9f,0x7a,0x5c,0xce,0x26,0x49,0x66,0x11,0x2e,0x6a,0x82,0xe6,0x1b,0xed,0xdb,0x6,0x2c,0x7d,0x3e,0x78,0x4,0xb2,0x67,0x10,0xe3,0xa3,0x3c,0xc2,0x47,0x7d,0x22,0x32,0x19,0xa1,0x90,0x66,0xcf,0xa9,0x99,0xa6,0xce,0xe1,0xc1,0x70,0xe7,0xc1,0x51,0x21,0x4,0x67,0x78,0x89,0x96,0x56,0xb7,0x5d,0xc4,0xb0,0x69,0xe3,0xc6,0xfb,0x6b,0x1f,0x7f,0x81,0xe8,0x18,0xbf,0xea,0xe9,0xb0,0x1d,0xdd,0x99,0x5d,0x85,0xfc,0xc5,0xac,0xb5,0x96,0x4f,0xc7,0xc4,0x3e,0xe6,0x51,0x89,0xbb,0x55,0x4,0xab,0xbc,0x93,0x43,0x3d,0xc3,0xbc,0x66,0x8b,0xc2,0xf3,0xfe,0x66,0xf1,0x6c,0x52,0x2a,0x12,0x65,0x27,0x4c,0x43,0xee,0x1c,0x89,0xd2,0xc,0xd3,0xd4,0x8,0xa9,0x86,0x3e,0x43,0x41,0xcc,0x7e,0xa5,0x3f,0xa4,0x57,0xef,0x3,0x3b,0x57,0x7e,0xb5,0xba,0x7b,0x59,0x6b,0x9c,0xd7,0xad,0xb8,0x72,0xbb,0xaf,0xe8,0x90,0x30,0x5f,0x6a,0xf4,0x63,0x88,0x29,0xc5,0xfd,0xc7,0x32,0x64,0x5d,0xdc,0xf9,0x8f,0x4e,0x12,0x1c,0x4b,0x8a,0x54,0xd9,0x8,0xf2,0x29,0x38,0x39,0xe9,0x2f,0xac,0xc8,0xf2,0x36,0x2b,0x2,0xd,0x4,0xe9,0x59,0x27,0xdb,0x7d,0xf0,0x58,0xb1,0x4a,0x7d,0xf2,0x5e,0x85,0x9a,0x2a,0x91,0x53,0xc9,0x16,0x5d,0xbc,0x7b,0x61,0xdd,0xfd,0x4f,0x8a,0x21,0x9f,0x64,0x61,0xa2,0x1b,0x38,0xb3,0x1e,0x8b,0xa7,0xf9,0x69,0x81,0xbf,0x28,0xa9,0xa9,0x5d,0xbf,0xc2,0xb5,0xbb,0xad,0x75,0xb5,0xd0,0x86,0x9c,0x4c,0x26,0x80,0x29,0x25,0x17,0xee,0xda,0x26,0xe8,0xb2,0xc0,0xee,0x71,0x9,0x44,0xe,0xb3,0xc4,0x76,0xfe,0xba,0x21,0x1d,0x91,0x4e,0xbe,0x15,0x24,0x6e,0xd0,0x33,0xe3,0x48,0x17,0xf6,0x4c,0x74,0xad,0x1c,0xea,0xa1,0x26,0x28,0x6,0x2c,0x8,0x3f,0x6d,0x5a,0x4b,0xa1,0x99,0x5,0xcb,0x2c,0x92,0x58,0x49,0x2e,0xf3,0x4c,0xc5,0x23,0x60,0xcc,0x1,0xd1,0xcb,0x93,0x5f,0x9d,0x75,0xf8,0x3f,0x33,0x5f,0x19,0x29,0xb7,0x29,0x89,0x3e,0x88,0xf4,0x71,0xcf,0xb9,0x6a,0x79,0x18,0xa,0x25,0x25,0x72,0xe2,0xfa,0xa7,0x51,0xdb,0x97,0xd4,0x88,0xd6,0xc7,0x28,0x94,0x78,0x41,0x27,0x6,0x31,0x9c,0xac,0x16,0x5d,0x96,0xe6,0x93,0x71,0xf9,0x6e,0xae,0x6c,0x71,0x50,0x96,0x52,0xd2,0x5e,0x37,0x65,0x4,0x4f,0x3e,0x3b,0x82,0xb0,0x53,0xb4,0xec,0x3c,0xc9,0xbc,0x69,0xb6,0x56,0x7e,0xc7,0xda,0x4c,0xfd,0x5a,0x1,0x10,0x55,0x74,0x2b,0x66,0x5e,0xa6,0xd8,0xc6,0x2,0xdc,0x12,0x53,0x49,0xca,0xae,0x2,0xe8,0xcb,0x14,0xb4,0x2b,0x83,0xba,0x2c,0x78,0xdd,0x45,0xa6,0xce,0x5d,0xd1,0x8d,0xb6,0x19,0xd4,0xee,0x55,0x4f,0xd7,0x15,0xd9,0x5d,0x3c,0x8c,0xae,0x7e,0xe8,0x4e,0x15,0xbb,0x32,0xaa,0x7b,0x78,0x56,0x50,0xf8,0xee,0x49,0xa6,0x57,0xd2,0x8c,0xb3,0x8,0x7e,0x99,0xba,0x6,0x95,0x10,0x44,0x6f,0xd1,0xef,0x58,0x93,0x46,0xb9,0xe,0x26,0x99,0x4,0x9b,0x3a,0xda,0xfd,0xc5,0x98,0x2d,0xde,0xbb,0x9c,0xf8,0x9e,0x68,0x14,0x3f,0x96,0xd8,0x8c,0xc6,0x6a,0x53,0x49,0x38,0xf1,0xdd,0xc0,0x65,0xe9,0x3d])",/home/chris/Toward-verification-of-QUIC-extensions/installer/TVOQE/results/errors/client/local/quant-client-2/temp/335/quic_client_test_tp_error0.iev,0.0,0.0
989," /home/chris/TVOQE_UPGRADE_27/quic/quant/Debug/bin/client -c false -r 20 -l /home/chris/secret.log -q /home/chris/qlog_quant -t 3600 -v 5 -e 0xff00001d https://localhost:4443/index.html
",client,quic_client_test_unkown0,,server_return_code(1)+ivy_return_code(1),/home/chris/Toward-verification-of-QUIC-extensions/installer/TVOQE/results/errors/client/local/quant-client-2/temp/1091/quic_client_test_unkown0.iev,0.0,0.0
990," /home/chris/TVOQE_UPGRADE_27/quic/quant/Debug/bin/client -c false -r 20 -l /home/chris/secret.log -q /home/chris/qlog_quant -t 3600 -v 5 -e 0xff00001d https://localhost:4443/index.html
",client,quic_client_test_double_tp_error0,,"ivy_return_code(1)+assumption_failed(""quic_client_test_double_tp_error.ivy: line 502"")",/home/chris/Toward-verification-of-QUIC-extensions/installer/TVOQE/results/errors/client/local/quant-client-2/temp/420/quic_client_test_double_tp_error0.iev,0.0,0.0
991," /home/chris/TVOQE_UPGRADE_27/quic/quant/Debug/bin/client -c false -r 20 -l /home/chris/secret.log -q /home/chris/qlog_quant -t 3600 -v 5 -e 0xff00001d https://localhost:4443/index.html
",client,quic_client_test_max0,,"ivy_return_code(1)+assumption_failed(""quic_client_test.ivy: line 310"")",/home/chris/Toward-verification-of-QUIC-extensions/installer/TVOQE/results/errors/client/local/quant-client-2/temp/45/quic_client_test_max0.iev,0.0,0.0
992," /home/chris/TVOQE_UPGRADE_27/quic/quant/Debug/bin/client -c false -r 20 -l /home/chris/secret.log -q /home/chris/qlog_quant -t 3600 -v 5 -e 0xff00001d https://localhost:4443/index.html
",client,quic_client_test_ext_min_ack_delay0,,,/home/chris/Toward-verification-of-QUIC-extensions/installer/TVOQE/results/errors/client/local/quant-client-2/temp/213/quic_client_test_ext_min_ack_delay0.iev,0.0,1.0
993," /home/chris/TVOQE_UPGRADE_27/quic/quant/Debug/bin/client -c false -r 20 -l /home/chris/secret.log -q /home/chris/qlog_quant -t 3600 -v 5 -e 0xff00001d https://localhost:4443/index.html
",client,quic_client_test_retirecoid_error0,,"ivy_return_code(1)+assumption_failed(""quic_client_test_retirecoid_error.ivy: line 276"")",/home/chris/Toward-verification-of-QUIC-extensions/installer/TVOQE/results/errors/client/local/quant-client-2/temp/749/quic_client_test_retirecoid_error0.iev,0.0,0.0
994," /home/chris/TVOQE_UPGRADE_27/quic/quant/Debug/bin/client -c false -r 20 -l /home/chris/secret.log -q /home/chris/qlog_quant -t 3600 -v 5 -e 0xff00001d https://localhost:4443/index.html
",client,quic_client_test_retirecoid_error0,,"ivy_return_code(1)+assumption_failed(""quic_client_test_retirecoid_error.ivy: line 276"")",/home/chris/Toward-verification-of-QUIC-extensions/installer/TVOQE/results/errors/client/local/quant-client-2/temp/762/quic_client_test_retirecoid_error0.iev,0.0,0.0
995," /home/chris/TVOQE_UPGRADE_27/quic/quant/Debug/bin/client -c false -r 20 -l /home/chris/secret.log -q /home/chris/qlog_quant -t 3600 -v 5 -e 0xff00001d https://localhost:4443/index.html
",client,quic_client_test_unkown0,,server_return_code(1)+ivy_return_code(1),/home/chris/Toward-verification-of-QUIC-extensions/installer/TVOQE/results/errors/client/local/quant-client-2/temp/1058/quic_client_test_unkown0.iev,0.0,0.0
996," /home/chris/TVOQE_UPGRADE_27/quic/quant/Debug/bin/client -c false -r 20 -l /home/chris/secret.log -q /home/chris/qlog_quant -t 3600 -v 5 -e 0xff00001d https://localhost:4443/index.html
",client,quic_client_test_new_token_error0,,server_return_code(1)+ivy_return_code(134),/home/chris/Toward-verification-of-QUIC-extensions/installer/TVOQE/results/errors/client/local/quant-client-2/temp/1389/quic_client_test_new_token_error0.iev,0.0,0.0
997," /home/chris/TVOQE_UPGRADE_27/quic/quant/Debug/bin/client -c false -r 20 -l /home/chris/secret.log -q /home/chris/qlog_quant -t 3600 -v 5 -e 0xff00001d https://localhost:4443/index.html
",client,quic_client_test_tp_unkown0,,"ivy_return_code(1)+assumption_failed(""quic_client_test_tp_unkown.ivy: line 515"")",/home/chris/Toward-verification-of-QUIC-extensions/installer/TVOQE/results/errors/client/local/quant-client-2/temp/1193/quic_client_test_tp_unkown0.iev,0.0,0.0
998," /home/chris/TVOQE_UPGRADE_27/quic/quant/Debug/bin/client -c false -r 20 -l /home/chris/secret.log -q /home/chris/qlog_quant -t 3600 -v 5 -e 0xff00001d https://localhost:4443/index.html
",client,quic_client_test_tp_error0,,"timeout+< undecryptable_packet_event({protocol:udp,addr:0x7f000001,port:0xcaa8},{protocol:udp,addr:0x7f000001,port:0x115b},[0xcb,0xff,0,0,0x1d,0x11,0xcf,0x75,0x33,0x95,0x47,0x85,0xf3,0xd9,0x11,0xb4,0x11,0xfb,0xe9,0x94,0x99,0xc1,0x83,0x4,0x63,0xe9,0x15,0xa5,0,0x44,0x91,0x9a,0xce,0xe7,0x4b,0x70,0x14,0xcc,0x85,0x2c,0xf8,0x50,0xb5,0xa9,0x5a,0x3e,0xde,0x66,0xfd,0xe7,0x68,0x6b,0xdd,0xb7,0x7d,0xdc,0x4a,0x98,0x4b,0xef,0x92,0xb0,0x87,0xb3,0x26,0xe5,0xec,0x9e,0x6,0xd9,0xfc,0xc3,0x17,0x5e,0xa8,0,0x78,0x1d,0xda,0xbf,0x2f,0xc9,0xb,0x3e,0x70,0x62,0x4a,0x2c,0x50,0xfe,0x60,0xb5,0x6,0x2,0xca,0x48,0xe1,0x7d,0x5f,0x40,0x68,0xa4,0x28,0xcf,0xf2,0x60,0x51,0x48,0xea,0x90,0x5e,0xe5,0xdd,0x8b,0x82,0x4,0xbb,0xc1,0x25,0x20,0xcb,0x7f,0xa5,0xd5,0x6b,0xa8,0xd4,0x73,0xe0,0x70,0x24,0x6c,0x58,0xed,0x52,0xb1,0x80,0x57,0x62,0xfc,0x74,0x40,0x87,0x8c,0x8d,0xc,0x7d,0xff,0x24,0x61,0x3,0xf0,0xe0,0xe3,0x69,0xa4,0xaf,0xcf,0x46,0xef,0x4c,0xd4,0xd2,0x20,0x3c,0xaa,0xd5,0xd2,0x10,0x8d,0xdf,0xf3,0xfb,0x1d,0x95,0x6d,0x46,0x7a,0x5,0x22,0x3d,0x12,0xb6,0xac,0xa8,0x18,0x45,0x2e,0xff,0x4,0x9f,0x5c,0xf,0xd7,0xe,0xcf,0xbb,0x7,0x8a,0x52,0x86,0x72,0x67,0xe,0x50,0x85,0x49,0xf8,0x9d,0x89,0x78,0xb8,0xe7,0x14,0x60,0x29,0x5f,0x49,0x62,0x4b,0x14,0x9e,0xc6,0xf0,0xc4,0xb5,0x55,0x56,0x8,0x40,0xfb,0x69,0x47,0xba,0xec,0xf0,0x7b,0x68,0x51,0x36,0xd6,0x6d,0xdc,0xe0,0x15,0xf1,0x61,0x8d,0x21,0xc2,0x9a,0x95,0x1,0x9,0x83,0xa1,0x95,0xcc,0xa8,0xad,0x1c,0xa9,0x20,0x21,0xfb,0x9e,0x25,0x4b,0x9c,0x99,0xd,0x58,0xf1,0x45,0x78,0xa5,0x12,0x22,0x21,0xc2,0xe7,0x70,0xdb,0xd2,0x1f,0x35,0x2,0x7f,0x98,0xd8,0x45,0x10,0xfa,0x3c,0xe7,0xca,0x8,0xd9,0x85,0x3,0xd0,0x9d,0x2c,0x9a,0xc6,0x74,0,0xc4,0xa0,0xd9,0x1d,0x1e,0x26,0xd7,0xb5,0xf,0x16,0x43,0x1,0x1f,0x75,0xe0,0x30,0xe9,0xdf,0xf9,0xcb,0xd4,0x9a,0x3c,0xad,0x68,0xfd,0xe9,0x2e,0xcb,0x53,0x13,0xd4,0x72,0x65,0x3a,0x48,0x99,0xab,0xf0,0x85,0x86,0xe7,0xa9,0xfc,0xd9,0x2f,0xc7,0x33,0x2d,0x36,0xae,0x3,0xe1,0x87,0x3c,0xfc,0xbc,0xfc,0xab,0x71,0x30,0xee,0xd8,0x20,0x1b,0xb9,0xd1,0x4f,0x9b,0xa,0x28,0x25,0xea,0xa9,0x8c,0xe3,0x4,0x4a,0x57,0xd7,0xed,0xc6,0x6f,0x1b,0x79,0xfc,0xe5,0xb0,0x78,0x6c,0x28,0xe7,0x23,0x11,0x6d,0x3b,0x7d,0x5c,0x79,0xb0,0xa4,0x22,0xe4,0x58,0xf7,0xbc,0xb8,0xd9,0x64,0x6b,0x17,0x8,0xe5,0x1,0x3c,0x2,0x18,0x5f,0x2c,0x48,0x9d,0x74,0x2b,0xb5,0xe2,0x62,0xba,0x48,0xc5,0x5,0x35,0xfe,0x4b,0xee,0,0x91,0xfe,0x66,0x4c,0x8e,0xb,0x31,0x7e,0x85,0x35,0x67,0x6e,0x85,0x5b,0x3c,0x7a,0xa7,0x8e,0x39,0x7d,0x13,0x5,0x23,0xc6,0xcd,0x11,0xde,0x3,0x2e,0xf,0x83,0x77,0x15,0xf2,0xf7,0x7a,0x40,0xa2,0x5d,0xbc,0x24,0xcb,0xed,0x63,0x89,0x8e,0xc0,0xb7,0x1e,0x89,0x39,0xa4,0x5d,0xe6,0x5a,0xf0,0xcb,0x94,0x15,0xdc,0x40,0x32,0x63,0x23,0x73,0xaf,0x3b,0x15,0xa4,0xab,0x4a,0x8c,0x32,0xf9,0xfe,0x7a,0x36,0x66,0x2d,0xe4,0x44,0xfd,0xda,0x1,0xea,0x68,0x55,0x6c,0x69,0x85,0x2b,0xa2,0x5c,0xe8,0xe7,0x81,0x9,0x89,0xa9,0x7a,0xcc,0xd5,0x46,0x26,0xc7,0x10,0x31,0x72,0xfd,0xcc,0xb8,0x97,0xfb,0x69,0x54,0x84,0x8b,0,0x94,0xbd,0xdc,0x7c,0x11,0xef,0x96,0xef,0xcd,0x3,0xb4,0x7b,0xe4,0x59,0x9e,0x2b,0xc0,0x52,0x89,0xb7,0x55,0xe7,0xa7,0x71,0xf3,0x90,0x56,0xf5,0x2,0x60,0x55,0x28,0x90,0xb8,0x44,0x5,0x3,0xcd,0xdb,0x5c,0x49,0x98,0xc,0x5a,0x4b,0x62,0xb6,0x39,0xef,0x6c,0xb6,0xc,0x64,0xd,0x3a,0xba,0xbe,0x80,0xb5,0xe3,0xd3,0x7c,0xeb,0x4e,0xc8,0xa9,0x32,0x95,0xe4,0xbe,0x15,0xf0,0xe,0xa8,0xfd,0x80,0x56,0x6a,0x99,0xc7,0x19,0x34,0x8d,0x6,0xca,0x99,0xa7,0x51,0xd6,0x6b,0x2d,0x74,0x6f,0x2d,0x7a,0x86,0xb,0xe,0x68,0x58,0x13,0x5c,0xd,0x35,0xb,0xcd,0x46,0xea,0x2c,0x88,0xf9,0x23,0x82,0xf6,0x17,0xf5,0x4b,0xf7,0x5f,0x30,0xa9,0x1d,0xe2,0x8,0x6f,0x7b,0x44,0xa7,0xf5,0x60,0x6b,0x9a,0x8e,0x34,0xf0,0x8e,0x36,0x85,0x61,0x6c,0xaa,0x1,0xac,0xc8,0x29,0x2f,0xc,0x4d,0x8d,0x4b,0x12,0x27,0xd4,0xe0,0x47,0x28,0x69,0x49,0xd3,0xb0,0x81,0x3b,0xc4,0xe8,0xbb,0x92,0x90,0xd0,0x65,0xae,0x24,0x49,0x2e,0x38,0xef,0x17,0x68,0x86,0x2a,0x6a,0xa6,0x84,0x40,0xc8,0x8c,0x9e,0x9,0x5f,0xb3,0xa3,0xd2,0x2e,0xf9,0xae,0x88,0x91,0x31,0xe1,0x64,0x81,0x99,0x2b,0xef,0xf1,0xb4,0x77,0xb8,0x7f,0x29,0x1f,0x2d,0x64,0xe3,0xbe,0x1f,0x64,0x8a,0x96,0xb3,0xe6,0xb4,0xe2,0x75,0x6c,0xb5,0x53,0x47,0xea,0xbc,0x27,0xaf,0x3d,0xe8,0x94,0x2d,0,0x7f,0x88,0xd0,0x6a,0x18,0x58,0xa7,0x92,0x19,0x72,0x99,0x8,0x9a,0xd8,0x41,0x4a,0x68,0xc0,0x1,0x6a,0xe4,0x93,0x8c,0x62,0x92,0x81,0xfe,0xc1,0x2f,0xcc,0x2c,0x8c,0x78,0xa9,0xbf,0xe3,0xdf,0xc,0x11,0x50,0x15,0x70,0x12,0x83,0x66,0xd2,0xa8,0x57,0x5,0xc5,0xe7,0xff,0x59,0xdd,0xdd,0x96,0xba,0xf9,0x60,0x8c,0xd3,0x9d,0xe1,0x3a,0x5b,0xd,0x31,0xa9,0x34,0x76,0,0x44,0xa,0xba,0x56,0x1d,0x26,0xe5,0x5f,0xd8,0xec,0x37,0x16,0xbc,0xd9,0x28,0x28,0x4f,0x7d,0x2f,0xe,0x7f,0x70,0xc2,0x17,0x95,0xa1,0x81,0xd,0x38,0xae,0xcf,0xc0,0x27,0xe2,0xb4,0xf0,0x36,0x1b,0x20,0xe1,0x7e,0xe1,0x59,0x7c,0x28,0x27,0x64,0x6b,0x81,0xa4,0x43,0x89,0xc2,0xe2,0xf3,0x15,0xf0,0x7e,0x14,0xa5,0xfb,0x6e,0x89,0xcf,0xaf,0xbb,0xb7,0x6b,0x2f,0x18,0xac,0xc7,0xbf,0xc3,0x22,0xba,0xaf,0x12,0x76,0x69,0xea,0xbe,0x49,0,0xb0,0x23,0xe9,0xb6,0xa2,0x8a,0x58,0xc7,0x2e,0xa6,0xa0,0x4c,0x71,0xcb,0x32,0x32,0xfb,0xdc,0x2c,0x55,0x28,0xd6,0x18,0x5c,0x2c,0xe8,0x19,0xc8,0xb2,0x19,0x1d,0x90,0x60,0x87,0x7a,0xfd,0xb9,0x8e,0x4c,0x12,0x16,0xf,0xf9,0xf0,0xb6,0xb5,0x51,0xa9,0xea,0x31,0x13,0xfb,0x73,0xa7,0xb2,0xbf,0x75,0x7c,0x43,0x6e,0xa6,0x9a,0xd9,0xc9,0x71,0xc,0x72,0xa1,0x9b,0x47,0xb4,0x3d,0xad,0x20,0xf,0x63,0xab,0x21,0xb8,0xe3,0xdc,0x78,0xc0,0xe1,0xed,0x18,0x30,0x67,0xe3,0x38,0x57,0xfa,0x43,0x15,0x60,0x70,0x57,0xf,0xbc,0xf0,0x85,0xc,0xe1,0xf5,0xf7,0xc1,0xc2,0x65,0x88,0x8f,0x1f,0x85,0xbc,0x93,0x5c,0x83,0x9c,0xa0,0x34,0x1e,0x10,0x7c,0xaf,0xe6,0x82,0xd5,0xf5,0x43,0xd9,0x36,0x57,0x39,0xfd,0xa1,0xc4,0x30,0xc,0x60,0xba,0xba,0x96,0x25,0x49,0x73,0xf6,0xe4,0xc3,0x25,0xba,0x67,0x86,0xc,0xca,0xee,0xd1,0xef,0xfc,0xa8,0xc4,0x88,0x48,0x4e,0xb5,0x9a,0xec,0x7f,0xb2,0x48,0xfe,0x63,0xca,0xd6,0xee,0x6e,0x47,0x61,0x78,0x6e,0xec,0x23,0x29,0x9e,0x81,0x1c,0x99,0x22,0x78,0x1c,0x4f,0x83,0x22,0x2,0x6c,0xdd,0xa6,0x13,0xf0,0xec,0xd7,0xe3,0x28,0xa6,0xe3,0xa6,0x55,0x27,0x74,0x7f,0xf,0xad,0xe2,0x95,0x6e,0x21,0x29,0xc8,0x3d,0x76,0x18,0xce,0x4f,0x3a,0x2b,0x1b,0xf7,0x22,0xe0,0x1c,0xe5,0x6d,0xce,0x6,0x2c,0x47,0x21,0x78,0x6c,0xd0,0x7d,0x77,0xba,0x83,0xed,0x2f,0xb,0xfa,0x45,0xfc,0x60])",/home/chris/Toward-verification-of-QUIC-extensions/installer/TVOQE/results/errors/client/local/quant-client-2/temp/332/quic_client_test_tp_error0.iev,0.0,0.0
999," /home/chris/TVOQE_UPGRADE_27/quic/quant/Debug/bin/client -c false -r 20 -l /home/chris/secret.log -q /home/chris/qlog_quant -t 3600 -v 5 -e 0xff00001d https://localhost:4443/index.html
",client,quic_client_test_tp_acticoid_error0,,,/home/chris/Toward-verification-of-QUIC-extensions/installer/TVOQE/results/errors/client/local/quant-client-2/temp/510/quic_client_test_tp_acticoid_error0.iev,0.0,1.0
1000," /home/chris/TVOQE_UPGRADE_27/quic/quant/Debug/bin/client -c false -r 20 -l /home/chris/secret.log -q /home/chris/qlog_quant -t 3600 -v 5 -e 0xff00001d https://localhost:4443/index.html
",client,quic_client_test_tp_error0,,server_return_code(1)+timeout,/home/chris/Toward-verification-of-QUIC-extensions/installer/TVOQE/results/errors/client/local/quant-client-2/temp/329/quic_client_test_tp_error0.iev,0.0,0.0
1001," /home/chris/TVOQE_UPGRADE_27/quic/quant/Debug/bin/client -c false -r 20 -l /home/chris/secret.log -q /home/chris/qlog_quant -t 3600 -v 5 -e 0xff00001d https://localhost:4443/index.html
",client,quic_client_test_retirecoid_error0,,"ivy_return_code(1)+assumption_failed(""quic_client_test_retirecoid_error.ivy: line 276"")",/home/chris/Toward-verification-of-QUIC-extensions/installer/TVOQE/results/errors/client/local/quant-client-2/temp/724/quic_client_test_retirecoid_error0.iev,0.0,0.0
1002," /home/chris/TVOQE_UPGRADE_27/quic/quant/Debug/bin/client -c false -r 20 -l /home/chris/secret.log -q /home/chris/qlog_quant -t 3600 -v 5 -e 0xff00001d https://localhost:4443/index.html
",client,quic_client_test_accept_maxdata0,,,/home/chris/Toward-verification-of-QUIC-extensions/installer/TVOQE/results/errors/client/local/quant-client-2/temp/855/quic_client_test_accept_maxdata0.iev,0.0,1.0
1003," /home/chris/TVOQE_UPGRADE_27/quic/quant/Debug/bin/client -c false -r 20 -l /home/chris/secret.log -q /home/chris/qlog_quant -t 3600 -v 5 -e 0xff00001d https://localhost:4443/index.html
",client,quic_client_test_blocked_streams_maxstream_error0,,"ivy_return_code(1)+assumption_failed(""quic_client_test_blocked_streams_maxstream_error.ivy: line 283"")",/home/chris/Toward-verification-of-QUIC-extensions/installer/TVOQE/results/errors/client/local/quant-client-2/temp/682/quic_client_test_blocked_streams_maxstream_error0.iev,0.0,0.0
1004," /home/chris/TVOQE_UPGRADE_27/quic/quant/Debug/bin/client -c false -r 20 -l /home/chris/secret.log -q /home/chris/qlog_quant -t 3600 -v 5 -e 0xff00001d https://localhost:4443/index.html
",client,quic_client_test_tp_error0,,server_return_code(1)+timeout,/home/chris/Toward-verification-of-QUIC-extensions/installer/TVOQE/results/errors/client/local/quant-client-2/temp/325/quic_client_test_tp_error0.iev,0.0,0.0
1005," /home/chris/TVOQE_UPGRADE_27/quic/quant/Debug/bin/client -c false -r 20 -l /home/chris/secret.log -q /home/chris/qlog_quant -t 3600 -v 5 -e 0xff00001d https://localhost:4443/index.html
",client,quic_client_test_ext_min_ack_delay0,,"ivy_return_code(1)+assumption_failed(""quic_client_test_ext_min_ack_delay.ivy: line 524"")",/home/chris/Toward-verification-of-QUIC-extensions/installer/TVOQE/results/errors/client/local/quant-client-2/temp/239/quic_client_test_ext_min_ack_delay0.iev,0.0,0.0
1006," /home/chris/TVOQE_UPGRADE_27/quic/quant/Debug/bin/client -c false -r 20 -l /home/chris/secret.log -q /home/chris/qlog_quant -t 3600 -v 5 -e 0xff00001d https://localhost:4443/index.html
",client,quic_client_test_tp_error0,,server_return_code(1)+timeout,/home/chris/Toward-verification-of-QUIC-extensions/installer/TVOQE/results/errors/client/local/quant-client-2/temp/337/quic_client_test_tp_error0.iev,0.0,0.0
1007," /home/chris/TVOQE_UPGRADE_27/quic/quant/Debug/bin/client -c false -r 20 -l /home/chris/secret.log -q /home/chris/qlog_quant -t 3600 -v 5 -e 0xff00001d https://localhost:4443/index.html
",client,quic_client_test_blocked_streams_maxstream_error0,,"ivy_return_code(1)+assumption_failed(""quic_client_test_blocked_streams_maxstream_error.ivy: line 283"")",/home/chris/Toward-verification-of-QUIC-extensions/installer/TVOQE/results/errors/client/local/quant-client-2/temp/641/quic_client_test_blocked_streams_maxstream_error0.iev,0.0,0.0
1008," /home/chris/TVOQE_UPGRADE_27/quic/quant/Debug/bin/client -c false -r 20 -l /home/chris/secret.log -q /home/chris/qlog_quant -t 3600 -v 5 -e 0xff00001d https://localhost:4443/index.html
",client,quic_client_test_accept_maxdata0,,"ivy_return_code(1)+assumption_failed(""quic_client_test.ivy: line 310"")",/home/chris/Toward-verification-of-QUIC-extensions/installer/TVOQE/results/errors/client/local/quant-client-2/temp/890/quic_client_test_accept_maxdata0.iev,0.0,0.0
1009," /home/chris/TVOQE_UPGRADE_27/quic/quant/Debug/bin/client -c false -r 20 -l /home/chris/secret.log -q /home/chris/qlog_quant -t 3600 -v 5 -e 0xff00001d https://localhost:4443/index.html
",client,quic_client_test_accept_maxdata0,,"ivy_return_code(1)+assumption_failed(""quic_client_test.ivy: line 310"")",/home/chris/Toward-verification-of-QUIC-extensions/installer/TVOQE/results/errors/client/local/quant-client-2/temp/876/quic_client_test_accept_maxdata0.iev,0.0,0.0
1010," /home/chris/TVOQE_UPGRADE_27/quic/quant/Debug/bin/client -c false -r 20 -l /home/chris/secret.log -q /home/chris/qlog_quant -t 3600 -v 5 -e 0xff00001d https://localhost:4443/index.html
",client,quic_client_test_unkown0,,"ivy_return_code(1)+assumption_failed(""quic_client_test_unkown.ivy: line 513"")",/home/chris/Toward-verification-of-QUIC-extensions/installer/TVOQE/results/errors/client/local/quant-client-2/temp/1041/quic_client_test_unkown0.iev,0.0,0.0
1011," /home/chris/TVOQE_UPGRADE_27/quic/quant/Debug/bin/client -c false -r 20 -l /home/chris/secret.log -q /home/chris/qlog_quant -t 3600 -v 5 -e 0xff00001d https://localhost:4443/index.html
",client,quic_client_test_tp_error0,,"timeout+< undecryptable_packet_event({protocol:udp,addr:0x7f000001,port:0xebe7},{protocol:udp,addr:0x7f000001,port:0x115b},[0xce,0xff,0,0,0x1d,0x11,0xe7,0x99,0x49,0xcb,0xf6,0x76,0x6e,0x21,0x6a,0x4f,0xf7,0x84,0x67,0x7f,0x6f,0xc4,0x8e,0x4,0xfb,0x11,0xa2,0x18,0,0x44,0x91,0xd9,0x42,0x53,0xc6,0x85,0x2b,0xd,0xf0,0x2b,0x19,0x53,0x2f,0x8a,0x59,0x4b,0x6,0x4e,0x49,0x46,0x2d,0xc2,0x76,0xb0,0xd7,0x59,0xf4,0xdc,0x4,0x4c,0x1e,0x84,0x6,0x65,0xe5,0x74,0x17,0xe6,0x59,0xaa,0x99,0xf9,0x61,0xb5,0x73,0x38,0x86,0xda,0x50,0x23,0x6a,0x31,0xeb,0x78,0x53,0x29,0x15,0x89,0x4b,0x9a,0xf,0x2e,0x7d,0xb1,0x2d,0x90,0x9b,0x53,0x5c,0xe4,0xfe,0x77,0x3a,0x3f,0xbe,0x48,0x96,0x81,0x30,0x89,0x22,0x30,0xd0,0x32,0xfa,0x61,0xb8,0x64,0xaa,0x43,0x76,0x5e,0xdb,0xb0,0xc5,0x3b,0xb2,0xc9,0xc4,0x86,0x66,0x40,0xb1,0x6,0x3d,0x60,0xbe,0x47,0x83,0x7,0x7c,0x1,0xaa,0xac,0xdc,0xcf,0xb2,0x2b,0x32,0x56,0xe5,0x68,0x25,0x7c,0xdf,0xb9,0xdc,0xf8,0x11,0x3e,0x7b,0x42,0x5e,0x88,0x6a,0x57,0x7c,0xca,0x6b,0xd7,0xb8,0x6d,0x47,0xf1,0x3,0x20,0x53,0x5c,0xeb,0xd2,0x5f,0xfd,0x67,0x82,0xbf,0x68,0x5e,0x53,0x50,0x35,0x65,0xcd,0xe6,0xc6,0xb8,0x5e,0x71,0xe6,0x44,0x20,0x7,0xb3,0x6d,0x56,0x80,0x38,0xea,0xd,0xf7,0xda,0xb3,0xdd,0xd9,0x2f,0x81,0xe7,0xd9,0x32,0xc5,0xab,0x21,0x9,0xda,0x6b,0x65,0x3,0x5e,0xc3,0xad,0x3,0x9c,0xac,0xd2,0x8f,0x9c,0xa7,0x1e,0x8c,0xf7,0x96,0xf9,0x60,0x60,0x49,0xb5,0x35,0xf2,0xa3,0x62,0x44,0x61,0x16,0x6c,0xd9,0x1a,0x7f,0xa7,0xd2,0xbd,0x94,0x62,0x6b,0xd5,0x4a,0x55,0xd7,0xab,0xf0,0x82,0xac,0xee,0xd9,0x25,0x5f,0xd,0x5a,0x21,0x33,0x3a,0xce,0x29,0x6a,0x4b,0x4a,0xd4,0x46,0x90,0x1,0x7f,0xa3,0xbd,0xe2,0x31,0xb3,0xc1,0xa4,0xb0,0xcf,0x19,0x30,0x9c,0x21,0xc,0x95,0x8,0x8c,0xba,0x47,0xc9,0xbb,0x4a,0xb,0x1e,0xba,0x37,0x74,0xca,0xea,0x96,0xc3,0xfa,0x74,0x6a,0x50,0x47,0xc3,0xda,0x8a,0xd6,0xd0,0xf,0x21,0xd1,0xf,0x89,0x49,0x58,0xd6,0xc9,0xa6,0xe3,0x93,0xac,0xf7,0xc7,0x58,0x6a,0x3d,0x94,0x61,0xd8,0x50,0x25,0x8f,0x54,0x76,0xde,0x3c,0x8c,0x8f,0xa0,0xe9,0x2b,0xe3,0xa3,0x58,0xf,0x5,0xd6,0x25,0xe7,0xab,0x9c,0x6,0x6e,0x16,0x25,0x27,0xd,0x2e,0x91,0x69,0x1e,0xa2,0xd1,0x33,0x4,0xcd,0x9c,0x11,0xdc,0xe3,0x86,0x3f,0x7a,0x4,0x97,0x19,0xe4,0xf1,0x3a,0xa7,0x21,0xb7,0x7e,0x64,0x3c,0x59,0x6d,0x82,0xa7,0xaf,0x6b,0x4b,0x33,0x73,0x72,0x28,0xf4,0xab,0x98,0x25,0x90,0x79,0xe2,0x76,0x9d,0x11,0x21,0xb,0x78,0xb4,0x11,0x2f,0x20,0xb,0x48,0xf8,0xd8,0,0x93,0xab,0x79,0xe8,0x14,0x4f,0x4a,0x9d,0x54,0xb1,0xd0,0x35,0x72,0x51,0x21,0x35,0xd0,0x48,0x15,0x3,0xfb,0x7,0x8c,0x8e,0x1b,0x88,0x58,0xae,0x69,0x2f,0x5e,0x8d,0xe1,0x1a,0xb3,0xad,0xce,0x9e,0xba,0x7b,0x56,0xb8,0x6,0x8e,0x8d,0xcb,0xb5,0x4a,0xc0,0xec,0xe4,0xb,0x92,0x8c,0x5a,0x1c,0xeb,0x28,0x3f,0x14,0x1d,0x95,0xac,0x59,0x6a,0xb7,0x84,0x6f,0x6f,0x46,0xaa,0,0xcb,0x3,0xa6,0x95,0xa9,0x77,0x5c,0xb3,0x9e,0x5f,0x6e,0x85,0x2c,0x5e,0x4b,0x5f,0xe5,0xc3,0x9a,0xf1,0xeb,0xc3,0xb1,0xd2,0xb5,0x42,0x36,0x2,0xf3,0x8b,0x93,0x4c,0x8d,0x8f,0x8f,0x1f,0xfb,0xd,0x25,0x59,0xab,0x40,0x75,0x99,0xbe,0xf4,0x59,0x4b,0x75,0x23,0xe7,0xbb,0xb0,0xee,0x48,0xf1,0xde,0x88,0x55,0,0x6a,0x66,0xc3,0x6e,0x2d,0x8f,0xa7,0x6c,0x41,0x64,0xff,0x38,0x34,0x53,0x74,0xef,0x2a,0x72,0xe2,0x3,0x8,0x5a,0xc8,0x78,0xc,0x3d,0x38,0x2c,0x30,0xd9,0x6c,0x3a,0xb1,0xfe,0x4f,0x43,0x94,0x4c,0x1c,0xc3,0x58,0x4b,0xb9,0x51,0xad,0xf4,0x4d,0x98,0x51,0x8b,0x3c,0xd4,0xf9,0x65,0xe6,0xc3,0x4d,0x2f,0x87,0x9c,0xda,0x30,0x37,0x89,0x96,0x45,0x68,0x5b,0xe8,0xf0,0xee,0x5c,0x97,0x3d,0xc3,0xd5,0x46,0x58,0xa2,0x4c,0xd0,0x2f,0xf7,0xd9,0xd2,0x3,0x3c,0x3a,0x45,0xa8,0xeb,0xda,0xcd,0x45,0x60,0x73,0x51,0x29,0x16,0x9d,0x19,0xbf,0x55,0xf8,0x9,0x4f,0xef,0x1c,0x32,0x66,0,0x49,0x3d,0xd0,0x5b,0xc7,0x85,0xec,0xdf,0x1d,0x82,0x6d,0x95,0xa2,0x41,0xd4,0x18,0xa2,0xaf,0xe2,0x4d,0xee,0x70,0xe4,0xb8,0x9c,0xc1,0x5,0xe9,0xa5,0x9e,0xf0,0x91,0x41,0x98,0xb,0x34,0x74,0x5f,0x6b,0xf7,0xb2,0x8d,0xc,0x19,0xb1,0x1c,0x66,0xff,0xb5,0x71,0x45,0x24,0xd9,0x6c,0x87,0x8c,0x17,0xdb,0xfb,0x5f,0xb,0x76,0x82,0x91,0x83,0x4d,0xf2,0x88,0x3b,0x35,0x1,0xe3,0xea,0x49,0x2a,0x57,0x34,0xde,0x63,0x97,0x31,0x35,0x4,0x27,0xfa,0x38,0x71,0x30,0xd9,0xa3,0xa2,0x14,0x2e,0x15,0x31,0xaf,0xe1,0x3b,0x6,0x57,0x6c,0xfb,0x4d,0xbc,0xc1,0x91,0xbe,0xfb,0xe9,0x98,0x98,0xb,0xbf,0xd0,0x7d,0x68,0xb5,0xf4,0xc0,0xa,0x9d,0x80,0x8d,0x78,0xed,0xa1,0x69,0x18,0x73,0xd,0xb2,0x52,0x6,0xd9,0x71,0x84,0x6f,0xb6,0x28,0xe3,0xc2,0x11,0x3f,0xb3,0x8f,0xf9,0x90,0xc5,0xc5,0x98,0x20,0xf8,0xfb,0x89,0x9d,0xb1,0x31,0xf3,0xf0,0xa3,0x68,0xb,0xef,0x6b,0x73,0x58,0xb9,0xe8,0x1e,0x95,0xd1,0x9a,0xce,0x3c,0x20,0x95,0xaa,0x4b,0x45,0x3e,0xc0,0x31,0x3e,0xfa,0xe9,0x86,0xec,0x50,0xea,0xae,0xea,0x9c,0xb1,0x56,0x1d,0xe7,0x63,0x6a,0xf3,0x86,0x96,0x1f,0x6c,0x4f,0xe7,0x76,0xcb,0xbc,0xf6,0x8,0x54,0x93,0x97,0x83,0x36,0x2a,0xf7,0x17,0xfc,0x10,0xa8,0x53,0xb8,0x63,0xc3,0x9d,0xa6,0xc,0xe7,0xb8,0x5f,0x9b,0x18,0xa5,0x8c,0x74,0x59,0,0xb6,0xc2,0x9e,0x9c,0xd8,0x6c,0xe9,0xc8,0x5f,0xcb,0x89,0xcb,0xf5,0x8a,0x2e,0x78,0xfc,0x15,0xa9,0x77,0x9a,0x37,0xbf,0x34,0x53,0x3b,0x21,0xba,0x6a,0x45,0x61,0xa2,0xe8,0x36,0x74,0x62,0x26,0xb8,0xb8,0x2c,0x56,0xd3,0x76,0x44,0x63,0x5d,0xa7,0x3a,0xba,0xe0,0xa8,0x63,0xf9,0x5a,0x3d,0xf0,0xe0,0xaf,0x85,0xe,0xfd,0x2e,0xbe,0x6e,0x9a,0xf7,0x5,0xef,0x7,0xd2,0x6c,0x5c,0x5,0x52,0x30,0xb6,0xc3,0x7e,0xe5,0x84,0xe2,0x4c,0x6,0x17,0xab,0xf8,0xd0,0xfd,0x8a,0x32,0xd4,0x12,0x8,0xc5,0x6c,0x57,0x68,0x17,0x5b,0x32,0xb1,0x23,0x9a,0x4f,0x77,0xfc,0x24,0x96,0xa9,0x5c,0x1f,0xe2,0x6e,0xea,0xf9,0x59,0x32,0x7f,0xb5,0xe9,0x62,0x57,0x84,0xe0,0x8f,0xf4,0x23,0xdd,0x10,0x1f,0x2f,0x8a,0x4d,0x50,0xa,0xf7,0x46,0xa9,0x7b,0xe4,0xa,0x3e,0xbe,0x80,0x89,0x17,0xc3,0x3f,0xff,0x3e,0x9b,0x4c,0x5c,0xe9,0x71,0x7d,0xe1,0xd2,0xd9,0x23,0x8,0x92,0xfe,0xe6,0x19,0x30,0xb7,0x6c,0x58,0xc6,0x7a,0x62,0x9b,0xb3,0xf5,0xad,0xe3,0xfb,0xf3,0xf9,0x3,0x30,0x46,0xf7,0x2e,0xab,0x99,0x60,0x32,0xc3,0x4f,0x24,0xe2,0xd6,0x2b,0xad,0x36,0xab,0x16,0xf2,0x46,0xd2,0xa3,0x4b,0x1f,0x97,0x15,0x17,0xde,0x7f,0x96,0xc,0x9,0x16,0x3f,0x64,0x2d,0x3c,0x7c,0xe5,0x44,0x15,0x4b,0x3c,0xa8,0x1f,0x63,0x14,0x7c,0xd,0x92,0x29,0x10,0x83,0xe9,0x23,0x5,0xcc,0xaf,0xc6,0xda,0xa8,0x34,0x72,0xb0,0xd5,0x78,0x6f,0xa3,0xff,0xea,0x47,0xa6,0x2e,0xc8,0x21,0xf8,0xa2,0xca,0x54,0x57,0x65,0x5f,0x88,0x29,0x25,0xe0,0x78,0xcd,0xd7,0x51,0xf7,0x3e,0x45,0x78,0x9f,0x7e,0xf,0x89])",/home/chris/Toward-verification-of-QUIC-extensions/installer/TVOQE/results/errors/client/local/quant-client-2/temp/364/quic_client_test_tp_error0.iev,0.0,0.0
1012," /home/chris/TVOQE_UPGRADE_27/quic/quant/Debug/bin/client -c false -r 20 -l /home/chris/secret.log -q /home/chris/qlog_quant -t 3600 -v 5 -e 0xff00001d https://localhost:4443/index.html
",client,quic_client_test_max0,,,/home/chris/Toward-verification-of-QUIC-extensions/installer/TVOQE/results/errors/client/local/quant-client-2/temp/0/quic_client_test_max0.iev,0.0,1.0
1013," /home/chris/TVOQE_UPGRADE_27/quic/quant/Debug/bin/client -c false -r 20 -l /home/chris/secret.log -q /home/chris/qlog_quant -t 3600 -v 5 -e 0xff00001d https://localhost:4443/index.html
",client,quic_client_test_tp_prefadd_error0,,"ivy_return_code(1)+assumption_failed(""quic_client_test_tp_prefadd_error.ivy: line 518"")",/home/chris/Toward-verification-of-QUIC-extensions/installer/TVOQE/results/errors/client/local/quant-client-2/temp/985/quic_client_test_tp_prefadd_error0.iev,0.0,0.0
1014," /home/chris/TVOQE_UPGRADE_27/quic/quant/Debug/bin/client -c false -r 20 -l /home/chris/secret.log -q /home/chris/qlog_quant -t 3600 -v 5 -e 0xff00001d https://localhost:4443/index.html
",client,quic_client_test_ext_min_ack_delay0,,,/home/chris/Toward-verification-of-QUIC-extensions/installer/TVOQE/results/errors/client/local/quant-client-2/temp/261/quic_client_test_ext_min_ack_delay0.iev,0.0,1.0
1015," /home/chris/TVOQE_UPGRADE_27/quic/quant/Debug/bin/client -c false -r 20 -l /home/chris/secret.log -q /home/chris/qlog_quant -t 3600 -v 5 -e 0xff00001d https://localhost:4443/index.html
",client,quic_client_test_stream0,,"timeout+< undecryptable_packet_event({protocol:udp,addr:0x7f000001,port:0xdc19},{protocol:udp,addr:0x7f000001,port:0x115b},[0xce,0xff,0,0,0x1d,0x13,0xb8,0xb9,0xf5,0xf2,0x21,0,0x40,0xd4,0xf,0x12,0x34,0xb3,0x89,0xca,0xfe,0x98,0xe2,0xca,0x27,0x4,0x2f,0x36,0x52,0x2e,0,0x44,0x8f,0x37,0xd5,0xa9,0xa,0x34,0x4d,0x7d,0x27,0xa4,0x71,0xe4,0xf7,0x6c,0x50,0x2d,0x3e,0xc6,0x4,0xe6,0xb1,0xbf,0x78,0x57,0x2b,0x5b,0xad,0xe3,0xed,0xf2,0xf3,0x6f,0xd6,0x61,0xc5,0x1d,0xaf,0x90,0xdd,0x7c,0xc7,0xd8,0x7e,0x99,0xcf,0x43,0xb4,0x12,0x49,0xd3,0xf0,0xf9,0xa2,0x67,0xb6,0xd7,0xa2,0xc,0xe1,0xd1,0x78,0xb7,0x73,0x28,0x87,0x57,0xc2,0x31,0xe0,0xf1,0x55,0xf3,0x5a,0x1d,0x12,0xc2,0x41,0xe1,0x7d,0x71,0xc9,0x94,0xa2,0x98,0xa4,0x24,0x7d,0x26,0x8f,0xa0,0x8a,0xd5,0xc3,0x5e,0,0xd2,0xd2,0xe6,0xe4,0xc,0x43,0xe,0xcc,0xb3,0xd1,0xf3,0xd9,0x61,0x94,0x99,0x82,0x2a,0x6c,0x6d,0x34,0xfe,0x17,0x5d,0x81,0x90,0x6a,0x29,0xe7,0x9,0x71,0x8,0xf8,0x62,0x54,0x2,0x3b,0,0xd1,0x24,0x51,0x1d,0xc5,0xe5,0x60,0x52,0x85,0x91,0x20,0x43,0x8f,0x24,0x74,0x8c,0xb5,0xee,0x2e,0x5,0xad,0x49,0xe6,0xa5,0xcb,0xeb,0xb8,0x44,0x3,0xb3,0xcf,0xd6,0x62,0x64,0x90,0x72,0x54,0x7f,0x11,0xfd,0x46,0xb9,0x8f,0x5e,0x93,0xd,0x90,0xba,0xf,0x5a,0x5b,0xa2,0x9c,0xf3,0x29,0x10,0x24,0x3f,0x23,0x8d,0x27,0x34,0x23,0xe4,0xde,0x99,0x8f,0xfe,0,0x3e,0x2e,0x44,0x59,0xbd,0x36,0xbe,0xd8,0x65,0x86,0x35,0xed,0xc,0x5e,0xf8,0x98,0x83,0x96,0xd9,0xa9,0xaf,0x72,0x77,0x3f,0x67,0xbd,0x56,0xe,0x98,0xbf,0xbc,0xc0,0x19,0xef,0xb1,0xf2,0x2a,0xbb,0x76,0xf1,0x7c,0x32,0xfc,0xd6,0x44,0x13,0xeb,0xcd,0xf3,0x56,0xc2,0xc1,0x14,0xaa,0x37,0x32,0x97,0x8c,0x2d,0xc5,0x64,0x35,0x64,0x9,0xbe,0xbf,0x71,0x70,0xf0,0x93,0xb1,0x41,0xe5,0x97,0x27,0x1e,0x1a,0xd2,0x46,0x65,0xf9,0x4a,0x6c,0x6e,0xd7,0xd4,0x2a,0x3,0x7f,0xc,0xc7,0xf8,0x94,0xcf,0x4c,0x64,0x5e,0x26,0x34,0xf9,0xa,0x47,0x16,0xf3,0x31,0x97,0x54,0xc6,0x3e,0xcf,0xa7,0xdc,0x15,0xb0,0x34,0x73,0x76,0x42,0xb,0x5f,0xe7,0x86,0x48,0xfb,0x4b,0x29,0x7f,0x89,0xcc,0xd,0x94,0x2a,0xd6,0xac,0x91,0x29,0x62,0,0x18,0xdd,0x24,0x2,0xa7,0xde,0xef,0x35,0xa2,0x48,0x98,0xdf,0xf8,0xdf,0x86,0xb1,0xe7,0x49,0x9f,0xc1,0,0xa7,0x9,0xe1,0x1a,0xd0,0x7a,0xb8,0,0x2a,0xd8,0x3a,0x5f,0xcb,0x48,0xc4,0xbc,0x66,0xd2,0x46,0xbd,0x45,0xfc,0xd8,0xd2,0x17,0x15,0xa7,0x70,0xf5,0xc5,0x85,0xb1,0xbd,0x4a,0xf8,0xa6,0x84,0x53,0xb3,0x4e,0x53,0x7a,0x7e,0xaa,0xa5,0x61,0x1e,0xf8,0x35,0xa,0x38,0xcf,0x57,0x99,0xc0,0xbe,0x8a,0x3c,0x52,0x5c,0xe1,0xd7,0xfd,0x32,0x59,0x52,0xc8,0x30,0x48,0x5b,0xb0,0x8d,0x6c,0x8e,0xed,0x50,0x68,0x6a,0xb7,0xa0,0xf6,0x28,0xbb,0x7a,0x3d,0xc7,0x8a,0x64,0xb,0xd5,0x4a,0xb0,0xd3,0xf5,0xef,0xeb,0xc7,0x6a,0x88,0x77,0x31,0x5,0xb0,0xb3,0xd6,0x78,0x3f,0x43,0xcc,0x8e,0x8d,0xd4,0xe0,0xe5,0x33,0xb5,0xd5,0xb0,0xc9,0x2,0xe1,0x2c,0x4a,0x50,0x47,0x54,0x21,0x96,0x2,0x18,0x16,0x78,0x2f,0x9c,0x22,0x48,0x66,0x1e,0x29,0xd9,0x65,0x35,0x42,0x97,0xc7,0xf8,0x10,0xca,0x97,0x11,0xf6,0xec,0xcb,0xd7,0x27,0xb0,0x80,0x4b,0xcb,0xf8,0xc8,0x20,0x45,0x1a,0x35,0x9f,0x4c,0x40,0x63,0x52,0x4,0x9b,0xd6,0xb4,0x31,0x7a,0xc,0x3b,0x80,0x9f,0x9c,0x95,0xb1,0xb0,0x7,0x7a,0x49,0xad,0x32,0xf8,0x25,0xe0,0xa9,0x3f,0x2a,0xaa,0xc4,0x23,0x97,0xad,0x6e,0x6c,0xcc,0x76,0xe7,0xf,0x3a,0x90,0xd5,0x44,0x7e,0xd1,0x83,0x8d,0x39,0x2b,0x1c,0xff,0x46,0x19,0x64,0xf9,0xd0,0x24,0x5b,0x62,0xdb,0x3a,0xd8,0xcc,0x93,0x1c,0x8d,0xff,0x7a,0x1,0x6,0xb9,0xf6,0x95,0x26,0xb,0x25,0xe,0x4,0xdc,0x76,0xdd,0x26,0xb,0x85,0x1c,0xb0,0xc5,0xf3,0xdd,0x5a,0x74,0x9e,0xc5,0xbc,0x1c,0x5a,0xe3,0x3c,0x26,0x7f,0x9b,0x6b,0x3a,0x54,0x4c,0x4a,0xb8,0x9,0xe,0xaa,0x72,0xba,0xb0,0xc3,0xb4,0x8d,0x46,0xf,0xf3,0x47,0x32,0x71,0x4b,0xe4,0x54,0x9e,0x3a,0xc7,0xa6,0xa4,0x2a,0x1c,0x71,0x60,0xca,0x27,0xec,0x5d,0x5a,0x3d,0xd5,0x79,0xb3,0x4d,0x56,0xe4,0x7,0xfc,0x4f,0xe8,0xc5,0xf6,0xa3,0x9f,0x44,0xb8,0xa3,0x8a,0x64,0xaa,0xc,0xc2,0x2c,0xb9,0x3f,0xf4,0xd9,0x11,0x96,0xb0,0x8b,0x7b,0xa1,0xe2,0xcb,0xc4,0x38,0x36,0x81,0xed,0x8e,0x22,0x4b,0xac,0x10,0x7c,0x3a,0xb1,0xa6,0xa9,0xe2,0x18,0x70,0x27,0x1a,0xcc,0x2b,0x94,0xd0,0x17,0x4a,0x16,0xe7,0x4f,0x5d,0xab,0xe2,0x57,0xbd,0xec,0xc1,0xb3,0x3,0x1b,0xed,0xc4,0xa7,0xf3,0x4b,0x2,0x97,0x78,0x92,0xc9,0x92,0x1d,0xf3,0xd9,0xad,0xf9,0x56,0x8f,0x4a,0x89,0x1e,0x15,0x2d,0x47,0xcf,0xd,0x7e,0xf4,0xab,0xc4,0x44,0xa5,0xcd,0x57,0x96,0xa,0x21,0x2f,0xca,0x6a,0x93,0x78,0xd3,0x16,0x53,0x9b,0xc0,0x74,0xa2,0x82,0xee,0x9a,0x81,0x13,0xea,0x47,0x4a,0x38,0x2b,0x2c,0x33,0x90,0x49,0x30,0xed,0xa9,0x8b,0xd4,0xfb,0x87,0xe7,0xea,0xfa,0x22,0x23,0x1a,0x36,0x3c,0x2b,0x6e,0x77,0xf7,0x14,0x7c,0x99,0xe6,0x76,0xfa,0xa2,0x4d,0x4b,0x5d,0x2c,0xbe,0x8,0x9e,0xe6,0xb0,0x2b,0xd2,0xea,0x3a,0xa9,0x7a,0x13,0x4f,0x67,0x56,0x3,0x7d,0x9c,0x17,0xed,0x67,0x89,0x13,0x70,0xd7,0x9b,0xc9,0x3d,0x9e,0xe8,0x70,0xfc,0x62,0xed,0xa7,0x84,0x57,0x18,0xe4,0xe9,0x7e,0x5f,0x4c,0x7,0x3f,0x4e,0xd,0x9d,0xab,0xdb,0xbc,0x4c,0x25,0xe,0x88,0xcc,0x65,0x28,0x53,0x5c,0xbc,0xea,0x80,0x79,0xbb,0xd,0x87,0x36,0x19,0x35,0x50,0xe8,0x69,0x1c,0x40,0x4,0xca,0x71,0x8b,0x70,0x9c,0xa6,0xbf,0x7b,0x8d,0xec,0x89,0x1d,0x10,0x94,0x15,0xf3,0xbf,0x50,0x46,0x20,0x1e,0x39,0x5,0x1,0x92,0x45,0x12,0x1b,0x7d,0x50,0x85,0x53,0x1e,0x2d,0xaf,0x9f,0x85,0x1d,0x77,0xb5,0xfd,0xf6,0xcc,0x74,0xf8,0xd6,0x94,0xfd,0xc,0xeb,0x1e,0,0x59,0x95,0xdb,0x84,0,0xf2,0x30,0x63,0x99,0x21,0x61,0x94,0x9,0xe5,0xb3,0xf3,0x9f,0xf1,0xc1,0x31,0x72,0x67,0x8d,0xe3,0x10,0xf8,0x2,0x31,0xe7,0x12,0x4d,0x29,0x4c,0xf,0xed,0x3b,0xda,0x44,0xb,0x53,0xe6,0xc7,0x8b,0x5c,0x29,0x55,0xbd,0x7e,0xd0,0x7,0x35,0xee,0xd,0xff,0x12,0xda,0x5a,0xe7,0xe6,0xac,0x57,0x1e,0xec,0xc6,0xb0,0xf3,0x2,0xa0,0x91,0x38,0xea,0xce,0x1c,0xdc,0x9f,0xa7,0xb9,0x9b,0xa,0x85,0xd8,0x80,0x65,0x92,0x86,0xc6,0x31,0x8a,0xf2,0x4d,0xec,0x78,0xfd,0x53,0x58,0x44,0xc5,0x3a,0x81,0x3d,0x34,0xa7,0xef,0x3c,0x72,0xa8,0xbd,0xd4,0xf4,0xba,0xa,0x94,0x93,0x14,0xf3,0xb0,0xe5,0x9d,0x90,0x29,0xed,0xab,0x12,0x67,0x6b,0x4f,0x3f,0x88,0x7e,0x10,0x12,0x85,0x8e,0x1c,0xf1,0x59,0x63,0x54,0x56,0x1f,0x8f,0x5b,0x1e,0xd1,0xc3,0x49,0x21,0x8e,0x88,0xa7,0xf0,0x2f,0x55,0x60,0xb9,0xe1,0x88,0x14,0xe,0x11,0x50,0x35,0x4f,0xec,0x37,0x33,0xa3,0xc4,0x22,0x31,0xf8,0x66,0xb7,0x68,0xff,0x5a,0xb7,0xf0,0x1f,0x59,0x1,0xf9,0xb9,0x5,0xb3,0x2a,0x1f,0x5a,0x3e,0xd4,0x7b,0xc2,0xfe,0x3e,0x8a,0x52,0x94,0x5f,0x21,0xc6,0x57,0xce,0xa4,0x19,0x15,0x2b])",/home/chris/Toward-verification-of-QUIC-extensions/installer/TVOQE/results/errors/client/local/quant-client-2/temp/144/quic_client_test_stream0.iev,0.0,0.0
1016," /home/chris/TVOQE_UPGRADE_27/quic/quant/Debug/bin/client -c false -r 20 -l /home/chris/secret.log -q /home/chris/qlog_quant -t 3600 -v 5 -e 0xff00001d https://localhost:4443/index.html
",client,quic_client_test_ext_min_ack_delay0,,"ivy_return_code(1)+assumption_failed(""quic_client_test_ext_min_ack_delay.ivy: line 524"")",/home/chris/Toward-verification-of-QUIC-extensions/installer/TVOQE/results/errors/client/local/quant-client-2/temp/242/quic_client_test_ext_min_ack_delay0.iev,0.0,0.0
1017," /home/chris/TVOQE_UPGRADE_27/quic/quant/Debug/bin/client -c false -r 20 -l /home/chris/secret.log -q /home/chris/qlog_quant -t 3600 -v 5 -e 0xff00001d https://localhost:4443/index.html
",client,quic_client_test_retirecoid_error0,,"ivy_return_code(1)+assumption_failed(""quic_client_test_retirecoid_error.ivy: line 276"")",/home/chris/Toward-verification-of-QUIC-extensions/installer/TVOQE/results/errors/client/local/quant-client-2/temp/792/quic_client_test_retirecoid_error0.iev,0.0,0.0
1018," /home/chris/TVOQE_UPGRADE_27/quic/quant/Debug/bin/client -c false -r 20 -l /home/chris/secret.log -q /home/chris/qlog_quant -t 3600 -v 5 -e 0xff00001d https://localhost:4443/index.html
",client,quic_client_test_tp_prefadd_error0,,server_return_code(1)+ivy_return_code(1),/home/chris/Toward-verification-of-QUIC-extensions/installer/TVOQE/results/errors/client/local/quant-client-2/temp/991/quic_client_test_tp_prefadd_error0.iev,0.0,0.0
1019," /home/chris/TVOQE_UPGRADE_27/quic/quant/Debug/bin/client -c false -r 20 -l /home/chris/secret.log -q /home/chris/qlog_quant -t 3600 -v 5 -e 0xff00001d https://localhost:4443/index.html
",client,quic_client_test_blocked_streams_maxstream_error0,,"ivy_return_code(1)+assumption_failed(""quic_client_test_blocked_streams_maxstream_error.ivy: line 283"")",/home/chris/Toward-verification-of-QUIC-extensions/installer/TVOQE/results/errors/client/local/quant-client-2/temp/681/quic_client_test_blocked_streams_maxstream_error0.iev,0.0,0.0
1020," /home/chris/TVOQE_UPGRADE_27/quic/quant/Debug/bin/client -c false -r 20 -l /home/chris/secret.log -q /home/chris/qlog_quant -t 3600 -v 5 -e 0xff00001d https://localhost:4443/index.html
",client,quic_client_test_accept_maxdata0,,,/home/chris/Toward-verification-of-QUIC-extensions/installer/TVOQE/results/errors/client/local/quant-client-2/temp/802/quic_client_test_accept_maxdata0.iev,0.0,1.0
1021," /home/chris/TVOQE_UPGRADE_27/quic/quant/Debug/bin/client -c false -r 20 -l /home/chris/secret.log -q /home/chris/qlog_quant -t 3600 -v 5 -e 0xff00001d https://localhost:4443/index.html
",client,quic_client_test_retirecoid_error0,,"ivy_return_code(1)+assumption_failed(""quic_client_test_retirecoid_error.ivy: line 276"")",/home/chris/Toward-verification-of-QUIC-extensions/installer/TVOQE/results/errors/client/local/quant-client-2/temp/763/quic_client_test_retirecoid_error0.iev,0.0,0.0
1022," /home/chris/TVOQE_UPGRADE_27/quic/quant/Debug/bin/client -c false -r 20 -l /home/chris/secret.log -q /home/chris/qlog_quant -t 3600 -v 5 -e 0xff00001d https://localhost:4443/index.html
",client,quic_client_test_tp_unkown0,,,/home/chris/Toward-verification-of-QUIC-extensions/installer/TVOQE/results/errors/client/local/quant-client-2/temp/1180/quic_client_test_tp_unkown0.iev,0.0,1.0
1023," /home/chris/TVOQE_UPGRADE_27/quic/quant/Debug/bin/client -c false -r 20 -l /home/chris/secret.log -q /home/chris/qlog_quant -t 3600 -v 5 -e 0xff00001d https://localhost:4443/index.html
",client,quic_client_test_limit_max_error0,,"ivy_return_code(1)+assumption_failed(""quic_client_test_limit_max_error.ivy: line 504"")",/home/chris/Toward-verification-of-QUIC-extensions/installer/TVOQE/results/errors/client/local/quant-client-2/temp/1271/quic_client_test_limit_max_error0.iev,0.0,0.0
1024," /home/chris/TVOQE_UPGRADE_27/quic/quant/Debug/bin/client -c false -r 20 -l /home/chris/secret.log -q /home/chris/qlog_quant -t 3600 -v 5 -e 0xff00001d https://localhost:4443/index.html
",client,quic_client_test_double_tp_error0,,server_return_code(1)+ivy_return_code(1),/home/chris/Toward-verification-of-QUIC-extensions/installer/TVOQE/results/errors/client/local/quant-client-2/temp/418/quic_client_test_double_tp_error0.iev,0.0,0.0
1025," /home/chris/TVOQE_UPGRADE_27/quic/quant/Debug/bin/client -c false -r 20 -l /home/chris/secret.log -q /home/chris/qlog_quant -t 3600 -v 5 -e 0xff00001d https://localhost:4443/index.html
",client,quic_client_test_new_token_error0,,server_return_code(1)+ivy_return_code(1),/home/chris/Toward-verification-of-QUIC-extensions/installer/TVOQE/results/errors/client/local/quant-client-2/temp/1344/quic_client_test_new_token_error0.iev,0.0,0.0
1026," /home/chris/TVOQE_UPGRADE_27/quic/quant/Debug/bin/client -c false -r 20 -l /home/chris/secret.log -q /home/chris/qlog_quant -t 3600 -v 5 -e 0xff00001d https://localhost:4443/index.html
",client,quic_client_test_new_token_error0,,ivy_return_code(134)+ivy_binary_deser_128 getn deser_err,/home/chris/Toward-verification-of-QUIC-extensions/installer/TVOQE/results/errors/client/local/quant-client-2/temp/1313/quic_client_test_new_token_error0.iev,0.0,0.0
1027," /home/chris/TVOQE_UPGRADE_27/quic/quant/Debug/bin/client -c false -r 20 -l /home/chris/secret.log -q /home/chris/qlog_quant -t 3600 -v 5 -e 0xff00001d https://localhost:4443/index.html
",client,quic_client_test_tp_prefadd_error0,,server_return_code(1)+ivy_return_code(1),/home/chris/Toward-verification-of-QUIC-extensions/installer/TVOQE/results/errors/client/local/quant-client-2/temp/993/quic_client_test_tp_prefadd_error0.iev,0.0,0.0
1028," /home/chris/TVOQE_UPGRADE_27/quic/quant/Debug/bin/client -c false -r 20 -l /home/chris/secret.log -q /home/chris/qlog_quant -t 3600 -v 5 -e 0xff00001d https://localhost:4443/index.html
",client,quic_client_test_tp_prefadd_error0,,server_return_code(1)+ivy_return_code(1),/home/chris/Toward-verification-of-QUIC-extensions/installer/TVOQE/results/errors/client/local/quant-client-2/temp/978/quic_client_test_tp_prefadd_error0.iev,0.0,0.0
1029," /home/chris/TVOQE_UPGRADE_27/quic/quant/Debug/bin/client -c false -r 20 -l /home/chris/secret.log -q /home/chris/qlog_quant -t 3600 -v 5 -e 0xff00001d https://localhost:4443/index.html
",client,quic_client_test_tp_acticoid_error0,,,/home/chris/Toward-verification-of-QUIC-extensions/installer/TVOQE/results/errors/client/local/quant-client-2/temp/530/quic_client_test_tp_acticoid_error0.iev,0.0,1.0
1030," /home/chris/TVOQE_UPGRADE_27/quic/quant/Debug/bin/client -c false -r 20 -l /home/chris/secret.log -q /home/chris/qlog_quant -t 3600 -v 5 -e 0xff00001d https://localhost:4443/index.html
",client,quic_client_test_retirecoid_error0,,"ivy_return_code(1)+assumption_failed(""quic_client_test_retirecoid_error.ivy: line 276"")",/home/chris/Toward-verification-of-QUIC-extensions/installer/TVOQE/results/errors/client/local/quant-client-2/temp/761/quic_client_test_retirecoid_error0.iev,0.0,0.0
1031," /home/chris/TVOQE_UPGRADE_27/quic/quant/Debug/bin/client -c false -r 20 -l /home/chris/secret.log -q /home/chris/qlog_quant -t 3600 -v 5 -e 0xff00001d https://localhost:4443/index.html
",client,quic_client_test_max0,,,/home/chris/Toward-verification-of-QUIC-extensions/installer/TVOQE/results/errors/client/local/quant-client-2/temp/65/quic_client_test_max0.iev,0.0,1.0
1032," /home/chris/TVOQE_UPGRADE_27/quic/quant/Debug/bin/client -c false -r 20 -l /home/chris/secret.log -q /home/chris/qlog_quant -t 3600 -v 5 -e 0xff00001d https://localhost:4443/index.html
",client,quic_client_test_tp_unkown0,,,/home/chris/Toward-verification-of-QUIC-extensions/installer/TVOQE/results/errors/client/local/quant-client-2/temp/1104/quic_client_test_tp_unkown0.iev,0.0,1.0
1033," /home/chris/TVOQE_UPGRADE_27/quic/quant/Debug/bin/client -c false -r 20 -l /home/chris/secret.log -q /home/chris/qlog_quant -t 3600 -v 5 -e 0xff00001d https://localhost:4443/index.html
",client,quic_client_test_double_tp_error0,,"ivy_return_code(1)+assumption_failed(""quic_client_test_double_tp_error.ivy: line 502"")",/home/chris/Toward-verification-of-QUIC-extensions/installer/TVOQE/results/errors/client/local/quant-client-2/temp/484/quic_client_test_double_tp_error0.iev,0.0,0.0
1034," /home/chris/TVOQE_UPGRADE_27/quic/quant/Debug/bin/client -c false -r 20 -l /home/chris/secret.log -q /home/chris/qlog_quant -t 3600 -v 5 -e 0xff00001d https://localhost:4443/index.html
",client,quic_client_test_limit_max_error0,,"ivy_return_code(1)+assumption_failed(""quic_client_test_limit_max_error.ivy: line 504"")",/home/chris/Toward-verification-of-QUIC-extensions/installer/TVOQE/results/errors/client/local/quant-client-2/temp/1299/quic_client_test_limit_max_error0.iev,0.0,0.0
1035," /home/chris/TVOQE_UPGRADE_27/quic/quant/Debug/bin/client -c false -r 20 -l /home/chris/secret.log -q /home/chris/qlog_quant -t 3600 -v 5 -e 0xff00001d https://localhost:4443/index.html
",client,quic_client_test_tp_error0,,server_return_code(1)+timeout,/home/chris/Toward-verification-of-QUIC-extensions/installer/TVOQE/results/errors/client/local/quant-client-2/temp/333/quic_client_test_tp_error0.iev,0.0,0.0
1036," /home/chris/TVOQE_UPGRADE_27/quic/quant/Debug/bin/client -c false -r 20 -l /home/chris/secret.log -q /home/chris/qlog_quant -t 3600 -v 5 -e 0xff00001d https://localhost:4443/index.html
",client,quic_client_test_max0,,"ivy_return_code(1)+assumption_failed(""quic_client_test.ivy: line 310"")",/home/chris/Toward-verification-of-QUIC-extensions/installer/TVOQE/results/errors/client/local/quant-client-2/temp/54/quic_client_test_max0.iev,0.0,0.0
1037," /home/chris/TVOQE_UPGRADE_27/quic/quant/Debug/bin/client -c false -r 20 -l /home/chris/secret.log -q /home/chris/qlog_quant -t 3600 -v 5 -e 0xff00001d https://localhost:4443/index.html
",client,quic_client_test_new_token_error0,,ivy_return_code(134)+ivy_binary_deser_128 getn deser_err,/home/chris/Toward-verification-of-QUIC-extensions/installer/TVOQE/results/errors/client/local/quant-client-2/temp/1364/quic_client_test_new_token_error0.iev,0.0,0.0
1038," /home/chris/TVOQE_UPGRADE_27/quic/quant/Debug/bin/client -c false -r 20 -l /home/chris/secret.log -q /home/chris/qlog_quant -t 3600 -v 5 -e 0xff00001d https://localhost:4443/index.html
",client,quic_client_test_limit_max_error0,,"ivy_return_code(1)+assumption_failed(""quic_client_test_limit_max_error.ivy: line 504"")",/home/chris/Toward-verification-of-QUIC-extensions/installer/TVOQE/results/errors/client/local/quant-client-2/temp/1268/quic_client_test_limit_max_error0.iev,0.0,0.0
1039," /home/chris/TVOQE_UPGRADE_27/quic/quant/Debug/bin/client -c false -r 20 -l /home/chris/secret.log -q /home/chris/qlog_quant -t 3600 -v 5 -e 0xff00001d https://localhost:4443/index.html
",client,quic_client_test_limit_max_error0,,"ivy_return_code(1)+assumption_failed(""quic_client_test_limit_max_error.ivy: line 504"")",/home/chris/Toward-verification-of-QUIC-extensions/installer/TVOQE/results/errors/client/local/quant-client-2/temp/1275/quic_client_test_limit_max_error0.iev,0.0,0.0
1040," /home/chris/TVOQE_UPGRADE_27/quic/quant/Debug/bin/client -c false -r 20 -l /home/chris/secret.log -q /home/chris/qlog_quant -t 3600 -v 5 -e 0xff00001d https://localhost:4443/index.html
",client,quic_client_test_new_token_error0,,server_return_code(1)+ivy_return_code(1),/home/chris/Toward-verification-of-QUIC-extensions/installer/TVOQE/results/errors/client/local/quant-client-2/temp/1326/quic_client_test_new_token_error0.iev,0.0,0.0
1041," /home/chris/TVOQE_UPGRADE_27/quic/quant/Debug/bin/client -c false -r 20 -l /home/chris/secret.log -q /home/chris/qlog_quant -t 3600 -v 5 -e 0xff00001d https://localhost:4443/index.html
",client,quic_client_test_ext_min_ack_delay0,,,/home/chris/Toward-verification-of-QUIC-extensions/installer/TVOQE/results/errors/client/local/quant-client-2/temp/282/quic_client_test_ext_min_ack_delay0.iev,0.0,1.0
1042," /home/chris/TVOQE_UPGRADE_27/quic/quant/Debug/bin/client -c false -r 20 -l /home/chris/secret.log -q /home/chris/qlog_quant -t 3600 -v 5 -e 0xff00001d https://localhost:4443/index.html
",client,quic_client_test_tp_unkown0,,,/home/chris/Toward-verification-of-QUIC-extensions/installer/TVOQE/results/errors/client/local/quant-client-2/temp/1184/quic_client_test_tp_unkown0.iev,0.0,1.0
1043," /home/chris/TVOQE_UPGRADE_27/quic/quant/Debug/bin/client -c false -r 20 -l /home/chris/secret.log -q /home/chris/qlog_quant -t 3600 -v 5 -e 0xff00001d https://localhost:4443/index.html
",client,quic_client_test_retirecoid_error0,,"ivy_return_code(1)+assumption_failed(""quic_client_test_retirecoid_error.ivy: line 276"")",/home/chris/Toward-verification-of-QUIC-extensions/installer/TVOQE/results/errors/client/local/quant-client-2/temp/735/quic_client_test_retirecoid_error0.iev,0.0,0.0
1044," /home/chris/TVOQE_UPGRADE_27/quic/quant/Debug/bin/client -c false -r 20 -l /home/chris/secret.log -q /home/chris/qlog_quant -t 3600 -v 5 -e 0xff00001d https://localhost:4443/index.html
",client,quic_client_test_tp_prefadd_error0,,"ivy_return_code(1)+assumption_failed(""quic_client_test_tp_prefadd_error.ivy: line 518"")",/home/chris/Toward-verification-of-QUIC-extensions/installer/TVOQE/results/errors/client/local/quant-client-2/temp/934/quic_client_test_tp_prefadd_error0.iev,0.0,0.0
1045," /home/chris/TVOQE_UPGRADE_27/quic/quant/Debug/bin/client -c false -r 20 -l /home/chris/secret.log -q /home/chris/qlog_quant -t 3600 -v 5 -e 0xff00001d https://localhost:4443/index.html
",client,quic_client_test_accept_maxdata0,,,/home/chris/Toward-verification-of-QUIC-extensions/installer/TVOQE/results/errors/client/local/quant-client-2/temp/850/quic_client_test_accept_maxdata0.iev,0.0,1.0
1046," /home/chris/TVOQE_UPGRADE_27/quic/quant/Debug/bin/client -c false -r 20 -l /home/chris/secret.log -q /home/chris/qlog_quant -t 3600 -v 5 -e 0xff00001d https://localhost:4443/index.html
",client,quic_client_test_retirecoid_error0,,"ivy_return_code(1)+assumption_failed(""quic_client_test_retirecoid_error.ivy: line 276"")",/home/chris/Toward-verification-of-QUIC-extensions/installer/TVOQE/results/errors/client/local/quant-client-2/temp/798/quic_client_test_retirecoid_error0.iev,0.0,0.0
1047," /home/chris/TVOQE_UPGRADE_27/quic/quant/Debug/bin/client -c false -r 20 -l /home/chris/secret.log -q /home/chris/qlog_quant -t 3600 -v 5 -e 0xff00001d https://localhost:4443/index.html
",client,quic_client_test_limit_max_error0,,"ivy_return_code(1)+assumption_failed(""quic_client_test_limit_max_error.ivy: line 504"")",/home/chris/Toward-verification-of-QUIC-extensions/installer/TVOQE/results/errors/client/local/quant-client-2/temp/1242/quic_client_test_limit_max_error0.iev,0.0,0.0
1048," /home/chris/TVOQE_UPGRADE_27/quic/quant/Debug/bin/client -c false -r 20 -l /home/chris/secret.log -q /home/chris/qlog_quant -t 3600 -v 5 -e 0xff00001d https://localhost:4443/index.html
",client,quic_client_test_accept_maxdata0,,,/home/chris/Toward-verification-of-QUIC-extensions/installer/TVOQE/results/errors/client/local/quant-client-2/temp/878/quic_client_test_accept_maxdata0.iev,0.0,1.0
1049," /home/chris/TVOQE_UPGRADE_27/quic/quant/Debug/bin/client -c false -r 20 -l /home/chris/secret.log -q /home/chris/qlog_quant -t 3600 -v 5 -e 0xff00001d https://localhost:4443/index.html
",client,quic_client_test_blocked_streams_maxstream_error0,,"ivy_return_code(1)+assumption_failed(""quic_client_test_blocked_streams_maxstream_error.ivy: line 283"")",/home/chris/Toward-verification-of-QUIC-extensions/installer/TVOQE/results/errors/client/local/quant-client-2/temp/655/quic_client_test_blocked_streams_maxstream_error0.iev,0.0,0.0
1050," /home/chris/TVOQE_UPGRADE_27/quic/quant/Debug/bin/client -c false -r 20 -l /home/chris/secret.log -q /home/chris/qlog_quant -t 3600 -v 5 -e 0xff00001d https://localhost:4443/index.html
",client,quic_client_test_tp_acticoid_error0,,"ivy_return_code(1)+assumption_failed(""quic_client_test_tp_acticoid_error.ivy: line 515"")",/home/chris/Toward-verification-of-QUIC-extensions/installer/TVOQE/results/errors/client/local/quant-client-2/temp/572/quic_client_test_tp_acticoid_error0.iev,0.0,0.0
1051," /home/chris/TVOQE_UPGRADE_27/quic/quant/Debug/bin/client -c false -r 20 -l /home/chris/secret.log -q /home/chris/qlog_quant -t 3600 -v 5 -e 0xff00001d https://localhost:4443/index.html
",client,quic_client_test_limit_max_error0,,"ivy_return_code(1)+assumption_failed(""quic_client_test_limit_max_error.ivy: line 504"")",/home/chris/Toward-verification-of-QUIC-extensions/installer/TVOQE/results/errors/client/local/quant-client-2/temp/1238/quic_client_test_limit_max_error0.iev,0.0,0.0
1052," /home/chris/TVOQE_UPGRADE_27/quic/quant/Debug/bin/client -c false -r 20 -l /home/chris/secret.log -q /home/chris/qlog_quant -t 3600 -v 5 -e 0xff00001d https://localhost:4443/index.html
",client,quic_client_test_limit_max_error0,,"ivy_return_code(1)+assumption_failed(""quic_client_test_limit_max_error.ivy: line 504"")",/home/chris/Toward-verification-of-QUIC-extensions/installer/TVOQE/results/errors/client/local/quant-client-2/temp/1274/quic_client_test_limit_max_error0.iev,0.0,0.0
1053," /home/chris/TVOQE_UPGRADE_27/quic/quant/Debug/bin/client -c false -r 20 -l /home/chris/secret.log -q /home/chris/qlog_quant -t 3600 -v 5 -e 0xff00001d https://localhost:4443/index.html
",client,quic_client_test_tp_unkown0,,,/home/chris/Toward-verification-of-QUIC-extensions/installer/TVOQE/results/errors/client/local/quant-client-2/temp/1169/quic_client_test_tp_unkown0.iev,0.0,1.0
1054," /home/chris/TVOQE_UPGRADE_27/quic/quant/Debug/bin/client -c false -r 20 -l /home/chris/secret.log -q /home/chris/qlog_quant -t 3600 -v 5 -e 0xff00001d https://localhost:4443/index.html
",client,quic_client_test_tp_error0,,"timeout+< undecryptable_packet_event({protocol:udp,addr:0x7f000001,port:0x973a},{protocol:udp,addr:0x7f000001,port:0x115b},[0xcb,0xff,0,0,0x1d,0x14,0x4d,0x63,0x67,0x72,0x43,0xc9,0x4e,0xa7,0xe7,0x45,0x8e,0x61,0x80,0x60,0xc,0x7a,0x3c,0xd1,0x5d,0x2c,0x4,0xa3,0x10,0x26,0xf4,0,0x44,0x8e,0x6e,0x42,0xbe,0x34,0x90,0xba,0xd9,0x1d,0x8e,0x7e,0x80,0x33,0xcf,0xac,0x47,0xdf,0x1c,0x46,0x91,0x87,0x54,0xb1,0x1,0x6b,0x72,0xf7,0x4e,0x3f,0x9a,0x7a,0x51,0xf4,0xaa,0x42,0xf7,0xcb,0x40,0x94,0xac,0x5d,0x59,0x20,0xc3,0x20,0x4b,0x38,0x4,0x54,0x8a,0x2d,0xed,0x55,0x13,0x18,0x4b,0x40,0x93,0x88,0x41,0x7b,0xba,0x24,0x9b,0xe4,0xfb,0x34,0xd4,0x81,0x2,0x2f,0xf6,0x3c,0x3e,0x32,0x42,0xe5,0xd2,0xb4,0xb5,0x72,0x31,0x9b,0x6,0x1c,0x82,0x1d,0x46,0x3d,0x61,0x2a,0x11,0x15,0xa0,0x38,0x61,0x83,0xc9,0x7d,0xf9,0xf1,0xa6,0x1,0x58,0xf0,0x1f,0x9f,0x61,0xa7,0xb3,0x4e,0xe5,0x9a,0x2c,0xb1,0x28,0xe2,0xc6,0xf3,0xf4,0x8d,0xf,0x6f,0x36,0xe4,0xde,0xef,0xda,0xd9,0xf3,0xb2,0xa1,0xdd,0x8a,0xb4,0x4d,0x9b,0x91,0xd2,0x57,0xcf,0x56,0x99,0x33,0xf,0x24,0x77,0xae,0x5b,0x35,0xa,0xe2,0xa9,0xe9,0xa3,0xde,0xf1,0xa6,0x93,0x11,0xdc,0x57,0xa8,0xd9,0x26,0xba,0x8,0xc3,0x3f,0xda,0xf8,0x78,0x6d,0x37,0xcc,0x92,0xaa,0xcd,0x97,0x89,0x5b,0x8b,0x8d,0x7b,0xa8,0x92,0x68,0x1a,0xc9,0x66,0x58,0xd3,0xcb,0x9b,0x93,0xcf,0x6f,0xff,0x65,0xe5,0xfd,0xed,0xd2,0xfc,0x2d,0x83,0x62,0x4,0x45,0x9f,0xda,0xef,0x78,0x48,0x55,0x97,0x49,0x9e,0x6a,0xff,0x4a,0x18,0x23,0x45,0xb0,0xf7,0x85,0xf4,0x4a,0x40,0x40,0xbf,0xa5,0xfd,0xbf,0xe1,0xe9,0xf9,0x9e,0x2a,0x17,0xe6,0xb4,0x5f,0x14,0x3f,0xb7,0xc6,0x9,0xd6,0x82,0x97,0x9c,0x97,0x81,0x34,0x3d,0xee,0x8d,0xbf,0x5b,0xf1,0x1f,0x26,0xfd,0x22,0x42,0x33,0x81,0x19,0x41,0x78,0x10,0xe,0x6a,0x23,0xe3,0x61,0x36,0x9b,0,0x4,0xf3,0x63,0xa4,0x7,0xbf,0x4a,0x35,0x4d,0x93,0xa9,0xd8,0x8d,0xdb,0x12,0xf2,0x7,0x2a,0xdc,0xcf,0x90,0xcb,0x22,0xb7,0x39,0xe5,0x2,0x6f,0xca,0x9f,0xcf,0xbb,0,0x58,0xd6,0xe0,0x35,0x2e,0x1f,0x1e,0x65,0x7d,0x74,0x29,0xc6,0x49,0xce,0xf,0x77,0x47,0xff,0x15,0x9,0x62,0x77,0xe9,0xfe,0xed,0x93,0x65,0xf4,0x9c,0xe1,0x19,0x1f,0xc1,0x1d,0x2e,0x9f,0xc2,0xc9,0x94,0x86,0x5,0xe0,0xbb,0xf4,0xa6,0x6c,0x29,0x54,0x74,0x42,0x64,0x2a,0xc8,0xb6,0xa1,0xdd,0x86,0xa8,0xa2,0x32,0x36,0xf1,0x23,0x8f,0xa0,0x22,0x1f,0xc6,0x4a,0x8c,0x3b,0x16,0xb7,0x6a,0x57,0xed,0xe9,0x35,0x72,0x59,0x8b,0x6d,0x8d,0x6e,0xc3,0xab,0x69,0xf5,0x1c,0x4,0x9,0x3e,0x13,0xd6,0x67,0x89,0x49,0x18,0x71,0xdd,0x1b,0x4d,0x27,0xf6,0xb2,0x9e,0x1,0x26,0xd9,0x70,0x3b,0xe1,0x55,0x79,0xf1,0xcd,0xf1,0xe,0xef,0x2d,0xd5,0xb1,0x25,0x95,0xce,0xb9,0x98,0x93,0x9d,0xd9,0x4b,0x89,0x59,0x9c,0x5b,0x9d,0x90,0xa7,0x76,0x19,0x49,0xd6,0x71,0x23,0x5f,0xe,0xd3,0x4a,0xb5,0xeb,0x6,0x16,0x72,0x93,0x72,0x82,0xb1,0x99,0xc1,0x5f,0xad,0xe9,0x1f,0x15,0xd8,0x4,0xd9,0x3d,0x88,0x11,0xc7,0x29,0xca,0x48,0x94,0xc3,0x1b,0xe1,0xcd,0x6e,0x74,0xcb,0xe5,0xb4,0x1a,0x62,0x54,0x73,0xf2,0x4b,0,0x6c,0x71,0xfb,0xe4,0x59,0xd0,0xa,0xb6,0x3e,0xbc,0x24,0x3,0xce,0xc5,0x16,0xda,0xbf,0x14,0x84,0x3c,0x78,0xc5,0xa0,0xed,0x86,0xfd,0x74,0x79,0x6a,0x36,0xe9,0x7b,0x80,0xa3,0x4,0x29,0x25,0xdb,0xe,0xd9,0xc0,0x5f,0x92,0x31,0xc1,0xfc,0x6d,0x38,0x3a,0xcf,0xb1,0x33,0x9b,0xa2,0x87,0xe2,0x9,0x3b,0x1f,0xa9,0x99,0x5,0x4d,0x79,0xcd,0x62,0xe7,0x72,0x34,0xcb,0x3f,0x63,0xfd,0x9e,0x7,0xb5,0x64,0xf3,0xa5,0x28,0x6d,0xd2,0x4b,0x9b,0xb6,0x31,0xf,0x10,0xdf,0xe,0xad,0x43,0x26,0xaa,0x7e,0x6a,0xc1,0xaf,0xee,0x48,0x26,0x29,0x50,0x47,0x73,0xc9,0x4a,0xaa,0x8c,0x37,0x32,0x54,0xc7,0xfa,0x5a,0x5c,0xf7,0xee,0x42,0xe8,0xdb,0x8a,0xd8,0x34,0x8a,0xb8,0x21,0x6a,0x19,0x1e,0x59,0x8a,0xb1,0xd8,0xa6,0x1a,0xd1,0x45,0x5f,0x1b,0x10,0xff,0x2a,0x58,0xf5,0xa1,0xca,0xd2,0x39,0x4b,0xe4,0xfc,0xf6,0x99,0x35,0x29,0x1b,0x8b,0x1,0xd8,0xb,0x67,0xf,0xe4,0xbe,0xc5,0x1c,0x58,0x39,0x64,0xbf,0x82,0x37,0x60,0xae,0xa3,0x8f,0xaa,0xac,0x2,0x21,0x93,0x94,0xa1,0x60,0xe2,0xf4,0xae,0xf,0x31,0xe6,0x47,0xf2,0x6d,0x52,0xa4,0x52,0x95,0xac,0xea,0x22,0x30,0x21,0xcd,0xff,0x9a,0x7f,0x6d,0x13,0x5c,0xbf,0x71,0x9a,0x69,0x35,0x97,0x1b,0x8c,0x50,0x7,0x24,0x68,0x15,0x5c,0xd3,0xc,0x69,0x2e,0x8,0xe2,0xd5,0xc7,0x88,0xa6,0x7b,0xb1,0xc5,0xd1,0x3f,0x54,0xd0,0xae,0xb7,0xbe,0xaa,0x78,0xb5,0x5c,0xd1,0x18,0x92,0xe1,0xd7,0x15,0x69,0x4a,0xb1,0x6d,0xca,0xb2,0x5e,0x70,0xe0,0xb,0x91,0xbe,0xc5,0x71,0x55,0x49,0x3f,0x89,0x4a,0x47,0x6,0xe2,0xe4,0x1a,0x1c,0x5e,0x63,0x7,0xfc,0xf7,0x31,0x97,0x7,0xc3,0xed,0x3,0xf6,0x57,0xb,0xd1,0xfc,0x5d,0xde,0xdb,0x44,0x47,0xeb,0xee,0x2a,0xb4,0x4d,0x8b,0x9f,0x4a,0x42,0x26,0xf6,0xdc,0x5a,0x69,0xc,0x80,0x5,0xa5,0xdd,0x2,0x10,0x20,0x3c,0x7a,0x73,0x41,0xb3,0xa6,0xa8,0x5d,0x9e,0x9e,0x52,0x9a,0xb8,0x64,0xb1,0xd1,0xf,0x65,0x6a,0x7d,0x1,0x80,0xcf,0x37,0xef,0xa4,0xa2,0x4e,0x1c,0xa7,0xd,0xb3,0x7,0x6c,0xbc,0x41,0x72,0x53,0x31,0x1b,0x80,0x2e,0x48,0x4e,0x51,0x58,0x8,0x67,0x9d,0x65,0x14,0x60,0xad,0x3d,0x23,0x38,0xab,0x1c,0x7e,0x74,0x87,0x8f,0x1b,0x18,0xaf,0xd6,0x43,0xb7,0xa7,0x55,0x28,0x53,0x64,0x5e,0xe7,0x6d,0xf0,0xb1,0xc,0x21,0x4d,0xe5,0xe6,0xa7,0x74,0xa2,0xdc,0x2a,0xe5,0x20,0xb6,0xe6,0x95,0x53,0x5,0x1e,0x8c,0x2d,0x19,0xc2,0x84,0x5e,0xbe,0x96,0x9b,0x71,0xae,0x5e,0x51,0x1a,0xd3,0xfd,0xc0,0x68,0x18,0x93,0x26,0x1d,0x7,0xe5,0xe1,0x2f,0xd3,0x1e,0xa8,0x87,0,0x45,0x36,0xd0,0xd,0xdb,0x2d,0xc2,0xa8,0xe9,0x77,0x4c,0xa,0x90,0xda,0xbd,0x15,0x7,0x73,0x13,0x95,0x32,0xe,0x46,0xe1,0x25,0xbe,0x98,0x32,0x33,0x70,0x4,0xd7,0xf8,0x9e,0x4e,0xb9,0xcc,0x60,0x84,0x21,0x30,0xbe,0x7,0xd8,0x48,0xee,0xd0,0xb5,0xf6,0x6e,0x87,0x59,0xb,0x81,0xd1,0x1,0x48,0x85,0x71,0x6e,0xd0,0x83,0x8b,0xee,0x36,0x56,0x8c,0x1e,0x3b,0x70,0xf9,0x3d,0x9d,0xaf,0x4b,0xa5,0x7c,0xad,0xfa,0x27,0xe,0xf8,0x83,0x95,0x8f,0x4,0xcd,0x19,0xa4,0xe2,0xab,0xfb,0x9a,0x57,0x3c,0x21,0x28,0x45,0xdd,0x29,0x3a,0x61,0x5d,0x1f,0x27,0xa,0x42,0x53,0x70,0x6c,0x4a,0x73,0xd3,0xcf,0x84,0xf1,0x4b,0xcb,0x18,0xfa,0x18,0x50,0x2a,0x47,0xc5,0xc3,0x81,0x43,0x66,0xee,0x71,0xeb,0x8,0x11,0x5a,0xfd,0xbb,0x1b,0x77,0x92,0x16,0x67,0xad,0x3e,0xd,0xa4,0x8a,0x98,0xae,0,0x52,0x6b,0xfd,0x82,0x27,0x6a,0xb9,0xe3,0xb9,0xfb,0xb3,0x1b,0xa0,0x53,0x57,0x5,0xe3,0xd8,0x85,0x9a,0xf4,0x26,0x4a,0xe8,0x5f,0xa2,0x2f,0x4b,0x9f,0x64,0x41,0xf6,0x6c,0xf8,0x49,0x4d,0x7c,0x9c,0xd5,0x3b,0x1d,0x7d,0x9b,0x15,0x9a,0x96,0x23,0xaf,0x34,0xd5,0xee,0x90,0x9f,0x90,0x26,0xb7,0x58,0x12,0xc2,0xae,0x5e,0xf5,0x8d])",/home/chris/Toward-verification-of-QUIC-extensions/installer/TVOQE/results/errors/client/local/quant-client-2/temp/336/quic_client_test_tp_error0.iev,0.0,0.0
1055," /home/chris/TVOQE_UPGRADE_27/quic/quant/Debug/bin/client -c false -r 20 -l /home/chris/secret.log -q /home/chris/qlog_quant -t 3600 -v 5 -e 0xff00001d https://localhost:4443/index.html
",client,quic_client_test_tp_unkown0,,,/home/chris/Toward-verification-of-QUIC-extensions/installer/TVOQE/results/errors/client/local/quant-client-2/temp/1185/quic_client_test_tp_unkown0.iev,0.0,1.0
1056," /home/chris/TVOQE_UPGRADE_27/quic/quant/Debug/bin/client -c false -r 20 -l /home/chris/secret.log -q /home/chris/qlog_quant -t 3600 -v 5 -e 0xff00001d https://localhost:4443/index.html
",client,quic_client_test_tp_error0,,server_return_code(1)+timeout,/home/chris/Toward-verification-of-QUIC-extensions/installer/TVOQE/results/errors/client/local/quant-client-2/temp/366/quic_client_test_tp_error0.iev,0.0,0.0
1057," /home/chris/TVOQE_UPGRADE_27/quic/quant/Debug/bin/client -c false -r 20 -l /home/chris/secret.log -q /home/chris/qlog_quant -t 3600 -v 5 -e 0xff00001d https://localhost:4443/index.html
",client,quic_client_test_ext_min_ack_delay0,,"ivy_return_code(1)+assumption_failed(""quic_client_test_ext_min_ack_delay.ivy: line 524"")",/home/chris/Toward-verification-of-QUIC-extensions/installer/TVOQE/results/errors/client/local/quant-client-2/temp/263/quic_client_test_ext_min_ack_delay0.iev,0.0,0.0
1058," /home/chris/TVOQE_UPGRADE_27/quic/quant/Debug/bin/client -c false -r 20 -l /home/chris/secret.log -q /home/chris/qlog_quant -t 3600 -v 5 -e 0xff00001d https://localhost:4443/index.html
",client,quic_client_test_new_token_error0,,ivy_return_code(134)+ivy_binary_deser_128 getn deser_err,/home/chris/Toward-verification-of-QUIC-extensions/installer/TVOQE/results/errors/client/local/quant-client-2/temp/1394/quic_client_test_new_token_error0.iev,0.0,0.0
1059," /home/chris/TVOQE_UPGRADE_27/quic/quant/Debug/bin/client -c false -r 20 -l /home/chris/secret.log -q /home/chris/qlog_quant -t 3600 -v 5 -e 0xff00001d https://localhost:4443/index.html
",client,quic_client_test_double_tp_error0,,"ivy_return_code(1)+assumption_failed(""quic_client_test_double_tp_error.ivy: line 502"")",/home/chris/Toward-verification-of-QUIC-extensions/installer/TVOQE/results/errors/client/local/quant-client-2/temp/499/quic_client_test_double_tp_error0.iev,0.0,0.0
1060," /home/chris/TVOQE_UPGRADE_27/quic/quant/Debug/bin/client -c false -r 20 -l /home/chris/secret.log -q /home/chris/qlog_quant -t 3600 -v 5 -e 0xff00001d https://localhost:4443/index.html
",client,quic_client_test_accept_maxdata0,,,/home/chris/Toward-verification-of-QUIC-extensions/installer/TVOQE/results/errors/client/local/quant-client-2/temp/838/quic_client_test_accept_maxdata0.iev,0.0,1.0
1061," /home/chris/TVOQE_UPGRADE_27/quic/quant/Debug/bin/client -c false -r 20 -l /home/chris/secret.log -q /home/chris/qlog_quant -t 3600 -v 5 -e 0xff00001d https://localhost:4443/index.html
",client,quic_client_test_limit_max_error0,,"ivy_return_code(1)+assumption_failed(""quic_client_test_limit_max_error.ivy: line 504"")",/home/chris/Toward-verification-of-QUIC-extensions/installer/TVOQE/results/errors/client/local/quant-client-2/temp/1261/quic_client_test_limit_max_error0.iev,0.0,0.0
1062," /home/chris/TVOQE_UPGRADE_27/quic/quant/Debug/bin/client -c false -r 20 -l /home/chris/secret.log -q /home/chris/qlog_quant -t 3600 -v 5 -e 0xff00001d https://localhost:4443/index.html
",client,quic_client_test_retirecoid_error0,,"ivy_return_code(1)+assumption_failed(""quic_client_test_retirecoid_error.ivy: line 276"")",/home/chris/Toward-verification-of-QUIC-extensions/installer/TVOQE/results/errors/client/local/quant-client-2/temp/755/quic_client_test_retirecoid_error0.iev,0.0,0.0
1063," /home/chris/TVOQE_UPGRADE_27/quic/quant/Debug/bin/client -c false -r 20 -l /home/chris/secret.log -q /home/chris/qlog_quant -t 3600 -v 5 -e 0xff00001d https://localhost:4443/index.html
",client,quic_client_test_limit_max_error0,,"ivy_return_code(1)+assumption_failed(""quic_client_test_limit_max_error.ivy: line 504"")",/home/chris/Toward-verification-of-QUIC-extensions/installer/TVOQE/results/errors/client/local/quant-client-2/temp/1298/quic_client_test_limit_max_error0.iev,0.0,0.0
1064," /home/chris/TVOQE_UPGRADE_27/quic/quant/Debug/bin/client -c false -r 20 -l /home/chris/secret.log -q /home/chris/qlog_quant -t 3600 -v 5 -e 0xff00001d https://localhost:4443/index.html
",client,quic_client_test_stream0,,"timeout+< undecryptable_packet_event({protocol:udp,addr:0x7f000001,port:0xc71f},{protocol:udp,addr:0x7f000001,port:0x115b},[0xca,0xff,0,0,0x1d,0x14,0xf8,0x71,0x87,0xd9,0x14,0x82,0xb4,0x9b,0x42,0x7a,0xad,0x39,0x1b,0x65,0xf3,0x39,0x5d,0xad,0x57,0xe6,0x4,0x98,0x3b,0x90,0x8b,0,0x44,0x8e,0x4d,0xa0,0x56,0x87,0xa7,0x6e,0xbb,0x5f,0x5a,0xc8,0x41,0x3,0x3d,0xd6,0x4b,0x40,0xa,0xaf,0x78,0x99,0xd3,0x4c,0x5b,0xf8,0x36,0xfd,0xd3,0xff,0x8b,0x78,0x59,0xc9,0x7a,0x56,0x68,0x8,0xe5,0xe3,0x5d,0x8a,0x75,0xc2,0xbb,0xb4,0x3,0x64,0xc4,0x71,0xf3,0xab,0x1f,0x93,0xa7,0x3a,0xae,0x5b,0xc8,0xed,0xa,0xad,0xd0,0x5a,0x7d,0x36,0xa6,0x73,0xcb,0x98,0x8e,0x3a,0x16,0xd,0x94,0x2,0x46,0x49,0x3a,0xf1,0xa0,0x14,0xc5,0xe8,0x9,0xa7,0,0xe4,0x10,0xc2,0xaa,0xc9,0x89,0x4f,0x73,0x5d,0xf3,0x5a,0xe4,0x5c,0x7d,0xeb,0x9c,0xd,0xa6,0xf2,0xf5,0x95,0x4b,0x1d,0x97,0x92,0x78,0x1e,0x13,0x47,0x99,0xfd,0x34,0x92,0xf3,0xcb,0x51,0x5d,0xaf,0x81,0xcf,0x64,0x26,0x2c,0x50,0x21,0x8,0xce,0xbd,0xff,0x85,0xa9,0xc3,0x8c,0xfd,0xcd,0x74,0x1c,0x77,0x99,0xd5,0xcd,0x2d,0xcc,0x87,0xef,0x60,0xb4,0xab,0x4,0x75,0xae,0xdd,0x3f,0xb6,0xee,0x3,0x79,0x7c,0x2e,0x36,0x57,0x73,0x8d,0xa6,0x74,0x6f,0x9,0xd2,0x91,0x2e,0x92,0xf,0xc6,0x77,0xb2,0x9b,0x32,0x17,0x9b,0xa7,0x2d,0x4c,0x71,0xf,0x27,0x69,0x98,0x36,0x47,0x71,0xcc,0xa4,0xf3,0x66,0x64,0xa4,0x70,0x3b,0xac,0x64,0xf4,0x54,0x4e,0x6a,0xd6,0x5f,0x4,0xe,0xaf,0xb3,0x6e,0xe8,0x74,0x25,0xec,0xa0,0xec,0xc4,0x27,0x26,0x8e,0x5a,0x57,0x6d,0x7f,0x96,0xe9,0x6c,0x8f,0x16,0xac,0x14,0x13,0x22,0x67,0x61,0xa4,0xd2,0xe5,0xea,0x26,0x3c,0x63,0x1f,0x4b,0x1c,0x88,0xbe,0xe9,0x60,0xd6,0xa7,0x29,0x6d,0xc6,0xf7,0x8b,0xf1,0,0x86,0xa0,0xda,0x7,0x14,0x80,0xf,0xf2,0xaa,0x95,0xf0,0xaf,0xe8,0xef,0xf3,0x11,0xf6,0xe9,0xf2,0x75,0xe7,0xa6,0x37,0xe4,0x84,0x9c,0x3b,0xc3,0x53,0xd6,0xe6,0xf1,0x51,0x94,0xb,0xef,0xcc,0x59,0xa1,0x7,0x7a,0x6b,0x62,0xd4,0x6,0x28,0x1a,0xa,0x43,0x1e,0xe6,0x91,0x8,0x9d,0xca,0x9d,0xfc,0xdb,0xc4,0x8e,0xf3,0x4d,0x6f,0x44,0xcd,0xca,0x4f,0x5b,0x9e,0x57,0x8a,0x8e,0xb0,0x1f,0x2d,0x6b,0xf0,0xf9,0x93,0xf6,0x2b,0xed,0xe1,0x82,0x9b,0xbc,0x96,0x4f,0xe2,0xb8,0x45,0x8c,0x9c,0x62,0x28,0x87,0x2e,0xa3,0xfa,0x58,0xea,0x47,0x19,0x2a,0xc0,0xb1,0xaf,0x1b,0xba,0xf0,0x8a,0xc5,0xf3,0xdc,0x10,0xe9,0x8e,0xc5,0xff,0x1c,0x6d,0xef,0xd,0x3c,0x3c,0x5b,0xd,0x63,0x3b,0x68,0x72,0x12,0xf7,0x93,0xca,0xd5,0xa1,0xfb,0x7,0xea,0xf0,0x16,0x8b,0x54,0xc1,0x87,0x92,0xb2,0xc9,0x4b,0x47,0x5c,0xa8,0x71,0xbb,0x56,0x77,0x4d,0xf8,0x39,0,0x10,0x3e,0xc1,0xd7,0xec,0x31,0x3e,0x25,0xe0,0xc4,0x5d,0xd2,0xc4,0xae,0x68,0xd7,0x8d,0xdf,0xd8,0x87,0x80,0xd6,0xff,0xbc,0x7,0x68,0x7a,0x33,0x5d,0xdc,0xc9,0x1a,0xfc,0xe2,0xcb,0x86,0x4c,0x73,0x27,0x32,0x8f,0x6,0x4a,0xe4,0x35,0x4e,0xc7,0xa,0x81,0x34,0xbf,0xd0,0x84,0x6d,0xc4,0xc8,0x3b,0x3b,0xff,0x18,0x45,0x7e,0x3a,0xa0,0xfa,0x57,0x7f,0xca,0x8f,0x13,0x9d,0xda,0x16,0xcb,0x85,0xbe,0x27,0x6a,0x2,0xe6,0xc8,0xa2,0xe2,0x2,0x68,0x7c,0xb1,0x3a,0x56,0xcf,0xa8,0x87,0x25,0x43,0xad,0x2b,0x26,0x19,0xca,0x4d,0x83,0x70,0x8c,0x6e,0xd,0xd,0xbd,0xc4,0x4a,0xa4,0xa0,0xab,0x9b,0x5e,0xcd,0xab,0x19,0x2f,0x84,0xff,0xb0,0xc8,0x88,0x1d,0xb8,0xcb,0x24,0x97,0x95,0x98,0x85,0x6e,0x4e,0x8a,0xa8,0xa6,0xaa,0xc3,0xd7,0x93,0xb0,0x4f,0xc6,0xa2,0x77,0x1b,0x74,0xa3,0xed,0x3b,0xc6,0x18,0xe3,0x59,0x84,0xef,0x22,0x53,0xe5,0x45,0x1,0x6e,0xf6,0xcc,0x8a,0x65,0xbf,0xc4,0xc5,0x49,0xe,0x94,0x54,0xb5,0x27,0x49,0x6c,0x7d,0x98,0xa7,0x82,0x53,0xef,0xef,0x68,0xbe,0xa0,0x45,0x61,0xfe,0x23,0x31,0x31,0xcf,0xe7,0xc4,0x56,0x4,0xc0,0x4b,0xf5,0xd1,0x14,0xe9,0x60,0x71,0xe8,0xc5,0xb9,0xaa,0xdb,0x9d,0xf3,0x5e,0x6e,0x45,0x54,0xb6,0x1e,0x7,0x28,0xaa,0x33,0x9b,0x1e,0xa9,0xd0,0xfa,0x2b,0xf4,0x37,0x58,0xda,0x98,0x7,0x40,0x6c,0x66,0xff,0xf7,0x39,0xd9,0xe6,0x1,0xfb,0xec,0xd0,0x33,0xbd,0xe,0x90,0xf7,0x8f,0x49,0x52,0xc7,0x62,0x2d,0x96,0xf2,0x2b,0xf,0xeb,0x96,0x46,0x38,0x53,0xa4,0xdf,0xfa,0xd9,0xd4,0xf4,0xbd,0x2f,0xdd,0xf4,0x10,0xb7,0x68,0x9d,0xc,0xf1,0x10,0xab,0x71,0x7d,0x57,0x42,0xd,0xc2,0x14,0x94,0xb3,0x3a,0x96,0xe5,0x84,0xd4,0x51,0x76,0xf,0x7f,0xba,0x2f,0x42,0xea,0x6a,0xec,0xf0,0xdd,0x26,0x76,0x50,0x91,0x8b,0xc7,0xea,0x51,0xa5,0xce,0xc8,0x43,0x35,0xcf,0x37,0x8b,0xf6,0x6f,0x3c,0x87,0xd0,0x10,0xa1,0xa5,0xb6,0x1b,0x7d,0xf8,0x3c,0xef,0xf9,0x86,0x6f,0xfb,0xad,0x23,0x7d,0x60,0xc4,0xb2,0x77,0xae,0x99,0x92,0xbd,0x43,0x6a,0xd0,0x4c,0x6f,0x28,0x5f,0x33,0xa7,0x39,0xcc,0x25,0x9a,0x26,0x32,0x39,0x77,0x53,0x9b,0x3b,0x1,0xe,0xa2,0x76,0x95,0x3e,0xec,0x75,0xbf,0x63,0xb2,0x29,0x3e,0xdd,0xfb,0x2e,0xa2,0xb,0xbc,0x79,0xb8,0xcf,0x8b,0x8a,0x64,0x81,0x92,0xeb,0x19,0xf5,0x76,0xa9,0xda,0x84,0xc2,0x55,0x66,0xa8,0xb2,0xd0,0x20,0x10,0xa2,0x90,0x15,0x5c,0x69,0xeb,0xc1,0x25,0x54,0xbe,0x89,0x5,0x1f,0x79,0x4d,0x7,0xdf,0x38,0x8e,0x23,0xa8,0,0x5a,0x3d,0x70,0xca,0xa1,0x41,0x71,0x11,0x18,0x88,0xe9,0x28,0xfd,0xc0,0xc5,0x1f,0xe3,0x1e,0x5c,0xf7,0xf1,0x43,0x9c,0x19,0xf9,0xce,0x8c,0x8,0x59,0xf7,0xbe,0x84,0x34,0x57,0x67,0xa,0xd2,0xa2,0xb6,0xb1,0x60,0x16,0x47,0xf1,0xcb,0,0x3,0x8e,0x87,0x88,0x32,0xfc,0xf2,0x28,0x13,0xdb,0x9b,0x6e,0x5f,0xfc,0x92,0x64,0x6e,0xc9,0x64,0xb,0xd5,0xd4,0x31,0x5f,0xe8,0x41,0x68,0xdc,0x62,0xa6,0x4c,0xdc,0x5e,0xfc,0x31,0xbc,0xbe,0x3b,0x2a,0x94,0x91,0x14,0x5e,0x38,0x28,0x4d,0xd3,0x63,0x87,0x61,0xc3,0x57,0x4b,0x77,0x8e,0x55,0x36,0xb1,0x93,0xa2,0xb2,0x84,0x49,0x54,0xac,0xe9,0x1c,0xe1,0xf6,0xcf,0x52,0x8b,0x79,0xff,0x39,0x85,0x73,0xb4,0x4b,0xea,0xbd,0xc7,0x39,0xbf,0xfc,0xae,0xc4,0xb1,0xa3,0xd2,0xc8,0x61,0x32,0x78,0x68,0x47,0xf0,0xfd,0xf2,0xc5,0xcb,0x6e,0x36,0x7d,0x82,0x7,0x9b,0x86,0x33,0x7a,0x85,0xa4,0x2a,0x1c,0x2a,0x54,0xd7,0x48,0x41,0x68,0,0x8d,0x2a,0x39,0x2f,0x7f,0xde,0x5,0x76,0xe6,0x65,0x61,0xa5,0x8b,0x65,0x86,0x89,0x82,0xd8,0xa9,0x9f,0x50,0xc1,0x73,0x52,0x6a,0xe7,0xd2,0xb2,0xaa,0xea,0x5,0x34,0x3a,0x73,0xe4,0x1,0xae,0xe4,0xd0,0xdd,0x4c,0xc6,0x59,0x97,0xd8,0x7,0x9c,0xe9,0x88,0x96,0xab,0xfe,0x31,0x44,0xdd,0x7f,0xe9,0x44,0xfb,0x8c,0xed,0xa0,0xbb,0xaa,0x5c,0xb9,0x66,0xa8,0x5,0x22,0xe0,0x1f,0xa7,0x50,0xc4,0x5b,0x7c,0xf8,0x10,0x7f,0xbd,0x8,0xf6,0xb,0x31,0x65,0xf5,0xf8,0xc6,0x52,0x50,0x6f,0x62,0xa8,0xbc,0xeb,0xa3,0xfc,0xa3,0xf,0x28,0x48,0x1d,0xb,0x8a,0xc9,0x75,0x98,0x5f,0x9f,0xef,0xe9,0x4a,0x20,0xa5,0x48,0x6d,0x4c,0x3d,0xf7,0xb7,0x14,0xa7,0x21,0xcd,0x51,0x4c,0x25,0xce,0x8b,0xfe,0x8f,0xfe,0x4f])",/home/chris/Toward-verification-of-QUIC-extensions/installer/TVOQE/results/errors/client/local/quant-client-2/temp/134/quic_client_test_stream0.iev,0.0,0.0
1065," /home/chris/TVOQE_UPGRADE_27/quic/quant/Debug/bin/client -c false -r 20 -l /home/chris/secret.log -q /home/chris/qlog_quant -t 3600 -v 5 -e 0xff00001d https://localhost:4443/index.html
",client,quic_client_test_tp_prefadd_error0,,server_return_code(1)+ivy_return_code(1),/home/chris/Toward-verification-of-QUIC-extensions/installer/TVOQE/results/errors/client/local/quant-client-2/temp/908/quic_client_test_tp_prefadd_error0.iev,0.0,0.0
1066," /home/chris/TVOQE_UPGRADE_27/quic/quant/Debug/bin/client -c false -r 20 -l /home/chris/secret.log -q /home/chris/qlog_quant -t 3600 -v 5 -e 0xff00001d https://localhost:4443/index.html
",client,quic_client_test_double_tp_error0,,server_return_code(1)+ivy_return_code(1),/home/chris/Toward-verification-of-QUIC-extensions/installer/TVOQE/results/errors/client/local/quant-client-2/temp/409/quic_client_test_double_tp_error0.iev,0.0,0.0
1067," /home/chris/TVOQE_UPGRADE_27/quic/quant/Debug/bin/client -c false -r 20 -l /home/chris/secret.log -q /home/chris/qlog_quant -t 3600 -v 5 -e 0xff00001d https://localhost:4443/index.html
",client,quic_client_test_tp_unkown0,,,/home/chris/Toward-verification-of-QUIC-extensions/installer/TVOQE/results/errors/client/local/quant-client-2/temp/1133/quic_client_test_tp_unkown0.iev,0.0,1.0
1068," /home/chris/TVOQE_UPGRADE_27/quic/quant/Debug/bin/client -c false -r 20 -l /home/chris/secret.log -q /home/chris/qlog_quant -t 3600 -v 5 -e 0xff00001d https://localhost:4443/index.html
",client,quic_client_test_unkown0,,"ivy_return_code(1)+assumption_failed(""quic_client_test_unkown.ivy: line 513"")",/home/chris/Toward-verification-of-QUIC-extensions/installer/TVOQE/results/errors/client/local/quant-client-2/temp/1054/quic_client_test_unkown0.iev,0.0,0.0
1069," /home/chris/TVOQE_UPGRADE_27/quic/quant/Debug/bin/client -c false -r 20 -l /home/chris/secret.log -q /home/chris/qlog_quant -t 3600 -v 5 -e 0xff00001d https://localhost:4443/index.html
",client,quic_client_test_tp_unkown0,,,/home/chris/Toward-verification-of-QUIC-extensions/installer/TVOQE/results/errors/client/local/quant-client-2/temp/1197/quic_client_test_tp_unkown0.iev,0.0,1.0
1070," /home/chris/TVOQE_UPGRADE_27/quic/quant/Debug/bin/client -c false -r 20 -l /home/chris/secret.log -q /home/chris/qlog_quant -t 3600 -v 5 -e 0xff00001d https://localhost:4443/index.html
",client,quic_client_test_blocked_streams_maxstream_error0,,"ivy_return_code(1)+assumption_failed(""quic_client_test_blocked_streams_maxstream_error.ivy: line 283"")",/home/chris/Toward-verification-of-QUIC-extensions/installer/TVOQE/results/errors/client/local/quant-client-2/temp/653/quic_client_test_blocked_streams_maxstream_error0.iev,0.0,0.0
1071," /home/chris/TVOQE_UPGRADE_27/quic/quant/Debug/bin/client -c false -r 20 -l /home/chris/secret.log -q /home/chris/qlog_quant -t 3600 -v 5 -e 0xff00001d https://localhost:4443/index.html
",client,quic_client_test_max0,,,/home/chris/Toward-verification-of-QUIC-extensions/installer/TVOQE/results/errors/client/local/quant-client-2/temp/56/quic_client_test_max0.iev,0.0,1.0
1072," /home/chris/TVOQE_UPGRADE_27/quic/quant/Debug/bin/client -c false -r 20 -l /home/chris/secret.log -q /home/chris/qlog_quant -t 3600 -v 5 -e 0xff00001d https://localhost:4443/index.html
",client,quic_client_test_blocked_streams_maxstream_error0,,"ivy_return_code(1)+assumption_failed(""quic_client_test_blocked_streams_maxstream_error.ivy: line 283"")",/home/chris/Toward-verification-of-QUIC-extensions/installer/TVOQE/results/errors/client/local/quant-client-2/temp/675/quic_client_test_blocked_streams_maxstream_error0.iev,0.0,0.0
1073," /home/chris/TVOQE_UPGRADE_27/quic/quant/Debug/bin/client -c false -r 20 -l /home/chris/secret.log -q /home/chris/qlog_quant -t 3600 -v 5 -e 0xff00001d https://localhost:4443/index.html
",client,quic_client_test_max0,,,/home/chris/Toward-verification-of-QUIC-extensions/installer/TVOQE/results/errors/client/local/quant-client-2/temp/44/quic_client_test_max0.iev,0.0,1.0
1074," /home/chris/TVOQE_UPGRADE_27/quic/quant/Debug/bin/client -c false -r 20 -l /home/chris/secret.log -q /home/chris/qlog_quant -t 3600 -v 5 -e 0xff00001d https://localhost:4443/index.html
",client,quic_client_test_tp_acticoid_error0,,,/home/chris/Toward-verification-of-QUIC-extensions/installer/TVOQE/results/errors/client/local/quant-client-2/temp/567/quic_client_test_tp_acticoid_error0.iev,0.0,1.0
1075," /home/chris/TVOQE_UPGRADE_27/quic/quant/Debug/bin/client -c false -r 20 -l /home/chris/secret.log -q /home/chris/qlog_quant -t 3600 -v 5 -e 0xff00001d https://localhost:4443/index.html
",client,quic_client_test_tp_prefadd_error0,,server_return_code(1)+ivy_return_code(1),/home/chris/Toward-verification-of-QUIC-extensions/installer/TVOQE/results/errors/client/local/quant-client-2/temp/996/quic_client_test_tp_prefadd_error0.iev,0.0,0.0
1076," /home/chris/TVOQE_UPGRADE_27/quic/quant/Debug/bin/client -c false -r 20 -l /home/chris/secret.log -q /home/chris/qlog_quant -t 3600 -v 5 -e 0xff00001d https://localhost:4443/index.html
",client,quic_client_test_stream0,,,/home/chris/Toward-verification-of-QUIC-extensions/installer/TVOQE/results/errors/client/local/quant-client-2/temp/156/quic_client_test_stream0.iev,0.0,1.0
1077," /home/chris/TVOQE_UPGRADE_27/quic/quant/Debug/bin/client -c false -r 20 -l /home/chris/secret.log -q /home/chris/qlog_quant -t 3600 -v 5 -e 0xff00001d https://localhost:4443/index.html
",client,quic_client_test_limit_max_error0,,"ivy_return_code(1)+assumption_failed(""quic_client_test_limit_max_error.ivy: line 504"")",/home/chris/Toward-verification-of-QUIC-extensions/installer/TVOQE/results/errors/client/local/quant-client-2/temp/1258/quic_client_test_limit_max_error0.iev,0.0,0.0
1078," /home/chris/TVOQE_UPGRADE_27/quic/quant/Debug/bin/client -c false -r 20 -l /home/chris/secret.log -q /home/chris/qlog_quant -t 3600 -v 5 -e 0xff00001d https://localhost:4443/index.html
",client,quic_client_test_tp_acticoid_error0,,,/home/chris/Toward-verification-of-QUIC-extensions/installer/TVOQE/results/errors/client/local/quant-client-2/temp/599/quic_client_test_tp_acticoid_error0.iev,0.0,1.0
1079," /home/chris/TVOQE_UPGRADE_27/quic/quant/Debug/bin/client -c false -r 20 -l /home/chris/secret.log -q /home/chris/qlog_quant -t 3600 -v 5 -e 0xff00001d https://localhost:4443/index.html
",client,quic_client_test_unkown0,,server_return_code(1)+ivy_return_code(1),/home/chris/Toward-verification-of-QUIC-extensions/installer/TVOQE/results/errors/client/local/quant-client-2/temp/1045/quic_client_test_unkown0.iev,0.0,0.0
1080," /home/chris/TVOQE_UPGRADE_27/quic/quant/Debug/bin/client -c false -r 20 -l /home/chris/secret.log -q /home/chris/qlog_quant -t 3600 -v 5 -e 0xff00001d https://localhost:4443/index.html
",client,quic_client_test_stream0,,"ivy_return_code(1)+assumption_failed(""/usr/local/lib/python2.7/dist-packages/ivy/include/1.7/quic_packet.ivy: line 377"")",/home/chris/Toward-verification-of-QUIC-extensions/installer/TVOQE/results/errors/client/local/quant-client-2/temp/199/quic_client_test_stream0.iev,0.0,0.0
1081," /home/chris/TVOQE_UPGRADE_27/quic/quant/Debug/bin/client -c false -r 20 -l /home/chris/secret.log -q /home/chris/qlog_quant -t 3600 -v 5 -e 0xff00001d https://localhost:4443/index.html
",client,quic_client_test_tp_unkown0,,,/home/chris/Toward-verification-of-QUIC-extensions/installer/TVOQE/results/errors/client/local/quant-client-2/temp/1117/quic_client_test_tp_unkown0.iev,0.0,1.0
1082," /home/chris/TVOQE_UPGRADE_27/quic/quant/Debug/bin/client -c false -r 20 -l /home/chris/secret.log -q /home/chris/qlog_quant -t 3600 -v 5 -e 0xff00001d https://localhost:4443/index.html
",client,quic_client_test_blocked_streams_maxstream_error0,,"ivy_return_code(1)+assumption_failed(""quic_client_test_blocked_streams_maxstream_error.ivy: line 283"")",/home/chris/Toward-verification-of-QUIC-extensions/installer/TVOQE/results/errors/client/local/quant-client-2/temp/615/quic_client_test_blocked_streams_maxstream_error0.iev,0.0,0.0
1083," /home/chris/TVOQE_UPGRADE_27/quic/quant/Debug/bin/client -c false -r 20 -l /home/chris/secret.log -q /home/chris/qlog_quant -t 3600 -v 5 -e 0xff00001d https://localhost:4443/index.html
",client,quic_client_test_tp_prefadd_error0,,server_return_code(1)+ivy_return_code(1),/home/chris/Toward-verification-of-QUIC-extensions/installer/TVOQE/results/errors/client/local/quant-client-2/temp/913/quic_client_test_tp_prefadd_error0.iev,0.0,0.0
1084," /home/chris/TVOQE_UPGRADE_27/quic/quant/Debug/bin/client -c false -r 20 -l /home/chris/secret.log -q /home/chris/qlog_quant -t 3600 -v 5 -e 0xff00001d https://localhost:4443/index.html
",client,quic_client_test_double_tp_error0,,"ivy_return_code(1)+assumption_failed(""quic_client_test_double_tp_error.ivy: line 502"")",/home/chris/Toward-verification-of-QUIC-extensions/installer/TVOQE/results/errors/client/local/quant-client-2/temp/447/quic_client_test_double_tp_error0.iev,0.0,0.0
1085," /home/chris/TVOQE_UPGRADE_27/quic/quant/Debug/bin/client -c false -r 20 -l /home/chris/secret.log -q /home/chris/qlog_quant -t 3600 -v 5 -e 0xff00001d https://localhost:4443/index.html
",client,quic_client_test_accept_maxdata0,,"ivy_return_code(1)+assumption_failed(""quic_client_test.ivy: line 310"")",/home/chris/Toward-verification-of-QUIC-extensions/installer/TVOQE/results/errors/client/local/quant-client-2/temp/866/quic_client_test_accept_maxdata0.iev,0.0,0.0
1086," /home/chris/TVOQE_UPGRADE_27/quic/quant/Debug/bin/client -c false -r 20 -l /home/chris/secret.log -q /home/chris/qlog_quant -t 3600 -v 5 -e 0xff00001d https://localhost:4443/index.html
",client,quic_client_test_tp_error0,,"timeout+< undecryptable_packet_event({protocol:udp,addr:0x7f000001,port:0xb40f},{protocol:udp,addr:0x7f000001,port:0x115b},[0xc4,0xff,0,0,0x1d,0x12,0xdd,0x84,0x36,0x38,0x3,0x7,0x7b,0x80,0x83,0xe0,0xc3,0x86,0x67,0xa0,0x3a,0x8f,0x1d,0x8,0x4,0xa4,0x4f,0x63,0x16,0,0x44,0x90,0xcd,0x48,0x4a,0x73,0x89,0xd1,0xbb,0xad,0xff,0xed,0x80,0xea,0xb8,0x3,0xda,0x63,0x31,0x92,0x5,0xba,0x54,0xc1,0x16,0x40,0x3c,0xaa,0x4e,0x35,0xeb,0x1a,0x9e,0x6e,0xa5,0x21,0x3f,0x17,0xba,0xa5,0x8d,0x28,0xe9,0x62,0x5e,0xa,0x3a,0x1c,0xb1,0x6c,0xb7,0xf5,0x64,0xed,0x2b,0x6c,0x50,0x52,0xc3,0xe8,0xd2,0x8f,0x95,0x7a,0xdc,0x2c,0xb7,0x25,0xa7,0x71,0xdf,0xda,0x7d,0x56,0x9a,0x8c,0xbb,0xac,0x49,0xf6,0x88,0x4f,0x4b,0xb7,0x28,0xae,0x3c,0xf8,0xea,0x12,0xc1,0x7c,0x6d,0x6c,0xd7,0xb8,0xf3,0x3c,0xc1,0xf4,0xa,0xda,0x87,0x6a,0x91,0xf2,0xd5,0xf7,0x3c,0xfb,0x15,0,0xbe,0x31,0x71,0x1e,0x4c,0xa0,0x1,0xc4,0xf1,0xfa,0x9e,0xb7,0xe6,0x82,0xd,0x7a,0x8,0xc8,0x7a,0x92,0xfa,0xc2,0xe9,0x7b,0xc8,0xd4,0x6b,0xf6,0x20,0x3b,0x7e,0x1,0xea,0x4b,0x4b,0x1b,0x3a,0xdf,0x58,0xe,0xd8,0xda,0xf2,0xb0,0x78,0xf9,0xc2,0xb4,0xba,0xfa,0x63,0x96,0x5a,0x35,0x12,0x23,0xdd,0x52,0x60,0xc4,0xc3,0xdc,0xc5,0x2e,0x38,0x12,0x4c,0xb4,0xea,0x42,0x9c,0,0x21,0x65,0x50,0xac,0xf7,0xf8,0xc1,0x68,0x84,0xff,0x2a,0x93,0x10,0xce,0x56,0xc3,0x8b,0xf9,0x50,0x31,0xf9,0xcc,0xba,0xf5,0x7a,0x5,0xb7,0x11,0xdc,0x52,0xd8,0x6d,0xee,0xda,0xd6,0x43,0x77,0x49,0x3d,0xea,0xef,0x9f,0xaf,0xef,0x3c,0x33,0xc1,0x37,0xe6,0x2e,0x90,0xd8,0xea,0xf,0x46,0x2e,0x74,0x51,0xc5,0x28,0x11,0xc6,0x1f,0x85,0x78,0xdd,0xf0,0x94,0xdf,0x9a,0x38,0xd6,0xdc,0xbd,0x1e,0x72,0xa,0xc8,0x7d,0x21,0xb5,0xbb,0x43,0xe4,0,0xf9,0xab,0x9a,0xec,0xef,0x29,0xc7,0x16,0x46,0x48,0xc,0x64,0xd6,0x90,0x79,0xd1,0x9f,0xa0,0x6a,0x6d,0x1f,0x9d,0x4,0x6c,0x65,0x6a,0xa1,0xff,0x6b,0xa5,0x64,0x16,0xb4,0xa6,0x56,0xc9,0x21,0xe3,0xf9,0xb3,0xed,0xdb,0x72,0x84,0xcb,0xeb,0x1a,0xe5,0xbd,0x27,0xa5,0xcd,0x45,0xb8,0xbf,0x78,0x71,0xc2,0x96,0xd1,0x2b,0xec,0x22,0x81,0x90,0x6,0x6f,0x61,0x83,0x9f,0x6a,0xa7,0x3f,0x4a,0x71,0x70,0xb4,0x7c,0xf8,0x10,0x98,0x93,0xa9,0xeb,0xa9,0x3a,0xd7,0x74,0x7d,0x57,0xa8,0x90,0x67,0xb3,0xcf,0xe5,0xb2,0x9,0x91,0xa9,0x7c,0x8f,0x58,0xfd,0x5a,0x5a,0x7a,0x9e,0xf0,0x61,0x78,0x4a,0x41,0x4f,0x3b,0x33,0x3d,0xb1,0x90,0x5,0x53,0x49,0x49,0x72,0x4e,0x9f,0x6b,0xa9,0x5e,0x38,0xe0,0x4d,0xf6,0xf1,0x92,0x96,0x25,0x44,0x1a,0x43,0xf2,0xbb,0x37,0xe4,0x9,0x8f,0x7d,0x80,0x77,0x98,0x6,0xa1,0xd0,0x75,0x42,0x1a,0x83,0x33,0x57,0x94,0xe6,0x5c,0x68,0xf0,0x32,0x9d,0x8b,0xb5,0x50,0xef,0xb2,0x98,0x7c,0x32,0xe5,0xf1,0x47,0x8,0xb,0xd,0x2b,0x41,0xe6,0xa1,0x1f,0x92,0x1d,0x50,0xc6,0xbb,0xa3,0xc8,0x6a,0x3,0x75,0xe,0xd8,0x8c,0x72,0x71,0xbe,0x53,0x64,0,0xe9,0x3d,0x1e,0x15,0x93,0x78,0xf4,0xb1,0x8b,0xe3,0x39,0x7b,0x2b,0x7e,0x96,0x62,0x6,0x50,0x74,0xdc,0xc5,0xe4,0x47,0x6,0x3,0xc4,0x51,0x6,0xef,0x86,0xb0,0x33,0x29,0xf8,0xf8,0xca,0x67,0x34,0xab,0xab,0x9,0x24,0x9,0x12,0x3e,0xac,0xc9,0x38,0xc1,0x3,0xaa,0x9e,0x8e,0x73,0x71,0xaf,0x71,0x10,0x6,0xcc,0x1,0x3a,0x26,0x7a,0x98,0x79,0x3f,0x60,0x96,0xf3,0xa2,0xb7,0xe8,0x51,0x24,0x1a,0x6b,0x53,0x10,0xd9,0xa2,0x97,0x41,0x8b,0xf3,0xf,0x9e,0x3f,0xc1,0xcc,0x9e,0x61,0xce,0x55,0x66,0x18,0x75,0xf4,0xf2,0x83,0xbc,0x78,0x2c,0x65,0x91,0x4,0x7f,0xcd,0x8f,0xab,0x3b,0xc5,0xa4,0xec,0xd9,0xf1,0x59,0x42,0x64,0x8e,0x38,0x79,0xd,0x45,0xb9,0x55,0x2c,0x80,0xbc,0xae,0x9f,0x1c,0x1e,0xee,0xc9,0x7c,0xbd,0x58,0x48,0x42,0x97,0x7f,0x98,0xc5,0x95,0x92,0x19,0x87,0xcf,0xa1,0x28,0x24,0xfe,0xf3,0x60,0xbf,0x35,0x71,0x30,0xe0,0xf9,0x6c,0x3b,0x64,0x89,0x9f,0x11,0x63,0x76,0xfd,0xe3,0xec,0xd6,0xd,0xe1,0x51,0x2e,0x7,0x93,0x74,0x4d,0xe8,0xbe,0xb7,0xd6,0xe2,0x8e,0xa2,0x1e,0x2c,0xc,0x9e,0xeb,0x62,0xa7,0x99,0x16,0x18,0xc7,0x4a,0x34,0xb4,0xbb,0x3e,0x6b,0x19,0x8c,0x51,0x24,0x59,0xea,0x5,0x76,0x79,0x38,0x81,0xde,0xf5,0x17,0x5e,0x1f,0xae,0xa2,0xe9,0xf8,0xea,0xff,0x57,0x45,0x23,0xaa,0x28,0x54,0x63,0x49,0x5a,0x28,0x9b,0x7c,0x88,0x43,0x52,0x74,0xd2,0xb7,0xcc,0x41,0xe2,0xdf,0x24,0x1d,0xbf,0x96,0x2f,0x75,0x22,0xf1,0x97,0xc7,0xf9,0x5f,0x1c,0x99,0xac,0x28,0x36,0xd3,0xfc,0x49,0x1,0x5e,0xc5,0xa1,0xb5,0x49,0x6e,0x38,0x44,0x83,0x51,0x60,0xc5,0xda,0x5f,0x5f,0x50,0x64,0x11,0xa0,0x42,0x21,0x8,0x23,0x1d,0x58,0x52,0x34,0x87,0xb3,0xac,0xca,0xc5,0x93,0xdc,0x37,0xe3,0x94,0x77,0,0xba,0x21,0x79,0x84,0x82,0x6e,0x2d,0xdf,0xfa,0x45,0x8d,0x39,0xf0,0x3d,0x45,0x8b,0xab,0x9e,0x32,0x70,0x4e,0x41,0x3c,0x6a,0x20,0xba,0x1c,0xf4,0x12,0xa9,0xd8,0x6,0x15,0xf6,0xd8,0xfd,0x41,0x65,0xe,0x75,0x10,0x79,0xd4,0xb6,0xa4,0x95,0x84,0xe1,0xac,0x9f,0x41,0x56,0xba,0x13,0x83,0xf0,0x7b,0x57,0x93,0x76,0x89,0x53,0xba,0x63,0x97,0x59,0x5a,0x1c,0x32,0xb,0x11,0xdd,0xa7,0x80,0x38,0xea,0xc1,0xdb,0x5c,0x3,0x19,0xcd,0x9,0x3d,0x96,0x31,0xdb,0x91,0x38,0x88,0x79,0x6a,0x49,0x85,0xeb,0xea,0xe1,0x99,0x4b,0x1a,0xe3,0x9d,0xb9,0x9,0xcd,0xc0,0x20,0xfc,0xd5,0x61,0xc2,0xfc,0xd,0x23,0xb,0xcc,0x4e,0x54,0xc9,0x66,0xe0,0xc3,0x8c,0xe,0xfc,0x5,0x6a,0xa,0x95,0x4e,0x8b,0x34,0x72,0xb8,0xdb,0xdb,0x85,0xbe,0x80,0xf1,0xfa,0x2e,0xe2,0x14,0xd0,0xe7,0x97,0x1c,0x41,0x54,0x7e,0x89,0x10,0xb1,0x99,0x34,0xa8,0x88,0,0xab,0x61,0xed,0xd2,0x62,0xfd,0x5e,0x93,0x29,0x33,0xec,0x41,0xf2,0xc8,0xb8,0x3a,0x49,0xae,0xb5,0x63,0x30,0xe4,0x5f,0xe1,0xe,0x9d,0x30,0xb0,0x3,0xc8,0x28,0xd7,0xb,0xc1,0x97,0x9e,0x8b,0xfe,0x96,0x54,0xf8,0x83,0x9,0x69,0xde,0x14,0xb5,0x56,0x87,0xa7,0x19,0x36,0x5a,0x55,0x48,0x17,0xc4,0x1a,0x21,0x22,0xd9,0xb3,0x58,0xe,0x8,0xdf,0xe,0x5e,0x30,0xd0,0x1b,0x3a,0x4,0x89,0xda,0x8c,0x92,0xfd,0x14,0x79,0x94,0x7f,0xa4,0xf8,0xe1,0x9a,0x17,0xc,0x56,0x6a,0xb4,0xd6,0x6f,0x3f,0x13,0xd6,0x28,0x5d,0x4d,0x38,0x32,0x26,0xae,0xcf,0x8b,0x1f,0xe8,0x97,0xd7,0x12,0xc1,0x4a,0xd7,0x76,0x1f,0xe1,0xd2,0xf7,0xcc,0xd0,0x50,0x7,0xaa,0xe,0x71,0xbb,0x21,0x29,0x68,0x91,0xfe,0,0xb8,0x61,0x12,0xe3,0xc3,0xb6,0x9,0xab,0xf3,0xd0,0x4d,0x3d,0x34,0x3e,0x6,0x1f,0x72,0x74,0x62,0xa6,0x41,0xef,0x9d,0x35,0x44,0xf6,0x50,0x67,0x74,0x40,0xf3,0x20,0x76,0x73,0x52,0x13,0x5,0xe2,0xdf,0x60,0x8d,0x9a,0x9c,0xc6,0xdd,0x65,0xd2,0x36,0x14,0xfc,0xa7,0x30,0xca,0x76,0xd9,0x4c,0x4,0x9b,0x56,0x3a,0xc7,0x64,0x76,0x33,0x4a,0x3e,0xb5,0x35,0x32,0xd4,0x81,0x5,0xe6,0x98,0xa5,0xf3,0xe8,0xa8,0xa3,0x63,0xe2,0xe6,0xbd,0x35,0,0x4d,0xb7,0x7a,0xa,0xcb,0xae,0xe5,0xbc,0x2,0x48,0x82,0x31])",/home/chris/Toward-verification-of-QUIC-extensions/installer/TVOQE/results/errors/client/local/quant-client-2/temp/392/quic_client_test_tp_error0.iev,0.0,0.0
1087," /home/chris/TVOQE_UPGRADE_27/quic/quant/Debug/bin/client -c false -r 20 -l /home/chris/secret.log -q /home/chris/qlog_quant -t 3600 -v 5 -e 0xff00001d https://localhost:4443/index.html
",client,quic_client_test_new_token_error0,,"ivy_return_code(1)+assumption_failed(""quic_client_test_new_token_error.ivy: line 517"")",/home/chris/Toward-verification-of-QUIC-extensions/installer/TVOQE/results/errors/client/local/quant-client-2/temp/1303/quic_client_test_new_token_error0.iev,0.0,0.0
1088," /home/chris/TVOQE_UPGRADE_27/quic/quant/Debug/bin/client -c false -r 20 -l /home/chris/secret.log -q /home/chris/qlog_quant -t 3600 -v 5 -e 0xff00001d https://localhost:4443/index.html
",client,quic_client_test_tp_error0,,server_return_code(1)+timeout,/home/chris/Toward-verification-of-QUIC-extensions/installer/TVOQE/results/errors/client/local/quant-client-2/temp/303/quic_client_test_tp_error0.iev,0.0,0.0
1089," /home/chris/TVOQE_UPGRADE_27/quic/quant/Debug/bin/client -c false -r 20 -l /home/chris/secret.log -q /home/chris/qlog_quant -t 3600 -v 5 -e 0xff00001d https://localhost:4443/index.html
",client,quic_client_test_double_tp_error0,,"ivy_return_code(1)+assumption_failed(""quic_client_test_double_tp_error.ivy: line 502"")",/home/chris/Toward-verification-of-QUIC-extensions/installer/TVOQE/results/errors/client/local/quant-client-2/temp/401/quic_client_test_double_tp_error0.iev,0.0,0.0
1090," /home/chris/TVOQE_UPGRADE_27/quic/quant/Debug/bin/client -c false -r 20 -l /home/chris/secret.log -q /home/chris/qlog_quant -t 3600 -v 5 -e 0xff00001d https://localhost:4443/index.html
",client,quic_client_test_blocked_streams_maxstream_error0,,"ivy_return_code(1)+assumption_failed(""quic_client_test_blocked_streams_maxstream_error.ivy: line 283"")",/home/chris/Toward-verification-of-QUIC-extensions/installer/TVOQE/results/errors/client/local/quant-client-2/temp/685/quic_client_test_blocked_streams_maxstream_error0.iev,0.0,0.0
1091," /home/chris/TVOQE_UPGRADE_27/quic/quant/Debug/bin/client -c false -r 20 -l /home/chris/secret.log -q /home/chris/qlog_quant -t 3600 -v 5 -e 0xff00001d https://localhost:4443/index.html
",client,quic_client_test_ext_min_ack_delay0,,,/home/chris/Toward-verification-of-QUIC-extensions/installer/TVOQE/results/errors/client/local/quant-client-2/temp/268/quic_client_test_ext_min_ack_delay0.iev,0.0,1.0
1092," /home/chris/TVOQE_UPGRADE_27/quic/quant/Debug/bin/client -c false -r 20 -l /home/chris/secret.log -q /home/chris/qlog_quant -t 3600 -v 5 -e 0xff00001d https://localhost:4443/index.html
",client,quic_client_test_retirecoid_error0,,"ivy_return_code(1)+assumption_failed(""quic_client_test_retirecoid_error.ivy: line 276"")",/home/chris/Toward-verification-of-QUIC-extensions/installer/TVOQE/results/errors/client/local/quant-client-2/temp/716/quic_client_test_retirecoid_error0.iev,0.0,0.0
1093," /home/chris/TVOQE_UPGRADE_27/quic/quant/Debug/bin/client -c false -r 20 -l /home/chris/secret.log -q /home/chris/qlog_quant -t 3600 -v 5 -e 0xff00001d https://localhost:4443/index.html
",client,quic_client_test_tp_prefadd_error0,,"ivy_return_code(1)+assumption_failed(""quic_client_test_tp_prefadd_error.ivy: line 518"")",/home/chris/Toward-verification-of-QUIC-extensions/installer/TVOQE/results/errors/client/local/quant-client-2/temp/971/quic_client_test_tp_prefadd_error0.iev,0.0,0.0
1094," /home/chris/TVOQE_UPGRADE_27/quic/quant/Debug/bin/client -c false -r 20 -l /home/chris/secret.log -q /home/chris/qlog_quant -t 3600 -v 5 -e 0xff00001d https://localhost:4443/index.html
",client,quic_client_test_tp_acticoid_error0,,,/home/chris/Toward-verification-of-QUIC-extensions/installer/TVOQE/results/errors/client/local/quant-client-2/temp/585/quic_client_test_tp_acticoid_error0.iev,0.0,1.0
1095," /home/chris/TVOQE_UPGRADE_27/quic/quant/Debug/bin/client -c false -r 20 -l /home/chris/secret.log -q /home/chris/qlog_quant -t 3600 -v 5 -e 0xff00001d https://localhost:4443/index.html
",client,quic_client_test_tp_error0,,server_return_code(1)+timeout,/home/chris/Toward-verification-of-QUIC-extensions/installer/TVOQE/results/errors/client/local/quant-client-2/temp/307/quic_client_test_tp_error0.iev,0.0,0.0
1096," /home/chris/TVOQE_UPGRADE_27/quic/quant/Debug/bin/client -c false -r 20 -l /home/chris/secret.log -q /home/chris/qlog_quant -t 3600 -v 5 -e 0xff00001d https://localhost:4443/index.html
",client,quic_client_test_tp_unkown0,,"ivy_return_code(1)+assumption_failed(""quic_client_test_tp_unkown.ivy: line 515"")",/home/chris/Toward-verification-of-QUIC-extensions/installer/TVOQE/results/errors/client/local/quant-client-2/temp/1163/quic_client_test_tp_unkown0.iev,0.0,0.0
1097," /home/chris/TVOQE_UPGRADE_27/quic/quant/Debug/bin/client -c false -r 20 -l /home/chris/secret.log -q /home/chris/qlog_quant -t 3600 -v 5 -e 0xff00001d https://localhost:4443/index.html
",client,quic_client_test_new_token_error0,,server_return_code(1)+ivy_return_code(1),/home/chris/Toward-verification-of-QUIC-extensions/installer/TVOQE/results/errors/client/local/quant-client-2/temp/1358/quic_client_test_new_token_error0.iev,0.0,0.0
1098," /home/chris/TVOQE_UPGRADE_27/quic/quant/Debug/bin/client -c false -r 20 -l /home/chris/secret.log -q /home/chris/qlog_quant -t 3600 -v 5 -e 0xff00001d https://localhost:4443/index.html
",client,quic_client_test_retirecoid_error0,,"ivy_return_code(1)+assumption_failed(""quic_client_test_retirecoid_error.ivy: line 276"")",/home/chris/Toward-verification-of-QUIC-extensions/installer/TVOQE/results/errors/client/local/quant-client-2/temp/786/quic_client_test_retirecoid_error0.iev,0.0,0.0
1099," /home/chris/TVOQE_UPGRADE_27/quic/quant/Debug/bin/client -c false -r 20 -l /home/chris/secret.log -q /home/chris/qlog_quant -t 3600 -v 5 -e 0xff00001d https://localhost:4443/index.html
",client,quic_client_test_limit_max_error0,,"ivy_return_code(1)+assumption_failed(""quic_client_test_limit_max_error.ivy: line 504"")",/home/chris/Toward-verification-of-QUIC-extensions/installer/TVOQE/results/errors/client/local/quant-client-2/temp/1223/quic_client_test_limit_max_error0.iev,0.0,0.0
1100," /home/chris/TVOQE_UPGRADE_27/quic/quant/Debug/bin/client -c false -r 20 -l /home/chris/secret.log -q /home/chris/qlog_quant -t 3600 -v 5 -e 0xff00001d https://localhost:4443/index.html
",client,quic_client_test_tp_error0,,server_return_code(1)+timeout,/home/chris/Toward-verification-of-QUIC-extensions/installer/TVOQE/results/errors/client/local/quant-client-2/temp/343/quic_client_test_tp_error0.iev,0.0,0.0
1101," /home/chris/TVOQE_UPGRADE_27/quic/quant/Debug/bin/client -c false -r 20 -l /home/chris/secret.log -q /home/chris/qlog_quant -t 3600 -v 5 -e 0xff00001d https://localhost:4443/index.html
",client,quic_client_test_tp_prefadd_error0,,"ivy_return_code(1)+assumption_failed(""quic_client_test_tp_prefadd_error.ivy: line 518"")",/home/chris/Toward-verification-of-QUIC-extensions/installer/TVOQE/results/errors/client/local/quant-client-2/temp/909/quic_client_test_tp_prefadd_error0.iev,0.0,0.0
1102," /home/chris/TVOQE_UPGRADE_27/quic/quant/Debug/bin/client -c false -r 20 -l /home/chris/secret.log -q /home/chris/qlog_quant -t 3600 -v 5 -e 0xff00001d https://localhost:4443/index.html
",client,quic_client_test_limit_max_error0,,"ivy_return_code(1)+assumption_failed(""quic_client_test_limit_max_error.ivy: line 504"")",/home/chris/Toward-verification-of-QUIC-extensions/installer/TVOQE/results/errors/client/local/quant-client-2/temp/1254/quic_client_test_limit_max_error0.iev,0.0,0.0
1103," /home/chris/TVOQE_UPGRADE_27/quic/quant/Debug/bin/client -c false -r 20 -l /home/chris/secret.log -q /home/chris/qlog_quant -t 3600 -v 5 -e 0xff00001d https://localhost:4443/index.html
",client,quic_client_test_unkown0,,server_return_code(1)+ivy_return_code(1),/home/chris/Toward-verification-of-QUIC-extensions/installer/TVOQE/results/errors/client/local/quant-client-2/temp/1060/quic_client_test_unkown0.iev,0.0,0.0
1104," /home/chris/TVOQE_UPGRADE_27/quic/quant/Debug/bin/client -c false -r 20 -l /home/chris/secret.log -q /home/chris/qlog_quant -t 3600 -v 5 -e 0xff00001d https://localhost:4443/index.html
",client,quic_client_test_accept_maxdata0,,"ivy_return_code(1)+assumption_failed(""quic_client_test.ivy: line 310"")",/home/chris/Toward-verification-of-QUIC-extensions/installer/TVOQE/results/errors/client/local/quant-client-2/temp/801/quic_client_test_accept_maxdata0.iev,0.0,0.0
1105," /home/chris/TVOQE_UPGRADE_27/quic/quant/Debug/bin/client -c false -r 20 -l /home/chris/secret.log -q /home/chris/qlog_quant -t 3600 -v 5 -e 0xff00001d https://localhost:4443/index.html
",client,quic_client_test_tp_prefadd_error0,,"ivy_return_code(1)+assumption_failed(""quic_client_test_tp_prefadd_error.ivy: line 518"")",/home/chris/Toward-verification-of-QUIC-extensions/installer/TVOQE/results/errors/client/local/quant-client-2/temp/977/quic_client_test_tp_prefadd_error0.iev,0.0,0.0
1106," /home/chris/TVOQE_UPGRADE_27/quic/quant/Debug/bin/client -c false -r 20 -l /home/chris/secret.log -q /home/chris/qlog_quant -t 3600 -v 5 -e 0xff00001d https://localhost:4443/index.html
",client,quic_client_test_tp_acticoid_error0,,"ivy_return_code(1)+assumption_failed(""quic_client_test_tp_acticoid_error.ivy: line 515"")",/home/chris/Toward-verification-of-QUIC-extensions/installer/TVOQE/results/errors/client/local/quant-client-2/temp/554/quic_client_test_tp_acticoid_error0.iev,0.0,0.0
1107," /home/chris/TVOQE_UPGRADE_27/quic/quant/Debug/bin/client -c false -r 20 -l /home/chris/secret.log -q /home/chris/qlog_quant -t 3600 -v 5 -e 0xff00001d https://localhost:4443/index.html
",client,quic_client_test_limit_max_error0,,"ivy_return_code(1)+assumption_failed(""quic_client_test_limit_max_error.ivy: line 504"")",/home/chris/Toward-verification-of-QUIC-extensions/installer/TVOQE/results/errors/client/local/quant-client-2/temp/1229/quic_client_test_limit_max_error0.iev,0.0,0.0
1108," /home/chris/TVOQE_UPGRADE_27/quic/quant/Debug/bin/client -c false -r 20 -l /home/chris/secret.log -q /home/chris/qlog_quant -t 3600 -v 5 -e 0xff00001d https://localhost:4443/index.html
",client,quic_client_test_tp_acticoid_error0,,"ivy_return_code(1)+assumption_failed(""quic_client_test_tp_acticoid_error.ivy: line 515"")",/home/chris/Toward-verification-of-QUIC-extensions/installer/TVOQE/results/errors/client/local/quant-client-2/temp/526/quic_client_test_tp_acticoid_error0.iev,0.0,0.0
1109," /home/chris/TVOQE_UPGRADE_27/quic/quant/Debug/bin/client -c false -r 20 -l /home/chris/secret.log -q /home/chris/qlog_quant -t 3600 -v 5 -e 0xff00001d https://localhost:4443/index.html
",client,quic_client_test_retirecoid_error0,,"ivy_return_code(1)+assumption_failed(""quic_client_test_retirecoid_error.ivy: line 276"")",/home/chris/Toward-verification-of-QUIC-extensions/installer/TVOQE/results/errors/client/local/quant-client-2/temp/708/quic_client_test_retirecoid_error0.iev,0.0,0.0
1110," /home/chris/TVOQE_UPGRADE_27/quic/quant/Debug/bin/client -c false -r 20 -l /home/chris/secret.log -q /home/chris/qlog_quant -t 3600 -v 5 -e 0xff00001d https://localhost:4443/index.html
",client,quic_client_test_unkown0,,server_return_code(1)+ivy_return_code(1),/home/chris/Toward-verification-of-QUIC-extensions/installer/TVOQE/results/errors/client/local/quant-client-2/temp/1055/quic_client_test_unkown0.iev,0.0,0.0
1111," /home/chris/TVOQE_UPGRADE_27/quic/quant/Debug/bin/client -c false -r 20 -l /home/chris/secret.log -q /home/chris/qlog_quant -t 3600 -v 5 -e 0xff00001d https://localhost:4443/index.html
",client,quic_client_test_limit_max_error0,,"ivy_return_code(1)+assumption_failed(""quic_client_test_limit_max_error.ivy: line 504"")",/home/chris/Toward-verification-of-QUIC-extensions/installer/TVOQE/results/errors/client/local/quant-client-2/temp/1279/quic_client_test_limit_max_error0.iev,0.0,0.0
1112," /home/chris/TVOQE_UPGRADE_27/quic/quant/Debug/bin/client -c false -r 20 -l /home/chris/secret.log -q /home/chris/qlog_quant -t 3600 -v 5 -e 0xff00001d https://localhost:4443/index.html
",client,quic_client_test_blocked_streams_maxstream_error0,,"ivy_return_code(1)+assumption_failed(""quic_client_test_blocked_streams_maxstream_error.ivy: line 283"")",/home/chris/Toward-verification-of-QUIC-extensions/installer/TVOQE/results/errors/client/local/quant-client-2/temp/636/quic_client_test_blocked_streams_maxstream_error0.iev,0.0,0.0
1113," /home/chris/TVOQE_UPGRADE_27/quic/quant/Debug/bin/client -c false -r 20 -l /home/chris/secret.log -q /home/chris/qlog_quant -t 3600 -v 5 -e 0xff00001d https://localhost:4443/index.html
",client,quic_client_test_accept_maxdata0,,,/home/chris/Toward-verification-of-QUIC-extensions/installer/TVOQE/results/errors/client/local/quant-client-2/temp/832/quic_client_test_accept_maxdata0.iev,0.0,1.0
1114," /home/chris/TVOQE_UPGRADE_27/quic/quant/Debug/bin/client -c false -r 20 -l /home/chris/secret.log -q /home/chris/qlog_quant -t 3600 -v 5 -e 0xff00001d https://localhost:4443/index.html
",client,quic_client_test_tp_acticoid_error0,,,/home/chris/Toward-verification-of-QUIC-extensions/installer/TVOQE/results/errors/client/local/quant-client-2/temp/508/quic_client_test_tp_acticoid_error0.iev,0.0,1.0
1115," /home/chris/TVOQE_UPGRADE_27/quic/quant/Debug/bin/client -c false -r 20 -l /home/chris/secret.log -q /home/chris/qlog_quant -t 3600 -v 5 -e 0xff00001d https://localhost:4443/index.html
",client,quic_client_test_ext_min_ack_delay0,,"ivy_return_code(1)+assumption_failed(""quic_client_test_ext_min_ack_delay.ivy: line 524"")",/home/chris/Toward-verification-of-QUIC-extensions/installer/TVOQE/results/errors/client/local/quant-client-2/temp/299/quic_client_test_ext_min_ack_delay0.iev,0.0,0.0
1116," /home/chris/TVOQE_UPGRADE_27/quic/quant/Debug/bin/client -c false -r 20 -l /home/chris/secret.log -q /home/chris/qlog_quant -t 3600 -v 5 -e 0xff00001d https://localhost:4443/index.html
",client,quic_client_test_max0,,"ivy_return_code(1)+assumption_failed(""/usr/local/lib/python2.7/dist-packages/ivy/include/1.7/quic_packet.ivy: line 377"")",/home/chris/Toward-verification-of-QUIC-extensions/installer/TVOQE/results/errors/client/local/quant-client-2/temp/43/quic_client_test_max0.iev,0.0,0.0
1117," /home/chris/TVOQE_UPGRADE_27/quic/quant/Debug/bin/client -c false -r 20 -l /home/chris/secret.log -q /home/chris/qlog_quant -t 3600 -v 5 -e 0xff00001d https://localhost:4443/index.html
",client,quic_client_test_blocked_streams_maxstream_error0,,"ivy_return_code(1)+assumption_failed(""quic_client_test_blocked_streams_maxstream_error.ivy: line 283"")",/home/chris/Toward-verification-of-QUIC-extensions/installer/TVOQE/results/errors/client/local/quant-client-2/temp/696/quic_client_test_blocked_streams_maxstream_error0.iev,0.0,0.0
1118," /home/chris/TVOQE_UPGRADE_27/quic/quant/Debug/bin/client -c false -r 20 -l /home/chris/secret.log -q /home/chris/qlog_quant -t 3600 -v 5 -e 0xff00001d https://localhost:4443/index.html
",client,quic_client_test_stream0,,,/home/chris/Toward-verification-of-QUIC-extensions/installer/TVOQE/results/errors/client/local/quant-client-2/temp/145/quic_client_test_stream0.iev,0.0,1.0
1119," /home/chris/TVOQE_UPGRADE_27/quic/quant/Debug/bin/client -c false -r 20 -l /home/chris/secret.log -q /home/chris/qlog_quant -t 3600 -v 5 -e 0xff00001d https://localhost:4443/index.html
",client,quic_client_test_limit_max_error0,,"ivy_return_code(1)+assumption_failed(""quic_client_test_limit_max_error.ivy: line 504"")",/home/chris/Toward-verification-of-QUIC-extensions/installer/TVOQE/results/errors/client/local/quant-client-2/temp/1206/quic_client_test_limit_max_error0.iev,0.0,0.0
1120," /home/chris/TVOQE_UPGRADE_27/quic/quant/Debug/bin/client -c false -r 20 -l /home/chris/secret.log -q /home/chris/qlog_quant -t 3600 -v 5 -e 0xff00001d https://localhost:4443/index.html
",client,quic_client_test_unkown0,,server_return_code(1)+ivy_return_code(1),/home/chris/Toward-verification-of-QUIC-extensions/installer/TVOQE/results/errors/client/local/quant-client-2/temp/1035/quic_client_test_unkown0.iev,0.0,0.0
1121," /home/chris/TVOQE_UPGRADE_27/quic/quant/Debug/bin/client -c false -r 20 -l /home/chris/secret.log -q /home/chris/qlog_quant -t 3600 -v 5 -e 0xff00001d https://localhost:4443/index.html
",client,quic_client_test_stream0,,,/home/chris/Toward-verification-of-QUIC-extensions/installer/TVOQE/results/errors/client/local/quant-client-2/temp/194/quic_client_test_stream0.iev,0.0,1.0
1122," /home/chris/TVOQE_UPGRADE_27/quic/quant/Debug/bin/client -c false -r 20 -l /home/chris/secret.log -q /home/chris/qlog_quant -t 3600 -v 5 -e 0xff00001d https://localhost:4443/index.html
",client,quic_client_test_retirecoid_error0,,"ivy_return_code(1)+assumption_failed(""/usr/local/lib/python2.7/dist-packages/ivy/include/1.7/quic_packet.ivy: line 377"")",/home/chris/Toward-verification-of-QUIC-extensions/installer/TVOQE/results/errors/client/local/quant-client-2/temp/781/quic_client_test_retirecoid_error0.iev,0.0,0.0
1123," /home/chris/TVOQE_UPGRADE_27/quic/quant/Debug/bin/client -c false -r 20 -l /home/chris/secret.log -q /home/chris/qlog_quant -t 3600 -v 5 -e 0xff00001d https://localhost:4443/index.html
",client,quic_client_test_accept_maxdata0,,"ivy_return_code(1)+assumption_failed(""quic_client_test.ivy: line 310"")",/home/chris/Toward-verification-of-QUIC-extensions/installer/TVOQE/results/errors/client/local/quant-client-2/temp/889/quic_client_test_accept_maxdata0.iev,0.0,0.0
1124," /home/chris/TVOQE_UPGRADE_27/quic/quant/Debug/bin/client -c false -r 20 -l /home/chris/secret.log -q /home/chris/qlog_quant -t 3600 -v 5 -e 0xff00001d https://localhost:4443/index.html
",client,quic_client_test_unkown0,,server_return_code(1)+ivy_return_code(1),/home/chris/Toward-verification-of-QUIC-extensions/installer/TVOQE/results/errors/client/local/quant-client-2/temp/1013/quic_client_test_unkown0.iev,0.0,0.0
1125," /home/chris/TVOQE_UPGRADE_27/quic/quant/Debug/bin/client -c false -r 20 -l /home/chris/secret.log -q /home/chris/qlog_quant -t 3600 -v 5 -e 0xff00001d https://localhost:4443/index.html
",client,quic_client_test_tp_error0,,server_return_code(1)+timeout,/home/chris/Toward-verification-of-QUIC-extensions/installer/TVOQE/results/errors/client/local/quant-client-2/temp/353/quic_client_test_tp_error0.iev,0.0,0.0
1126," /home/chris/TVOQE_UPGRADE_27/quic/quant/Debug/bin/client -c false -r 20 -l /home/chris/secret.log -q /home/chris/qlog_quant -t 3600 -v 5 -e 0xff00001d https://localhost:4443/index.html
",client,quic_client_test_limit_max_error0,,"ivy_return_code(1)+assumption_failed(""quic_client_test_limit_max_error.ivy: line 504"")",/home/chris/Toward-verification-of-QUIC-extensions/installer/TVOQE/results/errors/client/local/quant-client-2/temp/1262/quic_client_test_limit_max_error0.iev,0.0,0.0
1127," /home/chris/TVOQE_UPGRADE_27/quic/quant/Debug/bin/client -c false -r 20 -l /home/chris/secret.log -q /home/chris/qlog_quant -t 3600 -v 5 -e 0xff00001d https://localhost:4443/index.html
",client,quic_client_test_max0,,,/home/chris/Toward-verification-of-QUIC-extensions/installer/TVOQE/results/errors/client/local/quant-client-2/temp/76/quic_client_test_max0.iev,0.0,1.0
1128," /home/chris/TVOQE_UPGRADE_27/quic/quant/Debug/bin/client -c false -r 20 -l /home/chris/secret.log -q /home/chris/qlog_quant -t 3600 -v 5 -e 0xff00001d https://localhost:4443/index.html
",client,quic_client_test_tp_acticoid_error0,,,/home/chris/Toward-verification-of-QUIC-extensions/installer/TVOQE/results/errors/client/local/quant-client-2/temp/534/quic_client_test_tp_acticoid_error0.iev,0.0,1.0
1129," /home/chris/TVOQE_UPGRADE_27/quic/quant/Debug/bin/client -c false -r 20 -l /home/chris/secret.log -q /home/chris/qlog_quant -t 3600 -v 5 -e 0xff00001d https://localhost:4443/index.html
",client,quic_client_test_new_token_error0,,"ivy_return_code(1)+assumption_failed(""quic_client_test_new_token_error.ivy: line 517"")",/home/chris/Toward-verification-of-QUIC-extensions/installer/TVOQE/results/errors/client/local/quant-client-2/temp/1357/quic_client_test_new_token_error0.iev,0.0,0.0
1130," /home/chris/TVOQE_UPGRADE_27/quic/quant/Debug/bin/client -c false -r 20 -l /home/chris/secret.log -q /home/chris/qlog_quant -t 3600 -v 5 -e 0xff00001d https://localhost:4443/index.html
",client,quic_client_test_max0,,"ivy_return_code(1)+assumption_failed(""quic_client_test.ivy: line 310"")",/home/chris/Toward-verification-of-QUIC-extensions/installer/TVOQE/results/errors/client/local/quant-client-2/temp/48/quic_client_test_max0.iev,0.0,0.0
1131," /home/chris/TVOQE_UPGRADE_27/quic/quant/Debug/bin/client -c false -r 20 -l /home/chris/secret.log -q /home/chris/qlog_quant -t 3600 -v 5 -e 0xff00001d https://localhost:4443/index.html
",client,quic_client_test_blocked_streams_maxstream_error0,,"ivy_return_code(1)+assumption_failed(""quic_client_test_blocked_streams_maxstream_error.ivy: line 283"")",/home/chris/Toward-verification-of-QUIC-extensions/installer/TVOQE/results/errors/client/local/quant-client-2/temp/631/quic_client_test_blocked_streams_maxstream_error0.iev,0.0,0.0
1132," /home/chris/TVOQE_UPGRADE_27/quic/quant/Debug/bin/client -c false -r 20 -l /home/chris/secret.log -q /home/chris/qlog_quant -t 3600 -v 5 -e 0xff00001d https://localhost:4443/index.html
",client,quic_client_test_unkown0,,"ivy_return_code(1)+assumption_failed(""quic_client_test_unkown.ivy: line 513"")",/home/chris/Toward-verification-of-QUIC-extensions/installer/TVOQE/results/errors/client/local/quant-client-2/temp/1089/quic_client_test_unkown0.iev,0.0,0.0
1133," /home/chris/TVOQE_UPGRADE_27/quic/quant/Debug/bin/client -c false -r 20 -l /home/chris/secret.log -q /home/chris/qlog_quant -t 3600 -v 5 -e 0xff00001d https://localhost:4443/index.html
",client,quic_client_test_tp_unkown0,,"ivy_return_code(1)+assumption_failed(""quic_client_test_tp_unkown.ivy: line 515"")",/home/chris/Toward-verification-of-QUIC-extensions/installer/TVOQE/results/errors/client/local/quant-client-2/temp/1125/quic_client_test_tp_unkown0.iev,0.0,0.0
1134," /home/chris/TVOQE_UPGRADE_27/quic/quant/Debug/bin/client -c false -r 20 -l /home/chris/secret.log -q /home/chris/qlog_quant -t 3600 -v 5 -e 0xff00001d https://localhost:4443/index.html
",client,quic_client_test_ext_min_ack_delay0,,"ivy_return_code(1)+assumption_failed(""quic_client_test_ext_min_ack_delay.ivy: line 524"")",/home/chris/Toward-verification-of-QUIC-extensions/installer/TVOQE/results/errors/client/local/quant-client-2/temp/203/quic_client_test_ext_min_ack_delay0.iev,0.0,0.0
1135," /home/chris/TVOQE_UPGRADE_27/quic/quant/Debug/bin/client -c false -r 20 -l /home/chris/secret.log -q /home/chris/qlog_quant -t 3600 -v 5 -e 0xff00001d https://localhost:4443/index.html
",client,quic_client_test_tp_acticoid_error0,,"ivy_return_code(1)+assumption_failed(""quic_client_test_tp_acticoid_error.ivy: line 515"")",/home/chris/Toward-verification-of-QUIC-extensions/installer/TVOQE/results/errors/client/local/quant-client-2/temp/506/quic_client_test_tp_acticoid_error0.iev,0.0,0.0
1136," /home/chris/TVOQE_UPGRADE_27/quic/quant/Debug/bin/client -c false -r 20 -l /home/chris/secret.log -q /home/chris/qlog_quant -t 3600 -v 5 -e 0xff00001d https://localhost:4443/index.html
",client,quic_client_test_double_tp_error0,,server_return_code(1)+ivy_return_code(1),/home/chris/Toward-verification-of-QUIC-extensions/installer/TVOQE/results/errors/client/local/quant-client-2/temp/465/quic_client_test_double_tp_error0.iev,0.0,0.0
1137," /home/chris/TVOQE_UPGRADE_27/quic/quant/Debug/bin/client -c false -r 20 -l /home/chris/secret.log -q /home/chris/qlog_quant -t 3600 -v 5 -e 0xff00001d https://localhost:4443/index.html
",client,quic_client_test_blocked_streams_maxstream_error0,,"ivy_return_code(1)+assumption_failed(""quic_client_test_blocked_streams_maxstream_error.ivy: line 283"")",/home/chris/Toward-verification-of-QUIC-extensions/installer/TVOQE/results/errors/client/local/quant-client-2/temp/648/quic_client_test_blocked_streams_maxstream_error0.iev,0.0,0.0
1138," /home/chris/TVOQE_UPGRADE_27/quic/quant/Debug/bin/client -c false -r 20 -l /home/chris/secret.log -q /home/chris/qlog_quant -t 3600 -v 5 -e 0xff00001d https://localhost:4443/index.html
",client,quic_client_test_tp_acticoid_error0,,"ivy_return_code(1)+assumption_failed(""quic_client_test_tp_acticoid_error.ivy: line 515"")",/home/chris/Toward-verification-of-QUIC-extensions/installer/TVOQE/results/errors/client/local/quant-client-2/temp/547/quic_client_test_tp_acticoid_error0.iev,0.0,0.0
1139," /home/chris/TVOQE_UPGRADE_27/quic/quant/Debug/bin/client -c false -r 20 -l /home/chris/secret.log -q /home/chris/qlog_quant -t 3600 -v 5 -e 0xff00001d https://localhost:4443/index.html
",client,quic_client_test_new_token_error0,,server_return_code(1)+test_completed,/home/chris/Toward-verification-of-QUIC-extensions/installer/TVOQE/results/errors/client/local/quant-client-2/temp/1353/quic_client_test_new_token_error0.iev,0.0,0.0
1140," /home/chris/TVOQE_UPGRADE_27/quic/quant/Debug/bin/client -c false -r 20 -l /home/chris/secret.log -q /home/chris/qlog_quant -t 3600 -v 5 -e 0xff00001d https://localhost:4443/index.html
",client,quic_client_test_stream0,,timeout+sending id: server addr: 2130706433 port: 53773,/home/chris/Toward-verification-of-QUIC-extensions/installer/TVOQE/results/errors/client/local/quant-client-2/temp/121/quic_client_test_stream0.iev,0.0,0.0
1141," /home/chris/TVOQE_UPGRADE_27/quic/quant/Debug/bin/client -c false -r 20 -l /home/chris/secret.log -q /home/chris/qlog_quant -t 3600 -v 5 -e 0xff00001d https://localhost:4443/index.html
",client,quic_client_test_tp_error0,,server_return_code(1)+timeout,/home/chris/Toward-verification-of-QUIC-extensions/installer/TVOQE/results/errors/client/local/quant-client-2/temp/314/quic_client_test_tp_error0.iev,0.0,0.0
1142," /home/chris/TVOQE_UPGRADE_27/quic/quant/Debug/bin/client -c false -r 20 -l /home/chris/secret.log -q /home/chris/qlog_quant -t 3600 -v 5 -e 0xff00001d https://localhost:4443/index.html
",client,quic_client_test_new_token_error0,,"ivy_return_code(1)+assumption_failed(""quic_client_test_new_token_error.ivy: line 517"")",/home/chris/Toward-verification-of-QUIC-extensions/installer/TVOQE/results/errors/client/local/quant-client-2/temp/1380/quic_client_test_new_token_error0.iev,0.0,0.0
1143," /home/chris/TVOQE_UPGRADE_27/quic/quant/Debug/bin/client -c false -r 20 -l /home/chris/secret.log -q /home/chris/qlog_quant -t 3600 -v 5 -e 0xff00001d https://localhost:4443/index.html
",client,quic_client_test_ext_min_ack_delay0,,,/home/chris/Toward-verification-of-QUIC-extensions/installer/TVOQE/results/errors/client/local/quant-client-2/temp/236/quic_client_test_ext_min_ack_delay0.iev,0.0,1.0
1144," /home/chris/TVOQE_UPGRADE_27/quic/quant/Debug/bin/client -c false -r 20 -l /home/chris/secret.log -q /home/chris/qlog_quant -t 3600 -v 5 -e 0xff00001d https://localhost:4443/index.html
",client,quic_client_test_retirecoid_error0,,"ivy_return_code(1)+assumption_failed(""quic_client_test_retirecoid_error.ivy: line 276"")",/home/chris/Toward-verification-of-QUIC-extensions/installer/TVOQE/results/errors/client/local/quant-client-2/temp/722/quic_client_test_retirecoid_error0.iev,0.0,0.0
1145," /home/chris/TVOQE_UPGRADE_27/quic/quant/Debug/bin/client -c false -r 20 -l /home/chris/secret.log -q /home/chris/qlog_quant -t 3600 -v 5 -e 0xff00001d https://localhost:4443/index.html
",client,quic_client_test_tp_prefadd_error0,,server_return_code(1)+ivy_return_code(1),/home/chris/Toward-verification-of-QUIC-extensions/installer/TVOQE/results/errors/client/local/quant-client-2/temp/987/quic_client_test_tp_prefadd_error0.iev,0.0,0.0
1146," /home/chris/TVOQE_UPGRADE_27/quic/quant/Debug/bin/client -c false -r 20 -l /home/chris/secret.log -q /home/chris/qlog_quant -t 3600 -v 5 -e 0xff00001d https://localhost:4443/index.html
",client,quic_client_test_max0,,,/home/chris/Toward-verification-of-QUIC-extensions/installer/TVOQE/results/errors/client/local/quant-client-2/temp/49/quic_client_test_max0.iev,0.0,1.0
1147," /home/chris/TVOQE_UPGRADE_27/quic/quant/Debug/bin/client -c false -r 20 -l /home/chris/secret.log -q /home/chris/qlog_quant -t 3600 -v 5 -e 0xff00001d https://localhost:4443/index.html
",client,quic_client_test_accept_maxdata0,,,/home/chris/Toward-verification-of-QUIC-extensions/installer/TVOQE/results/errors/client/local/quant-client-2/temp/836/quic_client_test_accept_maxdata0.iev,0.0,1.0
1148," /home/chris/TVOQE_UPGRADE_27/quic/quant/Debug/bin/client -c false -r 20 -l /home/chris/secret.log -q /home/chris/qlog_quant -t 3600 -v 5 -e 0xff00001d https://localhost:4443/index.html
",client,quic_client_test_max0,,,/home/chris/Toward-verification-of-QUIC-extensions/installer/TVOQE/results/errors/client/local/quant-client-2/temp/99/quic_client_test_max0.iev,0.0,1.0
1149," /home/chris/TVOQE_UPGRADE_27/quic/quant/Debug/bin/client -c false -r 20 -l /home/chris/secret.log -q /home/chris/qlog_quant -t 3600 -v 5 -e 0xff00001d https://localhost:4443/index.html
",client,quic_client_test_double_tp_error0,,"ivy_return_code(1)+assumption_failed(""quic_client_test_double_tp_error.ivy: line 502"")",/home/chris/Toward-verification-of-QUIC-extensions/installer/TVOQE/results/errors/client/local/quant-client-2/temp/467/quic_client_test_double_tp_error0.iev,0.0,0.0
1150," /home/chris/TVOQE_UPGRADE_27/quic/quant/Debug/bin/client -c false -r 20 -l /home/chris/secret.log -q /home/chris/qlog_quant -t 3600 -v 5 -e 0xff00001d https://localhost:4443/index.html
",client,quic_client_test_tp_error0,,server_return_code(1)+timeout,/home/chris/Toward-verification-of-QUIC-extensions/installer/TVOQE/results/errors/client/local/quant-client-2/temp/376/quic_client_test_tp_error0.iev,0.0,0.0
1151," /home/chris/TVOQE_UPGRADE_27/quic/quant/Debug/bin/client -c false -r 20 -l /home/chris/secret.log -q /home/chris/qlog_quant -t 3600 -v 5 -e 0xff00001d https://localhost:4443/index.html
",client,quic_client_test_limit_max_error0,,"ivy_return_code(1)+assumption_failed(""quic_client_test_limit_max_error.ivy: line 504"")",/home/chris/Toward-verification-of-QUIC-extensions/installer/TVOQE/results/errors/client/local/quant-client-2/temp/1201/quic_client_test_limit_max_error0.iev,0.0,0.0
1152," /home/chris/TVOQE_UPGRADE_27/quic/quant/Debug/bin/client -c false -r 20 -l /home/chris/secret.log -q /home/chris/qlog_quant -t 3600 -v 5 -e 0xff00001d https://localhost:4443/index.html
",client,quic_client_test_unkown0,,server_return_code(1)+ivy_return_code(1),/home/chris/Toward-verification-of-QUIC-extensions/installer/TVOQE/results/errors/client/local/quant-client-2/temp/1023/quic_client_test_unkown0.iev,0.0,0.0
1153," /home/chris/TVOQE_UPGRADE_27/quic/quant/Debug/bin/client -c false -r 20 -l /home/chris/secret.log -q /home/chris/qlog_quant -t 3600 -v 5 -e 0xff00001d https://localhost:4443/index.html
",client,quic_client_test_limit_max_error0,,"ivy_return_code(1)+assumption_failed(""quic_client_test_limit_max_error.ivy: line 504"")",/home/chris/Toward-verification-of-QUIC-extensions/installer/TVOQE/results/errors/client/local/quant-client-2/temp/1273/quic_client_test_limit_max_error0.iev,0.0,0.0
1154," /home/chris/TVOQE_UPGRADE_27/quic/quant/Debug/bin/client -c false -r 20 -l /home/chris/secret.log -q /home/chris/qlog_quant -t 3600 -v 5 -e 0xff00001d https://localhost:4443/index.html
",client,quic_client_test_blocked_streams_maxstream_error0,,"ivy_return_code(1)+assumption_failed(""quic_client_test_blocked_streams_maxstream_error.ivy: line 283"")",/home/chris/Toward-verification-of-QUIC-extensions/installer/TVOQE/results/errors/client/local/quant-client-2/temp/632/quic_client_test_blocked_streams_maxstream_error0.iev,0.0,0.0
1155," /home/chris/TVOQE_UPGRADE_27/quic/quant/Debug/bin/client -c false -r 20 -l /home/chris/secret.log -q /home/chris/qlog_quant -t 3600 -v 5 -e 0xff00001d https://localhost:4443/index.html
",client,quic_client_test_ext_min_ack_delay0,,,/home/chris/Toward-verification-of-QUIC-extensions/installer/TVOQE/results/errors/client/local/quant-client-2/temp/274/quic_client_test_ext_min_ack_delay0.iev,0.0,1.0
1156," /home/chris/TVOQE_UPGRADE_27/quic/quant/Debug/bin/client -c false -r 20 -l /home/chris/secret.log -q /home/chris/qlog_quant -t 3600 -v 5 -e 0xff00001d https://localhost:4443/index.html
",client,quic_client_test_stream0,,,/home/chris/Toward-verification-of-QUIC-extensions/installer/TVOQE/results/errors/client/local/quant-client-2/temp/180/quic_client_test_stream0.iev,0.0,1.0
1157," /home/chris/TVOQE_UPGRADE_27/quic/quant/Debug/bin/client -c false -r 20 -l /home/chris/secret.log -q /home/chris/qlog_quant -t 3600 -v 5 -e 0xff00001d https://localhost:4443/index.html
",client,quic_client_test_new_token_error0,,ivy_return_code(134)+ivy_binary_deser_128 getn deser_err,/home/chris/Toward-verification-of-QUIC-extensions/installer/TVOQE/results/errors/client/local/quant-client-2/temp/1347/quic_client_test_new_token_error0.iev,0.0,0.0
1158," /home/chris/TVOQE_UPGRADE_27/quic/quant/Debug/bin/client -c false -r 20 -l /home/chris/secret.log -q /home/chris/qlog_quant -t 3600 -v 5 -e 0xff00001d https://localhost:4443/index.html
",client,quic_client_test_tp_error0,,server_return_code(1)+timeout,/home/chris/Toward-verification-of-QUIC-extensions/installer/TVOQE/results/errors/client/local/quant-client-2/temp/383/quic_client_test_tp_error0.iev,0.0,0.0
1159," /home/chris/TVOQE_UPGRADE_27/quic/quant/Debug/bin/client -c false -r 20 -l /home/chris/secret.log -q /home/chris/qlog_quant -t 3600 -v 5 -e 0xff00001d https://localhost:4443/index.html
",client,quic_client_test_tp_error0,,ivy_return_code(134)+,/home/chris/Toward-verification-of-QUIC-extensions/installer/TVOQE/results/errors/client/local/quant-client-2/temp/315/quic_client_test_tp_error0.iev,0.0,0.0
1160," /home/chris/TVOQE_UPGRADE_27/quic/quant/Debug/bin/client -c false -r 20 -l /home/chris/secret.log -q /home/chris/qlog_quant -t 3600 -v 5 -e 0xff00001d https://localhost:4443/index.html
",client,quic_client_test_tp_acticoid_error0,,"ivy_return_code(1)+assumption_failed(""quic_client_test_tp_acticoid_error.ivy: line 515"")",/home/chris/Toward-verification-of-QUIC-extensions/installer/TVOQE/results/errors/client/local/quant-client-2/temp/593/quic_client_test_tp_acticoid_error0.iev,0.0,0.0
1161," /home/chris/TVOQE_UPGRADE_27/quic/quant/Debug/bin/client -c false -r 20 -l /home/chris/secret.log -q /home/chris/qlog_quant -t 3600 -v 5 -e 0xff00001d https://localhost:4443/index.html
",client,quic_client_test_new_token_error0,,server_return_code(1)+ivy_return_code(1),/home/chris/Toward-verification-of-QUIC-extensions/installer/TVOQE/results/errors/client/local/quant-client-2/temp/1302/quic_client_test_new_token_error0.iev,0.0,0.0
1162," /home/chris/TVOQE_UPGRADE_27/quic/quant/Debug/bin/client -c false -r 20 -l /home/chris/secret.log -q /home/chris/qlog_quant -t 3600 -v 5 -e 0xff00001d https://localhost:4443/index.html
",client,quic_client_test_tp_unkown0,,,/home/chris/Toward-verification-of-QUIC-extensions/installer/TVOQE/results/errors/client/local/quant-client-2/temp/1174/quic_client_test_tp_unkown0.iev,0.0,1.0
1163," /home/chris/TVOQE_UPGRADE_27/quic/quant/Debug/bin/client -c false -r 20 -l /home/chris/secret.log -q /home/chris/qlog_quant -t 3600 -v 5 -e 0xff00001d https://localhost:4443/index.html
",client,quic_client_test_accept_maxdata0,,,/home/chris/Toward-verification-of-QUIC-extensions/installer/TVOQE/results/errors/client/local/quant-client-2/temp/848/quic_client_test_accept_maxdata0.iev,0.0,1.0
1164," /home/chris/TVOQE_UPGRADE_27/quic/quant/Debug/bin/client -c false -r 20 -l /home/chris/secret.log -q /home/chris/qlog_quant -t 3600 -v 5 -e 0xff00001d https://localhost:4443/index.html
",client,quic_client_test_unkown0,,ivy_return_code(134)+ivy_binary_deser_128 getn deser_err,/home/chris/Toward-verification-of-QUIC-extensions/installer/TVOQE/results/errors/client/local/quant-client-2/temp/1033/quic_client_test_unkown0.iev,0.0,0.0
1165," /home/chris/TVOQE_UPGRADE_27/quic/quant/Debug/bin/client -c false -r 20 -l /home/chris/secret.log -q /home/chris/qlog_quant -t 3600 -v 5 -e 0xff00001d https://localhost:4443/index.html
",client,quic_client_test_blocked_streams_maxstream_error0,,"ivy_return_code(1)+assumption_failed(""quic_client_test_blocked_streams_maxstream_error.ivy: line 283"")",/home/chris/Toward-verification-of-QUIC-extensions/installer/TVOQE/results/errors/client/local/quant-client-2/temp/689/quic_client_test_blocked_streams_maxstream_error0.iev,0.0,0.0
1166," /home/chris/TVOQE_UPGRADE_27/quic/quant/Debug/bin/client -c false -r 20 -l /home/chris/secret.log -q /home/chris/qlog_quant -t 3600 -v 5 -e 0xff00001d https://localhost:4443/index.html
",client,quic_client_test_accept_maxdata0,,,/home/chris/Toward-verification-of-QUIC-extensions/installer/TVOQE/results/errors/client/local/quant-client-2/temp/821/quic_client_test_accept_maxdata0.iev,0.0,1.0
1167," /home/chris/TVOQE_UPGRADE_27/quic/quant/Debug/bin/client -c false -r 20 -l /home/chris/secret.log -q /home/chris/qlog_quant -t 3600 -v 5 -e 0xff00001d https://localhost:4443/index.html
",client,quic_client_test_new_token_error0,,server_return_code(1)+ivy_return_code(134),/home/chris/Toward-verification-of-QUIC-extensions/installer/TVOQE/results/errors/client/local/quant-client-2/temp/1383/quic_client_test_new_token_error0.iev,0.0,0.0
1168," /home/chris/TVOQE_UPGRADE_27/quic/quant/Debug/bin/client -c false -r 20 -l /home/chris/secret.log -q /home/chris/qlog_quant -t 3600 -v 5 -e 0xff00001d https://localhost:4443/index.html
",client,quic_client_test_ext_min_ack_delay0,,"ivy_return_code(1)+assumption_failed(""quic_client_test_ext_min_ack_delay.ivy: line 524"")",/home/chris/Toward-verification-of-QUIC-extensions/installer/TVOQE/results/errors/client/local/quant-client-2/temp/226/quic_client_test_ext_min_ack_delay0.iev,0.0,0.0
1169," /home/chris/TVOQE_UPGRADE_27/quic/quant/Debug/bin/client -c false -r 20 -l /home/chris/secret.log -q /home/chris/qlog_quant -t 3600 -v 5 -e 0xff00001d https://localhost:4443/index.html
",client,quic_client_test_unkown0,,server_return_code(1)+ivy_return_code(1),/home/chris/Toward-verification-of-QUIC-extensions/installer/TVOQE/results/errors/client/local/quant-client-2/temp/1025/quic_client_test_unkown0.iev,0.0,0.0
1170," /home/chris/TVOQE_UPGRADE_27/quic/quant/Debug/bin/client -c false -r 20 -l /home/chris/secret.log -q /home/chris/qlog_quant -t 3600 -v 5 -e 0xff00001d https://localhost:4443/index.html
",client,quic_client_test_new_token_error0,,ivy_return_code(134)+ivy_binary_deser_128 getn deser_err,/home/chris/Toward-verification-of-QUIC-extensions/installer/TVOQE/results/errors/client/local/quant-client-2/temp/1384/quic_client_test_new_token_error0.iev,0.0,0.0
1171," /home/chris/TVOQE_UPGRADE_27/quic/quant/Debug/bin/client -c false -r 20 -l /home/chris/secret.log -q /home/chris/qlog_quant -t 3600 -v 5 -e 0xff00001d https://localhost:4443/index.html
",client,quic_client_test_blocked_streams_maxstream_error0,,"ivy_return_code(1)+assumption_failed(""quic_client_test_blocked_streams_maxstream_error.ivy: line 283"")",/home/chris/Toward-verification-of-QUIC-extensions/installer/TVOQE/results/errors/client/local/quant-client-2/temp/695/quic_client_test_blocked_streams_maxstream_error0.iev,0.0,0.0
1172," /home/chris/TVOQE_UPGRADE_27/quic/quant/Debug/bin/client -c false -r 20 -l /home/chris/secret.log -q /home/chris/qlog_quant -t 3600 -v 5 -e 0xff00001d https://localhost:4443/index.html
",client,quic_client_test_limit_max_error0,,"ivy_return_code(1)+assumption_failed(""quic_client_test_limit_max_error.ivy: line 504"")",/home/chris/Toward-verification-of-QUIC-extensions/installer/TVOQE/results/errors/client/local/quant-client-2/temp/1286/quic_client_test_limit_max_error0.iev,0.0,0.0
1173," /home/chris/TVOQE_UPGRADE_27/quic/quant/Debug/bin/client -c false -r 20 -l /home/chris/secret.log -q /home/chris/qlog_quant -t 3600 -v 5 -e 0xff00001d https://localhost:4443/index.html
",client,quic_client_test_tp_unkown0,,,/home/chris/Toward-verification-of-QUIC-extensions/installer/TVOQE/results/errors/client/local/quant-client-2/temp/1187/quic_client_test_tp_unkown0.iev,0.0,1.0
1174," /home/chris/TVOQE_UPGRADE_27/quic/quant/Debug/bin/client -c false -r 20 -l /home/chris/secret.log -q /home/chris/qlog_quant -t 3600 -v 5 -e 0xff00001d https://localhost:4443/index.html
",client,quic_client_test_ext_min_ack_delay0,,"ivy_return_code(1)+assumption_failed(""quic_client_test_ext_min_ack_delay.ivy: line 524"")",/home/chris/Toward-verification-of-QUIC-extensions/installer/TVOQE/results/errors/client/local/quant-client-2/temp/243/quic_client_test_ext_min_ack_delay0.iev,0.0,0.0
1175," /home/chris/TVOQE_UPGRADE_27/quic/quant/Debug/bin/client -c false -r 20 -l /home/chris/secret.log -q /home/chris/qlog_quant -t 3600 -v 5 -e 0xff00001d https://localhost:4443/index.html
",client,quic_client_test_max0,,,/home/chris/Toward-verification-of-QUIC-extensions/installer/TVOQE/results/errors/client/local/quant-client-2/temp/18/quic_client_test_max0.iev,0.0,1.0
1176," /home/chris/TVOQE_UPGRADE_27/quic/quant/Debug/bin/client -c false -r 20 -l /home/chris/secret.log -q /home/chris/qlog_quant -t 3600 -v 5 -e 0xff00001d https://localhost:4443/index.html
",client,quic_client_test_accept_maxdata0,,"ivy_return_code(1)+assumption_failed(""/usr/local/lib/python2.7/dist-packages/ivy/include/1.7/quic_frame.ivy: line 597"")",/home/chris/Toward-verification-of-QUIC-extensions/installer/TVOQE/results/errors/client/local/quant-client-2/temp/846/quic_client_test_accept_maxdata0.iev,0.0,0.0
1177," /home/chris/TVOQE_UPGRADE_27/quic/quant/Debug/bin/client -c false -r 20 -l /home/chris/secret.log -q /home/chris/qlog_quant -t 3600 -v 5 -e 0xff00001d https://localhost:4443/index.html
",client,quic_client_test_ext_min_ack_delay0,,,/home/chris/Toward-verification-of-QUIC-extensions/installer/TVOQE/results/errors/client/local/quant-client-2/temp/278/quic_client_test_ext_min_ack_delay0.iev,0.0,1.0
1178," /home/chris/TVOQE_UPGRADE_27/quic/quant/Debug/bin/client -c false -r 20 -l /home/chris/secret.log -q /home/chris/qlog_quant -t 3600 -v 5 -e 0xff00001d https://localhost:4443/index.html
",client,quic_client_test_stream0,,timeout+sending id: server addr: 2130706433 port: 35944,/home/chris/Toward-verification-of-QUIC-extensions/installer/TVOQE/results/errors/client/local/quant-client-2/temp/108/quic_client_test_stream0.iev,0.0,0.0
1179," /home/chris/TVOQE_UPGRADE_27/quic/quant/Debug/bin/client -c false -r 20 -l /home/chris/secret.log -q /home/chris/qlog_quant -t 3600 -v 5 -e 0xff00001d https://localhost:4443/index.html
",client,quic_client_test_tp_acticoid_error0,,,/home/chris/Toward-verification-of-QUIC-extensions/installer/TVOQE/results/errors/client/local/quant-client-2/temp/541/quic_client_test_tp_acticoid_error0.iev,0.0,1.0
1180," /home/chris/TVOQE_UPGRADE_27/quic/quant/Debug/bin/client -c false -r 20 -l /home/chris/secret.log -q /home/chris/qlog_quant -t 3600 -v 5 -e 0xff00001d https://localhost:4443/index.html
",client,quic_client_test_double_tp_error0,,server_return_code(1)+ivy_return_code(1),/home/chris/Toward-verification-of-QUIC-extensions/installer/TVOQE/results/errors/client/local/quant-client-2/temp/427/quic_client_test_double_tp_error0.iev,0.0,0.0
1181," /home/chris/TVOQE_UPGRADE_27/quic/quant/Debug/bin/client -c false -r 20 -l /home/chris/secret.log -q /home/chris/qlog_quant -t 3600 -v 5 -e 0xff00001d https://localhost:4443/index.html
",client,quic_client_test_ext_min_ack_delay0,,,/home/chris/Toward-verification-of-QUIC-extensions/installer/TVOQE/results/errors/client/local/quant-client-2/temp/294/quic_client_test_ext_min_ack_delay0.iev,0.0,1.0
1182," /home/chris/TVOQE_UPGRADE_27/quic/quant/Debug/bin/client -c false -r 20 -l /home/chris/secret.log -q /home/chris/qlog_quant -t 3600 -v 5 -e 0xff00001d https://localhost:4443/index.html
",client,quic_client_test_tp_acticoid_error0,,,/home/chris/Toward-verification-of-QUIC-extensions/installer/TVOQE/results/errors/client/local/quant-client-2/temp/583/quic_client_test_tp_acticoid_error0.iev,0.0,1.0
1183," /home/chris/TVOQE_UPGRADE_27/quic/quant/Debug/bin/client -c false -r 20 -l /home/chris/secret.log -q /home/chris/qlog_quant -t 3600 -v 5 -e 0xff00001d https://localhost:4443/index.html
",client,quic_client_test_limit_max_error0,,"ivy_return_code(1)+assumption_failed(""quic_client_test_limit_max_error.ivy: line 504"")",/home/chris/Toward-verification-of-QUIC-extensions/installer/TVOQE/results/errors/client/local/quant-client-2/temp/1253/quic_client_test_limit_max_error0.iev,0.0,0.0
1184," /home/chris/TVOQE_UPGRADE_27/quic/quant/Debug/bin/client -c false -r 20 -l /home/chris/secret.log -q /home/chris/qlog_quant -t 3600 -v 5 -e 0xff00001d https://localhost:4443/index.html
",client,quic_client_test_ext_min_ack_delay0,,,/home/chris/Toward-verification-of-QUIC-extensions/installer/TVOQE/results/errors/client/local/quant-client-2/temp/234/quic_client_test_ext_min_ack_delay0.iev,0.0,1.0
1185," /home/chris/TVOQE_UPGRADE_27/quic/quant/Debug/bin/client -c false -r 20 -l /home/chris/secret.log -q /home/chris/qlog_quant -t 3600 -v 5 -e 0xff00001d https://localhost:4443/index.html
",client,quic_client_test_tp_error0,,server_return_code(1)+timeout,/home/chris/Toward-verification-of-QUIC-extensions/installer/TVOQE/results/errors/client/local/quant-client-2/temp/317/quic_client_test_tp_error0.iev,0.0,0.0
1186," /home/chris/TVOQE_UPGRADE_27/quic/quant/Debug/bin/client -c false -r 20 -l /home/chris/secret.log -q /home/chris/qlog_quant -t 3600 -v 5 -e 0xff00001d https://localhost:4443/index.html
",client,quic_client_test_max0,,,/home/chris/Toward-verification-of-QUIC-extensions/installer/TVOQE/results/errors/client/local/quant-client-2/temp/22/quic_client_test_max0.iev,0.0,1.0
1187," /home/chris/TVOQE_UPGRADE_27/quic/quant/Debug/bin/client -c false -r 20 -l /home/chris/secret.log -q /home/chris/qlog_quant -t 3600 -v 5 -e 0xff00001d https://localhost:4443/index.html
",client,quic_client_test_unkown0,,ivy_return_code(134)+ivy_binary_deser_128 getn deser_err,/home/chris/Toward-verification-of-QUIC-extensions/installer/TVOQE/results/errors/client/local/quant-client-2/temp/1002/quic_client_test_unkown0.iev,0.0,0.0
1188," /home/chris/TVOQE_UPGRADE_27/quic/quant/Debug/bin/client -c false -r 20 -l /home/chris/secret.log -q /home/chris/qlog_quant -t 3600 -v 5 -e 0xff00001d https://localhost:4443/index.html
",client,quic_client_test_retirecoid_error0,,"ivy_return_code(1)+assumption_failed(""quic_client_test_retirecoid_error.ivy: line 276"")",/home/chris/Toward-verification-of-QUIC-extensions/installer/TVOQE/results/errors/client/local/quant-client-2/temp/731/quic_client_test_retirecoid_error0.iev,0.0,0.0
1189," /home/chris/TVOQE_UPGRADE_27/quic/quant/Debug/bin/client -c false -r 20 -l /home/chris/secret.log -q /home/chris/qlog_quant -t 3600 -v 5 -e 0xff00001d https://localhost:4443/index.html
",client,quic_client_test_double_tp_error0,,"ivy_return_code(1)+assumption_failed(""quic_client_test_double_tp_error.ivy: line 502"")",/home/chris/Toward-verification-of-QUIC-extensions/installer/TVOQE/results/errors/client/local/quant-client-2/temp/483/quic_client_test_double_tp_error0.iev,0.0,0.0
1190," /home/chris/TVOQE_UPGRADE_27/quic/quant/Debug/bin/client -c false -r 20 -l /home/chris/secret.log -q /home/chris/qlog_quant -t 3600 -v 5 -e 0xff00001d https://localhost:4443/index.html
",client,quic_client_test_tp_unkown0,,,/home/chris/Toward-verification-of-QUIC-extensions/installer/TVOQE/results/errors/client/local/quant-client-2/temp/1113/quic_client_test_tp_unkown0.iev,0.0,1.0
1191," /home/chris/TVOQE_UPGRADE_27/quic/quant/Debug/bin/client -c false -r 20 -l /home/chris/secret.log -q /home/chris/qlog_quant -t 3600 -v 5 -e 0xff00001d https://localhost:4443/index.html
",client,quic_client_test_new_token_error0,,"ivy_return_code(1)+assumption_failed(""quic_client_test_new_token_error.ivy: line 517"")",/home/chris/Toward-verification-of-QUIC-extensions/installer/TVOQE/results/errors/client/local/quant-client-2/temp/1351/quic_client_test_new_token_error0.iev,0.0,0.0
1192," /home/chris/TVOQE_UPGRADE_27/quic/quant/Debug/bin/client -c false -r 20 -l /home/chris/secret.log -q /home/chris/qlog_quant -t 3600 -v 5 -e 0xff00001d https://localhost:4443/index.html
",client,quic_client_test_tp_acticoid_error0,,,/home/chris/Toward-verification-of-QUIC-extensions/installer/TVOQE/results/errors/client/local/quant-client-2/temp/580/quic_client_test_tp_acticoid_error0.iev,0.0,1.0
1193," /home/chris/TVOQE_UPGRADE_27/quic/quant/Debug/bin/client -c false -r 20 -l /home/chris/secret.log -q /home/chris/qlog_quant -t 3600 -v 5 -e 0xff00001d https://localhost:4443/index.html
",client,quic_client_test_retirecoid_error0,,"ivy_return_code(1)+assumption_failed(""quic_client_test_retirecoid_error.ivy: line 276"")",/home/chris/Toward-verification-of-QUIC-extensions/installer/TVOQE/results/errors/client/local/quant-client-2/temp/777/quic_client_test_retirecoid_error0.iev,0.0,0.0
1194," /home/chris/TVOQE_UPGRADE_27/quic/quant/Debug/bin/client -c false -r 20 -l /home/chris/secret.log -q /home/chris/qlog_quant -t 3600 -v 5 -e 0xff00001d https://localhost:4443/index.html
",client,quic_client_test_tp_prefadd_error0,,server_return_code(1)+ivy_return_code(1),/home/chris/Toward-verification-of-QUIC-extensions/installer/TVOQE/results/errors/client/local/quant-client-2/temp/902/quic_client_test_tp_prefadd_error0.iev,0.0,0.0
1195," /home/chris/TVOQE_UPGRADE_27/quic/quant/Debug/bin/client -c false -r 20 -l /home/chris/secret.log -q /home/chris/qlog_quant -t 3600 -v 5 -e 0xff00001d https://localhost:4443/index.html
",client,quic_client_test_tp_unkown0,,,/home/chris/Toward-verification-of-QUIC-extensions/installer/TVOQE/results/errors/client/local/quant-client-2/temp/1160/quic_client_test_tp_unkown0.iev,0.0,1.0
1196," /home/chris/TVOQE_UPGRADE_27/quic/quant/Debug/bin/client -c false -r 20 -l /home/chris/secret.log -q /home/chris/qlog_quant -t 3600 -v 5 -e 0xff00001d https://localhost:4443/index.html
",client,quic_client_test_stream0,,timeout+sending id: server addr: 2130706433 port: 59170,/home/chris/Toward-verification-of-QUIC-extensions/installer/TVOQE/results/errors/client/local/quant-client-2/temp/150/quic_client_test_stream0.iev,0.0,0.0
1197," /home/chris/TVOQE_UPGRADE_27/quic/quant/Debug/bin/client -c false -r 20 -l /home/chris/secret.log -q /home/chris/qlog_quant -t 3600 -v 5 -e 0xff00001d https://localhost:4443/index.html
",client,quic_client_test_double_tp_error0,,"ivy_return_code(1)+assumption_failed(""quic_client_test_double_tp_error.ivy: line 502"")",/home/chris/Toward-verification-of-QUIC-extensions/installer/TVOQE/results/errors/client/local/quant-client-2/temp/413/quic_client_test_double_tp_error0.iev,0.0,0.0
1198," /home/chris/TVOQE_UPGRADE_27/quic/quant/Debug/bin/client -c false -r 20 -l /home/chris/secret.log -q /home/chris/qlog_quant -t 3600 -v 5 -e 0xff00001d https://localhost:4443/index.html
",client,quic_client_test_max0,,"ivy_return_code(1)+assumption_failed(""quic_client_test.ivy: line 310"")",/home/chris/Toward-verification-of-QUIC-extensions/installer/TVOQE/results/errors/client/local/quant-client-2/temp/7/quic_client_test_max0.iev,0.0,0.0
1199," /home/chris/TVOQE_UPGRADE_27/quic/quant/Debug/bin/client -c false -r 20 -l /home/chris/secret.log -q /home/chris/qlog_quant -t 3600 -v 5 -e 0xff00001d https://localhost:4443/index.html
",client,quic_client_test_retirecoid_error0,,"ivy_return_code(1)+assumption_failed(""quic_client_test_retirecoid_error.ivy: line 276"")",/home/chris/Toward-verification-of-QUIC-extensions/installer/TVOQE/results/errors/client/local/quant-client-2/temp/799/quic_client_test_retirecoid_error0.iev,0.0,0.0
1200," /home/chris/TVOQE_UPGRADE_27/quic/quant/Debug/bin/client -c false -r 20 -l /home/chris/secret.log -q /home/chris/qlog_quant -t 3600 -v 5 -e 0xff00001d https://localhost:4443/index.html
",client,quic_client_test_stream0,,timeout+sending id: server addr: 2130706433 port: 33883,/home/chris/Toward-verification-of-QUIC-extensions/installer/TVOQE/results/errors/client/local/quant-client-2/temp/181/quic_client_test_stream0.iev,0.0,0.0
1201," /home/chris/TVOQE_UPGRADE_27/quic/quant/Debug/bin/client -c false -r 20 -l /home/chris/secret.log -q /home/chris/qlog_quant -t 3600 -v 5 -e 0xff00001d https://localhost:4443/index.html
",client,quic_client_test_limit_max_error0,,"ivy_return_code(1)+assumption_failed(""quic_client_test_limit_max_error.ivy: line 504"")",/home/chris/Toward-verification-of-QUIC-extensions/installer/TVOQE/results/errors/client/local/quant-client-2/temp/1270/quic_client_test_limit_max_error0.iev,0.0,0.0
1202," /home/chris/TVOQE_UPGRADE_27/quic/quant/Debug/bin/client -c false -r 20 -l /home/chris/secret.log -q /home/chris/qlog_quant -t 3600 -v 5 -e 0xff00001d https://localhost:4443/index.html
",client,quic_client_test_double_tp_error0,,server_return_code(1)+ivy_return_code(1),/home/chris/Toward-verification-of-QUIC-extensions/installer/TVOQE/results/errors/client/local/quant-client-2/temp/478/quic_client_test_double_tp_error0.iev,0.0,0.0
1203," /home/chris/TVOQE_UPGRADE_27/quic/quant/Debug/bin/client -c false -r 20 -l /home/chris/secret.log -q /home/chris/qlog_quant -t 3600 -v 5 -e 0xff00001d https://localhost:4443/index.html
",client,quic_client_test_max0,,"ivy_return_code(1)+assumption_failed(""/usr/local/lib/python2.7/dist-packages/ivy/include/1.7/quic_frame.ivy: line 597"")",/home/chris/Toward-verification-of-QUIC-extensions/installer/TVOQE/results/errors/client/local/quant-client-2/temp/50/quic_client_test_max0.iev,0.0,0.0
1204," /home/chris/TVOQE_UPGRADE_27/quic/quant/Debug/bin/client -c false -r 20 -l /home/chris/secret.log -q /home/chris/qlog_quant -t 3600 -v 5 -e 0xff00001d https://localhost:4443/index.html
",client,quic_client_test_max0,,,/home/chris/Toward-verification-of-QUIC-extensions/installer/TVOQE/results/errors/client/local/quant-client-2/temp/97/quic_client_test_max0.iev,0.0,1.0
1205," /home/chris/TVOQE_UPGRADE_27/quic/quant/Debug/bin/client -c false -r 20 -l /home/chris/secret.log -q /home/chris/qlog_quant -t 3600 -v 5 -e 0xff00001d https://localhost:4443/index.html
",client,quic_client_test_tp_error0,,server_return_code(1)+timeout,/home/chris/Toward-verification-of-QUIC-extensions/installer/TVOQE/results/errors/client/local/quant-client-2/temp/380/quic_client_test_tp_error0.iev,0.0,0.0
1206," /home/chris/TVOQE_UPGRADE_27/quic/quant/Debug/bin/client -c false -r 20 -l /home/chris/secret.log -q /home/chris/qlog_quant -t 3600 -v 5 -e 0xff00001d https://localhost:4443/index.html
",client,quic_client_test_unkown0,,server_return_code(1)+ivy_return_code(134),/home/chris/Toward-verification-of-QUIC-extensions/installer/TVOQE/results/errors/client/local/quant-client-2/temp/1094/quic_client_test_unkown0.iev,0.0,0.0
1207," /home/chris/TVOQE_UPGRADE_27/quic/quant/Debug/bin/client -c false -r 20 -l /home/chris/secret.log -q /home/chris/qlog_quant -t 3600 -v 5 -e 0xff00001d https://localhost:4443/index.html
",client,quic_client_test_new_token_error0,,server_return_code(1)+ivy_return_code(134),/home/chris/Toward-verification-of-QUIC-extensions/installer/TVOQE/results/errors/client/local/quant-client-2/temp/1352/quic_client_test_new_token_error0.iev,0.0,0.0
1208," /home/chris/TVOQE_UPGRADE_27/quic/quant/Debug/bin/client -c false -r 20 -l /home/chris/secret.log -q /home/chris/qlog_quant -t 3600 -v 5 -e 0xff00001d https://localhost:4443/index.html
",client,quic_client_test_retirecoid_error0,,"ivy_return_code(1)+assumption_failed(""quic_client_test_retirecoid_error.ivy: line 276"")",/home/chris/Toward-verification-of-QUIC-extensions/installer/TVOQE/results/errors/client/local/quant-client-2/temp/727/quic_client_test_retirecoid_error0.iev,0.0,0.0
1209," /home/chris/TVOQE_UPGRADE_27/quic/quant/Debug/bin/client -c false -r 20 -l /home/chris/secret.log -q /home/chris/qlog_quant -t 3600 -v 5 -e 0xff00001d https://localhost:4443/index.html
",client,quic_client_test_max0,,"ivy_return_code(1)+assumption_failed(""quic_client_test.ivy: line 310"")",/home/chris/Toward-verification-of-QUIC-extensions/installer/TVOQE/results/errors/client/local/quant-client-2/temp/5/quic_client_test_max0.iev,0.0,0.0
1210," /home/chris/TVOQE_UPGRADE_27/quic/quant/Debug/bin/client -c false -r 20 -l /home/chris/secret.log -q /home/chris/qlog_quant -t 3600 -v 5 -e 0xff00001d https://localhost:4443/index.html
",client,quic_client_test_ext_min_ack_delay0,,,/home/chris/Toward-verification-of-QUIC-extensions/installer/TVOQE/results/errors/client/local/quant-client-2/temp/245/quic_client_test_ext_min_ack_delay0.iev,0.0,1.0
1211," /home/chris/TVOQE_UPGRADE_27/quic/quant/Debug/bin/client -c false -r 20 -l /home/chris/secret.log -q /home/chris/qlog_quant -t 3600 -v 5 -e 0xff00001d https://localhost:4443/index.html
",client,quic_client_test_new_token_error0,,ivy_return_code(134)+ivy_binary_deser_128 getn deser_err,/home/chris/Toward-verification-of-QUIC-extensions/installer/TVOQE/results/errors/client/local/quant-client-2/temp/1361/quic_client_test_new_token_error0.iev,0.0,0.0
1212," /home/chris/TVOQE_UPGRADE_27/quic/quant/Debug/bin/client -c false -r 20 -l /home/chris/secret.log -q /home/chris/qlog_quant -t 3600 -v 5 -e 0xff00001d https://localhost:4443/index.html
",client,quic_client_test_max0,,,/home/chris/Toward-verification-of-QUIC-extensions/installer/TVOQE/results/errors/client/local/quant-client-2/temp/38/quic_client_test_max0.iev,0.0,1.0
1213," /home/chris/TVOQE_UPGRADE_27/quic/quant/Debug/bin/client -c false -r 20 -l /home/chris/secret.log -q /home/chris/qlog_quant -t 3600 -v 5 -e 0xff00001d https://localhost:4443/index.html
",client,quic_client_test_tp_prefadd_error0,,server_return_code(1)+ivy_return_code(1),/home/chris/Toward-verification-of-QUIC-extensions/installer/TVOQE/results/errors/client/local/quant-client-2/temp/969/quic_client_test_tp_prefadd_error0.iev,0.0,0.0
1214," /home/chris/TVOQE_UPGRADE_27/quic/quant/Debug/bin/client -c false -r 20 -l /home/chris/secret.log -q /home/chris/qlog_quant -t 3600 -v 5 -e 0xff00001d https://localhost:4443/index.html
",client,quic_client_test_unkown0,,"ivy_return_code(1)+assumption_failed(""quic_client_test_unkown.ivy: line 513"")",/home/chris/Toward-verification-of-QUIC-extensions/installer/TVOQE/results/errors/client/local/quant-client-2/temp/1056/quic_client_test_unkown0.iev,0.0,0.0
1215," /home/chris/TVOQE_UPGRADE_27/quic/quant/Debug/bin/client -c false -r 20 -l /home/chris/secret.log -q /home/chris/qlog_quant -t 3600 -v 5 -e 0xff00001d https://localhost:4443/index.html
",client,quic_client_test_ext_min_ack_delay0,,,/home/chris/Toward-verification-of-QUIC-extensions/installer/TVOQE/results/errors/client/local/quant-client-2/temp/215/quic_client_test_ext_min_ack_delay0.iev,0.0,1.0
1216," /home/chris/TVOQE_UPGRADE_27/quic/quant/Debug/bin/client -c false -r 20 -l /home/chris/secret.log -q /home/chris/qlog_quant -t 3600 -v 5 -e 0xff00001d https://localhost:4443/index.html
",client,quic_client_test_retirecoid_error0,,"ivy_return_code(1)+assumption_failed(""quic_client_test_retirecoid_error.ivy: line 276"")",/home/chris/Toward-verification-of-QUIC-extensions/installer/TVOQE/results/errors/client/local/quant-client-2/temp/720/quic_client_test_retirecoid_error0.iev,0.0,0.0
1217," /home/chris/TVOQE_UPGRADE_27/quic/quant/Debug/bin/client -c false -r 20 -l /home/chris/secret.log -q /home/chris/qlog_quant -t 3600 -v 5 -e 0xff00001d https://localhost:4443/index.html
",client,quic_client_test_limit_max_error0,,"ivy_return_code(1)+assumption_failed(""quic_client_test_limit_max_error.ivy: line 504"")",/home/chris/Toward-verification-of-QUIC-extensions/installer/TVOQE/results/errors/client/local/quant-client-2/temp/1233/quic_client_test_limit_max_error0.iev,0.0,0.0
1218," /home/chris/TVOQE_UPGRADE_27/quic/quant/Debug/bin/client -c false -r 20 -l /home/chris/secret.log -q /home/chris/qlog_quant -t 3600 -v 5 -e 0xff00001d https://localhost:4443/index.html
",client,quic_client_test_accept_maxdata0,,,/home/chris/Toward-verification-of-QUIC-extensions/installer/TVOQE/results/errors/client/local/quant-client-2/temp/857/quic_client_test_accept_maxdata0.iev,0.0,1.0
1219," /home/chris/TVOQE_UPGRADE_27/quic/quant/Debug/bin/client -c false -r 20 -l /home/chris/secret.log -q /home/chris/qlog_quant -t 3600 -v 5 -e 0xff00001d https://localhost:4443/index.html
",client,quic_client_test_tp_unkown0,,,/home/chris/Toward-verification-of-QUIC-extensions/installer/TVOQE/results/errors/client/local/quant-client-2/temp/1132/quic_client_test_tp_unkown0.iev,0.0,1.0
1220," /home/chris/TVOQE_UPGRADE_27/quic/quant/Debug/bin/client -c false -r 20 -l /home/chris/secret.log -q /home/chris/qlog_quant -t 3600 -v 5 -e 0xff00001d https://localhost:4443/index.html
",client,quic_client_test_double_tp_error0,,"ivy_return_code(1)+assumption_failed(""quic_client_test_double_tp_error.ivy: line 502"")",/home/chris/Toward-verification-of-QUIC-extensions/installer/TVOQE/results/errors/client/local/quant-client-2/temp/443/quic_client_test_double_tp_error0.iev,0.0,0.0
1221," /home/chris/TVOQE_UPGRADE_27/quic/quant/Debug/bin/client -c false -r 20 -l /home/chris/secret.log -q /home/chris/qlog_quant -t 3600 -v 5 -e 0xff00001d https://localhost:4443/index.html
",client,quic_client_test_max0,,,/home/chris/Toward-verification-of-QUIC-extensions/installer/TVOQE/results/errors/client/local/quant-client-2/temp/83/quic_client_test_max0.iev,0.0,1.0
1222," /home/chris/TVOQE_UPGRADE_27/quic/quant/Debug/bin/client -c false -r 20 -l /home/chris/secret.log -q /home/chris/qlog_quant -t 3600 -v 5 -e 0xff00001d https://localhost:4443/index.html
",client,quic_client_test_unkown0,,server_return_code(1)+ivy_return_code(1),/home/chris/Toward-verification-of-QUIC-extensions/installer/TVOQE/results/errors/client/local/quant-client-2/temp/1028/quic_client_test_unkown0.iev,0.0,0.0
1223," /home/chris/TVOQE_UPGRADE_27/quic/quant/Debug/bin/client -c false -r 20 -l /home/chris/secret.log -q /home/chris/qlog_quant -t 3600 -v 5 -e 0xff00001d https://localhost:4443/index.html
",client,quic_client_test_unkown0,,ivy_return_code(134)+ivy_binary_deser_128 getn deser_err,/home/chris/Toward-verification-of-QUIC-extensions/installer/TVOQE/results/errors/client/local/quant-client-2/temp/1067/quic_client_test_unkown0.iev,0.0,0.0
1224," /home/chris/TVOQE_UPGRADE_27/quic/quant/Debug/bin/client -c false -r 20 -l /home/chris/secret.log -q /home/chris/qlog_quant -t 3600 -v 5 -e 0xff00001d https://localhost:4443/index.html
",client,quic_client_test_accept_maxdata0,,,/home/chris/Toward-verification-of-QUIC-extensions/installer/TVOQE/results/errors/client/local/quant-client-2/temp/845/quic_client_test_accept_maxdata0.iev,0.0,1.0
1225," /home/chris/TVOQE_UPGRADE_27/quic/quant/Debug/bin/client -c false -r 20 -l /home/chris/secret.log -q /home/chris/qlog_quant -t 3600 -v 5 -e 0xff00001d https://localhost:4443/index.html
",client,quic_client_test_stream0,,"timeout+< undecryptable_packet_event({protocol:udp,addr:0x7f000001,port:0xafd2},{protocol:udp,addr:0x7f000001,port:0x115b},[0xcd,0xff,0,0,0x1d,0x11,0x5a,0xbe,0xc1,0xf9,0x2e,0x30,0x21,0x55,0xad,0x36,0xce,0x40,0x6c,0x8b,0xc0,0xdc,0x66,0x4,0xd7,0x79,0xe3,0x1f,0,0x44,0x91,0x48,0x95,0x8d,0xb3,0xc5,0xac,0xa1,0x99,0x71,0x6b,0x13,0xd1,0x8c,0x17,0x58,0xad,0x39,0x1b,0x12,0xe5,0x62,0xbf,0x73,0xf8,0xf8,0x4c,0xc5,0xc4,0x14,0xd9,0xae,0x51,0x48,0xe0,0x5e,0x7,0x4e,0xa4,0x7d,0x9e,0x37,0xe3,0xd1,0xcb,0x48,0xdd,0x22,0xd6,0x71,0x78,0x42,0x70,0xa9,0xcc,0x6d,0xfa,0x96,0xf4,0x78,0xe,0xe5,0xd8,0xd0,0xb0,0xd3,0x61,0xa0,0xe3,0xc1,0xb9,0x23,0xf7,0xf5,0xa6,0xd7,0x93,0x42,0x94,0x56,0x1,0x11,0xc0,0x56,0x5b,0xb0,0xd5,0x83,0x50,0xb7,0xb4,0x3c,0x5d,0x22,0x91,0xd0,0xae,0xf7,0x4f,0xa5,0x3,0x60,0x7,0xf3,0xf0,0x4c,0x41,0xf2,0x6d,0xce,0xc9,0xef,0x2c,0x2c,0x2d,0x31,0xfc,0xe5,0x9c,0x77,0xd0,0xa7,0x39,0x30,0xa3,0x6c,0xe2,0xe0,0x26,0x25,0x41,0x50,0xa9,0x7f,0xb,0xba,0x4d,0xfe,0xf5,0xa0,0xbc,0xe,0x11,0xa1,0xf8,0xd3,0xe9,0xbe,0xd9,0xe7,0x52,0xb7,0x15,0x4,0xdd,0x2,0xe4,0xe1,0xfc,0x8b,0xec,0x42,0x7,0x64,0x30,0x14,0xc5,0x4c,0x91,0xbd,0xac,0x6a,0x5f,0x4a,0x18,0x30,0,0xa2,0xfc,0xb4,0xfe,0x6,0x3d,0x1a,0x7b,0x1f,0x99,0x29,0x1a,0xa6,0xb8,0xa2,0xe6,0xc4,0xd1,0x8f,0xbb,0xb8,0x84,0xab,0xf7,0xe,0x81,0xf6,0xe0,0xf,0xed,0xbe,0x43,0x7a,0x34,0xbb,0x67,0x5f,0x1f,0xc5,0x99,0x2,0x74,0x10,0x50,0x53,0x86,0xa8,0x5a,0xd3,0xdd,0xed,0x87,0x66,0xf0,0x16,0xad,0x6c,0x42,0x69,0x4f,0x9,0xe3,0xc8,0xda,0xf7,0x6b,0x6d,0xa1,0x41,0x37,0x9e,0x8b,0x24,0xaa,0x9c,0xca,0x6a,0x9d,0x21,0xd1,0xef,0x49,0x58,0xbe,0x59,0x50,0x98,0x78,0xa3,0x9,0x55,0x17,0x3f,0xc2,0xb8,0x52,0x77,0xaf,0xbf,0x44,0x25,0xb,0x80,0xbf,0xc1,0x1a,0xde,0x2c,0xe9,0x9c,0x6d,0xdf,0x8c,0xcc,0x8c,0xfb,0xd7,0x4e,0x9d,0x9f,0xa5,0x16,0xeb,0x3,0x98,0x16,0xb8,0x32,0x53,0x73,0xe3,0x69,0xaf,0xd5,0xa3,0x5b,0xce,0x5,0x7,0xa,0xb9,0xc7,0xef,0xf,0x90,0xd4,0xfd,0xd2,0xab,0x6a,0xf1,0x78,0x70,0x34,0x80,0xb,0xa6,0x3e,0xc8,0xa9,0xea,0x88,0x5b,0xdf,0x4e,0x49,0x18,0x81,0x19,0x74,0xc1,0x1b,0x52,0xd5,0xe8,0x82,0x47,0x75,0x54,0x21,0x42,0xa8,0x89,0x46,0x93,0xdf,0x2c,0x9e,0x9d,0x9c,0x2e,0x33,0xb9,0xd5,0x9f,0xed,0x90,0xfc,0x67,0x9f,0x98,0xfa,0x4,0x5c,0x16,0xc7,0x8b,0xf2,0xc4,0xf3,0x67,0x88,0xd3,0x14,0x24,0xd7,0x5f,0x47,0x75,0x46,0x6,0xd3,0xe0,0x8d,0x77,0x2f,0xeb,0xe3,0x6f,0x63,0x4b,0x71,0xd5,0xb3,0x98,0xdb,0xbf,0x3d,0xc7,0xaa,0xe,0x1f,0x6f,0xfe,0xe1,0x48,0xce,0x30,0x47,0x66,0x4e,0xf,0x47,0x44,0x1e,0x1e,0xad,0x79,0x6f,0x26,0xd,0x3,0x8f,0x6d,0xe1,0x11,0xe8,0xe4,0x29,0xdd,0xc,0xc1,0x3b,0xd5,0x74,0x67,0x21,0x5d,0x62,0xd8,0xdb,0x67,0x9f,0x5e,0x7c,0x3e,0xfc,0x40,0xc3,0x96,0x72,0x4b,0x11,0x94,0xea,0xde,0xbb,0xf9,0xb3,0x60,0x58,0xd,0x10,0x5,0x3b,0xef,0xd6,0x6f,0x7f,0xbf,0x55,0xe9,0x93,0x97,0xb8,0xcb,0x7c,0x80,0x5,0x26,0x12,0xaa,0x93,0x93,0x80,0xe3,0x92,0xbb,0x9c,0x3e,0x16,0x93,0x45,0x41,0x62,0xb1,0x9f,0x9d,0x57,0xf6,0x3a,0xcb,0x33,0x73,0xef,0xa,0x30,0x96,0x9c,0xbb,0x72,0xb,0xd6,0x45,0x6a,0x5f,0xb3,0x44,0xf9,0xdd,0xd0,0xe,0x2d,0xd1,0x8a,0x9e,0xf1,0x20,0xaa,0x71,0x2d,0xf3,0x6b,0x3c,0xdc,0x7,0x9e,0x36,0x20,0x38,0xbc,0xae,0xbb,0xc7,0xb3,0x1d,0xdb,0x7e,0xc5,0x96,0xdf,0x2e,0x11,0x22,0xf8,0x52,0x74,0x6b,0x5b,0x47,0x61,0x37,0x78,0xe3,0,0xa1,0x3f,0xa2,0x6b,0xe7,0x57,0x15,0x6b,0x6f,0x92,0x3b,0x5,0xa5,0xcd,0x5e,0xf4,0x72,0xef,0x95,0x3f,0x80,0x27,0xee,0x87,0xb8,0xca,0xbc,0x66,0xf5,0x92,0xee,0x63,0x44,0x7c,0x93,0x25,0xf0,0xdb,0x68,0x9,0xaf,0x3e,0x80,0xb0,0xea,0x73,0x55,0x4b,0xe0,0x91,0x24,0x9c,0xd2,0x45,0xae,0x7,0x9d,0x42,0x37,0x72,0x46,0xc1,0xef,0xdd,0x8d,0xd7,0x46,0xf4,0xb4,0xb3,0xe8,0x50,0xd8,0x2b,0x32,0x8e,0xd5,0xfb,0x9e,0x7,0x98,0x17,0xa7,0xe1,0x1f,0x44,0x68,0x60,0x66,0xdd,0xd1,0xcd,0xb2,0xfd,0xbe,0xd5,0xc4,0xc1,0x79,0xa3,0x2a,0x9c,0xc1,0x12,0xc7,0xf6,0x2,0x4a,0xb8,0x33,0xd3,0x40,0xbc,0xd9,0x7d,0xa4,0x22,0x8d,0x8a,0,0x3f,0x42,0x74,0x67,0x64,0x13,0xa1,0x85,0x22,0x88,0x2f,0x23,0x12,0x72,0xd1,0xb9,0x31,0x73,0xfe,0xf4,0x30,0x35,0xb4,0xd0,0x4c,0x23,0x92,0x80,0xe4,0xf9,0xbf,0xa3,0x89,0xed,0x59,0xdf,0x24,0xb3,0x4f,0xa7,0x2e,0x80,0x73,0x9f,0xac,0xcf,0xfd,0xbb,0x6f,0x2e,0xf4,0x10,0xbd,0xe0,0xab,0x3b,0x7,0x37,0x60,0x68,0xcc,0x2e,0x58,0xa7,0xab,0x94,0xa2,0x6f,0xf8,0x2e,0xb1,0xc9,0xe8,0x35,0x6e,0xd2,0xde,0x80,0x80,0x36,0x4,0x45,0x80,0xe6,0xac,0x86,0xca,0x51,0x43,0x14,0x2a,0xc4,0xa6,0x7a,0x6,0xa7,0x63,0x34,0xd7,0x33,0xc5,0x34,0x51,0xa5,0xb7,0x9d,0x4b,0xe3,0x24,0xd2,0xc7,0x41,0x14,0xd7,0x80,0xed,0xce,0x4e,0xd0,0x2a,0x88,0x5f,0x95,0x12,0x68,0x28,0xea,0xfe,0xe6,0x1e,0x4d,0xce,0x94,0x75,0xa6,0x77,0x2e,0xc6,0x59,0xb3,0xec,0xd3,0xd0,0x7c,0x79,0x80,0x38,0x27,0x19,0xf9,0x23,0x23,0x65,0x3f,0xea,0xcf,0xc8,0x1c,0x67,0x48,0x33,0x88,0xdc,0xa2,0x9d,0x36,0xc1,0xf4,0x14,0xad,0x2e,0xfc,0xa2,0x7c,0x3c,0xc1,0x9e,0x27,0x31,0x1e,0x17,0x62,0xcf,0xba,0x2d,0xc1,0x58,0x26,0x74,0xa0,0xb8,0x34,0x5f,0x94,0x67,0x5e,0xf4,0x4e,0x76,0x56,0x23,0x75,0x2,0x94,0xbd,0xba,0x93,0xee,0xc0,0x4a,0xca,0xc9,0xe5,0x1e,0xb,0x95,0xc8,0x10,0x3b,0xc0,0x26,0xcb,0xfc,0x3a,0x51,0xd5,0xc6,0x1e,0x8,0x72,0x9a,0xf2,0xc4,0xf0,0xf7,0x62,0xc8,0xd8,0xa0,0x1f,0xf4,0xbe,0x6b,0x25,0x38,0x6a,0xe3,0x4c,0x13,0x78,0x1a,0x93,0xd,0x3,0x64,0x2d,0xda,0x33,0x96,0x33,0x74,0xb3,0x2f,0x2,0x7c,0xa4,0x33,0xaf,0x7b,0x40,0xc6,0x91,0xd8,0x5f,0x62,0xb4,0x57,0xa3,0xfa,0x65,0x95,0x8a,0x8b,0xf9,0xfa,0x81,0xd9,0x7c,0xaf,0xbb,0x4e,0x75,0xf7,0xa9,0xca,0x48,0xe5,0x46,0x21,0x37,0xd6,0xf3,0x3e,0xe,0x9,0xdd,0x24,0x9f,0x13,0xc6,0x83,0x25,0x2a,0x48,0x3c,0xaa,0xb,0x8,0xcf,0x55,0xfe,0x65,0x4,0x57,0x50,0x8d,0x15,0xc6,0xe3,0x53,0xc9,0xb9,0x9b,0x45,0x18,0xab,0xf9,0x78,0x5d,0xf1,0xeb,0xc5,0x42,0x47,0xc3,0x2a,0xd9,0xb4,0xae,0xa3,0xf1,0x85,0x64,0xd7,0x81,0xc6,0xd,0xde,0x90,0x2a,0xd2,0x8,0x7f,0x5a,0x8c,0x3a,0x23,0xd8,0x7c,0x9,0x74,0x9c,0xb0,0xba,0xb8,0xe2,0xa0,0x56,0xf0,0x60,0xc6,0xda,0xbd,0x70,0x57,0x55,0x74,0xf1,0x73,0xf2,0x42,0xa5,0xa6,0x3b,0x36,0x89,0x1e,0x1a,0xbf,0xf0,0x79,0x17,0x77,0x2b,0x71,0x41,0xed,0x51,0x7d,0x46,0x45,0x1e,0x47,0x30,0x37,0xe1,0x77,0x38,0x50,0x91,0xf5,0x11,0xb0,0x85,0x93,0x22,0x95,0x68,0x2f,0xc0,0x28,0x22,0xfd,0x34,0xa1,0x7d,0x6b,0x3d,0xe,0xc2,0xa5,0x65,0x74,0xb6,0x49,0x6a,0xe0,0x16,0xd6,0x2f,0xe4,0x54,0x8c,0xa1,0x37,0xcf,0xde,0xbe,0xc7,0x5,0x36,0x8d,0xa9,0x89,0xee,0x19,0x5,0x93])",/home/chris/Toward-verification-of-QUIC-extensions/installer/TVOQE/results/errors/client/local/quant-client-2/temp/196/quic_client_test_stream0.iev,0.0,0.0
1226," /home/chris/TVOQE_UPGRADE_27/quic/quant/Debug/bin/client -c false -r 20 -l /home/chris/secret.log -q /home/chris/qlog_quant -t 3600 -v 5 -e 0xff00001d https://localhost:4443/index.html
",client,quic_client_test_ext_min_ack_delay0,,,/home/chris/Toward-verification-of-QUIC-extensions/installer/TVOQE/results/errors/client/local/quant-client-2/temp/276/quic_client_test_ext_min_ack_delay0.iev,0.0,1.0
1227," /home/chris/TVOQE_UPGRADE_27/quic/quant/Debug/bin/client -c false -r 20 -l /home/chris/secret.log -q /home/chris/qlog_quant -t 3600 -v 5 -e 0xff00001d https://localhost:4443/index.html
",client,quic_client_test_limit_max_error0,,"ivy_return_code(1)+assumption_failed(""quic_client_test_limit_max_error.ivy: line 504"")",/home/chris/Toward-verification-of-QUIC-extensions/installer/TVOQE/results/errors/client/local/quant-client-2/temp/1281/quic_client_test_limit_max_error0.iev,0.0,0.0
1228," /home/chris/TVOQE_UPGRADE_27/quic/quant/Debug/bin/client -c false -r 20 -l /home/chris/secret.log -q /home/chris/qlog_quant -t 3600 -v 5 -e 0xff00001d https://localhost:4443/index.html
",client,quic_client_test_accept_maxdata0,,,/home/chris/Toward-verification-of-QUIC-extensions/installer/TVOQE/results/errors/client/local/quant-client-2/temp/899/quic_client_test_accept_maxdata0.iev,0.0,1.0
1229," /home/chris/TVOQE_UPGRADE_27/quic/quant/Debug/bin/client -c false -r 20 -l /home/chris/secret.log -q /home/chris/qlog_quant -t 3600 -v 5 -e 0xff00001d https://localhost:4443/index.html
",client,quic_client_test_double_tp_error0,,server_return_code(1)+ivy_return_code(1),/home/chris/Toward-verification-of-QUIC-extensions/installer/TVOQE/results/errors/client/local/quant-client-2/temp/452/quic_client_test_double_tp_error0.iev,0.0,0.0
1230," /home/chris/TVOQE_UPGRADE_27/quic/quant/Debug/bin/client -c false -r 20 -l /home/chris/secret.log -q /home/chris/qlog_quant -t 3600 -v 5 -e 0xff00001d https://localhost:4443/index.html
",client,quic_client_test_max0,,"ivy_return_code(1)+assumption_failed(""quic_client_test.ivy: line 310"")",/home/chris/Toward-verification-of-QUIC-extensions/installer/TVOQE/results/errors/client/local/quant-client-2/temp/63/quic_client_test_max0.iev,0.0,0.0
1231," /home/chris/TVOQE_UPGRADE_27/quic/quant/Debug/bin/client -c false -r 20 -l /home/chris/secret.log -q /home/chris/qlog_quant -t 3600 -v 5 -e 0xff00001d https://localhost:4443/index.html
",client,quic_client_test_retirecoid_error0,,"ivy_return_code(1)+assumption_failed(""quic_client_test_retirecoid_error.ivy: line 276"")",/home/chris/Toward-verification-of-QUIC-extensions/installer/TVOQE/results/errors/client/local/quant-client-2/temp/707/quic_client_test_retirecoid_error0.iev,0.0,0.0
1232," /home/chris/TVOQE_UPGRADE_27/quic/quant/Debug/bin/client -c false -r 20 -l /home/chris/secret.log -q /home/chris/qlog_quant -t 3600 -v 5 -e 0xff00001d https://localhost:4443/index.html
",client,quic_client_test_limit_max_error0,,"ivy_return_code(1)+assumption_failed(""quic_client_test_limit_max_error.ivy: line 504"")",/home/chris/Toward-verification-of-QUIC-extensions/installer/TVOQE/results/errors/client/local/quant-client-2/temp/1212/quic_client_test_limit_max_error0.iev,0.0,0.0
1233," /home/chris/TVOQE_UPGRADE_27/quic/quant/Debug/bin/client -c false -r 20 -l /home/chris/secret.log -q /home/chris/qlog_quant -t 3600 -v 5 -e 0xff00001d https://localhost:4443/index.html
",client,quic_client_test_ext_min_ack_delay0,,,/home/chris/Toward-verification-of-QUIC-extensions/installer/TVOQE/results/errors/client/local/quant-client-2/temp/246/quic_client_test_ext_min_ack_delay0.iev,0.0,1.0
1234," /home/chris/TVOQE_UPGRADE_27/quic/quant/Debug/bin/client -c false -r 20 -l /home/chris/secret.log -q /home/chris/qlog_quant -t 3600 -v 5 -e 0xff00001d https://localhost:4443/index.html
",client,quic_client_test_stream0,,"timeout+< undecryptable_packet_event({protocol:udp,addr:0x7f000001,port:0xb426},{protocol:udp,addr:0x7f000001,port:0x115b},[0xc5,0xff,0,0,0x1d,0x12,0xbf,0x7f,0xf4,0x84,0xc4,0x12,0xd5,0x39,0x4e,0xf1,0xb7,0x30,0x53,0xcb,0x58,0x5a,0x27,0x59,0x4,0xec,0x5c,0x79,0xe4,0,0x44,0x90,0x2d,0xcf,0xf6,0x37,0xf0,0x9a,0x2a,0x1d,0x5f,0xfd,0xb7,0x2,0x33,0xe7,0x84,0x13,0x8a,0xd0,0xb4,0xb9,0xb6,0x19,0xc5,0xae,0x4f,0x76,0x7,0x24,0x74,0x2e,0xa8,0x12,0xc4,0x35,0xd,0x5b,0x5a,0x5a,0xd1,0xa9,0x10,0xd6,0xa7,0x2d,0x9e,0x97,0xdc,0x91,0x76,0x9d,0x5f,0x5a,0xc3,0x11,0x4,0xbc,0xf3,0x23,0xc9,0xe9,0xf,0x3e,0xa,0xe5,0x40,0x64,0x4e,0x8c,0x8d,0xf3,0xc9,0x18,0x5,0x9e,0x62,0xc6,0x6,0xed,0x51,0xf4,0xe,0xe9,0x70,0xcc,0x3e,0xea,0x21,0x8e,0x16,0x69,0xe8,0xbf,0xfc,0x5d,0x61,0x7d,0xb3,0xe2,0xa3,0x7d,0x50,0xd0,0xb9,0x3f,0x55,0xde,0xf0,0x17,0x57,0x27,0xcf,0x4e,0x97,0xd,0xa,0xbe,0x33,0xa6,0xf2,0xbc,0x97,0x57,0xe1,0x41,0x53,0x87,0x1a,0x9d,0x63,0x7b,0x5e,0xe,0x57,0xe8,0x9,0xe7,0xea,0x3c,0xbf,0xa3,0x7f,0x62,0x23,0xf0,0xaa,0x68,0xca,0x9,0x60,0x10,0xf3,0xaa,0x51,0x53,0xe1,0xe3,0x19,0x14,0xc5,0x22,0xc,0x67,0x14,0xc6,0xb2,0x79,0x83,0x5e,0x18,0xd7,0xf8,0x9c,0xec,0xa7,0x66,0x2a,0x7e,0xd3,0xad,0xb1,0x6f,0x1e,0x99,0xd3,0x69,0x24,0x4a,0x34,0xd6,0x2c,0x96,0xfb,0x1f,0xa3,0x51,0xa4,0x16,0xd9,0x1c,0x9e,0x51,0x82,0x43,0x71,0x33,0xf0,0x85,0x61,0xec,0x43,0x37,0x82,0x2,0x49,0x43,0x4a,0x92,0xd8,0x51,0x5c,0xa0,0x6c,0x70,0xd6,0x3e,0x29,0x41,0x1f,0xc3,0x5a,0xc3,0xb9,0x6b,0x40,0x5b,0x37,0x1c,0xc6,0xe1,0x43,0x8e,0x70,0x20,0x1b,0x1a,0x4c,0x92,0xf3,0x8e,0xf8,0x89,0xc9,0x64,0x3e,0x98,0xf6,0xf2,0xa6,0x63,0x2b,0x21,0x36,0xf8,0xdf,0xc4,0xed,0xb9,0xe7,0x32,0x15,0xfe,0xef,0xf1,0xea,0xd3,0xda,0x4a,0x2a,0xe1,0x97,0x8,0x91,0xf5,0xfc,0x28,0x9d,0x51,0xf6,0x8e,0x8f,0x6a,0x91,0x64,0x69,0x8c,0xe5,0x36,0xfc,0x8c,0x24,0x5d,0x1b,0x56,0x9d,0xf0,0xa5,0x2f,0x91,0x1e,0xc,0x8b,0x82,0xcc,0xa6,0xe0,0xea,0xd9,0xf0,0xaa,0xed,0x77,0x3d,0xad,0xfa,0x5f,0xa9,0x82,0xcd,0xdb,0x7a,0xdd,0xd9,0xd7,0xbc,0xa4,0xf4,0x17,0xe7,0xd9,0x90,0x5,0xb2,0x36,0x2a,0x65,0x13,0x66,0xbc,0xb2,0x3b,0x8d,0x1a,0x6e,0x17,0xee,0xa4,0x42,0xb2,0x98,0x47,0x41,0xcd,0x5c,0xf2,0x6b,0x2,0xbc,0x7a,0xb,0x25,0x3e,0x12,0x29,0x62,0xbd,0xcd,0x79,0xdc,0xa1,0xe2,0x83,0x5d,0x58,0xbd,0xac,0xaf,0xa1,0x99,0xa,0xb2,0x3e,0xd8,0xeb,0xc2,0x49,0x3f,0x27,0xf6,0x11,0x1e,0x85,0x5d,0x1e,0xa6,0x78,0x29,0xde,0x91,0xd1,0x9b,0xf4,0xc0,0,0x6f,0x90,0x89,0x9c,0x78,0xe1,0xad,0x87,0xe5,0xcd,0xf7,0x37,0xab,0x20,0xb3,0xdf,0xf,0x4b,0x7f,0x8f,0x4f,0x35,0xaf,0xe,0xef,0x37,0xea,0x12,0x4a,0x2f,0xb9,0x54,0xaf,0x6c,0xd3,0x9d,0x31,0xb8,0x12,0xac,0xd3,0x96,0xec,0x45,0xf2,0xfb,0x93,0x7f,0x92,0x1a,0xb3,0x91,0x9d,0x58,0x39,0x36,0x71,0x38,0x4c,0x4e,0xba,0x7b,0x7,0xa3,0x85,0x11,0x6f,0x72,0x2,0x17,0x4c,0x4d,0x3a,0xa1,0x68,0x97,0xdd,0x10,0x8d,0x1b,0x1b,0xb3,0x7b,0x36,0xd0,0x26,0x9e,0x48,0x31,0xb5,0x4f,0,0x5b,0x3a,0x22,0xd3,0xc3,0xd1,0xd0,0x79,0x34,0xf2,0xa8,0x73,0x4,0x68,0xd1,0xfb,0x83,0xe5,0x48,0x4c,0x52,0xbf,0xd,0xc5,0x62,0xc6,0x87,0x3b,0x5c,0x8e,0x59,0x58,0x8f,0x4,0x6b,0x1e,0xdd,0x7d,0x6d,0xcd,0x18,0x71,0x5b,0xb,0xe8,0x17,0x9c,0xb1,0x6a,0x5f,0x25,0x95,0xfe,0x16,0xf3,0xb0,0xe2,0xb9,0x2f,0xbe,0x20,0x4b,0xa9,0x1e,0x2d,0x6a,0x14,0x13,0x88,0xd0,0xd7,0x21,0x4c,0xf0,0x49,0x76,0xbf,0x25,0xab,0x8c,0x90,0x54,0x33,0xc4,0xf2,0xdf,0xc5,0x45,0x33,0xf4,0xb2,0x82,0x85,0xf0,0xc4,0x39,0x9,0x17,0xff,0x15,0x43,0xcf,0x37,0x8e,0x73,0xde,0x74,0xe,0x5,0xf7,0xf8,0xad,0x22,0x58,0x3d,0x8e,0x57,0xa2,0x50,0x33,0x1c,0xa,0xb6,0xc1,0xbb,0xd2,0x23,0x2,0x55,0x8f,0x71,0x72,0x42,0x4a,0x55,0x8b,0x54,0x7f,0x96,0x25,0x9d,0xe9,0xbb,0xb7,0x25,0x86,0xc2,0x16,0xd5,0x58,0x12,0x42,0x5e,0xeb,0xf1,0xe9,0xbb,0xde,0x13,0x95,0x1d,0xfc,0x8c,0xb4,0xd8,0x81,0xe7,0xb,0xca,0x46,0xd2,0x66,0x55,0x88,0xc9,0x61,0x32,0xe6,0xa5,0x6c,0x7c,0,0xf8,0xa9,0x35,0x3e,0x7d,0xdb,0xf6,0x61,0xc1,0xe3,0xe8,0xc3,0x84,0x42,0x1,0x37,0xc6,0x5a,0x73,0xd0,0x9f,0x6b,0x54,0xc0,0xd5,0x35,0xdf,0x50,0x2e,0xc6,0xa9,0x21,0x9,0x1c,0xc5,0xdd,0xfe,0x86,0xa3,0xfb,0x14,0xc3,0xa0,0x29,0x6f,0xe8,0x1f,0x69,0xb8,0xed,0xdb,0x2b,0x34,0x93,0x5f,0x67,0xd4,0xae,0xfc,0xac,0xa0,0x8b,0xac,0x9e,0xb8,0x3f,0x5f,0x7b,0xc0,0x29,0xbc,0x45,0xe4,0x9f,0x5b,0x6,0x53,0x67,0x98,0x9b,0xf,0x33,0x5c,0x63,0x2,0x47,0x6d,0x2,0x45,0x49,0x11,0xd2,0x4e,0xef,0xe5,0xb1,0x62,0xcb,0x1f,0xc1,0x4f,0x42,0xec,0xfd,0xec,0x6c,0x9,0x87,0xb0,0x68,0x43,0xbd,0x4d,0x3d,0x3b,0x3d,0x27,0xa,0x4d,0xc8,0xd2,0x24,0xc6,0x1d,0x67,0xf1,0xc1,0xb1,0x4,0x3b,0xd8,0x90,0xd6,0x2b,0x10,0x98,0x61,0xc5,0x38,0x27,0xe3,0xe1,0xe2,0x3e,0x78,0x62,0x36,0xda,0xbb,0x90,0xbf,0x7,0x59,0xd9,0x4,0x21,0x76,0xcc,0x79,0xb9,0xc,0x59,0x22,0xfc,0x4c,0xcb,0x24,0x5e,0x7b,0x4a,0xff,0x96,0x33,0xf4,0xc9,0xf0,0x21,0x64,0x29,0x96,0x48,0x64,0xac,0xd0,0x42,0x34,0xcc,0x65,0x42,0x7d,0x9d,0xcd,0xab,0x67,0x92,0xd2,0xb2,0xf0,0x4a,0x29,0x44,0xed,0x17,0xc6,0x87,0xdc,0x6c,0xd5,0xcc,0x63,0xbb,0x60,0x8c,0xb4,0xad,0xfe,0xf3,0x97,0x21,0xb3,0xa0,0x56,0xcd,0xde,0x83,0xd,0x71,0x52,0x85,0x7b,0x84,0x79,0x8a,0xbe,0xfc,0xd6,0x4a,0x8d,0x4d,0xe2,0xb5,0x7d,0xeb,0x8d,0xad,0x6b,0x51,0xf3,0x13,0xdf,0xb,0x8b,0x6,0x35,0xa2,0x1f,0xa9,0xa,0xe4,0x9e,0xb5,0x69,0x3,0xf7,0xb6,0x62,0xf1,0x9b,0xb0,0x8b,0x60,0xb9,0xc1,0x5d,0xbe,0x1,0xa,0xd5,0x8a,0xfb,0x58,0x62,0x57,0xa2,0x53,0x8a,0x39,0xe7,0x63,0x20,0x8a,0xb3,0xe0,0xa3,0x9c,0xf6,0x5d,0x17,0xe,0xb2,0xe7,0xd4,0x55,0x18,0x8d,0x1e,0xb,0xa3,0x82,0xc7,0x2f,0x56,0x13,0xc5,0xf1,0x39,0x47,0xa1,0xd1,0xcb,0xe0,0xf1,0x91,0x99,0x63,0x61,0xeb,0xe8,0xe,0x40,0xf8,0x6b,0xb,0xc9,0x98,0x5,0xfb,0xa8,0x72,0xd0,0xfa,0x2b,0xe4,0xf2,0x71,0x51,0xa5,0xf8,0x8b,0x91,0xc4,0x13,0xce,0x2b,0xbc,0x3,0x6f,0x92,0x11,0xa0,0xbf,0xf8,0xcb,0x84,0xa2,0xd2,0x6,0x15,0xc6,0x58,0xe9,0x79,0x49,0xff,0xa6,0x1b,0xa8,0x76,0x12,0x47,0xbe,0x4d,0xee,0x2f,0xae,0x7d,0x32,0xdb,0x1d,0x88,0x35,0xcb,0x4b,0x26,0xf2,0xd7,0x26,0x96,0xf1,0x6f,0x78,0x37,0x96,0x16,0xb8,0x6f,0x6a,0x99,0xe5,0xc2,0x6f,0xcd,0x11,0x6c,0xfd,0x61,0x29,0x8b,0x6d,0xc1,0xec,0x3d,0x5e,0x1,0xc3,0x5e,0x47,0x6e,0x26,0x9,0x6,0x3c,0xfd,0x64,0x65,0x30,0x71,0x21,0xda,0x12,0xd3,0xe1,0x85,0xe6,0xa5,0x97,0x21,0xdc,0x29,0x9,0x55,0x44,0xaf,0xb4,0xb,0x33,0xb2,0xec,0x12,0x87,0x4a,0x2b,0xbd,0x10,0x4f,0x4d,0xec,0x65,0xf4,0x4e,0x99,0x42,0xe3,0x6e,0x2e,0xc8,0xd0,0xc1,0x33,0xe6,0x8a])",/home/chris/Toward-verification-of-QUIC-extensions/installer/TVOQE/results/errors/client/local/quant-client-2/temp/172/quic_client_test_stream0.iev,0.0,0.0
1235," /home/chris/TVOQE_UPGRADE_27/quic/quant/Debug/bin/client -c false -r 20 -l /home/chris/secret.log -q /home/chris/qlog_quant -t 3600 -v 5 -e 0xff00001d https://localhost:4443/index.html
",client,quic_client_test_new_token_error0,,ivy_return_code(134)+ivy_binary_deser_128 getn deser_err,/home/chris/Toward-verification-of-QUIC-extensions/installer/TVOQE/results/errors/client/local/quant-client-2/temp/1307/quic_client_test_new_token_error0.iev,0.0,0.0
1236," /home/chris/TVOQE_UPGRADE_27/quic/quant/Debug/bin/client -c false -r 20 -l /home/chris/secret.log -q /home/chris/qlog_quant -t 3600 -v 5 -e 0xff00001d https://localhost:4443/index.html
",client,quic_client_test_accept_maxdata0,,"ivy_return_code(1)+assumption_failed(""quic_client_test.ivy: line 310"")",/home/chris/Toward-verification-of-QUIC-extensions/installer/TVOQE/results/errors/client/local/quant-client-2/temp/894/quic_client_test_accept_maxdata0.iev,0.0,0.0
1237," /home/chris/TVOQE_UPGRADE_27/quic/quant/Debug/bin/client -c false -r 20 -l /home/chris/secret.log -q /home/chris/qlog_quant -t 3600 -v 5 -e 0xff00001d https://localhost:4443/index.html
",client,quic_client_test_stream0,,,/home/chris/Toward-verification-of-QUIC-extensions/installer/TVOQE/results/errors/client/local/quant-client-2/temp/179/quic_client_test_stream0.iev,0.0,1.0
1238," /home/chris/TVOQE_UPGRADE_27/quic/quant/Debug/bin/client -c false -r 20 -l /home/chris/secret.log -q /home/chris/qlog_quant -t 3600 -v 5 -e 0xff00001d https://localhost:4443/index.html
",client,quic_client_test_unkown0,,server_return_code(1)+ivy_return_code(1),/home/chris/Toward-verification-of-QUIC-extensions/installer/TVOQE/results/errors/client/local/quant-client-2/temp/1036/quic_client_test_unkown0.iev,0.0,0.0
1239," /home/chris/TVOQE_UPGRADE_27/quic/quant/Debug/bin/client -c false -r 20 -l /home/chris/secret.log -q /home/chris/qlog_quant -t 3600 -v 5 -e 0xff00001d https://localhost:4443/index.html
",client,quic_client_test_double_tp_error0,,server_return_code(1)+ivy_return_code(1),/home/chris/Toward-verification-of-QUIC-extensions/installer/TVOQE/results/errors/client/local/quant-client-2/temp/432/quic_client_test_double_tp_error0.iev,0.0,0.0
1240," /home/chris/TVOQE_UPGRADE_27/quic/quant/Debug/bin/client -c false -r 20 -l /home/chris/secret.log -q /home/chris/qlog_quant -t 3600 -v 5 -e 0xff00001d https://localhost:4443/index.html
",client,quic_client_test_tp_prefadd_error0,,server_return_code(1)+ivy_return_code(1),/home/chris/Toward-verification-of-QUIC-extensions/installer/TVOQE/results/errors/client/local/quant-client-2/temp/976/quic_client_test_tp_prefadd_error0.iev,0.0,0.0
1241," /home/chris/TVOQE_UPGRADE_27/quic/quant/Debug/bin/client -c false -r 20 -l /home/chris/secret.log -q /home/chris/qlog_quant -t 3600 -v 5 -e 0xff00001d https://localhost:4443/index.html
",client,quic_client_test_ext_min_ack_delay0,,,/home/chris/Toward-verification-of-QUIC-extensions/installer/TVOQE/results/errors/client/local/quant-client-2/temp/259/quic_client_test_ext_min_ack_delay0.iev,0.0,1.0
1242," /home/chris/TVOQE_UPGRADE_27/quic/quant/Debug/bin/client -c false -r 20 -l /home/chris/secret.log -q /home/chris/qlog_quant -t 3600 -v 5 -e 0xff00001d https://localhost:4443/index.html
",client,quic_client_test_limit_max_error0,,"ivy_return_code(1)+assumption_failed(""quic_client_test_limit_max_error.ivy: line 504"")",/home/chris/Toward-verification-of-QUIC-extensions/installer/TVOQE/results/errors/client/local/quant-client-2/temp/1287/quic_client_test_limit_max_error0.iev,0.0,0.0
1243," /home/chris/TVOQE_UPGRADE_27/quic/quant/Debug/bin/client -c false -r 20 -l /home/chris/secret.log -q /home/chris/qlog_quant -t 3600 -v 5 -e 0xff00001d https://localhost:4443/index.html
",client,quic_client_test_unkown0,,"ivy_return_code(1)+assumption_failed(""quic_client_test_unkown.ivy: line 513"")",/home/chris/Toward-verification-of-QUIC-extensions/installer/TVOQE/results/errors/client/local/quant-client-2/temp/1057/quic_client_test_unkown0.iev,0.0,0.0
1244," /home/chris/TVOQE_UPGRADE_27/quic/quant/Debug/bin/client -c false -r 20 -l /home/chris/secret.log -q /home/chris/qlog_quant -t 3600 -v 5 -e 0xff00001d https://localhost:4443/index.html
",client,quic_client_test_new_token_error0,,"ivy_return_code(1)+assumption_failed(""quic_client_test_new_token_error.ivy: line 517"")",/home/chris/Toward-verification-of-QUIC-extensions/installer/TVOQE/results/errors/client/local/quant-client-2/temp/1363/quic_client_test_new_token_error0.iev,0.0,0.0
1245," /home/chris/TVOQE_UPGRADE_27/quic/quant/Debug/bin/client -c false -r 20 -l /home/chris/secret.log -q /home/chris/qlog_quant -t 3600 -v 5 -e 0xff00001d https://localhost:4443/index.html
",client,quic_client_test_limit_max_error0,,"ivy_return_code(1)+assumption_failed(""quic_client_test_limit_max_error.ivy: line 504"")",/home/chris/Toward-verification-of-QUIC-extensions/installer/TVOQE/results/errors/client/local/quant-client-2/temp/1257/quic_client_test_limit_max_error0.iev,0.0,0.0
1246," /home/chris/TVOQE_UPGRADE_27/quic/quant/Debug/bin/client -c false -r 20 -l /home/chris/secret.log -q /home/chris/qlog_quant -t 3600 -v 5 -e 0xff00001d https://localhost:4443/index.html
",client,quic_client_test_unkown0,,"ivy_return_code(1)+assumption_failed(""quic_client_test_unkown.ivy: line 513"")",/home/chris/Toward-verification-of-QUIC-extensions/installer/TVOQE/results/errors/client/local/quant-client-2/temp/1024/quic_client_test_unkown0.iev,0.0,0.0
1247," /home/chris/TVOQE_UPGRADE_27/quic/quant/Debug/bin/client -c false -r 20 -l /home/chris/secret.log -q /home/chris/qlog_quant -t 3600 -v 5 -e 0xff00001d https://localhost:4443/index.html
",client,quic_client_test_accept_maxdata0,,,/home/chris/Toward-verification-of-QUIC-extensions/installer/TVOQE/results/errors/client/local/quant-client-2/temp/891/quic_client_test_accept_maxdata0.iev,0.0,1.0
1248," /home/chris/TVOQE_UPGRADE_27/quic/quant/Debug/bin/client -c false -r 20 -l /home/chris/secret.log -q /home/chris/qlog_quant -t 3600 -v 5 -e 0xff00001d https://localhost:4443/index.html
",client,quic_client_test_blocked_streams_maxstream_error0,,"ivy_return_code(1)+assumption_failed(""quic_client_test_blocked_streams_maxstream_error.ivy: line 283"")",/home/chris/Toward-verification-of-QUIC-extensions/installer/TVOQE/results/errors/client/local/quant-client-2/temp/697/quic_client_test_blocked_streams_maxstream_error0.iev,0.0,0.0
1249," /home/chris/TVOQE_UPGRADE_27/quic/quant/Debug/bin/client -c false -r 20 -l /home/chris/secret.log -q /home/chris/qlog_quant -t 3600 -v 5 -e 0xff00001d https://localhost:4443/index.html
",client,quic_client_test_limit_max_error0,,"ivy_return_code(1)+assumption_failed(""quic_client_test_limit_max_error.ivy: line 504"")",/home/chris/Toward-verification-of-QUIC-extensions/installer/TVOQE/results/errors/client/local/quant-client-2/temp/1264/quic_client_test_limit_max_error0.iev,0.0,0.0
1250," /home/chris/TVOQE_UPGRADE_27/quic/quant/Debug/bin/client -c false -r 20 -l /home/chris/secret.log -q /home/chris/qlog_quant -t 3600 -v 5 -e 0xff00001d https://localhost:4443/index.html
",client,quic_client_test_blocked_streams_maxstream_error0,,"ivy_return_code(1)+assumption_failed(""quic_client_test_blocked_streams_maxstream_error.ivy: line 283"")",/home/chris/Toward-verification-of-QUIC-extensions/installer/TVOQE/results/errors/client/local/quant-client-2/temp/674/quic_client_test_blocked_streams_maxstream_error0.iev,0.0,0.0
1251," /home/chris/TVOQE_UPGRADE_27/quic/quant/Debug/bin/client -c false -r 20 -l /home/chris/secret.log -q /home/chris/qlog_quant -t 3600 -v 5 -e 0xff00001d https://localhost:4443/index.html
",client,quic_client_test_ext_min_ack_delay0,,"ivy_return_code(1)+assumption_failed(""quic_client_test_ext_min_ack_delay.ivy: line 524"")",/home/chris/Toward-verification-of-QUIC-extensions/installer/TVOQE/results/errors/client/local/quant-client-2/temp/275/quic_client_test_ext_min_ack_delay0.iev,0.0,0.0
1252," /home/chris/TVOQE_UPGRADE_27/quic/quant/Debug/bin/client -c false -r 20 -l /home/chris/secret.log -q /home/chris/qlog_quant -t 3600 -v 5 -e 0xff00001d https://localhost:4443/index.html
",client,quic_client_test_retirecoid_error0,,"ivy_return_code(1)+assumption_failed(""quic_client_test_retirecoid_error.ivy: line 276"")",/home/chris/Toward-verification-of-QUIC-extensions/installer/TVOQE/results/errors/client/local/quant-client-2/temp/753/quic_client_test_retirecoid_error0.iev,0.0,0.0
1253," /home/chris/TVOQE_UPGRADE_27/quic/quant/Debug/bin/client -c false -r 20 -l /home/chris/secret.log -q /home/chris/qlog_quant -t 3600 -v 5 -e 0xff00001d https://localhost:4443/index.html
",client,quic_client_test_ext_min_ack_delay0,,,/home/chris/Toward-verification-of-QUIC-extensions/installer/TVOQE/results/errors/client/local/quant-client-2/temp/267/quic_client_test_ext_min_ack_delay0.iev,0.0,1.0
1254," /home/chris/TVOQE_UPGRADE_27/quic/quant/Debug/bin/client -c false -r 20 -l /home/chris/secret.log -q /home/chris/qlog_quant -t 3600 -v 5 -e 0xff00001d https://localhost:4443/index.html
",client,quic_client_test_max0,,"ivy_return_code(1)+assumption_failed(""quic_client_test.ivy: line 310"")",/home/chris/Toward-verification-of-QUIC-extensions/installer/TVOQE/results/errors/client/local/quant-client-2/temp/33/quic_client_test_max0.iev,0.0,0.0
1255," /home/chris/TVOQE_UPGRADE_27/quic/quant/Debug/bin/client -c false -r 20 -l /home/chris/secret.log -q /home/chris/qlog_quant -t 3600 -v 5 -e 0xff00001d https://localhost:4443/index.html
",client,quic_client_test_accept_maxdata0,,,/home/chris/Toward-verification-of-QUIC-extensions/installer/TVOQE/results/errors/client/local/quant-client-2/temp/856/quic_client_test_accept_maxdata0.iev,0.0,1.0
1256," /home/chris/TVOQE_UPGRADE_27/quic/quant/Debug/bin/client -c false -r 20 -l /home/chris/secret.log -q /home/chris/qlog_quant -t 3600 -v 5 -e 0xff00001d https://localhost:4443/index.html
",client,quic_client_test_max0,,"ivy_return_code(1)+assumption_failed(""/usr/local/lib/python2.7/dist-packages/ivy/include/1.7/quic_packet.ivy: line 377"")",/home/chris/Toward-verification-of-QUIC-extensions/installer/TVOQE/results/errors/client/local/quant-client-2/temp/24/quic_client_test_max0.iev,0.0,0.0
1257," /home/chris/TVOQE_UPGRADE_27/quic/quant/Debug/bin/client -c false -r 20 -l /home/chris/secret.log -q /home/chris/qlog_quant -t 3600 -v 5 -e 0xff00001d https://localhost:4443/index.html
",client,quic_client_test_retirecoid_error0,,"ivy_return_code(1)+assumption_failed(""quic_client_test_retirecoid_error.ivy: line 276"")",/home/chris/Toward-verification-of-QUIC-extensions/installer/TVOQE/results/errors/client/local/quant-client-2/temp/772/quic_client_test_retirecoid_error0.iev,0.0,0.0
1258," /home/chris/TVOQE_UPGRADE_27/quic/quant/Debug/bin/client -c false -r 20 -l /home/chris/secret.log -q /home/chris/qlog_quant -t 3600 -v 5 -e 0xff00001d https://localhost:4443/index.html
",client,quic_client_test_stream0,,"timeout+< undecryptable_packet_event({protocol:udp,addr:0x7f000001,port:0xbe44},{protocol:udp,addr:0x7f000001,port:0x115b},[0xcd,0xff,0,0,0x1d,0x11,0xe3,0x2e,0x97,0xa9,0xfd,0xaa,0xfa,0x88,0x74,0xbb,0xb4,0x4a,0xa7,0x48,0x21,0xf4,0x6b,0x4,0x84,0x6e,0xad,0x92,0,0x44,0x91,0x9f,0x82,0x15,0x2c,0x41,0xbf,0xe4,0x36,0x66,0x2d,0xa2,0x39,0xf,0x54,0x1c,0xe9,0xb0,0x17,0xfe,0x82,0xd2,0x67,0x67,0x6f,0xdb,0xb9,0xaa,0x1c,0xad,0xee,0x18,0xfb,0x40,0xbd,0xf6,0xb7,0x10,0x6,0x23,0x34,0xef,0xc9,0xcf,0x4b,0xdc,0x5d,0x31,0x62,0xb,0x4d,0x7e,0xb8,0xd5,0xf2,0x57,0xbe,0x27,0xef,0x93,0x58,0xe,0,0xf7,0x8,0xc5,0xb2,0x57,0x88,0x57,0x74,0x49,0x89,0x6c,0xe8,0x86,0x45,0x7,0xf8,0x28,0x62,0x96,0xd3,0xaa,0x18,0xe8,0xcb,0x5e,0xa1,0x28,0xa,0xf0,0x41,0xf,0x2b,0x5d,0x6a,0x4,0x33,0x29,0xa4,0xa1,0x80,0x29,0xb8,0xfb,0x9b,0xfe,0x85,0xae,0x7c,0x21,0xe0,0x19,0x1c,0x6e,0xf4,0xe4,0x3d,0xbe,0x60,0x8d,0x32,0x44,0xd8,0xfe,0xd1,0x61,0xbf,0x3d,0xb0,0x57,0x1,0x2c,0x9d,0xf,0x5d,0x36,0xc3,0xe8,0xed,0xa9,0x2,0xd,0x8c,0x71,0xb3,0x5b,0x90,0x8a,0x4f,0xa8,0xf4,0xe0,0xb9,0x8c,0x6e,0x24,0x83,0x55,0x75,0x66,0xa2,0x31,0x53,0xb2,0x4b,0xc1,0x44,0xfe,0xd,0x59,0x18,0x2d,0x24,0x84,0x78,0x37,0x9,0xa7,0x11,0xdd,0xc8,0xe2,0x31,0x3f,0x86,0x12,0x3a,0x57,0x3,0x63,0xf,0xd5,0xa2,0x71,0xae,0x49,0x11,0x32,0xb9,0x62,0x95,0x4f,0x6b,0xc1,0xe9,0x78,0xd0,0x1c,0xb2,0xd2,0x76,0x98,0x8f,0x2f,0xd3,0x6e,0xa,0x59,0xa5,0x19,0x57,0xe7,0xd9,0x2d,0x50,0x80,0xd4,0x50,0xdf,0xa3,0x9f,0xcd,0x9,0x8c,0x92,0xff,0x27,0x5d,0xc3,0xd0,0xca,0xfd,0xc4,0x7e,0x24,0x28,0xa,0xcf,0x4b,0xa1,0xfc,0xfa,0x54,0x74,0xba,0xd3,0x73,0x7c,0xd0,0xd1,0x91,0xee,0x7a,0x95,0x85,0x20,0xf5,0xf6,0x6d,0xb6,0xc4,0x1e,0xe2,0xd5,0xd6,0x7f,0x81,0x56,0xf,0x7,0xaa,0xf8,0xae,0xbf,0x43,0x50,0xe2,0x9b,0x85,0xb9,0x49,0x37,0xe1,0xa7,0x9,0x34,0x33,0x77,0xd,0xbb,0x4b,0x48,0x7b,0xba,0x3b,0xb3,0xef,0xe3,0xdd,0x2c,0xfd,0x8c,0x1e,0x67,0x63,0xc1,0xf3,0xa1,0xf9,0xd1,0xb4,0x23,0x1f,0x88,0x43,0x18,0x35,0xea,0xea,0x41,0xda,0x4b,0x91,0xb,0x87,0xaf,0x62,0x75,0xc1,0x52,0x86,0xf,0xa4,0x8,0x28,0x63,0x51,0x76,0xa8,0xe,0x18,0x41,0x10,0xbf,0x4e,0xdb,0x11,0xd8,0xd1,0x82,0x2a,0x70,0x2c,0x29,0xc5,0x63,0x6c,0xdd,0x56,0x67,0xd0,0xf8,0xf9,0x92,0xac,0xff,0x71,0xd2,0xc,0xc6,0xc4,0xf5,0xbd,0x9d,0x82,0x5b,0x83,0x2a,0xc2,0x22,0xa3,0xeb,0x55,0xac,0x7a,0x82,0x8d,0x27,0xed,0x62,0x11,0x1f,0x61,0xf5,0xbd,0xd,0xd3,0x3f,0xe3,0x97,0xf1,0x89,0x86,0x6f,0x9d,0xf3,0x46,0xcf,0x4d,0x29,0x7f,0x26,0x1f,0xbc,0x72,0xf8,0xd6,0xfd,0x2f,0xb9,0xa8,0x4b,0xbc,0xfd,0xf,0x6c,0xb9,0x18,0x36,0x16,0xc9,0x84,0x35,0x21,0x2,0x60,0x7a,0x98,0x31,0xdb,0xa2,0x12,0x33,0xe3,0xb9,0xb7,0x61,0x23,0xee,0xeb,0x48,0xa0,0x8f,0xd3,0xc0,0x85,0x30,0xb3,0x6e,0xe5,0,0x53,0x33,0x6e,0x69,0x84,0xfb,0x17,0x7f,0xf9,0x94,0x8a,0x33,0xa4,0xea,0x1c,0x53,0x28,0x90,0x9e,0x22,0x7e,0x4b,0xc8,0xed,0xa9,0xd0,0xcb,0x90,0x81,0xeb,0x1,0xae,0x56,0x2,0xf8,0x8f,0x9f,0xdc,0xda,0xe5,0xf0,0x19,0xad,0xd1,0xf5,0x40,0xf8,0x3e,0x32,0x95,0x75,0xef,0x22,0x1c,0xeb,0x80,0x42,0xcc,0x1c,0x9,0x54,0x57,0xeb,0x36,0x5c,0x42,0xf,0x3f,0xd0,0xa9,0xf9,0x55,0x38,0xf6,0xce,0x3a,0xb4,0x86,0xdd,0x13,0xa8,0x83,0x92,0x3b,0xbe,0x68,0xcc,0x39,0xcf,0x97,0x16,0x86,0x3c,0x30,0xad,0xcd,0x31,0xe1,0x3e,0xaf,0x9d,0xde,0x72,0x24,0x6f,0x1d,0x78,0x97,0x72,0x79,0xfc,0x3e,0x83,0xca,0xfa,0x44,0x95,0xa,0x95,0x50,0xa4,0xf6,0x9a,0x6a,0xd,0xe7,0x35,0x64,0x4a,0xcc,0x50,0xb9,0x1f,0x67,0xf4,0xbc,0xa9,0xa4,0xb2,0x9f,0xc6,0xd9,0x21,0x20,0xe9,0x7a,0xec,0xc7,0xb1,0xfb,0,0x6e,0x64,0x82,0xdb,0x41,0x6b,0x34,0x22,0x10,0x1e,0x23,0xa1,0x5b,0x66,0xeb,0xad,0x10,0x3,0xfc,0x86,0xc5,0x31,0xe8,0xe0,0x11,0x8d,0xb4,0xb6,0x67,0x3b,0x47,0x74,0x1f,0x71,0xe8,0x66,0x46,0x3b,0xfd,0x3,0x28,0x95,0xac,0x1c,0x29,0x77,0xd0,0xaa,0xdc,0xbf,0xbf,0x5,0xfb,0xa0,0x23,0x9a,0xf7,0x83,0x7a,0xad,0x67,0x36,0x70,0xce,0x4b,0x6f,0xfb,0x2,0x24,0x2c,0x76,0x43,0x5d,0xe5,0xe1,0x44,0x13,0x16,0xf7,0xd2,0x73,0x83,0xc0,0xff,0xb9,0x9e,0xcb,0xc0,0x9b,0x67,0xb9,0xe5,0x83,0x2a,0x1,0x5f,0x6,0x77,0x4c,0x3,0x85,0x6,0xd1,0x15,0x3a,0x5f,0x71,0xd,0xdd,0x89,0x61,0x4,0x68,0x8f,0xac,0xf7,0x42,0xe4,0xc0,0x40,0x7c,0xa7,0xb5,0xd5,0x6,0xc0,0xa9,0xc0,0x5c,0x19,0xe4,0x25,0xbe,0xc0,0xc2,0xea,0xb0,0xa1,0xeb,0xd1,0xeb,0xf8,0xc3,0xcb,0x7e,0xab,0xcb,0xb4,0x5b,0x52,0x2a,0x43,0x5c,0x50,0xa2,0x91,0x23,0xd,0xa9,0xc3,0x1f,0x95,0xdd,0x36,0x61,0xa0,0xa5,0x29,0xa,0x87,0x6e,0x13,0xed,0xa0,0x50,0x73,0xf1,0x4b,0x65,0x33,0x22,0x2f,0x29,0x86,0xc,0xd1,0x1a,0x61,0x5b,0x6d,0xb3,0xcb,0xe2,0x1f,0x65,0xc7,0x97,0xc7,0xcb,0x51,0x4f,0xd6,0xeb,0xf5,0xb2,0xf2,0x4c,0x4a,0xc6,0x28,0x87,0x5d,0x75,0x74,0x75,0x2f,0x3e,0x1,0xc5,0xc,0x24,0x10,0x6d,0xf9,0x25,0x88,0xce,0x1e,0x5b,0xeb,0x77,0x55,0xb2,0x83,0x67,0x77,0x1b,0x3f,0x5f,0xa5,0x2d,0xf4,0xd2,0xc9,0x9d,0x7f,0x9e,0x7f,0xdc,0xd0,0x6d,0x5d,0xd3,0xa4,0x6a,0x10,0x88,0x9,0x7e,0xf3,0x25,0x4e,0x65,0xd1,0x87,0x32,0xd5,0x7a,0x38,0x11,0xf5,0xb6,0x18,0xde,0xd3,0x1b,0x4,0,0x6e,0xcc,0x75,0xf4,0x67,0x2b,0xb8,0xfc,0x1b,0x81,0x88,0x73,0xfb,0x8,0x9b,0x55,0x3e,0x23,0xb9,0x78,0x1b,0x7d,0x76,0x56,0xf,0xdf,0x2c,0x5e,0x9a,0xbc,0xf4,0x7e,0x85,0x4,0x10,0x6c,0xec,0xdc,0x7f,0xc3,0x91,0xa5,0xbf,0x48,0x9f,0xde,0xc2,0xbd,0x99,0x31,0x7f,0x44,0x7a,0x3c,0xf8,0x20,0x91,0x89,0xe8,0xbe,0x34,0xe8,0x9c,0x11,0xe0,0xa3,0x73,0x97,0xdc,0x34,0x79,0xb4,0x43,0x97,0xb7,0xa6,0x4d,0x7e,0xfd,0xa7,0x54,0xf7,0xc8,0x84,0xe8,0x1c,0xaa,0xe9,0x7b,0x37,0xcb,0xa0,0x4b,0xb3,0xb3,0xb3,0x52,0xf,0xcb,0xb9,0x42,0x39,0xf5,0xd6,0xd4,0x50,0x64,0x49,0x14,0x94,0x35,0x5c,0x35,0xa,0xf2,0x4d,0x11,0x6b,0x13,0x3d,0xce,0xea,0xde,0xab,0x68,0xf7,0x29,0xe5,0x8d,0x35,0xc5,0xab,0xac,0x57,0x35,0x45,0xeb,0x3e,0x7e,0x23,0xae,0xbf,0xde,0xfd,0x90,0x9a,0x80,0x8b,0x97,0xc7,0xb8,0xc6,0x5e,0xeb,0x2,0x40,0x43,0xdb,0x3d,0xd,0x5e,0x4,0xe7,0xd6,0x20,0xfe,0x53,0xb6,0xf2,0x95,0x4e,0x6b,0x55,0x75,0x92,0x3b,0x52,0x3,0xec,0x32,0x58,0x1b,0xf0,0x3b,0x1e,0xe4,0xe5,0xba,0x81,0xc,0xe0,0x26,0x50,0x82,0xf5,0x51,0xf1,0x6f,0x8e,0x60,0x82,0x7f,0x48,0x3f,0xca,0x5,0x73,0xbf,0xb8,0xa3,0x9b,0x71,0x5b,0x15,0xc4,0x40,0x6b,0x6a,0xfe,0x2e,0x42,0x74,0xba,0x5b,0xbe,0xf1,0xfe,0xd5,0x43,0x19,0xa9,0xd1,0x33,0xe4,0x88,0x45,0xb3,0xc4,0x43,0x2f,0x6b,0xed,0xef,0x9,0x11,0x25,0x7c,0xf0,0x6,0x94,0xd5,0xd1,0x6a,0xf,0x32,0xfd,0x14,0xa6,0x83,0x2e,0x94,0x1,0x7f,0xc0,0x48,0xe8,0xdb,0xee])",/home/chris/Toward-verification-of-QUIC-extensions/installer/TVOQE/results/errors/client/local/quant-client-2/temp/115/quic_client_test_stream0.iev,0.0,0.0
1259," /home/chris/TVOQE_UPGRADE_27/quic/quant/Debug/bin/client -c false -r 20 -l /home/chris/secret.log -q /home/chris/qlog_quant -t 3600 -v 5 -e 0xff00001d https://localhost:4443/index.html
",client,quic_client_test_accept_maxdata0,,,/home/chris/Toward-verification-of-QUIC-extensions/installer/TVOQE/results/errors/client/local/quant-client-2/temp/810/quic_client_test_accept_maxdata0.iev,0.0,1.0
1260," /home/chris/TVOQE_UPGRADE_27/quic/quant/Debug/bin/client -c false -r 20 -l /home/chris/secret.log -q /home/chris/qlog_quant -t 3600 -v 5 -e 0xff00001d https://localhost:4443/index.html
",client,quic_client_test_tp_acticoid_error0,,,/home/chris/Toward-verification-of-QUIC-extensions/installer/TVOQE/results/errors/client/local/quant-client-2/temp/539/quic_client_test_tp_acticoid_error0.iev,0.0,1.0
1261," /home/chris/TVOQE_UPGRADE_27/quic/quant/Debug/bin/client -c false -r 20 -l /home/chris/secret.log -q /home/chris/qlog_quant -t 3600 -v 5 -e 0xff00001d https://localhost:4443/index.html
",client,quic_client_test_tp_prefadd_error0,,server_return_code(1)+ivy_return_code(1),/home/chris/Toward-verification-of-QUIC-extensions/installer/TVOQE/results/errors/client/local/quant-client-2/temp/906/quic_client_test_tp_prefadd_error0.iev,0.0,0.0
1262," /home/chris/TVOQE_UPGRADE_27/quic/quant/Debug/bin/client -c false -r 20 -l /home/chris/secret.log -q /home/chris/qlog_quant -t 3600 -v 5 -e 0xff00001d https://localhost:4443/index.html
",client,quic_client_test_tp_unkown0,,,/home/chris/Toward-verification-of-QUIC-extensions/installer/TVOQE/results/errors/client/local/quant-client-2/temp/1182/quic_client_test_tp_unkown0.iev,0.0,1.0
1263," /home/chris/TVOQE_UPGRADE_27/quic/quant/Debug/bin/client -c false -r 20 -l /home/chris/secret.log -q /home/chris/qlog_quant -t 3600 -v 5 -e 0xff00001d https://localhost:4443/index.html
",client,quic_client_test_tp_unkown0,,,/home/chris/Toward-verification-of-QUIC-extensions/installer/TVOQE/results/errors/client/local/quant-client-2/temp/1176/quic_client_test_tp_unkown0.iev,0.0,1.0
1264," /home/chris/TVOQE_UPGRADE_27/quic/quant/Debug/bin/client -c false -r 20 -l /home/chris/secret.log -q /home/chris/qlog_quant -t 3600 -v 5 -e 0xff00001d https://localhost:4443/index.html
",client,quic_client_test_limit_max_error0,,"ivy_return_code(1)+assumption_failed(""quic_client_test_limit_max_error.ivy: line 504"")",/home/chris/Toward-verification-of-QUIC-extensions/installer/TVOQE/results/errors/client/local/quant-client-2/temp/1295/quic_client_test_limit_max_error0.iev,0.0,0.0
1265," /home/chris/TVOQE_UPGRADE_27/quic/quant/Debug/bin/client -c false -r 20 -l /home/chris/secret.log -q /home/chris/qlog_quant -t 3600 -v 5 -e 0xff00001d https://localhost:4443/index.html
",client,quic_client_test_retirecoid_error0,,"ivy_return_code(1)+assumption_failed(""quic_client_test_retirecoid_error.ivy: line 276"")",/home/chris/Toward-verification-of-QUIC-extensions/installer/TVOQE/results/errors/client/local/quant-client-2/temp/756/quic_client_test_retirecoid_error0.iev,0.0,0.0
1266," /home/chris/TVOQE_UPGRADE_27/quic/quant/Debug/bin/client -c false -r 20 -l /home/chris/secret.log -q /home/chris/qlog_quant -t 3600 -v 5 -e 0xff00001d https://localhost:4443/index.html
",client,quic_client_test_double_tp_error0,,"ivy_return_code(1)+assumption_failed(""quic_client_test_double_tp_error.ivy: line 502"")",/home/chris/Toward-verification-of-QUIC-extensions/installer/TVOQE/results/errors/client/local/quant-client-2/temp/405/quic_client_test_double_tp_error0.iev,0.0,0.0
1267," /home/chris/TVOQE_UPGRADE_27/quic/quant/Debug/bin/client -c false -r 20 -l /home/chris/secret.log -q /home/chris/qlog_quant -t 3600 -v 5 -e 0xff00001d https://localhost:4443/index.html
",client,quic_client_test_tp_prefadd_error0,,server_return_code(1)+ivy_return_code(1),/home/chris/Toward-verification-of-QUIC-extensions/installer/TVOQE/results/errors/client/local/quant-client-2/temp/929/quic_client_test_tp_prefadd_error0.iev,0.0,0.0
1268," /home/chris/TVOQE_UPGRADE_27/quic/quant/Debug/bin/client -c false -r 20 -l /home/chris/secret.log -q /home/chris/qlog_quant -t 3600 -v 5 -e 0xff00001d https://localhost:4443/index.html
",client,quic_client_test_unkown0,,server_return_code(1)+ivy_return_code(1),/home/chris/Toward-verification-of-QUIC-extensions/installer/TVOQE/results/errors/client/local/quant-client-2/temp/1073/quic_client_test_unkown0.iev,0.0,0.0
1269," /home/chris/TVOQE_UPGRADE_27/quic/quant/Debug/bin/client -c false -r 20 -l /home/chris/secret.log -q /home/chris/qlog_quant -t 3600 -v 5 -e 0xff00001d https://localhost:4443/index.html
",client,quic_client_test_retirecoid_error0,,"ivy_return_code(1)+assumption_failed(""quic_client_test_retirecoid_error.ivy: line 276"")",/home/chris/Toward-verification-of-QUIC-extensions/installer/TVOQE/results/errors/client/local/quant-client-2/temp/734/quic_client_test_retirecoid_error0.iev,0.0,0.0
1270," /home/chris/TVOQE_UPGRADE_27/quic/quant/Debug/bin/client -c false -r 20 -l /home/chris/secret.log -q /home/chris/qlog_quant -t 3600 -v 5 -e 0xff00001d https://localhost:4443/index.html
",client,quic_client_test_unkown0,,server_return_code(1)+ivy_return_code(1),/home/chris/Toward-verification-of-QUIC-extensions/installer/TVOQE/results/errors/client/local/quant-client-2/temp/1070/quic_client_test_unkown0.iev,0.0,0.0
1271," /home/chris/TVOQE_UPGRADE_27/quic/quant/Debug/bin/client -c false -r 20 -l /home/chris/secret.log -q /home/chris/qlog_quant -t 3600 -v 5 -e 0xff00001d https://localhost:4443/index.html
",client,quic_client_test_ext_min_ack_delay0,,,/home/chris/Toward-verification-of-QUIC-extensions/installer/TVOQE/results/errors/client/local/quant-client-2/temp/217/quic_client_test_ext_min_ack_delay0.iev,0.0,1.0
1272," /home/chris/TVOQE_UPGRADE_27/quic/quant/Debug/bin/client -c false -r 20 -l /home/chris/secret.log -q /home/chris/qlog_quant -t 3600 -v 5 -e 0xff00001d https://localhost:4443/index.html
",client,quic_client_test_tp_prefadd_error0,,server_return_code(1)+ivy_return_code(1),/home/chris/Toward-verification-of-QUIC-extensions/installer/TVOQE/results/errors/client/local/quant-client-2/temp/962/quic_client_test_tp_prefadd_error0.iev,0.0,0.0
1273," /home/chris/TVOQE_UPGRADE_27/quic/quant/Debug/bin/client -c false -r 20 -l /home/chris/secret.log -q /home/chris/qlog_quant -t 3600 -v 5 -e 0xff00001d https://localhost:4443/index.html
",client,quic_client_test_new_token_error0,,server_return_code(1)+ivy_return_code(1),/home/chris/Toward-verification-of-QUIC-extensions/installer/TVOQE/results/errors/client/local/quant-client-2/temp/1387/quic_client_test_new_token_error0.iev,0.0,0.0
1274," /home/chris/TVOQE_UPGRADE_27/quic/quant/Debug/bin/client -c false -r 20 -l /home/chris/secret.log -q /home/chris/qlog_quant -t 3600 -v 5 -e 0xff00001d https://localhost:4443/index.html
",client,quic_client_test_max0,,,/home/chris/Toward-verification-of-QUIC-extensions/installer/TVOQE/results/errors/client/local/quant-client-2/temp/82/quic_client_test_max0.iev,0.0,1.0
1275," /home/chris/TVOQE_UPGRADE_27/quic/quant/Debug/bin/client -c false -r 20 -l /home/chris/secret.log -q /home/chris/qlog_quant -t 3600 -v 5 -e 0xff00001d https://localhost:4443/index.html
",client,quic_client_test_retirecoid_error0,,"ivy_return_code(1)+assumption_failed(""quic_client_test_retirecoid_error.ivy: line 276"")",/home/chris/Toward-verification-of-QUIC-extensions/installer/TVOQE/results/errors/client/local/quant-client-2/temp/736/quic_client_test_retirecoid_error0.iev,0.0,0.0
1276," /home/chris/TVOQE_UPGRADE_27/quic/quant/Debug/bin/client -c false -r 20 -l /home/chris/secret.log -q /home/chris/qlog_quant -t 3600 -v 5 -e 0xff00001d https://localhost:4443/index.html
",client,quic_client_test_stream0,,,/home/chris/Toward-verification-of-QUIC-extensions/installer/TVOQE/results/errors/client/local/quant-client-2/temp/100/quic_client_test_stream0.iev,0.0,1.0
1277," /home/chris/TVOQE_UPGRADE_27/quic/quant/Debug/bin/client -c false -r 20 -l /home/chris/secret.log -q /home/chris/qlog_quant -t 3600 -v 5 -e 0xff00001d https://localhost:4443/index.html
",client,quic_client_test_double_tp_error0,,server_return_code(1)+ivy_return_code(1),/home/chris/Toward-verification-of-QUIC-extensions/installer/TVOQE/results/errors/client/local/quant-client-2/temp/469/quic_client_test_double_tp_error0.iev,0.0,0.0
1278," /home/chris/TVOQE_UPGRADE_27/quic/quant/Debug/bin/client -c false -r 20 -l /home/chris/secret.log -q /home/chris/qlog_quant -t 3600 -v 5 -e 0xff00001d https://localhost:4443/index.html
",client,quic_client_test_limit_max_error0,,"ivy_return_code(1)+assumption_failed(""quic_client_test_limit_max_error.ivy: line 504"")",/home/chris/Toward-verification-of-QUIC-extensions/installer/TVOQE/results/errors/client/local/quant-client-2/temp/1260/quic_client_test_limit_max_error0.iev,0.0,0.0
1279," /home/chris/TVOQE_UPGRADE_27/quic/quant/Debug/bin/client -c false -r 20 -l /home/chris/secret.log -q /home/chris/qlog_quant -t 3600 -v 5 -e 0xff00001d https://localhost:4443/index.html
",client,quic_client_test_blocked_streams_maxstream_error0,,"ivy_return_code(1)+assumption_failed(""quic_client_test_blocked_streams_maxstream_error.ivy: line 283"")",/home/chris/Toward-verification-of-QUIC-extensions/installer/TVOQE/results/errors/client/local/quant-client-2/temp/637/quic_client_test_blocked_streams_maxstream_error0.iev,0.0,0.0
1280," /home/chris/TVOQE_UPGRADE_27/quic/quant/Debug/bin/client -c false -r 20 -l /home/chris/secret.log -q /home/chris/qlog_quant -t 3600 -v 5 -e 0xff00001d https://localhost:4443/index.html
",client,quic_client_test_stream0,,,/home/chris/Toward-verification-of-QUIC-extensions/installer/TVOQE/results/errors/client/local/quant-client-2/temp/175/quic_client_test_stream0.iev,0.0,1.0
1281," /home/chris/TVOQE_UPGRADE_27/quic/quant/Debug/bin/client -c false -r 20 -l /home/chris/secret.log -q /home/chris/qlog_quant -t 3600 -v 5 -e 0xff00001d https://localhost:4443/index.html
",client,quic_client_test_max0,,,/home/chris/Toward-verification-of-QUIC-extensions/installer/TVOQE/results/errors/client/local/quant-client-2/temp/59/quic_client_test_max0.iev,0.0,1.0
1282," /home/chris/TVOQE_UPGRADE_27/quic/quant/Debug/bin/client -c false -r 20 -l /home/chris/secret.log -q /home/chris/qlog_quant -t 3600 -v 5 -e 0xff00001d https://localhost:4443/index.html
",client,quic_client_test_tp_prefadd_error0,,"ivy_return_code(1)+assumption_failed(""quic_client_test_tp_prefadd_error.ivy: line 518"")",/home/chris/Toward-verification-of-QUIC-extensions/installer/TVOQE/results/errors/client/local/quant-client-2/temp/903/quic_client_test_tp_prefadd_error0.iev,0.0,0.0
1283," /home/chris/TVOQE_UPGRADE_27/quic/quant/Debug/bin/client -c false -r 20 -l /home/chris/secret.log -q /home/chris/qlog_quant -t 3600 -v 5 -e 0xff00001d https://localhost:4443/index.html
",client,quic_client_test_tp_acticoid_error0,,,/home/chris/Toward-verification-of-QUIC-extensions/installer/TVOQE/results/errors/client/local/quant-client-2/temp/549/quic_client_test_tp_acticoid_error0.iev,0.0,1.0
1284," /home/chris/TVOQE_UPGRADE_27/quic/quant/Debug/bin/client -c false -r 20 -l /home/chris/secret.log -q /home/chris/qlog_quant -t 3600 -v 5 -e 0xff00001d https://localhost:4443/index.html
",client,quic_client_test_max0,,,/home/chris/Toward-verification-of-QUIC-extensions/installer/TVOQE/results/errors/client/local/quant-client-2/temp/16/quic_client_test_max0.iev,0.0,1.0
1285," /home/chris/TVOQE_UPGRADE_27/quic/quant/Debug/bin/client -c false -r 20 -l /home/chris/secret.log -q /home/chris/qlog_quant -t 3600 -v 5 -e 0xff00001d https://localhost:4443/index.html
",client,quic_client_test_tp_unkown0,,,/home/chris/Toward-verification-of-QUIC-extensions/installer/TVOQE/results/errors/client/local/quant-client-2/temp/1122/quic_client_test_tp_unkown0.iev,0.0,1.0
1286," /home/chris/TVOQE_UPGRADE_27/quic/quant/Debug/bin/client -c false -r 20 -l /home/chris/secret.log -q /home/chris/qlog_quant -t 3600 -v 5 -e 0xff00001d https://localhost:4443/index.html
",client,quic_client_test_tp_prefadd_error0,,server_return_code(1)+ivy_return_code(1),/home/chris/Toward-verification-of-QUIC-extensions/installer/TVOQE/results/errors/client/local/quant-client-2/temp/936/quic_client_test_tp_prefadd_error0.iev,0.0,0.0
1287," /home/chris/TVOQE_UPGRADE_27/quic/quant/Debug/bin/client -c false -r 20 -l /home/chris/secret.log -q /home/chris/qlog_quant -t 3600 -v 5 -e 0xff00001d https://localhost:4443/index.html
",client,quic_client_test_double_tp_error0,,server_return_code(1)+ivy_return_code(1),/home/chris/Toward-verification-of-QUIC-extensions/installer/TVOQE/results/errors/client/local/quant-client-2/temp/457/quic_client_test_double_tp_error0.iev,0.0,0.0
1288," /home/chris/TVOQE_UPGRADE_27/quic/quant/Debug/bin/client -c false -r 20 -l /home/chris/secret.log -q /home/chris/qlog_quant -t 3600 -v 5 -e 0xff00001d https://localhost:4443/index.html
",client,quic_client_test_double_tp_error0,,"ivy_return_code(1)+assumption_failed(""quic_client_test_double_tp_error.ivy: line 502"")",/home/chris/Toward-verification-of-QUIC-extensions/installer/TVOQE/results/errors/client/local/quant-client-2/temp/421/quic_client_test_double_tp_error0.iev,0.0,0.0
1289," /home/chris/TVOQE_UPGRADE_27/quic/quant/Debug/bin/client -c false -r 20 -l /home/chris/secret.log -q /home/chris/qlog_quant -t 3600 -v 5 -e 0xff00001d https://localhost:4443/index.html
",client,quic_client_test_stream0,,,/home/chris/Toward-verification-of-QUIC-extensions/installer/TVOQE/results/errors/client/local/quant-client-2/temp/105/quic_client_test_stream0.iev,0.0,1.0
1290," /home/chris/TVOQE_UPGRADE_27/quic/quant/Debug/bin/client -c false -r 20 -l /home/chris/secret.log -q /home/chris/qlog_quant -t 3600 -v 5 -e 0xff00001d https://localhost:4443/index.html
",client,quic_client_test_tp_error0,,server_return_code(1)+timeout,/home/chris/Toward-verification-of-QUIC-extensions/installer/TVOQE/results/errors/client/local/quant-client-2/temp/393/quic_client_test_tp_error0.iev,0.0,0.0
1291," /home/chris/TVOQE_UPGRADE_27/quic/quant/Debug/bin/client -c false -r 20 -l /home/chris/secret.log -q /home/chris/qlog_quant -t 3600 -v 5 -e 0xff00001d https://localhost:4443/index.html
",client,quic_client_test_accept_maxdata0,,,/home/chris/Toward-verification-of-QUIC-extensions/installer/TVOQE/results/errors/client/local/quant-client-2/temp/830/quic_client_test_accept_maxdata0.iev,0.0,1.0
1292," /home/chris/TVOQE_UPGRADE_27/quic/quant/Debug/bin/client -c false -r 20 -l /home/chris/secret.log -q /home/chris/qlog_quant -t 3600 -v 5 -e 0xff00001d https://localhost:4443/index.html
",client,quic_client_test_retirecoid_error0,,"ivy_return_code(1)+assumption_failed(""quic_client_test_retirecoid_error.ivy: line 276"")",/home/chris/Toward-verification-of-QUIC-extensions/installer/TVOQE/results/errors/client/local/quant-client-2/temp/791/quic_client_test_retirecoid_error0.iev,0.0,0.0
1293," /home/chris/TVOQE_UPGRADE_27/quic/quant/Debug/bin/client -c false -r 20 -l /home/chris/secret.log -q /home/chris/qlog_quant -t 3600 -v 5 -e 0xff00001d https://localhost:4443/index.html
",client,quic_client_test_double_tp_error0,,server_return_code(1)+ivy_return_code(1),/home/chris/Toward-verification-of-QUIC-extensions/installer/TVOQE/results/errors/client/local/quant-client-2/temp/473/quic_client_test_double_tp_error0.iev,0.0,0.0
1294," /home/chris/TVOQE_UPGRADE_27/quic/quant/Debug/bin/client -c false -r 20 -l /home/chris/secret.log -q /home/chris/qlog_quant -t 3600 -v 5 -e 0xff00001d https://localhost:4443/index.html
",client,quic_client_test_tp_acticoid_error0,,,/home/chris/Toward-verification-of-QUIC-extensions/installer/TVOQE/results/errors/client/local/quant-client-2/temp/532/quic_client_test_tp_acticoid_error0.iev,0.0,1.0
1295," /home/chris/TVOQE_UPGRADE_27/quic/quant/Debug/bin/client -c false -r 20 -l /home/chris/secret.log -q /home/chris/qlog_quant -t 3600 -v 5 -e 0xff00001d https://localhost:4443/index.html
",client,quic_client_test_tp_acticoid_error0,,,/home/chris/Toward-verification-of-QUIC-extensions/installer/TVOQE/results/errors/client/local/quant-client-2/temp/575/quic_client_test_tp_acticoid_error0.iev,0.0,1.0
1296," /home/chris/TVOQE_UPGRADE_27/quic/quant/Debug/bin/client -c false -r 20 -l /home/chris/secret.log -q /home/chris/qlog_quant -t 3600 -v 5 -e 0xff00001d https://localhost:4443/index.html
",client,quic_client_test_tp_prefadd_error0,,"ivy_return_code(1)+assumption_failed(""quic_client_test_tp_prefadd_error.ivy: line 518"")",/home/chris/Toward-verification-of-QUIC-extensions/installer/TVOQE/results/errors/client/local/quant-client-2/temp/901/quic_client_test_tp_prefadd_error0.iev,0.0,0.0
1297," /home/chris/TVOQE_UPGRADE_27/quic/quant/Debug/bin/client -c false -r 20 -l /home/chris/secret.log -q /home/chris/qlog_quant -t 3600 -v 5 -e 0xff00001d https://localhost:4443/index.html
",client,quic_client_test_accept_maxdata0,,"ivy_return_code(1)+assumption_failed(""/usr/local/lib/python2.7/dist-packages/ivy/include/1.7/quic_packet.ivy: line 377"")",/home/chris/Toward-verification-of-QUIC-extensions/installer/TVOQE/results/errors/client/local/quant-client-2/temp/806/quic_client_test_accept_maxdata0.iev,0.0,0.0
1298," /home/chris/TVOQE_UPGRADE_27/quic/quant/Debug/bin/client -c false -r 20 -l /home/chris/secret.log -q /home/chris/qlog_quant -t 3600 -v 5 -e 0xff00001d https://localhost:4443/index.html
",client,quic_client_test_tp_error0,,server_return_code(1)+timeout,/home/chris/Toward-verification-of-QUIC-extensions/installer/TVOQE/results/errors/client/local/quant-client-2/temp/358/quic_client_test_tp_error0.iev,0.0,0.0
1299," /home/chris/TVOQE_UPGRADE_27/quic/quant/Debug/bin/client -c false -r 20 -l /home/chris/secret.log -q /home/chris/qlog_quant -t 3600 -v 5 -e 0xff00001d https://localhost:4443/index.html
",client,quic_client_test_ext_min_ack_delay0,,,/home/chris/Toward-verification-of-QUIC-extensions/installer/TVOQE/results/errors/client/local/quant-client-2/temp/289/quic_client_test_ext_min_ack_delay0.iev,0.0,1.0
1300," /home/chris/TVOQE_UPGRADE_27/quic/quant/Debug/bin/client -c false -r 20 -l /home/chris/secret.log -q /home/chris/qlog_quant -t 3600 -v 5 -e 0xff00001d https://localhost:4443/index.html
",client,quic_client_test_retirecoid_error0,,"ivy_return_code(1)+assumption_failed(""quic_client_test_retirecoid_error.ivy: line 276"")",/home/chris/Toward-verification-of-QUIC-extensions/installer/TVOQE/results/errors/client/local/quant-client-2/temp/797/quic_client_test_retirecoid_error0.iev,0.0,0.0
1301," /home/chris/TVOQE_UPGRADE_27/quic/quant/Debug/bin/client -c false -r 20 -l /home/chris/secret.log -q /home/chris/qlog_quant -t 3600 -v 5 -e 0xff00001d https://localhost:4443/index.html
",client,quic_client_test_ext_min_ack_delay0,,,/home/chris/Toward-verification-of-QUIC-extensions/installer/TVOQE/results/errors/client/local/quant-client-2/temp/269/quic_client_test_ext_min_ack_delay0.iev,0.0,1.0
1302," /home/chris/TVOQE_UPGRADE_27/quic/quant/Debug/bin/client -c false -r 20 -l /home/chris/secret.log -q /home/chris/qlog_quant -t 3600 -v 5 -e 0xff00001d https://localhost:4443/index.html
",client,quic_client_test_stream0,,,/home/chris/Toward-verification-of-QUIC-extensions/installer/TVOQE/results/errors/client/local/quant-client-2/temp/192/quic_client_test_stream0.iev,0.0,1.0
1303," /home/chris/TVOQE_UPGRADE_27/quic/quant/Debug/bin/client -c false -r 20 -l /home/chris/secret.log -q /home/chris/qlog_quant -t 3600 -v 5 -e 0xff00001d https://localhost:4443/index.html
",client,quic_client_test_tp_unkown0,,,/home/chris/Toward-verification-of-QUIC-extensions/installer/TVOQE/results/errors/client/local/quant-client-2/temp/1183/quic_client_test_tp_unkown0.iev,0.0,1.0
1304," /home/chris/TVOQE_UPGRADE_27/quic/quant/Debug/bin/client -c false -r 20 -l /home/chris/secret.log -q /home/chris/qlog_quant -t 3600 -v 5 -e 0xff00001d https://localhost:4443/index.html
",client,quic_client_test_tp_acticoid_error0,,,/home/chris/Toward-verification-of-QUIC-extensions/installer/TVOQE/results/errors/client/local/quant-client-2/temp/590/quic_client_test_tp_acticoid_error0.iev,0.0,1.0
1305," /home/chris/TVOQE_UPGRADE_27/quic/quant/Debug/bin/client -c false -r 20 -l /home/chris/secret.log -q /home/chris/qlog_quant -t 3600 -v 5 -e 0xff00001d https://localhost:4443/index.html
",client,quic_client_test_blocked_streams_maxstream_error0,,"ivy_return_code(1)+assumption_failed(""quic_client_test_blocked_streams_maxstream_error.ivy: line 283"")",/home/chris/Toward-verification-of-QUIC-extensions/installer/TVOQE/results/errors/client/local/quant-client-2/temp/698/quic_client_test_blocked_streams_maxstream_error0.iev,0.0,0.0
1306," /home/chris/TVOQE_UPGRADE_27/quic/quant/Debug/bin/client -c false -r 20 -l /home/chris/secret.log -q /home/chris/qlog_quant -t 3600 -v 5 -e 0xff00001d https://localhost:4443/index.html
",client,quic_client_test_limit_max_error0,,"ivy_return_code(1)+assumption_failed(""quic_client_test_limit_max_error.ivy: line 504"")",/home/chris/Toward-verification-of-QUIC-extensions/installer/TVOQE/results/errors/client/local/quant-client-2/temp/1204/quic_client_test_limit_max_error0.iev,0.0,0.0
1307," /home/chris/TVOQE_UPGRADE_27/quic/quant/Debug/bin/client -c false -r 20 -l /home/chris/secret.log -q /home/chris/qlog_quant -t 3600 -v 5 -e 0xff00001d https://localhost:4443/index.html
",client,quic_client_test_limit_max_error0,,"ivy_return_code(1)+assumption_failed(""quic_client_test_limit_max_error.ivy: line 504"")",/home/chris/Toward-verification-of-QUIC-extensions/installer/TVOQE/results/errors/client/local/quant-client-2/temp/1202/quic_client_test_limit_max_error0.iev,0.0,0.0
1308," /home/chris/TVOQE_UPGRADE_27/quic/quant/Debug/bin/client -c false -r 20 -l /home/chris/secret.log -q /home/chris/qlog_quant -t 3600 -v 5 -e 0xff00001d https://localhost:4443/index.html
",client,quic_client_test_retirecoid_error0,,"ivy_return_code(1)+assumption_failed(""quic_client_test_retirecoid_error.ivy: line 276"")",/home/chris/Toward-verification-of-QUIC-extensions/installer/TVOQE/results/errors/client/local/quant-client-2/temp/778/quic_client_test_retirecoid_error0.iev,0.0,0.0
1309," /home/chris/TVOQE_UPGRADE_27/quic/quant/Debug/bin/client -c false -r 20 -l /home/chris/secret.log -q /home/chris/qlog_quant -t 3600 -v 5 -e 0xff00001d https://localhost:4443/index.html
",client,quic_client_test_new_token_error0,,"ivy_return_code(1)+assumption_failed(""quic_client_test_new_token_error.ivy: line 390"")",/home/chris/Toward-verification-of-QUIC-extensions/installer/TVOQE/results/errors/client/local/quant-client-2/temp/1399/quic_client_test_new_token_error0.iev,0.0,0.0
1310," /home/chris/TVOQE_UPGRADE_27/quic/quant/Debug/bin/client -c false -r 20 -l /home/chris/secret.log -q /home/chris/qlog_quant -t 3600 -v 5 -e 0xff00001d https://localhost:4443/index.html
",client,quic_client_test_ext_min_ack_delay0,,,/home/chris/Toward-verification-of-QUIC-extensions/installer/TVOQE/results/errors/client/local/quant-client-2/temp/249/quic_client_test_ext_min_ack_delay0.iev,0.0,1.0
1311," /home/chris/TVOQE_UPGRADE_27/quic/quant/Debug/bin/client -c false -r 20 -l /home/chris/secret.log -q /home/chris/qlog_quant -t 3600 -v 5 -e 0xff00001d https://localhost:4443/index.html
",client,quic_client_test_tp_error0,,server_return_code(1)+timeout,/home/chris/Toward-verification-of-QUIC-extensions/installer/TVOQE/results/errors/client/local/quant-client-2/temp/330/quic_client_test_tp_error0.iev,0.0,0.0
1312," /home/chris/TVOQE_UPGRADE_27/quic/quant/Debug/bin/client -c false -r 20 -l /home/chris/secret.log -q /home/chris/qlog_quant -t 3600 -v 5 -e 0xff00001d https://localhost:4443/index.html
",client,quic_client_test_double_tp_error0,,server_return_code(1)+ivy_return_code(1),/home/chris/Toward-verification-of-QUIC-extensions/installer/TVOQE/results/errors/client/local/quant-client-2/temp/464/quic_client_test_double_tp_error0.iev,0.0,0.0
1313," /home/chris/TVOQE_UPGRADE_27/quic/quant/Debug/bin/client -c false -r 20 -l /home/chris/secret.log -q /home/chris/qlog_quant -t 3600 -v 5 -e 0xff00001d https://localhost:4443/index.html
",client,quic_client_test_tp_acticoid_error0,,"ivy_return_code(1)+assumption_failed(""quic_client_test_tp_acticoid_error.ivy: line 515"")",/home/chris/Toward-verification-of-QUIC-extensions/installer/TVOQE/results/errors/client/local/quant-client-2/temp/513/quic_client_test_tp_acticoid_error0.iev,0.0,0.0
1314," /home/chris/TVOQE_UPGRADE_27/quic/quant/Debug/bin/client -c false -r 20 -l /home/chris/secret.log -q /home/chris/qlog_quant -t 3600 -v 5 -e 0xff00001d https://localhost:4443/index.html
",client,quic_client_test_tp_unkown0,,,/home/chris/Toward-verification-of-QUIC-extensions/installer/TVOQE/results/errors/client/local/quant-client-2/temp/1135/quic_client_test_tp_unkown0.iev,0.0,1.0
1315," /home/chris/TVOQE_UPGRADE_27/quic/quant/Debug/bin/client -c false -r 20 -l /home/chris/secret.log -q /home/chris/qlog_quant -t 3600 -v 5 -e 0xff00001d https://localhost:4443/index.html
",client,quic_client_test_blocked_streams_maxstream_error0,,"ivy_return_code(1)+assumption_failed(""quic_client_test_blocked_streams_maxstream_error.ivy: line 283"")",/home/chris/Toward-verification-of-QUIC-extensions/installer/TVOQE/results/errors/client/local/quant-client-2/temp/619/quic_client_test_blocked_streams_maxstream_error0.iev,0.0,0.0
1316," /home/chris/TVOQE_UPGRADE_27/quic/quant/Debug/bin/client -c false -r 20 -l /home/chris/secret.log -q /home/chris/qlog_quant -t 3600 -v 5 -e 0xff00001d https://localhost:4443/index.html
",client,quic_client_test_tp_acticoid_error0,,,/home/chris/Toward-verification-of-QUIC-extensions/installer/TVOQE/results/errors/client/local/quant-client-2/temp/587/quic_client_test_tp_acticoid_error0.iev,0.0,1.0
1317," /home/chris/TVOQE_UPGRADE_27/quic/quant/Debug/bin/client -c false -r 20 -l /home/chris/secret.log -q /home/chris/qlog_quant -t 3600 -v 5 -e 0xff00001d https://localhost:4443/index.html
",client,quic_client_test_stream0,,"timeout+< undecryptable_packet_event({protocol:udp,addr:0x7f000001,port:0x9596},{protocol:udp,addr:0x7f000001,port:0x115b},[0xce,0xff,0,0,0x1d,0x14,0x26,0x61,0xaa,0xab,0x95,0x50,0x5a,0xad,0xc,0xfd,0x61,0x27,0x88,0x76,0x58,0x8,0xdf,0x25,0x60,0xb6,0x4,0xed,0x45,0xd2,0x9a,0,0x44,0x8e,0x89,0xd2,0x42,0xb3,0xfb,0x56,0x8a,0x6f,0xe7,0x6f,0xc1,0x33,0x14,0xa1,0xf3,0x83,0xc3,0x92,0x79,0x75,0x7b,0xed,0xcb,0x78,0xec,0xf,0xb7,0x44,0xc9,0xf3,0x21,0xed,0x19,0x18,0xba,0x23,0x83,0xcd,0xf3,0xb0,0x78,0x41,0x34,0x40,0xa1,0x72,0xf1,0x88,0xf0,0x99,0xcb,0xdb,0x18,0xcb,0x7b,0x41,0x2e,0xfe,0x67,0xf7,0x23,0xdd,0xe9,0x77,0x69,0x8b,0x2b,0xa6,0xb4,0x4e,0xe5,0x3d,0xb5,0xe6,0xaf,0xb3,0xc4,0x3,0x8a,0x8d,0xc0,0x98,0x1f,0x8b,0x3a,0x3a,0x5f,0xa5,0xf2,0xef,0xf9,0x49,0xf8,0x9,0xea,0xd2,0x57,0x95,0xe2,0x23,0x55,0xdd,0x11,0x18,0x59,0xb,0xd1,0x78,0x8a,0x57,0x3,0x44,0x1a,0x63,0x80,0x4f,0x39,0x23,0x56,0x8a,0x74,0xee,0xcb,0xf0,0xa9,0xee,0xae,0x1c,0xab,0x71,0x99,0x7d,0x3e,0x7a,0x36,0xd9,0x20,0x96,0x1a,0x86,0xd9,0xc6,0x2e,0x24,0x8a,0xc9,0xfe,0x22,0x89,0xa1,0xe8,0x58,0x2e,0x6f,0xf6,0xc,0xdd,0x73,0xf,0x40,0x4e,0x1e,0xfe,0x47,0x44,0x30,0x30,0x6d,0xb6,0x95,0x94,0xf1,0x5,0xc2,0x39,0x8e,0x2d,0x4c,0x59,0x37,0x35,0x58,0x30,0x20,0xde,0x72,0x44,0xd2,0xb8,0xf9,0xa5,0x89,0xfe,0xeb,0xcc,0x8f,0x84,0xb2,0xa5,0x9c,0xd4,0xef,0x68,0x12,0x1b,0x93,0xe8,0xc3,0x9e,0xbf,0x5c,0x2f,0xa2,0x5b,0x95,0xb6,0x47,0x32,0xe3,0x38,0x85,0x6b,0x2f,0xbb,0x29,0xee,0x87,0x8,0x55,0x3d,0x6f,0xb,0x2,0xf,0x5c,0x4e,0xb8,0x5f,0x8e,0xbc,0x77,0xdc,0x9e,0x33,0xe,0xa3,0x19,0x15,0x8c,0x23,0xb3,0xed,0xa,0xd8,0x62,0x3b,0xf1,0x53,0x4,0xce,0x1d,0x4,0xf2,0xde,0xfd,0x2c,0xd0,0x4,0xe,0x3e,0x49,0x45,0xa0,0x60,0x35,0x47,0xfe,0x3f,0xdf,0xee,0x7e,0x17,0x26,0x68,0xc,0x9f,0xa6,0x2e,0x55,0xaf,0x36,0x2a,0xf4,0x8,0x7e,0xdb,0x44,0x83,0x66,0x1c,0x62,0x31,0xca,0x53,0x1f,0x21,0xc9,0x65,0x97,0x73,0xfd,0x4f,0x39,0xb9,0xf5,0x28,0xac,0x8e,0x7f,0x55,0xf8,0x2b,0xb7,0x93,0xed,0x10,0x5f,0xfd,0x3a,0x18,0x29,0x99,0x8b,0x6e,0xd9,0xd7,0x17,0x8,0xd7,0xdf,0x62,0x45,0x12,0x45,0xe0,0x68,0xe1,0x1d,0x58,0xa9,0x84,0xb5,0x1f,0xee,0x7,0x40,0x3,0xb,0x95,0x5b,0xae,0xf0,0x4d,0xbd,0x32,0x49,0xc9,0x67,0x75,0x6a,0xe2,0xb7,0xbc,0x3f,0xe3,0x76,0,0x9,0x33,0xcb,0x30,0xd6,0x7a,0x84,0xf8,0x70,0xc7,0x4e,0x42,0x38,0x16,0xd2,0xbc,0xb5,0x18,0x2a,0xdd,0xb1,0x1b,0x74,0x24,0x66,0x1e,0x77,0xf2,0x8f,0xa2,0x36,0x2e,0x69,0xe2,0x1a,0xf2,0xeb,0x8d,0x4b,0x4a,0x9,0x48,0xd,0xba,0x14,0x6,0x4,0x69,0xc8,0x63,0x8c,0x11,0x8e,0x62,0x4f,0x97,0x25,0x2b,0x86,0x19,0xb9,0x1b,0xb,0x1c,0xb8,0xf9,0x66,0x80,0xcf,0xc9,0x5,0x29,0xc8,0xd9,0x16,0x93,0x57,0xa0,0x8,0x1c,0xd4,0x48,0xb0,0xff,0x9e,0xc8,0x2a,0xa8,0xa8,0xc,0x22,0xc4,0x7f,0xa,0x25,0x13,0xbe,0xc7,0xbc,0x20,0x6d,0x84,0xa3,0xca,0x38,0xe7,0x3a,0x62,0x97,0x2e,0xaa,0xf0,0xbd,0x2f,0xb4,0x6,0x9,0x5c,0xef,0xc,0xd1,0xd1,0xcd,0x62,0xa7,0x59,0x89,0x47,0xbb,0xb7,0x13,0xc9,0xcf,0xa4,0x11,0x71,0x7d,0x52,0x67,0x7a,0x2e,0x2d,0xf2,0x5,0x5c,0x12,0x90,0xd,0x4e,0xe5,0xaa,0x8f,0xb2,0xab,0x63,0xd0,0xdd,0xe2,0x9,0x55,0x8c,0x9f,0x12,0xbb,0x67,0xd0,0xed,0x54,0xd7,0x9d,0x57,0xf0,0xe6,0xb3,0xee,0x5d,0xb9,0x67,0x50,0x2,0x8e,0xcc,0x1d,0xa8,0xb4,0x19,0x3f,0x64,0x41,0x27,0xeb,0xc9,0x90,0xe0,0x13,0xc5,0x61,0x33,0x94,0xd0,0,0xfa,0x40,0x8f,0xc9,0x20,0xf5,0x6c,0x48,0x80,0xf9,0xb9,0x1f,0x3,0x21,0x7e,0x7c,0x10,0x7e,0xc8,0xa,0x7c,0xb5,0x61,0x19,0x5a,0x18,0x60,0x56,0xda,0xb0,0x23,0x54,0x9e,0x73,0x8f,0x18,0x6d,0xfd,0xe6,0xbe,0xd3,0xac,0x33,0x5e,0xb4,0x20,0x52,0,0xc2,0x1d,0xea,0x49,0x7f,0x62,0x9e,0x3d,0x9b,0xbf,0xeb,0xaf,0xd4,0x55,0xe4,0x2e,0x84,0xe1,0xaf,0x3,0x43,0x19,0x2e,0x14,0xa2,0xde,0x24,0x10,0xdb,0xbf,0x61,0x80,0xcc,0x26,0x72,0x9a,0x58,0x35,0x4a,0xf3,0x4f,0xa9,0x4d,0x4c,0x22,0xa5,0x7a,0xd8,0xa4,0x86,0x83,0x5c,0xff,0xab,0x77,0x15,0xa6,0x10,0xd6,0x14,0x57,0x54,0x58,0x3a,0x28,0x28,0xbc,0x96,0x55,0xda,0x40,0xc7,0xaa,0xe3,0xe8,0xc2,0x32,0xc8,0x1e,0x92,0x93,0xd6,0x6c,0x6a,0xa0,0x38,0xc1,0x6e,0x59,0xe9,0x8d,0xb,0x7f,0x8d,0xb3,0x11,0x66,0x24,0x84,0x3e,0x94,0xaa,0x23,0xcc,0x41,0xe6,0x76,0xb4,0x13,0xcc,0xdf,0xa4,0xe6,0x90,0xc6,0x58,0x99,0x7e,0xa8,0x54,0xbb,0xc6,0x51,0x1,0xcc,0xb1,0x4f,0x7c,0x43,0xc6,0xd9,0xc2,0xeb,0xae,0x91,0x52,0x9d,0xda,0x5f,0xd1,0x7a,0x98,0x2c,0xb1,0xdc,0xa5,0xf7,0x4c,0x73,0xc6,0xd,0x42,0xa5,0x14,0x2b,0xcf,0xc9,0x5b,0xc8,0x12,0x90,0x3f,0xa4,0xd8,0xfc,0x73,0xc6,0x42,0xce,0xd2,0xbb,0x6e,0x16,0xd2,0xe8,0xd8,0x14,0xc6,0xa0,0x1b,0x1d,0x39,0xe,0x3a,0xfc,0x3f,0xf6,0x4f,0xa2,0x73,0x31,0x8b,0xc7,0xb,0x9b,0xc,0x1d,0xcc,0x4f,0x7e,0x78,0xfe,0x54,0x68,0x4a,0x8c,0xf7,0x7e,0xc9,0x7c,0x97,0x90,0x6d,0x95,0xaf,0x7f,0x93,0xd3,0x88,0xc4,0x96,0xc7,0x57,0x45,0xc4,0x6b,0x83,0x81,0x81,0xaf,0x33,0x51,0x40,0x6f,0x2f,0x34,0x1c,0x42,0xb0,0x9e,0x51,0x35,0x7b,0x20,0x4a,0xa0,0x7b,0x35,0xd8,0x26,0xff,0x9a,0x1f,0x92,0x20,0x14,0x12,0x4f,0x88,0x6c,0x48,0x9f,0xad,0x1b,0xbb,0x8b,0xbe,0x63,0x33,0x46,0x7c,0xc7,0x5a,0x16,0x7a,0x21,0xd5,0x3b,0x2e,0xee,0x57,0xe3,0x53,0x62,0xa6,0x73,0x44,0x88,0x17,0xd3,0x47,0x1f,0xd7,0xa0,0x41,0xfd,0x62,0xd6,0x28,0x9d,0x8c,0x4e,0xe3,0x5b,0xaf,0x53,0x36,0xf6,0xfc,0x63,0x28,0xbb,0x15,0x12,0x7d,0xe6,0xa2,0xd,0xa,0xfa,0x4b,0x9e,0x12,0x12,0xd0,0xb2,0xbd,0x74,0xc2,0x26,0x61,0x43,0xd,0xa,0x8b,0x75,0x81,0xcb,0x3,0x36,0x8a,0x45,0xe4,0xb2,0xc0,0x4a,0x3e,0xb5,0xc9,0xab,0x3d,0xe0,0x2d,0x4,0x93,0xf4,0xa0,0x39,0xf5,0xd5,0x1d,0xd7,0x7d,0x67,0x78,0x5e,0xd4,0x4f,0x13,0x81,0x10,0x5d,0x98,0xb5,0x9a,0xce,0xeb,0xad,0xf9,0xcc,0x6b,0x38,0xd3,0x88,0xe3,0x36,0x40,0x63,0x39,0x52,0x1b,0x4c,0x74,0xad,0x94,0x4b,0x11,0xa5,0x32,0x1f,0xee,0x58,0xf3,0x21,0xb9,0xca,0x7c,0x80,0x50,0x8,0x3c,0xb,0xc9,0x90,0x2e,0xc,0x86,0xb4,0xc4,0x5f,0x4e,0x45,0xdb,0xc5,0x22,0xcf,0x83,0x19,0xf2,0xc8,0x67,0x1f,0xef,0x68,0x70,0x2b,0x56,0x57,0x5d,0x59,0xdd,0x16,0xf8,0xa,0x76,0x15,0xa7,0x2a,0x79,0x39,0x36,0xb1,0xcb,0x9a,0x29,0x4,0x18,0x53,0xef,0x20,0x1a,0x45,0xd3,0x37,0x6c,0x23,0x7f,0xc,0x5d,0x8d,0x2e,0xad,0x3,0xe4,0xa6,0x39,0x42,0xb6,0x70,0x4,0x6b,0x2,0x13,0xb9,0xf9,0x25,0xf4,0x2e,0xcb,0x77,0x6c,0xf7,0xf7,0xf2,0x7e,0xa5,0xef,0x98,0x7c,0xaa,0x92,0x89,0xf2,0xc0,0x29,0xa5,0xe2,0xf3,0x4,0x69,0xaf,0x7f,0x71,0x9,0xc1,0x98,0x79,0x21,0x62,0,0x64,0xda,0x37,0xb1,0xca,0xe9,0x74,0x7c,0xf4,0xb4,0x81,0x9,0x58,0x2a,0xeb,0x15,0x4e,0x2c,0x54,0x61])",/home/chris/Toward-verification-of-QUIC-extensions/installer/TVOQE/results/errors/client/local/quant-client-2/temp/186/quic_client_test_stream0.iev,0.0,0.0
1318," /home/chris/TVOQE_UPGRADE_27/quic/quant/Debug/bin/client -c false -r 20 -l /home/chris/secret.log -q /home/chris/qlog_quant -t 3600 -v 5 -e 0xff00001d https://localhost:4443/index.html
",client,quic_client_test_limit_max_error0,,"ivy_return_code(1)+assumption_failed(""quic_client_test_limit_max_error.ivy: line 504"")",/home/chris/Toward-verification-of-QUIC-extensions/installer/TVOQE/results/errors/client/local/quant-client-2/temp/1247/quic_client_test_limit_max_error0.iev,0.0,0.0
1319," /home/chris/TVOQE_UPGRADE_27/quic/quant/Debug/bin/client -c false -r 20 -l /home/chris/secret.log -q /home/chris/qlog_quant -t 3600 -v 5 -e 0xff00001d https://localhost:4443/index.html
",client,quic_client_test_blocked_streams_maxstream_error0,,"ivy_return_code(1)+assumption_failed(""quic_client_test_blocked_streams_maxstream_error.ivy: line 283"")",/home/chris/Toward-verification-of-QUIC-extensions/installer/TVOQE/results/errors/client/local/quant-client-2/temp/694/quic_client_test_blocked_streams_maxstream_error0.iev,0.0,0.0
1320," /home/chris/TVOQE_UPGRADE_27/quic/quant/Debug/bin/client -c false -r 20 -l /home/chris/secret.log -q /home/chris/qlog_quant -t 3600 -v 5 -e 0xff00001d https://localhost:4443/index.html
",client,quic_client_test_double_tp_error0,,server_return_code(1)+ivy_return_code(1),/home/chris/Toward-verification-of-QUIC-extensions/installer/TVOQE/results/errors/client/local/quant-client-2/temp/453/quic_client_test_double_tp_error0.iev,0.0,0.0
1321," /home/chris/TVOQE_UPGRADE_27/quic/quant/Debug/bin/client -c false -r 20 -l /home/chris/secret.log -q /home/chris/qlog_quant -t 3600 -v 5 -e 0xff00001d https://localhost:4443/index.html
",client,quic_client_test_double_tp_error0,,"ivy_return_code(1)+assumption_failed(""quic_client_test_double_tp_error.ivy: line 502"")",/home/chris/Toward-verification-of-QUIC-extensions/installer/TVOQE/results/errors/client/local/quant-client-2/temp/441/quic_client_test_double_tp_error0.iev,0.0,0.0
1322," /home/chris/TVOQE_UPGRADE_27/quic/quant/Debug/bin/client -c false -r 20 -l /home/chris/secret.log -q /home/chris/qlog_quant -t 3600 -v 5 -e 0xff00001d https://localhost:4443/index.html
",client,quic_client_test_max0,,,/home/chris/Toward-verification-of-QUIC-extensions/installer/TVOQE/results/errors/client/local/quant-client-2/temp/19/quic_client_test_max0.iev,0.0,1.0
1323," /home/chris/TVOQE_UPGRADE_27/quic/quant/Debug/bin/client -c false -r 20 -l /home/chris/secret.log -q /home/chris/qlog_quant -t 3600 -v 5 -e 0xff00001d https://localhost:4443/index.html
",client,quic_client_test_double_tp_error0,,server_return_code(1)+ivy_return_code(1),/home/chris/Toward-verification-of-QUIC-extensions/installer/TVOQE/results/errors/client/local/quant-client-2/temp/434/quic_client_test_double_tp_error0.iev,0.0,0.0
1324," /home/chris/TVOQE_UPGRADE_27/quic/quant/Debug/bin/client -c false -r 20 -l /home/chris/secret.log -q /home/chris/qlog_quant -t 3600 -v 5 -e 0xff00001d https://localhost:4443/index.html
",client,quic_client_test_accept_maxdata0,,,/home/chris/Toward-verification-of-QUIC-extensions/installer/TVOQE/results/errors/client/local/quant-client-2/temp/883/quic_client_test_accept_maxdata0.iev,0.0,1.0
1325," /home/chris/TVOQE_UPGRADE_27/quic/quant/Debug/bin/client -c false -r 20 -l /home/chris/secret.log -q /home/chris/qlog_quant -t 3600 -v 5 -e 0xff00001d https://localhost:4443/index.html
",client,quic_client_test_ext_min_ack_delay0,,,/home/chris/Toward-verification-of-QUIC-extensions/installer/TVOQE/results/errors/client/local/quant-client-2/temp/283/quic_client_test_ext_min_ack_delay0.iev,0.0,1.0
1326," /home/chris/TVOQE_UPGRADE_27/quic/quant/Debug/bin/client -c false -r 20 -l /home/chris/secret.log -q /home/chris/qlog_quant -t 3600 -v 5 -e 0xff00001d https://localhost:4443/index.html
",client,quic_client_test_max0,,"ivy_return_code(1)+assumption_failed(""quic_client_test.ivy: line 310"")",/home/chris/Toward-verification-of-QUIC-extensions/installer/TVOQE/results/errors/client/local/quant-client-2/temp/75/quic_client_test_max0.iev,0.0,0.0
1327," /home/chris/TVOQE_UPGRADE_27/quic/quant/Debug/bin/client -c false -r 20 -l /home/chris/secret.log -q /home/chris/qlog_quant -t 3600 -v 5 -e 0xff00001d https://localhost:4443/index.html
",client,quic_client_test_tp_acticoid_error0,,,/home/chris/Toward-verification-of-QUIC-extensions/installer/TVOQE/results/errors/client/local/quant-client-2/temp/556/quic_client_test_tp_acticoid_error0.iev,0.0,1.0
1328," /home/chris/TVOQE_UPGRADE_27/quic/quant/Debug/bin/client -c false -r 20 -l /home/chris/secret.log -q /home/chris/qlog_quant -t 3600 -v 5 -e 0xff00001d https://localhost:4443/index.html
",client,quic_client_test_double_tp_error0,,"ivy_return_code(1)+assumption_failed(""quic_client_test_double_tp_error.ivy: line 502"")",/home/chris/Toward-verification-of-QUIC-extensions/installer/TVOQE/results/errors/client/local/quant-client-2/temp/428/quic_client_test_double_tp_error0.iev,0.0,0.0
1329," /home/chris/TVOQE_UPGRADE_27/quic/quant/Debug/bin/client -c false -r 20 -l /home/chris/secret.log -q /home/chris/qlog_quant -t 3600 -v 5 -e 0xff00001d https://localhost:4443/index.html
",client,quic_client_test_tp_unkown0,,"ivy_return_code(1)+assumption_failed(""quic_client_test_tp_unkown.ivy: line 515"")",/home/chris/Toward-verification-of-QUIC-extensions/installer/TVOQE/results/errors/client/local/quant-client-2/temp/1191/quic_client_test_tp_unkown0.iev,0.0,0.0
1330," /home/chris/TVOQE_UPGRADE_27/quic/quant/Debug/bin/client -c false -r 20 -l /home/chris/secret.log -q /home/chris/qlog_quant -t 3600 -v 5 -e 0xff00001d https://localhost:4443/index.html
",client,quic_client_test_double_tp_error0,,"ivy_return_code(1)+assumption_failed(""quic_client_test_double_tp_error.ivy: line 502"")",/home/chris/Toward-verification-of-QUIC-extensions/installer/TVOQE/results/errors/client/local/quant-client-2/temp/438/quic_client_test_double_tp_error0.iev,0.0,0.0
1331," /home/chris/TVOQE_UPGRADE_27/quic/quant/Debug/bin/client -c false -r 20 -l /home/chris/secret.log -q /home/chris/qlog_quant -t 3600 -v 5 -e 0xff00001d https://localhost:4443/index.html
",client,quic_client_test_accept_maxdata0,,"ivy_return_code(1)+assumption_failed(""quic_client_test.ivy: line 310"")",/home/chris/Toward-verification-of-QUIC-extensions/installer/TVOQE/results/errors/client/local/quant-client-2/temp/800/quic_client_test_accept_maxdata0.iev,0.0,0.0
1332," /home/chris/TVOQE_UPGRADE_27/quic/quant/Debug/bin/client -c false -r 20 -l /home/chris/secret.log -q /home/chris/qlog_quant -t 3600 -v 5 -e 0xff00001d https://localhost:4443/index.html
",client,quic_client_test_max0,,"ivy_return_code(1)+assumption_failed(""quic_client_test.ivy: line 310"")",/home/chris/Toward-verification-of-QUIC-extensions/installer/TVOQE/results/errors/client/local/quant-client-2/temp/2/quic_client_test_max0.iev,0.0,0.0
1333," /home/chris/TVOQE_UPGRADE_27/quic/quant/Debug/bin/client -c false -r 20 -l /home/chris/secret.log -q /home/chris/qlog_quant -t 3600 -v 5 -e 0xff00001d https://localhost:4443/index.html
",client,quic_client_test_max0,,,/home/chris/Toward-verification-of-QUIC-extensions/installer/TVOQE/results/errors/client/local/quant-client-2/temp/10/quic_client_test_max0.iev,0.0,1.0
1334," /home/chris/TVOQE_UPGRADE_27/quic/quant/Debug/bin/client -c false -r 20 -l /home/chris/secret.log -q /home/chris/qlog_quant -t 3600 -v 5 -e 0xff00001d https://localhost:4443/index.html
",client,quic_client_test_max0,,"ivy_return_code(1)+assumption_failed(""quic_client_test.ivy: line 310"")",/home/chris/Toward-verification-of-QUIC-extensions/installer/TVOQE/results/errors/client/local/quant-client-2/temp/11/quic_client_test_max0.iev,0.0,0.0
1335," /home/chris/TVOQE_UPGRADE_27/quic/quant/Debug/bin/client -c false -r 20 -l /home/chris/secret.log -q /home/chris/qlog_quant -t 3600 -v 5 -e 0xff00001d https://localhost:4443/index.html
",client,quic_client_test_blocked_streams_maxstream_error0,,"ivy_return_code(1)+assumption_failed(""quic_client_test_blocked_streams_maxstream_error.ivy: line 283"")",/home/chris/Toward-verification-of-QUIC-extensions/installer/TVOQE/results/errors/client/local/quant-client-2/temp/629/quic_client_test_blocked_streams_maxstream_error0.iev,0.0,0.0
1336," /home/chris/TVOQE_UPGRADE_27/quic/quant/Debug/bin/client -c false -r 20 -l /home/chris/secret.log -q /home/chris/qlog_quant -t 3600 -v 5 -e 0xff00001d https://localhost:4443/index.html
",client,quic_client_test_tp_prefadd_error0,,"ivy_return_code(1)+assumption_failed(""quic_client_test_tp_prefadd_error.ivy: line 518"")",/home/chris/Toward-verification-of-QUIC-extensions/installer/TVOQE/results/errors/client/local/quant-client-2/temp/927/quic_client_test_tp_prefadd_error0.iev,0.0,0.0
1337," /home/chris/TVOQE_UPGRADE_27/quic/quant/Debug/bin/client -c false -r 20 -l /home/chris/secret.log -q /home/chris/qlog_quant -t 3600 -v 5 -e 0xff00001d https://localhost:4443/index.html
",client,quic_client_test_blocked_streams_maxstream_error0,,"ivy_return_code(1)+assumption_failed(""quic_client_test_blocked_streams_maxstream_error.ivy: line 283"")",/home/chris/Toward-verification-of-QUIC-extensions/installer/TVOQE/results/errors/client/local/quant-client-2/temp/642/quic_client_test_blocked_streams_maxstream_error0.iev,0.0,0.0
1338," /home/chris/TVOQE_UPGRADE_27/quic/quant/Debug/bin/client -c false -r 20 -l /home/chris/secret.log -q /home/chris/qlog_quant -t 3600 -v 5 -e 0xff00001d https://localhost:4443/index.html
",client,quic_client_test_unkown0,,server_return_code(1)+ivy_return_code(1),/home/chris/Toward-verification-of-QUIC-extensions/installer/TVOQE/results/errors/client/local/quant-client-2/temp/1072/quic_client_test_unkown0.iev,0.0,0.0
1339," /home/chris/TVOQE_UPGRADE_27/quic/quant/Debug/bin/client -c false -r 20 -l /home/chris/secret.log -q /home/chris/qlog_quant -t 3600 -v 5 -e 0xff00001d https://localhost:4443/index.html
",client,quic_client_test_retirecoid_error0,,"ivy_return_code(1)+assumption_failed(""quic_client_test_retirecoid_error.ivy: line 276"")",/home/chris/Toward-verification-of-QUIC-extensions/installer/TVOQE/results/errors/client/local/quant-client-2/temp/783/quic_client_test_retirecoid_error0.iev,0.0,0.0
1340," /home/chris/TVOQE_UPGRADE_27/quic/quant/Debug/bin/client -c false -r 20 -l /home/chris/secret.log -q /home/chris/qlog_quant -t 3600 -v 5 -e 0xff00001d https://localhost:4443/index.html
",client,quic_client_test_stream0,,timeout+sending id: server addr: 2130706433 port: 60846,/home/chris/Toward-verification-of-QUIC-extensions/installer/TVOQE/results/errors/client/local/quant-client-2/temp/155/quic_client_test_stream0.iev,0.0,0.0
1341," /home/chris/TVOQE_UPGRADE_27/quic/quant/Debug/bin/client -c false -r 20 -l /home/chris/secret.log -q /home/chris/qlog_quant -t 3600 -v 5 -e 0xff00001d https://localhost:4443/index.html
",client,quic_client_test_tp_prefadd_error0,,server_return_code(1)+ivy_return_code(1),/home/chris/Toward-verification-of-QUIC-extensions/installer/TVOQE/results/errors/client/local/quant-client-2/temp/973/quic_client_test_tp_prefadd_error0.iev,0.0,0.0
1342," /home/chris/TVOQE_UPGRADE_27/quic/quant/Debug/bin/client -c false -r 20 -l /home/chris/secret.log -q /home/chris/qlog_quant -t 3600 -v 5 -e 0xff00001d https://localhost:4443/index.html
",client,quic_client_test_tp_acticoid_error0,,,/home/chris/Toward-verification-of-QUIC-extensions/installer/TVOQE/results/errors/client/local/quant-client-2/temp/505/quic_client_test_tp_acticoid_error0.iev,0.0,1.0
1343," /home/chris/TVOQE_UPGRADE_27/quic/quant/Debug/bin/client -c false -r 20 -l /home/chris/secret.log -q /home/chris/qlog_quant -t 3600 -v 5 -e 0xff00001d https://localhost:4443/index.html
",client,quic_client_test_ext_min_ack_delay0,,,/home/chris/Toward-verification-of-QUIC-extensions/installer/TVOQE/results/errors/client/local/quant-client-2/temp/247/quic_client_test_ext_min_ack_delay0.iev,0.0,1.0
1344," /home/chris/TVOQE_UPGRADE_27/quic/quant/Debug/bin/client -c false -r 20 -l /home/chris/secret.log -q /home/chris/qlog_quant -t 3600 -v 5 -e 0xff00001d https://localhost:4443/index.html
",client,quic_client_test_tp_acticoid_error0,,,/home/chris/Toward-verification-of-QUIC-extensions/installer/TVOQE/results/errors/client/local/quant-client-2/temp/545/quic_client_test_tp_acticoid_error0.iev,0.0,1.0
1345," /home/chris/TVOQE_UPGRADE_27/quic/quant/Debug/bin/client -c false -r 20 -l /home/chris/secret.log -q /home/chris/qlog_quant -t 3600 -v 5 -e 0xff00001d https://localhost:4443/index.html
",client,quic_client_test_blocked_streams_maxstream_error0,,"ivy_return_code(1)+assumption_failed(""quic_client_test_blocked_streams_maxstream_error.ivy: line 283"")",/home/chris/Toward-verification-of-QUIC-extensions/installer/TVOQE/results/errors/client/local/quant-client-2/temp/626/quic_client_test_blocked_streams_maxstream_error0.iev,0.0,0.0
1346," /home/chris/TVOQE_UPGRADE_27/quic/quant/Debug/bin/client -c false -r 20 -l /home/chris/secret.log -q /home/chris/qlog_quant -t 3600 -v 5 -e 0xff00001d https://localhost:4443/index.html
",client,quic_client_test_accept_maxdata0,,"ivy_return_code(1)+assumption_failed(""quic_client_test.ivy: line 310"")",/home/chris/Toward-verification-of-QUIC-extensions/installer/TVOQE/results/errors/client/local/quant-client-2/temp/886/quic_client_test_accept_maxdata0.iev,0.0,0.0
1347," /home/chris/TVOQE_UPGRADE_27/quic/quant/Debug/bin/client -c false -r 20 -l /home/chris/secret.log -q /home/chris/qlog_quant -t 3600 -v 5 -e 0xff00001d https://localhost:4443/index.html
",client,quic_client_test_unkown0,,server_return_code(1)+ivy_return_code(1),/home/chris/Toward-verification-of-QUIC-extensions/installer/TVOQE/results/errors/client/local/quant-client-2/temp/1062/quic_client_test_unkown0.iev,0.0,0.0
1348," /home/chris/TVOQE_UPGRADE_27/quic/quant/Debug/bin/client -c false -r 20 -l /home/chris/secret.log -q /home/chris/qlog_quant -t 3600 -v 5 -e 0xff00001d https://localhost:4443/index.html
",client,quic_client_test_tp_unkown0,,"ivy_return_code(1)+assumption_failed(""quic_client_test_tp_unkown.ivy: line 515"")",/home/chris/Toward-verification-of-QUIC-extensions/installer/TVOQE/results/errors/client/local/quant-client-2/temp/1106/quic_client_test_tp_unkown0.iev,0.0,0.0
1349," /home/chris/TVOQE_UPGRADE_27/quic/quant/Debug/bin/client -c false -r 20 -l /home/chris/secret.log -q /home/chris/qlog_quant -t 3600 -v 5 -e 0xff00001d https://localhost:4443/index.html
",client,quic_client_test_tp_prefadd_error0,,server_return_code(1)+ivy_return_code(1),/home/chris/Toward-verification-of-QUIC-extensions/installer/TVOQE/results/errors/client/local/quant-client-2/temp/957/quic_client_test_tp_prefadd_error0.iev,0.0,0.0
1350," /home/chris/TVOQE_UPGRADE_27/quic/quant/Debug/bin/client -c false -r 20 -l /home/chris/secret.log -q /home/chris/qlog_quant -t 3600 -v 5 -e 0xff00001d https://localhost:4443/index.html
",client,quic_client_test_max0,,"ivy_return_code(1)+assumption_failed(""quic_client_test.ivy: line 310"")",/home/chris/Toward-verification-of-QUIC-extensions/installer/TVOQE/results/errors/client/local/quant-client-2/temp/91/quic_client_test_max0.iev,0.0,0.0
1351," /home/chris/TVOQE_UPGRADE_27/quic/quant/Debug/bin/client -c false -r 20 -l /home/chris/secret.log -q /home/chris/qlog_quant -t 3600 -v 5 -e 0xff00001d https://localhost:4443/index.html
",client,quic_client_test_tp_unkown0,,,/home/chris/Toward-verification-of-QUIC-extensions/installer/TVOQE/results/errors/client/local/quant-client-2/temp/1142/quic_client_test_tp_unkown0.iev,0.0,1.0
1352," /home/chris/TVOQE_UPGRADE_27/quic/quant/Debug/bin/client -c false -r 20 -l /home/chris/secret.log -q /home/chris/qlog_quant -t 3600 -v 5 -e 0xff00001d https://localhost:4443/index.html
",client,quic_client_test_max0,,"ivy_return_code(1)+assumption_failed(""/usr/local/lib/python2.7/dist-packages/ivy/include/1.7/quic_packet.ivy: line 377"")",/home/chris/Toward-verification-of-QUIC-extensions/installer/TVOQE/results/errors/client/local/quant-client-2/temp/52/quic_client_test_max0.iev,0.0,0.0
1353," /home/chris/TVOQE_UPGRADE_27/quic/quant/Debug/bin/client -c false -r 20 -l /home/chris/secret.log -q /home/chris/qlog_quant -t 3600 -v 5 -e 0xff00001d https://localhost:4443/index.html
",client,quic_client_test_limit_max_error0,,"ivy_return_code(1)+assumption_failed(""quic_client_test_limit_max_error.ivy: line 504"")",/home/chris/Toward-verification-of-QUIC-extensions/installer/TVOQE/results/errors/client/local/quant-client-2/temp/1222/quic_client_test_limit_max_error0.iev,0.0,0.0
1354," /home/chris/TVOQE_UPGRADE_27/quic/quant/Debug/bin/client -c false -r 20 -l /home/chris/secret.log -q /home/chris/qlog_quant -t 3600 -v 5 -e 0xff00001d https://localhost:4443/index.html
",client,quic_client_test_tp_acticoid_error0,,"ivy_return_code(1)+assumption_failed(""quic_client_test_tp_acticoid_error.ivy: line 515"")",/home/chris/Toward-verification-of-QUIC-extensions/installer/TVOQE/results/errors/client/local/quant-client-2/temp/540/quic_client_test_tp_acticoid_error0.iev,0.0,0.0
1355," /home/chris/TVOQE_UPGRADE_27/quic/quant/Debug/bin/client -c false -r 20 -l /home/chris/secret.log -q /home/chris/qlog_quant -t 3600 -v 5 -e 0xff00001d https://localhost:4443/index.html
",client,quic_client_test_double_tp_error0,,"ivy_return_code(1)+assumption_failed(""quic_client_test_double_tp_error.ivy: line 502"")",/home/chris/Toward-verification-of-QUIC-extensions/installer/TVOQE/results/errors/client/local/quant-client-2/temp/489/quic_client_test_double_tp_error0.iev,0.0,0.0
1356," /home/chris/TVOQE_UPGRADE_27/quic/quant/Debug/bin/client -c false -r 20 -l /home/chris/secret.log -q /home/chris/qlog_quant -t 3600 -v 5 -e 0xff00001d https://localhost:4443/index.html
",client,quic_client_test_new_token_error0,,server_return_code(1)+ivy_return_code(1),/home/chris/Toward-verification-of-QUIC-extensions/installer/TVOQE/results/errors/client/local/quant-client-2/temp/1391/quic_client_test_new_token_error0.iev,0.0,0.0
1357," /home/chris/TVOQE_UPGRADE_27/quic/quant/Debug/bin/client -c false -r 20 -l /home/chris/secret.log -q /home/chris/qlog_quant -t 3600 -v 5 -e 0xff00001d https://localhost:4443/index.html
",client,quic_client_test_tp_unkown0,,"ivy_return_code(1)+assumption_failed(""quic_client_test_tp_unkown.ivy: line 515"")",/home/chris/Toward-verification-of-QUIC-extensions/installer/TVOQE/results/errors/client/local/quant-client-2/temp/1129/quic_client_test_tp_unkown0.iev,0.0,0.0
1358," /home/chris/TVOQE_UPGRADE_27/quic/quant/Debug/bin/client -c false -r 20 -l /home/chris/secret.log -q /home/chris/qlog_quant -t 3600 -v 5 -e 0xff00001d https://localhost:4443/index.html
",client,quic_client_test_blocked_streams_maxstream_error0,,"ivy_return_code(1)+assumption_failed(""quic_client_test_blocked_streams_maxstream_error.ivy: line 283"")",/home/chris/Toward-verification-of-QUIC-extensions/installer/TVOQE/results/errors/client/local/quant-client-2/temp/639/quic_client_test_blocked_streams_maxstream_error0.iev,0.0,0.0
1359," /home/chris/TVOQE_UPGRADE_27/quic/quant/Debug/bin/client -c false -r 20 -l /home/chris/secret.log -q /home/chris/qlog_quant -t 3600 -v 5 -e 0xff00001d https://localhost:4443/index.html
",client,quic_client_test_blocked_streams_maxstream_error0,,"ivy_return_code(1)+assumption_failed(""quic_client_test_blocked_streams_maxstream_error.ivy: line 283"")",/home/chris/Toward-verification-of-QUIC-extensions/installer/TVOQE/results/errors/client/local/quant-client-2/temp/625/quic_client_test_blocked_streams_maxstream_error0.iev,0.0,0.0
1360," /home/chris/TVOQE_UPGRADE_27/quic/quant/Debug/bin/client -c false -r 20 -l /home/chris/secret.log -q /home/chris/qlog_quant -t 3600 -v 5 -e 0xff00001d https://localhost:4443/index.html
",client,quic_client_test_new_token_error0,,ivy_return_code(134)+ivy_binary_deser_128 getn deser_err,/home/chris/Toward-verification-of-QUIC-extensions/installer/TVOQE/results/errors/client/local/quant-client-2/temp/1330/quic_client_test_new_token_error0.iev,0.0,0.0
1361," /home/chris/TVOQE_UPGRADE_27/quic/quant/Debug/bin/client -c false -r 20 -l /home/chris/secret.log -q /home/chris/qlog_quant -t 3600 -v 5 -e 0xff00001d https://localhost:4443/index.html
",client,quic_client_test_tp_error0,,server_return_code(1)+timeout,/home/chris/Toward-verification-of-QUIC-extensions/installer/TVOQE/results/errors/client/local/quant-client-2/temp/316/quic_client_test_tp_error0.iev,0.0,0.0
1362," /home/chris/TVOQE_UPGRADE_27/quic/quant/Debug/bin/client -c false -r 20 -l /home/chris/secret.log -q /home/chris/qlog_quant -t 3600 -v 5 -e 0xff00001d https://localhost:4443/index.html
",client,quic_client_test_max0,,,/home/chris/Toward-verification-of-QUIC-extensions/installer/TVOQE/results/errors/client/local/quant-client-2/temp/51/quic_client_test_max0.iev,0.0,1.0
1363," /home/chris/TVOQE_UPGRADE_27/quic/quant/Debug/bin/client -c false -r 20 -l /home/chris/secret.log -q /home/chris/qlog_quant -t 3600 -v 5 -e 0xff00001d https://localhost:4443/index.html
",client,quic_client_test_stream0,,timeout+sending id: server addr: 2130706433 port: 44895,/home/chris/Toward-verification-of-QUIC-extensions/installer/TVOQE/results/errors/client/local/quant-client-2/temp/191/quic_client_test_stream0.iev,0.0,0.0
1364," /home/chris/TVOQE_UPGRADE_27/quic/quant/Debug/bin/client -c false -r 20 -l /home/chris/secret.log -q /home/chris/qlog_quant -t 3600 -v 5 -e 0xff00001d https://localhost:4443/index.html
",client,quic_client_test_new_token_error0,,"ivy_return_code(1)+assumption_failed(""quic_client_test_new_token_error.ivy: line 517"")",/home/chris/Toward-verification-of-QUIC-extensions/installer/TVOQE/results/errors/client/local/quant-client-2/temp/1327/quic_client_test_new_token_error0.iev,0.0,0.0
1365," /home/chris/TVOQE_UPGRADE_27/quic/quant/Debug/bin/client -c false -r 20 -l /home/chris/secret.log -q /home/chris/qlog_quant -t 3600 -v 5 -e 0xff00001d https://localhost:4443/index.html
",client,quic_client_test_retirecoid_error0,,"ivy_return_code(1)+assumption_failed(""quic_client_test_retirecoid_error.ivy: line 276"")",/home/chris/Toward-verification-of-QUIC-extensions/installer/TVOQE/results/errors/client/local/quant-client-2/temp/793/quic_client_test_retirecoid_error0.iev,0.0,0.0
1366," /home/chris/TVOQE_UPGRADE_27/quic/quant/Debug/bin/client -c false -r 20 -l /home/chris/secret.log -q /home/chris/qlog_quant -t 3600 -v 5 -e 0xff00001d https://localhost:4443/index.html
",client,quic_client_test_tp_unkown0,,,/home/chris/Toward-verification-of-QUIC-extensions/installer/TVOQE/results/errors/client/local/quant-client-2/temp/1147/quic_client_test_tp_unkown0.iev,0.0,1.0
1367," /home/chris/TVOQE_UPGRADE_27/quic/quant/Debug/bin/client -c false -r 20 -l /home/chris/secret.log -q /home/chris/qlog_quant -t 3600 -v 5 -e 0xff00001d https://localhost:4443/index.html
",client,quic_client_test_new_token_error0,,"ivy_return_code(1)+assumption_failed(""quic_client_test_new_token_error.ivy: line 390"")",/home/chris/Toward-verification-of-QUIC-extensions/installer/TVOQE/results/errors/client/local/quant-client-2/temp/1368/quic_client_test_new_token_error0.iev,0.0,0.0
1368," /home/chris/TVOQE_UPGRADE_27/quic/quant/Debug/bin/client -c false -r 20 -l /home/chris/secret.log -q /home/chris/qlog_quant -t 3600 -v 5 -e 0xff00001d https://localhost:4443/index.html
",client,quic_client_test_max0,,,/home/chris/Toward-verification-of-QUIC-extensions/installer/TVOQE/results/errors/client/local/quant-client-2/temp/23/quic_client_test_max0.iev,0.0,1.0
1369," /home/chris/TVOQE_UPGRADE_27/quic/quant/Debug/bin/client -c false -r 20 -l /home/chris/secret.log -q /home/chris/qlog_quant -t 3600 -v 5 -e 0xff00001d https://localhost:4443/index.html
",client,quic_client_test_tp_unkown0,,,/home/chris/Toward-verification-of-QUIC-extensions/installer/TVOQE/results/errors/client/local/quant-client-2/temp/1190/quic_client_test_tp_unkown0.iev,0.0,1.0
1370," /home/chris/TVOQE_UPGRADE_27/quic/quant/Debug/bin/client -c false -r 20 -l /home/chris/secret.log -q /home/chris/qlog_quant -t 3600 -v 5 -e 0xff00001d https://localhost:4443/index.html
",client,quic_client_test_ext_min_ack_delay0,,"ivy_return_code(1)+assumption_failed(""quic_client_test_ext_min_ack_delay.ivy: line 524"")",/home/chris/Toward-verification-of-QUIC-extensions/installer/TVOQE/results/errors/client/local/quant-client-2/temp/288/quic_client_test_ext_min_ack_delay0.iev,0.0,0.0
1371," /home/chris/TVOQE_UPGRADE_27/quic/quant/Debug/bin/client -c false -r 20 -l /home/chris/secret.log -q /home/chris/qlog_quant -t 3600 -v 5 -e 0xff00001d https://localhost:4443/index.html
",client,quic_client_test_blocked_streams_maxstream_error0,,"ivy_return_code(1)+assumption_failed(""quic_client_test_blocked_streams_maxstream_error.ivy: line 283"")",/home/chris/Toward-verification-of-QUIC-extensions/installer/TVOQE/results/errors/client/local/quant-client-2/temp/676/quic_client_test_blocked_streams_maxstream_error0.iev,0.0,0.0
1372," /home/chris/TVOQE_UPGRADE_27/quic/quant/Debug/bin/client -c false -r 20 -l /home/chris/secret.log -q /home/chris/qlog_quant -t 3600 -v 5 -e 0xff00001d https://localhost:4443/index.html
",client,quic_client_test_blocked_streams_maxstream_error0,,"ivy_return_code(1)+assumption_failed(""quic_client_test_blocked_streams_maxstream_error.ivy: line 283"")",/home/chris/Toward-verification-of-QUIC-extensions/installer/TVOQE/results/errors/client/local/quant-client-2/temp/640/quic_client_test_blocked_streams_maxstream_error0.iev,0.0,0.0
1373," /home/chris/TVOQE_UPGRADE_27/quic/quant/Debug/bin/client -c false -r 20 -l /home/chris/secret.log -q /home/chris/qlog_quant -t 3600 -v 5 -e 0xff00001d https://localhost:4443/index.html
",client,quic_client_test_new_token_error0,,"ivy_return_code(1)+assumption_failed(""quic_client_test_new_token_error.ivy: line 517"")",/home/chris/Toward-verification-of-QUIC-extensions/installer/TVOQE/results/errors/client/local/quant-client-2/temp/1374/quic_client_test_new_token_error0.iev,0.0,0.0
1374," /home/chris/TVOQE_UPGRADE_27/quic/quant/Debug/bin/client -c false -r 20 -l /home/chris/secret.log -q /home/chris/qlog_quant -t 3600 -v 5 -e 0xff00001d https://localhost:4443/index.html
",client,quic_client_test_new_token_error0,,server_return_code(1)+ivy_return_code(1),/home/chris/Toward-verification-of-QUIC-extensions/installer/TVOQE/results/errors/client/local/quant-client-2/temp/1362/quic_client_test_new_token_error0.iev,0.0,0.0
1375," /home/chris/TVOQE_UPGRADE_27/quic/quant/Debug/bin/client -c false -r 20 -l /home/chris/secret.log -q /home/chris/qlog_quant -t 3600 -v 5 -e 0xff00001d https://localhost:4443/index.html
",client,quic_client_test_limit_max_error0,,"ivy_return_code(1)+assumption_failed(""quic_client_test_limit_max_error.ivy: line 504"")",/home/chris/Toward-verification-of-QUIC-extensions/installer/TVOQE/results/errors/client/local/quant-client-2/temp/1278/quic_client_test_limit_max_error0.iev,0.0,0.0
1376," /home/chris/TVOQE_UPGRADE_27/quic/quant/Debug/bin/client -c false -r 20 -l /home/chris/secret.log -q /home/chris/qlog_quant -t 3600 -v 5 -e 0xff00001d https://localhost:4443/index.html
",client,quic_client_test_tp_error0,,server_return_code(1)+timeout,/home/chris/Toward-verification-of-QUIC-extensions/installer/TVOQE/results/errors/client/local/quant-client-2/temp/350/quic_client_test_tp_error0.iev,0.0,0.0
1377," /home/chris/TVOQE_UPGRADE_27/quic/quant/Debug/bin/client -c false -r 20 -l /home/chris/secret.log -q /home/chris/qlog_quant -t 3600 -v 5 -e 0xff00001d https://localhost:4443/index.html
",client,quic_client_test_max0,,"ivy_return_code(1)+assumption_failed(""quic_client_test.ivy: line 310"")",/home/chris/Toward-verification-of-QUIC-extensions/installer/TVOQE/results/errors/client/local/quant-client-2/temp/85/quic_client_test_max0.iev,0.0,0.0
1378," /home/chris/TVOQE_UPGRADE_27/quic/quant/Debug/bin/client -c false -r 20 -l /home/chris/secret.log -q /home/chris/qlog_quant -t 3600 -v 5 -e 0xff00001d https://localhost:4443/index.html
",client,quic_client_test_tp_unkown0,,,/home/chris/Toward-verification-of-QUIC-extensions/installer/TVOQE/results/errors/client/local/quant-client-2/temp/1154/quic_client_test_tp_unkown0.iev,0.0,1.0
1379," /home/chris/TVOQE_UPGRADE_27/quic/quant/Debug/bin/client -c false -r 20 -l /home/chris/secret.log -q /home/chris/qlog_quant -t 3600 -v 5 -e 0xff00001d https://localhost:4443/index.html
",client,quic_client_test_tp_error0,,server_return_code(1)+timeout,/home/chris/Toward-verification-of-QUIC-extensions/installer/TVOQE/results/errors/client/local/quant-client-2/temp/308/quic_client_test_tp_error0.iev,0.0,0.0
1380," /home/chris/TVOQE_UPGRADE_27/quic/quant/Debug/bin/client -c false -r 20 -l /home/chris/secret.log -q /home/chris/qlog_quant -t 3600 -v 5 -e 0xff00001d https://localhost:4443/index.html
",client,quic_client_test_double_tp_error0,,server_return_code(1)+ivy_return_code(1),/home/chris/Toward-verification-of-QUIC-extensions/installer/TVOQE/results/errors/client/local/quant-client-2/temp/423/quic_client_test_double_tp_error0.iev,0.0,0.0
1381," /home/chris/TVOQE_UPGRADE_27/quic/quant/Debug/bin/client -c false -r 20 -l /home/chris/secret.log -q /home/chris/qlog_quant -t 3600 -v 5 -e 0xff00001d https://localhost:4443/index.html
",client,quic_client_test_tp_acticoid_error0,,,/home/chris/Toward-verification-of-QUIC-extensions/installer/TVOQE/results/errors/client/local/quant-client-2/temp/500/quic_client_test_tp_acticoid_error0.iev,0.0,1.0
1382," /home/chris/TVOQE_UPGRADE_27/quic/quant/Debug/bin/client -c false -r 20 -l /home/chris/secret.log -q /home/chris/qlog_quant -t 3600 -v 5 -e 0xff00001d https://localhost:4443/index.html
",client,quic_client_test_new_token_error0,,"ivy_return_code(1)+assumption_failed(""quic_client_test_new_token_error.ivy: line 517"")",/home/chris/Toward-verification-of-QUIC-extensions/installer/TVOQE/results/errors/client/local/quant-client-2/temp/1314/quic_client_test_new_token_error0.iev,0.0,0.0
1383," /home/chris/TVOQE_UPGRADE_27/quic/quant/Debug/bin/client -c false -r 20 -l /home/chris/secret.log -q /home/chris/qlog_quant -t 3600 -v 5 -e 0xff00001d https://localhost:4443/index.html
",client,quic_client_test_accept_maxdata0,,"ivy_return_code(1)+assumption_failed(""quic_client_test.ivy: line 310"")",/home/chris/Toward-verification-of-QUIC-extensions/installer/TVOQE/results/errors/client/local/quant-client-2/temp/873/quic_client_test_accept_maxdata0.iev,0.0,0.0
1384," /home/chris/TVOQE_UPGRADE_27/quic/quant/Debug/bin/client -c false -r 20 -l /home/chris/secret.log -q /home/chris/qlog_quant -t 3600 -v 5 -e 0xff00001d https://localhost:4443/index.html
",client,quic_client_test_stream0,,,/home/chris/Toward-verification-of-QUIC-extensions/installer/TVOQE/results/errors/client/local/quant-client-2/temp/128/quic_client_test_stream0.iev,0.0,1.0
1385," /home/chris/TVOQE_UPGRADE_27/quic/quant/Debug/bin/client -c false -r 20 -l /home/chris/secret.log -q /home/chris/qlog_quant -t 3600 -v 5 -e 0xff00001d https://localhost:4443/index.html
",client,quic_client_test_tp_acticoid_error0,,,/home/chris/Toward-verification-of-QUIC-extensions/installer/TVOQE/results/errors/client/local/quant-client-2/temp/546/quic_client_test_tp_acticoid_error0.iev,0.0,1.0
1386," /home/chris/TVOQE_UPGRADE_27/quic/quant/Debug/bin/client -c false -r 20 -l /home/chris/secret.log -q /home/chris/qlog_quant -t 3600 -v 5 -e 0xff00001d https://localhost:4443/index.html
",client,quic_client_test_new_token_error0,,server_return_code(1)+ivy_return_code(1),/home/chris/Toward-verification-of-QUIC-extensions/installer/TVOQE/results/errors/client/local/quant-client-2/temp/1308/quic_client_test_new_token_error0.iev,0.0,0.0
1387," /home/chris/TVOQE_UPGRADE_27/quic/quant/Debug/bin/client -c false -r 20 -l /home/chris/secret.log -q /home/chris/qlog_quant -t 3600 -v 5 -e 0xff00001d https://localhost:4443/index.html
",client,quic_client_test_tp_prefadd_error0,,server_return_code(1)+ivy_return_code(1),/home/chris/Toward-verification-of-QUIC-extensions/installer/TVOQE/results/errors/client/local/quant-client-2/temp/980/quic_client_test_tp_prefadd_error0.iev,0.0,0.0
1388," /home/chris/TVOQE_UPGRADE_27/quic/quant/Debug/bin/client -c false -r 20 -l /home/chris/secret.log -q /home/chris/qlog_quant -t 3600 -v 5 -e 0xff00001d https://localhost:4443/index.html
",client,quic_client_test_double_tp_error0,,"ivy_return_code(1)+assumption_failed(""quic_client_test_double_tp_error.ivy: line 502"")",/home/chris/Toward-verification-of-QUIC-extensions/installer/TVOQE/results/errors/client/local/quant-client-2/temp/436/quic_client_test_double_tp_error0.iev,0.0,0.0
1389," /home/chris/TVOQE_UPGRADE_27/quic/quant/Debug/bin/client -c false -r 20 -l /home/chris/secret.log -q /home/chris/qlog_quant -t 3600 -v 5 -e 0xff00001d https://localhost:4443/index.html
",client,quic_client_test_stream0,,,/home/chris/Toward-verification-of-QUIC-extensions/installer/TVOQE/results/errors/client/local/quant-client-2/temp/122/quic_client_test_stream0.iev,0.0,1.0
1390," /home/chris/TVOQE_UPGRADE_27/quic/quant/Debug/bin/client -c false -r 20 -l /home/chris/secret.log -q /home/chris/qlog_quant -t 3600 -v 5 -e 0xff00001d https://localhost:4443/index.html
",client,quic_client_test_unkown0,,"ivy_return_code(1)+assumption_failed(""quic_client_test_unkown.ivy: line 513"")",/home/chris/Toward-verification-of-QUIC-extensions/installer/TVOQE/results/errors/client/local/quant-client-2/temp/1007/quic_client_test_unkown0.iev,0.0,0.0
1391," /home/chris/TVOQE_UPGRADE_27/quic/quant/Debug/bin/client -c false -r 20 -l /home/chris/secret.log -q /home/chris/qlog_quant -t 3600 -v 5 -e 0xff00001d https://localhost:4443/index.html
",client,quic_client_test_tp_unkown0,,,/home/chris/Toward-verification-of-QUIC-extensions/installer/TVOQE/results/errors/client/local/quant-client-2/temp/1157/quic_client_test_tp_unkown0.iev,0.0,1.0
1392," /home/chris/TVOQE_UPGRADE_27/quic/quant/Debug/bin/client -c false -r 20 -l /home/chris/secret.log -q /home/chris/qlog_quant -t 3600 -v 5 -e 0xff00001d https://localhost:4443/index.html
",client,quic_client_test_accept_maxdata0,,,/home/chris/Toward-verification-of-QUIC-extensions/installer/TVOQE/results/errors/client/local/quant-client-2/temp/828/quic_client_test_accept_maxdata0.iev,0.0,1.0
1393," /home/chris/TVOQE_UPGRADE_27/quic/quant/Debug/bin/client -c false -r 20 -l /home/chris/secret.log -q /home/chris/qlog_quant -t 3600 -v 5 -e 0xff00001d https://localhost:4443/index.html
",client,quic_client_test_tp_unkown0,,,/home/chris/Toward-verification-of-QUIC-extensions/installer/TVOQE/results/errors/client/local/quant-client-2/temp/1105/quic_client_test_tp_unkown0.iev,0.0,1.0
1394," /home/chris/TVOQE_UPGRADE_27/quic/quant/Debug/bin/client -c false -r 20 -l /home/chris/secret.log -q /home/chris/qlog_quant -t 3600 -v 5 -e 0xff00001d https://localhost:4443/index.html
",client,quic_client_test_tp_unkown0,,"ivy_return_code(1)+assumption_failed(""quic_client_test_tp_unkown.ivy: line 515"")",/home/chris/Toward-verification-of-QUIC-extensions/installer/TVOQE/results/errors/client/local/quant-client-2/temp/1162/quic_client_test_tp_unkown0.iev,0.0,0.0
1395," /home/chris/TVOQE_UPGRADE_27/quic/quant/Debug/bin/client -c false -r 20 -l /home/chris/secret.log -q /home/chris/qlog_quant -t 3600 -v 5 -e 0xff00001d https://localhost:4443/index.html
",client,quic_client_test_unkown0,,server_return_code(1)+ivy_return_code(134),/home/chris/Toward-verification-of-QUIC-extensions/installer/TVOQE/results/errors/client/local/quant-client-2/temp/1009/quic_client_test_unkown0.iev,0.0,0.0
1396," /home/chris/TVOQE_UPGRADE_27/quic/quant/Debug/bin/client -c false -r 20 -l /home/chris/secret.log -q /home/chris/qlog_quant -t 3600 -v 5 -e 0xff00001d https://localhost:4443/index.html
",client,quic_client_test_accept_maxdata0,,"ivy_return_code(1)+assumption_failed(""quic_client_test.ivy: line 310"")",/home/chris/Toward-verification-of-QUIC-extensions/installer/TVOQE/results/errors/client/local/quant-client-2/temp/879/quic_client_test_accept_maxdata0.iev,0.0,0.0
1397," /home/chris/TVOQE_UPGRADE_27/quic/quant/Debug/bin/client -c false -r 20 -l /home/chris/secret.log -q /home/chris/qlog_quant -t 3600 -v 5 -e 0xff00001d https://localhost:4443/index.html
",client,quic_client_test_tp_unkown0,,"ivy_return_code(1)+assumption_failed(""quic_client_test_tp_unkown.ivy: line 515"")",/home/chris/Toward-verification-of-QUIC-extensions/installer/TVOQE/results/errors/client/local/quant-client-2/temp/1156/quic_client_test_tp_unkown0.iev,0.0,0.0
1398," /home/chris/TVOQE_UPGRADE_27/quic/quant/Debug/bin/client -c false -r 20 -l /home/chris/secret.log -q /home/chris/qlog_quant -t 3600 -v 5 -e 0xff00001d https://localhost:4443/index.html
",client,quic_client_test_stream0,,timeout+sending id: server addr: 2130706433 port: 40279,/home/chris/Toward-verification-of-QUIC-extensions/installer/TVOQE/results/errors/client/local/quant-client-2/temp/117/quic_client_test_stream0.iev,0.0,0.0
1399," /home/chris/TVOQE_UPGRADE_27/quic/quant/Debug/bin/client -c false -r 20 -l /home/chris/secret.log -q /home/chris/qlog_quant -t 3600 -v 5 -e 0xff00001d https://localhost:4443/index.html
",client,quic_client_test_unkown0,,ivy_return_code(134)+ivy_binary_deser_128 getn deser_err,/home/chris/Toward-verification-of-QUIC-extensions/installer/TVOQE/results/errors/client/local/quant-client-2/temp/1086/quic_client_test_unkown0.iev,0.0,0.0
