Implementation,Mode,TestName,Status,ErrorIEV,OutputFile,NbPktSend,isPass
picoquic,client,quic_client_test_max,,No Error,/results/temp/355/quic_client_test_max0.iev,51.0,1.0
aioquic,client,quic_client_test_max,,No Error,/results/temp/405/quic_client_test_max0.iev,59.0,1.0
aioquic,client,quic_client_test_max,,No Error,/results/temp/406/quic_client_test_max0.iev,64.0,1.0
aioquic,client,quic_client_test_max,,No Error,/results/temp/456/quic_client_test_max0.iev,64.0,1.0
aioquic,client,quic_client_test_max,,No Error,/results/temp/457/quic_client_test_max0.iev,63.0,1.0
quic-go,client,quic_client_test_tp_error,,server_return_code(1)+timeout,/results/temp/544/quic_client_test_tp_error0.iev,6.0,0.0
quic-go,client,quic_client_test_tp_error,,server_return_code(1)+timeout,/results/temp/596/quic_client_test_tp_error0.iev,6.0,0.0
mvfst,client,quic_client_test_tp_error,,Timeout binding ID,/results/temp/646/quic_client_test_tp_error0.iev,1.0,0.0
mvfst,client,quic_client_test_tp_error,,Timeout binding ID,/results/temp/647/quic_client_test_tp_error0.iev,1.0,0.0
mvfst,client,quic_client_test_tp_error,,Timeout binding ID,/results/temp/697/quic_client_test_tp_error0.iev,1.0,0.0
mvfst,client,quic_client_test_tp_error,,Timeout binding ID,/results/temp/698/quic_client_test_tp_error0.iev,1.0,0.0
lsquic,client,quic_client_test_tp_error,,Timeout sending ID,/results/temp/748/quic_client_test_tp_error0.iev,6.0,0.0
lsquic,client,quic_client_test_tp_error,,Timeout sending ID,/results/temp/749/quic_client_test_tp_error0.iev,6.0,0.0
lsquic,client,quic_client_test_tp_error,,Timeout sending ID,/results/temp/799/quic_client_test_tp_error0.iev,7.0,0.0
picoquic,client,quic_client_test_tp_error,,Timeout sending ID,/results/temp/800/quic_client_test_tp_error0.iev,37.0,0.0
picoquic,client,quic_client_test_tp_error,,Timeout sending ID,/results/temp/850/quic_client_test_tp_error0.iev,30.0,0.0
aioquic,client,quic_client_test_tp_error,,Timeout sending ID,/results/temp/902/quic_client_test_tp_error0.iev,15.0,0.0
aioquic,client,quic_client_test_tp_error,,Timeout sending ID,/results/temp/952/quic_client_test_tp_error0.iev,17.0,0.0
aioquic,client,quic_client_test_tp_error,,Timeout sending ID,/results/temp/953/quic_client_test_tp_error0.iev,17.0,0.0
quic-go,client,quic_client_test_double_tp_error,,server_return_code(1)+timeout,/results/temp/1004/quic_client_test_double_tp_error0.iev,6.0,0.0
quic-go,client,quic_client_test_double_tp_error,,server_return_code(1)+timeout,/results/temp/1055/quic_client_test_double_tp_error0.iev,5.0,0.0
mvfst,client,quic_client_test_double_tp_error,,Timeout binding ID,/results/temp/1105/quic_client_test_double_tp_error0.iev,1.0,0.0
mvfst,client,quic_client_test_double_tp_error,,Timeout binding ID,/results/temp/1106/quic_client_test_double_tp_error0.iev,1.0,0.0
mvfst,client,quic_client_test_double_tp_error,,Timeout binding ID,/results/temp/1156/quic_client_test_double_tp_error0.iev,1.0,0.0
mvfst,client,quic_client_test_double_tp_error,,Timeout binding ID,/results/temp/1157/quic_client_test_double_tp_error0.iev,1.0,0.0
lsquic,client,quic_client_test_double_tp_error,,Timeout sending ID,/results/temp/1207/quic_client_test_double_tp_error0.iev,6.0,0.0
lsquic,client,quic_client_test_double_tp_error,,Timeout sending ID,/results/temp/1258/quic_client_test_double_tp_error0.iev,8.0,0.0
picoquic,client,quic_client_test_double_tp_error,,No Error,/results/temp/1309/quic_client_test_double_tp_error0.iev,7.0,1.0
picoquic,client,quic_client_test_double_tp_error,,No Error,/results/temp/1310/quic_client_test_double_tp_error0.iev,8.0,1.0
picoquic,client,quic_client_test_double_tp_error,,No Error,/results/temp/1360/quic_client_test_double_tp_error0.iev,8.0,1.0
picoquic,client,quic_client_test_double_tp_error,,No Error,/results/temp/1361/quic_client_test_double_tp_error0.iev,6.0,1.0
aioquic,client,quic_client_test_double_tp_error,,Timeout sending ID,/results/temp/1411/quic_client_test_double_tp_error0.iev,14.0,0.0
aioquic,client,quic_client_test_double_tp_error,,Timeout sending ID,/results/temp/1412/quic_client_test_double_tp_error0.iev,19.0,0.0
aioquic,client,quic_client_test_double_tp_error,,Timeout sending ID,/results/temp/1462/quic_client_test_double_tp_error0.iev,15.0,0.0
aioquic,client,quic_client_test_double_tp_error,,Timeout sending ID,/results/temp/1463/quic_client_test_double_tp_error0.iev,16.0,0.0
quic-go,client,quic_client_test_tp_acticoid_error,,frame.connection_close:{err_code:0x8},/results/temp/1514/quic_client_test_tp_acticoid_error0.iev,6.0,0.0
quic-go,client,quic_client_test_tp_acticoid_error,,frame.connection_close:{err_code:0x8},/results/temp/1565/quic_client_test_tp_acticoid_error0.iev,6.0,0.0
mvfst,client,quic_client_test_tp_acticoid_error,,Timeout binding ID,/results/temp/1615/quic_client_test_tp_acticoid_error0.iev,1.0,0.0
mvfst,client,quic_client_test_tp_acticoid_error,,Timeout binding ID,/results/temp/1616/quic_client_test_tp_acticoid_error0.iev,1.0,0.0
mvfst,client,quic_client_test_tp_acticoid_error,,Timeout binding ID,/results/temp/1666/quic_client_test_tp_acticoid_error0.iev,1.0,0.0
mvfst,client,quic_client_test_tp_acticoid_error,,Timeout binding ID,/results/temp/1667/quic_client_test_tp_acticoid_error0.iev,1.0,0.0
lsquic,client,quic_client_test_tp_acticoid_error,,Timeout sending ID,/results/temp/1717/quic_client_test_tp_acticoid_error0.iev,6.0,0.0
lsquic,client,quic_client_test_tp_acticoid_error,,Timeout sending ID,/results/temp/1718/quic_client_test_tp_acticoid_error0.iev,7.0,0.0
lsquic,client,quic_client_test_tp_acticoid_error,,Timeout sending ID,/results/temp/1768/quic_client_test_tp_acticoid_error0.iev,6.0,0.0
picoquic,client,quic_client_test_tp_acticoid_error,,Timeout sending ID,/results/temp/1819/quic_client_test_tp_acticoid_error0.iev,23.0,0.0
picoquic,client,quic_client_test_tp_acticoid_error,,Timeout sending ID,/results/temp/1820/quic_client_test_tp_acticoid_error0.iev,17.0,0.0
picoquic,client,quic_client_test_tp_acticoid_error,,Timeout sending ID,/results/temp/1870/quic_client_test_tp_acticoid_error0.iev,18.0,0.0
picoquic,client,quic_client_test_tp_acticoid_error,,Timeout sending ID,/results/temp/1871/quic_client_test_tp_acticoid_error0.iev,18.0,0.0
aioquic,client,quic_client_test_tp_acticoid_error,,Segmentation Fault 139,/results/temp/1921/quic_client_test_tp_acticoid_error0.iev,7.0,0.0
aioquic,client,quic_client_test_tp_acticoid_error,,Segmentation Fault 139,/results/temp/1922/quic_client_test_tp_acticoid_error0.iev,6.0,0.0
aioquic,client,quic_client_test_tp_acticoid_error,,Segmentation Fault 139,/results/temp/1972/quic_client_test_tp_acticoid_error0.iev,7.0,0.0
aioquic,client,quic_client_test_tp_acticoid_error,,Segmentation Fault 139,/results/temp/1973/quic_client_test_tp_acticoid_error0.iev,6.0,0.0
quic-go,client,quic_client_test_tp_limit_acticoid_error,,frame.connection_close:{err_code:0x130},/results/temp/2023/quic_client_test_tp_limit_acticoid_error0.iev,5.0,0.0
quic-go,client,quic_client_test_tp_limit_acticoid_error,,frame.connection_close:{err_code:0x130},/results/temp/2074/quic_client_test_tp_limit_acticoid_error0.iev,5.0,0.0
quic-go,client,quic_client_test_tp_limit_acticoid_error,,frame.connection_close:{err_code:0x130},/results/temp/2075/quic_client_test_tp_limit_acticoid_error0.iev,6.0,0.0
mvfst,client,quic_client_test_tp_limit_acticoid_error,,Timeout binding ID,/results/temp/2125/quic_client_test_tp_limit_acticoid_error0.iev,1.0,0.0
mvfst,client,quic_client_test_tp_limit_acticoid_error,,Timeout binding ID,/results/temp/2126/quic_client_test_tp_limit_acticoid_error0.iev,1.0,0.0
mvfst,client,quic_client_test_tp_limit_acticoid_error,,Timeout binding ID,/results/temp/2176/quic_client_test_tp_limit_acticoid_error0.iev,1.0,0.0
mvfst,client,quic_client_test_tp_limit_acticoid_error,,Timeout binding ID,/results/temp/2177/quic_client_test_tp_limit_acticoid_error0.iev,1.0,0.0
lsquic,client,quic_client_test_tp_limit_acticoid_error,,"require is_connection_id_limit_error;""",/results/temp/2227/quic_client_test_tp_limit_acticoid_error0.iev,22.0,0.0
lsquic,client,quic_client_test_tp_limit_acticoid_error,,"require is_connection_id_limit_error;""",/results/temp/2228/quic_client_test_tp_limit_acticoid_error0.iev,19.0,0.0
lsquic,client,quic_client_test_tp_limit_acticoid_error,,"require is_connection_id_limit_error;""",/results/temp/2279/quic_client_test_tp_limit_acticoid_error0.iev,15.0,0.0
picoquic,client,quic_client_test_tp_limit_acticoid_error,," require pkt.payload = queued_frames(scid);""",/results/temp/2329/quic_client_test_tp_limit_acticoid_error0.iev,10.0,0.0
picoquic,client,quic_client_test_tp_limit_acticoid_error,,frame.connection_close:{err_code:0xa},/results/temp/2330/quic_client_test_tp_limit_acticoid_error0.iev,10.0,0.0
picoquic,client,quic_client_test_tp_limit_acticoid_error,," require pkt.payload = queued_frames(scid);""",/results/temp/2380/quic_client_test_tp_limit_acticoid_error0.iev,9.0,0.0
picoquic,client,quic_client_test_tp_limit_acticoid_error,," require pkt.payload = queued_frames(scid);""",/results/temp/2381/quic_client_test_tp_limit_acticoid_error0.iev,10.0,0.0
aioquic,client,quic_client_test_tp_limit_acticoid_error,," require pkt.payload = queued_frames(scid);""",/results/temp/2431/quic_client_test_tp_limit_acticoid_error0.iev,9.0,0.0
aioquic,client,quic_client_test_tp_limit_acticoid_error,," require pkt.payload = queued_frames(scid);""",/results/temp/2432/quic_client_test_tp_limit_acticoid_error0.iev,11.0,0.0
aioquic,client,quic_client_test_tp_limit_acticoid_error,," require pkt.payload = queued_frames(scid);""",/results/temp/2482/quic_client_test_tp_limit_acticoid_error0.iev,9.0,0.0
aioquic,client,quic_client_test_tp_limit_acticoid_error,," require pkt.payload = queued_frames(scid);""",/results/temp/2483/quic_client_test_tp_limit_acticoid_error0.iev,10.0,0.0
quic-go,client,quic_client_test_retirecoid_error,,frame.connection_close:{err_code:0x130},/results/temp/2533/quic_client_test_retirecoid_error0.iev,7.0,0.0
quic-go,client,quic_client_test_retirecoid_error,,frame.connection_close:{err_code:0x130},/results/temp/2534/quic_client_test_retirecoid_error0.iev,8.0,0.0
quic-go,client,quic_client_test_retirecoid_error,,frame.connection_close:{err_code:0x130},/results/temp/2584/quic_client_test_retirecoid_error0.iev,6.0,0.0
quic-go,client,quic_client_test_retirecoid_error,,frame.connection_close:{err_code:0x130},/results/temp/2585/quic_client_test_retirecoid_error0.iev,6.0,0.0
mvfst,client,quic_client_test_retirecoid_error,,Timeout binding ID,/results/temp/2635/quic_client_test_retirecoid_error0.iev,1.0,0.0
mvfst,client,quic_client_test_retirecoid_error,,Timeout binding ID,/results/temp/2636/quic_client_test_retirecoid_error0.iev,1.0,0.0
mvfst,client,quic_client_test_retirecoid_error,,Timeout binding ID,/results/temp/2686/quic_client_test_retirecoid_error0.iev,1.0,0.0
mvfst,client,quic_client_test_retirecoid_error,,Timeout binding ID,/results/temp/2687/quic_client_test_retirecoid_error0.iev,1.0,0.0
lsquic,client,quic_client_test_retirecoid_error,,"require is_protocol_violation;""",/results/temp/2737/quic_client_test_retirecoid_error0.iev,33.0,0.0
lsquic,client,quic_client_test_retirecoid_error,,"require is_protocol_violation;""",/results/temp/2738/quic_client_test_retirecoid_error0.iev,38.0,0.0
lsquic,client,quic_client_test_retirecoid_error,,"require is_protocol_violation;""",/results/temp/2789/quic_client_test_retirecoid_error0.iev,35.0,0.0
picoquic,client,quic_client_test_retirecoid_error,," require pkt.payload = queued_frames(scid);""",/results/temp/2839/quic_client_test_retirecoid_error0.iev,9.0,0.0
picoquic,client,quic_client_test_retirecoid_error,," require pkt.payload = queued_frames(scid);""",/results/temp/2840/quic_client_test_retirecoid_error0.iev,14.0,0.0
picoquic,client,quic_client_test_retirecoid_error,," require pkt.payload = queued_frames(scid);""",/results/temp/2890/quic_client_test_retirecoid_error0.iev,26.0,0.0
picoquic,client,quic_client_test_retirecoid_error,," require pkt.payload = queued_frames(scid);""",/results/temp/2891/quic_client_test_retirecoid_error0.iev,9.0,0.0
aioquic,client,quic_client_test_retirecoid_error,," require pkt.payload = queued_frames(scid);""",/results/temp/2941/quic_client_test_retirecoid_error0.iev,8.0,0.0
aioquic,client,quic_client_test_retirecoid_error,," require pkt.payload = queued_frames(scid);""",/results/temp/2942/quic_client_test_retirecoid_error0.iev,14.0,0.0
aioquic,client,quic_client_test_retirecoid_error,,"require is_protocol_violation;""",/results/temp/2992/quic_client_test_retirecoid_error0.iev,28.0,0.0
aioquic,client,quic_client_test_retirecoid_error,," require pkt.payload = queued_frames(scid);""",/results/temp/2993/quic_client_test_retirecoid_error0.iev,12.0,0.0
quic-go,client,quic_client_test_newcoid_zero_error,,frame.connection_close:{err_code:0x130},/results/temp/3094/quic_client_test_newcoid_zero_error0.iev,8.0,0.0
quic-go,client,quic_client_test_newcoid_zero_error,,frame.connection_close:{err_code:0x130},/results/temp/3095/quic_client_test_newcoid_zero_error0.iev,6.0,0.0
mvfst,client,quic_client_test_newcoid_zero_error,,Timeout binding ID,/results/temp/3145/quic_client_test_newcoid_zero_error0.iev,1.0,0.0
mvfst,client,quic_client_test_newcoid_zero_error,,Timeout binding ID,/results/temp/3146/quic_client_test_newcoid_zero_error0.iev,1.0,0.0
mvfst,client,quic_client_test_newcoid_zero_error,,Timeout binding ID,/results/temp/3196/quic_client_test_newcoid_zero_error0.iev,1.0,0.0
mvfst,client,quic_client_test_newcoid_zero_error,,Timeout binding ID,/results/temp/3197/quic_client_test_newcoid_zero_error0.iev,1.0,0.0
lsquic,client,quic_client_test_newcoid_zero_error,,"require is_protocol_violation;""",/results/temp/3248/quic_client_test_newcoid_zero_error0.iev,39.0,0.0
lsquic,client,quic_client_test_newcoid_zero_error,,"require is_protocol_violation;""",/results/temp/3299/quic_client_test_newcoid_zero_error0.iev,34.0,0.0
picoquic,client,quic_client_test_newcoid_zero_error,," require pkt.payload = queued_frames(scid);""",/results/temp/3349/quic_client_test_newcoid_zero_error0.iev,9.0,0.0
picoquic,client,quic_client_test_newcoid_zero_error,," require pkt.payload = queued_frames(scid);""",/results/temp/3350/quic_client_test_newcoid_zero_error0.iev,14.0,0.0
aioquic,client,quic_client_test_newcoid_zero_error,," require pkt.payload = queued_frames(scid);""",/results/temp/3400/quic_client_test_newcoid_zero_error0.iev,13.0,0.0
aioquic,client,quic_client_test_newcoid_zero_error,," require pkt.payload = queued_frames(scid);""",/results/temp/3401/quic_client_test_newcoid_zero_error0.iev,11.0,0.0
aioquic,client,quic_client_test_newcoid_zero_error,," require pkt.payload = queued_frames(scid);""",/results/temp/3451/quic_client_test_newcoid_zero_error0.iev,9.0,0.0
aioquic,client,quic_client_test_newcoid_zero_error,," require pkt.payload = queued_frames(scid);""",/results/temp/3452/quic_client_test_newcoid_zero_error0.iev,10.0,0.0
quic-go,client,quic_client_test_accept_maxdata,,frame.connection_close:{err_code:0x130},/results/temp/3503/quic_client_test_accept_maxdata0.iev,6.0,0.0
quic-go,client,quic_client_test_accept_maxdata,,frame.connection_close:{err_code:0x130},/results/temp/3554/quic_client_test_accept_maxdata0.iev,6.0,0.0
mvfst,client,quic_client_test_accept_maxdata,,Timeout binding ID,/results/temp/3604/quic_client_test_accept_maxdata0.iev,1.0,0.0
mvfst,client,quic_client_test_accept_maxdata,,Timeout binding ID,/results/temp/3605/quic_client_test_accept_maxdata0.iev,1.0,0.0
mvfst,client,quic_client_test_accept_maxdata,,Timeout binding ID,/results/temp/3655/quic_client_test_accept_maxdata0.iev,1.0,0.0
mvfst,client,quic_client_test_accept_maxdata,,Timeout binding ID,/results/temp/3656/quic_client_test_accept_maxdata0.iev,1.0,0.0
picoquic,client,quic_client_test_accept_maxdata,,frame.connection_close:{err_code:0x4},/results/temp/3808/quic_client_test_accept_maxdata0.iev,14.0,0.0
picoquic,client,quic_client_test_accept_maxdata,,frame.connection_close:{err_code:0x4},/results/temp/3809/quic_client_test_accept_maxdata0.iev,12.0,0.0
picoquic,client,quic_client_test_accept_maxdata,,frame.connection_close:{err_code:0x4},/results/temp/3859/quic_client_test_accept_maxdata0.iev,21.0,0.0
picoquic,client,quic_client_test_accept_maxdata,,frame.connection_close:{err_code:0x4},/results/temp/3860/quic_client_test_accept_maxdata0.iev,14.0,0.0
aioquic,client,quic_client_test_accept_maxdata,,frame.connection_close:{err_code:0x5},/results/temp/3910/quic_client_test_accept_maxdata0.iev,13.0,0.0
aioquic,client,quic_client_test_accept_maxdata,,frame.connection_close:{err_code:0x5},/results/temp/3911/quic_client_test_accept_maxdata0.iev,9.0,0.0
aioquic,client,quic_client_test_accept_maxdata,,frame.connection_close:{err_code:0x5},/results/temp/3961/quic_client_test_accept_maxdata0.iev,10.0,0.0
aioquic,client,quic_client_test_accept_maxdata,,frame.connection_close:{err_code:0x5},/results/temp/3962/quic_client_test_accept_maxdata0.iev,12.0,0.0
quic-go,client,quic_client_test_tp_prefadd_error,,frame.connection_close:{err_code:0x130},/results/temp/4012/quic_client_test_tp_prefadd_error0.iev,7.0,0.0
quic-go,client,quic_client_test_tp_prefadd_error,,frame.connection_close:{err_code:0x130},/results/temp/4013/quic_client_test_tp_prefadd_error0.iev,6.0,0.0
quic-go,client,quic_client_test_tp_prefadd_error,,frame.connection_close:{err_code:0x130},/results/temp/4063/quic_client_test_tp_prefadd_error0.iev,6.0,0.0
mvfst,client,quic_client_test_tp_prefadd_error,,Timeout binding ID,/results/temp/4114/quic_client_test_tp_prefadd_error0.iev,1.0,0.0
mvfst,client,quic_client_test_tp_prefadd_error,,Timeout binding ID,/results/temp/4115/quic_client_test_tp_prefadd_error0.iev,1.0,0.0
mvfst,client,quic_client_test_tp_prefadd_error,,Timeout binding ID,/results/temp/4165/quic_client_test_tp_prefadd_error0.iev,1.0,0.0
mvfst,client,quic_client_test_tp_prefadd_error,,Timeout binding ID,/results/temp/4166/quic_client_test_tp_prefadd_error0.iev,1.0,0.0
lsquic,client,quic_client_test_tp_prefadd_error,,Timeout sending ID,/results/temp/4216/quic_client_test_tp_prefadd_error0.iev,7.0,0.0
lsquic,client,quic_client_test_tp_prefadd_error,,Timeout sending ID,/results/temp/4217/quic_client_test_tp_prefadd_error0.iev,6.0,0.0
lsquic,client,quic_client_test_tp_prefadd_error,,Timeout sending ID,/results/temp/4267/quic_client_test_tp_prefadd_error0.iev,7.0,0.0
lsquic,client,quic_client_test_tp_prefadd_error,,Timeout sending ID,/results/temp/4268/quic_client_test_tp_prefadd_error0.iev,6.0,0.0
picoquic,client,quic_client_test_tp_prefadd_error,,No Error,/results/temp/4318/quic_client_test_tp_prefadd_error0.iev,7.0,1.0
picoquic,client,quic_client_test_tp_prefadd_error,,No Error,/results/temp/4319/quic_client_test_tp_prefadd_error0.iev,7.0,1.0
picoquic,client,quic_client_test_tp_prefadd_error,,No Error,/results/temp/4369/quic_client_test_tp_prefadd_error0.iev,7.0,1.0
picoquic,client,quic_client_test_tp_prefadd_error,,No Error,/results/temp/4370/quic_client_test_tp_prefadd_error0.iev,7.0,1.0
aioquic,client,quic_client_test_tp_prefadd_error,,Timeout sending ID,/results/temp/4420/quic_client_test_tp_prefadd_error0.iev,13.0,0.0
aioquic,client,quic_client_test_tp_prefadd_error,,Timeout sending ID,/results/temp/4421/quic_client_test_tp_prefadd_error0.iev,16.0,0.0
aioquic,client,quic_client_test_tp_prefadd_error,,Timeout sending ID,/results/temp/4471/quic_client_test_tp_prefadd_error0.iev,13.0,0.0
aioquic,client,quic_client_test_tp_prefadd_error,,Timeout sending ID,/results/temp/4472/quic_client_test_tp_prefadd_error0.iev,14.0,0.0
quic-go,client,quic_client_test_no_odci,,server_return_code(1)+timeout,/results/temp/4523/quic_client_test_no_odci0.iev,5.0,0.0
quic-go,client,quic_client_test_no_odci,,server_return_code(1)+timeout,/results/temp/4574/quic_client_test_no_odci0.iev,6.0,0.0
mvfst,client,quic_client_test_no_odci,,Timeout binding ID,/results/temp/4624/quic_client_test_no_odci0.iev,1.0,0.0
mvfst,client,quic_client_test_no_odci,,Timeout binding ID,/results/temp/4625/quic_client_test_no_odci0.iev,1.0,0.0
mvfst,client,quic_client_test_no_odci,,Timeout binding ID,/results/temp/4675/quic_client_test_no_odci0.iev,1.0,0.0
mvfst,client,quic_client_test_no_odci,,Timeout binding ID,/results/temp/4676/quic_client_test_no_odci0.iev,1.0,0.0
lsquic,client,quic_client_test_no_odci,,Timeout sending ID,/results/temp/4726/quic_client_test_no_odci0.iev,6.0,0.0
lsquic,client,quic_client_test_no_odci,,Timeout sending ID,/results/temp/4727/quic_client_test_no_odci0.iev,6.0,0.0
lsquic,client,quic_client_test_no_odci,,Timeout sending ID,/results/temp/4777/quic_client_test_no_odci0.iev,6.0,0.0
lsquic,client,quic_client_test_no_odci,,Timeout sending ID,/results/temp/4778/quic_client_test_no_odci0.iev,8.0,0.0
picoquic,client,quic_client_test_no_odci,,No Error,/results/temp/4828/quic_client_test_no_odci0.iev,7.0,1.0
picoquic,client,quic_client_test_no_odci,,No Error,/results/temp/4829/quic_client_test_no_odci0.iev,8.0,1.0
picoquic,client,quic_client_test_no_odci,,No Error,/results/temp/4879/quic_client_test_no_odci0.iev,7.0,1.0
picoquic,client,quic_client_test_no_odci,,No Error,/results/temp/4880/quic_client_test_no_odci0.iev,8.0,1.0
aioquic,client,quic_client_test_no_odci,,Segmentation Fault 139,/results/temp/4930/quic_client_test_no_odci0.iev,5.0,0.0
aioquic,client,quic_client_test_no_odci,,Segmentation Fault 139,/results/temp/4931/quic_client_test_no_odci0.iev,6.0,0.0
aioquic,client,quic_client_test_no_odci,,Segmentation Fault 139,/results/temp/4981/quic_client_test_no_odci0.iev,5.0,0.0
aioquic,client,quic_client_test_no_odci,,Segmentation Fault 139,/results/temp/4982/quic_client_test_no_odci0.iev,7.0,0.0
quic-go,client,quic_client_test_ext_min_ack_delay,,frame.connection_close:{err_code:0x130},/results/temp/5032/quic_client_test_ext_min_ack_delay0.iev,6.0,0.0
quic-go,client,quic_client_test_ext_min_ack_delay,,frame.connection_close:{err_code:0x130},/results/temp/5083/quic_client_test_ext_min_ack_delay0.iev,6.0,0.0
quic-go,client,quic_client_test_ext_min_ack_delay,,frame.connection_close:{err_code:0x130},/results/temp/5084/quic_client_test_ext_min_ack_delay0.iev,5.0,0.0
mvfst,client,quic_client_test_ext_min_ack_delay,,Timeout binding ID,/results/temp/5134/quic_client_test_ext_min_ack_delay0.iev,1.0,0.0
mvfst,client,quic_client_test_ext_min_ack_delay,,Timeout binding ID,/results/temp/5135/quic_client_test_ext_min_ack_delay0.iev,1.0,0.0
mvfst,client,quic_client_test_ext_min_ack_delay,,Timeout binding ID,/results/temp/5185/quic_client_test_ext_min_ack_delay0.iev,1.0,0.0
mvfst,client,quic_client_test_ext_min_ack_delay,,Timeout binding ID,/results/temp/5186/quic_client_test_ext_min_ack_delay0.iev,1.0,0.0
lsquic,client,quic_client_test_ext_min_ack_delay,,Timeout sending ID,/results/temp/5236/quic_client_test_ext_min_ack_delay0.iev,7.0,0.0
lsquic,client,quic_client_test_ext_min_ack_delay,,Timeout sending ID,/results/temp/5287/quic_client_test_ext_min_ack_delay0.iev,6.0,0.0
picoquic,client,quic_client_test_ext_min_ack_delay,,Timeout sending ID,/results/temp/5338/quic_client_test_ext_min_ack_delay0.iev,28.0,0.0
picoquic,client,quic_client_test_ext_min_ack_delay,,Timeout sending ID,/results/temp/5339/quic_client_test_ext_min_ack_delay0.iev,35.0,0.0
picoquic,client,quic_client_test_ext_min_ack_delay,,Timeout sending ID,/results/temp/5389/quic_client_test_ext_min_ack_delay0.iev,41.0,0.0
picoquic,client,quic_client_test_ext_min_ack_delay,,Timeout sending ID,/results/temp/5390/quic_client_test_ext_min_ack_delay0.iev,24.0,0.0
aioquic,client,quic_client_test_ext_min_ack_delay,,Timeout sending ID,/results/temp/5440/quic_client_test_ext_min_ack_delay0.iev,11.0,0.0
aioquic,client,quic_client_test_ext_min_ack_delay,,Timeout sending ID,/results/temp/5441/quic_client_test_ext_min_ack_delay0.iev,14.0,0.0
aioquic,client,quic_client_test_ext_min_ack_delay,,Timeout sending ID,/results/temp/5491/quic_client_test_ext_min_ack_delay0.iev,20.0,0.0
aioquic,client,quic_client_test_ext_min_ack_delay,,Timeout sending ID,/results/temp/5492/quic_client_test_ext_min_ack_delay0.iev,15.0,0.0
picoquic,client,quic_client_test_tp_error,,Timeout sending ID,/results/temp/851/quic_client_test_tp_error0.iev,26.0,0.0
aioquic,client,quic_client_test_tp_error,,Timeout sending ID,/results/temp/901/quic_client_test_tp_error0.iev,19.0,0.0
quic-go,client,quic_client_test_no_odci,,Segmentation Fault 139,/results/temp/49/quic_client_test_no_odci0.iev,5.0,0.0
quic-go,client,quic_client_test_max,,frame.connection_close:{err_code:0x130},/results/temp/49/quic_client_test_max0.iev,6.0,0.0
quic-go,client,quic_client_test_max,,frame.connection_close:{err_code:0x130},/results/temp/99/quic_client_test_max0.iev,7.0,0.0
mvfst,client,quic_client_test_max,,Handshake not completed,/results/temp/100/quic_client_test_max0.iev,51.0,0.0
mvfst,client,quic_client_test_max,,Timeout binding ID,/results/temp/150/quic_client_test_max0.iev,1.0,0.0
mvfst,client,quic_client_test_max,,Timeout binding ID,/results/temp/151/quic_client_test_max0.iev,1.0,0.0
lsquic,client,quic_client_test_max,,"require conn_total_data(the_cid) > 0;""",/results/temp/201/quic_client_test_max0.iev,50.0,0.0
lsquic,client,quic_client_test_max,,"require conn_total_data(the_cid) > 0;""",/results/temp/202/quic_client_test_max0.iev,50.0,0.0
lsquic,client,quic_client_test_max,,"require conn_total_data(the_cid) > 0;""",/results/temp/253/quic_client_test_max0.iev,49.0,0.0
picoquic,client,quic_client_test_max,,frame.connection_close:{err_code:0x4},/results/temp/303/quic_client_test_max0.iev,20.0,0.0
picoquic,client,quic_client_test_max,,No Error,/results/temp/304/quic_client_test_max0.iev,63.0,1.0
picoquic,client,quic_client_test_max,,"require stream_id_allowed(dcid,f.id);  # [6]""",/results/temp/354/quic_client_test_max0.iev,31.0,0.0
picoquic,client,quic_client_test_max,,No Error,/results/temp/305/quic_client_test_max0.iev,41.0,1.0
picoquic,client,quic_client_test_max,,frame.connection_close:{err_code:0x4},/results/temp/356/quic_client_test_max0.iev,23.0,0.0
aioquic,client,quic_client_test_max,,No Error,/results/temp/407/quic_client_test_max0.iev,66.0,1.0
aioquic,client,quic_client_test_max,,No Error,/results/temp/458/quic_client_test_max0.iev,61.0,1.0
quic-go,client,quic_client_test_tp_error,,server_return_code(1)+timeout,/results/temp/597/quic_client_test_tp_error0.iev,5.0,0.0
mvfst,client,quic_client_test_tp_error,,Timeout binding ID,/results/temp/648/quic_client_test_tp_error0.iev,1.0,0.0
mvfst,client,quic_client_test_tp_error,,Timeout binding ID,/results/temp/699/quic_client_test_tp_error0.iev,1.0,0.0
picoquic,client,quic_client_test_tp_error,,Timeout sending ID,/results/temp/801/quic_client_test_tp_error0.iev,34.0,0.0
picoquic,client,quic_client_test_tp_error,,Timeout sending ID,/results/temp/852/quic_client_test_tp_error0.iev,36.0,0.0
aioquic,client,quic_client_test_tp_error,,Timeout sending ID,/results/temp/903/quic_client_test_tp_error0.iev,15.0,0.0
aioquic,client,quic_client_test_tp_error,,Timeout sending ID,/results/temp/954/quic_client_test_tp_error0.iev,14.0,0.0
quic-go,client,quic_client_test_double_tp_error,,server_return_code(1)+timeout,/results/temp/1056/quic_client_test_double_tp_error0.iev,5.0,0.0
mvfst,client,quic_client_test_double_tp_error,,Timeout binding ID,/results/temp/1107/quic_client_test_double_tp_error0.iev,1.0,0.0
mvfst,client,quic_client_test_double_tp_error,,Timeout binding ID,/results/temp/1158/quic_client_test_double_tp_error0.iev,1.0,0.0
lsquic,client,quic_client_test_double_tp_error,,Timeout sending ID,/results/temp/1209/quic_client_test_double_tp_error0.iev,6.0,0.0
lsquic,client,quic_client_test_double_tp_error,,Timeout sending ID,/results/temp/1260/quic_client_test_double_tp_error0.iev,6.0,0.0
picoquic,client,quic_client_test_double_tp_error,,No Error,/results/temp/1311/quic_client_test_double_tp_error0.iev,8.0,1.0
picoquic,client,quic_client_test_double_tp_error,,No Error,/results/temp/1362/quic_client_test_double_tp_error0.iev,7.0,1.0
aioquic,client,quic_client_test_double_tp_error,,Timeout sending ID,/results/temp/1413/quic_client_test_double_tp_error0.iev,15.0,0.0
aioquic,client,quic_client_test_double_tp_error,,Timeout sending ID,/results/temp/1464/quic_client_test_double_tp_error0.iev,13.0,0.0
quic-go,client,quic_client_test_tp_acticoid_error,,frame.connection_close:{err_code:0x8},/results/temp/1566/quic_client_test_tp_acticoid_error0.iev,5.0,0.0
mvfst,client,quic_client_test_tp_acticoid_error,,Timeout binding ID,/results/temp/1617/quic_client_test_tp_acticoid_error0.iev,1.0,0.0
aioquic,client,quic_client_test_tp_limit_acticoid_error,," require pkt.payload = queued_frames(scid);""",/results/temp/2433/quic_client_test_tp_limit_acticoid_error0.iev,10.0,0.0
aioquic,client,quic_client_test_tp_limit_acticoid_error,," require pkt.payload = queued_frames(scid);""",/results/temp/2484/quic_client_test_tp_limit_acticoid_error0.iev,10.0,0.0
quic-go,client,quic_client_test_retirecoid_error,,frame.connection_close:{err_code:0x130},/results/temp/2535/quic_client_test_retirecoid_error0.iev,7.0,0.0
quic-go,client,quic_client_test_retirecoid_error,,frame.connection_close:{err_code:0x130},/results/temp/2586/quic_client_test_retirecoid_error0.iev,5.0,0.0
mvfst,client,quic_client_test_retirecoid_error,,Timeout binding ID,/results/temp/2637/quic_client_test_retirecoid_error0.iev,1.0,0.0
mvfst,client,quic_client_test_retirecoid_error,,Timeout binding ID,/results/temp/2688/quic_client_test_retirecoid_error0.iev,1.0,0.0
lsquic,client,quic_client_test_retirecoid_error,,"require is_protocol_violation;""",/results/temp/2739/quic_client_test_retirecoid_error0.iev,34.0,0.0
lsquic,client,quic_client_test_retirecoid_error,,"require is_protocol_violation;""",/results/temp/2790/quic_client_test_retirecoid_error0.iev,34.0,0.0
picoquic,client,quic_client_test_retirecoid_error,," require pkt.payload = queued_frames(scid);""",/results/temp/2841/quic_client_test_retirecoid_error0.iev,11.0,0.0
picoquic,client,quic_client_test_retirecoid_error,," require pkt.payload = queued_frames(scid);""",/results/temp/2892/quic_client_test_retirecoid_error0.iev,9.0,0.0
aioquic,client,quic_client_test_retirecoid_error,,"	require num_queued_frames(scid) > 0 -> e = queued_level(scid);""",/results/temp/2943/quic_client_test_retirecoid_error0.iev,11.0,0.0
aioquic,client,quic_client_test_retirecoid_error,," require pkt.payload = queued_frames(scid);""",/results/temp/2994/quic_client_test_retirecoid_error0.iev,9.0,0.0
quic-go,client,quic_client_test_newcoid_zero_error,,frame.connection_close:{err_code:0x130},/results/temp/3096/quic_client_test_newcoid_zero_error0.iev,6.0,0.0
mvfst,client,quic_client_test_newcoid_zero_error,,Timeout binding ID,/results/temp/3147/quic_client_test_newcoid_zero_error0.iev,1.0,0.0
mvfst,client,quic_client_test_newcoid_zero_error,,Timeout binding ID,/results/temp/3198/quic_client_test_newcoid_zero_error0.iev,1.0,0.0
lsquic,client,quic_client_test_newcoid_zero_error,,"require is_protocol_violation;""",/results/temp/3249/quic_client_test_newcoid_zero_error0.iev,39.0,0.0
picoquic,client,quic_client_test_newcoid_zero_error,," require pkt.payload = queued_frames(scid);""",/results/temp/3300/quic_client_test_newcoid_zero_error0.iev,14.0,0.0
picoquic,client,quic_client_test_newcoid_zero_error,," require pkt.payload = queued_frames(scid);""",/results/temp/3351/quic_client_test_newcoid_zero_error0.iev,10.0,0.0
aioquic,client,quic_client_test_newcoid_zero_error,,"	require num_queued_frames(scid) > 0 -> e = queued_level(scid);""",/results/temp/3402/quic_client_test_newcoid_zero_error0.iev,13.0,0.0
aioquic,client,quic_client_test_newcoid_zero_error,," require pkt.payload = queued_frames(scid);""",/results/temp/3453/quic_client_test_newcoid_zero_error0.iev,15.0,0.0
quic-go,client,quic_client_test_accept_maxdata,,frame.connection_close:{err_code:0x130},/results/temp/3504/quic_client_test_accept_maxdata0.iev,5.0,0.0
quic-go,client,quic_client_test_accept_maxdata,,frame.connection_close:{err_code:0x130},/results/temp/3555/quic_client_test_accept_maxdata0.iev,5.0,0.0
mvfst,client,quic_client_test_accept_maxdata,,Timeout binding ID,/results/temp/3606/quic_client_test_accept_maxdata0.iev,1.0,0.0
mvfst,client,quic_client_test_accept_maxdata,,Timeout binding ID,/results/temp/3657/quic_client_test_accept_maxdata0.iev,1.0,0.0
lsquic,client,quic_client_test_accept_maxdata,,"require conn_total_data(the_cid) > 0;""",/results/temp/3759/quic_client_test_accept_maxdata0.iev,17.0,0.0
picoquic,client,quic_client_test_accept_maxdata,,frame.connection_close:{err_code:0x4},/results/temp/3810/quic_client_test_accept_maxdata0.iev,19.0,0.0
picoquic,client,quic_client_test_accept_maxdata,,frame.connection_close:{err_code:0x4},/results/temp/3861/quic_client_test_accept_maxdata0.iev,10.0,0.0
aioquic,client,quic_client_test_accept_maxdata,,frame.connection_close:{err_code:0x5},/results/temp/3912/quic_client_test_accept_maxdata0.iev,11.0,0.0
aioquic,client,quic_client_test_accept_maxdata,,frame.connection_close:{err_code:0x5},/results/temp/3963/quic_client_test_accept_maxdata0.iev,15.0,0.0
quic-go,client,quic_client_test_tp_prefadd_error,,frame.connection_close:{err_code:0x130},/results/temp/4014/quic_client_test_tp_prefadd_error0.iev,5.0,0.0
quic-go,client,quic_client_test_tp_prefadd_error,,frame.connection_close:{err_code:0x130},/results/temp/4065/quic_client_test_tp_prefadd_error0.iev,7.0,0.0
mvfst,client,quic_client_test_tp_prefadd_error,,Timeout binding ID,/results/temp/4116/quic_client_test_tp_prefadd_error0.iev,1.0,0.0
mvfst,client,quic_client_test_tp_prefadd_error,,Timeout binding ID,/results/temp/4167/quic_client_test_tp_prefadd_error0.iev,1.0,0.0
lsquic,client,quic_client_test_tp_prefadd_error,,Timeout sending ID,/results/temp/4218/quic_client_test_tp_prefadd_error0.iev,7.0,0.0
picoquic,client,quic_client_test_tp_prefadd_error,,No Error,/results/temp/4320/quic_client_test_tp_prefadd_error0.iev,8.0,1.0
picoquic,client,quic_client_test_tp_prefadd_error,,No Error,/results/temp/4371/quic_client_test_tp_prefadd_error0.iev,8.0,1.0
aioquic,client,quic_client_test_tp_prefadd_error,,Timeout sending ID,/results/temp/4422/quic_client_test_tp_prefadd_error0.iev,14.0,0.0
aioquic,client,quic_client_test_tp_prefadd_error,,Timeout sending ID,/results/temp/4473/quic_client_test_tp_prefadd_error0.iev,18.0,0.0
quic-go,client,quic_client_test_no_odci,,server_return_code(1)+timeout,/results/temp/4524/quic_client_test_no_odci0.iev,6.0,0.0
quic-go,client,quic_client_test_no_odci,,server_return_code(1)+timeout,/results/temp/4575/quic_client_test_no_odci0.iev,5.0,0.0
mvfst,client,quic_client_test_no_odci,,Timeout binding ID,/results/temp/4626/quic_client_test_no_odci0.iev,1.0,0.0
mvfst,client,quic_client_test_no_odci,,Timeout binding ID,/results/temp/4677/quic_client_test_no_odci0.iev,1.0,0.0
lsquic,client,quic_client_test_no_odci,,Timeout sending ID,/results/temp/4728/quic_client_test_no_odci0.iev,7.0,0.0
lsquic,client,quic_client_test_no_odci,,Timeout sending ID,/results/temp/4779/quic_client_test_no_odci0.iev,7.0,0.0
picoquic,client,quic_client_test_no_odci,,No Error,/results/temp/4830/quic_client_test_no_odci0.iev,6.0,1.0
picoquic,client,quic_client_test_no_odci,,No Error,/results/temp/4881/quic_client_test_no_odci0.iev,6.0,1.0
aioquic,client,quic_client_test_no_odci,,Segmentation Fault 139,/results/temp/4932/quic_client_test_no_odci0.iev,5.0,0.0
aioquic,client,quic_client_test_no_odci,,Segmentation Fault 139,/results/temp/4983/quic_client_test_no_odci0.iev,6.0,0.0
quic-go,client,quic_client_test_ext_min_ack_delay,,frame.connection_close:{err_code:0x130},/results/temp/5034/quic_client_test_ext_min_ack_delay0.iev,5.0,0.0
quic-go,client,quic_client_test_ext_min_ack_delay,,frame.connection_close:{err_code:0x130},/results/temp/5085/quic_client_test_ext_min_ack_delay0.iev,5.0,0.0
mvfst,client,quic_client_test_ext_min_ack_delay,,Timeout binding ID,/results/temp/5136/quic_client_test_ext_min_ack_delay0.iev,1.0,0.0
mvfst,client,quic_client_test_ext_min_ack_delay,,Timeout binding ID,/results/temp/5187/quic_client_test_ext_min_ack_delay0.iev,1.0,0.0
lsquic,client,quic_client_test_ext_min_ack_delay,,Timeout sending ID,/results/temp/5238/quic_client_test_ext_min_ack_delay0.iev,6.0,0.0
lsquic,client,quic_client_test_ext_min_ack_delay,,Timeout sending ID,/results/temp/5289/quic_client_test_ext_min_ack_delay0.iev,7.0,0.0
picoquic,client,quic_client_test_ext_min_ack_delay,,Timeout sending ID,/results/temp/5340/quic_client_test_ext_min_ack_delay0.iev,28.0,0.0
picoquic,client,quic_client_test_ext_min_ack_delay,,Timeout sending ID,/results/temp/5391/quic_client_test_ext_min_ack_delay0.iev,35.0,0.0
aioquic,client,quic_client_test_ext_min_ack_delay,,Timeout sending ID,/results/temp/5442/quic_client_test_ext_min_ack_delay0.iev,15.0,0.0
aioquic,client,quic_client_test_ext_min_ack_delay,,Timeout sending ID,/results/temp/5493/quic_client_test_ext_min_ack_delay0.iev,17.0,0.0
mvfst,client,quic_client_test_tp_acticoid_error,,Timeout binding ID,/results/temp/1668/quic_client_test_tp_acticoid_error0.iev,1.0,0.0
lsquic,client,quic_client_test_tp_acticoid_error,,Timeout sending ID,/results/temp/1719/quic_client_test_tp_acticoid_error0.iev,6.0,0.0
picoquic,client,quic_client_test_tp_acticoid_error,,Timeout sending ID,/results/temp/1821/quic_client_test_tp_acticoid_error0.iev,16.0,0.0
picoquic,client,quic_client_test_tp_acticoid_error,,Timeout sending ID,/results/temp/1872/quic_client_test_tp_acticoid_error0.iev,15.0,0.0
aioquic,client,quic_client_test_tp_acticoid_error,,Segmentation Fault 139,/results/temp/1923/quic_client_test_tp_acticoid_error0.iev,7.0,0.0
aioquic,client,quic_client_test_tp_acticoid_error,,Segmentation Fault 139,/results/temp/1974/quic_client_test_tp_acticoid_error0.iev,5.0,0.0
quic-go,client,quic_client_test_tp_limit_acticoid_error,,frame.connection_close:{err_code:0x130},/results/temp/2076/quic_client_test_tp_limit_acticoid_error0.iev,6.0,0.0
mvfst,client,quic_client_test_tp_limit_acticoid_error,,Timeout binding ID,/results/temp/2127/quic_client_test_tp_limit_acticoid_error0.iev,1.0,0.0
mvfst,client,quic_client_test_tp_limit_acticoid_error,,Timeout binding ID,/results/temp/2178/quic_client_test_tp_limit_acticoid_error0.iev,1.0,0.0
lsquic,client,quic_client_test_tp_limit_acticoid_error,,"require is_connection_id_limit_error;""",/results/temp/2280/quic_client_test_tp_limit_acticoid_error0.iev,16.0,0.0
picoquic,client,quic_client_test_tp_limit_acticoid_error,," require pkt.payload = queued_frames(scid);""",/results/temp/2331/quic_client_test_tp_limit_acticoid_error0.iev,10.0,0.0
picoquic,client,quic_client_test_tp_limit_acticoid_error,," require pkt.payload = queued_frames(scid);""",/results/temp/2382/quic_client_test_tp_limit_acticoid_error0.iev,9.0,0.0
quic-go,client,quic_client_test_ext_min_ack_delay,,frame.connection_close:{err_code:0x130},/results/temp/50/quic_client_test_ext_min_ack_delay0.iev,5.0,0.0
mvfst,client,quic_client_test_max,,Timeout binding ID,/results/temp/101/quic_client_test_max0.iev,1.0,0.0
mvfst,client,quic_client_test_max,,Timeout binding ID,/results/temp/152/quic_client_test_max0.iev,1.0,0.0
lsquic,client,quic_client_test_max,,"require conn_total_data(the_cid) > 0;""",/results/temp/203/quic_client_test_max0.iev,50.0,0.0
lsquic,client,quic_client_test_max,,"require conn_total_data(the_cid) > 0;""",/results/temp/204/quic_client_test_max0.iev,49.0,0.0
aioquic,client,quic_client_test_max,,frame.connection_close:{err_code:0x5},/results/temp/459/quic_client_test_max0.iev,17.0,0.0
mvfst,client,quic_client_test_max,,Timeout binding ID,/results/temp/153/quic_client_test_max0.iev,1.0,0.0
picoquic,client,quic_client_test_max,,No Error,/results/temp/306/quic_client_test_max0.iev,69.0,1.0
picoquic,client,quic_client_test_max,,frame.connection_close:{err_code:0x4},/results/temp/357/quic_client_test_max0.iev,14.0,0.0
aioquic,client,quic_client_test_max,,No Error,/results/temp/408/quic_client_test_max0.iev,60.0,1.0
picoquic,client,quic_client_test_accept_maxdata,,frame.connection_close:{err_code:0x4},/results/temp/3811/quic_client_test_accept_maxdata0.iev,10.0,0.0
quic-go,client,quic_client_test_tp_error,,server_return_code(1)+timeout,/results/temp/598/quic_client_test_tp_error0.iev,6.0,0.0
lsquic,client,quic_client_test_tp_error,,Timeout sending ID,/results/temp/751/quic_client_test_tp_error0.iev,7.0,0.0
mvfst,client,quic_client_test_tp_error,,Timeout binding ID,/results/temp/649/quic_client_test_tp_error0.iev,1.0,0.0
lsquic,client,quic_client_test_tp_error,,Timeout sending ID,/results/temp/700/quic_client_test_tp_error0.iev,6.0,0.0
picoquic,client,quic_client_test_tp_error,,Timeout sending ID,/results/temp/853/quic_client_test_tp_error0.iev,22.0,0.0
picoquic,client,quic_client_test_tp_error,,Timeout sending ID,/results/temp/802/quic_client_test_tp_error0.iev,36.0,0.0
aioquic,client,quic_client_test_tp_error,,Timeout sending ID,/results/temp/904/quic_client_test_tp_error0.iev,14.0,0.0
aioquic,client,quic_client_test_tp_error,,Timeout sending ID,/results/temp/955/quic_client_test_tp_error0.iev,15.0,0.0
quic-go,client,quic_client_test_double_tp_error,,server_return_code(1)+timeout,/results/temp/1006/quic_client_test_double_tp_error0.iev,5.0,0.0
quic-go,client,quic_client_test_double_tp_error,,server_return_code(1)+timeout,/results/temp/1057/quic_client_test_double_tp_error0.iev,6.0,0.0
mvfst,client,quic_client_test_double_tp_error,,Timeout binding ID,/results/temp/1108/quic_client_test_double_tp_error0.iev,1.0,0.0
mvfst,client,quic_client_test_double_tp_error,,Timeout binding ID,/results/temp/1159/quic_client_test_double_tp_error0.iev,1.0,0.0
picoquic,client,quic_client_test_double_tp_error,,No Error,/results/temp/1312/quic_client_test_double_tp_error0.iev,7.0,1.0
picoquic,client,quic_client_test_double_tp_error,,No Error,/results/temp/1363/quic_client_test_double_tp_error0.iev,7.0,1.0
aioquic,client,quic_client_test_double_tp_error,,Timeout sending ID,/results/temp/1414/quic_client_test_double_tp_error0.iev,11.0,0.0
aioquic,client,quic_client_test_double_tp_error,,Timeout sending ID,/results/temp/1465/quic_client_test_double_tp_error0.iev,20.0,0.0
quic-go,client,quic_client_test_tp_acticoid_error,,frame.connection_close:{err_code:0x8},/results/temp/1516/quic_client_test_tp_acticoid_error0.iev,6.0,0.0
picoquic,client,quic_client_test_tp_acticoid_error,,Timeout sending ID,/results/temp/1822/quic_client_test_tp_acticoid_error0.iev,20.0,0.0
mvfst,client,quic_client_test_tp_acticoid_error,,Timeout binding ID,/results/temp/1669/quic_client_test_tp_acticoid_error0.iev,1.0,0.0
mvfst,client,quic_client_test_tp_acticoid_error,,Timeout binding ID,/results/temp/1618/quic_client_test_tp_acticoid_error0.iev,1.0,0.0
lsquic,client,quic_client_test_tp_acticoid_error,,Timeout sending ID,/results/temp/1771/quic_client_test_tp_acticoid_error0.iev,7.0,0.0
picoquic,client,quic_client_test_tp_acticoid_error,,Timeout sending ID,/results/temp/1873/quic_client_test_tp_acticoid_error0.iev,18.0,0.0
aioquic,client,quic_client_test_tp_acticoid_error,,Segmentation Fault 139,/results/temp/1924/quic_client_test_tp_acticoid_error0.iev,7.0,0.0
aioquic,client,quic_client_test_tp_acticoid_error,,Segmentation Fault 139,/results/temp/1975/quic_client_test_tp_acticoid_error0.iev,5.0,0.0
mvfst,client,quic_client_test_tp_limit_acticoid_error,,Timeout binding ID,/results/temp/2128/quic_client_test_tp_limit_acticoid_error0.iev,1.0,0.0
mvfst,client,quic_client_test_tp_limit_acticoid_error,,Timeout binding ID,/results/temp/2179/quic_client_test_tp_limit_acticoid_error0.iev,1.0,0.0
lsquic,client,quic_client_test_tp_limit_acticoid_error,,"require is_connection_id_limit_error;""",/results/temp/2230/quic_client_test_tp_limit_acticoid_error0.iev,27.0,0.0
picoquic,client,quic_client_test_tp_limit_acticoid_error,," require pkt.payload = queued_frames(scid);""",/results/temp/2332/quic_client_test_tp_limit_acticoid_error0.iev,11.0,0.0
picoquic,client,quic_client_test_tp_limit_acticoid_error,," require pkt.payload = queued_frames(scid);""",/results/temp/2383/quic_client_test_tp_limit_acticoid_error0.iev,13.0,0.0
aioquic,client,quic_client_test_tp_limit_acticoid_error,," require pkt.payload = queued_frames(scid);""",/results/temp/2434/quic_client_test_tp_limit_acticoid_error0.iev,7.0,0.0
aioquic,client,quic_client_test_tp_limit_acticoid_error,," require pkt.payload = queued_frames(scid);""",/results/temp/2485/quic_client_test_tp_limit_acticoid_error0.iev,9.0,0.0
picoquic,client,quic_client_test_retirecoid_error,," require pkt.payload = queued_frames(scid);""",/results/temp/2842/quic_client_test_retirecoid_error0.iev,16.0,0.0
mvfst,client,quic_client_test_retirecoid_error,,Timeout binding ID,/results/temp/2638/quic_client_test_retirecoid_error0.iev,1.0,0.0
quic-go,client,quic_client_test_retirecoid_error,,frame.connection_close:{err_code:0x130},/results/temp/2536/quic_client_test_retirecoid_error0.iev,7.0,0.0
quic-go,client,quic_client_test_retirecoid_error,,frame.connection_close:{err_code:0x130},/results/temp/2587/quic_client_test_retirecoid_error0.iev,5.0,0.0
mvfst,client,quic_client_test_retirecoid_error,,Timeout binding ID,/results/temp/2689/quic_client_test_retirecoid_error0.iev,1.0,0.0
picoquic,client,quic_client_test_retirecoid_error,," require pkt.payload = queued_frames(scid);""",/results/temp/2893/quic_client_test_retirecoid_error0.iev,12.0,0.0
lsquic,client,quic_client_test_retirecoid_error,,"require is_protocol_violation;""",/results/temp/2740/quic_client_test_retirecoid_error0.iev,34.0,0.0
aioquic,client,quic_client_test_retirecoid_error,," require pkt.payload = queued_frames(scid);""",/results/temp/2944/quic_client_test_retirecoid_error0.iev,12.0,0.0
aioquic,client,quic_client_test_retirecoid_error,," require pkt.payload = queued_frames(scid);""",/results/temp/2995/quic_client_test_retirecoid_error0.iev,14.0,0.0
mvfst,client,quic_client_test_newcoid_zero_error,,Timeout binding ID,/results/temp/3148/quic_client_test_newcoid_zero_error0.iev,1.0,0.0
quic-go,client,quic_client_test_newcoid_zero_error,,frame.connection_close:{err_code:0x130},/results/temp/3097/quic_client_test_newcoid_zero_error0.iev,7.0,0.0
mvfst,client,quic_client_test_newcoid_zero_error,,Timeout binding ID,/results/temp/3199/quic_client_test_newcoid_zero_error0.iev,1.0,0.0
lsquic,client,quic_client_test_newcoid_zero_error,,"require is_protocol_violation;""",/results/temp/3250/quic_client_test_newcoid_zero_error0.iev,38.0,0.0
picoquic,client,quic_client_test_newcoid_zero_error,," require pkt.payload = queued_frames(scid);""",/results/temp/3301/quic_client_test_newcoid_zero_error0.iev,16.0,0.0
picoquic,client,quic_client_test_newcoid_zero_error,," require pkt.payload = queued_frames(scid);""",/results/temp/3352/quic_client_test_newcoid_zero_error0.iev,16.0,0.0
aioquic,client,quic_client_test_newcoid_zero_error,,"	require num_queued_frames(scid) > 0 -> e = queued_level(scid);""",/results/temp/3403/quic_client_test_newcoid_zero_error0.iev,13.0,0.0
lsquic,client,quic_client_test_accept_maxdata,,"require conn_total_data(the_cid) > 0;""",/results/temp/3760/quic_client_test_accept_maxdata0.iev,15.0,0.0
aioquic,client,quic_client_test_newcoid_zero_error,," require pkt.payload = queued_frames(scid);""",/results/temp/3454/quic_client_test_newcoid_zero_error0.iev,7.0,0.0
quic-go,client,quic_client_test_accept_maxdata,,frame.connection_close:{err_code:0x130},/results/temp/3505/quic_client_test_accept_maxdata0.iev,12.0,0.0
quic-go,client,quic_client_test_accept_maxdata,,frame.connection_close:{err_code:0x130},/results/temp/3556/quic_client_test_accept_maxdata0.iev,12.0,0.0
mvfst,client,quic_client_test_accept_maxdata,,Timeout binding ID,/results/temp/3607/quic_client_test_accept_maxdata0.iev,1.0,0.0
mvfst,client,quic_client_test_accept_maxdata,,Timeout binding ID,/results/temp/3658/quic_client_test_accept_maxdata0.iev,1.0,0.0
picoquic,client,quic_client_test_accept_maxdata,,frame.connection_close:{err_code:0x4},/results/temp/3862/quic_client_test_accept_maxdata0.iev,17.0,0.0
aioquic,client,quic_client_test_accept_maxdata,,frame.connection_close:{err_code:0x5},/results/temp/3913/quic_client_test_accept_maxdata0.iev,12.0,0.0
aioquic,client,quic_client_test_accept_maxdata,,frame.connection_close:{err_code:0x5},/results/temp/3964/quic_client_test_accept_maxdata0.iev,9.0,0.0
quic-go,client,quic_client_test_tp_prefadd_error,,frame.connection_close:{err_code:0x130},/results/temp/4015/quic_client_test_tp_prefadd_error0.iev,6.0,0.0
quic-go,client,quic_client_test_tp_prefadd_error,,frame.connection_close:{err_code:0x130},/results/temp/4066/quic_client_test_tp_prefadd_error0.iev,6.0,0.0
mvfst,client,quic_client_test_tp_prefadd_error,,Timeout binding ID,/results/temp/4117/quic_client_test_tp_prefadd_error0.iev,1.0,0.0
mvfst,client,quic_client_test_tp_prefadd_error,,Timeout binding ID,/results/temp/4168/quic_client_test_tp_prefadd_error0.iev,1.0,0.0
picoquic,client,quic_client_test_tp_prefadd_error,,No Error,/results/temp/4321/quic_client_test_tp_prefadd_error0.iev,8.0,1.0
picoquic,client,quic_client_test_tp_prefadd_error,,No Error,/results/temp/4372/quic_client_test_tp_prefadd_error0.iev,7.0,1.0
aioquic,client,quic_client_test_tp_prefadd_error,,Timeout sending ID,/results/temp/4423/quic_client_test_tp_prefadd_error0.iev,16.0,0.0
aioquic,client,quic_client_test_tp_prefadd_error,,Timeout sending ID,/results/temp/4474/quic_client_test_tp_prefadd_error0.iev,14.0,0.0
quic-go,client,quic_client_test_no_odci,,server_return_code(1)+timeout,/results/temp/4525/quic_client_test_no_odci0.iev,5.0,0.0
quic-go,client,quic_client_test_no_odci,,server_return_code(1)+timeout,/results/temp/4576/quic_client_test_no_odci0.iev,5.0,0.0
mvfst,client,quic_client_test_no_odci,,Timeout binding ID,/results/temp/4627/quic_client_test_no_odci0.iev,1.0,0.0
lsquic,client,quic_client_test_no_odci,,Timeout sending ID,/results/temp/4729/quic_client_test_no_odci0.iev,8.0,0.0
mvfst,client,quic_client_test_no_odci,,Timeout binding ID,/results/temp/4678/quic_client_test_no_odci0.iev,1.0,0.0
picoquic,client,quic_client_test_no_odci,,No Error,/results/temp/4831/quic_client_test_no_odci0.iev,8.0,1.0
picoquic,client,quic_client_test_no_odci,,No Error,/results/temp/4882/quic_client_test_no_odci0.iev,7.0,1.0
aioquic,client,quic_client_test_no_odci,,Segmentation Fault 139,/results/temp/4933/quic_client_test_no_odci0.iev,6.0,0.0
aioquic,client,quic_client_test_no_odci,,Segmentation Fault 139,/results/temp/4984/quic_client_test_no_odci0.iev,6.0,0.0
quic-go,client,quic_client_test_ext_min_ack_delay,,frame.connection_close:{err_code:0x130},/results/temp/5086/quic_client_test_ext_min_ack_delay0.iev,6.0,0.0
mvfst,client,quic_client_test_ext_min_ack_delay,,Timeout binding ID,/results/temp/5137/quic_client_test_ext_min_ack_delay0.iev,1.0,0.0
mvfst,client,quic_client_test_ext_min_ack_delay,,Timeout binding ID,/results/temp/5188/quic_client_test_ext_min_ack_delay0.iev,1.0,0.0
lsquic,client,quic_client_test_ext_min_ack_delay,,Timeout sending ID,/results/temp/5239/quic_client_test_ext_min_ack_delay0.iev,6.0,0.0
picoquic,client,quic_client_test_ext_min_ack_delay,,Timeout sending ID,/results/temp/5341/quic_client_test_ext_min_ack_delay0.iev,40.0,0.0
picoquic,client,quic_client_test_ext_min_ack_delay,,Timeout sending ID,/results/temp/5392/quic_client_test_ext_min_ack_delay0.iev,25.0,0.0
aioquic,client,quic_client_test_ext_min_ack_delay,,Timeout sending ID,/results/temp/5443/quic_client_test_ext_min_ack_delay0.iev,17.0,0.0
aioquic,client,quic_client_test_ext_min_ack_delay,,Timeout sending ID,/results/temp/5494/quic_client_test_ext_min_ack_delay0.iev,15.0,0.0
quic-go,client,quic_client_test_ext_min_ack_delay,,Timeout binding ID,/results/temp/51/quic_client_test_ext_min_ack_delay0.iev,1.0,0.0
quic-go,client,quic_client_test_max,,frame.connection_close:{err_code:0x130},/results/temp/51/quic_client_test_max0.iev,6.0,0.0
mvfst,client,quic_client_test_max,,Timeout binding ID,/results/temp/102/quic_client_test_max0.iev,1.0,0.0
quic-go,client,quic_client_test_ext_min_ack_delay,,Timeout sending ID,/results/temp/52/quic_client_test_ext_min_ack_delay0.iev,6.0,0.0
quic-go,client,quic_client_test_tp_prefadd_error,,frame.connection_close:{err_code:0x130},/results/temp/4067/quic_client_test_tp_prefadd_error0.iev,7.0,0.0
mvfst,client,quic_client_test_tp_prefadd_error,,Timeout binding ID,/results/temp/4118/quic_client_test_tp_prefadd_error0.iev,1.0,0.0
mvfst,client,quic_client_test_tp_prefadd_error,,Timeout binding ID,/results/temp/4169/quic_client_test_tp_prefadd_error0.iev,1.0,0.0
lsquic,client,quic_client_test_tp_prefadd_error,,Timeout sending ID,/results/temp/4220/quic_client_test_tp_prefadd_error0.iev,9.0,0.0
lsquic,client,quic_client_test_tp_prefadd_error,,Timeout sending ID,/results/temp/4271/quic_client_test_tp_prefadd_error0.iev,8.0,0.0
picoquic,client,quic_client_test_tp_prefadd_error,,No Error,/results/temp/4322/quic_client_test_tp_prefadd_error0.iev,7.0,1.0
picoquic,client,quic_client_test_tp_prefadd_error,,No Error,/results/temp/4373/quic_client_test_tp_prefadd_error0.iev,6.0,1.0
aioquic,client,quic_client_test_tp_prefadd_error,,Timeout sending ID,/results/temp/4424/quic_client_test_tp_prefadd_error0.iev,14.0,0.0
aioquic,client,quic_client_test_tp_prefadd_error,,Timeout sending ID,/results/temp/4475/quic_client_test_tp_prefadd_error0.iev,16.0,0.0
quic-go,client,quic_client_test_no_odci,,server_return_code(1)+timeout,/results/temp/4577/quic_client_test_no_odci0.iev,5.0,0.0
mvfst,client,quic_client_test_no_odci,,Timeout binding ID,/results/temp/4628/quic_client_test_no_odci0.iev,1.0,0.0
mvfst,client,quic_client_test_no_odci,,Timeout binding ID,/results/temp/4679/quic_client_test_no_odci0.iev,1.0,0.0
quic-go,client,quic_client_test_tp_prefadd_error,,frame.connection_close:{err_code:0x130},/results/temp/4016/quic_client_test_tp_prefadd_error0.iev,6.0,0.0
mvfst,client,quic_client_test_max,,Timeout binding ID,/results/temp/103/quic_client_test_max0.iev,1.0,0.0
mvfst,client,quic_client_test_max,,Timeout binding ID,/results/temp/154/quic_client_test_max0.iev,1.0,0.0
lsquic,client,quic_client_test_max,,"require conn_total_data(the_cid) > 0;""",/results/temp/256/quic_client_test_max0.iev,50.0,0.0
picoquic,client,quic_client_test_max,,No Error,/results/temp/307/quic_client_test_max0.iev,57.0,1.0
picoquic,client,quic_client_test_max,,"require stream_id_allowed(dcid,f.id);  # [6]""",/results/temp/358/quic_client_test_max0.iev,18.0,0.0
aioquic,client,quic_client_test_max,,No Error,/results/temp/409/quic_client_test_max0.iev,64.0,1.0
aioquic,client,quic_client_test_max,,No Error,/results/temp/460/quic_client_test_max0.iev,65.0,1.0
quic-go,client,quic_client_test_tp_error,,server_return_code(1)+timeout,/results/temp/548/quic_client_test_tp_error0.iev,6.0,0.0
quic-go,client,quic_client_test_tp_error,,server_return_code(1)+timeout,/results/temp/599/quic_client_test_tp_error0.iev,6.0,0.0
mvfst,client,quic_client_test_tp_error,,Timeout binding ID,/results/temp/650/quic_client_test_tp_error0.iev,1.0,0.0
lsquic,client,quic_client_test_tp_error,,Timeout sending ID,/results/temp/752/quic_client_test_tp_error0.iev,7.0,0.0
picoquic,client,quic_client_test_tp_error,,Timeout sending ID,/results/temp/803/quic_client_test_tp_error0.iev,23.0,0.0
picoquic,client,quic_client_test_tp_error,,Timeout sending ID,/results/temp/854/quic_client_test_tp_error0.iev,33.0,0.0
aioquic,client,quic_client_test_double_tp_error,,Timeout sending ID,/results/temp/1466/quic_client_test_double_tp_error0.iev,14.0,0.0
quic-go,client,quic_client_test_tp_acticoid_error,,frame.connection_close:{err_code:0x8},/results/temp/1517/quic_client_test_tp_acticoid_error0.iev,6.0,0.0
mvfst,client,quic_client_test_tp_acticoid_error,,Timeout binding ID,/results/temp/1619/quic_client_test_tp_acticoid_error0.iev,1.0,0.0
mvfst,client,quic_client_test_tp_acticoid_error,,Timeout binding ID,/results/temp/1670/quic_client_test_tp_acticoid_error0.iev,1.0,0.0
lsquic,client,quic_client_test_tp_acticoid_error,,Timeout sending ID,/results/temp/1721/quic_client_test_tp_acticoid_error0.iev,8.0,0.0
lsquic,client,quic_client_test_tp_acticoid_error,,Timeout sending ID,/results/temp/1772/quic_client_test_tp_acticoid_error0.iev,9.0,0.0
picoquic,client,quic_client_test_tp_acticoid_error,,Timeout sending ID,/results/temp/1823/quic_client_test_tp_acticoid_error0.iev,20.0,0.0
picoquic,client,quic_client_test_tp_acticoid_error,,Timeout sending ID,/results/temp/1874/quic_client_test_tp_acticoid_error0.iev,14.0,0.0
aioquic,client,quic_client_test_tp_acticoid_error,,Segmentation Fault 139,/results/temp/1925/quic_client_test_tp_acticoid_error0.iev,6.0,0.0
aioquic,client,quic_client_test_tp_acticoid_error,,Segmentation Fault 139,/results/temp/1976/quic_client_test_tp_acticoid_error0.iev,6.0,0.0
quic-go,client,quic_client_test_tp_limit_acticoid_error,,frame.connection_close:{err_code:0x130},/results/temp/2078/quic_client_test_tp_limit_acticoid_error0.iev,6.0,0.0
mvfst,client,quic_client_test_tp_limit_acticoid_error,,Timeout binding ID,/results/temp/2129/quic_client_test_tp_limit_acticoid_error0.iev,1.0,0.0
mvfst,client,quic_client_test_tp_limit_acticoid_error,,Timeout binding ID,/results/temp/2180/quic_client_test_tp_limit_acticoid_error0.iev,1.0,0.0
lsquic,client,quic_client_test_tp_limit_acticoid_error,,"require is_connection_id_limit_error;""",/results/temp/2231/quic_client_test_tp_limit_acticoid_error0.iev,17.0,0.0
picoquic,client,quic_client_test_tp_limit_acticoid_error,," require pkt.payload = queued_frames(scid);""",/results/temp/2333/quic_client_test_tp_limit_acticoid_error0.iev,11.0,0.0
picoquic,client,quic_client_test_tp_limit_acticoid_error,," require pkt.payload = queued_frames(scid);""",/results/temp/2384/quic_client_test_tp_limit_acticoid_error0.iev,14.0,0.0
aioquic,client,quic_client_test_tp_limit_acticoid_error,," require pkt.payload = queued_frames(scid);""",/results/temp/2435/quic_client_test_tp_limit_acticoid_error0.iev,9.0,0.0
aioquic,client,quic_client_test_tp_limit_acticoid_error,," require pkt.payload = queued_frames(scid);""",/results/temp/2486/quic_client_test_tp_limit_acticoid_error0.iev,11.0,0.0
quic-go,client,quic_client_test_retirecoid_error,,frame.connection_close:{err_code:0x130},/results/temp/2537/quic_client_test_retirecoid_error0.iev,7.0,0.0
quic-go,client,quic_client_test_retirecoid_error,,frame.connection_close:{err_code:0x130},/results/temp/2588/quic_client_test_retirecoid_error0.iev,7.0,0.0
mvfst,client,quic_client_test_retirecoid_error,,Timeout binding ID,/results/temp/2639/quic_client_test_retirecoid_error0.iev,1.0,0.0
mvfst,client,quic_client_test_retirecoid_error,,Timeout binding ID,/results/temp/2690/quic_client_test_retirecoid_error0.iev,1.0,0.0
lsquic,client,quic_client_test_retirecoid_error,,"require is_protocol_violation;""",/results/temp/2741/quic_client_test_retirecoid_error0.iev,35.0,0.0
lsquic,client,quic_client_test_retirecoid_error,,"require is_protocol_violation;""",/results/temp/2792/quic_client_test_retirecoid_error0.iev,39.0,0.0
picoquic,client,quic_client_test_retirecoid_error,," require pkt.payload = queued_frames(scid);""",/results/temp/2843/quic_client_test_retirecoid_error0.iev,11.0,0.0
picoquic,client,quic_client_test_retirecoid_error,," require pkt.payload = queued_frames(scid);""",/results/temp/2894/quic_client_test_retirecoid_error0.iev,14.0,0.0
aioquic,client,quic_client_test_retirecoid_error,," require pkt.payload = queued_frames(scid);""",/results/temp/2945/quic_client_test_retirecoid_error0.iev,9.0,0.0
aioquic,client,quic_client_test_retirecoid_error,," require pkt.payload = queued_frames(scid);""",/results/temp/2996/quic_client_test_retirecoid_error0.iev,9.0,0.0
quic-go,client,quic_client_test_newcoid_zero_error,,frame.connection_close:{err_code:0x130},/results/temp/3047/quic_client_test_newcoid_zero_error0.iev,5.0,0.0
quic-go,client,quic_client_test_newcoid_zero_error,,frame.connection_close:{err_code:0x130},/results/temp/3098/quic_client_test_newcoid_zero_error0.iev,5.0,0.0
mvfst,client,quic_client_test_newcoid_zero_error,,Timeout binding ID,/results/temp/3149/quic_client_test_newcoid_zero_error0.iev,1.0,0.0
lsquic,client,quic_client_test_newcoid_zero_error,,"require is_protocol_violation;""",/results/temp/3200/quic_client_test_newcoid_zero_error0.iev,36.0,0.0
lsquic,client,quic_client_test_newcoid_zero_error,,"require is_protocol_violation;""",/results/temp/3251/quic_client_test_newcoid_zero_error0.iev,36.0,0.0
picoquic,client,quic_client_test_newcoid_zero_error,,"	require num_queued_frames(scid) > 0 -> e = queued_level(scid);""",/results/temp/3302/quic_client_test_newcoid_zero_error0.iev,17.0,0.0
picoquic,client,quic_client_test_newcoid_zero_error,," require pkt.payload = queued_frames(scid);""",/results/temp/3353/quic_client_test_newcoid_zero_error0.iev,8.0,0.0
aioquic,client,quic_client_test_newcoid_zero_error,," require pkt.payload = queued_frames(scid);""",/results/temp/3404/quic_client_test_newcoid_zero_error0.iev,12.0,0.0
aioquic,client,quic_client_test_newcoid_zero_error,," require pkt.payload = queued_frames(scid);""",/results/temp/3455/quic_client_test_newcoid_zero_error0.iev,17.0,0.0
quic-go,client,quic_client_test_accept_maxdata,,frame.connection_close:{err_code:0x130},/results/temp/3506/quic_client_test_accept_maxdata0.iev,8.0,0.0
quic-go,client,quic_client_test_accept_maxdata,,frame.connection_close:{err_code:0x130},/results/temp/3557/quic_client_test_accept_maxdata0.iev,6.0,0.0
mvfst,client,quic_client_test_accept_maxdata,,Timeout binding ID,/results/temp/3608/quic_client_test_accept_maxdata0.iev,1.0,0.0
mvfst,client,quic_client_test_accept_maxdata,,Timeout binding ID,/results/temp/3659/quic_client_test_accept_maxdata0.iev,1.0,0.0
lsquic,client,quic_client_test_accept_maxdata,,"require conn_total_data(the_cid) > 0;""",/results/temp/3761/quic_client_test_accept_maxdata0.iev,21.0,0.0
picoquic,client,quic_client_test_accept_maxdata,,frame.connection_close:{err_code:0x4},/results/temp/3812/quic_client_test_accept_maxdata0.iev,13.0,0.0
picoquic,client,quic_client_test_accept_maxdata,,frame.connection_close:{err_code:0x4},/results/temp/3863/quic_client_test_accept_maxdata0.iev,18.0,0.0
aioquic,client,quic_client_test_accept_maxdata,,frame.connection_close:{err_code:0x5},/results/temp/3914/quic_client_test_accept_maxdata0.iev,8.0,0.0
aioquic,client,quic_client_test_accept_maxdata,,frame.connection_close:{err_code:0x5},/results/temp/3965/quic_client_test_accept_maxdata0.iev,14.0,0.0
lsquic,client,quic_client_test_no_odci,,Timeout sending ID,/results/temp/4781/quic_client_test_no_odci0.iev,6.0,0.0
picoquic,client,quic_client_test_no_odci,,No Error,/results/temp/4832/quic_client_test_no_odci0.iev,7.0,1.0
picoquic,client,quic_client_test_no_odci,,No Error,/results/temp/4883/quic_client_test_no_odci0.iev,7.0,1.0
aioquic,client,quic_client_test_no_odci,,Segmentation Fault 139,/results/temp/4934/quic_client_test_no_odci0.iev,6.0,0.0
aioquic,client,quic_client_test_no_odci,,Segmentation Fault 139,/results/temp/4985/quic_client_test_no_odci0.iev,5.0,0.0
quic-go,client,quic_client_test_ext_min_ack_delay,,frame.connection_close:{err_code:0x130},/results/temp/5036/quic_client_test_ext_min_ack_delay0.iev,6.0,0.0
mvfst,client,quic_client_test_ext_min_ack_delay,,Timeout binding ID,/results/temp/5138/quic_client_test_ext_min_ack_delay0.iev,1.0,0.0
mvfst,client,quic_client_test_ext_min_ack_delay,,Timeout binding ID,/results/temp/5189/quic_client_test_ext_min_ack_delay0.iev,1.0,0.0
lsquic,client,quic_client_test_ext_min_ack_delay,,Timeout sending ID,/results/temp/5240/quic_client_test_ext_min_ack_delay0.iev,7.0,0.0
lsquic,client,quic_client_test_ext_min_ack_delay,,Timeout sending ID,/results/temp/5291/quic_client_test_ext_min_ack_delay0.iev,7.0,0.0
picoquic,client,quic_client_test_ext_min_ack_delay,,Timeout sending ID,/results/temp/5342/quic_client_test_ext_min_ack_delay0.iev,21.0,0.0
picoquic,client,quic_client_test_ext_min_ack_delay,,Timeout sending ID,/results/temp/5393/quic_client_test_ext_min_ack_delay0.iev,40.0,0.0
aioquic,client,quic_client_test_ext_min_ack_delay,,Timeout sending ID,/results/temp/5444/quic_client_test_ext_min_ack_delay0.iev,17.0,0.0
aioquic,client,quic_client_test_ext_min_ack_delay,,Timeout sending ID,/results/temp/5495/quic_client_test_ext_min_ack_delay0.iev,14.0,0.0
aioquic,client,quic_client_test_tp_error,,Timeout sending ID,/results/temp/905/quic_client_test_tp_error0.iev,14.0,0.0
aioquic,client,quic_client_test_tp_error,,Timeout sending ID,/results/temp/956/quic_client_test_tp_error0.iev,12.0,0.0
quic-go,client,quic_client_test_double_tp_error,,server_return_code(1)+timeout,/results/temp/1007/quic_client_test_double_tp_error0.iev,5.0,0.0
quic-go,client,quic_client_test_double_tp_error,,server_return_code(1)+timeout,/results/temp/1058/quic_client_test_double_tp_error0.iev,5.0,0.0
mvfst,client,quic_client_test_double_tp_error,,Timeout binding ID,/results/temp/1109/quic_client_test_double_tp_error0.iev,1.0,0.0
mvfst,client,quic_client_test_double_tp_error,,Timeout binding ID,/results/temp/1160/quic_client_test_double_tp_error0.iev,1.0,0.0
lsquic,client,quic_client_test_double_tp_error,,Timeout sending ID,/results/temp/1211/quic_client_test_double_tp_error0.iev,6.0,0.0
picoquic,client,quic_client_test_double_tp_error,,No Error,/results/temp/1313/quic_client_test_double_tp_error0.iev,6.0,1.0
picoquic,client,quic_client_test_double_tp_error,,No Error,/results/temp/1364/quic_client_test_double_tp_error0.iev,7.0,1.0
aioquic,client,quic_client_test_double_tp_error,,Timeout sending ID,/results/temp/1415/quic_client_test_double_tp_error0.iev,17.0,0.0
picoquic,client,quic_client_test_accept_maxdata,,frame.connection_close:{err_code:0x4},/results/temp/3813/quic_client_test_accept_maxdata0.iev,13.0,0.0
mvfst,client,quic_client_test_tp_error,,Timeout binding ID,/results/temp/600/quic_client_test_tp_error0.iev,1.0,0.0
mvfst,client,quic_client_test_tp_error,,Timeout binding ID,/results/temp/651/quic_client_test_tp_error0.iev,1.0,0.0
lsquic,client,quic_client_test_tp_error,,Timeout sending ID,/results/temp/753/quic_client_test_tp_error0.iev,7.0,0.0
picoquic,client,quic_client_test_tp_error,,Timeout sending ID,/results/temp/804/quic_client_test_tp_error0.iev,26.0,0.0
picoquic,client,quic_client_test_tp_error,,Timeout sending ID,/results/temp/855/quic_client_test_tp_error0.iev,40.0,0.0
aioquic,client,quic_client_test_tp_error,,Timeout sending ID,/results/temp/906/quic_client_test_tp_error0.iev,14.0,0.0
aioquic,client,quic_client_test_tp_error,,Timeout sending ID,/results/temp/957/quic_client_test_tp_error0.iev,13.0,0.0
quic-go,client,quic_client_test_double_tp_error,,server_return_code(1)+timeout,/results/temp/1008/quic_client_test_double_tp_error0.iev,5.0,0.0
quic-go,client,quic_client_test_double_tp_error,,server_return_code(1)+timeout,/results/temp/1059/quic_client_test_double_tp_error0.iev,6.0,0.0
mvfst,client,quic_client_test_double_tp_error,,Timeout binding ID,/results/temp/1110/quic_client_test_double_tp_error0.iev,1.0,0.0
mvfst,client,quic_client_test_double_tp_error,,Timeout binding ID,/results/temp/1161/quic_client_test_double_tp_error0.iev,1.0,0.0
lsquic,client,quic_client_test_double_tp_error,,Timeout sending ID,/results/temp/1212/quic_client_test_double_tp_error0.iev,7.0,0.0
lsquic,client,quic_client_test_double_tp_error,,Timeout sending ID,/results/temp/1263/quic_client_test_double_tp_error0.iev,6.0,0.0
picoquic,client,quic_client_test_double_tp_error,,No Error,/results/temp/1314/quic_client_test_double_tp_error0.iev,6.0,1.0
picoquic,client,quic_client_test_double_tp_error,,No Error,/results/temp/1365/quic_client_test_double_tp_error0.iev,7.0,1.0
aioquic,client,quic_client_test_double_tp_error,,Timeout sending ID,/results/temp/1416/quic_client_test_double_tp_error0.iev,18.0,0.0
aioquic,client,quic_client_test_double_tp_error,,Timeout sending ID,/results/temp/1467/quic_client_test_double_tp_error0.iev,16.0,0.0
quic-go,client,quic_client_test_tp_acticoid_error,,frame.connection_close:{err_code:0x8},/results/temp/1518/quic_client_test_tp_acticoid_error0.iev,6.0,0.0
mvfst,client,quic_client_test_tp_acticoid_error,,Timeout binding ID,/results/temp/1620/quic_client_test_tp_acticoid_error0.iev,1.0,0.0
mvfst,client,quic_client_test_tp_acticoid_error,,Timeout binding ID,/results/temp/1671/quic_client_test_tp_acticoid_error0.iev,1.0,0.0
lsquic,client,quic_client_test_tp_acticoid_error,,Timeout sending ID,/results/temp/1722/quic_client_test_tp_acticoid_error0.iev,6.0,0.0
lsquic,client,quic_client_test_tp_acticoid_error,,Timeout sending ID,/results/temp/1773/quic_client_test_tp_acticoid_error0.iev,7.0,0.0
picoquic,client,quic_client_test_tp_acticoid_error,,Timeout sending ID,/results/temp/1824/quic_client_test_tp_acticoid_error0.iev,16.0,0.0
picoquic,client,quic_client_test_tp_acticoid_error,,Timeout sending ID,/results/temp/1875/quic_client_test_tp_acticoid_error0.iev,25.0,0.0
aioquic,client,quic_client_test_tp_acticoid_error,,Segmentation Fault 139,/results/temp/1926/quic_client_test_tp_acticoid_error0.iev,7.0,0.0
aioquic,client,quic_client_test_tp_acticoid_error,,Segmentation Fault 139,/results/temp/1977/quic_client_test_tp_acticoid_error0.iev,5.0,0.0
quic-go,client,quic_client_test_tp_limit_acticoid_error,,frame.connection_close:{err_code:0x130},/results/temp/2028/quic_client_test_tp_limit_acticoid_error0.iev,6.0,0.0
quic-go,client,quic_client_test_tp_limit_acticoid_error,,frame.connection_close:{err_code:0x130},/results/temp/2079/quic_client_test_tp_limit_acticoid_error0.iev,6.0,0.0
mvfst,client,quic_client_test_tp_limit_acticoid_error,,Timeout binding ID,/results/temp/2130/quic_client_test_tp_limit_acticoid_error0.iev,1.0,0.0
mvfst,client,quic_client_test_tp_limit_acticoid_error,,Timeout binding ID,/results/temp/2181/quic_client_test_tp_limit_acticoid_error0.iev,1.0,0.0
picoquic,client,quic_client_test_tp_limit_acticoid_error,," require pkt.payload = queued_frames(scid);""",/results/temp/2334/quic_client_test_tp_limit_acticoid_error0.iev,11.0,0.0
picoquic,client,quic_client_test_tp_limit_acticoid_error,," require pkt.payload = queued_frames(scid);""",/results/temp/2385/quic_client_test_tp_limit_acticoid_error0.iev,14.0,0.0
aioquic,client,quic_client_test_tp_limit_acticoid_error,," require pkt.payload = queued_frames(scid);""",/results/temp/2436/quic_client_test_tp_limit_acticoid_error0.iev,10.0,0.0
aioquic,client,quic_client_test_tp_limit_acticoid_error,," require pkt.payload = queued_frames(scid);""",/results/temp/2487/quic_client_test_tp_limit_acticoid_error0.iev,9.0,0.0
quic-go,client,quic_client_test_retirecoid_error,,frame.connection_close:{err_code:0x130},/results/temp/2589/quic_client_test_retirecoid_error0.iev,7.0,0.0
mvfst,client,quic_client_test_retirecoid_error,,Timeout binding ID,/results/temp/2640/quic_client_test_retirecoid_error0.iev,1.0,0.0
mvfst,client,quic_client_test_retirecoid_error,,Timeout binding ID,/results/temp/2691/quic_client_test_retirecoid_error0.iev,1.0,0.0
lsquic,client,quic_client_test_retirecoid_error,,"require is_protocol_violation;""",/results/temp/2742/quic_client_test_retirecoid_error0.iev,35.0,0.0
lsquic,client,quic_client_test_retirecoid_error,,"require is_protocol_violation;""",/results/temp/2793/quic_client_test_retirecoid_error0.iev,40.0,0.0
picoquic,client,quic_client_test_retirecoid_error,," require pkt.payload = queued_frames(scid);""",/results/temp/2844/quic_client_test_retirecoid_error0.iev,9.0,0.0
picoquic,client,quic_client_test_retirecoid_error,," require pkt.payload = queued_frames(scid);""",/results/temp/2895/quic_client_test_retirecoid_error0.iev,17.0,0.0
aioquic,client,quic_client_test_retirecoid_error,," require pkt.payload = queued_frames(scid);""",/results/temp/2946/quic_client_test_retirecoid_error0.iev,12.0,0.0
aioquic,client,quic_client_test_retirecoid_error,,"	require num_queued_frames(scid) > 0 -> e = queued_level(scid);""",/results/temp/2997/quic_client_test_retirecoid_error0.iev,20.0,0.0
quic-go,client,quic_client_test_newcoid_zero_error,,frame.connection_close:{err_code:0x130},/results/temp/3048/quic_client_test_newcoid_zero_error0.iev,7.0,0.0
mvfst,client,quic_client_test_newcoid_zero_error,,Timeout binding ID,/results/temp/3150/quic_client_test_newcoid_zero_error0.iev,1.0,0.0
lsquic,client,quic_client_test_newcoid_zero_error,,"require is_protocol_violation;""",/results/temp/3252/quic_client_test_newcoid_zero_error0.iev,36.0,0.0
picoquic,client,quic_client_test_newcoid_zero_error,," require pkt.payload = queued_frames(scid);""",/results/temp/3303/quic_client_test_newcoid_zero_error0.iev,27.0,0.0
picoquic,client,quic_client_test_newcoid_zero_error,," require pkt.payload = queued_frames(scid);""",/results/temp/3354/quic_client_test_newcoid_zero_error0.iev,20.0,0.0
aioquic,client,quic_client_test_newcoid_zero_error,," require pkt.payload = queued_frames(scid);""",/results/temp/3405/quic_client_test_newcoid_zero_error0.iev,15.0,0.0
aioquic,client,quic_client_test_newcoid_zero_error,,"require is_protocol_violation;""",/results/temp/3456/quic_client_test_newcoid_zero_error0.iev,36.0,0.0
quic-go,client,quic_client_test_accept_maxdata,,frame.connection_close:{err_code:0x130},/results/temp/3507/quic_client_test_accept_maxdata0.iev,5.0,0.0
quic-go,client,quic_client_test_accept_maxdata,,frame.connection_close:{err_code:0x130},/results/temp/3558/quic_client_test_accept_maxdata0.iev,9.0,0.0
mvfst,client,quic_client_test_accept_maxdata,,Timeout binding ID,/results/temp/3609/quic_client_test_accept_maxdata0.iev,1.0,0.0
mvfst,client,quic_client_test_accept_maxdata,,Timeout binding ID,/results/temp/3660/quic_client_test_accept_maxdata0.iev,1.0,0.0
lsquic,client,quic_client_test_accept_maxdata,,"require conn_total_data(the_cid) > 0;""",/results/temp/3711/quic_client_test_accept_maxdata0.iev,19.0,0.0
lsquic,client,quic_client_test_accept_maxdata,,"require conn_total_data(the_cid) > 0;""",/results/temp/3762/quic_client_test_accept_maxdata0.iev,17.0,0.0
picoquic,client,quic_client_test_accept_maxdata,,frame.connection_close:{err_code:0x4},/results/temp/3864/quic_client_test_accept_maxdata0.iev,18.0,0.0
aioquic,client,quic_client_test_accept_maxdata,,frame.connection_close:{err_code:0x5},/results/temp/3915/quic_client_test_accept_maxdata0.iev,15.0,0.0
aioquic,client,quic_client_test_accept_maxdata,,frame.connection_close:{err_code:0x5},/results/temp/3966/quic_client_test_accept_maxdata0.iev,12.0,0.0
quic-go,client,quic_client_test_tp_prefadd_error,,frame.connection_close:{err_code:0x130},/results/temp/4017/quic_client_test_tp_prefadd_error0.iev,6.0,0.0
mvfst,client,quic_client_test_tp_prefadd_error,,Timeout binding ID,/results/temp/4119/quic_client_test_tp_prefadd_error0.iev,1.0,0.0
mvfst,client,quic_client_test_tp_prefadd_error,,Timeout binding ID,/results/temp/4170/quic_client_test_tp_prefadd_error0.iev,1.0,0.0
lsquic,client,quic_client_test_tp_prefadd_error,,Timeout sending ID,/results/temp/4221/quic_client_test_tp_prefadd_error0.iev,8.0,0.0
lsquic,client,quic_client_test_tp_prefadd_error,,Timeout sending ID,/results/temp/4272/quic_client_test_tp_prefadd_error0.iev,9.0,0.0
picoquic,client,quic_client_test_tp_prefadd_error,,No Error,/results/temp/4323/quic_client_test_tp_prefadd_error0.iev,7.0,1.0
picoquic,client,quic_client_test_tp_prefadd_error,,No Error,/results/temp/4374/quic_client_test_tp_prefadd_error0.iev,8.0,1.0
aioquic,client,quic_client_test_tp_prefadd_error,,Timeout sending ID,/results/temp/4425/quic_client_test_tp_prefadd_error0.iev,12.0,0.0
aioquic,client,quic_client_test_tp_prefadd_error,,Timeout sending ID,/results/temp/4476/quic_client_test_tp_prefadd_error0.iev,15.0,0.0
quic-go,client,quic_client_test_no_odci,,server_return_code(1)+timeout,/results/temp/4527/quic_client_test_no_odci0.iev,5.0,0.0
quic-go,client,quic_client_test_no_odci,,server_return_code(1)+timeout,/results/temp/4578/quic_client_test_no_odci0.iev,5.0,0.0
mvfst,client,quic_client_test_no_odci,,Timeout binding ID,/results/temp/4629/quic_client_test_no_odci0.iev,1.0,0.0
mvfst,client,quic_client_test_no_odci,,Timeout binding ID,/results/temp/4680/quic_client_test_no_odci0.iev,1.0,0.0
lsquic,client,quic_client_test_no_odci,,Timeout sending ID,/results/temp/4782/quic_client_test_no_odci0.iev,6.0,0.0
picoquic,client,quic_client_test_no_odci,,No Error,/results/temp/4833/quic_client_test_no_odci0.iev,7.0,1.0
picoquic,client,quic_client_test_no_odci,,No Error,/results/temp/4884/quic_client_test_no_odci0.iev,6.0,1.0
aioquic,client,quic_client_test_no_odci,,Segmentation Fault 139,/results/temp/4935/quic_client_test_no_odci0.iev,7.0,0.0
aioquic,client,quic_client_test_no_odci,,Segmentation Fault 139,/results/temp/4986/quic_client_test_no_odci0.iev,5.0,0.0
mvfst,client,quic_client_test_ext_min_ack_delay,,Timeout binding ID,/results/temp/5139/quic_client_test_ext_min_ack_delay0.iev,1.0,0.0
mvfst,client,quic_client_test_ext_min_ack_delay,,Timeout binding ID,/results/temp/5190/quic_client_test_ext_min_ack_delay0.iev,1.0,0.0
lsquic,client,quic_client_test_ext_min_ack_delay,,Timeout sending ID,/results/temp/5292/quic_client_test_ext_min_ack_delay0.iev,6.0,0.0
picoquic,client,quic_client_test_ext_min_ack_delay,,Timeout sending ID,/results/temp/5343/quic_client_test_ext_min_ack_delay0.iev,25.0,0.0
picoquic,client,quic_client_test_ext_min_ack_delay,,Timeout sending ID,/results/temp/5394/quic_client_test_ext_min_ack_delay0.iev,28.0,0.0
aioquic,client,quic_client_test_ext_min_ack_delay,,Timeout sending ID,/results/temp/5445/quic_client_test_ext_min_ack_delay0.iev,15.0,0.0
aioquic,client,quic_client_test_ext_min_ack_delay,,Timeout sending ID,/results/temp/5496/quic_client_test_ext_min_ack_delay0.iev,18.0,0.0
quic-go,client,quic_client_test_ext_min_ack_delay,,Timeout sending ID,/results/temp/53/quic_client_test_ext_min_ack_delay0.iev,25.0,0.0
quic-go,client,quic_client_test_max,,frame.connection_close:{err_code:0x130},/results/temp/53/quic_client_test_max0.iev,6.0,0.0
mvfst,client,quic_client_test_max,,Timeout binding ID,/results/temp/104/quic_client_test_max0.iev,1.0,0.0
mvfst,client,quic_client_test_max,,Timeout binding ID,/results/temp/155/quic_client_test_max0.iev,1.0,0.0
lsquic,client,quic_client_test_max,,"require conn_total_data(the_cid) > 0;""",/results/temp/206/quic_client_test_max0.iev,49.0,0.0
lsquic,client,quic_client_test_max,,"require conn_total_data(the_cid) > 0;""",/results/temp/257/quic_client_test_max0.iev,50.0,0.0
picoquic,client,quic_client_test_max,,frame.connection_close:{err_code:0x4},/results/temp/308/quic_client_test_max0.iev,33.0,0.0
picoquic,client,quic_client_test_max,,No Error,/results/temp/359/quic_client_test_max0.iev,43.0,1.0
aioquic,client,quic_client_test_max,,frame.connection_close:{err_code:0x5},/results/temp/410/quic_client_test_max0.iev,9.0,0.0
aioquic,client,quic_client_test_max,,No Error,/results/temp/461/quic_client_test_max0.iev,62.0,1.0
quic-go,client,quic_client_test_tp_error,,server_return_code(1)+timeout,/results/temp/549/quic_client_test_tp_error0.iev,5.0,0.0
quic-go,client,quic_client_test_max,,frame.connection_close:{err_code:0x130},/results/temp/2/quic_client_test_max0.iev,6.0,0.0
quic-go,client,quic_client_test_tp_error,,server_return_code(1)+timeout,/results/temp/550/quic_client_test_tp_error0.iev,5.0,0.0
mvfst,client,quic_client_test_tp_error,,Timeout binding ID,/results/temp/601/quic_client_test_tp_error0.iev,1.0,0.0
mvfst,client,quic_client_test_tp_error,,Timeout binding ID,/results/temp/652/quic_client_test_tp_error0.iev,1.0,0.0
lsquic,client,quic_client_test_tp_error,,Timeout sending ID,/results/temp/703/quic_client_test_tp_error0.iev,6.0,0.0
lsquic,client,quic_client_test_tp_error,,Timeout sending ID,/results/temp/754/quic_client_test_tp_error0.iev,7.0,0.0
picoquic,client,quic_client_test_tp_error,,Timeout sending ID,/results/temp/805/quic_client_test_tp_error0.iev,31.0,0.0
picoquic,client,quic_client_test_tp_error,,Timeout sending ID,/results/temp/856/quic_client_test_tp_error0.iev,19.0,0.0
aioquic,client,quic_client_test_tp_error,,Timeout sending ID,/results/temp/907/quic_client_test_tp_error0.iev,13.0,0.0
aioquic,client,quic_client_test_tp_error,,Timeout sending ID,/results/temp/958/quic_client_test_tp_error0.iev,11.0,0.0
quic-go,client,quic_client_test_double_tp_error,,server_return_code(1)+timeout,/results/temp/1009/quic_client_test_double_tp_error0.iev,6.0,0.0
quic-go,client,quic_client_test_double_tp_error,,server_return_code(1)+timeout,/results/temp/1060/quic_client_test_double_tp_error0.iev,5.0,0.0
mvfst,client,quic_client_test_double_tp_error,,Timeout binding ID,/results/temp/1111/quic_client_test_double_tp_error0.iev,1.0,0.0
mvfst,client,quic_client_test_double_tp_error,,Timeout binding ID,/results/temp/1162/quic_client_test_double_tp_error0.iev,1.0,0.0
lsquic,client,quic_client_test_double_tp_error,,Timeout sending ID,/results/temp/1213/quic_client_test_double_tp_error0.iev,7.0,0.0
lsquic,client,quic_client_test_double_tp_error,,Timeout sending ID,/results/temp/1264/quic_client_test_double_tp_error0.iev,7.0,0.0
picoquic,client,quic_client_test_double_tp_error,,No Error,/results/temp/1315/quic_client_test_double_tp_error0.iev,7.0,1.0
picoquic,client,quic_client_test_double_tp_error,,No Error,/results/temp/1366/quic_client_test_double_tp_error0.iev,6.0,1.0
aioquic,client,quic_client_test_double_tp_error,,Timeout sending ID,/results/temp/1417/quic_client_test_double_tp_error0.iev,14.0,0.0
aioquic,client,quic_client_test_double_tp_error,,Timeout sending ID,/results/temp/1468/quic_client_test_double_tp_error0.iev,13.0,0.0
quic-go,client,quic_client_test_tp_acticoid_error,,frame.connection_close:{err_code:0x8},/results/temp/1570/quic_client_test_tp_acticoid_error0.iev,6.0,0.0
mvfst,client,quic_client_test_tp_acticoid_error,,Timeout binding ID,/results/temp/1621/quic_client_test_tp_acticoid_error0.iev,1.0,0.0
mvfst,client,quic_client_test_tp_acticoid_error,,Timeout binding ID,/results/temp/1672/quic_client_test_tp_acticoid_error0.iev,1.0,0.0
lsquic,client,quic_client_test_tp_acticoid_error,,Timeout sending ID,/results/temp/1774/quic_client_test_tp_acticoid_error0.iev,6.0,0.0
picoquic,client,quic_client_test_tp_acticoid_error,,Timeout sending ID,/results/temp/1825/quic_client_test_tp_acticoid_error0.iev,19.0,0.0
picoquic,client,quic_client_test_tp_acticoid_error,,Timeout sending ID,/results/temp/1876/quic_client_test_tp_acticoid_error0.iev,18.0,0.0
aioquic,client,quic_client_test_tp_acticoid_error,,Segmentation Fault 139,/results/temp/1927/quic_client_test_tp_acticoid_error0.iev,5.0,0.0
aioquic,client,quic_client_test_tp_acticoid_error,,Segmentation Fault 139,/results/temp/1978/quic_client_test_tp_acticoid_error0.iev,6.0,0.0
quic-go,client,quic_client_test_tp_limit_acticoid_error,,frame.connection_close:{err_code:0x130},/results/temp/2029/quic_client_test_tp_limit_acticoid_error0.iev,6.0,0.0
quic-go,client,quic_client_test_tp_limit_acticoid_error,,frame.connection_close:{err_code:0x130},/results/temp/2080/quic_client_test_tp_limit_acticoid_error0.iev,5.0,0.0
mvfst,client,quic_client_test_tp_limit_acticoid_error,,Timeout binding ID,/results/temp/2131/quic_client_test_tp_limit_acticoid_error0.iev,1.0,0.0
mvfst,client,quic_client_test_tp_limit_acticoid_error,,Timeout binding ID,/results/temp/2182/quic_client_test_tp_limit_acticoid_error0.iev,1.0,0.0
lsquic,client,quic_client_test_tp_limit_acticoid_error,,"require is_connection_id_limit_error;""",/results/temp/2233/quic_client_test_tp_limit_acticoid_error0.iev,22.0,0.0
lsquic,client,quic_client_test_tp_limit_acticoid_error,,"require is_connection_id_limit_error;""",/results/temp/2284/quic_client_test_tp_limit_acticoid_error0.iev,19.0,0.0
picoquic,client,quic_client_test_tp_limit_acticoid_error,," require pkt.payload = queued_frames(scid);""",/results/temp/2335/quic_client_test_tp_limit_acticoid_error0.iev,9.0,0.0
picoquic,client,quic_client_test_tp_limit_acticoid_error,," require pkt.payload = queued_frames(scid);""",/results/temp/2386/quic_client_test_tp_limit_acticoid_error0.iev,10.0,0.0
aioquic,client,quic_client_test_tp_limit_acticoid_error,," require pkt.payload = queued_frames(scid);""",/results/temp/2437/quic_client_test_tp_limit_acticoid_error0.iev,7.0,0.0
aioquic,client,quic_client_test_tp_limit_acticoid_error,," require pkt.payload = queued_frames(scid);""",/results/temp/2488/quic_client_test_tp_limit_acticoid_error0.iev,9.0,0.0
mvfst,client,quic_client_test_retirecoid_error,,Timeout binding ID,/results/temp/2641/quic_client_test_retirecoid_error0.iev,1.0,0.0
mvfst,client,quic_client_test_retirecoid_error,,Timeout binding ID,/results/temp/2692/quic_client_test_retirecoid_error0.iev,1.0,0.0
lsquic,client,quic_client_test_retirecoid_error,,"require is_protocol_violation;""",/results/temp/2743/quic_client_test_retirecoid_error0.iev,35.0,0.0
lsquic,client,quic_client_test_retirecoid_error,,"require is_protocol_violation;""",/results/temp/2794/quic_client_test_retirecoid_error0.iev,36.0,0.0
picoquic,client,quic_client_test_retirecoid_error,," require pkt.payload = queued_frames(scid);""",/results/temp/2845/quic_client_test_retirecoid_error0.iev,9.0,0.0
picoquic,client,quic_client_test_retirecoid_error,," require pkt.payload = queued_frames(scid);""",/results/temp/2896/quic_client_test_retirecoid_error0.iev,10.0,0.0
aioquic,client,quic_client_test_retirecoid_error,," require pkt.payload = queued_frames(scid);""",/results/temp/2947/quic_client_test_retirecoid_error0.iev,12.0,0.0
aioquic,client,quic_client_test_retirecoid_error,," require pkt.payload = queued_frames(scid);""",/results/temp/2998/quic_client_test_retirecoid_error0.iev,11.0,0.0
quic-go,client,quic_client_test_newcoid_zero_error,,frame.connection_close:{err_code:0x130},/results/temp/3049/quic_client_test_newcoid_zero_error0.iev,5.0,0.0
mvfst,client,quic_client_test_newcoid_zero_error,,Timeout binding ID,/results/temp/3100/quic_client_test_newcoid_zero_error0.iev,1.0,0.0
mvfst,client,quic_client_test_newcoid_zero_error,,Timeout binding ID,/results/temp/3151/quic_client_test_newcoid_zero_error0.iev,1.0,0.0
lsquic,client,quic_client_test_newcoid_zero_error,,"require is_protocol_violation;""",/results/temp/3202/quic_client_test_newcoid_zero_error0.iev,34.0,0.0
picoquic,client,quic_client_test_newcoid_zero_error,," require pkt.payload = queued_frames(scid);""",/results/temp/3304/quic_client_test_newcoid_zero_error0.iev,14.0,0.0
picoquic,client,quic_client_test_newcoid_zero_error,," require pkt.payload = queued_frames(scid);""",/results/temp/3355/quic_client_test_newcoid_zero_error0.iev,20.0,0.0
aioquic,client,quic_client_test_newcoid_zero_error,," require pkt.payload = queued_frames(scid);""",/results/temp/3406/quic_client_test_newcoid_zero_error0.iev,10.0,0.0
aioquic,client,quic_client_test_newcoid_zero_error,,"	require num_queued_frames(scid) > 0 -> e = queued_level(scid);""",/results/temp/3457/quic_client_test_newcoid_zero_error0.iev,13.0,0.0
quic-go,client,quic_client_test_accept_maxdata,,frame.connection_close:{err_code:0x130},/results/temp/3508/quic_client_test_accept_maxdata0.iev,5.0,0.0
quic-go,client,quic_client_test_accept_maxdata,,frame.connection_close:{err_code:0x130},/results/temp/3559/quic_client_test_accept_maxdata0.iev,8.0,0.0
mvfst,client,quic_client_test_accept_maxdata,,Timeout binding ID,/results/temp/3610/quic_client_test_accept_maxdata0.iev,1.0,0.0
mvfst,client,quic_client_test_accept_maxdata,,Timeout binding ID,/results/temp/3661/quic_client_test_accept_maxdata0.iev,1.0,0.0
lsquic,client,quic_client_test_accept_maxdata,,"require conn_total_data(the_cid) > 0;""",/results/temp/3712/quic_client_test_accept_maxdata0.iev,17.0,0.0
lsquic,client,quic_client_test_accept_maxdata,,"require conn_total_data(the_cid) > 0;""",/results/temp/3763/quic_client_test_accept_maxdata0.iev,17.0,0.0
picoquic,client,quic_client_test_accept_maxdata,,frame.connection_close:{err_code:0x4},/results/temp/3814/quic_client_test_accept_maxdata0.iev,19.0,0.0
picoquic,client,quic_client_test_accept_maxdata,,frame.connection_close:{err_code:0x4},/results/temp/3865/quic_client_test_accept_maxdata0.iev,14.0,0.0
aioquic,client,quic_client_test_accept_maxdata,,frame.connection_close:{err_code:0x5},/results/temp/3916/quic_client_test_accept_maxdata0.iev,18.0,0.0
aioquic,client,quic_client_test_accept_maxdata,,frame.connection_close:{err_code:0x5},/results/temp/3967/quic_client_test_accept_maxdata0.iev,11.0,0.0
quic-go,client,quic_client_test_tp_prefadd_error,,frame.connection_close:{err_code:0x130},/results/temp/4018/quic_client_test_tp_prefadd_error0.iev,5.0,0.0
quic-go,client,quic_client_test_tp_prefadd_error,,frame.connection_close:{err_code:0x130},/results/temp/4069/quic_client_test_tp_prefadd_error0.iev,5.0,0.0
mvfst,client,quic_client_test_tp_prefadd_error,,Timeout binding ID,/results/temp/4120/quic_client_test_tp_prefadd_error0.iev,1.0,0.0
mvfst,client,quic_client_test_tp_prefadd_error,,Timeout binding ID,/results/temp/4171/quic_client_test_tp_prefadd_error0.iev,1.0,0.0
picoquic,client,quic_client_test_tp_prefadd_error,,No Error,/results/temp/4324/quic_client_test_tp_prefadd_error0.iev,7.0,1.0
picoquic,client,quic_client_test_tp_prefadd_error,,No Error,/results/temp/4375/quic_client_test_tp_prefadd_error0.iev,6.0,1.0
aioquic,client,quic_client_test_tp_prefadd_error,,Timeout sending ID,/results/temp/4426/quic_client_test_tp_prefadd_error0.iev,15.0,0.0
aioquic,client,quic_client_test_tp_prefadd_error,,Timeout sending ID,/results/temp/4477/quic_client_test_tp_prefadd_error0.iev,15.0,0.0
quic-go,client,quic_client_test_no_odci,,server_return_code(1)+timeout,/results/temp/4528/quic_client_test_no_odci0.iev,5.0,0.0
mvfst,client,quic_client_test_no_odci,,Timeout binding ID,/results/temp/4630/quic_client_test_no_odci0.iev,1.0,0.0
mvfst,client,quic_client_test_no_odci,,Timeout binding ID,/results/temp/4681/quic_client_test_no_odci0.iev,1.0,0.0
lsquic,client,quic_client_test_no_odci,,Timeout sending ID,/results/temp/4732/quic_client_test_no_odci0.iev,8.0,0.0
lsquic,client,quic_client_test_no_odci,,Timeout sending ID,/results/temp/4783/quic_client_test_no_odci0.iev,9.0,0.0
picoquic,client,quic_client_test_no_odci,,No Error,/results/temp/4834/quic_client_test_no_odci0.iev,6.0,1.0
picoquic,client,quic_client_test_no_odci,,No Error,/results/temp/4885/quic_client_test_no_odci0.iev,7.0,1.0
aioquic,client,quic_client_test_no_odci,,Segmentation Fault 139,/results/temp/4936/quic_client_test_no_odci0.iev,5.0,0.0
aioquic,client,quic_client_test_no_odci,,Segmentation Fault 139,/results/temp/4987/quic_client_test_no_odci0.iev,5.0,0.0
quic-go,client,quic_client_test_ext_min_ack_delay,,frame.connection_close:{err_code:0x130},/results/temp/5038/quic_client_test_ext_min_ack_delay0.iev,6.0,0.0
quic-go,client,quic_client_test_ext_min_ack_delay,,frame.connection_close:{err_code:0x130},/results/temp/5089/quic_client_test_ext_min_ack_delay0.iev,7.0,0.0
mvfst,client,quic_client_test_ext_min_ack_delay,,Timeout binding ID,/results/temp/5140/quic_client_test_ext_min_ack_delay0.iev,1.0,0.0
mvfst,client,quic_client_test_ext_min_ack_delay,,Timeout binding ID,/results/temp/5191/quic_client_test_ext_min_ack_delay0.iev,1.0,0.0
lsquic,client,quic_client_test_ext_min_ack_delay,,Timeout sending ID,/results/temp/5242/quic_client_test_ext_min_ack_delay0.iev,7.0,0.0
picoquic,client,quic_client_test_ext_min_ack_delay,,Timeout sending ID,/results/temp/5344/quic_client_test_ext_min_ack_delay0.iev,38.0,0.0
picoquic,client,quic_client_test_ext_min_ack_delay,,Timeout sending ID,/results/temp/5395/quic_client_test_ext_min_ack_delay0.iev,34.0,0.0
aioquic,client,quic_client_test_ext_min_ack_delay,,Timeout sending ID,/results/temp/5446/quic_client_test_ext_min_ack_delay0.iev,15.0,0.0
aioquic,client,quic_client_test_ext_min_ack_delay,,Timeout sending ID,/results/temp/5497/quic_client_test_ext_min_ack_delay0.iev,21.0,0.0
quic-go,client,quic_client_test_max,,frame.connection_close:{err_code:0x130},/results/temp/3/quic_client_test_max0.iev,6.0,0.0
quic-go,client,quic_client_test_ext_min_ack_delay,,Timeout sending ID,/results/temp/54/quic_client_test_ext_min_ack_delay0.iev,14.0,0.0
mvfst,client,quic_client_test_max,,Timeout binding ID,/results/temp/105/quic_client_test_max0.iev,1.0,0.0
mvfst,client,quic_client_test_max,,Timeout binding ID,/results/temp/156/quic_client_test_max0.iev,1.0,0.0
lsquic,client,quic_client_test_max,,"require conn_total_data(the_cid) > 0;""",/results/temp/207/quic_client_test_max0.iev,50.0,0.0
lsquic,client,quic_client_test_max,,"require conn_total_data(the_cid) > 0;""",/results/temp/258/quic_client_test_max0.iev,50.0,0.0
picoquic,client,quic_client_test_max,,"require stream_id_allowed(dcid,f.id);  # [6]""",/results/temp/309/quic_client_test_max0.iev,67.0,0.0
picoquic,client,quic_client_test_max,,"require stream_id_allowed(dcid,f.id);  # [6]""",/results/temp/360/quic_client_test_max0.iev,22.0,0.0
aioquic,client,quic_client_test_max,,No Error,/results/temp/411/quic_client_test_max0.iev,62.0,1.0
aioquic,client,quic_client_test_max,,No Error,/results/temp/462/quic_client_test_max0.iev,62.0,1.0
mvfst,client,quic_client_test_tp_error,,Timeout binding ID,/results/temp/602/quic_client_test_tp_error0.iev,1.0,0.0
mvfst,client,quic_client_test_tp_error,,Timeout binding ID,/results/temp/653/quic_client_test_tp_error0.iev,1.0,0.0
lsquic,client,quic_client_test_tp_error,,Timeout sending ID,/results/temp/704/quic_client_test_tp_error0.iev,9.0,0.0
lsquic,client,quic_client_test_tp_error,,Timeout sending ID,/results/temp/755/quic_client_test_tp_error0.iev,8.0,0.0
picoquic,client,quic_client_test_tp_error,,Timeout sending ID,/results/temp/806/quic_client_test_tp_error0.iev,32.0,0.0
aioquic,client,quic_client_test_tp_error,,Timeout sending ID,/results/temp/959/quic_client_test_tp_error0.iev,14.0,0.0
quic-go,client,quic_client_test_double_tp_error,,server_return_code(1)+timeout,/results/temp/1010/quic_client_test_double_tp_error0.iev,5.0,0.0
mvfst,client,quic_client_test_double_tp_error,,Timeout binding ID,/results/temp/1112/quic_client_test_double_tp_error0.iev,1.0,0.0
mvfst,client,quic_client_test_double_tp_error,,Timeout binding ID,/results/temp/1163/quic_client_test_double_tp_error0.iev,1.0,0.0
lsquic,client,quic_client_test_double_tp_error,,Timeout sending ID,/results/temp/1214/quic_client_test_double_tp_error0.iev,7.0,0.0
lsquic,client,quic_client_test_double_tp_error,,Timeout sending ID,/results/temp/1265/quic_client_test_double_tp_error0.iev,7.0,0.0
picoquic,client,quic_client_test_double_tp_error,,No Error,/results/temp/1316/quic_client_test_double_tp_error0.iev,7.0,1.0
picoquic,client,quic_client_test_double_tp_error,,No Error,/results/temp/1367/quic_client_test_double_tp_error0.iev,6.0,1.0
aioquic,client,quic_client_test_double_tp_error,,Timeout sending ID,/results/temp/1418/quic_client_test_double_tp_error0.iev,13.0,0.0
aioquic,client,quic_client_test_double_tp_error,,Timeout sending ID,/results/temp/1469/quic_client_test_double_tp_error0.iev,14.0,0.0
quic-go,client,quic_client_test_tp_acticoid_error,,frame.connection_close:{err_code:0x8},/results/temp/1520/quic_client_test_tp_acticoid_error0.iev,6.0,0.0
quic-go,client,quic_client_test_tp_acticoid_error,,frame.connection_close:{err_code:0x8},/results/temp/1571/quic_client_test_tp_acticoid_error0.iev,6.0,0.0
mvfst,client,quic_client_test_tp_acticoid_error,,Timeout binding ID,/results/temp/1622/quic_client_test_tp_acticoid_error0.iev,1.0,0.0
mvfst,client,quic_client_test_tp_acticoid_error,,Timeout binding ID,/results/temp/1673/quic_client_test_tp_acticoid_error0.iev,1.0,0.0
lsquic,client,quic_client_test_tp_acticoid_error,,Timeout sending ID,/results/temp/1724/quic_client_test_tp_acticoid_error0.iev,7.0,0.0
lsquic,client,quic_client_test_tp_acticoid_error,,Timeout sending ID,/results/temp/1775/quic_client_test_tp_acticoid_error0.iev,6.0,0.0
picoquic,client,quic_client_test_tp_acticoid_error,,Timeout sending ID,/results/temp/1826/quic_client_test_tp_acticoid_error0.iev,18.0,0.0
picoquic,client,quic_client_test_tp_acticoid_error,,Timeout sending ID,/results/temp/1877/quic_client_test_tp_acticoid_error0.iev,20.0,0.0
aioquic,client,quic_client_test_tp_acticoid_error,,Segmentation Fault 139,/results/temp/1928/quic_client_test_tp_acticoid_error0.iev,6.0,0.0
aioquic,client,quic_client_test_tp_acticoid_error,,Segmentation Fault 139,/results/temp/1979/quic_client_test_tp_acticoid_error0.iev,6.0,0.0
quic-go,client,quic_client_test_tp_limit_acticoid_error,,frame.connection_close:{err_code:0x130},/results/temp/2081/quic_client_test_tp_limit_acticoid_error0.iev,5.0,0.0
mvfst,client,quic_client_test_tp_limit_acticoid_error,,Timeout binding ID,/results/temp/2132/quic_client_test_tp_limit_acticoid_error0.iev,1.0,0.0
mvfst,client,quic_client_test_tp_limit_acticoid_error,,Timeout binding ID,/results/temp/2183/quic_client_test_tp_limit_acticoid_error0.iev,1.0,0.0
lsquic,client,quic_client_test_tp_limit_acticoid_error,,"require is_connection_id_limit_error;""",/results/temp/2234/quic_client_test_tp_limit_acticoid_error0.iev,20.0,0.0
lsquic,client,quic_client_test_tp_limit_acticoid_error,,"require is_connection_id_limit_error;""",/results/temp/2285/quic_client_test_tp_limit_acticoid_error0.iev,19.0,0.0
picoquic,client,quic_client_test_tp_limit_acticoid_error,," require pkt.payload = queued_frames(scid);""",/results/temp/2336/quic_client_test_tp_limit_acticoid_error0.iev,10.0,0.0
picoquic,client,quic_client_test_tp_limit_acticoid_error,," require pkt.payload = queued_frames(scid);""",/results/temp/2387/quic_client_test_tp_limit_acticoid_error0.iev,14.0,0.0
aioquic,client,quic_client_test_tp_limit_acticoid_error,," require pkt.payload = queued_frames(scid);""",/results/temp/2438/quic_client_test_tp_limit_acticoid_error0.iev,12.0,0.0
aioquic,client,quic_client_test_tp_limit_acticoid_error,," require pkt.payload = queued_frames(scid);""",/results/temp/2489/quic_client_test_tp_limit_acticoid_error0.iev,16.0,0.0
quic-go,client,quic_client_test_retirecoid_error,,frame.connection_close:{err_code:0x130},/results/temp/2540/quic_client_test_retirecoid_error0.iev,6.0,0.0
quic-go,client,quic_client_test_retirecoid_error,,frame.connection_close:{err_code:0x130},/results/temp/2591/quic_client_test_retirecoid_error0.iev,6.0,0.0
mvfst,client,quic_client_test_retirecoid_error,,Timeout binding ID,/results/temp/2642/quic_client_test_retirecoid_error0.iev,1.0,0.0
mvfst,client,quic_client_test_retirecoid_error,,Timeout binding ID,/results/temp/2693/quic_client_test_retirecoid_error0.iev,1.0,0.0
lsquic,client,quic_client_test_retirecoid_error,,"require is_protocol_violation;""",/results/temp/2744/quic_client_test_retirecoid_error0.iev,29.0,0.0
lsquic,client,quic_client_test_retirecoid_error,,"require is_protocol_violation;""",/results/temp/2795/quic_client_test_retirecoid_error0.iev,37.0,0.0
picoquic,client,quic_client_test_retirecoid_error,," require pkt.payload = queued_frames(scid);""",/results/temp/2846/quic_client_test_retirecoid_error0.iev,14.0,0.0
picoquic,client,quic_client_test_retirecoid_error,," require pkt.payload = queued_frames(scid);""",/results/temp/2897/quic_client_test_retirecoid_error0.iev,11.0,0.0
aioquic,client,quic_client_test_retirecoid_error,," require pkt.payload = queued_frames(scid);""",/results/temp/2948/quic_client_test_retirecoid_error0.iev,10.0,0.0
aioquic,client,quic_client_test_retirecoid_error,," require pkt.payload = queued_frames(scid);""",/results/temp/2999/quic_client_test_retirecoid_error0.iev,9.0,0.0
quic-go,client,quic_client_test_newcoid_zero_error,,frame.connection_close:{err_code:0x130},/results/temp/3050/quic_client_test_newcoid_zero_error0.iev,6.0,0.0
mvfst,client,quic_client_test_newcoid_zero_error,,Timeout binding ID,/results/temp/3101/quic_client_test_newcoid_zero_error0.iev,1.0,0.0
mvfst,client,quic_client_test_newcoid_zero_error,,Timeout binding ID,/results/temp/3152/quic_client_test_newcoid_zero_error0.iev,1.0,0.0
lsquic,client,quic_client_test_newcoid_zero_error,,"require is_protocol_violation;""",/results/temp/3203/quic_client_test_newcoid_zero_error0.iev,37.0,0.0
lsquic,client,quic_client_test_newcoid_zero_error,,"require is_protocol_violation;""",/results/temp/3254/quic_client_test_newcoid_zero_error0.iev,35.0,0.0
picoquic,client,quic_client_test_newcoid_zero_error,," require pkt.payload = queued_frames(scid);""",/results/temp/3305/quic_client_test_newcoid_zero_error0.iev,22.0,0.0
picoquic,client,quic_client_test_newcoid_zero_error,," require pkt.payload = queued_frames(scid);""",/results/temp/3356/quic_client_test_newcoid_zero_error0.iev,14.0,0.0
aioquic,client,quic_client_test_newcoid_zero_error,,"require is_protocol_violation;""",/results/temp/3407/quic_client_test_newcoid_zero_error0.iev,23.0,0.0
aioquic,client,quic_client_test_newcoid_zero_error,," require pkt.payload = queued_frames(scid);""",/results/temp/3458/quic_client_test_newcoid_zero_error0.iev,13.0,0.0
quic-go,client,quic_client_test_accept_maxdata,,frame.connection_close:{err_code:0x130},/results/temp/3509/quic_client_test_accept_maxdata0.iev,6.0,0.0
quic-go,client,quic_client_test_accept_maxdata,,frame.connection_close:{err_code:0x130},/results/temp/3560/quic_client_test_accept_maxdata0.iev,5.0,0.0
mvfst,client,quic_client_test_accept_maxdata,,Timeout binding ID,/results/temp/3611/quic_client_test_accept_maxdata0.iev,1.0,0.0
mvfst,client,quic_client_test_accept_maxdata,,Timeout binding ID,/results/temp/3662/quic_client_test_accept_maxdata0.iev,1.0,0.0
picoquic,client,quic_client_test_accept_maxdata,,frame.connection_close:{err_code:0x4},/results/temp/3815/quic_client_test_accept_maxdata0.iev,16.0,0.0
picoquic,client,quic_client_test_accept_maxdata,,frame.connection_close:{err_code:0x4},/results/temp/3866/quic_client_test_accept_maxdata0.iev,10.0,0.0
aioquic,client,quic_client_test_accept_maxdata,,frame.connection_close:{err_code:0x5},/results/temp/3917/quic_client_test_accept_maxdata0.iev,8.0,0.0
aioquic,client,quic_client_test_accept_maxdata,,frame.connection_close:{err_code:0x5},/results/temp/3968/quic_client_test_accept_maxdata0.iev,9.0,0.0
quic-go,client,quic_client_test_tp_prefadd_error,,frame.connection_close:{err_code:0x130},/results/temp/4019/quic_client_test_tp_prefadd_error0.iev,6.0,0.0
quic-go,client,quic_client_test_tp_prefadd_error,,frame.connection_close:{err_code:0x130},/results/temp/4070/quic_client_test_tp_prefadd_error0.iev,7.0,0.0
mvfst,client,quic_client_test_tp_prefadd_error,,Timeout binding ID,/results/temp/4121/quic_client_test_tp_prefadd_error0.iev,1.0,0.0
mvfst,client,quic_client_test_tp_prefadd_error,,Timeout binding ID,/results/temp/4172/quic_client_test_tp_prefadd_error0.iev,1.0,0.0
lsquic,client,quic_client_test_tp_prefadd_error,,Timeout sending ID,/results/temp/4223/quic_client_test_tp_prefadd_error0.iev,9.0,0.0
picoquic,client,quic_client_test_tp_prefadd_error,,No Error,/results/temp/4325/quic_client_test_tp_prefadd_error0.iev,7.0,1.0
picoquic,client,quic_client_test_tp_prefadd_error,,No Error,/results/temp/4376/quic_client_test_tp_prefadd_error0.iev,7.0,1.0
aioquic,client,quic_client_test_tp_prefadd_error,,Timeout sending ID,/results/temp/4427/quic_client_test_tp_prefadd_error0.iev,16.0,0.0
aioquic,client,quic_client_test_tp_prefadd_error,,Timeout sending ID,/results/temp/4478/quic_client_test_tp_prefadd_error0.iev,17.0,0.0
quic-go,client,quic_client_test_no_odci,,server_return_code(1)+timeout,/results/temp/4580/quic_client_test_no_odci0.iev,6.0,0.0
mvfst,client,quic_client_test_no_odci,,Timeout binding ID,/results/temp/4631/quic_client_test_no_odci0.iev,1.0,0.0
mvfst,client,quic_client_test_no_odci,,Timeout binding ID,/results/temp/4682/quic_client_test_no_odci0.iev,1.0,0.0
lsquic,client,quic_client_test_no_odci,,Timeout sending ID,/results/temp/4733/quic_client_test_no_odci0.iev,8.0,0.0
picoquic,client,quic_client_test_no_odci,,No Error,/results/temp/4835/quic_client_test_no_odci0.iev,8.0,1.0
picoquic,client,quic_client_test_no_odci,,No Error,/results/temp/4886/quic_client_test_no_odci0.iev,6.0,1.0
aioquic,client,quic_client_test_no_odci,,Segmentation Fault 139,/results/temp/4937/quic_client_test_no_odci0.iev,5.0,0.0
aioquic,client,quic_client_test_no_odci,,Segmentation Fault 139,/results/temp/4988/quic_client_test_no_odci0.iev,6.0,0.0
quic-go,client,quic_client_test_ext_min_ack_delay,,frame.connection_close:{err_code:0x130},/results/temp/5039/quic_client_test_ext_min_ack_delay0.iev,6.0,0.0
mvfst,client,quic_client_test_ext_min_ack_delay,,Timeout binding ID,/results/temp/5141/quic_client_test_ext_min_ack_delay0.iev,1.0,0.0
mvfst,client,quic_client_test_ext_min_ack_delay,,Timeout binding ID,/results/temp/5192/quic_client_test_ext_min_ack_delay0.iev,1.0,0.0
lsquic,client,quic_client_test_ext_min_ack_delay,,Timeout sending ID,/results/temp/5243/quic_client_test_ext_min_ack_delay0.iev,6.0,0.0
lsquic,client,quic_client_test_ext_min_ack_delay,,Timeout sending ID,/results/temp/5294/quic_client_test_ext_min_ack_delay0.iev,7.0,0.0
picoquic,client,quic_client_test_ext_min_ack_delay,,Timeout sending ID,/results/temp/5345/quic_client_test_ext_min_ack_delay0.iev,28.0,0.0
picoquic,client,quic_client_test_ext_min_ack_delay,,Timeout sending ID,/results/temp/5396/quic_client_test_ext_min_ack_delay0.iev,27.0,0.0
aioquic,client,quic_client_test_ext_min_ack_delay,,Timeout sending ID,/results/temp/5447/quic_client_test_ext_min_ack_delay0.iev,15.0,0.0
aioquic,client,quic_client_test_ext_min_ack_delay,,Timeout sending ID,/results/temp/5498/quic_client_test_ext_min_ack_delay0.iev,15.0,0.0
picoquic,client,quic_client_test_tp_error,,Timeout sending ID,/results/temp/857/quic_client_test_tp_error0.iev,27.0,0.0
aioquic,client,quic_client_test_tp_error,,Timeout sending ID,/results/temp/908/quic_client_test_tp_error0.iev,14.0,0.0
quic-go,client,quic_client_test_max,,frame.connection_close:{err_code:0x130},/results/temp/4/quic_client_test_max0.iev,5.0,0.0
quic-go,client,quic_client_test_max,,frame.connection_close:{err_code:0x130},/results/temp/55/quic_client_test_max0.iev,6.0,0.0
mvfst,client,quic_client_test_max,,Timeout binding ID,/results/temp/106/quic_client_test_max0.iev,1.0,0.0
mvfst,client,quic_client_test_max,,Timeout binding ID,/results/temp/157/quic_client_test_max0.iev,1.0,0.0
lsquic,client,quic_client_test_max,,"require conn_total_data(the_cid) > 0;""",/results/temp/208/quic_client_test_max0.iev,50.0,0.0
lsquic,client,quic_client_test_max,,"require conn_total_data(the_cid) > 0;""",/results/temp/259/quic_client_test_max0.iev,49.0,0.0
picoquic,client,quic_client_test_max,,frame.connection_close:{err_code:0x4},/results/temp/310/quic_client_test_max0.iev,18.0,0.0
picoquic,client,quic_client_test_max,,"require stream_id_allowed(dcid,f.id);  # [6]""",/results/temp/361/quic_client_test_max0.iev,47.0,0.0
aioquic,client,quic_client_test_max,,frame.connection_close:{err_code:0x5},/results/temp/412/quic_client_test_max0.iev,12.0,0.0
aioquic,client,quic_client_test_max,,No Error,/results/temp/463/quic_client_test_max0.iev,61.0,1.0
quic-go,client,quic_client_test_tp_error,,server_return_code(1)+timeout,/results/temp/551/quic_client_test_tp_error0.iev,6.0,0.0
quic-go,client,quic_client_test_tp_error,,server_return_code(1)+timeout,/results/temp/552/quic_client_test_tp_error0.iev,5.0,0.0
mvfst,client,quic_client_test_tp_error,,Timeout binding ID,/results/temp/603/quic_client_test_tp_error0.iev,1.0,0.0
mvfst,client,quic_client_test_tp_error,,Timeout binding ID,/results/temp/654/quic_client_test_tp_error0.iev,1.0,0.0
lsquic,client,quic_client_test_tp_error,,Timeout sending ID,/results/temp/705/quic_client_test_tp_error0.iev,6.0,0.0
picoquic,client,quic_client_test_tp_error,,Timeout sending ID,/results/temp/807/quic_client_test_tp_error0.iev,21.0,0.0
picoquic,client,quic_client_test_tp_error,,Timeout sending ID,/results/temp/858/quic_client_test_tp_error0.iev,27.0,0.0
aioquic,client,quic_client_test_tp_error,,Timeout sending ID,/results/temp/909/quic_client_test_tp_error0.iev,14.0,0.0
aioquic,client,quic_client_test_tp_error,,Timeout sending ID,/results/temp/960/quic_client_test_tp_error0.iev,12.0,0.0
quic-go,client,quic_client_test_double_tp_error,,server_return_code(1)+timeout,/results/temp/1011/quic_client_test_double_tp_error0.iev,6.0,0.0
mvfst,client,quic_client_test_double_tp_error,,Timeout binding ID,/results/temp/1113/quic_client_test_double_tp_error0.iev,1.0,0.0
mvfst,client,quic_client_test_double_tp_error,,Timeout binding ID,/results/temp/1164/quic_client_test_double_tp_error0.iev,1.0,0.0
lsquic,client,quic_client_test_double_tp_error,,Timeout sending ID,/results/temp/1215/quic_client_test_double_tp_error0.iev,8.0,0.0
lsquic,client,quic_client_test_double_tp_error,,Timeout sending ID,/results/temp/1266/quic_client_test_double_tp_error0.iev,6.0,0.0
picoquic,client,quic_client_test_double_tp_error,,No Error,/results/temp/1317/quic_client_test_double_tp_error0.iev,7.0,1.0
picoquic,client,quic_client_test_double_tp_error,,No Error,/results/temp/1368/quic_client_test_double_tp_error0.iev,8.0,1.0
aioquic,client,quic_client_test_double_tp_error,,Timeout sending ID,/results/temp/1419/quic_client_test_double_tp_error0.iev,16.0,0.0
aioquic,client,quic_client_test_double_tp_error,,Timeout sending ID,/results/temp/1470/quic_client_test_double_tp_error0.iev,15.0,0.0
quic-go,client,quic_client_test_tp_acticoid_error,,frame.connection_close:{err_code:0x8},/results/temp/1521/quic_client_test_tp_acticoid_error0.iev,7.0,0.0
mvfst,client,quic_client_test_tp_acticoid_error,,Timeout binding ID,/results/temp/1623/quic_client_test_tp_acticoid_error0.iev,1.0,0.0
mvfst,client,quic_client_test_tp_acticoid_error,,Timeout binding ID,/results/temp/1674/quic_client_test_tp_acticoid_error0.iev,1.0,0.0
lsquic,client,quic_client_test_tp_acticoid_error,,Timeout sending ID,/results/temp/1725/quic_client_test_tp_acticoid_error0.iev,8.0,0.0
lsquic,client,quic_client_test_tp_acticoid_error,,Timeout sending ID,/results/temp/1776/quic_client_test_tp_acticoid_error0.iev,8.0,0.0
picoquic,client,quic_client_test_tp_acticoid_error,,Timeout sending ID,/results/temp/1827/quic_client_test_tp_acticoid_error0.iev,18.0,0.0
picoquic,client,quic_client_test_tp_acticoid_error,,Timeout sending ID,/results/temp/1878/quic_client_test_tp_acticoid_error0.iev,19.0,0.0
aioquic,client,quic_client_test_tp_acticoid_error,,Segmentation Fault 139,/results/temp/1929/quic_client_test_tp_acticoid_error0.iev,5.0,0.0
aioquic,client,quic_client_test_tp_acticoid_error,,Segmentation Fault 139,/results/temp/1980/quic_client_test_tp_acticoid_error0.iev,6.0,0.0
mvfst,client,quic_client_test_tp_limit_acticoid_error,,Timeout binding ID,/results/temp/2133/quic_client_test_tp_limit_acticoid_error0.iev,1.0,0.0
mvfst,client,quic_client_test_tp_limit_acticoid_error,,Timeout binding ID,/results/temp/2184/quic_client_test_tp_limit_acticoid_error0.iev,1.0,0.0
lsquic,client,quic_client_test_tp_limit_acticoid_error,,"require is_connection_id_limit_error;""",/results/temp/2235/quic_client_test_tp_limit_acticoid_error0.iev,22.0,0.0
picoquic,client,quic_client_test_tp_limit_acticoid_error,," require pkt.payload = queued_frames(scid);""",/results/temp/2337/quic_client_test_tp_limit_acticoid_error0.iev,9.0,0.0
picoquic,client,quic_client_test_tp_limit_acticoid_error,," require pkt.payload = queued_frames(scid);""",/results/temp/2388/quic_client_test_tp_limit_acticoid_error0.iev,10.0,0.0
aioquic,client,quic_client_test_tp_limit_acticoid_error,," require pkt.payload = queued_frames(scid);""",/results/temp/2439/quic_client_test_tp_limit_acticoid_error0.iev,14.0,0.0
aioquic,client,quic_client_test_tp_limit_acticoid_error,," require pkt.payload = queued_frames(scid);""",/results/temp/2490/quic_client_test_tp_limit_acticoid_error0.iev,7.0,0.0
quic-go,client,quic_client_test_retirecoid_error,,frame.connection_close:{err_code:0x130},/results/temp/2541/quic_client_test_retirecoid_error0.iev,5.0,0.0
quic-go,client,quic_client_test_retirecoid_error,,frame.connection_close:{err_code:0x130},/results/temp/2592/quic_client_test_retirecoid_error0.iev,7.0,0.0
mvfst,client,quic_client_test_retirecoid_error,,Timeout binding ID,/results/temp/2643/quic_client_test_retirecoid_error0.iev,1.0,0.0
mvfst,client,quic_client_test_retirecoid_error,,Timeout binding ID,/results/temp/2694/quic_client_test_retirecoid_error0.iev,1.0,0.0
lsquic,client,quic_client_test_retirecoid_error,,"require is_protocol_violation;""",/results/temp/2745/quic_client_test_retirecoid_error0.iev,38.0,0.0
picoquic,client,quic_client_test_retirecoid_error,," require pkt.payload = queued_frames(scid);""",/results/temp/2847/quic_client_test_retirecoid_error0.iev,20.0,0.0
picoquic,client,quic_client_test_retirecoid_error,," require pkt.payload = queued_frames(scid);""",/results/temp/2898/quic_client_test_retirecoid_error0.iev,14.0,0.0
aioquic,client,quic_client_test_retirecoid_error,," require pkt.payload = queued_frames(scid);""",/results/temp/2949/quic_client_test_retirecoid_error0.iev,14.0,0.0
quic-go,client,quic_client_test_newcoid_zero_error,,frame.connection_close:{err_code:0x130},/results/temp/3000/quic_client_test_newcoid_zero_error0.iev,7.0,0.0
mvfst,client,quic_client_test_newcoid_zero_error,,Timeout binding ID,/results/temp/3102/quic_client_test_newcoid_zero_error0.iev,1.0,0.0
mvfst,client,quic_client_test_newcoid_zero_error,,Timeout binding ID,/results/temp/3153/quic_client_test_newcoid_zero_error0.iev,1.0,0.0
lsquic,client,quic_client_test_newcoid_zero_error,,"require is_protocol_violation;""",/results/temp/3204/quic_client_test_newcoid_zero_error0.iev,35.0,0.0
lsquic,client,quic_client_test_newcoid_zero_error,,"require is_protocol_violation;""",/results/temp/3255/quic_client_test_newcoid_zero_error0.iev,33.0,0.0
picoquic,client,quic_client_test_newcoid_zero_error,," require pkt.payload = queued_frames(scid);""",/results/temp/3306/quic_client_test_newcoid_zero_error0.iev,15.0,0.0
picoquic,client,quic_client_test_newcoid_zero_error,," require pkt.payload = queued_frames(scid);""",/results/temp/3357/quic_client_test_newcoid_zero_error0.iev,13.0,0.0
aioquic,client,quic_client_test_newcoid_zero_error,," require pkt.payload = queued_frames(scid);""",/results/temp/3408/quic_client_test_newcoid_zero_error0.iev,10.0,0.0
aioquic,client,quic_client_test_newcoid_zero_error,," require pkt.payload = queued_frames(scid);""",/results/temp/3459/quic_client_test_newcoid_zero_error0.iev,10.0,0.0
mvfst,client,quic_client_test_accept_maxdata,,Timeout binding ID,/results/temp/3612/quic_client_test_accept_maxdata0.iev,1.0,0.0
mvfst,client,quic_client_test_accept_maxdata,,Timeout binding ID,/results/temp/3663/quic_client_test_accept_maxdata0.iev,1.0,0.0
lsquic,client,quic_client_test_accept_maxdata,,"require conn_total_data(the_cid) > 0;""",/results/temp/3765/quic_client_test_accept_maxdata0.iev,19.0,0.0
picoquic,client,quic_client_test_accept_maxdata,,"require connected(dcid) & connected_to(dcid) = scid;""",/results/temp/3816/quic_client_test_accept_maxdata0.iev,17.0,0.0
picoquic,client,quic_client_test_accept_maxdata,,frame.connection_close:{err_code:0x4},/results/temp/3867/quic_client_test_accept_maxdata0.iev,12.0,0.0
aioquic,client,quic_client_test_accept_maxdata,,frame.connection_close:{err_code:0x5},/results/temp/3918/quic_client_test_accept_maxdata0.iev,13.0,0.0
aioquic,client,quic_client_test_accept_maxdata,,frame.connection_close:{err_code:0x5},/results/temp/3969/quic_client_test_accept_maxdata0.iev,8.0,0.0
quic-go,client,quic_client_test_tp_prefadd_error,,frame.connection_close:{err_code:0x130},/results/temp/4020/quic_client_test_tp_prefadd_error0.iev,5.0,0.0
mvfst,client,quic_client_test_tp_prefadd_error,,Timeout binding ID,/results/temp/4122/quic_client_test_tp_prefadd_error0.iev,1.0,0.0
mvfst,client,quic_client_test_tp_prefadd_error,,Timeout binding ID,/results/temp/4173/quic_client_test_tp_prefadd_error0.iev,1.0,0.0
lsquic,client,quic_client_test_tp_prefadd_error,,Timeout sending ID,/results/temp/4224/quic_client_test_tp_prefadd_error0.iev,9.0,0.0
picoquic,client,quic_client_test_tp_prefadd_error,,No Error,/results/temp/4326/quic_client_test_tp_prefadd_error0.iev,6.0,1.0
picoquic,client,quic_client_test_tp_prefadd_error,,No Error,/results/temp/4377/quic_client_test_tp_prefadd_error0.iev,7.0,1.0
aioquic,client,quic_client_test_tp_prefadd_error,,Timeout sending ID,/results/temp/4428/quic_client_test_tp_prefadd_error0.iev,15.0,0.0
aioquic,client,quic_client_test_tp_prefadd_error,,Timeout sending ID,/results/temp/4479/quic_client_test_tp_prefadd_error0.iev,17.0,0.0
quic-go,client,quic_client_test_no_odci,,server_return_code(1)+timeout,/results/temp/4530/quic_client_test_no_odci0.iev,6.0,0.0
quic-go,client,quic_client_test_no_odci,,server_return_code(1)+timeout,/results/temp/4581/quic_client_test_no_odci0.iev,5.0,0.0
mvfst,client,quic_client_test_no_odci,,Timeout binding ID,/results/temp/4632/quic_client_test_no_odci0.iev,1.0,0.0
mvfst,client,quic_client_test_no_odci,,Timeout binding ID,/results/temp/4683/quic_client_test_no_odci0.iev,1.0,0.0
lsquic,client,quic_client_test_no_odci,,Timeout sending ID,/results/temp/4785/quic_client_test_no_odci0.iev,9.0,0.0
picoquic,client,quic_client_test_no_odci,,No Error,/results/temp/4836/quic_client_test_no_odci0.iev,6.0,1.0
picoquic,client,quic_client_test_no_odci,,No Error,/results/temp/4887/quic_client_test_no_odci0.iev,6.0,1.0
aioquic,client,quic_client_test_no_odci,,Segmentation Fault 139,/results/temp/4938/quic_client_test_no_odci0.iev,5.0,0.0
aioquic,client,quic_client_test_no_odci,,Segmentation Fault 139,/results/temp/4989/quic_client_test_no_odci0.iev,7.0,0.0
quic-go,client,quic_client_test_ext_min_ack_delay,,frame.connection_close:{err_code:0x130},/results/temp/5040/quic_client_test_ext_min_ack_delay0.iev,6.0,0.0
quic-go,client,quic_client_test_ext_min_ack_delay,,frame.connection_close:{err_code:0x130},/results/temp/5091/quic_client_test_ext_min_ack_delay0.iev,6.0,0.0
mvfst,client,quic_client_test_ext_min_ack_delay,,Timeout binding ID,/results/temp/5142/quic_client_test_ext_min_ack_delay0.iev,1.0,0.0
mvfst,client,quic_client_test_ext_min_ack_delay,,Timeout binding ID,/results/temp/5193/quic_client_test_ext_min_ack_delay0.iev,1.0,0.0
lsquic,client,quic_client_test_ext_min_ack_delay,,Timeout sending ID,/results/temp/5295/quic_client_test_ext_min_ack_delay0.iev,9.0,0.0
picoquic,client,quic_client_test_ext_min_ack_delay,,Timeout sending ID,/results/temp/5346/quic_client_test_ext_min_ack_delay0.iev,33.0,0.0
picoquic,client,quic_client_test_ext_min_ack_delay,,Timeout sending ID,/results/temp/5397/quic_client_test_ext_min_ack_delay0.iev,42.0,0.0
aioquic,client,quic_client_test_ext_min_ack_delay,,Timeout sending ID,/results/temp/5448/quic_client_test_ext_min_ack_delay0.iev,15.0,0.0
aioquic,client,quic_client_test_ext_min_ack_delay,,Timeout sending ID,/results/temp/5499/quic_client_test_ext_min_ack_delay0.iev,15.0,0.0
quic-go,client,quic_client_test_token_error,,No Error,/results/temp/5/quic_client_test_token_error0.iev,0.0,1.0
quic-go,client,quic_client_test_tp_error,,server_return_code(1)+timeout,/results/temp/5/quic_client_test_tp_error0.iev,0.0,0.0
quic-go,client,quic_client_test_max,,frame.connection_close:{err_code:0x130},/results/temp/5/quic_client_test_max0.iev,0.0,0.0
quic-go,client,quic_client_test_max,,frame.connection_close:{err_code:0x130},/results/temp/56/quic_client_test_max0.iev,0.0,0.0
mvfst,client,quic_client_test_max,,Timeout binding ID,/results/temp/107/quic_client_test_max0.iev,0.0,0.0
mvfst,client,quic_client_test_max,,Timeout binding ID,/results/temp/158/quic_client_test_max0.iev,0.0,0.0
lsquic,client,quic_client_test_max,,"require conn_total_data(the_cid) > 0;""",/results/temp/260/quic_client_test_max0.iev,0.0,0.0
picoquic,client,quic_client_test_max,,frame.connection_close:{err_code:0x4},/results/temp/311/quic_client_test_max0.iev,0.0,0.0
picoquic,client,quic_client_test_max,,"require stream_id_allowed(dcid,f.id);  # [6]""",/results/temp/362/quic_client_test_max0.iev,0.0,0.0
aioquic,client,quic_client_test_max,,No Error,/results/temp/413/quic_client_test_max0.iev,0.0,1.0
aioquic,client,quic_client_test_max,,No Error,/results/temp/464/quic_client_test_max0.iev,0.0,1.0
picoquic,client,quic_client_test_max,,No Error,/results/temp/363/quic_client_test_max0.iev,0.0,1.0
aioquic,client,quic_client_test_max,,No Error,/results/temp/414/quic_client_test_max0.iev,0.0,1.0
aioquic,client,quic_client_test_max,,No Error,/results/temp/465/quic_client_test_max0.iev,0.0,1.0
quic-go,client,quic_client_test_tp_error,,server_return_code(1)+timeout,/results/temp/502/quic_client_test_tp_error0.iev,0.0,0.0
quic-go,client,quic_client_test_tp_error,,server_return_code(1)+timeout,/results/temp/553/quic_client_test_tp_error0.iev,0.0,0.0
mvfst,client,quic_client_test_tp_error,,Timeout binding ID,/results/temp/604/quic_client_test_tp_error0.iev,0.0,0.0
mvfst,client,quic_client_test_tp_error,,Timeout binding ID,/results/temp/655/quic_client_test_tp_error0.iev,0.0,0.0
lsquic,client,quic_client_test_tp_error,,Timeout sending ID,/results/temp/757/quic_client_test_tp_error0.iev,0.0,0.0
picoquic,client,quic_client_test_tp_error,,Timeout sending ID,/results/temp/808/quic_client_test_tp_error0.iev,0.0,0.0
picoquic,client,quic_client_test_tp_error,,Timeout sending ID,/results/temp/859/quic_client_test_tp_error0.iev,0.0,0.0
aioquic,client,quic_client_test_tp_error,,Timeout sending ID,/results/temp/910/quic_client_test_tp_error0.iev,0.0,0.0
aioquic,client,quic_client_test_tp_error,,Timeout sending ID,/results/temp/961/quic_client_test_tp_error0.iev,0.0,0.0
quic-go,client,quic_client_test_double_tp_error,,server_return_code(1)+timeout,/results/temp/1063/quic_client_test_double_tp_error0.iev,0.0,0.0
aioquic,client,quic_client_test_double_tp_error,,Timeout sending ID,/results/temp/1471/quic_client_test_double_tp_error0.iev,0.0,0.0
quic-go,client,quic_client_test_tp_acticoid_error,,frame.connection_close:{err_code:0x8},/results/temp/1522/quic_client_test_tp_acticoid_error0.iev,0.0,0.0
mvfst,client,quic_client_test_tp_acticoid_error,,Timeout binding ID,/results/temp/1624/quic_client_test_tp_acticoid_error0.iev,0.0,0.0
mvfst,client,quic_client_test_tp_acticoid_error,,Timeout binding ID,/results/temp/1675/quic_client_test_tp_acticoid_error0.iev,0.0,0.0
lsquic,client,quic_client_test_tp_acticoid_error,,Timeout sending ID,/results/temp/1726/quic_client_test_tp_acticoid_error0.iev,0.0,0.0
picoquic,client,quic_client_test_tp_acticoid_error,,Timeout sending ID,/results/temp/1828/quic_client_test_tp_acticoid_error0.iev,0.0,0.0
picoquic,client,quic_client_test_tp_acticoid_error,,Timeout sending ID,/results/temp/1879/quic_client_test_tp_acticoid_error0.iev,0.0,0.0
aioquic,client,quic_client_test_tp_acticoid_error,,Segmentation Fault 139,/results/temp/1930/quic_client_test_tp_acticoid_error0.iev,0.0,0.0
aioquic,client,quic_client_test_tp_acticoid_error,,Segmentation Fault 139,/results/temp/1981/quic_client_test_tp_acticoid_error0.iev,0.0,0.0
mvfst,client,quic_client_test_tp_limit_acticoid_error,,Timeout binding ID,/results/temp/2134/quic_client_test_tp_limit_acticoid_error0.iev,0.0,0.0
mvfst,client,quic_client_test_tp_limit_acticoid_error,,Timeout binding ID,/results/temp/2185/quic_client_test_tp_limit_acticoid_error0.iev,0.0,0.0
lsquic,client,quic_client_test_tp_limit_acticoid_error,,"require is_connection_id_limit_error;""",/results/temp/2236/quic_client_test_tp_limit_acticoid_error0.iev,0.0,0.0
lsquic,client,quic_client_test_tp_limit_acticoid_error,,"require is_connection_id_limit_error;""",/results/temp/2287/quic_client_test_tp_limit_acticoid_error0.iev,0.0,0.0
picoquic,client,quic_client_test_tp_limit_acticoid_error,,frame.connection_close:{err_code:0xa},/results/temp/2338/quic_client_test_tp_limit_acticoid_error0.iev,0.0,0.0
picoquic,client,quic_client_test_tp_limit_acticoid_error,," require pkt.payload = queued_frames(scid);""",/results/temp/2389/quic_client_test_tp_limit_acticoid_error0.iev,0.0,0.0
aioquic,client,quic_client_test_tp_limit_acticoid_error,," require pkt.payload = queued_frames(scid);""",/results/temp/2440/quic_client_test_tp_limit_acticoid_error0.iev,0.0,0.0
aioquic,client,quic_client_test_tp_limit_acticoid_error,," require pkt.payload = queued_frames(scid);""",/results/temp/2491/quic_client_test_tp_limit_acticoid_error0.iev,0.0,0.0
quic-go,client,quic_client_test_retirecoid_error,,frame.connection_close:{err_code:0x130},/results/temp/2593/quic_client_test_retirecoid_error0.iev,0.0,0.0
mvfst,client,quic_client_test_retirecoid_error,,Timeout binding ID,/results/temp/2644/quic_client_test_retirecoid_error0.iev,0.0,0.0
mvfst,client,quic_client_test_retirecoid_error,,Timeout binding ID,/results/temp/2695/quic_client_test_retirecoid_error0.iev,0.0,0.0
lsquic,client,quic_client_test_retirecoid_error,,"require is_protocol_violation;""",/results/temp/2746/quic_client_test_retirecoid_error0.iev,0.0,0.0
lsquic,client,quic_client_test_retirecoid_error,,"require is_protocol_violation;""",/results/temp/2797/quic_client_test_retirecoid_error0.iev,0.0,0.0
picoquic,client,quic_client_test_retirecoid_error,," require pkt.payload = queued_frames(scid);""",/results/temp/2848/quic_client_test_retirecoid_error0.iev,0.0,0.0
picoquic,client,quic_client_test_retirecoid_error,," require pkt.payload = queued_frames(scid);""",/results/temp/2899/quic_client_test_retirecoid_error0.iev,0.0,0.0
aioquic,client,quic_client_test_retirecoid_error,," require pkt.payload = queued_frames(scid);""",/results/temp/2950/quic_client_test_retirecoid_error0.iev,0.0,0.0
quic-go,client,quic_client_test_newcoid_zero_error,,frame.connection_close:{err_code:0x130},/results/temp/3001/quic_client_test_newcoid_zero_error0.iev,0.0,0.0
quic-go,client,quic_client_test_newcoid_zero_error,,frame.connection_close:{err_code:0x130},/results/temp/3052/quic_client_test_newcoid_zero_error0.iev,0.0,0.0
mvfst,client,quic_client_test_newcoid_zero_error,,Timeout binding ID,/results/temp/3103/quic_client_test_newcoid_zero_error0.iev,0.0,0.0
mvfst,client,quic_client_test_newcoid_zero_error,,Timeout binding ID,/results/temp/3154/quic_client_test_newcoid_zero_error0.iev,0.0,0.0
lsquic,client,quic_client_test_newcoid_zero_error,,"require is_protocol_violation;""",/results/temp/3205/quic_client_test_newcoid_zero_error0.iev,0.0,0.0
lsquic,client,quic_client_test_newcoid_zero_error,,"require is_protocol_violation;""",/results/temp/3256/quic_client_test_newcoid_zero_error0.iev,0.0,0.0
picoquic,client,quic_client_test_newcoid_zero_error,," require pkt.payload = queued_frames(scid);""",/results/temp/3307/quic_client_test_newcoid_zero_error0.iev,0.0,0.0
picoquic,client,quic_client_test_newcoid_zero_error,," require pkt.payload = queued_frames(scid);""",/results/temp/3358/quic_client_test_newcoid_zero_error0.iev,0.0,0.0
aioquic,client,quic_client_test_newcoid_zero_error,,"require is_protocol_violation;""",/results/temp/3409/quic_client_test_newcoid_zero_error0.iev,0.0,0.0
aioquic,client,quic_client_test_newcoid_zero_error,,"	require num_queued_frames(scid) > 0 -> e = queued_level(scid);""",/results/temp/3460/quic_client_test_newcoid_zero_error0.iev,0.0,0.0
quic-go,client,quic_client_test_accept_maxdata,,frame.connection_close:{err_code:0x130},/results/temp/3511/quic_client_test_accept_maxdata0.iev,0.0,0.0
quic-go,client,quic_client_test_accept_maxdata,,frame.connection_close:{err_code:0x130},/results/temp/3562/quic_client_test_accept_maxdata0.iev,0.0,0.0
mvfst,client,quic_client_test_accept_maxdata,,Timeout binding ID,/results/temp/3613/quic_client_test_accept_maxdata0.iev,0.0,0.0
mvfst,client,quic_client_test_accept_maxdata,,Timeout binding ID,/results/temp/3664/quic_client_test_accept_maxdata0.iev,0.0,0.0
lsquic,client,quic_client_test_accept_maxdata,,"require conn_total_data(the_cid) > 0;""",/results/temp/3715/quic_client_test_accept_maxdata0.iev,0.0,0.0
lsquic,client,quic_client_test_accept_maxdata,,"require conn_total_data(the_cid) > 0;""",/results/temp/3766/quic_client_test_accept_maxdata0.iev,0.0,0.0
picoquic,client,quic_client_test_accept_maxdata,,"require connected(dcid) & connected_to(dcid) = scid;""",/results/temp/3817/quic_client_test_accept_maxdata0.iev,0.0,0.0
picoquic,client,quic_client_test_accept_maxdata,,frame.connection_close:{err_code:0x4},/results/temp/3868/quic_client_test_accept_maxdata0.iev,0.0,0.0
aioquic,client,quic_client_test_accept_maxdata,,frame.connection_close:{err_code:0x5},/results/temp/3919/quic_client_test_accept_maxdata0.iev,0.0,0.0
aioquic,client,quic_client_test_accept_maxdata,,frame.connection_close:{err_code:0x5},/results/temp/3970/quic_client_test_accept_maxdata0.iev,0.0,0.0
quic-go,client,quic_client_test_tp_prefadd_error,,frame.connection_close:{err_code:0x130},/results/temp/4021/quic_client_test_tp_prefadd_error0.iev,0.0,0.0
mvfst,client,quic_client_test_tp_prefadd_error,,Timeout binding ID,/results/temp/4123/quic_client_test_tp_prefadd_error0.iev,0.0,0.0
mvfst,client,quic_client_test_tp_prefadd_error,,Timeout binding ID,/results/temp/4174/quic_client_test_tp_prefadd_error0.iev,0.0,0.0
lsquic,client,quic_client_test_tp_prefadd_error,,Timeout sending ID,/results/temp/4225/quic_client_test_tp_prefadd_error0.iev,0.0,0.0
lsquic,client,quic_client_test_tp_prefadd_error,,Timeout sending ID,/results/temp/4276/quic_client_test_tp_prefadd_error0.iev,0.0,0.0
picoquic,client,quic_client_test_tp_prefadd_error,,No Error,/results/temp/4327/quic_client_test_tp_prefadd_error0.iev,0.0,1.0
picoquic,client,quic_client_test_tp_prefadd_error,,No Error,/results/temp/4378/quic_client_test_tp_prefadd_error0.iev,0.0,1.0
aioquic,client,quic_client_test_tp_prefadd_error,,Timeout sending ID,/results/temp/4429/quic_client_test_tp_prefadd_error0.iev,0.0,0.0
aioquic,client,quic_client_test_tp_prefadd_error,,Timeout sending ID,/results/temp/4480/quic_client_test_tp_prefadd_error0.iev,0.0,0.0
quic-go,client,quic_client_test_no_odci,,server_return_code(1)+timeout,/results/temp/4531/quic_client_test_no_odci0.iev,0.0,0.0
quic-go,client,quic_client_test_no_odci,,server_return_code(1)+timeout,/results/temp/4582/quic_client_test_no_odci0.iev,0.0,0.0
mvfst,client,quic_client_test_no_odci,,Timeout binding ID,/results/temp/4633/quic_client_test_no_odci0.iev,0.0,0.0
mvfst,client,quic_client_test_no_odci,,Timeout binding ID,/results/temp/4684/quic_client_test_no_odci0.iev,0.0,0.0
lsquic,client,quic_client_test_no_odci,,Timeout sending ID,/results/temp/4735/quic_client_test_no_odci0.iev,0.0,0.0
lsquic,client,quic_client_test_no_odci,,Timeout sending ID,/results/temp/4786/quic_client_test_no_odci0.iev,0.0,0.0
picoquic,client,quic_client_test_no_odci,,No Error,/results/temp/4837/quic_client_test_no_odci0.iev,0.0,1.0
picoquic,client,quic_client_test_no_odci,,No Error,/results/temp/4888/quic_client_test_no_odci0.iev,0.0,1.0
aioquic,client,quic_client_test_no_odci,,Segmentation Fault 139,/results/temp/4939/quic_client_test_no_odci0.iev,0.0,0.0
aioquic,client,quic_client_test_no_odci,,Segmentation Fault 139,/results/temp/4990/quic_client_test_no_odci0.iev,0.0,0.0
quic-go,client,quic_client_test_ext_min_ack_delay,,frame.connection_close:{err_code:0x130},/results/temp/5041/quic_client_test_ext_min_ack_delay0.iev,0.0,0.0
quic-go,client,quic_client_test_ext_min_ack_delay,,frame.connection_close:{err_code:0x130},/results/temp/5092/quic_client_test_ext_min_ack_delay0.iev,0.0,0.0
mvfst,client,quic_client_test_ext_min_ack_delay,,Timeout binding ID,/results/temp/5143/quic_client_test_ext_min_ack_delay0.iev,0.0,0.0
mvfst,client,quic_client_test_ext_min_ack_delay,,Timeout binding ID,/results/temp/5194/quic_client_test_ext_min_ack_delay0.iev,0.0,0.0
picoquic,client,quic_client_test_ext_min_ack_delay,,Timeout sending ID,/results/temp/5347/quic_client_test_ext_min_ack_delay0.iev,0.0,0.0
picoquic,client,quic_client_test_ext_min_ack_delay,,Timeout sending ID,/results/temp/5398/quic_client_test_ext_min_ack_delay0.iev,0.0,0.0
aioquic,client,quic_client_test_ext_min_ack_delay,,Timeout sending ID,/results/temp/5449/quic_client_test_ext_min_ack_delay0.iev,0.0,0.0
mvfst,client,quic_client_test_double_tp_error,,Timeout binding ID,/results/temp/1114/quic_client_test_double_tp_error0.iev,0.0,0.0
mvfst,client,quic_client_test_double_tp_error,,Timeout binding ID,/results/temp/1165/quic_client_test_double_tp_error0.iev,0.0,0.0
lsquic,client,quic_client_test_double_tp_error,,Timeout sending ID,/results/temp/1216/quic_client_test_double_tp_error0.iev,0.0,0.0
picoquic,client,quic_client_test_double_tp_error,,No Error,/results/temp/1318/quic_client_test_double_tp_error0.iev,0.0,1.0
picoquic,client,quic_client_test_double_tp_error,,No Error,/results/temp/1369/quic_client_test_double_tp_error0.iev,0.0,1.0
aioquic,client,quic_client_test_double_tp_error,,Timeout sending ID,/results/temp/1420/quic_client_test_double_tp_error0.iev,0.0,0.0
quic-go,client,quic_client_test_tp_error,,Timeout binding ID,/results/temp/6/quic_client_test_tp_error0.iev,0.0,0.0
quic-go,client,quic_client_test_max,,frame.connection_close:{err_code:0x130},/results/temp/6/quic_client_test_max0.iev,0.0,0.0
quic-go,client,quic_client_test_max,,frame.connection_close:{err_code:0x130},/results/temp/57/quic_client_test_max0.iev,0.0,0.0
mvfst,client,quic_client_test_max,,Timeout binding ID,/results/temp/108/quic_client_test_max0.iev,0.0,0.0
mvfst,client,quic_client_test_max,,Timeout binding ID,/results/temp/159/quic_client_test_max0.iev,0.0,0.0
lsquic,client,quic_client_test_max,,"require conn_total_data(the_cid) > 0;""",/results/temp/261/quic_client_test_max0.iev,0.0,0.0
picoquic,client,quic_client_test_max,,No Error,/results/temp/312/quic_client_test_max0.iev,0.0,1.0
aioquic,client,quic_client_test_max,,No Error,/results/temp/415/quic_client_test_max0.iev,0.0,1.0
aioquic,client,quic_client_test_max,,No Error,/results/temp/466/quic_client_test_max0.iev,0.0,1.0
quic-go,client,quic_client_test_tp_error,,server_return_code(1)+timeout,/results/temp/554/quic_client_test_tp_error0.iev,0.0,0.0
mvfst,client,quic_client_test_tp_error,,Timeout binding ID,/results/temp/605/quic_client_test_tp_error0.iev,0.0,0.0
mvfst,client,quic_client_test_tp_error,,Timeout binding ID,/results/temp/656/quic_client_test_tp_error0.iev,0.0,0.0
lsquic,client,quic_client_test_tp_error,,Timeout sending ID,/results/temp/707/quic_client_test_tp_error0.iev,0.0,0.0
aioquic,client,quic_client_test_tp_error,,Timeout sending ID,/results/temp/962/quic_client_test_tp_error0.iev,0.0,0.0
quic-go,client,quic_client_test_double_tp_error,,server_return_code(1)+timeout,/results/temp/1013/quic_client_test_double_tp_error0.iev,0.0,0.0
quic-go,client,quic_client_test_double_tp_error,,server_return_code(1)+timeout,/results/temp/1064/quic_client_test_double_tp_error0.iev,0.0,0.0
mvfst,client,quic_client_test_double_tp_error,,Timeout binding ID,/results/temp/1115/quic_client_test_double_tp_error0.iev,0.0,0.0
mvfst,client,quic_client_test_double_tp_error,,Timeout binding ID,/results/temp/1166/quic_client_test_double_tp_error0.iev,0.0,0.0
lsquic,client,quic_client_test_double_tp_error,,Timeout sending ID,/results/temp/1217/quic_client_test_double_tp_error0.iev,0.0,0.0
lsquic,client,quic_client_test_double_tp_error,,Timeout sending ID,/results/temp/1268/quic_client_test_double_tp_error0.iev,0.0,0.0
picoquic,client,quic_client_test_double_tp_error,,No Error,/results/temp/1319/quic_client_test_double_tp_error0.iev,0.0,1.0
picoquic,client,quic_client_test_double_tp_error,,No Error,/results/temp/1370/quic_client_test_double_tp_error0.iev,0.0,1.0
aioquic,client,quic_client_test_double_tp_error,,Timeout sending ID,/results/temp/1421/quic_client_test_double_tp_error0.iev,0.0,0.0
aioquic,client,quic_client_test_double_tp_error,,Timeout sending ID,/results/temp/1472/quic_client_test_double_tp_error0.iev,0.0,0.0
quic-go,client,quic_client_test_tp_acticoid_error,,frame.connection_close:{err_code:0x8},/results/temp/1574/quic_client_test_tp_acticoid_error0.iev,0.0,0.0
mvfst,client,quic_client_test_tp_acticoid_error,,Timeout binding ID,/results/temp/1625/quic_client_test_tp_acticoid_error0.iev,0.0,0.0
mvfst,client,quic_client_test_tp_acticoid_error,,Timeout binding ID,/results/temp/1676/quic_client_test_tp_acticoid_error0.iev,0.0,0.0
lsquic,client,quic_client_test_tp_acticoid_error,,Timeout sending ID,/results/temp/1727/quic_client_test_tp_acticoid_error0.iev,0.0,0.0
lsquic,client,quic_client_test_tp_acticoid_error,,Timeout sending ID,/results/temp/1778/quic_client_test_tp_acticoid_error0.iev,0.0,0.0
picoquic,client,quic_client_test_tp_acticoid_error,,Timeout sending ID,/results/temp/1829/quic_client_test_tp_acticoid_error0.iev,0.0,0.0
picoquic,client,quic_client_test_tp_acticoid_error,,Timeout sending ID,/results/temp/1880/quic_client_test_tp_acticoid_error0.iev,0.0,0.0
aioquic,client,quic_client_test_tp_acticoid_error,,Segmentation Fault 139,/results/temp/1931/quic_client_test_tp_acticoid_error0.iev,0.0,0.0
aioquic,client,quic_client_test_tp_acticoid_error,,Segmentation Fault 139,/results/temp/1982/quic_client_test_tp_acticoid_error0.iev,0.0,0.0
quic-go,client,quic_client_test_tp_limit_acticoid_error,,frame.connection_close:{err_code:0x130},/results/temp/2033/quic_client_test_tp_limit_acticoid_error0.iev,0.0,0.0
mvfst,client,quic_client_test_tp_limit_acticoid_error,,Timeout binding ID,/results/temp/2135/quic_client_test_tp_limit_acticoid_error0.iev,0.0,0.0
mvfst,client,quic_client_test_tp_limit_acticoid_error,,Timeout binding ID,/results/temp/2186/quic_client_test_tp_limit_acticoid_error0.iev,0.0,0.0
lsquic,client,quic_client_test_tp_limit_acticoid_error,,"require is_connection_id_limit_error;""",/results/temp/2237/quic_client_test_tp_limit_acticoid_error0.iev,0.0,0.0
lsquic,client,quic_client_test_tp_limit_acticoid_error,,"require is_connection_id_limit_error;""",/results/temp/2288/quic_client_test_tp_limit_acticoid_error0.iev,0.0,0.0
picoquic,client,quic_client_test_tp_limit_acticoid_error,," require pkt.payload = queued_frames(scid);""",/results/temp/2339/quic_client_test_tp_limit_acticoid_error0.iev,0.0,0.0
picoquic,client,quic_client_test_tp_limit_acticoid_error,,frame.connection_close:{err_code:0xa},/results/temp/2390/quic_client_test_tp_limit_acticoid_error0.iev,0.0,0.0
aioquic,client,quic_client_test_tp_limit_acticoid_error,," require pkt.payload = queued_frames(scid);""",/results/temp/2441/quic_client_test_tp_limit_acticoid_error0.iev,0.0,0.0
aioquic,client,quic_client_test_tp_limit_acticoid_error,," require pkt.payload = queued_frames(scid);""",/results/temp/2492/quic_client_test_tp_limit_acticoid_error0.iev,0.0,0.0
quic-go,client,quic_client_test_retirecoid_error,,frame.connection_close:{err_code:0x130},/results/temp/2543/quic_client_test_retirecoid_error0.iev,0.0,0.0
quic-go,client,quic_client_test_retirecoid_error,,frame.connection_close:{err_code:0x130},/results/temp/2594/quic_client_test_retirecoid_error0.iev,0.0,0.0
mvfst,client,quic_client_test_retirecoid_error,,Timeout binding ID,/results/temp/2645/quic_client_test_retirecoid_error0.iev,0.0,0.0
mvfst,client,quic_client_test_retirecoid_error,,Timeout binding ID,/results/temp/2696/quic_client_test_retirecoid_error0.iev,0.0,0.0
lsquic,client,quic_client_test_retirecoid_error,,"require is_protocol_violation;""",/results/temp/2798/quic_client_test_retirecoid_error0.iev,0.0,0.0
picoquic,client,quic_client_test_retirecoid_error,," require pkt.payload = queued_frames(scid);""",/results/temp/2849/quic_client_test_retirecoid_error0.iev,0.0,0.0
aioquic,client,quic_client_test_retirecoid_error,,"	require num_queued_frames(scid) > 0 -> e = queued_level(scid);""",/results/temp/2900/quic_client_test_retirecoid_error0.iev,0.0,0.0
aioquic,client,quic_client_test_retirecoid_error,," require pkt.payload = queued_frames(scid);""",/results/temp/2951/quic_client_test_retirecoid_error0.iev,0.0,0.0
quic-go,client,quic_client_test_newcoid_zero_error,,frame.connection_close:{err_code:0x130},/results/temp/3002/quic_client_test_newcoid_zero_error0.iev,0.0,0.0
quic-go,client,quic_client_test_newcoid_zero_error,,frame.connection_close:{err_code:0x130},/results/temp/3053/quic_client_test_newcoid_zero_error0.iev,0.0,0.0
mvfst,client,quic_client_test_newcoid_zero_error,,Timeout binding ID,/results/temp/3104/quic_client_test_newcoid_zero_error0.iev,0.0,0.0
mvfst,client,quic_client_test_newcoid_zero_error,,Timeout binding ID,/results/temp/3155/quic_client_test_newcoid_zero_error0.iev,0.0,0.0
lsquic,client,quic_client_test_newcoid_zero_error,,"require is_protocol_violation;""",/results/temp/3206/quic_client_test_newcoid_zero_error0.iev,0.0,0.0
lsquic,client,quic_client_test_newcoid_zero_error,,"require is_protocol_violation;""",/results/temp/3257/quic_client_test_newcoid_zero_error0.iev,0.0,0.0
picoquic,client,quic_client_test_newcoid_zero_error,," require pkt.payload = queued_frames(scid);""",/results/temp/3308/quic_client_test_newcoid_zero_error0.iev,0.0,0.0
picoquic,client,quic_client_test_newcoid_zero_error,," require pkt.payload = queued_frames(scid);""",/results/temp/3359/quic_client_test_newcoid_zero_error0.iev,0.0,0.0
aioquic,client,quic_client_test_newcoid_zero_error,," require pkt.payload = queued_frames(scid);""",/results/temp/3410/quic_client_test_newcoid_zero_error0.iev,0.0,0.0
aioquic,client,quic_client_test_newcoid_zero_error,," require pkt.payload = queued_frames(scid);""",/results/temp/3461/quic_client_test_newcoid_zero_error0.iev,0.0,0.0
quic-go,client,quic_client_test_accept_maxdata,,frame.connection_close:{err_code:0x130},/results/temp/3512/quic_client_test_accept_maxdata0.iev,0.0,0.0
mvfst,client,quic_client_test_accept_maxdata,,Timeout binding ID,/results/temp/3614/quic_client_test_accept_maxdata0.iev,0.0,0.0
mvfst,client,quic_client_test_accept_maxdata,,Timeout binding ID,/results/temp/3665/quic_client_test_accept_maxdata0.iev,0.0,0.0
lsquic,client,quic_client_test_accept_maxdata,,"require conn_total_data(the_cid) > 0;""",/results/temp/3716/quic_client_test_accept_maxdata0.iev,0.0,0.0
lsquic,client,quic_client_test_accept_maxdata,,"require conn_total_data(the_cid) > 0;""",/results/temp/3767/quic_client_test_accept_maxdata0.iev,0.0,0.0
picoquic,client,quic_client_test_accept_maxdata,,frame.connection_close:{err_code:0x4},/results/temp/3818/quic_client_test_accept_maxdata0.iev,0.0,0.0
picoquic,client,quic_client_test_accept_maxdata,,frame.connection_close:{err_code:0x4},/results/temp/3869/quic_client_test_accept_maxdata0.iev,0.0,0.0
aioquic,client,quic_client_test_accept_maxdata,,frame.connection_close:{err_code:0x5},/results/temp/3920/quic_client_test_accept_maxdata0.iev,0.0,0.0
aioquic,client,quic_client_test_accept_maxdata,,frame.connection_close:{err_code:0x5},/results/temp/3971/quic_client_test_accept_maxdata0.iev,0.0,0.0
quic-go,client,quic_client_test_tp_prefadd_error,,frame.connection_close:{err_code:0x130},/results/temp/4022/quic_client_test_tp_prefadd_error0.iev,0.0,0.0
quic-go,client,quic_client_test_tp_prefadd_error,,frame.connection_close:{err_code:0x130},/results/temp/4073/quic_client_test_tp_prefadd_error0.iev,0.0,0.0
mvfst,client,quic_client_test_tp_prefadd_error,,Timeout binding ID,/results/temp/4124/quic_client_test_tp_prefadd_error0.iev,0.0,0.0
mvfst,client,quic_client_test_tp_prefadd_error,,Timeout binding ID,/results/temp/4175/quic_client_test_tp_prefadd_error0.iev,0.0,0.0
lsquic,client,quic_client_test_tp_prefadd_error,,Timeout sending ID,/results/temp/4226/quic_client_test_tp_prefadd_error0.iev,0.0,0.0
lsquic,client,quic_client_test_tp_prefadd_error,,Timeout sending ID,/results/temp/4277/quic_client_test_tp_prefadd_error0.iev,0.0,0.0
picoquic,client,quic_client_test_tp_prefadd_error,,No Error,/results/temp/4328/quic_client_test_tp_prefadd_error0.iev,0.0,1.0
picoquic,client,quic_client_test_tp_prefadd_error,,No Error,/results/temp/4379/quic_client_test_tp_prefadd_error0.iev,0.0,1.0
aioquic,client,quic_client_test_tp_prefadd_error,,Timeout sending ID,/results/temp/4430/quic_client_test_tp_prefadd_error0.iev,0.0,0.0
aioquic,client,quic_client_test_tp_prefadd_error,,Timeout sending ID,/results/temp/4481/quic_client_test_tp_prefadd_error0.iev,0.0,0.0
mvfst,client,quic_client_test_no_odci,,Timeout binding ID,/results/temp/4634/quic_client_test_no_odci0.iev,0.0,0.0
mvfst,client,quic_client_test_no_odci,,Timeout binding ID,/results/temp/4685/quic_client_test_no_odci0.iev,0.0,0.0
lsquic,client,quic_client_test_no_odci,,Timeout sending ID,/results/temp/4787/quic_client_test_no_odci0.iev,0.0,0.0
picoquic,client,quic_client_test_no_odci,,No Error,/results/temp/4838/quic_client_test_no_odci0.iev,0.0,1.0
picoquic,client,quic_client_test_no_odci,,No Error,/results/temp/4889/quic_client_test_no_odci0.iev,0.0,1.0
aioquic,client,quic_client_test_no_odci,,Segmentation Fault 139,/results/temp/4940/quic_client_test_no_odci0.iev,0.0,0.0
aioquic,client,quic_client_test_no_odci,,Segmentation Fault 139,/results/temp/4991/quic_client_test_no_odci0.iev,0.0,0.0
mvfst,client,quic_client_test_ext_min_ack_delay,,Timeout binding ID,/results/temp/5144/quic_client_test_ext_min_ack_delay0.iev,0.0,0.0
mvfst,client,quic_client_test_ext_min_ack_delay,,Timeout binding ID,/results/temp/5195/quic_client_test_ext_min_ack_delay0.iev,0.0,0.0
lsquic,client,quic_client_test_ext_min_ack_delay,,Timeout sending ID,/results/temp/5246/quic_client_test_ext_min_ack_delay0.iev,0.0,0.0
lsquic,client,quic_client_test_ext_min_ack_delay,,Timeout sending ID,/results/temp/5297/quic_client_test_ext_min_ack_delay0.iev,0.0,0.0
picoquic,client,quic_client_test_ext_min_ack_delay,,Timeout sending ID,/results/temp/5348/quic_client_test_ext_min_ack_delay0.iev,0.0,0.0
picoquic,client,quic_client_test_ext_min_ack_delay,,Timeout sending ID,/results/temp/5399/quic_client_test_ext_min_ack_delay0.iev,0.0,0.0
aioquic,client,quic_client_test_ext_min_ack_delay,,Timeout sending ID,/results/temp/5450/quic_client_test_ext_min_ack_delay0.iev,0.0,0.0
lsquic,client,quic_client_test_tp_error,,Timeout sending ID,/results/temp/758/quic_client_test_tp_error0.iev,0.0,0.0
picoquic,client,quic_client_test_tp_error,,Timeout sending ID,/results/temp/809/quic_client_test_tp_error0.iev,0.0,0.0
picoquic,client,quic_client_test_tp_error,,Timeout sending ID,/results/temp/860/quic_client_test_tp_error0.iev,0.0,0.0
aioquic,client,quic_client_test_tp_error,,Timeout sending ID,/results/temp/911/quic_client_test_tp_error0.iev,0.0,0.0
quic-go,client,quic_client_test_token_error,,Handshake not completed,/results/temp/7/quic_client_test_token_error0.iev,0.0,0.0
quic-go,client,quic_client_test_tp_error,,Timeout sending ID,/results/temp/7/quic_client_test_tp_error0.iev,0.0,0.0
quic-go,client,quic_client_test_max,,frame.connection_close:{err_code:0x130},/results/temp/7/quic_client_test_max0.iev,0.0,0.0
quic-go,client,quic_client_test_max,,frame.connection_close:{err_code:0x130},/results/temp/58/quic_client_test_max0.iev,0.0,0.0
mvfst,client,quic_client_test_max,,Timeout binding ID,/results/temp/109/quic_client_test_max0.iev,0.0,0.0
mvfst,client,quic_client_test_max,,Timeout binding ID,/results/temp/160/quic_client_test_max0.iev,0.0,0.0
lsquic,client,quic_client_test_max,,"require conn_total_data(the_cid) > 0;""",/results/temp/262/quic_client_test_max0.iev,0.0,0.0
picoquic,client,quic_client_test_max,,frame.connection_close:{err_code:0x4},/results/temp/313/quic_client_test_max0.iev,0.0,0.0
picoquic,client,quic_client_test_max,,"require stream_id_allowed(dcid,f.id);  # [6]""",/results/temp/364/quic_client_test_max0.iev,0.0,0.0
mvfst,client,quic_client_test_tp_error,,Timeout binding ID,/results/temp/606/quic_client_test_tp_error0.iev,0.0,0.0
mvfst,client,quic_client_test_double_tp_error,,Timeout binding ID,/results/temp/1116/quic_client_test_double_tp_error0.iev,0.0,0.0
mvfst,client,quic_client_test_double_tp_error,,Timeout binding ID,/results/temp/1167/quic_client_test_double_tp_error0.iev,0.0,0.0
lsquic,client,quic_client_test_double_tp_error,,Timeout sending ID,/results/temp/1269/quic_client_test_double_tp_error0.iev,0.0,0.0
picoquic,client,quic_client_test_double_tp_error,,No Error,/results/temp/1320/quic_client_test_double_tp_error0.iev,0.0,1.0
picoquic,client,quic_client_test_double_tp_error,,No Error,/results/temp/1371/quic_client_test_double_tp_error0.iev,0.0,1.0
aioquic,client,quic_client_test_double_tp_error,,Timeout sending ID,/results/temp/1422/quic_client_test_double_tp_error0.iev,0.0,0.0
aioquic,client,quic_client_test_double_tp_error,,Timeout sending ID,/results/temp/1473/quic_client_test_double_tp_error0.iev,0.0,0.0
quic-go,client,quic_client_test_tp_acticoid_error,,frame.connection_close:{err_code:0x8},/results/temp/1524/quic_client_test_tp_acticoid_error0.iev,0.0,0.0
quic-go,client,quic_client_test_tp_acticoid_error,,frame.connection_close:{err_code:0x8},/results/temp/1575/quic_client_test_tp_acticoid_error0.iev,0.0,0.0
mvfst,client,quic_client_test_tp_acticoid_error,,Timeout binding ID,/results/temp/1626/quic_client_test_tp_acticoid_error0.iev,0.0,0.0
mvfst,client,quic_client_test_tp_acticoid_error,,Timeout binding ID,/results/temp/1677/quic_client_test_tp_acticoid_error0.iev,0.0,0.0
mvfst,client,quic_client_test_tp_error,,Timeout binding ID,/results/temp/657/quic_client_test_tp_error0.iev,0.0,0.0
lsquic,client,quic_client_test_tp_acticoid_error,,Timeout sending ID,/results/temp/1779/quic_client_test_tp_acticoid_error0.iev,0.0,0.0
picoquic,client,quic_client_test_tp_acticoid_error,,Timeout sending ID,/results/temp/1830/quic_client_test_tp_acticoid_error0.iev,0.0,0.0
picoquic,client,quic_client_test_tp_acticoid_error,,Timeout sending ID,/results/temp/1881/quic_client_test_tp_acticoid_error0.iev,0.0,0.0
aioquic,client,quic_client_test_tp_acticoid_error,,Segmentation Fault 139,/results/temp/1932/quic_client_test_tp_acticoid_error0.iev,0.0,0.0
aioquic,client,quic_client_test_tp_acticoid_error,,Segmentation Fault 139,/results/temp/1983/quic_client_test_tp_acticoid_error0.iev,0.0,0.0
quic-go,client,quic_client_test_tp_limit_acticoid_error,,frame.connection_close:{err_code:0x130},/results/temp/2034/quic_client_test_tp_limit_acticoid_error0.iev,0.0,0.0
quic-go,client,quic_client_test_tp_limit_acticoid_error,,frame.connection_close:{err_code:0x130},/results/temp/2085/quic_client_test_tp_limit_acticoid_error0.iev,0.0,0.0
mvfst,client,quic_client_test_tp_limit_acticoid_error,,Timeout binding ID,/results/temp/2136/quic_client_test_tp_limit_acticoid_error0.iev,0.0,0.0
mvfst,client,quic_client_test_tp_limit_acticoid_error,,Timeout binding ID,/results/temp/2187/quic_client_test_tp_limit_acticoid_error0.iev,0.0,0.0
lsquic,client,quic_client_test_tp_limit_acticoid_error,,"require is_connection_id_limit_error;""",/results/temp/2238/quic_client_test_tp_limit_acticoid_error0.iev,0.0,0.0
lsquic,client,quic_client_test_tp_limit_acticoid_error,,"require is_connection_id_limit_error;""",/results/temp/2289/quic_client_test_tp_limit_acticoid_error0.iev,0.0,0.0
picoquic,client,quic_client_test_tp_limit_acticoid_error,," require pkt.payload = queued_frames(scid);""",/results/temp/2340/quic_client_test_tp_limit_acticoid_error0.iev,0.0,0.0
picoquic,client,quic_client_test_tp_limit_acticoid_error,," require pkt.payload = queued_frames(scid);""",/results/temp/2391/quic_client_test_tp_limit_acticoid_error0.iev,0.0,0.0
aioquic,client,quic_client_test_tp_limit_acticoid_error,," require pkt.payload = queued_frames(scid);""",/results/temp/2442/quic_client_test_tp_limit_acticoid_error0.iev,0.0,0.0
aioquic,client,quic_client_test_tp_limit_acticoid_error,," require pkt.payload = queued_frames(scid);""",/results/temp/2493/quic_client_test_tp_limit_acticoid_error0.iev,0.0,0.0
quic-go,client,quic_client_test_retirecoid_error,,frame.connection_close:{err_code:0x130},/results/temp/2595/quic_client_test_retirecoid_error0.iev,0.0,0.0
mvfst,client,quic_client_test_retirecoid_error,,Timeout binding ID,/results/temp/2646/quic_client_test_retirecoid_error0.iev,0.0,0.0
mvfst,client,quic_client_test_retirecoid_error,,Timeout binding ID,/results/temp/2697/quic_client_test_retirecoid_error0.iev,0.0,0.0
lsquic,client,quic_client_test_retirecoid_error,,"require is_protocol_violation;""",/results/temp/2748/quic_client_test_retirecoid_error0.iev,0.0,0.0
picoquic,client,quic_client_test_retirecoid_error,," require pkt.payload = queued_frames(scid);""",/results/temp/2850/quic_client_test_retirecoid_error0.iev,0.0,0.0
aioquic,client,quic_client_test_retirecoid_error,," require pkt.payload = queued_frames(scid);""",/results/temp/2901/quic_client_test_retirecoid_error0.iev,0.0,0.0
aioquic,client,quic_client_test_retirecoid_error,," require pkt.payload = queued_frames(scid);""",/results/temp/2952/quic_client_test_retirecoid_error0.iev,0.0,0.0
quic-go,client,quic_client_test_newcoid_zero_error,,frame.connection_close:{err_code:0x130},/results/temp/3003/quic_client_test_newcoid_zero_error0.iev,0.0,0.0
quic-go,client,quic_client_test_newcoid_zero_error,,frame.connection_close:{err_code:0x130},/results/temp/3054/quic_client_test_newcoid_zero_error0.iev,0.0,0.0
mvfst,client,quic_client_test_newcoid_zero_error,,Timeout binding ID,/results/temp/3105/quic_client_test_newcoid_zero_error0.iev,0.0,0.0
mvfst,client,quic_client_test_newcoid_zero_error,,Timeout binding ID,/results/temp/3156/quic_client_test_newcoid_zero_error0.iev,0.0,0.0
picoquic,client,quic_client_test_newcoid_zero_error,," require pkt.payload = queued_frames(scid);""",/results/temp/3309/quic_client_test_newcoid_zero_error0.iev,0.0,0.0
picoquic,client,quic_client_test_newcoid_zero_error,," require pkt.payload = queued_frames(scid);""",/results/temp/3360/quic_client_test_newcoid_zero_error0.iev,0.0,0.0
aioquic,client,quic_client_test_newcoid_zero_error,," require pkt.payload = queued_frames(scid);""",/results/temp/3411/quic_client_test_newcoid_zero_error0.iev,0.0,0.0
aioquic,client,quic_client_test_newcoid_zero_error,,"	require num_queued_frames(scid) > 0 -> e = queued_level(scid);""",/results/temp/3462/quic_client_test_newcoid_zero_error0.iev,0.0,0.0
quic-go,client,quic_client_test_accept_maxdata,,frame.connection_close:{err_code:0x130},/results/temp/3513/quic_client_test_accept_maxdata0.iev,0.0,0.0
quic-go,client,quic_client_test_accept_maxdata,,frame.connection_close:{err_code:0x130},/results/temp/3564/quic_client_test_accept_maxdata0.iev,0.0,0.0
mvfst,client,quic_client_test_accept_maxdata,,Timeout binding ID,/results/temp/3615/quic_client_test_accept_maxdata0.iev,0.0,0.0
mvfst,client,quic_client_test_accept_maxdata,,Timeout binding ID,/results/temp/3666/quic_client_test_accept_maxdata0.iev,0.0,0.0
lsquic,client,quic_client_test_accept_maxdata,,"require conn_total_data(the_cid) > 0;""",/results/temp/3717/quic_client_test_accept_maxdata0.iev,0.0,0.0
lsquic,client,quic_client_test_accept_maxdata,,"require conn_total_data(the_cid) > 0;""",/results/temp/3768/quic_client_test_accept_maxdata0.iev,0.0,0.0
picoquic,client,quic_client_test_accept_maxdata,,frame.connection_close:{err_code:0x4},/results/temp/3819/quic_client_test_accept_maxdata0.iev,0.0,0.0
picoquic,client,quic_client_test_accept_maxdata,,frame.connection_close:{err_code:0x4},/results/temp/3870/quic_client_test_accept_maxdata0.iev,0.0,0.0
aioquic,client,quic_client_test_accept_maxdata,,frame.connection_close:{err_code:0x5},/results/temp/3921/quic_client_test_accept_maxdata0.iev,0.0,0.0
aioquic,client,quic_client_test_accept_maxdata,,frame.connection_close:{err_code:0x5},/results/temp/3972/quic_client_test_accept_maxdata0.iev,0.0,0.0
quic-go,client,quic_client_test_tp_prefadd_error,,frame.connection_close:{err_code:0x130},/results/temp/4023/quic_client_test_tp_prefadd_error0.iev,0.0,0.0
mvfst,client,quic_client_test_tp_prefadd_error,,Timeout binding ID,/results/temp/4125/quic_client_test_tp_prefadd_error0.iev,0.0,0.0
mvfst,client,quic_client_test_tp_prefadd_error,,Timeout binding ID,/results/temp/4176/quic_client_test_tp_prefadd_error0.iev,0.0,0.0
lsquic,client,quic_client_test_tp_prefadd_error,,Timeout sending ID,/results/temp/4227/quic_client_test_tp_prefadd_error0.iev,0.0,0.0
picoquic,client,quic_client_test_tp_prefadd_error,,No Error,/results/temp/4329/quic_client_test_tp_prefadd_error0.iev,0.0,1.0
picoquic,client,quic_client_test_tp_prefadd_error,,No Error,/results/temp/4380/quic_client_test_tp_prefadd_error0.iev,0.0,1.0
aioquic,client,quic_client_test_tp_prefadd_error,,Timeout sending ID,/results/temp/4431/quic_client_test_tp_prefadd_error0.iev,0.0,0.0
aioquic,client,quic_client_test_tp_prefadd_error,,Timeout sending ID,/results/temp/4482/quic_client_test_tp_prefadd_error0.iev,0.0,0.0
quic-go,client,quic_client_test_no_odci,,server_return_code(1)+timeout,/results/temp/4533/quic_client_test_no_odci0.iev,0.0,0.0
mvfst,client,quic_client_test_no_odci,,Timeout binding ID,/results/temp/4635/quic_client_test_no_odci0.iev,0.0,0.0
mvfst,client,quic_client_test_no_odci,,Timeout binding ID,/results/temp/4686/quic_client_test_no_odci0.iev,0.0,0.0
lsquic,client,quic_client_test_no_odci,,Timeout sending ID,/results/temp/4737/quic_client_test_no_odci0.iev,0.0,0.0
picoquic,client,quic_client_test_no_odci,,No Error,/results/temp/4839/quic_client_test_no_odci0.iev,0.0,1.0
picoquic,client,quic_client_test_no_odci,,No Error,/results/temp/4890/quic_client_test_no_odci0.iev,0.0,1.0
aioquic,client,quic_client_test_no_odci,,Segmentation Fault 139,/results/temp/4941/quic_client_test_no_odci0.iev,0.0,0.0
aioquic,client,quic_client_test_no_odci,,Segmentation Fault 139,/results/temp/4992/quic_client_test_no_odci0.iev,0.0,0.0
quic-go,client,quic_client_test_ext_min_ack_delay,,frame.connection_close:{err_code:0x130},/results/temp/5043/quic_client_test_ext_min_ack_delay0.iev,0.0,0.0
quic-go,client,quic_client_test_ext_min_ack_delay,,frame.connection_close:{err_code:0x130},/results/temp/5094/quic_client_test_ext_min_ack_delay0.iev,0.0,0.0
mvfst,client,quic_client_test_ext_min_ack_delay,,Timeout binding ID,/results/temp/5145/quic_client_test_ext_min_ack_delay0.iev,0.0,0.0
mvfst,client,quic_client_test_ext_min_ack_delay,,Timeout binding ID,/results/temp/5196/quic_client_test_ext_min_ack_delay0.iev,0.0,0.0
picoquic,client,quic_client_test_ext_min_ack_delay,,Timeout sending ID,/results/temp/5349/quic_client_test_ext_min_ack_delay0.iev,0.0,0.0
aioquic,client,quic_client_test_ext_min_ack_delay,,Timeout sending ID,/results/temp/5400/quic_client_test_ext_min_ack_delay0.iev,0.0,0.0
aioquic,client,quic_client_test_ext_min_ack_delay,,Timeout sending ID,/results/temp/5451/quic_client_test_ext_min_ack_delay0.iev,0.0,0.0
lsquic,client,quic_client_test_tp_error,,Timeout sending ID,/results/temp/708/quic_client_test_tp_error0.iev,0.0,0.0
quic-go,client,quic_client_test_tp_error,,Timeout sending ID,/results/temp/8/quic_client_test_tp_error0.iev,0.0,0.0
quic-go,client,quic_client_test_max,,frame.connection_close:{err_code:0x130},/results/temp/8/quic_client_test_max0.iev,0.0,0.0
quic-go,client,quic_client_test_max,,frame.connection_close:{err_code:0x130},/results/temp/59/quic_client_test_max0.iev,0.0,0.0
mvfst,client,quic_client_test_max,,Timeout binding ID,/results/temp/110/quic_client_test_max0.iev,0.0,0.0
mvfst,client,quic_client_test_max,,Timeout binding ID,/results/temp/161/quic_client_test_max0.iev,0.0,0.0
lsquic,client,quic_client_test_max,,"require conn_total_data(the_cid) > 0;""",/results/temp/212/quic_client_test_max0.iev,0.0,0.0
picoquic,client,quic_client_test_max,,"require stream_id_allowed(dcid,f.id);  # [6]""",/results/temp/314/quic_client_test_max0.iev,0.0,0.0
picoquic,client,quic_client_test_max,,frame.connection_close:{err_code:0x4},/results/temp/365/quic_client_test_max0.iev,0.0,0.0
aioquic,client,quic_client_test_max,,No Error,/results/temp/416/quic_client_test_max0.iev,0.0,1.0
aioquic,client,quic_client_test_max,,No Error,/results/temp/467/quic_client_test_max0.iev,0.0,1.0
quic-go,client,quic_client_test_tp_error,,server_return_code(1)+timeout,/results/temp/504/quic_client_test_tp_error0.iev,0.0,0.0
quic-go,client,quic_client_test_tp_error,,server_return_code(1)+timeout,/results/temp/555/quic_client_test_tp_error0.iev,0.0,0.0
picoquic,client,quic_client_test_tp_error,,Timeout sending ID,/results/temp/810/quic_client_test_tp_error0.iev,0.0,0.0
picoquic,client,quic_client_test_tp_error,,Timeout sending ID,/results/temp/861/quic_client_test_tp_error0.iev,0.0,0.0
aioquic,client,quic_client_test_tp_error,,Timeout sending ID,/results/temp/912/quic_client_test_tp_error0.iev,0.0,0.0
aioquic,client,quic_client_test_tp_error,,Timeout sending ID,/results/temp/963/quic_client_test_tp_error0.iev,0.0,0.0
quic-go,client,quic_client_test_double_tp_error,,server_return_code(1)+timeout,/results/temp/1014/quic_client_test_double_tp_error0.iev,0.0,0.0
quic-go,client,quic_client_test_double_tp_error,,server_return_code(1)+timeout,/results/temp/1065/quic_client_test_double_tp_error0.iev,0.0,0.0
aioquic,client,quic_client_test_max,,No Error,/results/temp/468/quic_client_test_max0.iev,0.0,1.0
mvfst,client,quic_client_test_tp_error,,Timeout binding ID,/results/temp/607/quic_client_test_tp_error0.iev,0.0,0.0
picoquic,client,quic_client_test_double_tp_error,,No Error,/results/temp/1321/quic_client_test_double_tp_error0.iev,0.0,1.0
picoquic,client,quic_client_test_double_tp_error,,No Error,/results/temp/1372/quic_client_test_double_tp_error0.iev,0.0,1.0
aioquic,client,quic_client_test_double_tp_error,,Timeout sending ID,/results/temp/1423/quic_client_test_double_tp_error0.iev,0.0,0.0
aioquic,client,quic_client_test_double_tp_error,,Timeout sending ID,/results/temp/1474/quic_client_test_double_tp_error0.iev,0.0,0.0
quic-go,client,quic_client_test_tp_acticoid_error,,frame.connection_close:{err_code:0x8},/results/temp/1525/quic_client_test_tp_acticoid_error0.iev,0.0,0.0
quic-go,client,quic_client_test_tp_acticoid_error,,frame.connection_close:{err_code:0x8},/results/temp/1576/quic_client_test_tp_acticoid_error0.iev,0.0,0.0
mvfst,client,quic_client_test_tp_acticoid_error,,Timeout binding ID,/results/temp/1627/quic_client_test_tp_acticoid_error0.iev,0.0,0.0
mvfst,client,quic_client_test_tp_acticoid_error,,Timeout binding ID,/results/temp/1678/quic_client_test_tp_acticoid_error0.iev,0.0,0.0
lsquic,client,quic_client_test_tp_acticoid_error,,Timeout sending ID,/results/temp/1729/quic_client_test_tp_acticoid_error0.iev,0.0,0.0
lsquic,client,quic_client_test_tp_acticoid_error,,Timeout sending ID,/results/temp/1780/quic_client_test_tp_acticoid_error0.iev,0.0,0.0
picoquic,client,quic_client_test_tp_acticoid_error,,Timeout sending ID,/results/temp/1831/quic_client_test_tp_acticoid_error0.iev,0.0,0.0
picoquic,client,quic_client_test_tp_acticoid_error,,Timeout sending ID,/results/temp/1882/quic_client_test_tp_acticoid_error0.iev,0.0,0.0
aioquic,client,quic_client_test_tp_acticoid_error,,Segmentation Fault 139,/results/temp/1933/quic_client_test_tp_acticoid_error0.iev,0.0,0.0
mvfst,client,quic_client_test_tp_error,,Timeout binding ID,/results/temp/658/quic_client_test_tp_error0.iev,0.0,0.0
aioquic,client,quic_client_test_tp_acticoid_error,,Segmentation Fault 139,/results/temp/1984/quic_client_test_tp_acticoid_error0.iev,0.0,0.0
quic-go,client,quic_client_test_tp_limit_acticoid_error,,frame.connection_close:{err_code:0x130},/results/temp/2086/quic_client_test_tp_limit_acticoid_error0.iev,0.0,0.0
mvfst,client,quic_client_test_tp_limit_acticoid_error,,Timeout binding ID,/results/temp/2137/quic_client_test_tp_limit_acticoid_error0.iev,0.0,0.0
mvfst,client,quic_client_test_tp_limit_acticoid_error,,Timeout binding ID,/results/temp/2188/quic_client_test_tp_limit_acticoid_error0.iev,0.0,0.0
lsquic,client,quic_client_test_tp_limit_acticoid_error,,"require is_connection_id_limit_error;""",/results/temp/2290/quic_client_test_tp_limit_acticoid_error0.iev,0.0,0.0
picoquic,client,quic_client_test_tp_limit_acticoid_error,," require pkt.payload = queued_frames(scid);""",/results/temp/2341/quic_client_test_tp_limit_acticoid_error0.iev,0.0,0.0
picoquic,client,quic_client_test_tp_limit_acticoid_error,," require pkt.payload = queued_frames(scid);""",/results/temp/2392/quic_client_test_tp_limit_acticoid_error0.iev,0.0,0.0
aioquic,client,quic_client_test_tp_limit_acticoid_error,," require pkt.payload = queued_frames(scid);""",/results/temp/2443/quic_client_test_tp_limit_acticoid_error0.iev,0.0,0.0
aioquic,client,quic_client_test_tp_limit_acticoid_error,," require pkt.payload = queued_frames(scid);""",/results/temp/2494/quic_client_test_tp_limit_acticoid_error0.iev,0.0,0.0
quic-go,client,quic_client_test_retirecoid_error,,frame.connection_close:{err_code:0x130},/results/temp/2545/quic_client_test_retirecoid_error0.iev,0.0,0.0
quic-go,client,quic_client_test_retirecoid_error,,frame.connection_close:{err_code:0x130},/results/temp/2596/quic_client_test_retirecoid_error0.iev,0.0,0.0
mvfst,client,quic_client_test_retirecoid_error,,Timeout binding ID,/results/temp/2647/quic_client_test_retirecoid_error0.iev,0.0,0.0
mvfst,client,quic_client_test_retirecoid_error,,Timeout binding ID,/results/temp/2698/quic_client_test_retirecoid_error0.iev,0.0,0.0
lsquic,client,quic_client_test_retirecoid_error,,"require is_protocol_violation;""",/results/temp/2749/quic_client_test_retirecoid_error0.iev,0.0,0.0
picoquic,client,quic_client_test_retirecoid_error,," require pkt.payload = queued_frames(scid);""",/results/temp/2800/quic_client_test_retirecoid_error0.iev,0.0,0.0
picoquic,client,quic_client_test_retirecoid_error,," require pkt.payload = queued_frames(scid);""",/results/temp/2851/quic_client_test_retirecoid_error0.iev,0.0,0.0
aioquic,client,quic_client_test_retirecoid_error,," require pkt.payload = queued_frames(scid);""",/results/temp/2902/quic_client_test_retirecoid_error0.iev,0.0,0.0
aioquic,client,quic_client_test_retirecoid_error,," require pkt.payload = queued_frames(scid);""",/results/temp/2953/quic_client_test_retirecoid_error0.iev,0.0,0.0
quic-go,client,quic_client_test_newcoid_zero_error,,frame.connection_close:{err_code:0x130},/results/temp/3004/quic_client_test_newcoid_zero_error0.iev,0.0,0.0
mvfst,client,quic_client_test_newcoid_zero_error,,Timeout binding ID,/results/temp/3106/quic_client_test_newcoid_zero_error0.iev,0.0,0.0
mvfst,client,quic_client_test_newcoid_zero_error,,Timeout binding ID,/results/temp/3157/quic_client_test_newcoid_zero_error0.iev,0.0,0.0
lsquic,client,quic_client_test_newcoid_zero_error,,"require is_protocol_violation;""",/results/temp/3208/quic_client_test_newcoid_zero_error0.iev,0.0,0.0
lsquic,client,quic_client_test_newcoid_zero_error,,"require is_protocol_violation;""",/results/temp/3259/quic_client_test_newcoid_zero_error0.iev,0.0,0.0
picoquic,client,quic_client_test_newcoid_zero_error,," require pkt.payload = queued_frames(scid);""",/results/temp/3310/quic_client_test_newcoid_zero_error0.iev,0.0,0.0
picoquic,client,quic_client_test_newcoid_zero_error,," require pkt.payload = queued_frames(scid);""",/results/temp/3361/quic_client_test_newcoid_zero_error0.iev,0.0,0.0
aioquic,client,quic_client_test_newcoid_zero_error,," require pkt.payload = queued_frames(scid);""",/results/temp/3412/quic_client_test_newcoid_zero_error0.iev,0.0,0.0
aioquic,client,quic_client_test_newcoid_zero_error,," require pkt.payload = queued_frames(scid);""",/results/temp/3463/quic_client_test_newcoid_zero_error0.iev,0.0,0.0
quic-go,client,quic_client_test_accept_maxdata,,frame.connection_close:{err_code:0x130},/results/temp/3514/quic_client_test_accept_maxdata0.iev,0.0,0.0
quic-go,client,quic_client_test_accept_maxdata,,frame.connection_close:{err_code:0x130},/results/temp/3565/quic_client_test_accept_maxdata0.iev,0.0,0.0
mvfst,client,quic_client_test_accept_maxdata,,Timeout binding ID,/results/temp/3616/quic_client_test_accept_maxdata0.iev,0.0,0.0
mvfst,client,quic_client_test_accept_maxdata,,Timeout binding ID,/results/temp/3667/quic_client_test_accept_maxdata0.iev,0.0,0.0
picoquic,client,quic_client_test_accept_maxdata,,frame.connection_close:{err_code:0x4},/results/temp/3820/quic_client_test_accept_maxdata0.iev,0.0,0.0
picoquic,client,quic_client_test_accept_maxdata,,frame.connection_close:{err_code:0x4},/results/temp/3871/quic_client_test_accept_maxdata0.iev,0.0,0.0
aioquic,client,quic_client_test_accept_maxdata,,frame.connection_close:{err_code:0x5},/results/temp/3922/quic_client_test_accept_maxdata0.iev,0.0,0.0
aioquic,client,quic_client_test_accept_maxdata,,frame.connection_close:{err_code:0x5},/results/temp/3973/quic_client_test_accept_maxdata0.iev,0.0,0.0
quic-go,client,quic_client_test_tp_prefadd_error,,frame.connection_close:{err_code:0x130},/results/temp/4024/quic_client_test_tp_prefadd_error0.iev,0.0,0.0
quic-go,client,quic_client_test_tp_prefadd_error,,frame.connection_close:{err_code:0x130},/results/temp/4075/quic_client_test_tp_prefadd_error0.iev,0.0,0.0
mvfst,client,quic_client_test_tp_prefadd_error,,Timeout binding ID,/results/temp/4126/quic_client_test_tp_prefadd_error0.iev,0.0,0.0
mvfst,client,quic_client_test_tp_prefadd_error,,Timeout binding ID,/results/temp/4177/quic_client_test_tp_prefadd_error0.iev,0.0,0.0
lsquic,client,quic_client_test_tp_prefadd_error,,Timeout sending ID,/results/temp/4228/quic_client_test_tp_prefadd_error0.iev,0.0,0.0
lsquic,client,quic_client_test_tp_prefadd_error,,Timeout sending ID,/results/temp/4279/quic_client_test_tp_prefadd_error0.iev,0.0,0.0
picoquic,client,quic_client_test_tp_prefadd_error,,No Error,/results/temp/4330/quic_client_test_tp_prefadd_error0.iev,0.0,1.0
picoquic,client,quic_client_test_tp_prefadd_error,,No Error,/results/temp/4381/quic_client_test_tp_prefadd_error0.iev,0.0,1.0
aioquic,client,quic_client_test_tp_prefadd_error,,Timeout sending ID,/results/temp/4432/quic_client_test_tp_prefadd_error0.iev,0.0,0.0
aioquic,client,quic_client_test_tp_prefadd_error,,Timeout sending ID,/results/temp/4483/quic_client_test_tp_prefadd_error0.iev,0.0,0.0
quic-go,client,quic_client_test_no_odci,,server_return_code(1)+timeout,/results/temp/4534/quic_client_test_no_odci0.iev,0.0,0.0
mvfst,client,quic_client_test_no_odci,,Timeout binding ID,/results/temp/4636/quic_client_test_no_odci0.iev,0.0,0.0
mvfst,client,quic_client_test_no_odci,,Timeout binding ID,/results/temp/4687/quic_client_test_no_odci0.iev,0.0,0.0
lsquic,client,quic_client_test_no_odci,,Timeout sending ID,/results/temp/4738/quic_client_test_no_odci0.iev,0.0,0.0
lsquic,client,quic_client_test_no_odci,,Timeout sending ID,/results/temp/4789/quic_client_test_no_odci0.iev,0.0,0.0
picoquic,client,quic_client_test_no_odci,,No Error,/results/temp/4840/quic_client_test_no_odci0.iev,0.0,1.0
picoquic,client,quic_client_test_no_odci,,No Error,/results/temp/4891/quic_client_test_no_odci0.iev,0.0,1.0
aioquic,client,quic_client_test_no_odci,,Segmentation Fault 139,/results/temp/4942/quic_client_test_no_odci0.iev,0.0,0.0
aioquic,client,quic_client_test_no_odci,,Segmentation Fault 139,/results/temp/4993/quic_client_test_no_odci0.iev,0.0,0.0
quic-go,client,quic_client_test_ext_min_ack_delay,,frame.connection_close:{err_code:0x130},/results/temp/5095/quic_client_test_ext_min_ack_delay0.iev,0.0,0.0
mvfst,client,quic_client_test_ext_min_ack_delay,,Timeout binding ID,/results/temp/5146/quic_client_test_ext_min_ack_delay0.iev,0.0,0.0
mvfst,client,quic_client_test_ext_min_ack_delay,,Timeout binding ID,/results/temp/5197/quic_client_test_ext_min_ack_delay0.iev,0.0,0.0
lsquic,client,quic_client_test_ext_min_ack_delay,,Timeout sending ID,/results/temp/5248/quic_client_test_ext_min_ack_delay0.iev,0.0,0.0
lsquic,client,quic_client_test_ext_min_ack_delay,,Timeout sending ID,/results/temp/5299/quic_client_test_ext_min_ack_delay0.iev,0.0,0.0
picoquic,client,quic_client_test_ext_min_ack_delay,,Timeout sending ID,/results/temp/5350/quic_client_test_ext_min_ack_delay0.iev,0.0,0.0
aioquic,client,quic_client_test_ext_min_ack_delay,,Timeout sending ID,/results/temp/5401/quic_client_test_ext_min_ack_delay0.iev,0.0,0.0
aioquic,client,quic_client_test_ext_min_ack_delay,,Timeout sending ID,/results/temp/5452/quic_client_test_ext_min_ack_delay0.iev,0.0,0.0
lsquic,client,quic_client_test_tp_error,,Timeout sending ID,/results/temp/709/quic_client_test_tp_error0.iev,0.0,0.0
lsquic,client,quic_client_test_tp_error,,Timeout sending ID,/results/temp/760/quic_client_test_tp_error0.iev,0.0,0.0
picoquic,client,quic_client_test_tp_error,,Timeout sending ID,/results/temp/811/quic_client_test_tp_error0.iev,0.0,0.0
picoquic,client,quic_client_test_tp_error,,Timeout sending ID,/results/temp/862/quic_client_test_tp_error0.iev,0.0,0.0
aioquic,client,quic_client_test_tp_error,,Timeout sending ID,/results/temp/913/quic_client_test_tp_error0.iev,0.0,0.0
aioquic,client,quic_client_test_tp_error,,Timeout sending ID,/results/temp/964/quic_client_test_tp_error0.iev,0.0,0.0
quic-go,client,quic_client_test_double_tp_error,,server_return_code(1)+timeout,/results/temp/1066/quic_client_test_double_tp_error0.iev,0.0,0.0
mvfst,client,quic_client_test_double_tp_error,,Timeout binding ID,/results/temp/1117/quic_client_test_double_tp_error0.iev,0.0,0.0
mvfst,client,quic_client_test_double_tp_error,,Timeout binding ID,/results/temp/1168/quic_client_test_double_tp_error0.iev,0.0,0.0
lsquic,client,quic_client_test_double_tp_error,,Timeout sending ID,/results/temp/1270/quic_client_test_double_tp_error0.iev,0.0,0.0
quic-go,client,quic_client_test_tp_error,,Timeout sending ID,/results/temp/9/quic_client_test_tp_error0.iev,0.0,0.0
quic-go,client,quic_client_test_max,,frame.connection_close:{err_code:0x130},/results/temp/9/quic_client_test_max0.iev,0.0,0.0
mvfst,client,quic_client_test_max,,Timeout binding ID,/results/temp/111/quic_client_test_max0.iev,0.0,0.0
mvfst,client,quic_client_test_max,,Timeout binding ID,/results/temp/162/quic_client_test_max0.iev,0.0,0.0
lsquic,client,quic_client_test_max,,"require conn_total_data(the_cid) > 0;""",/results/temp/213/quic_client_test_max0.iev,0.0,0.0
picoquic,client,quic_client_test_max,,No Error,/results/temp/315/quic_client_test_max0.iev,0.0,1.0
picoquic,client,quic_client_test_max,,frame.connection_close:{err_code:0x4},/results/temp/366/quic_client_test_max0.iev,0.0,0.0
aioquic,client,quic_client_test_max,,No Error,/results/temp/417/quic_client_test_max0.iev,0.0,1.0
picoquic,client,quic_client_test_max,,"require stream_id_allowed(dcid,f.id);  # [6]""",/results/temp/367/quic_client_test_max0.iev,0.0,0.0
aioquic,client,quic_client_test_max,,No Error,/results/temp/418/quic_client_test_max0.iev,0.0,1.0
aioquic,client,quic_client_test_max,,No Error,/results/temp/469/quic_client_test_max0.iev,0.0,1.0
quic-go,client,quic_client_test_tp_error,,server_return_code(1)+timeout,/results/temp/506/quic_client_test_tp_error0.iev,0.0,0.0
mvfst,client,quic_client_test_tp_error,,Timeout binding ID,/results/temp/608/quic_client_test_tp_error0.iev,0.0,0.0
mvfst,client,quic_client_test_tp_error,,Timeout binding ID,/results/temp/659/quic_client_test_tp_error0.iev,0.0,0.0
lsquic,client,quic_client_test_tp_error,,Timeout sending ID,/results/temp/761/quic_client_test_tp_error0.iev,0.0,0.0
picoquic,client,quic_client_test_tp_error,,Timeout sending ID,/results/temp/812/quic_client_test_tp_error0.iev,0.0,0.0
picoquic,client,quic_client_test_tp_error,,Timeout sending ID,/results/temp/863/quic_client_test_tp_error0.iev,0.0,0.0
aioquic,client,quic_client_test_tp_error,,Timeout sending ID,/results/temp/914/quic_client_test_tp_error0.iev,0.0,0.0
aioquic,client,quic_client_test_tp_error,,Timeout sending ID,/results/temp/965/quic_client_test_tp_error0.iev,0.0,0.0
quic-go,client,quic_client_test_double_tp_error,,server_return_code(1)+timeout,/results/temp/1016/quic_client_test_double_tp_error0.iev,0.0,0.0
quic-go,client,quic_client_test_double_tp_error,,server_return_code(1)+timeout,/results/temp/1067/quic_client_test_double_tp_error0.iev,0.0,0.0
mvfst,client,quic_client_test_double_tp_error,,Timeout binding ID,/results/temp/1118/quic_client_test_double_tp_error0.iev,0.0,0.0
mvfst,client,quic_client_test_double_tp_error,,Timeout binding ID,/results/temp/1169/quic_client_test_double_tp_error0.iev,0.0,0.0
lsquic,client,quic_client_test_double_tp_error,,Timeout sending ID,/results/temp/1220/quic_client_test_double_tp_error0.iev,0.0,0.0
mvfst,client,quic_client_test_tp_acticoid_error,,Timeout binding ID,/results/temp/1628/quic_client_test_tp_acticoid_error0.iev,0.0,0.0
mvfst,client,quic_client_test_tp_acticoid_error,,Timeout binding ID,/results/temp/1679/quic_client_test_tp_acticoid_error0.iev,0.0,0.0
lsquic,client,quic_client_test_tp_acticoid_error,,Timeout sending ID,/results/temp/1730/quic_client_test_tp_acticoid_error0.iev,0.0,0.0
lsquic,client,quic_client_test_tp_acticoid_error,,Timeout sending ID,/results/temp/1781/quic_client_test_tp_acticoid_error0.iev,0.0,0.0
picoquic,client,quic_client_test_tp_acticoid_error,,Timeout sending ID,/results/temp/1832/quic_client_test_tp_acticoid_error0.iev,0.0,0.0
picoquic,client,quic_client_test_tp_acticoid_error,,Timeout sending ID,/results/temp/1883/quic_client_test_tp_acticoid_error0.iev,0.0,0.0
aioquic,client,quic_client_test_tp_acticoid_error,,Segmentation Fault 139,/results/temp/1934/quic_client_test_tp_acticoid_error0.iev,0.0,0.0
aioquic,client,quic_client_test_tp_acticoid_error,,Segmentation Fault 139,/results/temp/1985/quic_client_test_tp_acticoid_error0.iev,0.0,0.0
quic-go,client,quic_client_test_tp_limit_acticoid_error,,frame.connection_close:{err_code:0x130},/results/temp/2087/quic_client_test_tp_limit_acticoid_error0.iev,0.0,0.0
mvfst,client,quic_client_test_tp_limit_acticoid_error,,Timeout binding ID,/results/temp/2138/quic_client_test_tp_limit_acticoid_error0.iev,0.0,0.0
mvfst,client,quic_client_test_tp_limit_acticoid_error,,Timeout binding ID,/results/temp/2189/quic_client_test_tp_limit_acticoid_error0.iev,0.0,0.0
lsquic,client,quic_client_test_tp_limit_acticoid_error,,"require is_connection_id_limit_error;""",/results/temp/2240/quic_client_test_tp_limit_acticoid_error0.iev,0.0,0.0
lsquic,client,quic_client_test_tp_limit_acticoid_error,,"require is_connection_id_limit_error;""",/results/temp/2291/quic_client_test_tp_limit_acticoid_error0.iev,0.0,0.0
picoquic,client,quic_client_test_tp_limit_acticoid_error,," require pkt.payload = queued_frames(scid);""",/results/temp/2342/quic_client_test_tp_limit_acticoid_error0.iev,0.0,0.0
picoquic,client,quic_client_test_tp_limit_acticoid_error,," require pkt.payload = queued_frames(scid);""",/results/temp/2393/quic_client_test_tp_limit_acticoid_error0.iev,0.0,0.0
aioquic,client,quic_client_test_tp_limit_acticoid_error,," require pkt.payload = queued_frames(scid);""",/results/temp/2444/quic_client_test_tp_limit_acticoid_error0.iev,0.0,0.0
aioquic,client,quic_client_test_tp_limit_acticoid_error,," require pkt.payload = queued_frames(scid);""",/results/temp/2495/quic_client_test_tp_limit_acticoid_error0.iev,0.0,0.0
quic-go,client,quic_client_test_retirecoid_error,,frame.connection_close:{err_code:0x130},/results/temp/2546/quic_client_test_retirecoid_error0.iev,0.0,0.0
quic-go,client,quic_client_test_retirecoid_error,,frame.connection_close:{err_code:0x130},/results/temp/2597/quic_client_test_retirecoid_error0.iev,0.0,0.0
mvfst,client,quic_client_test_retirecoid_error,,Timeout binding ID,/results/temp/2648/quic_client_test_retirecoid_error0.iev,0.0,0.0
mvfst,client,quic_client_test_retirecoid_error,,Timeout binding ID,/results/temp/2699/quic_client_test_retirecoid_error0.iev,0.0,0.0
lsquic,client,quic_client_test_retirecoid_error,,"require is_protocol_violation;""",/results/temp/2750/quic_client_test_retirecoid_error0.iev,0.0,0.0
picoquic,client,quic_client_test_retirecoid_error,," require pkt.payload = queued_frames(scid);""",/results/temp/2801/quic_client_test_retirecoid_error0.iev,0.0,0.0
picoquic,client,quic_client_test_retirecoid_error,," require pkt.payload = queued_frames(scid);""",/results/temp/2852/quic_client_test_retirecoid_error0.iev,0.0,0.0
aioquic,client,quic_client_test_retirecoid_error,," require pkt.payload = queued_frames(scid);""",/results/temp/2903/quic_client_test_retirecoid_error0.iev,0.0,0.0
aioquic,client,quic_client_test_retirecoid_error,," require pkt.payload = queued_frames(scid);""",/results/temp/2954/quic_client_test_retirecoid_error0.iev,0.0,0.0
quic-go,client,quic_client_test_newcoid_zero_error,,frame.connection_close:{err_code:0x130},/results/temp/3005/quic_client_test_newcoid_zero_error0.iev,0.0,0.0
mvfst,client,quic_client_test_newcoid_zero_error,,Timeout binding ID,/results/temp/3107/quic_client_test_newcoid_zero_error0.iev,0.0,0.0
mvfst,client,quic_client_test_newcoid_zero_error,,Timeout binding ID,/results/temp/3158/quic_client_test_newcoid_zero_error0.iev,0.0,0.0
lsquic,client,quic_client_test_newcoid_zero_error,,"require is_protocol_violation;""",/results/temp/3209/quic_client_test_newcoid_zero_error0.iev,0.0,0.0
lsquic,client,quic_client_test_newcoid_zero_error,,"require is_protocol_violation;""",/results/temp/3260/quic_client_test_newcoid_zero_error0.iev,0.0,0.0
picoquic,client,quic_client_test_newcoid_zero_error,," require pkt.payload = queued_frames(scid);""",/results/temp/3311/quic_client_test_newcoid_zero_error0.iev,0.0,0.0
picoquic,client,quic_client_test_newcoid_zero_error,," require pkt.payload = queued_frames(scid);""",/results/temp/3362/quic_client_test_newcoid_zero_error0.iev,0.0,0.0
aioquic,client,quic_client_test_newcoid_zero_error,," require pkt.payload = queued_frames(scid);""",/results/temp/3413/quic_client_test_newcoid_zero_error0.iev,0.0,0.0
aioquic,client,quic_client_test_newcoid_zero_error,," require pkt.payload = queued_frames(scid);""",/results/temp/3464/quic_client_test_newcoid_zero_error0.iev,0.0,0.0
quic-go,client,quic_client_test_accept_maxdata,,frame.connection_close:{err_code:0x130},/results/temp/3515/quic_client_test_accept_maxdata0.iev,0.0,0.0
mvfst,client,quic_client_test_accept_maxdata,,Timeout binding ID,/results/temp/3617/quic_client_test_accept_maxdata0.iev,0.0,0.0
mvfst,client,quic_client_test_accept_maxdata,,Timeout binding ID,/results/temp/3668/quic_client_test_accept_maxdata0.iev,0.0,0.0
picoquic,client,quic_client_test_accept_maxdata,,frame.connection_close:{err_code:0x4},/results/temp/3821/quic_client_test_accept_maxdata0.iev,0.0,0.0
picoquic,client,quic_client_test_accept_maxdata,,frame.connection_close:{err_code:0x4},/results/temp/3872/quic_client_test_accept_maxdata0.iev,0.0,0.0
aioquic,client,quic_client_test_accept_maxdata,,frame.connection_close:{err_code:0x5},/results/temp/3923/quic_client_test_accept_maxdata0.iev,0.0,0.0
aioquic,client,quic_client_test_accept_maxdata,,frame.connection_close:{err_code:0x5},/results/temp/3974/quic_client_test_accept_maxdata0.iev,0.0,0.0
quic-go,client,quic_client_test_tp_prefadd_error,,frame.connection_close:{err_code:0x130},/results/temp/4076/quic_client_test_tp_prefadd_error0.iev,0.0,0.0
mvfst,client,quic_client_test_tp_prefadd_error,,Timeout binding ID,/results/temp/4127/quic_client_test_tp_prefadd_error0.iev,0.0,0.0
mvfst,client,quic_client_test_tp_prefadd_error,,Timeout binding ID,/results/temp/4178/quic_client_test_tp_prefadd_error0.iev,0.0,0.0
lsquic,client,quic_client_test_tp_prefadd_error,,Timeout sending ID,/results/temp/4229/quic_client_test_tp_prefadd_error0.iev,0.0,0.0
picoquic,client,quic_client_test_tp_prefadd_error,,No Error,/results/temp/4331/quic_client_test_tp_prefadd_error0.iev,0.0,1.0
picoquic,client,quic_client_test_tp_prefadd_error,,No Error,/results/temp/4382/quic_client_test_tp_prefadd_error0.iev,0.0,1.0
aioquic,client,quic_client_test_tp_prefadd_error,,Timeout sending ID,/results/temp/4433/quic_client_test_tp_prefadd_error0.iev,0.0,0.0
aioquic,client,quic_client_test_tp_prefadd_error,,Timeout sending ID,/results/temp/4484/quic_client_test_tp_prefadd_error0.iev,0.0,0.0
quic-go,client,quic_client_test_no_odci,,server_return_code(1)+timeout,/results/temp/4586/quic_client_test_no_odci0.iev,0.0,0.0
mvfst,client,quic_client_test_no_odci,,Timeout binding ID,/results/temp/4637/quic_client_test_no_odci0.iev,0.0,0.0
mvfst,client,quic_client_test_no_odci,,Timeout binding ID,/results/temp/4688/quic_client_test_no_odci0.iev,0.0,0.0
lsquic,client,quic_client_test_no_odci,,Timeout sending ID,/results/temp/4739/quic_client_test_no_odci0.iev,0.0,0.0
picoquic,client,quic_client_test_no_odci,,No Error,/results/temp/4841/quic_client_test_no_odci0.iev,0.0,1.0
picoquic,client,quic_client_test_no_odci,,No Error,/results/temp/4892/quic_client_test_no_odci0.iev,0.0,1.0
aioquic,client,quic_client_test_no_odci,,Segmentation Fault 139,/results/temp/4943/quic_client_test_no_odci0.iev,0.0,0.0
aioquic,client,quic_client_test_no_odci,,Segmentation Fault 139,/results/temp/4994/quic_client_test_no_odci0.iev,0.0,0.0
quic-go,client,quic_client_test_ext_min_ack_delay,,frame.connection_close:{err_code:0x130},/results/temp/5096/quic_client_test_ext_min_ack_delay0.iev,0.0,0.0
mvfst,client,quic_client_test_ext_min_ack_delay,,Timeout binding ID,/results/temp/5147/quic_client_test_ext_min_ack_delay0.iev,0.0,0.0
mvfst,client,quic_client_test_ext_min_ack_delay,,Timeout binding ID,/results/temp/5198/quic_client_test_ext_min_ack_delay0.iev,0.0,0.0
picoquic,client,quic_client_test_ext_min_ack_delay,,Timeout sending ID,/results/temp/5300/quic_client_test_ext_min_ack_delay0.iev,0.0,0.0
picoquic,client,quic_client_test_ext_min_ack_delay,,Timeout sending ID,/results/temp/5351/quic_client_test_ext_min_ack_delay0.iev,0.0,0.0
aioquic,client,quic_client_test_ext_min_ack_delay,,Timeout sending ID,/results/temp/5402/quic_client_test_ext_min_ack_delay0.iev,0.0,0.0
aioquic,client,quic_client_test_ext_min_ack_delay,,Timeout sending ID,/results/temp/5453/quic_client_test_ext_min_ack_delay0.iev,0.0,0.0
picoquic,client,quic_client_test_double_tp_error,,No Error,/results/temp/1322/quic_client_test_double_tp_error0.iev,0.0,1.0
picoquic,client,quic_client_test_double_tp_error,,No Error,/results/temp/1373/quic_client_test_double_tp_error0.iev,0.0,1.0
quic-go,client,quic_client_test_double_tp_error,,server_return_code(1)+timeout,/results/temp/10/quic_client_test_double_tp_error0.iev,0.0,0.0
quic-go,client,quic_client_test_max,,frame.connection_close:{err_code:0x130},/results/temp/61/quic_client_test_max0.iev,0.0,0.0
mvfst,client,quic_client_test_max,,Timeout binding ID,/results/temp/112/quic_client_test_max0.iev,0.0,0.0
mvfst,client,quic_client_test_max,,Timeout binding ID,/results/temp/163/quic_client_test_max0.iev,0.0,0.0
lsquic,client,quic_client_test_max,,"require conn_total_data(the_cid) > 0;""",/results/temp/214/quic_client_test_max0.iev,0.0,0.0
lsquic,client,quic_client_test_max,,"require conn_total_data(the_cid) > 0;""",/results/temp/265/quic_client_test_max0.iev,0.0,0.0
picoquic,client,quic_client_test_max,,frame.connection_close:{err_code:0x4},/results/temp/316/quic_client_test_max0.iev,0.0,0.0
aioquic,client,quic_client_test_double_tp_error,,Timeout sending ID,/results/temp/1424/quic_client_test_double_tp_error0.iev,0.0,0.0
aioquic,client,quic_client_test_double_tp_error,,Timeout sending ID,/results/temp/1475/quic_client_test_double_tp_error0.iev,0.0,0.0
quic-go,client,quic_client_test_tp_acticoid_error,,frame.connection_close:{err_code:0x8},/results/temp/1526/quic_client_test_tp_acticoid_error0.iev,0.0,0.0
quic-go,client,quic_client_test_tp_acticoid_error,,frame.connection_close:{err_code:0x8},/results/temp/1577/quic_client_test_tp_acticoid_error0.iev,0.0,0.0
aioquic,client,quic_client_test_accept_maxdata,,frame.connection_close:{err_code:0x5},/results/temp/3975/quic_client_test_accept_maxdata0.iev,0.0,0.0
mvfst,client,quic_client_test_max,,Timeout binding ID,/results/temp/113/quic_client_test_max0.iev,0.0,0.0
mvfst,client,quic_client_test_max,,Timeout binding ID,/results/temp/164/quic_client_test_max0.iev,0.0,0.0
lsquic,client,quic_client_test_max,,"require conn_total_data(the_cid) > 0;""",/results/temp/266/quic_client_test_max0.iev,0.0,0.0
picoquic,client,quic_client_test_max,,No Error,/results/temp/317/quic_client_test_max0.iev,0.0,1.0
picoquic,client,quic_client_test_max,,No Error,/results/temp/368/quic_client_test_max0.iev,0.0,1.0
aioquic,client,quic_client_test_max,,No Error,/results/temp/419/quic_client_test_max0.iev,0.0,1.0
aioquic,client,quic_client_test_max,,No Error,/results/temp/470/quic_client_test_max0.iev,0.0,1.0
quic-go,client,quic_client_test_tp_error,,server_return_code(1)+timeout,/results/temp/507/quic_client_test_tp_error0.iev,0.0,0.0
quic-go,client,quic_client_test_tp_error,,server_return_code(1)+timeout,/results/temp/558/quic_client_test_tp_error0.iev,0.0,0.0
mvfst,client,quic_client_test_tp_error,,Timeout binding ID,/results/temp/609/quic_client_test_tp_error0.iev,0.0,0.0
mvfst,client,quic_client_test_tp_error,,Timeout binding ID,/results/temp/660/quic_client_test_tp_error0.iev,0.0,0.0
lsquic,client,quic_client_test_tp_error,,Timeout sending ID,/results/temp/762/quic_client_test_tp_error0.iev,0.0,0.0
picoquic,client,quic_client_test_tp_error,,Timeout sending ID,/results/temp/813/quic_client_test_tp_error0.iev,0.0,0.0
picoquic,client,quic_client_test_double_tp_error,,No Error,/results/temp/1374/quic_client_test_double_tp_error0.iev,0.0,1.0
aioquic,client,quic_client_test_double_tp_error,,Timeout sending ID,/results/temp/1425/quic_client_test_double_tp_error0.iev,0.0,0.0
aioquic,client,quic_client_test_double_tp_error,,Timeout sending ID,/results/temp/1476/quic_client_test_double_tp_error0.iev,0.0,0.0
mvfst,client,quic_client_test_tp_acticoid_error,,Timeout binding ID,/results/temp/1629/quic_client_test_tp_acticoid_error0.iev,0.0,0.0
mvfst,client,quic_client_test_tp_acticoid_error,,Timeout binding ID,/results/temp/1680/quic_client_test_tp_acticoid_error0.iev,0.0,0.0
lsquic,client,quic_client_test_tp_acticoid_error,,Timeout sending ID,/results/temp/1782/quic_client_test_tp_acticoid_error0.iev,0.0,0.0
picoquic,client,quic_client_test_tp_acticoid_error,,Timeout sending ID,/results/temp/1833/quic_client_test_tp_acticoid_error0.iev,0.0,0.0
picoquic,client,quic_client_test_tp_acticoid_error,,Timeout sending ID,/results/temp/1884/quic_client_test_tp_acticoid_error0.iev,0.0,0.0
aioquic,client,quic_client_test_tp_acticoid_error,,Segmentation Fault 139,/results/temp/1935/quic_client_test_tp_acticoid_error0.iev,0.0,0.0
aioquic,client,quic_client_test_tp_acticoid_error,,Segmentation Fault 139,/results/temp/1986/quic_client_test_tp_acticoid_error0.iev,0.0,0.0
quic-go,client,quic_client_test_tp_limit_acticoid_error,,frame.connection_close:{err_code:0x130},/results/temp/2088/quic_client_test_tp_limit_acticoid_error0.iev,0.0,0.0
mvfst,client,quic_client_test_tp_limit_acticoid_error,,Timeout binding ID,/results/temp/2139/quic_client_test_tp_limit_acticoid_error0.iev,0.0,0.0
mvfst,client,quic_client_test_tp_limit_acticoid_error,,Timeout binding ID,/results/temp/2190/quic_client_test_tp_limit_acticoid_error0.iev,0.0,0.0
lsquic,client,quic_client_test_tp_limit_acticoid_error,,"require is_connection_id_limit_error;""",/results/temp/2241/quic_client_test_tp_limit_acticoid_error0.iev,0.0,0.0
lsquic,client,quic_client_test_tp_limit_acticoid_error,,"require is_connection_id_limit_error;""",/results/temp/2292/quic_client_test_tp_limit_acticoid_error0.iev,0.0,0.0
picoquic,client,quic_client_test_tp_limit_acticoid_error,," require pkt.payload = queued_frames(scid);""",/results/temp/2343/quic_client_test_tp_limit_acticoid_error0.iev,0.0,0.0
picoquic,client,quic_client_test_tp_limit_acticoid_error,," require pkt.payload = queued_frames(scid);""",/results/temp/2394/quic_client_test_tp_limit_acticoid_error0.iev,0.0,0.0
aioquic,client,quic_client_test_tp_limit_acticoid_error,," require pkt.payload = queued_frames(scid);""",/results/temp/2445/quic_client_test_tp_limit_acticoid_error0.iev,0.0,0.0
aioquic,client,quic_client_test_tp_limit_acticoid_error,," require pkt.payload = queued_frames(scid);""",/results/temp/2496/quic_client_test_tp_limit_acticoid_error0.iev,0.0,0.0
quic-go,client,quic_client_test_retirecoid_error,,frame.connection_close:{err_code:0x130},/results/temp/2547/quic_client_test_retirecoid_error0.iev,0.0,0.0
quic-go,client,quic_client_test_retirecoid_error,,frame.connection_close:{err_code:0x130},/results/temp/2598/quic_client_test_retirecoid_error0.iev,0.0,0.0
mvfst,client,quic_client_test_retirecoid_error,,Timeout binding ID,/results/temp/2649/quic_client_test_retirecoid_error0.iev,0.0,0.0
lsquic,client,quic_client_test_retirecoid_error,,"require is_protocol_violation;""",/results/temp/2700/quic_client_test_retirecoid_error0.iev,0.0,0.0
picoquic,client,quic_client_test_retirecoid_error,," require pkt.payload = queued_frames(scid);""",/results/temp/2802/quic_client_test_retirecoid_error0.iev,0.0,0.0
picoquic,client,quic_client_test_retirecoid_error,," require pkt.payload = queued_frames(scid);""",/results/temp/2853/quic_client_test_retirecoid_error0.iev,0.0,0.0
aioquic,client,quic_client_test_retirecoid_error,," require pkt.payload = queued_frames(scid);""",/results/temp/2904/quic_client_test_retirecoid_error0.iev,0.0,0.0
aioquic,client,quic_client_test_retirecoid_error,,"	require num_queued_frames(scid) > 0 -> e = queued_level(scid);""",/results/temp/2955/quic_client_test_retirecoid_error0.iev,0.0,0.0
mvfst,client,quic_client_test_newcoid_zero_error,,Timeout binding ID,/results/temp/3108/quic_client_test_newcoid_zero_error0.iev,0.0,0.0
mvfst,client,quic_client_test_newcoid_zero_error,,Timeout binding ID,/results/temp/3159/quic_client_test_newcoid_zero_error0.iev,0.0,0.0
picoquic,client,quic_client_test_newcoid_zero_error,," require pkt.payload = queued_frames(scid);""",/results/temp/3312/quic_client_test_newcoid_zero_error0.iev,0.0,0.0
picoquic,client,quic_client_test_newcoid_zero_error,," require pkt.payload = queued_frames(scid);""",/results/temp/3363/quic_client_test_newcoid_zero_error0.iev,0.0,0.0
aioquic,client,quic_client_test_newcoid_zero_error,," require pkt.payload = queued_frames(scid);""",/results/temp/3414/quic_client_test_newcoid_zero_error0.iev,0.0,0.0
aioquic,client,quic_client_test_newcoid_zero_error,,"	require num_queued_frames(scid) > 0 -> e = queued_level(scid);""",/results/temp/3465/quic_client_test_newcoid_zero_error0.iev,0.0,0.0
quic-go,client,quic_client_test_accept_maxdata,,frame.connection_close:{err_code:0x130},/results/temp/3516/quic_client_test_accept_maxdata0.iev,0.0,0.0
mvfst,client,quic_client_test_accept_maxdata,,Timeout binding ID,/results/temp/3618/quic_client_test_accept_maxdata0.iev,0.0,0.0
mvfst,client,quic_client_test_accept_maxdata,,Timeout binding ID,/results/temp/3669/quic_client_test_accept_maxdata0.iev,0.0,0.0
lsquic,client,quic_client_test_accept_maxdata,,"require conn_total_data(the_cid) > 0;""",/results/temp/3720/quic_client_test_accept_maxdata0.iev,0.0,0.0
lsquic,client,quic_client_test_accept_maxdata,,"require conn_total_data(the_cid) > 0;""",/results/temp/3771/quic_client_test_accept_maxdata0.iev,0.0,0.0
picoquic,client,quic_client_test_accept_maxdata,,frame.connection_close:{err_code:0x4},/results/temp/3822/quic_client_test_accept_maxdata0.iev,0.0,0.0
picoquic,client,quic_client_test_accept_maxdata,,"require connected(dcid) & connected_to(dcid) = scid;""",/results/temp/3873/quic_client_test_accept_maxdata0.iev,0.0,0.0
aioquic,client,quic_client_test_accept_maxdata,,frame.connection_close:{err_code:0x5},/results/temp/3924/quic_client_test_accept_maxdata0.iev,0.0,0.0
picoquic,client,quic_client_test_tp_error,,Timeout sending ID,/results/temp/864/quic_client_test_tp_error0.iev,0.0,0.0
aioquic,client,quic_client_test_tp_error,,Timeout sending ID,/results/temp/915/quic_client_test_tp_error0.iev,0.0,0.0
aioquic,client,quic_client_test_tp_error,,Timeout sending ID,/results/temp/966/quic_client_test_tp_error0.iev,0.0,0.0
quic-go,client,quic_client_test_double_tp_error,,server_return_code(1)+timeout,/results/temp/1017/quic_client_test_double_tp_error0.iev,0.0,0.0
quic-go,client,quic_client_test_double_tp_error,,server_return_code(1)+timeout,/results/temp/1068/quic_client_test_double_tp_error0.iev,0.0,0.0
mvfst,client,quic_client_test_double_tp_error,,Timeout binding ID,/results/temp/1119/quic_client_test_double_tp_error0.iev,0.0,0.0
mvfst,client,quic_client_test_double_tp_error,,Timeout binding ID,/results/temp/1170/quic_client_test_double_tp_error0.iev,0.0,0.0
lsquic,client,quic_client_test_double_tp_error,,Timeout sending ID,/results/temp/1221/quic_client_test_double_tp_error0.iev,0.0,0.0
lsquic,client,quic_client_test_double_tp_error,,Timeout sending ID,/results/temp/1272/quic_client_test_double_tp_error0.iev,0.0,0.0
picoquic,client,quic_client_test_double_tp_error,,No Error,/results/temp/1323/quic_client_test_double_tp_error0.iev,0.0,1.0
quic-go,client,quic_client_test_tp_prefadd_error,,frame.connection_close:{err_code:0x130},/results/temp/4026/quic_client_test_tp_prefadd_error0.iev,0.0,0.0
quic-go,client,quic_client_test_tp_prefadd_error,,frame.connection_close:{err_code:0x130},/results/temp/4077/quic_client_test_tp_prefadd_error0.iev,0.0,0.0
mvfst,client,quic_client_test_tp_prefadd_error,,Timeout binding ID,/results/temp/4128/quic_client_test_tp_prefadd_error0.iev,0.0,0.0
mvfst,client,quic_client_test_tp_prefadd_error,,Timeout binding ID,/results/temp/4179/quic_client_test_tp_prefadd_error0.iev,0.0,0.0
lsquic,client,quic_client_test_tp_prefadd_error,,Timeout sending ID,/results/temp/4281/quic_client_test_tp_prefadd_error0.iev,0.0,0.0
picoquic,client,quic_client_test_tp_prefadd_error,,No Error,/results/temp/4332/quic_client_test_tp_prefadd_error0.iev,0.0,1.0
picoquic,client,quic_client_test_tp_prefadd_error,,No Error,/results/temp/4383/quic_client_test_tp_prefadd_error0.iev,0.0,1.0
aioquic,client,quic_client_test_tp_prefadd_error,,Timeout sending ID,/results/temp/4434/quic_client_test_tp_prefadd_error0.iev,0.0,0.0
aioquic,client,quic_client_test_tp_prefadd_error,,Timeout sending ID,/results/temp/4485/quic_client_test_tp_prefadd_error0.iev,0.0,0.0
quic-go,client,quic_client_test_no_odci,,server_return_code(1)+timeout,/results/temp/4536/quic_client_test_no_odci0.iev,0.0,0.0
quic-go,client,quic_client_test_no_odci,,server_return_code(1)+timeout,/results/temp/4587/quic_client_test_no_odci0.iev,0.0,0.0
mvfst,client,quic_client_test_no_odci,,Timeout binding ID,/results/temp/4638/quic_client_test_no_odci0.iev,0.0,0.0
mvfst,client,quic_client_test_no_odci,,Timeout binding ID,/results/temp/4689/quic_client_test_no_odci0.iev,0.0,0.0
lsquic,client,quic_client_test_no_odci,,Timeout sending ID,/results/temp/4740/quic_client_test_no_odci0.iev,0.0,0.0
lsquic,client,quic_client_test_no_odci,,Timeout sending ID,/results/temp/4791/quic_client_test_no_odci0.iev,0.0,0.0
picoquic,client,quic_client_test_no_odci,,No Error,/results/temp/4842/quic_client_test_no_odci0.iev,0.0,1.0
picoquic,client,quic_client_test_no_odci,,No Error,/results/temp/4893/quic_client_test_no_odci0.iev,0.0,1.0
aioquic,client,quic_client_test_no_odci,,Segmentation Fault 139,/results/temp/4944/quic_client_test_no_odci0.iev,0.0,0.0
aioquic,client,quic_client_test_no_odci,,Segmentation Fault 139,/results/temp/4995/quic_client_test_no_odci0.iev,0.0,0.0
quic-go,client,quic_client_test_ext_min_ack_delay,,frame.connection_close:{err_code:0x130},/results/temp/5046/quic_client_test_ext_min_ack_delay0.iev,0.0,0.0
quic-go,client,quic_client_test_ext_min_ack_delay,,frame.connection_close:{err_code:0x130},/results/temp/5097/quic_client_test_ext_min_ack_delay0.iev,0.0,0.0
mvfst,client,quic_client_test_ext_min_ack_delay,,Timeout binding ID,/results/temp/5148/quic_client_test_ext_min_ack_delay0.iev,0.0,0.0
mvfst,client,quic_client_test_ext_min_ack_delay,,Timeout binding ID,/results/temp/5199/quic_client_test_ext_min_ack_delay0.iev,0.0,0.0
lsquic,client,quic_client_test_ext_min_ack_delay,,Timeout sending ID,/results/temp/5250/quic_client_test_ext_min_ack_delay0.iev,0.0,0.0
picoquic,client,quic_client_test_ext_min_ack_delay,,Timeout sending ID,/results/temp/5301/quic_client_test_ext_min_ack_delay0.iev,0.0,0.0
picoquic,client,quic_client_test_ext_min_ack_delay,,Timeout sending ID,/results/temp/5352/quic_client_test_ext_min_ack_delay0.iev,0.0,0.0
aioquic,client,quic_client_test_ext_min_ack_delay,,Timeout sending ID,/results/temp/5403/quic_client_test_ext_min_ack_delay0.iev,0.0,0.0
aioquic,client,quic_client_test_ext_min_ack_delay,,Timeout sending ID,/results/temp/5454/quic_client_test_ext_min_ack_delay0.iev,0.0,0.0
quic-go,client,quic_client_test_double_tp_error,,Timeout binding ID,/results/temp/11/quic_client_test_double_tp_error0.iev,0.0,0.0
quic-go,client,quic_client_test_max,,frame.connection_close:{err_code:0x130},/results/temp/11/quic_client_test_max0.iev,0.0,0.0
picoquic,client,quic_client_test_newcoid_zero_error,," require pkt.payload = queued_frames(scid);""",/results/temp/3364/quic_client_test_newcoid_zero_error0.iev,0.0,0.0
quic-go,client,quic_client_test_double_tp_error,,Timeout sending ID,/results/temp/12/quic_client_test_double_tp_error0.iev,0.0,0.0
quic-go,client,quic_client_test_max,,frame.connection_close:{err_code:0x130},/results/temp/12/quic_client_test_max0.iev,0.0,0.0
quic-go,client,quic_client_test_double_tp_error,,No Error,/results/temp/13/quic_client_test_double_tp_error0.iev,0.0,1.0
quic-go,client,quic_client_test_max,,frame.connection_close:{err_code:0x130},/results/temp/13/quic_client_test_max0.iev,0.0,0.0
quic-go,client,quic_client_test_max,,frame.connection_close:{err_code:0x130},/results/temp/64/quic_client_test_max0.iev,0.0,0.0
mvfst,client,quic_client_test_max,,Timeout binding ID,/results/temp/114/quic_client_test_max0.iev,0.0,0.0
mvfst,client,quic_client_test_max,,Timeout binding ID,/results/temp/115/quic_client_test_max0.iev,0.0,0.0
mvfst,client,quic_client_test_max,,Timeout binding ID,/results/temp/165/quic_client_test_max0.iev,0.0,0.0
picoquic,client,quic_client_test_max,,frame.connection_close:{err_code:0x4},/results/temp/318/quic_client_test_max0.iev,0.0,0.0
picoquic,client,quic_client_test_max,,"require stream_id_allowed(dcid,f.id);  # [6]""",/results/temp/319/quic_client_test_max0.iev,0.0,0.0
picoquic,client,quic_client_test_max,,"require stream_id_allowed(dcid,f.id);  # [6]""",/results/temp/369/quic_client_test_max0.iev,0.0,0.0
picoquic,client,quic_client_test_max,,"require stream_id_allowed(dcid,f.id);  # [6]""",/results/temp/370/quic_client_test_max0.iev,0.0,0.0
aioquic,client,quic_client_test_max,,No Error,/results/temp/420/quic_client_test_max0.iev,0.0,1.0
aioquic,client,quic_client_test_max,,No Error,/results/temp/421/quic_client_test_max0.iev,0.0,1.0
aioquic,client,quic_client_test_max,,No Error,/results/temp/471/quic_client_test_max0.iev,0.0,1.0
aioquic,client,quic_client_test_max,,No Error,/results/temp/472/quic_client_test_max0.iev,0.0,1.0
quic-go,client,quic_client_test_tp_error,,server_return_code(1)+timeout,/results/temp/508/quic_client_test_tp_error0.iev,0.0,0.0
quic-go,client,quic_client_test_tp_error,,server_return_code(1)+timeout,/results/temp/509/quic_client_test_tp_error0.iev,0.0,0.0
quic-go,client,quic_client_test_tp_error,,server_return_code(1)+timeout,/results/temp/559/quic_client_test_tp_error0.iev,0.0,0.0
mvfst,client,quic_client_test_tp_error,,Timeout binding ID,/results/temp/610/quic_client_test_tp_error0.iev,0.0,0.0
mvfst,client,quic_client_test_tp_error,,Timeout binding ID,/results/temp/611/quic_client_test_tp_error0.iev,0.0,0.0
mvfst,client,quic_client_test_tp_error,,Timeout binding ID,/results/temp/661/quic_client_test_tp_error0.iev,0.0,0.0
mvfst,client,quic_client_test_tp_error,,Timeout binding ID,/results/temp/662/quic_client_test_tp_error0.iev,0.0,0.0
lsquic,client,quic_client_test_tp_error,,Timeout sending ID,/results/temp/763/quic_client_test_tp_error0.iev,0.0,0.0
lsquic,client,quic_client_test_tp_error,,Timeout sending ID,/results/temp/764/quic_client_test_tp_error0.iev,0.0,0.0
picoquic,client,quic_client_test_tp_error,,Timeout sending ID,/results/temp/814/quic_client_test_tp_error0.iev,0.0,0.0
picoquic,client,quic_client_test_tp_error,,Timeout sending ID,/results/temp/815/quic_client_test_tp_error0.iev,0.0,0.0
picoquic,client,quic_client_test_tp_error,,Timeout sending ID,/results/temp/865/quic_client_test_tp_error0.iev,0.0,0.0
picoquic,client,quic_client_test_tp_error,,Timeout sending ID,/results/temp/866/quic_client_test_tp_error0.iev,0.0,0.0
aioquic,client,quic_client_test_tp_error,,Timeout sending ID,/results/temp/916/quic_client_test_tp_error0.iev,0.0,0.0
aioquic,client,quic_client_test_tp_error,,Timeout sending ID,/results/temp/917/quic_client_test_tp_error0.iev,0.0,0.0
aioquic,client,quic_client_test_tp_error,,Timeout sending ID,/results/temp/967/quic_client_test_tp_error0.iev,0.0,0.0
aioquic,client,quic_client_test_tp_error,,Timeout sending ID,/results/temp/968/quic_client_test_tp_error0.iev,0.0,0.0
quic-go,client,quic_client_test_double_tp_error,,server_return_code(1)+timeout,/results/temp/1018/quic_client_test_double_tp_error0.iev,0.0,0.0
quic-go,client,quic_client_test_double_tp_error,,server_return_code(1)+timeout,/results/temp/1019/quic_client_test_double_tp_error0.iev,0.0,0.0
quic-go,client,quic_client_test_double_tp_error,,server_return_code(1)+timeout,/results/temp/1069/quic_client_test_double_tp_error0.iev,0.0,0.0
quic-go,client,quic_client_test_double_tp_error,,server_return_code(1)+timeout,/results/temp/1070/quic_client_test_double_tp_error0.iev,0.0,0.0
mvfst,client,quic_client_test_double_tp_error,,Timeout binding ID,/results/temp/1120/quic_client_test_double_tp_error0.iev,0.0,0.0
mvfst,client,quic_client_test_double_tp_error,,Timeout binding ID,/results/temp/1121/quic_client_test_double_tp_error0.iev,0.0,0.0
mvfst,client,quic_client_test_double_tp_error,,Timeout binding ID,/results/temp/1171/quic_client_test_double_tp_error0.iev,0.0,0.0
mvfst,client,quic_client_test_double_tp_error,,Timeout binding ID,/results/temp/1172/quic_client_test_double_tp_error0.iev,0.0,0.0
lsquic,client,quic_client_test_double_tp_error,,Timeout sending ID,/results/temp/1223/quic_client_test_double_tp_error0.iev,0.0,0.0
lsquic,client,quic_client_test_double_tp_error,,Timeout sending ID,/results/temp/1274/quic_client_test_double_tp_error0.iev,0.0,0.0
picoquic,client,quic_client_test_double_tp_error,,No Error,/results/temp/1324/quic_client_test_double_tp_error0.iev,0.0,1.0
picoquic,client,quic_client_test_double_tp_error,,No Error,/results/temp/1325/quic_client_test_double_tp_error0.iev,0.0,1.0
picoquic,client,quic_client_test_double_tp_error,,No Error,/results/temp/1375/quic_client_test_double_tp_error0.iev,0.0,1.0
picoquic,client,quic_client_test_double_tp_error,,No Error,/results/temp/1376/quic_client_test_double_tp_error0.iev,0.0,1.0
aioquic,client,quic_client_test_double_tp_error,,Timeout sending ID,/results/temp/1426/quic_client_test_double_tp_error0.iev,0.0,0.0
aioquic,client,quic_client_test_double_tp_error,,Timeout sending ID,/results/temp/1427/quic_client_test_double_tp_error0.iev,0.0,0.0
aioquic,client,quic_client_test_double_tp_error,,Timeout sending ID,/results/temp/1477/quic_client_test_double_tp_error0.iev,0.0,0.0
aioquic,client,quic_client_test_double_tp_error,,Timeout sending ID,/results/temp/1478/quic_client_test_double_tp_error0.iev,0.0,0.0
quic-go,client,quic_client_test_tp_acticoid_error,,frame.connection_close:{err_code:0x8},/results/temp/1529/quic_client_test_tp_acticoid_error0.iev,0.0,0.0
quic-go,client,quic_client_test_tp_acticoid_error,,frame.connection_close:{err_code:0x8},/results/temp/1579/quic_client_test_tp_acticoid_error0.iev,0.0,0.0
mvfst,client,quic_client_test_tp_acticoid_error,,Timeout binding ID,/results/temp/1630/quic_client_test_tp_acticoid_error0.iev,0.0,0.0
mvfst,client,quic_client_test_tp_acticoid_error,,Timeout binding ID,/results/temp/1631/quic_client_test_tp_acticoid_error0.iev,0.0,0.0
mvfst,client,quic_client_test_tp_acticoid_error,,Timeout binding ID,/results/temp/1681/quic_client_test_tp_acticoid_error0.iev,0.0,0.0
mvfst,client,quic_client_test_tp_acticoid_error,,Timeout binding ID,/results/temp/1682/quic_client_test_tp_acticoid_error0.iev,0.0,0.0
lsquic,client,quic_client_test_tp_acticoid_error,,Timeout sending ID,/results/temp/1732/quic_client_test_tp_acticoid_error0.iev,0.0,0.0
lsquic,client,quic_client_test_tp_acticoid_error,,Timeout sending ID,/results/temp/1784/quic_client_test_tp_acticoid_error0.iev,0.0,0.0
picoquic,client,quic_client_test_tp_acticoid_error,,Timeout sending ID,/results/temp/1834/quic_client_test_tp_acticoid_error0.iev,0.0,0.0
picoquic,client,quic_client_test_tp_acticoid_error,,Timeout sending ID,/results/temp/1835/quic_client_test_tp_acticoid_error0.iev,0.0,0.0
picoquic,client,quic_client_test_tp_acticoid_error,,Timeout sending ID,/results/temp/1885/quic_client_test_tp_acticoid_error0.iev,0.0,0.0
picoquic,client,quic_client_test_tp_acticoid_error,,Timeout sending ID,/results/temp/1886/quic_client_test_tp_acticoid_error0.iev,0.0,0.0
aioquic,client,quic_client_test_tp_acticoid_error,,Segmentation Fault 139,/results/temp/1936/quic_client_test_tp_acticoid_error0.iev,0.0,0.0
aioquic,client,quic_client_test_tp_acticoid_error,,Segmentation Fault 139,/results/temp/1937/quic_client_test_tp_acticoid_error0.iev,0.0,0.0
aioquic,client,quic_client_test_tp_acticoid_error,,Segmentation Fault 139,/results/temp/1987/quic_client_test_tp_acticoid_error0.iev,0.0,0.0
aioquic,client,quic_client_test_tp_acticoid_error,,Segmentation Fault 139,/results/temp/1988/quic_client_test_tp_acticoid_error0.iev,0.0,0.0
quic-go,client,quic_client_test_tp_limit_acticoid_error,,frame.connection_close:{err_code:0x130},/results/temp/2038/quic_client_test_tp_limit_acticoid_error0.iev,0.0,0.0
quic-go,client,quic_client_test_tp_limit_acticoid_error,,frame.connection_close:{err_code:0x130},/results/temp/2090/quic_client_test_tp_limit_acticoid_error0.iev,0.0,0.0
mvfst,client,quic_client_test_tp_limit_acticoid_error,,Timeout binding ID,/results/temp/2140/quic_client_test_tp_limit_acticoid_error0.iev,0.0,0.0
mvfst,client,quic_client_test_tp_limit_acticoid_error,,Timeout binding ID,/results/temp/2141/quic_client_test_tp_limit_acticoid_error0.iev,0.0,0.0
mvfst,client,quic_client_test_tp_limit_acticoid_error,,Timeout binding ID,/results/temp/2191/quic_client_test_tp_limit_acticoid_error0.iev,0.0,0.0
mvfst,client,quic_client_test_tp_limit_acticoid_error,,Timeout binding ID,/results/temp/2192/quic_client_test_tp_limit_acticoid_error0.iev,0.0,0.0
lsquic,client,quic_client_test_tp_limit_acticoid_error,,"require is_connection_id_limit_error;""",/results/temp/2243/quic_client_test_tp_limit_acticoid_error0.iev,0.0,0.0
picoquic,client,quic_client_test_tp_limit_acticoid_error,," require pkt.payload = queued_frames(scid);""",/results/temp/2344/quic_client_test_tp_limit_acticoid_error0.iev,0.0,0.0
picoquic,client,quic_client_test_tp_limit_acticoid_error,," require pkt.payload = queued_frames(scid);""",/results/temp/2345/quic_client_test_tp_limit_acticoid_error0.iev,0.0,0.0
picoquic,client,quic_client_test_tp_limit_acticoid_error,," require pkt.payload = queued_frames(scid);""",/results/temp/2395/quic_client_test_tp_limit_acticoid_error0.iev,0.0,0.0
picoquic,client,quic_client_test_tp_limit_acticoid_error,,frame.connection_close:{err_code:0xa},/results/temp/2396/quic_client_test_tp_limit_acticoid_error0.iev,0.0,0.0
aioquic,client,quic_client_test_tp_limit_acticoid_error,," require pkt.payload = queued_frames(scid);""",/results/temp/2446/quic_client_test_tp_limit_acticoid_error0.iev,0.0,0.0
aioquic,client,quic_client_test_tp_limit_acticoid_error,," require pkt.payload = queued_frames(scid);""",/results/temp/2447/quic_client_test_tp_limit_acticoid_error0.iev,0.0,0.0
aioquic,client,quic_client_test_tp_limit_acticoid_error,," require pkt.payload = queued_frames(scid);""",/results/temp/2497/quic_client_test_tp_limit_acticoid_error0.iev,0.0,0.0
aioquic,client,quic_client_test_tp_limit_acticoid_error,," require pkt.payload = queued_frames(scid);""",/results/temp/2498/quic_client_test_tp_limit_acticoid_error0.iev,0.0,0.0
quic-go,client,quic_client_test_retirecoid_error,,frame.connection_close:{err_code:0x130},/results/temp/2548/quic_client_test_retirecoid_error0.iev,0.0,0.0
quic-go,client,quic_client_test_retirecoid_error,,frame.connection_close:{err_code:0x130},/results/temp/2549/quic_client_test_retirecoid_error0.iev,0.0,0.0
quic-go,client,quic_client_test_retirecoid_error,,frame.connection_close:{err_code:0x130},/results/temp/2599/quic_client_test_retirecoid_error0.iev,0.0,0.0
mvfst,client,quic_client_test_retirecoid_error,,Timeout binding ID,/results/temp/2600/quic_client_test_retirecoid_error0.iev,0.0,0.0
mvfst,client,quic_client_test_retirecoid_error,,Timeout binding ID,/results/temp/2650/quic_client_test_retirecoid_error0.iev,0.0,0.0
mvfst,client,quic_client_test_retirecoid_error,,Timeout binding ID,/results/temp/2651/quic_client_test_retirecoid_error0.iev,0.0,0.0
lsquic,client,quic_client_test_retirecoid_error,,"require is_protocol_violation;""",/results/temp/2701/quic_client_test_retirecoid_error0.iev,0.0,0.0
lsquic,client,quic_client_test_retirecoid_error,,"require is_protocol_violation;""",/results/temp/2702/quic_client_test_retirecoid_error0.iev,0.0,0.0
lsquic,client,quic_client_test_retirecoid_error,,"require is_protocol_violation;""",/results/temp/2753/quic_client_test_retirecoid_error0.iev,0.0,0.0
picoquic,client,quic_client_test_retirecoid_error,," require pkt.payload = queued_frames(scid);""",/results/temp/2803/quic_client_test_retirecoid_error0.iev,0.0,0.0
picoquic,client,quic_client_test_retirecoid_error,," require pkt.payload = queued_frames(scid);""",/results/temp/2804/quic_client_test_retirecoid_error0.iev,0.0,0.0
picoquic,client,quic_client_test_retirecoid_error,," require pkt.payload = queued_frames(scid);""",/results/temp/2854/quic_client_test_retirecoid_error0.iev,0.0,0.0
picoquic,client,quic_client_test_retirecoid_error,," require pkt.payload = queued_frames(scid);""",/results/temp/2855/quic_client_test_retirecoid_error0.iev,0.0,0.0
aioquic,client,quic_client_test_retirecoid_error,," require pkt.payload = queued_frames(scid);""",/results/temp/2905/quic_client_test_retirecoid_error0.iev,0.0,0.0
aioquic,client,quic_client_test_retirecoid_error,," require pkt.payload = queued_frames(scid);""",/results/temp/2906/quic_client_test_retirecoid_error0.iev,0.0,0.0
aioquic,client,quic_client_test_retirecoid_error,," require pkt.payload = queued_frames(scid);""",/results/temp/2956/quic_client_test_retirecoid_error0.iev,0.0,0.0
aioquic,client,quic_client_test_retirecoid_error,," require pkt.payload = queued_frames(scid);""",/results/temp/2957/quic_client_test_retirecoid_error0.iev,0.0,0.0
quic-go,client,quic_client_test_newcoid_zero_error,,frame.connection_close:{err_code:0x130},/results/temp/3007/quic_client_test_newcoid_zero_error0.iev,0.0,0.0
quic-go,client,quic_client_test_newcoid_zero_error,,frame.connection_close:{err_code:0x130},/results/temp/3008/quic_client_test_newcoid_zero_error0.iev,0.0,0.0
quic-go,client,quic_client_test_newcoid_zero_error,,frame.connection_close:{err_code:0x130},/results/temp/3058/quic_client_test_newcoid_zero_error0.iev,0.0,0.0
quic-go,client,quic_client_test_newcoid_zero_error,,frame.connection_close:{err_code:0x130},/results/temp/3059/quic_client_test_newcoid_zero_error0.iev,0.0,0.0
mvfst,client,quic_client_test_newcoid_zero_error,,Timeout binding ID,/results/temp/3109/quic_client_test_newcoid_zero_error0.iev,0.0,0.0
mvfst,client,quic_client_test_newcoid_zero_error,,Timeout binding ID,/results/temp/3110/quic_client_test_newcoid_zero_error0.iev,0.0,0.0
mvfst,client,quic_client_test_newcoid_zero_error,,Timeout binding ID,/results/temp/3160/quic_client_test_newcoid_zero_error0.iev,0.0,0.0
mvfst,client,quic_client_test_newcoid_zero_error,,Timeout binding ID,/results/temp/3161/quic_client_test_newcoid_zero_error0.iev,0.0,0.0
lsquic,client,quic_client_test_newcoid_zero_error,,"require is_protocol_violation;""",/results/temp/3211/quic_client_test_newcoid_zero_error0.iev,0.0,0.0
lsquic,client,quic_client_test_newcoid_zero_error,,"require is_protocol_violation;""",/results/temp/3262/quic_client_test_newcoid_zero_error0.iev,0.0,0.0
picoquic,client,quic_client_test_newcoid_zero_error,," require pkt.payload = queued_frames(scid);""",/results/temp/3313/quic_client_test_newcoid_zero_error0.iev,0.0,0.0
picoquic,client,quic_client_test_newcoid_zero_error,," require pkt.payload = queued_frames(scid);""",/results/temp/3314/quic_client_test_newcoid_zero_error0.iev,0.0,0.0
picoquic,client,quic_client_test_newcoid_zero_error,," require pkt.payload = queued_frames(scid);""",/results/temp/3365/quic_client_test_newcoid_zero_error0.iev,0.0,0.0
aioquic,client,quic_client_test_newcoid_zero_error,," require pkt.payload = queued_frames(scid);""",/results/temp/3415/quic_client_test_newcoid_zero_error0.iev,0.0,0.0
aioquic,client,quic_client_test_newcoid_zero_error,,"	require num_queued_frames(scid) > 0 -> e = queued_level(scid);""",/results/temp/3416/quic_client_test_newcoid_zero_error0.iev,0.0,0.0
aioquic,client,quic_client_test_newcoid_zero_error,," require pkt.payload = queued_frames(scid);""",/results/temp/3466/quic_client_test_newcoid_zero_error0.iev,0.0,0.0
aioquic,client,quic_client_test_newcoid_zero_error,," require pkt.payload = queued_frames(scid);""",/results/temp/3467/quic_client_test_newcoid_zero_error0.iev,0.0,0.0
quic-go,client,quic_client_test_accept_maxdata,,frame.connection_close:{err_code:0x130},/results/temp/3518/quic_client_test_accept_maxdata0.iev,0.0,0.0
quic-go,client,quic_client_test_accept_maxdata,,frame.connection_close:{err_code:0x130},/results/temp/3569/quic_client_test_accept_maxdata0.iev,0.0,0.0
mvfst,client,quic_client_test_accept_maxdata,,Timeout binding ID,/results/temp/3619/quic_client_test_accept_maxdata0.iev,0.0,0.0
mvfst,client,quic_client_test_accept_maxdata,,Timeout binding ID,/results/temp/3620/quic_client_test_accept_maxdata0.iev,0.0,0.0
mvfst,client,quic_client_test_accept_maxdata,,Timeout binding ID,/results/temp/3670/quic_client_test_accept_maxdata0.iev,0.0,0.0
mvfst,client,quic_client_test_accept_maxdata,,Timeout binding ID,/results/temp/3671/quic_client_test_accept_maxdata0.iev,0.0,0.0
lsquic,client,quic_client_test_accept_maxdata,,"require conn_total_data(the_cid) > 0;""",/results/temp/3721/quic_client_test_accept_maxdata0.iev,0.0,0.0
lsquic,client,quic_client_test_accept_maxdata,,"require conn_total_data(the_cid) > 0;""",/results/temp/3772/quic_client_test_accept_maxdata0.iev,0.0,0.0
lsquic,client,quic_client_test_accept_maxdata,,"require conn_total_data(the_cid) > 0;""",/results/temp/3773/quic_client_test_accept_maxdata0.iev,0.0,0.0
picoquic,client,quic_client_test_accept_maxdata,,frame.connection_close:{err_code:0x4},/results/temp/3823/quic_client_test_accept_maxdata0.iev,0.0,0.0
picoquic,client,quic_client_test_accept_maxdata,,frame.connection_close:{err_code:0x4},/results/temp/3824/quic_client_test_accept_maxdata0.iev,0.0,0.0
picoquic,client,quic_client_test_accept_maxdata,,frame.connection_close:{err_code:0x4},/results/temp/3874/quic_client_test_accept_maxdata0.iev,0.0,0.0
picoquic,client,quic_client_test_accept_maxdata,,"require connected(dcid) & connected_to(dcid) = scid;""",/results/temp/3875/quic_client_test_accept_maxdata0.iev,0.0,0.0
aioquic,client,quic_client_test_accept_maxdata,,frame.connection_close:{err_code:0x5},/results/temp/3925/quic_client_test_accept_maxdata0.iev,0.0,0.0
aioquic,client,quic_client_test_accept_maxdata,,frame.connection_close:{err_code:0x5},/results/temp/3926/quic_client_test_accept_maxdata0.iev,0.0,0.0
aioquic,client,quic_client_test_accept_maxdata,,frame.connection_close:{err_code:0x5},/results/temp/3976/quic_client_test_accept_maxdata0.iev,0.0,0.0
aioquic,client,quic_client_test_accept_maxdata,,frame.connection_close:{err_code:0x5},/results/temp/3977/quic_client_test_accept_maxdata0.iev,0.0,0.0
quic-go,client,quic_client_test_tp_prefadd_error,,frame.connection_close:{err_code:0x130},/results/temp/4027/quic_client_test_tp_prefadd_error0.iev,0.0,0.0
quic-go,client,quic_client_test_tp_prefadd_error,,frame.connection_close:{err_code:0x130},/results/temp/4078/quic_client_test_tp_prefadd_error0.iev,0.0,0.0
quic-go,client,quic_client_test_tp_prefadd_error,,frame.connection_close:{err_code:0x130},/results/temp/4079/quic_client_test_tp_prefadd_error0.iev,0.0,0.0
mvfst,client,quic_client_test_tp_prefadd_error,,Timeout binding ID,/results/temp/4129/quic_client_test_tp_prefadd_error0.iev,0.0,0.0
mvfst,client,quic_client_test_tp_prefadd_error,,Timeout binding ID,/results/temp/4130/quic_client_test_tp_prefadd_error0.iev,0.0,0.0
mvfst,client,quic_client_test_tp_prefadd_error,,Timeout binding ID,/results/temp/4180/quic_client_test_tp_prefadd_error0.iev,0.0,0.0
mvfst,client,quic_client_test_tp_prefadd_error,,Timeout binding ID,/results/temp/4181/quic_client_test_tp_prefadd_error0.iev,0.0,0.0
lsquic,client,quic_client_test_tp_prefadd_error,,Timeout sending ID,/results/temp/4231/quic_client_test_tp_prefadd_error0.iev,0.0,0.0
lsquic,client,quic_client_test_tp_prefadd_error,,Timeout sending ID,/results/temp/4232/quic_client_test_tp_prefadd_error0.iev,0.0,0.0
lsquic,client,quic_client_test_tp_prefadd_error,,Timeout sending ID,/results/temp/4282/quic_client_test_tp_prefadd_error0.iev,0.0,0.0
lsquic,client,quic_client_test_tp_prefadd_error,,Timeout sending ID,/results/temp/4283/quic_client_test_tp_prefadd_error0.iev,0.0,0.0
picoquic,client,quic_client_test_tp_prefadd_error,,No Error,/results/temp/4333/quic_client_test_tp_prefadd_error0.iev,0.0,1.0
picoquic,client,quic_client_test_tp_prefadd_error,,No Error,/results/temp/4334/quic_client_test_tp_prefadd_error0.iev,0.0,1.0
picoquic,client,quic_client_test_tp_prefadd_error,,No Error,/results/temp/4384/quic_client_test_tp_prefadd_error0.iev,0.0,1.0
picoquic,client,quic_client_test_tp_prefadd_error,,No Error,/results/temp/4385/quic_client_test_tp_prefadd_error0.iev,0.0,1.0
aioquic,client,quic_client_test_tp_prefadd_error,,Timeout sending ID,/results/temp/4435/quic_client_test_tp_prefadd_error0.iev,0.0,0.0
aioquic,client,quic_client_test_tp_prefadd_error,,Timeout sending ID,/results/temp/4436/quic_client_test_tp_prefadd_error0.iev,0.0,0.0
aioquic,client,quic_client_test_tp_prefadd_error,,Timeout sending ID,/results/temp/4486/quic_client_test_tp_prefadd_error0.iev,0.0,0.0
aioquic,client,quic_client_test_tp_prefadd_error,,Timeout sending ID,/results/temp/4487/quic_client_test_tp_prefadd_error0.iev,0.0,0.0
quic-go,client,quic_client_test_no_odci,,server_return_code(1)+timeout,/results/temp/4537/quic_client_test_no_odci0.iev,0.0,0.0
quic-go,client,quic_client_test_no_odci,,server_return_code(1)+timeout,/results/temp/4538/quic_client_test_no_odci0.iev,0.0,0.0
quic-go,client,quic_client_test_no_odci,,server_return_code(1)+timeout,/results/temp/4588/quic_client_test_no_odci0.iev,0.0,0.0
mvfst,client,quic_client_test_no_odci,,Timeout binding ID,/results/temp/4639/quic_client_test_no_odci0.iev,0.0,0.0
mvfst,client,quic_client_test_no_odci,,Timeout binding ID,/results/temp/4640/quic_client_test_no_odci0.iev,0.0,0.0
mvfst,client,quic_client_test_no_odci,,Timeout binding ID,/results/temp/4690/quic_client_test_no_odci0.iev,0.0,0.0
mvfst,client,quic_client_test_no_odci,,Timeout binding ID,/results/temp/4691/quic_client_test_no_odci0.iev,0.0,0.0
lsquic,client,quic_client_test_no_odci,,Timeout sending ID,/results/temp/4741/quic_client_test_no_odci0.iev,0.0,0.0
lsquic,client,quic_client_test_no_odci,,Timeout sending ID,/results/temp/4742/quic_client_test_no_odci0.iev,0.0,0.0
lsquic,client,quic_client_test_no_odci,,Timeout sending ID,/results/temp/4792/quic_client_test_no_odci0.iev,0.0,0.0
picoquic,client,quic_client_test_no_odci,,No Error,/results/temp/4843/quic_client_test_no_odci0.iev,0.0,1.0
picoquic,client,quic_client_test_no_odci,,No Error,/results/temp/4844/quic_client_test_no_odci0.iev,0.0,1.0
picoquic,client,quic_client_test_no_odci,,No Error,/results/temp/4894/quic_client_test_no_odci0.iev,0.0,1.0
picoquic,client,quic_client_test_no_odci,,No Error,/results/temp/4895/quic_client_test_no_odci0.iev,0.0,1.0
aioquic,client,quic_client_test_no_odci,,Segmentation Fault 139,/results/temp/4945/quic_client_test_no_odci0.iev,0.0,0.0
aioquic,client,quic_client_test_no_odci,,Segmentation Fault 139,/results/temp/4946/quic_client_test_no_odci0.iev,0.0,0.0
aioquic,client,quic_client_test_no_odci,,Segmentation Fault 139,/results/temp/4996/quic_client_test_no_odci0.iev,0.0,0.0
aioquic,client,quic_client_test_no_odci,,Segmentation Fault 139,/results/temp/4997/quic_client_test_no_odci0.iev,0.0,0.0
quic-go,client,quic_client_test_ext_min_ack_delay,,frame.connection_close:{err_code:0x130},/results/temp/5047/quic_client_test_ext_min_ack_delay0.iev,0.0,0.0
quic-go,client,quic_client_test_ext_min_ack_delay,,frame.connection_close:{err_code:0x130},/results/temp/5098/quic_client_test_ext_min_ack_delay0.iev,0.0,0.0
mvfst,client,quic_client_test_ext_min_ack_delay,,Timeout binding ID,/results/temp/5149/quic_client_test_ext_min_ack_delay0.iev,0.0,0.0
mvfst,client,quic_client_test_ext_min_ack_delay,,Timeout binding ID,/results/temp/5150/quic_client_test_ext_min_ack_delay0.iev,0.0,0.0
lsquic,client,quic_client_test_ext_min_ack_delay,,Timeout sending ID,/results/temp/5200/quic_client_test_ext_min_ack_delay0.iev,0.0,0.0
lsquic,client,quic_client_test_ext_min_ack_delay,,Timeout sending ID,/results/temp/5201/quic_client_test_ext_min_ack_delay0.iev,0.0,0.0
lsquic,client,quic_client_test_ext_min_ack_delay,,Timeout sending ID,/results/temp/5251/quic_client_test_ext_min_ack_delay0.iev,0.0,0.0
lsquic,client,quic_client_test_ext_min_ack_delay,,Timeout sending ID,/results/temp/5252/quic_client_test_ext_min_ack_delay0.iev,0.0,0.0
picoquic,client,quic_client_test_ext_min_ack_delay,,"require connected(dcid) & connected_to(dcid) = scid;""",/results/temp/5302/quic_client_test_ext_min_ack_delay0.iev,0.0,0.0
picoquic,client,quic_client_test_ext_min_ack_delay,,Timeout sending ID,/results/temp/5303/quic_client_test_ext_min_ack_delay0.iev,0.0,0.0
picoquic,client,quic_client_test_ext_min_ack_delay,,Timeout sending ID,/results/temp/5353/quic_client_test_ext_min_ack_delay0.iev,0.0,0.0
picoquic,client,quic_client_test_ext_min_ack_delay,,Timeout sending ID,/results/temp/5354/quic_client_test_ext_min_ack_delay0.iev,0.0,0.0
aioquic,client,quic_client_test_ext_min_ack_delay,,Timeout sending ID,/results/temp/5404/quic_client_test_ext_min_ack_delay0.iev,0.0,0.0
aioquic,client,quic_client_test_ext_min_ack_delay,,Timeout sending ID,/results/temp/5405/quic_client_test_ext_min_ack_delay0.iev,0.0,0.0
aioquic,client,quic_client_test_ext_min_ack_delay,,Timeout sending ID,/results/temp/5455/quic_client_test_ext_min_ack_delay0.iev,0.0,0.0
aioquic,client,quic_client_test_ext_min_ack_delay,,Timeout sending ID,/results/temp/5456/quic_client_test_ext_min_ack_delay0.iev,0.0,0.0
mvfst,client,quic_client_test_max,,Timeout binding ID,/results/temp/166/quic_client_test_max0.iev,0.0,0.0
lsquic,client,quic_client_test_max,,"require conn_total_data(the_cid) > 0;""",/results/temp/216/quic_client_test_max0.iev,0.0,0.0
lsquic,client,quic_client_test_max,,"require conn_total_data(the_cid) > 0;""",/results/temp/217/quic_client_test_max0.iev,0.0,0.0
lsquic,client,quic_client_test_max,,"require conn_total_data(the_cid) > 0;""",/results/temp/267/quic_client_test_max0.iev,0.0,0.0
lsquic,client,quic_client_test_max,,"require conn_total_data(the_cid) > 0;""",/results/temp/268/quic_client_test_max0.iev,0.0,0.0
mvfst,client,quic_client_test_max,,Timeout binding ID,/results/temp/116/quic_client_test_max0.iev,0.0,0.0
mvfst,client,quic_client_test_max,,Timeout binding ID,/results/temp/167/quic_client_test_max0.iev,0.0,0.0
lsquic,client,quic_client_test_max,,"require conn_total_data(the_cid) > 0;""",/results/temp/218/quic_client_test_max0.iev,0.0,0.0
lsquic,client,quic_client_test_max,,"require conn_total_data(the_cid) > 0;""",/results/temp/269/quic_client_test_max0.iev,0.0,0.0
picoquic,client,quic_client_test_max,,"require stream_id_allowed(dcid,f.id);  # [6]""",/results/temp/320/quic_client_test_max0.iev,0.0,0.0
picoquic,client,quic_client_test_max,,"require stream_id_allowed(dcid,f.id);  # [6]""",/results/temp/371/quic_client_test_max0.iev,0.0,0.0
aioquic,client,quic_client_test_max,,No Error,/results/temp/422/quic_client_test_max0.iev,0.0,1.0
aioquic,client,quic_client_test_max,,No Error,/results/temp/473/quic_client_test_max0.iev,0.0,1.0
quic-go,client,quic_client_test_tp_error,,server_return_code(1)+timeout,/results/temp/510/quic_client_test_tp_error0.iev,0.0,0.0
quic-go,client,quic_client_test_tp_error,,server_return_code(1)+timeout,/results/temp/561/quic_client_test_tp_error0.iev,0.0,0.0
mvfst,client,quic_client_test_tp_error,,Timeout binding ID,/results/temp/612/quic_client_test_tp_error0.iev,0.0,0.0
mvfst,client,quic_client_test_tp_error,,Timeout binding ID,/results/temp/663/quic_client_test_tp_error0.iev,0.0,0.0
lsquic,client,quic_client_test_tp_error,,Timeout sending ID,/results/temp/714/quic_client_test_tp_error0.iev,0.0,0.0
lsquic,client,quic_client_test_tp_error,,Timeout sending ID,/results/temp/765/quic_client_test_tp_error0.iev,0.0,0.0
picoquic,client,quic_client_test_tp_error,,Timeout sending ID,/results/temp/816/quic_client_test_tp_error0.iev,0.0,0.0
picoquic,client,quic_client_test_tp_error,,Timeout sending ID,/results/temp/867/quic_client_test_tp_error0.iev,0.0,0.0
aioquic,client,quic_client_test_tp_error,,Timeout sending ID,/results/temp/918/quic_client_test_tp_error0.iev,0.0,0.0
aioquic,client,quic_client_test_tp_error,,Timeout sending ID,/results/temp/969/quic_client_test_tp_error0.iev,0.0,0.0
quic-go,client,quic_client_test_double_tp_error,,server_return_code(1)+timeout,/results/temp/1071/quic_client_test_double_tp_error0.iev,0.0,0.0
mvfst,client,quic_client_test_tp_acticoid_error,,Timeout binding ID,/results/temp/1632/quic_client_test_tp_acticoid_error0.iev,0.0,0.0
mvfst,client,quic_client_test_tp_acticoid_error,,Timeout binding ID,/results/temp/1683/quic_client_test_tp_acticoid_error0.iev,0.0,0.0
lsquic,client,quic_client_test_tp_acticoid_error,,Timeout sending ID,/results/temp/1734/quic_client_test_tp_acticoid_error0.iev,0.0,0.0
lsquic,client,quic_client_test_tp_acticoid_error,,Timeout sending ID,/results/temp/1785/quic_client_test_tp_acticoid_error0.iev,0.0,0.0
picoquic,client,quic_client_test_tp_acticoid_error,,Timeout sending ID,/results/temp/1836/quic_client_test_tp_acticoid_error0.iev,0.0,0.0
picoquic,client,quic_client_test_tp_acticoid_error,,Timeout sending ID,/results/temp/1887/quic_client_test_tp_acticoid_error0.iev,0.0,0.0
aioquic,client,quic_client_test_tp_acticoid_error,,Segmentation Fault 139,/results/temp/1938/quic_client_test_tp_acticoid_error0.iev,0.0,0.0
aioquic,client,quic_client_test_tp_acticoid_error,,Segmentation Fault 139,/results/temp/1989/quic_client_test_tp_acticoid_error0.iev,0.0,0.0
quic-go,client,quic_client_test_tp_limit_acticoid_error,,frame.connection_close:{err_code:0x130},/results/temp/2040/quic_client_test_tp_limit_acticoid_error0.iev,0.0,0.0
quic-go,client,quic_client_test_tp_limit_acticoid_error,,frame.connection_close:{err_code:0x130},/results/temp/2091/quic_client_test_tp_limit_acticoid_error0.iev,0.0,0.0
mvfst,client,quic_client_test_tp_limit_acticoid_error,,Timeout binding ID,/results/temp/2142/quic_client_test_tp_limit_acticoid_error0.iev,0.0,0.0
mvfst,client,quic_client_test_tp_limit_acticoid_error,,Timeout binding ID,/results/temp/2193/quic_client_test_tp_limit_acticoid_error0.iev,0.0,0.0
lsquic,client,quic_client_test_tp_limit_acticoid_error,,"require is_connection_id_limit_error;""",/results/temp/2295/quic_client_test_tp_limit_acticoid_error0.iev,0.0,0.0
picoquic,client,quic_client_test_tp_limit_acticoid_error,,frame.connection_close:{err_code:0xa},/results/temp/2346/quic_client_test_tp_limit_acticoid_error0.iev,0.0,0.0
picoquic,client,quic_client_test_tp_limit_acticoid_error,," require pkt.payload = queued_frames(scid);""",/results/temp/2397/quic_client_test_tp_limit_acticoid_error0.iev,0.0,0.0
aioquic,client,quic_client_test_tp_limit_acticoid_error,,"	require num_queued_frames(scid) > 0 -> e = queued_level(scid);""",/results/temp/2448/quic_client_test_tp_limit_acticoid_error0.iev,0.0,0.0
aioquic,client,quic_client_test_tp_limit_acticoid_error,," require pkt.payload = queued_frames(scid);""",/results/temp/2499/quic_client_test_tp_limit_acticoid_error0.iev,0.0,0.0
quic-go,client,quic_client_test_retirecoid_error,,frame.connection_close:{err_code:0x130},/results/temp/2550/quic_client_test_retirecoid_error0.iev,0.0,0.0
mvfst,client,quic_client_test_retirecoid_error,,Timeout binding ID,/results/temp/2601/quic_client_test_retirecoid_error0.iev,0.0,0.0
mvfst,client,quic_client_test_retirecoid_error,,Timeout binding ID,/results/temp/2652/quic_client_test_retirecoid_error0.iev,0.0,0.0
lsquic,client,quic_client_test_retirecoid_error,,"require is_protocol_violation;""",/results/temp/2703/quic_client_test_retirecoid_error0.iev,0.0,0.0
lsquic,client,quic_client_test_retirecoid_error,,"require is_protocol_violation;""",/results/temp/2754/quic_client_test_retirecoid_error0.iev,0.0,0.0
picoquic,client,quic_client_test_retirecoid_error,," require pkt.payload = queued_frames(scid);""",/results/temp/2805/quic_client_test_retirecoid_error0.iev,0.0,0.0
picoquic,client,quic_client_test_retirecoid_error,," require pkt.payload = queued_frames(scid);""",/results/temp/2856/quic_client_test_retirecoid_error0.iev,0.0,0.0
aioquic,client,quic_client_test_retirecoid_error,," require pkt.payload = queued_frames(scid);""",/results/temp/2907/quic_client_test_retirecoid_error0.iev,0.0,0.0
mvfst,client,quic_client_test_double_tp_error,,Timeout binding ID,/results/temp/1122/quic_client_test_double_tp_error0.iev,0.0,0.0
aioquic,client,quic_client_test_retirecoid_error,," require pkt.payload = queued_frames(scid);""",/results/temp/2958/quic_client_test_retirecoid_error0.iev,0.0,0.0
quic-go,client,quic_client_test_newcoid_zero_error,,frame.connection_close:{err_code:0x130},/results/temp/3009/quic_client_test_newcoid_zero_error0.iev,0.0,0.0
quic-go,client,quic_client_test_newcoid_zero_error,,frame.connection_close:{err_code:0x130},/results/temp/3060/quic_client_test_newcoid_zero_error0.iev,0.0,0.0
mvfst,client,quic_client_test_newcoid_zero_error,,Timeout binding ID,/results/temp/3111/quic_client_test_newcoid_zero_error0.iev,0.0,0.0
mvfst,client,quic_client_test_newcoid_zero_error,,Timeout binding ID,/results/temp/3162/quic_client_test_newcoid_zero_error0.iev,0.0,0.0
lsquic,client,quic_client_test_newcoid_zero_error,,"require is_protocol_violation;""",/results/temp/3213/quic_client_test_newcoid_zero_error0.iev,0.0,0.0
lsquic,client,quic_client_test_newcoid_zero_error,,"require is_protocol_violation;""",/results/temp/3264/quic_client_test_newcoid_zero_error0.iev,0.0,0.0
picoquic,client,quic_client_test_newcoid_zero_error,," require pkt.payload = queued_frames(scid);""",/results/temp/3315/quic_client_test_newcoid_zero_error0.iev,0.0,0.0
picoquic,client,quic_client_test_newcoid_zero_error,," require pkt.payload = queued_frames(scid);""",/results/temp/3366/quic_client_test_newcoid_zero_error0.iev,0.0,0.0
aioquic,client,quic_client_test_newcoid_zero_error,," require pkt.payload = queued_frames(scid);""",/results/temp/3417/quic_client_test_newcoid_zero_error0.iev,0.0,0.0
aioquic,client,quic_client_test_newcoid_zero_error,," require pkt.payload = queued_frames(scid);""",/results/temp/3468/quic_client_test_newcoid_zero_error0.iev,0.0,0.0
quic-go,client,quic_client_test_accept_maxdata,,frame.connection_close:{err_code:0x130},/results/temp/3519/quic_client_test_accept_maxdata0.iev,0.0,0.0
quic-go,client,quic_client_test_accept_maxdata,,frame.connection_close:{err_code:0x130},/results/temp/3570/quic_client_test_accept_maxdata0.iev,0.0,0.0
mvfst,client,quic_client_test_accept_maxdata,,Timeout binding ID,/results/temp/3621/quic_client_test_accept_maxdata0.iev,0.0,0.0
mvfst,client,quic_client_test_accept_maxdata,,Timeout binding ID,/results/temp/3672/quic_client_test_accept_maxdata0.iev,0.0,0.0
lsquic,client,quic_client_test_accept_maxdata,,"require conn_total_data(the_cid) > 0;""",/results/temp/3774/quic_client_test_accept_maxdata0.iev,0.0,0.0
picoquic,client,quic_client_test_accept_maxdata,,frame.connection_close:{err_code:0x4},/results/temp/3825/quic_client_test_accept_maxdata0.iev,0.0,0.0
picoquic,client,quic_client_test_accept_maxdata,,frame.connection_close:{err_code:0x4},/results/temp/3876/quic_client_test_accept_maxdata0.iev,0.0,0.0
aioquic,client,quic_client_test_accept_maxdata,,frame.connection_close:{err_code:0x5},/results/temp/3927/quic_client_test_accept_maxdata0.iev,0.0,0.0
aioquic,client,quic_client_test_accept_maxdata,,frame.connection_close:{err_code:0x5},/results/temp/3978/quic_client_test_accept_maxdata0.iev,0.0,0.0
quic-go,client,quic_client_test_tp_prefadd_error,,frame.connection_close:{err_code:0x130},/results/temp/4029/quic_client_test_tp_prefadd_error0.iev,0.0,0.0
mvfst,client,quic_client_test_tp_prefadd_error,,Timeout binding ID,/results/temp/4131/quic_client_test_tp_prefadd_error0.iev,0.0,0.0
mvfst,client,quic_client_test_tp_prefadd_error,,Timeout binding ID,/results/temp/4182/quic_client_test_tp_prefadd_error0.iev,0.0,0.0
picoquic,client,quic_client_test_tp_prefadd_error,,No Error,/results/temp/4335/quic_client_test_tp_prefadd_error0.iev,0.0,1.0
picoquic,client,quic_client_test_tp_prefadd_error,,No Error,/results/temp/4386/quic_client_test_tp_prefadd_error0.iev,0.0,1.0
aioquic,client,quic_client_test_tp_prefadd_error,,Timeout sending ID,/results/temp/4437/quic_client_test_tp_prefadd_error0.iev,0.0,0.0
aioquic,client,quic_client_test_tp_prefadd_error,,Timeout sending ID,/results/temp/4488/quic_client_test_tp_prefadd_error0.iev,0.0,0.0
quic-go,client,quic_client_test_no_odci,,server_return_code(1)+timeout,/results/temp/4539/quic_client_test_no_odci0.iev,0.0,0.0
mvfst,client,quic_client_test_no_odci,,Timeout binding ID,/results/temp/4641/quic_client_test_no_odci0.iev,0.0,0.0
mvfst,client,quic_client_test_no_odci,,Timeout binding ID,/results/temp/4692/quic_client_test_no_odci0.iev,0.0,0.0
lsquic,client,quic_client_test_no_odci,,Timeout sending ID,/results/temp/4743/quic_client_test_no_odci0.iev,0.0,0.0
lsquic,client,quic_client_test_no_odci,,Timeout sending ID,/results/temp/4794/quic_client_test_no_odci0.iev,0.0,0.0
picoquic,client,quic_client_test_no_odci,,No Error,/results/temp/4845/quic_client_test_no_odci0.iev,0.0,1.0
picoquic,client,quic_client_test_no_odci,,No Error,/results/temp/4896/quic_client_test_no_odci0.iev,0.0,1.0
aioquic,client,quic_client_test_no_odci,,Segmentation Fault 139,/results/temp/4947/quic_client_test_no_odci0.iev,0.0,0.0
aioquic,client,quic_client_test_no_odci,,Segmentation Fault 139,/results/temp/4998/quic_client_test_no_odci0.iev,0.0,0.0
quic-go,client,quic_client_test_ext_min_ack_delay,,frame.connection_close:{err_code:0x130},/results/temp/5049/quic_client_test_ext_min_ack_delay0.iev,0.0,0.0
mvfst,client,quic_client_test_ext_min_ack_delay,,Handshake not completed,/results/temp/5100/quic_client_test_ext_min_ack_delay0.iev,0.0,0.0
mvfst,client,quic_client_test_ext_min_ack_delay,,Timeout binding ID,/results/temp/5151/quic_client_test_ext_min_ack_delay0.iev,0.0,0.0
lsquic,client,quic_client_test_ext_min_ack_delay,,Timeout sending ID,/results/temp/5202/quic_client_test_ext_min_ack_delay0.iev,0.0,0.0
lsquic,client,quic_client_test_ext_min_ack_delay,,Timeout sending ID,/results/temp/5253/quic_client_test_ext_min_ack_delay0.iev,0.0,0.0
picoquic,client,quic_client_test_ext_min_ack_delay,,Timeout sending ID,/results/temp/5304/quic_client_test_ext_min_ack_delay0.iev,0.0,0.0
picoquic,client,quic_client_test_ext_min_ack_delay,,Timeout sending ID,/results/temp/5355/quic_client_test_ext_min_ack_delay0.iev,0.0,0.0
aioquic,client,quic_client_test_ext_min_ack_delay,,Timeout sending ID,/results/temp/5406/quic_client_test_ext_min_ack_delay0.iev,0.0,0.0
aioquic,client,quic_client_test_ext_min_ack_delay,,Timeout sending ID,/results/temp/5457/quic_client_test_ext_min_ack_delay0.iev,0.0,0.0
mvfst,client,quic_client_test_double_tp_error,,Timeout binding ID,/results/temp/1173/quic_client_test_double_tp_error0.iev,0.0,0.0
lsquic,client,quic_client_test_double_tp_error,,Timeout sending ID,/results/temp/1224/quic_client_test_double_tp_error0.iev,0.0,0.0
lsquic,client,quic_client_test_double_tp_error,,Timeout sending ID,/results/temp/1275/quic_client_test_double_tp_error0.iev,0.0,0.0
picoquic,client,quic_client_test_double_tp_error,,No Error,/results/temp/1326/quic_client_test_double_tp_error0.iev,0.0,1.0
picoquic,client,quic_client_test_double_tp_error,,No Error,/results/temp/1377/quic_client_test_double_tp_error0.iev,0.0,1.0
aioquic,client,quic_client_test_double_tp_error,,Timeout sending ID,/results/temp/1428/quic_client_test_double_tp_error0.iev,0.0,0.0
aioquic,client,quic_client_test_double_tp_error,,Timeout sending ID,/results/temp/1479/quic_client_test_double_tp_error0.iev,0.0,0.0
quic-go,client,quic_client_test_tp_acticoid_error,,frame.connection_close:{err_code:0x8},/results/temp/1530/quic_client_test_tp_acticoid_error0.iev,0.0,0.0
quic-go,client,quic_client_test_tp_acticoid_error,,frame.connection_close:{err_code:0x8},/results/temp/1581/quic_client_test_tp_acticoid_error0.iev,0.0,0.0
quic-go,client,quic_client_test_double_tp_error,,Timeout sending ID,/results/temp/14/quic_client_test_double_tp_error0.iev,0.0,0.0
quic-go,client,quic_client_test_max,,frame.connection_close:{err_code:0x130},/results/temp/14/quic_client_test_max0.iev,0.0,0.0
quic-go,client,quic_client_test_max,,frame.connection_close:{err_code:0x130},/results/temp/65/quic_client_test_max0.iev,0.0,0.0
mvfst,client,quic_client_test_max,,Timeout binding ID,/results/temp/117/quic_client_test_max0.iev,0.0,0.0
mvfst,client,quic_client_test_max,,Timeout binding ID,/results/temp/168/quic_client_test_max0.iev,0.0,0.0
picoquic,client,quic_client_test_max,,frame.connection_close:{err_code:0x4},/results/temp/321/quic_client_test_max0.iev,0.0,0.0
picoquic,client,quic_client_test_max,,"require stream_id_allowed(dcid,f.id);  # [6]""",/results/temp/372/quic_client_test_max0.iev,0.0,0.0
aioquic,client,quic_client_test_max,,No Error,/results/temp/423/quic_client_test_max0.iev,0.0,1.0
aioquic,client,quic_client_test_max,,No Error,/results/temp/474/quic_client_test_max0.iev,0.0,1.0
quic-go,client,quic_client_test_tp_error,,server_return_code(1)+timeout,/results/temp/511/quic_client_test_tp_error0.iev,0.0,0.0
quic-go,client,quic_client_test_tp_error,,server_return_code(1)+timeout,/results/temp/562/quic_client_test_tp_error0.iev,0.0,0.0
mvfst,client,quic_client_test_tp_error,,Timeout binding ID,/results/temp/613/quic_client_test_tp_error0.iev,0.0,0.0
mvfst,client,quic_client_test_tp_error,,Timeout binding ID,/results/temp/664/quic_client_test_tp_error0.iev,0.0,0.0
lsquic,client,quic_client_test_tp_error,,Timeout sending ID,/results/temp/715/quic_client_test_tp_error0.iev,0.0,0.0
lsquic,client,quic_client_test_tp_error,,Timeout sending ID,/results/temp/766/quic_client_test_tp_error0.iev,0.0,0.0
picoquic,client,quic_client_test_tp_error,,Timeout sending ID,/results/temp/817/quic_client_test_tp_error0.iev,0.0,0.0
picoquic,client,quic_client_test_tp_error,,Timeout sending ID,/results/temp/868/quic_client_test_tp_error0.iev,0.0,0.0
aioquic,client,quic_client_test_tp_error,,Timeout sending ID,/results/temp/919/quic_client_test_tp_error0.iev,0.0,0.0
aioquic,client,quic_client_test_tp_error,,Timeout sending ID,/results/temp/970/quic_client_test_tp_error0.iev,0.0,0.0
quic-go,client,quic_client_test_double_tp_error,,server_return_code(1)+timeout,/results/temp/1021/quic_client_test_double_tp_error0.iev,0.0,0.0
quic-go,client,quic_client_test_double_tp_error,,server_return_code(1)+timeout,/results/temp/1072/quic_client_test_double_tp_error0.iev,0.0,0.0
mvfst,client,quic_client_test_tp_acticoid_error,,Timeout binding ID,/results/temp/1633/quic_client_test_tp_acticoid_error0.iev,0.0,0.0
mvfst,client,quic_client_test_tp_acticoid_error,,Timeout binding ID,/results/temp/1684/quic_client_test_tp_acticoid_error0.iev,0.0,0.0
lsquic,client,quic_client_test_tp_acticoid_error,,Timeout sending ID,/results/temp/1735/quic_client_test_tp_acticoid_error0.iev,0.0,0.0
lsquic,client,quic_client_test_tp_acticoid_error,,Timeout sending ID,/results/temp/1786/quic_client_test_tp_acticoid_error0.iev,0.0,0.0
picoquic,client,quic_client_test_tp_acticoid_error,,Timeout sending ID,/results/temp/1837/quic_client_test_tp_acticoid_error0.iev,0.0,0.0
picoquic,client,quic_client_test_tp_acticoid_error,,Timeout sending ID,/results/temp/1888/quic_client_test_tp_acticoid_error0.iev,0.0,0.0
aioquic,client,quic_client_test_tp_acticoid_error,,Segmentation Fault 139,/results/temp/1939/quic_client_test_tp_acticoid_error0.iev,0.0,0.0
aioquic,client,quic_client_test_tp_acticoid_error,,Segmentation Fault 139,/results/temp/1990/quic_client_test_tp_acticoid_error0.iev,0.0,0.0
quic-go,client,quic_client_test_tp_limit_acticoid_error,,frame.connection_close:{err_code:0x130},/results/temp/2041/quic_client_test_tp_limit_acticoid_error0.iev,0.0,0.0
quic-go,client,quic_client_test_tp_limit_acticoid_error,,frame.connection_close:{err_code:0x130},/results/temp/2092/quic_client_test_tp_limit_acticoid_error0.iev,0.0,0.0
mvfst,client,quic_client_test_tp_limit_acticoid_error,,Timeout binding ID,/results/temp/2143/quic_client_test_tp_limit_acticoid_error0.iev,0.0,0.0
mvfst,client,quic_client_test_tp_limit_acticoid_error,,Timeout binding ID,/results/temp/2194/quic_client_test_tp_limit_acticoid_error0.iev,0.0,0.0
lsquic,client,quic_client_test_tp_limit_acticoid_error,,"require is_connection_id_limit_error;""",/results/temp/2245/quic_client_test_tp_limit_acticoid_error0.iev,0.0,0.0
lsquic,client,quic_client_test_tp_limit_acticoid_error,,"require is_connection_id_limit_error;""",/results/temp/2296/quic_client_test_tp_limit_acticoid_error0.iev,0.0,0.0
picoquic,client,quic_client_test_tp_limit_acticoid_error,," require pkt.payload = queued_frames(scid);""",/results/temp/2347/quic_client_test_tp_limit_acticoid_error0.iev,0.0,0.0
picoquic,client,quic_client_test_tp_limit_acticoid_error,," require pkt.payload = queued_frames(scid);""",/results/temp/2398/quic_client_test_tp_limit_acticoid_error0.iev,0.0,0.0
aioquic,client,quic_client_test_tp_limit_acticoid_error,," require pkt.payload = queued_frames(scid);""",/results/temp/2449/quic_client_test_tp_limit_acticoid_error0.iev,0.0,0.0
mvfst,client,quic_client_test_retirecoid_error,,Timeout binding ID,/results/temp/2602/quic_client_test_retirecoid_error0.iev,0.0,0.0
mvfst,client,quic_client_test_retirecoid_error,,Timeout binding ID,/results/temp/2653/quic_client_test_retirecoid_error0.iev,0.0,0.0
lsquic,client,quic_client_test_retirecoid_error,,"require is_protocol_violation;""",/results/temp/2704/quic_client_test_retirecoid_error0.iev,0.0,0.0
picoquic,client,quic_client_test_retirecoid_error,," require pkt.payload = queued_frames(scid);""",/results/temp/2806/quic_client_test_retirecoid_error0.iev,0.0,0.0
picoquic,client,quic_client_test_retirecoid_error,," require pkt.payload = queued_frames(scid);""",/results/temp/2857/quic_client_test_retirecoid_error0.iev,0.0,0.0
aioquic,client,quic_client_test_retirecoid_error,," require pkt.payload = queued_frames(scid);""",/results/temp/2908/quic_client_test_retirecoid_error0.iev,0.0,0.0
aioquic,client,quic_client_test_retirecoid_error,," require pkt.payload = queued_frames(scid);""",/results/temp/2959/quic_client_test_retirecoid_error0.iev,0.0,0.0
quic-go,client,quic_client_test_newcoid_zero_error,,frame.connection_close:{err_code:0x130},/results/temp/3061/quic_client_test_newcoid_zero_error0.iev,0.0,0.0
mvfst,client,quic_client_test_newcoid_zero_error,,Timeout binding ID,/results/temp/3112/quic_client_test_newcoid_zero_error0.iev,0.0,0.0
mvfst,client,quic_client_test_newcoid_zero_error,,Timeout binding ID,/results/temp/3163/quic_client_test_newcoid_zero_error0.iev,0.0,0.0
lsquic,client,quic_client_test_newcoid_zero_error,,"require is_protocol_violation;""",/results/temp/3265/quic_client_test_newcoid_zero_error0.iev,0.0,0.0
picoquic,client,quic_client_test_newcoid_zero_error,," require pkt.payload = queued_frames(scid);""",/results/temp/3316/quic_client_test_newcoid_zero_error0.iev,0.0,0.0
picoquic,client,quic_client_test_newcoid_zero_error,," require pkt.payload = queued_frames(scid);""",/results/temp/3367/quic_client_test_newcoid_zero_error0.iev,0.0,0.0
aioquic,client,quic_client_test_newcoid_zero_error,,"	require num_queued_frames(scid) > 0 -> e = queued_level(scid);""",/results/temp/3418/quic_client_test_newcoid_zero_error0.iev,0.0,0.0
aioquic,client,quic_client_test_newcoid_zero_error,," require pkt.payload = queued_frames(scid);""",/results/temp/3469/quic_client_test_newcoid_zero_error0.iev,0.0,0.0
quic-go,client,quic_client_test_accept_maxdata,,frame.connection_close:{err_code:0x130},/results/temp/3520/quic_client_test_accept_maxdata0.iev,0.0,0.0
quic-go,client,quic_client_test_accept_maxdata,,frame.connection_close:{err_code:0x130},/results/temp/3571/quic_client_test_accept_maxdata0.iev,0.0,0.0
mvfst,client,quic_client_test_accept_maxdata,,Timeout binding ID,/results/temp/3622/quic_client_test_accept_maxdata0.iev,0.0,0.0
mvfst,client,quic_client_test_accept_maxdata,,Timeout binding ID,/results/temp/3673/quic_client_test_accept_maxdata0.iev,0.0,0.0
lsquic,client,quic_client_test_accept_maxdata,,"require conn_total_data(the_cid) > 0;""",/results/temp/3724/quic_client_test_accept_maxdata0.iev,0.0,0.0
lsquic,client,quic_client_test_accept_maxdata,,"require conn_total_data(the_cid) > 0;""",/results/temp/3775/quic_client_test_accept_maxdata0.iev,0.0,0.0
picoquic,client,quic_client_test_accept_maxdata,,frame.connection_close:{err_code:0x4},/results/temp/3826/quic_client_test_accept_maxdata0.iev,0.0,0.0
picoquic,client,quic_client_test_accept_maxdata,,frame.connection_close:{err_code:0x4},/results/temp/3877/quic_client_test_accept_maxdata0.iev,0.0,0.0
aioquic,client,quic_client_test_accept_maxdata,,frame.connection_close:{err_code:0x5},/results/temp/3928/quic_client_test_accept_maxdata0.iev,0.0,0.0
aioquic,client,quic_client_test_accept_maxdata,,frame.connection_close:{err_code:0x5},/results/temp/3979/quic_client_test_accept_maxdata0.iev,0.0,0.0
quic-go,client,quic_client_test_tp_prefadd_error,,frame.connection_close:{err_code:0x130},/results/temp/4030/quic_client_test_tp_prefadd_error0.iev,0.0,0.0
quic-go,client,quic_client_test_tp_prefadd_error,,frame.connection_close:{err_code:0x130},/results/temp/4081/quic_client_test_tp_prefadd_error0.iev,0.0,0.0
mvfst,client,quic_client_test_tp_prefadd_error,,Timeout binding ID,/results/temp/4132/quic_client_test_tp_prefadd_error0.iev,0.0,0.0
mvfst,client,quic_client_test_tp_prefadd_error,,Timeout binding ID,/results/temp/4183/quic_client_test_tp_prefadd_error0.iev,0.0,0.0
lsquic,client,quic_client_test_tp_prefadd_error,,Timeout sending ID,/results/temp/4234/quic_client_test_tp_prefadd_error0.iev,0.0,0.0
lsquic,client,quic_client_test_tp_prefadd_error,,Timeout sending ID,/results/temp/4285/quic_client_test_tp_prefadd_error0.iev,0.0,0.0
picoquic,client,quic_client_test_tp_prefadd_error,,No Error,/results/temp/4336/quic_client_test_tp_prefadd_error0.iev,0.0,1.0
picoquic,client,quic_client_test_tp_prefadd_error,,No Error,/results/temp/4387/quic_client_test_tp_prefadd_error0.iev,0.0,1.0
aioquic,client,quic_client_test_tp_prefadd_error,,Timeout sending ID,/results/temp/4438/quic_client_test_tp_prefadd_error0.iev,0.0,0.0
aioquic,client,quic_client_test_tp_prefadd_error,,Timeout sending ID,/results/temp/4489/quic_client_test_tp_prefadd_error0.iev,0.0,0.0
quic-go,client,quic_client_test_no_odci,,server_return_code(1)+timeout,/results/temp/4540/quic_client_test_no_odci0.iev,0.0,0.0
mvfst,client,quic_client_test_no_odci,,Timeout binding ID,/results/temp/4642/quic_client_test_no_odci0.iev,0.0,0.0
mvfst,client,quic_client_test_no_odci,,Timeout binding ID,/results/temp/4693/quic_client_test_no_odci0.iev,0.0,0.0
lsquic,client,quic_client_test_no_odci,,Timeout sending ID,/results/temp/4744/quic_client_test_no_odci0.iev,0.0,0.0
picoquic,client,quic_client_test_no_odci,,No Error,/results/temp/4846/quic_client_test_no_odci0.iev,0.0,1.0
picoquic,client,quic_client_test_no_odci,,No Error,/results/temp/4897/quic_client_test_no_odci0.iev,0.0,1.0
aioquic,client,quic_client_test_no_odci,,Segmentation Fault 139,/results/temp/4948/quic_client_test_no_odci0.iev,0.0,0.0
aioquic,client,quic_client_test_no_odci,,Segmentation Fault 139,/results/temp/4999/quic_client_test_no_odci0.iev,0.0,0.0
quic-go,client,quic_client_test_ext_min_ack_delay,,frame.connection_close:{err_code:0x130},/results/temp/5050/quic_client_test_ext_min_ack_delay0.iev,0.0,0.0
mvfst,client,quic_client_test_ext_min_ack_delay,,Timeout binding ID,/results/temp/5101/quic_client_test_ext_min_ack_delay0.iev,0.0,0.0
mvfst,client,quic_client_test_ext_min_ack_delay,,Timeout binding ID,/results/temp/5152/quic_client_test_ext_min_ack_delay0.iev,0.0,0.0
lsquic,client,quic_client_test_ext_min_ack_delay,,Timeout sending ID,/results/temp/5203/quic_client_test_ext_min_ack_delay0.iev,0.0,0.0
lsquic,client,quic_client_test_ext_min_ack_delay,,Timeout sending ID,/results/temp/5254/quic_client_test_ext_min_ack_delay0.iev,0.0,0.0
picoquic,client,quic_client_test_ext_min_ack_delay,,Timeout sending ID,/results/temp/5305/quic_client_test_ext_min_ack_delay0.iev,0.0,0.0
picoquic,client,quic_client_test_ext_min_ack_delay,,Timeout sending ID,/results/temp/5356/quic_client_test_ext_min_ack_delay0.iev,0.0,0.0
aioquic,client,quic_client_test_ext_min_ack_delay,,Timeout sending ID,/results/temp/5407/quic_client_test_ext_min_ack_delay0.iev,0.0,0.0
aioquic,client,quic_client_test_ext_min_ack_delay,,Timeout sending ID,/results/temp/5458/quic_client_test_ext_min_ack_delay0.iev,0.0,0.0
mvfst,client,quic_client_test_double_tp_error,,Timeout binding ID,/results/temp/1123/quic_client_test_double_tp_error0.iev,0.0,0.0
mvfst,client,quic_client_test_double_tp_error,,Timeout binding ID,/results/temp/1174/quic_client_test_double_tp_error0.iev,0.0,0.0
lsquic,client,quic_client_test_double_tp_error,,Timeout sending ID,/results/temp/1225/quic_client_test_double_tp_error0.iev,0.0,0.0
lsquic,client,quic_client_test_double_tp_error,,Timeout sending ID,/results/temp/1276/quic_client_test_double_tp_error0.iev,0.0,0.0
picoquic,client,quic_client_test_double_tp_error,,No Error,/results/temp/1327/quic_client_test_double_tp_error0.iev,0.0,1.0
picoquic,client,quic_client_test_double_tp_error,,No Error,/results/temp/1378/quic_client_test_double_tp_error0.iev,0.0,1.0
aioquic,client,quic_client_test_double_tp_error,,Timeout sending ID,/results/temp/1429/quic_client_test_double_tp_error0.iev,0.0,0.0
aioquic,client,quic_client_test_double_tp_error,,Timeout sending ID,/results/temp/1480/quic_client_test_double_tp_error0.iev,0.0,0.0
quic-go,client,quic_client_test_tp_acticoid_error,,frame.connection_close:{err_code:0x8},/results/temp/1531/quic_client_test_tp_acticoid_error0.iev,0.0,0.0
quic-go,client,quic_client_test_tp_acticoid_error,,frame.connection_close:{err_code:0x8},/results/temp/15/quic_client_test_tp_acticoid_error0.iev,0.0,0.0
quic-go,client,quic_client_test_max,,frame.connection_close:{err_code:0x130},/results/temp/15/quic_client_test_max0.iev,0.0,0.0
mvfst,client,quic_client_test_max,,Timeout binding ID,/results/temp/118/quic_client_test_max0.iev,0.0,0.0
mvfst,client,quic_client_test_max,,Timeout binding ID,/results/temp/169/quic_client_test_max0.iev,0.0,0.0
lsquic,client,quic_client_test_max,,"require conn_total_data(the_cid) > 0;""",/results/temp/271/quic_client_test_max0.iev,0.0,0.0
picoquic,client,quic_client_test_max,,No Error,/results/temp/322/quic_client_test_max0.iev,0.0,1.0
picoquic,client,quic_client_test_max,,"require stream_id_allowed(dcid,f.id);  # [6]""",/results/temp/373/quic_client_test_max0.iev,0.0,0.0
aioquic,client,quic_client_test_max,,No Error,/results/temp/424/quic_client_test_max0.iev,0.0,1.0
aioquic,client,quic_client_test_max,,No Error,/results/temp/475/quic_client_test_max0.iev,0.0,1.0
quic-go,client,quic_client_test_tp_error,,server_return_code(1)+timeout,/results/temp/512/quic_client_test_tp_error0.iev,0.0,0.0
quic-go,client,quic_client_test_tp_error,,server_return_code(1)+timeout,/results/temp/563/quic_client_test_tp_error0.iev,0.0,0.0
mvfst,client,quic_client_test_tp_error,,Timeout binding ID,/results/temp/614/quic_client_test_tp_error0.iev,0.0,0.0
mvfst,client,quic_client_test_tp_error,,Timeout binding ID,/results/temp/665/quic_client_test_tp_error0.iev,0.0,0.0
lsquic,client,quic_client_test_tp_error,,Timeout sending ID,/results/temp/767/quic_client_test_tp_error0.iev,0.0,0.0
picoquic,client,quic_client_test_tp_error,,Timeout sending ID,/results/temp/818/quic_client_test_tp_error0.iev,0.0,0.0
picoquic,client,quic_client_test_tp_error,,"require connected(dcid) & connected_to(dcid) = scid;""",/results/temp/869/quic_client_test_tp_error0.iev,0.0,0.0
aioquic,client,quic_client_test_tp_error,,Timeout sending ID,/results/temp/920/quic_client_test_tp_error0.iev,0.0,0.0
aioquic,client,quic_client_test_tp_error,,Timeout sending ID,/results/temp/971/quic_client_test_tp_error0.iev,0.0,0.0
quic-go,client,quic_client_test_double_tp_error,,server_return_code(1)+timeout,/results/temp/1073/quic_client_test_double_tp_error0.iev,0.0,0.0
mvfst,client,quic_client_test_double_tp_error,,Timeout binding ID,/results/temp/1124/quic_client_test_double_tp_error0.iev,0.0,0.0
mvfst,client,quic_client_test_double_tp_error,,Timeout binding ID,/results/temp/1175/quic_client_test_double_tp_error0.iev,0.0,0.0
lsquic,client,quic_client_test_double_tp_error,,Timeout sending ID,/results/temp/1226/quic_client_test_double_tp_error0.iev,0.0,0.0
lsquic,client,quic_client_test_double_tp_error,,Timeout sending ID,/results/temp/1277/quic_client_test_double_tp_error0.iev,0.0,0.0
picoquic,client,quic_client_test_double_tp_error,,No Error,/results/temp/1328/quic_client_test_double_tp_error0.iev,0.0,1.0
picoquic,client,quic_client_test_double_tp_error,,No Error,/results/temp/1379/quic_client_test_double_tp_error0.iev,0.0,1.0
aioquic,client,quic_client_test_double_tp_error,,Timeout sending ID,/results/temp/1430/quic_client_test_double_tp_error0.iev,0.0,0.0
aioquic,client,quic_client_test_double_tp_error,,Timeout sending ID,/results/temp/1481/quic_client_test_double_tp_error0.iev,0.0,0.0
mvfst,client,quic_client_test_tp_acticoid_error,,Timeout binding ID,/results/temp/1634/quic_client_test_tp_acticoid_error0.iev,0.0,0.0
mvfst,client,quic_client_test_tp_acticoid_error,,Timeout binding ID,/results/temp/1685/quic_client_test_tp_acticoid_error0.iev,0.0,0.0
lsquic,client,quic_client_test_tp_acticoid_error,,Timeout sending ID,/results/temp/1736/quic_client_test_tp_acticoid_error0.iev,0.0,0.0
lsquic,client,quic_client_test_tp_acticoid_error,,Timeout sending ID,/results/temp/1787/quic_client_test_tp_acticoid_error0.iev,0.0,0.0
picoquic,client,quic_client_test_tp_acticoid_error,,Timeout sending ID,/results/temp/1838/quic_client_test_tp_acticoid_error0.iev,0.0,0.0
picoquic,client,quic_client_test_tp_acticoid_error,,Timeout sending ID,/results/temp/1889/quic_client_test_tp_acticoid_error0.iev,0.0,0.0
aioquic,client,quic_client_test_tp_acticoid_error,,Segmentation Fault 139,/results/temp/1940/quic_client_test_tp_acticoid_error0.iev,0.0,0.0
aioquic,client,quic_client_test_tp_acticoid_error,,Segmentation Fault 139,/results/temp/1991/quic_client_test_tp_acticoid_error0.iev,0.0,0.0
quic-go,client,quic_client_test_tp_limit_acticoid_error,,frame.connection_close:{err_code:0x130},/results/temp/2042/quic_client_test_tp_limit_acticoid_error0.iev,0.0,0.0
quic-go,client,quic_client_test_tp_limit_acticoid_error,,frame.connection_close:{err_code:0x130},/results/temp/2093/quic_client_test_tp_limit_acticoid_error0.iev,0.0,0.0
mvfst,client,quic_client_test_tp_limit_acticoid_error,,Timeout binding ID,/results/temp/2144/quic_client_test_tp_limit_acticoid_error0.iev,0.0,0.0
lsquic,client,quic_client_test_retirecoid_error,,"require is_protocol_violation;""",/results/temp/2756/quic_client_test_retirecoid_error0.iev,0.0,0.0
picoquic,client,quic_client_test_retirecoid_error,," require pkt.payload = queued_frames(scid);""",/results/temp/2807/quic_client_test_retirecoid_error0.iev,0.0,0.0
picoquic,client,quic_client_test_retirecoid_error,," require pkt.payload = queued_frames(scid);""",/results/temp/2858/quic_client_test_retirecoid_error0.iev,0.0,0.0
aioquic,client,quic_client_test_retirecoid_error,," require pkt.payload = queued_frames(scid);""",/results/temp/2909/quic_client_test_retirecoid_error0.iev,0.0,0.0
aioquic,client,quic_client_test_retirecoid_error,," require pkt.payload = queued_frames(scid);""",/results/temp/2960/quic_client_test_retirecoid_error0.iev,0.0,0.0
mvfst,client,quic_client_test_newcoid_zero_error,,Timeout binding ID,/results/temp/3113/quic_client_test_newcoid_zero_error0.iev,0.0,0.0
mvfst,client,quic_client_test_newcoid_zero_error,,Timeout binding ID,/results/temp/3164/quic_client_test_newcoid_zero_error0.iev,0.0,0.0
lsquic,client,quic_client_test_newcoid_zero_error,,"require is_protocol_violation;""",/results/temp/3266/quic_client_test_newcoid_zero_error0.iev,0.0,0.0
picoquic,client,quic_client_test_newcoid_zero_error,," require pkt.payload = queued_frames(scid);""",/results/temp/3317/quic_client_test_newcoid_zero_error0.iev,0.0,0.0
picoquic,client,quic_client_test_newcoid_zero_error,,"require is_protocol_violation;""",/results/temp/3368/quic_client_test_newcoid_zero_error0.iev,0.0,0.0
aioquic,client,quic_client_test_newcoid_zero_error,," require pkt.payload = queued_frames(scid);""",/results/temp/3419/quic_client_test_newcoid_zero_error0.iev,0.0,0.0
aioquic,client,quic_client_test_newcoid_zero_error,," require pkt.payload = queued_frames(scid);""",/results/temp/3470/quic_client_test_newcoid_zero_error0.iev,0.0,0.0
mvfst,client,quic_client_test_accept_maxdata,,Timeout binding ID,/results/temp/3623/quic_client_test_accept_maxdata0.iev,0.0,0.0
mvfst,client,quic_client_test_accept_maxdata,,Timeout binding ID,/results/temp/3674/quic_client_test_accept_maxdata0.iev,0.0,0.0
lsquic,client,quic_client_test_accept_maxdata,,"require conn_total_data(the_cid) > 0;""",/results/temp/3725/quic_client_test_accept_maxdata0.iev,0.0,0.0
lsquic,client,quic_client_test_accept_maxdata,,"require conn_total_data(the_cid) > 0;""",/results/temp/3776/quic_client_test_accept_maxdata0.iev,0.0,0.0
picoquic,client,quic_client_test_accept_maxdata,,frame.connection_close:{err_code:0x4},/results/temp/3827/quic_client_test_accept_maxdata0.iev,0.0,0.0
picoquic,client,quic_client_test_accept_maxdata,,frame.connection_close:{err_code:0x4},/results/temp/3878/quic_client_test_accept_maxdata0.iev,0.0,0.0
aioquic,client,quic_client_test_accept_maxdata,,frame.connection_close:{err_code:0x5},/results/temp/3929/quic_client_test_accept_maxdata0.iev,0.0,0.0
aioquic,client,quic_client_test_accept_maxdata,,frame.connection_close:{err_code:0x5},/results/temp/3980/quic_client_test_accept_maxdata0.iev,0.0,0.0
quic-go,client,quic_client_test_tp_prefadd_error,,frame.connection_close:{err_code:0x130},/results/temp/4031/quic_client_test_tp_prefadd_error0.iev,0.0,0.0
quic-go,client,quic_client_test_tp_prefadd_error,,frame.connection_close:{err_code:0x130},/results/temp/4082/quic_client_test_tp_prefadd_error0.iev,0.0,0.0
mvfst,client,quic_client_test_tp_prefadd_error,,Timeout binding ID,/results/temp/4133/quic_client_test_tp_prefadd_error0.iev,0.0,0.0
mvfst,client,quic_client_test_tp_prefadd_error,,Timeout binding ID,/results/temp/4184/quic_client_test_tp_prefadd_error0.iev,0.0,0.0
lsquic,client,quic_client_test_tp_prefadd_error,,Timeout sending ID,/results/temp/4235/quic_client_test_tp_prefadd_error0.iev,0.0,0.0
picoquic,client,quic_client_test_tp_prefadd_error,,No Error,/results/temp/4337/quic_client_test_tp_prefadd_error0.iev,0.0,1.0
picoquic,client,quic_client_test_tp_prefadd_error,,No Error,/results/temp/4388/quic_client_test_tp_prefadd_error0.iev,0.0,1.0
aioquic,client,quic_client_test_tp_prefadd_error,,Timeout sending ID,/results/temp/4439/quic_client_test_tp_prefadd_error0.iev,0.0,0.0
aioquic,client,quic_client_test_tp_prefadd_error,,Timeout sending ID,/results/temp/4490/quic_client_test_tp_prefadd_error0.iev,0.0,0.0
quic-go,client,quic_client_test_no_odci,,server_return_code(1)+timeout,/results/temp/4541/quic_client_test_no_odci0.iev,0.0,0.0
mvfst,client,quic_client_test_no_odci,,Timeout binding ID,/results/temp/4643/quic_client_test_no_odci0.iev,0.0,0.0
mvfst,client,quic_client_test_no_odci,,Timeout binding ID,/results/temp/4694/quic_client_test_no_odci0.iev,0.0,0.0
lsquic,client,quic_client_test_no_odci,,Timeout sending ID,/results/temp/4745/quic_client_test_no_odci0.iev,0.0,0.0
lsquic,client,quic_client_test_no_odci,,Timeout sending ID,/results/temp/4796/quic_client_test_no_odci0.iev,0.0,0.0
picoquic,client,quic_client_test_no_odci,,No Error,/results/temp/4847/quic_client_test_no_odci0.iev,0.0,1.0
picoquic,client,quic_client_test_no_odci,,No Error,/results/temp/4898/quic_client_test_no_odci0.iev,0.0,1.0
aioquic,client,quic_client_test_no_odci,,Segmentation Fault 139,/results/temp/4949/quic_client_test_no_odci0.iev,0.0,0.0
quic-go,client,quic_client_test_ext_min_ack_delay,,frame.connection_close:{err_code:0x130},/results/temp/5000/quic_client_test_ext_min_ack_delay0.iev,0.0,0.0
mvfst,client,quic_client_test_ext_min_ack_delay,,Timeout binding ID,/results/temp/5102/quic_client_test_ext_min_ack_delay0.iev,0.0,0.0
mvfst,client,quic_client_test_ext_min_ack_delay,,Timeout binding ID,/results/temp/5153/quic_client_test_ext_min_ack_delay0.iev,0.0,0.0
lsquic,client,quic_client_test_ext_min_ack_delay,,Timeout sending ID,/results/temp/5255/quic_client_test_ext_min_ack_delay0.iev,0.0,0.0
picoquic,client,quic_client_test_ext_min_ack_delay,,Timeout sending ID,/results/temp/5306/quic_client_test_ext_min_ack_delay0.iev,0.0,0.0
picoquic,client,quic_client_test_ext_min_ack_delay,,Timeout sending ID,/results/temp/5357/quic_client_test_ext_min_ack_delay0.iev,0.0,0.0
aioquic,client,quic_client_test_ext_min_ack_delay,,Timeout sending ID,/results/temp/5408/quic_client_test_ext_min_ack_delay0.iev,0.0,0.0
aioquic,client,quic_client_test_ext_min_ack_delay,,Timeout sending ID,/results/temp/5459/quic_client_test_ext_min_ack_delay0.iev,0.0,0.0
mvfst,client,quic_client_test_tp_limit_acticoid_error,,Timeout binding ID,/results/temp/2195/quic_client_test_tp_limit_acticoid_error0.iev,0.0,0.0
picoquic,client,quic_client_test_tp_limit_acticoid_error,," require pkt.payload = queued_frames(scid);""",/results/temp/2348/quic_client_test_tp_limit_acticoid_error0.iev,0.0,0.0
picoquic,client,quic_client_test_tp_limit_acticoid_error,," require pkt.payload = queued_frames(scid);""",/results/temp/2399/quic_client_test_tp_limit_acticoid_error0.iev,0.0,0.0
aioquic,client,quic_client_test_tp_limit_acticoid_error,," require pkt.payload = queued_frames(scid);""",/results/temp/2450/quic_client_test_tp_limit_acticoid_error0.iev,0.0,0.0
quic-go,client,quic_client_test_retirecoid_error,,frame.connection_close:{err_code:0x130},/results/temp/2501/quic_client_test_retirecoid_error0.iev,0.0,0.0
quic-go,client,quic_client_test_retirecoid_error,,frame.connection_close:{err_code:0x130},/results/temp/2552/quic_client_test_retirecoid_error0.iev,0.0,0.0
mvfst,client,quic_client_test_retirecoid_error,,Timeout binding ID,/results/temp/2603/quic_client_test_retirecoid_error0.iev,0.0,0.0
mvfst,client,quic_client_test_retirecoid_error,,Timeout binding ID,/results/temp/2654/quic_client_test_retirecoid_error0.iev,0.0,0.0
quic-go,client,quic_client_test_tp_acticoid_error,,Timeout binding ID,/results/temp/16/quic_client_test_tp_acticoid_error0.iev,0.0,0.0
quic-go,client,quic_client_test_max,,frame.connection_close:{err_code:0x130},/results/temp/16/quic_client_test_max0.iev,0.0,0.0
picoquic,client,quic_client_test_max,,"require stream_id_allowed(dcid,f.id);  # [6]""",/results/temp/323/quic_client_test_max0.iev,0.0,0.0
picoquic,client,quic_client_test_max,,"require stream_id_allowed(dcid,f.id);  # [6]""",/results/temp/374/quic_client_test_max0.iev,0.0,0.0
aioquic,client,quic_client_test_max,,No Error,/results/temp/425/quic_client_test_max0.iev,0.0,1.0
aioquic,client,quic_client_test_max,,No Error,/results/temp/476/quic_client_test_max0.iev,0.0,1.0
quic-go,client,quic_client_test_tp_error,,server_return_code(1)+timeout,/results/temp/513/quic_client_test_tp_error0.iev,0.0,0.0
quic-go,client,quic_client_test_tp_error,,server_return_code(1)+timeout,/results/temp/564/quic_client_test_tp_error0.iev,0.0,0.0
mvfst,client,quic_client_test_tp_error,,Timeout binding ID,/results/temp/615/quic_client_test_tp_error0.iev,0.0,0.0
mvfst,client,quic_client_test_tp_error,,Timeout binding ID,/results/temp/666/quic_client_test_tp_error0.iev,0.0,0.0
lsquic,client,quic_client_test_tp_limit_acticoid_error,,"require is_connection_id_limit_error;""",/results/temp/2298/quic_client_test_tp_limit_acticoid_error0.iev,0.0,0.0
picoquic,client,quic_client_test_tp_limit_acticoid_error,," require pkt.payload = queued_frames(scid);""",/results/temp/2349/quic_client_test_tp_limit_acticoid_error0.iev,0.0,0.0
aioquic,client,quic_client_test_tp_limit_acticoid_error,," require pkt.payload = queued_frames(scid);""",/results/temp/2400/quic_client_test_tp_limit_acticoid_error0.iev,0.0,0.0
aioquic,client,quic_client_test_tp_limit_acticoid_error,," require pkt.payload = queued_frames(scid);""",/results/temp/2451/quic_client_test_tp_limit_acticoid_error0.iev,0.0,0.0
quic-go,client,quic_client_test_retirecoid_error,,frame.connection_close:{err_code:0x130},/results/temp/2502/quic_client_test_retirecoid_error0.iev,0.0,0.0
quic-go,client,quic_client_test_retirecoid_error,,frame.connection_close:{err_code:0x130},/results/temp/2553/quic_client_test_retirecoid_error0.iev,0.0,0.0
mvfst,client,quic_client_test_retirecoid_error,,Timeout binding ID,/results/temp/2604/quic_client_test_retirecoid_error0.iev,0.0,0.0
mvfst,client,quic_client_test_retirecoid_error,,Timeout binding ID,/results/temp/2655/quic_client_test_retirecoid_error0.iev,0.0,0.0
lsquic,client,quic_client_test_retirecoid_error,,"require is_protocol_violation;""",/results/temp/2757/quic_client_test_retirecoid_error0.iev,0.0,0.0
picoquic,client,quic_client_test_retirecoid_error,," require pkt.payload = queued_frames(scid);""",/results/temp/2808/quic_client_test_retirecoid_error0.iev,0.0,0.0
picoquic,client,quic_client_test_retirecoid_error,," require pkt.payload = queued_frames(scid);""",/results/temp/2859/quic_client_test_retirecoid_error0.iev,0.0,0.0
aioquic,client,quic_client_test_retirecoid_error,," require pkt.payload = queued_frames(scid);""",/results/temp/2910/quic_client_test_retirecoid_error0.iev,0.0,0.0
aioquic,client,quic_client_test_retirecoid_error,," require pkt.payload = queued_frames(scid);""",/results/temp/2961/quic_client_test_retirecoid_error0.iev,0.0,0.0
mvfst,client,quic_client_test_newcoid_zero_error,,Timeout binding ID,/results/temp/3114/quic_client_test_newcoid_zero_error0.iev,0.0,0.0
mvfst,client,quic_client_test_newcoid_zero_error,,Timeout binding ID,/results/temp/3165/quic_client_test_newcoid_zero_error0.iev,0.0,0.0
lsquic,client,quic_client_test_newcoid_zero_error,,"require is_protocol_violation;""",/results/temp/3216/quic_client_test_newcoid_zero_error0.iev,0.0,0.0
picoquic,client,quic_client_test_newcoid_zero_error,," require pkt.payload = queued_frames(scid);""",/results/temp/3318/quic_client_test_newcoid_zero_error0.iev,0.0,0.0
picoquic,client,quic_client_test_newcoid_zero_error,," require pkt.payload = queued_frames(scid);""",/results/temp/3369/quic_client_test_newcoid_zero_error0.iev,0.0,0.0
aioquic,client,quic_client_test_newcoid_zero_error,," require pkt.payload = queued_frames(scid);""",/results/temp/3420/quic_client_test_newcoid_zero_error0.iev,0.0,0.0
aioquic,client,quic_client_test_newcoid_zero_error,," require pkt.payload = queued_frames(scid);""",/results/temp/3471/quic_client_test_newcoid_zero_error0.iev,0.0,0.0
quic-go,client,quic_client_test_accept_maxdata,,frame.connection_close:{err_code:0x130},/results/temp/3522/quic_client_test_accept_maxdata0.iev,0.0,0.0
quic-go,client,quic_client_test_accept_maxdata,,frame.connection_close:{err_code:0x130},/results/temp/3573/quic_client_test_accept_maxdata0.iev,0.0,0.0
mvfst,client,quic_client_test_accept_maxdata,,Timeout binding ID,/results/temp/3624/quic_client_test_accept_maxdata0.iev,0.0,0.0
mvfst,client,quic_client_test_accept_maxdata,,Timeout binding ID,/results/temp/3675/quic_client_test_accept_maxdata0.iev,0.0,0.0
lsquic,client,quic_client_test_accept_maxdata,,"require conn_total_data(the_cid) > 0;""",/results/temp/3726/quic_client_test_accept_maxdata0.iev,0.0,0.0
lsquic,client,quic_client_test_accept_maxdata,,"require conn_total_data(the_cid) > 0;""",/results/temp/3777/quic_client_test_accept_maxdata0.iev,0.0,0.0
picoquic,client,quic_client_test_accept_maxdata,,frame.connection_close:{err_code:0x4},/results/temp/3828/quic_client_test_accept_maxdata0.iev,0.0,0.0
picoquic,client,quic_client_test_accept_maxdata,,frame.connection_close:{err_code:0x4},/results/temp/3879/quic_client_test_accept_maxdata0.iev,0.0,0.0
aioquic,client,quic_client_test_accept_maxdata,,frame.connection_close:{err_code:0x5},/results/temp/3930/quic_client_test_accept_maxdata0.iev,0.0,0.0
aioquic,client,quic_client_test_accept_maxdata,,frame.connection_close:{err_code:0x5},/results/temp/3981/quic_client_test_accept_maxdata0.iev,0.0,0.0
quic-go,client,quic_client_test_tp_prefadd_error,,frame.connection_close:{err_code:0x130},/results/temp/4083/quic_client_test_tp_prefadd_error0.iev,0.0,0.0
mvfst,client,quic_client_test_tp_prefadd_error,,Timeout binding ID,/results/temp/4134/quic_client_test_tp_prefadd_error0.iev,0.0,0.0
mvfst,client,quic_client_test_tp_prefadd_error,,Timeout binding ID,/results/temp/4185/quic_client_test_tp_prefadd_error0.iev,0.0,0.0
lsquic,client,quic_client_test_tp_prefadd_error,,Timeout sending ID,/results/temp/4236/quic_client_test_tp_prefadd_error0.iev,0.0,0.0
lsquic,client,quic_client_test_tp_error,,Timeout sending ID,/results/temp/768/quic_client_test_tp_error0.iev,0.0,0.0
picoquic,client,quic_client_test_tp_error,,Timeout sending ID,/results/temp/819/quic_client_test_tp_error0.iev,0.0,0.0
picoquic,client,quic_client_test_tp_error,,Timeout sending ID,/results/temp/870/quic_client_test_tp_error0.iev,0.0,0.0
aioquic,client,quic_client_test_tp_error,,Timeout sending ID,/results/temp/921/quic_client_test_tp_error0.iev,0.0,0.0
aioquic,client,quic_client_test_tp_error,,Timeout sending ID,/results/temp/972/quic_client_test_tp_error0.iev,0.0,0.0
quic-go,client,quic_client_test_double_tp_error,,server_return_code(1)+timeout,/results/temp/1023/quic_client_test_double_tp_error0.iev,0.0,0.0
quic-go,client,quic_client_test_double_tp_error,,server_return_code(1)+timeout,/results/temp/1074/quic_client_test_double_tp_error0.iev,0.0,0.0
mvfst,client,quic_client_test_double_tp_error,,Timeout binding ID,/results/temp/1125/quic_client_test_double_tp_error0.iev,0.0,0.0
mvfst,client,quic_client_test_double_tp_error,,Timeout binding ID,/results/temp/1176/quic_client_test_double_tp_error0.iev,0.0,0.0
lsquic,client,quic_client_test_double_tp_error,,Timeout sending ID,/results/temp/1227/quic_client_test_double_tp_error0.iev,0.0,0.0
lsquic,client,quic_client_test_double_tp_error,,Timeout sending ID,/results/temp/1278/quic_client_test_double_tp_error0.iev,0.0,0.0
picoquic,client,quic_client_test_double_tp_error,,No Error,/results/temp/1329/quic_client_test_double_tp_error0.iev,0.0,1.0
picoquic,client,quic_client_test_double_tp_error,,No Error,/results/temp/1380/quic_client_test_double_tp_error0.iev,0.0,1.0
aioquic,client,quic_client_test_double_tp_error,,Timeout sending ID,/results/temp/1431/quic_client_test_double_tp_error0.iev,0.0,0.0
aioquic,client,quic_client_test_double_tp_error,,Timeout sending ID,/results/temp/1482/quic_client_test_double_tp_error0.iev,0.0,0.0
quic-go,client,quic_client_test_tp_acticoid_error,,frame.connection_close:{err_code:0x8},/results/temp/1533/quic_client_test_tp_acticoid_error0.iev,0.0,0.0
quic-go,client,quic_client_test_tp_acticoid_error,,frame.connection_close:{err_code:0x8},/results/temp/1584/quic_client_test_tp_acticoid_error0.iev,0.0,0.0
picoquic,client,quic_client_test_tp_prefadd_error,,No Error,/results/temp/4338/quic_client_test_tp_prefadd_error0.iev,0.0,1.0
picoquic,client,quic_client_test_tp_prefadd_error,,No Error,/results/temp/4389/quic_client_test_tp_prefadd_error0.iev,0.0,1.0
aioquic,client,quic_client_test_tp_prefadd_error,,Timeout sending ID,/results/temp/4440/quic_client_test_tp_prefadd_error0.iev,0.0,0.0
aioquic,client,quic_client_test_tp_prefadd_error,,Timeout sending ID,/results/temp/4491/quic_client_test_tp_prefadd_error0.iev,0.0,0.0
quic-go,client,quic_client_test_no_odci,,"require ~_generating & ~queued_non_ack(scid) -> ack_credit(scid) > 0;  # [5]""",/results/temp/4542/quic_client_test_no_odci0.iev,0.0,0.0
quic-go,client,quic_client_test_no_odci,,server_return_code(1)+timeout,/results/temp/4593/quic_client_test_no_odci0.iev,0.0,0.0
mvfst,client,quic_client_test_no_odci,,Timeout binding ID,/results/temp/4644/quic_client_test_no_odci0.iev,0.0,0.0
mvfst,client,quic_client_test_no_odci,,Timeout binding ID,/results/temp/4695/quic_client_test_no_odci0.iev,0.0,0.0
lsquic,client,quic_client_test_no_odci,,Timeout sending ID,/results/temp/4746/quic_client_test_no_odci0.iev,0.0,0.0
picoquic,client,quic_client_test_no_odci,,No Error,/results/temp/4848/quic_client_test_no_odci0.iev,0.0,1.0
picoquic,client,quic_client_test_no_odci,,No Error,/results/temp/4899/quic_client_test_no_odci0.iev,0.0,1.0
aioquic,client,quic_client_test_no_odci,,Segmentation Fault 139,/results/temp/4950/quic_client_test_no_odci0.iev,0.0,0.0
quic-go,client,quic_client_test_ext_min_ack_delay,,frame.connection_close:{err_code:0x130},/results/temp/5001/quic_client_test_ext_min_ack_delay0.iev,0.0,0.0
mvfst,client,quic_client_test_ext_min_ack_delay,,Timeout binding ID,/results/temp/5103/quic_client_test_ext_min_ack_delay0.iev,0.0,0.0
mvfst,client,quic_client_test_ext_min_ack_delay,,Timeout binding ID,/results/temp/5154/quic_client_test_ext_min_ack_delay0.iev,0.0,0.0
lsquic,client,quic_client_test_ext_min_ack_delay,,Timeout sending ID,/results/temp/5205/quic_client_test_ext_min_ack_delay0.iev,0.0,0.0
picoquic,client,quic_client_test_ext_min_ack_delay,,Timeout sending ID,/results/temp/5307/quic_client_test_ext_min_ack_delay0.iev,0.0,0.0
picoquic,client,quic_client_test_ext_min_ack_delay,,Timeout sending ID,/results/temp/5358/quic_client_test_ext_min_ack_delay0.iev,0.0,0.0
aioquic,client,quic_client_test_ext_min_ack_delay,,Timeout sending ID,/results/temp/5409/quic_client_test_ext_min_ack_delay0.iev,0.0,0.0
aioquic,client,quic_client_test_ext_min_ack_delay,,Timeout sending ID,/results/temp/5460/quic_client_test_ext_min_ack_delay0.iev,0.0,0.0
mvfst,client,quic_client_test_tp_acticoid_error,,Timeout binding ID,/results/temp/1635/quic_client_test_tp_acticoid_error0.iev,0.0,0.0
mvfst,client,quic_client_test_tp_acticoid_error,,Timeout binding ID,/results/temp/1686/quic_client_test_tp_acticoid_error0.iev,0.0,0.0
lsquic,client,quic_client_test_tp_acticoid_error,,Timeout sending ID,/results/temp/1788/quic_client_test_tp_acticoid_error0.iev,0.0,0.0
picoquic,client,quic_client_test_tp_acticoid_error,,Timeout sending ID,/results/temp/1839/quic_client_test_tp_acticoid_error0.iev,0.0,0.0
picoquic,client,quic_client_test_tp_acticoid_error,,Timeout sending ID,/results/temp/1890/quic_client_test_tp_acticoid_error0.iev,0.0,0.0
aioquic,client,quic_client_test_tp_acticoid_error,,Segmentation Fault 139,/results/temp/1941/quic_client_test_tp_acticoid_error0.iev,0.0,0.0
aioquic,client,quic_client_test_tp_acticoid_error,,Segmentation Fault 139,/results/temp/1992/quic_client_test_tp_acticoid_error0.iev,0.0,0.0
quic-go,client,quic_client_test_tp_limit_acticoid_error,,frame.connection_close:{err_code:0x130},/results/temp/2094/quic_client_test_tp_limit_acticoid_error0.iev,0.0,0.0
mvfst,client,quic_client_test_tp_limit_acticoid_error,,Timeout binding ID,/results/temp/2145/quic_client_test_tp_limit_acticoid_error0.iev,0.0,0.0
mvfst,client,quic_client_test_tp_limit_acticoid_error,,Timeout binding ID,/results/temp/2196/quic_client_test_tp_limit_acticoid_error0.iev,0.0,0.0
quic-go,client,quic_client_test_tp_acticoid_error,,Timeout sending ID,/results/temp/17/quic_client_test_tp_acticoid_error0.iev,0.0,0.0
quic-go,client,quic_client_test_max,,frame.connection_close:{err_code:0x130},/results/temp/17/quic_client_test_max0.iev,0.0,0.0
quic-go,client,quic_client_test_max,,frame.connection_close:{err_code:0x130},/results/temp/68/quic_client_test_max0.iev,0.0,0.0
mvfst,client,quic_client_test_max,,Timeout binding ID,/results/temp/119/quic_client_test_max0.iev,0.0,0.0
mvfst,client,quic_client_test_max,,Timeout binding ID,/results/temp/170/quic_client_test_max0.iev,0.0,0.0
lsquic,client,quic_client_test_max,,"require conn_total_data(the_cid) > 0;""",/results/temp/221/quic_client_test_max0.iev,0.0,0.0
lsquic,client,quic_client_test_max,,"require conn_total_data(the_cid) > 0;""",/results/temp/272/quic_client_test_max0.iev,0.0,0.0
aioquic,client,quic_client_test_max,,No Error,/results/temp/477/quic_client_test_max0.iev,0.0,1.0
quic-go,client,quic_client_test_tp_error,,server_return_code(1)+timeout,/results/temp/514/quic_client_test_tp_error0.iev,0.0,0.0
quic-go,client,quic_client_test_tp_error,,server_return_code(1)+timeout,/results/temp/565/quic_client_test_tp_error0.iev,0.0,0.0
mvfst,client,quic_client_test_tp_error,,Timeout binding ID,/results/temp/616/quic_client_test_tp_error0.iev,0.0,0.0
mvfst,client,quic_client_test_tp_error,,Timeout binding ID,/results/temp/667/quic_client_test_tp_error0.iev,0.0,0.0
lsquic,client,quic_client_test_tp_error,,Timeout sending ID,/results/temp/718/quic_client_test_tp_error0.iev,0.0,0.0
lsquic,client,quic_client_test_tp_error,,Timeout sending ID,/results/temp/769/quic_client_test_tp_error0.iev,0.0,0.0
picoquic,client,quic_client_test_tp_error,,Timeout sending ID,/results/temp/820/quic_client_test_tp_error0.iev,0.0,0.0
picoquic,client,quic_client_test_tp_error,,Timeout sending ID,/results/temp/871/quic_client_test_tp_error0.iev,0.0,0.0
aioquic,client,quic_client_test_tp_error,,Timeout sending ID,/results/temp/922/quic_client_test_tp_error0.iev,0.0,0.0
aioquic,client,quic_client_test_tp_error,,Timeout sending ID,/results/temp/973/quic_client_test_tp_error0.iev,0.0,0.0
quic-go,client,quic_client_test_double_tp_error,,server_return_code(1)+timeout,/results/temp/1024/quic_client_test_double_tp_error0.iev,0.0,0.0
quic-go,client,quic_client_test_double_tp_error,,server_return_code(1)+timeout,/results/temp/1075/quic_client_test_double_tp_error0.iev,0.0,0.0
mvfst,client,quic_client_test_double_tp_error,,Timeout binding ID,/results/temp/1126/quic_client_test_double_tp_error0.iev,0.0,0.0
mvfst,client,quic_client_test_double_tp_error,,Timeout binding ID,/results/temp/1177/quic_client_test_double_tp_error0.iev,0.0,0.0
lsquic,client,quic_client_test_double_tp_error,,Timeout sending ID,/results/temp/1228/quic_client_test_double_tp_error0.iev,0.0,0.0
picoquic,client,quic_client_test_double_tp_error,,No Error,/results/temp/1330/quic_client_test_double_tp_error0.iev,0.0,1.0
picoquic,client,quic_client_test_double_tp_error,,No Error,/results/temp/1381/quic_client_test_double_tp_error0.iev,0.0,1.0
aioquic,client,quic_client_test_double_tp_error,,Timeout sending ID,/results/temp/1432/quic_client_test_double_tp_error0.iev,0.0,0.0
aioquic,client,quic_client_test_double_tp_error,,Timeout sending ID,/results/temp/1483/quic_client_test_double_tp_error0.iev,0.0,0.0
quic-go,client,quic_client_test_tp_acticoid_error,,frame.connection_close:{err_code:0x8},/results/temp/1534/quic_client_test_tp_acticoid_error0.iev,0.0,0.0
quic-go,client,quic_client_test_tp_acticoid_error,,frame.connection_close:{err_code:0x8},/results/temp/1585/quic_client_test_tp_acticoid_error0.iev,0.0,0.0
mvfst,client,quic_client_test_tp_acticoid_error,,Timeout binding ID,/results/temp/1636/quic_client_test_tp_acticoid_error0.iev,0.0,0.0
mvfst,client,quic_client_test_tp_acticoid_error,,Timeout binding ID,/results/temp/1687/quic_client_test_tp_acticoid_error0.iev,0.0,0.0
lsquic,client,quic_client_test_tp_acticoid_error,,Timeout sending ID,/results/temp/1738/quic_client_test_tp_acticoid_error0.iev,0.0,0.0
lsquic,client,quic_client_test_tp_acticoid_error,,Timeout sending ID,/results/temp/1789/quic_client_test_tp_acticoid_error0.iev,0.0,0.0
picoquic,client,quic_client_test_tp_acticoid_error,,Timeout sending ID,/results/temp/1840/quic_client_test_tp_acticoid_error0.iev,0.0,0.0
picoquic,client,quic_client_test_tp_acticoid_error,,Timeout sending ID,/results/temp/1891/quic_client_test_tp_acticoid_error0.iev,0.0,0.0
quic-go,client,quic_client_test_retirecoid_error,,frame.connection_close:{err_code:0x130},/results/temp/2503/quic_client_test_retirecoid_error0.iev,0.0,0.0
quic-go,client,quic_client_test_retirecoid_error,,frame.connection_close:{err_code:0x130},/results/temp/2554/quic_client_test_retirecoid_error0.iev,0.0,0.0
mvfst,client,quic_client_test_retirecoid_error,,Timeout binding ID,/results/temp/2605/quic_client_test_retirecoid_error0.iev,0.0,0.0
mvfst,client,quic_client_test_retirecoid_error,,Timeout binding ID,/results/temp/2656/quic_client_test_retirecoid_error0.iev,0.0,0.0
lsquic,client,quic_client_test_retirecoid_error,,"require is_protocol_violation;""",/results/temp/2707/quic_client_test_retirecoid_error0.iev,0.0,0.0
lsquic,client,quic_client_test_retirecoid_error,,"require is_protocol_violation;""",/results/temp/2758/quic_client_test_retirecoid_error0.iev,0.0,0.0
picoquic,client,quic_client_test_retirecoid_error,," require pkt.payload = queued_frames(scid);""",/results/temp/2809/quic_client_test_retirecoid_error0.iev,0.0,0.0
picoquic,client,quic_client_test_retirecoid_error,,"require connected(dcid) & connected_to(dcid) = scid;""",/results/temp/2860/quic_client_test_retirecoid_error0.iev,0.0,0.0
aioquic,client,quic_client_test_retirecoid_error,,"	require num_queued_frames(scid) > 0 -> e = queued_level(scid);""",/results/temp/2911/quic_client_test_retirecoid_error0.iev,0.0,0.0
aioquic,client,quic_client_test_retirecoid_error,," require pkt.payload = queued_frames(scid);""",/results/temp/2962/quic_client_test_retirecoid_error0.iev,0.0,0.0
quic-go,client,quic_client_test_newcoid_zero_error,,frame.connection_close:{err_code:0x130},/results/temp/3064/quic_client_test_newcoid_zero_error0.iev,0.0,0.0
mvfst,client,quic_client_test_newcoid_zero_error,,Timeout binding ID,/results/temp/3115/quic_client_test_newcoid_zero_error0.iev,0.0,0.0
mvfst,client,quic_client_test_newcoid_zero_error,,Timeout binding ID,/results/temp/3166/quic_client_test_newcoid_zero_error0.iev,0.0,0.0
lsquic,client,quic_client_test_newcoid_zero_error,,"require is_protocol_violation;""",/results/temp/3268/quic_client_test_newcoid_zero_error0.iev,0.0,0.0
picoquic,client,quic_client_test_newcoid_zero_error,," require pkt.payload = queued_frames(scid);""",/results/temp/3319/quic_client_test_newcoid_zero_error0.iev,0.0,0.0
picoquic,client,quic_client_test_newcoid_zero_error,," require pkt.payload = queued_frames(scid);""",/results/temp/3370/quic_client_test_newcoid_zero_error0.iev,0.0,0.0
aioquic,client,quic_client_test_newcoid_zero_error,," require pkt.payload = queued_frames(scid);""",/results/temp/3421/quic_client_test_newcoid_zero_error0.iev,0.0,0.0
aioquic,client,quic_client_test_newcoid_zero_error,," require pkt.payload = queued_frames(scid);""",/results/temp/3472/quic_client_test_newcoid_zero_error0.iev,0.0,0.0
quic-go,client,quic_client_test_accept_maxdata,,frame.connection_close:{err_code:0x130},/results/temp/3523/quic_client_test_accept_maxdata0.iev,0.0,0.0
quic-go,client,quic_client_test_accept_maxdata,,frame.connection_close:{err_code:0x130},/results/temp/3574/quic_client_test_accept_maxdata0.iev,0.0,0.0
mvfst,client,quic_client_test_accept_maxdata,,Timeout binding ID,/results/temp/3625/quic_client_test_accept_maxdata0.iev,0.0,0.0
mvfst,client,quic_client_test_accept_maxdata,,Timeout binding ID,/results/temp/3676/quic_client_test_accept_maxdata0.iev,0.0,0.0
lsquic,client,quic_client_test_accept_maxdata,,"require conn_total_data(the_cid) > 0;""",/results/temp/3727/quic_client_test_accept_maxdata0.iev,0.0,0.0
lsquic,client,quic_client_test_accept_maxdata,,"require conn_total_data(the_cid) > 0;""",/results/temp/3778/quic_client_test_accept_maxdata0.iev,0.0,0.0
picoquic,client,quic_client_test_accept_maxdata,,frame.connection_close:{err_code:0x4},/results/temp/3829/quic_client_test_accept_maxdata0.iev,0.0,0.0
picoquic,client,quic_client_test_accept_maxdata,,frame.connection_close:{err_code:0x4},/results/temp/3880/quic_client_test_accept_maxdata0.iev,0.0,0.0
aioquic,client,quic_client_test_accept_maxdata,,frame.connection_close:{err_code:0x5},/results/temp/3931/quic_client_test_accept_maxdata0.iev,0.0,0.0
aioquic,client,quic_client_test_accept_maxdata,,No Error,/results/temp/3982/quic_client_test_accept_maxdata0.iev,0.0,1.0
quic-go,client,quic_client_test_tp_prefadd_error,,frame.connection_close:{err_code:0x130},/results/temp/4033/quic_client_test_tp_prefadd_error0.iev,0.0,0.0
mvfst,client,quic_client_test_tp_prefadd_error,,Timeout binding ID,/results/temp/4135/quic_client_test_tp_prefadd_error0.iev,0.0,0.0
mvfst,client,quic_client_test_tp_prefadd_error,,Timeout binding ID,/results/temp/4186/quic_client_test_tp_prefadd_error0.iev,0.0,0.0
lsquic,client,quic_client_test_tp_prefadd_error,,Timeout sending ID,/results/temp/4288/quic_client_test_tp_prefadd_error0.iev,0.0,0.0
picoquic,client,quic_client_test_tp_prefadd_error,,No Error,/results/temp/4339/quic_client_test_tp_prefadd_error0.iev,0.0,1.0
picoquic,client,quic_client_test_tp_prefadd_error,,No Error,/results/temp/4390/quic_client_test_tp_prefadd_error0.iev,0.0,1.0
aioquic,client,quic_client_test_tp_prefadd_error,,Timeout sending ID,/results/temp/4441/quic_client_test_tp_prefadd_error0.iev,0.0,0.0
aioquic,client,quic_client_test_tp_prefadd_error,,Timeout sending ID,/results/temp/4492/quic_client_test_tp_prefadd_error0.iev,0.0,0.0
quic-go,client,quic_client_test_no_odci,,server_return_code(1)+timeout,/results/temp/4543/quic_client_test_no_odci0.iev,0.0,0.0
quic-go,client,quic_client_test_no_odci,,server_return_code(1)+timeout,/results/temp/4594/quic_client_test_no_odci0.iev,0.0,0.0
mvfst,client,quic_client_test_no_odci,,Timeout binding ID,/results/temp/4645/quic_client_test_no_odci0.iev,0.0,0.0
mvfst,client,quic_client_test_no_odci,,Timeout binding ID,/results/temp/4696/quic_client_test_no_odci0.iev,0.0,0.0
lsquic,client,quic_client_test_no_odci,,Timeout sending ID,/results/temp/4798/quic_client_test_no_odci0.iev,0.0,0.0
picoquic,client,quic_client_test_no_odci,,No Error,/results/temp/4849/quic_client_test_no_odci0.iev,0.0,1.0
aioquic,client,quic_client_test_no_odci,,Segmentation Fault 139,/results/temp/4900/quic_client_test_no_odci0.iev,0.0,0.0
aioquic,client,quic_client_test_no_odci,,Segmentation Fault 139,/results/temp/4951/quic_client_test_no_odci0.iev,0.0,0.0
quic-go,client,quic_client_test_ext_min_ack_delay,,frame.connection_close:{err_code:0x130},/results/temp/5053/quic_client_test_ext_min_ack_delay0.iev,0.0,0.0
mvfst,client,quic_client_test_ext_min_ack_delay,,Timeout binding ID,/results/temp/5104/quic_client_test_ext_min_ack_delay0.iev,0.0,0.0
mvfst,client,quic_client_test_ext_min_ack_delay,,Timeout binding ID,/results/temp/5155/quic_client_test_ext_min_ack_delay0.iev,0.0,0.0
lsquic,client,quic_client_test_ext_min_ack_delay,,Timeout sending ID,/results/temp/5206/quic_client_test_ext_min_ack_delay0.iev,0.0,0.0
picoquic,client,quic_client_test_ext_min_ack_delay,,Timeout sending ID,/results/temp/5308/quic_client_test_ext_min_ack_delay0.iev,0.0,0.0
picoquic,client,quic_client_test_ext_min_ack_delay,,Timeout sending ID,/results/temp/5359/quic_client_test_ext_min_ack_delay0.iev,0.0,0.0
aioquic,client,quic_client_test_ext_min_ack_delay,,Timeout sending ID,/results/temp/5410/quic_client_test_ext_min_ack_delay0.iev,0.0,0.0
aioquic,client,quic_client_test_ext_min_ack_delay,,Timeout sending ID,/results/temp/5461/quic_client_test_ext_min_ack_delay0.iev,0.0,0.0
aioquic,client,quic_client_test_tp_acticoid_error,,Segmentation Fault 139,/results/temp/1942/quic_client_test_tp_acticoid_error0.iev,0.0,0.0
aioquic,client,quic_client_test_tp_acticoid_error,,Segmentation Fault 139,/results/temp/1993/quic_client_test_tp_acticoid_error0.iev,0.0,0.0
quic-go,client,quic_client_test_tp_limit_acticoid_error,,frame.connection_close:{err_code:0x130},/results/temp/2044/quic_client_test_tp_limit_acticoid_error0.iev,0.0,0.0
mvfst,client,quic_client_test_tp_limit_acticoid_error,,Timeout binding ID,/results/temp/2146/quic_client_test_tp_limit_acticoid_error0.iev,0.0,0.0
mvfst,client,quic_client_test_tp_limit_acticoid_error,,Timeout binding ID,/results/temp/2197/quic_client_test_tp_limit_acticoid_error0.iev,0.0,0.0
lsquic,client,quic_client_test_tp_limit_acticoid_error,,"require is_connection_id_limit_error;""",/results/temp/2299/quic_client_test_tp_limit_acticoid_error0.iev,0.0,0.0
picoquic,client,quic_client_test_tp_limit_acticoid_error,," require pkt.payload = queued_frames(scid);""",/results/temp/2350/quic_client_test_tp_limit_acticoid_error0.iev,0.0,0.0
aioquic,client,quic_client_test_tp_limit_acticoid_error,," require pkt.payload = queued_frames(scid);""",/results/temp/2401/quic_client_test_tp_limit_acticoid_error0.iev,0.0,0.0
aioquic,client,quic_client_test_tp_limit_acticoid_error,," require pkt.payload = queued_frames(scid);""",/results/temp/2452/quic_client_test_tp_limit_acticoid_error0.iev,0.0,0.0
quic-go,client,quic_client_test_tp_acticoid_error,,Timeout sending ID,/results/temp/18/quic_client_test_tp_acticoid_error0.iev,0.0,0.0
quic-go,client,quic_client_test_max,,frame.connection_close:{err_code:0x130},/results/temp/18/quic_client_test_max0.iev,0.0,0.0
quic-go,client,quic_client_test_max,,frame.connection_close:{err_code:0x130},/results/temp/69/quic_client_test_max0.iev,0.0,0.0
mvfst,client,quic_client_test_max,,Timeout binding ID,/results/temp/120/quic_client_test_max0.iev,0.0,0.0
mvfst,client,quic_client_test_max,,Timeout binding ID,/results/temp/171/quic_client_test_max0.iev,0.0,0.0
lsquic,client,quic_client_test_max,,"require conn_total_data(the_cid) > 0;""",/results/temp/222/quic_client_test_max0.iev,0.0,0.0
lsquic,client,quic_client_test_max,,"require conn_total_data(the_cid) > 0;""",/results/temp/273/quic_client_test_max0.iev,0.0,0.0
picoquic,client,quic_client_test_max,,"require stream_id_allowed(dcid,f.id);  # [6]""",/results/temp/324/quic_client_test_max0.iev,0.0,0.0
picoquic,client,quic_client_test_max,,"require stream_id_allowed(dcid,f.id);  # [6]""",/results/temp/375/quic_client_test_max0.iev,0.0,0.0
aioquic,client,quic_client_test_max,,No Error,/results/temp/426/quic_client_test_max0.iev,0.0,1.0
lsquic,client,quic_client_test_max,,"require conn_total_data(the_cid) > 0;""",/results/temp/274/quic_client_test_max0.iev,0.0,0.0
picoquic,client,quic_client_test_max,,No Error,/results/temp/325/quic_client_test_max0.iev,0.0,1.0
picoquic,client,quic_client_test_max,,No Error,/results/temp/376/quic_client_test_max0.iev,0.0,1.0
aioquic,client,quic_client_test_max,,No Error,/results/temp/427/quic_client_test_max0.iev,0.0,1.0
aioquic,client,quic_client_test_max,,No Error,/results/temp/478/quic_client_test_max0.iev,0.0,1.0
quic-go,client,quic_client_test_tp_error,,server_return_code(1)+timeout,/results/temp/566/quic_client_test_tp_error0.iev,0.0,0.0
lsquic,client,quic_client_test_double_tp_error,,Timeout sending ID,/results/temp/1280/quic_client_test_double_tp_error0.iev,0.0,0.0
picoquic,client,quic_client_test_double_tp_error,,No Error,/results/temp/1331/quic_client_test_double_tp_error0.iev,0.0,1.0
picoquic,client,quic_client_test_double_tp_error,,No Error,/results/temp/1382/quic_client_test_double_tp_error0.iev,0.0,1.0
aioquic,client,quic_client_test_double_tp_error,,Timeout sending ID,/results/temp/1433/quic_client_test_double_tp_error0.iev,0.0,0.0
aioquic,client,quic_client_test_double_tp_error,,Timeout sending ID,/results/temp/1484/quic_client_test_double_tp_error0.iev,0.0,0.0
mvfst,client,quic_client_test_tp_acticoid_error,,Timeout binding ID,/results/temp/1637/quic_client_test_tp_acticoid_error0.iev,0.0,0.0
mvfst,client,quic_client_test_tp_acticoid_error,,Timeout binding ID,/results/temp/1688/quic_client_test_tp_acticoid_error0.iev,0.0,0.0
lsquic,client,quic_client_test_tp_acticoid_error,,Timeout sending ID,/results/temp/1790/quic_client_test_tp_acticoid_error0.iev,0.0,0.0
picoquic,client,quic_client_test_tp_acticoid_error,,Timeout sending ID,/results/temp/1841/quic_client_test_tp_acticoid_error0.iev,0.0,0.0
picoquic,client,quic_client_test_tp_acticoid_error,,Timeout sending ID,/results/temp/1892/quic_client_test_tp_acticoid_error0.iev,0.0,0.0
aioquic,client,quic_client_test_tp_acticoid_error,,Segmentation Fault 139,/results/temp/1943/quic_client_test_tp_acticoid_error0.iev,0.0,0.0
aioquic,client,quic_client_test_tp_acticoid_error,,Segmentation Fault 139,/results/temp/1994/quic_client_test_tp_acticoid_error0.iev,0.0,0.0
quic-go,client,quic_client_test_tp_limit_acticoid_error,,frame.connection_close:{err_code:0x130},/results/temp/2045/quic_client_test_tp_limit_acticoid_error0.iev,0.0,0.0
quic-go,client,quic_client_test_tp_limit_acticoid_error,,frame.connection_close:{err_code:0x130},/results/temp/2096/quic_client_test_tp_limit_acticoid_error0.iev,0.0,0.0
mvfst,client,quic_client_test_tp_limit_acticoid_error,,Timeout binding ID,/results/temp/2147/quic_client_test_tp_limit_acticoid_error0.iev,0.0,0.0
mvfst,client,quic_client_test_tp_limit_acticoid_error,,Timeout binding ID,/results/temp/2198/quic_client_test_tp_limit_acticoid_error0.iev,0.0,0.0
lsquic,client,quic_client_test_tp_limit_acticoid_error,,"require is_connection_id_limit_error;""",/results/temp/2249/quic_client_test_tp_limit_acticoid_error0.iev,0.0,0.0
picoquic,client,quic_client_test_tp_limit_acticoid_error,," require pkt.payload = queued_frames(scid);""",/results/temp/2300/quic_client_test_tp_limit_acticoid_error0.iev,0.0,0.0
picoquic,client,quic_client_test_tp_limit_acticoid_error,," require pkt.payload = queued_frames(scid);""",/results/temp/2351/quic_client_test_tp_limit_acticoid_error0.iev,0.0,0.0
aioquic,client,quic_client_test_tp_limit_acticoid_error,," require pkt.payload = queued_frames(scid);""",/results/temp/2402/quic_client_test_tp_limit_acticoid_error0.iev,0.0,0.0
aioquic,client,quic_client_test_tp_limit_acticoid_error,," require pkt.payload = queued_frames(scid);""",/results/temp/2453/quic_client_test_tp_limit_acticoid_error0.iev,0.0,0.0
quic-go,client,quic_client_test_retirecoid_error,,frame.connection_close:{err_code:0x130},/results/temp/2555/quic_client_test_retirecoid_error0.iev,0.0,0.0
mvfst,client,quic_client_test_retirecoid_error,,Timeout binding ID,/results/temp/2606/quic_client_test_retirecoid_error0.iev,0.0,0.0
mvfst,client,quic_client_test_retirecoid_error,,Timeout binding ID,/results/temp/2657/quic_client_test_retirecoid_error0.iev,0.0,0.0
lsquic,client,quic_client_test_retirecoid_error,,"require is_protocol_violation;""",/results/temp/2708/quic_client_test_retirecoid_error0.iev,0.0,0.0
picoquic,client,quic_client_test_retirecoid_error,," require pkt.payload = queued_frames(scid);""",/results/temp/2810/quic_client_test_retirecoid_error0.iev,0.0,0.0
picoquic,client,quic_client_test_retirecoid_error,," require pkt.payload = queued_frames(scid);""",/results/temp/2861/quic_client_test_retirecoid_error0.iev,0.0,0.0
aioquic,client,quic_client_test_retirecoid_error,," require pkt.payload = queued_frames(scid);""",/results/temp/2912/quic_client_test_retirecoid_error0.iev,0.0,0.0
aioquic,client,quic_client_test_retirecoid_error,,"	require num_queued_frames(scid) > 0 -> e = queued_level(scid);""",/results/temp/2963/quic_client_test_retirecoid_error0.iev,0.0,0.0
quic-go,client,quic_client_test_newcoid_zero_error,,frame.connection_close:{err_code:0x130},/results/temp/3065/quic_client_test_newcoid_zero_error0.iev,0.0,0.0
mvfst,client,quic_client_test_newcoid_zero_error,,Timeout binding ID,/results/temp/3116/quic_client_test_newcoid_zero_error0.iev,0.0,0.0
mvfst,client,quic_client_test_newcoid_zero_error,,Timeout binding ID,/results/temp/3167/quic_client_test_newcoid_zero_error0.iev,0.0,0.0
lsquic,client,quic_client_test_newcoid_zero_error,,"require is_protocol_violation;""",/results/temp/3218/quic_client_test_newcoid_zero_error0.iev,0.0,0.0
lsquic,client,quic_client_test_newcoid_zero_error,,"require is_protocol_violation;""",/results/temp/3269/quic_client_test_newcoid_zero_error0.iev,0.0,0.0
picoquic,client,quic_client_test_newcoid_zero_error,," require pkt.payload = queued_frames(scid);""",/results/temp/3320/quic_client_test_newcoid_zero_error0.iev,0.0,0.0
picoquic,client,quic_client_test_newcoid_zero_error,," require pkt.payload = queued_frames(scid);""",/results/temp/3371/quic_client_test_newcoid_zero_error0.iev,0.0,0.0
aioquic,client,quic_client_test_newcoid_zero_error,,"require is_protocol_violation;""",/results/temp/3422/quic_client_test_newcoid_zero_error0.iev,0.0,0.0
aioquic,client,quic_client_test_newcoid_zero_error,,"require is_protocol_violation;""",/results/temp/3473/quic_client_test_newcoid_zero_error0.iev,0.0,0.0
quic-go,client,quic_client_test_accept_maxdata,,frame.connection_close:{err_code:0x130},/results/temp/3524/quic_client_test_accept_maxdata0.iev,0.0,0.0
quic-go,client,quic_client_test_accept_maxdata,,frame.connection_close:{err_code:0x130},/results/temp/3575/quic_client_test_accept_maxdata0.iev,0.0,0.0
mvfst,client,quic_client_test_accept_maxdata,,Timeout binding ID,/results/temp/3626/quic_client_test_accept_maxdata0.iev,0.0,0.0
mvfst,client,quic_client_test_accept_maxdata,,Timeout binding ID,/results/temp/3677/quic_client_test_accept_maxdata0.iev,0.0,0.0
lsquic,client,quic_client_test_accept_maxdata,,"require conn_total_data(the_cid) > 0;""",/results/temp/3779/quic_client_test_accept_maxdata0.iev,0.0,0.0
picoquic,client,quic_client_test_accept_maxdata,,frame.connection_close:{err_code:0x4},/results/temp/3830/quic_client_test_accept_maxdata0.iev,0.0,0.0
picoquic,client,quic_client_test_accept_maxdata,,frame.connection_close:{err_code:0x4},/results/temp/3881/quic_client_test_accept_maxdata0.iev,0.0,0.0
aioquic,client,quic_client_test_accept_maxdata,,No Error,/results/temp/3932/quic_client_test_accept_maxdata0.iev,0.0,1.0
aioquic,client,quic_client_test_accept_maxdata,,"require ~_generating & ~queued_non_ack(scid) -> ack_credit(scid) > 0;  # [5]""",/results/temp/3983/quic_client_test_accept_maxdata0.iev,0.0,0.0
quic-go,client,quic_client_test_tp_prefadd_error,,frame.connection_close:{err_code:0x130},/results/temp/4034/quic_client_test_tp_prefadd_error0.iev,0.0,0.0
quic-go,client,quic_client_test_tp_prefadd_error,,frame.connection_close:{err_code:0x130},/results/temp/4085/quic_client_test_tp_prefadd_error0.iev,0.0,0.0
mvfst,client,quic_client_test_tp_prefadd_error,,Timeout binding ID,/results/temp/4136/quic_client_test_tp_prefadd_error0.iev,0.0,0.0
mvfst,client,quic_client_test_tp_prefadd_error,,Timeout binding ID,/results/temp/4187/quic_client_test_tp_prefadd_error0.iev,0.0,0.0
lsquic,client,quic_client_test_tp_prefadd_error,,Timeout sending ID,/results/temp/4289/quic_client_test_tp_prefadd_error0.iev,0.0,0.0
picoquic,client,quic_client_test_tp_prefadd_error,,No Error,/results/temp/4340/quic_client_test_tp_prefadd_error0.iev,0.0,1.0
picoquic,client,quic_client_test_tp_prefadd_error,,No Error,/results/temp/4391/quic_client_test_tp_prefadd_error0.iev,0.0,1.0
aioquic,client,quic_client_test_tp_prefadd_error,,Timeout sending ID,/results/temp/4442/quic_client_test_tp_prefadd_error0.iev,0.0,0.0
aioquic,client,quic_client_test_tp_prefadd_error,,Timeout sending ID,/results/temp/4493/quic_client_test_tp_prefadd_error0.iev,0.0,0.0
quic-go,client,quic_client_test_no_odci,,server_return_code(1)+timeout,/results/temp/4544/quic_client_test_no_odci0.iev,0.0,0.0
quic-go,client,quic_client_test_no_odci,,server_return_code(1)+timeout,/results/temp/4595/quic_client_test_no_odci0.iev,0.0,0.0
mvfst,client,quic_client_test_no_odci,,Timeout binding ID,/results/temp/4646/quic_client_test_no_odci0.iev,0.0,0.0
mvfst,client,quic_client_test_no_odci,,Timeout binding ID,/results/temp/4697/quic_client_test_no_odci0.iev,0.0,0.0
lsquic,client,quic_client_test_no_odci,,Timeout sending ID,/results/temp/4748/quic_client_test_no_odci0.iev,0.0,0.0
picoquic,client,quic_client_test_no_odci,,No Error,/results/temp/4850/quic_client_test_no_odci0.iev,0.0,1.0
aioquic,client,quic_client_test_no_odci,,Segmentation Fault 139,/results/temp/4901/quic_client_test_no_odci0.iev,0.0,0.0
aioquic,client,quic_client_test_no_odci,,Segmentation Fault 139,/results/temp/4952/quic_client_test_no_odci0.iev,0.0,0.0
mvfst,client,quic_client_test_ext_min_ack_delay,,Timeout binding ID,/results/temp/5105/quic_client_test_ext_min_ack_delay0.iev,0.0,0.0
mvfst,client,quic_client_test_ext_min_ack_delay,,Timeout binding ID,/results/temp/5156/quic_client_test_ext_min_ack_delay0.iev,0.0,0.0
lsquic,client,quic_client_test_ext_min_ack_delay,,Timeout sending ID,/results/temp/5258/quic_client_test_ext_min_ack_delay0.iev,0.0,0.0
picoquic,client,quic_client_test_ext_min_ack_delay,,Timeout sending ID,/results/temp/5309/quic_client_test_ext_min_ack_delay0.iev,0.0,0.0
picoquic,client,quic_client_test_ext_min_ack_delay,,Timeout sending ID,/results/temp/5360/quic_client_test_ext_min_ack_delay0.iev,0.0,0.0
aioquic,client,quic_client_test_ext_min_ack_delay,,Timeout sending ID,/results/temp/5411/quic_client_test_ext_min_ack_delay0.iev,0.0,0.0
aioquic,client,quic_client_test_ext_min_ack_delay,,Timeout sending ID,/results/temp/5462/quic_client_test_ext_min_ack_delay0.iev,0.0,0.0
mvfst,client,quic_client_test_tp_error,,Timeout binding ID,/results/temp/617/quic_client_test_tp_error0.iev,0.0,0.0
mvfst,client,quic_client_test_tp_error,,Timeout binding ID,/results/temp/668/quic_client_test_tp_error0.iev,0.0,0.0
lsquic,client,quic_client_test_tp_error,,Timeout sending ID,/results/temp/770/quic_client_test_tp_error0.iev,0.0,0.0
picoquic,client,quic_client_test_tp_error,,Timeout sending ID,/results/temp/821/quic_client_test_tp_error0.iev,0.0,0.0
picoquic,client,quic_client_test_tp_error,,Timeout sending ID,/results/temp/872/quic_client_test_tp_error0.iev,0.0,0.0
aioquic,client,quic_client_test_tp_error,,Timeout sending ID,/results/temp/923/quic_client_test_tp_error0.iev,0.0,0.0
aioquic,client,quic_client_test_tp_error,,Timeout sending ID,/results/temp/974/quic_client_test_tp_error0.iev,0.0,0.0
quic-go,client,quic_client_test_double_tp_error,,server_return_code(1)+timeout,/results/temp/1025/quic_client_test_double_tp_error0.iev,0.0,0.0
quic-go,client,quic_client_test_double_tp_error,,server_return_code(1)+timeout,/results/temp/1076/quic_client_test_double_tp_error0.iev,0.0,0.0
mvfst,client,quic_client_test_double_tp_error,,Timeout binding ID,/results/temp/1127/quic_client_test_double_tp_error0.iev,0.0,0.0
mvfst,client,quic_client_test_double_tp_error,,Timeout binding ID,/results/temp/1178/quic_client_test_double_tp_error0.iev,0.0,0.0
lsquic,client,quic_client_test_double_tp_error,,Timeout sending ID,/results/temp/1229/quic_client_test_double_tp_error0.iev,0.0,0.0
quic-go,client,quic_client_test_tp_acticoid_error,,Segmentation Fault 139,/results/temp/19/quic_client_test_tp_acticoid_error0.iev,0.0,0.0
quic-go,client,quic_client_test_max,,frame.connection_close:{err_code:0x130},/results/temp/19/quic_client_test_max0.iev,0.0,0.0
mvfst,client,quic_client_test_max,,Timeout binding ID,/results/temp/121/quic_client_test_max0.iev,0.0,0.0
mvfst,client,quic_client_test_max,,Timeout binding ID,/results/temp/172/quic_client_test_max0.iev,0.0,0.0
lsquic,client,quic_client_test_max,,"require conn_total_data(the_cid) > 0;""",/results/temp/223/quic_client_test_max0.iev,0.0,0.0
lsquic,client,quic_client_test_max,,"require conn_total_data(the_cid) > 0;""",/results/temp/224/quic_client_test_max0.iev,0.0,0.0
lsquic,client,quic_client_test_max,,"require conn_total_data(the_cid) > 0;""",/results/temp/275/quic_client_test_max0.iev,0.0,0.0
picoquic,client,quic_client_test_max,,frame.connection_close:{err_code:0x4},/results/temp/326/quic_client_test_max0.iev,0.0,0.0
picoquic,client,quic_client_test_max,,"require stream_id_allowed(dcid,f.id);  # [6]""",/results/temp/377/quic_client_test_max0.iev,0.0,0.0
aioquic,client,quic_client_test_max,,No Error,/results/temp/428/quic_client_test_max0.iev,0.0,1.0
aioquic,client,quic_client_test_max,,No Error,/results/temp/479/quic_client_test_max0.iev,0.0,1.0
quic-go,client,quic_client_test_tp_error,,server_return_code(1)+timeout,/results/temp/516/quic_client_test_tp_error0.iev,0.0,0.0
mvfst,client,quic_client_test_tp_error,,Timeout binding ID,/results/temp/618/quic_client_test_tp_error0.iev,0.0,0.0
mvfst,client,quic_client_test_tp_error,,Timeout binding ID,/results/temp/669/quic_client_test_tp_error0.iev,0.0,0.0
lsquic,client,quic_client_test_tp_error,,Timeout sending ID,/results/temp/771/quic_client_test_tp_error0.iev,0.0,0.0
picoquic,client,quic_client_test_tp_error,,Timeout sending ID,/results/temp/822/quic_client_test_tp_error0.iev,0.0,0.0
picoquic,client,quic_client_test_tp_error,,Timeout sending ID,/results/temp/873/quic_client_test_tp_error0.iev,0.0,0.0
aioquic,client,quic_client_test_tp_error,,Timeout sending ID,/results/temp/924/quic_client_test_tp_error0.iev,0.0,0.0
aioquic,client,quic_client_test_tp_error,,Timeout sending ID,/results/temp/975/quic_client_test_tp_error0.iev,0.0,0.0
quic-go,client,quic_client_test_double_tp_error,,server_return_code(1)+timeout,/results/temp/1077/quic_client_test_double_tp_error0.iev,0.0,0.0
mvfst,client,quic_client_test_double_tp_error,,Timeout binding ID,/results/temp/1128/quic_client_test_double_tp_error0.iev,0.0,0.0
picoquic,client,quic_client_test_double_tp_error,,No Error,/results/temp/1383/quic_client_test_double_tp_error0.iev,0.0,1.0
aioquic,client,quic_client_test_double_tp_error,,Timeout sending ID,/results/temp/1434/quic_client_test_double_tp_error0.iev,0.0,0.0
aioquic,client,quic_client_test_double_tp_error,,Timeout sending ID,/results/temp/1485/quic_client_test_double_tp_error0.iev,0.0,0.0
quic-go,client,quic_client_test_tp_acticoid_error,,frame.connection_close:{err_code:0x8},/results/temp/1536/quic_client_test_tp_acticoid_error0.iev,0.0,0.0
quic-go,client,quic_client_test_tp_acticoid_error,,frame.connection_close:{err_code:0x8},/results/temp/1587/quic_client_test_tp_acticoid_error0.iev,0.0,0.0
mvfst,client,quic_client_test_tp_acticoid_error,,Timeout binding ID,/results/temp/1638/quic_client_test_tp_acticoid_error0.iev,0.0,0.0
mvfst,client,quic_client_test_tp_acticoid_error,,Timeout binding ID,/results/temp/1689/quic_client_test_tp_acticoid_error0.iev,0.0,0.0
lsquic,client,quic_client_test_tp_acticoid_error,,Timeout sending ID,/results/temp/1740/quic_client_test_tp_acticoid_error0.iev,0.0,0.0
picoquic,client,quic_client_test_tp_acticoid_error,,Timeout sending ID,/results/temp/1842/quic_client_test_tp_acticoid_error0.iev,0.0,0.0
picoquic,client,quic_client_test_tp_acticoid_error,,Timeout sending ID,/results/temp/1893/quic_client_test_tp_acticoid_error0.iev,0.0,0.0
aioquic,client,quic_client_test_tp_acticoid_error,,Segmentation Fault 139,/results/temp/1944/quic_client_test_tp_acticoid_error0.iev,0.0,0.0
aioquic,client,quic_client_test_tp_acticoid_error,,Segmentation Fault 139,/results/temp/1995/quic_client_test_tp_acticoid_error0.iev,0.0,0.0
quic-go,client,quic_client_test_tp_limit_acticoid_error,,frame.connection_close:{err_code:0x130},/results/temp/2097/quic_client_test_tp_limit_acticoid_error0.iev,0.0,0.0
mvfst,client,quic_client_test_tp_limit_acticoid_error,,Timeout binding ID,/results/temp/2148/quic_client_test_tp_limit_acticoid_error0.iev,0.0,0.0
mvfst,client,quic_client_test_tp_limit_acticoid_error,,Timeout binding ID,/results/temp/2199/quic_client_test_tp_limit_acticoid_error0.iev,0.0,0.0
lsquic,client,quic_client_test_tp_limit_acticoid_error,,"require is_connection_id_limit_error;""",/results/temp/2250/quic_client_test_tp_limit_acticoid_error0.iev,0.0,0.0
picoquic,client,quic_client_test_tp_limit_acticoid_error,," require pkt.payload = queued_frames(scid);""",/results/temp/2301/quic_client_test_tp_limit_acticoid_error0.iev,0.0,0.0
picoquic,client,quic_client_test_tp_limit_acticoid_error,," require pkt.payload = queued_frames(scid);""",/results/temp/2352/quic_client_test_tp_limit_acticoid_error0.iev,0.0,0.0
aioquic,client,quic_client_test_tp_limit_acticoid_error,," require pkt.payload = queued_frames(scid);""",/results/temp/2403/quic_client_test_tp_limit_acticoid_error0.iev,0.0,0.0
aioquic,client,quic_client_test_tp_limit_acticoid_error,," require pkt.payload = queued_frames(scid);""",/results/temp/2454/quic_client_test_tp_limit_acticoid_error0.iev,0.0,0.0
quic-go,client,quic_client_test_retirecoid_error,,frame.connection_close:{err_code:0x130},/results/temp/2505/quic_client_test_retirecoid_error0.iev,0.0,0.0
mvfst,client,quic_client_test_retirecoid_error,,Timeout binding ID,/results/temp/2607/quic_client_test_retirecoid_error0.iev,0.0,0.0
mvfst,client,quic_client_test_retirecoid_error,,Timeout binding ID,/results/temp/2658/quic_client_test_retirecoid_error0.iev,0.0,0.0
lsquic,client,quic_client_test_retirecoid_error,,"require is_protocol_violation;""",/results/temp/2709/quic_client_test_retirecoid_error0.iev,0.0,0.0
lsquic,client,quic_client_test_retirecoid_error,,"require is_protocol_violation;""",/results/temp/2760/quic_client_test_retirecoid_error0.iev,0.0,0.0
picoquic,client,quic_client_test_retirecoid_error,,"require connected(dcid) & connected_to(dcid) = scid;""",/results/temp/2811/quic_client_test_retirecoid_error0.iev,0.0,0.0
picoquic,client,quic_client_test_retirecoid_error,," require pkt.payload = queued_frames(scid);""",/results/temp/2862/quic_client_test_retirecoid_error0.iev,0.0,0.0
aioquic,client,quic_client_test_retirecoid_error,,"require is_protocol_violation;""",/results/temp/2913/quic_client_test_retirecoid_error0.iev,0.0,0.0
aioquic,client,quic_client_test_retirecoid_error,," require pkt.payload = queued_frames(scid);""",/results/temp/2964/quic_client_test_retirecoid_error0.iev,0.0,0.0
quic-go,client,quic_client_test_newcoid_zero_error,,frame.connection_close:{err_code:0x130},/results/temp/3015/quic_client_test_newcoid_zero_error0.iev,0.0,0.0
quic-go,client,quic_client_test_newcoid_zero_error,,frame.connection_close:{err_code:0x130},/results/temp/3066/quic_client_test_newcoid_zero_error0.iev,0.0,0.0
mvfst,client,quic_client_test_newcoid_zero_error,,Timeout binding ID,/results/temp/3117/quic_client_test_newcoid_zero_error0.iev,0.0,0.0
mvfst,client,quic_client_test_newcoid_zero_error,,Timeout binding ID,/results/temp/3168/quic_client_test_newcoid_zero_error0.iev,0.0,0.0
lsquic,client,quic_client_test_newcoid_zero_error,,"require is_protocol_violation;""",/results/temp/3219/quic_client_test_newcoid_zero_error0.iev,0.0,0.0
picoquic,client,quic_client_test_newcoid_zero_error,," require pkt.payload = queued_frames(scid);""",/results/temp/3321/quic_client_test_newcoid_zero_error0.iev,0.0,0.0
picoquic,client,quic_client_test_newcoid_zero_error,," require pkt.payload = queued_frames(scid);""",/results/temp/3372/quic_client_test_newcoid_zero_error0.iev,0.0,0.0
aioquic,client,quic_client_test_newcoid_zero_error,," require pkt.payload = queued_frames(scid);""",/results/temp/3423/quic_client_test_newcoid_zero_error0.iev,0.0,0.0
aioquic,client,quic_client_test_newcoid_zero_error,," require pkt.payload = queued_frames(scid);""",/results/temp/3474/quic_client_test_newcoid_zero_error0.iev,0.0,0.0
quic-go,client,quic_client_test_accept_maxdata,,frame.connection_close:{err_code:0x130},/results/temp/3525/quic_client_test_accept_maxdata0.iev,0.0,0.0
quic-go,client,quic_client_test_accept_maxdata,,frame.connection_close:{err_code:0x130},/results/temp/3576/quic_client_test_accept_maxdata0.iev,0.0,0.0
mvfst,client,quic_client_test_accept_maxdata,,Timeout binding ID,/results/temp/3627/quic_client_test_accept_maxdata0.iev,0.0,0.0
mvfst,client,quic_client_test_accept_maxdata,,Timeout binding ID,/results/temp/3678/quic_client_test_accept_maxdata0.iev,0.0,0.0
lsquic,client,quic_client_test_accept_maxdata,,"require conn_total_data(the_cid) > 0;""",/results/temp/3729/quic_client_test_accept_maxdata0.iev,0.0,0.0
lsquic,client,quic_client_test_accept_maxdata,,"require conn_total_data(the_cid) > 0;""",/results/temp/3780/quic_client_test_accept_maxdata0.iev,0.0,0.0
picoquic,client,quic_client_test_accept_maxdata,,frame.connection_close:{err_code:0x4},/results/temp/3831/quic_client_test_accept_maxdata0.iev,0.0,0.0
picoquic,client,quic_client_test_accept_maxdata,,frame.connection_close:{err_code:0x4},/results/temp/3882/quic_client_test_accept_maxdata0.iev,0.0,0.0
aioquic,client,quic_client_test_accept_maxdata,,frame.connection_close:{err_code:0x5},/results/temp/3933/quic_client_test_accept_maxdata0.iev,0.0,0.0
aioquic,client,quic_client_test_accept_maxdata,,frame.connection_close:{err_code:0x5},/results/temp/3984/quic_client_test_accept_maxdata0.iev,0.0,0.0
mvfst,client,quic_client_test_tp_prefadd_error,,Timeout binding ID,/results/temp/4137/quic_client_test_tp_prefadd_error0.iev,0.0,0.0
mvfst,client,quic_client_test_tp_prefadd_error,,Timeout binding ID,/results/temp/4188/quic_client_test_tp_prefadd_error0.iev,0.0,0.0
lsquic,client,quic_client_test_tp_prefadd_error,,Timeout sending ID,/results/temp/4290/quic_client_test_tp_prefadd_error0.iev,0.0,0.0
picoquic,client,quic_client_test_tp_prefadd_error,,No Error,/results/temp/4341/quic_client_test_tp_prefadd_error0.iev,0.0,1.0
picoquic,client,quic_client_test_tp_prefadd_error,,No Error,/results/temp/4392/quic_client_test_tp_prefadd_error0.iev,0.0,1.0
aioquic,client,quic_client_test_tp_prefadd_error,,Timeout sending ID,/results/temp/4443/quic_client_test_tp_prefadd_error0.iev,0.0,0.0
aioquic,client,quic_client_test_tp_prefadd_error,,Timeout sending ID,/results/temp/4494/quic_client_test_tp_prefadd_error0.iev,0.0,0.0
quic-go,client,quic_client_test_no_odci,,server_return_code(1)+timeout,/results/temp/4545/quic_client_test_no_odci0.iev,0.0,0.0
quic-go,client,quic_client_test_no_odci,,server_return_code(1)+timeout,/results/temp/4596/quic_client_test_no_odci0.iev,0.0,0.0
mvfst,client,quic_client_test_no_odci,,Timeout binding ID,/results/temp/4647/quic_client_test_no_odci0.iev,0.0,0.0
mvfst,client,quic_client_test_no_odci,,Timeout binding ID,/results/temp/4698/quic_client_test_no_odci0.iev,0.0,0.0
lsquic,client,quic_client_test_no_odci,,Timeout sending ID,/results/temp/4749/quic_client_test_no_odci0.iev,0.0,0.0
picoquic,client,quic_client_test_no_odci,,No Error,/results/temp/4800/quic_client_test_no_odci0.iev,0.0,1.0
picoquic,client,quic_client_test_no_odci,,No Error,/results/temp/4851/quic_client_test_no_odci0.iev,0.0,1.0
aioquic,client,quic_client_test_no_odci,,Segmentation Fault 139,/results/temp/4902/quic_client_test_no_odci0.iev,0.0,0.0
aioquic,client,quic_client_test_no_odci,,Segmentation Fault 139,/results/temp/4953/quic_client_test_no_odci0.iev,0.0,0.0
mvfst,client,quic_client_test_ext_min_ack_delay,,Timeout binding ID,/results/temp/5106/quic_client_test_ext_min_ack_delay0.iev,0.0,0.0
mvfst,client,quic_client_test_ext_min_ack_delay,,Timeout binding ID,/results/temp/5157/quic_client_test_ext_min_ack_delay0.iev,0.0,0.0
lsquic,client,quic_client_test_ext_min_ack_delay,,Timeout sending ID,/results/temp/5208/quic_client_test_ext_min_ack_delay0.iev,0.0,0.0
lsquic,client,quic_client_test_ext_min_ack_delay,,Timeout sending ID,/results/temp/5259/quic_client_test_ext_min_ack_delay0.iev,0.0,0.0
picoquic,client,quic_client_test_ext_min_ack_delay,,Timeout sending ID,/results/temp/5310/quic_client_test_ext_min_ack_delay0.iev,0.0,0.0
picoquic,client,quic_client_test_ext_min_ack_delay,,Timeout sending ID,/results/temp/5361/quic_client_test_ext_min_ack_delay0.iev,0.0,0.0
aioquic,client,quic_client_test_ext_min_ack_delay,,Timeout sending ID,/results/temp/5412/quic_client_test_ext_min_ack_delay0.iev,0.0,0.0
aioquic,client,quic_client_test_ext_min_ack_delay,,Timeout sending ID,/results/temp/5463/quic_client_test_ext_min_ack_delay0.iev,0.0,0.0
mvfst,client,quic_client_test_double_tp_error,,Timeout binding ID,/results/temp/1179/quic_client_test_double_tp_error0.iev,0.0,0.0
lsquic,client,quic_client_test_double_tp_error,,Timeout sending ID,/results/temp/1281/quic_client_test_double_tp_error0.iev,0.0,0.0
picoquic,client,quic_client_test_double_tp_error,,No Error,/results/temp/1332/quic_client_test_double_tp_error0.iev,0.0,1.0
quic-go,client,quic_client_test_tp_limit_acticoid_error,,frame.connection_close:{err_code:0x130},/results/temp/20/quic_client_test_tp_limit_acticoid_error0.iev,0.0,0.0
quic-go,client,quic_client_test_max,,frame.connection_close:{err_code:0x130},/results/temp/20/quic_client_test_max0.iev,0.0,0.0
quic-go,client,quic_client_test_max,,frame.connection_close:{err_code:0x130},/results/temp/71/quic_client_test_max0.iev,0.0,0.0
mvfst,client,quic_client_test_max,,Timeout binding ID,/results/temp/122/quic_client_test_max0.iev,0.0,0.0
mvfst,client,quic_client_test_max,,Timeout binding ID,/results/temp/173/quic_client_test_max0.iev,0.0,0.0
quic-go,client,quic_client_test_tp_limit_acticoid_error,,Timeout binding ID,/results/temp/21/quic_client_test_tp_limit_acticoid_error0.iev,0.0,0.0
quic-go,client,quic_client_test_max,,frame.connection_close:{err_code:0x130},/results/temp/72/quic_client_test_max0.iev,0.0,0.0
mvfst,client,quic_client_test_max,,Timeout binding ID,/results/temp/123/quic_client_test_max0.iev,0.0,0.0
mvfst,client,quic_client_test_max,,Timeout binding ID,/results/temp/174/quic_client_test_max0.iev,0.0,0.0
lsquic,client,quic_client_test_max,,"require conn_total_data(the_cid) > 0;""",/results/temp/225/quic_client_test_max0.iev,0.0,0.0
lsquic,client,quic_client_test_max,,"require conn_total_data(the_cid) > 0;""",/results/temp/276/quic_client_test_max0.iev,0.0,0.0
picoquic,client,quic_client_test_max,,frame.connection_close:{err_code:0x4},/results/temp/327/quic_client_test_max0.iev,0.0,0.0
picoquic,client,quic_client_test_max,,"require stream_id_allowed(dcid,f.id);  # [6]""",/results/temp/378/quic_client_test_max0.iev,0.0,0.0
aioquic,client,quic_client_test_max,,No Error,/results/temp/429/quic_client_test_max0.iev,0.0,1.0
aioquic,client,quic_client_test_max,,No Error,/results/temp/480/quic_client_test_max0.iev,0.0,1.0
quic-go,client,quic_client_test_tp_error,,server_return_code(1)+timeout,/results/temp/517/quic_client_test_tp_error0.iev,0.0,0.0
quic-go,client,quic_client_test_tp_error,,server_return_code(1)+timeout,/results/temp/568/quic_client_test_tp_error0.iev,0.0,0.0
mvfst,client,quic_client_test_tp_error,,Timeout binding ID,/results/temp/619/quic_client_test_tp_error0.iev,0.0,0.0
mvfst,client,quic_client_test_tp_error,,Timeout binding ID,/results/temp/670/quic_client_test_tp_error0.iev,0.0,0.0
aioquic,client,quic_client_test_tp_error,,Timeout sending ID,/results/temp/976/quic_client_test_tp_error0.iev,0.0,0.0
quic-go,client,quic_client_test_double_tp_error,,server_return_code(1)+timeout,/results/temp/1027/quic_client_test_double_tp_error0.iev,0.0,0.0
quic-go,client,quic_client_test_double_tp_error,,server_return_code(1)+timeout,/results/temp/1078/quic_client_test_double_tp_error0.iev,0.0,0.0
mvfst,client,quic_client_test_double_tp_error,,Timeout binding ID,/results/temp/1129/quic_client_test_double_tp_error0.iev,0.0,0.0
mvfst,client,quic_client_test_double_tp_error,,Timeout binding ID,/results/temp/1180/quic_client_test_double_tp_error0.iev,0.0,0.0
lsquic,client,quic_client_test_double_tp_error,,Timeout sending ID,/results/temp/1231/quic_client_test_double_tp_error0.iev,0.0,0.0
picoquic,client,quic_client_test_double_tp_error,,No Error,/results/temp/1333/quic_client_test_double_tp_error0.iev,0.0,1.0
picoquic,client,quic_client_test_double_tp_error,,No Error,/results/temp/1384/quic_client_test_double_tp_error0.iev,0.0,1.0
aioquic,client,quic_client_test_double_tp_error,,Timeout sending ID,/results/temp/1435/quic_client_test_double_tp_error0.iev,0.0,0.0
aioquic,client,quic_client_test_double_tp_error,,Timeout sending ID,/results/temp/1486/quic_client_test_double_tp_error0.iev,0.0,0.0
quic-go,client,quic_client_test_tp_acticoid_error,,frame.connection_close:{err_code:0x8},/results/temp/1588/quic_client_test_tp_acticoid_error0.iev,0.0,0.0
mvfst,client,quic_client_test_tp_acticoid_error,,Timeout binding ID,/results/temp/1639/quic_client_test_tp_acticoid_error0.iev,0.0,0.0
mvfst,client,quic_client_test_tp_acticoid_error,,Timeout binding ID,/results/temp/1690/quic_client_test_tp_acticoid_error0.iev,0.0,0.0
lsquic,client,quic_client_test_tp_acticoid_error,,Timeout sending ID,/results/temp/1741/quic_client_test_tp_acticoid_error0.iev,0.0,0.0
lsquic,client,quic_client_test_tp_acticoid_error,,Timeout sending ID,/results/temp/1792/quic_client_test_tp_acticoid_error0.iev,0.0,0.0
picoquic,client,quic_client_test_tp_acticoid_error,,Timeout sending ID,/results/temp/1843/quic_client_test_tp_acticoid_error0.iev,0.0,0.0
picoquic,client,quic_client_test_tp_acticoid_error,,Timeout sending ID,/results/temp/1894/quic_client_test_tp_acticoid_error0.iev,0.0,0.0
aioquic,client,quic_client_test_tp_acticoid_error,,Segmentation Fault 139,/results/temp/1945/quic_client_test_tp_acticoid_error0.iev,0.0,0.0
aioquic,client,quic_client_test_tp_acticoid_error,,Segmentation Fault 139,/results/temp/1996/quic_client_test_tp_acticoid_error0.iev,0.0,0.0
quic-go,client,quic_client_test_tp_limit_acticoid_error,,frame.connection_close:{err_code:0x130},/results/temp/2047/quic_client_test_tp_limit_acticoid_error0.iev,0.0,0.0
quic-go,client,quic_client_test_tp_limit_acticoid_error,,frame.connection_close:{err_code:0x130},/results/temp/2098/quic_client_test_tp_limit_acticoid_error0.iev,0.0,0.0
mvfst,client,quic_client_test_tp_limit_acticoid_error,,Timeout binding ID,/results/temp/2149/quic_client_test_tp_limit_acticoid_error0.iev,0.0,0.0
lsquic,client,quic_client_test_tp_limit_acticoid_error,,"require is_connection_id_limit_error;""",/results/temp/2251/quic_client_test_tp_limit_acticoid_error0.iev,0.0,0.0
picoquic,client,quic_client_test_tp_limit_acticoid_error,," require pkt.payload = queued_frames(scid);""",/results/temp/2302/quic_client_test_tp_limit_acticoid_error0.iev,0.0,0.0
picoquic,client,quic_client_test_tp_limit_acticoid_error,,Handshake not completed,/results/temp/2353/quic_client_test_tp_limit_acticoid_error0.iev,0.0,0.0
aioquic,client,quic_client_test_tp_limit_acticoid_error,," require pkt.payload = queued_frames(scid);""",/results/temp/2404/quic_client_test_tp_limit_acticoid_error0.iev,0.0,0.0
aioquic,client,quic_client_test_tp_limit_acticoid_error,," require pkt.payload = queued_frames(scid);""",/results/temp/2455/quic_client_test_tp_limit_acticoid_error0.iev,0.0,0.0
mvfst,client,quic_client_test_retirecoid_error,,Timeout binding ID,/results/temp/2608/quic_client_test_retirecoid_error0.iev,0.0,0.0
mvfst,client,quic_client_test_retirecoid_error,,Timeout binding ID,/results/temp/2659/quic_client_test_retirecoid_error0.iev,0.0,0.0
lsquic,client,quic_client_test_retirecoid_error,,"require is_protocol_violation;""",/results/temp/2710/quic_client_test_retirecoid_error0.iev,0.0,0.0
lsquic,client,quic_client_test_retirecoid_error,,"require is_protocol_violation;""",/results/temp/2761/quic_client_test_retirecoid_error0.iev,0.0,0.0
picoquic,client,quic_client_test_retirecoid_error,," require pkt.payload = queued_frames(scid);""",/results/temp/2812/quic_client_test_retirecoid_error0.iev,0.0,0.0
picoquic,client,quic_client_test_retirecoid_error,," require pkt.payload = queued_frames(scid);""",/results/temp/2863/quic_client_test_retirecoid_error0.iev,0.0,0.0
aioquic,client,quic_client_test_retirecoid_error,," require pkt.payload = queued_frames(scid);""",/results/temp/2914/quic_client_test_retirecoid_error0.iev,0.0,0.0
aioquic,client,quic_client_test_retirecoid_error,,"require is_protocol_violation;""",/results/temp/2965/quic_client_test_retirecoid_error0.iev,0.0,0.0
quic-go,client,quic_client_test_newcoid_zero_error,,frame.connection_close:{err_code:0x130},/results/temp/3016/quic_client_test_newcoid_zero_error0.iev,0.0,0.0
mvfst,client,quic_client_test_newcoid_zero_error,,Timeout binding ID,/results/temp/3118/quic_client_test_newcoid_zero_error0.iev,0.0,0.0
mvfst,client,quic_client_test_newcoid_zero_error,,Timeout binding ID,/results/temp/3169/quic_client_test_newcoid_zero_error0.iev,0.0,0.0
lsquic,client,quic_client_test_newcoid_zero_error,,"require is_protocol_violation;""",/results/temp/3220/quic_client_test_newcoid_zero_error0.iev,0.0,0.0
picoquic,client,quic_client_test_newcoid_zero_error,,"require connected(dcid) & connected_to(dcid) = scid;""",/results/temp/3322/quic_client_test_newcoid_zero_error0.iev,0.0,0.0
picoquic,client,quic_client_test_newcoid_zero_error,," require pkt.payload = queued_frames(scid);""",/results/temp/3373/quic_client_test_newcoid_zero_error0.iev,0.0,0.0
aioquic,client,quic_client_test_newcoid_zero_error,," require pkt.payload = queued_frames(scid);""",/results/temp/3424/quic_client_test_newcoid_zero_error0.iev,0.0,0.0
aioquic,client,quic_client_test_newcoid_zero_error,," require pkt.payload = queued_frames(scid);""",/results/temp/3475/quic_client_test_newcoid_zero_error0.iev,0.0,0.0
quic-go,client,quic_client_test_accept_maxdata,,frame.connection_close:{err_code:0x130},/results/temp/3526/quic_client_test_accept_maxdata0.iev,0.0,0.0
mvfst,client,quic_client_test_accept_maxdata,,Timeout binding ID,/results/temp/3628/quic_client_test_accept_maxdata0.iev,0.0,0.0
mvfst,client,quic_client_test_accept_maxdata,,Timeout binding ID,/results/temp/3679/quic_client_test_accept_maxdata0.iev,0.0,0.0
lsquic,client,quic_client_test_accept_maxdata,,"require conn_total_data(the_cid) > 0;""",/results/temp/3730/quic_client_test_accept_maxdata0.iev,0.0,0.0
picoquic,client,quic_client_test_accept_maxdata,,frame.connection_close:{err_code:0x4},/results/temp/3832/quic_client_test_accept_maxdata0.iev,0.0,0.0
picoquic,client,quic_client_test_accept_maxdata,,frame.connection_close:{err_code:0x4},/results/temp/3883/quic_client_test_accept_maxdata0.iev,0.0,0.0
aioquic,client,quic_client_test_accept_maxdata,,frame.connection_close:{err_code:0x5},/results/temp/3934/quic_client_test_accept_maxdata0.iev,0.0,0.0
aioquic,client,quic_client_test_accept_maxdata,,frame.connection_close:{err_code:0x5},/results/temp/3985/quic_client_test_accept_maxdata0.iev,0.0,0.0
quic-go,client,quic_client_test_tp_prefadd_error,,frame.connection_close:{err_code:0x130},/results/temp/4036/quic_client_test_tp_prefadd_error0.iev,0.0,0.0
quic-go,client,quic_client_test_tp_prefadd_error,,frame.connection_close:{err_code:0x130},/results/temp/4087/quic_client_test_tp_prefadd_error0.iev,0.0,0.0
mvfst,client,quic_client_test_tp_prefadd_error,,Timeout binding ID,/results/temp/4138/quic_client_test_tp_prefadd_error0.iev,0.0,0.0
mvfst,client,quic_client_test_tp_prefadd_error,,Timeout binding ID,/results/temp/4189/quic_client_test_tp_prefadd_error0.iev,0.0,0.0
lsquic,client,quic_client_test_tp_prefadd_error,,Timeout sending ID,/results/temp/4240/quic_client_test_tp_prefadd_error0.iev,0.0,0.0
picoquic,client,quic_client_test_tp_prefadd_error,,No Error,/results/temp/4342/quic_client_test_tp_prefadd_error0.iev,0.0,1.0
picoquic,client,quic_client_test_tp_prefadd_error,,No Error,/results/temp/4393/quic_client_test_tp_prefadd_error0.iev,0.0,1.0
aioquic,client,quic_client_test_tp_prefadd_error,,Timeout sending ID,/results/temp/4444/quic_client_test_tp_prefadd_error0.iev,0.0,0.0
aioquic,client,quic_client_test_tp_prefadd_error,,Timeout sending ID,/results/temp/4495/quic_client_test_tp_prefadd_error0.iev,0.0,0.0
quic-go,client,quic_client_test_no_odci,,server_return_code(1)+timeout,/results/temp/4597/quic_client_test_no_odci0.iev,0.0,0.0
mvfst,client,quic_client_test_no_odci,,Timeout binding ID,/results/temp/4648/quic_client_test_no_odci0.iev,0.0,0.0
mvfst,client,quic_client_test_no_odci,,Timeout binding ID,/results/temp/4699/quic_client_test_no_odci0.iev,0.0,0.0
lsquic,client,quic_client_test_no_odci,,Timeout sending ID,/results/temp/4750/quic_client_test_no_odci0.iev,0.0,0.0
picoquic,client,quic_client_test_no_odci,,No Error,/results/temp/4801/quic_client_test_no_odci0.iev,0.0,1.0
picoquic,client,quic_client_test_no_odci,,No Error,/results/temp/4852/quic_client_test_no_odci0.iev,0.0,1.0
aioquic,client,quic_client_test_no_odci,,Segmentation Fault 139,/results/temp/4903/quic_client_test_no_odci0.iev,0.0,0.0
aioquic,client,quic_client_test_no_odci,,Segmentation Fault 139,/results/temp/4954/quic_client_test_no_odci0.iev,0.0,0.0
quic-go,client,quic_client_test_ext_min_ack_delay,,frame.connection_close:{err_code:0x130},/results/temp/5005/quic_client_test_ext_min_ack_delay0.iev,0.0,0.0
mvfst,client,quic_client_test_ext_min_ack_delay,,Timeout binding ID,/results/temp/5107/quic_client_test_ext_min_ack_delay0.iev,0.0,0.0
mvfst,client,quic_client_test_ext_min_ack_delay,,Timeout binding ID,/results/temp/5158/quic_client_test_ext_min_ack_delay0.iev,0.0,0.0
lsquic,client,quic_client_test_ext_min_ack_delay,,Timeout sending ID,/results/temp/5209/quic_client_test_ext_min_ack_delay0.iev,0.0,0.0
picoquic,client,quic_client_test_ext_min_ack_delay,,Timeout sending ID,/results/temp/5311/quic_client_test_ext_min_ack_delay0.iev,0.0,0.0
picoquic,client,quic_client_test_ext_min_ack_delay,,Timeout sending ID,/results/temp/5362/quic_client_test_ext_min_ack_delay0.iev,0.0,0.0
aioquic,client,quic_client_test_ext_min_ack_delay,,Timeout sending ID,/results/temp/5413/quic_client_test_ext_min_ack_delay0.iev,0.0,0.0
aioquic,client,quic_client_test_ext_min_ack_delay,,Timeout sending ID,/results/temp/5464/quic_client_test_ext_min_ack_delay0.iev,0.0,0.0
lsquic,client,quic_client_test_tp_error,,Timeout sending ID,/results/temp/772/quic_client_test_tp_error0.iev,0.0,0.0
picoquic,client,quic_client_test_tp_error,,Timeout sending ID,/results/temp/823/quic_client_test_tp_error0.iev,0.0,0.0
picoquic,client,quic_client_test_tp_error,,Timeout sending ID,/results/temp/874/quic_client_test_tp_error0.iev,0.0,0.0
aioquic,client,quic_client_test_tp_error,,Timeout sending ID,/results/temp/925/quic_client_test_tp_error0.iev,0.0,0.0
picoquic,client,quic_client_test_max,,frame.connection_close:{err_code:0x4},/results/temp/328/quic_client_test_max0.iev,0.0,0.0
picoquic,client,quic_client_test_max,,frame.connection_close:{err_code:0x4},/results/temp/379/quic_client_test_max0.iev,0.0,0.0
aioquic,client,quic_client_test_max,,No Error,/results/temp/430/quic_client_test_max0.iev,0.0,1.0
aioquic,client,quic_client_test_max,,No Error,/results/temp/481/quic_client_test_max0.iev,0.0,1.0
quic-go,client,quic_client_test_tp_error,,server_return_code(1)+timeout,/results/temp/518/quic_client_test_tp_error0.iev,0.0,0.0
mvfst,client,quic_client_test_tp_error,,Timeout binding ID,/results/temp/620/quic_client_test_tp_error0.iev,0.0,0.0
mvfst,client,quic_client_test_tp_error,,Timeout binding ID,/results/temp/671/quic_client_test_tp_error0.iev,0.0,0.0
lsquic,client,quic_client_test_tp_error,,Timeout sending ID,/results/temp/722/quic_client_test_tp_error0.iev,0.0,0.0
lsquic,client,quic_client_test_tp_error,,Timeout sending ID,/results/temp/773/quic_client_test_tp_error0.iev,0.0,0.0
picoquic,client,quic_client_test_tp_error,,Timeout sending ID,/results/temp/824/quic_client_test_tp_error0.iev,0.0,0.0
picoquic,client,quic_client_test_tp_error,,Timeout sending ID,/results/temp/875/quic_client_test_tp_error0.iev,0.0,0.0
aioquic,client,quic_client_test_tp_error,,Timeout sending ID,/results/temp/926/quic_client_test_tp_error0.iev,0.0,0.0
aioquic,client,quic_client_test_tp_error,,Timeout sending ID,/results/temp/977/quic_client_test_tp_error0.iev,0.0,0.0
quic-go,client,quic_client_test_double_tp_error,,server_return_code(1)+timeout,/results/temp/1079/quic_client_test_double_tp_error0.iev,0.0,0.0
mvfst,client,quic_client_test_double_tp_error,,Timeout binding ID,/results/temp/1130/quic_client_test_double_tp_error0.iev,0.0,0.0
mvfst,client,quic_client_test_double_tp_error,,Timeout binding ID,/results/temp/1181/quic_client_test_double_tp_error0.iev,0.0,0.0
lsquic,client,quic_client_test_double_tp_error,,Timeout sending ID,/results/temp/1232/quic_client_test_double_tp_error0.iev,0.0,0.0
lsquic,client,quic_client_test_double_tp_error,,Timeout sending ID,/results/temp/1283/quic_client_test_double_tp_error0.iev,0.0,0.0
picoquic,client,quic_client_test_double_tp_error,,No Error,/results/temp/1334/quic_client_test_double_tp_error0.iev,0.0,1.0
picoquic,client,quic_client_test_double_tp_error,,No Error,/results/temp/1385/quic_client_test_double_tp_error0.iev,0.0,1.0
aioquic,client,quic_client_test_double_tp_error,,Timeout sending ID,/results/temp/1436/quic_client_test_double_tp_error0.iev,0.0,0.0
aioquic,client,quic_client_test_double_tp_error,,Timeout sending ID,/results/temp/1487/quic_client_test_double_tp_error0.iev,0.0,0.0
mvfst,client,quic_client_test_tp_acticoid_error,,Timeout binding ID,/results/temp/1640/quic_client_test_tp_acticoid_error0.iev,0.0,0.0
mvfst,client,quic_client_test_tp_acticoid_error,,Timeout binding ID,/results/temp/1691/quic_client_test_tp_acticoid_error0.iev,0.0,0.0
lsquic,client,quic_client_test_tp_acticoid_error,,Timeout sending ID,/results/temp/1742/quic_client_test_tp_acticoid_error0.iev,0.0,0.0
picoquic,client,quic_client_test_tp_acticoid_error,,Timeout sending ID,/results/temp/1844/quic_client_test_tp_acticoid_error0.iev,0.0,0.0
picoquic,client,quic_client_test_tp_acticoid_error,,Timeout sending ID,/results/temp/1895/quic_client_test_tp_acticoid_error0.iev,0.0,0.0
aioquic,client,quic_client_test_tp_acticoid_error,,Segmentation Fault 139,/results/temp/1946/quic_client_test_tp_acticoid_error0.iev,0.0,0.0
aioquic,client,quic_client_test_tp_acticoid_error,,Segmentation Fault 139,/results/temp/1997/quic_client_test_tp_acticoid_error0.iev,0.0,0.0
picoquic,client,quic_client_test_tp_limit_acticoid_error,," require pkt.payload = queued_frames(scid);""",/results/temp/2303/quic_client_test_tp_limit_acticoid_error0.iev,0.0,0.0
picoquic,client,quic_client_test_tp_limit_acticoid_error,," require pkt.payload = queued_frames(scid);""",/results/temp/2354/quic_client_test_tp_limit_acticoid_error0.iev,0.0,0.0
aioquic,client,quic_client_test_tp_limit_acticoid_error,," require pkt.payload = queued_frames(scid);""",/results/temp/2405/quic_client_test_tp_limit_acticoid_error0.iev,0.0,0.0
aioquic,client,quic_client_test_tp_limit_acticoid_error,," require pkt.payload = queued_frames(scid);""",/results/temp/2456/quic_client_test_tp_limit_acticoid_error0.iev,0.0,0.0
mvfst,client,quic_client_test_retirecoid_error,,Timeout binding ID,/results/temp/2609/quic_client_test_retirecoid_error0.iev,0.0,0.0
mvfst,client,quic_client_test_retirecoid_error,,Timeout binding ID,/results/temp/2660/quic_client_test_retirecoid_error0.iev,0.0,0.0
lsquic,client,quic_client_test_retirecoid_error,,"require is_protocol_violation;""",/results/temp/2711/quic_client_test_retirecoid_error0.iev,0.0,0.0
lsquic,client,quic_client_test_retirecoid_error,,"require is_protocol_violation;""",/results/temp/2762/quic_client_test_retirecoid_error0.iev,0.0,0.0
picoquic,client,quic_client_test_retirecoid_error,," require pkt.payload = queued_frames(scid);""",/results/temp/2813/quic_client_test_retirecoid_error0.iev,0.0,0.0
picoquic,client,quic_client_test_retirecoid_error,," require pkt.payload = queued_frames(scid);""",/results/temp/2864/quic_client_test_retirecoid_error0.iev,0.0,0.0
aioquic,client,quic_client_test_retirecoid_error,," require pkt.payload = queued_frames(scid);""",/results/temp/2915/quic_client_test_retirecoid_error0.iev,0.0,0.0
aioquic,client,quic_client_test_retirecoid_error,," require pkt.payload = queued_frames(scid);""",/results/temp/2966/quic_client_test_retirecoid_error0.iev,0.0,0.0
quic-go,client,quic_client_test_newcoid_zero_error,,frame.connection_close:{err_code:0x130},/results/temp/3017/quic_client_test_newcoid_zero_error0.iev,0.0,0.0
mvfst,client,quic_client_test_newcoid_zero_error,,Timeout binding ID,/results/temp/3119/quic_client_test_newcoid_zero_error0.iev,0.0,0.0
mvfst,client,quic_client_test_newcoid_zero_error,,Timeout binding ID,/results/temp/3170/quic_client_test_newcoid_zero_error0.iev,0.0,0.0
lsquic,client,quic_client_test_newcoid_zero_error,,"require is_protocol_violation;""",/results/temp/3221/quic_client_test_newcoid_zero_error0.iev,0.0,0.0
lsquic,client,quic_client_test_newcoid_zero_error,,"require is_protocol_violation;""",/results/temp/3272/quic_client_test_newcoid_zero_error0.iev,0.0,0.0
picoquic,client,quic_client_test_newcoid_zero_error,," require pkt.payload = queued_frames(scid);""",/results/temp/3323/quic_client_test_newcoid_zero_error0.iev,0.0,0.0
picoquic,client,quic_client_test_newcoid_zero_error,," require pkt.payload = queued_frames(scid);""",/results/temp/3374/quic_client_test_newcoid_zero_error0.iev,0.0,0.0
aioquic,client,quic_client_test_newcoid_zero_error,,"	require num_queued_frames(scid) > 0 -> e = queued_level(scid);""",/results/temp/3425/quic_client_test_newcoid_zero_error0.iev,0.0,0.0
aioquic,client,quic_client_test_newcoid_zero_error,," require pkt.payload = queued_frames(scid);""",/results/temp/3476/quic_client_test_newcoid_zero_error0.iev,0.0,0.0
quic-go,client,quic_client_test_accept_maxdata,,frame.connection_close:{err_code:0x130},/results/temp/3527/quic_client_test_accept_maxdata0.iev,0.0,0.0
quic-go,client,quic_client_test_accept_maxdata,,frame.connection_close:{err_code:0x130},/results/temp/3578/quic_client_test_accept_maxdata0.iev,0.0,0.0
mvfst,client,quic_client_test_accept_maxdata,,Timeout binding ID,/results/temp/3629/quic_client_test_accept_maxdata0.iev,0.0,0.0
mvfst,client,quic_client_test_accept_maxdata,,Timeout binding ID,/results/temp/3680/quic_client_test_accept_maxdata0.iev,0.0,0.0
lsquic,client,quic_client_test_accept_maxdata,,"require conn_total_data(the_cid) > 0;""",/results/temp/3731/quic_client_test_accept_maxdata0.iev,0.0,0.0
lsquic,client,quic_client_test_accept_maxdata,,"require conn_total_data(the_cid) > 0;""",/results/temp/3782/quic_client_test_accept_maxdata0.iev,0.0,0.0
picoquic,client,quic_client_test_accept_maxdata,,frame.connection_close:{err_code:0x4},/results/temp/3833/quic_client_test_accept_maxdata0.iev,0.0,0.0
picoquic,client,quic_client_test_accept_maxdata,,frame.connection_close:{err_code:0x4},/results/temp/3884/quic_client_test_accept_maxdata0.iev,0.0,0.0
aioquic,client,quic_client_test_accept_maxdata,,frame.connection_close:{err_code:0x5},/results/temp/3935/quic_client_test_accept_maxdata0.iev,0.0,0.0
aioquic,client,quic_client_test_accept_maxdata,,frame.connection_close:{err_code:0x5},/results/temp/3986/quic_client_test_accept_maxdata0.iev,0.0,0.0
quic-go,client,quic_client_test_tp_prefadd_error,,frame.connection_close:{err_code:0x130},/results/temp/4088/quic_client_test_tp_prefadd_error0.iev,0.0,0.0
mvfst,client,quic_client_test_tp_prefadd_error,,Timeout binding ID,/results/temp/4139/quic_client_test_tp_prefadd_error0.iev,0.0,0.0
mvfst,client,quic_client_test_tp_prefadd_error,,Timeout binding ID,/results/temp/4190/quic_client_test_tp_prefadd_error0.iev,0.0,0.0
lsquic,client,quic_client_test_tp_prefadd_error,,Timeout sending ID,/results/temp/4292/quic_client_test_tp_prefadd_error0.iev,0.0,0.0
picoquic,client,quic_client_test_tp_prefadd_error,,No Error,/results/temp/4343/quic_client_test_tp_prefadd_error0.iev,0.0,1.0
picoquic,client,quic_client_test_tp_prefadd_error,,No Error,/results/temp/4394/quic_client_test_tp_prefadd_error0.iev,0.0,1.0
aioquic,client,quic_client_test_tp_prefadd_error,,Timeout sending ID,/results/temp/4445/quic_client_test_tp_prefadd_error0.iev,0.0,0.0
aioquic,client,quic_client_test_tp_prefadd_error,,Timeout sending ID,/results/temp/4496/quic_client_test_tp_prefadd_error0.iev,0.0,0.0
quic-go,client,quic_client_test_no_odci,,server_return_code(1)+timeout,/results/temp/4547/quic_client_test_no_odci0.iev,0.0,0.0
quic-go,client,quic_client_test_no_odci,,server_return_code(1)+timeout,/results/temp/4598/quic_client_test_no_odci0.iev,0.0,0.0
mvfst,client,quic_client_test_no_odci,,Timeout binding ID,/results/temp/4649/quic_client_test_no_odci0.iev,0.0,0.0
lsquic,client,quic_client_test_no_odci,,Timeout sending ID,/results/temp/4700/quic_client_test_no_odci0.iev,0.0,0.0
lsquic,client,quic_client_test_no_odci,,Timeout sending ID,/results/temp/4751/quic_client_test_no_odci0.iev,0.0,0.0
picoquic,client,quic_client_test_no_odci,,No Error,/results/temp/4802/quic_client_test_no_odci0.iev,0.0,1.0
picoquic,client,quic_client_test_no_odci,,No Error,/results/temp/4853/quic_client_test_no_odci0.iev,0.0,1.0
aioquic,client,quic_client_test_no_odci,,Segmentation Fault 139,/results/temp/4904/quic_client_test_no_odci0.iev,0.0,0.0
aioquic,client,quic_client_test_no_odci,,Segmentation Fault 139,/results/temp/4955/quic_client_test_no_odci0.iev,0.0,0.0
quic-go,client,quic_client_test_ext_min_ack_delay,,frame.connection_close:{err_code:0x130},/results/temp/5006/quic_client_test_ext_min_ack_delay0.iev,0.0,0.0
quic-go,client,quic_client_test_ext_min_ack_delay,,frame.connection_close:{err_code:0x130},/results/temp/5057/quic_client_test_ext_min_ack_delay0.iev,0.0,0.0
mvfst,client,quic_client_test_ext_min_ack_delay,,Timeout binding ID,/results/temp/5108/quic_client_test_ext_min_ack_delay0.iev,0.0,0.0
mvfst,client,quic_client_test_ext_min_ack_delay,,Timeout binding ID,/results/temp/5159/quic_client_test_ext_min_ack_delay0.iev,0.0,0.0
picoquic,client,quic_client_test_ext_min_ack_delay,,Timeout sending ID,/results/temp/5312/quic_client_test_ext_min_ack_delay0.iev,0.0,0.0
picoquic,client,quic_client_test_ext_min_ack_delay,,Timeout sending ID,/results/temp/5363/quic_client_test_ext_min_ack_delay0.iev,0.0,0.0
aioquic,client,quic_client_test_ext_min_ack_delay,,Timeout sending ID,/results/temp/5414/quic_client_test_ext_min_ack_delay0.iev,0.0,0.0
aioquic,client,quic_client_test_ext_min_ack_delay,,Timeout sending ID,/results/temp/5465/quic_client_test_ext_min_ack_delay0.iev,0.0,0.0
quic-go,client,quic_client_test_tp_limit_acticoid_error,,frame.connection_close:{err_code:0x130},/results/temp/2048/quic_client_test_tp_limit_acticoid_error0.iev,0.0,0.0
mvfst,client,quic_client_test_tp_limit_acticoid_error,,Timeout binding ID,/results/temp/2150/quic_client_test_tp_limit_acticoid_error0.iev,0.0,0.0
lsquic,client,quic_client_test_tp_limit_acticoid_error,,"require is_connection_id_limit_error;""",/results/temp/2201/quic_client_test_tp_limit_acticoid_error0.iev,0.0,0.0
quic-go,client,quic_client_test_tp_limit_acticoid_error,,"require is_connection_id_limit_error;""",/results/temp/22/quic_client_test_tp_limit_acticoid_error0.iev,0.0,0.0
mvfst,client,quic_client_test_max,,Timeout binding ID,/results/temp/124/quic_client_test_max0.iev,0.0,0.0
mvfst,client,quic_client_test_max,,Timeout binding ID,/results/temp/175/quic_client_test_max0.iev,0.0,0.0
lsquic,client,quic_client_test_max,,"require conn_total_data(the_cid) > 0;""",/results/temp/226/quic_client_test_max0.iev,0.0,0.0
lsquic,client,quic_client_test_max,,"require conn_total_data(the_cid) > 0;""",/results/temp/277/quic_client_test_max0.iev,0.0,0.0
mvfst,client,quic_client_test_max,,Timeout binding ID,/results/temp/176/quic_client_test_max0.iev,0.0,0.0
lsquic,client,quic_client_test_max,,"require conn_total_data(the_cid) > 0;""",/results/temp/227/quic_client_test_max0.iev,0.0,0.0
lsquic,client,quic_client_test_max,,"require conn_total_data(the_cid) > 0;""",/results/temp/278/quic_client_test_max0.iev,0.0,0.0
picoquic,client,quic_client_test_max,,No Error,/results/temp/329/quic_client_test_max0.iev,0.0,1.0
picoquic,client,quic_client_test_max,,"require stream_id_allowed(dcid,f.id);  # [6]""",/results/temp/380/quic_client_test_max0.iev,0.0,0.0
aioquic,client,quic_client_test_max,,No Error,/results/temp/431/quic_client_test_max0.iev,0.0,1.0
aioquic,client,quic_client_test_max,,No Error,/results/temp/482/quic_client_test_max0.iev,0.0,1.0
quic-go,client,quic_client_test_tp_error,,server_return_code(1)+timeout,/results/temp/519/quic_client_test_tp_error0.iev,0.0,0.0
quic-go,client,quic_client_test_tp_error,,server_return_code(1)+timeout,/results/temp/570/quic_client_test_tp_error0.iev,0.0,0.0
mvfst,client,quic_client_test_tp_error,,Timeout binding ID,/results/temp/621/quic_client_test_tp_error0.iev,0.0,0.0
mvfst,client,quic_client_test_tp_error,,Timeout binding ID,/results/temp/672/quic_client_test_tp_error0.iev,0.0,0.0
lsquic,client,quic_client_test_tp_error,,Timeout sending ID,/results/temp/723/quic_client_test_tp_error0.iev,0.0,0.0
lsquic,client,quic_client_test_tp_error,,Timeout sending ID,/results/temp/774/quic_client_test_tp_error0.iev,0.0,0.0
picoquic,client,quic_client_test_tp_error,,Timeout sending ID,/results/temp/825/quic_client_test_tp_error0.iev,0.0,0.0
picoquic,client,quic_client_test_tp_error,,Timeout sending ID,/results/temp/876/quic_client_test_tp_error0.iev,0.0,0.0
aioquic,client,quic_client_test_tp_error,,Timeout sending ID,/results/temp/927/quic_client_test_tp_error0.iev,0.0,0.0
aioquic,client,quic_client_test_tp_error,,Timeout sending ID,/results/temp/978/quic_client_test_tp_error0.iev,0.0,0.0
quic-go,client,quic_client_test_double_tp_error,,server_return_code(1)+timeout,/results/temp/1029/quic_client_test_double_tp_error0.iev,0.0,0.0
quic-go,client,quic_client_test_double_tp_error,,server_return_code(1)+timeout,/results/temp/1080/quic_client_test_double_tp_error0.iev,0.0,0.0
mvfst,client,quic_client_test_double_tp_error,,Timeout binding ID,/results/temp/1131/quic_client_test_double_tp_error0.iev,0.0,0.0
mvfst,client,quic_client_test_double_tp_error,,Timeout binding ID,/results/temp/1182/quic_client_test_double_tp_error0.iev,0.0,0.0
lsquic,client,quic_client_test_double_tp_error,,Timeout sending ID,/results/temp/1233/quic_client_test_double_tp_error0.iev,0.0,0.0
lsquic,client,quic_client_test_double_tp_error,,Timeout sending ID,/results/temp/1284/quic_client_test_double_tp_error0.iev,0.0,0.0
picoquic,client,quic_client_test_double_tp_error,,No Error,/results/temp/1335/quic_client_test_double_tp_error0.iev,0.0,1.0
picoquic,client,quic_client_test_double_tp_error,,No Error,/results/temp/1386/quic_client_test_double_tp_error0.iev,0.0,1.0
aioquic,client,quic_client_test_double_tp_error,,Timeout sending ID,/results/temp/1437/quic_client_test_double_tp_error0.iev,0.0,0.0
aioquic,client,quic_client_test_double_tp_error,,Timeout sending ID,/results/temp/1488/quic_client_test_double_tp_error0.iev,0.0,0.0
quic-go,client,quic_client_test_tp_acticoid_error,,frame.connection_close:{err_code:0x8},/results/temp/1539/quic_client_test_tp_acticoid_error0.iev,0.0,0.0
quic-go,client,quic_client_test_tp_acticoid_error,,frame.connection_close:{err_code:0x8},/results/temp/1590/quic_client_test_tp_acticoid_error0.iev,0.0,0.0
mvfst,client,quic_client_test_tp_acticoid_error,,Timeout binding ID,/results/temp/1641/quic_client_test_tp_acticoid_error0.iev,0.0,0.0
mvfst,client,quic_client_test_tp_acticoid_error,,Timeout binding ID,/results/temp/1692/quic_client_test_tp_acticoid_error0.iev,0.0,0.0
lsquic,client,quic_client_test_tp_acticoid_error,,Timeout sending ID,/results/temp/1794/quic_client_test_tp_acticoid_error0.iev,0.0,0.0
picoquic,client,quic_client_test_tp_acticoid_error,,Timeout sending ID,/results/temp/1845/quic_client_test_tp_acticoid_error0.iev,0.0,0.0
picoquic,client,quic_client_test_tp_acticoid_error,,Timeout sending ID,/results/temp/1896/quic_client_test_tp_acticoid_error0.iev,0.0,0.0
aioquic,client,quic_client_test_tp_acticoid_error,,Segmentation Fault 139,/results/temp/1947/quic_client_test_tp_acticoid_error0.iev,0.0,0.0
aioquic,client,quic_client_test_tp_acticoid_error,,Segmentation Fault 139,/results/temp/1998/quic_client_test_tp_acticoid_error0.iev,0.0,0.0
quic-go,client,quic_client_test_tp_limit_acticoid_error,,frame.connection_close:{err_code:0x130},/results/temp/2049/quic_client_test_tp_limit_acticoid_error0.iev,0.0,0.0
mvfst,client,quic_client_test_tp_limit_acticoid_error,,Handshake not completed,/results/temp/2100/quic_client_test_tp_limit_acticoid_error0.iev,0.0,0.0
mvfst,client,quic_client_test_tp_limit_acticoid_error,,Timeout binding ID,/results/temp/2151/quic_client_test_tp_limit_acticoid_error0.iev,0.0,0.0
lsquic,client,quic_client_test_tp_limit_acticoid_error,,"require is_connection_id_limit_error;""",/results/temp/2202/quic_client_test_tp_limit_acticoid_error0.iev,0.0,0.0
aioquic,client,quic_client_test_tp_limit_acticoid_error,," require pkt.payload = queued_frames(scid);""",/results/temp/2457/quic_client_test_tp_limit_acticoid_error0.iev,0.0,0.0
quic-go,client,quic_client_test_retirecoid_error,,frame.connection_close:{err_code:0x130},/results/temp/2508/quic_client_test_retirecoid_error0.iev,0.0,0.0
quic-go,client,quic_client_test_retirecoid_error,,frame.connection_close:{err_code:0x130},/results/temp/2559/quic_client_test_retirecoid_error0.iev,0.0,0.0
mvfst,client,quic_client_test_retirecoid_error,,Timeout binding ID,/results/temp/2610/quic_client_test_retirecoid_error0.iev,0.0,0.0
mvfst,client,quic_client_test_retirecoid_error,,Timeout binding ID,/results/temp/2661/quic_client_test_retirecoid_error0.iev,0.0,0.0
lsquic,client,quic_client_test_retirecoid_error,,"require is_protocol_violation;""",/results/temp/2763/quic_client_test_retirecoid_error0.iev,0.0,0.0
picoquic,client,quic_client_test_retirecoid_error,," require pkt.payload = queued_frames(scid);""",/results/temp/2814/quic_client_test_retirecoid_error0.iev,0.0,0.0
picoquic,client,quic_client_test_retirecoid_error,," require pkt.payload = queued_frames(scid);""",/results/temp/2865/quic_client_test_retirecoid_error0.iev,0.0,0.0
aioquic,client,quic_client_test_retirecoid_error,," require pkt.payload = queued_frames(scid);""",/results/temp/2916/quic_client_test_retirecoid_error0.iev,0.0,0.0
aioquic,client,quic_client_test_retirecoid_error,,"	require num_queued_frames(scid) > 0 -> e = queued_level(scid);""",/results/temp/2967/quic_client_test_retirecoid_error0.iev,0.0,0.0
quic-go,client,quic_client_test_newcoid_zero_error,,frame.connection_close:{err_code:0x130},/results/temp/3018/quic_client_test_newcoid_zero_error0.iev,0.0,0.0
quic-go,client,quic_client_test_newcoid_zero_error,,frame.connection_close:{err_code:0x130},/results/temp/3069/quic_client_test_newcoid_zero_error0.iev,0.0,0.0
mvfst,client,quic_client_test_newcoid_zero_error,,Timeout binding ID,/results/temp/3120/quic_client_test_newcoid_zero_error0.iev,0.0,0.0
mvfst,client,quic_client_test_newcoid_zero_error,,Timeout binding ID,/results/temp/3171/quic_client_test_newcoid_zero_error0.iev,0.0,0.0
picoquic,client,quic_client_test_newcoid_zero_error,," require pkt.payload = queued_frames(scid);""",/results/temp/3324/quic_client_test_newcoid_zero_error0.iev,0.0,0.0
picoquic,client,quic_client_test_newcoid_zero_error,," require pkt.payload = queued_frames(scid);""",/results/temp/3375/quic_client_test_newcoid_zero_error0.iev,0.0,0.0
aioquic,client,quic_client_test_newcoid_zero_error,," require pkt.payload = queued_frames(scid);""",/results/temp/3426/quic_client_test_newcoid_zero_error0.iev,0.0,0.0
aioquic,client,quic_client_test_newcoid_zero_error,,"	require num_queued_frames(scid) > 0 -> e = queued_level(scid);""",/results/temp/3477/quic_client_test_newcoid_zero_error0.iev,0.0,0.0
quic-go,client,quic_client_test_accept_maxdata,,frame.connection_close:{err_code:0x130},/results/temp/3528/quic_client_test_accept_maxdata0.iev,0.0,0.0
quic-go,client,quic_client_test_accept_maxdata,,frame.connection_close:{err_code:0x130},/results/temp/3579/quic_client_test_accept_maxdata0.iev,0.0,0.0
mvfst,client,quic_client_test_accept_maxdata,,Timeout binding ID,/results/temp/3630/quic_client_test_accept_maxdata0.iev,0.0,0.0
mvfst,client,quic_client_test_accept_maxdata,,Timeout binding ID,/results/temp/3681/quic_client_test_accept_maxdata0.iev,0.0,0.0
picoquic,client,quic_client_test_accept_maxdata,,frame.connection_close:{err_code:0x4},/results/temp/3834/quic_client_test_accept_maxdata0.iev,0.0,0.0
picoquic,client,quic_client_test_accept_maxdata,,frame.connection_close:{err_code:0x4},/results/temp/3885/quic_client_test_accept_maxdata0.iev,0.0,0.0
aioquic,client,quic_client_test_accept_maxdata,,frame.connection_close:{err_code:0x5},/results/temp/3936/quic_client_test_accept_maxdata0.iev,0.0,0.0
aioquic,client,quic_client_test_accept_maxdata,,frame.connection_close:{err_code:0x5},/results/temp/3987/quic_client_test_accept_maxdata0.iev,0.0,0.0
quic-go,client,quic_client_test_tp_prefadd_error,,frame.connection_close:{err_code:0x130},/results/temp/4089/quic_client_test_tp_prefadd_error0.iev,0.0,0.0
mvfst,client,quic_client_test_tp_prefadd_error,,Timeout binding ID,/results/temp/4140/quic_client_test_tp_prefadd_error0.iev,0.0,0.0
mvfst,client,quic_client_test_tp_prefadd_error,,Timeout binding ID,/results/temp/4191/quic_client_test_tp_prefadd_error0.iev,0.0,0.0
lsquic,client,quic_client_test_tp_prefadd_error,,Timeout sending ID,/results/temp/4242/quic_client_test_tp_prefadd_error0.iev,0.0,0.0
lsquic,client,quic_client_test_tp_prefadd_error,,Timeout sending ID,/results/temp/4293/quic_client_test_tp_prefadd_error0.iev,0.0,0.0
picoquic,client,quic_client_test_tp_prefadd_error,,No Error,/results/temp/4344/quic_client_test_tp_prefadd_error0.iev,0.0,1.0
picoquic,client,quic_client_test_tp_prefadd_error,,No Error,/results/temp/4395/quic_client_test_tp_prefadd_error0.iev,0.0,1.0
aioquic,client,quic_client_test_tp_prefadd_error,,Timeout sending ID,/results/temp/4446/quic_client_test_tp_prefadd_error0.iev,0.0,0.0
aioquic,client,quic_client_test_tp_prefadd_error,,Timeout sending ID,/results/temp/4497/quic_client_test_tp_prefadd_error0.iev,0.0,0.0
quic-go,client,quic_client_test_no_odci,,server_return_code(1)+timeout,/results/temp/4599/quic_client_test_no_odci0.iev,0.0,0.0
mvfst,client,quic_client_test_no_odci,,Timeout binding ID,/results/temp/4650/quic_client_test_no_odci0.iev,0.0,0.0
lsquic,client,quic_client_test_no_odci,,Timeout sending ID,/results/temp/4701/quic_client_test_no_odci0.iev,0.0,0.0
lsquic,client,quic_client_test_no_odci,,Timeout sending ID,/results/temp/4752/quic_client_test_no_odci0.iev,0.0,0.0
picoquic,client,quic_client_test_no_odci,,No Error,/results/temp/4803/quic_client_test_no_odci0.iev,0.0,1.0
picoquic,client,quic_client_test_no_odci,,No Error,/results/temp/4854/quic_client_test_no_odci0.iev,0.0,1.0
aioquic,client,quic_client_test_no_odci,,Segmentation Fault 139,/results/temp/4905/quic_client_test_no_odci0.iev,0.0,0.0
aioquic,client,quic_client_test_no_odci,,Segmentation Fault 139,/results/temp/4956/quic_client_test_no_odci0.iev,0.0,0.0
quic-go,client,quic_client_test_ext_min_ack_delay,,frame.connection_close:{err_code:0x130},/results/temp/5007/quic_client_test_ext_min_ack_delay0.iev,0.0,0.0
quic-go,client,quic_client_test_ext_min_ack_delay,,frame.connection_close:{err_code:0x130},/results/temp/5058/quic_client_test_ext_min_ack_delay0.iev,0.0,0.0
mvfst,client,quic_client_test_ext_min_ack_delay,,Timeout binding ID,/results/temp/5109/quic_client_test_ext_min_ack_delay0.iev,0.0,0.0
mvfst,client,quic_client_test_ext_min_ack_delay,,Timeout binding ID,/results/temp/5160/quic_client_test_ext_min_ack_delay0.iev,0.0,0.0
lsquic,client,quic_client_test_ext_min_ack_delay,,Timeout sending ID,/results/temp/5211/quic_client_test_ext_min_ack_delay0.iev,0.0,0.0
lsquic,client,quic_client_test_ext_min_ack_delay,,Timeout sending ID,/results/temp/5262/quic_client_test_ext_min_ack_delay0.iev,0.0,0.0
picoquic,client,quic_client_test_ext_min_ack_delay,,Timeout sending ID,/results/temp/5313/quic_client_test_ext_min_ack_delay0.iev,0.0,0.0
picoquic,client,quic_client_test_ext_min_ack_delay,,Timeout sending ID,/results/temp/5364/quic_client_test_ext_min_ack_delay0.iev,0.0,0.0
aioquic,client,quic_client_test_ext_min_ack_delay,,Timeout sending ID,/results/temp/5415/quic_client_test_ext_min_ack_delay0.iev,0.0,0.0
aioquic,client,quic_client_test_ext_min_ack_delay,,Timeout sending ID,/results/temp/5466/quic_client_test_ext_min_ack_delay0.iev,0.0,0.0
lsquic,client,quic_client_test_tp_limit_acticoid_error,,"require is_connection_id_limit_error;""",/results/temp/2253/quic_client_test_tp_limit_acticoid_error0.iev,0.0,0.0
picoquic,client,quic_client_test_tp_limit_acticoid_error,," require pkt.payload = queued_frames(scid);""",/results/temp/2304/quic_client_test_tp_limit_acticoid_error0.iev,0.0,0.0
picoquic,client,quic_client_test_tp_limit_acticoid_error,," require pkt.payload = queued_frames(scid);""",/results/temp/2355/quic_client_test_tp_limit_acticoid_error0.iev,0.0,0.0
aioquic,client,quic_client_test_tp_limit_acticoid_error,," require pkt.payload = queued_frames(scid);""",/results/temp/2406/quic_client_test_tp_limit_acticoid_error0.iev,0.0,0.0
quic-go,client,quic_client_test_tp_limit_acticoid_error,," require pkt.payload = queued_frames(scid);""",/results/temp/23/quic_client_test_tp_limit_acticoid_error0.iev,0.0,0.0
quic-go,client,quic_client_test_max,,frame.connection_close:{err_code:0x130},/results/temp/23/quic_client_test_max0.iev,0.0,0.0
mvfst,client,quic_client_test_max,,Timeout binding ID,/results/temp/125/quic_client_test_max0.iev,0.0,0.0
lsquic,client,quic_client_test_max,,"require conn_total_data(the_cid) > 0;""",/results/temp/279/quic_client_test_max0.iev,0.0,0.0
picoquic,client,quic_client_test_max,,"require connected(dcid) & connected_to(dcid) = scid;""",/results/temp/330/quic_client_test_max0.iev,0.0,0.0
picoquic,client,quic_client_test_max,,No Error,/results/temp/381/quic_client_test_max0.iev,0.0,1.0
aioquic,client,quic_client_test_max,,frame.connection_close:{err_code:0x5},/results/temp/432/quic_client_test_max0.iev,0.0,0.0
aioquic,client,quic_client_test_max,,No Error,/results/temp/483/quic_client_test_max0.iev,0.0,1.0
quic-go,client,quic_client_test_tp_error,,server_return_code(1)+timeout,/results/temp/520/quic_client_test_tp_error0.iev,0.0,0.0
quic-go,client,quic_client_test_tp_error,,server_return_code(1)+timeout,/results/temp/571/quic_client_test_tp_error0.iev,0.0,0.0
mvfst,client,quic_client_test_tp_error,,Timeout binding ID,/results/temp/622/quic_client_test_tp_error0.iev,0.0,0.0
mvfst,client,quic_client_test_tp_error,,Timeout binding ID,/results/temp/673/quic_client_test_tp_error0.iev,0.0,0.0
picoquic,client,quic_client_test_tp_error,,Timeout sending ID,/results/temp/826/quic_client_test_tp_error0.iev,0.0,0.0
picoquic,client,quic_client_test_tp_error,,Timeout sending ID,/results/temp/877/quic_client_test_tp_error0.iev,0.0,0.0
aioquic,client,quic_client_test_tp_error,,Timeout sending ID,/results/temp/928/quic_client_test_tp_error0.iev,0.0,0.0
aioquic,client,quic_client_test_tp_error,,Timeout sending ID,/results/temp/979/quic_client_test_tp_error0.iev,0.0,0.0
quic-go,client,quic_client_test_double_tp_error,,server_return_code(1)+timeout,/results/temp/1030/quic_client_test_double_tp_error0.iev,0.0,0.0
mvfst,client,quic_client_test_double_tp_error,,Timeout binding ID,/results/temp/1132/quic_client_test_double_tp_error0.iev,0.0,0.0
mvfst,client,quic_client_test_double_tp_error,,Timeout binding ID,/results/temp/1183/quic_client_test_double_tp_error0.iev,0.0,0.0
lsquic,client,quic_client_test_double_tp_error,,Timeout sending ID,/results/temp/1234/quic_client_test_double_tp_error0.iev,0.0,0.0
lsquic,client,quic_client_test_double_tp_error,,Timeout sending ID,/results/temp/1285/quic_client_test_double_tp_error0.iev,0.0,0.0
picoquic,client,quic_client_test_double_tp_error,,No Error,/results/temp/1336/quic_client_test_double_tp_error0.iev,0.0,1.0
picoquic,client,quic_client_test_double_tp_error,,No Error,/results/temp/1387/quic_client_test_double_tp_error0.iev,0.0,1.0
aioquic,client,quic_client_test_double_tp_error,,Timeout sending ID,/results/temp/1438/quic_client_test_double_tp_error0.iev,0.0,0.0
aioquic,client,quic_client_test_double_tp_error,,Timeout sending ID,/results/temp/1489/quic_client_test_double_tp_error0.iev,0.0,0.0
aioquic,client,quic_client_test_tp_acticoid_error,,Segmentation Fault 139,/results/temp/1999/quic_client_test_tp_acticoid_error0.iev,0.0,0.0
mvfst,client,quic_client_test_tp_limit_acticoid_error,,Timeout binding ID,/results/temp/2101/quic_client_test_tp_limit_acticoid_error0.iev,0.0,0.0
mvfst,client,quic_client_test_tp_limit_acticoid_error,,Timeout binding ID,/results/temp/2152/quic_client_test_tp_limit_acticoid_error0.iev,0.0,0.0
lsquic,client,quic_client_test_tp_limit_acticoid_error,,"require is_connection_id_limit_error;""",/results/temp/2203/quic_client_test_tp_limit_acticoid_error0.iev,0.0,0.0
lsquic,client,quic_client_test_tp_limit_acticoid_error,,"require is_connection_id_limit_error;""",/results/temp/2254/quic_client_test_tp_limit_acticoid_error0.iev,0.0,0.0
picoquic,client,quic_client_test_tp_limit_acticoid_error,,frame.connection_close:{err_code:0xa},/results/temp/2305/quic_client_test_tp_limit_acticoid_error0.iev,0.0,0.0
picoquic,client,quic_client_test_tp_limit_acticoid_error,," require pkt.payload = queued_frames(scid);""",/results/temp/2356/quic_client_test_tp_limit_acticoid_error0.iev,0.0,0.0
aioquic,client,quic_client_test_tp_limit_acticoid_error,," require pkt.payload = queued_frames(scid);""",/results/temp/2407/quic_client_test_tp_limit_acticoid_error0.iev,0.0,0.0
aioquic,client,quic_client_test_tp_limit_acticoid_error,," require pkt.payload = queued_frames(scid);""",/results/temp/2458/quic_client_test_tp_limit_acticoid_error0.iev,0.0,0.0
quic-go,client,quic_client_test_retirecoid_error,,frame.connection_close:{err_code:0x130},/results/temp/2509/quic_client_test_retirecoid_error0.iev,0.0,0.0
quic-go,client,quic_client_test_retirecoid_error,,frame.connection_close:{err_code:0x130},/results/temp/2560/quic_client_test_retirecoid_error0.iev,0.0,0.0
mvfst,client,quic_client_test_retirecoid_error,,Timeout binding ID,/results/temp/2611/quic_client_test_retirecoid_error0.iev,0.0,0.0
mvfst,client,quic_client_test_retirecoid_error,,Timeout binding ID,/results/temp/2662/quic_client_test_retirecoid_error0.iev,0.0,0.0
lsquic,client,quic_client_test_retirecoid_error,,"require is_protocol_violation;""",/results/temp/2713/quic_client_test_retirecoid_error0.iev,0.0,0.0
lsquic,client,quic_client_test_retirecoid_error,,"require is_protocol_violation;""",/results/temp/2764/quic_client_test_retirecoid_error0.iev,0.0,0.0
picoquic,client,quic_client_test_retirecoid_error,," require pkt.payload = queued_frames(scid);""",/results/temp/2815/quic_client_test_retirecoid_error0.iev,0.0,0.0
picoquic,client,quic_client_test_retirecoid_error,," require pkt.payload = queued_frames(scid);""",/results/temp/2866/quic_client_test_retirecoid_error0.iev,0.0,0.0
aioquic,client,quic_client_test_retirecoid_error,," require pkt.payload = queued_frames(scid);""",/results/temp/2917/quic_client_test_retirecoid_error0.iev,0.0,0.0
aioquic,client,quic_client_test_retirecoid_error,,"	require num_queued_frames(scid) > 0 -> e = queued_level(scid);""",/results/temp/2968/quic_client_test_retirecoid_error0.iev,0.0,0.0
quic-go,client,quic_client_test_newcoid_zero_error,,frame.connection_close:{err_code:0x130},/results/temp/3019/quic_client_test_newcoid_zero_error0.iev,0.0,0.0
quic-go,client,quic_client_test_newcoid_zero_error,,frame.connection_close:{err_code:0x130},/results/temp/3070/quic_client_test_newcoid_zero_error0.iev,0.0,0.0
mvfst,client,quic_client_test_newcoid_zero_error,,Timeout binding ID,/results/temp/3121/quic_client_test_newcoid_zero_error0.iev,0.0,0.0
mvfst,client,quic_client_test_newcoid_zero_error,,Timeout binding ID,/results/temp/3172/quic_client_test_newcoid_zero_error0.iev,0.0,0.0
lsquic,client,quic_client_test_newcoid_zero_error,,"require is_protocol_violation;""",/results/temp/3223/quic_client_test_newcoid_zero_error0.iev,0.0,0.0
lsquic,client,quic_client_test_newcoid_zero_error,,"require is_protocol_violation;""",/results/temp/3274/quic_client_test_newcoid_zero_error0.iev,0.0,0.0
picoquic,client,quic_client_test_newcoid_zero_error,," require pkt.payload = queued_frames(scid);""",/results/temp/3325/quic_client_test_newcoid_zero_error0.iev,0.0,0.0
picoquic,client,quic_client_test_newcoid_zero_error,," require pkt.payload = queued_frames(scid);""",/results/temp/3376/quic_client_test_newcoid_zero_error0.iev,0.0,0.0
aioquic,client,quic_client_test_newcoid_zero_error,," require pkt.payload = queued_frames(scid);""",/results/temp/3427/quic_client_test_newcoid_zero_error0.iev,0.0,0.0
aioquic,client,quic_client_test_newcoid_zero_error,," require pkt.payload = queued_frames(scid);""",/results/temp/3478/quic_client_test_newcoid_zero_error0.iev,0.0,0.0
quic-go,client,quic_client_test_accept_maxdata,,frame.connection_close:{err_code:0x130},/results/temp/3580/quic_client_test_accept_maxdata0.iev,0.0,0.0
mvfst,client,quic_client_test_accept_maxdata,,Timeout binding ID,/results/temp/3631/quic_client_test_accept_maxdata0.iev,0.0,0.0
mvfst,client,quic_client_test_accept_maxdata,,Timeout binding ID,/results/temp/3682/quic_client_test_accept_maxdata0.iev,0.0,0.0
lsquic,client,quic_client_test_accept_maxdata,,"require conn_total_data(the_cid) > 0;""",/results/temp/3733/quic_client_test_accept_maxdata0.iev,0.0,0.0
lsquic,client,quic_client_test_accept_maxdata,,"require conn_total_data(the_cid) > 0;""",/results/temp/3784/quic_client_test_accept_maxdata0.iev,0.0,0.0
picoquic,client,quic_client_test_accept_maxdata,,frame.connection_close:{err_code:0x4},/results/temp/3835/quic_client_test_accept_maxdata0.iev,0.0,0.0
picoquic,client,quic_client_test_accept_maxdata,,frame.connection_close:{err_code:0x4},/results/temp/3886/quic_client_test_accept_maxdata0.iev,0.0,0.0
aioquic,client,quic_client_test_accept_maxdata,,frame.connection_close:{err_code:0x5},/results/temp/3937/quic_client_test_accept_maxdata0.iev,0.0,0.0
aioquic,client,quic_client_test_accept_maxdata,,frame.connection_close:{err_code:0x5},/results/temp/3988/quic_client_test_accept_maxdata0.iev,0.0,0.0
quic-go,client,quic_client_test_tp_prefadd_error,,frame.connection_close:{err_code:0x130},/results/temp/4039/quic_client_test_tp_prefadd_error0.iev,0.0,0.0
quic-go,client,quic_client_test_tp_prefadd_error,,frame.connection_close:{err_code:0x130},/results/temp/4090/quic_client_test_tp_prefadd_error0.iev,0.0,0.0
mvfst,client,quic_client_test_tp_prefadd_error,,Timeout binding ID,/results/temp/4141/quic_client_test_tp_prefadd_error0.iev,0.0,0.0
mvfst,client,quic_client_test_tp_prefadd_error,,Timeout binding ID,/results/temp/4192/quic_client_test_tp_prefadd_error0.iev,0.0,0.0
lsquic,client,quic_client_test_tp_prefadd_error,,Timeout sending ID,/results/temp/4243/quic_client_test_tp_prefadd_error0.iev,0.0,0.0
picoquic,client,quic_client_test_tp_prefadd_error,,No Error,/results/temp/4345/quic_client_test_tp_prefadd_error0.iev,0.0,1.0
picoquic,client,quic_client_test_tp_prefadd_error,,No Error,/results/temp/4396/quic_client_test_tp_prefadd_error0.iev,0.0,1.0
aioquic,client,quic_client_test_tp_prefadd_error,,Timeout sending ID,/results/temp/4447/quic_client_test_tp_prefadd_error0.iev,0.0,0.0
aioquic,client,quic_client_test_tp_prefadd_error,,Timeout sending ID,/results/temp/4498/quic_client_test_tp_prefadd_error0.iev,0.0,0.0
quic-go,client,quic_client_test_no_odci,,server_return_code(1)+timeout,/results/temp/4549/quic_client_test_no_odci0.iev,0.0,0.0
mvfst,client,quic_client_test_no_odci,,Timeout binding ID,/results/temp/4600/quic_client_test_no_odci0.iev,0.0,0.0
mvfst,client,quic_client_test_no_odci,,Timeout binding ID,/results/temp/4651/quic_client_test_no_odci0.iev,0.0,0.0
picoquic,client,quic_client_test_no_odci,,No Error,/results/temp/4804/quic_client_test_no_odci0.iev,0.0,1.0
picoquic,client,quic_client_test_no_odci,,No Error,/results/temp/4855/quic_client_test_no_odci0.iev,0.0,1.0
aioquic,client,quic_client_test_no_odci,,Segmentation Fault 139,/results/temp/4906/quic_client_test_no_odci0.iev,0.0,0.0
aioquic,client,quic_client_test_no_odci,,Segmentation Fault 139,/results/temp/4957/quic_client_test_no_odci0.iev,0.0,0.0
quic-go,client,quic_client_test_ext_min_ack_delay,,frame.connection_close:{err_code:0x130},/results/temp/5008/quic_client_test_ext_min_ack_delay0.iev,0.0,0.0
mvfst,client,quic_client_test_ext_min_ack_delay,,Timeout binding ID,/results/temp/5110/quic_client_test_ext_min_ack_delay0.iev,0.0,0.0
mvfst,client,quic_client_test_ext_min_ack_delay,,Timeout binding ID,/results/temp/5161/quic_client_test_ext_min_ack_delay0.iev,0.0,0.0
picoquic,client,quic_client_test_ext_min_ack_delay,,Timeout sending ID,/results/temp/5314/quic_client_test_ext_min_ack_delay0.iev,0.0,0.0
picoquic,client,quic_client_test_ext_min_ack_delay,,Timeout sending ID,/results/temp/5365/quic_client_test_ext_min_ack_delay0.iev,0.0,0.0
aioquic,client,quic_client_test_ext_min_ack_delay,,Timeout sending ID,/results/temp/5416/quic_client_test_ext_min_ack_delay0.iev,0.0,0.0
aioquic,client,quic_client_test_ext_min_ack_delay,,Timeout sending ID,/results/temp/5467/quic_client_test_ext_min_ack_delay0.iev,0.0,0.0
quic-go,client,quic_client_test_tp_acticoid_error,,frame.connection_close:{err_code:0x8},/results/temp/1540/quic_client_test_tp_acticoid_error0.iev,0.0,0.0
quic-go,client,quic_client_test_tp_acticoid_error,,frame.connection_close:{err_code:0x8},/results/temp/1591/quic_client_test_tp_acticoid_error0.iev,0.0,0.0
mvfst,client,quic_client_test_tp_acticoid_error,,Timeout binding ID,/results/temp/1642/quic_client_test_tp_acticoid_error0.iev,0.0,0.0
mvfst,client,quic_client_test_tp_acticoid_error,,Timeout binding ID,/results/temp/1693/quic_client_test_tp_acticoid_error0.iev,0.0,0.0
lsquic,client,quic_client_test_tp_acticoid_error,,Timeout sending ID,/results/temp/1744/quic_client_test_tp_acticoid_error0.iev,0.0,0.0
picoquic,client,quic_client_test_tp_acticoid_error,,Timeout sending ID,/results/temp/1846/quic_client_test_tp_acticoid_error0.iev,0.0,0.0
picoquic,client,quic_client_test_tp_acticoid_error,,Timeout sending ID,/results/temp/1897/quic_client_test_tp_acticoid_error0.iev,0.0,0.0
aioquic,client,quic_client_test_tp_acticoid_error,,Segmentation Fault 139,/results/temp/1948/quic_client_test_tp_acticoid_error0.iev,0.0,0.0
quic-go,client,quic_client_test_tp_limit_acticoid_error,," require pkt.payload = queued_frames(scid);""",/results/temp/24/quic_client_test_tp_limit_acticoid_error0.iev,0.0,0.0
quic-go,client,quic_client_test_max,,frame.connection_close:{err_code:0x130},/results/temp/24/quic_client_test_max0.iev,0.0,0.0
mvfst,client,quic_client_test_max,,Timeout binding ID,/results/temp/126/quic_client_test_max0.iev,0.0,0.0
mvfst,client,quic_client_test_max,,Timeout binding ID,/results/temp/177/quic_client_test_max0.iev,0.0,0.0
quic-go,client,quic_client_test_tp_error,,server_return_code(1)+timeout,/results/temp/521/quic_client_test_tp_error0.iev,0.0,0.0
quic-go,client,quic_client_test_tp_error,,server_return_code(1)+timeout,/results/temp/572/quic_client_test_tp_error0.iev,0.0,0.0
mvfst,client,quic_client_test_tp_error,,Timeout binding ID,/results/temp/623/quic_client_test_tp_error0.iev,0.0,0.0
mvfst,client,quic_client_test_tp_error,,Timeout binding ID,/results/temp/674/quic_client_test_tp_error0.iev,0.0,0.0
lsquic,client,quic_client_test_tp_error,,Timeout sending ID,/results/temp/725/quic_client_test_tp_error0.iev,0.0,0.0
picoquic,client,quic_client_test_tp_error,,Timeout sending ID,/results/temp/827/quic_client_test_tp_error0.iev,0.0,0.0
picoquic,client,quic_client_test_tp_error,,Timeout sending ID,/results/temp/878/quic_client_test_tp_error0.iev,0.0,0.0
aioquic,client,quic_client_test_tp_error,,Timeout sending ID,/results/temp/929/quic_client_test_tp_error0.iev,0.0,0.0
aioquic,client,quic_client_test_tp_error,,Timeout sending ID,/results/temp/980/quic_client_test_tp_error0.iev,0.0,0.0
quic-go,client,quic_client_test_double_tp_error,,server_return_code(1)+timeout,/results/temp/1031/quic_client_test_double_tp_error0.iev,0.0,0.0
quic-go,client,quic_client_test_double_tp_error,,server_return_code(1)+timeout,/results/temp/1082/quic_client_test_double_tp_error0.iev,0.0,0.0
mvfst,client,quic_client_test_double_tp_error,,Timeout binding ID,/results/temp/1133/quic_client_test_double_tp_error0.iev,0.0,0.0
mvfst,client,quic_client_test_double_tp_error,,Timeout binding ID,/results/temp/1184/quic_client_test_double_tp_error0.iev,0.0,0.0
lsquic,client,quic_client_test_double_tp_error,,Timeout sending ID,/results/temp/1235/quic_client_test_double_tp_error0.iev,0.0,0.0
lsquic,client,quic_client_test_double_tp_error,,Timeout sending ID,/results/temp/1286/quic_client_test_double_tp_error0.iev,0.0,0.0
picoquic,client,quic_client_test_double_tp_error,,No Error,/results/temp/1337/quic_client_test_double_tp_error0.iev,0.0,1.0
picoquic,client,quic_client_test_double_tp_error,,No Error,/results/temp/1388/quic_client_test_double_tp_error0.iev,0.0,1.0
aioquic,client,quic_client_test_double_tp_error,,Timeout sending ID,/results/temp/1439/quic_client_test_double_tp_error0.iev,0.0,0.0
aioquic,client,quic_client_test_double_tp_error,,Timeout sending ID,/results/temp/1490/quic_client_test_double_tp_error0.iev,0.0,0.0
quic-go,client,quic_client_test_tp_acticoid_error,,frame.connection_close:{err_code:0x8},/results/temp/1541/quic_client_test_tp_acticoid_error0.iev,0.0,0.0
quic-go,client,quic_client_test_tp_acticoid_error,,frame.connection_close:{err_code:0x8},/results/temp/1592/quic_client_test_tp_acticoid_error0.iev,0.0,0.0
mvfst,client,quic_client_test_tp_acticoid_error,,Timeout binding ID,/results/temp/1643/quic_client_test_tp_acticoid_error0.iev,0.0,0.0
mvfst,client,quic_client_test_tp_acticoid_error,,Timeout binding ID,/results/temp/1694/quic_client_test_tp_acticoid_error0.iev,0.0,0.0
lsquic,client,quic_client_test_tp_acticoid_error,,Timeout sending ID,/results/temp/1745/quic_client_test_tp_acticoid_error0.iev,0.0,0.0
picoquic,client,quic_client_test_tp_acticoid_error,,Timeout sending ID,/results/temp/1847/quic_client_test_tp_acticoid_error0.iev,0.0,0.0
picoquic,client,quic_client_test_tp_acticoid_error,,Timeout sending ID,/results/temp/1898/quic_client_test_tp_acticoid_error0.iev,0.0,0.0
aioquic,client,quic_client_test_tp_acticoid_error,,Segmentation Fault 139,/results/temp/1949/quic_client_test_tp_acticoid_error0.iev,0.0,0.0
quic-go,client,quic_client_test_tp_limit_acticoid_error,,frame.connection_close:{err_code:0x130},/results/temp/2051/quic_client_test_tp_limit_acticoid_error0.iev,0.0,0.0
mvfst,client,quic_client_test_tp_limit_acticoid_error,,Timeout binding ID,/results/temp/2102/quic_client_test_tp_limit_acticoid_error0.iev,0.0,0.0
mvfst,client,quic_client_test_tp_limit_acticoid_error,,Timeout binding ID,/results/temp/2153/quic_client_test_tp_limit_acticoid_error0.iev,0.0,0.0
lsquic,client,quic_client_test_tp_limit_acticoid_error,,"require is_connection_id_limit_error;""",/results/temp/2204/quic_client_test_tp_limit_acticoid_error0.iev,0.0,0.0
lsquic,client,quic_client_test_tp_limit_acticoid_error,,"require is_connection_id_limit_error;""",/results/temp/2255/quic_client_test_tp_limit_acticoid_error0.iev,0.0,0.0
picoquic,client,quic_client_test_tp_limit_acticoid_error,," require pkt.payload = queued_frames(scid);""",/results/temp/2306/quic_client_test_tp_limit_acticoid_error0.iev,0.0,0.0
picoquic,client,quic_client_test_tp_limit_acticoid_error,," require pkt.payload = queued_frames(scid);""",/results/temp/2357/quic_client_test_tp_limit_acticoid_error0.iev,0.0,0.0
aioquic,client,quic_client_test_tp_limit_acticoid_error,," require pkt.payload = queued_frames(scid);""",/results/temp/2408/quic_client_test_tp_limit_acticoid_error0.iev,0.0,0.0
aioquic,client,quic_client_test_tp_limit_acticoid_error,," require pkt.payload = queued_frames(scid);""",/results/temp/2459/quic_client_test_tp_limit_acticoid_error0.iev,0.0,0.0
quic-go,client,quic_client_test_retirecoid_error,,frame.connection_close:{err_code:0x130},/results/temp/2561/quic_client_test_retirecoid_error0.iev,0.0,0.0
mvfst,client,quic_client_test_retirecoid_error,,Timeout binding ID,/results/temp/2612/quic_client_test_retirecoid_error0.iev,0.0,0.0
mvfst,client,quic_client_test_retirecoid_error,,Timeout binding ID,/results/temp/2663/quic_client_test_retirecoid_error0.iev,0.0,0.0
lsquic,client,quic_client_test_retirecoid_error,,"require is_protocol_violation;""",/results/temp/2765/quic_client_test_retirecoid_error0.iev,0.0,0.0
picoquic,client,quic_client_test_retirecoid_error,," require pkt.payload = queued_frames(scid);""",/results/temp/2816/quic_client_test_retirecoid_error0.iev,0.0,0.0
picoquic,client,quic_client_test_retirecoid_error,," require pkt.payload = queued_frames(scid);""",/results/temp/2867/quic_client_test_retirecoid_error0.iev,0.0,0.0
aioquic,client,quic_client_test_retirecoid_error,," require pkt.payload = queued_frames(scid);""",/results/temp/2918/quic_client_test_retirecoid_error0.iev,0.0,0.0
aioquic,client,quic_client_test_retirecoid_error,," require pkt.payload = queued_frames(scid);""",/results/temp/2969/quic_client_test_retirecoid_error0.iev,0.0,0.0
quic-go,client,quic_client_test_newcoid_zero_error,,frame.connection_close:{err_code:0x130},/results/temp/3020/quic_client_test_newcoid_zero_error0.iev,0.0,0.0
quic-go,client,quic_client_test_newcoid_zero_error,,frame.connection_close:{err_code:0x130},/results/temp/3071/quic_client_test_newcoid_zero_error0.iev,0.0,0.0
mvfst,client,quic_client_test_newcoid_zero_error,,Timeout binding ID,/results/temp/3122/quic_client_test_newcoid_zero_error0.iev,0.0,0.0
mvfst,client,quic_client_test_newcoid_zero_error,,Timeout binding ID,/results/temp/3173/quic_client_test_newcoid_zero_error0.iev,0.0,0.0
lsquic,client,quic_client_test_newcoid_zero_error,,"require is_protocol_violation;""",/results/temp/3224/quic_client_test_newcoid_zero_error0.iev,0.0,0.0
lsquic,client,quic_client_test_newcoid_zero_error,,"require is_protocol_violation;""",/results/temp/3275/quic_client_test_newcoid_zero_error0.iev,0.0,0.0
picoquic,client,quic_client_test_newcoid_zero_error,," require pkt.payload = queued_frames(scid);""",/results/temp/3326/quic_client_test_newcoid_zero_error0.iev,0.0,0.0
picoquic,client,quic_client_test_newcoid_zero_error,," require pkt.payload = queued_frames(scid);""",/results/temp/3377/quic_client_test_newcoid_zero_error0.iev,0.0,0.0
aioquic,client,quic_client_test_newcoid_zero_error,," require pkt.payload = queued_frames(scid);""",/results/temp/3428/quic_client_test_newcoid_zero_error0.iev,0.0,0.0
aioquic,client,quic_client_test_newcoid_zero_error,," require pkt.payload = queued_frames(scid);""",/results/temp/3479/quic_client_test_newcoid_zero_error0.iev,0.0,0.0
quic-go,client,quic_client_test_accept_maxdata,,frame.connection_close:{err_code:0x130},/results/temp/3530/quic_client_test_accept_maxdata0.iev,0.0,0.0
quic-go,client,quic_client_test_accept_maxdata,,frame.connection_close:{err_code:0x130},/results/temp/3581/quic_client_test_accept_maxdata0.iev,0.0,0.0
mvfst,client,quic_client_test_accept_maxdata,,Timeout binding ID,/results/temp/3632/quic_client_test_accept_maxdata0.iev,0.0,0.0
mvfst,client,quic_client_test_accept_maxdata,,Timeout binding ID,/results/temp/3683/quic_client_test_accept_maxdata0.iev,0.0,0.0
lsquic,client,quic_client_test_accept_maxdata,,"require conn_total_data(the_cid) > 0;""",/results/temp/3734/quic_client_test_accept_maxdata0.iev,0.0,0.0
picoquic,client,quic_client_test_accept_maxdata,,frame.connection_close:{err_code:0x4},/results/temp/3836/quic_client_test_accept_maxdata0.iev,0.0,0.0
picoquic,client,quic_client_test_accept_maxdata,,frame.connection_close:{err_code:0x4},/results/temp/3887/quic_client_test_accept_maxdata0.iev,0.0,0.0
aioquic,client,quic_client_test_accept_maxdata,,frame.connection_close:{err_code:0x5},/results/temp/3938/quic_client_test_accept_maxdata0.iev,0.0,0.0
aioquic,client,quic_client_test_accept_maxdata,,frame.connection_close:{err_code:0x5},/results/temp/3989/quic_client_test_accept_maxdata0.iev,0.0,0.0
mvfst,client,quic_client_test_tp_prefadd_error,,Timeout binding ID,/results/temp/4142/quic_client_test_tp_prefadd_error0.iev,0.0,0.0
mvfst,client,quic_client_test_tp_prefadd_error,,Timeout binding ID,/results/temp/4193/quic_client_test_tp_prefadd_error0.iev,0.0,0.0
lsquic,client,quic_client_test_tp_prefadd_error,,Timeout sending ID,/results/temp/4295/quic_client_test_tp_prefadd_error0.iev,0.0,0.0
picoquic,client,quic_client_test_tp_prefadd_error,,No Error,/results/temp/4346/quic_client_test_tp_prefadd_error0.iev,0.0,1.0
picoquic,client,quic_client_test_tp_prefadd_error,,No Error,/results/temp/4397/quic_client_test_tp_prefadd_error0.iev,0.0,1.0
aioquic,client,quic_client_test_tp_prefadd_error,,Timeout sending ID,/results/temp/4448/quic_client_test_tp_prefadd_error0.iev,0.0,0.0
aioquic,client,quic_client_test_tp_prefadd_error,,Timeout sending ID,/results/temp/4499/quic_client_test_tp_prefadd_error0.iev,0.0,0.0
quic-go,client,quic_client_test_no_odci,,server_return_code(1)+timeout,/results/temp/4550/quic_client_test_no_odci0.iev,0.0,0.0
mvfst,client,quic_client_test_no_odci,,Timeout binding ID,/results/temp/4601/quic_client_test_no_odci0.iev,0.0,0.0
mvfst,client,quic_client_test_no_odci,,Timeout binding ID,/results/temp/4652/quic_client_test_no_odci0.iev,0.0,0.0
lsquic,client,quic_client_test_no_odci,,Timeout sending ID,/results/temp/4703/quic_client_test_no_odci0.iev,0.0,0.0
lsquic,client,quic_client_test_no_odci,,Timeout sending ID,/results/temp/4754/quic_client_test_no_odci0.iev,0.0,0.0
picoquic,client,quic_client_test_no_odci,,No Error,/results/temp/4805/quic_client_test_no_odci0.iev,0.0,1.0
picoquic,client,quic_client_test_no_odci,,No Error,/results/temp/4856/quic_client_test_no_odci0.iev,0.0,1.0
aioquic,client,quic_client_test_no_odci,,Segmentation Fault 139,/results/temp/4907/quic_client_test_no_odci0.iev,0.0,0.0
aioquic,client,quic_client_test_no_odci,,Segmentation Fault 139,/results/temp/4958/quic_client_test_no_odci0.iev,0.0,0.0
quic-go,client,quic_client_test_ext_min_ack_delay,,frame.connection_close:{err_code:0x130},/results/temp/5060/quic_client_test_ext_min_ack_delay0.iev,0.0,0.0
mvfst,client,quic_client_test_ext_min_ack_delay,,Timeout binding ID,/results/temp/5111/quic_client_test_ext_min_ack_delay0.iev,0.0,0.0
mvfst,client,quic_client_test_ext_min_ack_delay,,Timeout binding ID,/results/temp/5162/quic_client_test_ext_min_ack_delay0.iev,0.0,0.0
picoquic,client,quic_client_test_ext_min_ack_delay,,Timeout sending ID,/results/temp/5315/quic_client_test_ext_min_ack_delay0.iev,0.0,0.0
picoquic,client,quic_client_test_ext_min_ack_delay,,Timeout sending ID,/results/temp/5366/quic_client_test_ext_min_ack_delay0.iev,0.0,0.0
aioquic,client,quic_client_test_ext_min_ack_delay,,Timeout sending ID,/results/temp/5417/quic_client_test_ext_min_ack_delay0.iev,0.0,0.0
aioquic,client,quic_client_test_ext_min_ack_delay,,Timeout sending ID,/results/temp/5468/quic_client_test_ext_min_ack_delay0.iev,0.0,0.0
quic-go,client,quic_client_test_max,,frame.connection_close:{err_code:0x130},/results/temp/25/quic_client_test_max0.iev,0.0,0.0
mvfst,client,quic_client_test_max,,Timeout binding ID,/results/temp/127/quic_client_test_max0.iev,0.0,0.0
mvfst,client,quic_client_test_max,,Timeout binding ID,/results/temp/178/quic_client_test_max0.iev,0.0,0.0
lsquic,client,quic_client_test_max,,"require conn_total_data(the_cid) > 0;""",/results/temp/229/quic_client_test_max0.iev,0.0,0.0
lsquic,client,quic_client_test_max,,"require conn_total_data(the_cid) > 0;""",/results/temp/280/quic_client_test_max0.iev,0.0,0.0
picoquic,client,quic_client_test_max,,frame.connection_close:{err_code:0x4},/results/temp/331/quic_client_test_max0.iev,0.0,0.0
picoquic,client,quic_client_test_max,,No Error,/results/temp/382/quic_client_test_max0.iev,0.0,1.0
aioquic,client,quic_client_test_max,,frame.connection_close:{err_code:0x5},/results/temp/433/quic_client_test_max0.iev,0.0,0.0
aioquic,client,quic_client_test_max,,frame.connection_close:{err_code:0x5},/results/temp/484/quic_client_test_max0.iev,0.0,0.0
aioquic,client,quic_client_test_max,,frame.connection_close:{err_code:0x5},/results/temp/434/quic_client_test_max0.iev,0.0,0.0
aioquic,client,quic_client_test_max,,No Error,/results/temp/485/quic_client_test_max0.iev,0.0,1.0
quic-go,client,quic_client_test_tp_error,,server_return_code(1)+timeout,/results/temp/522/quic_client_test_tp_error0.iev,0.0,0.0
mvfst,client,quic_client_test_tp_error,,Timeout binding ID,/results/temp/624/quic_client_test_tp_error0.iev,0.0,0.0
mvfst,client,quic_client_test_tp_error,,Timeout binding ID,/results/temp/675/quic_client_test_tp_error0.iev,0.0,0.0
lsquic,client,quic_client_test_tp_error,,Timeout sending ID,/results/temp/726/quic_client_test_tp_error0.iev,0.0,0.0
lsquic,client,quic_client_test_tp_error,,Timeout sending ID,/results/temp/777/quic_client_test_tp_error0.iev,0.0,0.0
picoquic,client,quic_client_test_tp_error,,Timeout sending ID,/results/temp/828/quic_client_test_tp_error0.iev,0.0,0.0
picoquic,client,quic_client_test_tp_error,,Timeout sending ID,/results/temp/879/quic_client_test_tp_error0.iev,0.0,0.0
aioquic,client,quic_client_test_tp_error,,Timeout sending ID,/results/temp/930/quic_client_test_tp_error0.iev,0.0,0.0
picoquic,client,quic_client_test_double_tp_error,,No Error,/results/temp/1338/quic_client_test_double_tp_error0.iev,0.0,1.0
picoquic,client,quic_client_test_double_tp_error,,No Error,/results/temp/1389/quic_client_test_double_tp_error0.iev,0.0,1.0
aioquic,client,quic_client_test_double_tp_error,,Timeout sending ID,/results/temp/1440/quic_client_test_double_tp_error0.iev,0.0,0.0
aioquic,client,quic_client_test_double_tp_error,,Timeout sending ID,/results/temp/1491/quic_client_test_double_tp_error0.iev,0.0,0.0
quic-go,client,quic_client_test_tp_acticoid_error,,frame.connection_close:{err_code:0x8},/results/temp/1593/quic_client_test_tp_acticoid_error0.iev,0.0,0.0
mvfst,client,quic_client_test_tp_acticoid_error,,Timeout binding ID,/results/temp/1644/quic_client_test_tp_acticoid_error0.iev,0.0,0.0
mvfst,client,quic_client_test_tp_acticoid_error,,Timeout binding ID,/results/temp/1695/quic_client_test_tp_acticoid_error0.iev,0.0,0.0
lsquic,client,quic_client_test_tp_acticoid_error,,Timeout sending ID,/results/temp/1797/quic_client_test_tp_acticoid_error0.iev,0.0,0.0
picoquic,client,quic_client_test_tp_acticoid_error,,Timeout sending ID,/results/temp/1848/quic_client_test_tp_acticoid_error0.iev,0.0,0.0
picoquic,client,quic_client_test_tp_acticoid_error,,Timeout sending ID,/results/temp/1899/quic_client_test_tp_acticoid_error0.iev,0.0,0.0
aioquic,client,quic_client_test_tp_acticoid_error,,Segmentation Fault 139,/results/temp/1950/quic_client_test_tp_acticoid_error0.iev,0.0,0.0
quic-go,client,quic_client_test_tp_limit_acticoid_error,,frame.connection_close:{err_code:0x130},/results/temp/2001/quic_client_test_tp_limit_acticoid_error0.iev,0.0,0.0
quic-go,client,quic_client_test_tp_limit_acticoid_error,,frame.connection_close:{err_code:0x130},/results/temp/2052/quic_client_test_tp_limit_acticoid_error0.iev,0.0,0.0
mvfst,client,quic_client_test_tp_limit_acticoid_error,,Timeout binding ID,/results/temp/2103/quic_client_test_tp_limit_acticoid_error0.iev,0.0,0.0
mvfst,client,quic_client_test_tp_limit_acticoid_error,,Timeout binding ID,/results/temp/2154/quic_client_test_tp_limit_acticoid_error0.iev,0.0,0.0
lsquic,client,quic_client_test_tp_limit_acticoid_error,,"require is_connection_id_limit_error;""",/results/temp/2256/quic_client_test_tp_limit_acticoid_error0.iev,0.0,0.0
picoquic,client,quic_client_test_tp_limit_acticoid_error,," require pkt.payload = queued_frames(scid);""",/results/temp/2307/quic_client_test_tp_limit_acticoid_error0.iev,0.0,0.0
picoquic,client,quic_client_test_tp_limit_acticoid_error,," require pkt.payload = queued_frames(scid);""",/results/temp/2358/quic_client_test_tp_limit_acticoid_error0.iev,0.0,0.0
aioquic,client,quic_client_test_tp_limit_acticoid_error,," require pkt.payload = queued_frames(scid);""",/results/temp/2409/quic_client_test_tp_limit_acticoid_error0.iev,0.0,0.0
aioquic,client,quic_client_test_tp_limit_acticoid_error,," require pkt.payload = queued_frames(scid);""",/results/temp/2460/quic_client_test_tp_limit_acticoid_error0.iev,0.0,0.0
quic-go,client,quic_client_test_retirecoid_error,,frame.connection_close:{err_code:0x130},/results/temp/2511/quic_client_test_retirecoid_error0.iev,0.0,0.0
mvfst,client,quic_client_test_retirecoid_error,,Timeout binding ID,/results/temp/2613/quic_client_test_retirecoid_error0.iev,0.0,0.0
mvfst,client,quic_client_test_retirecoid_error,,Timeout binding ID,/results/temp/2664/quic_client_test_retirecoid_error0.iev,0.0,0.0
lsquic,client,quic_client_test_retirecoid_error,,"require is_protocol_violation;""",/results/temp/2715/quic_client_test_retirecoid_error0.iev,0.0,0.0
lsquic,client,quic_client_test_retirecoid_error,,"require is_protocol_violation;""",/results/temp/2766/quic_client_test_retirecoid_error0.iev,0.0,0.0
picoquic,client,quic_client_test_retirecoid_error,," require pkt.payload = queued_frames(scid);""",/results/temp/2817/quic_client_test_retirecoid_error0.iev,0.0,0.0
picoquic,client,quic_client_test_retirecoid_error,," require pkt.payload = queued_frames(scid);""",/results/temp/2868/quic_client_test_retirecoid_error0.iev,0.0,0.0
aioquic,client,quic_client_test_retirecoid_error,,"require is_protocol_violation;""",/results/temp/2919/quic_client_test_retirecoid_error0.iev,0.0,0.0
aioquic,client,quic_client_test_retirecoid_error,," require pkt.payload = queued_frames(scid);""",/results/temp/2970/quic_client_test_retirecoid_error0.iev,0.0,0.0
quic-go,client,quic_client_test_newcoid_zero_error,,frame.connection_close:{err_code:0x130},/results/temp/3021/quic_client_test_newcoid_zero_error0.iev,0.0,0.0
quic-go,client,quic_client_test_newcoid_zero_error,,frame.connection_close:{err_code:0x130},/results/temp/3072/quic_client_test_newcoid_zero_error0.iev,0.0,0.0
mvfst,client,quic_client_test_newcoid_zero_error,,Timeout binding ID,/results/temp/3123/quic_client_test_newcoid_zero_error0.iev,0.0,0.0
mvfst,client,quic_client_test_newcoid_zero_error,,Timeout binding ID,/results/temp/3174/quic_client_test_newcoid_zero_error0.iev,0.0,0.0
lsquic,client,quic_client_test_newcoid_zero_error,,"require is_protocol_violation;""",/results/temp/3225/quic_client_test_newcoid_zero_error0.iev,0.0,0.0
picoquic,client,quic_client_test_newcoid_zero_error,,"	require num_queued_frames(scid) > 0 -> e = queued_level(scid);""",/results/temp/3327/quic_client_test_newcoid_zero_error0.iev,0.0,0.0
picoquic,client,quic_client_test_newcoid_zero_error,," require pkt.payload = queued_frames(scid);""",/results/temp/3378/quic_client_test_newcoid_zero_error0.iev,0.0,0.0
aioquic,client,quic_client_test_newcoid_zero_error,,"	require num_queued_frames(scid) > 0 -> e = queued_level(scid);""",/results/temp/3429/quic_client_test_newcoid_zero_error0.iev,0.0,0.0
aioquic,client,quic_client_test_newcoid_zero_error,," require pkt.payload = queued_frames(scid);""",/results/temp/3480/quic_client_test_newcoid_zero_error0.iev,0.0,0.0
quic-go,client,quic_client_test_accept_maxdata,,frame.connection_close:{err_code:0x130},/results/temp/3531/quic_client_test_accept_maxdata0.iev,0.0,0.0
quic-go,client,quic_client_test_accept_maxdata,,frame.connection_close:{err_code:0x130},/results/temp/3582/quic_client_test_accept_maxdata0.iev,0.0,0.0
mvfst,client,quic_client_test_accept_maxdata,,Timeout binding ID,/results/temp/3633/quic_client_test_accept_maxdata0.iev,0.0,0.0
mvfst,client,quic_client_test_accept_maxdata,,Timeout binding ID,/results/temp/3684/quic_client_test_accept_maxdata0.iev,0.0,0.0
lsquic,client,quic_client_test_accept_maxdata,,"require conn_total_data(the_cid) > 0;""",/results/temp/3735/quic_client_test_accept_maxdata0.iev,0.0,0.0
lsquic,client,quic_client_test_accept_maxdata,,"require conn_total_data(the_cid) > 0;""",/results/temp/3786/quic_client_test_accept_maxdata0.iev,0.0,0.0
picoquic,client,quic_client_test_accept_maxdata,,frame.connection_close:{err_code:0x4},/results/temp/3837/quic_client_test_accept_maxdata0.iev,0.0,0.0
picoquic,client,quic_client_test_accept_maxdata,,frame.connection_close:{err_code:0x4},/results/temp/3888/quic_client_test_accept_maxdata0.iev,0.0,0.0
aioquic,client,quic_client_test_accept_maxdata,,frame.connection_close:{err_code:0x5},/results/temp/3939/quic_client_test_accept_maxdata0.iev,0.0,0.0
aioquic,client,quic_client_test_accept_maxdata,,frame.connection_close:{err_code:0x5},/results/temp/3990/quic_client_test_accept_maxdata0.iev,0.0,0.0
quic-go,client,quic_client_test_tp_prefadd_error,,frame.connection_close:{err_code:0x130},/results/temp/4041/quic_client_test_tp_prefadd_error0.iev,0.0,0.0
quic-go,client,quic_client_test_tp_prefadd_error,,frame.connection_close:{err_code:0x130},/results/temp/4092/quic_client_test_tp_prefadd_error0.iev,0.0,0.0
mvfst,client,quic_client_test_tp_prefadd_error,,Timeout binding ID,/results/temp/4143/quic_client_test_tp_prefadd_error0.iev,0.0,0.0
mvfst,client,quic_client_test_tp_prefadd_error,,Timeout binding ID,/results/temp/4194/quic_client_test_tp_prefadd_error0.iev,0.0,0.0
lsquic,client,quic_client_test_tp_prefadd_error,,Timeout sending ID,/results/temp/4296/quic_client_test_tp_prefadd_error0.iev,0.0,0.0
picoquic,client,quic_client_test_tp_prefadd_error,,No Error,/results/temp/4347/quic_client_test_tp_prefadd_error0.iev,0.0,1.0
picoquic,client,quic_client_test_tp_prefadd_error,,No Error,/results/temp/4398/quic_client_test_tp_prefadd_error0.iev,0.0,1.0
aioquic,client,quic_client_test_tp_prefadd_error,,Timeout sending ID,/results/temp/4449/quic_client_test_tp_prefadd_error0.iev,0.0,0.0
mvfst,client,quic_client_test_no_odci,,Timeout binding ID,/results/temp/4602/quic_client_test_no_odci0.iev,0.0,0.0
mvfst,client,quic_client_test_no_odci,,Timeout binding ID,/results/temp/4653/quic_client_test_no_odci0.iev,0.0,0.0
lsquic,client,quic_client_test_no_odci,,Timeout sending ID,/results/temp/4704/quic_client_test_no_odci0.iev,0.0,0.0
lsquic,client,quic_client_test_no_odci,,Timeout sending ID,/results/temp/4755/quic_client_test_no_odci0.iev,0.0,0.0
picoquic,client,quic_client_test_no_odci,,No Error,/results/temp/4806/quic_client_test_no_odci0.iev,0.0,1.0
picoquic,client,quic_client_test_no_odci,,No Error,/results/temp/4857/quic_client_test_no_odci0.iev,0.0,1.0
aioquic,client,quic_client_test_no_odci,,Segmentation Fault 139,/results/temp/4908/quic_client_test_no_odci0.iev,0.0,0.0
aioquic,client,quic_client_test_no_odci,,Segmentation Fault 139,/results/temp/4959/quic_client_test_no_odci0.iev,0.0,0.0
quic-go,client,quic_client_test_ext_min_ack_delay,,frame.connection_close:{err_code:0x130},/results/temp/5010/quic_client_test_ext_min_ack_delay0.iev,0.0,0.0
mvfst,client,quic_client_test_ext_min_ack_delay,,Timeout binding ID,/results/temp/5112/quic_client_test_ext_min_ack_delay0.iev,0.0,0.0
mvfst,client,quic_client_test_ext_min_ack_delay,,Timeout binding ID,/results/temp/5163/quic_client_test_ext_min_ack_delay0.iev,0.0,0.0
lsquic,client,quic_client_test_ext_min_ack_delay,,Timeout sending ID,/results/temp/5265/quic_client_test_ext_min_ack_delay0.iev,0.0,0.0
picoquic,client,quic_client_test_ext_min_ack_delay,,Timeout sending ID,/results/temp/5316/quic_client_test_ext_min_ack_delay0.iev,0.0,0.0
picoquic,client,quic_client_test_ext_min_ack_delay,,Timeout sending ID,/results/temp/5367/quic_client_test_ext_min_ack_delay0.iev,0.0,0.0
aioquic,client,quic_client_test_ext_min_ack_delay,,Timeout sending ID,/results/temp/5418/quic_client_test_ext_min_ack_delay0.iev,0.0,0.0
aioquic,client,quic_client_test_ext_min_ack_delay,,Timeout sending ID,/results/temp/5469/quic_client_test_ext_min_ack_delay0.iev,0.0,0.0
aioquic,client,quic_client_test_tp_error,,Timeout sending ID,/results/temp/981/quic_client_test_tp_error0.iev,0.0,0.0
mvfst,client,quic_client_test_double_tp_error,,Timeout binding ID,/results/temp/1134/quic_client_test_double_tp_error0.iev,0.0,0.0
mvfst,client,quic_client_test_double_tp_error,,Timeout binding ID,/results/temp/1185/quic_client_test_double_tp_error0.iev,0.0,0.0
lsquic,client,quic_client_test_double_tp_error,,Timeout sending ID,/results/temp/1236/quic_client_test_double_tp_error0.iev,0.0,0.0
quic-go,client,quic_client_test_retirecoid_error,,Timeout binding ID,/results/temp/26/quic_client_test_retirecoid_error0.iev,0.0,0.0
quic-go,client,quic_client_test_max,,frame.connection_close:{err_code:0x130},/results/temp/26/quic_client_test_max0.iev,0.0,0.0
mvfst,client,quic_client_test_max,,Timeout binding ID,/results/temp/128/quic_client_test_max0.iev,0.0,0.0
mvfst,client,quic_client_test_max,,Timeout binding ID,/results/temp/179/quic_client_test_max0.iev,0.0,0.0
lsquic,client,quic_client_test_max,,"require conn_total_data(the_cid) > 0;""",/results/temp/230/quic_client_test_max0.iev,0.0,0.0
picoquic,client,quic_client_test_max,,No Error,/results/temp/332/quic_client_test_max0.iev,0.0,1.0
picoquic,client,quic_client_test_max,,No Error,/results/temp/383/quic_client_test_max0.iev,0.0,1.0
mvfst,client,quic_client_test_tp_error,,Timeout binding ID,/results/temp/676/quic_client_test_tp_error0.iev,0.0,0.0
lsquic,client,quic_client_test_tp_error,,Timeout sending ID,/results/temp/778/quic_client_test_tp_error0.iev,0.0,0.0
picoquic,client,quic_client_test_tp_error,,Timeout sending ID,/results/temp/829/quic_client_test_tp_error0.iev,0.0,0.0
picoquic,client,quic_client_test_tp_error,,Timeout sending ID,/results/temp/880/quic_client_test_tp_error0.iev,0.0,0.0
aioquic,client,quic_client_test_tp_error,,Timeout sending ID,/results/temp/931/quic_client_test_tp_error0.iev,0.0,0.0
aioquic,client,quic_client_test_tp_error,,Timeout sending ID,/results/temp/982/quic_client_test_tp_error0.iev,0.0,0.0
quic-go,client,quic_client_test_double_tp_error,,server_return_code(1)+timeout,/results/temp/1033/quic_client_test_double_tp_error0.iev,0.0,0.0
mvfst,client,quic_client_test_double_tp_error,,Timeout binding ID,/results/temp/1135/quic_client_test_double_tp_error0.iev,0.0,0.0
mvfst,client,quic_client_test_double_tp_error,,Timeout binding ID,/results/temp/1186/quic_client_test_double_tp_error0.iev,0.0,0.0
lsquic,client,quic_client_test_double_tp_error,,Timeout sending ID,/results/temp/1288/quic_client_test_double_tp_error0.iev,0.0,0.0
picoquic,client,quic_client_test_double_tp_error,,No Error,/results/temp/1339/quic_client_test_double_tp_error0.iev,0.0,1.0
picoquic,client,quic_client_test_double_tp_error,,No Error,/results/temp/1390/quic_client_test_double_tp_error0.iev,0.0,1.0
aioquic,client,quic_client_test_double_tp_error,,Timeout sending ID,/results/temp/1441/quic_client_test_double_tp_error0.iev,0.0,0.0
aioquic,client,quic_client_test_double_tp_error,,Timeout sending ID,/results/temp/1492/quic_client_test_double_tp_error0.iev,0.0,0.0
mvfst,client,quic_client_test_tp_acticoid_error,,Timeout binding ID,/results/temp/1645/quic_client_test_tp_acticoid_error0.iev,0.0,0.0
mvfst,client,quic_client_test_tp_acticoid_error,,Timeout binding ID,/results/temp/1696/quic_client_test_tp_acticoid_error0.iev,0.0,0.0
lsquic,client,quic_client_test_tp_acticoid_error,,Timeout sending ID,/results/temp/1747/quic_client_test_tp_acticoid_error0.iev,0.0,0.0
picoquic,client,quic_client_test_tp_acticoid_error,,Timeout sending ID,/results/temp/1849/quic_client_test_tp_acticoid_error0.iev,0.0,0.0
aioquic,client,quic_client_test_tp_acticoid_error,,Segmentation Fault 139,/results/temp/1900/quic_client_test_tp_acticoid_error0.iev,0.0,0.0
aioquic,client,quic_client_test_tp_acticoid_error,,Segmentation Fault 139,/results/temp/1951/quic_client_test_tp_acticoid_error0.iev,0.0,0.0
mvfst,client,quic_client_test_tp_limit_acticoid_error,,Timeout binding ID,/results/temp/2104/quic_client_test_tp_limit_acticoid_error0.iev,0.0,0.0
mvfst,client,quic_client_test_tp_limit_acticoid_error,,Timeout binding ID,/results/temp/2155/quic_client_test_tp_limit_acticoid_error0.iev,0.0,0.0
lsquic,client,quic_client_test_tp_limit_acticoid_error,,"require is_connection_id_limit_error;""",/results/temp/2257/quic_client_test_tp_limit_acticoid_error0.iev,0.0,0.0
picoquic,client,quic_client_test_tp_limit_acticoid_error,," require pkt.payload = queued_frames(scid);""",/results/temp/2308/quic_client_test_tp_limit_acticoid_error0.iev,0.0,0.0
picoquic,client,quic_client_test_tp_limit_acticoid_error,," require pkt.payload = queued_frames(scid);""",/results/temp/2359/quic_client_test_tp_limit_acticoid_error0.iev,0.0,0.0
aioquic,client,quic_client_test_tp_limit_acticoid_error,," require pkt.payload = queued_frames(scid);""",/results/temp/2410/quic_client_test_tp_limit_acticoid_error0.iev,0.0,0.0
aioquic,client,quic_client_test_tp_limit_acticoid_error,," require pkt.payload = queued_frames(scid);""",/results/temp/2461/quic_client_test_tp_limit_acticoid_error0.iev,0.0,0.0
quic-go,client,quic_client_test_retirecoid_error,,frame.connection_close:{err_code:0x130},/results/temp/2563/quic_client_test_retirecoid_error0.iev,0.0,0.0
mvfst,client,quic_client_test_retirecoid_error,,Timeout binding ID,/results/temp/2614/quic_client_test_retirecoid_error0.iev,0.0,0.0
mvfst,client,quic_client_test_retirecoid_error,,Timeout binding ID,/results/temp/2665/quic_client_test_retirecoid_error0.iev,0.0,0.0
picoquic,client,quic_client_test_retirecoid_error,," require pkt.payload = queued_frames(scid);""",/results/temp/2818/quic_client_test_retirecoid_error0.iev,0.0,0.0
picoquic,client,quic_client_test_retirecoid_error,," require pkt.payload = queued_frames(scid);""",/results/temp/2869/quic_client_test_retirecoid_error0.iev,0.0,0.0
aioquic,client,quic_client_test_retirecoid_error,," require pkt.payload = queued_frames(scid);""",/results/temp/2920/quic_client_test_retirecoid_error0.iev,0.0,0.0
aioquic,client,quic_client_test_retirecoid_error,," require pkt.payload = queued_frames(scid);""",/results/temp/2971/quic_client_test_retirecoid_error0.iev,0.0,0.0
quic-go,client,quic_client_test_newcoid_zero_error,,frame.connection_close:{err_code:0x130},/results/temp/3022/quic_client_test_newcoid_zero_error0.iev,0.0,0.0
quic-go,client,quic_client_test_newcoid_zero_error,,frame.connection_close:{err_code:0x130},/results/temp/3073/quic_client_test_newcoid_zero_error0.iev,0.0,0.0
mvfst,client,quic_client_test_newcoid_zero_error,,Timeout binding ID,/results/temp/3124/quic_client_test_newcoid_zero_error0.iev,0.0,0.0
mvfst,client,quic_client_test_newcoid_zero_error,,Timeout binding ID,/results/temp/3175/quic_client_test_newcoid_zero_error0.iev,0.0,0.0
lsquic,client,quic_client_test_newcoid_zero_error,,"require is_protocol_violation;""",/results/temp/3226/quic_client_test_newcoid_zero_error0.iev,0.0,0.0
lsquic,client,quic_client_test_newcoid_zero_error,,"require is_protocol_violation;""",/results/temp/3277/quic_client_test_newcoid_zero_error0.iev,0.0,0.0
picoquic,client,quic_client_test_newcoid_zero_error,," require pkt.payload = queued_frames(scid);""",/results/temp/3328/quic_client_test_newcoid_zero_error0.iev,0.0,0.0
picoquic,client,quic_client_test_newcoid_zero_error,," require pkt.payload = queued_frames(scid);""",/results/temp/3379/quic_client_test_newcoid_zero_error0.iev,0.0,0.0
aioquic,client,quic_client_test_newcoid_zero_error,," require pkt.payload = queued_frames(scid);""",/results/temp/3430/quic_client_test_newcoid_zero_error0.iev,0.0,0.0
aioquic,client,quic_client_test_newcoid_zero_error,," require pkt.payload = queued_frames(scid);""",/results/temp/3481/quic_client_test_newcoid_zero_error0.iev,0.0,0.0
quic-go,client,quic_client_test_accept_maxdata,,frame.connection_close:{err_code:0x130},/results/temp/3532/quic_client_test_accept_maxdata0.iev,0.0,0.0
mvfst,client,quic_client_test_accept_maxdata,,Timeout binding ID,/results/temp/3634/quic_client_test_accept_maxdata0.iev,0.0,0.0
mvfst,client,quic_client_test_accept_maxdata,,Timeout binding ID,/results/temp/3685/quic_client_test_accept_maxdata0.iev,0.0,0.0
lsquic,client,quic_client_test_accept_maxdata,,"require conn_total_data(the_cid) > 0;""",/results/temp/3736/quic_client_test_accept_maxdata0.iev,0.0,0.0
lsquic,client,quic_client_test_accept_maxdata,,"require conn_total_data(the_cid) > 0;""",/results/temp/3787/quic_client_test_accept_maxdata0.iev,0.0,0.0
picoquic,client,quic_client_test_accept_maxdata,,frame.connection_close:{err_code:0x4},/results/temp/3838/quic_client_test_accept_maxdata0.iev,0.0,0.0
picoquic,client,quic_client_test_accept_maxdata,,frame.connection_close:{err_code:0x4},/results/temp/3889/quic_client_test_accept_maxdata0.iev,0.0,0.0
aioquic,client,quic_client_test_accept_maxdata,,frame.connection_close:{err_code:0x5},/results/temp/3940/quic_client_test_accept_maxdata0.iev,0.0,0.0
aioquic,client,quic_client_test_accept_maxdata,,frame.connection_close:{err_code:0x5},/results/temp/3991/quic_client_test_accept_maxdata0.iev,0.0,0.0
quic-go,client,quic_client_test_tp_prefadd_error,,frame.connection_close:{err_code:0x130},/results/temp/4093/quic_client_test_tp_prefadd_error0.iev,0.0,0.0
mvfst,client,quic_client_test_tp_prefadd_error,,Timeout binding ID,/results/temp/4144/quic_client_test_tp_prefadd_error0.iev,0.0,0.0
mvfst,client,quic_client_test_tp_prefadd_error,,Timeout binding ID,/results/temp/4195/quic_client_test_tp_prefadd_error0.iev,0.0,0.0
lsquic,client,quic_client_test_tp_prefadd_error,,Timeout sending ID,/results/temp/4246/quic_client_test_tp_prefadd_error0.iev,0.0,0.0
lsquic,client,quic_client_test_tp_prefadd_error,,Timeout sending ID,/results/temp/4297/quic_client_test_tp_prefadd_error0.iev,0.0,0.0
picoquic,client,quic_client_test_tp_prefadd_error,,No Error,/results/temp/4348/quic_client_test_tp_prefadd_error0.iev,0.0,1.0
picoquic,client,quic_client_test_tp_prefadd_error,,No Error,/results/temp/4399/quic_client_test_tp_prefadd_error0.iev,0.0,1.0
aioquic,client,quic_client_test_tp_prefadd_error,,Timeout sending ID,/results/temp/4450/quic_client_test_tp_prefadd_error0.iev,0.0,0.0
quic-go,client,quic_client_test_no_odci,,server_return_code(1)+timeout,/results/temp/4501/quic_client_test_no_odci0.iev,0.0,0.0
quic-go,client,quic_client_test_no_odci,,server_return_code(1)+timeout,/results/temp/4552/quic_client_test_no_odci0.iev,0.0,0.0
mvfst,client,quic_client_test_no_odci,,Timeout binding ID,/results/temp/4603/quic_client_test_no_odci0.iev,0.0,0.0
mvfst,client,quic_client_test_no_odci,,Timeout binding ID,/results/temp/4654/quic_client_test_no_odci0.iev,0.0,0.0
lsquic,client,quic_client_test_no_odci,,Timeout sending ID,/results/temp/4705/quic_client_test_no_odci0.iev,0.0,0.0
lsquic,client,quic_client_test_no_odci,,Timeout sending ID,/results/temp/4756/quic_client_test_no_odci0.iev,0.0,0.0
picoquic,client,quic_client_test_no_odci,,No Error,/results/temp/4807/quic_client_test_no_odci0.iev,0.0,1.0
picoquic,client,quic_client_test_no_odci,,No Error,/results/temp/4858/quic_client_test_no_odci0.iev,0.0,1.0
aioquic,client,quic_client_test_no_odci,,Segmentation Fault 139,/results/temp/4909/quic_client_test_no_odci0.iev,0.0,0.0
aioquic,client,quic_client_test_no_odci,,Segmentation Fault 139,/results/temp/4960/quic_client_test_no_odci0.iev,0.0,0.0
quic-go,client,quic_client_test_ext_min_ack_delay,,frame.connection_close:{err_code:0x130},/results/temp/5011/quic_client_test_ext_min_ack_delay0.iev,0.0,0.0
quic-go,client,quic_client_test_ext_min_ack_delay,,frame.connection_close:{err_code:0x130},/results/temp/5062/quic_client_test_ext_min_ack_delay0.iev,0.0,0.0
mvfst,client,quic_client_test_ext_min_ack_delay,,Timeout binding ID,/results/temp/5113/quic_client_test_ext_min_ack_delay0.iev,0.0,0.0
mvfst,client,quic_client_test_ext_min_ack_delay,,Timeout binding ID,/results/temp/5164/quic_client_test_ext_min_ack_delay0.iev,0.0,0.0
lsquic,client,quic_client_test_ext_min_ack_delay,,Timeout sending ID,/results/temp/5215/quic_client_test_ext_min_ack_delay0.iev,0.0,0.0
picoquic,client,quic_client_test_ext_min_ack_delay,,Timeout sending ID,/results/temp/5317/quic_client_test_ext_min_ack_delay0.iev,0.0,0.0
picoquic,client,quic_client_test_ext_min_ack_delay,,Timeout sending ID,/results/temp/5368/quic_client_test_ext_min_ack_delay0.iev,0.0,0.0
aioquic,client,quic_client_test_ext_min_ack_delay,,Timeout sending ID,/results/temp/5419/quic_client_test_ext_min_ack_delay0.iev,0.0,0.0
aioquic,client,quic_client_test_ext_min_ack_delay,,Timeout sending ID,/results/temp/5470/quic_client_test_ext_min_ack_delay0.iev,0.0,0.0
quic-go,client,quic_client_test_max,,frame.connection_close:{err_code:0x130},/results/temp/27/quic_client_test_max0.iev,0.0,0.0
quic-go,client,quic_client_test_max,,frame.connection_close:{err_code:0x130},/results/temp/78/quic_client_test_max0.iev,0.0,0.0
mvfst,client,quic_client_test_max,,Timeout binding ID,/results/temp/129/quic_client_test_max0.iev,0.0,0.0
mvfst,client,quic_client_test_max,,Timeout binding ID,/results/temp/180/quic_client_test_max0.iev,0.0,0.0
lsquic,client,quic_client_test_max,,"require conn_total_data(the_cid) > 0;""",/results/temp/231/quic_client_test_max0.iev,0.0,0.0
lsquic,client,quic_client_test_max,,"require conn_total_data(the_cid) > 0;""",/results/temp/282/quic_client_test_max0.iev,0.0,0.0
picoquic,client,quic_client_test_max,,frame.connection_close:{err_code:0x4},/results/temp/333/quic_client_test_max0.iev,0.0,0.0
picoquic,client,quic_client_test_max,,No Error,/results/temp/384/quic_client_test_max0.iev,0.0,1.0
aioquic,client,quic_client_test_max,,No Error,/results/temp/435/quic_client_test_max0.iev,0.0,1.0
aioquic,client,quic_client_test_max,,No Error,/results/temp/486/quic_client_test_max0.iev,0.0,1.0
quic-go,client,quic_client_test_tp_error,,server_return_code(1)+timeout,/results/temp/574/quic_client_test_tp_error0.iev,0.0,0.0
mvfst,client,quic_client_test_tp_error,,Timeout binding ID,/results/temp/625/quic_client_test_tp_error0.iev,0.0,0.0
picoquic,client,quic_client_test_max,,"require stream_id_allowed(dcid,f.id);  # [6]""",/results/temp/385/quic_client_test_max0.iev,0.0,0.0
aioquic,client,quic_client_test_max,,No Error,/results/temp/436/quic_client_test_max0.iev,0.0,1.0
aioquic,client,quic_client_test_max,,No Error,/results/temp/487/quic_client_test_max0.iev,0.0,1.0
quic-go,client,quic_client_test_tp_error,,server_return_code(1)+timeout,/results/temp/524/quic_client_test_tp_error0.iev,0.0,0.0
quic-go,client,quic_client_test_tp_error,,server_return_code(1)+timeout,/results/temp/575/quic_client_test_tp_error0.iev,0.0,0.0
mvfst,client,quic_client_test_tp_error,,Timeout binding ID,/results/temp/626/quic_client_test_tp_error0.iev,0.0,0.0
mvfst,client,quic_client_test_tp_error,,Timeout binding ID,/results/temp/677/quic_client_test_tp_error0.iev,0.0,0.0
lsquic,client,quic_client_test_tp_error,,Timeout sending ID,/results/temp/779/quic_client_test_tp_error0.iev,0.0,0.0
picoquic,client,quic_client_test_tp_error,,Timeout sending ID,/results/temp/830/quic_client_test_tp_error0.iev,0.0,0.0
picoquic,client,quic_client_test_tp_error,,Timeout sending ID,/results/temp/881/quic_client_test_tp_error0.iev,0.0,0.0
aioquic,client,quic_client_test_tp_error,,Timeout sending ID,/results/temp/932/quic_client_test_tp_error0.iev,0.0,0.0
aioquic,client,quic_client_test_double_tp_error,,Timeout sending ID,/results/temp/1442/quic_client_test_double_tp_error0.iev,0.0,0.0
aioquic,client,quic_client_test_double_tp_error,,Timeout sending ID,/results/temp/1493/quic_client_test_double_tp_error0.iev,0.0,0.0
quic-go,client,quic_client_test_tp_acticoid_error,,frame.connection_close:{err_code:0x8},/results/temp/1544/quic_client_test_tp_acticoid_error0.iev,0.0,0.0
quic-go,client,quic_client_test_tp_acticoid_error,,frame.connection_close:{err_code:0x8},/results/temp/1595/quic_client_test_tp_acticoid_error0.iev,0.0,0.0
mvfst,client,quic_client_test_tp_acticoid_error,,Timeout binding ID,/results/temp/1646/quic_client_test_tp_acticoid_error0.iev,0.0,0.0
mvfst,client,quic_client_test_tp_acticoid_error,,Timeout binding ID,/results/temp/1697/quic_client_test_tp_acticoid_error0.iev,0.0,0.0
lsquic,client,quic_client_test_tp_acticoid_error,,Timeout sending ID,/results/temp/1748/quic_client_test_tp_acticoid_error0.iev,0.0,0.0
lsquic,client,quic_client_test_tp_acticoid_error,,Timeout sending ID,/results/temp/1799/quic_client_test_tp_acticoid_error0.iev,0.0,0.0
picoquic,client,quic_client_test_tp_acticoid_error,,Timeout sending ID,/results/temp/1850/quic_client_test_tp_acticoid_error0.iev,0.0,0.0
aioquic,client,quic_client_test_tp_acticoid_error,,Segmentation Fault 139,/results/temp/1901/quic_client_test_tp_acticoid_error0.iev,0.0,0.0
aioquic,client,quic_client_test_tp_acticoid_error,,Segmentation Fault 139,/results/temp/1952/quic_client_test_tp_acticoid_error0.iev,0.0,0.0
quic-go,client,quic_client_test_tp_limit_acticoid_error,,frame.connection_close:{err_code:0x130},/results/temp/2003/quic_client_test_tp_limit_acticoid_error0.iev,0.0,0.0
quic-go,client,quic_client_test_tp_limit_acticoid_error,,frame.connection_close:{err_code:0x130},/results/temp/2054/quic_client_test_tp_limit_acticoid_error0.iev,0.0,0.0
mvfst,client,quic_client_test_tp_limit_acticoid_error,,Timeout binding ID,/results/temp/2105/quic_client_test_tp_limit_acticoid_error0.iev,0.0,0.0
mvfst,client,quic_client_test_tp_limit_acticoid_error,,Timeout binding ID,/results/temp/2156/quic_client_test_tp_limit_acticoid_error0.iev,0.0,0.0
lsquic,client,quic_client_test_tp_limit_acticoid_error,,"require is_connection_id_limit_error;""",/results/temp/2207/quic_client_test_tp_limit_acticoid_error0.iev,0.0,0.0
lsquic,client,quic_client_test_tp_limit_acticoid_error,,"require is_connection_id_limit_error;""",/results/temp/2258/quic_client_test_tp_limit_acticoid_error0.iev,0.0,0.0
picoquic,client,quic_client_test_tp_limit_acticoid_error,," require pkt.payload = queued_frames(scid);""",/results/temp/2309/quic_client_test_tp_limit_acticoid_error0.iev,0.0,0.0
picoquic,client,quic_client_test_tp_limit_acticoid_error,," require pkt.payload = queued_frames(scid);""",/results/temp/2360/quic_client_test_tp_limit_acticoid_error0.iev,0.0,0.0
aioquic,client,quic_client_test_tp_limit_acticoid_error,," require pkt.payload = queued_frames(scid);""",/results/temp/2411/quic_client_test_tp_limit_acticoid_error0.iev,0.0,0.0
aioquic,client,quic_client_test_tp_limit_acticoid_error,," require pkt.payload = queued_frames(scid);""",/results/temp/2462/quic_client_test_tp_limit_acticoid_error0.iev,0.0,0.0
quic-go,client,quic_client_test_retirecoid_error,,frame.connection_close:{err_code:0x130},/results/temp/2513/quic_client_test_retirecoid_error0.iev,0.0,0.0
mvfst,client,quic_client_test_retirecoid_error,,Timeout binding ID,/results/temp/2615/quic_client_test_retirecoid_error0.iev,0.0,0.0
mvfst,client,quic_client_test_retirecoid_error,,Timeout binding ID,/results/temp/2666/quic_client_test_retirecoid_error0.iev,0.0,0.0
lsquic,client,quic_client_test_retirecoid_error,,"require is_protocol_violation;""",/results/temp/2768/quic_client_test_retirecoid_error0.iev,0.0,0.0
picoquic,client,quic_client_test_retirecoid_error,," require pkt.payload = queued_frames(scid);""",/results/temp/2819/quic_client_test_retirecoid_error0.iev,0.0,0.0
picoquic,client,quic_client_test_retirecoid_error,," require pkt.payload = queued_frames(scid);""",/results/temp/2870/quic_client_test_retirecoid_error0.iev,0.0,0.0
aioquic,client,quic_client_test_retirecoid_error,," require pkt.payload = queued_frames(scid);""",/results/temp/2921/quic_client_test_retirecoid_error0.iev,0.0,0.0
aioquic,client,quic_client_test_retirecoid_error,," require pkt.payload = queued_frames(scid);""",/results/temp/2972/quic_client_test_retirecoid_error0.iev,0.0,0.0
quic-go,client,quic_client_test_newcoid_zero_error,,frame.connection_close:{err_code:0x130},/results/temp/3023/quic_client_test_newcoid_zero_error0.iev,0.0,0.0
quic-go,client,quic_client_test_newcoid_zero_error,,frame.connection_close:{err_code:0x130},/results/temp/3074/quic_client_test_newcoid_zero_error0.iev,0.0,0.0
mvfst,client,quic_client_test_newcoid_zero_error,,Timeout binding ID,/results/temp/3125/quic_client_test_newcoid_zero_error0.iev,0.0,0.0
mvfst,client,quic_client_test_newcoid_zero_error,,Timeout binding ID,/results/temp/3176/quic_client_test_newcoid_zero_error0.iev,0.0,0.0
lsquic,client,quic_client_test_newcoid_zero_error,,"require is_protocol_violation;""",/results/temp/3227/quic_client_test_newcoid_zero_error0.iev,0.0,0.0
lsquic,client,quic_client_test_newcoid_zero_error,,"require is_protocol_violation;""",/results/temp/3278/quic_client_test_newcoid_zero_error0.iev,0.0,0.0
picoquic,client,quic_client_test_newcoid_zero_error,," require pkt.payload = queued_frames(scid);""",/results/temp/3329/quic_client_test_newcoid_zero_error0.iev,0.0,0.0
picoquic,client,quic_client_test_newcoid_zero_error,," require pkt.payload = queued_frames(scid);""",/results/temp/3380/quic_client_test_newcoid_zero_error0.iev,0.0,0.0
aioquic,client,quic_client_test_newcoid_zero_error,," require pkt.payload = queued_frames(scid);""",/results/temp/3431/quic_client_test_newcoid_zero_error0.iev,0.0,0.0
aioquic,client,quic_client_test_newcoid_zero_error,," require pkt.payload = queued_frames(scid);""",/results/temp/3482/quic_client_test_newcoid_zero_error0.iev,0.0,0.0
quic-go,client,quic_client_test_accept_maxdata,,frame.connection_close:{err_code:0x130},/results/temp/3533/quic_client_test_accept_maxdata0.iev,0.0,0.0
quic-go,client,quic_client_test_accept_maxdata,,frame.connection_close:{err_code:0x130},/results/temp/3584/quic_client_test_accept_maxdata0.iev,0.0,0.0
mvfst,client,quic_client_test_accept_maxdata,,Timeout binding ID,/results/temp/3635/quic_client_test_accept_maxdata0.iev,0.0,0.0
mvfst,client,quic_client_test_accept_maxdata,,Timeout binding ID,/results/temp/3686/quic_client_test_accept_maxdata0.iev,0.0,0.0
lsquic,client,quic_client_test_accept_maxdata,,"require conn_total_data(the_cid) > 0;""",/results/temp/3737/quic_client_test_accept_maxdata0.iev,0.0,0.0
picoquic,client,quic_client_test_accept_maxdata,,frame.connection_close:{err_code:0x4},/results/temp/3839/quic_client_test_accept_maxdata0.iev,0.0,0.0
picoquic,client,quic_client_test_accept_maxdata,,frame.connection_close:{err_code:0x4},/results/temp/3890/quic_client_test_accept_maxdata0.iev,0.0,0.0
aioquic,client,quic_client_test_accept_maxdata,,frame.connection_close:{err_code:0x5},/results/temp/3941/quic_client_test_accept_maxdata0.iev,0.0,0.0
aioquic,client,quic_client_test_accept_maxdata,,frame.connection_close:{err_code:0x5},/results/temp/3992/quic_client_test_accept_maxdata0.iev,0.0,0.0
quic-go,client,quic_client_test_tp_prefadd_error,,frame.connection_close:{err_code:0x130},/results/temp/4043/quic_client_test_tp_prefadd_error0.iev,0.0,0.0
mvfst,client,quic_client_test_tp_prefadd_error,,Timeout binding ID,/results/temp/4145/quic_client_test_tp_prefadd_error0.iev,0.0,0.0
mvfst,client,quic_client_test_tp_prefadd_error,,Timeout binding ID,/results/temp/4196/quic_client_test_tp_prefadd_error0.iev,0.0,0.0
lsquic,client,quic_client_test_tp_prefadd_error,,Timeout sending ID,/results/temp/4247/quic_client_test_tp_prefadd_error0.iev,0.0,0.0
lsquic,client,quic_client_test_tp_prefadd_error,,Timeout sending ID,/results/temp/4298/quic_client_test_tp_prefadd_error0.iev,0.0,0.0
picoquic,client,quic_client_test_tp_prefadd_error,,No Error,/results/temp/4349/quic_client_test_tp_prefadd_error0.iev,0.0,1.0
aioquic,client,quic_client_test_tp_prefadd_error,,Timeout sending ID,/results/temp/4400/quic_client_test_tp_prefadd_error0.iev,0.0,0.0
aioquic,client,quic_client_test_tp_prefadd_error,,Timeout sending ID,/results/temp/4451/quic_client_test_tp_prefadd_error0.iev,0.0,0.0
quic-go,client,quic_client_test_no_odci,,server_return_code(1)+timeout,/results/temp/4502/quic_client_test_no_odci0.iev,0.0,0.0
mvfst,client,quic_client_test_no_odci,,Timeout binding ID,/results/temp/4604/quic_client_test_no_odci0.iev,0.0,0.0
mvfst,client,quic_client_test_no_odci,,Timeout binding ID,/results/temp/4655/quic_client_test_no_odci0.iev,0.0,0.0
picoquic,client,quic_client_test_no_odci,,No Error,/results/temp/4808/quic_client_test_no_odci0.iev,0.0,1.0
picoquic,client,quic_client_test_no_odci,,No Error,/results/temp/4859/quic_client_test_no_odci0.iev,0.0,1.0
aioquic,client,quic_client_test_no_odci,,Segmentation Fault 139,/results/temp/4910/quic_client_test_no_odci0.iev,0.0,0.0
aioquic,client,quic_client_test_no_odci,,Segmentation Fault 139,/results/temp/4961/quic_client_test_no_odci0.iev,0.0,0.0
quic-go,client,quic_client_test_ext_min_ack_delay,,frame.connection_close:{err_code:0x130},/results/temp/5012/quic_client_test_ext_min_ack_delay0.iev,0.0,0.0
quic-go,client,quic_client_test_ext_min_ack_delay,,frame.connection_close:{err_code:0x130},/results/temp/5063/quic_client_test_ext_min_ack_delay0.iev,0.0,0.0
mvfst,client,quic_client_test_ext_min_ack_delay,,Timeout binding ID,/results/temp/5114/quic_client_test_ext_min_ack_delay0.iev,0.0,0.0
mvfst,client,quic_client_test_ext_min_ack_delay,,Timeout binding ID,/results/temp/5165/quic_client_test_ext_min_ack_delay0.iev,0.0,0.0
lsquic,client,quic_client_test_ext_min_ack_delay,,Timeout sending ID,/results/temp/5216/quic_client_test_ext_min_ack_delay0.iev,0.0,0.0
picoquic,client,quic_client_test_ext_min_ack_delay,,Timeout sending ID,/results/temp/5318/quic_client_test_ext_min_ack_delay0.iev,0.0,0.0
picoquic,client,quic_client_test_ext_min_ack_delay,,Timeout sending ID,/results/temp/5369/quic_client_test_ext_min_ack_delay0.iev,0.0,0.0
aioquic,client,quic_client_test_ext_min_ack_delay,,Timeout sending ID,/results/temp/5420/quic_client_test_ext_min_ack_delay0.iev,0.0,0.0
aioquic,client,quic_client_test_ext_min_ack_delay,,Timeout sending ID,/results/temp/5471/quic_client_test_ext_min_ack_delay0.iev,0.0,0.0
aioquic,client,quic_client_test_tp_error,,Timeout sending ID,/results/temp/983/quic_client_test_tp_error0.iev,0.0,0.0
quic-go,client,quic_client_test_double_tp_error,,server_return_code(1)+timeout,/results/temp/1034/quic_client_test_double_tp_error0.iev,0.0,0.0
quic-go,client,quic_client_test_double_tp_error,,server_return_code(1)+timeout,/results/temp/1085/quic_client_test_double_tp_error0.iev,0.0,0.0
mvfst,client,quic_client_test_double_tp_error,,Timeout binding ID,/results/temp/1136/quic_client_test_double_tp_error0.iev,0.0,0.0
mvfst,client,quic_client_test_double_tp_error,,Timeout binding ID,/results/temp/1187/quic_client_test_double_tp_error0.iev,0.0,0.0
lsquic,client,quic_client_test_double_tp_error,,Timeout sending ID,/results/temp/1238/quic_client_test_double_tp_error0.iev,0.0,0.0
picoquic,client,quic_client_test_double_tp_error,,No Error,/results/temp/1340/quic_client_test_double_tp_error0.iev,0.0,1.0
picoquic,client,quic_client_test_double_tp_error,,No Error,/results/temp/1391/quic_client_test_double_tp_error0.iev,0.0,1.0
quic-go,client,quic_client_test_retirecoid_error,,"	require num_queued_frames(scid) > 0 -> e = queued_level(scid);""",/results/temp/28/quic_client_test_retirecoid_error0.iev,0.0,0.0
quic-go,client,quic_client_test_max,,frame.connection_close:{err_code:0x130},/results/temp/79/quic_client_test_max0.iev,0.0,0.0
mvfst,client,quic_client_test_max,,Timeout binding ID,/results/temp/130/quic_client_test_max0.iev,0.0,0.0
mvfst,client,quic_client_test_max,,Timeout binding ID,/results/temp/181/quic_client_test_max0.iev,0.0,0.0
picoquic,client,quic_client_test_max,,No Error,/results/temp/334/quic_client_test_max0.iev,0.0,1.0
mvfst,client,quic_client_test_tp_error,,Timeout binding ID,/results/temp/627/quic_client_test_tp_error0.iev,0.0,0.0
mvfst,client,quic_client_test_tp_error,,Timeout binding ID,/results/temp/678/quic_client_test_tp_error0.iev,0.0,0.0
lsquic,client,quic_client_test_tp_error,,Timeout sending ID,/results/temp/729/quic_client_test_tp_error0.iev,0.0,0.0
picoquic,client,quic_client_test_double_tp_error,,No Error,/results/temp/1392/quic_client_test_double_tp_error0.iev,0.0,1.0
aioquic,client,quic_client_test_double_tp_error,,Timeout sending ID,/results/temp/1443/quic_client_test_double_tp_error0.iev,0.0,0.0
aioquic,client,quic_client_test_double_tp_error,,Timeout sending ID,/results/temp/1494/quic_client_test_double_tp_error0.iev,0.0,0.0
quic-go,client,quic_client_test_tp_acticoid_error,,frame.connection_close:{err_code:0x8},/results/temp/1545/quic_client_test_tp_acticoid_error0.iev,0.0,0.0
quic-go,client,quic_client_test_tp_acticoid_error,,frame.connection_close:{err_code:0x8},/results/temp/1596/quic_client_test_tp_acticoid_error0.iev,0.0,0.0
mvfst,client,quic_client_test_tp_acticoid_error,,Timeout binding ID,/results/temp/1647/quic_client_test_tp_acticoid_error0.iev,0.0,0.0
mvfst,client,quic_client_test_tp_acticoid_error,,Timeout binding ID,/results/temp/1698/quic_client_test_tp_acticoid_error0.iev,0.0,0.0
lsquic,client,quic_client_test_tp_acticoid_error,,Timeout sending ID,/results/temp/1749/quic_client_test_tp_acticoid_error0.iev,0.0,0.0
picoquic,client,quic_client_test_tp_acticoid_error,,Timeout sending ID,/results/temp/1800/quic_client_test_tp_acticoid_error0.iev,0.0,0.0
picoquic,client,quic_client_test_tp_acticoid_error,,Timeout sending ID,/results/temp/1851/quic_client_test_tp_acticoid_error0.iev,0.0,0.0
aioquic,client,quic_client_test_tp_acticoid_error,,Segmentation Fault 139,/results/temp/1902/quic_client_test_tp_acticoid_error0.iev,0.0,0.0
aioquic,client,quic_client_test_tp_acticoid_error,,Segmentation Fault 139,/results/temp/1953/quic_client_test_tp_acticoid_error0.iev,0.0,0.0
quic-go,client,quic_client_test_tp_limit_acticoid_error,,frame.connection_close:{err_code:0x130},/results/temp/2004/quic_client_test_tp_limit_acticoid_error0.iev,0.0,0.0
mvfst,client,quic_client_test_tp_limit_acticoid_error,,Timeout binding ID,/results/temp/2106/quic_client_test_tp_limit_acticoid_error0.iev,0.0,0.0
mvfst,client,quic_client_test_tp_limit_acticoid_error,,Timeout binding ID,/results/temp/2157/quic_client_test_tp_limit_acticoid_error0.iev,0.0,0.0
lsquic,client,quic_client_test_tp_limit_acticoid_error,,"require is_connection_id_limit_error;""",/results/temp/2208/quic_client_test_tp_limit_acticoid_error0.iev,0.0,0.0
lsquic,client,quic_client_test_tp_limit_acticoid_error,,"require is_connection_id_limit_error;""",/results/temp/2259/quic_client_test_tp_limit_acticoid_error0.iev,0.0,0.0
picoquic,client,quic_client_test_tp_limit_acticoid_error,," require pkt.payload = queued_frames(scid);""",/results/temp/2310/quic_client_test_tp_limit_acticoid_error0.iev,0.0,0.0
picoquic,client,quic_client_test_tp_limit_acticoid_error,," require pkt.payload = queued_frames(scid);""",/results/temp/2361/quic_client_test_tp_limit_acticoid_error0.iev,0.0,0.0
aioquic,client,quic_client_test_tp_limit_acticoid_error,," require pkt.payload = queued_frames(scid);""",/results/temp/2412/quic_client_test_tp_limit_acticoid_error0.iev,0.0,0.0
aioquic,client,quic_client_test_tp_limit_acticoid_error,," require pkt.payload = queued_frames(scid);""",/results/temp/2463/quic_client_test_tp_limit_acticoid_error0.iev,0.0,0.0
quic-go,client,quic_client_test_retirecoid_error,,frame.connection_close:{err_code:0x130},/results/temp/2514/quic_client_test_retirecoid_error0.iev,0.0,0.0
quic-go,client,quic_client_test_retirecoid_error,,frame.connection_close:{err_code:0x130},/results/temp/2565/quic_client_test_retirecoid_error0.iev,0.0,0.0
mvfst,client,quic_client_test_retirecoid_error,,Timeout binding ID,/results/temp/2616/quic_client_test_retirecoid_error0.iev,0.0,0.0
mvfst,client,quic_client_test_retirecoid_error,,Timeout binding ID,/results/temp/2667/quic_client_test_retirecoid_error0.iev,0.0,0.0
lsquic,client,quic_client_test_retirecoid_error,,"require is_protocol_violation;""",/results/temp/2718/quic_client_test_retirecoid_error0.iev,0.0,0.0
lsquic,client,quic_client_test_retirecoid_error,,"require is_protocol_violation;""",/results/temp/2769/quic_client_test_retirecoid_error0.iev,0.0,0.0
picoquic,client,quic_client_test_retirecoid_error,," require pkt.payload = queued_frames(scid);""",/results/temp/2820/quic_client_test_retirecoid_error0.iev,0.0,0.0
picoquic,client,quic_client_test_retirecoid_error,," require pkt.payload = queued_frames(scid);""",/results/temp/2871/quic_client_test_retirecoid_error0.iev,0.0,0.0
aioquic,client,quic_client_test_retirecoid_error,," require pkt.payload = queued_frames(scid);""",/results/temp/2922/quic_client_test_retirecoid_error0.iev,0.0,0.0
aioquic,client,quic_client_test_retirecoid_error,," require pkt.payload = queued_frames(scid);""",/results/temp/2973/quic_client_test_retirecoid_error0.iev,0.0,0.0
quic-go,client,quic_client_test_newcoid_zero_error,,frame.connection_close:{err_code:0x130},/results/temp/3024/quic_client_test_newcoid_zero_error0.iev,0.0,0.0
quic-go,client,quic_client_test_newcoid_zero_error,,frame.connection_close:{err_code:0x130},/results/temp/3075/quic_client_test_newcoid_zero_error0.iev,0.0,0.0
mvfst,client,quic_client_test_newcoid_zero_error,,Timeout binding ID,/results/temp/3126/quic_client_test_newcoid_zero_error0.iev,0.0,0.0
mvfst,client,quic_client_test_newcoid_zero_error,,Timeout binding ID,/results/temp/3177/quic_client_test_newcoid_zero_error0.iev,0.0,0.0
lsquic,client,quic_client_test_newcoid_zero_error,,"require is_protocol_violation;""",/results/temp/3228/quic_client_test_newcoid_zero_error0.iev,0.0,0.0
lsquic,client,quic_client_test_newcoid_zero_error,,"require is_protocol_violation;""",/results/temp/3279/quic_client_test_newcoid_zero_error0.iev,0.0,0.0
picoquic,client,quic_client_test_newcoid_zero_error,," require pkt.payload = queued_frames(scid);""",/results/temp/3330/quic_client_test_newcoid_zero_error0.iev,0.0,0.0
picoquic,client,quic_client_test_newcoid_zero_error,," require pkt.payload = queued_frames(scid);""",/results/temp/3381/quic_client_test_newcoid_zero_error0.iev,0.0,0.0
aioquic,client,quic_client_test_newcoid_zero_error,," require pkt.payload = queued_frames(scid);""",/results/temp/3432/quic_client_test_newcoid_zero_error0.iev,0.0,0.0
aioquic,client,quic_client_test_newcoid_zero_error,," require pkt.payload = queued_frames(scid);""",/results/temp/3483/quic_client_test_newcoid_zero_error0.iev,0.0,0.0
quic-go,client,quic_client_test_accept_maxdata,,frame.connection_close:{err_code:0x130},/results/temp/3534/quic_client_test_accept_maxdata0.iev,0.0,0.0
quic-go,client,quic_client_test_accept_maxdata,,frame.connection_close:{err_code:0x130},/results/temp/3585/quic_client_test_accept_maxdata0.iev,0.0,0.0
mvfst,client,quic_client_test_accept_maxdata,,Timeout binding ID,/results/temp/3636/quic_client_test_accept_maxdata0.iev,0.0,0.0
mvfst,client,quic_client_test_accept_maxdata,,Timeout binding ID,/results/temp/3687/quic_client_test_accept_maxdata0.iev,0.0,0.0
lsquic,client,quic_client_test_accept_maxdata,,"require conn_total_data(the_cid) > 0;""",/results/temp/3738/quic_client_test_accept_maxdata0.iev,0.0,0.0
lsquic,client,quic_client_test_accept_maxdata,,"require conn_total_data(the_cid) > 0;""",/results/temp/3789/quic_client_test_accept_maxdata0.iev,0.0,0.0
picoquic,client,quic_client_test_accept_maxdata,,frame.connection_close:{err_code:0x4},/results/temp/3840/quic_client_test_accept_maxdata0.iev,0.0,0.0
picoquic,client,quic_client_test_accept_maxdata,,frame.connection_close:{err_code:0x4},/results/temp/3891/quic_client_test_accept_maxdata0.iev,0.0,0.0
aioquic,client,quic_client_test_accept_maxdata,,frame.connection_close:{err_code:0x5},/results/temp/3942/quic_client_test_accept_maxdata0.iev,0.0,0.0
aioquic,client,quic_client_test_accept_maxdata,,frame.connection_close:{err_code:0x5},/results/temp/3993/quic_client_test_accept_maxdata0.iev,0.0,0.0
quic-go,client,quic_client_test_tp_prefadd_error,,frame.connection_close:{err_code:0x130},/results/temp/4044/quic_client_test_tp_prefadd_error0.iev,0.0,0.0
quic-go,client,quic_client_test_tp_prefadd_error,,frame.connection_close:{err_code:0x130},/results/temp/4095/quic_client_test_tp_prefadd_error0.iev,0.0,0.0
mvfst,client,quic_client_test_tp_prefadd_error,,Timeout binding ID,/results/temp/4146/quic_client_test_tp_prefadd_error0.iev,0.0,0.0
mvfst,client,quic_client_test_tp_prefadd_error,,Timeout binding ID,/results/temp/4197/quic_client_test_tp_prefadd_error0.iev,0.0,0.0
picoquic,client,quic_client_test_tp_prefadd_error,,No Error,/results/temp/4350/quic_client_test_tp_prefadd_error0.iev,0.0,1.0
aioquic,client,quic_client_test_tp_prefadd_error,,Timeout sending ID,/results/temp/4401/quic_client_test_tp_prefadd_error0.iev,0.0,0.0
aioquic,client,quic_client_test_tp_prefadd_error,,Timeout sending ID,/results/temp/4452/quic_client_test_tp_prefadd_error0.iev,0.0,0.0
quic-go,client,quic_client_test_no_odci,,server_return_code(1)+timeout,/results/temp/4503/quic_client_test_no_odci0.iev,0.0,0.0
quic-go,client,quic_client_test_no_odci,,server_return_code(1)+timeout,/results/temp/4554/quic_client_test_no_odci0.iev,0.0,0.0
mvfst,client,quic_client_test_no_odci,,Timeout binding ID,/results/temp/4605/quic_client_test_no_odci0.iev,0.0,0.0
mvfst,client,quic_client_test_no_odci,,Timeout binding ID,/results/temp/4656/quic_client_test_no_odci0.iev,0.0,0.0
lsquic,client,quic_client_test_no_odci,,Timeout sending ID,/results/temp/4707/quic_client_test_no_odci0.iev,0.0,0.0
picoquic,client,quic_client_test_no_odci,,No Error,/results/temp/4809/quic_client_test_no_odci0.iev,0.0,1.0
picoquic,client,quic_client_test_no_odci,,No Error,/results/temp/4860/quic_client_test_no_odci0.iev,0.0,1.0
aioquic,client,quic_client_test_no_odci,,Segmentation Fault 139,/results/temp/4911/quic_client_test_no_odci0.iev,0.0,0.0
aioquic,client,quic_client_test_no_odci,,Segmentation Fault 139,/results/temp/4962/quic_client_test_no_odci0.iev,0.0,0.0
mvfst,client,quic_client_test_ext_min_ack_delay,,Timeout binding ID,/results/temp/5115/quic_client_test_ext_min_ack_delay0.iev,0.0,0.0
mvfst,client,quic_client_test_ext_min_ack_delay,,Timeout binding ID,/results/temp/5166/quic_client_test_ext_min_ack_delay0.iev,0.0,0.0
lsquic,client,quic_client_test_ext_min_ack_delay,,Timeout sending ID,/results/temp/5217/quic_client_test_ext_min_ack_delay0.iev,0.0,0.0
lsquic,client,quic_client_test_ext_min_ack_delay,,Timeout sending ID,/results/temp/5268/quic_client_test_ext_min_ack_delay0.iev,0.0,0.0
picoquic,client,quic_client_test_ext_min_ack_delay,,Timeout sending ID,/results/temp/5319/quic_client_test_ext_min_ack_delay0.iev,0.0,0.0
picoquic,client,quic_client_test_ext_min_ack_delay,,No Error,/results/temp/5370/quic_client_test_ext_min_ack_delay0.iev,0.0,1.0
aioquic,client,quic_client_test_ext_min_ack_delay,,Timeout sending ID,/results/temp/5421/quic_client_test_ext_min_ack_delay0.iev,0.0,0.0
aioquic,client,quic_client_test_ext_min_ack_delay,,Timeout sending ID,/results/temp/5472/quic_client_test_ext_min_ack_delay0.iev,0.0,0.0
picoquic,client,quic_client_test_tp_error,,Timeout sending ID,/results/temp/831/quic_client_test_tp_error0.iev,0.0,0.0
picoquic,client,quic_client_test_tp_error,,Timeout sending ID,/results/temp/882/quic_client_test_tp_error0.iev,0.0,0.0
aioquic,client,quic_client_test_tp_error,,Timeout sending ID,/results/temp/933/quic_client_test_tp_error0.iev,0.0,0.0
aioquic,client,quic_client_test_tp_error,,Timeout sending ID,/results/temp/984/quic_client_test_tp_error0.iev,0.0,0.0
mvfst,client,quic_client_test_double_tp_error,,Timeout binding ID,/results/temp/1137/quic_client_test_double_tp_error0.iev,0.0,0.0
mvfst,client,quic_client_test_double_tp_error,,Timeout binding ID,/results/temp/1188/quic_client_test_double_tp_error0.iev,0.0,0.0
lsquic,client,quic_client_test_double_tp_error,,Timeout sending ID,/results/temp/1239/quic_client_test_double_tp_error0.iev,0.0,0.0
picoquic,client,quic_client_test_double_tp_error,,No Error,/results/temp/1341/quic_client_test_double_tp_error0.iev,0.0,1.0
quic-go,client,quic_client_test_retirecoid_error,," require pkt.payload = queued_frames(scid);""",/results/temp/29/quic_client_test_retirecoid_error0.iev,0.0,0.0
mvfst,client,quic_client_test_max,,Timeout binding ID,/results/temp/131/quic_client_test_max0.iev,0.0,0.0
mvfst,client,quic_client_test_max,,Timeout binding ID,/results/temp/182/quic_client_test_max0.iev,0.0,0.0
lsquic,client,quic_client_test_max,,"require conn_total_data(the_cid) > 0;""",/results/temp/233/quic_client_test_max0.iev,0.0,0.0
lsquic,client,quic_client_test_max,,"require conn_total_data(the_cid) > 0;""",/results/temp/284/quic_client_test_max0.iev,0.0,0.0
picoquic,client,quic_client_test_max,,"require connected(dcid) & connected_to(dcid) = scid;""",/results/temp/335/quic_client_test_max0.iev,0.0,0.0
picoquic,client,quic_client_test_max,,No Error,/results/temp/386/quic_client_test_max0.iev,0.0,1.0
aioquic,client,quic_client_test_max,,No Error,/results/temp/437/quic_client_test_max0.iev,0.0,1.0
aioquic,client,quic_client_test_max,,No Error,/results/temp/488/quic_client_test_max0.iev,0.0,1.0
quic-go,client,quic_client_test_tp_error,,server_return_code(1)+timeout,/results/temp/525/quic_client_test_tp_error0.iev,0.0,0.0
quic-go,client,quic_client_test_tp_error,,server_return_code(1)+timeout,/results/temp/576/quic_client_test_tp_error0.iev,0.0,0.0
aioquic,client,quic_client_test_max,,No Error,/results/temp/489/quic_client_test_max0.iev,0.0,1.0
quic-go,client,quic_client_test_tp_error,,server_return_code(1)+timeout,/results/temp/526/quic_client_test_tp_error0.iev,0.0,0.0
quic-go,client,quic_client_test_tp_error,,server_return_code(1)+timeout,/results/temp/577/quic_client_test_tp_error0.iev,0.0,0.0
mvfst,client,quic_client_test_tp_error,,Timeout binding ID,/results/temp/628/quic_client_test_tp_error0.iev,0.0,0.0
mvfst,client,quic_client_test_tp_error,,Timeout binding ID,/results/temp/679/quic_client_test_tp_error0.iev,0.0,0.0
lsquic,client,quic_client_test_tp_error,,Timeout sending ID,/results/temp/730/quic_client_test_tp_error0.iev,0.0,0.0
lsquic,client,quic_client_test_tp_error,,Timeout sending ID,/results/temp/781/quic_client_test_tp_error0.iev,0.0,0.0
picoquic,client,quic_client_test_tp_error,,Timeout sending ID,/results/temp/832/quic_client_test_tp_error0.iev,0.0,0.0
picoquic,client,quic_client_test_tp_error,,Timeout sending ID,/results/temp/883/quic_client_test_tp_error0.iev,0.0,0.0
aioquic,client,quic_client_test_tp_error,,Timeout sending ID,/results/temp/934/quic_client_test_tp_error0.iev,0.0,0.0
aioquic,client,quic_client_test_tp_error,,Timeout sending ID,/results/temp/985/quic_client_test_tp_error0.iev,0.0,0.0
quic-go,client,quic_client_test_double_tp_error,,server_return_code(1)+timeout,/results/temp/1036/quic_client_test_double_tp_error0.iev,0.0,0.0
lsquic,client,quic_client_test_double_tp_error,,Timeout sending ID,/results/temp/1240/quic_client_test_double_tp_error0.iev,0.0,0.0
picoquic,client,quic_client_test_double_tp_error,,No Error,/results/temp/1342/quic_client_test_double_tp_error0.iev,0.0,1.0
picoquic,client,quic_client_test_double_tp_error,,No Error,/results/temp/1393/quic_client_test_double_tp_error0.iev,0.0,1.0
aioquic,client,quic_client_test_double_tp_error,,Timeout sending ID,/results/temp/1444/quic_client_test_double_tp_error0.iev,0.0,0.0
aioquic,client,quic_client_test_double_tp_error,,Timeout sending ID,/results/temp/1495/quic_client_test_double_tp_error0.iev,0.0,0.0
quic-go,client,quic_client_test_tp_acticoid_error,,frame.connection_close:{err_code:0x8},/results/temp/1597/quic_client_test_tp_acticoid_error0.iev,0.0,0.0
mvfst,client,quic_client_test_tp_acticoid_error,,Timeout binding ID,/results/temp/1648/quic_client_test_tp_acticoid_error0.iev,0.0,0.0
mvfst,client,quic_client_test_tp_acticoid_error,,Timeout binding ID,/results/temp/1699/quic_client_test_tp_acticoid_error0.iev,0.0,0.0
picoquic,client,quic_client_test_tp_acticoid_error,,Timeout sending ID,/results/temp/1801/quic_client_test_tp_acticoid_error0.iev,0.0,0.0
picoquic,client,quic_client_test_tp_acticoid_error,,Timeout sending ID,/results/temp/1852/quic_client_test_tp_acticoid_error0.iev,0.0,0.0
aioquic,client,quic_client_test_tp_acticoid_error,,Segmentation Fault 139,/results/temp/1903/quic_client_test_tp_acticoid_error0.iev,0.0,0.0
aioquic,client,quic_client_test_tp_acticoid_error,,Segmentation Fault 139,/results/temp/1954/quic_client_test_tp_acticoid_error0.iev,0.0,0.0
quic-go,client,quic_client_test_tp_limit_acticoid_error,,frame.connection_close:{err_code:0x130},/results/temp/2005/quic_client_test_tp_limit_acticoid_error0.iev,0.0,0.0
quic-go,client,quic_client_test_tp_limit_acticoid_error,,frame.connection_close:{err_code:0x130},/results/temp/2056/quic_client_test_tp_limit_acticoid_error0.iev,0.0,0.0
mvfst,client,quic_client_test_tp_limit_acticoid_error,,Timeout binding ID,/results/temp/2107/quic_client_test_tp_limit_acticoid_error0.iev,0.0,0.0
mvfst,client,quic_client_test_tp_limit_acticoid_error,,Timeout binding ID,/results/temp/2158/quic_client_test_tp_limit_acticoid_error0.iev,0.0,0.0
lsquic,client,quic_client_test_tp_limit_acticoid_error,,"require is_connection_id_limit_error;""",/results/temp/2260/quic_client_test_tp_limit_acticoid_error0.iev,0.0,0.0
picoquic,client,quic_client_test_tp_limit_acticoid_error,," require pkt.payload = queued_frames(scid);""",/results/temp/2311/quic_client_test_tp_limit_acticoid_error0.iev,0.0,0.0
picoquic,client,quic_client_test_tp_limit_acticoid_error,," require pkt.payload = queued_frames(scid);""",/results/temp/2362/quic_client_test_tp_limit_acticoid_error0.iev,0.0,0.0
aioquic,client,quic_client_test_tp_limit_acticoid_error,," require pkt.payload = queued_frames(scid);""",/results/temp/2413/quic_client_test_tp_limit_acticoid_error0.iev,0.0,0.0
aioquic,client,quic_client_test_tp_limit_acticoid_error,," require pkt.payload = queued_frames(scid);""",/results/temp/2464/quic_client_test_tp_limit_acticoid_error0.iev,0.0,0.0
quic-go,client,quic_client_test_retirecoid_error,,frame.connection_close:{err_code:0x130},/results/temp/2515/quic_client_test_retirecoid_error0.iev,0.0,0.0
quic-go,client,quic_client_test_retirecoid_error,,frame.connection_close:{err_code:0x130},/results/temp/2566/quic_client_test_retirecoid_error0.iev,0.0,0.0
mvfst,client,quic_client_test_retirecoid_error,,Timeout binding ID,/results/temp/2617/quic_client_test_retirecoid_error0.iev,0.0,0.0
mvfst,client,quic_client_test_retirecoid_error,,Timeout binding ID,/results/temp/2668/quic_client_test_retirecoid_error0.iev,0.0,0.0
lsquic,client,quic_client_test_retirecoid_error,,"require is_protocol_violation;""",/results/temp/2719/quic_client_test_retirecoid_error0.iev,0.0,0.0
lsquic,client,quic_client_test_retirecoid_error,,"require is_protocol_violation;""",/results/temp/2770/quic_client_test_retirecoid_error0.iev,0.0,0.0
picoquic,client,quic_client_test_retirecoid_error,," require pkt.payload = queued_frames(scid);""",/results/temp/2821/quic_client_test_retirecoid_error0.iev,0.0,0.0
picoquic,client,quic_client_test_retirecoid_error,," require pkt.payload = queued_frames(scid);""",/results/temp/2872/quic_client_test_retirecoid_error0.iev,0.0,0.0
aioquic,client,quic_client_test_retirecoid_error,," require pkt.payload = queued_frames(scid);""",/results/temp/2923/quic_client_test_retirecoid_error0.iev,0.0,0.0
aioquic,client,quic_client_test_retirecoid_error,," require pkt.payload = queued_frames(scid);""",/results/temp/2974/quic_client_test_retirecoid_error0.iev,0.0,0.0
mvfst,client,quic_client_test_newcoid_zero_error,,Timeout binding ID,/results/temp/3127/quic_client_test_newcoid_zero_error0.iev,0.0,0.0
mvfst,client,quic_client_test_newcoid_zero_error,,Timeout binding ID,/results/temp/3178/quic_client_test_newcoid_zero_error0.iev,0.0,0.0
lsquic,client,quic_client_test_newcoid_zero_error,,"require is_protocol_violation;""",/results/temp/3280/quic_client_test_newcoid_zero_error0.iev,0.0,0.0
picoquic,client,quic_client_test_newcoid_zero_error,," require pkt.payload = queued_frames(scid);""",/results/temp/3331/quic_client_test_newcoid_zero_error0.iev,0.0,0.0
picoquic,client,quic_client_test_newcoid_zero_error,," require pkt.payload = queued_frames(scid);""",/results/temp/3382/quic_client_test_newcoid_zero_error0.iev,0.0,0.0
aioquic,client,quic_client_test_newcoid_zero_error,," require pkt.payload = queued_frames(scid);""",/results/temp/3433/quic_client_test_newcoid_zero_error0.iev,0.0,0.0
aioquic,client,quic_client_test_newcoid_zero_error,," require pkt.payload = queued_frames(scid);""",/results/temp/3484/quic_client_test_newcoid_zero_error0.iev,0.0,0.0
quic-go,client,quic_client_test_accept_maxdata,,frame.connection_close:{err_code:0x130},/results/temp/3535/quic_client_test_accept_maxdata0.iev,0.0,0.0
mvfst,client,quic_client_test_accept_maxdata,,Timeout binding ID,/results/temp/3637/quic_client_test_accept_maxdata0.iev,0.0,0.0
mvfst,client,quic_client_test_accept_maxdata,,Timeout binding ID,/results/temp/3688/quic_client_test_accept_maxdata0.iev,0.0,0.0
lsquic,client,quic_client_test_accept_maxdata,,"require conn_total_data(the_cid) > 0;""",/results/temp/3739/quic_client_test_accept_maxdata0.iev,0.0,0.0
lsquic,client,quic_client_test_accept_maxdata,,"require conn_total_data(the_cid) > 0;""",/results/temp/3790/quic_client_test_accept_maxdata0.iev,0.0,0.0
picoquic,client,quic_client_test_accept_maxdata,,frame.connection_close:{err_code:0x4},/results/temp/3841/quic_client_test_accept_maxdata0.iev,0.0,0.0
picoquic,client,quic_client_test_accept_maxdata,,frame.connection_close:{err_code:0x4},/results/temp/3892/quic_client_test_accept_maxdata0.iev,0.0,0.0
aioquic,client,quic_client_test_accept_maxdata,,frame.connection_close:{err_code:0x5},/results/temp/3943/quic_client_test_accept_maxdata0.iev,0.0,0.0
aioquic,client,quic_client_test_accept_maxdata,,frame.connection_close:{err_code:0x5},/results/temp/3994/quic_client_test_accept_maxdata0.iev,0.0,0.0
quic-go,client,quic_client_test_tp_prefadd_error,,frame.connection_close:{err_code:0x130},/results/temp/4096/quic_client_test_tp_prefadd_error0.iev,0.0,0.0
mvfst,client,quic_client_test_tp_prefadd_error,,Timeout binding ID,/results/temp/4147/quic_client_test_tp_prefadd_error0.iev,0.0,0.0
mvfst,client,quic_client_test_tp_prefadd_error,,Timeout binding ID,/results/temp/4198/quic_client_test_tp_prefadd_error0.iev,0.0,0.0
picoquic,client,quic_client_test_tp_prefadd_error,,No Error,/results/temp/4300/quic_client_test_tp_prefadd_error0.iev,0.0,1.0
picoquic,client,quic_client_test_tp_prefadd_error,,No Error,/results/temp/4351/quic_client_test_tp_prefadd_error0.iev,0.0,1.0
aioquic,client,quic_client_test_tp_prefadd_error,,Timeout sending ID,/results/temp/4402/quic_client_test_tp_prefadd_error0.iev,0.0,0.0
aioquic,client,quic_client_test_tp_prefadd_error,,Timeout sending ID,/results/temp/4453/quic_client_test_tp_prefadd_error0.iev,0.0,0.0
quic-go,client,quic_client_test_no_odci,,server_return_code(1)+timeout,/results/temp/4504/quic_client_test_no_odci0.iev,0.0,0.0
quic-go,client,quic_client_test_no_odci,,server_return_code(1)+timeout,/results/temp/4555/quic_client_test_no_odci0.iev,0.0,0.0
mvfst,client,quic_client_test_no_odci,,Timeout binding ID,/results/temp/4606/quic_client_test_no_odci0.iev,0.0,0.0
mvfst,client,quic_client_test_no_odci,,Timeout binding ID,/results/temp/4657/quic_client_test_no_odci0.iev,0.0,0.0
lsquic,client,quic_client_test_no_odci,,Timeout sending ID,/results/temp/4708/quic_client_test_no_odci0.iev,0.0,0.0
lsquic,client,quic_client_test_no_odci,,Timeout sending ID,/results/temp/4759/quic_client_test_no_odci0.iev,0.0,0.0
picoquic,client,quic_client_test_no_odci,,No Error,/results/temp/4810/quic_client_test_no_odci0.iev,0.0,1.0
picoquic,client,quic_client_test_no_odci,,No Error,/results/temp/4861/quic_client_test_no_odci0.iev,0.0,1.0
aioquic,client,quic_client_test_no_odci,,Segmentation Fault 139,/results/temp/4912/quic_client_test_no_odci0.iev,0.0,0.0
aioquic,client,quic_client_test_no_odci,,Segmentation Fault 139,/results/temp/4963/quic_client_test_no_odci0.iev,0.0,0.0
quic-go,client,quic_client_test_ext_min_ack_delay,,frame.connection_close:{err_code:0x130},/results/temp/5014/quic_client_test_ext_min_ack_delay0.iev,0.0,0.0
quic-go,client,quic_client_test_ext_min_ack_delay,,frame.connection_close:{err_code:0x130},/results/temp/5065/quic_client_test_ext_min_ack_delay0.iev,0.0,0.0
mvfst,client,quic_client_test_ext_min_ack_delay,,Timeout binding ID,/results/temp/5116/quic_client_test_ext_min_ack_delay0.iev,0.0,0.0
mvfst,client,quic_client_test_ext_min_ack_delay,,Timeout binding ID,/results/temp/5167/quic_client_test_ext_min_ack_delay0.iev,0.0,0.0
picoquic,client,quic_client_test_ext_min_ack_delay,,Timeout sending ID,/results/temp/5320/quic_client_test_ext_min_ack_delay0.iev,0.0,0.0
picoquic,client,quic_client_test_ext_min_ack_delay,,Timeout sending ID,/results/temp/5371/quic_client_test_ext_min_ack_delay0.iev,0.0,0.0
aioquic,client,quic_client_test_ext_min_ack_delay,,Timeout sending ID,/results/temp/5422/quic_client_test_ext_min_ack_delay0.iev,0.0,0.0
aioquic,client,quic_client_test_ext_min_ack_delay,,Timeout sending ID,/results/temp/5473/quic_client_test_ext_min_ack_delay0.iev,0.0,0.0
quic-go,client,quic_client_test_double_tp_error,,server_return_code(1)+timeout,/results/temp/1087/quic_client_test_double_tp_error0.iev,0.0,0.0
mvfst,client,quic_client_test_double_tp_error,,Timeout binding ID,/results/temp/1138/quic_client_test_double_tp_error0.iev,0.0,0.0
mvfst,client,quic_client_test_double_tp_error,,Timeout binding ID,/results/temp/1189/quic_client_test_double_tp_error0.iev,0.0,0.0
quic-go,client,quic_client_test_max,,frame.connection_close:{err_code:0x130},/results/temp/30/quic_client_test_max0.iev,0.0,0.0
mvfst,client,quic_client_test_max,,Timeout binding ID,/results/temp/132/quic_client_test_max0.iev,0.0,0.0
mvfst,client,quic_client_test_max,,Timeout binding ID,/results/temp/183/quic_client_test_max0.iev,0.0,0.0
picoquic,client,quic_client_test_max,,No Error,/results/temp/336/quic_client_test_max0.iev,0.0,1.0
picoquic,client,quic_client_test_max,,frame.connection_close:{err_code:0x4},/results/temp/387/quic_client_test_max0.iev,0.0,0.0
aioquic,client,quic_client_test_max,,No Error,/results/temp/438/quic_client_test_max0.iev,0.0,1.0
quic-go,client,quic_client_test_max,,frame.connection_close:{err_code:0x130},/results/temp/82/quic_client_test_max0.iev,0.0,0.0
mvfst,client,quic_client_test_max,,Timeout binding ID,/results/temp/133/quic_client_test_max0.iev,0.0,0.0
mvfst,client,quic_client_test_max,,Timeout binding ID,/results/temp/184/quic_client_test_max0.iev,0.0,0.0
lsquic,client,quic_client_test_max,,"require conn_total_data(the_cid) > 0;""",/results/temp/235/quic_client_test_max0.iev,0.0,0.0
lsquic,client,quic_client_test_max,,"require conn_total_data(the_cid) > 0;""",/results/temp/286/quic_client_test_max0.iev,0.0,0.0
picoquic,client,quic_client_test_max,,frame.connection_close:{err_code:0x4},/results/temp/337/quic_client_test_max0.iev,0.0,0.0
picoquic,client,quic_client_test_max,,"require stream_id_allowed(dcid,f.id);  # [6]""",/results/temp/388/quic_client_test_max0.iev,0.0,0.0
picoquic,client,quic_client_test_tp_error,,Timeout sending ID,/results/temp/833/quic_client_test_tp_error0.iev,0.0,0.0
picoquic,client,quic_client_test_tp_error,,Timeout sending ID,/results/temp/884/quic_client_test_tp_error0.iev,0.0,0.0
aioquic,client,quic_client_test_tp_error,,Timeout sending ID,/results/temp/935/quic_client_test_tp_error0.iev,0.0,0.0
aioquic,client,quic_client_test_tp_error,,Timeout sending ID,/results/temp/986/quic_client_test_tp_error0.iev,0.0,0.0
quic-go,client,quic_client_test_double_tp_error,,server_return_code(1)+timeout,/results/temp/1088/quic_client_test_double_tp_error0.iev,0.0,0.0
mvfst,client,quic_client_test_double_tp_error,,Timeout binding ID,/results/temp/1139/quic_client_test_double_tp_error0.iev,0.0,0.0
mvfst,client,quic_client_test_double_tp_error,,Timeout binding ID,/results/temp/1190/quic_client_test_double_tp_error0.iev,0.0,0.0
lsquic,client,quic_client_test_double_tp_error,,Timeout sending ID,/results/temp/1241/quic_client_test_double_tp_error0.iev,0.0,0.0
lsquic,client,quic_client_test_double_tp_error,,Timeout sending ID,/results/temp/1292/quic_client_test_double_tp_error0.iev,0.0,0.0
picoquic,client,quic_client_test_double_tp_error,,No Error,/results/temp/1343/quic_client_test_double_tp_error0.iev,0.0,1.0
picoquic,client,quic_client_test_double_tp_error,,No Error,/results/temp/1394/quic_client_test_double_tp_error0.iev,0.0,1.0
aioquic,client,quic_client_test_double_tp_error,,Timeout sending ID,/results/temp/1445/quic_client_test_double_tp_error0.iev,0.0,0.0
aioquic,client,quic_client_test_double_tp_error,,Timeout sending ID,/results/temp/1496/quic_client_test_double_tp_error0.iev,0.0,0.0
quic-go,client,quic_client_test_tp_acticoid_error,,frame.connection_close:{err_code:0x8},/results/temp/1547/quic_client_test_tp_acticoid_error0.iev,0.0,0.0
quic-go,client,quic_client_test_tp_acticoid_error,,frame.connection_close:{err_code:0x8},/results/temp/1598/quic_client_test_tp_acticoid_error0.iev,0.0,0.0
mvfst,client,quic_client_test_tp_acticoid_error,,Timeout binding ID,/results/temp/1649/quic_client_test_tp_acticoid_error0.iev,0.0,0.0
lsquic,client,quic_client_test_tp_acticoid_error,,Timeout sending ID,/results/temp/1700/quic_client_test_tp_acticoid_error0.iev,0.0,0.0
lsquic,client,quic_client_test_tp_acticoid_error,,Timeout sending ID,/results/temp/1751/quic_client_test_tp_acticoid_error0.iev,0.0,0.0
picoquic,client,quic_client_test_tp_acticoid_error,,Timeout sending ID,/results/temp/1802/quic_client_test_tp_acticoid_error0.iev,0.0,0.0
picoquic,client,quic_client_test_tp_acticoid_error,,Timeout sending ID,/results/temp/1853/quic_client_test_tp_acticoid_error0.iev,0.0,0.0
aioquic,client,quic_client_test_tp_acticoid_error,,Segmentation Fault 139,/results/temp/1904/quic_client_test_tp_acticoid_error0.iev,0.0,0.0
aioquic,client,quic_client_test_tp_acticoid_error,,Segmentation Fault 139,/results/temp/1955/quic_client_test_tp_acticoid_error0.iev,0.0,0.0
quic-go,client,quic_client_test_tp_limit_acticoid_error,,frame.connection_close:{err_code:0x130},/results/temp/2057/quic_client_test_tp_limit_acticoid_error0.iev,0.0,0.0
mvfst,client,quic_client_test_tp_limit_acticoid_error,,Timeout binding ID,/results/temp/2108/quic_client_test_tp_limit_acticoid_error0.iev,0.0,0.0
mvfst,client,quic_client_test_tp_limit_acticoid_error,,Timeout binding ID,/results/temp/2159/quic_client_test_tp_limit_acticoid_error0.iev,0.0,0.0
lsquic,client,quic_client_test_tp_limit_acticoid_error,,"require is_connection_id_limit_error;""",/results/temp/2210/quic_client_test_tp_limit_acticoid_error0.iev,0.0,0.0
picoquic,client,quic_client_test_tp_limit_acticoid_error,," require pkt.payload = queued_frames(scid);""",/results/temp/2312/quic_client_test_tp_limit_acticoid_error0.iev,0.0,0.0
picoquic,client,quic_client_test_tp_limit_acticoid_error,,Handshake not completed,/results/temp/2363/quic_client_test_tp_limit_acticoid_error0.iev,0.0,0.0
aioquic,client,quic_client_test_tp_limit_acticoid_error,," require pkt.payload = queued_frames(scid);""",/results/temp/2414/quic_client_test_tp_limit_acticoid_error0.iev,0.0,0.0
aioquic,client,quic_client_test_tp_limit_acticoid_error,," require pkt.payload = queued_frames(scid);""",/results/temp/2465/quic_client_test_tp_limit_acticoid_error0.iev,0.0,0.0
quic-go,client,quic_client_test_retirecoid_error,,frame.connection_close:{err_code:0x130},/results/temp/2516/quic_client_test_retirecoid_error0.iev,0.0,0.0
mvfst,client,quic_client_test_retirecoid_error,,Timeout binding ID,/results/temp/2618/quic_client_test_retirecoid_error0.iev,0.0,0.0
mvfst,client,quic_client_test_retirecoid_error,,Timeout binding ID,/results/temp/2669/quic_client_test_retirecoid_error0.iev,0.0,0.0
lsquic,client,quic_client_test_retirecoid_error,,"require is_protocol_violation;""",/results/temp/2720/quic_client_test_retirecoid_error0.iev,0.0,0.0
lsquic,client,quic_client_test_retirecoid_error,,"require is_protocol_violation;""",/results/temp/2771/quic_client_test_retirecoid_error0.iev,0.0,0.0
picoquic,client,quic_client_test_retirecoid_error,," require pkt.payload = queued_frames(scid);""",/results/temp/2822/quic_client_test_retirecoid_error0.iev,0.0,0.0
picoquic,client,quic_client_test_retirecoid_error,," require pkt.payload = queued_frames(scid);""",/results/temp/2873/quic_client_test_retirecoid_error0.iev,0.0,0.0
aioquic,client,quic_client_test_retirecoid_error,," require pkt.payload = queued_frames(scid);""",/results/temp/2924/quic_client_test_retirecoid_error0.iev,0.0,0.0
aioquic,client,quic_client_test_retirecoid_error,," require pkt.payload = queued_frames(scid);""",/results/temp/2975/quic_client_test_retirecoid_error0.iev,0.0,0.0
mvfst,client,quic_client_test_newcoid_zero_error,,Timeout binding ID,/results/temp/3128/quic_client_test_newcoid_zero_error0.iev,0.0,0.0
mvfst,client,quic_client_test_newcoid_zero_error,,Timeout binding ID,/results/temp/3179/quic_client_test_newcoid_zero_error0.iev,0.0,0.0
lsquic,client,quic_client_test_newcoid_zero_error,,"require is_protocol_violation;""",/results/temp/3230/quic_client_test_newcoid_zero_error0.iev,0.0,0.0
lsquic,client,quic_client_test_newcoid_zero_error,,"require is_protocol_violation;""",/results/temp/3281/quic_client_test_newcoid_zero_error0.iev,0.0,0.0
picoquic,client,quic_client_test_newcoid_zero_error,," require pkt.payload = queued_frames(scid);""",/results/temp/3332/quic_client_test_newcoid_zero_error0.iev,0.0,0.0
picoquic,client,quic_client_test_newcoid_zero_error,," require pkt.payload = queued_frames(scid);""",/results/temp/3383/quic_client_test_newcoid_zero_error0.iev,0.0,0.0
aioquic,client,quic_client_test_newcoid_zero_error,," require pkt.payload = queued_frames(scid);""",/results/temp/3434/quic_client_test_newcoid_zero_error0.iev,0.0,0.0
aioquic,client,quic_client_test_newcoid_zero_error,," require pkt.payload = queued_frames(scid);""",/results/temp/3485/quic_client_test_newcoid_zero_error0.iev,0.0,0.0
quic-go,client,quic_client_test_accept_maxdata,,frame.connection_close:{err_code:0x130},/results/temp/3587/quic_client_test_accept_maxdata0.iev,0.0,0.0
mvfst,client,quic_client_test_accept_maxdata,,Timeout binding ID,/results/temp/3638/quic_client_test_accept_maxdata0.iev,0.0,0.0
mvfst,client,quic_client_test_accept_maxdata,,Timeout binding ID,/results/temp/3689/quic_client_test_accept_maxdata0.iev,0.0,0.0
lsquic,client,quic_client_test_accept_maxdata,,"require conn_total_data(the_cid) > 0;""",/results/temp/3740/quic_client_test_accept_maxdata0.iev,0.0,0.0
lsquic,client,quic_client_test_accept_maxdata,,"require conn_total_data(the_cid) > 0;""",/results/temp/3791/quic_client_test_accept_maxdata0.iev,0.0,0.0
picoquic,client,quic_client_test_accept_maxdata,,frame.connection_close:{err_code:0x4},/results/temp/3842/quic_client_test_accept_maxdata0.iev,0.0,0.0
picoquic,client,quic_client_test_accept_maxdata,,frame.connection_close:{err_code:0x4},/results/temp/3893/quic_client_test_accept_maxdata0.iev,0.0,0.0
aioquic,client,quic_client_test_accept_maxdata,,frame.connection_close:{err_code:0x5},/results/temp/3944/quic_client_test_accept_maxdata0.iev,0.0,0.0
aioquic,client,quic_client_test_accept_maxdata,,No Error,/results/temp/3995/quic_client_test_accept_maxdata0.iev,0.0,1.0
quic-go,client,quic_client_test_tp_prefadd_error,,frame.connection_close:{err_code:0x130},/results/temp/4046/quic_client_test_tp_prefadd_error0.iev,0.0,0.0
quic-go,client,quic_client_test_tp_prefadd_error,,frame.connection_close:{err_code:0x130},/results/temp/4097/quic_client_test_tp_prefadd_error0.iev,0.0,0.0
mvfst,client,quic_client_test_tp_prefadd_error,,Timeout binding ID,/results/temp/4148/quic_client_test_tp_prefadd_error0.iev,0.0,0.0
mvfst,client,quic_client_test_tp_prefadd_error,,Timeout binding ID,/results/temp/4199/quic_client_test_tp_prefadd_error0.iev,0.0,0.0
lsquic,client,quic_client_test_tp_prefadd_error,,Timeout sending ID,/results/temp/4250/quic_client_test_tp_prefadd_error0.iev,0.0,0.0
picoquic,client,quic_client_test_tp_prefadd_error,,No Error,/results/temp/4301/quic_client_test_tp_prefadd_error0.iev,0.0,1.0
picoquic,client,quic_client_test_tp_prefadd_error,,No Error,/results/temp/4352/quic_client_test_tp_prefadd_error0.iev,0.0,1.0
aioquic,client,quic_client_test_tp_prefadd_error,,Timeout sending ID,/results/temp/4403/quic_client_test_tp_prefadd_error0.iev,0.0,0.0
aioquic,client,quic_client_test_tp_prefadd_error,,Timeout sending ID,/results/temp/4454/quic_client_test_tp_prefadd_error0.iev,0.0,0.0
quic-go,client,quic_client_test_no_odci,,server_return_code(1)+timeout,/results/temp/4556/quic_client_test_no_odci0.iev,0.0,0.0
mvfst,client,quic_client_test_no_odci,,Timeout binding ID,/results/temp/4607/quic_client_test_no_odci0.iev,0.0,0.0
mvfst,client,quic_client_test_no_odci,,Timeout binding ID,/results/temp/4658/quic_client_test_no_odci0.iev,0.0,0.0
picoquic,client,quic_client_test_no_odci,,No Error,/results/temp/4811/quic_client_test_no_odci0.iev,0.0,1.0
picoquic,client,quic_client_test_no_odci,,No Error,/results/temp/4862/quic_client_test_no_odci0.iev,0.0,1.0
aioquic,client,quic_client_test_no_odci,,Segmentation Fault 139,/results/temp/4913/quic_client_test_no_odci0.iev,0.0,0.0
aioquic,client,quic_client_test_no_odci,,Segmentation Fault 139,/results/temp/4964/quic_client_test_no_odci0.iev,0.0,0.0
quic-go,client,quic_client_test_ext_min_ack_delay,,frame.connection_close:{err_code:0x130},/results/temp/5015/quic_client_test_ext_min_ack_delay0.iev,0.0,0.0
quic-go,client,quic_client_test_ext_min_ack_delay,,frame.connection_close:{err_code:0x130},/results/temp/5066/quic_client_test_ext_min_ack_delay0.iev,0.0,0.0
mvfst,client,quic_client_test_ext_min_ack_delay,,Timeout binding ID,/results/temp/5117/quic_client_test_ext_min_ack_delay0.iev,0.0,0.0
mvfst,client,quic_client_test_ext_min_ack_delay,,Timeout binding ID,/results/temp/5168/quic_client_test_ext_min_ack_delay0.iev,0.0,0.0
lsquic,client,quic_client_test_ext_min_ack_delay,,Timeout sending ID,/results/temp/5219/quic_client_test_ext_min_ack_delay0.iev,0.0,0.0
lsquic,client,quic_client_test_ext_min_ack_delay,,Timeout sending ID,/results/temp/5270/quic_client_test_ext_min_ack_delay0.iev,0.0,0.0
picoquic,client,quic_client_test_ext_min_ack_delay,,Timeout sending ID,/results/temp/5321/quic_client_test_ext_min_ack_delay0.iev,0.0,0.0
picoquic,client,quic_client_test_ext_min_ack_delay,,Timeout sending ID,/results/temp/5372/quic_client_test_ext_min_ack_delay0.iev,0.0,0.0
aioquic,client,quic_client_test_ext_min_ack_delay,,Timeout sending ID,/results/temp/5423/quic_client_test_ext_min_ack_delay0.iev,0.0,0.0
aioquic,client,quic_client_test_ext_min_ack_delay,,Timeout sending ID,/results/temp/5474/quic_client_test_ext_min_ack_delay0.iev,0.0,0.0
aioquic,client,quic_client_test_max,,No Error,/results/temp/439/quic_client_test_max0.iev,0.0,1.0
aioquic,client,quic_client_test_max,,frame.connection_close:{err_code:0x5},/results/temp/490/quic_client_test_max0.iev,0.0,0.0
quic-go,client,quic_client_test_tp_error,,server_return_code(1)+timeout,/results/temp/578/quic_client_test_tp_error0.iev,0.0,0.0
mvfst,client,quic_client_test_tp_error,,Timeout binding ID,/results/temp/629/quic_client_test_tp_error0.iev,0.0,0.0
mvfst,client,quic_client_test_tp_error,,Timeout binding ID,/results/temp/680/quic_client_test_tp_error0.iev,0.0,0.0
lsquic,client,quic_client_test_tp_error,,Timeout sending ID,/results/temp/731/quic_client_test_tp_error0.iev,0.0,0.0
lsquic,client,quic_client_test_tp_error,,Timeout sending ID,/results/temp/782/quic_client_test_tp_error0.iev,0.0,0.0
quic-go,client,quic_client_test_newcoid_zero_error,,Timeout binding ID,/results/temp/31/quic_client_test_newcoid_zero_error0.iev,0.0,0.0
quic-go,client,quic_client_test_max,,frame.connection_close:{err_code:0x130},/results/temp/31/quic_client_test_max0.iev,0.0,0.0
quic-go,client,quic_client_test_max,,frame.connection_close:{err_code:0x130},/results/temp/83/quic_client_test_max0.iev,0.0,0.0
mvfst,client,quic_client_test_max,,Timeout binding ID,/results/temp/134/quic_client_test_max0.iev,0.0,0.0
mvfst,client,quic_client_test_max,,Timeout binding ID,/results/temp/185/quic_client_test_max0.iev,0.0,0.0
lsquic,client,quic_client_test_max,,"require conn_total_data(the_cid) > 0;""",/results/temp/287/quic_client_test_max0.iev,0.0,0.0
picoquic,client,quic_client_test_max,,"require stream_id_allowed(dcid,f.id);  # [6]""",/results/temp/338/quic_client_test_max0.iev,0.0,0.0
picoquic,client,quic_client_test_max,,frame.connection_close:{err_code:0x4},/results/temp/389/quic_client_test_max0.iev,0.0,0.0
aioquic,client,quic_client_test_max,,frame.connection_close:{err_code:0x5},/results/temp/440/quic_client_test_max0.iev,0.0,0.0
aioquic,client,quic_client_test_max,,No Error,/results/temp/491/quic_client_test_max0.iev,0.0,1.0
quic-go,client,quic_client_test_tp_error,,server_return_code(1)+timeout,/results/temp/579/quic_client_test_tp_error0.iev,0.0,0.0
mvfst,client,quic_client_test_tp_error,,Timeout binding ID,/results/temp/630/quic_client_test_tp_error0.iev,0.0,0.0
mvfst,client,quic_client_test_tp_error,,Timeout binding ID,/results/temp/681/quic_client_test_tp_error0.iev,0.0,0.0
lsquic,client,quic_client_test_tp_error,,Timeout sending ID,/results/temp/732/quic_client_test_tp_error0.iev,0.0,0.0
lsquic,client,quic_client_test_tp_error,,Timeout sending ID,/results/temp/783/quic_client_test_tp_error0.iev,0.0,0.0
picoquic,client,quic_client_test_tp_error,,Timeout sending ID,/results/temp/834/quic_client_test_tp_error0.iev,0.0,0.0
picoquic,client,quic_client_test_tp_error,,Timeout sending ID,/results/temp/885/quic_client_test_tp_error0.iev,0.0,0.0
aioquic,client,quic_client_test_tp_error,,Timeout sending ID,/results/temp/936/quic_client_test_tp_error0.iev,0.0,0.0
aioquic,client,quic_client_test_tp_error,,Timeout sending ID,/results/temp/987/quic_client_test_tp_error0.iev,0.0,0.0
quic-go,client,quic_client_test_double_tp_error,,server_return_code(1)+timeout,/results/temp/1038/quic_client_test_double_tp_error0.iev,0.0,0.0
quic-go,client,quic_client_test_double_tp_error,,server_return_code(1)+timeout,/results/temp/1089/quic_client_test_double_tp_error0.iev,0.0,0.0
mvfst,client,quic_client_test_double_tp_error,,Timeout binding ID,/results/temp/1140/quic_client_test_double_tp_error0.iev,0.0,0.0
mvfst,client,quic_client_test_double_tp_error,,Timeout binding ID,/results/temp/1191/quic_client_test_double_tp_error0.iev,0.0,0.0
lsquic,client,quic_client_test_double_tp_error,,Timeout sending ID,/results/temp/1242/quic_client_test_double_tp_error0.iev,0.0,0.0
lsquic,client,quic_client_test_double_tp_error,,Timeout sending ID,/results/temp/1293/quic_client_test_double_tp_error0.iev,0.0,0.0
quic-go,client,quic_client_test_tp_limit_acticoid_error,,frame.connection_close:{err_code:0x130},/results/temp/2058/quic_client_test_tp_limit_acticoid_error0.iev,0.0,0.0
mvfst,client,quic_client_test_tp_limit_acticoid_error,,Timeout binding ID,/results/temp/2109/quic_client_test_tp_limit_acticoid_error0.iev,0.0,0.0
mvfst,client,quic_client_test_tp_limit_acticoid_error,,Timeout binding ID,/results/temp/2160/quic_client_test_tp_limit_acticoid_error0.iev,0.0,0.0
lsquic,client,quic_client_test_tp_limit_acticoid_error,,"require is_connection_id_limit_error;""",/results/temp/2211/quic_client_test_tp_limit_acticoid_error0.iev,0.0,0.0
lsquic,client,quic_client_test_tp_limit_acticoid_error,,"require is_connection_id_limit_error;""",/results/temp/2262/quic_client_test_tp_limit_acticoid_error0.iev,0.0,0.0
picoquic,client,quic_client_test_tp_limit_acticoid_error,," require pkt.payload = queued_frames(scid);""",/results/temp/2313/quic_client_test_tp_limit_acticoid_error0.iev,0.0,0.0
picoquic,client,quic_client_test_tp_limit_acticoid_error,," require pkt.payload = queued_frames(scid);""",/results/temp/2364/quic_client_test_tp_limit_acticoid_error0.iev,0.0,0.0
aioquic,client,quic_client_test_tp_limit_acticoid_error,," require pkt.payload = queued_frames(scid);""",/results/temp/2415/quic_client_test_tp_limit_acticoid_error0.iev,0.0,0.0
aioquic,client,quic_client_test_tp_limit_acticoid_error,," require pkt.payload = queued_frames(scid);""",/results/temp/2466/quic_client_test_tp_limit_acticoid_error0.iev,0.0,0.0
quic-go,client,quic_client_test_retirecoid_error,,frame.connection_close:{err_code:0x130},/results/temp/2517/quic_client_test_retirecoid_error0.iev,0.0,0.0
quic-go,client,quic_client_test_retirecoid_error,,frame.connection_close:{err_code:0x130},/results/temp/2568/quic_client_test_retirecoid_error0.iev,0.0,0.0
mvfst,client,quic_client_test_retirecoid_error,,Timeout binding ID,/results/temp/2619/quic_client_test_retirecoid_error0.iev,0.0,0.0
mvfst,client,quic_client_test_retirecoid_error,,Timeout binding ID,/results/temp/2670/quic_client_test_retirecoid_error0.iev,0.0,0.0
lsquic,client,quic_client_test_retirecoid_error,,"require is_protocol_violation;""",/results/temp/2772/quic_client_test_retirecoid_error0.iev,0.0,0.0
picoquic,client,quic_client_test_retirecoid_error,," require pkt.payload = queued_frames(scid);""",/results/temp/2823/quic_client_test_retirecoid_error0.iev,0.0,0.0
picoquic,client,quic_client_test_retirecoid_error,," require pkt.payload = queued_frames(scid);""",/results/temp/2874/quic_client_test_retirecoid_error0.iev,0.0,0.0
aioquic,client,quic_client_test_retirecoid_error,,"require is_protocol_violation;""",/results/temp/2925/quic_client_test_retirecoid_error0.iev,0.0,0.0
aioquic,client,quic_client_test_retirecoid_error,," require pkt.payload = queued_frames(scid);""",/results/temp/2976/quic_client_test_retirecoid_error0.iev,0.0,0.0
quic-go,client,quic_client_test_newcoid_zero_error,,frame.connection_close:{err_code:0x130},/results/temp/3027/quic_client_test_newcoid_zero_error0.iev,0.0,0.0
quic-go,client,quic_client_test_newcoid_zero_error,,frame.connection_close:{err_code:0x130},/results/temp/3078/quic_client_test_newcoid_zero_error0.iev,0.0,0.0
mvfst,client,quic_client_test_newcoid_zero_error,,Timeout binding ID,/results/temp/3129/quic_client_test_newcoid_zero_error0.iev,0.0,0.0
mvfst,client,quic_client_test_newcoid_zero_error,,Timeout binding ID,/results/temp/3180/quic_client_test_newcoid_zero_error0.iev,0.0,0.0
lsquic,client,quic_client_test_newcoid_zero_error,,"require is_protocol_violation;""",/results/temp/3282/quic_client_test_newcoid_zero_error0.iev,0.0,0.0
picoquic,client,quic_client_test_newcoid_zero_error,," require pkt.payload = queued_frames(scid);""",/results/temp/3333/quic_client_test_newcoid_zero_error0.iev,0.0,0.0
picoquic,client,quic_client_test_newcoid_zero_error,," require pkt.payload = queued_frames(scid);""",/results/temp/3384/quic_client_test_newcoid_zero_error0.iev,0.0,0.0
aioquic,client,quic_client_test_newcoid_zero_error,," require pkt.payload = queued_frames(scid);""",/results/temp/3435/quic_client_test_newcoid_zero_error0.iev,0.0,0.0
aioquic,client,quic_client_test_newcoid_zero_error,," require pkt.payload = queued_frames(scid);""",/results/temp/3486/quic_client_test_newcoid_zero_error0.iev,0.0,0.0
quic-go,client,quic_client_test_accept_maxdata,,frame.connection_close:{err_code:0x130},/results/temp/3537/quic_client_test_accept_maxdata0.iev,0.0,0.0
quic-go,client,quic_client_test_accept_maxdata,,frame.connection_close:{err_code:0x130},/results/temp/3588/quic_client_test_accept_maxdata0.iev,0.0,0.0
mvfst,client,quic_client_test_accept_maxdata,,Timeout binding ID,/results/temp/3639/quic_client_test_accept_maxdata0.iev,0.0,0.0
mvfst,client,quic_client_test_accept_maxdata,,Timeout binding ID,/results/temp/3690/quic_client_test_accept_maxdata0.iev,0.0,0.0
lsquic,client,quic_client_test_accept_maxdata,,"require conn_total_data(the_cid) > 0;""",/results/temp/3741/quic_client_test_accept_maxdata0.iev,0.0,0.0
lsquic,client,quic_client_test_accept_maxdata,,"require conn_total_data(the_cid) > 0;""",/results/temp/3792/quic_client_test_accept_maxdata0.iev,0.0,0.0
picoquic,client,quic_client_test_accept_maxdata,,frame.connection_close:{err_code:0x4},/results/temp/3843/quic_client_test_accept_maxdata0.iev,0.0,0.0
picoquic,client,quic_client_test_accept_maxdata,,frame.connection_close:{err_code:0x4},/results/temp/3894/quic_client_test_accept_maxdata0.iev,0.0,0.0
aioquic,client,quic_client_test_accept_maxdata,,frame.connection_close:{err_code:0x5},/results/temp/3945/quic_client_test_accept_maxdata0.iev,0.0,0.0
aioquic,client,quic_client_test_accept_maxdata,,frame.connection_close:{err_code:0x5},/results/temp/3996/quic_client_test_accept_maxdata0.iev,0.0,0.0
quic-go,client,quic_client_test_tp_prefadd_error,,frame.connection_close:{err_code:0x130},/results/temp/4047/quic_client_test_tp_prefadd_error0.iev,0.0,0.0
mvfst,client,quic_client_test_tp_prefadd_error,,Timeout binding ID,/results/temp/4149/quic_client_test_tp_prefadd_error0.iev,0.0,0.0
lsquic,client,quic_client_test_tp_prefadd_error,,Timeout sending ID,/results/temp/4200/quic_client_test_tp_prefadd_error0.iev,0.0,0.0
picoquic,client,quic_client_test_tp_prefadd_error,,No Error,/results/temp/4302/quic_client_test_tp_prefadd_error0.iev,0.0,1.0
picoquic,client,quic_client_test_tp_prefadd_error,,No Error,/results/temp/4353/quic_client_test_tp_prefadd_error0.iev,0.0,1.0
aioquic,client,quic_client_test_tp_prefadd_error,,Timeout sending ID,/results/temp/4404/quic_client_test_tp_prefadd_error0.iev,0.0,0.0
aioquic,client,quic_client_test_tp_prefadd_error,,Timeout sending ID,/results/temp/4455/quic_client_test_tp_prefadd_error0.iev,0.0,0.0
quic-go,client,quic_client_test_no_odci,,server_return_code(1)+timeout,/results/temp/4557/quic_client_test_no_odci0.iev,0.0,0.0
mvfst,client,quic_client_test_no_odci,,Timeout binding ID,/results/temp/4608/quic_client_test_no_odci0.iev,0.0,0.0
mvfst,client,quic_client_test_no_odci,,Timeout binding ID,/results/temp/4659/quic_client_test_no_odci0.iev,0.0,0.0
lsquic,client,quic_client_test_no_odci,,Timeout sending ID,/results/temp/4710/quic_client_test_no_odci0.iev,0.0,0.0
lsquic,client,quic_client_test_no_odci,,Timeout sending ID,/results/temp/4761/quic_client_test_no_odci0.iev,0.0,0.0
picoquic,client,quic_client_test_no_odci,,No Error,/results/temp/4812/quic_client_test_no_odci0.iev,0.0,1.0
picoquic,client,quic_client_test_no_odci,,No Error,/results/temp/4863/quic_client_test_no_odci0.iev,0.0,1.0
aioquic,client,quic_client_test_no_odci,,Segmentation Fault 139,/results/temp/4914/quic_client_test_no_odci0.iev,0.0,0.0
aioquic,client,quic_client_test_no_odci,,Segmentation Fault 139,/results/temp/4965/quic_client_test_no_odci0.iev,0.0,0.0
quic-go,client,quic_client_test_ext_min_ack_delay,,frame.connection_close:{err_code:0x130},/results/temp/5016/quic_client_test_ext_min_ack_delay0.iev,0.0,0.0
quic-go,client,quic_client_test_ext_min_ack_delay,,frame.connection_close:{err_code:0x130},/results/temp/5067/quic_client_test_ext_min_ack_delay0.iev,0.0,0.0
mvfst,client,quic_client_test_ext_min_ack_delay,,Timeout binding ID,/results/temp/5118/quic_client_test_ext_min_ack_delay0.iev,0.0,0.0
mvfst,client,quic_client_test_ext_min_ack_delay,,Timeout binding ID,/results/temp/5169/quic_client_test_ext_min_ack_delay0.iev,0.0,0.0
lsquic,client,quic_client_test_ext_min_ack_delay,,Timeout sending ID,/results/temp/5220/quic_client_test_ext_min_ack_delay0.iev,0.0,0.0
lsquic,client,quic_client_test_ext_min_ack_delay,,Timeout sending ID,/results/temp/5271/quic_client_test_ext_min_ack_delay0.iev,0.0,0.0
picoquic,client,quic_client_test_ext_min_ack_delay,,Timeout sending ID,/results/temp/5322/quic_client_test_ext_min_ack_delay0.iev,0.0,0.0
picoquic,client,quic_client_test_ext_min_ack_delay,,Timeout sending ID,/results/temp/5373/quic_client_test_ext_min_ack_delay0.iev,0.0,0.0
aioquic,client,quic_client_test_ext_min_ack_delay,,Timeout sending ID,/results/temp/5424/quic_client_test_ext_min_ack_delay0.iev,0.0,0.0
aioquic,client,quic_client_test_ext_min_ack_delay,,Timeout sending ID,/results/temp/5475/quic_client_test_ext_min_ack_delay0.iev,0.0,0.0
picoquic,client,quic_client_test_double_tp_error,,No Error,/results/temp/1344/quic_client_test_double_tp_error0.iev,0.0,1.0
picoquic,client,quic_client_test_double_tp_error,,No Error,/results/temp/1395/quic_client_test_double_tp_error0.iev,0.0,1.0
aioquic,client,quic_client_test_double_tp_error,,Timeout sending ID,/results/temp/1446/quic_client_test_double_tp_error0.iev,0.0,0.0
aioquic,client,quic_client_test_double_tp_error,,Timeout sending ID,/results/temp/1497/quic_client_test_double_tp_error0.iev,0.0,0.0
quic-go,client,quic_client_test_tp_acticoid_error,,frame.connection_close:{err_code:0x8},/results/temp/1548/quic_client_test_tp_acticoid_error0.iev,0.0,0.0
quic-go,client,quic_client_test_tp_acticoid_error,,frame.connection_close:{err_code:0x8},/results/temp/1599/quic_client_test_tp_acticoid_error0.iev,0.0,0.0
mvfst,client,quic_client_test_tp_acticoid_error,,Timeout binding ID,/results/temp/1650/quic_client_test_tp_acticoid_error0.iev,0.0,0.0
lsquic,client,quic_client_test_tp_acticoid_error,,Timeout sending ID,/results/temp/1701/quic_client_test_tp_acticoid_error0.iev,0.0,0.0
lsquic,client,quic_client_test_tp_acticoid_error,,Timeout sending ID,/results/temp/1752/quic_client_test_tp_acticoid_error0.iev,0.0,0.0
picoquic,client,quic_client_test_tp_acticoid_error,,Timeout sending ID,/results/temp/1803/quic_client_test_tp_acticoid_error0.iev,0.0,0.0
picoquic,client,quic_client_test_tp_acticoid_error,,Timeout sending ID,/results/temp/1854/quic_client_test_tp_acticoid_error0.iev,0.0,0.0
aioquic,client,quic_client_test_tp_acticoid_error,,Segmentation Fault 139,/results/temp/1905/quic_client_test_tp_acticoid_error0.iev,0.0,0.0
aioquic,client,quic_client_test_tp_acticoid_error,,Segmentation Fault 139,/results/temp/1956/quic_client_test_tp_acticoid_error0.iev,0.0,0.0
quic-go,client,quic_client_test_max,,frame.connection_close:{err_code:0x130},/results/temp/32/quic_client_test_max0.iev,0.0,0.0
quic-go,client,quic_client_test_tp_error,,server_return_code(1)+timeout,/results/temp/529/quic_client_test_tp_error0.iev,0.0,0.0
quic-go,client,quic_client_test_tp_error,,server_return_code(1)+timeout,/results/temp/580/quic_client_test_tp_error0.iev,0.0,0.0
mvfst,client,quic_client_test_tp_error,,Timeout binding ID,/results/temp/631/quic_client_test_tp_error0.iev,0.0,0.0
mvfst,client,quic_client_test_tp_error,,Timeout binding ID,/results/temp/682/quic_client_test_tp_error0.iev,0.0,0.0
lsquic,client,quic_client_test_tp_error,,Timeout sending ID,/results/temp/784/quic_client_test_tp_error0.iev,0.0,0.0
picoquic,client,quic_client_test_tp_acticoid_error,,Timeout sending ID,/results/temp/1855/quic_client_test_tp_acticoid_error0.iev,0.0,0.0
aioquic,client,quic_client_test_tp_acticoid_error,,Segmentation Fault 139,/results/temp/1906/quic_client_test_tp_acticoid_error0.iev,0.0,0.0
aioquic,client,quic_client_test_tp_acticoid_error,,Segmentation Fault 139,/results/temp/1957/quic_client_test_tp_acticoid_error0.iev,0.0,0.0
quic-go,client,quic_client_test_tp_limit_acticoid_error,,frame.connection_close:{err_code:0x130},/results/temp/2059/quic_client_test_tp_limit_acticoid_error0.iev,0.0,0.0
mvfst,client,quic_client_test_tp_limit_acticoid_error,,Timeout binding ID,/results/temp/2110/quic_client_test_tp_limit_acticoid_error0.iev,0.0,0.0
mvfst,client,quic_client_test_tp_limit_acticoid_error,,Timeout binding ID,/results/temp/2161/quic_client_test_tp_limit_acticoid_error0.iev,0.0,0.0
lsquic,client,quic_client_test_tp_limit_acticoid_error,,"require is_connection_id_limit_error;""",/results/temp/2212/quic_client_test_tp_limit_acticoid_error0.iev,0.0,0.0
picoquic,client,quic_client_test_tp_limit_acticoid_error,," require pkt.payload = queued_frames(scid);""",/results/temp/2314/quic_client_test_tp_limit_acticoid_error0.iev,0.0,0.0
picoquic,client,quic_client_test_tp_limit_acticoid_error,," require pkt.payload = queued_frames(scid);""",/results/temp/2365/quic_client_test_tp_limit_acticoid_error0.iev,0.0,0.0
aioquic,client,quic_client_test_tp_limit_acticoid_error,," require pkt.payload = queued_frames(scid);""",/results/temp/2416/quic_client_test_tp_limit_acticoid_error0.iev,0.0,0.0
aioquic,client,quic_client_test_tp_limit_acticoid_error,," require pkt.payload = queued_frames(scid);""",/results/temp/2467/quic_client_test_tp_limit_acticoid_error0.iev,0.0,0.0
quic-go,client,quic_client_test_retirecoid_error,,frame.connection_close:{err_code:0x130},/results/temp/2518/quic_client_test_retirecoid_error0.iev,0.0,0.0
quic-go,client,quic_client_test_retirecoid_error,,frame.connection_close:{err_code:0x130},/results/temp/2569/quic_client_test_retirecoid_error0.iev,0.0,0.0
mvfst,client,quic_client_test_retirecoid_error,,Timeout binding ID,/results/temp/2620/quic_client_test_retirecoid_error0.iev,0.0,0.0
mvfst,client,quic_client_test_retirecoid_error,,Timeout binding ID,/results/temp/2671/quic_client_test_retirecoid_error0.iev,0.0,0.0
lsquic,client,quic_client_test_retirecoid_error,,"require is_protocol_violation;""",/results/temp/2722/quic_client_test_retirecoid_error0.iev,0.0,0.0
picoquic,client,quic_client_test_retirecoid_error,," require pkt.payload = queued_frames(scid);""",/results/temp/2824/quic_client_test_retirecoid_error0.iev,0.0,0.0
picoquic,client,quic_client_test_retirecoid_error,," require pkt.payload = queued_frames(scid);""",/results/temp/2875/quic_client_test_retirecoid_error0.iev,0.0,0.0
aioquic,client,quic_client_test_retirecoid_error,," require pkt.payload = queued_frames(scid);""",/results/temp/2926/quic_client_test_retirecoid_error0.iev,0.0,0.0
aioquic,client,quic_client_test_retirecoid_error,," require pkt.payload = queued_frames(scid);""",/results/temp/2977/quic_client_test_retirecoid_error0.iev,0.0,0.0
quic-go,client,quic_client_test_newcoid_zero_error,,frame.connection_close:{err_code:0x130},/results/temp/3079/quic_client_test_newcoid_zero_error0.iev,0.0,0.0
mvfst,client,quic_client_test_newcoid_zero_error,,Timeout binding ID,/results/temp/3130/quic_client_test_newcoid_zero_error0.iev,0.0,0.0
mvfst,client,quic_client_test_newcoid_zero_error,,Timeout binding ID,/results/temp/3181/quic_client_test_newcoid_zero_error0.iev,0.0,0.0
lsquic,client,quic_client_test_newcoid_zero_error,,"require is_protocol_violation;""",/results/temp/3232/quic_client_test_newcoid_zero_error0.iev,0.0,0.0
lsquic,client,quic_client_test_newcoid_zero_error,,"require is_protocol_violation;""",/results/temp/3283/quic_client_test_newcoid_zero_error0.iev,0.0,0.0
picoquic,client,quic_client_test_newcoid_zero_error,," require pkt.payload = queued_frames(scid);""",/results/temp/3334/quic_client_test_newcoid_zero_error0.iev,0.0,0.0
picoquic,client,quic_client_test_newcoid_zero_error,," require pkt.payload = queued_frames(scid);""",/results/temp/3385/quic_client_test_newcoid_zero_error0.iev,0.0,0.0
aioquic,client,quic_client_test_newcoid_zero_error,,"	require num_queued_frames(scid) > 0 -> e = queued_level(scid);""",/results/temp/3436/quic_client_test_newcoid_zero_error0.iev,0.0,0.0
aioquic,client,quic_client_test_newcoid_zero_error,," require pkt.payload = queued_frames(scid);""",/results/temp/3487/quic_client_test_newcoid_zero_error0.iev,0.0,0.0
quic-go,client,quic_client_test_accept_maxdata,,frame.connection_close:{err_code:0x130},/results/temp/3538/quic_client_test_accept_maxdata0.iev,0.0,0.0
quic-go,client,quic_client_test_accept_maxdata,,frame.connection_close:{err_code:0x130},/results/temp/3589/quic_client_test_accept_maxdata0.iev,0.0,0.0
mvfst,client,quic_client_test_accept_maxdata,,Timeout binding ID,/results/temp/3640/quic_client_test_accept_maxdata0.iev,0.0,0.0
mvfst,client,quic_client_test_accept_maxdata,,Timeout binding ID,/results/temp/3691/quic_client_test_accept_maxdata0.iev,0.0,0.0
lsquic,client,quic_client_test_accept_maxdata,,"require conn_total_data(the_cid) > 0;""",/results/temp/3742/quic_client_test_accept_maxdata0.iev,0.0,0.0
lsquic,client,quic_client_test_accept_maxdata,,"require conn_total_data(the_cid) > 0;""",/results/temp/3793/quic_client_test_accept_maxdata0.iev,0.0,0.0
picoquic,client,quic_client_test_accept_maxdata,,frame.connection_close:{err_code:0x4},/results/temp/3844/quic_client_test_accept_maxdata0.iev,0.0,0.0
picoquic,client,quic_client_test_accept_maxdata,,frame.connection_close:{err_code:0x4},/results/temp/3895/quic_client_test_accept_maxdata0.iev,0.0,0.0
aioquic,client,quic_client_test_accept_maxdata,,frame.connection_close:{err_code:0x5},/results/temp/3946/quic_client_test_accept_maxdata0.iev,0.0,0.0
aioquic,client,quic_client_test_accept_maxdata,,frame.connection_close:{err_code:0x5},/results/temp/3997/quic_client_test_accept_maxdata0.iev,0.0,0.0
quic-go,client,quic_client_test_tp_prefadd_error,,frame.connection_close:{err_code:0x130},/results/temp/4048/quic_client_test_tp_prefadd_error0.iev,0.0,0.0
mvfst,client,quic_client_test_tp_prefadd_error,,Timeout binding ID,/results/temp/4150/quic_client_test_tp_prefadd_error0.iev,0.0,0.0
lsquic,client,quic_client_test_tp_prefadd_error,,Timeout sending ID,/results/temp/4201/quic_client_test_tp_prefadd_error0.iev,0.0,0.0
lsquic,client,quic_client_test_tp_prefadd_error,,Timeout sending ID,/results/temp/4252/quic_client_test_tp_prefadd_error0.iev,0.0,0.0
picoquic,client,quic_client_test_tp_prefadd_error,,No Error,/results/temp/4303/quic_client_test_tp_prefadd_error0.iev,0.0,1.0
picoquic,client,quic_client_test_tp_prefadd_error,,No Error,/results/temp/4354/quic_client_test_tp_prefadd_error0.iev,0.0,1.0
aioquic,client,quic_client_test_tp_prefadd_error,,Timeout sending ID,/results/temp/4405/quic_client_test_tp_prefadd_error0.iev,0.0,0.0
aioquic,client,quic_client_test_tp_prefadd_error,,Timeout sending ID,/results/temp/4456/quic_client_test_tp_prefadd_error0.iev,0.0,0.0
quic-go,client,quic_client_test_no_odci,,server_return_code(1)+timeout,/results/temp/4507/quic_client_test_no_odci0.iev,0.0,0.0
quic-go,client,quic_client_test_no_odci,,server_return_code(1)+timeout,/results/temp/4558/quic_client_test_no_odci0.iev,0.0,0.0
mvfst,client,quic_client_test_no_odci,,Timeout binding ID,/results/temp/4609/quic_client_test_no_odci0.iev,0.0,0.0
mvfst,client,quic_client_test_no_odci,,Timeout binding ID,/results/temp/4660/quic_client_test_no_odci0.iev,0.0,0.0
lsquic,client,quic_client_test_no_odci,,Timeout sending ID,/results/temp/4711/quic_client_test_no_odci0.iev,0.0,0.0
lsquic,client,quic_client_test_no_odci,,Timeout sending ID,/results/temp/4762/quic_client_test_no_odci0.iev,0.0,0.0
picoquic,client,quic_client_test_no_odci,,No Error,/results/temp/4813/quic_client_test_no_odci0.iev,0.0,1.0
picoquic,client,quic_client_test_no_odci,,No Error,/results/temp/4864/quic_client_test_no_odci0.iev,0.0,1.0
aioquic,client,quic_client_test_no_odci,,Segmentation Fault 139,/results/temp/4915/quic_client_test_no_odci0.iev,0.0,0.0
aioquic,client,quic_client_test_no_odci,,Segmentation Fault 139,/results/temp/4966/quic_client_test_no_odci0.iev,0.0,0.0
quic-go,client,quic_client_test_ext_min_ack_delay,,"require ~_generating & ~queued_non_ack(scid) -> ack_credit(scid) > 0;  # [5]""",/results/temp/5017/quic_client_test_ext_min_ack_delay0.iev,0.0,0.0
mvfst,client,quic_client_test_ext_min_ack_delay,,Timeout binding ID,/results/temp/5119/quic_client_test_ext_min_ack_delay0.iev,0.0,0.0
mvfst,client,quic_client_test_ext_min_ack_delay,,Timeout binding ID,/results/temp/5170/quic_client_test_ext_min_ack_delay0.iev,0.0,0.0
lsquic,client,quic_client_test_ext_min_ack_delay,,Timeout sending ID,/results/temp/5272/quic_client_test_ext_min_ack_delay0.iev,0.0,0.0
picoquic,client,quic_client_test_ext_min_ack_delay,,Timeout sending ID,/results/temp/5323/quic_client_test_ext_min_ack_delay0.iev,0.0,0.0
picoquic,client,quic_client_test_ext_min_ack_delay,,Timeout sending ID,/results/temp/5374/quic_client_test_ext_min_ack_delay0.iev,0.0,0.0
aioquic,client,quic_client_test_ext_min_ack_delay,,Timeout sending ID,/results/temp/5425/quic_client_test_ext_min_ack_delay0.iev,0.0,0.0
aioquic,client,quic_client_test_ext_min_ack_delay,,Timeout sending ID,/results/temp/5476/quic_client_test_ext_min_ack_delay0.iev,0.0,0.0
picoquic,client,quic_client_test_tp_error,,Timeout sending ID,/results/temp/835/quic_client_test_tp_error0.iev,0.0,0.0
picoquic,client,quic_client_test_tp_error,,Timeout sending ID,/results/temp/886/quic_client_test_tp_error0.iev,0.0,0.0
aioquic,client,quic_client_test_tp_error,,Timeout sending ID,/results/temp/937/quic_client_test_tp_error0.iev,0.0,0.0
aioquic,client,quic_client_test_tp_error,,Timeout sending ID,/results/temp/988/quic_client_test_tp_error0.iev,0.0,0.0
quic-go,client,quic_client_test_double_tp_error,,server_return_code(1)+timeout,/results/temp/1039/quic_client_test_double_tp_error0.iev,0.0,0.0
mvfst,client,quic_client_test_double_tp_error,,Timeout binding ID,/results/temp/1141/quic_client_test_double_tp_error0.iev,0.0,0.0
mvfst,client,quic_client_test_double_tp_error,,Timeout binding ID,/results/temp/1192/quic_client_test_double_tp_error0.iev,0.0,0.0
lsquic,client,quic_client_test_double_tp_error,,Timeout sending ID,/results/temp/1243/quic_client_test_double_tp_error0.iev,0.0,0.0
lsquic,client,quic_client_test_double_tp_error,,Timeout sending ID,/results/temp/1294/quic_client_test_double_tp_error0.iev,0.0,0.0
picoquic,client,quic_client_test_double_tp_error,,No Error,/results/temp/1345/quic_client_test_double_tp_error0.iev,0.0,1.0
picoquic,client,quic_client_test_double_tp_error,,No Error,/results/temp/1396/quic_client_test_double_tp_error0.iev,0.0,1.0
aioquic,client,quic_client_test_double_tp_error,,Timeout sending ID,/results/temp/1447/quic_client_test_double_tp_error0.iev,0.0,0.0
aioquic,client,quic_client_test_double_tp_error,,Timeout sending ID,/results/temp/1498/quic_client_test_double_tp_error0.iev,0.0,0.0
quic-go,client,quic_client_test_tp_acticoid_error,,frame.connection_close:{err_code:0x8},/results/temp/1549/quic_client_test_tp_acticoid_error0.iev,0.0,0.0
mvfst,client,quic_client_test_tp_acticoid_error,,Timeout binding ID,/results/temp/1600/quic_client_test_tp_acticoid_error0.iev,0.0,0.0
mvfst,client,quic_client_test_tp_acticoid_error,,Timeout binding ID,/results/temp/1651/quic_client_test_tp_acticoid_error0.iev,0.0,0.0
lsquic,client,quic_client_test_tp_acticoid_error,,Timeout sending ID,/results/temp/1753/quic_client_test_tp_acticoid_error0.iev,0.0,0.0
picoquic,client,quic_client_test_tp_acticoid_error,,Timeout sending ID,/results/temp/1804/quic_client_test_tp_acticoid_error0.iev,0.0,0.0
quic-go,client,quic_client_test_newcoid_zero_error,," require pkt.payload = queued_frames(scid);""",/results/temp/33/quic_client_test_newcoid_zero_error0.iev,0.0,0.0
quic-go,client,quic_client_test_max,,frame.connection_close:{err_code:0x130},/results/temp/33/quic_client_test_max0.iev,0.0,0.0
quic-go,client,quic_client_test_max,,frame.connection_close:{err_code:0x130},/results/temp/84/quic_client_test_max0.iev,0.0,0.0
mvfst,client,quic_client_test_max,,Timeout binding ID,/results/temp/135/quic_client_test_max0.iev,0.0,0.0
mvfst,client,quic_client_test_max,,Timeout binding ID,/results/temp/186/quic_client_test_max0.iev,0.0,0.0
lsquic,client,quic_client_test_max,,"require conn_total_data(the_cid) > 0;""",/results/temp/237/quic_client_test_max0.iev,0.0,0.0
lsquic,client,quic_client_test_max,,"require conn_total_data(the_cid) > 0;""",/results/temp/288/quic_client_test_max0.iev,0.0,0.0
picoquic,client,quic_client_test_max,,frame.connection_close:{err_code:0x4},/results/temp/339/quic_client_test_max0.iev,0.0,0.0
picoquic,client,quic_client_test_max,,frame.connection_close:{err_code:0x4},/results/temp/390/quic_client_test_max0.iev,0.0,0.0
aioquic,client,quic_client_test_max,,No Error,/results/temp/441/quic_client_test_max0.iev,0.0,1.0
aioquic,client,quic_client_test_max,,No Error,/results/temp/492/quic_client_test_max0.iev,0.0,1.0
mvfst,client,quic_client_test_max,,Timeout binding ID,/results/temp/187/quic_client_test_max0.iev,0.0,0.0
lsquic,client,quic_client_test_max,,"require conn_total_data(the_cid) > 0;""",/results/temp/238/quic_client_test_max0.iev,0.0,0.0
lsquic,client,quic_client_test_max,,"require conn_total_data(the_cid) > 0;""",/results/temp/289/quic_client_test_max0.iev,0.0,0.0
picoquic,client,quic_client_test_max,,frame.connection_close:{err_code:0x4},/results/temp/340/quic_client_test_max0.iev,0.0,0.0
picoquic,client,quic_client_test_max,,No Error,/results/temp/391/quic_client_test_max0.iev,0.0,1.0
aioquic,client,quic_client_test_max,,frame.connection_close:{err_code:0x5},/results/temp/442/quic_client_test_max0.iev,0.0,0.0
aioquic,client,quic_client_test_max,,No Error,/results/temp/493/quic_client_test_max0.iev,0.0,1.0
quic-go,client,quic_client_test_tp_error,,server_return_code(1)+timeout,/results/temp/581/quic_client_test_tp_error0.iev,0.0,0.0
lsquic,client,quic_client_test_double_tp_error,,Timeout sending ID,/results/temp/1244/quic_client_test_double_tp_error0.iev,0.0,0.0
lsquic,client,quic_client_test_double_tp_error,,Timeout sending ID,/results/temp/1295/quic_client_test_double_tp_error0.iev,0.0,0.0
picoquic,client,quic_client_test_double_tp_error,,No Error,/results/temp/1346/quic_client_test_double_tp_error0.iev,0.0,1.0
picoquic,client,quic_client_test_double_tp_error,,No Error,/results/temp/1397/quic_client_test_double_tp_error0.iev,0.0,1.0
aioquic,client,quic_client_test_double_tp_error,,Timeout sending ID,/results/temp/1448/quic_client_test_double_tp_error0.iev,0.0,0.0
aioquic,client,quic_client_test_double_tp_error,,Timeout sending ID,/results/temp/1499/quic_client_test_double_tp_error0.iev,0.0,0.0
mvfst,client,quic_client_test_tp_acticoid_error,,Timeout binding ID,/results/temp/1601/quic_client_test_tp_acticoid_error0.iev,0.0,0.0
mvfst,client,quic_client_test_tp_acticoid_error,,Timeout binding ID,/results/temp/1652/quic_client_test_tp_acticoid_error0.iev,0.0,0.0
lsquic,client,quic_client_test_tp_acticoid_error,,Timeout sending ID,/results/temp/1703/quic_client_test_tp_acticoid_error0.iev,0.0,0.0
picoquic,client,quic_client_test_tp_acticoid_error,,Timeout sending ID,/results/temp/1805/quic_client_test_tp_acticoid_error0.iev,0.0,0.0
picoquic,client,quic_client_test_tp_acticoid_error,,Timeout sending ID,/results/temp/1856/quic_client_test_tp_acticoid_error0.iev,0.0,0.0
aioquic,client,quic_client_test_tp_acticoid_error,,Segmentation Fault 139,/results/temp/1907/quic_client_test_tp_acticoid_error0.iev,0.0,0.0
aioquic,client,quic_client_test_tp_acticoid_error,,Segmentation Fault 139,/results/temp/1958/quic_client_test_tp_acticoid_error0.iev,0.0,0.0
quic-go,client,quic_client_test_tp_limit_acticoid_error,,frame.connection_close:{err_code:0x130},/results/temp/2009/quic_client_test_tp_limit_acticoid_error0.iev,0.0,0.0
mvfst,client,quic_client_test_tp_limit_acticoid_error,,Timeout binding ID,/results/temp/2111/quic_client_test_tp_limit_acticoid_error0.iev,0.0,0.0
mvfst,client,quic_client_test_tp_limit_acticoid_error,,Timeout binding ID,/results/temp/2162/quic_client_test_tp_limit_acticoid_error0.iev,0.0,0.0
lsquic,client,quic_client_test_tp_limit_acticoid_error,,"require is_connection_id_limit_error;""",/results/temp/2213/quic_client_test_tp_limit_acticoid_error0.iev,0.0,0.0
picoquic,client,quic_client_test_tp_limit_acticoid_error,," require pkt.payload = queued_frames(scid);""",/results/temp/2315/quic_client_test_tp_limit_acticoid_error0.iev,0.0,0.0
picoquic,client,quic_client_test_tp_limit_acticoid_error,," require pkt.payload = queued_frames(scid);""",/results/temp/2366/quic_client_test_tp_limit_acticoid_error0.iev,0.0,0.0
aioquic,client,quic_client_test_tp_limit_acticoid_error,," require pkt.payload = queued_frames(scid);""",/results/temp/2417/quic_client_test_tp_limit_acticoid_error0.iev,0.0,0.0
aioquic,client,quic_client_test_tp_limit_acticoid_error,," require pkt.payload = queued_frames(scid);""",/results/temp/2468/quic_client_test_tp_limit_acticoid_error0.iev,0.0,0.0
quic-go,client,quic_client_test_retirecoid_error,,frame.connection_close:{err_code:0x130},/results/temp/2570/quic_client_test_retirecoid_error0.iev,0.0,0.0
mvfst,client,quic_client_test_retirecoid_error,,Timeout binding ID,/results/temp/2621/quic_client_test_retirecoid_error0.iev,0.0,0.0
mvfst,client,quic_client_test_retirecoid_error,,Timeout binding ID,/results/temp/2672/quic_client_test_retirecoid_error0.iev,0.0,0.0
lsquic,client,quic_client_test_retirecoid_error,,"require is_protocol_violation;""",/results/temp/2774/quic_client_test_retirecoid_error0.iev,0.0,0.0
picoquic,client,quic_client_test_retirecoid_error,," require pkt.payload = queued_frames(scid);""",/results/temp/2825/quic_client_test_retirecoid_error0.iev,0.0,0.0
picoquic,client,quic_client_test_retirecoid_error,," require pkt.payload = queued_frames(scid);""",/results/temp/2876/quic_client_test_retirecoid_error0.iev,0.0,0.0
aioquic,client,quic_client_test_retirecoid_error,," require pkt.payload = queued_frames(scid);""",/results/temp/2927/quic_client_test_retirecoid_error0.iev,0.0,0.0
aioquic,client,quic_client_test_retirecoid_error,," require pkt.payload = queued_frames(scid);""",/results/temp/2978/quic_client_test_retirecoid_error0.iev,0.0,0.0
mvfst,client,quic_client_test_newcoid_zero_error,,Timeout binding ID,/results/temp/3131/quic_client_test_newcoid_zero_error0.iev,0.0,0.0
mvfst,client,quic_client_test_newcoid_zero_error,,Timeout binding ID,/results/temp/3182/quic_client_test_newcoid_zero_error0.iev,0.0,0.0
lsquic,client,quic_client_test_newcoid_zero_error,,"require is_protocol_violation;""",/results/temp/3233/quic_client_test_newcoid_zero_error0.iev,0.0,0.0
picoquic,client,quic_client_test_newcoid_zero_error,," require pkt.payload = queued_frames(scid);""",/results/temp/3335/quic_client_test_newcoid_zero_error0.iev,0.0,0.0
picoquic,client,quic_client_test_newcoid_zero_error,," require pkt.payload = queued_frames(scid);""",/results/temp/3386/quic_client_test_newcoid_zero_error0.iev,0.0,0.0
aioquic,client,quic_client_test_newcoid_zero_error,," require pkt.payload = queued_frames(scid);""",/results/temp/3437/quic_client_test_newcoid_zero_error0.iev,0.0,0.0
aioquic,client,quic_client_test_newcoid_zero_error,," require pkt.payload = queued_frames(scid);""",/results/temp/3488/quic_client_test_newcoid_zero_error0.iev,0.0,0.0
quic-go,client,quic_client_test_accept_maxdata,,frame.connection_close:{err_code:0x130},/results/temp/3539/quic_client_test_accept_maxdata0.iev,0.0,0.0
mvfst,client,quic_client_test_accept_maxdata,,Timeout binding ID,/results/temp/3641/quic_client_test_accept_maxdata0.iev,0.0,0.0
mvfst,client,quic_client_test_accept_maxdata,,Timeout binding ID,/results/temp/3692/quic_client_test_accept_maxdata0.iev,0.0,0.0
lsquic,client,quic_client_test_accept_maxdata,,"require conn_total_data(the_cid) > 0;""",/results/temp/3743/quic_client_test_accept_maxdata0.iev,0.0,0.0
lsquic,client,quic_client_test_accept_maxdata,,"require conn_total_data(the_cid) > 0;""",/results/temp/3794/quic_client_test_accept_maxdata0.iev,0.0,0.0
picoquic,client,quic_client_test_accept_maxdata,,frame.connection_close:{err_code:0x4},/results/temp/3845/quic_client_test_accept_maxdata0.iev,0.0,0.0
picoquic,client,quic_client_test_accept_maxdata,,frame.connection_close:{err_code:0x4},/results/temp/3896/quic_client_test_accept_maxdata0.iev,0.0,0.0
aioquic,client,quic_client_test_accept_maxdata,,frame.connection_close:{err_code:0x5},/results/temp/3947/quic_client_test_accept_maxdata0.iev,0.0,0.0
aioquic,client,quic_client_test_accept_maxdata,,frame.connection_close:{err_code:0x5},/results/temp/3998/quic_client_test_accept_maxdata0.iev,0.0,0.0
quic-go,client,quic_client_test_tp_prefadd_error,,frame.connection_close:{err_code:0x130},/results/temp/4049/quic_client_test_tp_prefadd_error0.iev,0.0,0.0
mvfst,client,quic_client_test_tp_prefadd_error,,Timeout binding ID,/results/temp/4100/quic_client_test_tp_prefadd_error0.iev,0.0,0.0
mvfst,client,quic_client_test_tp_prefadd_error,,Timeout binding ID,/results/temp/4151/quic_client_test_tp_prefadd_error0.iev,0.0,0.0
lsquic,client,quic_client_test_tp_prefadd_error,,Timeout sending ID,/results/temp/4253/quic_client_test_tp_prefadd_error0.iev,0.0,0.0
picoquic,client,quic_client_test_tp_prefadd_error,,No Error,/results/temp/4304/quic_client_test_tp_prefadd_error0.iev,0.0,1.0
picoquic,client,quic_client_test_tp_prefadd_error,,No Error,/results/temp/4355/quic_client_test_tp_prefadd_error0.iev,0.0,1.0
aioquic,client,quic_client_test_tp_prefadd_error,,Timeout sending ID,/results/temp/4406/quic_client_test_tp_prefadd_error0.iev,0.0,0.0
aioquic,client,quic_client_test_tp_prefadd_error,,Timeout sending ID,/results/temp/4457/quic_client_test_tp_prefadd_error0.iev,0.0,0.0
quic-go,client,quic_client_test_no_odci,,server_return_code(1)+timeout,/results/temp/4559/quic_client_test_no_odci0.iev,0.0,0.0
mvfst,client,quic_client_test_no_odci,,Timeout binding ID,/results/temp/4610/quic_client_test_no_odci0.iev,0.0,0.0
mvfst,client,quic_client_test_no_odci,,Timeout binding ID,/results/temp/4661/quic_client_test_no_odci0.iev,0.0,0.0
picoquic,client,quic_client_test_no_odci,,No Error,/results/temp/4814/quic_client_test_no_odci0.iev,0.0,1.0
picoquic,client,quic_client_test_no_odci,,No Error,/results/temp/4865/quic_client_test_no_odci0.iev,0.0,1.0
aioquic,client,quic_client_test_no_odci,,Segmentation Fault 139,/results/temp/4916/quic_client_test_no_odci0.iev,0.0,0.0
aioquic,client,quic_client_test_no_odci,,Segmentation Fault 139,/results/temp/4967/quic_client_test_no_odci0.iev,0.0,0.0
mvfst,client,quic_client_test_ext_min_ack_delay,,Timeout binding ID,/results/temp/5120/quic_client_test_ext_min_ack_delay0.iev,0.0,0.0
mvfst,client,quic_client_test_ext_min_ack_delay,,Timeout binding ID,/results/temp/5171/quic_client_test_ext_min_ack_delay0.iev,0.0,0.0
lsquic,client,quic_client_test_ext_min_ack_delay,,Timeout sending ID,/results/temp/5222/quic_client_test_ext_min_ack_delay0.iev,0.0,0.0
lsquic,client,quic_client_test_ext_min_ack_delay,,Timeout sending ID,/results/temp/5273/quic_client_test_ext_min_ack_delay0.iev,0.0,0.0
picoquic,client,quic_client_test_ext_min_ack_delay,,Timeout sending ID,/results/temp/5324/quic_client_test_ext_min_ack_delay0.iev,0.0,0.0
picoquic,client,quic_client_test_ext_min_ack_delay,,Timeout sending ID,/results/temp/5375/quic_client_test_ext_min_ack_delay0.iev,0.0,0.0
aioquic,client,quic_client_test_ext_min_ack_delay,,Timeout sending ID,/results/temp/5426/quic_client_test_ext_min_ack_delay0.iev,0.0,0.0
aioquic,client,quic_client_test_ext_min_ack_delay,,Timeout sending ID,/results/temp/5477/quic_client_test_ext_min_ack_delay0.iev,0.0,0.0
mvfst,client,quic_client_test_tp_error,,Timeout binding ID,/results/temp/632/quic_client_test_tp_error0.iev,0.0,0.0
mvfst,client,quic_client_test_tp_error,,Timeout binding ID,/results/temp/683/quic_client_test_tp_error0.iev,0.0,0.0
lsquic,client,quic_client_test_tp_error,,Timeout sending ID,/results/temp/734/quic_client_test_tp_error0.iev,0.0,0.0
picoquic,client,quic_client_test_tp_error,,Timeout sending ID,/results/temp/836/quic_client_test_tp_error0.iev,0.0,0.0
picoquic,client,quic_client_test_tp_error,,Timeout sending ID,/results/temp/887/quic_client_test_tp_error0.iev,0.0,0.0
aioquic,client,quic_client_test_tp_error,,Timeout sending ID,/results/temp/938/quic_client_test_tp_error0.iev,0.0,0.0
aioquic,client,quic_client_test_tp_error,,Timeout sending ID,/results/temp/989/quic_client_test_tp_error0.iev,0.0,0.0
quic-go,client,quic_client_test_double_tp_error,,server_return_code(1)+timeout,/results/temp/1040/quic_client_test_double_tp_error0.iev,0.0,0.0
quic-go,client,quic_client_test_double_tp_error,,server_return_code(1)+timeout,/results/temp/1091/quic_client_test_double_tp_error0.iev,0.0,0.0
mvfst,client,quic_client_test_double_tp_error,,Timeout binding ID,/results/temp/1142/quic_client_test_double_tp_error0.iev,0.0,0.0
quic-go,client,quic_client_test_newcoid_zero_error,,"	require num_queued_frames(scid) > 0 -> e = queued_level(scid);""",/results/temp/34/quic_client_test_newcoid_zero_error0.iev,0.0,0.0
quic-go,client,quic_client_test_max,,frame.connection_close:{err_code:0x130},/results/temp/34/quic_client_test_max0.iev,0.0,0.0
quic-go,client,quic_client_test_max,,frame.connection_close:{err_code:0x130},/results/temp/85/quic_client_test_max0.iev,0.0,0.0
mvfst,client,quic_client_test_max,,Timeout binding ID,/results/temp/136/quic_client_test_max0.iev,0.0,0.0
mvfst,client,quic_client_test_double_tp_error,,Timeout binding ID,/results/temp/1193/quic_client_test_double_tp_error0.iev,0.0,0.0
aioquic,client,quic_client_test_max,,No Error,/results/temp/443/quic_client_test_max0.iev,0.0,1.0
aioquic,client,quic_client_test_max,,No Error,/results/temp/494/quic_client_test_max0.iev,0.0,1.0
quic-go,client,quic_client_test_tp_error,,server_return_code(1)+timeout,/results/temp/531/quic_client_test_tp_error0.iev,0.0,0.0
mvfst,client,quic_client_test_tp_error,,Timeout binding ID,/results/temp/633/quic_client_test_tp_error0.iev,0.0,0.0
mvfst,client,quic_client_test_tp_error,,Timeout binding ID,/results/temp/684/quic_client_test_tp_error0.iev,0.0,0.0
lsquic,client,quic_client_test_tp_error,,Timeout sending ID,/results/temp/786/quic_client_test_tp_error0.iev,0.0,0.0
picoquic,client,quic_client_test_tp_error,,Timeout sending ID,/results/temp/837/quic_client_test_tp_error0.iev,0.0,0.0
picoquic,client,quic_client_test_tp_error,,Timeout sending ID,/results/temp/888/quic_client_test_tp_error0.iev,0.0,0.0
aioquic,client,quic_client_test_tp_error,,Timeout sending ID,/results/temp/939/quic_client_test_tp_error0.iev,0.0,0.0
aioquic,client,quic_client_test_tp_error,,Timeout sending ID,/results/temp/990/quic_client_test_tp_error0.iev,0.0,0.0
quic-go,client,quic_client_test_double_tp_error,,server_return_code(1)+timeout,/results/temp/1092/quic_client_test_double_tp_error0.iev,0.0,0.0
mvfst,client,quic_client_test_double_tp_error,,Timeout binding ID,/results/temp/1143/quic_client_test_double_tp_error0.iev,0.0,0.0
mvfst,client,quic_client_test_double_tp_error,,Timeout binding ID,/results/temp/1194/quic_client_test_double_tp_error0.iev,0.0,0.0
lsquic,client,quic_client_test_double_tp_error,,Timeout sending ID,/results/temp/1245/quic_client_test_double_tp_error0.iev,0.0,0.0
lsquic,client,quic_client_test_double_tp_error,,Timeout sending ID,/results/temp/1296/quic_client_test_double_tp_error0.iev,0.0,0.0
picoquic,client,quic_client_test_double_tp_error,,No Error,/results/temp/1347/quic_client_test_double_tp_error0.iev,0.0,1.0
picoquic,client,quic_client_test_double_tp_error,,No Error,/results/temp/1398/quic_client_test_double_tp_error0.iev,0.0,1.0
aioquic,client,quic_client_test_double_tp_error,,Timeout sending ID,/results/temp/1449/quic_client_test_double_tp_error0.iev,0.0,0.0
quic-go,client,quic_client_test_tp_acticoid_error,,frame.connection_close:{err_code:0x8},/results/temp/1500/quic_client_test_tp_acticoid_error0.iev,0.0,0.0
quic-go,client,quic_client_test_tp_acticoid_error,,frame.connection_close:{err_code:0x8},/results/temp/1551/quic_client_test_tp_acticoid_error0.iev,0.0,0.0
mvfst,client,quic_client_test_tp_acticoid_error,,Timeout binding ID,/results/temp/1602/quic_client_test_tp_acticoid_error0.iev,0.0,0.0
mvfst,client,quic_client_test_tp_acticoid_error,,Timeout binding ID,/results/temp/1653/quic_client_test_tp_acticoid_error0.iev,0.0,0.0
lsquic,client,quic_client_test_tp_acticoid_error,,Timeout sending ID,/results/temp/1704/quic_client_test_tp_acticoid_error0.iev,0.0,0.0
lsquic,client,quic_client_test_tp_acticoid_error,,Timeout sending ID,/results/temp/1755/quic_client_test_tp_acticoid_error0.iev,0.0,0.0
picoquic,client,quic_client_test_tp_acticoid_error,,Timeout sending ID,/results/temp/1806/quic_client_test_tp_acticoid_error0.iev,0.0,0.0
picoquic,client,quic_client_test_tp_acticoid_error,,Timeout sending ID,/results/temp/1857/quic_client_test_tp_acticoid_error0.iev,0.0,0.0
aioquic,client,quic_client_test_tp_acticoid_error,,Segmentation Fault 139,/results/temp/1908/quic_client_test_tp_acticoid_error0.iev,0.0,0.0
aioquic,client,quic_client_test_tp_acticoid_error,,Segmentation Fault 139,/results/temp/1959/quic_client_test_tp_acticoid_error0.iev,0.0,0.0
quic-go,client,quic_client_test_tp_limit_acticoid_error,,frame.connection_close:{err_code:0x130},/results/temp/2010/quic_client_test_tp_limit_acticoid_error0.iev,0.0,0.0
quic-go,client,quic_client_test_tp_limit_acticoid_error,,frame.connection_close:{err_code:0x130},/results/temp/2061/quic_client_test_tp_limit_acticoid_error0.iev,0.0,0.0
mvfst,client,quic_client_test_tp_limit_acticoid_error,,Timeout binding ID,/results/temp/2112/quic_client_test_tp_limit_acticoid_error0.iev,0.0,0.0
mvfst,client,quic_client_test_tp_limit_acticoid_error,,Timeout binding ID,/results/temp/2163/quic_client_test_tp_limit_acticoid_error0.iev,0.0,0.0
lsquic,client,quic_client_test_tp_limit_acticoid_error,,"require is_connection_id_limit_error;""",/results/temp/2214/quic_client_test_tp_limit_acticoid_error0.iev,0.0,0.0
quic-go,client,quic_client_test_retirecoid_error,,frame.connection_close:{err_code:0x130},/results/temp/2520/quic_client_test_retirecoid_error0.iev,0.0,0.0
mvfst,client,quic_client_test_retirecoid_error,,Timeout binding ID,/results/temp/2622/quic_client_test_retirecoid_error0.iev,0.0,0.0
mvfst,client,quic_client_test_retirecoid_error,,Timeout binding ID,/results/temp/2673/quic_client_test_retirecoid_error0.iev,0.0,0.0
lsquic,client,quic_client_test_retirecoid_error,,"require is_protocol_violation;""",/results/temp/2724/quic_client_test_retirecoid_error0.iev,0.0,0.0
lsquic,client,quic_client_test_retirecoid_error,,"require is_protocol_violation;""",/results/temp/2775/quic_client_test_retirecoid_error0.iev,0.0,0.0
picoquic,client,quic_client_test_retirecoid_error,," require pkt.payload = queued_frames(scid);""",/results/temp/2826/quic_client_test_retirecoid_error0.iev,0.0,0.0
picoquic,client,quic_client_test_retirecoid_error,," require pkt.payload = queued_frames(scid);""",/results/temp/2877/quic_client_test_retirecoid_error0.iev,0.0,0.0
aioquic,client,quic_client_test_retirecoid_error,,"	require num_queued_frames(scid) > 0 -> e = queued_level(scid);""",/results/temp/2928/quic_client_test_retirecoid_error0.iev,0.0,0.0
aioquic,client,quic_client_test_retirecoid_error,," require pkt.payload = queued_frames(scid);""",/results/temp/2979/quic_client_test_retirecoid_error0.iev,0.0,0.0
quic-go,client,quic_client_test_newcoid_zero_error,,frame.connection_close:{err_code:0x130},/results/temp/3081/quic_client_test_newcoid_zero_error0.iev,0.0,0.0
mvfst,client,quic_client_test_newcoid_zero_error,,Timeout binding ID,/results/temp/3132/quic_client_test_newcoid_zero_error0.iev,0.0,0.0
mvfst,client,quic_client_test_newcoid_zero_error,,Timeout binding ID,/results/temp/3183/quic_client_test_newcoid_zero_error0.iev,0.0,0.0
lsquic,client,quic_client_test_newcoid_zero_error,,"require is_protocol_violation;""",/results/temp/3285/quic_client_test_newcoid_zero_error0.iev,0.0,0.0
picoquic,client,quic_client_test_newcoid_zero_error,," require pkt.payload = queued_frames(scid);""",/results/temp/3336/quic_client_test_newcoid_zero_error0.iev,0.0,0.0
picoquic,client,quic_client_test_newcoid_zero_error,," require pkt.payload = queued_frames(scid);""",/results/temp/3387/quic_client_test_newcoid_zero_error0.iev,0.0,0.0
aioquic,client,quic_client_test_newcoid_zero_error,," require pkt.payload = queued_frames(scid);""",/results/temp/3438/quic_client_test_newcoid_zero_error0.iev,0.0,0.0
aioquic,client,quic_client_test_newcoid_zero_error,," require pkt.payload = queued_frames(scid);""",/results/temp/3489/quic_client_test_newcoid_zero_error0.iev,0.0,0.0
quic-go,client,quic_client_test_accept_maxdata,,frame.connection_close:{err_code:0x130},/results/temp/3540/quic_client_test_accept_maxdata0.iev,0.0,0.0
mvfst,client,quic_client_test_accept_maxdata,,Timeout binding ID,/results/temp/3642/quic_client_test_accept_maxdata0.iev,0.0,0.0
mvfst,client,quic_client_test_accept_maxdata,,Timeout binding ID,/results/temp/3693/quic_client_test_accept_maxdata0.iev,0.0,0.0
lsquic,client,quic_client_test_accept_maxdata,,"require conn_total_data(the_cid) > 0;""",/results/temp/3795/quic_client_test_accept_maxdata0.iev,0.0,0.0
picoquic,client,quic_client_test_accept_maxdata,,frame.connection_close:{err_code:0x4},/results/temp/3846/quic_client_test_accept_maxdata0.iev,0.0,0.0
picoquic,client,quic_client_test_accept_maxdata,,frame.connection_close:{err_code:0x4},/results/temp/3897/quic_client_test_accept_maxdata0.iev,0.0,0.0
aioquic,client,quic_client_test_accept_maxdata,,frame.connection_close:{err_code:0x5},/results/temp/3948/quic_client_test_accept_maxdata0.iev,0.0,0.0
aioquic,client,quic_client_test_accept_maxdata,,frame.connection_close:{err_code:0x5},/results/temp/3999/quic_client_test_accept_maxdata0.iev,0.0,0.0
quic-go,client,quic_client_test_tp_prefadd_error,,frame.connection_close:{err_code:0x130},/results/temp/4050/quic_client_test_tp_prefadd_error0.iev,0.0,0.0
mvfst,client,quic_client_test_tp_prefadd_error,,Timeout binding ID,/results/temp/4101/quic_client_test_tp_prefadd_error0.iev,0.0,0.0
mvfst,client,quic_client_test_tp_prefadd_error,,Timeout binding ID,/results/temp/4152/quic_client_test_tp_prefadd_error0.iev,0.0,0.0
lsquic,client,quic_client_test_tp_prefadd_error,,Timeout sending ID,/results/temp/4203/quic_client_test_tp_prefadd_error0.iev,0.0,0.0
picoquic,client,quic_client_test_tp_prefadd_error,,No Error,/results/temp/4305/quic_client_test_tp_prefadd_error0.iev,0.0,1.0
picoquic,client,quic_client_test_tp_prefadd_error,,No Error,/results/temp/4356/quic_client_test_tp_prefadd_error0.iev,0.0,1.0
aioquic,client,quic_client_test_tp_prefadd_error,,Timeout sending ID,/results/temp/4407/quic_client_test_tp_prefadd_error0.iev,0.0,0.0
aioquic,client,quic_client_test_tp_prefadd_error,,Timeout sending ID,/results/temp/4458/quic_client_test_tp_prefadd_error0.iev,0.0,0.0
mvfst,client,quic_client_test_no_odci,,Timeout binding ID,/results/temp/4611/quic_client_test_no_odci0.iev,0.0,0.0
mvfst,client,quic_client_test_no_odci,,Timeout binding ID,/results/temp/4662/quic_client_test_no_odci0.iev,0.0,0.0
lsquic,client,quic_client_test_no_odci,,Timeout sending ID,/results/temp/4764/quic_client_test_no_odci0.iev,0.0,0.0
picoquic,client,quic_client_test_no_odci,,No Error,/results/temp/4815/quic_client_test_no_odci0.iev,0.0,1.0
picoquic,client,quic_client_test_no_odci,,No Error,/results/temp/4866/quic_client_test_no_odci0.iev,0.0,1.0
aioquic,client,quic_client_test_no_odci,,Segmentation Fault 139,/results/temp/4917/quic_client_test_no_odci0.iev,0.0,0.0
aioquic,client,quic_client_test_no_odci,,Segmentation Fault 139,/results/temp/4968/quic_client_test_no_odci0.iev,0.0,0.0
quic-go,client,quic_client_test_ext_min_ack_delay,,frame.connection_close:{err_code:0x130},/results/temp/5070/quic_client_test_ext_min_ack_delay0.iev,0.0,0.0
mvfst,client,quic_client_test_ext_min_ack_delay,,Timeout binding ID,/results/temp/5121/quic_client_test_ext_min_ack_delay0.iev,0.0,0.0
mvfst,client,quic_client_test_ext_min_ack_delay,,Timeout binding ID,/results/temp/5172/quic_client_test_ext_min_ack_delay0.iev,0.0,0.0
lsquic,client,quic_client_test_ext_min_ack_delay,,Timeout sending ID,/results/temp/5223/quic_client_test_ext_min_ack_delay0.iev,0.0,0.0
picoquic,client,quic_client_test_ext_min_ack_delay,,Timeout sending ID,/results/temp/5325/quic_client_test_ext_min_ack_delay0.iev,0.0,0.0
picoquic,client,quic_client_test_ext_min_ack_delay,,Timeout sending ID,/results/temp/5376/quic_client_test_ext_min_ack_delay0.iev,0.0,0.0
aioquic,client,quic_client_test_ext_min_ack_delay,,Timeout sending ID,/results/temp/5427/quic_client_test_ext_min_ack_delay0.iev,0.0,0.0
aioquic,client,quic_client_test_ext_min_ack_delay,,Timeout sending ID,/results/temp/5478/quic_client_test_ext_min_ack_delay0.iev,0.0,0.0
lsquic,client,quic_client_test_tp_limit_acticoid_error,,"require is_connection_id_limit_error;""",/results/temp/2265/quic_client_test_tp_limit_acticoid_error0.iev,0.0,0.0
picoquic,client,quic_client_test_tp_limit_acticoid_error,," require pkt.payload = queued_frames(scid);""",/results/temp/2316/quic_client_test_tp_limit_acticoid_error0.iev,0.0,0.0
picoquic,client,quic_client_test_tp_limit_acticoid_error,," require pkt.payload = queued_frames(scid);""",/results/temp/2367/quic_client_test_tp_limit_acticoid_error0.iev,0.0,0.0
aioquic,client,quic_client_test_tp_limit_acticoid_error,," require pkt.payload = queued_frames(scid);""",/results/temp/2418/quic_client_test_tp_limit_acticoid_error0.iev,0.0,0.0
aioquic,client,quic_client_test_tp_limit_acticoid_error,," require pkt.payload = queued_frames(scid);""",/results/temp/2469/quic_client_test_tp_limit_acticoid_error0.iev,0.0,0.0
quic-go,client,quic_client_test_accept_maxdata,,frame.connection_close:{err_code:0x130},/results/temp/35/quic_client_test_accept_maxdata0.iev,0.0,0.0
quic-go,client,quic_client_test_max,,frame.connection_close:{err_code:0x130},/results/temp/35/quic_client_test_max0.iev,0.0,0.0
quic-go,client,quic_client_test_max,,frame.connection_close:{err_code:0x130},/results/temp/86/quic_client_test_max0.iev,0.0,0.0
mvfst,client,quic_client_test_max,,Timeout binding ID,/results/temp/137/quic_client_test_max0.iev,0.0,0.0
mvfst,client,quic_client_test_max,,Timeout binding ID,/results/temp/188/quic_client_test_max0.iev,0.0,0.0
lsquic,client,quic_client_test_max,,"require conn_total_data(the_cid) > 0;""",/results/temp/239/quic_client_test_max0.iev,0.0,0.0
picoquic,client,quic_client_test_max,,frame.connection_close:{err_code:0x4},/results/temp/341/quic_client_test_max0.iev,0.0,0.0
picoquic,client,quic_client_test_max,,No Error,/results/temp/392/quic_client_test_max0.iev,0.0,1.0
quic-go,client,quic_client_test_accept_maxdata,,Timeout binding ID,/results/temp/36/quic_client_test_accept_maxdata0.iev,0.0,0.0
quic-go,client,quic_client_test_max,,frame.connection_close:{err_code:0x130},/results/temp/36/quic_client_test_max0.iev,0.0,0.0
mvfst,client,quic_client_test_max,,Timeout binding ID,/results/temp/138/quic_client_test_max0.iev,0.0,0.0
mvfst,client,quic_client_test_max,,Timeout binding ID,/results/temp/189/quic_client_test_max0.iev,0.0,0.0
picoquic,client,quic_client_test_max,,No Error,/results/temp/342/quic_client_test_max0.iev,0.0,1.0
lsquic,client,quic_client_test_tp_error,,Timeout sending ID,/results/temp/787/quic_client_test_tp_error0.iev,0.0,0.0
picoquic,client,quic_client_test_tp_error,,Timeout sending ID,/results/temp/838/quic_client_test_tp_error0.iev,0.0,0.0
picoquic,client,quic_client_test_tp_error,,Timeout sending ID,/results/temp/889/quic_client_test_tp_error0.iev,0.0,0.0
aioquic,client,quic_client_test_tp_error,,Timeout sending ID,/results/temp/940/quic_client_test_tp_error0.iev,0.0,0.0
aioquic,client,quic_client_test_tp_error,,Timeout sending ID,/results/temp/991/quic_client_test_tp_error0.iev,0.0,0.0
quic-go,client,quic_client_test_double_tp_error,,server_return_code(1)+timeout,/results/temp/1042/quic_client_test_double_tp_error0.iev,0.0,0.0
mvfst,client,quic_client_test_double_tp_error,,Timeout binding ID,/results/temp/1144/quic_client_test_double_tp_error0.iev,0.0,0.0
mvfst,client,quic_client_test_double_tp_error,,Timeout binding ID,/results/temp/1195/quic_client_test_double_tp_error0.iev,0.0,0.0
lsquic,client,quic_client_test_double_tp_error,,Timeout sending ID,/results/temp/1246/quic_client_test_double_tp_error0.iev,0.0,0.0
lsquic,client,quic_client_test_double_tp_error,,Timeout sending ID,/results/temp/1297/quic_client_test_double_tp_error0.iev,0.0,0.0
picoquic,client,quic_client_test_double_tp_error,,No Error,/results/temp/1348/quic_client_test_double_tp_error0.iev,0.0,1.0
picoquic,client,quic_client_test_double_tp_error,,No Error,/results/temp/1399/quic_client_test_double_tp_error0.iev,0.0,1.0
aioquic,client,quic_client_test_double_tp_error,,Timeout sending ID,/results/temp/1450/quic_client_test_double_tp_error0.iev,0.0,0.0
quic-go,client,quic_client_test_tp_acticoid_error,,frame.connection_close:{err_code:0x8},/results/temp/1552/quic_client_test_tp_acticoid_error0.iev,0.0,0.0
mvfst,client,quic_client_test_tp_acticoid_error,,Timeout binding ID,/results/temp/1603/quic_client_test_tp_acticoid_error0.iev,0.0,0.0
mvfst,client,quic_client_test_tp_acticoid_error,,Timeout binding ID,/results/temp/1654/quic_client_test_tp_acticoid_error0.iev,0.0,0.0
lsquic,client,quic_client_test_tp_acticoid_error,,Timeout sending ID,/results/temp/1756/quic_client_test_tp_acticoid_error0.iev,0.0,0.0
picoquic,client,quic_client_test_tp_acticoid_error,,Timeout sending ID,/results/temp/1807/quic_client_test_tp_acticoid_error0.iev,0.0,0.0
picoquic,client,quic_client_test_tp_acticoid_error,,Timeout sending ID,/results/temp/1858/quic_client_test_tp_acticoid_error0.iev,0.0,0.0
aioquic,client,quic_client_test_tp_acticoid_error,,Segmentation Fault 139,/results/temp/1909/quic_client_test_tp_acticoid_error0.iev,0.0,0.0
aioquic,client,quic_client_test_tp_acticoid_error,,Segmentation Fault 139,/results/temp/1960/quic_client_test_tp_acticoid_error0.iev,0.0,0.0
quic-go,client,quic_client_test_tp_limit_acticoid_error,,frame.connection_close:{err_code:0x130},/results/temp/2011/quic_client_test_tp_limit_acticoid_error0.iev,0.0,0.0
quic-go,client,quic_client_test_tp_limit_acticoid_error,,frame.connection_close:{err_code:0x130},/results/temp/2062/quic_client_test_tp_limit_acticoid_error0.iev,0.0,0.0
mvfst,client,quic_client_test_tp_limit_acticoid_error,,Timeout binding ID,/results/temp/2113/quic_client_test_tp_limit_acticoid_error0.iev,0.0,0.0
mvfst,client,quic_client_test_tp_limit_acticoid_error,,Timeout binding ID,/results/temp/2164/quic_client_test_tp_limit_acticoid_error0.iev,0.0,0.0
lsquic,client,quic_client_test_tp_limit_acticoid_error,,"require is_connection_id_limit_error;""",/results/temp/2215/quic_client_test_tp_limit_acticoid_error0.iev,0.0,0.0
lsquic,client,quic_client_test_tp_limit_acticoid_error,,"require is_connection_id_limit_error;""",/results/temp/2266/quic_client_test_tp_limit_acticoid_error0.iev,0.0,0.0
picoquic,client,quic_client_test_tp_limit_acticoid_error,," require pkt.payload = queued_frames(scid);""",/results/temp/2317/quic_client_test_tp_limit_acticoid_error0.iev,0.0,0.0
picoquic,client,quic_client_test_tp_limit_acticoid_error,," require pkt.payload = queued_frames(scid);""",/results/temp/2368/quic_client_test_tp_limit_acticoid_error0.iev,0.0,0.0
aioquic,client,quic_client_test_tp_limit_acticoid_error,," require pkt.payload = queued_frames(scid);""",/results/temp/2419/quic_client_test_tp_limit_acticoid_error0.iev,0.0,0.0
aioquic,client,quic_client_test_tp_limit_acticoid_error,," require pkt.payload = queued_frames(scid);""",/results/temp/2470/quic_client_test_tp_limit_acticoid_error0.iev,0.0,0.0
quic-go,client,quic_client_test_retirecoid_error,,frame.connection_close:{err_code:0x130},/results/temp/2572/quic_client_test_retirecoid_error0.iev,0.0,0.0
mvfst,client,quic_client_test_retirecoid_error,,Timeout binding ID,/results/temp/2623/quic_client_test_retirecoid_error0.iev,0.0,0.0
mvfst,client,quic_client_test_retirecoid_error,,Timeout binding ID,/results/temp/2674/quic_client_test_retirecoid_error0.iev,0.0,0.0
lsquic,client,quic_client_test_retirecoid_error,,"require is_protocol_violation;""",/results/temp/2776/quic_client_test_retirecoid_error0.iev,0.0,0.0
picoquic,client,quic_client_test_retirecoid_error,," require pkt.payload = queued_frames(scid);""",/results/temp/2827/quic_client_test_retirecoid_error0.iev,0.0,0.0
picoquic,client,quic_client_test_retirecoid_error,," require pkt.payload = queued_frames(scid);""",/results/temp/2878/quic_client_test_retirecoid_error0.iev,0.0,0.0
aioquic,client,quic_client_test_retirecoid_error,,"	require num_queued_frames(scid) > 0 -> e = queued_level(scid);""",/results/temp/2929/quic_client_test_retirecoid_error0.iev,0.0,0.0
aioquic,client,quic_client_test_retirecoid_error,," require pkt.payload = queued_frames(scid);""",/results/temp/2980/quic_client_test_retirecoid_error0.iev,0.0,0.0
quic-go,client,quic_client_test_newcoid_zero_error,,frame.connection_close:{err_code:0x130},/results/temp/3031/quic_client_test_newcoid_zero_error0.iev,0.0,0.0
quic-go,client,quic_client_test_newcoid_zero_error,,frame.connection_close:{err_code:0x130},/results/temp/3082/quic_client_test_newcoid_zero_error0.iev,0.0,0.0
mvfst,client,quic_client_test_newcoid_zero_error,,Timeout binding ID,/results/temp/3133/quic_client_test_newcoid_zero_error0.iev,0.0,0.0
mvfst,client,quic_client_test_newcoid_zero_error,,Timeout binding ID,/results/temp/3184/quic_client_test_newcoid_zero_error0.iev,0.0,0.0
lsquic,client,quic_client_test_newcoid_zero_error,,"require is_protocol_violation;""",/results/temp/3235/quic_client_test_newcoid_zero_error0.iev,0.0,0.0
lsquic,client,quic_client_test_newcoid_zero_error,,"require is_protocol_violation;""",/results/temp/3286/quic_client_test_newcoid_zero_error0.iev,0.0,0.0
picoquic,client,quic_client_test_newcoid_zero_error,," require pkt.payload = queued_frames(scid);""",/results/temp/3337/quic_client_test_newcoid_zero_error0.iev,0.0,0.0
picoquic,client,quic_client_test_newcoid_zero_error,," require pkt.payload = queued_frames(scid);""",/results/temp/3388/quic_client_test_newcoid_zero_error0.iev,0.0,0.0
aioquic,client,quic_client_test_newcoid_zero_error,," require pkt.payload = queued_frames(scid);""",/results/temp/3439/quic_client_test_newcoid_zero_error0.iev,0.0,0.0
aioquic,client,quic_client_test_newcoid_zero_error,," require pkt.payload = queued_frames(scid);""",/results/temp/3490/quic_client_test_newcoid_zero_error0.iev,0.0,0.0
quic-go,client,quic_client_test_accept_maxdata,,frame.connection_close:{err_code:0x130},/results/temp/3541/quic_client_test_accept_maxdata0.iev,0.0,0.0
mvfst,client,quic_client_test_accept_maxdata,,Timeout binding ID,/results/temp/3643/quic_client_test_accept_maxdata0.iev,0.0,0.0
mvfst,client,quic_client_test_accept_maxdata,,Timeout binding ID,/results/temp/3694/quic_client_test_accept_maxdata0.iev,0.0,0.0
picoquic,client,quic_client_test_max,,"require stream_id_allowed(dcid,f.id);  # [6]""",/results/temp/393/quic_client_test_max0.iev,0.0,0.0
aioquic,client,quic_client_test_max,,No Error,/results/temp/444/quic_client_test_max0.iev,0.0,1.0
aioquic,client,quic_client_test_max,,No Error,/results/temp/495/quic_client_test_max0.iev,0.0,1.0
lsquic,client,quic_client_test_accept_maxdata,,"require conn_total_data(the_cid) > 0;""",/results/temp/3745/quic_client_test_accept_maxdata0.iev,0.0,0.0
picoquic,client,quic_client_test_accept_maxdata,,frame.connection_close:{err_code:0x4},/results/temp/3847/quic_client_test_accept_maxdata0.iev,0.0,0.0
picoquic,client,quic_client_test_accept_maxdata,,"require connected(dcid) & connected_to(dcid) = scid;""",/results/temp/3898/quic_client_test_accept_maxdata0.iev,0.0,0.0
aioquic,client,quic_client_test_accept_maxdata,,frame.connection_close:{err_code:0x5},/results/temp/3949/quic_client_test_accept_maxdata0.iev,0.0,0.0
quic-go,client,quic_client_test_tp_prefadd_error,,frame.connection_close:{err_code:0x130},/results/temp/4000/quic_client_test_tp_prefadd_error0.iev,0.0,0.0
quic-go,client,quic_client_test_tp_prefadd_error,,frame.connection_close:{err_code:0x130},/results/temp/4051/quic_client_test_tp_prefadd_error0.iev,0.0,0.0
mvfst,client,quic_client_test_tp_prefadd_error,,Timeout binding ID,/results/temp/4102/quic_client_test_tp_prefadd_error0.iev,0.0,0.0
mvfst,client,quic_client_test_tp_prefadd_error,,Timeout binding ID,/results/temp/4153/quic_client_test_tp_prefadd_error0.iev,0.0,0.0
lsquic,client,quic_client_test_tp_prefadd_error,,Timeout sending ID,/results/temp/4204/quic_client_test_tp_prefadd_error0.iev,0.0,0.0
lsquic,client,quic_client_test_tp_prefadd_error,,Timeout sending ID,/results/temp/4255/quic_client_test_tp_prefadd_error0.iev,0.0,0.0
picoquic,client,quic_client_test_tp_prefadd_error,,No Error,/results/temp/4306/quic_client_test_tp_prefadd_error0.iev,0.0,1.0
picoquic,client,quic_client_test_tp_prefadd_error,,No Error,/results/temp/4357/quic_client_test_tp_prefadd_error0.iev,0.0,1.0
quic-go,client,quic_client_test_tp_error,,server_return_code(1)+timeout,/results/temp/583/quic_client_test_tp_error0.iev,0.0,0.0
mvfst,client,quic_client_test_tp_error,,Timeout binding ID,/results/temp/634/quic_client_test_tp_error0.iev,0.0,0.0
aioquic,client,quic_client_test_tp_prefadd_error,,Timeout sending ID,/results/temp/4408/quic_client_test_tp_prefadd_error0.iev,0.0,0.0
aioquic,client,quic_client_test_tp_prefadd_error,,Timeout sending ID,/results/temp/4459/quic_client_test_tp_prefadd_error0.iev,0.0,0.0
quic-go,client,quic_client_test_no_odci,,server_return_code(1)+timeout,/results/temp/4561/quic_client_test_no_odci0.iev,0.0,0.0
mvfst,client,quic_client_test_no_odci,,Timeout binding ID,/results/temp/4612/quic_client_test_no_odci0.iev,0.0,0.0
mvfst,client,quic_client_test_no_odci,,Timeout binding ID,/results/temp/4663/quic_client_test_no_odci0.iev,0.0,0.0
lsquic,client,quic_client_test_no_odci,,Timeout sending ID,/results/temp/4765/quic_client_test_no_odci0.iev,0.0,0.0
picoquic,client,quic_client_test_no_odci,,No Error,/results/temp/4816/quic_client_test_no_odci0.iev,0.0,1.0
picoquic,client,quic_client_test_no_odci,,No Error,/results/temp/4867/quic_client_test_no_odci0.iev,0.0,1.0
aioquic,client,quic_client_test_no_odci,,Segmentation Fault 139,/results/temp/4918/quic_client_test_no_odci0.iev,0.0,0.0
aioquic,client,quic_client_test_no_odci,,Segmentation Fault 139,/results/temp/4969/quic_client_test_no_odci0.iev,0.0,0.0
quic-go,client,quic_client_test_ext_min_ack_delay,,frame.connection_close:{err_code:0x130},/results/temp/5071/quic_client_test_ext_min_ack_delay0.iev,0.0,0.0
mvfst,client,quic_client_test_ext_min_ack_delay,,Timeout binding ID,/results/temp/5122/quic_client_test_ext_min_ack_delay0.iev,0.0,0.0
mvfst,client,quic_client_test_ext_min_ack_delay,,Timeout binding ID,/results/temp/5173/quic_client_test_ext_min_ack_delay0.iev,0.0,0.0
picoquic,client,quic_client_test_ext_min_ack_delay,,Timeout sending ID,/results/temp/5326/quic_client_test_ext_min_ack_delay0.iev,0.0,0.0
picoquic,client,quic_client_test_ext_min_ack_delay,,Timeout sending ID,/results/temp/5377/quic_client_test_ext_min_ack_delay0.iev,0.0,0.0
aioquic,client,quic_client_test_ext_min_ack_delay,,Timeout sending ID,/results/temp/5428/quic_client_test_ext_min_ack_delay0.iev,0.0,0.0
aioquic,client,quic_client_test_ext_min_ack_delay,,Timeout sending ID,/results/temp/5479/quic_client_test_ext_min_ack_delay0.iev,0.0,0.0
mvfst,client,quic_client_test_tp_error,,Timeout binding ID,/results/temp/685/quic_client_test_tp_error0.iev,0.0,0.0
picoquic,client,quic_client_test_max,,frame.connection_close:{err_code:0x4},/results/temp/394/quic_client_test_max0.iev,0.0,0.0
aioquic,client,quic_client_test_max,,No Error,/results/temp/445/quic_client_test_max0.iev,0.0,1.0
aioquic,client,quic_client_test_max,,No Error,/results/temp/496/quic_client_test_max0.iev,0.0,1.0
quic-go,client,quic_client_test_tp_error,,server_return_code(1)+timeout,/results/temp/533/quic_client_test_tp_error0.iev,0.0,0.0
mvfst,client,quic_client_test_double_tp_error,,Timeout binding ID,/results/temp/1145/quic_client_test_double_tp_error0.iev,0.0,0.0
mvfst,client,quic_client_test_double_tp_error,,Timeout binding ID,/results/temp/1196/quic_client_test_double_tp_error0.iev,0.0,0.0
lsquic,client,quic_client_test_double_tp_error,,Timeout sending ID,/results/temp/1247/quic_client_test_double_tp_error0.iev,0.0,0.0
lsquic,client,quic_client_test_double_tp_error,,Timeout sending ID,/results/temp/1298/quic_client_test_double_tp_error0.iev,0.0,0.0
picoquic,client,quic_client_test_double_tp_error,,No Error,/results/temp/1349/quic_client_test_double_tp_error0.iev,0.0,1.0
aioquic,client,quic_client_test_double_tp_error,,Timeout sending ID,/results/temp/1400/quic_client_test_double_tp_error0.iev,0.0,0.0
aioquic,client,quic_client_test_double_tp_error,,Timeout sending ID,/results/temp/1451/quic_client_test_double_tp_error0.iev,0.0,0.0
quic-go,client,quic_client_test_tp_acticoid_error,,frame.connection_close:{err_code:0x8},/results/temp/1502/quic_client_test_tp_acticoid_error0.iev,0.0,0.0
mvfst,client,quic_client_test_tp_acticoid_error,,Timeout binding ID,/results/temp/1604/quic_client_test_tp_acticoid_error0.iev,0.0,0.0
mvfst,client,quic_client_test_tp_acticoid_error,,Timeout binding ID,/results/temp/1655/quic_client_test_tp_acticoid_error0.iev,0.0,0.0
lsquic,client,quic_client_test_tp_acticoid_error,,Timeout sending ID,/results/temp/1706/quic_client_test_tp_acticoid_error0.iev,0.0,0.0
lsquic,client,quic_client_test_tp_acticoid_error,,Timeout sending ID,/results/temp/1757/quic_client_test_tp_acticoid_error0.iev,0.0,0.0
picoquic,client,quic_client_test_tp_acticoid_error,,Timeout sending ID,/results/temp/1808/quic_client_test_tp_acticoid_error0.iev,0.0,0.0
picoquic,client,quic_client_test_tp_acticoid_error,,Timeout sending ID,/results/temp/1859/quic_client_test_tp_acticoid_error0.iev,0.0,0.0
aioquic,client,quic_client_test_tp_acticoid_error,,Segmentation Fault 139,/results/temp/1910/quic_client_test_tp_acticoid_error0.iev,0.0,0.0
aioquic,client,quic_client_test_tp_acticoid_error,,Segmentation Fault 139,/results/temp/1961/quic_client_test_tp_acticoid_error0.iev,0.0,0.0
mvfst,client,quic_client_test_tp_limit_acticoid_error,,Timeout binding ID,/results/temp/2114/quic_client_test_tp_limit_acticoid_error0.iev,0.0,0.0
mvfst,client,quic_client_test_tp_limit_acticoid_error,,Timeout binding ID,/results/temp/2165/quic_client_test_tp_limit_acticoid_error0.iev,0.0,0.0
lsquic,client,quic_client_test_tp_limit_acticoid_error,,"require is_connection_id_limit_error;""",/results/temp/2216/quic_client_test_tp_limit_acticoid_error0.iev,0.0,0.0
lsquic,client,quic_client_test_tp_limit_acticoid_error,,"require is_connection_id_limit_error;""",/results/temp/2267/quic_client_test_tp_limit_acticoid_error0.iev,0.0,0.0
picoquic,client,quic_client_test_tp_limit_acticoid_error,," require pkt.payload = queued_frames(scid);""",/results/temp/2318/quic_client_test_tp_limit_acticoid_error0.iev,0.0,0.0
picoquic,client,quic_client_test_tp_limit_acticoid_error,," require pkt.payload = queued_frames(scid);""",/results/temp/2369/quic_client_test_tp_limit_acticoid_error0.iev,0.0,0.0
aioquic,client,quic_client_test_tp_limit_acticoid_error,," require pkt.payload = queued_frames(scid);""",/results/temp/2420/quic_client_test_tp_limit_acticoid_error0.iev,0.0,0.0
aioquic,client,quic_client_test_tp_limit_acticoid_error,," require pkt.payload = queued_frames(scid);""",/results/temp/2471/quic_client_test_tp_limit_acticoid_error0.iev,0.0,0.0
mvfst,client,quic_client_test_retirecoid_error,,Timeout binding ID,/results/temp/2624/quic_client_test_retirecoid_error0.iev,0.0,0.0
mvfst,client,quic_client_test_retirecoid_error,,Timeout binding ID,/results/temp/2675/quic_client_test_retirecoid_error0.iev,0.0,0.0
lsquic,client,quic_client_test_retirecoid_error,,"require is_protocol_violation;""",/results/temp/2777/quic_client_test_retirecoid_error0.iev,0.0,0.0
picoquic,client,quic_client_test_retirecoid_error,," require pkt.payload = queued_frames(scid);""",/results/temp/2828/quic_client_test_retirecoid_error0.iev,0.0,0.0
picoquic,client,quic_client_test_retirecoid_error,," require pkt.payload = queued_frames(scid);""",/results/temp/2879/quic_client_test_retirecoid_error0.iev,0.0,0.0
aioquic,client,quic_client_test_retirecoid_error,," require pkt.payload = queued_frames(scid);""",/results/temp/2930/quic_client_test_retirecoid_error0.iev,0.0,0.0
aioquic,client,quic_client_test_retirecoid_error,," require pkt.payload = queued_frames(scid);""",/results/temp/2981/quic_client_test_retirecoid_error0.iev,0.0,0.0
quic-go,client,quic_client_test_newcoid_zero_error,,frame.connection_close:{err_code:0x130},/results/temp/3083/quic_client_test_newcoid_zero_error0.iev,0.0,0.0
mvfst,client,quic_client_test_newcoid_zero_error,,Timeout binding ID,/results/temp/3134/quic_client_test_newcoid_zero_error0.iev,0.0,0.0
mvfst,client,quic_client_test_newcoid_zero_error,,Timeout binding ID,/results/temp/3185/quic_client_test_newcoid_zero_error0.iev,0.0,0.0
lsquic,client,quic_client_test_newcoid_zero_error,,"require is_protocol_violation;""",/results/temp/3236/quic_client_test_newcoid_zero_error0.iev,0.0,0.0
lsquic,client,quic_client_test_newcoid_zero_error,,"require is_protocol_violation;""",/results/temp/3287/quic_client_test_newcoid_zero_error0.iev,0.0,0.0
picoquic,client,quic_client_test_newcoid_zero_error,," require pkt.payload = queued_frames(scid);""",/results/temp/3338/quic_client_test_newcoid_zero_error0.iev,0.0,0.0
picoquic,client,quic_client_test_newcoid_zero_error,," require pkt.payload = queued_frames(scid);""",/results/temp/3389/quic_client_test_newcoid_zero_error0.iev,0.0,0.0
aioquic,client,quic_client_test_newcoid_zero_error,,"	require num_queued_frames(scid) > 0 -> e = queued_level(scid);""",/results/temp/3440/quic_client_test_newcoid_zero_error0.iev,0.0,0.0
aioquic,client,quic_client_test_newcoid_zero_error,," require pkt.payload = queued_frames(scid);""",/results/temp/3491/quic_client_test_newcoid_zero_error0.iev,0.0,0.0
quic-go,client,quic_client_test_accept_maxdata,,frame.connection_close:{err_code:0x130},/results/temp/3593/quic_client_test_accept_maxdata0.iev,0.0,0.0
mvfst,client,quic_client_test_accept_maxdata,,Timeout binding ID,/results/temp/3644/quic_client_test_accept_maxdata0.iev,0.0,0.0
mvfst,client,quic_client_test_accept_maxdata,,Timeout binding ID,/results/temp/3695/quic_client_test_accept_maxdata0.iev,0.0,0.0
lsquic,client,quic_client_test_accept_maxdata,,"require conn_total_data(the_cid) > 0;""",/results/temp/3746/quic_client_test_accept_maxdata0.iev,0.0,0.0
lsquic,client,quic_client_test_accept_maxdata,,"require conn_total_data(the_cid) > 0;""",/results/temp/3797/quic_client_test_accept_maxdata0.iev,0.0,0.0
picoquic,client,quic_client_test_accept_maxdata,,frame.connection_close:{err_code:0x4},/results/temp/3848/quic_client_test_accept_maxdata0.iev,0.0,0.0
picoquic,client,quic_client_test_accept_maxdata,,frame.connection_close:{err_code:0x4},/results/temp/3899/quic_client_test_accept_maxdata0.iev,0.0,0.0
aioquic,client,quic_client_test_accept_maxdata,,frame.connection_close:{err_code:0x5},/results/temp/3950/quic_client_test_accept_maxdata0.iev,0.0,0.0
quic-go,client,quic_client_test_tp_prefadd_error,,frame.connection_close:{err_code:0x130},/results/temp/4001/quic_client_test_tp_prefadd_error0.iev,0.0,0.0
mvfst,client,quic_client_test_tp_prefadd_error,,Timeout binding ID,/results/temp/4103/quic_client_test_tp_prefadd_error0.iev,0.0,0.0
mvfst,client,quic_client_test_tp_prefadd_error,,Timeout binding ID,/results/temp/4154/quic_client_test_tp_prefadd_error0.iev,0.0,0.0
lsquic,client,quic_client_test_tp_prefadd_error,,Timeout sending ID,/results/temp/4205/quic_client_test_tp_prefadd_error0.iev,0.0,0.0
lsquic,client,quic_client_test_tp_prefadd_error,,Timeout sending ID,/results/temp/4256/quic_client_test_tp_prefadd_error0.iev,0.0,0.0
picoquic,client,quic_client_test_tp_prefadd_error,,No Error,/results/temp/4307/quic_client_test_tp_prefadd_error0.iev,0.0,1.0
picoquic,client,quic_client_test_tp_prefadd_error,,No Error,/results/temp/4358/quic_client_test_tp_prefadd_error0.iev,0.0,1.0
aioquic,client,quic_client_test_tp_prefadd_error,,Timeout sending ID,/results/temp/4409/quic_client_test_tp_prefadd_error0.iev,0.0,0.0
aioquic,client,quic_client_test_tp_prefadd_error,,Timeout sending ID,/results/temp/4460/quic_client_test_tp_prefadd_error0.iev,0.0,0.0
quic-go,client,quic_client_test_no_odci,,server_return_code(1)+timeout,/results/temp/4511/quic_client_test_no_odci0.iev,0.0,0.0
mvfst,client,quic_client_test_no_odci,,Timeout binding ID,/results/temp/4613/quic_client_test_no_odci0.iev,0.0,0.0
mvfst,client,quic_client_test_no_odci,,Timeout binding ID,/results/temp/4664/quic_client_test_no_odci0.iev,0.0,0.0
lsquic,client,quic_client_test_no_odci,,Timeout sending ID,/results/temp/4766/quic_client_test_no_odci0.iev,0.0,0.0
picoquic,client,quic_client_test_no_odci,,No Error,/results/temp/4817/quic_client_test_no_odci0.iev,0.0,1.0
picoquic,client,quic_client_test_no_odci,,No Error,/results/temp/4868/quic_client_test_no_odci0.iev,0.0,1.0
aioquic,client,quic_client_test_no_odci,,Segmentation Fault 139,/results/temp/4919/quic_client_test_no_odci0.iev,0.0,0.0
aioquic,client,quic_client_test_no_odci,,Segmentation Fault 139,/results/temp/4970/quic_client_test_no_odci0.iev,0.0,0.0
mvfst,client,quic_client_test_ext_min_ack_delay,,Timeout binding ID,/results/temp/5123/quic_client_test_ext_min_ack_delay0.iev,0.0,0.0
mvfst,client,quic_client_test_ext_min_ack_delay,,Timeout binding ID,/results/temp/5174/quic_client_test_ext_min_ack_delay0.iev,0.0,0.0
picoquic,client,quic_client_test_ext_min_ack_delay,,Timeout sending ID,/results/temp/5327/quic_client_test_ext_min_ack_delay0.iev,0.0,0.0
picoquic,client,quic_client_test_ext_min_ack_delay,,Timeout sending ID,/results/temp/5378/quic_client_test_ext_min_ack_delay0.iev,0.0,0.0
aioquic,client,quic_client_test_ext_min_ack_delay,,Timeout sending ID,/results/temp/5429/quic_client_test_ext_min_ack_delay0.iev,0.0,0.0
aioquic,client,quic_client_test_ext_min_ack_delay,,Timeout sending ID,/results/temp/5480/quic_client_test_ext_min_ack_delay0.iev,0.0,0.0
quic-go,client,quic_client_test_tp_error,,server_return_code(1)+timeout,/results/temp/584/quic_client_test_tp_error0.iev,0.0,0.0
mvfst,client,quic_client_test_tp_error,,Timeout binding ID,/results/temp/635/quic_client_test_tp_error0.iev,0.0,0.0
mvfst,client,quic_client_test_tp_error,,Timeout binding ID,/results/temp/686/quic_client_test_tp_error0.iev,0.0,0.0
lsquic,client,quic_client_test_tp_error,,Timeout sending ID,/results/temp/737/quic_client_test_tp_error0.iev,0.0,0.0
picoquic,client,quic_client_test_tp_error,,Timeout sending ID,/results/temp/839/quic_client_test_tp_error0.iev,0.0,0.0
picoquic,client,quic_client_test_tp_error,,Timeout sending ID,/results/temp/890/quic_client_test_tp_error0.iev,0.0,0.0
aioquic,client,quic_client_test_tp_error,,Timeout sending ID,/results/temp/941/quic_client_test_tp_error0.iev,0.0,0.0
quic-go,client,quic_client_test_max,,frame.connection_close:{err_code:0x130},/results/temp/37/quic_client_test_max0.iev,0.0,0.0
quic-go,client,quic_client_test_max,,frame.connection_close:{err_code:0x130},/results/temp/88/quic_client_test_max0.iev,0.0,0.0
mvfst,client,quic_client_test_max,,Timeout binding ID,/results/temp/139/quic_client_test_max0.iev,0.0,0.0
mvfst,client,quic_client_test_max,,Timeout binding ID,/results/temp/190/quic_client_test_max0.iev,0.0,0.0
lsquic,client,quic_client_test_max,,"require conn_total_data(the_cid) > 0;""",/results/temp/292/quic_client_test_max0.iev,0.0,0.0
picoquic,client,quic_client_test_max,,No Error,/results/temp/343/quic_client_test_max0.iev,0.0,1.0
aioquic,client,quic_client_test_tp_error,,Timeout sending ID,/results/temp/992/quic_client_test_tp_error0.iev,0.0,0.0
quic-go,client,quic_client_test_double_tp_error,,server_return_code(1)+timeout,/results/temp/1043/quic_client_test_double_tp_error0.iev,0.0,0.0
lsquic,client,quic_client_test_max,,"require conn_total_data(the_cid) > 0;""",/results/temp/293/quic_client_test_max0.iev,0.0,0.0
quic-go,client,quic_client_test_tp_limit_acticoid_error,,frame.connection_close:{err_code:0x130},/results/temp/2064/quic_client_test_tp_limit_acticoid_error0.iev,0.0,0.0
mvfst,client,quic_client_test_tp_limit_acticoid_error,,Timeout binding ID,/results/temp/2115/quic_client_test_tp_limit_acticoid_error0.iev,0.0,0.0
mvfst,client,quic_client_test_tp_limit_acticoid_error,,Timeout binding ID,/results/temp/2166/quic_client_test_tp_limit_acticoid_error0.iev,0.0,0.0
picoquic,client,quic_client_test_tp_limit_acticoid_error,," require pkt.payload = queued_frames(scid);""",/results/temp/2319/quic_client_test_tp_limit_acticoid_error0.iev,0.0,0.0
picoquic,client,quic_client_test_tp_limit_acticoid_error,," require pkt.payload = queued_frames(scid);""",/results/temp/2370/quic_client_test_tp_limit_acticoid_error0.iev,0.0,0.0
aioquic,client,quic_client_test_tp_limit_acticoid_error,," require pkt.payload = queued_frames(scid);""",/results/temp/2421/quic_client_test_tp_limit_acticoid_error0.iev,0.0,0.0
aioquic,client,quic_client_test_tp_limit_acticoid_error,," require pkt.payload = queued_frames(scid);""",/results/temp/2472/quic_client_test_tp_limit_acticoid_error0.iev,0.0,0.0
quic-go,client,quic_client_test_retirecoid_error,,frame.connection_close:{err_code:0x130},/results/temp/2523/quic_client_test_retirecoid_error0.iev,0.0,0.0
mvfst,client,quic_client_test_retirecoid_error,,Timeout binding ID,/results/temp/2625/quic_client_test_retirecoid_error0.iev,0.0,0.0
mvfst,client,quic_client_test_retirecoid_error,,Timeout binding ID,/results/temp/2676/quic_client_test_retirecoid_error0.iev,0.0,0.0
lsquic,client,quic_client_test_retirecoid_error,,"require is_protocol_violation;""",/results/temp/2727/quic_client_test_retirecoid_error0.iev,0.0,0.0
lsquic,client,quic_client_test_retirecoid_error,,"require is_protocol_violation;""",/results/temp/2778/quic_client_test_retirecoid_error0.iev,0.0,0.0
picoquic,client,quic_client_test_retirecoid_error,," require pkt.payload = queued_frames(scid);""",/results/temp/2829/quic_client_test_retirecoid_error0.iev,0.0,0.0
picoquic,client,quic_client_test_retirecoid_error,," require pkt.payload = queued_frames(scid);""",/results/temp/2880/quic_client_test_retirecoid_error0.iev,0.0,0.0
aioquic,client,quic_client_test_retirecoid_error,," require pkt.payload = queued_frames(scid);""",/results/temp/2931/quic_client_test_retirecoid_error0.iev,0.0,0.0
aioquic,client,quic_client_test_retirecoid_error,," require pkt.payload = queued_frames(scid);""",/results/temp/2982/quic_client_test_retirecoid_error0.iev,0.0,0.0
quic-go,client,quic_client_test_newcoid_zero_error,,frame.connection_close:{err_code:0x130},/results/temp/3033/quic_client_test_newcoid_zero_error0.iev,0.0,0.0
quic-go,client,quic_client_test_newcoid_zero_error,,frame.connection_close:{err_code:0x130},/results/temp/3084/quic_client_test_newcoid_zero_error0.iev,0.0,0.0
mvfst,client,quic_client_test_newcoid_zero_error,,Timeout binding ID,/results/temp/3135/quic_client_test_newcoid_zero_error0.iev,0.0,0.0
mvfst,client,quic_client_test_newcoid_zero_error,,Timeout binding ID,/results/temp/3186/quic_client_test_newcoid_zero_error0.iev,0.0,0.0
lsquic,client,quic_client_test_newcoid_zero_error,,"require is_protocol_violation;""",/results/temp/3237/quic_client_test_newcoid_zero_error0.iev,0.0,0.0
lsquic,client,quic_client_test_newcoid_zero_error,,"require is_protocol_violation;""",/results/temp/3288/quic_client_test_newcoid_zero_error0.iev,0.0,0.0
picoquic,client,quic_client_test_newcoid_zero_error,," require pkt.payload = queued_frames(scid);""",/results/temp/3339/quic_client_test_newcoid_zero_error0.iev,0.0,0.0
picoquic,client,quic_client_test_newcoid_zero_error,," require pkt.payload = queued_frames(scid);""",/results/temp/3390/quic_client_test_newcoid_zero_error0.iev,0.0,0.0
aioquic,client,quic_client_test_newcoid_zero_error,," require pkt.payload = queued_frames(scid);""",/results/temp/3441/quic_client_test_newcoid_zero_error0.iev,0.0,0.0
aioquic,client,quic_client_test_newcoid_zero_error,," require pkt.payload = queued_frames(scid);""",/results/temp/3492/quic_client_test_newcoid_zero_error0.iev,0.0,0.0
quic-go,client,quic_client_test_accept_maxdata,,frame.connection_close:{err_code:0x130},/results/temp/3543/quic_client_test_accept_maxdata0.iev,0.0,0.0
quic-go,client,quic_client_test_accept_maxdata,,frame.connection_close:{err_code:0x130},/results/temp/3594/quic_client_test_accept_maxdata0.iev,0.0,0.0
mvfst,client,quic_client_test_accept_maxdata,,Timeout binding ID,/results/temp/3645/quic_client_test_accept_maxdata0.iev,0.0,0.0
mvfst,client,quic_client_test_accept_maxdata,,Timeout binding ID,/results/temp/3696/quic_client_test_accept_maxdata0.iev,0.0,0.0
lsquic,client,quic_client_test_accept_maxdata,,"require conn_total_data(the_cid) > 0;""",/results/temp/3747/quic_client_test_accept_maxdata0.iev,0.0,0.0
lsquic,client,quic_client_test_accept_maxdata,,"require conn_total_data(the_cid) > 0;""",/results/temp/3798/quic_client_test_accept_maxdata0.iev,0.0,0.0
picoquic,client,quic_client_test_accept_maxdata,,frame.connection_close:{err_code:0x4},/results/temp/3849/quic_client_test_accept_maxdata0.iev,0.0,0.0
aioquic,client,quic_client_test_accept_maxdata,,frame.connection_close:{err_code:0x5},/results/temp/3900/quic_client_test_accept_maxdata0.iev,0.0,0.0
aioquic,client,quic_client_test_accept_maxdata,,frame.connection_close:{err_code:0x5},/results/temp/3951/quic_client_test_accept_maxdata0.iev,0.0,0.0
quic-go,client,quic_client_test_tp_prefadd_error,,frame.connection_close:{err_code:0x130},/results/temp/4002/quic_client_test_tp_prefadd_error0.iev,0.0,0.0
quic-go,client,quic_client_test_tp_prefadd_error,,frame.connection_close:{err_code:0x130},/results/temp/4053/quic_client_test_tp_prefadd_error0.iev,0.0,0.0
mvfst,client,quic_client_test_tp_prefadd_error,,Timeout binding ID,/results/temp/4104/quic_client_test_tp_prefadd_error0.iev,0.0,0.0
mvfst,client,quic_client_test_tp_prefadd_error,,Timeout binding ID,/results/temp/4155/quic_client_test_tp_prefadd_error0.iev,0.0,0.0
lsquic,client,quic_client_test_tp_prefadd_error,,Timeout sending ID,/results/temp/4206/quic_client_test_tp_prefadd_error0.iev,0.0,0.0
lsquic,client,quic_client_test_tp_prefadd_error,,Timeout sending ID,/results/temp/4257/quic_client_test_tp_prefadd_error0.iev,0.0,0.0
picoquic,client,quic_client_test_tp_prefadd_error,,No Error,/results/temp/4308/quic_client_test_tp_prefadd_error0.iev,0.0,1.0
picoquic,client,quic_client_test_tp_prefadd_error,,No Error,/results/temp/4359/quic_client_test_tp_prefadd_error0.iev,0.0,1.0
aioquic,client,quic_client_test_tp_prefadd_error,,Timeout sending ID,/results/temp/4410/quic_client_test_tp_prefadd_error0.iev,0.0,0.0
aioquic,client,quic_client_test_tp_prefadd_error,,Timeout sending ID,/results/temp/4461/quic_client_test_tp_prefadd_error0.iev,0.0,0.0
quic-go,client,quic_client_test_no_odci,,server_return_code(1)+timeout,/results/temp/4512/quic_client_test_no_odci0.iev,0.0,0.0
quic-go,client,quic_client_test_no_odci,,server_return_code(1)+timeout,/results/temp/4563/quic_client_test_no_odci0.iev,0.0,0.0
mvfst,client,quic_client_test_no_odci,,Timeout binding ID,/results/temp/4614/quic_client_test_no_odci0.iev,0.0,0.0
picoquic,client,quic_client_test_max,,No Error,/results/temp/344/quic_client_test_max0.iev,0.0,1.0
picoquic,client,quic_client_test_max,,No Error,/results/temp/395/quic_client_test_max0.iev,0.0,1.0
mvfst,client,quic_client_test_no_odci,,Timeout binding ID,/results/temp/4665/quic_client_test_no_odci0.iev,0.0,0.0
lsquic,client,quic_client_test_no_odci,,Timeout sending ID,/results/temp/4767/quic_client_test_no_odci0.iev,0.0,0.0
picoquic,client,quic_client_test_no_odci,,No Error,/results/temp/4818/quic_client_test_no_odci0.iev,0.0,1.0
picoquic,client,quic_client_test_no_odci,,No Error,/results/temp/4869/quic_client_test_no_odci0.iev,0.0,1.0
aioquic,client,quic_client_test_no_odci,,Segmentation Fault 139,/results/temp/4920/quic_client_test_no_odci0.iev,0.0,0.0
aioquic,client,quic_client_test_no_odci,,Segmentation Fault 139,/results/temp/4971/quic_client_test_no_odci0.iev,0.0,0.0
quic-go,client,quic_client_test_ext_min_ack_delay,,frame.connection_close:{err_code:0x130},/results/temp/5022/quic_client_test_ext_min_ack_delay0.iev,0.0,0.0
quic-go,client,quic_client_test_ext_min_ack_delay,,frame.connection_close:{err_code:0x130},/results/temp/5073/quic_client_test_ext_min_ack_delay0.iev,0.0,0.0
mvfst,client,quic_client_test_ext_min_ack_delay,,Timeout binding ID,/results/temp/5124/quic_client_test_ext_min_ack_delay0.iev,0.0,0.0
mvfst,client,quic_client_test_ext_min_ack_delay,,Timeout binding ID,/results/temp/5175/quic_client_test_ext_min_ack_delay0.iev,0.0,0.0
lsquic,client,quic_client_test_ext_min_ack_delay,,Timeout sending ID,/results/temp/5226/quic_client_test_ext_min_ack_delay0.iev,0.0,0.0
lsquic,client,quic_client_test_ext_min_ack_delay,,Timeout sending ID,/results/temp/5277/quic_client_test_ext_min_ack_delay0.iev,0.0,0.0
picoquic,client,quic_client_test_ext_min_ack_delay,,Timeout sending ID,/results/temp/5328/quic_client_test_ext_min_ack_delay0.iev,0.0,0.0
picoquic,client,quic_client_test_ext_min_ack_delay,,Timeout sending ID,/results/temp/5379/quic_client_test_ext_min_ack_delay0.iev,0.0,0.0
aioquic,client,quic_client_test_ext_min_ack_delay,,Timeout sending ID,/results/temp/5430/quic_client_test_ext_min_ack_delay0.iev,0.0,0.0
aioquic,client,quic_client_test_ext_min_ack_delay,,Timeout sending ID,/results/temp/5481/quic_client_test_ext_min_ack_delay0.iev,0.0,0.0
aioquic,client,quic_client_test_max,,No Error,/results/temp/446/quic_client_test_max0.iev,0.0,1.0
aioquic,client,quic_client_test_max,,No Error,/results/temp/497/quic_client_test_max0.iev,0.0,1.0
quic-go,client,quic_client_test_tp_error,,server_return_code(1)+timeout,/results/temp/585/quic_client_test_tp_error0.iev,0.0,0.0
mvfst,client,quic_client_test_tp_error,,Timeout binding ID,/results/temp/636/quic_client_test_tp_error0.iev,0.0,0.0
mvfst,client,quic_client_test_tp_error,,Timeout binding ID,/results/temp/687/quic_client_test_tp_error0.iev,0.0,0.0
lsquic,client,quic_client_test_tp_error,,Timeout sending ID,/results/temp/738/quic_client_test_tp_error0.iev,0.0,0.0
lsquic,client,quic_client_test_tp_error,,Timeout sending ID,/results/temp/789/quic_client_test_tp_error0.iev,0.0,0.0
picoquic,client,quic_client_test_tp_error,,Timeout sending ID,/results/temp/840/quic_client_test_tp_error0.iev,0.0,0.0
picoquic,client,quic_client_test_tp_error,,Timeout sending ID,/results/temp/891/quic_client_test_tp_error0.iev,0.0,0.0
aioquic,client,quic_client_test_tp_error,,Timeout sending ID,/results/temp/942/quic_client_test_tp_error0.iev,0.0,0.0
aioquic,client,quic_client_test_tp_error,,Timeout sending ID,/results/temp/993/quic_client_test_tp_error0.iev,0.0,0.0
mvfst,client,quic_client_test_double_tp_error,,Timeout binding ID,/results/temp/1146/quic_client_test_double_tp_error0.iev,0.0,0.0
mvfst,client,quic_client_test_double_tp_error,,Timeout binding ID,/results/temp/1197/quic_client_test_double_tp_error0.iev,0.0,0.0
lsquic,client,quic_client_test_double_tp_error,,Timeout sending ID,/results/temp/1248/quic_client_test_double_tp_error0.iev,0.0,0.0
lsquic,client,quic_client_test_double_tp_error,,Timeout sending ID,/results/temp/1299/quic_client_test_double_tp_error0.iev,0.0,0.0
picoquic,client,quic_client_test_double_tp_error,,No Error,/results/temp/1350/quic_client_test_double_tp_error0.iev,0.0,1.0
aioquic,client,quic_client_test_double_tp_error,,Timeout sending ID,/results/temp/1401/quic_client_test_double_tp_error0.iev,0.0,0.0
aioquic,client,quic_client_test_double_tp_error,,Timeout sending ID,/results/temp/1452/quic_client_test_double_tp_error0.iev,0.0,0.0
mvfst,client,quic_client_test_tp_acticoid_error,,Timeout binding ID,/results/temp/1605/quic_client_test_tp_acticoid_error0.iev,0.0,0.0
mvfst,client,quic_client_test_tp_acticoid_error,,Timeout binding ID,/results/temp/1656/quic_client_test_tp_acticoid_error0.iev,0.0,0.0
lsquic,client,quic_client_test_tp_acticoid_error,,Timeout sending ID,/results/temp/1707/quic_client_test_tp_acticoid_error0.iev,0.0,0.0
lsquic,client,quic_client_test_tp_acticoid_error,,Timeout sending ID,/results/temp/1758/quic_client_test_tp_acticoid_error0.iev,0.0,0.0
picoquic,client,quic_client_test_tp_acticoid_error,,Timeout sending ID,/results/temp/1809/quic_client_test_tp_acticoid_error0.iev,0.0,0.0
picoquic,client,quic_client_test_tp_acticoid_error,,Timeout sending ID,/results/temp/1860/quic_client_test_tp_acticoid_error0.iev,0.0,0.0
aioquic,client,quic_client_test_tp_acticoid_error,,Segmentation Fault 139,/results/temp/1911/quic_client_test_tp_acticoid_error0.iev,0.0,0.0
aioquic,client,quic_client_test_tp_acticoid_error,,Segmentation Fault 139,/results/temp/1962/quic_client_test_tp_acticoid_error0.iev,0.0,0.0
quic-go,client,quic_client_test_accept_maxdata,,frame.connection_close:{err_code:0x4},/results/temp/38/quic_client_test_accept_maxdata0.iev,0.0,0.0
mvfst,client,quic_client_test_max,,Timeout binding ID,/results/temp/140/quic_client_test_max0.iev,0.0,0.0
mvfst,client,quic_client_test_max,,Timeout binding ID,/results/temp/191/quic_client_test_max0.iev,0.0,0.0
lsquic,client,quic_client_test_max,,"require conn_total_data(the_cid) > 0;""",/results/temp/242/quic_client_test_max0.iev,0.0,0.0
aioquic,client,quic_client_test_max,,frame.connection_close:{err_code:0x5},/results/temp/498/quic_client_test_max0.iev,0.0,0.0
quic-go,client,quic_client_test_tp_error,,server_return_code(1)+timeout,/results/temp/535/quic_client_test_tp_error0.iev,0.0,0.0
quic-go,client,quic_client_test_tp_error,,server_return_code(1)+timeout,/results/temp/586/quic_client_test_tp_error0.iev,0.0,0.0
mvfst,client,quic_client_test_tp_error,,Timeout binding ID,/results/temp/637/quic_client_test_tp_error0.iev,0.0,0.0
mvfst,client,quic_client_test_tp_error,,Timeout binding ID,/results/temp/688/quic_client_test_tp_error0.iev,0.0,0.0
lsquic,client,quic_client_test_tp_error,,Timeout sending ID,/results/temp/739/quic_client_test_tp_error0.iev,0.0,0.0
lsquic,client,quic_client_test_tp_error,,Timeout sending ID,/results/temp/790/quic_client_test_tp_error0.iev,0.0,0.0
picoquic,client,quic_client_test_tp_error,,Timeout sending ID,/results/temp/841/quic_client_test_tp_error0.iev,0.0,0.0
picoquic,client,quic_client_test_tp_error,,Timeout sending ID,/results/temp/892/quic_client_test_tp_error0.iev,0.0,0.0
aioquic,client,quic_client_test_tp_error,,Timeout sending ID,/results/temp/943/quic_client_test_tp_error0.iev,0.0,0.0
lsquic,client,quic_client_test_tp_acticoid_error,,Timeout sending ID,/results/temp/1708/quic_client_test_tp_acticoid_error0.iev,0.0,0.0
lsquic,client,quic_client_test_tp_acticoid_error,,Timeout sending ID,/results/temp/1759/quic_client_test_tp_acticoid_error0.iev,0.0,0.0
picoquic,client,quic_client_test_tp_acticoid_error,,Timeout sending ID,/results/temp/1810/quic_client_test_tp_acticoid_error0.iev,0.0,0.0
picoquic,client,quic_client_test_tp_acticoid_error,,Timeout sending ID,/results/temp/1861/quic_client_test_tp_acticoid_error0.iev,0.0,0.0
aioquic,client,quic_client_test_tp_acticoid_error,,Segmentation Fault 139,/results/temp/1912/quic_client_test_tp_acticoid_error0.iev,0.0,0.0
aioquic,client,quic_client_test_tp_acticoid_error,,Segmentation Fault 139,/results/temp/1963/quic_client_test_tp_acticoid_error0.iev,0.0,0.0
quic-go,client,quic_client_test_tp_limit_acticoid_error,,frame.connection_close:{err_code:0x130},/results/temp/2014/quic_client_test_tp_limit_acticoid_error0.iev,0.0,0.0
quic-go,client,quic_client_test_tp_limit_acticoid_error,,frame.connection_close:{err_code:0x130},/results/temp/2065/quic_client_test_tp_limit_acticoid_error0.iev,0.0,0.0
mvfst,client,quic_client_test_tp_limit_acticoid_error,,Timeout binding ID,/results/temp/2116/quic_client_test_tp_limit_acticoid_error0.iev,0.0,0.0
mvfst,client,quic_client_test_tp_limit_acticoid_error,,Timeout binding ID,/results/temp/2167/quic_client_test_tp_limit_acticoid_error0.iev,0.0,0.0
lsquic,client,quic_client_test_tp_limit_acticoid_error,,"require is_connection_id_limit_error;""",/results/temp/2218/quic_client_test_tp_limit_acticoid_error0.iev,0.0,0.0
lsquic,client,quic_client_test_tp_limit_acticoid_error,,"require is_connection_id_limit_error;""",/results/temp/2269/quic_client_test_tp_limit_acticoid_error0.iev,0.0,0.0
picoquic,client,quic_client_test_tp_limit_acticoid_error,," require pkt.payload = queued_frames(scid);""",/results/temp/2320/quic_client_test_tp_limit_acticoid_error0.iev,0.0,0.0
picoquic,client,quic_client_test_tp_limit_acticoid_error,," require pkt.payload = queued_frames(scid);""",/results/temp/2371/quic_client_test_tp_limit_acticoid_error0.iev,0.0,0.0
aioquic,client,quic_client_test_tp_limit_acticoid_error,," require pkt.payload = queued_frames(scid);""",/results/temp/2422/quic_client_test_tp_limit_acticoid_error0.iev,0.0,0.0
aioquic,client,quic_client_test_tp_limit_acticoid_error,," require pkt.payload = queued_frames(scid);""",/results/temp/2473/quic_client_test_tp_limit_acticoid_error0.iev,0.0,0.0
quic-go,client,quic_client_test_retirecoid_error,,frame.connection_close:{err_code:0x130},/results/temp/2524/quic_client_test_retirecoid_error0.iev,0.0,0.0
quic-go,client,quic_client_test_retirecoid_error,,frame.connection_close:{err_code:0x130},/results/temp/2575/quic_client_test_retirecoid_error0.iev,0.0,0.0
mvfst,client,quic_client_test_retirecoid_error,,Timeout binding ID,/results/temp/2626/quic_client_test_retirecoid_error0.iev,0.0,0.0
mvfst,client,quic_client_test_retirecoid_error,,Timeout binding ID,/results/temp/2677/quic_client_test_retirecoid_error0.iev,0.0,0.0
lsquic,client,quic_client_test_retirecoid_error,,"require is_protocol_violation;""",/results/temp/2728/quic_client_test_retirecoid_error0.iev,0.0,0.0
lsquic,client,quic_client_test_retirecoid_error,,"require is_protocol_violation;""",/results/temp/2779/quic_client_test_retirecoid_error0.iev,0.0,0.0
picoquic,client,quic_client_test_retirecoid_error,," require pkt.payload = queued_frames(scid);""",/results/temp/2830/quic_client_test_retirecoid_error0.iev,0.0,0.0
picoquic,client,quic_client_test_retirecoid_error,," require pkt.payload = queued_frames(scid);""",/results/temp/2881/quic_client_test_retirecoid_error0.iev,0.0,0.0
aioquic,client,quic_client_test_retirecoid_error,," require pkt.payload = queued_frames(scid);""",/results/temp/2932/quic_client_test_retirecoid_error0.iev,0.0,0.0
aioquic,client,quic_client_test_retirecoid_error,,"require is_protocol_violation;""",/results/temp/2983/quic_client_test_retirecoid_error0.iev,0.0,0.0
quic-go,client,quic_client_test_newcoid_zero_error,,frame.connection_close:{err_code:0x130},/results/temp/3034/quic_client_test_newcoid_zero_error0.iev,0.0,0.0
quic-go,client,quic_client_test_newcoid_zero_error,,frame.connection_close:{err_code:0x130},/results/temp/3085/quic_client_test_newcoid_zero_error0.iev,0.0,0.0
mvfst,client,quic_client_test_newcoid_zero_error,,Timeout binding ID,/results/temp/3136/quic_client_test_newcoid_zero_error0.iev,0.0,0.0
mvfst,client,quic_client_test_newcoid_zero_error,,Timeout binding ID,/results/temp/3187/quic_client_test_newcoid_zero_error0.iev,0.0,0.0
lsquic,client,quic_client_test_newcoid_zero_error,,"require is_protocol_violation;""",/results/temp/3238/quic_client_test_newcoid_zero_error0.iev,0.0,0.0
lsquic,client,quic_client_test_newcoid_zero_error,,"require is_protocol_violation;""",/results/temp/3289/quic_client_test_newcoid_zero_error0.iev,0.0,0.0
picoquic,client,quic_client_test_newcoid_zero_error,," require pkt.payload = queued_frames(scid);""",/results/temp/3340/quic_client_test_newcoid_zero_error0.iev,0.0,0.0
picoquic,client,quic_client_test_newcoid_zero_error,," require pkt.payload = queued_frames(scid);""",/results/temp/3391/quic_client_test_newcoid_zero_error0.iev,0.0,0.0
aioquic,client,quic_client_test_newcoid_zero_error,," require pkt.payload = queued_frames(scid);""",/results/temp/3442/quic_client_test_newcoid_zero_error0.iev,0.0,0.0
aioquic,client,quic_client_test_newcoid_zero_error,," require pkt.payload = queued_frames(scid);""",/results/temp/3493/quic_client_test_newcoid_zero_error0.iev,0.0,0.0
quic-go,client,quic_client_test_accept_maxdata,,frame.connection_close:{err_code:0x130},/results/temp/3544/quic_client_test_accept_maxdata0.iev,0.0,0.0
quic-go,client,quic_client_test_accept_maxdata,,frame.connection_close:{err_code:0x130},/results/temp/3595/quic_client_test_accept_maxdata0.iev,0.0,0.0
mvfst,client,quic_client_test_accept_maxdata,,Timeout binding ID,/results/temp/3646/quic_client_test_accept_maxdata0.iev,0.0,0.0
mvfst,client,quic_client_test_accept_maxdata,,Timeout binding ID,/results/temp/3697/quic_client_test_accept_maxdata0.iev,0.0,0.0
lsquic,client,quic_client_test_accept_maxdata,,"require conn_total_data(the_cid) > 0;""",/results/temp/3748/quic_client_test_accept_maxdata0.iev,0.0,0.0
lsquic,client,quic_client_test_accept_maxdata,,"require conn_total_data(the_cid) > 0;""",/results/temp/3799/quic_client_test_accept_maxdata0.iev,0.0,0.0
picoquic,client,quic_client_test_accept_maxdata,,frame.connection_close:{err_code:0x4},/results/temp/3850/quic_client_test_accept_maxdata0.iev,0.0,0.0
aioquic,client,quic_client_test_accept_maxdata,,"require ~_generating & ~queued_non_ack(scid) -> ack_credit(scid) > 0;  # [5]""",/results/temp/3901/quic_client_test_accept_maxdata0.iev,0.0,0.0
aioquic,client,quic_client_test_accept_maxdata,,frame.connection_close:{err_code:0x5},/results/temp/3952/quic_client_test_accept_maxdata0.iev,0.0,0.0
quic-go,client,quic_client_test_tp_prefadd_error,,frame.connection_close:{err_code:0x130},/results/temp/4054/quic_client_test_tp_prefadd_error0.iev,0.0,0.0
mvfst,client,quic_client_test_tp_prefadd_error,,Timeout binding ID,/results/temp/4105/quic_client_test_tp_prefadd_error0.iev,0.0,0.0
mvfst,client,quic_client_test_tp_prefadd_error,,Timeout binding ID,/results/temp/4156/quic_client_test_tp_prefadd_error0.iev,0.0,0.0
lsquic,client,quic_client_test_tp_prefadd_error,,Timeout sending ID,/results/temp/4207/quic_client_test_tp_prefadd_error0.iev,0.0,0.0
lsquic,client,quic_client_test_tp_prefadd_error,,Timeout sending ID,/results/temp/4258/quic_client_test_tp_prefadd_error0.iev,0.0,0.0
picoquic,client,quic_client_test_tp_prefadd_error,,No Error,/results/temp/4309/quic_client_test_tp_prefadd_error0.iev,0.0,1.0
picoquic,client,quic_client_test_tp_prefadd_error,,No Error,/results/temp/4360/quic_client_test_tp_prefadd_error0.iev,0.0,1.0
aioquic,client,quic_client_test_tp_prefadd_error,,Timeout sending ID,/results/temp/4411/quic_client_test_tp_prefadd_error0.iev,0.0,0.0
aioquic,client,quic_client_test_tp_prefadd_error,,Timeout sending ID,/results/temp/4462/quic_client_test_tp_prefadd_error0.iev,0.0,0.0
quic-go,client,quic_client_test_no_odci,,server_return_code(1)+timeout,/results/temp/4513/quic_client_test_no_odci0.iev,0.0,0.0
quic-go,client,quic_client_test_no_odci,,server_return_code(1)+timeout,/results/temp/4564/quic_client_test_no_odci0.iev,0.0,0.0
mvfst,client,quic_client_test_no_odci,,Timeout binding ID,/results/temp/4615/quic_client_test_no_odci0.iev,0.0,0.0
mvfst,client,quic_client_test_no_odci,,Timeout binding ID,/results/temp/4666/quic_client_test_no_odci0.iev,0.0,0.0
lsquic,client,quic_client_test_no_odci,,Timeout sending ID,/results/temp/4717/quic_client_test_no_odci0.iev,0.0,0.0
lsquic,client,quic_client_test_no_odci,,Timeout sending ID,/results/temp/4768/quic_client_test_no_odci0.iev,0.0,0.0
picoquic,client,quic_client_test_no_odci,,No Error,/results/temp/4819/quic_client_test_no_odci0.iev,0.0,1.0
picoquic,client,quic_client_test_no_odci,,No Error,/results/temp/4870/quic_client_test_no_odci0.iev,0.0,1.0
aioquic,client,quic_client_test_no_odci,,Segmentation Fault 139,/results/temp/4921/quic_client_test_no_odci0.iev,0.0,0.0
aioquic,client,quic_client_test_no_odci,,Segmentation Fault 139,/results/temp/4972/quic_client_test_no_odci0.iev,0.0,0.0
quic-go,client,quic_client_test_ext_min_ack_delay,,frame.connection_close:{err_code:0x130},/results/temp/5023/quic_client_test_ext_min_ack_delay0.iev,0.0,0.0
quic-go,client,quic_client_test_ext_min_ack_delay,,frame.connection_close:{err_code:0x130},/results/temp/5074/quic_client_test_ext_min_ack_delay0.iev,0.0,0.0
mvfst,client,quic_client_test_ext_min_ack_delay,,Timeout binding ID,/results/temp/5125/quic_client_test_ext_min_ack_delay0.iev,0.0,0.0
mvfst,client,quic_client_test_ext_min_ack_delay,,Timeout binding ID,/results/temp/5176/quic_client_test_ext_min_ack_delay0.iev,0.0,0.0
lsquic,client,quic_client_test_ext_min_ack_delay,,Timeout sending ID,/results/temp/5227/quic_client_test_ext_min_ack_delay0.iev,0.0,0.0
lsquic,client,quic_client_test_ext_min_ack_delay,,Timeout sending ID,/results/temp/5278/quic_client_test_ext_min_ack_delay0.iev,0.0,0.0
picoquic,client,quic_client_test_ext_min_ack_delay,,Timeout sending ID,/results/temp/5329/quic_client_test_ext_min_ack_delay0.iev,0.0,0.0
picoquic,client,quic_client_test_ext_min_ack_delay,,Timeout sending ID,/results/temp/5380/quic_client_test_ext_min_ack_delay0.iev,0.0,0.0
aioquic,client,quic_client_test_ext_min_ack_delay,,Timeout sending ID,/results/temp/5431/quic_client_test_ext_min_ack_delay0.iev,0.0,0.0
aioquic,client,quic_client_test_ext_min_ack_delay,,Timeout sending ID,/results/temp/5482/quic_client_test_ext_min_ack_delay0.iev,0.0,0.0
aioquic,client,quic_client_test_tp_error,,Timeout sending ID,/results/temp/994/quic_client_test_tp_error0.iev,0.0,0.0
quic-go,client,quic_client_test_double_tp_error,,server_return_code(1)+timeout,/results/temp/1045/quic_client_test_double_tp_error0.iev,0.0,0.0
mvfst,client,quic_client_test_double_tp_error,,Timeout binding ID,/results/temp/1147/quic_client_test_double_tp_error0.iev,0.0,0.0
mvfst,client,quic_client_test_double_tp_error,,Timeout binding ID,/results/temp/1198/quic_client_test_double_tp_error0.iev,0.0,0.0
lsquic,client,quic_client_test_double_tp_error,,Timeout sending ID,/results/temp/1249/quic_client_test_double_tp_error0.iev,0.0,0.0
picoquic,client,quic_client_test_double_tp_error,,No Error,/results/temp/1300/quic_client_test_double_tp_error0.iev,0.0,1.0
picoquic,client,quic_client_test_double_tp_error,,No Error,/results/temp/1351/quic_client_test_double_tp_error0.iev,0.0,1.0
aioquic,client,quic_client_test_double_tp_error,,Timeout sending ID,/results/temp/1402/quic_client_test_double_tp_error0.iev,0.0,0.0
aioquic,client,quic_client_test_double_tp_error,,Timeout sending ID,/results/temp/1453/quic_client_test_double_tp_error0.iev,0.0,0.0
quic-go,client,quic_client_test_tp_acticoid_error,,frame.connection_close:{err_code:0x8},/results/temp/1504/quic_client_test_tp_acticoid_error0.iev,0.0,0.0
quic-go,client,quic_client_test_tp_acticoid_error,,frame.connection_close:{err_code:0x8},/results/temp/1555/quic_client_test_tp_acticoid_error0.iev,0.0,0.0
mvfst,client,quic_client_test_tp_acticoid_error,,Timeout binding ID,/results/temp/1606/quic_client_test_tp_acticoid_error0.iev,0.0,0.0
mvfst,client,quic_client_test_tp_acticoid_error,,Timeout binding ID,/results/temp/1657/quic_client_test_tp_acticoid_error0.iev,0.0,0.0
quic-go,client,quic_client_test_accept_maxdata,,frame.connection_close:{err_code:0x5},/results/temp/39/quic_client_test_accept_maxdata0.iev,0.0,0.0
quic-go,client,quic_client_test_max,,frame.connection_close:{err_code:0x130},/results/temp/90/quic_client_test_max0.iev,0.0,0.0
mvfst,client,quic_client_test_max,,Timeout binding ID,/results/temp/141/quic_client_test_max0.iev,0.0,0.0
mvfst,client,quic_client_test_max,,Timeout binding ID,/results/temp/192/quic_client_test_max0.iev,0.0,0.0
picoquic,client,quic_client_test_max,,No Error,/results/temp/345/quic_client_test_max0.iev,0.0,1.0
picoquic,client,quic_client_test_max,,No Error,/results/temp/396/quic_client_test_max0.iev,0.0,1.0
aioquic,client,quic_client_test_max,,"require ~_generating & ~queued_non_ack(scid) -> ack_credit(scid) > 0;  # [5]""",/results/temp/447/quic_client_test_max0.iev,0.0,0.0
quic-go,client,quic_client_test_tp_prefadd_error,,frame.connection_close:{err_code:0x130},/results/temp/40/quic_client_test_tp_prefadd_error0.iev,0.0,0.0
quic-go,client,quic_client_test_max,,frame.connection_close:{err_code:0x130},/results/temp/40/quic_client_test_max0.iev,0.0,0.0
quic-go,client,quic_client_test_max,,frame.connection_close:{err_code:0x130},/results/temp/91/quic_client_test_max0.iev,0.0,0.0
mvfst,client,quic_client_test_max,,Timeout binding ID,/results/temp/142/quic_client_test_max0.iev,0.0,0.0
mvfst,client,quic_client_test_max,,Timeout binding ID,/results/temp/193/quic_client_test_max0.iev,0.0,0.0
lsquic,client,quic_client_test_max,,"require conn_total_data(the_cid) > 0;""",/results/temp/244/quic_client_test_max0.iev,0.0,0.0
lsquic,client,quic_client_test_max,,"require conn_total_data(the_cid) > 0;""",/results/temp/295/quic_client_test_max0.iev,0.0,0.0
picoquic,client,quic_client_test_max,,No Error,/results/temp/346/quic_client_test_max0.iev,0.0,1.0
picoquic,client,quic_client_test_max,,No Error,/results/temp/397/quic_client_test_max0.iev,0.0,1.0
aioquic,client,quic_client_test_max,,No Error,/results/temp/448/quic_client_test_max0.iev,0.0,1.0
aioquic,client,quic_client_test_max,,No Error,/results/temp/499/quic_client_test_max0.iev,0.0,1.0
quic-go,client,quic_client_test_tp_error,,server_return_code(1)+timeout,/results/temp/536/quic_client_test_tp_error0.iev,0.0,0.0
quic-go,client,quic_client_test_tp_error,,server_return_code(1)+timeout,/results/temp/587/quic_client_test_tp_error0.iev,0.0,0.0
mvfst,client,quic_client_test_tp_error,,Timeout binding ID,/results/temp/638/quic_client_test_tp_error0.iev,0.0,0.0
mvfst,client,quic_client_test_tp_error,,Timeout binding ID,/results/temp/689/quic_client_test_tp_error0.iev,0.0,0.0
lsquic,client,quic_client_test_tp_error,,Timeout sending ID,/results/temp/740/quic_client_test_tp_error0.iev,0.0,0.0
lsquic,client,quic_client_test_tp_error,,Timeout sending ID,/results/temp/791/quic_client_test_tp_error0.iev,0.0,0.0
picoquic,client,quic_client_test_tp_error,,Timeout sending ID,/results/temp/842/quic_client_test_tp_error0.iev,0.0,0.0
picoquic,client,quic_client_test_tp_error,,Timeout sending ID,/results/temp/893/quic_client_test_tp_error0.iev,0.0,0.0
aioquic,client,quic_client_test_tp_error,,Timeout sending ID,/results/temp/944/quic_client_test_tp_error0.iev,0.0,0.0
aioquic,client,quic_client_test_tp_error,,Timeout sending ID,/results/temp/995/quic_client_test_tp_error0.iev,0.0,0.0
quic-go,client,quic_client_test_double_tp_error,,server_return_code(1)+timeout,/results/temp/1097/quic_client_test_double_tp_error0.iev,0.0,0.0
mvfst,client,quic_client_test_double_tp_error,,Timeout binding ID,/results/temp/1148/quic_client_test_double_tp_error0.iev,0.0,0.0
mvfst,client,quic_client_test_double_tp_error,,Timeout binding ID,/results/temp/1199/quic_client_test_double_tp_error0.iev,0.0,0.0
picoquic,client,quic_client_test_double_tp_error,,No Error,/results/temp/1301/quic_client_test_double_tp_error0.iev,0.0,1.0
picoquic,client,quic_client_test_double_tp_error,,No Error,/results/temp/1352/quic_client_test_double_tp_error0.iev,0.0,1.0
aioquic,client,quic_client_test_double_tp_error,,Timeout sending ID,/results/temp/1403/quic_client_test_double_tp_error0.iev,0.0,0.0
aioquic,client,quic_client_test_double_tp_error,,Timeout sending ID,/results/temp/1454/quic_client_test_double_tp_error0.iev,0.0,0.0
quic-go,client,quic_client_test_tp_acticoid_error,,frame.connection_close:{err_code:0x8},/results/temp/1505/quic_client_test_tp_acticoid_error0.iev,0.0,0.0
quic-go,client,quic_client_test_tp_acticoid_error,,frame.connection_close:{err_code:0x8},/results/temp/1556/quic_client_test_tp_acticoid_error0.iev,0.0,0.0
mvfst,client,quic_client_test_tp_acticoid_error,,Timeout binding ID,/results/temp/1607/quic_client_test_tp_acticoid_error0.iev,0.0,0.0
mvfst,client,quic_client_test_tp_acticoid_error,,Timeout binding ID,/results/temp/1658/quic_client_test_tp_acticoid_error0.iev,0.0,0.0
lsquic,client,quic_client_test_tp_acticoid_error,,Timeout sending ID,/results/temp/1709/quic_client_test_tp_acticoid_error0.iev,0.0,0.0
picoquic,client,quic_client_test_tp_acticoid_error,,Timeout sending ID,/results/temp/1811/quic_client_test_tp_acticoid_error0.iev,0.0,0.0
picoquic,client,quic_client_test_tp_acticoid_error,,Timeout sending ID,/results/temp/1862/quic_client_test_tp_acticoid_error0.iev,0.0,0.0
aioquic,client,quic_client_test_tp_acticoid_error,,Segmentation Fault 139,/results/temp/1913/quic_client_test_tp_acticoid_error0.iev,0.0,0.0
aioquic,client,quic_client_test_tp_acticoid_error,,Segmentation Fault 139,/results/temp/1964/quic_client_test_tp_acticoid_error0.iev,0.0,0.0
quic-go,client,quic_client_test_tp_limit_acticoid_error,,frame.connection_close:{err_code:0x130},/results/temp/2015/quic_client_test_tp_limit_acticoid_error0.iev,0.0,0.0
mvfst,client,quic_client_test_tp_limit_acticoid_error,,Timeout binding ID,/results/temp/2117/quic_client_test_tp_limit_acticoid_error0.iev,0.0,0.0
mvfst,client,quic_client_test_tp_limit_acticoid_error,,Timeout binding ID,/results/temp/2168/quic_client_test_tp_limit_acticoid_error0.iev,0.0,0.0
lsquic,client,quic_client_test_tp_limit_acticoid_error,,"require is_connection_id_limit_error;""",/results/temp/2219/quic_client_test_tp_limit_acticoid_error0.iev,0.0,0.0
picoquic,client,quic_client_test_tp_limit_acticoid_error,," require pkt.payload = queued_frames(scid);""",/results/temp/2321/quic_client_test_tp_limit_acticoid_error0.iev,0.0,0.0
picoquic,client,quic_client_test_tp_limit_acticoid_error,," require pkt.payload = queued_frames(scid);""",/results/temp/2372/quic_client_test_tp_limit_acticoid_error0.iev,0.0,0.0
aioquic,client,quic_client_test_tp_limit_acticoid_error,," require pkt.payload = queued_frames(scid);""",/results/temp/2423/quic_client_test_tp_limit_acticoid_error0.iev,0.0,0.0
aioquic,client,quic_client_test_tp_limit_acticoid_error,," require pkt.payload = queued_frames(scid);""",/results/temp/2474/quic_client_test_tp_limit_acticoid_error0.iev,0.0,0.0
quic-go,client,quic_client_test_retirecoid_error,,frame.connection_close:{err_code:0x130},/results/temp/2576/quic_client_test_retirecoid_error0.iev,0.0,0.0
mvfst,client,quic_client_test_retirecoid_error,,Timeout binding ID,/results/temp/2627/quic_client_test_retirecoid_error0.iev,0.0,0.0
mvfst,client,quic_client_test_retirecoid_error,,Timeout binding ID,/results/temp/2678/quic_client_test_retirecoid_error0.iev,0.0,0.0
lsquic,client,quic_client_test_retirecoid_error,,"require is_protocol_violation;""",/results/temp/2729/quic_client_test_retirecoid_error0.iev,0.0,0.0
picoquic,client,quic_client_test_retirecoid_error,," require pkt.payload = queued_frames(scid);""",/results/temp/2831/quic_client_test_retirecoid_error0.iev,0.0,0.0
picoquic,client,quic_client_test_retirecoid_error,," require pkt.payload = queued_frames(scid);""",/results/temp/2882/quic_client_test_retirecoid_error0.iev,0.0,0.0
aioquic,client,quic_client_test_retirecoid_error,," require pkt.payload = queued_frames(scid);""",/results/temp/2933/quic_client_test_retirecoid_error0.iev,0.0,0.0
aioquic,client,quic_client_test_retirecoid_error,," require pkt.payload = queued_frames(scid);""",/results/temp/2984/quic_client_test_retirecoid_error0.iev,0.0,0.0
quic-go,client,quic_client_test_newcoid_zero_error,,frame.connection_close:{err_code:0x130},/results/temp/3086/quic_client_test_newcoid_zero_error0.iev,0.0,0.0
mvfst,client,quic_client_test_newcoid_zero_error,,Timeout binding ID,/results/temp/3137/quic_client_test_newcoid_zero_error0.iev,0.0,0.0
mvfst,client,quic_client_test_newcoid_zero_error,,Timeout binding ID,/results/temp/3188/quic_client_test_newcoid_zero_error0.iev,0.0,0.0
lsquic,client,quic_client_test_newcoid_zero_error,,"require is_protocol_violation;""",/results/temp/3239/quic_client_test_newcoid_zero_error0.iev,0.0,0.0
lsquic,client,quic_client_test_newcoid_zero_error,,"require is_protocol_violation;""",/results/temp/3290/quic_client_test_newcoid_zero_error0.iev,0.0,0.0
picoquic,client,quic_client_test_newcoid_zero_error,," require pkt.payload = queued_frames(scid);""",/results/temp/3341/quic_client_test_newcoid_zero_error0.iev,0.0,0.0
picoquic,client,quic_client_test_newcoid_zero_error,," require pkt.payload = queued_frames(scid);""",/results/temp/3392/quic_client_test_newcoid_zero_error0.iev,0.0,0.0
aioquic,client,quic_client_test_newcoid_zero_error,," require pkt.payload = queued_frames(scid);""",/results/temp/3443/quic_client_test_newcoid_zero_error0.iev,0.0,0.0
aioquic,client,quic_client_test_newcoid_zero_error,," require pkt.payload = queued_frames(scid);""",/results/temp/3494/quic_client_test_newcoid_zero_error0.iev,0.0,0.0
quic-go,client,quic_client_test_accept_maxdata,,frame.connection_close:{err_code:0x130},/results/temp/3596/quic_client_test_accept_maxdata0.iev,0.0,0.0
mvfst,client,quic_client_test_accept_maxdata,,Timeout binding ID,/results/temp/3647/quic_client_test_accept_maxdata0.iev,0.0,0.0
mvfst,client,quic_client_test_accept_maxdata,,Timeout binding ID,/results/temp/3698/quic_client_test_accept_maxdata0.iev,0.0,0.0
lsquic,client,quic_client_test_accept_maxdata,,"require conn_total_data(the_cid) > 0;""",/results/temp/3749/quic_client_test_accept_maxdata0.iev,0.0,0.0
picoquic,client,quic_client_test_accept_maxdata,,frame.connection_close:{err_code:0x4},/results/temp/3800/quic_client_test_accept_maxdata0.iev,0.0,0.0
picoquic,client,quic_client_test_accept_maxdata,,frame.connection_close:{err_code:0x4},/results/temp/3851/quic_client_test_accept_maxdata0.iev,0.0,0.0
aioquic,client,quic_client_test_accept_maxdata,,frame.connection_close:{err_code:0x5},/results/temp/3902/quic_client_test_accept_maxdata0.iev,0.0,0.0
aioquic,client,quic_client_test_accept_maxdata,,frame.connection_close:{err_code:0x5},/results/temp/3953/quic_client_test_accept_maxdata0.iev,0.0,0.0
quic-go,client,quic_client_test_tp_prefadd_error,,frame.connection_close:{err_code:0x130},/results/temp/4004/quic_client_test_tp_prefadd_error0.iev,0.0,0.0
quic-go,client,quic_client_test_tp_prefadd_error,,frame.connection_close:{err_code:0x130},/results/temp/4055/quic_client_test_tp_prefadd_error0.iev,0.0,0.0
mvfst,client,quic_client_test_tp_prefadd_error,,Timeout binding ID,/results/temp/4106/quic_client_test_tp_prefadd_error0.iev,0.0,0.0
mvfst,client,quic_client_test_tp_prefadd_error,,Timeout binding ID,/results/temp/4157/quic_client_test_tp_prefadd_error0.iev,0.0,0.0
lsquic,client,quic_client_test_tp_prefadd_error,,Timeout sending ID,/results/temp/4208/quic_client_test_tp_prefadd_error0.iev,0.0,0.0
picoquic,client,quic_client_test_tp_prefadd_error,,No Error,/results/temp/4310/quic_client_test_tp_prefadd_error0.iev,0.0,1.0
picoquic,client,quic_client_test_tp_prefadd_error,,No Error,/results/temp/4361/quic_client_test_tp_prefadd_error0.iev,0.0,1.0
aioquic,client,quic_client_test_tp_prefadd_error,,Timeout sending ID,/results/temp/4412/quic_client_test_tp_prefadd_error0.iev,0.0,0.0
aioquic,client,quic_client_test_tp_prefadd_error,,Timeout sending ID,/results/temp/4463/quic_client_test_tp_prefadd_error0.iev,0.0,0.0
quic-go,client,quic_client_test_no_odci,,server_return_code(1)+timeout,/results/temp/4514/quic_client_test_no_odci0.iev,0.0,0.0
mvfst,client,quic_client_test_no_odci,,Timeout binding ID,/results/temp/4616/quic_client_test_no_odci0.iev,0.0,0.0
mvfst,client,quic_client_test_no_odci,,Timeout binding ID,/results/temp/4667/quic_client_test_no_odci0.iev,0.0,0.0
lsquic,client,quic_client_test_no_odci,,Timeout sending ID,/results/temp/4769/quic_client_test_no_odci0.iev,0.0,0.0
picoquic,client,quic_client_test_no_odci,,No Error,/results/temp/4820/quic_client_test_no_odci0.iev,0.0,1.0
picoquic,client,quic_client_test_no_odci,,No Error,/results/temp/4871/quic_client_test_no_odci0.iev,0.0,1.0
aioquic,client,quic_client_test_no_odci,,Segmentation Fault 139,/results/temp/4922/quic_client_test_no_odci0.iev,0.0,0.0
aioquic,client,quic_client_test_no_odci,,Segmentation Fault 139,/results/temp/4973/quic_client_test_no_odci0.iev,0.0,0.0
quic-go,client,quic_client_test_ext_min_ack_delay,,frame.connection_close:{err_code:0x130},/results/temp/5024/quic_client_test_ext_min_ack_delay0.iev,0.0,0.0
quic-go,client,quic_client_test_ext_min_ack_delay,,frame.connection_close:{err_code:0x130},/results/temp/5075/quic_client_test_ext_min_ack_delay0.iev,0.0,0.0
mvfst,client,quic_client_test_ext_min_ack_delay,,Timeout binding ID,/results/temp/5126/quic_client_test_ext_min_ack_delay0.iev,0.0,0.0
mvfst,client,quic_client_test_ext_min_ack_delay,,Timeout binding ID,/results/temp/5177/quic_client_test_ext_min_ack_delay0.iev,0.0,0.0
picoquic,client,quic_client_test_ext_min_ack_delay,,Timeout sending ID,/results/temp/5330/quic_client_test_ext_min_ack_delay0.iev,0.0,0.0
picoquic,client,quic_client_test_ext_min_ack_delay,,Timeout sending ID,/results/temp/5381/quic_client_test_ext_min_ack_delay0.iev,0.0,0.0
aioquic,client,quic_client_test_ext_min_ack_delay,,Timeout sending ID,/results/temp/5432/quic_client_test_ext_min_ack_delay0.iev,0.0,0.0
aioquic,client,quic_client_test_ext_min_ack_delay,,Timeout sending ID,/results/temp/5483/quic_client_test_ext_min_ack_delay0.iev,0.0,0.0
quic-go,client,quic_client_test_double_tp_error,,server_return_code(1)+timeout,/results/temp/1046/quic_client_test_double_tp_error0.iev,0.0,0.0
lsquic,client,quic_client_test_max,,"require conn_total_data(the_cid) > 0;""",/results/temp/296/quic_client_test_max0.iev,0.0,0.0
picoquic,client,quic_client_test_max,,frame.connection_close:{err_code:0x4},/results/temp/347/quic_client_test_max0.iev,0.0,0.0
picoquic,client,quic_client_test_max,,No Error,/results/temp/398/quic_client_test_max0.iev,0.0,1.0
aioquic,client,quic_client_test_max,,No Error,/results/temp/449/quic_client_test_max0.iev,0.0,1.0
quic-go,client,quic_client_test_tp_error,,server_return_code(1)+timeout,/results/temp/500/quic_client_test_tp_error0.iev,0.0,0.0
quic-go,client,quic_client_test_tp_error,,server_return_code(1)+timeout,/results/temp/537/quic_client_test_tp_error0.iev,0.0,0.0
mvfst,client,quic_client_test_tp_error,,Timeout binding ID,/results/temp/639/quic_client_test_tp_error0.iev,0.0,0.0
mvfst,client,quic_client_test_tp_error,,Timeout binding ID,/results/temp/690/quic_client_test_tp_error0.iev,0.0,0.0
picoquic,client,quic_client_test_tp_error,,Timeout sending ID,/results/temp/843/quic_client_test_tp_error0.iev,0.0,0.0
picoquic,client,quic_client_test_tp_error,,Timeout sending ID,/results/temp/894/quic_client_test_tp_error0.iev,0.0,0.0
aioquic,client,quic_client_test_tp_error,,Timeout sending ID,/results/temp/945/quic_client_test_tp_error0.iev,0.0,0.0
aioquic,client,quic_client_test_tp_error,,Timeout sending ID,/results/temp/996/quic_client_test_tp_error0.iev,0.0,0.0
quic-go,client,quic_client_test_double_tp_error,,server_return_code(1)+timeout,/results/temp/1098/quic_client_test_double_tp_error0.iev,0.0,0.0
mvfst,client,quic_client_test_double_tp_error,,Timeout binding ID,/results/temp/1149/quic_client_test_double_tp_error0.iev,0.0,0.0
lsquic,client,quic_client_test_double_tp_error,,Timeout sending ID,/results/temp/1200/quic_client_test_double_tp_error0.iev,0.0,0.0
lsquic,client,quic_client_test_double_tp_error,,Timeout sending ID,/results/temp/1251/quic_client_test_double_tp_error0.iev,0.0,0.0
picoquic,client,quic_client_test_double_tp_error,,No Error,/results/temp/1302/quic_client_test_double_tp_error0.iev,0.0,1.0
picoquic,client,quic_client_test_double_tp_error,,No Error,/results/temp/1353/quic_client_test_double_tp_error0.iev,0.0,1.0
aioquic,client,quic_client_test_double_tp_error,,Timeout sending ID,/results/temp/1404/quic_client_test_double_tp_error0.iev,0.0,0.0
aioquic,client,quic_client_test_double_tp_error,,Timeout sending ID,/results/temp/1455/quic_client_test_double_tp_error0.iev,0.0,0.0
quic-go,client,quic_client_test_tp_acticoid_error,,frame.connection_close:{err_code:0x8},/results/temp/1506/quic_client_test_tp_acticoid_error0.iev,0.0,0.0
quic-go,client,quic_client_test_tp_acticoid_error,,frame.connection_close:{err_code:0x8},/results/temp/1557/quic_client_test_tp_acticoid_error0.iev,0.0,0.0
mvfst,client,quic_client_test_tp_acticoid_error,,Timeout binding ID,/results/temp/1608/quic_client_test_tp_acticoid_error0.iev,0.0,0.0
mvfst,client,quic_client_test_tp_acticoid_error,,Timeout binding ID,/results/temp/1659/quic_client_test_tp_acticoid_error0.iev,0.0,0.0
lsquic,client,quic_client_test_tp_acticoid_error,,Timeout sending ID,/results/temp/1710/quic_client_test_tp_acticoid_error0.iev,0.0,0.0
lsquic,client,quic_client_test_tp_acticoid_error,,Timeout sending ID,/results/temp/1761/quic_client_test_tp_acticoid_error0.iev,0.0,0.0
picoquic,client,quic_client_test_tp_acticoid_error,,Timeout sending ID,/results/temp/1812/quic_client_test_tp_acticoid_error0.iev,0.0,0.0
picoquic,client,quic_client_test_tp_acticoid_error,,Timeout sending ID,/results/temp/1863/quic_client_test_tp_acticoid_error0.iev,0.0,0.0
aioquic,client,quic_client_test_tp_acticoid_error,,Segmentation Fault 139,/results/temp/1914/quic_client_test_tp_acticoid_error0.iev,0.0,0.0
aioquic,client,quic_client_test_tp_acticoid_error,,Segmentation Fault 139,/results/temp/1965/quic_client_test_tp_acticoid_error0.iev,0.0,0.0
quic-go,client,quic_client_test_tp_limit_acticoid_error,,frame.connection_close:{err_code:0x130},/results/temp/2067/quic_client_test_tp_limit_acticoid_error0.iev,0.0,0.0
mvfst,client,quic_client_test_tp_limit_acticoid_error,,Timeout binding ID,/results/temp/2118/quic_client_test_tp_limit_acticoid_error0.iev,0.0,0.0
mvfst,client,quic_client_test_tp_limit_acticoid_error,,Timeout binding ID,/results/temp/2169/quic_client_test_tp_limit_acticoid_error0.iev,0.0,0.0
lsquic,client,quic_client_test_tp_limit_acticoid_error,,"require is_connection_id_limit_error;""",/results/temp/2220/quic_client_test_tp_limit_acticoid_error0.iev,0.0,0.0
picoquic,client,quic_client_test_tp_limit_acticoid_error,," require pkt.payload = queued_frames(scid);""",/results/temp/2322/quic_client_test_tp_limit_acticoid_error0.iev,0.0,0.0
picoquic,client,quic_client_test_tp_limit_acticoid_error,," require pkt.payload = queued_frames(scid);""",/results/temp/2373/quic_client_test_tp_limit_acticoid_error0.iev,0.0,0.0
aioquic,client,quic_client_test_tp_limit_acticoid_error,," require pkt.payload = queued_frames(scid);""",/results/temp/2424/quic_client_test_tp_limit_acticoid_error0.iev,0.0,0.0
aioquic,client,quic_client_test_tp_limit_acticoid_error,,"	require num_queued_frames(scid) > 0 -> e = queued_level(scid);""",/results/temp/2475/quic_client_test_tp_limit_acticoid_error0.iev,0.0,0.0
quic-go,client,quic_client_test_retirecoid_error,,frame.connection_close:{err_code:0x130},/results/temp/2526/quic_client_test_retirecoid_error0.iev,0.0,0.0
mvfst,client,quic_client_test_retirecoid_error,,Timeout binding ID,/results/temp/2628/quic_client_test_retirecoid_error0.iev,0.0,0.0
mvfst,client,quic_client_test_retirecoid_error,,Timeout binding ID,/results/temp/2679/quic_client_test_retirecoid_error0.iev,0.0,0.0
lsquic,client,quic_client_test_retirecoid_error,,"require is_protocol_violation;""",/results/temp/2730/quic_client_test_retirecoid_error0.iev,0.0,0.0
picoquic,client,quic_client_test_retirecoid_error,," require pkt.payload = queued_frames(scid);""",/results/temp/2832/quic_client_test_retirecoid_error0.iev,0.0,0.0
picoquic,client,quic_client_test_retirecoid_error,," require pkt.payload = queued_frames(scid);""",/results/temp/2883/quic_client_test_retirecoid_error0.iev,0.0,0.0
aioquic,client,quic_client_test_retirecoid_error,," require pkt.payload = queued_frames(scid);""",/results/temp/2934/quic_client_test_retirecoid_error0.iev,0.0,0.0
aioquic,client,quic_client_test_retirecoid_error,,"require is_protocol_violation;""",/results/temp/2985/quic_client_test_retirecoid_error0.iev,0.0,0.0
mvfst,client,quic_client_test_newcoid_zero_error,,Timeout binding ID,/results/temp/3138/quic_client_test_newcoid_zero_error0.iev,0.0,0.0
mvfst,client,quic_client_test_newcoid_zero_error,,Timeout binding ID,/results/temp/3189/quic_client_test_newcoid_zero_error0.iev,0.0,0.0
lsquic,client,quic_client_test_newcoid_zero_error,,"require is_protocol_violation;""",/results/temp/3291/quic_client_test_newcoid_zero_error0.iev,0.0,0.0
picoquic,client,quic_client_test_newcoid_zero_error,," require pkt.payload = queued_frames(scid);""",/results/temp/3342/quic_client_test_newcoid_zero_error0.iev,0.0,0.0
picoquic,client,quic_client_test_newcoid_zero_error,," require pkt.payload = queued_frames(scid);""",/results/temp/3393/quic_client_test_newcoid_zero_error0.iev,0.0,0.0
aioquic,client,quic_client_test_newcoid_zero_error,,"	require num_queued_frames(scid) > 0 -> e = queued_level(scid);""",/results/temp/3444/quic_client_test_newcoid_zero_error0.iev,0.0,0.0
aioquic,client,quic_client_test_newcoid_zero_error,,"	require num_queued_frames(scid) > 0 -> e = queued_level(scid);""",/results/temp/3495/quic_client_test_newcoid_zero_error0.iev,0.0,0.0
quic-go,client,quic_client_test_accept_maxdata,,frame.connection_close:{err_code:0x130},/results/temp/3546/quic_client_test_accept_maxdata0.iev,0.0,0.0
quic-go,client,quic_client_test_accept_maxdata,,frame.connection_close:{err_code:0x130},/results/temp/3597/quic_client_test_accept_maxdata0.iev,0.0,0.0
mvfst,client,quic_client_test_accept_maxdata,,Timeout binding ID,/results/temp/3648/quic_client_test_accept_maxdata0.iev,0.0,0.0
mvfst,client,quic_client_test_accept_maxdata,,Timeout binding ID,/results/temp/3699/quic_client_test_accept_maxdata0.iev,0.0,0.0
lsquic,client,quic_client_test_accept_maxdata,,"require conn_total_data(the_cid) > 0;""",/results/temp/3750/quic_client_test_accept_maxdata0.iev,0.0,0.0
picoquic,client,quic_client_test_accept_maxdata,,frame.connection_close:{err_code:0x4},/results/temp/3801/quic_client_test_accept_maxdata0.iev,0.0,0.0
picoquic,client,quic_client_test_accept_maxdata,,frame.connection_close:{err_code:0x4},/results/temp/3852/quic_client_test_accept_maxdata0.iev,0.0,0.0
aioquic,client,quic_client_test_accept_maxdata,,frame.connection_close:{err_code:0x5},/results/temp/3903/quic_client_test_accept_maxdata0.iev,0.0,0.0
aioquic,client,quic_client_test_accept_maxdata,,frame.connection_close:{err_code:0x5},/results/temp/3954/quic_client_test_accept_maxdata0.iev,0.0,0.0
mvfst,client,quic_client_test_tp_prefadd_error,,Timeout binding ID,/results/temp/4107/quic_client_test_tp_prefadd_error0.iev,0.0,0.0
mvfst,client,quic_client_test_tp_prefadd_error,,Timeout binding ID,/results/temp/4158/quic_client_test_tp_prefadd_error0.iev,0.0,0.0
lsquic,client,quic_client_test_tp_prefadd_error,,Timeout sending ID,/results/temp/4209/quic_client_test_tp_prefadd_error0.iev,0.0,0.0
picoquic,client,quic_client_test_tp_prefadd_error,,No Error,/results/temp/4311/quic_client_test_tp_prefadd_error0.iev,0.0,1.0
picoquic,client,quic_client_test_tp_prefadd_error,,No Error,/results/temp/4362/quic_client_test_tp_prefadd_error0.iev,0.0,1.0
aioquic,client,quic_client_test_tp_prefadd_error,,Timeout sending ID,/results/temp/4413/quic_client_test_tp_prefadd_error0.iev,0.0,0.0
aioquic,client,quic_client_test_tp_prefadd_error,,Timeout sending ID,/results/temp/4464/quic_client_test_tp_prefadd_error0.iev,0.0,0.0
quic-go,client,quic_client_test_no_odci,,server_return_code(1)+timeout,/results/temp/4515/quic_client_test_no_odci0.iev,0.0,0.0
quic-go,client,quic_client_test_no_odci,,server_return_code(1)+timeout,/results/temp/4566/quic_client_test_no_odci0.iev,0.0,0.0
mvfst,client,quic_client_test_no_odci,,Timeout binding ID,/results/temp/4617/quic_client_test_no_odci0.iev,0.0,0.0
mvfst,client,quic_client_test_no_odci,,Timeout binding ID,/results/temp/4668/quic_client_test_no_odci0.iev,0.0,0.0
lsquic,client,quic_client_test_no_odci,,Timeout sending ID,/results/temp/4719/quic_client_test_no_odci0.iev,0.0,0.0
lsquic,client,quic_client_test_no_odci,,Timeout sending ID,/results/temp/4770/quic_client_test_no_odci0.iev,0.0,0.0
picoquic,client,quic_client_test_no_odci,,No Error,/results/temp/4821/quic_client_test_no_odci0.iev,0.0,1.0
picoquic,client,quic_client_test_no_odci,,No Error,/results/temp/4872/quic_client_test_no_odci0.iev,0.0,1.0
aioquic,client,quic_client_test_no_odci,,Segmentation Fault 139,/results/temp/4923/quic_client_test_no_odci0.iev,0.0,0.0
aioquic,client,quic_client_test_no_odci,,Segmentation Fault 139,/results/temp/4974/quic_client_test_no_odci0.iev,0.0,0.0
quic-go,client,quic_client_test_ext_min_ack_delay,,frame.connection_close:{err_code:0x130},/results/temp/5025/quic_client_test_ext_min_ack_delay0.iev,0.0,0.0
quic-go,client,quic_client_test_ext_min_ack_delay,,frame.connection_close:{err_code:0x130},/results/temp/5076/quic_client_test_ext_min_ack_delay0.iev,0.0,0.0
mvfst,client,quic_client_test_ext_min_ack_delay,,Timeout binding ID,/results/temp/5127/quic_client_test_ext_min_ack_delay0.iev,0.0,0.0
mvfst,client,quic_client_test_ext_min_ack_delay,,Timeout binding ID,/results/temp/5178/quic_client_test_ext_min_ack_delay0.iev,0.0,0.0
lsquic,client,quic_client_test_ext_min_ack_delay,,Timeout sending ID,/results/temp/5229/quic_client_test_ext_min_ack_delay0.iev,0.0,0.0
lsquic,client,quic_client_test_ext_min_ack_delay,,Timeout sending ID,/results/temp/5280/quic_client_test_ext_min_ack_delay0.iev,0.0,0.0
picoquic,client,quic_client_test_ext_min_ack_delay,,Timeout sending ID,/results/temp/5331/quic_client_test_ext_min_ack_delay0.iev,0.0,0.0
picoquic,client,quic_client_test_ext_min_ack_delay,,Timeout sending ID,/results/temp/5382/quic_client_test_ext_min_ack_delay0.iev,0.0,0.0
aioquic,client,quic_client_test_ext_min_ack_delay,,Timeout sending ID,/results/temp/5433/quic_client_test_ext_min_ack_delay0.iev,0.0,0.0
aioquic,client,quic_client_test_ext_min_ack_delay,,Timeout sending ID,/results/temp/5484/quic_client_test_ext_min_ack_delay0.iev,0.0,0.0
mvfst,client,quic_client_test_max,,Timeout binding ID,/results/temp/194/quic_client_test_max0.iev,0.0,0.0
mvfst,client,quic_client_test_max,,Timeout binding ID,/results/temp/143/quic_client_test_max0.iev,0.0,0.0
quic-go,client,quic_client_test_tp_prefadd_error,,Timeout binding ID,/results/temp/41/quic_client_test_tp_prefadd_error0.iev,0.0,0.0
quic-go,client,quic_client_test_max,,frame.connection_close:{err_code:0x130},/results/temp/41/quic_client_test_max0.iev,0.0,0.0
quic-go,client,quic_client_test_max,,frame.connection_close:{err_code:0x130},/results/temp/92/quic_client_test_max0.iev,0.0,0.0
mvfst,client,quic_client_test_max,,Timeout binding ID,/results/temp/144/quic_client_test_max0.iev,0.0,0.0
mvfst,client,quic_client_test_max,,Timeout binding ID,/results/temp/195/quic_client_test_max0.iev,0.0,0.0
lsquic,client,quic_client_test_max,,"require conn_total_data(the_cid) > 0;""",/results/temp/246/quic_client_test_max0.iev,0.0,0.0
lsquic,client,quic_client_test_max,,"require conn_total_data(the_cid) > 0;""",/results/temp/297/quic_client_test_max0.iev,0.0,0.0
picoquic,client,quic_client_test_max,,"require stream_id_allowed(dcid,f.id);  # [6]""",/results/temp/348/quic_client_test_max0.iev,0.0,0.0
picoquic,client,quic_client_test_max,,No Error,/results/temp/399/quic_client_test_max0.iev,0.0,1.0
aioquic,client,quic_client_test_max,,frame.connection_close:{err_code:0x5},/results/temp/450/quic_client_test_max0.iev,0.0,0.0
quic-go,client,quic_client_test_tp_error,,server_return_code(1)+timeout,/results/temp/538/quic_client_test_tp_error0.iev,0.0,0.0
quic-go,client,quic_client_test_tp_error,,server_return_code(1)+timeout,/results/temp/589/quic_client_test_tp_error0.iev,0.0,0.0
mvfst,client,quic_client_test_tp_error,,Timeout binding ID,/results/temp/640/quic_client_test_tp_error0.iev,0.0,0.0
mvfst,client,quic_client_test_tp_error,,Timeout binding ID,/results/temp/691/quic_client_test_tp_error0.iev,0.0,0.0
lsquic,client,quic_client_test_tp_error,,Timeout sending ID,/results/temp/793/quic_client_test_tp_error0.iev,0.0,0.0
picoquic,client,quic_client_test_tp_error,,Timeout sending ID,/results/temp/844/quic_client_test_tp_error0.iev,0.0,0.0
picoquic,client,quic_client_test_tp_error,,Timeout sending ID,/results/temp/895/quic_client_test_tp_error0.iev,0.0,0.0
aioquic,client,quic_client_test_tp_error,,Timeout sending ID,/results/temp/946/quic_client_test_tp_error0.iev,0.0,0.0
aioquic,client,quic_client_test_tp_error,,Timeout sending ID,/results/temp/997/quic_client_test_tp_error0.iev,0.0,0.0
quic-go,client,quic_client_test_double_tp_error,,server_return_code(1)+timeout,/results/temp/1048/quic_client_test_double_tp_error0.iev,0.0,0.0
mvfst,client,quic_client_test_double_tp_error,,Timeout binding ID,/results/temp/1150/quic_client_test_double_tp_error0.iev,0.0,0.0
picoquic,client,quic_client_test_double_tp_error,,No Error,/results/temp/1303/quic_client_test_double_tp_error0.iev,0.0,1.0
picoquic,client,quic_client_test_double_tp_error,,No Error,/results/temp/1354/quic_client_test_double_tp_error0.iev,0.0,1.0
aioquic,client,quic_client_test_double_tp_error,,Timeout sending ID,/results/temp/1405/quic_client_test_double_tp_error0.iev,0.0,0.0
aioquic,client,quic_client_test_double_tp_error,,Timeout sending ID,/results/temp/1456/quic_client_test_double_tp_error0.iev,0.0,0.0
quic-go,client,quic_client_test_tp_acticoid_error,,frame.connection_close:{err_code:0x8},/results/temp/1507/quic_client_test_tp_acticoid_error0.iev,0.0,0.0
quic-go,client,quic_client_test_tp_acticoid_error,,frame.connection_close:{err_code:0x8},/results/temp/1558/quic_client_test_tp_acticoid_error0.iev,0.0,0.0
mvfst,client,quic_client_test_tp_acticoid_error,,Timeout binding ID,/results/temp/1609/quic_client_test_tp_acticoid_error0.iev,0.0,0.0
mvfst,client,quic_client_test_tp_acticoid_error,,Timeout binding ID,/results/temp/1660/quic_client_test_tp_acticoid_error0.iev,0.0,0.0
lsquic,client,quic_client_test_tp_acticoid_error,,Timeout sending ID,/results/temp/1711/quic_client_test_tp_acticoid_error0.iev,0.0,0.0
picoquic,client,quic_client_test_tp_acticoid_error,,Timeout sending ID,/results/temp/1813/quic_client_test_tp_acticoid_error0.iev,0.0,0.0
picoquic,client,quic_client_test_tp_acticoid_error,,Timeout sending ID,/results/temp/1864/quic_client_test_tp_acticoid_error0.iev,0.0,0.0
aioquic,client,quic_client_test_tp_acticoid_error,,Segmentation Fault 139,/results/temp/1915/quic_client_test_tp_acticoid_error0.iev,0.0,0.0
aioquic,client,quic_client_test_tp_acticoid_error,,Segmentation Fault 139,/results/temp/1966/quic_client_test_tp_acticoid_error0.iev,0.0,0.0
quic-go,client,quic_client_test_tp_limit_acticoid_error,,frame.connection_close:{err_code:0x130},/results/temp/2017/quic_client_test_tp_limit_acticoid_error0.iev,0.0,0.0
quic-go,client,quic_client_test_tp_limit_acticoid_error,,frame.connection_close:{err_code:0x130},/results/temp/2068/quic_client_test_tp_limit_acticoid_error0.iev,0.0,0.0
mvfst,client,quic_client_test_tp_limit_acticoid_error,,Timeout binding ID,/results/temp/2119/quic_client_test_tp_limit_acticoid_error0.iev,0.0,0.0
mvfst,client,quic_client_test_retirecoid_error,,Timeout binding ID,/results/temp/2629/quic_client_test_retirecoid_error0.iev,0.0,0.0
mvfst,client,quic_client_test_retirecoid_error,,Timeout binding ID,/results/temp/2680/quic_client_test_retirecoid_error0.iev,0.0,0.0
lsquic,client,quic_client_test_retirecoid_error,,"require is_protocol_violation;""",/results/temp/2731/quic_client_test_retirecoid_error0.iev,0.0,0.0
lsquic,client,quic_client_test_retirecoid_error,,"require is_protocol_violation;""",/results/temp/2782/quic_client_test_retirecoid_error0.iev,0.0,0.0
picoquic,client,quic_client_test_retirecoid_error,," require pkt.payload = queued_frames(scid);""",/results/temp/2833/quic_client_test_retirecoid_error0.iev,0.0,0.0
picoquic,client,quic_client_test_retirecoid_error,,"	require num_queued_frames(scid) > 0 -> e = queued_level(scid);""",/results/temp/2884/quic_client_test_retirecoid_error0.iev,0.0,0.0
aioquic,client,quic_client_test_retirecoid_error,," require pkt.payload = queued_frames(scid);""",/results/temp/2935/quic_client_test_retirecoid_error0.iev,0.0,0.0
aioquic,client,quic_client_test_retirecoid_error,," require pkt.payload = queued_frames(scid);""",/results/temp/2986/quic_client_test_retirecoid_error0.iev,0.0,0.0
quic-go,client,quic_client_test_newcoid_zero_error,,frame.connection_close:{err_code:0x130},/results/temp/3088/quic_client_test_newcoid_zero_error0.iev,0.0,0.0
mvfst,client,quic_client_test_newcoid_zero_error,,Timeout binding ID,/results/temp/3139/quic_client_test_newcoid_zero_error0.iev,0.0,0.0
mvfst,client,quic_client_test_newcoid_zero_error,,Timeout binding ID,/results/temp/3190/quic_client_test_newcoid_zero_error0.iev,0.0,0.0
lsquic,client,quic_client_test_newcoid_zero_error,,"require is_protocol_violation;""",/results/temp/3241/quic_client_test_newcoid_zero_error0.iev,0.0,0.0
picoquic,client,quic_client_test_newcoid_zero_error,,"	require num_queued_frames(scid) > 0 -> e = queued_level(scid);""",/results/temp/3343/quic_client_test_newcoid_zero_error0.iev,0.0,0.0
picoquic,client,quic_client_test_newcoid_zero_error,," require pkt.payload = queued_frames(scid);""",/results/temp/3394/quic_client_test_newcoid_zero_error0.iev,0.0,0.0
aioquic,client,quic_client_test_newcoid_zero_error,," require pkt.payload = queued_frames(scid);""",/results/temp/3445/quic_client_test_newcoid_zero_error0.iev,0.0,0.0
aioquic,client,quic_client_test_newcoid_zero_error,," require pkt.payload = queued_frames(scid);""",/results/temp/3496/quic_client_test_newcoid_zero_error0.iev,0.0,0.0
quic-go,client,quic_client_test_accept_maxdata,,frame.connection_close:{err_code:0x130},/results/temp/3547/quic_client_test_accept_maxdata0.iev,0.0,0.0
quic-go,client,quic_client_test_accept_maxdata,,frame.connection_close:{err_code:0x130},/results/temp/3598/quic_client_test_accept_maxdata0.iev,0.0,0.0
mvfst,client,quic_client_test_accept_maxdata,,Timeout binding ID,/results/temp/3649/quic_client_test_accept_maxdata0.iev,0.0,0.0
lsquic,client,quic_client_test_accept_maxdata,,"require conn_total_data(the_cid) > 0;""",/results/temp/3751/quic_client_test_accept_maxdata0.iev,0.0,0.0
picoquic,client,quic_client_test_accept_maxdata,,frame.connection_close:{err_code:0x4},/results/temp/3802/quic_client_test_accept_maxdata0.iev,0.0,0.0
picoquic,client,quic_client_test_accept_maxdata,,frame.connection_close:{err_code:0x4},/results/temp/3853/quic_client_test_accept_maxdata0.iev,0.0,0.0
aioquic,client,quic_client_test_accept_maxdata,,frame.connection_close:{err_code:0x5},/results/temp/3904/quic_client_test_accept_maxdata0.iev,0.0,0.0
aioquic,client,quic_client_test_accept_maxdata,,frame.connection_close:{err_code:0x5},/results/temp/3955/quic_client_test_accept_maxdata0.iev,0.0,0.0
quic-go,client,quic_client_test_tp_prefadd_error,,frame.connection_close:{err_code:0x130},/results/temp/4006/quic_client_test_tp_prefadd_error0.iev,0.0,0.0
mvfst,client,quic_client_test_tp_prefadd_error,,Timeout binding ID,/results/temp/4108/quic_client_test_tp_prefadd_error0.iev,0.0,0.0
mvfst,client,quic_client_test_tp_prefadd_error,,Timeout binding ID,/results/temp/4159/quic_client_test_tp_prefadd_error0.iev,0.0,0.0
picoquic,client,quic_client_test_tp_prefadd_error,,No Error,/results/temp/4312/quic_client_test_tp_prefadd_error0.iev,0.0,1.0
picoquic,client,quic_client_test_tp_prefadd_error,,No Error,/results/temp/4363/quic_client_test_tp_prefadd_error0.iev,0.0,1.0
aioquic,client,quic_client_test_tp_prefadd_error,,Timeout sending ID,/results/temp/4414/quic_client_test_tp_prefadd_error0.iev,0.0,0.0
aioquic,client,quic_client_test_tp_prefadd_error,,Timeout sending ID,/results/temp/4465/quic_client_test_tp_prefadd_error0.iev,0.0,0.0
quic-go,client,quic_client_test_no_odci,,server_return_code(1)+timeout,/results/temp/4567/quic_client_test_no_odci0.iev,0.0,0.0
mvfst,client,quic_client_test_no_odci,,Timeout binding ID,/results/temp/4618/quic_client_test_no_odci0.iev,0.0,0.0
mvfst,client,quic_client_test_no_odci,,Timeout binding ID,/results/temp/4669/quic_client_test_no_odci0.iev,0.0,0.0
picoquic,client,quic_client_test_no_odci,,No Error,/results/temp/4822/quic_client_test_no_odci0.iev,0.0,1.0
picoquic,client,quic_client_test_no_odci,,No Error,/results/temp/4873/quic_client_test_no_odci0.iev,0.0,1.0
aioquic,client,quic_client_test_no_odci,,Segmentation Fault 139,/results/temp/4924/quic_client_test_no_odci0.iev,0.0,0.0
aioquic,client,quic_client_test_no_odci,,Segmentation Fault 139,/results/temp/4975/quic_client_test_no_odci0.iev,0.0,0.0
quic-go,client,quic_client_test_ext_min_ack_delay,,frame.connection_close:{err_code:0x130},/results/temp/5026/quic_client_test_ext_min_ack_delay0.iev,0.0,0.0
quic-go,client,quic_client_test_ext_min_ack_delay,,frame.connection_close:{err_code:0x130},/results/temp/5077/quic_client_test_ext_min_ack_delay0.iev,0.0,0.0
mvfst,client,quic_client_test_ext_min_ack_delay,,Timeout binding ID,/results/temp/5128/quic_client_test_ext_min_ack_delay0.iev,0.0,0.0
mvfst,client,quic_client_test_ext_min_ack_delay,,Timeout binding ID,/results/temp/5179/quic_client_test_ext_min_ack_delay0.iev,0.0,0.0
lsquic,client,quic_client_test_ext_min_ack_delay,,Timeout sending ID,/results/temp/5230/quic_client_test_ext_min_ack_delay0.iev,0.0,0.0
lsquic,client,quic_client_test_ext_min_ack_delay,,Timeout sending ID,/results/temp/5281/quic_client_test_ext_min_ack_delay0.iev,0.0,0.0
picoquic,client,quic_client_test_ext_min_ack_delay,,Timeout sending ID,/results/temp/5332/quic_client_test_ext_min_ack_delay0.iev,0.0,0.0
picoquic,client,quic_client_test_ext_min_ack_delay,,Timeout sending ID,/results/temp/5383/quic_client_test_ext_min_ack_delay0.iev,0.0,0.0
aioquic,client,quic_client_test_ext_min_ack_delay,,Timeout sending ID,/results/temp/5434/quic_client_test_ext_min_ack_delay0.iev,0.0,0.0
aioquic,client,quic_client_test_ext_min_ack_delay,,Timeout sending ID,/results/temp/5485/quic_client_test_ext_min_ack_delay0.iev,0.0,0.0
mvfst,client,quic_client_test_tp_limit_acticoid_error,,Timeout binding ID,/results/temp/2170/quic_client_test_tp_limit_acticoid_error0.iev,0.0,0.0
lsquic,client,quic_client_test_tp_limit_acticoid_error,,"require is_connection_id_limit_error;""",/results/temp/2272/quic_client_test_tp_limit_acticoid_error0.iev,0.0,0.0
picoquic,client,quic_client_test_tp_limit_acticoid_error,," require pkt.payload = queued_frames(scid);""",/results/temp/2323/quic_client_test_tp_limit_acticoid_error0.iev,0.0,0.0
picoquic,client,quic_client_test_tp_limit_acticoid_error,," require pkt.payload = queued_frames(scid);""",/results/temp/2374/quic_client_test_tp_limit_acticoid_error0.iev,0.0,0.0
aioquic,client,quic_client_test_tp_limit_acticoid_error,," require pkt.payload = queued_frames(scid);""",/results/temp/2425/quic_client_test_tp_limit_acticoid_error0.iev,0.0,0.0
aioquic,client,quic_client_test_tp_limit_acticoid_error,," require pkt.payload = queued_frames(scid);""",/results/temp/2476/quic_client_test_tp_limit_acticoid_error0.iev,0.0,0.0
quic-go,client,quic_client_test_retirecoid_error,,frame.connection_close:{err_code:0x130},/results/temp/2527/quic_client_test_retirecoid_error0.iev,0.0,0.0
quic-go,client,quic_client_test_retirecoid_error,,frame.connection_close:{err_code:0x130},/results/temp/2578/quic_client_test_retirecoid_error0.iev,0.0,0.0
quic-go,client,quic_client_test_max,,frame.connection_close:{err_code:0x130},/results/temp/0/quic_client_test_max0.iev,0.0,0.0
quic-go,client,quic_client_test_tp_prefadd_error,,Timeout sending ID,/results/temp/42/quic_client_test_tp_prefadd_error0.iev,0.0,0.0
quic-go,client,quic_client_test_max,,frame.connection_close:{err_code:0x130},/results/temp/42/quic_client_test_max0.iev,0.0,0.0
quic-go,client,quic_client_test_max,,frame.connection_close:{err_code:0x130},/results/temp/93/quic_client_test_max0.iev,0.0,0.0
picoquic,client,quic_client_test_tp_error,,Timeout sending ID,/results/temp/845/quic_client_test_tp_error0.iev,0.0,0.0
picoquic,client,quic_client_test_tp_error,,Timeout sending ID,/results/temp/896/quic_client_test_tp_error0.iev,0.0,0.0
aioquic,client,quic_client_test_tp_error,,Timeout sending ID,/results/temp/947/quic_client_test_tp_error0.iev,0.0,0.0
aioquic,client,quic_client_test_tp_error,,Timeout sending ID,/results/temp/998/quic_client_test_tp_error0.iev,0.0,0.0
quic-go,client,quic_client_test_double_tp_error,,server_return_code(1)+timeout,/results/temp/1049/quic_client_test_double_tp_error0.iev,0.0,0.0
mvfst,client,quic_client_test_double_tp_error,,Timeout binding ID,/results/temp/1100/quic_client_test_double_tp_error0.iev,0.0,0.0
mvfst,client,quic_client_test_double_tp_error,,Timeout binding ID,/results/temp/1151/quic_client_test_double_tp_error0.iev,0.0,0.0
picoquic,client,quic_client_test_double_tp_error,,No Error,/results/temp/1304/quic_client_test_double_tp_error0.iev,0.0,1.0
picoquic,client,quic_client_test_double_tp_error,,No Error,/results/temp/1355/quic_client_test_double_tp_error0.iev,0.0,1.0
aioquic,client,quic_client_test_double_tp_error,,Timeout sending ID,/results/temp/1406/quic_client_test_double_tp_error0.iev,0.0,0.0
aioquic,client,quic_client_test_double_tp_error,,Timeout sending ID,/results/temp/1457/quic_client_test_double_tp_error0.iev,0.0,0.0
quic-go,client,quic_client_test_tp_acticoid_error,,frame.connection_close:{err_code:0x8},/results/temp/1508/quic_client_test_tp_acticoid_error0.iev,0.0,0.0
quic-go,client,quic_client_test_tp_acticoid_error,,frame.connection_close:{err_code:0x8},/results/temp/1559/quic_client_test_tp_acticoid_error0.iev,0.0,0.0
mvfst,client,quic_client_test_tp_acticoid_error,,Timeout binding ID,/results/temp/1610/quic_client_test_tp_acticoid_error0.iev,0.0,0.0
mvfst,client,quic_client_test_tp_acticoid_error,,Timeout binding ID,/results/temp/1661/quic_client_test_tp_acticoid_error0.iev,0.0,0.0
lsquic,client,quic_client_test_tp_acticoid_error,,Timeout sending ID,/results/temp/1763/quic_client_test_tp_acticoid_error0.iev,0.0,0.0
picoquic,client,quic_client_test_tp_acticoid_error,,Timeout sending ID,/results/temp/1814/quic_client_test_tp_acticoid_error0.iev,0.0,0.0
picoquic,client,quic_client_test_tp_acticoid_error,,Timeout sending ID,/results/temp/1865/quic_client_test_tp_acticoid_error0.iev,0.0,0.0
aioquic,client,quic_client_test_tp_acticoid_error,,Segmentation Fault 139,/results/temp/1916/quic_client_test_tp_acticoid_error0.iev,0.0,0.0
aioquic,client,quic_client_test_tp_acticoid_error,,Segmentation Fault 139,/results/temp/1967/quic_client_test_tp_acticoid_error0.iev,0.0,0.0
quic-go,client,quic_client_test_tp_limit_acticoid_error,,frame.connection_close:{err_code:0x130},/results/temp/2018/quic_client_test_tp_limit_acticoid_error0.iev,0.0,0.0
quic-go,client,quic_client_test_tp_limit_acticoid_error,,frame.connection_close:{err_code:0x130},/results/temp/2069/quic_client_test_tp_limit_acticoid_error0.iev,0.0,0.0
mvfst,client,quic_client_test_tp_limit_acticoid_error,,Timeout binding ID,/results/temp/2120/quic_client_test_tp_limit_acticoid_error0.iev,0.0,0.0
mvfst,client,quic_client_test_tp_limit_acticoid_error,,Timeout binding ID,/results/temp/2171/quic_client_test_tp_limit_acticoid_error0.iev,0.0,0.0
aioquic,client,quic_client_test_tp_limit_acticoid_error,," require pkt.payload = queued_frames(scid);""",/results/temp/2477/quic_client_test_tp_limit_acticoid_error0.iev,0.0,0.0
quic-go,client,quic_client_test_retirecoid_error,,frame.connection_close:{err_code:0x130},/results/temp/2528/quic_client_test_retirecoid_error0.iev,0.0,0.0
mvfst,client,quic_client_test_retirecoid_error,,Timeout binding ID,/results/temp/2630/quic_client_test_retirecoid_error0.iev,0.0,0.0
mvfst,client,quic_client_test_retirecoid_error,,Timeout binding ID,/results/temp/2681/quic_client_test_retirecoid_error0.iev,0.0,0.0
lsquic,client,quic_client_test_retirecoid_error,,"require is_protocol_violation;""",/results/temp/2732/quic_client_test_retirecoid_error0.iev,0.0,0.0
picoquic,client,quic_client_test_retirecoid_error,," require pkt.payload = queued_frames(scid);""",/results/temp/2834/quic_client_test_retirecoid_error0.iev,0.0,0.0
picoquic,client,quic_client_test_retirecoid_error,," require pkt.payload = queued_frames(scid);""",/results/temp/2885/quic_client_test_retirecoid_error0.iev,0.0,0.0
aioquic,client,quic_client_test_retirecoid_error,," require pkt.payload = queued_frames(scid);""",/results/temp/2936/quic_client_test_retirecoid_error0.iev,0.0,0.0
aioquic,client,quic_client_test_retirecoid_error,," require pkt.payload = queued_frames(scid);""",/results/temp/2987/quic_client_test_retirecoid_error0.iev,0.0,0.0
quic-go,client,quic_client_test_newcoid_zero_error,,frame.connection_close:{err_code:0x130},/results/temp/3089/quic_client_test_newcoid_zero_error0.iev,0.0,0.0
mvfst,client,quic_client_test_newcoid_zero_error,,Timeout binding ID,/results/temp/3140/quic_client_test_newcoid_zero_error0.iev,0.0,0.0
mvfst,client,quic_client_test_newcoid_zero_error,,Timeout binding ID,/results/temp/3191/quic_client_test_newcoid_zero_error0.iev,0.0,0.0
lsquic,client,quic_client_test_newcoid_zero_error,,"require is_protocol_violation;""",/results/temp/3293/quic_client_test_newcoid_zero_error0.iev,0.0,0.0
picoquic,client,quic_client_test_newcoid_zero_error,," require pkt.payload = queued_frames(scid);""",/results/temp/3344/quic_client_test_newcoid_zero_error0.iev,0.0,0.0
picoquic,client,quic_client_test_newcoid_zero_error,," require pkt.payload = queued_frames(scid);""",/results/temp/3395/quic_client_test_newcoid_zero_error0.iev,0.0,0.0
aioquic,client,quic_client_test_newcoid_zero_error,," require pkt.payload = queued_frames(scid);""",/results/temp/3446/quic_client_test_newcoid_zero_error0.iev,0.0,0.0
aioquic,client,quic_client_test_newcoid_zero_error,," require pkt.payload = queued_frames(scid);""",/results/temp/3497/quic_client_test_newcoid_zero_error0.iev,0.0,0.0
quic-go,client,quic_client_test_accept_maxdata,,frame.connection_close:{err_code:0x130},/results/temp/3548/quic_client_test_accept_maxdata0.iev,0.0,0.0
quic-go,client,quic_client_test_accept_maxdata,,frame.connection_close:{err_code:0x130},/results/temp/3599/quic_client_test_accept_maxdata0.iev,0.0,0.0
mvfst,client,quic_client_test_accept_maxdata,,Timeout binding ID,/results/temp/3650/quic_client_test_accept_maxdata0.iev,0.0,0.0
picoquic,client,quic_client_test_accept_maxdata,,frame.connection_close:{err_code:0x4},/results/temp/3803/quic_client_test_accept_maxdata0.iev,0.0,0.0
picoquic,client,quic_client_test_accept_maxdata,,frame.connection_close:{err_code:0x4},/results/temp/3854/quic_client_test_accept_maxdata0.iev,0.0,0.0
aioquic,client,quic_client_test_accept_maxdata,,frame.connection_close:{err_code:0x5},/results/temp/3905/quic_client_test_accept_maxdata0.iev,0.0,0.0
aioquic,client,quic_client_test_accept_maxdata,,frame.connection_close:{err_code:0x5},/results/temp/3956/quic_client_test_accept_maxdata0.iev,0.0,0.0
quic-go,client,quic_client_test_tp_prefadd_error,,frame.connection_close:{err_code:0x130},/results/temp/4007/quic_client_test_tp_prefadd_error0.iev,0.0,0.0
quic-go,client,quic_client_test_tp_prefadd_error,,frame.connection_close:{err_code:0x130},/results/temp/4058/quic_client_test_tp_prefadd_error0.iev,0.0,0.0
mvfst,client,quic_client_test_tp_prefadd_error,,Timeout binding ID,/results/temp/4109/quic_client_test_tp_prefadd_error0.iev,0.0,0.0
mvfst,client,quic_client_test_tp_prefadd_error,,Timeout binding ID,/results/temp/4160/quic_client_test_tp_prefadd_error0.iev,0.0,0.0
lsquic,client,quic_client_test_tp_prefadd_error,,Timeout sending ID,/results/temp/4211/quic_client_test_tp_prefadd_error0.iev,0.0,0.0
picoquic,client,quic_client_test_tp_prefadd_error,,No Error,/results/temp/4313/quic_client_test_tp_prefadd_error0.iev,0.0,1.0
picoquic,client,quic_client_test_tp_prefadd_error,,No Error,/results/temp/4364/quic_client_test_tp_prefadd_error0.iev,0.0,1.0
aioquic,client,quic_client_test_tp_prefadd_error,,Timeout sending ID,/results/temp/4415/quic_client_test_tp_prefadd_error0.iev,0.0,0.0
aioquic,client,quic_client_test_tp_prefadd_error,,Timeout sending ID,/results/temp/4466/quic_client_test_tp_prefadd_error0.iev,0.0,0.0
quic-go,client,quic_client_test_no_odci,,server_return_code(1)+timeout,/results/temp/4517/quic_client_test_no_odci0.iev,0.0,0.0
quic-go,client,quic_client_test_no_odci,,server_return_code(1)+timeout,/results/temp/4568/quic_client_test_no_odci0.iev,0.0,0.0
mvfst,client,quic_client_test_no_odci,,Timeout binding ID,/results/temp/4619/quic_client_test_no_odci0.iev,0.0,0.0
mvfst,client,quic_client_test_no_odci,,Timeout binding ID,/results/temp/4670/quic_client_test_no_odci0.iev,0.0,0.0
lsquic,client,quic_client_test_no_odci,,Timeout sending ID,/results/temp/4721/quic_client_test_no_odci0.iev,0.0,0.0
lsquic,client,quic_client_test_no_odci,,Timeout sending ID,/results/temp/4772/quic_client_test_no_odci0.iev,0.0,0.0
picoquic,client,quic_client_test_no_odci,,No Error,/results/temp/4823/quic_client_test_no_odci0.iev,0.0,1.0
picoquic,client,quic_client_test_no_odci,,No Error,/results/temp/4874/quic_client_test_no_odci0.iev,0.0,1.0
aioquic,client,quic_client_test_no_odci,,Segmentation Fault 139,/results/temp/4925/quic_client_test_no_odci0.iev,0.0,0.0
aioquic,client,quic_client_test_no_odci,,Segmentation Fault 139,/results/temp/4976/quic_client_test_no_odci0.iev,0.0,0.0
quic-go,client,quic_client_test_ext_min_ack_delay,,frame.connection_close:{err_code:0x130},/results/temp/5078/quic_client_test_ext_min_ack_delay0.iev,0.0,0.0
mvfst,client,quic_client_test_ext_min_ack_delay,,Timeout binding ID,/results/temp/5129/quic_client_test_ext_min_ack_delay0.iev,0.0,0.0
mvfst,client,quic_client_test_ext_min_ack_delay,,Timeout binding ID,/results/temp/5180/quic_client_test_ext_min_ack_delay0.iev,0.0,0.0
lsquic,client,quic_client_test_ext_min_ack_delay,,Timeout sending ID,/results/temp/5282/quic_client_test_ext_min_ack_delay0.iev,0.0,0.0
picoquic,client,quic_client_test_ext_min_ack_delay,,Timeout sending ID,/results/temp/5333/quic_client_test_ext_min_ack_delay0.iev,0.0,0.0
picoquic,client,quic_client_test_ext_min_ack_delay,,Timeout sending ID,/results/temp/5384/quic_client_test_ext_min_ack_delay0.iev,0.0,0.0
aioquic,client,quic_client_test_ext_min_ack_delay,,Timeout sending ID,/results/temp/5435/quic_client_test_ext_min_ack_delay0.iev,0.0,0.0
aioquic,client,quic_client_test_ext_min_ack_delay,,Timeout sending ID,/results/temp/5486/quic_client_test_ext_min_ack_delay0.iev,0.0,0.0
lsquic,client,quic_client_test_tp_limit_acticoid_error,,"require is_connection_id_limit_error;""",/results/temp/2222/quic_client_test_tp_limit_acticoid_error0.iev,0.0,0.0
lsquic,client,quic_client_test_tp_limit_acticoid_error,,"require is_connection_id_limit_error;""",/results/temp/2273/quic_client_test_tp_limit_acticoid_error0.iev,0.0,0.0
picoquic,client,quic_client_test_tp_limit_acticoid_error,," require pkt.payload = queued_frames(scid);""",/results/temp/2324/quic_client_test_tp_limit_acticoid_error0.iev,0.0,0.0
picoquic,client,quic_client_test_tp_limit_acticoid_error,," require pkt.payload = queued_frames(scid);""",/results/temp/2375/quic_client_test_tp_limit_acticoid_error0.iev,0.0,0.0
aioquic,client,quic_client_test_tp_limit_acticoid_error,," require pkt.payload = queued_frames(scid);""",/results/temp/2426/quic_client_test_tp_limit_acticoid_error0.iev,0.0,0.0
quic-go,client,quic_client_test_tp_prefadd_error,,No Error,/results/temp/43/quic_client_test_tp_prefadd_error0.iev,0.0,1.0
quic-go,client,quic_client_test_max,,frame.connection_close:{err_code:0x130},/results/temp/43/quic_client_test_max0.iev,0.0,0.0
quic-go,client,quic_client_test_max,,frame.connection_close:{err_code:0x130},/results/temp/94/quic_client_test_max0.iev,0.0,0.0
mvfst,client,quic_client_test_max,,Timeout binding ID,/results/temp/145/quic_client_test_max0.iev,0.0,0.0
mvfst,client,quic_client_test_max,,Timeout binding ID,/results/temp/196/quic_client_test_max0.iev,0.0,0.0
lsquic,client,quic_client_test_max,,"require conn_total_data(the_cid) > 0;""",/results/temp/247/quic_client_test_max0.iev,0.0,0.0
lsquic,client,quic_client_test_max,,"require conn_total_data(the_cid) > 0;""",/results/temp/298/quic_client_test_max0.iev,0.0,0.0
picoquic,client,quic_client_test_max,,No Error,/results/temp/349/quic_client_test_max0.iev,0.0,1.0
aioquic,client,quic_client_test_max,,No Error,/results/temp/400/quic_client_test_max0.iev,0.0,1.0
aioquic,client,quic_client_test_max,,frame.connection_close:{err_code:0x5},/results/temp/451/quic_client_test_max0.iev,0.0,0.0
quic-go,client,quic_client_test_tp_error,,server_return_code(1)+timeout,/results/temp/539/quic_client_test_tp_error0.iev,0.0,0.0
quic-go,client,quic_client_test_tp_error,,server_return_code(1)+timeout,/results/temp/590/quic_client_test_tp_error0.iev,0.0,0.0
mvfst,client,quic_client_test_tp_error,,Timeout binding ID,/results/temp/641/quic_client_test_tp_error0.iev,0.0,0.0
mvfst,client,quic_client_test_tp_error,,Timeout binding ID,/results/temp/692/quic_client_test_tp_error0.iev,0.0,0.0
mvfst,client,quic_client_test_max,,Timeout binding ID,/results/temp/146/quic_client_test_max0.iev,0.0,0.0
mvfst,client,quic_client_test_max,,Timeout binding ID,/results/temp/197/quic_client_test_max0.iev,0.0,0.0
lsquic,client,quic_client_test_max,,"require conn_total_data(the_cid) > 0;""",/results/temp/248/quic_client_test_max0.iev,0.0,0.0
picoquic,client,quic_client_test_max,,No Error,/results/temp/350/quic_client_test_max0.iev,0.0,1.0
aioquic,client,quic_client_test_max,,No Error,/results/temp/401/quic_client_test_max0.iev,0.0,1.0
aioquic,client,quic_client_test_max,,No Error,/results/temp/452/quic_client_test_max0.iev,0.0,1.0
quic-go,client,quic_client_test_tp_error,,server_return_code(1)+timeout,/results/temp/540/quic_client_test_tp_error0.iev,0.0,0.0
mvfst,client,quic_client_test_tp_error,,Timeout binding ID,/results/temp/642/quic_client_test_tp_error0.iev,0.0,0.0
mvfst,client,quic_client_test_tp_error,,Timeout binding ID,/results/temp/693/quic_client_test_tp_error0.iev,0.0,0.0
lsquic,client,quic_client_test_tp_error,,Timeout sending ID,/results/temp/744/quic_client_test_tp_error0.iev,0.0,0.0
lsquic,client,quic_client_test_tp_error,,Timeout sending ID,/results/temp/795/quic_client_test_tp_error0.iev,0.0,0.0
picoquic,client,quic_client_test_tp_error,,Timeout sending ID,/results/temp/846/quic_client_test_tp_error0.iev,0.0,0.0
picoquic,client,quic_client_test_tp_error,,Timeout sending ID,/results/temp/897/quic_client_test_tp_error0.iev,0.0,0.0
lsquic,client,quic_client_test_tp_acticoid_error,,Timeout sending ID,/results/temp/1713/quic_client_test_tp_acticoid_error0.iev,0.0,0.0
picoquic,client,quic_client_test_tp_acticoid_error,,Timeout sending ID,/results/temp/1815/quic_client_test_tp_acticoid_error0.iev,0.0,0.0
picoquic,client,quic_client_test_tp_acticoid_error,,Timeout sending ID,/results/temp/1866/quic_client_test_tp_acticoid_error0.iev,0.0,0.0
aioquic,client,quic_client_test_tp_acticoid_error,,Segmentation Fault 139,/results/temp/1917/quic_client_test_tp_acticoid_error0.iev,0.0,0.0
aioquic,client,quic_client_test_tp_acticoid_error,,Segmentation Fault 139,/results/temp/1968/quic_client_test_tp_acticoid_error0.iev,0.0,0.0
mvfst,client,quic_client_test_tp_limit_acticoid_error,,Timeout binding ID,/results/temp/2121/quic_client_test_tp_limit_acticoid_error0.iev,0.0,0.0
mvfst,client,quic_client_test_tp_limit_acticoid_error,,Timeout binding ID,/results/temp/2172/quic_client_test_tp_limit_acticoid_error0.iev,0.0,0.0
lsquic,client,quic_client_test_tp_limit_acticoid_error,,"require is_connection_id_limit_error;""",/results/temp/2223/quic_client_test_tp_limit_acticoid_error0.iev,0.0,0.0
lsquic,client,quic_client_test_tp_limit_acticoid_error,,"require is_connection_id_limit_error;""",/results/temp/2274/quic_client_test_tp_limit_acticoid_error0.iev,0.0,0.0
picoquic,client,quic_client_test_tp_limit_acticoid_error,," require pkt.payload = queued_frames(scid);""",/results/temp/2325/quic_client_test_tp_limit_acticoid_error0.iev,0.0,0.0
picoquic,client,quic_client_test_tp_limit_acticoid_error,," require pkt.payload = queued_frames(scid);""",/results/temp/2376/quic_client_test_tp_limit_acticoid_error0.iev,0.0,0.0
aioquic,client,quic_client_test_tp_limit_acticoid_error,," require pkt.payload = queued_frames(scid);""",/results/temp/2427/quic_client_test_tp_limit_acticoid_error0.iev,0.0,0.0
aioquic,client,quic_client_test_tp_limit_acticoid_error,," require pkt.payload = queued_frames(scid);""",/results/temp/2478/quic_client_test_tp_limit_acticoid_error0.iev,0.0,0.0
quic-go,client,quic_client_test_retirecoid_error,,frame.connection_close:{err_code:0x130},/results/temp/2529/quic_client_test_retirecoid_error0.iev,0.0,0.0
quic-go,client,quic_client_test_retirecoid_error,,frame.connection_close:{err_code:0x130},/results/temp/2580/quic_client_test_retirecoid_error0.iev,0.0,0.0
mvfst,client,quic_client_test_retirecoid_error,,Timeout binding ID,/results/temp/2631/quic_client_test_retirecoid_error0.iev,0.0,0.0
mvfst,client,quic_client_test_retirecoid_error,,Timeout binding ID,/results/temp/2682/quic_client_test_retirecoid_error0.iev,0.0,0.0
lsquic,client,quic_client_test_retirecoid_error,,"require is_protocol_violation;""",/results/temp/2733/quic_client_test_retirecoid_error0.iev,0.0,0.0
lsquic,client,quic_client_test_retirecoid_error,,"require is_protocol_violation;""",/results/temp/2784/quic_client_test_retirecoid_error0.iev,0.0,0.0
picoquic,client,quic_client_test_retirecoid_error,," require pkt.payload = queued_frames(scid);""",/results/temp/2835/quic_client_test_retirecoid_error0.iev,0.0,0.0
picoquic,client,quic_client_test_retirecoid_error,," require pkt.payload = queued_frames(scid);""",/results/temp/2886/quic_client_test_retirecoid_error0.iev,0.0,0.0
aioquic,client,quic_client_test_retirecoid_error,," require pkt.payload = queued_frames(scid);""",/results/temp/2937/quic_client_test_retirecoid_error0.iev,0.0,0.0
aioquic,client,quic_client_test_retirecoid_error,," require pkt.payload = queued_frames(scid);""",/results/temp/2988/quic_client_test_retirecoid_error0.iev,0.0,0.0
quic-go,client,quic_client_test_newcoid_zero_error,,frame.connection_close:{err_code:0x130},/results/temp/3039/quic_client_test_newcoid_zero_error0.iev,0.0,0.0
quic-go,client,quic_client_test_newcoid_zero_error,,frame.connection_close:{err_code:0x130},/results/temp/3090/quic_client_test_newcoid_zero_error0.iev,0.0,0.0
mvfst,client,quic_client_test_newcoid_zero_error,,Timeout binding ID,/results/temp/3141/quic_client_test_newcoid_zero_error0.iev,0.0,0.0
mvfst,client,quic_client_test_newcoid_zero_error,,Timeout binding ID,/results/temp/3192/quic_client_test_newcoid_zero_error0.iev,0.0,0.0
lsquic,client,quic_client_test_newcoid_zero_error,,"require is_protocol_violation;""",/results/temp/3243/quic_client_test_newcoid_zero_error0.iev,0.0,0.0
picoquic,client,quic_client_test_newcoid_zero_error,," require pkt.payload = queued_frames(scid);""",/results/temp/3345/quic_client_test_newcoid_zero_error0.iev,0.0,0.0
picoquic,client,quic_client_test_newcoid_zero_error,," require pkt.payload = queued_frames(scid);""",/results/temp/3396/quic_client_test_newcoid_zero_error0.iev,0.0,0.0
aioquic,client,quic_client_test_newcoid_zero_error,," require pkt.payload = queued_frames(scid);""",/results/temp/3447/quic_client_test_newcoid_zero_error0.iev,0.0,0.0
aioquic,client,quic_client_test_newcoid_zero_error,," require pkt.payload = queued_frames(scid);""",/results/temp/3498/quic_client_test_newcoid_zero_error0.iev,0.0,0.0
quic-go,client,quic_client_test_accept_maxdata,,frame.connection_close:{err_code:0x130},/results/temp/3549/quic_client_test_accept_maxdata0.iev,0.0,0.0
mvfst,client,quic_client_test_accept_maxdata,,Timeout binding ID,/results/temp/3600/quic_client_test_accept_maxdata0.iev,0.0,0.0
mvfst,client,quic_client_test_accept_maxdata,,Timeout binding ID,/results/temp/3651/quic_client_test_accept_maxdata0.iev,0.0,0.0
lsquic,client,quic_client_test_accept_maxdata,,"require conn_total_data(the_cid) > 0;""",/results/temp/3702/quic_client_test_accept_maxdata0.iev,0.0,0.0
lsquic,client,quic_client_test_accept_maxdata,,"require conn_total_data(the_cid) > 0;""",/results/temp/3753/quic_client_test_accept_maxdata0.iev,0.0,0.0
picoquic,client,quic_client_test_accept_maxdata,,frame.connection_close:{err_code:0x4},/results/temp/3804/quic_client_test_accept_maxdata0.iev,0.0,0.0
picoquic,client,quic_client_test_accept_maxdata,,frame.connection_close:{err_code:0x4},/results/temp/3855/quic_client_test_accept_maxdata0.iev,0.0,0.0
aioquic,client,quic_client_test_accept_maxdata,,frame.connection_close:{err_code:0x5},/results/temp/3906/quic_client_test_accept_maxdata0.iev,0.0,0.0
aioquic,client,quic_client_test_accept_maxdata,,frame.connection_close:{err_code:0x5},/results/temp/3957/quic_client_test_accept_maxdata0.iev,0.0,0.0
quic-go,client,quic_client_test_tp_prefadd_error,,frame.connection_close:{err_code:0x130},/results/temp/4008/quic_client_test_tp_prefadd_error0.iev,0.0,0.0
mvfst,client,quic_client_test_tp_prefadd_error,,Timeout binding ID,/results/temp/4110/quic_client_test_tp_prefadd_error0.iev,0.0,0.0
mvfst,client,quic_client_test_tp_prefadd_error,,Timeout binding ID,/results/temp/4161/quic_client_test_tp_prefadd_error0.iev,0.0,0.0
lsquic,client,quic_client_test_tp_prefadd_error,,Timeout sending ID,/results/temp/4212/quic_client_test_tp_prefadd_error0.iev,0.0,0.0
picoquic,client,quic_client_test_tp_prefadd_error,,No Error,/results/temp/4314/quic_client_test_tp_prefadd_error0.iev,0.0,1.0
picoquic,client,quic_client_test_tp_prefadd_error,,No Error,/results/temp/4365/quic_client_test_tp_prefadd_error0.iev,0.0,1.0
aioquic,client,quic_client_test_tp_prefadd_error,,Timeout sending ID,/results/temp/4416/quic_client_test_tp_prefadd_error0.iev,0.0,0.0
aioquic,client,quic_client_test_tp_prefadd_error,,Timeout sending ID,/results/temp/4467/quic_client_test_tp_prefadd_error0.iev,0.0,0.0
quic-go,client,quic_client_test_no_odci,,server_return_code(1)+timeout,/results/temp/4518/quic_client_test_no_odci0.iev,0.0,0.0
quic-go,client,quic_client_test_no_odci,,server_return_code(1)+timeout,/results/temp/4569/quic_client_test_no_odci0.iev,0.0,0.0
mvfst,client,quic_client_test_no_odci,,Timeout binding ID,/results/temp/4620/quic_client_test_no_odci0.iev,0.0,0.0
mvfst,client,quic_client_test_no_odci,,Timeout binding ID,/results/temp/4671/quic_client_test_no_odci0.iev,0.0,0.0
lsquic,client,quic_client_test_no_odci,,Timeout sending ID,/results/temp/4773/quic_client_test_no_odci0.iev,0.0,0.0
picoquic,client,quic_client_test_no_odci,,No Error,/results/temp/4824/quic_client_test_no_odci0.iev,0.0,1.0
picoquic,client,quic_client_test_no_odci,,No Error,/results/temp/4875/quic_client_test_no_odci0.iev,0.0,1.0
aioquic,client,quic_client_test_no_odci,,Segmentation Fault 139,/results/temp/4926/quic_client_test_no_odci0.iev,0.0,0.0
aioquic,client,quic_client_test_no_odci,,Segmentation Fault 139,/results/temp/4977/quic_client_test_no_odci0.iev,0.0,0.0
quic-go,client,quic_client_test_ext_min_ack_delay,,frame.connection_close:{err_code:0x130},/results/temp/5028/quic_client_test_ext_min_ack_delay0.iev,0.0,0.0
mvfst,client,quic_client_test_ext_min_ack_delay,,Timeout binding ID,/results/temp/5130/quic_client_test_ext_min_ack_delay0.iev,0.0,0.0
mvfst,client,quic_client_test_ext_min_ack_delay,,Timeout binding ID,/results/temp/5181/quic_client_test_ext_min_ack_delay0.iev,0.0,0.0
lsquic,client,quic_client_test_ext_min_ack_delay,,Timeout sending ID,/results/temp/5232/quic_client_test_ext_min_ack_delay0.iev,0.0,0.0
picoquic,client,quic_client_test_ext_min_ack_delay,,Timeout sending ID,/results/temp/5334/quic_client_test_ext_min_ack_delay0.iev,0.0,0.0
picoquic,client,quic_client_test_ext_min_ack_delay,,Timeout sending ID,/results/temp/5385/quic_client_test_ext_min_ack_delay0.iev,0.0,0.0
aioquic,client,quic_client_test_ext_min_ack_delay,,Timeout sending ID,/results/temp/5436/quic_client_test_ext_min_ack_delay0.iev,0.0,0.0
aioquic,client,quic_client_test_ext_min_ack_delay,,Timeout sending ID,/results/temp/5487/quic_client_test_ext_min_ack_delay0.iev,0.0,0.0
aioquic,client,quic_client_test_tp_error,,Timeout sending ID,/results/temp/948/quic_client_test_tp_error0.iev,0.0,0.0
aioquic,client,quic_client_test_tp_error,,Timeout sending ID,/results/temp/999/quic_client_test_tp_error0.iev,0.0,0.0
mvfst,client,quic_client_test_double_tp_error,,Timeout binding ID,/results/temp/1101/quic_client_test_double_tp_error0.iev,0.0,0.0
mvfst,client,quic_client_test_double_tp_error,,Timeout binding ID,/results/temp/1152/quic_client_test_double_tp_error0.iev,0.0,0.0
lsquic,client,quic_client_test_double_tp_error,,Timeout sending ID,/results/temp/1254/quic_client_test_double_tp_error0.iev,0.0,0.0
picoquic,client,quic_client_test_double_tp_error,,No Error,/results/temp/1305/quic_client_test_double_tp_error0.iev,0.0,1.0
picoquic,client,quic_client_test_double_tp_error,,No Error,/results/temp/1356/quic_client_test_double_tp_error0.iev,0.0,1.0
aioquic,client,quic_client_test_double_tp_error,,Timeout sending ID,/results/temp/1407/quic_client_test_double_tp_error0.iev,0.0,0.0
aioquic,client,quic_client_test_double_tp_error,,Timeout sending ID,/results/temp/1458/quic_client_test_double_tp_error0.iev,0.0,0.0
quic-go,client,quic_client_test_tp_acticoid_error,,frame.connection_close:{err_code:0x8},/results/temp/1509/quic_client_test_tp_acticoid_error0.iev,0.0,0.0
quic-go,client,quic_client_test_tp_acticoid_error,,frame.connection_close:{err_code:0x8},/results/temp/1560/quic_client_test_tp_acticoid_error0.iev,0.0,0.0
mvfst,client,quic_client_test_tp_acticoid_error,,Timeout binding ID,/results/temp/1611/quic_client_test_tp_acticoid_error0.iev,0.0,0.0
mvfst,client,quic_client_test_tp_acticoid_error,,Timeout binding ID,/results/temp/1662/quic_client_test_tp_acticoid_error0.iev,0.0,0.0
quic-go,client,quic_client_test_tp_prefadd_error,,Timeout sending ID,/results/temp/44/quic_client_test_tp_prefadd_error0.iev,0.0,0.0
quic-go,client,quic_client_test_max,,frame.connection_close:{err_code:0x130},/results/temp/44/quic_client_test_max0.iev,0.0,0.0
quic-go,client,quic_client_test_max,,frame.connection_close:{err_code:0x130},/results/temp/95/quic_client_test_max0.iev,0.0,0.0
quic-go,client,quic_client_test_tp_error,,server_return_code(1)+timeout,/results/temp/592/quic_client_test_tp_error0.iev,0.0,0.0
mvfst,client,quic_client_test_tp_error,,Timeout binding ID,/results/temp/643/quic_client_test_tp_error0.iev,0.0,0.0
mvfst,client,quic_client_test_tp_error,,Timeout binding ID,/results/temp/694/quic_client_test_tp_error0.iev,0.0,0.0
lsquic,client,quic_client_test_tp_error,,Timeout sending ID,/results/temp/745/quic_client_test_tp_error0.iev,0.0,0.0
picoquic,client,quic_client_test_tp_error,,Timeout sending ID,/results/temp/847/quic_client_test_tp_error0.iev,0.0,0.0
picoquic,client,quic_client_test_tp_error,,Timeout sending ID,/results/temp/898/quic_client_test_tp_error0.iev,0.0,0.0
aioquic,client,quic_client_test_tp_error,,Timeout sending ID,/results/temp/949/quic_client_test_tp_error0.iev,0.0,0.0
quic-go,client,quic_client_test_double_tp_error,,server_return_code(1)+timeout,/results/temp/1000/quic_client_test_double_tp_error0.iev,0.0,0.0
mvfst,client,quic_client_test_double_tp_error,,Timeout binding ID,/results/temp/1102/quic_client_test_double_tp_error0.iev,0.0,0.0
mvfst,client,quic_client_test_double_tp_error,,Timeout binding ID,/results/temp/1153/quic_client_test_double_tp_error0.iev,0.0,0.0
lsquic,client,quic_client_test_double_tp_error,,Timeout sending ID,/results/temp/1204/quic_client_test_double_tp_error0.iev,0.0,0.0
lsquic,client,quic_client_test_double_tp_error,,Timeout sending ID,/results/temp/1255/quic_client_test_double_tp_error0.iev,0.0,0.0
picoquic,client,quic_client_test_double_tp_error,,No Error,/results/temp/1306/quic_client_test_double_tp_error0.iev,0.0,1.0
picoquic,client,quic_client_test_double_tp_error,,No Error,/results/temp/1357/quic_client_test_double_tp_error0.iev,0.0,1.0
aioquic,client,quic_client_test_tp_acticoid_error,,Segmentation Fault 139,/results/temp/1969/quic_client_test_tp_acticoid_error0.iev,0.0,0.0
quic-go,client,quic_client_test_tp_limit_acticoid_error,,frame.connection_close:{err_code:0x130},/results/temp/2020/quic_client_test_tp_limit_acticoid_error0.iev,0.0,0.0
quic-go,client,quic_client_test_tp_limit_acticoid_error,,frame.connection_close:{err_code:0x130},/results/temp/2071/quic_client_test_tp_limit_acticoid_error0.iev,0.0,0.0
mvfst,client,quic_client_test_tp_limit_acticoid_error,,Timeout binding ID,/results/temp/2122/quic_client_test_tp_limit_acticoid_error0.iev,0.0,0.0
mvfst,client,quic_client_test_tp_limit_acticoid_error,,Timeout binding ID,/results/temp/2173/quic_client_test_tp_limit_acticoid_error0.iev,0.0,0.0
lsquic,client,quic_client_test_tp_limit_acticoid_error,,"require is_connection_id_limit_error;""",/results/temp/2224/quic_client_test_tp_limit_acticoid_error0.iev,0.0,0.0
lsquic,client,quic_client_test_tp_limit_acticoid_error,,"require is_connection_id_limit_error;""",/results/temp/2275/quic_client_test_tp_limit_acticoid_error0.iev,0.0,0.0
picoquic,client,quic_client_test_tp_limit_acticoid_error,," require pkt.payload = queued_frames(scid);""",/results/temp/2326/quic_client_test_tp_limit_acticoid_error0.iev,0.0,0.0
picoquic,client,quic_client_test_tp_limit_acticoid_error,," require pkt.payload = queued_frames(scid);""",/results/temp/2377/quic_client_test_tp_limit_acticoid_error0.iev,0.0,0.0
aioquic,client,quic_client_test_tp_limit_acticoid_error,," require pkt.payload = queued_frames(scid);""",/results/temp/2428/quic_client_test_tp_limit_acticoid_error0.iev,0.0,0.0
aioquic,client,quic_client_test_tp_limit_acticoid_error,,"	require num_queued_frames(scid) > 0 -> e = queued_level(scid);""",/results/temp/2479/quic_client_test_tp_limit_acticoid_error0.iev,0.0,0.0
quic-go,client,quic_client_test_retirecoid_error,,frame.connection_close:{err_code:0x130},/results/temp/2530/quic_client_test_retirecoid_error0.iev,0.0,0.0
mvfst,client,quic_client_test_retirecoid_error,,Timeout binding ID,/results/temp/2632/quic_client_test_retirecoid_error0.iev,0.0,0.0
mvfst,client,quic_client_test_retirecoid_error,,Timeout binding ID,/results/temp/2683/quic_client_test_retirecoid_error0.iev,0.0,0.0
lsquic,client,quic_client_test_retirecoid_error,,"require is_protocol_violation;""",/results/temp/2734/quic_client_test_retirecoid_error0.iev,0.0,0.0
picoquic,client,quic_client_test_retirecoid_error,," require pkt.payload = queued_frames(scid);""",/results/temp/2836/quic_client_test_retirecoid_error0.iev,0.0,0.0
picoquic,client,quic_client_test_retirecoid_error,," require pkt.payload = queued_frames(scid);""",/results/temp/2887/quic_client_test_retirecoid_error0.iev,0.0,0.0
aioquic,client,quic_client_test_retirecoid_error,," require pkt.payload = queued_frames(scid);""",/results/temp/2938/quic_client_test_retirecoid_error0.iev,0.0,0.0
aioquic,client,quic_client_test_retirecoid_error,,"require is_protocol_violation;""",/results/temp/2989/quic_client_test_retirecoid_error0.iev,0.0,0.0
quic-go,client,quic_client_test_newcoid_zero_error,,frame.connection_close:{err_code:0x130},/results/temp/3040/quic_client_test_newcoid_zero_error0.iev,0.0,0.0
mvfst,client,quic_client_test_newcoid_zero_error,,Timeout binding ID,/results/temp/3142/quic_client_test_newcoid_zero_error0.iev,0.0,0.0
mvfst,client,quic_client_test_newcoid_zero_error,,Timeout binding ID,/results/temp/3193/quic_client_test_newcoid_zero_error0.iev,0.0,0.0
lsquic,client,quic_client_test_newcoid_zero_error,,"require is_protocol_violation;""",/results/temp/3244/quic_client_test_newcoid_zero_error0.iev,0.0,0.0
lsquic,client,quic_client_test_newcoid_zero_error,,"require is_protocol_violation;""",/results/temp/3295/quic_client_test_newcoid_zero_error0.iev,0.0,0.0
picoquic,client,quic_client_test_newcoid_zero_error,," require pkt.payload = queued_frames(scid);""",/results/temp/3346/quic_client_test_newcoid_zero_error0.iev,0.0,0.0
picoquic,client,quic_client_test_newcoid_zero_error,," require pkt.payload = queued_frames(scid);""",/results/temp/3397/quic_client_test_newcoid_zero_error0.iev,0.0,0.0
aioquic,client,quic_client_test_newcoid_zero_error,," require pkt.payload = queued_frames(scid);""",/results/temp/3448/quic_client_test_newcoid_zero_error0.iev,0.0,0.0
aioquic,client,quic_client_test_newcoid_zero_error,," require pkt.payload = queued_frames(scid);""",/results/temp/3499/quic_client_test_newcoid_zero_error0.iev,0.0,0.0
mvfst,client,quic_client_test_accept_maxdata,,Timeout binding ID,/results/temp/3601/quic_client_test_accept_maxdata0.iev,0.0,0.0
mvfst,client,quic_client_test_accept_maxdata,,Timeout binding ID,/results/temp/3652/quic_client_test_accept_maxdata0.iev,0.0,0.0
lsquic,client,quic_client_test_accept_maxdata,,"require conn_total_data(the_cid) > 0;""",/results/temp/3703/quic_client_test_accept_maxdata0.iev,0.0,0.0
picoquic,client,quic_client_test_accept_maxdata,,frame.connection_close:{err_code:0x4},/results/temp/3805/quic_client_test_accept_maxdata0.iev,0.0,0.0
picoquic,client,quic_client_test_accept_maxdata,,No Error,/results/temp/3856/quic_client_test_accept_maxdata0.iev,0.0,1.0
aioquic,client,quic_client_test_accept_maxdata,,No Error,/results/temp/3907/quic_client_test_accept_maxdata0.iev,0.0,1.0
aioquic,client,quic_client_test_accept_maxdata,,frame.connection_close:{err_code:0x5},/results/temp/3958/quic_client_test_accept_maxdata0.iev,0.0,0.0
mvfst,client,quic_client_test_tp_prefadd_error,,Timeout binding ID,/results/temp/4111/quic_client_test_tp_prefadd_error0.iev,0.0,0.0
mvfst,client,quic_client_test_tp_prefadd_error,,Timeout binding ID,/results/temp/4162/quic_client_test_tp_prefadd_error0.iev,0.0,0.0
lsquic,client,quic_client_test_tp_prefadd_error,,Timeout sending ID,/results/temp/4213/quic_client_test_tp_prefadd_error0.iev,0.0,0.0
lsquic,client,quic_client_test_tp_prefadd_error,,Timeout sending ID,/results/temp/4264/quic_client_test_tp_prefadd_error0.iev,0.0,0.0
picoquic,client,quic_client_test_tp_prefadd_error,,No Error,/results/temp/4315/quic_client_test_tp_prefadd_error0.iev,0.0,1.0
picoquic,client,quic_client_test_tp_prefadd_error,,No Error,/results/temp/4366/quic_client_test_tp_prefadd_error0.iev,0.0,1.0
aioquic,client,quic_client_test_tp_prefadd_error,,Timeout sending ID,/results/temp/4417/quic_client_test_tp_prefadd_error0.iev,0.0,0.0
aioquic,client,quic_client_test_tp_prefadd_error,,Timeout sending ID,/results/temp/4468/quic_client_test_tp_prefadd_error0.iev,0.0,0.0
quic-go,client,quic_client_test_no_odci,,server_return_code(1)+timeout,/results/temp/4519/quic_client_test_no_odci0.iev,0.0,0.0
quic-go,client,quic_client_test_no_odci,,server_return_code(1)+timeout,/results/temp/4570/quic_client_test_no_odci0.iev,0.0,0.0
mvfst,client,quic_client_test_no_odci,,Timeout binding ID,/results/temp/4621/quic_client_test_no_odci0.iev,0.0,0.0
mvfst,client,quic_client_test_no_odci,,Timeout binding ID,/results/temp/4672/quic_client_test_no_odci0.iev,0.0,0.0
lsquic,client,quic_client_test_no_odci,,Timeout sending ID,/results/temp/4723/quic_client_test_no_odci0.iev,0.0,0.0
picoquic,client,quic_client_test_no_odci,,No Error,/results/temp/4825/quic_client_test_no_odci0.iev,0.0,1.0
picoquic,client,quic_client_test_no_odci,,No Error,/results/temp/4876/quic_client_test_no_odci0.iev,0.0,1.0
aioquic,client,quic_client_test_no_odci,,Segmentation Fault 139,/results/temp/4927/quic_client_test_no_odci0.iev,0.0,0.0
aioquic,client,quic_client_test_no_odci,,Segmentation Fault 139,/results/temp/4978/quic_client_test_no_odci0.iev,0.0,0.0
quic-go,client,quic_client_test_ext_min_ack_delay,,frame.connection_close:{err_code:0x130},/results/temp/5029/quic_client_test_ext_min_ack_delay0.iev,0.0,0.0
quic-go,client,quic_client_test_ext_min_ack_delay,,frame.connection_close:{err_code:0x130},/results/temp/5080/quic_client_test_ext_min_ack_delay0.iev,0.0,0.0
mvfst,client,quic_client_test_ext_min_ack_delay,,Timeout binding ID,/results/temp/5131/quic_client_test_ext_min_ack_delay0.iev,0.0,0.0
mvfst,client,quic_client_test_ext_min_ack_delay,,Timeout binding ID,/results/temp/5182/quic_client_test_ext_min_ack_delay0.iev,0.0,0.0
lsquic,client,quic_client_test_ext_min_ack_delay,,Timeout sending ID,/results/temp/5233/quic_client_test_ext_min_ack_delay0.iev,0.0,0.0
lsquic,client,quic_client_test_ext_min_ack_delay,,Timeout sending ID,/results/temp/5284/quic_client_test_ext_min_ack_delay0.iev,0.0,0.0
picoquic,client,quic_client_test_ext_min_ack_delay,,Timeout sending ID,/results/temp/5335/quic_client_test_ext_min_ack_delay0.iev,0.0,0.0
picoquic,client,quic_client_test_ext_min_ack_delay,,Timeout sending ID,/results/temp/5386/quic_client_test_ext_min_ack_delay0.iev,0.0,0.0
aioquic,client,quic_client_test_ext_min_ack_delay,,Timeout sending ID,/results/temp/5437/quic_client_test_ext_min_ack_delay0.iev,0.0,0.0
aioquic,client,quic_client_test_ext_min_ack_delay,,Timeout sending ID,/results/temp/5488/quic_client_test_ext_min_ack_delay0.iev,0.0,0.0
aioquic,client,quic_client_test_double_tp_error,,Timeout sending ID,/results/temp/1408/quic_client_test_double_tp_error0.iev,0.0,0.0
aioquic,client,quic_client_test_double_tp_error,,Timeout sending ID,/results/temp/1459/quic_client_test_double_tp_error0.iev,0.0,0.0
mvfst,client,quic_client_test_tp_acticoid_error,,Timeout binding ID,/results/temp/1612/quic_client_test_tp_acticoid_error0.iev,0.0,0.0
mvfst,client,quic_client_test_tp_acticoid_error,,Timeout binding ID,/results/temp/1663/quic_client_test_tp_acticoid_error0.iev,0.0,0.0
lsquic,client,quic_client_test_tp_acticoid_error,,Timeout sending ID,/results/temp/1714/quic_client_test_tp_acticoid_error0.iev,0.0,0.0
picoquic,client,quic_client_test_tp_acticoid_error,,Timeout sending ID,/results/temp/1816/quic_client_test_tp_acticoid_error0.iev,0.0,0.0
quic-go,client,quic_client_test_max,,frame.connection_close:{err_code:0x130},/results/temp/45/quic_client_test_max0.iev,0.0,0.0
mvfst,client,quic_client_test_max,,Timeout binding ID,/results/temp/147/quic_client_test_max0.iev,0.0,0.0
mvfst,client,quic_client_test_max,,Timeout binding ID,/results/temp/198/quic_client_test_max0.iev,0.0,0.0
lsquic,client,quic_client_test_max,,"require conn_total_data(the_cid) > 0;""",/results/temp/249/quic_client_test_max0.iev,0.0,0.0
picoquic,client,quic_client_test_max,,No Error,/results/temp/300/quic_client_test_max0.iev,0.0,1.0
picoquic,client,quic_client_test_max,,frame.connection_close:{err_code:0x4},/results/temp/351/quic_client_test_max0.iev,0.0,0.0
aioquic,client,quic_client_test_max,,No Error,/results/temp/402/quic_client_test_max0.iev,0.0,1.0
aioquic,client,quic_client_test_max,,frame.connection_close:{err_code:0x5},/results/temp/453/quic_client_test_max0.iev,0.0,0.0
picoquic,client,quic_client_test_tp_acticoid_error,,Timeout sending ID,/results/temp/1867/quic_client_test_tp_acticoid_error0.iev,0.0,0.0
aioquic,client,quic_client_test_tp_acticoid_error,,Segmentation Fault 139,/results/temp/1918/quic_client_test_tp_acticoid_error0.iev,0.0,0.0
aioquic,client,quic_client_test_max,,No Error,/results/temp/454/quic_client_test_max0.iev,0.0,1.0
quic-go,client,quic_client_test_tp_error,,server_return_code(1)+timeout,/results/temp/542/quic_client_test_tp_error0.iev,0.0,0.0
quic-go,client,quic_client_test_tp_error,,server_return_code(1)+timeout,/results/temp/593/quic_client_test_tp_error0.iev,0.0,0.0
picoquic,client,quic_client_test_double_tp_error,,No Error,/results/temp/1307/quic_client_test_double_tp_error0.iev,0.0,1.0
picoquic,client,quic_client_test_double_tp_error,,No Error,/results/temp/1358/quic_client_test_double_tp_error0.iev,0.0,1.0
aioquic,client,quic_client_test_double_tp_error,,Timeout sending ID,/results/temp/1409/quic_client_test_double_tp_error0.iev,0.0,0.0
aioquic,client,quic_client_test_double_tp_error,,Timeout sending ID,/results/temp/1460/quic_client_test_double_tp_error0.iev,0.0,0.0
quic-go,client,quic_client_test_tp_acticoid_error,,frame.connection_close:{err_code:0x8},/results/temp/1511/quic_client_test_tp_acticoid_error0.iev,0.0,0.0
quic-go,client,quic_client_test_tp_acticoid_error,,frame.connection_close:{err_code:0x8},/results/temp/1562/quic_client_test_tp_acticoid_error0.iev,0.0,0.0
mvfst,client,quic_client_test_tp_acticoid_error,,Timeout binding ID,/results/temp/1613/quic_client_test_tp_acticoid_error0.iev,0.0,0.0
mvfst,client,quic_client_test_tp_acticoid_error,,Timeout binding ID,/results/temp/1664/quic_client_test_tp_acticoid_error0.iev,0.0,0.0
lsquic,client,quic_client_test_tp_acticoid_error,,Timeout sending ID,/results/temp/1715/quic_client_test_tp_acticoid_error0.iev,0.0,0.0
picoquic,client,quic_client_test_tp_acticoid_error,,Timeout sending ID,/results/temp/1817/quic_client_test_tp_acticoid_error0.iev,0.0,0.0
picoquic,client,quic_client_test_tp_acticoid_error,,Timeout sending ID,/results/temp/1868/quic_client_test_tp_acticoid_error0.iev,0.0,0.0
aioquic,client,quic_client_test_tp_acticoid_error,,Segmentation Fault 139,/results/temp/1919/quic_client_test_tp_acticoid_error0.iev,0.0,0.0
aioquic,client,quic_client_test_tp_acticoid_error,,Segmentation Fault 139,/results/temp/1970/quic_client_test_tp_acticoid_error0.iev,0.0,0.0
quic-go,client,quic_client_test_tp_limit_acticoid_error,,frame.connection_close:{err_code:0x130},/results/temp/2072/quic_client_test_tp_limit_acticoid_error0.iev,0.0,0.0
mvfst,client,quic_client_test_tp_limit_acticoid_error,,Timeout binding ID,/results/temp/2123/quic_client_test_tp_limit_acticoid_error0.iev,0.0,0.0
mvfst,client,quic_client_test_tp_limit_acticoid_error,,Timeout binding ID,/results/temp/2174/quic_client_test_tp_limit_acticoid_error0.iev,0.0,0.0
lsquic,client,quic_client_test_tp_limit_acticoid_error,,"require is_connection_id_limit_error;""",/results/temp/2225/quic_client_test_tp_limit_acticoid_error0.iev,0.0,0.0
picoquic,client,quic_client_test_tp_limit_acticoid_error,," require pkt.payload = queued_frames(scid);""",/results/temp/2327/quic_client_test_tp_limit_acticoid_error0.iev,0.0,0.0
picoquic,client,quic_client_test_tp_limit_acticoid_error,," require pkt.payload = queued_frames(scid);""",/results/temp/2378/quic_client_test_tp_limit_acticoid_error0.iev,0.0,0.0
aioquic,client,quic_client_test_tp_limit_acticoid_error,," require pkt.payload = queued_frames(scid);""",/results/temp/2429/quic_client_test_tp_limit_acticoid_error0.iev,0.0,0.0
aioquic,client,quic_client_test_tp_limit_acticoid_error,," require pkt.payload = queued_frames(scid);""",/results/temp/2480/quic_client_test_tp_limit_acticoid_error0.iev,0.0,0.0
quic-go,client,quic_client_test_retirecoid_error,,frame.connection_close:{err_code:0x130},/results/temp/2531/quic_client_test_retirecoid_error0.iev,0.0,0.0
quic-go,client,quic_client_test_retirecoid_error,,frame.connection_close:{err_code:0x130},/results/temp/2582/quic_client_test_retirecoid_error0.iev,0.0,0.0
mvfst,client,quic_client_test_retirecoid_error,,Timeout binding ID,/results/temp/2633/quic_client_test_retirecoid_error0.iev,0.0,0.0
mvfst,client,quic_client_test_retirecoid_error,,Timeout binding ID,/results/temp/2684/quic_client_test_retirecoid_error0.iev,0.0,0.0
picoquic,client,quic_client_test_retirecoid_error,," require pkt.payload = queued_frames(scid);""",/results/temp/2837/quic_client_test_retirecoid_error0.iev,0.0,0.0
picoquic,client,quic_client_test_retirecoid_error,," require pkt.payload = queued_frames(scid);""",/results/temp/2888/quic_client_test_retirecoid_error0.iev,0.0,0.0
aioquic,client,quic_client_test_retirecoid_error,,"	require num_queued_frames(scid) > 0 -> e = queued_level(scid);""",/results/temp/2939/quic_client_test_retirecoid_error0.iev,0.0,0.0
aioquic,client,quic_client_test_retirecoid_error,," require pkt.payload = queued_frames(scid);""",/results/temp/2990/quic_client_test_retirecoid_error0.iev,0.0,0.0
quic-go,client,quic_client_test_newcoid_zero_error,,frame.connection_close:{err_code:0x130},/results/temp/3041/quic_client_test_newcoid_zero_error0.iev,0.0,0.0
mvfst,client,quic_client_test_newcoid_zero_error,,Timeout binding ID,/results/temp/3143/quic_client_test_newcoid_zero_error0.iev,0.0,0.0
mvfst,client,quic_client_test_newcoid_zero_error,,Timeout binding ID,/results/temp/3194/quic_client_test_newcoid_zero_error0.iev,0.0,0.0
lsquic,client,quic_client_test_newcoid_zero_error,,"require is_protocol_violation;""",/results/temp/3245/quic_client_test_newcoid_zero_error0.iev,0.0,0.0
picoquic,client,quic_client_test_newcoid_zero_error,," require pkt.payload = queued_frames(scid);""",/results/temp/3347/quic_client_test_newcoid_zero_error0.iev,0.0,0.0
picoquic,client,quic_client_test_newcoid_zero_error,," require pkt.payload = queued_frames(scid);""",/results/temp/3398/quic_client_test_newcoid_zero_error0.iev,0.0,0.0
aioquic,client,quic_client_test_newcoid_zero_error,," require pkt.payload = queued_frames(scid);""",/results/temp/3449/quic_client_test_newcoid_zero_error0.iev,0.0,0.0
quic-go,client,quic_client_test_accept_maxdata,,frame.connection_close:{err_code:0x130},/results/temp/3500/quic_client_test_accept_maxdata0.iev,0.0,0.0
quic-go,client,quic_client_test_accept_maxdata,,frame.connection_close:{err_code:0x130},/results/temp/3551/quic_client_test_accept_maxdata0.iev,0.0,0.0
mvfst,client,quic_client_test_accept_maxdata,,Timeout binding ID,/results/temp/3602/quic_client_test_accept_maxdata0.iev,0.0,0.0
mvfst,client,quic_client_test_accept_maxdata,,Timeout binding ID,/results/temp/3653/quic_client_test_accept_maxdata0.iev,0.0,0.0
lsquic,client,quic_client_test_accept_maxdata,,"require conn_total_data(the_cid) > 0;""",/results/temp/3704/quic_client_test_accept_maxdata0.iev,0.0,0.0
picoquic,client,quic_client_test_accept_maxdata,,frame.connection_close:{err_code:0x4},/results/temp/3806/quic_client_test_accept_maxdata0.iev,0.0,0.0
picoquic,client,quic_client_test_accept_maxdata,,frame.connection_close:{err_code:0x4},/results/temp/3857/quic_client_test_accept_maxdata0.iev,0.0,0.0
aioquic,client,quic_client_test_accept_maxdata,,frame.connection_close:{err_code:0x5},/results/temp/3908/quic_client_test_accept_maxdata0.iev,0.0,0.0
aioquic,client,quic_client_test_accept_maxdata,,frame.connection_close:{err_code:0x5},/results/temp/3959/quic_client_test_accept_maxdata0.iev,0.0,0.0
quic-go,client,quic_client_test_tp_prefadd_error,,frame.connection_close:{err_code:0x130},/results/temp/4010/quic_client_test_tp_prefadd_error0.iev,0.0,0.0
mvfst,client,quic_client_test_tp_prefadd_error,,Timeout binding ID,/results/temp/4112/quic_client_test_tp_prefadd_error0.iev,0.0,0.0
mvfst,client,quic_client_test_tp_prefadd_error,,Timeout binding ID,/results/temp/4163/quic_client_test_tp_prefadd_error0.iev,0.0,0.0
lsquic,client,quic_client_test_tp_prefadd_error,,Timeout sending ID,/results/temp/4214/quic_client_test_tp_prefadd_error0.iev,0.0,0.0
lsquic,client,quic_client_test_tp_prefadd_error,,Timeout sending ID,/results/temp/4265/quic_client_test_tp_prefadd_error0.iev,0.0,0.0
picoquic,client,quic_client_test_tp_prefadd_error,,No Error,/results/temp/4316/quic_client_test_tp_prefadd_error0.iev,0.0,1.0
picoquic,client,quic_client_test_tp_prefadd_error,,No Error,/results/temp/4367/quic_client_test_tp_prefadd_error0.iev,0.0,1.0
aioquic,client,quic_client_test_tp_prefadd_error,,Timeout sending ID,/results/temp/4418/quic_client_test_tp_prefadd_error0.iev,0.0,0.0
aioquic,client,quic_client_test_tp_prefadd_error,,Timeout sending ID,/results/temp/4469/quic_client_test_tp_prefadd_error0.iev,0.0,0.0
quic-go,client,quic_client_test_no_odci,,server_return_code(1)+timeout,/results/temp/4571/quic_client_test_no_odci0.iev,0.0,0.0
mvfst,client,quic_client_test_no_odci,,Timeout binding ID,/results/temp/4622/quic_client_test_no_odci0.iev,0.0,0.0
mvfst,client,quic_client_test_no_odci,,Timeout binding ID,/results/temp/4673/quic_client_test_no_odci0.iev,0.0,0.0
lsquic,client,quic_client_test_no_odci,,Timeout sending ID,/results/temp/4775/quic_client_test_no_odci0.iev,0.0,0.0
picoquic,client,quic_client_test_no_odci,,No Error,/results/temp/4826/quic_client_test_no_odci0.iev,0.0,1.0
picoquic,client,quic_client_test_no_odci,,No Error,/results/temp/4877/quic_client_test_no_odci0.iev,0.0,1.0
aioquic,client,quic_client_test_no_odci,,Segmentation Fault 139,/results/temp/4928/quic_client_test_no_odci0.iev,0.0,0.0
aioquic,client,quic_client_test_no_odci,,Segmentation Fault 139,/results/temp/4979/quic_client_test_no_odci0.iev,0.0,0.0
quic-go,client,quic_client_test_ext_min_ack_delay,,frame.connection_close:{err_code:0x130},/results/temp/5081/quic_client_test_ext_min_ack_delay0.iev,0.0,0.0
mvfst,client,quic_client_test_ext_min_ack_delay,,Timeout binding ID,/results/temp/5132/quic_client_test_ext_min_ack_delay0.iev,0.0,0.0
mvfst,client,quic_client_test_ext_min_ack_delay,,Timeout binding ID,/results/temp/5183/quic_client_test_ext_min_ack_delay0.iev,0.0,0.0
lsquic,client,quic_client_test_ext_min_ack_delay,,Timeout sending ID,/results/temp/5234/quic_client_test_ext_min_ack_delay0.iev,0.0,0.0
lsquic,client,quic_client_test_ext_min_ack_delay,,Timeout sending ID,/results/temp/5285/quic_client_test_ext_min_ack_delay0.iev,0.0,0.0
picoquic,client,quic_client_test_ext_min_ack_delay,,Timeout sending ID,/results/temp/5336/quic_client_test_ext_min_ack_delay0.iev,0.0,0.0
picoquic,client,quic_client_test_ext_min_ack_delay,,Timeout sending ID,/results/temp/5387/quic_client_test_ext_min_ack_delay0.iev,0.0,0.0
aioquic,client,quic_client_test_ext_min_ack_delay,,Timeout sending ID,/results/temp/5438/quic_client_test_ext_min_ack_delay0.iev,0.0,0.0
aioquic,client,quic_client_test_ext_min_ack_delay,,Timeout sending ID,/results/temp/5489/quic_client_test_ext_min_ack_delay0.iev,0.0,0.0
mvfst,client,quic_client_test_tp_error,,Timeout binding ID,/results/temp/644/quic_client_test_tp_error0.iev,0.0,0.0
mvfst,client,quic_client_test_tp_error,,Timeout binding ID,/results/temp/695/quic_client_test_tp_error0.iev,0.0,0.0
lsquic,client,quic_client_test_tp_error,,Timeout sending ID,/results/temp/746/quic_client_test_tp_error0.iev,0.0,0.0
lsquic,client,quic_client_test_tp_error,,Timeout sending ID,/results/temp/797/quic_client_test_tp_error0.iev,0.0,0.0
picoquic,client,quic_client_test_tp_error,,Timeout sending ID,/results/temp/848/quic_client_test_tp_error0.iev,0.0,0.0
picoquic,client,quic_client_test_tp_error,,Timeout sending ID,/results/temp/899/quic_client_test_tp_error0.iev,0.0,0.0
aioquic,client,quic_client_test_tp_error,,Timeout sending ID,/results/temp/950/quic_client_test_tp_error0.iev,0.0,0.0
quic-go,client,quic_client_test_double_tp_error,,server_return_code(1)+timeout,/results/temp/1001/quic_client_test_double_tp_error0.iev,0.0,0.0
quic-go,client,quic_client_test_double_tp_error,,server_return_code(1)+timeout,/results/temp/1052/quic_client_test_double_tp_error0.iev,0.0,0.0
mvfst,client,quic_client_test_double_tp_error,,Timeout binding ID,/results/temp/1103/quic_client_test_double_tp_error0.iev,0.0,0.0
mvfst,client,quic_client_test_double_tp_error,,Timeout binding ID,/results/temp/1154/quic_client_test_double_tp_error0.iev,0.0,0.0
quic-go,client,quic_client_test_no_odci,,Timeout binding ID,/results/temp/46/quic_client_test_no_odci0.iev,0.0,0.0
mvfst,client,quic_client_test_max,,Timeout binding ID,/results/temp/148/quic_client_test_max0.iev,0.0,0.0
mvfst,client,quic_client_test_max,,Timeout binding ID,/results/temp/199/quic_client_test_max0.iev,0.0,0.0
lsquic,client,quic_client_test_max,,"require conn_total_data(the_cid) > 0;""",/results/temp/250/quic_client_test_max0.iev,0.0,0.0
picoquic,client,quic_client_test_max,,"require stream_id_allowed(dcid,f.id);  # [6]""",/results/temp/301/quic_client_test_max0.iev,0.0,0.0
picoquic,client,quic_client_test_max,,frame.connection_close:{err_code:0x4},/results/temp/352/quic_client_test_max0.iev,0.0,0.0
aioquic,client,quic_client_test_max,,No Error,/results/temp/403/quic_client_test_max0.iev,0.0,1.0
mvfst,client,quic_client_test_max,,Timeout binding ID,/results/temp/149/quic_client_test_max0.iev,0.0,0.0
picoquic,client,quic_client_test_max,,frame.connection_close:{err_code:0x4},/results/temp/302/quic_client_test_max0.iev,0.0,0.0
picoquic,client,quic_client_test_max,,"require stream_id_allowed(dcid,f.id);  # [6]""",/results/temp/353/quic_client_test_max0.iev,0.0,0.0
aioquic,client,quic_client_test_max,,No Error,/results/temp/404/quic_client_test_max0.iev,0.0,1.0
aioquic,client,quic_client_test_max,,No Error,/results/temp/455/quic_client_test_max0.iev,0.0,1.0
lsquic,client,quic_client_test_tp_error,,Timeout sending ID,/results/temp/747/quic_client_test_tp_error0.iev,0.0,0.0
lsquic,client,quic_client_test_tp_error,,Timeout sending ID,/results/temp/798/quic_client_test_tp_error0.iev,0.0,0.0
picoquic,client,quic_client_test_tp_error,,Timeout sending ID,/results/temp/849/quic_client_test_tp_error0.iev,0.0,0.0
aioquic,client,quic_client_test_tp_error,,Timeout sending ID,/results/temp/900/quic_client_test_tp_error0.iev,0.0,0.0
aioquic,client,quic_client_test_tp_error,,Timeout sending ID,/results/temp/951/quic_client_test_tp_error0.iev,0.0,0.0
quic-go,client,quic_client_test_double_tp_error,,server_return_code(1)+timeout,/results/temp/1002/quic_client_test_double_tp_error0.iev,0.0,0.0
quic-go,client,quic_client_test_double_tp_error,,server_return_code(1)+timeout,/results/temp/1053/quic_client_test_double_tp_error0.iev,0.0,0.0
mvfst,client,quic_client_test_double_tp_error,,Timeout binding ID,/results/temp/1104/quic_client_test_double_tp_error0.iev,0.0,0.0
mvfst,client,quic_client_test_double_tp_error,,Timeout binding ID,/results/temp/1155/quic_client_test_double_tp_error0.iev,0.0,0.0
lsquic,client,quic_client_test_double_tp_error,,Timeout sending ID,/results/temp/1206/quic_client_test_double_tp_error0.iev,0.0,0.0
lsquic,client,quic_client_test_double_tp_error,,Timeout sending ID,/results/temp/1257/quic_client_test_double_tp_error0.iev,0.0,0.0
picoquic,client,quic_client_test_double_tp_error,,No Error,/results/temp/1308/quic_client_test_double_tp_error0.iev,0.0,1.0
picoquic,client,quic_client_test_double_tp_error,,No Error,/results/temp/1359/quic_client_test_double_tp_error0.iev,0.0,1.0
aioquic,client,quic_client_test_double_tp_error,,Timeout sending ID,/results/temp/1410/quic_client_test_double_tp_error0.iev,0.0,0.0
aioquic,client,quic_client_test_double_tp_error,,Timeout sending ID,/results/temp/1461/quic_client_test_double_tp_error0.iev,0.0,0.0
mvfst,client,quic_client_test_tp_acticoid_error,,Timeout binding ID,/results/temp/1614/quic_client_test_tp_acticoid_error0.iev,0.0,0.0
mvfst,client,quic_client_test_tp_acticoid_error,,Timeout binding ID,/results/temp/1665/quic_client_test_tp_acticoid_error0.iev,0.0,0.0
picoquic,client,quic_client_test_tp_acticoid_error,,Timeout sending ID,/results/temp/1818/quic_client_test_tp_acticoid_error0.iev,0.0,0.0
picoquic,client,quic_client_test_tp_acticoid_error,,Timeout sending ID,/results/temp/1869/quic_client_test_tp_acticoid_error0.iev,0.0,0.0
aioquic,client,quic_client_test_tp_acticoid_error,,Segmentation Fault 139,/results/temp/1920/quic_client_test_tp_acticoid_error0.iev,0.0,0.0
aioquic,client,quic_client_test_tp_acticoid_error,,Segmentation Fault 139,/results/temp/1971/quic_client_test_tp_acticoid_error0.iev,0.0,0.0
quic-go,client,quic_client_test_tp_limit_acticoid_error,,frame.connection_close:{err_code:0x130},/results/temp/2073/quic_client_test_tp_limit_acticoid_error0.iev,0.0,0.0
mvfst,client,quic_client_test_tp_limit_acticoid_error,,Timeout binding ID,/results/temp/2124/quic_client_test_tp_limit_acticoid_error0.iev,0.0,0.0
mvfst,client,quic_client_test_tp_limit_acticoid_error,,Timeout binding ID,/results/temp/2175/quic_client_test_tp_limit_acticoid_error0.iev,0.0,0.0
lsquic,client,quic_client_test_tp_limit_acticoid_error,,"require is_connection_id_limit_error;""",/results/temp/2277/quic_client_test_tp_limit_acticoid_error0.iev,0.0,0.0
picoquic,client,quic_client_test_tp_limit_acticoid_error,," require pkt.payload = queued_frames(scid);""",/results/temp/2328/quic_client_test_tp_limit_acticoid_error0.iev,0.0,0.0
picoquic,client,quic_client_test_tp_limit_acticoid_error,," require pkt.payload = queued_frames(scid);""",/results/temp/2379/quic_client_test_tp_limit_acticoid_error0.iev,0.0,0.0
aioquic,client,quic_client_test_tp_limit_acticoid_error,," require pkt.payload = queued_frames(scid);""",/results/temp/2430/quic_client_test_tp_limit_acticoid_error0.iev,0.0,0.0
aioquic,client,quic_client_test_tp_limit_acticoid_error,,"	require num_queued_frames(scid) > 0 -> e = queued_level(scid);""",/results/temp/2481/quic_client_test_tp_limit_acticoid_error0.iev,0.0,0.0
quic-go,client,quic_client_test_retirecoid_error,,frame.connection_close:{err_code:0x130},/results/temp/2532/quic_client_test_retirecoid_error0.iev,0.0,0.0
mvfst,client,quic_client_test_retirecoid_error,,Timeout binding ID,/results/temp/2634/quic_client_test_retirecoid_error0.iev,0.0,0.0
mvfst,client,quic_client_test_retirecoid_error,,Timeout binding ID,/results/temp/2685/quic_client_test_retirecoid_error0.iev,0.0,0.0
lsquic,client,quic_client_test_retirecoid_error,,"require is_protocol_violation;""",/results/temp/2736/quic_client_test_retirecoid_error0.iev,0.0,0.0
lsquic,client,quic_client_test_retirecoid_error,,"require is_protocol_violation;""",/results/temp/2787/quic_client_test_retirecoid_error0.iev,0.0,0.0
picoquic,client,quic_client_test_retirecoid_error,," require pkt.payload = queued_frames(scid);""",/results/temp/2838/quic_client_test_retirecoid_error0.iev,0.0,0.0
picoquic,client,quic_client_test_retirecoid_error,," require pkt.payload = queued_frames(scid);""",/results/temp/2889/quic_client_test_retirecoid_error0.iev,0.0,0.0
aioquic,client,quic_client_test_retirecoid_error,," require pkt.payload = queued_frames(scid);""",/results/temp/2940/quic_client_test_retirecoid_error0.iev,0.0,0.0
aioquic,client,quic_client_test_retirecoid_error,," require pkt.payload = queued_frames(scid);""",/results/temp/2991/quic_client_test_retirecoid_error0.iev,0.0,0.0
quic-go,client,quic_client_test_newcoid_zero_error,,frame.connection_close:{err_code:0x130},/results/temp/3042/quic_client_test_newcoid_zero_error0.iev,0.0,0.0
quic-go,client,quic_client_test_newcoid_zero_error,,frame.connection_close:{err_code:0x130},/results/temp/3093/quic_client_test_newcoid_zero_error0.iev,0.0,0.0
mvfst,client,quic_client_test_newcoid_zero_error,,Timeout binding ID,/results/temp/3144/quic_client_test_newcoid_zero_error0.iev,0.0,0.0
mvfst,client,quic_client_test_newcoid_zero_error,,Timeout binding ID,/results/temp/3195/quic_client_test_newcoid_zero_error0.iev,0.0,0.0
lsquic,client,quic_client_test_newcoid_zero_error,,"require is_protocol_violation;""",/results/temp/3246/quic_client_test_newcoid_zero_error0.iev,0.0,0.0
lsquic,client,quic_client_test_newcoid_zero_error,,"require is_protocol_violation;""",/results/temp/3297/quic_client_test_newcoid_zero_error0.iev,0.0,0.0
picoquic,client,quic_client_test_newcoid_zero_error,," require pkt.payload = queued_frames(scid);""",/results/temp/3348/quic_client_test_newcoid_zero_error0.iev,0.0,0.0
picoquic,client,quic_client_test_newcoid_zero_error,," require pkt.payload = queued_frames(scid);""",/results/temp/3399/quic_client_test_newcoid_zero_error0.iev,0.0,0.0
aioquic,client,quic_client_test_newcoid_zero_error,," require pkt.payload = queued_frames(scid);""",/results/temp/3450/quic_client_test_newcoid_zero_error0.iev,0.0,0.0
quic-go,client,quic_client_test_accept_maxdata,,frame.connection_close:{err_code:0x130},/results/temp/3501/quic_client_test_accept_maxdata0.iev,0.0,0.0
quic-go,client,quic_client_test_accept_maxdata,,frame.connection_close:{err_code:0x130},/results/temp/3552/quic_client_test_accept_maxdata0.iev,0.0,0.0
mvfst,client,quic_client_test_accept_maxdata,,Timeout binding ID,/results/temp/3603/quic_client_test_accept_maxdata0.iev,0.0,0.0
mvfst,client,quic_client_test_accept_maxdata,,Timeout binding ID,/results/temp/3654/quic_client_test_accept_maxdata0.iev,0.0,0.0
lsquic,client,quic_client_test_accept_maxdata,,"require conn_total_data(the_cid) > 0;""",/results/temp/3756/quic_client_test_accept_maxdata0.iev,0.0,0.0
picoquic,client,quic_client_test_accept_maxdata,,frame.connection_close:{err_code:0x4},/results/temp/3807/quic_client_test_accept_maxdata0.iev,0.0,0.0
picoquic,client,quic_client_test_accept_maxdata,,frame.connection_close:{err_code:0x4},/results/temp/3858/quic_client_test_accept_maxdata0.iev,0.0,0.0
aioquic,client,quic_client_test_accept_maxdata,,frame.connection_close:{err_code:0x5},/results/temp/3909/quic_client_test_accept_maxdata0.iev,0.0,0.0
aioquic,client,quic_client_test_accept_maxdata,,frame.connection_close:{err_code:0x5},/results/temp/3960/quic_client_test_accept_maxdata0.iev,0.0,0.0
quic-go,client,quic_client_test_tp_prefadd_error,,frame.connection_close:{err_code:0x130},/results/temp/4062/quic_client_test_tp_prefadd_error0.iev,0.0,0.0
mvfst,client,quic_client_test_tp_prefadd_error,,Timeout binding ID,/results/temp/4113/quic_client_test_tp_prefadd_error0.iev,0.0,0.0
mvfst,client,quic_client_test_tp_prefadd_error,,Timeout binding ID,/results/temp/4164/quic_client_test_tp_prefadd_error0.iev,0.0,0.0
lsquic,client,quic_client_test_tp_prefadd_error,,Timeout sending ID,/results/temp/4215/quic_client_test_tp_prefadd_error0.iev,0.0,0.0
lsquic,client,quic_client_test_tp_prefadd_error,,Timeout sending ID,/results/temp/4266/quic_client_test_tp_prefadd_error0.iev,0.0,0.0
picoquic,client,quic_client_test_tp_prefadd_error,,No Error,/results/temp/4317/quic_client_test_tp_prefadd_error0.iev,0.0,1.0
picoquic,client,quic_client_test_tp_prefadd_error,,No Error,/results/temp/4368/quic_client_test_tp_prefadd_error0.iev,0.0,1.0
aioquic,client,quic_client_test_tp_prefadd_error,,Timeout sending ID,/results/temp/4419/quic_client_test_tp_prefadd_error0.iev,0.0,0.0
aioquic,client,quic_client_test_tp_prefadd_error,,Timeout sending ID,/results/temp/4470/quic_client_test_tp_prefadd_error0.iev,0.0,0.0
mvfst,client,quic_client_test_no_odci,,Timeout binding ID,/results/temp/4623/quic_client_test_no_odci0.iev,0.0,0.0
mvfst,client,quic_client_test_no_odci,,Timeout binding ID,/results/temp/4674/quic_client_test_no_odci0.iev,0.0,0.0
lsquic,client,quic_client_test_no_odci,,Timeout sending ID,/results/temp/4725/quic_client_test_no_odci0.iev,0.0,0.0
lsquic,client,quic_client_test_no_odci,,Timeout sending ID,/results/temp/4776/quic_client_test_no_odci0.iev,0.0,0.0
picoquic,client,quic_client_test_no_odci,,No Error,/results/temp/4827/quic_client_test_no_odci0.iev,0.0,1.0
picoquic,client,quic_client_test_no_odci,,No Error,/results/temp/4878/quic_client_test_no_odci0.iev,0.0,1.0
aioquic,client,quic_client_test_no_odci,,Segmentation Fault 139,/results/temp/4929/quic_client_test_no_odci0.iev,0.0,0.0
aioquic,client,quic_client_test_no_odci,,Segmentation Fault 139,/results/temp/4980/quic_client_test_no_odci0.iev,0.0,0.0
quic-go,client,quic_client_test_ext_min_ack_delay,,frame.connection_close:{err_code:0x130},/results/temp/5031/quic_client_test_ext_min_ack_delay0.iev,0.0,0.0
quic-go,client,quic_client_test_ext_min_ack_delay,,frame.connection_close:{err_code:0x130},/results/temp/5082/quic_client_test_ext_min_ack_delay0.iev,0.0,0.0
mvfst,client,quic_client_test_ext_min_ack_delay,,Timeout binding ID,/results/temp/5133/quic_client_test_ext_min_ack_delay0.iev,0.0,0.0
mvfst,client,quic_client_test_ext_min_ack_delay,,Timeout binding ID,/results/temp/5184/quic_client_test_ext_min_ack_delay0.iev,0.0,0.0
lsquic,client,quic_client_test_ext_min_ack_delay,,Timeout sending ID,/results/temp/5235/quic_client_test_ext_min_ack_delay0.iev,0.0,0.0
lsquic,client,quic_client_test_ext_min_ack_delay,,Timeout sending ID,/results/temp/5286/quic_client_test_ext_min_ack_delay0.iev,0.0,0.0
picoquic,client,quic_client_test_ext_min_ack_delay,,Timeout sending ID,/results/temp/5337/quic_client_test_ext_min_ack_delay0.iev,0.0,0.0
picoquic,client,quic_client_test_ext_min_ack_delay,,Timeout sending ID,/results/temp/5388/quic_client_test_ext_min_ack_delay0.iev,0.0,0.0
aioquic,client,quic_client_test_ext_min_ack_delay,,Timeout sending ID,/results/temp/5439/quic_client_test_ext_min_ack_delay0.iev,0.0,0.0
aioquic,client,quic_client_test_ext_min_ack_delay,,Timeout sending ID,/results/temp/5490/quic_client_test_ext_min_ack_delay0.iev,0.0,0.0
quic-go,client,quic_client_test_tp_error,,server_return_code(1)+timeout,/results/temp/543/quic_client_test_tp_error0.iev,0.0,0.0
quic-go,client,quic_client_test_tp_error,,server_return_code(1)+timeout,/results/temp/594/quic_client_test_tp_error0.iev,0.0,0.0
mvfst,client,quic_client_test_tp_error,,Timeout binding ID,/results/temp/645/quic_client_test_tp_error0.iev,0.0,0.0
mvfst,client,quic_client_test_tp_error,,Timeout binding ID,/results/temp/696/quic_client_test_tp_error0.iev,0.0,0.0
quic-go,client,quic_client_test_no_odci,,Timeout sending ID,/results/temp/47/quic_client_test_no_odci0.iev,0.0,0.0
quic-go,client,quic_client_test_max,,frame.connection_close:{err_code:0x130},/results/temp/47/quic_client_test_max0.iev,0.0,0.0
quic-go,client,quic_client_test_no_odci,,No Error,/results/temp/48/quic_client_test_no_odci0.iev,0.0,1.0
