SERVER_HANDSHAKE_TRAFFIC_SECRET 2002874dd66c7339f3154fd19e8f157f065e38424fa20c38f3079413484d077f de1fefded23bf3f924d18503cd1c0237cfb0c3bd3a7f204e7cb37f313b3a391230323943b82447d10540e8989bca8db4
CLIENT_HANDSHAKE_TRAFFIC_SECRET 2002874dd66c7339f3154fd19e8f157f065e38424fa20c38f3079413484d077f fc56cc4619efe74597b623d202d92a5f1d4b34b7b2aa40175545bf7481b0b78ef3dbc249c98841931a9348edb3de3658
SERVER_TRAFFIC_SECRET_0 2002874dd66c7339f3154fd19e8f157f065e38424fa20c38f3079413484d077f d098da17fcfa761fd75d7e9d5e909069bd12963b49b13a9d2f7814306d116df9b793978aa10337388edfc3779bf449d7
CLIENT_HANDSHAKE_TRAFFIC_SECRET 2002874dd66c7339f3154fd19e8f157f065e38424fa20c38f3079413484d077f fc56cc4619efe74597b623d202d92a5f1d4b34b7b2aa40175545bf7481b0b78ef3dbc249c98841931a9348edb3de3658
SERVER_HANDSHAKE_TRAFFIC_SECRET 2002874dd66c7339f3154fd19e8f157f065e38424fa20c38f3079413484d077f de1fefded23bf3f924d18503cd1c0237cfb0c3bd3a7f204e7cb37f313b3a391230323943b82447d10540e8989bca8db4
SERVER_TRAFFIC_SECRET_0 2002874dd66c7339f3154fd19e8f157f065e38424fa20c38f3079413484d077f d098da17fcfa761fd75d7e9d5e909069bd12963b49b13a9d2f7814306d116df9b793978aa10337388edfc3779bf449d7
EXPORTER_SECRET 2002874dd66c7339f3154fd19e8f157f065e38424fa20c38f3079413484d077f c7b5ca37c10eeceb3d7fe005c607ad70427bb2ff365aef0af8193397b68d570a35bf017fb3f50685a3a4e0c48e997319
CLIENT_TRAFFIC_SECRET_0 2002874dd66c7339f3154fd19e8f157f065e38424fa20c38f3079413484d077f c0f3091fe159e76f42c10565376491abe16c18901dd4f50c663601c971e5e47f82fbde60b483465d093473f63cda9105
SERVER_HANDSHAKE_TRAFFIC_SECRET 9169b5a98656570482e7ee88c705953e728ac979edb31c276ff0f33d9d210aa6 2c38f9e899bf72b4ebbe8d9f40ec667a622cc5c49aaa0e8f37f0e51566851fba4a5aaf7129e0ec289751c1d1f2507a8a
CLIENT_HANDSHAKE_TRAFFIC_SECRET 9169b5a98656570482e7ee88c705953e728ac979edb31c276ff0f33d9d210aa6 2a9d030a5c7ca76196abce70c5305ae864016027ba6cde8b6251d23e714a91f725cc46da85b1831b7324781b94229843
SERVER_TRAFFIC_SECRET_0 9169b5a98656570482e7ee88c705953e728ac979edb31c276ff0f33d9d210aa6 3ec9e500f22afa896e3e9ef7ea2c5a420104e88f92519d8b26104191ed2c879800f09a220f8e029b90020c7bca6eb393
CLIENT_HANDSHAKE_TRAFFIC_SECRET 9169b5a98656570482e7ee88c705953e728ac979edb31c276ff0f33d9d210aa6 2a9d030a5c7ca76196abce70c5305ae864016027ba6cde8b6251d23e714a91f725cc46da85b1831b7324781b94229843
SERVER_HANDSHAKE_TRAFFIC_SECRET 9169b5a98656570482e7ee88c705953e728ac979edb31c276ff0f33d9d210aa6 2c38f9e899bf72b4ebbe8d9f40ec667a622cc5c49aaa0e8f37f0e51566851fba4a5aaf7129e0ec289751c1d1f2507a8a
SERVER_TRAFFIC_SECRET_0 9169b5a98656570482e7ee88c705953e728ac979edb31c276ff0f33d9d210aa6 3ec9e500f22afa896e3e9ef7ea2c5a420104e88f92519d8b26104191ed2c879800f09a220f8e029b90020c7bca6eb393
EXPORTER_SECRET 9169b5a98656570482e7ee88c705953e728ac979edb31c276ff0f33d9d210aa6 950231ec648446a430e6631461d79855939b7027523350c7e99c74ea4e4bcb9abc708787e4086280ebacd97141073b09
CLIENT_TRAFFIC_SECRET_0 9169b5a98656570482e7ee88c705953e728ac979edb31c276ff0f33d9d210aa6 5a70a58b96597b9bdcd50c2bdefd7c653aec1f7c4eae213a91d8e12781bcf830c6c8eb5073537163f6c96c40053da405
SERVER_HANDSHAKE_TRAFFIC_SECRET b4b6f7a5362e9ee8c4ae06f29467be09a63b3ee9b5a400102fa0db4fd48d3212 0aa91ee230c7429f8d2709e72f9cb6d8459a15f58d72d7c7ec294aa8ed1be2e810dea5441d1ab346bdf0690276632674
CLIENT_HANDSHAKE_TRAFFIC_SECRET b4b6f7a5362e9ee8c4ae06f29467be09a63b3ee9b5a400102fa0db4fd48d3212 a2ac2d5a53e5932677553185c0fd83b94afa7dc4fb4836e7854f91d308f4a0e8faa4d421a5203badfb6f11dd7cb4a112
SERVER_TRAFFIC_SECRET_0 b4b6f7a5362e9ee8c4ae06f29467be09a63b3ee9b5a400102fa0db4fd48d3212 55f8517486cf0b38eb01c81ba2b6529cf989d70571a6fffc0fc840c211e96a66b642cd3287141d3e6525542c7d20f9ea
CLIENT_HANDSHAKE_TRAFFIC_SECRET b4b6f7a5362e9ee8c4ae06f29467be09a63b3ee9b5a400102fa0db4fd48d3212 a2ac2d5a53e5932677553185c0fd83b94afa7dc4fb4836e7854f91d308f4a0e8faa4d421a5203badfb6f11dd7cb4a112
SERVER_HANDSHAKE_TRAFFIC_SECRET b4b6f7a5362e9ee8c4ae06f29467be09a63b3ee9b5a400102fa0db4fd48d3212 0aa91ee230c7429f8d2709e72f9cb6d8459a15f58d72d7c7ec294aa8ed1be2e810dea5441d1ab346bdf0690276632674
SERVER_TRAFFIC_SECRET_0 b4b6f7a5362e9ee8c4ae06f29467be09a63b3ee9b5a400102fa0db4fd48d3212 55f8517486cf0b38eb01c81ba2b6529cf989d70571a6fffc0fc840c211e96a66b642cd3287141d3e6525542c7d20f9ea
EXPORTER_SECRET b4b6f7a5362e9ee8c4ae06f29467be09a63b3ee9b5a400102fa0db4fd48d3212 0996a3cc7f9c72a6cb69349d9da7c2f731972e520fe5d564be865f0981c715a1845213983d33ff534ab547555be047ce
CLIENT_TRAFFIC_SECRET_0 b4b6f7a5362e9ee8c4ae06f29467be09a63b3ee9b5a400102fa0db4fd48d3212 b3b99422fadc34353f376b31feae95d8be5073b547cb372e3ca6e0b8ca4b63592338c6af35af848d8b102e876c514efc
SERVER_HANDSHAKE_TRAFFIC_SECRET 869255d3eb9c25230cf7d855b1d130d8e53efec046fb4d66f3b7bce4e5192f04 6f3a42602785f1d8a73817b21b46c919ba55624a0fc3378d075d54207d7cb9452bf097e7492f4cc555783883ca65d3d2
CLIENT_HANDSHAKE_TRAFFIC_SECRET 869255d3eb9c25230cf7d855b1d130d8e53efec046fb4d66f3b7bce4e5192f04 889186ea34979587e43ce4a1d2a8f5cdcf1b78cec75ad3070daf953b649985cce2ed65eab50ee6ebe170738abe0a7813
SERVER_TRAFFIC_SECRET_0 869255d3eb9c25230cf7d855b1d130d8e53efec046fb4d66f3b7bce4e5192f04 89ed42a884286042723b97491e25053e659690d8c5db47f48a4b7c8ad20e2846dd6bb5dde7091b3d9f7763d54fb4ef34
CLIENT_HANDSHAKE_TRAFFIC_SECRET 869255d3eb9c25230cf7d855b1d130d8e53efec046fb4d66f3b7bce4e5192f04 889186ea34979587e43ce4a1d2a8f5cdcf1b78cec75ad3070daf953b649985cce2ed65eab50ee6ebe170738abe0a7813
SERVER_HANDSHAKE_TRAFFIC_SECRET 869255d3eb9c25230cf7d855b1d130d8e53efec046fb4d66f3b7bce4e5192f04 6f3a42602785f1d8a73817b21b46c919ba55624a0fc3378d075d54207d7cb9452bf097e7492f4cc555783883ca65d3d2
SERVER_TRAFFIC_SECRET_0 869255d3eb9c25230cf7d855b1d130d8e53efec046fb4d66f3b7bce4e5192f04 89ed42a884286042723b97491e25053e659690d8c5db47f48a4b7c8ad20e2846dd6bb5dde7091b3d9f7763d54fb4ef34
EXPORTER_SECRET 869255d3eb9c25230cf7d855b1d130d8e53efec046fb4d66f3b7bce4e5192f04 3de8fce270356b801b3a4a012768423ecf4454b4849701dddd0580a085a8284ddda7d759d7fb568c1e292b45b4703a30
CLIENT_TRAFFIC_SECRET_0 869255d3eb9c25230cf7d855b1d130d8e53efec046fb4d66f3b7bce4e5192f04 e7b8de8589e73fe4bc58a834d7d789b60e7df704f58c0be74bce6b3ce4900ced922e4c984959a23f955eceef58bd349f
SERVER_HANDSHAKE_TRAFFIC_SECRET a436bd28854c918a61ad498f5310bb04432b9e3970a9ac29f875cb6d4b2e42df 2b5521cfb4f66ae1266bda8aab4e04fc618628b9e26e3a34b543fcbe72caeaa58ce47cb3d310de666e5851324c11e000
CLIENT_HANDSHAKE_TRAFFIC_SECRET a436bd28854c918a61ad498f5310bb04432b9e3970a9ac29f875cb6d4b2e42df d9cd8aebaf82f768349e07382e78bfd6b9bf918a2f97fb9592cb7cc5f711f9a10871261a48dfd61f6e343173bd45ebd6
SERVER_TRAFFIC_SECRET_0 a436bd28854c918a61ad498f5310bb04432b9e3970a9ac29f875cb6d4b2e42df 3702b2e3158b5ba355b5c782d7c3d43f1ccf12026ee6e4a97f2006f7428d0120bdb23c24a57094a8e0f76411bf45ecf5
CLIENT_HANDSHAKE_TRAFFIC_SECRET a436bd28854c918a61ad498f5310bb04432b9e3970a9ac29f875cb6d4b2e42df d9cd8aebaf82f768349e07382e78bfd6b9bf918a2f97fb9592cb7cc5f711f9a10871261a48dfd61f6e343173bd45ebd6
SERVER_HANDSHAKE_TRAFFIC_SECRET a436bd28854c918a61ad498f5310bb04432b9e3970a9ac29f875cb6d4b2e42df 2b5521cfb4f66ae1266bda8aab4e04fc618628b9e26e3a34b543fcbe72caeaa58ce47cb3d310de666e5851324c11e000
SERVER_TRAFFIC_SECRET_0 a436bd28854c918a61ad498f5310bb04432b9e3970a9ac29f875cb6d4b2e42df 3702b2e3158b5ba355b5c782d7c3d43f1ccf12026ee6e4a97f2006f7428d0120bdb23c24a57094a8e0f76411bf45ecf5
EXPORTER_SECRET a436bd28854c918a61ad498f5310bb04432b9e3970a9ac29f875cb6d4b2e42df d4d4bbba7b0eb84945d279142beb3c34724b3c4f93b9afdba6d701bd3754febef3a937ec4e5a1a00801ba422b9e0a6e1
CLIENT_TRAFFIC_SECRET_0 a436bd28854c918a61ad498f5310bb04432b9e3970a9ac29f875cb6d4b2e42df 2ece8b47e0b6e7c4e21ca3b53c18fba0398cb300bae70d4b48829cd7c0fbdf245a52e1e468de545a470474fdbb331455
SERVER_HANDSHAKE_TRAFFIC_SECRET 762a241f2eb90d157e3732b5e0f4d4d2e062a934a4d7cf79b8f9d326ca29dbee 1f75a7dfb458e469831ed69a437fe21a80e68b88ddc42741b1a21b1afb73197fa8a139d1ed9f2ddd62491ef7928adacc
CLIENT_HANDSHAKE_TRAFFIC_SECRET 762a241f2eb90d157e3732b5e0f4d4d2e062a934a4d7cf79b8f9d326ca29dbee ed04ced5fcac3c93e6b6e5bf2395ce23ca827748c2ad2d94e3769a066628d46a746547d2bc74d8dfb48124dfeabc05fe
SERVER_TRAFFIC_SECRET_0 762a241f2eb90d157e3732b5e0f4d4d2e062a934a4d7cf79b8f9d326ca29dbee 1e4ddacebf2ac39814d713bbbe9b296f964fa68eabe745bad6cee6f22c4d5ec0fd8eeca809fc8c5263dbdac8423470b9
CLIENT_HANDSHAKE_TRAFFIC_SECRET 762a241f2eb90d157e3732b5e0f4d4d2e062a934a4d7cf79b8f9d326ca29dbee ed04ced5fcac3c93e6b6e5bf2395ce23ca827748c2ad2d94e3769a066628d46a746547d2bc74d8dfb48124dfeabc05fe
SERVER_HANDSHAKE_TRAFFIC_SECRET 762a241f2eb90d157e3732b5e0f4d4d2e062a934a4d7cf79b8f9d326ca29dbee 1f75a7dfb458e469831ed69a437fe21a80e68b88ddc42741b1a21b1afb73197fa8a139d1ed9f2ddd62491ef7928adacc
SERVER_TRAFFIC_SECRET_0 762a241f2eb90d157e3732b5e0f4d4d2e062a934a4d7cf79b8f9d326ca29dbee 1e4ddacebf2ac39814d713bbbe9b296f964fa68eabe745bad6cee6f22c4d5ec0fd8eeca809fc8c5263dbdac8423470b9
EXPORTER_SECRET 762a241f2eb90d157e3732b5e0f4d4d2e062a934a4d7cf79b8f9d326ca29dbee 04944dd2c7623bb88ad35cf2a5dd3a6268df45f1269a03c05b388ab2262731cdb66d582fcf05bad571d66f0f8a000e16
CLIENT_TRAFFIC_SECRET_0 762a241f2eb90d157e3732b5e0f4d4d2e062a934a4d7cf79b8f9d326ca29dbee bfb1b76fce54e6342e67b315c1abc22a9714be1d5e0c52a843b07f4b762e94f9d48dfbff3fa351f87fb11291a7a8fab5
SERVER_HANDSHAKE_TRAFFIC_SECRET d4973b72eb5b7c8e800d73442336445dc78182ecfe92981a232f9c5b69ab0b2e 6e6e2bd722af8c58219b92a8c8ebe5f3ca1f88acadd7c776472d6e8445c2acd71420a1a3bdca57799a57f0c54ef98097
CLIENT_HANDSHAKE_TRAFFIC_SECRET d4973b72eb5b7c8e800d73442336445dc78182ecfe92981a232f9c5b69ab0b2e b0f3e2d3918671402ddf9f1c1d12aded5988b9208ce5457b0e943df566c161b2afe4a70fd7312783d8e25917efaef163
SERVER_TRAFFIC_SECRET_0 d4973b72eb5b7c8e800d73442336445dc78182ecfe92981a232f9c5b69ab0b2e 3575a30679c81c42dd601fc19cb4acc1fb6657e96ed8eafe92ad67a33a5543df4aeefab75314b94cdd3b36e5b96f592f
CLIENT_HANDSHAKE_TRAFFIC_SECRET d4973b72eb5b7c8e800d73442336445dc78182ecfe92981a232f9c5b69ab0b2e b0f3e2d3918671402ddf9f1c1d12aded5988b9208ce5457b0e943df566c161b2afe4a70fd7312783d8e25917efaef163
SERVER_HANDSHAKE_TRAFFIC_SECRET d4973b72eb5b7c8e800d73442336445dc78182ecfe92981a232f9c5b69ab0b2e 6e6e2bd722af8c58219b92a8c8ebe5f3ca1f88acadd7c776472d6e8445c2acd71420a1a3bdca57799a57f0c54ef98097
SERVER_TRAFFIC_SECRET_0 d4973b72eb5b7c8e800d73442336445dc78182ecfe92981a232f9c5b69ab0b2e 3575a30679c81c42dd601fc19cb4acc1fb6657e96ed8eafe92ad67a33a5543df4aeefab75314b94cdd3b36e5b96f592f
EXPORTER_SECRET d4973b72eb5b7c8e800d73442336445dc78182ecfe92981a232f9c5b69ab0b2e dfed48b91592922f9769b247f744151afbae69c72b83d208cd46a9a7c2a6acd098a2bd510a93d6eba3e0f82eacf90ef8
CLIENT_TRAFFIC_SECRET_0 d4973b72eb5b7c8e800d73442336445dc78182ecfe92981a232f9c5b69ab0b2e d4202626e5d09ec1715d9c31d2569819785a3f21b9f980d9c482cce2a77bd3a3d7c823ba43725fa9e7ac9c697cff895a
SERVER_HANDSHAKE_TRAFFIC_SECRET 31a2d3d2245d33d37ce922ef4217c66f5d73e2a7cb5dd4a8ef499d83509005d3 516032aa277029cf75c71a86d8415adc885cd4ff1769dea2b9eda4546776be3f682b2944bc578ab1f20e6d4e33448017
CLIENT_HANDSHAKE_TRAFFIC_SECRET 31a2d3d2245d33d37ce922ef4217c66f5d73e2a7cb5dd4a8ef499d83509005d3 d265b8643167cc171d091aeb37864c6ec734870f4a1c2e0cac132d4f36f4313f5ebf40d0d11d30f4114ed13a5b0c5f8b
SERVER_TRAFFIC_SECRET_0 31a2d3d2245d33d37ce922ef4217c66f5d73e2a7cb5dd4a8ef499d83509005d3 f0238f63a7ce7cb671f629702c86f18b91ca4084fadf0a02a48a9ccccd97c8f7da7f75ef82b508cebb9111e636dd74fc
CLIENT_HANDSHAKE_TRAFFIC_SECRET 31a2d3d2245d33d37ce922ef4217c66f5d73e2a7cb5dd4a8ef499d83509005d3 d265b8643167cc171d091aeb37864c6ec734870f4a1c2e0cac132d4f36f4313f5ebf40d0d11d30f4114ed13a5b0c5f8b
SERVER_HANDSHAKE_TRAFFIC_SECRET 31a2d3d2245d33d37ce922ef4217c66f5d73e2a7cb5dd4a8ef499d83509005d3 516032aa277029cf75c71a86d8415adc885cd4ff1769dea2b9eda4546776be3f682b2944bc578ab1f20e6d4e33448017
SERVER_TRAFFIC_SECRET_0 31a2d3d2245d33d37ce922ef4217c66f5d73e2a7cb5dd4a8ef499d83509005d3 f0238f63a7ce7cb671f629702c86f18b91ca4084fadf0a02a48a9ccccd97c8f7da7f75ef82b508cebb9111e636dd74fc
EXPORTER_SECRET 31a2d3d2245d33d37ce922ef4217c66f5d73e2a7cb5dd4a8ef499d83509005d3 e9899f7b1c7946a3562500e35f17b06871795afb2cb7932cb499cfa1dc1895ca5fa1c5ee3ffffa00f152a7d69aaa4e2e
CLIENT_TRAFFIC_SECRET_0 31a2d3d2245d33d37ce922ef4217c66f5d73e2a7cb5dd4a8ef499d83509005d3 b91d3e407893962a6c679563f0708778c2a5426e7be9d32bd9d41c884d573bdaf8811667bb111d183e78df1cf5fe32cb
SERVER_HANDSHAKE_TRAFFIC_SECRET 50d4e53b46199fa0d31f1dc8d5ad8700eac3dff3043c5875c25caa01b15bd915 9129e1fe9df818b22706917b48abc3bcc6255bb5e57385706ffeda269bbe6ec220e73f7861489a06e7b935f83dabe1b8
CLIENT_HANDSHAKE_TRAFFIC_SECRET 50d4e53b46199fa0d31f1dc8d5ad8700eac3dff3043c5875c25caa01b15bd915 7ef9c2bf109c47eed4e580062e9cea750bcb4905c26e38ace33b2d4d020d4575ccdce5fcde254b3e434e95c6bdb6e995
SERVER_TRAFFIC_SECRET_0 50d4e53b46199fa0d31f1dc8d5ad8700eac3dff3043c5875c25caa01b15bd915 44fe2700fb6652d7b7bfd466694c0a4e36708e82240d8ca3208c5f3f45388c0d31d6f791ac1ead70a4e8f0960f50153d
CLIENT_HANDSHAKE_TRAFFIC_SECRET 50d4e53b46199fa0d31f1dc8d5ad8700eac3dff3043c5875c25caa01b15bd915 7ef9c2bf109c47eed4e580062e9cea750bcb4905c26e38ace33b2d4d020d4575ccdce5fcde254b3e434e95c6bdb6e995
SERVER_HANDSHAKE_TRAFFIC_SECRET 50d4e53b46199fa0d31f1dc8d5ad8700eac3dff3043c5875c25caa01b15bd915 9129e1fe9df818b22706917b48abc3bcc6255bb5e57385706ffeda269bbe6ec220e73f7861489a06e7b935f83dabe1b8
SERVER_TRAFFIC_SECRET_0 50d4e53b46199fa0d31f1dc8d5ad8700eac3dff3043c5875c25caa01b15bd915 44fe2700fb6652d7b7bfd466694c0a4e36708e82240d8ca3208c5f3f45388c0d31d6f791ac1ead70a4e8f0960f50153d
EXPORTER_SECRET 50d4e53b46199fa0d31f1dc8d5ad8700eac3dff3043c5875c25caa01b15bd915 b834296487b535c25e6a9294868c116bb7f7ca1994241ece4355dbdd61b0e8d7d28868610b18a743e731836916cf9a19
CLIENT_TRAFFIC_SECRET_0 50d4e53b46199fa0d31f1dc8d5ad8700eac3dff3043c5875c25caa01b15bd915 e18a265f3c86cbed6ffc3537286a4d42c7860555d755078466d2b50b94628dc8c057e137b44c8b92c18d1ed8ba9ca26e
SERVER_HANDSHAKE_TRAFFIC_SECRET 404782528dca00e5a9093780c9e94a9b291dde848529b98b28ccac533b5a135d d9a01e1a1c430e05fcb998354371ad4881b6b65c919579525d9f7d08a159b73659175469b736e5b5c3e618596242b5fc
CLIENT_HANDSHAKE_TRAFFIC_SECRET 404782528dca00e5a9093780c9e94a9b291dde848529b98b28ccac533b5a135d b2a391256672c12d5b6c65c4a3f2b7b1cad68765e903b6e8c0f8ff8b894842cedf7bfe43af5bb17cad0064c26335e40c
SERVER_TRAFFIC_SECRET_0 404782528dca00e5a9093780c9e94a9b291dde848529b98b28ccac533b5a135d a1158a52484ef028f57e45b45c1e18b8c5ea7d566929410b388dd5b36542e0fdec268f53c0be8d884f8364297a002ff0
CLIENT_HANDSHAKE_TRAFFIC_SECRET 404782528dca00e5a9093780c9e94a9b291dde848529b98b28ccac533b5a135d b2a391256672c12d5b6c65c4a3f2b7b1cad68765e903b6e8c0f8ff8b894842cedf7bfe43af5bb17cad0064c26335e40c
SERVER_HANDSHAKE_TRAFFIC_SECRET 404782528dca00e5a9093780c9e94a9b291dde848529b98b28ccac533b5a135d d9a01e1a1c430e05fcb998354371ad4881b6b65c919579525d9f7d08a159b73659175469b736e5b5c3e618596242b5fc
SERVER_TRAFFIC_SECRET_0 404782528dca00e5a9093780c9e94a9b291dde848529b98b28ccac533b5a135d a1158a52484ef028f57e45b45c1e18b8c5ea7d566929410b388dd5b36542e0fdec268f53c0be8d884f8364297a002ff0
EXPORTER_SECRET 404782528dca00e5a9093780c9e94a9b291dde848529b98b28ccac533b5a135d caa8caf89ad2b799e21362fe87ea164cef3e208340e6c87df3c062a8356d796a8fe48a5a228fe2d048cd78bd05379725
CLIENT_TRAFFIC_SECRET_0 404782528dca00e5a9093780c9e94a9b291dde848529b98b28ccac533b5a135d 88fd02068d9ad7f6b64f7e40a2e51f1d9dedb03a586a5f76922d1d5799319d8845e3fc3351149fc370f444ea73bb62e8
SERVER_HANDSHAKE_TRAFFIC_SECRET 820a10022907cc61574e0b27e1ae05f2cd95f5e53e5b943805d120616db16d84 46bd9cdce1deeadf02ac709f1dffd281c27c7695083d4b9143939ce4d0d7cc8c9c3e6a527ca5a90edba005af66cce92d
CLIENT_HANDSHAKE_TRAFFIC_SECRET 820a10022907cc61574e0b27e1ae05f2cd95f5e53e5b943805d120616db16d84 b2a7aaf1c0c7027f0dbc76dc51489598cfc24f0ad0e9f0f1898e3dc66603932214231a7417611abe284b5bc0bca35428
SERVER_TRAFFIC_SECRET_0 820a10022907cc61574e0b27e1ae05f2cd95f5e53e5b943805d120616db16d84 0117324ba6299d27585c7273c0a829dc84ae8fa29271e0d1514cacfde12d557e066130b9dcc0f2d3e823af69a15aff79
CLIENT_HANDSHAKE_TRAFFIC_SECRET 820a10022907cc61574e0b27e1ae05f2cd95f5e53e5b943805d120616db16d84 b2a7aaf1c0c7027f0dbc76dc51489598cfc24f0ad0e9f0f1898e3dc66603932214231a7417611abe284b5bc0bca35428
SERVER_HANDSHAKE_TRAFFIC_SECRET 820a10022907cc61574e0b27e1ae05f2cd95f5e53e5b943805d120616db16d84 46bd9cdce1deeadf02ac709f1dffd281c27c7695083d4b9143939ce4d0d7cc8c9c3e6a527ca5a90edba005af66cce92d
SERVER_TRAFFIC_SECRET_0 820a10022907cc61574e0b27e1ae05f2cd95f5e53e5b943805d120616db16d84 0117324ba6299d27585c7273c0a829dc84ae8fa29271e0d1514cacfde12d557e066130b9dcc0f2d3e823af69a15aff79
EXPORTER_SECRET 820a10022907cc61574e0b27e1ae05f2cd95f5e53e5b943805d120616db16d84 017bb6c3f321f6f77918f7d09316a9c49ef6ed148bccea28b533bb988ed3ec856c5ffab552c6ae2f4e1f8785d421a68a
CLIENT_TRAFFIC_SECRET_0 820a10022907cc61574e0b27e1ae05f2cd95f5e53e5b943805d120616db16d84 2b1a5c4cc2f322c1d927c736d4ba33d3c548653667624b2d45c398cd2be32dffc1f1086283113a68c06ba9468d785f50
SERVER_HANDSHAKE_TRAFFIC_SECRET 94aeb5fff4d468825710bc57bdff9c51b0ab7f05849934b58bbd17873c2ef150 33f3bf9d4221462e3a8a974f56dab4c710d662fc433cd8f6d078a0c9cf3f3011c4c2c624fbb930d664a5208dd0994b95
CLIENT_HANDSHAKE_TRAFFIC_SECRET 94aeb5fff4d468825710bc57bdff9c51b0ab7f05849934b58bbd17873c2ef150 65b34bc9232c5100d05ddea1a1733d266d670bb46693495796925f1c96ae7931ad9d466ca4b88a435220388192cb6e3e
SERVER_TRAFFIC_SECRET_0 94aeb5fff4d468825710bc57bdff9c51b0ab7f05849934b58bbd17873c2ef150 d5bd6bf2c584b2cee693a7fb3250ac3a1e7577a0b3c8256e9a2fb3f341a3f0c47df5ba52c8498a7816f0d0d65da9e108
CLIENT_HANDSHAKE_TRAFFIC_SECRET 94aeb5fff4d468825710bc57bdff9c51b0ab7f05849934b58bbd17873c2ef150 65b34bc9232c5100d05ddea1a1733d266d670bb46693495796925f1c96ae7931ad9d466ca4b88a435220388192cb6e3e
SERVER_HANDSHAKE_TRAFFIC_SECRET 94aeb5fff4d468825710bc57bdff9c51b0ab7f05849934b58bbd17873c2ef150 33f3bf9d4221462e3a8a974f56dab4c710d662fc433cd8f6d078a0c9cf3f3011c4c2c624fbb930d664a5208dd0994b95
SERVER_TRAFFIC_SECRET_0 94aeb5fff4d468825710bc57bdff9c51b0ab7f05849934b58bbd17873c2ef150 d5bd6bf2c584b2cee693a7fb3250ac3a1e7577a0b3c8256e9a2fb3f341a3f0c47df5ba52c8498a7816f0d0d65da9e108
EXPORTER_SECRET 94aeb5fff4d468825710bc57bdff9c51b0ab7f05849934b58bbd17873c2ef150 94989132aa80db67cb1ad37963657df82270e47041276e91db55e581bffe4ae7707f300e385637f4e6f9680d5dc3858a
CLIENT_TRAFFIC_SECRET_0 94aeb5fff4d468825710bc57bdff9c51b0ab7f05849934b58bbd17873c2ef150 cd56b7c4b88652ea3b254be01fc62c845e477e1fd4ee7b3b5dc0ca28f814f5bd67588c8ad25b89862a7646a8ef2a8676
SERVER_HANDSHAKE_TRAFFIC_SECRET 1da5a7192627ce829647e5fa757a0a70e2de6751a027995f103a8a5c399020d8 f45b659185ac418451f666aa4c919101822fc5377bc7116d3853f224b5742b3eabf50cbb66d5c8a2664940fd87cc1808
CLIENT_HANDSHAKE_TRAFFIC_SECRET 1da5a7192627ce829647e5fa757a0a70e2de6751a027995f103a8a5c399020d8 db51266df2754056449b9f6fb324866969656b88098c3872221de015d9d7469701837607e4bd695b33e54bf0b7a5da1f
SERVER_TRAFFIC_SECRET_0 1da5a7192627ce829647e5fa757a0a70e2de6751a027995f103a8a5c399020d8 0b8a11e68a137c72777e29ab59f94d92cd0e61fae3c3a5d3b92a708fb865ac238cde68b58d244fd82d8e333e3005c9b0
CLIENT_HANDSHAKE_TRAFFIC_SECRET 1da5a7192627ce829647e5fa757a0a70e2de6751a027995f103a8a5c399020d8 db51266df2754056449b9f6fb324866969656b88098c3872221de015d9d7469701837607e4bd695b33e54bf0b7a5da1f
SERVER_HANDSHAKE_TRAFFIC_SECRET 1da5a7192627ce829647e5fa757a0a70e2de6751a027995f103a8a5c399020d8 f45b659185ac418451f666aa4c919101822fc5377bc7116d3853f224b5742b3eabf50cbb66d5c8a2664940fd87cc1808
SERVER_TRAFFIC_SECRET_0 1da5a7192627ce829647e5fa757a0a70e2de6751a027995f103a8a5c399020d8 0b8a11e68a137c72777e29ab59f94d92cd0e61fae3c3a5d3b92a708fb865ac238cde68b58d244fd82d8e333e3005c9b0
EXPORTER_SECRET 1da5a7192627ce829647e5fa757a0a70e2de6751a027995f103a8a5c399020d8 2a2a9f1487c561590c9fababd416ab506d5c82b9ed3056812d977620a0d1d2a3e9da7d7cc2e31d9fcb2059fc321b9a3d
CLIENT_TRAFFIC_SECRET_0 1da5a7192627ce829647e5fa757a0a70e2de6751a027995f103a8a5c399020d8 620e8cdf40e2512b79ecdeabf960c8d5951cadabfe9fc292770fbf68d4ffe3f247c7d7aa8256bf7d86b4282cfd1d50f8
SERVER_HANDSHAKE_TRAFFIC_SECRET 89fd5b02976600be750e3fd3a3e82b84a77e30917fc6777989304f983f8fbf38 1e2c6262a82040224b86dfd36dfec14552cf7dff52837ff13a85f75fa7d863cb66c86877dd9ba8650343746915415546
CLIENT_HANDSHAKE_TRAFFIC_SECRET 89fd5b02976600be750e3fd3a3e82b84a77e30917fc6777989304f983f8fbf38 3809a364f3616c297239f4b4f4e93a7c61e36bcec2972f5540650d88ed84a950c7ad5b18eaa11f5bc7e7715079dc88ef
SERVER_TRAFFIC_SECRET_0 89fd5b02976600be750e3fd3a3e82b84a77e30917fc6777989304f983f8fbf38 c03fd916ac312ebd89ff592c1c204894ae68e668b7a24a511b4decbf975c55f8a232c62d06058d804768dc4cc523d76b
CLIENT_HANDSHAKE_TRAFFIC_SECRET 89fd5b02976600be750e3fd3a3e82b84a77e30917fc6777989304f983f8fbf38 3809a364f3616c297239f4b4f4e93a7c61e36bcec2972f5540650d88ed84a950c7ad5b18eaa11f5bc7e7715079dc88ef
SERVER_HANDSHAKE_TRAFFIC_SECRET 89fd5b02976600be750e3fd3a3e82b84a77e30917fc6777989304f983f8fbf38 1e2c6262a82040224b86dfd36dfec14552cf7dff52837ff13a85f75fa7d863cb66c86877dd9ba8650343746915415546
SERVER_TRAFFIC_SECRET_0 89fd5b02976600be750e3fd3a3e82b84a77e30917fc6777989304f983f8fbf38 c03fd916ac312ebd89ff592c1c204894ae68e668b7a24a511b4decbf975c55f8a232c62d06058d804768dc4cc523d76b
EXPORTER_SECRET 89fd5b02976600be750e3fd3a3e82b84a77e30917fc6777989304f983f8fbf38 23a9dc015c3b6b25ed72bd087524e24583ae077c2fa60e07b82484690c489d883c9bcb5eac867c6852c5448e8f66b690
CLIENT_TRAFFIC_SECRET_0 89fd5b02976600be750e3fd3a3e82b84a77e30917fc6777989304f983f8fbf38 2f2970945185bd8e22eaaaae7d072abdd15dd437d9c897df03a700218f48fc46a3ffd9617db2d5faaecc0b32c07bcc90
SERVER_HANDSHAKE_TRAFFIC_SECRET 9c7d3e8693b7e9b90e8d162657a2046a88a299245da824ccf976394fcad8dd4e 666a29eaca658facd52aa14f825c7c06a8bd0faa297f9c889677fae4e89e76c283602ac2c008d4c6d39c8be9df92a58a
CLIENT_HANDSHAKE_TRAFFIC_SECRET 9c7d3e8693b7e9b90e8d162657a2046a88a299245da824ccf976394fcad8dd4e 36838eca2154917202e736ba2b67e278a600a26014f1361bc537925214713b2509953126f66c4ffee1b64539c9dbd229
SERVER_TRAFFIC_SECRET_0 9c7d3e8693b7e9b90e8d162657a2046a88a299245da824ccf976394fcad8dd4e 7c131cd0aa7954cfcf020dbb04e3b094ef9b4e9b048449f7c9bb2b83bb45141bcd81de950ab38741aa4820ba0e7afba1
CLIENT_HANDSHAKE_TRAFFIC_SECRET 9c7d3e8693b7e9b90e8d162657a2046a88a299245da824ccf976394fcad8dd4e 36838eca2154917202e736ba2b67e278a600a26014f1361bc537925214713b2509953126f66c4ffee1b64539c9dbd229
SERVER_HANDSHAKE_TRAFFIC_SECRET 9c7d3e8693b7e9b90e8d162657a2046a88a299245da824ccf976394fcad8dd4e 666a29eaca658facd52aa14f825c7c06a8bd0faa297f9c889677fae4e89e76c283602ac2c008d4c6d39c8be9df92a58a
SERVER_TRAFFIC_SECRET_0 9c7d3e8693b7e9b90e8d162657a2046a88a299245da824ccf976394fcad8dd4e 7c131cd0aa7954cfcf020dbb04e3b094ef9b4e9b048449f7c9bb2b83bb45141bcd81de950ab38741aa4820ba0e7afba1
EXPORTER_SECRET 9c7d3e8693b7e9b90e8d162657a2046a88a299245da824ccf976394fcad8dd4e 4cd751189a0115857c54532393396013a2b5f019a3dbf87ad2cb9a395091694edf2489df4494214a0752bb7ff2c752e2
CLIENT_TRAFFIC_SECRET_0 9c7d3e8693b7e9b90e8d162657a2046a88a299245da824ccf976394fcad8dd4e 4b73db58f3b9587be46735371500f92c549c92d79942e2439030d85d3b81ada39fef485fe4e145e793f0d1358b7d9f7a
SERVER_HANDSHAKE_TRAFFIC_SECRET b5561e8e096196956f9bcb44743dd1c34c53bc69a452b58d43e82d7da8421d7f 6513af42925555ffe60fe3ce3449ea91eaa27911ac1725f1a1a2b55bbc3a5283762cc6a271b6fc9eba12cf8061eb2b8f
CLIENT_HANDSHAKE_TRAFFIC_SECRET b5561e8e096196956f9bcb44743dd1c34c53bc69a452b58d43e82d7da8421d7f 2f9cc1590f3ef00da91f88fb15012860b7b3c43242fc92278f32882fb5a5efebbf7d0882f494fa3c2d51121d41a95c31
SERVER_TRAFFIC_SECRET_0 b5561e8e096196956f9bcb44743dd1c34c53bc69a452b58d43e82d7da8421d7f bac7a10421cc304717e7d80b608eaf7495c101127c41f5724cdc3317f0fce23f7947e163d33ae3fae310dfd89b4cb1c5
CLIENT_HANDSHAKE_TRAFFIC_SECRET b5561e8e096196956f9bcb44743dd1c34c53bc69a452b58d43e82d7da8421d7f 2f9cc1590f3ef00da91f88fb15012860b7b3c43242fc92278f32882fb5a5efebbf7d0882f494fa3c2d51121d41a95c31
SERVER_HANDSHAKE_TRAFFIC_SECRET b5561e8e096196956f9bcb44743dd1c34c53bc69a452b58d43e82d7da8421d7f 6513af42925555ffe60fe3ce3449ea91eaa27911ac1725f1a1a2b55bbc3a5283762cc6a271b6fc9eba12cf8061eb2b8f
SERVER_TRAFFIC_SECRET_0 b5561e8e096196956f9bcb44743dd1c34c53bc69a452b58d43e82d7da8421d7f bac7a10421cc304717e7d80b608eaf7495c101127c41f5724cdc3317f0fce23f7947e163d33ae3fae310dfd89b4cb1c5
EXPORTER_SECRET b5561e8e096196956f9bcb44743dd1c34c53bc69a452b58d43e82d7da8421d7f c61ac42c0bcb9fd219812fee59c03c2688cfaebb358c07350435692c8a4253e2e8c7dfe855f690095f47e979acca32e3
CLIENT_TRAFFIC_SECRET_0 b5561e8e096196956f9bcb44743dd1c34c53bc69a452b58d43e82d7da8421d7f 17ff48cc43839a6deb0d6069959b04e0a94277b6013d47e3f6893a2a67254f9ee3eac311445dfe940c708d7345ceec0f
SERVER_HANDSHAKE_TRAFFIC_SECRET a5504b12da7c6cab313173777f28e6e4f75db7f95d117175d810c39a6626f89e db706d9360b99a0a11cdc3b90ac47e6e51036a900b80fb33e6ac7b1d57f2300687e8b2f874ba0bf43f6c5aa48f32613e
CLIENT_HANDSHAKE_TRAFFIC_SECRET a5504b12da7c6cab313173777f28e6e4f75db7f95d117175d810c39a6626f89e 6946280577982c098a760088b2350d1004482e095cd78849557d6edeb88e08295cfeb44c35b8afa77a526db28c4f0f9c
SERVER_TRAFFIC_SECRET_0 a5504b12da7c6cab313173777f28e6e4f75db7f95d117175d810c39a6626f89e 1fca43a2956a034874cae4cd5f95ce51284cdb2c8ee00c53082c240fab98479290d334ed729d9262fecebc0d806d296b
CLIENT_HANDSHAKE_TRAFFIC_SECRET a5504b12da7c6cab313173777f28e6e4f75db7f95d117175d810c39a6626f89e 6946280577982c098a760088b2350d1004482e095cd78849557d6edeb88e08295cfeb44c35b8afa77a526db28c4f0f9c
SERVER_HANDSHAKE_TRAFFIC_SECRET a5504b12da7c6cab313173777f28e6e4f75db7f95d117175d810c39a6626f89e db706d9360b99a0a11cdc3b90ac47e6e51036a900b80fb33e6ac7b1d57f2300687e8b2f874ba0bf43f6c5aa48f32613e
SERVER_TRAFFIC_SECRET_0 a5504b12da7c6cab313173777f28e6e4f75db7f95d117175d810c39a6626f89e 1fca43a2956a034874cae4cd5f95ce51284cdb2c8ee00c53082c240fab98479290d334ed729d9262fecebc0d806d296b
EXPORTER_SECRET a5504b12da7c6cab313173777f28e6e4f75db7f95d117175d810c39a6626f89e 2699ef7f25174e65f87e72b938b0f0af13afac65cfbfcc6020f7ae0ff2618ea8966e8e91f6d7098401c5d6923797c393
CLIENT_TRAFFIC_SECRET_0 a5504b12da7c6cab313173777f28e6e4f75db7f95d117175d810c39a6626f89e 7dc547c9f52e3035e294ca5adb1e56ec891508f03e0d9f6acb5a80cbf232dc46a180579b015759926c151dc2cce56b95
SERVER_HANDSHAKE_TRAFFIC_SECRET 0fbfedd66366e7f76581b779c5be2476a21e859c3d7cff7d44841e37ba7492eb 637bb95982b7243324ff627f9e68d52124e585de1faff93c20fc54ab374b3104c36e4963bd1c5be5fa7a77952684aadb
CLIENT_HANDSHAKE_TRAFFIC_SECRET 0fbfedd66366e7f76581b779c5be2476a21e859c3d7cff7d44841e37ba7492eb 46d93d48e88d77c2a9720af86ec229915f2e6d9dd27ba6b72eb07a5a6134c61655151a84573a154fdb33f10b3d7f253f
SERVER_TRAFFIC_SECRET_0 0fbfedd66366e7f76581b779c5be2476a21e859c3d7cff7d44841e37ba7492eb a6547af962c4e3f11b03be4f27556179c395e1ad236bb772cb51a210aa4a3ae64e3344b026dde9f4adb2d7ac4fcf0e0c
CLIENT_HANDSHAKE_TRAFFIC_SECRET 0fbfedd66366e7f76581b779c5be2476a21e859c3d7cff7d44841e37ba7492eb 46d93d48e88d77c2a9720af86ec229915f2e6d9dd27ba6b72eb07a5a6134c61655151a84573a154fdb33f10b3d7f253f
SERVER_HANDSHAKE_TRAFFIC_SECRET 0fbfedd66366e7f76581b779c5be2476a21e859c3d7cff7d44841e37ba7492eb 637bb95982b7243324ff627f9e68d52124e585de1faff93c20fc54ab374b3104c36e4963bd1c5be5fa7a77952684aadb
SERVER_TRAFFIC_SECRET_0 0fbfedd66366e7f76581b779c5be2476a21e859c3d7cff7d44841e37ba7492eb a6547af962c4e3f11b03be4f27556179c395e1ad236bb772cb51a210aa4a3ae64e3344b026dde9f4adb2d7ac4fcf0e0c
EXPORTER_SECRET 0fbfedd66366e7f76581b779c5be2476a21e859c3d7cff7d44841e37ba7492eb 60f08c6ec730442513f0b4d1b62289f72c22f8a953c059c95e01d8bd80a25d5c25114e19a826856ab39dc6c0134985f8
CLIENT_TRAFFIC_SECRET_0 0fbfedd66366e7f76581b779c5be2476a21e859c3d7cff7d44841e37ba7492eb 2b1cbc3eaf5e1deb7123c9571a0b9cab755680aa5f34522a682ce941c7e29df7a050f24043456ba09efe75e63e157e9a
SERVER_HANDSHAKE_TRAFFIC_SECRET 9e9233e61a99e7a0b69dce8fd432caf58009eb497ca3c3f6c2f632d5cc61c7ed dd26594244bb591b534d53c00be8b8556647ca915f46f011dfabc416bcf0a74c4b5e194686abd30e8cac57bbb10b036a
CLIENT_HANDSHAKE_TRAFFIC_SECRET 9e9233e61a99e7a0b69dce8fd432caf58009eb497ca3c3f6c2f632d5cc61c7ed 8e88580366fed00e5fb9fc41d5c233547c3ad8fed8720b3ea163a99d83bf247c7ea886eabf57fb4aac34aaec840fe868
SERVER_TRAFFIC_SECRET_0 9e9233e61a99e7a0b69dce8fd432caf58009eb497ca3c3f6c2f632d5cc61c7ed aad99088fc2632d91e48b112a65453c41841dba19df3a851be813b3a40ca044696ef75807935baa02292dfd49247c613
CLIENT_HANDSHAKE_TRAFFIC_SECRET 9e9233e61a99e7a0b69dce8fd432caf58009eb497ca3c3f6c2f632d5cc61c7ed 8e88580366fed00e5fb9fc41d5c233547c3ad8fed8720b3ea163a99d83bf247c7ea886eabf57fb4aac34aaec840fe868
SERVER_HANDSHAKE_TRAFFIC_SECRET 9e9233e61a99e7a0b69dce8fd432caf58009eb497ca3c3f6c2f632d5cc61c7ed dd26594244bb591b534d53c00be8b8556647ca915f46f011dfabc416bcf0a74c4b5e194686abd30e8cac57bbb10b036a
SERVER_TRAFFIC_SECRET_0 9e9233e61a99e7a0b69dce8fd432caf58009eb497ca3c3f6c2f632d5cc61c7ed aad99088fc2632d91e48b112a65453c41841dba19df3a851be813b3a40ca044696ef75807935baa02292dfd49247c613
EXPORTER_SECRET 9e9233e61a99e7a0b69dce8fd432caf58009eb497ca3c3f6c2f632d5cc61c7ed fe9041c971bb127bf27cbe7c1c4416e199e3466ecbfe7166361169f74d30bd472088cb748df947977d4a165fb63ce4ac
CLIENT_TRAFFIC_SECRET_0 9e9233e61a99e7a0b69dce8fd432caf58009eb497ca3c3f6c2f632d5cc61c7ed 3fcb51317f1fe86c2cb6027169f6658834988ebc4b0cc13ce73c751ebc84f9a0678ee357050f1384737cd65e9468ae45
SERVER_HANDSHAKE_TRAFFIC_SECRET 79e61938d0c14f9490d64bd512d11a9934ba623cff865e62d13adf8e34bd296a b4f68139a16e32223ce27082f255e7059536b3065300568b20a213c30aaa8c7c0ef19c1360939cd681ecd71f99101d05
CLIENT_HANDSHAKE_TRAFFIC_SECRET 79e61938d0c14f9490d64bd512d11a9934ba623cff865e62d13adf8e34bd296a faa846a3386f6a5b735ab02ca16969da419c2e2568bfd1fe6330b9238eef375749766849554ddc37b058a0998415bb56
SERVER_TRAFFIC_SECRET_0 79e61938d0c14f9490d64bd512d11a9934ba623cff865e62d13adf8e34bd296a 3e763ce751d5b1e942960c965c82cbc347d89a9e969820f6e7d7551412129845d3dfbe2521c914cb254ae82d7698a3c7
CLIENT_HANDSHAKE_TRAFFIC_SECRET 79e61938d0c14f9490d64bd512d11a9934ba623cff865e62d13adf8e34bd296a faa846a3386f6a5b735ab02ca16969da419c2e2568bfd1fe6330b9238eef375749766849554ddc37b058a0998415bb56
SERVER_HANDSHAKE_TRAFFIC_SECRET 79e61938d0c14f9490d64bd512d11a9934ba623cff865e62d13adf8e34bd296a b4f68139a16e32223ce27082f255e7059536b3065300568b20a213c30aaa8c7c0ef19c1360939cd681ecd71f99101d05
SERVER_TRAFFIC_SECRET_0 79e61938d0c14f9490d64bd512d11a9934ba623cff865e62d13adf8e34bd296a 3e763ce751d5b1e942960c965c82cbc347d89a9e969820f6e7d7551412129845d3dfbe2521c914cb254ae82d7698a3c7
EXPORTER_SECRET 79e61938d0c14f9490d64bd512d11a9934ba623cff865e62d13adf8e34bd296a 4d59be7927860af358f680d1026be2cb8678ecdc13ce61eef0fea16923639e6ab477ce86d415c299c2d39454210a85fd
CLIENT_TRAFFIC_SECRET_0 79e61938d0c14f9490d64bd512d11a9934ba623cff865e62d13adf8e34bd296a 192a7a01985e86be0eee6145ab49e26d251a38fba685292131a02c06e538b1b2eab91a9e048a5c7570d9d73758767962
SERVER_HANDSHAKE_TRAFFIC_SECRET 2911469b90ac4569ba3faf3e83b6584292f8ac0c96d5618a9cdd9cfff75fdc1a 53c489a29862efabdac56bdae1f6a8892963f86bac47dc78aa27ec6e0cd7386d9cd17c7d83558cd1e85d828fae0ba6df
CLIENT_HANDSHAKE_TRAFFIC_SECRET 2911469b90ac4569ba3faf3e83b6584292f8ac0c96d5618a9cdd9cfff75fdc1a 2ac58547b11c44443dc5cc2f30cfbd8296eca50428ed7c2da58dff5664209da3b335620a64ba5b1d598e00c8d2bfcbc2
SERVER_TRAFFIC_SECRET_0 2911469b90ac4569ba3faf3e83b6584292f8ac0c96d5618a9cdd9cfff75fdc1a fb0aaa24bcb7c0fba7d4deb398680b13f8bf1527f8a8029bae473ca80aa27852b64e9f82eb787414d07f4dd5b12f2b43
CLIENT_HANDSHAKE_TRAFFIC_SECRET 2911469b90ac4569ba3faf3e83b6584292f8ac0c96d5618a9cdd9cfff75fdc1a 2ac58547b11c44443dc5cc2f30cfbd8296eca50428ed7c2da58dff5664209da3b335620a64ba5b1d598e00c8d2bfcbc2
SERVER_HANDSHAKE_TRAFFIC_SECRET 2911469b90ac4569ba3faf3e83b6584292f8ac0c96d5618a9cdd9cfff75fdc1a 53c489a29862efabdac56bdae1f6a8892963f86bac47dc78aa27ec6e0cd7386d9cd17c7d83558cd1e85d828fae0ba6df
SERVER_TRAFFIC_SECRET_0 2911469b90ac4569ba3faf3e83b6584292f8ac0c96d5618a9cdd9cfff75fdc1a fb0aaa24bcb7c0fba7d4deb398680b13f8bf1527f8a8029bae473ca80aa27852b64e9f82eb787414d07f4dd5b12f2b43
EXPORTER_SECRET 2911469b90ac4569ba3faf3e83b6584292f8ac0c96d5618a9cdd9cfff75fdc1a ac50d286474c4d0cd312684cc90b1bca513204e340fd8599572b033abfa4026d106c751578432a51a710711a1b11e6f0
CLIENT_TRAFFIC_SECRET_0 2911469b90ac4569ba3faf3e83b6584292f8ac0c96d5618a9cdd9cfff75fdc1a 0e9224e907b3649f7cd3d7e0d234bf1c4e0a769ff5e9b9ae36979e764a6774755aa2cde3626c36070936fb95d9ed1d3c
SERVER_HANDSHAKE_TRAFFIC_SECRET cee67ce5bd098a8637da8b0c2f461db5994f21de6f2e6847dd28b228e929fec2 e825948d46e8b82894d6b3014e8e8d01d2cc8fefdcc2fb81b122f9650e7fcc57dc3111d97fad6001ca29445569b9bd32
CLIENT_HANDSHAKE_TRAFFIC_SECRET cee67ce5bd098a8637da8b0c2f461db5994f21de6f2e6847dd28b228e929fec2 94e8583263db166f0d695071775e061bcd3989c67c6021d45b80dfe29eec61a87de21632e83381fe59363fa265ef0b24
SERVER_TRAFFIC_SECRET_0 cee67ce5bd098a8637da8b0c2f461db5994f21de6f2e6847dd28b228e929fec2 a9d51cb52ff13fb2908287b8e5755ae07e395fcb23a3bc865cbe6e96155ae1e2288cbc645f71b15d21fd37ebfd90ec7e
CLIENT_HANDSHAKE_TRAFFIC_SECRET cee67ce5bd098a8637da8b0c2f461db5994f21de6f2e6847dd28b228e929fec2 94e8583263db166f0d695071775e061bcd3989c67c6021d45b80dfe29eec61a87de21632e83381fe59363fa265ef0b24
SERVER_HANDSHAKE_TRAFFIC_SECRET cee67ce5bd098a8637da8b0c2f461db5994f21de6f2e6847dd28b228e929fec2 e825948d46e8b82894d6b3014e8e8d01d2cc8fefdcc2fb81b122f9650e7fcc57dc3111d97fad6001ca29445569b9bd32
SERVER_TRAFFIC_SECRET_0 cee67ce5bd098a8637da8b0c2f461db5994f21de6f2e6847dd28b228e929fec2 a9d51cb52ff13fb2908287b8e5755ae07e395fcb23a3bc865cbe6e96155ae1e2288cbc645f71b15d21fd37ebfd90ec7e
EXPORTER_SECRET cee67ce5bd098a8637da8b0c2f461db5994f21de6f2e6847dd28b228e929fec2 77668dfd378179663fc29518adad7433e4143ac24b3419131ceec94595d0712f1797ae3ff82fd27c1b113febfe2b648f
CLIENT_TRAFFIC_SECRET_0 cee67ce5bd098a8637da8b0c2f461db5994f21de6f2e6847dd28b228e929fec2 34304fdf70f5530fd9806b4eb2d45ee53c9fe8c843489a285024b06f994358b51b4e7fd8d5bfbf6827b5f1c277b97a54
SERVER_HANDSHAKE_TRAFFIC_SECRET 9c759dcf5d8b9b00693b158a87500f2c21155fa04e4b5240a9a67b0b77fb6882 554c1f3c2d19d2718716bf950f236674b58e58b192269b293735d67d3860d73c48224754ccd190ad3bdaa3c80410b382
CLIENT_HANDSHAKE_TRAFFIC_SECRET 9c759dcf5d8b9b00693b158a87500f2c21155fa04e4b5240a9a67b0b77fb6882 8d1c54322dcdd686e31d1db566941b87f99293584db3ecb03fa817c0dd78e36982a0963e39bc2235dae3a40fc2219266
SERVER_TRAFFIC_SECRET_0 9c759dcf5d8b9b00693b158a87500f2c21155fa04e4b5240a9a67b0b77fb6882 cc81e6ff2083e58d572782986697eff0f0fdc922e360a26ea673bffb7118ae8d8c0343a892f20a9766794211cdbeaa48
CLIENT_HANDSHAKE_TRAFFIC_SECRET 9c759dcf5d8b9b00693b158a87500f2c21155fa04e4b5240a9a67b0b77fb6882 8d1c54322dcdd686e31d1db566941b87f99293584db3ecb03fa817c0dd78e36982a0963e39bc2235dae3a40fc2219266
SERVER_HANDSHAKE_TRAFFIC_SECRET 9c759dcf5d8b9b00693b158a87500f2c21155fa04e4b5240a9a67b0b77fb6882 554c1f3c2d19d2718716bf950f236674b58e58b192269b293735d67d3860d73c48224754ccd190ad3bdaa3c80410b382
SERVER_TRAFFIC_SECRET_0 9c759dcf5d8b9b00693b158a87500f2c21155fa04e4b5240a9a67b0b77fb6882 cc81e6ff2083e58d572782986697eff0f0fdc922e360a26ea673bffb7118ae8d8c0343a892f20a9766794211cdbeaa48
EXPORTER_SECRET 9c759dcf5d8b9b00693b158a87500f2c21155fa04e4b5240a9a67b0b77fb6882 89d79f789303b1c0bdd8734d422d09945a54375658df5f239ffc6fb8e858139d96510ed66057a7becc70fbee978b6d4e
CLIENT_TRAFFIC_SECRET_0 9c759dcf5d8b9b00693b158a87500f2c21155fa04e4b5240a9a67b0b77fb6882 9772205da27613187894b3d0856b63a793bad5e74d6c7f6260a3972cc6f5cc4b205aa5d112201fed2690986f5b3cf617
SERVER_HANDSHAKE_TRAFFIC_SECRET c384bc20bd69b2d53d8d372bdf4d221b1da8b908eac266fb533dc438c72eb909 e4d8a3c70f9e25c8dd12ae38307f6d4fd904ad085de58f3c91628c6767f1bb095b62c2d56fce312c55253db0d319d3fd
CLIENT_HANDSHAKE_TRAFFIC_SECRET c384bc20bd69b2d53d8d372bdf4d221b1da8b908eac266fb533dc438c72eb909 0e124b8a3b33d07d17af30fe466bb2aede9494a608ceab09742a1e52a65f7acdd4363230bfafa0a90b1a565af4e9f734
SERVER_TRAFFIC_SECRET_0 c384bc20bd69b2d53d8d372bdf4d221b1da8b908eac266fb533dc438c72eb909 bdfc151b8416ff09ad51fadaec731bbc063276f5559d80fed111c3823d4d4b467e28b0cae146ef26c9df54432862b96c
CLIENT_HANDSHAKE_TRAFFIC_SECRET c384bc20bd69b2d53d8d372bdf4d221b1da8b908eac266fb533dc438c72eb909 0e124b8a3b33d07d17af30fe466bb2aede9494a608ceab09742a1e52a65f7acdd4363230bfafa0a90b1a565af4e9f734
SERVER_HANDSHAKE_TRAFFIC_SECRET c384bc20bd69b2d53d8d372bdf4d221b1da8b908eac266fb533dc438c72eb909 e4d8a3c70f9e25c8dd12ae38307f6d4fd904ad085de58f3c91628c6767f1bb095b62c2d56fce312c55253db0d319d3fd
SERVER_TRAFFIC_SECRET_0 c384bc20bd69b2d53d8d372bdf4d221b1da8b908eac266fb533dc438c72eb909 bdfc151b8416ff09ad51fadaec731bbc063276f5559d80fed111c3823d4d4b467e28b0cae146ef26c9df54432862b96c
EXPORTER_SECRET c384bc20bd69b2d53d8d372bdf4d221b1da8b908eac266fb533dc438c72eb909 5d1f5d867ac33bbd427e1b71315ad67ddd45408402694d13f65513bc79f6b071ab20f66114a3692608b5988da5320a51
CLIENT_TRAFFIC_SECRET_0 c384bc20bd69b2d53d8d372bdf4d221b1da8b908eac266fb533dc438c72eb909 df92211d7f98ff249862fb6fb638d8296b4ca62c68441c262c8066cf95c02b98582b5da3bc0301a7ce6f8d81225f9a92
SERVER_HANDSHAKE_TRAFFIC_SECRET f5f9ced477b06d13e2164522e55698f5b73428a58118cf0cd613df24c45c8974 29deededbc4ba10dc0a2925123fd6253e9e75d50d934fe8117de0f3e749d6b8eed17b4881bd3f53b1fed3cb73121c4f2
CLIENT_HANDSHAKE_TRAFFIC_SECRET f5f9ced477b06d13e2164522e55698f5b73428a58118cf0cd613df24c45c8974 a535a7cbf995da0b83f474f52c0a929a0d01fee8557164dd73da5d888b7ce6881c5a4605ebf8319e6b0d39a504c25902
SERVER_TRAFFIC_SECRET_0 f5f9ced477b06d13e2164522e55698f5b73428a58118cf0cd613df24c45c8974 70ed0cae3ce6a0d150fb8d18541b5810067609cd13eac4bc3acdce840a8d1d148cd346a571a81f44d81bb643681a3067
CLIENT_HANDSHAKE_TRAFFIC_SECRET f5f9ced477b06d13e2164522e55698f5b73428a58118cf0cd613df24c45c8974 a535a7cbf995da0b83f474f52c0a929a0d01fee8557164dd73da5d888b7ce6881c5a4605ebf8319e6b0d39a504c25902
SERVER_HANDSHAKE_TRAFFIC_SECRET f5f9ced477b06d13e2164522e55698f5b73428a58118cf0cd613df24c45c8974 29deededbc4ba10dc0a2925123fd6253e9e75d50d934fe8117de0f3e749d6b8eed17b4881bd3f53b1fed3cb73121c4f2
SERVER_TRAFFIC_SECRET_0 f5f9ced477b06d13e2164522e55698f5b73428a58118cf0cd613df24c45c8974 70ed0cae3ce6a0d150fb8d18541b5810067609cd13eac4bc3acdce840a8d1d148cd346a571a81f44d81bb643681a3067
EXPORTER_SECRET f5f9ced477b06d13e2164522e55698f5b73428a58118cf0cd613df24c45c8974 147d2f1c381f6a6f34912cad217080c0a3f253f1f7e40c16db512f29aff9b24bb2e387682482d29b4b6095920d87ec39
CLIENT_TRAFFIC_SECRET_0 f5f9ced477b06d13e2164522e55698f5b73428a58118cf0cd613df24c45c8974 0c2c6968ccf2b9218ee448c7fda694b8e59bfcd5770e8b081ffd8bc8e5ee6e58e67ef3a4fa9aeeac3545d489bd03eb2a
SERVER_HANDSHAKE_TRAFFIC_SECRET e24f2c521d54798fe0da77d60103202456630b2d04f97d800921a9670a43c47f 5c2cc5e1d2d7f6efc071a4df22b798af2db9fa9bdf55c03bdf4c15fe14abe5b124bff895e5e75117d35adf1fa9eca850
CLIENT_HANDSHAKE_TRAFFIC_SECRET e24f2c521d54798fe0da77d60103202456630b2d04f97d800921a9670a43c47f 462cad56985a9d869ffa2c9f01b3f8a82a2006c0be3aa5f1c24eae5a8ddd37b0f10fe0d6381aa37398b8dd439a630ae7
SERVER_TRAFFIC_SECRET_0 e24f2c521d54798fe0da77d60103202456630b2d04f97d800921a9670a43c47f 6a3b8e1d382cefa54f56251aadc9604f892fa442c8418395e27a424a7c50ae0e2a19ad09f494add35cf647c5fa5e6928
CLIENT_HANDSHAKE_TRAFFIC_SECRET e24f2c521d54798fe0da77d60103202456630b2d04f97d800921a9670a43c47f 462cad56985a9d869ffa2c9f01b3f8a82a2006c0be3aa5f1c24eae5a8ddd37b0f10fe0d6381aa37398b8dd439a630ae7
SERVER_HANDSHAKE_TRAFFIC_SECRET e24f2c521d54798fe0da77d60103202456630b2d04f97d800921a9670a43c47f 5c2cc5e1d2d7f6efc071a4df22b798af2db9fa9bdf55c03bdf4c15fe14abe5b124bff895e5e75117d35adf1fa9eca850
SERVER_TRAFFIC_SECRET_0 e24f2c521d54798fe0da77d60103202456630b2d04f97d800921a9670a43c47f 6a3b8e1d382cefa54f56251aadc9604f892fa442c8418395e27a424a7c50ae0e2a19ad09f494add35cf647c5fa5e6928
EXPORTER_SECRET e24f2c521d54798fe0da77d60103202456630b2d04f97d800921a9670a43c47f addead7865984fd6eda8fdc7a610ee848f5441cfeef3558a99635d9bc83434834fc3b6d192899109332a9c802807dc65
CLIENT_TRAFFIC_SECRET_0 e24f2c521d54798fe0da77d60103202456630b2d04f97d800921a9670a43c47f 6487550a07a92df928606beea49962be0127f1f4362bd0ad05056b61892a2c8cfefd0ae16893dbf415e803d12d864549
SERVER_HANDSHAKE_TRAFFIC_SECRET e8d3175991370329d910a06d1d04e5059e14c425bfd862581bc795ea69144b90 55015dca044f4205eafcb6e7cbe204a40d5a69805f5c3bc9114b8898c5a8ee38f5a6c8a37b9e0864408713bbd4979971
CLIENT_HANDSHAKE_TRAFFIC_SECRET e8d3175991370329d910a06d1d04e5059e14c425bfd862581bc795ea69144b90 1396c24ce2481a1d11f853230fb6eccd3b5f665d3f622c9d13c11ec25b344b027c337bb3047d5b19a839fe605a618b0e
SERVER_TRAFFIC_SECRET_0 e8d3175991370329d910a06d1d04e5059e14c425bfd862581bc795ea69144b90 6bc74b1b322e5cdb2a39f74953acfaf9f4f712481d9fcd6c22727e16a2c5e924f227229735d070bf98fe3c1966b7599a
CLIENT_HANDSHAKE_TRAFFIC_SECRET e8d3175991370329d910a06d1d04e5059e14c425bfd862581bc795ea69144b90 1396c24ce2481a1d11f853230fb6eccd3b5f665d3f622c9d13c11ec25b344b027c337bb3047d5b19a839fe605a618b0e
SERVER_HANDSHAKE_TRAFFIC_SECRET e8d3175991370329d910a06d1d04e5059e14c425bfd862581bc795ea69144b90 55015dca044f4205eafcb6e7cbe204a40d5a69805f5c3bc9114b8898c5a8ee38f5a6c8a37b9e0864408713bbd4979971
SERVER_TRAFFIC_SECRET_0 e8d3175991370329d910a06d1d04e5059e14c425bfd862581bc795ea69144b90 6bc74b1b322e5cdb2a39f74953acfaf9f4f712481d9fcd6c22727e16a2c5e924f227229735d070bf98fe3c1966b7599a
EXPORTER_SECRET e8d3175991370329d910a06d1d04e5059e14c425bfd862581bc795ea69144b90 4c7d017652d303afee025ed53a1d9c3ac317a3902cc63ea392f9c0aa065574c160bfc64ba5bc40d9dcf96ce4957bc2b2
CLIENT_TRAFFIC_SECRET_0 e8d3175991370329d910a06d1d04e5059e14c425bfd862581bc795ea69144b90 19ff7d921b4370284f18c107868cbc96fcb1c7661daf31ad6ff522a4010fccb1f88656d8faf3befe230043987ba3f62e
SERVER_HANDSHAKE_TRAFFIC_SECRET 51a29c579793a4afca5d7dfc8952d19db863f7e5b0bb27957ad026b28629cee2 d869b10f15d60588e91dea48b2097beb79652a2cfe67ce4cf068a00d9a6594b9860ccd3c54e0062dd2cafb0c59169baa
CLIENT_HANDSHAKE_TRAFFIC_SECRET 51a29c579793a4afca5d7dfc8952d19db863f7e5b0bb27957ad026b28629cee2 5095e6c1b9ee5ae1f870bc92de842d3318b19f7ce2ee3ef4d5f9bce8f8574e5233ebbe6f7fce81fecf99323da9d7c8e3
SERVER_TRAFFIC_SECRET_0 51a29c579793a4afca5d7dfc8952d19db863f7e5b0bb27957ad026b28629cee2 f159855c81407f313c477387efcd7e1664e7a329272caf5e38708d84db6e24d6ce4dd5fa80434ab26a02ec18e168c6a3
CLIENT_HANDSHAKE_TRAFFIC_SECRET 51a29c579793a4afca5d7dfc8952d19db863f7e5b0bb27957ad026b28629cee2 5095e6c1b9ee5ae1f870bc92de842d3318b19f7ce2ee3ef4d5f9bce8f8574e5233ebbe6f7fce81fecf99323da9d7c8e3
SERVER_HANDSHAKE_TRAFFIC_SECRET 51a29c579793a4afca5d7dfc8952d19db863f7e5b0bb27957ad026b28629cee2 d869b10f15d60588e91dea48b2097beb79652a2cfe67ce4cf068a00d9a6594b9860ccd3c54e0062dd2cafb0c59169baa
SERVER_TRAFFIC_SECRET_0 51a29c579793a4afca5d7dfc8952d19db863f7e5b0bb27957ad026b28629cee2 f159855c81407f313c477387efcd7e1664e7a329272caf5e38708d84db6e24d6ce4dd5fa80434ab26a02ec18e168c6a3
EXPORTER_SECRET 51a29c579793a4afca5d7dfc8952d19db863f7e5b0bb27957ad026b28629cee2 ecda91a3104d2650f495e3f56348042ecb606db3573cb2e4d6b56ee85548712fdcb054aa7d2e83abf6337503bc2cf086
CLIENT_TRAFFIC_SECRET_0 51a29c579793a4afca5d7dfc8952d19db863f7e5b0bb27957ad026b28629cee2 e7301a81cca7324d053d0bfe2cb1c317af7e660d2f81388b65d936046669cc1cdbde9d7eb54d81abba7eb23fb26c8ac7
SERVER_HANDSHAKE_TRAFFIC_SECRET 9235a1a26ed7d44b68c2b465bda6a1f3f3bf031c01b0db4b4e17f9e03827bcdc 2b1239afd7c84e52a8b5cf65dbab6df05dcd45e2064dd79c2d1504ec26d6f807516ae31b35c46a65a85cd8aa93a5930d
CLIENT_HANDSHAKE_TRAFFIC_SECRET 9235a1a26ed7d44b68c2b465bda6a1f3f3bf031c01b0db4b4e17f9e03827bcdc 44bf5c40cf79f0d2db44aa5634446dbd9ceff4a1dbc890c65c58a228589c1a1f2a0dc09be7e3d40b05efe62466a91657
SERVER_TRAFFIC_SECRET_0 9235a1a26ed7d44b68c2b465bda6a1f3f3bf031c01b0db4b4e17f9e03827bcdc 45af7a3cb29f9f05a3224fcae39837410db597e36406ef75f61eaf8cae5d3b47c393cf1893bb4117aa9e4c57cfa52d5e
CLIENT_HANDSHAKE_TRAFFIC_SECRET 9235a1a26ed7d44b68c2b465bda6a1f3f3bf031c01b0db4b4e17f9e03827bcdc 44bf5c40cf79f0d2db44aa5634446dbd9ceff4a1dbc890c65c58a228589c1a1f2a0dc09be7e3d40b05efe62466a91657
SERVER_HANDSHAKE_TRAFFIC_SECRET 9235a1a26ed7d44b68c2b465bda6a1f3f3bf031c01b0db4b4e17f9e03827bcdc 2b1239afd7c84e52a8b5cf65dbab6df05dcd45e2064dd79c2d1504ec26d6f807516ae31b35c46a65a85cd8aa93a5930d
SERVER_TRAFFIC_SECRET_0 9235a1a26ed7d44b68c2b465bda6a1f3f3bf031c01b0db4b4e17f9e03827bcdc 45af7a3cb29f9f05a3224fcae39837410db597e36406ef75f61eaf8cae5d3b47c393cf1893bb4117aa9e4c57cfa52d5e
EXPORTER_SECRET 9235a1a26ed7d44b68c2b465bda6a1f3f3bf031c01b0db4b4e17f9e03827bcdc c0512ce6fec3e33219c89991974512d90f430f6dfbaaacdd6653f9f7ebf3d3b824550e964736b145b48ff4dc54b8f56e
CLIENT_TRAFFIC_SECRET_0 9235a1a26ed7d44b68c2b465bda6a1f3f3bf031c01b0db4b4e17f9e03827bcdc 6d0065815453ad2d137fe3335ee87c037e0b5e15dbee3c8cf0104e1f7cd69cad94411bcfd5716576bda7c7b4b7826449
SERVER_HANDSHAKE_TRAFFIC_SECRET 27a543ccf3b53ac1c4e75245ec3d2662d9c2485d5b450c9f7e667c5591e0c9fe 307460fdce20b0bbf5f942c8b06450042dfc2cb4763d0bd7624f7e5c9a05493a4328d606d527aa49cd018da6c2243048
CLIENT_HANDSHAKE_TRAFFIC_SECRET 27a543ccf3b53ac1c4e75245ec3d2662d9c2485d5b450c9f7e667c5591e0c9fe d8d381d8454209c6e6217d0cafb1d2a8acb7b295eef530877bb412cae8c4ba57f246b206630e3e61bfb2e5999d759436
SERVER_TRAFFIC_SECRET_0 27a543ccf3b53ac1c4e75245ec3d2662d9c2485d5b450c9f7e667c5591e0c9fe e340d4042c2c7edad076eeddf1f4de2301cd0e4e0b0f9ae3d20e830ca33ea1b45271b2471da1beb31dcdcca3506f6e29
CLIENT_HANDSHAKE_TRAFFIC_SECRET 27a543ccf3b53ac1c4e75245ec3d2662d9c2485d5b450c9f7e667c5591e0c9fe d8d381d8454209c6e6217d0cafb1d2a8acb7b295eef530877bb412cae8c4ba57f246b206630e3e61bfb2e5999d759436
SERVER_HANDSHAKE_TRAFFIC_SECRET 27a543ccf3b53ac1c4e75245ec3d2662d9c2485d5b450c9f7e667c5591e0c9fe 307460fdce20b0bbf5f942c8b06450042dfc2cb4763d0bd7624f7e5c9a05493a4328d606d527aa49cd018da6c2243048
SERVER_TRAFFIC_SECRET_0 27a543ccf3b53ac1c4e75245ec3d2662d9c2485d5b450c9f7e667c5591e0c9fe e340d4042c2c7edad076eeddf1f4de2301cd0e4e0b0f9ae3d20e830ca33ea1b45271b2471da1beb31dcdcca3506f6e29
EXPORTER_SECRET 27a543ccf3b53ac1c4e75245ec3d2662d9c2485d5b450c9f7e667c5591e0c9fe 65a9fb25260ca16126097bde45b5ffd814be0d47ec455bf1c15f3f38190558cc0d62e9576093d413ea5dc3e0b71475ec
CLIENT_TRAFFIC_SECRET_0 27a543ccf3b53ac1c4e75245ec3d2662d9c2485d5b450c9f7e667c5591e0c9fe 0da16ebe2c368b8fab3509b152b3596d823fd4b2f3e398a32e2e57883d20aa27cf3980b0384b15dc266d9b3f02af3ba9
SERVER_HANDSHAKE_TRAFFIC_SECRET ef3307f4470af5c17ced37f75c4aad7acbf60e76f71df488528f1edb8c5467bd f3c78678ef574b1c86576bdb1a59f99423541a6a258289fc4bf562308a27bb8639a4fd3a1f9f0c2ca46d8c3b053a4555
CLIENT_HANDSHAKE_TRAFFIC_SECRET ef3307f4470af5c17ced37f75c4aad7acbf60e76f71df488528f1edb8c5467bd 08560adfc6d03eb53bbbe0d376b3fe5b910fbba39a7778d9e15146c7f4112117a6c58d7fb7db97683390f08827256140
SERVER_TRAFFIC_SECRET_0 ef3307f4470af5c17ced37f75c4aad7acbf60e76f71df488528f1edb8c5467bd 026f23003b44ee9a241bdb3d1c6c74d6054d04f038d0596af7b5b88b46e4e6fe7ebf21fc2a37f30e5fc6d340c08940cd
CLIENT_HANDSHAKE_TRAFFIC_SECRET ef3307f4470af5c17ced37f75c4aad7acbf60e76f71df488528f1edb8c5467bd 08560adfc6d03eb53bbbe0d376b3fe5b910fbba39a7778d9e15146c7f4112117a6c58d7fb7db97683390f08827256140
SERVER_HANDSHAKE_TRAFFIC_SECRET ef3307f4470af5c17ced37f75c4aad7acbf60e76f71df488528f1edb8c5467bd f3c78678ef574b1c86576bdb1a59f99423541a6a258289fc4bf562308a27bb8639a4fd3a1f9f0c2ca46d8c3b053a4555
SERVER_TRAFFIC_SECRET_0 ef3307f4470af5c17ced37f75c4aad7acbf60e76f71df488528f1edb8c5467bd 026f23003b44ee9a241bdb3d1c6c74d6054d04f038d0596af7b5b88b46e4e6fe7ebf21fc2a37f30e5fc6d340c08940cd
EXPORTER_SECRET ef3307f4470af5c17ced37f75c4aad7acbf60e76f71df488528f1edb8c5467bd 2854051da067945e0553ec7bd07f5c9a4246d4abe2522c6f3655fb8328b2fe959b848da6479d353732cca9c663638dbb
CLIENT_TRAFFIC_SECRET_0 ef3307f4470af5c17ced37f75c4aad7acbf60e76f71df488528f1edb8c5467bd 2aee9264f1e16d232770dea5d394336e76964c606000f6375eaf23587f2b7bbe0c04c6a06cabd94b0c6b24031c2eadc8
SERVER_HANDSHAKE_TRAFFIC_SECRET 11c161ef9c3c0e7bb8412daca5b85f05df1a0942bfa18b45522fc73058d443ca 98f8f6fe2e5b0693ae362600a1e3587ea544daed707d9ca50a42d1836fe50dc33f73cc9a916cfb8e67b167ad38d8c0bf
CLIENT_HANDSHAKE_TRAFFIC_SECRET 11c161ef9c3c0e7bb8412daca5b85f05df1a0942bfa18b45522fc73058d443ca 6ba9eb7e9649c83a85d7c804eba6ba5e2030aeb9fc985b202a035766dde2865d374c9ae0ce4d2abe9cfc2fff7bbc95b7
SERVER_TRAFFIC_SECRET_0 11c161ef9c3c0e7bb8412daca5b85f05df1a0942bfa18b45522fc73058d443ca 7b6486735b3b35591a9a3414c8fc5774717d34ad87e06bc27d9700c46f369b9e32a9ab2e87220dfb70e101b3897123df
CLIENT_HANDSHAKE_TRAFFIC_SECRET 11c161ef9c3c0e7bb8412daca5b85f05df1a0942bfa18b45522fc73058d443ca 6ba9eb7e9649c83a85d7c804eba6ba5e2030aeb9fc985b202a035766dde2865d374c9ae0ce4d2abe9cfc2fff7bbc95b7
SERVER_HANDSHAKE_TRAFFIC_SECRET 11c161ef9c3c0e7bb8412daca5b85f05df1a0942bfa18b45522fc73058d443ca 98f8f6fe2e5b0693ae362600a1e3587ea544daed707d9ca50a42d1836fe50dc33f73cc9a916cfb8e67b167ad38d8c0bf
SERVER_TRAFFIC_SECRET_0 11c161ef9c3c0e7bb8412daca5b85f05df1a0942bfa18b45522fc73058d443ca 7b6486735b3b35591a9a3414c8fc5774717d34ad87e06bc27d9700c46f369b9e32a9ab2e87220dfb70e101b3897123df
EXPORTER_SECRET 11c161ef9c3c0e7bb8412daca5b85f05df1a0942bfa18b45522fc73058d443ca 0f5a96449290823ac1080a017eabe93035677f45a6018e697fa74a4b2f088bc0f329ce10118dfa22b5d5a1c9a5669c3b
CLIENT_TRAFFIC_SECRET_0 11c161ef9c3c0e7bb8412daca5b85f05df1a0942bfa18b45522fc73058d443ca 7d414c26b6f69eb706c26c13296860d9fa862413dfa0c21fa452da67eca463df35df0ac7f2e541b6628dba4be4b54cef
SERVER_HANDSHAKE_TRAFFIC_SECRET 3ced031c10c197adf2919d1bfe7f2dfcd2364368787e3f79920c4cb1ceab6be5 5b74bf3e69ad0979c0bb8eb03471231969fe9e5dc71474960af38c840c8efa4aebb74c9454431066cf6947ce80bf5b37
CLIENT_HANDSHAKE_TRAFFIC_SECRET 3ced031c10c197adf2919d1bfe7f2dfcd2364368787e3f79920c4cb1ceab6be5 08b247e27dfc16a748fa050ea6d80ae09b973548d4321ed00b1dac4d84a568a00f61f2490c7c9ef70fec0fadf31459a3
SERVER_TRAFFIC_SECRET_0 3ced031c10c197adf2919d1bfe7f2dfcd2364368787e3f79920c4cb1ceab6be5 50575d738e607f93a75edc141b0e7991d7899df25c665467f66e4139ce679bc8ec0d9ab76e8581e000c52cf5df5c77e2
CLIENT_HANDSHAKE_TRAFFIC_SECRET 3ced031c10c197adf2919d1bfe7f2dfcd2364368787e3f79920c4cb1ceab6be5 08b247e27dfc16a748fa050ea6d80ae09b973548d4321ed00b1dac4d84a568a00f61f2490c7c9ef70fec0fadf31459a3
SERVER_HANDSHAKE_TRAFFIC_SECRET 3ced031c10c197adf2919d1bfe7f2dfcd2364368787e3f79920c4cb1ceab6be5 5b74bf3e69ad0979c0bb8eb03471231969fe9e5dc71474960af38c840c8efa4aebb74c9454431066cf6947ce80bf5b37
SERVER_TRAFFIC_SECRET_0 3ced031c10c197adf2919d1bfe7f2dfcd2364368787e3f79920c4cb1ceab6be5 50575d738e607f93a75edc141b0e7991d7899df25c665467f66e4139ce679bc8ec0d9ab76e8581e000c52cf5df5c77e2
EXPORTER_SECRET 3ced031c10c197adf2919d1bfe7f2dfcd2364368787e3f79920c4cb1ceab6be5 fa123ca83c906348983e620b4038d4f3fdf3c7a44dd34f7387b99b33a605da5a97ceb7a5d9f6af1ccf0b5709d3935bd3
CLIENT_TRAFFIC_SECRET_0 3ced031c10c197adf2919d1bfe7f2dfcd2364368787e3f79920c4cb1ceab6be5 6a7f4e1423a799bb9b5813ef63ae7d39fc099476fd9e2bc52afb18cc98d541183b84a04bb57f62a3a16bf54be63b48a2
SERVER_HANDSHAKE_TRAFFIC_SECRET daca5b68c6d5f10660f6575d24a3cef5d1dceae9bd2d89eaa447065b76455d40 1ca943f27fbf427accbe084f90cb7b4903affcf28c2b80f34d9698fb2e213b1805361af821c603523d669e86358b618e
CLIENT_HANDSHAKE_TRAFFIC_SECRET daca5b68c6d5f10660f6575d24a3cef5d1dceae9bd2d89eaa447065b76455d40 66db22119d0e70eaed1f51303bbe756466cbba3b83e0eb887210cf70764de77dc06578a27fbd8b02e0d5f8cac21ac2ce
SERVER_TRAFFIC_SECRET_0 daca5b68c6d5f10660f6575d24a3cef5d1dceae9bd2d89eaa447065b76455d40 fd43e4b7de0772ad891adb54ce358c6a48790bb5f8cd7cd17250bc1cd171048ffbc702e4eb15beadaf43a09f875b34a5
CLIENT_HANDSHAKE_TRAFFIC_SECRET daca5b68c6d5f10660f6575d24a3cef5d1dceae9bd2d89eaa447065b76455d40 66db22119d0e70eaed1f51303bbe756466cbba3b83e0eb887210cf70764de77dc06578a27fbd8b02e0d5f8cac21ac2ce
SERVER_HANDSHAKE_TRAFFIC_SECRET daca5b68c6d5f10660f6575d24a3cef5d1dceae9bd2d89eaa447065b76455d40 1ca943f27fbf427accbe084f90cb7b4903affcf28c2b80f34d9698fb2e213b1805361af821c603523d669e86358b618e
SERVER_TRAFFIC_SECRET_0 daca5b68c6d5f10660f6575d24a3cef5d1dceae9bd2d89eaa447065b76455d40 fd43e4b7de0772ad891adb54ce358c6a48790bb5f8cd7cd17250bc1cd171048ffbc702e4eb15beadaf43a09f875b34a5
EXPORTER_SECRET daca5b68c6d5f10660f6575d24a3cef5d1dceae9bd2d89eaa447065b76455d40 514cb23175f9862d26b671358b1f6636584fc1601a400ad647489ffcdd93fd9bf69fb68016b4af6a5e849bd02771ba15
CLIENT_TRAFFIC_SECRET_0 daca5b68c6d5f10660f6575d24a3cef5d1dceae9bd2d89eaa447065b76455d40 2a2615d4c99dd6f21aa4b10c8b5fbe1e6807bfe20ef86dc910f7f9bc9114b667dcdfadf3e2269f795236baf13d580cc4
SERVER_HANDSHAKE_TRAFFIC_SECRET 746f7e194b62dca32c6ba3f64bf48a74c04e00fcebda24fe0326489cbcffd444 ec8ccd093bca19d946b404705f9ec54a737e4bda5820d583046a3acfacfd9eae227bbda5f8e4f3f0f8a903ff0b2f49da
CLIENT_HANDSHAKE_TRAFFIC_SECRET 746f7e194b62dca32c6ba3f64bf48a74c04e00fcebda24fe0326489cbcffd444 f56ed775406673c78da61813a5e643eb35e744de4e9ac83517bece6a73bb01fda6b483c06133f506a7ccb4f795b64d07
SERVER_TRAFFIC_SECRET_0 746f7e194b62dca32c6ba3f64bf48a74c04e00fcebda24fe0326489cbcffd444 81334d8ce8b57987cc540e18b7cfc68f88e15550de0d74fe81e1328708ab5136f549a2b8d214c4e6fe88491c01d1f9d5
CLIENT_HANDSHAKE_TRAFFIC_SECRET 746f7e194b62dca32c6ba3f64bf48a74c04e00fcebda24fe0326489cbcffd444 f56ed775406673c78da61813a5e643eb35e744de4e9ac83517bece6a73bb01fda6b483c06133f506a7ccb4f795b64d07
SERVER_HANDSHAKE_TRAFFIC_SECRET 746f7e194b62dca32c6ba3f64bf48a74c04e00fcebda24fe0326489cbcffd444 ec8ccd093bca19d946b404705f9ec54a737e4bda5820d583046a3acfacfd9eae227bbda5f8e4f3f0f8a903ff0b2f49da
SERVER_TRAFFIC_SECRET_0 746f7e194b62dca32c6ba3f64bf48a74c04e00fcebda24fe0326489cbcffd444 81334d8ce8b57987cc540e18b7cfc68f88e15550de0d74fe81e1328708ab5136f549a2b8d214c4e6fe88491c01d1f9d5
EXPORTER_SECRET 746f7e194b62dca32c6ba3f64bf48a74c04e00fcebda24fe0326489cbcffd444 3cf71388601cbde00f24d03d8ae5a3d799ad317d28e7f2e08a0df59e0d48c7c788ddc05dcf2bffe48682dbccacda0295
CLIENT_TRAFFIC_SECRET_0 746f7e194b62dca32c6ba3f64bf48a74c04e00fcebda24fe0326489cbcffd444 6af8e44c929898b830c8ae2628cbae4c73ec2317127da00ad6576c22470c41f3ae131a169c320705140cfd95775f0cfd
SERVER_HANDSHAKE_TRAFFIC_SECRET 97be5b33de258cbca9f31e20fe2ccd6d241160631adb2850ac884313c73f1ed5 de6498cd1f42f13ef98edd6e30568130e6c5980d54d686182cacef187dfd31693485dc77afc17c8560b1d7e1bcb0598b
CLIENT_HANDSHAKE_TRAFFIC_SECRET 97be5b33de258cbca9f31e20fe2ccd6d241160631adb2850ac884313c73f1ed5 16255dca60e912cffa77430e58c31a9f8da42a7107d956985c8741de24e0c75c3bf6990ee483930c79a31f6f164befa3
SERVER_TRAFFIC_SECRET_0 97be5b33de258cbca9f31e20fe2ccd6d241160631adb2850ac884313c73f1ed5 dc3b6cc9a46774b77ce84c645b7e48a5d193d21a884828e6dc116dbe62175c3362de623926443572403044edbb88de31
CLIENT_HANDSHAKE_TRAFFIC_SECRET 97be5b33de258cbca9f31e20fe2ccd6d241160631adb2850ac884313c73f1ed5 16255dca60e912cffa77430e58c31a9f8da42a7107d956985c8741de24e0c75c3bf6990ee483930c79a31f6f164befa3
SERVER_HANDSHAKE_TRAFFIC_SECRET 97be5b33de258cbca9f31e20fe2ccd6d241160631adb2850ac884313c73f1ed5 de6498cd1f42f13ef98edd6e30568130e6c5980d54d686182cacef187dfd31693485dc77afc17c8560b1d7e1bcb0598b
SERVER_TRAFFIC_SECRET_0 97be5b33de258cbca9f31e20fe2ccd6d241160631adb2850ac884313c73f1ed5 dc3b6cc9a46774b77ce84c645b7e48a5d193d21a884828e6dc116dbe62175c3362de623926443572403044edbb88de31
EXPORTER_SECRET 97be5b33de258cbca9f31e20fe2ccd6d241160631adb2850ac884313c73f1ed5 bc91248bb77a11cd14bd238d1a5650d2e8f7af2d10944f15c551a37a2cf198ccf2ce054df27c187d94f798dd2cca2e1a
CLIENT_TRAFFIC_SECRET_0 97be5b33de258cbca9f31e20fe2ccd6d241160631adb2850ac884313c73f1ed5 d663a8fbe0bf1ca07aab0c7526812f144a0896334537bb20d81c3c211e3e89f4d943ded270e5e94dbd6ee27bcc6a7852
SERVER_HANDSHAKE_TRAFFIC_SECRET 2fcb2d4dc66434e5664582e665e62c4e00108e28b1d8d255f1041c4a0aa88098 22991c9da2df9d76b0055aaee328b5c07dd68dacc0d29439a8c5b3d3656facc1845e7dbe41e0465cbce8cafd6ea98bf4
CLIENT_HANDSHAKE_TRAFFIC_SECRET 2fcb2d4dc66434e5664582e665e62c4e00108e28b1d8d255f1041c4a0aa88098 99d7aae43d0b9fb7e13bc58d17e3bf14cfc5521f476326d44349e704ab01e7448b0d2d89ad8a43f00b117ea330e220cf
SERVER_TRAFFIC_SECRET_0 2fcb2d4dc66434e5664582e665e62c4e00108e28b1d8d255f1041c4a0aa88098 c08389de582cfde0a6ef9af6f4d018921587f5e635e792b1049eaacf625a87e91897611d80f1db431b0c678aa0d08618
CLIENT_HANDSHAKE_TRAFFIC_SECRET 2fcb2d4dc66434e5664582e665e62c4e00108e28b1d8d255f1041c4a0aa88098 99d7aae43d0b9fb7e13bc58d17e3bf14cfc5521f476326d44349e704ab01e7448b0d2d89ad8a43f00b117ea330e220cf
SERVER_HANDSHAKE_TRAFFIC_SECRET 2fcb2d4dc66434e5664582e665e62c4e00108e28b1d8d255f1041c4a0aa88098 22991c9da2df9d76b0055aaee328b5c07dd68dacc0d29439a8c5b3d3656facc1845e7dbe41e0465cbce8cafd6ea98bf4
SERVER_TRAFFIC_SECRET_0 2fcb2d4dc66434e5664582e665e62c4e00108e28b1d8d255f1041c4a0aa88098 c08389de582cfde0a6ef9af6f4d018921587f5e635e792b1049eaacf625a87e91897611d80f1db431b0c678aa0d08618
EXPORTER_SECRET 2fcb2d4dc66434e5664582e665e62c4e00108e28b1d8d255f1041c4a0aa88098 d75a33b62e1ec69b514a642d6e06059fa0777e14e0d9573f4b89799363fb5802c99ead56a7710d4f9feccd0edbd4eaf4
CLIENT_TRAFFIC_SECRET_0 2fcb2d4dc66434e5664582e665e62c4e00108e28b1d8d255f1041c4a0aa88098 fe05569df998d9896aae174b601a8efd5c493c4e524a38f898eaaa29121187f9f34b8a7356fa4731c3fa7dde8b6c578c
SERVER_HANDSHAKE_TRAFFIC_SECRET b62d147c4fbafb2c85ec9a031177b1372dad1ea3e4eb20cb450842c7ba967de5 08a33811a6d48bc05e4a8eed7084612d4b201469d16fe265cda5f8ee44e1e5b00e874fcaa3244f1d7228ce7af884d792
CLIENT_HANDSHAKE_TRAFFIC_SECRET b62d147c4fbafb2c85ec9a031177b1372dad1ea3e4eb20cb450842c7ba967de5 137d6f8848c0a7a576ec0edef7a66eea7f5b0d417784aec4731a500ba3993940c816204977ccf055b83df89a74482bb0
SERVER_TRAFFIC_SECRET_0 b62d147c4fbafb2c85ec9a031177b1372dad1ea3e4eb20cb450842c7ba967de5 c09ab04a2d1fc1ac1ab7d61d6f6ab3f6b622055d9798820013af94f7e80a0c33b26c69b616ef9232819bfa3e9570c394
CLIENT_HANDSHAKE_TRAFFIC_SECRET b62d147c4fbafb2c85ec9a031177b1372dad1ea3e4eb20cb450842c7ba967de5 137d6f8848c0a7a576ec0edef7a66eea7f5b0d417784aec4731a500ba3993940c816204977ccf055b83df89a74482bb0
SERVER_HANDSHAKE_TRAFFIC_SECRET b62d147c4fbafb2c85ec9a031177b1372dad1ea3e4eb20cb450842c7ba967de5 08a33811a6d48bc05e4a8eed7084612d4b201469d16fe265cda5f8ee44e1e5b00e874fcaa3244f1d7228ce7af884d792
SERVER_TRAFFIC_SECRET_0 b62d147c4fbafb2c85ec9a031177b1372dad1ea3e4eb20cb450842c7ba967de5 c09ab04a2d1fc1ac1ab7d61d6f6ab3f6b622055d9798820013af94f7e80a0c33b26c69b616ef9232819bfa3e9570c394
EXPORTER_SECRET b62d147c4fbafb2c85ec9a031177b1372dad1ea3e4eb20cb450842c7ba967de5 7c2df9fe9b514713c8fd435e38a0175fa7e5bc70b59ad88f1b24e3fc5f1b754305dea95975a9c01baa58a9adb4ac06db
CLIENT_TRAFFIC_SECRET_0 b62d147c4fbafb2c85ec9a031177b1372dad1ea3e4eb20cb450842c7ba967de5 c26d3d9d8a8a935686310c0cf4bb63129c5797fbf862bf82f79d34b830a1587470d1c2f155aff2ceca17fe57b9f447a8
SERVER_HANDSHAKE_TRAFFIC_SECRET a71d9ba6dbe7790241d3703d39844c420fbcbea19c855e491b9a7e1d4f352fcb fa06f39bd1996957b1809985ab8ac6c367726616b8fd56add353c9894efb1007f8a4da250f8ae38de0a23b8a9537f5a8
CLIENT_HANDSHAKE_TRAFFIC_SECRET a71d9ba6dbe7790241d3703d39844c420fbcbea19c855e491b9a7e1d4f352fcb 589fb786a966cd31fad4c3884c384fd53ff25f595115915027c8e5545439256dc134b43938eb2a5c92f548bcdc11ccf7
SERVER_TRAFFIC_SECRET_0 a71d9ba6dbe7790241d3703d39844c420fbcbea19c855e491b9a7e1d4f352fcb ebd05ef8cf2008b20c0d84d3d6593252d64ddd62e7780321d59b2836ac5e2ab5ce85e09519fc92c77cf1a5d6591d4cfb
CLIENT_HANDSHAKE_TRAFFIC_SECRET a71d9ba6dbe7790241d3703d39844c420fbcbea19c855e491b9a7e1d4f352fcb 589fb786a966cd31fad4c3884c384fd53ff25f595115915027c8e5545439256dc134b43938eb2a5c92f548bcdc11ccf7
SERVER_HANDSHAKE_TRAFFIC_SECRET a71d9ba6dbe7790241d3703d39844c420fbcbea19c855e491b9a7e1d4f352fcb fa06f39bd1996957b1809985ab8ac6c367726616b8fd56add353c9894efb1007f8a4da250f8ae38de0a23b8a9537f5a8
SERVER_TRAFFIC_SECRET_0 a71d9ba6dbe7790241d3703d39844c420fbcbea19c855e491b9a7e1d4f352fcb ebd05ef8cf2008b20c0d84d3d6593252d64ddd62e7780321d59b2836ac5e2ab5ce85e09519fc92c77cf1a5d6591d4cfb
EXPORTER_SECRET a71d9ba6dbe7790241d3703d39844c420fbcbea19c855e491b9a7e1d4f352fcb 529f7f3c76e1aef6de562522373fd55637a44ea7a9666d3c6545f0c39a46890c9a5374aa205eb76751c8930ebd67aa4b
CLIENT_TRAFFIC_SECRET_0 a71d9ba6dbe7790241d3703d39844c420fbcbea19c855e491b9a7e1d4f352fcb a11a553f950b25baafda6a08ae540733fdca06bb5eecae8cb71b237d97dc140dc78162d1a08b8266f18bc70101f7f896
SERVER_HANDSHAKE_TRAFFIC_SECRET 77ee41a7cd290ed68ccaa5b9ec18c6060d05413858382c5f941763842d87dca1 ce252c2ba06f71910995dd68e5add73a056646e41082f8c81309f5279bcc875f8665e1d0e6a4957a434621a2af99ee8e
CLIENT_HANDSHAKE_TRAFFIC_SECRET 77ee41a7cd290ed68ccaa5b9ec18c6060d05413858382c5f941763842d87dca1 f5ea31ca2d3606e121f5710525f9435397f10e477f7b07ee461e2375bdee963b80be3f01acd3fe534058bd211a81e8ed
SERVER_TRAFFIC_SECRET_0 77ee41a7cd290ed68ccaa5b9ec18c6060d05413858382c5f941763842d87dca1 8756bfdc231826d8477feb5328e16b92af6f2c49ed1e6a6e3617116ff89bad173c5a81cb86a68571711e84172ac6ed2f
CLIENT_HANDSHAKE_TRAFFIC_SECRET 77ee41a7cd290ed68ccaa5b9ec18c6060d05413858382c5f941763842d87dca1 f5ea31ca2d3606e121f5710525f9435397f10e477f7b07ee461e2375bdee963b80be3f01acd3fe534058bd211a81e8ed
SERVER_HANDSHAKE_TRAFFIC_SECRET 77ee41a7cd290ed68ccaa5b9ec18c6060d05413858382c5f941763842d87dca1 ce252c2ba06f71910995dd68e5add73a056646e41082f8c81309f5279bcc875f8665e1d0e6a4957a434621a2af99ee8e
SERVER_TRAFFIC_SECRET_0 77ee41a7cd290ed68ccaa5b9ec18c6060d05413858382c5f941763842d87dca1 8756bfdc231826d8477feb5328e16b92af6f2c49ed1e6a6e3617116ff89bad173c5a81cb86a68571711e84172ac6ed2f
EXPORTER_SECRET 77ee41a7cd290ed68ccaa5b9ec18c6060d05413858382c5f941763842d87dca1 afbfbbeede2c2f3c4483f6eb6d4a9bc855736b02b390bbbb15ac5b12d7378cd91b5f4e14cfa3ce21ab69751bb88770c2
CLIENT_TRAFFIC_SECRET_0 77ee41a7cd290ed68ccaa5b9ec18c6060d05413858382c5f941763842d87dca1 091115bdc51b703d4b70f49d49f374d66c8448e0fff48ce4830acaed0f4476dd0d5f311960a45d73973d28a3ebb949df
SERVER_HANDSHAKE_TRAFFIC_SECRET 3c6bcbf4556908d6028bf0fb2b656564ef8e730b0ac26e5b815d628889ea042e 3708a4d259672854c00ddde9848542a69aa58735bc5030c4c955d01b362dc5f7323aa2909b4511440f10bf07ceb18691
CLIENT_HANDSHAKE_TRAFFIC_SECRET 3c6bcbf4556908d6028bf0fb2b656564ef8e730b0ac26e5b815d628889ea042e e614321df11533104f0ef6c3d21e3c49d05de75a9e0fc7f574f7284c2ad40c623417522f9aab1cbd6f85953f0737fb71
SERVER_TRAFFIC_SECRET_0 3c6bcbf4556908d6028bf0fb2b656564ef8e730b0ac26e5b815d628889ea042e 5462e50f0459e59491e19a2a80f01c72f33ee909c13f1e1594860b41237e6825030e06780e9f659a29b1d855d6ce0e74
CLIENT_HANDSHAKE_TRAFFIC_SECRET 3c6bcbf4556908d6028bf0fb2b656564ef8e730b0ac26e5b815d628889ea042e e614321df11533104f0ef6c3d21e3c49d05de75a9e0fc7f574f7284c2ad40c623417522f9aab1cbd6f85953f0737fb71
SERVER_HANDSHAKE_TRAFFIC_SECRET 3c6bcbf4556908d6028bf0fb2b656564ef8e730b0ac26e5b815d628889ea042e 3708a4d259672854c00ddde9848542a69aa58735bc5030c4c955d01b362dc5f7323aa2909b4511440f10bf07ceb18691
SERVER_TRAFFIC_SECRET_0 3c6bcbf4556908d6028bf0fb2b656564ef8e730b0ac26e5b815d628889ea042e 5462e50f0459e59491e19a2a80f01c72f33ee909c13f1e1594860b41237e6825030e06780e9f659a29b1d855d6ce0e74
EXPORTER_SECRET 3c6bcbf4556908d6028bf0fb2b656564ef8e730b0ac26e5b815d628889ea042e 83dcbb6f6f9294a33bd646d3449f57f27ace3d7eb73ffafa6af5fecf18da78721313c96e90dd828ccb2d89cd81218422
CLIENT_TRAFFIC_SECRET_0 3c6bcbf4556908d6028bf0fb2b656564ef8e730b0ac26e5b815d628889ea042e 51734f71d947c698514fcda5501fe34161c665137faff6c3fcf0c12189a16804527c7d3a8449ee9574d3e368815184d7
SERVER_HANDSHAKE_TRAFFIC_SECRET 670f7ceeb9c749ce7e29f4749f804b757e1c68bf06323ad20fadefcb842eca13 2f97f67e911677e6c6cf4940dd6206c50e6d25a735ca3df65179e80e6d4360dfc6bb5b186a1d3520de4c94b9226f9067
CLIENT_HANDSHAKE_TRAFFIC_SECRET 670f7ceeb9c749ce7e29f4749f804b757e1c68bf06323ad20fadefcb842eca13 6198bc898d29b145cf8cbe53f94985ec67a13b4c94039fa8216f84c6eafed38d2382abae082fc3f15baa54f901b28703
SERVER_TRAFFIC_SECRET_0 670f7ceeb9c749ce7e29f4749f804b757e1c68bf06323ad20fadefcb842eca13 a9520883e4068a1d5e6959d8100f8bcdd74c5ac1714496e3299420e996a66905574d082447021d1d583e78abbd56f051
CLIENT_HANDSHAKE_TRAFFIC_SECRET 670f7ceeb9c749ce7e29f4749f804b757e1c68bf06323ad20fadefcb842eca13 6198bc898d29b145cf8cbe53f94985ec67a13b4c94039fa8216f84c6eafed38d2382abae082fc3f15baa54f901b28703
SERVER_HANDSHAKE_TRAFFIC_SECRET 670f7ceeb9c749ce7e29f4749f804b757e1c68bf06323ad20fadefcb842eca13 2f97f67e911677e6c6cf4940dd6206c50e6d25a735ca3df65179e80e6d4360dfc6bb5b186a1d3520de4c94b9226f9067
SERVER_TRAFFIC_SECRET_0 670f7ceeb9c749ce7e29f4749f804b757e1c68bf06323ad20fadefcb842eca13 a9520883e4068a1d5e6959d8100f8bcdd74c5ac1714496e3299420e996a66905574d082447021d1d583e78abbd56f051
EXPORTER_SECRET 670f7ceeb9c749ce7e29f4749f804b757e1c68bf06323ad20fadefcb842eca13 3b12da733a3b97ccb4a6ef3bd3490fbe1c05653a32e19f4dab5a6483a24a4b3a1c6f964307059dfc3d600f985c4f3bf7
CLIENT_TRAFFIC_SECRET_0 670f7ceeb9c749ce7e29f4749f804b757e1c68bf06323ad20fadefcb842eca13 1c8ae93964832c4a10c36e8e58932941eb5edf42beb6c4175ed79a22f379698b39f4e5cdcf0a54d9aaa1fabb9268598a
SERVER_HANDSHAKE_TRAFFIC_SECRET 10259fbd13c9d3dba664a252e5fe453352ad631d52f002ccd13641b4376d71d2 80e9ae76fa96a973f7e369089a4bfac1de375852f0d214e81f9d6df151bff68848e8e764632f13e14b99f08cf7cee1cc
CLIENT_HANDSHAKE_TRAFFIC_SECRET 10259fbd13c9d3dba664a252e5fe453352ad631d52f002ccd13641b4376d71d2 d087b932a8ff87a55ecf32e3ef571aab6617ccf37ef467e0794e3633274f647f52127c3737c347d33c66392b387e81f0
SERVER_TRAFFIC_SECRET_0 10259fbd13c9d3dba664a252e5fe453352ad631d52f002ccd13641b4376d71d2 271413c7dba40dd4c5fb2ca009114378b2a6066eac3b2eed231aaf77c8704b7287b1ee901c1db7370f1fd245a6d9513f
CLIENT_HANDSHAKE_TRAFFIC_SECRET 10259fbd13c9d3dba664a252e5fe453352ad631d52f002ccd13641b4376d71d2 d087b932a8ff87a55ecf32e3ef571aab6617ccf37ef467e0794e3633274f647f52127c3737c347d33c66392b387e81f0
SERVER_HANDSHAKE_TRAFFIC_SECRET 10259fbd13c9d3dba664a252e5fe453352ad631d52f002ccd13641b4376d71d2 80e9ae76fa96a973f7e369089a4bfac1de375852f0d214e81f9d6df151bff68848e8e764632f13e14b99f08cf7cee1cc
SERVER_TRAFFIC_SECRET_0 10259fbd13c9d3dba664a252e5fe453352ad631d52f002ccd13641b4376d71d2 271413c7dba40dd4c5fb2ca009114378b2a6066eac3b2eed231aaf77c8704b7287b1ee901c1db7370f1fd245a6d9513f
EXPORTER_SECRET 10259fbd13c9d3dba664a252e5fe453352ad631d52f002ccd13641b4376d71d2 38862a21c04cda5b1c89f227a2aa85b74051daab0166efd41667d77919cc2bd81a7ec9b8cdb0fe280b85a2d029e501c9
CLIENT_TRAFFIC_SECRET_0 10259fbd13c9d3dba664a252e5fe453352ad631d52f002ccd13641b4376d71d2 c8a87f3267e1b52d875f63c94908b46d921c4eef2cd27d20c08620e32e584276c3c27e966e9a8e992303a2f8d1730078
SERVER_HANDSHAKE_TRAFFIC_SECRET 46996ff91fbf3e8784182ea12c3b69a84b90c1bb06071b2c1bd5bc48a45ea7e9 7229c23f87cfb8410e80e5e68454a32998d9d4572e0d245362c2d1f5f12c694973ae7bb79bfc39ec83cf8df2e4301f09
CLIENT_HANDSHAKE_TRAFFIC_SECRET 46996ff91fbf3e8784182ea12c3b69a84b90c1bb06071b2c1bd5bc48a45ea7e9 dac28db717c81cdaae80bfe364cbd86378bd864fd784349e00b0a99c04718aeb42f1d0ce269368517b846d1fe976f536
SERVER_TRAFFIC_SECRET_0 46996ff91fbf3e8784182ea12c3b69a84b90c1bb06071b2c1bd5bc48a45ea7e9 5b0029557858b6ac801b5df069e61d220767a208d1fcf2b532cba00becc08bc0304d23c5ee2c5f218851db7a79e0dfaf
CLIENT_HANDSHAKE_TRAFFIC_SECRET 46996ff91fbf3e8784182ea12c3b69a84b90c1bb06071b2c1bd5bc48a45ea7e9 dac28db717c81cdaae80bfe364cbd86378bd864fd784349e00b0a99c04718aeb42f1d0ce269368517b846d1fe976f536
SERVER_HANDSHAKE_TRAFFIC_SECRET 46996ff91fbf3e8784182ea12c3b69a84b90c1bb06071b2c1bd5bc48a45ea7e9 7229c23f87cfb8410e80e5e68454a32998d9d4572e0d245362c2d1f5f12c694973ae7bb79bfc39ec83cf8df2e4301f09
SERVER_TRAFFIC_SECRET_0 46996ff91fbf3e8784182ea12c3b69a84b90c1bb06071b2c1bd5bc48a45ea7e9 5b0029557858b6ac801b5df069e61d220767a208d1fcf2b532cba00becc08bc0304d23c5ee2c5f218851db7a79e0dfaf
EXPORTER_SECRET 46996ff91fbf3e8784182ea12c3b69a84b90c1bb06071b2c1bd5bc48a45ea7e9 9f69531eb65eee05c25cb8c62710e2de6d18679f08f0e2d413a282324a6436dcb7f3e8ed2195460abb7700459b0ccc32
CLIENT_TRAFFIC_SECRET_0 46996ff91fbf3e8784182ea12c3b69a84b90c1bb06071b2c1bd5bc48a45ea7e9 b89297f81af82640dfed6f68e419fde968609b08f860bb9c4ea7c513b6b4a6d9f1eb99fff93549f03100b92ff85cde59
SERVER_HANDSHAKE_TRAFFIC_SECRET 7cab1e593e732313a0f52a31023a56572f209224ef5ff509a156c63b3d66f9a7 ce85af0dfe5178bf2852cb9bdaac4dca359761411a13bfe4e95355df4b4ac0141867951a61c804c852fbcdbd6d96c0a9
CLIENT_HANDSHAKE_TRAFFIC_SECRET 7cab1e593e732313a0f52a31023a56572f209224ef5ff509a156c63b3d66f9a7 cb33a1a41d58c1ec7d9c6409b61a225ba48c62586829dc72ec11311807698444cec00a7875fd2ab4a60f59d0a02d30ef
SERVER_TRAFFIC_SECRET_0 7cab1e593e732313a0f52a31023a56572f209224ef5ff509a156c63b3d66f9a7 0e46e23561b4a8f4c0d5582f57b494512c5615b0d1c892edbffb21befc9e9494f8c7b061fd1f46217bf9054423c7b945
CLIENT_HANDSHAKE_TRAFFIC_SECRET 7cab1e593e732313a0f52a31023a56572f209224ef5ff509a156c63b3d66f9a7 cb33a1a41d58c1ec7d9c6409b61a225ba48c62586829dc72ec11311807698444cec00a7875fd2ab4a60f59d0a02d30ef
SERVER_HANDSHAKE_TRAFFIC_SECRET 7cab1e593e732313a0f52a31023a56572f209224ef5ff509a156c63b3d66f9a7 ce85af0dfe5178bf2852cb9bdaac4dca359761411a13bfe4e95355df4b4ac0141867951a61c804c852fbcdbd6d96c0a9
SERVER_TRAFFIC_SECRET_0 7cab1e593e732313a0f52a31023a56572f209224ef5ff509a156c63b3d66f9a7 0e46e23561b4a8f4c0d5582f57b494512c5615b0d1c892edbffb21befc9e9494f8c7b061fd1f46217bf9054423c7b945
EXPORTER_SECRET 7cab1e593e732313a0f52a31023a56572f209224ef5ff509a156c63b3d66f9a7 ff92ad47ab14ef2413d2fd62eb9e040ff3dccb4dc0c266b88120d205deec549c394b8d0262ae3efe953dee34217e2760
CLIENT_TRAFFIC_SECRET_0 7cab1e593e732313a0f52a31023a56572f209224ef5ff509a156c63b3d66f9a7 55413667c9bcad2affb3210b2be8407282fd0cad8bf2e0759de56504f2fd48f3b4a8fd191b98f6c4a5c647ed529abc5b
SERVER_HANDSHAKE_TRAFFIC_SECRET bfbb75b67aa30a100d89a1b74e8970de15c21758b00c9e3333f887a40425d17e 829f5c82db1b7d2e6db0e70722cc76cbeac8537e9f7b2252e86e9daf837af42419d5fe7e4a7a962f589c0e0c65e3efb8
CLIENT_HANDSHAKE_TRAFFIC_SECRET bfbb75b67aa30a100d89a1b74e8970de15c21758b00c9e3333f887a40425d17e 72c272f374cd5ea2c2ec9329fa08e14e35a5df0d8feee22b65c3817b457909d2c7d9ab6f88a6ae6c0cafcba977ff7acc
SERVER_TRAFFIC_SECRET_0 bfbb75b67aa30a100d89a1b74e8970de15c21758b00c9e3333f887a40425d17e dd49700a8f344046ab8f6bc64428acf2912337cef45eb335eb3ad5093e64ae0f58647aea6b8e726f28b2d5aea64a35c5
CLIENT_HANDSHAKE_TRAFFIC_SECRET bfbb75b67aa30a100d89a1b74e8970de15c21758b00c9e3333f887a40425d17e 72c272f374cd5ea2c2ec9329fa08e14e35a5df0d8feee22b65c3817b457909d2c7d9ab6f88a6ae6c0cafcba977ff7acc
SERVER_HANDSHAKE_TRAFFIC_SECRET bfbb75b67aa30a100d89a1b74e8970de15c21758b00c9e3333f887a40425d17e 829f5c82db1b7d2e6db0e70722cc76cbeac8537e9f7b2252e86e9daf837af42419d5fe7e4a7a962f589c0e0c65e3efb8
SERVER_TRAFFIC_SECRET_0 bfbb75b67aa30a100d89a1b74e8970de15c21758b00c9e3333f887a40425d17e dd49700a8f344046ab8f6bc64428acf2912337cef45eb335eb3ad5093e64ae0f58647aea6b8e726f28b2d5aea64a35c5
EXPORTER_SECRET bfbb75b67aa30a100d89a1b74e8970de15c21758b00c9e3333f887a40425d17e 46e708ff1d25a4552f8ca9db90663b9141ae24d07624b7a3201577f324b37fc50074d7cac335cd8d18344b5d2acdbacd
CLIENT_TRAFFIC_SECRET_0 bfbb75b67aa30a100d89a1b74e8970de15c21758b00c9e3333f887a40425d17e 31238f53e7de4c15707c6790d7c2f26d3fa20785c25cca77fe66387b2a13df2150abadca001fd3fa05f52ff92d8f8bbf
SERVER_HANDSHAKE_TRAFFIC_SECRET e78a5ea1d3b46b10c8131a51fb6030cb68d55e582a4591a66eacf9f04123a062 9fdc4b71323e4f21d398d0a57efec1a15b90d0887c18185e2391a2926295ace36e84297c70b99b7acc82aec7ba671acd
CLIENT_HANDSHAKE_TRAFFIC_SECRET e78a5ea1d3b46b10c8131a51fb6030cb68d55e582a4591a66eacf9f04123a062 f8d3a0ad0b35f666adadc57bcc89362a8ea5b499116e1ff8bbfe565b97f91e4febd18270e88f52dbf662c06e0639d779
SERVER_TRAFFIC_SECRET_0 e78a5ea1d3b46b10c8131a51fb6030cb68d55e582a4591a66eacf9f04123a062 c84a122922806f07267362eb0fd5bab7d3f81858b8033b9662414b8504a8575d49f1ccc50e045bceb30348f94a3ea3f4
CLIENT_HANDSHAKE_TRAFFIC_SECRET e78a5ea1d3b46b10c8131a51fb6030cb68d55e582a4591a66eacf9f04123a062 f8d3a0ad0b35f666adadc57bcc89362a8ea5b499116e1ff8bbfe565b97f91e4febd18270e88f52dbf662c06e0639d779
SERVER_HANDSHAKE_TRAFFIC_SECRET e78a5ea1d3b46b10c8131a51fb6030cb68d55e582a4591a66eacf9f04123a062 9fdc4b71323e4f21d398d0a57efec1a15b90d0887c18185e2391a2926295ace36e84297c70b99b7acc82aec7ba671acd
SERVER_TRAFFIC_SECRET_0 e78a5ea1d3b46b10c8131a51fb6030cb68d55e582a4591a66eacf9f04123a062 c84a122922806f07267362eb0fd5bab7d3f81858b8033b9662414b8504a8575d49f1ccc50e045bceb30348f94a3ea3f4
EXPORTER_SECRET e78a5ea1d3b46b10c8131a51fb6030cb68d55e582a4591a66eacf9f04123a062 aa4353576290af364525f6bd83f96d172573de6101c08d3ca6918f9d5dfec84465ad6e13c4ed7a5795de3869bf85c8f8
CLIENT_TRAFFIC_SECRET_0 e78a5ea1d3b46b10c8131a51fb6030cb68d55e582a4591a66eacf9f04123a062 140fd478d5496405040b6caf5d89809d212fe860bc7f9b10a1627219a3cddeebbcd889333ae453bbf8f0cf515dd75b31
SERVER_HANDSHAKE_TRAFFIC_SECRET 8b5bcc8fc89d235375754954003c4d5bc7a45125d8c0cf1d1bfdd003a887e47f e037d4d64accba82e5c6e81b8b25ec30a38668a6b8d4763bf7b58f38122e93935c088c8ad9d9f1e6b301cbfd82ad98d8
CLIENT_HANDSHAKE_TRAFFIC_SECRET 8b5bcc8fc89d235375754954003c4d5bc7a45125d8c0cf1d1bfdd003a887e47f 6bfe9ce9ba50116173086f26418b106483a37d83b23fd60b0a5d7a5bd6fef2701365883f4037a6a1de85e076d43b977e
SERVER_TRAFFIC_SECRET_0 8b5bcc8fc89d235375754954003c4d5bc7a45125d8c0cf1d1bfdd003a887e47f 327574d79fbe61f728032a3a3111a8b60d747e03cdfb15fb7ac316c9a58776dfed1978a3e9b1c09caf73b761657ad9fb
CLIENT_HANDSHAKE_TRAFFIC_SECRET 8b5bcc8fc89d235375754954003c4d5bc7a45125d8c0cf1d1bfdd003a887e47f 6bfe9ce9ba50116173086f26418b106483a37d83b23fd60b0a5d7a5bd6fef2701365883f4037a6a1de85e076d43b977e
SERVER_HANDSHAKE_TRAFFIC_SECRET 8b5bcc8fc89d235375754954003c4d5bc7a45125d8c0cf1d1bfdd003a887e47f e037d4d64accba82e5c6e81b8b25ec30a38668a6b8d4763bf7b58f38122e93935c088c8ad9d9f1e6b301cbfd82ad98d8
SERVER_TRAFFIC_SECRET_0 8b5bcc8fc89d235375754954003c4d5bc7a45125d8c0cf1d1bfdd003a887e47f 327574d79fbe61f728032a3a3111a8b60d747e03cdfb15fb7ac316c9a58776dfed1978a3e9b1c09caf73b761657ad9fb
EXPORTER_SECRET 8b5bcc8fc89d235375754954003c4d5bc7a45125d8c0cf1d1bfdd003a887e47f dae36d90ec05c621107e427f411cd62ced86b93d68f7d1e0280459e6a48c20874f2b919d743eaa224037faa7719a0cdd
CLIENT_TRAFFIC_SECRET_0 8b5bcc8fc89d235375754954003c4d5bc7a45125d8c0cf1d1bfdd003a887e47f bd9f13b30d456fe61fecb7729abe9bad629b0e97676ddafa0b95957550815e68c4686330ab233774def7374bbb11ac1a
SERVER_HANDSHAKE_TRAFFIC_SECRET 64e2921715c672ad71ab04ce5c18404c98e03a241111cb37ae8f252dec27e7ef 394ee2eae9b0bc832a7906b552b5482af33867f7787227e315c6aa9347167cff34e61c0e802d49cc917d0d7a158fa64f
CLIENT_HANDSHAKE_TRAFFIC_SECRET 64e2921715c672ad71ab04ce5c18404c98e03a241111cb37ae8f252dec27e7ef c5709f231a2570157d111deb7efd8f1a99771e5c0693d32b30f5416ad8b777691aa8f38ebb99ff1140d93a0d506850e2
SERVER_TRAFFIC_SECRET_0 64e2921715c672ad71ab04ce5c18404c98e03a241111cb37ae8f252dec27e7ef 46186c6e02332e2518b670a9548c43250f36070c5e00939730f6ac9763f6daecd91f669249b9bed3fc877e7f3c33efb8
CLIENT_HANDSHAKE_TRAFFIC_SECRET 64e2921715c672ad71ab04ce5c18404c98e03a241111cb37ae8f252dec27e7ef c5709f231a2570157d111deb7efd8f1a99771e5c0693d32b30f5416ad8b777691aa8f38ebb99ff1140d93a0d506850e2
SERVER_HANDSHAKE_TRAFFIC_SECRET 64e2921715c672ad71ab04ce5c18404c98e03a241111cb37ae8f252dec27e7ef 394ee2eae9b0bc832a7906b552b5482af33867f7787227e315c6aa9347167cff34e61c0e802d49cc917d0d7a158fa64f
SERVER_TRAFFIC_SECRET_0 64e2921715c672ad71ab04ce5c18404c98e03a241111cb37ae8f252dec27e7ef 46186c6e02332e2518b670a9548c43250f36070c5e00939730f6ac9763f6daecd91f669249b9bed3fc877e7f3c33efb8
EXPORTER_SECRET 64e2921715c672ad71ab04ce5c18404c98e03a241111cb37ae8f252dec27e7ef c23bb8108f372f5d3d542f2b5837f9a4c632d382f6b66b9c4a9fb7cf0978128929fcd72cf54ebda010c67d6580501f2c
CLIENT_TRAFFIC_SECRET_0 64e2921715c672ad71ab04ce5c18404c98e03a241111cb37ae8f252dec27e7ef 6fb6417a0869c74aabc0a65a1b771bdfed95fd6b647ed1d0f5d942f9a344fe9c9617e57abfb5b56f87b2080732c5f902
SERVER_HANDSHAKE_TRAFFIC_SECRET 889abfa0a20cf96afc7e1a5313a51d26b1d3cbcc56b859685eb97a43349d2c45 7a8e8a6fe67a20909bfd1b4e774632d347580ef1faf12197da0cf1b081beef881abf19bf0c705d340b1491c6382129fa
CLIENT_HANDSHAKE_TRAFFIC_SECRET 889abfa0a20cf96afc7e1a5313a51d26b1d3cbcc56b859685eb97a43349d2c45 75ec795d37489a8c07a188f92db3a7390fb2ddeaea42f6f04f6c5bfafda1ec85db9e2e96c3ac7b144ecf7bf4b4a326b9
SERVER_TRAFFIC_SECRET_0 889abfa0a20cf96afc7e1a5313a51d26b1d3cbcc56b859685eb97a43349d2c45 2c41bdcf69b3088c632149901609c0ae2b4c565683ea6f864a51a8c4d6d7bdbee7326c33694895194eed0239634f9699
CLIENT_HANDSHAKE_TRAFFIC_SECRET 889abfa0a20cf96afc7e1a5313a51d26b1d3cbcc56b859685eb97a43349d2c45 75ec795d37489a8c07a188f92db3a7390fb2ddeaea42f6f04f6c5bfafda1ec85db9e2e96c3ac7b144ecf7bf4b4a326b9
SERVER_HANDSHAKE_TRAFFIC_SECRET 889abfa0a20cf96afc7e1a5313a51d26b1d3cbcc56b859685eb97a43349d2c45 7a8e8a6fe67a20909bfd1b4e774632d347580ef1faf12197da0cf1b081beef881abf19bf0c705d340b1491c6382129fa
SERVER_TRAFFIC_SECRET_0 889abfa0a20cf96afc7e1a5313a51d26b1d3cbcc56b859685eb97a43349d2c45 2c41bdcf69b3088c632149901609c0ae2b4c565683ea6f864a51a8c4d6d7bdbee7326c33694895194eed0239634f9699
EXPORTER_SECRET 889abfa0a20cf96afc7e1a5313a51d26b1d3cbcc56b859685eb97a43349d2c45 36219396ef288359606c8a570a04fc72121a74e830338fc16d3a6f62b40b6ee9d5c7428dc323b0303f1952fb06a9e942
CLIENT_TRAFFIC_SECRET_0 889abfa0a20cf96afc7e1a5313a51d26b1d3cbcc56b859685eb97a43349d2c45 237050a14cd980e224081aa3e0f22d5682a97ef0e81c820b08b7101da43fa15eb253c851cb8026e4ca75bdf519950bab
SERVER_HANDSHAKE_TRAFFIC_SECRET 63d514a11733f8f2204630676781f24c59802ee1ef0775a93ba9dff801390778 4f71fc8696860b29d33e21747568a0b784e50e4dd2cd4a92be56b2fa721ac1080274e57ec982526cb566f24373f63c62
CLIENT_HANDSHAKE_TRAFFIC_SECRET 63d514a11733f8f2204630676781f24c59802ee1ef0775a93ba9dff801390778 30c2e2032c4535b190f32e18818787f211ce47fafe52d07b5d47fe8c60bbb412097fa2fe3d8002ce0b60517a13290cb1
SERVER_TRAFFIC_SECRET_0 63d514a11733f8f2204630676781f24c59802ee1ef0775a93ba9dff801390778 348eca41d768996ad9fcd420d4858af52bf2cd637ff3438cb152815580f64566b7a72fd7f470e0b6fe996e4458a0a440
CLIENT_HANDSHAKE_TRAFFIC_SECRET 63d514a11733f8f2204630676781f24c59802ee1ef0775a93ba9dff801390778 30c2e2032c4535b190f32e18818787f211ce47fafe52d07b5d47fe8c60bbb412097fa2fe3d8002ce0b60517a13290cb1
SERVER_HANDSHAKE_TRAFFIC_SECRET 63d514a11733f8f2204630676781f24c59802ee1ef0775a93ba9dff801390778 4f71fc8696860b29d33e21747568a0b784e50e4dd2cd4a92be56b2fa721ac1080274e57ec982526cb566f24373f63c62
SERVER_TRAFFIC_SECRET_0 63d514a11733f8f2204630676781f24c59802ee1ef0775a93ba9dff801390778 348eca41d768996ad9fcd420d4858af52bf2cd637ff3438cb152815580f64566b7a72fd7f470e0b6fe996e4458a0a440
EXPORTER_SECRET 63d514a11733f8f2204630676781f24c59802ee1ef0775a93ba9dff801390778 a3288d7028eae3ed30f9a47824b6bb1c8aff67c573a95cf7405eb7f59448faa6c36ee874a60bbef1cc2992da65b6804d
CLIENT_TRAFFIC_SECRET_0 63d514a11733f8f2204630676781f24c59802ee1ef0775a93ba9dff801390778 ce20418f2c58db4e2fb04ea2c9072ddfb4080d290cd588f3c8ff01dade388f0aeaad904be7e456db1756e41f285e95ad
SERVER_HANDSHAKE_TRAFFIC_SECRET fcdc21e806455856e816bba272047327d9fe0b02136f061354fecbac771d4256 51fa4decfa71ac7919c8e7cf41a33d8860de878afdf498bbf036937541ac11ec7890a608b17518c713cec9c80bedc849
CLIENT_HANDSHAKE_TRAFFIC_SECRET fcdc21e806455856e816bba272047327d9fe0b02136f061354fecbac771d4256 057dc6b22047a5cdc01c47e83beca762e0f160bb2a255f1a7a562dee3a634af13d3fc28ff032eb13e07f16c6835ea074
SERVER_TRAFFIC_SECRET_0 fcdc21e806455856e816bba272047327d9fe0b02136f061354fecbac771d4256 6e248f6ed443654a899967a19e258468e8463073be2c4277306ee0cc28687daa53c0e35d16df8704d5d3bd2d6ecce8e0
CLIENT_HANDSHAKE_TRAFFIC_SECRET fcdc21e806455856e816bba272047327d9fe0b02136f061354fecbac771d4256 057dc6b22047a5cdc01c47e83beca762e0f160bb2a255f1a7a562dee3a634af13d3fc28ff032eb13e07f16c6835ea074
SERVER_HANDSHAKE_TRAFFIC_SECRET fcdc21e806455856e816bba272047327d9fe0b02136f061354fecbac771d4256 51fa4decfa71ac7919c8e7cf41a33d8860de878afdf498bbf036937541ac11ec7890a608b17518c713cec9c80bedc849
SERVER_TRAFFIC_SECRET_0 fcdc21e806455856e816bba272047327d9fe0b02136f061354fecbac771d4256 6e248f6ed443654a899967a19e258468e8463073be2c4277306ee0cc28687daa53c0e35d16df8704d5d3bd2d6ecce8e0
EXPORTER_SECRET fcdc21e806455856e816bba272047327d9fe0b02136f061354fecbac771d4256 9be1e35088764d5b71c03fbcc8427e91f4b2c37efd6265094c2acc72bb57401f52ad72fa39ca5796532eef322bac7b10
CLIENT_TRAFFIC_SECRET_0 fcdc21e806455856e816bba272047327d9fe0b02136f061354fecbac771d4256 967e423397963e2bcd2790402ecde53365a893140925805fc21c0dbb3942b86764ba83fbc3e9fb8990c016385bfde1e4
SERVER_HANDSHAKE_TRAFFIC_SECRET 7a7875d941f49f771ec05963e9d567c878312a987e707f32fcbb925e4548ccda 3b2f0f9a396e5a2205556a68143fc8eaffd6ad7ae29484a883072f83cbd84fb8bfaca5ef75b096b650044ff02b079be2
CLIENT_HANDSHAKE_TRAFFIC_SECRET 7a7875d941f49f771ec05963e9d567c878312a987e707f32fcbb925e4548ccda 2995d96144b65438ce3edd624b695193355a5f8b31020d34ba5b972a72986735716729073a8e1a70567b45b72188f383
SERVER_TRAFFIC_SECRET_0 7a7875d941f49f771ec05963e9d567c878312a987e707f32fcbb925e4548ccda 610d45f5f971c537cdde3067dc45379c2a575827645e87e155fd11be3c2f79e59d9fac4a08d75d14732d73854f1fc161
CLIENT_HANDSHAKE_TRAFFIC_SECRET 7a7875d941f49f771ec05963e9d567c878312a987e707f32fcbb925e4548ccda 2995d96144b65438ce3edd624b695193355a5f8b31020d34ba5b972a72986735716729073a8e1a70567b45b72188f383
SERVER_HANDSHAKE_TRAFFIC_SECRET 7a7875d941f49f771ec05963e9d567c878312a987e707f32fcbb925e4548ccda 3b2f0f9a396e5a2205556a68143fc8eaffd6ad7ae29484a883072f83cbd84fb8bfaca5ef75b096b650044ff02b079be2
SERVER_TRAFFIC_SECRET_0 7a7875d941f49f771ec05963e9d567c878312a987e707f32fcbb925e4548ccda 610d45f5f971c537cdde3067dc45379c2a575827645e87e155fd11be3c2f79e59d9fac4a08d75d14732d73854f1fc161
EXPORTER_SECRET 7a7875d941f49f771ec05963e9d567c878312a987e707f32fcbb925e4548ccda 6aceeeca946ea0974bb401fb75a9c9f753dd5d310fb51bbb3ec90f960c8131bb805a5eb794e28034deba4f989957f8ef
CLIENT_TRAFFIC_SECRET_0 7a7875d941f49f771ec05963e9d567c878312a987e707f32fcbb925e4548ccda a9f22c9a1a0fb14e4c922ddfbc14432c357af35671d32bde34dfb4a74c3f747dd8434ea0074f018422edb49ce0d24d58
SERVER_HANDSHAKE_TRAFFIC_SECRET 4daff87ae3bdede8b0f3f557e8750c025285f2a6e979de45749c45f863e4e880 9abe65438d6c8a16c48164c14817183d2b1fdd684c9f4c27c12c3a78662225843aefc52333d02852905ec60ad927e2f8
CLIENT_HANDSHAKE_TRAFFIC_SECRET 4daff87ae3bdede8b0f3f557e8750c025285f2a6e979de45749c45f863e4e880 cb3a4d2395aba711d30fe28461dfff5844993f7f7bd7ab61536fd18c9d1c854f97c73af2c3f2c4754a83773fa8084d99
SERVER_TRAFFIC_SECRET_0 4daff87ae3bdede8b0f3f557e8750c025285f2a6e979de45749c45f863e4e880 18bb34d407feb019997b5c9caa0fc4fcecc749d1373dc76e1d3c741e6e11d7189fedbd4ea50f9a3ea0e8b9c4a0d2fa08
CLIENT_HANDSHAKE_TRAFFIC_SECRET 4daff87ae3bdede8b0f3f557e8750c025285f2a6e979de45749c45f863e4e880 cb3a4d2395aba711d30fe28461dfff5844993f7f7bd7ab61536fd18c9d1c854f97c73af2c3f2c4754a83773fa8084d99
SERVER_HANDSHAKE_TRAFFIC_SECRET 4daff87ae3bdede8b0f3f557e8750c025285f2a6e979de45749c45f863e4e880 9abe65438d6c8a16c48164c14817183d2b1fdd684c9f4c27c12c3a78662225843aefc52333d02852905ec60ad927e2f8
SERVER_TRAFFIC_SECRET_0 4daff87ae3bdede8b0f3f557e8750c025285f2a6e979de45749c45f863e4e880 18bb34d407feb019997b5c9caa0fc4fcecc749d1373dc76e1d3c741e6e11d7189fedbd4ea50f9a3ea0e8b9c4a0d2fa08
EXPORTER_SECRET 4daff87ae3bdede8b0f3f557e8750c025285f2a6e979de45749c45f863e4e880 5e189304a321214b927802681c2d8ebb7b6d54cc008e7d025a4ea8664d254bdcaf34fda288718c57d188ea055bd609c9
CLIENT_TRAFFIC_SECRET_0 4daff87ae3bdede8b0f3f557e8750c025285f2a6e979de45749c45f863e4e880 5eed436d39e83aced291b0305c0e96e32ca4aacff51991f4d79e6eb56b025d1686e32a732c9ec2bb8989ee8adc0be2a7
SERVER_HANDSHAKE_TRAFFIC_SECRET cae24016e68f167eb8c25d297e79aef306abe910ebf4add8ebf345825470c84e 0c68475dd01126fb1662fab98b3d325188547885a667604207e077cb9b05a9aa5da4da4235cb1c5ba98c7e8b19816b62
CLIENT_HANDSHAKE_TRAFFIC_SECRET cae24016e68f167eb8c25d297e79aef306abe910ebf4add8ebf345825470c84e 364b9fa39a6cebbc51118d30b305daf36553fa03da734d036106d462d6926784d98a021803a302ade4a5b26dca9af2cb
SERVER_TRAFFIC_SECRET_0 cae24016e68f167eb8c25d297e79aef306abe910ebf4add8ebf345825470c84e 145f9549032a3d649c591550e4c4f5ff2f641da32ffc2636214f39e1e092ff43dd6a5002a486057a610693b994d4bc9a
CLIENT_HANDSHAKE_TRAFFIC_SECRET cae24016e68f167eb8c25d297e79aef306abe910ebf4add8ebf345825470c84e 364b9fa39a6cebbc51118d30b305daf36553fa03da734d036106d462d6926784d98a021803a302ade4a5b26dca9af2cb
SERVER_HANDSHAKE_TRAFFIC_SECRET cae24016e68f167eb8c25d297e79aef306abe910ebf4add8ebf345825470c84e 0c68475dd01126fb1662fab98b3d325188547885a667604207e077cb9b05a9aa5da4da4235cb1c5ba98c7e8b19816b62
SERVER_TRAFFIC_SECRET_0 cae24016e68f167eb8c25d297e79aef306abe910ebf4add8ebf345825470c84e 145f9549032a3d649c591550e4c4f5ff2f641da32ffc2636214f39e1e092ff43dd6a5002a486057a610693b994d4bc9a
EXPORTER_SECRET cae24016e68f167eb8c25d297e79aef306abe910ebf4add8ebf345825470c84e 3533072d7656a18fa4e31b862d2a8d130d579e6bd5fe75828ae6a42dd8d63b39413dd87f12fe3a53b4f47f66c1e65b7f
CLIENT_TRAFFIC_SECRET_0 cae24016e68f167eb8c25d297e79aef306abe910ebf4add8ebf345825470c84e 2890236980e6024c60577202124c59152dd6e6919588a72b6c8d25964e545d8accc09a92c759a8f0911e99a925b6182d
SERVER_HANDSHAKE_TRAFFIC_SECRET 110b2f0aed92124ab883437b7353664edfca4780afebca431b701a233d6b3079 691f292c8718695bf1a50d1658b212ccd3d29e343bcd47c29567cf0b76cd388e0c61d25326f6276de02943be54ae7fa8
CLIENT_HANDSHAKE_TRAFFIC_SECRET 110b2f0aed92124ab883437b7353664edfca4780afebca431b701a233d6b3079 c65f521ae5f06f6cfe3613a04159ed4f0f90ad06000c1516d61e467d0c5984b9e6e54b125081e586a8708c55a14c67e9
SERVER_TRAFFIC_SECRET_0 110b2f0aed92124ab883437b7353664edfca4780afebca431b701a233d6b3079 17448a78fa271be3602f6441a22004c52a51792fb2a5913693af96765212f0039341a7f92db4b35366a173fdc0aa4665
CLIENT_HANDSHAKE_TRAFFIC_SECRET 110b2f0aed92124ab883437b7353664edfca4780afebca431b701a233d6b3079 c65f521ae5f06f6cfe3613a04159ed4f0f90ad06000c1516d61e467d0c5984b9e6e54b125081e586a8708c55a14c67e9
SERVER_HANDSHAKE_TRAFFIC_SECRET 110b2f0aed92124ab883437b7353664edfca4780afebca431b701a233d6b3079 691f292c8718695bf1a50d1658b212ccd3d29e343bcd47c29567cf0b76cd388e0c61d25326f6276de02943be54ae7fa8
SERVER_TRAFFIC_SECRET_0 110b2f0aed92124ab883437b7353664edfca4780afebca431b701a233d6b3079 17448a78fa271be3602f6441a22004c52a51792fb2a5913693af96765212f0039341a7f92db4b35366a173fdc0aa4665
EXPORTER_SECRET 110b2f0aed92124ab883437b7353664edfca4780afebca431b701a233d6b3079 e06ca35eb83c1d3711779f8aa697a213617339d3f8004c24f74c4f7279f42893a58fcf20c77a7ca34fa45493ca8dca2e
CLIENT_TRAFFIC_SECRET_0 110b2f0aed92124ab883437b7353664edfca4780afebca431b701a233d6b3079 d48c93596da398d286cbcce1cd4fdceb208685aab011f4575fa338eb32f57a4ed7da5b8bd591a682277edeb715587a1c
SERVER_HANDSHAKE_TRAFFIC_SECRET a7ef6bc353e6398e5785343a599154ecd29c89acc0b4509fe426377cf0ceab62 a3d1ea0ec817fddbb24d7b36fba0387d926cb4e3237d8899b808bef89f69b09b77f8fcc4f83d8ba9584cb65d9dfb6665
CLIENT_HANDSHAKE_TRAFFIC_SECRET a7ef6bc353e6398e5785343a599154ecd29c89acc0b4509fe426377cf0ceab62 5f82262b157324f36e17db3ca4505067481d8dd4dca527b9460f5490dd656c5cd474899a92a8fbe36f037d4f6f3a59d0
SERVER_TRAFFIC_SECRET_0 a7ef6bc353e6398e5785343a599154ecd29c89acc0b4509fe426377cf0ceab62 50b248a72b6b05a2df390aa7a88fb270426a868686ccec345ec1ef53e93364ef4743bd07819cf4c03895f22bfd5aa9ad
CLIENT_HANDSHAKE_TRAFFIC_SECRET a7ef6bc353e6398e5785343a599154ecd29c89acc0b4509fe426377cf0ceab62 5f82262b157324f36e17db3ca4505067481d8dd4dca527b9460f5490dd656c5cd474899a92a8fbe36f037d4f6f3a59d0
SERVER_HANDSHAKE_TRAFFIC_SECRET a7ef6bc353e6398e5785343a599154ecd29c89acc0b4509fe426377cf0ceab62 a3d1ea0ec817fddbb24d7b36fba0387d926cb4e3237d8899b808bef89f69b09b77f8fcc4f83d8ba9584cb65d9dfb6665
SERVER_TRAFFIC_SECRET_0 a7ef6bc353e6398e5785343a599154ecd29c89acc0b4509fe426377cf0ceab62 50b248a72b6b05a2df390aa7a88fb270426a868686ccec345ec1ef53e93364ef4743bd07819cf4c03895f22bfd5aa9ad
EXPORTER_SECRET a7ef6bc353e6398e5785343a599154ecd29c89acc0b4509fe426377cf0ceab62 4185001113660641a4a72c01b11d398ed87e900a52afc1768d4a31012464c47d1eb9b9f38fd5d88cefb6b2658174ad13
CLIENT_TRAFFIC_SECRET_0 a7ef6bc353e6398e5785343a599154ecd29c89acc0b4509fe426377cf0ceab62 29bdc05fa3468ca25aade4711254e99a78691c37f922ac62824531718b6565d4de72befa9abac0dbb6ed29404d83f8dc
SERVER_HANDSHAKE_TRAFFIC_SECRET 04a45c0e0a1340c90b9568bf6a5289a6ff9c188ae3f9a67628d4412fe24d6822 767f592cd5c6a554dbfe6fba679192243d9b457cd836bacbe0220be8c0c26bf01fbfc728600dadd6cfd7f9987131999f
CLIENT_HANDSHAKE_TRAFFIC_SECRET 04a45c0e0a1340c90b9568bf6a5289a6ff9c188ae3f9a67628d4412fe24d6822 c28b368796b2f6c1d3e65506fda62b9a9ce708396f1b03dee6e0586c549241d172491015679f297b78b5bb449f2c6aca
SERVER_TRAFFIC_SECRET_0 04a45c0e0a1340c90b9568bf6a5289a6ff9c188ae3f9a67628d4412fe24d6822 4f1635a952db2b2fe0674a9633953865c915393b5e74b7ec9e38aa74c124c0d97ff4c2ac9f326d177836406f4e13a249
CLIENT_HANDSHAKE_TRAFFIC_SECRET 04a45c0e0a1340c90b9568bf6a5289a6ff9c188ae3f9a67628d4412fe24d6822 c28b368796b2f6c1d3e65506fda62b9a9ce708396f1b03dee6e0586c549241d172491015679f297b78b5bb449f2c6aca
SERVER_HANDSHAKE_TRAFFIC_SECRET 04a45c0e0a1340c90b9568bf6a5289a6ff9c188ae3f9a67628d4412fe24d6822 767f592cd5c6a554dbfe6fba679192243d9b457cd836bacbe0220be8c0c26bf01fbfc728600dadd6cfd7f9987131999f
SERVER_TRAFFIC_SECRET_0 04a45c0e0a1340c90b9568bf6a5289a6ff9c188ae3f9a67628d4412fe24d6822 4f1635a952db2b2fe0674a9633953865c915393b5e74b7ec9e38aa74c124c0d97ff4c2ac9f326d177836406f4e13a249
EXPORTER_SECRET 04a45c0e0a1340c90b9568bf6a5289a6ff9c188ae3f9a67628d4412fe24d6822 7d5121142bbe994caed6e5c637cc7ed43ccf858bda4b5310c6690618abd994c23f4b133ecc55a8a5dd9b9b399642ec7c
CLIENT_TRAFFIC_SECRET_0 04a45c0e0a1340c90b9568bf6a5289a6ff9c188ae3f9a67628d4412fe24d6822 b7a7f3936ad860f392d6546e301c5dd5fed3c23a3b72b2190d9862434f1434bde82e524c992ea9e4b61bf35b1ef546e8
SERVER_HANDSHAKE_TRAFFIC_SECRET 95b8ba9af9c9567e8ec7c5c2c5d173cec34515c0cc647089a6fab434a992cade 89f869d7f7ee4dffffaf45bec66ee124080c1c2d4fe6fde6faa7b33388a7ad307a2945adfe361e074de8545b09064d69
CLIENT_HANDSHAKE_TRAFFIC_SECRET 95b8ba9af9c9567e8ec7c5c2c5d173cec34515c0cc647089a6fab434a992cade 1bf0600aea8385e463ef7d19ace8791fa578a0aae3fc6e0b40ea23967961d1c3826f3f6ecb21b37280a999e4c419a4b0
SERVER_TRAFFIC_SECRET_0 95b8ba9af9c9567e8ec7c5c2c5d173cec34515c0cc647089a6fab434a992cade f6576622109a328e78bcdd3240fa9f52c9dc000cfd513ce452beaf49d26a51fe0f84c88b556c9f7e52de0b08a97d0a3d
CLIENT_HANDSHAKE_TRAFFIC_SECRET 95b8ba9af9c9567e8ec7c5c2c5d173cec34515c0cc647089a6fab434a992cade 1bf0600aea8385e463ef7d19ace8791fa578a0aae3fc6e0b40ea23967961d1c3826f3f6ecb21b37280a999e4c419a4b0
SERVER_HANDSHAKE_TRAFFIC_SECRET 95b8ba9af9c9567e8ec7c5c2c5d173cec34515c0cc647089a6fab434a992cade 89f869d7f7ee4dffffaf45bec66ee124080c1c2d4fe6fde6faa7b33388a7ad307a2945adfe361e074de8545b09064d69
SERVER_TRAFFIC_SECRET_0 95b8ba9af9c9567e8ec7c5c2c5d173cec34515c0cc647089a6fab434a992cade f6576622109a328e78bcdd3240fa9f52c9dc000cfd513ce452beaf49d26a51fe0f84c88b556c9f7e52de0b08a97d0a3d
EXPORTER_SECRET 95b8ba9af9c9567e8ec7c5c2c5d173cec34515c0cc647089a6fab434a992cade 8cba89cee35544737f90a4fff884247b7f2f392b28fd03f11a5bf771ea67340a598e25f9be183b93aff9fdb485c3acde
CLIENT_TRAFFIC_SECRET_0 95b8ba9af9c9567e8ec7c5c2c5d173cec34515c0cc647089a6fab434a992cade 1d6b3c42b03f63f320c804e635695cf39ff7631fb7c0167b89a8ec5a9187f995e1b1fc3d878e2a5c725b1f7d312e026a
SERVER_HANDSHAKE_TRAFFIC_SECRET 6c6878fce5249e3273e1085c9d7ed5e9d02cdbd8c95792406311df19dd22c866 4ee2e26f32d51c623f543c3dd66f311043e8b64cf921bbb8540bfca7032e10079edc90f7ea4d0166309202b4cc90db63
CLIENT_HANDSHAKE_TRAFFIC_SECRET 6c6878fce5249e3273e1085c9d7ed5e9d02cdbd8c95792406311df19dd22c866 9aa99438186549094acfad635dd590fbe098c444dd508925b254b6baa056ec294d8e13cdb9fdbb253c4941ad3c911a7a
SERVER_TRAFFIC_SECRET_0 6c6878fce5249e3273e1085c9d7ed5e9d02cdbd8c95792406311df19dd22c866 d9074ce4f6ddb55118bad85d99db58f1ceea371551fc17acca0ae9460dd6773117df7e0b110278d0486306d3703d0bca
CLIENT_HANDSHAKE_TRAFFIC_SECRET 6c6878fce5249e3273e1085c9d7ed5e9d02cdbd8c95792406311df19dd22c866 9aa99438186549094acfad635dd590fbe098c444dd508925b254b6baa056ec294d8e13cdb9fdbb253c4941ad3c911a7a
SERVER_HANDSHAKE_TRAFFIC_SECRET 6c6878fce5249e3273e1085c9d7ed5e9d02cdbd8c95792406311df19dd22c866 4ee2e26f32d51c623f543c3dd66f311043e8b64cf921bbb8540bfca7032e10079edc90f7ea4d0166309202b4cc90db63
SERVER_TRAFFIC_SECRET_0 6c6878fce5249e3273e1085c9d7ed5e9d02cdbd8c95792406311df19dd22c866 d9074ce4f6ddb55118bad85d99db58f1ceea371551fc17acca0ae9460dd6773117df7e0b110278d0486306d3703d0bca
EXPORTER_SECRET 6c6878fce5249e3273e1085c9d7ed5e9d02cdbd8c95792406311df19dd22c866 db5a4e637d552389ee05e98fa1378967d13823b37f0ffc487299c517fb806a20515e0b0052cade9894314d4cf2aae32e
CLIENT_TRAFFIC_SECRET_0 6c6878fce5249e3273e1085c9d7ed5e9d02cdbd8c95792406311df19dd22c866 8164c355eab65a3aaa9da3166a6b2c0aec1a0f13022ac2ffa66906edf0e3a56b26dc035ac279523cb4820b3352b4b6c8
SERVER_HANDSHAKE_TRAFFIC_SECRET 0f856747c00a3fce9c7e3b69c531b6e91c1c9c6b86691132b2ceb4179c4ecbdc 891cc18c0b1717e21d660d03043f64898118370e26f8036cc6b24fd8d5732ae107c3c2bacf22122b31be8a5e096ffdb2
CLIENT_HANDSHAKE_TRAFFIC_SECRET 0f856747c00a3fce9c7e3b69c531b6e91c1c9c6b86691132b2ceb4179c4ecbdc fb255a3ccc356e5584387d6788cb408b2251aad758aeae1d383325cf436eab3137a024b05eefb19e7f9bc56d451e4500
SERVER_TRAFFIC_SECRET_0 0f856747c00a3fce9c7e3b69c531b6e91c1c9c6b86691132b2ceb4179c4ecbdc 338a48e770650d84a7ac6aa2d35699fdddb6b9a35fe506df34c418cd3f19a8cfef67821857dd1babe701b85513ed9ab7
CLIENT_HANDSHAKE_TRAFFIC_SECRET 0f856747c00a3fce9c7e3b69c531b6e91c1c9c6b86691132b2ceb4179c4ecbdc fb255a3ccc356e5584387d6788cb408b2251aad758aeae1d383325cf436eab3137a024b05eefb19e7f9bc56d451e4500
SERVER_HANDSHAKE_TRAFFIC_SECRET 0f856747c00a3fce9c7e3b69c531b6e91c1c9c6b86691132b2ceb4179c4ecbdc 891cc18c0b1717e21d660d03043f64898118370e26f8036cc6b24fd8d5732ae107c3c2bacf22122b31be8a5e096ffdb2
SERVER_TRAFFIC_SECRET_0 0f856747c00a3fce9c7e3b69c531b6e91c1c9c6b86691132b2ceb4179c4ecbdc 338a48e770650d84a7ac6aa2d35699fdddb6b9a35fe506df34c418cd3f19a8cfef67821857dd1babe701b85513ed9ab7
EXPORTER_SECRET 0f856747c00a3fce9c7e3b69c531b6e91c1c9c6b86691132b2ceb4179c4ecbdc fb6f373f28c04b333b8b2b66ae36d4dda82ca1604b13c29ed5b0c5c5d9babc178bf282fd57e42795690849252cbcd607
CLIENT_TRAFFIC_SECRET_0 0f856747c00a3fce9c7e3b69c531b6e91c1c9c6b86691132b2ceb4179c4ecbdc 532110f188cc7215fc59b8ec70fd8c36d8a7dc9c90391cc86225b290b0e6a1a6cc79ad00c040216aa149b3144d42cc34
SERVER_HANDSHAKE_TRAFFIC_SECRET 33850a1f1389d9c5a0788e5b0eb9d1f445f8d79f77365787895b24f1bb9a5931 80793ac499ef262f42a6daa72f82efcff95a90f317acc5b24069c07d049f6bf69373d1abe052c1a0255806ae3c3d227a
CLIENT_HANDSHAKE_TRAFFIC_SECRET 33850a1f1389d9c5a0788e5b0eb9d1f445f8d79f77365787895b24f1bb9a5931 960f82d1d9088c7227282aba5dda55673bb98107a6507184dd35ef874070ecfc128485336f0184a9f60eba460f9fc2f3
SERVER_TRAFFIC_SECRET_0 33850a1f1389d9c5a0788e5b0eb9d1f445f8d79f77365787895b24f1bb9a5931 ed0e414c4c2e62a9dcd374ef7e05f185944fb7c327f98c24fecd0d813b84c414f7564c89546f386d6175978842f50988
CLIENT_HANDSHAKE_TRAFFIC_SECRET 33850a1f1389d9c5a0788e5b0eb9d1f445f8d79f77365787895b24f1bb9a5931 960f82d1d9088c7227282aba5dda55673bb98107a6507184dd35ef874070ecfc128485336f0184a9f60eba460f9fc2f3
SERVER_HANDSHAKE_TRAFFIC_SECRET 33850a1f1389d9c5a0788e5b0eb9d1f445f8d79f77365787895b24f1bb9a5931 80793ac499ef262f42a6daa72f82efcff95a90f317acc5b24069c07d049f6bf69373d1abe052c1a0255806ae3c3d227a
SERVER_TRAFFIC_SECRET_0 33850a1f1389d9c5a0788e5b0eb9d1f445f8d79f77365787895b24f1bb9a5931 ed0e414c4c2e62a9dcd374ef7e05f185944fb7c327f98c24fecd0d813b84c414f7564c89546f386d6175978842f50988
EXPORTER_SECRET 33850a1f1389d9c5a0788e5b0eb9d1f445f8d79f77365787895b24f1bb9a5931 239365616f1b1f9811f3db258fb16b3c419059f2f4925c05413bbbbd66a60a9f37d0108a5aa03faa394bd2849866d05a
CLIENT_TRAFFIC_SECRET_0 33850a1f1389d9c5a0788e5b0eb9d1f445f8d79f77365787895b24f1bb9a5931 f9709dc76c75ab72f9c5df5a90d68db5331d4dc5890f7e30d8d0ada353915e3511dc99cf692a89d2f8029cfc11394fdc
SERVER_HANDSHAKE_TRAFFIC_SECRET 3b8b83632efaec49bd39a3a6c981f7a84bfae7250d354408bb2210805cc0ffc2 4dc84c6d0f37eb81bfe7ffe04db22b4925c69700692976593d3eafe854934fb0541d3ce5f0c6e0405804c60f6af044cf
CLIENT_HANDSHAKE_TRAFFIC_SECRET 3b8b83632efaec49bd39a3a6c981f7a84bfae7250d354408bb2210805cc0ffc2 05051f8ca5b744a59184cade63e1e1a66eb0d05286dfc79a16d0a0e8a83b6231b6b84afc7f30a3893c9ad7cff3dc029c
SERVER_TRAFFIC_SECRET_0 3b8b83632efaec49bd39a3a6c981f7a84bfae7250d354408bb2210805cc0ffc2 3d9d638a4997eed5c11dc1e26b0485a8e128de93d18a0456b8103c50f17a6434397e8ebecd92feef966d67191eda21e3
CLIENT_HANDSHAKE_TRAFFIC_SECRET 3b8b83632efaec49bd39a3a6c981f7a84bfae7250d354408bb2210805cc0ffc2 05051f8ca5b744a59184cade63e1e1a66eb0d05286dfc79a16d0a0e8a83b6231b6b84afc7f30a3893c9ad7cff3dc029c
SERVER_HANDSHAKE_TRAFFIC_SECRET 3b8b83632efaec49bd39a3a6c981f7a84bfae7250d354408bb2210805cc0ffc2 4dc84c6d0f37eb81bfe7ffe04db22b4925c69700692976593d3eafe854934fb0541d3ce5f0c6e0405804c60f6af044cf
SERVER_TRAFFIC_SECRET_0 3b8b83632efaec49bd39a3a6c981f7a84bfae7250d354408bb2210805cc0ffc2 3d9d638a4997eed5c11dc1e26b0485a8e128de93d18a0456b8103c50f17a6434397e8ebecd92feef966d67191eda21e3
EXPORTER_SECRET 3b8b83632efaec49bd39a3a6c981f7a84bfae7250d354408bb2210805cc0ffc2 2c5bc6c8bbe33d64ffb0eb8fef30bbc694d803da1f89dce234ca53e48ad71b1e63e95c0a7c1d7cc3e9a0e9663fbdcc19
CLIENT_TRAFFIC_SECRET_0 3b8b83632efaec49bd39a3a6c981f7a84bfae7250d354408bb2210805cc0ffc2 14fae46c3dd781c27a60ca4a9b6c90db18c98059a7a2bf0d475b8722c7cfbe50202c62e0cc1f37202fdc17e73e6ca157
SERVER_HANDSHAKE_TRAFFIC_SECRET 72148af994b43b8a26bfb8f4f8fba31380ae0340d949938623b0e298830064ad 16270d7ef84f00cfae73f4653e975aabfce9cbbbaf791fbf7adfbdb70f1fe6dddf44d70a7abbc4d4233accfdd510208e
CLIENT_HANDSHAKE_TRAFFIC_SECRET 72148af994b43b8a26bfb8f4f8fba31380ae0340d949938623b0e298830064ad c277fef800258d94d0c29dd74e23e28268bf0a03f01ccf6296e69dabde3f82b13d6fee4970f647072085575a0694635e
SERVER_TRAFFIC_SECRET_0 72148af994b43b8a26bfb8f4f8fba31380ae0340d949938623b0e298830064ad a3d8c6292b617279810f11d978fbca408074548dde8157e2b6844c7c8a07e6714eb89ee984a31c8bfaa6b7b23c1ebedd
CLIENT_HANDSHAKE_TRAFFIC_SECRET 72148af994b43b8a26bfb8f4f8fba31380ae0340d949938623b0e298830064ad c277fef800258d94d0c29dd74e23e28268bf0a03f01ccf6296e69dabde3f82b13d6fee4970f647072085575a0694635e
SERVER_HANDSHAKE_TRAFFIC_SECRET 72148af994b43b8a26bfb8f4f8fba31380ae0340d949938623b0e298830064ad 16270d7ef84f00cfae73f4653e975aabfce9cbbbaf791fbf7adfbdb70f1fe6dddf44d70a7abbc4d4233accfdd510208e
SERVER_TRAFFIC_SECRET_0 72148af994b43b8a26bfb8f4f8fba31380ae0340d949938623b0e298830064ad a3d8c6292b617279810f11d978fbca408074548dde8157e2b6844c7c8a07e6714eb89ee984a31c8bfaa6b7b23c1ebedd
EXPORTER_SECRET 72148af994b43b8a26bfb8f4f8fba31380ae0340d949938623b0e298830064ad 0a8643953bb114bef19222f746c6d8a57a72b9f7f88db43d02193d73b2beff4f6c4ac23dc844db146af5a38e7304d95f
CLIENT_TRAFFIC_SECRET_0 72148af994b43b8a26bfb8f4f8fba31380ae0340d949938623b0e298830064ad 6b1b80cf241b661cc4ee1fa21b578211129c07bfbf0b93c87f348f69c5d45aaef542c315f3298268a73327d2f89bdc9f
SERVER_HANDSHAKE_TRAFFIC_SECRET 4233b811481cfa1ae20e8ae3078404e395a2115678e0f669c26ba02008b5bea5 84b775859c309d590aa3ee5b8d8bfece07d98ad854810eeec73984554bc8b306cdf48c249fefd8645505a66a69b6d068
CLIENT_HANDSHAKE_TRAFFIC_SECRET 4233b811481cfa1ae20e8ae3078404e395a2115678e0f669c26ba02008b5bea5 fe4315b010e5bee5003a2bfb7fa90f007e60a23b37b93ae1794249d034e0fc500e6c55d0c1c5178d62598f9fbaaa8b2d
SERVER_TRAFFIC_SECRET_0 4233b811481cfa1ae20e8ae3078404e395a2115678e0f669c26ba02008b5bea5 e00c2356e083472199da06437372698a2c9ea859cb1d1cb2d7c1a80ddd25922499e19f360df481d22a74dba9d2c2b4ec
CLIENT_HANDSHAKE_TRAFFIC_SECRET 4233b811481cfa1ae20e8ae3078404e395a2115678e0f669c26ba02008b5bea5 fe4315b010e5bee5003a2bfb7fa90f007e60a23b37b93ae1794249d034e0fc500e6c55d0c1c5178d62598f9fbaaa8b2d
SERVER_HANDSHAKE_TRAFFIC_SECRET 4233b811481cfa1ae20e8ae3078404e395a2115678e0f669c26ba02008b5bea5 84b775859c309d590aa3ee5b8d8bfece07d98ad854810eeec73984554bc8b306cdf48c249fefd8645505a66a69b6d068
SERVER_TRAFFIC_SECRET_0 4233b811481cfa1ae20e8ae3078404e395a2115678e0f669c26ba02008b5bea5 e00c2356e083472199da06437372698a2c9ea859cb1d1cb2d7c1a80ddd25922499e19f360df481d22a74dba9d2c2b4ec
EXPORTER_SECRET 4233b811481cfa1ae20e8ae3078404e395a2115678e0f669c26ba02008b5bea5 c9fd2d514857cd242bb26f955a81982ac83713bfed7af2d1999682ebecb89a0b2f0190e441521585d5f8b2928aaa0888
CLIENT_TRAFFIC_SECRET_0 4233b811481cfa1ae20e8ae3078404e395a2115678e0f669c26ba02008b5bea5 f1566cc2d9e606222fa28b89ab8069122747a8c03bf6b812bb174760d8f7f6af66fd8d3446dea393788fbcb588b5a0a6
SERVER_HANDSHAKE_TRAFFIC_SECRET 54f729f10e27fb4cf8a95e3ad9009a5512d7daaba1333478c4d92211b49d965e 30edd599a11225edd1c0d58865be90d77e1bb976a13cd0926bd53fd4ff530a3859163335fe944e5b03875a94d1996a3a
CLIENT_HANDSHAKE_TRAFFIC_SECRET 54f729f10e27fb4cf8a95e3ad9009a5512d7daaba1333478c4d92211b49d965e eb49722804f3acbc18472cc2c5a7269afcba47da8cbb47b32f08791c711167c2039cf836fa6ee8a74c3672eb7af5cc12
SERVER_TRAFFIC_SECRET_0 54f729f10e27fb4cf8a95e3ad9009a5512d7daaba1333478c4d92211b49d965e 3902cd7d43ac17dfd34adff691b136a2b671db554b8497c68fd64d7bd33ded35770b2e8b998ff084da49c181cf18dcf2
CLIENT_HANDSHAKE_TRAFFIC_SECRET 54f729f10e27fb4cf8a95e3ad9009a5512d7daaba1333478c4d92211b49d965e eb49722804f3acbc18472cc2c5a7269afcba47da8cbb47b32f08791c711167c2039cf836fa6ee8a74c3672eb7af5cc12
SERVER_HANDSHAKE_TRAFFIC_SECRET 54f729f10e27fb4cf8a95e3ad9009a5512d7daaba1333478c4d92211b49d965e 30edd599a11225edd1c0d58865be90d77e1bb976a13cd0926bd53fd4ff530a3859163335fe944e5b03875a94d1996a3a
SERVER_TRAFFIC_SECRET_0 54f729f10e27fb4cf8a95e3ad9009a5512d7daaba1333478c4d92211b49d965e 3902cd7d43ac17dfd34adff691b136a2b671db554b8497c68fd64d7bd33ded35770b2e8b998ff084da49c181cf18dcf2
EXPORTER_SECRET 54f729f10e27fb4cf8a95e3ad9009a5512d7daaba1333478c4d92211b49d965e ccecf58d8f22bd88e4b3be1ed55ba738aa2e5801e4879b76033f34ab27bd1baa1d35174933284d4949d8e0a95de4fcd7
CLIENT_TRAFFIC_SECRET_0 54f729f10e27fb4cf8a95e3ad9009a5512d7daaba1333478c4d92211b49d965e 2a7ba7c3e738b1b947cb045ad2b9ee99150b660e992a5e871e217117fc848bafbababe8504f2a462b6b5b91975d7c69b
SERVER_HANDSHAKE_TRAFFIC_SECRET ca0dce657e9515d0c12176909c3e761d61daee6924da86f6749ae955e76ee80f d33e1506532ad0886e556065bd03215ed213bdfe84497f815ebc6728a22895035d745816ca35ece6c8dbc70be5dadbe2
CLIENT_HANDSHAKE_TRAFFIC_SECRET ca0dce657e9515d0c12176909c3e761d61daee6924da86f6749ae955e76ee80f 3d66db2071b89fcfa86c1b1cc139a9ed8c62a6d5741c8f4dbe0e08bb3032595f020c648f936b761125bd85dd369582af
SERVER_TRAFFIC_SECRET_0 ca0dce657e9515d0c12176909c3e761d61daee6924da86f6749ae955e76ee80f a15f6252610399cfd50126f34f87f994023851ace6b18eac633e9f13bed36ea986dce0437cac83fc25c9415d46517f3f
CLIENT_HANDSHAKE_TRAFFIC_SECRET ca0dce657e9515d0c12176909c3e761d61daee6924da86f6749ae955e76ee80f 3d66db2071b89fcfa86c1b1cc139a9ed8c62a6d5741c8f4dbe0e08bb3032595f020c648f936b761125bd85dd369582af
SERVER_HANDSHAKE_TRAFFIC_SECRET ca0dce657e9515d0c12176909c3e761d61daee6924da86f6749ae955e76ee80f d33e1506532ad0886e556065bd03215ed213bdfe84497f815ebc6728a22895035d745816ca35ece6c8dbc70be5dadbe2
SERVER_TRAFFIC_SECRET_0 ca0dce657e9515d0c12176909c3e761d61daee6924da86f6749ae955e76ee80f a15f6252610399cfd50126f34f87f994023851ace6b18eac633e9f13bed36ea986dce0437cac83fc25c9415d46517f3f
EXPORTER_SECRET ca0dce657e9515d0c12176909c3e761d61daee6924da86f6749ae955e76ee80f f90320aef89e017cc304332975e1e1e9016faab105555485ab05070d1d91b5d0c6ec1e8da40731d50bc2e22992ab6c3e
CLIENT_TRAFFIC_SECRET_0 ca0dce657e9515d0c12176909c3e761d61daee6924da86f6749ae955e76ee80f ae4f5aa98a01669ebee5584679991a705658bf7b16be3dd729e8391c8107dad7c27a0c19d942288ad26248b4918f13cb
SERVER_HANDSHAKE_TRAFFIC_SECRET 7877a98f15303de161ea2ada2927e494ee91075b9e66aa7f0371539bbdef5dc3 56700ab463f15042a413e68a8eaf8b75af4cf9269f583c3b30214a973d30444208ad1157690fc4da47355f5deb313822
CLIENT_HANDSHAKE_TRAFFIC_SECRET 7877a98f15303de161ea2ada2927e494ee91075b9e66aa7f0371539bbdef5dc3 6226ae5d5b167c651b488378c04d8319709287c19bcbff14ea3fe6da574ce3ef00efa2477431a09c6528da39ad144f6b
SERVER_TRAFFIC_SECRET_0 7877a98f15303de161ea2ada2927e494ee91075b9e66aa7f0371539bbdef5dc3 d766d301401621562f9b094e875f0cd3b80926f65b360bf25f0de235e914bdcc07b97f2f78d5a48d1085a71770e46980
CLIENT_HANDSHAKE_TRAFFIC_SECRET 7877a98f15303de161ea2ada2927e494ee91075b9e66aa7f0371539bbdef5dc3 6226ae5d5b167c651b488378c04d8319709287c19bcbff14ea3fe6da574ce3ef00efa2477431a09c6528da39ad144f6b
SERVER_HANDSHAKE_TRAFFIC_SECRET 7877a98f15303de161ea2ada2927e494ee91075b9e66aa7f0371539bbdef5dc3 56700ab463f15042a413e68a8eaf8b75af4cf9269f583c3b30214a973d30444208ad1157690fc4da47355f5deb313822
SERVER_TRAFFIC_SECRET_0 7877a98f15303de161ea2ada2927e494ee91075b9e66aa7f0371539bbdef5dc3 d766d301401621562f9b094e875f0cd3b80926f65b360bf25f0de235e914bdcc07b97f2f78d5a48d1085a71770e46980
EXPORTER_SECRET 7877a98f15303de161ea2ada2927e494ee91075b9e66aa7f0371539bbdef5dc3 f8fdc92e9ffe410b72b441985697d3d5ff18d0cc5541532d5fd5d1231a9d9de32703d18d614580d02b6069a29f8bbe1e
CLIENT_TRAFFIC_SECRET_0 7877a98f15303de161ea2ada2927e494ee91075b9e66aa7f0371539bbdef5dc3 377ad1d2d78bdc6362b62041d5c3bb9ec46e324c53dacf9fed3060a5d9ac499ca9f6d2d453ae418d05529910d0ce4ce6
SERVER_HANDSHAKE_TRAFFIC_SECRET f46fc5634893d6615fa51dc398825c5f103a8228b95ca11a3ea6524a459d0463 e760e20ab70569f01d53b3367771857932873ae7af98ae039e4faae3e669d1598c44534997bfaef941724f4d56f09627
CLIENT_HANDSHAKE_TRAFFIC_SECRET f46fc5634893d6615fa51dc398825c5f103a8228b95ca11a3ea6524a459d0463 9db1042d6cf1360fe859f816307bcbfc304f4442f77d3a287c243ac655320771cb38b59cbf02a8ce9c158b88be1716d6
SERVER_TRAFFIC_SECRET_0 f46fc5634893d6615fa51dc398825c5f103a8228b95ca11a3ea6524a459d0463 68247826d8b5c0a18ec9b130f12a22cd1e07aa15f93ae1a43b645f73dd294fea02946021c2ad557cec24cdda45a11c41
CLIENT_HANDSHAKE_TRAFFIC_SECRET f46fc5634893d6615fa51dc398825c5f103a8228b95ca11a3ea6524a459d0463 9db1042d6cf1360fe859f816307bcbfc304f4442f77d3a287c243ac655320771cb38b59cbf02a8ce9c158b88be1716d6
SERVER_HANDSHAKE_TRAFFIC_SECRET f46fc5634893d6615fa51dc398825c5f103a8228b95ca11a3ea6524a459d0463 e760e20ab70569f01d53b3367771857932873ae7af98ae039e4faae3e669d1598c44534997bfaef941724f4d56f09627
SERVER_TRAFFIC_SECRET_0 f46fc5634893d6615fa51dc398825c5f103a8228b95ca11a3ea6524a459d0463 68247826d8b5c0a18ec9b130f12a22cd1e07aa15f93ae1a43b645f73dd294fea02946021c2ad557cec24cdda45a11c41
EXPORTER_SECRET f46fc5634893d6615fa51dc398825c5f103a8228b95ca11a3ea6524a459d0463 c3d695b5346531f090be8718faffb560c705c32e3557a9a0fc3c87f411b61db27ac697a6a2661c49253472c0d81aaa53
CLIENT_TRAFFIC_SECRET_0 f46fc5634893d6615fa51dc398825c5f103a8228b95ca11a3ea6524a459d0463 3b57233da4289ac79cf32d9d222f44431bd2b09f6881fc4c77a035d20d82aec576368d5ba5b6a450d1a1e44266c240b7
SERVER_HANDSHAKE_TRAFFIC_SECRET bf59b13024c3d96e2020d740c44eb4826d808ab56b96b74c42caed8a3fbe5dae c51622bff0723bf15e986da9ecb8b5ec67ae4e8b2c0073885227ccce1e661e1099c53aad382156504ddf6c698d208015
CLIENT_HANDSHAKE_TRAFFIC_SECRET bf59b13024c3d96e2020d740c44eb4826d808ab56b96b74c42caed8a3fbe5dae 6c053fbb5293e6f7796b75afe809c0e3a67c9a3b8e319563ed0066739bd8b809fb4e6912555a47c035af6d7f5c203edc
SERVER_TRAFFIC_SECRET_0 bf59b13024c3d96e2020d740c44eb4826d808ab56b96b74c42caed8a3fbe5dae 6975d96afaefe47731502b18de653668e12a76c202dabcfe97be514f23498283ff19f36434510de6a31fb03176abfd76
CLIENT_HANDSHAKE_TRAFFIC_SECRET bf59b13024c3d96e2020d740c44eb4826d808ab56b96b74c42caed8a3fbe5dae 6c053fbb5293e6f7796b75afe809c0e3a67c9a3b8e319563ed0066739bd8b809fb4e6912555a47c035af6d7f5c203edc
SERVER_HANDSHAKE_TRAFFIC_SECRET bf59b13024c3d96e2020d740c44eb4826d808ab56b96b74c42caed8a3fbe5dae c51622bff0723bf15e986da9ecb8b5ec67ae4e8b2c0073885227ccce1e661e1099c53aad382156504ddf6c698d208015
SERVER_TRAFFIC_SECRET_0 bf59b13024c3d96e2020d740c44eb4826d808ab56b96b74c42caed8a3fbe5dae 6975d96afaefe47731502b18de653668e12a76c202dabcfe97be514f23498283ff19f36434510de6a31fb03176abfd76
EXPORTER_SECRET bf59b13024c3d96e2020d740c44eb4826d808ab56b96b74c42caed8a3fbe5dae eeccccbc98233e852f60f4d3f7279355f6e97ff0257be52e212950925c763546309eccb41c42d6f7527eef48580daad8
CLIENT_TRAFFIC_SECRET_0 bf59b13024c3d96e2020d740c44eb4826d808ab56b96b74c42caed8a3fbe5dae 79b69c449b3d831ac42ee6e2536bd6ff41eb4140a3e7ccad094abd9a18d8889b36982982f84adffdafa051a449723339
SERVER_HANDSHAKE_TRAFFIC_SECRET 9d04260ebfe2b8fad175c971d562404e46ef7d54aaf6f48796ad17c8fc979168 5266966bdfb2a5b8a3406a8ab810f7fb1515744f1f5d3fa68ba50b61c57ec7c0c91ebd1eb890a0404e73c60b2c267e2a
CLIENT_HANDSHAKE_TRAFFIC_SECRET 9d04260ebfe2b8fad175c971d562404e46ef7d54aaf6f48796ad17c8fc979168 e057ad8c133ce2fab3e4f041b5d05407ba6a0adabac7e16704161e30114cc63a7dffb098d1a1c56e18a7fea8ac38a272
SERVER_TRAFFIC_SECRET_0 9d04260ebfe2b8fad175c971d562404e46ef7d54aaf6f48796ad17c8fc979168 26f17d8e85d986bf3c0f5df187449ec7315a2f1041db48ddc644686d7d199e5f28f30652ae10bf7383011a5a4dfe3ffd
CLIENT_HANDSHAKE_TRAFFIC_SECRET 9d04260ebfe2b8fad175c971d562404e46ef7d54aaf6f48796ad17c8fc979168 e057ad8c133ce2fab3e4f041b5d05407ba6a0adabac7e16704161e30114cc63a7dffb098d1a1c56e18a7fea8ac38a272
SERVER_HANDSHAKE_TRAFFIC_SECRET 9d04260ebfe2b8fad175c971d562404e46ef7d54aaf6f48796ad17c8fc979168 5266966bdfb2a5b8a3406a8ab810f7fb1515744f1f5d3fa68ba50b61c57ec7c0c91ebd1eb890a0404e73c60b2c267e2a
SERVER_TRAFFIC_SECRET_0 9d04260ebfe2b8fad175c971d562404e46ef7d54aaf6f48796ad17c8fc979168 26f17d8e85d986bf3c0f5df187449ec7315a2f1041db48ddc644686d7d199e5f28f30652ae10bf7383011a5a4dfe3ffd
EXPORTER_SECRET 9d04260ebfe2b8fad175c971d562404e46ef7d54aaf6f48796ad17c8fc979168 e0317684a6a74102aacf9c567e38d969a147217adfff2b274037a1e46a28070b790a1d56b7a597eca570ac4c897922b0
CLIENT_TRAFFIC_SECRET_0 9d04260ebfe2b8fad175c971d562404e46ef7d54aaf6f48796ad17c8fc979168 b5b97a05e486d50e4a67161c35e19f607a32b16ffcd94c481190837dd5ba2da327024d25330ca90376c14b9ab7cc73c5
SERVER_HANDSHAKE_TRAFFIC_SECRET 189e58668e597ec2bdff721408ec0b3e8d38693f55dac9cde9a9bb3ae3495163 bea2e3cd8c5092026c1df5f7046ff15627624ca6ee620f708275925c22a515e185ee28ef9834de1f3a0e4fb256de1fd0
CLIENT_HANDSHAKE_TRAFFIC_SECRET 189e58668e597ec2bdff721408ec0b3e8d38693f55dac9cde9a9bb3ae3495163 c70f9f5cf48e4964011ab1de0fc905815e9323b43207757c22f718ece6e46ca1dbb2447767ed68dc13e2f6e6d334ce4b
SERVER_TRAFFIC_SECRET_0 189e58668e597ec2bdff721408ec0b3e8d38693f55dac9cde9a9bb3ae3495163 fa90f0d1614a9e19158d62060a56e34cef18ae303b80eb42d5169784b74c100fe509c0c67f45a1f1612b587f299f62e6
CLIENT_HANDSHAKE_TRAFFIC_SECRET 189e58668e597ec2bdff721408ec0b3e8d38693f55dac9cde9a9bb3ae3495163 c70f9f5cf48e4964011ab1de0fc905815e9323b43207757c22f718ece6e46ca1dbb2447767ed68dc13e2f6e6d334ce4b
SERVER_HANDSHAKE_TRAFFIC_SECRET 189e58668e597ec2bdff721408ec0b3e8d38693f55dac9cde9a9bb3ae3495163 bea2e3cd8c5092026c1df5f7046ff15627624ca6ee620f708275925c22a515e185ee28ef9834de1f3a0e4fb256de1fd0
SERVER_TRAFFIC_SECRET_0 189e58668e597ec2bdff721408ec0b3e8d38693f55dac9cde9a9bb3ae3495163 fa90f0d1614a9e19158d62060a56e34cef18ae303b80eb42d5169784b74c100fe509c0c67f45a1f1612b587f299f62e6
EXPORTER_SECRET 189e58668e597ec2bdff721408ec0b3e8d38693f55dac9cde9a9bb3ae3495163 23f2c23efa324b782ea0bcb03b75e61976d2bea1c5a7e5869137112d47170f6041963644485770d4bbfe9f70d2bde1d2
CLIENT_TRAFFIC_SECRET_0 189e58668e597ec2bdff721408ec0b3e8d38693f55dac9cde9a9bb3ae3495163 e47b31446d4c44231112ddde09a5e79b08a52c0fbe9a1560354c37c0757594538cbc445ec0d13afc699c28fd09b8bbd9
SERVER_HANDSHAKE_TRAFFIC_SECRET e677f2d529df2762f6726c89477c02582ba2599bcaf5237ff80c0c4e1a982d51 2416f7f3f30ee0b47728a70ef44803c3b2dd9fb0c49a81f5b1b7aa50be0ed977365cf291fa59272d9b8b4e544296c037
CLIENT_HANDSHAKE_TRAFFIC_SECRET e677f2d529df2762f6726c89477c02582ba2599bcaf5237ff80c0c4e1a982d51 9ea1c226bf87d999ac908f2a308fadb11a1b161f65a0b65f6e82366a49189242dd0f233cd2befbbd92fe8e60677086fc
SERVER_TRAFFIC_SECRET_0 e677f2d529df2762f6726c89477c02582ba2599bcaf5237ff80c0c4e1a982d51 f3186439ef3fb0a6926b906d77e5bb1637c0bfbde751c17700ef9551c9e9b942ade0f481f15dde9b030923ce708dc2a9
CLIENT_HANDSHAKE_TRAFFIC_SECRET e677f2d529df2762f6726c89477c02582ba2599bcaf5237ff80c0c4e1a982d51 9ea1c226bf87d999ac908f2a308fadb11a1b161f65a0b65f6e82366a49189242dd0f233cd2befbbd92fe8e60677086fc
SERVER_HANDSHAKE_TRAFFIC_SECRET e677f2d529df2762f6726c89477c02582ba2599bcaf5237ff80c0c4e1a982d51 2416f7f3f30ee0b47728a70ef44803c3b2dd9fb0c49a81f5b1b7aa50be0ed977365cf291fa59272d9b8b4e544296c037
SERVER_TRAFFIC_SECRET_0 e677f2d529df2762f6726c89477c02582ba2599bcaf5237ff80c0c4e1a982d51 f3186439ef3fb0a6926b906d77e5bb1637c0bfbde751c17700ef9551c9e9b942ade0f481f15dde9b030923ce708dc2a9
EXPORTER_SECRET e677f2d529df2762f6726c89477c02582ba2599bcaf5237ff80c0c4e1a982d51 920f9be1c78ccdf90947ee1b3261266df150ed1a357596ba8e4e6c76f3ab82f765b523014d494a2ac3490e2cf0cec027
CLIENT_TRAFFIC_SECRET_0 e677f2d529df2762f6726c89477c02582ba2599bcaf5237ff80c0c4e1a982d51 aa16df041e90abbb731e48186ca5bd4325b446826a326e0693c22bd49b1614d632b0ba94f84d18a20da24c695d3c8c34
SERVER_HANDSHAKE_TRAFFIC_SECRET d07059347bec82a352a4254ac8339584095493e850d0fd906d1dbed861a6c690 9e7256fbdefb50093bc95e8a11014e25e26ef34909f85f5d980949505e79195dff249478f1a2707c0aa35313449e2770
CLIENT_HANDSHAKE_TRAFFIC_SECRET d07059347bec82a352a4254ac8339584095493e850d0fd906d1dbed861a6c690 0c5fcccbbddc49f997e3013cab8934ae7c06274e05e8f7d8b8322b2068759df7b1e60b5c4667b09527aadd7b85d7b883
SERVER_TRAFFIC_SECRET_0 d07059347bec82a352a4254ac8339584095493e850d0fd906d1dbed861a6c690 742af7e72d6ff47e90b746e267368a87d05c6171c7da40842a06c69e819a46535b04e9d8e38cba481f58a01f35903d6a
CLIENT_HANDSHAKE_TRAFFIC_SECRET d07059347bec82a352a4254ac8339584095493e850d0fd906d1dbed861a6c690 0c5fcccbbddc49f997e3013cab8934ae7c06274e05e8f7d8b8322b2068759df7b1e60b5c4667b09527aadd7b85d7b883
SERVER_HANDSHAKE_TRAFFIC_SECRET d07059347bec82a352a4254ac8339584095493e850d0fd906d1dbed861a6c690 9e7256fbdefb50093bc95e8a11014e25e26ef34909f85f5d980949505e79195dff249478f1a2707c0aa35313449e2770
SERVER_TRAFFIC_SECRET_0 d07059347bec82a352a4254ac8339584095493e850d0fd906d1dbed861a6c690 742af7e72d6ff47e90b746e267368a87d05c6171c7da40842a06c69e819a46535b04e9d8e38cba481f58a01f35903d6a
EXPORTER_SECRET d07059347bec82a352a4254ac8339584095493e850d0fd906d1dbed861a6c690 073cbed585adc625b56b02bc50d3e089f560df95b4cc80be2d323e9838a927cad4d7a560be78e9c3811eee2cd797daff
CLIENT_TRAFFIC_SECRET_0 d07059347bec82a352a4254ac8339584095493e850d0fd906d1dbed861a6c690 80fc8d7d5ed7cf001be91485a41cf060b8807a1679c1d68b46e48addf2e51c2d377202a9354ff2f3cb1b9b9bb8da4474
SERVER_HANDSHAKE_TRAFFIC_SECRET 65579f3c8e1c007927311e4f6f8e2ed0dccd4696fb0d6b44eed073d913d9c359 05a3780aab22d3d1230730f4131409bac736b2f0c6cba3dffe6852ac3ff313431d3c1bf2ac16374920ddd04a0bb004be
CLIENT_HANDSHAKE_TRAFFIC_SECRET 65579f3c8e1c007927311e4f6f8e2ed0dccd4696fb0d6b44eed073d913d9c359 5e5de50782584f870e40e9f0dcf6bd45c20af22dc7141510936e0cb90d2a9cc6c5e278adcefe06d8d0d036519805799d
SERVER_TRAFFIC_SECRET_0 65579f3c8e1c007927311e4f6f8e2ed0dccd4696fb0d6b44eed073d913d9c359 390d846d93d74e82ce4a3167d0aa3264d5197ce7ee1a0d5bca8dfbe72af12048fbe4f2755a32947df7e8d3825af40022
CLIENT_HANDSHAKE_TRAFFIC_SECRET 65579f3c8e1c007927311e4f6f8e2ed0dccd4696fb0d6b44eed073d913d9c359 5e5de50782584f870e40e9f0dcf6bd45c20af22dc7141510936e0cb90d2a9cc6c5e278adcefe06d8d0d036519805799d
SERVER_HANDSHAKE_TRAFFIC_SECRET 65579f3c8e1c007927311e4f6f8e2ed0dccd4696fb0d6b44eed073d913d9c359 05a3780aab22d3d1230730f4131409bac736b2f0c6cba3dffe6852ac3ff313431d3c1bf2ac16374920ddd04a0bb004be
SERVER_TRAFFIC_SECRET_0 65579f3c8e1c007927311e4f6f8e2ed0dccd4696fb0d6b44eed073d913d9c359 390d846d93d74e82ce4a3167d0aa3264d5197ce7ee1a0d5bca8dfbe72af12048fbe4f2755a32947df7e8d3825af40022
EXPORTER_SECRET 65579f3c8e1c007927311e4f6f8e2ed0dccd4696fb0d6b44eed073d913d9c359 6556f0f115504ea5a0f153017b1deed2e28790945e8047629b720211e2f44c48f36cba4ee31dad743a1f3d266d5916e6
CLIENT_TRAFFIC_SECRET_0 65579f3c8e1c007927311e4f6f8e2ed0dccd4696fb0d6b44eed073d913d9c359 d2345e36c0bc4c8ffb25257ce3556b7b93085102b01efd239adef9ccd075d47b4bb0190038f926f52dcf68a9642c50f8
SERVER_HANDSHAKE_TRAFFIC_SECRET 17543b76a0ab9d1a85eb34221c9735a2f46604e46e5ea062ca9aa91635e2f169 43416ae094271300983110373a7745f653295e86a59baec013670c7d0141720c9a8d7e09e64adee295c68b3396740693
CLIENT_HANDSHAKE_TRAFFIC_SECRET 17543b76a0ab9d1a85eb34221c9735a2f46604e46e5ea062ca9aa91635e2f169 f07e77b0fffff21f8a1489324b723f55523501ac4743f59b61fabd97db3ac472660a4b4b87b6f3cd90229e0104fc1678
SERVER_TRAFFIC_SECRET_0 17543b76a0ab9d1a85eb34221c9735a2f46604e46e5ea062ca9aa91635e2f169 d97e2ef79fef06f9ebe6c31f4267901f197f8d09e8c7662246b3544565e52cbc54d72984830ac88cb434463fc82c9273
CLIENT_HANDSHAKE_TRAFFIC_SECRET 17543b76a0ab9d1a85eb34221c9735a2f46604e46e5ea062ca9aa91635e2f169 f07e77b0fffff21f8a1489324b723f55523501ac4743f59b61fabd97db3ac472660a4b4b87b6f3cd90229e0104fc1678
SERVER_HANDSHAKE_TRAFFIC_SECRET 17543b76a0ab9d1a85eb34221c9735a2f46604e46e5ea062ca9aa91635e2f169 43416ae094271300983110373a7745f653295e86a59baec013670c7d0141720c9a8d7e09e64adee295c68b3396740693
SERVER_TRAFFIC_SECRET_0 17543b76a0ab9d1a85eb34221c9735a2f46604e46e5ea062ca9aa91635e2f169 d97e2ef79fef06f9ebe6c31f4267901f197f8d09e8c7662246b3544565e52cbc54d72984830ac88cb434463fc82c9273
EXPORTER_SECRET 17543b76a0ab9d1a85eb34221c9735a2f46604e46e5ea062ca9aa91635e2f169 8203a47b55363ab3a2258e3b6bcd41105788c0adf8e97527df6ad6459110fd725e9719211306a1f59b20d4cab8c40040
CLIENT_TRAFFIC_SECRET_0 17543b76a0ab9d1a85eb34221c9735a2f46604e46e5ea062ca9aa91635e2f169 6cd2313960f24961c0656acbf8f85664b9097ba6d9335dd4740e6b4fa393bb53ecb32869e7e0176a1ad748b104d4c90e
SERVER_HANDSHAKE_TRAFFIC_SECRET 5fe49f3cf41e0bcbade565bc6cb85b174507ea8d01a5b0292ce8906f99eaa828 6c01e9280d94c34e4f9514bcb87780153f7806633e09aeef23680c3f8bc5761e8c494ea2b27887a4f2491e1f34733110
CLIENT_HANDSHAKE_TRAFFIC_SECRET 5fe49f3cf41e0bcbade565bc6cb85b174507ea8d01a5b0292ce8906f99eaa828 8af536d852d1fc986345b3fb2194969a145abe98b75442950bc33d90b2b10024334fea24e132a329ac2ff9212e7ffc50
SERVER_TRAFFIC_SECRET_0 5fe49f3cf41e0bcbade565bc6cb85b174507ea8d01a5b0292ce8906f99eaa828 a149eff8d8a626d84fb393da6f1679725396d1c64980b53300eb237c84f2a1ab6e51e54274dc8da87ae3fe5d9b69b1da
CLIENT_HANDSHAKE_TRAFFIC_SECRET 5fe49f3cf41e0bcbade565bc6cb85b174507ea8d01a5b0292ce8906f99eaa828 8af536d852d1fc986345b3fb2194969a145abe98b75442950bc33d90b2b10024334fea24e132a329ac2ff9212e7ffc50
SERVER_HANDSHAKE_TRAFFIC_SECRET 5fe49f3cf41e0bcbade565bc6cb85b174507ea8d01a5b0292ce8906f99eaa828 6c01e9280d94c34e4f9514bcb87780153f7806633e09aeef23680c3f8bc5761e8c494ea2b27887a4f2491e1f34733110
SERVER_TRAFFIC_SECRET_0 5fe49f3cf41e0bcbade565bc6cb85b174507ea8d01a5b0292ce8906f99eaa828 a149eff8d8a626d84fb393da6f1679725396d1c64980b53300eb237c84f2a1ab6e51e54274dc8da87ae3fe5d9b69b1da
EXPORTER_SECRET 5fe49f3cf41e0bcbade565bc6cb85b174507ea8d01a5b0292ce8906f99eaa828 c066cfea7239ae59447b4a2f306cf92deef701315dc8b9a68f8e6620aab58f9a7868bdc471126dc1bfa584ac689e9602
CLIENT_TRAFFIC_SECRET_0 5fe49f3cf41e0bcbade565bc6cb85b174507ea8d01a5b0292ce8906f99eaa828 590889895e14423e52fcaab5a10ec93e704f02c745693614009929d4716d171d6d038d98c99d77ec898c158f0f008451
SERVER_HANDSHAKE_TRAFFIC_SECRET 6ad0cf3072cb1b54373baa07954e5ecf2a828deb9be2a09a0375ccdc140cc089 4d2e7eb0e6d87ca7a1b20608d84864ad0d0c380029da8cd127b2eeae34a01bfdc6136cbb644a6a6a4ef3a4e9b0b95072
CLIENT_HANDSHAKE_TRAFFIC_SECRET 6ad0cf3072cb1b54373baa07954e5ecf2a828deb9be2a09a0375ccdc140cc089 cc2f28d1b610737c84b80bb159f2248d1ec916c8123ace2e09be4301615ef0b8d8d2f41c0f47ec3743496a5f24e96161
SERVER_TRAFFIC_SECRET_0 6ad0cf3072cb1b54373baa07954e5ecf2a828deb9be2a09a0375ccdc140cc089 7033fb0ef3ef4cf0fd4190ccacbbcca823346d4efba72a722c5192ef2521fab20e3306cf21af5d726b899bdd90fea0ed
CLIENT_HANDSHAKE_TRAFFIC_SECRET 6ad0cf3072cb1b54373baa07954e5ecf2a828deb9be2a09a0375ccdc140cc089 cc2f28d1b610737c84b80bb159f2248d1ec916c8123ace2e09be4301615ef0b8d8d2f41c0f47ec3743496a5f24e96161
SERVER_HANDSHAKE_TRAFFIC_SECRET 6ad0cf3072cb1b54373baa07954e5ecf2a828deb9be2a09a0375ccdc140cc089 4d2e7eb0e6d87ca7a1b20608d84864ad0d0c380029da8cd127b2eeae34a01bfdc6136cbb644a6a6a4ef3a4e9b0b95072
SERVER_TRAFFIC_SECRET_0 6ad0cf3072cb1b54373baa07954e5ecf2a828deb9be2a09a0375ccdc140cc089 7033fb0ef3ef4cf0fd4190ccacbbcca823346d4efba72a722c5192ef2521fab20e3306cf21af5d726b899bdd90fea0ed
EXPORTER_SECRET 6ad0cf3072cb1b54373baa07954e5ecf2a828deb9be2a09a0375ccdc140cc089 3b0d75304fdde8b0501825e0fa73d072fbde1b21b90eb91f838062bf953c95bcc132d6b5a768b28753c67e1d1667ccd6
CLIENT_TRAFFIC_SECRET_0 6ad0cf3072cb1b54373baa07954e5ecf2a828deb9be2a09a0375ccdc140cc089 b885370da0f0283c5ba0e2148fecf7a32eebb5e41a1ad47af45e771aecb6b6b5df04dbb23b91ca9b48c420f7347701e8
SERVER_HANDSHAKE_TRAFFIC_SECRET 053d50abadc9ac4e58456a297925e9783b84882650db2c2743d72179043f4111 70918abfd5d0dba89b6cce85d5927976a59f7a41daca66a72c10df17610d79c2405bd48a676be24027045d1d8227fb07
CLIENT_HANDSHAKE_TRAFFIC_SECRET 053d50abadc9ac4e58456a297925e9783b84882650db2c2743d72179043f4111 c33eb3f1998ef6665a81f09dff99bc96fe8b7009d6f08bbac020718b7aaff83a1f0b2d859286a0539a5ae387c48629ed
SERVER_TRAFFIC_SECRET_0 053d50abadc9ac4e58456a297925e9783b84882650db2c2743d72179043f4111 d60676b4072264dbeba76a3c67fabb8bad64ec7eb6069d8eb9419500113f1a4bde1c571b431d8a4e276881330a394405
CLIENT_HANDSHAKE_TRAFFIC_SECRET 053d50abadc9ac4e58456a297925e9783b84882650db2c2743d72179043f4111 c33eb3f1998ef6665a81f09dff99bc96fe8b7009d6f08bbac020718b7aaff83a1f0b2d859286a0539a5ae387c48629ed
SERVER_HANDSHAKE_TRAFFIC_SECRET 053d50abadc9ac4e58456a297925e9783b84882650db2c2743d72179043f4111 70918abfd5d0dba89b6cce85d5927976a59f7a41daca66a72c10df17610d79c2405bd48a676be24027045d1d8227fb07
SERVER_TRAFFIC_SECRET_0 053d50abadc9ac4e58456a297925e9783b84882650db2c2743d72179043f4111 d60676b4072264dbeba76a3c67fabb8bad64ec7eb6069d8eb9419500113f1a4bde1c571b431d8a4e276881330a394405
EXPORTER_SECRET 053d50abadc9ac4e58456a297925e9783b84882650db2c2743d72179043f4111 aaab5d35df99dd6e572dfa71a8f87e5de19d79a9263f0332b03edcd0bc0985450167edfc23531a06a2f150ffb7863c5c
CLIENT_TRAFFIC_SECRET_0 053d50abadc9ac4e58456a297925e9783b84882650db2c2743d72179043f4111 a1c7beb83f0c4abb6bd530f144f6b1f7c120741cec54352df8345814cb65f53117045b7f3ad73dec15250d48512d2604
SERVER_HANDSHAKE_TRAFFIC_SECRET 7f55db3e448838351868236889bc9ba1f66d37fb5f5803d7a615311791db5d1c ad4452e125036a60f8e7021ee2d4426d36ab43daa27721e58b1127d3c2a73f23af556baa80429c9e81fdcf3f1606f572
CLIENT_HANDSHAKE_TRAFFIC_SECRET 7f55db3e448838351868236889bc9ba1f66d37fb5f5803d7a615311791db5d1c a46a000811a247bf70fc115772621ec72d276b3261c6f268d15742fdd644e0fb2eaa9bc5a5dd01af2f01b2d14ac5f975
SERVER_TRAFFIC_SECRET_0 7f55db3e448838351868236889bc9ba1f66d37fb5f5803d7a615311791db5d1c 9b450720b0f0e141b075aa2f32993741ca867f0c4108e1955f6e761d16eba1840d8dda5962a523445eae6a1e6f5d569a
CLIENT_HANDSHAKE_TRAFFIC_SECRET 7f55db3e448838351868236889bc9ba1f66d37fb5f5803d7a615311791db5d1c a46a000811a247bf70fc115772621ec72d276b3261c6f268d15742fdd644e0fb2eaa9bc5a5dd01af2f01b2d14ac5f975
SERVER_HANDSHAKE_TRAFFIC_SECRET 7f55db3e448838351868236889bc9ba1f66d37fb5f5803d7a615311791db5d1c ad4452e125036a60f8e7021ee2d4426d36ab43daa27721e58b1127d3c2a73f23af556baa80429c9e81fdcf3f1606f572
SERVER_TRAFFIC_SECRET_0 7f55db3e448838351868236889bc9ba1f66d37fb5f5803d7a615311791db5d1c 9b450720b0f0e141b075aa2f32993741ca867f0c4108e1955f6e761d16eba1840d8dda5962a523445eae6a1e6f5d569a
EXPORTER_SECRET 7f55db3e448838351868236889bc9ba1f66d37fb5f5803d7a615311791db5d1c e9447778e2cef30a39a233e875adc57b2edfa459f4f6ab512509873949b963f184016f4a4ddeeda43a2ea919d5467407
CLIENT_TRAFFIC_SECRET_0 7f55db3e448838351868236889bc9ba1f66d37fb5f5803d7a615311791db5d1c 7519439e00cd4f81856f3059d8511fbca29db1344f02cd22ad7b047779ddb38441305f4a9cbc877df839057d09ad5d4c
SERVER_HANDSHAKE_TRAFFIC_SECRET a0831538e978048719328d9e09ab4ac4ac05824d936e89e6afef711fdd367029 e6ab4b36c202c3342a4886e8b84b3b60152307691b0dbabc5acba723d0289847418f3a685bdee98d7ae6464a8981dc74
CLIENT_HANDSHAKE_TRAFFIC_SECRET a0831538e978048719328d9e09ab4ac4ac05824d936e89e6afef711fdd367029 de6e1c1d0592ece9ba94fbcfbf17be4f09de1e840b32532e5581efb0ca288bfe77dae5b2b0e63e9123b2405e4657b9b7
SERVER_TRAFFIC_SECRET_0 a0831538e978048719328d9e09ab4ac4ac05824d936e89e6afef711fdd367029 66917a9475429345eaf800d8c081c20b20a5cd8ff90b1f8d013a5fd65451350a1355557047e27a0d019a26116364826b
CLIENT_HANDSHAKE_TRAFFIC_SECRET a0831538e978048719328d9e09ab4ac4ac05824d936e89e6afef711fdd367029 de6e1c1d0592ece9ba94fbcfbf17be4f09de1e840b32532e5581efb0ca288bfe77dae5b2b0e63e9123b2405e4657b9b7
SERVER_HANDSHAKE_TRAFFIC_SECRET a0831538e978048719328d9e09ab4ac4ac05824d936e89e6afef711fdd367029 e6ab4b36c202c3342a4886e8b84b3b60152307691b0dbabc5acba723d0289847418f3a685bdee98d7ae6464a8981dc74
SERVER_TRAFFIC_SECRET_0 a0831538e978048719328d9e09ab4ac4ac05824d936e89e6afef711fdd367029 66917a9475429345eaf800d8c081c20b20a5cd8ff90b1f8d013a5fd65451350a1355557047e27a0d019a26116364826b
EXPORTER_SECRET a0831538e978048719328d9e09ab4ac4ac05824d936e89e6afef711fdd367029 4bfe2ce87e1ae851ee2de604fd5e9f8e09b4adf296724f866445653a70f521000f75ec1ba67d1bfbf21a9a1ef713a31c
CLIENT_TRAFFIC_SECRET_0 a0831538e978048719328d9e09ab4ac4ac05824d936e89e6afef711fdd367029 7f3f62be85e2113596275d8c1c4992c3b8a5617823aaeb14063fb6e496a42bd124e277d89e56c119c2e5cda110d91707
SERVER_HANDSHAKE_TRAFFIC_SECRET 40bf8f6a0fbb63d62745aaea2e0e7ddae4753c830fb64ef2737ac88daa48ee5f e2aca25606cc0fd2a79ad680e070e4b1c2570fc0355fde65d125244a8b41ac88dc584b00a900a3795cb02200be4ca42d
CLIENT_HANDSHAKE_TRAFFIC_SECRET 40bf8f6a0fbb63d62745aaea2e0e7ddae4753c830fb64ef2737ac88daa48ee5f 12ac941cb3d5fc9ce2811e7b2838b047d2dbf8bf019c0d288240fd4dd4923650e19da8980423d231f438f61aee45a871
SERVER_TRAFFIC_SECRET_0 40bf8f6a0fbb63d62745aaea2e0e7ddae4753c830fb64ef2737ac88daa48ee5f c64708f4de410a17cadf8c6a0fc8ece0ee2a2b913f12624fe4c7460525d8b0d9889281d27af5fb3bb6b08a717bbae0d2
CLIENT_HANDSHAKE_TRAFFIC_SECRET 40bf8f6a0fbb63d62745aaea2e0e7ddae4753c830fb64ef2737ac88daa48ee5f 12ac941cb3d5fc9ce2811e7b2838b047d2dbf8bf019c0d288240fd4dd4923650e19da8980423d231f438f61aee45a871
SERVER_HANDSHAKE_TRAFFIC_SECRET 40bf8f6a0fbb63d62745aaea2e0e7ddae4753c830fb64ef2737ac88daa48ee5f e2aca25606cc0fd2a79ad680e070e4b1c2570fc0355fde65d125244a8b41ac88dc584b00a900a3795cb02200be4ca42d
SERVER_TRAFFIC_SECRET_0 40bf8f6a0fbb63d62745aaea2e0e7ddae4753c830fb64ef2737ac88daa48ee5f c64708f4de410a17cadf8c6a0fc8ece0ee2a2b913f12624fe4c7460525d8b0d9889281d27af5fb3bb6b08a717bbae0d2
EXPORTER_SECRET 40bf8f6a0fbb63d62745aaea2e0e7ddae4753c830fb64ef2737ac88daa48ee5f cc0b39c80d90656be05856ff686f592116fdadd5aeeb090d037c87ebce12a32f50d8fdef6ad0fc8695e376b0c5c701a9
CLIENT_TRAFFIC_SECRET_0 40bf8f6a0fbb63d62745aaea2e0e7ddae4753c830fb64ef2737ac88daa48ee5f a0c0ad72d7897a7b328b27147d66c5c71c5d2224552877592dc949e732e0e2cd5bb3c906b41328ed2dbaa8768ae96014
SERVER_HANDSHAKE_TRAFFIC_SECRET b252ba4e51140e86294f27c0e28bc3196ab2e75b3d7411bce4f2408d2544a5ea d6956426ddaafa721edf7c42ce7fd742b57bae985607748b4e282ea0188c847ea2c0ee52b83c5c5ed05023b8357d9e52
CLIENT_HANDSHAKE_TRAFFIC_SECRET b252ba4e51140e86294f27c0e28bc3196ab2e75b3d7411bce4f2408d2544a5ea 5d1f06462e5bbd41332987e79faf97d26311199c095ab4c050724f1466b1887296c5dbc53d359f15f52b5ee17387e618
SERVER_TRAFFIC_SECRET_0 b252ba4e51140e86294f27c0e28bc3196ab2e75b3d7411bce4f2408d2544a5ea 18d57347a0bd71789f4ae026d85dd19861b94b4980e847dc12fcc28ba688b5b9d8acb26ee4589da1d3f3b615527bfc43
CLIENT_HANDSHAKE_TRAFFIC_SECRET b252ba4e51140e86294f27c0e28bc3196ab2e75b3d7411bce4f2408d2544a5ea 5d1f06462e5bbd41332987e79faf97d26311199c095ab4c050724f1466b1887296c5dbc53d359f15f52b5ee17387e618
SERVER_HANDSHAKE_TRAFFIC_SECRET b252ba4e51140e86294f27c0e28bc3196ab2e75b3d7411bce4f2408d2544a5ea d6956426ddaafa721edf7c42ce7fd742b57bae985607748b4e282ea0188c847ea2c0ee52b83c5c5ed05023b8357d9e52
SERVER_TRAFFIC_SECRET_0 b252ba4e51140e86294f27c0e28bc3196ab2e75b3d7411bce4f2408d2544a5ea 18d57347a0bd71789f4ae026d85dd19861b94b4980e847dc12fcc28ba688b5b9d8acb26ee4589da1d3f3b615527bfc43
EXPORTER_SECRET b252ba4e51140e86294f27c0e28bc3196ab2e75b3d7411bce4f2408d2544a5ea fc52cb296c0d50cbcd60802055518e325b45243abe4010937a2d53903a7e3339b417481e5458a47a88542a8d1399dab0
CLIENT_TRAFFIC_SECRET_0 b252ba4e51140e86294f27c0e28bc3196ab2e75b3d7411bce4f2408d2544a5ea 7618668028adf276c3fc6752177f9f656270ea364c7a66a7494580ba99f0050a9c371b4da3d678d9e73ccd1242cafea1
SERVER_HANDSHAKE_TRAFFIC_SECRET 977e22aef31f07f3379582e0930affbc693798f14113340de43dabe77eaa4697 50ceae2bfb0bdaf4fee9b255fbe6932c02a6ae2581cf2647d78362703e6fb4bc9c60d04ff377caeb6374148430faa692
CLIENT_HANDSHAKE_TRAFFIC_SECRET 977e22aef31f07f3379582e0930affbc693798f14113340de43dabe77eaa4697 6e6db7a29b1ce448d713c873ca370bcc12d32001d17491715525178692630311dbe6dc4ae0042bde0cfa23720736c5bc
SERVER_TRAFFIC_SECRET_0 977e22aef31f07f3379582e0930affbc693798f14113340de43dabe77eaa4697 e11bccb326ab17a4d5fccb3ef566234f3024f538e5cdb66ae7d4f516330aabfaa36cda3725167fa00b0634311b38c49b
CLIENT_HANDSHAKE_TRAFFIC_SECRET 977e22aef31f07f3379582e0930affbc693798f14113340de43dabe77eaa4697 6e6db7a29b1ce448d713c873ca370bcc12d32001d17491715525178692630311dbe6dc4ae0042bde0cfa23720736c5bc
SERVER_HANDSHAKE_TRAFFIC_SECRET 977e22aef31f07f3379582e0930affbc693798f14113340de43dabe77eaa4697 50ceae2bfb0bdaf4fee9b255fbe6932c02a6ae2581cf2647d78362703e6fb4bc9c60d04ff377caeb6374148430faa692
SERVER_TRAFFIC_SECRET_0 977e22aef31f07f3379582e0930affbc693798f14113340de43dabe77eaa4697 e11bccb326ab17a4d5fccb3ef566234f3024f538e5cdb66ae7d4f516330aabfaa36cda3725167fa00b0634311b38c49b
EXPORTER_SECRET 977e22aef31f07f3379582e0930affbc693798f14113340de43dabe77eaa4697 6d3a2a543314db87dbbbafffc1374e28bf146bce8d91fdfe27919e5365d1d2256ba9065a763532dd013dac77a1389d34
CLIENT_TRAFFIC_SECRET_0 977e22aef31f07f3379582e0930affbc693798f14113340de43dabe77eaa4697 805b1b2718e5fa5220c0ffee46db557b890e64797e9528b2229bf591b65281d91b64f557f82de849afa14bcbbac51a13
SERVER_HANDSHAKE_TRAFFIC_SECRET 3087bcf44ca502b62c7090bfb08e7ff0e73277c936a2507634723d5e190dd9b2 0ebac672b921b916f447b07a4cce1e46c3ec4cdc3ca111ef596da0e2aff9b8e16f47b864d8795a2bd9f9401d919d706d
CLIENT_HANDSHAKE_TRAFFIC_SECRET 3087bcf44ca502b62c7090bfb08e7ff0e73277c936a2507634723d5e190dd9b2 de3bb6068229f324ea0f003d735b1362d123525d8cc9e720f30c9556d8134873442848737b2a0148979e6d9efd236baf
SERVER_TRAFFIC_SECRET_0 3087bcf44ca502b62c7090bfb08e7ff0e73277c936a2507634723d5e190dd9b2 2e8be8a6a9e9921c14e1e7731aab299e1673c0e8cf8b3737be1b86268d0b1ffa9cbc06339f686130925c1fcbf9026968
CLIENT_HANDSHAKE_TRAFFIC_SECRET 3087bcf44ca502b62c7090bfb08e7ff0e73277c936a2507634723d5e190dd9b2 de3bb6068229f324ea0f003d735b1362d123525d8cc9e720f30c9556d8134873442848737b2a0148979e6d9efd236baf
SERVER_HANDSHAKE_TRAFFIC_SECRET 3087bcf44ca502b62c7090bfb08e7ff0e73277c936a2507634723d5e190dd9b2 0ebac672b921b916f447b07a4cce1e46c3ec4cdc3ca111ef596da0e2aff9b8e16f47b864d8795a2bd9f9401d919d706d
SERVER_TRAFFIC_SECRET_0 3087bcf44ca502b62c7090bfb08e7ff0e73277c936a2507634723d5e190dd9b2 2e8be8a6a9e9921c14e1e7731aab299e1673c0e8cf8b3737be1b86268d0b1ffa9cbc06339f686130925c1fcbf9026968
EXPORTER_SECRET 3087bcf44ca502b62c7090bfb08e7ff0e73277c936a2507634723d5e190dd9b2 0586589e4dd5d5278c1f3f3020fe984e212c3b653549f35b789e09dd38cf54588c7b4bb0a7f6fae175b56bba81a2b77a
CLIENT_TRAFFIC_SECRET_0 3087bcf44ca502b62c7090bfb08e7ff0e73277c936a2507634723d5e190dd9b2 5a9a9cb5b64036c342d5469b8d3d545267c2ddcb6467654babb74015f5c6c8fd033c41715a7d50d74f82309adec1f7a3
SERVER_HANDSHAKE_TRAFFIC_SECRET f2c67c0536529a152be986ca35a4f1315a68b2ff8f7ccdc0c93170999c61dedc a14f511b209b3b9a4ebe53e7f101fc39659ebb43dee4b2e07cfd56365f9a695a91804ca834865aa5a85d4d94f0d132e1
CLIENT_HANDSHAKE_TRAFFIC_SECRET f2c67c0536529a152be986ca35a4f1315a68b2ff8f7ccdc0c93170999c61dedc 836424612f3258e66e1c220e36227c4b0714ce41a19d7a2ec0de6c9bc19d64b4a390f24b8ba30b02c995fa45083dde53
SERVER_TRAFFIC_SECRET_0 f2c67c0536529a152be986ca35a4f1315a68b2ff8f7ccdc0c93170999c61dedc f6eeb27e2633adb8a249455c86781d42550f691428eda2b0d2e8503eb447bb793003f91b365fde18fb0e96fb53733e79
CLIENT_HANDSHAKE_TRAFFIC_SECRET f2c67c0536529a152be986ca35a4f1315a68b2ff8f7ccdc0c93170999c61dedc 836424612f3258e66e1c220e36227c4b0714ce41a19d7a2ec0de6c9bc19d64b4a390f24b8ba30b02c995fa45083dde53
SERVER_HANDSHAKE_TRAFFIC_SECRET f2c67c0536529a152be986ca35a4f1315a68b2ff8f7ccdc0c93170999c61dedc a14f511b209b3b9a4ebe53e7f101fc39659ebb43dee4b2e07cfd56365f9a695a91804ca834865aa5a85d4d94f0d132e1
SERVER_TRAFFIC_SECRET_0 f2c67c0536529a152be986ca35a4f1315a68b2ff8f7ccdc0c93170999c61dedc f6eeb27e2633adb8a249455c86781d42550f691428eda2b0d2e8503eb447bb793003f91b365fde18fb0e96fb53733e79
EXPORTER_SECRET f2c67c0536529a152be986ca35a4f1315a68b2ff8f7ccdc0c93170999c61dedc 2887be7d9866d85fe15eb412f35c3c36c081911ff9b87431eb4101f724d6cdd6aa5222bfecb5c773969278d6a035925b
CLIENT_TRAFFIC_SECRET_0 f2c67c0536529a152be986ca35a4f1315a68b2ff8f7ccdc0c93170999c61dedc ec81b8e7923758ea5727f34b31af8275af71d277ce44a97b4aed0e74a0bb5b41b8059779adfb9188d71c9333a96d44fc
SERVER_HANDSHAKE_TRAFFIC_SECRET 0ec7b2ff8a27e8e58ca8034dcc9da5885443135cfe425cf2c641b6891ef0bb0f 39eeab65dfc3d04cfbd99c1008b56e16ce1495bda4e0dbb47b61dd290c31cc74e37868273f2a9663a79e6f63f913cf85
CLIENT_HANDSHAKE_TRAFFIC_SECRET 0ec7b2ff8a27e8e58ca8034dcc9da5885443135cfe425cf2c641b6891ef0bb0f 88be67771833da4ab818de2b33e2e01d8cb7d0a6b9f52870c34ada032a9da1ace9358d1f6fecd54e8ff88559ceea5f46
SERVER_TRAFFIC_SECRET_0 0ec7b2ff8a27e8e58ca8034dcc9da5885443135cfe425cf2c641b6891ef0bb0f fd32649883b46b347d2b5f3e6a5a65e1dfe10d97c845c4cf953cde115cd483d31e3c41244a0c7e372d331cf7215ae906
CLIENT_HANDSHAKE_TRAFFIC_SECRET 0ec7b2ff8a27e8e58ca8034dcc9da5885443135cfe425cf2c641b6891ef0bb0f 88be67771833da4ab818de2b33e2e01d8cb7d0a6b9f52870c34ada032a9da1ace9358d1f6fecd54e8ff88559ceea5f46
SERVER_HANDSHAKE_TRAFFIC_SECRET 0ec7b2ff8a27e8e58ca8034dcc9da5885443135cfe425cf2c641b6891ef0bb0f 39eeab65dfc3d04cfbd99c1008b56e16ce1495bda4e0dbb47b61dd290c31cc74e37868273f2a9663a79e6f63f913cf85
SERVER_TRAFFIC_SECRET_0 0ec7b2ff8a27e8e58ca8034dcc9da5885443135cfe425cf2c641b6891ef0bb0f fd32649883b46b347d2b5f3e6a5a65e1dfe10d97c845c4cf953cde115cd483d31e3c41244a0c7e372d331cf7215ae906
EXPORTER_SECRET 0ec7b2ff8a27e8e58ca8034dcc9da5885443135cfe425cf2c641b6891ef0bb0f 85af9f79a1642897f9bbeceb421eead82f7510bf62a28b7965da6949f5c7fda022cb68196c3d91d704c2b8bf9b8bb9e3
CLIENT_TRAFFIC_SECRET_0 0ec7b2ff8a27e8e58ca8034dcc9da5885443135cfe425cf2c641b6891ef0bb0f e1d110646ee68d37a213a63493181f9f19a1ad75d9715a76cc08e6a82b6842f90d6ec44a27651ad88603bb8e1bca4814
SERVER_HANDSHAKE_TRAFFIC_SECRET ae3d99517de8a1f65104d2e5d06367e6067dcf358aa4fd9a00f1eacd116f4fec c2e89cb9f2ce1ec875fb6c73d549c9bba946e262e311ee0ed71e6e85567db35dc1899bc82d5bf79614636e584301ed7e
CLIENT_HANDSHAKE_TRAFFIC_SECRET ae3d99517de8a1f65104d2e5d06367e6067dcf358aa4fd9a00f1eacd116f4fec e6530c959f1ea1a536ef4fcc10e628e854793682f8c17b749b98a812d417706db0efdb50527483db6aba387ade47451c
SERVER_TRAFFIC_SECRET_0 ae3d99517de8a1f65104d2e5d06367e6067dcf358aa4fd9a00f1eacd116f4fec e9bd89b71953b0cc3478c28f15c103da55aec5424aa6778dd5e2c0e81edcbe2153861d5fd27de7e5a1eccdc4fd3a66d5
CLIENT_HANDSHAKE_TRAFFIC_SECRET ae3d99517de8a1f65104d2e5d06367e6067dcf358aa4fd9a00f1eacd116f4fec e6530c959f1ea1a536ef4fcc10e628e854793682f8c17b749b98a812d417706db0efdb50527483db6aba387ade47451c
SERVER_HANDSHAKE_TRAFFIC_SECRET ae3d99517de8a1f65104d2e5d06367e6067dcf358aa4fd9a00f1eacd116f4fec c2e89cb9f2ce1ec875fb6c73d549c9bba946e262e311ee0ed71e6e85567db35dc1899bc82d5bf79614636e584301ed7e
SERVER_TRAFFIC_SECRET_0 ae3d99517de8a1f65104d2e5d06367e6067dcf358aa4fd9a00f1eacd116f4fec e9bd89b71953b0cc3478c28f15c103da55aec5424aa6778dd5e2c0e81edcbe2153861d5fd27de7e5a1eccdc4fd3a66d5
EXPORTER_SECRET ae3d99517de8a1f65104d2e5d06367e6067dcf358aa4fd9a00f1eacd116f4fec eb0770f25fa0d89ce4bddbd0d28f3bd4e241fc3bbfef1d0a4addacf7caa606d4c3213332a910c3caa5ad3f44b0ca4fd6
CLIENT_TRAFFIC_SECRET_0 ae3d99517de8a1f65104d2e5d06367e6067dcf358aa4fd9a00f1eacd116f4fec 3b4167367eda0156b0af4cefaa0dc50d9acef515c3c4c9750725544c0f0bec60ffcddd9e03bc1e04ba6c8b1dc32b8eb7
SERVER_HANDSHAKE_TRAFFIC_SECRET 975e09603c1ab5bbab17d82f768eefb225ff89b2ee713a7e152c8017d787bae5 d9dc2bd6b07a537a95d4cb86e70eb9094dc20efd7ce4f1b51ea3cd2d551e4ab87f83e825d11a389e8783c8f6dbf44c68
CLIENT_HANDSHAKE_TRAFFIC_SECRET 975e09603c1ab5bbab17d82f768eefb225ff89b2ee713a7e152c8017d787bae5 dd78a3232a61c5304fc94615a88c79c8ef4b4212c53065dfffe16cbce14542be272e37c3cc66ee032c084e019c51a281
SERVER_TRAFFIC_SECRET_0 975e09603c1ab5bbab17d82f768eefb225ff89b2ee713a7e152c8017d787bae5 7bc2d31fc35f26abea00adc4d2d075d472c7c6fd09e785a658031935872e4b4d021498beaaa39dd472abefe598b98aa2
CLIENT_HANDSHAKE_TRAFFIC_SECRET 975e09603c1ab5bbab17d82f768eefb225ff89b2ee713a7e152c8017d787bae5 dd78a3232a61c5304fc94615a88c79c8ef4b4212c53065dfffe16cbce14542be272e37c3cc66ee032c084e019c51a281
SERVER_HANDSHAKE_TRAFFIC_SECRET 975e09603c1ab5bbab17d82f768eefb225ff89b2ee713a7e152c8017d787bae5 d9dc2bd6b07a537a95d4cb86e70eb9094dc20efd7ce4f1b51ea3cd2d551e4ab87f83e825d11a389e8783c8f6dbf44c68
SERVER_TRAFFIC_SECRET_0 975e09603c1ab5bbab17d82f768eefb225ff89b2ee713a7e152c8017d787bae5 7bc2d31fc35f26abea00adc4d2d075d472c7c6fd09e785a658031935872e4b4d021498beaaa39dd472abefe598b98aa2
EXPORTER_SECRET 975e09603c1ab5bbab17d82f768eefb225ff89b2ee713a7e152c8017d787bae5 c1b391f2dcdbf641aa7e7d43fd1f12f991913288eaed41aeb3c19418dfc7b8be1b271e930c4149a5d10868eaf21a97c7
CLIENT_TRAFFIC_SECRET_0 975e09603c1ab5bbab17d82f768eefb225ff89b2ee713a7e152c8017d787bae5 5a2794c245c8b133fc94a17ec34f1f110b43b0271d5c5d8861fff133099e542222f603f8e7ed9b562bb1ad93cfcc9e62
SERVER_HANDSHAKE_TRAFFIC_SECRET 68dc92ef4863e2c9d5e5cab37d231dc2c2493a6e84c1387317c568637bf18768 efa86c89d43dc3dbc7a45053de804f8fa33d80fc105198b88295ccd3df0190c5fcdc277d61b0e7359301f56c45de9e07
CLIENT_HANDSHAKE_TRAFFIC_SECRET 68dc92ef4863e2c9d5e5cab37d231dc2c2493a6e84c1387317c568637bf18768 33eb3b7d2afeb3468cef34f223d81b6ed8f5d2d721693177f48f910bb32c369fe01bfb06160fab6184ed3a30c3f36e6e
SERVER_TRAFFIC_SECRET_0 68dc92ef4863e2c9d5e5cab37d231dc2c2493a6e84c1387317c568637bf18768 19536e840653e8fa48ab26fd5291eadfb01ec3782e64383e3ef7a1653fbfdfaae96e24186cb46e704ff27a26eac04f48
CLIENT_HANDSHAKE_TRAFFIC_SECRET 68dc92ef4863e2c9d5e5cab37d231dc2c2493a6e84c1387317c568637bf18768 33eb3b7d2afeb3468cef34f223d81b6ed8f5d2d721693177f48f910bb32c369fe01bfb06160fab6184ed3a30c3f36e6e
SERVER_HANDSHAKE_TRAFFIC_SECRET 68dc92ef4863e2c9d5e5cab37d231dc2c2493a6e84c1387317c568637bf18768 efa86c89d43dc3dbc7a45053de804f8fa33d80fc105198b88295ccd3df0190c5fcdc277d61b0e7359301f56c45de9e07
SERVER_TRAFFIC_SECRET_0 68dc92ef4863e2c9d5e5cab37d231dc2c2493a6e84c1387317c568637bf18768 19536e840653e8fa48ab26fd5291eadfb01ec3782e64383e3ef7a1653fbfdfaae96e24186cb46e704ff27a26eac04f48
EXPORTER_SECRET 68dc92ef4863e2c9d5e5cab37d231dc2c2493a6e84c1387317c568637bf18768 51cf099cc3dc53ba9bd48b21134685fdfbc4834a0e5c06330c45fc40492bb53e6c5de64b66a447f10db999e118ddaaa0
CLIENT_TRAFFIC_SECRET_0 68dc92ef4863e2c9d5e5cab37d231dc2c2493a6e84c1387317c568637bf18768 743cddfbd66df49196e90f20703f59e1058949590336e716129035c19f79b747784d5b0e9df58568564a1c4d4710f0ce
SERVER_HANDSHAKE_TRAFFIC_SECRET da335957b390b29568b1163084fd68ef8face9f6d25042a09c6f25a1e9b980e5 641f0eeb8805d66c2e65caeb19f0a78001e3049d67276e218acc630d9fccab6a73a6d2d0835f10aee06a2e589ebe852a
CLIENT_HANDSHAKE_TRAFFIC_SECRET da335957b390b29568b1163084fd68ef8face9f6d25042a09c6f25a1e9b980e5 d29972602420c58d84746d280ddb811f6e0add8d0756f411ede433143c44054f3273a8cbdd21aaa51bd0aef81980fe09
SERVER_TRAFFIC_SECRET_0 da335957b390b29568b1163084fd68ef8face9f6d25042a09c6f25a1e9b980e5 d7df5f175b94504daea3d0fd6738d0f4cc5a72b11afc8e5e81f9acedac34864aa8ca2a33de049057a206ec69cc62b16b
CLIENT_HANDSHAKE_TRAFFIC_SECRET da335957b390b29568b1163084fd68ef8face9f6d25042a09c6f25a1e9b980e5 d29972602420c58d84746d280ddb811f6e0add8d0756f411ede433143c44054f3273a8cbdd21aaa51bd0aef81980fe09
SERVER_HANDSHAKE_TRAFFIC_SECRET da335957b390b29568b1163084fd68ef8face9f6d25042a09c6f25a1e9b980e5 641f0eeb8805d66c2e65caeb19f0a78001e3049d67276e218acc630d9fccab6a73a6d2d0835f10aee06a2e589ebe852a
SERVER_TRAFFIC_SECRET_0 da335957b390b29568b1163084fd68ef8face9f6d25042a09c6f25a1e9b980e5 d7df5f175b94504daea3d0fd6738d0f4cc5a72b11afc8e5e81f9acedac34864aa8ca2a33de049057a206ec69cc62b16b
EXPORTER_SECRET da335957b390b29568b1163084fd68ef8face9f6d25042a09c6f25a1e9b980e5 d4118a9ad549825855e193d756df2fbcd095d4027727f71051c8ceb41cf64676c5032a95d64bb0a102826cf2905f6af1
CLIENT_TRAFFIC_SECRET_0 da335957b390b29568b1163084fd68ef8face9f6d25042a09c6f25a1e9b980e5 fc62cce35dbd290a006587e86e205c67c03cc6044d2c1655b9dd99255351ee3af9deea3a1db35495f5e874429b4255c8
SERVER_HANDSHAKE_TRAFFIC_SECRET 330fd5b3d1d79c3a2e1e8768f21d8c6c0c943e398a1229a56488015f00917554 23ae5ea2eaba814fd518fc031311ecd5625a29906ce2beba0269c3a478d680be93064eb8d0852a6fb2d2f78d63a146e6
CLIENT_HANDSHAKE_TRAFFIC_SECRET 330fd5b3d1d79c3a2e1e8768f21d8c6c0c943e398a1229a56488015f00917554 55448b4d16e827d1d11e356e4c153ff5fcc78df57cb1c7481f88074cad47d0d19220f476c1f9021bcd6893cf0a238a0e
SERVER_TRAFFIC_SECRET_0 330fd5b3d1d79c3a2e1e8768f21d8c6c0c943e398a1229a56488015f00917554 6a4c28f8402cec3efc9316747d76f1073bf86f5847aa5674be89852e865c3c7795fbcf374ce4f171581db745ef160ca1
CLIENT_HANDSHAKE_TRAFFIC_SECRET 330fd5b3d1d79c3a2e1e8768f21d8c6c0c943e398a1229a56488015f00917554 55448b4d16e827d1d11e356e4c153ff5fcc78df57cb1c7481f88074cad47d0d19220f476c1f9021bcd6893cf0a238a0e
SERVER_HANDSHAKE_TRAFFIC_SECRET 330fd5b3d1d79c3a2e1e8768f21d8c6c0c943e398a1229a56488015f00917554 23ae5ea2eaba814fd518fc031311ecd5625a29906ce2beba0269c3a478d680be93064eb8d0852a6fb2d2f78d63a146e6
SERVER_TRAFFIC_SECRET_0 330fd5b3d1d79c3a2e1e8768f21d8c6c0c943e398a1229a56488015f00917554 6a4c28f8402cec3efc9316747d76f1073bf86f5847aa5674be89852e865c3c7795fbcf374ce4f171581db745ef160ca1
EXPORTER_SECRET 330fd5b3d1d79c3a2e1e8768f21d8c6c0c943e398a1229a56488015f00917554 4a465f39d4a0bd7acfde661a4fe73d0ba6de2b32811147c97f5dd722489ac361f5ed824c6339be9bd852dbe8c69c21b1
CLIENT_TRAFFIC_SECRET_0 330fd5b3d1d79c3a2e1e8768f21d8c6c0c943e398a1229a56488015f00917554 b39cc71cac88249d5e43e0ce01af99739111f1187cd8e3f3f041d9bcef846909793c0c8fcfe21fe78a036217d9b67550
SERVER_HANDSHAKE_TRAFFIC_SECRET 41321f29a3792e265277d76d0b490f89c4bcc7f4f90319160ae96abe4b9f4f8f cbbedc4e772076042dbb519742befde5819a487021fdd711b2a8af77cd79f0ee8426c17b90c616b346c2c7ada231387f
CLIENT_HANDSHAKE_TRAFFIC_SECRET 41321f29a3792e265277d76d0b490f89c4bcc7f4f90319160ae96abe4b9f4f8f 0f6e36207e5a39028eb2673f39231ba97c67c42ac8c3e7cc0fe832c03534f8b6333aaffbd4ba188ee40e3ff532c3d897
SERVER_TRAFFIC_SECRET_0 41321f29a3792e265277d76d0b490f89c4bcc7f4f90319160ae96abe4b9f4f8f fbadc4e7943c69658fb76b470f0e950e328778836de00dcdf823a4ed87f908f726850a62a5788c5076e6a0d694e7ad03
CLIENT_HANDSHAKE_TRAFFIC_SECRET 41321f29a3792e265277d76d0b490f89c4bcc7f4f90319160ae96abe4b9f4f8f 0f6e36207e5a39028eb2673f39231ba97c67c42ac8c3e7cc0fe832c03534f8b6333aaffbd4ba188ee40e3ff532c3d897
SERVER_HANDSHAKE_TRAFFIC_SECRET 41321f29a3792e265277d76d0b490f89c4bcc7f4f90319160ae96abe4b9f4f8f cbbedc4e772076042dbb519742befde5819a487021fdd711b2a8af77cd79f0ee8426c17b90c616b346c2c7ada231387f
SERVER_TRAFFIC_SECRET_0 41321f29a3792e265277d76d0b490f89c4bcc7f4f90319160ae96abe4b9f4f8f fbadc4e7943c69658fb76b470f0e950e328778836de00dcdf823a4ed87f908f726850a62a5788c5076e6a0d694e7ad03
EXPORTER_SECRET 41321f29a3792e265277d76d0b490f89c4bcc7f4f90319160ae96abe4b9f4f8f 03e5fe93791daba7e1cd4a4df77e884a5dc8636cce0abf71b66d7681a24a4e6d8a80698b57845c74b20d123e3f40d462
CLIENT_TRAFFIC_SECRET_0 41321f29a3792e265277d76d0b490f89c4bcc7f4f90319160ae96abe4b9f4f8f a77b5db401245b4b7d41921ef46efced5876c244647b9dd012e21c73dace183110b6b7c243e43686c4f78a02e0f91a71
SERVER_HANDSHAKE_TRAFFIC_SECRET 0469ae7cdaed685d8b71c3d9ad940c408e2a72864da7c987373ae0327ffd957e b9d13e63e485009e620b7164636092cf29673fbc636e3047a4f9f595dc734c3e71921c7015c6c2f4975623fa219323a7
CLIENT_HANDSHAKE_TRAFFIC_SECRET 0469ae7cdaed685d8b71c3d9ad940c408e2a72864da7c987373ae0327ffd957e 6b040797cec56b368c0e20c3f04a36f6f556222f62164b550503da50f1caf80a1ec62bb0875c079acaa2418e7e5c5fb1
SERVER_TRAFFIC_SECRET_0 0469ae7cdaed685d8b71c3d9ad940c408e2a72864da7c987373ae0327ffd957e 8ac968b5b4b2be07dcbd1053862efe53610cfa6029609b151e15c97e9d3a38bb454944d303978936fce1d80cae674a60
CLIENT_HANDSHAKE_TRAFFIC_SECRET 0469ae7cdaed685d8b71c3d9ad940c408e2a72864da7c987373ae0327ffd957e 6b040797cec56b368c0e20c3f04a36f6f556222f62164b550503da50f1caf80a1ec62bb0875c079acaa2418e7e5c5fb1
SERVER_HANDSHAKE_TRAFFIC_SECRET 0469ae7cdaed685d8b71c3d9ad940c408e2a72864da7c987373ae0327ffd957e b9d13e63e485009e620b7164636092cf29673fbc636e3047a4f9f595dc734c3e71921c7015c6c2f4975623fa219323a7
SERVER_TRAFFIC_SECRET_0 0469ae7cdaed685d8b71c3d9ad940c408e2a72864da7c987373ae0327ffd957e 8ac968b5b4b2be07dcbd1053862efe53610cfa6029609b151e15c97e9d3a38bb454944d303978936fce1d80cae674a60
EXPORTER_SECRET 0469ae7cdaed685d8b71c3d9ad940c408e2a72864da7c987373ae0327ffd957e d46d6a4b86c13e35e1a21f8e28c1a28c9cc7edc9e65e507222f7cb956aecdefb29b84e44470ddf0f4397230c8a837765
CLIENT_TRAFFIC_SECRET_0 0469ae7cdaed685d8b71c3d9ad940c408e2a72864da7c987373ae0327ffd957e f70d65b1cbf0f0bab4869c5bcdedea81acb94c4d3d8a97311521739bf325c183a37886e5e2aac5f19fd0d7c1e80eba59
SERVER_HANDSHAKE_TRAFFIC_SECRET 2f2bc4f84f6fbb82c9955aec9abaf22e57cd76c5128b0f6e0b8cc032b1b81523 99d9af243c9182a5aefc201ba39765d1e129324a9825059deda2db03937732e638e4a06f4b64bc31fa98c34c9c1607a3
CLIENT_HANDSHAKE_TRAFFIC_SECRET 2f2bc4f84f6fbb82c9955aec9abaf22e57cd76c5128b0f6e0b8cc032b1b81523 1e040d83a23ac00e13d5fff4da644d906818d970f4aa3c60c4f0af7bccebb20d5d170f28b6618d16acfadec126994ad4
SERVER_TRAFFIC_SECRET_0 2f2bc4f84f6fbb82c9955aec9abaf22e57cd76c5128b0f6e0b8cc032b1b81523 850a001f795b822ba7c1cec0d3e064132b37fcd006ce700b271731deeb118eff0d137831ee66fc68f86deb28921fc0b3
CLIENT_HANDSHAKE_TRAFFIC_SECRET 2f2bc4f84f6fbb82c9955aec9abaf22e57cd76c5128b0f6e0b8cc032b1b81523 1e040d83a23ac00e13d5fff4da644d906818d970f4aa3c60c4f0af7bccebb20d5d170f28b6618d16acfadec126994ad4
SERVER_HANDSHAKE_TRAFFIC_SECRET 2f2bc4f84f6fbb82c9955aec9abaf22e57cd76c5128b0f6e0b8cc032b1b81523 99d9af243c9182a5aefc201ba39765d1e129324a9825059deda2db03937732e638e4a06f4b64bc31fa98c34c9c1607a3
SERVER_TRAFFIC_SECRET_0 2f2bc4f84f6fbb82c9955aec9abaf22e57cd76c5128b0f6e0b8cc032b1b81523 850a001f795b822ba7c1cec0d3e064132b37fcd006ce700b271731deeb118eff0d137831ee66fc68f86deb28921fc0b3
EXPORTER_SECRET 2f2bc4f84f6fbb82c9955aec9abaf22e57cd76c5128b0f6e0b8cc032b1b81523 5abd3ea3874865b04cb975c9295d8ba606c51720e812391e7e11ec28133baa1c8b089b871060ec3cec79be5891574878
CLIENT_TRAFFIC_SECRET_0 2f2bc4f84f6fbb82c9955aec9abaf22e57cd76c5128b0f6e0b8cc032b1b81523 e13e93337fb764b37af26dc7ce9134a7b3a11c09485578e97598546222d0241d2ca8bea685056790447cba1d36967da1
SERVER_HANDSHAKE_TRAFFIC_SECRET fc966f4225d1e04e08e637d0f7301681b5717008ee1e09b3a71b6bbefbf5caef 8fbe373794519dbade0892efe7e7564ffad3137e542efdf0ce7ed5f970da2b248c80ef4d7dfe5665fc0a1dccc1bf87fb
CLIENT_HANDSHAKE_TRAFFIC_SECRET fc966f4225d1e04e08e637d0f7301681b5717008ee1e09b3a71b6bbefbf5caef ca79b6599bf253b3f68da66bd9cb3d23d02d464aa889e7f50b5bc08ec7c902ce73c846e260773d373e8711e533d4fb95
SERVER_TRAFFIC_SECRET_0 fc966f4225d1e04e08e637d0f7301681b5717008ee1e09b3a71b6bbefbf5caef af9755e5e8bfe05b2e4c58ea057d4668155f35c9265738bf334a54b35d1838042b84a8d480f20d55abbed3350ca79bf2
CLIENT_HANDSHAKE_TRAFFIC_SECRET fc966f4225d1e04e08e637d0f7301681b5717008ee1e09b3a71b6bbefbf5caef ca79b6599bf253b3f68da66bd9cb3d23d02d464aa889e7f50b5bc08ec7c902ce73c846e260773d373e8711e533d4fb95
SERVER_HANDSHAKE_TRAFFIC_SECRET fc966f4225d1e04e08e637d0f7301681b5717008ee1e09b3a71b6bbefbf5caef 8fbe373794519dbade0892efe7e7564ffad3137e542efdf0ce7ed5f970da2b248c80ef4d7dfe5665fc0a1dccc1bf87fb
SERVER_TRAFFIC_SECRET_0 fc966f4225d1e04e08e637d0f7301681b5717008ee1e09b3a71b6bbefbf5caef af9755e5e8bfe05b2e4c58ea057d4668155f35c9265738bf334a54b35d1838042b84a8d480f20d55abbed3350ca79bf2
EXPORTER_SECRET fc966f4225d1e04e08e637d0f7301681b5717008ee1e09b3a71b6bbefbf5caef 25b3cca7b11059ec5aa155ac0505c3c1ab50154075d8f5269661f97f6c732ce646b8a7b1532aef700a5106960c505d4b
CLIENT_TRAFFIC_SECRET_0 fc966f4225d1e04e08e637d0f7301681b5717008ee1e09b3a71b6bbefbf5caef 03282ded1abdd62f50d0cc7508d25c9ffc7588c2d3fa3915e7dfa51c84516c340983818e8a82d1cecc3cfa3581768b5f
SERVER_HANDSHAKE_TRAFFIC_SECRET dc07c90a89f835a5e0d4b5d5da2453467950098c92013b12bb7b93abbc2a5ee5 f014c3d4f1c5f1efb09de0f1ef2b76c4f38b617835b9419aa5d0b7ad3515d3788b1783b5246690602e6220fba22c868f
CLIENT_HANDSHAKE_TRAFFIC_SECRET dc07c90a89f835a5e0d4b5d5da2453467950098c92013b12bb7b93abbc2a5ee5 8b2928193cf2938dd1d4da983dc7dc030f269ebddc354beeb18ffe40345a5ba8d584bc8642aca07bf15f9789f44c487f
SERVER_TRAFFIC_SECRET_0 dc07c90a89f835a5e0d4b5d5da2453467950098c92013b12bb7b93abbc2a5ee5 d466946df991e59a364e4e38a3ff99b56e800c59e976f39a7654a2b607d443930d476ab8c9337a464868e5e9cf637ccf
CLIENT_HANDSHAKE_TRAFFIC_SECRET dc07c90a89f835a5e0d4b5d5da2453467950098c92013b12bb7b93abbc2a5ee5 8b2928193cf2938dd1d4da983dc7dc030f269ebddc354beeb18ffe40345a5ba8d584bc8642aca07bf15f9789f44c487f
SERVER_HANDSHAKE_TRAFFIC_SECRET dc07c90a89f835a5e0d4b5d5da2453467950098c92013b12bb7b93abbc2a5ee5 f014c3d4f1c5f1efb09de0f1ef2b76c4f38b617835b9419aa5d0b7ad3515d3788b1783b5246690602e6220fba22c868f
SERVER_TRAFFIC_SECRET_0 dc07c90a89f835a5e0d4b5d5da2453467950098c92013b12bb7b93abbc2a5ee5 d466946df991e59a364e4e38a3ff99b56e800c59e976f39a7654a2b607d443930d476ab8c9337a464868e5e9cf637ccf
EXPORTER_SECRET dc07c90a89f835a5e0d4b5d5da2453467950098c92013b12bb7b93abbc2a5ee5 881dc6762895a02724755f62baa2352543ddab711091538ea24b7c5d752260d2e14dde46601e9f973749329bd01eb022
CLIENT_TRAFFIC_SECRET_0 dc07c90a89f835a5e0d4b5d5da2453467950098c92013b12bb7b93abbc2a5ee5 c097917c878e704dc92552408d9481999e117cb4aa93d4a610d878f43ed0721181c37bc2da4ef18f3b10cf877ec2a712
SERVER_HANDSHAKE_TRAFFIC_SECRET e300e747c0616f22522e808fb0d29fa7b6bb474c319e85371a7272223b19741a 614a6139ce28d7baccbd073a359a3861b2e15843e579e305b7823bb9c577085e92ba95b85351d6fc9df3c701e114ee6c
CLIENT_HANDSHAKE_TRAFFIC_SECRET e300e747c0616f22522e808fb0d29fa7b6bb474c319e85371a7272223b19741a 346c90fce723eaa6da8c48877a624a9e71dd6a0fc5c25be070100aabc8a05982beba0fae76154ba15e5e9c1582686dbe
SERVER_TRAFFIC_SECRET_0 e300e747c0616f22522e808fb0d29fa7b6bb474c319e85371a7272223b19741a 1da3cb94347db8c54d923988ddc5988eef0433e01acc419c07917aa667d9227efd6553a9bbddf1c22096337ed451d13b
CLIENT_HANDSHAKE_TRAFFIC_SECRET e300e747c0616f22522e808fb0d29fa7b6bb474c319e85371a7272223b19741a 346c90fce723eaa6da8c48877a624a9e71dd6a0fc5c25be070100aabc8a05982beba0fae76154ba15e5e9c1582686dbe
SERVER_HANDSHAKE_TRAFFIC_SECRET e300e747c0616f22522e808fb0d29fa7b6bb474c319e85371a7272223b19741a 614a6139ce28d7baccbd073a359a3861b2e15843e579e305b7823bb9c577085e92ba95b85351d6fc9df3c701e114ee6c
SERVER_TRAFFIC_SECRET_0 e300e747c0616f22522e808fb0d29fa7b6bb474c319e85371a7272223b19741a 1da3cb94347db8c54d923988ddc5988eef0433e01acc419c07917aa667d9227efd6553a9bbddf1c22096337ed451d13b
EXPORTER_SECRET e300e747c0616f22522e808fb0d29fa7b6bb474c319e85371a7272223b19741a 8cd4ca53a0f44b2040cb10ba24a05ac9c1fff3f9e5cfed51e2af245542e5b704c763f7f38c2dbd3adc039ccc10569ea6
CLIENT_TRAFFIC_SECRET_0 e300e747c0616f22522e808fb0d29fa7b6bb474c319e85371a7272223b19741a 325ac4174559d7bf8f4e53e38d6cfe25422fd030940d882d94a2cb9956980e3d14187ac9959f5b191cadf8b082bb5d02
SERVER_HANDSHAKE_TRAFFIC_SECRET 342e4a4a502e26f4e044af7ffe60f9e14e0888a98836b4d294d05763cd3edf76 66fdfe8e0f751e3afcdc65751537a93f7adf7b62fb7eb207f4d4ad4e8d0517e7663e2b63065c27c968a1b736ef87ebf3
CLIENT_HANDSHAKE_TRAFFIC_SECRET 342e4a4a502e26f4e044af7ffe60f9e14e0888a98836b4d294d05763cd3edf76 901e4a62b1fb37562b81679ffa7a7af1375b34747219c4b304e9fe98d2cbc0bd64a01a3add61b8573473524f398e501a
SERVER_TRAFFIC_SECRET_0 342e4a4a502e26f4e044af7ffe60f9e14e0888a98836b4d294d05763cd3edf76 1a9c3e6a6f64eaa4d33a7204c8f81e93ca80fd8b4e257cbd805b69b3f0489dd132fefcc8d77b418c3e4f71b93e888434
CLIENT_HANDSHAKE_TRAFFIC_SECRET 342e4a4a502e26f4e044af7ffe60f9e14e0888a98836b4d294d05763cd3edf76 901e4a62b1fb37562b81679ffa7a7af1375b34747219c4b304e9fe98d2cbc0bd64a01a3add61b8573473524f398e501a
SERVER_HANDSHAKE_TRAFFIC_SECRET 342e4a4a502e26f4e044af7ffe60f9e14e0888a98836b4d294d05763cd3edf76 66fdfe8e0f751e3afcdc65751537a93f7adf7b62fb7eb207f4d4ad4e8d0517e7663e2b63065c27c968a1b736ef87ebf3
SERVER_TRAFFIC_SECRET_0 342e4a4a502e26f4e044af7ffe60f9e14e0888a98836b4d294d05763cd3edf76 1a9c3e6a6f64eaa4d33a7204c8f81e93ca80fd8b4e257cbd805b69b3f0489dd132fefcc8d77b418c3e4f71b93e888434
EXPORTER_SECRET 342e4a4a502e26f4e044af7ffe60f9e14e0888a98836b4d294d05763cd3edf76 b75c72bbda2152c4eda078fd558b1fb54ae06c9ca8f136c7d7a35e1bae5bea79033a4cb2029396ac9cfeb481f556610d
CLIENT_TRAFFIC_SECRET_0 342e4a4a502e26f4e044af7ffe60f9e14e0888a98836b4d294d05763cd3edf76 7839519aa4b60fd35eb3ec82c0710cf7230e543d2f812ae6e475f44932c4091a2f8e13dbac2d4412f8bdfedfb70ee2b7
SERVER_HANDSHAKE_TRAFFIC_SECRET 5db0c3834ef3c24819094e41b8a0e8a9453aeaae18deeebb652c3ac0fa35d122 b63da83c07b7141758ef6d7c3b7bf1780367e4510ae23f652559e090bdee9e49f3cda4232f7a93618992f429e6892425
CLIENT_HANDSHAKE_TRAFFIC_SECRET 5db0c3834ef3c24819094e41b8a0e8a9453aeaae18deeebb652c3ac0fa35d122 a0456558243d6dd46eb6735c8dcaeb865ae871508397ab315c84de7a0b514cb92d5df56f0562f3c0c13ce61c129f3f62
SERVER_TRAFFIC_SECRET_0 5db0c3834ef3c24819094e41b8a0e8a9453aeaae18deeebb652c3ac0fa35d122 7cf61d6838fd8676dfdd062975db4d75d8025ec4759facf98c2b84e55cdf103e832a7f1550efd07b70c913228e03c91a
CLIENT_HANDSHAKE_TRAFFIC_SECRET 5db0c3834ef3c24819094e41b8a0e8a9453aeaae18deeebb652c3ac0fa35d122 a0456558243d6dd46eb6735c8dcaeb865ae871508397ab315c84de7a0b514cb92d5df56f0562f3c0c13ce61c129f3f62
SERVER_HANDSHAKE_TRAFFIC_SECRET 5db0c3834ef3c24819094e41b8a0e8a9453aeaae18deeebb652c3ac0fa35d122 b63da83c07b7141758ef6d7c3b7bf1780367e4510ae23f652559e090bdee9e49f3cda4232f7a93618992f429e6892425
SERVER_TRAFFIC_SECRET_0 5db0c3834ef3c24819094e41b8a0e8a9453aeaae18deeebb652c3ac0fa35d122 7cf61d6838fd8676dfdd062975db4d75d8025ec4759facf98c2b84e55cdf103e832a7f1550efd07b70c913228e03c91a
EXPORTER_SECRET 5db0c3834ef3c24819094e41b8a0e8a9453aeaae18deeebb652c3ac0fa35d122 3460b5a6c6de245c119fedbbb97af1bcfb0b46c012950a7d7c6b3f0dcedd5212141a1b0ee85daeaa0ae81387aa00f313
CLIENT_TRAFFIC_SECRET_0 5db0c3834ef3c24819094e41b8a0e8a9453aeaae18deeebb652c3ac0fa35d122 01ecf1d4d8d49f1f687b7064432dcf7aade94ffa8c37f1dc022991f3431d0b20f1001efdb7daa6f28092bd835e063b50
SERVER_HANDSHAKE_TRAFFIC_SECRET b3a5aa00471593fd7019a42dcc5fc8b836117554d2ec5e7a2230c9dbddbbe491 3f4698bdf90fd03833c38fc5fe66a46476e67711d3a9bcf1f628f9107c2ebf55f9f39cce163356ef03d0d7c591e82cff
CLIENT_HANDSHAKE_TRAFFIC_SECRET b3a5aa00471593fd7019a42dcc5fc8b836117554d2ec5e7a2230c9dbddbbe491 8e3ec0172d3ed7d7af583c56c265f125864af217ee2317979e2247af79936e941daa1c64ea6035844b65001c63baa896
SERVER_TRAFFIC_SECRET_0 b3a5aa00471593fd7019a42dcc5fc8b836117554d2ec5e7a2230c9dbddbbe491 b1bb654512ade86945c9bda6e4c0db93bc832897c3311aa98b28aff56ce72fdd7da197d2b3b90a93266f88f1c7eaadb3
CLIENT_HANDSHAKE_TRAFFIC_SECRET b3a5aa00471593fd7019a42dcc5fc8b836117554d2ec5e7a2230c9dbddbbe491 8e3ec0172d3ed7d7af583c56c265f125864af217ee2317979e2247af79936e941daa1c64ea6035844b65001c63baa896
SERVER_HANDSHAKE_TRAFFIC_SECRET b3a5aa00471593fd7019a42dcc5fc8b836117554d2ec5e7a2230c9dbddbbe491 3f4698bdf90fd03833c38fc5fe66a46476e67711d3a9bcf1f628f9107c2ebf55f9f39cce163356ef03d0d7c591e82cff
SERVER_TRAFFIC_SECRET_0 b3a5aa00471593fd7019a42dcc5fc8b836117554d2ec5e7a2230c9dbddbbe491 b1bb654512ade86945c9bda6e4c0db93bc832897c3311aa98b28aff56ce72fdd7da197d2b3b90a93266f88f1c7eaadb3
EXPORTER_SECRET b3a5aa00471593fd7019a42dcc5fc8b836117554d2ec5e7a2230c9dbddbbe491 a894d8fc24d500dd168a1cccca51c7c230e4c1a766a83947d7683e75104e8123f620710ff369fc1ef425779959d4968f
CLIENT_TRAFFIC_SECRET_0 b3a5aa00471593fd7019a42dcc5fc8b836117554d2ec5e7a2230c9dbddbbe491 60f1378b0baeafcb18ebe1922a87a5e76799207d9b59b9561e5894711271cb77cf396cad7e01a1fa1b3a119f87f22228
CLIENT_TRAFFIC_SECRET_0 b3a5aa00471593fd7019a42dcc5fc8b836117554d2ec5e7a2230c9dbddbbe491 60f1378b0baeafcb18ebe1922a87a5e76799207d9b59b9561e5894711271cb77cf396cad7e01a1fa1b3a119f87f22228
SERVER_HANDSHAKE_TRAFFIC_SECRET e7318772b6da8d1820c77a79b730799a2ac6e650609fc85aa570bced19a796fe 2ab059f02cf14054343db217c2aebcb9673388235589db2449ea655e33c0301ba1008b9e9ca7b1b3e86aadaedce4da6d
CLIENT_HANDSHAKE_TRAFFIC_SECRET e7318772b6da8d1820c77a79b730799a2ac6e650609fc85aa570bced19a796fe 15d582f16da1151dfb637a77ad0b7b38103ed4fc8abff297eebec3103b39dcdcf39cb74dac79dc9edb417b431823242f
SERVER_TRAFFIC_SECRET_0 e7318772b6da8d1820c77a79b730799a2ac6e650609fc85aa570bced19a796fe 33d55847331ddf05b9a347798c23a01d5d1960083abaa68791f236a6e7cbd559ea025ce2ca9c7065b01ca3f9a71559f3
CLIENT_HANDSHAKE_TRAFFIC_SECRET e7318772b6da8d1820c77a79b730799a2ac6e650609fc85aa570bced19a796fe 15d582f16da1151dfb637a77ad0b7b38103ed4fc8abff297eebec3103b39dcdcf39cb74dac79dc9edb417b431823242f
SERVER_HANDSHAKE_TRAFFIC_SECRET e7318772b6da8d1820c77a79b730799a2ac6e650609fc85aa570bced19a796fe 2ab059f02cf14054343db217c2aebcb9673388235589db2449ea655e33c0301ba1008b9e9ca7b1b3e86aadaedce4da6d
SERVER_TRAFFIC_SECRET_0 e7318772b6da8d1820c77a79b730799a2ac6e650609fc85aa570bced19a796fe 33d55847331ddf05b9a347798c23a01d5d1960083abaa68791f236a6e7cbd559ea025ce2ca9c7065b01ca3f9a71559f3
EXPORTER_SECRET e7318772b6da8d1820c77a79b730799a2ac6e650609fc85aa570bced19a796fe 7dda316610ee605b4a303df64871faa0e215c7502c6f672cdb77eb8c1fdde48d0f37997c5234160341634f797fbd72c8
CLIENT_TRAFFIC_SECRET_0 e7318772b6da8d1820c77a79b730799a2ac6e650609fc85aa570bced19a796fe b9298828bc2263651e3bbbe65b178d5e0c75d642ada2cb065a41bc3450a8ffbc806743976a93a544e76f0ac041246348
CLIENT_TRAFFIC_SECRET_0 e7318772b6da8d1820c77a79b730799a2ac6e650609fc85aa570bced19a796fe b9298828bc2263651e3bbbe65b178d5e0c75d642ada2cb065a41bc3450a8ffbc806743976a93a544e76f0ac041246348
SERVER_HANDSHAKE_TRAFFIC_SECRET ba20130c615dc1bc50f364579ace9f3315d8a192fa1ae7988eda9980546f21e5 38b4307619bb7c90881c11c43d57f6d5a44ecef9d22dbe01f1ee4a5bc361c2c6e78b1445b8bb38f2737bf55319ef8b76
CLIENT_HANDSHAKE_TRAFFIC_SECRET ba20130c615dc1bc50f364579ace9f3315d8a192fa1ae7988eda9980546f21e5 d6d103094fbd37752c7f176c3a4e906c45c917c606597503a0a77ddda0a2ff9ad8da126df6c5bfc957da3ef3fa5705cf
SERVER_TRAFFIC_SECRET_0 ba20130c615dc1bc50f364579ace9f3315d8a192fa1ae7988eda9980546f21e5 2e539ea17c507fa8625ec96be1a96f614530a27014dc5fa4fb9477281d6d0caa5a6e9d43d9f65af45daf048aae0f39e4
CLIENT_HANDSHAKE_TRAFFIC_SECRET ba20130c615dc1bc50f364579ace9f3315d8a192fa1ae7988eda9980546f21e5 d6d103094fbd37752c7f176c3a4e906c45c917c606597503a0a77ddda0a2ff9ad8da126df6c5bfc957da3ef3fa5705cf
SERVER_HANDSHAKE_TRAFFIC_SECRET ba20130c615dc1bc50f364579ace9f3315d8a192fa1ae7988eda9980546f21e5 38b4307619bb7c90881c11c43d57f6d5a44ecef9d22dbe01f1ee4a5bc361c2c6e78b1445b8bb38f2737bf55319ef8b76
SERVER_TRAFFIC_SECRET_0 ba20130c615dc1bc50f364579ace9f3315d8a192fa1ae7988eda9980546f21e5 2e539ea17c507fa8625ec96be1a96f614530a27014dc5fa4fb9477281d6d0caa5a6e9d43d9f65af45daf048aae0f39e4
EXPORTER_SECRET ba20130c615dc1bc50f364579ace9f3315d8a192fa1ae7988eda9980546f21e5 a139045458ca3d3f824eaaf12d576c85e08e3e67d7499180857adfbf5e43c58fcfc428bf28b764113b0e1f6a0c93d7bb
CLIENT_TRAFFIC_SECRET_0 ba20130c615dc1bc50f364579ace9f3315d8a192fa1ae7988eda9980546f21e5 919683267aaf672a99b5acc97d8df6065bfd848f8ad7a2e4a06edbd9db51e1591cf9a4075d27383a14ca77ce88009bea
CLIENT_TRAFFIC_SECRET_0 ba20130c615dc1bc50f364579ace9f3315d8a192fa1ae7988eda9980546f21e5 919683267aaf672a99b5acc97d8df6065bfd848f8ad7a2e4a06edbd9db51e1591cf9a4075d27383a14ca77ce88009bea
SERVER_HANDSHAKE_TRAFFIC_SECRET 74320ff6071fdcea149f3885895c7526d9ca885b2f13adb8c709c3142672e0cd 3afc3401db99bc7246962c0eba136ec863e37e77701835f73a7293d1a84fc19eb1cf8208dba08d8ac0e78b53dc5f9b13
CLIENT_HANDSHAKE_TRAFFIC_SECRET 74320ff6071fdcea149f3885895c7526d9ca885b2f13adb8c709c3142672e0cd 7bd14288609201b5eded5921d48fba8150801ba462b2055b8a0144c86796aa770e2d640e1c1ada1cd6f1b7823daaf54b
SERVER_TRAFFIC_SECRET_0 74320ff6071fdcea149f3885895c7526d9ca885b2f13adb8c709c3142672e0cd 2730b7b413aa1bbcff4dbd2d64b9cfa7e3c62f983dfb49efd91e976c397861cde96a6fc9429413e8f9dd242dc9e2e861
CLIENT_HANDSHAKE_TRAFFIC_SECRET 74320ff6071fdcea149f3885895c7526d9ca885b2f13adb8c709c3142672e0cd 7bd14288609201b5eded5921d48fba8150801ba462b2055b8a0144c86796aa770e2d640e1c1ada1cd6f1b7823daaf54b
SERVER_HANDSHAKE_TRAFFIC_SECRET 74320ff6071fdcea149f3885895c7526d9ca885b2f13adb8c709c3142672e0cd 3afc3401db99bc7246962c0eba136ec863e37e77701835f73a7293d1a84fc19eb1cf8208dba08d8ac0e78b53dc5f9b13
SERVER_TRAFFIC_SECRET_0 74320ff6071fdcea149f3885895c7526d9ca885b2f13adb8c709c3142672e0cd 2730b7b413aa1bbcff4dbd2d64b9cfa7e3c62f983dfb49efd91e976c397861cde96a6fc9429413e8f9dd242dc9e2e861
EXPORTER_SECRET 74320ff6071fdcea149f3885895c7526d9ca885b2f13adb8c709c3142672e0cd c92fe2cba6b1ee88f2be4419ec43f58ee0c1292e70ae8468ebbc741f37ca36ab15a0bd264d6b3cb209e146abb52a17f4
CLIENT_TRAFFIC_SECRET_0 74320ff6071fdcea149f3885895c7526d9ca885b2f13adb8c709c3142672e0cd c9997de83a334fffc5396a681bfbfbcaf52ef16b43e288f0ffa563bba59efcb0d1892c60ccfb92f542c27405d00f420e
CLIENT_TRAFFIC_SECRET_0 74320ff6071fdcea149f3885895c7526d9ca885b2f13adb8c709c3142672e0cd c9997de83a334fffc5396a681bfbfbcaf52ef16b43e288f0ffa563bba59efcb0d1892c60ccfb92f542c27405d00f420e
SERVER_HANDSHAKE_TRAFFIC_SECRET 788532d6cf8d4a044af9b48fe2baaa3795f5735c73826c77b8fc600e7965991e 9016ebaf7cb173846e15ecec8d1dfab3b5060fded39a5eb86e73ac60e89b2d29455b9a13d0c114cf8a98ff823324f6b8
CLIENT_HANDSHAKE_TRAFFIC_SECRET 788532d6cf8d4a044af9b48fe2baaa3795f5735c73826c77b8fc600e7965991e ec45d952412660cfeef0544123e19b3ef4789f81fe1d045d9095e0ca5141d951b5591c35a3b1754121065a9a24e0ca2e
SERVER_TRAFFIC_SECRET_0 788532d6cf8d4a044af9b48fe2baaa3795f5735c73826c77b8fc600e7965991e 96fc8f25faf610f074470b9463caf036fec616709e8c15e43ac706133fc210e97d4fb8e148f4c4cbd7c5d2a738d65c96
CLIENT_HANDSHAKE_TRAFFIC_SECRET 788532d6cf8d4a044af9b48fe2baaa3795f5735c73826c77b8fc600e7965991e ec45d952412660cfeef0544123e19b3ef4789f81fe1d045d9095e0ca5141d951b5591c35a3b1754121065a9a24e0ca2e
SERVER_HANDSHAKE_TRAFFIC_SECRET 788532d6cf8d4a044af9b48fe2baaa3795f5735c73826c77b8fc600e7965991e 9016ebaf7cb173846e15ecec8d1dfab3b5060fded39a5eb86e73ac60e89b2d29455b9a13d0c114cf8a98ff823324f6b8
SERVER_TRAFFIC_SECRET_0 788532d6cf8d4a044af9b48fe2baaa3795f5735c73826c77b8fc600e7965991e 96fc8f25faf610f074470b9463caf036fec616709e8c15e43ac706133fc210e97d4fb8e148f4c4cbd7c5d2a738d65c96
EXPORTER_SECRET 788532d6cf8d4a044af9b48fe2baaa3795f5735c73826c77b8fc600e7965991e 04c75609c60542aadb207d07637a1c3dc89188ed51859f8e37abbcb7a5736254c8ef7ae557522609632e351f3eab4d80
CLIENT_TRAFFIC_SECRET_0 788532d6cf8d4a044af9b48fe2baaa3795f5735c73826c77b8fc600e7965991e 3ad9733053d2e9a8f87c5fff4d4ffea932360af023545d99443bdf6ddf317a15927bd527412343423750ced93f7f80e0
CLIENT_TRAFFIC_SECRET_0 788532d6cf8d4a044af9b48fe2baaa3795f5735c73826c77b8fc600e7965991e 3ad9733053d2e9a8f87c5fff4d4ffea932360af023545d99443bdf6ddf317a15927bd527412343423750ced93f7f80e0
SERVER_HANDSHAKE_TRAFFIC_SECRET a9339bc0677100938a58c19ee194f79884404ff06ed580ee61040d1ac3b590d6 6bbd127a41bec50d244ae5995d62b5e13aae4095f767995f04ccca8c86f7bd52c9bd7dd415b02b6a25cc88509f2a5af0
CLIENT_HANDSHAKE_TRAFFIC_SECRET a9339bc0677100938a58c19ee194f79884404ff06ed580ee61040d1ac3b590d6 ea773ba93b8b4142864bb33658a6c368ca76cff3a5365cdc7f4ae2b0f53e481b713389b31b8035c60c1c2f06dfdb3704
SERVER_TRAFFIC_SECRET_0 a9339bc0677100938a58c19ee194f79884404ff06ed580ee61040d1ac3b590d6 858867c0870188ff8a4809bf30a239fb2b0b11acb5e36decdcc2ca00117f2f6786a8f831acf2ace6809102d1984309bd
CLIENT_HANDSHAKE_TRAFFIC_SECRET a9339bc0677100938a58c19ee194f79884404ff06ed580ee61040d1ac3b590d6 ea773ba93b8b4142864bb33658a6c368ca76cff3a5365cdc7f4ae2b0f53e481b713389b31b8035c60c1c2f06dfdb3704
SERVER_HANDSHAKE_TRAFFIC_SECRET a9339bc0677100938a58c19ee194f79884404ff06ed580ee61040d1ac3b590d6 6bbd127a41bec50d244ae5995d62b5e13aae4095f767995f04ccca8c86f7bd52c9bd7dd415b02b6a25cc88509f2a5af0
SERVER_TRAFFIC_SECRET_0 a9339bc0677100938a58c19ee194f79884404ff06ed580ee61040d1ac3b590d6 858867c0870188ff8a4809bf30a239fb2b0b11acb5e36decdcc2ca00117f2f6786a8f831acf2ace6809102d1984309bd
EXPORTER_SECRET a9339bc0677100938a58c19ee194f79884404ff06ed580ee61040d1ac3b590d6 4c4e2e5c28ecf2686b8837be87500416d29d32b808b57d55e15975d699bfe68d14b342854d9a52c911b1ace26bd721c8
CLIENT_TRAFFIC_SECRET_0 a9339bc0677100938a58c19ee194f79884404ff06ed580ee61040d1ac3b590d6 399210b4d080a755e9c86b5993e32eeb45e3057cfddb12301c66886a06fe7f7275b6b8f522961f96d92802e55be917dd
CLIENT_TRAFFIC_SECRET_0 a9339bc0677100938a58c19ee194f79884404ff06ed580ee61040d1ac3b590d6 399210b4d080a755e9c86b5993e32eeb45e3057cfddb12301c66886a06fe7f7275b6b8f522961f96d92802e55be917dd
SERVER_HANDSHAKE_TRAFFIC_SECRET 0cf7e605d5f2a0df0b01107b037c05f3bf12b997a5f6df3726bc95532109f437 2e9caf94e7d14a1dcb2cd6955ea579c8f02399e89af6d76905ff9cb08e3666501503e1d651c28d8a427b408b36999ef6
CLIENT_HANDSHAKE_TRAFFIC_SECRET 0cf7e605d5f2a0df0b01107b037c05f3bf12b997a5f6df3726bc95532109f437 8a35f8747226b4dbf6231e195e3b33995c1fa3874d3debbbbd87e64c58a3b663b9102b43fd784c4c4cf67ce03f79f743
SERVER_TRAFFIC_SECRET_0 0cf7e605d5f2a0df0b01107b037c05f3bf12b997a5f6df3726bc95532109f437 fbd52dc2b77056f671dfd3d02b7ada3a608e17bf1ceaf8fbb581aefd65cbd54c228e812234d7e5819e79b0b16923d9c7
CLIENT_HANDSHAKE_TRAFFIC_SECRET 0cf7e605d5f2a0df0b01107b037c05f3bf12b997a5f6df3726bc95532109f437 8a35f8747226b4dbf6231e195e3b33995c1fa3874d3debbbbd87e64c58a3b663b9102b43fd784c4c4cf67ce03f79f743
SERVER_HANDSHAKE_TRAFFIC_SECRET 0cf7e605d5f2a0df0b01107b037c05f3bf12b997a5f6df3726bc95532109f437 2e9caf94e7d14a1dcb2cd6955ea579c8f02399e89af6d76905ff9cb08e3666501503e1d651c28d8a427b408b36999ef6
SERVER_TRAFFIC_SECRET_0 0cf7e605d5f2a0df0b01107b037c05f3bf12b997a5f6df3726bc95532109f437 fbd52dc2b77056f671dfd3d02b7ada3a608e17bf1ceaf8fbb581aefd65cbd54c228e812234d7e5819e79b0b16923d9c7
EXPORTER_SECRET 0cf7e605d5f2a0df0b01107b037c05f3bf12b997a5f6df3726bc95532109f437 76f3a265bead11952e6e10c9a75dec92fcb390c240dfb06868c4155aef9e6b6e178a795901885a05b74ded16bc1dddc4
CLIENT_TRAFFIC_SECRET_0 0cf7e605d5f2a0df0b01107b037c05f3bf12b997a5f6df3726bc95532109f437 e5d9ddeec5036a6d36d4086e1a74bcf32f243798e0cf6d069445f880df24e4c6d0696a804b9ca0b37fd3107c672a834b
CLIENT_TRAFFIC_SECRET_0 0cf7e605d5f2a0df0b01107b037c05f3bf12b997a5f6df3726bc95532109f437 e5d9ddeec5036a6d36d4086e1a74bcf32f243798e0cf6d069445f880df24e4c6d0696a804b9ca0b37fd3107c672a834b
SERVER_HANDSHAKE_TRAFFIC_SECRET 7f0e9f5eb7e4a450029e35905e1cf2f70a9f7e8bf375da21a66a1612d0af7948 4a1aa18bf91fdc27d29c0271ac5ada69867fd05d521949c64d4ab585b37fa89fac81e8dcda96972dc189ac68a6e10739
CLIENT_HANDSHAKE_TRAFFIC_SECRET 7f0e9f5eb7e4a450029e35905e1cf2f70a9f7e8bf375da21a66a1612d0af7948 afb2456c7ef9ef3c23e466a5ccc171aef498c6146f4eb0ea97909110853a5eeb78441fe12d2d180c42c8fa836dfb29ca
SERVER_TRAFFIC_SECRET_0 7f0e9f5eb7e4a450029e35905e1cf2f70a9f7e8bf375da21a66a1612d0af7948 0458e5f9c3eb0a59c1b3e15e78da667cd9d54819ccf728fef703961da9e82df08dd97adfb6c28508e98096b9d402ed75
CLIENT_HANDSHAKE_TRAFFIC_SECRET 7f0e9f5eb7e4a450029e35905e1cf2f70a9f7e8bf375da21a66a1612d0af7948 afb2456c7ef9ef3c23e466a5ccc171aef498c6146f4eb0ea97909110853a5eeb78441fe12d2d180c42c8fa836dfb29ca
SERVER_HANDSHAKE_TRAFFIC_SECRET 7f0e9f5eb7e4a450029e35905e1cf2f70a9f7e8bf375da21a66a1612d0af7948 4a1aa18bf91fdc27d29c0271ac5ada69867fd05d521949c64d4ab585b37fa89fac81e8dcda96972dc189ac68a6e10739
SERVER_TRAFFIC_SECRET_0 7f0e9f5eb7e4a450029e35905e1cf2f70a9f7e8bf375da21a66a1612d0af7948 0458e5f9c3eb0a59c1b3e15e78da667cd9d54819ccf728fef703961da9e82df08dd97adfb6c28508e98096b9d402ed75
EXPORTER_SECRET 7f0e9f5eb7e4a450029e35905e1cf2f70a9f7e8bf375da21a66a1612d0af7948 06db132a363a050c08da866ad9254448f7097060d160d020188b997f690e4dfc0c37400f5df2964544c4cef27c63fb8d
CLIENT_TRAFFIC_SECRET_0 7f0e9f5eb7e4a450029e35905e1cf2f70a9f7e8bf375da21a66a1612d0af7948 7fe2c08d9cd3350fa1eb6e33ecb0fc5279e6d9b36e79f8954e7d4a47eca693f861245372ef9cdeb4e34aafa7da7bcfe8
CLIENT_TRAFFIC_SECRET_0 7f0e9f5eb7e4a450029e35905e1cf2f70a9f7e8bf375da21a66a1612d0af7948 7fe2c08d9cd3350fa1eb6e33ecb0fc5279e6d9b36e79f8954e7d4a47eca693f861245372ef9cdeb4e34aafa7da7bcfe8
SERVER_HANDSHAKE_TRAFFIC_SECRET 82f71ff2bdb13a34e9255e9a1f0638d1b6e9c8fb24cb093bec5eb1c6d757077c 560560e80292a7a16f4c90a8a2f08a6fe6d4a166aaa938f3c93ca5702139d0bfe2d49360c2267dd4c16b84bd7c524dc8
CLIENT_HANDSHAKE_TRAFFIC_SECRET 82f71ff2bdb13a34e9255e9a1f0638d1b6e9c8fb24cb093bec5eb1c6d757077c 5c6e5930d034ca3f5b5527b54fbb9c4437aeb1bb227c309881a05a2ab52e0801b25103bc86de9ce755bec6e65b9f1c9b
SERVER_TRAFFIC_SECRET_0 82f71ff2bdb13a34e9255e9a1f0638d1b6e9c8fb24cb093bec5eb1c6d757077c 3de40debe3ddfa9158106f806b91f62a065a0b6b8b5b225a4e9265215ff2e403cad094ac4744b742d8c3e79cc7a0b3ba
CLIENT_HANDSHAKE_TRAFFIC_SECRET 82f71ff2bdb13a34e9255e9a1f0638d1b6e9c8fb24cb093bec5eb1c6d757077c 5c6e5930d034ca3f5b5527b54fbb9c4437aeb1bb227c309881a05a2ab52e0801b25103bc86de9ce755bec6e65b9f1c9b
SERVER_HANDSHAKE_TRAFFIC_SECRET 82f71ff2bdb13a34e9255e9a1f0638d1b6e9c8fb24cb093bec5eb1c6d757077c 560560e80292a7a16f4c90a8a2f08a6fe6d4a166aaa938f3c93ca5702139d0bfe2d49360c2267dd4c16b84bd7c524dc8
SERVER_TRAFFIC_SECRET_0 82f71ff2bdb13a34e9255e9a1f0638d1b6e9c8fb24cb093bec5eb1c6d757077c 3de40debe3ddfa9158106f806b91f62a065a0b6b8b5b225a4e9265215ff2e403cad094ac4744b742d8c3e79cc7a0b3ba
EXPORTER_SECRET 82f71ff2bdb13a34e9255e9a1f0638d1b6e9c8fb24cb093bec5eb1c6d757077c e2789dd58436ee72cf866dd88d671525aad9995dfab84654be5e6b6e4169e76ed531aebc61a13747a74974bdd61cb447
CLIENT_TRAFFIC_SECRET_0 82f71ff2bdb13a34e9255e9a1f0638d1b6e9c8fb24cb093bec5eb1c6d757077c 94bf47cae0b2fc3e1102bcbe22f547d424a54c2cbe3465d2c7563f0994923f9395745160d0109a3943b1d7c996014257
CLIENT_TRAFFIC_SECRET_0 82f71ff2bdb13a34e9255e9a1f0638d1b6e9c8fb24cb093bec5eb1c6d757077c 94bf47cae0b2fc3e1102bcbe22f547d424a54c2cbe3465d2c7563f0994923f9395745160d0109a3943b1d7c996014257
SERVER_HANDSHAKE_TRAFFIC_SECRET fb103582859d81da7dd54d96ef61592198527caca1e0d9875f0bde86a330bcf6 91c7ab25b007e9acd4bfe9a926889213cf20794bbb03c8c15dbbffc411b0502b52d6718bad6c21f0bf355d21eeb78440
CLIENT_HANDSHAKE_TRAFFIC_SECRET fb103582859d81da7dd54d96ef61592198527caca1e0d9875f0bde86a330bcf6 c4a8f170ccff7d57d9148f28457b6195070f1f57e070fce4edc8106d482c1199456c6bc2dfab5035c417e2f9803200b7
SERVER_TRAFFIC_SECRET_0 fb103582859d81da7dd54d96ef61592198527caca1e0d9875f0bde86a330bcf6 e0fd33e5bb97ec6fcc06956751dc3c31a35da2d7d49806079ca714ec315830f6d5c94de077f6b83b4b7ecb546ae339aa
CLIENT_HANDSHAKE_TRAFFIC_SECRET fb103582859d81da7dd54d96ef61592198527caca1e0d9875f0bde86a330bcf6 c4a8f170ccff7d57d9148f28457b6195070f1f57e070fce4edc8106d482c1199456c6bc2dfab5035c417e2f9803200b7
SERVER_HANDSHAKE_TRAFFIC_SECRET fb103582859d81da7dd54d96ef61592198527caca1e0d9875f0bde86a330bcf6 91c7ab25b007e9acd4bfe9a926889213cf20794bbb03c8c15dbbffc411b0502b52d6718bad6c21f0bf355d21eeb78440
SERVER_TRAFFIC_SECRET_0 fb103582859d81da7dd54d96ef61592198527caca1e0d9875f0bde86a330bcf6 e0fd33e5bb97ec6fcc06956751dc3c31a35da2d7d49806079ca714ec315830f6d5c94de077f6b83b4b7ecb546ae339aa
EXPORTER_SECRET fb103582859d81da7dd54d96ef61592198527caca1e0d9875f0bde86a330bcf6 7fca412d1f457015821548bfabb5061b02a89d70241b8da7db8940a0ae5c6f16262dcf4275c73a8930542d5bd3c47a02
CLIENT_TRAFFIC_SECRET_0 fb103582859d81da7dd54d96ef61592198527caca1e0d9875f0bde86a330bcf6 aeea5c5b927309a7db85ce55b99dbc13dafa13648ee3f82532a6aaa754730379c3cfb5dc86058553c012f7d1d77c4a99
CLIENT_TRAFFIC_SECRET_0 fb103582859d81da7dd54d96ef61592198527caca1e0d9875f0bde86a330bcf6 aeea5c5b927309a7db85ce55b99dbc13dafa13648ee3f82532a6aaa754730379c3cfb5dc86058553c012f7d1d77c4a99
SERVER_HANDSHAKE_TRAFFIC_SECRET db34f99b74875bf45ca2371f1c090e371ac3e1839a50cff86f6622ec3568f97b ac642221b442429aba55159e01b8739ccd6c046e5d26e2157cedc956fe0395986ac75d11c2a3d303bffb66a4bebb1bba
CLIENT_HANDSHAKE_TRAFFIC_SECRET db34f99b74875bf45ca2371f1c090e371ac3e1839a50cff86f6622ec3568f97b c45ebfbe4618a52765b0f81c0542cc7781f7eccaccbc577622ab9ab536f228c8c8ba2f535346d2012b598591ee16cfa4
SERVER_TRAFFIC_SECRET_0 db34f99b74875bf45ca2371f1c090e371ac3e1839a50cff86f6622ec3568f97b e897c0ba55fcd3a16e8cbe3fb69ea2b78cff4c9e95cc0b5679b40da2ca065c74234498ae6cbef1f4d79efbc8f253cce8
CLIENT_HANDSHAKE_TRAFFIC_SECRET db34f99b74875bf45ca2371f1c090e371ac3e1839a50cff86f6622ec3568f97b c45ebfbe4618a52765b0f81c0542cc7781f7eccaccbc577622ab9ab536f228c8c8ba2f535346d2012b598591ee16cfa4
SERVER_HANDSHAKE_TRAFFIC_SECRET db34f99b74875bf45ca2371f1c090e371ac3e1839a50cff86f6622ec3568f97b ac642221b442429aba55159e01b8739ccd6c046e5d26e2157cedc956fe0395986ac75d11c2a3d303bffb66a4bebb1bba
SERVER_TRAFFIC_SECRET_0 db34f99b74875bf45ca2371f1c090e371ac3e1839a50cff86f6622ec3568f97b e897c0ba55fcd3a16e8cbe3fb69ea2b78cff4c9e95cc0b5679b40da2ca065c74234498ae6cbef1f4d79efbc8f253cce8
EXPORTER_SECRET db34f99b74875bf45ca2371f1c090e371ac3e1839a50cff86f6622ec3568f97b 444bc5be401671232e3a12b949170c96de86841b6ba9890d57b2f3b3346126375b58dae8ba8bbbff35ead40649835096
CLIENT_TRAFFIC_SECRET_0 db34f99b74875bf45ca2371f1c090e371ac3e1839a50cff86f6622ec3568f97b f0c7fcf23b82e0c4f43957cbba7d550400f9844babb5fc9fe4954047d6d956100e576465d0839f81e1cdc2f37adb1ec9
CLIENT_TRAFFIC_SECRET_0 db34f99b74875bf45ca2371f1c090e371ac3e1839a50cff86f6622ec3568f97b f0c7fcf23b82e0c4f43957cbba7d550400f9844babb5fc9fe4954047d6d956100e576465d0839f81e1cdc2f37adb1ec9
SERVER_HANDSHAKE_TRAFFIC_SECRET d5e2fce1fce44a56a58de7719df1bda58e2d74d46e4f3d3e42007bc2c690bd5b f8cff5118baa8e3399a7278af3b81d56f7b6bcf91f637219a4360f8d2f728365fa087ab2093e06c69bf36a0ae243d919
CLIENT_HANDSHAKE_TRAFFIC_SECRET d5e2fce1fce44a56a58de7719df1bda58e2d74d46e4f3d3e42007bc2c690bd5b c40764c676d4c27c8ac73c8424579726c545fb4f69c2249a1c550f74da6d711569b6dd75ae97ca64c1f28813d46ad3ff
SERVER_TRAFFIC_SECRET_0 d5e2fce1fce44a56a58de7719df1bda58e2d74d46e4f3d3e42007bc2c690bd5b fc660f14d631af61d36ab7d88273d6e9279f0db9312f189e805a55a7e660baa80cbffe2366de63942c28ff9e52a74358
CLIENT_HANDSHAKE_TRAFFIC_SECRET d5e2fce1fce44a56a58de7719df1bda58e2d74d46e4f3d3e42007bc2c690bd5b c40764c676d4c27c8ac73c8424579726c545fb4f69c2249a1c550f74da6d711569b6dd75ae97ca64c1f28813d46ad3ff
SERVER_HANDSHAKE_TRAFFIC_SECRET d5e2fce1fce44a56a58de7719df1bda58e2d74d46e4f3d3e42007bc2c690bd5b f8cff5118baa8e3399a7278af3b81d56f7b6bcf91f637219a4360f8d2f728365fa087ab2093e06c69bf36a0ae243d919
SERVER_TRAFFIC_SECRET_0 d5e2fce1fce44a56a58de7719df1bda58e2d74d46e4f3d3e42007bc2c690bd5b fc660f14d631af61d36ab7d88273d6e9279f0db9312f189e805a55a7e660baa80cbffe2366de63942c28ff9e52a74358
EXPORTER_SECRET d5e2fce1fce44a56a58de7719df1bda58e2d74d46e4f3d3e42007bc2c690bd5b e083bb03475c6bf43f34a79324c5b43c41351ed09ffc9a959708ef4380f81427627f0afec2812575d1ebdfc385a30d9c
CLIENT_TRAFFIC_SECRET_0 d5e2fce1fce44a56a58de7719df1bda58e2d74d46e4f3d3e42007bc2c690bd5b 576ccb4bc708a659af36cf3770e92b0c29fde6cb30224e8427ddf0384a0cb9d352853dff49dfcab49b2a82be5f31daa9
CLIENT_TRAFFIC_SECRET_0 d5e2fce1fce44a56a58de7719df1bda58e2d74d46e4f3d3e42007bc2c690bd5b 576ccb4bc708a659af36cf3770e92b0c29fde6cb30224e8427ddf0384a0cb9d352853dff49dfcab49b2a82be5f31daa9
SERVER_HANDSHAKE_TRAFFIC_SECRET 6246878112585a16e3f8581c285ba5a8760fcc1322f7f4d8a829c93d86e604e0 fe1313eee0deee6fbb58c591909cc8c35bdf36674d227e47fdb03787e188d7f7fdd0547abb24645aca68d37f0ba404b4
CLIENT_HANDSHAKE_TRAFFIC_SECRET 6246878112585a16e3f8581c285ba5a8760fcc1322f7f4d8a829c93d86e604e0 7b6b38edbc935a7ad72126022eddd22159ef0b55097cfcce1df30987060dc18b8b8dee7c914c319f9311dbbf4558d750
SERVER_TRAFFIC_SECRET_0 6246878112585a16e3f8581c285ba5a8760fcc1322f7f4d8a829c93d86e604e0 cb6fade71a86674ad0ed5677d3f61f187d7f86b2e8be7de556d28f421cdadccfc2e4d01079f217c2b815b9d12900e05b
CLIENT_HANDSHAKE_TRAFFIC_SECRET 6246878112585a16e3f8581c285ba5a8760fcc1322f7f4d8a829c93d86e604e0 7b6b38edbc935a7ad72126022eddd22159ef0b55097cfcce1df30987060dc18b8b8dee7c914c319f9311dbbf4558d750
SERVER_HANDSHAKE_TRAFFIC_SECRET 6246878112585a16e3f8581c285ba5a8760fcc1322f7f4d8a829c93d86e604e0 fe1313eee0deee6fbb58c591909cc8c35bdf36674d227e47fdb03787e188d7f7fdd0547abb24645aca68d37f0ba404b4
SERVER_TRAFFIC_SECRET_0 6246878112585a16e3f8581c285ba5a8760fcc1322f7f4d8a829c93d86e604e0 cb6fade71a86674ad0ed5677d3f61f187d7f86b2e8be7de556d28f421cdadccfc2e4d01079f217c2b815b9d12900e05b
EXPORTER_SECRET 6246878112585a16e3f8581c285ba5a8760fcc1322f7f4d8a829c93d86e604e0 e001a487180e70c1ab438686128e84f7dfa076917f01b0d37bac54d85e30d16fc69c5ff996d1a879c70623935fb264d3
CLIENT_TRAFFIC_SECRET_0 6246878112585a16e3f8581c285ba5a8760fcc1322f7f4d8a829c93d86e604e0 3c7380166c6bad3424aeccfb31874c2fd349b2c29a61eede95a93640b9ac62b799fbde89ad82795d0436d655b1a4afc4
CLIENT_TRAFFIC_SECRET_0 6246878112585a16e3f8581c285ba5a8760fcc1322f7f4d8a829c93d86e604e0 3c7380166c6bad3424aeccfb31874c2fd349b2c29a61eede95a93640b9ac62b799fbde89ad82795d0436d655b1a4afc4
SERVER_HANDSHAKE_TRAFFIC_SECRET b84bdf79efba99ebdb874d53221478542e46742781db914a936cd1ef98db92c1 6c147478269f1ae1c5e064a7e7a240e325b37eb01da57721ca927aa9b02e7bd4dbddca2b49ed33897456370c4e800b24
CLIENT_HANDSHAKE_TRAFFIC_SECRET b84bdf79efba99ebdb874d53221478542e46742781db914a936cd1ef98db92c1 890c02a4651260eb0014a3fd6d2a1362d03cc61565a00094c0d0170fc159e4e912a435bdc0b4c55079b0eaa396fe2694
SERVER_TRAFFIC_SECRET_0 b84bdf79efba99ebdb874d53221478542e46742781db914a936cd1ef98db92c1 9447dc2705e4073a44be236c69af06a7e8f73bb98b8258191de59977f25506ca1f24738e5e216a9d33e76f3cca9792ff
CLIENT_HANDSHAKE_TRAFFIC_SECRET b84bdf79efba99ebdb874d53221478542e46742781db914a936cd1ef98db92c1 890c02a4651260eb0014a3fd6d2a1362d03cc61565a00094c0d0170fc159e4e912a435bdc0b4c55079b0eaa396fe2694
SERVER_HANDSHAKE_TRAFFIC_SECRET b84bdf79efba99ebdb874d53221478542e46742781db914a936cd1ef98db92c1 6c147478269f1ae1c5e064a7e7a240e325b37eb01da57721ca927aa9b02e7bd4dbddca2b49ed33897456370c4e800b24
SERVER_TRAFFIC_SECRET_0 b84bdf79efba99ebdb874d53221478542e46742781db914a936cd1ef98db92c1 9447dc2705e4073a44be236c69af06a7e8f73bb98b8258191de59977f25506ca1f24738e5e216a9d33e76f3cca9792ff
EXPORTER_SECRET b84bdf79efba99ebdb874d53221478542e46742781db914a936cd1ef98db92c1 f2fe42ad1d3f92cb00e5f3c5e87aaeb13e4807e4cc2e5278ca2d67f79e4a18d9d7ae52668b04c97937693f37980e9a18
CLIENT_TRAFFIC_SECRET_0 b84bdf79efba99ebdb874d53221478542e46742781db914a936cd1ef98db92c1 ae4766dad6827ce1a26fdd33c0b7d286c02c5bf1246ea7ebe3133e7b72aecc458e5b6d496237dc66b58d2bcfcc437b46
CLIENT_TRAFFIC_SECRET_0 b84bdf79efba99ebdb874d53221478542e46742781db914a936cd1ef98db92c1 ae4766dad6827ce1a26fdd33c0b7d286c02c5bf1246ea7ebe3133e7b72aecc458e5b6d496237dc66b58d2bcfcc437b46
SERVER_HANDSHAKE_TRAFFIC_SECRET 46c90dacffd293f3836a711ab3ae85bc3190164cca91c6ab6e07822f8c422037 545e22282c440b0f97111e928871b59b6385e9e048920799d618838b262976cf6c74ed20049e339ccb7aa060383c5936
CLIENT_HANDSHAKE_TRAFFIC_SECRET 46c90dacffd293f3836a711ab3ae85bc3190164cca91c6ab6e07822f8c422037 9277d1e99f95698ec2a5550c45e9bbd6b5fa711d255cfcf165b60797475f053e03570187e01acd08d302023f981094dd
SERVER_TRAFFIC_SECRET_0 46c90dacffd293f3836a711ab3ae85bc3190164cca91c6ab6e07822f8c422037 2f9678194784abe51bbe62e4e21d0b8b20450fcb3b395dcc3813bff5a070b8283ce579dfbbb5c738257925946aa84738
CLIENT_HANDSHAKE_TRAFFIC_SECRET 46c90dacffd293f3836a711ab3ae85bc3190164cca91c6ab6e07822f8c422037 9277d1e99f95698ec2a5550c45e9bbd6b5fa711d255cfcf165b60797475f053e03570187e01acd08d302023f981094dd
SERVER_HANDSHAKE_TRAFFIC_SECRET 46c90dacffd293f3836a711ab3ae85bc3190164cca91c6ab6e07822f8c422037 545e22282c440b0f97111e928871b59b6385e9e048920799d618838b262976cf6c74ed20049e339ccb7aa060383c5936
SERVER_TRAFFIC_SECRET_0 46c90dacffd293f3836a711ab3ae85bc3190164cca91c6ab6e07822f8c422037 2f9678194784abe51bbe62e4e21d0b8b20450fcb3b395dcc3813bff5a070b8283ce579dfbbb5c738257925946aa84738
EXPORTER_SECRET 46c90dacffd293f3836a711ab3ae85bc3190164cca91c6ab6e07822f8c422037 8bec4576d808e8bd511d2342d893919eaa554c7d023a659ec227f34a3ef65b3ab4e3d4660ef00d5ee33478cc88cb0a08
CLIENT_TRAFFIC_SECRET_0 46c90dacffd293f3836a711ab3ae85bc3190164cca91c6ab6e07822f8c422037 83d39c417c2ad67b7a651f75506eab5331422e36b75c8984e8200452f7bfafc30637dd906bdc16b5f7c01794b128de8d
CLIENT_TRAFFIC_SECRET_0 46c90dacffd293f3836a711ab3ae85bc3190164cca91c6ab6e07822f8c422037 83d39c417c2ad67b7a651f75506eab5331422e36b75c8984e8200452f7bfafc30637dd906bdc16b5f7c01794b128de8d
SERVER_HANDSHAKE_TRAFFIC_SECRET 23a82ff92cdea18caa1667873cb2515be3740ec607f4c958096ad966b95cddad 6e95af4d7095c0985721f2ac91420a6d4dcf891e7da04df09ade9586fdbc85f8505887cf14d153a734d58a4468ccbcda
CLIENT_HANDSHAKE_TRAFFIC_SECRET 23a82ff92cdea18caa1667873cb2515be3740ec607f4c958096ad966b95cddad 940b8c09addd6bbfa6e95977691f0d8fc591bf836ed62f18a5a21ca2bce7d45c143b9e94a95e08e87ef2274e1ef10680
SERVER_TRAFFIC_SECRET_0 23a82ff92cdea18caa1667873cb2515be3740ec607f4c958096ad966b95cddad c486757f7fccfbe0bc952083a8e6aa06bc22d8153dca604836d969478266272dcea5a79d0e9b9db4bd4ae61682d951aa
CLIENT_HANDSHAKE_TRAFFIC_SECRET 23a82ff92cdea18caa1667873cb2515be3740ec607f4c958096ad966b95cddad 940b8c09addd6bbfa6e95977691f0d8fc591bf836ed62f18a5a21ca2bce7d45c143b9e94a95e08e87ef2274e1ef10680
SERVER_HANDSHAKE_TRAFFIC_SECRET 23a82ff92cdea18caa1667873cb2515be3740ec607f4c958096ad966b95cddad 6e95af4d7095c0985721f2ac91420a6d4dcf891e7da04df09ade9586fdbc85f8505887cf14d153a734d58a4468ccbcda
SERVER_TRAFFIC_SECRET_0 23a82ff92cdea18caa1667873cb2515be3740ec607f4c958096ad966b95cddad c486757f7fccfbe0bc952083a8e6aa06bc22d8153dca604836d969478266272dcea5a79d0e9b9db4bd4ae61682d951aa
EXPORTER_SECRET 23a82ff92cdea18caa1667873cb2515be3740ec607f4c958096ad966b95cddad d8f99d8db5b17e67c27ce19789f9b30ccf63ebef1c250f54f593c22cd261a13496752bc1dabf1d92e89dece484a4f7d8
CLIENT_TRAFFIC_SECRET_0 23a82ff92cdea18caa1667873cb2515be3740ec607f4c958096ad966b95cddad 7e15d92c050c1fc7a0640a4a741313343ff52eb9314aba394ca6b4aba21c264cf0395fa1c79bde33babf9c97386c46e2
CLIENT_TRAFFIC_SECRET_0 23a82ff92cdea18caa1667873cb2515be3740ec607f4c958096ad966b95cddad 7e15d92c050c1fc7a0640a4a741313343ff52eb9314aba394ca6b4aba21c264cf0395fa1c79bde33babf9c97386c46e2
SERVER_HANDSHAKE_TRAFFIC_SECRET af615f52b9bd05ab5aefd313e196096e8dd070468d9af1337ee40f288510bfc4 87eb9a8bff16563a85359910e99ddeb563b151a48e46bdbd78ec2ad7431667cfcfe591babc9466e1b8ab2526a5667136
CLIENT_HANDSHAKE_TRAFFIC_SECRET af615f52b9bd05ab5aefd313e196096e8dd070468d9af1337ee40f288510bfc4 dbeba7d291192054f7a1860e74ef915487924b42fe0220f4715ea95a31bc3c30348fd1c5f9d490c3647a7d82daaeb3d8
SERVER_TRAFFIC_SECRET_0 af615f52b9bd05ab5aefd313e196096e8dd070468d9af1337ee40f288510bfc4 da6d06da7b1c550cf4004d45ca07c6a0c135f1d255b776ddee37d2fe62d736ce793e513d6df1799c4c79e1acb5fd178b
CLIENT_HANDSHAKE_TRAFFIC_SECRET af615f52b9bd05ab5aefd313e196096e8dd070468d9af1337ee40f288510bfc4 dbeba7d291192054f7a1860e74ef915487924b42fe0220f4715ea95a31bc3c30348fd1c5f9d490c3647a7d82daaeb3d8
SERVER_HANDSHAKE_TRAFFIC_SECRET af615f52b9bd05ab5aefd313e196096e8dd070468d9af1337ee40f288510bfc4 87eb9a8bff16563a85359910e99ddeb563b151a48e46bdbd78ec2ad7431667cfcfe591babc9466e1b8ab2526a5667136
SERVER_TRAFFIC_SECRET_0 af615f52b9bd05ab5aefd313e196096e8dd070468d9af1337ee40f288510bfc4 da6d06da7b1c550cf4004d45ca07c6a0c135f1d255b776ddee37d2fe62d736ce793e513d6df1799c4c79e1acb5fd178b
EXPORTER_SECRET af615f52b9bd05ab5aefd313e196096e8dd070468d9af1337ee40f288510bfc4 e7dc9351ca533df31ce91d9cd8b09695ba406d335d54765e7582a9b6a2cfc5a96b6018a2007d2cdd1c0bf147072e9fbe
CLIENT_TRAFFIC_SECRET_0 af615f52b9bd05ab5aefd313e196096e8dd070468d9af1337ee40f288510bfc4 b8b3bac2e87cbd9296f87c663e844caa5dc79324a6cac086006b15e224f8f1d5ea07294450455501bad101f6a8b0bf58
CLIENT_TRAFFIC_SECRET_0 af615f52b9bd05ab5aefd313e196096e8dd070468d9af1337ee40f288510bfc4 b8b3bac2e87cbd9296f87c663e844caa5dc79324a6cac086006b15e224f8f1d5ea07294450455501bad101f6a8b0bf58
SERVER_HANDSHAKE_TRAFFIC_SECRET b3556fc6fba47104c32348ec55e09673f6e75617fb3a8837c29535aeabbb74a1 b30cd86a165f8db979f384e804a3c0d666fb71ab99c4c352fb452d09025413b82dbc31d534ce64a6c3b801f45a5c5cd4
CLIENT_HANDSHAKE_TRAFFIC_SECRET b3556fc6fba47104c32348ec55e09673f6e75617fb3a8837c29535aeabbb74a1 681175e6a972bab7aa309eec76e7d5183411afb27f46242d9e1303379e7990e10f3673458fa93cc29ee8f98ac70fde2f
SERVER_TRAFFIC_SECRET_0 b3556fc6fba47104c32348ec55e09673f6e75617fb3a8837c29535aeabbb74a1 7a52a5728a88ea03a693f5db945f6116529c971e94b0dd4beef288c9bf37e85681dddae9a6ceb955dc6dc585c2816542
CLIENT_HANDSHAKE_TRAFFIC_SECRET b3556fc6fba47104c32348ec55e09673f6e75617fb3a8837c29535aeabbb74a1 681175e6a972bab7aa309eec76e7d5183411afb27f46242d9e1303379e7990e10f3673458fa93cc29ee8f98ac70fde2f
SERVER_HANDSHAKE_TRAFFIC_SECRET b3556fc6fba47104c32348ec55e09673f6e75617fb3a8837c29535aeabbb74a1 b30cd86a165f8db979f384e804a3c0d666fb71ab99c4c352fb452d09025413b82dbc31d534ce64a6c3b801f45a5c5cd4
SERVER_TRAFFIC_SECRET_0 b3556fc6fba47104c32348ec55e09673f6e75617fb3a8837c29535aeabbb74a1 7a52a5728a88ea03a693f5db945f6116529c971e94b0dd4beef288c9bf37e85681dddae9a6ceb955dc6dc585c2816542
EXPORTER_SECRET b3556fc6fba47104c32348ec55e09673f6e75617fb3a8837c29535aeabbb74a1 cc8c08e1475c90a4a899474f85a2ddec4fd45fc52fa8403c76222db2345aeba45313c17588cdd7a1b97678cf03b5bc99
CLIENT_TRAFFIC_SECRET_0 b3556fc6fba47104c32348ec55e09673f6e75617fb3a8837c29535aeabbb74a1 31881d43e92f454201b2de541f49d2805fffbcc0af18f65be5dcdbd905e62e82f437d90e24eb02a692411ed728062103
CLIENT_TRAFFIC_SECRET_0 b3556fc6fba47104c32348ec55e09673f6e75617fb3a8837c29535aeabbb74a1 31881d43e92f454201b2de541f49d2805fffbcc0af18f65be5dcdbd905e62e82f437d90e24eb02a692411ed728062103
SERVER_HANDSHAKE_TRAFFIC_SECRET fcadd9de91191d6e9c689d51ca758efdf1b8ce6211d7502ee231982fc085dfef d305a3b544a4bfc7472e5f9e2ffa121a391b7978efb5a3ce7f36d67c554c06b57f714017dc1a5d73541708a1a91f8872
CLIENT_HANDSHAKE_TRAFFIC_SECRET fcadd9de91191d6e9c689d51ca758efdf1b8ce6211d7502ee231982fc085dfef ee96ebcd80c1b625d9867b64abecc3531045a9c26c6cf359a5ce3312dc2c9f9fb770bd413de94277950ac64f714ec01c
SERVER_TRAFFIC_SECRET_0 fcadd9de91191d6e9c689d51ca758efdf1b8ce6211d7502ee231982fc085dfef 3d2d38235159695aff07dce580f2a7ad0beb099a858dd9bca2fe24cb22eb79de2739c76f8a4cc928b1af79d1b66b28f5
CLIENT_HANDSHAKE_TRAFFIC_SECRET fcadd9de91191d6e9c689d51ca758efdf1b8ce6211d7502ee231982fc085dfef ee96ebcd80c1b625d9867b64abecc3531045a9c26c6cf359a5ce3312dc2c9f9fb770bd413de94277950ac64f714ec01c
SERVER_HANDSHAKE_TRAFFIC_SECRET fcadd9de91191d6e9c689d51ca758efdf1b8ce6211d7502ee231982fc085dfef d305a3b544a4bfc7472e5f9e2ffa121a391b7978efb5a3ce7f36d67c554c06b57f714017dc1a5d73541708a1a91f8872
SERVER_TRAFFIC_SECRET_0 fcadd9de91191d6e9c689d51ca758efdf1b8ce6211d7502ee231982fc085dfef 3d2d38235159695aff07dce580f2a7ad0beb099a858dd9bca2fe24cb22eb79de2739c76f8a4cc928b1af79d1b66b28f5
EXPORTER_SECRET fcadd9de91191d6e9c689d51ca758efdf1b8ce6211d7502ee231982fc085dfef d2004a52bed8815503fab2f1476029ca0b818a4535656a02646892ce11d6cc478c5e29d866664981f69b12b7b38deb2c
CLIENT_TRAFFIC_SECRET_0 fcadd9de91191d6e9c689d51ca758efdf1b8ce6211d7502ee231982fc085dfef dbce1ad8472396f415fd71ba8906f684070947971356675f8ac0c6970c5c9d53b633135ef9cc39dda2c9b824faa5411c
CLIENT_TRAFFIC_SECRET_0 fcadd9de91191d6e9c689d51ca758efdf1b8ce6211d7502ee231982fc085dfef dbce1ad8472396f415fd71ba8906f684070947971356675f8ac0c6970c5c9d53b633135ef9cc39dda2c9b824faa5411c
SERVER_HANDSHAKE_TRAFFIC_SECRET d70e8737ae8c4935f0e372b632ddc73b0f63fe3f5ca2560124e931f491445e75 4a4ebd23d9b3236e33b7bca5653cef2aef5c70694fc56193153d097c6c251d0856032429408a658fe24afae40f65be79
CLIENT_HANDSHAKE_TRAFFIC_SECRET d70e8737ae8c4935f0e372b632ddc73b0f63fe3f5ca2560124e931f491445e75 d4692b0d9893d68a7cca14f6de1ce7503e1ee16831e470708e8e496ecf7dcc75c9e78ad4a01dd8486f3557b3ae63a2f1
SERVER_TRAFFIC_SECRET_0 d70e8737ae8c4935f0e372b632ddc73b0f63fe3f5ca2560124e931f491445e75 a17bad7ddc3cdff65dd7dab8e759bc387bbbe48320f4af4ef29f4aad4120af8b86d51991014c4182f73cf96787f875b2
CLIENT_HANDSHAKE_TRAFFIC_SECRET d70e8737ae8c4935f0e372b632ddc73b0f63fe3f5ca2560124e931f491445e75 d4692b0d9893d68a7cca14f6de1ce7503e1ee16831e470708e8e496ecf7dcc75c9e78ad4a01dd8486f3557b3ae63a2f1
SERVER_HANDSHAKE_TRAFFIC_SECRET d70e8737ae8c4935f0e372b632ddc73b0f63fe3f5ca2560124e931f491445e75 4a4ebd23d9b3236e33b7bca5653cef2aef5c70694fc56193153d097c6c251d0856032429408a658fe24afae40f65be79
SERVER_TRAFFIC_SECRET_0 d70e8737ae8c4935f0e372b632ddc73b0f63fe3f5ca2560124e931f491445e75 a17bad7ddc3cdff65dd7dab8e759bc387bbbe48320f4af4ef29f4aad4120af8b86d51991014c4182f73cf96787f875b2
EXPORTER_SECRET d70e8737ae8c4935f0e372b632ddc73b0f63fe3f5ca2560124e931f491445e75 637ae64a18fa11206a428c675dbf4f20b2f0e36bc2453c31f821efa9d261f5f323e92fec90c50d9568aef4bd09a63d09
CLIENT_TRAFFIC_SECRET_0 d70e8737ae8c4935f0e372b632ddc73b0f63fe3f5ca2560124e931f491445e75 c7c65e2ea690eea17b751f2184869ab9073cd5107be79b87fb23139b1a8184d7ad45361eebd2586f2b8494b3ae7fa875
CLIENT_TRAFFIC_SECRET_0 d70e8737ae8c4935f0e372b632ddc73b0f63fe3f5ca2560124e931f491445e75 c7c65e2ea690eea17b751f2184869ab9073cd5107be79b87fb23139b1a8184d7ad45361eebd2586f2b8494b3ae7fa875
SERVER_HANDSHAKE_TRAFFIC_SECRET 54c7a95ffbdd0c615beb690128b5c65c0cfbe02ca9a8b43b002e7b2b4c847ad1 84fe3c43404f2405e2edceb4444c01ed96b0b699787f31cab1de4fbab07962a450ba9b2308b5b5b49549c82c9aa3ccf1
CLIENT_HANDSHAKE_TRAFFIC_SECRET 54c7a95ffbdd0c615beb690128b5c65c0cfbe02ca9a8b43b002e7b2b4c847ad1 cce0a30a6ca3ae4bfa5165d1c97cddc7da63f0ae06aebb5add93c7e49c278837f00f5e594fde4e094f1aadadf6376a02
SERVER_TRAFFIC_SECRET_0 54c7a95ffbdd0c615beb690128b5c65c0cfbe02ca9a8b43b002e7b2b4c847ad1 59a80715e1a61759202e385db8ca76fa5930ece2c9ab81a50aceb0a7dc46d3de0a3916463f1a42e586e381a1a449ec55
CLIENT_HANDSHAKE_TRAFFIC_SECRET 54c7a95ffbdd0c615beb690128b5c65c0cfbe02ca9a8b43b002e7b2b4c847ad1 cce0a30a6ca3ae4bfa5165d1c97cddc7da63f0ae06aebb5add93c7e49c278837f00f5e594fde4e094f1aadadf6376a02
SERVER_HANDSHAKE_TRAFFIC_SECRET 54c7a95ffbdd0c615beb690128b5c65c0cfbe02ca9a8b43b002e7b2b4c847ad1 84fe3c43404f2405e2edceb4444c01ed96b0b699787f31cab1de4fbab07962a450ba9b2308b5b5b49549c82c9aa3ccf1
SERVER_TRAFFIC_SECRET_0 54c7a95ffbdd0c615beb690128b5c65c0cfbe02ca9a8b43b002e7b2b4c847ad1 59a80715e1a61759202e385db8ca76fa5930ece2c9ab81a50aceb0a7dc46d3de0a3916463f1a42e586e381a1a449ec55
EXPORTER_SECRET 54c7a95ffbdd0c615beb690128b5c65c0cfbe02ca9a8b43b002e7b2b4c847ad1 bb3b4bcd6c2ff148467fa175fc4924e2488f486aee385b63346e2421b63b1d5484812ac72370fec4d084b30d9f0685bb
CLIENT_TRAFFIC_SECRET_0 54c7a95ffbdd0c615beb690128b5c65c0cfbe02ca9a8b43b002e7b2b4c847ad1 a62985a4b0ad22293065ceaad885b3a481fa434d7e3e0a36913dfb16842e7790a029e02cd818c45de96e1efb0e9e1063
CLIENT_TRAFFIC_SECRET_0 54c7a95ffbdd0c615beb690128b5c65c0cfbe02ca9a8b43b002e7b2b4c847ad1 a62985a4b0ad22293065ceaad885b3a481fa434d7e3e0a36913dfb16842e7790a029e02cd818c45de96e1efb0e9e1063
SERVER_HANDSHAKE_TRAFFIC_SECRET 2a8a997a905ec7ea9405a6634445f503d43394a1e5a3aecd81371176deda494a e64747bc17e83aa01808d0270ffdef7dcd5a6837ce273add2c34b2d32b27bb1ac948c925e2c32d938a2fc3cbab0c1f34
CLIENT_HANDSHAKE_TRAFFIC_SECRET 2a8a997a905ec7ea9405a6634445f503d43394a1e5a3aecd81371176deda494a 66ef984f607f7f4bf4c33ea2d3fbb5a30c6ec549e76e6614d9d89ff1c57c2fd351b853e0d248e9f8fbbf2ffdaa0c0de6
SERVER_TRAFFIC_SECRET_0 2a8a997a905ec7ea9405a6634445f503d43394a1e5a3aecd81371176deda494a 68bb6ebd0629c2e41ee350c708420556f2762d92417c3705a24db1e56d367504f7de73e368318888638acd410835f682
CLIENT_HANDSHAKE_TRAFFIC_SECRET 2a8a997a905ec7ea9405a6634445f503d43394a1e5a3aecd81371176deda494a 66ef984f607f7f4bf4c33ea2d3fbb5a30c6ec549e76e6614d9d89ff1c57c2fd351b853e0d248e9f8fbbf2ffdaa0c0de6
SERVER_HANDSHAKE_TRAFFIC_SECRET 2a8a997a905ec7ea9405a6634445f503d43394a1e5a3aecd81371176deda494a e64747bc17e83aa01808d0270ffdef7dcd5a6837ce273add2c34b2d32b27bb1ac948c925e2c32d938a2fc3cbab0c1f34
SERVER_TRAFFIC_SECRET_0 2a8a997a905ec7ea9405a6634445f503d43394a1e5a3aecd81371176deda494a 68bb6ebd0629c2e41ee350c708420556f2762d92417c3705a24db1e56d367504f7de73e368318888638acd410835f682
EXPORTER_SECRET 2a8a997a905ec7ea9405a6634445f503d43394a1e5a3aecd81371176deda494a 92f3d6c849d005fa1778863b35940ee84cb15ca4a75af41ca8ec2e2fc543ed5e12f0a19e891236b64a759acba86287e2
CLIENT_TRAFFIC_SECRET_0 2a8a997a905ec7ea9405a6634445f503d43394a1e5a3aecd81371176deda494a d700435529caf37e93e0b911e4e20ca47aa95eba95bba9a1627760c933b8abd2aa6560897a708d5b9d78b6267ce2e97d
CLIENT_TRAFFIC_SECRET_0 2a8a997a905ec7ea9405a6634445f503d43394a1e5a3aecd81371176deda494a d700435529caf37e93e0b911e4e20ca47aa95eba95bba9a1627760c933b8abd2aa6560897a708d5b9d78b6267ce2e97d
SERVER_HANDSHAKE_TRAFFIC_SECRET d504b0a983a7a8a0f1d8ae2aad82e11df12909627cc87e185327b5857c59fdbd af6de24a07889d2a5f4f584d3f61703c2a5d991f1741fef3635dc8af76300c84e7b070f544683888543d494bf2e769be
CLIENT_HANDSHAKE_TRAFFIC_SECRET d504b0a983a7a8a0f1d8ae2aad82e11df12909627cc87e185327b5857c59fdbd 2b6cc733306a4bce0f73de2dc624cf310a6c9ab45993b58b06278f948b9894b22f672582ca60bd2f186e74d0785cc2f0
SERVER_TRAFFIC_SECRET_0 d504b0a983a7a8a0f1d8ae2aad82e11df12909627cc87e185327b5857c59fdbd 94f5aa426de7384ee462f4be95794eafc811efa756a0c57ba60ea378eeb35f363ec2214ddb23f916b6b694bf22d42a42
CLIENT_HANDSHAKE_TRAFFIC_SECRET d504b0a983a7a8a0f1d8ae2aad82e11df12909627cc87e185327b5857c59fdbd 2b6cc733306a4bce0f73de2dc624cf310a6c9ab45993b58b06278f948b9894b22f672582ca60bd2f186e74d0785cc2f0
SERVER_HANDSHAKE_TRAFFIC_SECRET d504b0a983a7a8a0f1d8ae2aad82e11df12909627cc87e185327b5857c59fdbd af6de24a07889d2a5f4f584d3f61703c2a5d991f1741fef3635dc8af76300c84e7b070f544683888543d494bf2e769be
SERVER_TRAFFIC_SECRET_0 d504b0a983a7a8a0f1d8ae2aad82e11df12909627cc87e185327b5857c59fdbd 94f5aa426de7384ee462f4be95794eafc811efa756a0c57ba60ea378eeb35f363ec2214ddb23f916b6b694bf22d42a42
EXPORTER_SECRET d504b0a983a7a8a0f1d8ae2aad82e11df12909627cc87e185327b5857c59fdbd c733506f6c33e676c9a3f7425061ba496e0f869aea0c9e5f0d8da4daf1ed8567daadb13bdffe0969bfd7f4622f8dab29
CLIENT_TRAFFIC_SECRET_0 d504b0a983a7a8a0f1d8ae2aad82e11df12909627cc87e185327b5857c59fdbd d0dde79733b860b7b8f830b97a8522cfff430274aafbae83b67a8d8e947ce863e6bfa624d51c0b557f730f182aae7362
CLIENT_TRAFFIC_SECRET_0 d504b0a983a7a8a0f1d8ae2aad82e11df12909627cc87e185327b5857c59fdbd d0dde79733b860b7b8f830b97a8522cfff430274aafbae83b67a8d8e947ce863e6bfa624d51c0b557f730f182aae7362
SERVER_HANDSHAKE_TRAFFIC_SECRET ad754558fce6cccee9a9fa122637b2e59f9267588d105bbc3a185958b30b1848 96bd9887d7193e529ef28db9ef5517f80f8ad850bfc0eab262f93b16b4d2b2f036fef563845d01e5c66b7de5d692f40e
CLIENT_HANDSHAKE_TRAFFIC_SECRET ad754558fce6cccee9a9fa122637b2e59f9267588d105bbc3a185958b30b1848 228ac82209e163725e8bf964d4f8c8690e9c5f47db715861a7dfafac23edff2e677fb6aad8529b32de5c9d11d96309f8
SERVER_TRAFFIC_SECRET_0 ad754558fce6cccee9a9fa122637b2e59f9267588d105bbc3a185958b30b1848 8feb52cd8b9aae2fc96fafc0ac470c81273fb3b70d6b77aa37ead03b7ec771daf7ebbd5a8ab1ba94f0c15660fa06410b
CLIENT_HANDSHAKE_TRAFFIC_SECRET ad754558fce6cccee9a9fa122637b2e59f9267588d105bbc3a185958b30b1848 228ac82209e163725e8bf964d4f8c8690e9c5f47db715861a7dfafac23edff2e677fb6aad8529b32de5c9d11d96309f8
SERVER_HANDSHAKE_TRAFFIC_SECRET ad754558fce6cccee9a9fa122637b2e59f9267588d105bbc3a185958b30b1848 96bd9887d7193e529ef28db9ef5517f80f8ad850bfc0eab262f93b16b4d2b2f036fef563845d01e5c66b7de5d692f40e
SERVER_TRAFFIC_SECRET_0 ad754558fce6cccee9a9fa122637b2e59f9267588d105bbc3a185958b30b1848 8feb52cd8b9aae2fc96fafc0ac470c81273fb3b70d6b77aa37ead03b7ec771daf7ebbd5a8ab1ba94f0c15660fa06410b
EXPORTER_SECRET ad754558fce6cccee9a9fa122637b2e59f9267588d105bbc3a185958b30b1848 57d81ff2d3bf13f0a90fd4bccb8cd7eab66ee278dc6f438d7d8ca528d4fea5d72dd7850a47349f6bc6a863a25f4d0c05
CLIENT_TRAFFIC_SECRET_0 ad754558fce6cccee9a9fa122637b2e59f9267588d105bbc3a185958b30b1848 a92287c2837d7fd013eb082b9618dae6b416d1aeaa5c5e58925310cbeddba3c730bef71c26469dbf8967a834dc4b9d6d
CLIENT_TRAFFIC_SECRET_0 ad754558fce6cccee9a9fa122637b2e59f9267588d105bbc3a185958b30b1848 a92287c2837d7fd013eb082b9618dae6b416d1aeaa5c5e58925310cbeddba3c730bef71c26469dbf8967a834dc4b9d6d
SERVER_HANDSHAKE_TRAFFIC_SECRET 96fe5d45133d6b87716d0c8f15a646cb53abdb58d89d0ac58c5ed7c93cb31267 c507f019803d6fc8f49fb952b388e22e302258cf3c56188f9910f196cdf9fac68a746be58779f1a1b3d0c573c2f5fb7d
CLIENT_HANDSHAKE_TRAFFIC_SECRET 96fe5d45133d6b87716d0c8f15a646cb53abdb58d89d0ac58c5ed7c93cb31267 003964b563e8f38613c6d79d56b084798f9e8690e73e489eb3917d5874ac986aab4c5b239bac41b126deeb4b3abd198a
SERVER_TRAFFIC_SECRET_0 96fe5d45133d6b87716d0c8f15a646cb53abdb58d89d0ac58c5ed7c93cb31267 63f23e493345d59865662511ceb75f71e8b4beab5e47f6e2f4c10180d1eaca6b76ebd13e53f7abb25fcba0884f699e0d
CLIENT_HANDSHAKE_TRAFFIC_SECRET 96fe5d45133d6b87716d0c8f15a646cb53abdb58d89d0ac58c5ed7c93cb31267 003964b563e8f38613c6d79d56b084798f9e8690e73e489eb3917d5874ac986aab4c5b239bac41b126deeb4b3abd198a
SERVER_HANDSHAKE_TRAFFIC_SECRET 96fe5d45133d6b87716d0c8f15a646cb53abdb58d89d0ac58c5ed7c93cb31267 c507f019803d6fc8f49fb952b388e22e302258cf3c56188f9910f196cdf9fac68a746be58779f1a1b3d0c573c2f5fb7d
SERVER_TRAFFIC_SECRET_0 96fe5d45133d6b87716d0c8f15a646cb53abdb58d89d0ac58c5ed7c93cb31267 63f23e493345d59865662511ceb75f71e8b4beab5e47f6e2f4c10180d1eaca6b76ebd13e53f7abb25fcba0884f699e0d
EXPORTER_SECRET 96fe5d45133d6b87716d0c8f15a646cb53abdb58d89d0ac58c5ed7c93cb31267 2e8c715a65d36b4b7a856381da7a5ba89a2b4643ba7511d63b1c66b50d47a7ead5aa4faf69bea6f368c55311a43dc4bc
CLIENT_TRAFFIC_SECRET_0 96fe5d45133d6b87716d0c8f15a646cb53abdb58d89d0ac58c5ed7c93cb31267 30c99e3b344279ec51264801696fc255ce94df03a5266317812af9e4375c827d0a24ed9c0d2491cd6117560d7100a718
CLIENT_TRAFFIC_SECRET_0 96fe5d45133d6b87716d0c8f15a646cb53abdb58d89d0ac58c5ed7c93cb31267 30c99e3b344279ec51264801696fc255ce94df03a5266317812af9e4375c827d0a24ed9c0d2491cd6117560d7100a718
SERVER_HANDSHAKE_TRAFFIC_SECRET 5f5698bc484e5d4e7aae8896b1ac5e9886471a1bb0cfe73972ca7db1d245f1a6 483197c72ea4dc4957134f8012abaf757cf3da4db724077237de4052e277aeaf12ac136e50403c7699dcf244ee09664b
CLIENT_HANDSHAKE_TRAFFIC_SECRET 5f5698bc484e5d4e7aae8896b1ac5e9886471a1bb0cfe73972ca7db1d245f1a6 b34552e0515bac2c41ec3853b8b27ce0bb739f6fcd5b12f312f23c8d67c01fc386433c35d0c8cdfb8f841b239687be63
SERVER_TRAFFIC_SECRET_0 5f5698bc484e5d4e7aae8896b1ac5e9886471a1bb0cfe73972ca7db1d245f1a6 bd1c9c189d78f6b88963d5a58c4f564943d33c9a1785fe490e28951b72fe3630e84af23d0b7d32d39cb707ab52d8d2a4
CLIENT_HANDSHAKE_TRAFFIC_SECRET 5f5698bc484e5d4e7aae8896b1ac5e9886471a1bb0cfe73972ca7db1d245f1a6 b34552e0515bac2c41ec3853b8b27ce0bb739f6fcd5b12f312f23c8d67c01fc386433c35d0c8cdfb8f841b239687be63
SERVER_HANDSHAKE_TRAFFIC_SECRET 5f5698bc484e5d4e7aae8896b1ac5e9886471a1bb0cfe73972ca7db1d245f1a6 483197c72ea4dc4957134f8012abaf757cf3da4db724077237de4052e277aeaf12ac136e50403c7699dcf244ee09664b
SERVER_TRAFFIC_SECRET_0 5f5698bc484e5d4e7aae8896b1ac5e9886471a1bb0cfe73972ca7db1d245f1a6 bd1c9c189d78f6b88963d5a58c4f564943d33c9a1785fe490e28951b72fe3630e84af23d0b7d32d39cb707ab52d8d2a4
EXPORTER_SECRET 5f5698bc484e5d4e7aae8896b1ac5e9886471a1bb0cfe73972ca7db1d245f1a6 effe534d767cdad64099a54f8aa0d4cd194cedb10116e2c5bcd56c93f78453e97f5568e4870f33167f6a9285474af0af
CLIENT_TRAFFIC_SECRET_0 5f5698bc484e5d4e7aae8896b1ac5e9886471a1bb0cfe73972ca7db1d245f1a6 5324763f8924291d52f1128a4f3ba7ae28f6b0c9527785961163098084bfd6ba3dcc5564da8ac23e3b2b6e1baa533696
CLIENT_TRAFFIC_SECRET_0 5f5698bc484e5d4e7aae8896b1ac5e9886471a1bb0cfe73972ca7db1d245f1a6 5324763f8924291d52f1128a4f3ba7ae28f6b0c9527785961163098084bfd6ba3dcc5564da8ac23e3b2b6e1baa533696
SERVER_HANDSHAKE_TRAFFIC_SECRET 0d3f4ea9167c8a02aaae3780c6d60fedd81313c66eb49274ac5eadeb1c1d72cd 42d9311dd2d2f762f055dd7b8efe00ee6ecf774fc287732054442a6e3ba7be58660764fbb600e7ae3f5c90f3a7824365
CLIENT_HANDSHAKE_TRAFFIC_SECRET 0d3f4ea9167c8a02aaae3780c6d60fedd81313c66eb49274ac5eadeb1c1d72cd d02008c2d3b76554e6820a495133d6470cb6aa28bc07221ee96994f24d313893f7dc5302e517f67c5eb62439f4386d1f
SERVER_TRAFFIC_SECRET_0 0d3f4ea9167c8a02aaae3780c6d60fedd81313c66eb49274ac5eadeb1c1d72cd 610227b0f41dedb26c41794cff89bf3e97c59cfe68ca8656d7b8593e3f6febcf07498577425a85cb0346ae1f477a4d32
CLIENT_HANDSHAKE_TRAFFIC_SECRET 0d3f4ea9167c8a02aaae3780c6d60fedd81313c66eb49274ac5eadeb1c1d72cd d02008c2d3b76554e6820a495133d6470cb6aa28bc07221ee96994f24d313893f7dc5302e517f67c5eb62439f4386d1f
SERVER_HANDSHAKE_TRAFFIC_SECRET 0d3f4ea9167c8a02aaae3780c6d60fedd81313c66eb49274ac5eadeb1c1d72cd 42d9311dd2d2f762f055dd7b8efe00ee6ecf774fc287732054442a6e3ba7be58660764fbb600e7ae3f5c90f3a7824365
SERVER_TRAFFIC_SECRET_0 0d3f4ea9167c8a02aaae3780c6d60fedd81313c66eb49274ac5eadeb1c1d72cd 610227b0f41dedb26c41794cff89bf3e97c59cfe68ca8656d7b8593e3f6febcf07498577425a85cb0346ae1f477a4d32
EXPORTER_SECRET 0d3f4ea9167c8a02aaae3780c6d60fedd81313c66eb49274ac5eadeb1c1d72cd 52e660b75a7b6f042f1abe42fb4ce4612d3df8427e5be4a2b14b4de5584a96589af27f921345fdaa201b53d745f780cc
CLIENT_TRAFFIC_SECRET_0 0d3f4ea9167c8a02aaae3780c6d60fedd81313c66eb49274ac5eadeb1c1d72cd 56bd8f535f83628a61ee43668c6e396e5bd07106b685751923aa34b1c747a6c4bf49fdfd5d10b7adf12946931ab557e1
CLIENT_TRAFFIC_SECRET_0 0d3f4ea9167c8a02aaae3780c6d60fedd81313c66eb49274ac5eadeb1c1d72cd 56bd8f535f83628a61ee43668c6e396e5bd07106b685751923aa34b1c747a6c4bf49fdfd5d10b7adf12946931ab557e1
SERVER_HANDSHAKE_TRAFFIC_SECRET 01ba6d9ff809282612bf22708aac3b6e23d62c4005a3463c64348265be79e0ba 2a88a04e2d43f4b4dd80016affa130e22876403747350e47214a19dc7952b0b23fb1fd26ce23bd13be44ca468a87c452
CLIENT_HANDSHAKE_TRAFFIC_SECRET 01ba6d9ff809282612bf22708aac3b6e23d62c4005a3463c64348265be79e0ba cae7d41f542ce50d0fc39ae83bf973dad9a6118abaf8f95eb1ceea6718394c691db4d6c989493110c9c43b09c0f7af1e
SERVER_TRAFFIC_SECRET_0 01ba6d9ff809282612bf22708aac3b6e23d62c4005a3463c64348265be79e0ba e8dd32de4958032ee96684d12caaabade169cbdd7b21063c7dcb4991886d64bae5cdaa026a723a181afdfc4fb0994727
CLIENT_HANDSHAKE_TRAFFIC_SECRET 01ba6d9ff809282612bf22708aac3b6e23d62c4005a3463c64348265be79e0ba cae7d41f542ce50d0fc39ae83bf973dad9a6118abaf8f95eb1ceea6718394c691db4d6c989493110c9c43b09c0f7af1e
SERVER_HANDSHAKE_TRAFFIC_SECRET 01ba6d9ff809282612bf22708aac3b6e23d62c4005a3463c64348265be79e0ba 2a88a04e2d43f4b4dd80016affa130e22876403747350e47214a19dc7952b0b23fb1fd26ce23bd13be44ca468a87c452
SERVER_TRAFFIC_SECRET_0 01ba6d9ff809282612bf22708aac3b6e23d62c4005a3463c64348265be79e0ba e8dd32de4958032ee96684d12caaabade169cbdd7b21063c7dcb4991886d64bae5cdaa026a723a181afdfc4fb0994727
EXPORTER_SECRET 01ba6d9ff809282612bf22708aac3b6e23d62c4005a3463c64348265be79e0ba 778ef31c4951031a6f75a863b2b25e55a20340a6899deb596bc62db8dc9d6bbc02029b7384609ad9410b6e9a07259598
CLIENT_TRAFFIC_SECRET_0 01ba6d9ff809282612bf22708aac3b6e23d62c4005a3463c64348265be79e0ba 500303b97542044bc8820993418a45dbafd9f2ed98e854f8b5e469d462c768b1e2c362d1160d22c29a9629622e515109
CLIENT_TRAFFIC_SECRET_0 01ba6d9ff809282612bf22708aac3b6e23d62c4005a3463c64348265be79e0ba 500303b97542044bc8820993418a45dbafd9f2ed98e854f8b5e469d462c768b1e2c362d1160d22c29a9629622e515109
SERVER_HANDSHAKE_TRAFFIC_SECRET 818465c7702f346dd90dbbec7432456c35ff32a06f53f3288fe7ed55232aa6f2 4cf782d2a80a89a9d3a3dca75d9795e75d24af8798b3477b729d5d95a539a205444270ab5d8162c4bf0c1d7d7e073f90
CLIENT_HANDSHAKE_TRAFFIC_SECRET 818465c7702f346dd90dbbec7432456c35ff32a06f53f3288fe7ed55232aa6f2 e0ff8c1693813aefb4a20b47b98db7bf5919c2edfd3f7f1811381e732c2493600ae804e05cdf56d5e1489a2088134a9b
SERVER_TRAFFIC_SECRET_0 818465c7702f346dd90dbbec7432456c35ff32a06f53f3288fe7ed55232aa6f2 455e30ac72dd71c85df25435b2cc64189c4b616e133a5f9abb9846e50aebf3478d0923d6dfe0cacc38c8e0fb6477c13a
CLIENT_HANDSHAKE_TRAFFIC_SECRET 818465c7702f346dd90dbbec7432456c35ff32a06f53f3288fe7ed55232aa6f2 e0ff8c1693813aefb4a20b47b98db7bf5919c2edfd3f7f1811381e732c2493600ae804e05cdf56d5e1489a2088134a9b
SERVER_HANDSHAKE_TRAFFIC_SECRET 818465c7702f346dd90dbbec7432456c35ff32a06f53f3288fe7ed55232aa6f2 4cf782d2a80a89a9d3a3dca75d9795e75d24af8798b3477b729d5d95a539a205444270ab5d8162c4bf0c1d7d7e073f90
SERVER_TRAFFIC_SECRET_0 818465c7702f346dd90dbbec7432456c35ff32a06f53f3288fe7ed55232aa6f2 455e30ac72dd71c85df25435b2cc64189c4b616e133a5f9abb9846e50aebf3478d0923d6dfe0cacc38c8e0fb6477c13a
EXPORTER_SECRET 818465c7702f346dd90dbbec7432456c35ff32a06f53f3288fe7ed55232aa6f2 935d97eb77ee040ad95bc1732cfd9693afd7cbd378dc899833774b40763214fa7fb74fe220f6e953f45c3478c0e7b6b4
CLIENT_TRAFFIC_SECRET_0 818465c7702f346dd90dbbec7432456c35ff32a06f53f3288fe7ed55232aa6f2 e57525015ed0d49eec47a5817ecd26196ffc082421aba49452235749b7fc8637674436846526c6468560ac23033f4386
CLIENT_TRAFFIC_SECRET_0 818465c7702f346dd90dbbec7432456c35ff32a06f53f3288fe7ed55232aa6f2 e57525015ed0d49eec47a5817ecd26196ffc082421aba49452235749b7fc8637674436846526c6468560ac23033f4386
SERVER_HANDSHAKE_TRAFFIC_SECRET bc6f9131f3ffd13ca4f090a2b923dfa25f3388c814373c3e4d308440acbe8942 24724a7245a1a7fa5a3d172455b5ff8727ee2e2f62e8043a85f5f784f03ee2c9d5e5c907cd9808f48af698cac119ad8d
CLIENT_HANDSHAKE_TRAFFIC_SECRET bc6f9131f3ffd13ca4f090a2b923dfa25f3388c814373c3e4d308440acbe8942 7df7bf0900daa544ea0b50cf28f8b31110c7f81ce11379b14fda76fa342d86db1c97936715affc563449bb71a95b48ff
SERVER_TRAFFIC_SECRET_0 bc6f9131f3ffd13ca4f090a2b923dfa25f3388c814373c3e4d308440acbe8942 eb2eb75fe57c55da95aa73378e053b68a6181c18439829bf5ac11986b1071f09c08ff484815da3155ea661680479ac14
CLIENT_HANDSHAKE_TRAFFIC_SECRET bc6f9131f3ffd13ca4f090a2b923dfa25f3388c814373c3e4d308440acbe8942 7df7bf0900daa544ea0b50cf28f8b31110c7f81ce11379b14fda76fa342d86db1c97936715affc563449bb71a95b48ff
SERVER_HANDSHAKE_TRAFFIC_SECRET bc6f9131f3ffd13ca4f090a2b923dfa25f3388c814373c3e4d308440acbe8942 24724a7245a1a7fa5a3d172455b5ff8727ee2e2f62e8043a85f5f784f03ee2c9d5e5c907cd9808f48af698cac119ad8d
SERVER_TRAFFIC_SECRET_0 bc6f9131f3ffd13ca4f090a2b923dfa25f3388c814373c3e4d308440acbe8942 eb2eb75fe57c55da95aa73378e053b68a6181c18439829bf5ac11986b1071f09c08ff484815da3155ea661680479ac14
EXPORTER_SECRET bc6f9131f3ffd13ca4f090a2b923dfa25f3388c814373c3e4d308440acbe8942 1572e9469587f511b1f3c675e134dc938e67ef99b0301ddeffa47037474fb9ae50e7c6d700f2b60b82f7fd671fc3236c
CLIENT_TRAFFIC_SECRET_0 bc6f9131f3ffd13ca4f090a2b923dfa25f3388c814373c3e4d308440acbe8942 fc5cf5b3efa2126a417acd13c0d00e8f6cdaabd9361acebdf146fe1bbfa1566ed954d03bc52344058925adb64a7467ea
CLIENT_TRAFFIC_SECRET_0 bc6f9131f3ffd13ca4f090a2b923dfa25f3388c814373c3e4d308440acbe8942 fc5cf5b3efa2126a417acd13c0d00e8f6cdaabd9361acebdf146fe1bbfa1566ed954d03bc52344058925adb64a7467ea
SERVER_HANDSHAKE_TRAFFIC_SECRET 4732f792483c11715ca5d62b33c7324b1b935c260ce66ea3bdaa863f2c1d0e00 5c9a4dd81c9772912d5ef5c27de2423bb4929ea35cfac1cc5266a80eb0dc08c19607187ce198601fbd49326a51bdeee2
CLIENT_HANDSHAKE_TRAFFIC_SECRET 4732f792483c11715ca5d62b33c7324b1b935c260ce66ea3bdaa863f2c1d0e00 db6a774a63a24bd0f10ff9cd9b05e2c6647fc252d079b1015d3748066c57000e25a7a9f3216143f509d38736bce56235
SERVER_TRAFFIC_SECRET_0 4732f792483c11715ca5d62b33c7324b1b935c260ce66ea3bdaa863f2c1d0e00 d835c06efc699887b26d4d68c3f2bd6610bc08720a83a4f697ae7e12b8e0c955beae97d9753ac4207eecf584222c0aa0
CLIENT_HANDSHAKE_TRAFFIC_SECRET 4732f792483c11715ca5d62b33c7324b1b935c260ce66ea3bdaa863f2c1d0e00 db6a774a63a24bd0f10ff9cd9b05e2c6647fc252d079b1015d3748066c57000e25a7a9f3216143f509d38736bce56235
SERVER_HANDSHAKE_TRAFFIC_SECRET 4732f792483c11715ca5d62b33c7324b1b935c260ce66ea3bdaa863f2c1d0e00 5c9a4dd81c9772912d5ef5c27de2423bb4929ea35cfac1cc5266a80eb0dc08c19607187ce198601fbd49326a51bdeee2
SERVER_TRAFFIC_SECRET_0 4732f792483c11715ca5d62b33c7324b1b935c260ce66ea3bdaa863f2c1d0e00 d835c06efc699887b26d4d68c3f2bd6610bc08720a83a4f697ae7e12b8e0c955beae97d9753ac4207eecf584222c0aa0
EXPORTER_SECRET 4732f792483c11715ca5d62b33c7324b1b935c260ce66ea3bdaa863f2c1d0e00 86e11fe1ac34a742c4218798a8091ee577918e410e907689f6d556213ef4fb5059e2d5675fcf7a1d1b836ef273bbcb12
CLIENT_TRAFFIC_SECRET_0 4732f792483c11715ca5d62b33c7324b1b935c260ce66ea3bdaa863f2c1d0e00 0d0bf78c8788c49198ca78efad606ac9b5e47885b3c1a9f21bce5603fac38bbb487447de93ffdac7a4e89e88fd36ac98
CLIENT_TRAFFIC_SECRET_0 4732f792483c11715ca5d62b33c7324b1b935c260ce66ea3bdaa863f2c1d0e00 0d0bf78c8788c49198ca78efad606ac9b5e47885b3c1a9f21bce5603fac38bbb487447de93ffdac7a4e89e88fd36ac98
SERVER_HANDSHAKE_TRAFFIC_SECRET 97775b284941cf13f7356e4697e5573e8d232002dfca298ca73192914fb2b335 bc6667fd65ad9264e804836d62f94e3fca459422af6ac9701955bda7b71b70c9f4d43301e22a160c9b74f145a48e047b
CLIENT_HANDSHAKE_TRAFFIC_SECRET 97775b284941cf13f7356e4697e5573e8d232002dfca298ca73192914fb2b335 c7f358484205c809c1732e9cfe0bee5c96321cb0dfee92668fdd1a1a39249acfcd393f74bf4158d880f8b6fd36df4cff
SERVER_TRAFFIC_SECRET_0 97775b284941cf13f7356e4697e5573e8d232002dfca298ca73192914fb2b335 1c0d0d7835740a361a347224954f237fce2cdb6ad4ef954cd938ae97260cfaefb6a54ec8f63af5c6b9c15f726fcf73fd
CLIENT_HANDSHAKE_TRAFFIC_SECRET 97775b284941cf13f7356e4697e5573e8d232002dfca298ca73192914fb2b335 c7f358484205c809c1732e9cfe0bee5c96321cb0dfee92668fdd1a1a39249acfcd393f74bf4158d880f8b6fd36df4cff
SERVER_HANDSHAKE_TRAFFIC_SECRET 97775b284941cf13f7356e4697e5573e8d232002dfca298ca73192914fb2b335 bc6667fd65ad9264e804836d62f94e3fca459422af6ac9701955bda7b71b70c9f4d43301e22a160c9b74f145a48e047b
SERVER_TRAFFIC_SECRET_0 97775b284941cf13f7356e4697e5573e8d232002dfca298ca73192914fb2b335 1c0d0d7835740a361a347224954f237fce2cdb6ad4ef954cd938ae97260cfaefb6a54ec8f63af5c6b9c15f726fcf73fd
EXPORTER_SECRET 97775b284941cf13f7356e4697e5573e8d232002dfca298ca73192914fb2b335 4aafa78ccfa4edc82d21606a8aaf4a6c739268da0292956907cf4ac0b5c943c14bdbdffc0a0e3b562df8c3f78fbaaefc
CLIENT_TRAFFIC_SECRET_0 97775b284941cf13f7356e4697e5573e8d232002dfca298ca73192914fb2b335 6b4bd0757a12d2ebb700a8ce563b45a41eef33990dace1a158b7670b5441f7bee6002cde1fba4d446c21780a1168215e
CLIENT_TRAFFIC_SECRET_0 97775b284941cf13f7356e4697e5573e8d232002dfca298ca73192914fb2b335 6b4bd0757a12d2ebb700a8ce563b45a41eef33990dace1a158b7670b5441f7bee6002cde1fba4d446c21780a1168215e
SERVER_HANDSHAKE_TRAFFIC_SECRET 5ed87ab483c8a94ddda8e8c4803245aaab46f6ac42e5fd1361b12a6ff6c3fe9a d117ef0862bfa0497fb0d377766dcdb47f6b3d8cc93868b12003c98669ef6b0551883ac83765e0c04e9f04e08a51a796
CLIENT_HANDSHAKE_TRAFFIC_SECRET 5ed87ab483c8a94ddda8e8c4803245aaab46f6ac42e5fd1361b12a6ff6c3fe9a 51fe92a6a1a71f23a3d2cd95c8a0de9e1cdc8ea26a67fb307505cfdbc902d12c2ab04a0e2de943e8a882182fc801d0b5
SERVER_TRAFFIC_SECRET_0 5ed87ab483c8a94ddda8e8c4803245aaab46f6ac42e5fd1361b12a6ff6c3fe9a cc486a4a6853f4e737cea98a40dc0dfd2c998e4e2d301cfbee0ac594ec9ac81e102ec56b304f7088b2dfba6c545c21c6
CLIENT_HANDSHAKE_TRAFFIC_SECRET 5ed87ab483c8a94ddda8e8c4803245aaab46f6ac42e5fd1361b12a6ff6c3fe9a 51fe92a6a1a71f23a3d2cd95c8a0de9e1cdc8ea26a67fb307505cfdbc902d12c2ab04a0e2de943e8a882182fc801d0b5
SERVER_HANDSHAKE_TRAFFIC_SECRET 5ed87ab483c8a94ddda8e8c4803245aaab46f6ac42e5fd1361b12a6ff6c3fe9a d117ef0862bfa0497fb0d377766dcdb47f6b3d8cc93868b12003c98669ef6b0551883ac83765e0c04e9f04e08a51a796
SERVER_TRAFFIC_SECRET_0 5ed87ab483c8a94ddda8e8c4803245aaab46f6ac42e5fd1361b12a6ff6c3fe9a cc486a4a6853f4e737cea98a40dc0dfd2c998e4e2d301cfbee0ac594ec9ac81e102ec56b304f7088b2dfba6c545c21c6
EXPORTER_SECRET 5ed87ab483c8a94ddda8e8c4803245aaab46f6ac42e5fd1361b12a6ff6c3fe9a f75033e4c02de2ef09bbbe064d25d7ffd9f658a158efe3f26e53c10666391510a03ede9be5c1164b892359588b51e7c3
CLIENT_TRAFFIC_SECRET_0 5ed87ab483c8a94ddda8e8c4803245aaab46f6ac42e5fd1361b12a6ff6c3fe9a 15ef356aa93bae302ee0c3330ca9a238257f3bf195372061883b2280acb6b27576cc88ff417cf04a05dd070202360246
CLIENT_TRAFFIC_SECRET_0 5ed87ab483c8a94ddda8e8c4803245aaab46f6ac42e5fd1361b12a6ff6c3fe9a 15ef356aa93bae302ee0c3330ca9a238257f3bf195372061883b2280acb6b27576cc88ff417cf04a05dd070202360246
SERVER_HANDSHAKE_TRAFFIC_SECRET 01f3b72d9d4b8cefd3d47d338e77a0c6c121fe9566c2e6e3e9d4bd2d66ceb519 c19499efc925ae82c9f7084965cb4265691073fe6f4cc1cd23f8946d31fcab1b67dfd485c1f424a7c0f495185a5e14a9
CLIENT_HANDSHAKE_TRAFFIC_SECRET 01f3b72d9d4b8cefd3d47d338e77a0c6c121fe9566c2e6e3e9d4bd2d66ceb519 f22b744c76c69aa5397477dcc385e99097b0e7c684718fbc0d99deaf1e1c03d4ba45354c0a3c31e778721d883c7e4d48
SERVER_TRAFFIC_SECRET_0 01f3b72d9d4b8cefd3d47d338e77a0c6c121fe9566c2e6e3e9d4bd2d66ceb519 446d4493996c812835d34e46963a29dc2b68afa7b2c97fbf9cbb328b70da97dbd6719f58bd72307fa39e454995317ac8
CLIENT_HANDSHAKE_TRAFFIC_SECRET 01f3b72d9d4b8cefd3d47d338e77a0c6c121fe9566c2e6e3e9d4bd2d66ceb519 f22b744c76c69aa5397477dcc385e99097b0e7c684718fbc0d99deaf1e1c03d4ba45354c0a3c31e778721d883c7e4d48
SERVER_HANDSHAKE_TRAFFIC_SECRET 01f3b72d9d4b8cefd3d47d338e77a0c6c121fe9566c2e6e3e9d4bd2d66ceb519 c19499efc925ae82c9f7084965cb4265691073fe6f4cc1cd23f8946d31fcab1b67dfd485c1f424a7c0f495185a5e14a9
SERVER_TRAFFIC_SECRET_0 01f3b72d9d4b8cefd3d47d338e77a0c6c121fe9566c2e6e3e9d4bd2d66ceb519 446d4493996c812835d34e46963a29dc2b68afa7b2c97fbf9cbb328b70da97dbd6719f58bd72307fa39e454995317ac8
EXPORTER_SECRET 01f3b72d9d4b8cefd3d47d338e77a0c6c121fe9566c2e6e3e9d4bd2d66ceb519 9e714eb0145eab487bf97625c778d3eec3ed343d36d415e810ee29b77dc079b6c81ed936dd6aa6a1efb68682dc28f00e
CLIENT_TRAFFIC_SECRET_0 01f3b72d9d4b8cefd3d47d338e77a0c6c121fe9566c2e6e3e9d4bd2d66ceb519 b82b1d1a1746a3938e739991ca278817464b306a7a13aa57511dcbc57de7eb86da0df55dd26777b258116cba4601a1cc
CLIENT_TRAFFIC_SECRET_0 01f3b72d9d4b8cefd3d47d338e77a0c6c121fe9566c2e6e3e9d4bd2d66ceb519 b82b1d1a1746a3938e739991ca278817464b306a7a13aa57511dcbc57de7eb86da0df55dd26777b258116cba4601a1cc
SERVER_HANDSHAKE_TRAFFIC_SECRET 46592b05d6519d2ac93856961d28a2e4561e1804a5838b40bf4a578a613d4edf f80bf5facc903746e78e16d64c820751407dd803fe2b1e8d8df13539f0cc0873d700479821df133d6aa8b14d9f7777ae
CLIENT_HANDSHAKE_TRAFFIC_SECRET 46592b05d6519d2ac93856961d28a2e4561e1804a5838b40bf4a578a613d4edf 7764941db4a9bedba7f189f4357e1048f168cba6216481c12a24bd9ce4bda474311143dc8d3782f8ba330bd25b512760
SERVER_TRAFFIC_SECRET_0 46592b05d6519d2ac93856961d28a2e4561e1804a5838b40bf4a578a613d4edf 20f5c3066b60fd4dba24288ec656077f357b7bad914517bae8d52cde5220a12de3a0388f5660ec6cc8d9b0acd924e31a
CLIENT_HANDSHAKE_TRAFFIC_SECRET 46592b05d6519d2ac93856961d28a2e4561e1804a5838b40bf4a578a613d4edf 7764941db4a9bedba7f189f4357e1048f168cba6216481c12a24bd9ce4bda474311143dc8d3782f8ba330bd25b512760
SERVER_HANDSHAKE_TRAFFIC_SECRET 46592b05d6519d2ac93856961d28a2e4561e1804a5838b40bf4a578a613d4edf f80bf5facc903746e78e16d64c820751407dd803fe2b1e8d8df13539f0cc0873d700479821df133d6aa8b14d9f7777ae
SERVER_TRAFFIC_SECRET_0 46592b05d6519d2ac93856961d28a2e4561e1804a5838b40bf4a578a613d4edf 20f5c3066b60fd4dba24288ec656077f357b7bad914517bae8d52cde5220a12de3a0388f5660ec6cc8d9b0acd924e31a
EXPORTER_SECRET 46592b05d6519d2ac93856961d28a2e4561e1804a5838b40bf4a578a613d4edf de779931521e03a428a106dd123ea63b636535a0c5eb5682091b5a317121018a8dfd78a278b866bf8d3ca6acd0564f92
CLIENT_TRAFFIC_SECRET_0 46592b05d6519d2ac93856961d28a2e4561e1804a5838b40bf4a578a613d4edf f2af630cd9055e1011581c8e242a0c204f63246bdc13448b9c195a533d449e396780f6c7eeffbc8bb908f03d2ea5b4b3
CLIENT_TRAFFIC_SECRET_0 46592b05d6519d2ac93856961d28a2e4561e1804a5838b40bf4a578a613d4edf f2af630cd9055e1011581c8e242a0c204f63246bdc13448b9c195a533d449e396780f6c7eeffbc8bb908f03d2ea5b4b3
SERVER_HANDSHAKE_TRAFFIC_SECRET d2008a506aca007a0c65991e62dde2f634f5f47df28d3b502c729ceb8eddd334 bbc2ae0b75489890ee839a1cf8d69062540f08cecbc3caad195c009de8b20d674f0e0f2dce5537dc185c48f17842c35d
CLIENT_HANDSHAKE_TRAFFIC_SECRET d2008a506aca007a0c65991e62dde2f634f5f47df28d3b502c729ceb8eddd334 1b51b48ccc0507c685cb2b4742c7c8d04de75c765876acc079baf03838c24b2aafd3bc3cf4db3a3939f47eeccc8348fc
SERVER_TRAFFIC_SECRET_0 d2008a506aca007a0c65991e62dde2f634f5f47df28d3b502c729ceb8eddd334 8f4c5cf3b749d792515c190d6a71cdc505a228d13dac4f4449ae4f7727cac8ed9d6d95180350ebd88a8dfb3a62c30cef
CLIENT_HANDSHAKE_TRAFFIC_SECRET d2008a506aca007a0c65991e62dde2f634f5f47df28d3b502c729ceb8eddd334 1b51b48ccc0507c685cb2b4742c7c8d04de75c765876acc079baf03838c24b2aafd3bc3cf4db3a3939f47eeccc8348fc
SERVER_HANDSHAKE_TRAFFIC_SECRET d2008a506aca007a0c65991e62dde2f634f5f47df28d3b502c729ceb8eddd334 bbc2ae0b75489890ee839a1cf8d69062540f08cecbc3caad195c009de8b20d674f0e0f2dce5537dc185c48f17842c35d
SERVER_TRAFFIC_SECRET_0 d2008a506aca007a0c65991e62dde2f634f5f47df28d3b502c729ceb8eddd334 8f4c5cf3b749d792515c190d6a71cdc505a228d13dac4f4449ae4f7727cac8ed9d6d95180350ebd88a8dfb3a62c30cef
EXPORTER_SECRET d2008a506aca007a0c65991e62dde2f634f5f47df28d3b502c729ceb8eddd334 2d125dbf19b984d34e6f6298642f326b86dce39980f8ada3678932a3ef4bae975db1a2de53bbe08984185bc41f4adfa8
CLIENT_TRAFFIC_SECRET_0 d2008a506aca007a0c65991e62dde2f634f5f47df28d3b502c729ceb8eddd334 204bde08c371010f2c6c7bf5662937a9232d4f588013d20314e22780cabca73d1a4af65caf0bb64c7087b4e3636ea804
CLIENT_TRAFFIC_SECRET_0 d2008a506aca007a0c65991e62dde2f634f5f47df28d3b502c729ceb8eddd334 204bde08c371010f2c6c7bf5662937a9232d4f588013d20314e22780cabca73d1a4af65caf0bb64c7087b4e3636ea804
SERVER_HANDSHAKE_TRAFFIC_SECRET 12a4f8565837251eeaebcdcc2201f932bfc5d920a3b2f68e05357bd2de740d2d 458bb8cea967112bec36b80d187798f1e2e58f28b48eec563c3a519b66e60697cdc2e6f5a41ab0cc619726007b47826a
CLIENT_HANDSHAKE_TRAFFIC_SECRET 12a4f8565837251eeaebcdcc2201f932bfc5d920a3b2f68e05357bd2de740d2d 85cee11b945ac90de1b9437d6de865723489cd6c0954148baf6c6d01561f4bb458190390724cbcf20e043b63efe18456
SERVER_TRAFFIC_SECRET_0 12a4f8565837251eeaebcdcc2201f932bfc5d920a3b2f68e05357bd2de740d2d d7856aa3a1c391849a1bdc8b2cb50511fbc1071dd3d22b102a1e9df864c4cad55210e46f397ba3c4437d43774c0e0b72
CLIENT_HANDSHAKE_TRAFFIC_SECRET 12a4f8565837251eeaebcdcc2201f932bfc5d920a3b2f68e05357bd2de740d2d 85cee11b945ac90de1b9437d6de865723489cd6c0954148baf6c6d01561f4bb458190390724cbcf20e043b63efe18456
SERVER_HANDSHAKE_TRAFFIC_SECRET 12a4f8565837251eeaebcdcc2201f932bfc5d920a3b2f68e05357bd2de740d2d 458bb8cea967112bec36b80d187798f1e2e58f28b48eec563c3a519b66e60697cdc2e6f5a41ab0cc619726007b47826a
SERVER_TRAFFIC_SECRET_0 12a4f8565837251eeaebcdcc2201f932bfc5d920a3b2f68e05357bd2de740d2d d7856aa3a1c391849a1bdc8b2cb50511fbc1071dd3d22b102a1e9df864c4cad55210e46f397ba3c4437d43774c0e0b72
EXPORTER_SECRET 12a4f8565837251eeaebcdcc2201f932bfc5d920a3b2f68e05357bd2de740d2d bcb9b49bb29f59296fa428cb9e79193a9476e5234ad4ae5d9bcc39b719ad78fb47dc30d4773f31fee30fbc158fbe0c6f
CLIENT_TRAFFIC_SECRET_0 12a4f8565837251eeaebcdcc2201f932bfc5d920a3b2f68e05357bd2de740d2d f585d8013bc414f1fdc2024a50d1e4409c58d3a67d9c97a6c58043ea5da2745b6b6e76e401c678b204e908c2d489168a
CLIENT_TRAFFIC_SECRET_0 12a4f8565837251eeaebcdcc2201f932bfc5d920a3b2f68e05357bd2de740d2d f585d8013bc414f1fdc2024a50d1e4409c58d3a67d9c97a6c58043ea5da2745b6b6e76e401c678b204e908c2d489168a
SERVER_HANDSHAKE_TRAFFIC_SECRET cc5df09b167a90b793519f23efcbb5a9d5dd83c08602a7d250b563a65ce15fca ea31d82e64bba7da4f8654c07677fda4f396ebe1304414c2343da19ca3800f8d14d178ced60b759f295f911ce9601527
CLIENT_HANDSHAKE_TRAFFIC_SECRET cc5df09b167a90b793519f23efcbb5a9d5dd83c08602a7d250b563a65ce15fca dfca1da9127f44c59d2c9a63398ff897f58044d8b736108c8e94784f18bc2874147855e428ef42782b110cfd0b9511ad
SERVER_TRAFFIC_SECRET_0 cc5df09b167a90b793519f23efcbb5a9d5dd83c08602a7d250b563a65ce15fca ca927401cb3be00a2e8320bedbc514912131bf8017aeb1aeda3c29c8ca5414aa80493a2258430623d1a01ca2eba730a2
CLIENT_HANDSHAKE_TRAFFIC_SECRET cc5df09b167a90b793519f23efcbb5a9d5dd83c08602a7d250b563a65ce15fca dfca1da9127f44c59d2c9a63398ff897f58044d8b736108c8e94784f18bc2874147855e428ef42782b110cfd0b9511ad
SERVER_HANDSHAKE_TRAFFIC_SECRET cc5df09b167a90b793519f23efcbb5a9d5dd83c08602a7d250b563a65ce15fca ea31d82e64bba7da4f8654c07677fda4f396ebe1304414c2343da19ca3800f8d14d178ced60b759f295f911ce9601527
SERVER_TRAFFIC_SECRET_0 cc5df09b167a90b793519f23efcbb5a9d5dd83c08602a7d250b563a65ce15fca ca927401cb3be00a2e8320bedbc514912131bf8017aeb1aeda3c29c8ca5414aa80493a2258430623d1a01ca2eba730a2
EXPORTER_SECRET cc5df09b167a90b793519f23efcbb5a9d5dd83c08602a7d250b563a65ce15fca 37cd1e9ed1b87ed278152576788da59d7f6d38f0bc2552890633b387c971acef8322281eb76cc7ddf1b917cee5424999
CLIENT_TRAFFIC_SECRET_0 cc5df09b167a90b793519f23efcbb5a9d5dd83c08602a7d250b563a65ce15fca 583a2a733092e2ddb7018f6e9f7c9851c540367f231a83384da55f04b6c34ea8cf15130050d228ab721e9035cdd22a14
CLIENT_TRAFFIC_SECRET_0 cc5df09b167a90b793519f23efcbb5a9d5dd83c08602a7d250b563a65ce15fca 583a2a733092e2ddb7018f6e9f7c9851c540367f231a83384da55f04b6c34ea8cf15130050d228ab721e9035cdd22a14
SERVER_HANDSHAKE_TRAFFIC_SECRET 11267cc27c755f8a33a51c7c1e8de1da1e4b04ffe91cad41388df21ab9ab57e2 2c0215b64f94532a78f20ce61e0eb13bf164a03f7887e596119fd69eb60e24295b45f6102d445814875081e56bed9c4c
CLIENT_HANDSHAKE_TRAFFIC_SECRET 11267cc27c755f8a33a51c7c1e8de1da1e4b04ffe91cad41388df21ab9ab57e2 5a2a7b245a504f275a856bca3ab406e45c8a2e87c994808bc2a24fd1dc1351aa1cf54768646d18dc897b626312fc8aff
SERVER_TRAFFIC_SECRET_0 11267cc27c755f8a33a51c7c1e8de1da1e4b04ffe91cad41388df21ab9ab57e2 66dc70d6b0fe37014c3127ad6302f378a169ad2f09ffa2f8f2def0e8034a81c4ea5bb649943a8a28b03cc39a4e0d45ee
CLIENT_HANDSHAKE_TRAFFIC_SECRET 11267cc27c755f8a33a51c7c1e8de1da1e4b04ffe91cad41388df21ab9ab57e2 5a2a7b245a504f275a856bca3ab406e45c8a2e87c994808bc2a24fd1dc1351aa1cf54768646d18dc897b626312fc8aff
SERVER_HANDSHAKE_TRAFFIC_SECRET 11267cc27c755f8a33a51c7c1e8de1da1e4b04ffe91cad41388df21ab9ab57e2 2c0215b64f94532a78f20ce61e0eb13bf164a03f7887e596119fd69eb60e24295b45f6102d445814875081e56bed9c4c
SERVER_TRAFFIC_SECRET_0 11267cc27c755f8a33a51c7c1e8de1da1e4b04ffe91cad41388df21ab9ab57e2 66dc70d6b0fe37014c3127ad6302f378a169ad2f09ffa2f8f2def0e8034a81c4ea5bb649943a8a28b03cc39a4e0d45ee
EXPORTER_SECRET 11267cc27c755f8a33a51c7c1e8de1da1e4b04ffe91cad41388df21ab9ab57e2 9ca17808c64d149e2edcd647fd64880c058e11428b213db72749a673649afafe7abcd8f0a22681a65c4c01cc1cd66e07
CLIENT_TRAFFIC_SECRET_0 11267cc27c755f8a33a51c7c1e8de1da1e4b04ffe91cad41388df21ab9ab57e2 c62faa0944a081d184a1131f7d27a810be619a0fc3dbafbcf8ffb9bd5477f8231f24dd436d8cff1b770ca955e891bc75
CLIENT_TRAFFIC_SECRET_0 11267cc27c755f8a33a51c7c1e8de1da1e4b04ffe91cad41388df21ab9ab57e2 c62faa0944a081d184a1131f7d27a810be619a0fc3dbafbcf8ffb9bd5477f8231f24dd436d8cff1b770ca955e891bc75
SERVER_HANDSHAKE_TRAFFIC_SECRET 6ec21cac484da56b49a7c0d458ca0e4ea449bf32f7cd463d45b183d6ef9c6b10 8043ebf03f6aa385d1febec84f0c3d2c20de2274ffec14c0b2e314502d5949a3c5661f32410cdba4f748c5d316e138ae
CLIENT_HANDSHAKE_TRAFFIC_SECRET 6ec21cac484da56b49a7c0d458ca0e4ea449bf32f7cd463d45b183d6ef9c6b10 5a7aab3f459b952dbcd8edf7e8580ebb1495b7ad1cd3f63493167b4e303a91870d77ea653538cc24143286ef4a8cc514
SERVER_TRAFFIC_SECRET_0 6ec21cac484da56b49a7c0d458ca0e4ea449bf32f7cd463d45b183d6ef9c6b10 94367ba31b2e42f6fe8456ecd0500e3e7968af7a0da03ed5b80df0708254d59124b9ab9fa68ec564eb1c2352aa2c792f
CLIENT_HANDSHAKE_TRAFFIC_SECRET 6ec21cac484da56b49a7c0d458ca0e4ea449bf32f7cd463d45b183d6ef9c6b10 5a7aab3f459b952dbcd8edf7e8580ebb1495b7ad1cd3f63493167b4e303a91870d77ea653538cc24143286ef4a8cc514
SERVER_HANDSHAKE_TRAFFIC_SECRET 6ec21cac484da56b49a7c0d458ca0e4ea449bf32f7cd463d45b183d6ef9c6b10 8043ebf03f6aa385d1febec84f0c3d2c20de2274ffec14c0b2e314502d5949a3c5661f32410cdba4f748c5d316e138ae
SERVER_TRAFFIC_SECRET_0 6ec21cac484da56b49a7c0d458ca0e4ea449bf32f7cd463d45b183d6ef9c6b10 94367ba31b2e42f6fe8456ecd0500e3e7968af7a0da03ed5b80df0708254d59124b9ab9fa68ec564eb1c2352aa2c792f
EXPORTER_SECRET 6ec21cac484da56b49a7c0d458ca0e4ea449bf32f7cd463d45b183d6ef9c6b10 2429547b53874632e3b5b87de2524d35e84a2831da5d9b4956b147985791ca92054f741db5fdedb63635164f44149d44
CLIENT_TRAFFIC_SECRET_0 6ec21cac484da56b49a7c0d458ca0e4ea449bf32f7cd463d45b183d6ef9c6b10 f8288ccec88bb1e038e5371b8403a3492aae149886143b4f0bbf5b5f85630fdf0eee62f7e740951edcbc41fac347f77f
CLIENT_TRAFFIC_SECRET_0 6ec21cac484da56b49a7c0d458ca0e4ea449bf32f7cd463d45b183d6ef9c6b10 f8288ccec88bb1e038e5371b8403a3492aae149886143b4f0bbf5b5f85630fdf0eee62f7e740951edcbc41fac347f77f
SERVER_HANDSHAKE_TRAFFIC_SECRET e6048ff15b68a9bd5d0ddc3ac3aeb96062d198e1c9692b11c5509f9e8e00a631 f3080031771b60ff9c4bf4ab7c721048a0935d02e6a6ac1c453acdcdeb782a493cf7649bf3853ae770729d0dd624232d
CLIENT_HANDSHAKE_TRAFFIC_SECRET e6048ff15b68a9bd5d0ddc3ac3aeb96062d198e1c9692b11c5509f9e8e00a631 908a2ca105b3773c7b4a3729cf963766f285b9f95e46454817f1f136003126b445d9e1a93daed032d3f5e416442ee92d
SERVER_TRAFFIC_SECRET_0 e6048ff15b68a9bd5d0ddc3ac3aeb96062d198e1c9692b11c5509f9e8e00a631 40c1b62dfb8003402993525eaa2ed18b038d225087d73a251dc85b2e88a5a99b31522ff09a5d5fcf204221af9bb916a1
CLIENT_HANDSHAKE_TRAFFIC_SECRET e6048ff15b68a9bd5d0ddc3ac3aeb96062d198e1c9692b11c5509f9e8e00a631 908a2ca105b3773c7b4a3729cf963766f285b9f95e46454817f1f136003126b445d9e1a93daed032d3f5e416442ee92d
SERVER_HANDSHAKE_TRAFFIC_SECRET e6048ff15b68a9bd5d0ddc3ac3aeb96062d198e1c9692b11c5509f9e8e00a631 f3080031771b60ff9c4bf4ab7c721048a0935d02e6a6ac1c453acdcdeb782a493cf7649bf3853ae770729d0dd624232d
SERVER_TRAFFIC_SECRET_0 e6048ff15b68a9bd5d0ddc3ac3aeb96062d198e1c9692b11c5509f9e8e00a631 40c1b62dfb8003402993525eaa2ed18b038d225087d73a251dc85b2e88a5a99b31522ff09a5d5fcf204221af9bb916a1
EXPORTER_SECRET e6048ff15b68a9bd5d0ddc3ac3aeb96062d198e1c9692b11c5509f9e8e00a631 e67f6fcf4ac28e5cf45830bc682ede92d61c8ba4d5e0243e3ad1cf7f4e9bd674f6e8e977dbe1547a563eff7f133f6a72
CLIENT_TRAFFIC_SECRET_0 e6048ff15b68a9bd5d0ddc3ac3aeb96062d198e1c9692b11c5509f9e8e00a631 e2ade7611508c2f53d6b605277e3925f45dfc50c5d4cbe0d580b3dbeed72265e513f65daec5e1fa7699577f97ddf6c3d
CLIENT_TRAFFIC_SECRET_0 e6048ff15b68a9bd5d0ddc3ac3aeb96062d198e1c9692b11c5509f9e8e00a631 e2ade7611508c2f53d6b605277e3925f45dfc50c5d4cbe0d580b3dbeed72265e513f65daec5e1fa7699577f97ddf6c3d
SERVER_HANDSHAKE_TRAFFIC_SECRET 5984e698a73bf1afc08df3498155a692b87e6c259b797b3ca41795bc73f644f4 a7bb2e152e3f4bf7d96c25bdd34a87af3044709821a1dcc4ad67596077979dbc4741ac1e7cb4adb5f812a985afb4bc3a
CLIENT_HANDSHAKE_TRAFFIC_SECRET 5984e698a73bf1afc08df3498155a692b87e6c259b797b3ca41795bc73f644f4 2a045907f5a17bfbe76422ffd009a154c9d39d0e9b5f80384020946988b76bdd63cb8c359845543d1ff3d5ddcc367a32
SERVER_TRAFFIC_SECRET_0 5984e698a73bf1afc08df3498155a692b87e6c259b797b3ca41795bc73f644f4 55f7c6d5b3a1005e875aed184905965ffad200a03c7fec424201cda5e0d0b43e1434bcc49a406dd00ce64506242d6135
CLIENT_HANDSHAKE_TRAFFIC_SECRET 5984e698a73bf1afc08df3498155a692b87e6c259b797b3ca41795bc73f644f4 2a045907f5a17bfbe76422ffd009a154c9d39d0e9b5f80384020946988b76bdd63cb8c359845543d1ff3d5ddcc367a32
SERVER_HANDSHAKE_TRAFFIC_SECRET 5984e698a73bf1afc08df3498155a692b87e6c259b797b3ca41795bc73f644f4 a7bb2e152e3f4bf7d96c25bdd34a87af3044709821a1dcc4ad67596077979dbc4741ac1e7cb4adb5f812a985afb4bc3a
SERVER_TRAFFIC_SECRET_0 5984e698a73bf1afc08df3498155a692b87e6c259b797b3ca41795bc73f644f4 55f7c6d5b3a1005e875aed184905965ffad200a03c7fec424201cda5e0d0b43e1434bcc49a406dd00ce64506242d6135
EXPORTER_SECRET 5984e698a73bf1afc08df3498155a692b87e6c259b797b3ca41795bc73f644f4 a1f02bf8921836ef588f9802421f863c712d33d8ec3f5581f612554b1c0f08d90840edfcdbdd3d26bbd5f31721020666
CLIENT_TRAFFIC_SECRET_0 5984e698a73bf1afc08df3498155a692b87e6c259b797b3ca41795bc73f644f4 59c35cc55b0506f987aa5cb9291c92c4ad00d8de648f4723224b5e4bdc9c5c33699da4dbdec199b154936332f38b3eb7
CLIENT_TRAFFIC_SECRET_0 5984e698a73bf1afc08df3498155a692b87e6c259b797b3ca41795bc73f644f4 59c35cc55b0506f987aa5cb9291c92c4ad00d8de648f4723224b5e4bdc9c5c33699da4dbdec199b154936332f38b3eb7
SERVER_HANDSHAKE_TRAFFIC_SECRET 9cc0f5df45c6b978c3a50a4ff5638cd540f0ffa10672cba7ea96e67615eb58ac a66c851965d75706358696fe710229421496c7abe9bf86e5ce62b2e440b64a1b750dba22ed78e1f52145cb3f74cf9581
CLIENT_HANDSHAKE_TRAFFIC_SECRET 9cc0f5df45c6b978c3a50a4ff5638cd540f0ffa10672cba7ea96e67615eb58ac e7e95cf220e15c86bb44871ef42ea62b1b9da9cc2744244ac01a18f30efb98941cbbb80485af2bc81a505e86f7bc3772
SERVER_TRAFFIC_SECRET_0 9cc0f5df45c6b978c3a50a4ff5638cd540f0ffa10672cba7ea96e67615eb58ac cfe17ecc639a98323ecda1b87b604cf512d02ca104b16f68e50d977d1873f367bb5162f4b0b7e2c855b3e441f187e820
CLIENT_HANDSHAKE_TRAFFIC_SECRET 9cc0f5df45c6b978c3a50a4ff5638cd540f0ffa10672cba7ea96e67615eb58ac e7e95cf220e15c86bb44871ef42ea62b1b9da9cc2744244ac01a18f30efb98941cbbb80485af2bc81a505e86f7bc3772
SERVER_HANDSHAKE_TRAFFIC_SECRET 9cc0f5df45c6b978c3a50a4ff5638cd540f0ffa10672cba7ea96e67615eb58ac a66c851965d75706358696fe710229421496c7abe9bf86e5ce62b2e440b64a1b750dba22ed78e1f52145cb3f74cf9581
SERVER_TRAFFIC_SECRET_0 9cc0f5df45c6b978c3a50a4ff5638cd540f0ffa10672cba7ea96e67615eb58ac cfe17ecc639a98323ecda1b87b604cf512d02ca104b16f68e50d977d1873f367bb5162f4b0b7e2c855b3e441f187e820
EXPORTER_SECRET 9cc0f5df45c6b978c3a50a4ff5638cd540f0ffa10672cba7ea96e67615eb58ac af5755717c7c20407cbaff7cf692a1479ed18da16036b5f76c98f417cdb4b7917c09f94322fbb04e94e6d0360b938177
CLIENT_TRAFFIC_SECRET_0 9cc0f5df45c6b978c3a50a4ff5638cd540f0ffa10672cba7ea96e67615eb58ac 435a6c61c442935f59844f40168924dc325fa3726916579184c1e7ee4ca59596d3762e24f7f79f824a9a50ccf8e54722
CLIENT_TRAFFIC_SECRET_0 9cc0f5df45c6b978c3a50a4ff5638cd540f0ffa10672cba7ea96e67615eb58ac 435a6c61c442935f59844f40168924dc325fa3726916579184c1e7ee4ca59596d3762e24f7f79f824a9a50ccf8e54722
SERVER_HANDSHAKE_TRAFFIC_SECRET 146882025977afff4ca98754f0b96173d5133a9fb950731361042fa29485d91c 24919febb0f48b6571bad7462e3380ffe849d46853cd81ca56212f29418822958fb23885002642b198965269a3ac0a8f
CLIENT_HANDSHAKE_TRAFFIC_SECRET 146882025977afff4ca98754f0b96173d5133a9fb950731361042fa29485d91c 20eb1633b9580d13eb7231c7e85a7568cef61037f25b505ff34996cbcdd6efa1266704997c880c8e776b4184113647af
SERVER_TRAFFIC_SECRET_0 146882025977afff4ca98754f0b96173d5133a9fb950731361042fa29485d91c 218e20ce36eecdf667f00d4b161e775ec48b049ea361e67ba77fed3ec5f02b5b8ab98244a9c9700dcc846bb14e5f2788
CLIENT_HANDSHAKE_TRAFFIC_SECRET 146882025977afff4ca98754f0b96173d5133a9fb950731361042fa29485d91c 20eb1633b9580d13eb7231c7e85a7568cef61037f25b505ff34996cbcdd6efa1266704997c880c8e776b4184113647af
SERVER_HANDSHAKE_TRAFFIC_SECRET 146882025977afff4ca98754f0b96173d5133a9fb950731361042fa29485d91c 24919febb0f48b6571bad7462e3380ffe849d46853cd81ca56212f29418822958fb23885002642b198965269a3ac0a8f
SERVER_TRAFFIC_SECRET_0 146882025977afff4ca98754f0b96173d5133a9fb950731361042fa29485d91c 218e20ce36eecdf667f00d4b161e775ec48b049ea361e67ba77fed3ec5f02b5b8ab98244a9c9700dcc846bb14e5f2788
EXPORTER_SECRET 146882025977afff4ca98754f0b96173d5133a9fb950731361042fa29485d91c ad83f34eaab5682bd0385336a3f0a2096f87a56af8c745441e7da05c049b7cb3fc6f11df0ee3ac8093b43a19371e62a8
CLIENT_TRAFFIC_SECRET_0 146882025977afff4ca98754f0b96173d5133a9fb950731361042fa29485d91c b0ca00231015dcfaea73127612b5116d95ff216d029e8c501b65d32bdab563e1ce1ae52c35f9573a39c11ebda9031f14
CLIENT_TRAFFIC_SECRET_0 146882025977afff4ca98754f0b96173d5133a9fb950731361042fa29485d91c b0ca00231015dcfaea73127612b5116d95ff216d029e8c501b65d32bdab563e1ce1ae52c35f9573a39c11ebda9031f14
SERVER_HANDSHAKE_TRAFFIC_SECRET 07c6da06eb7da6af765e5fae8a8d5a5b50e9eb54605bc736e0d66bcf4b76424c 4066bad9549ea3901b2967c3f2de6b9be52e374d078822ebc8bbd1518732004b5bec90230f338622b7c982e96ee682d0
CLIENT_HANDSHAKE_TRAFFIC_SECRET 07c6da06eb7da6af765e5fae8a8d5a5b50e9eb54605bc736e0d66bcf4b76424c 7e3ec1c907fef1f74007e85679bc77f38e8fa07de940010db63fa9ed757b66107c268a8ceed124fc2442ceea3fc9a517
SERVER_TRAFFIC_SECRET_0 07c6da06eb7da6af765e5fae8a8d5a5b50e9eb54605bc736e0d66bcf4b76424c 98f5f94777b172535e7309f1321e255002fe8a4b996b24b489b67798a55cdcf26d2248aed6a36741d82fd76ca1ce5a39
CLIENT_HANDSHAKE_TRAFFIC_SECRET 07c6da06eb7da6af765e5fae8a8d5a5b50e9eb54605bc736e0d66bcf4b76424c 7e3ec1c907fef1f74007e85679bc77f38e8fa07de940010db63fa9ed757b66107c268a8ceed124fc2442ceea3fc9a517
SERVER_HANDSHAKE_TRAFFIC_SECRET 07c6da06eb7da6af765e5fae8a8d5a5b50e9eb54605bc736e0d66bcf4b76424c 4066bad9549ea3901b2967c3f2de6b9be52e374d078822ebc8bbd1518732004b5bec90230f338622b7c982e96ee682d0
SERVER_TRAFFIC_SECRET_0 07c6da06eb7da6af765e5fae8a8d5a5b50e9eb54605bc736e0d66bcf4b76424c 98f5f94777b172535e7309f1321e255002fe8a4b996b24b489b67798a55cdcf26d2248aed6a36741d82fd76ca1ce5a39
EXPORTER_SECRET 07c6da06eb7da6af765e5fae8a8d5a5b50e9eb54605bc736e0d66bcf4b76424c accc18a1ff93b1a8c959b575910938f4baa5c9bfd7832a8190f24800b222d6bf2eb3566ad36e7cf9f42c4ac39a902686
CLIENT_TRAFFIC_SECRET_0 07c6da06eb7da6af765e5fae8a8d5a5b50e9eb54605bc736e0d66bcf4b76424c 50d719b7733685298ff7b3075accb5eb328d129941eeccd9fd97ce7abc50f695110972856114ba09e74ac467e6a92790
CLIENT_TRAFFIC_SECRET_0 07c6da06eb7da6af765e5fae8a8d5a5b50e9eb54605bc736e0d66bcf4b76424c 50d719b7733685298ff7b3075accb5eb328d129941eeccd9fd97ce7abc50f695110972856114ba09e74ac467e6a92790
SERVER_HANDSHAKE_TRAFFIC_SECRET 5bf5022f4412b508df1438a5140f83626d1fb72a325d0ba17625863fc89a91b0 a2794f8764519a429e7582e4701dcf92e0556c522b37c0b00c14e73a6d00e9d0fc84e0ea5b950ed4c24c2b0861a4da0a
CLIENT_HANDSHAKE_TRAFFIC_SECRET 5bf5022f4412b508df1438a5140f83626d1fb72a325d0ba17625863fc89a91b0 73222a15e6eb86cd4dd792310f91465fed2674535a4b05249b2273748519c53f62182003bb898766e2c7d80b58982130
SERVER_TRAFFIC_SECRET_0 5bf5022f4412b508df1438a5140f83626d1fb72a325d0ba17625863fc89a91b0 a03a0edeae4e6986170d055b36227e4508d08b1cd45e2f02a3857f7a1bd83a49c11b79449d55fa6c3e37efbcb7b2bb88
CLIENT_HANDSHAKE_TRAFFIC_SECRET 5bf5022f4412b508df1438a5140f83626d1fb72a325d0ba17625863fc89a91b0 73222a15e6eb86cd4dd792310f91465fed2674535a4b05249b2273748519c53f62182003bb898766e2c7d80b58982130
SERVER_HANDSHAKE_TRAFFIC_SECRET 5bf5022f4412b508df1438a5140f83626d1fb72a325d0ba17625863fc89a91b0 a2794f8764519a429e7582e4701dcf92e0556c522b37c0b00c14e73a6d00e9d0fc84e0ea5b950ed4c24c2b0861a4da0a
SERVER_TRAFFIC_SECRET_0 5bf5022f4412b508df1438a5140f83626d1fb72a325d0ba17625863fc89a91b0 a03a0edeae4e6986170d055b36227e4508d08b1cd45e2f02a3857f7a1bd83a49c11b79449d55fa6c3e37efbcb7b2bb88
EXPORTER_SECRET 5bf5022f4412b508df1438a5140f83626d1fb72a325d0ba17625863fc89a91b0 6a8c76884a75c9281a5a010360a36040763b26f02bc699dc999f56daa85ec95f96c69bb038a1120736dca4bbe453515e
CLIENT_TRAFFIC_SECRET_0 5bf5022f4412b508df1438a5140f83626d1fb72a325d0ba17625863fc89a91b0 ebe92807697d2d1ccd7278aec03c2e422633371855e1d25ace950e342e034bb128a9aa7c0cd71c9ce61f56515a76b1e6
CLIENT_TRAFFIC_SECRET_0 5bf5022f4412b508df1438a5140f83626d1fb72a325d0ba17625863fc89a91b0 ebe92807697d2d1ccd7278aec03c2e422633371855e1d25ace950e342e034bb128a9aa7c0cd71c9ce61f56515a76b1e6
SERVER_HANDSHAKE_TRAFFIC_SECRET 6b103808f74c5746da3e7aee6448986db534e9620ad3933759571cb7c1bdc063 d525a06b8f57e8e56508fd915fb49fbc17d5129aa268cb84d787d05c09d1c10d44556d3cef87f8d82ae2acffa9dd7009
CLIENT_HANDSHAKE_TRAFFIC_SECRET 6b103808f74c5746da3e7aee6448986db534e9620ad3933759571cb7c1bdc063 c9585ecab39059acaa5047bbebf54c219ec3af40637b287ec64dae8b7d0535308bffa45a36777403edb796aa636db3ba
SERVER_TRAFFIC_SECRET_0 6b103808f74c5746da3e7aee6448986db534e9620ad3933759571cb7c1bdc063 82c49972e0cfc90bbe98b567343f7277c8f64ad69f3a7069b8935b380b7da46292c779561237c981d698ea428fa2d11e
CLIENT_HANDSHAKE_TRAFFIC_SECRET 6b103808f74c5746da3e7aee6448986db534e9620ad3933759571cb7c1bdc063 c9585ecab39059acaa5047bbebf54c219ec3af40637b287ec64dae8b7d0535308bffa45a36777403edb796aa636db3ba
SERVER_HANDSHAKE_TRAFFIC_SECRET 6b103808f74c5746da3e7aee6448986db534e9620ad3933759571cb7c1bdc063 d525a06b8f57e8e56508fd915fb49fbc17d5129aa268cb84d787d05c09d1c10d44556d3cef87f8d82ae2acffa9dd7009
SERVER_TRAFFIC_SECRET_0 6b103808f74c5746da3e7aee6448986db534e9620ad3933759571cb7c1bdc063 82c49972e0cfc90bbe98b567343f7277c8f64ad69f3a7069b8935b380b7da46292c779561237c981d698ea428fa2d11e
EXPORTER_SECRET 6b103808f74c5746da3e7aee6448986db534e9620ad3933759571cb7c1bdc063 b8ceb981ddee2f7c19d7a01fc7bb64b5784b7c8ac81de10a315dd023f6354ec52bd33bd5bb0f8119b05bca8147e204ac
CLIENT_TRAFFIC_SECRET_0 6b103808f74c5746da3e7aee6448986db534e9620ad3933759571cb7c1bdc063 d43b0ade9370c973fabffc3664c58c4c0fa5c2ee5f07ef1f42380357273f4474d60a42c10371dad85c57345fd06464d5
CLIENT_TRAFFIC_SECRET_0 6b103808f74c5746da3e7aee6448986db534e9620ad3933759571cb7c1bdc063 d43b0ade9370c973fabffc3664c58c4c0fa5c2ee5f07ef1f42380357273f4474d60a42c10371dad85c57345fd06464d5
SERVER_HANDSHAKE_TRAFFIC_SECRET 85a60d93d34cc86ee3afe4e85b31f0c85fab440daafa40fa1e2595483fa0f8c2 30e05140106d16c2d1d0486d95cf1a7f9d36f598d0c9010aeed8e7b7acceb150e1b2acbfae645be62d6abdc8bea0b7b4
CLIENT_HANDSHAKE_TRAFFIC_SECRET 85a60d93d34cc86ee3afe4e85b31f0c85fab440daafa40fa1e2595483fa0f8c2 c963b4dc53a50dfa528b401fd079e57f79077b8c64e5e66b511233ffb2b4015b389c8dac08a02b19e65806643b5b139b
SERVER_TRAFFIC_SECRET_0 85a60d93d34cc86ee3afe4e85b31f0c85fab440daafa40fa1e2595483fa0f8c2 bf7ed1391361811350d5e9a2d54ee528f732899d32e3509118579baa7392cc95ed514e74e6ad7493c536d366a72b6b3c
CLIENT_HANDSHAKE_TRAFFIC_SECRET 85a60d93d34cc86ee3afe4e85b31f0c85fab440daafa40fa1e2595483fa0f8c2 c963b4dc53a50dfa528b401fd079e57f79077b8c64e5e66b511233ffb2b4015b389c8dac08a02b19e65806643b5b139b
SERVER_HANDSHAKE_TRAFFIC_SECRET 85a60d93d34cc86ee3afe4e85b31f0c85fab440daafa40fa1e2595483fa0f8c2 30e05140106d16c2d1d0486d95cf1a7f9d36f598d0c9010aeed8e7b7acceb150e1b2acbfae645be62d6abdc8bea0b7b4
SERVER_TRAFFIC_SECRET_0 85a60d93d34cc86ee3afe4e85b31f0c85fab440daafa40fa1e2595483fa0f8c2 bf7ed1391361811350d5e9a2d54ee528f732899d32e3509118579baa7392cc95ed514e74e6ad7493c536d366a72b6b3c
EXPORTER_SECRET 85a60d93d34cc86ee3afe4e85b31f0c85fab440daafa40fa1e2595483fa0f8c2 f1ff405ade78674d203391a0963a99117bc769494ed6492620ecacc184801ce117b0687186c65798b2ee261450a96f56
CLIENT_TRAFFIC_SECRET_0 85a60d93d34cc86ee3afe4e85b31f0c85fab440daafa40fa1e2595483fa0f8c2 2a0d17365c24e64f4319cc3daa9d6c464576417ffb68c965be10aafdba2d9ce700c8d38aa051c6c815d184db34632e3f
CLIENT_TRAFFIC_SECRET_0 85a60d93d34cc86ee3afe4e85b31f0c85fab440daafa40fa1e2595483fa0f8c2 2a0d17365c24e64f4319cc3daa9d6c464576417ffb68c965be10aafdba2d9ce700c8d38aa051c6c815d184db34632e3f
SERVER_HANDSHAKE_TRAFFIC_SECRET ee7555c18e8dc53c68fd02210b792715fa35f03f46d3ed3d6883478ab5a1af29 4fc5d7f22e8c857843fca8f360342cf1b05b3ee37824559123b1b6f6efcae211b2024b16abad1ba31c2c8138e6ea54d4
CLIENT_HANDSHAKE_TRAFFIC_SECRET ee7555c18e8dc53c68fd02210b792715fa35f03f46d3ed3d6883478ab5a1af29 326cf793412264bc9789f430448078c4747d232f3700df6214b3c03968a202dfe45801a0e9a417f9237b59483779122c
SERVER_TRAFFIC_SECRET_0 ee7555c18e8dc53c68fd02210b792715fa35f03f46d3ed3d6883478ab5a1af29 6d4f4e384ae9b359ed17e3b7c7351d849d9e1f574711ccbaa5bd38a1a48becfbc924081eea970a7c2e1e4e7c20b6b83d
CLIENT_HANDSHAKE_TRAFFIC_SECRET ee7555c18e8dc53c68fd02210b792715fa35f03f46d3ed3d6883478ab5a1af29 326cf793412264bc9789f430448078c4747d232f3700df6214b3c03968a202dfe45801a0e9a417f9237b59483779122c
SERVER_HANDSHAKE_TRAFFIC_SECRET ee7555c18e8dc53c68fd02210b792715fa35f03f46d3ed3d6883478ab5a1af29 4fc5d7f22e8c857843fca8f360342cf1b05b3ee37824559123b1b6f6efcae211b2024b16abad1ba31c2c8138e6ea54d4
SERVER_TRAFFIC_SECRET_0 ee7555c18e8dc53c68fd02210b792715fa35f03f46d3ed3d6883478ab5a1af29 6d4f4e384ae9b359ed17e3b7c7351d849d9e1f574711ccbaa5bd38a1a48becfbc924081eea970a7c2e1e4e7c20b6b83d
EXPORTER_SECRET ee7555c18e8dc53c68fd02210b792715fa35f03f46d3ed3d6883478ab5a1af29 73fffceb9767418de9b551113a95504f346ccdc08956d42602a8d2a0ad042df2b3e2214f4b552b076a5c4eec59a7b074
CLIENT_TRAFFIC_SECRET_0 ee7555c18e8dc53c68fd02210b792715fa35f03f46d3ed3d6883478ab5a1af29 38275d17829d159348d3b4ad2cc123b4d5f7d653959b3ee641ed9c3d4184d84100a523483eb702c7d57749aeb0d2b02f
CLIENT_TRAFFIC_SECRET_0 ee7555c18e8dc53c68fd02210b792715fa35f03f46d3ed3d6883478ab5a1af29 38275d17829d159348d3b4ad2cc123b4d5f7d653959b3ee641ed9c3d4184d84100a523483eb702c7d57749aeb0d2b02f
SERVER_HANDSHAKE_TRAFFIC_SECRET 3e14ac6e58ac9b83fe026fa31dbd4f02827099faad5f06d11ce5bfb57a150414 0041011e248d6b7c7ee1f1bb72ab4c07c89a85c78aa1f4d06f0c796b68ceb67c2ba11735c63b1327d078967b5be4d607
CLIENT_HANDSHAKE_TRAFFIC_SECRET 3e14ac6e58ac9b83fe026fa31dbd4f02827099faad5f06d11ce5bfb57a150414 b60142672821741a1f8ca70882e06b0482dc22b5c4b7d63afe89cd40bbd9b527005df0a87276484c425d8ffc489ccf00
SERVER_TRAFFIC_SECRET_0 3e14ac6e58ac9b83fe026fa31dbd4f02827099faad5f06d11ce5bfb57a150414 836089dd20b5de78eb19aa286b760b95ffdf1f1d355cb227e14c0f8dfdc651624ca766e26d7daf25991695731d410e3d
CLIENT_HANDSHAKE_TRAFFIC_SECRET 3e14ac6e58ac9b83fe026fa31dbd4f02827099faad5f06d11ce5bfb57a150414 b60142672821741a1f8ca70882e06b0482dc22b5c4b7d63afe89cd40bbd9b527005df0a87276484c425d8ffc489ccf00
SERVER_HANDSHAKE_TRAFFIC_SECRET 3e14ac6e58ac9b83fe026fa31dbd4f02827099faad5f06d11ce5bfb57a150414 0041011e248d6b7c7ee1f1bb72ab4c07c89a85c78aa1f4d06f0c796b68ceb67c2ba11735c63b1327d078967b5be4d607
SERVER_TRAFFIC_SECRET_0 3e14ac6e58ac9b83fe026fa31dbd4f02827099faad5f06d11ce5bfb57a150414 836089dd20b5de78eb19aa286b760b95ffdf1f1d355cb227e14c0f8dfdc651624ca766e26d7daf25991695731d410e3d
EXPORTER_SECRET 3e14ac6e58ac9b83fe026fa31dbd4f02827099faad5f06d11ce5bfb57a150414 83322ce53adf11b3707d016573795a35ea9dbfd669339a2fc4925f22f8bc8a3d0b48e76dfebf86009a4f11c71ad29855
CLIENT_TRAFFIC_SECRET_0 3e14ac6e58ac9b83fe026fa31dbd4f02827099faad5f06d11ce5bfb57a150414 78d309f2539a5506847ebaa0c589bfdbc6de2681159057860868c50c65e48e24f5bc7fccbfac720796759c49327f0089
CLIENT_TRAFFIC_SECRET_0 3e14ac6e58ac9b83fe026fa31dbd4f02827099faad5f06d11ce5bfb57a150414 78d309f2539a5506847ebaa0c589bfdbc6de2681159057860868c50c65e48e24f5bc7fccbfac720796759c49327f0089
SERVER_HANDSHAKE_TRAFFIC_SECRET d56020585955eb2b49cc29638f2cb77c3074f83cfe96eddfabe45a6342e11b1a 5982495a138d322d075ce876a7f4233fb3063b76a5b860dee37c47d4e8522526d47d6472a6279c5e523295d7dcd7515d
CLIENT_HANDSHAKE_TRAFFIC_SECRET d56020585955eb2b49cc29638f2cb77c3074f83cfe96eddfabe45a6342e11b1a f6421aacdfa8dae83e6c22dc0ad43cc280fbe2917180e5fc4dd59c6632876e8bc8b1df1c7940f034676ec1ea5431423e
SERVER_TRAFFIC_SECRET_0 d56020585955eb2b49cc29638f2cb77c3074f83cfe96eddfabe45a6342e11b1a dc3202583ecd6e3139196ed04c6c3ea71299a4317887f185fa03f5bf7acb98336e50f35365b887f0716e72e042a28728
CLIENT_HANDSHAKE_TRAFFIC_SECRET d56020585955eb2b49cc29638f2cb77c3074f83cfe96eddfabe45a6342e11b1a f6421aacdfa8dae83e6c22dc0ad43cc280fbe2917180e5fc4dd59c6632876e8bc8b1df1c7940f034676ec1ea5431423e
SERVER_HANDSHAKE_TRAFFIC_SECRET d56020585955eb2b49cc29638f2cb77c3074f83cfe96eddfabe45a6342e11b1a 5982495a138d322d075ce876a7f4233fb3063b76a5b860dee37c47d4e8522526d47d6472a6279c5e523295d7dcd7515d
SERVER_TRAFFIC_SECRET_0 d56020585955eb2b49cc29638f2cb77c3074f83cfe96eddfabe45a6342e11b1a dc3202583ecd6e3139196ed04c6c3ea71299a4317887f185fa03f5bf7acb98336e50f35365b887f0716e72e042a28728
EXPORTER_SECRET d56020585955eb2b49cc29638f2cb77c3074f83cfe96eddfabe45a6342e11b1a f170a3e3c58898f02216915d78d67454ff519c8d5e26db2771e6d3b3ed949984108cecb047b09a71ed7d62e2f504d568
CLIENT_TRAFFIC_SECRET_0 d56020585955eb2b49cc29638f2cb77c3074f83cfe96eddfabe45a6342e11b1a 002c6fdef3cbb656359406953f11880e6037df1b77ca20cf5a3347b6c72365a22567b690ebf244cba59b1145d61d11b8
CLIENT_TRAFFIC_SECRET_0 d56020585955eb2b49cc29638f2cb77c3074f83cfe96eddfabe45a6342e11b1a 002c6fdef3cbb656359406953f11880e6037df1b77ca20cf5a3347b6c72365a22567b690ebf244cba59b1145d61d11b8
SERVER_HANDSHAKE_TRAFFIC_SECRET 08959fedb529cdbaee7fa95b5e44e896d64d8fdbcf7eb11def77c5d558e3fa03 2ed5ef297154c1313fec67e41ede51b94a7a13a4de99c06061c3c2c3c6701d89aaca277ad8f3ef5708e0be2821b84865
CLIENT_HANDSHAKE_TRAFFIC_SECRET 08959fedb529cdbaee7fa95b5e44e896d64d8fdbcf7eb11def77c5d558e3fa03 3b8291055543a584363e39dc46cc6f790c1bc2d795ca295b054521de86f93b15473d3917ffb66407cfa48cbadac05e06
SERVER_TRAFFIC_SECRET_0 08959fedb529cdbaee7fa95b5e44e896d64d8fdbcf7eb11def77c5d558e3fa03 0f67b8e71a8185074ee45e58cdf63ca32d8b0844cd559315c900e64bbe4ef5c5b1f57f887b7963902de03df6efc73c89
CLIENT_HANDSHAKE_TRAFFIC_SECRET 08959fedb529cdbaee7fa95b5e44e896d64d8fdbcf7eb11def77c5d558e3fa03 3b8291055543a584363e39dc46cc6f790c1bc2d795ca295b054521de86f93b15473d3917ffb66407cfa48cbadac05e06
SERVER_HANDSHAKE_TRAFFIC_SECRET 08959fedb529cdbaee7fa95b5e44e896d64d8fdbcf7eb11def77c5d558e3fa03 2ed5ef297154c1313fec67e41ede51b94a7a13a4de99c06061c3c2c3c6701d89aaca277ad8f3ef5708e0be2821b84865
SERVER_TRAFFIC_SECRET_0 08959fedb529cdbaee7fa95b5e44e896d64d8fdbcf7eb11def77c5d558e3fa03 0f67b8e71a8185074ee45e58cdf63ca32d8b0844cd559315c900e64bbe4ef5c5b1f57f887b7963902de03df6efc73c89
EXPORTER_SECRET 08959fedb529cdbaee7fa95b5e44e896d64d8fdbcf7eb11def77c5d558e3fa03 2921d39e052cf442fdc26bc9984958bf0c9dd638e30e8dcbef5eca2af683e03d1d3f3e9383a113578abfbe202b0a6794
CLIENT_TRAFFIC_SECRET_0 08959fedb529cdbaee7fa95b5e44e896d64d8fdbcf7eb11def77c5d558e3fa03 6dac8f28acd845396d06a48cb826ab412f8be5f2c0271096ac0a81e018eb23f8531a2b55bf2d8253ad0db1b64f5ac5d3
CLIENT_TRAFFIC_SECRET_0 08959fedb529cdbaee7fa95b5e44e896d64d8fdbcf7eb11def77c5d558e3fa03 6dac8f28acd845396d06a48cb826ab412f8be5f2c0271096ac0a81e018eb23f8531a2b55bf2d8253ad0db1b64f5ac5d3
SERVER_HANDSHAKE_TRAFFIC_SECRET b115ea75c30c404025c74ae0f52068cd563d69ce207796c32f20fc4782f31f40 b9501b9096a2fd5e40ec8ddeb982ff66907b9c7f28259956d50873509c7121582dd0aa7cce89635a1338648749d3fe90
CLIENT_HANDSHAKE_TRAFFIC_SECRET b115ea75c30c404025c74ae0f52068cd563d69ce207796c32f20fc4782f31f40 e281554a813f879459e647c3419007aed3607d2301b80510fa43aae261c28fb7828d3ccdbd8a8df377b9dcce6aaeb6d3
SERVER_TRAFFIC_SECRET_0 b115ea75c30c404025c74ae0f52068cd563d69ce207796c32f20fc4782f31f40 4233749838825251b0f6942d207a614a9dbb4065bcced5788aafd755ffd4486b6f0e708a8d85653280c973f325db6522
CLIENT_HANDSHAKE_TRAFFIC_SECRET b115ea75c30c404025c74ae0f52068cd563d69ce207796c32f20fc4782f31f40 e281554a813f879459e647c3419007aed3607d2301b80510fa43aae261c28fb7828d3ccdbd8a8df377b9dcce6aaeb6d3
SERVER_HANDSHAKE_TRAFFIC_SECRET b115ea75c30c404025c74ae0f52068cd563d69ce207796c32f20fc4782f31f40 b9501b9096a2fd5e40ec8ddeb982ff66907b9c7f28259956d50873509c7121582dd0aa7cce89635a1338648749d3fe90
SERVER_TRAFFIC_SECRET_0 b115ea75c30c404025c74ae0f52068cd563d69ce207796c32f20fc4782f31f40 4233749838825251b0f6942d207a614a9dbb4065bcced5788aafd755ffd4486b6f0e708a8d85653280c973f325db6522
EXPORTER_SECRET b115ea75c30c404025c74ae0f52068cd563d69ce207796c32f20fc4782f31f40 ea90b783313feeea9b99be0daa5f40f3bb445ce03413c3dcc1074c88a6400a4f29b633d9e7b04e919cc4a15c1fd6a4ff
CLIENT_TRAFFIC_SECRET_0 b115ea75c30c404025c74ae0f52068cd563d69ce207796c32f20fc4782f31f40 140be18ef5650409b22f6de9318f46aa3cea76769d9fc7041afccf6f51b6840bd8317ca26956a90ac2701c13120f25c9
CLIENT_TRAFFIC_SECRET_0 b115ea75c30c404025c74ae0f52068cd563d69ce207796c32f20fc4782f31f40 140be18ef5650409b22f6de9318f46aa3cea76769d9fc7041afccf6f51b6840bd8317ca26956a90ac2701c13120f25c9
SERVER_HANDSHAKE_TRAFFIC_SECRET 5c3def3585fefd815fbc70bf8db93f68470eafc448948b53e59b4c729f8df2bd 96882f1aaee304496bc9795b73b0cdc74a62e825cbe7f9eb92498c47258b9ef001e0616acd62b881b3b4a078d5b547e4
CLIENT_HANDSHAKE_TRAFFIC_SECRET 5c3def3585fefd815fbc70bf8db93f68470eafc448948b53e59b4c729f8df2bd 6cd4c4833beb903167eae68a56091e813de86d47b5429f4d0a72778e665362079ac4b84b161937fd01f05e8d256fede3
SERVER_TRAFFIC_SECRET_0 5c3def3585fefd815fbc70bf8db93f68470eafc448948b53e59b4c729f8df2bd a4cde33dcb5c2d53d90fd8436e9063fb94216f17cb873b4dd316d70b8ad5e00212becc65b32f9326578d88752db146e6
CLIENT_HANDSHAKE_TRAFFIC_SECRET 5c3def3585fefd815fbc70bf8db93f68470eafc448948b53e59b4c729f8df2bd 6cd4c4833beb903167eae68a56091e813de86d47b5429f4d0a72778e665362079ac4b84b161937fd01f05e8d256fede3
SERVER_HANDSHAKE_TRAFFIC_SECRET 5c3def3585fefd815fbc70bf8db93f68470eafc448948b53e59b4c729f8df2bd 96882f1aaee304496bc9795b73b0cdc74a62e825cbe7f9eb92498c47258b9ef001e0616acd62b881b3b4a078d5b547e4
SERVER_TRAFFIC_SECRET_0 5c3def3585fefd815fbc70bf8db93f68470eafc448948b53e59b4c729f8df2bd a4cde33dcb5c2d53d90fd8436e9063fb94216f17cb873b4dd316d70b8ad5e00212becc65b32f9326578d88752db146e6
EXPORTER_SECRET 5c3def3585fefd815fbc70bf8db93f68470eafc448948b53e59b4c729f8df2bd 9fd53be58e428a1c61ed8c6cb97acd5b5803c12d10014303d4dfe70f6af2dba8d4554068b8b3cbbf80e751c528756faf
CLIENT_TRAFFIC_SECRET_0 5c3def3585fefd815fbc70bf8db93f68470eafc448948b53e59b4c729f8df2bd 754b700a6543f2dd3e0b116ae93a8ba6fd2cfeb94f7736ba4a9f0c3f6a26fa633cd7a58a89f2125506257c277d06311d
CLIENT_TRAFFIC_SECRET_0 5c3def3585fefd815fbc70bf8db93f68470eafc448948b53e59b4c729f8df2bd 754b700a6543f2dd3e0b116ae93a8ba6fd2cfeb94f7736ba4a9f0c3f6a26fa633cd7a58a89f2125506257c277d06311d
SERVER_HANDSHAKE_TRAFFIC_SECRET 9023ae456df110754ef35d0c128ee9263582ac554d9ab2b18807ce0d99474fcd 8a25b40acb5bcbe3b71548f14159978b63287661ec6d5c5507de166af953e1b304f644bff4c1e657c83971b8814ea68e
CLIENT_HANDSHAKE_TRAFFIC_SECRET 9023ae456df110754ef35d0c128ee9263582ac554d9ab2b18807ce0d99474fcd 988e04d5bae38e3198d756f71b4db99fe74d06a175de1788c44481c6e9681cd5a78a029db138d2832709a7d7129a86b9
SERVER_TRAFFIC_SECRET_0 9023ae456df110754ef35d0c128ee9263582ac554d9ab2b18807ce0d99474fcd 6779adcd7733fd46c29ef554e7c6942ba2176e1d8452cc42e3066ea9a4fb252c278f7c94438b9e172bfe747422bee3c6
CLIENT_HANDSHAKE_TRAFFIC_SECRET 9023ae456df110754ef35d0c128ee9263582ac554d9ab2b18807ce0d99474fcd 988e04d5bae38e3198d756f71b4db99fe74d06a175de1788c44481c6e9681cd5a78a029db138d2832709a7d7129a86b9
SERVER_HANDSHAKE_TRAFFIC_SECRET 9023ae456df110754ef35d0c128ee9263582ac554d9ab2b18807ce0d99474fcd 8a25b40acb5bcbe3b71548f14159978b63287661ec6d5c5507de166af953e1b304f644bff4c1e657c83971b8814ea68e
SERVER_TRAFFIC_SECRET_0 9023ae456df110754ef35d0c128ee9263582ac554d9ab2b18807ce0d99474fcd 6779adcd7733fd46c29ef554e7c6942ba2176e1d8452cc42e3066ea9a4fb252c278f7c94438b9e172bfe747422bee3c6
EXPORTER_SECRET 9023ae456df110754ef35d0c128ee9263582ac554d9ab2b18807ce0d99474fcd 28fc7ce5426d81e1bb0f6f838f8e52081255c8f827f261b759f4d4f316371cfb58cb96fdc821c5479ae57c3572dea88a
CLIENT_TRAFFIC_SECRET_0 9023ae456df110754ef35d0c128ee9263582ac554d9ab2b18807ce0d99474fcd 885a95f61ed426ba8c8b1e3eace8f630afb9c41f9fa8fe62f41a90bd5addb0555896f54ae105c40f2268fc9a7b487aac
CLIENT_TRAFFIC_SECRET_0 9023ae456df110754ef35d0c128ee9263582ac554d9ab2b18807ce0d99474fcd 885a95f61ed426ba8c8b1e3eace8f630afb9c41f9fa8fe62f41a90bd5addb0555896f54ae105c40f2268fc9a7b487aac
SERVER_HANDSHAKE_TRAFFIC_SECRET fe99b09dfca7378f125e1aa1e60137bddd852ef2a7fb101ea9acc9235522fde2 269827b9bb39adbad5cef9e5c510b190617b7324f50e4e6f2d4a080b01d737a324ea0d19f6af3a75f93fa4de449c0e57
CLIENT_HANDSHAKE_TRAFFIC_SECRET fe99b09dfca7378f125e1aa1e60137bddd852ef2a7fb101ea9acc9235522fde2 3799019dd15ae41d4d92f0cf3df767b52d4d6e22721f75612b7b527a69bc3e2fb73603a3f0c34c484e600249f823f727
SERVER_TRAFFIC_SECRET_0 fe99b09dfca7378f125e1aa1e60137bddd852ef2a7fb101ea9acc9235522fde2 920ca2ca817e08ee9ccea3fb88749955a87526673b0aab55203c2def6ade91d6a5e08a3b2db3bc63617ce1fe64bce91a
CLIENT_HANDSHAKE_TRAFFIC_SECRET fe99b09dfca7378f125e1aa1e60137bddd852ef2a7fb101ea9acc9235522fde2 3799019dd15ae41d4d92f0cf3df767b52d4d6e22721f75612b7b527a69bc3e2fb73603a3f0c34c484e600249f823f727
SERVER_HANDSHAKE_TRAFFIC_SECRET fe99b09dfca7378f125e1aa1e60137bddd852ef2a7fb101ea9acc9235522fde2 269827b9bb39adbad5cef9e5c510b190617b7324f50e4e6f2d4a080b01d737a324ea0d19f6af3a75f93fa4de449c0e57
SERVER_TRAFFIC_SECRET_0 fe99b09dfca7378f125e1aa1e60137bddd852ef2a7fb101ea9acc9235522fde2 920ca2ca817e08ee9ccea3fb88749955a87526673b0aab55203c2def6ade91d6a5e08a3b2db3bc63617ce1fe64bce91a
EXPORTER_SECRET fe99b09dfca7378f125e1aa1e60137bddd852ef2a7fb101ea9acc9235522fde2 0de8e400f01dccb01bcff704231d6ab7785d95d3cbf5edf274b672b6c55c95e807ad55822ac204ed1e5eca1cf94b9d4a
CLIENT_TRAFFIC_SECRET_0 fe99b09dfca7378f125e1aa1e60137bddd852ef2a7fb101ea9acc9235522fde2 871a8d46b5dc83e9420a4571c8a0385a99d3c0dc4d43aea24f9016bfbdca4cbf69a280cf4b0fd8b58f36f3623fdbaa19
CLIENT_TRAFFIC_SECRET_0 fe99b09dfca7378f125e1aa1e60137bddd852ef2a7fb101ea9acc9235522fde2 871a8d46b5dc83e9420a4571c8a0385a99d3c0dc4d43aea24f9016bfbdca4cbf69a280cf4b0fd8b58f36f3623fdbaa19
SERVER_HANDSHAKE_TRAFFIC_SECRET 99dd089177ca0d1d4644616368884f334656fb4671afd1c8fd6eef4dab0eaa86 451200a6e458ab16e46029107c44fcbe62b96d40d33dc9a3293cceb225d5943ccc6336c1e3ff3e93114e16c92f98fc5f
CLIENT_HANDSHAKE_TRAFFIC_SECRET 99dd089177ca0d1d4644616368884f334656fb4671afd1c8fd6eef4dab0eaa86 516e88113c6cb3a771ea602a39c728877e2ac66da7f63d7ba0905e366de237cd52fb7464796e0c04d2ae0a6a7f07c3e9
SERVER_TRAFFIC_SECRET_0 99dd089177ca0d1d4644616368884f334656fb4671afd1c8fd6eef4dab0eaa86 58130697debc1f9e4187d9d35a34466db474197d84b9fa4d390e05a5f6edaafa25afa68822b1095581e77890de7ea001
CLIENT_HANDSHAKE_TRAFFIC_SECRET 99dd089177ca0d1d4644616368884f334656fb4671afd1c8fd6eef4dab0eaa86 516e88113c6cb3a771ea602a39c728877e2ac66da7f63d7ba0905e366de237cd52fb7464796e0c04d2ae0a6a7f07c3e9
SERVER_HANDSHAKE_TRAFFIC_SECRET 99dd089177ca0d1d4644616368884f334656fb4671afd1c8fd6eef4dab0eaa86 451200a6e458ab16e46029107c44fcbe62b96d40d33dc9a3293cceb225d5943ccc6336c1e3ff3e93114e16c92f98fc5f
SERVER_TRAFFIC_SECRET_0 99dd089177ca0d1d4644616368884f334656fb4671afd1c8fd6eef4dab0eaa86 58130697debc1f9e4187d9d35a34466db474197d84b9fa4d390e05a5f6edaafa25afa68822b1095581e77890de7ea001
EXPORTER_SECRET 99dd089177ca0d1d4644616368884f334656fb4671afd1c8fd6eef4dab0eaa86 1cdb7515354a93281f1f433186559fcdcce687e114c423fc33c44a7e9b86ed8ed6f6bdc6e57b0d8ffb56086b5c9e69d3
CLIENT_TRAFFIC_SECRET_0 99dd089177ca0d1d4644616368884f334656fb4671afd1c8fd6eef4dab0eaa86 a8937e702a76d0d48a05dde9c5e2c96f780084ef70d2f007d36097f98f99974debc1d23a92c93ad6b94b557be5b75f5c
CLIENT_TRAFFIC_SECRET_0 99dd089177ca0d1d4644616368884f334656fb4671afd1c8fd6eef4dab0eaa86 a8937e702a76d0d48a05dde9c5e2c96f780084ef70d2f007d36097f98f99974debc1d23a92c93ad6b94b557be5b75f5c
SERVER_HANDSHAKE_TRAFFIC_SECRET f969a5dd0c02a7e961e9d242592650c48a8da1c05fb932d4cb3c3dc7669e32a1 524111f4c1fc4270b80625f10b84e0d0857ed4ecb4ef4a915cf4c0cee67f4b4166e8df91cf7b79777e5084dd152de6ef
CLIENT_HANDSHAKE_TRAFFIC_SECRET f969a5dd0c02a7e961e9d242592650c48a8da1c05fb932d4cb3c3dc7669e32a1 04ecbbf06914a16c5a0f3585cff86ef87134838b3dd43d4ce487149c9374b591bffe69e5750c2c3cce19b0f2a2768a23
SERVER_TRAFFIC_SECRET_0 f969a5dd0c02a7e961e9d242592650c48a8da1c05fb932d4cb3c3dc7669e32a1 ccb77be7a5a4560982f46e4fbbc384e2e50d1f34df32c20020c6218aa222a2f88d3317834fc597a7c73279d8727c75dd
CLIENT_HANDSHAKE_TRAFFIC_SECRET f969a5dd0c02a7e961e9d242592650c48a8da1c05fb932d4cb3c3dc7669e32a1 04ecbbf06914a16c5a0f3585cff86ef87134838b3dd43d4ce487149c9374b591bffe69e5750c2c3cce19b0f2a2768a23
SERVER_HANDSHAKE_TRAFFIC_SECRET f969a5dd0c02a7e961e9d242592650c48a8da1c05fb932d4cb3c3dc7669e32a1 524111f4c1fc4270b80625f10b84e0d0857ed4ecb4ef4a915cf4c0cee67f4b4166e8df91cf7b79777e5084dd152de6ef
SERVER_TRAFFIC_SECRET_0 f969a5dd0c02a7e961e9d242592650c48a8da1c05fb932d4cb3c3dc7669e32a1 ccb77be7a5a4560982f46e4fbbc384e2e50d1f34df32c20020c6218aa222a2f88d3317834fc597a7c73279d8727c75dd
EXPORTER_SECRET f969a5dd0c02a7e961e9d242592650c48a8da1c05fb932d4cb3c3dc7669e32a1 94cac60c0b8098f0caf043cb480324475e1a1d10b5fa1a93e328e20b2ac77a1ad8c9f962a33fa1da2313d0e2bd2f51c8
CLIENT_TRAFFIC_SECRET_0 f969a5dd0c02a7e961e9d242592650c48a8da1c05fb932d4cb3c3dc7669e32a1 1e3da19b4f41a46a9920f1ae5b30fdf623c7975b6b9e4314e3e9e8a5106ccff4530e84076e34c1d23d94ffe12467a073
CLIENT_TRAFFIC_SECRET_0 f969a5dd0c02a7e961e9d242592650c48a8da1c05fb932d4cb3c3dc7669e32a1 1e3da19b4f41a46a9920f1ae5b30fdf623c7975b6b9e4314e3e9e8a5106ccff4530e84076e34c1d23d94ffe12467a073
SERVER_HANDSHAKE_TRAFFIC_SECRET beb4b99bd95ee2b830ad40145f649cc9ff56ee29d35796a5ac4d022fc8114acc 1cf9aa39863e1143b81a6f6f811359a1a57e0202be1ac042f0ed4d8884ac9258bde23dc48ee34d84e559a49985a87453
CLIENT_HANDSHAKE_TRAFFIC_SECRET beb4b99bd95ee2b830ad40145f649cc9ff56ee29d35796a5ac4d022fc8114acc 8fbdebc4156b8a04234b7ed44b3323fa51c6d0c09ff455aadc4380f5df79db9e3da9a082b5f4b3601de806f647b6a08d
SERVER_TRAFFIC_SECRET_0 beb4b99bd95ee2b830ad40145f649cc9ff56ee29d35796a5ac4d022fc8114acc 2eb4f1e91f86ca9201f108d9243f66a6794b95efa42836bb0ec9e34c70b4bb813e6ec2d17c0558f312899a7861f1d4c9
CLIENT_HANDSHAKE_TRAFFIC_SECRET beb4b99bd95ee2b830ad40145f649cc9ff56ee29d35796a5ac4d022fc8114acc 8fbdebc4156b8a04234b7ed44b3323fa51c6d0c09ff455aadc4380f5df79db9e3da9a082b5f4b3601de806f647b6a08d
SERVER_HANDSHAKE_TRAFFIC_SECRET beb4b99bd95ee2b830ad40145f649cc9ff56ee29d35796a5ac4d022fc8114acc 1cf9aa39863e1143b81a6f6f811359a1a57e0202be1ac042f0ed4d8884ac9258bde23dc48ee34d84e559a49985a87453
SERVER_TRAFFIC_SECRET_0 beb4b99bd95ee2b830ad40145f649cc9ff56ee29d35796a5ac4d022fc8114acc 2eb4f1e91f86ca9201f108d9243f66a6794b95efa42836bb0ec9e34c70b4bb813e6ec2d17c0558f312899a7861f1d4c9
EXPORTER_SECRET beb4b99bd95ee2b830ad40145f649cc9ff56ee29d35796a5ac4d022fc8114acc 83a2eddeaf6c6f57c4cf0e92b21ad821ca26b6ab0d9c6f9ae6ebe8ebd03057291494ec98cb79cb9ba5650cdfd22f5aac
CLIENT_TRAFFIC_SECRET_0 beb4b99bd95ee2b830ad40145f649cc9ff56ee29d35796a5ac4d022fc8114acc 15b2ed4aab831ad5555ed9b73d95aace0369ad5de7dc7e2dc997f1dddc98af3d3e75963fb671a5ab8c6a709de52eb76b
CLIENT_TRAFFIC_SECRET_0 beb4b99bd95ee2b830ad40145f649cc9ff56ee29d35796a5ac4d022fc8114acc 15b2ed4aab831ad5555ed9b73d95aace0369ad5de7dc7e2dc997f1dddc98af3d3e75963fb671a5ab8c6a709de52eb76b
SERVER_HANDSHAKE_TRAFFIC_SECRET b2534e8f605ded1cfb07b7a671e158206159b4b698f091726060c7cc0e897efe f7dd9379c1c49962f2433fd9dc381e7daa0a6e5aca11de0c1bc240df15c34d84345dc562891a6758556f09d77b72d9df
CLIENT_HANDSHAKE_TRAFFIC_SECRET b2534e8f605ded1cfb07b7a671e158206159b4b698f091726060c7cc0e897efe 1e789ec2bbf190ea527cb531e92f2583e59758f9460fa21ea3c65b4cc2c25d3088c8e61d8678272c4d8324b32ebeb2a1
SERVER_TRAFFIC_SECRET_0 b2534e8f605ded1cfb07b7a671e158206159b4b698f091726060c7cc0e897efe fe1d24c3267c028c781f831d83b0a7d5667766700ffc794b0ff06215d2624e34ed2e4981b3d1ab3c07c80064e83f7793
CLIENT_HANDSHAKE_TRAFFIC_SECRET b2534e8f605ded1cfb07b7a671e158206159b4b698f091726060c7cc0e897efe 1e789ec2bbf190ea527cb531e92f2583e59758f9460fa21ea3c65b4cc2c25d3088c8e61d8678272c4d8324b32ebeb2a1
SERVER_HANDSHAKE_TRAFFIC_SECRET b2534e8f605ded1cfb07b7a671e158206159b4b698f091726060c7cc0e897efe f7dd9379c1c49962f2433fd9dc381e7daa0a6e5aca11de0c1bc240df15c34d84345dc562891a6758556f09d77b72d9df
SERVER_TRAFFIC_SECRET_0 b2534e8f605ded1cfb07b7a671e158206159b4b698f091726060c7cc0e897efe fe1d24c3267c028c781f831d83b0a7d5667766700ffc794b0ff06215d2624e34ed2e4981b3d1ab3c07c80064e83f7793
EXPORTER_SECRET b2534e8f605ded1cfb07b7a671e158206159b4b698f091726060c7cc0e897efe 4cd17f241a3a9892db2faa9968b328a1d622abfef2d7d574ec791ca9350824ea3b79f8b621faa3a6d0764e0db96036aa
CLIENT_TRAFFIC_SECRET_0 b2534e8f605ded1cfb07b7a671e158206159b4b698f091726060c7cc0e897efe bfa748a8ba47c485e11dfd3c6ebf9cadc680893418e9fecea7409465885a033f05c5b6ec356a9c2bfe2e89bb37e2480d
CLIENT_TRAFFIC_SECRET_0 b2534e8f605ded1cfb07b7a671e158206159b4b698f091726060c7cc0e897efe bfa748a8ba47c485e11dfd3c6ebf9cadc680893418e9fecea7409465885a033f05c5b6ec356a9c2bfe2e89bb37e2480d
SERVER_HANDSHAKE_TRAFFIC_SECRET a0750cd5a25acf157e007f71840a7a29e856e20d9522dff56eff31f4709324ac 9167497887fd516b9416ed2a23927302a21df50a26a8598215108b2e268635768197f97a23a62c5e2853134e3d76241d
CLIENT_HANDSHAKE_TRAFFIC_SECRET a0750cd5a25acf157e007f71840a7a29e856e20d9522dff56eff31f4709324ac 08d1bcd2f8c5c3738f7fdc0781f21b7e13a072f78d3da818c46c73f2e058a65401310b29c31c68212b860220c09f3362
SERVER_TRAFFIC_SECRET_0 a0750cd5a25acf157e007f71840a7a29e856e20d9522dff56eff31f4709324ac bfc814fcd12643b8a0ce6cf0028a6e192387fa6fd101b85c789966cc759dc236d9dc075b6b3402d67b96efaa537dfc0c
CLIENT_HANDSHAKE_TRAFFIC_SECRET a0750cd5a25acf157e007f71840a7a29e856e20d9522dff56eff31f4709324ac 08d1bcd2f8c5c3738f7fdc0781f21b7e13a072f78d3da818c46c73f2e058a65401310b29c31c68212b860220c09f3362
SERVER_HANDSHAKE_TRAFFIC_SECRET a0750cd5a25acf157e007f71840a7a29e856e20d9522dff56eff31f4709324ac 9167497887fd516b9416ed2a23927302a21df50a26a8598215108b2e268635768197f97a23a62c5e2853134e3d76241d
SERVER_TRAFFIC_SECRET_0 a0750cd5a25acf157e007f71840a7a29e856e20d9522dff56eff31f4709324ac bfc814fcd12643b8a0ce6cf0028a6e192387fa6fd101b85c789966cc759dc236d9dc075b6b3402d67b96efaa537dfc0c
EXPORTER_SECRET a0750cd5a25acf157e007f71840a7a29e856e20d9522dff56eff31f4709324ac b09601b52473b6bd2e266ba40a276e91ac34007863de4c96b22a9ec4eba831b680c30c469149538b064ce270a0603cd3
CLIENT_TRAFFIC_SECRET_0 a0750cd5a25acf157e007f71840a7a29e856e20d9522dff56eff31f4709324ac bd441ca759867675864fc86d2f6ebe43744dbb34cd77bd0b7cb90a4eacc828d5feafca4eb68cc002797de8ef27d599ad
CLIENT_TRAFFIC_SECRET_0 a0750cd5a25acf157e007f71840a7a29e856e20d9522dff56eff31f4709324ac bd441ca759867675864fc86d2f6ebe43744dbb34cd77bd0b7cb90a4eacc828d5feafca4eb68cc002797de8ef27d599ad
SERVER_HANDSHAKE_TRAFFIC_SECRET c62e4f40627e4ba15e2ab0ed04fffc0ff26356fcff5249d39e35f0f7020ef00a 6be11523e475f02134c8a824ba2544ab7d801d81d6bf1023fd0eb5a232e7ea71bfe2ce654bedcad1e67a9206865132bb
CLIENT_HANDSHAKE_TRAFFIC_SECRET c62e4f40627e4ba15e2ab0ed04fffc0ff26356fcff5249d39e35f0f7020ef00a acb8aae1d3d65b8c20fc1d05956d7ba514b7ec2c0f187f577056c6d5e38bdbde3aca4156bd64636f05db528a837d0e83
SERVER_TRAFFIC_SECRET_0 c62e4f40627e4ba15e2ab0ed04fffc0ff26356fcff5249d39e35f0f7020ef00a 8489e797b203a907c7e801b6883fdbb6395eb2886a44c2fbb5fcaaf6fc701600b21f6dbf71bb4b80a26d9b3b2cd8893c
CLIENT_HANDSHAKE_TRAFFIC_SECRET c62e4f40627e4ba15e2ab0ed04fffc0ff26356fcff5249d39e35f0f7020ef00a acb8aae1d3d65b8c20fc1d05956d7ba514b7ec2c0f187f577056c6d5e38bdbde3aca4156bd64636f05db528a837d0e83
SERVER_HANDSHAKE_TRAFFIC_SECRET c62e4f40627e4ba15e2ab0ed04fffc0ff26356fcff5249d39e35f0f7020ef00a 6be11523e475f02134c8a824ba2544ab7d801d81d6bf1023fd0eb5a232e7ea71bfe2ce654bedcad1e67a9206865132bb
SERVER_TRAFFIC_SECRET_0 c62e4f40627e4ba15e2ab0ed04fffc0ff26356fcff5249d39e35f0f7020ef00a 8489e797b203a907c7e801b6883fdbb6395eb2886a44c2fbb5fcaaf6fc701600b21f6dbf71bb4b80a26d9b3b2cd8893c
EXPORTER_SECRET c62e4f40627e4ba15e2ab0ed04fffc0ff26356fcff5249d39e35f0f7020ef00a 20ebd37b091aaa6cd6aa507d84650b0cdb0ab27696313a3801f0385c2558eed0bf9c836342f815b480b3754d88fe361c
CLIENT_TRAFFIC_SECRET_0 c62e4f40627e4ba15e2ab0ed04fffc0ff26356fcff5249d39e35f0f7020ef00a 0a73f5f5f378495668f13edfb719bebedf758e8775f11102d9b05d44e5535d6296e0cd04adbae8a2b6414dee208073ad
CLIENT_TRAFFIC_SECRET_0 c62e4f40627e4ba15e2ab0ed04fffc0ff26356fcff5249d39e35f0f7020ef00a 0a73f5f5f378495668f13edfb719bebedf758e8775f11102d9b05d44e5535d6296e0cd04adbae8a2b6414dee208073ad
SERVER_HANDSHAKE_TRAFFIC_SECRET 4aea23167ee8b36fdd840f4751ddef1b559b919faaf0733f52b02893d71707c8 279d9804e01f12275295754b15989cdb5281596494ebc979175b3db4df73dca4baa371ac6a24fdf25b66357660a9572c
CLIENT_HANDSHAKE_TRAFFIC_SECRET 4aea23167ee8b36fdd840f4751ddef1b559b919faaf0733f52b02893d71707c8 0dfe072cf19a5e215f18b56868d48212f3d3b40add6e6ca819707a80ad253c47ff3cd6d9f345c405555f783c657a9e26
SERVER_TRAFFIC_SECRET_0 4aea23167ee8b36fdd840f4751ddef1b559b919faaf0733f52b02893d71707c8 fae783c6e6e0f8cbf06de5c5c604d9326e3899df7802b3e02cb26deb876673e7dd6ff8486a25a80641941c510fb0127d
CLIENT_HANDSHAKE_TRAFFIC_SECRET 4aea23167ee8b36fdd840f4751ddef1b559b919faaf0733f52b02893d71707c8 0dfe072cf19a5e215f18b56868d48212f3d3b40add6e6ca819707a80ad253c47ff3cd6d9f345c405555f783c657a9e26
SERVER_HANDSHAKE_TRAFFIC_SECRET 4aea23167ee8b36fdd840f4751ddef1b559b919faaf0733f52b02893d71707c8 279d9804e01f12275295754b15989cdb5281596494ebc979175b3db4df73dca4baa371ac6a24fdf25b66357660a9572c
SERVER_TRAFFIC_SECRET_0 4aea23167ee8b36fdd840f4751ddef1b559b919faaf0733f52b02893d71707c8 fae783c6e6e0f8cbf06de5c5c604d9326e3899df7802b3e02cb26deb876673e7dd6ff8486a25a80641941c510fb0127d
EXPORTER_SECRET 4aea23167ee8b36fdd840f4751ddef1b559b919faaf0733f52b02893d71707c8 05afc37e3eb44a2503624727dbb4600318b432bc822337f397667ebabca965ccb090f386fc4a7926a3fde6a8393026ba
CLIENT_TRAFFIC_SECRET_0 4aea23167ee8b36fdd840f4751ddef1b559b919faaf0733f52b02893d71707c8 4e891be6eb22a1d7cf9c0c43985af24dc338219d8a67dc25b940d5d21d8b2222b575b3743ac17ca7c9ff1004226cde9d
CLIENT_TRAFFIC_SECRET_0 4aea23167ee8b36fdd840f4751ddef1b559b919faaf0733f52b02893d71707c8 4e891be6eb22a1d7cf9c0c43985af24dc338219d8a67dc25b940d5d21d8b2222b575b3743ac17ca7c9ff1004226cde9d
SERVER_HANDSHAKE_TRAFFIC_SECRET 9f1c48d58521e441f70d110eb729e8c36c4903ad86628ea608939c88b49e2117 b3552501c63ea86db9062c506904d9d6b12b561f6153ca15ac24e7b4af5f9ef10a3d6f7df9689775f12a387baea1601a
CLIENT_HANDSHAKE_TRAFFIC_SECRET 9f1c48d58521e441f70d110eb729e8c36c4903ad86628ea608939c88b49e2117 d3491aea06fe0cfc0954239177eee8d924f10a69f974c770f8690246a62ce61a59918ca6a5cc2f3ae15b1420018de0c9
SERVER_TRAFFIC_SECRET_0 9f1c48d58521e441f70d110eb729e8c36c4903ad86628ea608939c88b49e2117 9bb96049eb0b5b4a9cd4afed84790437ca9247200947a63a57746727559723e479340b9d85791baed258eaa74daab730
CLIENT_HANDSHAKE_TRAFFIC_SECRET 9f1c48d58521e441f70d110eb729e8c36c4903ad86628ea608939c88b49e2117 d3491aea06fe0cfc0954239177eee8d924f10a69f974c770f8690246a62ce61a59918ca6a5cc2f3ae15b1420018de0c9
SERVER_HANDSHAKE_TRAFFIC_SECRET 9f1c48d58521e441f70d110eb729e8c36c4903ad86628ea608939c88b49e2117 b3552501c63ea86db9062c506904d9d6b12b561f6153ca15ac24e7b4af5f9ef10a3d6f7df9689775f12a387baea1601a
SERVER_TRAFFIC_SECRET_0 9f1c48d58521e441f70d110eb729e8c36c4903ad86628ea608939c88b49e2117 9bb96049eb0b5b4a9cd4afed84790437ca9247200947a63a57746727559723e479340b9d85791baed258eaa74daab730
EXPORTER_SECRET 9f1c48d58521e441f70d110eb729e8c36c4903ad86628ea608939c88b49e2117 91b23ddcee98fb1ea66e8ee8410a9903458ee91a33b11a699aebf510ee915e3789594aecd150a988b336f06b4f1099aa
CLIENT_TRAFFIC_SECRET_0 9f1c48d58521e441f70d110eb729e8c36c4903ad86628ea608939c88b49e2117 b24db683a21d0bdcbadea200ca5ab383d0c6967d8e7cac6acb72a95bec01c301b9390c1c4863024fa0cf0409f4a0f32e
CLIENT_TRAFFIC_SECRET_0 9f1c48d58521e441f70d110eb729e8c36c4903ad86628ea608939c88b49e2117 b24db683a21d0bdcbadea200ca5ab383d0c6967d8e7cac6acb72a95bec01c301b9390c1c4863024fa0cf0409f4a0f32e
SERVER_HANDSHAKE_TRAFFIC_SECRET 1fb7bb35146aff24b30170b535ced3fffa44394825dcc6bac7db0990b2e1d582 b1155a8400fab846ecf79a58b23ea2309b70c5154ae41f0d611c3e24e94e51c5380b0753328b0d567f06e52effb85db2
CLIENT_HANDSHAKE_TRAFFIC_SECRET 1fb7bb35146aff24b30170b535ced3fffa44394825dcc6bac7db0990b2e1d582 ba3aed9ab03117d670973305f120e75b76907a8a7440d08886aae9b767272d5009efc07290734387d39e09dfe2907787
SERVER_TRAFFIC_SECRET_0 1fb7bb35146aff24b30170b535ced3fffa44394825dcc6bac7db0990b2e1d582 b9bf009c7a2df7afad6006200b5923676904e516e60aba282eb6418766e13d6d8d730c10689dc55d2586ad4a065ef366
CLIENT_HANDSHAKE_TRAFFIC_SECRET 1fb7bb35146aff24b30170b535ced3fffa44394825dcc6bac7db0990b2e1d582 ba3aed9ab03117d670973305f120e75b76907a8a7440d08886aae9b767272d5009efc07290734387d39e09dfe2907787
SERVER_HANDSHAKE_TRAFFIC_SECRET 1fb7bb35146aff24b30170b535ced3fffa44394825dcc6bac7db0990b2e1d582 b1155a8400fab846ecf79a58b23ea2309b70c5154ae41f0d611c3e24e94e51c5380b0753328b0d567f06e52effb85db2
SERVER_TRAFFIC_SECRET_0 1fb7bb35146aff24b30170b535ced3fffa44394825dcc6bac7db0990b2e1d582 b9bf009c7a2df7afad6006200b5923676904e516e60aba282eb6418766e13d6d8d730c10689dc55d2586ad4a065ef366
EXPORTER_SECRET 1fb7bb35146aff24b30170b535ced3fffa44394825dcc6bac7db0990b2e1d582 dfb32e8b15ddcbef9021854cf37e2609a630d0f4fd81dc73d9b584239e9d89a7cbfe065f1bc6e1c663e7e4f239247278
CLIENT_TRAFFIC_SECRET_0 1fb7bb35146aff24b30170b535ced3fffa44394825dcc6bac7db0990b2e1d582 de8f13b12a12344ca798134a20f439ebafb7125bc59f8b0859a0e98b8488fbcc3d06d6af999f62f48b3311b186a8f8e5
CLIENT_TRAFFIC_SECRET_0 1fb7bb35146aff24b30170b535ced3fffa44394825dcc6bac7db0990b2e1d582 de8f13b12a12344ca798134a20f439ebafb7125bc59f8b0859a0e98b8488fbcc3d06d6af999f62f48b3311b186a8f8e5
SERVER_HANDSHAKE_TRAFFIC_SECRET 4a1e820e22e666f69100a2d1660f8a6ae2156009877f94de0d97291dae61872e b0666dcbd6c8d8b391150ff0ffeb8d6973a3c0b993af35f7f76d0c56e1586fd41304240424b7df4e305221621a48e8b0
CLIENT_HANDSHAKE_TRAFFIC_SECRET 4a1e820e22e666f69100a2d1660f8a6ae2156009877f94de0d97291dae61872e e0c0b0031d1cd03779574ed55b0016ed51b1d7dcf6e251fa8522fdcd0a56dee00919fcdc49518f31f63d14e02511ef02
SERVER_TRAFFIC_SECRET_0 4a1e820e22e666f69100a2d1660f8a6ae2156009877f94de0d97291dae61872e 5e7629f65bf7473872ae0c505d102bba3187e5edcc2e88f3207d4402570e642e50b8444f6240b17bb83f492b14bf8d48
CLIENT_HANDSHAKE_TRAFFIC_SECRET 4a1e820e22e666f69100a2d1660f8a6ae2156009877f94de0d97291dae61872e e0c0b0031d1cd03779574ed55b0016ed51b1d7dcf6e251fa8522fdcd0a56dee00919fcdc49518f31f63d14e02511ef02
SERVER_HANDSHAKE_TRAFFIC_SECRET 4a1e820e22e666f69100a2d1660f8a6ae2156009877f94de0d97291dae61872e b0666dcbd6c8d8b391150ff0ffeb8d6973a3c0b993af35f7f76d0c56e1586fd41304240424b7df4e305221621a48e8b0
SERVER_TRAFFIC_SECRET_0 4a1e820e22e666f69100a2d1660f8a6ae2156009877f94de0d97291dae61872e 5e7629f65bf7473872ae0c505d102bba3187e5edcc2e88f3207d4402570e642e50b8444f6240b17bb83f492b14bf8d48
EXPORTER_SECRET 4a1e820e22e666f69100a2d1660f8a6ae2156009877f94de0d97291dae61872e c8d27acef3db97ff4841ad36456a90463707aaddf2f8eea7afa7465c00bd73431ab0b5720b14f03add349ff56a0ed713
CLIENT_TRAFFIC_SECRET_0 4a1e820e22e666f69100a2d1660f8a6ae2156009877f94de0d97291dae61872e ef4662250e3be61230a8360f24113643a5feb6b3d7a337365a0285158fdf70023a72666a448667a7e118b56ea32ad63b
CLIENT_TRAFFIC_SECRET_0 4a1e820e22e666f69100a2d1660f8a6ae2156009877f94de0d97291dae61872e ef4662250e3be61230a8360f24113643a5feb6b3d7a337365a0285158fdf70023a72666a448667a7e118b56ea32ad63b
SERVER_HANDSHAKE_TRAFFIC_SECRET 18054c6d1362c92b459eac5127f55bbc972e251521f6f8f85a9fda9c93c71b27 951ccaa4c6a85ee0097fe215e9f4de4a8068925622279819d17315847d1fee0068b89f0caf619b0594f83c5b1ea6e009
CLIENT_HANDSHAKE_TRAFFIC_SECRET 18054c6d1362c92b459eac5127f55bbc972e251521f6f8f85a9fda9c93c71b27 ff0f867e29c186ca468b3c10a580d7feba1540b6d78bcdb0e227bfa47ff78d1609ea0d8402a2dc5cd70126e3b95e452b
SERVER_TRAFFIC_SECRET_0 18054c6d1362c92b459eac5127f55bbc972e251521f6f8f85a9fda9c93c71b27 fa268e3db805d811ff1abe472b1dbdb7ab1b788c3ce4ceaf829501e8361de16c85706fa956c687a58a8090d475ae17aa
CLIENT_HANDSHAKE_TRAFFIC_SECRET 18054c6d1362c92b459eac5127f55bbc972e251521f6f8f85a9fda9c93c71b27 ff0f867e29c186ca468b3c10a580d7feba1540b6d78bcdb0e227bfa47ff78d1609ea0d8402a2dc5cd70126e3b95e452b
SERVER_HANDSHAKE_TRAFFIC_SECRET 18054c6d1362c92b459eac5127f55bbc972e251521f6f8f85a9fda9c93c71b27 951ccaa4c6a85ee0097fe215e9f4de4a8068925622279819d17315847d1fee0068b89f0caf619b0594f83c5b1ea6e009
SERVER_TRAFFIC_SECRET_0 18054c6d1362c92b459eac5127f55bbc972e251521f6f8f85a9fda9c93c71b27 fa268e3db805d811ff1abe472b1dbdb7ab1b788c3ce4ceaf829501e8361de16c85706fa956c687a58a8090d475ae17aa
EXPORTER_SECRET 18054c6d1362c92b459eac5127f55bbc972e251521f6f8f85a9fda9c93c71b27 5e6c1c0a2be12b63421d4b7b6ee6d38e52118b040cf0a0f845c3b8371e9e8c6375e8180a33433d29dae8c3dc3ac3a04a
CLIENT_TRAFFIC_SECRET_0 18054c6d1362c92b459eac5127f55bbc972e251521f6f8f85a9fda9c93c71b27 9e243052bb119f9dfa0fcea67e7d1571435ddabe5a0b888cb3150785c0ac2ea8bfd0988db11d93374c234ab5f1970a8e
CLIENT_TRAFFIC_SECRET_0 18054c6d1362c92b459eac5127f55bbc972e251521f6f8f85a9fda9c93c71b27 9e243052bb119f9dfa0fcea67e7d1571435ddabe5a0b888cb3150785c0ac2ea8bfd0988db11d93374c234ab5f1970a8e
SERVER_HANDSHAKE_TRAFFIC_SECRET 4d61e50e41122a8d70641a0df5e1133d9a2f8f4aeeff69db3d85569133ad218d a9ac07aaa9d2f93035f18d96f0c4e9a99d36056eeaff2744f73fdcc565fa49957e3cc9b559dada00a9975a09a4900b25
CLIENT_HANDSHAKE_TRAFFIC_SECRET 4d61e50e41122a8d70641a0df5e1133d9a2f8f4aeeff69db3d85569133ad218d ac2f7e8ce51defff00155f76586f198e90daeb1a9d317ecade5a020796f5701d196ee2eb87e4162ed5cdbc8b28f484e1
SERVER_TRAFFIC_SECRET_0 4d61e50e41122a8d70641a0df5e1133d9a2f8f4aeeff69db3d85569133ad218d 260cd59247defbe2030aca383701edc29a873ca8263cec4121c2ad2736fdeeb4932f254915417435038c7788c48300ec
CLIENT_HANDSHAKE_TRAFFIC_SECRET 4d61e50e41122a8d70641a0df5e1133d9a2f8f4aeeff69db3d85569133ad218d ac2f7e8ce51defff00155f76586f198e90daeb1a9d317ecade5a020796f5701d196ee2eb87e4162ed5cdbc8b28f484e1
SERVER_HANDSHAKE_TRAFFIC_SECRET 4d61e50e41122a8d70641a0df5e1133d9a2f8f4aeeff69db3d85569133ad218d a9ac07aaa9d2f93035f18d96f0c4e9a99d36056eeaff2744f73fdcc565fa49957e3cc9b559dada00a9975a09a4900b25
SERVER_TRAFFIC_SECRET_0 4d61e50e41122a8d70641a0df5e1133d9a2f8f4aeeff69db3d85569133ad218d 260cd59247defbe2030aca383701edc29a873ca8263cec4121c2ad2736fdeeb4932f254915417435038c7788c48300ec
EXPORTER_SECRET 4d61e50e41122a8d70641a0df5e1133d9a2f8f4aeeff69db3d85569133ad218d 3a6465b332dca3d088f7fd00035b337b137dda2970f1e3886a98124d9ae02496da6cc9af8a52c31dc051da4150ea7fb0
CLIENT_TRAFFIC_SECRET_0 4d61e50e41122a8d70641a0df5e1133d9a2f8f4aeeff69db3d85569133ad218d 6bfa058ab74c81e46ee7e6d95dcf7fd783173323aa756226aea2707978d3331e9488ac25ecec061a37db737763b5d08f
CLIENT_TRAFFIC_SECRET_0 4d61e50e41122a8d70641a0df5e1133d9a2f8f4aeeff69db3d85569133ad218d 6bfa058ab74c81e46ee7e6d95dcf7fd783173323aa756226aea2707978d3331e9488ac25ecec061a37db737763b5d08f
SERVER_HANDSHAKE_TRAFFIC_SECRET 55daa27445683d752d99cbc59d922abac2655f5847246e1995a3e895c1e52273 a886443d3c817e5635f0777bd4cee944de20407cfdb156524db3fb10d68dbcf4881c4068808cbcc486b529f6a2e58dae
CLIENT_HANDSHAKE_TRAFFIC_SECRET 55daa27445683d752d99cbc59d922abac2655f5847246e1995a3e895c1e52273 44fa6c8d9ae8d6e3848df1dd940799551d902dd8129d8a1c2912ff962fa456bf14840cf6c2fe00eeabcf773c7d20001f
SERVER_TRAFFIC_SECRET_0 55daa27445683d752d99cbc59d922abac2655f5847246e1995a3e895c1e52273 6c8a2f3d91acca581f30035f6fb4eca15ca6158e897de629de158b3e84a3eba9e4229e2fccb08503f22f8d82e34d4cbf
CLIENT_HANDSHAKE_TRAFFIC_SECRET 55daa27445683d752d99cbc59d922abac2655f5847246e1995a3e895c1e52273 44fa6c8d9ae8d6e3848df1dd940799551d902dd8129d8a1c2912ff962fa456bf14840cf6c2fe00eeabcf773c7d20001f
SERVER_HANDSHAKE_TRAFFIC_SECRET 55daa27445683d752d99cbc59d922abac2655f5847246e1995a3e895c1e52273 a886443d3c817e5635f0777bd4cee944de20407cfdb156524db3fb10d68dbcf4881c4068808cbcc486b529f6a2e58dae
SERVER_TRAFFIC_SECRET_0 55daa27445683d752d99cbc59d922abac2655f5847246e1995a3e895c1e52273 6c8a2f3d91acca581f30035f6fb4eca15ca6158e897de629de158b3e84a3eba9e4229e2fccb08503f22f8d82e34d4cbf
EXPORTER_SECRET 55daa27445683d752d99cbc59d922abac2655f5847246e1995a3e895c1e52273 014769611a946f55dba6339f28c9913b518ea4f3d848068ed105d16c45bfdad42522a269fa419f86271d33b5cdfacc5b
CLIENT_TRAFFIC_SECRET_0 55daa27445683d752d99cbc59d922abac2655f5847246e1995a3e895c1e52273 720fbf056724ae1123c98f6500e57d1172b4d9e5e38f9c5e9acc73bd0b8964e5197030171e0c8f7be1f3f510935d032a
CLIENT_TRAFFIC_SECRET_0 55daa27445683d752d99cbc59d922abac2655f5847246e1995a3e895c1e52273 720fbf056724ae1123c98f6500e57d1172b4d9e5e38f9c5e9acc73bd0b8964e5197030171e0c8f7be1f3f510935d032a
SERVER_HANDSHAKE_TRAFFIC_SECRET ec3a5ea0d0e9bd7ca39e887d57ca3d2cb38174e99859a890b5eb461db6bb4072 bb5e4764ba500814796cf553dbce76ac2caf3906ea8e47afd8c720079aab7c05666ee1925608fc8a025c34fc8ccb6313
CLIENT_HANDSHAKE_TRAFFIC_SECRET ec3a5ea0d0e9bd7ca39e887d57ca3d2cb38174e99859a890b5eb461db6bb4072 667d0f647e922949a73575d944eb56bd5e1bee5bc3211adac262c5dd6aeb977a2296f3d4893f2f75d7839649899a3cd0
SERVER_TRAFFIC_SECRET_0 ec3a5ea0d0e9bd7ca39e887d57ca3d2cb38174e99859a890b5eb461db6bb4072 edb5e23386ed19a267398c7b7f0aad1604ac913d162055255e4e1ceceb50d76e5260b1e97e9f16fc0165c87a7eb59559
CLIENT_HANDSHAKE_TRAFFIC_SECRET ec3a5ea0d0e9bd7ca39e887d57ca3d2cb38174e99859a890b5eb461db6bb4072 667d0f647e922949a73575d944eb56bd5e1bee5bc3211adac262c5dd6aeb977a2296f3d4893f2f75d7839649899a3cd0
SERVER_HANDSHAKE_TRAFFIC_SECRET ec3a5ea0d0e9bd7ca39e887d57ca3d2cb38174e99859a890b5eb461db6bb4072 bb5e4764ba500814796cf553dbce76ac2caf3906ea8e47afd8c720079aab7c05666ee1925608fc8a025c34fc8ccb6313
SERVER_TRAFFIC_SECRET_0 ec3a5ea0d0e9bd7ca39e887d57ca3d2cb38174e99859a890b5eb461db6bb4072 edb5e23386ed19a267398c7b7f0aad1604ac913d162055255e4e1ceceb50d76e5260b1e97e9f16fc0165c87a7eb59559
EXPORTER_SECRET ec3a5ea0d0e9bd7ca39e887d57ca3d2cb38174e99859a890b5eb461db6bb4072 b81062db582ea8d902803c7843ebe35beeb04e60da680512bc5e7e5f35d791c6aff6add1b8ee6cb181ebdda7e0b355bd
CLIENT_TRAFFIC_SECRET_0 ec3a5ea0d0e9bd7ca39e887d57ca3d2cb38174e99859a890b5eb461db6bb4072 a5973211e73d214828e120f22ef52a6d533bc1afac4d61b309bf416d56ca9840e810cad7d50132563451e339946d2114
CLIENT_TRAFFIC_SECRET_0 ec3a5ea0d0e9bd7ca39e887d57ca3d2cb38174e99859a890b5eb461db6bb4072 a5973211e73d214828e120f22ef52a6d533bc1afac4d61b309bf416d56ca9840e810cad7d50132563451e339946d2114
SERVER_HANDSHAKE_TRAFFIC_SECRET 5406fe6ce7b1de6614d8a082afce6520d50c18b20b9634bfd66337da01ad0414 3f2743a1a93947a7b09a6e3b5017d5354e421dc709b2f6863e419d77bd162fdc6cfd4adc82306c54629ccce40da67e1c
CLIENT_HANDSHAKE_TRAFFIC_SECRET 5406fe6ce7b1de6614d8a082afce6520d50c18b20b9634bfd66337da01ad0414 bde8ea93e4270a8f2654ddedcef2911c01a8385dd8711f100fb3486a35d6982da2472014b34eb23518365129bb23635e
SERVER_TRAFFIC_SECRET_0 5406fe6ce7b1de6614d8a082afce6520d50c18b20b9634bfd66337da01ad0414 b1869e3328bd2f63c444ede4f07b962986af323c88d0520b04b0ad1a7ce5c32d51c903e6b7a832357b20c3f21540776c
CLIENT_HANDSHAKE_TRAFFIC_SECRET 5406fe6ce7b1de6614d8a082afce6520d50c18b20b9634bfd66337da01ad0414 bde8ea93e4270a8f2654ddedcef2911c01a8385dd8711f100fb3486a35d6982da2472014b34eb23518365129bb23635e
SERVER_HANDSHAKE_TRAFFIC_SECRET 5406fe6ce7b1de6614d8a082afce6520d50c18b20b9634bfd66337da01ad0414 3f2743a1a93947a7b09a6e3b5017d5354e421dc709b2f6863e419d77bd162fdc6cfd4adc82306c54629ccce40da67e1c
SERVER_TRAFFIC_SECRET_0 5406fe6ce7b1de6614d8a082afce6520d50c18b20b9634bfd66337da01ad0414 b1869e3328bd2f63c444ede4f07b962986af323c88d0520b04b0ad1a7ce5c32d51c903e6b7a832357b20c3f21540776c
EXPORTER_SECRET 5406fe6ce7b1de6614d8a082afce6520d50c18b20b9634bfd66337da01ad0414 81f4450692d2d5c8cde5299ab5cce61b087311bb3f177d8762d66ead42b9a476d9d15e91855f6de6f45a9bcb103643fb
CLIENT_TRAFFIC_SECRET_0 5406fe6ce7b1de6614d8a082afce6520d50c18b20b9634bfd66337da01ad0414 98a9a58725221a7c8131255936ab73029bffb23c12ce779015b55755736ffc8841152b4e6cd537679ea5d882cdfc9c1e
CLIENT_TRAFFIC_SECRET_0 5406fe6ce7b1de6614d8a082afce6520d50c18b20b9634bfd66337da01ad0414 98a9a58725221a7c8131255936ab73029bffb23c12ce779015b55755736ffc8841152b4e6cd537679ea5d882cdfc9c1e
SERVER_HANDSHAKE_TRAFFIC_SECRET 9f03e13beddf2b0c5b83d19e131db8c6e6c40fbd681bb5c9a00615d4ef9974a5 bf747b9d31516abc8e5bdacee3f50409703823e6c583a0f6451e8acd56f4250301ef4e9c830620e774e057609604a6f7
CLIENT_HANDSHAKE_TRAFFIC_SECRET 9f03e13beddf2b0c5b83d19e131db8c6e6c40fbd681bb5c9a00615d4ef9974a5 bf339ea80c584bf204c5f8dd9762468555f431c5eaaf1834e0764656dad720935645d9a80fd872c65556d4881a3b9ea8
SERVER_TRAFFIC_SECRET_0 9f03e13beddf2b0c5b83d19e131db8c6e6c40fbd681bb5c9a00615d4ef9974a5 ad80d2a99e72bb7868ab9e97e7a7df8a0e7c567298d2105e0101ee4e9aa9e2bffca0e4674914326f81b1a95834a898da
CLIENT_HANDSHAKE_TRAFFIC_SECRET 9f03e13beddf2b0c5b83d19e131db8c6e6c40fbd681bb5c9a00615d4ef9974a5 bf339ea80c584bf204c5f8dd9762468555f431c5eaaf1834e0764656dad720935645d9a80fd872c65556d4881a3b9ea8
SERVER_HANDSHAKE_TRAFFIC_SECRET 9f03e13beddf2b0c5b83d19e131db8c6e6c40fbd681bb5c9a00615d4ef9974a5 bf747b9d31516abc8e5bdacee3f50409703823e6c583a0f6451e8acd56f4250301ef4e9c830620e774e057609604a6f7
SERVER_TRAFFIC_SECRET_0 9f03e13beddf2b0c5b83d19e131db8c6e6c40fbd681bb5c9a00615d4ef9974a5 ad80d2a99e72bb7868ab9e97e7a7df8a0e7c567298d2105e0101ee4e9aa9e2bffca0e4674914326f81b1a95834a898da
EXPORTER_SECRET 9f03e13beddf2b0c5b83d19e131db8c6e6c40fbd681bb5c9a00615d4ef9974a5 2292d147c5abf91e5dee7a6b022d32bbe7cf17f0651662083b296ab2b755ba3db07749707c543dd264faf2a65c99c66d
CLIENT_TRAFFIC_SECRET_0 9f03e13beddf2b0c5b83d19e131db8c6e6c40fbd681bb5c9a00615d4ef9974a5 f4cc086d056da04570d4344bedaa0580d2bbd3453d657a328b4b2b84fd4eba6ebd435d1a0464ed6781550d4e82b67e2f
CLIENT_TRAFFIC_SECRET_0 9f03e13beddf2b0c5b83d19e131db8c6e6c40fbd681bb5c9a00615d4ef9974a5 f4cc086d056da04570d4344bedaa0580d2bbd3453d657a328b4b2b84fd4eba6ebd435d1a0464ed6781550d4e82b67e2f
SERVER_HANDSHAKE_TRAFFIC_SECRET ae8f1a8f5a6e7ac785cef0230518d0b98fe0f41d6d60459e9b36f370779c1d18 3ab4a65b45fcef87fd3d67a7b2efdde87be3f46bbd80b89d68429898e213e156bb0a0c8afa1b9ec9c47cca8f854b43fa
CLIENT_HANDSHAKE_TRAFFIC_SECRET ae8f1a8f5a6e7ac785cef0230518d0b98fe0f41d6d60459e9b36f370779c1d18 a7c0a515ba37e97709af786cd1ce4b0378ee12147c2731e2595ff29d4783917d44622f289442b1e787208d44cca97fab
SERVER_TRAFFIC_SECRET_0 ae8f1a8f5a6e7ac785cef0230518d0b98fe0f41d6d60459e9b36f370779c1d18 84f1032004035fc65be85d234dc9956d6731e565cda92ebf8d3946cfb547df3403cbfa8faefc4a5679cb15c2089c27b9
CLIENT_HANDSHAKE_TRAFFIC_SECRET ae8f1a8f5a6e7ac785cef0230518d0b98fe0f41d6d60459e9b36f370779c1d18 a7c0a515ba37e97709af786cd1ce4b0378ee12147c2731e2595ff29d4783917d44622f289442b1e787208d44cca97fab
SERVER_HANDSHAKE_TRAFFIC_SECRET ae8f1a8f5a6e7ac785cef0230518d0b98fe0f41d6d60459e9b36f370779c1d18 3ab4a65b45fcef87fd3d67a7b2efdde87be3f46bbd80b89d68429898e213e156bb0a0c8afa1b9ec9c47cca8f854b43fa
SERVER_TRAFFIC_SECRET_0 ae8f1a8f5a6e7ac785cef0230518d0b98fe0f41d6d60459e9b36f370779c1d18 84f1032004035fc65be85d234dc9956d6731e565cda92ebf8d3946cfb547df3403cbfa8faefc4a5679cb15c2089c27b9
EXPORTER_SECRET ae8f1a8f5a6e7ac785cef0230518d0b98fe0f41d6d60459e9b36f370779c1d18 ddca1d0538045ef269276567fdcf0b177517eb76dbe942aa1b47edc3ac77b49613d55fde4465a6db33b16b97ce2a12d3
CLIENT_TRAFFIC_SECRET_0 ae8f1a8f5a6e7ac785cef0230518d0b98fe0f41d6d60459e9b36f370779c1d18 0437e9ac5e1015534f0afcd806c481b8df022ad316763e906bc5b807de7ee7034d7aaf09ad493138220b1d5f85bab134
CLIENT_TRAFFIC_SECRET_0 ae8f1a8f5a6e7ac785cef0230518d0b98fe0f41d6d60459e9b36f370779c1d18 0437e9ac5e1015534f0afcd806c481b8df022ad316763e906bc5b807de7ee7034d7aaf09ad493138220b1d5f85bab134
SERVER_HANDSHAKE_TRAFFIC_SECRET 3d578fa72c3ae669e6c656788f205da7277df92d9530d15e8abdeac3d7799eec fff33ea1c5ab53c98b61b18d9d0d34dbdc4f186b16d64b1c8cfa9e0197374deaf3218e54fb41e3aba2c5c37ad1a129f4
CLIENT_HANDSHAKE_TRAFFIC_SECRET 3d578fa72c3ae669e6c656788f205da7277df92d9530d15e8abdeac3d7799eec ffd8966258421f0db7c6662a47402daf081097b28cb5b2e062b2c5f448469d73af32565215dfba414ec580e6cb309b4a
SERVER_TRAFFIC_SECRET_0 3d578fa72c3ae669e6c656788f205da7277df92d9530d15e8abdeac3d7799eec a833020832a41140f97d65330ecc28fe1c6b335270b13615130c33cca2a803b66a1c70837befa6af2fbc91e99d92a449
CLIENT_HANDSHAKE_TRAFFIC_SECRET 3d578fa72c3ae669e6c656788f205da7277df92d9530d15e8abdeac3d7799eec ffd8966258421f0db7c6662a47402daf081097b28cb5b2e062b2c5f448469d73af32565215dfba414ec580e6cb309b4a
SERVER_HANDSHAKE_TRAFFIC_SECRET 3d578fa72c3ae669e6c656788f205da7277df92d9530d15e8abdeac3d7799eec fff33ea1c5ab53c98b61b18d9d0d34dbdc4f186b16d64b1c8cfa9e0197374deaf3218e54fb41e3aba2c5c37ad1a129f4
SERVER_TRAFFIC_SECRET_0 3d578fa72c3ae669e6c656788f205da7277df92d9530d15e8abdeac3d7799eec a833020832a41140f97d65330ecc28fe1c6b335270b13615130c33cca2a803b66a1c70837befa6af2fbc91e99d92a449
EXPORTER_SECRET 3d578fa72c3ae669e6c656788f205da7277df92d9530d15e8abdeac3d7799eec 25ee51a2584745ac9e87681121bd3b8221fb875ee7cafc17a76ea03473ebcb632d805fa034434ad2ddfc51a1ae90a58b
CLIENT_TRAFFIC_SECRET_0 3d578fa72c3ae669e6c656788f205da7277df92d9530d15e8abdeac3d7799eec f1cfda651d578161e836781e399a589dce94e8e79166a4103313db7db58581ad0fe168a6da9dc48e2093194aa2c09c3c
CLIENT_TRAFFIC_SECRET_0 3d578fa72c3ae669e6c656788f205da7277df92d9530d15e8abdeac3d7799eec f1cfda651d578161e836781e399a589dce94e8e79166a4103313db7db58581ad0fe168a6da9dc48e2093194aa2c09c3c
SERVER_HANDSHAKE_TRAFFIC_SECRET 73b68b4d4408b82ee38c813750daaa3d4cf2a1d15b690e77548640a4a2cd4762 6a1f1548a05db905837ba59da46cf3b744339ecfce897d0de9ac1675488e30ee1751a9e425f41941ed163e8f4ac1af5d
CLIENT_HANDSHAKE_TRAFFIC_SECRET 73b68b4d4408b82ee38c813750daaa3d4cf2a1d15b690e77548640a4a2cd4762 4ee092e48e1033ecc132fbaeef981a843ff8af0c0144a2ffc94cc7911c82bbe2f64c7d3815897701f618934af96adcb5
SERVER_TRAFFIC_SECRET_0 73b68b4d4408b82ee38c813750daaa3d4cf2a1d15b690e77548640a4a2cd4762 7db2b547d418285dac835092008552a91b4ed472a21661fbdfc4d322dc5ff47c937a3a8b09e26aa8da29d398e69cf40d
CLIENT_HANDSHAKE_TRAFFIC_SECRET 73b68b4d4408b82ee38c813750daaa3d4cf2a1d15b690e77548640a4a2cd4762 4ee092e48e1033ecc132fbaeef981a843ff8af0c0144a2ffc94cc7911c82bbe2f64c7d3815897701f618934af96adcb5
SERVER_HANDSHAKE_TRAFFIC_SECRET 73b68b4d4408b82ee38c813750daaa3d4cf2a1d15b690e77548640a4a2cd4762 6a1f1548a05db905837ba59da46cf3b744339ecfce897d0de9ac1675488e30ee1751a9e425f41941ed163e8f4ac1af5d
SERVER_TRAFFIC_SECRET_0 73b68b4d4408b82ee38c813750daaa3d4cf2a1d15b690e77548640a4a2cd4762 7db2b547d418285dac835092008552a91b4ed472a21661fbdfc4d322dc5ff47c937a3a8b09e26aa8da29d398e69cf40d
EXPORTER_SECRET 73b68b4d4408b82ee38c813750daaa3d4cf2a1d15b690e77548640a4a2cd4762 b4d90956be639c0443b2fbaea35d87054e614de773467165b4ff6701feb62e0b91675dad7eba35eea775f105c4df8c77
CLIENT_TRAFFIC_SECRET_0 73b68b4d4408b82ee38c813750daaa3d4cf2a1d15b690e77548640a4a2cd4762 1f1867087f7af1c124066d7a8e6f3719e6ca703f063558ff4db6b45f73667bf00879cf293b5b47419eda39b25f194d06
CLIENT_TRAFFIC_SECRET_0 73b68b4d4408b82ee38c813750daaa3d4cf2a1d15b690e77548640a4a2cd4762 1f1867087f7af1c124066d7a8e6f3719e6ca703f063558ff4db6b45f73667bf00879cf293b5b47419eda39b25f194d06
SERVER_HANDSHAKE_TRAFFIC_SECRET aa8b38fbe2266fa5e3448fd73b9e5709dac189cac86cf242b8bb5c6acc8dafad ea42bc8b513e1f29e77c886d207743c367206824fe2ca2bf8ca2528fc5cc33e2aa88d75a7b63e262ccfba35d010ab7ec
CLIENT_HANDSHAKE_TRAFFIC_SECRET aa8b38fbe2266fa5e3448fd73b9e5709dac189cac86cf242b8bb5c6acc8dafad 973f1e86fe1471de0bb51d4743548815355446722e27f53302d22a5e7791448d5f1b3fae89c21c90329046ce81e1b344
SERVER_TRAFFIC_SECRET_0 aa8b38fbe2266fa5e3448fd73b9e5709dac189cac86cf242b8bb5c6acc8dafad 2df4a455bba9e4bc3cecce50e3645b24b91284074e14cbeea3a44a47243af3ddc17dd4dfe1a2da666f226d4c951bc57d
CLIENT_HANDSHAKE_TRAFFIC_SECRET aa8b38fbe2266fa5e3448fd73b9e5709dac189cac86cf242b8bb5c6acc8dafad 973f1e86fe1471de0bb51d4743548815355446722e27f53302d22a5e7791448d5f1b3fae89c21c90329046ce81e1b344
SERVER_HANDSHAKE_TRAFFIC_SECRET aa8b38fbe2266fa5e3448fd73b9e5709dac189cac86cf242b8bb5c6acc8dafad ea42bc8b513e1f29e77c886d207743c367206824fe2ca2bf8ca2528fc5cc33e2aa88d75a7b63e262ccfba35d010ab7ec
SERVER_TRAFFIC_SECRET_0 aa8b38fbe2266fa5e3448fd73b9e5709dac189cac86cf242b8bb5c6acc8dafad 2df4a455bba9e4bc3cecce50e3645b24b91284074e14cbeea3a44a47243af3ddc17dd4dfe1a2da666f226d4c951bc57d
EXPORTER_SECRET aa8b38fbe2266fa5e3448fd73b9e5709dac189cac86cf242b8bb5c6acc8dafad b6f593f95f1f398ab16c673d3c5fdee27e4d243a4ad08074eb12c4a2017f5e225a21640aa762b8d590902a1e1daec492
CLIENT_TRAFFIC_SECRET_0 aa8b38fbe2266fa5e3448fd73b9e5709dac189cac86cf242b8bb5c6acc8dafad bf41d345aa6eeb280822dd87d3c1ff7ca32ed0991614c3d06891b37d1c8de521e3c553a51df4d07fe60e4d064ca5d064
CLIENT_TRAFFIC_SECRET_0 aa8b38fbe2266fa5e3448fd73b9e5709dac189cac86cf242b8bb5c6acc8dafad bf41d345aa6eeb280822dd87d3c1ff7ca32ed0991614c3d06891b37d1c8de521e3c553a51df4d07fe60e4d064ca5d064
SERVER_HANDSHAKE_TRAFFIC_SECRET 8af3d4774d9066a551ef7200252896a7e381c3c109adde590ad6074b2d2b880d 3432a7e8da399cad16d27d946fc31b7a7a3cd238b5f2198591db586fb57da414e512b5d7197bbbddf2d1640293ed111f
CLIENT_HANDSHAKE_TRAFFIC_SECRET 8af3d4774d9066a551ef7200252896a7e381c3c109adde590ad6074b2d2b880d c6237c3d99bb14bcb2606253dcb3a17b7fcc8eb562a6498a8c082acf130bece3c5d3b968c837fac3e9dd63eb79eed540
SERVER_TRAFFIC_SECRET_0 8af3d4774d9066a551ef7200252896a7e381c3c109adde590ad6074b2d2b880d fe360207efc6d9bb9e5ff7a7dd203bbf37f72a4c6fb2f29d169cff08f01652469d16753a1f7b07907c9e514598f41e45
CLIENT_HANDSHAKE_TRAFFIC_SECRET 8af3d4774d9066a551ef7200252896a7e381c3c109adde590ad6074b2d2b880d c6237c3d99bb14bcb2606253dcb3a17b7fcc8eb562a6498a8c082acf130bece3c5d3b968c837fac3e9dd63eb79eed540
SERVER_HANDSHAKE_TRAFFIC_SECRET 8af3d4774d9066a551ef7200252896a7e381c3c109adde590ad6074b2d2b880d 3432a7e8da399cad16d27d946fc31b7a7a3cd238b5f2198591db586fb57da414e512b5d7197bbbddf2d1640293ed111f
SERVER_TRAFFIC_SECRET_0 8af3d4774d9066a551ef7200252896a7e381c3c109adde590ad6074b2d2b880d fe360207efc6d9bb9e5ff7a7dd203bbf37f72a4c6fb2f29d169cff08f01652469d16753a1f7b07907c9e514598f41e45
EXPORTER_SECRET 8af3d4774d9066a551ef7200252896a7e381c3c109adde590ad6074b2d2b880d a06121f9d4f0e222603dcb81cf110e9f4da03e38f238f33e5d2364e7b5168bcd8e09d7e20c9a223ac79150e8616da20d
CLIENT_TRAFFIC_SECRET_0 8af3d4774d9066a551ef7200252896a7e381c3c109adde590ad6074b2d2b880d 3c711906ea837917e4d6528fd62f6bd2f362b9265dfaae413fdc85b823757e206e7b091e08e5fb71e0088441b589ea5d
CLIENT_TRAFFIC_SECRET_0 8af3d4774d9066a551ef7200252896a7e381c3c109adde590ad6074b2d2b880d 3c711906ea837917e4d6528fd62f6bd2f362b9265dfaae413fdc85b823757e206e7b091e08e5fb71e0088441b589ea5d
SERVER_HANDSHAKE_TRAFFIC_SECRET 5382e1f90c73c883f1c80479b1c38147c2c893ff7555599d64d14d0874b4d046 2e0d818c419b1e347fc166aab7090691e2e4bdb2ae044d5a65e7986fc27485ca913c9c70cdd19a065938bf8dca2eae9e
CLIENT_HANDSHAKE_TRAFFIC_SECRET 5382e1f90c73c883f1c80479b1c38147c2c893ff7555599d64d14d0874b4d046 f8f899a752e922d179f0ee690d7cab13422ca3dd631d53b45e4e7ecd422c20553c578cc9940fbe8a68387d80cc7ea0c5
SERVER_TRAFFIC_SECRET_0 5382e1f90c73c883f1c80479b1c38147c2c893ff7555599d64d14d0874b4d046 64782e5bae0265adef082ffa165aca31702986d940a0fce95781caea829e0c1f4be02cb755c7bf57b30b83392f1c16f4
CLIENT_HANDSHAKE_TRAFFIC_SECRET 5382e1f90c73c883f1c80479b1c38147c2c893ff7555599d64d14d0874b4d046 f8f899a752e922d179f0ee690d7cab13422ca3dd631d53b45e4e7ecd422c20553c578cc9940fbe8a68387d80cc7ea0c5
SERVER_HANDSHAKE_TRAFFIC_SECRET 5382e1f90c73c883f1c80479b1c38147c2c893ff7555599d64d14d0874b4d046 2e0d818c419b1e347fc166aab7090691e2e4bdb2ae044d5a65e7986fc27485ca913c9c70cdd19a065938bf8dca2eae9e
SERVER_TRAFFIC_SECRET_0 5382e1f90c73c883f1c80479b1c38147c2c893ff7555599d64d14d0874b4d046 64782e5bae0265adef082ffa165aca31702986d940a0fce95781caea829e0c1f4be02cb755c7bf57b30b83392f1c16f4
EXPORTER_SECRET 5382e1f90c73c883f1c80479b1c38147c2c893ff7555599d64d14d0874b4d046 9d6df7e393fc6ba12cd43b8e192ce56ca78db04a99c903a4379e24bf2291706c297bd6fb4276401dac063cd1723984ae
CLIENT_TRAFFIC_SECRET_0 5382e1f90c73c883f1c80479b1c38147c2c893ff7555599d64d14d0874b4d046 68af7d684d8002f0e16bd0aa488d8111611e033f13031451899b9910725f9738ecae09b5b09ada9d72836d098b399fb1
CLIENT_TRAFFIC_SECRET_0 5382e1f90c73c883f1c80479b1c38147c2c893ff7555599d64d14d0874b4d046 68af7d684d8002f0e16bd0aa488d8111611e033f13031451899b9910725f9738ecae09b5b09ada9d72836d098b399fb1
SERVER_HANDSHAKE_TRAFFIC_SECRET 6897d3b8da73aeae760f65d6e9224fce0e5b625f006b12e00f99474442cb9a6d 5a00426deabfba85bd36e8f3f9205b702a988c415e322f927aa68df51808a920dd226dec08deffc9219739035ba60075
CLIENT_HANDSHAKE_TRAFFIC_SECRET 6897d3b8da73aeae760f65d6e9224fce0e5b625f006b12e00f99474442cb9a6d d47ec0302632041e2715962c6f2d68a0458fed53c71f959a809d0087c80e35b862d1c335398d6acb6d221ab6aefbd8ca
SERVER_TRAFFIC_SECRET_0 6897d3b8da73aeae760f65d6e9224fce0e5b625f006b12e00f99474442cb9a6d ec079ebdd98db14f37b6119193bc1ab01e2a3821ea1edc4327ad658616f974788768a4932222d0888529dd40dff87a6a
CLIENT_HANDSHAKE_TRAFFIC_SECRET 6897d3b8da73aeae760f65d6e9224fce0e5b625f006b12e00f99474442cb9a6d d47ec0302632041e2715962c6f2d68a0458fed53c71f959a809d0087c80e35b862d1c335398d6acb6d221ab6aefbd8ca
SERVER_HANDSHAKE_TRAFFIC_SECRET 6897d3b8da73aeae760f65d6e9224fce0e5b625f006b12e00f99474442cb9a6d 5a00426deabfba85bd36e8f3f9205b702a988c415e322f927aa68df51808a920dd226dec08deffc9219739035ba60075
SERVER_TRAFFIC_SECRET_0 6897d3b8da73aeae760f65d6e9224fce0e5b625f006b12e00f99474442cb9a6d ec079ebdd98db14f37b6119193bc1ab01e2a3821ea1edc4327ad658616f974788768a4932222d0888529dd40dff87a6a
EXPORTER_SECRET 6897d3b8da73aeae760f65d6e9224fce0e5b625f006b12e00f99474442cb9a6d 62a6456b38b9e35918a273ce85095414193f97467cfc1160fd58901b80150876529a0c76ff386f66e475a4224992a39e
CLIENT_TRAFFIC_SECRET_0 6897d3b8da73aeae760f65d6e9224fce0e5b625f006b12e00f99474442cb9a6d bf32e91bdfaf46e2b0a94aa8478fc4c24e2fdb33020db02c9dc1a7257c1700db07d45c111a8d80374afd30cf63e59c5d
CLIENT_TRAFFIC_SECRET_0 6897d3b8da73aeae760f65d6e9224fce0e5b625f006b12e00f99474442cb9a6d bf32e91bdfaf46e2b0a94aa8478fc4c24e2fdb33020db02c9dc1a7257c1700db07d45c111a8d80374afd30cf63e59c5d
SERVER_HANDSHAKE_TRAFFIC_SECRET e7588b2816ae548ab1527c4c933af19b148de00d5e6ca10abd72f7b748266467 74591e76543e72ec9338881ede4b6c664e0fefb1f08bcbd9834d4a57fdef51736706f00d9869393f26841d09922d0948
CLIENT_HANDSHAKE_TRAFFIC_SECRET e7588b2816ae548ab1527c4c933af19b148de00d5e6ca10abd72f7b748266467 51592285c3a3c05d033815957a4359781fd34a72284937b5d78ead18199b1caf500fea3957bead5d491b430e9a920dc0
SERVER_TRAFFIC_SECRET_0 e7588b2816ae548ab1527c4c933af19b148de00d5e6ca10abd72f7b748266467 e871a397acbb3eea44b2238ffe647e541b8a5b82ee15bc7e9df89f30768d1da09972e1f3b80f48bc5dec654dea386955
CLIENT_HANDSHAKE_TRAFFIC_SECRET e7588b2816ae548ab1527c4c933af19b148de00d5e6ca10abd72f7b748266467 51592285c3a3c05d033815957a4359781fd34a72284937b5d78ead18199b1caf500fea3957bead5d491b430e9a920dc0
SERVER_HANDSHAKE_TRAFFIC_SECRET e7588b2816ae548ab1527c4c933af19b148de00d5e6ca10abd72f7b748266467 74591e76543e72ec9338881ede4b6c664e0fefb1f08bcbd9834d4a57fdef51736706f00d9869393f26841d09922d0948
SERVER_TRAFFIC_SECRET_0 e7588b2816ae548ab1527c4c933af19b148de00d5e6ca10abd72f7b748266467 e871a397acbb3eea44b2238ffe647e541b8a5b82ee15bc7e9df89f30768d1da09972e1f3b80f48bc5dec654dea386955
EXPORTER_SECRET e7588b2816ae548ab1527c4c933af19b148de00d5e6ca10abd72f7b748266467 939700a511c11919cc467e12dfae12c104d0d0ec61d6957d3468ae3ac0591e2c054362b933dc478a48605108c1803d01
CLIENT_TRAFFIC_SECRET_0 e7588b2816ae548ab1527c4c933af19b148de00d5e6ca10abd72f7b748266467 f824564926fb3b08bf1ff14dc657f18d5a9ac71d285bb51bdf3d0a03f18dd1c89a11ebf5a7196692e7424f6b639635fa
CLIENT_TRAFFIC_SECRET_0 e7588b2816ae548ab1527c4c933af19b148de00d5e6ca10abd72f7b748266467 f824564926fb3b08bf1ff14dc657f18d5a9ac71d285bb51bdf3d0a03f18dd1c89a11ebf5a7196692e7424f6b639635fa
SERVER_HANDSHAKE_TRAFFIC_SECRET 43024fb061d4992bfa99a55b76cf8dccf738cde32777fdb86bd9704ceb0dedad 3e5b5fb3753bd49db951cb31cc6cd0a48904d8c0216cdcf60c7804eae9ca96df4fd78754fd9cda2ff6c6a847c47addf2
CLIENT_HANDSHAKE_TRAFFIC_SECRET 43024fb061d4992bfa99a55b76cf8dccf738cde32777fdb86bd9704ceb0dedad 5d98fc3689cff69ef9af127dc4febcdcf055a469cba7779610e27f7a65e24732ae08a2e35947136532d73b8e09aeda33
SERVER_TRAFFIC_SECRET_0 43024fb061d4992bfa99a55b76cf8dccf738cde32777fdb86bd9704ceb0dedad 6d9b6f1858d4c6b3b076db69e24cfa0ef9f4c340822fc8e58e6a5c7165b0d36d10528708abce1f0ec1c9b81e7e36cd43
CLIENT_HANDSHAKE_TRAFFIC_SECRET 43024fb061d4992bfa99a55b76cf8dccf738cde32777fdb86bd9704ceb0dedad 5d98fc3689cff69ef9af127dc4febcdcf055a469cba7779610e27f7a65e24732ae08a2e35947136532d73b8e09aeda33
SERVER_HANDSHAKE_TRAFFIC_SECRET 43024fb061d4992bfa99a55b76cf8dccf738cde32777fdb86bd9704ceb0dedad 3e5b5fb3753bd49db951cb31cc6cd0a48904d8c0216cdcf60c7804eae9ca96df4fd78754fd9cda2ff6c6a847c47addf2
SERVER_TRAFFIC_SECRET_0 43024fb061d4992bfa99a55b76cf8dccf738cde32777fdb86bd9704ceb0dedad 6d9b6f1858d4c6b3b076db69e24cfa0ef9f4c340822fc8e58e6a5c7165b0d36d10528708abce1f0ec1c9b81e7e36cd43
EXPORTER_SECRET 43024fb061d4992bfa99a55b76cf8dccf738cde32777fdb86bd9704ceb0dedad b945b668d9b4806272fefc6723440804ad023c3a5db2dc97572e4fd35d98e96e1393536f1fb40a13df9f897367507c95
CLIENT_TRAFFIC_SECRET_0 43024fb061d4992bfa99a55b76cf8dccf738cde32777fdb86bd9704ceb0dedad e810ae1a147f4136335d59e94522451c5361d5cae59adf185ebf32b3c7c9cf937920dbb22b8c41c8af9ec10825137e31
CLIENT_TRAFFIC_SECRET_0 43024fb061d4992bfa99a55b76cf8dccf738cde32777fdb86bd9704ceb0dedad e810ae1a147f4136335d59e94522451c5361d5cae59adf185ebf32b3c7c9cf937920dbb22b8c41c8af9ec10825137e31
SERVER_HANDSHAKE_TRAFFIC_SECRET edc398bc19896514e29759a2a684967c09629114d32c7dd4ab5149ce945b180a 7d78d17aff8085a167418d2ea7d1992ff37d8f68653fccfeed78e3b715080a29f2931c57d4efddf2b7e4d2af13a926ae
CLIENT_HANDSHAKE_TRAFFIC_SECRET edc398bc19896514e29759a2a684967c09629114d32c7dd4ab5149ce945b180a 1fe283f3492dd6ad9ad131f416e824b83cb281ac186799ad2cc148c837d335f3385fd740374229e94ac092090d4dd130
SERVER_TRAFFIC_SECRET_0 edc398bc19896514e29759a2a684967c09629114d32c7dd4ab5149ce945b180a 91727baeaec47408af80d3f7b2983c426ad07041c82f848837618aa60bd4a5b47364268c945a0bb11ee0ddb14bcb1b03
CLIENT_HANDSHAKE_TRAFFIC_SECRET edc398bc19896514e29759a2a684967c09629114d32c7dd4ab5149ce945b180a 1fe283f3492dd6ad9ad131f416e824b83cb281ac186799ad2cc148c837d335f3385fd740374229e94ac092090d4dd130
SERVER_HANDSHAKE_TRAFFIC_SECRET edc398bc19896514e29759a2a684967c09629114d32c7dd4ab5149ce945b180a 7d78d17aff8085a167418d2ea7d1992ff37d8f68653fccfeed78e3b715080a29f2931c57d4efddf2b7e4d2af13a926ae
SERVER_TRAFFIC_SECRET_0 edc398bc19896514e29759a2a684967c09629114d32c7dd4ab5149ce945b180a 91727baeaec47408af80d3f7b2983c426ad07041c82f848837618aa60bd4a5b47364268c945a0bb11ee0ddb14bcb1b03
EXPORTER_SECRET edc398bc19896514e29759a2a684967c09629114d32c7dd4ab5149ce945b180a bdae37cf9e8870dc9a9fec9cbecdd77dd1822cd7eb4ebbbd11b0ecc4a8dd51455f2378d7f5702967dae36286c9f4e9bd
CLIENT_TRAFFIC_SECRET_0 edc398bc19896514e29759a2a684967c09629114d32c7dd4ab5149ce945b180a 0dd2ccdd802b8312121a15f708c5c14031f7388f85dcadd14a9904344cbad87f6ced51145b30e482309b1fc34f15b7c8
CLIENT_TRAFFIC_SECRET_0 edc398bc19896514e29759a2a684967c09629114d32c7dd4ab5149ce945b180a 0dd2ccdd802b8312121a15f708c5c14031f7388f85dcadd14a9904344cbad87f6ced51145b30e482309b1fc34f15b7c8
SERVER_HANDSHAKE_TRAFFIC_SECRET 4ddbba1b4ce100235f8341280d06f5f65faf1064ee4e0a78f140d5cb416e3be9 26c61780142408f54659a000f42f5191bdaad8332ef9cbd3193cf4839150241b10e37458486139e5ba9ca28165936c87
CLIENT_HANDSHAKE_TRAFFIC_SECRET 4ddbba1b4ce100235f8341280d06f5f65faf1064ee4e0a78f140d5cb416e3be9 ebf0d0dd56a3a549251daa1257b8e887d839914d435cbd133c3b109b0d95df42ecd208141549140692698cece5155438
SERVER_TRAFFIC_SECRET_0 4ddbba1b4ce100235f8341280d06f5f65faf1064ee4e0a78f140d5cb416e3be9 4b4fc0c54db639022e9ed0dc0c2f52e63c0875b720ad9cfc36391f42cd8fb740722ec6ce0a584e2795512fb56a50c449
CLIENT_HANDSHAKE_TRAFFIC_SECRET 4ddbba1b4ce100235f8341280d06f5f65faf1064ee4e0a78f140d5cb416e3be9 ebf0d0dd56a3a549251daa1257b8e887d839914d435cbd133c3b109b0d95df42ecd208141549140692698cece5155438
SERVER_HANDSHAKE_TRAFFIC_SECRET 4ddbba1b4ce100235f8341280d06f5f65faf1064ee4e0a78f140d5cb416e3be9 26c61780142408f54659a000f42f5191bdaad8332ef9cbd3193cf4839150241b10e37458486139e5ba9ca28165936c87
SERVER_TRAFFIC_SECRET_0 4ddbba1b4ce100235f8341280d06f5f65faf1064ee4e0a78f140d5cb416e3be9 4b4fc0c54db639022e9ed0dc0c2f52e63c0875b720ad9cfc36391f42cd8fb740722ec6ce0a584e2795512fb56a50c449
EXPORTER_SECRET 4ddbba1b4ce100235f8341280d06f5f65faf1064ee4e0a78f140d5cb416e3be9 7fb2f35bc45519cf5b0408bde281bd5a4212e69dfd32cae621f15d1cf29f511433db82febcfacd59e516d6829d52928f
CLIENT_TRAFFIC_SECRET_0 4ddbba1b4ce100235f8341280d06f5f65faf1064ee4e0a78f140d5cb416e3be9 0400b0547ccc3d1efaa982d5214c7640e3120fecc86a606098b22c0514ffa23951591e70133717402ba9dc3aa36827c6
CLIENT_TRAFFIC_SECRET_0 4ddbba1b4ce100235f8341280d06f5f65faf1064ee4e0a78f140d5cb416e3be9 0400b0547ccc3d1efaa982d5214c7640e3120fecc86a606098b22c0514ffa23951591e70133717402ba9dc3aa36827c6
SERVER_HANDSHAKE_TRAFFIC_SECRET 35caee56a1373b9a1de90aaddb277df26be1b1cdb792a98de6b26fb28e9b594b f78c511f6ac43b24a8d7679ebd45a7c3081b896730c9ffe1245fad317921d9b40c193fb76f0f3c8917a6686c6ab13ca6
CLIENT_HANDSHAKE_TRAFFIC_SECRET 35caee56a1373b9a1de90aaddb277df26be1b1cdb792a98de6b26fb28e9b594b 125e5f7a3d13bde65d2260374269b306f5261dee178b249614e94ab70e456a0ebd69d449f8f88263d36234d26a328f18
SERVER_TRAFFIC_SECRET_0 35caee56a1373b9a1de90aaddb277df26be1b1cdb792a98de6b26fb28e9b594b e336d5e0d26834f832059a6632d03e43b673f85ff2633d6b13601d6e8aaad23b6c3e29c64a7dc75bc967d13ba4feb229
CLIENT_HANDSHAKE_TRAFFIC_SECRET 35caee56a1373b9a1de90aaddb277df26be1b1cdb792a98de6b26fb28e9b594b 125e5f7a3d13bde65d2260374269b306f5261dee178b249614e94ab70e456a0ebd69d449f8f88263d36234d26a328f18
SERVER_HANDSHAKE_TRAFFIC_SECRET 35caee56a1373b9a1de90aaddb277df26be1b1cdb792a98de6b26fb28e9b594b f78c511f6ac43b24a8d7679ebd45a7c3081b896730c9ffe1245fad317921d9b40c193fb76f0f3c8917a6686c6ab13ca6
SERVER_TRAFFIC_SECRET_0 35caee56a1373b9a1de90aaddb277df26be1b1cdb792a98de6b26fb28e9b594b e336d5e0d26834f832059a6632d03e43b673f85ff2633d6b13601d6e8aaad23b6c3e29c64a7dc75bc967d13ba4feb229
EXPORTER_SECRET 35caee56a1373b9a1de90aaddb277df26be1b1cdb792a98de6b26fb28e9b594b f933f8557a4c1c86e0495fcfe2f6e276f2c569a3d6f6b8563a437dc2d8911007a749d9ffcf237984aeeac5358de7cac7
CLIENT_TRAFFIC_SECRET_0 35caee56a1373b9a1de90aaddb277df26be1b1cdb792a98de6b26fb28e9b594b 60a93178b5c820c529a47cd5014f85c0cba27bb12280fbcf2a1a31faa886f871c36aa8efeda9ad0586a3896f0470cb7a
CLIENT_TRAFFIC_SECRET_0 35caee56a1373b9a1de90aaddb277df26be1b1cdb792a98de6b26fb28e9b594b 60a93178b5c820c529a47cd5014f85c0cba27bb12280fbcf2a1a31faa886f871c36aa8efeda9ad0586a3896f0470cb7a
SERVER_HANDSHAKE_TRAFFIC_SECRET 918c0c3489be300311148c8c65afd341c9d068baa856e5a6204cbd991534cc46 8d0393b206374cce4a8b0988c8684b27cc535a4bfe6c78f99096bed0de34b3ccad49fc13805c4b9751943186c75febb2
CLIENT_HANDSHAKE_TRAFFIC_SECRET 918c0c3489be300311148c8c65afd341c9d068baa856e5a6204cbd991534cc46 2cfe8030ffbf1bb06220410ea41b2fc07e13fe3c7c7efd3ee18391d8ec58f9e8f56b7c68a428d23cbfd78e05a58928d1
SERVER_TRAFFIC_SECRET_0 918c0c3489be300311148c8c65afd341c9d068baa856e5a6204cbd991534cc46 e42297d80dca7db17af43758520713f45882361090b12f21a4966264a4fb6e29db170d9c34642545ac92baf0226619e2
CLIENT_HANDSHAKE_TRAFFIC_SECRET 918c0c3489be300311148c8c65afd341c9d068baa856e5a6204cbd991534cc46 2cfe8030ffbf1bb06220410ea41b2fc07e13fe3c7c7efd3ee18391d8ec58f9e8f56b7c68a428d23cbfd78e05a58928d1
SERVER_HANDSHAKE_TRAFFIC_SECRET 918c0c3489be300311148c8c65afd341c9d068baa856e5a6204cbd991534cc46 8d0393b206374cce4a8b0988c8684b27cc535a4bfe6c78f99096bed0de34b3ccad49fc13805c4b9751943186c75febb2
SERVER_TRAFFIC_SECRET_0 918c0c3489be300311148c8c65afd341c9d068baa856e5a6204cbd991534cc46 e42297d80dca7db17af43758520713f45882361090b12f21a4966264a4fb6e29db170d9c34642545ac92baf0226619e2
EXPORTER_SECRET 918c0c3489be300311148c8c65afd341c9d068baa856e5a6204cbd991534cc46 1b75cb03690e6e96fb0e59c51bbffc42756b1975acef0d38c345a413d1668eddf317cab959087b6c02de509679ea5fa8
CLIENT_TRAFFIC_SECRET_0 918c0c3489be300311148c8c65afd341c9d068baa856e5a6204cbd991534cc46 e85a9ea0d76be9a8d4b982451a1eb11d766cfa9ff58a638aa613e0c26976e214aad7a7df51af38088ba8b6389f4e62b3
CLIENT_TRAFFIC_SECRET_0 918c0c3489be300311148c8c65afd341c9d068baa856e5a6204cbd991534cc46 e85a9ea0d76be9a8d4b982451a1eb11d766cfa9ff58a638aa613e0c26976e214aad7a7df51af38088ba8b6389f4e62b3
SERVER_HANDSHAKE_TRAFFIC_SECRET 5bc84334e79639beb6ce55b25b7bd75eedaea04bbb201152898a96dff9dfc63c a81fe2bb048d35a7e22b17b60ff066a3685a6b96a195c4dfef5a2f5540fb2b5ed572b77ad84ff20089bc76119000009b
CLIENT_HANDSHAKE_TRAFFIC_SECRET 5bc84334e79639beb6ce55b25b7bd75eedaea04bbb201152898a96dff9dfc63c 44b3219450322135e1cb12be6d9fe833cbf318f945a9d44d0cd58a858ed1a34311fc1b8b7d6edfab7a31b67447dc8a64
SERVER_TRAFFIC_SECRET_0 5bc84334e79639beb6ce55b25b7bd75eedaea04bbb201152898a96dff9dfc63c ca11d94c896eb7963763bd35b7782e3bbb5b8876009befe536635c8dccf2e1e9b8df59e42d41a9b1ca0d53eaab95c8d8
CLIENT_HANDSHAKE_TRAFFIC_SECRET 5bc84334e79639beb6ce55b25b7bd75eedaea04bbb201152898a96dff9dfc63c 44b3219450322135e1cb12be6d9fe833cbf318f945a9d44d0cd58a858ed1a34311fc1b8b7d6edfab7a31b67447dc8a64
SERVER_HANDSHAKE_TRAFFIC_SECRET 5bc84334e79639beb6ce55b25b7bd75eedaea04bbb201152898a96dff9dfc63c a81fe2bb048d35a7e22b17b60ff066a3685a6b96a195c4dfef5a2f5540fb2b5ed572b77ad84ff20089bc76119000009b
SERVER_TRAFFIC_SECRET_0 5bc84334e79639beb6ce55b25b7bd75eedaea04bbb201152898a96dff9dfc63c ca11d94c896eb7963763bd35b7782e3bbb5b8876009befe536635c8dccf2e1e9b8df59e42d41a9b1ca0d53eaab95c8d8
EXPORTER_SECRET 5bc84334e79639beb6ce55b25b7bd75eedaea04bbb201152898a96dff9dfc63c 7417cd5ddac824314daa599498b8a307a18b620ad95e089bbc98f7b38e2be35d513731deaf9875ecd326c3ff78821642
CLIENT_TRAFFIC_SECRET_0 5bc84334e79639beb6ce55b25b7bd75eedaea04bbb201152898a96dff9dfc63c 4c0e10125b949e157f20c39934e6c969536949b70c218eab459fb38f5f588ede076e80ab0b396113c684a926ac9f2205
CLIENT_TRAFFIC_SECRET_0 5bc84334e79639beb6ce55b25b7bd75eedaea04bbb201152898a96dff9dfc63c 4c0e10125b949e157f20c39934e6c969536949b70c218eab459fb38f5f588ede076e80ab0b396113c684a926ac9f2205
SERVER_HANDSHAKE_TRAFFIC_SECRET bfb09a848edb7f395c692b18bb870b5dafd9eb0427ef5871feea8bb5be3b2efb 9327b93268fa63b4c1cb8888d193a1c4f5071c4bc87dd292966a99670d02caed34750d17c2a9facd2c607f10f3fd33a9
CLIENT_HANDSHAKE_TRAFFIC_SECRET bfb09a848edb7f395c692b18bb870b5dafd9eb0427ef5871feea8bb5be3b2efb 46e7cfaead49b05a98c3bd28240e3e9fa3f24a77a81cab4c369a8680a7f89c6c8c322861bddb735b7b3eeff43d52aca2
SERVER_TRAFFIC_SECRET_0 bfb09a848edb7f395c692b18bb870b5dafd9eb0427ef5871feea8bb5be3b2efb 9069972752537dfccbbe45658a9313b3525cf1956ebaae51b517372fb771634d39bdcd15deb7b7ba1d005fc16b5d828b
CLIENT_HANDSHAKE_TRAFFIC_SECRET bfb09a848edb7f395c692b18bb870b5dafd9eb0427ef5871feea8bb5be3b2efb 46e7cfaead49b05a98c3bd28240e3e9fa3f24a77a81cab4c369a8680a7f89c6c8c322861bddb735b7b3eeff43d52aca2
SERVER_HANDSHAKE_TRAFFIC_SECRET bfb09a848edb7f395c692b18bb870b5dafd9eb0427ef5871feea8bb5be3b2efb 9327b93268fa63b4c1cb8888d193a1c4f5071c4bc87dd292966a99670d02caed34750d17c2a9facd2c607f10f3fd33a9
SERVER_TRAFFIC_SECRET_0 bfb09a848edb7f395c692b18bb870b5dafd9eb0427ef5871feea8bb5be3b2efb 9069972752537dfccbbe45658a9313b3525cf1956ebaae51b517372fb771634d39bdcd15deb7b7ba1d005fc16b5d828b
EXPORTER_SECRET bfb09a848edb7f395c692b18bb870b5dafd9eb0427ef5871feea8bb5be3b2efb e6d2ff91c5de16d52b5f44a6baabab07bae85c3aadd9d6e83aaf9114594542b534fa2f1bb786f7381435ff1e8879e88d
CLIENT_TRAFFIC_SECRET_0 bfb09a848edb7f395c692b18bb870b5dafd9eb0427ef5871feea8bb5be3b2efb 8e0c847d3a904956f70edf6e243c0f7b80dab11e2980eaf882dd42cfa5a0cb82fd1520de05d5c98eb52b20aeab957417
CLIENT_TRAFFIC_SECRET_0 bfb09a848edb7f395c692b18bb870b5dafd9eb0427ef5871feea8bb5be3b2efb 8e0c847d3a904956f70edf6e243c0f7b80dab11e2980eaf882dd42cfa5a0cb82fd1520de05d5c98eb52b20aeab957417
SERVER_HANDSHAKE_TRAFFIC_SECRET 5c9b45f0de5191cf64dc9aeab32755fbc4c5502d7b42064520149da9d21de0f6 b5b5bfb8fe95eab9e80e3592949cf980a5b71b67fbdd2a15c5394cae0b5c657db2d86e4a5bc606c32b474bfb47c49acd
CLIENT_HANDSHAKE_TRAFFIC_SECRET 5c9b45f0de5191cf64dc9aeab32755fbc4c5502d7b42064520149da9d21de0f6 938cd1490c5a870a37706d6cefdd03f7aa8f97fd4b50fac0a5e4b6a3b81b63a114d2de8ba526920b61b5acf8380dae89
SERVER_TRAFFIC_SECRET_0 5c9b45f0de5191cf64dc9aeab32755fbc4c5502d7b42064520149da9d21de0f6 1636852c6b263858c651d8b958887a27ec408a9e74fbea7f07578cdb6bb2b97a73e48addaf5d76743e8aab3dcbeeec75
CLIENT_HANDSHAKE_TRAFFIC_SECRET 5c9b45f0de5191cf64dc9aeab32755fbc4c5502d7b42064520149da9d21de0f6 938cd1490c5a870a37706d6cefdd03f7aa8f97fd4b50fac0a5e4b6a3b81b63a114d2de8ba526920b61b5acf8380dae89
SERVER_HANDSHAKE_TRAFFIC_SECRET 5c9b45f0de5191cf64dc9aeab32755fbc4c5502d7b42064520149da9d21de0f6 b5b5bfb8fe95eab9e80e3592949cf980a5b71b67fbdd2a15c5394cae0b5c657db2d86e4a5bc606c32b474bfb47c49acd
SERVER_TRAFFIC_SECRET_0 5c9b45f0de5191cf64dc9aeab32755fbc4c5502d7b42064520149da9d21de0f6 1636852c6b263858c651d8b958887a27ec408a9e74fbea7f07578cdb6bb2b97a73e48addaf5d76743e8aab3dcbeeec75
EXPORTER_SECRET 5c9b45f0de5191cf64dc9aeab32755fbc4c5502d7b42064520149da9d21de0f6 f357274fade54e9ab9cb4bf19fd0e4bfbb23df338dbe7a4c8c10e57115775e4fc00b15d75f6429ab37ae3f954f1bec8f
CLIENT_TRAFFIC_SECRET_0 5c9b45f0de5191cf64dc9aeab32755fbc4c5502d7b42064520149da9d21de0f6 8f2e0db94e41d715c20bda8e4711d15d8ddb78c554a8e0c473e79bd50dea3a83fdfddca1540d51fa0b52542fdd7f7eb7
CLIENT_TRAFFIC_SECRET_0 5c9b45f0de5191cf64dc9aeab32755fbc4c5502d7b42064520149da9d21de0f6 8f2e0db94e41d715c20bda8e4711d15d8ddb78c554a8e0c473e79bd50dea3a83fdfddca1540d51fa0b52542fdd7f7eb7
SERVER_HANDSHAKE_TRAFFIC_SECRET eb6b20e4eb57750797e888959cfe8636ede8bf841974fe98e6aedc817c66cffa 8a170469493f8ded085dd86194348e7419791058e03e372415135a99f95617e841b54f2b6ee4925d1eded3d905c10fa0
CLIENT_HANDSHAKE_TRAFFIC_SECRET eb6b20e4eb57750797e888959cfe8636ede8bf841974fe98e6aedc817c66cffa 045a82a581ce510e512d82aa2e216cb425609735dbfc461cc079f6e077f593204427a06237c4364894fbbef4b2d50e72
SERVER_TRAFFIC_SECRET_0 eb6b20e4eb57750797e888959cfe8636ede8bf841974fe98e6aedc817c66cffa 080440b3aac34223ea92cf043139ba3bb18a3837acd5eda06b7689f9401581a2e394ff8d1d5bdf37fb3d21f541761523
CLIENT_HANDSHAKE_TRAFFIC_SECRET eb6b20e4eb57750797e888959cfe8636ede8bf841974fe98e6aedc817c66cffa 045a82a581ce510e512d82aa2e216cb425609735dbfc461cc079f6e077f593204427a06237c4364894fbbef4b2d50e72
SERVER_HANDSHAKE_TRAFFIC_SECRET eb6b20e4eb57750797e888959cfe8636ede8bf841974fe98e6aedc817c66cffa 8a170469493f8ded085dd86194348e7419791058e03e372415135a99f95617e841b54f2b6ee4925d1eded3d905c10fa0
SERVER_TRAFFIC_SECRET_0 eb6b20e4eb57750797e888959cfe8636ede8bf841974fe98e6aedc817c66cffa 080440b3aac34223ea92cf043139ba3bb18a3837acd5eda06b7689f9401581a2e394ff8d1d5bdf37fb3d21f541761523
EXPORTER_SECRET eb6b20e4eb57750797e888959cfe8636ede8bf841974fe98e6aedc817c66cffa aa6a0878e89bc80c80218b46e5436698463f7889c00822f24fd85cc3c4c1eb7eae73a9fbf8d85ded60f63c598a4ee78c
CLIENT_TRAFFIC_SECRET_0 eb6b20e4eb57750797e888959cfe8636ede8bf841974fe98e6aedc817c66cffa 3c8a9492efce60b220c49537f7ea5a738e98963656173ffa79e7fb13474f2473b8286bf3f43dc47a5fc5850f0abfe12c
CLIENT_TRAFFIC_SECRET_0 eb6b20e4eb57750797e888959cfe8636ede8bf841974fe98e6aedc817c66cffa 3c8a9492efce60b220c49537f7ea5a738e98963656173ffa79e7fb13474f2473b8286bf3f43dc47a5fc5850f0abfe12c
SERVER_HANDSHAKE_TRAFFIC_SECRET 78d5c37d636a0baf25269350981637d22e99ac3f0d0ef65e8340d22550c1ba0e 5b5cbd80aaf21298fc902727a501971f6817ada94a65bdad962d7ae70622142965cb23ecb5b02177f297899e85ee51d6
CLIENT_HANDSHAKE_TRAFFIC_SECRET 78d5c37d636a0baf25269350981637d22e99ac3f0d0ef65e8340d22550c1ba0e 3e9e397aa15246d6ded577d73cd691f44fe4d920aae95975c9515dacc677e7a89c95ccc12ad6c160099ce6fbda5a2416
SERVER_TRAFFIC_SECRET_0 78d5c37d636a0baf25269350981637d22e99ac3f0d0ef65e8340d22550c1ba0e 18e45a0d94f22d7ec51ec5069de6eeff404aa3c0747871131bca53164152667a5bcd1eb0570ccbe94a9a10ebf4d7f825
CLIENT_HANDSHAKE_TRAFFIC_SECRET 78d5c37d636a0baf25269350981637d22e99ac3f0d0ef65e8340d22550c1ba0e 3e9e397aa15246d6ded577d73cd691f44fe4d920aae95975c9515dacc677e7a89c95ccc12ad6c160099ce6fbda5a2416
SERVER_HANDSHAKE_TRAFFIC_SECRET 78d5c37d636a0baf25269350981637d22e99ac3f0d0ef65e8340d22550c1ba0e 5b5cbd80aaf21298fc902727a501971f6817ada94a65bdad962d7ae70622142965cb23ecb5b02177f297899e85ee51d6
SERVER_TRAFFIC_SECRET_0 78d5c37d636a0baf25269350981637d22e99ac3f0d0ef65e8340d22550c1ba0e 18e45a0d94f22d7ec51ec5069de6eeff404aa3c0747871131bca53164152667a5bcd1eb0570ccbe94a9a10ebf4d7f825
EXPORTER_SECRET 78d5c37d636a0baf25269350981637d22e99ac3f0d0ef65e8340d22550c1ba0e 6e9255cc63b0e90e1fb539ac8feaacbd92961f733d77a64b1512f9c55133f05606f7a19f2e4165ebca9d4787d57d0a0d
CLIENT_TRAFFIC_SECRET_0 78d5c37d636a0baf25269350981637d22e99ac3f0d0ef65e8340d22550c1ba0e dd17781ed7f8e388e487381de149353e26a478588a818f6aeb274f9cab141cb840dcc7195b1559f6ee876f138da605ff
CLIENT_TRAFFIC_SECRET_0 78d5c37d636a0baf25269350981637d22e99ac3f0d0ef65e8340d22550c1ba0e dd17781ed7f8e388e487381de149353e26a478588a818f6aeb274f9cab141cb840dcc7195b1559f6ee876f138da605ff
SERVER_HANDSHAKE_TRAFFIC_SECRET 82adbd0e07188db897a1a44ad04885e948c3e7831019e2071ae96eb63d0cc320 c4e68cdead60e9a72c6e9d6601c7afb5e737a8acf25e8bbcc9fb5f99f698eaa34320347cdb448349c4ba569d17af5cd4
CLIENT_HANDSHAKE_TRAFFIC_SECRET 82adbd0e07188db897a1a44ad04885e948c3e7831019e2071ae96eb63d0cc320 262e560847aad2306a197ec8ae95d8fd81e6dc866d6ce78c6731a10c43a9ad63bd505c0b88fdbe338494c5adee6bfc20
SERVER_TRAFFIC_SECRET_0 82adbd0e07188db897a1a44ad04885e948c3e7831019e2071ae96eb63d0cc320 447cf690271ab0af9fbabc3bebc3f63b5ffc35398e92b0f1fd2afdbd2dbcf0df2cc789f19fef5816d4d705e03b434f88
CLIENT_HANDSHAKE_TRAFFIC_SECRET 82adbd0e07188db897a1a44ad04885e948c3e7831019e2071ae96eb63d0cc320 262e560847aad2306a197ec8ae95d8fd81e6dc866d6ce78c6731a10c43a9ad63bd505c0b88fdbe338494c5adee6bfc20
SERVER_HANDSHAKE_TRAFFIC_SECRET 82adbd0e07188db897a1a44ad04885e948c3e7831019e2071ae96eb63d0cc320 c4e68cdead60e9a72c6e9d6601c7afb5e737a8acf25e8bbcc9fb5f99f698eaa34320347cdb448349c4ba569d17af5cd4
SERVER_TRAFFIC_SECRET_0 82adbd0e07188db897a1a44ad04885e948c3e7831019e2071ae96eb63d0cc320 447cf690271ab0af9fbabc3bebc3f63b5ffc35398e92b0f1fd2afdbd2dbcf0df2cc789f19fef5816d4d705e03b434f88
EXPORTER_SECRET 82adbd0e07188db897a1a44ad04885e948c3e7831019e2071ae96eb63d0cc320 e8b42cd3a31929805625d01ebf2a0fc3b40457cbd8fbc802c5183abcc818743a1fbb6f984379ae2a496dd5f5510e2611
CLIENT_TRAFFIC_SECRET_0 82adbd0e07188db897a1a44ad04885e948c3e7831019e2071ae96eb63d0cc320 2d587c328d109e1eb6321a9ceb3fe1a22c2d6d95385f6858f29ec3a5d74c8aecd9033537272a0f2e8c7cdf674bbda8a3
CLIENT_TRAFFIC_SECRET_0 82adbd0e07188db897a1a44ad04885e948c3e7831019e2071ae96eb63d0cc320 2d587c328d109e1eb6321a9ceb3fe1a22c2d6d95385f6858f29ec3a5d74c8aecd9033537272a0f2e8c7cdf674bbda8a3
SERVER_HANDSHAKE_TRAFFIC_SECRET d11c0a70c3c9a570d0bafba520499c2251d415cf2a639a4f382eed315a290a54 eb19f556721a7d799e101d8f4b834f39cbb321ba036b462e1882d51798cce07e1c62ac71376dffe7571f0f39a6e71a3b
CLIENT_HANDSHAKE_TRAFFIC_SECRET d11c0a70c3c9a570d0bafba520499c2251d415cf2a639a4f382eed315a290a54 ac1d782866b7f044f41f4f43068d10e188fd7c82d426a30e3c911e492b1e6fdebecc11bf359aaee65f186169161b6c99
SERVER_TRAFFIC_SECRET_0 d11c0a70c3c9a570d0bafba520499c2251d415cf2a639a4f382eed315a290a54 f0d2fcbc20a40a245666790ffbfe5d22027f787b2f30629cfbbc10f88008f511210d0b0250875270aa688cee147e8a81
CLIENT_HANDSHAKE_TRAFFIC_SECRET d11c0a70c3c9a570d0bafba520499c2251d415cf2a639a4f382eed315a290a54 ac1d782866b7f044f41f4f43068d10e188fd7c82d426a30e3c911e492b1e6fdebecc11bf359aaee65f186169161b6c99
SERVER_HANDSHAKE_TRAFFIC_SECRET d11c0a70c3c9a570d0bafba520499c2251d415cf2a639a4f382eed315a290a54 eb19f556721a7d799e101d8f4b834f39cbb321ba036b462e1882d51798cce07e1c62ac71376dffe7571f0f39a6e71a3b
SERVER_TRAFFIC_SECRET_0 d11c0a70c3c9a570d0bafba520499c2251d415cf2a639a4f382eed315a290a54 f0d2fcbc20a40a245666790ffbfe5d22027f787b2f30629cfbbc10f88008f511210d0b0250875270aa688cee147e8a81
EXPORTER_SECRET d11c0a70c3c9a570d0bafba520499c2251d415cf2a639a4f382eed315a290a54 a42831a49656461c98ae930e616940d7337fe4a5d8e0af5e3c557c831fabc9727753a0365faafed47eb8f6f4846a38bb
CLIENT_TRAFFIC_SECRET_0 d11c0a70c3c9a570d0bafba520499c2251d415cf2a639a4f382eed315a290a54 f0e0e4f4fccfb1f48e99d6ce0b78053bff38e4a69119c70f70cbdbb7ed65da90474eab98ca37caae20bb72ea64b7e8f8
CLIENT_TRAFFIC_SECRET_0 d11c0a70c3c9a570d0bafba520499c2251d415cf2a639a4f382eed315a290a54 f0e0e4f4fccfb1f48e99d6ce0b78053bff38e4a69119c70f70cbdbb7ed65da90474eab98ca37caae20bb72ea64b7e8f8
SERVER_HANDSHAKE_TRAFFIC_SECRET b8abad3e35a82a22fb875c76ec885b66f52c71c7062bfa20761604b2becd1c2d 5add6ea0df70964de9cd56aa86230d7504c9f464b6080db8b76305dd784e87aad2d4ad4fe5bda87418ef4f743b22cf95
CLIENT_HANDSHAKE_TRAFFIC_SECRET b8abad3e35a82a22fb875c76ec885b66f52c71c7062bfa20761604b2becd1c2d 4a2a6f36fe4ae814b8b02688b4fce077c79f0c5347632280f0dfecf810cd49466dae1947b42b002ca753854f6cde175c
SERVER_TRAFFIC_SECRET_0 b8abad3e35a82a22fb875c76ec885b66f52c71c7062bfa20761604b2becd1c2d 89652c96e8c013b157d54108c10c65397ad4e633ac98d61dcd6f8e77dbc5807f2d66c4357f5f8086f6bff04752a0cbf0
CLIENT_HANDSHAKE_TRAFFIC_SECRET b8abad3e35a82a22fb875c76ec885b66f52c71c7062bfa20761604b2becd1c2d 4a2a6f36fe4ae814b8b02688b4fce077c79f0c5347632280f0dfecf810cd49466dae1947b42b002ca753854f6cde175c
SERVER_HANDSHAKE_TRAFFIC_SECRET b8abad3e35a82a22fb875c76ec885b66f52c71c7062bfa20761604b2becd1c2d 5add6ea0df70964de9cd56aa86230d7504c9f464b6080db8b76305dd784e87aad2d4ad4fe5bda87418ef4f743b22cf95
SERVER_TRAFFIC_SECRET_0 b8abad3e35a82a22fb875c76ec885b66f52c71c7062bfa20761604b2becd1c2d 89652c96e8c013b157d54108c10c65397ad4e633ac98d61dcd6f8e77dbc5807f2d66c4357f5f8086f6bff04752a0cbf0
EXPORTER_SECRET b8abad3e35a82a22fb875c76ec885b66f52c71c7062bfa20761604b2becd1c2d e90bf96aa6df189ae9324cf7c47b7ac23ded0fa912471e097bdb6f51f57b91586bb1640540edc4a001347bdfb34f205f
CLIENT_TRAFFIC_SECRET_0 b8abad3e35a82a22fb875c76ec885b66f52c71c7062bfa20761604b2becd1c2d 750561fdc18c0aab73ce34dd1e2a4166f53815dcd801c08207d342fe1edd4dcec417ae2734034e4a821358f7860b816b
CLIENT_TRAFFIC_SECRET_0 b8abad3e35a82a22fb875c76ec885b66f52c71c7062bfa20761604b2becd1c2d 750561fdc18c0aab73ce34dd1e2a4166f53815dcd801c08207d342fe1edd4dcec417ae2734034e4a821358f7860b816b
SERVER_HANDSHAKE_TRAFFIC_SECRET 6c849f7b9cb8bd3b446ac9c8397a6f2d6d3e3fddee30d28e90824a663776b32e b10b90b75a7d0670349a27dc120de5350444eb525c4e243105760baa57f3b55e48a6ceec73e88759420ad7bfa820a19a
CLIENT_HANDSHAKE_TRAFFIC_SECRET 6c849f7b9cb8bd3b446ac9c8397a6f2d6d3e3fddee30d28e90824a663776b32e 581cd97e5919b72b044a04321cc691ca3dc6f557480bef02ab8f90475a95e79238354ae89ef43f614181e24af2f6f9f4
SERVER_TRAFFIC_SECRET_0 6c849f7b9cb8bd3b446ac9c8397a6f2d6d3e3fddee30d28e90824a663776b32e 6a2d9c878258ed14344ce28651099c63f5555c0c3b6f7b4663c0b1ed18726d6a198213786d29b1f9b675b0512200e32d
CLIENT_HANDSHAKE_TRAFFIC_SECRET 6c849f7b9cb8bd3b446ac9c8397a6f2d6d3e3fddee30d28e90824a663776b32e 581cd97e5919b72b044a04321cc691ca3dc6f557480bef02ab8f90475a95e79238354ae89ef43f614181e24af2f6f9f4
SERVER_HANDSHAKE_TRAFFIC_SECRET 6c849f7b9cb8bd3b446ac9c8397a6f2d6d3e3fddee30d28e90824a663776b32e b10b90b75a7d0670349a27dc120de5350444eb525c4e243105760baa57f3b55e48a6ceec73e88759420ad7bfa820a19a
SERVER_TRAFFIC_SECRET_0 6c849f7b9cb8bd3b446ac9c8397a6f2d6d3e3fddee30d28e90824a663776b32e 6a2d9c878258ed14344ce28651099c63f5555c0c3b6f7b4663c0b1ed18726d6a198213786d29b1f9b675b0512200e32d
EXPORTER_SECRET 6c849f7b9cb8bd3b446ac9c8397a6f2d6d3e3fddee30d28e90824a663776b32e 3def7d18d02367c110c1c859340d0e73e0f367dcd485e41d18eb6bc554cf35e45ced3fdbd7029880089c59842de28139
CLIENT_TRAFFIC_SECRET_0 6c849f7b9cb8bd3b446ac9c8397a6f2d6d3e3fddee30d28e90824a663776b32e 66ae24a90b9687aef31aed8d74e90199b99b00a1c8f754891057dda9c9e314ff0e0b6f8923e34d3ebbb1e17e0cea2732
CLIENT_TRAFFIC_SECRET_0 6c849f7b9cb8bd3b446ac9c8397a6f2d6d3e3fddee30d28e90824a663776b32e 66ae24a90b9687aef31aed8d74e90199b99b00a1c8f754891057dda9c9e314ff0e0b6f8923e34d3ebbb1e17e0cea2732
SERVER_HANDSHAKE_TRAFFIC_SECRET 67c3d0c2c887f5b64c2dac6df9fc62012d91bf2e409beb1f847779a2e1f008ac 52e4af77ae0e337e629555befb83aee5b3586e495b250c0d0aa98bad0dd6135b6526970a31bf910e995b7e3f1f8800b9
CLIENT_HANDSHAKE_TRAFFIC_SECRET 67c3d0c2c887f5b64c2dac6df9fc62012d91bf2e409beb1f847779a2e1f008ac 0d34f2a8ce9d26fd709ee71f4c398879fe20e7932ce28970bffb937714b91eb0aa61093dff353a6658c6dafec13d362a
SERVER_TRAFFIC_SECRET_0 67c3d0c2c887f5b64c2dac6df9fc62012d91bf2e409beb1f847779a2e1f008ac 27d7396d88a4a2b1bf198cbc0301c6828123b59b9997ef740216b6d5b810525a811b4fad53743eaa786eba38fb960e7c
CLIENT_HANDSHAKE_TRAFFIC_SECRET 67c3d0c2c887f5b64c2dac6df9fc62012d91bf2e409beb1f847779a2e1f008ac 0d34f2a8ce9d26fd709ee71f4c398879fe20e7932ce28970bffb937714b91eb0aa61093dff353a6658c6dafec13d362a
SERVER_HANDSHAKE_TRAFFIC_SECRET 67c3d0c2c887f5b64c2dac6df9fc62012d91bf2e409beb1f847779a2e1f008ac 52e4af77ae0e337e629555befb83aee5b3586e495b250c0d0aa98bad0dd6135b6526970a31bf910e995b7e3f1f8800b9
SERVER_TRAFFIC_SECRET_0 67c3d0c2c887f5b64c2dac6df9fc62012d91bf2e409beb1f847779a2e1f008ac 27d7396d88a4a2b1bf198cbc0301c6828123b59b9997ef740216b6d5b810525a811b4fad53743eaa786eba38fb960e7c
EXPORTER_SECRET 67c3d0c2c887f5b64c2dac6df9fc62012d91bf2e409beb1f847779a2e1f008ac e15c901b1b54c297e4a2714bbd351a8fbb6138bd1c8a6e739c9c6970d9e391d6df9f3bec20a17cac8469fc3b7eaf7f97
CLIENT_TRAFFIC_SECRET_0 67c3d0c2c887f5b64c2dac6df9fc62012d91bf2e409beb1f847779a2e1f008ac 33051bb33429643baf56b2fa35a130baf17afec2c477063b2b5b10add92a3c01a7517e013e459cf93f08995cbebe365b
CLIENT_TRAFFIC_SECRET_0 67c3d0c2c887f5b64c2dac6df9fc62012d91bf2e409beb1f847779a2e1f008ac 33051bb33429643baf56b2fa35a130baf17afec2c477063b2b5b10add92a3c01a7517e013e459cf93f08995cbebe365b
SERVER_HANDSHAKE_TRAFFIC_SECRET 8df13f5bceed6743cad2de86fbf6984d04d34fe6b31bc983a4f68633318e8dcf 3ee65c901edd7fa5ac4a0b7e6247ed6e433de5056339b7eef7adeb3b53317c44691df16c57146d68394882667f3c58f3
CLIENT_HANDSHAKE_TRAFFIC_SECRET 8df13f5bceed6743cad2de86fbf6984d04d34fe6b31bc983a4f68633318e8dcf d00d6758d6029c9a2c01e9f80aeda847622c3c75f0e6e2407b50591a64020daf0a91252c4e19ab0210876756c6be46e0
SERVER_TRAFFIC_SECRET_0 8df13f5bceed6743cad2de86fbf6984d04d34fe6b31bc983a4f68633318e8dcf 711fe410431388a1f5382dcd0ed114c48db35c9cb583cba8dc50efb19831df658a6d0798a778a6d3e723c7c99586c790
CLIENT_HANDSHAKE_TRAFFIC_SECRET 8df13f5bceed6743cad2de86fbf6984d04d34fe6b31bc983a4f68633318e8dcf d00d6758d6029c9a2c01e9f80aeda847622c3c75f0e6e2407b50591a64020daf0a91252c4e19ab0210876756c6be46e0
SERVER_HANDSHAKE_TRAFFIC_SECRET 8df13f5bceed6743cad2de86fbf6984d04d34fe6b31bc983a4f68633318e8dcf 3ee65c901edd7fa5ac4a0b7e6247ed6e433de5056339b7eef7adeb3b53317c44691df16c57146d68394882667f3c58f3
SERVER_TRAFFIC_SECRET_0 8df13f5bceed6743cad2de86fbf6984d04d34fe6b31bc983a4f68633318e8dcf 711fe410431388a1f5382dcd0ed114c48db35c9cb583cba8dc50efb19831df658a6d0798a778a6d3e723c7c99586c790
EXPORTER_SECRET 8df13f5bceed6743cad2de86fbf6984d04d34fe6b31bc983a4f68633318e8dcf 0c6a88cfcea1df65934110eba5f56a5f2eac6d4e678081ae4bea374e2c10032714807a2ce398d69be1c0eec4f7548141
CLIENT_TRAFFIC_SECRET_0 8df13f5bceed6743cad2de86fbf6984d04d34fe6b31bc983a4f68633318e8dcf a28a2491942755f46bb5358b1a8bf72dcbcf95ac566a586ae95a77fefff4a8f8b90035fa405354a5c705fca1e8378088
CLIENT_TRAFFIC_SECRET_0 8df13f5bceed6743cad2de86fbf6984d04d34fe6b31bc983a4f68633318e8dcf a28a2491942755f46bb5358b1a8bf72dcbcf95ac566a586ae95a77fefff4a8f8b90035fa405354a5c705fca1e8378088
SERVER_HANDSHAKE_TRAFFIC_SECRET 8d7ff68e71606c8d306759fcb7c8ea776028712b7f6668399b67c93840352f99 aabb45e1148576c7ce0a5026178753524eae20e57ddb13216091a52c908bb1d3a3084f30deec2041b7a322c3ef57e943
CLIENT_HANDSHAKE_TRAFFIC_SECRET 8d7ff68e71606c8d306759fcb7c8ea776028712b7f6668399b67c93840352f99 41e4e6b3689b4936e3cf35860382815b30347f728e26a444319fbaf88395faf3b64edcb7530542fad877f2d5bf5e0649
SERVER_TRAFFIC_SECRET_0 8d7ff68e71606c8d306759fcb7c8ea776028712b7f6668399b67c93840352f99 2669bc03e9cc92a7426e8a9e1e3443f7181b4202d3eccd6b7203240d6088075c10b3a4b88a34d24c92039f38fd251da4
CLIENT_HANDSHAKE_TRAFFIC_SECRET 8d7ff68e71606c8d306759fcb7c8ea776028712b7f6668399b67c93840352f99 41e4e6b3689b4936e3cf35860382815b30347f728e26a444319fbaf88395faf3b64edcb7530542fad877f2d5bf5e0649
SERVER_HANDSHAKE_TRAFFIC_SECRET 8d7ff68e71606c8d306759fcb7c8ea776028712b7f6668399b67c93840352f99 aabb45e1148576c7ce0a5026178753524eae20e57ddb13216091a52c908bb1d3a3084f30deec2041b7a322c3ef57e943
SERVER_TRAFFIC_SECRET_0 8d7ff68e71606c8d306759fcb7c8ea776028712b7f6668399b67c93840352f99 2669bc03e9cc92a7426e8a9e1e3443f7181b4202d3eccd6b7203240d6088075c10b3a4b88a34d24c92039f38fd251da4
EXPORTER_SECRET 8d7ff68e71606c8d306759fcb7c8ea776028712b7f6668399b67c93840352f99 9c186a15a0e8861df87d1337fc20d4f3513d9b5f4e4f7fb6ce2176930a1351dec4a06be9988c40cfa2453dc72358ed4a
CLIENT_TRAFFIC_SECRET_0 8d7ff68e71606c8d306759fcb7c8ea776028712b7f6668399b67c93840352f99 6a5c133964ff04d5517ec747a647b01de2c72b51c7eaae229d5b9cb9414609d383d22d5abe7ee3a88fb223e5adc50668
CLIENT_TRAFFIC_SECRET_0 8d7ff68e71606c8d306759fcb7c8ea776028712b7f6668399b67c93840352f99 6a5c133964ff04d5517ec747a647b01de2c72b51c7eaae229d5b9cb9414609d383d22d5abe7ee3a88fb223e5adc50668
SERVER_HANDSHAKE_TRAFFIC_SECRET b9c3f570fab67a79bb1fb1a860c50e5ce2017b03b7176abd3a85b6760ed7ef9f a13d33c721463c784f3368b503ce28b76e39a2fdda07a79b1ba2735aa26a9206af6db417a4555a7dd0fd03d8066a9dc2
CLIENT_HANDSHAKE_TRAFFIC_SECRET b9c3f570fab67a79bb1fb1a860c50e5ce2017b03b7176abd3a85b6760ed7ef9f b9b94942e54f2e389d6e4a8149811385a684e1349793cc2af3c5f08ed3b3cc797c2a1f87102907ec018439a1da2f78d1
SERVER_TRAFFIC_SECRET_0 b9c3f570fab67a79bb1fb1a860c50e5ce2017b03b7176abd3a85b6760ed7ef9f 8a848fef6fffbe35a9cda2b0fdbb4fb76247aa7e335ba61f3ec2a7319b17ac806a695e5aceae4e5e434b5129f41062bc
CLIENT_HANDSHAKE_TRAFFIC_SECRET b9c3f570fab67a79bb1fb1a860c50e5ce2017b03b7176abd3a85b6760ed7ef9f b9b94942e54f2e389d6e4a8149811385a684e1349793cc2af3c5f08ed3b3cc797c2a1f87102907ec018439a1da2f78d1
SERVER_HANDSHAKE_TRAFFIC_SECRET b9c3f570fab67a79bb1fb1a860c50e5ce2017b03b7176abd3a85b6760ed7ef9f a13d33c721463c784f3368b503ce28b76e39a2fdda07a79b1ba2735aa26a9206af6db417a4555a7dd0fd03d8066a9dc2
SERVER_TRAFFIC_SECRET_0 b9c3f570fab67a79bb1fb1a860c50e5ce2017b03b7176abd3a85b6760ed7ef9f 8a848fef6fffbe35a9cda2b0fdbb4fb76247aa7e335ba61f3ec2a7319b17ac806a695e5aceae4e5e434b5129f41062bc
EXPORTER_SECRET b9c3f570fab67a79bb1fb1a860c50e5ce2017b03b7176abd3a85b6760ed7ef9f f198c3a190b944c182d8aec914a0549d9e10db86d8b9cd750cd7e737cad9c35db7da7a3520239d50d828b0e960b811c4
CLIENT_TRAFFIC_SECRET_0 b9c3f570fab67a79bb1fb1a860c50e5ce2017b03b7176abd3a85b6760ed7ef9f b2bf8c246d6610442f7c8b2f2837e7c5c3f7622824ef19fbeb1d3802b4cd6aa5a48699d17dbb9a856df015f33e7be466
CLIENT_TRAFFIC_SECRET_0 b9c3f570fab67a79bb1fb1a860c50e5ce2017b03b7176abd3a85b6760ed7ef9f b2bf8c246d6610442f7c8b2f2837e7c5c3f7622824ef19fbeb1d3802b4cd6aa5a48699d17dbb9a856df015f33e7be466
SERVER_HANDSHAKE_TRAFFIC_SECRET 17cbf1cc8ee869351603961c91cd043538ef2ecf6cac3b7e6dd141faea559aca 6c2e4be363c3091bd64c00a61d5250b9fed48afd948f29b7154a60085a9db56361cca0fe801a6a12036f1c102c4e13b0
CLIENT_HANDSHAKE_TRAFFIC_SECRET 17cbf1cc8ee869351603961c91cd043538ef2ecf6cac3b7e6dd141faea559aca ae7964b79cdc1135729872ff83e0e54e3250a3c1b8a5d31f1b26bbaf2d024119b29781e326d1c45313b6d37e4b973f88
SERVER_TRAFFIC_SECRET_0 17cbf1cc8ee869351603961c91cd043538ef2ecf6cac3b7e6dd141faea559aca 3fd9eed5d24434ddd612798e69da978235bf26f2e6ec54215d06dbb6083abd783ada80eb2f59f2c3ad22276183503dbf
CLIENT_HANDSHAKE_TRAFFIC_SECRET 17cbf1cc8ee869351603961c91cd043538ef2ecf6cac3b7e6dd141faea559aca ae7964b79cdc1135729872ff83e0e54e3250a3c1b8a5d31f1b26bbaf2d024119b29781e326d1c45313b6d37e4b973f88
SERVER_HANDSHAKE_TRAFFIC_SECRET 17cbf1cc8ee869351603961c91cd043538ef2ecf6cac3b7e6dd141faea559aca 6c2e4be363c3091bd64c00a61d5250b9fed48afd948f29b7154a60085a9db56361cca0fe801a6a12036f1c102c4e13b0
SERVER_TRAFFIC_SECRET_0 17cbf1cc8ee869351603961c91cd043538ef2ecf6cac3b7e6dd141faea559aca 3fd9eed5d24434ddd612798e69da978235bf26f2e6ec54215d06dbb6083abd783ada80eb2f59f2c3ad22276183503dbf
EXPORTER_SECRET 17cbf1cc8ee869351603961c91cd043538ef2ecf6cac3b7e6dd141faea559aca 975dae2fcb71dc192c3cbba0e25315f3292b3ef0a93a6301b956962f11f3fbd860bc2dbceeb22539258a6e283eeb5e5e
CLIENT_TRAFFIC_SECRET_0 17cbf1cc8ee869351603961c91cd043538ef2ecf6cac3b7e6dd141faea559aca 4eb737a51e74d7788bae5d0cdd230a6e5e0524bd84ddc60485b2a361ecffb31f302e5020b69421011e4a8421c7d8ad8e
CLIENT_TRAFFIC_SECRET_0 17cbf1cc8ee869351603961c91cd043538ef2ecf6cac3b7e6dd141faea559aca 4eb737a51e74d7788bae5d0cdd230a6e5e0524bd84ddc60485b2a361ecffb31f302e5020b69421011e4a8421c7d8ad8e
SERVER_HANDSHAKE_TRAFFIC_SECRET 73ebab8acca1c5b6abb3d2bc5b5ef501e96c1463cffc868bb1e28b31b2284045 109fb455d285005527e3ef620c2ccd5af817ac7d23080eb3b91f06260a083e4a471ab2caef73c3bdfa46ad05aa6f1462
CLIENT_HANDSHAKE_TRAFFIC_SECRET 73ebab8acca1c5b6abb3d2bc5b5ef501e96c1463cffc868bb1e28b31b2284045 0af8b8f4a90f31c6f89fccec094da551497db87e0491d92ddc51d6c383d66f23153458751469b7315d737dfe1d306fd3
SERVER_TRAFFIC_SECRET_0 73ebab8acca1c5b6abb3d2bc5b5ef501e96c1463cffc868bb1e28b31b2284045 a59a8dc486e532f2575a446e29f55b0d40fb39f8e6f9098a9d9322c9fef37105a04a5f2a401a92fb65151385c75d6095
CLIENT_HANDSHAKE_TRAFFIC_SECRET 73ebab8acca1c5b6abb3d2bc5b5ef501e96c1463cffc868bb1e28b31b2284045 0af8b8f4a90f31c6f89fccec094da551497db87e0491d92ddc51d6c383d66f23153458751469b7315d737dfe1d306fd3
SERVER_HANDSHAKE_TRAFFIC_SECRET 73ebab8acca1c5b6abb3d2bc5b5ef501e96c1463cffc868bb1e28b31b2284045 109fb455d285005527e3ef620c2ccd5af817ac7d23080eb3b91f06260a083e4a471ab2caef73c3bdfa46ad05aa6f1462
SERVER_TRAFFIC_SECRET_0 73ebab8acca1c5b6abb3d2bc5b5ef501e96c1463cffc868bb1e28b31b2284045 a59a8dc486e532f2575a446e29f55b0d40fb39f8e6f9098a9d9322c9fef37105a04a5f2a401a92fb65151385c75d6095
EXPORTER_SECRET 73ebab8acca1c5b6abb3d2bc5b5ef501e96c1463cffc868bb1e28b31b2284045 4448416213c8316b2568dcc86f0a4c265982295879e3252710a8e2accf1273b5116420e1114fb2e8b76e68fbe9c88135
CLIENT_TRAFFIC_SECRET_0 73ebab8acca1c5b6abb3d2bc5b5ef501e96c1463cffc868bb1e28b31b2284045 19055127d4974793e730ce7ae0b1d16c2edc8bd68bd10bf87ab516d7d32167db703484d1047e750e2a0f82b488cf95d8
CLIENT_TRAFFIC_SECRET_0 73ebab8acca1c5b6abb3d2bc5b5ef501e96c1463cffc868bb1e28b31b2284045 19055127d4974793e730ce7ae0b1d16c2edc8bd68bd10bf87ab516d7d32167db703484d1047e750e2a0f82b488cf95d8
