CLIENT_HANDSHAKE_TRAFFIC_SECRET 7d02611012e0d2cec58a85c8ba72e38ce63583c34fefa03185714ee3147d5ed6 39b77671b7d0147b9376dc553a1f7e292062bdd30ca21156d75f15ebd09f82322ba9110ee69f6d577c5628af8b2841fb
SERVER_HANDSHAKE_TRAFFIC_SECRET 7d02611012e0d2cec58a85c8ba72e38ce63583c34fefa03185714ee3147d5ed6 f5c78a9ac1264cdda832ab722b7990f459251544f41cbb03a0988a6cf7299d7e1a271bd92b29be3e90b455f6c3af9cde
CLIENT_TRAFFIC_SECRET_0 7d02611012e0d2cec58a85c8ba72e38ce63583c34fefa03185714ee3147d5ed6 2a3adc33d5979acc0d8f896c74a94e063ba57d7a4134b296a64f2cfcfbfaf1639e26d45c7e477a52a875553ec5065476
SERVER_TRAFFIC_SECRET_0 7d02611012e0d2cec58a85c8ba72e38ce63583c34fefa03185714ee3147d5ed6 1b4e44f39ec194f7d7b733f95bcd0df174e6f70011ff53d220aa52d2b04860c4fa047cb9b5d74fc5c4e157f359b95ceb
EXPORTER_SECRET 7d02611012e0d2cec58a85c8ba72e38ce63583c34fefa03185714ee3147d5ed6 54347c7b705b84e5a68e27952e96bca66e16f0dafe917cc93f24d907e79d1ce58f2e0c64e49fb592c61bee837d8499ba
SERVER_HANDSHAKE_TRAFFIC_SECRET 7d02611012e0d2cec58a85c8ba72e38ce63583c34fefa03185714ee3147d5ed6 f5c78a9ac1264cdda832ab722b7990f459251544f41cbb03a0988a6cf7299d7e1a271bd92b29be3e90b455f6c3af9cde
CLIENT_HANDSHAKE_TRAFFIC_SECRET 7d02611012e0d2cec58a85c8ba72e38ce63583c34fefa03185714ee3147d5ed6 39b77671b7d0147b9376dc553a1f7e292062bdd30ca21156d75f15ebd09f82322ba9110ee69f6d577c5628af8b2841fb
SERVER_TRAFFIC_SECRET_0 7d02611012e0d2cec58a85c8ba72e38ce63583c34fefa03185714ee3147d5ed6 1b4e44f39ec194f7d7b733f95bcd0df174e6f70011ff53d220aa52d2b04860c4fa047cb9b5d74fc5c4e157f359b95ceb
CLIENT_TRAFFIC_SECRET_0 7d02611012e0d2cec58a85c8ba72e38ce63583c34fefa03185714ee3147d5ed6 2a3adc33d5979acc0d8f896c74a94e063ba57d7a4134b296a64f2cfcfbfaf1639e26d45c7e477a52a875553ec5065476
CLIENT_HANDSHAKE_TRAFFIC_SECRET a65c2fda53aa7f55b2ca51655f0fc18c64581465af93a256978eb11c42900bf4 74a0b0b14c94d9d899af1f953b72840fb6ba9105d404c6cc52983d2f193209bdd9332fcd3d39578addfa4045f9c7dc92
SERVER_HANDSHAKE_TRAFFIC_SECRET a65c2fda53aa7f55b2ca51655f0fc18c64581465af93a256978eb11c42900bf4 f4fca0a89bd08173041c56e3a69de643774c55d864589d4db69a14e91acc5e665b9fa095faffd1456c81397a62c98f37
CLIENT_TRAFFIC_SECRET_0 a65c2fda53aa7f55b2ca51655f0fc18c64581465af93a256978eb11c42900bf4 05a9d38013ed97967d9b4b51f346da778a7c7c12fc6a9318626c25d461700788bd383bf007eb88f5c12fc462d593bef0
SERVER_TRAFFIC_SECRET_0 a65c2fda53aa7f55b2ca51655f0fc18c64581465af93a256978eb11c42900bf4 34e859a50b5ea322a374da75e519c3b36612055e8b0a3fde42e41622a42c2a89e7a307f80dde29d3b88b912e3fa5c331
EXPORTER_SECRET a65c2fda53aa7f55b2ca51655f0fc18c64581465af93a256978eb11c42900bf4 bac99a8b127fb7d04c0b45d784502d6029b7f4583b1935e077ca67e53f155b25d4227326ebbca7c09c7197f19ffd3011
SERVER_HANDSHAKE_TRAFFIC_SECRET a65c2fda53aa7f55b2ca51655f0fc18c64581465af93a256978eb11c42900bf4 f4fca0a89bd08173041c56e3a69de643774c55d864589d4db69a14e91acc5e665b9fa095faffd1456c81397a62c98f37
CLIENT_HANDSHAKE_TRAFFIC_SECRET a65c2fda53aa7f55b2ca51655f0fc18c64581465af93a256978eb11c42900bf4 74a0b0b14c94d9d899af1f953b72840fb6ba9105d404c6cc52983d2f193209bdd9332fcd3d39578addfa4045f9c7dc92
SERVER_TRAFFIC_SECRET_0 a65c2fda53aa7f55b2ca51655f0fc18c64581465af93a256978eb11c42900bf4 34e859a50b5ea322a374da75e519c3b36612055e8b0a3fde42e41622a42c2a89e7a307f80dde29d3b88b912e3fa5c331
CLIENT_TRAFFIC_SECRET_0 a65c2fda53aa7f55b2ca51655f0fc18c64581465af93a256978eb11c42900bf4 05a9d38013ed97967d9b4b51f346da778a7c7c12fc6a9318626c25d461700788bd383bf007eb88f5c12fc462d593bef0
CLIENT_HANDSHAKE_TRAFFIC_SECRET d5de4adc03124d2ca3ce80bc7f881b37e591f794754556177acaae05b47de1fd 423bbf7eef491bde3a0a2571e083a12ccfa1d008049641219e4a36c00be19f3be5ce532b75455585ec4df55fd1c01b04
SERVER_HANDSHAKE_TRAFFIC_SECRET d5de4adc03124d2ca3ce80bc7f881b37e591f794754556177acaae05b47de1fd a178d7b32852036b7ee21e79c1fbc86ff8c6c3f4c0ad44b8e5aa74dfac623f2f8539e051977b4251a0650abcb09c32ba
CLIENT_TRAFFIC_SECRET_0 d5de4adc03124d2ca3ce80bc7f881b37e591f794754556177acaae05b47de1fd 2f68252d9aca852d72cfe891b116b9e326f35180d5a6ea1e03f460f1a6d02e78ae55483e28d26f7fa830cabacb393287
SERVER_TRAFFIC_SECRET_0 d5de4adc03124d2ca3ce80bc7f881b37e591f794754556177acaae05b47de1fd 2332201ece0e091d4f7f505903e4cba36cd844123a310c3b1bb73d8ce955058dfffab7c3c770fd552297f00787342ab9
EXPORTER_SECRET d5de4adc03124d2ca3ce80bc7f881b37e591f794754556177acaae05b47de1fd 19519166c133f857427c955b6ff5f3b54fc8e0d38e17c8858a38fc75ab241ee24ddcb77b4f430dd9e0b82d9c09dd047b
SERVER_HANDSHAKE_TRAFFIC_SECRET d5de4adc03124d2ca3ce80bc7f881b37e591f794754556177acaae05b47de1fd a178d7b32852036b7ee21e79c1fbc86ff8c6c3f4c0ad44b8e5aa74dfac623f2f8539e051977b4251a0650abcb09c32ba
CLIENT_HANDSHAKE_TRAFFIC_SECRET d5de4adc03124d2ca3ce80bc7f881b37e591f794754556177acaae05b47de1fd 423bbf7eef491bde3a0a2571e083a12ccfa1d008049641219e4a36c00be19f3be5ce532b75455585ec4df55fd1c01b04
SERVER_TRAFFIC_SECRET_0 d5de4adc03124d2ca3ce80bc7f881b37e591f794754556177acaae05b47de1fd 2332201ece0e091d4f7f505903e4cba36cd844123a310c3b1bb73d8ce955058dfffab7c3c770fd552297f00787342ab9
CLIENT_TRAFFIC_SECRET_0 d5de4adc03124d2ca3ce80bc7f881b37e591f794754556177acaae05b47de1fd 2f68252d9aca852d72cfe891b116b9e326f35180d5a6ea1e03f460f1a6d02e78ae55483e28d26f7fa830cabacb393287
CLIENT_HANDSHAKE_TRAFFIC_SECRET 99f9d89c72576a5a74e132faa4e1c8b9909403e0af2f2d3152a6331d2442ef7f dc806c12882028a030bbe6d7a29d4e99d3b5f3b3300a6684beea509f569dd947f4db71a44fe084e89c5c62fe2402232e
SERVER_HANDSHAKE_TRAFFIC_SECRET 99f9d89c72576a5a74e132faa4e1c8b9909403e0af2f2d3152a6331d2442ef7f a5c771a4c641a8d1b6a0b5ca197a17d9a4ab99c4bc1f37f1b46b99c1145c09c6597c6c985dbc91ea9c05e6976951d5d1
CLIENT_TRAFFIC_SECRET_0 99f9d89c72576a5a74e132faa4e1c8b9909403e0af2f2d3152a6331d2442ef7f 78ec5072ef4be04847c158537ecd548344a5381c4bb0d9330e672a00080a1203761f7f15f2e4088010319c3f84ad6a92
SERVER_TRAFFIC_SECRET_0 99f9d89c72576a5a74e132faa4e1c8b9909403e0af2f2d3152a6331d2442ef7f f318e2a971107bfd4ff3cbf402c32de4e33ae1496c23890f0237d39b85210e3470119186282a262a5b8c26ad719985bc
EXPORTER_SECRET 99f9d89c72576a5a74e132faa4e1c8b9909403e0af2f2d3152a6331d2442ef7f a21c043d7b924223230fcb65ff367e6b40d3e5ca2027ae98a55923938b8a2cdcaef41a19e3802efa781495d9bd07c364
SERVER_HANDSHAKE_TRAFFIC_SECRET 99f9d89c72576a5a74e132faa4e1c8b9909403e0af2f2d3152a6331d2442ef7f a5c771a4c641a8d1b6a0b5ca197a17d9a4ab99c4bc1f37f1b46b99c1145c09c6597c6c985dbc91ea9c05e6976951d5d1
CLIENT_HANDSHAKE_TRAFFIC_SECRET 99f9d89c72576a5a74e132faa4e1c8b9909403e0af2f2d3152a6331d2442ef7f dc806c12882028a030bbe6d7a29d4e99d3b5f3b3300a6684beea509f569dd947f4db71a44fe084e89c5c62fe2402232e
SERVER_TRAFFIC_SECRET_0 99f9d89c72576a5a74e132faa4e1c8b9909403e0af2f2d3152a6331d2442ef7f f318e2a971107bfd4ff3cbf402c32de4e33ae1496c23890f0237d39b85210e3470119186282a262a5b8c26ad719985bc
CLIENT_TRAFFIC_SECRET_0 99f9d89c72576a5a74e132faa4e1c8b9909403e0af2f2d3152a6331d2442ef7f 78ec5072ef4be04847c158537ecd548344a5381c4bb0d9330e672a00080a1203761f7f15f2e4088010319c3f84ad6a92
CLIENT_HANDSHAKE_TRAFFIC_SECRET 0f80c7798f68299a93c5daa70013a92da4b2d6db462675ea212ade557d15a1fc 16339bd1ad5defbb8bf0bdd7132fe7ff62e42af2bd868bf08befebbb8261196fa3374f6f504cd8e6837e67910b472f63
SERVER_HANDSHAKE_TRAFFIC_SECRET 0f80c7798f68299a93c5daa70013a92da4b2d6db462675ea212ade557d15a1fc beee2e45d38d4d0d0a1f4ee6c8a3645b52ce8230b609ecfe2c1493f62b5ff651af7df13513773e83ec70de76fa5d23b8
CLIENT_TRAFFIC_SECRET_0 0f80c7798f68299a93c5daa70013a92da4b2d6db462675ea212ade557d15a1fc 6655fa5fc47f1edda2be4ccca09d537b978407949756241aa1325b57972d60d62ba5b6dcd3450c4ad25d97a2aee3fe7e
SERVER_TRAFFIC_SECRET_0 0f80c7798f68299a93c5daa70013a92da4b2d6db462675ea212ade557d15a1fc b891b2a48083905f9bbe09ba87c06c91b459935d8f0af9da6d2310e31f701e2e43082f9bae4c036f68f42a3b0a4e8359
EXPORTER_SECRET 0f80c7798f68299a93c5daa70013a92da4b2d6db462675ea212ade557d15a1fc d21cef58b9cb1948c48c194c4e91f23987ede5815e011f53f758cbb9222039a8e95008665cb70443276699c33bac323d
SERVER_HANDSHAKE_TRAFFIC_SECRET 0f80c7798f68299a93c5daa70013a92da4b2d6db462675ea212ade557d15a1fc beee2e45d38d4d0d0a1f4ee6c8a3645b52ce8230b609ecfe2c1493f62b5ff651af7df13513773e83ec70de76fa5d23b8
CLIENT_HANDSHAKE_TRAFFIC_SECRET 0f80c7798f68299a93c5daa70013a92da4b2d6db462675ea212ade557d15a1fc 16339bd1ad5defbb8bf0bdd7132fe7ff62e42af2bd868bf08befebbb8261196fa3374f6f504cd8e6837e67910b472f63
SERVER_TRAFFIC_SECRET_0 0f80c7798f68299a93c5daa70013a92da4b2d6db462675ea212ade557d15a1fc b891b2a48083905f9bbe09ba87c06c91b459935d8f0af9da6d2310e31f701e2e43082f9bae4c036f68f42a3b0a4e8359
CLIENT_TRAFFIC_SECRET_0 0f80c7798f68299a93c5daa70013a92da4b2d6db462675ea212ade557d15a1fc 6655fa5fc47f1edda2be4ccca09d537b978407949756241aa1325b57972d60d62ba5b6dcd3450c4ad25d97a2aee3fe7e
CLIENT_HANDSHAKE_TRAFFIC_SECRET ef472ac103b5c705ac2beeaad1a1b21d8d1828f734b95f6b1277023118ab41f7 f9ac8e73aa79ee14b743a31700fe0e1a5202c92f5b9c570e128479d39911b33d5b6b7eca0b63be4ccd8993935f836708
SERVER_HANDSHAKE_TRAFFIC_SECRET ef472ac103b5c705ac2beeaad1a1b21d8d1828f734b95f6b1277023118ab41f7 27e3f1c77b92f21b4c6abd10664d0ec951349101d36b08e0a4c3c34b8c73a65802b84436f6f2e3615561e24a4f8ffaf1
CLIENT_TRAFFIC_SECRET_0 ef472ac103b5c705ac2beeaad1a1b21d8d1828f734b95f6b1277023118ab41f7 6e64bfc7e0343964dfe098a69e3f462bd08fd2dd6e1ef4c097998d1d22b4a25a12b6350ce951c90083fec84ad7e78c32
SERVER_TRAFFIC_SECRET_0 ef472ac103b5c705ac2beeaad1a1b21d8d1828f734b95f6b1277023118ab41f7 eddfc7d3ca43a668505ec499590a0621621b3e0672e1ce29ec63c052556b00828c4ca556761a1362e9f9d5ae695e7e34
EXPORTER_SECRET ef472ac103b5c705ac2beeaad1a1b21d8d1828f734b95f6b1277023118ab41f7 d1d970905a3abdd254f8fcd0e42b36f9408b8bfe83b4bd6f469efcc2a4e7cf6ba174d378d2814343930e4c0d10d38e44
SERVER_HANDSHAKE_TRAFFIC_SECRET ef472ac103b5c705ac2beeaad1a1b21d8d1828f734b95f6b1277023118ab41f7 27e3f1c77b92f21b4c6abd10664d0ec951349101d36b08e0a4c3c34b8c73a65802b84436f6f2e3615561e24a4f8ffaf1
CLIENT_HANDSHAKE_TRAFFIC_SECRET ef472ac103b5c705ac2beeaad1a1b21d8d1828f734b95f6b1277023118ab41f7 f9ac8e73aa79ee14b743a31700fe0e1a5202c92f5b9c570e128479d39911b33d5b6b7eca0b63be4ccd8993935f836708
SERVER_TRAFFIC_SECRET_0 ef472ac103b5c705ac2beeaad1a1b21d8d1828f734b95f6b1277023118ab41f7 eddfc7d3ca43a668505ec499590a0621621b3e0672e1ce29ec63c052556b00828c4ca556761a1362e9f9d5ae695e7e34
CLIENT_TRAFFIC_SECRET_0 ef472ac103b5c705ac2beeaad1a1b21d8d1828f734b95f6b1277023118ab41f7 6e64bfc7e0343964dfe098a69e3f462bd08fd2dd6e1ef4c097998d1d22b4a25a12b6350ce951c90083fec84ad7e78c32
CLIENT_HANDSHAKE_TRAFFIC_SECRET 58d70fad6e575001b7cdec9be2d7b064e4cdc0cb3833b8fabcd6540753e157b2 496523eb84dd47120c9ceab9c82596d378eb2188f82948b2a24f8285cd7438c94d64295d8725068ab292f3f709692043
SERVER_HANDSHAKE_TRAFFIC_SECRET 58d70fad6e575001b7cdec9be2d7b064e4cdc0cb3833b8fabcd6540753e157b2 ae8d2400fd1b2b9ad1e4d84a95a5da7b19d8934c85ae2bbd19f2b3c94d6d30fedf05b0a610035c9523c499d988f165a0
CLIENT_TRAFFIC_SECRET_0 58d70fad6e575001b7cdec9be2d7b064e4cdc0cb3833b8fabcd6540753e157b2 861670798ee38fca830730e508cc984871f63d4e23747bf5ac13b1609e8537eb6de7c1e717139a32754d8374d9c1766c
SERVER_TRAFFIC_SECRET_0 58d70fad6e575001b7cdec9be2d7b064e4cdc0cb3833b8fabcd6540753e157b2 8322e1ead802434ab72868c97588af730bdc544048cc3eee005b597d6234716490c2c4047f18cd67768f61925e706335
EXPORTER_SECRET 58d70fad6e575001b7cdec9be2d7b064e4cdc0cb3833b8fabcd6540753e157b2 67fe30d43786d26ff8a8d281cce01dc3ee81d3caac19ba48c3808288ae129c499869cf487a46d3fbf56f692d5e60a773
SERVER_HANDSHAKE_TRAFFIC_SECRET 58d70fad6e575001b7cdec9be2d7b064e4cdc0cb3833b8fabcd6540753e157b2 ae8d2400fd1b2b9ad1e4d84a95a5da7b19d8934c85ae2bbd19f2b3c94d6d30fedf05b0a610035c9523c499d988f165a0
CLIENT_HANDSHAKE_TRAFFIC_SECRET 58d70fad6e575001b7cdec9be2d7b064e4cdc0cb3833b8fabcd6540753e157b2 496523eb84dd47120c9ceab9c82596d378eb2188f82948b2a24f8285cd7438c94d64295d8725068ab292f3f709692043
SERVER_TRAFFIC_SECRET_0 58d70fad6e575001b7cdec9be2d7b064e4cdc0cb3833b8fabcd6540753e157b2 8322e1ead802434ab72868c97588af730bdc544048cc3eee005b597d6234716490c2c4047f18cd67768f61925e706335
CLIENT_TRAFFIC_SECRET_0 58d70fad6e575001b7cdec9be2d7b064e4cdc0cb3833b8fabcd6540753e157b2 861670798ee38fca830730e508cc984871f63d4e23747bf5ac13b1609e8537eb6de7c1e717139a32754d8374d9c1766c
CLIENT_HANDSHAKE_TRAFFIC_SECRET 2686fd886f8180cf3f87e92e1cac808398011600ed084c486a9962ec99b801eb 49771642e40b09ff032a7922fb1fcdc2e69fb355a8515109b5cf40a6a97c0a15af71fc04360586ff0f6de403ea787d4d
SERVER_HANDSHAKE_TRAFFIC_SECRET 2686fd886f8180cf3f87e92e1cac808398011600ed084c486a9962ec99b801eb 325c0053ee7b8c4a4d2b121dacc151b565c5c65c2c0037cc15867ac2d007e3c4246747dd819db41935ac4ca6b7192cfe
CLIENT_TRAFFIC_SECRET_0 2686fd886f8180cf3f87e92e1cac808398011600ed084c486a9962ec99b801eb 6d8428fef1ef470ea31f0ce1d9519afb15734336272338a8c71d99798def7593f28b681febb34e0bbeb49661802471e4
SERVER_TRAFFIC_SECRET_0 2686fd886f8180cf3f87e92e1cac808398011600ed084c486a9962ec99b801eb 8eb51dd3e67207bb61d195c4d7201e1bcb5c6fbd59a1da0923beb04fa84128a004d4c9373f540d6e42545fc305431a17
EXPORTER_SECRET 2686fd886f8180cf3f87e92e1cac808398011600ed084c486a9962ec99b801eb 9dc7089f8d42619c6e2d1aec7bdadf5bc5502cad8a27b322d0dbf4b55d160bb36a189d981534b1ca11d300d2dac4361e
SERVER_HANDSHAKE_TRAFFIC_SECRET 2686fd886f8180cf3f87e92e1cac808398011600ed084c486a9962ec99b801eb 325c0053ee7b8c4a4d2b121dacc151b565c5c65c2c0037cc15867ac2d007e3c4246747dd819db41935ac4ca6b7192cfe
CLIENT_HANDSHAKE_TRAFFIC_SECRET 2686fd886f8180cf3f87e92e1cac808398011600ed084c486a9962ec99b801eb 49771642e40b09ff032a7922fb1fcdc2e69fb355a8515109b5cf40a6a97c0a15af71fc04360586ff0f6de403ea787d4d
SERVER_TRAFFIC_SECRET_0 2686fd886f8180cf3f87e92e1cac808398011600ed084c486a9962ec99b801eb 8eb51dd3e67207bb61d195c4d7201e1bcb5c6fbd59a1da0923beb04fa84128a004d4c9373f540d6e42545fc305431a17
CLIENT_TRAFFIC_SECRET_0 2686fd886f8180cf3f87e92e1cac808398011600ed084c486a9962ec99b801eb 6d8428fef1ef470ea31f0ce1d9519afb15734336272338a8c71d99798def7593f28b681febb34e0bbeb49661802471e4
CLIENT_HANDSHAKE_TRAFFIC_SECRET 69ecc233a727893240d6cd17eea320a86100efd32e1c1ddebffa9e43dea75cba d0f2dd898a749338097567f925b6a68cb431cedf6a2f14c0c6c8714b4053d64182c9a281dcab6b0ba896bad86e93a2ef
SERVER_HANDSHAKE_TRAFFIC_SECRET 69ecc233a727893240d6cd17eea320a86100efd32e1c1ddebffa9e43dea75cba e35f5c41a341ce1d6373b78438f601fd41ff182ce3862d3d3f67d3cf0e55565acc1ddc1a0ccc12a27d9d7d74e3df9e30
CLIENT_TRAFFIC_SECRET_0 69ecc233a727893240d6cd17eea320a86100efd32e1c1ddebffa9e43dea75cba 0d6051262f3a634e1c03a461b66b8805b97d14b2e7e2115251c9765cd984aa1f0cd6d1bbef8a0b4f65388d193ab97c0a
SERVER_TRAFFIC_SECRET_0 69ecc233a727893240d6cd17eea320a86100efd32e1c1ddebffa9e43dea75cba f0f9ddbd3db3891acf0716053bd188affb49f76937929ecdcd2b26168b576ebd12b5b4d61cc91db4f747e97a68264009
EXPORTER_SECRET 69ecc233a727893240d6cd17eea320a86100efd32e1c1ddebffa9e43dea75cba 42a622befc28e3df7b44b916410bbfc2f1df0601c6ef0ece2634949e02c2862fddb98bd0a435aaa480e48ec9b53fc33f
SERVER_HANDSHAKE_TRAFFIC_SECRET 69ecc233a727893240d6cd17eea320a86100efd32e1c1ddebffa9e43dea75cba e35f5c41a341ce1d6373b78438f601fd41ff182ce3862d3d3f67d3cf0e55565acc1ddc1a0ccc12a27d9d7d74e3df9e30
CLIENT_HANDSHAKE_TRAFFIC_SECRET 69ecc233a727893240d6cd17eea320a86100efd32e1c1ddebffa9e43dea75cba d0f2dd898a749338097567f925b6a68cb431cedf6a2f14c0c6c8714b4053d64182c9a281dcab6b0ba896bad86e93a2ef
SERVER_TRAFFIC_SECRET_0 69ecc233a727893240d6cd17eea320a86100efd32e1c1ddebffa9e43dea75cba f0f9ddbd3db3891acf0716053bd188affb49f76937929ecdcd2b26168b576ebd12b5b4d61cc91db4f747e97a68264009
CLIENT_TRAFFIC_SECRET_0 69ecc233a727893240d6cd17eea320a86100efd32e1c1ddebffa9e43dea75cba 0d6051262f3a634e1c03a461b66b8805b97d14b2e7e2115251c9765cd984aa1f0cd6d1bbef8a0b4f65388d193ab97c0a
CLIENT_HANDSHAKE_TRAFFIC_SECRET 9b770a0ea6de800d4c7c8e17d3fe37ba5f71b5165e986348730aea55128b8814 4a5f18d792c807da1abb7b8b88d135fed4873d793ed408038b910612e7ceacbd06b02b96f5431b7c5454870d772d7585
SERVER_HANDSHAKE_TRAFFIC_SECRET 9b770a0ea6de800d4c7c8e17d3fe37ba5f71b5165e986348730aea55128b8814 44eef8901d09952c1fb071913fa5cb93c00846e1c139db4e030cdea285b0aca4cff9f80a50a66c61dc084b0428302e4a
CLIENT_TRAFFIC_SECRET_0 9b770a0ea6de800d4c7c8e17d3fe37ba5f71b5165e986348730aea55128b8814 0f31cfb3509f1f9a9a0eab672f338bba0ec211bb8c0b63eed395213ed780d687777d2721a7f1aab5140d4710a59b4437
SERVER_TRAFFIC_SECRET_0 9b770a0ea6de800d4c7c8e17d3fe37ba5f71b5165e986348730aea55128b8814 ca99431bff2bd01a47afed02918e611526bab722f1816cf0ae7978d775425a3be4c52c7cd2791c2963bac1f19f2595a1
EXPORTER_SECRET 9b770a0ea6de800d4c7c8e17d3fe37ba5f71b5165e986348730aea55128b8814 7d644b541d89b0782082490d9b2433f273cacc22e7f84c02bd1c477d96bec52854fe5b6b888028b14f48d4be07139335
SERVER_HANDSHAKE_TRAFFIC_SECRET 9b770a0ea6de800d4c7c8e17d3fe37ba5f71b5165e986348730aea55128b8814 44eef8901d09952c1fb071913fa5cb93c00846e1c139db4e030cdea285b0aca4cff9f80a50a66c61dc084b0428302e4a
CLIENT_HANDSHAKE_TRAFFIC_SECRET 9b770a0ea6de800d4c7c8e17d3fe37ba5f71b5165e986348730aea55128b8814 4a5f18d792c807da1abb7b8b88d135fed4873d793ed408038b910612e7ceacbd06b02b96f5431b7c5454870d772d7585
SERVER_TRAFFIC_SECRET_0 9b770a0ea6de800d4c7c8e17d3fe37ba5f71b5165e986348730aea55128b8814 ca99431bff2bd01a47afed02918e611526bab722f1816cf0ae7978d775425a3be4c52c7cd2791c2963bac1f19f2595a1
CLIENT_TRAFFIC_SECRET_0 9b770a0ea6de800d4c7c8e17d3fe37ba5f71b5165e986348730aea55128b8814 0f31cfb3509f1f9a9a0eab672f338bba0ec211bb8c0b63eed395213ed780d687777d2721a7f1aab5140d4710a59b4437
CLIENT_HANDSHAKE_TRAFFIC_SECRET 86ad4800dfc4810b364074189bc247a40e62e585020f232d9a93620616f71bac 703e07c8d626ed0f81b6fc892640aff6cd310febf3b9d063d2fde0c54af7cabbf2378be87e9802f2ee5ad8d4acadc89f
SERVER_HANDSHAKE_TRAFFIC_SECRET 86ad4800dfc4810b364074189bc247a40e62e585020f232d9a93620616f71bac cefcea9cc0d3272bd18c2903f98eb9af9d311cd20c00fb952b55434aa431dc4c5691d2243cf29f075f61a1bae86dd40b
CLIENT_TRAFFIC_SECRET_0 86ad4800dfc4810b364074189bc247a40e62e585020f232d9a93620616f71bac 613054ea9bb144abede6a02af0a45691dc4a5eb701befc824510e62f239a1e1b3c4af8d43c4a5b2199e2228da5e6972b
SERVER_TRAFFIC_SECRET_0 86ad4800dfc4810b364074189bc247a40e62e585020f232d9a93620616f71bac f4ca515ce71343c35b55b7e593790aa8b075190bb923c875577ed1b7e32da2b562f4b1dd72688b641915521bdb2ac24b
EXPORTER_SECRET 86ad4800dfc4810b364074189bc247a40e62e585020f232d9a93620616f71bac 666a263dfd18aa495103bfd810a88d69f31f20f3ba0f3f113e74220a975fd7ee457047088ab69da1f353ed894b2f1c97
SERVER_HANDSHAKE_TRAFFIC_SECRET 86ad4800dfc4810b364074189bc247a40e62e585020f232d9a93620616f71bac cefcea9cc0d3272bd18c2903f98eb9af9d311cd20c00fb952b55434aa431dc4c5691d2243cf29f075f61a1bae86dd40b
CLIENT_HANDSHAKE_TRAFFIC_SECRET 86ad4800dfc4810b364074189bc247a40e62e585020f232d9a93620616f71bac 703e07c8d626ed0f81b6fc892640aff6cd310febf3b9d063d2fde0c54af7cabbf2378be87e9802f2ee5ad8d4acadc89f
SERVER_TRAFFIC_SECRET_0 86ad4800dfc4810b364074189bc247a40e62e585020f232d9a93620616f71bac f4ca515ce71343c35b55b7e593790aa8b075190bb923c875577ed1b7e32da2b562f4b1dd72688b641915521bdb2ac24b
CLIENT_TRAFFIC_SECRET_0 86ad4800dfc4810b364074189bc247a40e62e585020f232d9a93620616f71bac 613054ea9bb144abede6a02af0a45691dc4a5eb701befc824510e62f239a1e1b3c4af8d43c4a5b2199e2228da5e6972b
CLIENT_HANDSHAKE_TRAFFIC_SECRET c06c1e81bfdf61556205010f7697d70de792febdc477f8cec06cbf1283be0c73 f9b031d12c4c3177005bcc7c3f1777b1386f99ad5c2b5f83ecf6be1bd64550a45f43aea3c858ae98ba1fc3719ef975ba
SERVER_HANDSHAKE_TRAFFIC_SECRET c06c1e81bfdf61556205010f7697d70de792febdc477f8cec06cbf1283be0c73 6d4fa372fc4f8f1dc6bf0f9af907b4ce172f36f010c260300e9db8ef7e6c9781ce374329df46bd2e22227072e2b2a5b2
CLIENT_TRAFFIC_SECRET_0 c06c1e81bfdf61556205010f7697d70de792febdc477f8cec06cbf1283be0c73 f4ac0314aef81c85c3e99bc5946991db67e489793bb276dd76bcf09fbee33f1447e3eff61e19e8fbf57c10a57c4e0ba0
SERVER_TRAFFIC_SECRET_0 c06c1e81bfdf61556205010f7697d70de792febdc477f8cec06cbf1283be0c73 137d2e111226c9e5db93588ddf25372bb39b06db262be9b5f7d37a7a8b79710e7a53e613e925d8008c3d7ca987e247e7
EXPORTER_SECRET c06c1e81bfdf61556205010f7697d70de792febdc477f8cec06cbf1283be0c73 b45189e10b768593f300fc4414cfee8338bafe5ffb6a66c6dfe3ab487e2d4f5783ddbcb49ef43fb4ebd0702988d65426
SERVER_HANDSHAKE_TRAFFIC_SECRET c06c1e81bfdf61556205010f7697d70de792febdc477f8cec06cbf1283be0c73 6d4fa372fc4f8f1dc6bf0f9af907b4ce172f36f010c260300e9db8ef7e6c9781ce374329df46bd2e22227072e2b2a5b2
CLIENT_HANDSHAKE_TRAFFIC_SECRET c06c1e81bfdf61556205010f7697d70de792febdc477f8cec06cbf1283be0c73 f9b031d12c4c3177005bcc7c3f1777b1386f99ad5c2b5f83ecf6be1bd64550a45f43aea3c858ae98ba1fc3719ef975ba
SERVER_TRAFFIC_SECRET_0 c06c1e81bfdf61556205010f7697d70de792febdc477f8cec06cbf1283be0c73 137d2e111226c9e5db93588ddf25372bb39b06db262be9b5f7d37a7a8b79710e7a53e613e925d8008c3d7ca987e247e7
CLIENT_TRAFFIC_SECRET_0 c06c1e81bfdf61556205010f7697d70de792febdc477f8cec06cbf1283be0c73 f4ac0314aef81c85c3e99bc5946991db67e489793bb276dd76bcf09fbee33f1447e3eff61e19e8fbf57c10a57c4e0ba0
CLIENT_HANDSHAKE_TRAFFIC_SECRET 180311c36ea2091fa7127eeebd90c22c0525e6b1fc71e99fcba72c128179c4db 70943f29abee17dbe1f94195af60c86655707cd750ca6e9b59c794692171aadff4d3eb00b1d7e348175bd52dc08aa68f
SERVER_HANDSHAKE_TRAFFIC_SECRET 180311c36ea2091fa7127eeebd90c22c0525e6b1fc71e99fcba72c128179c4db ab9363612dd1e76ba8c985cc53c9e5645969178532ce7a695691ec265eb27181edc01ca9bb789c792b9fc6f218b14921
CLIENT_TRAFFIC_SECRET_0 180311c36ea2091fa7127eeebd90c22c0525e6b1fc71e99fcba72c128179c4db 0c44959db442b3293a21479a7480ef03ec563f86bd587c45732deb2007041a12565cfc71bdb76859946bb4817483a42b
SERVER_TRAFFIC_SECRET_0 180311c36ea2091fa7127eeebd90c22c0525e6b1fc71e99fcba72c128179c4db aae3143723bfce8e8e252a51d35d77accf4eb03ccffce5472d28155e976e5e064b307eb5c20ca0587300f30cda0ddb9f
EXPORTER_SECRET 180311c36ea2091fa7127eeebd90c22c0525e6b1fc71e99fcba72c128179c4db 05a66f184a4953f11b83c6405ff55c77b4b00d29596df13277dfc67d1a88089811b7d431d95cc5eb7856e2a6ae6fc8e8
SERVER_HANDSHAKE_TRAFFIC_SECRET 180311c36ea2091fa7127eeebd90c22c0525e6b1fc71e99fcba72c128179c4db ab9363612dd1e76ba8c985cc53c9e5645969178532ce7a695691ec265eb27181edc01ca9bb789c792b9fc6f218b14921
CLIENT_HANDSHAKE_TRAFFIC_SECRET 180311c36ea2091fa7127eeebd90c22c0525e6b1fc71e99fcba72c128179c4db 70943f29abee17dbe1f94195af60c86655707cd750ca6e9b59c794692171aadff4d3eb00b1d7e348175bd52dc08aa68f
SERVER_TRAFFIC_SECRET_0 180311c36ea2091fa7127eeebd90c22c0525e6b1fc71e99fcba72c128179c4db aae3143723bfce8e8e252a51d35d77accf4eb03ccffce5472d28155e976e5e064b307eb5c20ca0587300f30cda0ddb9f
CLIENT_TRAFFIC_SECRET_0 180311c36ea2091fa7127eeebd90c22c0525e6b1fc71e99fcba72c128179c4db 0c44959db442b3293a21479a7480ef03ec563f86bd587c45732deb2007041a12565cfc71bdb76859946bb4817483a42b
CLIENT_HANDSHAKE_TRAFFIC_SECRET c4dd2949a3ff3be635d47addb83d2b4091a813c8499da656d76de56fa18ead52 0d7a9a45ed93ae0be624d502e94f80ad42085c9056c9717a73e925dee942a9a13ce8e79dd4d4b5dfc15bda694d51e02b
SERVER_HANDSHAKE_TRAFFIC_SECRET c4dd2949a3ff3be635d47addb83d2b4091a813c8499da656d76de56fa18ead52 71f2fd5f751087dd6ddbd563f20e640f8d890aa3ac36717cbd95a46b3842c09e08dd7d6a49a6de9ef46bb88cd8bc4aa5
CLIENT_TRAFFIC_SECRET_0 c4dd2949a3ff3be635d47addb83d2b4091a813c8499da656d76de56fa18ead52 cca6384e510dfcf9b5d598081094509683ee575bc199b5e21efab48871f078b410349a1a2efc9710ac69aacc9dcb9a03
SERVER_TRAFFIC_SECRET_0 c4dd2949a3ff3be635d47addb83d2b4091a813c8499da656d76de56fa18ead52 a20ab3691ffc7c6e7dcfc73198c7ebb1767a88ed42866b3f611881affb4f412fc075ca527c0fcf5d51f919832ea02ae0
EXPORTER_SECRET c4dd2949a3ff3be635d47addb83d2b4091a813c8499da656d76de56fa18ead52 840e09b8c5d02e35264a3e1a5bfda74ea97609db9f4d85f7d2712cff76be732d9ca7e7b8aced4aef0b595cbf9484197f
SERVER_HANDSHAKE_TRAFFIC_SECRET c4dd2949a3ff3be635d47addb83d2b4091a813c8499da656d76de56fa18ead52 71f2fd5f751087dd6ddbd563f20e640f8d890aa3ac36717cbd95a46b3842c09e08dd7d6a49a6de9ef46bb88cd8bc4aa5
CLIENT_HANDSHAKE_TRAFFIC_SECRET c4dd2949a3ff3be635d47addb83d2b4091a813c8499da656d76de56fa18ead52 0d7a9a45ed93ae0be624d502e94f80ad42085c9056c9717a73e925dee942a9a13ce8e79dd4d4b5dfc15bda694d51e02b
SERVER_TRAFFIC_SECRET_0 c4dd2949a3ff3be635d47addb83d2b4091a813c8499da656d76de56fa18ead52 a20ab3691ffc7c6e7dcfc73198c7ebb1767a88ed42866b3f611881affb4f412fc075ca527c0fcf5d51f919832ea02ae0
CLIENT_TRAFFIC_SECRET_0 c4dd2949a3ff3be635d47addb83d2b4091a813c8499da656d76de56fa18ead52 cca6384e510dfcf9b5d598081094509683ee575bc199b5e21efab48871f078b410349a1a2efc9710ac69aacc9dcb9a03
CLIENT_HANDSHAKE_TRAFFIC_SECRET a2f56607025856fcb03e0601177759f1dadcc532cbed864ef847a4a932846584 70360932960c4d20b616d35383d34b7190da75a9ab6f943e3292f9557243b04843dad2ca2e5f75da52a6471fef4899b3
SERVER_HANDSHAKE_TRAFFIC_SECRET a2f56607025856fcb03e0601177759f1dadcc532cbed864ef847a4a932846584 31bbbc6d1da6c473c8170b9ee9cf38f635eabfc7f759679863d04a81ded17306f0e1f451254c69715b26732922253430
CLIENT_TRAFFIC_SECRET_0 a2f56607025856fcb03e0601177759f1dadcc532cbed864ef847a4a932846584 810671367d3b394250f9a6337eb64bba64686b5c926c29d64b949f4b9e9382996b4a55411dceee34f384a55a01925e99
SERVER_TRAFFIC_SECRET_0 a2f56607025856fcb03e0601177759f1dadcc532cbed864ef847a4a932846584 0bde55ba2b87d4a282fb77d9186d60fca72a21ee7ea30769be30c37cd18c3d289bb9b896e115a865c70cbec41474b673
EXPORTER_SECRET a2f56607025856fcb03e0601177759f1dadcc532cbed864ef847a4a932846584 82a3a9ac417d52e6dc6beef5bc449496a82bd48dc755139df9c4c20ba2765c1b96a6430b062ff676d536171a4f383df9
SERVER_HANDSHAKE_TRAFFIC_SECRET a2f56607025856fcb03e0601177759f1dadcc532cbed864ef847a4a932846584 31bbbc6d1da6c473c8170b9ee9cf38f635eabfc7f759679863d04a81ded17306f0e1f451254c69715b26732922253430
CLIENT_HANDSHAKE_TRAFFIC_SECRET a2f56607025856fcb03e0601177759f1dadcc532cbed864ef847a4a932846584 70360932960c4d20b616d35383d34b7190da75a9ab6f943e3292f9557243b04843dad2ca2e5f75da52a6471fef4899b3
SERVER_TRAFFIC_SECRET_0 a2f56607025856fcb03e0601177759f1dadcc532cbed864ef847a4a932846584 0bde55ba2b87d4a282fb77d9186d60fca72a21ee7ea30769be30c37cd18c3d289bb9b896e115a865c70cbec41474b673
CLIENT_TRAFFIC_SECRET_0 a2f56607025856fcb03e0601177759f1dadcc532cbed864ef847a4a932846584 810671367d3b394250f9a6337eb64bba64686b5c926c29d64b949f4b9e9382996b4a55411dceee34f384a55a01925e99
CLIENT_HANDSHAKE_TRAFFIC_SECRET 4a697657b1c8dc9741ca8a1ee6dc8b414c859292b01da75dab7afc1dcf544a60 49c48850133c062d5a7dc3bea42ab1d2513ea2cf30df78ea9467a7f50e112cb84b93040b14ebb5a38989fa1031b16c06
SERVER_HANDSHAKE_TRAFFIC_SECRET 4a697657b1c8dc9741ca8a1ee6dc8b414c859292b01da75dab7afc1dcf544a60 b161fb9965aeeac826ec145e0876e3df70295609684484bfae576d8e32f092192e1d0b69528a5bd92d010a66d16ab4d3
CLIENT_TRAFFIC_SECRET_0 4a697657b1c8dc9741ca8a1ee6dc8b414c859292b01da75dab7afc1dcf544a60 49ac87391f2cfe7c9ad8c327a314c991926d718b4fdf2281210d4808207babad116bb311734703f25daf6d2ff70157e2
SERVER_TRAFFIC_SECRET_0 4a697657b1c8dc9741ca8a1ee6dc8b414c859292b01da75dab7afc1dcf544a60 456b3749d4d50e695086335640506204c8bffe58e4c21b99fb5235b8bed8bf97337aaba376631e1855a5f18475a94bd4
EXPORTER_SECRET 4a697657b1c8dc9741ca8a1ee6dc8b414c859292b01da75dab7afc1dcf544a60 cc2ade0d50ee1f491f62e7e35beb8c7a66d8d953950d93e8fc99b2099e4012c630128d0e6f32d9894fc41c3fd7e5363b
SERVER_HANDSHAKE_TRAFFIC_SECRET 4a697657b1c8dc9741ca8a1ee6dc8b414c859292b01da75dab7afc1dcf544a60 b161fb9965aeeac826ec145e0876e3df70295609684484bfae576d8e32f092192e1d0b69528a5bd92d010a66d16ab4d3
CLIENT_HANDSHAKE_TRAFFIC_SECRET 4a697657b1c8dc9741ca8a1ee6dc8b414c859292b01da75dab7afc1dcf544a60 49c48850133c062d5a7dc3bea42ab1d2513ea2cf30df78ea9467a7f50e112cb84b93040b14ebb5a38989fa1031b16c06
SERVER_TRAFFIC_SECRET_0 4a697657b1c8dc9741ca8a1ee6dc8b414c859292b01da75dab7afc1dcf544a60 456b3749d4d50e695086335640506204c8bffe58e4c21b99fb5235b8bed8bf97337aaba376631e1855a5f18475a94bd4
CLIENT_TRAFFIC_SECRET_0 4a697657b1c8dc9741ca8a1ee6dc8b414c859292b01da75dab7afc1dcf544a60 49ac87391f2cfe7c9ad8c327a314c991926d718b4fdf2281210d4808207babad116bb311734703f25daf6d2ff70157e2
CLIENT_HANDSHAKE_TRAFFIC_SECRET 9c9860060db6dabae9d40ea6557433335fdcf51d82bb32b3e5ccae810c1213d2 e0a826371f102ad10571d5a529c64de29f5ac05784dacaeca03eee3f0dfa4bca984fd3f77ef1ae9d79e6364bc70d006c
SERVER_HANDSHAKE_TRAFFIC_SECRET 9c9860060db6dabae9d40ea6557433335fdcf51d82bb32b3e5ccae810c1213d2 f5af3239141ca34cfef2e9987d7441f294a8cf9b31f6b820d596b61230221c64debb725265cbc416a9e5bf87a4a6f912
CLIENT_TRAFFIC_SECRET_0 9c9860060db6dabae9d40ea6557433335fdcf51d82bb32b3e5ccae810c1213d2 8af54d155f5545e902feadcbc306134140b2ee91c98ee430ead0f7a80532cbe183e0b0b301384948d9f1b3aa05d34be4
SERVER_TRAFFIC_SECRET_0 9c9860060db6dabae9d40ea6557433335fdcf51d82bb32b3e5ccae810c1213d2 5047e4ff3d8a495323cb242789f3294c151649b7e1976b0da3cacb4a8eaed571ee359c562984239c690cfe4c0a0afafd
EXPORTER_SECRET 9c9860060db6dabae9d40ea6557433335fdcf51d82bb32b3e5ccae810c1213d2 0537583e8724e35e4af25bf36182b41f9c86745ff087f877bfa590d3161dad893924fefaa269f020c81400722d4f71f0
SERVER_HANDSHAKE_TRAFFIC_SECRET 9c9860060db6dabae9d40ea6557433335fdcf51d82bb32b3e5ccae810c1213d2 f5af3239141ca34cfef2e9987d7441f294a8cf9b31f6b820d596b61230221c64debb725265cbc416a9e5bf87a4a6f912
CLIENT_HANDSHAKE_TRAFFIC_SECRET 9c9860060db6dabae9d40ea6557433335fdcf51d82bb32b3e5ccae810c1213d2 e0a826371f102ad10571d5a529c64de29f5ac05784dacaeca03eee3f0dfa4bca984fd3f77ef1ae9d79e6364bc70d006c
SERVER_TRAFFIC_SECRET_0 9c9860060db6dabae9d40ea6557433335fdcf51d82bb32b3e5ccae810c1213d2 5047e4ff3d8a495323cb242789f3294c151649b7e1976b0da3cacb4a8eaed571ee359c562984239c690cfe4c0a0afafd
CLIENT_TRAFFIC_SECRET_0 9c9860060db6dabae9d40ea6557433335fdcf51d82bb32b3e5ccae810c1213d2 8af54d155f5545e902feadcbc306134140b2ee91c98ee430ead0f7a80532cbe183e0b0b301384948d9f1b3aa05d34be4
CLIENT_HANDSHAKE_TRAFFIC_SECRET cbd6bfed54f739c9b81135e4721750cc8b186f94ebf7b06a84226b3ddecc081c 89c9699bc1babc2d68f8cdf6be43951c29f7d97f7b3bc3a457354cd6cbb191ab03571503f81874f0e305257b10d7afe1
SERVER_HANDSHAKE_TRAFFIC_SECRET cbd6bfed54f739c9b81135e4721750cc8b186f94ebf7b06a84226b3ddecc081c 9fbfca465b3f4414c673b7ea0412e7bc03ef3286ff04da004578e1cb63a59fdcbcda2da82d6b24b48c56b85f96503a00
CLIENT_TRAFFIC_SECRET_0 cbd6bfed54f739c9b81135e4721750cc8b186f94ebf7b06a84226b3ddecc081c 59d5154bd9a454c172c8758591351689029b40899ce0db35ea29d933125a02feb773c7d81569d2e9e507f1c8e9937c0b
SERVER_TRAFFIC_SECRET_0 cbd6bfed54f739c9b81135e4721750cc8b186f94ebf7b06a84226b3ddecc081c cbb4fbeae277f3db4702f660610b912be64302e29ada117b310b0c0c6b88b7cdd66ec698e6033d669b733179cf2d34b2
EXPORTER_SECRET cbd6bfed54f739c9b81135e4721750cc8b186f94ebf7b06a84226b3ddecc081c e93ed690927cc2ce2db79985ed9700ba7f58d37a4d8cf70b6c24eb3ffc2a12255a30e29a75d8aa7396e99b36692b7678
SERVER_HANDSHAKE_TRAFFIC_SECRET cbd6bfed54f739c9b81135e4721750cc8b186f94ebf7b06a84226b3ddecc081c 9fbfca465b3f4414c673b7ea0412e7bc03ef3286ff04da004578e1cb63a59fdcbcda2da82d6b24b48c56b85f96503a00
CLIENT_HANDSHAKE_TRAFFIC_SECRET cbd6bfed54f739c9b81135e4721750cc8b186f94ebf7b06a84226b3ddecc081c 89c9699bc1babc2d68f8cdf6be43951c29f7d97f7b3bc3a457354cd6cbb191ab03571503f81874f0e305257b10d7afe1
SERVER_TRAFFIC_SECRET_0 cbd6bfed54f739c9b81135e4721750cc8b186f94ebf7b06a84226b3ddecc081c cbb4fbeae277f3db4702f660610b912be64302e29ada117b310b0c0c6b88b7cdd66ec698e6033d669b733179cf2d34b2
CLIENT_TRAFFIC_SECRET_0 cbd6bfed54f739c9b81135e4721750cc8b186f94ebf7b06a84226b3ddecc081c 59d5154bd9a454c172c8758591351689029b40899ce0db35ea29d933125a02feb773c7d81569d2e9e507f1c8e9937c0b
CLIENT_HANDSHAKE_TRAFFIC_SECRET 9a56c1748693f8032894534c249e718564d86f3763a07b7e5cd7661b432d207d 3982074443d49184e395d8e48764250401b79bfe81ec483c87a2a852f23c80283b09e9d29ab1837ff612486d5b48b8f7
SERVER_HANDSHAKE_TRAFFIC_SECRET 9a56c1748693f8032894534c249e718564d86f3763a07b7e5cd7661b432d207d 0e98402bdb1387264c1e8f91bd22396897cd523835b6587ba9ee40945e9353001b3041048ec7f1b3eb1869429875654b
CLIENT_TRAFFIC_SECRET_0 9a56c1748693f8032894534c249e718564d86f3763a07b7e5cd7661b432d207d ec2e12cc9de6797d52646ac96efaf4cd3e1396879bb969ab8a34ca984df0359cc26d00be31ea957e04299d163872d4bd
SERVER_TRAFFIC_SECRET_0 9a56c1748693f8032894534c249e718564d86f3763a07b7e5cd7661b432d207d 5091a8960cb233ea036d792db6b4b6a7165283f94efa2c1f1b56220eb63657999075f71891e28358b38c68f1f8b381f2
EXPORTER_SECRET 9a56c1748693f8032894534c249e718564d86f3763a07b7e5cd7661b432d207d 20bf284aee266c18680b454ba08fa544ca80ba59aaa3a975c217662badf96046e537151c31d5741ac4ae9e5dcf8b0fce
SERVER_HANDSHAKE_TRAFFIC_SECRET 9a56c1748693f8032894534c249e718564d86f3763a07b7e5cd7661b432d207d 0e98402bdb1387264c1e8f91bd22396897cd523835b6587ba9ee40945e9353001b3041048ec7f1b3eb1869429875654b
CLIENT_HANDSHAKE_TRAFFIC_SECRET 9a56c1748693f8032894534c249e718564d86f3763a07b7e5cd7661b432d207d 3982074443d49184e395d8e48764250401b79bfe81ec483c87a2a852f23c80283b09e9d29ab1837ff612486d5b48b8f7
SERVER_TRAFFIC_SECRET_0 9a56c1748693f8032894534c249e718564d86f3763a07b7e5cd7661b432d207d 5091a8960cb233ea036d792db6b4b6a7165283f94efa2c1f1b56220eb63657999075f71891e28358b38c68f1f8b381f2
CLIENT_TRAFFIC_SECRET_0 9a56c1748693f8032894534c249e718564d86f3763a07b7e5cd7661b432d207d ec2e12cc9de6797d52646ac96efaf4cd3e1396879bb969ab8a34ca984df0359cc26d00be31ea957e04299d163872d4bd
CLIENT_HANDSHAKE_TRAFFIC_SECRET 7f1dd784cfc6ad5ccd9c03cf2b46486822e5025b8754ce0ac6fbcedd5043d140 91677af7bf747bea898001d05a9f6a49bdb15be31a77e5cbe0a4123427b817399fc83c0ddfaf159fb1ce690bad4ebe61
SERVER_HANDSHAKE_TRAFFIC_SECRET 7f1dd784cfc6ad5ccd9c03cf2b46486822e5025b8754ce0ac6fbcedd5043d140 dc1ad3d9ee73b61738ac2e27c080bfc62fed7ef2266c6167ddb43493b4ac13d6cf9db8cff67eae30e5a92983aedabecd
CLIENT_TRAFFIC_SECRET_0 7f1dd784cfc6ad5ccd9c03cf2b46486822e5025b8754ce0ac6fbcedd5043d140 49af933bc44a5d38ccb00291d226f5e45512a3845b6fc16debf83cf4233ceb6d07d513f6c29117e81fceb0bec30c7bb4
SERVER_TRAFFIC_SECRET_0 7f1dd784cfc6ad5ccd9c03cf2b46486822e5025b8754ce0ac6fbcedd5043d140 f1cafd5e0572f0d18f2bf5d0cff3cd55721b678adb68aac5407b0951830b04d5d9cacef4bd3f84f69be9e5eb6ea0b4f5
EXPORTER_SECRET 7f1dd784cfc6ad5ccd9c03cf2b46486822e5025b8754ce0ac6fbcedd5043d140 6f79df2f71386e85193e0778091ef6a062f10add18270943f65c04b5466a607a6c1bf5f2f80f1acbb56254e50ee28dcc
SERVER_HANDSHAKE_TRAFFIC_SECRET 7f1dd784cfc6ad5ccd9c03cf2b46486822e5025b8754ce0ac6fbcedd5043d140 dc1ad3d9ee73b61738ac2e27c080bfc62fed7ef2266c6167ddb43493b4ac13d6cf9db8cff67eae30e5a92983aedabecd
CLIENT_HANDSHAKE_TRAFFIC_SECRET 7f1dd784cfc6ad5ccd9c03cf2b46486822e5025b8754ce0ac6fbcedd5043d140 91677af7bf747bea898001d05a9f6a49bdb15be31a77e5cbe0a4123427b817399fc83c0ddfaf159fb1ce690bad4ebe61
SERVER_TRAFFIC_SECRET_0 7f1dd784cfc6ad5ccd9c03cf2b46486822e5025b8754ce0ac6fbcedd5043d140 f1cafd5e0572f0d18f2bf5d0cff3cd55721b678adb68aac5407b0951830b04d5d9cacef4bd3f84f69be9e5eb6ea0b4f5
CLIENT_TRAFFIC_SECRET_0 7f1dd784cfc6ad5ccd9c03cf2b46486822e5025b8754ce0ac6fbcedd5043d140 49af933bc44a5d38ccb00291d226f5e45512a3845b6fc16debf83cf4233ceb6d07d513f6c29117e81fceb0bec30c7bb4
CLIENT_HANDSHAKE_TRAFFIC_SECRET 4fcd873ba22c65c82f78239bcc2dbd07b762ff3ef29ba488a0fa034653a6a247 896dd6f09b10cd1a5208d13301f752e460b01a80ad315a20f820eca4965094c0e5555ec750cb5c465d52987095a6a14c
SERVER_HANDSHAKE_TRAFFIC_SECRET 4fcd873ba22c65c82f78239bcc2dbd07b762ff3ef29ba488a0fa034653a6a247 b8949ec8ee25da2524a35e6eb3d807741bc9d03c6fd87f3647914ee0d91f70d682ec034d0fec84a305a0a8c0a2be02d5
CLIENT_TRAFFIC_SECRET_0 4fcd873ba22c65c82f78239bcc2dbd07b762ff3ef29ba488a0fa034653a6a247 b811bda54ee4fcca3e80c00afd53d75260dc75c8ddbdceb271d6405190932fc31c1d027dee96c5ff005e08fa202c43c2
SERVER_TRAFFIC_SECRET_0 4fcd873ba22c65c82f78239bcc2dbd07b762ff3ef29ba488a0fa034653a6a247 9df0abe4977d17b0a37216f6bd08e5110999f86c4f3dbcd6e203a47dbe5dcfd394c1644de8e79829f9a3a5da4d542d8a
EXPORTER_SECRET 4fcd873ba22c65c82f78239bcc2dbd07b762ff3ef29ba488a0fa034653a6a247 d14c2dd59cd36c303ba815115e431b1113594dd10379eb7f5c99b2b0d6ed41e4302e190d656832f124f5835ed1c25d52
SERVER_HANDSHAKE_TRAFFIC_SECRET 4fcd873ba22c65c82f78239bcc2dbd07b762ff3ef29ba488a0fa034653a6a247 b8949ec8ee25da2524a35e6eb3d807741bc9d03c6fd87f3647914ee0d91f70d682ec034d0fec84a305a0a8c0a2be02d5
CLIENT_HANDSHAKE_TRAFFIC_SECRET 4fcd873ba22c65c82f78239bcc2dbd07b762ff3ef29ba488a0fa034653a6a247 896dd6f09b10cd1a5208d13301f752e460b01a80ad315a20f820eca4965094c0e5555ec750cb5c465d52987095a6a14c
SERVER_TRAFFIC_SECRET_0 4fcd873ba22c65c82f78239bcc2dbd07b762ff3ef29ba488a0fa034653a6a247 9df0abe4977d17b0a37216f6bd08e5110999f86c4f3dbcd6e203a47dbe5dcfd394c1644de8e79829f9a3a5da4d542d8a
CLIENT_TRAFFIC_SECRET_0 4fcd873ba22c65c82f78239bcc2dbd07b762ff3ef29ba488a0fa034653a6a247 b811bda54ee4fcca3e80c00afd53d75260dc75c8ddbdceb271d6405190932fc31c1d027dee96c5ff005e08fa202c43c2
CLIENT_HANDSHAKE_TRAFFIC_SECRET 43baf33af9ccca83ef52a575f35b3c0d21e5143527a8e24cb4277cd9005655e4 ae646de3d9e22d4d349db06c1d4369660a9cf905507316237b82fef2da5fac3306e8b61fc1702b88c79ee6472f4fa57e
SERVER_HANDSHAKE_TRAFFIC_SECRET 43baf33af9ccca83ef52a575f35b3c0d21e5143527a8e24cb4277cd9005655e4 6dc17a791395f86c00e6f5f111d37f4e1e84fdc3052b58f42790b25b7990e656029aed696d2ed65cb045beb388ca8d95
CLIENT_TRAFFIC_SECRET_0 43baf33af9ccca83ef52a575f35b3c0d21e5143527a8e24cb4277cd9005655e4 0a1d7e4ab6c778c1ecb4e2cca27ecc33cee686d9d290a15b6cfc50b26d3999bb5ff386c8f9adbfd35f3f82ee55d5789b
SERVER_TRAFFIC_SECRET_0 43baf33af9ccca83ef52a575f35b3c0d21e5143527a8e24cb4277cd9005655e4 b6dc583f08f9a8b2de487b2781196e1c9fc516ca68e3b7d165865997083736a65893929fead4365a23763f2fe6c6e3cc
EXPORTER_SECRET 43baf33af9ccca83ef52a575f35b3c0d21e5143527a8e24cb4277cd9005655e4 a39d97a3012f5014940fd11b51fec56c944e9af987fafa8b933252b0f6d50b0be1f9f65d68f633d9f2a3688d4ea63636
SERVER_HANDSHAKE_TRAFFIC_SECRET 43baf33af9ccca83ef52a575f35b3c0d21e5143527a8e24cb4277cd9005655e4 6dc17a791395f86c00e6f5f111d37f4e1e84fdc3052b58f42790b25b7990e656029aed696d2ed65cb045beb388ca8d95
CLIENT_HANDSHAKE_TRAFFIC_SECRET 43baf33af9ccca83ef52a575f35b3c0d21e5143527a8e24cb4277cd9005655e4 ae646de3d9e22d4d349db06c1d4369660a9cf905507316237b82fef2da5fac3306e8b61fc1702b88c79ee6472f4fa57e
SERVER_TRAFFIC_SECRET_0 43baf33af9ccca83ef52a575f35b3c0d21e5143527a8e24cb4277cd9005655e4 b6dc583f08f9a8b2de487b2781196e1c9fc516ca68e3b7d165865997083736a65893929fead4365a23763f2fe6c6e3cc
CLIENT_TRAFFIC_SECRET_0 43baf33af9ccca83ef52a575f35b3c0d21e5143527a8e24cb4277cd9005655e4 0a1d7e4ab6c778c1ecb4e2cca27ecc33cee686d9d290a15b6cfc50b26d3999bb5ff386c8f9adbfd35f3f82ee55d5789b
CLIENT_HANDSHAKE_TRAFFIC_SECRET ca7be9b424596433d11d140e8cabe86600fc33a3c11776e7a035fc2c8c14d75d 8c88263fb98d617249ae343e71d10a5f5b6164b71077dd82171fb1ce532ecaf7be58d981b030d3e19a9de437bd7dd1b9
SERVER_HANDSHAKE_TRAFFIC_SECRET ca7be9b424596433d11d140e8cabe86600fc33a3c11776e7a035fc2c8c14d75d 8ffca3131a6c42d6e49e3dfe72c36a324d3421720471de6be598ce894ef3af40da8c6e26a81f27037f174b8b7d6ce4e1
CLIENT_TRAFFIC_SECRET_0 ca7be9b424596433d11d140e8cabe86600fc33a3c11776e7a035fc2c8c14d75d b557e356445e90d253d86c121abaa65e58014169d58248e62950bc793a63fd7d052a6ca277a05a2206a94eefcbdebf2e
SERVER_TRAFFIC_SECRET_0 ca7be9b424596433d11d140e8cabe86600fc33a3c11776e7a035fc2c8c14d75d fc1bac1dc39467279bdbbfd4d6c638bf9451467f895b5bda4a0b2fba02c18d0f3262361b84876aa047dd62d3c12043b0
EXPORTER_SECRET ca7be9b424596433d11d140e8cabe86600fc33a3c11776e7a035fc2c8c14d75d 3a3f62efee7ddf2a1002839f525dd59821576c05eb34c9371eabb553b3a75f602f9b5b7de666ad3ad97512c008289e9a
SERVER_HANDSHAKE_TRAFFIC_SECRET ca7be9b424596433d11d140e8cabe86600fc33a3c11776e7a035fc2c8c14d75d 8ffca3131a6c42d6e49e3dfe72c36a324d3421720471de6be598ce894ef3af40da8c6e26a81f27037f174b8b7d6ce4e1
CLIENT_HANDSHAKE_TRAFFIC_SECRET ca7be9b424596433d11d140e8cabe86600fc33a3c11776e7a035fc2c8c14d75d 8c88263fb98d617249ae343e71d10a5f5b6164b71077dd82171fb1ce532ecaf7be58d981b030d3e19a9de437bd7dd1b9
SERVER_TRAFFIC_SECRET_0 ca7be9b424596433d11d140e8cabe86600fc33a3c11776e7a035fc2c8c14d75d fc1bac1dc39467279bdbbfd4d6c638bf9451467f895b5bda4a0b2fba02c18d0f3262361b84876aa047dd62d3c12043b0
CLIENT_TRAFFIC_SECRET_0 ca7be9b424596433d11d140e8cabe86600fc33a3c11776e7a035fc2c8c14d75d b557e356445e90d253d86c121abaa65e58014169d58248e62950bc793a63fd7d052a6ca277a05a2206a94eefcbdebf2e
CLIENT_HANDSHAKE_TRAFFIC_SECRET e8b445cd9845843156bb2a48b2b98df0b5b208394a943361b3dcf9653e786ae6 66ef5130c2e2798ff869b5d2b6f352effcc9cdbf596da71c8f225cca945eb36ffc34fe19c3e999bcebad9091ed8e507c
SERVER_HANDSHAKE_TRAFFIC_SECRET e8b445cd9845843156bb2a48b2b98df0b5b208394a943361b3dcf9653e786ae6 88dae0fca61ddefc751181408b04f223cdf9c37bdc9fbb576578f32892f7d518c77b930a342e82b512c97a8ae9a7c08f
CLIENT_TRAFFIC_SECRET_0 e8b445cd9845843156bb2a48b2b98df0b5b208394a943361b3dcf9653e786ae6 aaecd08a797ca56ebbdf4669046b9d3d499ba6e13f45155ccf3ba01da23040b6cf577524903460bed8cb2cf87c792c09
SERVER_TRAFFIC_SECRET_0 e8b445cd9845843156bb2a48b2b98df0b5b208394a943361b3dcf9653e786ae6 37ea27f99988a2e040b34a15b0769b5a21b7dd4870abaa133510673c204adc5a301aab7c4ed7292af6aabaf7bc54445b
EXPORTER_SECRET e8b445cd9845843156bb2a48b2b98df0b5b208394a943361b3dcf9653e786ae6 a026501a3d2f18eb2d6d2a4ac93d2859b81f2d8967cbace050b7ddbd2ca486f33b406ff767575508da62dc493023296e
SERVER_HANDSHAKE_TRAFFIC_SECRET e8b445cd9845843156bb2a48b2b98df0b5b208394a943361b3dcf9653e786ae6 88dae0fca61ddefc751181408b04f223cdf9c37bdc9fbb576578f32892f7d518c77b930a342e82b512c97a8ae9a7c08f
CLIENT_HANDSHAKE_TRAFFIC_SECRET e8b445cd9845843156bb2a48b2b98df0b5b208394a943361b3dcf9653e786ae6 66ef5130c2e2798ff869b5d2b6f352effcc9cdbf596da71c8f225cca945eb36ffc34fe19c3e999bcebad9091ed8e507c
SERVER_TRAFFIC_SECRET_0 e8b445cd9845843156bb2a48b2b98df0b5b208394a943361b3dcf9653e786ae6 37ea27f99988a2e040b34a15b0769b5a21b7dd4870abaa133510673c204adc5a301aab7c4ed7292af6aabaf7bc54445b
CLIENT_TRAFFIC_SECRET_0 e8b445cd9845843156bb2a48b2b98df0b5b208394a943361b3dcf9653e786ae6 aaecd08a797ca56ebbdf4669046b9d3d499ba6e13f45155ccf3ba01da23040b6cf577524903460bed8cb2cf87c792c09
CLIENT_HANDSHAKE_TRAFFIC_SECRET 25968b2edef04b17842bd669e2eb3d84b8fcd5b4752cc1326e25ec39c900f0e1 ec13cbd9fd8b11b5e093d3db6187bea8ce5985c83e8a5238ada1289529d01748a38db561e47005b093c114b166ef34e4
SERVER_HANDSHAKE_TRAFFIC_SECRET 25968b2edef04b17842bd669e2eb3d84b8fcd5b4752cc1326e25ec39c900f0e1 75690e77b0cd5b3e59a09896249386b0ae38c325f02615034810957628fb53fc8a6f92a45bb50014d5adcd8a5dbaa26f
CLIENT_TRAFFIC_SECRET_0 25968b2edef04b17842bd669e2eb3d84b8fcd5b4752cc1326e25ec39c900f0e1 9b59f209aec18263c092c99a321e958c314f08ce9023f17aa42b5f58547bf4e5ea06bb7b3240d42f0e2efa821ae71713
SERVER_TRAFFIC_SECRET_0 25968b2edef04b17842bd669e2eb3d84b8fcd5b4752cc1326e25ec39c900f0e1 55d8ea665055f6b56542d628f4e888297ede1439139592e3ff3416be5705d860b56ea0a40bded4b3dee3b333db70d032
EXPORTER_SECRET 25968b2edef04b17842bd669e2eb3d84b8fcd5b4752cc1326e25ec39c900f0e1 5526c299ace60c575bd4b17d04ec86aa27f0adbac983ee6075dfa42414f3710bd29acd276ab79d09a2f2e18a2163b05f
SERVER_HANDSHAKE_TRAFFIC_SECRET 25968b2edef04b17842bd669e2eb3d84b8fcd5b4752cc1326e25ec39c900f0e1 75690e77b0cd5b3e59a09896249386b0ae38c325f02615034810957628fb53fc8a6f92a45bb50014d5adcd8a5dbaa26f
CLIENT_HANDSHAKE_TRAFFIC_SECRET 25968b2edef04b17842bd669e2eb3d84b8fcd5b4752cc1326e25ec39c900f0e1 ec13cbd9fd8b11b5e093d3db6187bea8ce5985c83e8a5238ada1289529d01748a38db561e47005b093c114b166ef34e4
SERVER_TRAFFIC_SECRET_0 25968b2edef04b17842bd669e2eb3d84b8fcd5b4752cc1326e25ec39c900f0e1 55d8ea665055f6b56542d628f4e888297ede1439139592e3ff3416be5705d860b56ea0a40bded4b3dee3b333db70d032
CLIENT_TRAFFIC_SECRET_0 25968b2edef04b17842bd669e2eb3d84b8fcd5b4752cc1326e25ec39c900f0e1 9b59f209aec18263c092c99a321e958c314f08ce9023f17aa42b5f58547bf4e5ea06bb7b3240d42f0e2efa821ae71713
CLIENT_HANDSHAKE_TRAFFIC_SECRET 5215c3c133c4136f163af7a0331474cefa45032820ab9dc659ca74624e14f879 d643e37a10a0b112dcdb53b332265cfdaaff8c97e00842f627b379ae9dc8570caab590a61a8f54ecfa70f0cde6f990e1
SERVER_HANDSHAKE_TRAFFIC_SECRET 5215c3c133c4136f163af7a0331474cefa45032820ab9dc659ca74624e14f879 062d1f7de9072d1706d40ce1284c3952483fd202321d61781690d3d889368164fd4d4606c38a7540b1df17a540780a94
CLIENT_TRAFFIC_SECRET_0 5215c3c133c4136f163af7a0331474cefa45032820ab9dc659ca74624e14f879 9727ae301f527fcfb941656855fe092da5aaf06046b734d47ec98a5134e2479543b334736749e5da93d95d290ba8b722
SERVER_TRAFFIC_SECRET_0 5215c3c133c4136f163af7a0331474cefa45032820ab9dc659ca74624e14f879 3898f3d347cccfdf4eae686c9ea1d312b540fd11a844e46b451205224cf660f9cc20009ad6e5c4a1c161b3be96727e9e
EXPORTER_SECRET 5215c3c133c4136f163af7a0331474cefa45032820ab9dc659ca74624e14f879 bbb2fd3b46cdc461595d40a09c7b22d008d762cc02ca323433113c78ea4985a824a19da35965718755783892edff60fd
SERVER_HANDSHAKE_TRAFFIC_SECRET 5215c3c133c4136f163af7a0331474cefa45032820ab9dc659ca74624e14f879 062d1f7de9072d1706d40ce1284c3952483fd202321d61781690d3d889368164fd4d4606c38a7540b1df17a540780a94
CLIENT_HANDSHAKE_TRAFFIC_SECRET 5215c3c133c4136f163af7a0331474cefa45032820ab9dc659ca74624e14f879 d643e37a10a0b112dcdb53b332265cfdaaff8c97e00842f627b379ae9dc8570caab590a61a8f54ecfa70f0cde6f990e1
SERVER_TRAFFIC_SECRET_0 5215c3c133c4136f163af7a0331474cefa45032820ab9dc659ca74624e14f879 3898f3d347cccfdf4eae686c9ea1d312b540fd11a844e46b451205224cf660f9cc20009ad6e5c4a1c161b3be96727e9e
CLIENT_TRAFFIC_SECRET_0 5215c3c133c4136f163af7a0331474cefa45032820ab9dc659ca74624e14f879 9727ae301f527fcfb941656855fe092da5aaf06046b734d47ec98a5134e2479543b334736749e5da93d95d290ba8b722
CLIENT_HANDSHAKE_TRAFFIC_SECRET d601471abd3ed838c2d5ed973f9b1a896c8f5c856750210dc7918bdfe52ba661 023a4f743885099654c4beec2400e44db301fa145cbfb6d686a33f3d02435b6b1f4c3ca8babe7104dd342dde00c7ce79
SERVER_HANDSHAKE_TRAFFIC_SECRET d601471abd3ed838c2d5ed973f9b1a896c8f5c856750210dc7918bdfe52ba661 83055deea4546d797745988ea894e744815f2dfff33108a90c332fd0d8c0fc7632ea2bdce61cbacd8551ea5388458f31
CLIENT_TRAFFIC_SECRET_0 d601471abd3ed838c2d5ed973f9b1a896c8f5c856750210dc7918bdfe52ba661 0e3227271c8b2c52aacfb0ffa83070d1d7cff7a626e245f101322863aaacbc260a99135bb5e874e946112aa44d792c86
SERVER_TRAFFIC_SECRET_0 d601471abd3ed838c2d5ed973f9b1a896c8f5c856750210dc7918bdfe52ba661 502b76bfc28b858071e667ac27ccfdffa9ff954f46da66079b3f52bf1b3adf4ee1b27aed4966ebd1d943b33885febf5a
EXPORTER_SECRET d601471abd3ed838c2d5ed973f9b1a896c8f5c856750210dc7918bdfe52ba661 d0353c4a4179ead89118f5e28be5a7f83ab54f205c6b2dd8b3c6f194e0388170565d65d202ef3449d0bb8f219c4423a7
SERVER_HANDSHAKE_TRAFFIC_SECRET d601471abd3ed838c2d5ed973f9b1a896c8f5c856750210dc7918bdfe52ba661 83055deea4546d797745988ea894e744815f2dfff33108a90c332fd0d8c0fc7632ea2bdce61cbacd8551ea5388458f31
CLIENT_HANDSHAKE_TRAFFIC_SECRET d601471abd3ed838c2d5ed973f9b1a896c8f5c856750210dc7918bdfe52ba661 023a4f743885099654c4beec2400e44db301fa145cbfb6d686a33f3d02435b6b1f4c3ca8babe7104dd342dde00c7ce79
SERVER_TRAFFIC_SECRET_0 d601471abd3ed838c2d5ed973f9b1a896c8f5c856750210dc7918bdfe52ba661 502b76bfc28b858071e667ac27ccfdffa9ff954f46da66079b3f52bf1b3adf4ee1b27aed4966ebd1d943b33885febf5a
CLIENT_TRAFFIC_SECRET_0 d601471abd3ed838c2d5ed973f9b1a896c8f5c856750210dc7918bdfe52ba661 0e3227271c8b2c52aacfb0ffa83070d1d7cff7a626e245f101322863aaacbc260a99135bb5e874e946112aa44d792c86
CLIENT_HANDSHAKE_TRAFFIC_SECRET f05e0686bfb1894536f51cc999b2d8cf1d1461539bbdc1ed9be2f86c082395fc a28e043ca09645f54b2e736a3a381baa344948d9bb1cb537467e2783fe53a5ec9e3a88619556adc3069bc0f60f484538
SERVER_HANDSHAKE_TRAFFIC_SECRET f05e0686bfb1894536f51cc999b2d8cf1d1461539bbdc1ed9be2f86c082395fc 1ae5d4878b2ef9f0a4efb836adc6634490ada74285fe0a0c10707484a03e20d6686fbb65a18618248207034219557be1
CLIENT_TRAFFIC_SECRET_0 f05e0686bfb1894536f51cc999b2d8cf1d1461539bbdc1ed9be2f86c082395fc 6f00c9177159d65d5200291f50b86f155b4da4cb46dd990598f56d4cabc921cfe83873c654e224b72bab9a234d8ebb9b
SERVER_TRAFFIC_SECRET_0 f05e0686bfb1894536f51cc999b2d8cf1d1461539bbdc1ed9be2f86c082395fc d59cf21bd9d85ec68b8c1661194cf7514a639576811965345f27002d2edb6a2afa54e1988bfd8b2d56f0929efb96e0af
EXPORTER_SECRET f05e0686bfb1894536f51cc999b2d8cf1d1461539bbdc1ed9be2f86c082395fc 1686ee89c59bc9214b1f8daad02db2af561289feed137c6843d40b0c44f085f2817be1e91e996d654e0a50dc5c195601
SERVER_HANDSHAKE_TRAFFIC_SECRET f05e0686bfb1894536f51cc999b2d8cf1d1461539bbdc1ed9be2f86c082395fc 1ae5d4878b2ef9f0a4efb836adc6634490ada74285fe0a0c10707484a03e20d6686fbb65a18618248207034219557be1
CLIENT_HANDSHAKE_TRAFFIC_SECRET f05e0686bfb1894536f51cc999b2d8cf1d1461539bbdc1ed9be2f86c082395fc a28e043ca09645f54b2e736a3a381baa344948d9bb1cb537467e2783fe53a5ec9e3a88619556adc3069bc0f60f484538
SERVER_TRAFFIC_SECRET_0 f05e0686bfb1894536f51cc999b2d8cf1d1461539bbdc1ed9be2f86c082395fc d59cf21bd9d85ec68b8c1661194cf7514a639576811965345f27002d2edb6a2afa54e1988bfd8b2d56f0929efb96e0af
CLIENT_TRAFFIC_SECRET_0 f05e0686bfb1894536f51cc999b2d8cf1d1461539bbdc1ed9be2f86c082395fc 6f00c9177159d65d5200291f50b86f155b4da4cb46dd990598f56d4cabc921cfe83873c654e224b72bab9a234d8ebb9b
CLIENT_HANDSHAKE_TRAFFIC_SECRET 1ca1a5e12c7572b0ec2fc85bfdcea271113553051ddc81478cc47f235ca93b08 787f124439fd56a4ce0cf0f1480563ceceac38b8b3b9f7bf70d8ba762cb58d8f4a361b3247c22bd0b872974eb4a496cb
SERVER_HANDSHAKE_TRAFFIC_SECRET 1ca1a5e12c7572b0ec2fc85bfdcea271113553051ddc81478cc47f235ca93b08 a670db5771b95471f57e908d88cf2bfcd3149f011212679df0e99e4a27fc3aa6e0cdb5ed126260ecf39c0b978e69fc9f
CLIENT_TRAFFIC_SECRET_0 1ca1a5e12c7572b0ec2fc85bfdcea271113553051ddc81478cc47f235ca93b08 1d6334c7cf6751ce4b888d5489b17fbd583add263de8b745953cb1a109c33e239b97907d0d8cd8656b753c203639a635
SERVER_TRAFFIC_SECRET_0 1ca1a5e12c7572b0ec2fc85bfdcea271113553051ddc81478cc47f235ca93b08 773cb9dd1ec4ac55ecea403c791702a483b8dfca8e07acf87c1fdfa9cb1af2ddeda9400d56f6d5970956990053c16a6a
EXPORTER_SECRET 1ca1a5e12c7572b0ec2fc85bfdcea271113553051ddc81478cc47f235ca93b08 514c9799cc94926f11de228f531d442c9cd1db42eb123aa7973cc4e3124dab650f3651b99e724a9027028305b6213b00
SERVER_HANDSHAKE_TRAFFIC_SECRET 1ca1a5e12c7572b0ec2fc85bfdcea271113553051ddc81478cc47f235ca93b08 a670db5771b95471f57e908d88cf2bfcd3149f011212679df0e99e4a27fc3aa6e0cdb5ed126260ecf39c0b978e69fc9f
CLIENT_HANDSHAKE_TRAFFIC_SECRET 1ca1a5e12c7572b0ec2fc85bfdcea271113553051ddc81478cc47f235ca93b08 787f124439fd56a4ce0cf0f1480563ceceac38b8b3b9f7bf70d8ba762cb58d8f4a361b3247c22bd0b872974eb4a496cb
SERVER_TRAFFIC_SECRET_0 1ca1a5e12c7572b0ec2fc85bfdcea271113553051ddc81478cc47f235ca93b08 773cb9dd1ec4ac55ecea403c791702a483b8dfca8e07acf87c1fdfa9cb1af2ddeda9400d56f6d5970956990053c16a6a
CLIENT_TRAFFIC_SECRET_0 1ca1a5e12c7572b0ec2fc85bfdcea271113553051ddc81478cc47f235ca93b08 1d6334c7cf6751ce4b888d5489b17fbd583add263de8b745953cb1a109c33e239b97907d0d8cd8656b753c203639a635
CLIENT_HANDSHAKE_TRAFFIC_SECRET 257fa4da8a819264d65c19c9a86a6b832d845fbc01a414349161c912db8ba55a a65696d84495209155d3d85970c9f31d3f4f8bdf909f82e128ea8b7a2c077ae519e8a2f53219efe97d1e820b971f1f4f
SERVER_HANDSHAKE_TRAFFIC_SECRET 257fa4da8a819264d65c19c9a86a6b832d845fbc01a414349161c912db8ba55a d22d5cf44e78a99286cb94ccaf9c40f7ca103621db899d869f3c8f90bb60b85b89defc8b6d74834b83fa85865fc64ec6
CLIENT_TRAFFIC_SECRET_0 257fa4da8a819264d65c19c9a86a6b832d845fbc01a414349161c912db8ba55a 9a2792d0739595a11ed88e94d13ac4f3a8290334287106d879a2cd1a392af97172be426f77698e1aae0f570f32743879
SERVER_TRAFFIC_SECRET_0 257fa4da8a819264d65c19c9a86a6b832d845fbc01a414349161c912db8ba55a 9231667175e2f894b6c4ee7d1287cf31a2b710d1a165aa09e3b39cb7d0322798f8bef09ec8d431afd603307b701a33ac
EXPORTER_SECRET 257fa4da8a819264d65c19c9a86a6b832d845fbc01a414349161c912db8ba55a c6302ce519bea6aa5459499d085b42d2643da5600042885e6718d18729149c903040ecb6c6c410d91cfe30c8ba9319a9
SERVER_HANDSHAKE_TRAFFIC_SECRET 257fa4da8a819264d65c19c9a86a6b832d845fbc01a414349161c912db8ba55a d22d5cf44e78a99286cb94ccaf9c40f7ca103621db899d869f3c8f90bb60b85b89defc8b6d74834b83fa85865fc64ec6
CLIENT_HANDSHAKE_TRAFFIC_SECRET 257fa4da8a819264d65c19c9a86a6b832d845fbc01a414349161c912db8ba55a a65696d84495209155d3d85970c9f31d3f4f8bdf909f82e128ea8b7a2c077ae519e8a2f53219efe97d1e820b971f1f4f
SERVER_TRAFFIC_SECRET_0 257fa4da8a819264d65c19c9a86a6b832d845fbc01a414349161c912db8ba55a 9231667175e2f894b6c4ee7d1287cf31a2b710d1a165aa09e3b39cb7d0322798f8bef09ec8d431afd603307b701a33ac
CLIENT_TRAFFIC_SECRET_0 257fa4da8a819264d65c19c9a86a6b832d845fbc01a414349161c912db8ba55a 9a2792d0739595a11ed88e94d13ac4f3a8290334287106d879a2cd1a392af97172be426f77698e1aae0f570f32743879
CLIENT_HANDSHAKE_TRAFFIC_SECRET eedb29c4a8bd84d4e0dd1a3f00f080672503f2abb58b739432da7c048374c83a 62e149545ab3a564546dbf89c2411ee0c334bdd6d20b3b0eeb3d9ac674538bf49689ac8b441d12d75e7a9cea1e476fd9
SERVER_HANDSHAKE_TRAFFIC_SECRET eedb29c4a8bd84d4e0dd1a3f00f080672503f2abb58b739432da7c048374c83a 4f796ff11440808cf2a0e6bc47ed5d476a34422a1e81b755866ff4a1056b56b44633846923923ab3ef731f689c993594
CLIENT_TRAFFIC_SECRET_0 eedb29c4a8bd84d4e0dd1a3f00f080672503f2abb58b739432da7c048374c83a d1baefeb404ffd6239e088ab899f5fd94f1a06bc8df096196307b4523b3c1e30a0a4ec4cb595b935b08fb5dc3de7a660
SERVER_TRAFFIC_SECRET_0 eedb29c4a8bd84d4e0dd1a3f00f080672503f2abb58b739432da7c048374c83a a95ace0f5337105618d254ffe02c40a6513de6c427880b1ed660b62aa203174d873e4623ea3988ae919f766e28a959fb
EXPORTER_SECRET eedb29c4a8bd84d4e0dd1a3f00f080672503f2abb58b739432da7c048374c83a 84354a83dcaef3b7f0b99f1e4ecdcc5d912fa1988a2ef3fb7eef8d23b4b403f195b2a44379f5b0c025b19ddb045708c0
SERVER_HANDSHAKE_TRAFFIC_SECRET eedb29c4a8bd84d4e0dd1a3f00f080672503f2abb58b739432da7c048374c83a 4f796ff11440808cf2a0e6bc47ed5d476a34422a1e81b755866ff4a1056b56b44633846923923ab3ef731f689c993594
CLIENT_HANDSHAKE_TRAFFIC_SECRET eedb29c4a8bd84d4e0dd1a3f00f080672503f2abb58b739432da7c048374c83a 62e149545ab3a564546dbf89c2411ee0c334bdd6d20b3b0eeb3d9ac674538bf49689ac8b441d12d75e7a9cea1e476fd9
SERVER_TRAFFIC_SECRET_0 eedb29c4a8bd84d4e0dd1a3f00f080672503f2abb58b739432da7c048374c83a a95ace0f5337105618d254ffe02c40a6513de6c427880b1ed660b62aa203174d873e4623ea3988ae919f766e28a959fb
CLIENT_TRAFFIC_SECRET_0 eedb29c4a8bd84d4e0dd1a3f00f080672503f2abb58b739432da7c048374c83a d1baefeb404ffd6239e088ab899f5fd94f1a06bc8df096196307b4523b3c1e30a0a4ec4cb595b935b08fb5dc3de7a660
CLIENT_HANDSHAKE_TRAFFIC_SECRET d45713b4fdc33304ec4d4645f028cc43ab9b9c1bcf6e23b1863fe60c5842340a 33d95958510d285b1d53b2021110e40f3831c8d23ad3cd32a135d351fdfee03ef9b4570925341dde4c83378f220a1cbe
SERVER_HANDSHAKE_TRAFFIC_SECRET d45713b4fdc33304ec4d4645f028cc43ab9b9c1bcf6e23b1863fe60c5842340a 4d0396bf239580174b95db0058df659521f828db3c8ec9dd67ca8ac0ab3aac4d2e953bf4f1bd57b5c79d640e0818796c
CLIENT_TRAFFIC_SECRET_0 d45713b4fdc33304ec4d4645f028cc43ab9b9c1bcf6e23b1863fe60c5842340a a54b1af18410059faebf4158adad2c369dcc42d0c790091b0eb3857036dd2ed88474ab6a41d5fc7d39cd2786cfbcec2c
SERVER_TRAFFIC_SECRET_0 d45713b4fdc33304ec4d4645f028cc43ab9b9c1bcf6e23b1863fe60c5842340a 756d88d7e5b87b094fa9cd85a0cd16a879461c22c166a73a8fe3416fe5748dc1b52dbcf747371d388429c531a2a84f5f
EXPORTER_SECRET d45713b4fdc33304ec4d4645f028cc43ab9b9c1bcf6e23b1863fe60c5842340a 1a8e000a85c5184346b3755643fd34f480f9eb86a678724b07ba71ad95bdd1a959e3a46ab6e259af03ab61bfccdf26cd
SERVER_HANDSHAKE_TRAFFIC_SECRET d45713b4fdc33304ec4d4645f028cc43ab9b9c1bcf6e23b1863fe60c5842340a 4d0396bf239580174b95db0058df659521f828db3c8ec9dd67ca8ac0ab3aac4d2e953bf4f1bd57b5c79d640e0818796c
CLIENT_HANDSHAKE_TRAFFIC_SECRET d45713b4fdc33304ec4d4645f028cc43ab9b9c1bcf6e23b1863fe60c5842340a 33d95958510d285b1d53b2021110e40f3831c8d23ad3cd32a135d351fdfee03ef9b4570925341dde4c83378f220a1cbe
SERVER_TRAFFIC_SECRET_0 d45713b4fdc33304ec4d4645f028cc43ab9b9c1bcf6e23b1863fe60c5842340a 756d88d7e5b87b094fa9cd85a0cd16a879461c22c166a73a8fe3416fe5748dc1b52dbcf747371d388429c531a2a84f5f
CLIENT_TRAFFIC_SECRET_0 d45713b4fdc33304ec4d4645f028cc43ab9b9c1bcf6e23b1863fe60c5842340a a54b1af18410059faebf4158adad2c369dcc42d0c790091b0eb3857036dd2ed88474ab6a41d5fc7d39cd2786cfbcec2c
CLIENT_HANDSHAKE_TRAFFIC_SECRET aa92d1ef0f411fe9952c6a18c3533d572288b47dae2ed805dee4ec5e57e68cd8 7e47b4327ae75b549b663dd07c1c5b68b3461c059684135731c466dae3facf7094735506add2cf22954e2e17f98ba055
SERVER_HANDSHAKE_TRAFFIC_SECRET aa92d1ef0f411fe9952c6a18c3533d572288b47dae2ed805dee4ec5e57e68cd8 fdc105a1502d10d25058b3577e3222c3c981b6a03a5192e9bb2f45a47351a4a321b6ca551f4646b33d55544f18dc007c
CLIENT_TRAFFIC_SECRET_0 aa92d1ef0f411fe9952c6a18c3533d572288b47dae2ed805dee4ec5e57e68cd8 952129c3cd940b3d43fb7a5461d1189bcdce61ecbcef2bcc590583a6c0e75b90b01d90c0f54b89e2bd4b0ad6aa1655d0
SERVER_TRAFFIC_SECRET_0 aa92d1ef0f411fe9952c6a18c3533d572288b47dae2ed805dee4ec5e57e68cd8 27e124201350dc909449f7bf664d861aa4d072b27267a7907cc15fba9a7ca55b55eae95b13e4293a55a63fe32e1a5c54
EXPORTER_SECRET aa92d1ef0f411fe9952c6a18c3533d572288b47dae2ed805dee4ec5e57e68cd8 95a827a0249450d304bcd507f8bffcb9a12414e9cb0f0086f1efe855eb5f05c4e2893024ff8e6748e6d7fc13c0f24dfe
SERVER_HANDSHAKE_TRAFFIC_SECRET aa92d1ef0f411fe9952c6a18c3533d572288b47dae2ed805dee4ec5e57e68cd8 fdc105a1502d10d25058b3577e3222c3c981b6a03a5192e9bb2f45a47351a4a321b6ca551f4646b33d55544f18dc007c
CLIENT_HANDSHAKE_TRAFFIC_SECRET aa92d1ef0f411fe9952c6a18c3533d572288b47dae2ed805dee4ec5e57e68cd8 7e47b4327ae75b549b663dd07c1c5b68b3461c059684135731c466dae3facf7094735506add2cf22954e2e17f98ba055
SERVER_TRAFFIC_SECRET_0 aa92d1ef0f411fe9952c6a18c3533d572288b47dae2ed805dee4ec5e57e68cd8 27e124201350dc909449f7bf664d861aa4d072b27267a7907cc15fba9a7ca55b55eae95b13e4293a55a63fe32e1a5c54
CLIENT_TRAFFIC_SECRET_0 aa92d1ef0f411fe9952c6a18c3533d572288b47dae2ed805dee4ec5e57e68cd8 952129c3cd940b3d43fb7a5461d1189bcdce61ecbcef2bcc590583a6c0e75b90b01d90c0f54b89e2bd4b0ad6aa1655d0
CLIENT_HANDSHAKE_TRAFFIC_SECRET df7e96202e8aefac9287dd4b09a01a4d477099e32b8bf0e808af585cce1bc509 1c8d3d773cc35ae490f92670aa24a320ec27b30fc8d03ba92f15ce9af920e2666097a2b33bc87274732066a31861eb63
SERVER_HANDSHAKE_TRAFFIC_SECRET df7e96202e8aefac9287dd4b09a01a4d477099e32b8bf0e808af585cce1bc509 171eccd704fdface51590e989fb705a40a04ece6fc3722f2284d1554cda687ec1e513f7558d288956ef9f3a6cd997be1
CLIENT_TRAFFIC_SECRET_0 df7e96202e8aefac9287dd4b09a01a4d477099e32b8bf0e808af585cce1bc509 4ecaa59fb8d5e115bc4833e60674b87b2d0680619be00a9a069e6064d08619bee5238eeeab860d9bb22944f0b7c407e1
SERVER_TRAFFIC_SECRET_0 df7e96202e8aefac9287dd4b09a01a4d477099e32b8bf0e808af585cce1bc509 8d6e64f908fa84a953c36ca5eec1202af1e9ec86e5a181032f96bff936bb6f55d66d1a27f2424de6885902621d2d3c90
EXPORTER_SECRET df7e96202e8aefac9287dd4b09a01a4d477099e32b8bf0e808af585cce1bc509 2a70889125db382ec0874b74b1bebfb4ddbcd154fce3c934cc7b96508234cbc5ed90ed6bd49a041acfab4370a3a7a88d
SERVER_HANDSHAKE_TRAFFIC_SECRET df7e96202e8aefac9287dd4b09a01a4d477099e32b8bf0e808af585cce1bc509 171eccd704fdface51590e989fb705a40a04ece6fc3722f2284d1554cda687ec1e513f7558d288956ef9f3a6cd997be1
CLIENT_HANDSHAKE_TRAFFIC_SECRET df7e96202e8aefac9287dd4b09a01a4d477099e32b8bf0e808af585cce1bc509 1c8d3d773cc35ae490f92670aa24a320ec27b30fc8d03ba92f15ce9af920e2666097a2b33bc87274732066a31861eb63
SERVER_TRAFFIC_SECRET_0 df7e96202e8aefac9287dd4b09a01a4d477099e32b8bf0e808af585cce1bc509 8d6e64f908fa84a953c36ca5eec1202af1e9ec86e5a181032f96bff936bb6f55d66d1a27f2424de6885902621d2d3c90
CLIENT_TRAFFIC_SECRET_0 df7e96202e8aefac9287dd4b09a01a4d477099e32b8bf0e808af585cce1bc509 4ecaa59fb8d5e115bc4833e60674b87b2d0680619be00a9a069e6064d08619bee5238eeeab860d9bb22944f0b7c407e1
CLIENT_HANDSHAKE_TRAFFIC_SECRET 3f58945bc1d0186b9c8e874cf0057d2367afc78514ea566e5a7a24350a3e0f50 c69e47d8ab831ffca480f2ad1415097131915835de059e7d46c5056cdd4a5de466a87f58eb066d8d9310d8033573bd62
SERVER_HANDSHAKE_TRAFFIC_SECRET 3f58945bc1d0186b9c8e874cf0057d2367afc78514ea566e5a7a24350a3e0f50 6f2dae405ad079c6089e024abc7e7af8c79c25c0016f5b16bfc2a24f967e3a4c0aef6b649042c47c86a3b86d2a2d52b3
CLIENT_TRAFFIC_SECRET_0 3f58945bc1d0186b9c8e874cf0057d2367afc78514ea566e5a7a24350a3e0f50 b069b4434c24d9b4f2cfde1138a77d1fbf4ae24501d5bd3f46ea3f3e962b4be0bb490b316cc0ab4e3c80795f2fe2b983
SERVER_TRAFFIC_SECRET_0 3f58945bc1d0186b9c8e874cf0057d2367afc78514ea566e5a7a24350a3e0f50 1b67cfb892638704b7511ce38ec3ed8a019a384ee6c7609d5f7377c0184960b4833372c93ded5b0ff2cbe4f8932f8f5d
EXPORTER_SECRET 3f58945bc1d0186b9c8e874cf0057d2367afc78514ea566e5a7a24350a3e0f50 713bea29b6dabeb6957917dea324e26c87706e7fd8c693114f6d759f4635bc061526c36c44ee63113206d4d7558b9f36
SERVER_HANDSHAKE_TRAFFIC_SECRET 3f58945bc1d0186b9c8e874cf0057d2367afc78514ea566e5a7a24350a3e0f50 6f2dae405ad079c6089e024abc7e7af8c79c25c0016f5b16bfc2a24f967e3a4c0aef6b649042c47c86a3b86d2a2d52b3
CLIENT_HANDSHAKE_TRAFFIC_SECRET 3f58945bc1d0186b9c8e874cf0057d2367afc78514ea566e5a7a24350a3e0f50 c69e47d8ab831ffca480f2ad1415097131915835de059e7d46c5056cdd4a5de466a87f58eb066d8d9310d8033573bd62
SERVER_TRAFFIC_SECRET_0 3f58945bc1d0186b9c8e874cf0057d2367afc78514ea566e5a7a24350a3e0f50 1b67cfb892638704b7511ce38ec3ed8a019a384ee6c7609d5f7377c0184960b4833372c93ded5b0ff2cbe4f8932f8f5d
CLIENT_TRAFFIC_SECRET_0 3f58945bc1d0186b9c8e874cf0057d2367afc78514ea566e5a7a24350a3e0f50 b069b4434c24d9b4f2cfde1138a77d1fbf4ae24501d5bd3f46ea3f3e962b4be0bb490b316cc0ab4e3c80795f2fe2b983
CLIENT_HANDSHAKE_TRAFFIC_SECRET 601d940d860e49928a21f91be0032fc937cc5896dc62953a4fc4496cd7f8eee8 c0d7c401fac79d841321439615a820233b2fa1fc719a2d56893494a79f9dd99ffbd6ef0179f64333ac89687c27fde520
SERVER_HANDSHAKE_TRAFFIC_SECRET 601d940d860e49928a21f91be0032fc937cc5896dc62953a4fc4496cd7f8eee8 df79a6e055def578a0816391ef990a8a3c9825c2e04642edc9bb2343495d976460457aa112ba7eb89b22526438b4c667
CLIENT_TRAFFIC_SECRET_0 601d940d860e49928a21f91be0032fc937cc5896dc62953a4fc4496cd7f8eee8 956dbb53ed134a787177c98b1db0f17275bd22c02fce6f7ace6951a2067bf93b3af6e36d070888955e62d801ae04f683
SERVER_TRAFFIC_SECRET_0 601d940d860e49928a21f91be0032fc937cc5896dc62953a4fc4496cd7f8eee8 b3d882198f7ec7807e9025efd2f79ba70f94a80b3f0e2ce507a44c91daa605bbb5399a2a69178becaddb94a7fbf62539
EXPORTER_SECRET 601d940d860e49928a21f91be0032fc937cc5896dc62953a4fc4496cd7f8eee8 54cfea56c85c421e9ea6aacb09a1d1614454b2bc3bcded8e66a87a00b2150e5323e1684a1fc131ece9921fffa91de925
SERVER_HANDSHAKE_TRAFFIC_SECRET 601d940d860e49928a21f91be0032fc937cc5896dc62953a4fc4496cd7f8eee8 df79a6e055def578a0816391ef990a8a3c9825c2e04642edc9bb2343495d976460457aa112ba7eb89b22526438b4c667
CLIENT_HANDSHAKE_TRAFFIC_SECRET 601d940d860e49928a21f91be0032fc937cc5896dc62953a4fc4496cd7f8eee8 c0d7c401fac79d841321439615a820233b2fa1fc719a2d56893494a79f9dd99ffbd6ef0179f64333ac89687c27fde520
SERVER_TRAFFIC_SECRET_0 601d940d860e49928a21f91be0032fc937cc5896dc62953a4fc4496cd7f8eee8 b3d882198f7ec7807e9025efd2f79ba70f94a80b3f0e2ce507a44c91daa605bbb5399a2a69178becaddb94a7fbf62539
CLIENT_TRAFFIC_SECRET_0 601d940d860e49928a21f91be0032fc937cc5896dc62953a4fc4496cd7f8eee8 956dbb53ed134a787177c98b1db0f17275bd22c02fce6f7ace6951a2067bf93b3af6e36d070888955e62d801ae04f683
CLIENT_HANDSHAKE_TRAFFIC_SECRET 6b587d5155cc3a231511bf4508cfbe362646a613a405b5b0c6badef4f3bfa2e9 8751f8dfa37c1a73089c04c3e3b7d04bedfddf2cc1bca511e317c1fcb1294272d01845cbf81921475e812f2c83056e15
SERVER_HANDSHAKE_TRAFFIC_SECRET 6b587d5155cc3a231511bf4508cfbe362646a613a405b5b0c6badef4f3bfa2e9 8495ac937082368f63bea70df4d0e34996b748a3a3304cdf8b4446490be6a4bdb760df04e875f657076da37783b63e3e
CLIENT_TRAFFIC_SECRET_0 6b587d5155cc3a231511bf4508cfbe362646a613a405b5b0c6badef4f3bfa2e9 e19677b0d355a5dabc456876133dd6497d655796b9e62590b182ab47fbe211cd2cafe58df954450388802425d8d5bec7
SERVER_TRAFFIC_SECRET_0 6b587d5155cc3a231511bf4508cfbe362646a613a405b5b0c6badef4f3bfa2e9 6281f2ebc66c3437ae7b2e3123aa9adef0a74666703df1af47b15414628072b7aacccd1130feec6f40964349b0c208e7
EXPORTER_SECRET 6b587d5155cc3a231511bf4508cfbe362646a613a405b5b0c6badef4f3bfa2e9 d673a4a2cc983e81b0ed9bee768bfd8074c9b8d162c4aad2521ff55e05fcd431e5397c8c6469886c06680d897a02e63c
SERVER_HANDSHAKE_TRAFFIC_SECRET 6b587d5155cc3a231511bf4508cfbe362646a613a405b5b0c6badef4f3bfa2e9 8495ac937082368f63bea70df4d0e34996b748a3a3304cdf8b4446490be6a4bdb760df04e875f657076da37783b63e3e
CLIENT_HANDSHAKE_TRAFFIC_SECRET 6b587d5155cc3a231511bf4508cfbe362646a613a405b5b0c6badef4f3bfa2e9 8751f8dfa37c1a73089c04c3e3b7d04bedfddf2cc1bca511e317c1fcb1294272d01845cbf81921475e812f2c83056e15
SERVER_TRAFFIC_SECRET_0 6b587d5155cc3a231511bf4508cfbe362646a613a405b5b0c6badef4f3bfa2e9 6281f2ebc66c3437ae7b2e3123aa9adef0a74666703df1af47b15414628072b7aacccd1130feec6f40964349b0c208e7
CLIENT_TRAFFIC_SECRET_0 6b587d5155cc3a231511bf4508cfbe362646a613a405b5b0c6badef4f3bfa2e9 e19677b0d355a5dabc456876133dd6497d655796b9e62590b182ab47fbe211cd2cafe58df954450388802425d8d5bec7
CLIENT_HANDSHAKE_TRAFFIC_SECRET b9d613fcf37a5ca432a1127fa9c4c116536c30feb98d9cab2e55106eeb94e7ca 9350fe95418ea7e235f6c97bc242a05ac77ea9aa0e02b2a5f19aabe582cfd0b917b69cec26c5f90f3331cbeb630b1fc4
SERVER_HANDSHAKE_TRAFFIC_SECRET b9d613fcf37a5ca432a1127fa9c4c116536c30feb98d9cab2e55106eeb94e7ca 03a006f9badc592ee65c3efc8b33d510998ee761d159c853392513532ce044474ae29c8d3409e6239ead92ab68d7ef05
CLIENT_TRAFFIC_SECRET_0 b9d613fcf37a5ca432a1127fa9c4c116536c30feb98d9cab2e55106eeb94e7ca cbb670188e92c4b02e5e091ac3da781110a5287178537cd64eb0a95bb655d8b3f4b17aad596e327635f0df480b43330d
SERVER_TRAFFIC_SECRET_0 b9d613fcf37a5ca432a1127fa9c4c116536c30feb98d9cab2e55106eeb94e7ca 24aaede72973fe3be4425b6d0c545f3896915b806f1a853e20bdf90efed757cc5f433125611f07987609c384f70175e1
EXPORTER_SECRET b9d613fcf37a5ca432a1127fa9c4c116536c30feb98d9cab2e55106eeb94e7ca f04f9c88f3537926e84d9600cde58dc4f8dbcdff16861d3ee2f8f0d6d00129516b19e886fefe3ce01f1cbc28a96e9356
SERVER_HANDSHAKE_TRAFFIC_SECRET b9d613fcf37a5ca432a1127fa9c4c116536c30feb98d9cab2e55106eeb94e7ca 03a006f9badc592ee65c3efc8b33d510998ee761d159c853392513532ce044474ae29c8d3409e6239ead92ab68d7ef05
CLIENT_HANDSHAKE_TRAFFIC_SECRET b9d613fcf37a5ca432a1127fa9c4c116536c30feb98d9cab2e55106eeb94e7ca 9350fe95418ea7e235f6c97bc242a05ac77ea9aa0e02b2a5f19aabe582cfd0b917b69cec26c5f90f3331cbeb630b1fc4
SERVER_TRAFFIC_SECRET_0 b9d613fcf37a5ca432a1127fa9c4c116536c30feb98d9cab2e55106eeb94e7ca 24aaede72973fe3be4425b6d0c545f3896915b806f1a853e20bdf90efed757cc5f433125611f07987609c384f70175e1
CLIENT_TRAFFIC_SECRET_0 b9d613fcf37a5ca432a1127fa9c4c116536c30feb98d9cab2e55106eeb94e7ca cbb670188e92c4b02e5e091ac3da781110a5287178537cd64eb0a95bb655d8b3f4b17aad596e327635f0df480b43330d
CLIENT_HANDSHAKE_TRAFFIC_SECRET bf382c64b631baa5e2a34111eefa8b704868b2877bed9be6676e329b092693ec ba1592eb788e33ef6d3802961c340f09401753d393104d1d682b65400e16f9bb35424ff396d84ca9be0679fd31e86b2f
SERVER_HANDSHAKE_TRAFFIC_SECRET bf382c64b631baa5e2a34111eefa8b704868b2877bed9be6676e329b092693ec 98f51cdf455fad107951a3244c7cbe973755ed4db52c7b06a71237f1619e1a37b8b8cb4e90961c9ef352a6ad8aaca26c
CLIENT_TRAFFIC_SECRET_0 bf382c64b631baa5e2a34111eefa8b704868b2877bed9be6676e329b092693ec e54ad7a76874a7d2bcf937508522f7d165eeae989f2c9013cb6fb42029007f7c1824439ef0cf19a492ec17878e1533c8
SERVER_TRAFFIC_SECRET_0 bf382c64b631baa5e2a34111eefa8b704868b2877bed9be6676e329b092693ec 803a30d5af1f4853bef75ecf16591f4279c66e0df9ecb648934ebd4303a1190b0c1f66f3423b36f820d0ff54e1cfdc1f
EXPORTER_SECRET bf382c64b631baa5e2a34111eefa8b704868b2877bed9be6676e329b092693ec e95d38bcabc307f7563c7b138329ba655225fe29b1a3bc5ce04f402052b47cbbde4f5fe7c77e8f1247e6ead0b0d9df57
SERVER_HANDSHAKE_TRAFFIC_SECRET bf382c64b631baa5e2a34111eefa8b704868b2877bed9be6676e329b092693ec 98f51cdf455fad107951a3244c7cbe973755ed4db52c7b06a71237f1619e1a37b8b8cb4e90961c9ef352a6ad8aaca26c
CLIENT_HANDSHAKE_TRAFFIC_SECRET bf382c64b631baa5e2a34111eefa8b704868b2877bed9be6676e329b092693ec ba1592eb788e33ef6d3802961c340f09401753d393104d1d682b65400e16f9bb35424ff396d84ca9be0679fd31e86b2f
SERVER_TRAFFIC_SECRET_0 bf382c64b631baa5e2a34111eefa8b704868b2877bed9be6676e329b092693ec 803a30d5af1f4853bef75ecf16591f4279c66e0df9ecb648934ebd4303a1190b0c1f66f3423b36f820d0ff54e1cfdc1f
CLIENT_TRAFFIC_SECRET_0 bf382c64b631baa5e2a34111eefa8b704868b2877bed9be6676e329b092693ec e54ad7a76874a7d2bcf937508522f7d165eeae989f2c9013cb6fb42029007f7c1824439ef0cf19a492ec17878e1533c8
CLIENT_HANDSHAKE_TRAFFIC_SECRET 2e0854b06149d570e05e1b3db2fec07d98f3e7ae24b13118233fc8aefefdea67 92aaadb11ce881c65e7d71efb5a5d8124fbe2a03f7c2e76c08a850e49ac3b406c0349d563d33f28d6286d6c50fe5e617
SERVER_HANDSHAKE_TRAFFIC_SECRET 2e0854b06149d570e05e1b3db2fec07d98f3e7ae24b13118233fc8aefefdea67 8400f0222d13daa3fa851d216ef8691ca7514ca20c0bbb8587845f24c40f4d2d5c389595fb0ae53e99cf02556071aa1a
CLIENT_TRAFFIC_SECRET_0 2e0854b06149d570e05e1b3db2fec07d98f3e7ae24b13118233fc8aefefdea67 0a0541128c42e60304ab88b8600372906db55fd94f63886e63c441c229f2b54af53b8b5186b720a302cbf4a0456b76b5
SERVER_TRAFFIC_SECRET_0 2e0854b06149d570e05e1b3db2fec07d98f3e7ae24b13118233fc8aefefdea67 0c989b1dc5976148408c2fc691a64c6fb4d851f64d9be2a1328d36aa3719854af59a60c5cd101d381cfc90fe99914075
EXPORTER_SECRET 2e0854b06149d570e05e1b3db2fec07d98f3e7ae24b13118233fc8aefefdea67 147fa8130bc4e23169335fa425302da31122ec8706f8b8069272b91efd332bcb598cefe6a4e3c179d42b381743c0b0c5
SERVER_HANDSHAKE_TRAFFIC_SECRET 2e0854b06149d570e05e1b3db2fec07d98f3e7ae24b13118233fc8aefefdea67 8400f0222d13daa3fa851d216ef8691ca7514ca20c0bbb8587845f24c40f4d2d5c389595fb0ae53e99cf02556071aa1a
CLIENT_HANDSHAKE_TRAFFIC_SECRET 2e0854b06149d570e05e1b3db2fec07d98f3e7ae24b13118233fc8aefefdea67 92aaadb11ce881c65e7d71efb5a5d8124fbe2a03f7c2e76c08a850e49ac3b406c0349d563d33f28d6286d6c50fe5e617
SERVER_TRAFFIC_SECRET_0 2e0854b06149d570e05e1b3db2fec07d98f3e7ae24b13118233fc8aefefdea67 0c989b1dc5976148408c2fc691a64c6fb4d851f64d9be2a1328d36aa3719854af59a60c5cd101d381cfc90fe99914075
CLIENT_TRAFFIC_SECRET_0 2e0854b06149d570e05e1b3db2fec07d98f3e7ae24b13118233fc8aefefdea67 0a0541128c42e60304ab88b8600372906db55fd94f63886e63c441c229f2b54af53b8b5186b720a302cbf4a0456b76b5
CLIENT_HANDSHAKE_TRAFFIC_SECRET 80ea50a76ca56c5abc93660077437624a9741011e4e41f85a8f5ceb269dc55b3 cc41a0731d21cacb391a1c24fb4a8684cf51beff81e01df5c63a21c02c2a651b882b62b426df6efa56deb7fabdd2dde8
SERVER_HANDSHAKE_TRAFFIC_SECRET 80ea50a76ca56c5abc93660077437624a9741011e4e41f85a8f5ceb269dc55b3 9fc7ff5383a7081fada4c022cb56ba3088937ff7189f5da26c1b0e2d3aeec537ecaaa106ccbcbd626fe8bed27bcc16ed
CLIENT_TRAFFIC_SECRET_0 80ea50a76ca56c5abc93660077437624a9741011e4e41f85a8f5ceb269dc55b3 462c4092524c3517dec9a47a0e47ed887169a4c64a519e2045eaf2a2ef17bebbeab5a2453e65e7f59e95807bf92f04e4
SERVER_TRAFFIC_SECRET_0 80ea50a76ca56c5abc93660077437624a9741011e4e41f85a8f5ceb269dc55b3 1bbbe63bc0b55550694ef8369a1fdb9ee9a19235d9db0603fed733eb821e870b77bb620741b86fdb6a9f26af3ade4103
EXPORTER_SECRET 80ea50a76ca56c5abc93660077437624a9741011e4e41f85a8f5ceb269dc55b3 f42c4edf6b434f852be19018cd03796473f9cdf54fbbcbedee1539bbc8f980caf6f4fa67ca3b855cd1d5d665f3bc54aa
SERVER_HANDSHAKE_TRAFFIC_SECRET 80ea50a76ca56c5abc93660077437624a9741011e4e41f85a8f5ceb269dc55b3 9fc7ff5383a7081fada4c022cb56ba3088937ff7189f5da26c1b0e2d3aeec537ecaaa106ccbcbd626fe8bed27bcc16ed
CLIENT_HANDSHAKE_TRAFFIC_SECRET 80ea50a76ca56c5abc93660077437624a9741011e4e41f85a8f5ceb269dc55b3 cc41a0731d21cacb391a1c24fb4a8684cf51beff81e01df5c63a21c02c2a651b882b62b426df6efa56deb7fabdd2dde8
SERVER_TRAFFIC_SECRET_0 80ea50a76ca56c5abc93660077437624a9741011e4e41f85a8f5ceb269dc55b3 1bbbe63bc0b55550694ef8369a1fdb9ee9a19235d9db0603fed733eb821e870b77bb620741b86fdb6a9f26af3ade4103
CLIENT_TRAFFIC_SECRET_0 80ea50a76ca56c5abc93660077437624a9741011e4e41f85a8f5ceb269dc55b3 462c4092524c3517dec9a47a0e47ed887169a4c64a519e2045eaf2a2ef17bebbeab5a2453e65e7f59e95807bf92f04e4
CLIENT_HANDSHAKE_TRAFFIC_SECRET 88006de85df3db3f48b4586f882dadffab9dc66c244b8e5ab521f30c89afae23 737f297ce1021f97e9ee6426298d1e48f6ee3d4d1020a09139d2f93e1665403e7a6ffd50f976edc47114be3995440c33
SERVER_HANDSHAKE_TRAFFIC_SECRET 88006de85df3db3f48b4586f882dadffab9dc66c244b8e5ab521f30c89afae23 3f98583120d5a4768e6d57b8c10a424af53fcc8c2fa7b8a9eef4a4838c3670571a5d93ae072f8dd126cd82362640acac
CLIENT_TRAFFIC_SECRET_0 88006de85df3db3f48b4586f882dadffab9dc66c244b8e5ab521f30c89afae23 20e5cad246ffa36accafcb923fa19961e4a797bf4edf36138ff55829a7a76bf7af0c2c1dbd6684a2169783e0a06e4094
SERVER_TRAFFIC_SECRET_0 88006de85df3db3f48b4586f882dadffab9dc66c244b8e5ab521f30c89afae23 d66c48fe435464dc29ebd330740754ea38b0e9a79ac3bc073d1a7523cbbe14662bd74c09fdd165a788628cdca9adea79
EXPORTER_SECRET 88006de85df3db3f48b4586f882dadffab9dc66c244b8e5ab521f30c89afae23 b3383a3e632d1d2fc7be2ed673bfb1e090ec243cf594935c1626b7b0dc1b355f6e637c1814efa764110ef478fd7c7cb7
SERVER_HANDSHAKE_TRAFFIC_SECRET 88006de85df3db3f48b4586f882dadffab9dc66c244b8e5ab521f30c89afae23 3f98583120d5a4768e6d57b8c10a424af53fcc8c2fa7b8a9eef4a4838c3670571a5d93ae072f8dd126cd82362640acac
CLIENT_HANDSHAKE_TRAFFIC_SECRET 88006de85df3db3f48b4586f882dadffab9dc66c244b8e5ab521f30c89afae23 737f297ce1021f97e9ee6426298d1e48f6ee3d4d1020a09139d2f93e1665403e7a6ffd50f976edc47114be3995440c33
SERVER_TRAFFIC_SECRET_0 88006de85df3db3f48b4586f882dadffab9dc66c244b8e5ab521f30c89afae23 d66c48fe435464dc29ebd330740754ea38b0e9a79ac3bc073d1a7523cbbe14662bd74c09fdd165a788628cdca9adea79
CLIENT_TRAFFIC_SECRET_0 88006de85df3db3f48b4586f882dadffab9dc66c244b8e5ab521f30c89afae23 20e5cad246ffa36accafcb923fa19961e4a797bf4edf36138ff55829a7a76bf7af0c2c1dbd6684a2169783e0a06e4094
CLIENT_HANDSHAKE_TRAFFIC_SECRET a5993c847a4f2d5443b43cb459517bbe19a85d3381d51aa72774edcd43cecf1f 4260e953652723ab33585c1ac649b6e55ec6a6f3c5ad27c6e645f43b6f44beccc7677e7928740663af709c7522bd7b68
SERVER_HANDSHAKE_TRAFFIC_SECRET a5993c847a4f2d5443b43cb459517bbe19a85d3381d51aa72774edcd43cecf1f b42df72de8833814620a02073a69fb47061af4f7b0c9043921bd2f70653b0b4b31d810c672adf6fc35012c1ccf31453c
CLIENT_TRAFFIC_SECRET_0 a5993c847a4f2d5443b43cb459517bbe19a85d3381d51aa72774edcd43cecf1f 9db146ddae1ae917cb668e2a46212d920e4a3e2cd33bea1e0e5f146919767eafa214f2c4af082d3274461a00b4ddd5c4
SERVER_TRAFFIC_SECRET_0 a5993c847a4f2d5443b43cb459517bbe19a85d3381d51aa72774edcd43cecf1f 67c2740371e2c471abca3aae449f3c9d3761679d44de4c0e07f05e53f2d7848e3fec0f50296013b442210dc91daeb4d0
EXPORTER_SECRET a5993c847a4f2d5443b43cb459517bbe19a85d3381d51aa72774edcd43cecf1f ad5ef72f25ebcf49fe604d3c6c837201c527189390798c9bac7796945b3afb0b9915c6bdfbbb765fdb08ece3953c77e6
SERVER_HANDSHAKE_TRAFFIC_SECRET a5993c847a4f2d5443b43cb459517bbe19a85d3381d51aa72774edcd43cecf1f b42df72de8833814620a02073a69fb47061af4f7b0c9043921bd2f70653b0b4b31d810c672adf6fc35012c1ccf31453c
CLIENT_HANDSHAKE_TRAFFIC_SECRET a5993c847a4f2d5443b43cb459517bbe19a85d3381d51aa72774edcd43cecf1f 4260e953652723ab33585c1ac649b6e55ec6a6f3c5ad27c6e645f43b6f44beccc7677e7928740663af709c7522bd7b68
SERVER_TRAFFIC_SECRET_0 a5993c847a4f2d5443b43cb459517bbe19a85d3381d51aa72774edcd43cecf1f 67c2740371e2c471abca3aae449f3c9d3761679d44de4c0e07f05e53f2d7848e3fec0f50296013b442210dc91daeb4d0
CLIENT_TRAFFIC_SECRET_0 a5993c847a4f2d5443b43cb459517bbe19a85d3381d51aa72774edcd43cecf1f 9db146ddae1ae917cb668e2a46212d920e4a3e2cd33bea1e0e5f146919767eafa214f2c4af082d3274461a00b4ddd5c4
CLIENT_HANDSHAKE_TRAFFIC_SECRET d940b5ca9ba92c4b2031aac828ad1d0f8983ef924fdf2a5d607b41e8db2cabe4 090bd6662afc6095665cf1459e7e6fe5c044d2555fa238647a0ec2982fa77897c1aa629a9269715ccb4a55969902fc56
SERVER_HANDSHAKE_TRAFFIC_SECRET d940b5ca9ba92c4b2031aac828ad1d0f8983ef924fdf2a5d607b41e8db2cabe4 92bad8564541168a6c124d3733892eb394df4ffec3f473553764ea69383a2e3b3a8c0a3a7b8bc26a7bba03cb25526943
CLIENT_TRAFFIC_SECRET_0 d940b5ca9ba92c4b2031aac828ad1d0f8983ef924fdf2a5d607b41e8db2cabe4 742dd2afab93a392adf65b2760ffd52dc34939f1dcd054f9a0e1d8d215c05ad94832d8e9ebe0d5bf6c7d16cc549c13c8
SERVER_TRAFFIC_SECRET_0 d940b5ca9ba92c4b2031aac828ad1d0f8983ef924fdf2a5d607b41e8db2cabe4 623dcc4021403d428900eb07f373403f6f9ccfc2124eea5a7b268c7a94c9ac0649022e77b6c37963b345f5adfd819ef2
EXPORTER_SECRET d940b5ca9ba92c4b2031aac828ad1d0f8983ef924fdf2a5d607b41e8db2cabe4 fe125021924dd17ef5a6f856ad258e153f51983284e95e91e8fa4dacab7c1fd2b8c2a72dc68f2041862bb9768cc0ee35
SERVER_HANDSHAKE_TRAFFIC_SECRET d940b5ca9ba92c4b2031aac828ad1d0f8983ef924fdf2a5d607b41e8db2cabe4 92bad8564541168a6c124d3733892eb394df4ffec3f473553764ea69383a2e3b3a8c0a3a7b8bc26a7bba03cb25526943
CLIENT_HANDSHAKE_TRAFFIC_SECRET d940b5ca9ba92c4b2031aac828ad1d0f8983ef924fdf2a5d607b41e8db2cabe4 090bd6662afc6095665cf1459e7e6fe5c044d2555fa238647a0ec2982fa77897c1aa629a9269715ccb4a55969902fc56
SERVER_TRAFFIC_SECRET_0 d940b5ca9ba92c4b2031aac828ad1d0f8983ef924fdf2a5d607b41e8db2cabe4 623dcc4021403d428900eb07f373403f6f9ccfc2124eea5a7b268c7a94c9ac0649022e77b6c37963b345f5adfd819ef2
CLIENT_TRAFFIC_SECRET_0 d940b5ca9ba92c4b2031aac828ad1d0f8983ef924fdf2a5d607b41e8db2cabe4 742dd2afab93a392adf65b2760ffd52dc34939f1dcd054f9a0e1d8d215c05ad94832d8e9ebe0d5bf6c7d16cc549c13c8
CLIENT_HANDSHAKE_TRAFFIC_SECRET 7e54e81510faf6ab1a5234137830724c44cf2d0ba87224e7ba786c79cf9813bc d3a65a74d9bbf7101fe5173612af1188ca7cd6720e1768d98f2a7511eaf6badcb6b1954cf947e4943ee21e16533d09d9
SERVER_HANDSHAKE_TRAFFIC_SECRET 7e54e81510faf6ab1a5234137830724c44cf2d0ba87224e7ba786c79cf9813bc b947d93570d8c5b0ef1595a7385abf231945cb4cf869fe2302ac4711f4b65600e3e45fca7ff0c193698f14df0a13e5dc
CLIENT_TRAFFIC_SECRET_0 7e54e81510faf6ab1a5234137830724c44cf2d0ba87224e7ba786c79cf9813bc 981fe424e1869b917a6ba9e672b5567b26a3e3665db3aa403c5957f0dfaac6c768742e91facbbfc6022792f425824dc1
SERVER_TRAFFIC_SECRET_0 7e54e81510faf6ab1a5234137830724c44cf2d0ba87224e7ba786c79cf9813bc 61ad7ae485d890532eb3c0580bf72f7080015ae0944107ca62728c4d311b11cee529deaf5d2f9dca82769bcf5a29449c
EXPORTER_SECRET 7e54e81510faf6ab1a5234137830724c44cf2d0ba87224e7ba786c79cf9813bc 029f1f065b0bc2f8132cf920a4459978545a73fbba8ffa3b31cb2ecbe58257cbc5ca2b747d6b26c9dfa65d4c27df60ed
SERVER_HANDSHAKE_TRAFFIC_SECRET 7e54e81510faf6ab1a5234137830724c44cf2d0ba87224e7ba786c79cf9813bc b947d93570d8c5b0ef1595a7385abf231945cb4cf869fe2302ac4711f4b65600e3e45fca7ff0c193698f14df0a13e5dc
CLIENT_HANDSHAKE_TRAFFIC_SECRET 7e54e81510faf6ab1a5234137830724c44cf2d0ba87224e7ba786c79cf9813bc d3a65a74d9bbf7101fe5173612af1188ca7cd6720e1768d98f2a7511eaf6badcb6b1954cf947e4943ee21e16533d09d9
SERVER_TRAFFIC_SECRET_0 7e54e81510faf6ab1a5234137830724c44cf2d0ba87224e7ba786c79cf9813bc 61ad7ae485d890532eb3c0580bf72f7080015ae0944107ca62728c4d311b11cee529deaf5d2f9dca82769bcf5a29449c
CLIENT_TRAFFIC_SECRET_0 7e54e81510faf6ab1a5234137830724c44cf2d0ba87224e7ba786c79cf9813bc 981fe424e1869b917a6ba9e672b5567b26a3e3665db3aa403c5957f0dfaac6c768742e91facbbfc6022792f425824dc1
CLIENT_HANDSHAKE_TRAFFIC_SECRET 7fe8ea0da7f6ae8a214bfb8d79d863252ded7ecd112b7c7266128a4f4d3924e3 4904c49a56d27c537538cfbcc95d8f4719ebf0d5e76d16dcd4563e798044908d6a010009d9fa6b7b6695de677361ca21
SERVER_HANDSHAKE_TRAFFIC_SECRET 7fe8ea0da7f6ae8a214bfb8d79d863252ded7ecd112b7c7266128a4f4d3924e3 17b27cb4f7b8d014cee3490c52435b7e60b4cd2982b9baedce9ea59058ba7b4e197bdeab311cf3443453351b71c9448e
CLIENT_TRAFFIC_SECRET_0 7fe8ea0da7f6ae8a214bfb8d79d863252ded7ecd112b7c7266128a4f4d3924e3 1a91a5191333b03b6c2c67c65c41ce2467e6bc9a7d6df066e3c409b259951f7a6e355617f14e4c8dcd4a372048360d7f
SERVER_TRAFFIC_SECRET_0 7fe8ea0da7f6ae8a214bfb8d79d863252ded7ecd112b7c7266128a4f4d3924e3 27ca4ee621b5edbc8188407b6a0cebb25409f342d58ed56adf5ece9fb21b2e8dcb6d37f4a3037d1630fc41a79b8c3389
EXPORTER_SECRET 7fe8ea0da7f6ae8a214bfb8d79d863252ded7ecd112b7c7266128a4f4d3924e3 e43e1092642c8f33c0aa6c148f2a798e6faed8513aaa7b4bee823bb794ad6c6d8430f060eeb189e60e50ebddb8d82171
SERVER_HANDSHAKE_TRAFFIC_SECRET 7fe8ea0da7f6ae8a214bfb8d79d863252ded7ecd112b7c7266128a4f4d3924e3 17b27cb4f7b8d014cee3490c52435b7e60b4cd2982b9baedce9ea59058ba7b4e197bdeab311cf3443453351b71c9448e
CLIENT_HANDSHAKE_TRAFFIC_SECRET 7fe8ea0da7f6ae8a214bfb8d79d863252ded7ecd112b7c7266128a4f4d3924e3 4904c49a56d27c537538cfbcc95d8f4719ebf0d5e76d16dcd4563e798044908d6a010009d9fa6b7b6695de677361ca21
SERVER_TRAFFIC_SECRET_0 7fe8ea0da7f6ae8a214bfb8d79d863252ded7ecd112b7c7266128a4f4d3924e3 27ca4ee621b5edbc8188407b6a0cebb25409f342d58ed56adf5ece9fb21b2e8dcb6d37f4a3037d1630fc41a79b8c3389
CLIENT_TRAFFIC_SECRET_0 7fe8ea0da7f6ae8a214bfb8d79d863252ded7ecd112b7c7266128a4f4d3924e3 1a91a5191333b03b6c2c67c65c41ce2467e6bc9a7d6df066e3c409b259951f7a6e355617f14e4c8dcd4a372048360d7f
CLIENT_HANDSHAKE_TRAFFIC_SECRET 20d882f223a9694961344eb1f005d7d60c5f252f79b9ad7a317d0a7dc3b5a5e5 6f7fcfea91fdc9852638ea9eb31e04313bd45b1bba055709922a247710b37211f2b47cffba683d98b0029dea6125cb07
SERVER_HANDSHAKE_TRAFFIC_SECRET 20d882f223a9694961344eb1f005d7d60c5f252f79b9ad7a317d0a7dc3b5a5e5 ed18d1974a4d44125246a2005ca85d93df8a02bfc0bd671925f168778a6349d616f8caa35f410238c3c495483cf10e78
CLIENT_TRAFFIC_SECRET_0 20d882f223a9694961344eb1f005d7d60c5f252f79b9ad7a317d0a7dc3b5a5e5 450257b17f912876ad922aea4592bf1f9fd683f3e9b798f54f4810a350e6cd96c436ebd05307c7cff41dc5045e1ab0dd
SERVER_TRAFFIC_SECRET_0 20d882f223a9694961344eb1f005d7d60c5f252f79b9ad7a317d0a7dc3b5a5e5 e5bd7e23c2ad8e084ab02083fdf010f2c18a7d9c5baf8d262fb5808ffd6b60dc4af539910fd965ac090576328172bbe5
EXPORTER_SECRET 20d882f223a9694961344eb1f005d7d60c5f252f79b9ad7a317d0a7dc3b5a5e5 b433b706f4e84b679f0da1dea13fa4a5fa0d78838286900b4dc73fe00ab4dd06c29a6eead1c370201625afdb99ed6360
SERVER_HANDSHAKE_TRAFFIC_SECRET 20d882f223a9694961344eb1f005d7d60c5f252f79b9ad7a317d0a7dc3b5a5e5 ed18d1974a4d44125246a2005ca85d93df8a02bfc0bd671925f168778a6349d616f8caa35f410238c3c495483cf10e78
CLIENT_HANDSHAKE_TRAFFIC_SECRET 20d882f223a9694961344eb1f005d7d60c5f252f79b9ad7a317d0a7dc3b5a5e5 6f7fcfea91fdc9852638ea9eb31e04313bd45b1bba055709922a247710b37211f2b47cffba683d98b0029dea6125cb07
SERVER_TRAFFIC_SECRET_0 20d882f223a9694961344eb1f005d7d60c5f252f79b9ad7a317d0a7dc3b5a5e5 e5bd7e23c2ad8e084ab02083fdf010f2c18a7d9c5baf8d262fb5808ffd6b60dc4af539910fd965ac090576328172bbe5
CLIENT_TRAFFIC_SECRET_0 20d882f223a9694961344eb1f005d7d60c5f252f79b9ad7a317d0a7dc3b5a5e5 450257b17f912876ad922aea4592bf1f9fd683f3e9b798f54f4810a350e6cd96c436ebd05307c7cff41dc5045e1ab0dd
CLIENT_HANDSHAKE_TRAFFIC_SECRET bb48cbb4529d065c95ab88c1290a3cfa5861be06efd9da3139335076b29e45a2 d33ee62bad621f6a3efa22149c65467413a484fa45fa26e66e0ac679356359fc1feabfc14a0dd01eefbea7e5cc9bb57a
SERVER_HANDSHAKE_TRAFFIC_SECRET bb48cbb4529d065c95ab88c1290a3cfa5861be06efd9da3139335076b29e45a2 aceb0caf5edb771d1e0d9882989ac64006f9dd252ee691a57702c1922f9b4e37f9008e4cce2fd401961eb2ad334c41da
CLIENT_TRAFFIC_SECRET_0 bb48cbb4529d065c95ab88c1290a3cfa5861be06efd9da3139335076b29e45a2 79b0eff0305b6e9da8362df22db99f9823a8cd66b646e9b897c152ea7b878308850b8402bb05919ac3e6def4d03941d1
SERVER_TRAFFIC_SECRET_0 bb48cbb4529d065c95ab88c1290a3cfa5861be06efd9da3139335076b29e45a2 947db8c4a945c13a4c7d3899a9e859f3dd083c9b2e76a0c8adc2a7df0ead2bdca34b82e441211125d8d5a738d96df7e4
EXPORTER_SECRET bb48cbb4529d065c95ab88c1290a3cfa5861be06efd9da3139335076b29e45a2 14f2f9387bfd1500cbea8c2a28684b29925d481ab9b87b4609ffcc7ba5df5f48123a342099b17a0bf6b9345ec69a74bf
SERVER_HANDSHAKE_TRAFFIC_SECRET bb48cbb4529d065c95ab88c1290a3cfa5861be06efd9da3139335076b29e45a2 aceb0caf5edb771d1e0d9882989ac64006f9dd252ee691a57702c1922f9b4e37f9008e4cce2fd401961eb2ad334c41da
CLIENT_HANDSHAKE_TRAFFIC_SECRET bb48cbb4529d065c95ab88c1290a3cfa5861be06efd9da3139335076b29e45a2 d33ee62bad621f6a3efa22149c65467413a484fa45fa26e66e0ac679356359fc1feabfc14a0dd01eefbea7e5cc9bb57a
SERVER_TRAFFIC_SECRET_0 bb48cbb4529d065c95ab88c1290a3cfa5861be06efd9da3139335076b29e45a2 947db8c4a945c13a4c7d3899a9e859f3dd083c9b2e76a0c8adc2a7df0ead2bdca34b82e441211125d8d5a738d96df7e4
CLIENT_TRAFFIC_SECRET_0 bb48cbb4529d065c95ab88c1290a3cfa5861be06efd9da3139335076b29e45a2 79b0eff0305b6e9da8362df22db99f9823a8cd66b646e9b897c152ea7b878308850b8402bb05919ac3e6def4d03941d1
CLIENT_HANDSHAKE_TRAFFIC_SECRET a68a431d57bbd428f1533dd4f544107211bf1bdb224b197bb9100602c5cb4aca c27f445f96aaf99959220652f3c36adcb2d261388adad7b791aad4855b5cf5b19027458dd683a23b1810991f287e8bbb
SERVER_HANDSHAKE_TRAFFIC_SECRET a68a431d57bbd428f1533dd4f544107211bf1bdb224b197bb9100602c5cb4aca d590de796d8550a940bf7f713711bec958138b10a3bf4c341f2db08ab32c49b1d1f868f354fe647a062d2968c187a752
CLIENT_TRAFFIC_SECRET_0 a68a431d57bbd428f1533dd4f544107211bf1bdb224b197bb9100602c5cb4aca 641f51bebe3a0f99863097d99e5bf869c1f4256abe7e58bfd5cc133f0ae2e7405740cfe51c9c52698febd2002de7aa1c
SERVER_TRAFFIC_SECRET_0 a68a431d57bbd428f1533dd4f544107211bf1bdb224b197bb9100602c5cb4aca 09d41ffa96147179f0d1280453ffcec6d4fd08b3e5a248534a872630ef1b878b0c0eaa31f335e071b9968b026fc17950
EXPORTER_SECRET a68a431d57bbd428f1533dd4f544107211bf1bdb224b197bb9100602c5cb4aca 896cefbb9c126eb41b6e813bc591c4168c90be23611781661bc1b266d094905f4ffb302a5f1057ce67d620cbb940de87
SERVER_HANDSHAKE_TRAFFIC_SECRET a68a431d57bbd428f1533dd4f544107211bf1bdb224b197bb9100602c5cb4aca d590de796d8550a940bf7f713711bec958138b10a3bf4c341f2db08ab32c49b1d1f868f354fe647a062d2968c187a752
CLIENT_HANDSHAKE_TRAFFIC_SECRET a68a431d57bbd428f1533dd4f544107211bf1bdb224b197bb9100602c5cb4aca c27f445f96aaf99959220652f3c36adcb2d261388adad7b791aad4855b5cf5b19027458dd683a23b1810991f287e8bbb
SERVER_TRAFFIC_SECRET_0 a68a431d57bbd428f1533dd4f544107211bf1bdb224b197bb9100602c5cb4aca 09d41ffa96147179f0d1280453ffcec6d4fd08b3e5a248534a872630ef1b878b0c0eaa31f335e071b9968b026fc17950
CLIENT_TRAFFIC_SECRET_0 a68a431d57bbd428f1533dd4f544107211bf1bdb224b197bb9100602c5cb4aca 641f51bebe3a0f99863097d99e5bf869c1f4256abe7e58bfd5cc133f0ae2e7405740cfe51c9c52698febd2002de7aa1c
CLIENT_HANDSHAKE_TRAFFIC_SECRET 975550bb056d1f6f7ba657ad3ebc84858a886f2450fa7274119802581cabfb40 75643dd747dedbc4f06900ea2f7c2b65fbaae68617820dd09bdc2832530ae09d5253ee66446f16612e753155647c9661
SERVER_HANDSHAKE_TRAFFIC_SECRET 975550bb056d1f6f7ba657ad3ebc84858a886f2450fa7274119802581cabfb40 5485597fb8b7aa87f3de9b7dff2de7954e4627742f0dbaf9c8bc6cd0ab10ef12f14c293da50477a52559b8333a78cef8
CLIENT_TRAFFIC_SECRET_0 975550bb056d1f6f7ba657ad3ebc84858a886f2450fa7274119802581cabfb40 95f05cdc320fb664c7d265241e35b29ce0a102447e9236d978268075b42e5c7a53196e41ff8d1097a4335bec8fb03123
SERVER_TRAFFIC_SECRET_0 975550bb056d1f6f7ba657ad3ebc84858a886f2450fa7274119802581cabfb40 b285e608e5bc9ff58a098bd6870cee8b6aa4c6b24b5d3c5dacc179910128d9866d719fc96cb4676856555dadb5e4b698
EXPORTER_SECRET 975550bb056d1f6f7ba657ad3ebc84858a886f2450fa7274119802581cabfb40 cd91bd7917f96c7c2499451b87bf1aec47b1c5039c8eaf5d09156ddf3234525f5d8230e102549112e7e4ee76c7562a68
SERVER_HANDSHAKE_TRAFFIC_SECRET 975550bb056d1f6f7ba657ad3ebc84858a886f2450fa7274119802581cabfb40 5485597fb8b7aa87f3de9b7dff2de7954e4627742f0dbaf9c8bc6cd0ab10ef12f14c293da50477a52559b8333a78cef8
CLIENT_HANDSHAKE_TRAFFIC_SECRET 975550bb056d1f6f7ba657ad3ebc84858a886f2450fa7274119802581cabfb40 75643dd747dedbc4f06900ea2f7c2b65fbaae68617820dd09bdc2832530ae09d5253ee66446f16612e753155647c9661
SERVER_TRAFFIC_SECRET_0 975550bb056d1f6f7ba657ad3ebc84858a886f2450fa7274119802581cabfb40 b285e608e5bc9ff58a098bd6870cee8b6aa4c6b24b5d3c5dacc179910128d9866d719fc96cb4676856555dadb5e4b698
CLIENT_TRAFFIC_SECRET_0 975550bb056d1f6f7ba657ad3ebc84858a886f2450fa7274119802581cabfb40 95f05cdc320fb664c7d265241e35b29ce0a102447e9236d978268075b42e5c7a53196e41ff8d1097a4335bec8fb03123
CLIENT_HANDSHAKE_TRAFFIC_SECRET ace7edb6b5798e4032e9084e1e2ed376fac5ad6e2d80b9043f76a562891fc75e cb63dacf897756abafd66b1f363e8bcfb9f61e2bd6f7501c9e96d20bdc5310dc886195e083381bb4ad587879baf564f6
SERVER_HANDSHAKE_TRAFFIC_SECRET ace7edb6b5798e4032e9084e1e2ed376fac5ad6e2d80b9043f76a562891fc75e e6d737152fee7a921ca12d16fa7bbf1e96569ed80c1fbcdff2e5c7eb20d268d8d3debf89c7d8c319a32d63fe2336d962
CLIENT_TRAFFIC_SECRET_0 ace7edb6b5798e4032e9084e1e2ed376fac5ad6e2d80b9043f76a562891fc75e 1851256054ade9bb7f7033120d257a69496475988df8e4cf062342e7d8d834f24e0fd9a4551cf3b69fdfa8f02e7d78e2
SERVER_TRAFFIC_SECRET_0 ace7edb6b5798e4032e9084e1e2ed376fac5ad6e2d80b9043f76a562891fc75e 83e2c7afcef28261fe5ba92585b46a9e20071c84f609fd626757067619d43cfb90bd1389c62874d1408a7a5a2d5afe84
EXPORTER_SECRET ace7edb6b5798e4032e9084e1e2ed376fac5ad6e2d80b9043f76a562891fc75e 8e5c69e54ac974259824d232515e4f3f71360b2f9651990f93b971ca08d06c2c4c9d8ec541099b649ccc4805d8c10157
SERVER_HANDSHAKE_TRAFFIC_SECRET ace7edb6b5798e4032e9084e1e2ed376fac5ad6e2d80b9043f76a562891fc75e e6d737152fee7a921ca12d16fa7bbf1e96569ed80c1fbcdff2e5c7eb20d268d8d3debf89c7d8c319a32d63fe2336d962
CLIENT_HANDSHAKE_TRAFFIC_SECRET ace7edb6b5798e4032e9084e1e2ed376fac5ad6e2d80b9043f76a562891fc75e cb63dacf897756abafd66b1f363e8bcfb9f61e2bd6f7501c9e96d20bdc5310dc886195e083381bb4ad587879baf564f6
SERVER_TRAFFIC_SECRET_0 ace7edb6b5798e4032e9084e1e2ed376fac5ad6e2d80b9043f76a562891fc75e 83e2c7afcef28261fe5ba92585b46a9e20071c84f609fd626757067619d43cfb90bd1389c62874d1408a7a5a2d5afe84
CLIENT_TRAFFIC_SECRET_0 ace7edb6b5798e4032e9084e1e2ed376fac5ad6e2d80b9043f76a562891fc75e 1851256054ade9bb7f7033120d257a69496475988df8e4cf062342e7d8d834f24e0fd9a4551cf3b69fdfa8f02e7d78e2
CLIENT_HANDSHAKE_TRAFFIC_SECRET 49783df8fe8e839a7e710c282ac548a4a5406c392107369e2e745ccc1eed2329 5d9717af599052791f61ce7c0080936b4c4e2408458a4e570f5093899d13b5a9b5e31b9ffe07bcdaacd77b65f69140db
SERVER_HANDSHAKE_TRAFFIC_SECRET 49783df8fe8e839a7e710c282ac548a4a5406c392107369e2e745ccc1eed2329 2c219c6415af1e0f9b3b6e6e5c70271dcc0a149cdc7a9b40f279361ed9057995f9069a3f7977987cbdfd5cd7260de69b
CLIENT_TRAFFIC_SECRET_0 49783df8fe8e839a7e710c282ac548a4a5406c392107369e2e745ccc1eed2329 f3111f3a52fd24d7cf763c85f092df0e437224e04b90fd3237ec7b7c992136451f56e274f9df2a9ee48c8504f71dfa9d
SERVER_TRAFFIC_SECRET_0 49783df8fe8e839a7e710c282ac548a4a5406c392107369e2e745ccc1eed2329 45a4515c5f4535968288e58f34b2f2337abeeb97ee7f8aa016637a82b6cffd13c3f79632ae33a308658bf1fdd436ba18
EXPORTER_SECRET 49783df8fe8e839a7e710c282ac548a4a5406c392107369e2e745ccc1eed2329 6b3766e3df9fb432cf2bfc37f5e342a83fda0aadaec2b79660974b4e40fc222d2a4f3cefc38a4ac36f63d3fe51b9dafb
SERVER_HANDSHAKE_TRAFFIC_SECRET 49783df8fe8e839a7e710c282ac548a4a5406c392107369e2e745ccc1eed2329 2c219c6415af1e0f9b3b6e6e5c70271dcc0a149cdc7a9b40f279361ed9057995f9069a3f7977987cbdfd5cd7260de69b
CLIENT_HANDSHAKE_TRAFFIC_SECRET 49783df8fe8e839a7e710c282ac548a4a5406c392107369e2e745ccc1eed2329 5d9717af599052791f61ce7c0080936b4c4e2408458a4e570f5093899d13b5a9b5e31b9ffe07bcdaacd77b65f69140db
SERVER_TRAFFIC_SECRET_0 49783df8fe8e839a7e710c282ac548a4a5406c392107369e2e745ccc1eed2329 45a4515c5f4535968288e58f34b2f2337abeeb97ee7f8aa016637a82b6cffd13c3f79632ae33a308658bf1fdd436ba18
CLIENT_TRAFFIC_SECRET_0 49783df8fe8e839a7e710c282ac548a4a5406c392107369e2e745ccc1eed2329 f3111f3a52fd24d7cf763c85f092df0e437224e04b90fd3237ec7b7c992136451f56e274f9df2a9ee48c8504f71dfa9d
CLIENT_HANDSHAKE_TRAFFIC_SECRET 8e93fc6ee9c959d1d8752acfae6fa66c49e44837e864fa1a34ce2e76ee9d6164 78177f59bed62fdf4c3ac07ed8dd1b01892e1aa4f3c0629dd59e954248ce2557d86c07af260146d890d7981ae025d733
SERVER_HANDSHAKE_TRAFFIC_SECRET 8e93fc6ee9c959d1d8752acfae6fa66c49e44837e864fa1a34ce2e76ee9d6164 2efbafe19a4daf73244acfeb15bd42ec71d00883326ad6a321a09a64297761e785d09d4f1539a3a3e974679aa08a9eb3
CLIENT_TRAFFIC_SECRET_0 8e93fc6ee9c959d1d8752acfae6fa66c49e44837e864fa1a34ce2e76ee9d6164 8aa4c2530ff8bf18f8499f7bf80713868ef2932a52c88fd4fbc9d3b28633ed7bf635f3515fbd67ff1a28e0ad3ef30525
SERVER_TRAFFIC_SECRET_0 8e93fc6ee9c959d1d8752acfae6fa66c49e44837e864fa1a34ce2e76ee9d6164 2fc31d25da8ca4a56a0f27fb0870e1a605182e9714f01cc688689c8804f97c40e2fda577ad0248b35453e76e3277a723
EXPORTER_SECRET 8e93fc6ee9c959d1d8752acfae6fa66c49e44837e864fa1a34ce2e76ee9d6164 f51f2d2e06fa561323f539247288a03f464196d4bcb3790fa219e23001d4aa0fb6ae317d945a294ba8730acadeecc919
SERVER_HANDSHAKE_TRAFFIC_SECRET 8e93fc6ee9c959d1d8752acfae6fa66c49e44837e864fa1a34ce2e76ee9d6164 2efbafe19a4daf73244acfeb15bd42ec71d00883326ad6a321a09a64297761e785d09d4f1539a3a3e974679aa08a9eb3
CLIENT_HANDSHAKE_TRAFFIC_SECRET 8e93fc6ee9c959d1d8752acfae6fa66c49e44837e864fa1a34ce2e76ee9d6164 78177f59bed62fdf4c3ac07ed8dd1b01892e1aa4f3c0629dd59e954248ce2557d86c07af260146d890d7981ae025d733
SERVER_TRAFFIC_SECRET_0 8e93fc6ee9c959d1d8752acfae6fa66c49e44837e864fa1a34ce2e76ee9d6164 2fc31d25da8ca4a56a0f27fb0870e1a605182e9714f01cc688689c8804f97c40e2fda577ad0248b35453e76e3277a723
CLIENT_TRAFFIC_SECRET_0 8e93fc6ee9c959d1d8752acfae6fa66c49e44837e864fa1a34ce2e76ee9d6164 8aa4c2530ff8bf18f8499f7bf80713868ef2932a52c88fd4fbc9d3b28633ed7bf635f3515fbd67ff1a28e0ad3ef30525
CLIENT_HANDSHAKE_TRAFFIC_SECRET 7847601aba1d60fca06e825a30cf1b9058ed962f08d0697ec257f25e55b86b69 56d316c69dc12548deecfb33a9125e5c9b966eb0309ab1130058f67a4ddb74e5e03e9c3b767dee2c36b16e37292a8823
SERVER_HANDSHAKE_TRAFFIC_SECRET 7847601aba1d60fca06e825a30cf1b9058ed962f08d0697ec257f25e55b86b69 a51cae1a1cadbf05df9ecf56368e3aae3b55627088b2d6015fc6c25ece45dfff7aa9978213640ce74acdad8dc962c8af
CLIENT_TRAFFIC_SECRET_0 7847601aba1d60fca06e825a30cf1b9058ed962f08d0697ec257f25e55b86b69 29ace4fbe379226cfdc65bf1057cf88620b59022b82369956518bf7328920090e3403ef29e29fd0427d32078d5482427
SERVER_TRAFFIC_SECRET_0 7847601aba1d60fca06e825a30cf1b9058ed962f08d0697ec257f25e55b86b69 310539fd739b1236aab286beed729eb61b9ca42e4262de87ee13eb87f6bc7703fc789996a02b6d6dafe87421cf9b328d
EXPORTER_SECRET 7847601aba1d60fca06e825a30cf1b9058ed962f08d0697ec257f25e55b86b69 a30e1f4c17e3fe3f19e3d2ee9ae44a70975f4330e2d96f8f03d38f4a6242a1318d91a81610f5ce90c9e181b6b402cd23
SERVER_HANDSHAKE_TRAFFIC_SECRET 7847601aba1d60fca06e825a30cf1b9058ed962f08d0697ec257f25e55b86b69 a51cae1a1cadbf05df9ecf56368e3aae3b55627088b2d6015fc6c25ece45dfff7aa9978213640ce74acdad8dc962c8af
CLIENT_HANDSHAKE_TRAFFIC_SECRET 7847601aba1d60fca06e825a30cf1b9058ed962f08d0697ec257f25e55b86b69 56d316c69dc12548deecfb33a9125e5c9b966eb0309ab1130058f67a4ddb74e5e03e9c3b767dee2c36b16e37292a8823
SERVER_TRAFFIC_SECRET_0 7847601aba1d60fca06e825a30cf1b9058ed962f08d0697ec257f25e55b86b69 310539fd739b1236aab286beed729eb61b9ca42e4262de87ee13eb87f6bc7703fc789996a02b6d6dafe87421cf9b328d
CLIENT_TRAFFIC_SECRET_0 7847601aba1d60fca06e825a30cf1b9058ed962f08d0697ec257f25e55b86b69 29ace4fbe379226cfdc65bf1057cf88620b59022b82369956518bf7328920090e3403ef29e29fd0427d32078d5482427
CLIENT_HANDSHAKE_TRAFFIC_SECRET 8e62f9c0419350168af7a5ffcd0e35c4766e6eb1d064435f725e76dc0979baf0 3ce32fb617a06c132a8b79a29b4c872ed5c3991d2a8317499f996d061f84756f36ff107b8da662130706ca4c50ba4451
SERVER_HANDSHAKE_TRAFFIC_SECRET 8e62f9c0419350168af7a5ffcd0e35c4766e6eb1d064435f725e76dc0979baf0 5cc2d3814d693c83e7ed1c27e3735a3ae7a320d9fb4d7a9c582238cd30689ce920bd41b9595f870c4589c202b2f2a995
CLIENT_TRAFFIC_SECRET_0 8e62f9c0419350168af7a5ffcd0e35c4766e6eb1d064435f725e76dc0979baf0 9c28736ac445f3af20bf0e6807e4b7e8884edfdbe4c5b2d41c20115b5802e0980332895c16eb6156c1260677fcd78967
SERVER_TRAFFIC_SECRET_0 8e62f9c0419350168af7a5ffcd0e35c4766e6eb1d064435f725e76dc0979baf0 6738d0bf8deed8bfbc3d983a77372bf39f09f4a512a5b80d0fd03d286ef1766749349416cdc6268a6386361d8d586e25
EXPORTER_SECRET 8e62f9c0419350168af7a5ffcd0e35c4766e6eb1d064435f725e76dc0979baf0 cd36b84203142428bfc2c9ef7b79b7b9876f8894464b14843ada92a46b51227778ef64873faaf2cb34c2f6c38d05ce6f
SERVER_HANDSHAKE_TRAFFIC_SECRET 8e62f9c0419350168af7a5ffcd0e35c4766e6eb1d064435f725e76dc0979baf0 5cc2d3814d693c83e7ed1c27e3735a3ae7a320d9fb4d7a9c582238cd30689ce920bd41b9595f870c4589c202b2f2a995
CLIENT_HANDSHAKE_TRAFFIC_SECRET 8e62f9c0419350168af7a5ffcd0e35c4766e6eb1d064435f725e76dc0979baf0 3ce32fb617a06c132a8b79a29b4c872ed5c3991d2a8317499f996d061f84756f36ff107b8da662130706ca4c50ba4451
SERVER_TRAFFIC_SECRET_0 8e62f9c0419350168af7a5ffcd0e35c4766e6eb1d064435f725e76dc0979baf0 6738d0bf8deed8bfbc3d983a77372bf39f09f4a512a5b80d0fd03d286ef1766749349416cdc6268a6386361d8d586e25
CLIENT_TRAFFIC_SECRET_0 8e62f9c0419350168af7a5ffcd0e35c4766e6eb1d064435f725e76dc0979baf0 9c28736ac445f3af20bf0e6807e4b7e8884edfdbe4c5b2d41c20115b5802e0980332895c16eb6156c1260677fcd78967
CLIENT_HANDSHAKE_TRAFFIC_SECRET dd63714d52def26fdd5ef30afd93e310acb649b20e9ade07cae0880f87062324 5b339cd59845c4650b4d48c61dcca8142ab112d3b3ba9afe16b886117a4adc6a6ad92f5cb3fb7d7a7a4562df71c46581
SERVER_HANDSHAKE_TRAFFIC_SECRET dd63714d52def26fdd5ef30afd93e310acb649b20e9ade07cae0880f87062324 ce2606bffa30eb63af7cbfd6202bce58aa53289d7c312d99c3ca4b5df70c75e68899dd3a6adeb2fe8668519bfc055bff
CLIENT_TRAFFIC_SECRET_0 dd63714d52def26fdd5ef30afd93e310acb649b20e9ade07cae0880f87062324 3b4b8d12b3d94fcb0442959a91e29e5ecb1201eb1248db72d857ce29c0bfd4cbe7ef76144f5d0034fa2d99508745f0f8
SERVER_TRAFFIC_SECRET_0 dd63714d52def26fdd5ef30afd93e310acb649b20e9ade07cae0880f87062324 54e6cb132600556537cacd5ed6088f4d548e561c5604ec173fe7d08ced1c31685f5e853e27d6919c60baf106b0a74fb8
EXPORTER_SECRET dd63714d52def26fdd5ef30afd93e310acb649b20e9ade07cae0880f87062324 91bbc0137cd6bf4c08fa6d54789fa406731ce5a091cc1a919ab7b8d6288a1c77a1d05eea43b0630292042df36804e272
SERVER_HANDSHAKE_TRAFFIC_SECRET dd63714d52def26fdd5ef30afd93e310acb649b20e9ade07cae0880f87062324 ce2606bffa30eb63af7cbfd6202bce58aa53289d7c312d99c3ca4b5df70c75e68899dd3a6adeb2fe8668519bfc055bff
CLIENT_HANDSHAKE_TRAFFIC_SECRET dd63714d52def26fdd5ef30afd93e310acb649b20e9ade07cae0880f87062324 5b339cd59845c4650b4d48c61dcca8142ab112d3b3ba9afe16b886117a4adc6a6ad92f5cb3fb7d7a7a4562df71c46581
SERVER_TRAFFIC_SECRET_0 dd63714d52def26fdd5ef30afd93e310acb649b20e9ade07cae0880f87062324 54e6cb132600556537cacd5ed6088f4d548e561c5604ec173fe7d08ced1c31685f5e853e27d6919c60baf106b0a74fb8
CLIENT_TRAFFIC_SECRET_0 dd63714d52def26fdd5ef30afd93e310acb649b20e9ade07cae0880f87062324 3b4b8d12b3d94fcb0442959a91e29e5ecb1201eb1248db72d857ce29c0bfd4cbe7ef76144f5d0034fa2d99508745f0f8
CLIENT_HANDSHAKE_TRAFFIC_SECRET 81540404fd84dee2f59a7fe40d0b26694cc58b29457580d28b917b7adc4d02ee d6736fe1e3a5df516e93ad80c682a0691c9c747da126c11f9d713cb97167bc1102cde8b015e022003d55f4126c207d33
SERVER_HANDSHAKE_TRAFFIC_SECRET 81540404fd84dee2f59a7fe40d0b26694cc58b29457580d28b917b7adc4d02ee 993101a423e0c2c990de5083d69509fe1000d66b39a5be80eb11363396e96c94981435a7cc01f8a95e5006d24171923c
CLIENT_TRAFFIC_SECRET_0 81540404fd84dee2f59a7fe40d0b26694cc58b29457580d28b917b7adc4d02ee 9ece456aec8091e7977328ea5a168b4ddb40eb9566df5f5ec89a781de1039afa04b25f0e1a97d094eb1a067598e353b3
SERVER_TRAFFIC_SECRET_0 81540404fd84dee2f59a7fe40d0b26694cc58b29457580d28b917b7adc4d02ee d3c178969e6031d999f567f174203df77d25f366ec0e74701d270b11de3ee51c13f091b81e28f2aa41501c8ea72c856f
EXPORTER_SECRET 81540404fd84dee2f59a7fe40d0b26694cc58b29457580d28b917b7adc4d02ee d8923bbba302ee0a521405bda4eb330e6ce668aab66c4928285f2a4a6c5ef94b7dff6cbbaaec7ab6dea8e352f500f51f
SERVER_HANDSHAKE_TRAFFIC_SECRET 81540404fd84dee2f59a7fe40d0b26694cc58b29457580d28b917b7adc4d02ee 993101a423e0c2c990de5083d69509fe1000d66b39a5be80eb11363396e96c94981435a7cc01f8a95e5006d24171923c
CLIENT_HANDSHAKE_TRAFFIC_SECRET 81540404fd84dee2f59a7fe40d0b26694cc58b29457580d28b917b7adc4d02ee d6736fe1e3a5df516e93ad80c682a0691c9c747da126c11f9d713cb97167bc1102cde8b015e022003d55f4126c207d33
SERVER_TRAFFIC_SECRET_0 81540404fd84dee2f59a7fe40d0b26694cc58b29457580d28b917b7adc4d02ee d3c178969e6031d999f567f174203df77d25f366ec0e74701d270b11de3ee51c13f091b81e28f2aa41501c8ea72c856f
CLIENT_TRAFFIC_SECRET_0 81540404fd84dee2f59a7fe40d0b26694cc58b29457580d28b917b7adc4d02ee 9ece456aec8091e7977328ea5a168b4ddb40eb9566df5f5ec89a781de1039afa04b25f0e1a97d094eb1a067598e353b3
CLIENT_HANDSHAKE_TRAFFIC_SECRET 23243b0f6f371acc0be9033b7e27a4a81fec0e9ffdb79e36034b0a16ffdb8ec0 8e73c2919742f3101484a827a4518bbef77f0f1a6af0897687e15bdeed278ef36a0dd75f7224caf9e5f75e7a3a89db89
SERVER_HANDSHAKE_TRAFFIC_SECRET 23243b0f6f371acc0be9033b7e27a4a81fec0e9ffdb79e36034b0a16ffdb8ec0 98263aa979c04015230e3e872dfa76d628b00df30bc16615c94f7db4c9036874291eab07f6401255baa46bf50a4618c0
CLIENT_TRAFFIC_SECRET_0 23243b0f6f371acc0be9033b7e27a4a81fec0e9ffdb79e36034b0a16ffdb8ec0 837b010c14934e9a9a33e0ec681d69947b28c6452c287713861330139e979a12e3c0ef50397c39fd330e2b805d954747
SERVER_TRAFFIC_SECRET_0 23243b0f6f371acc0be9033b7e27a4a81fec0e9ffdb79e36034b0a16ffdb8ec0 ffb174aeaf5d14254b3bf4b3292d98f2fe1b8cb4caeb4738b0a2ec995d72eba564f44500546bb074d598c47a424dfc02
EXPORTER_SECRET 23243b0f6f371acc0be9033b7e27a4a81fec0e9ffdb79e36034b0a16ffdb8ec0 471668434be2b80365fa093bafdcf2b6b040781572b083a72acff1145613f3b756dcb4f3b75f6e521adb016aebe76e55
SERVER_HANDSHAKE_TRAFFIC_SECRET 23243b0f6f371acc0be9033b7e27a4a81fec0e9ffdb79e36034b0a16ffdb8ec0 98263aa979c04015230e3e872dfa76d628b00df30bc16615c94f7db4c9036874291eab07f6401255baa46bf50a4618c0
CLIENT_HANDSHAKE_TRAFFIC_SECRET 23243b0f6f371acc0be9033b7e27a4a81fec0e9ffdb79e36034b0a16ffdb8ec0 8e73c2919742f3101484a827a4518bbef77f0f1a6af0897687e15bdeed278ef36a0dd75f7224caf9e5f75e7a3a89db89
SERVER_TRAFFIC_SECRET_0 23243b0f6f371acc0be9033b7e27a4a81fec0e9ffdb79e36034b0a16ffdb8ec0 ffb174aeaf5d14254b3bf4b3292d98f2fe1b8cb4caeb4738b0a2ec995d72eba564f44500546bb074d598c47a424dfc02
CLIENT_TRAFFIC_SECRET_0 23243b0f6f371acc0be9033b7e27a4a81fec0e9ffdb79e36034b0a16ffdb8ec0 837b010c14934e9a9a33e0ec681d69947b28c6452c287713861330139e979a12e3c0ef50397c39fd330e2b805d954747
CLIENT_HANDSHAKE_TRAFFIC_SECRET ed193cfed546e250f6c9ed8978b4bf1eb844cea1a7d516c51b6dd628c26af7d3 398f9495cd622340e4917180e3ef9600ec4d05b551470e94514da2cb1aac4c28d7e22104945c695d83ac49cb145da97b
SERVER_HANDSHAKE_TRAFFIC_SECRET ed193cfed546e250f6c9ed8978b4bf1eb844cea1a7d516c51b6dd628c26af7d3 c3bbb1d9803e526108a7c9fcdc6bc389542f09e7a2c7d0fa6447ab9529d7a0698203a0195ff1927bb71ae164bfd74c3e
CLIENT_TRAFFIC_SECRET_0 ed193cfed546e250f6c9ed8978b4bf1eb844cea1a7d516c51b6dd628c26af7d3 f1005ffaabffd4061e433af6b9cecaa08bf5d40b01592a41f58ca63dec280a25cd7fc1283def316a646a979c837dfbef
SERVER_TRAFFIC_SECRET_0 ed193cfed546e250f6c9ed8978b4bf1eb844cea1a7d516c51b6dd628c26af7d3 d094397e8ab0a129109d71f423027f976c792066bf7f670a44b1a41050207a6c824dcc61d3c01ccef18af876f8fd07ec
EXPORTER_SECRET ed193cfed546e250f6c9ed8978b4bf1eb844cea1a7d516c51b6dd628c26af7d3 91bfbf6ec913d4ef72bfb41578413818470cd44017aff79071ced0bfa218a753bf6be18c07880b60ef79c5ae9cc14669
SERVER_HANDSHAKE_TRAFFIC_SECRET ed193cfed546e250f6c9ed8978b4bf1eb844cea1a7d516c51b6dd628c26af7d3 c3bbb1d9803e526108a7c9fcdc6bc389542f09e7a2c7d0fa6447ab9529d7a0698203a0195ff1927bb71ae164bfd74c3e
CLIENT_HANDSHAKE_TRAFFIC_SECRET ed193cfed546e250f6c9ed8978b4bf1eb844cea1a7d516c51b6dd628c26af7d3 398f9495cd622340e4917180e3ef9600ec4d05b551470e94514da2cb1aac4c28d7e22104945c695d83ac49cb145da97b
SERVER_TRAFFIC_SECRET_0 ed193cfed546e250f6c9ed8978b4bf1eb844cea1a7d516c51b6dd628c26af7d3 d094397e8ab0a129109d71f423027f976c792066bf7f670a44b1a41050207a6c824dcc61d3c01ccef18af876f8fd07ec
CLIENT_TRAFFIC_SECRET_0 ed193cfed546e250f6c9ed8978b4bf1eb844cea1a7d516c51b6dd628c26af7d3 f1005ffaabffd4061e433af6b9cecaa08bf5d40b01592a41f58ca63dec280a25cd7fc1283def316a646a979c837dfbef
CLIENT_HANDSHAKE_TRAFFIC_SECRET e6b66f0c31fedc828d5fdf046c9238391188bbe61ccc1f2120436e41cb1caea6 f058e29f14782a15c2e075ee6607244fcd740e18d8ecfd127ac852e81c7250539f8f5918ab836988a61ca6f9fe5a07bb
SERVER_HANDSHAKE_TRAFFIC_SECRET e6b66f0c31fedc828d5fdf046c9238391188bbe61ccc1f2120436e41cb1caea6 d691bb7e6409de4e2a70efe3e60ce9466389af1f57ab2f68665c6d08d166317ce72d6e8c4587c99fb2a1b519ab660bf7
CLIENT_TRAFFIC_SECRET_0 e6b66f0c31fedc828d5fdf046c9238391188bbe61ccc1f2120436e41cb1caea6 fd54a7f512794bbd2dfebd147cc97fa318a72f6052eb58d76df220523eb1a2a570196742a2e9de7f7e0cb48e2ecbdb69
SERVER_TRAFFIC_SECRET_0 e6b66f0c31fedc828d5fdf046c9238391188bbe61ccc1f2120436e41cb1caea6 9cad8343dc6dc8ac4447413f5cd5be86f56bab123d99223958d75ecac98e01f34953a965c39e44eba8b671939e3200ea
EXPORTER_SECRET e6b66f0c31fedc828d5fdf046c9238391188bbe61ccc1f2120436e41cb1caea6 f0cd4be3f147e18fd63e5d75b94f5bfdd5861fd2b7bba863b4a449a84c7827f5b8eff34354b5121d5459feac257787db
SERVER_HANDSHAKE_TRAFFIC_SECRET e6b66f0c31fedc828d5fdf046c9238391188bbe61ccc1f2120436e41cb1caea6 d691bb7e6409de4e2a70efe3e60ce9466389af1f57ab2f68665c6d08d166317ce72d6e8c4587c99fb2a1b519ab660bf7
CLIENT_HANDSHAKE_TRAFFIC_SECRET e6b66f0c31fedc828d5fdf046c9238391188bbe61ccc1f2120436e41cb1caea6 f058e29f14782a15c2e075ee6607244fcd740e18d8ecfd127ac852e81c7250539f8f5918ab836988a61ca6f9fe5a07bb
SERVER_TRAFFIC_SECRET_0 e6b66f0c31fedc828d5fdf046c9238391188bbe61ccc1f2120436e41cb1caea6 9cad8343dc6dc8ac4447413f5cd5be86f56bab123d99223958d75ecac98e01f34953a965c39e44eba8b671939e3200ea
CLIENT_TRAFFIC_SECRET_0 e6b66f0c31fedc828d5fdf046c9238391188bbe61ccc1f2120436e41cb1caea6 fd54a7f512794bbd2dfebd147cc97fa318a72f6052eb58d76df220523eb1a2a570196742a2e9de7f7e0cb48e2ecbdb69
CLIENT_HANDSHAKE_TRAFFIC_SECRET 2bc510f0beaab5bcda85376876d1bc058ff7222793a800bcd6581a6254caa831 a38e35164afda9576e05e31dee1f72d2d3f5b040775f994f8004bb020a9479a76ea016000ce3e7806624b930ddfc7994
SERVER_HANDSHAKE_TRAFFIC_SECRET 2bc510f0beaab5bcda85376876d1bc058ff7222793a800bcd6581a6254caa831 7801a11226b66ced6fadf6d104acb6a9133ebd6d1116ea08d33a45d674ff833575d09e099c4e5c71c96869822aebd364
CLIENT_TRAFFIC_SECRET_0 2bc510f0beaab5bcda85376876d1bc058ff7222793a800bcd6581a6254caa831 7b0d1034a3537e2cf89849b4be01abdfe8f0105a84e8d55e766a6d253fb5816907452f3460df8ba8af5c2021c407e091
SERVER_TRAFFIC_SECRET_0 2bc510f0beaab5bcda85376876d1bc058ff7222793a800bcd6581a6254caa831 c0884fba2095030dc461d985c18173cd1b20950a961fa3b4d552352795abee57ccf203fd524f2e186310da9ed60bf8fe
EXPORTER_SECRET 2bc510f0beaab5bcda85376876d1bc058ff7222793a800bcd6581a6254caa831 5c15d2d7022e9088ce614cad1395fea1e623a7a99ad9eec827d0d68b9c6bfc51f235d254af2b5b05ed9a68d7c1192c82
SERVER_HANDSHAKE_TRAFFIC_SECRET 2bc510f0beaab5bcda85376876d1bc058ff7222793a800bcd6581a6254caa831 7801a11226b66ced6fadf6d104acb6a9133ebd6d1116ea08d33a45d674ff833575d09e099c4e5c71c96869822aebd364
CLIENT_HANDSHAKE_TRAFFIC_SECRET 2bc510f0beaab5bcda85376876d1bc058ff7222793a800bcd6581a6254caa831 a38e35164afda9576e05e31dee1f72d2d3f5b040775f994f8004bb020a9479a76ea016000ce3e7806624b930ddfc7994
SERVER_TRAFFIC_SECRET_0 2bc510f0beaab5bcda85376876d1bc058ff7222793a800bcd6581a6254caa831 c0884fba2095030dc461d985c18173cd1b20950a961fa3b4d552352795abee57ccf203fd524f2e186310da9ed60bf8fe
CLIENT_TRAFFIC_SECRET_0 2bc510f0beaab5bcda85376876d1bc058ff7222793a800bcd6581a6254caa831 7b0d1034a3537e2cf89849b4be01abdfe8f0105a84e8d55e766a6d253fb5816907452f3460df8ba8af5c2021c407e091
CLIENT_HANDSHAKE_TRAFFIC_SECRET 09f666907a47a82aa576960524d48308b3673c289646a696f688728915fdd1c1 bb51af1fae048e3e62efd8d59844c8ae7d7dd574f0cadc09ae7c3bd0909f10b536842e3eeb37bb5a956cd33d9d2bccde
SERVER_HANDSHAKE_TRAFFIC_SECRET 09f666907a47a82aa576960524d48308b3673c289646a696f688728915fdd1c1 28fcfbb80c4ed006948f6e3151be8e3da52212bfa1fae89f5ca0a19675f3c000887f15c088200f6e6fe1c01a33dee7b4
CLIENT_TRAFFIC_SECRET_0 09f666907a47a82aa576960524d48308b3673c289646a696f688728915fdd1c1 1501c3b651ef1b750c94167b1f12fbf7aa4fbaa734a44f541262753a30a50297390fdf9a02a81ddefcf189e96baf6ba7
SERVER_TRAFFIC_SECRET_0 09f666907a47a82aa576960524d48308b3673c289646a696f688728915fdd1c1 1a7542a609ad13266386867f900dae36e4cd573b5a2405d08a135cd145b7d637129cce306a0a9fe1a03eaaa692b4f383
EXPORTER_SECRET 09f666907a47a82aa576960524d48308b3673c289646a696f688728915fdd1c1 608587d95b138798ae18e576cfcc67195bf161f04c7629ad0f1455753a8f530c3411724e6f8a871261284cedf5b850ab
SERVER_HANDSHAKE_TRAFFIC_SECRET 09f666907a47a82aa576960524d48308b3673c289646a696f688728915fdd1c1 28fcfbb80c4ed006948f6e3151be8e3da52212bfa1fae89f5ca0a19675f3c000887f15c088200f6e6fe1c01a33dee7b4
CLIENT_HANDSHAKE_TRAFFIC_SECRET 09f666907a47a82aa576960524d48308b3673c289646a696f688728915fdd1c1 bb51af1fae048e3e62efd8d59844c8ae7d7dd574f0cadc09ae7c3bd0909f10b536842e3eeb37bb5a956cd33d9d2bccde
SERVER_TRAFFIC_SECRET_0 09f666907a47a82aa576960524d48308b3673c289646a696f688728915fdd1c1 1a7542a609ad13266386867f900dae36e4cd573b5a2405d08a135cd145b7d637129cce306a0a9fe1a03eaaa692b4f383
CLIENT_TRAFFIC_SECRET_0 09f666907a47a82aa576960524d48308b3673c289646a696f688728915fdd1c1 1501c3b651ef1b750c94167b1f12fbf7aa4fbaa734a44f541262753a30a50297390fdf9a02a81ddefcf189e96baf6ba7
CLIENT_HANDSHAKE_TRAFFIC_SECRET cb23643a10908fa9764ddfe57d187033346ef17c8daad2682cef0b4ff14cd963 1af4def405ae0321fc6ae9bfb130f94ca9ae26407b6021840e420b63ee2cc588826be42be5b5b6428a1e97898aace469
SERVER_HANDSHAKE_TRAFFIC_SECRET cb23643a10908fa9764ddfe57d187033346ef17c8daad2682cef0b4ff14cd963 df83ca4f4f9bba00ba74643a6663770121e76ea51c67eebc71c71e6897715600b6d2397f0e85cafb5bedbc82f0382419
CLIENT_TRAFFIC_SECRET_0 cb23643a10908fa9764ddfe57d187033346ef17c8daad2682cef0b4ff14cd963 a008d88a33c642bfd66d7815c526e4926d3f485b67e1855a42e147d634d70abf9772d4fbdbaf062c0b46692f6691917d
SERVER_TRAFFIC_SECRET_0 cb23643a10908fa9764ddfe57d187033346ef17c8daad2682cef0b4ff14cd963 1f8ce454a3d0a8caf6203e2a2636238af6518ff009e9c3e165ec61c1b5e5620cada2c0dc784290fbdc13c03589dc39e8
EXPORTER_SECRET cb23643a10908fa9764ddfe57d187033346ef17c8daad2682cef0b4ff14cd963 80705dad79a2d8d3fc01a9338fc3ebb09543eb297e49e01e8b78064b5918746722fa04ef37376ebf6f882d905c939aa5
SERVER_HANDSHAKE_TRAFFIC_SECRET cb23643a10908fa9764ddfe57d187033346ef17c8daad2682cef0b4ff14cd963 df83ca4f4f9bba00ba74643a6663770121e76ea51c67eebc71c71e6897715600b6d2397f0e85cafb5bedbc82f0382419
CLIENT_HANDSHAKE_TRAFFIC_SECRET cb23643a10908fa9764ddfe57d187033346ef17c8daad2682cef0b4ff14cd963 1af4def405ae0321fc6ae9bfb130f94ca9ae26407b6021840e420b63ee2cc588826be42be5b5b6428a1e97898aace469
SERVER_TRAFFIC_SECRET_0 cb23643a10908fa9764ddfe57d187033346ef17c8daad2682cef0b4ff14cd963 1f8ce454a3d0a8caf6203e2a2636238af6518ff009e9c3e165ec61c1b5e5620cada2c0dc784290fbdc13c03589dc39e8
CLIENT_TRAFFIC_SECRET_0 cb23643a10908fa9764ddfe57d187033346ef17c8daad2682cef0b4ff14cd963 a008d88a33c642bfd66d7815c526e4926d3f485b67e1855a42e147d634d70abf9772d4fbdbaf062c0b46692f6691917d
CLIENT_HANDSHAKE_TRAFFIC_SECRET a88371161ce5b0f7beaeff6682d6dee682ae2e4e8d88f688e65f716272a7b0bc 146e64933cf8d57eee38819b41a772ed130697dcdd475db20a2c2c3703aea9f3ce431b4dda4073a8f7d4be16a274a111
SERVER_HANDSHAKE_TRAFFIC_SECRET a88371161ce5b0f7beaeff6682d6dee682ae2e4e8d88f688e65f716272a7b0bc ac46588b6e2cf9f4cc4f2b7ae2a23434376c3fef476ec8a5d5e71c42f91b33a871631b4e5abb09f39669b2abe2d39733
CLIENT_TRAFFIC_SECRET_0 a88371161ce5b0f7beaeff6682d6dee682ae2e4e8d88f688e65f716272a7b0bc 8412604782eb1ea49bc5c5bfdfb5f6baa3fef948444d1acb88231debc54246be9c2461386975d172d181085c5bf98e2c
SERVER_TRAFFIC_SECRET_0 a88371161ce5b0f7beaeff6682d6dee682ae2e4e8d88f688e65f716272a7b0bc 1b74c34529986d115cef275e031425ceb56e8a26f4be65967c69970586d7adb099aab39a92923f779eebd7cc1358f283
EXPORTER_SECRET a88371161ce5b0f7beaeff6682d6dee682ae2e4e8d88f688e65f716272a7b0bc c2a87b3073cafc9995acde9cc78331152ca8065b84a5d43d856305f5be05a018289bf399c2cccb41ec1b6eac431249ca
SERVER_HANDSHAKE_TRAFFIC_SECRET a88371161ce5b0f7beaeff6682d6dee682ae2e4e8d88f688e65f716272a7b0bc ac46588b6e2cf9f4cc4f2b7ae2a23434376c3fef476ec8a5d5e71c42f91b33a871631b4e5abb09f39669b2abe2d39733
CLIENT_HANDSHAKE_TRAFFIC_SECRET a88371161ce5b0f7beaeff6682d6dee682ae2e4e8d88f688e65f716272a7b0bc 146e64933cf8d57eee38819b41a772ed130697dcdd475db20a2c2c3703aea9f3ce431b4dda4073a8f7d4be16a274a111
SERVER_TRAFFIC_SECRET_0 a88371161ce5b0f7beaeff6682d6dee682ae2e4e8d88f688e65f716272a7b0bc 1b74c34529986d115cef275e031425ceb56e8a26f4be65967c69970586d7adb099aab39a92923f779eebd7cc1358f283
CLIENT_TRAFFIC_SECRET_0 a88371161ce5b0f7beaeff6682d6dee682ae2e4e8d88f688e65f716272a7b0bc 8412604782eb1ea49bc5c5bfdfb5f6baa3fef948444d1acb88231debc54246be9c2461386975d172d181085c5bf98e2c
CLIENT_HANDSHAKE_TRAFFIC_SECRET 897a0f288ccbcc42fea296b50ad01a699f15cbbd1350ad95565543f2b8ae654a 521eab577f8e386c15a0be1d00968d1886ed164946f3ef66fdea4b38565883706394cb5d06bf18c4fc43d21fed22c8f1
SERVER_HANDSHAKE_TRAFFIC_SECRET 897a0f288ccbcc42fea296b50ad01a699f15cbbd1350ad95565543f2b8ae654a 8f3660d86fe629c702005227e589be5ad4fc2a40781030cabb7f13b6fb6a8c274c4620f32575db7ee003a63d5beb10d8
CLIENT_TRAFFIC_SECRET_0 897a0f288ccbcc42fea296b50ad01a699f15cbbd1350ad95565543f2b8ae654a 1121ec2e0b6ce037a444d6b48012e66fa904b98b398f9a1a55b88eaadec33350bec5ec65a117871e7b715ebd704c4890
SERVER_TRAFFIC_SECRET_0 897a0f288ccbcc42fea296b50ad01a699f15cbbd1350ad95565543f2b8ae654a 09d7ca47a2465c7bb999b53cda8dc5562ddad0347032023bef99f9d0f7d35b946cc5079edc81a1efefcf23c5bc9da3fd
EXPORTER_SECRET 897a0f288ccbcc42fea296b50ad01a699f15cbbd1350ad95565543f2b8ae654a 9e43e2f624ca5f3c18bef43b03e803b97facf4b5421f230870747c1149c5f14c856780043c0b38067cbccd87b23f9acf
SERVER_HANDSHAKE_TRAFFIC_SECRET 897a0f288ccbcc42fea296b50ad01a699f15cbbd1350ad95565543f2b8ae654a 8f3660d86fe629c702005227e589be5ad4fc2a40781030cabb7f13b6fb6a8c274c4620f32575db7ee003a63d5beb10d8
CLIENT_HANDSHAKE_TRAFFIC_SECRET 897a0f288ccbcc42fea296b50ad01a699f15cbbd1350ad95565543f2b8ae654a 521eab577f8e386c15a0be1d00968d1886ed164946f3ef66fdea4b38565883706394cb5d06bf18c4fc43d21fed22c8f1
SERVER_TRAFFIC_SECRET_0 897a0f288ccbcc42fea296b50ad01a699f15cbbd1350ad95565543f2b8ae654a 09d7ca47a2465c7bb999b53cda8dc5562ddad0347032023bef99f9d0f7d35b946cc5079edc81a1efefcf23c5bc9da3fd
CLIENT_TRAFFIC_SECRET_0 897a0f288ccbcc42fea296b50ad01a699f15cbbd1350ad95565543f2b8ae654a 1121ec2e0b6ce037a444d6b48012e66fa904b98b398f9a1a55b88eaadec33350bec5ec65a117871e7b715ebd704c4890
CLIENT_HANDSHAKE_TRAFFIC_SECRET 023f88846cf3a3634066854740b3ca6e7b0f83dc188ca68d32b0d7f9e0b6bec5 b3e235ec6f7fa611bc15fe0b52fe08f9033328951bb42122aebd5c5bf7eca55e0b71ccf29218114a190bdfce6d659c2c
SERVER_HANDSHAKE_TRAFFIC_SECRET 023f88846cf3a3634066854740b3ca6e7b0f83dc188ca68d32b0d7f9e0b6bec5 b90839b0a419764a6dc8a410989389bbbbf244262c8891b6bb237177e4f4b9afc2fcae3fcc04259a8d65d6265bf5a34b
CLIENT_TRAFFIC_SECRET_0 023f88846cf3a3634066854740b3ca6e7b0f83dc188ca68d32b0d7f9e0b6bec5 48e1f9590a2cc5ea9bcfa9d65607b66d8b04cc1d4ee9974290f0b5f3e6e50d50a2ec27a885c5325a0dba0d06962142b5
SERVER_TRAFFIC_SECRET_0 023f88846cf3a3634066854740b3ca6e7b0f83dc188ca68d32b0d7f9e0b6bec5 0b5c0af9f4b592fb29405b96d5cbe390961b38a045e794ef804b6c32ecf8e8a0ebc204e328411cb40d6867ce3353d351
EXPORTER_SECRET 023f88846cf3a3634066854740b3ca6e7b0f83dc188ca68d32b0d7f9e0b6bec5 6c98bb389297d058f149d6a01f5b1c75d7e52afabb73833c33401140cd945345784ffbc473bdcb00d445209c61ab94f9
SERVER_HANDSHAKE_TRAFFIC_SECRET 023f88846cf3a3634066854740b3ca6e7b0f83dc188ca68d32b0d7f9e0b6bec5 b90839b0a419764a6dc8a410989389bbbbf244262c8891b6bb237177e4f4b9afc2fcae3fcc04259a8d65d6265bf5a34b
CLIENT_HANDSHAKE_TRAFFIC_SECRET 023f88846cf3a3634066854740b3ca6e7b0f83dc188ca68d32b0d7f9e0b6bec5 b3e235ec6f7fa611bc15fe0b52fe08f9033328951bb42122aebd5c5bf7eca55e0b71ccf29218114a190bdfce6d659c2c
SERVER_TRAFFIC_SECRET_0 023f88846cf3a3634066854740b3ca6e7b0f83dc188ca68d32b0d7f9e0b6bec5 0b5c0af9f4b592fb29405b96d5cbe390961b38a045e794ef804b6c32ecf8e8a0ebc204e328411cb40d6867ce3353d351
CLIENT_TRAFFIC_SECRET_0 023f88846cf3a3634066854740b3ca6e7b0f83dc188ca68d32b0d7f9e0b6bec5 48e1f9590a2cc5ea9bcfa9d65607b66d8b04cc1d4ee9974290f0b5f3e6e50d50a2ec27a885c5325a0dba0d06962142b5
CLIENT_HANDSHAKE_TRAFFIC_SECRET 6f5fd9cf5f717db70f7eb95c3e8991779d6e7aafd2ed25309eba1c781ecdb199 c8f40cda7a9d914473bc4efffffddbf05b95b0579a8daf8e7c6c78bd5700f7df7989a7b8a7c1edec03aa2cba6cf02ee2
SERVER_HANDSHAKE_TRAFFIC_SECRET 6f5fd9cf5f717db70f7eb95c3e8991779d6e7aafd2ed25309eba1c781ecdb199 bc31e5c5a8773b8a0c91964dcb2f8981c709973f20b46c8784f528a5adbdaa0a9444f31921b30c1f4c6dcae2ab9524f6
CLIENT_TRAFFIC_SECRET_0 6f5fd9cf5f717db70f7eb95c3e8991779d6e7aafd2ed25309eba1c781ecdb199 553d0dae96425e6a0735fa03a0d6e23a5fd503214b981e1309c7db37cc3765926e5d854c8b1788dabd4829ffb6cd7085
SERVER_TRAFFIC_SECRET_0 6f5fd9cf5f717db70f7eb95c3e8991779d6e7aafd2ed25309eba1c781ecdb199 25f52eaf92ea72c39b49e072fb8660d89c2fb0ff84dce2143f779b0481f3135989d25b670a5e710e0483ffc95025754d
EXPORTER_SECRET 6f5fd9cf5f717db70f7eb95c3e8991779d6e7aafd2ed25309eba1c781ecdb199 72f1ae4224651c53d24f9c7e3fd93be34ef07ab154fe3e65e08eb2d4a0969549fbe57e4f4b92abf3a0ccf6164b7eda7b
SERVER_HANDSHAKE_TRAFFIC_SECRET 6f5fd9cf5f717db70f7eb95c3e8991779d6e7aafd2ed25309eba1c781ecdb199 bc31e5c5a8773b8a0c91964dcb2f8981c709973f20b46c8784f528a5adbdaa0a9444f31921b30c1f4c6dcae2ab9524f6
CLIENT_HANDSHAKE_TRAFFIC_SECRET 6f5fd9cf5f717db70f7eb95c3e8991779d6e7aafd2ed25309eba1c781ecdb199 c8f40cda7a9d914473bc4efffffddbf05b95b0579a8daf8e7c6c78bd5700f7df7989a7b8a7c1edec03aa2cba6cf02ee2
SERVER_TRAFFIC_SECRET_0 6f5fd9cf5f717db70f7eb95c3e8991779d6e7aafd2ed25309eba1c781ecdb199 25f52eaf92ea72c39b49e072fb8660d89c2fb0ff84dce2143f779b0481f3135989d25b670a5e710e0483ffc95025754d
CLIENT_TRAFFIC_SECRET_0 6f5fd9cf5f717db70f7eb95c3e8991779d6e7aafd2ed25309eba1c781ecdb199 553d0dae96425e6a0735fa03a0d6e23a5fd503214b981e1309c7db37cc3765926e5d854c8b1788dabd4829ffb6cd7085
CLIENT_HANDSHAKE_TRAFFIC_SECRET dcbd0f8bf21f65c220daf90ade261b4423397bac5ce45d14fe6b92bbf23331c1 24d2bc3a3589c433326406a4bb6b313fd240208f80932087a7b51d7ab1f4ba4c204b1c2c1f07823b61954e9fc8814669
SERVER_HANDSHAKE_TRAFFIC_SECRET dcbd0f8bf21f65c220daf90ade261b4423397bac5ce45d14fe6b92bbf23331c1 cffdbc0f9d38c5246adab7dda21039981e400e339c3e1b2be1b1450bbd1637354b2574456c74b756a1e05ec8f807a5a2
CLIENT_TRAFFIC_SECRET_0 dcbd0f8bf21f65c220daf90ade261b4423397bac5ce45d14fe6b92bbf23331c1 35f5e7078eb3917012e23ab260ed5e3638898826f054c6c3d1a682cc87fdb3246ce22840e183a1d60f059e14c6a203d2
SERVER_TRAFFIC_SECRET_0 dcbd0f8bf21f65c220daf90ade261b4423397bac5ce45d14fe6b92bbf23331c1 89bfab53ad8c064956ab7520536cebf0ac01bec33c66b8c5a3a2953be0d683aed6e157d4fcef7e1a769417a34db90112
EXPORTER_SECRET dcbd0f8bf21f65c220daf90ade261b4423397bac5ce45d14fe6b92bbf23331c1 350c38a4d6086fc572c47dba305a9d2bd7356fca074be95f8bb4f29c7cccc6db016c0643147c323fd017901d618fbb62
SERVER_HANDSHAKE_TRAFFIC_SECRET dcbd0f8bf21f65c220daf90ade261b4423397bac5ce45d14fe6b92bbf23331c1 cffdbc0f9d38c5246adab7dda21039981e400e339c3e1b2be1b1450bbd1637354b2574456c74b756a1e05ec8f807a5a2
CLIENT_HANDSHAKE_TRAFFIC_SECRET dcbd0f8bf21f65c220daf90ade261b4423397bac5ce45d14fe6b92bbf23331c1 24d2bc3a3589c433326406a4bb6b313fd240208f80932087a7b51d7ab1f4ba4c204b1c2c1f07823b61954e9fc8814669
SERVER_TRAFFIC_SECRET_0 dcbd0f8bf21f65c220daf90ade261b4423397bac5ce45d14fe6b92bbf23331c1 89bfab53ad8c064956ab7520536cebf0ac01bec33c66b8c5a3a2953be0d683aed6e157d4fcef7e1a769417a34db90112
CLIENT_TRAFFIC_SECRET_0 dcbd0f8bf21f65c220daf90ade261b4423397bac5ce45d14fe6b92bbf23331c1 35f5e7078eb3917012e23ab260ed5e3638898826f054c6c3d1a682cc87fdb3246ce22840e183a1d60f059e14c6a203d2
CLIENT_HANDSHAKE_TRAFFIC_SECRET dc620bc95b9c7826b90fe6fbd3541972bee4cd3c7b5edb7740da68170617e7bb adea15d1da656c36a9f8b40f550be5ecc38360ffa829ae14a76157385a6cc6ab4de28f178baeaabf4289e82eb88ebd83
SERVER_HANDSHAKE_TRAFFIC_SECRET dc620bc95b9c7826b90fe6fbd3541972bee4cd3c7b5edb7740da68170617e7bb 61bffb4b1069ea1f4c5a9de753149b62f0d59ee91a41dfa0907abd11668cdae5cad269e098499556ff18e46d8bfc1001
CLIENT_TRAFFIC_SECRET_0 dc620bc95b9c7826b90fe6fbd3541972bee4cd3c7b5edb7740da68170617e7bb 9e753fe6515a19372aa39789c5f8604d0ae7c045147b7a204d8fdda84ee923cfa4a3fa38fd19f7586e5184ccd5bbf116
SERVER_TRAFFIC_SECRET_0 dc620bc95b9c7826b90fe6fbd3541972bee4cd3c7b5edb7740da68170617e7bb f44ba1ade78e8f5a7af8da99313623f24083e362ed127c619a0b741ffcfee8c66293fc4b9d6ad18441d5e686c40e9fc4
EXPORTER_SECRET dc620bc95b9c7826b90fe6fbd3541972bee4cd3c7b5edb7740da68170617e7bb 32dfac253fdf1406a3fcb97a22b775afe650e28efedc2836e37a759606de95d72e5ad1752eb8738de3f65e64479d85b9
SERVER_HANDSHAKE_TRAFFIC_SECRET dc620bc95b9c7826b90fe6fbd3541972bee4cd3c7b5edb7740da68170617e7bb 61bffb4b1069ea1f4c5a9de753149b62f0d59ee91a41dfa0907abd11668cdae5cad269e098499556ff18e46d8bfc1001
CLIENT_HANDSHAKE_TRAFFIC_SECRET dc620bc95b9c7826b90fe6fbd3541972bee4cd3c7b5edb7740da68170617e7bb adea15d1da656c36a9f8b40f550be5ecc38360ffa829ae14a76157385a6cc6ab4de28f178baeaabf4289e82eb88ebd83
SERVER_TRAFFIC_SECRET_0 dc620bc95b9c7826b90fe6fbd3541972bee4cd3c7b5edb7740da68170617e7bb f44ba1ade78e8f5a7af8da99313623f24083e362ed127c619a0b741ffcfee8c66293fc4b9d6ad18441d5e686c40e9fc4
CLIENT_TRAFFIC_SECRET_0 dc620bc95b9c7826b90fe6fbd3541972bee4cd3c7b5edb7740da68170617e7bb 9e753fe6515a19372aa39789c5f8604d0ae7c045147b7a204d8fdda84ee923cfa4a3fa38fd19f7586e5184ccd5bbf116
CLIENT_HANDSHAKE_TRAFFIC_SECRET 26af930e043e9d70358eb70eb67b6a627b3969ef4ded22714c402a3272ac22bc 5bed2d903cf403be375c48f85e56e0b402b5e4a68c286b0feaa06ebe550cc7651ae91042ad08b7567fa4d5700cfd2d81
SERVER_HANDSHAKE_TRAFFIC_SECRET 26af930e043e9d70358eb70eb67b6a627b3969ef4ded22714c402a3272ac22bc f526545035f8d3bc2dfc0d77378bbf33e95f141884e587ba0cb5524fb77a582ce5de07146b9e31302ce219c7fe771c09
CLIENT_TRAFFIC_SECRET_0 26af930e043e9d70358eb70eb67b6a627b3969ef4ded22714c402a3272ac22bc 3f305a6ca6baf5f5a474e1de0a749d01881a010d6279b59442b312e6ebf39b6ca2df54cf3a84fdffd3942ebcc8ab8c32
SERVER_TRAFFIC_SECRET_0 26af930e043e9d70358eb70eb67b6a627b3969ef4ded22714c402a3272ac22bc b2b806c78c4381cc67e4e30ba6b0178033bc063b75c30042c2998d49a8bc11c3568de0fbfde2a0bfd5723acd08edb724
EXPORTER_SECRET 26af930e043e9d70358eb70eb67b6a627b3969ef4ded22714c402a3272ac22bc 83d0910120366a83b37a4ae4983ece5c8890277074ed0cf8d63dfa85be1faa8dece1efc6909dbbc1d8f4d2d4d12155b0
SERVER_HANDSHAKE_TRAFFIC_SECRET 26af930e043e9d70358eb70eb67b6a627b3969ef4ded22714c402a3272ac22bc f526545035f8d3bc2dfc0d77378bbf33e95f141884e587ba0cb5524fb77a582ce5de07146b9e31302ce219c7fe771c09
CLIENT_HANDSHAKE_TRAFFIC_SECRET 26af930e043e9d70358eb70eb67b6a627b3969ef4ded22714c402a3272ac22bc 5bed2d903cf403be375c48f85e56e0b402b5e4a68c286b0feaa06ebe550cc7651ae91042ad08b7567fa4d5700cfd2d81
SERVER_TRAFFIC_SECRET_0 26af930e043e9d70358eb70eb67b6a627b3969ef4ded22714c402a3272ac22bc b2b806c78c4381cc67e4e30ba6b0178033bc063b75c30042c2998d49a8bc11c3568de0fbfde2a0bfd5723acd08edb724
CLIENT_TRAFFIC_SECRET_0 26af930e043e9d70358eb70eb67b6a627b3969ef4ded22714c402a3272ac22bc 3f305a6ca6baf5f5a474e1de0a749d01881a010d6279b59442b312e6ebf39b6ca2df54cf3a84fdffd3942ebcc8ab8c32
CLIENT_HANDSHAKE_TRAFFIC_SECRET d69e73f84d994d255aeeda63233d11991e8600f9db58880b75bd7bc17320ea25 b01c7fe422e9893a62527255b4198906d820b97173ef38047d3d5137f00ea5ba97a1f96cfe84d1097dd22c284669ac48
SERVER_HANDSHAKE_TRAFFIC_SECRET d69e73f84d994d255aeeda63233d11991e8600f9db58880b75bd7bc17320ea25 379d9605b52454dd0b8846b33e18c25f69d9af0378a88a6f5de7599f71d9218062684f8768660d7cbcb3482214a88ed0
CLIENT_TRAFFIC_SECRET_0 d69e73f84d994d255aeeda63233d11991e8600f9db58880b75bd7bc17320ea25 a8771214a2f3e310c3ed9b7129ec63a88a0fa06e3469edbb2a5c33a62906002e2eeec984ab4526ff7f3367e449daafff
SERVER_TRAFFIC_SECRET_0 d69e73f84d994d255aeeda63233d11991e8600f9db58880b75bd7bc17320ea25 cb4ea9d79f3f58505fc80a18d32132fe8136bed399f29c6a014f368040d4bb94c516404c1ae1b91eb5db801cd46f9a30
EXPORTER_SECRET d69e73f84d994d255aeeda63233d11991e8600f9db58880b75bd7bc17320ea25 0ad97d5c367179bd615d35e14508cacdfa6456488a0b1bcc394983c3261078f9a767992bb9d2e7f01f05b7e32d99ee51
SERVER_HANDSHAKE_TRAFFIC_SECRET d69e73f84d994d255aeeda63233d11991e8600f9db58880b75bd7bc17320ea25 379d9605b52454dd0b8846b33e18c25f69d9af0378a88a6f5de7599f71d9218062684f8768660d7cbcb3482214a88ed0
CLIENT_HANDSHAKE_TRAFFIC_SECRET d69e73f84d994d255aeeda63233d11991e8600f9db58880b75bd7bc17320ea25 b01c7fe422e9893a62527255b4198906d820b97173ef38047d3d5137f00ea5ba97a1f96cfe84d1097dd22c284669ac48
SERVER_TRAFFIC_SECRET_0 d69e73f84d994d255aeeda63233d11991e8600f9db58880b75bd7bc17320ea25 cb4ea9d79f3f58505fc80a18d32132fe8136bed399f29c6a014f368040d4bb94c516404c1ae1b91eb5db801cd46f9a30
CLIENT_TRAFFIC_SECRET_0 d69e73f84d994d255aeeda63233d11991e8600f9db58880b75bd7bc17320ea25 a8771214a2f3e310c3ed9b7129ec63a88a0fa06e3469edbb2a5c33a62906002e2eeec984ab4526ff7f3367e449daafff
CLIENT_HANDSHAKE_TRAFFIC_SECRET 604ca8b159d1b2537359792b82646b54d8be571945b061b1f88721e8f3af158a 680576e84c8f02579cb477efe801096d185794bd3edc81b237b36af29314167133927f3c16803ff4978ee35cd431daac
SERVER_HANDSHAKE_TRAFFIC_SECRET 604ca8b159d1b2537359792b82646b54d8be571945b061b1f88721e8f3af158a cef749d4a819869814deb43532dfd045a39de5dcc2d96a78f0621bef13ea7aa43f7ad0e9c9d52a0986c2a7b5244b1c63
CLIENT_TRAFFIC_SECRET_0 604ca8b159d1b2537359792b82646b54d8be571945b061b1f88721e8f3af158a d67a92e4a24688c4cfdb134b5015f8d93a1837c3d3795051fc840f6f9a6972a9424f4db6b1b8b680ae260bd06777c063
SERVER_TRAFFIC_SECRET_0 604ca8b159d1b2537359792b82646b54d8be571945b061b1f88721e8f3af158a dae429d4e2168bda69fa1657d62649eceb472b4553bdd778d0129951d964cc106f638491a10fcc85dec7ee20fc99e92f
EXPORTER_SECRET 604ca8b159d1b2537359792b82646b54d8be571945b061b1f88721e8f3af158a 83a82ca7db689e2389d40c863fb6aefde7687d72e593487bd6689e0e9005ab111ecb6e5f7e06dc8a89be4c14b6c095f4
SERVER_HANDSHAKE_TRAFFIC_SECRET 604ca8b159d1b2537359792b82646b54d8be571945b061b1f88721e8f3af158a cef749d4a819869814deb43532dfd045a39de5dcc2d96a78f0621bef13ea7aa43f7ad0e9c9d52a0986c2a7b5244b1c63
CLIENT_HANDSHAKE_TRAFFIC_SECRET 604ca8b159d1b2537359792b82646b54d8be571945b061b1f88721e8f3af158a 680576e84c8f02579cb477efe801096d185794bd3edc81b237b36af29314167133927f3c16803ff4978ee35cd431daac
SERVER_TRAFFIC_SECRET_0 604ca8b159d1b2537359792b82646b54d8be571945b061b1f88721e8f3af158a dae429d4e2168bda69fa1657d62649eceb472b4553bdd778d0129951d964cc106f638491a10fcc85dec7ee20fc99e92f
CLIENT_TRAFFIC_SECRET_0 604ca8b159d1b2537359792b82646b54d8be571945b061b1f88721e8f3af158a d67a92e4a24688c4cfdb134b5015f8d93a1837c3d3795051fc840f6f9a6972a9424f4db6b1b8b680ae260bd06777c063
CLIENT_HANDSHAKE_TRAFFIC_SECRET 3053864a0b431c4f54c479b7e8f01dd9deda7cd9975a64d4f6bffffcfd0b07d6 33c87d5768e44159d0e55210efe0c3358f5900458628940354714a26ce4e4aa7d9e818741a5e8aa568d7b8ce109c6c67
SERVER_HANDSHAKE_TRAFFIC_SECRET 3053864a0b431c4f54c479b7e8f01dd9deda7cd9975a64d4f6bffffcfd0b07d6 599b04962d8c70ff7329f7064fb058544b05c89e912d311219fd49d0f414f0ed869834dac88e997dca3cac86d54f45e1
CLIENT_TRAFFIC_SECRET_0 3053864a0b431c4f54c479b7e8f01dd9deda7cd9975a64d4f6bffffcfd0b07d6 4f9596dc7b64531882abad19285cff02e0ed54c476003c2dc0d9f372ea761ce2adb44e2cd0562f2ab58b64db18a8f057
SERVER_TRAFFIC_SECRET_0 3053864a0b431c4f54c479b7e8f01dd9deda7cd9975a64d4f6bffffcfd0b07d6 e10fe0562963ff4de844134b87820e0bae93ad60d7b17c1b19aa4fc27ae7240f9d43cf4267132b5a0fe90b6454149880
EXPORTER_SECRET 3053864a0b431c4f54c479b7e8f01dd9deda7cd9975a64d4f6bffffcfd0b07d6 e7a5e5a842b173ccf70eb97bac1e67e496897bc295c3ae1c15e0d58b911fa84746c6fce10062f5d473fd4cf6e13c6e38
SERVER_HANDSHAKE_TRAFFIC_SECRET 3053864a0b431c4f54c479b7e8f01dd9deda7cd9975a64d4f6bffffcfd0b07d6 599b04962d8c70ff7329f7064fb058544b05c89e912d311219fd49d0f414f0ed869834dac88e997dca3cac86d54f45e1
CLIENT_HANDSHAKE_TRAFFIC_SECRET 3053864a0b431c4f54c479b7e8f01dd9deda7cd9975a64d4f6bffffcfd0b07d6 33c87d5768e44159d0e55210efe0c3358f5900458628940354714a26ce4e4aa7d9e818741a5e8aa568d7b8ce109c6c67
SERVER_TRAFFIC_SECRET_0 3053864a0b431c4f54c479b7e8f01dd9deda7cd9975a64d4f6bffffcfd0b07d6 e10fe0562963ff4de844134b87820e0bae93ad60d7b17c1b19aa4fc27ae7240f9d43cf4267132b5a0fe90b6454149880
CLIENT_TRAFFIC_SECRET_0 3053864a0b431c4f54c479b7e8f01dd9deda7cd9975a64d4f6bffffcfd0b07d6 4f9596dc7b64531882abad19285cff02e0ed54c476003c2dc0d9f372ea761ce2adb44e2cd0562f2ab58b64db18a8f057
CLIENT_HANDSHAKE_TRAFFIC_SECRET aeb728c21780c8b1cc57bb11e16d334395d0f98d11e22f42f112f510032d5a7f c0d0df564409d166bd36bdbc55badc8d8354043bf1ba40a56571104b7320e68244d57884566c0010fc8ddf02401784ec
SERVER_HANDSHAKE_TRAFFIC_SECRET aeb728c21780c8b1cc57bb11e16d334395d0f98d11e22f42f112f510032d5a7f c2058c41a93e412f73c81ccc61a3173723bccd275e14ae45a2bef9bc5d136d0f45a85ddc22fb90dc62bc2509f8538f1c
CLIENT_TRAFFIC_SECRET_0 aeb728c21780c8b1cc57bb11e16d334395d0f98d11e22f42f112f510032d5a7f 8050c1753c8d2f708cf6327c3053668a6f17094c929064a37d4fa37b2759cb24df914bb21f49627d88b57cc63ed1dd1f
SERVER_TRAFFIC_SECRET_0 aeb728c21780c8b1cc57bb11e16d334395d0f98d11e22f42f112f510032d5a7f 6c58a0caf9aabb8847bfe5bd0d8f0cd4ec0e4cc929c029de9978d1f27a8b18089084fad3fc0589499490d2712d0ccffd
EXPORTER_SECRET aeb728c21780c8b1cc57bb11e16d334395d0f98d11e22f42f112f510032d5a7f 5e56a42e39807d52c26372d50e21c605d0de3c5de1151c7845b70baa2cf9b6741ee599464ee140c50451b5e834a4d1a7
SERVER_HANDSHAKE_TRAFFIC_SECRET aeb728c21780c8b1cc57bb11e16d334395d0f98d11e22f42f112f510032d5a7f c2058c41a93e412f73c81ccc61a3173723bccd275e14ae45a2bef9bc5d136d0f45a85ddc22fb90dc62bc2509f8538f1c
CLIENT_HANDSHAKE_TRAFFIC_SECRET aeb728c21780c8b1cc57bb11e16d334395d0f98d11e22f42f112f510032d5a7f c0d0df564409d166bd36bdbc55badc8d8354043bf1ba40a56571104b7320e68244d57884566c0010fc8ddf02401784ec
SERVER_TRAFFIC_SECRET_0 aeb728c21780c8b1cc57bb11e16d334395d0f98d11e22f42f112f510032d5a7f 6c58a0caf9aabb8847bfe5bd0d8f0cd4ec0e4cc929c029de9978d1f27a8b18089084fad3fc0589499490d2712d0ccffd
CLIENT_TRAFFIC_SECRET_0 aeb728c21780c8b1cc57bb11e16d334395d0f98d11e22f42f112f510032d5a7f 8050c1753c8d2f708cf6327c3053668a6f17094c929064a37d4fa37b2759cb24df914bb21f49627d88b57cc63ed1dd1f
CLIENT_HANDSHAKE_TRAFFIC_SECRET 0cc8c535b957f8d22b0478f3f1aa51e742bc2898bf11f0edc83ef7c5905335d7 01d2d76f35f55c57d48c1f97da063f762b79e4f56bdbd126a6a4e8934a98d3b8d7c181fad565bfb6a894d0d91d2156d5
SERVER_HANDSHAKE_TRAFFIC_SECRET 0cc8c535b957f8d22b0478f3f1aa51e742bc2898bf11f0edc83ef7c5905335d7 6bdf097aa58cd62b5029eb1238993d7235dde19cea5699e03f3f79afacf0e14ce05f83dc96474f08ff42e44ce9513713
CLIENT_TRAFFIC_SECRET_0 0cc8c535b957f8d22b0478f3f1aa51e742bc2898bf11f0edc83ef7c5905335d7 50910d31d12b8037fe22605af9bbbc387878a46d776840ef988f847ad264e2bda0740994ef2cd73c9d75dc3463a9401f
SERVER_TRAFFIC_SECRET_0 0cc8c535b957f8d22b0478f3f1aa51e742bc2898bf11f0edc83ef7c5905335d7 1834775b4ec49d31dd5652f29d47300f1dbae97bf5513f6443d6aaba1acbd38ed9e1b8d10807a5a9f5ed6617c0b17f02
EXPORTER_SECRET 0cc8c535b957f8d22b0478f3f1aa51e742bc2898bf11f0edc83ef7c5905335d7 4f29e54220b42380830b91085dc6295b0da3029bc1a963dac008b916daa08d8ca5dcbf6a7c4933d0918e9e95a996cb6a
SERVER_HANDSHAKE_TRAFFIC_SECRET 0cc8c535b957f8d22b0478f3f1aa51e742bc2898bf11f0edc83ef7c5905335d7 6bdf097aa58cd62b5029eb1238993d7235dde19cea5699e03f3f79afacf0e14ce05f83dc96474f08ff42e44ce9513713
CLIENT_HANDSHAKE_TRAFFIC_SECRET 0cc8c535b957f8d22b0478f3f1aa51e742bc2898bf11f0edc83ef7c5905335d7 01d2d76f35f55c57d48c1f97da063f762b79e4f56bdbd126a6a4e8934a98d3b8d7c181fad565bfb6a894d0d91d2156d5
SERVER_TRAFFIC_SECRET_0 0cc8c535b957f8d22b0478f3f1aa51e742bc2898bf11f0edc83ef7c5905335d7 1834775b4ec49d31dd5652f29d47300f1dbae97bf5513f6443d6aaba1acbd38ed9e1b8d10807a5a9f5ed6617c0b17f02
CLIENT_TRAFFIC_SECRET_0 0cc8c535b957f8d22b0478f3f1aa51e742bc2898bf11f0edc83ef7c5905335d7 50910d31d12b8037fe22605af9bbbc387878a46d776840ef988f847ad264e2bda0740994ef2cd73c9d75dc3463a9401f
CLIENT_HANDSHAKE_TRAFFIC_SECRET 62e9c595c325fc2ce3d19271d219a146ff352f4e02ece2a4562aab4b929d4baf 2987d2a4a4414c6887d47a1c595908c33b8e95afe76ebc48c9ef1bcb1f0b53cb2baea31286c3bee5c8d353e9b281af20
SERVER_HANDSHAKE_TRAFFIC_SECRET 62e9c595c325fc2ce3d19271d219a146ff352f4e02ece2a4562aab4b929d4baf b5a1c20e0830ba63dda0c7ad1ea10d78c27e9f6f5731137e067d13e67329611a73a17960383079138bace50fdb66c924
CLIENT_TRAFFIC_SECRET_0 62e9c595c325fc2ce3d19271d219a146ff352f4e02ece2a4562aab4b929d4baf 1c765bf675fbddf382a19dc34413f62385b6c24d10e56544aea2623bfa44807db5ce4041f15592ed071ed97345c4e735
SERVER_TRAFFIC_SECRET_0 62e9c595c325fc2ce3d19271d219a146ff352f4e02ece2a4562aab4b929d4baf ef2fb70145fdae66a199f3202424aa01348d26e2a0fa7abb4c64204d008882643f767c58345ea798ad89e9aa176d1ae5
EXPORTER_SECRET 62e9c595c325fc2ce3d19271d219a146ff352f4e02ece2a4562aab4b929d4baf 16d60cb1d7020df5f62dde002f8cf0c10ce5ccebc1281369411304449a037d2629ecd332081724994edee1a06a67096b
SERVER_HANDSHAKE_TRAFFIC_SECRET 62e9c595c325fc2ce3d19271d219a146ff352f4e02ece2a4562aab4b929d4baf b5a1c20e0830ba63dda0c7ad1ea10d78c27e9f6f5731137e067d13e67329611a73a17960383079138bace50fdb66c924
CLIENT_HANDSHAKE_TRAFFIC_SECRET 62e9c595c325fc2ce3d19271d219a146ff352f4e02ece2a4562aab4b929d4baf 2987d2a4a4414c6887d47a1c595908c33b8e95afe76ebc48c9ef1bcb1f0b53cb2baea31286c3bee5c8d353e9b281af20
SERVER_TRAFFIC_SECRET_0 62e9c595c325fc2ce3d19271d219a146ff352f4e02ece2a4562aab4b929d4baf ef2fb70145fdae66a199f3202424aa01348d26e2a0fa7abb4c64204d008882643f767c58345ea798ad89e9aa176d1ae5
CLIENT_TRAFFIC_SECRET_0 62e9c595c325fc2ce3d19271d219a146ff352f4e02ece2a4562aab4b929d4baf 1c765bf675fbddf382a19dc34413f62385b6c24d10e56544aea2623bfa44807db5ce4041f15592ed071ed97345c4e735
CLIENT_HANDSHAKE_TRAFFIC_SECRET 51d8b0d37c14f5264649b1783f3c787fcfb9016ff66d2f7e9122b6885f42bec7 9b2219ec74fc03e903c49b6f6a1c9ae746f7d12b68fae9d8dfd09455c33e4203f4667976e06e03644431846207f1e727
SERVER_HANDSHAKE_TRAFFIC_SECRET 51d8b0d37c14f5264649b1783f3c787fcfb9016ff66d2f7e9122b6885f42bec7 2818fd59aabdca2bc5e2b12d97b1f2fc223bca953d6b4b9a8d32c4fb38008c62fde2f2f78b78624d186b8fb835ee5a61
CLIENT_TRAFFIC_SECRET_0 51d8b0d37c14f5264649b1783f3c787fcfb9016ff66d2f7e9122b6885f42bec7 90029b2c6b087fb83f9db8c765c561141d97a5848a1d89628ee2109d0218e7180e13011a5dd1fb074014bd5583d7d4d7
SERVER_TRAFFIC_SECRET_0 51d8b0d37c14f5264649b1783f3c787fcfb9016ff66d2f7e9122b6885f42bec7 9f5b4ec7a85d8e7677fc1bc174a6747208a202cd23a46677ce92203a3b21d69f9db4cb440051375275c371ea49d92178
EXPORTER_SECRET 51d8b0d37c14f5264649b1783f3c787fcfb9016ff66d2f7e9122b6885f42bec7 dc2aa97004fb486b88ae85652d0bbf2ca67e6e55751a8b6468f27ffca577b764544865b5d57d854270aec7a3476d8968
SERVER_HANDSHAKE_TRAFFIC_SECRET 51d8b0d37c14f5264649b1783f3c787fcfb9016ff66d2f7e9122b6885f42bec7 2818fd59aabdca2bc5e2b12d97b1f2fc223bca953d6b4b9a8d32c4fb38008c62fde2f2f78b78624d186b8fb835ee5a61
CLIENT_HANDSHAKE_TRAFFIC_SECRET 51d8b0d37c14f5264649b1783f3c787fcfb9016ff66d2f7e9122b6885f42bec7 9b2219ec74fc03e903c49b6f6a1c9ae746f7d12b68fae9d8dfd09455c33e4203f4667976e06e03644431846207f1e727
SERVER_TRAFFIC_SECRET_0 51d8b0d37c14f5264649b1783f3c787fcfb9016ff66d2f7e9122b6885f42bec7 9f5b4ec7a85d8e7677fc1bc174a6747208a202cd23a46677ce92203a3b21d69f9db4cb440051375275c371ea49d92178
CLIENT_TRAFFIC_SECRET_0 51d8b0d37c14f5264649b1783f3c787fcfb9016ff66d2f7e9122b6885f42bec7 90029b2c6b087fb83f9db8c765c561141d97a5848a1d89628ee2109d0218e7180e13011a5dd1fb074014bd5583d7d4d7
CLIENT_HANDSHAKE_TRAFFIC_SECRET d5b0c463aaef7076b55b446efdd9218bc43c16a72a3181e8ab0ee827b7baf042 bd96a34205aa016de27b18a7240e8944c8d3bcb3e713cfb7f6258916a95ffff922b098fae672b48428790fb198e8495e
SERVER_HANDSHAKE_TRAFFIC_SECRET d5b0c463aaef7076b55b446efdd9218bc43c16a72a3181e8ab0ee827b7baf042 93da729c1f5eccf64134fee65b4b8d4221412c5280cd184125259e537de55419ccbe4c66df130de1ffaa2e1a851d9f61
CLIENT_TRAFFIC_SECRET_0 d5b0c463aaef7076b55b446efdd9218bc43c16a72a3181e8ab0ee827b7baf042 a98676905dc5188c628c4b33078d09801eef14bfdda9a6b58f3286e5d0bc5594c798601c2fcb027724f958fee80cd71d
SERVER_TRAFFIC_SECRET_0 d5b0c463aaef7076b55b446efdd9218bc43c16a72a3181e8ab0ee827b7baf042 91f80685893139e75d2091e755d95dc0dd27ef655bd543f4fba7628753392afb19c6c7ea9678288da96a3025882c66d3
EXPORTER_SECRET d5b0c463aaef7076b55b446efdd9218bc43c16a72a3181e8ab0ee827b7baf042 5f98a2927d4232f99686dbc0c9cfbf14e3eb1f3f1e454c2210f20c9c032f0b6225f3fc97eb58fef2e4fed03a5ddb33ab
SERVER_HANDSHAKE_TRAFFIC_SECRET d5b0c463aaef7076b55b446efdd9218bc43c16a72a3181e8ab0ee827b7baf042 93da729c1f5eccf64134fee65b4b8d4221412c5280cd184125259e537de55419ccbe4c66df130de1ffaa2e1a851d9f61
CLIENT_HANDSHAKE_TRAFFIC_SECRET d5b0c463aaef7076b55b446efdd9218bc43c16a72a3181e8ab0ee827b7baf042 bd96a34205aa016de27b18a7240e8944c8d3bcb3e713cfb7f6258916a95ffff922b098fae672b48428790fb198e8495e
SERVER_TRAFFIC_SECRET_0 d5b0c463aaef7076b55b446efdd9218bc43c16a72a3181e8ab0ee827b7baf042 91f80685893139e75d2091e755d95dc0dd27ef655bd543f4fba7628753392afb19c6c7ea9678288da96a3025882c66d3
CLIENT_TRAFFIC_SECRET_0 d5b0c463aaef7076b55b446efdd9218bc43c16a72a3181e8ab0ee827b7baf042 a98676905dc5188c628c4b33078d09801eef14bfdda9a6b58f3286e5d0bc5594c798601c2fcb027724f958fee80cd71d
CLIENT_HANDSHAKE_TRAFFIC_SECRET 812684168db2944794fd06cefb681401268a898801271e1c4ceeba84e8622b2c cb50cd3f8e7f9a9a7e62f7b65208b649191de2386b0def8eca624138edfac0fbe0f68921d99c151c91abd57bef534f59
SERVER_HANDSHAKE_TRAFFIC_SECRET 812684168db2944794fd06cefb681401268a898801271e1c4ceeba84e8622b2c 8f2cd273c7ad131178f8e29e49dbef06886b93a04caa8e4d5c9a0d852e24b2bd18c131d049df513d224beb494f242bdf
CLIENT_TRAFFIC_SECRET_0 812684168db2944794fd06cefb681401268a898801271e1c4ceeba84e8622b2c b53a029fc58f47a6d651c74f03183273199ab631a68670b4e6bc7cd4da574f4d84def2fbd99e9e40203a02ff05af302c
SERVER_TRAFFIC_SECRET_0 812684168db2944794fd06cefb681401268a898801271e1c4ceeba84e8622b2c 10d7b99d72bfd10626dbcac87bf2694648fbe9f47726b86f2c2161cb2f3942ca5ad7c7f5cbb46b1d21b2364e95e7a7f6
EXPORTER_SECRET 812684168db2944794fd06cefb681401268a898801271e1c4ceeba84e8622b2c 1300ea408b6dfc96890b5648ad8a6c2d579b47d470a1fdd7e65b03a4d26be207827eca6c9022978863a696528e9e1803
SERVER_HANDSHAKE_TRAFFIC_SECRET 812684168db2944794fd06cefb681401268a898801271e1c4ceeba84e8622b2c 8f2cd273c7ad131178f8e29e49dbef06886b93a04caa8e4d5c9a0d852e24b2bd18c131d049df513d224beb494f242bdf
CLIENT_HANDSHAKE_TRAFFIC_SECRET 812684168db2944794fd06cefb681401268a898801271e1c4ceeba84e8622b2c cb50cd3f8e7f9a9a7e62f7b65208b649191de2386b0def8eca624138edfac0fbe0f68921d99c151c91abd57bef534f59
SERVER_TRAFFIC_SECRET_0 812684168db2944794fd06cefb681401268a898801271e1c4ceeba84e8622b2c 10d7b99d72bfd10626dbcac87bf2694648fbe9f47726b86f2c2161cb2f3942ca5ad7c7f5cbb46b1d21b2364e95e7a7f6
CLIENT_TRAFFIC_SECRET_0 812684168db2944794fd06cefb681401268a898801271e1c4ceeba84e8622b2c b53a029fc58f47a6d651c74f03183273199ab631a68670b4e6bc7cd4da574f4d84def2fbd99e9e40203a02ff05af302c
CLIENT_HANDSHAKE_TRAFFIC_SECRET 39988c812b15b174ea290331df214ff0c7b6d915ae86a68a5366d8dc45af2341 03a47e0bd47c4dcad7ae657a8eaf39c1a05222fd7daa9d13f9e1206dc3eebff417c70eb18eaa960937abb22fd0e8f9b5
SERVER_HANDSHAKE_TRAFFIC_SECRET 39988c812b15b174ea290331df214ff0c7b6d915ae86a68a5366d8dc45af2341 fb650015b74e563e3b3fa130ee626372528834c61be56349044969997e54263bfbc8b4580c56f4e78e43b5882e68cd76
CLIENT_TRAFFIC_SECRET_0 39988c812b15b174ea290331df214ff0c7b6d915ae86a68a5366d8dc45af2341 0eb8bfd5f8fe989fc9e2a041c1b9c68e195523039fa37145f3febb32f018adf14a362ddfb2ce540cda8a7598b6950ff0
SERVER_TRAFFIC_SECRET_0 39988c812b15b174ea290331df214ff0c7b6d915ae86a68a5366d8dc45af2341 5cdc7ff0b9a1b625c683f3f8f17f73d53ae8b1bd635468880f06732434d98fc972430f032604db5ab2e0092d62aa0ab7
EXPORTER_SECRET 39988c812b15b174ea290331df214ff0c7b6d915ae86a68a5366d8dc45af2341 082fe77ffeeea14c95ad4fbe85865874b55f7456d471f2d60cb123243de641629ee33a88a0e4a3e1462f20f7c439efbb
SERVER_HANDSHAKE_TRAFFIC_SECRET 39988c812b15b174ea290331df214ff0c7b6d915ae86a68a5366d8dc45af2341 fb650015b74e563e3b3fa130ee626372528834c61be56349044969997e54263bfbc8b4580c56f4e78e43b5882e68cd76
CLIENT_HANDSHAKE_TRAFFIC_SECRET 39988c812b15b174ea290331df214ff0c7b6d915ae86a68a5366d8dc45af2341 03a47e0bd47c4dcad7ae657a8eaf39c1a05222fd7daa9d13f9e1206dc3eebff417c70eb18eaa960937abb22fd0e8f9b5
SERVER_TRAFFIC_SECRET_0 39988c812b15b174ea290331df214ff0c7b6d915ae86a68a5366d8dc45af2341 5cdc7ff0b9a1b625c683f3f8f17f73d53ae8b1bd635468880f06732434d98fc972430f032604db5ab2e0092d62aa0ab7
CLIENT_TRAFFIC_SECRET_0 39988c812b15b174ea290331df214ff0c7b6d915ae86a68a5366d8dc45af2341 0eb8bfd5f8fe989fc9e2a041c1b9c68e195523039fa37145f3febb32f018adf14a362ddfb2ce540cda8a7598b6950ff0
CLIENT_HANDSHAKE_TRAFFIC_SECRET 2940d581d7f153e42860e68ce660325460a56179151153139e53190952217b94 1cb3bed3ec115c9d2ffcd4edd9e8c45fd7ebbefa6fc06fe874ad3e93a61660ffc647dbd193ac9aad7fd3377ea5629a34
SERVER_HANDSHAKE_TRAFFIC_SECRET 2940d581d7f153e42860e68ce660325460a56179151153139e53190952217b94 42794d22231fc4dc7cc4910a9d949c09b727b65c21d5dc559b90520bf72b5084809dbdf06efc7513df0b8c6e108ab6da
CLIENT_TRAFFIC_SECRET_0 2940d581d7f153e42860e68ce660325460a56179151153139e53190952217b94 824a73585a2364eb924143bc192305e56dde529307e87c8f42fc46444cf696139f65233c4df653db4df5a896f31786e3
SERVER_TRAFFIC_SECRET_0 2940d581d7f153e42860e68ce660325460a56179151153139e53190952217b94 201f9513e80beb3ee2e6fed6960414c1148878de54a1e91cf9b39ad7cb3111d88ca612c0172b90767cb3f0d157d43b0b
EXPORTER_SECRET 2940d581d7f153e42860e68ce660325460a56179151153139e53190952217b94 c98414f24f1eb8d96998497320fcd35c199cffdad5cfc81c0ae6653ff539228659fc4daa49a82aab1558c7231f886510
SERVER_HANDSHAKE_TRAFFIC_SECRET 2940d581d7f153e42860e68ce660325460a56179151153139e53190952217b94 42794d22231fc4dc7cc4910a9d949c09b727b65c21d5dc559b90520bf72b5084809dbdf06efc7513df0b8c6e108ab6da
CLIENT_HANDSHAKE_TRAFFIC_SECRET 2940d581d7f153e42860e68ce660325460a56179151153139e53190952217b94 1cb3bed3ec115c9d2ffcd4edd9e8c45fd7ebbefa6fc06fe874ad3e93a61660ffc647dbd193ac9aad7fd3377ea5629a34
SERVER_TRAFFIC_SECRET_0 2940d581d7f153e42860e68ce660325460a56179151153139e53190952217b94 201f9513e80beb3ee2e6fed6960414c1148878de54a1e91cf9b39ad7cb3111d88ca612c0172b90767cb3f0d157d43b0b
CLIENT_TRAFFIC_SECRET_0 2940d581d7f153e42860e68ce660325460a56179151153139e53190952217b94 824a73585a2364eb924143bc192305e56dde529307e87c8f42fc46444cf696139f65233c4df653db4df5a896f31786e3
CLIENT_HANDSHAKE_TRAFFIC_SECRET 9a6dec72be64084f0063fc8ef389c13aef681b7b3080065d4f78c4c66b6261bc 0386853a4f66d55ab0c591076ac45d253223b781a3875605cbb3d540a8d53dafaf1d6a1e48bb5669268b6b3b4f5f82be
SERVER_HANDSHAKE_TRAFFIC_SECRET 9a6dec72be64084f0063fc8ef389c13aef681b7b3080065d4f78c4c66b6261bc c9d377c3151bdc857f996ffb4d0d0c6807d8eccd7b89524e7ed6bf1c41dc9bcced549aeeb7338d60c7c6135145802c7c
CLIENT_TRAFFIC_SECRET_0 9a6dec72be64084f0063fc8ef389c13aef681b7b3080065d4f78c4c66b6261bc 9ef898f73e3d1344d7645369c2fc73e832d65e10e9c1980ed6776928de0020d853e47ade4e06edc42e1bd1d9b5a7fa78
SERVER_TRAFFIC_SECRET_0 9a6dec72be64084f0063fc8ef389c13aef681b7b3080065d4f78c4c66b6261bc a6cf13ab9852c818e095164216ecd67a4c96a84c5a7aa06a51c7f4b41e579f1176c12d483ffa961c87a1cd05045be7e0
EXPORTER_SECRET 9a6dec72be64084f0063fc8ef389c13aef681b7b3080065d4f78c4c66b6261bc e14544ed024d70fdefe444c7eb3960f88db456f36397880312274b6d30326ad0d5435c2519854a58ebcb665f77fb3638
SERVER_HANDSHAKE_TRAFFIC_SECRET 9a6dec72be64084f0063fc8ef389c13aef681b7b3080065d4f78c4c66b6261bc c9d377c3151bdc857f996ffb4d0d0c6807d8eccd7b89524e7ed6bf1c41dc9bcced549aeeb7338d60c7c6135145802c7c
CLIENT_HANDSHAKE_TRAFFIC_SECRET 9a6dec72be64084f0063fc8ef389c13aef681b7b3080065d4f78c4c66b6261bc 0386853a4f66d55ab0c591076ac45d253223b781a3875605cbb3d540a8d53dafaf1d6a1e48bb5669268b6b3b4f5f82be
SERVER_TRAFFIC_SECRET_0 9a6dec72be64084f0063fc8ef389c13aef681b7b3080065d4f78c4c66b6261bc a6cf13ab9852c818e095164216ecd67a4c96a84c5a7aa06a51c7f4b41e579f1176c12d483ffa961c87a1cd05045be7e0
CLIENT_TRAFFIC_SECRET_0 9a6dec72be64084f0063fc8ef389c13aef681b7b3080065d4f78c4c66b6261bc 9ef898f73e3d1344d7645369c2fc73e832d65e10e9c1980ed6776928de0020d853e47ade4e06edc42e1bd1d9b5a7fa78
CLIENT_HANDSHAKE_TRAFFIC_SECRET bda6b61d43013e38184d2c609ddf289dde9808baa9d1ecd227a3d3f958ba1d4d de890c1f81e23afc39b4d6c31ecfd8e24c2867fee6a9a33d7c2211f8a2149ac0776ba666ba7538d862a775e071b86e6c
SERVER_HANDSHAKE_TRAFFIC_SECRET bda6b61d43013e38184d2c609ddf289dde9808baa9d1ecd227a3d3f958ba1d4d c36dd4cb60cbf0a1f2b75a5c55be7c4a81616e8dc2a7aac8ed05bb17def2171416a98cc72468c0f970fcad4632be9bec
CLIENT_TRAFFIC_SECRET_0 bda6b61d43013e38184d2c609ddf289dde9808baa9d1ecd227a3d3f958ba1d4d 09e960252ebfd3f4a5efa7fadc49a8015f4f2b5c8feffa4b777944bbd4f0acda90c23f33279a3fedf6bb985e9ee91952
SERVER_TRAFFIC_SECRET_0 bda6b61d43013e38184d2c609ddf289dde9808baa9d1ecd227a3d3f958ba1d4d 97fa4e7e3ad35addedc2c9e0e6e6b2988bd7cc4e0a2def94202225c356f9c2e747766506b0299a3e7733c1fa9960f6c7
EXPORTER_SECRET bda6b61d43013e38184d2c609ddf289dde9808baa9d1ecd227a3d3f958ba1d4d 69f5e240841065f5b5b77bdb570881e4fd08e7b61e75a02e8ddd0396a4ae7dd686ebb5970aed3fa7286b057d5c2f81a6
SERVER_HANDSHAKE_TRAFFIC_SECRET bda6b61d43013e38184d2c609ddf289dde9808baa9d1ecd227a3d3f958ba1d4d c36dd4cb60cbf0a1f2b75a5c55be7c4a81616e8dc2a7aac8ed05bb17def2171416a98cc72468c0f970fcad4632be9bec
CLIENT_HANDSHAKE_TRAFFIC_SECRET bda6b61d43013e38184d2c609ddf289dde9808baa9d1ecd227a3d3f958ba1d4d de890c1f81e23afc39b4d6c31ecfd8e24c2867fee6a9a33d7c2211f8a2149ac0776ba666ba7538d862a775e071b86e6c
SERVER_TRAFFIC_SECRET_0 bda6b61d43013e38184d2c609ddf289dde9808baa9d1ecd227a3d3f958ba1d4d 97fa4e7e3ad35addedc2c9e0e6e6b2988bd7cc4e0a2def94202225c356f9c2e747766506b0299a3e7733c1fa9960f6c7
CLIENT_TRAFFIC_SECRET_0 bda6b61d43013e38184d2c609ddf289dde9808baa9d1ecd227a3d3f958ba1d4d 09e960252ebfd3f4a5efa7fadc49a8015f4f2b5c8feffa4b777944bbd4f0acda90c23f33279a3fedf6bb985e9ee91952
CLIENT_HANDSHAKE_TRAFFIC_SECRET a708af2b009cc62cef7da54daf26c82b09005067013b2dce874785aa11beb411 317381f688d12e1d4cdf7be301e06014ce7aeb6248980ce07c0100af6bc22e226b3c329826825a73ed355b7faf995d2c
SERVER_HANDSHAKE_TRAFFIC_SECRET a708af2b009cc62cef7da54daf26c82b09005067013b2dce874785aa11beb411 2588c2a93c5e4aad60e7a67530e1b1cb7689e8356b9e87a4ed34cd05b81e6274508aea4db877ba50e0962d360f0d89d6
CLIENT_TRAFFIC_SECRET_0 a708af2b009cc62cef7da54daf26c82b09005067013b2dce874785aa11beb411 c2e9600bac6f4446d981d953f11b52302eff0ad4716ed9c02648feed9041a5708036b6cb7eb50167673aef40ee21a515
SERVER_TRAFFIC_SECRET_0 a708af2b009cc62cef7da54daf26c82b09005067013b2dce874785aa11beb411 ec22e0aa6dd42199704eaf37ee9af5d6c0b6e22c0fdf2fe87247e7ba7abb43b58bd5f462c7d5c6371ec0fa00ea74b92a
EXPORTER_SECRET a708af2b009cc62cef7da54daf26c82b09005067013b2dce874785aa11beb411 0fd7d9632204be1941efd69f70fe33ffda3ec7bb3a97f656f2a0680cdaf318eaa856dd15c7641e4a6a81355ad3eaabc1
SERVER_HANDSHAKE_TRAFFIC_SECRET a708af2b009cc62cef7da54daf26c82b09005067013b2dce874785aa11beb411 2588c2a93c5e4aad60e7a67530e1b1cb7689e8356b9e87a4ed34cd05b81e6274508aea4db877ba50e0962d360f0d89d6
CLIENT_HANDSHAKE_TRAFFIC_SECRET a708af2b009cc62cef7da54daf26c82b09005067013b2dce874785aa11beb411 317381f688d12e1d4cdf7be301e06014ce7aeb6248980ce07c0100af6bc22e226b3c329826825a73ed355b7faf995d2c
SERVER_TRAFFIC_SECRET_0 a708af2b009cc62cef7da54daf26c82b09005067013b2dce874785aa11beb411 ec22e0aa6dd42199704eaf37ee9af5d6c0b6e22c0fdf2fe87247e7ba7abb43b58bd5f462c7d5c6371ec0fa00ea74b92a
CLIENT_TRAFFIC_SECRET_0 a708af2b009cc62cef7da54daf26c82b09005067013b2dce874785aa11beb411 c2e9600bac6f4446d981d953f11b52302eff0ad4716ed9c02648feed9041a5708036b6cb7eb50167673aef40ee21a515
CLIENT_HANDSHAKE_TRAFFIC_SECRET 67ca2538d973671380dea404d5f79c99022f8ba454dd0d75f565f0dafa64cbff 382ebdb071d1901292ecbcf41f291fbe9ae0d03743750fe89c0dfca0abddbb813bf98a4cb384850e5751766ba218834b
SERVER_HANDSHAKE_TRAFFIC_SECRET 67ca2538d973671380dea404d5f79c99022f8ba454dd0d75f565f0dafa64cbff a93eb4fa64146de79f791965f6f81928de2967cf73fbbb6f0d911c30cbd8baea8f2180e906af7853b50c7ed4d7f52d14
CLIENT_TRAFFIC_SECRET_0 67ca2538d973671380dea404d5f79c99022f8ba454dd0d75f565f0dafa64cbff 5dbbf8488c7a8eb4e8d9d913a4b80e5830b15b80323b5097dd7b621ba27cfade030971ac7bc97f468c19647b9478ff71
SERVER_TRAFFIC_SECRET_0 67ca2538d973671380dea404d5f79c99022f8ba454dd0d75f565f0dafa64cbff 7ca22eb295e9426c7e9f70ad3ae2c74db94b0ea4d6f58772469fb53062e9f68c0b16d210b216a9114ddb6f09af3de207
EXPORTER_SECRET 67ca2538d973671380dea404d5f79c99022f8ba454dd0d75f565f0dafa64cbff cc8a170e3cd2bc47aac9dc6235e3f26019a2eccd7b1a6f3e57ca1ce3b34f69207820b8fa7701953cba26c77d51883333
SERVER_HANDSHAKE_TRAFFIC_SECRET 67ca2538d973671380dea404d5f79c99022f8ba454dd0d75f565f0dafa64cbff a93eb4fa64146de79f791965f6f81928de2967cf73fbbb6f0d911c30cbd8baea8f2180e906af7853b50c7ed4d7f52d14
CLIENT_HANDSHAKE_TRAFFIC_SECRET 67ca2538d973671380dea404d5f79c99022f8ba454dd0d75f565f0dafa64cbff 382ebdb071d1901292ecbcf41f291fbe9ae0d03743750fe89c0dfca0abddbb813bf98a4cb384850e5751766ba218834b
SERVER_TRAFFIC_SECRET_0 67ca2538d973671380dea404d5f79c99022f8ba454dd0d75f565f0dafa64cbff 7ca22eb295e9426c7e9f70ad3ae2c74db94b0ea4d6f58772469fb53062e9f68c0b16d210b216a9114ddb6f09af3de207
CLIENT_TRAFFIC_SECRET_0 67ca2538d973671380dea404d5f79c99022f8ba454dd0d75f565f0dafa64cbff 5dbbf8488c7a8eb4e8d9d913a4b80e5830b15b80323b5097dd7b621ba27cfade030971ac7bc97f468c19647b9478ff71
CLIENT_HANDSHAKE_TRAFFIC_SECRET 23a3ed15c1407d5389231ffe4b7e59940d1b8808dee06ccffd12e65e2b2fbdee 1d659617d4729b40a78397e48e808a21ff445ed4074b4819ee28207ff5a4820abda1b44ee7c4964a1ced28c6ddbbdfa2
SERVER_HANDSHAKE_TRAFFIC_SECRET 23a3ed15c1407d5389231ffe4b7e59940d1b8808dee06ccffd12e65e2b2fbdee 08b3d0d8d36264592d5c99b90333ecbbcc2ac9e8ae25189af0032404994add59848f4bb3aa3e94336ec98ec2537142bb
CLIENT_TRAFFIC_SECRET_0 23a3ed15c1407d5389231ffe4b7e59940d1b8808dee06ccffd12e65e2b2fbdee 7d43c9838c1e11878370e21ee7dd79d51625af5ca180434db490be638d0346ebe0893339f823805b83e2021b2e19ad69
SERVER_TRAFFIC_SECRET_0 23a3ed15c1407d5389231ffe4b7e59940d1b8808dee06ccffd12e65e2b2fbdee 5130701e0399792ed9c04a7e72da2714b5ec2cf677f61d7928a9139e7771f12984c4ba53e6e841cf9f002811199ed977
EXPORTER_SECRET 23a3ed15c1407d5389231ffe4b7e59940d1b8808dee06ccffd12e65e2b2fbdee b98b3a4e7b92c0165ca8c5a41bab7df6daf3b76e90bf83cf93eeed2e8663f5028f1b4453624d2c13fae7b7bbccfc77fa
SERVER_HANDSHAKE_TRAFFIC_SECRET 23a3ed15c1407d5389231ffe4b7e59940d1b8808dee06ccffd12e65e2b2fbdee 08b3d0d8d36264592d5c99b90333ecbbcc2ac9e8ae25189af0032404994add59848f4bb3aa3e94336ec98ec2537142bb
CLIENT_HANDSHAKE_TRAFFIC_SECRET 23a3ed15c1407d5389231ffe4b7e59940d1b8808dee06ccffd12e65e2b2fbdee 1d659617d4729b40a78397e48e808a21ff445ed4074b4819ee28207ff5a4820abda1b44ee7c4964a1ced28c6ddbbdfa2
SERVER_TRAFFIC_SECRET_0 23a3ed15c1407d5389231ffe4b7e59940d1b8808dee06ccffd12e65e2b2fbdee 5130701e0399792ed9c04a7e72da2714b5ec2cf677f61d7928a9139e7771f12984c4ba53e6e841cf9f002811199ed977
CLIENT_TRAFFIC_SECRET_0 23a3ed15c1407d5389231ffe4b7e59940d1b8808dee06ccffd12e65e2b2fbdee 7d43c9838c1e11878370e21ee7dd79d51625af5ca180434db490be638d0346ebe0893339f823805b83e2021b2e19ad69
CLIENT_HANDSHAKE_TRAFFIC_SECRET dfb696bfd22ba9076fec8f8ce32ff4db296bec8990e4c7ca7a9dc9c4313f1410 6b19c0e80fbb72ea25eaf73c8cc564015a6f596ba199c3b2966f3caa44e5eb42effd538583a989947a84f20419db2f17
SERVER_HANDSHAKE_TRAFFIC_SECRET dfb696bfd22ba9076fec8f8ce32ff4db296bec8990e4c7ca7a9dc9c4313f1410 39abbdfbdc34e828f74597da09c4c01da913ff874f4c977f4f88a2703e311720584e26edce0abeff7047650b0b433080
CLIENT_TRAFFIC_SECRET_0 dfb696bfd22ba9076fec8f8ce32ff4db296bec8990e4c7ca7a9dc9c4313f1410 27e2b05e5865621e0dda881706af2f431b27de361a1e765ae3548a42359c53c678fda6b120417c63db74c77e0ae9e3f8
SERVER_TRAFFIC_SECRET_0 dfb696bfd22ba9076fec8f8ce32ff4db296bec8990e4c7ca7a9dc9c4313f1410 4d82a987355afa0ac92471807e658a76f4809f676d665d120cff0869f93b7aa64dca67477640e45aac0f9880fd4e4b65
EXPORTER_SECRET dfb696bfd22ba9076fec8f8ce32ff4db296bec8990e4c7ca7a9dc9c4313f1410 5ec545ecb95e53760eed570c3831615f5854c6b5adac3ad1f93c1c16e91e59795fcc5722c69ee15884132b387ead6737
SERVER_HANDSHAKE_TRAFFIC_SECRET dfb696bfd22ba9076fec8f8ce32ff4db296bec8990e4c7ca7a9dc9c4313f1410 39abbdfbdc34e828f74597da09c4c01da913ff874f4c977f4f88a2703e311720584e26edce0abeff7047650b0b433080
CLIENT_HANDSHAKE_TRAFFIC_SECRET dfb696bfd22ba9076fec8f8ce32ff4db296bec8990e4c7ca7a9dc9c4313f1410 6b19c0e80fbb72ea25eaf73c8cc564015a6f596ba199c3b2966f3caa44e5eb42effd538583a989947a84f20419db2f17
SERVER_TRAFFIC_SECRET_0 dfb696bfd22ba9076fec8f8ce32ff4db296bec8990e4c7ca7a9dc9c4313f1410 4d82a987355afa0ac92471807e658a76f4809f676d665d120cff0869f93b7aa64dca67477640e45aac0f9880fd4e4b65
CLIENT_TRAFFIC_SECRET_0 dfb696bfd22ba9076fec8f8ce32ff4db296bec8990e4c7ca7a9dc9c4313f1410 27e2b05e5865621e0dda881706af2f431b27de361a1e765ae3548a42359c53c678fda6b120417c63db74c77e0ae9e3f8
CLIENT_HANDSHAKE_TRAFFIC_SECRET a7bff71b802b54b53fe8a75b4d211c2c77090a130fe166794e27f4897fcd21ec b6d249e55e7d97470e9de7501a7940dc5476dd082b074e53b9c55558bcc2ad38a900a1653dd1a3d4bf9edd25304b95b2
SERVER_HANDSHAKE_TRAFFIC_SECRET a7bff71b802b54b53fe8a75b4d211c2c77090a130fe166794e27f4897fcd21ec 040b63e4c8b438f3450bf2a4b33ff9026455bae8b17cbe8626fc9d3445408d79478c00836ddf143b30c4f352ed073012
CLIENT_TRAFFIC_SECRET_0 a7bff71b802b54b53fe8a75b4d211c2c77090a130fe166794e27f4897fcd21ec baa4d245b5ec3ab7c7529ea393cc85a0aa3fb52d9e85a94f9f8d895cc359762e9d9b34086dd4061da1ee295afc1964dd
SERVER_TRAFFIC_SECRET_0 a7bff71b802b54b53fe8a75b4d211c2c77090a130fe166794e27f4897fcd21ec 0ecdeda4c056c1773a958c3238ceae996b4a69fbc25522da614dc4af4b71e4fed3528770a0694baa491b18484456fce3
EXPORTER_SECRET a7bff71b802b54b53fe8a75b4d211c2c77090a130fe166794e27f4897fcd21ec de872a78e3fbbd7d9629f6cc2cd7210bbb31730529975f1883fc295506350d5d0c12ca6014c3b189025743902662d582
SERVER_HANDSHAKE_TRAFFIC_SECRET a7bff71b802b54b53fe8a75b4d211c2c77090a130fe166794e27f4897fcd21ec 040b63e4c8b438f3450bf2a4b33ff9026455bae8b17cbe8626fc9d3445408d79478c00836ddf143b30c4f352ed073012
CLIENT_HANDSHAKE_TRAFFIC_SECRET a7bff71b802b54b53fe8a75b4d211c2c77090a130fe166794e27f4897fcd21ec b6d249e55e7d97470e9de7501a7940dc5476dd082b074e53b9c55558bcc2ad38a900a1653dd1a3d4bf9edd25304b95b2
SERVER_TRAFFIC_SECRET_0 a7bff71b802b54b53fe8a75b4d211c2c77090a130fe166794e27f4897fcd21ec 0ecdeda4c056c1773a958c3238ceae996b4a69fbc25522da614dc4af4b71e4fed3528770a0694baa491b18484456fce3
CLIENT_TRAFFIC_SECRET_0 a7bff71b802b54b53fe8a75b4d211c2c77090a130fe166794e27f4897fcd21ec baa4d245b5ec3ab7c7529ea393cc85a0aa3fb52d9e85a94f9f8d895cc359762e9d9b34086dd4061da1ee295afc1964dd
CLIENT_HANDSHAKE_TRAFFIC_SECRET 5892c9454b58b5dcdb4ffcf294b688b4d41f18062017df1afbc1638b84962c3d f77edc1467c693d0004a78cfcbd437b4ca9408a22744b28079bf6efb6b470514164227e75c7dfdf790e384a21d1daf3b
SERVER_HANDSHAKE_TRAFFIC_SECRET 5892c9454b58b5dcdb4ffcf294b688b4d41f18062017df1afbc1638b84962c3d 44a3ca0e349fe774f7d040ccae6f5621ae0afa93fef5e63bd5917b396854679470812086e3454ba270df269844f66609
CLIENT_TRAFFIC_SECRET_0 5892c9454b58b5dcdb4ffcf294b688b4d41f18062017df1afbc1638b84962c3d 074e50b75d673a7b5a125f67149b0dcb842e990df85159d0fb631516e6a58a1681f67cef86b86942de04c836553c5e02
SERVER_TRAFFIC_SECRET_0 5892c9454b58b5dcdb4ffcf294b688b4d41f18062017df1afbc1638b84962c3d 12dd94f5e0d63122347877ee84ba0ec903f958002a622478234afa310444617c46019255d9b84de5175811d35a78b088
EXPORTER_SECRET 5892c9454b58b5dcdb4ffcf294b688b4d41f18062017df1afbc1638b84962c3d f994568b37b916ba7e5a4bcbd847f1e9e2f196e982f5ec130accbf0cb64a5941797d53324a8f98590c7b6d1edd9850a7
SERVER_HANDSHAKE_TRAFFIC_SECRET 5892c9454b58b5dcdb4ffcf294b688b4d41f18062017df1afbc1638b84962c3d 44a3ca0e349fe774f7d040ccae6f5621ae0afa93fef5e63bd5917b396854679470812086e3454ba270df269844f66609
CLIENT_HANDSHAKE_TRAFFIC_SECRET 5892c9454b58b5dcdb4ffcf294b688b4d41f18062017df1afbc1638b84962c3d f77edc1467c693d0004a78cfcbd437b4ca9408a22744b28079bf6efb6b470514164227e75c7dfdf790e384a21d1daf3b
SERVER_TRAFFIC_SECRET_0 5892c9454b58b5dcdb4ffcf294b688b4d41f18062017df1afbc1638b84962c3d 12dd94f5e0d63122347877ee84ba0ec903f958002a622478234afa310444617c46019255d9b84de5175811d35a78b088
CLIENT_TRAFFIC_SECRET_0 5892c9454b58b5dcdb4ffcf294b688b4d41f18062017df1afbc1638b84962c3d 074e50b75d673a7b5a125f67149b0dcb842e990df85159d0fb631516e6a58a1681f67cef86b86942de04c836553c5e02
CLIENT_HANDSHAKE_TRAFFIC_SECRET da6d2acde16475d61db778fc4200dd550d8ff57c5e4047c605b8b0d84d9e8d9a 7f34b5f6043faa168ba66fd26cb908b21d5c89e42f553599ca4a9f60382499db5d5246cc5281b69d81f0b4c57d78fcb2
SERVER_HANDSHAKE_TRAFFIC_SECRET da6d2acde16475d61db778fc4200dd550d8ff57c5e4047c605b8b0d84d9e8d9a 7a488ea0977cd645d541daf1e7db76658160dd429176914d9fef457c48565b890cb6b6daa5f2a0f9c44bd909ce3370b4
CLIENT_TRAFFIC_SECRET_0 da6d2acde16475d61db778fc4200dd550d8ff57c5e4047c605b8b0d84d9e8d9a c4ce436962624e138dd6ab479a5ea3d4328b478c320e9c4823cf033c018b0450b91efe1e14b104ed65e2b066958c4ae5
SERVER_TRAFFIC_SECRET_0 da6d2acde16475d61db778fc4200dd550d8ff57c5e4047c605b8b0d84d9e8d9a 0e1d2a0316ca12ec6c469f058e9f057557ad30dd4898303c13beade464035e3236992ddd0a179408cc6334db67cf687b
EXPORTER_SECRET da6d2acde16475d61db778fc4200dd550d8ff57c5e4047c605b8b0d84d9e8d9a aa81cc02421f1c1eafb877bf484ebef546e25311b0d670631b76ff3cdd18e62158915775c39016c52fd560a9584b91ce
SERVER_HANDSHAKE_TRAFFIC_SECRET da6d2acde16475d61db778fc4200dd550d8ff57c5e4047c605b8b0d84d9e8d9a 7a488ea0977cd645d541daf1e7db76658160dd429176914d9fef457c48565b890cb6b6daa5f2a0f9c44bd909ce3370b4
CLIENT_HANDSHAKE_TRAFFIC_SECRET da6d2acde16475d61db778fc4200dd550d8ff57c5e4047c605b8b0d84d9e8d9a 7f34b5f6043faa168ba66fd26cb908b21d5c89e42f553599ca4a9f60382499db5d5246cc5281b69d81f0b4c57d78fcb2
SERVER_TRAFFIC_SECRET_0 da6d2acde16475d61db778fc4200dd550d8ff57c5e4047c605b8b0d84d9e8d9a 0e1d2a0316ca12ec6c469f058e9f057557ad30dd4898303c13beade464035e3236992ddd0a179408cc6334db67cf687b
CLIENT_TRAFFIC_SECRET_0 da6d2acde16475d61db778fc4200dd550d8ff57c5e4047c605b8b0d84d9e8d9a c4ce436962624e138dd6ab479a5ea3d4328b478c320e9c4823cf033c018b0450b91efe1e14b104ed65e2b066958c4ae5
CLIENT_HANDSHAKE_TRAFFIC_SECRET 7a0b3b5dd7d5a3717bd926ed1a704c9cb2436c3332a57b2ac7821a5741a7f05a e48c53b122a92fbefb617bb7b358ff0052f54b23af2cbe3cf8f81a193ba504ba1dc2dceafdb23f09d8ef6390f6595a67
SERVER_HANDSHAKE_TRAFFIC_SECRET 7a0b3b5dd7d5a3717bd926ed1a704c9cb2436c3332a57b2ac7821a5741a7f05a 7813d28b0c157e9405b61ff6c5dec06c2bb527092fc8fefaa7c6c6a3849477c9842fc27ec6ba7175e0ba6135b5f61675
CLIENT_TRAFFIC_SECRET_0 7a0b3b5dd7d5a3717bd926ed1a704c9cb2436c3332a57b2ac7821a5741a7f05a 2dba6b94c02da36d5a8b1417293e4dffd1f2fe7a0d8e3a025f884c41ff68bdef86c10e762048725775abf897adf11065
SERVER_TRAFFIC_SECRET_0 7a0b3b5dd7d5a3717bd926ed1a704c9cb2436c3332a57b2ac7821a5741a7f05a 3a4199decb6a1fc0b39b9b16012051390a56b5e15e5f363d912d9c9cb0cd6d71aed4a7b16eb705e87525b9c100933809
EXPORTER_SECRET 7a0b3b5dd7d5a3717bd926ed1a704c9cb2436c3332a57b2ac7821a5741a7f05a 029a9931542a08c3b574da18360c03d10966e26508afe4d6f6f7d905b66fe850f25446159c86215fe48c225a58a52f5d
SERVER_HANDSHAKE_TRAFFIC_SECRET 7a0b3b5dd7d5a3717bd926ed1a704c9cb2436c3332a57b2ac7821a5741a7f05a 7813d28b0c157e9405b61ff6c5dec06c2bb527092fc8fefaa7c6c6a3849477c9842fc27ec6ba7175e0ba6135b5f61675
CLIENT_HANDSHAKE_TRAFFIC_SECRET 7a0b3b5dd7d5a3717bd926ed1a704c9cb2436c3332a57b2ac7821a5741a7f05a e48c53b122a92fbefb617bb7b358ff0052f54b23af2cbe3cf8f81a193ba504ba1dc2dceafdb23f09d8ef6390f6595a67
SERVER_TRAFFIC_SECRET_0 7a0b3b5dd7d5a3717bd926ed1a704c9cb2436c3332a57b2ac7821a5741a7f05a 3a4199decb6a1fc0b39b9b16012051390a56b5e15e5f363d912d9c9cb0cd6d71aed4a7b16eb705e87525b9c100933809
CLIENT_TRAFFIC_SECRET_0 7a0b3b5dd7d5a3717bd926ed1a704c9cb2436c3332a57b2ac7821a5741a7f05a 2dba6b94c02da36d5a8b1417293e4dffd1f2fe7a0d8e3a025f884c41ff68bdef86c10e762048725775abf897adf11065
CLIENT_HANDSHAKE_TRAFFIC_SECRET 1b42b8ac45b30d7a38e8c3f41035cd5e610120e638ef3ad630a2e1f66a27b556 ef28e32d09d048b27a5223143ec28c0bdc9eee58f6ab30123afc81817a6ce1ca3f9dc2cf9a26ea1ccad799051a8c9e9b
SERVER_HANDSHAKE_TRAFFIC_SECRET 1b42b8ac45b30d7a38e8c3f41035cd5e610120e638ef3ad630a2e1f66a27b556 a22136f95266a9d45517d3ec023fa812448749d5ba1bdacdbe02751b1eff1d915ad5d25dedcd454dcdf59f1a2aa1c7c5
CLIENT_TRAFFIC_SECRET_0 1b42b8ac45b30d7a38e8c3f41035cd5e610120e638ef3ad630a2e1f66a27b556 deb69ccd7c9e09cb9b6937758042c36f4b5da921ae4876ceb60456559136531e5e2513b467f4f2d306e0e6bf43df367b
SERVER_TRAFFIC_SECRET_0 1b42b8ac45b30d7a38e8c3f41035cd5e610120e638ef3ad630a2e1f66a27b556 199319d2fd3d5c301ec5ec04e4eeeb45bda50ce4ee7e31719b65affe373b085024e3c4fc56d6ee912e2ad2063c979596
EXPORTER_SECRET 1b42b8ac45b30d7a38e8c3f41035cd5e610120e638ef3ad630a2e1f66a27b556 45400e865731d53df0e1c1fa6cdf7b0bbc9d894ccd8a26dda002082d018823343b39c44c9012f6fc94c6d9d6ed28a985
SERVER_HANDSHAKE_TRAFFIC_SECRET 1b42b8ac45b30d7a38e8c3f41035cd5e610120e638ef3ad630a2e1f66a27b556 a22136f95266a9d45517d3ec023fa812448749d5ba1bdacdbe02751b1eff1d915ad5d25dedcd454dcdf59f1a2aa1c7c5
CLIENT_HANDSHAKE_TRAFFIC_SECRET 1b42b8ac45b30d7a38e8c3f41035cd5e610120e638ef3ad630a2e1f66a27b556 ef28e32d09d048b27a5223143ec28c0bdc9eee58f6ab30123afc81817a6ce1ca3f9dc2cf9a26ea1ccad799051a8c9e9b
SERVER_TRAFFIC_SECRET_0 1b42b8ac45b30d7a38e8c3f41035cd5e610120e638ef3ad630a2e1f66a27b556 199319d2fd3d5c301ec5ec04e4eeeb45bda50ce4ee7e31719b65affe373b085024e3c4fc56d6ee912e2ad2063c979596
CLIENT_TRAFFIC_SECRET_0 1b42b8ac45b30d7a38e8c3f41035cd5e610120e638ef3ad630a2e1f66a27b556 deb69ccd7c9e09cb9b6937758042c36f4b5da921ae4876ceb60456559136531e5e2513b467f4f2d306e0e6bf43df367b
CLIENT_HANDSHAKE_TRAFFIC_SECRET 0c701d88edf05562056d6d5ef3bce1a5df5401ae207a7d661d0c996b61a4dc9d d023508d3b19cffb45733fea03b895e581aa0a4515c71c993f3a6700a8f62a7ba838c99de35fc8719434eec44c2ac14b
SERVER_HANDSHAKE_TRAFFIC_SECRET 0c701d88edf05562056d6d5ef3bce1a5df5401ae207a7d661d0c996b61a4dc9d ddd39493164d7093cac9ba15f298e8b0e50f3135834c517c7895d00facda40cb01891aff99d12f304be2a8899722ded6
CLIENT_TRAFFIC_SECRET_0 0c701d88edf05562056d6d5ef3bce1a5df5401ae207a7d661d0c996b61a4dc9d 930a7f7b36bc38857847c135887c29207bdabd7795445ab003a2f9c36b767c91c2323183d39fcfe0a62cf06646eb48c9
SERVER_TRAFFIC_SECRET_0 0c701d88edf05562056d6d5ef3bce1a5df5401ae207a7d661d0c996b61a4dc9d c3df63ad72bd9dd16c4612ac9612c0e43fc18011011d17e2c36cf30d338da255b3ad6db1fe518c83977f6178fd9c43c6
EXPORTER_SECRET 0c701d88edf05562056d6d5ef3bce1a5df5401ae207a7d661d0c996b61a4dc9d 648cd08c2ef6a3ced1eaee5c219e9f5513f7e642dd7f3c05cf0bd5801120a6c207c02ffe700e3a32087ca32d79a3389a
SERVER_HANDSHAKE_TRAFFIC_SECRET 0c701d88edf05562056d6d5ef3bce1a5df5401ae207a7d661d0c996b61a4dc9d ddd39493164d7093cac9ba15f298e8b0e50f3135834c517c7895d00facda40cb01891aff99d12f304be2a8899722ded6
CLIENT_HANDSHAKE_TRAFFIC_SECRET 0c701d88edf05562056d6d5ef3bce1a5df5401ae207a7d661d0c996b61a4dc9d d023508d3b19cffb45733fea03b895e581aa0a4515c71c993f3a6700a8f62a7ba838c99de35fc8719434eec44c2ac14b
SERVER_TRAFFIC_SECRET_0 0c701d88edf05562056d6d5ef3bce1a5df5401ae207a7d661d0c996b61a4dc9d c3df63ad72bd9dd16c4612ac9612c0e43fc18011011d17e2c36cf30d338da255b3ad6db1fe518c83977f6178fd9c43c6
CLIENT_TRAFFIC_SECRET_0 0c701d88edf05562056d6d5ef3bce1a5df5401ae207a7d661d0c996b61a4dc9d 930a7f7b36bc38857847c135887c29207bdabd7795445ab003a2f9c36b767c91c2323183d39fcfe0a62cf06646eb48c9
CLIENT_HANDSHAKE_TRAFFIC_SECRET de8205df5d182019824860ec8a2d69d21eceb51ed12c6ab26242c791a8310548 8d52070b41f6753794db445832766b3091f66ce236475990931b61086b159cc17e5ecc3a8e8c14aecd3384d53885f976
SERVER_HANDSHAKE_TRAFFIC_SECRET de8205df5d182019824860ec8a2d69d21eceb51ed12c6ab26242c791a8310548 e5e1340fbcf04e0b640af879dcf6d9c01d30cc21d28508ada7cb480d93f2ff284bccf80b9d2b136dfc274ec8ba914658
CLIENT_TRAFFIC_SECRET_0 de8205df5d182019824860ec8a2d69d21eceb51ed12c6ab26242c791a8310548 0a53704726b6b6b793bdeb53daf42f334c699959800ad8964c0aafda8281e57ee1a2375bee8eee140b8207395938a845
SERVER_TRAFFIC_SECRET_0 de8205df5d182019824860ec8a2d69d21eceb51ed12c6ab26242c791a8310548 7dbab39b7bbd3c820479e8ba637ba490754e3f15b81e492f4b8744ae747e2b2026f5f869ec337a6c5ef60f378bb59762
EXPORTER_SECRET de8205df5d182019824860ec8a2d69d21eceb51ed12c6ab26242c791a8310548 b9bfc26bff66451042ff833fb861a2732a7210ec44f42dae5d9cb7b86f1a40b1fd5557d17737f88511df616dc739c883
SERVER_HANDSHAKE_TRAFFIC_SECRET de8205df5d182019824860ec8a2d69d21eceb51ed12c6ab26242c791a8310548 e5e1340fbcf04e0b640af879dcf6d9c01d30cc21d28508ada7cb480d93f2ff284bccf80b9d2b136dfc274ec8ba914658
CLIENT_HANDSHAKE_TRAFFIC_SECRET de8205df5d182019824860ec8a2d69d21eceb51ed12c6ab26242c791a8310548 8d52070b41f6753794db445832766b3091f66ce236475990931b61086b159cc17e5ecc3a8e8c14aecd3384d53885f976
SERVER_TRAFFIC_SECRET_0 de8205df5d182019824860ec8a2d69d21eceb51ed12c6ab26242c791a8310548 7dbab39b7bbd3c820479e8ba637ba490754e3f15b81e492f4b8744ae747e2b2026f5f869ec337a6c5ef60f378bb59762
CLIENT_TRAFFIC_SECRET_0 de8205df5d182019824860ec8a2d69d21eceb51ed12c6ab26242c791a8310548 0a53704726b6b6b793bdeb53daf42f334c699959800ad8964c0aafda8281e57ee1a2375bee8eee140b8207395938a845
CLIENT_HANDSHAKE_TRAFFIC_SECRET f70541ea1851bf676de2a778c83b4ba928e0aefdc52a21246a4d2004385585f2 bbd34c977d9b1518d70fb2c843c5502f2b7dcdc5c9a783c2ab19ae222a72f28772538c4946030c10a8e2606d4f7e7e50
SERVER_HANDSHAKE_TRAFFIC_SECRET f70541ea1851bf676de2a778c83b4ba928e0aefdc52a21246a4d2004385585f2 cea5c95bec3a27db46c59f6c1bce87ed7ee38bd9431079df9db97342221cc1034bfe57080736942228268468933777bf
CLIENT_TRAFFIC_SECRET_0 f70541ea1851bf676de2a778c83b4ba928e0aefdc52a21246a4d2004385585f2 e3a30f8e4334732147945032aff18be080205b7e5f3681e13d0727b539e93d3e45d1a4746f9f4d4c750fb3d0fbc9f05d
SERVER_TRAFFIC_SECRET_0 f70541ea1851bf676de2a778c83b4ba928e0aefdc52a21246a4d2004385585f2 9f7e0469cb9511fe09301cec152d706a1217d72d5f14ea01e571e57b22cc85d371d05c1c081cf692701300b3461158db
EXPORTER_SECRET f70541ea1851bf676de2a778c83b4ba928e0aefdc52a21246a4d2004385585f2 9f2ce5b20416ccf3c60823b60240bbb310f11c4733e664fc79e4e8be73b431dc549b4a65070d9362fd08537422e26bbd
SERVER_HANDSHAKE_TRAFFIC_SECRET f70541ea1851bf676de2a778c83b4ba928e0aefdc52a21246a4d2004385585f2 cea5c95bec3a27db46c59f6c1bce87ed7ee38bd9431079df9db97342221cc1034bfe57080736942228268468933777bf
CLIENT_HANDSHAKE_TRAFFIC_SECRET f70541ea1851bf676de2a778c83b4ba928e0aefdc52a21246a4d2004385585f2 bbd34c977d9b1518d70fb2c843c5502f2b7dcdc5c9a783c2ab19ae222a72f28772538c4946030c10a8e2606d4f7e7e50
SERVER_TRAFFIC_SECRET_0 f70541ea1851bf676de2a778c83b4ba928e0aefdc52a21246a4d2004385585f2 9f7e0469cb9511fe09301cec152d706a1217d72d5f14ea01e571e57b22cc85d371d05c1c081cf692701300b3461158db
CLIENT_TRAFFIC_SECRET_0 f70541ea1851bf676de2a778c83b4ba928e0aefdc52a21246a4d2004385585f2 e3a30f8e4334732147945032aff18be080205b7e5f3681e13d0727b539e93d3e45d1a4746f9f4d4c750fb3d0fbc9f05d
CLIENT_HANDSHAKE_TRAFFIC_SECRET c8dcb69a2507641a2ac4311b924a7be557a1820822cf96488585e55c3bab8ecd e0d9480989c89e8b06bcb02c384ab4f0628d7d1d74fa306ddc26d87b19b4d757e9ef67274fbc5bee5a1dab1b1b9d15f9
SERVER_HANDSHAKE_TRAFFIC_SECRET c8dcb69a2507641a2ac4311b924a7be557a1820822cf96488585e55c3bab8ecd 4fda7f0616e8af4488c63554ea1ba954a144d4516406e4508b2284bd14fdee006bd942607dffd5c52811e35348fd95e9
CLIENT_TRAFFIC_SECRET_0 c8dcb69a2507641a2ac4311b924a7be557a1820822cf96488585e55c3bab8ecd aa8736a58058b919e62b6212d9400f0b0478377466f92a4678ec69fbbbd81bcbef41165cb53e92e876fd30ac1ed66848
SERVER_TRAFFIC_SECRET_0 c8dcb69a2507641a2ac4311b924a7be557a1820822cf96488585e55c3bab8ecd 5b158b51f8d4cfef0e9e5d6b3c3d12f9f74ac686a63d141ed0c4c9be5aed98850607fc80fb352f211fb6cfbd406c6667
EXPORTER_SECRET c8dcb69a2507641a2ac4311b924a7be557a1820822cf96488585e55c3bab8ecd 404c440478570ea6eaa3e69f17a15303b3641d0ee3463f4dad4d286bb8cd3def11e160191f51ba511324492362b9ce01
SERVER_HANDSHAKE_TRAFFIC_SECRET c8dcb69a2507641a2ac4311b924a7be557a1820822cf96488585e55c3bab8ecd 4fda7f0616e8af4488c63554ea1ba954a144d4516406e4508b2284bd14fdee006bd942607dffd5c52811e35348fd95e9
CLIENT_HANDSHAKE_TRAFFIC_SECRET c8dcb69a2507641a2ac4311b924a7be557a1820822cf96488585e55c3bab8ecd e0d9480989c89e8b06bcb02c384ab4f0628d7d1d74fa306ddc26d87b19b4d757e9ef67274fbc5bee5a1dab1b1b9d15f9
SERVER_TRAFFIC_SECRET_0 c8dcb69a2507641a2ac4311b924a7be557a1820822cf96488585e55c3bab8ecd 5b158b51f8d4cfef0e9e5d6b3c3d12f9f74ac686a63d141ed0c4c9be5aed98850607fc80fb352f211fb6cfbd406c6667
CLIENT_TRAFFIC_SECRET_0 c8dcb69a2507641a2ac4311b924a7be557a1820822cf96488585e55c3bab8ecd aa8736a58058b919e62b6212d9400f0b0478377466f92a4678ec69fbbbd81bcbef41165cb53e92e876fd30ac1ed66848
CLIENT_HANDSHAKE_TRAFFIC_SECRET e3c1cdf03504b6237ec180bb34afe63a88788af49600f5c9ee1c44d2169aab26 302ecade259b4e7228a3afd35d45fefcc99ca660fdb0f349e10aa313c07546497f70c9fe47b1c893773b1ba0e61d6cf8
SERVER_HANDSHAKE_TRAFFIC_SECRET e3c1cdf03504b6237ec180bb34afe63a88788af49600f5c9ee1c44d2169aab26 1cdb7c008855cc94d10320928f172779fc1914218e54af755203391ea77841bca7d4a4024f2ca9da95adf46f8867a5b7
CLIENT_TRAFFIC_SECRET_0 e3c1cdf03504b6237ec180bb34afe63a88788af49600f5c9ee1c44d2169aab26 b1799f58dd3d7a02b8b22ba5ea2aab0fa01cd8f10c061d8162b4ebeab67effd3024823dbfece935db54068a40f8101fd
SERVER_TRAFFIC_SECRET_0 e3c1cdf03504b6237ec180bb34afe63a88788af49600f5c9ee1c44d2169aab26 ba4bd29838c1c5439def7e9611976468c35b24fc760af029d71371409618fc355c45846f16ed632f38b7223692f60c86
EXPORTER_SECRET e3c1cdf03504b6237ec180bb34afe63a88788af49600f5c9ee1c44d2169aab26 8b4b258c711aa5c53fc01d6a2d1778d169e896c475128dba95a00552b002e229093b9f35f41b578c9d275d21e9e3a75a
SERVER_HANDSHAKE_TRAFFIC_SECRET e3c1cdf03504b6237ec180bb34afe63a88788af49600f5c9ee1c44d2169aab26 1cdb7c008855cc94d10320928f172779fc1914218e54af755203391ea77841bca7d4a4024f2ca9da95adf46f8867a5b7
CLIENT_HANDSHAKE_TRAFFIC_SECRET e3c1cdf03504b6237ec180bb34afe63a88788af49600f5c9ee1c44d2169aab26 302ecade259b4e7228a3afd35d45fefcc99ca660fdb0f349e10aa313c07546497f70c9fe47b1c893773b1ba0e61d6cf8
SERVER_TRAFFIC_SECRET_0 e3c1cdf03504b6237ec180bb34afe63a88788af49600f5c9ee1c44d2169aab26 ba4bd29838c1c5439def7e9611976468c35b24fc760af029d71371409618fc355c45846f16ed632f38b7223692f60c86
CLIENT_TRAFFIC_SECRET_0 e3c1cdf03504b6237ec180bb34afe63a88788af49600f5c9ee1c44d2169aab26 b1799f58dd3d7a02b8b22ba5ea2aab0fa01cd8f10c061d8162b4ebeab67effd3024823dbfece935db54068a40f8101fd
CLIENT_HANDSHAKE_TRAFFIC_SECRET 5b6c4be06b08a9a35e0ac35ecfb66bd9b0cda1dfbea4dbd13c07ec2e2428d476 570224480559c56c758545d2432c620d73eae19022de8d82842358ab4fac10f6bad9eda7eebc53f8f652144571e98866
SERVER_HANDSHAKE_TRAFFIC_SECRET 5b6c4be06b08a9a35e0ac35ecfb66bd9b0cda1dfbea4dbd13c07ec2e2428d476 e591ed46019920e8424bb1cc77eb95b8e2de949e1d84c90e26950b10a6d27e2c144a2ec7faaf11ecd106308739a962d8
CLIENT_TRAFFIC_SECRET_0 5b6c4be06b08a9a35e0ac35ecfb66bd9b0cda1dfbea4dbd13c07ec2e2428d476 a9b03eb912bb977dba182b9efc3edfb74df592656a5ce45fa4ae96f92eae35de623198a3edc29093e7ba129f83c98dfa
SERVER_TRAFFIC_SECRET_0 5b6c4be06b08a9a35e0ac35ecfb66bd9b0cda1dfbea4dbd13c07ec2e2428d476 a2e74499eee8863658e107505573245d448e7cfb8312df5fd9b2e7850be59c537722878ab687c273377181025ccf1bd2
EXPORTER_SECRET 5b6c4be06b08a9a35e0ac35ecfb66bd9b0cda1dfbea4dbd13c07ec2e2428d476 a064f8c4e45f1a8be43474eeb415a94849eb7dccd58c4c70d566717680fa2af5cbda9eb8aeb76580ff5cb1ac0732c6fa
SERVER_HANDSHAKE_TRAFFIC_SECRET 5b6c4be06b08a9a35e0ac35ecfb66bd9b0cda1dfbea4dbd13c07ec2e2428d476 e591ed46019920e8424bb1cc77eb95b8e2de949e1d84c90e26950b10a6d27e2c144a2ec7faaf11ecd106308739a962d8
CLIENT_HANDSHAKE_TRAFFIC_SECRET 5b6c4be06b08a9a35e0ac35ecfb66bd9b0cda1dfbea4dbd13c07ec2e2428d476 570224480559c56c758545d2432c620d73eae19022de8d82842358ab4fac10f6bad9eda7eebc53f8f652144571e98866
SERVER_TRAFFIC_SECRET_0 5b6c4be06b08a9a35e0ac35ecfb66bd9b0cda1dfbea4dbd13c07ec2e2428d476 a2e74499eee8863658e107505573245d448e7cfb8312df5fd9b2e7850be59c537722878ab687c273377181025ccf1bd2
CLIENT_TRAFFIC_SECRET_0 5b6c4be06b08a9a35e0ac35ecfb66bd9b0cda1dfbea4dbd13c07ec2e2428d476 a9b03eb912bb977dba182b9efc3edfb74df592656a5ce45fa4ae96f92eae35de623198a3edc29093e7ba129f83c98dfa
CLIENT_HANDSHAKE_TRAFFIC_SECRET bb09fd12d5bbb316bdc050df59ecf74a83ba4b2a2cfebe047abb4ba60d352b1f b69f99d719d828da6dfc9ab7723af04e670120d8f8f34b4d56b417149faf8f48d76ab940edc02d8b243d0bcf94a9ef6f
SERVER_HANDSHAKE_TRAFFIC_SECRET bb09fd12d5bbb316bdc050df59ecf74a83ba4b2a2cfebe047abb4ba60d352b1f fabb4f3473553a12c20b8cc0a241b3a05d044a20542a350b4ca87e2faae94b6fc03aa3b95f3ce9c33fcf39840a89ae8c
CLIENT_TRAFFIC_SECRET_0 bb09fd12d5bbb316bdc050df59ecf74a83ba4b2a2cfebe047abb4ba60d352b1f 30303b7b5caba19506578c3fae4ea1e3449b127dbed9168b071e7adf0e149fad889adec2411d240efdfe540f416b5828
SERVER_TRAFFIC_SECRET_0 bb09fd12d5bbb316bdc050df59ecf74a83ba4b2a2cfebe047abb4ba60d352b1f 0ae33df4d69efb0f08e24d2a02349fd3591def9c58b8754168a2df1b44bbb0cc09e920bc2df335f792177f90b6767b12
EXPORTER_SECRET bb09fd12d5bbb316bdc050df59ecf74a83ba4b2a2cfebe047abb4ba60d352b1f cb28a02c07b796b48685f49a126f2748f9eeb35b110e4661b2bb51eb1777dffd0020d7ef4c48c460bdb1e80bd6fa01ef
SERVER_HANDSHAKE_TRAFFIC_SECRET bb09fd12d5bbb316bdc050df59ecf74a83ba4b2a2cfebe047abb4ba60d352b1f fabb4f3473553a12c20b8cc0a241b3a05d044a20542a350b4ca87e2faae94b6fc03aa3b95f3ce9c33fcf39840a89ae8c
CLIENT_HANDSHAKE_TRAFFIC_SECRET bb09fd12d5bbb316bdc050df59ecf74a83ba4b2a2cfebe047abb4ba60d352b1f b69f99d719d828da6dfc9ab7723af04e670120d8f8f34b4d56b417149faf8f48d76ab940edc02d8b243d0bcf94a9ef6f
SERVER_TRAFFIC_SECRET_0 bb09fd12d5bbb316bdc050df59ecf74a83ba4b2a2cfebe047abb4ba60d352b1f 0ae33df4d69efb0f08e24d2a02349fd3591def9c58b8754168a2df1b44bbb0cc09e920bc2df335f792177f90b6767b12
CLIENT_TRAFFIC_SECRET_0 bb09fd12d5bbb316bdc050df59ecf74a83ba4b2a2cfebe047abb4ba60d352b1f 30303b7b5caba19506578c3fae4ea1e3449b127dbed9168b071e7adf0e149fad889adec2411d240efdfe540f416b5828
CLIENT_HANDSHAKE_TRAFFIC_SECRET 22a271aeb0bfbcf75f35611ca7ab045b3b0f0e7a96b6e01ba93499027a88365c d3cdcd2b89a5a54ea520101e0ad46e10bb218a3a60765f16cd479ebe2f98bbbe374e037deddb322ee23f021c94b179c3
SERVER_HANDSHAKE_TRAFFIC_SECRET 22a271aeb0bfbcf75f35611ca7ab045b3b0f0e7a96b6e01ba93499027a88365c 3a17111a83b1e60603fb3fb6e3d4c48e78952e7eebaa1f119abed797a8092b2eda535f3ffc1d50aa34b92c8a0a76b231
CLIENT_TRAFFIC_SECRET_0 22a271aeb0bfbcf75f35611ca7ab045b3b0f0e7a96b6e01ba93499027a88365c bcf00a33bf828f6ce4318e2f6fd0743e108dbad01004cd4216ab3136cdb6b576def48ca2caa98318f42cee561f4387d2
SERVER_TRAFFIC_SECRET_0 22a271aeb0bfbcf75f35611ca7ab045b3b0f0e7a96b6e01ba93499027a88365c 86786f6c1754611d90eb28367ed1b065ba3d6660fd2a2aa7b90dbcbbb464ece87aa8c1bb30572467fcd9325d32431e96
EXPORTER_SECRET 22a271aeb0bfbcf75f35611ca7ab045b3b0f0e7a96b6e01ba93499027a88365c 69b703c011a7065e759ea96732a0be86013bd257b5c86fb5db72e9095273f0287701c27fd31e95cd4af89374a4d68b1f
SERVER_HANDSHAKE_TRAFFIC_SECRET 22a271aeb0bfbcf75f35611ca7ab045b3b0f0e7a96b6e01ba93499027a88365c 3a17111a83b1e60603fb3fb6e3d4c48e78952e7eebaa1f119abed797a8092b2eda535f3ffc1d50aa34b92c8a0a76b231
CLIENT_HANDSHAKE_TRAFFIC_SECRET 22a271aeb0bfbcf75f35611ca7ab045b3b0f0e7a96b6e01ba93499027a88365c d3cdcd2b89a5a54ea520101e0ad46e10bb218a3a60765f16cd479ebe2f98bbbe374e037deddb322ee23f021c94b179c3
SERVER_TRAFFIC_SECRET_0 22a271aeb0bfbcf75f35611ca7ab045b3b0f0e7a96b6e01ba93499027a88365c 86786f6c1754611d90eb28367ed1b065ba3d6660fd2a2aa7b90dbcbbb464ece87aa8c1bb30572467fcd9325d32431e96
CLIENT_TRAFFIC_SECRET_0 22a271aeb0bfbcf75f35611ca7ab045b3b0f0e7a96b6e01ba93499027a88365c bcf00a33bf828f6ce4318e2f6fd0743e108dbad01004cd4216ab3136cdb6b576def48ca2caa98318f42cee561f4387d2
