SERVER_HANDSHAKE_TRAFFIC_SECRET 806c365f1e2fae9c495996c12313c22fcd1c0936cc99bd27e939702f25f2c3d5 f990317fbb642ef1701e17e9715a0c72d974d52c5899ca00e86be62e2ffbd0e4ebcbe408f88b97cead3ac596ba32a482
CLIENT_HANDSHAKE_TRAFFIC_SECRET 806c365f1e2fae9c495996c12313c22fcd1c0936cc99bd27e939702f25f2c3d5 861bd70c9ac3072dc72db33bb33d7c71c15efb50299784ca622b8a6c02ad5aed5345bcf91553b77ad7d4f8a7443e901c
SERVER_TRAFFIC_SECRET_0 806c365f1e2fae9c495996c12313c22fcd1c0936cc99bd27e939702f25f2c3d5 873f57d5d648909899a412fc930d7cf5a28d7cf884901634d86129abc81558133287967e2cfb2ba46deaa1dd2a9e8919
EXPORTER_SECRET 806c365f1e2fae9c495996c12313c22fcd1c0936cc99bd27e939702f25f2c3d5 e1d2dce4f1e82d147b18a61fde97f59a4d66ef3b29db61bbbd2c561f416b21599f72df4e4baa860ef0bc19be5243c5c5
CLIENT_TRAFFIC_SECRET_0 806c365f1e2fae9c495996c12313c22fcd1c0936cc99bd27e939702f25f2c3d5 39540dad69faf1578dabf3055c2b613ee90ef9a272e27430dea9037d8b1bd290b0ec6212fe3fdd4625fb35d582c024b9
SERVER_HANDSHAKE_TRAFFIC_SECRET 806c365f1e2fae9c495996c12313c22fcd1c0936cc99bd27e939702f25f2c3d5 f990317fbb642ef1701e17e9715a0c72d974d52c5899ca00e86be62e2ffbd0e4ebcbe408f88b97cead3ac596ba32a482
CLIENT_HANDSHAKE_TRAFFIC_SECRET 806c365f1e2fae9c495996c12313c22fcd1c0936cc99bd27e939702f25f2c3d5 861bd70c9ac3072dc72db33bb33d7c71c15efb50299784ca622b8a6c02ad5aed5345bcf91553b77ad7d4f8a7443e901c
SERVER_TRAFFIC_SECRET_0 806c365f1e2fae9c495996c12313c22fcd1c0936cc99bd27e939702f25f2c3d5 873f57d5d648909899a412fc930d7cf5a28d7cf884901634d86129abc81558133287967e2cfb2ba46deaa1dd2a9e8919
CLIENT_TRAFFIC_SECRET_0 806c365f1e2fae9c495996c12313c22fcd1c0936cc99bd27e939702f25f2c3d5 39540dad69faf1578dabf3055c2b613ee90ef9a272e27430dea9037d8b1bd290b0ec6212fe3fdd4625fb35d582c024b9
CLIENT_TRAFFIC_SECRET_0 806c365f1e2fae9c495996c12313c22fcd1c0936cc99bd27e939702f25f2c3d5 39540dad69faf1578dabf3055c2b613ee90ef9a272e27430dea9037d8b1bd290b0ec6212fe3fdd4625fb35d582c024b9
SERVER_HANDSHAKE_TRAFFIC_SECRET bd90e248be56c16d2b948d31464382c73c963db24915c17dd693e157de90b5bf c05b78bcf39d75eaf693ad2013e8247f999978ce7798db2bb58e828afb438f45583955b8c58da16f2b7a5a6f84acad3b
CLIENT_HANDSHAKE_TRAFFIC_SECRET bd90e248be56c16d2b948d31464382c73c963db24915c17dd693e157de90b5bf 2a6e5ac6de1202d3768f48e5be90a9723f196bf0926e882ae6d20d7724d494c6030042069b90cd1d36fe7672b60ab787
SERVER_TRAFFIC_SECRET_0 bd90e248be56c16d2b948d31464382c73c963db24915c17dd693e157de90b5bf 2a382f5a94dd1e294a60baaad228862ee00e67f42b89dc9ccc47306a71bd7f0f512ccf4ce232797c137b592fc420c278
EXPORTER_SECRET bd90e248be56c16d2b948d31464382c73c963db24915c17dd693e157de90b5bf af44015e34b4e35750f6c169ff924181cb463964e7de0b7370fbcbca0fef21e030d5f8ba7602bc6224d20cb3fa4e9e55
CLIENT_TRAFFIC_SECRET_0 bd90e248be56c16d2b948d31464382c73c963db24915c17dd693e157de90b5bf 23ef1eefe38135926d77c15ff51f54fcf956a4c389ad63fb63c4ed6aafe6b42cc920d3351cdde923d2dd3b639ee0110b
SERVER_HANDSHAKE_TRAFFIC_SECRET bd90e248be56c16d2b948d31464382c73c963db24915c17dd693e157de90b5bf c05b78bcf39d75eaf693ad2013e8247f999978ce7798db2bb58e828afb438f45583955b8c58da16f2b7a5a6f84acad3b
CLIENT_HANDSHAKE_TRAFFIC_SECRET bd90e248be56c16d2b948d31464382c73c963db24915c17dd693e157de90b5bf 2a6e5ac6de1202d3768f48e5be90a9723f196bf0926e882ae6d20d7724d494c6030042069b90cd1d36fe7672b60ab787
SERVER_TRAFFIC_SECRET_0 bd90e248be56c16d2b948d31464382c73c963db24915c17dd693e157de90b5bf 2a382f5a94dd1e294a60baaad228862ee00e67f42b89dc9ccc47306a71bd7f0f512ccf4ce232797c137b592fc420c278
CLIENT_TRAFFIC_SECRET_0 bd90e248be56c16d2b948d31464382c73c963db24915c17dd693e157de90b5bf 23ef1eefe38135926d77c15ff51f54fcf956a4c389ad63fb63c4ed6aafe6b42cc920d3351cdde923d2dd3b639ee0110b
CLIENT_TRAFFIC_SECRET_0 bd90e248be56c16d2b948d31464382c73c963db24915c17dd693e157de90b5bf 23ef1eefe38135926d77c15ff51f54fcf956a4c389ad63fb63c4ed6aafe6b42cc920d3351cdde923d2dd3b639ee0110b
SERVER_HANDSHAKE_TRAFFIC_SECRET f82131b413d7fae944993f8bec3aa91a22b24c2e21a7597d2bb247acf9140cce b117a603d1c1885083145d6f7d60e4fdc9e2b1712419b4bc2f3cb60485c0168f25b56e130267bfc09f4123d1a9153c05
CLIENT_HANDSHAKE_TRAFFIC_SECRET f82131b413d7fae944993f8bec3aa91a22b24c2e21a7597d2bb247acf9140cce 0dcad1d397b2784f11a2de5ed79cdbc8b5b0a3e132e1266892d034b0eec8dc3a20ad118756bf2ed01ea394dfc674aff2
SERVER_TRAFFIC_SECRET_0 f82131b413d7fae944993f8bec3aa91a22b24c2e21a7597d2bb247acf9140cce 9d903396c0e2ad4a251763a89e889b215a877c29d5e6be2bcb4e107b5a8afaf2ee033bd776e29d08a5d0ed34bf7dee50
EXPORTER_SECRET f82131b413d7fae944993f8bec3aa91a22b24c2e21a7597d2bb247acf9140cce 8556df703632f3ae7dd9f9cbfc2f10bbdfa3f737d7edbfba27365a289ed4bc76afc156a931db9a0a41151034c0c8107c
CLIENT_TRAFFIC_SECRET_0 f82131b413d7fae944993f8bec3aa91a22b24c2e21a7597d2bb247acf9140cce cc72a6c108142f3883581a75585dc768fde1748bb20e70373778298a2c9674dc87202ea5782b6bba86132843acaf8b83
SERVER_HANDSHAKE_TRAFFIC_SECRET f82131b413d7fae944993f8bec3aa91a22b24c2e21a7597d2bb247acf9140cce b117a603d1c1885083145d6f7d60e4fdc9e2b1712419b4bc2f3cb60485c0168f25b56e130267bfc09f4123d1a9153c05
CLIENT_HANDSHAKE_TRAFFIC_SECRET f82131b413d7fae944993f8bec3aa91a22b24c2e21a7597d2bb247acf9140cce 0dcad1d397b2784f11a2de5ed79cdbc8b5b0a3e132e1266892d034b0eec8dc3a20ad118756bf2ed01ea394dfc674aff2
SERVER_TRAFFIC_SECRET_0 f82131b413d7fae944993f8bec3aa91a22b24c2e21a7597d2bb247acf9140cce 9d903396c0e2ad4a251763a89e889b215a877c29d5e6be2bcb4e107b5a8afaf2ee033bd776e29d08a5d0ed34bf7dee50
CLIENT_TRAFFIC_SECRET_0 f82131b413d7fae944993f8bec3aa91a22b24c2e21a7597d2bb247acf9140cce cc72a6c108142f3883581a75585dc768fde1748bb20e70373778298a2c9674dc87202ea5782b6bba86132843acaf8b83
CLIENT_TRAFFIC_SECRET_0 f82131b413d7fae944993f8bec3aa91a22b24c2e21a7597d2bb247acf9140cce cc72a6c108142f3883581a75585dc768fde1748bb20e70373778298a2c9674dc87202ea5782b6bba86132843acaf8b83
SERVER_HANDSHAKE_TRAFFIC_SECRET bbe1748b79da253795bf8cada9489e20e978c7008cb062542221cf7fa450e7dc ed4f9279ffe336263de26416bf52dfd7a38b586c7a0fae70110f45adfac1dc9433c193b92521a045e669540707cb8936
CLIENT_HANDSHAKE_TRAFFIC_SECRET bbe1748b79da253795bf8cada9489e20e978c7008cb062542221cf7fa450e7dc 2f002777f7192f8f9b976c2ac04b2f011cbc7bf0a5c2612171024d05f80545cbfacf5dd8a491463ebad159d2fe4e2d4d
SERVER_TRAFFIC_SECRET_0 bbe1748b79da253795bf8cada9489e20e978c7008cb062542221cf7fa450e7dc 35b6790ba2073cc7c3b03838530612193f791ed89b5f125d5dd29f8841c10c6e772611ce7d696c78a4862b2930ca0721
EXPORTER_SECRET bbe1748b79da253795bf8cada9489e20e978c7008cb062542221cf7fa450e7dc 7a0d161b63a0d99ab2facdad11f6448b29b7a5e14d3cfe3f01b209d9699b8f29449fd5d9ae6bbd6caa1ad8d9f00046f8
CLIENT_TRAFFIC_SECRET_0 bbe1748b79da253795bf8cada9489e20e978c7008cb062542221cf7fa450e7dc 074a32b90f152b6c01a850b2c25372ada91e6e6af6724299fdef035379aff7dc4517eb335b0b7bd770106d055242c2f9
SERVER_HANDSHAKE_TRAFFIC_SECRET bbe1748b79da253795bf8cada9489e20e978c7008cb062542221cf7fa450e7dc ed4f9279ffe336263de26416bf52dfd7a38b586c7a0fae70110f45adfac1dc9433c193b92521a045e669540707cb8936
CLIENT_HANDSHAKE_TRAFFIC_SECRET bbe1748b79da253795bf8cada9489e20e978c7008cb062542221cf7fa450e7dc 2f002777f7192f8f9b976c2ac04b2f011cbc7bf0a5c2612171024d05f80545cbfacf5dd8a491463ebad159d2fe4e2d4d
SERVER_TRAFFIC_SECRET_0 bbe1748b79da253795bf8cada9489e20e978c7008cb062542221cf7fa450e7dc 35b6790ba2073cc7c3b03838530612193f791ed89b5f125d5dd29f8841c10c6e772611ce7d696c78a4862b2930ca0721
CLIENT_TRAFFIC_SECRET_0 bbe1748b79da253795bf8cada9489e20e978c7008cb062542221cf7fa450e7dc 074a32b90f152b6c01a850b2c25372ada91e6e6af6724299fdef035379aff7dc4517eb335b0b7bd770106d055242c2f9
CLIENT_TRAFFIC_SECRET_0 bbe1748b79da253795bf8cada9489e20e978c7008cb062542221cf7fa450e7dc 074a32b90f152b6c01a850b2c25372ada91e6e6af6724299fdef035379aff7dc4517eb335b0b7bd770106d055242c2f9
SERVER_HANDSHAKE_TRAFFIC_SECRET cd3f00df717a6217f732abbfbef7091642ee22a3a993132857ba93e9f6047a85 4fc41351d6f781bd1735856d2f9d0be0fcdd341c7cec3bbd30075c2368bd9f8ff90d7810982df87aaeb68ac493dc0acb
CLIENT_HANDSHAKE_TRAFFIC_SECRET cd3f00df717a6217f732abbfbef7091642ee22a3a993132857ba93e9f6047a85 2d86db303191ca2a520965637b42ffdb777c5dbfb4ec06eb3c569f763cc5ab72d7fdebaaa72f7d15ce5b108b955a20a7
SERVER_TRAFFIC_SECRET_0 cd3f00df717a6217f732abbfbef7091642ee22a3a993132857ba93e9f6047a85 d5c122a974eec4d1043ad26db5723ad01d69047af578be156fe437d8104c1821b37c5515c1cb09b062c8c6e2a409c293
EXPORTER_SECRET cd3f00df717a6217f732abbfbef7091642ee22a3a993132857ba93e9f6047a85 740a03b67f2287fabc6ff958f13131ebddb2c808cf1c0f12889192ba70627a25af2c8161314ca861cc1e4f72dcc5a941
CLIENT_TRAFFIC_SECRET_0 cd3f00df717a6217f732abbfbef7091642ee22a3a993132857ba93e9f6047a85 657191a2f5e0c478aac59bd30cc58fcf0a9a132963fdb28f7b3c2ef54275db0ace59cf492c948bfc2c2d9fb89f3ae078
SERVER_HANDSHAKE_TRAFFIC_SECRET cd3f00df717a6217f732abbfbef7091642ee22a3a993132857ba93e9f6047a85 4fc41351d6f781bd1735856d2f9d0be0fcdd341c7cec3bbd30075c2368bd9f8ff90d7810982df87aaeb68ac493dc0acb
CLIENT_HANDSHAKE_TRAFFIC_SECRET cd3f00df717a6217f732abbfbef7091642ee22a3a993132857ba93e9f6047a85 2d86db303191ca2a520965637b42ffdb777c5dbfb4ec06eb3c569f763cc5ab72d7fdebaaa72f7d15ce5b108b955a20a7
SERVER_TRAFFIC_SECRET_0 cd3f00df717a6217f732abbfbef7091642ee22a3a993132857ba93e9f6047a85 d5c122a974eec4d1043ad26db5723ad01d69047af578be156fe437d8104c1821b37c5515c1cb09b062c8c6e2a409c293
CLIENT_TRAFFIC_SECRET_0 cd3f00df717a6217f732abbfbef7091642ee22a3a993132857ba93e9f6047a85 657191a2f5e0c478aac59bd30cc58fcf0a9a132963fdb28f7b3c2ef54275db0ace59cf492c948bfc2c2d9fb89f3ae078
CLIENT_TRAFFIC_SECRET_0 cd3f00df717a6217f732abbfbef7091642ee22a3a993132857ba93e9f6047a85 657191a2f5e0c478aac59bd30cc58fcf0a9a132963fdb28f7b3c2ef54275db0ace59cf492c948bfc2c2d9fb89f3ae078
SERVER_HANDSHAKE_TRAFFIC_SECRET 4d08efc975fcac9f3754266c2d12c31969e2a76bd689c66477bacd185e0d31e4 37efc9c8d9949969048d363f5bc3ca01a381ae08d2968e18b9d0011c1a7927cf19a7c5c27f10ed14f9f72fe692525b7b
CLIENT_HANDSHAKE_TRAFFIC_SECRET 4d08efc975fcac9f3754266c2d12c31969e2a76bd689c66477bacd185e0d31e4 146bb17e1e754ecc9e2477ec0a330faa7f7212f6d018eb50065bcc1f4c4e99ba558737767bac2e5c030e345b140a0db7
SERVER_TRAFFIC_SECRET_0 4d08efc975fcac9f3754266c2d12c31969e2a76bd689c66477bacd185e0d31e4 7ddcde681238dfad418842c6318f890097260e186caaa717bad0f77e6b431dbbbe9a63ff4cc88b7002b14a269675ea5d
EXPORTER_SECRET 4d08efc975fcac9f3754266c2d12c31969e2a76bd689c66477bacd185e0d31e4 1a99304dfe7d9d4dfd8f8042d6ef32d02c042d140740d371616d73dd2956c02fab8a330ec96a33d244d543ab0f7f4b3f
CLIENT_TRAFFIC_SECRET_0 4d08efc975fcac9f3754266c2d12c31969e2a76bd689c66477bacd185e0d31e4 915597469c12ea13820046c110e4e20e6255240af859f01e688469a650aa89aeea5742bf757f5370fe17591799ab9c3a
SERVER_HANDSHAKE_TRAFFIC_SECRET 4d08efc975fcac9f3754266c2d12c31969e2a76bd689c66477bacd185e0d31e4 37efc9c8d9949969048d363f5bc3ca01a381ae08d2968e18b9d0011c1a7927cf19a7c5c27f10ed14f9f72fe692525b7b
CLIENT_HANDSHAKE_TRAFFIC_SECRET 4d08efc975fcac9f3754266c2d12c31969e2a76bd689c66477bacd185e0d31e4 146bb17e1e754ecc9e2477ec0a330faa7f7212f6d018eb50065bcc1f4c4e99ba558737767bac2e5c030e345b140a0db7
SERVER_TRAFFIC_SECRET_0 4d08efc975fcac9f3754266c2d12c31969e2a76bd689c66477bacd185e0d31e4 7ddcde681238dfad418842c6318f890097260e186caaa717bad0f77e6b431dbbbe9a63ff4cc88b7002b14a269675ea5d
CLIENT_TRAFFIC_SECRET_0 4d08efc975fcac9f3754266c2d12c31969e2a76bd689c66477bacd185e0d31e4 915597469c12ea13820046c110e4e20e6255240af859f01e688469a650aa89aeea5742bf757f5370fe17591799ab9c3a
CLIENT_TRAFFIC_SECRET_0 4d08efc975fcac9f3754266c2d12c31969e2a76bd689c66477bacd185e0d31e4 915597469c12ea13820046c110e4e20e6255240af859f01e688469a650aa89aeea5742bf757f5370fe17591799ab9c3a
SERVER_HANDSHAKE_TRAFFIC_SECRET 5fdef97928b7add54087fce2dc49b362c1e7fbd3ff95b087067cb95f325aa61c 37fae6eab3c6b23dbdcce2996a6620659d3a23c9853803413ae88a76213e3589baad46f396d49b51abc268802ceb97ed
CLIENT_HANDSHAKE_TRAFFIC_SECRET 5fdef97928b7add54087fce2dc49b362c1e7fbd3ff95b087067cb95f325aa61c 98d1164d3a3a61b35ea919767f6533abfac26075217490cf43d00af9083f865f1d535dc77c4e685a19b7da4c7a75bcbf
SERVER_TRAFFIC_SECRET_0 5fdef97928b7add54087fce2dc49b362c1e7fbd3ff95b087067cb95f325aa61c 430d444aaa384cd95260ee67155b7ef085962713309e51cca2a93ae3a689c37fe9c2a37411e52a7ba0a5657aab9070ab
EXPORTER_SECRET 5fdef97928b7add54087fce2dc49b362c1e7fbd3ff95b087067cb95f325aa61c b7a569caf71e589af075a85a3fd031603db1eba4d8c0919bbd49b72834683a19b0b1b5728407e7401d40196fc48b7819
CLIENT_TRAFFIC_SECRET_0 5fdef97928b7add54087fce2dc49b362c1e7fbd3ff95b087067cb95f325aa61c df2875a7fecafa413ba610e1ac007b4ddfd9c0e01fddc8ddb34531787853dad87d0e5bb0b4e771481ba619efd15436a8
SERVER_HANDSHAKE_TRAFFIC_SECRET 5fdef97928b7add54087fce2dc49b362c1e7fbd3ff95b087067cb95f325aa61c 37fae6eab3c6b23dbdcce2996a6620659d3a23c9853803413ae88a76213e3589baad46f396d49b51abc268802ceb97ed
CLIENT_HANDSHAKE_TRAFFIC_SECRET 5fdef97928b7add54087fce2dc49b362c1e7fbd3ff95b087067cb95f325aa61c 98d1164d3a3a61b35ea919767f6533abfac26075217490cf43d00af9083f865f1d535dc77c4e685a19b7da4c7a75bcbf
SERVER_TRAFFIC_SECRET_0 5fdef97928b7add54087fce2dc49b362c1e7fbd3ff95b087067cb95f325aa61c 430d444aaa384cd95260ee67155b7ef085962713309e51cca2a93ae3a689c37fe9c2a37411e52a7ba0a5657aab9070ab
CLIENT_TRAFFIC_SECRET_0 5fdef97928b7add54087fce2dc49b362c1e7fbd3ff95b087067cb95f325aa61c df2875a7fecafa413ba610e1ac007b4ddfd9c0e01fddc8ddb34531787853dad87d0e5bb0b4e771481ba619efd15436a8
CLIENT_TRAFFIC_SECRET_0 5fdef97928b7add54087fce2dc49b362c1e7fbd3ff95b087067cb95f325aa61c df2875a7fecafa413ba610e1ac007b4ddfd9c0e01fddc8ddb34531787853dad87d0e5bb0b4e771481ba619efd15436a8
SERVER_HANDSHAKE_TRAFFIC_SECRET d2f540ce8a44e9dda5768ae7471aefccef37947862968ceb19d6f5d60bfe1a5b 3a8486a1dc1fb1c36c06fc2e31f8ae39440509cfcade9264933549eb124cea1f430acf12b54ba13029ad6d1c7f6e15af
CLIENT_HANDSHAKE_TRAFFIC_SECRET d2f540ce8a44e9dda5768ae7471aefccef37947862968ceb19d6f5d60bfe1a5b da79848f9d2e7464ae5ff249e42ca3fbd911c702f84f0e4f091362bfce44a9778da2e5b953f872f05f4e3dc807279d9d
SERVER_TRAFFIC_SECRET_0 d2f540ce8a44e9dda5768ae7471aefccef37947862968ceb19d6f5d60bfe1a5b 68bc137d197481a1aed2f141b71f7d3275762a38734a84b89337d0bbb5938b34d6a156ff9d572d5c41781f319f21f689
EXPORTER_SECRET d2f540ce8a44e9dda5768ae7471aefccef37947862968ceb19d6f5d60bfe1a5b 03d4d302daa854c1e84d5c2b703a759721317883caf4fa167379bbf3f1ba8fd4d3350c690163214cf470314acfaa212c
CLIENT_TRAFFIC_SECRET_0 d2f540ce8a44e9dda5768ae7471aefccef37947862968ceb19d6f5d60bfe1a5b 9b536d0fa7f70281b08d3c4a49e2051200465cd1eeb786394869de815a034e675b9ffccf0b2df2cbf319250e9807b205
SERVER_HANDSHAKE_TRAFFIC_SECRET d2f540ce8a44e9dda5768ae7471aefccef37947862968ceb19d6f5d60bfe1a5b 3a8486a1dc1fb1c36c06fc2e31f8ae39440509cfcade9264933549eb124cea1f430acf12b54ba13029ad6d1c7f6e15af
CLIENT_HANDSHAKE_TRAFFIC_SECRET d2f540ce8a44e9dda5768ae7471aefccef37947862968ceb19d6f5d60bfe1a5b da79848f9d2e7464ae5ff249e42ca3fbd911c702f84f0e4f091362bfce44a9778da2e5b953f872f05f4e3dc807279d9d
SERVER_TRAFFIC_SECRET_0 d2f540ce8a44e9dda5768ae7471aefccef37947862968ceb19d6f5d60bfe1a5b 68bc137d197481a1aed2f141b71f7d3275762a38734a84b89337d0bbb5938b34d6a156ff9d572d5c41781f319f21f689
CLIENT_TRAFFIC_SECRET_0 d2f540ce8a44e9dda5768ae7471aefccef37947862968ceb19d6f5d60bfe1a5b 9b536d0fa7f70281b08d3c4a49e2051200465cd1eeb786394869de815a034e675b9ffccf0b2df2cbf319250e9807b205
CLIENT_TRAFFIC_SECRET_0 d2f540ce8a44e9dda5768ae7471aefccef37947862968ceb19d6f5d60bfe1a5b 9b536d0fa7f70281b08d3c4a49e2051200465cd1eeb786394869de815a034e675b9ffccf0b2df2cbf319250e9807b205
SERVER_HANDSHAKE_TRAFFIC_SECRET 0fde4f0b63099c2f0c6490e6759ce765c53bdc11b1c3b0afea66a5a8e4b560bf 8b73eaecb2e9e8cd8e6a49a3018078ea8f08bc3449b652ae275d6cc3470577d9b9680f01f6d4a84cc54a08a54821e7fb
CLIENT_HANDSHAKE_TRAFFIC_SECRET 0fde4f0b63099c2f0c6490e6759ce765c53bdc11b1c3b0afea66a5a8e4b560bf dd147b1729f348653597d5c5900d1ec3d9dc1bd80069e4666d468ac882e1c333b438f428486788feeb7be380bca9c94e
SERVER_TRAFFIC_SECRET_0 0fde4f0b63099c2f0c6490e6759ce765c53bdc11b1c3b0afea66a5a8e4b560bf 731c04078fc986abd134496c5de3e41b654fea709e1cbd21a30ffe5d60a7466e35724cefbec3395c6b1c7603ae09d5b1
EXPORTER_SECRET 0fde4f0b63099c2f0c6490e6759ce765c53bdc11b1c3b0afea66a5a8e4b560bf 378d44980084d955a1213b3fc252a61b6d28dc21a5c22210500b870ad1017e3e1ac1a1dc0cb3a02f21de1b9a6d042ce3
CLIENT_TRAFFIC_SECRET_0 0fde4f0b63099c2f0c6490e6759ce765c53bdc11b1c3b0afea66a5a8e4b560bf 1097ffda80446713085ab2f6a7c6f1ddc07d4e8eedfa28903b15c73546171fcc8dbef15c7938d5c934239139fea93e3a
SERVER_HANDSHAKE_TRAFFIC_SECRET 0fde4f0b63099c2f0c6490e6759ce765c53bdc11b1c3b0afea66a5a8e4b560bf 8b73eaecb2e9e8cd8e6a49a3018078ea8f08bc3449b652ae275d6cc3470577d9b9680f01f6d4a84cc54a08a54821e7fb
CLIENT_HANDSHAKE_TRAFFIC_SECRET 0fde4f0b63099c2f0c6490e6759ce765c53bdc11b1c3b0afea66a5a8e4b560bf dd147b1729f348653597d5c5900d1ec3d9dc1bd80069e4666d468ac882e1c333b438f428486788feeb7be380bca9c94e
SERVER_TRAFFIC_SECRET_0 0fde4f0b63099c2f0c6490e6759ce765c53bdc11b1c3b0afea66a5a8e4b560bf 731c04078fc986abd134496c5de3e41b654fea709e1cbd21a30ffe5d60a7466e35724cefbec3395c6b1c7603ae09d5b1
CLIENT_TRAFFIC_SECRET_0 0fde4f0b63099c2f0c6490e6759ce765c53bdc11b1c3b0afea66a5a8e4b560bf 1097ffda80446713085ab2f6a7c6f1ddc07d4e8eedfa28903b15c73546171fcc8dbef15c7938d5c934239139fea93e3a
CLIENT_TRAFFIC_SECRET_0 0fde4f0b63099c2f0c6490e6759ce765c53bdc11b1c3b0afea66a5a8e4b560bf 1097ffda80446713085ab2f6a7c6f1ddc07d4e8eedfa28903b15c73546171fcc8dbef15c7938d5c934239139fea93e3a
SERVER_HANDSHAKE_TRAFFIC_SECRET d2234f2277a9628c9f5e95c580f9dc9a24f473ebc6339c1d6e033c74f3444de9 8c7628f4578c2af0363cf0a2e7d63ec347fa1768ebaae226b5448ba1085bd8dc2f15f1880436e2ce4e7e9d05b3cc1775
CLIENT_HANDSHAKE_TRAFFIC_SECRET d2234f2277a9628c9f5e95c580f9dc9a24f473ebc6339c1d6e033c74f3444de9 24b99788873fcbe8af453bc63f8a6bac01143337acc7734005efcb77b4fa389710545542044979c04eee5070af36bc4f
SERVER_TRAFFIC_SECRET_0 d2234f2277a9628c9f5e95c580f9dc9a24f473ebc6339c1d6e033c74f3444de9 56282be639dcd481d45cdabf14263aef06294b3601c2decb49586a624af212eb3a1292239f293437de85423e872c1336
EXPORTER_SECRET d2234f2277a9628c9f5e95c580f9dc9a24f473ebc6339c1d6e033c74f3444de9 5d9fb71e845e5776c8592683c1f3a06785048c463aa367bacd4c3f82f67dcca08718aa6236fbcfe0fff66770a4f6584a
CLIENT_TRAFFIC_SECRET_0 d2234f2277a9628c9f5e95c580f9dc9a24f473ebc6339c1d6e033c74f3444de9 d1f6b7b0238da0e191aac1fbb2ca0220e41bc0524942175264bb242102169898f7b11f9d44231cc90e43cc53a9ea390a
SERVER_HANDSHAKE_TRAFFIC_SECRET d2234f2277a9628c9f5e95c580f9dc9a24f473ebc6339c1d6e033c74f3444de9 8c7628f4578c2af0363cf0a2e7d63ec347fa1768ebaae226b5448ba1085bd8dc2f15f1880436e2ce4e7e9d05b3cc1775
CLIENT_HANDSHAKE_TRAFFIC_SECRET d2234f2277a9628c9f5e95c580f9dc9a24f473ebc6339c1d6e033c74f3444de9 24b99788873fcbe8af453bc63f8a6bac01143337acc7734005efcb77b4fa389710545542044979c04eee5070af36bc4f
SERVER_TRAFFIC_SECRET_0 d2234f2277a9628c9f5e95c580f9dc9a24f473ebc6339c1d6e033c74f3444de9 56282be639dcd481d45cdabf14263aef06294b3601c2decb49586a624af212eb3a1292239f293437de85423e872c1336
CLIENT_TRAFFIC_SECRET_0 d2234f2277a9628c9f5e95c580f9dc9a24f473ebc6339c1d6e033c74f3444de9 d1f6b7b0238da0e191aac1fbb2ca0220e41bc0524942175264bb242102169898f7b11f9d44231cc90e43cc53a9ea390a
CLIENT_TRAFFIC_SECRET_0 d2234f2277a9628c9f5e95c580f9dc9a24f473ebc6339c1d6e033c74f3444de9 d1f6b7b0238da0e191aac1fbb2ca0220e41bc0524942175264bb242102169898f7b11f9d44231cc90e43cc53a9ea390a
SERVER_HANDSHAKE_TRAFFIC_SECRET 9f04303136378f1958116f363546bc0489d6552264a0535a553a7c515baabf87 7362a6bcd6dc18f4e1048484d1dbf9038ea7187af4bd1b04b0474ea8ce3ca2040c89996a1af6b26223f067257bd13a54
CLIENT_HANDSHAKE_TRAFFIC_SECRET 9f04303136378f1958116f363546bc0489d6552264a0535a553a7c515baabf87 8ce10e4889c6a40f3751a264ff153c60f8488a1a11b9cbd87c6d578c83ed5d1196ebdab59d1d9a7a6d1573dc78c8cf6c
SERVER_TRAFFIC_SECRET_0 9f04303136378f1958116f363546bc0489d6552264a0535a553a7c515baabf87 ee850fca73df9e9442cec286a60af024cb00804fd2a24d1837313e3b912aa533e9511c629e433fedfed7936045c7f492
EXPORTER_SECRET 9f04303136378f1958116f363546bc0489d6552264a0535a553a7c515baabf87 dcfe9319a82611cbd63b253107bc42a52349065c0738dff42112c186461964d42a1f314d1207cc1b52a76b1dce9122c7
CLIENT_TRAFFIC_SECRET_0 9f04303136378f1958116f363546bc0489d6552264a0535a553a7c515baabf87 d61ec7dd70fe023cc990a85cebde4b07f8a6f170ee3beeb5ef84b3f46a2f48c943bc0de196731f93aed10f7b19b80ce8
SERVER_HANDSHAKE_TRAFFIC_SECRET 9f04303136378f1958116f363546bc0489d6552264a0535a553a7c515baabf87 7362a6bcd6dc18f4e1048484d1dbf9038ea7187af4bd1b04b0474ea8ce3ca2040c89996a1af6b26223f067257bd13a54
CLIENT_HANDSHAKE_TRAFFIC_SECRET 9f04303136378f1958116f363546bc0489d6552264a0535a553a7c515baabf87 8ce10e4889c6a40f3751a264ff153c60f8488a1a11b9cbd87c6d578c83ed5d1196ebdab59d1d9a7a6d1573dc78c8cf6c
SERVER_TRAFFIC_SECRET_0 9f04303136378f1958116f363546bc0489d6552264a0535a553a7c515baabf87 ee850fca73df9e9442cec286a60af024cb00804fd2a24d1837313e3b912aa533e9511c629e433fedfed7936045c7f492
CLIENT_TRAFFIC_SECRET_0 9f04303136378f1958116f363546bc0489d6552264a0535a553a7c515baabf87 d61ec7dd70fe023cc990a85cebde4b07f8a6f170ee3beeb5ef84b3f46a2f48c943bc0de196731f93aed10f7b19b80ce8
CLIENT_TRAFFIC_SECRET_0 9f04303136378f1958116f363546bc0489d6552264a0535a553a7c515baabf87 d61ec7dd70fe023cc990a85cebde4b07f8a6f170ee3beeb5ef84b3f46a2f48c943bc0de196731f93aed10f7b19b80ce8
SERVER_HANDSHAKE_TRAFFIC_SECRET cea0a31312f73010800294cf40665f487a59905d9476eb47567153cd3ddadbc7 cb8cac22030881620386c0790bfd16d5149a28d7915b378d864c7f9da5cae92b9d06df3a7102f614d1528e77061f6614
CLIENT_HANDSHAKE_TRAFFIC_SECRET cea0a31312f73010800294cf40665f487a59905d9476eb47567153cd3ddadbc7 856365d114649179398bdd32d6fc79f8c06a340ef7e5364297cd1eb5c90c9515cb7fc3a8c34f4026b1f63a4391c69406
SERVER_TRAFFIC_SECRET_0 cea0a31312f73010800294cf40665f487a59905d9476eb47567153cd3ddadbc7 e620dd48ff06ef8b1a646d7717843f1d33a0e3272e773b47d623de782bd373d1ebbc257ecdbf5f4beb37aaa74c517f2b
EXPORTER_SECRET cea0a31312f73010800294cf40665f487a59905d9476eb47567153cd3ddadbc7 4f9d25f3914199558d3e52d3c5c5d45434417631678c685e61d083840fcea59f05c2ee86e258421802df3f108ea409ca
CLIENT_TRAFFIC_SECRET_0 cea0a31312f73010800294cf40665f487a59905d9476eb47567153cd3ddadbc7 182a42e1502081f187486b29b082558631a4fce1e29dc7a7991554f1104b08524e326b72f40c763ef1ee08f8eff8abb7
SERVER_HANDSHAKE_TRAFFIC_SECRET cea0a31312f73010800294cf40665f487a59905d9476eb47567153cd3ddadbc7 cb8cac22030881620386c0790bfd16d5149a28d7915b378d864c7f9da5cae92b9d06df3a7102f614d1528e77061f6614
CLIENT_HANDSHAKE_TRAFFIC_SECRET cea0a31312f73010800294cf40665f487a59905d9476eb47567153cd3ddadbc7 856365d114649179398bdd32d6fc79f8c06a340ef7e5364297cd1eb5c90c9515cb7fc3a8c34f4026b1f63a4391c69406
SERVER_TRAFFIC_SECRET_0 cea0a31312f73010800294cf40665f487a59905d9476eb47567153cd3ddadbc7 e620dd48ff06ef8b1a646d7717843f1d33a0e3272e773b47d623de782bd373d1ebbc257ecdbf5f4beb37aaa74c517f2b
CLIENT_TRAFFIC_SECRET_0 cea0a31312f73010800294cf40665f487a59905d9476eb47567153cd3ddadbc7 182a42e1502081f187486b29b082558631a4fce1e29dc7a7991554f1104b08524e326b72f40c763ef1ee08f8eff8abb7
CLIENT_TRAFFIC_SECRET_0 cea0a31312f73010800294cf40665f487a59905d9476eb47567153cd3ddadbc7 182a42e1502081f187486b29b082558631a4fce1e29dc7a7991554f1104b08524e326b72f40c763ef1ee08f8eff8abb7
SERVER_HANDSHAKE_TRAFFIC_SECRET ec899a277674fea5cdcda0e32354ea1e4924583adc6d74a50f415954eebec15e c321ef1abf4bde222e9ea5f42e5a455499229e1ab15d4c2f4254b664d037d8b8adb676169b69f664a9b7654bce9f5900
CLIENT_HANDSHAKE_TRAFFIC_SECRET ec899a277674fea5cdcda0e32354ea1e4924583adc6d74a50f415954eebec15e fe83f98ea8a1df266b883c45af51d1fdbfd6be28aecb86ff42f40b902cd22cdf78ded67d0eafa77e0ac1a4a610d8d3c3
SERVER_TRAFFIC_SECRET_0 ec899a277674fea5cdcda0e32354ea1e4924583adc6d74a50f415954eebec15e a128494ee1b4596f908420248148d87502d46e7578b5e520e5cf20155bf23dbb8f467febdb51f304b54a787fd6398d3d
EXPORTER_SECRET ec899a277674fea5cdcda0e32354ea1e4924583adc6d74a50f415954eebec15e 2f6de5f8414643994a0656e187dff630220f3da6bac4d56561be23ccf708c0d1e5a628e1579bf7234dea63c87bef8786
CLIENT_TRAFFIC_SECRET_0 ec899a277674fea5cdcda0e32354ea1e4924583adc6d74a50f415954eebec15e 6341be3528bb3e616b38ab87cd2c86affbc3818c708e9becd88c511f0b4c49430c9c8281de7a9253ffbae3bbdb49dbf7
SERVER_HANDSHAKE_TRAFFIC_SECRET ec899a277674fea5cdcda0e32354ea1e4924583adc6d74a50f415954eebec15e c321ef1abf4bde222e9ea5f42e5a455499229e1ab15d4c2f4254b664d037d8b8adb676169b69f664a9b7654bce9f5900
CLIENT_HANDSHAKE_TRAFFIC_SECRET ec899a277674fea5cdcda0e32354ea1e4924583adc6d74a50f415954eebec15e fe83f98ea8a1df266b883c45af51d1fdbfd6be28aecb86ff42f40b902cd22cdf78ded67d0eafa77e0ac1a4a610d8d3c3
SERVER_TRAFFIC_SECRET_0 ec899a277674fea5cdcda0e32354ea1e4924583adc6d74a50f415954eebec15e a128494ee1b4596f908420248148d87502d46e7578b5e520e5cf20155bf23dbb8f467febdb51f304b54a787fd6398d3d
CLIENT_TRAFFIC_SECRET_0 ec899a277674fea5cdcda0e32354ea1e4924583adc6d74a50f415954eebec15e 6341be3528bb3e616b38ab87cd2c86affbc3818c708e9becd88c511f0b4c49430c9c8281de7a9253ffbae3bbdb49dbf7
CLIENT_TRAFFIC_SECRET_0 ec899a277674fea5cdcda0e32354ea1e4924583adc6d74a50f415954eebec15e 6341be3528bb3e616b38ab87cd2c86affbc3818c708e9becd88c511f0b4c49430c9c8281de7a9253ffbae3bbdb49dbf7
SERVER_HANDSHAKE_TRAFFIC_SECRET e46b6f7a93d06b020b99a10429f51257e5fbed0146c5572df68bfeb067ab234c 14953a5cb298c7181f77ec6dc30ff66ae4cca68fa55d17003f4e2bfd28d6c40c10c21748ffd0d79cb923e7915bc2cd9c
CLIENT_HANDSHAKE_TRAFFIC_SECRET e46b6f7a93d06b020b99a10429f51257e5fbed0146c5572df68bfeb067ab234c b3da9b32590702f79bccb89ffc47aa3030dc07c6fb0ba0cfaaf39c3ebab99a8ddcb408ce65368e48c7b8c710372654bf
SERVER_TRAFFIC_SECRET_0 e46b6f7a93d06b020b99a10429f51257e5fbed0146c5572df68bfeb067ab234c 861d96425863d925cda990de6ab53ec4c64b9b658fbdb7419280e28b8739f276a516a57f5265ccf96841c72c0d17ab23
EXPORTER_SECRET e46b6f7a93d06b020b99a10429f51257e5fbed0146c5572df68bfeb067ab234c b6ef5d4aee86750dc2d01d2dbb7d996cd541a2ca188d304dbd47c9ec0317095aaec5dbb59340308ae565b95210d27104
CLIENT_TRAFFIC_SECRET_0 e46b6f7a93d06b020b99a10429f51257e5fbed0146c5572df68bfeb067ab234c 34325a5492bc5c6057e53a654523f48c1492c5a5eac0ff8394e8a10d91a4a59a974834068d82ec4b5541989d23b9d09f
SERVER_HANDSHAKE_TRAFFIC_SECRET e46b6f7a93d06b020b99a10429f51257e5fbed0146c5572df68bfeb067ab234c 14953a5cb298c7181f77ec6dc30ff66ae4cca68fa55d17003f4e2bfd28d6c40c10c21748ffd0d79cb923e7915bc2cd9c
CLIENT_HANDSHAKE_TRAFFIC_SECRET e46b6f7a93d06b020b99a10429f51257e5fbed0146c5572df68bfeb067ab234c b3da9b32590702f79bccb89ffc47aa3030dc07c6fb0ba0cfaaf39c3ebab99a8ddcb408ce65368e48c7b8c710372654bf
SERVER_TRAFFIC_SECRET_0 e46b6f7a93d06b020b99a10429f51257e5fbed0146c5572df68bfeb067ab234c 861d96425863d925cda990de6ab53ec4c64b9b658fbdb7419280e28b8739f276a516a57f5265ccf96841c72c0d17ab23
CLIENT_TRAFFIC_SECRET_0 e46b6f7a93d06b020b99a10429f51257e5fbed0146c5572df68bfeb067ab234c 34325a5492bc5c6057e53a654523f48c1492c5a5eac0ff8394e8a10d91a4a59a974834068d82ec4b5541989d23b9d09f
CLIENT_TRAFFIC_SECRET_0 e46b6f7a93d06b020b99a10429f51257e5fbed0146c5572df68bfeb067ab234c 34325a5492bc5c6057e53a654523f48c1492c5a5eac0ff8394e8a10d91a4a59a974834068d82ec4b5541989d23b9d09f
SERVER_HANDSHAKE_TRAFFIC_SECRET 916e77bc1661bd1a65d60d332fc6ed03cba858d53da5897ce6d92554de3bdf90 ea4eec3ec3856b287851762b2c8304e1982b86ac289cd5f08984a41bc50cc45305fdffcd35f32c9ed33f4815cf86a1fd
CLIENT_HANDSHAKE_TRAFFIC_SECRET 916e77bc1661bd1a65d60d332fc6ed03cba858d53da5897ce6d92554de3bdf90 e963e80dfc995fd325bb6ed5fdd9c4b11033097696b1bb512148a6d9b98dfe63510f113e6a4843fba1664a632c8d6086
SERVER_TRAFFIC_SECRET_0 916e77bc1661bd1a65d60d332fc6ed03cba858d53da5897ce6d92554de3bdf90 c9af652d412382693c80b8ba20e57b21ee00c6c4764530119a85a80bf523a125c17c23ae86d01f8170fb0cfa3e796c8e
EXPORTER_SECRET 916e77bc1661bd1a65d60d332fc6ed03cba858d53da5897ce6d92554de3bdf90 8a0f9998fe226e84ad40c87b5897a20e4c88e18de4e8a2228af189bd9830e02fa199dfa06bf9e3b90bbc0a5b17eecca5
CLIENT_TRAFFIC_SECRET_0 916e77bc1661bd1a65d60d332fc6ed03cba858d53da5897ce6d92554de3bdf90 6a3c5ba3b270e0a5df5e9a538fcc42b90a494383917aa6a450bf45f04167815d1d2358b8e920786b0d34b921a8370dc4
SERVER_HANDSHAKE_TRAFFIC_SECRET 916e77bc1661bd1a65d60d332fc6ed03cba858d53da5897ce6d92554de3bdf90 ea4eec3ec3856b287851762b2c8304e1982b86ac289cd5f08984a41bc50cc45305fdffcd35f32c9ed33f4815cf86a1fd
CLIENT_HANDSHAKE_TRAFFIC_SECRET 916e77bc1661bd1a65d60d332fc6ed03cba858d53da5897ce6d92554de3bdf90 e963e80dfc995fd325bb6ed5fdd9c4b11033097696b1bb512148a6d9b98dfe63510f113e6a4843fba1664a632c8d6086
SERVER_TRAFFIC_SECRET_0 916e77bc1661bd1a65d60d332fc6ed03cba858d53da5897ce6d92554de3bdf90 c9af652d412382693c80b8ba20e57b21ee00c6c4764530119a85a80bf523a125c17c23ae86d01f8170fb0cfa3e796c8e
CLIENT_TRAFFIC_SECRET_0 916e77bc1661bd1a65d60d332fc6ed03cba858d53da5897ce6d92554de3bdf90 6a3c5ba3b270e0a5df5e9a538fcc42b90a494383917aa6a450bf45f04167815d1d2358b8e920786b0d34b921a8370dc4
CLIENT_TRAFFIC_SECRET_0 916e77bc1661bd1a65d60d332fc6ed03cba858d53da5897ce6d92554de3bdf90 6a3c5ba3b270e0a5df5e9a538fcc42b90a494383917aa6a450bf45f04167815d1d2358b8e920786b0d34b921a8370dc4
SERVER_HANDSHAKE_TRAFFIC_SECRET 4c03547d011e3a3267ce486ee3e9a42cfa14997a7f191152e005a1b17ce5a03e d25f353907d643d4d95c684114d8ea06e418a24f9d78b4a8d95a234a211bd91751a9cf2410465eb48606430fe5357b87
CLIENT_HANDSHAKE_TRAFFIC_SECRET 4c03547d011e3a3267ce486ee3e9a42cfa14997a7f191152e005a1b17ce5a03e c5d34dcc702561053463ff8fe361842760d202029ec7d517d65dc74c5287bf29b9b4d3096c8b8fb2e6b0b7b2f573e36e
SERVER_TRAFFIC_SECRET_0 4c03547d011e3a3267ce486ee3e9a42cfa14997a7f191152e005a1b17ce5a03e ffbc0f5b88eecda63eaa96196ee393b39c875a9a5429d0637c922fd69d88d6caa714a1a321095b22065ed04f2ebe985a
EXPORTER_SECRET 4c03547d011e3a3267ce486ee3e9a42cfa14997a7f191152e005a1b17ce5a03e c3e305acceb359b6ce785bcf29b76b9e0c503b29c72d11b85727b35ec9af063c0cfcdcaf9962a6a2553ed1166913d61b
CLIENT_TRAFFIC_SECRET_0 4c03547d011e3a3267ce486ee3e9a42cfa14997a7f191152e005a1b17ce5a03e 6926c584e3cdee4ffa2b87ba4b035f6d19d953172a80169eb32eccb213fb60396d815c9c8132fceb21c6a7144ca269bc
SERVER_HANDSHAKE_TRAFFIC_SECRET 4c03547d011e3a3267ce486ee3e9a42cfa14997a7f191152e005a1b17ce5a03e d25f353907d643d4d95c684114d8ea06e418a24f9d78b4a8d95a234a211bd91751a9cf2410465eb48606430fe5357b87
CLIENT_HANDSHAKE_TRAFFIC_SECRET 4c03547d011e3a3267ce486ee3e9a42cfa14997a7f191152e005a1b17ce5a03e c5d34dcc702561053463ff8fe361842760d202029ec7d517d65dc74c5287bf29b9b4d3096c8b8fb2e6b0b7b2f573e36e
SERVER_TRAFFIC_SECRET_0 4c03547d011e3a3267ce486ee3e9a42cfa14997a7f191152e005a1b17ce5a03e ffbc0f5b88eecda63eaa96196ee393b39c875a9a5429d0637c922fd69d88d6caa714a1a321095b22065ed04f2ebe985a
CLIENT_TRAFFIC_SECRET_0 4c03547d011e3a3267ce486ee3e9a42cfa14997a7f191152e005a1b17ce5a03e 6926c584e3cdee4ffa2b87ba4b035f6d19d953172a80169eb32eccb213fb60396d815c9c8132fceb21c6a7144ca269bc
CLIENT_TRAFFIC_SECRET_0 4c03547d011e3a3267ce486ee3e9a42cfa14997a7f191152e005a1b17ce5a03e 6926c584e3cdee4ffa2b87ba4b035f6d19d953172a80169eb32eccb213fb60396d815c9c8132fceb21c6a7144ca269bc
SERVER_HANDSHAKE_TRAFFIC_SECRET 45a65ac587bea700a66adb2361354b61ac22e06b445fd0d683f3e919fa3c074b 7e83173b7fbc72d3548b1020dce0a61394b7a2c2a00a4dfc0d623eee3e11556b78065a708852c8775f14beddf3f10521
CLIENT_HANDSHAKE_TRAFFIC_SECRET 45a65ac587bea700a66adb2361354b61ac22e06b445fd0d683f3e919fa3c074b 6ab88fc05f19ecf646580c0609924c687990760ee6e2c200b15234653ce725c3103dd8fa8e9f11e54d481138bfbac8a9
SERVER_TRAFFIC_SECRET_0 45a65ac587bea700a66adb2361354b61ac22e06b445fd0d683f3e919fa3c074b e7c3ddba57e71efe6a0a2b7aff0b9901460838b8863f319105948bab10579941337137c9c2f013efb18f893d87a34940
EXPORTER_SECRET 45a65ac587bea700a66adb2361354b61ac22e06b445fd0d683f3e919fa3c074b b5407c5c02c45ac92c0a151c4308f1de6bb4bb9d110c70f872d243fd902ea8d8d6db8a244331a2685e284910b97eb3b1
CLIENT_TRAFFIC_SECRET_0 45a65ac587bea700a66adb2361354b61ac22e06b445fd0d683f3e919fa3c074b 9f94ec9776ce193932a083c33ec0a5df70903b64c73e6a58ae7d0c1c122cd6cbe0c26fa195fae958ef63e67ecf3893bc
SERVER_HANDSHAKE_TRAFFIC_SECRET 45a65ac587bea700a66adb2361354b61ac22e06b445fd0d683f3e919fa3c074b 7e83173b7fbc72d3548b1020dce0a61394b7a2c2a00a4dfc0d623eee3e11556b78065a708852c8775f14beddf3f10521
CLIENT_HANDSHAKE_TRAFFIC_SECRET 45a65ac587bea700a66adb2361354b61ac22e06b445fd0d683f3e919fa3c074b 6ab88fc05f19ecf646580c0609924c687990760ee6e2c200b15234653ce725c3103dd8fa8e9f11e54d481138bfbac8a9
SERVER_TRAFFIC_SECRET_0 45a65ac587bea700a66adb2361354b61ac22e06b445fd0d683f3e919fa3c074b e7c3ddba57e71efe6a0a2b7aff0b9901460838b8863f319105948bab10579941337137c9c2f013efb18f893d87a34940
CLIENT_TRAFFIC_SECRET_0 45a65ac587bea700a66adb2361354b61ac22e06b445fd0d683f3e919fa3c074b 9f94ec9776ce193932a083c33ec0a5df70903b64c73e6a58ae7d0c1c122cd6cbe0c26fa195fae958ef63e67ecf3893bc
CLIENT_TRAFFIC_SECRET_0 45a65ac587bea700a66adb2361354b61ac22e06b445fd0d683f3e919fa3c074b 9f94ec9776ce193932a083c33ec0a5df70903b64c73e6a58ae7d0c1c122cd6cbe0c26fa195fae958ef63e67ecf3893bc
SERVER_HANDSHAKE_TRAFFIC_SECRET 3e4bf4aa481744e334e3d8aef207695464cc1662812718f93b5bcc793c39d866 232150c993e0bee649afd1fb9e9e35d9d6d649c79609170212c30e02b0ffb9621a02cf1de6b6459a56f0f7c654af9ed3
CLIENT_HANDSHAKE_TRAFFIC_SECRET 3e4bf4aa481744e334e3d8aef207695464cc1662812718f93b5bcc793c39d866 ccda721b95cc1981e30051925be4f77cc9c7b5d9b6f0a1fbfa3cb727c17afb0d6b8b1285b6353ae88fc1cfb60b6099e9
SERVER_TRAFFIC_SECRET_0 3e4bf4aa481744e334e3d8aef207695464cc1662812718f93b5bcc793c39d866 4063ed73a2b22c557a42cf796415a7e31956e3da526b3547ec5e66903323df8fc1b1319f10096b6dc7d3ac738c4eef5d
EXPORTER_SECRET 3e4bf4aa481744e334e3d8aef207695464cc1662812718f93b5bcc793c39d866 33035ac6c0d274aca43e097edc0d4d1c4b91aee3d0dcdefd9d4af19b76242bf611be002dd05be6a2a93ed422f0a586e3
CLIENT_TRAFFIC_SECRET_0 3e4bf4aa481744e334e3d8aef207695464cc1662812718f93b5bcc793c39d866 dda44af254a92973ed59f4d78b7e1b8879106aa680e14474efbb9062938a8255ba1b170311598215d69ccbe9ac234893
SERVER_HANDSHAKE_TRAFFIC_SECRET 3e4bf4aa481744e334e3d8aef207695464cc1662812718f93b5bcc793c39d866 232150c993e0bee649afd1fb9e9e35d9d6d649c79609170212c30e02b0ffb9621a02cf1de6b6459a56f0f7c654af9ed3
CLIENT_HANDSHAKE_TRAFFIC_SECRET 3e4bf4aa481744e334e3d8aef207695464cc1662812718f93b5bcc793c39d866 ccda721b95cc1981e30051925be4f77cc9c7b5d9b6f0a1fbfa3cb727c17afb0d6b8b1285b6353ae88fc1cfb60b6099e9
SERVER_TRAFFIC_SECRET_0 3e4bf4aa481744e334e3d8aef207695464cc1662812718f93b5bcc793c39d866 4063ed73a2b22c557a42cf796415a7e31956e3da526b3547ec5e66903323df8fc1b1319f10096b6dc7d3ac738c4eef5d
CLIENT_TRAFFIC_SECRET_0 3e4bf4aa481744e334e3d8aef207695464cc1662812718f93b5bcc793c39d866 dda44af254a92973ed59f4d78b7e1b8879106aa680e14474efbb9062938a8255ba1b170311598215d69ccbe9ac234893
CLIENT_TRAFFIC_SECRET_0 3e4bf4aa481744e334e3d8aef207695464cc1662812718f93b5bcc793c39d866 dda44af254a92973ed59f4d78b7e1b8879106aa680e14474efbb9062938a8255ba1b170311598215d69ccbe9ac234893
SERVER_HANDSHAKE_TRAFFIC_SECRET 7270e3a81da2a913d75bdb3a78bceee0a163196657a615bc642d8f21d93daf9b 2c309b78d2df49b2277e59d99149a0ac45e1507465ef8064fde14c23c7a97bcad0d8084450b0e7ce988848a815574a99
CLIENT_HANDSHAKE_TRAFFIC_SECRET 7270e3a81da2a913d75bdb3a78bceee0a163196657a615bc642d8f21d93daf9b 90d2d455f51f3588f850c7fc26d6625ba4d475ce151c5a92a4fee087e1725621a476f316737980afcde20ef2c97e9e7c
SERVER_TRAFFIC_SECRET_0 7270e3a81da2a913d75bdb3a78bceee0a163196657a615bc642d8f21d93daf9b e988c53b817eb083daa583e25085b4e4e30c765e3f121ada87fd5c33448e568b5b3da52797218ac9420aec957a7eb108
EXPORTER_SECRET 7270e3a81da2a913d75bdb3a78bceee0a163196657a615bc642d8f21d93daf9b 65db035e285798ed81137c322687a490ebd1ca32b48c6ab9765a1f963d6ea6b84e470d9f5551cb72925c4185339bc3ae
CLIENT_TRAFFIC_SECRET_0 7270e3a81da2a913d75bdb3a78bceee0a163196657a615bc642d8f21d93daf9b 7dc8ddb2f9502e07c7ba096d344cce5d56dcddf87a75cd6f3a2c57750059fdce495845a955e66c5aca46108f2b4466c2
SERVER_HANDSHAKE_TRAFFIC_SECRET 7270e3a81da2a913d75bdb3a78bceee0a163196657a615bc642d8f21d93daf9b 2c309b78d2df49b2277e59d99149a0ac45e1507465ef8064fde14c23c7a97bcad0d8084450b0e7ce988848a815574a99
CLIENT_HANDSHAKE_TRAFFIC_SECRET 7270e3a81da2a913d75bdb3a78bceee0a163196657a615bc642d8f21d93daf9b 90d2d455f51f3588f850c7fc26d6625ba4d475ce151c5a92a4fee087e1725621a476f316737980afcde20ef2c97e9e7c
SERVER_TRAFFIC_SECRET_0 7270e3a81da2a913d75bdb3a78bceee0a163196657a615bc642d8f21d93daf9b e988c53b817eb083daa583e25085b4e4e30c765e3f121ada87fd5c33448e568b5b3da52797218ac9420aec957a7eb108
CLIENT_TRAFFIC_SECRET_0 7270e3a81da2a913d75bdb3a78bceee0a163196657a615bc642d8f21d93daf9b 7dc8ddb2f9502e07c7ba096d344cce5d56dcddf87a75cd6f3a2c57750059fdce495845a955e66c5aca46108f2b4466c2
CLIENT_TRAFFIC_SECRET_0 7270e3a81da2a913d75bdb3a78bceee0a163196657a615bc642d8f21d93daf9b 7dc8ddb2f9502e07c7ba096d344cce5d56dcddf87a75cd6f3a2c57750059fdce495845a955e66c5aca46108f2b4466c2
SERVER_HANDSHAKE_TRAFFIC_SECRET 5048cd85c9d88f6ab4d639a143435040243d586b76d21a5de8110e9150d4c7a0 676714818439774fd9d19c5a14699a536254758d84b21893e085bcf5ca8927443e52178ba3f4fd7618b97d17a2c36015
CLIENT_HANDSHAKE_TRAFFIC_SECRET 5048cd85c9d88f6ab4d639a143435040243d586b76d21a5de8110e9150d4c7a0 29eafa97c05aace29b3465eb1156ebd3961a0d14bdbd9a5d1f701e2bbc27e1f08914de60b24e9eacfbfaab385a22cba6
SERVER_TRAFFIC_SECRET_0 5048cd85c9d88f6ab4d639a143435040243d586b76d21a5de8110e9150d4c7a0 504e1858f9588c2d73a2373e68cb99e90c98b048a6c4a52515701340584d140d02bf495fe5f46530c721a949974b7ca6
EXPORTER_SECRET 5048cd85c9d88f6ab4d639a143435040243d586b76d21a5de8110e9150d4c7a0 c39813cc25f7867087e92be55e5fd837f195f663ba1f82b54b865d29c03f12ed6df966b5532f914562751c63c6b4b544
CLIENT_TRAFFIC_SECRET_0 5048cd85c9d88f6ab4d639a143435040243d586b76d21a5de8110e9150d4c7a0 04f00e2e223cae43d8afe19f48b9a36be8c657bba50aed071e47b4846eca9f38ae356144f76e03e4cfbd674d1f55f5df
SERVER_HANDSHAKE_TRAFFIC_SECRET 5048cd85c9d88f6ab4d639a143435040243d586b76d21a5de8110e9150d4c7a0 676714818439774fd9d19c5a14699a536254758d84b21893e085bcf5ca8927443e52178ba3f4fd7618b97d17a2c36015
CLIENT_HANDSHAKE_TRAFFIC_SECRET 5048cd85c9d88f6ab4d639a143435040243d586b76d21a5de8110e9150d4c7a0 29eafa97c05aace29b3465eb1156ebd3961a0d14bdbd9a5d1f701e2bbc27e1f08914de60b24e9eacfbfaab385a22cba6
SERVER_TRAFFIC_SECRET_0 5048cd85c9d88f6ab4d639a143435040243d586b76d21a5de8110e9150d4c7a0 504e1858f9588c2d73a2373e68cb99e90c98b048a6c4a52515701340584d140d02bf495fe5f46530c721a949974b7ca6
CLIENT_TRAFFIC_SECRET_0 5048cd85c9d88f6ab4d639a143435040243d586b76d21a5de8110e9150d4c7a0 04f00e2e223cae43d8afe19f48b9a36be8c657bba50aed071e47b4846eca9f38ae356144f76e03e4cfbd674d1f55f5df
CLIENT_TRAFFIC_SECRET_0 5048cd85c9d88f6ab4d639a143435040243d586b76d21a5de8110e9150d4c7a0 04f00e2e223cae43d8afe19f48b9a36be8c657bba50aed071e47b4846eca9f38ae356144f76e03e4cfbd674d1f55f5df
SERVER_HANDSHAKE_TRAFFIC_SECRET 5ff373ce8f5ae7fc84f46c3fc7f342226e0d88a92f90ec964e6b56bd1a89e73f d3a29e0a864e3e53aa977c994b7f1e2ac1d698330720804b250b0711e1600909e6dda0d3955cea92684540a53ab1dc01
CLIENT_HANDSHAKE_TRAFFIC_SECRET 5ff373ce8f5ae7fc84f46c3fc7f342226e0d88a92f90ec964e6b56bd1a89e73f 55102e9f0e37bf23f15a9552dac8243a72ffe0fdb3878f5e26343b1dbe76d5b7071a11b35e12314c0233f6da27039fcd
SERVER_TRAFFIC_SECRET_0 5ff373ce8f5ae7fc84f46c3fc7f342226e0d88a92f90ec964e6b56bd1a89e73f 8ae3a1c2f3df992485f362399a382597cb40367ec680e107ab1a77104f2731ab7cd37b122b44b8bbb36d1e74a9487fc9
EXPORTER_SECRET 5ff373ce8f5ae7fc84f46c3fc7f342226e0d88a92f90ec964e6b56bd1a89e73f 9d583c58072724b1ad679270b18a24e13e32839233c14e707a7bef68b7ed05d95ee756e3889f95708e17b6ffa461bc9f
CLIENT_TRAFFIC_SECRET_0 5ff373ce8f5ae7fc84f46c3fc7f342226e0d88a92f90ec964e6b56bd1a89e73f 85de44d16368e4d2fbb936fc915baa71a5464111b298b07786578e555f541aa0cbd736c593818bb66376e59e03479a3b
SERVER_HANDSHAKE_TRAFFIC_SECRET 5ff373ce8f5ae7fc84f46c3fc7f342226e0d88a92f90ec964e6b56bd1a89e73f d3a29e0a864e3e53aa977c994b7f1e2ac1d698330720804b250b0711e1600909e6dda0d3955cea92684540a53ab1dc01
CLIENT_HANDSHAKE_TRAFFIC_SECRET 5ff373ce8f5ae7fc84f46c3fc7f342226e0d88a92f90ec964e6b56bd1a89e73f 55102e9f0e37bf23f15a9552dac8243a72ffe0fdb3878f5e26343b1dbe76d5b7071a11b35e12314c0233f6da27039fcd
SERVER_TRAFFIC_SECRET_0 5ff373ce8f5ae7fc84f46c3fc7f342226e0d88a92f90ec964e6b56bd1a89e73f 8ae3a1c2f3df992485f362399a382597cb40367ec680e107ab1a77104f2731ab7cd37b122b44b8bbb36d1e74a9487fc9
CLIENT_TRAFFIC_SECRET_0 5ff373ce8f5ae7fc84f46c3fc7f342226e0d88a92f90ec964e6b56bd1a89e73f 85de44d16368e4d2fbb936fc915baa71a5464111b298b07786578e555f541aa0cbd736c593818bb66376e59e03479a3b
CLIENT_TRAFFIC_SECRET_0 5ff373ce8f5ae7fc84f46c3fc7f342226e0d88a92f90ec964e6b56bd1a89e73f 85de44d16368e4d2fbb936fc915baa71a5464111b298b07786578e555f541aa0cbd736c593818bb66376e59e03479a3b
SERVER_HANDSHAKE_TRAFFIC_SECRET 9539069a0dd0a7dcd913353ff28b6269cc0ec27d3c654d20c30d6cabfd45fbd1 a13981417e3e2dad0ee096b7d281250fa90ddf979a0f0952ff3524f33aef703ad2d5c241ec1103ae2eee710e7b676eb0
CLIENT_HANDSHAKE_TRAFFIC_SECRET 9539069a0dd0a7dcd913353ff28b6269cc0ec27d3c654d20c30d6cabfd45fbd1 c1e54128c1db0442814be7ec28c38040bf43375a55d642edf2f5725ced05f4ae0325560a68529f671acfc123fb928a89
SERVER_TRAFFIC_SECRET_0 9539069a0dd0a7dcd913353ff28b6269cc0ec27d3c654d20c30d6cabfd45fbd1 de6e4dc6a8be017e19b826b54f5883d149d5db07cbf62756b8e0f6e50dba7f46e29c328c8841906a6f52efa365a896c9
EXPORTER_SECRET 9539069a0dd0a7dcd913353ff28b6269cc0ec27d3c654d20c30d6cabfd45fbd1 ca0c709c69340d7f3465230f5f8179ad803675f5c21ac5ec8b7058654c8beba425ad177f44e24c1f9af068b8bea6b3d1
CLIENT_TRAFFIC_SECRET_0 9539069a0dd0a7dcd913353ff28b6269cc0ec27d3c654d20c30d6cabfd45fbd1 24f95b6abf1cf83ac5da48ea799d1d433710fcc84b055e48819a1f0743bd6cf160e1f5cea926d3e0f91cce8f74dd515a
SERVER_HANDSHAKE_TRAFFIC_SECRET 9539069a0dd0a7dcd913353ff28b6269cc0ec27d3c654d20c30d6cabfd45fbd1 a13981417e3e2dad0ee096b7d281250fa90ddf979a0f0952ff3524f33aef703ad2d5c241ec1103ae2eee710e7b676eb0
CLIENT_HANDSHAKE_TRAFFIC_SECRET 9539069a0dd0a7dcd913353ff28b6269cc0ec27d3c654d20c30d6cabfd45fbd1 c1e54128c1db0442814be7ec28c38040bf43375a55d642edf2f5725ced05f4ae0325560a68529f671acfc123fb928a89
SERVER_TRAFFIC_SECRET_0 9539069a0dd0a7dcd913353ff28b6269cc0ec27d3c654d20c30d6cabfd45fbd1 de6e4dc6a8be017e19b826b54f5883d149d5db07cbf62756b8e0f6e50dba7f46e29c328c8841906a6f52efa365a896c9
CLIENT_TRAFFIC_SECRET_0 9539069a0dd0a7dcd913353ff28b6269cc0ec27d3c654d20c30d6cabfd45fbd1 24f95b6abf1cf83ac5da48ea799d1d433710fcc84b055e48819a1f0743bd6cf160e1f5cea926d3e0f91cce8f74dd515a
CLIENT_TRAFFIC_SECRET_0 9539069a0dd0a7dcd913353ff28b6269cc0ec27d3c654d20c30d6cabfd45fbd1 24f95b6abf1cf83ac5da48ea799d1d433710fcc84b055e48819a1f0743bd6cf160e1f5cea926d3e0f91cce8f74dd515a
SERVER_HANDSHAKE_TRAFFIC_SECRET 244c704e3d8d0554e51c83a5a2f67d984ea7b82df85da57b042ba0c8265f6280 675dded118cf9e0a9c8338dbc9280cd69446a3ac3fc5a8ae630bb7383f2af7a398bc7ae7a8909b39470751136f9153f6
CLIENT_HANDSHAKE_TRAFFIC_SECRET 244c704e3d8d0554e51c83a5a2f67d984ea7b82df85da57b042ba0c8265f6280 11260f41cd254c9833b36a1086e819939354a29af853ef51120299ac44ca3d570302b8c0d099a522fe0d1d7a4e9db8cc
SERVER_TRAFFIC_SECRET_0 244c704e3d8d0554e51c83a5a2f67d984ea7b82df85da57b042ba0c8265f6280 f144e9fd0cef4bb80d3515360f5def01264636574299f025a60f5543fd35398a5a55906b3a6e425d3a3a4a6a1acde7d3
EXPORTER_SECRET 244c704e3d8d0554e51c83a5a2f67d984ea7b82df85da57b042ba0c8265f6280 70c0a8b74e6e3f142accecd6afee3507a87cc8d08d38f5ab9caf7500eeb76b4094a9a23ea6d6ba2c3ac1266942b29048
CLIENT_TRAFFIC_SECRET_0 244c704e3d8d0554e51c83a5a2f67d984ea7b82df85da57b042ba0c8265f6280 52af3d57a62103bb1906f63da3fb9be1aec1507e85f7400fceda50dffb5083e93dd3f2f5e66e4dc652e67d5f432436c5
SERVER_HANDSHAKE_TRAFFIC_SECRET 244c704e3d8d0554e51c83a5a2f67d984ea7b82df85da57b042ba0c8265f6280 675dded118cf9e0a9c8338dbc9280cd69446a3ac3fc5a8ae630bb7383f2af7a398bc7ae7a8909b39470751136f9153f6
CLIENT_HANDSHAKE_TRAFFIC_SECRET 244c704e3d8d0554e51c83a5a2f67d984ea7b82df85da57b042ba0c8265f6280 11260f41cd254c9833b36a1086e819939354a29af853ef51120299ac44ca3d570302b8c0d099a522fe0d1d7a4e9db8cc
SERVER_TRAFFIC_SECRET_0 244c704e3d8d0554e51c83a5a2f67d984ea7b82df85da57b042ba0c8265f6280 f144e9fd0cef4bb80d3515360f5def01264636574299f025a60f5543fd35398a5a55906b3a6e425d3a3a4a6a1acde7d3
CLIENT_TRAFFIC_SECRET_0 244c704e3d8d0554e51c83a5a2f67d984ea7b82df85da57b042ba0c8265f6280 52af3d57a62103bb1906f63da3fb9be1aec1507e85f7400fceda50dffb5083e93dd3f2f5e66e4dc652e67d5f432436c5
CLIENT_TRAFFIC_SECRET_0 244c704e3d8d0554e51c83a5a2f67d984ea7b82df85da57b042ba0c8265f6280 52af3d57a62103bb1906f63da3fb9be1aec1507e85f7400fceda50dffb5083e93dd3f2f5e66e4dc652e67d5f432436c5
SERVER_HANDSHAKE_TRAFFIC_SECRET 6a8b3a97e74b5ceb70a5df711b821876e5b9e34aef993db30107e254c23564cd b1d819e0ed9097a87390e4ebf5578034ccb0b00e8cb630b9ac2c63439adabf9b1cd66f2ccc19ed7f6601f5ae1c365f5c
CLIENT_HANDSHAKE_TRAFFIC_SECRET 6a8b3a97e74b5ceb70a5df711b821876e5b9e34aef993db30107e254c23564cd 3991583fca4bfd3b484f76fdcc6501b0b7b4b01a52273ce22bf260d7a8ba121a61f2de9f4119819cc24c70267e493a26
SERVER_TRAFFIC_SECRET_0 6a8b3a97e74b5ceb70a5df711b821876e5b9e34aef993db30107e254c23564cd a1765e4871500416eda974adfa3ccd4a3cd39f3d4a5134137beed7c0147bf61dc87c4882ba0391e8a44a05348b592537
EXPORTER_SECRET 6a8b3a97e74b5ceb70a5df711b821876e5b9e34aef993db30107e254c23564cd 0cb06bc6da0945ca14c678bb370c6c50d3afdb66296b3884fb97b753fc27d6e57428a315ff8dbdb823d54cf85025c0ee
CLIENT_TRAFFIC_SECRET_0 6a8b3a97e74b5ceb70a5df711b821876e5b9e34aef993db30107e254c23564cd b65ec0ea3b95353ae86966abbef9f6971625fc65a13b297392405722c1f51c127fe46e77bec0ca45a6b94be6810e0680
SERVER_HANDSHAKE_TRAFFIC_SECRET 6a8b3a97e74b5ceb70a5df711b821876e5b9e34aef993db30107e254c23564cd b1d819e0ed9097a87390e4ebf5578034ccb0b00e8cb630b9ac2c63439adabf9b1cd66f2ccc19ed7f6601f5ae1c365f5c
CLIENT_HANDSHAKE_TRAFFIC_SECRET 6a8b3a97e74b5ceb70a5df711b821876e5b9e34aef993db30107e254c23564cd 3991583fca4bfd3b484f76fdcc6501b0b7b4b01a52273ce22bf260d7a8ba121a61f2de9f4119819cc24c70267e493a26
SERVER_TRAFFIC_SECRET_0 6a8b3a97e74b5ceb70a5df711b821876e5b9e34aef993db30107e254c23564cd a1765e4871500416eda974adfa3ccd4a3cd39f3d4a5134137beed7c0147bf61dc87c4882ba0391e8a44a05348b592537
CLIENT_TRAFFIC_SECRET_0 6a8b3a97e74b5ceb70a5df711b821876e5b9e34aef993db30107e254c23564cd b65ec0ea3b95353ae86966abbef9f6971625fc65a13b297392405722c1f51c127fe46e77bec0ca45a6b94be6810e0680
CLIENT_TRAFFIC_SECRET_0 6a8b3a97e74b5ceb70a5df711b821876e5b9e34aef993db30107e254c23564cd b65ec0ea3b95353ae86966abbef9f6971625fc65a13b297392405722c1f51c127fe46e77bec0ca45a6b94be6810e0680
SERVER_HANDSHAKE_TRAFFIC_SECRET 7fe7b02064ad9af1329d66d8ffbbae8757d331cc737a3caeb38750a0bc8ea125 44c29d7d8d5de17c27e463bee96266d3831ceded77033b8cc358c45aa4a946c46f94797e9ff8cd4174a715a75622991d
CLIENT_HANDSHAKE_TRAFFIC_SECRET 7fe7b02064ad9af1329d66d8ffbbae8757d331cc737a3caeb38750a0bc8ea125 9ea27f7e38f0063a31d3424fd33538ab41beff422e131c73502ca0edbcb7c36c7d534cf7f4bf4f01148ee57b8f29a490
SERVER_TRAFFIC_SECRET_0 7fe7b02064ad9af1329d66d8ffbbae8757d331cc737a3caeb38750a0bc8ea125 bfc8cd39ba212770329c38ebe456462af539de4b98fddc9c9b31c3a0e889aea5170cd991ef413b9812c3b92d06e5556e
EXPORTER_SECRET 7fe7b02064ad9af1329d66d8ffbbae8757d331cc737a3caeb38750a0bc8ea125 9432da574e33e56ef84a835758dcb317770d74fea759b2ec87cbf2da06dc5a6d0f9a6d81325e432d9cc72b9d51bf953d
CLIENT_TRAFFIC_SECRET_0 7fe7b02064ad9af1329d66d8ffbbae8757d331cc737a3caeb38750a0bc8ea125 1a1f63a0ed604c1da6869cbf211d27af02bcef0cbce90df7fa0c5ce8fbd580e8f6514d47ce7ca4104dd7ef2c691d1860
SERVER_HANDSHAKE_TRAFFIC_SECRET 7fe7b02064ad9af1329d66d8ffbbae8757d331cc737a3caeb38750a0bc8ea125 44c29d7d8d5de17c27e463bee96266d3831ceded77033b8cc358c45aa4a946c46f94797e9ff8cd4174a715a75622991d
CLIENT_HANDSHAKE_TRAFFIC_SECRET 7fe7b02064ad9af1329d66d8ffbbae8757d331cc737a3caeb38750a0bc8ea125 9ea27f7e38f0063a31d3424fd33538ab41beff422e131c73502ca0edbcb7c36c7d534cf7f4bf4f01148ee57b8f29a490
SERVER_TRAFFIC_SECRET_0 7fe7b02064ad9af1329d66d8ffbbae8757d331cc737a3caeb38750a0bc8ea125 bfc8cd39ba212770329c38ebe456462af539de4b98fddc9c9b31c3a0e889aea5170cd991ef413b9812c3b92d06e5556e
CLIENT_TRAFFIC_SECRET_0 7fe7b02064ad9af1329d66d8ffbbae8757d331cc737a3caeb38750a0bc8ea125 1a1f63a0ed604c1da6869cbf211d27af02bcef0cbce90df7fa0c5ce8fbd580e8f6514d47ce7ca4104dd7ef2c691d1860
CLIENT_TRAFFIC_SECRET_0 7fe7b02064ad9af1329d66d8ffbbae8757d331cc737a3caeb38750a0bc8ea125 1a1f63a0ed604c1da6869cbf211d27af02bcef0cbce90df7fa0c5ce8fbd580e8f6514d47ce7ca4104dd7ef2c691d1860
SERVER_HANDSHAKE_TRAFFIC_SECRET e65a297e13bf8e9a672feb620441967ea6fe65029f54069feb5dea3f5766d0da 7aa194ea3f0f78c225ef51483c6f45affe1fe68a25ec0ffa345d5bf6c41cda11d2ecbda9c563939602a4f5a15c8c5040
CLIENT_HANDSHAKE_TRAFFIC_SECRET e65a297e13bf8e9a672feb620441967ea6fe65029f54069feb5dea3f5766d0da 18218ff56be23d473dd1c132a3b357b2c731b5fa8e24e2e6bb7ea48874b36a2305635836390ae955eb1513de9dfc5b1e
SERVER_TRAFFIC_SECRET_0 e65a297e13bf8e9a672feb620441967ea6fe65029f54069feb5dea3f5766d0da b4f5446424b7fd32bacc70936b6949e87a3cb6191d368964ebc542d76afb9b8402a470a0c2d373d3157a0823b1b2c0ff
EXPORTER_SECRET e65a297e13bf8e9a672feb620441967ea6fe65029f54069feb5dea3f5766d0da 1a6636eaace739e0e1a942fdf9ccd79e1218979e44d375748db8b142d369d43c6cadd043637a1fde4189e798ffb8e32a
CLIENT_TRAFFIC_SECRET_0 e65a297e13bf8e9a672feb620441967ea6fe65029f54069feb5dea3f5766d0da 0e2946bc09dae9fb6a050e96feaa97e668ec6039a5baf54eafebdf889ff68998c355311b1fbadf7686a814fcd6f4f7bf
SERVER_HANDSHAKE_TRAFFIC_SECRET e65a297e13bf8e9a672feb620441967ea6fe65029f54069feb5dea3f5766d0da 7aa194ea3f0f78c225ef51483c6f45affe1fe68a25ec0ffa345d5bf6c41cda11d2ecbda9c563939602a4f5a15c8c5040
CLIENT_HANDSHAKE_TRAFFIC_SECRET e65a297e13bf8e9a672feb620441967ea6fe65029f54069feb5dea3f5766d0da 18218ff56be23d473dd1c132a3b357b2c731b5fa8e24e2e6bb7ea48874b36a2305635836390ae955eb1513de9dfc5b1e
SERVER_TRAFFIC_SECRET_0 e65a297e13bf8e9a672feb620441967ea6fe65029f54069feb5dea3f5766d0da b4f5446424b7fd32bacc70936b6949e87a3cb6191d368964ebc542d76afb9b8402a470a0c2d373d3157a0823b1b2c0ff
CLIENT_TRAFFIC_SECRET_0 e65a297e13bf8e9a672feb620441967ea6fe65029f54069feb5dea3f5766d0da 0e2946bc09dae9fb6a050e96feaa97e668ec6039a5baf54eafebdf889ff68998c355311b1fbadf7686a814fcd6f4f7bf
CLIENT_TRAFFIC_SECRET_0 e65a297e13bf8e9a672feb620441967ea6fe65029f54069feb5dea3f5766d0da 0e2946bc09dae9fb6a050e96feaa97e668ec6039a5baf54eafebdf889ff68998c355311b1fbadf7686a814fcd6f4f7bf
SERVER_HANDSHAKE_TRAFFIC_SECRET 42a66b70e6fe540b72f344fd5780c75174571c650b9288a44dd5c7e402bcd77f f59a3bcad2516b989f3769516de308c740447374efe2dfcfdb9ba1f3afb0342f9caeaaefaa726e2c9199cd1343a06e6c
CLIENT_HANDSHAKE_TRAFFIC_SECRET 42a66b70e6fe540b72f344fd5780c75174571c650b9288a44dd5c7e402bcd77f c483cbb0ddb203715b77909438e88b69bb600071dcc96aca7ad4fffe6d905cc45423c7adb146dcf9b750223f378f6062
SERVER_TRAFFIC_SECRET_0 42a66b70e6fe540b72f344fd5780c75174571c650b9288a44dd5c7e402bcd77f 8838cfcc90f0870419cac6fc8d6259f72c1a5e030effe94554f6fa340b197f4713518650b5efb3fa30208a0f238e548e
EXPORTER_SECRET 42a66b70e6fe540b72f344fd5780c75174571c650b9288a44dd5c7e402bcd77f 41905abe778be64a96f1299a3f8a4ead830be137923b3b2003395e453624e68ae982a8fc6e40975d680c09064276bdb2
CLIENT_TRAFFIC_SECRET_0 42a66b70e6fe540b72f344fd5780c75174571c650b9288a44dd5c7e402bcd77f f4f2b75307c48f244f363683492f8c2008f2d774f029da2b8939e4e85a389bcee594b9aecb76fdfa7ac9b51e4447613a
SERVER_HANDSHAKE_TRAFFIC_SECRET 42a66b70e6fe540b72f344fd5780c75174571c650b9288a44dd5c7e402bcd77f f59a3bcad2516b989f3769516de308c740447374efe2dfcfdb9ba1f3afb0342f9caeaaefaa726e2c9199cd1343a06e6c
CLIENT_HANDSHAKE_TRAFFIC_SECRET 42a66b70e6fe540b72f344fd5780c75174571c650b9288a44dd5c7e402bcd77f c483cbb0ddb203715b77909438e88b69bb600071dcc96aca7ad4fffe6d905cc45423c7adb146dcf9b750223f378f6062
SERVER_TRAFFIC_SECRET_0 42a66b70e6fe540b72f344fd5780c75174571c650b9288a44dd5c7e402bcd77f 8838cfcc90f0870419cac6fc8d6259f72c1a5e030effe94554f6fa340b197f4713518650b5efb3fa30208a0f238e548e
CLIENT_TRAFFIC_SECRET_0 42a66b70e6fe540b72f344fd5780c75174571c650b9288a44dd5c7e402bcd77f f4f2b75307c48f244f363683492f8c2008f2d774f029da2b8939e4e85a389bcee594b9aecb76fdfa7ac9b51e4447613a
CLIENT_TRAFFIC_SECRET_0 42a66b70e6fe540b72f344fd5780c75174571c650b9288a44dd5c7e402bcd77f f4f2b75307c48f244f363683492f8c2008f2d774f029da2b8939e4e85a389bcee594b9aecb76fdfa7ac9b51e4447613a
SERVER_HANDSHAKE_TRAFFIC_SECRET 8465cded0690e43168f12988017cef1589f77bf8e5cde602e043c1c31f57906b 8678ba4080bb561c88af63aaeae7acc264ffeeaf2fdd980df24165d7a770f5ea3eb18988ad86a12d3236e7fa29127247
CLIENT_HANDSHAKE_TRAFFIC_SECRET 8465cded0690e43168f12988017cef1589f77bf8e5cde602e043c1c31f57906b 4adeebb85862f86f2c328de3b40e2bc85126cb18289d69dc040769bccbbd5b814d838fbf5a9389c9bc07a0c80d5e46b1
SERVER_TRAFFIC_SECRET_0 8465cded0690e43168f12988017cef1589f77bf8e5cde602e043c1c31f57906b 1eac2e91f127e156387a66e62d5497c8cb4c0ae0611f6d149d6e3f5904e01ddcf05d3f91a4f4816d0d745389e1b4d92f
EXPORTER_SECRET 8465cded0690e43168f12988017cef1589f77bf8e5cde602e043c1c31f57906b 3e49585067fb9549fed3ac829560ea3dc3a3ce81781bf383f9f610be05b4bd07c60ee5aafd61cc69cad8285399ea2b87
CLIENT_TRAFFIC_SECRET_0 8465cded0690e43168f12988017cef1589f77bf8e5cde602e043c1c31f57906b 5cd5bafa74d0fbf9bb51316183dcabf7a4d21ff277dafa857e8084a2958b1e8580bf9911693741dfdf2af61aa3f41085
SERVER_HANDSHAKE_TRAFFIC_SECRET 8465cded0690e43168f12988017cef1589f77bf8e5cde602e043c1c31f57906b 8678ba4080bb561c88af63aaeae7acc264ffeeaf2fdd980df24165d7a770f5ea3eb18988ad86a12d3236e7fa29127247
CLIENT_HANDSHAKE_TRAFFIC_SECRET 8465cded0690e43168f12988017cef1589f77bf8e5cde602e043c1c31f57906b 4adeebb85862f86f2c328de3b40e2bc85126cb18289d69dc040769bccbbd5b814d838fbf5a9389c9bc07a0c80d5e46b1
SERVER_TRAFFIC_SECRET_0 8465cded0690e43168f12988017cef1589f77bf8e5cde602e043c1c31f57906b 1eac2e91f127e156387a66e62d5497c8cb4c0ae0611f6d149d6e3f5904e01ddcf05d3f91a4f4816d0d745389e1b4d92f
CLIENT_TRAFFIC_SECRET_0 8465cded0690e43168f12988017cef1589f77bf8e5cde602e043c1c31f57906b 5cd5bafa74d0fbf9bb51316183dcabf7a4d21ff277dafa857e8084a2958b1e8580bf9911693741dfdf2af61aa3f41085
CLIENT_TRAFFIC_SECRET_0 8465cded0690e43168f12988017cef1589f77bf8e5cde602e043c1c31f57906b 5cd5bafa74d0fbf9bb51316183dcabf7a4d21ff277dafa857e8084a2958b1e8580bf9911693741dfdf2af61aa3f41085
SERVER_HANDSHAKE_TRAFFIC_SECRET 72e48428fc772654184f32d0182a85acd5a026df13906ecb32c264e170f632c4 a65daaf4b05772713848df04ac187cc6ff03accd162165ff55c81049041a1d89a14fee1bc8afb43d1754c5bc6d14fa11
CLIENT_HANDSHAKE_TRAFFIC_SECRET 72e48428fc772654184f32d0182a85acd5a026df13906ecb32c264e170f632c4 7af12d710322c1fd8c0865ad87b988d18c3096c89b2e320ab6bdf9d9358742ac5262636c0825cd6454a3401f212fea7b
SERVER_TRAFFIC_SECRET_0 72e48428fc772654184f32d0182a85acd5a026df13906ecb32c264e170f632c4 f901982304a7e8f1c338ba1c7c508cf7cad431166405a462cfe0650cb99b6ab793c78fcf64fb4e29abdd4750d5768db0
EXPORTER_SECRET 72e48428fc772654184f32d0182a85acd5a026df13906ecb32c264e170f632c4 790bd391bf7dc1a0830083b002c566fa8c41e016e7443309b486414eb6faab08157fbf1a103571cadb47a5fbe8d0e18f
CLIENT_TRAFFIC_SECRET_0 72e48428fc772654184f32d0182a85acd5a026df13906ecb32c264e170f632c4 06cfdca4cd6e6bf7398266cef1ed1bc96fa0c853b0a33247143df9fb2ade82733b28f68d32acf177a3b4ede99ffca88e
SERVER_HANDSHAKE_TRAFFIC_SECRET 72e48428fc772654184f32d0182a85acd5a026df13906ecb32c264e170f632c4 a65daaf4b05772713848df04ac187cc6ff03accd162165ff55c81049041a1d89a14fee1bc8afb43d1754c5bc6d14fa11
CLIENT_HANDSHAKE_TRAFFIC_SECRET 72e48428fc772654184f32d0182a85acd5a026df13906ecb32c264e170f632c4 7af12d710322c1fd8c0865ad87b988d18c3096c89b2e320ab6bdf9d9358742ac5262636c0825cd6454a3401f212fea7b
SERVER_TRAFFIC_SECRET_0 72e48428fc772654184f32d0182a85acd5a026df13906ecb32c264e170f632c4 f901982304a7e8f1c338ba1c7c508cf7cad431166405a462cfe0650cb99b6ab793c78fcf64fb4e29abdd4750d5768db0
CLIENT_TRAFFIC_SECRET_0 72e48428fc772654184f32d0182a85acd5a026df13906ecb32c264e170f632c4 06cfdca4cd6e6bf7398266cef1ed1bc96fa0c853b0a33247143df9fb2ade82733b28f68d32acf177a3b4ede99ffca88e
CLIENT_TRAFFIC_SECRET_0 72e48428fc772654184f32d0182a85acd5a026df13906ecb32c264e170f632c4 06cfdca4cd6e6bf7398266cef1ed1bc96fa0c853b0a33247143df9fb2ade82733b28f68d32acf177a3b4ede99ffca88e
SERVER_HANDSHAKE_TRAFFIC_SECRET 3cce124a9333c80d5011725d08d335bef6216b357793333160a100994fd332b0 ccf37206b71318da8e7afa32c43955d2f30962dc85517b14ae94bf0336d501702367e383e8936961e5bff1b35b6cc583
CLIENT_HANDSHAKE_TRAFFIC_SECRET 3cce124a9333c80d5011725d08d335bef6216b357793333160a100994fd332b0 e29b955a8d1fefcd505da745a38c9a12aacaf893f505adb0351808341e653a0ade27387f9c8628d3acb155bbc2e20f3a
SERVER_TRAFFIC_SECRET_0 3cce124a9333c80d5011725d08d335bef6216b357793333160a100994fd332b0 e0015900aa7acb3cbef3119aba24592a8d989168ecd21ff668c890b5e0e9993b931ed53f4e728b9b313b67945bc78761
EXPORTER_SECRET 3cce124a9333c80d5011725d08d335bef6216b357793333160a100994fd332b0 11e08684b090284b8bd2ea5e844dd539b0a33035ef5b378bd648cdce7e90a618fef17d2da23e0d199d456a6796625647
CLIENT_TRAFFIC_SECRET_0 3cce124a9333c80d5011725d08d335bef6216b357793333160a100994fd332b0 29406ee91dd9960a83c919ae732747f90823d91d6152fe79e87bd03198e99aeedcc84a3fc6c7bc4b86983fa58319570d
SERVER_HANDSHAKE_TRAFFIC_SECRET 3cce124a9333c80d5011725d08d335bef6216b357793333160a100994fd332b0 ccf37206b71318da8e7afa32c43955d2f30962dc85517b14ae94bf0336d501702367e383e8936961e5bff1b35b6cc583
CLIENT_HANDSHAKE_TRAFFIC_SECRET 3cce124a9333c80d5011725d08d335bef6216b357793333160a100994fd332b0 e29b955a8d1fefcd505da745a38c9a12aacaf893f505adb0351808341e653a0ade27387f9c8628d3acb155bbc2e20f3a
SERVER_TRAFFIC_SECRET_0 3cce124a9333c80d5011725d08d335bef6216b357793333160a100994fd332b0 e0015900aa7acb3cbef3119aba24592a8d989168ecd21ff668c890b5e0e9993b931ed53f4e728b9b313b67945bc78761
CLIENT_TRAFFIC_SECRET_0 3cce124a9333c80d5011725d08d335bef6216b357793333160a100994fd332b0 29406ee91dd9960a83c919ae732747f90823d91d6152fe79e87bd03198e99aeedcc84a3fc6c7bc4b86983fa58319570d
CLIENT_TRAFFIC_SECRET_0 3cce124a9333c80d5011725d08d335bef6216b357793333160a100994fd332b0 29406ee91dd9960a83c919ae732747f90823d91d6152fe79e87bd03198e99aeedcc84a3fc6c7bc4b86983fa58319570d
SERVER_HANDSHAKE_TRAFFIC_SECRET 0492483a962b2d71ec51d01c2a5a8c340a17d1b6d045dcd949cfd3bdb2167d89 6a8851b0aae4b746c881dc9da0579a4d47d6e36640c0953a4064dfb0079c0cc70ce75a2450e1630546f81c9b6ecad1d6
CLIENT_HANDSHAKE_TRAFFIC_SECRET 0492483a962b2d71ec51d01c2a5a8c340a17d1b6d045dcd949cfd3bdb2167d89 d736470eb00eb983e5c1989dec9dd4a061bf0841a977c98ef9b473e705bbc98e12766cb41f136343fbe70268c2a06fea
SERVER_TRAFFIC_SECRET_0 0492483a962b2d71ec51d01c2a5a8c340a17d1b6d045dcd949cfd3bdb2167d89 f49ca197044d027657abb429f427c7c3d055dc3bb135aa46dc7f16b68006d7d7750ea4cdaec7ec46956ae2d0a0dbedc5
EXPORTER_SECRET 0492483a962b2d71ec51d01c2a5a8c340a17d1b6d045dcd949cfd3bdb2167d89 7014de78b4ccb21bac31721a7fc0784e270c1cd7f7d2e4266e6beefc5ebc36c15259768509b873a9475407ae9234de26
CLIENT_TRAFFIC_SECRET_0 0492483a962b2d71ec51d01c2a5a8c340a17d1b6d045dcd949cfd3bdb2167d89 39e5ebc5e6989d97e9c71e9328ba079a671dd9c600319c678335bf02b9639c42951d579e7b76be75a027a81ae8cbe8d3
SERVER_HANDSHAKE_TRAFFIC_SECRET 0492483a962b2d71ec51d01c2a5a8c340a17d1b6d045dcd949cfd3bdb2167d89 6a8851b0aae4b746c881dc9da0579a4d47d6e36640c0953a4064dfb0079c0cc70ce75a2450e1630546f81c9b6ecad1d6
CLIENT_HANDSHAKE_TRAFFIC_SECRET 0492483a962b2d71ec51d01c2a5a8c340a17d1b6d045dcd949cfd3bdb2167d89 d736470eb00eb983e5c1989dec9dd4a061bf0841a977c98ef9b473e705bbc98e12766cb41f136343fbe70268c2a06fea
SERVER_TRAFFIC_SECRET_0 0492483a962b2d71ec51d01c2a5a8c340a17d1b6d045dcd949cfd3bdb2167d89 f49ca197044d027657abb429f427c7c3d055dc3bb135aa46dc7f16b68006d7d7750ea4cdaec7ec46956ae2d0a0dbedc5
CLIENT_TRAFFIC_SECRET_0 0492483a962b2d71ec51d01c2a5a8c340a17d1b6d045dcd949cfd3bdb2167d89 39e5ebc5e6989d97e9c71e9328ba079a671dd9c600319c678335bf02b9639c42951d579e7b76be75a027a81ae8cbe8d3
CLIENT_TRAFFIC_SECRET_0 0492483a962b2d71ec51d01c2a5a8c340a17d1b6d045dcd949cfd3bdb2167d89 39e5ebc5e6989d97e9c71e9328ba079a671dd9c600319c678335bf02b9639c42951d579e7b76be75a027a81ae8cbe8d3
SERVER_HANDSHAKE_TRAFFIC_SECRET 5cddf05b63ef192fcb0d9e5498129490b236701e7d264ea6ede7f9fe09bb35b3 6fc96d534e6ce40e01b77242a7bc008337bf1d03911f69a934ede1b00f19a959781ab0f73e97c3d8cc25d436333eea54
CLIENT_HANDSHAKE_TRAFFIC_SECRET 5cddf05b63ef192fcb0d9e5498129490b236701e7d264ea6ede7f9fe09bb35b3 1b21a2f6613e39d53c0283cdbfdf8b949482472b30e543ec26283af736d857f8eccf2c78168c3393b9becad218a316db
SERVER_TRAFFIC_SECRET_0 5cddf05b63ef192fcb0d9e5498129490b236701e7d264ea6ede7f9fe09bb35b3 915cfda6fc599793e5715b33e6529e8257feed5ef43c3fea104ace36497df317339fd309c84c9c18f96d2937f6c202f2
EXPORTER_SECRET 5cddf05b63ef192fcb0d9e5498129490b236701e7d264ea6ede7f9fe09bb35b3 dbdf76a17adf80f670027fb6ea6959a4295ae7ca542fb5aa03a2e57ace213e7268eb82b40f70217b68fa45ae33d49bcb
CLIENT_TRAFFIC_SECRET_0 5cddf05b63ef192fcb0d9e5498129490b236701e7d264ea6ede7f9fe09bb35b3 53b1c67cec4620205c6bd7fa97b3d3056add0373ba2dfda5d2f2c4b1402badf49948cfbb62522e5c8014748e42651615
SERVER_HANDSHAKE_TRAFFIC_SECRET 5cddf05b63ef192fcb0d9e5498129490b236701e7d264ea6ede7f9fe09bb35b3 6fc96d534e6ce40e01b77242a7bc008337bf1d03911f69a934ede1b00f19a959781ab0f73e97c3d8cc25d436333eea54
CLIENT_HANDSHAKE_TRAFFIC_SECRET 5cddf05b63ef192fcb0d9e5498129490b236701e7d264ea6ede7f9fe09bb35b3 1b21a2f6613e39d53c0283cdbfdf8b949482472b30e543ec26283af736d857f8eccf2c78168c3393b9becad218a316db
SERVER_TRAFFIC_SECRET_0 5cddf05b63ef192fcb0d9e5498129490b236701e7d264ea6ede7f9fe09bb35b3 915cfda6fc599793e5715b33e6529e8257feed5ef43c3fea104ace36497df317339fd309c84c9c18f96d2937f6c202f2
CLIENT_TRAFFIC_SECRET_0 5cddf05b63ef192fcb0d9e5498129490b236701e7d264ea6ede7f9fe09bb35b3 53b1c67cec4620205c6bd7fa97b3d3056add0373ba2dfda5d2f2c4b1402badf49948cfbb62522e5c8014748e42651615
CLIENT_TRAFFIC_SECRET_0 5cddf05b63ef192fcb0d9e5498129490b236701e7d264ea6ede7f9fe09bb35b3 53b1c67cec4620205c6bd7fa97b3d3056add0373ba2dfda5d2f2c4b1402badf49948cfbb62522e5c8014748e42651615
SERVER_HANDSHAKE_TRAFFIC_SECRET de8393d65c1c1aeb91668300875202076020f8d63a4775f4c2f2c09f31d596fc c88a40fde47eaabe28f12f17898d675f012c6ed6ad51cd05b641b86726513aed826b92bf705d83ffa6a59a7d3ccca5a4
CLIENT_HANDSHAKE_TRAFFIC_SECRET de8393d65c1c1aeb91668300875202076020f8d63a4775f4c2f2c09f31d596fc a70eda2080a20c73474648ea8c18dbfe258efab1c4f1d779c88eb6487a5d029ec009d826e6384f6c6e525b53ee5f097d
SERVER_TRAFFIC_SECRET_0 de8393d65c1c1aeb91668300875202076020f8d63a4775f4c2f2c09f31d596fc 292ec299a9a1a8191db6fa0692d659d92488e92f669a0814ca9acbfe91f079bdb9bad9922953ec6cd801a5f0c6a1c81a
EXPORTER_SECRET de8393d65c1c1aeb91668300875202076020f8d63a4775f4c2f2c09f31d596fc 40c5460df70807c745f6ab2493d73840be583304302e92e58af641d6ac9a1d03c407db1e184b78d7da078a262846498a
CLIENT_TRAFFIC_SECRET_0 de8393d65c1c1aeb91668300875202076020f8d63a4775f4c2f2c09f31d596fc 534468ecae54aa3e4d27e0506d3060b632100af2c1e8b9ddbfc878fbb8f656334552643ed7e793e7be636b98061d9b24
SERVER_HANDSHAKE_TRAFFIC_SECRET de8393d65c1c1aeb91668300875202076020f8d63a4775f4c2f2c09f31d596fc c88a40fde47eaabe28f12f17898d675f012c6ed6ad51cd05b641b86726513aed826b92bf705d83ffa6a59a7d3ccca5a4
CLIENT_HANDSHAKE_TRAFFIC_SECRET de8393d65c1c1aeb91668300875202076020f8d63a4775f4c2f2c09f31d596fc a70eda2080a20c73474648ea8c18dbfe258efab1c4f1d779c88eb6487a5d029ec009d826e6384f6c6e525b53ee5f097d
SERVER_TRAFFIC_SECRET_0 de8393d65c1c1aeb91668300875202076020f8d63a4775f4c2f2c09f31d596fc 292ec299a9a1a8191db6fa0692d659d92488e92f669a0814ca9acbfe91f079bdb9bad9922953ec6cd801a5f0c6a1c81a
CLIENT_TRAFFIC_SECRET_0 de8393d65c1c1aeb91668300875202076020f8d63a4775f4c2f2c09f31d596fc 534468ecae54aa3e4d27e0506d3060b632100af2c1e8b9ddbfc878fbb8f656334552643ed7e793e7be636b98061d9b24
CLIENT_TRAFFIC_SECRET_0 de8393d65c1c1aeb91668300875202076020f8d63a4775f4c2f2c09f31d596fc 534468ecae54aa3e4d27e0506d3060b632100af2c1e8b9ddbfc878fbb8f656334552643ed7e793e7be636b98061d9b24
SERVER_HANDSHAKE_TRAFFIC_SECRET 466aa906552f11dc930cc31f32b4a5f544a00560bbe1e5576a67ab9e40824ecc 3116e5c69ffac1ab6a18653b3e0b2e0ce37f73222d6cc4685b265fdf4e2d2fb9f9b06cff8120005777ffc0e8ec213e60
CLIENT_HANDSHAKE_TRAFFIC_SECRET 466aa906552f11dc930cc31f32b4a5f544a00560bbe1e5576a67ab9e40824ecc 6f807d2c08f01e27523a9495e202a01ba07652433a1302e6941a50b4685ce073547e764750a3b2398f979486833d5a33
SERVER_TRAFFIC_SECRET_0 466aa906552f11dc930cc31f32b4a5f544a00560bbe1e5576a67ab9e40824ecc f8484ab56015dc6e6843aa556ddd6bcfb811f8a6f6d1c197a1bdb6014cf6f65061c774027301cc7cab86363a120bbad3
EXPORTER_SECRET 466aa906552f11dc930cc31f32b4a5f544a00560bbe1e5576a67ab9e40824ecc 978d8ff3853750b71db73d708613d61944613def6f366287b6986854b25c0380342546d5cd5109f18d60a72042306ff9
CLIENT_TRAFFIC_SECRET_0 466aa906552f11dc930cc31f32b4a5f544a00560bbe1e5576a67ab9e40824ecc a2778615911813cfb41dd643796cac766edb4d73fdca0def1999667227e1d9373986199d429623de119178cb61fb821b
SERVER_HANDSHAKE_TRAFFIC_SECRET 466aa906552f11dc930cc31f32b4a5f544a00560bbe1e5576a67ab9e40824ecc 3116e5c69ffac1ab6a18653b3e0b2e0ce37f73222d6cc4685b265fdf4e2d2fb9f9b06cff8120005777ffc0e8ec213e60
CLIENT_HANDSHAKE_TRAFFIC_SECRET 466aa906552f11dc930cc31f32b4a5f544a00560bbe1e5576a67ab9e40824ecc 6f807d2c08f01e27523a9495e202a01ba07652433a1302e6941a50b4685ce073547e764750a3b2398f979486833d5a33
SERVER_TRAFFIC_SECRET_0 466aa906552f11dc930cc31f32b4a5f544a00560bbe1e5576a67ab9e40824ecc f8484ab56015dc6e6843aa556ddd6bcfb811f8a6f6d1c197a1bdb6014cf6f65061c774027301cc7cab86363a120bbad3
CLIENT_TRAFFIC_SECRET_0 466aa906552f11dc930cc31f32b4a5f544a00560bbe1e5576a67ab9e40824ecc a2778615911813cfb41dd643796cac766edb4d73fdca0def1999667227e1d9373986199d429623de119178cb61fb821b
CLIENT_TRAFFIC_SECRET_0 466aa906552f11dc930cc31f32b4a5f544a00560bbe1e5576a67ab9e40824ecc a2778615911813cfb41dd643796cac766edb4d73fdca0def1999667227e1d9373986199d429623de119178cb61fb821b
SERVER_HANDSHAKE_TRAFFIC_SECRET 80123c852ae72a4c534abfd220bb8f7a5205a71b0a72eac45c0d9ae51b2b4810 56bd35ff92810c5ab5b11d5aaa22abfa4552742e9fb11ce585ed4b6863cba9cff18d715f86514186745228b1f0ac588b
CLIENT_HANDSHAKE_TRAFFIC_SECRET 80123c852ae72a4c534abfd220bb8f7a5205a71b0a72eac45c0d9ae51b2b4810 fd473f0b99331613c5eef6f7153f71befbf7b3f262f14dc9684281019c63715c78bf03ed7157040a4f7b91d9054eaee6
SERVER_TRAFFIC_SECRET_0 80123c852ae72a4c534abfd220bb8f7a5205a71b0a72eac45c0d9ae51b2b4810 a8238b50b520fe913c596cf4f4558bce799f3ac9cfd2d909792b9cd95f3630bb2a619d8cedd153b5bd6623898a2ca277
EXPORTER_SECRET 80123c852ae72a4c534abfd220bb8f7a5205a71b0a72eac45c0d9ae51b2b4810 6bddbb983bcdfeb8661c66526137a803b07a38ac654efd2a108afc21c7b08b4b69b34be766c1860772e26c3e02dbe7ad
CLIENT_TRAFFIC_SECRET_0 80123c852ae72a4c534abfd220bb8f7a5205a71b0a72eac45c0d9ae51b2b4810 4617dcfa53949ed020335d376a741dec82c6be84b9d6eefc27dcfafd5441d2c12df0f88169d3c3e8a607d4314d0cbf39
SERVER_HANDSHAKE_TRAFFIC_SECRET 80123c852ae72a4c534abfd220bb8f7a5205a71b0a72eac45c0d9ae51b2b4810 56bd35ff92810c5ab5b11d5aaa22abfa4552742e9fb11ce585ed4b6863cba9cff18d715f86514186745228b1f0ac588b
CLIENT_HANDSHAKE_TRAFFIC_SECRET 80123c852ae72a4c534abfd220bb8f7a5205a71b0a72eac45c0d9ae51b2b4810 fd473f0b99331613c5eef6f7153f71befbf7b3f262f14dc9684281019c63715c78bf03ed7157040a4f7b91d9054eaee6
SERVER_TRAFFIC_SECRET_0 80123c852ae72a4c534abfd220bb8f7a5205a71b0a72eac45c0d9ae51b2b4810 a8238b50b520fe913c596cf4f4558bce799f3ac9cfd2d909792b9cd95f3630bb2a619d8cedd153b5bd6623898a2ca277
CLIENT_TRAFFIC_SECRET_0 80123c852ae72a4c534abfd220bb8f7a5205a71b0a72eac45c0d9ae51b2b4810 4617dcfa53949ed020335d376a741dec82c6be84b9d6eefc27dcfafd5441d2c12df0f88169d3c3e8a607d4314d0cbf39
CLIENT_TRAFFIC_SECRET_0 80123c852ae72a4c534abfd220bb8f7a5205a71b0a72eac45c0d9ae51b2b4810 4617dcfa53949ed020335d376a741dec82c6be84b9d6eefc27dcfafd5441d2c12df0f88169d3c3e8a607d4314d0cbf39
SERVER_HANDSHAKE_TRAFFIC_SECRET 3cef5e94ec3367073e1b2048db5b5fe2436295c046a5df3be6fd9df498905cbb 51ae09c9e6ec628bf02c734648bffed191aa8bed362931a8e23b1d64c17db883888dd6b7713162ff76a6c9dacdc4804a
CLIENT_HANDSHAKE_TRAFFIC_SECRET 3cef5e94ec3367073e1b2048db5b5fe2436295c046a5df3be6fd9df498905cbb c5224261c488bfa4dd3636f991235f05e382fb7ea4be7a065a3433c1f342029f36b03ef14aa96fdb74543e4ce2337b08
SERVER_TRAFFIC_SECRET_0 3cef5e94ec3367073e1b2048db5b5fe2436295c046a5df3be6fd9df498905cbb 610c160f17830a5669513cc952bfafcfb52258160b8aad14f48a89e519a70bc6720ea851412f8b964c724e8685aeafea
EXPORTER_SECRET 3cef5e94ec3367073e1b2048db5b5fe2436295c046a5df3be6fd9df498905cbb c27ce03af54046cd2c2e709d688984081f1739028a85d9e5b74b1d24b0095773fccfda39803b229e7de1935012e7e8de
CLIENT_TRAFFIC_SECRET_0 3cef5e94ec3367073e1b2048db5b5fe2436295c046a5df3be6fd9df498905cbb 60473915fc3e84353e485e755f8428dcc16f15a5aceeec90751d4a9341aaf524ae9857d6a7be1ac83ca5801f1159dc6e
SERVER_HANDSHAKE_TRAFFIC_SECRET 3cef5e94ec3367073e1b2048db5b5fe2436295c046a5df3be6fd9df498905cbb 51ae09c9e6ec628bf02c734648bffed191aa8bed362931a8e23b1d64c17db883888dd6b7713162ff76a6c9dacdc4804a
CLIENT_HANDSHAKE_TRAFFIC_SECRET 3cef5e94ec3367073e1b2048db5b5fe2436295c046a5df3be6fd9df498905cbb c5224261c488bfa4dd3636f991235f05e382fb7ea4be7a065a3433c1f342029f36b03ef14aa96fdb74543e4ce2337b08
SERVER_TRAFFIC_SECRET_0 3cef5e94ec3367073e1b2048db5b5fe2436295c046a5df3be6fd9df498905cbb 610c160f17830a5669513cc952bfafcfb52258160b8aad14f48a89e519a70bc6720ea851412f8b964c724e8685aeafea
CLIENT_TRAFFIC_SECRET_0 3cef5e94ec3367073e1b2048db5b5fe2436295c046a5df3be6fd9df498905cbb 60473915fc3e84353e485e755f8428dcc16f15a5aceeec90751d4a9341aaf524ae9857d6a7be1ac83ca5801f1159dc6e
CLIENT_TRAFFIC_SECRET_0 3cef5e94ec3367073e1b2048db5b5fe2436295c046a5df3be6fd9df498905cbb 60473915fc3e84353e485e755f8428dcc16f15a5aceeec90751d4a9341aaf524ae9857d6a7be1ac83ca5801f1159dc6e
SERVER_HANDSHAKE_TRAFFIC_SECRET 1168a53f3f72c60115b256b640cead6856b550507d9b6523465be50ae1bc1ebe 67da674091cefbcec1efa7e71817dc33d91bc67768d628b5799668a533cde8f699d4ca6c0567d88dc4f1a71e8225bcb8
CLIENT_HANDSHAKE_TRAFFIC_SECRET 1168a53f3f72c60115b256b640cead6856b550507d9b6523465be50ae1bc1ebe d8647eef90691b962f6dc0cd31f567e722b74bda2af9bccc3f68b623909985797a393cf4a335ab56a5e9bdeb5607ae97
SERVER_TRAFFIC_SECRET_0 1168a53f3f72c60115b256b640cead6856b550507d9b6523465be50ae1bc1ebe 3205bbae36d870b72499f2db5f4db0ae433740a2baddcb053be93b1e755bb6881e40cc67ac51ee9af8d286681dcedea5
EXPORTER_SECRET 1168a53f3f72c60115b256b640cead6856b550507d9b6523465be50ae1bc1ebe 98d10ad7ff00883335220090891f5a2e9ad05f82511396a7cf32f17189c2895677ef1a0998d36b047bc3b1d480431171
CLIENT_TRAFFIC_SECRET_0 1168a53f3f72c60115b256b640cead6856b550507d9b6523465be50ae1bc1ebe b5968f318b62ace0e6adfb35cc348453a3eec82a66a82983fc8a0ad7592fc429bef7dfacc390c3111526ff9d4ca486df
SERVER_HANDSHAKE_TRAFFIC_SECRET 1168a53f3f72c60115b256b640cead6856b550507d9b6523465be50ae1bc1ebe 67da674091cefbcec1efa7e71817dc33d91bc67768d628b5799668a533cde8f699d4ca6c0567d88dc4f1a71e8225bcb8
CLIENT_HANDSHAKE_TRAFFIC_SECRET 1168a53f3f72c60115b256b640cead6856b550507d9b6523465be50ae1bc1ebe d8647eef90691b962f6dc0cd31f567e722b74bda2af9bccc3f68b623909985797a393cf4a335ab56a5e9bdeb5607ae97
SERVER_TRAFFIC_SECRET_0 1168a53f3f72c60115b256b640cead6856b550507d9b6523465be50ae1bc1ebe 3205bbae36d870b72499f2db5f4db0ae433740a2baddcb053be93b1e755bb6881e40cc67ac51ee9af8d286681dcedea5
CLIENT_TRAFFIC_SECRET_0 1168a53f3f72c60115b256b640cead6856b550507d9b6523465be50ae1bc1ebe b5968f318b62ace0e6adfb35cc348453a3eec82a66a82983fc8a0ad7592fc429bef7dfacc390c3111526ff9d4ca486df
CLIENT_TRAFFIC_SECRET_0 1168a53f3f72c60115b256b640cead6856b550507d9b6523465be50ae1bc1ebe b5968f318b62ace0e6adfb35cc348453a3eec82a66a82983fc8a0ad7592fc429bef7dfacc390c3111526ff9d4ca486df
SERVER_HANDSHAKE_TRAFFIC_SECRET 5afc2dcfef6bfec93229c2097b28c6390188e9ed3f6e69ab50fda96699be6586 9ca8cbfdb1c4be92dfd6cf7fc15a701f53e328b2c96edf96b320a8c0988c68c08960be999043fad46398b7d8e4083421
CLIENT_HANDSHAKE_TRAFFIC_SECRET 5afc2dcfef6bfec93229c2097b28c6390188e9ed3f6e69ab50fda96699be6586 d78b7f821ab2bca72ab8769d8bb9dabd6de98be2bb3b7293819fe537b085b98f4b4295ebb7965e7dbf96dcc1b3e76ed5
SERVER_TRAFFIC_SECRET_0 5afc2dcfef6bfec93229c2097b28c6390188e9ed3f6e69ab50fda96699be6586 98979204a8a8b2a297d51b8f933fb90af0fd9c694fe7f9bf6533d16a5ece89287a4e1b23bd47dbca83cc582d90c9a05e
EXPORTER_SECRET 5afc2dcfef6bfec93229c2097b28c6390188e9ed3f6e69ab50fda96699be6586 a744bb679b4fdde9aaf5e5c23a40687a3dcff9e74e10dbe73296e8bb1b62a6322f2ef2b1d973b02f19f4ebe99d80c92d
CLIENT_TRAFFIC_SECRET_0 5afc2dcfef6bfec93229c2097b28c6390188e9ed3f6e69ab50fda96699be6586 8ff902acc546d7eac8e2fc677e2b3c06b6ad40cb721856c262b8e0593d9ec4ba2c7bd0ee5a9117063b558e3451c48925
SERVER_HANDSHAKE_TRAFFIC_SECRET 5afc2dcfef6bfec93229c2097b28c6390188e9ed3f6e69ab50fda96699be6586 9ca8cbfdb1c4be92dfd6cf7fc15a701f53e328b2c96edf96b320a8c0988c68c08960be999043fad46398b7d8e4083421
CLIENT_HANDSHAKE_TRAFFIC_SECRET 5afc2dcfef6bfec93229c2097b28c6390188e9ed3f6e69ab50fda96699be6586 d78b7f821ab2bca72ab8769d8bb9dabd6de98be2bb3b7293819fe537b085b98f4b4295ebb7965e7dbf96dcc1b3e76ed5
SERVER_TRAFFIC_SECRET_0 5afc2dcfef6bfec93229c2097b28c6390188e9ed3f6e69ab50fda96699be6586 98979204a8a8b2a297d51b8f933fb90af0fd9c694fe7f9bf6533d16a5ece89287a4e1b23bd47dbca83cc582d90c9a05e
CLIENT_TRAFFIC_SECRET_0 5afc2dcfef6bfec93229c2097b28c6390188e9ed3f6e69ab50fda96699be6586 8ff902acc546d7eac8e2fc677e2b3c06b6ad40cb721856c262b8e0593d9ec4ba2c7bd0ee5a9117063b558e3451c48925
CLIENT_TRAFFIC_SECRET_0 5afc2dcfef6bfec93229c2097b28c6390188e9ed3f6e69ab50fda96699be6586 8ff902acc546d7eac8e2fc677e2b3c06b6ad40cb721856c262b8e0593d9ec4ba2c7bd0ee5a9117063b558e3451c48925
SERVER_HANDSHAKE_TRAFFIC_SECRET 4ef552bce51b22487a05779266f2af04250f5401cde8159dca3294a1acee3f35 6049b41c6f9a1ed92b74c3e76b04e874b0dbd6f05346659ad095c06ee951c8ddf7473eed82a2e771be46975299db2e65
CLIENT_HANDSHAKE_TRAFFIC_SECRET 4ef552bce51b22487a05779266f2af04250f5401cde8159dca3294a1acee3f35 238e3a066778793a3f20c2d20d0276719f4535934881e520c5087dde6bd848ef556699fb0c5981f50ca94ca8301d2b9a
SERVER_TRAFFIC_SECRET_0 4ef552bce51b22487a05779266f2af04250f5401cde8159dca3294a1acee3f35 1d94547297913c239908134ca1e824b8201f02d96a769adf8d0edf9ccbedc80a027345b6e9fe30078572c024cc462ace
EXPORTER_SECRET 4ef552bce51b22487a05779266f2af04250f5401cde8159dca3294a1acee3f35 dd7f15325c9329a8ff19db4027c59fb2731dec9327606e84f633dda65a1312cf8a60f3890cd38ffda20b00a1b590fc40
CLIENT_TRAFFIC_SECRET_0 4ef552bce51b22487a05779266f2af04250f5401cde8159dca3294a1acee3f35 9790b55d846a9a6564ff29a2cea9d9ac0343a933301380bbc7d15b5040080d353a234e9dc64f780d31a852632b630c64
SERVER_HANDSHAKE_TRAFFIC_SECRET 4ef552bce51b22487a05779266f2af04250f5401cde8159dca3294a1acee3f35 6049b41c6f9a1ed92b74c3e76b04e874b0dbd6f05346659ad095c06ee951c8ddf7473eed82a2e771be46975299db2e65
CLIENT_HANDSHAKE_TRAFFIC_SECRET 4ef552bce51b22487a05779266f2af04250f5401cde8159dca3294a1acee3f35 238e3a066778793a3f20c2d20d0276719f4535934881e520c5087dde6bd848ef556699fb0c5981f50ca94ca8301d2b9a
SERVER_TRAFFIC_SECRET_0 4ef552bce51b22487a05779266f2af04250f5401cde8159dca3294a1acee3f35 1d94547297913c239908134ca1e824b8201f02d96a769adf8d0edf9ccbedc80a027345b6e9fe30078572c024cc462ace
CLIENT_TRAFFIC_SECRET_0 4ef552bce51b22487a05779266f2af04250f5401cde8159dca3294a1acee3f35 9790b55d846a9a6564ff29a2cea9d9ac0343a933301380bbc7d15b5040080d353a234e9dc64f780d31a852632b630c64
CLIENT_TRAFFIC_SECRET_0 4ef552bce51b22487a05779266f2af04250f5401cde8159dca3294a1acee3f35 9790b55d846a9a6564ff29a2cea9d9ac0343a933301380bbc7d15b5040080d353a234e9dc64f780d31a852632b630c64
SERVER_HANDSHAKE_TRAFFIC_SECRET 8654fdcabe5edd57b39d1f70b7207733b363126abffa397afec7139031c0a23c 4496df333122d8ec5927519d561a9aef344a31ff201b790053eb6851437a0805a97d95ffaca62e9ec790a9e8db424832
CLIENT_HANDSHAKE_TRAFFIC_SECRET 8654fdcabe5edd57b39d1f70b7207733b363126abffa397afec7139031c0a23c 90d2661d504688c5abd6d5c4bd5dd91b721ffcd046fe063f14d946ee917acce8fdbef60fc7131b73922af39b95182ccd
SERVER_TRAFFIC_SECRET_0 8654fdcabe5edd57b39d1f70b7207733b363126abffa397afec7139031c0a23c b2d1e36d58cabc4a43ea8d365137f85b9e91bcf53d9329165a2fa58666d6bd45409c599763e8223f5635b64f38c05382
EXPORTER_SECRET 8654fdcabe5edd57b39d1f70b7207733b363126abffa397afec7139031c0a23c 6fb0fbb9cdf97f2bb0a88871ba8deaca82fb6b67f1bae616be54b0b7a2973352ae159e453f77064c9c5665002e127699
CLIENT_TRAFFIC_SECRET_0 8654fdcabe5edd57b39d1f70b7207733b363126abffa397afec7139031c0a23c 827203973b4fad5efb365a54927f7fdd5342a324152d8b42b49c440a7b20ad6af5029d5248cf0ea6fcb652813f9b744f
SERVER_HANDSHAKE_TRAFFIC_SECRET 8654fdcabe5edd57b39d1f70b7207733b363126abffa397afec7139031c0a23c 4496df333122d8ec5927519d561a9aef344a31ff201b790053eb6851437a0805a97d95ffaca62e9ec790a9e8db424832
CLIENT_HANDSHAKE_TRAFFIC_SECRET 8654fdcabe5edd57b39d1f70b7207733b363126abffa397afec7139031c0a23c 90d2661d504688c5abd6d5c4bd5dd91b721ffcd046fe063f14d946ee917acce8fdbef60fc7131b73922af39b95182ccd
SERVER_TRAFFIC_SECRET_0 8654fdcabe5edd57b39d1f70b7207733b363126abffa397afec7139031c0a23c b2d1e36d58cabc4a43ea8d365137f85b9e91bcf53d9329165a2fa58666d6bd45409c599763e8223f5635b64f38c05382
CLIENT_TRAFFIC_SECRET_0 8654fdcabe5edd57b39d1f70b7207733b363126abffa397afec7139031c0a23c 827203973b4fad5efb365a54927f7fdd5342a324152d8b42b49c440a7b20ad6af5029d5248cf0ea6fcb652813f9b744f
CLIENT_TRAFFIC_SECRET_0 8654fdcabe5edd57b39d1f70b7207733b363126abffa397afec7139031c0a23c 827203973b4fad5efb365a54927f7fdd5342a324152d8b42b49c440a7b20ad6af5029d5248cf0ea6fcb652813f9b744f
SERVER_HANDSHAKE_TRAFFIC_SECRET c86188f62e3e38f78befce5de72ba80adbc2dd75e7003a2fb66ec77cd997e9e8 5814a5cf5cbd266032b3db2264af93c47739d444c8cf4f763ce83f9c22e19f6f23173f83bd301a351361d88a525c3171
CLIENT_HANDSHAKE_TRAFFIC_SECRET c86188f62e3e38f78befce5de72ba80adbc2dd75e7003a2fb66ec77cd997e9e8 d62f7244dabd54f36a804800f2d73a120f6cb0291297f89296af17c86e40b74953acc045a9388663d8b5cb6dc27fa7c4
SERVER_TRAFFIC_SECRET_0 c86188f62e3e38f78befce5de72ba80adbc2dd75e7003a2fb66ec77cd997e9e8 189c6b68e801ca2785e4b08e9bdbaf72df411e6473ef2b402c5fba2a8bc9e37c8f97dedaa313315f5cebdd773dd1ced0
EXPORTER_SECRET c86188f62e3e38f78befce5de72ba80adbc2dd75e7003a2fb66ec77cd997e9e8 4a8033240554be1a40eb9f3646ce4e5603cb7b1977b68d0ce906729eeb736fa88703db89752643fb8243c8d6aca4c8aa
CLIENT_TRAFFIC_SECRET_0 c86188f62e3e38f78befce5de72ba80adbc2dd75e7003a2fb66ec77cd997e9e8 ad43a9e8c59051efff2d262ddb7c3d66cfed83286d1bd3e440b504c9a56f800b661ea762882b5997855127d7ad90a044
SERVER_HANDSHAKE_TRAFFIC_SECRET c86188f62e3e38f78befce5de72ba80adbc2dd75e7003a2fb66ec77cd997e9e8 5814a5cf5cbd266032b3db2264af93c47739d444c8cf4f763ce83f9c22e19f6f23173f83bd301a351361d88a525c3171
CLIENT_HANDSHAKE_TRAFFIC_SECRET c86188f62e3e38f78befce5de72ba80adbc2dd75e7003a2fb66ec77cd997e9e8 d62f7244dabd54f36a804800f2d73a120f6cb0291297f89296af17c86e40b74953acc045a9388663d8b5cb6dc27fa7c4
SERVER_TRAFFIC_SECRET_0 c86188f62e3e38f78befce5de72ba80adbc2dd75e7003a2fb66ec77cd997e9e8 189c6b68e801ca2785e4b08e9bdbaf72df411e6473ef2b402c5fba2a8bc9e37c8f97dedaa313315f5cebdd773dd1ced0
CLIENT_TRAFFIC_SECRET_0 c86188f62e3e38f78befce5de72ba80adbc2dd75e7003a2fb66ec77cd997e9e8 ad43a9e8c59051efff2d262ddb7c3d66cfed83286d1bd3e440b504c9a56f800b661ea762882b5997855127d7ad90a044
CLIENT_TRAFFIC_SECRET_0 c86188f62e3e38f78befce5de72ba80adbc2dd75e7003a2fb66ec77cd997e9e8 ad43a9e8c59051efff2d262ddb7c3d66cfed83286d1bd3e440b504c9a56f800b661ea762882b5997855127d7ad90a044
SERVER_HANDSHAKE_TRAFFIC_SECRET 5e49bd33d8c845f01250e8f6e23900ffaa8e21af3048886b8731b60d02f84835 1417885b04f2cb80d19f2b973e664106ce187cfa72917f298ec424cd77dd8711d57f5976a1389ecdb655b89199cc01f8
CLIENT_HANDSHAKE_TRAFFIC_SECRET 5e49bd33d8c845f01250e8f6e23900ffaa8e21af3048886b8731b60d02f84835 c3e8ad530a1c5e59bf75e497fee72fb18a968a5d7d4c87b2322b9b09ff9f7cbe6ac813cbfcc05f35bee52d3f09e30b84
SERVER_TRAFFIC_SECRET_0 5e49bd33d8c845f01250e8f6e23900ffaa8e21af3048886b8731b60d02f84835 3abeb88276839925367c76e6dc07d5ffb2961c762c1a6ab0cd2fc5b4d1784c14f550cef0acbf57304550a33e6533f8c4
EXPORTER_SECRET 5e49bd33d8c845f01250e8f6e23900ffaa8e21af3048886b8731b60d02f84835 b9424413559734c87e187a760d304af1b50d185a6b6ec53bcfc391034ea096f4bd16225d2180bd4d86968db59b09c382
CLIENT_TRAFFIC_SECRET_0 5e49bd33d8c845f01250e8f6e23900ffaa8e21af3048886b8731b60d02f84835 c7f57b9da3d5ab24f15f2774676d713bb557e0b20c6dcb015e9b5afcae18d7e50033755484d64c578980a6057ada4768
SERVER_HANDSHAKE_TRAFFIC_SECRET 5e49bd33d8c845f01250e8f6e23900ffaa8e21af3048886b8731b60d02f84835 1417885b04f2cb80d19f2b973e664106ce187cfa72917f298ec424cd77dd8711d57f5976a1389ecdb655b89199cc01f8
CLIENT_HANDSHAKE_TRAFFIC_SECRET 5e49bd33d8c845f01250e8f6e23900ffaa8e21af3048886b8731b60d02f84835 c3e8ad530a1c5e59bf75e497fee72fb18a968a5d7d4c87b2322b9b09ff9f7cbe6ac813cbfcc05f35bee52d3f09e30b84
SERVER_TRAFFIC_SECRET_0 5e49bd33d8c845f01250e8f6e23900ffaa8e21af3048886b8731b60d02f84835 3abeb88276839925367c76e6dc07d5ffb2961c762c1a6ab0cd2fc5b4d1784c14f550cef0acbf57304550a33e6533f8c4
CLIENT_TRAFFIC_SECRET_0 5e49bd33d8c845f01250e8f6e23900ffaa8e21af3048886b8731b60d02f84835 c7f57b9da3d5ab24f15f2774676d713bb557e0b20c6dcb015e9b5afcae18d7e50033755484d64c578980a6057ada4768
CLIENT_TRAFFIC_SECRET_0 5e49bd33d8c845f01250e8f6e23900ffaa8e21af3048886b8731b60d02f84835 c7f57b9da3d5ab24f15f2774676d713bb557e0b20c6dcb015e9b5afcae18d7e50033755484d64c578980a6057ada4768
SERVER_HANDSHAKE_TRAFFIC_SECRET 5eda27e7a36af5fd067ed82a3aa5dde70a12cc9a1d524c0b33355d20acb2addb 6f2cd617eb41584e8ba4b93c7acdda01ad4dedc0c8ea2665e10f75e5d5dabc3d352138bc27844a4019251b8f1a613f99
CLIENT_HANDSHAKE_TRAFFIC_SECRET 5eda27e7a36af5fd067ed82a3aa5dde70a12cc9a1d524c0b33355d20acb2addb ff2ed2a06d0adb9e7977e18cdfd38bd55768124a1d3c30113dcda1aaec5717aa8ede6da4c06fe2626179e079bb295cb0
SERVER_TRAFFIC_SECRET_0 5eda27e7a36af5fd067ed82a3aa5dde70a12cc9a1d524c0b33355d20acb2addb e82466e94296f35bf6187fd3ce9c32906de83865250da4b539f64ba26af996bfd1f4a2f0e0565dafa9dfa246e08cfef5
EXPORTER_SECRET 5eda27e7a36af5fd067ed82a3aa5dde70a12cc9a1d524c0b33355d20acb2addb 051127101e5e116544e09b1d3aa410c0527ee583b3908b3e884dafcc068719abb17e8a7126de8f48b14e13cdc7fdf9fb
CLIENT_TRAFFIC_SECRET_0 5eda27e7a36af5fd067ed82a3aa5dde70a12cc9a1d524c0b33355d20acb2addb 6066c7f28105470f9a7e14ec0353da3d4fdc14198fbc35ea35978c27de21ac69ca254614373d03023526e1038d60603a
SERVER_HANDSHAKE_TRAFFIC_SECRET 5eda27e7a36af5fd067ed82a3aa5dde70a12cc9a1d524c0b33355d20acb2addb 6f2cd617eb41584e8ba4b93c7acdda01ad4dedc0c8ea2665e10f75e5d5dabc3d352138bc27844a4019251b8f1a613f99
CLIENT_HANDSHAKE_TRAFFIC_SECRET 5eda27e7a36af5fd067ed82a3aa5dde70a12cc9a1d524c0b33355d20acb2addb ff2ed2a06d0adb9e7977e18cdfd38bd55768124a1d3c30113dcda1aaec5717aa8ede6da4c06fe2626179e079bb295cb0
SERVER_TRAFFIC_SECRET_0 5eda27e7a36af5fd067ed82a3aa5dde70a12cc9a1d524c0b33355d20acb2addb e82466e94296f35bf6187fd3ce9c32906de83865250da4b539f64ba26af996bfd1f4a2f0e0565dafa9dfa246e08cfef5
CLIENT_TRAFFIC_SECRET_0 5eda27e7a36af5fd067ed82a3aa5dde70a12cc9a1d524c0b33355d20acb2addb 6066c7f28105470f9a7e14ec0353da3d4fdc14198fbc35ea35978c27de21ac69ca254614373d03023526e1038d60603a
CLIENT_TRAFFIC_SECRET_0 5eda27e7a36af5fd067ed82a3aa5dde70a12cc9a1d524c0b33355d20acb2addb 6066c7f28105470f9a7e14ec0353da3d4fdc14198fbc35ea35978c27de21ac69ca254614373d03023526e1038d60603a
SERVER_HANDSHAKE_TRAFFIC_SECRET 84818529349d0d05f86391723c3ee1f7794cd097187e159e7a419f7478de0d48 42768cdda1593438e917bb788372a0dc3bc18dd6472368403bc5ecd16a84e19af908d2988b29f1f127ecc233fd53a1f6
CLIENT_HANDSHAKE_TRAFFIC_SECRET 84818529349d0d05f86391723c3ee1f7794cd097187e159e7a419f7478de0d48 98990dab5361b2e60ac3b8d80a1b66e3152e27d78dddecdcb2da4d9b7b57fabf72f1d3edad4dfcb7ebc4b71675e1f43f
SERVER_TRAFFIC_SECRET_0 84818529349d0d05f86391723c3ee1f7794cd097187e159e7a419f7478de0d48 d8c040a2e2d8d9119daefdcc07ab4d7a31706242d91e27be6af51972db44210972511cd98d2bf4d2a27e1f8d2526c105
EXPORTER_SECRET 84818529349d0d05f86391723c3ee1f7794cd097187e159e7a419f7478de0d48 3d4fac02855c2a53e07cd141eb63d7ad98dc25e780ccf1b512b9743bced9501afc974d3f62b9f5b813b6e7a2ae453024
CLIENT_TRAFFIC_SECRET_0 84818529349d0d05f86391723c3ee1f7794cd097187e159e7a419f7478de0d48 15a79bcbf66495f0711776a142d2b078c0bda3d51d5ca446eaade387a72549e35f7002ecfb895273cfedd2be0a89dce8
SERVER_HANDSHAKE_TRAFFIC_SECRET 84818529349d0d05f86391723c3ee1f7794cd097187e159e7a419f7478de0d48 42768cdda1593438e917bb788372a0dc3bc18dd6472368403bc5ecd16a84e19af908d2988b29f1f127ecc233fd53a1f6
CLIENT_HANDSHAKE_TRAFFIC_SECRET 84818529349d0d05f86391723c3ee1f7794cd097187e159e7a419f7478de0d48 98990dab5361b2e60ac3b8d80a1b66e3152e27d78dddecdcb2da4d9b7b57fabf72f1d3edad4dfcb7ebc4b71675e1f43f
SERVER_TRAFFIC_SECRET_0 84818529349d0d05f86391723c3ee1f7794cd097187e159e7a419f7478de0d48 d8c040a2e2d8d9119daefdcc07ab4d7a31706242d91e27be6af51972db44210972511cd98d2bf4d2a27e1f8d2526c105
CLIENT_TRAFFIC_SECRET_0 84818529349d0d05f86391723c3ee1f7794cd097187e159e7a419f7478de0d48 15a79bcbf66495f0711776a142d2b078c0bda3d51d5ca446eaade387a72549e35f7002ecfb895273cfedd2be0a89dce8
CLIENT_TRAFFIC_SECRET_0 84818529349d0d05f86391723c3ee1f7794cd097187e159e7a419f7478de0d48 15a79bcbf66495f0711776a142d2b078c0bda3d51d5ca446eaade387a72549e35f7002ecfb895273cfedd2be0a89dce8
SERVER_HANDSHAKE_TRAFFIC_SECRET 3d9cadad1597b90b7582c40c1cffcc743a8175eb77f4c7782b4208a074fba28d 3bfd464dcd44efaa9a3594f26ab34dc27e1b7a6e4f41ba02c7e900fcc5ff1ccf43dfaf54d93779003b0b6dbef8b305ac
CLIENT_HANDSHAKE_TRAFFIC_SECRET 3d9cadad1597b90b7582c40c1cffcc743a8175eb77f4c7782b4208a074fba28d ebb5ec30c4ae84c485f46a7495352788a728dd5aaed066c3d4ce0d734b363cafcba4c0a2fd3f6873ba26559a9ed42d94
SERVER_TRAFFIC_SECRET_0 3d9cadad1597b90b7582c40c1cffcc743a8175eb77f4c7782b4208a074fba28d c94da467772639b54f60d201c10ffbb0dba347273f943a1bb2ff39ab2403dbf7d3188ee564379f036eb45fb37e179c86
EXPORTER_SECRET 3d9cadad1597b90b7582c40c1cffcc743a8175eb77f4c7782b4208a074fba28d 06373a02af9d31d3bf89aba8226a72a9d0ca75e92b059f32f1e30611f4fda0d2445a4a4b5e1a10836cd324c5b80d5086
CLIENT_TRAFFIC_SECRET_0 3d9cadad1597b90b7582c40c1cffcc743a8175eb77f4c7782b4208a074fba28d c7ce52859c8841b075086a43f032f5b6cf250ac88ca1f8e8e62b38f06a4bbc37587d9c4dd1ede350f7e362e891af3651
SERVER_HANDSHAKE_TRAFFIC_SECRET 3d9cadad1597b90b7582c40c1cffcc743a8175eb77f4c7782b4208a074fba28d 3bfd464dcd44efaa9a3594f26ab34dc27e1b7a6e4f41ba02c7e900fcc5ff1ccf43dfaf54d93779003b0b6dbef8b305ac
CLIENT_HANDSHAKE_TRAFFIC_SECRET 3d9cadad1597b90b7582c40c1cffcc743a8175eb77f4c7782b4208a074fba28d ebb5ec30c4ae84c485f46a7495352788a728dd5aaed066c3d4ce0d734b363cafcba4c0a2fd3f6873ba26559a9ed42d94
SERVER_TRAFFIC_SECRET_0 3d9cadad1597b90b7582c40c1cffcc743a8175eb77f4c7782b4208a074fba28d c94da467772639b54f60d201c10ffbb0dba347273f943a1bb2ff39ab2403dbf7d3188ee564379f036eb45fb37e179c86
CLIENT_TRAFFIC_SECRET_0 3d9cadad1597b90b7582c40c1cffcc743a8175eb77f4c7782b4208a074fba28d c7ce52859c8841b075086a43f032f5b6cf250ac88ca1f8e8e62b38f06a4bbc37587d9c4dd1ede350f7e362e891af3651
CLIENT_TRAFFIC_SECRET_0 3d9cadad1597b90b7582c40c1cffcc743a8175eb77f4c7782b4208a074fba28d c7ce52859c8841b075086a43f032f5b6cf250ac88ca1f8e8e62b38f06a4bbc37587d9c4dd1ede350f7e362e891af3651
SERVER_HANDSHAKE_TRAFFIC_SECRET b2d435066f21da9864d8454ba2f259d37c48a29800df8ac2bd8018aca614d844 537994690b9cdb1d4d8e4dc434136aaa2ec92be97dfc33235694b5c0bd8ec6858e5275f06774df23a793234d309b7e77
CLIENT_HANDSHAKE_TRAFFIC_SECRET b2d435066f21da9864d8454ba2f259d37c48a29800df8ac2bd8018aca614d844 557fe2291ad4c8c306842595337bef82cd5907b3b9e047860d9728eaca7819a3ee56e8b088a7ead9af97dde2f1d3541b
SERVER_TRAFFIC_SECRET_0 b2d435066f21da9864d8454ba2f259d37c48a29800df8ac2bd8018aca614d844 b9f111179016201e0b1cb57947b83fc2d62afef046339b948b3a92c7afb96bd79963b844b018a65a6f5bb385e224a7e9
EXPORTER_SECRET b2d435066f21da9864d8454ba2f259d37c48a29800df8ac2bd8018aca614d844 0bdfe8c18755652edbb4786781be784a249aaed3798f83da4c74673ff1db6d42047c1718656811993cba34116aa78393
CLIENT_TRAFFIC_SECRET_0 b2d435066f21da9864d8454ba2f259d37c48a29800df8ac2bd8018aca614d844 22eb3b03fe02aa47b24aadf4e113b378859d022701faa7a95091cdea183ce2f7a5d76c094ac23e9134a5b7821ed402eb
SERVER_HANDSHAKE_TRAFFIC_SECRET b2d435066f21da9864d8454ba2f259d37c48a29800df8ac2bd8018aca614d844 537994690b9cdb1d4d8e4dc434136aaa2ec92be97dfc33235694b5c0bd8ec6858e5275f06774df23a793234d309b7e77
CLIENT_HANDSHAKE_TRAFFIC_SECRET b2d435066f21da9864d8454ba2f259d37c48a29800df8ac2bd8018aca614d844 557fe2291ad4c8c306842595337bef82cd5907b3b9e047860d9728eaca7819a3ee56e8b088a7ead9af97dde2f1d3541b
SERVER_TRAFFIC_SECRET_0 b2d435066f21da9864d8454ba2f259d37c48a29800df8ac2bd8018aca614d844 b9f111179016201e0b1cb57947b83fc2d62afef046339b948b3a92c7afb96bd79963b844b018a65a6f5bb385e224a7e9
CLIENT_TRAFFIC_SECRET_0 b2d435066f21da9864d8454ba2f259d37c48a29800df8ac2bd8018aca614d844 22eb3b03fe02aa47b24aadf4e113b378859d022701faa7a95091cdea183ce2f7a5d76c094ac23e9134a5b7821ed402eb
CLIENT_TRAFFIC_SECRET_0 b2d435066f21da9864d8454ba2f259d37c48a29800df8ac2bd8018aca614d844 22eb3b03fe02aa47b24aadf4e113b378859d022701faa7a95091cdea183ce2f7a5d76c094ac23e9134a5b7821ed402eb
SERVER_HANDSHAKE_TRAFFIC_SECRET 5b13e9d1df6691db24e282a0bb064a31f98caf05cc5e7cfcdbb392c669414ac7 3d47e8a59ac815affe4a48aa34c25e58d396cd7f9b5096ab37ae94158bd6697658525665209755f848dae225d9de62e5
CLIENT_HANDSHAKE_TRAFFIC_SECRET 5b13e9d1df6691db24e282a0bb064a31f98caf05cc5e7cfcdbb392c669414ac7 a4ad9f63810ddab25026145b2f4ec43355c77c966161b719e0761dcdba24ed79a953a19b582bca3611d2a1c7c511bde3
SERVER_TRAFFIC_SECRET_0 5b13e9d1df6691db24e282a0bb064a31f98caf05cc5e7cfcdbb392c669414ac7 5530b70f04fa88da763fdc0e937a4e5141214eb6f22bfc48b327a0b26eb0f6adfb40115028f9a1a7a5f7798ca34ffc33
EXPORTER_SECRET 5b13e9d1df6691db24e282a0bb064a31f98caf05cc5e7cfcdbb392c669414ac7 0858d57640faa65a3d472e1f46c7abdf524a0a3cf32786de1f11e8b2238bd0119f70e87bda98e776c8e6aba22f5d48eb
CLIENT_TRAFFIC_SECRET_0 5b13e9d1df6691db24e282a0bb064a31f98caf05cc5e7cfcdbb392c669414ac7 a467c9cb9cb6e25ae01aacc4a5d1abeb6f1f918c028d1283d471e37b2b32dc6ac515e2187c1a2dbf5b077b4aebda1a46
SERVER_HANDSHAKE_TRAFFIC_SECRET 5b13e9d1df6691db24e282a0bb064a31f98caf05cc5e7cfcdbb392c669414ac7 3d47e8a59ac815affe4a48aa34c25e58d396cd7f9b5096ab37ae94158bd6697658525665209755f848dae225d9de62e5
CLIENT_HANDSHAKE_TRAFFIC_SECRET 5b13e9d1df6691db24e282a0bb064a31f98caf05cc5e7cfcdbb392c669414ac7 a4ad9f63810ddab25026145b2f4ec43355c77c966161b719e0761dcdba24ed79a953a19b582bca3611d2a1c7c511bde3
SERVER_TRAFFIC_SECRET_0 5b13e9d1df6691db24e282a0bb064a31f98caf05cc5e7cfcdbb392c669414ac7 5530b70f04fa88da763fdc0e937a4e5141214eb6f22bfc48b327a0b26eb0f6adfb40115028f9a1a7a5f7798ca34ffc33
CLIENT_TRAFFIC_SECRET_0 5b13e9d1df6691db24e282a0bb064a31f98caf05cc5e7cfcdbb392c669414ac7 a467c9cb9cb6e25ae01aacc4a5d1abeb6f1f918c028d1283d471e37b2b32dc6ac515e2187c1a2dbf5b077b4aebda1a46
CLIENT_TRAFFIC_SECRET_0 5b13e9d1df6691db24e282a0bb064a31f98caf05cc5e7cfcdbb392c669414ac7 a467c9cb9cb6e25ae01aacc4a5d1abeb6f1f918c028d1283d471e37b2b32dc6ac515e2187c1a2dbf5b077b4aebda1a46
SERVER_HANDSHAKE_TRAFFIC_SECRET 64ea0af3de78f909ac59ee6641a18098935a0acec83cdec19437f04e91703fdd 3f10382637fc742a3f3e4ff5b595aec8f850dae1a1b9ed15318548a8d8fb788d4658b07601a39166877494b6027bffc2
CLIENT_HANDSHAKE_TRAFFIC_SECRET 64ea0af3de78f909ac59ee6641a18098935a0acec83cdec19437f04e91703fdd 0e9feacddcade9b46823f90b911c20ec5ec6e628b57c9ae78524534cff55a9052d64f6286105406bc513bba7c4921fde
SERVER_TRAFFIC_SECRET_0 64ea0af3de78f909ac59ee6641a18098935a0acec83cdec19437f04e91703fdd 1ca5c73367900f734a0358dd4030aa20c2ff3dcbf5ed5ea91d6664697d1ea005c16e88f394f714aa5df23751b72f9915
EXPORTER_SECRET 64ea0af3de78f909ac59ee6641a18098935a0acec83cdec19437f04e91703fdd 3660912c4a5a998ab4f041978280c418c60093f25c6f867bad231d33397beb6d1e8f6e3c570c88fa437f46921553169d
CLIENT_TRAFFIC_SECRET_0 64ea0af3de78f909ac59ee6641a18098935a0acec83cdec19437f04e91703fdd 6162a7969cf3627f367d7a8d9bd1afa3bcbdfa8bf604189616f35b3854b25d1971a775ffa3aff22aafc4f30cc70fcfd8
SERVER_HANDSHAKE_TRAFFIC_SECRET 64ea0af3de78f909ac59ee6641a18098935a0acec83cdec19437f04e91703fdd 3f10382637fc742a3f3e4ff5b595aec8f850dae1a1b9ed15318548a8d8fb788d4658b07601a39166877494b6027bffc2
CLIENT_HANDSHAKE_TRAFFIC_SECRET 64ea0af3de78f909ac59ee6641a18098935a0acec83cdec19437f04e91703fdd 0e9feacddcade9b46823f90b911c20ec5ec6e628b57c9ae78524534cff55a9052d64f6286105406bc513bba7c4921fde
SERVER_TRAFFIC_SECRET_0 64ea0af3de78f909ac59ee6641a18098935a0acec83cdec19437f04e91703fdd 1ca5c73367900f734a0358dd4030aa20c2ff3dcbf5ed5ea91d6664697d1ea005c16e88f394f714aa5df23751b72f9915
CLIENT_TRAFFIC_SECRET_0 64ea0af3de78f909ac59ee6641a18098935a0acec83cdec19437f04e91703fdd 6162a7969cf3627f367d7a8d9bd1afa3bcbdfa8bf604189616f35b3854b25d1971a775ffa3aff22aafc4f30cc70fcfd8
CLIENT_TRAFFIC_SECRET_0 64ea0af3de78f909ac59ee6641a18098935a0acec83cdec19437f04e91703fdd 6162a7969cf3627f367d7a8d9bd1afa3bcbdfa8bf604189616f35b3854b25d1971a775ffa3aff22aafc4f30cc70fcfd8
SERVER_HANDSHAKE_TRAFFIC_SECRET bd575ddfd60d0b7e41ba2ee659e6b536c7086c8efec73297ba445986838d94b6 a70f103da89deea3b5ae1f8e355de98a161e99afcef77c527c89a7d8beec3f2e582bfde4c71a6138859a070e57145112
CLIENT_HANDSHAKE_TRAFFIC_SECRET bd575ddfd60d0b7e41ba2ee659e6b536c7086c8efec73297ba445986838d94b6 d7ea0e1ac69d6c20b951bf06e71a425ce57f831e2efc9c2a53ffd5c1598f040a3fb1ee2c1f82fd18fdc992797da5f8bf
SERVER_TRAFFIC_SECRET_0 bd575ddfd60d0b7e41ba2ee659e6b536c7086c8efec73297ba445986838d94b6 04ce31abc9709146d985231fb6da219e33f6a85743e06407b55602f4a2799613e53c4eb4b2f72a8731ffee0bd99b4801
EXPORTER_SECRET bd575ddfd60d0b7e41ba2ee659e6b536c7086c8efec73297ba445986838d94b6 fc2e5cb62414f6405b945b82eb98d75677df829ea8985c18480349eeb71c9f55417d02d82e77c3e2fd2ef31fc717425e
CLIENT_TRAFFIC_SECRET_0 bd575ddfd60d0b7e41ba2ee659e6b536c7086c8efec73297ba445986838d94b6 3c7d9581dd053625bbf36b966d6536d9cd96ed9d26648f8850fc2080a4dd4f44702ab7d920d58bf94ecfe51c9122aa90
SERVER_HANDSHAKE_TRAFFIC_SECRET bd575ddfd60d0b7e41ba2ee659e6b536c7086c8efec73297ba445986838d94b6 a70f103da89deea3b5ae1f8e355de98a161e99afcef77c527c89a7d8beec3f2e582bfde4c71a6138859a070e57145112
CLIENT_HANDSHAKE_TRAFFIC_SECRET bd575ddfd60d0b7e41ba2ee659e6b536c7086c8efec73297ba445986838d94b6 d7ea0e1ac69d6c20b951bf06e71a425ce57f831e2efc9c2a53ffd5c1598f040a3fb1ee2c1f82fd18fdc992797da5f8bf
SERVER_TRAFFIC_SECRET_0 bd575ddfd60d0b7e41ba2ee659e6b536c7086c8efec73297ba445986838d94b6 04ce31abc9709146d985231fb6da219e33f6a85743e06407b55602f4a2799613e53c4eb4b2f72a8731ffee0bd99b4801
CLIENT_TRAFFIC_SECRET_0 bd575ddfd60d0b7e41ba2ee659e6b536c7086c8efec73297ba445986838d94b6 3c7d9581dd053625bbf36b966d6536d9cd96ed9d26648f8850fc2080a4dd4f44702ab7d920d58bf94ecfe51c9122aa90
CLIENT_TRAFFIC_SECRET_0 bd575ddfd60d0b7e41ba2ee659e6b536c7086c8efec73297ba445986838d94b6 3c7d9581dd053625bbf36b966d6536d9cd96ed9d26648f8850fc2080a4dd4f44702ab7d920d58bf94ecfe51c9122aa90
SERVER_HANDSHAKE_TRAFFIC_SECRET b3b3b1f016c24ae54a4fcf982ec84618d22497f9cfea87e4ffabb552dd8e5f73 881cf75e477516c41f55bec72cb455de2010299884f41cd8d15ebc57805270a6bf7b10cb272a453773455497a35356b1
CLIENT_HANDSHAKE_TRAFFIC_SECRET b3b3b1f016c24ae54a4fcf982ec84618d22497f9cfea87e4ffabb552dd8e5f73 4618bb86c691e7658e2a3fa1556a1ce33a57fb8cd90e195ea07c4029437e2e740d1e67a5d817b15448f91159d317ba39
SERVER_TRAFFIC_SECRET_0 b3b3b1f016c24ae54a4fcf982ec84618d22497f9cfea87e4ffabb552dd8e5f73 ee0165b19526951c24c59b72f80d612a1eca121bfd9eb1a25e5d73c06c7a16fdf172b82ed1be6045d9002533cb5d89ec
EXPORTER_SECRET b3b3b1f016c24ae54a4fcf982ec84618d22497f9cfea87e4ffabb552dd8e5f73 54964222e6aa337980722cb2418031690de2d44c0d6088e3d2c4d9afd4dc5ca62c583c5016c20c37b5e98a697aaffa9f
CLIENT_TRAFFIC_SECRET_0 b3b3b1f016c24ae54a4fcf982ec84618d22497f9cfea87e4ffabb552dd8e5f73 d388a5dcddc6c6274eb5b96ebccb5e373bb253b630d8bb2ca8a7c44b15da93478f7548227a1e2f4300ee3228a532ee2c
SERVER_HANDSHAKE_TRAFFIC_SECRET b3b3b1f016c24ae54a4fcf982ec84618d22497f9cfea87e4ffabb552dd8e5f73 881cf75e477516c41f55bec72cb455de2010299884f41cd8d15ebc57805270a6bf7b10cb272a453773455497a35356b1
CLIENT_HANDSHAKE_TRAFFIC_SECRET b3b3b1f016c24ae54a4fcf982ec84618d22497f9cfea87e4ffabb552dd8e5f73 4618bb86c691e7658e2a3fa1556a1ce33a57fb8cd90e195ea07c4029437e2e740d1e67a5d817b15448f91159d317ba39
SERVER_TRAFFIC_SECRET_0 b3b3b1f016c24ae54a4fcf982ec84618d22497f9cfea87e4ffabb552dd8e5f73 ee0165b19526951c24c59b72f80d612a1eca121bfd9eb1a25e5d73c06c7a16fdf172b82ed1be6045d9002533cb5d89ec
CLIENT_TRAFFIC_SECRET_0 b3b3b1f016c24ae54a4fcf982ec84618d22497f9cfea87e4ffabb552dd8e5f73 d388a5dcddc6c6274eb5b96ebccb5e373bb253b630d8bb2ca8a7c44b15da93478f7548227a1e2f4300ee3228a532ee2c
CLIENT_TRAFFIC_SECRET_0 b3b3b1f016c24ae54a4fcf982ec84618d22497f9cfea87e4ffabb552dd8e5f73 d388a5dcddc6c6274eb5b96ebccb5e373bb253b630d8bb2ca8a7c44b15da93478f7548227a1e2f4300ee3228a532ee2c
SERVER_HANDSHAKE_TRAFFIC_SECRET 46d9150fcc94e1a1d38c44057bdfa2c72908036f5b40a333bde6bd8459ee8dd2 74e0c1ed47664f803d5fb880fec6100a50be3afbe789fd6c05198e2fedf2cce63d639902e02741cb663f718b74b2423f
CLIENT_HANDSHAKE_TRAFFIC_SECRET 46d9150fcc94e1a1d38c44057bdfa2c72908036f5b40a333bde6bd8459ee8dd2 69b5d084727ef6d7da1752e9e80543341562e0a47fe205f2204c9ad9477ac967194d7f9f9971d908ba62f76984269241
SERVER_TRAFFIC_SECRET_0 46d9150fcc94e1a1d38c44057bdfa2c72908036f5b40a333bde6bd8459ee8dd2 03c4952357002af3abe2b51909c870c0145ae079ec3af1158afdc9f5105114b34aa5807dbd28abef596f04d83043eeac
EXPORTER_SECRET 46d9150fcc94e1a1d38c44057bdfa2c72908036f5b40a333bde6bd8459ee8dd2 60cad0f995ee642888c977cf128691b64741c7f98b8035a8ab5e7f09ccbd2767c234e086e848ccf1827f5a994f70fb13
CLIENT_TRAFFIC_SECRET_0 46d9150fcc94e1a1d38c44057bdfa2c72908036f5b40a333bde6bd8459ee8dd2 bb9cf84a0c9c94dd62e898d4be66916e4d9db4575d27881aa7c63e93d237d030c8977a45122093798f089937f991eb62
SERVER_HANDSHAKE_TRAFFIC_SECRET 46d9150fcc94e1a1d38c44057bdfa2c72908036f5b40a333bde6bd8459ee8dd2 74e0c1ed47664f803d5fb880fec6100a50be3afbe789fd6c05198e2fedf2cce63d639902e02741cb663f718b74b2423f
CLIENT_HANDSHAKE_TRAFFIC_SECRET 46d9150fcc94e1a1d38c44057bdfa2c72908036f5b40a333bde6bd8459ee8dd2 69b5d084727ef6d7da1752e9e80543341562e0a47fe205f2204c9ad9477ac967194d7f9f9971d908ba62f76984269241
SERVER_TRAFFIC_SECRET_0 46d9150fcc94e1a1d38c44057bdfa2c72908036f5b40a333bde6bd8459ee8dd2 03c4952357002af3abe2b51909c870c0145ae079ec3af1158afdc9f5105114b34aa5807dbd28abef596f04d83043eeac
CLIENT_TRAFFIC_SECRET_0 46d9150fcc94e1a1d38c44057bdfa2c72908036f5b40a333bde6bd8459ee8dd2 bb9cf84a0c9c94dd62e898d4be66916e4d9db4575d27881aa7c63e93d237d030c8977a45122093798f089937f991eb62
CLIENT_TRAFFIC_SECRET_0 46d9150fcc94e1a1d38c44057bdfa2c72908036f5b40a333bde6bd8459ee8dd2 bb9cf84a0c9c94dd62e898d4be66916e4d9db4575d27881aa7c63e93d237d030c8977a45122093798f089937f991eb62
SERVER_HANDSHAKE_TRAFFIC_SECRET e5e71d34a0f334bd33e332329e8d0714ccf7637c1c7f1ba4cd2665215584a5b9 e977bffcab42bbc8ba7e74e0c7adb0a4799597647f6bf2321c8c3eb41bc1436c5c3e60865d016fd7b3cb3c4fb2699bd9
CLIENT_HANDSHAKE_TRAFFIC_SECRET e5e71d34a0f334bd33e332329e8d0714ccf7637c1c7f1ba4cd2665215584a5b9 600ce5bb29c8cbad8490e509f6262b698d1b911b22083780e0038090613a4e0f52f922cd56dd5875de0eeba92f8e733e
SERVER_TRAFFIC_SECRET_0 e5e71d34a0f334bd33e332329e8d0714ccf7637c1c7f1ba4cd2665215584a5b9 9bcb2b992625ac4852e48ebb6c38af623ff3f9bb5eb712b0ee9e50c50b6eafb68146e8e93c8f7c884a0dfa2bd84d4d41
EXPORTER_SECRET e5e71d34a0f334bd33e332329e8d0714ccf7637c1c7f1ba4cd2665215584a5b9 af9f0a28f410d4d95d8af8047c7afd4307f01502ec7d032ee534f291aff77a15b401bed39c88cfbbe6d1965cec90ded2
CLIENT_TRAFFIC_SECRET_0 e5e71d34a0f334bd33e332329e8d0714ccf7637c1c7f1ba4cd2665215584a5b9 cda3da6514c3e389740bab2e10bc3d29b0cc98d21b7d98f80ab568d510b8a8e0210b39f9efd8dacbf6a13912238e95d9
SERVER_HANDSHAKE_TRAFFIC_SECRET e5e71d34a0f334bd33e332329e8d0714ccf7637c1c7f1ba4cd2665215584a5b9 e977bffcab42bbc8ba7e74e0c7adb0a4799597647f6bf2321c8c3eb41bc1436c5c3e60865d016fd7b3cb3c4fb2699bd9
CLIENT_HANDSHAKE_TRAFFIC_SECRET e5e71d34a0f334bd33e332329e8d0714ccf7637c1c7f1ba4cd2665215584a5b9 600ce5bb29c8cbad8490e509f6262b698d1b911b22083780e0038090613a4e0f52f922cd56dd5875de0eeba92f8e733e
SERVER_TRAFFIC_SECRET_0 e5e71d34a0f334bd33e332329e8d0714ccf7637c1c7f1ba4cd2665215584a5b9 9bcb2b992625ac4852e48ebb6c38af623ff3f9bb5eb712b0ee9e50c50b6eafb68146e8e93c8f7c884a0dfa2bd84d4d41
CLIENT_TRAFFIC_SECRET_0 e5e71d34a0f334bd33e332329e8d0714ccf7637c1c7f1ba4cd2665215584a5b9 cda3da6514c3e389740bab2e10bc3d29b0cc98d21b7d98f80ab568d510b8a8e0210b39f9efd8dacbf6a13912238e95d9
CLIENT_TRAFFIC_SECRET_0 e5e71d34a0f334bd33e332329e8d0714ccf7637c1c7f1ba4cd2665215584a5b9 cda3da6514c3e389740bab2e10bc3d29b0cc98d21b7d98f80ab568d510b8a8e0210b39f9efd8dacbf6a13912238e95d9
SERVER_HANDSHAKE_TRAFFIC_SECRET e9d7142f0daea661929975b2dcaa3247cd3c30b6424231e0f5dc34f8f1f90a9d da36565b3fcfbea7bff88e8ceb84d8f6da9df5070422ab5c1b1210e6ffe0992740c0bb5b4268828a0213099b02820236
CLIENT_HANDSHAKE_TRAFFIC_SECRET e9d7142f0daea661929975b2dcaa3247cd3c30b6424231e0f5dc34f8f1f90a9d 0ce822d8f4bdb33c60198a70d5c97beef48e9b9847d1ceb43d0d0088ccc23c056193b91d598cef7f6d0f99c9a35ace86
SERVER_TRAFFIC_SECRET_0 e9d7142f0daea661929975b2dcaa3247cd3c30b6424231e0f5dc34f8f1f90a9d f6eadfc19b2e0fb4ccb68e68dcb4d9f93021ae627eedf915477f18b621fd3eb32bf405284c74d0b54ebcd32365d0dc31
EXPORTER_SECRET e9d7142f0daea661929975b2dcaa3247cd3c30b6424231e0f5dc34f8f1f90a9d 1df0c937101727570bf82ceffba463243611a0a49301bcb7593abcafa36173b8bd07d4b3147eaf090c02e0142a849e60
CLIENT_TRAFFIC_SECRET_0 e9d7142f0daea661929975b2dcaa3247cd3c30b6424231e0f5dc34f8f1f90a9d 43db84564d01f1b12b18b3c6c65904d3d60a3398afe617b04ebd0acad23748d053c6ccba77034d73f63989aa95a05c57
SERVER_HANDSHAKE_TRAFFIC_SECRET e9d7142f0daea661929975b2dcaa3247cd3c30b6424231e0f5dc34f8f1f90a9d da36565b3fcfbea7bff88e8ceb84d8f6da9df5070422ab5c1b1210e6ffe0992740c0bb5b4268828a0213099b02820236
CLIENT_HANDSHAKE_TRAFFIC_SECRET e9d7142f0daea661929975b2dcaa3247cd3c30b6424231e0f5dc34f8f1f90a9d 0ce822d8f4bdb33c60198a70d5c97beef48e9b9847d1ceb43d0d0088ccc23c056193b91d598cef7f6d0f99c9a35ace86
SERVER_TRAFFIC_SECRET_0 e9d7142f0daea661929975b2dcaa3247cd3c30b6424231e0f5dc34f8f1f90a9d f6eadfc19b2e0fb4ccb68e68dcb4d9f93021ae627eedf915477f18b621fd3eb32bf405284c74d0b54ebcd32365d0dc31
CLIENT_TRAFFIC_SECRET_0 e9d7142f0daea661929975b2dcaa3247cd3c30b6424231e0f5dc34f8f1f90a9d 43db84564d01f1b12b18b3c6c65904d3d60a3398afe617b04ebd0acad23748d053c6ccba77034d73f63989aa95a05c57
CLIENT_TRAFFIC_SECRET_0 e9d7142f0daea661929975b2dcaa3247cd3c30b6424231e0f5dc34f8f1f90a9d 43db84564d01f1b12b18b3c6c65904d3d60a3398afe617b04ebd0acad23748d053c6ccba77034d73f63989aa95a05c57
SERVER_HANDSHAKE_TRAFFIC_SECRET b05b516c5b1a2dec784c1b038ee047db429477aea9677400f3acd8cb97cb846b 2268fc384b05e6c9b6b3f7538138dd59a7bf15aa185e59f5df05223cbb791699abf3a332565e0d7da37607512b215e5a
CLIENT_HANDSHAKE_TRAFFIC_SECRET b05b516c5b1a2dec784c1b038ee047db429477aea9677400f3acd8cb97cb846b 520f7d4a200d2be25d7e032f5481625325973d0e51081e9d5ce9c3fc85a8eedd3f8bdccd553869b554c26180bec87d1f
SERVER_TRAFFIC_SECRET_0 b05b516c5b1a2dec784c1b038ee047db429477aea9677400f3acd8cb97cb846b ad1c543e4b1233043d5b0ea05744837b5ea1b1d5044872ebd619abf44969e12ad3db97a0f20b9e24e342c44926d7496c
EXPORTER_SECRET b05b516c5b1a2dec784c1b038ee047db429477aea9677400f3acd8cb97cb846b 5fa36613fec3905a91a24c7c4c18d625fe7370bf2e032f9edcd522397f35ae3836769993018ef79c35ff2eff57d79b04
CLIENT_TRAFFIC_SECRET_0 b05b516c5b1a2dec784c1b038ee047db429477aea9677400f3acd8cb97cb846b 0b07fc11c1e2240a721d86717858b4e828fecfd31445eb7aadd875c5ea694e9ea7412068eb3cf72af237bfcad4ca4cc0
SERVER_HANDSHAKE_TRAFFIC_SECRET b05b516c5b1a2dec784c1b038ee047db429477aea9677400f3acd8cb97cb846b 2268fc384b05e6c9b6b3f7538138dd59a7bf15aa185e59f5df05223cbb791699abf3a332565e0d7da37607512b215e5a
CLIENT_HANDSHAKE_TRAFFIC_SECRET b05b516c5b1a2dec784c1b038ee047db429477aea9677400f3acd8cb97cb846b 520f7d4a200d2be25d7e032f5481625325973d0e51081e9d5ce9c3fc85a8eedd3f8bdccd553869b554c26180bec87d1f
SERVER_TRAFFIC_SECRET_0 b05b516c5b1a2dec784c1b038ee047db429477aea9677400f3acd8cb97cb846b ad1c543e4b1233043d5b0ea05744837b5ea1b1d5044872ebd619abf44969e12ad3db97a0f20b9e24e342c44926d7496c
CLIENT_TRAFFIC_SECRET_0 b05b516c5b1a2dec784c1b038ee047db429477aea9677400f3acd8cb97cb846b 0b07fc11c1e2240a721d86717858b4e828fecfd31445eb7aadd875c5ea694e9ea7412068eb3cf72af237bfcad4ca4cc0
CLIENT_TRAFFIC_SECRET_0 b05b516c5b1a2dec784c1b038ee047db429477aea9677400f3acd8cb97cb846b 0b07fc11c1e2240a721d86717858b4e828fecfd31445eb7aadd875c5ea694e9ea7412068eb3cf72af237bfcad4ca4cc0
SERVER_HANDSHAKE_TRAFFIC_SECRET 2a8258321f304b19ae4010435b4b62cb99e83b6723b1c0344d10ccf3d8379d60 28f84016f8e1faf23db3a48ce07eeaeb31cf122fbbb0fe16eeeaeb57b884ed90eb779fbb07a1e385d3200caeddcf1571
CLIENT_HANDSHAKE_TRAFFIC_SECRET 2a8258321f304b19ae4010435b4b62cb99e83b6723b1c0344d10ccf3d8379d60 b8bba1e582f75edb634b8b0f0c2dd8aad5f22b12705f5947193d062f2ba182ecb6887a9855bb47cb2ff9c2b4fd1adaa2
SERVER_TRAFFIC_SECRET_0 2a8258321f304b19ae4010435b4b62cb99e83b6723b1c0344d10ccf3d8379d60 539241c664421c73f53e58d179c148466ef75e255fdff4ffe8dd273156109053d873c0cd60fa33d28cab62d294508d85
EXPORTER_SECRET 2a8258321f304b19ae4010435b4b62cb99e83b6723b1c0344d10ccf3d8379d60 dfc18c25dd76cec3c81546938945752f645bb4cc140c10dc5883850c50a280717aff1dcab90b0492ab94137f16acb3ac
CLIENT_TRAFFIC_SECRET_0 2a8258321f304b19ae4010435b4b62cb99e83b6723b1c0344d10ccf3d8379d60 6a4ebd8e7f6cd4d86e249681e35b88f98f0137d9cc43eaa0e0f8de07fc00505d4d1cd749821c82994457a9d62b9f577e
SERVER_HANDSHAKE_TRAFFIC_SECRET 2a8258321f304b19ae4010435b4b62cb99e83b6723b1c0344d10ccf3d8379d60 28f84016f8e1faf23db3a48ce07eeaeb31cf122fbbb0fe16eeeaeb57b884ed90eb779fbb07a1e385d3200caeddcf1571
CLIENT_HANDSHAKE_TRAFFIC_SECRET 2a8258321f304b19ae4010435b4b62cb99e83b6723b1c0344d10ccf3d8379d60 b8bba1e582f75edb634b8b0f0c2dd8aad5f22b12705f5947193d062f2ba182ecb6887a9855bb47cb2ff9c2b4fd1adaa2
SERVER_TRAFFIC_SECRET_0 2a8258321f304b19ae4010435b4b62cb99e83b6723b1c0344d10ccf3d8379d60 539241c664421c73f53e58d179c148466ef75e255fdff4ffe8dd273156109053d873c0cd60fa33d28cab62d294508d85
CLIENT_TRAFFIC_SECRET_0 2a8258321f304b19ae4010435b4b62cb99e83b6723b1c0344d10ccf3d8379d60 6a4ebd8e7f6cd4d86e249681e35b88f98f0137d9cc43eaa0e0f8de07fc00505d4d1cd749821c82994457a9d62b9f577e
CLIENT_TRAFFIC_SECRET_0 2a8258321f304b19ae4010435b4b62cb99e83b6723b1c0344d10ccf3d8379d60 6a4ebd8e7f6cd4d86e249681e35b88f98f0137d9cc43eaa0e0f8de07fc00505d4d1cd749821c82994457a9d62b9f577e
SERVER_HANDSHAKE_TRAFFIC_SECRET 60cd225cc88620966298b5d5fe7eb96fe5e78c41a65251fce6e995267929660c ed1804540c386a03f21608ce90eb198c9935dce96a1bc3a7970dd33cb71dd9661122357e1ebe8bc9fa5e8c9b2763296a
CLIENT_HANDSHAKE_TRAFFIC_SECRET 60cd225cc88620966298b5d5fe7eb96fe5e78c41a65251fce6e995267929660c bc14078986f2a68813003dce7450bb73b75b2cfb77f890d0d60665902315c115411c5531e7a9464a4b87c8eb14c5421a
SERVER_TRAFFIC_SECRET_0 60cd225cc88620966298b5d5fe7eb96fe5e78c41a65251fce6e995267929660c 650e751ae8969cfc28b25d6fdfb7e471d52e4b871dc3b20f30d2e9f0bf0ed418c1e84467bce953920356d8733163fbef
EXPORTER_SECRET 60cd225cc88620966298b5d5fe7eb96fe5e78c41a65251fce6e995267929660c 1d3e10d4e986b44661e90b30a6e4a756fe687079f1b3e26a0986c0f8622704f9b33860bbeb2c3dfb811f2ab629b7b941
CLIENT_TRAFFIC_SECRET_0 60cd225cc88620966298b5d5fe7eb96fe5e78c41a65251fce6e995267929660c 357a1794d469715c0924639e2f08b400beabe394876b17e8b0f3642b7154eed7aaf39cd58abbe52f9c6dbbf2f83282c5
SERVER_HANDSHAKE_TRAFFIC_SECRET 60cd225cc88620966298b5d5fe7eb96fe5e78c41a65251fce6e995267929660c ed1804540c386a03f21608ce90eb198c9935dce96a1bc3a7970dd33cb71dd9661122357e1ebe8bc9fa5e8c9b2763296a
CLIENT_HANDSHAKE_TRAFFIC_SECRET 60cd225cc88620966298b5d5fe7eb96fe5e78c41a65251fce6e995267929660c bc14078986f2a68813003dce7450bb73b75b2cfb77f890d0d60665902315c115411c5531e7a9464a4b87c8eb14c5421a
SERVER_TRAFFIC_SECRET_0 60cd225cc88620966298b5d5fe7eb96fe5e78c41a65251fce6e995267929660c 650e751ae8969cfc28b25d6fdfb7e471d52e4b871dc3b20f30d2e9f0bf0ed418c1e84467bce953920356d8733163fbef
CLIENT_TRAFFIC_SECRET_0 60cd225cc88620966298b5d5fe7eb96fe5e78c41a65251fce6e995267929660c 357a1794d469715c0924639e2f08b400beabe394876b17e8b0f3642b7154eed7aaf39cd58abbe52f9c6dbbf2f83282c5
CLIENT_TRAFFIC_SECRET_0 60cd225cc88620966298b5d5fe7eb96fe5e78c41a65251fce6e995267929660c 357a1794d469715c0924639e2f08b400beabe394876b17e8b0f3642b7154eed7aaf39cd58abbe52f9c6dbbf2f83282c5
SERVER_HANDSHAKE_TRAFFIC_SECRET db09a403b6231b8d32136397884042394cc64b270b0e2b40bb77cc9203031be5 df6ebfb4a64394aed9ee6e740f817315c8f0ac2c450e60ed74ea6dcbf8a83976eef29b1b04c7659ed2691216f294fb9e
CLIENT_HANDSHAKE_TRAFFIC_SECRET db09a403b6231b8d32136397884042394cc64b270b0e2b40bb77cc9203031be5 3c210e38dac8ea0106a78d2f2a9a50419fdd65c90d62fcb6464111ee5670e7d88b7883ae97d66048cb18669ad63b350e
SERVER_TRAFFIC_SECRET_0 db09a403b6231b8d32136397884042394cc64b270b0e2b40bb77cc9203031be5 2602e8ac83af3401e2c975d123ff0cf2e9adbd916f926397ab34f94cd1983c8e2ceb6d525f972ce9351a08eb80cd99be
EXPORTER_SECRET db09a403b6231b8d32136397884042394cc64b270b0e2b40bb77cc9203031be5 7283d720f1bc0557e68d2aa3797eb82d76cd5c3319b73570e28090d1ff7b8c8dcbdc6d4cb5e59e1bd5243bf293f28e86
CLIENT_TRAFFIC_SECRET_0 db09a403b6231b8d32136397884042394cc64b270b0e2b40bb77cc9203031be5 c7bfb5f98b51a5e41e05605553e7c36070172491fe6bbe1f20b96290a594d85efc97eb4223b00288310750eaa75162b6
SERVER_HANDSHAKE_TRAFFIC_SECRET db09a403b6231b8d32136397884042394cc64b270b0e2b40bb77cc9203031be5 df6ebfb4a64394aed9ee6e740f817315c8f0ac2c450e60ed74ea6dcbf8a83976eef29b1b04c7659ed2691216f294fb9e
CLIENT_HANDSHAKE_TRAFFIC_SECRET db09a403b6231b8d32136397884042394cc64b270b0e2b40bb77cc9203031be5 3c210e38dac8ea0106a78d2f2a9a50419fdd65c90d62fcb6464111ee5670e7d88b7883ae97d66048cb18669ad63b350e
SERVER_TRAFFIC_SECRET_0 db09a403b6231b8d32136397884042394cc64b270b0e2b40bb77cc9203031be5 2602e8ac83af3401e2c975d123ff0cf2e9adbd916f926397ab34f94cd1983c8e2ceb6d525f972ce9351a08eb80cd99be
CLIENT_TRAFFIC_SECRET_0 db09a403b6231b8d32136397884042394cc64b270b0e2b40bb77cc9203031be5 c7bfb5f98b51a5e41e05605553e7c36070172491fe6bbe1f20b96290a594d85efc97eb4223b00288310750eaa75162b6
CLIENT_TRAFFIC_SECRET_0 db09a403b6231b8d32136397884042394cc64b270b0e2b40bb77cc9203031be5 c7bfb5f98b51a5e41e05605553e7c36070172491fe6bbe1f20b96290a594d85efc97eb4223b00288310750eaa75162b6
SERVER_HANDSHAKE_TRAFFIC_SECRET 4fca9c12e5c28d75a4aa74e094ea7e1f29659aba0a05d988ad19526e019a37ea 25ff496a279b9701e54028378eb63044dc97bb3d5a987d61e40809e8681165a3692ab8ed1962bd5241973f89a2faf6d0
CLIENT_HANDSHAKE_TRAFFIC_SECRET 4fca9c12e5c28d75a4aa74e094ea7e1f29659aba0a05d988ad19526e019a37ea 2e63c7505500e60d0bbd31246464576828ae92b301c2d25471f0e564bbd2617a0ee71c6f3a4cc5aa5a060a1bf795ae0d
SERVER_TRAFFIC_SECRET_0 4fca9c12e5c28d75a4aa74e094ea7e1f29659aba0a05d988ad19526e019a37ea 574578c765f56862c1a8bb3e4fa1175109ce20d490d8564a94c3dbcaac49d9e47dbe53bb4e12fa6085bb0b3784f5df76
EXPORTER_SECRET 4fca9c12e5c28d75a4aa74e094ea7e1f29659aba0a05d988ad19526e019a37ea 6d0bb7b0da0352746588083c7d3ce321767bc8145ac495afe88528b861739e755a071298b654c4a5cf77ac74904cd6cb
CLIENT_TRAFFIC_SECRET_0 4fca9c12e5c28d75a4aa74e094ea7e1f29659aba0a05d988ad19526e019a37ea 55b8ce87637510ac102349fc5898ad9d11e3f55066811dc185e7ea8223c2697a3f615c02ce874279df6af9011d8f14b9
SERVER_HANDSHAKE_TRAFFIC_SECRET 4fca9c12e5c28d75a4aa74e094ea7e1f29659aba0a05d988ad19526e019a37ea 25ff496a279b9701e54028378eb63044dc97bb3d5a987d61e40809e8681165a3692ab8ed1962bd5241973f89a2faf6d0
CLIENT_HANDSHAKE_TRAFFIC_SECRET 4fca9c12e5c28d75a4aa74e094ea7e1f29659aba0a05d988ad19526e019a37ea 2e63c7505500e60d0bbd31246464576828ae92b301c2d25471f0e564bbd2617a0ee71c6f3a4cc5aa5a060a1bf795ae0d
SERVER_TRAFFIC_SECRET_0 4fca9c12e5c28d75a4aa74e094ea7e1f29659aba0a05d988ad19526e019a37ea 574578c765f56862c1a8bb3e4fa1175109ce20d490d8564a94c3dbcaac49d9e47dbe53bb4e12fa6085bb0b3784f5df76
CLIENT_TRAFFIC_SECRET_0 4fca9c12e5c28d75a4aa74e094ea7e1f29659aba0a05d988ad19526e019a37ea 55b8ce87637510ac102349fc5898ad9d11e3f55066811dc185e7ea8223c2697a3f615c02ce874279df6af9011d8f14b9
CLIENT_TRAFFIC_SECRET_0 4fca9c12e5c28d75a4aa74e094ea7e1f29659aba0a05d988ad19526e019a37ea 55b8ce87637510ac102349fc5898ad9d11e3f55066811dc185e7ea8223c2697a3f615c02ce874279df6af9011d8f14b9
SERVER_HANDSHAKE_TRAFFIC_SECRET 7c40791db79836a52b893580ffb93a358405d52e093a63875b288edb7fad160c 43ecb70ad933e558f5799ab28d85d40fd9b00f717a300ea4aca4377319dc0d8224cb3c2ebb00ca238291b038e707e149
CLIENT_HANDSHAKE_TRAFFIC_SECRET 7c40791db79836a52b893580ffb93a358405d52e093a63875b288edb7fad160c d96af6f9ee9e078091949c5e5b5a60961ca74442310b1b3911393a03852b71a317e3304bde7c64c2b96a7a8590f68f54
SERVER_TRAFFIC_SECRET_0 7c40791db79836a52b893580ffb93a358405d52e093a63875b288edb7fad160c 65dd4fb15ba117365e633176b544de2c3aeb4881cf57614929299b335a5f1fec33489db8357d71b99d76dc0ec923e02e
EXPORTER_SECRET 7c40791db79836a52b893580ffb93a358405d52e093a63875b288edb7fad160c 352e91f092ed8cc1b416c180a1c0f73142877618fed8a28d5431c47f729d563bf52b5aa712a8e180dc2c9d0ae01e4919
CLIENT_TRAFFIC_SECRET_0 7c40791db79836a52b893580ffb93a358405d52e093a63875b288edb7fad160c 7e92fc76a96a5bad65841a7ff2d7ed0ba0db2a7d520551fb7b37ddb335b14e7638a9b9318893d80b918b4a3efebc7fb0
SERVER_HANDSHAKE_TRAFFIC_SECRET 7c40791db79836a52b893580ffb93a358405d52e093a63875b288edb7fad160c 43ecb70ad933e558f5799ab28d85d40fd9b00f717a300ea4aca4377319dc0d8224cb3c2ebb00ca238291b038e707e149
CLIENT_HANDSHAKE_TRAFFIC_SECRET 7c40791db79836a52b893580ffb93a358405d52e093a63875b288edb7fad160c d96af6f9ee9e078091949c5e5b5a60961ca74442310b1b3911393a03852b71a317e3304bde7c64c2b96a7a8590f68f54
SERVER_TRAFFIC_SECRET_0 7c40791db79836a52b893580ffb93a358405d52e093a63875b288edb7fad160c 65dd4fb15ba117365e633176b544de2c3aeb4881cf57614929299b335a5f1fec33489db8357d71b99d76dc0ec923e02e
CLIENT_TRAFFIC_SECRET_0 7c40791db79836a52b893580ffb93a358405d52e093a63875b288edb7fad160c 7e92fc76a96a5bad65841a7ff2d7ed0ba0db2a7d520551fb7b37ddb335b14e7638a9b9318893d80b918b4a3efebc7fb0
CLIENT_TRAFFIC_SECRET_0 7c40791db79836a52b893580ffb93a358405d52e093a63875b288edb7fad160c 7e92fc76a96a5bad65841a7ff2d7ed0ba0db2a7d520551fb7b37ddb335b14e7638a9b9318893d80b918b4a3efebc7fb0
SERVER_HANDSHAKE_TRAFFIC_SECRET 9105bbd9e37b7264c7195f73fd760c501577c45366586c05689c93ed4a3dadee e27889dbd5b05cde17424c7ec287d6ef5697ff6d327bbd8d779f5a49150c0a6b74dfc5369b9f40372f3fedf0b562d78b
CLIENT_HANDSHAKE_TRAFFIC_SECRET 9105bbd9e37b7264c7195f73fd760c501577c45366586c05689c93ed4a3dadee f23c639a91194c655744b162bd06b0ba5e1d53929ce57ec2970c5671b784eedabfabce538b00385c3932fee48d6afa31
SERVER_TRAFFIC_SECRET_0 9105bbd9e37b7264c7195f73fd760c501577c45366586c05689c93ed4a3dadee 52c0bbed1e492a795300d63e6e4b7e6767f0e922a7aa9b5942e710d3bb2b99f4e740be6501fee15a091d203f51b20623
EXPORTER_SECRET 9105bbd9e37b7264c7195f73fd760c501577c45366586c05689c93ed4a3dadee bacbf47bd39f70485223156309976a34d066b7b19e08753dfaeae934bd3a432f7551204e339a39f591a656ea12709797
CLIENT_TRAFFIC_SECRET_0 9105bbd9e37b7264c7195f73fd760c501577c45366586c05689c93ed4a3dadee 22a0076fd38133fe0dc4f270205e5239629b18103dfec1307656c8804e9b47982a2f9381f557260492f43ea8d55281d1
SERVER_HANDSHAKE_TRAFFIC_SECRET 9105bbd9e37b7264c7195f73fd760c501577c45366586c05689c93ed4a3dadee e27889dbd5b05cde17424c7ec287d6ef5697ff6d327bbd8d779f5a49150c0a6b74dfc5369b9f40372f3fedf0b562d78b
CLIENT_HANDSHAKE_TRAFFIC_SECRET 9105bbd9e37b7264c7195f73fd760c501577c45366586c05689c93ed4a3dadee f23c639a91194c655744b162bd06b0ba5e1d53929ce57ec2970c5671b784eedabfabce538b00385c3932fee48d6afa31
SERVER_TRAFFIC_SECRET_0 9105bbd9e37b7264c7195f73fd760c501577c45366586c05689c93ed4a3dadee 52c0bbed1e492a795300d63e6e4b7e6767f0e922a7aa9b5942e710d3bb2b99f4e740be6501fee15a091d203f51b20623
CLIENT_TRAFFIC_SECRET_0 9105bbd9e37b7264c7195f73fd760c501577c45366586c05689c93ed4a3dadee 22a0076fd38133fe0dc4f270205e5239629b18103dfec1307656c8804e9b47982a2f9381f557260492f43ea8d55281d1
CLIENT_TRAFFIC_SECRET_0 9105bbd9e37b7264c7195f73fd760c501577c45366586c05689c93ed4a3dadee 22a0076fd38133fe0dc4f270205e5239629b18103dfec1307656c8804e9b47982a2f9381f557260492f43ea8d55281d1
SERVER_HANDSHAKE_TRAFFIC_SECRET 6a78fc090eed2b96f67cda88557828a447756ead0f913b3c5c167918a0f2253e 81d0272a7bbf9876a6327ee50e61fa8626e76adca4ef8d032e5d8290b5b78ae7f49e91b2e033b3a4e56821f386672e0d
CLIENT_HANDSHAKE_TRAFFIC_SECRET 6a78fc090eed2b96f67cda88557828a447756ead0f913b3c5c167918a0f2253e 1449191083d890f841ae43b0c4fb539648dee402f6c5bb1d2347c1a602ead9c7c2ac4cf33375bc03e8cecc0c742efa1a
SERVER_TRAFFIC_SECRET_0 6a78fc090eed2b96f67cda88557828a447756ead0f913b3c5c167918a0f2253e 7705cecf43a1993ebe372e41a3d1bc2f07cd44808c40c933a808310a1abb84325ce05f92839a0d4a9c76b66b7fc8eef8
EXPORTER_SECRET 6a78fc090eed2b96f67cda88557828a447756ead0f913b3c5c167918a0f2253e deae1516295adf75e819dc2edeaee14531bfaf0b4d9f0a7a0723d888bf3f822758197eb4dd0c160272df5bffdba830d0
CLIENT_TRAFFIC_SECRET_0 6a78fc090eed2b96f67cda88557828a447756ead0f913b3c5c167918a0f2253e 0948b6bc00f26ed8a7c17acf1059f9bb829442298c9176b8675cd6c98f61513afe6e0509a55cab553cde8cc4bca90705
SERVER_HANDSHAKE_TRAFFIC_SECRET 6a78fc090eed2b96f67cda88557828a447756ead0f913b3c5c167918a0f2253e 81d0272a7bbf9876a6327ee50e61fa8626e76adca4ef8d032e5d8290b5b78ae7f49e91b2e033b3a4e56821f386672e0d
CLIENT_HANDSHAKE_TRAFFIC_SECRET 6a78fc090eed2b96f67cda88557828a447756ead0f913b3c5c167918a0f2253e 1449191083d890f841ae43b0c4fb539648dee402f6c5bb1d2347c1a602ead9c7c2ac4cf33375bc03e8cecc0c742efa1a
SERVER_TRAFFIC_SECRET_0 6a78fc090eed2b96f67cda88557828a447756ead0f913b3c5c167918a0f2253e 7705cecf43a1993ebe372e41a3d1bc2f07cd44808c40c933a808310a1abb84325ce05f92839a0d4a9c76b66b7fc8eef8
CLIENT_TRAFFIC_SECRET_0 6a78fc090eed2b96f67cda88557828a447756ead0f913b3c5c167918a0f2253e 0948b6bc00f26ed8a7c17acf1059f9bb829442298c9176b8675cd6c98f61513afe6e0509a55cab553cde8cc4bca90705
CLIENT_TRAFFIC_SECRET_0 6a78fc090eed2b96f67cda88557828a447756ead0f913b3c5c167918a0f2253e 0948b6bc00f26ed8a7c17acf1059f9bb829442298c9176b8675cd6c98f61513afe6e0509a55cab553cde8cc4bca90705
SERVER_HANDSHAKE_TRAFFIC_SECRET c4ad417f056b35cff0c62be0f5f7b729c215d7e73052035105edf3179684cdbd 9716a2a0972501a409ad35928b2657035e897e81073c91865a77735e30fdc9b27987c8a5ac65f26fb7e86cf40baeb256
CLIENT_HANDSHAKE_TRAFFIC_SECRET c4ad417f056b35cff0c62be0f5f7b729c215d7e73052035105edf3179684cdbd 42e816f9f77c6c71a876c708dbb21be15dcfa5b5954f369dfbce04345fc6e689c6ce0fc0c9f032b2199980f8784c2d63
SERVER_TRAFFIC_SECRET_0 c4ad417f056b35cff0c62be0f5f7b729c215d7e73052035105edf3179684cdbd 836d222a5783a819f8ebc560ad6c5a69fd5af0beb74b07e29723574e6da88f6d184423dc698d34f17f263357da66b99d
EXPORTER_SECRET c4ad417f056b35cff0c62be0f5f7b729c215d7e73052035105edf3179684cdbd 250b55443145263b1bd35336740f289b73417673b8566cafda4969036bdd0ea294cad58945fe474926977905ae0148ef
CLIENT_TRAFFIC_SECRET_0 c4ad417f056b35cff0c62be0f5f7b729c215d7e73052035105edf3179684cdbd 8089fbbe041de104cdc00a2bf213f99983d27587c63132462bd44f8afd2437c7941eff303ec26c6f5be094e056a686ef
SERVER_HANDSHAKE_TRAFFIC_SECRET c4ad417f056b35cff0c62be0f5f7b729c215d7e73052035105edf3179684cdbd 9716a2a0972501a409ad35928b2657035e897e81073c91865a77735e30fdc9b27987c8a5ac65f26fb7e86cf40baeb256
CLIENT_HANDSHAKE_TRAFFIC_SECRET c4ad417f056b35cff0c62be0f5f7b729c215d7e73052035105edf3179684cdbd 42e816f9f77c6c71a876c708dbb21be15dcfa5b5954f369dfbce04345fc6e689c6ce0fc0c9f032b2199980f8784c2d63
SERVER_TRAFFIC_SECRET_0 c4ad417f056b35cff0c62be0f5f7b729c215d7e73052035105edf3179684cdbd 836d222a5783a819f8ebc560ad6c5a69fd5af0beb74b07e29723574e6da88f6d184423dc698d34f17f263357da66b99d
CLIENT_TRAFFIC_SECRET_0 c4ad417f056b35cff0c62be0f5f7b729c215d7e73052035105edf3179684cdbd 8089fbbe041de104cdc00a2bf213f99983d27587c63132462bd44f8afd2437c7941eff303ec26c6f5be094e056a686ef
CLIENT_TRAFFIC_SECRET_0 c4ad417f056b35cff0c62be0f5f7b729c215d7e73052035105edf3179684cdbd 8089fbbe041de104cdc00a2bf213f99983d27587c63132462bd44f8afd2437c7941eff303ec26c6f5be094e056a686ef
SERVER_HANDSHAKE_TRAFFIC_SECRET eff7ab329914b150e9a519a364a6dd1cd9550839bcdec4839621806f7e6d5730 864aa0a045219e04ac14592c249cf1b0bb4047a816531da73cddc3bc93564307dc2a4fae6c881d67da8f64089fbbb427
CLIENT_HANDSHAKE_TRAFFIC_SECRET eff7ab329914b150e9a519a364a6dd1cd9550839bcdec4839621806f7e6d5730 bfb002b7756b57310d936e470bab4f497ea1f28d2f4face521709547504c34796dcac6333f5bfc2b303ddbcb4f643400
SERVER_TRAFFIC_SECRET_0 eff7ab329914b150e9a519a364a6dd1cd9550839bcdec4839621806f7e6d5730 9f00a3de4838aa5f727e39a27bb551652d50760606dec77787b18ccd489282d77ac1476b514d2e37d60ae596d58fc8e8
EXPORTER_SECRET eff7ab329914b150e9a519a364a6dd1cd9550839bcdec4839621806f7e6d5730 cd1af8e0d69e00838fe18a293634c6970233e5738c6b68ee4662accd537782ec1684395de53d0ff47fddbce1e9256da5
CLIENT_TRAFFIC_SECRET_0 eff7ab329914b150e9a519a364a6dd1cd9550839bcdec4839621806f7e6d5730 2a9a00fe784cd5858bbaab3362fc365123fae8c30af5d09a45236c373d2d2f8e942480e22e0de8e9fe8536808642a0e7
SERVER_HANDSHAKE_TRAFFIC_SECRET eff7ab329914b150e9a519a364a6dd1cd9550839bcdec4839621806f7e6d5730 864aa0a045219e04ac14592c249cf1b0bb4047a816531da73cddc3bc93564307dc2a4fae6c881d67da8f64089fbbb427
CLIENT_HANDSHAKE_TRAFFIC_SECRET eff7ab329914b150e9a519a364a6dd1cd9550839bcdec4839621806f7e6d5730 bfb002b7756b57310d936e470bab4f497ea1f28d2f4face521709547504c34796dcac6333f5bfc2b303ddbcb4f643400
SERVER_TRAFFIC_SECRET_0 eff7ab329914b150e9a519a364a6dd1cd9550839bcdec4839621806f7e6d5730 9f00a3de4838aa5f727e39a27bb551652d50760606dec77787b18ccd489282d77ac1476b514d2e37d60ae596d58fc8e8
CLIENT_TRAFFIC_SECRET_0 eff7ab329914b150e9a519a364a6dd1cd9550839bcdec4839621806f7e6d5730 2a9a00fe784cd5858bbaab3362fc365123fae8c30af5d09a45236c373d2d2f8e942480e22e0de8e9fe8536808642a0e7
CLIENT_TRAFFIC_SECRET_0 eff7ab329914b150e9a519a364a6dd1cd9550839bcdec4839621806f7e6d5730 2a9a00fe784cd5858bbaab3362fc365123fae8c30af5d09a45236c373d2d2f8e942480e22e0de8e9fe8536808642a0e7
SERVER_HANDSHAKE_TRAFFIC_SECRET 471c6063357f3e858e7d8f415a54c9e44d03b1b3b6c8636b039eaa7066ad9089 9c9ec4a0d12fe890d2ad647684efaf3c407c34057ea6a7233b8725f2966166428accdb805f8b698a817d6bb0d36f36fd
CLIENT_HANDSHAKE_TRAFFIC_SECRET 471c6063357f3e858e7d8f415a54c9e44d03b1b3b6c8636b039eaa7066ad9089 326e2ae4b369a2b54c3533e486c762a61dd3d294985a44f81c48d53bf4977811d30d94ed005bbb7d665d21a1bbd1face
SERVER_TRAFFIC_SECRET_0 471c6063357f3e858e7d8f415a54c9e44d03b1b3b6c8636b039eaa7066ad9089 e11dd1be1a9e932edc2c9562593708e7fb64675a4e35476eda4fc34c92005d3fa9143ae4fa876349e90f43873d9c716f
EXPORTER_SECRET 471c6063357f3e858e7d8f415a54c9e44d03b1b3b6c8636b039eaa7066ad9089 d198e08554ffe389fc3d2c69da87c403b365912e7234aa5b6e3aa7c67521e380077ac85f38ca55d6da23ebb9275ded11
CLIENT_TRAFFIC_SECRET_0 471c6063357f3e858e7d8f415a54c9e44d03b1b3b6c8636b039eaa7066ad9089 dac7345da9953941063d067ac2687c28ad8aa2b09a3c1a502caf2a6cf2f145ce0dec604777cd062b0683865f4437cc50
SERVER_HANDSHAKE_TRAFFIC_SECRET 471c6063357f3e858e7d8f415a54c9e44d03b1b3b6c8636b039eaa7066ad9089 9c9ec4a0d12fe890d2ad647684efaf3c407c34057ea6a7233b8725f2966166428accdb805f8b698a817d6bb0d36f36fd
CLIENT_HANDSHAKE_TRAFFIC_SECRET 471c6063357f3e858e7d8f415a54c9e44d03b1b3b6c8636b039eaa7066ad9089 326e2ae4b369a2b54c3533e486c762a61dd3d294985a44f81c48d53bf4977811d30d94ed005bbb7d665d21a1bbd1face
SERVER_TRAFFIC_SECRET_0 471c6063357f3e858e7d8f415a54c9e44d03b1b3b6c8636b039eaa7066ad9089 e11dd1be1a9e932edc2c9562593708e7fb64675a4e35476eda4fc34c92005d3fa9143ae4fa876349e90f43873d9c716f
CLIENT_TRAFFIC_SECRET_0 471c6063357f3e858e7d8f415a54c9e44d03b1b3b6c8636b039eaa7066ad9089 dac7345da9953941063d067ac2687c28ad8aa2b09a3c1a502caf2a6cf2f145ce0dec604777cd062b0683865f4437cc50
CLIENT_TRAFFIC_SECRET_0 471c6063357f3e858e7d8f415a54c9e44d03b1b3b6c8636b039eaa7066ad9089 dac7345da9953941063d067ac2687c28ad8aa2b09a3c1a502caf2a6cf2f145ce0dec604777cd062b0683865f4437cc50
SERVER_HANDSHAKE_TRAFFIC_SECRET 85ce70c3ccc03bef6c162c8ba41f4c4b607ce05ac79bd1ac14494d83aa290fd7 eb15a848580f4cad2f916ef7b97f0450626e4cd51ad4e741f1ee53e4a82a2927b8561770a13031d1879df842e1956412
CLIENT_HANDSHAKE_TRAFFIC_SECRET 85ce70c3ccc03bef6c162c8ba41f4c4b607ce05ac79bd1ac14494d83aa290fd7 250e8842f9bfc182c62cab0f0f645e2b6f36ad41b271f774793656e4e7537da52500e798b1691a67445fae7b58a8348d
SERVER_TRAFFIC_SECRET_0 85ce70c3ccc03bef6c162c8ba41f4c4b607ce05ac79bd1ac14494d83aa290fd7 b76b7e16e748a90a3fd349c95f8a12ce96df4fec4e36345b680578b85806d46f31a36299e43e8587b8085b3f19f57f6a
EXPORTER_SECRET 85ce70c3ccc03bef6c162c8ba41f4c4b607ce05ac79bd1ac14494d83aa290fd7 dba5584f3b6065c20553b71fbfeb785bf4ece9c5f598cac7375fee3e2f1e5a4d24288bdd64a68d97e02055fc77a00cdc
CLIENT_TRAFFIC_SECRET_0 85ce70c3ccc03bef6c162c8ba41f4c4b607ce05ac79bd1ac14494d83aa290fd7 ca6e5ac53c557a38056da3d26300bea5e49cc0050a9abdcdd64788c68102d5a03e3da02a737fffddee7f292c07536592
SERVER_HANDSHAKE_TRAFFIC_SECRET 85ce70c3ccc03bef6c162c8ba41f4c4b607ce05ac79bd1ac14494d83aa290fd7 eb15a848580f4cad2f916ef7b97f0450626e4cd51ad4e741f1ee53e4a82a2927b8561770a13031d1879df842e1956412
CLIENT_HANDSHAKE_TRAFFIC_SECRET 85ce70c3ccc03bef6c162c8ba41f4c4b607ce05ac79bd1ac14494d83aa290fd7 250e8842f9bfc182c62cab0f0f645e2b6f36ad41b271f774793656e4e7537da52500e798b1691a67445fae7b58a8348d
SERVER_TRAFFIC_SECRET_0 85ce70c3ccc03bef6c162c8ba41f4c4b607ce05ac79bd1ac14494d83aa290fd7 b76b7e16e748a90a3fd349c95f8a12ce96df4fec4e36345b680578b85806d46f31a36299e43e8587b8085b3f19f57f6a
CLIENT_TRAFFIC_SECRET_0 85ce70c3ccc03bef6c162c8ba41f4c4b607ce05ac79bd1ac14494d83aa290fd7 ca6e5ac53c557a38056da3d26300bea5e49cc0050a9abdcdd64788c68102d5a03e3da02a737fffddee7f292c07536592
CLIENT_TRAFFIC_SECRET_0 85ce70c3ccc03bef6c162c8ba41f4c4b607ce05ac79bd1ac14494d83aa290fd7 ca6e5ac53c557a38056da3d26300bea5e49cc0050a9abdcdd64788c68102d5a03e3da02a737fffddee7f292c07536592
SERVER_HANDSHAKE_TRAFFIC_SECRET cf30810e3789e0e72e8fdb14397be53ed6802bbe29e7814b079cfa0ef30008be b9cb5a520b0b7d2a5d6b0059503384a2fab293784339cb7e69db45b2382d521343f7bb634b1eb48bae0dae9682d6a904
CLIENT_HANDSHAKE_TRAFFIC_SECRET cf30810e3789e0e72e8fdb14397be53ed6802bbe29e7814b079cfa0ef30008be c2fd895864ef0d0bc9675667ea7bdc794d96658d259e663cc71226625e6d2a0f98cf832d3cb7b8bdf38af9dbf06c1540
SERVER_TRAFFIC_SECRET_0 cf30810e3789e0e72e8fdb14397be53ed6802bbe29e7814b079cfa0ef30008be c5eb526125cf01056a76e3482c6027a9ae30d7f64c580e1e5d672f7eb59ecfca561dd3faacb1951f42bf98b1f8649d4b
EXPORTER_SECRET cf30810e3789e0e72e8fdb14397be53ed6802bbe29e7814b079cfa0ef30008be 383e92fc5c5900371b68cb88e1bd290d35a474d1d138a3241c9942565804f25fbaab2d65e033d60c12c3d8b9f2098488
CLIENT_TRAFFIC_SECRET_0 cf30810e3789e0e72e8fdb14397be53ed6802bbe29e7814b079cfa0ef30008be 6e5d9f8ddeeb0bfcbd1e519158e3987e5052bf49c6089915975861ebaea8d874fdcc441012852b57007459b3e9aa4f4f
SERVER_HANDSHAKE_TRAFFIC_SECRET cf30810e3789e0e72e8fdb14397be53ed6802bbe29e7814b079cfa0ef30008be b9cb5a520b0b7d2a5d6b0059503384a2fab293784339cb7e69db45b2382d521343f7bb634b1eb48bae0dae9682d6a904
CLIENT_HANDSHAKE_TRAFFIC_SECRET cf30810e3789e0e72e8fdb14397be53ed6802bbe29e7814b079cfa0ef30008be c2fd895864ef0d0bc9675667ea7bdc794d96658d259e663cc71226625e6d2a0f98cf832d3cb7b8bdf38af9dbf06c1540
SERVER_TRAFFIC_SECRET_0 cf30810e3789e0e72e8fdb14397be53ed6802bbe29e7814b079cfa0ef30008be c5eb526125cf01056a76e3482c6027a9ae30d7f64c580e1e5d672f7eb59ecfca561dd3faacb1951f42bf98b1f8649d4b
CLIENT_TRAFFIC_SECRET_0 cf30810e3789e0e72e8fdb14397be53ed6802bbe29e7814b079cfa0ef30008be 6e5d9f8ddeeb0bfcbd1e519158e3987e5052bf49c6089915975861ebaea8d874fdcc441012852b57007459b3e9aa4f4f
CLIENT_TRAFFIC_SECRET_0 cf30810e3789e0e72e8fdb14397be53ed6802bbe29e7814b079cfa0ef30008be 6e5d9f8ddeeb0bfcbd1e519158e3987e5052bf49c6089915975861ebaea8d874fdcc441012852b57007459b3e9aa4f4f
SERVER_HANDSHAKE_TRAFFIC_SECRET 74c20e45881e3543f14d9057df19e609d77ad357fe5d27abce08b0b00507a71b 74f60d81a178538609445246d9b83f0846d44572471e39e9f28896bc79b44a508c69f1507f3187326b2beba8ff63be09
CLIENT_HANDSHAKE_TRAFFIC_SECRET 74c20e45881e3543f14d9057df19e609d77ad357fe5d27abce08b0b00507a71b f2a2fffd54f697cbb07c61e7647fcd5bce6622edd1edc03d0f422f0cbc48019f4e7ac261c761dcf675706b95e542ce57
SERVER_TRAFFIC_SECRET_0 74c20e45881e3543f14d9057df19e609d77ad357fe5d27abce08b0b00507a71b 8cbca5dc438b26667e291d473ee42259fc85b5495fb60af82e9f8f4b9a655b9379b1b5fc09e70b03d84d4e284fada07b
EXPORTER_SECRET 74c20e45881e3543f14d9057df19e609d77ad357fe5d27abce08b0b00507a71b 24e384ca28fb0422679617f9502814d1990d6145eebcdb2e3c80b4ab7eb49dd5b4c027c381c28dbb8ae3e62652aa98c9
CLIENT_TRAFFIC_SECRET_0 74c20e45881e3543f14d9057df19e609d77ad357fe5d27abce08b0b00507a71b b8e57edcc7b69fbed2969afdd4199f84af936916fec0b26a93870e9b2dcf0735aedbba0b992e5d2f20efadc73792c40f
SERVER_HANDSHAKE_TRAFFIC_SECRET 74c20e45881e3543f14d9057df19e609d77ad357fe5d27abce08b0b00507a71b 74f60d81a178538609445246d9b83f0846d44572471e39e9f28896bc79b44a508c69f1507f3187326b2beba8ff63be09
CLIENT_HANDSHAKE_TRAFFIC_SECRET 74c20e45881e3543f14d9057df19e609d77ad357fe5d27abce08b0b00507a71b f2a2fffd54f697cbb07c61e7647fcd5bce6622edd1edc03d0f422f0cbc48019f4e7ac261c761dcf675706b95e542ce57
SERVER_TRAFFIC_SECRET_0 74c20e45881e3543f14d9057df19e609d77ad357fe5d27abce08b0b00507a71b 8cbca5dc438b26667e291d473ee42259fc85b5495fb60af82e9f8f4b9a655b9379b1b5fc09e70b03d84d4e284fada07b
CLIENT_TRAFFIC_SECRET_0 74c20e45881e3543f14d9057df19e609d77ad357fe5d27abce08b0b00507a71b b8e57edcc7b69fbed2969afdd4199f84af936916fec0b26a93870e9b2dcf0735aedbba0b992e5d2f20efadc73792c40f
CLIENT_TRAFFIC_SECRET_0 74c20e45881e3543f14d9057df19e609d77ad357fe5d27abce08b0b00507a71b b8e57edcc7b69fbed2969afdd4199f84af936916fec0b26a93870e9b2dcf0735aedbba0b992e5d2f20efadc73792c40f
SERVER_HANDSHAKE_TRAFFIC_SECRET 320e82ad9b934657a07bbe5f9666b1c367165323dca9cf1ec1a37cad46db919e 7807300a27fd96c97ab037e7e244da863f599f1ebd60adc46d8291afd5944895afd7a2dd52292edc4898b0fef83fed18
CLIENT_HANDSHAKE_TRAFFIC_SECRET 320e82ad9b934657a07bbe5f9666b1c367165323dca9cf1ec1a37cad46db919e 0a2d25920a149a1e457d7729d0ad9bb032afdde0aaa35a62db05712070f15bfda425a45883394dfe27225cbbef5cdbea
SERVER_TRAFFIC_SECRET_0 320e82ad9b934657a07bbe5f9666b1c367165323dca9cf1ec1a37cad46db919e 884a58f6540a294cc5444648ed659f8601bbb18f2d32b307bea51ceddccf71e016d5934728202b560492a388920df6ab
EXPORTER_SECRET 320e82ad9b934657a07bbe5f9666b1c367165323dca9cf1ec1a37cad46db919e 117a7c5426507c55731da689cb53e3812e5d4c37217aa783d6b10544da26863d770bce1e90e5205fc241ddcc37287a44
CLIENT_TRAFFIC_SECRET_0 320e82ad9b934657a07bbe5f9666b1c367165323dca9cf1ec1a37cad46db919e ccc7c7e4a0192cb8e29832f88c6c4b1c4ebace97087b47495b6b4f5302d6c2d672d2d272e9d4a17d2faf3bc894fa1469
SERVER_HANDSHAKE_TRAFFIC_SECRET 320e82ad9b934657a07bbe5f9666b1c367165323dca9cf1ec1a37cad46db919e 7807300a27fd96c97ab037e7e244da863f599f1ebd60adc46d8291afd5944895afd7a2dd52292edc4898b0fef83fed18
CLIENT_HANDSHAKE_TRAFFIC_SECRET 320e82ad9b934657a07bbe5f9666b1c367165323dca9cf1ec1a37cad46db919e 0a2d25920a149a1e457d7729d0ad9bb032afdde0aaa35a62db05712070f15bfda425a45883394dfe27225cbbef5cdbea
SERVER_TRAFFIC_SECRET_0 320e82ad9b934657a07bbe5f9666b1c367165323dca9cf1ec1a37cad46db919e 884a58f6540a294cc5444648ed659f8601bbb18f2d32b307bea51ceddccf71e016d5934728202b560492a388920df6ab
CLIENT_TRAFFIC_SECRET_0 320e82ad9b934657a07bbe5f9666b1c367165323dca9cf1ec1a37cad46db919e ccc7c7e4a0192cb8e29832f88c6c4b1c4ebace97087b47495b6b4f5302d6c2d672d2d272e9d4a17d2faf3bc894fa1469
CLIENT_TRAFFIC_SECRET_0 320e82ad9b934657a07bbe5f9666b1c367165323dca9cf1ec1a37cad46db919e ccc7c7e4a0192cb8e29832f88c6c4b1c4ebace97087b47495b6b4f5302d6c2d672d2d272e9d4a17d2faf3bc894fa1469
SERVER_HANDSHAKE_TRAFFIC_SECRET 353edfcbd383519c151111e39ee678709432a1a0ff70963255d743ffc6523be4 c321bbddb43d51e328277ee30a1c179d2991f2ea06ce7ba01bf86a14bc818c8e49e76df3cd88a4c9bce9885c262c765b
CLIENT_HANDSHAKE_TRAFFIC_SECRET 353edfcbd383519c151111e39ee678709432a1a0ff70963255d743ffc6523be4 56c778e1c8ba65de3d54156ab4a4ab060726af2a511a465b87cae159bfbe11a3356a07d0ec183a2671d72b08da44cb5c
SERVER_TRAFFIC_SECRET_0 353edfcbd383519c151111e39ee678709432a1a0ff70963255d743ffc6523be4 48f71f00be730fa655aadf11536a0a5e8660928102e5499011beb036a5718ae66ddd1304a953eb438a2bb83f0b09f009
EXPORTER_SECRET 353edfcbd383519c151111e39ee678709432a1a0ff70963255d743ffc6523be4 28bd44ba6442ba2ea43762f1f0aae0aca3fded1e5cac923d619306c0cd2c7388a13015c1a7222e50eaf302c8be7851f2
CLIENT_TRAFFIC_SECRET_0 353edfcbd383519c151111e39ee678709432a1a0ff70963255d743ffc6523be4 5054c356b5f2acc17ff815d5f8e893c74f6a61cfeb24a3930e4ada556cb23029ebb99a30d55dbdd6b944fe9d6ee0b499
SERVER_HANDSHAKE_TRAFFIC_SECRET 353edfcbd383519c151111e39ee678709432a1a0ff70963255d743ffc6523be4 c321bbddb43d51e328277ee30a1c179d2991f2ea06ce7ba01bf86a14bc818c8e49e76df3cd88a4c9bce9885c262c765b
CLIENT_HANDSHAKE_TRAFFIC_SECRET 353edfcbd383519c151111e39ee678709432a1a0ff70963255d743ffc6523be4 56c778e1c8ba65de3d54156ab4a4ab060726af2a511a465b87cae159bfbe11a3356a07d0ec183a2671d72b08da44cb5c
SERVER_TRAFFIC_SECRET_0 353edfcbd383519c151111e39ee678709432a1a0ff70963255d743ffc6523be4 48f71f00be730fa655aadf11536a0a5e8660928102e5499011beb036a5718ae66ddd1304a953eb438a2bb83f0b09f009
CLIENT_TRAFFIC_SECRET_0 353edfcbd383519c151111e39ee678709432a1a0ff70963255d743ffc6523be4 5054c356b5f2acc17ff815d5f8e893c74f6a61cfeb24a3930e4ada556cb23029ebb99a30d55dbdd6b944fe9d6ee0b499
CLIENT_TRAFFIC_SECRET_0 353edfcbd383519c151111e39ee678709432a1a0ff70963255d743ffc6523be4 5054c356b5f2acc17ff815d5f8e893c74f6a61cfeb24a3930e4ada556cb23029ebb99a30d55dbdd6b944fe9d6ee0b499
SERVER_HANDSHAKE_TRAFFIC_SECRET 1ec65b338f10d6820441ca8f2b691867857872a393d4e525100a20c93b7f6b84 e127edcf7545d4820b698fb2282a9b4882c39aab4120e1ca1c6459528e65c6155c43cbb6a14688dd3a689eaaf7ada7f4
CLIENT_HANDSHAKE_TRAFFIC_SECRET 1ec65b338f10d6820441ca8f2b691867857872a393d4e525100a20c93b7f6b84 30de04acc2198169b0d6220b2c013ceb87d1badd45439ce9d51dc8b9fcdc3b8bc6de275ca1f737802e5811e08d28514e
SERVER_TRAFFIC_SECRET_0 1ec65b338f10d6820441ca8f2b691867857872a393d4e525100a20c93b7f6b84 e9e44052beb52948edf9a4edcf3ae4d64bcfc81bbb6046ca6ccf22f7fdf3cdc9118329eaab1447db240534b12af1018c
EXPORTER_SECRET 1ec65b338f10d6820441ca8f2b691867857872a393d4e525100a20c93b7f6b84 571e8687fca245d6ba902ed9dbb9d5a3b551835123a347bb53fd1538e58ff1155d84f02e667d138f4b6792ab8b1b4d7f
CLIENT_TRAFFIC_SECRET_0 1ec65b338f10d6820441ca8f2b691867857872a393d4e525100a20c93b7f6b84 2fb1758c958d6a38ea9a99fe3b887307f8d144f416ed1010eaf684ae7c74aa7462d8bb8dd631bf522c8393244d77b9b0
SERVER_HANDSHAKE_TRAFFIC_SECRET 1ec65b338f10d6820441ca8f2b691867857872a393d4e525100a20c93b7f6b84 e127edcf7545d4820b698fb2282a9b4882c39aab4120e1ca1c6459528e65c6155c43cbb6a14688dd3a689eaaf7ada7f4
CLIENT_HANDSHAKE_TRAFFIC_SECRET 1ec65b338f10d6820441ca8f2b691867857872a393d4e525100a20c93b7f6b84 30de04acc2198169b0d6220b2c013ceb87d1badd45439ce9d51dc8b9fcdc3b8bc6de275ca1f737802e5811e08d28514e
SERVER_TRAFFIC_SECRET_0 1ec65b338f10d6820441ca8f2b691867857872a393d4e525100a20c93b7f6b84 e9e44052beb52948edf9a4edcf3ae4d64bcfc81bbb6046ca6ccf22f7fdf3cdc9118329eaab1447db240534b12af1018c
CLIENT_TRAFFIC_SECRET_0 1ec65b338f10d6820441ca8f2b691867857872a393d4e525100a20c93b7f6b84 2fb1758c958d6a38ea9a99fe3b887307f8d144f416ed1010eaf684ae7c74aa7462d8bb8dd631bf522c8393244d77b9b0
CLIENT_TRAFFIC_SECRET_0 1ec65b338f10d6820441ca8f2b691867857872a393d4e525100a20c93b7f6b84 2fb1758c958d6a38ea9a99fe3b887307f8d144f416ed1010eaf684ae7c74aa7462d8bb8dd631bf522c8393244d77b9b0
SERVER_HANDSHAKE_TRAFFIC_SECRET 0a5efbc17c6bd96431451ffb061600448b48efd25058a0f9bb0a52732867e68c b57c350ed400e79ae519262db8ce826985dd028f8dcf7e5036b51b56316921e872c29fe8d113b49604894464ecb6dedf
CLIENT_HANDSHAKE_TRAFFIC_SECRET 0a5efbc17c6bd96431451ffb061600448b48efd25058a0f9bb0a52732867e68c 727f0711e6ff53935590ba584a33f873dd7acb376ddb06cc32637107e871362ad7da8458b8996a618cb56da22ec4a7fb
SERVER_TRAFFIC_SECRET_0 0a5efbc17c6bd96431451ffb061600448b48efd25058a0f9bb0a52732867e68c 25d9b373c2c9d01029d30e7492c92ddbadce25a2da91c366241bd8c032f2ec1947494e8451370f57f861294305f26638
EXPORTER_SECRET 0a5efbc17c6bd96431451ffb061600448b48efd25058a0f9bb0a52732867e68c 276a4c8996e75185466728224c417499dd15d0315f25db0105ca5096e3251540161db8c7fb06cfc30181f3a672701e82
CLIENT_TRAFFIC_SECRET_0 0a5efbc17c6bd96431451ffb061600448b48efd25058a0f9bb0a52732867e68c b1801aca9784bf632192fb1ab1080336a35c96623a1596284bb4488c04a295ea5c37dcdfbe3e863e85c86ca44736f0fb
SERVER_HANDSHAKE_TRAFFIC_SECRET 0a5efbc17c6bd96431451ffb061600448b48efd25058a0f9bb0a52732867e68c b57c350ed400e79ae519262db8ce826985dd028f8dcf7e5036b51b56316921e872c29fe8d113b49604894464ecb6dedf
CLIENT_HANDSHAKE_TRAFFIC_SECRET 0a5efbc17c6bd96431451ffb061600448b48efd25058a0f9bb0a52732867e68c 727f0711e6ff53935590ba584a33f873dd7acb376ddb06cc32637107e871362ad7da8458b8996a618cb56da22ec4a7fb
SERVER_TRAFFIC_SECRET_0 0a5efbc17c6bd96431451ffb061600448b48efd25058a0f9bb0a52732867e68c 25d9b373c2c9d01029d30e7492c92ddbadce25a2da91c366241bd8c032f2ec1947494e8451370f57f861294305f26638
CLIENT_TRAFFIC_SECRET_0 0a5efbc17c6bd96431451ffb061600448b48efd25058a0f9bb0a52732867e68c b1801aca9784bf632192fb1ab1080336a35c96623a1596284bb4488c04a295ea5c37dcdfbe3e863e85c86ca44736f0fb
CLIENT_TRAFFIC_SECRET_0 0a5efbc17c6bd96431451ffb061600448b48efd25058a0f9bb0a52732867e68c b1801aca9784bf632192fb1ab1080336a35c96623a1596284bb4488c04a295ea5c37dcdfbe3e863e85c86ca44736f0fb
SERVER_HANDSHAKE_TRAFFIC_SECRET 9bd7c19a29fd7c6745a84d5ff822fef774c77612a3759fbc145cb696920e8c5c dcd4ccbdb0f395113527ed4d23367c482c2badbf5a4f785b3278fe8eca56cae5bd27ff640c6b70c2614386fe5bef0885
CLIENT_HANDSHAKE_TRAFFIC_SECRET 9bd7c19a29fd7c6745a84d5ff822fef774c77612a3759fbc145cb696920e8c5c f1d8ed4d6d2e1424defeaa00c6b7e04196a57d1f05b93673b6463d70525b8b613593b7147fa03336a02e58c8ab0cda37
SERVER_TRAFFIC_SECRET_0 9bd7c19a29fd7c6745a84d5ff822fef774c77612a3759fbc145cb696920e8c5c 2b4297ea58fafaf0470ee5f5740e986012c530ffaf7213db179638ed4cd904825450fba91178395aea2ea4be37ec6258
EXPORTER_SECRET 9bd7c19a29fd7c6745a84d5ff822fef774c77612a3759fbc145cb696920e8c5c 4bbf1ebbb67b9cb2a33ef8c0c3ce8a13c051f3c4a8333ee7a7c77204772141146fa6d64d514f00269dd18f4406d68c09
CLIENT_TRAFFIC_SECRET_0 9bd7c19a29fd7c6745a84d5ff822fef774c77612a3759fbc145cb696920e8c5c 490e7d2ef5dffceb3a296cd3669bf2890b929b01cabbe719397f5ce7ab0d7a8bcee7086919d7f5579c5aaede03dc59e7
SERVER_HANDSHAKE_TRAFFIC_SECRET 9bd7c19a29fd7c6745a84d5ff822fef774c77612a3759fbc145cb696920e8c5c dcd4ccbdb0f395113527ed4d23367c482c2badbf5a4f785b3278fe8eca56cae5bd27ff640c6b70c2614386fe5bef0885
CLIENT_HANDSHAKE_TRAFFIC_SECRET 9bd7c19a29fd7c6745a84d5ff822fef774c77612a3759fbc145cb696920e8c5c f1d8ed4d6d2e1424defeaa00c6b7e04196a57d1f05b93673b6463d70525b8b613593b7147fa03336a02e58c8ab0cda37
SERVER_TRAFFIC_SECRET_0 9bd7c19a29fd7c6745a84d5ff822fef774c77612a3759fbc145cb696920e8c5c 2b4297ea58fafaf0470ee5f5740e986012c530ffaf7213db179638ed4cd904825450fba91178395aea2ea4be37ec6258
CLIENT_TRAFFIC_SECRET_0 9bd7c19a29fd7c6745a84d5ff822fef774c77612a3759fbc145cb696920e8c5c 490e7d2ef5dffceb3a296cd3669bf2890b929b01cabbe719397f5ce7ab0d7a8bcee7086919d7f5579c5aaede03dc59e7
CLIENT_TRAFFIC_SECRET_0 9bd7c19a29fd7c6745a84d5ff822fef774c77612a3759fbc145cb696920e8c5c 490e7d2ef5dffceb3a296cd3669bf2890b929b01cabbe719397f5ce7ab0d7a8bcee7086919d7f5579c5aaede03dc59e7
SERVER_HANDSHAKE_TRAFFIC_SECRET 93ad3f30acea47da6e754796b26a5166ad486307f755e683b2010e737ae28589 de3d86d9a5123554cc5e3039cdd5b85da82dd9b9517f92603eb0bb645419af1de155839234b1033b049b9cedb25bbc70
CLIENT_HANDSHAKE_TRAFFIC_SECRET 93ad3f30acea47da6e754796b26a5166ad486307f755e683b2010e737ae28589 06168dccac6d26a20e3c28654dca8f005b4e511a291a66bd76e1f170dd67771e6855b64dc2d703c5e85ef6f5d2762682
SERVER_TRAFFIC_SECRET_0 93ad3f30acea47da6e754796b26a5166ad486307f755e683b2010e737ae28589 1d2b5f7b82261c56b8bad99b70f5512dd365ce601dca8020f1c9ee294a39476e9512dc060215b22cd61f17d10608fc1f
EXPORTER_SECRET 93ad3f30acea47da6e754796b26a5166ad486307f755e683b2010e737ae28589 0cb94e3bae8104612b3cdb2153c9997e491699ee1d2f6eb17d466546d114bd1e46111073124dc22431777d3b3fea63a3
CLIENT_TRAFFIC_SECRET_0 93ad3f30acea47da6e754796b26a5166ad486307f755e683b2010e737ae28589 36e9d60f9647d6aa265842e85651a7820e9dbb3889002dc1aea521069ff420255341ecefb1c7789bfd398e3d8b027ab4
SERVER_HANDSHAKE_TRAFFIC_SECRET 93ad3f30acea47da6e754796b26a5166ad486307f755e683b2010e737ae28589 de3d86d9a5123554cc5e3039cdd5b85da82dd9b9517f92603eb0bb645419af1de155839234b1033b049b9cedb25bbc70
CLIENT_HANDSHAKE_TRAFFIC_SECRET 93ad3f30acea47da6e754796b26a5166ad486307f755e683b2010e737ae28589 06168dccac6d26a20e3c28654dca8f005b4e511a291a66bd76e1f170dd67771e6855b64dc2d703c5e85ef6f5d2762682
SERVER_TRAFFIC_SECRET_0 93ad3f30acea47da6e754796b26a5166ad486307f755e683b2010e737ae28589 1d2b5f7b82261c56b8bad99b70f5512dd365ce601dca8020f1c9ee294a39476e9512dc060215b22cd61f17d10608fc1f
CLIENT_TRAFFIC_SECRET_0 93ad3f30acea47da6e754796b26a5166ad486307f755e683b2010e737ae28589 36e9d60f9647d6aa265842e85651a7820e9dbb3889002dc1aea521069ff420255341ecefb1c7789bfd398e3d8b027ab4
CLIENT_TRAFFIC_SECRET_0 93ad3f30acea47da6e754796b26a5166ad486307f755e683b2010e737ae28589 36e9d60f9647d6aa265842e85651a7820e9dbb3889002dc1aea521069ff420255341ecefb1c7789bfd398e3d8b027ab4
SERVER_HANDSHAKE_TRAFFIC_SECRET 83816fe24e3fcbf83814fae630aed7a83b64d7dc7708f94bc9fdd4af1a76990d de783335880c7983945286aa1e6dc8779426a2de5d3ed3dca4f413de8530373df645192f02ba38b33b4c5f5b50a7f782
CLIENT_HANDSHAKE_TRAFFIC_SECRET 83816fe24e3fcbf83814fae630aed7a83b64d7dc7708f94bc9fdd4af1a76990d b72815c63b6c73b7d665050a54c6daacc9c4dc96432fd6dd4151195b5e30922e775ed4770cbf185c89ccace9fc15b525
SERVER_TRAFFIC_SECRET_0 83816fe24e3fcbf83814fae630aed7a83b64d7dc7708f94bc9fdd4af1a76990d b860e19d3350f20a7d9392f4ae6c56d53245e118e4deca57290fd0a010d9b0c9a8d96dde15b3688041348c736d72321d
EXPORTER_SECRET 83816fe24e3fcbf83814fae630aed7a83b64d7dc7708f94bc9fdd4af1a76990d 202c173b42cee5330c6174d51cf9e23ee69831772c7607d7935ab0a5f1b8113d256e46ff32f958616724d7905f7270bd
CLIENT_TRAFFIC_SECRET_0 83816fe24e3fcbf83814fae630aed7a83b64d7dc7708f94bc9fdd4af1a76990d 8610ec5e1c39755dbda91c5f5ed65ed6e3e917158f26eebd3c2c0c567b1b73f3d104a0b756ccedf8cef57bbb97ddc25b
SERVER_HANDSHAKE_TRAFFIC_SECRET 83816fe24e3fcbf83814fae630aed7a83b64d7dc7708f94bc9fdd4af1a76990d de783335880c7983945286aa1e6dc8779426a2de5d3ed3dca4f413de8530373df645192f02ba38b33b4c5f5b50a7f782
CLIENT_HANDSHAKE_TRAFFIC_SECRET 83816fe24e3fcbf83814fae630aed7a83b64d7dc7708f94bc9fdd4af1a76990d b72815c63b6c73b7d665050a54c6daacc9c4dc96432fd6dd4151195b5e30922e775ed4770cbf185c89ccace9fc15b525
SERVER_TRAFFIC_SECRET_0 83816fe24e3fcbf83814fae630aed7a83b64d7dc7708f94bc9fdd4af1a76990d b860e19d3350f20a7d9392f4ae6c56d53245e118e4deca57290fd0a010d9b0c9a8d96dde15b3688041348c736d72321d
CLIENT_TRAFFIC_SECRET_0 83816fe24e3fcbf83814fae630aed7a83b64d7dc7708f94bc9fdd4af1a76990d 8610ec5e1c39755dbda91c5f5ed65ed6e3e917158f26eebd3c2c0c567b1b73f3d104a0b756ccedf8cef57bbb97ddc25b
CLIENT_TRAFFIC_SECRET_0 83816fe24e3fcbf83814fae630aed7a83b64d7dc7708f94bc9fdd4af1a76990d 8610ec5e1c39755dbda91c5f5ed65ed6e3e917158f26eebd3c2c0c567b1b73f3d104a0b756ccedf8cef57bbb97ddc25b
SERVER_HANDSHAKE_TRAFFIC_SECRET 30d35946264a89c639f067bb43533e8378b83f67499cc0280e33339575646468 3546adcb24753d2ce337703feee8bef8926a5a24ccfb8ad945786bb4da210e922a2cbbe071a6cc9bd624e0515e990ec0
CLIENT_HANDSHAKE_TRAFFIC_SECRET 30d35946264a89c639f067bb43533e8378b83f67499cc0280e33339575646468 04c08f59210cd2d8763cad0d2821498a0f0b23fd3d9db9c25d997966c38fdb0baedfe71a6b8da4b4fbda7c7560793651
SERVER_TRAFFIC_SECRET_0 30d35946264a89c639f067bb43533e8378b83f67499cc0280e33339575646468 3b8da994c0cc9a85255305d8c0970a64584cd0ea445e2399e18208ef64852906df2ce18ae22b219d7460df9d52326ee5
EXPORTER_SECRET 30d35946264a89c639f067bb43533e8378b83f67499cc0280e33339575646468 c8804531f1a9f2de708d5564fec83d3c694dcea5d294e82aebb155d04a5357e7f94347d558d2d5f5220a712a2702acc5
CLIENT_TRAFFIC_SECRET_0 30d35946264a89c639f067bb43533e8378b83f67499cc0280e33339575646468 9d6f421d7d5414748e301feb193dfa3ad59e79a13ce217f8045a3752d78580c2707502b67c307bd6d48609adbcb90c54
SERVER_HANDSHAKE_TRAFFIC_SECRET 30d35946264a89c639f067bb43533e8378b83f67499cc0280e33339575646468 3546adcb24753d2ce337703feee8bef8926a5a24ccfb8ad945786bb4da210e922a2cbbe071a6cc9bd624e0515e990ec0
CLIENT_HANDSHAKE_TRAFFIC_SECRET 30d35946264a89c639f067bb43533e8378b83f67499cc0280e33339575646468 04c08f59210cd2d8763cad0d2821498a0f0b23fd3d9db9c25d997966c38fdb0baedfe71a6b8da4b4fbda7c7560793651
SERVER_TRAFFIC_SECRET_0 30d35946264a89c639f067bb43533e8378b83f67499cc0280e33339575646468 3b8da994c0cc9a85255305d8c0970a64584cd0ea445e2399e18208ef64852906df2ce18ae22b219d7460df9d52326ee5
CLIENT_TRAFFIC_SECRET_0 30d35946264a89c639f067bb43533e8378b83f67499cc0280e33339575646468 9d6f421d7d5414748e301feb193dfa3ad59e79a13ce217f8045a3752d78580c2707502b67c307bd6d48609adbcb90c54
CLIENT_TRAFFIC_SECRET_0 30d35946264a89c639f067bb43533e8378b83f67499cc0280e33339575646468 9d6f421d7d5414748e301feb193dfa3ad59e79a13ce217f8045a3752d78580c2707502b67c307bd6d48609adbcb90c54
SERVER_HANDSHAKE_TRAFFIC_SECRET 5a87d73a3a4ca9b208b455e9dea6465d5c4097d02c16a6b0960953dc2aac8308 0fec76784380e4aa933ff19aa7a4feef0d5973f5a1d5f254b2d06984ea5a46ec7384a8dc7019bec52cb7d3532edb7eda
CLIENT_HANDSHAKE_TRAFFIC_SECRET 5a87d73a3a4ca9b208b455e9dea6465d5c4097d02c16a6b0960953dc2aac8308 d62582182960d0e0769dc826dc5c164a7b54ead00f0e362d4a65dd10df2e17d379479504ba82e4fd24daf96dbdf5fbab
SERVER_TRAFFIC_SECRET_0 5a87d73a3a4ca9b208b455e9dea6465d5c4097d02c16a6b0960953dc2aac8308 12707ebe60576329c49d0997f28968a6ba2067003ca5a78db2c3e1dd2c76de486dadfe92f5b92b99fc32adff48b5ed1d
EXPORTER_SECRET 5a87d73a3a4ca9b208b455e9dea6465d5c4097d02c16a6b0960953dc2aac8308 3e3a535a9ad1829b8795ef98c78f3eb0c77003d8bd0820174746992d2a31625d6c7e179c2d7f0086f4854ca3788b3d56
CLIENT_TRAFFIC_SECRET_0 5a87d73a3a4ca9b208b455e9dea6465d5c4097d02c16a6b0960953dc2aac8308 cfd8c66b3f1a2d1c5d8f13ff7ec1d1ea414485149d2688cdf3955b62fa93a94bd734b8570b307500a99d43ddefaa36d5
SERVER_HANDSHAKE_TRAFFIC_SECRET 5a87d73a3a4ca9b208b455e9dea6465d5c4097d02c16a6b0960953dc2aac8308 0fec76784380e4aa933ff19aa7a4feef0d5973f5a1d5f254b2d06984ea5a46ec7384a8dc7019bec52cb7d3532edb7eda
CLIENT_HANDSHAKE_TRAFFIC_SECRET 5a87d73a3a4ca9b208b455e9dea6465d5c4097d02c16a6b0960953dc2aac8308 d62582182960d0e0769dc826dc5c164a7b54ead00f0e362d4a65dd10df2e17d379479504ba82e4fd24daf96dbdf5fbab
SERVER_TRAFFIC_SECRET_0 5a87d73a3a4ca9b208b455e9dea6465d5c4097d02c16a6b0960953dc2aac8308 12707ebe60576329c49d0997f28968a6ba2067003ca5a78db2c3e1dd2c76de486dadfe92f5b92b99fc32adff48b5ed1d
CLIENT_TRAFFIC_SECRET_0 5a87d73a3a4ca9b208b455e9dea6465d5c4097d02c16a6b0960953dc2aac8308 cfd8c66b3f1a2d1c5d8f13ff7ec1d1ea414485149d2688cdf3955b62fa93a94bd734b8570b307500a99d43ddefaa36d5
CLIENT_TRAFFIC_SECRET_0 5a87d73a3a4ca9b208b455e9dea6465d5c4097d02c16a6b0960953dc2aac8308 cfd8c66b3f1a2d1c5d8f13ff7ec1d1ea414485149d2688cdf3955b62fa93a94bd734b8570b307500a99d43ddefaa36d5
SERVER_HANDSHAKE_TRAFFIC_SECRET 4154f5cc941f207c9551492843a18bbf4dd31e8e817eb67fead88a85df44088c ea9ffaee1220ec0c57184e4f69386ef6f693a6e07f77dccc4c977e9dfeb38b255608e7c5a85accae6718a70acb724093
CLIENT_HANDSHAKE_TRAFFIC_SECRET 4154f5cc941f207c9551492843a18bbf4dd31e8e817eb67fead88a85df44088c fcde9fe862e3a2c06ce2f06be7f37ae957d731da2884d0c469ac0bce92d29b4988ac4a7500b9cc18315117ab9d454ab3
SERVER_TRAFFIC_SECRET_0 4154f5cc941f207c9551492843a18bbf4dd31e8e817eb67fead88a85df44088c f8eb1f8f76899dd193d410804da854f9dc33fef3906df255f64c79a321012f1610463a684780499e62eb4cab396f3c14
EXPORTER_SECRET 4154f5cc941f207c9551492843a18bbf4dd31e8e817eb67fead88a85df44088c a55c821da88b81530b4da2a04fb2ace63f8690aed739d2333a9d4ffe140d72e7439f2d35c11ec4b6212d59985de0c982
CLIENT_TRAFFIC_SECRET_0 4154f5cc941f207c9551492843a18bbf4dd31e8e817eb67fead88a85df44088c ac2933c9313872a9679cd5f191700661baa828b5f63a4a5b7c32ee40d87b2225a37b9e7839106e944416ff7c4626bb2e
SERVER_HANDSHAKE_TRAFFIC_SECRET 4154f5cc941f207c9551492843a18bbf4dd31e8e817eb67fead88a85df44088c ea9ffaee1220ec0c57184e4f69386ef6f693a6e07f77dccc4c977e9dfeb38b255608e7c5a85accae6718a70acb724093
CLIENT_HANDSHAKE_TRAFFIC_SECRET 4154f5cc941f207c9551492843a18bbf4dd31e8e817eb67fead88a85df44088c fcde9fe862e3a2c06ce2f06be7f37ae957d731da2884d0c469ac0bce92d29b4988ac4a7500b9cc18315117ab9d454ab3
SERVER_TRAFFIC_SECRET_0 4154f5cc941f207c9551492843a18bbf4dd31e8e817eb67fead88a85df44088c f8eb1f8f76899dd193d410804da854f9dc33fef3906df255f64c79a321012f1610463a684780499e62eb4cab396f3c14
CLIENT_TRAFFIC_SECRET_0 4154f5cc941f207c9551492843a18bbf4dd31e8e817eb67fead88a85df44088c ac2933c9313872a9679cd5f191700661baa828b5f63a4a5b7c32ee40d87b2225a37b9e7839106e944416ff7c4626bb2e
CLIENT_TRAFFIC_SECRET_0 4154f5cc941f207c9551492843a18bbf4dd31e8e817eb67fead88a85df44088c ac2933c9313872a9679cd5f191700661baa828b5f63a4a5b7c32ee40d87b2225a37b9e7839106e944416ff7c4626bb2e
SERVER_HANDSHAKE_TRAFFIC_SECRET 9893edd5a2cd82ef7eac50e180f2345c982073227fe4b46510ee22569906da78 163e384d681e2129e0193823bb4819b603bd105116fad85f1076ee777863ff46fc1e59ca33705f77347305aacd4afa44
CLIENT_HANDSHAKE_TRAFFIC_SECRET 9893edd5a2cd82ef7eac50e180f2345c982073227fe4b46510ee22569906da78 1975eb762d7e1ceb69968e2ad536ac14cd87ac3d9216c39d11a2b5c0af8b693103d47bcca020470853af2af4b64fdfb2
SERVER_TRAFFIC_SECRET_0 9893edd5a2cd82ef7eac50e180f2345c982073227fe4b46510ee22569906da78 a63ca8924cbae032500afd959d4161884122d519fd70c0e3db69b1939293e175ccc1fb02ace905af3972f353a54e3c2d
EXPORTER_SECRET 9893edd5a2cd82ef7eac50e180f2345c982073227fe4b46510ee22569906da78 b2b222eb2f232d6b16f7cd035acb2fda1313450b37a411062369f99f71e80b8565cf68448562583bad7da724fe33bd0b
CLIENT_TRAFFIC_SECRET_0 9893edd5a2cd82ef7eac50e180f2345c982073227fe4b46510ee22569906da78 17a2086f9ae90a5f9656de7a49cb74594338ae24efce4a846d440a30397068f90f45b15c8be2a33d1b2351353d1b3182
SERVER_HANDSHAKE_TRAFFIC_SECRET 9893edd5a2cd82ef7eac50e180f2345c982073227fe4b46510ee22569906da78 163e384d681e2129e0193823bb4819b603bd105116fad85f1076ee777863ff46fc1e59ca33705f77347305aacd4afa44
CLIENT_HANDSHAKE_TRAFFIC_SECRET 9893edd5a2cd82ef7eac50e180f2345c982073227fe4b46510ee22569906da78 1975eb762d7e1ceb69968e2ad536ac14cd87ac3d9216c39d11a2b5c0af8b693103d47bcca020470853af2af4b64fdfb2
SERVER_TRAFFIC_SECRET_0 9893edd5a2cd82ef7eac50e180f2345c982073227fe4b46510ee22569906da78 a63ca8924cbae032500afd959d4161884122d519fd70c0e3db69b1939293e175ccc1fb02ace905af3972f353a54e3c2d
CLIENT_TRAFFIC_SECRET_0 9893edd5a2cd82ef7eac50e180f2345c982073227fe4b46510ee22569906da78 17a2086f9ae90a5f9656de7a49cb74594338ae24efce4a846d440a30397068f90f45b15c8be2a33d1b2351353d1b3182
CLIENT_TRAFFIC_SECRET_0 9893edd5a2cd82ef7eac50e180f2345c982073227fe4b46510ee22569906da78 17a2086f9ae90a5f9656de7a49cb74594338ae24efce4a846d440a30397068f90f45b15c8be2a33d1b2351353d1b3182
SERVER_HANDSHAKE_TRAFFIC_SECRET 9fafed48345ab88e3fb262dbe09226da02ce683f32ca7698fceea73e264a2dbd 83c9acaf2e55f2f4e642eb88587d13a4dbcb3bb42968e31f11d337e7ac5b47b9993cea92393fd3268d5145cb13a095d3
CLIENT_HANDSHAKE_TRAFFIC_SECRET 9fafed48345ab88e3fb262dbe09226da02ce683f32ca7698fceea73e264a2dbd 083d76beea8afb1cb7edb6582eea8160c5249e28106c01c7a4acff79d845d8b1dd369a9afa57abce09a26de7e22a3620
SERVER_TRAFFIC_SECRET_0 9fafed48345ab88e3fb262dbe09226da02ce683f32ca7698fceea73e264a2dbd a1f42202753afff9b1b4afacadb8d178f389d0b48ec6fc23f0a1d587b0aea287dd58aabc9da98b7487ca7695073260e8
EXPORTER_SECRET 9fafed48345ab88e3fb262dbe09226da02ce683f32ca7698fceea73e264a2dbd 85071dbd17c5629228211cdaa2b10d33b4524a21d96f83b4bed7c1f9901a5cf81f79928ab74c5031f3149b6422c7a38d
CLIENT_TRAFFIC_SECRET_0 9fafed48345ab88e3fb262dbe09226da02ce683f32ca7698fceea73e264a2dbd 1ea687028439d14e3d6a56e58a44636f239f0ce3a356b4cc09933f659db07d67870359e4eddcdcb25a19a165d3bf3f80
SERVER_HANDSHAKE_TRAFFIC_SECRET 9fafed48345ab88e3fb262dbe09226da02ce683f32ca7698fceea73e264a2dbd 83c9acaf2e55f2f4e642eb88587d13a4dbcb3bb42968e31f11d337e7ac5b47b9993cea92393fd3268d5145cb13a095d3
CLIENT_HANDSHAKE_TRAFFIC_SECRET 9fafed48345ab88e3fb262dbe09226da02ce683f32ca7698fceea73e264a2dbd 083d76beea8afb1cb7edb6582eea8160c5249e28106c01c7a4acff79d845d8b1dd369a9afa57abce09a26de7e22a3620
SERVER_TRAFFIC_SECRET_0 9fafed48345ab88e3fb262dbe09226da02ce683f32ca7698fceea73e264a2dbd a1f42202753afff9b1b4afacadb8d178f389d0b48ec6fc23f0a1d587b0aea287dd58aabc9da98b7487ca7695073260e8
CLIENT_TRAFFIC_SECRET_0 9fafed48345ab88e3fb262dbe09226da02ce683f32ca7698fceea73e264a2dbd 1ea687028439d14e3d6a56e58a44636f239f0ce3a356b4cc09933f659db07d67870359e4eddcdcb25a19a165d3bf3f80
CLIENT_TRAFFIC_SECRET_0 9fafed48345ab88e3fb262dbe09226da02ce683f32ca7698fceea73e264a2dbd 1ea687028439d14e3d6a56e58a44636f239f0ce3a356b4cc09933f659db07d67870359e4eddcdcb25a19a165d3bf3f80
SERVER_HANDSHAKE_TRAFFIC_SECRET 99744225904a765fc90e17ab8f6e1702dae68a3370ca0d49b718b6b97f307c87 68b4357f2327b981d3ab5b617aecd207376149e00d1b1eac92bde149f8a36a710492d97fd7911cdaa0cf6d81e6209dfa
CLIENT_HANDSHAKE_TRAFFIC_SECRET 99744225904a765fc90e17ab8f6e1702dae68a3370ca0d49b718b6b97f307c87 c647647b9a4e52d05e9c8030c5ece6df4435851290ad045f6e01a42c6eff05aa6b9318b88e6923e79616951b3f889cdc
SERVER_TRAFFIC_SECRET_0 99744225904a765fc90e17ab8f6e1702dae68a3370ca0d49b718b6b97f307c87 6b1ac2f2043a47864d1cb008f41b9a55badd99030f188ed3eebdd64cbcb2ed5bf49c91fe6d228b727fa039c45d473b7e
EXPORTER_SECRET 99744225904a765fc90e17ab8f6e1702dae68a3370ca0d49b718b6b97f307c87 12e70b3378e1646f6b0efe9c989de75d8e8c2817ec52bc3647694fe341866adcbd9254b77454a27a8c9d64c0450ca128
CLIENT_TRAFFIC_SECRET_0 99744225904a765fc90e17ab8f6e1702dae68a3370ca0d49b718b6b97f307c87 1e8f82695874cb9da2e7c391a91ddc8619dcb0aea1bd4792a3af48483334665b812f2ce235bc6df5a6543489cefd78ec
SERVER_HANDSHAKE_TRAFFIC_SECRET 99744225904a765fc90e17ab8f6e1702dae68a3370ca0d49b718b6b97f307c87 68b4357f2327b981d3ab5b617aecd207376149e00d1b1eac92bde149f8a36a710492d97fd7911cdaa0cf6d81e6209dfa
CLIENT_HANDSHAKE_TRAFFIC_SECRET 99744225904a765fc90e17ab8f6e1702dae68a3370ca0d49b718b6b97f307c87 c647647b9a4e52d05e9c8030c5ece6df4435851290ad045f6e01a42c6eff05aa6b9318b88e6923e79616951b3f889cdc
SERVER_TRAFFIC_SECRET_0 99744225904a765fc90e17ab8f6e1702dae68a3370ca0d49b718b6b97f307c87 6b1ac2f2043a47864d1cb008f41b9a55badd99030f188ed3eebdd64cbcb2ed5bf49c91fe6d228b727fa039c45d473b7e
CLIENT_TRAFFIC_SECRET_0 99744225904a765fc90e17ab8f6e1702dae68a3370ca0d49b718b6b97f307c87 1e8f82695874cb9da2e7c391a91ddc8619dcb0aea1bd4792a3af48483334665b812f2ce235bc6df5a6543489cefd78ec
CLIENT_TRAFFIC_SECRET_0 99744225904a765fc90e17ab8f6e1702dae68a3370ca0d49b718b6b97f307c87 1e8f82695874cb9da2e7c391a91ddc8619dcb0aea1bd4792a3af48483334665b812f2ce235bc6df5a6543489cefd78ec
SERVER_HANDSHAKE_TRAFFIC_SECRET a1b980839b5ca30579b3050ab8c180c3881218b5ccbe8650df12dd3bc6ca1d00 304f07c2c1eb85f4ea18a5fbf5b0f5b4d64e9476f365eb2f31c7ae966d5a6d24349a42128b070d090a6ea757002f8e8f
CLIENT_HANDSHAKE_TRAFFIC_SECRET a1b980839b5ca30579b3050ab8c180c3881218b5ccbe8650df12dd3bc6ca1d00 28956dfc16f090ce20d77c148c6ffe708f96b7c575c41ca6e71e18a7d962eb509b53e415907943318cc5b9b51faef6be
SERVER_TRAFFIC_SECRET_0 a1b980839b5ca30579b3050ab8c180c3881218b5ccbe8650df12dd3bc6ca1d00 3e0207fbf0c5095160dd447a3d041ff7572bec8510d21c01b61ab7527c43e94f5fd3a415ab983d9bb80e3ec8eb25631b
EXPORTER_SECRET a1b980839b5ca30579b3050ab8c180c3881218b5ccbe8650df12dd3bc6ca1d00 b7210f9798129b6021a3530d413d2073cb54572547319ed6e385867f0985a172041b6a77cdf46a044e711d040476695c
CLIENT_TRAFFIC_SECRET_0 a1b980839b5ca30579b3050ab8c180c3881218b5ccbe8650df12dd3bc6ca1d00 cf8113254104d9f7bed5686751347b87a4ab8e4e3f964291bf4a69fda28a13ff4ea170086b0e138adab5469ec0614c70
SERVER_HANDSHAKE_TRAFFIC_SECRET a1b980839b5ca30579b3050ab8c180c3881218b5ccbe8650df12dd3bc6ca1d00 304f07c2c1eb85f4ea18a5fbf5b0f5b4d64e9476f365eb2f31c7ae966d5a6d24349a42128b070d090a6ea757002f8e8f
CLIENT_HANDSHAKE_TRAFFIC_SECRET a1b980839b5ca30579b3050ab8c180c3881218b5ccbe8650df12dd3bc6ca1d00 28956dfc16f090ce20d77c148c6ffe708f96b7c575c41ca6e71e18a7d962eb509b53e415907943318cc5b9b51faef6be
SERVER_TRAFFIC_SECRET_0 a1b980839b5ca30579b3050ab8c180c3881218b5ccbe8650df12dd3bc6ca1d00 3e0207fbf0c5095160dd447a3d041ff7572bec8510d21c01b61ab7527c43e94f5fd3a415ab983d9bb80e3ec8eb25631b
CLIENT_TRAFFIC_SECRET_0 a1b980839b5ca30579b3050ab8c180c3881218b5ccbe8650df12dd3bc6ca1d00 cf8113254104d9f7bed5686751347b87a4ab8e4e3f964291bf4a69fda28a13ff4ea170086b0e138adab5469ec0614c70
CLIENT_TRAFFIC_SECRET_0 a1b980839b5ca30579b3050ab8c180c3881218b5ccbe8650df12dd3bc6ca1d00 cf8113254104d9f7bed5686751347b87a4ab8e4e3f964291bf4a69fda28a13ff4ea170086b0e138adab5469ec0614c70
SERVER_HANDSHAKE_TRAFFIC_SECRET 1dfa246a5c694b28c79c5eb1eafcea2b3be0ebd639d87ad8f35979e53c04f10a 75cf268d74340e8787f1b5a19cd3613c56ef3a4901d6ff3c4989b3d1c86a4b542912d9fbfdafa79550db579eb11747d1
CLIENT_HANDSHAKE_TRAFFIC_SECRET 1dfa246a5c694b28c79c5eb1eafcea2b3be0ebd639d87ad8f35979e53c04f10a 22ff1543d830dbc87589fbee34b6cc2e7904774afb259f78a10da2e3f76c0b5b712dbfe7be7c18fa738152458ad7ef0f
SERVER_TRAFFIC_SECRET_0 1dfa246a5c694b28c79c5eb1eafcea2b3be0ebd639d87ad8f35979e53c04f10a a2666ba8f0f47fed55494a23d5e80d0d8c18b0caa32371400efd0b219ff151f93a1ada39356826c65b9ce3cd5689de75
EXPORTER_SECRET 1dfa246a5c694b28c79c5eb1eafcea2b3be0ebd639d87ad8f35979e53c04f10a 15ad88b8534a2c6edb610e1c7c14da3c70868022f23fd16407c55bcab7962de0048b9238a256663a6f2b5fd381163e8f
CLIENT_TRAFFIC_SECRET_0 1dfa246a5c694b28c79c5eb1eafcea2b3be0ebd639d87ad8f35979e53c04f10a 4e1e3b0e6c0c9c1296003aff56ca24aa75ae29f30365a7ae7009ec23d8098ab624309ed78f5d9434c80fe3a41430c21d
SERVER_HANDSHAKE_TRAFFIC_SECRET 1dfa246a5c694b28c79c5eb1eafcea2b3be0ebd639d87ad8f35979e53c04f10a 75cf268d74340e8787f1b5a19cd3613c56ef3a4901d6ff3c4989b3d1c86a4b542912d9fbfdafa79550db579eb11747d1
CLIENT_HANDSHAKE_TRAFFIC_SECRET 1dfa246a5c694b28c79c5eb1eafcea2b3be0ebd639d87ad8f35979e53c04f10a 22ff1543d830dbc87589fbee34b6cc2e7904774afb259f78a10da2e3f76c0b5b712dbfe7be7c18fa738152458ad7ef0f
SERVER_TRAFFIC_SECRET_0 1dfa246a5c694b28c79c5eb1eafcea2b3be0ebd639d87ad8f35979e53c04f10a a2666ba8f0f47fed55494a23d5e80d0d8c18b0caa32371400efd0b219ff151f93a1ada39356826c65b9ce3cd5689de75
CLIENT_TRAFFIC_SECRET_0 1dfa246a5c694b28c79c5eb1eafcea2b3be0ebd639d87ad8f35979e53c04f10a 4e1e3b0e6c0c9c1296003aff56ca24aa75ae29f30365a7ae7009ec23d8098ab624309ed78f5d9434c80fe3a41430c21d
CLIENT_TRAFFIC_SECRET_0 1dfa246a5c694b28c79c5eb1eafcea2b3be0ebd639d87ad8f35979e53c04f10a 4e1e3b0e6c0c9c1296003aff56ca24aa75ae29f30365a7ae7009ec23d8098ab624309ed78f5d9434c80fe3a41430c21d
SERVER_HANDSHAKE_TRAFFIC_SECRET 06ccab134eed72d68f3886a0154c762e0ea0e01e1e5d07054eae12b6473413a6 d42a974b625b719b45268803d2f1d4ea8abd59abde69a1bbf74b9b709cd00984515acb183d47195026900d230b31d4e5
CLIENT_HANDSHAKE_TRAFFIC_SECRET 06ccab134eed72d68f3886a0154c762e0ea0e01e1e5d07054eae12b6473413a6 b815ed5cb56b60e782898ce2aa00993b5198ac125571fa9a794af342bd3a1ab63d226023bac7c860bef48baaf9b76c1c
SERVER_TRAFFIC_SECRET_0 06ccab134eed72d68f3886a0154c762e0ea0e01e1e5d07054eae12b6473413a6 c801f9d5eb5dd7f1701cc8616ef79032a7bc66e8e3ba15b0fb6a19cc5447919e3b38d44395185d050fefaf1d93faee73
EXPORTER_SECRET 06ccab134eed72d68f3886a0154c762e0ea0e01e1e5d07054eae12b6473413a6 56629bcd80dedbe3c102bc2615ab04a325cf6f0bf9d936a7ab37b0c37168ba94bea8c3cefd6de6b00461cd3dd6b7de55
CLIENT_TRAFFIC_SECRET_0 06ccab134eed72d68f3886a0154c762e0ea0e01e1e5d07054eae12b6473413a6 cf6477159bda2aa18d0d90e6a0d1e922efa375ea16e2d8a48c987f33edb04a9c61c9a3ae14bb8774fd3a528450a9d637
SERVER_HANDSHAKE_TRAFFIC_SECRET 06ccab134eed72d68f3886a0154c762e0ea0e01e1e5d07054eae12b6473413a6 d42a974b625b719b45268803d2f1d4ea8abd59abde69a1bbf74b9b709cd00984515acb183d47195026900d230b31d4e5
CLIENT_HANDSHAKE_TRAFFIC_SECRET 06ccab134eed72d68f3886a0154c762e0ea0e01e1e5d07054eae12b6473413a6 b815ed5cb56b60e782898ce2aa00993b5198ac125571fa9a794af342bd3a1ab63d226023bac7c860bef48baaf9b76c1c
SERVER_TRAFFIC_SECRET_0 06ccab134eed72d68f3886a0154c762e0ea0e01e1e5d07054eae12b6473413a6 c801f9d5eb5dd7f1701cc8616ef79032a7bc66e8e3ba15b0fb6a19cc5447919e3b38d44395185d050fefaf1d93faee73
CLIENT_TRAFFIC_SECRET_0 06ccab134eed72d68f3886a0154c762e0ea0e01e1e5d07054eae12b6473413a6 cf6477159bda2aa18d0d90e6a0d1e922efa375ea16e2d8a48c987f33edb04a9c61c9a3ae14bb8774fd3a528450a9d637
CLIENT_TRAFFIC_SECRET_0 06ccab134eed72d68f3886a0154c762e0ea0e01e1e5d07054eae12b6473413a6 cf6477159bda2aa18d0d90e6a0d1e922efa375ea16e2d8a48c987f33edb04a9c61c9a3ae14bb8774fd3a528450a9d637
SERVER_HANDSHAKE_TRAFFIC_SECRET 017b9b820d23232b4a9a919d4a9b11f2e6b25b0340efe2122738a3f3ec6d593c eb3567b06f970cd0980cfdfa54a9754ee01d8e204e0f974634a8e68997464aa8bb1a23e57964c546945136cd95786f5c
CLIENT_HANDSHAKE_TRAFFIC_SECRET 017b9b820d23232b4a9a919d4a9b11f2e6b25b0340efe2122738a3f3ec6d593c 6276dc46f38905f3d485826aa21d9895b01fcfcc1f6e1011a428e667c47b729b02e8964607061d242178d1604228ede6
SERVER_TRAFFIC_SECRET_0 017b9b820d23232b4a9a919d4a9b11f2e6b25b0340efe2122738a3f3ec6d593c dd308b9c049fd42488ad1952beabe7495f2de0c6aeeab02232f73ab8dc14649ac0e29830eccd4bc7e4ea8c71e0c8aa90
EXPORTER_SECRET 017b9b820d23232b4a9a919d4a9b11f2e6b25b0340efe2122738a3f3ec6d593c 278777fcedab610aa01efef518227403c77493339b5c14afdfe6f98307772322ebaa0bc39af63f48e6a3c852b760db78
CLIENT_TRAFFIC_SECRET_0 017b9b820d23232b4a9a919d4a9b11f2e6b25b0340efe2122738a3f3ec6d593c e9f833afd0fd07455990f5df6c80ac468d453a50e25739dbc7ee33237c3fdc967a395b8edf87d6d7f1be7730be07e560
SERVER_HANDSHAKE_TRAFFIC_SECRET 017b9b820d23232b4a9a919d4a9b11f2e6b25b0340efe2122738a3f3ec6d593c eb3567b06f970cd0980cfdfa54a9754ee01d8e204e0f974634a8e68997464aa8bb1a23e57964c546945136cd95786f5c
CLIENT_HANDSHAKE_TRAFFIC_SECRET 017b9b820d23232b4a9a919d4a9b11f2e6b25b0340efe2122738a3f3ec6d593c 6276dc46f38905f3d485826aa21d9895b01fcfcc1f6e1011a428e667c47b729b02e8964607061d242178d1604228ede6
SERVER_TRAFFIC_SECRET_0 017b9b820d23232b4a9a919d4a9b11f2e6b25b0340efe2122738a3f3ec6d593c dd308b9c049fd42488ad1952beabe7495f2de0c6aeeab02232f73ab8dc14649ac0e29830eccd4bc7e4ea8c71e0c8aa90
CLIENT_TRAFFIC_SECRET_0 017b9b820d23232b4a9a919d4a9b11f2e6b25b0340efe2122738a3f3ec6d593c e9f833afd0fd07455990f5df6c80ac468d453a50e25739dbc7ee33237c3fdc967a395b8edf87d6d7f1be7730be07e560
CLIENT_TRAFFIC_SECRET_0 017b9b820d23232b4a9a919d4a9b11f2e6b25b0340efe2122738a3f3ec6d593c e9f833afd0fd07455990f5df6c80ac468d453a50e25739dbc7ee33237c3fdc967a395b8edf87d6d7f1be7730be07e560
SERVER_HANDSHAKE_TRAFFIC_SECRET 7beca2d0f5dd4ed19afea32c5ef38fba57ae49ec4c22105447155c2077e0bca0 2bed27bd67c80ffb2fa04e606dfa9c7079aa1d9c89e40c2beb8cdfa4c6b7af796b4dd3b65406eb70da144d269d0ce7c1
CLIENT_HANDSHAKE_TRAFFIC_SECRET 7beca2d0f5dd4ed19afea32c5ef38fba57ae49ec4c22105447155c2077e0bca0 7660df53cb0213c3c11c253334b06efcb1ad04441fe0fb7faab5a36c12cded47d19b4439d9de7de1e6104424e9f1e1f1
SERVER_TRAFFIC_SECRET_0 7beca2d0f5dd4ed19afea32c5ef38fba57ae49ec4c22105447155c2077e0bca0 39740786533fa0dce75548e87821fdf62608e19d09e52701ddcf3088b851bac0dfa408daa9c6e4556e9a54a1a0948ed0
EXPORTER_SECRET 7beca2d0f5dd4ed19afea32c5ef38fba57ae49ec4c22105447155c2077e0bca0 7549cb69df141eac49c1ba676ad5dae294a4c4cc2a5ec6abc5cd121b5c2b2a00a0164093c44dfd6bef805b564dbcc2a3
CLIENT_TRAFFIC_SECRET_0 7beca2d0f5dd4ed19afea32c5ef38fba57ae49ec4c22105447155c2077e0bca0 42d9691b79277a641fd03d36dfe698c12eb442871cf69ac53fa24099a5f408bbc2ebbd5f56a8af32f93721b5b7cbd7d3
SERVER_HANDSHAKE_TRAFFIC_SECRET 7beca2d0f5dd4ed19afea32c5ef38fba57ae49ec4c22105447155c2077e0bca0 2bed27bd67c80ffb2fa04e606dfa9c7079aa1d9c89e40c2beb8cdfa4c6b7af796b4dd3b65406eb70da144d269d0ce7c1
CLIENT_HANDSHAKE_TRAFFIC_SECRET 7beca2d0f5dd4ed19afea32c5ef38fba57ae49ec4c22105447155c2077e0bca0 7660df53cb0213c3c11c253334b06efcb1ad04441fe0fb7faab5a36c12cded47d19b4439d9de7de1e6104424e9f1e1f1
SERVER_TRAFFIC_SECRET_0 7beca2d0f5dd4ed19afea32c5ef38fba57ae49ec4c22105447155c2077e0bca0 39740786533fa0dce75548e87821fdf62608e19d09e52701ddcf3088b851bac0dfa408daa9c6e4556e9a54a1a0948ed0
CLIENT_TRAFFIC_SECRET_0 7beca2d0f5dd4ed19afea32c5ef38fba57ae49ec4c22105447155c2077e0bca0 42d9691b79277a641fd03d36dfe698c12eb442871cf69ac53fa24099a5f408bbc2ebbd5f56a8af32f93721b5b7cbd7d3
CLIENT_TRAFFIC_SECRET_0 7beca2d0f5dd4ed19afea32c5ef38fba57ae49ec4c22105447155c2077e0bca0 42d9691b79277a641fd03d36dfe698c12eb442871cf69ac53fa24099a5f408bbc2ebbd5f56a8af32f93721b5b7cbd7d3
SERVER_HANDSHAKE_TRAFFIC_SECRET c9e676fcc37359800a227121fe19a9d4299506189b1ea45a2994638ffdbf7d89 aaf58b0a4f0a883d05056174b9c70a77f7bfac9d795683b6adb7639b3896948054a1f8aeee137b5dd1638fbd33f181d7
CLIENT_HANDSHAKE_TRAFFIC_SECRET c9e676fcc37359800a227121fe19a9d4299506189b1ea45a2994638ffdbf7d89 acbd26876917503a1a7abebe3df93c35385dd75a0ef99e1eeb45b55b354062c0a4577826222769c3e3eb41b85bd5040f
SERVER_TRAFFIC_SECRET_0 c9e676fcc37359800a227121fe19a9d4299506189b1ea45a2994638ffdbf7d89 d4355ab1f1130ece0d68c3d2d6a8614db5071b14975d7a7fb42bb3003342ff5502e902b953c98479103c2101a932d2cd
EXPORTER_SECRET c9e676fcc37359800a227121fe19a9d4299506189b1ea45a2994638ffdbf7d89 e6d457874562a3d65d2421036bcdcfc2c87f26cff06d448ec8bb6535d0fba3b4370df4ca4c98ab1783d52597b535babc
CLIENT_TRAFFIC_SECRET_0 c9e676fcc37359800a227121fe19a9d4299506189b1ea45a2994638ffdbf7d89 f36df37532f5ee9a34b7e5d8a6f1cff3201cb1617c0d82c1e3fce036092942f188a12d77e759514f38e6195bda680198
SERVER_HANDSHAKE_TRAFFIC_SECRET c9e676fcc37359800a227121fe19a9d4299506189b1ea45a2994638ffdbf7d89 aaf58b0a4f0a883d05056174b9c70a77f7bfac9d795683b6adb7639b3896948054a1f8aeee137b5dd1638fbd33f181d7
CLIENT_HANDSHAKE_TRAFFIC_SECRET c9e676fcc37359800a227121fe19a9d4299506189b1ea45a2994638ffdbf7d89 acbd26876917503a1a7abebe3df93c35385dd75a0ef99e1eeb45b55b354062c0a4577826222769c3e3eb41b85bd5040f
SERVER_TRAFFIC_SECRET_0 c9e676fcc37359800a227121fe19a9d4299506189b1ea45a2994638ffdbf7d89 d4355ab1f1130ece0d68c3d2d6a8614db5071b14975d7a7fb42bb3003342ff5502e902b953c98479103c2101a932d2cd
CLIENT_TRAFFIC_SECRET_0 c9e676fcc37359800a227121fe19a9d4299506189b1ea45a2994638ffdbf7d89 f36df37532f5ee9a34b7e5d8a6f1cff3201cb1617c0d82c1e3fce036092942f188a12d77e759514f38e6195bda680198
CLIENT_TRAFFIC_SECRET_0 c9e676fcc37359800a227121fe19a9d4299506189b1ea45a2994638ffdbf7d89 f36df37532f5ee9a34b7e5d8a6f1cff3201cb1617c0d82c1e3fce036092942f188a12d77e759514f38e6195bda680198
SERVER_HANDSHAKE_TRAFFIC_SECRET a926799c5c918d7f0530ff5c1370ed68b32b10c3dd25023a24642bddbb47b45f a11c6ff7b2d79a3f97f4d35622d8f994b654381914c122747d0c8ba8a084065671f644cf8d87a7d819cf56ac59c519ee
CLIENT_HANDSHAKE_TRAFFIC_SECRET a926799c5c918d7f0530ff5c1370ed68b32b10c3dd25023a24642bddbb47b45f f335b053a566edb4213041992201dd6f02b6aef5f8729d004cbdb4eada0a0924b1dc8301a2488468c7653345ec5429cb
SERVER_TRAFFIC_SECRET_0 a926799c5c918d7f0530ff5c1370ed68b32b10c3dd25023a24642bddbb47b45f c7d545fdd10729c182a6b2adced8efcb1fa010799c0c5932b814a572c702cab31efe88e94f5f766bc11b30117266f9db
EXPORTER_SECRET a926799c5c918d7f0530ff5c1370ed68b32b10c3dd25023a24642bddbb47b45f 5ecd9e39bc104db6fc3bface191c67f118253c3bd6cc7bc07325a80233b818bcfb5c1f2dad91280c27b14f4b64641939
CLIENT_TRAFFIC_SECRET_0 a926799c5c918d7f0530ff5c1370ed68b32b10c3dd25023a24642bddbb47b45f 8ae32668631da833b954d96865db2c8ae6d39599943d09571a60f29dda8e406036fc0130240195205b6fee5ce0a3134b
SERVER_HANDSHAKE_TRAFFIC_SECRET a926799c5c918d7f0530ff5c1370ed68b32b10c3dd25023a24642bddbb47b45f a11c6ff7b2d79a3f97f4d35622d8f994b654381914c122747d0c8ba8a084065671f644cf8d87a7d819cf56ac59c519ee
CLIENT_HANDSHAKE_TRAFFIC_SECRET a926799c5c918d7f0530ff5c1370ed68b32b10c3dd25023a24642bddbb47b45f f335b053a566edb4213041992201dd6f02b6aef5f8729d004cbdb4eada0a0924b1dc8301a2488468c7653345ec5429cb
SERVER_TRAFFIC_SECRET_0 a926799c5c918d7f0530ff5c1370ed68b32b10c3dd25023a24642bddbb47b45f c7d545fdd10729c182a6b2adced8efcb1fa010799c0c5932b814a572c702cab31efe88e94f5f766bc11b30117266f9db
CLIENT_TRAFFIC_SECRET_0 a926799c5c918d7f0530ff5c1370ed68b32b10c3dd25023a24642bddbb47b45f 8ae32668631da833b954d96865db2c8ae6d39599943d09571a60f29dda8e406036fc0130240195205b6fee5ce0a3134b
CLIENT_TRAFFIC_SECRET_0 a926799c5c918d7f0530ff5c1370ed68b32b10c3dd25023a24642bddbb47b45f 8ae32668631da833b954d96865db2c8ae6d39599943d09571a60f29dda8e406036fc0130240195205b6fee5ce0a3134b
SERVER_HANDSHAKE_TRAFFIC_SECRET 87d1751c6b35c3cedc2823665c02bec2cd30c316ddf9924920de3fa6ff11c4d3 22aea910462d776c5f3e84256d730c0703c497ec311b22b517484731e0315ea1a1cd97d8737654107e8fd6a2055272b0
CLIENT_HANDSHAKE_TRAFFIC_SECRET 87d1751c6b35c3cedc2823665c02bec2cd30c316ddf9924920de3fa6ff11c4d3 f2d4c3eadf0f57f3c91b751ccda90763ae28db16941b2b289709aeb094599368aabf29726a2ed07cf46c637ec59edf4e
SERVER_TRAFFIC_SECRET_0 87d1751c6b35c3cedc2823665c02bec2cd30c316ddf9924920de3fa6ff11c4d3 1f816d55913ebb410102fc0f601ce61edbac9b0e3645f42b9481013f96633ef2c9075039ea8b98b139e1c34a4f76bb5d
EXPORTER_SECRET 87d1751c6b35c3cedc2823665c02bec2cd30c316ddf9924920de3fa6ff11c4d3 bb301cc0f6b3ffce91b4e08b3ba33f5307b8a66586746a7f6ea7045dd605600f7d77bd64dd0c405f19b8cf0bb2885672
CLIENT_TRAFFIC_SECRET_0 87d1751c6b35c3cedc2823665c02bec2cd30c316ddf9924920de3fa6ff11c4d3 75bc9f783d1e824dd7a89883e8fa8e06ae3cfcd1daf017df842b8a4e264607eccedccdde1ec855cc451ce5f7aef8eab3
SERVER_HANDSHAKE_TRAFFIC_SECRET 87d1751c6b35c3cedc2823665c02bec2cd30c316ddf9924920de3fa6ff11c4d3 22aea910462d776c5f3e84256d730c0703c497ec311b22b517484731e0315ea1a1cd97d8737654107e8fd6a2055272b0
CLIENT_HANDSHAKE_TRAFFIC_SECRET 87d1751c6b35c3cedc2823665c02bec2cd30c316ddf9924920de3fa6ff11c4d3 f2d4c3eadf0f57f3c91b751ccda90763ae28db16941b2b289709aeb094599368aabf29726a2ed07cf46c637ec59edf4e
SERVER_TRAFFIC_SECRET_0 87d1751c6b35c3cedc2823665c02bec2cd30c316ddf9924920de3fa6ff11c4d3 1f816d55913ebb410102fc0f601ce61edbac9b0e3645f42b9481013f96633ef2c9075039ea8b98b139e1c34a4f76bb5d
CLIENT_TRAFFIC_SECRET_0 87d1751c6b35c3cedc2823665c02bec2cd30c316ddf9924920de3fa6ff11c4d3 75bc9f783d1e824dd7a89883e8fa8e06ae3cfcd1daf017df842b8a4e264607eccedccdde1ec855cc451ce5f7aef8eab3
CLIENT_TRAFFIC_SECRET_0 87d1751c6b35c3cedc2823665c02bec2cd30c316ddf9924920de3fa6ff11c4d3 75bc9f783d1e824dd7a89883e8fa8e06ae3cfcd1daf017df842b8a4e264607eccedccdde1ec855cc451ce5f7aef8eab3
SERVER_HANDSHAKE_TRAFFIC_SECRET c3c6a766e54bf798771eeb4fdc1c8f644028959a6519c4603b77bf9bc147a567 2a4fd7d129eda90de50a9240f51c8340b2d7c45ea3f7998f746c0b26bf6a4e1956e141821aedf7164ff88bc7dd54af0b
CLIENT_HANDSHAKE_TRAFFIC_SECRET c3c6a766e54bf798771eeb4fdc1c8f644028959a6519c4603b77bf9bc147a567 6dac4becb588111365aee846a5d2f93ac908fb2af341afe706dd2a9cb0ee478ff33307b41f3b2dddf9dbf90c3cf030a7
SERVER_TRAFFIC_SECRET_0 c3c6a766e54bf798771eeb4fdc1c8f644028959a6519c4603b77bf9bc147a567 e3b304a7c4383af6c21110ac908f80e1072d46f25115e03ec4e02db9ec708403eb261e806a7954fc93f32f6d9d09b718
EXPORTER_SECRET c3c6a766e54bf798771eeb4fdc1c8f644028959a6519c4603b77bf9bc147a567 208e10e4180ce32b5e4c27f53f0a832c99bd984990c030f64c67e0acdb34f7b2a521b743fed3bf7f0ce771e4473d3465
CLIENT_TRAFFIC_SECRET_0 c3c6a766e54bf798771eeb4fdc1c8f644028959a6519c4603b77bf9bc147a567 be33698739191878dec5ee2485dea082620013cfcc63a8394e15fff392cfae88119f177da8bbc75c57a3593a7748d626
SERVER_HANDSHAKE_TRAFFIC_SECRET c3c6a766e54bf798771eeb4fdc1c8f644028959a6519c4603b77bf9bc147a567 2a4fd7d129eda90de50a9240f51c8340b2d7c45ea3f7998f746c0b26bf6a4e1956e141821aedf7164ff88bc7dd54af0b
CLIENT_HANDSHAKE_TRAFFIC_SECRET c3c6a766e54bf798771eeb4fdc1c8f644028959a6519c4603b77bf9bc147a567 6dac4becb588111365aee846a5d2f93ac908fb2af341afe706dd2a9cb0ee478ff33307b41f3b2dddf9dbf90c3cf030a7
SERVER_TRAFFIC_SECRET_0 c3c6a766e54bf798771eeb4fdc1c8f644028959a6519c4603b77bf9bc147a567 e3b304a7c4383af6c21110ac908f80e1072d46f25115e03ec4e02db9ec708403eb261e806a7954fc93f32f6d9d09b718
CLIENT_TRAFFIC_SECRET_0 c3c6a766e54bf798771eeb4fdc1c8f644028959a6519c4603b77bf9bc147a567 be33698739191878dec5ee2485dea082620013cfcc63a8394e15fff392cfae88119f177da8bbc75c57a3593a7748d626
CLIENT_TRAFFIC_SECRET_0 c3c6a766e54bf798771eeb4fdc1c8f644028959a6519c4603b77bf9bc147a567 be33698739191878dec5ee2485dea082620013cfcc63a8394e15fff392cfae88119f177da8bbc75c57a3593a7748d626
SERVER_HANDSHAKE_TRAFFIC_SECRET 2b2a2f282e92c86d0584b9ab2f9ab276493790f87f1de3bf70d5d47ace163f23 22fe130ce63144fde3d907d5c6ba745ff5e1dad9f58d58a836db07805c9421211765016cc7daa75da2df41fefaf8399a
CLIENT_HANDSHAKE_TRAFFIC_SECRET 2b2a2f282e92c86d0584b9ab2f9ab276493790f87f1de3bf70d5d47ace163f23 b24c8acc0987c6863cbebe561ab17cb14a5136f18451fcb1e7176819c7e2a00b4b8200473a0bace4d7108316cf9e6648
SERVER_TRAFFIC_SECRET_0 2b2a2f282e92c86d0584b9ab2f9ab276493790f87f1de3bf70d5d47ace163f23 ce27c6dd90002bcb544d321724dd3d019f54a54a53f9b958a6dc8e1147367de41335c99e2989594862c47c203ed81b88
EXPORTER_SECRET 2b2a2f282e92c86d0584b9ab2f9ab276493790f87f1de3bf70d5d47ace163f23 94364a03e11b7056e0bc5de8bdb37805ee4b4ed1a54c1b84e3730ad3a386c4cc77742170b045bdf3b9d610a76b165195
CLIENT_TRAFFIC_SECRET_0 2b2a2f282e92c86d0584b9ab2f9ab276493790f87f1de3bf70d5d47ace163f23 978bf4aea6a2898d2689fc3cb8a891bc5f397b1b2b43063d61e860ebb938deed1004397c9cbc17d472f3a5cbc22dc139
SERVER_HANDSHAKE_TRAFFIC_SECRET 2b2a2f282e92c86d0584b9ab2f9ab276493790f87f1de3bf70d5d47ace163f23 22fe130ce63144fde3d907d5c6ba745ff5e1dad9f58d58a836db07805c9421211765016cc7daa75da2df41fefaf8399a
CLIENT_HANDSHAKE_TRAFFIC_SECRET 2b2a2f282e92c86d0584b9ab2f9ab276493790f87f1de3bf70d5d47ace163f23 b24c8acc0987c6863cbebe561ab17cb14a5136f18451fcb1e7176819c7e2a00b4b8200473a0bace4d7108316cf9e6648
SERVER_TRAFFIC_SECRET_0 2b2a2f282e92c86d0584b9ab2f9ab276493790f87f1de3bf70d5d47ace163f23 ce27c6dd90002bcb544d321724dd3d019f54a54a53f9b958a6dc8e1147367de41335c99e2989594862c47c203ed81b88
CLIENT_TRAFFIC_SECRET_0 2b2a2f282e92c86d0584b9ab2f9ab276493790f87f1de3bf70d5d47ace163f23 978bf4aea6a2898d2689fc3cb8a891bc5f397b1b2b43063d61e860ebb938deed1004397c9cbc17d472f3a5cbc22dc139
CLIENT_TRAFFIC_SECRET_0 2b2a2f282e92c86d0584b9ab2f9ab276493790f87f1de3bf70d5d47ace163f23 978bf4aea6a2898d2689fc3cb8a891bc5f397b1b2b43063d61e860ebb938deed1004397c9cbc17d472f3a5cbc22dc139
SERVER_HANDSHAKE_TRAFFIC_SECRET 0e56e83a4d8b77854dc4d98424ab574bcaa431d2392da08bd252308fd7264632 3b880304ba84b3d1dd1495035b3f05c494dd3fae69abd3c61f405f91cfeafc024ce8c7d25cf6d1b184a3790f505e7cc2
CLIENT_HANDSHAKE_TRAFFIC_SECRET 0e56e83a4d8b77854dc4d98424ab574bcaa431d2392da08bd252308fd7264632 70ad7f8e0a46fae1ad579d56dff470581588af87a14e7c76b25478207a3d632c0c63feeb7e6a0682058540a1fee13b50
SERVER_TRAFFIC_SECRET_0 0e56e83a4d8b77854dc4d98424ab574bcaa431d2392da08bd252308fd7264632 54d66115a2b7a7c5472d2587a0b3b6753a9da8999718b9f1d760901dc8059ca988bb3e6b5d0959118f9c6bdbc2b3c1eb
EXPORTER_SECRET 0e56e83a4d8b77854dc4d98424ab574bcaa431d2392da08bd252308fd7264632 7ebba61fc6cf214d4ecab04c232914e82efafadf7d29bb3f736b7cc45b1afae65456dcc013dc533196b87ba4de49a7ca
CLIENT_TRAFFIC_SECRET_0 0e56e83a4d8b77854dc4d98424ab574bcaa431d2392da08bd252308fd7264632 e47ddd5fa6a1434ecc3e54c131020cd39d563a1c12f42c279cb860c9831713e78f512a7a4fe506ab89cccdb92892e059
SERVER_HANDSHAKE_TRAFFIC_SECRET 0e56e83a4d8b77854dc4d98424ab574bcaa431d2392da08bd252308fd7264632 3b880304ba84b3d1dd1495035b3f05c494dd3fae69abd3c61f405f91cfeafc024ce8c7d25cf6d1b184a3790f505e7cc2
CLIENT_HANDSHAKE_TRAFFIC_SECRET 0e56e83a4d8b77854dc4d98424ab574bcaa431d2392da08bd252308fd7264632 70ad7f8e0a46fae1ad579d56dff470581588af87a14e7c76b25478207a3d632c0c63feeb7e6a0682058540a1fee13b50
SERVER_TRAFFIC_SECRET_0 0e56e83a4d8b77854dc4d98424ab574bcaa431d2392da08bd252308fd7264632 54d66115a2b7a7c5472d2587a0b3b6753a9da8999718b9f1d760901dc8059ca988bb3e6b5d0959118f9c6bdbc2b3c1eb
CLIENT_TRAFFIC_SECRET_0 0e56e83a4d8b77854dc4d98424ab574bcaa431d2392da08bd252308fd7264632 e47ddd5fa6a1434ecc3e54c131020cd39d563a1c12f42c279cb860c9831713e78f512a7a4fe506ab89cccdb92892e059
CLIENT_TRAFFIC_SECRET_0 0e56e83a4d8b77854dc4d98424ab574bcaa431d2392da08bd252308fd7264632 e47ddd5fa6a1434ecc3e54c131020cd39d563a1c12f42c279cb860c9831713e78f512a7a4fe506ab89cccdb92892e059
SERVER_HANDSHAKE_TRAFFIC_SECRET 6270915133b2c35d98b4a87f7859628a24358a9dac50a490c90dd47147230f40 d2b29423d45ec60dc955c3c9a5c711f70ea7aaaab2fc1bb51d996c0da2ce570f643ba82b8dd61baae9678b58f0c13c3f
CLIENT_HANDSHAKE_TRAFFIC_SECRET 6270915133b2c35d98b4a87f7859628a24358a9dac50a490c90dd47147230f40 445050862c3663cde737dc481b965242caba8bb821cc4647e0bf3e6dbec2eadeb216e669d76d8782afedc160597729c7
SERVER_TRAFFIC_SECRET_0 6270915133b2c35d98b4a87f7859628a24358a9dac50a490c90dd47147230f40 5f90ad95eacf39c8dbcea40e0cb7954db6bbe2c75b7bdeeb9673925d25b150056f677db15c738c65235fc125aa419dc9
EXPORTER_SECRET 6270915133b2c35d98b4a87f7859628a24358a9dac50a490c90dd47147230f40 aeaa4ae2a0295624cd2523bab925304b0808460b807d5ff3c154405e6fdbb15293d6f9c2b6095f5f6dca1a12d2967b81
CLIENT_TRAFFIC_SECRET_0 6270915133b2c35d98b4a87f7859628a24358a9dac50a490c90dd47147230f40 eb882cb8926d80daf747331b5285f992c89b8b2d28bd86d5f1e72a2bf177221d3f3694c3a3f74df2158e3f3d03855072
SERVER_HANDSHAKE_TRAFFIC_SECRET 6270915133b2c35d98b4a87f7859628a24358a9dac50a490c90dd47147230f40 d2b29423d45ec60dc955c3c9a5c711f70ea7aaaab2fc1bb51d996c0da2ce570f643ba82b8dd61baae9678b58f0c13c3f
CLIENT_HANDSHAKE_TRAFFIC_SECRET 6270915133b2c35d98b4a87f7859628a24358a9dac50a490c90dd47147230f40 445050862c3663cde737dc481b965242caba8bb821cc4647e0bf3e6dbec2eadeb216e669d76d8782afedc160597729c7
SERVER_TRAFFIC_SECRET_0 6270915133b2c35d98b4a87f7859628a24358a9dac50a490c90dd47147230f40 5f90ad95eacf39c8dbcea40e0cb7954db6bbe2c75b7bdeeb9673925d25b150056f677db15c738c65235fc125aa419dc9
CLIENT_TRAFFIC_SECRET_0 6270915133b2c35d98b4a87f7859628a24358a9dac50a490c90dd47147230f40 eb882cb8926d80daf747331b5285f992c89b8b2d28bd86d5f1e72a2bf177221d3f3694c3a3f74df2158e3f3d03855072
CLIENT_TRAFFIC_SECRET_0 6270915133b2c35d98b4a87f7859628a24358a9dac50a490c90dd47147230f40 eb882cb8926d80daf747331b5285f992c89b8b2d28bd86d5f1e72a2bf177221d3f3694c3a3f74df2158e3f3d03855072
SERVER_HANDSHAKE_TRAFFIC_SECRET 5ebba9f609688862fc4438c7b78b6ed27e6365f4626fee314841cb639b2ea0ea 8a4c60993f93461375c264cb729a1b248270a28af7cd72e83a8d7e207373efa9057d01d8ae1b45caa364e93f222b390f
CLIENT_HANDSHAKE_TRAFFIC_SECRET 5ebba9f609688862fc4438c7b78b6ed27e6365f4626fee314841cb639b2ea0ea 40f73d06c28767bb5187f464902de8120b4486f3ea08354df8315dd091c0392a8dcc4b23f91ab3f6e050200bb78542f6
SERVER_TRAFFIC_SECRET_0 5ebba9f609688862fc4438c7b78b6ed27e6365f4626fee314841cb639b2ea0ea d3f751a0dcda3d1df2424d4af635c735bff17aaf6bb78b52ffc5e47cc4ba3bea7ca29ceaced4564c2e98eec1a55b437b
EXPORTER_SECRET 5ebba9f609688862fc4438c7b78b6ed27e6365f4626fee314841cb639b2ea0ea 5e19f8d1a194b51e1ae91c5ba9b4d2644e0b9529733493baa00bbe6824ebcaf1096870ba8776c2d02adc0e7c3f0ccc59
CLIENT_TRAFFIC_SECRET_0 5ebba9f609688862fc4438c7b78b6ed27e6365f4626fee314841cb639b2ea0ea 375392776da5443bd49c85fec1e3825c5efae93fe1a0baa993c8b8ada33a8dc749a7c4278ed2e384bf4a2ba5c294b69e
SERVER_HANDSHAKE_TRAFFIC_SECRET 5ebba9f609688862fc4438c7b78b6ed27e6365f4626fee314841cb639b2ea0ea 8a4c60993f93461375c264cb729a1b248270a28af7cd72e83a8d7e207373efa9057d01d8ae1b45caa364e93f222b390f
CLIENT_HANDSHAKE_TRAFFIC_SECRET 5ebba9f609688862fc4438c7b78b6ed27e6365f4626fee314841cb639b2ea0ea 40f73d06c28767bb5187f464902de8120b4486f3ea08354df8315dd091c0392a8dcc4b23f91ab3f6e050200bb78542f6
SERVER_TRAFFIC_SECRET_0 5ebba9f609688862fc4438c7b78b6ed27e6365f4626fee314841cb639b2ea0ea d3f751a0dcda3d1df2424d4af635c735bff17aaf6bb78b52ffc5e47cc4ba3bea7ca29ceaced4564c2e98eec1a55b437b
CLIENT_TRAFFIC_SECRET_0 5ebba9f609688862fc4438c7b78b6ed27e6365f4626fee314841cb639b2ea0ea 375392776da5443bd49c85fec1e3825c5efae93fe1a0baa993c8b8ada33a8dc749a7c4278ed2e384bf4a2ba5c294b69e
CLIENT_TRAFFIC_SECRET_0 5ebba9f609688862fc4438c7b78b6ed27e6365f4626fee314841cb639b2ea0ea 375392776da5443bd49c85fec1e3825c5efae93fe1a0baa993c8b8ada33a8dc749a7c4278ed2e384bf4a2ba5c294b69e
SERVER_HANDSHAKE_TRAFFIC_SECRET 57cdb5ee59b62b13c7dae0f4db9c763663bb3402ee1354c9882cf4b22f531c58 b18da06b7c625dc60cff2870106153c8552840c7ef758c1e328c48c32fbe4d7cce4794454e7ead3410dd2d44b70e3bf1
CLIENT_HANDSHAKE_TRAFFIC_SECRET 57cdb5ee59b62b13c7dae0f4db9c763663bb3402ee1354c9882cf4b22f531c58 00c8139e10b057b8d408ae59115eeb6c44b510ba5141b12148dac6d8505e371a1e8e15573f0fc0f041636159f3a69d7c
SERVER_TRAFFIC_SECRET_0 57cdb5ee59b62b13c7dae0f4db9c763663bb3402ee1354c9882cf4b22f531c58 2fa855bd26db5543a031a3a55ebf61a09b11276be72725210d16a22545286513265225ca8a0ab6ec0fdb89ec30c9253c
EXPORTER_SECRET 57cdb5ee59b62b13c7dae0f4db9c763663bb3402ee1354c9882cf4b22f531c58 801346afc8345c6789394cbaff345269e351ddb5434445cf958cbae921ba522467812fd00662887eb519ad68f315ff08
CLIENT_TRAFFIC_SECRET_0 57cdb5ee59b62b13c7dae0f4db9c763663bb3402ee1354c9882cf4b22f531c58 d9eee5d0bb88a09c35021a482313d49a83004ba4b2b03fa090b6cd3cabd83719727f32f6b9d279819b06be781c0c0b4a
SERVER_HANDSHAKE_TRAFFIC_SECRET 57cdb5ee59b62b13c7dae0f4db9c763663bb3402ee1354c9882cf4b22f531c58 b18da06b7c625dc60cff2870106153c8552840c7ef758c1e328c48c32fbe4d7cce4794454e7ead3410dd2d44b70e3bf1
CLIENT_HANDSHAKE_TRAFFIC_SECRET 57cdb5ee59b62b13c7dae0f4db9c763663bb3402ee1354c9882cf4b22f531c58 00c8139e10b057b8d408ae59115eeb6c44b510ba5141b12148dac6d8505e371a1e8e15573f0fc0f041636159f3a69d7c
SERVER_TRAFFIC_SECRET_0 57cdb5ee59b62b13c7dae0f4db9c763663bb3402ee1354c9882cf4b22f531c58 2fa855bd26db5543a031a3a55ebf61a09b11276be72725210d16a22545286513265225ca8a0ab6ec0fdb89ec30c9253c
CLIENT_TRAFFIC_SECRET_0 57cdb5ee59b62b13c7dae0f4db9c763663bb3402ee1354c9882cf4b22f531c58 d9eee5d0bb88a09c35021a482313d49a83004ba4b2b03fa090b6cd3cabd83719727f32f6b9d279819b06be781c0c0b4a
CLIENT_TRAFFIC_SECRET_0 57cdb5ee59b62b13c7dae0f4db9c763663bb3402ee1354c9882cf4b22f531c58 d9eee5d0bb88a09c35021a482313d49a83004ba4b2b03fa090b6cd3cabd83719727f32f6b9d279819b06be781c0c0b4a
SERVER_HANDSHAKE_TRAFFIC_SECRET 6b644aa332791e1ee27e09f3d97889dbf202f7de66d1c28f3aac0b7f9b03e346 21f9382123f4e5778dfbc76655d5c55844fc1e8518b207885bb74966649aefeaad968267b6a883f2d06ccd1e6a723abd
CLIENT_HANDSHAKE_TRAFFIC_SECRET 6b644aa332791e1ee27e09f3d97889dbf202f7de66d1c28f3aac0b7f9b03e346 60d1a2150faf45f7265c6ec2232d816db9d7e1c03a1f2659c053f0f59c3d28dda9e1806df986d6a1e1e9c31a51dc693a
SERVER_TRAFFIC_SECRET_0 6b644aa332791e1ee27e09f3d97889dbf202f7de66d1c28f3aac0b7f9b03e346 684e1fd230c6acf07cb80c9dc20befa1eecaed57243c11c52176308a15e772609d9c46cae93bc319373844db61c9a2ed
EXPORTER_SECRET 6b644aa332791e1ee27e09f3d97889dbf202f7de66d1c28f3aac0b7f9b03e346 93dd97f523ce380aa63c68e30349c74dfbcf100abd9c1bb6b85aec58ff523c54e1c9b4c8602668f9f6516d157796a4c4
CLIENT_TRAFFIC_SECRET_0 6b644aa332791e1ee27e09f3d97889dbf202f7de66d1c28f3aac0b7f9b03e346 1d30a0efd42770d8c996834c6720af41b4da48056ee0e230d91a2956a93b0d14713c5ac7460797be0af2ca95b878aca8
SERVER_HANDSHAKE_TRAFFIC_SECRET 6b644aa332791e1ee27e09f3d97889dbf202f7de66d1c28f3aac0b7f9b03e346 21f9382123f4e5778dfbc76655d5c55844fc1e8518b207885bb74966649aefeaad968267b6a883f2d06ccd1e6a723abd
CLIENT_HANDSHAKE_TRAFFIC_SECRET 6b644aa332791e1ee27e09f3d97889dbf202f7de66d1c28f3aac0b7f9b03e346 60d1a2150faf45f7265c6ec2232d816db9d7e1c03a1f2659c053f0f59c3d28dda9e1806df986d6a1e1e9c31a51dc693a
SERVER_TRAFFIC_SECRET_0 6b644aa332791e1ee27e09f3d97889dbf202f7de66d1c28f3aac0b7f9b03e346 684e1fd230c6acf07cb80c9dc20befa1eecaed57243c11c52176308a15e772609d9c46cae93bc319373844db61c9a2ed
CLIENT_TRAFFIC_SECRET_0 6b644aa332791e1ee27e09f3d97889dbf202f7de66d1c28f3aac0b7f9b03e346 1d30a0efd42770d8c996834c6720af41b4da48056ee0e230d91a2956a93b0d14713c5ac7460797be0af2ca95b878aca8
CLIENT_TRAFFIC_SECRET_0 6b644aa332791e1ee27e09f3d97889dbf202f7de66d1c28f3aac0b7f9b03e346 1d30a0efd42770d8c996834c6720af41b4da48056ee0e230d91a2956a93b0d14713c5ac7460797be0af2ca95b878aca8
SERVER_HANDSHAKE_TRAFFIC_SECRET db22088afdeba5d64fe2e1982d8fbd179e4ccc59ae6c781fbcd814716b7393c0 944700719c08d18c4099ea165d9dd5b56ce809867bb12966c3c340bce864ea8179108a4992ef6e47b562ebbd7415d401
CLIENT_HANDSHAKE_TRAFFIC_SECRET db22088afdeba5d64fe2e1982d8fbd179e4ccc59ae6c781fbcd814716b7393c0 4b6bc1d7b666bb4a48af1a682f212c16f15bf05edb925741ad00dc971bfb269274d02cce150af7ce88ba435392386ccc
SERVER_TRAFFIC_SECRET_0 db22088afdeba5d64fe2e1982d8fbd179e4ccc59ae6c781fbcd814716b7393c0 d1303ea31119e1b528e8e45d82c6cc4efa21197a1662124904041afedbe49fbcc0d5591572ec88f68c822c54f48eb9f3
EXPORTER_SECRET db22088afdeba5d64fe2e1982d8fbd179e4ccc59ae6c781fbcd814716b7393c0 999ba11c8c7f77a53a044df7c3d2874a6f2eb96c607edd5b8db02660017d77553ebe4e47cc2776fc4318874994070b68
CLIENT_TRAFFIC_SECRET_0 db22088afdeba5d64fe2e1982d8fbd179e4ccc59ae6c781fbcd814716b7393c0 3527028a8f8ed8d57ca3232f01d063363cee2656fdc026555185f58fc2d010e347bf4f37eab14c9816ed907d837a2f3f
SERVER_HANDSHAKE_TRAFFIC_SECRET db22088afdeba5d64fe2e1982d8fbd179e4ccc59ae6c781fbcd814716b7393c0 944700719c08d18c4099ea165d9dd5b56ce809867bb12966c3c340bce864ea8179108a4992ef6e47b562ebbd7415d401
CLIENT_HANDSHAKE_TRAFFIC_SECRET db22088afdeba5d64fe2e1982d8fbd179e4ccc59ae6c781fbcd814716b7393c0 4b6bc1d7b666bb4a48af1a682f212c16f15bf05edb925741ad00dc971bfb269274d02cce150af7ce88ba435392386ccc
SERVER_TRAFFIC_SECRET_0 db22088afdeba5d64fe2e1982d8fbd179e4ccc59ae6c781fbcd814716b7393c0 d1303ea31119e1b528e8e45d82c6cc4efa21197a1662124904041afedbe49fbcc0d5591572ec88f68c822c54f48eb9f3
CLIENT_TRAFFIC_SECRET_0 db22088afdeba5d64fe2e1982d8fbd179e4ccc59ae6c781fbcd814716b7393c0 3527028a8f8ed8d57ca3232f01d063363cee2656fdc026555185f58fc2d010e347bf4f37eab14c9816ed907d837a2f3f
CLIENT_TRAFFIC_SECRET_0 db22088afdeba5d64fe2e1982d8fbd179e4ccc59ae6c781fbcd814716b7393c0 3527028a8f8ed8d57ca3232f01d063363cee2656fdc026555185f58fc2d010e347bf4f37eab14c9816ed907d837a2f3f
SERVER_HANDSHAKE_TRAFFIC_SECRET be267c6f668fad208b933dc853d6718f3052483c3ae6082c8a3a24cf3cb751a5 152ff2f11c6411332143eb44c709f0abcae4534c76457e5a32ad69120fa231be24bb7f7a668b38f3d42c8b21c2db3b26
CLIENT_HANDSHAKE_TRAFFIC_SECRET be267c6f668fad208b933dc853d6718f3052483c3ae6082c8a3a24cf3cb751a5 422de4502b4c9d2b379b25cbcc0b3ad3e8ba060bb142ac7780827d7bbcc2add91fcb3d677a360ae296678659f400387a
SERVER_TRAFFIC_SECRET_0 be267c6f668fad208b933dc853d6718f3052483c3ae6082c8a3a24cf3cb751a5 59b6980e08a7e924b7dbde55b839e4030d8fa9c4ca48094775de514261b790abed430661bae423b7bb95c0ffcb8e20c6
EXPORTER_SECRET be267c6f668fad208b933dc853d6718f3052483c3ae6082c8a3a24cf3cb751a5 c0ca7e9c0a21f2537472b372fe4e82c9dfe2acbaece49fbfb393ee48f1efac883d08361784ca0297a0c39e089b9ec18b
CLIENT_TRAFFIC_SECRET_0 be267c6f668fad208b933dc853d6718f3052483c3ae6082c8a3a24cf3cb751a5 bcefb5385597d953c016dec57cabe1d0029c5f39564472482e14f522b65249d56aabf9a36d97de112068582ecb57bd16
SERVER_HANDSHAKE_TRAFFIC_SECRET be267c6f668fad208b933dc853d6718f3052483c3ae6082c8a3a24cf3cb751a5 152ff2f11c6411332143eb44c709f0abcae4534c76457e5a32ad69120fa231be24bb7f7a668b38f3d42c8b21c2db3b26
CLIENT_HANDSHAKE_TRAFFIC_SECRET be267c6f668fad208b933dc853d6718f3052483c3ae6082c8a3a24cf3cb751a5 422de4502b4c9d2b379b25cbcc0b3ad3e8ba060bb142ac7780827d7bbcc2add91fcb3d677a360ae296678659f400387a
SERVER_TRAFFIC_SECRET_0 be267c6f668fad208b933dc853d6718f3052483c3ae6082c8a3a24cf3cb751a5 59b6980e08a7e924b7dbde55b839e4030d8fa9c4ca48094775de514261b790abed430661bae423b7bb95c0ffcb8e20c6
CLIENT_TRAFFIC_SECRET_0 be267c6f668fad208b933dc853d6718f3052483c3ae6082c8a3a24cf3cb751a5 bcefb5385597d953c016dec57cabe1d0029c5f39564472482e14f522b65249d56aabf9a36d97de112068582ecb57bd16
CLIENT_TRAFFIC_SECRET_0 be267c6f668fad208b933dc853d6718f3052483c3ae6082c8a3a24cf3cb751a5 bcefb5385597d953c016dec57cabe1d0029c5f39564472482e14f522b65249d56aabf9a36d97de112068582ecb57bd16
SERVER_HANDSHAKE_TRAFFIC_SECRET e601686202def1e1c0d2e617921f0915d21ac1edbfcf353a93e8d841d16a5a6e 5b6398925738802343359548f918496e4e80eb1e2f9c0b6760c21b4c511a71d33052ae52573c203c88d6dfcbb85fe89c
CLIENT_HANDSHAKE_TRAFFIC_SECRET e601686202def1e1c0d2e617921f0915d21ac1edbfcf353a93e8d841d16a5a6e e7670808f62eb378a8e0ff45ca830ecebfeae47ae3a0769aa0dcedcae4fb58e2ff0aff6038850b6396596ccaba3285cc
SERVER_TRAFFIC_SECRET_0 e601686202def1e1c0d2e617921f0915d21ac1edbfcf353a93e8d841d16a5a6e 804f084be110db40d7f5794c6cfd6e39941e38e0075d1a0c14da943a1d066a208fcda3bd5f0f150972d757492c5d23ea
EXPORTER_SECRET e601686202def1e1c0d2e617921f0915d21ac1edbfcf353a93e8d841d16a5a6e 25e70dc9be235c36908f453618e95d5bd60c58ed5b9dd222b17067f698e11ecba507063301643f0eef136afb0d4522cc
CLIENT_TRAFFIC_SECRET_0 e601686202def1e1c0d2e617921f0915d21ac1edbfcf353a93e8d841d16a5a6e c59d2d6219b4b63192cfe4a8afbc44d14169ad3a366891cb2579fb94988c8a83a3e57cf7a3b14e0411a14d0a064f1154
SERVER_HANDSHAKE_TRAFFIC_SECRET e601686202def1e1c0d2e617921f0915d21ac1edbfcf353a93e8d841d16a5a6e 5b6398925738802343359548f918496e4e80eb1e2f9c0b6760c21b4c511a71d33052ae52573c203c88d6dfcbb85fe89c
CLIENT_HANDSHAKE_TRAFFIC_SECRET e601686202def1e1c0d2e617921f0915d21ac1edbfcf353a93e8d841d16a5a6e e7670808f62eb378a8e0ff45ca830ecebfeae47ae3a0769aa0dcedcae4fb58e2ff0aff6038850b6396596ccaba3285cc
SERVER_TRAFFIC_SECRET_0 e601686202def1e1c0d2e617921f0915d21ac1edbfcf353a93e8d841d16a5a6e 804f084be110db40d7f5794c6cfd6e39941e38e0075d1a0c14da943a1d066a208fcda3bd5f0f150972d757492c5d23ea
CLIENT_TRAFFIC_SECRET_0 e601686202def1e1c0d2e617921f0915d21ac1edbfcf353a93e8d841d16a5a6e c59d2d6219b4b63192cfe4a8afbc44d14169ad3a366891cb2579fb94988c8a83a3e57cf7a3b14e0411a14d0a064f1154
CLIENT_TRAFFIC_SECRET_0 e601686202def1e1c0d2e617921f0915d21ac1edbfcf353a93e8d841d16a5a6e c59d2d6219b4b63192cfe4a8afbc44d14169ad3a366891cb2579fb94988c8a83a3e57cf7a3b14e0411a14d0a064f1154
SERVER_HANDSHAKE_TRAFFIC_SECRET 5a6aa8bc45157a21904ea2567fec55955c3881a1ab41341c736a7e96ed793e4c f8ce03dc3cf9c5d987cd0b388753e4d39aad44e0f55bf936516e07c3d8640ea292ce6fc5f5483ceb77e4816bbfa630bf
CLIENT_HANDSHAKE_TRAFFIC_SECRET 5a6aa8bc45157a21904ea2567fec55955c3881a1ab41341c736a7e96ed793e4c 8904378920022a8b79709ecfe8d1453eb1f1d188ac2d8a630ac29abb380f60c034c9d9ea030a716b76ac28100d2bce2f
SERVER_TRAFFIC_SECRET_0 5a6aa8bc45157a21904ea2567fec55955c3881a1ab41341c736a7e96ed793e4c e2f75ace3abdb220d373092137466032e120d0257c9d52290843680434561a208070063f2900933436ccbae9d6939e62
EXPORTER_SECRET 5a6aa8bc45157a21904ea2567fec55955c3881a1ab41341c736a7e96ed793e4c 4f9a4616e7145ef956617f6fa6d11251c0b0abd2d3efaff4b7974c0e6eecacaa2a4a5506aeee0d9306f7220405972c38
CLIENT_TRAFFIC_SECRET_0 5a6aa8bc45157a21904ea2567fec55955c3881a1ab41341c736a7e96ed793e4c 45a3e9d0422b76a4b7f9adf96432c254f11342613ce320eab23efa469dd06219b9af806d859f9ebaefb25eff677a4188
SERVER_HANDSHAKE_TRAFFIC_SECRET 5a6aa8bc45157a21904ea2567fec55955c3881a1ab41341c736a7e96ed793e4c f8ce03dc3cf9c5d987cd0b388753e4d39aad44e0f55bf936516e07c3d8640ea292ce6fc5f5483ceb77e4816bbfa630bf
CLIENT_HANDSHAKE_TRAFFIC_SECRET 5a6aa8bc45157a21904ea2567fec55955c3881a1ab41341c736a7e96ed793e4c 8904378920022a8b79709ecfe8d1453eb1f1d188ac2d8a630ac29abb380f60c034c9d9ea030a716b76ac28100d2bce2f
SERVER_TRAFFIC_SECRET_0 5a6aa8bc45157a21904ea2567fec55955c3881a1ab41341c736a7e96ed793e4c e2f75ace3abdb220d373092137466032e120d0257c9d52290843680434561a208070063f2900933436ccbae9d6939e62
CLIENT_TRAFFIC_SECRET_0 5a6aa8bc45157a21904ea2567fec55955c3881a1ab41341c736a7e96ed793e4c 45a3e9d0422b76a4b7f9adf96432c254f11342613ce320eab23efa469dd06219b9af806d859f9ebaefb25eff677a4188
CLIENT_TRAFFIC_SECRET_0 5a6aa8bc45157a21904ea2567fec55955c3881a1ab41341c736a7e96ed793e4c 45a3e9d0422b76a4b7f9adf96432c254f11342613ce320eab23efa469dd06219b9af806d859f9ebaefb25eff677a4188
SERVER_HANDSHAKE_TRAFFIC_SECRET 398bcfc5c751fefb89fb63d3baff0c6434be8944935151479bbb779a3c35399d a7ade71612c135faf2aa8a46bd067be25f0466cc8a8373df550a1ecc1f05d0ccc03b13b3cac784e4dd76c438a96701a0
CLIENT_HANDSHAKE_TRAFFIC_SECRET 398bcfc5c751fefb89fb63d3baff0c6434be8944935151479bbb779a3c35399d f374a050a7e1ebd9a0e4b3bfaf5b4e74b646d96011a46c1ce971d21b08f0c7337e05280c33da6e2431109b181de9040d
SERVER_TRAFFIC_SECRET_0 398bcfc5c751fefb89fb63d3baff0c6434be8944935151479bbb779a3c35399d c353d2a15f4a2958685d360803d7c51e97318faf49ae60a6561baf2e338ab905d03612a0b9595c56d98cc091c21341bc
EXPORTER_SECRET 398bcfc5c751fefb89fb63d3baff0c6434be8944935151479bbb779a3c35399d 7d293b8b29354ddc8e7f6572f2873905eb9cff645fca3bfcbcccd0cb88d3739721dada1ad38228d51e89ec3df7279649
CLIENT_TRAFFIC_SECRET_0 398bcfc5c751fefb89fb63d3baff0c6434be8944935151479bbb779a3c35399d 4e3bcf0fa3c96dbe5a24f1be0dda66ba358e91340dbcce1af654220714991e14e7cf71647b876a5d1afa0766db5ded2c
SERVER_HANDSHAKE_TRAFFIC_SECRET 398bcfc5c751fefb89fb63d3baff0c6434be8944935151479bbb779a3c35399d a7ade71612c135faf2aa8a46bd067be25f0466cc8a8373df550a1ecc1f05d0ccc03b13b3cac784e4dd76c438a96701a0
CLIENT_HANDSHAKE_TRAFFIC_SECRET 398bcfc5c751fefb89fb63d3baff0c6434be8944935151479bbb779a3c35399d f374a050a7e1ebd9a0e4b3bfaf5b4e74b646d96011a46c1ce971d21b08f0c7337e05280c33da6e2431109b181de9040d
SERVER_TRAFFIC_SECRET_0 398bcfc5c751fefb89fb63d3baff0c6434be8944935151479bbb779a3c35399d c353d2a15f4a2958685d360803d7c51e97318faf49ae60a6561baf2e338ab905d03612a0b9595c56d98cc091c21341bc
CLIENT_TRAFFIC_SECRET_0 398bcfc5c751fefb89fb63d3baff0c6434be8944935151479bbb779a3c35399d 4e3bcf0fa3c96dbe5a24f1be0dda66ba358e91340dbcce1af654220714991e14e7cf71647b876a5d1afa0766db5ded2c
CLIENT_TRAFFIC_SECRET_0 398bcfc5c751fefb89fb63d3baff0c6434be8944935151479bbb779a3c35399d 4e3bcf0fa3c96dbe5a24f1be0dda66ba358e91340dbcce1af654220714991e14e7cf71647b876a5d1afa0766db5ded2c
