CLIENT_HANDSHAKE_TRAFFIC_SECRET b4f5d3d09367213a2d6d2b580e9081a26ad93c40e318eeaf06c49a0a89de73dd 99016f981f1795c4a3b508439981b1c90586f7f77927a34ac0ce9bd1166c234ba26f51b66afcefaf7fdc51927dd0074f
SERVER_HANDSHAKE_TRAFFIC_SECRET b4f5d3d09367213a2d6d2b580e9081a26ad93c40e318eeaf06c49a0a89de73dd 32dc25f94337c139a41db3263c06aa94088e44a800e5945bad9bca06af743c57f9e8baf6b6c1f7f9030e57ddfa829b89
CLIENT_TRAFFIC_SECRET_0 b4f5d3d09367213a2d6d2b580e9081a26ad93c40e318eeaf06c49a0a89de73dd f6ba94abbd833b3da4170dcb3f886b59fe78d4066c5eb4bfcacf99ad0a67c2b9d0753131d849e322fa6fd5176d91e04c
SERVER_TRAFFIC_SECRET_0 b4f5d3d09367213a2d6d2b580e9081a26ad93c40e318eeaf06c49a0a89de73dd 7d5298fdf1a73e418e7926134a7105a7ad04393b28d00052183ac5a51eb6e3dd573cfdcd09f12581bd0d2b7ec9550a7f
SERVER_HANDSHAKE_TRAFFIC_SECRET b4f5d3d09367213a2d6d2b580e9081a26ad93c40e318eeaf06c49a0a89de73dd 32dc25f94337c139a41db3263c06aa94088e44a800e5945bad9bca06af743c57f9e8baf6b6c1f7f9030e57ddfa829b89
CLIENT_HANDSHAKE_TRAFFIC_SECRET b4f5d3d09367213a2d6d2b580e9081a26ad93c40e318eeaf06c49a0a89de73dd 99016f981f1795c4a3b508439981b1c90586f7f77927a34ac0ce9bd1166c234ba26f51b66afcefaf7fdc51927dd0074f
SERVER_TRAFFIC_SECRET_0 b4f5d3d09367213a2d6d2b580e9081a26ad93c40e318eeaf06c49a0a89de73dd 7d5298fdf1a73e418e7926134a7105a7ad04393b28d00052183ac5a51eb6e3dd573cfdcd09f12581bd0d2b7ec9550a7f
CLIENT_TRAFFIC_SECRET_0 b4f5d3d09367213a2d6d2b580e9081a26ad93c40e318eeaf06c49a0a89de73dd f6ba94abbd833b3da4170dcb3f886b59fe78d4066c5eb4bfcacf99ad0a67c2b9d0753131d849e322fa6fd5176d91e04c
SERVER_HANDSHAKE_TRAFFIC_SECRET 6ad9afeeb8d398ce7452dea14ef5399c066d3f5881f3ae9bf30a642e3b1e587d 1abfd226cacbee32fecfc731993db1185dd3538b56eb88e3c32713d159b31b61
CLIENT_HANDSHAKE_TRAFFIC_SECRET 6ad9afeeb8d398ce7452dea14ef5399c066d3f5881f3ae9bf30a642e3b1e587d e410469f119303320e8272a29a2003d1d9317adf90f3ace1c0188fb4d5212958
SERVER_TRAFFIC_SECRET_0 6ad9afeeb8d398ce7452dea14ef5399c066d3f5881f3ae9bf30a642e3b1e587d 4222f68fd5a8287093a116be7c78de1e8b3b662fce250494206bf181c9f9faeb
SERVER_HANDSHAKE_TRAFFIC_SECRET ec7158d7a5b9bad23056db61f282e94544a6de6efd5329c6e142d6ac8f0271d2 333897b2931359725c603b03a49f0da553fae8c331909b85a6441d78fd5a5dfd
CLIENT_HANDSHAKE_TRAFFIC_SECRET ec7158d7a5b9bad23056db61f282e94544a6de6efd5329c6e142d6ac8f0271d2 22dd839b1c1942f963e5430f8f215f7f2467ced270e2075815b9d26f6aa60368
SERVER_TRAFFIC_SECRET_0 ec7158d7a5b9bad23056db61f282e94544a6de6efd5329c6e142d6ac8f0271d2 aa3a2afa0b68bcb5503c1be567e0a74c0ca8aa201f41bffb32d917bb114b92f9
CLIENT_TRAFFIC_SECRET_0 ec7158d7a5b9bad23056db61f282e94544a6de6efd5329c6e142d6ac8f0271d2 5dd1b38022d84b905bcc2e8bbd773b940749fac7c13e6c9dbaad5d9d044b5b37
SERVER_HANDSHAKE_TRAFFIC_SECRET 97df97e310b7d9ae360f0b22d4a4f40e9a52caa850b7b959d602df8eec59948d e1456160b615d14350a944601f06301117a0538b4ac3002720fb6d0740fd3b2f
CLIENT_HANDSHAKE_TRAFFIC_SECRET 97df97e310b7d9ae360f0b22d4a4f40e9a52caa850b7b959d602df8eec59948d 02f18823135bfe671f96777af815dddff30d3edb1bb81bf14ec4fe7046aedda4
SERVER_TRAFFIC_SECRET_0 97df97e310b7d9ae360f0b22d4a4f40e9a52caa850b7b959d602df8eec59948d 84fd7f8adc5a3f3550f40af4c575af2d691b08017cdcb0237074eeccdb9c795b
SERVER_HANDSHAKE_TRAFFIC_SECRET 80111dad5941480e561813b27c2c2aafe237948248169283b4d4f655b4227960 b15f907298b41a2dde1403078ef59108d5f9d9874d55a675d5896e0e20978104
CLIENT_HANDSHAKE_TRAFFIC_SECRET 80111dad5941480e561813b27c2c2aafe237948248169283b4d4f655b4227960 3f0296d4871740eebe1bee87ace034faa8e57ee80ff5058565e31c8222a2371c
SERVER_TRAFFIC_SECRET_0 80111dad5941480e561813b27c2c2aafe237948248169283b4d4f655b4227960 6ec0798cf88b655aad9920314c451f4faa732e2d09188b1f8a6ad86a814c5b25
SERVER_HANDSHAKE_TRAFFIC_SECRET eabe6edb71b26444440a49c6c64a1c61f8aacddc6deb4a11f277a5999bf12915 94599b766ec91653144da2969bc3f745d8d9f6b107ecd9ec6090525fe7ddef91
CLIENT_HANDSHAKE_TRAFFIC_SECRET eabe6edb71b26444440a49c6c64a1c61f8aacddc6deb4a11f277a5999bf12915 bdffb8d3b0aa1fef455f73c182ae5fc9e2f5c58efaff3801d49d04e5409b7189
SERVER_TRAFFIC_SECRET_0 eabe6edb71b26444440a49c6c64a1c61f8aacddc6deb4a11f277a5999bf12915 4b1a07487265eedb1ef63e9bd05391579f7946279daa2940a44a704f229067b9
CLIENT_TRAFFIC_SECRET_0 eabe6edb71b26444440a49c6c64a1c61f8aacddc6deb4a11f277a5999bf12915 e37e9f4d37c70e7eedbd472585a3218499e6abf0cfcf9ae829e2097570cb8de3
SERVER_HANDSHAKE_TRAFFIC_SECRET 8c51eef6a955aa653edeba314385a0a76113c2c4a031a9bd9c233358bef22bb8 ae96ce70994d4dc8d9ccd3f6c9ce739564cc46f6d1c1fbeb66ca9fbfc2f105af
CLIENT_HANDSHAKE_TRAFFIC_SECRET 8c51eef6a955aa653edeba314385a0a76113c2c4a031a9bd9c233358bef22bb8 1ae81da059da0837bbd39d54cf2927ed1c3be81c3f1e310b545aff1b32b27974
SERVER_TRAFFIC_SECRET_0 8c51eef6a955aa653edeba314385a0a76113c2c4a031a9bd9c233358bef22bb8 cec64875b336b2bb1f5c3e2440085df17009f740c90f4d27b7b0a144bbd8f034
CLIENT_TRAFFIC_SECRET_0 8c51eef6a955aa653edeba314385a0a76113c2c4a031a9bd9c233358bef22bb8 efd4228933c7b5e00e3716aab8deb1d5e0e1a1a30e8b85705e3d67c855da2176
SERVER_HANDSHAKE_TRAFFIC_SECRET f2c3ec77a8d4e543cdb9113fd3921ec2f6db6cf49510b18a73878c40f56870f8 932a0c3620b803939285dfbbeebf7ca7199531f6131e3d6d64249b808ecb098a
CLIENT_HANDSHAKE_TRAFFIC_SECRET f2c3ec77a8d4e543cdb9113fd3921ec2f6db6cf49510b18a73878c40f56870f8 c9ad807dfca4c75d4fa5eaf332e0a77e1f5347c27ba0ae86e68932bb83137424
SERVER_TRAFFIC_SECRET_0 f2c3ec77a8d4e543cdb9113fd3921ec2f6db6cf49510b18a73878c40f56870f8 436d37e7b68ced5f023722e97171c644814ea96512745749bdbbef1224e7d9c7
CLIENT_TRAFFIC_SECRET_0 f2c3ec77a8d4e543cdb9113fd3921ec2f6db6cf49510b18a73878c40f56870f8 aae0447018262433b44cd373524a194c638aef755556ee23dfe7283991ddf88a
SERVER_HANDSHAKE_TRAFFIC_SECRET 5c171665f678cbb3278cd8751a52aeff96f073a9cc4881d8a3b4d49862e1df33 dadd5f366ffdb72cc103fde9be7dfee455090a06ac579dc7ef85d6bf407c302a
CLIENT_HANDSHAKE_TRAFFIC_SECRET 5c171665f678cbb3278cd8751a52aeff96f073a9cc4881d8a3b4d49862e1df33 33bf78af77766d07f37ab36de5af254e79f68e41617374dc59750b268961c1c3
SERVER_TRAFFIC_SECRET_0 5c171665f678cbb3278cd8751a52aeff96f073a9cc4881d8a3b4d49862e1df33 9422b599544b7fe973dc68562b1cd638afb1e32180e7d7414117dcc650fff45a
CLIENT_TRAFFIC_SECRET_0 5c171665f678cbb3278cd8751a52aeff96f073a9cc4881d8a3b4d49862e1df33 68af83d3ae7da4bfccd47e65c623433615ebd24f3414b0ced835c3df37430895
SERVER_HANDSHAKE_TRAFFIC_SECRET 3175cb7c4ed0bc76dbb01855b34330b7e1174ca26d6e0582eef236cf5d7c4b5f 222d9c7603c1175cd38840b3cd0155bb38393ed2496fe7a6a1e782cf2a8c0f2d
CLIENT_HANDSHAKE_TRAFFIC_SECRET 3175cb7c4ed0bc76dbb01855b34330b7e1174ca26d6e0582eef236cf5d7c4b5f 555a9a5a96e91d7b142ecb297407dc522eb636ef6ca49e9601635bf8f006d08c
SERVER_TRAFFIC_SECRET_0 3175cb7c4ed0bc76dbb01855b34330b7e1174ca26d6e0582eef236cf5d7c4b5f 9f485fa9721aca50161cb0bc191a3f7f813da1758b219b8381ccbcd849031570
SERVER_HANDSHAKE_TRAFFIC_SECRET 0ed2859f37d061935c67c33c0a218c0ae8ad5cd9eec2e9142e1405f94a48ac53 86719d21f84366ae98e0b0789380506aea4ce065ed37b46e0a11ee5dcd3cd186
CLIENT_HANDSHAKE_TRAFFIC_SECRET 0ed2859f37d061935c67c33c0a218c0ae8ad5cd9eec2e9142e1405f94a48ac53 64bd90f3cb8a494ef860f9dd9d125693b5777195b0a68eea8612cb60e7144b35
SERVER_TRAFFIC_SECRET_0 0ed2859f37d061935c67c33c0a218c0ae8ad5cd9eec2e9142e1405f94a48ac53 b654152a3d0fde7fe9856a44ededd0ab2f9704e3946f307d232c52258e5c8847
CLIENT_TRAFFIC_SECRET_0 0ed2859f37d061935c67c33c0a218c0ae8ad5cd9eec2e9142e1405f94a48ac53 c8e8ac035ba95bf3b58834eac144649d177c2cc63409e50532bc75d5a5cd48be
SERVER_HANDSHAKE_TRAFFIC_SECRET 5596e11d9f01427a029fe238015a31b059eceb643557299811cca118618a01a4 0303ec92a4ea660af7b8263b2fd916316b88363513277511e0fba9c14182bb6c
CLIENT_HANDSHAKE_TRAFFIC_SECRET 5596e11d9f01427a029fe238015a31b059eceb643557299811cca118618a01a4 f9cab67dbabe5d82cc0148a4a5f97e244999ca1b867b6a92f0172f3234b178a1
SERVER_TRAFFIC_SECRET_0 5596e11d9f01427a029fe238015a31b059eceb643557299811cca118618a01a4 90ad5b3a5b2a008f5a26fe6519ae715f34f777c6e3eae2af5d1626549e2549ef
CLIENT_TRAFFIC_SECRET_0 5596e11d9f01427a029fe238015a31b059eceb643557299811cca118618a01a4 e87c0fce45296fece77250823d10061c0f67869fecd07d5a93915d5e9777a243
SERVER_HANDSHAKE_TRAFFIC_SECRET 780f1528caff621c1d8efe53e9484067fb032a1793111a324d640bd4f84caf7e 7c326146c7d0baedbaad402912d8356a44694b77fb1fbb9c127cf734ecc2e69a
CLIENT_HANDSHAKE_TRAFFIC_SECRET 780f1528caff621c1d8efe53e9484067fb032a1793111a324d640bd4f84caf7e 8d27959a96bf6f5fede1996ac5e82790cc126b524af872feb90081e03ae0f3da
SERVER_TRAFFIC_SECRET_0 780f1528caff621c1d8efe53e9484067fb032a1793111a324d640bd4f84caf7e 72db12f1fd539c037e7628f04484222b0d3fe71db2490ccd085d8388ebe02694
CLIENT_TRAFFIC_SECRET_0 780f1528caff621c1d8efe53e9484067fb032a1793111a324d640bd4f84caf7e 0449447fc491a0fb19fd7b9b8aa58c4db7d5cef16218499a0e35e7c7e74444f4
SERVER_HANDSHAKE_TRAFFIC_SECRET e9b965e3b48267ac3cd5d0fa9fcfc8caca547505896261abe07ffdc37560854b 78b26831220a8de8fd40351d9168c82b3b1469ce3bdfeaada34479728c43b068
CLIENT_HANDSHAKE_TRAFFIC_SECRET e9b965e3b48267ac3cd5d0fa9fcfc8caca547505896261abe07ffdc37560854b 69abd7e34d9cdcc814aaed7fcf5b408532fe05438ee16a970524a88205316182
SERVER_TRAFFIC_SECRET_0 e9b965e3b48267ac3cd5d0fa9fcfc8caca547505896261abe07ffdc37560854b dceb43aa679ee58ddf330a8eefeb7c99a1437b74c79a8778536afd5f648aa8da
CLIENT_TRAFFIC_SECRET_0 e9b965e3b48267ac3cd5d0fa9fcfc8caca547505896261abe07ffdc37560854b fb26c91df436886e4312f14a43772ea9e02ac6efa106c7bfa2d9da45122a1105
SERVER_HANDSHAKE_TRAFFIC_SECRET fd9ea0a8e87257766aee426b519ef5ea7ee9a30597def6082984bdfc694fe72c 6a1558c1d55da01ef0b441dbed56b07b4f6149044e2f32470df8031be2c0f466
CLIENT_HANDSHAKE_TRAFFIC_SECRET fd9ea0a8e87257766aee426b519ef5ea7ee9a30597def6082984bdfc694fe72c 14bf3463f1521905d7e7cd461f3eaf6b71359d984de06fd86ca4cd2af207642c
SERVER_TRAFFIC_SECRET_0 fd9ea0a8e87257766aee426b519ef5ea7ee9a30597def6082984bdfc694fe72c 5634b2d15b5aed061d2d984854346c7979032d716063f30b901f4ae715244419
CLIENT_TRAFFIC_SECRET_0 fd9ea0a8e87257766aee426b519ef5ea7ee9a30597def6082984bdfc694fe72c fab8fac7305b43acb353f2adf2f15b02eee1a855d2d0d869fcadb32dbcc279cf
SERVER_HANDSHAKE_TRAFFIC_SECRET d2c24c8de3ab282b2d500e063ac1064a5a4ee5d4bd6a68394035bf8fe094f6b7 41cb983067fa8fa90b5aa9aae06f5794b7e64e1abce1ca68f585c4f863d55ca5
CLIENT_HANDSHAKE_TRAFFIC_SECRET d2c24c8de3ab282b2d500e063ac1064a5a4ee5d4bd6a68394035bf8fe094f6b7 ed179d9b62532adbf8a66707a432b95edf9019acacfd5525306c12b8f3fd98d9
SERVER_TRAFFIC_SECRET_0 d2c24c8de3ab282b2d500e063ac1064a5a4ee5d4bd6a68394035bf8fe094f6b7 8d33e5b017760d347a6268a3c0dccbbc6598dd8c265abb8fda3872383a2d70e5
CLIENT_TRAFFIC_SECRET_0 d2c24c8de3ab282b2d500e063ac1064a5a4ee5d4bd6a68394035bf8fe094f6b7 24f74afe40c70105de90c19c231cf3dd6e8bd2889a9eb77b669c59a55da62e67
SERVER_HANDSHAKE_TRAFFIC_SECRET bdc0e726f4f4e06a32b7fb14bb4db6aaf1c3ced275d400dac34df5ba44e3aa33 1904678e3f3f08e95a6162ca07a30c7b7ea6b5bf2b1b9c07ab39349dc44b2739
CLIENT_HANDSHAKE_TRAFFIC_SECRET bdc0e726f4f4e06a32b7fb14bb4db6aaf1c3ced275d400dac34df5ba44e3aa33 f2328fa7c212f93c4245979f4d47901dc35bc5cff729215b4a6324e74d536b93
SERVER_TRAFFIC_SECRET_0 bdc0e726f4f4e06a32b7fb14bb4db6aaf1c3ced275d400dac34df5ba44e3aa33 e15dc6a87b9dfd9a4682089ad7c620518f19a092758624bef25a2b6ab8e7f8cf
CLIENT_TRAFFIC_SECRET_0 bdc0e726f4f4e06a32b7fb14bb4db6aaf1c3ced275d400dac34df5ba44e3aa33 07919d23fae1064fd9d71f0b801e206f7446bd51a00a59edeb32b092273a5282
SERVER_HANDSHAKE_TRAFFIC_SECRET c7bf8e3683f3a756b0c732a4cd74006cba5093e4dca8608de85c0ced3a56e8b1 92dec2d5da579a0c311a94b44fa04a7127b35b5f6c862839ad988a9349231b6a
CLIENT_HANDSHAKE_TRAFFIC_SECRET c7bf8e3683f3a756b0c732a4cd74006cba5093e4dca8608de85c0ced3a56e8b1 b61794709b400beb4ee70d34e9f87e8875fe81c49c4fb67d9e52fec7246e61d7
SERVER_TRAFFIC_SECRET_0 c7bf8e3683f3a756b0c732a4cd74006cba5093e4dca8608de85c0ced3a56e8b1 c512f06307e258cf8a4e02827bd651299190f65591e10808000b2128b0bc1be9
CLIENT_TRAFFIC_SECRET_0 c7bf8e3683f3a756b0c732a4cd74006cba5093e4dca8608de85c0ced3a56e8b1 3921901353a1e544a4e65029cd8cc3b8b9e5ae90abac9b901fbe90840ac8127f
SERVER_HANDSHAKE_TRAFFIC_SECRET 1af715da4a0ef8538d29fa1e882fab2e2aee4127270713d51002a08807df8c5e 236d73801a7f81c13c3682632f66974a2ece737ef1fc56a5dadf4eb55071d5c9
CLIENT_HANDSHAKE_TRAFFIC_SECRET 1af715da4a0ef8538d29fa1e882fab2e2aee4127270713d51002a08807df8c5e ad0a3c4fe6b97bcfe7f02086fbc6864945b990c25ae5564045a75cd5a89b9a18
SERVER_TRAFFIC_SECRET_0 1af715da4a0ef8538d29fa1e882fab2e2aee4127270713d51002a08807df8c5e 8eba06e29b218eff6baa0e4e56813de84313abb611a393310c3a587b2fc1413c
CLIENT_TRAFFIC_SECRET_0 1af715da4a0ef8538d29fa1e882fab2e2aee4127270713d51002a08807df8c5e 54d5c66cbe3b3910e43dc6867ad9bb6ec565b271dd772006b14c644bfc9b9c0f
SERVER_HANDSHAKE_TRAFFIC_SECRET 9ecebf6433900b74e582684374db57470609223aabb8b4221b1934772cf0ee36 89f02fc54fe9b3b67089cf9c05201b80b225f7767e081c0131e607d90996ca1b
CLIENT_HANDSHAKE_TRAFFIC_SECRET 9ecebf6433900b74e582684374db57470609223aabb8b4221b1934772cf0ee36 2f283a459d1ab657853c2581d977bffa4b11ad98a23d1fa3fbe0685b1747ebd5
SERVER_TRAFFIC_SECRET_0 9ecebf6433900b74e582684374db57470609223aabb8b4221b1934772cf0ee36 329d743449eacd41a42bbf1a807562c0921bd7139e025e40621697a16ebb7161
CLIENT_TRAFFIC_SECRET_0 9ecebf6433900b74e582684374db57470609223aabb8b4221b1934772cf0ee36 a9019f0e291a9f4d73f36c28d5dd5b9df2f2eee8e3e095c0b85bcceaa6e9074e
SERVER_HANDSHAKE_TRAFFIC_SECRET 674f8214035e97dbba0ef11473fdd63347e93a7ca6f1b5c8e164213821f21d98 8a6b2e8fa4b2517c4123c2afb9c8cd4746a07e9e78d6aa1c5164d4d3b7b82f0e
CLIENT_HANDSHAKE_TRAFFIC_SECRET 674f8214035e97dbba0ef11473fdd63347e93a7ca6f1b5c8e164213821f21d98 910362117d5a0b2bc1922c7fa39cc01eef8e4a0ad66561767085847b2a6d82a9
SERVER_TRAFFIC_SECRET_0 674f8214035e97dbba0ef11473fdd63347e93a7ca6f1b5c8e164213821f21d98 6f2176b93c44de27e53d853bae81e3378df639c7c4d03a10861a8682239037ac
CLIENT_TRAFFIC_SECRET_0 674f8214035e97dbba0ef11473fdd63347e93a7ca6f1b5c8e164213821f21d98 291c81a6b05d7663e3aa1d2f057a87db7eb41b0498838a5daec76b33a532d31e
SERVER_HANDSHAKE_TRAFFIC_SECRET 85d4d973bd3304c5eb733c049f3678a2cec117f42f8c2704184e973ec7915950 cf91937537b1440b4877b72571b8037f9a0025c4b14bdc7d2308009bb9ccde91
CLIENT_HANDSHAKE_TRAFFIC_SECRET 85d4d973bd3304c5eb733c049f3678a2cec117f42f8c2704184e973ec7915950 deb6cff03531ea36169585b7aec26a139d0abc34be0cdfe164e0d5dcbd4dc001
SERVER_TRAFFIC_SECRET_0 85d4d973bd3304c5eb733c049f3678a2cec117f42f8c2704184e973ec7915950 443737362c039ccab0adc2d6d9a7f868f56fa18b382021351e8189f5682e0ff9
SERVER_HANDSHAKE_TRAFFIC_SECRET 7ed64f56703a97eb7fe95f8b3de9881988d1d013a7d4a901745a37c991782e81 c090e31f26e1ffb2df5323f7a66555f38c145ac8c16cad3f9b5095f357d46fa2
CLIENT_HANDSHAKE_TRAFFIC_SECRET 7ed64f56703a97eb7fe95f8b3de9881988d1d013a7d4a901745a37c991782e81 9a0927e29a7f4543d10431dc66bc12fc79d04256c6b0f67fd6a9a5e7a4335b9b
SERVER_TRAFFIC_SECRET_0 7ed64f56703a97eb7fe95f8b3de9881988d1d013a7d4a901745a37c991782e81 8341c8d78f482e182b44f80794f4d1924d0f32f0321193908a552f7dfa7aadfa
SERVER_HANDSHAKE_TRAFFIC_SECRET 59f075365e07b4b7a61917bbd12f4924c260af17e8339865ca5284cd3f289a78 dc97602ec8e8332cfd90750ebfa9ffaec00bd2d954446077f57905f34b910e89
CLIENT_HANDSHAKE_TRAFFIC_SECRET 59f075365e07b4b7a61917bbd12f4924c260af17e8339865ca5284cd3f289a78 b1d3002db59c2116a9e6c89fb12f3a417762497c8513790b37fd94674c5b58b9
SERVER_TRAFFIC_SECRET_0 59f075365e07b4b7a61917bbd12f4924c260af17e8339865ca5284cd3f289a78 7084cf12e92ac1eddeac3735fb2fb80981f2b707faffadd18afc22363062aff9
SERVER_HANDSHAKE_TRAFFIC_SECRET 69f467fae716067cfbfb9d166635937b0f13e68b2b67764a997954936167210d 6866067ca574ff885f9c53ea5c4c02434bac78c980ec550dbb7cc0162da9a341
CLIENT_HANDSHAKE_TRAFFIC_SECRET 69f467fae716067cfbfb9d166635937b0f13e68b2b67764a997954936167210d e120d6adadc76d92ec658504e0d5dd28cfaaea458ae4f878e1c2e3123456c7fd
SERVER_TRAFFIC_SECRET_0 69f467fae716067cfbfb9d166635937b0f13e68b2b67764a997954936167210d df11e015d15797b3d402f8d95cf6892cb7721a6a9a9bb1544c81215eab9fbc7b
CLIENT_TRAFFIC_SECRET_0 69f467fae716067cfbfb9d166635937b0f13e68b2b67764a997954936167210d db6c435ec563c8f2178833e63bb16a34bade2586f7e40e6d14ecf8f70beeca73
SERVER_HANDSHAKE_TRAFFIC_SECRET 361d42d04f78a7071941dc85aadb51275f013e2383bbded9b67e0a0edcc618a9 e093fcd6b5d061bc47943a14774eacfffb667ba84904517418184a4ba801c9bd
CLIENT_HANDSHAKE_TRAFFIC_SECRET 361d42d04f78a7071941dc85aadb51275f013e2383bbded9b67e0a0edcc618a9 d0b7da295b13771b2886f19d58cd888e2fd4738d157e37edb82be9d7da6b21a7
SERVER_TRAFFIC_SECRET_0 361d42d04f78a7071941dc85aadb51275f013e2383bbded9b67e0a0edcc618a9 3ac44194f91794fd235c3451c9d4ec05b44f61d7ec0d928eac1cf712ff0122b5
CLIENT_TRAFFIC_SECRET_0 361d42d04f78a7071941dc85aadb51275f013e2383bbded9b67e0a0edcc618a9 67849daf275a04846bd9252d60370a37f80d18c717045adb363d63dc05bf5df0
SERVER_HANDSHAKE_TRAFFIC_SECRET 7953a4dd8633e512f8d5704673e2310b1248c9cf216983394af6af5e6060efd6 6b596334b23bae3dd67c8b3ce3f858314be287e3848285040d22f56e6292aca7
CLIENT_HANDSHAKE_TRAFFIC_SECRET 7953a4dd8633e512f8d5704673e2310b1248c9cf216983394af6af5e6060efd6 86e0b12d63617558acbbc7bf494ea36b5b7e27a3e08510b4150f8cad0da08ca6
SERVER_TRAFFIC_SECRET_0 7953a4dd8633e512f8d5704673e2310b1248c9cf216983394af6af5e6060efd6 e3856be66ead0e3232b27a9743439a5dbd070b941b78379ae7a60de2194fa927
CLIENT_TRAFFIC_SECRET_0 7953a4dd8633e512f8d5704673e2310b1248c9cf216983394af6af5e6060efd6 b477c01b9baf1b8c859a037deca7245ec94cbea03079fbffd2f826871a88cdd9
SERVER_HANDSHAKE_TRAFFIC_SECRET 17dbef41e79e7b30d4db319047d2930eaafad6bbac16838a657a6755b2856653 f6e263fff15cb81e37ecaecfdfc78fd08ec9fe9cde251a0effccfdac15cf35b4
CLIENT_HANDSHAKE_TRAFFIC_SECRET 17dbef41e79e7b30d4db319047d2930eaafad6bbac16838a657a6755b2856653 17464b282c7d694a624362b52f4d75b94a8ebc6739ea58e850c66fa778c969f1
SERVER_TRAFFIC_SECRET_0 17dbef41e79e7b30d4db319047d2930eaafad6bbac16838a657a6755b2856653 96ca2cf34124adf35664986841555d265571aace5d9acf5b9093939cf1c4bb01
SERVER_HANDSHAKE_TRAFFIC_SECRET 76c7fe85d78aa9c0b47ea2fd2e5c922847ef9fda8e891ecefa7c228f2d2e8914 225cbbee4fc6b0ab6bc25a49ee67dc3e15f4429f1e77e0dc45e7fd3715946897
CLIENT_HANDSHAKE_TRAFFIC_SECRET 76c7fe85d78aa9c0b47ea2fd2e5c922847ef9fda8e891ecefa7c228f2d2e8914 091d2aa716ce0dc5b4981d5e1bea4de4bcb3dfe76d86e8c7ffb9c35e6cad8973
SERVER_TRAFFIC_SECRET_0 76c7fe85d78aa9c0b47ea2fd2e5c922847ef9fda8e891ecefa7c228f2d2e8914 c6e66f24637f75597a16a5cb8f5493583ad1c3c40c10cdf4837eefebeb17d99a
CLIENT_TRAFFIC_SECRET_0 76c7fe85d78aa9c0b47ea2fd2e5c922847ef9fda8e891ecefa7c228f2d2e8914 2c58f91afba674f4c91c753ec00206a9c0bdc0699a2d5a352a79a221185d701b
SERVER_HANDSHAKE_TRAFFIC_SECRET a4a21c67c53e54307f8a47172037e850c461bcfbfc0306823b5bbd0c54d5cc15 298ae65172cef75fad2cbf8f87fecd259b6629d07ddb078f75bb59a808b5f80c
CLIENT_HANDSHAKE_TRAFFIC_SECRET a4a21c67c53e54307f8a47172037e850c461bcfbfc0306823b5bbd0c54d5cc15 a1098a6ad9b7093a6a07a7321dc8bd1f86f98ebec53d5ffb7705d87ded32ea62
SERVER_TRAFFIC_SECRET_0 a4a21c67c53e54307f8a47172037e850c461bcfbfc0306823b5bbd0c54d5cc15 8f60aaa70c1db6690d6afea3e507e1bb33e086ea2307b5491430d49913660be3
CLIENT_TRAFFIC_SECRET_0 a4a21c67c53e54307f8a47172037e850c461bcfbfc0306823b5bbd0c54d5cc15 1cbc63dc711c51ad4fab6654dc37a3a5c91267152066c6b6e0a7bf959e933171
SERVER_HANDSHAKE_TRAFFIC_SECRET e5784d55e4d1b694dad73d4d116a595c7480fb3a23740fbf1b6e41e13941a512 3ac980796cfe5bca36239fbb457b7397c239d7f7583dbbb01acfece4c548226c
CLIENT_HANDSHAKE_TRAFFIC_SECRET e5784d55e4d1b694dad73d4d116a595c7480fb3a23740fbf1b6e41e13941a512 54aed5e0a7c3741605d309f0395190ac469a0ebf9e1ec29bf5991483741013cc
SERVER_TRAFFIC_SECRET_0 e5784d55e4d1b694dad73d4d116a595c7480fb3a23740fbf1b6e41e13941a512 7810daa5e5fedc45ddd8384bffd93b74ade3142fcd94d77d14cd4a52ce4a2d73
CLIENT_TRAFFIC_SECRET_0 e5784d55e4d1b694dad73d4d116a595c7480fb3a23740fbf1b6e41e13941a512 c6862fb4fdb7b8e02f1d9b6d9453f41fef8081270874454610e158b6f20aac71
SERVER_HANDSHAKE_TRAFFIC_SECRET 15c0e30edf994ebad3ac3453832c0fa22cfa08f27c46acf0383f80755135ebd9 4f772c4e5d263ff94da9a51086e3d086c7bfc9d7495ca580a9ae0eceb1579c9c
CLIENT_HANDSHAKE_TRAFFIC_SECRET 15c0e30edf994ebad3ac3453832c0fa22cfa08f27c46acf0383f80755135ebd9 ba80a5b8f571a7831282c922c8dc4310ff10d0cc5b19d5668e78f192a9d165bd
SERVER_TRAFFIC_SECRET_0 15c0e30edf994ebad3ac3453832c0fa22cfa08f27c46acf0383f80755135ebd9 497edc1ccdbb3decdaccfa4514d4bcd635921ccf715ddb8467632e333218de80
CLIENT_TRAFFIC_SECRET_0 15c0e30edf994ebad3ac3453832c0fa22cfa08f27c46acf0383f80755135ebd9 51fb8f0e2971fd691cd33844bcac8d42c1bce43a5edafebf0d0751e4563b6253
SERVER_HANDSHAKE_TRAFFIC_SECRET 61cbefd1c5c38c41f3555d2eb2b169a3a54ce18169b24dfdc44c00655636b2b7 dca829a49c83d96c148771254562397a3d8faae6d2606ee4242ce7929f47d101
CLIENT_HANDSHAKE_TRAFFIC_SECRET 61cbefd1c5c38c41f3555d2eb2b169a3a54ce18169b24dfdc44c00655636b2b7 9c2ffa6f2f6440437cd1b23d33149d3689f22d39462ea2e78913ec174b9c9878
SERVER_TRAFFIC_SECRET_0 61cbefd1c5c38c41f3555d2eb2b169a3a54ce18169b24dfdc44c00655636b2b7 2a93e5566b782d5e647ddd4338c332b6b18ca75e185585056d398caffede2355
CLIENT_TRAFFIC_SECRET_0 61cbefd1c5c38c41f3555d2eb2b169a3a54ce18169b24dfdc44c00655636b2b7 8a667658a7a59b1d9d6c047736951d1a0027f8845bd7cf8554273d462c84f5b1
SERVER_HANDSHAKE_TRAFFIC_SECRET 85968084e2f32583ded9e8d625c13a969ca33b68ab892c9e8a11859ac2b38de5 cbdba78753ceca1b7150cb8179aad48775019e40594479a39588a8f0c50ad6ec
CLIENT_HANDSHAKE_TRAFFIC_SECRET 85968084e2f32583ded9e8d625c13a969ca33b68ab892c9e8a11859ac2b38de5 5e311c907c376efcb451d18f6dfc026bbc4e2108befa7926aaff8d99269b45a7
SERVER_TRAFFIC_SECRET_0 85968084e2f32583ded9e8d625c13a969ca33b68ab892c9e8a11859ac2b38de5 b6fdf0c195f4cdb8f1ab52f7c7890af7e0099f463e8a29cef89fbd64d8b70b99
CLIENT_TRAFFIC_SECRET_0 85968084e2f32583ded9e8d625c13a969ca33b68ab892c9e8a11859ac2b38de5 2c98e73d7745bf947baca057c3b3910aadc88cb298306f374456011e1183e0fa
SERVER_HANDSHAKE_TRAFFIC_SECRET c33d62230ae4729101156ac825e6148c98a6e3639c36086f0bde12de1a10bce6 f3284b853d907e39bac259bd662c8d874d510b659d6c5c7b8006dd2ee29f4211
CLIENT_HANDSHAKE_TRAFFIC_SECRET c33d62230ae4729101156ac825e6148c98a6e3639c36086f0bde12de1a10bce6 41db09d96af369380c9224c8670f8192bd44e7122086564b1123ba50d8ff72a7
SERVER_TRAFFIC_SECRET_0 c33d62230ae4729101156ac825e6148c98a6e3639c36086f0bde12de1a10bce6 a36b8fd615a1cd7f49db894c3db96b7c20db7f8c47e85effed0d857d03f6e842
SERVER_HANDSHAKE_TRAFFIC_SECRET 17302e947d49a7f0b9585d186013da8c98eb77b42306948a87e286c866733ee3 6ec7d11bfc5222e001326e910da15cab2777fddef49cb505167e3c3870080679
CLIENT_HANDSHAKE_TRAFFIC_SECRET 17302e947d49a7f0b9585d186013da8c98eb77b42306948a87e286c866733ee3 234931c2ecde7732127725cec3d2bc4beee1f2b5ef581ae38710e6a0c49b264f
SERVER_TRAFFIC_SECRET_0 17302e947d49a7f0b9585d186013da8c98eb77b42306948a87e286c866733ee3 dc08cce6c79386384d43fcba0407b7567f08136da6b2948279b36d0b72b6163c
CLIENT_TRAFFIC_SECRET_0 17302e947d49a7f0b9585d186013da8c98eb77b42306948a87e286c866733ee3 72b5484e848f48ed236f145e23d7d94b5bf39953f5b45ddef066a5c3892de84e
SERVER_HANDSHAKE_TRAFFIC_SECRET 435b66f98cb30044344438f97a22d5b41076c860b816d8a4af0675cd25b5b95c 052214a5e076d4f5a4e021ff7575e56b269c92e438d90a1acf69505d2172fbc3
CLIENT_HANDSHAKE_TRAFFIC_SECRET 435b66f98cb30044344438f97a22d5b41076c860b816d8a4af0675cd25b5b95c 0173309e07293c9465c7d3fff3e0fd46182495fa3ff20ef76ceab909ba48ba11
SERVER_TRAFFIC_SECRET_0 435b66f98cb30044344438f97a22d5b41076c860b816d8a4af0675cd25b5b95c 67f14ea15123b0f3f51571650cbfc1815f150ba58227004e3ef4937e2ba2346c
CLIENT_TRAFFIC_SECRET_0 435b66f98cb30044344438f97a22d5b41076c860b816d8a4af0675cd25b5b95c ce2e49009707f42193036cce4c6efd37dcfde9c7d311328206e3ae0d148efff0
SERVER_HANDSHAKE_TRAFFIC_SECRET 99363eee95863f1234594d018e54dcc9ce7f521605a05a5020f70b3ea600ee4e 6d3b903cc1bcd8d62c358952304440a967d299b26d982c6d5bc7ac33c75bcf71
CLIENT_HANDSHAKE_TRAFFIC_SECRET 99363eee95863f1234594d018e54dcc9ce7f521605a05a5020f70b3ea600ee4e 1f1c8659dc31b9bf0d0950b55c3feb32aaeb73d2bf92162d167fc67b1b7e6e59
SERVER_TRAFFIC_SECRET_0 99363eee95863f1234594d018e54dcc9ce7f521605a05a5020f70b3ea600ee4e bb7b0a6a6b52dae5e8591d6289905a714266d47158356ea6ed28ddd73bf18945
CLIENT_TRAFFIC_SECRET_0 99363eee95863f1234594d018e54dcc9ce7f521605a05a5020f70b3ea600ee4e bbe7eafbd12599ba75d8a77255e1968d9f099cda6a243bd31f5fe45d9be855fb
SERVER_HANDSHAKE_TRAFFIC_SECRET b467cc857c5254a7f88b648e6c43801f491a3f4b1870cc75ddfef662fa2b859e 844dae07dcff700b2f1be7f2c1757c9d364f132f8b36b4daa91db417ef8e6839
CLIENT_HANDSHAKE_TRAFFIC_SECRET b467cc857c5254a7f88b648e6c43801f491a3f4b1870cc75ddfef662fa2b859e 7640e16f2a6f04752c7f2a9e25f025a51b02893d835ec8de825d4f86525d1891
SERVER_TRAFFIC_SECRET_0 b467cc857c5254a7f88b648e6c43801f491a3f4b1870cc75ddfef662fa2b859e 2ce35e44553aae1717328bfe82bd2ad85c1ad3115192b13bb76bafbe9cdba0e5
CLIENT_TRAFFIC_SECRET_0 b467cc857c5254a7f88b648e6c43801f491a3f4b1870cc75ddfef662fa2b859e 98468c30c6889091e20473eb28ff602db27f5178be3a6fef70a2bf580abae7a0
SERVER_HANDSHAKE_TRAFFIC_SECRET 358cff24e53fc6e5d6529d216336ae03517373051a196db2059142b8464a404c 2e2f6ec3ae6fba3d9f0dddffda6aa366fc1b1103f5733d570c01f0be689ba57a
CLIENT_HANDSHAKE_TRAFFIC_SECRET 358cff24e53fc6e5d6529d216336ae03517373051a196db2059142b8464a404c 877c99954a32cbeed1ad0ea9748d5b7c09620719719ffe37d5447cba0906b99e
SERVER_TRAFFIC_SECRET_0 358cff24e53fc6e5d6529d216336ae03517373051a196db2059142b8464a404c 0a6a997f896a425b92de2866dc1b30a843410bf0c71f44c62cd2a68c3be75286
SERVER_HANDSHAKE_TRAFFIC_SECRET e4fea320adc2a475f709d248860ce8e9b5451bbd8e0cffd4d2c9eb22398cd352 851f959c75d7297c5ee455dea688d864dedcfc2526d852052b774355f756e8ef
CLIENT_HANDSHAKE_TRAFFIC_SECRET e4fea320adc2a475f709d248860ce8e9b5451bbd8e0cffd4d2c9eb22398cd352 0b6b02eef3cec13d93d85b29009e0327432b3326d87ebe1fda6a30b202fbf17e
SERVER_TRAFFIC_SECRET_0 e4fea320adc2a475f709d248860ce8e9b5451bbd8e0cffd4d2c9eb22398cd352 e5727573fc968f5a1f17182d8efe18100bb9b5288eebf1ebaf33d10f0d6f7913
CLIENT_TRAFFIC_SECRET_0 e4fea320adc2a475f709d248860ce8e9b5451bbd8e0cffd4d2c9eb22398cd352 f8b70a1280eefc1305a98e415bf2ac66a4a736c354b0f9ee554933aa177f18b8
SERVER_HANDSHAKE_TRAFFIC_SECRET 975e2d420586c71319cd389e04874de9cfeb475cacd715630f84173af72ff69b 75ef4ad820932105d2cc2e072814a361ea93c11aa84271d4b117c5cea4e1699a
CLIENT_HANDSHAKE_TRAFFIC_SECRET 975e2d420586c71319cd389e04874de9cfeb475cacd715630f84173af72ff69b f81c7ea2e4ecb15d31d209dc57afa745f8705fc1e0b31c7d8d6ae0569f21c1a1
SERVER_TRAFFIC_SECRET_0 975e2d420586c71319cd389e04874de9cfeb475cacd715630f84173af72ff69b 9e137a6675fab31c0a8d2deefab3d4965bdb502b426d7bf9f7cffc560a99c1e8
CLIENT_TRAFFIC_SECRET_0 975e2d420586c71319cd389e04874de9cfeb475cacd715630f84173af72ff69b de255b06ce095ed9d0dbdde98093c3d62a06ff525a24f38cc8583fb1c14561e9
SERVER_HANDSHAKE_TRAFFIC_SECRET 4537481bec0dcf1f1e6a64726da3f0a4d9cd91d669426a22f38f5d94e63628d6 5ef1014a20096598e0e40a18c13a87c1d03a1c43bbb72e56bd55d5f50f2a4e4c
CLIENT_HANDSHAKE_TRAFFIC_SECRET 4537481bec0dcf1f1e6a64726da3f0a4d9cd91d669426a22f38f5d94e63628d6 1843f0da66ffd148ed9f8bdd94af15b0b2cdbfeeb6399ac82e0c88a0c0790739
SERVER_TRAFFIC_SECRET_0 4537481bec0dcf1f1e6a64726da3f0a4d9cd91d669426a22f38f5d94e63628d6 15a5e2070298bbc57489bdd55473cc3f88501558e0dd7b8e27d1cde880c144fe
CLIENT_TRAFFIC_SECRET_0 4537481bec0dcf1f1e6a64726da3f0a4d9cd91d669426a22f38f5d94e63628d6 8191e82f1716acb46e2cabc6f38d9e5340607001d51abae4f6b86c9e43411380
SERVER_HANDSHAKE_TRAFFIC_SECRET aa403a1c98f2b1a285661a370346c23d23a46b44594414dd59a73fbc2b23310a 0cc2611e0535a1e88e1510f957ee96a2d9499170d42ceca059328a5539af98c4
CLIENT_HANDSHAKE_TRAFFIC_SECRET aa403a1c98f2b1a285661a370346c23d23a46b44594414dd59a73fbc2b23310a 66c4ecf8f2d305d10426edff541daa81ee4068c02b6451db301a25914b1814b1
SERVER_TRAFFIC_SECRET_0 aa403a1c98f2b1a285661a370346c23d23a46b44594414dd59a73fbc2b23310a 028d871b5deddbfa330dc7858e16f48bb2fe1715fdeeb2c3c4bb2341b338b9f4
CLIENT_TRAFFIC_SECRET_0 aa403a1c98f2b1a285661a370346c23d23a46b44594414dd59a73fbc2b23310a c59957e02485309dfc5d6681bb1c76d7ca2cc88481033aabb9ec92073deff8c9
SERVER_HANDSHAKE_TRAFFIC_SECRET dabc23484617866241311c5e17bd35aef535c7ea439bb1adc1eb135c7be2704b 71139208897d45593bd753a027fff67bcf7318b908fc590cb6f746e9a3d07b89
CLIENT_HANDSHAKE_TRAFFIC_SECRET dabc23484617866241311c5e17bd35aef535c7ea439bb1adc1eb135c7be2704b ee0035ed20591c7f5150385e94b4dd3a0263957be2a3be25bb30fc52bccaef8d
SERVER_TRAFFIC_SECRET_0 dabc23484617866241311c5e17bd35aef535c7ea439bb1adc1eb135c7be2704b 49601cf402f9a5b5f5d58fcbb52d91d04d76ebb55c7ec138249c66e795ae8653
CLIENT_TRAFFIC_SECRET_0 dabc23484617866241311c5e17bd35aef535c7ea439bb1adc1eb135c7be2704b fd45c5dc179fa6a480a91bb5c97ea839a43886c118c12e638eec7e68d59be7b1
SERVER_HANDSHAKE_TRAFFIC_SECRET 0da023ff11f31da10f57cc41c621e3d966fb9dee3963fe6b01be08b7fb11836c 506e9da0a5f70516310fb4045f8fb5adb4ef0ac6b1dd8d864bfa58ea1f5d24b5
CLIENT_HANDSHAKE_TRAFFIC_SECRET 0da023ff11f31da10f57cc41c621e3d966fb9dee3963fe6b01be08b7fb11836c 49ad7d254f84941594569a231a51c0a32f3faefe48b5b193b95f58b704fae2f3
SERVER_TRAFFIC_SECRET_0 0da023ff11f31da10f57cc41c621e3d966fb9dee3963fe6b01be08b7fb11836c 28a1416dd2dadaedcaf195d1b21bbfa43f2eff9234d8f4468abef59b923b1089
CLIENT_TRAFFIC_SECRET_0 0da023ff11f31da10f57cc41c621e3d966fb9dee3963fe6b01be08b7fb11836c 69f94aee105e35f460318784dcaa2f94d4997b0608af3b3b4a8b5f866ef79b48
SERVER_HANDSHAKE_TRAFFIC_SECRET 35863ba2005297f79929cfa5bda6369d9c5331d19d8109ef311c210ccb858c53 834af1a2c9ac7705675d96a0ff30b2d57059fe59f52e90a48577f39cd145c792
CLIENT_HANDSHAKE_TRAFFIC_SECRET 35863ba2005297f79929cfa5bda6369d9c5331d19d8109ef311c210ccb858c53 fdb1f584479d15c978802b822e4e6d5e387c0f3fbd357cb72512121d08c1f33d
SERVER_TRAFFIC_SECRET_0 35863ba2005297f79929cfa5bda6369d9c5331d19d8109ef311c210ccb858c53 97a8c0fe749ae9737778657331f1ab28145fde470fca28bf45142a5d6b142bad
SERVER_HANDSHAKE_TRAFFIC_SECRET f20de77d58594fe07213d8e6d7d78c7bd91db2a518696a6fc7abe9f32d054634 63ebbede2729b1a6991c819b532a7220b30d7952cdc2d144d3bcff062e720073
CLIENT_HANDSHAKE_TRAFFIC_SECRET f20de77d58594fe07213d8e6d7d78c7bd91db2a518696a6fc7abe9f32d054634 55f72707930ba7b5ab1cf8d93eed6ecce63491b4b261d1655e815fcb35475062
SERVER_TRAFFIC_SECRET_0 f20de77d58594fe07213d8e6d7d78c7bd91db2a518696a6fc7abe9f32d054634 99e6784af630cc0cbbabceb3f8a382c1494999e7c1fd77a19b177902e72bce8f
CLIENT_TRAFFIC_SECRET_0 f20de77d58594fe07213d8e6d7d78c7bd91db2a518696a6fc7abe9f32d054634 dea0e958d7499972cd94aba849c5bb5e61efa21a9f28a731ac947d6f765344a1
SERVER_HANDSHAKE_TRAFFIC_SECRET 70537bcc36f0181f89c709ac1baf81516cfe6e412052f7fc1f7c1c858771ee72 e927d88f8544005c56c5d73a6a0c475f3c6143c3bb0dd1c9989de99e2a1718b5
CLIENT_HANDSHAKE_TRAFFIC_SECRET 70537bcc36f0181f89c709ac1baf81516cfe6e412052f7fc1f7c1c858771ee72 ccd6086d532ad60bd63354af9699f2ae613957e5e2f422e35f7f31de625b04f7
SERVER_TRAFFIC_SECRET_0 70537bcc36f0181f89c709ac1baf81516cfe6e412052f7fc1f7c1c858771ee72 e1723114853c89c8e987ca257060bd7fd6484bf3812140d6bc2977ab13c14b4d
CLIENT_TRAFFIC_SECRET_0 70537bcc36f0181f89c709ac1baf81516cfe6e412052f7fc1f7c1c858771ee72 3870e84803cf0ad626fc0a0db8c90a62280ad4757a6963246452ed1f003b11a8
SERVER_HANDSHAKE_TRAFFIC_SECRET 4e4cac3511ac01f825afbce989a1cc8d844e1b5f3f94622636ebcacc640c42db 97c89537cf3bd1e993d8189000f0272681352888c6d5676a8bf93350e4e7f8fc
CLIENT_HANDSHAKE_TRAFFIC_SECRET 4e4cac3511ac01f825afbce989a1cc8d844e1b5f3f94622636ebcacc640c42db 257684eb30412ae59ccc60f0699b4f458d2a30c1e5617f01207eeee96897a2ac
SERVER_TRAFFIC_SECRET_0 4e4cac3511ac01f825afbce989a1cc8d844e1b5f3f94622636ebcacc640c42db 3e3a639d7fb6a0baa41139cc301410befb72fc47f731c54e99ee3299f868f949
CLIENT_TRAFFIC_SECRET_0 4e4cac3511ac01f825afbce989a1cc8d844e1b5f3f94622636ebcacc640c42db a2c9676a95d942c065d8e1ba4b65c28d7f0e642d0082b30c159efc83406c57ba
SERVER_HANDSHAKE_TRAFFIC_SECRET 669432b004be6798cbb248db11c59dbef2e26f09bac55a656103b8d6cbcec70e 68415129a3e9a3fc3eab0125bc0f215220c729dfc5db0cc1b790942fffa43961
CLIENT_HANDSHAKE_TRAFFIC_SECRET 669432b004be6798cbb248db11c59dbef2e26f09bac55a656103b8d6cbcec70e 1fd345fa8c1ddfbe3110b2e5fa737829fa115d9edf2bb725932ae230a1b0b3c9
SERVER_TRAFFIC_SECRET_0 669432b004be6798cbb248db11c59dbef2e26f09bac55a656103b8d6cbcec70e 523344511f240424104ddd47f170c2c36fe83ca9db0dced96a07adeaf083b60b
CLIENT_TRAFFIC_SECRET_0 669432b004be6798cbb248db11c59dbef2e26f09bac55a656103b8d6cbcec70e 0a55c0c4f7c6c3c4ef2817bc0513a6e88e424b9bec50292dbe78ecc52762e898
SERVER_HANDSHAKE_TRAFFIC_SECRET 7bab8aec6700d3e9bc485f8d7da3f819f76c5bf8db8615a261f9cce18683eb4e 1af5047c672c241c3b78a704497e319754b2ba0ad3b0b9fc51f82f45257812e2
CLIENT_HANDSHAKE_TRAFFIC_SECRET 7bab8aec6700d3e9bc485f8d7da3f819f76c5bf8db8615a261f9cce18683eb4e 4d9f7f789b2f1defec8eb5a93a7aaa8247d11466612aafb87c30b40151518893
SERVER_TRAFFIC_SECRET_0 7bab8aec6700d3e9bc485f8d7da3f819f76c5bf8db8615a261f9cce18683eb4e c1bc7967d5f3ab7218d1065a715405a4977edd803a313d7c0afb48e35a17a92b
CLIENT_TRAFFIC_SECRET_0 7bab8aec6700d3e9bc485f8d7da3f819f76c5bf8db8615a261f9cce18683eb4e c9ca53bd7c2a44e73e573626bafc795c8593b360d31a7e1a92009cb69802bc69
SERVER_HANDSHAKE_TRAFFIC_SECRET cf7e8f7e382e3d0181e4a6d5e748dda99780bcd525ddfaa6a90a921da3f76767 f0f8e9f89969eff49ffce483de71d8db2d2cf94ca7b62c9eb44b856e61c1aed1
CLIENT_HANDSHAKE_TRAFFIC_SECRET cf7e8f7e382e3d0181e4a6d5e748dda99780bcd525ddfaa6a90a921da3f76767 4f12c1eafd569263c25527f4ffaf52a14a6ee56d7404678769db40bc1cc62339
SERVER_TRAFFIC_SECRET_0 cf7e8f7e382e3d0181e4a6d5e748dda99780bcd525ddfaa6a90a921da3f76767 b06cfe5be2d248a6173806b6fd3caf95e356ea288ecf207ca6e4eea28f053b17
SERVER_HANDSHAKE_TRAFFIC_SECRET 1af861d1d357ab1420de6102f3d79a22b99c6eef2a37c1b81ebf66b920d5e18c 66065585f372308ff63f1cfdef8ea7ccf5b38fc8268555aff65895a55e771e18
CLIENT_HANDSHAKE_TRAFFIC_SECRET 1af861d1d357ab1420de6102f3d79a22b99c6eef2a37c1b81ebf66b920d5e18c 5245f8e6d7a12621c831c9bcff3c7399882ea26be2f640853635206313761fb4
SERVER_TRAFFIC_SECRET_0 1af861d1d357ab1420de6102f3d79a22b99c6eef2a37c1b81ebf66b920d5e18c 54969fffa9f5f24d6e8a33ed19fe8e651c463d06cb54bd8001d88dfd729f8ddc
CLIENT_TRAFFIC_SECRET_0 1af861d1d357ab1420de6102f3d79a22b99c6eef2a37c1b81ebf66b920d5e18c 07fcbd1c09eb97d2dae8c8c35b4c7cf1f638b1a667accd90c92f31ab7c8dc6d0
SERVER_HANDSHAKE_TRAFFIC_SECRET 76c650ff11d9bc97f7914e6aef7eafa00f1511e6a6e8dee9efea06710fd8d451 57c5bbaef6313e1bbc6cbb360992f1caa3fdd02da84fbe5305091e85244070de
CLIENT_HANDSHAKE_TRAFFIC_SECRET 76c650ff11d9bc97f7914e6aef7eafa00f1511e6a6e8dee9efea06710fd8d451 0ea40a3f74a6f992290276d5d69699b402a979023693433823dc1aa89c9d36f4
SERVER_TRAFFIC_SECRET_0 76c650ff11d9bc97f7914e6aef7eafa00f1511e6a6e8dee9efea06710fd8d451 1bfd697cfb56ebcda600a6ac0fbe71ebb353f9418764fff2fb2c0e81f1e4631e
CLIENT_TRAFFIC_SECRET_0 76c650ff11d9bc97f7914e6aef7eafa00f1511e6a6e8dee9efea06710fd8d451 cd03389fb30ac2ae43516999f37cf1bea9f6164aa4646d2229eb59cfb202953f
SERVER_HANDSHAKE_TRAFFIC_SECRET d52f7e98e41cf706a7f3f1c34481c81afbf8fd3baace4fe7aa9052ee16472f28 652afba65b5a5040fd8de36d769a9f1fb776de536789bf65f1fcd38934def40c
CLIENT_HANDSHAKE_TRAFFIC_SECRET d52f7e98e41cf706a7f3f1c34481c81afbf8fd3baace4fe7aa9052ee16472f28 df99a477702f19a9e5f2a110314df2875a344781f93eea5983d147a64dff54c5
SERVER_TRAFFIC_SECRET_0 d52f7e98e41cf706a7f3f1c34481c81afbf8fd3baace4fe7aa9052ee16472f28 0bef6298a96df2b0362061b9d55728101129b531dec2204a247069b91fbbf66a
CLIENT_TRAFFIC_SECRET_0 d52f7e98e41cf706a7f3f1c34481c81afbf8fd3baace4fe7aa9052ee16472f28 434556aa04e9fec0d86636be6936e27483bc37eb75d5477ad6cce12330ded359
SERVER_HANDSHAKE_TRAFFIC_SECRET e870b582c0afd30f585c8a7c985fb4a19a968bf638d6ac8ffa836d8a78468cb1 98a9e9394fdfcaebcf9595a86d200e1b06420f9f8760ecaa8347f534a1eb5420
CLIENT_HANDSHAKE_TRAFFIC_SECRET e870b582c0afd30f585c8a7c985fb4a19a968bf638d6ac8ffa836d8a78468cb1 313be8b63ed1907bfd8828a4dbf192aad201cbe129b1eb90485c4b53b7608c8d
SERVER_TRAFFIC_SECRET_0 e870b582c0afd30f585c8a7c985fb4a19a968bf638d6ac8ffa836d8a78468cb1 e8d7a73b207d1ca1c43625004bcab591c20a280848838cb6bcd00dae456560b6
CLIENT_TRAFFIC_SECRET_0 e870b582c0afd30f585c8a7c985fb4a19a968bf638d6ac8ffa836d8a78468cb1 886ce3adbb4a8c98fb35a3fbfca28a41a3ab6448d3de86bc406c122f1282a06e
SERVER_HANDSHAKE_TRAFFIC_SECRET 047a75457efaf12378e26a0cc248e194f3c65d55b7764cd5e0ae65333ca8cabd 1d99bb4678a0c6a587421f42c62b6d8d1dee344a465000bd221c9973b16a075f
CLIENT_HANDSHAKE_TRAFFIC_SECRET 047a75457efaf12378e26a0cc248e194f3c65d55b7764cd5e0ae65333ca8cabd 2398e9237f86b01b12e5a0c503111715c1a1a0b22b4ea6c4e18f39ec58627dcc
SERVER_TRAFFIC_SECRET_0 047a75457efaf12378e26a0cc248e194f3c65d55b7764cd5e0ae65333ca8cabd fed4c2167d6cfa1f69d3d7fc8160da9c3c4d072896e54740ec525b64490cdc55
SERVER_HANDSHAKE_TRAFFIC_SECRET 9bbc55894a6448a622c452e33cfc7fc01eab6f26fb742b6f62115de3fe88bae4 e3599de0a7142bb1e6f1dd93a45f42d9b8207da991d838498a93afd4a58dce6a
CLIENT_HANDSHAKE_TRAFFIC_SECRET 9bbc55894a6448a622c452e33cfc7fc01eab6f26fb742b6f62115de3fe88bae4 5045294ee09c0c8ac51ec6d0eb2c4854f719fbdfd2ed2bbd3e37703a1205359f
SERVER_TRAFFIC_SECRET_0 9bbc55894a6448a622c452e33cfc7fc01eab6f26fb742b6f62115de3fe88bae4 d7f93ca59b8b9670c9883e338cce9b756db3aaad359335da3108605690ece608
CLIENT_TRAFFIC_SECRET_0 9bbc55894a6448a622c452e33cfc7fc01eab6f26fb742b6f62115de3fe88bae4 4b764fe16958716a464346694aa3f2e5b548d8ac30b2fa23390a2d47e44f8d3f
SERVER_HANDSHAKE_TRAFFIC_SECRET 742a4080246f3b7a7bbcc44d89c7203907dfa6bbc9fb56f4a2d892eef9d58a14 ea468dc5c57a3cd4a7b505ed6d27705a1962fdddbb696a31ff09db83c2799053
CLIENT_HANDSHAKE_TRAFFIC_SECRET 742a4080246f3b7a7bbcc44d89c7203907dfa6bbc9fb56f4a2d892eef9d58a14 fbace23578fbf1d9c913ffe009619906471f136bee2ac605fa91b66841176ed1
SERVER_TRAFFIC_SECRET_0 742a4080246f3b7a7bbcc44d89c7203907dfa6bbc9fb56f4a2d892eef9d58a14 94f36813cb154e8ec170cb3fb3067711a07fd7bb433978e410a7326846b86e1b
CLIENT_TRAFFIC_SECRET_0 742a4080246f3b7a7bbcc44d89c7203907dfa6bbc9fb56f4a2d892eef9d58a14 e331a1802a9f45a48322e5ec907728ed9e92515b508f51f09b045b64eb9829f8
SERVER_HANDSHAKE_TRAFFIC_SECRET 60681db53648e2c4dec484463d937746d11bbd504a3bc3a1d7800f1e290af752 062e69322a64f9be06e446cf61ac5c7912a2970cdcdb423c3d4ff5dc6e3979cb
CLIENT_HANDSHAKE_TRAFFIC_SECRET 60681db53648e2c4dec484463d937746d11bbd504a3bc3a1d7800f1e290af752 2c0bf7d5cbd4d36d702bb4f0fe28b8586ff8ba49c6f3990ca9e1ac40e925cbbf
SERVER_TRAFFIC_SECRET_0 60681db53648e2c4dec484463d937746d11bbd504a3bc3a1d7800f1e290af752 50d44479252d0c2b8d32d308075fe3354e232739b948ffa3ff16b7684d47b97f
SERVER_HANDSHAKE_TRAFFIC_SECRET 2cee467eab8808ff9572548d8bdceffe4f80faafcfc135b2e704b5db59480bd1 f554a4d351eead3d00bd81e52214fd9cb71abe427a08102ab0cf82051a2d964d
CLIENT_HANDSHAKE_TRAFFIC_SECRET 2cee467eab8808ff9572548d8bdceffe4f80faafcfc135b2e704b5db59480bd1 83dc2ec00a82b790cbb9fca16b3f5a4accffd8b9493ffcb6a0caa657b9716e40
SERVER_TRAFFIC_SECRET_0 2cee467eab8808ff9572548d8bdceffe4f80faafcfc135b2e704b5db59480bd1 3551c88fa6d360ba8656ae15952722e428e887c677d65be3a9aea788a5c6f9f8
CLIENT_TRAFFIC_SECRET_0 2cee467eab8808ff9572548d8bdceffe4f80faafcfc135b2e704b5db59480bd1 940ca570a3caf210300d062bf472e2a014ce553aa59ea148e6e7084b8d645991
SERVER_HANDSHAKE_TRAFFIC_SECRET d85b9103e2a7b76581f542eed7b1b8db1b55c7d1ece1471ab001c2a3f4579d93 3d1666bbd2bc247d27a72345c4dd1f605ae504fb7514f0e5f7fe6692ec0e3650
CLIENT_HANDSHAKE_TRAFFIC_SECRET d85b9103e2a7b76581f542eed7b1b8db1b55c7d1ece1471ab001c2a3f4579d93 1cc7b1fd9923003a081541dc5e50775b459ac59daa2034d50c058a02e72b1dc0
SERVER_TRAFFIC_SECRET_0 d85b9103e2a7b76581f542eed7b1b8db1b55c7d1ece1471ab001c2a3f4579d93 c0d608c3d028c6c05c8431fbf2b2111875c32178882bd462f878515473633c5e
SERVER_HANDSHAKE_TRAFFIC_SECRET 26c4477d6e2282503c75c3f0ff6481484225e0779774c2b5d30cdd991d653a2f 170f355d8db358eb6ca79605c5ebe99e533dc69eaa421ebbcb06edd7b043afe0
CLIENT_HANDSHAKE_TRAFFIC_SECRET 26c4477d6e2282503c75c3f0ff6481484225e0779774c2b5d30cdd991d653a2f 788167e1f02c6d1340cd320081ca80fe7ddf5583f96f2c907270e4947f0f3086
SERVER_TRAFFIC_SECRET_0 26c4477d6e2282503c75c3f0ff6481484225e0779774c2b5d30cdd991d653a2f 14ce7873513e04e63f5f544dbc072f2c5dbf80310ec19219d3c394b40b30af04
CLIENT_TRAFFIC_SECRET_0 26c4477d6e2282503c75c3f0ff6481484225e0779774c2b5d30cdd991d653a2f a3053c8f33b324bf168d839fd02e063a9960c019d4a877b6a9fb9984bfd7e060
SERVER_HANDSHAKE_TRAFFIC_SECRET cc8368ddc987b16e7c06b482d9bcf761ad7b5464f48f014dd4570f2b7c90c8f3 66aa68ded191e2788ab7edcbf8f6a979528695e4fc470e6fc530f4d290df0fef
CLIENT_HANDSHAKE_TRAFFIC_SECRET cc8368ddc987b16e7c06b482d9bcf761ad7b5464f48f014dd4570f2b7c90c8f3 b91c8f55cf7d476f72a906d13acb9c9c2226df2f6de83a4f8554d1cf4b252f8f
SERVER_TRAFFIC_SECRET_0 cc8368ddc987b16e7c06b482d9bcf761ad7b5464f48f014dd4570f2b7c90c8f3 3b6877f358bcd6349a011445ef58ee5abe7b87578330e19a2e96657e0dd2fcdb
SERVER_HANDSHAKE_TRAFFIC_SECRET 9efce54e12b63451eaa7b4593cb40df7e24a479179ba9eacfd8b98e61fe7cf0d e97fd63951854a7a1f74c45f997031b25b688a3fc6a364549196a43d4d7d1137
CLIENT_HANDSHAKE_TRAFFIC_SECRET 9efce54e12b63451eaa7b4593cb40df7e24a479179ba9eacfd8b98e61fe7cf0d 44b54a4a1f0292a21210ecf1c18409afd7938de7f1cd456b84ec33db750b12e6
SERVER_TRAFFIC_SECRET_0 9efce54e12b63451eaa7b4593cb40df7e24a479179ba9eacfd8b98e61fe7cf0d 80bfb0daf835e5e2a96976396cae286ecf6fe25df97743f3ca5bac8129675b95
CLIENT_TRAFFIC_SECRET_0 9efce54e12b63451eaa7b4593cb40df7e24a479179ba9eacfd8b98e61fe7cf0d a342bdb231c39ab62a178e3cb3854bb798566083cc473643fb98a02b38467535
SERVER_HANDSHAKE_TRAFFIC_SECRET 5a14fa5bea6ceba80dd2b62e26c0b7ceafc999baba19bd98b75f852d9943673a 8b7eaa89ed32d6cc83b6496e0e822711b0bccaebb9fedefc7bb2101aa6ea3d97
CLIENT_HANDSHAKE_TRAFFIC_SECRET 5a14fa5bea6ceba80dd2b62e26c0b7ceafc999baba19bd98b75f852d9943673a 78b5a784e6beff156db84faee153335897362a0ea456e8ceabb3dba2232d3983
SERVER_TRAFFIC_SECRET_0 5a14fa5bea6ceba80dd2b62e26c0b7ceafc999baba19bd98b75f852d9943673a 999090c7cb60a97e59923f5de1617894b20c9c687d07e7747a91f8a28e19bbe8
SERVER_HANDSHAKE_TRAFFIC_SECRET 3ea4d1d93887cf4e7ce6379c895eb8d0fc165a2d81dfff55d77b2ec7623e8db0 696a9cabd8698a766c585b25e3867c9bdf782d8bb65caceb3b1691de3de6b519
CLIENT_HANDSHAKE_TRAFFIC_SECRET 3ea4d1d93887cf4e7ce6379c895eb8d0fc165a2d81dfff55d77b2ec7623e8db0 075ab5399e99a63fadaccd55786cee47ea7f612471b9b609d13465c144c32c51
SERVER_TRAFFIC_SECRET_0 3ea4d1d93887cf4e7ce6379c895eb8d0fc165a2d81dfff55d77b2ec7623e8db0 2a9b35ce24bbe4c3f5b0c59e924be58ed78ce643eaf6da30ebe0e4f4452689da
SERVER_HANDSHAKE_TRAFFIC_SECRET 7d2fa0aa4c3113870fc4640f0a19f45f879bcb274fb5361d811db9bfa842150f 3db0f61ff3dbd571365fa027fbbba6efbf8a72fa5fcf5a558d42f43ff0db1d54
CLIENT_HANDSHAKE_TRAFFIC_SECRET 7d2fa0aa4c3113870fc4640f0a19f45f879bcb274fb5361d811db9bfa842150f f1bd486079f50f28f10dabadbd6a47528408562333c3a56bd5900e0eb9ab300f
SERVER_TRAFFIC_SECRET_0 7d2fa0aa4c3113870fc4640f0a19f45f879bcb274fb5361d811db9bfa842150f cd7dc55b8f9c617d43450dc0b4a37b02b904f3e206a2b3b76610d604119145da
CLIENT_TRAFFIC_SECRET_0 7d2fa0aa4c3113870fc4640f0a19f45f879bcb274fb5361d811db9bfa842150f f705e9cac1919631637fc17ce249fe4455a16e4eac8c0ef1908c377048df0854
SERVER_HANDSHAKE_TRAFFIC_SECRET 59350ac949ede7ca414bc5ee42dfeb86104c23fbd3b47368185c9f831b0e2c52 260663a941fadff988896412a753644e0ba2be2420f496cb11eb114fa7008a78
CLIENT_HANDSHAKE_TRAFFIC_SECRET 59350ac949ede7ca414bc5ee42dfeb86104c23fbd3b47368185c9f831b0e2c52 33b99ae824f27cbe0e73f0f5bf61824a54e26cc3cba382031661219cd7b23a28
SERVER_TRAFFIC_SECRET_0 59350ac949ede7ca414bc5ee42dfeb86104c23fbd3b47368185c9f831b0e2c52 278786957a628e4178066e3efd50490d3b71a19743171a05b75739ed259da2c6
SERVER_HANDSHAKE_TRAFFIC_SECRET 9bb9baa682505c3ef5c92c884f91b56140278ac29329acef519d44a377074713 07494fa581ec1ab05a2b0e45248eb85c84a1518599d18692fa69313b5f75f404
CLIENT_HANDSHAKE_TRAFFIC_SECRET 9bb9baa682505c3ef5c92c884f91b56140278ac29329acef519d44a377074713 43c965c59194a9ae9545288ce05e0944efae9bc0eb373b80e2ab7b2776dfcbfa
SERVER_TRAFFIC_SECRET_0 9bb9baa682505c3ef5c92c884f91b56140278ac29329acef519d44a377074713 0cb97d09b6d76f275111c95c4eaf65f3fc3f95948d17eee6e44aedfad29fe56d
CLIENT_TRAFFIC_SECRET_0 9bb9baa682505c3ef5c92c884f91b56140278ac29329acef519d44a377074713 527a6507083d1f728409f93e91e48615596dd5f2ec012197df9067f10218803d
SERVER_HANDSHAKE_TRAFFIC_SECRET 5d3c5e4ec68786d3c880a04425c80ab46bd1807011cbe723810334181bf5f9ff b5cde478ee0dbe2b7feade847040f097ed08456ce14fff54a46addf537f7558c
CLIENT_HANDSHAKE_TRAFFIC_SECRET 5d3c5e4ec68786d3c880a04425c80ab46bd1807011cbe723810334181bf5f9ff 6c9c2a7e843a3474506fb811257814234e93529427fe85a02dfc9689a166a905
SERVER_TRAFFIC_SECRET_0 5d3c5e4ec68786d3c880a04425c80ab46bd1807011cbe723810334181bf5f9ff 75f54aaf469bbf94f1c07f3dadc4c411d82826c38bccba3c0d13de6b9a5c9ef5
CLIENT_TRAFFIC_SECRET_0 5d3c5e4ec68786d3c880a04425c80ab46bd1807011cbe723810334181bf5f9ff 5d7b9641cb3c00b45debd0d762acd19a5eba63a7017eca3842271c1f0493e97b
SERVER_HANDSHAKE_TRAFFIC_SECRET 90000a756560ba3a182a13005c5448a4966ee7a999ea7fc2a6e3e5ca5b560a0c 740407d6fc825bec4df2ae4448c744ce28a1db394ef948cbf4e17c944c248efb
CLIENT_HANDSHAKE_TRAFFIC_SECRET 90000a756560ba3a182a13005c5448a4966ee7a999ea7fc2a6e3e5ca5b560a0c e178d9bc88876872cce9192822d88f1c28633b59c35a8610ee0188b696e282f3
SERVER_TRAFFIC_SECRET_0 90000a756560ba3a182a13005c5448a4966ee7a999ea7fc2a6e3e5ca5b560a0c 6fe42c07ee14da5a47af5b95a37c74796148606da2abfbb58a4294d99dab2b47
CLIENT_TRAFFIC_SECRET_0 90000a756560ba3a182a13005c5448a4966ee7a999ea7fc2a6e3e5ca5b560a0c a6e96aefe2390ff5de765cd518bb1d440b617a9332ac2a8bc344eaee1de1fd1a
SERVER_HANDSHAKE_TRAFFIC_SECRET 1a3363587f8fdbe3496499a777219ecc48d00ac4f815568ef9a72157666cb6c9 40b257f59451c6f07391f037b58bc981f991f1940a2de1371191abbf3c453509
CLIENT_HANDSHAKE_TRAFFIC_SECRET 1a3363587f8fdbe3496499a777219ecc48d00ac4f815568ef9a72157666cb6c9 27118680f7716bc00c9296352b97084a5a9b4e28d2e52114b2f2b5a3b00b8d94
SERVER_TRAFFIC_SECRET_0 1a3363587f8fdbe3496499a777219ecc48d00ac4f815568ef9a72157666cb6c9 ae8be5b62d27364b26eb6faf7d1c0ac661cd7344b0c7f87f2d635f21db87c9cf
CLIENT_TRAFFIC_SECRET_0 1a3363587f8fdbe3496499a777219ecc48d00ac4f815568ef9a72157666cb6c9 426df5a8bf30c587b8fdfc0192f0d471e98113968f85bc9e222c5558e112aab1
SERVER_HANDSHAKE_TRAFFIC_SECRET 8f56e57862dade722ab273851e5d2c989fedbf49b436d24af5b32cccf222e4df f02a9611680e2440e2a129f8133b491ff79586d894a7b311ccc75576ae80ec9e
CLIENT_HANDSHAKE_TRAFFIC_SECRET 8f56e57862dade722ab273851e5d2c989fedbf49b436d24af5b32cccf222e4df 535450b6a09f68ee7f693d00fcf02746915f8db282a7c9ecada6b432fbd23fa4
SERVER_TRAFFIC_SECRET_0 8f56e57862dade722ab273851e5d2c989fedbf49b436d24af5b32cccf222e4df c175797774bbd68b4103aa18414763968d2c4d20b69672340d9b6609e8f372a2
CLIENT_TRAFFIC_SECRET_0 8f56e57862dade722ab273851e5d2c989fedbf49b436d24af5b32cccf222e4df 4e6aeb52a5fc198b13288334b6ef8ae1e0f25330ff7e9283d46a789a5bd35069
SERVER_HANDSHAKE_TRAFFIC_SECRET 159c7f658c7fc24f9c949083474376a8a025c5ef8a52c1d043877112faa9075d ce0e54fec51c4e979636a06b02b7c10158079193479662b7bc5bc2b666ed1472
CLIENT_HANDSHAKE_TRAFFIC_SECRET 159c7f658c7fc24f9c949083474376a8a025c5ef8a52c1d043877112faa9075d 00a7a0fbd62d8648ae9b8ffccc9e2fe90f494b404dfa2f181c9edf225f6e6d78
SERVER_TRAFFIC_SECRET_0 159c7f658c7fc24f9c949083474376a8a025c5ef8a52c1d043877112faa9075d 7966f9051761b10781893ccb7698bb87af6cd7c85fb1c6ca748ef6098c581577
SERVER_HANDSHAKE_TRAFFIC_SECRET 047c8ab5318c8ec51968090cfd78611ab5264542f3744c78b2674bb8676b4354 3347af631c6b105bc0298712e260ab8db9e51da4f0736a19764b8886a094dc61
CLIENT_HANDSHAKE_TRAFFIC_SECRET 047c8ab5318c8ec51968090cfd78611ab5264542f3744c78b2674bb8676b4354 d74d86773941d67b1960b2d0c782550904d7207285c58143bfdb1430e199a52a
SERVER_TRAFFIC_SECRET_0 047c8ab5318c8ec51968090cfd78611ab5264542f3744c78b2674bb8676b4354 1b1d5c1cf68855370b8bc93726cc3010951530f8ef55d6e53d4329bf84382349
SERVER_HANDSHAKE_TRAFFIC_SECRET 8a4cd7a1a42cb2cc8f5fc751427601ae25648aa4b889845cd4e850aa6636fec0 8593b59c440de0bc97b928ad7a838cfbaa93ee61666aa1df39206588a364dbfc
CLIENT_HANDSHAKE_TRAFFIC_SECRET 8a4cd7a1a42cb2cc8f5fc751427601ae25648aa4b889845cd4e850aa6636fec0 5ddbf8c9e80227e74f40293011fb5017f8d017d595fb42b700c5a06ba4b7b6db
SERVER_TRAFFIC_SECRET_0 8a4cd7a1a42cb2cc8f5fc751427601ae25648aa4b889845cd4e850aa6636fec0 51b3f81fa4f0319c0adfa281e46d63b6a804be58ade098a605c824ff37fe0037
CLIENT_TRAFFIC_SECRET_0 8a4cd7a1a42cb2cc8f5fc751427601ae25648aa4b889845cd4e850aa6636fec0 16c4686b727b2e7b72b04975631d6d5ade340057babc6b688e7301108dbc60b0
SERVER_HANDSHAKE_TRAFFIC_SECRET a10611c31c368917f34ea1bd00ae6c3c13e97a36c55fded0049d22dc62beacf1 67ec811d09dcd59e641e6a86ad363eb7480309eb062c47b4bcf950fcfb91fc84
CLIENT_HANDSHAKE_TRAFFIC_SECRET a10611c31c368917f34ea1bd00ae6c3c13e97a36c55fded0049d22dc62beacf1 d6acfea8c91f130520fb4aa8b87e73e3fa742cdf35b431ddd583a906f4d2a9c6
SERVER_TRAFFIC_SECRET_0 a10611c31c368917f34ea1bd00ae6c3c13e97a36c55fded0049d22dc62beacf1 415179121a4714078dad5f22f691599b056c43ee66b23d1b9afb2022cf537e70
CLIENT_TRAFFIC_SECRET_0 a10611c31c368917f34ea1bd00ae6c3c13e97a36c55fded0049d22dc62beacf1 55d06f0f6ca1a06e348e327569d9cf069c80dcaf80641ea8470dba9097682391
SERVER_HANDSHAKE_TRAFFIC_SECRET 4a39e51423126aca4cc892aa06910df1d0dde1396efc030165995e48bba4b30f 96f780f4fb1c1542b24157d41a040f5cd3ab7681cbd30d5e828ebfd142c7a907
CLIENT_HANDSHAKE_TRAFFIC_SECRET 4a39e51423126aca4cc892aa06910df1d0dde1396efc030165995e48bba4b30f 17a13a5cd63b9fc7f667b7f13ee6b20573d51a3802ac0df0c8335e4cb1c4b507
SERVER_TRAFFIC_SECRET_0 4a39e51423126aca4cc892aa06910df1d0dde1396efc030165995e48bba4b30f afb79f369a73a73cf4fd2a43c2fb7826e86b89ac874fa1f18bdc4059901341ea
CLIENT_TRAFFIC_SECRET_0 4a39e51423126aca4cc892aa06910df1d0dde1396efc030165995e48bba4b30f 0a121fa86c81e2937428e481eac4b2184aa71aa47c6f6185ff12f6d188659d0c
SERVER_HANDSHAKE_TRAFFIC_SECRET 60f076153be8a862789d8c465266a5dc73bb8ab6f9f796076159670cefefc38f 724f2f0c4170f471fedc89a685916c4327e2257d7dd426c7ec1ec51cd6655054
CLIENT_HANDSHAKE_TRAFFIC_SECRET 60f076153be8a862789d8c465266a5dc73bb8ab6f9f796076159670cefefc38f 6be603e3f656d947fb2182a92e0e3c9e61a3bbb09a42a0b95d5416c5a88f7153
SERVER_TRAFFIC_SECRET_0 60f076153be8a862789d8c465266a5dc73bb8ab6f9f796076159670cefefc38f 1ae3b301c9d0fe730765045f73274b1f5b0278903c8d0467b8b39d66c2c70098
SERVER_HANDSHAKE_TRAFFIC_SECRET 5d25e995c6e3291e3f2267493508957b31e5e188fe3f79a92ea4003a7f7c5380 f60f7fd8de0a82b09126728f7cd2ad3712cd1162e7321bec1f656034a96f83e6
CLIENT_HANDSHAKE_TRAFFIC_SECRET 5d25e995c6e3291e3f2267493508957b31e5e188fe3f79a92ea4003a7f7c5380 6e207f0eeab7cb8e3359205b13ad1e3925ed3dc020c22852766c22b18269c4b4
SERVER_TRAFFIC_SECRET_0 5d25e995c6e3291e3f2267493508957b31e5e188fe3f79a92ea4003a7f7c5380 66918050420a2ae4c77241bb6b82735f2e0f8abaf3ec07a99aef14bcfdf741cf
SERVER_HANDSHAKE_TRAFFIC_SECRET 14f9b4217fb382ecaf877a70a76e2edde0406a47ba07441fbe08affba4a20cf0 f585e91e007e44177256df40aee9c234d0d513c1cce37bded320862b8ebbd812
CLIENT_HANDSHAKE_TRAFFIC_SECRET 14f9b4217fb382ecaf877a70a76e2edde0406a47ba07441fbe08affba4a20cf0 4fc093b9593996dba247487d9d480eaac07ef1e66128b8acb680ccc488ded1fd
SERVER_TRAFFIC_SECRET_0 14f9b4217fb382ecaf877a70a76e2edde0406a47ba07441fbe08affba4a20cf0 e4666949118dec288bcf2240a4175b73583e0a60fb4255003f45f305cc66e4c7
SERVER_HANDSHAKE_TRAFFIC_SECRET c7e4efe8a7e91b7c83aaca211e9abc013d074ead8380854f70f6262099690046 5ceb9a6015d4ef9eed1eacd4df117e032e4865d44128d845613e95f3cef0f33a
CLIENT_HANDSHAKE_TRAFFIC_SECRET c7e4efe8a7e91b7c83aaca211e9abc013d074ead8380854f70f6262099690046 046fdb393d481a7c81d32b3fff329c73e96cc2230da7f9b147c5917b6c821159
SERVER_TRAFFIC_SECRET_0 c7e4efe8a7e91b7c83aaca211e9abc013d074ead8380854f70f6262099690046 191ab80246f8febc75e912d43d9b4a271d709002382d7ea7c62d5f1a4f4a7fcf
CLIENT_TRAFFIC_SECRET_0 c7e4efe8a7e91b7c83aaca211e9abc013d074ead8380854f70f6262099690046 b8ec48a89383a8a1292439ed189db11d8a8d98ece98250a94da26983c7282afe
SERVER_HANDSHAKE_TRAFFIC_SECRET 627b8fed125d9b26907cb29f5265ad5ccd38137788e722860529cd9882d60567 59ddba970dfbf98254cfaaed3d414b810166d42603e2a70d9690f567fd14a272
CLIENT_HANDSHAKE_TRAFFIC_SECRET 627b8fed125d9b26907cb29f5265ad5ccd38137788e722860529cd9882d60567 de0510e10b6679cef914554f95e2773cbb10f97fefe64022ae5baf3d7acd0dea
SERVER_TRAFFIC_SECRET_0 627b8fed125d9b26907cb29f5265ad5ccd38137788e722860529cd9882d60567 1e3cabbf04be125339efdfa0773826545863030dfa40c95d3007b79d96f9e111
SERVER_HANDSHAKE_TRAFFIC_SECRET b9d708e3c0f2c3f8207be430600ccc907335b79a4e6449b07b874b8aef8737d3 6496f06e69e5029f1fa1c209d079664d72b52ebb80daa4944f8953fbc5a71b61
CLIENT_HANDSHAKE_TRAFFIC_SECRET b9d708e3c0f2c3f8207be430600ccc907335b79a4e6449b07b874b8aef8737d3 0bed8d488fc7e055cb127a055300a9b0654fdda7459d7daa432b08548571cf07
SERVER_TRAFFIC_SECRET_0 b9d708e3c0f2c3f8207be430600ccc907335b79a4e6449b07b874b8aef8737d3 1ac03e464634beab756efd919bb769e6b9cfc3f51fcf7da49b9a774e9f32b009
SERVER_HANDSHAKE_TRAFFIC_SECRET c345282cfd93fd6f140f64b5970ce6631abd08049291a9b1ae15b6d86eb5f900 3d0f0d54dedc8d5552a75c92ea62ea3e6bef429b77b4a1e56c78181e04b2f135
CLIENT_HANDSHAKE_TRAFFIC_SECRET c345282cfd93fd6f140f64b5970ce6631abd08049291a9b1ae15b6d86eb5f900 94adb6ece53a9d1fee8c90755d8650250fffbbb4bb3beabfdc3b49e3c391167b
SERVER_TRAFFIC_SECRET_0 c345282cfd93fd6f140f64b5970ce6631abd08049291a9b1ae15b6d86eb5f900 02e2f474f1439441b0d6f4245b4d21301b27f41101f8fa4d50e0c167f7c0a2ba
SERVER_HANDSHAKE_TRAFFIC_SECRET b1ece249a8d3ebc1037cabfd12ccb7862aa5207cae3bd34933a22aae0c4a47ad 0ddbb62f75b930049bc338fe604fec799a760d2c7b8b2ef9f44944f4d8d22f56
CLIENT_HANDSHAKE_TRAFFIC_SECRET b1ece249a8d3ebc1037cabfd12ccb7862aa5207cae3bd34933a22aae0c4a47ad 5d6f5d6c83dbe88f197bb61b34bdf9461419e8ad5abcef0c5ff180f6563ac6e5
SERVER_TRAFFIC_SECRET_0 b1ece249a8d3ebc1037cabfd12ccb7862aa5207cae3bd34933a22aae0c4a47ad 61c2ee1814d0840753f3dff7b21f79c7ecd130e5ab942a21cbc050bf38535089
CLIENT_TRAFFIC_SECRET_0 b1ece249a8d3ebc1037cabfd12ccb7862aa5207cae3bd34933a22aae0c4a47ad 838996055162df3ab4ff81b49727910352f0f61ec88ed51dc523645ad5ad5146
SERVER_HANDSHAKE_TRAFFIC_SECRET 6e4c07aaa784116bc7a9b3f094978438423aec19d11d73b642d8d84fce83855f ff3bdb6cc7185ad1efca4e9b9c4c5bfb81d5cf2c34e54d8098dfeddbd3e723da
CLIENT_HANDSHAKE_TRAFFIC_SECRET 6e4c07aaa784116bc7a9b3f094978438423aec19d11d73b642d8d84fce83855f ec8ff5f0650ab9efd2db20655bda500e99e925a5de4141c58c7025a21ebfcea0
SERVER_TRAFFIC_SECRET_0 6e4c07aaa784116bc7a9b3f094978438423aec19d11d73b642d8d84fce83855f 809740f2a80b26630effe52aaff7bc118efc462a86e34e9a4819f62dec638baf
CLIENT_TRAFFIC_SECRET_0 6e4c07aaa784116bc7a9b3f094978438423aec19d11d73b642d8d84fce83855f 4520c17c8098415a0b53ec1e4966ceffb837d503f9961995548718b728dfbe49
SERVER_HANDSHAKE_TRAFFIC_SECRET 59e5343d2b995cf673b1353f892ac0b1f58ca9e86f641b260d965072cdec4365 476d31d0db427c578ba0302d808a11f1d26f8cf419f4124585183b3f5ed7ced9
CLIENT_HANDSHAKE_TRAFFIC_SECRET 59e5343d2b995cf673b1353f892ac0b1f58ca9e86f641b260d965072cdec4365 9f5fc60eb5e27ed8ccfcae687326c6e3193bd5287bc4b3a2a897f21c0ea88cf7
SERVER_TRAFFIC_SECRET_0 59e5343d2b995cf673b1353f892ac0b1f58ca9e86f641b260d965072cdec4365 283bee47730500041e2920a515020b49e1929d7e598fc8e82cafbcb3a3694313
CLIENT_TRAFFIC_SECRET_0 59e5343d2b995cf673b1353f892ac0b1f58ca9e86f641b260d965072cdec4365 b497b584bd3385b3e595e6787b0b8d143b580c9cdc19e39f813181753059bd0f
SERVER_HANDSHAKE_TRAFFIC_SECRET b5de5e8786f471cbf83fccc75f8c1435504f1a28468a2b8b92d35d48d1b16bae 54903b955193a07a4a3eec799b3eb143afde722b6299d6d3bfdaec6bfcaae243
CLIENT_HANDSHAKE_TRAFFIC_SECRET b5de5e8786f471cbf83fccc75f8c1435504f1a28468a2b8b92d35d48d1b16bae 30821dce2f4cbde924d2e20cc791e526974c5c43f434e8f0350bf6a4726782bc
SERVER_TRAFFIC_SECRET_0 b5de5e8786f471cbf83fccc75f8c1435504f1a28468a2b8b92d35d48d1b16bae 7373861e642915454d4f678d1620ae2992cd3ab49fc5a97ad8c8f82d0b9a0cc2
SERVER_HANDSHAKE_TRAFFIC_SECRET 25107a9b6005a9528a59d693eaf980e50f70901998ee73894fbe837fabc20305 40feed398d20ea297f02ccea110a53a77a1088d77aedc316028ce609a37ed625
CLIENT_HANDSHAKE_TRAFFIC_SECRET 25107a9b6005a9528a59d693eaf980e50f70901998ee73894fbe837fabc20305 c6bdb8939228309231a5889d1d5ff84f50d074044398e836bee7f666467cc045
SERVER_TRAFFIC_SECRET_0 25107a9b6005a9528a59d693eaf980e50f70901998ee73894fbe837fabc20305 6f9ade6844acad16a6a7e5f5eb197469e4fb6ec9d70b3c1567aab680b9953984
CLIENT_TRAFFIC_SECRET_0 25107a9b6005a9528a59d693eaf980e50f70901998ee73894fbe837fabc20305 c59adcbffed618799f9a677223b935f61226d8150f84107730360ad617a7353b
SERVER_HANDSHAKE_TRAFFIC_SECRET 707806f2dd6ac6d20384025bc3a76e4ab4ab69f5f912c139681aebf4b5afdddd 4ed7dc72b7096048eca184a3205ceff86f7a0536b11585d6bbccb5e794031add
CLIENT_HANDSHAKE_TRAFFIC_SECRET 707806f2dd6ac6d20384025bc3a76e4ab4ab69f5f912c139681aebf4b5afdddd d267fa65cf83b4ef42aa8f04abccc79f17e6b4a57b22192e28e1d7c066ee6df0
SERVER_TRAFFIC_SECRET_0 707806f2dd6ac6d20384025bc3a76e4ab4ab69f5f912c139681aebf4b5afdddd b35df79d0fbd1714b7a684be710fedee1222c48543853f3828e0ab4a2dc90615
SERVER_HANDSHAKE_TRAFFIC_SECRET 241c98bd9ccaac534753022341c4e4ac72c02843c6f49afc3919d0f31e1373fe 53ae5600ce896d50e3a300e3e520102fe3a402b9459bb316e790aae752ea983b
CLIENT_HANDSHAKE_TRAFFIC_SECRET 241c98bd9ccaac534753022341c4e4ac72c02843c6f49afc3919d0f31e1373fe 4ab738684966960d7c4cb7b1e6b099304d29bc03b0d81775faa5c5b7a124d104
SERVER_TRAFFIC_SECRET_0 241c98bd9ccaac534753022341c4e4ac72c02843c6f49afc3919d0f31e1373fe e00021e43adeb0e410de57974c56d21e595add60813cbde303da6a88bae00b63
CLIENT_TRAFFIC_SECRET_0 241c98bd9ccaac534753022341c4e4ac72c02843c6f49afc3919d0f31e1373fe 71e3e1699ab693d0a0bbe520a3524f97c3ca37b25a7da1d557b24c44f9958952
SERVER_HANDSHAKE_TRAFFIC_SECRET b76df46675886dfbb7c7c62d976355dd128d919d86c819cb291c53124cd303da 71109fda427c62cc319e63255230c59d804bab0863fc96cefb07c4d7dbc38a24
CLIENT_HANDSHAKE_TRAFFIC_SECRET b76df46675886dfbb7c7c62d976355dd128d919d86c819cb291c53124cd303da 576e228e2f33d202f005dc7d8806f67b0a36ad2d8612e1a51541e4b847e936c6
SERVER_TRAFFIC_SECRET_0 b76df46675886dfbb7c7c62d976355dd128d919d86c819cb291c53124cd303da 39b5fe5587dcfdec4fca59b0a778ce39bff75c4fe8e82c467bd5b312fb4072e6
CLIENT_TRAFFIC_SECRET_0 b76df46675886dfbb7c7c62d976355dd128d919d86c819cb291c53124cd303da 28721ab439033b08877bc99efce48e246216362ad6443864e066bbfdc7341ebf
SERVER_HANDSHAKE_TRAFFIC_SECRET 0f341acd5775e3ec7465005ee5a8015f90bfd74bf0eb8e5f26d5c45cc38dc649 c2a823fde8f742dbd48d8b3f2ba366d710dc8a9703bc14c1323d890d5c2e5ce1
CLIENT_HANDSHAKE_TRAFFIC_SECRET 0f341acd5775e3ec7465005ee5a8015f90bfd74bf0eb8e5f26d5c45cc38dc649 32f1657dbfd8faff28550b6dab70ae339d91b71c1ba3469c2d8e55fda8475477
SERVER_TRAFFIC_SECRET_0 0f341acd5775e3ec7465005ee5a8015f90bfd74bf0eb8e5f26d5c45cc38dc649 2c420925e3b1a96a0362025bd25168229e7694d141a6eb9b640e4c12490722a7
SERVER_HANDSHAKE_TRAFFIC_SECRET f27ce2ef05f982e8eac3aa13a49e557338d219dea8e6338e2a11b6baba2b6bb4 f79040c5cde5d357d4c85212000de6cfca7f085281bb5cdef6da81d0195917bf
CLIENT_HANDSHAKE_TRAFFIC_SECRET f27ce2ef05f982e8eac3aa13a49e557338d219dea8e6338e2a11b6baba2b6bb4 73ebc8686eabab7ab41fa0b8a32d9409b6577a90cf4c6c1624d1f785865e4ec4
SERVER_TRAFFIC_SECRET_0 f27ce2ef05f982e8eac3aa13a49e557338d219dea8e6338e2a11b6baba2b6bb4 962c02046e93336236e21a2c55185a069459cac4f60bc5cff1f549df0cd84512
CLIENT_TRAFFIC_SECRET_0 f27ce2ef05f982e8eac3aa13a49e557338d219dea8e6338e2a11b6baba2b6bb4 f68c7339390444be3a3ef5c41a7c07154b07369c22da7f76fc6caa0d68f5d70f
SERVER_HANDSHAKE_TRAFFIC_SECRET 9a9ac8d1395aa9560b35b4279a089a113f217004eb60979944435d65bc0671ba dd09f42a53ae6e83f892915b84b2d6a9431944e9188eee1aeafa5c10186df095
CLIENT_HANDSHAKE_TRAFFIC_SECRET 9a9ac8d1395aa9560b35b4279a089a113f217004eb60979944435d65bc0671ba 4fc480d9f411ee88bb5c601060a9769cbfb9ceca68227e4fe9f66c22c5f5c261
SERVER_TRAFFIC_SECRET_0 9a9ac8d1395aa9560b35b4279a089a113f217004eb60979944435d65bc0671ba 403deba6512fa528ae1b28b9d2c4648801f3da9813f301d5569c199f63657908
CLIENT_TRAFFIC_SECRET_0 9a9ac8d1395aa9560b35b4279a089a113f217004eb60979944435d65bc0671ba 41a35b927489cfcdd121ec58c8d3079be8d589b0dcf0a81126ad93a060eee93f
SERVER_HANDSHAKE_TRAFFIC_SECRET 218b9abf93f0eb0ce7808e0a1ef688e13830164b880cb93a0551700e6fb0e28f d84833ea293329c9bc04d885f8b9115ca97a8f6a32ca9f7bf34e9b9bd8f8e697
CLIENT_HANDSHAKE_TRAFFIC_SECRET 218b9abf93f0eb0ce7808e0a1ef688e13830164b880cb93a0551700e6fb0e28f c2441261e063298c651f9fe88153f78da96d2753e788b0e9b22c7ed54e0b3a45
SERVER_TRAFFIC_SECRET_0 218b9abf93f0eb0ce7808e0a1ef688e13830164b880cb93a0551700e6fb0e28f a449b9c6ecb174bfedf932cbeccb609df41dd5fd636bc0c85de338bfaaaa8321
SERVER_HANDSHAKE_TRAFFIC_SECRET 386c68c283cc13e75254b8e3041b963fe041782e1bce7205bb5c54d79ac510af ad6323d11c7a8f4cdf5b9e2aadeb476c85db2e1513cdb94b95f5a9b8f695b6ef
CLIENT_HANDSHAKE_TRAFFIC_SECRET 386c68c283cc13e75254b8e3041b963fe041782e1bce7205bb5c54d79ac510af c11f597404fff41d1f4e79947aa1d3f33bdea0ce32b1e18e880529b028b3e5e5
SERVER_TRAFFIC_SECRET_0 386c68c283cc13e75254b8e3041b963fe041782e1bce7205bb5c54d79ac510af 2ee2ba8812566fbeaeb39fdb654380cf142fee23ca8c8fe5ea51291edc02fe98
CLIENT_TRAFFIC_SECRET_0 386c68c283cc13e75254b8e3041b963fe041782e1bce7205bb5c54d79ac510af da6450720eb6106b15ab7526dd25e6524840a2efb000e769a1cde052bcee6280
SERVER_HANDSHAKE_TRAFFIC_SECRET fa32902309e7347deec645b4264b3980202b7969e2247945b25a026bfbbe7ea6 551e9e37ced278aa354f91b111f7f2185d33c0c01cf40d6008615bfade88ed7e
CLIENT_HANDSHAKE_TRAFFIC_SECRET fa32902309e7347deec645b4264b3980202b7969e2247945b25a026bfbbe7ea6 55198d62c3ffbe494a2108c300afbbad68d47d11f7381ed116598786663a502a
SERVER_TRAFFIC_SECRET_0 fa32902309e7347deec645b4264b3980202b7969e2247945b25a026bfbbe7ea6 859d0a90fb4f3f798c0160031bb8bc6e3d2fb3bd8952c11cd62c7da9dfea14d6
CLIENT_TRAFFIC_SECRET_0 fa32902309e7347deec645b4264b3980202b7969e2247945b25a026bfbbe7ea6 7fccb83808895fa3e98e49c94e050cab8ce813ddf34cc757ec7db67b02d65910
SERVER_HANDSHAKE_TRAFFIC_SECRET 720c12d2caaeaabf1a0e890a73a0d84f4d8c2ff0343cc4519460480ce983d33f 3ccd22fd3a3883401e21a6f52df3f03623bb6207599fd78c6e1ab5218ad3c935
CLIENT_HANDSHAKE_TRAFFIC_SECRET 720c12d2caaeaabf1a0e890a73a0d84f4d8c2ff0343cc4519460480ce983d33f df2be7409adb7f7eabcde24a6eb0c6dc7ea63ab8bb5e0b8e68369f7d2bd5b081
SERVER_TRAFFIC_SECRET_0 720c12d2caaeaabf1a0e890a73a0d84f4d8c2ff0343cc4519460480ce983d33f e0bbc1e54c8080141235dd1059cc32a49e3213709dcd2dcd32413f44e41187ff
SERVER_HANDSHAKE_TRAFFIC_SECRET bda5b56cd863da271638610d0384c962f67cb1a4e61512babc52f774eebf1ccb c3c36a3a0e84c7174f1693fb7a13710d796b12941a2bdf21b13e1e571b408241
CLIENT_HANDSHAKE_TRAFFIC_SECRET bda5b56cd863da271638610d0384c962f67cb1a4e61512babc52f774eebf1ccb dc6e3c796845a525dee4d6593f8ac1016b8c030f85df4097efceec130fd8ac9d
SERVER_TRAFFIC_SECRET_0 bda5b56cd863da271638610d0384c962f67cb1a4e61512babc52f774eebf1ccb 5c5c17c8fa949f5851bd629518c4ad1e9c73c90b23c8fe820ca57498d862fa8b
SERVER_HANDSHAKE_TRAFFIC_SECRET f3b709866a991615e9a24047d6fed2caf08d6a8d605b2a4793f48d0fdabfc940 30a60ace8bbc27f50b046e2aa32e9c12a1c42e6d98ceb9788190fe48eff1160e
CLIENT_HANDSHAKE_TRAFFIC_SECRET f3b709866a991615e9a24047d6fed2caf08d6a8d605b2a4793f48d0fdabfc940 86d0c9c865c06571f7e4d597ce14d74cd05b966944904e92cdd1e707157dca3a
SERVER_TRAFFIC_SECRET_0 f3b709866a991615e9a24047d6fed2caf08d6a8d605b2a4793f48d0fdabfc940 f18462a0d66a6805da687756ca23c5a6ee825e8e3b121bae2d2dc9870d574597
SERVER_HANDSHAKE_TRAFFIC_SECRET 81f65958a13de7ad0f160f67d26dc91e7b297766da2971afa6e5f95efbde0c49 1daaef4d61a2951e9a0e03bfc8f2528540863cc4bfb5ee206b25ba9b66e55249
CLIENT_HANDSHAKE_TRAFFIC_SECRET 81f65958a13de7ad0f160f67d26dc91e7b297766da2971afa6e5f95efbde0c49 1e020625adba200c7e4eebf79aae04e27650443f084e5a864f56853a7ddd7c57
SERVER_TRAFFIC_SECRET_0 81f65958a13de7ad0f160f67d26dc91e7b297766da2971afa6e5f95efbde0c49 47bb2c9924baf3d5cb71f7f80a0b015c205f68a46eb2891feb7b5556f6fd285d
SERVER_HANDSHAKE_TRAFFIC_SECRET 896617b498dfcfcd26466e6e9371c8ce5419473f7eb3b209f2f32cc0ecce4b94 bf0bd74aa02038f3716a2e25149e8f0a56bd044f3350a6b45c1f69d0c4525048
CLIENT_HANDSHAKE_TRAFFIC_SECRET 896617b498dfcfcd26466e6e9371c8ce5419473f7eb3b209f2f32cc0ecce4b94 67a9ea6d0020e8fd0646a73e1106c3c87909d3c858f4f63ff1581df48d7e0a74
SERVER_TRAFFIC_SECRET_0 896617b498dfcfcd26466e6e9371c8ce5419473f7eb3b209f2f32cc0ecce4b94 11358189db0ece6acee53ca4798ca04672e513086a9ce8f952907f411fb411d9
SERVER_HANDSHAKE_TRAFFIC_SECRET a32560a2ee8b773990d7b5ac2a51433d4c0b4aaabffe1276e3a7ca95af5b4e85 226fb340dc299e72c3fc2a8c2b26573d83967da1ffad4ecfea3c3ffd7cfc2d10
CLIENT_HANDSHAKE_TRAFFIC_SECRET a32560a2ee8b773990d7b5ac2a51433d4c0b4aaabffe1276e3a7ca95af5b4e85 9a835867f3f5702e04888bd70df2609d1991515923adb42f1214760cf3eb9180
SERVER_TRAFFIC_SECRET_0 a32560a2ee8b773990d7b5ac2a51433d4c0b4aaabffe1276e3a7ca95af5b4e85 153f4d6ec718f4cfdf4f5a79a7eab7eecfd9e43e5ad162595011f760b3c84964
SERVER_HANDSHAKE_TRAFFIC_SECRET 865185aef7aa508f4c551fca0a0e9c04f7496a7740e22a6eb090b144c4484a1e baa363f77a131fffec55aee456c97fc4efafb81218e618cb29dd2a822c033338
CLIENT_HANDSHAKE_TRAFFIC_SECRET 865185aef7aa508f4c551fca0a0e9c04f7496a7740e22a6eb090b144c4484a1e 9f1cda1f646a7b472f05cda5ab4d3b04f24f9d6136af206018583ad3cb1d03fa
SERVER_TRAFFIC_SECRET_0 865185aef7aa508f4c551fca0a0e9c04f7496a7740e22a6eb090b144c4484a1e 18e5da7a6328baa264f9f1b93c0ca88d797f38b64f892983df656955fb80eb04
SERVER_HANDSHAKE_TRAFFIC_SECRET 35e7d41bf6a063334e13dab9c3f7aee2d1244ac69b911b4e00fdf2d8af2a8a6a beead9057527eccd69db35ea6bc2b706e86d6966bbd040bfd1647edcfe17e3f9
CLIENT_HANDSHAKE_TRAFFIC_SECRET 35e7d41bf6a063334e13dab9c3f7aee2d1244ac69b911b4e00fdf2d8af2a8a6a c7282b851acfe38e3e97a05fcf539828639703006700f31d328ec994866cd103
SERVER_TRAFFIC_SECRET_0 35e7d41bf6a063334e13dab9c3f7aee2d1244ac69b911b4e00fdf2d8af2a8a6a 1697718adfab01ca7e1197d3639e9ce25f881cdfe8f60d4fd1f386a8013927e9
SERVER_HANDSHAKE_TRAFFIC_SECRET 22cc8aeff74d3c658b8e3c72299cd17eb1ecac741923918c3a55a97123ffffd0 cb18fe869ce246e64b469c39ce8ae4b92b2a0b5ddba09bb660cea782c8aa2c3a
CLIENT_HANDSHAKE_TRAFFIC_SECRET 22cc8aeff74d3c658b8e3c72299cd17eb1ecac741923918c3a55a97123ffffd0 4f38c5f4b4e1685fca9c092bff11cb579f76513c4729426559ae1b3e5f9f1490
SERVER_TRAFFIC_SECRET_0 22cc8aeff74d3c658b8e3c72299cd17eb1ecac741923918c3a55a97123ffffd0 a79ac990021cd28f8a31e27fbfdfb7c0f33586e595f1ee8857c122140aadf8fe
SERVER_HANDSHAKE_TRAFFIC_SECRET 829987fedec3753660ec1d5e1943caf1e3e4abc41213a4d6b8762980e8c5ecc8 d9fb6e22f9eb0af4db4432d648676b1eb381e28719645ce86874dda9d872cd64
CLIENT_HANDSHAKE_TRAFFIC_SECRET 829987fedec3753660ec1d5e1943caf1e3e4abc41213a4d6b8762980e8c5ecc8 f19740026543a52e05981f29de5d8d4849cc2e27c0c42b69657b13eae5db6722
SERVER_TRAFFIC_SECRET_0 829987fedec3753660ec1d5e1943caf1e3e4abc41213a4d6b8762980e8c5ecc8 4337c289288864ce21bbc61b40da5e2d3d76add934111bbe85fc9ff16fc8cb06
SERVER_HANDSHAKE_TRAFFIC_SECRET cb8d52a9adb22dba21ee0857b56ffc682401846cc39dddb2897fcbcca77fb1ae e4f8b4ff8e28331e2e6d59940b0dff0ac0ee91dcfc535930506a7df9f96527a4
CLIENT_HANDSHAKE_TRAFFIC_SECRET cb8d52a9adb22dba21ee0857b56ffc682401846cc39dddb2897fcbcca77fb1ae a5ddde961daed0f6d7f40c5fdcf8d961c54a9e477008a8bf53a414f50c0be13d
SERVER_TRAFFIC_SECRET_0 cb8d52a9adb22dba21ee0857b56ffc682401846cc39dddb2897fcbcca77fb1ae 52ce424d01e8fce50d29b276607edc089a36f0c6b308e31ae92ce852798aa260
SERVER_HANDSHAKE_TRAFFIC_SECRET 4bc8128de74d456bbba55375c2310aee576619c46a194e140239f35cda02fae8 89d1f8dfdbf48be4f7a434d4f0b9bc550eef86fddfc7ca25faff3d4db6630da3
CLIENT_HANDSHAKE_TRAFFIC_SECRET 4bc8128de74d456bbba55375c2310aee576619c46a194e140239f35cda02fae8 057722baeb9f60ae6afd9fcefffe44c9b5b5152c3ce516e463b886bfc22ce39d
SERVER_TRAFFIC_SECRET_0 4bc8128de74d456bbba55375c2310aee576619c46a194e140239f35cda02fae8 5808e054ed84eb2c3151c09235fbad17433aa0bcc06ee70ad3f743ab8f567b4a
SERVER_HANDSHAKE_TRAFFIC_SECRET df06acde810fb827b2c5362a71c10b2141da256c8fd13e0200efde5951ac130e 77e600523d3418b64614788c4fc6a4c876c6ad1616a0473137e408c6537fedcf
CLIENT_HANDSHAKE_TRAFFIC_SECRET df06acde810fb827b2c5362a71c10b2141da256c8fd13e0200efde5951ac130e 0a3f704520bd0cdb0607e31fb573e7c1f09a9ab8b2b5e431e4ca1ea8d56208bf
SERVER_TRAFFIC_SECRET_0 df06acde810fb827b2c5362a71c10b2141da256c8fd13e0200efde5951ac130e c86a7b8178701f334737f9f4bad943d307d9e88d9057b022103449650d614af5
SERVER_HANDSHAKE_TRAFFIC_SECRET 9304159f22933843ece615ee366bca3b95153d770aa415c3a5179fb08895eb64 32d9d1c9fe4b8e1ba1f2700cd0b2ac9ea6c8fac7785b1c45f57ce424fc2eaaec
CLIENT_HANDSHAKE_TRAFFIC_SECRET 9304159f22933843ece615ee366bca3b95153d770aa415c3a5179fb08895eb64 d0962e022cac9223ecfd6619bedba3b2158c7c10c784fd52624f564e960ab07d
SERVER_TRAFFIC_SECRET_0 9304159f22933843ece615ee366bca3b95153d770aa415c3a5179fb08895eb64 e1727fa92903b9a7cead18f3025fcf69760a1ce6988d28dfa7d97514185c54d2
SERVER_HANDSHAKE_TRAFFIC_SECRET 4620a6d542b1fb1165937ddf5796b1f738521976541692be33cc6ac0772ff4d2 e4a596826551373bbb65c9ad5f2be35847d54579c3275c528d358aed26880f5a
CLIENT_HANDSHAKE_TRAFFIC_SECRET 4620a6d542b1fb1165937ddf5796b1f738521976541692be33cc6ac0772ff4d2 2cefe5199ffab251b05489bfdf59801275778c1a008b6014b01ca716b1b18cb0
SERVER_TRAFFIC_SECRET_0 4620a6d542b1fb1165937ddf5796b1f738521976541692be33cc6ac0772ff4d2 7632c26713950728798745d47c3ddff0066e93ada2e8b1626a975bee2408aa20
SERVER_HANDSHAKE_TRAFFIC_SECRET fd7351bf3215c3e8ed07766c367d665434cb91163daa2e51ecb911b4e9cfa64e ea0b3b857cbb4eece1ab55e628be28cce2cef99ac21e6212d2a1f6cbd6036417
CLIENT_HANDSHAKE_TRAFFIC_SECRET fd7351bf3215c3e8ed07766c367d665434cb91163daa2e51ecb911b4e9cfa64e 35c4c1f85671f5da982dca0f7a98107d1d8151900a04cc4b29a2393cc27c1923
SERVER_TRAFFIC_SECRET_0 fd7351bf3215c3e8ed07766c367d665434cb91163daa2e51ecb911b4e9cfa64e 8f0be7338216a061e93628d65d13d1cfa19171966bbdb9b39a10799808e71c82
SERVER_HANDSHAKE_TRAFFIC_SECRET 929a45e754e3003a6f608371fed41c407421b3352e65f5d87333b45062106f99 e3cf065c0685916b6e47876a8288487ba906fc04ab0bf5589b244f894648c90c
CLIENT_HANDSHAKE_TRAFFIC_SECRET 929a45e754e3003a6f608371fed41c407421b3352e65f5d87333b45062106f99 cf27a0d43411f91a2ed479df055f0d44329de8222f9b7e0f5b0f0e21d31b1756
SERVER_TRAFFIC_SECRET_0 929a45e754e3003a6f608371fed41c407421b3352e65f5d87333b45062106f99 34743031dbdc61399374d8d76adbeb6ffc26b2f817397295f5200d6ada1d7c5c
SERVER_HANDSHAKE_TRAFFIC_SECRET 19f1e1576ee48ceff120eb24a1dae11d805379b245688dff3f0fbaea023d0037 dd102ca11284da5978702b000a47aa7a246d22a7654be9481515b90e40b175c8
CLIENT_HANDSHAKE_TRAFFIC_SECRET 19f1e1576ee48ceff120eb24a1dae11d805379b245688dff3f0fbaea023d0037 d50d4e3f088affd3f1357e91ca9c268e3d6c2cdb00bf19ebfeb9e30f67934e15
SERVER_TRAFFIC_SECRET_0 19f1e1576ee48ceff120eb24a1dae11d805379b245688dff3f0fbaea023d0037 ff5d846bc6c723bc54ec245b88abf5871479156979bbd1fc9b3d69ebb422e213
SERVER_HANDSHAKE_TRAFFIC_SECRET da148c40a5e5d7f2b207eb51c63af66d5cfc7298e567149c4fc518fa907e38dc 2798eae10bf0bf6dfcf5252fbc0741bbb90cae3ba299efb8fa51488cd6753a7d
CLIENT_HANDSHAKE_TRAFFIC_SECRET da148c40a5e5d7f2b207eb51c63af66d5cfc7298e567149c4fc518fa907e38dc b9ce5450ec71ed97679470880750346e81e4529fbe2869e82d2c5d26dff78a35
SERVER_TRAFFIC_SECRET_0 da148c40a5e5d7f2b207eb51c63af66d5cfc7298e567149c4fc518fa907e38dc bf3c123bd2a3dc8cff367e31d32495b88a3dd3fa1b8a97733152de5efced5b83
SERVER_HANDSHAKE_TRAFFIC_SECRET 1547eb2d77fc698c36a0f6971bbf0e61f69763c117d040ec2a9c794f761aa07d 6f31429ea89c1113bfa08041c3ff454920158821f6be2f76235a9dfea87e8908
CLIENT_HANDSHAKE_TRAFFIC_SECRET 1547eb2d77fc698c36a0f6971bbf0e61f69763c117d040ec2a9c794f761aa07d 19ad11be801cec4c84a2864c518b6a96b9c08b894692c75182b7048e1d81a097
SERVER_TRAFFIC_SECRET_0 1547eb2d77fc698c36a0f6971bbf0e61f69763c117d040ec2a9c794f761aa07d ae009c5232ca75972e801c8ada851c0a9d70f9db0dcb3bce0bd1eb9c0ec9f717
SERVER_HANDSHAKE_TRAFFIC_SECRET d3dbd798ef543fffbde962988317b1b501e4c9aa4897510249a76d760e5975f0 541cce11fc2d28a475950ff28bed9c0518e81e3eee401abeafd815286727dba5
CLIENT_HANDSHAKE_TRAFFIC_SECRET d3dbd798ef543fffbde962988317b1b501e4c9aa4897510249a76d760e5975f0 57ed672efbcb25c86cde22fd5829699e514f5e73c1eccf1d3470e649a5548fa5
SERVER_TRAFFIC_SECRET_0 d3dbd798ef543fffbde962988317b1b501e4c9aa4897510249a76d760e5975f0 fb7565aa4b4f3d8d777dcab8041e7bca737acef2e2097c2149744e01b2229403
SERVER_HANDSHAKE_TRAFFIC_SECRET f146c559e92500d32734144ce6b1cdb4a817e3c042f4b893661d413de13973bb 1eda8a0f117c054dbaa1d706b65bcadd48613dffae4f9125d2d216f42877225c
CLIENT_HANDSHAKE_TRAFFIC_SECRET f146c559e92500d32734144ce6b1cdb4a817e3c042f4b893661d413de13973bb 938aad2338548814383e940d649858df41c727e00b94370ab4555b2e8ff9d8bf
SERVER_TRAFFIC_SECRET_0 f146c559e92500d32734144ce6b1cdb4a817e3c042f4b893661d413de13973bb 9fd015a4158b631a78d4e0429e4582460e49ae7195edb3eb7a3aa9b4ac5c16c4
SERVER_HANDSHAKE_TRAFFIC_SECRET 1ec64737dbc415757508e7a9a9c31eac312a0c85bfb6d69da913a7659797d40c 2c8016ba407fcb84ce02e06ab3ee689337fa02b1f27c5249856f5a1cf43ff79a
CLIENT_HANDSHAKE_TRAFFIC_SECRET 1ec64737dbc415757508e7a9a9c31eac312a0c85bfb6d69da913a7659797d40c ee4c77382b9e1ec517fac77d1bd127fce0188df370de6e0b763870f43d7fac3f
SERVER_TRAFFIC_SECRET_0 1ec64737dbc415757508e7a9a9c31eac312a0c85bfb6d69da913a7659797d40c 6e772cae35ae89b9422dbfce5e2facc873284e85d2e1da382b9eb28e04744f27
SERVER_HANDSHAKE_TRAFFIC_SECRET f117230fb1ffdeb319759ab424ffc2154e6be4d5639bf0310f5682673cf091e8 00a45188176b021dcbfe8785bcfe6690c926e6589fb96383e5f4d841ee1276d2
CLIENT_HANDSHAKE_TRAFFIC_SECRET f117230fb1ffdeb319759ab424ffc2154e6be4d5639bf0310f5682673cf091e8 0a1f21fa94233530dfeac80ac676c56b996ab3a8d5839dfa7e6dd72b73ebf57e
SERVER_TRAFFIC_SECRET_0 f117230fb1ffdeb319759ab424ffc2154e6be4d5639bf0310f5682673cf091e8 cba2c8b3886a6ad1c947fd05d0b45cfda4ceecc7ce8cd7cced8092c3abf918ed
SERVER_HANDSHAKE_TRAFFIC_SECRET 94a8e02679f502ef64679110c457962118012a4034937ee606c8978f639a41f0 63727e4484c986f26da914336cadddeb784e70c0c0a6a313112f213745bedb2f
CLIENT_HANDSHAKE_TRAFFIC_SECRET 94a8e02679f502ef64679110c457962118012a4034937ee606c8978f639a41f0 a29f15d1b06b557781239e21ab87fac83ff8431c6b6693a3ac9edcda6ead38cc
SERVER_TRAFFIC_SECRET_0 94a8e02679f502ef64679110c457962118012a4034937ee606c8978f639a41f0 643753b7fba818586e9dcb75bc6530c1b6244066a1348656d69b07f332b12c47
SERVER_HANDSHAKE_TRAFFIC_SECRET 791e623c0d132223b6ba1182c669725bfdb2bb5ba97d716dc63c64da47117234 f4861b964f83cced472c17fe3af6db828c348a5aaeb94b642ac4473b1b59eade
CLIENT_HANDSHAKE_TRAFFIC_SECRET 791e623c0d132223b6ba1182c669725bfdb2bb5ba97d716dc63c64da47117234 533d1316e3e988f893d85638c535573bc6986c24b80e53391c290d1cdf81b093
SERVER_TRAFFIC_SECRET_0 791e623c0d132223b6ba1182c669725bfdb2bb5ba97d716dc63c64da47117234 41f60a538244552b654c62772235e76c9bea81cecb583476366fc93d6b0bd35d
SERVER_HANDSHAKE_TRAFFIC_SECRET 6d561348211a2bad92bcb3ece0b5adefc42bbf77d53f2145716750de0e6d6650 484a6c3e6e786ef0dfb24a962ea0bbfc9b951a1e35de83573b4e5b4d96315cd4
CLIENT_HANDSHAKE_TRAFFIC_SECRET 6d561348211a2bad92bcb3ece0b5adefc42bbf77d53f2145716750de0e6d6650 63da91544c8ab52a0906d87afb12d2faa4681c43f3f00c50d90788b9ab083367
SERVER_TRAFFIC_SECRET_0 6d561348211a2bad92bcb3ece0b5adefc42bbf77d53f2145716750de0e6d6650 4e2c787ae1b00ab930e00c0320225734b4ceb9af692084a2e96acb940dce34d0
SERVER_HANDSHAKE_TRAFFIC_SECRET d596ba2e019a37442344d30e28c0a08987cdab0116b0652141ce27bed72fec24 c5ccb9a3e95ca7188957c5f5b14703f35e268674e48149a64a1400455cfda3d7
CLIENT_HANDSHAKE_TRAFFIC_SECRET d596ba2e019a37442344d30e28c0a08987cdab0116b0652141ce27bed72fec24 875d958a636766300583a30cb4c47014610f887d96a03c3e9a9d69c70cc18adc
SERVER_TRAFFIC_SECRET_0 d596ba2e019a37442344d30e28c0a08987cdab0116b0652141ce27bed72fec24 e8e3ab3706ad25233cbd7656b789485c17cb333479ec02b02bc4bfe1178a4cef
SERVER_HANDSHAKE_TRAFFIC_SECRET 5e28f16040a2be76b542d89fdd94ac3f5bcd7e5e4b5a2bacece6b568c8350765 f5c5649b1daad0369842bcef8cf802a24215df2caa4759097684d279d1172f37
CLIENT_HANDSHAKE_TRAFFIC_SECRET 5e28f16040a2be76b542d89fdd94ac3f5bcd7e5e4b5a2bacece6b568c8350765 7c56c49fe5c2277a0a2712726a150d02b45598c83dbb2a9334804e1e74065aa6
SERVER_TRAFFIC_SECRET_0 5e28f16040a2be76b542d89fdd94ac3f5bcd7e5e4b5a2bacece6b568c8350765 15db6243294b1cc29f18fab31dc7c86713a09d7d3e7d979eaea914634948dd69
SERVER_HANDSHAKE_TRAFFIC_SECRET c37c0e6e828be05419b3023ed5dd88d386b5cdc3c53d4bf95ee1afba1d4d4e80 d0973aae1576de3c3feef4e24abfc921cdb0db9f3e9fba2f92f7365b60aa199a
CLIENT_HANDSHAKE_TRAFFIC_SECRET c37c0e6e828be05419b3023ed5dd88d386b5cdc3c53d4bf95ee1afba1d4d4e80 797bbd5c4d5e90343765d6b4738480e131352962d362147c4c902af46f57a7ac
SERVER_TRAFFIC_SECRET_0 c37c0e6e828be05419b3023ed5dd88d386b5cdc3c53d4bf95ee1afba1d4d4e80 039ccfcb0dd859116dff6f5006b564a04772f7f389e33d7a0f51d291185a97f5
SERVER_HANDSHAKE_TRAFFIC_SECRET 7ce7344011251e1cb92da24b68af08f69f8baa8eee9e6adbcb80d2dd18086672 a98835a4c1822aec4a5b5f03a36cc6070a90671e7348b13f065f03ccf8c5361c
CLIENT_HANDSHAKE_TRAFFIC_SECRET 7ce7344011251e1cb92da24b68af08f69f8baa8eee9e6adbcb80d2dd18086672 dd9697b5d60969e28e10f2a3384662116dd0dbf1bc90c4b9a5e1a5ac0c962880
SERVER_TRAFFIC_SECRET_0 7ce7344011251e1cb92da24b68af08f69f8baa8eee9e6adbcb80d2dd18086672 2ef8a062a20c78f7559b554fed736fb0360f8564911a491e0fc875862086477e
SERVER_HANDSHAKE_TRAFFIC_SECRET 4a9cdd55dd6b8c017551814b8db37f2579e54f903fae0b652f29db1bae593e64 349a663145d5add3855e01b24e53c6acc9bf147bb22b7974f8bee048641f33f3
CLIENT_HANDSHAKE_TRAFFIC_SECRET 4a9cdd55dd6b8c017551814b8db37f2579e54f903fae0b652f29db1bae593e64 25d67840b629dd4596035085648f108850f90dd1c8f9061a64e21a99128cf471
SERVER_TRAFFIC_SECRET_0 4a9cdd55dd6b8c017551814b8db37f2579e54f903fae0b652f29db1bae593e64 834784b00a7c979786a7a32c0cb4f3972a76bf82a2af838cb104df1cd71c076e
SERVER_HANDSHAKE_TRAFFIC_SECRET 984f8a4941dc0d10eaa692d635bbce801aadf52ec38ad748875ef5355353ecd4 1bb7fddc03bc24502135bdfd63306580a0b34f6e93de45273ed68fe00e52abec
CLIENT_HANDSHAKE_TRAFFIC_SECRET 984f8a4941dc0d10eaa692d635bbce801aadf52ec38ad748875ef5355353ecd4 bf2f9ee841633a64288e7671ff4e16f701916df3191e6c48c64d9e5b6fe4d061
SERVER_TRAFFIC_SECRET_0 984f8a4941dc0d10eaa692d635bbce801aadf52ec38ad748875ef5355353ecd4 47f00e95dc660db15f517b289bd1ee62cf3e25f5b234f535ccfebc72a8028786
SERVER_HANDSHAKE_TRAFFIC_SECRET 90026c579550208a93e43bf943f8816862b96549ce7ca6525674f34cb53a530c de1791676883671251901165d1131e25df1bfcc2ff92ee221be483c7fe83d6c0
CLIENT_HANDSHAKE_TRAFFIC_SECRET 90026c579550208a93e43bf943f8816862b96549ce7ca6525674f34cb53a530c 90008b847d0c0eb7cb3efb38f6d0115a3e9951d566a0c2aca07e7ce4e1487989
SERVER_TRAFFIC_SECRET_0 90026c579550208a93e43bf943f8816862b96549ce7ca6525674f34cb53a530c 7be44267214aa79c43f4648aa56ab4101f3a6312d9f39da4d108fa55bc1c2daa
SERVER_HANDSHAKE_TRAFFIC_SECRET 0cf50016d718742c221a97ff7c9cf40d098116c77ff0bdb2a9657521d48b7608 b0357d24fedb490e4c04614388f75ef7a81dad3d8ce00ab353923a9563c5d134
CLIENT_HANDSHAKE_TRAFFIC_SECRET 0cf50016d718742c221a97ff7c9cf40d098116c77ff0bdb2a9657521d48b7608 a77a07ddc68b258f650d31e7c6248da22e413037aa402970213199e93f891a8c
SERVER_TRAFFIC_SECRET_0 0cf50016d718742c221a97ff7c9cf40d098116c77ff0bdb2a9657521d48b7608 cecc48de939fd9bd24ff8418f150a1e94a0ec5c7da989617d15a6bc9c6f606cf
SERVER_HANDSHAKE_TRAFFIC_SECRET a276ec4aa90e85bb18d32e973ae3fab30bee18a6e510300cd0e937a57a8fe56e 7433da0b702114c55a8cf41f85eff34977bc2add422e5c111fe8bcb12f8d39d3
CLIENT_HANDSHAKE_TRAFFIC_SECRET a276ec4aa90e85bb18d32e973ae3fab30bee18a6e510300cd0e937a57a8fe56e 0b68e705d33be8dd7409b968a0f4f0c1c67f0ad330768efcfcff2c6e40403506
SERVER_TRAFFIC_SECRET_0 a276ec4aa90e85bb18d32e973ae3fab30bee18a6e510300cd0e937a57a8fe56e 8ee79bec6113eaf6b980579ff131b0a89da8417d677ab1a0fd88f2ddaf601c6a
SERVER_HANDSHAKE_TRAFFIC_SECRET f1db6bb1ae3d3d47c0e92e2214775eaa4165308a7f8fee05e4db9b6f834f2397 73ea2440d5f8e99542d9d2152a0e482360021728eaf8c2ead6e4bf8fff137d25
CLIENT_HANDSHAKE_TRAFFIC_SECRET f1db6bb1ae3d3d47c0e92e2214775eaa4165308a7f8fee05e4db9b6f834f2397 9f28dc917c955bdf30a75c48704ee3b3c7110b90517b55b30a3cb1312082accc
SERVER_TRAFFIC_SECRET_0 f1db6bb1ae3d3d47c0e92e2214775eaa4165308a7f8fee05e4db9b6f834f2397 641f9d8b69509ec904a10dd055e4fb6f220a94e1b1010f322ea9486ed89b2fd8
SERVER_HANDSHAKE_TRAFFIC_SECRET b2878d498c375bbc7cdf46792459bcd56aad46086456ed23cc9e62c023190d44 6b7ab12df6d626134a554d4a79e074df832a3c757c21b5e627f5924f3c5b92ee
CLIENT_HANDSHAKE_TRAFFIC_SECRET b2878d498c375bbc7cdf46792459bcd56aad46086456ed23cc9e62c023190d44 2308e7d1f3ccdb74b028464b5ae7d306b31f2a35e5e8ed3486e969046b304565
SERVER_TRAFFIC_SECRET_0 b2878d498c375bbc7cdf46792459bcd56aad46086456ed23cc9e62c023190d44 e54d7f30d0cd799b782b082afb09ea635b04962ecdddcfbf6a0e117d1fcc6ed3
SERVER_HANDSHAKE_TRAFFIC_SECRET c5a727b94dbfd62bbc3a590bba5394765eae12e97dca68f8c43777a8365f7353 ef55e75b9deec97f19a61306b88ee38a87e258fa1aab85987d70b8fb258f1d67
CLIENT_HANDSHAKE_TRAFFIC_SECRET c5a727b94dbfd62bbc3a590bba5394765eae12e97dca68f8c43777a8365f7353 24776544562901c11535be238b517527965a1cf751eaa8f19b2f3d3d6f6802ac
SERVER_TRAFFIC_SECRET_0 c5a727b94dbfd62bbc3a590bba5394765eae12e97dca68f8c43777a8365f7353 6055e2eec83ef0c935d2522eb65fc4c93e123469a534884cec04e9de39c0742e
SERVER_HANDSHAKE_TRAFFIC_SECRET 5ed97fa4d5b8535d30ab528fd43077b930370ad407144e4f1a1d2ba3e7e80a2d fb216fe05a48e38e3a0d2dd0eb822a2562a83869bdc05a45fab08a5199914bc7
CLIENT_HANDSHAKE_TRAFFIC_SECRET 5ed97fa4d5b8535d30ab528fd43077b930370ad407144e4f1a1d2ba3e7e80a2d 6a828868ad8506c09c26f097581fa336700c0e9b918881bfc0c6b09eb53392b1
SERVER_TRAFFIC_SECRET_0 5ed97fa4d5b8535d30ab528fd43077b930370ad407144e4f1a1d2ba3e7e80a2d d2f0195627dd7efab2433b2ffd4d802b921343afca9e618650259df0bfd90934
SERVER_HANDSHAKE_TRAFFIC_SECRET a7c55f5b31a6098ced7cf245b507f9ff6a90d694f50110669c921714f30119db c553e8b881617657f2f6ddafe78a2ea30b9ac63e0e7b9313785b3153a43ab93f
CLIENT_HANDSHAKE_TRAFFIC_SECRET a7c55f5b31a6098ced7cf245b507f9ff6a90d694f50110669c921714f30119db 8c8513134b5f616b316447373fd70e9d3b9b7a94b13e9157d5db0f92f439719d
SERVER_TRAFFIC_SECRET_0 a7c55f5b31a6098ced7cf245b507f9ff6a90d694f50110669c921714f30119db 8380025f877120a00b3d5bd83b0e68a664f6ac35002ccf9af3a9446b5eacaa70
SERVER_HANDSHAKE_TRAFFIC_SECRET 0789a1d75761d514fe34438352870702ddd058c36eda8d8ba1bebde74211bbec 330172456b14835c1d9fb6d1e0681429c64fec5defe2ba07317353d518f6b4f9
CLIENT_HANDSHAKE_TRAFFIC_SECRET 0789a1d75761d514fe34438352870702ddd058c36eda8d8ba1bebde74211bbec 409f9446875949fe2a4d6089e722fa5b52f48c796159b79b33942b92fc519430
SERVER_TRAFFIC_SECRET_0 0789a1d75761d514fe34438352870702ddd058c36eda8d8ba1bebde74211bbec 5acdb56732108f43e4119f679ee21c0deab97140eac0749a4adda12055c2c8e9
SERVER_HANDSHAKE_TRAFFIC_SECRET de6a484eabd9af633dad2bd3713013c7ff8b3965d78150c0bb6245ef49b5c053 87c1633e91bd9ebae409080288f8f86f045f46d3d8bdcfd337b6563fd923a472
CLIENT_HANDSHAKE_TRAFFIC_SECRET de6a484eabd9af633dad2bd3713013c7ff8b3965d78150c0bb6245ef49b5c053 59fa2ecf23218c9a773f1f44eedd4ec63220a00a23741ca33f80518da113433e
SERVER_TRAFFIC_SECRET_0 de6a484eabd9af633dad2bd3713013c7ff8b3965d78150c0bb6245ef49b5c053 ca3334691cb820d9c9cbb99d29c4d5a5f27ec73fa3366dcd818c59b467bc4648
SERVER_HANDSHAKE_TRAFFIC_SECRET a133df76da893445d9bf8eb519231ddc54f5e5a1f6e6057ac7ba5553bbb1f020 0593e83f22bae7afce106aa8abd4f79ae2af5d53ffd61430fca4663627b37af4
CLIENT_HANDSHAKE_TRAFFIC_SECRET a133df76da893445d9bf8eb519231ddc54f5e5a1f6e6057ac7ba5553bbb1f020 f6286ce0b7214be9632fcf7362418ddad125e2b4a3310dfedc1140c978e270a0
SERVER_TRAFFIC_SECRET_0 a133df76da893445d9bf8eb519231ddc54f5e5a1f6e6057ac7ba5553bbb1f020 d8f7fbc7b8ba383046759bf8f324ada0b0f3a56f8db845a6b503300322940d49
SERVER_HANDSHAKE_TRAFFIC_SECRET d1c0ebe6245d1d8a4d9ff7b12fd7c8852da6f6c12b8cc1d82db694c746ffe078 a00ee2ada0616ebeb1263babcd156e1a5f426e63f106d918e0b5499e91b98f66
CLIENT_HANDSHAKE_TRAFFIC_SECRET d1c0ebe6245d1d8a4d9ff7b12fd7c8852da6f6c12b8cc1d82db694c746ffe078 f604f012f204c23ff806867fcf9b8e6ef1a577c356022abbe1ef8bca7ecac972
SERVER_TRAFFIC_SECRET_0 d1c0ebe6245d1d8a4d9ff7b12fd7c8852da6f6c12b8cc1d82db694c746ffe078 9d9c7ae776216e72c9757fc617293bf5fb41e65069fc8bc7b0f2a6db45fe66f0
SERVER_HANDSHAKE_TRAFFIC_SECRET c10583417a4b0cb5dd4c19b773e17411efc972285c474ea8434ec438d6b06c92 8b6bc9a3b5a2f1fcb4117956fc9fad6b057bf5af68c552d02216ba90498d2c76
CLIENT_HANDSHAKE_TRAFFIC_SECRET c10583417a4b0cb5dd4c19b773e17411efc972285c474ea8434ec438d6b06c92 b698f5a50c065e771a338aff5b0e928d8a4f73215c628fc60742f53ef34742dc
SERVER_TRAFFIC_SECRET_0 c10583417a4b0cb5dd4c19b773e17411efc972285c474ea8434ec438d6b06c92 56c2c8bc3f606d7ae58e56a3740239ec3d26f6d2a5abcc4d922b9d4ac9fcc88e
SERVER_HANDSHAKE_TRAFFIC_SECRET 9952ee8f86646ba289588e622e7c7750de38b1b9393c87270631e63ff6c8996d ed5b3b30655d302918becbd896fe40010ad9470c57a8fffdc1634f69bc69829c
CLIENT_HANDSHAKE_TRAFFIC_SECRET 9952ee8f86646ba289588e622e7c7750de38b1b9393c87270631e63ff6c8996d 19a174cf7e0ae851c7f1d118bf2837739ed5cb2bb5485869a0f3dd70b015b2a8
SERVER_TRAFFIC_SECRET_0 9952ee8f86646ba289588e622e7c7750de38b1b9393c87270631e63ff6c8996d 7b8bad34bf2351a49ab4827889d9013ccd525788ccb04753509497755da86793
SERVER_HANDSHAKE_TRAFFIC_SECRET bc8b4e2aa69f69df6062439c2f13e1f5d8599e490f2ff51a4a11bdd719de6f64 7ebf3608a2132b179c5ac0ad769e30f2e3c9828d42e21013f4c60bfd4159db92
CLIENT_HANDSHAKE_TRAFFIC_SECRET bc8b4e2aa69f69df6062439c2f13e1f5d8599e490f2ff51a4a11bdd719de6f64 bcd616471495302ae5f18356fe735781273a5317db3282b2b67cfcef1032eaef
SERVER_TRAFFIC_SECRET_0 bc8b4e2aa69f69df6062439c2f13e1f5d8599e490f2ff51a4a11bdd719de6f64 195ce048b3bc39cb8912246e668b03988cece8310f562c46e8beeff6f3b54494
SERVER_HANDSHAKE_TRAFFIC_SECRET 0279213bbbfbe1578f24821d242e935289d697c848d4034aa34b44f929f4b562 75caba014ebc8c0018d0df0f1b3b7517f2aad1e37d725ea259fcd868fe8c4771
CLIENT_HANDSHAKE_TRAFFIC_SECRET 0279213bbbfbe1578f24821d242e935289d697c848d4034aa34b44f929f4b562 dbc2532f607d9385d8046c742b1d252d25a5e78c207bf60e80799811f1bd015d
SERVER_TRAFFIC_SECRET_0 0279213bbbfbe1578f24821d242e935289d697c848d4034aa34b44f929f4b562 3792941d51373bfd16db5748b4abe83694bb3f9f50255c0ef685ad1204619b54
SERVER_HANDSHAKE_TRAFFIC_SECRET 56a3e6a85d6779f9ffd862460fa5262139da85e1379077b8ca8ba5997af79ca0 d77145f1c3327efe39942da1b5f715a53e2c21e028feab6c3480798f69f70a6e
CLIENT_HANDSHAKE_TRAFFIC_SECRET 56a3e6a85d6779f9ffd862460fa5262139da85e1379077b8ca8ba5997af79ca0 745936189cdcd06fb838c4c4205df3f69ac07e50057a62b8783041021e07a4c2
SERVER_TRAFFIC_SECRET_0 56a3e6a85d6779f9ffd862460fa5262139da85e1379077b8ca8ba5997af79ca0 6d2ab22d58eee094b291183ed52928fb4f8022a568e10921faf29aa9fa04c60f
SERVER_HANDSHAKE_TRAFFIC_SECRET 27e58f3388f9f0ac6a16b3fb561470b40e3605c6a1d41de31eac8e20ca7f89ca 7596c71794688628ef16fe1dce6856e4b9aa0193aadb9dfab366d0cd1ca95133
CLIENT_HANDSHAKE_TRAFFIC_SECRET 27e58f3388f9f0ac6a16b3fb561470b40e3605c6a1d41de31eac8e20ca7f89ca f51bf6307ad6b529ef9d4db4f29666df2c9366a59fe1c34c3df747d63d26ca31
SERVER_TRAFFIC_SECRET_0 27e58f3388f9f0ac6a16b3fb561470b40e3605c6a1d41de31eac8e20ca7f89ca c6fd575d67c97abedad3ceb423dbad3709cc8188b103710ccc14629e3cf2f109
SERVER_HANDSHAKE_TRAFFIC_SECRET d0222b0bd2e7f4a013ff4d63eb7c3b1d47a24b152230f71041bb5a709df0bcfc 1d88335b11108c9f291ddc36d1645eb8758b523be527069cb7e901774caa5b8f
CLIENT_HANDSHAKE_TRAFFIC_SECRET d0222b0bd2e7f4a013ff4d63eb7c3b1d47a24b152230f71041bb5a709df0bcfc 1187d5038eb2a6eace033a0f1f48f6ff46f6f519a241fde7b21ea42af8bc7c53
SERVER_TRAFFIC_SECRET_0 d0222b0bd2e7f4a013ff4d63eb7c3b1d47a24b152230f71041bb5a709df0bcfc 952f8259cb8328007406c4f79701ffacb6378cea60b3a775202e6fe953bc4560
SERVER_HANDSHAKE_TRAFFIC_SECRET bd4de51442b54c4dce8aad46a599bf1677360031f4823b0b1d9c73688ddabba1 bbb343579a7b7650fbe9942e77b118c28c0647d34b7354fe8e464a75cf52684a
CLIENT_HANDSHAKE_TRAFFIC_SECRET bd4de51442b54c4dce8aad46a599bf1677360031f4823b0b1d9c73688ddabba1 99d37c1e2bfb8b3ef8198f17c7f7f07db2663aa3fad7560ec0a09e68b8219dd6
SERVER_TRAFFIC_SECRET_0 bd4de51442b54c4dce8aad46a599bf1677360031f4823b0b1d9c73688ddabba1 8cf89fb9ee2f06f7bfc2ffcb795b3c8ba47150bf504f956d8b031e580f8745bf
SERVER_HANDSHAKE_TRAFFIC_SECRET 03baf99b06a39cd1d615785dde754b7e5f12adae3b727728427acda03f75f9ac 9a4580fe981deaba14241bdbde00dd0d4d72f30feb58bd0e3f4d4f3a0254a274
CLIENT_HANDSHAKE_TRAFFIC_SECRET 03baf99b06a39cd1d615785dde754b7e5f12adae3b727728427acda03f75f9ac 25939d19153a91147f017a8e39320807d46ecad88a1baaa2b3645f8a869aa437
SERVER_TRAFFIC_SECRET_0 03baf99b06a39cd1d615785dde754b7e5f12adae3b727728427acda03f75f9ac b872423c7d791c9d3135c63a2173e1018ad120d5884759dc8f05cf071b623ce9
SERVER_HANDSHAKE_TRAFFIC_SECRET f08f7750df010cc0405aa5d95fbb1c05170a58fbb72def22191b2bf152478ffe 0ce22858fb0720699c196ea39562d9ee272d535d7316f6fd19a181ac6e343f2c
CLIENT_HANDSHAKE_TRAFFIC_SECRET f08f7750df010cc0405aa5d95fbb1c05170a58fbb72def22191b2bf152478ffe d057b403d9c8e0511ed17452fefa959511ad97a904eeb552e15187b87c243da3
SERVER_TRAFFIC_SECRET_0 f08f7750df010cc0405aa5d95fbb1c05170a58fbb72def22191b2bf152478ffe 94b2e1cb2f3e8f606de90cd7a08030f301449ddfd82ba4b716bacecf5817f9c4
SERVER_HANDSHAKE_TRAFFIC_SECRET 4ccc517e97e132af0037bc70412490b6417b3b626533194ee0c58a0465cabd74 2f40973176572d1d4baae92f0653018f140bb38d32e0af736b73a1f71d2a7e0b
CLIENT_HANDSHAKE_TRAFFIC_SECRET 4ccc517e97e132af0037bc70412490b6417b3b626533194ee0c58a0465cabd74 af0fd8bf7010c7f7801a8b6d8e84e0c42142bca32ce314fc37b9af74f8e82529
SERVER_TRAFFIC_SECRET_0 4ccc517e97e132af0037bc70412490b6417b3b626533194ee0c58a0465cabd74 e9a75962e3242b3651abd2f50b96fe86e8af05b4c2f34c9abbc7ec5f0e6ebe7c
SERVER_HANDSHAKE_TRAFFIC_SECRET c5954071a2c6c901126f24fff122e6e8f873661e6a612e2a64c6c1489a271cd3 c8fc2c37f7c802ce0dea0065ed18b4bd433ecc6c95e263a6234a8f6249a225ff
CLIENT_HANDSHAKE_TRAFFIC_SECRET c5954071a2c6c901126f24fff122e6e8f873661e6a612e2a64c6c1489a271cd3 1d6a7391be91f1d8336245b7ad2ea59055a4b5715cdb66a8969003f7f860c7bd
SERVER_TRAFFIC_SECRET_0 c5954071a2c6c901126f24fff122e6e8f873661e6a612e2a64c6c1489a271cd3 96bd7c97b81e29ad185cdd533f122ab64292ebd7277fedaa7b054141c780327e
SERVER_HANDSHAKE_TRAFFIC_SECRET 603cfa60f73e6a3f268934ddb88a2f805ee208f76ea78142a286f5643477d37d 33d1031aaab2e1898a8c0940322494cfe2adda3cbff6fbea09d77dad0356a7ed
CLIENT_HANDSHAKE_TRAFFIC_SECRET 603cfa60f73e6a3f268934ddb88a2f805ee208f76ea78142a286f5643477d37d fafae7933a15dbb6458920b947e9cde6a2cb2750306c411e669485fe98c43e66
SERVER_TRAFFIC_SECRET_0 603cfa60f73e6a3f268934ddb88a2f805ee208f76ea78142a286f5643477d37d 302b5abfbd27cee1d2c89c25a900ff0b123ce424c6314ac0b00cbbc3490a86f2
SERVER_HANDSHAKE_TRAFFIC_SECRET f1bf2c955cdaa273b5164c5345c90f65a3b5f77ac684edb4d9eeb6329f2d9550 b90db4d6afe803b54a998745bb4e9a538e6f047a965cda55df160771e583b1e2
CLIENT_HANDSHAKE_TRAFFIC_SECRET f1bf2c955cdaa273b5164c5345c90f65a3b5f77ac684edb4d9eeb6329f2d9550 cdd53139f400222f020c6cfc3925c2bcd64b94b6f8c62b6e9f9c03d4dc3f09ed
SERVER_TRAFFIC_SECRET_0 f1bf2c955cdaa273b5164c5345c90f65a3b5f77ac684edb4d9eeb6329f2d9550 df73dbeb04a506165bb3bdad3ba0fc10ac861602dcec30da090b0839853cdd2d
SERVER_HANDSHAKE_TRAFFIC_SECRET 9cefbfd9fada3c17ae0f273fa0e9337feff01dd4df5b87f7f7c6c181631f6c13 1419c4b97f18a94f93d8d445f16c158fdffd054b3e7c285c53b4bb116a23c453
CLIENT_HANDSHAKE_TRAFFIC_SECRET 9cefbfd9fada3c17ae0f273fa0e9337feff01dd4df5b87f7f7c6c181631f6c13 7c372a3c7aee780ef219c3d1df7c50e3a269fce6153a6accfbf9a2d0b5de5e87
SERVER_TRAFFIC_SECRET_0 9cefbfd9fada3c17ae0f273fa0e9337feff01dd4df5b87f7f7c6c181631f6c13 912f3c3325debd9fcff6db7311151397f4d39b47fb3d8faa57df10356369bba6
SERVER_HANDSHAKE_TRAFFIC_SECRET 69ee2fc91f5ebd90a97980656e70d7272808af69c6207b0667f08125ff6194dd 9b208fba8dccf12afaf865c5abe1b2faf44f9cd7ed19e3ecbb4e138daa2016f3
CLIENT_HANDSHAKE_TRAFFIC_SECRET 69ee2fc91f5ebd90a97980656e70d7272808af69c6207b0667f08125ff6194dd 26e765e2679e0f12332daca4f6b77c4a107e3484c0a22873cc14a1613eca2596
SERVER_TRAFFIC_SECRET_0 69ee2fc91f5ebd90a97980656e70d7272808af69c6207b0667f08125ff6194dd beeb685ba231288328ecacb234033aba7acf46ead9e4728df4e17d29c3b5e14f
SERVER_HANDSHAKE_TRAFFIC_SECRET f379ab4d3ae23ada252b2985981ff8e143ddf26e59e7a4395338634904acb965 5cb5164563bea6e87b79a025122cc3cfce7069d13febc306446cb917fcd9d0cd
CLIENT_HANDSHAKE_TRAFFIC_SECRET f379ab4d3ae23ada252b2985981ff8e143ddf26e59e7a4395338634904acb965 359a289e03dd816b3700b1eba051993ab0d983be07beb443a952e67978dde7bf
SERVER_TRAFFIC_SECRET_0 f379ab4d3ae23ada252b2985981ff8e143ddf26e59e7a4395338634904acb965 3ec5ded3d4d873d4f19adaf33b034b747ddac9190111947e03787d5569ac8a32
SERVER_HANDSHAKE_TRAFFIC_SECRET fa08281f8186233b1ef3650e912f8e80b5b258091abe662c45d67de484666b01 5e50224363d08d6f5f4c57757bf58b1a919f5fd2fdf3cd6fd5ec2ab74bc55b36
CLIENT_HANDSHAKE_TRAFFIC_SECRET fa08281f8186233b1ef3650e912f8e80b5b258091abe662c45d67de484666b01 7d49bd7e4309fc6f8ce77865a88d1e2f35182bcdb678ca351283f29e99f39514
SERVER_TRAFFIC_SECRET_0 fa08281f8186233b1ef3650e912f8e80b5b258091abe662c45d67de484666b01 8bf9918a76d0ae1b5b2274ebc4680aaa50b6f3d3d4c43a9d144bea9bc8238158
SERVER_HANDSHAKE_TRAFFIC_SECRET 8761454ec1e48744fde023cc0904bb7f3960381733fbb6001058e3f7098ed15c 546c7602cd395c569edd87a9f75a58e805b0d1d211e8b6ea1273c4d9a6edc8d6
CLIENT_HANDSHAKE_TRAFFIC_SECRET 8761454ec1e48744fde023cc0904bb7f3960381733fbb6001058e3f7098ed15c fd3964a34fdd70334a7aca5b17292c581a019ab4b1df9e78b10d48c4a793b436
SERVER_TRAFFIC_SECRET_0 8761454ec1e48744fde023cc0904bb7f3960381733fbb6001058e3f7098ed15c 7bc6504c8ea5adc3261f72112233fdd02f48faa21f28f62e92f3ec0cb161851a
SERVER_HANDSHAKE_TRAFFIC_SECRET 2694e9003d932fdf4c7a2dc761a4bb6a13210d4e608557a44efaf1ae80d66c72 19c20303e2e91cda23ec31bb8d9f36fed023499003928bd9bfdb2a3cbe17a0af
CLIENT_HANDSHAKE_TRAFFIC_SECRET 2694e9003d932fdf4c7a2dc761a4bb6a13210d4e608557a44efaf1ae80d66c72 77cea3e9db2e0469e6ec832381d5a2c58d7cab3438ac87b902b51b61b9d7cb2d
SERVER_TRAFFIC_SECRET_0 2694e9003d932fdf4c7a2dc761a4bb6a13210d4e608557a44efaf1ae80d66c72 c87f3967ac356f3b132759857b58077d6a6c51e8981c2475f31b1c43bbf38b77
SERVER_HANDSHAKE_TRAFFIC_SECRET 99ec640667a45064e4f2d3fd008258f82ee30c6f6dc69546c83a95d5281aa374 7c68a2523734b25cdd4a63a82b6cf5b04f21c8f24bee8413bcf099dc9cf8d0cc
CLIENT_HANDSHAKE_TRAFFIC_SECRET 99ec640667a45064e4f2d3fd008258f82ee30c6f6dc69546c83a95d5281aa374 19038dd97587170d3e37ff32f59c9ae4d0b8b26c5db006ea4463ecab600a0746
SERVER_TRAFFIC_SECRET_0 99ec640667a45064e4f2d3fd008258f82ee30c6f6dc69546c83a95d5281aa374 2de49ceffe42eb5e9c49fc877ce8c33914b5c313daed5895b637edfd45f77750
SERVER_HANDSHAKE_TRAFFIC_SECRET 66eb41326cfb2553ba0eea4e0f55ff712dcdd2f38ac99c73cb7a71c7afed607d 3425f3881f2a242831ebf6d8f1d5fce240d28bb852aae4dbe21a6320a023fd66
CLIENT_HANDSHAKE_TRAFFIC_SECRET 66eb41326cfb2553ba0eea4e0f55ff712dcdd2f38ac99c73cb7a71c7afed607d bd74d2ddb46433300c1d6ce94e2233e232ba736fb5308f94f260d4cee7357273
SERVER_TRAFFIC_SECRET_0 66eb41326cfb2553ba0eea4e0f55ff712dcdd2f38ac99c73cb7a71c7afed607d f4e0173974864299f90d672f55594932487d9af456ee1200652e15b689107922
SERVER_HANDSHAKE_TRAFFIC_SECRET ce0044a65fbbd8ad7db25cdeb38c649ca5b722ecccd3387fb3a43f45c9b5a406 8d50d1f2ddaa7a025139fa6fe3291c859fe433c0ea048ce54ea9dc53146ec871
CLIENT_HANDSHAKE_TRAFFIC_SECRET ce0044a65fbbd8ad7db25cdeb38c649ca5b722ecccd3387fb3a43f45c9b5a406 e0ddc1a7a0406ecc2bdc2fc35b66a0a430cdc827c48b44ff67c438bac08b5cbd
SERVER_TRAFFIC_SECRET_0 ce0044a65fbbd8ad7db25cdeb38c649ca5b722ecccd3387fb3a43f45c9b5a406 0f4f8dcb3837ed7496a9be3d574f7e30eb31de37427cfa978093bbe5e7dd75bc
SERVER_HANDSHAKE_TRAFFIC_SECRET a4ea04d19a615a3fbde18869cb03d883c9884ac7295a1d840af7e260370520c1 d659979143fed0b076da2e7d766ab2cf92a60cbadba8e44116674fe616653071
CLIENT_HANDSHAKE_TRAFFIC_SECRET a4ea04d19a615a3fbde18869cb03d883c9884ac7295a1d840af7e260370520c1 0f6b97312ac9609665f69b2aff8873845f67c675462820ce0148e03315e0835c
SERVER_TRAFFIC_SECRET_0 a4ea04d19a615a3fbde18869cb03d883c9884ac7295a1d840af7e260370520c1 add8c17a22a10b0af7603348c823e51f76741ac4cce7d6f176620ff03e542fdd
SERVER_HANDSHAKE_TRAFFIC_SECRET 10bdb27cbff11737810dbfb512e65529acfa8aa34f28aaf453cec954bc69e62d 4c834f5a33fad9d1a19107c1824a7db9eeb301f2580a07de159b81d3cc0077af
CLIENT_HANDSHAKE_TRAFFIC_SECRET 10bdb27cbff11737810dbfb512e65529acfa8aa34f28aaf453cec954bc69e62d 7b2b81c9ad337e1c95ddea9501bc0cd99a4dcfd9dadae88c416a819dcaea8850
SERVER_TRAFFIC_SECRET_0 10bdb27cbff11737810dbfb512e65529acfa8aa34f28aaf453cec954bc69e62d be404b22d75aeebf6b97e0847cdcb0a264e2da3e9b47364e233c278720f07818
SERVER_HANDSHAKE_TRAFFIC_SECRET 516d1ce7b7ba4db866cce3a22c494f875752108afd8530d393a09ab456ba6070 82be5fd6756631496463b5a81379f9eac12fc3789606411138907ac67ace7847
CLIENT_HANDSHAKE_TRAFFIC_SECRET 516d1ce7b7ba4db866cce3a22c494f875752108afd8530d393a09ab456ba6070 c221d867be539ac36f35c22c51a754a91c194cf18e86714d0d7e9d0a80330a1c
SERVER_TRAFFIC_SECRET_0 516d1ce7b7ba4db866cce3a22c494f875752108afd8530d393a09ab456ba6070 dbceae9e73f35dbb65bea7af5a984bc1e2d6e739bf29b962a4b4554ab18cd600
SERVER_HANDSHAKE_TRAFFIC_SECRET e9402947c78b72eab639f59283e5b3b75b3855a99eec175c22845e87a2f483ae 53eb93332e427f96710ded2d9426f9f44745dade0a776ce7485d4b7608f579ca
CLIENT_HANDSHAKE_TRAFFIC_SECRET e9402947c78b72eab639f59283e5b3b75b3855a99eec175c22845e87a2f483ae 3967541ee1b9f407e3283cec17d0bdb76c7d285aac276947867a8e03b92c9e06
SERVER_TRAFFIC_SECRET_0 e9402947c78b72eab639f59283e5b3b75b3855a99eec175c22845e87a2f483ae cfa4def65a655f361b9f06d7a1967edca12475a927159bee268dd6aa48ecf879
SERVER_HANDSHAKE_TRAFFIC_SECRET bf73eed86be359c1ca72269624bed5059b3e08d63555b32e44a5cb24092a2a8b 9698562ea552a11bf1990da87c4dca21fc9a26c2b42a3b477d2903cf4a49c20c
CLIENT_HANDSHAKE_TRAFFIC_SECRET bf73eed86be359c1ca72269624bed5059b3e08d63555b32e44a5cb24092a2a8b a333d1e4d8e4c52e241a58ed609b22afa803fcb9e425a7d9eae3cace692fe848
SERVER_TRAFFIC_SECRET_0 bf73eed86be359c1ca72269624bed5059b3e08d63555b32e44a5cb24092a2a8b 48963dd5d8a124aa53e13d41b5ccf7737bb21aad5d5d09f04ec72bc14bc9cf5f
SERVER_HANDSHAKE_TRAFFIC_SECRET b10aa6543c75826c38321cf0d229baf6c5b61a1ad842d8aa15b5441bf1ac36d4 311d4845adaef9f3c04dccc514db69586344ea4f49363bc9f16b293d589b6f5d
CLIENT_HANDSHAKE_TRAFFIC_SECRET b10aa6543c75826c38321cf0d229baf6c5b61a1ad842d8aa15b5441bf1ac36d4 1ae75252b4b3d693a2994018ddff4b6affd12de642cab820db8ed71b5040e2e7
SERVER_TRAFFIC_SECRET_0 b10aa6543c75826c38321cf0d229baf6c5b61a1ad842d8aa15b5441bf1ac36d4 e96fb9a8d51ea89eac41e53aab50247e59043d11d7c2a269213dcead69676135
SERVER_HANDSHAKE_TRAFFIC_SECRET 72f6f2ecbcf33274d2f7b1a4b0c7afce3fb1b43b819bf01b25d6c29460793736 b52bc115604956e8df285487294a65bfcb0221162bdcb86affcd4b1da207719c
CLIENT_HANDSHAKE_TRAFFIC_SECRET 72f6f2ecbcf33274d2f7b1a4b0c7afce3fb1b43b819bf01b25d6c29460793736 2c3ad361e8da1032413c8ea02a9a23fbc7fecceb1e000bd3753bc476512934c5
SERVER_TRAFFIC_SECRET_0 72f6f2ecbcf33274d2f7b1a4b0c7afce3fb1b43b819bf01b25d6c29460793736 7aa0eac1c69d7f756e9ca4ee49823c16822b81d1590a4c880e31a010a3e90094
SERVER_HANDSHAKE_TRAFFIC_SECRET 810b68d226fa087b6ee9725655869665a8be1ec94406ac29524fc1b7c084314c c4b202ad958f19c797f04dcb2eb1e0b188742b145f899bdcfdfdbbce5ed5410a
CLIENT_HANDSHAKE_TRAFFIC_SECRET 810b68d226fa087b6ee9725655869665a8be1ec94406ac29524fc1b7c084314c 99d87aaf2ebc88c2d1a682c65c223d64aa905293b471844859edd21c68f7ec29
SERVER_TRAFFIC_SECRET_0 810b68d226fa087b6ee9725655869665a8be1ec94406ac29524fc1b7c084314c d27907a8af766a17d352a17fabb873fe1afce1488c0cc2e73476bfe0057c1663
SERVER_HANDSHAKE_TRAFFIC_SECRET 14b12e7789217e57c937f2a102b2c5ec6ce65820b24f6d2d2e8fbf5da1300e3e da4dc18cdac500477a1a6deac31bafef6f5042aa3baf73f85390bb6738488c04
CLIENT_HANDSHAKE_TRAFFIC_SECRET 14b12e7789217e57c937f2a102b2c5ec6ce65820b24f6d2d2e8fbf5da1300e3e 392d65ab08de9cc0c8950815d3137dc2b4b985da29ec4076157c7f263a5d1f40
SERVER_TRAFFIC_SECRET_0 14b12e7789217e57c937f2a102b2c5ec6ce65820b24f6d2d2e8fbf5da1300e3e 9e48f639d43bfc5f16980a4eb163e4cdd79e38642fea47b06d0358100963438f
SERVER_HANDSHAKE_TRAFFIC_SECRET c3c535ac51733da58daae6c20acbca7f7b0702161fb15fd906b567f72805b854 4e4bdbf4575218874443858fd97a59a8f91781afed31aeebb0fa4858e6170dee
CLIENT_HANDSHAKE_TRAFFIC_SECRET c3c535ac51733da58daae6c20acbca7f7b0702161fb15fd906b567f72805b854 e92e2a2c3a2b09d06786b3c26ce16adb209befdbeb221b5fa6af92c36a026cb4
SERVER_TRAFFIC_SECRET_0 c3c535ac51733da58daae6c20acbca7f7b0702161fb15fd906b567f72805b854 36b737a24a6bf5ba770618a1fed10ca575de917a41acbd1d59f593533ecdec0c
SERVER_HANDSHAKE_TRAFFIC_SECRET 9bcd76343fa9e067567d236165284ca2a36904ff2e97288bc3e15940151d2544 38b0f51057d4103bd85ffc774fd54ca681023474411e732e695169a2a5331bec
CLIENT_HANDSHAKE_TRAFFIC_SECRET 9bcd76343fa9e067567d236165284ca2a36904ff2e97288bc3e15940151d2544 f2e043b4bf58ef733e6d2799bba8c791c0b9cca58bd15a043e8f4369f406334d
SERVER_TRAFFIC_SECRET_0 9bcd76343fa9e067567d236165284ca2a36904ff2e97288bc3e15940151d2544 dacbf914c0217ba888cb26b2221c823b5e2fc76627b5652bbf78f0c618e1686f
SERVER_HANDSHAKE_TRAFFIC_SECRET 1b2fa04b959aeecdbe8cf826392dc0f5f3b541304f33299bd943b91e1e26a325 37701bfe14f5cb26b37779199010fc4f8fadede7dedc38e4e7182e1f0c41ce20
CLIENT_HANDSHAKE_TRAFFIC_SECRET 1b2fa04b959aeecdbe8cf826392dc0f5f3b541304f33299bd943b91e1e26a325 09eddc374646487fdba6be1c6ac5c6fe52eb51819bbca0902c8338e56f051ee6
SERVER_TRAFFIC_SECRET_0 1b2fa04b959aeecdbe8cf826392dc0f5f3b541304f33299bd943b91e1e26a325 dc5746779d08931088a112566083d4428554c2faae09646f0548cd881008ec8b
SERVER_HANDSHAKE_TRAFFIC_SECRET d3ca6ccbd86bd52235a02d2f32d1cc6c2696585d527b9fa57b9d999273a48dc0 f4a472fb796279d0f14db88d23d7ac5696ede6a9ab1d20da489a1a36a883238e
CLIENT_HANDSHAKE_TRAFFIC_SECRET d3ca6ccbd86bd52235a02d2f32d1cc6c2696585d527b9fa57b9d999273a48dc0 fc23694b836807fcfaa985d6560ca75f8be38d676a80264aaa028d72f67d4156
SERVER_TRAFFIC_SECRET_0 d3ca6ccbd86bd52235a02d2f32d1cc6c2696585d527b9fa57b9d999273a48dc0 3310da39c719b17eb35cc6fec59158c7a8513384c8fccf7bbd9d8f374e696563
SERVER_HANDSHAKE_TRAFFIC_SECRET 9f0f4984d9fc721b5db6aa4cbaa816ae42a2e54c7a1fe8f401b11c75b4730c6d ab94748e20645724e1953d121f7c1b8cc97c5b65180dd4745193d5526522f206
CLIENT_HANDSHAKE_TRAFFIC_SECRET 9f0f4984d9fc721b5db6aa4cbaa816ae42a2e54c7a1fe8f401b11c75b4730c6d c7171121870ca1e3a5bdf01c43ca3f29c0676879e920c2ece77d17faa9101a9b
SERVER_TRAFFIC_SECRET_0 9f0f4984d9fc721b5db6aa4cbaa816ae42a2e54c7a1fe8f401b11c75b4730c6d 4fff40c8535af1609a6feaad3f115d0db47917f4576527d08d27a6fce2bda62e
SERVER_HANDSHAKE_TRAFFIC_SECRET 23a4203999853aef3c6d75542dabac31e5816f64bc66ad1c09e344fb1965a585 e933821ebd8bc931dca87504ab59795a30629c76d3505deb2a7b174830fe7204
CLIENT_HANDSHAKE_TRAFFIC_SECRET 23a4203999853aef3c6d75542dabac31e5816f64bc66ad1c09e344fb1965a585 de927d52f25bdb5498f7249bbdfe49a4da2b081afda729dc884963a5a9c820f7
SERVER_TRAFFIC_SECRET_0 23a4203999853aef3c6d75542dabac31e5816f64bc66ad1c09e344fb1965a585 5767df4c4bd5db0fd8ea571a8a3fd630a3b3a7bf5bec17cab66985dd47f7164a
SERVER_HANDSHAKE_TRAFFIC_SECRET 5710dd41112f44fbe1f3be542d9277d74fed789c73975064532af7c079e2ff9b 2d79a048fc7f8bcdb3daec156282c5c33af02a625d9072275095761fa5928f94
CLIENT_HANDSHAKE_TRAFFIC_SECRET 5710dd41112f44fbe1f3be542d9277d74fed789c73975064532af7c079e2ff9b 77b40e91aadd8a0db98b7f2afa861f998ed6334d7bf185ae3275758da2b42240
SERVER_TRAFFIC_SECRET_0 5710dd41112f44fbe1f3be542d9277d74fed789c73975064532af7c079e2ff9b 993b133ff4cb19073f4c90cdefbe7445abfb0ef478e9c0b3126d04077103d392
SERVER_HANDSHAKE_TRAFFIC_SECRET a55ba60b4b365f6693b6be89eadc128177d10f61989a3f1e3f3c6e90b9999e21 3ca59c0339f52e6a4825268d0b6565952920baec96da16f90d661ccb7cfbd182
CLIENT_HANDSHAKE_TRAFFIC_SECRET a55ba60b4b365f6693b6be89eadc128177d10f61989a3f1e3f3c6e90b9999e21 c691a7f48579c78da7aa5323a2752aec4ca17cff30e253a9128439ac2d3f63ef
SERVER_TRAFFIC_SECRET_0 a55ba60b4b365f6693b6be89eadc128177d10f61989a3f1e3f3c6e90b9999e21 829764aaecfd377e3bcd1b39a7f61147444a6ab998b4491809e8a6f6e6983f15
SERVER_HANDSHAKE_TRAFFIC_SECRET 13479096e45176335e5bf72858afddcda7f98bb5b7c74b2cc594adcf73e72fd5 48f5eb4d0cae818c2d931095b04cf9a933a313a257d3c98d878ca900d7b80e4e
CLIENT_HANDSHAKE_TRAFFIC_SECRET 13479096e45176335e5bf72858afddcda7f98bb5b7c74b2cc594adcf73e72fd5 0ff2a390f5588241a41918de92620b7b62f239cb4ce40a7330fb1d53988d61e8
SERVER_TRAFFIC_SECRET_0 13479096e45176335e5bf72858afddcda7f98bb5b7c74b2cc594adcf73e72fd5 9388481d8353875a291598ede0ef6d7caa6d5fbd425197dde8507e0add3c5c87
SERVER_HANDSHAKE_TRAFFIC_SECRET 0bed5f9758f9c16f51564f790fe70c6fcb701ce26a5f60b71f3b428f667b772d e5e4086d9486b28355c0c433afbef661ea62b0f93d66b2322ee37c2dfec88418
CLIENT_HANDSHAKE_TRAFFIC_SECRET 0bed5f9758f9c16f51564f790fe70c6fcb701ce26a5f60b71f3b428f667b772d 1043aca7ddb64af06060601024ea5cfa96fa4cb1155ad269a256755c84906d41
SERVER_TRAFFIC_SECRET_0 0bed5f9758f9c16f51564f790fe70c6fcb701ce26a5f60b71f3b428f667b772d f4b1ae841943cc42fb28de7eb325e0156cd462001efb65b6a751da3ea8841cb3
SERVER_HANDSHAKE_TRAFFIC_SECRET 220c4f73a97cd9402bbe4f6528de61c7c2fe5c9e88b2350c6fbd7a39df18795a 4f2c5b05bf4a641a041875c696bc84b1f43423aa22b2bfc97ad5b113145f5c5f
CLIENT_HANDSHAKE_TRAFFIC_SECRET 220c4f73a97cd9402bbe4f6528de61c7c2fe5c9e88b2350c6fbd7a39df18795a 2f4ab97a66bd1cd5f9992d549dcd24b398aca5a21876bbff1dab5f36aeb4bcc8
SERVER_TRAFFIC_SECRET_0 220c4f73a97cd9402bbe4f6528de61c7c2fe5c9e88b2350c6fbd7a39df18795a baaaed4ccc8c70ada2b340a2ee86bf46967dc7bca9e7e2f95e613b365e4be400
SERVER_HANDSHAKE_TRAFFIC_SECRET 60b0960413e91f0b69be152d7a0c509f51e7e986d489fa083b60d68172421e6b 7329d6d3cbe02ac848b0dab1d92946f3ff0b55ffefcc44fa7cafaa5f185906a6
CLIENT_HANDSHAKE_TRAFFIC_SECRET 60b0960413e91f0b69be152d7a0c509f51e7e986d489fa083b60d68172421e6b d72586f551796ceaa676f46ea145fa443b32dbd526a61b4f5d45d29c3bbd2dce
SERVER_TRAFFIC_SECRET_0 60b0960413e91f0b69be152d7a0c509f51e7e986d489fa083b60d68172421e6b 22f908a4321346f5268f8ae43e37e26b2460e1300e1b00567a16874e09fb1eb8
SERVER_HANDSHAKE_TRAFFIC_SECRET f4da5fcf543b26c8df1371ed8b1c4b7047a831947fa1fe82bfdbe3dfe928deb0 4478d8e96433bcf771d005fc107036ad785e35509a1bacdcfeb0a7fe74257d87
CLIENT_HANDSHAKE_TRAFFIC_SECRET f4da5fcf543b26c8df1371ed8b1c4b7047a831947fa1fe82bfdbe3dfe928deb0 355e5bc752e0db7230097ac3f64666ff70bdc0edde0f65f8d2b6947918cff876
SERVER_TRAFFIC_SECRET_0 f4da5fcf543b26c8df1371ed8b1c4b7047a831947fa1fe82bfdbe3dfe928deb0 f0a4d1270d8cb20c37e9d7be226565901ca9904bf87beea99375414bb3b74f7c
SERVER_HANDSHAKE_TRAFFIC_SECRET 4d947bb29504a596301b0c182194287b92ec037cd626830e03ac6025da8ee1ec 7ffcaef5b973f0f0f2aaa43de095a99c7387960b2381515facd76db4cf28ad6c
CLIENT_HANDSHAKE_TRAFFIC_SECRET 4d947bb29504a596301b0c182194287b92ec037cd626830e03ac6025da8ee1ec cd01a643397951013605b2f9d4b7c7b72459392f68550c82d33974afba2312e0
SERVER_TRAFFIC_SECRET_0 4d947bb29504a596301b0c182194287b92ec037cd626830e03ac6025da8ee1ec a6156018e8b8b5e5738e9c1ca54a07989f4d203afc78afc1b0c0c9dfa1c6990c
SERVER_HANDSHAKE_TRAFFIC_SECRET bcae76cbbb3b4fc60aa1d733492a4fe7c7eca4b377fd8a6e02b8ff5be3d6358e 2495e602e44e8c747f5463318a630553743637942a607524d9231e3078a6eecb
CLIENT_HANDSHAKE_TRAFFIC_SECRET bcae76cbbb3b4fc60aa1d733492a4fe7c7eca4b377fd8a6e02b8ff5be3d6358e 1420d42dd0cb7ce34e46d2975ca3998a898b748b81d20a4368c29e0a3777059e
SERVER_TRAFFIC_SECRET_0 bcae76cbbb3b4fc60aa1d733492a4fe7c7eca4b377fd8a6e02b8ff5be3d6358e 17918e9a05c158a991e96860588b580ca3e650da09fda891d3fef105b2d3ad22
SERVER_HANDSHAKE_TRAFFIC_SECRET 83a0ed3968552ca56d29683957ff9bb58c92dce6fc16622ba854c0b9f797837f 525281539507788a4f9e667c33d9f543d39d16f86de86c89fdd957721509031b
CLIENT_HANDSHAKE_TRAFFIC_SECRET 83a0ed3968552ca56d29683957ff9bb58c92dce6fc16622ba854c0b9f797837f d49817e7d391c8101e65ee38a773c0cf887a831fa882e4dfc74b14de6f5db3ed
SERVER_TRAFFIC_SECRET_0 83a0ed3968552ca56d29683957ff9bb58c92dce6fc16622ba854c0b9f797837f 1424e824c303648962f9d360d4369f9095e9ef8c28b7fabf56925cc6edd2cbd8
SERVER_HANDSHAKE_TRAFFIC_SECRET 5c20208f0fe5a9918fc27ee482bd4f281a1d23f6a71a50a89a4ed743436b9da0 e5c13c3abff6ebc7e972ad87f7b292df09cd183bbaf4b6db6b251bcc809dc0e0
CLIENT_HANDSHAKE_TRAFFIC_SECRET 5c20208f0fe5a9918fc27ee482bd4f281a1d23f6a71a50a89a4ed743436b9da0 f5151fa565f53fd6f46b414053fcc5f13bc832147f560a6294f4c14f499298f2
SERVER_TRAFFIC_SECRET_0 5c20208f0fe5a9918fc27ee482bd4f281a1d23f6a71a50a89a4ed743436b9da0 94f8f6acd9c2bcc975f926a445b608ce184147574a641beeefc1a526ab411265
SERVER_HANDSHAKE_TRAFFIC_SECRET 515bd167567b6f5fed1ff77dad5c487e929fba8cca4cc463b9d36b39a4e8cfca 2dc9a27f0dfd99964ddafe9f794aea680451149707cd62537f0b6f3de80d39aa
CLIENT_HANDSHAKE_TRAFFIC_SECRET 515bd167567b6f5fed1ff77dad5c487e929fba8cca4cc463b9d36b39a4e8cfca 78ed4d27462de14f3c034a357d5104fbd50a660fda94e8eb44f1479467d7f07c
SERVER_TRAFFIC_SECRET_0 515bd167567b6f5fed1ff77dad5c487e929fba8cca4cc463b9d36b39a4e8cfca 5a34149fbe0ddfbbf80bcc47f65c552fb668fee3140676902b591ca29ebba841
SERVER_HANDSHAKE_TRAFFIC_SECRET 9a649bd7f78f8a472badde1132896c91acf49b315e592bf51f7b519edd3a5fd4 b6e629de37c104b1cecc4ca58f4b4c2350b92fa4b157d43a2b48457041e3a9a7
CLIENT_HANDSHAKE_TRAFFIC_SECRET 9a649bd7f78f8a472badde1132896c91acf49b315e592bf51f7b519edd3a5fd4 05a129808a1e18ef86cd83adad3bf76d2c36a79aafbf2dc831d8eebe6cc49668
SERVER_TRAFFIC_SECRET_0 9a649bd7f78f8a472badde1132896c91acf49b315e592bf51f7b519edd3a5fd4 c55bba9cfe5e332a8cb30cf31a907107eea1dbc241bb27f63f68ddcd3bc06cf7
SERVER_HANDSHAKE_TRAFFIC_SECRET ec227ab5d506e91341bdeb6f2654194e2e2b1c420289cff6b4da08abd6098c66 8413fe7df6604b0a28e213f947053c9159426c96827119763236a2fa8ecfea7a
CLIENT_HANDSHAKE_TRAFFIC_SECRET ec227ab5d506e91341bdeb6f2654194e2e2b1c420289cff6b4da08abd6098c66 2a355fc3a56e54fbd5174e34790d1df7e36c9b4a5ed4d589d0ec5f7726260634
SERVER_TRAFFIC_SECRET_0 ec227ab5d506e91341bdeb6f2654194e2e2b1c420289cff6b4da08abd6098c66 54bbc643051228f605775ddbc7235b0d8eaff392ccdb4845637b2ed857795a95
SERVER_HANDSHAKE_TRAFFIC_SECRET 1c1e9e7196a25fb11e667b85ecefce0a604ee5ca9dbc68ad26dc0eafeea9844f 058b82a3cfcfc15eee5f5b777c9a3b7885859ebf3f52bc21abb5fdb7b73c228e
CLIENT_HANDSHAKE_TRAFFIC_SECRET 1c1e9e7196a25fb11e667b85ecefce0a604ee5ca9dbc68ad26dc0eafeea9844f ac1d715f0a773c51f758fc54eb64d15792d3d3e9be286b81089610a9df310ae3
SERVER_TRAFFIC_SECRET_0 1c1e9e7196a25fb11e667b85ecefce0a604ee5ca9dbc68ad26dc0eafeea9844f bb78734ad32843d0de6335a17a210fbbaefdf241220fac27f0a07805f060352f
SERVER_HANDSHAKE_TRAFFIC_SECRET b453abc1e38f1b0679da3bfa94760a677ac115dd3bdd755dff016f5d66bc0bac 5ce15ae1c215f864ba9c3658908c24894412a62c8f18c8bffe5356edd7462e1b
CLIENT_HANDSHAKE_TRAFFIC_SECRET b453abc1e38f1b0679da3bfa94760a677ac115dd3bdd755dff016f5d66bc0bac 4b915c83912a93cc79c2f849058ba2fe533c7ab1f26177c4f2c66f81570465bd
SERVER_TRAFFIC_SECRET_0 b453abc1e38f1b0679da3bfa94760a677ac115dd3bdd755dff016f5d66bc0bac 2c653778c9de6ba4aa0363e72ed9f49c152c1fd43a4e9f734a318bea37e2f9ca
SERVER_HANDSHAKE_TRAFFIC_SECRET e7a4665b8a7429ef19bfa43486e339339cbd550b59755c20fd0f3d8b43469ec5 a2e51811281f540a3ac4940a2ff402348b32e33c947d8e29f63c91ae6f9d39e5
CLIENT_HANDSHAKE_TRAFFIC_SECRET e7a4665b8a7429ef19bfa43486e339339cbd550b59755c20fd0f3d8b43469ec5 3c1f800e2e52979866fb1dad068ee8ecb4d19db8a18944f5b72a58cd2734699f
SERVER_TRAFFIC_SECRET_0 e7a4665b8a7429ef19bfa43486e339339cbd550b59755c20fd0f3d8b43469ec5 986bd1ad4fcbd700b2b651d5b3f259c28242b4ce1c823f8d70839a7950e94737
SERVER_HANDSHAKE_TRAFFIC_SECRET d564ca6e9dc0c817d568223ad68008b11c1b5cca0a591d30e0a8e82da4d4261d f7f990ba1722240d224f2b01e2d7df826d28a12ece65c79b64b0dc4aa8b226fb
CLIENT_HANDSHAKE_TRAFFIC_SECRET d564ca6e9dc0c817d568223ad68008b11c1b5cca0a591d30e0a8e82da4d4261d 014b5e7145a1d407b32d1a3711cc624f3d29184b8e2bae5653dc94242209f3b5
SERVER_TRAFFIC_SECRET_0 d564ca6e9dc0c817d568223ad68008b11c1b5cca0a591d30e0a8e82da4d4261d 33d3aadf7eadfb12b2056e39f6cf99263f50cf5c29eef192f47aeaeeff071ddc
SERVER_HANDSHAKE_TRAFFIC_SECRET c66798e2599462bc5d4c37ca08c5df434cd9a0911dc308465c86a90a7dc4cfda 4ff3968cb42bf58dcb881491c29481a112598b5c4334d7f7aa8f662f3b82bfd5
CLIENT_HANDSHAKE_TRAFFIC_SECRET c66798e2599462bc5d4c37ca08c5df434cd9a0911dc308465c86a90a7dc4cfda e56791e4e2447a7dc99326d54b04d7d5d2490192f22c8d3cefdf3738459e062e
SERVER_TRAFFIC_SECRET_0 c66798e2599462bc5d4c37ca08c5df434cd9a0911dc308465c86a90a7dc4cfda 9700c4911845b3f8bb41f29249660b942bf8bda47d1c0a1ca70c1fd12cb7e08d
SERVER_HANDSHAKE_TRAFFIC_SECRET 76f76c08ad129eb5fd4119313bcddbe534ecafb182592b3256b54e8ced0a8729 160af30b5b3ef58db1e87f8654b33962d01ce9f3bcf201877cabbf82ee78cd9d
CLIENT_HANDSHAKE_TRAFFIC_SECRET 76f76c08ad129eb5fd4119313bcddbe534ecafb182592b3256b54e8ced0a8729 86b2e88b43fb897f39ea9642068d4c410c15d99dddd97f100f636e880b65548b
SERVER_TRAFFIC_SECRET_0 76f76c08ad129eb5fd4119313bcddbe534ecafb182592b3256b54e8ced0a8729 53d7886375ed7c1d16bbca8845ea2b65dce0c835ab6dbd2bb199d61ec0ed4087
SERVER_HANDSHAKE_TRAFFIC_SECRET 17d665caef279f6f84789d2b1bfbae94f863d1b5a6d45d531ca901a3731c8cc9 63559b40e2e466fd2a2108c45d03064e9ac5efe24ae8ce2f1fbc76d206bb0331
CLIENT_HANDSHAKE_TRAFFIC_SECRET 17d665caef279f6f84789d2b1bfbae94f863d1b5a6d45d531ca901a3731c8cc9 44250c10a6b30239815a607066ceed13dd9ee0d72a2b6fe3786bb300d757d0b6
SERVER_TRAFFIC_SECRET_0 17d665caef279f6f84789d2b1bfbae94f863d1b5a6d45d531ca901a3731c8cc9 8ee90c2c633e2a65e74cffa7a70e7b9d5ca62cbc7c0717194f4c2e039b6f2f71
SERVER_HANDSHAKE_TRAFFIC_SECRET 85f86bf06e1c8997bad22bd4ee780ae7ce28026a2a3ec7005c172d9a2d9e0ac4 5eb8be26843b2796e8fe623d3e4ee04f7ae58cb7fe560767ae3af3a59bb30fa6
CLIENT_HANDSHAKE_TRAFFIC_SECRET 85f86bf06e1c8997bad22bd4ee780ae7ce28026a2a3ec7005c172d9a2d9e0ac4 55c4bf4a9566ca8e809a4aaad256e75a166ddafcd2aa22cad2c390b402159314
SERVER_TRAFFIC_SECRET_0 85f86bf06e1c8997bad22bd4ee780ae7ce28026a2a3ec7005c172d9a2d9e0ac4 7202190a4791eceb79c5f42b6006455e3c81245a4a7b8813d9095e54fd1135ff
SERVER_HANDSHAKE_TRAFFIC_SECRET 078a9b75c7ab1776e955d60f39d1dc3fd2943091d7befcf5180529b9592bb2be 52b39b27e821589cc73868f4666fbe3dbe217c200cfcf3c47cccc3c9370248d5
CLIENT_HANDSHAKE_TRAFFIC_SECRET 078a9b75c7ab1776e955d60f39d1dc3fd2943091d7befcf5180529b9592bb2be 4a1059c12fee855269477dd6dd371d6cbec5c8f742d44ed44321759fae6d550f
SERVER_TRAFFIC_SECRET_0 078a9b75c7ab1776e955d60f39d1dc3fd2943091d7befcf5180529b9592bb2be 8a24c854e710fc0786688cc9e1e833e054052a90e8cde3520408d3abf31297f9
SERVER_HANDSHAKE_TRAFFIC_SECRET 8b93798c2cc54053527843fdb139f915fb2d922d7421ed87cad2e2532a9fc9ec 6ca02253a916dfda15f5bb8d987a8852224560cfb17a0942b6076f3039920f29
CLIENT_HANDSHAKE_TRAFFIC_SECRET 8b93798c2cc54053527843fdb139f915fb2d922d7421ed87cad2e2532a9fc9ec f10a13d90c9a8c5cfbd931f590a5e7b6d077b2ece33a8a8674832f9333c38eab
SERVER_TRAFFIC_SECRET_0 8b93798c2cc54053527843fdb139f915fb2d922d7421ed87cad2e2532a9fc9ec 0e68e9121cdb7602a8ba5e33bffb3b54ddbc1222cc49928b5e79dc2a29bc0d12
SERVER_HANDSHAKE_TRAFFIC_SECRET 82fba0efc8f97a3cd8d84f4cc7a3fd2f98e2955ccbed1bc1a6786c5b66fd9dd1 528af5a0a1e6432f672b1bd789a9b92b5df5904a774073e1225109aa288a3bbf
CLIENT_HANDSHAKE_TRAFFIC_SECRET 82fba0efc8f97a3cd8d84f4cc7a3fd2f98e2955ccbed1bc1a6786c5b66fd9dd1 4d1b90208768c3e77fd7139705d1e827aa161731f897bb52a145fdd44be8d942
SERVER_TRAFFIC_SECRET_0 82fba0efc8f97a3cd8d84f4cc7a3fd2f98e2955ccbed1bc1a6786c5b66fd9dd1 b586df3257057e91ea0ff48b3cac56dfc3925f40b24df8bdbe4af52cecbd9b11
SERVER_HANDSHAKE_TRAFFIC_SECRET 74b00ce0fbc3fcea1ed1012c237ad7c26fe914be1ed0926c05a6420fe756af9c 860fcf9419f203a1b05cddb8ab9e7413ec64aed3e1a76db4206ba5c37aa8e8db
CLIENT_HANDSHAKE_TRAFFIC_SECRET 74b00ce0fbc3fcea1ed1012c237ad7c26fe914be1ed0926c05a6420fe756af9c 5763e92adb0d5489017056ae2e5d5de4472ef4ea483a49f055ba1dbedeaf0b8a
SERVER_TRAFFIC_SECRET_0 74b00ce0fbc3fcea1ed1012c237ad7c26fe914be1ed0926c05a6420fe756af9c db475eef1e1c88e1110c3d180738d100ea41452a98f5d634ab2039fbd3abc2e3
SERVER_HANDSHAKE_TRAFFIC_SECRET 5438ba212dbd8ea68a398dde909be0e84d4c5693deaad91ed7de5a6b779e5699 ab507bc0b8c12737978a967797ee4dbcceb0d693facbac10c80c591a19d5d674
CLIENT_HANDSHAKE_TRAFFIC_SECRET 5438ba212dbd8ea68a398dde909be0e84d4c5693deaad91ed7de5a6b779e5699 fe9e458f6f20d9781ca21b19f69177afc8af4c2721eb2f8002b5cb51e4c41ad4
SERVER_TRAFFIC_SECRET_0 5438ba212dbd8ea68a398dde909be0e84d4c5693deaad91ed7de5a6b779e5699 83da52194068c20c1aac557c550657073824557503b6ba0a9e021fd321104302
SERVER_HANDSHAKE_TRAFFIC_SECRET e73b978eed4bfe594b910f62ced91e21b982e2502f0fcf27bef2419048eca0bc 7ac85fe6a7e043caf74cf610c9ec6503c315e677962b9e71dbe1a1580e5053be
CLIENT_HANDSHAKE_TRAFFIC_SECRET e73b978eed4bfe594b910f62ced91e21b982e2502f0fcf27bef2419048eca0bc a09dd98e9da6661a3552d10ecfcd639b9382ed6b0f581ef5e9325cc5b9d60c34
SERVER_TRAFFIC_SECRET_0 e73b978eed4bfe594b910f62ced91e21b982e2502f0fcf27bef2419048eca0bc d6c4fbca9baac4440cb9d58dc8fc243e7e74b073b6063c634e8186876cd58523
SERVER_HANDSHAKE_TRAFFIC_SECRET e229af18aaa590949d87155d2c70740d0d4f70dcab530ee03a68bf878c743922 c35d84066dd7e0c304387c6f9c1de2158f3f089611f936a4801941a3cea7aaeb
CLIENT_HANDSHAKE_TRAFFIC_SECRET e229af18aaa590949d87155d2c70740d0d4f70dcab530ee03a68bf878c743922 817df296a2d8f1c5a387c3ce15d15eeb03f2f8e07ec35e8981f092d089f7818e
SERVER_TRAFFIC_SECRET_0 e229af18aaa590949d87155d2c70740d0d4f70dcab530ee03a68bf878c743922 171c23f5d76c667aaa9dfdfdd2c3cf8513d99163c082f825582d47dc83366db7
SERVER_HANDSHAKE_TRAFFIC_SECRET 63b298e84332189d80ad5365264ab1f778b5d1e986ece0b40c06e272edd13a8a b064e0ebed6cb367e59d8ec5f2e5a71d627698f49322d7d6857b90930e7ba58a
CLIENT_HANDSHAKE_TRAFFIC_SECRET 63b298e84332189d80ad5365264ab1f778b5d1e986ece0b40c06e272edd13a8a 0d452ae35a834d59fc9513af9749661d5091b5ffed2bb63914635f4f721f0f87
SERVER_TRAFFIC_SECRET_0 63b298e84332189d80ad5365264ab1f778b5d1e986ece0b40c06e272edd13a8a 0c5e9086378a4877b318e2bc80d0c6ebb2c589b65e92efab6f92ec3522139e7e
SERVER_HANDSHAKE_TRAFFIC_SECRET 030e404037b65e3a2e05fe213af6ea21d4318baad98983941e875ae1fa6f51b3 288137babc740f2921531ed8ae9b99407cd0a60fe14840ad3910a03a7288980b
CLIENT_HANDSHAKE_TRAFFIC_SECRET 030e404037b65e3a2e05fe213af6ea21d4318baad98983941e875ae1fa6f51b3 0ca09053b7f202bb7b433cd797714282a146e7598fb8c4cdabbd5566302af3a7
SERVER_TRAFFIC_SECRET_0 030e404037b65e3a2e05fe213af6ea21d4318baad98983941e875ae1fa6f51b3 47487770710b3e3da3bffd26c11927883a66581d37d9255542291cfae843f5bc
SERVER_HANDSHAKE_TRAFFIC_SECRET a46baf4cf207546d3e186d0d64211ffaf32d628b2b7ae996054059ddbdc5d4dc f4ff8932e13a7147635b15542eea0198a585f9e35e9ae4a779a672d4240b42e9
CLIENT_HANDSHAKE_TRAFFIC_SECRET a46baf4cf207546d3e186d0d64211ffaf32d628b2b7ae996054059ddbdc5d4dc a217418c717c1bee1f7b56f3d5322c18b7333ff911be067ced50a7337723bb19
SERVER_TRAFFIC_SECRET_0 a46baf4cf207546d3e186d0d64211ffaf32d628b2b7ae996054059ddbdc5d4dc 8dc3f359679c93fde22009bf4b9212d3abafd17300265c137b15d288a7a224da
SERVER_HANDSHAKE_TRAFFIC_SECRET b43e544cfb8d337d93e2cc0bf70109c5830ac59d92a360bbd8718638c54bfed8 ccc28ee41f5d7cb7ddb71d7ed26ce11cb988804a8a21c084aeb09bc9a2fb913a
CLIENT_HANDSHAKE_TRAFFIC_SECRET b43e544cfb8d337d93e2cc0bf70109c5830ac59d92a360bbd8718638c54bfed8 f478ab295863ea8c74e62495f11d1486def57ceb7748c96cdcee6d48df222b55
SERVER_TRAFFIC_SECRET_0 b43e544cfb8d337d93e2cc0bf70109c5830ac59d92a360bbd8718638c54bfed8 7f7806d2f165dc335bf41f4f76be69e46c1a220dc6ce7fe910ad722f07aafbd6
SERVER_HANDSHAKE_TRAFFIC_SECRET b4ec8bc0ea35aae908c6525dda6c6d88772a77396cdc6147076746b7ffa9464d 2178b371bea091ec4e132bc0e6c15eb8d38558f05bce7e9b582e44c04e9f8cf0
CLIENT_HANDSHAKE_TRAFFIC_SECRET b4ec8bc0ea35aae908c6525dda6c6d88772a77396cdc6147076746b7ffa9464d d41deff9f34ca34df7f0c3ce4379eed6b27b9f2ab0f1e0c48872365fe9bd1121
SERVER_TRAFFIC_SECRET_0 b4ec8bc0ea35aae908c6525dda6c6d88772a77396cdc6147076746b7ffa9464d fefd802a788cd912b36b56cabe2e69d300f3c6ed11c2715ce3fa55ea168bae22
SERVER_HANDSHAKE_TRAFFIC_SECRET 58056a6dd55ad77d299201183e864a2288e3881dff5421d8d101202b9b771513 bcd44425f6a945547a57d02fdcac77523796c7f1ef11964056e71dc0414c3057
CLIENT_HANDSHAKE_TRAFFIC_SECRET 58056a6dd55ad77d299201183e864a2288e3881dff5421d8d101202b9b771513 40a91203934390a264cbcb483d3e67806ff92f4debbe2db75c27131418969154
SERVER_TRAFFIC_SECRET_0 58056a6dd55ad77d299201183e864a2288e3881dff5421d8d101202b9b771513 d533885f9017fdc6eee11a51c38139effdfd1af969de8eb1426b4829e818eb0e
SERVER_HANDSHAKE_TRAFFIC_SECRET 4dd3936133dba0672bb36f3ff875287444d8c087370a2084ed98e7a89ce14578 798d5688070547ed86e40afa20b975df1168893e27f43a397dea33029cea0115
CLIENT_HANDSHAKE_TRAFFIC_SECRET 4dd3936133dba0672bb36f3ff875287444d8c087370a2084ed98e7a89ce14578 0b373ab2b3e780e62cd1f9ce3016950c6213d9cac50d6761dbe3994ee895e906
SERVER_TRAFFIC_SECRET_0 4dd3936133dba0672bb36f3ff875287444d8c087370a2084ed98e7a89ce14578 aef7866dcd21019a9f3334c4b4688a15ac2c28222b025e4384ee28c3eda80b63
SERVER_HANDSHAKE_TRAFFIC_SECRET e3e86d8c8ce8487e1b37991f0ec3059edef06ae881436969e7b861c26e9b6ba5 841b6132056ef12c96a85bbfef7e606a15356223678ccc45058e2d027a6c8592
CLIENT_HANDSHAKE_TRAFFIC_SECRET e3e86d8c8ce8487e1b37991f0ec3059edef06ae881436969e7b861c26e9b6ba5 793945b30b876f0fad5082ba258cf192e9591704d139f39d830551e037e54834
SERVER_TRAFFIC_SECRET_0 e3e86d8c8ce8487e1b37991f0ec3059edef06ae881436969e7b861c26e9b6ba5 9a8eedfd97b867418d0421473a6ec2d08eb03cde3f3336e47992e8899c788180
SERVER_HANDSHAKE_TRAFFIC_SECRET 26b98fd8192e82f1ecd4b37bff16abda8d5d782649b8582e51c2bea200acf07b eeff49018bf2b789c2dec313a870035ad04b616774ec8d1f5af877c756cd8750
CLIENT_HANDSHAKE_TRAFFIC_SECRET 26b98fd8192e82f1ecd4b37bff16abda8d5d782649b8582e51c2bea200acf07b d2678217bb416493db6eff71f4ce7491852bde4d80a2ca38054d00ff4277880c
SERVER_TRAFFIC_SECRET_0 26b98fd8192e82f1ecd4b37bff16abda8d5d782649b8582e51c2bea200acf07b ab8fbe822c93992e2688f88aa2b093904cbf536326c5a438c6ed81a7f1c4b771
SERVER_HANDSHAKE_TRAFFIC_SECRET 5b7790a57aa1b59df06214ede71c28509e05cb0b694bdfbb81d4e51a75f44665 295e07d4051b7b721bdaf8a872c6d1a5eac365b9cd9db20fdd7dcc7db46e1c10
CLIENT_HANDSHAKE_TRAFFIC_SECRET 5b7790a57aa1b59df06214ede71c28509e05cb0b694bdfbb81d4e51a75f44665 f0e9abe047da836d631e2f0eb63f149479d90304edd05a2673140f02769db14c
SERVER_TRAFFIC_SECRET_0 5b7790a57aa1b59df06214ede71c28509e05cb0b694bdfbb81d4e51a75f44665 154973046c1688f441dd7c316a8942dce31d18cb819f5cc3a330e93117641fa6
SERVER_HANDSHAKE_TRAFFIC_SECRET 9c468b76310dfa98bc00b452e67859b7814e94bee5914b9f89db0a27a2e74083 989a1824733b4c4133c2c0764c93c0ee8893a6cd0f0e24869ddae8875c1a8eec
CLIENT_HANDSHAKE_TRAFFIC_SECRET 9c468b76310dfa98bc00b452e67859b7814e94bee5914b9f89db0a27a2e74083 eb6e830e18b7be33f16f943b8a2419e641c453a04578e34c5c8be39bb3a1615a
SERVER_TRAFFIC_SECRET_0 9c468b76310dfa98bc00b452e67859b7814e94bee5914b9f89db0a27a2e74083 5fb24a318534c25d893228c5505c7aa3721c154c52d10551cc64508af8ea7f7f
SERVER_HANDSHAKE_TRAFFIC_SECRET f949157e36444b2f1ceeab2beba27687bc117a3deb955fa2bd5dc3205f67e22f 9141cad3d54b207ef13d0784bd830949e1cf42bff92888a07f9f161b4ff30943
CLIENT_HANDSHAKE_TRAFFIC_SECRET f949157e36444b2f1ceeab2beba27687bc117a3deb955fa2bd5dc3205f67e22f ed64611d5be62a2dfeddc25ebbc07618f5927f064e71965674f8f026a757f03b
SERVER_TRAFFIC_SECRET_0 f949157e36444b2f1ceeab2beba27687bc117a3deb955fa2bd5dc3205f67e22f d9c0e4128febc01e09600683c8c7c394918a7ba7b95838bebf6c06f090bd79f4
SERVER_HANDSHAKE_TRAFFIC_SECRET cd513ee44f4b2df8d249ef593aed0b49f099bdb3b02b1c70c62668b836a3dc9b 64b246b28b6289da0be32b83e25193c1d092b3762f6d04e5fedc365ef8c2047f
CLIENT_HANDSHAKE_TRAFFIC_SECRET cd513ee44f4b2df8d249ef593aed0b49f099bdb3b02b1c70c62668b836a3dc9b bfe790c4977292301f8b11d107067a6cbb3ab333e5006c68db8867c889b6166a
SERVER_TRAFFIC_SECRET_0 cd513ee44f4b2df8d249ef593aed0b49f099bdb3b02b1c70c62668b836a3dc9b cc8f4638c332885a01e2ce2fc5a4fc22c1084ceab040420e1902f411fed96a63
SERVER_HANDSHAKE_TRAFFIC_SECRET c68192dbfc77a4907fe57e82f42c9b3841e80b0ec15969ea7c64248e19cff7f7 2fa9cafc13f509bdf5ed901ea9f7f904834f81f42aa4008849e9c2f8f94d890b
CLIENT_HANDSHAKE_TRAFFIC_SECRET c68192dbfc77a4907fe57e82f42c9b3841e80b0ec15969ea7c64248e19cff7f7 ae9d57b274e17ee7e1d620a603e98996791415b265042e82a8ab930a1ddcc0bf
SERVER_TRAFFIC_SECRET_0 c68192dbfc77a4907fe57e82f42c9b3841e80b0ec15969ea7c64248e19cff7f7 667dd11cfe059da8ab68506eff2bcba8bc0893f88cd3778bcc206889008b5991
SERVER_HANDSHAKE_TRAFFIC_SECRET 449396d051682defef61d7f6ea74823afe377d56a8f64cce335269776688ccfb 12a3e9367a5ba7ca7f2285c869b250b19a7ecc79478c9986358bf4f36eccc9b5
CLIENT_HANDSHAKE_TRAFFIC_SECRET 449396d051682defef61d7f6ea74823afe377d56a8f64cce335269776688ccfb d3d2c42d5281589eb297c0350b3e208dc59b3732ce33bd390771a175c6324b43
SERVER_TRAFFIC_SECRET_0 449396d051682defef61d7f6ea74823afe377d56a8f64cce335269776688ccfb 59b2dcc04215b01bfac40ef943c29ab4287a9dc6aedf676704c1002a5f4a085b
SERVER_HANDSHAKE_TRAFFIC_SECRET 8a519eab662399646fa52907617b9b707b7cecab0d8b603034bda94d0e0842b1 446600f35e29721847bab55f64a00762720ea17855ba42666fbe71afd4f6f1b6
CLIENT_HANDSHAKE_TRAFFIC_SECRET 8a519eab662399646fa52907617b9b707b7cecab0d8b603034bda94d0e0842b1 f8efb76023f333f75795a144cf114fb4c351140d0e4cf7e3171bb5eb97389e2b
SERVER_TRAFFIC_SECRET_0 8a519eab662399646fa52907617b9b707b7cecab0d8b603034bda94d0e0842b1 929edbdf75427fbec7487112d8fd79e6a9f4d39bc4348194dadf95c3f218f455
SERVER_HANDSHAKE_TRAFFIC_SECRET 7d259d7d4e8c3500d1623c2836c35e82b96af3894b261a4dbe9510fdc4d99ca1 c044a876714c74da69cac566d52ee313432eb8001dbd8f338a0e78cf526118d6
CLIENT_HANDSHAKE_TRAFFIC_SECRET 7d259d7d4e8c3500d1623c2836c35e82b96af3894b261a4dbe9510fdc4d99ca1 e87f3fca681a3429a4600b03233046d0ed403bc00224fc6d50aa24f7bb8bf6f0
SERVER_TRAFFIC_SECRET_0 7d259d7d4e8c3500d1623c2836c35e82b96af3894b261a4dbe9510fdc4d99ca1 2264db2224c131b32219970db8e83df006acec0d0a50568e3eefcb0ca5b51ea8
SERVER_HANDSHAKE_TRAFFIC_SECRET 8176d9abd9bc0e2ba15628546667df9750054a7c621c1dd4451e270769de05f9 47a55e4bf91af84395a3b574e75e35e08023c9ffac341851b941e68e80b4a19f
CLIENT_HANDSHAKE_TRAFFIC_SECRET 8176d9abd9bc0e2ba15628546667df9750054a7c621c1dd4451e270769de05f9 3077c4c0006bca49e371e3974ec71bde94426cd40d3932cabc955e7bbbea2fab
SERVER_TRAFFIC_SECRET_0 8176d9abd9bc0e2ba15628546667df9750054a7c621c1dd4451e270769de05f9 94ffe3cdce3313aef7700408663cf27016c9b86e544291543064e4cd3e2aab62
SERVER_HANDSHAKE_TRAFFIC_SECRET fd17c53a01bdb6c1d89838accfb600ec0c7b76511873c4495677505e2fff1ef4 41adea711e65c45c26833036d1d6794f37950ea7f062ce0e4cec8ee3e9a4bbb2
CLIENT_HANDSHAKE_TRAFFIC_SECRET fd17c53a01bdb6c1d89838accfb600ec0c7b76511873c4495677505e2fff1ef4 b01c5e83978640eb2905395236c67435a7ea173c0c3e4f2d9b569f6e340bf275
SERVER_TRAFFIC_SECRET_0 fd17c53a01bdb6c1d89838accfb600ec0c7b76511873c4495677505e2fff1ef4 bcd2b798c92a9b2980efcb0374d3220e77753bdc7e28fbfe50a8d7f796b1185b
SERVER_HANDSHAKE_TRAFFIC_SECRET 51409446a2243ae49140fc81ddcb8ff37b9a1c20c62dfc0878a82c105326b02f 9845f71ae3935acaed33ce58a98285ad0d9583a822cdc4db6281ed036d9d8185
CLIENT_HANDSHAKE_TRAFFIC_SECRET 51409446a2243ae49140fc81ddcb8ff37b9a1c20c62dfc0878a82c105326b02f 48011b60adcdb608069bd75499edd8e7e62721dfbbded9354f940d8c09dacf62
SERVER_TRAFFIC_SECRET_0 51409446a2243ae49140fc81ddcb8ff37b9a1c20c62dfc0878a82c105326b02f f3bdda4301088b3604c758c578aaa9d54cb748d4336dbb4cd123564961b2edcc
SERVER_HANDSHAKE_TRAFFIC_SECRET 9e030bd7bb09112834db5163487a62477ffbec320b4b7c5dfe9a1c22fceefd26 28834310f9308f2f6902d23245f8ee90b9f6a578f1770559e02f65cb557e43b8
CLIENT_HANDSHAKE_TRAFFIC_SECRET 9e030bd7bb09112834db5163487a62477ffbec320b4b7c5dfe9a1c22fceefd26 6353410ada1ff1f39c73f3bc6d772c7a5bd6ada0278f92274aaa08557250c04b
SERVER_TRAFFIC_SECRET_0 9e030bd7bb09112834db5163487a62477ffbec320b4b7c5dfe9a1c22fceefd26 31a8837b1bc83cbfa5dd703bc08ea8621dd01b39397b03c9df73168a44a7f7c6
SERVER_HANDSHAKE_TRAFFIC_SECRET 29de1052018023784ecbfd78ac798e9f8434d03725c2d49bcf2d713f164e1a0a 79c7e079fbf71670b3f780b278579739de06cc14429de71374b32bdb0921d887
CLIENT_HANDSHAKE_TRAFFIC_SECRET 29de1052018023784ecbfd78ac798e9f8434d03725c2d49bcf2d713f164e1a0a 75cf16ca4d8fcb1bdecf457c05e8d4383179822418a1dac5502497a5a95cb4e5
SERVER_TRAFFIC_SECRET_0 29de1052018023784ecbfd78ac798e9f8434d03725c2d49bcf2d713f164e1a0a 5226c1927078626696d54912c1cdd0fc4e823c67111ad40afade381a03452333
SERVER_HANDSHAKE_TRAFFIC_SECRET 3511a81642e975eb5e3902f53ce45c19fa24616ebb6527577fcc95ecc1abff9c 0414c4cb38dca39f59e051f788387b95b88bc536f5c233b68c7af3764dddb838
CLIENT_HANDSHAKE_TRAFFIC_SECRET 3511a81642e975eb5e3902f53ce45c19fa24616ebb6527577fcc95ecc1abff9c 659337625f0ad4b553cbb1f6208ecbc4581f95dcc17ae7f961e849ca6c5bd5e8
SERVER_TRAFFIC_SECRET_0 3511a81642e975eb5e3902f53ce45c19fa24616ebb6527577fcc95ecc1abff9c e47715ec3ff03421db6f249f61d28fb8bf88100ac7a1219b9a9ad81cccba73f1
SERVER_HANDSHAKE_TRAFFIC_SECRET 7b1dcc68daad675374ddb80030266a14477db1dd9f991d0f87cdc0a721abf478 579ee320c5d9524c40b710f2f8f3251a78de17287a0d48ce0f251666aa95a694
CLIENT_HANDSHAKE_TRAFFIC_SECRET 7b1dcc68daad675374ddb80030266a14477db1dd9f991d0f87cdc0a721abf478 286e3dd57b8e9e6fc85a03da726b9ce861f6d1df6cf97cd1be326ea926dfa232
SERVER_TRAFFIC_SECRET_0 7b1dcc68daad675374ddb80030266a14477db1dd9f991d0f87cdc0a721abf478 3b08b00abcbc958ebcdc0490723ba85c3308ad97beb2af07760ef719d98a432f
SERVER_HANDSHAKE_TRAFFIC_SECRET cd9ce4246ae01e33a05c4f56cac8e550b6d548c59f0245ef3bf58b98b72831ea 53ec5da6a96120637b290191666836968374589387ad1f33a88dbc1b93b719da
CLIENT_HANDSHAKE_TRAFFIC_SECRET cd9ce4246ae01e33a05c4f56cac8e550b6d548c59f0245ef3bf58b98b72831ea 814686449ae505d685b9331ad3114263720184f53856f3dde113344ef712ef63
SERVER_TRAFFIC_SECRET_0 cd9ce4246ae01e33a05c4f56cac8e550b6d548c59f0245ef3bf58b98b72831ea a21220a66f5f82674d30b74edb0c54208e5a6c42725cfcb4e23f7d74ffbc2a7f
SERVER_HANDSHAKE_TRAFFIC_SECRET a7fc4d8d8e91da9005a969cbcddf3f540eb5843d63cf006f2f82d06dec2bdd50 c45afdc30581b2b78559a99251ccb6edc7eb5310c578a34ca778ee0a68dfa1ca
CLIENT_HANDSHAKE_TRAFFIC_SECRET a7fc4d8d8e91da9005a969cbcddf3f540eb5843d63cf006f2f82d06dec2bdd50 fd6c7df53878a39d8bc4a27f2c355ceac8ee12259910b45a35d0a7b8c7bb86b3
SERVER_TRAFFIC_SECRET_0 a7fc4d8d8e91da9005a969cbcddf3f540eb5843d63cf006f2f82d06dec2bdd50 6e3074266fabb6585d307fc7cb36e27298270730442b1103d10d021be2cdb664
SERVER_HANDSHAKE_TRAFFIC_SECRET 056fedf3a2a4930f6fbb56aaa6d055e38c3b4fa4f23e984abedfc5b1d975b82f e8393a252f8f433a3c59a6c594343c2798fcd5e19aa574d0e277bb11bb364229
CLIENT_HANDSHAKE_TRAFFIC_SECRET 056fedf3a2a4930f6fbb56aaa6d055e38c3b4fa4f23e984abedfc5b1d975b82f 88bfd58c7ac5c4c3d6b456e8b472a9e326eed2f924b76c36aa3e413b08e47ccb
SERVER_TRAFFIC_SECRET_0 056fedf3a2a4930f6fbb56aaa6d055e38c3b4fa4f23e984abedfc5b1d975b82f 7a2b392aaef5e0e4e6970d7fce024ac54e3a1a872384811d3639033bdefa1c7e
SERVER_HANDSHAKE_TRAFFIC_SECRET 2ef4e196ca666ede5a4a16f4c8de1957e68168ad9488fc8021bbc1b76c56e961 abd4f5cfbd14faec0408c9c1451208210c8066981a6d95461d4f0aef373aa7cc
CLIENT_HANDSHAKE_TRAFFIC_SECRET 2ef4e196ca666ede5a4a16f4c8de1957e68168ad9488fc8021bbc1b76c56e961 270b4dc428b1b750a377db272c63bcd10f644740ad0579a3d611f62b893215f3
SERVER_TRAFFIC_SECRET_0 2ef4e196ca666ede5a4a16f4c8de1957e68168ad9488fc8021bbc1b76c56e961 71bac809356ba610598b0c52ba6102cf097950ac418cf3fcf68b2c2faf0f7558
SERVER_HANDSHAKE_TRAFFIC_SECRET ee00257f553342001d6ebee156218c5adb9a147d74d9084c80e6f81d5e241ad1 d7667431883bf79c06d399a5d12f2caf16a0479ef57aae71a6ec5eb934624e70
CLIENT_HANDSHAKE_TRAFFIC_SECRET ee00257f553342001d6ebee156218c5adb9a147d74d9084c80e6f81d5e241ad1 6d239a4dbed1556b3c66ab4b82c253298c148054e6248cde7899589788e8e800
SERVER_TRAFFIC_SECRET_0 ee00257f553342001d6ebee156218c5adb9a147d74d9084c80e6f81d5e241ad1 b5abcb1c1081e5f2f05f453d5462a1f19c45ea1cd1fdf70c005f250df5c15bdf
SERVER_HANDSHAKE_TRAFFIC_SECRET ac5f4d5c1bca03ad5b4f0f1c05b5c53ff6f5528a8aae5fc345a75c9585f6eb46 9dc01fcb3105e34e9933ff8a840df2d11108c2eedbe4d999efd89b9341109bc0
CLIENT_HANDSHAKE_TRAFFIC_SECRET ac5f4d5c1bca03ad5b4f0f1c05b5c53ff6f5528a8aae5fc345a75c9585f6eb46 8ffef4ef2f33ed167d51f440eb021e4eabb48206ffb7200cb02b617858db4bc3
SERVER_TRAFFIC_SECRET_0 ac5f4d5c1bca03ad5b4f0f1c05b5c53ff6f5528a8aae5fc345a75c9585f6eb46 955e7c0fb9a4e373388a70d9ce9ca32ca85aa7035a9f2c2378b14025e63a47a4
SERVER_HANDSHAKE_TRAFFIC_SECRET b62fc336b3f11ddbe5234619672ad9a2e5491d4ad491f47d67399cb65e8dd70e 90a119a79097ca5f1e1b976a0b57f36b28b1a444b9bafc37d628ebfa1f19635f
CLIENT_HANDSHAKE_TRAFFIC_SECRET b62fc336b3f11ddbe5234619672ad9a2e5491d4ad491f47d67399cb65e8dd70e 551c1df48ff78eb64d4eded9f0e1cca9603f7eaaf20ad093260eca5f46a8a2db
SERVER_TRAFFIC_SECRET_0 b62fc336b3f11ddbe5234619672ad9a2e5491d4ad491f47d67399cb65e8dd70e abe95e7301af8d4328acc6e079ddca3ceecbe9f4cc8b913d6496d1403509f813
SERVER_HANDSHAKE_TRAFFIC_SECRET bb31791561530ee20c1952c33037a5ca84389ed7c1b663008d29eeaaa33677f7 96bb806b02183a21aedd2409b0e6925ad30c7ec9f973e3a391557158389db9e5
CLIENT_HANDSHAKE_TRAFFIC_SECRET bb31791561530ee20c1952c33037a5ca84389ed7c1b663008d29eeaaa33677f7 e8d8f29590883030544f4add6772090df82edaf41bca3b39f92897e7fb91094b
SERVER_TRAFFIC_SECRET_0 bb31791561530ee20c1952c33037a5ca84389ed7c1b663008d29eeaaa33677f7 a2336f00bcc558be8e691a1c7015a78bc88ee7bef90690e73de2c90a1ce05fbd
SERVER_HANDSHAKE_TRAFFIC_SECRET d4c59c0165ac04e1823954643d0503fa4e2da8d9312f2e180d580aa2181286ed f3cceae87b429a91151085f0f603925739f24caa98ca43e7cea5f9eb6d47fd28
CLIENT_HANDSHAKE_TRAFFIC_SECRET d4c59c0165ac04e1823954643d0503fa4e2da8d9312f2e180d580aa2181286ed 8b863657527c16b8f0845ada42ce49ffb67cc1f230ab55b06eb9a296033d1e33
SERVER_TRAFFIC_SECRET_0 d4c59c0165ac04e1823954643d0503fa4e2da8d9312f2e180d580aa2181286ed e735a685d8e374ce801dd67666d9d24a2cbb16b88592a4fcfab9ccd77eab84b9
SERVER_HANDSHAKE_TRAFFIC_SECRET 900323325aca9ecfbd898900b6052c17c6e3c30893e37e373cc48baf56e8c533 60845081cd9b2617ccf6cb5baca6ec8a6a43f1c646563b70758206475a3b461e
CLIENT_HANDSHAKE_TRAFFIC_SECRET 900323325aca9ecfbd898900b6052c17c6e3c30893e37e373cc48baf56e8c533 ef7e3f1f5e4927e9da9fb61b3c9bde6ccc60da363ba12d7ae99cb13b09ca0790
SERVER_TRAFFIC_SECRET_0 900323325aca9ecfbd898900b6052c17c6e3c30893e37e373cc48baf56e8c533 90bcb9323c5cad9be4be28206744fc319cdc4c07ce269588be0ef15d396df843
SERVER_HANDSHAKE_TRAFFIC_SECRET 3acce0cca043602786ee4d78b1d0943135e8a9aa4431a634112267bd00b9783a f1564423d5f885b33b12705d073ddb6477d6e8c23228d364064e1223e5de5345
CLIENT_HANDSHAKE_TRAFFIC_SECRET 3acce0cca043602786ee4d78b1d0943135e8a9aa4431a634112267bd00b9783a 758d8312fb8fc03045082bbf72a5516bce4018225ba1baf0edd7299eadc43d48
SERVER_TRAFFIC_SECRET_0 3acce0cca043602786ee4d78b1d0943135e8a9aa4431a634112267bd00b9783a d4175ac051ae6979fcdd65fe25aa21e6ea9cdea8d3d9efbd9bbe9f2928257df4
SERVER_HANDSHAKE_TRAFFIC_SECRET e05bdf1d5d924df6dd24854e07f234daedfd026a5de90baf467f226e7235660b 5f22233300cd141aaac987e1c85e72d7642747c0b4f16f2a1d323a0957293526
CLIENT_HANDSHAKE_TRAFFIC_SECRET e05bdf1d5d924df6dd24854e07f234daedfd026a5de90baf467f226e7235660b 66d1d50b767cc951ba52e94ddda83cfb323774ef4b327da8cd03427847d8fa85
SERVER_TRAFFIC_SECRET_0 e05bdf1d5d924df6dd24854e07f234daedfd026a5de90baf467f226e7235660b 25c77be9415a04edd0e9a89ec2226457cb977ea479e4544fd1c478ffaf9b7908
SERVER_HANDSHAKE_TRAFFIC_SECRET eec0c9cedbce4d7993a9720595df73bfacedbb8b8dc824ff290eccaa7f5ab505 7d4aa8f3a935e52e8c921c3381c058ede5e4c69d7036c9d4ef46fbf5b88eb054
CLIENT_HANDSHAKE_TRAFFIC_SECRET eec0c9cedbce4d7993a9720595df73bfacedbb8b8dc824ff290eccaa7f5ab505 61c16d8ce5d933c85890daba682f1ac45d316a88fc2d468c585c43f3b77acf1c
SERVER_TRAFFIC_SECRET_0 eec0c9cedbce4d7993a9720595df73bfacedbb8b8dc824ff290eccaa7f5ab505 8b22be9cb489f964b2a79ca1ce93501566d6d882757afd0ccba8b36fe36b9e69
SERVER_HANDSHAKE_TRAFFIC_SECRET dcfd3dd92e73a2d36ba280c9b55e1c8cacc384fec857824d6210b2d66e9654b7 895972ae3fd193acf30bb0aa282e171c67c503d3df3163537e60617a84ea028c
CLIENT_HANDSHAKE_TRAFFIC_SECRET dcfd3dd92e73a2d36ba280c9b55e1c8cacc384fec857824d6210b2d66e9654b7 a3d6901d98da07929adb1b9ae0a0431c1032a21a83d81ed0555d652a43ce6c69
SERVER_TRAFFIC_SECRET_0 dcfd3dd92e73a2d36ba280c9b55e1c8cacc384fec857824d6210b2d66e9654b7 5fc667181de1f4d8a57eee740037a08c6992b5faee833af259afa52fa36762be
SERVER_HANDSHAKE_TRAFFIC_SECRET 4fb9628398f7b4ff1311d32d1177c8d4db45b61fbeeb9859ae301f941922d9f5 8b29f6f924c7747b91ef29b8c06455ed6966c2eb38ed090c7fcc288bdd9c6e1f
CLIENT_HANDSHAKE_TRAFFIC_SECRET 4fb9628398f7b4ff1311d32d1177c8d4db45b61fbeeb9859ae301f941922d9f5 2c310abb261edb614828ad3c796742106f78c465de7603ebf0c3fb668f8c9abd
SERVER_TRAFFIC_SECRET_0 4fb9628398f7b4ff1311d32d1177c8d4db45b61fbeeb9859ae301f941922d9f5 eed72af7745602b552bfaca6363509b071e3a45fd1321d3895f1300d7e7059aa
SERVER_HANDSHAKE_TRAFFIC_SECRET 1d3bd85c9a24f456628ae6f852974c95bebd993ea2e56520172db40313a00e20 f4497e923da986a11180edbb4a9cad4d02026e9b79ab02e4d6e165bb3211a829
CLIENT_HANDSHAKE_TRAFFIC_SECRET 1d3bd85c9a24f456628ae6f852974c95bebd993ea2e56520172db40313a00e20 69e3c803cbc3a44be57e82f5509e7bf8693e0686041bca30c1bd3650610b309e
SERVER_TRAFFIC_SECRET_0 1d3bd85c9a24f456628ae6f852974c95bebd993ea2e56520172db40313a00e20 f8d0cd696347ca47476a409d7571bea729c22f3ed1a6987a5c8c61b188346fe5
SERVER_HANDSHAKE_TRAFFIC_SECRET 82016e19bf793c300542956ea72857da2ff76268e8d8b64fdc18aa9aaa146e9c 74f4f40fa2a4004c2a04246a8ffe283803d9f5252a217a4a7cdc0de46eec03fa
CLIENT_HANDSHAKE_TRAFFIC_SECRET 82016e19bf793c300542956ea72857da2ff76268e8d8b64fdc18aa9aaa146e9c 238ee2b16c580dd76345751d9ce7865777324aee8172c1175fe59289bdec3a10
SERVER_TRAFFIC_SECRET_0 82016e19bf793c300542956ea72857da2ff76268e8d8b64fdc18aa9aaa146e9c 0d2c336444090d21bad7afe3a838f6f3fd910ad45376bacf9bfc604ad590b6c1
SERVER_HANDSHAKE_TRAFFIC_SECRET a26b99db62937eac00ff53e67d171bce02a68c05197efa17c6c5ea6b23ffa1ef 5b567acb62d8434d735bf6b2c860e8397b584d9ab7b326d40d700446f9b3d470
CLIENT_HANDSHAKE_TRAFFIC_SECRET a26b99db62937eac00ff53e67d171bce02a68c05197efa17c6c5ea6b23ffa1ef 3a83c727f13cf72935b78122d9d5754c168f89cbac006c19700b74f6df4ffd18
SERVER_TRAFFIC_SECRET_0 a26b99db62937eac00ff53e67d171bce02a68c05197efa17c6c5ea6b23ffa1ef 576c61ada595cb4d86fc0d05a06d022f607455c58b2a56c49cb3e7b54f78680d
SERVER_HANDSHAKE_TRAFFIC_SECRET f31c50cfc7185829ea92674eaa368fc2121e8c7355424acb8cafa8eca1a598bd 5a197b4779be66cbd41bf751f333f883c836e4fe999353a5ca1ffc9e7c24850a
CLIENT_HANDSHAKE_TRAFFIC_SECRET f31c50cfc7185829ea92674eaa368fc2121e8c7355424acb8cafa8eca1a598bd 69785a8c64f157d3a136d6d98e123ba284c5606aa0ee0b6064420452b2cc1911
SERVER_TRAFFIC_SECRET_0 f31c50cfc7185829ea92674eaa368fc2121e8c7355424acb8cafa8eca1a598bd dedc17100a3a28566d471043b5d3876cfc75820f62c07ba71feb186f7e403179
SERVER_HANDSHAKE_TRAFFIC_SECRET 55314564147d81d248c9a488cd67a7cf8705109d60a568ccc3392f1849d29f1e 995cbb728a062fba77faf74cc7c48d41c43339d872421e3811d0ed5b0ab33479
CLIENT_HANDSHAKE_TRAFFIC_SECRET 55314564147d81d248c9a488cd67a7cf8705109d60a568ccc3392f1849d29f1e b8becfe76c41a41ee3c8dc40880754471a97c0726332f67b0e8a9244c4d1e6cd
SERVER_TRAFFIC_SECRET_0 55314564147d81d248c9a488cd67a7cf8705109d60a568ccc3392f1849d29f1e c0fa30c971af45a81c55fe5a75fd3d9501a85a0057239b6754f6f24051c409c2
SERVER_HANDSHAKE_TRAFFIC_SECRET 9a55a180f7f712eb55bdd133d010c71dd904128252de42db8d0a4e04567d771e 4ce31d7af596c21ccf5b8b0d176823a90f025793002b6d32248233fa7277ef69
CLIENT_HANDSHAKE_TRAFFIC_SECRET 9a55a180f7f712eb55bdd133d010c71dd904128252de42db8d0a4e04567d771e fe050df6882b6cb94f2b7e15670379154cfbd6d3ac6e6311b7364a72f18b857b
SERVER_TRAFFIC_SECRET_0 9a55a180f7f712eb55bdd133d010c71dd904128252de42db8d0a4e04567d771e 86eb6d02a8ffbe3e4a92e6f48f7191dd6ea4620020ebb8f157e18cd62f38c81e
SERVER_HANDSHAKE_TRAFFIC_SECRET 7ede42541fb0a2120b1ab8123dbf7d654327cff15d358951c8ac60a0ac16a4c9 5e2e34e18087553e8d94779116b1afc21e3493b20f09462e6e4aa8df22f3374a
CLIENT_HANDSHAKE_TRAFFIC_SECRET 7ede42541fb0a2120b1ab8123dbf7d654327cff15d358951c8ac60a0ac16a4c9 107af9f488901da6bbf85c2d25447fae5f3540d17c73f3a95c48e68687a6bb59
SERVER_TRAFFIC_SECRET_0 7ede42541fb0a2120b1ab8123dbf7d654327cff15d358951c8ac60a0ac16a4c9 04c9a572647cb7609038e888e4eacee8e2fc15f9c0e738133bba641d26b2332c
SERVER_HANDSHAKE_TRAFFIC_SECRET da9b87db31ff82ce76dd5a5c3dac2a89f1824b1652748b5d4d1f95ceb3bf3e28 bfb7f8edae1774add2f00f2de08ab6daa2f29512c9f823f301383fe5c69373f9
CLIENT_HANDSHAKE_TRAFFIC_SECRET da9b87db31ff82ce76dd5a5c3dac2a89f1824b1652748b5d4d1f95ceb3bf3e28 93f6c287df10f42cbb50d3984d024cc5242fc0510567fd0848c19cb402b542a1
SERVER_TRAFFIC_SECRET_0 da9b87db31ff82ce76dd5a5c3dac2a89f1824b1652748b5d4d1f95ceb3bf3e28 8cc9b0af528ee0af829a62afff2ce9c076b83488ae763c6609f078f3e4e3002f
SERVER_HANDSHAKE_TRAFFIC_SECRET 77b6aa5e13500350f5c80abb695b5258f405f0d75520115a9783f9e52531c84d 6add403b2d519dfb143843b8c813645b6d5cfe82dca3de04d85d2707bb8e1f65
CLIENT_HANDSHAKE_TRAFFIC_SECRET 77b6aa5e13500350f5c80abb695b5258f405f0d75520115a9783f9e52531c84d c4b4c401d947c97577a574e0a90faa6a537f1feed582873d76f7a38733f2c0de
SERVER_TRAFFIC_SECRET_0 77b6aa5e13500350f5c80abb695b5258f405f0d75520115a9783f9e52531c84d 80d6ecac4637e24440042807d7b5c10044f7cad95f1b0738109d4d8175ca6896
SERVER_HANDSHAKE_TRAFFIC_SECRET 0bcc44461e3368f76739669bad02ed2d447db1d128dd413cc8fa1ad94148270c af836d5f57bcce91c2a2b406973d07ab03644e644558114007dc55f8a171bfed
CLIENT_HANDSHAKE_TRAFFIC_SECRET 0bcc44461e3368f76739669bad02ed2d447db1d128dd413cc8fa1ad94148270c 4b01f69da1572d080aefde791ad2b2ff9b3e21baad1f27f4f1e73dc9bb17d07d
SERVER_TRAFFIC_SECRET_0 0bcc44461e3368f76739669bad02ed2d447db1d128dd413cc8fa1ad94148270c 68c8cda615fe91f91f93b308cc3dd00e051637351aa466d3853424e8b9f52b98
SERVER_HANDSHAKE_TRAFFIC_SECRET 26efe009ed156a08ac8cbb1d17076883df031acc7d619f69a019763dfb7db060 6ca6b7d0fe2d43cb6164a2906f0000b5279e7c88a3a7fd089875277cb93a20b8
CLIENT_HANDSHAKE_TRAFFIC_SECRET 26efe009ed156a08ac8cbb1d17076883df031acc7d619f69a019763dfb7db060 40c28b35141e2f7acee7f5c4a4cc77a8ad39b55a728d348d5df90b17d1a60056
SERVER_TRAFFIC_SECRET_0 26efe009ed156a08ac8cbb1d17076883df031acc7d619f69a019763dfb7db060 585dafc39be33c69c05aee609b27458682f2b8fbf8dfc45177c14e9453b0fcea
SERVER_HANDSHAKE_TRAFFIC_SECRET d9eb2ca68aa1fc6dcf8b498a4651cf6afd1e5df6f9ac85b9d5719a517324dba1 8590c5144d7ea2a41c6437671ea32488fc63593e97f1802b2670b8e020e32d03
CLIENT_HANDSHAKE_TRAFFIC_SECRET d9eb2ca68aa1fc6dcf8b498a4651cf6afd1e5df6f9ac85b9d5719a517324dba1 43009365a12d948d76eebfdc40341ac2738776d71a2eecf1577b377300491b3d
SERVER_TRAFFIC_SECRET_0 d9eb2ca68aa1fc6dcf8b498a4651cf6afd1e5df6f9ac85b9d5719a517324dba1 a755edcc5b7a72dbf49d60b327470bd5d56110db5dec8a2aa0180260bbd6021c
SERVER_HANDSHAKE_TRAFFIC_SECRET 92867c3b417beb2de059da72bf768786bf5ea767cb5f95a95441f848a097a46b f091a0cbef8dcf6242b72db4c0d10d93cb85f7b9de13aa1763e049b342161434
CLIENT_HANDSHAKE_TRAFFIC_SECRET 92867c3b417beb2de059da72bf768786bf5ea767cb5f95a95441f848a097a46b 7539c08a456b33fba86d792711a15cf8f5303b537adcf979a440532eabfdda1a
SERVER_TRAFFIC_SECRET_0 92867c3b417beb2de059da72bf768786bf5ea767cb5f95a95441f848a097a46b 770bb0e18f668c5ad102ee23149c7501cb7792e32bb31b112f096c9e49eb359d
SERVER_HANDSHAKE_TRAFFIC_SECRET f138ecbe7497f7547a2bc0e60f173d60366a069261a4df33d93cecd4ba5f0eaf 082e424defe8b43e97cf381628e7ef3391ed311b46bfddb7bb74850bef27f82e
CLIENT_HANDSHAKE_TRAFFIC_SECRET f138ecbe7497f7547a2bc0e60f173d60366a069261a4df33d93cecd4ba5f0eaf 10cdbe9addb36e864753020f490a28badbe4cbf1162911e819a43048820bbebb
SERVER_TRAFFIC_SECRET_0 f138ecbe7497f7547a2bc0e60f173d60366a069261a4df33d93cecd4ba5f0eaf 9b37b818b69123eeb78168d366ac9b530c8a06c183cbf2d05d9e1fd63c6a1fba
SERVER_HANDSHAKE_TRAFFIC_SECRET cfc5c506c921c75ab448df19cff5d1243dbb4e8f0a8f55612fc3018f89773458 52a9dc3b02a4c5db03912e68c8b9bdcbf06a203e61d635cfa9df6db2cbfdaa29
CLIENT_HANDSHAKE_TRAFFIC_SECRET cfc5c506c921c75ab448df19cff5d1243dbb4e8f0a8f55612fc3018f89773458 c4ee932f8d5637ebeb1449c8a51af9b57044295ee2338f95b7360ec021c9d705
SERVER_TRAFFIC_SECRET_0 cfc5c506c921c75ab448df19cff5d1243dbb4e8f0a8f55612fc3018f89773458 18a7b65179a1da0f2b36852545ebac1329f9c213c78be4eb4243582609c92d3a
SERVER_HANDSHAKE_TRAFFIC_SECRET 71ac38ad29550a1a3469ec8565c2237a2d9bbce5fd5560a51a05d6346d6ca856 a4f176f568b461b03567b4d1b820315f6d19bcb9a7f7c31351bdd4110aaf9804
CLIENT_HANDSHAKE_TRAFFIC_SECRET 71ac38ad29550a1a3469ec8565c2237a2d9bbce5fd5560a51a05d6346d6ca856 c8c005e263d0922ef3bbd7e079c800d31a40a5daba0427cbd45212e3628e605f
SERVER_TRAFFIC_SECRET_0 71ac38ad29550a1a3469ec8565c2237a2d9bbce5fd5560a51a05d6346d6ca856 c9e51dfafba6d8593d40128f0597b4fd034caeca502a1fc676b31b83dc89642c
SERVER_HANDSHAKE_TRAFFIC_SECRET 889144f6f0fe8f4cc56824a08a9e0b431ffb75f10f4224537ffe4cdffde3e410 4328d3b21012b4c0744bda1355a6856eae673c60594e4662f12ed330c9ca52f7
CLIENT_HANDSHAKE_TRAFFIC_SECRET 889144f6f0fe8f4cc56824a08a9e0b431ffb75f10f4224537ffe4cdffde3e410 0784bb5620585667e759f70a7ea8a7ad2ec040234f168caa51538e3e5177f0fc
SERVER_TRAFFIC_SECRET_0 889144f6f0fe8f4cc56824a08a9e0b431ffb75f10f4224537ffe4cdffde3e410 9109a229d6b9c88e6470b0d34e6e03ec3f17ea8164a80582ae9caf1a01dd719a
SERVER_HANDSHAKE_TRAFFIC_SECRET 998d7221a4bdbc32e25166ce8fb43b2ac3c56414edc27ffe67868de85a1c9b25 c33011163cf753716199c58caf41b4ea68483bb69547a1cceb966de987da3d01
CLIENT_HANDSHAKE_TRAFFIC_SECRET 998d7221a4bdbc32e25166ce8fb43b2ac3c56414edc27ffe67868de85a1c9b25 7e3e96993c8ccb9dc1472a51599ea3397b032c155a94b11e660800bb4cebbd50
SERVER_TRAFFIC_SECRET_0 998d7221a4bdbc32e25166ce8fb43b2ac3c56414edc27ffe67868de85a1c9b25 a356209b62320b594e4720902d226eb0bbead04f5fb2a05c02ae24856fa61c1a
SERVER_HANDSHAKE_TRAFFIC_SECRET 80dae013ec71bacbb97913f232bb3c3753831cd2bbe7f51fed7c260d5b364134 70e4f82982aa453ffb165e8d5ed382a5f78f6b09d28970324b6a73626f99bae9
CLIENT_HANDSHAKE_TRAFFIC_SECRET 80dae013ec71bacbb97913f232bb3c3753831cd2bbe7f51fed7c260d5b364134 4161ac2bda06fb3c979cfcf9b4a5108406f632b23b5a6984e83e2033732925d6
SERVER_TRAFFIC_SECRET_0 80dae013ec71bacbb97913f232bb3c3753831cd2bbe7f51fed7c260d5b364134 a5285cf4cfe467476dd036645af185369bf914efa75f08d2509551e0f4cfb4c4
SERVER_HANDSHAKE_TRAFFIC_SECRET 7c238fb2e672c0edb4c682f91979c06b9a49f3f7cee843e2f7831e6b95067f9d cb2af1adeaa9c2e04470985a6eb7a74946c595f7dfcdd55b1ee2e9e7106d95ca
CLIENT_HANDSHAKE_TRAFFIC_SECRET 7c238fb2e672c0edb4c682f91979c06b9a49f3f7cee843e2f7831e6b95067f9d 16d5d1a5126a9084dc4ed1d87e0d17eba411bb82ca191bf64d16d82510ea9c27
SERVER_TRAFFIC_SECRET_0 7c238fb2e672c0edb4c682f91979c06b9a49f3f7cee843e2f7831e6b95067f9d 445a401bc239ab8b3e369b15873a514ff624903b5593ee47d7a9c048e449d4f9
SERVER_HANDSHAKE_TRAFFIC_SECRET 99288c6e5995e1e674f20b5cca5554600ec24366483ce5dca6d515786d6da726 4c95a905a4ae420aeea7f7b7cfc9b6c6cd8727fde6024b06279983c7acf0aeda
CLIENT_HANDSHAKE_TRAFFIC_SECRET 99288c6e5995e1e674f20b5cca5554600ec24366483ce5dca6d515786d6da726 a70a4213c43b6132b145b3dc9fd849b63ab35c1d5058e5dd245b3e0990669636
SERVER_TRAFFIC_SECRET_0 99288c6e5995e1e674f20b5cca5554600ec24366483ce5dca6d515786d6da726 38b03aba159b98a15b6052705ba4abf8bc0c2823b75c34552ca5ef90b9a75880
SERVER_HANDSHAKE_TRAFFIC_SECRET 565b10ef64158b34cd71f0256d1c417e55a62d84826d06df1f973ead3b8c7deb f833e75d69a9a959e48163d330219c389688a40af6396d941e38b20886283c01
CLIENT_HANDSHAKE_TRAFFIC_SECRET 565b10ef64158b34cd71f0256d1c417e55a62d84826d06df1f973ead3b8c7deb c65bec11d9af947f6b944ff5bb5dd0de4b1031da51833aa6a9e4cbeaa8042690
SERVER_TRAFFIC_SECRET_0 565b10ef64158b34cd71f0256d1c417e55a62d84826d06df1f973ead3b8c7deb e8cb735bd3f93be7722c910d6b80975a45b1ce5c845b1caf5d16726936998a5a
SERVER_HANDSHAKE_TRAFFIC_SECRET 3f2ab74742a75ffe0f0c3fb81d23a3fe57cae83b1acb32a81c80e2effcb4af26 06b28971445e10e21135754d0292229c84dac27e844d5f2d940428a25f93a9ca
CLIENT_HANDSHAKE_TRAFFIC_SECRET 3f2ab74742a75ffe0f0c3fb81d23a3fe57cae83b1acb32a81c80e2effcb4af26 2d55ed9c4b32516568ef88666cdf0015fc07718a43dde441d6ac50277a592f45
SERVER_TRAFFIC_SECRET_0 3f2ab74742a75ffe0f0c3fb81d23a3fe57cae83b1acb32a81c80e2effcb4af26 64d75d20268a665f926c4242393b5a2098b2a465633baf457ccc897f99df0a32
SERVER_HANDSHAKE_TRAFFIC_SECRET 455d999779910e69a7d1f212da43dba044f2a145189eb979b9f99e791b7d211d a7e2f4363a218f223615f0036c8ed697257f972801707dcb8ed18348dac3c1f0
CLIENT_HANDSHAKE_TRAFFIC_SECRET 455d999779910e69a7d1f212da43dba044f2a145189eb979b9f99e791b7d211d 2d120129cdd104360da08ec8df7f2b67cc6b650b7d36c4c6be14654b1fce60d0
SERVER_TRAFFIC_SECRET_0 455d999779910e69a7d1f212da43dba044f2a145189eb979b9f99e791b7d211d 232abbb50a09c6640459806f3c55b473f13c9c70f0b59fa954210e9b51eb4a4f
SERVER_HANDSHAKE_TRAFFIC_SECRET 19aa59ce4c28c2c387dfb341159f6d382d7fa8d64823153c307a82f053526365 080c543880ce44a9873be4fafe45e7b3c15958fa827ddf097173e9f5a770a698
CLIENT_HANDSHAKE_TRAFFIC_SECRET 19aa59ce4c28c2c387dfb341159f6d382d7fa8d64823153c307a82f053526365 4e2e216027f2360e531bc5bac8e6e995eecde1563dd0656c2b471119cee19371
SERVER_TRAFFIC_SECRET_0 19aa59ce4c28c2c387dfb341159f6d382d7fa8d64823153c307a82f053526365 684593f56c8ab8d6ca60ad8e2a60ed2f2277160032dd25a07af33215b40dbe08
SERVER_HANDSHAKE_TRAFFIC_SECRET 8c13c22f30e68d722d6a2acafdd55e3c255862db4dca48a8495bbada8538e228 bc9c96f232d46da2332493693bb7dff95cda35e688fca1fb3aaaa848c1a6aef4
CLIENT_HANDSHAKE_TRAFFIC_SECRET 8c13c22f30e68d722d6a2acafdd55e3c255862db4dca48a8495bbada8538e228 d6f541b7d6d6b5cabfca43d3cb5bafa76c425bb03500c5ff3db08169bd0527e6
SERVER_TRAFFIC_SECRET_0 8c13c22f30e68d722d6a2acafdd55e3c255862db4dca48a8495bbada8538e228 ffee1e1166d5ab871e00e6b381d32edd51110fe102701445690262c94a28655d
SERVER_HANDSHAKE_TRAFFIC_SECRET 2ee4437efcc1eb45387ef26fcf25a60b0b9180ebf7c33570a20c8d03b1bfba92 6ce386e104516ba4a029d4371d7f837b8b48e0ff286742cf2f353e0064fafde3
CLIENT_HANDSHAKE_TRAFFIC_SECRET 2ee4437efcc1eb45387ef26fcf25a60b0b9180ebf7c33570a20c8d03b1bfba92 15bfa874836c7c2dcd3d580075b11cef3f7981ffa8554c7bbfeb5e64a2e700f0
SERVER_TRAFFIC_SECRET_0 2ee4437efcc1eb45387ef26fcf25a60b0b9180ebf7c33570a20c8d03b1bfba92 fe1f8fce25129cd29c242f7853a6791477ffd7cb0de05d1559611d764e1ee92d
SERVER_HANDSHAKE_TRAFFIC_SECRET d3af42cd6a3254bf84d8c86921b0cbe7093dc78287950324d8269f0d65d57871 2a31191b501e641ea79c13ddf833b7454cd2f09a785b6d23054fe51b8f525830
CLIENT_HANDSHAKE_TRAFFIC_SECRET d3af42cd6a3254bf84d8c86921b0cbe7093dc78287950324d8269f0d65d57871 44db5f6949bb04b0fb8ebafa27687e1c71adb89ca06463e28ac3e47faa58cb5c
SERVER_TRAFFIC_SECRET_0 d3af42cd6a3254bf84d8c86921b0cbe7093dc78287950324d8269f0d65d57871 fc51579d49d7725acdda2c7a16076ea9ed1b06494b6bccec90704c4e9e5b3c52
SERVER_HANDSHAKE_TRAFFIC_SECRET aabab1d6671ccc7e7f06fae0b0e0c0a4857c81a871bb837d689bf855b818d9ce e9f8041493800ce79c1689aa98f5b290bddc54ba700777ca4e042cc40ca5a127
CLIENT_HANDSHAKE_TRAFFIC_SECRET aabab1d6671ccc7e7f06fae0b0e0c0a4857c81a871bb837d689bf855b818d9ce 9f8bd1d65c547f6679a8e9a9afea6dbd928adeef2abb27bcd3684cefd64e04f4
SERVER_TRAFFIC_SECRET_0 aabab1d6671ccc7e7f06fae0b0e0c0a4857c81a871bb837d689bf855b818d9ce 1b5417e89df1710b16cc86d917f4cc6f2a3d2d5ecd1eab8d5765195dbfb0d225
SERVER_HANDSHAKE_TRAFFIC_SECRET 3e033d9fbaf027c4fcb733566d1c3ae1e6079fc8673aea05ba46ab1a5154eac0 9188eb44eac394aa4c63136c696fc930a506b42cf2de99edb133bd1284646a0d
CLIENT_HANDSHAKE_TRAFFIC_SECRET 3e033d9fbaf027c4fcb733566d1c3ae1e6079fc8673aea05ba46ab1a5154eac0 59b016868308e7c20f7bf4ca7564a15fd55fef2a3a2a668823f53a69e2ca3e24
SERVER_TRAFFIC_SECRET_0 3e033d9fbaf027c4fcb733566d1c3ae1e6079fc8673aea05ba46ab1a5154eac0 015ba07484c1215dfd680c09d2c09def4d013f0a4f9b5654f3e38ad93ef5aa2f
SERVER_HANDSHAKE_TRAFFIC_SECRET 6fd8f61cb2880a952b3e2ee5df7244b55e17a678e40ba6a317b2f0707698c989 065d80c249ce59d90d849d982fbf7530fdc4501b1967f58ab72be020a98041f6
CLIENT_HANDSHAKE_TRAFFIC_SECRET 6fd8f61cb2880a952b3e2ee5df7244b55e17a678e40ba6a317b2f0707698c989 31065cee81412bec40c71cb5f13b6e8c4da44e8fd24e96067b0e96bcf42af543
SERVER_TRAFFIC_SECRET_0 6fd8f61cb2880a952b3e2ee5df7244b55e17a678e40ba6a317b2f0707698c989 e517a67630ba72e66b6765c9dd0181f99fa25913d07e44577a079da92f16eccd
SERVER_HANDSHAKE_TRAFFIC_SECRET 1430471863d8a04c2cfe370c3a5d9a52fcd84038caf4c6968e21d67932ff67ce 7c8bba11bc986bbaeb7c89dfe71ad4858c2f6b5d60dae55ec7ac822e7398971e
CLIENT_HANDSHAKE_TRAFFIC_SECRET 1430471863d8a04c2cfe370c3a5d9a52fcd84038caf4c6968e21d67932ff67ce 4df2d20fbcf7e381e7b3203778365a6baae092b3c355088747c8379fa250a215
SERVER_TRAFFIC_SECRET_0 1430471863d8a04c2cfe370c3a5d9a52fcd84038caf4c6968e21d67932ff67ce 4411dec4919c5b2029eead60e89bfbfd0d247add18b56c7b10b19b68d8fd86ac
SERVER_HANDSHAKE_TRAFFIC_SECRET e138464a2c4efb2972b29785a726fc53dd6a6d0db6f0443803d12f40c6784f24 7274d7fde406b5f1426a394b4a34be2d9bc9e659964809cdb52871a84b2c338c
CLIENT_HANDSHAKE_TRAFFIC_SECRET e138464a2c4efb2972b29785a726fc53dd6a6d0db6f0443803d12f40c6784f24 71a7e04ffbb77934d576e483d01e6cf3d9a397ec148cd0b7535d042b8c3b2b7c
SERVER_TRAFFIC_SECRET_0 e138464a2c4efb2972b29785a726fc53dd6a6d0db6f0443803d12f40c6784f24 53db6c502e6c9aed3e6f082fdaf6fb67bb249ef2718eec5804985534a5e9dac6
SERVER_HANDSHAKE_TRAFFIC_SECRET e9e15af94ad1eaf8f56637b5367a648abe8de758c52dd67590179a3a018d41aa c1e6bbf1e7ae8e49a50a3e7e67b86864361da9b49da72c56b81a107b42d7e9c0
CLIENT_HANDSHAKE_TRAFFIC_SECRET e9e15af94ad1eaf8f56637b5367a648abe8de758c52dd67590179a3a018d41aa 4a0e8162bcfeefa91ae491911743c6e56d5c73c9b37ba029ba2257459aec2ea9
SERVER_TRAFFIC_SECRET_0 e9e15af94ad1eaf8f56637b5367a648abe8de758c52dd67590179a3a018d41aa 56b709b3a0a7dc57d34f2f040c757f9cf3260be8f001effd7dd7463c32017e0b
SERVER_HANDSHAKE_TRAFFIC_SECRET b99b77f34578463c7ed456a01a88333251c59eb724559a1a9a6f357d783e5dd6 368c79b2338bfd15a5b375db51c6cfdbf4ea9289b9f846c18e5f10c3292c7f20
CLIENT_HANDSHAKE_TRAFFIC_SECRET b99b77f34578463c7ed456a01a88333251c59eb724559a1a9a6f357d783e5dd6 b4340fadabbf8933d567a7946e6b58e1e44d79db608e7f601e76003bef7699aa
SERVER_TRAFFIC_SECRET_0 b99b77f34578463c7ed456a01a88333251c59eb724559a1a9a6f357d783e5dd6 b44f666cfb78f017694c6fa3dbc1846e77386c497406b33b83723110b9e75e5f
SERVER_HANDSHAKE_TRAFFIC_SECRET 333faef4dd0f9a046a890ba8e14e4b7c568740316fa2003099f822e801c955a6 39717765bf29aa032cebfd7c3865a3b420531abc3d6e03b7ccbb7466bf49cec2
CLIENT_HANDSHAKE_TRAFFIC_SECRET 333faef4dd0f9a046a890ba8e14e4b7c568740316fa2003099f822e801c955a6 a66717c8a131a65b5f899dc9f5ad57c3276ca47b40e328177f6bfdf6660da94d
SERVER_TRAFFIC_SECRET_0 333faef4dd0f9a046a890ba8e14e4b7c568740316fa2003099f822e801c955a6 885acfe1be18c03a5a5451f9b6cd68c8e9abc17922bb21de0776572e74fa64ab
SERVER_HANDSHAKE_TRAFFIC_SECRET a006554967ebe630bc274514a7618ab50f108afa325fc85c78b80601bc183b36 273b8a464ba34ab63b16516accd96cfa7a588f0926ea88b1ecddffb636fe1301
CLIENT_HANDSHAKE_TRAFFIC_SECRET a006554967ebe630bc274514a7618ab50f108afa325fc85c78b80601bc183b36 f6c94f662f2c95e00c4463e0fc37130ca5b72261d5c0808ec95765a2bab0f984
SERVER_TRAFFIC_SECRET_0 a006554967ebe630bc274514a7618ab50f108afa325fc85c78b80601bc183b36 c47f57ce59a4eda8912ba543d390a7feb10e41e03f49c5146dd61f42385dc5c0
SERVER_HANDSHAKE_TRAFFIC_SECRET 649b0f80ba88317073cbcb792ad6873c3dc6f7379d638627d2c7962586d71e45 b47647e0ecb734858e2d17ec4dc0e42d4e661080d13300d684b3a57168a73b6c
CLIENT_HANDSHAKE_TRAFFIC_SECRET 649b0f80ba88317073cbcb792ad6873c3dc6f7379d638627d2c7962586d71e45 64f1ca9902eb0747a84198b295e7345eead1230bd367f7dde257dd3c01290250
SERVER_TRAFFIC_SECRET_0 649b0f80ba88317073cbcb792ad6873c3dc6f7379d638627d2c7962586d71e45 bb140f4c8cab7d6907e0d8f32987f7ac803dd35deb5cdeaaa7a2119ae5c3659b
SERVER_HANDSHAKE_TRAFFIC_SECRET 25f5240a36637a75fc31eb01644d9a62ba47df0c9aa745a64514899a5686a000 edb9d50d147e892d7b6083e4fafa2dce8ccaf3d1c329bde9651d10148c27f794
CLIENT_HANDSHAKE_TRAFFIC_SECRET 25f5240a36637a75fc31eb01644d9a62ba47df0c9aa745a64514899a5686a000 2d108fe135a09ff553208a4131260f0d76b97ca6ac9e956f3495f39a26d0e1a6
SERVER_TRAFFIC_SECRET_0 25f5240a36637a75fc31eb01644d9a62ba47df0c9aa745a64514899a5686a000 7c4da9e710b86495688fecd0992d2b77c57ae3e190835a42d8430599ccb95cd2
SERVER_HANDSHAKE_TRAFFIC_SECRET 7136b8d9ac861603cd07a528c268e57a132b3a160f3ad88bf63963a15f19f94d 3edbf024153932799a6eafbeae9dd52c2821bbe67160c0cbe41034454e486596
CLIENT_HANDSHAKE_TRAFFIC_SECRET 7136b8d9ac861603cd07a528c268e57a132b3a160f3ad88bf63963a15f19f94d b7294f71156a635ec91dec0d85f0509529241647d527af5e6b035877b48f98c8
SERVER_TRAFFIC_SECRET_0 7136b8d9ac861603cd07a528c268e57a132b3a160f3ad88bf63963a15f19f94d 2d22c16ac1bc6ac1c7a9ea55923de6ed46f5a444aa713f201752d98575174c3c
SERVER_HANDSHAKE_TRAFFIC_SECRET e4f4f56c1dbef0bdce0c5fc2862cf4fd40216eec662ec5bfb4a9e51754f9df92 8031c1761c795ee4bd6d06865f44f66db44f9a45010528b3b8498a9ae3420952
CLIENT_HANDSHAKE_TRAFFIC_SECRET e4f4f56c1dbef0bdce0c5fc2862cf4fd40216eec662ec5bfb4a9e51754f9df92 83c871fd763b71448584f5464dfd0b11e103a26a05b2adf1715a1bfe724d80d9
SERVER_TRAFFIC_SECRET_0 e4f4f56c1dbef0bdce0c5fc2862cf4fd40216eec662ec5bfb4a9e51754f9df92 305e70830e34c14b2d66f5f1c3dd5284c9fe81e5b3db4ca5a50c41b4c3d0e728
SERVER_HANDSHAKE_TRAFFIC_SECRET 93d6c39220bdf570e868630e49972527e70e8ef29b96562f11d1a868105faeb8 0d710e8d2f54d7f5e18a2df5fa83486172eb5ec55f131e674c3c9a539883358b
CLIENT_HANDSHAKE_TRAFFIC_SECRET 93d6c39220bdf570e868630e49972527e70e8ef29b96562f11d1a868105faeb8 de66f025dbeac67bb6df8d5358413758ebbe04948fe7f3cf84d1573cd4290086
SERVER_TRAFFIC_SECRET_0 93d6c39220bdf570e868630e49972527e70e8ef29b96562f11d1a868105faeb8 0300b0bb23356460708d4f317006dedd1bf6dac5fcdc4c7cb20b01247ac2d919
SERVER_HANDSHAKE_TRAFFIC_SECRET df06eb6ba492aaa3aa31c8ba4a5f65301dbca11cfd4d18438c54cacccb4111be dcc4108eb54a357bc5e3dc8276d3c9ac8a5497f4b33d197c11685056e25c1834
CLIENT_HANDSHAKE_TRAFFIC_SECRET df06eb6ba492aaa3aa31c8ba4a5f65301dbca11cfd4d18438c54cacccb4111be 8dba15210afc24126f265b247c68090fad66aece879750460b0afbb3f1b21490
SERVER_TRAFFIC_SECRET_0 df06eb6ba492aaa3aa31c8ba4a5f65301dbca11cfd4d18438c54cacccb4111be 8f5ef6da6215db3e4f41021a22a10e1c7a466bf399a0b1ece18db72585b7baee
SERVER_HANDSHAKE_TRAFFIC_SECRET b90be930e40e37461ccfa13082e0c99df683d9a093dfaed8bdbbb4860e0b2db2 204fab9cef2720278d215644e3dc38f82ee5572344fb78c383ecfa8546da3f15
CLIENT_HANDSHAKE_TRAFFIC_SECRET b90be930e40e37461ccfa13082e0c99df683d9a093dfaed8bdbbb4860e0b2db2 43fbffc7f321c0ee5504d92840d6d4b8adad9537f50549ebf662083b5b1ef731
SERVER_TRAFFIC_SECRET_0 b90be930e40e37461ccfa13082e0c99df683d9a093dfaed8bdbbb4860e0b2db2 487fc7ebafb375fe3b47ba8c970cc121f5edf43d454d2aa63afe7a917b1922da
SERVER_HANDSHAKE_TRAFFIC_SECRET 89f6fd2cc9a15710b7928943b30158cc140ce1bb464e6f1f5e9cfdf80f2163b8 405d8355a1d01d9917c50e45865be82949dd61fe6537d0b27ad2837242ce342a
CLIENT_HANDSHAKE_TRAFFIC_SECRET 89f6fd2cc9a15710b7928943b30158cc140ce1bb464e6f1f5e9cfdf80f2163b8 3e46e1659df82471c94443957781588c2ce5fcf321465db72925094d8c75a21c
SERVER_TRAFFIC_SECRET_0 89f6fd2cc9a15710b7928943b30158cc140ce1bb464e6f1f5e9cfdf80f2163b8 e3c8dffb6aab8e45b3e78594d1ab008a0db844df3223b27a1ad9a134398eef54
SERVER_HANDSHAKE_TRAFFIC_SECRET a4506cc00e361e262ad21d22ae2a2ca9b040e588d01b379a1ef8a5ea4213478f 1e1dc3912fa9294e68ed5c47eceacd71305344aa2077109564787e6eee861095
CLIENT_HANDSHAKE_TRAFFIC_SECRET a4506cc00e361e262ad21d22ae2a2ca9b040e588d01b379a1ef8a5ea4213478f bad9813a3d97c69199c73aba31021dd4faccc122c7cb5e1c5f4256cbc3073038
SERVER_TRAFFIC_SECRET_0 a4506cc00e361e262ad21d22ae2a2ca9b040e588d01b379a1ef8a5ea4213478f 66e32def065a93c9dc9c50d887324ee53333e764807e4786299ec7a7b9a8c51c
SERVER_HANDSHAKE_TRAFFIC_SECRET e6e916fceb45e1d6d780840bb09aba5c7e4a31047680cbc62cf256b231684fc0 66282e28ea2bf6efb691ebeaa7878bc3918d47b26363f019d8e4f10194ca4395
CLIENT_HANDSHAKE_TRAFFIC_SECRET e6e916fceb45e1d6d780840bb09aba5c7e4a31047680cbc62cf256b231684fc0 3fad859f6d3d0c52c525bfbc3cf9571e6075133bc2fe22c8e6686849444315e2
SERVER_TRAFFIC_SECRET_0 e6e916fceb45e1d6d780840bb09aba5c7e4a31047680cbc62cf256b231684fc0 f3e21afed9adc8bb46ed004108762a5fbece83640c372fa3d8294eaea7031f96
SERVER_HANDSHAKE_TRAFFIC_SECRET 63ebf875933068d5d60d6fa4841cac5aac3abea83978d6542a518bd57888be90 e3050a8cfdbd263abab0f70f58b2477c7d0e54999f3365f005af791ec3fd2336
CLIENT_HANDSHAKE_TRAFFIC_SECRET 63ebf875933068d5d60d6fa4841cac5aac3abea83978d6542a518bd57888be90 831e10ebeb409d8b834b6b87afa1de902948980e36e47113343aad3304419d91
SERVER_TRAFFIC_SECRET_0 63ebf875933068d5d60d6fa4841cac5aac3abea83978d6542a518bd57888be90 fb17351eb0f396af69816b5f0804bdba1b00ab936f0078c023a70acfd5e13270
SERVER_HANDSHAKE_TRAFFIC_SECRET 4f56cd4b0aeb9663692ea177f64c0a05f6426c975cb1d60e9e146c93d5e0b307 a59554b1f6b281d988d3688cf2ababbdd87f5f433acb95991898bd44024f7be8
CLIENT_HANDSHAKE_TRAFFIC_SECRET 4f56cd4b0aeb9663692ea177f64c0a05f6426c975cb1d60e9e146c93d5e0b307 5c461d24cc2ffb87053557d4dc1e58d778ba1970a4771b13904d87d2a8c2693f
SERVER_TRAFFIC_SECRET_0 4f56cd4b0aeb9663692ea177f64c0a05f6426c975cb1d60e9e146c93d5e0b307 f8b061550bd39640f4e7925f9f732d8daf558a8ab31a00208acddb607d87f908
SERVER_HANDSHAKE_TRAFFIC_SECRET 852b4992b68e797bc353e706c6eb5d57a1b75601632a99596563ee08ae883499 8d0995ea165f21780412b78faab3b79a9ecd44d2da65916f216942dea22afbd3
CLIENT_HANDSHAKE_TRAFFIC_SECRET 852b4992b68e797bc353e706c6eb5d57a1b75601632a99596563ee08ae883499 b623c3cc14c85b0e5c55eb8dbb7d671124a755da34d153399329f5e71f2046eb
SERVER_TRAFFIC_SECRET_0 852b4992b68e797bc353e706c6eb5d57a1b75601632a99596563ee08ae883499 345827e6d6e2066988c32b6adb5a96996e63a9572e810b8d0ad10389bd183243
SERVER_HANDSHAKE_TRAFFIC_SECRET 4fe184356f940aff2c838337764a35ef6244d028d6ffd5b5dc7ca7319be9d196 17d1d5612a093e59be5f7ee8f370e0ee6b051c1ca0458313c98def6d649a2397
CLIENT_HANDSHAKE_TRAFFIC_SECRET 4fe184356f940aff2c838337764a35ef6244d028d6ffd5b5dc7ca7319be9d196 5f7ec5704ee8c3a3045a3208fe1b12173f4e0631bffddb13780c78c78a2fd982
SERVER_TRAFFIC_SECRET_0 4fe184356f940aff2c838337764a35ef6244d028d6ffd5b5dc7ca7319be9d196 79fc991b62dee0f92862759f8b07992766fe618752a504b8fa44ffa545228170
CLIENT_TRAFFIC_SECRET_0 4fe184356f940aff2c838337764a35ef6244d028d6ffd5b5dc7ca7319be9d196 93723d37da68c5b34434dd5f5ea45982dc3edaf3222fd13b5e8fb90c44aa3c0c
SERVER_HANDSHAKE_TRAFFIC_SECRET c51d77363248463baed06b5ffbf8eacc40679f30080e638bb447ab6b124f8aba 2e93b0478ba9a3fdb4babacd4d3d3bc07b3c891bce58bc0dc69c7b9deaf615f2
CLIENT_HANDSHAKE_TRAFFIC_SECRET c51d77363248463baed06b5ffbf8eacc40679f30080e638bb447ab6b124f8aba 25c5949cdacfabbb8652b5256e8638fd4f3351a6ba1c263702463e76036b60e2
SERVER_TRAFFIC_SECRET_0 c51d77363248463baed06b5ffbf8eacc40679f30080e638bb447ab6b124f8aba bcf60c0946eaf84cb32e6396b3c2824d9f70728ff10bdc9cfad9ff0276152558
CLIENT_TRAFFIC_SECRET_0 c51d77363248463baed06b5ffbf8eacc40679f30080e638bb447ab6b124f8aba d7b5574c05989ffaa23d4debdc701a17e2d5576c6f86830119f4594957dfd194
SERVER_HANDSHAKE_TRAFFIC_SECRET d7e041bf8423878131ac02c779d89e4fe39a90a937fbca52f1e734e738fed927 5a005fb23633de747bfe37882f38eedd1b6cc757fdb97d40b82bed3641c43a52
CLIENT_HANDSHAKE_TRAFFIC_SECRET d7e041bf8423878131ac02c779d89e4fe39a90a937fbca52f1e734e738fed927 60488230ca7cffe5c1ae25fd33478d724d2581817248fd5de46f33066fafc1ce
SERVER_TRAFFIC_SECRET_0 d7e041bf8423878131ac02c779d89e4fe39a90a937fbca52f1e734e738fed927 3d0a7b11dba8285e4b1525b723f930f6b613d876d68900ef99575e4538569b5b
CLIENT_TRAFFIC_SECRET_0 d7e041bf8423878131ac02c779d89e4fe39a90a937fbca52f1e734e738fed927 447fa563dcbdf98b1efca86213ae54d11079843244d1e3f8627107a187e16807
SERVER_HANDSHAKE_TRAFFIC_SECRET 159c3cad54175e26b2f947f9fe9daafe6f8e234413a17f621de82260bf4aa0cc 049db110c7f2a4060b0a6023d2f4e1e78ea46d2bd0341ad11a3d4b55adcd64a9
CLIENT_HANDSHAKE_TRAFFIC_SECRET 159c3cad54175e26b2f947f9fe9daafe6f8e234413a17f621de82260bf4aa0cc e1665ea72db317b0541b6b79bc19d70e636f2db71b0387df8c621ee32c3003d0
SERVER_TRAFFIC_SECRET_0 159c3cad54175e26b2f947f9fe9daafe6f8e234413a17f621de82260bf4aa0cc ead0054533480ae22b0976fb80b2a38358d65ff8e6e154222fbb225fb170374b
CLIENT_TRAFFIC_SECRET_0 159c3cad54175e26b2f947f9fe9daafe6f8e234413a17f621de82260bf4aa0cc 7eff685844569137f32321ee66684fcd5358ae2ba761c4da002a790d62af626e
SERVER_HANDSHAKE_TRAFFIC_SECRET 2d8b697d61e451ab6dcc1aeca80f8c08aedb42d691817ad4b50978e599ff8a63 e4695c91e9e8288b9b3887244a9797985947ec693f40fd4d310cc115b545f978
CLIENT_HANDSHAKE_TRAFFIC_SECRET 2d8b697d61e451ab6dcc1aeca80f8c08aedb42d691817ad4b50978e599ff8a63 452a771158679b647387ca5f3b1763f7e06e3608b4884c8a6e84506b892536e4
SERVER_TRAFFIC_SECRET_0 2d8b697d61e451ab6dcc1aeca80f8c08aedb42d691817ad4b50978e599ff8a63 e7b3ddc8163492a01b6a0281b016039c2c936323f6df022bdb3b08b325e0747e
CLIENT_TRAFFIC_SECRET_0 2d8b697d61e451ab6dcc1aeca80f8c08aedb42d691817ad4b50978e599ff8a63 25552da0802e7b1826454333bf19a82e107eac50391b207485d6e73a00a0f96c
SERVER_HANDSHAKE_TRAFFIC_SECRET 4fe9ceed9ecf4422ec58fd4929d7f914900a8c6750e15938de9e9e9f55f4f844 6d53373c9cb047f10f1ecfce3504d610bf1c675f1290c6f77fa709023f83bf87
CLIENT_HANDSHAKE_TRAFFIC_SECRET 4fe9ceed9ecf4422ec58fd4929d7f914900a8c6750e15938de9e9e9f55f4f844 a9fc44debdae4477c11b241ceaf763136904f4c62e7cc612e8c66ee384368850
SERVER_TRAFFIC_SECRET_0 4fe9ceed9ecf4422ec58fd4929d7f914900a8c6750e15938de9e9e9f55f4f844 52583909392c4dc0199bfa15447fea444003cb624906ecc57e55ecedd83a1525
CLIENT_TRAFFIC_SECRET_0 4fe9ceed9ecf4422ec58fd4929d7f914900a8c6750e15938de9e9e9f55f4f844 34de7c76524d1a2199848e220cedfac76fd9fd98cfcd63052ddb9ca113f52743
SERVER_HANDSHAKE_TRAFFIC_SECRET 322f049aac36df0a62a946124a38c2f643e9a9bc3145ac907265588c8abbf24b 1c51ac256b7081ebf2133947589b41ea4ae1f3bdd931fc20e672bb257ee29634
CLIENT_HANDSHAKE_TRAFFIC_SECRET 322f049aac36df0a62a946124a38c2f643e9a9bc3145ac907265588c8abbf24b 4c088d7a8eb1914ee71e371f5a1cc0f9bff05d1dd90c99852ecb4b55038d4278
SERVER_TRAFFIC_SECRET_0 322f049aac36df0a62a946124a38c2f643e9a9bc3145ac907265588c8abbf24b 87b8d45e7099085fc39be3f2067e5be1f66831bbf985d9e13b710ebe4c509b1a
SERVER_HANDSHAKE_TRAFFIC_SECRET 3feba7aa3b7f2022dca315316dee3471b77f283889de32058f1a2cb2f4240b89 51f2ff9ef865ee56c87c3eac5073bf93e91264f9e5c2e8b9d571ad5e0370e233
CLIENT_HANDSHAKE_TRAFFIC_SECRET 3feba7aa3b7f2022dca315316dee3471b77f283889de32058f1a2cb2f4240b89 1644a54553c17e2562c02ce4bfb8377672377bd0968bd4c8c131c065b928d255
SERVER_TRAFFIC_SECRET_0 3feba7aa3b7f2022dca315316dee3471b77f283889de32058f1a2cb2f4240b89 1407229088727cff668d1dd25277c2ea5869ff0bc0328d12bee4b357341b6101
SERVER_HANDSHAKE_TRAFFIC_SECRET ec9cd6c38d3b38c8725c62f2e4669cf77ec0388b6d39a43aa42def46a283ab65 2d799c1f21c91916e9e71de6c6f00ae76ae911f9fcfecaaa9ab0e885620b7bb9
CLIENT_HANDSHAKE_TRAFFIC_SECRET ec9cd6c38d3b38c8725c62f2e4669cf77ec0388b6d39a43aa42def46a283ab65 44318ae07df4fa0f02fd48806f9b84c7a3ae042bef4715b6062ce645af6aa2a6
SERVER_TRAFFIC_SECRET_0 ec9cd6c38d3b38c8725c62f2e4669cf77ec0388b6d39a43aa42def46a283ab65 ee3c6e2ac5f6c827dd030cd3683ec9eb3bc9854af5a4c85ac4b115883bf56993
SERVER_HANDSHAKE_TRAFFIC_SECRET e10b8375ec33e06aa72ec37443e6790a8e3f436491a29128a96ac57273528b66 335db2142ac63bf3536064a9911689c858e0ff95b9d16ad686145c7ab35cb806
CLIENT_HANDSHAKE_TRAFFIC_SECRET e10b8375ec33e06aa72ec37443e6790a8e3f436491a29128a96ac57273528b66 2cc677950f5786b9c8b1cfd19932446baf612345224a4e9437aeaca9196f1101
SERVER_TRAFFIC_SECRET_0 e10b8375ec33e06aa72ec37443e6790a8e3f436491a29128a96ac57273528b66 dceb24f770f8ade61ed092ef2ef83861dbe7dcb1c9477b7411fcf3689d452a55
SERVER_HANDSHAKE_TRAFFIC_SECRET 5227564e15713921c5e973066701e32eea6b5e0429de7df1573e75810f1c3f3a bfbf4a15d6f0d1becaac738b039d695bd8d4bdd09d854562685ca147f5c994c3
CLIENT_HANDSHAKE_TRAFFIC_SECRET 5227564e15713921c5e973066701e32eea6b5e0429de7df1573e75810f1c3f3a e80b6a13ea04bf73c8874e0d77ae45f5ca07fa2ea3b107147c4405a618390e6d
SERVER_TRAFFIC_SECRET_0 5227564e15713921c5e973066701e32eea6b5e0429de7df1573e75810f1c3f3a 2c07e02fb79c8b5a1e9ef9372b6351c2238fd2b1e085aaf926c24fcef7fe2929
CLIENT_TRAFFIC_SECRET_0 5227564e15713921c5e973066701e32eea6b5e0429de7df1573e75810f1c3f3a 5854eca91c0e160cccbd382d1ab2657ee1ff7a384c44c69975ab222f1346aef5
SERVER_HANDSHAKE_TRAFFIC_SECRET c3cdd3785312643055ad84ca641eba167d4bf3611ca799085e393c4c17547fc9 14ee1a2b4ccc9f175f6f891e2f1579a23d571c7565ca74deeaf36c70f5e3618b
CLIENT_HANDSHAKE_TRAFFIC_SECRET c3cdd3785312643055ad84ca641eba167d4bf3611ca799085e393c4c17547fc9 1ea32ffcc4ed30a0a2965439a16cdd930fd15d136e8e861a67edbb12230eb28f
SERVER_TRAFFIC_SECRET_0 c3cdd3785312643055ad84ca641eba167d4bf3611ca799085e393c4c17547fc9 23f27f4c54c4757196541c1de8e13cd63b72e53a6449d76f5dd1ec636914cd91
CLIENT_TRAFFIC_SECRET_0 c3cdd3785312643055ad84ca641eba167d4bf3611ca799085e393c4c17547fc9 dc90c83196a03ce133c9111242c41f5b4f8a99c90d09af155b847ab663786cb1
SERVER_HANDSHAKE_TRAFFIC_SECRET 34990110a9a53fd2e2e92091dbde1f0c6a97cbe279549c4c6163c7dd83527787 3dc954c54f306e1e9c0bca7bcdbc515efe6b95bd63c9ca92cf1c4e9948795ccb
CLIENT_HANDSHAKE_TRAFFIC_SECRET 34990110a9a53fd2e2e92091dbde1f0c6a97cbe279549c4c6163c7dd83527787 314ec32d795090f40a7c0986f742920ba54494a3a9caa02bc9aa6db2877d7132
SERVER_TRAFFIC_SECRET_0 34990110a9a53fd2e2e92091dbde1f0c6a97cbe279549c4c6163c7dd83527787 38bf23633885af6aaf53427ae97d91fc66d5bce2ec3e9b5509aaa8cd91dab95a
CLIENT_TRAFFIC_SECRET_0 34990110a9a53fd2e2e92091dbde1f0c6a97cbe279549c4c6163c7dd83527787 7b32c596a6d3b2d620e884622e116c6a24089b9470d324b080ae8a659fbb98aa
SERVER_HANDSHAKE_TRAFFIC_SECRET 5c48fe492d349ccb5ff1d1a3d4ae63cf3a07d4dc02cd7078748fd31073338fec 27ee0646cf9faec5c1d1b880b386a69d46001842cab393baca085a4d2aff97fe
CLIENT_HANDSHAKE_TRAFFIC_SECRET 5c48fe492d349ccb5ff1d1a3d4ae63cf3a07d4dc02cd7078748fd31073338fec aae4d38cc0c5c5ef5e3e6242d1c56950586935c40617d01bd94b0c714b8d7820
SERVER_TRAFFIC_SECRET_0 5c48fe492d349ccb5ff1d1a3d4ae63cf3a07d4dc02cd7078748fd31073338fec b4f4a4861b4617015051df0acbdb521fc16ebaeb9c9aee38082cd49c5fe261ff
SERVER_HANDSHAKE_TRAFFIC_SECRET a1be9e26cbf25507a4baac0d39834183556cd866be3badfddce867f45324c5e8 64f0bd924686c55a4e7f08b4bbd6e448cab1b37029d26968c6f4babc7fb3d297
CLIENT_HANDSHAKE_TRAFFIC_SECRET a1be9e26cbf25507a4baac0d39834183556cd866be3badfddce867f45324c5e8 ca897108621969dc15d5085e3ae44ebb3f463c68d9152ab849e7bf8a6532bbcd
SERVER_TRAFFIC_SECRET_0 a1be9e26cbf25507a4baac0d39834183556cd866be3badfddce867f45324c5e8 7c8b742026319a4681ae4fd7f887b45487822fcdb101a56eac6285a2a808f343
SERVER_HANDSHAKE_TRAFFIC_SECRET 26e4f09d74ca6f32e822285350ce2144186b570d6b3907c1858ccb62643d4852 1da87c3c431a02bd4fbd0e007bdf75b182420fbb6ad0ec051a8a427f4460e62f
CLIENT_HANDSHAKE_TRAFFIC_SECRET 26e4f09d74ca6f32e822285350ce2144186b570d6b3907c1858ccb62643d4852 8bf292269ac3ffa6839759b6a95e2401d180714ac563d044aa8f45ec81e6a174
SERVER_TRAFFIC_SECRET_0 26e4f09d74ca6f32e822285350ce2144186b570d6b3907c1858ccb62643d4852 3a4bd70caa8703c63066437dc4093ad178d616ac897bd6bd2ef31de071282af5
SERVER_HANDSHAKE_TRAFFIC_SECRET 98dd46df1fe7efa2f60a3253a272ebdce8243292ca88d84f5e03334e3ba9b840 69153ee6754db2a5b34db315ec77cdfde164e59711288cb2b51fd47b1049b3d7
CLIENT_HANDSHAKE_TRAFFIC_SECRET 98dd46df1fe7efa2f60a3253a272ebdce8243292ca88d84f5e03334e3ba9b840 2596bb85a89f65bb5c38c5906e6889edd70984252b3965741c8fdc8944b0edbd
SERVER_TRAFFIC_SECRET_0 98dd46df1fe7efa2f60a3253a272ebdce8243292ca88d84f5e03334e3ba9b840 9fb3ed339495d1fb9b2f3ec263826b252dec87fafecb8a6b2c9fa75419b6459b
CLIENT_TRAFFIC_SECRET_0 98dd46df1fe7efa2f60a3253a272ebdce8243292ca88d84f5e03334e3ba9b840 5a4e94f8856c12e817cfcf5bcdb65f3ed4df2fe3bc4952297a437438eb30ef46
SERVER_HANDSHAKE_TRAFFIC_SECRET a18970a08b896fdf26299ac057ac4a4803e80e84effab4b9f018b6c1b6e2ee93 cd2634e920dd58942d094cf0d1a1097d94473091f9feb8e71af94c6cf3dcc7f7
CLIENT_HANDSHAKE_TRAFFIC_SECRET a18970a08b896fdf26299ac057ac4a4803e80e84effab4b9f018b6c1b6e2ee93 473c162eafce29a2aa59e237cf9a6e3176edc3001ae436946e6a4c5e6ccded66
SERVER_TRAFFIC_SECRET_0 a18970a08b896fdf26299ac057ac4a4803e80e84effab4b9f018b6c1b6e2ee93 5ff65bdf78f437e311767c92e18857f9c8aaa468348eb9f0b8c246a0b1bd1412
CLIENT_TRAFFIC_SECRET_0 a18970a08b896fdf26299ac057ac4a4803e80e84effab4b9f018b6c1b6e2ee93 326cb5d0d69e0eacfe7f83fa47d6fe7424959d9480729caccb83d0bae36f392d
SERVER_HANDSHAKE_TRAFFIC_SECRET 52cb98af83decaed1af68cad2b34f8174cb43e1ecd5da850b3e22828f6efabe7 5a13aed24949ff7cedd8953eb29f993c4ddd56f39d2cb0ddca4e4d8f21a85eeb
CLIENT_HANDSHAKE_TRAFFIC_SECRET 52cb98af83decaed1af68cad2b34f8174cb43e1ecd5da850b3e22828f6efabe7 a8bf6fbf9e04b574b55e71e83edd4d21fc425f15ed12db87da19a4add3b51f82
SERVER_TRAFFIC_SECRET_0 52cb98af83decaed1af68cad2b34f8174cb43e1ecd5da850b3e22828f6efabe7 33661c54746eff5358b24cba0d229c1828ae717a893ab0b90b764e4b948ea54b
CLIENT_TRAFFIC_SECRET_0 52cb98af83decaed1af68cad2b34f8174cb43e1ecd5da850b3e22828f6efabe7 309f9dfc5346f8d8bce0370c6f31cc804722c01e58563e27581ee30a7fd8f37b
SERVER_HANDSHAKE_TRAFFIC_SECRET d888579a00d708e466c8460321b30c178778517460ab0051746da7e7558214c4 769171f4f7061eefd28a1bc047002e4e53e660c588619730fd7bef694fd569f6
CLIENT_HANDSHAKE_TRAFFIC_SECRET d888579a00d708e466c8460321b30c178778517460ab0051746da7e7558214c4 2b481a67d57ae90b2419e3f3050ee0ae94861865fe1a03dee05e15a6404ac074
SERVER_TRAFFIC_SECRET_0 d888579a00d708e466c8460321b30c178778517460ab0051746da7e7558214c4 7845e7751cb147ab67a61740f117be4cc4c132b8aa4f4be3519666fbae1fc310
CLIENT_TRAFFIC_SECRET_0 d888579a00d708e466c8460321b30c178778517460ab0051746da7e7558214c4 45a6291f6568ec21a1d22791b3bbb490a7edbf042f0fabd8f4cc403a722634c1
SERVER_HANDSHAKE_TRAFFIC_SECRET 31720705e2d1c4612b097fa03520e7d8b0a5fc4d082fe3eb7d2e40dda4e61c2d 7020fd0ff35f3914b4584bd74ed3829585968f40b402bc9bcb4bc258a832db35
CLIENT_HANDSHAKE_TRAFFIC_SECRET 31720705e2d1c4612b097fa03520e7d8b0a5fc4d082fe3eb7d2e40dda4e61c2d dc2fd5b52e3b0fc0cbc30759cf7997643fc1874ae18d269dd651a261121cfde0
SERVER_TRAFFIC_SECRET_0 31720705e2d1c4612b097fa03520e7d8b0a5fc4d082fe3eb7d2e40dda4e61c2d e3ed46bc4d4b91cfbf2fc66a0454ce3426ee4144ccb439a6356aa134c26d3dbc
SERVER_HANDSHAKE_TRAFFIC_SECRET 8fd59662410909ba16b4f2b247481d9d99b836842842d6f25acba769728280df 2448122628ace7ab729c6f0381d855d80e0725d615d9f976f3712ee553baf5df
CLIENT_HANDSHAKE_TRAFFIC_SECRET 8fd59662410909ba16b4f2b247481d9d99b836842842d6f25acba769728280df e265779851be1410f1e4c34a8d840fbfbd0981209a5ee0dfa2d617bef945ab05
SERVER_TRAFFIC_SECRET_0 8fd59662410909ba16b4f2b247481d9d99b836842842d6f25acba769728280df 8b916a07075c8dd64bdfc5d81306cbe1b16d4e8cbad8cc4ba3634f306b34c564
SERVER_HANDSHAKE_TRAFFIC_SECRET e02ad438ead8ca6b93909b03589b1ad7e8c20446d34f0d7d65a719fdc76e6b83 9ab5f7f4434aeee96a06cde7d1740efdf8301fe60d7d4f6962949232e300ea5e
CLIENT_HANDSHAKE_TRAFFIC_SECRET e02ad438ead8ca6b93909b03589b1ad7e8c20446d34f0d7d65a719fdc76e6b83 53e682cb1d386abe842586582e81cfda2442528c5b99a5c575c867e9b31cdf99
SERVER_TRAFFIC_SECRET_0 e02ad438ead8ca6b93909b03589b1ad7e8c20446d34f0d7d65a719fdc76e6b83 f1930322e9eddda7065995f0c26fe4b2c527e78718f3bc44921e8f297852268d
CLIENT_TRAFFIC_SECRET_0 e02ad438ead8ca6b93909b03589b1ad7e8c20446d34f0d7d65a719fdc76e6b83 3bf1e80523ad1448b27766f464edd5fba1c64e7a06e205b071b8bfd945f579a1
SERVER_HANDSHAKE_TRAFFIC_SECRET ef1fe4584fa10102fcf666eafc3328cc47fb3db8135568f8554c567419afd88b 438f9b93965bca57be15a60d7c566f853f088fdfdd26155c4ee365c3791fd0bf
CLIENT_HANDSHAKE_TRAFFIC_SECRET ef1fe4584fa10102fcf666eafc3328cc47fb3db8135568f8554c567419afd88b 463da0bad0096db43877fddedfd0e609560ce2298545f3ab8859baa6c2def0a6
SERVER_TRAFFIC_SECRET_0 ef1fe4584fa10102fcf666eafc3328cc47fb3db8135568f8554c567419afd88b 1ebc5582e20df51c6da51d2eb9c7d73cf20d45a015cf0aa0ff271af7c66436c1
CLIENT_TRAFFIC_SECRET_0 ef1fe4584fa10102fcf666eafc3328cc47fb3db8135568f8554c567419afd88b afdf6677650aaa7950f4a497faf99f88ebe503e07bd6734adf00088170ee28a7
SERVER_HANDSHAKE_TRAFFIC_SECRET 7e2337d22e71fd6620b1f03041819445b6d53d71d179cbfa93a5f72a93840db3 5435c7c454dd70073725d80defa61c92f76092189c47f1c8a0d61498ea830638
CLIENT_HANDSHAKE_TRAFFIC_SECRET 7e2337d22e71fd6620b1f03041819445b6d53d71d179cbfa93a5f72a93840db3 2128c6bde5ee3946fda2864269aa9f4b47bcea9f9b596ef89daabe6d0d94ed69
SERVER_TRAFFIC_SECRET_0 7e2337d22e71fd6620b1f03041819445b6d53d71d179cbfa93a5f72a93840db3 211ea30b85c0aa18db2a4cfe427f45835a3425dc7f5b1f586b4ba38360ecc64c
CLIENT_TRAFFIC_SECRET_0 7e2337d22e71fd6620b1f03041819445b6d53d71d179cbfa93a5f72a93840db3 c91d04769e0fed00756c206bf1c4238a5b5ded4ddd34cf4252a77b06a5ba0520
SERVER_HANDSHAKE_TRAFFIC_SECRET 9e85c599f56cd9af62ecd3cc403db23aa7e82858c8b75496b750118788478366 60999606b14b70fd2020bc92ce24c66be99ab71b35dba7cd1b98569c3d57537f
CLIENT_HANDSHAKE_TRAFFIC_SECRET 9e85c599f56cd9af62ecd3cc403db23aa7e82858c8b75496b750118788478366 4744e3475f1f6772daba424b8876927924e3e3ff7934766b6ac44bd817f27f15
SERVER_TRAFFIC_SECRET_0 9e85c599f56cd9af62ecd3cc403db23aa7e82858c8b75496b750118788478366 3072b4c6c6f088e5bb36496e2f16be84b2bceaf6520be03da780a5062da6616e
CLIENT_TRAFFIC_SECRET_0 9e85c599f56cd9af62ecd3cc403db23aa7e82858c8b75496b750118788478366 4231ac0c0c0c157ed6fd762f19ce3a9cbbb914e8fd55bd850c2539732001f3c8
SERVER_HANDSHAKE_TRAFFIC_SECRET c83e5fed17d287aece472817110be4d6ac82bc5edb27c24e3a134a92e9fdbdd8 78a1c6dd033d187070666313e40460ec3dbcf3ba842f1c400573733d5c9a4481
CLIENT_HANDSHAKE_TRAFFIC_SECRET c83e5fed17d287aece472817110be4d6ac82bc5edb27c24e3a134a92e9fdbdd8 ace44960243175704b02decfe2e7d1a3760abfc0955f3d8339c90e637af0c14a
SERVER_TRAFFIC_SECRET_0 c83e5fed17d287aece472817110be4d6ac82bc5edb27c24e3a134a92e9fdbdd8 a060f5d080e1ab502126336b3ecba9b8822e02dc87df3dff4096a3b234447884
CLIENT_TRAFFIC_SECRET_0 c83e5fed17d287aece472817110be4d6ac82bc5edb27c24e3a134a92e9fdbdd8 f358ae90bf446030b03e66414f176b1233d6bcd1e85665ba2e70452155dde278
SERVER_HANDSHAKE_TRAFFIC_SECRET 1d62a5c5151e3dc57081cb2753ecc9242d600678cd66b7119a81bc0f4f8026c5 ef2a50e42a4fab914be96ccc00da005a5fbe8f2c0952d652ecd0c07f7b07653f
CLIENT_HANDSHAKE_TRAFFIC_SECRET 1d62a5c5151e3dc57081cb2753ecc9242d600678cd66b7119a81bc0f4f8026c5 44e7b36e5d14c47fd9908adcae2a41a71b818c1553bab9781ee4e73b74e04a11
SERVER_TRAFFIC_SECRET_0 1d62a5c5151e3dc57081cb2753ecc9242d600678cd66b7119a81bc0f4f8026c5 e3a1e063df8977c31b4e4b3e77eb8e4bb8fc17563087bf4602a5d371462785dc
SERVER_HANDSHAKE_TRAFFIC_SECRET 9496544edf60bc12ff816245c014159918e2c029749edf2dd312f5a49aaf3037 7dd0332331a85e60689de90ae7108235e6c30e351113d95ec5f8c84bcc4f7e22
CLIENT_HANDSHAKE_TRAFFIC_SECRET 9496544edf60bc12ff816245c014159918e2c029749edf2dd312f5a49aaf3037 55b3db3b346b923e4da3b935c0b0ee4599e074998c561628e47ee0420229c24e
SERVER_TRAFFIC_SECRET_0 9496544edf60bc12ff816245c014159918e2c029749edf2dd312f5a49aaf3037 dc2f70d39d549754dde898f963fe1ea505256ee8908583ae9759d9987d43bb62
CLIENT_TRAFFIC_SECRET_0 9496544edf60bc12ff816245c014159918e2c029749edf2dd312f5a49aaf3037 e6d0605172264e35b699923ead01e67d05f52758f0462b1bf6f416cc59303062
SERVER_HANDSHAKE_TRAFFIC_SECRET 4e50ab1d89f1f5d7bada7e74b6e4929b5fe7055d931bf1600e5063a5c118c422 0219c5b4c10a9842640da8148de56e02ec00b5f77954b540e8b6c43e306bfb18
CLIENT_HANDSHAKE_TRAFFIC_SECRET 4e50ab1d89f1f5d7bada7e74b6e4929b5fe7055d931bf1600e5063a5c118c422 06ad1ed2b53ef725571d5f4471c468178d6d96edd1400ffb926a6d063b94b7ac
SERVER_TRAFFIC_SECRET_0 4e50ab1d89f1f5d7bada7e74b6e4929b5fe7055d931bf1600e5063a5c118c422 608684e98f9761964b7f88fd15a476d6437a0bd075198425d6ee2b5560fe986d
SERVER_HANDSHAKE_TRAFFIC_SECRET 72359e80d19a80b2cd3288e8b2a934cd083c5df403a7b0457810724b7a7253ba 366b871b565e9200cedef6c009e0b8caade3d3929d4ad9259582273bd204f98d
CLIENT_HANDSHAKE_TRAFFIC_SECRET 72359e80d19a80b2cd3288e8b2a934cd083c5df403a7b0457810724b7a7253ba b58f7e032f7fb81d0c49ed4292dec757ddab8a160090b6346b04f23db7e31c9f
SERVER_TRAFFIC_SECRET_0 72359e80d19a80b2cd3288e8b2a934cd083c5df403a7b0457810724b7a7253ba 602924b938110316b6b4ff29a1442efb5df6df3069de888a0ba82f7e74fc851f
CLIENT_TRAFFIC_SECRET_0 72359e80d19a80b2cd3288e8b2a934cd083c5df403a7b0457810724b7a7253ba 0628ab18c7c63c0c97be71c03f1df99c91a280b6aadbda2173926c940cac9d1e
SERVER_HANDSHAKE_TRAFFIC_SECRET 93b47e4c3dc35e75f0ae93e664324e6fcddd9ae64930aab2f9fc530d29cf0b23 53df62d9c523b5e5137147ffeb38fd3dd6b8bf13d9f32291e870e74731cfe9cf
CLIENT_HANDSHAKE_TRAFFIC_SECRET 93b47e4c3dc35e75f0ae93e664324e6fcddd9ae64930aab2f9fc530d29cf0b23 22da038baa30c6631463a91377188882009add0ab32d1df0576d98e4b3bff761
SERVER_TRAFFIC_SECRET_0 93b47e4c3dc35e75f0ae93e664324e6fcddd9ae64930aab2f9fc530d29cf0b23 4c7b773c92f5fce577d35e5d85d7e6ec2c8d4e05d711467e5642033cd4610040
SERVER_HANDSHAKE_TRAFFIC_SECRET 51a68488f8101762b04cfaf6d6ba4440a546fc97feab63673b558ef3cd4b2aa8 f3943dc483a8b1001a86f111216e4cd564c04f7b7298d6f0392068e6edab14a1
CLIENT_HANDSHAKE_TRAFFIC_SECRET 51a68488f8101762b04cfaf6d6ba4440a546fc97feab63673b558ef3cd4b2aa8 523ded04e74b8a4fc966217b721dd2f92da0159e2f55c6c293926ba3f3c4f909
SERVER_TRAFFIC_SECRET_0 51a68488f8101762b04cfaf6d6ba4440a546fc97feab63673b558ef3cd4b2aa8 2df41c501c159545888c6121d5775e47f18bf760d381eeba9d5784a51be9e791
CLIENT_TRAFFIC_SECRET_0 51a68488f8101762b04cfaf6d6ba4440a546fc97feab63673b558ef3cd4b2aa8 136d6ce09a431357453dde079924c802526bbd731f8925b394b5d3be6daaafe9
SERVER_HANDSHAKE_TRAFFIC_SECRET 8915a1acae60928561199e046ef47c71f9c37d057686704bef1cec8040f81670 248aa1461966ada0138db0d8778e118610ec0015adcb4259c73a9287a671b03b
CLIENT_HANDSHAKE_TRAFFIC_SECRET 8915a1acae60928561199e046ef47c71f9c37d057686704bef1cec8040f81670 ad1d5abe3fb93df77a330f2a1636806fbe4b641b94b04419a91329b5cc57d70a
SERVER_TRAFFIC_SECRET_0 8915a1acae60928561199e046ef47c71f9c37d057686704bef1cec8040f81670 20166dd035e22129efdf0402afb319075441ca6ffb8ed8a5e70d8734bc126bd9
CLIENT_TRAFFIC_SECRET_0 8915a1acae60928561199e046ef47c71f9c37d057686704bef1cec8040f81670 1cdfbc0def983ab10763f7eff261d0c1ba50bd01319cb274c90c926e1065c0fa
SERVER_HANDSHAKE_TRAFFIC_SECRET 558ca11277b712f0e641850db35407816e14d0f7659ef4239d27f85f4cbf3c26 6b6426dc8af005cda7de9af8e59879c10c55da33d53e5675c9942788eb33b90b
CLIENT_HANDSHAKE_TRAFFIC_SECRET 558ca11277b712f0e641850db35407816e14d0f7659ef4239d27f85f4cbf3c26 b4d79c5786b585ef8a2446e54455b5805d42accefe51726e0f6ffd5e23783bbc
SERVER_TRAFFIC_SECRET_0 558ca11277b712f0e641850db35407816e14d0f7659ef4239d27f85f4cbf3c26 f3253314eb0a39ca740d8e88b3ef3bd15c11838e056e92d4a02c879c8421a5f7
CLIENT_TRAFFIC_SECRET_0 558ca11277b712f0e641850db35407816e14d0f7659ef4239d27f85f4cbf3c26 2eaf2c7c48c412dd1660cde3de33c3bfba6878240e2d38cf07c4be852828355d
SERVER_HANDSHAKE_TRAFFIC_SECRET 806e99679b29daedccddaafebc9dda8541ce7973cacb4db5700e927f866436cd 4683abd9fbbda0a9711c4d48844de6f33d4ad195ca8be96a14af25a43f2997a2
CLIENT_HANDSHAKE_TRAFFIC_SECRET 806e99679b29daedccddaafebc9dda8541ce7973cacb4db5700e927f866436cd 80083ac20fa77b50c55076c5d479985067bb83f205148336c2b3b1f3789ef60b
SERVER_TRAFFIC_SECRET_0 806e99679b29daedccddaafebc9dda8541ce7973cacb4db5700e927f866436cd f2b6e6c970509d72ebf30e904238d0abb0ea9b431201000e02a683bf879b0d37
SERVER_HANDSHAKE_TRAFFIC_SECRET fdcbcf9a8f0224add1df258037b5e8edada335a7c53d10083cdb83b979b1f438 6af6a6b352f73e5f79fd53b5d2146576bb38628a96955ef2ca19348cb10ec293
CLIENT_HANDSHAKE_TRAFFIC_SECRET fdcbcf9a8f0224add1df258037b5e8edada335a7c53d10083cdb83b979b1f438 3cac22da83f661ac28c5bb22d900964759e8b02b84289f5d707d400f40479b7e
SERVER_TRAFFIC_SECRET_0 fdcbcf9a8f0224add1df258037b5e8edada335a7c53d10083cdb83b979b1f438 788433f5a41293f66c14c2f5e25f765ff10c6e06073460575aaf018d60fa4516
CLIENT_TRAFFIC_SECRET_0 fdcbcf9a8f0224add1df258037b5e8edada335a7c53d10083cdb83b979b1f438 c3c9c5a50a2c9b45c4dddef94988905bd8702fe35775f4061a7e40e435cdb2ea
SERVER_HANDSHAKE_TRAFFIC_SECRET a3f63fd627eaeeea6b3f77215448d9cb431e152602d29e5b9692c55ac82efd64 6e5306e4e2e2399becc6bc44421129d78e655b452b235578301939391324cf30
CLIENT_HANDSHAKE_TRAFFIC_SECRET a3f63fd627eaeeea6b3f77215448d9cb431e152602d29e5b9692c55ac82efd64 f65f5ae7b70c4b50ea37c5dada6fb8a8ebce9037144bb0cf4dc7701cbe74b46b
SERVER_TRAFFIC_SECRET_0 a3f63fd627eaeeea6b3f77215448d9cb431e152602d29e5b9692c55ac82efd64 b539dd4a36d331c29842b44ed3e2f515e5475401b7257d3a7a5ff60949b1ceda
SERVER_HANDSHAKE_TRAFFIC_SECRET a4d1f9fa1d0246f60ed30c14e1d441f764bd6db44acaff11e0f892281448f727 86db43e36cdcb2ad23b833c74ba9a83117a53fa096f6f85a241f952fd00e1281
CLIENT_HANDSHAKE_TRAFFIC_SECRET a4d1f9fa1d0246f60ed30c14e1d441f764bd6db44acaff11e0f892281448f727 e747ff779062d99a2927fc6aa047f796d70e31d6b9fba58acdeb2628ed66f2dd
SERVER_TRAFFIC_SECRET_0 a4d1f9fa1d0246f60ed30c14e1d441f764bd6db44acaff11e0f892281448f727 fa369a6da57ab5220e9ecd3fb48a960a0a5970ec1b4cc12397808c211af58df8
CLIENT_TRAFFIC_SECRET_0 a4d1f9fa1d0246f60ed30c14e1d441f764bd6db44acaff11e0f892281448f727 46e3613ebfb2a73a71acb9cf51836560cc0b1c6b7d5956fb8745327f76c8c71f
SERVER_HANDSHAKE_TRAFFIC_SECRET 76d56eccc47410ab3f7ed2f4fc198ee4aa989673d18959e683061b8bac001f03 ba0559696b6baf1113c00871726fbc916816af9a811ba32ab6c38821c3b7be2a
CLIENT_HANDSHAKE_TRAFFIC_SECRET 76d56eccc47410ab3f7ed2f4fc198ee4aa989673d18959e683061b8bac001f03 c1ceb720bfce7f426a0c28fc9f2b9322ec15126fb232324bec5d2179343dcbe1
SERVER_TRAFFIC_SECRET_0 76d56eccc47410ab3f7ed2f4fc198ee4aa989673d18959e683061b8bac001f03 bf6e4b13781ba3c3b23413c0a69f9cc69eeca0025ac7b38284b9538788d06215
SERVER_HANDSHAKE_TRAFFIC_SECRET 4fefb348fd3ebd341c3f8a4e36de91517191f1cebcb8a8ee615bd306439bf84a e9b6463d1facfd4bb1e4e205eecf1fa865c0f9ba46d9d374181a3d43d364f889
CLIENT_HANDSHAKE_TRAFFIC_SECRET 4fefb348fd3ebd341c3f8a4e36de91517191f1cebcb8a8ee615bd306439bf84a 4267c0a299ae71ad418beea585b43fe0867ea83f7ee28af4bf431443ff015b4d
SERVER_TRAFFIC_SECRET_0 4fefb348fd3ebd341c3f8a4e36de91517191f1cebcb8a8ee615bd306439bf84a 0c16be4c62a430ce786fdf337d5a1b309e84e0f66d8c5617090405c6553ef85c
SERVER_HANDSHAKE_TRAFFIC_SECRET d4b1ccd9993fb234d89627fa493e376acf0a0befca53c595d7636f77b13f7b2b 3fedebf488ee2e1c6ddf0675a6b20b8942965e209f524e65500952e954528c1e
CLIENT_HANDSHAKE_TRAFFIC_SECRET d4b1ccd9993fb234d89627fa493e376acf0a0befca53c595d7636f77b13f7b2b 8415b4e4483297dc52229dba61c2100b84dcdb9122443eb20a18a7e7e38d929c
SERVER_TRAFFIC_SECRET_0 d4b1ccd9993fb234d89627fa493e376acf0a0befca53c595d7636f77b13f7b2b 433cdf1b1786c55b6d26d33c26691207c4b068d6b59240c76dcc92befb993228
SERVER_HANDSHAKE_TRAFFIC_SECRET c4943b82935311b84ccd82ed0563c370b542842bd8c3924c396f5311010cbc68 c4506798e84b070007456f52ca3b061ff35764e18cdc1eef06ec7cc58d64e302
CLIENT_HANDSHAKE_TRAFFIC_SECRET c4943b82935311b84ccd82ed0563c370b542842bd8c3924c396f5311010cbc68 6194455769614000da4fc24f9fa18bed6c0a42121bca9c177038a83fd9a6baf9
SERVER_TRAFFIC_SECRET_0 c4943b82935311b84ccd82ed0563c370b542842bd8c3924c396f5311010cbc68 09af63bb4189b9439af2ea32e2845488df242424dc756101ea7a9a9ed16405a8
SERVER_HANDSHAKE_TRAFFIC_SECRET ae4175e5cee4bb862b64e66d261c378f501365fa416f25c0df4dd3b20c7edb24 9bc80a3b6e0ce9a870d359029039d6dbc09c8fd8487f5a855e7d4edc323fa345
CLIENT_HANDSHAKE_TRAFFIC_SECRET ae4175e5cee4bb862b64e66d261c378f501365fa416f25c0df4dd3b20c7edb24 44ccd770f84a8d0798af259230e3fa1cd1b6a2af686f50a63d5ba9e40f0efa0c
SERVER_TRAFFIC_SECRET_0 ae4175e5cee4bb862b64e66d261c378f501365fa416f25c0df4dd3b20c7edb24 87a957fdfc4d040c560b8e38235ee2bbf440bd9327f64ba74162f80ead679ad7
SERVER_HANDSHAKE_TRAFFIC_SECRET fd2726e28e73e883d30a353ba7d4ce4305d71379c30a3812a4ec951f2c0255c3 8192485561a89f17417cc8a992cc2b33052453f62605a2aa1fd8ca1b2c021ed6
CLIENT_HANDSHAKE_TRAFFIC_SECRET fd2726e28e73e883d30a353ba7d4ce4305d71379c30a3812a4ec951f2c0255c3 7d7884301c839c54abc3e58ae9d74166361fe540c0788d7952612dae8734cb2f
SERVER_TRAFFIC_SECRET_0 fd2726e28e73e883d30a353ba7d4ce4305d71379c30a3812a4ec951f2c0255c3 fdac231197006418385229150d6f8ffe34ae33b45782a194aa3f277c7d341e04
CLIENT_TRAFFIC_SECRET_0 fd2726e28e73e883d30a353ba7d4ce4305d71379c30a3812a4ec951f2c0255c3 d3ca5a834646f54ad07664ff664bc20c7758c4f0209a60563113dad90ed0bef6
SERVER_HANDSHAKE_TRAFFIC_SECRET 2fd8660a4958ab93a0c07d61d76a7a645662619c42ae67957c49f71ec4123928 f43464ba10cfbf598daf3002f6564d6083cafe8ecb1eb9b163ac7176a54cf74f
CLIENT_HANDSHAKE_TRAFFIC_SECRET 2fd8660a4958ab93a0c07d61d76a7a645662619c42ae67957c49f71ec4123928 f417715b4a6ab6fd05ebcfb2a002aa00280aafb7683fa821e4b0db2d54bd2c33
SERVER_TRAFFIC_SECRET_0 2fd8660a4958ab93a0c07d61d76a7a645662619c42ae67957c49f71ec4123928 bffc3bd9c3d45c9f8f739c5e0801ef770df56f8c043755cf40a4983ce689a131
CLIENT_TRAFFIC_SECRET_0 2fd8660a4958ab93a0c07d61d76a7a645662619c42ae67957c49f71ec4123928 d8b1ce6b83c802bb8e11de4fe820a77db10d6dcf49eca71e6f66826f15825df3
SERVER_HANDSHAKE_TRAFFIC_SECRET 221a50c918baa75721e266fc472c78ba3d985fe9382f76182952e2a64c33407b 9e51d0a82368ad3b2001793e208d8ac9e0790eb16dc16019064d011c3d1679f7
CLIENT_HANDSHAKE_TRAFFIC_SECRET 221a50c918baa75721e266fc472c78ba3d985fe9382f76182952e2a64c33407b 2f22308220612f3731b9bdbfe85a64274561b5886595a5ea28d90cef588662f9
SERVER_TRAFFIC_SECRET_0 221a50c918baa75721e266fc472c78ba3d985fe9382f76182952e2a64c33407b 276ba705ed1e6c6673bc1dd05abed6d82fb38be1afaaf8ce5677cc15b487270a
CLIENT_TRAFFIC_SECRET_0 221a50c918baa75721e266fc472c78ba3d985fe9382f76182952e2a64c33407b d3a0097e64690ca0d492b557f6bb78a5a62f838b933d14926a5a51e0a5dac7b6
SERVER_HANDSHAKE_TRAFFIC_SECRET 4f71dea07b2282323ecde39a1efe1f4891981564afd5fc38697dcb62d9ad6713 ba74e18ff22a389409066068094925c11b8ca403a5b068b36bb3d9a2802ce61d
CLIENT_HANDSHAKE_TRAFFIC_SECRET 4f71dea07b2282323ecde39a1efe1f4891981564afd5fc38697dcb62d9ad6713 b624803fb09066fa69efe258ad637ea74493adcdfc9682d4604aa7d7638b778c
SERVER_TRAFFIC_SECRET_0 4f71dea07b2282323ecde39a1efe1f4891981564afd5fc38697dcb62d9ad6713 f4c7d6930449d70099385c8f6161d132f6cb81eee776d65e2eb98f3c0f7c886b
CLIENT_TRAFFIC_SECRET_0 4f71dea07b2282323ecde39a1efe1f4891981564afd5fc38697dcb62d9ad6713 45fc0b416bce02b430d2038dba2b29e2aa8524125f86bca499e2ae7909df1513
SERVER_HANDSHAKE_TRAFFIC_SECRET 4ed8955a70ecd70b88eb4cc1fcc3fbbe5e8c3ee8ac7ae3e4c84d1251ff43f4e3 b7a8497735408b63cf5f1113246e4293a95030e15336c56e882c9004e8e72540
CLIENT_HANDSHAKE_TRAFFIC_SECRET 4ed8955a70ecd70b88eb4cc1fcc3fbbe5e8c3ee8ac7ae3e4c84d1251ff43f4e3 ab5156638a26f30a2107b64945bcd52d983ffd7f74b4fdbe717eb984bd23aa44
SERVER_TRAFFIC_SECRET_0 4ed8955a70ecd70b88eb4cc1fcc3fbbe5e8c3ee8ac7ae3e4c84d1251ff43f4e3 48a3d52e9da0a1036858bf59024ea481dfb4bd0042ab3d7281d20e24e0e4ef1e
CLIENT_TRAFFIC_SECRET_0 4ed8955a70ecd70b88eb4cc1fcc3fbbe5e8c3ee8ac7ae3e4c84d1251ff43f4e3 41dc2141b521e0fbc41cf1141c16970da65bb287359b09ff1751e040dc52d09b
SERVER_HANDSHAKE_TRAFFIC_SECRET e0782ff224334fde63947a4390c5499cc40dc3c323281e2a92e5fa46da8fcba4 27ff2432f90644192c8dd980877ed0d393dc069da3af6eee5188868966eff505
CLIENT_HANDSHAKE_TRAFFIC_SECRET e0782ff224334fde63947a4390c5499cc40dc3c323281e2a92e5fa46da8fcba4 6a1dbb305ee8d55e0fba85ed52f73a56dbf0c74344684987b5413ef4322bc1b1
SERVER_TRAFFIC_SECRET_0 e0782ff224334fde63947a4390c5499cc40dc3c323281e2a92e5fa46da8fcba4 62b4ab4d7db6a54c68fc69170d12ee972fd2f193c0880518f4ff7a3973998ef6
CLIENT_TRAFFIC_SECRET_0 e0782ff224334fde63947a4390c5499cc40dc3c323281e2a92e5fa46da8fcba4 19f675075d880b7ff0ca1680884fa478aff498401218612c6fceaafd2b53b802
SERVER_HANDSHAKE_TRAFFIC_SECRET 1eaa7fc80c4595975c7f98ab8020e4e0a9a7a445b401ef432f67df62d4a1ca9e 17fa981d0e15a1328f9ce4fa2607e0fa12a2f9edc150bedf59218bfca356efdb
CLIENT_HANDSHAKE_TRAFFIC_SECRET 1eaa7fc80c4595975c7f98ab8020e4e0a9a7a445b401ef432f67df62d4a1ca9e a7f89f4d5f1939812f3374f821ae1c308703b47d1775356d93998ed15628cf65
SERVER_TRAFFIC_SECRET_0 1eaa7fc80c4595975c7f98ab8020e4e0a9a7a445b401ef432f67df62d4a1ca9e 93649bdc0fb95dfed3b06ff326334357c61ec67656ff6d6a87925f66bf7ae669
SERVER_HANDSHAKE_TRAFFIC_SECRET a698324fe51d356200931ba9832baef25d5b9c574c91c0a340cc7785e3d02ab9 9459eeba53d163d5ade4f25b3e615a32a00a06c461a2679155bdb5a105e83149
CLIENT_HANDSHAKE_TRAFFIC_SECRET a698324fe51d356200931ba9832baef25d5b9c574c91c0a340cc7785e3d02ab9 cd633c38fda1ef2ef17559aea5da45dda9dfd83b5fc69dbf5f2e5493f4a51f8b
SERVER_TRAFFIC_SECRET_0 a698324fe51d356200931ba9832baef25d5b9c574c91c0a340cc7785e3d02ab9 9af6a34c67fa7f5483f54bc6accaff0f744c902aad12917a522ab13aec9a0614
CLIENT_TRAFFIC_SECRET_0 a698324fe51d356200931ba9832baef25d5b9c574c91c0a340cc7785e3d02ab9 636604b4858512376468b439ec08af0f95b0ab9314f62dd585ddf62c9cd31dc3
SERVER_HANDSHAKE_TRAFFIC_SECRET 0aad3f1c69ac8b8c85ad7bd587f44392fb087e2a4db674859af0e8e9baa060fa 17e2ee7072f6ddc022e21ac37413a047b55b9f7dcf5abeaff2e19197fd062778
CLIENT_HANDSHAKE_TRAFFIC_SECRET 0aad3f1c69ac8b8c85ad7bd587f44392fb087e2a4db674859af0e8e9baa060fa 90b5a86869c277ed262cd3059bb3f22bb32d9857c03a30b932915883649a1ea3
SERVER_TRAFFIC_SECRET_0 0aad3f1c69ac8b8c85ad7bd587f44392fb087e2a4db674859af0e8e9baa060fa e483fddc7473e2d655ec05a952a704671185a29d6b13a0ef0766fec13627a548
SERVER_HANDSHAKE_TRAFFIC_SECRET 3c1abe1eaae390da4e228bbbc912b84086ec6a93843fbcd9864fc3898fa17cf3 c3658b580201a73656c5a4fe82db819ed5f77297be01c268105e5a69b5e9995f
CLIENT_HANDSHAKE_TRAFFIC_SECRET 3c1abe1eaae390da4e228bbbc912b84086ec6a93843fbcd9864fc3898fa17cf3 ace51763ba4fd1df2b9ecd66700f407a1f565c8ed757942dbcf43dc321af936a
SERVER_TRAFFIC_SECRET_0 3c1abe1eaae390da4e228bbbc912b84086ec6a93843fbcd9864fc3898fa17cf3 8331d82a3018527502382ff1bd76dd2a08a722c5a9cd49b8856637dbbbb913b7
SERVER_HANDSHAKE_TRAFFIC_SECRET 2d83083a30a477ccb9cebdb6eed8e9f1c621feded303e53d0eeac66084907fb4 956de948e75c2f26e8b095d30539bf71861c3186724a35b3397c6f81f057ae74
CLIENT_HANDSHAKE_TRAFFIC_SECRET 2d83083a30a477ccb9cebdb6eed8e9f1c621feded303e53d0eeac66084907fb4 d7e2f7b11134ee349faf7337c7ab7ab84cedefc0a3a5ce2baf1c4763142f154c
SERVER_TRAFFIC_SECRET_0 2d83083a30a477ccb9cebdb6eed8e9f1c621feded303e53d0eeac66084907fb4 2ef20b5b4c287d6917a4d85f9e3ec8abb7e4dda306f83ed42d960f9d3744805d
SERVER_HANDSHAKE_TRAFFIC_SECRET ee95458c599e3a1c991e9774f989c94253bee73b18eff0a4a19a4473f4e909de 6bfdc5c94258e3523193853251fe980d1eb4b62621825497eaa9449eeed3ca46
CLIENT_HANDSHAKE_TRAFFIC_SECRET ee95458c599e3a1c991e9774f989c94253bee73b18eff0a4a19a4473f4e909de ad46f150daa5fcdb0a075570a7d6cbc1cebd1d2d4e8afe8ee8d5a64c29215a35
SERVER_TRAFFIC_SECRET_0 ee95458c599e3a1c991e9774f989c94253bee73b18eff0a4a19a4473f4e909de 0222682233b89e626370292698093688170db9f4dc32d37cff91cd1560ddb623
CLIENT_TRAFFIC_SECRET_0 ee95458c599e3a1c991e9774f989c94253bee73b18eff0a4a19a4473f4e909de ba654b50c56e3157fe00fe86a649c3c775d77e1058bd35f96676cb9dc3128d85
SERVER_HANDSHAKE_TRAFFIC_SECRET 8d9c8d8b2c75881d472a4a4ba7077151e31280a0e9682011fbd001e2d81b657e 74d5511a464c035410da010d9e7e390907c4023a04cf20d552b7d3d9c54c1771
CLIENT_HANDSHAKE_TRAFFIC_SECRET 8d9c8d8b2c75881d472a4a4ba7077151e31280a0e9682011fbd001e2d81b657e c1272fe9eed24b2170e44ab402ad81748e19fffa0ba7de5ee3fd784ec9640d01
SERVER_TRAFFIC_SECRET_0 8d9c8d8b2c75881d472a4a4ba7077151e31280a0e9682011fbd001e2d81b657e 76de9e3799e6f93f02907ac7e9bfa69c2a97decce2a5eaaff176f179d393ce6f
CLIENT_TRAFFIC_SECRET_0 8d9c8d8b2c75881d472a4a4ba7077151e31280a0e9682011fbd001e2d81b657e f05b2f752bd2538b5e1e973d3dd672c41a6e54cd755f95af96e1ff4f59dd4b80
SERVER_HANDSHAKE_TRAFFIC_SECRET 8a7511163705ff1c3478e6345ee0fbe3a3f6357e20bdb0d5e5c72dbe1fa16b23 89d8211f8872e73f569a9c91b5ec67fdab2683fe49c75dbe2ac64d3887faf11e
CLIENT_HANDSHAKE_TRAFFIC_SECRET 8a7511163705ff1c3478e6345ee0fbe3a3f6357e20bdb0d5e5c72dbe1fa16b23 4bbde18d040ccc2897d926b9a3bfa2c4892a0aa6ed037f095f13eecd3fba9b9a
SERVER_TRAFFIC_SECRET_0 8a7511163705ff1c3478e6345ee0fbe3a3f6357e20bdb0d5e5c72dbe1fa16b23 7f2289454e2c5b183e0d3339e8859e1282716848e396ec5900b1f73bf7a55e66
CLIENT_TRAFFIC_SECRET_0 8a7511163705ff1c3478e6345ee0fbe3a3f6357e20bdb0d5e5c72dbe1fa16b23 96e611b6cf6dc8c935ecb3a807f169361827d06bef5377c2d14de974ba300e1e
SERVER_HANDSHAKE_TRAFFIC_SECRET c7ff51a26d7bc4e12dcf636c8442946a5b1b2237d59fcea0c0043185b7ca705c 49fdfa640702c300ba1dfb64b45a329515dc6cd23286221bd367d3dce9176ef8
CLIENT_HANDSHAKE_TRAFFIC_SECRET c7ff51a26d7bc4e12dcf636c8442946a5b1b2237d59fcea0c0043185b7ca705c ead1046e5c7f253665ef1f308521b05dc6621584c9715f7d851ce460972e6b3e
SERVER_TRAFFIC_SECRET_0 c7ff51a26d7bc4e12dcf636c8442946a5b1b2237d59fcea0c0043185b7ca705c ff8c8f9dcc0762e5012e5531d8de2299f6b5dc1a4f7e7058e0ad1f5003951e84
CLIENT_TRAFFIC_SECRET_0 c7ff51a26d7bc4e12dcf636c8442946a5b1b2237d59fcea0c0043185b7ca705c 22c487e173897db20e00b654aa304d4b105ecf11d7eb3355329173d4bfdd00af
SERVER_HANDSHAKE_TRAFFIC_SECRET 160e9b91cacbb0f714e60b5a76b75f34f698fc86c0c4fb3f9524e43647951efd f66109da93e3a3a12fc658173d4c2d99c85ac93ebb2e1b0f1a358fddd69982d5
CLIENT_HANDSHAKE_TRAFFIC_SECRET 160e9b91cacbb0f714e60b5a76b75f34f698fc86c0c4fb3f9524e43647951efd e9550c1c028d741ba2ff57aa04c3c42f2425bec68a87f08367375935e9abe2cd
SERVER_TRAFFIC_SECRET_0 160e9b91cacbb0f714e60b5a76b75f34f698fc86c0c4fb3f9524e43647951efd 6d9dd337ac4e7d7cc00e62c758b7100676a779b87fd19208835f12cb266605c6
CLIENT_TRAFFIC_SECRET_0 160e9b91cacbb0f714e60b5a76b75f34f698fc86c0c4fb3f9524e43647951efd 118a4fc91a62580a5e1222e4de04ca0f887ac82ffec17a4eea00a2aaa9cee73a
SERVER_HANDSHAKE_TRAFFIC_SECRET 6939d954d55347c41ec9913ef99c68103fd80a0f249bc4acef2aec437f21b930 88a76786070e89b655abb860a80fc7b78809f7358274ca243e15e2bf429b37a1
CLIENT_HANDSHAKE_TRAFFIC_SECRET 6939d954d55347c41ec9913ef99c68103fd80a0f249bc4acef2aec437f21b930 23e81db3611c47e6d850e9bb6462bb3c44c96907b7749e9d53b613efe899605f
SERVER_TRAFFIC_SECRET_0 6939d954d55347c41ec9913ef99c68103fd80a0f249bc4acef2aec437f21b930 89f7df74054dbbd2d285e55a56fa68fa795109d69a34e51a6fc6c50a9b94f467
CLIENT_TRAFFIC_SECRET_0 6939d954d55347c41ec9913ef99c68103fd80a0f249bc4acef2aec437f21b930 895e476c6458255a2c4ee5866d5a3f797fe8e05e7ae52f7c18935981be6e9310
SERVER_HANDSHAKE_TRAFFIC_SECRET 5cd96981b941576d9d3e2e02a02ae1e4e73425de225840140f8ec214c2362ca1 6948dbb400772bbe220e879eb79eaa729a92954799be7b155b23e204e75d55bc
CLIENT_HANDSHAKE_TRAFFIC_SECRET 5cd96981b941576d9d3e2e02a02ae1e4e73425de225840140f8ec214c2362ca1 a92fbb157acc171bc662a4a74cc292716dcca922e316af9de3577e01eae23cb6
SERVER_TRAFFIC_SECRET_0 5cd96981b941576d9d3e2e02a02ae1e4e73425de225840140f8ec214c2362ca1 798828c348da0615c8a40304797a2a7dcece8708e011ff7432212050debf7a5a
CLIENT_TRAFFIC_SECRET_0 5cd96981b941576d9d3e2e02a02ae1e4e73425de225840140f8ec214c2362ca1 1744b759ae37d9f30498faf3e8c844937c25bf10022bbd618c44c45640bd57c2
SERVER_HANDSHAKE_TRAFFIC_SECRET d73c8a450346b650b5a96ad6a609959b113d776fa265e0c0e3dcd3d385bee052 4f5fc7a9c4bae5b7d27b47c67764b01a9dfa9c52f039bdd8551d130d8c5b3121
CLIENT_HANDSHAKE_TRAFFIC_SECRET d73c8a450346b650b5a96ad6a609959b113d776fa265e0c0e3dcd3d385bee052 a0e314d786dc2b99d7d2aee5864c587d1f0fdf3f3fa166a69774c23fb4863d9c
SERVER_TRAFFIC_SECRET_0 d73c8a450346b650b5a96ad6a609959b113d776fa265e0c0e3dcd3d385bee052 f6861185bfe5e2998ba531e6ee08307e4440e93f2afbd4b4e32657858eb26ba1
SERVER_HANDSHAKE_TRAFFIC_SECRET bef862c6d53740ffe145a4040e2c5f84a22c740f1bcc44c883b60fd96dd6e0de 8dbb8d292717c22d2e98b8bf5a6feb44ea1eb3a28df58da3456c08bf0282948b
CLIENT_HANDSHAKE_TRAFFIC_SECRET bef862c6d53740ffe145a4040e2c5f84a22c740f1bcc44c883b60fd96dd6e0de 9019af812a67d0e376e3fb62ec41d6c1447cc0e338384b2f80f4ceb870398ce9
SERVER_TRAFFIC_SECRET_0 bef862c6d53740ffe145a4040e2c5f84a22c740f1bcc44c883b60fd96dd6e0de 4ff339b38a228bc2ca61accdf8154bc44281f3d03e3cd8997e74d9359b409fe5
CLIENT_TRAFFIC_SECRET_0 bef862c6d53740ffe145a4040e2c5f84a22c740f1bcc44c883b60fd96dd6e0de 74ae76f65f70ab3230935d1c037dffb7598281bb2592b1c83c223dc761354da3
SERVER_HANDSHAKE_TRAFFIC_SECRET 9b04f9b49fe2c142f284213deee590fdc8848be6fd0c5ff2d2df416cab2c6273 748af6fe17c598baaaba89bc15fb9b501e4c89a190464c698731a8ccdbf94065
CLIENT_HANDSHAKE_TRAFFIC_SECRET 9b04f9b49fe2c142f284213deee590fdc8848be6fd0c5ff2d2df416cab2c6273 824b566519b3e4717e756af54c37bf54e54f0bde3247e62f5349427b4212ed42
SERVER_TRAFFIC_SECRET_0 9b04f9b49fe2c142f284213deee590fdc8848be6fd0c5ff2d2df416cab2c6273 9d0e994db64104fec187ad75fa8387fcd8758fd528d1972a44b0e821a484ef89
CLIENT_TRAFFIC_SECRET_0 9b04f9b49fe2c142f284213deee590fdc8848be6fd0c5ff2d2df416cab2c6273 b6b4c4d4940319d51c08d255b96ceeef1d093172e40809c13f0d8f4f744d9941
SERVER_HANDSHAKE_TRAFFIC_SECRET ec71fde1c5d90fb12e935b665e83fbad831d1b5cdef548e61ac920b8cb835ec1 fca3c95642a9a5a924b61acb925a1af40fadb21621446bff61abee98aacff5ba
CLIENT_HANDSHAKE_TRAFFIC_SECRET ec71fde1c5d90fb12e935b665e83fbad831d1b5cdef548e61ac920b8cb835ec1 5785504ada9dfb14cf9ad3f6e0bc67be2c590622e1b83dcb7e44cd11de022816
SERVER_TRAFFIC_SECRET_0 ec71fde1c5d90fb12e935b665e83fbad831d1b5cdef548e61ac920b8cb835ec1 c04f89faf1438cbb57de47014d102376577235486913cfd3562f53c13feea6c2
SERVER_HANDSHAKE_TRAFFIC_SECRET e3901c54443c07484d13bab02a72b62d6801bff5de031155c11f58a4a4d66dda 3a3acd6a7556e9e80b875d2e14356fb10ac75c412693c70d0910213ba224b36f
CLIENT_HANDSHAKE_TRAFFIC_SECRET e3901c54443c07484d13bab02a72b62d6801bff5de031155c11f58a4a4d66dda 235974b8fb7e0dc0e9347831346371ed1bf48cde3889183acb782cd3aa3d9360
SERVER_TRAFFIC_SECRET_0 e3901c54443c07484d13bab02a72b62d6801bff5de031155c11f58a4a4d66dda e6faa5116b1fc1895abccac6750b8d996f501c41a6493d8738073ae8a1f3bc3c
SERVER_HANDSHAKE_TRAFFIC_SECRET 65bcb3cb5da1907abd899bb8cbd98ea2addc8201ab757b2ce8a277cfca542d49 ff291225a4f52b554cfaf268ecba7a4fcd8592b3038ddbb2ffd81b96e0b2641d
CLIENT_HANDSHAKE_TRAFFIC_SECRET 65bcb3cb5da1907abd899bb8cbd98ea2addc8201ab757b2ce8a277cfca542d49 7195e8715857e612cee2e5e58be4f8114d74077a396f6fdeff4425a4726dcbf2
SERVER_TRAFFIC_SECRET_0 65bcb3cb5da1907abd899bb8cbd98ea2addc8201ab757b2ce8a277cfca542d49 98467e5f82d39d7a81b74eb58655a43c73cd6c12a00b1e4dbdec5a5024d758fc
CLIENT_TRAFFIC_SECRET_0 65bcb3cb5da1907abd899bb8cbd98ea2addc8201ab757b2ce8a277cfca542d49 e093000ac319568c01f05d92f78e50cdb21fd96dd73a4243bb796177e6c49a0c
SERVER_HANDSHAKE_TRAFFIC_SECRET 215d2fc6fef4579012edd7b08e9e049221675fb852ed102988b494ffa95e68d5 68e753bba98fa9b4d2812d91c9169ef5f02030602064a1885761feaee976b7b8
CLIENT_HANDSHAKE_TRAFFIC_SECRET 215d2fc6fef4579012edd7b08e9e049221675fb852ed102988b494ffa95e68d5 025f617c560a7ed2cca21a1103c309026472c7ab869f34965c8ce6c75c9378da
SERVER_TRAFFIC_SECRET_0 215d2fc6fef4579012edd7b08e9e049221675fb852ed102988b494ffa95e68d5 3b02375a60d44f771663eca9343f96e43ba5e098034d64c73dd4bb2d87c598bb
CLIENT_TRAFFIC_SECRET_0 215d2fc6fef4579012edd7b08e9e049221675fb852ed102988b494ffa95e68d5 d94a6a165da148b9e342468620057829d28256db1bc781c48ead67a3f19e73f6
SERVER_HANDSHAKE_TRAFFIC_SECRET 38380da49cb84a2b55bd4f360c9f9987d55c07d8e48fc514fa74b0fd38e3d0d5 a131dd57eee61f0f497f4a9bf018fe97661a44aba5dd77af1efd5b0ca34d8b42
CLIENT_HANDSHAKE_TRAFFIC_SECRET 38380da49cb84a2b55bd4f360c9f9987d55c07d8e48fc514fa74b0fd38e3d0d5 47d8db56d72b7edbfc1daa4139181d52e1159e71a028dced087bd9e02684e27f
SERVER_TRAFFIC_SECRET_0 38380da49cb84a2b55bd4f360c9f9987d55c07d8e48fc514fa74b0fd38e3d0d5 62450d2bafb661432ec4dcfcdc55a1ca40da3164691e6a903a6571f0165eda26
CLIENT_TRAFFIC_SECRET_0 38380da49cb84a2b55bd4f360c9f9987d55c07d8e48fc514fa74b0fd38e3d0d5 2139cb86272db4de93e7d62ee04328c3d643f5fe38b2270054f3a0d0917f4e19
SERVER_HANDSHAKE_TRAFFIC_SECRET 6ca2194d1c47ddfc815d932b4427c9ae446508ee172005b3be4bf7c6dab3b82c 95623241c4c0817ca45dc904934d8c42e710d8023e1f73a075ef019e0d20c564
CLIENT_HANDSHAKE_TRAFFIC_SECRET 6ca2194d1c47ddfc815d932b4427c9ae446508ee172005b3be4bf7c6dab3b82c ca99c3ae5d847ec17fb6d5e60e3b7c0eb0563070c59b16eb2d29ef9747a0c2f1
SERVER_TRAFFIC_SECRET_0 6ca2194d1c47ddfc815d932b4427c9ae446508ee172005b3be4bf7c6dab3b82c 02f8afff78d122f5e598cdebb1db015630c5cf6680b53a19d2e1f2b7e19ddab6
CLIENT_TRAFFIC_SECRET_0 6ca2194d1c47ddfc815d932b4427c9ae446508ee172005b3be4bf7c6dab3b82c d062e10c2d3b5f9a6179094455f7cbb4e2351a1f52f9510792190eac9bcca7bd
SERVER_HANDSHAKE_TRAFFIC_SECRET 29219396810442b3d98029f69fef5ea6c8632edf23daa2104d39c79d4e471cbd 1b2e6018efc331653a4976cb80aa720dd050a001e675b9d24b4babc134f5843b
CLIENT_HANDSHAKE_TRAFFIC_SECRET 29219396810442b3d98029f69fef5ea6c8632edf23daa2104d39c79d4e471cbd 2fe4baaa1289380ccdcceaa7fad6e9c913068ec72c41f95d34fc8edff0340ed2
SERVER_TRAFFIC_SECRET_0 29219396810442b3d98029f69fef5ea6c8632edf23daa2104d39c79d4e471cbd 4d82581af89f940d1bc476745feaddaa2a06b1fe05f0dd81c8ac731204f69a04
SERVER_HANDSHAKE_TRAFFIC_SECRET 433571b2daf8398021938da611808a1bf85a8e81f6c5b11ef2add7fa0121e6f1 46a50d1f8470593e72f3d77dae08dbcc6b1e7b74f5ca2c0077e0c5f0a444af41
CLIENT_HANDSHAKE_TRAFFIC_SECRET 433571b2daf8398021938da611808a1bf85a8e81f6c5b11ef2add7fa0121e6f1 5139523721d18ad08edd87407a73f01adc352ee86d9752d3197eb65cd00fd12d
SERVER_TRAFFIC_SECRET_0 433571b2daf8398021938da611808a1bf85a8e81f6c5b11ef2add7fa0121e6f1 cc0742d5bba146089b64d7c6589b7b4fda3baf51eafd25678db2a2cf6a6ca3be
SERVER_HANDSHAKE_TRAFFIC_SECRET ecb1d6d7e59396fd7799ac55fd85cf82fa83f2e225955556845f298f59556ca5 292937a6da10beb21976b5c139c700709747dfb849842fc83b9621f93c25c6fd
CLIENT_HANDSHAKE_TRAFFIC_SECRET ecb1d6d7e59396fd7799ac55fd85cf82fa83f2e225955556845f298f59556ca5 d1c113ff8e0991139ba31c1dfa7adea74e37426b3a784a0e727669b0ead17a6e
SERVER_TRAFFIC_SECRET_0 ecb1d6d7e59396fd7799ac55fd85cf82fa83f2e225955556845f298f59556ca5 bb56dee8c2a728ee0f4b056db067cb89bfd6922d56d42ac8f1b00e0c2c64ab27
CLIENT_TRAFFIC_SECRET_0 ecb1d6d7e59396fd7799ac55fd85cf82fa83f2e225955556845f298f59556ca5 48c20412d4df9f44a1db2c9ac7a47026e3ff0ce59c12a807e2433573c0123da3
SERVER_HANDSHAKE_TRAFFIC_SECRET 79655dd1ea6c39035734f6b82f5c7d557f081bbb8c30bbea15f06c61fcac0b2b 8a4aee64a98db6bc9cbf1f9a38279e19dab88361acf4a84b019158ee8b05b94e
CLIENT_HANDSHAKE_TRAFFIC_SECRET 79655dd1ea6c39035734f6b82f5c7d557f081bbb8c30bbea15f06c61fcac0b2b e51b6f17946432c3c6de68d2aef7bcab4ed392ee07bae7617ee93ff97fe7814c
SERVER_TRAFFIC_SECRET_0 79655dd1ea6c39035734f6b82f5c7d557f081bbb8c30bbea15f06c61fcac0b2b f250b3fb1db67a8f7e88e687d4e8fdd6e2da53c43bc930c55f675e999b6b9112
CLIENT_TRAFFIC_SECRET_0 79655dd1ea6c39035734f6b82f5c7d557f081bbb8c30bbea15f06c61fcac0b2b fbfb6c85b8049752b81a64bc97499e8fd7474f46c5b846ce9f8a8a35a0b6c93d
SERVER_HANDSHAKE_TRAFFIC_SECRET bbc30bf49ae67a01d6b1a4606b6b0162cbd6c913a157c375ee0e27085418bfae 8e3a1ed9a48f5487642c1890a868b633d6726ac19e46a1f9d0c7783940886761
CLIENT_HANDSHAKE_TRAFFIC_SECRET bbc30bf49ae67a01d6b1a4606b6b0162cbd6c913a157c375ee0e27085418bfae 7eb0f74bfc10b827748c4ab4e41589577c67d4b40a9da71aa5cf681de71f991f
SERVER_TRAFFIC_SECRET_0 bbc30bf49ae67a01d6b1a4606b6b0162cbd6c913a157c375ee0e27085418bfae 9f2d0ece1472c830dd5cd7b74a39752b389fb2d0065d1480c55c19f6481cc08e
SERVER_HANDSHAKE_TRAFFIC_SECRET b9214334a85799550bc274acdadb466f3b7505ba012d4e739ffa1fd78b47bc82 1555b7d4e45300d70ab13b2af2b99ebfbbe5cee242d6e5de14f6f6465a8458d0
CLIENT_HANDSHAKE_TRAFFIC_SECRET b9214334a85799550bc274acdadb466f3b7505ba012d4e739ffa1fd78b47bc82 de91c9c2450a3e96802041c0219ed972d77386c4a95f09c5ec048655ab41cfaf
SERVER_TRAFFIC_SECRET_0 b9214334a85799550bc274acdadb466f3b7505ba012d4e739ffa1fd78b47bc82 7e6ecd33f207be30f6c9ceac731f6eb4faaca92d3d0b425583b64dcc73141583
CLIENT_TRAFFIC_SECRET_0 b9214334a85799550bc274acdadb466f3b7505ba012d4e739ffa1fd78b47bc82 f173bc0a16b149aafc0f77c60d1e8d98d7c770a023cbff8ebe887fe33116db6e
SERVER_HANDSHAKE_TRAFFIC_SECRET 37ac500e8ae01e691b2a29fca328b746345daad0d25129f831881a3f46af1440 de00d60df965a9843ed5283fe3b556fe32c905c8d44d32d160b5368e75458293
CLIENT_HANDSHAKE_TRAFFIC_SECRET 37ac500e8ae01e691b2a29fca328b746345daad0d25129f831881a3f46af1440 227be48bc558a2570445eeb4f11f7bc849b97bb9c171211867512c28378d79e2
SERVER_TRAFFIC_SECRET_0 37ac500e8ae01e691b2a29fca328b746345daad0d25129f831881a3f46af1440 7451358fe1e5730ef426808358191f40b29ca4c807f44d832160c40bb2fcf9ba
CLIENT_TRAFFIC_SECRET_0 37ac500e8ae01e691b2a29fca328b746345daad0d25129f831881a3f46af1440 20a96028ead05a91ac0c9be60447712856f3d5a643401d766b415b68530f42f0
SERVER_HANDSHAKE_TRAFFIC_SECRET 0255a32e3faf6b834c596b24a46eb5d7c5e6e4c9926b5bfd8a3054fcefcc720a b9297f6d6a68b221e52ba96a255ac9faa20f1039b8d5205835b634cd0bfb2e8c
CLIENT_HANDSHAKE_TRAFFIC_SECRET 0255a32e3faf6b834c596b24a46eb5d7c5e6e4c9926b5bfd8a3054fcefcc720a 0e6db0247d2fe9250dc20fe86628c63a39cc3feaca386353847f679e11e98fb5
SERVER_TRAFFIC_SECRET_0 0255a32e3faf6b834c596b24a46eb5d7c5e6e4c9926b5bfd8a3054fcefcc720a 7af2f9ac5eef32c240f7e0297014f2bdee79a07435765abe8958304fa82f4519
CLIENT_TRAFFIC_SECRET_0 0255a32e3faf6b834c596b24a46eb5d7c5e6e4c9926b5bfd8a3054fcefcc720a 81bae9b2e2f77a74a59bef7cb917316b5cd781859e151f5d4cdab6c39cfa5996
SERVER_HANDSHAKE_TRAFFIC_SECRET 9f5d5fac945f69e6e289693bb32f5822b0ef5bc5e12b5113bfdadf28326a5947 3e78c3ea956b5c781554646d07712077852c1bd63fb2712f38fb9b0d38a04dcc
CLIENT_HANDSHAKE_TRAFFIC_SECRET 9f5d5fac945f69e6e289693bb32f5822b0ef5bc5e12b5113bfdadf28326a5947 baf6e99e5ffbf2893d49824276de456c3914989b9d344772aa747dba8479d14f
SERVER_TRAFFIC_SECRET_0 9f5d5fac945f69e6e289693bb32f5822b0ef5bc5e12b5113bfdadf28326a5947 0292d3bd71589e4d6c9c3c03dcd5aee0f33de719041708039f2775f895b2033a
CLIENT_TRAFFIC_SECRET_0 9f5d5fac945f69e6e289693bb32f5822b0ef5bc5e12b5113bfdadf28326a5947 97f86ff4cfa2ee6d3a6e390b8ca1ef71afeb16bc8aadbe256440919a9731d969
SERVER_HANDSHAKE_TRAFFIC_SECRET 6e78ab9969e1e333355003e237216ef2a02178606ef632d9cd1b332801cebcbb d786e60000b0945227c85f560a37fd5847e93475fe8b79e227d260901b5dd167
CLIENT_HANDSHAKE_TRAFFIC_SECRET 6e78ab9969e1e333355003e237216ef2a02178606ef632d9cd1b332801cebcbb 3e3bafabdc8140367436f544c1fa77e2ea44e000a74361d89521a019360ab989
SERVER_TRAFFIC_SECRET_0 6e78ab9969e1e333355003e237216ef2a02178606ef632d9cd1b332801cebcbb 8e86429035ef51c44c7d870cda2c75ad0e047489c0aa4d8abcb7e1afb7489ab7
SERVER_HANDSHAKE_TRAFFIC_SECRET 4aa6d2bdde6157360d6d3e482c399860d5771dbbeb07d9dfedd1262beb51e810 8f0a68a2f6045359d8e029d4f4481248eef96baa03a1b0199326709ed303e978
CLIENT_HANDSHAKE_TRAFFIC_SECRET 4aa6d2bdde6157360d6d3e482c399860d5771dbbeb07d9dfedd1262beb51e810 c2c6b9b0e5869c142c1a26d11012e801e45c544d75a83973368e940d154d879a
SERVER_TRAFFIC_SECRET_0 4aa6d2bdde6157360d6d3e482c399860d5771dbbeb07d9dfedd1262beb51e810 a78342795dc2344d8b1cb5b55bbe66933a7ee1d3a8d725e74e219400374a8331
CLIENT_TRAFFIC_SECRET_0 4aa6d2bdde6157360d6d3e482c399860d5771dbbeb07d9dfedd1262beb51e810 5e87974985a96400d2b23f31db9d905d7cd93230453457951dbc65bd77b8679e
SERVER_HANDSHAKE_TRAFFIC_SECRET 8822b00887b210abd2e4ff4e527b7edd4d150228bdf6c10c6630b728f0703491 67b91eedbea1d151adb79eb0fe28176631895917376cbca4fb9e0cd1d0914496
CLIENT_HANDSHAKE_TRAFFIC_SECRET 8822b00887b210abd2e4ff4e527b7edd4d150228bdf6c10c6630b728f0703491 5ea02a5af71904e2c0f57aa98c17892e54b9f86c248aeb5839582ddd9388ce38
SERVER_TRAFFIC_SECRET_0 8822b00887b210abd2e4ff4e527b7edd4d150228bdf6c10c6630b728f0703491 fedfbf9c2850fa62d121d375b032d270880ec2a935e4ad0a5a86d203ad98c6bc
SERVER_HANDSHAKE_TRAFFIC_SECRET 0d7a17fb2fd40b08a11790d5f16fe2e26c64dc17ef8618af0fbb6880979ae702 28bc1f5188225fd3c0aebfe111ee2c763ac5222b4b0ab766dd5ba3d7ec435b03
CLIENT_HANDSHAKE_TRAFFIC_SECRET 0d7a17fb2fd40b08a11790d5f16fe2e26c64dc17ef8618af0fbb6880979ae702 11d1701b58bdeae5bbec8f86b3183f71e2834058bd71e09a256ee5436256d696
SERVER_TRAFFIC_SECRET_0 0d7a17fb2fd40b08a11790d5f16fe2e26c64dc17ef8618af0fbb6880979ae702 6515b54e717330cae6d711b25729b96dcec7c1269d1300f8f2aac30dd392f4a7
CLIENT_TRAFFIC_SECRET_0 0d7a17fb2fd40b08a11790d5f16fe2e26c64dc17ef8618af0fbb6880979ae702 4bba514eda4b8a6b879dd7e2a6ae6af03eefc34ee54b50a60d203d05db34c7cb
SERVER_HANDSHAKE_TRAFFIC_SECRET 1c17e498eb50fd7d33344ca7067f311a2348637add70ddd9ef749901436cf998 60aa4be6e5971a248b6e4ea942a2e808f49820ecd929aa4f567c513ad261e2a7
CLIENT_HANDSHAKE_TRAFFIC_SECRET 1c17e498eb50fd7d33344ca7067f311a2348637add70ddd9ef749901436cf998 3462f551e1b11ee14ed31834b40b50eefcef832a58d27143540ec53ae04a8e4f
SERVER_TRAFFIC_SECRET_0 1c17e498eb50fd7d33344ca7067f311a2348637add70ddd9ef749901436cf998 da4a8a8a471342c8a7c73a41885bda39264dac70d7ca66c3236725f0b932f87f
CLIENT_TRAFFIC_SECRET_0 1c17e498eb50fd7d33344ca7067f311a2348637add70ddd9ef749901436cf998 212c07e586fd1c8538de7b55836b22f1fc7300059976beba01f7e60d36c7fcba
SERVER_HANDSHAKE_TRAFFIC_SECRET 1b323410aef658a3361cc106bda84b95047f0ac34c2baf89a9668ec0343d145f ffa84d97e96f2748132dfe3eb70a725ccdbdd8a50f6622102a6010bf3c9fa9b0
CLIENT_HANDSHAKE_TRAFFIC_SECRET 1b323410aef658a3361cc106bda84b95047f0ac34c2baf89a9668ec0343d145f 242db1ecf1ea7c60dcef2bbc03e615487499e25c715b63c9c40d85bec3d5ef37
SERVER_TRAFFIC_SECRET_0 1b323410aef658a3361cc106bda84b95047f0ac34c2baf89a9668ec0343d145f b96cd679ab1d8a7d55dc02a60a9a2536c5b565f433fa60b5c756eeb1f77d4708
CLIENT_TRAFFIC_SECRET_0 1b323410aef658a3361cc106bda84b95047f0ac34c2baf89a9668ec0343d145f 8d956a8c1cf7581810bf8740e1ccdc9d1cd15e90a511796016347d5424e71ac6
SERVER_HANDSHAKE_TRAFFIC_SECRET 5dce45d5eb6af26d3a817a0c0a4a839af3b250a6f4c7e58847fe078da3d288de 9c3984b18f910830b3c604acc670bba1c6c6475a75c5def5f39e3684b1f58773
CLIENT_HANDSHAKE_TRAFFIC_SECRET 5dce45d5eb6af26d3a817a0c0a4a839af3b250a6f4c7e58847fe078da3d288de cc2710146869274aae9cf19d50037214defe7a5cfa8c8ac7ff8bf1c409116a01
SERVER_TRAFFIC_SECRET_0 5dce45d5eb6af26d3a817a0c0a4a839af3b250a6f4c7e58847fe078da3d288de 5f1dd31c845b7ae26484ecfa840dbfa38e4e67b32a572800346a75dc79b7ba31
CLIENT_TRAFFIC_SECRET_0 5dce45d5eb6af26d3a817a0c0a4a839af3b250a6f4c7e58847fe078da3d288de 5a5fc778bccdbf97b2b9e5c9bb5618994749d78a5cfe584c9eabf870e55c61bd
SERVER_HANDSHAKE_TRAFFIC_SECRET 9e87e1ad2fc89624d190f507aa195b62a39c3b091ad535c726fcb74e8d8447b6 65384d65c3847d70059e9052c5796cc84c8d90b5c203b4343fe4432a11d60d4c
CLIENT_HANDSHAKE_TRAFFIC_SECRET 9e87e1ad2fc89624d190f507aa195b62a39c3b091ad535c726fcb74e8d8447b6 7b8b9c8913a6a181c1b53f2217f000ee79ba337c53d1fd407b1444d5c8e9b39c
SERVER_TRAFFIC_SECRET_0 9e87e1ad2fc89624d190f507aa195b62a39c3b091ad535c726fcb74e8d8447b6 f1026df91a72fcf16af0cd556536802b06c683cd82b3d6f1b37804a5d95d2592
SERVER_HANDSHAKE_TRAFFIC_SECRET f0a31ad51b9673648e190c378e20cc9d549396c20647547398bd44f58924c5c7 4831fddb49aa20278a666225a2d45668d4fdbe0d7360851db8e0bae862b73b87
CLIENT_HANDSHAKE_TRAFFIC_SECRET f0a31ad51b9673648e190c378e20cc9d549396c20647547398bd44f58924c5c7 3fedac873ccaa77227a2716e71dae755ffdff042a324d9faff5a0592217e2bd8
SERVER_TRAFFIC_SECRET_0 f0a31ad51b9673648e190c378e20cc9d549396c20647547398bd44f58924c5c7 aecd86e7b02f3500bb8a2863b3d23186948cc41c7e683f9a74d3633ead4530df
SERVER_HANDSHAKE_TRAFFIC_SECRET a011b69baafcf2dc8df5b4ce9affb3d572fdc6f5535b467d86f9bea75c3f347f bf7d7d5d70db6274d926bad40f8f2046adfca07cb902dd85533ecc5001b6df95
CLIENT_HANDSHAKE_TRAFFIC_SECRET a011b69baafcf2dc8df5b4ce9affb3d572fdc6f5535b467d86f9bea75c3f347f 130b4383376fb987007bfd442d6a72b822b0eba9eb76086843d3dbe9812a6bac
SERVER_TRAFFIC_SECRET_0 a011b69baafcf2dc8df5b4ce9affb3d572fdc6f5535b467d86f9bea75c3f347f 3c167a6b57fe51049bb0cdc44e81b2d03f2632702a942abd5c7b50ed3205a1c3
SERVER_HANDSHAKE_TRAFFIC_SECRET ace063fdef177d9404727a2f903e1ecb638876106f11594847583a3b06cdb8e6 7199e491c9f18e4db556ff0cb11efba5551e34c8255bb3fd8d86fef4485afe6c
CLIENT_HANDSHAKE_TRAFFIC_SECRET ace063fdef177d9404727a2f903e1ecb638876106f11594847583a3b06cdb8e6 70a1fdb4d1a4de2211d7f3b2498abc84585d3dbbdc2b6a5b90dc8b179bb935a2
SERVER_TRAFFIC_SECRET_0 ace063fdef177d9404727a2f903e1ecb638876106f11594847583a3b06cdb8e6 ec382008eaf4e0e47a4bc09fe0017e43177e9df4e476788a32864343b98c51fb
SERVER_HANDSHAKE_TRAFFIC_SECRET 538a6ee520cbe0f150cf8ff817c0eefe365cfc08479a2c286d9802020a8c49e8 ab92a88f014817b33debea611a5f7533f6ff91046aea3e06e157653f10fae9c7
CLIENT_HANDSHAKE_TRAFFIC_SECRET 538a6ee520cbe0f150cf8ff817c0eefe365cfc08479a2c286d9802020a8c49e8 ed2895b21a9ebcef9ee44b56e3bba4d910182649fe864bd9cf50a247cebd4fa3
SERVER_TRAFFIC_SECRET_0 538a6ee520cbe0f150cf8ff817c0eefe365cfc08479a2c286d9802020a8c49e8 194693c0c950df5bcd6fb06d3043aa1793a1708e0dacf47e8df9ad53696c352f
CLIENT_TRAFFIC_SECRET_0 538a6ee520cbe0f150cf8ff817c0eefe365cfc08479a2c286d9802020a8c49e8 e1b79a9f81b40a15e0e0b8556cc4c50d6ce52d3a33906676ab1a7898964ca4f0
SERVER_HANDSHAKE_TRAFFIC_SECRET 948afa45e7185fce82ebcf515b9f447f6851f14fe73903e84bf87b77d1af3936 6043a45aa7cd09621bb01524b0f0a52ed38501eee1b197f0d53987c19e490d55
CLIENT_HANDSHAKE_TRAFFIC_SECRET 948afa45e7185fce82ebcf515b9f447f6851f14fe73903e84bf87b77d1af3936 d0def3a1411640511cd7ea3aaf5062cf9752b47182989f5b8c37a408acf13e5d
SERVER_TRAFFIC_SECRET_0 948afa45e7185fce82ebcf515b9f447f6851f14fe73903e84bf87b77d1af3936 5c15084822869ffbcf7596e4ba2cd445c319232c465ed50a73dacf46807d137c
SERVER_HANDSHAKE_TRAFFIC_SECRET afddc1f9dab53f5a27b3d5938d9a9890d6f233efe4f3d08cb61584bd3e384496 0292efb64921b8ffb022476fe0bbb683a5bfb2787de59ad896824c859db1465e
CLIENT_HANDSHAKE_TRAFFIC_SECRET afddc1f9dab53f5a27b3d5938d9a9890d6f233efe4f3d08cb61584bd3e384496 92a06a2acd4324ce09ab5a4b93984094ed80faa8e9ce4b1651fffdc5d1345518
SERVER_TRAFFIC_SECRET_0 afddc1f9dab53f5a27b3d5938d9a9890d6f233efe4f3d08cb61584bd3e384496 d44244217b4fd36742fb56af2a9d52e21d06e36beb8479ff03e0695656007e15
CLIENT_TRAFFIC_SECRET_0 afddc1f9dab53f5a27b3d5938d9a9890d6f233efe4f3d08cb61584bd3e384496 71a3383d291dc6cf04790a398e9951ea4e15cddd45523985b9eaf76619138d5f
SERVER_HANDSHAKE_TRAFFIC_SECRET 4b866fc096bfb8ab902ffe8517824e626a554f43bf3517bd531fc3de932ba0a3 04bc82e2144583ffb4587d770075e8d7df9d14e3992b03b775480a199d73ef04
CLIENT_HANDSHAKE_TRAFFIC_SECRET 4b866fc096bfb8ab902ffe8517824e626a554f43bf3517bd531fc3de932ba0a3 11112692359db207c41001b50ac5533115feaa88749706e44334c040c45febe1
SERVER_TRAFFIC_SECRET_0 4b866fc096bfb8ab902ffe8517824e626a554f43bf3517bd531fc3de932ba0a3 6521b103521a82045fdd93d30f86d95116a8e4f1747ff3a8ed08d705b3304255
CLIENT_TRAFFIC_SECRET_0 4b866fc096bfb8ab902ffe8517824e626a554f43bf3517bd531fc3de932ba0a3 d6b6a304c7d9e2f03c36c039a1032e91bacf211f2f9542d2dd8073a497d04b63
SERVER_HANDSHAKE_TRAFFIC_SECRET b18af08246d30fedd126a3918d467c74fb8d3477c02569f8cd2f34c16ef2f604 88ae7ff73f73d5747a880ffc5f2afdabb74a1631e39731b930431ece8d5c97cf
CLIENT_HANDSHAKE_TRAFFIC_SECRET b18af08246d30fedd126a3918d467c74fb8d3477c02569f8cd2f34c16ef2f604 8c859e78c7cca1274d5a46eea9d18fcc1c4f025bc77961fdcbbea98ef2bb0bb5
SERVER_TRAFFIC_SECRET_0 b18af08246d30fedd126a3918d467c74fb8d3477c02569f8cd2f34c16ef2f604 e4d64e0d9f6ca6cdcddc2ae2dc74e6d28f344d3c7c3f93756c00fe3133f9b6ed
SERVER_HANDSHAKE_TRAFFIC_SECRET b63fb8149108f5ba71aba5d8dfe2c9080bb7da202e74ea4b1a8736f0a7813d26 7b545dbf96d4bd95c7be75dfd472857eb2a2e7b3bba62aee152b2432fa01c315
CLIENT_HANDSHAKE_TRAFFIC_SECRET b63fb8149108f5ba71aba5d8dfe2c9080bb7da202e74ea4b1a8736f0a7813d26 c2a3f29678a34eef9e0152fbcf80dd615e2a078f4ef196ad1875e05369b1b75e
SERVER_TRAFFIC_SECRET_0 b63fb8149108f5ba71aba5d8dfe2c9080bb7da202e74ea4b1a8736f0a7813d26 1d00019ca3d00c07bfa353911b2931c3ad0912cae90f1b876346c990344854bf
SERVER_HANDSHAKE_TRAFFIC_SECRET 586236f7b72c26093c031f7d289434bbca4f01ac9c3624478bbee9465da04a04 d35b2479bf7b0763329542622bb87aba2446eb8318b2c2c5735baf5ee91ca83c
CLIENT_HANDSHAKE_TRAFFIC_SECRET 586236f7b72c26093c031f7d289434bbca4f01ac9c3624478bbee9465da04a04 9af467ad0c5760a2be45459d8fc455ebd85b51b6dd6cb79dad988b8327851fd2
SERVER_TRAFFIC_SECRET_0 586236f7b72c26093c031f7d289434bbca4f01ac9c3624478bbee9465da04a04 642ccaa6b45a0699f11588cb11b2fc4de6eb974dae9de2f13ad9771b934d4b96
CLIENT_TRAFFIC_SECRET_0 586236f7b72c26093c031f7d289434bbca4f01ac9c3624478bbee9465da04a04 0583eaca5e6a292ced9b14fee4c7028a899de5c07314b16d1612d26bfae118d5
SERVER_HANDSHAKE_TRAFFIC_SECRET ddd1d176d468296a4b1249aa657d7e28c5ce456d3a074003291cc1c017809baa 3a19b523832ea0420be8872819b462db0e7e5f21263a1f9a651fb00030078a3f
CLIENT_HANDSHAKE_TRAFFIC_SECRET ddd1d176d468296a4b1249aa657d7e28c5ce456d3a074003291cc1c017809baa 415c429db86837e2a3975392cbb7453e888ec7bf242f39bb47641e95fc474366
SERVER_TRAFFIC_SECRET_0 ddd1d176d468296a4b1249aa657d7e28c5ce456d3a074003291cc1c017809baa 52e6778cf12c59ed3114349f72bb512cfd468f72be3210667aa805c833e273cd
CLIENT_TRAFFIC_SECRET_0 ddd1d176d468296a4b1249aa657d7e28c5ce456d3a074003291cc1c017809baa bbfa78872ff3e60df0f17762758d9c8a7ea8fd0741b33d9e82c11b4a00509eaf
SERVER_HANDSHAKE_TRAFFIC_SECRET aa4dd0ad06b6820e6d27ba2a7feb1b604bee7bf16c8aace139d083ddab08bdc5 e346cec13a9b7afc096823c26d36611d5d3a783ebe180803ecf4b1ba4761d005
CLIENT_HANDSHAKE_TRAFFIC_SECRET aa4dd0ad06b6820e6d27ba2a7feb1b604bee7bf16c8aace139d083ddab08bdc5 badb066f99ede1bbed0261341a08b5ae14bd633119d5248dba8655f83550853b
SERVER_TRAFFIC_SECRET_0 aa4dd0ad06b6820e6d27ba2a7feb1b604bee7bf16c8aace139d083ddab08bdc5 56fac81bc548c54e66904117b0961bb788bff207f834de2820dda80422da3df1
SERVER_HANDSHAKE_TRAFFIC_SECRET 82c9f1c068b3bdc1bdc5bfa02e70bd2c6780c0b1fcaf5bbe26c7d1c6a50213bf 4dcaa10b7bd56a88409f4d32b5c9975c76a304f06506bb561106bdf20e8242b6
CLIENT_HANDSHAKE_TRAFFIC_SECRET 82c9f1c068b3bdc1bdc5bfa02e70bd2c6780c0b1fcaf5bbe26c7d1c6a50213bf e82709861420c763d3fef301d6198cbf00f8987320b378c2c06322bdaf3b4317
SERVER_TRAFFIC_SECRET_0 82c9f1c068b3bdc1bdc5bfa02e70bd2c6780c0b1fcaf5bbe26c7d1c6a50213bf f65b6a14cde725274f165944ef5eef3f4fb660f61d5e72b84ff76b2ff88ac581
SERVER_HANDSHAKE_TRAFFIC_SECRET 7fe55cd02c979e67c4994429f61d23f0e1bb84b402637e6038dce9cf7a828ada 8d1d7345f0c055c241486773dccd46dfdac6dfa612832a87a1fa094500a748ee
CLIENT_HANDSHAKE_TRAFFIC_SECRET 7fe55cd02c979e67c4994429f61d23f0e1bb84b402637e6038dce9cf7a828ada c124ab162b5288cd00de91b58a7690f7abd083442d20c12ec75409e04507f9f5
SERVER_TRAFFIC_SECRET_0 7fe55cd02c979e67c4994429f61d23f0e1bb84b402637e6038dce9cf7a828ada c54e34875ca30e14d0cacc718de36e43388bb732e97a491ffea80fe894d2cc7f
SERVER_HANDSHAKE_TRAFFIC_SECRET 8f06b69535021e54dc05dcb53434e98b76f1340dc0e76039fde1f296e6c36ce6 6dfe18e5e8e239d375eb1faa0a356093f05befa328f59714805fd7b7d6666e51
CLIENT_HANDSHAKE_TRAFFIC_SECRET 8f06b69535021e54dc05dcb53434e98b76f1340dc0e76039fde1f296e6c36ce6 483f19db03f8ae3d110294d48615326c52d693fdfff3e7fb6ac686f47bc673b0
SERVER_TRAFFIC_SECRET_0 8f06b69535021e54dc05dcb53434e98b76f1340dc0e76039fde1f296e6c36ce6 d7a99bae84e53d4e84fb6e06f550f7e39ee773a717d47f59b31c3f9420d20dc1
SERVER_HANDSHAKE_TRAFFIC_SECRET 4144d589da2ffbe4c77f620cdb016330004456aef002d0099caee437fdfa5033 a6f05e278c8efb4b67466059347f00b4cf649838fb5b8fc69244853ff1dd6c93
CLIENT_HANDSHAKE_TRAFFIC_SECRET 4144d589da2ffbe4c77f620cdb016330004456aef002d0099caee437fdfa5033 745c99e650d1b984279817c95cd2254a1cec635dfe5215b31c479cf60e990d01
SERVER_TRAFFIC_SECRET_0 4144d589da2ffbe4c77f620cdb016330004456aef002d0099caee437fdfa5033 92a1b2f010f2a3f1d6c37b2e99aed3f6de0cccd9047b51f36d123e51758c37c3
SERVER_HANDSHAKE_TRAFFIC_SECRET e987ca84faa0e33bbb654d2ec226e29f7cad63284528ec58bd99ac1ec4bc3a7d 6ec5932c4d9b05d4180ebae22c53fdf5513b514ba12f8308d1afd78ee8698a2c
CLIENT_HANDSHAKE_TRAFFIC_SECRET e987ca84faa0e33bbb654d2ec226e29f7cad63284528ec58bd99ac1ec4bc3a7d f5f4a4a3460f48e9775c2ca80c1d27571b79fb98fca26d9df7d5d8f329681d29
SERVER_TRAFFIC_SECRET_0 e987ca84faa0e33bbb654d2ec226e29f7cad63284528ec58bd99ac1ec4bc3a7d ad3727be0e14c871b08fe285a7818326125edbee33820805525bbe45481c2a25
CLIENT_TRAFFIC_SECRET_0 e987ca84faa0e33bbb654d2ec226e29f7cad63284528ec58bd99ac1ec4bc3a7d 0abb47a4bd5cc64496c9a8483f2216c0309c78188024aaf07ddf4b3d005f2142
SERVER_HANDSHAKE_TRAFFIC_SECRET 064f543394a2b5719ec58079b94268ec2ed0f944c5ade3d735d06229dda13ba7 2b560b5fbf13f681038b31a65c1ccbf4ff27dcec2139de16fab63e406fa12fc6
CLIENT_HANDSHAKE_TRAFFIC_SECRET 064f543394a2b5719ec58079b94268ec2ed0f944c5ade3d735d06229dda13ba7 ae08ffb804b0434429a2cf4be8698a793facbd5d16f31f52dcca021bd7515548
SERVER_TRAFFIC_SECRET_0 064f543394a2b5719ec58079b94268ec2ed0f944c5ade3d735d06229dda13ba7 1125523e9f210d3fef039306cc61590cbf81a09a579daf100780553ad24725fd
SERVER_HANDSHAKE_TRAFFIC_SECRET b3c7b4f9497e9b1dfbf0728897638de5181f28f2b6fe6d955e53add55adfe857 09aea957d432bc7c07c64ec8ad5d9e563471c1267701a3e5e241b2cefc4a0525
CLIENT_HANDSHAKE_TRAFFIC_SECRET b3c7b4f9497e9b1dfbf0728897638de5181f28f2b6fe6d955e53add55adfe857 411c9257478d89b3fae01a8395317e54e10a99c109fc1bb1559a134b058fea64
SERVER_TRAFFIC_SECRET_0 b3c7b4f9497e9b1dfbf0728897638de5181f28f2b6fe6d955e53add55adfe857 dbb76a9b972260630932a53086ae1e7b11c419a8749b899b3707818c32b85953
CLIENT_TRAFFIC_SECRET_0 b3c7b4f9497e9b1dfbf0728897638de5181f28f2b6fe6d955e53add55adfe857 9e59730f9c6ee6fbb8e021f7462079964f9e5550735272cfc652278745c65804
SERVER_HANDSHAKE_TRAFFIC_SECRET 5a5bb81e2cc4de272ab23215ef6a3963331c7a27fa26b44cf46d303a8b86f42a 791270b803864bbad6b18db2adec430496eb8753f0ab61437edcac0397a45732
CLIENT_HANDSHAKE_TRAFFIC_SECRET 5a5bb81e2cc4de272ab23215ef6a3963331c7a27fa26b44cf46d303a8b86f42a 3162c9c18636d9919adbb7dcc84a2945a26cfe2d095404d59d5507f94201b451
SERVER_TRAFFIC_SECRET_0 5a5bb81e2cc4de272ab23215ef6a3963331c7a27fa26b44cf46d303a8b86f42a a378f33ed9cecf230ad4996546df84e26a61bc6b32d870c586c283c48b149d8e
SERVER_HANDSHAKE_TRAFFIC_SECRET a5807677f472d2ef1ccca55a9ef1eaafa00da6734645ee09c79641bbb82d6024 7390651fb99029c2101a5eab61d644a3320ced08c25e6c0c116dc9403923c180
CLIENT_HANDSHAKE_TRAFFIC_SECRET a5807677f472d2ef1ccca55a9ef1eaafa00da6734645ee09c79641bbb82d6024 2878135884e0fcd1a31a4b0fd97cb0b6e632365fbb46068d592b38735ac8cd62
SERVER_TRAFFIC_SECRET_0 a5807677f472d2ef1ccca55a9ef1eaafa00da6734645ee09c79641bbb82d6024 38617763a9ab44ea2393ea6f4ecfdfb6206c742ac08d377885cc0adf44778b26
CLIENT_TRAFFIC_SECRET_0 a5807677f472d2ef1ccca55a9ef1eaafa00da6734645ee09c79641bbb82d6024 b3fd44a3780812f6a124726ce0345b9f87db29c4f03afcfe4fdbd034e870b61e
SERVER_HANDSHAKE_TRAFFIC_SECRET f6c11eeee76b30d3eaf9a656551b97b4df7f8e6fbdf749203202b2497fe1f990 dc3e42cfbacea409e3b1f975b67a71bb0cf6c05e3104581b77902f6aacb58de7
CLIENT_HANDSHAKE_TRAFFIC_SECRET f6c11eeee76b30d3eaf9a656551b97b4df7f8e6fbdf749203202b2497fe1f990 d10a2d3cf2a10fa2e0d52cd9fab189aa799548528ea7c40080c955152b6bcd1b
SERVER_TRAFFIC_SECRET_0 f6c11eeee76b30d3eaf9a656551b97b4df7f8e6fbdf749203202b2497fe1f990 a75f6cfb7870e7248fce3ae06dc6c8cad74d90b042d716fd4f5c9e0cefe59c37
CLIENT_TRAFFIC_SECRET_0 f6c11eeee76b30d3eaf9a656551b97b4df7f8e6fbdf749203202b2497fe1f990 2a4b6e3f5c777f0ddd8cc6804f8da5cf8dbe976bcb0183102551aa907c6408b2
SERVER_HANDSHAKE_TRAFFIC_SECRET bab9e2a17de1c2a088b4efc0a13c57c39a0e8fe32b4f99eeb43f1ad01cc2fe25 fe35894a23946c39db622e67699d929b54a7c9b63cb49cd0136a20f0fee2f189
CLIENT_HANDSHAKE_TRAFFIC_SECRET bab9e2a17de1c2a088b4efc0a13c57c39a0e8fe32b4f99eeb43f1ad01cc2fe25 efcb2529975518a5ea242cec69584c52375f2f88141ea42f353b6edd0b8ca4f9
SERVER_TRAFFIC_SECRET_0 bab9e2a17de1c2a088b4efc0a13c57c39a0e8fe32b4f99eeb43f1ad01cc2fe25 5d54f3e31356227936b08cc60a3425959337fd5143790d7ec305a9841b78a90b
SERVER_HANDSHAKE_TRAFFIC_SECRET ab52f6bbc7b618e45df409151f603be18fc2f4e3db8e5ab61ce93b5a8d1963c9 4b3a76c81a57a515466c9da1977bf0fba933ccc76d1eef86c7b800ab2c09870c
CLIENT_HANDSHAKE_TRAFFIC_SECRET ab52f6bbc7b618e45df409151f603be18fc2f4e3db8e5ab61ce93b5a8d1963c9 c4307ea4de717c02e9d08f4d73f99dd5b34fa9e49822ca9e325b13c0f3e5a976
SERVER_TRAFFIC_SECRET_0 ab52f6bbc7b618e45df409151f603be18fc2f4e3db8e5ab61ce93b5a8d1963c9 c4daf827b75fad543fc94cd664a5c6cd047abf5390b2a61ede201116effc92be
CLIENT_TRAFFIC_SECRET_0 ab52f6bbc7b618e45df409151f603be18fc2f4e3db8e5ab61ce93b5a8d1963c9 dd0fe31a0c0db91667f24a8e07a49ad0969f27b874f5a85c7ed204d625dbaec9
SERVER_HANDSHAKE_TRAFFIC_SECRET dd1b7cc3d8f5a05aea556d4a6322590b5c0bcbb9a4454ab1a762a198fa5d2161 684b33255bcb1c79199bfcf94b31937b65f5d55acb1b80c75f2e4b7020691211
CLIENT_HANDSHAKE_TRAFFIC_SECRET dd1b7cc3d8f5a05aea556d4a6322590b5c0bcbb9a4454ab1a762a198fa5d2161 bfffc01b88abf6f361cdbf895f43ad8f7b5fa533e912fa6697a1aa26cd2e1a86
SERVER_TRAFFIC_SECRET_0 dd1b7cc3d8f5a05aea556d4a6322590b5c0bcbb9a4454ab1a762a198fa5d2161 b30ead73047c1f5b326aae31d038a090fa7af7d1edd40837be7cc0c12373ab08
CLIENT_TRAFFIC_SECRET_0 dd1b7cc3d8f5a05aea556d4a6322590b5c0bcbb9a4454ab1a762a198fa5d2161 48204ba16c2effc1311bc4e583b8e2a9430e0390816717bdb58162df6389a4be
SERVER_HANDSHAKE_TRAFFIC_SECRET eb1538d2dea212c8313a8098e1c91f7825d3cbb82c9acd673da153541b161f3e 2d97aebe4a3083a514f7dabcf12474682a74df142284c37b2291f45317764024
CLIENT_HANDSHAKE_TRAFFIC_SECRET eb1538d2dea212c8313a8098e1c91f7825d3cbb82c9acd673da153541b161f3e 366d8c7dd3c0a08b863ceb17b39c2fbd02dd4b6006b6a1b2182064af884051f6
SERVER_TRAFFIC_SECRET_0 eb1538d2dea212c8313a8098e1c91f7825d3cbb82c9acd673da153541b161f3e cf4a1575604907247a6642c00c5e0c8148e558f7d08d4ca3636d93a0926a66dc
CLIENT_TRAFFIC_SECRET_0 eb1538d2dea212c8313a8098e1c91f7825d3cbb82c9acd673da153541b161f3e 744f23c10ab1b8681117cac696cfbffdad48bb8a94114f4d2ab97de42e96c19d
SERVER_HANDSHAKE_TRAFFIC_SECRET 3ad333b52503a474fc9363f5460496775ba67c51aef6f4d62f68f6d3734b3534 99eacca96c63b64e6e1674aea82e9def48f109eccb223e66df8fe92fe83f27ad
CLIENT_HANDSHAKE_TRAFFIC_SECRET 3ad333b52503a474fc9363f5460496775ba67c51aef6f4d62f68f6d3734b3534 4fc86b9af7596d6273efd9f00b0b4bd653963bb5f4563563bab9885e1ff3e872
SERVER_TRAFFIC_SECRET_0 3ad333b52503a474fc9363f5460496775ba67c51aef6f4d62f68f6d3734b3534 3f580ecbe637f036ccb7d29ed48c0989bbd4d944fa03c576b29969ba19c78a42
CLIENT_TRAFFIC_SECRET_0 3ad333b52503a474fc9363f5460496775ba67c51aef6f4d62f68f6d3734b3534 27afbf5426c6289c6c3651f51b04c45a5b4d4e75d288aaf517f0b1398c795e07
SERVER_HANDSHAKE_TRAFFIC_SECRET 03da3017056095e86ddb06e30f91e14ca6adb0a72ffe0d25bdd5e4b3f11f6592 a93686de8a84f053e2d9480462ad415659e2888b531ce84906946ac1cab2e5ff
CLIENT_HANDSHAKE_TRAFFIC_SECRET 03da3017056095e86ddb06e30f91e14ca6adb0a72ffe0d25bdd5e4b3f11f6592 2ccae918bf563d0d3a4533715b3edce39779e708f27ec45ab75c11bf4f8c60b0
SERVER_TRAFFIC_SECRET_0 03da3017056095e86ddb06e30f91e14ca6adb0a72ffe0d25bdd5e4b3f11f6592 290efff92c9686b98af5f0d5461156457749784c31d5e7feb4377fc7b0e95995
CLIENT_TRAFFIC_SECRET_0 03da3017056095e86ddb06e30f91e14ca6adb0a72ffe0d25bdd5e4b3f11f6592 563f8dbf5c1238836cc60eb3a1065b2e153f7523172d4146929c04316c096e20
SERVER_HANDSHAKE_TRAFFIC_SECRET 8ef6038b91e56df64a2407dde6312506f842710cf98805cdacb8d660c0485d1f 839dcc3abbd53df9dff85fad87dc1671e4cbfb1c52608f0d754b3453274bd75f
CLIENT_HANDSHAKE_TRAFFIC_SECRET 8ef6038b91e56df64a2407dde6312506f842710cf98805cdacb8d660c0485d1f cad603447e3412589705c9e1c2fedd364b4793ca76411f5d77a2f588a487316c
SERVER_TRAFFIC_SECRET_0 8ef6038b91e56df64a2407dde6312506f842710cf98805cdacb8d660c0485d1f 0253b68176de45379f761d7d8f2e02ee7d8d8042ea79934f224ee2913d2fad54
SERVER_HANDSHAKE_TRAFFIC_SECRET 94215e4087425d8d7ca14e348ccdc5e7f674a42f9eb9464a4aab8404700d6079 9b45c22586508fcc62fbd1dba31c04e74671c11b98c4a7008251079d0cc77501
CLIENT_HANDSHAKE_TRAFFIC_SECRET 94215e4087425d8d7ca14e348ccdc5e7f674a42f9eb9464a4aab8404700d6079 fb9045e7724dc361784614cb52bd457d6c656eb643f62af9054f2a9c56b2cf3e
SERVER_TRAFFIC_SECRET_0 94215e4087425d8d7ca14e348ccdc5e7f674a42f9eb9464a4aab8404700d6079 fa85c2090f4db36c606f91a6c3508705d0e58ef7cebd998e9d6abdd8ace14d65
SERVER_HANDSHAKE_TRAFFIC_SECRET 063f2fbd2e8a7cb34aa9e7f940920123f1aa43d0df58cc06fffad0f39d919b05 28fe3ae156369b774319277bd3348ff5e68bbfcd0e6c21187a37b554397c821c
CLIENT_HANDSHAKE_TRAFFIC_SECRET 063f2fbd2e8a7cb34aa9e7f940920123f1aa43d0df58cc06fffad0f39d919b05 75cd2725a267313dfd605a57fa0fc2d74adaa126ae15a27b0e40d84b55f1207d
SERVER_TRAFFIC_SECRET_0 063f2fbd2e8a7cb34aa9e7f940920123f1aa43d0df58cc06fffad0f39d919b05 214efef599be794b63d4db3929a46595ac59f274071bf1410caeb20352a24fc3
CLIENT_TRAFFIC_SECRET_0 063f2fbd2e8a7cb34aa9e7f940920123f1aa43d0df58cc06fffad0f39d919b05 ee897ef2810f5946cdcf66887bae3ea15248f8fb711fdde1b53453a0040ea650
SERVER_HANDSHAKE_TRAFFIC_SECRET 32de1fd1da6f4f0a810ce4f3cee37a43ea7815bd64049ae514a1519ca9d88981 07f6e5a5db17b3bf188baa92c7d622da99d65f3c9b5958ff8f708ee6c3de374a
CLIENT_HANDSHAKE_TRAFFIC_SECRET 32de1fd1da6f4f0a810ce4f3cee37a43ea7815bd64049ae514a1519ca9d88981 13a6d551b23813294a80ef3d1f5a5e1881df93b994c9e4cb21ace6a68851a9ed
SERVER_TRAFFIC_SECRET_0 32de1fd1da6f4f0a810ce4f3cee37a43ea7815bd64049ae514a1519ca9d88981 8d1d84f2c598c76c6f297e0086a8719e0208f7052158ceda1bbfc6f9f5da1967
SERVER_HANDSHAKE_TRAFFIC_SECRET b291be4d38ef38082dd458f2087ec9cf53a31a77b7cd2a07fff4e4471b8dcf9c d35778c9cedf09b57c6cd436adf5e40b85fc9d49064f319826b3f2a11cc2cc42
CLIENT_HANDSHAKE_TRAFFIC_SECRET b291be4d38ef38082dd458f2087ec9cf53a31a77b7cd2a07fff4e4471b8dcf9c f3b3f596ce5d0a7fe7ef44178bd04013d0fa69ffc93749040da1cd2f01740a10
SERVER_TRAFFIC_SECRET_0 b291be4d38ef38082dd458f2087ec9cf53a31a77b7cd2a07fff4e4471b8dcf9c 6ecbcfaee375ccc4a8dcd75ba98afd8a43d219f23beed3321cf686bd3d982dfa
SERVER_HANDSHAKE_TRAFFIC_SECRET d3d5179c9d367d9d3550edc8ceab0dbaf717d0f6e6cac036e807460851aa1653 2e84cd5e784e07e42e692513165df75849a0afc27dd3b8b8f91fb70f4c3198ff
CLIENT_HANDSHAKE_TRAFFIC_SECRET d3d5179c9d367d9d3550edc8ceab0dbaf717d0f6e6cac036e807460851aa1653 1cd48c0e4f3a9e01c367961dfd24e8cd46350e89c5a3f39550e31295d264724c
SERVER_TRAFFIC_SECRET_0 d3d5179c9d367d9d3550edc8ceab0dbaf717d0f6e6cac036e807460851aa1653 b37db3c0b4b31bc509f9eea4294c2a385109aad867518dcc7d4b1e707e0042dc
CLIENT_TRAFFIC_SECRET_0 d3d5179c9d367d9d3550edc8ceab0dbaf717d0f6e6cac036e807460851aa1653 fec7cab5b017fca8d907ed391944bb048bd0e4e41728822fce2a57a2c82ad1b0
SERVER_HANDSHAKE_TRAFFIC_SECRET 77a1b222b179f63ab092096005cb927e68d8a04a0fb9dc2ce8d2ed23a2fe64c4 90aa331e2f6b92ff0e162379ac1b81f7616a45e95c1486b74815d1d6912e366f
CLIENT_HANDSHAKE_TRAFFIC_SECRET 77a1b222b179f63ab092096005cb927e68d8a04a0fb9dc2ce8d2ed23a2fe64c4 c5630b78c4d4363933530aeffccf1222e1e333163adba2ab4dec0369e40675a0
SERVER_TRAFFIC_SECRET_0 77a1b222b179f63ab092096005cb927e68d8a04a0fb9dc2ce8d2ed23a2fe64c4 9d032a65e668a6583fa3b223320d5e10621e1b206683cf39d2ff541bf243a2fd
CLIENT_TRAFFIC_SECRET_0 77a1b222b179f63ab092096005cb927e68d8a04a0fb9dc2ce8d2ed23a2fe64c4 7cde5740ed98a91869230387feffeabf6595ef6e6e2d19017d5a34dbc664ada0
SERVER_HANDSHAKE_TRAFFIC_SECRET 543ecc8d0606b691cd43508f775c4420bb95dea9dcce0ea6215ddb05ee46e47e a3ada23beeda43e85b5de3ebaed54b316a19e3346a7e68fb052af3a8431de6d7
CLIENT_HANDSHAKE_TRAFFIC_SECRET 543ecc8d0606b691cd43508f775c4420bb95dea9dcce0ea6215ddb05ee46e47e c2cf1acc967c4dc4f909680f7c11c970ac95498485893765b2512dc272752b14
SERVER_TRAFFIC_SECRET_0 543ecc8d0606b691cd43508f775c4420bb95dea9dcce0ea6215ddb05ee46e47e 509add2a48e36810af13a580c2e3bb01e5936b783e9cebc0c10df4bd0af2ab0c
SERVER_HANDSHAKE_TRAFFIC_SECRET 5a55004e6c47a99d190abc4ea6641c04337538871912a041fd4e49f911f3f1dc aad51b9f805f06014b4ef19bb87510b6889cffabfdbd9b85f6f8d7ad4fb4be32
CLIENT_HANDSHAKE_TRAFFIC_SECRET 5a55004e6c47a99d190abc4ea6641c04337538871912a041fd4e49f911f3f1dc d0d6102b32c6764539d7ab7e88321adb7ab1e50a6ff2c1509dda7015a4536303
SERVER_TRAFFIC_SECRET_0 5a55004e6c47a99d190abc4ea6641c04337538871912a041fd4e49f911f3f1dc d5703e1c63eea8d74a1035adc39bf3eacc894520ed49509d53fe0a92c288d81d
CLIENT_TRAFFIC_SECRET_0 5a55004e6c47a99d190abc4ea6641c04337538871912a041fd4e49f911f3f1dc ed66f7c7e363e2e0e4a0735f3395077883dbf054862488b89e41aba66e4ecb62
SERVER_HANDSHAKE_TRAFFIC_SECRET 44024610eb82677240199fc2d3aaeb783b2ff898fd0706c3f1b8a8c434ec5b68 74db60b739ce2231e22381603f36915d3230f7bb5ed447ece4dfbc8db04a6e97
CLIENT_HANDSHAKE_TRAFFIC_SECRET 44024610eb82677240199fc2d3aaeb783b2ff898fd0706c3f1b8a8c434ec5b68 e1b6ba57cf371dfdb3ed4a96ef97acc5a15d034f356f8431e6f6b9fe751131dd
SERVER_TRAFFIC_SECRET_0 44024610eb82677240199fc2d3aaeb783b2ff898fd0706c3f1b8a8c434ec5b68 e0900a2342a134ec80824abbd2f57ca62b678946feb6c207ab881e8cf46dec54
SERVER_HANDSHAKE_TRAFFIC_SECRET 8165f609a3beee8ee8a0b05bb40be837615c05a2b9b3f0d87cb5a472c8716032 669a1d5ffc520158d6bc57a195e344888132c76eb76d377b824ffe1c7df9128b
CLIENT_HANDSHAKE_TRAFFIC_SECRET 8165f609a3beee8ee8a0b05bb40be837615c05a2b9b3f0d87cb5a472c8716032 41e82ac2eb68d213791256310f90d6e3580490256632a68c88659501b2cdcf39
SERVER_TRAFFIC_SECRET_0 8165f609a3beee8ee8a0b05bb40be837615c05a2b9b3f0d87cb5a472c8716032 82c2be0f4d218ecc2aa2e483b484c76f51be69877065262af328fe9639646aff
CLIENT_TRAFFIC_SECRET_0 8165f609a3beee8ee8a0b05bb40be837615c05a2b9b3f0d87cb5a472c8716032 1156685ac12fc7550be19e037e7e8f5d830cb4f5b2df77305701373dd0805995
SERVER_HANDSHAKE_TRAFFIC_SECRET 665a930087262b7484b14cdffc00826b62b0312bdc94c013716bd0c8dd61ba9c a92a693c42936d890bfa0858ebdfe0a56aa1e785cbea734977d8a006d48ff342
CLIENT_HANDSHAKE_TRAFFIC_SECRET 665a930087262b7484b14cdffc00826b62b0312bdc94c013716bd0c8dd61ba9c 416613bf7a03f0299e16fa8b92009ac1e7de485797048e739c93c3468ab7925f
SERVER_TRAFFIC_SECRET_0 665a930087262b7484b14cdffc00826b62b0312bdc94c013716bd0c8dd61ba9c 03bde245711e948704d63f9e774eb9bf7cffa0c46e3b38c23e7767c2fa23adaa
SERVER_HANDSHAKE_TRAFFIC_SECRET 99752bd433db42d41b756d43cc694bda9434e7cb77bdce981ce11870d78f8d9e f9ea6b3224a6a866bda188ef9517cca53de917c13cd83921605e0377170fbde4
CLIENT_HANDSHAKE_TRAFFIC_SECRET 99752bd433db42d41b756d43cc694bda9434e7cb77bdce981ce11870d78f8d9e 21046c1dbcc688c20a049b84e3ee43bbfd13b59e679676a615c4355aee7469b1
SERVER_TRAFFIC_SECRET_0 99752bd433db42d41b756d43cc694bda9434e7cb77bdce981ce11870d78f8d9e 83c4504b0e69bfd45516b6cf311d6341d943ac6554e16c2b5b472036dab426bf
CLIENT_TRAFFIC_SECRET_0 99752bd433db42d41b756d43cc694bda9434e7cb77bdce981ce11870d78f8d9e 16522be4d55ed62f2ec8d91dbb67cbbeb391cd1adc49efe1e7f554e36d1f31a9
SERVER_HANDSHAKE_TRAFFIC_SECRET 37be6746cd6a81bc7f73d87094161a4acdd787f2477c2d4fe3ff8e6a20bf8ca1 cc0faf11e00197cfd58ca2dfc667a0615f122ebc57bfadbddbbd7e18e0bced80
CLIENT_HANDSHAKE_TRAFFIC_SECRET 37be6746cd6a81bc7f73d87094161a4acdd787f2477c2d4fe3ff8e6a20bf8ca1 099b64185d82473180a948028070db2f36704ad90c1f27c4ca6b2dbd7cea6a29
SERVER_TRAFFIC_SECRET_0 37be6746cd6a81bc7f73d87094161a4acdd787f2477c2d4fe3ff8e6a20bf8ca1 8755524fbc2819eaaf25b72c5833b8d0eec126a2a1968c925848de1c1472781a
SERVER_HANDSHAKE_TRAFFIC_SECRET f2138a17f756792f0e32c81203b70421156f44320ab07a731761915f0350f246 c2863cfc4b68e5590ae4ec54409d5a1e9d402f9bfd9a79725f6611926df001e2
CLIENT_HANDSHAKE_TRAFFIC_SECRET f2138a17f756792f0e32c81203b70421156f44320ab07a731761915f0350f246 fcb561ff8bcf662c4f6a9a0c775c835aebd52b962281f2a6c8d41d73d79dd87a
SERVER_TRAFFIC_SECRET_0 f2138a17f756792f0e32c81203b70421156f44320ab07a731761915f0350f246 0cae8bf89d3a21553778c56a44cf845ec033eee046ea0aea62748bece4a18a78
CLIENT_TRAFFIC_SECRET_0 f2138a17f756792f0e32c81203b70421156f44320ab07a731761915f0350f246 6179a899e7f8fc82c6a6e5f283c8c95ba87178762c5aa249238b57b8365e308d
SERVER_HANDSHAKE_TRAFFIC_SECRET 5a17f2eecebeb815a816697c56374baa45052a6070d1034c59945a80c5004252 a36891b1a6adba941dd2c76d860e13aaa751f65311b57ac97d64c7de165d12e0
CLIENT_HANDSHAKE_TRAFFIC_SECRET 5a17f2eecebeb815a816697c56374baa45052a6070d1034c59945a80c5004252 be31d056b9b3a0a64aac88f60c98fa96c39ef2e01b860e664ae51456a34e406e
SERVER_TRAFFIC_SECRET_0 5a17f2eecebeb815a816697c56374baa45052a6070d1034c59945a80c5004252 1ea4d0185e5c87a37b2eb0fa0087a80d02676bfa6c828f12a6762cfec742538d
CLIENT_TRAFFIC_SECRET_0 5a17f2eecebeb815a816697c56374baa45052a6070d1034c59945a80c5004252 10b77754ce3b206d5025b66309cd52ea6c2b10a9e71816f81005e5c16a7e289d
SERVER_HANDSHAKE_TRAFFIC_SECRET 58e9232b746cb20d1e734d33dad377abc6edea627e2304f6339ac88e3d3e2092 550145b40f737ca1c9370f7a4b6deca906b834a73d67d973d789ec5970613258
CLIENT_HANDSHAKE_TRAFFIC_SECRET 58e9232b746cb20d1e734d33dad377abc6edea627e2304f6339ac88e3d3e2092 8289178c972396bc685bbcd0356fc571e67dca4e0a9512f2c01bff1331b29a9e
SERVER_TRAFFIC_SECRET_0 58e9232b746cb20d1e734d33dad377abc6edea627e2304f6339ac88e3d3e2092 8a9ff2273010f37b3e22df8e626af89911bac7d63980ec0b8c6b7dad16ebb223
CLIENT_TRAFFIC_SECRET_0 58e9232b746cb20d1e734d33dad377abc6edea627e2304f6339ac88e3d3e2092 dad1c9ce9fb9621d3c386d292a3182207fcd040fb8cae6acb7ac1b0b0d196133
SERVER_HANDSHAKE_TRAFFIC_SECRET 3e97188d9ae2556d56c69f8701f68dc00f342758c871e7871563d8296c2df8b5 441ea142bcfeef30054ee8bba82523ff7d1207d2c02fee70a22f7ef8fe237a51
CLIENT_HANDSHAKE_TRAFFIC_SECRET 3e97188d9ae2556d56c69f8701f68dc00f342758c871e7871563d8296c2df8b5 f599686157d8c5190e3adaf298b3790cb854cf6f06a16e34ba3b3977083e37a3
SERVER_TRAFFIC_SECRET_0 3e97188d9ae2556d56c69f8701f68dc00f342758c871e7871563d8296c2df8b5 049989fabb01439df176c35d421239cff8c3e597afcaf86aa71023eb4aea8953
SERVER_HANDSHAKE_TRAFFIC_SECRET 267cb0a8400c022db778805069c48ec7abfb0d2164e4dae914f29507559fdc23 f30ab3bb83bf09dd61ff288dad2ef83c823a7006888339cf17d7fca54fe8ea9b
CLIENT_HANDSHAKE_TRAFFIC_SECRET 267cb0a8400c022db778805069c48ec7abfb0d2164e4dae914f29507559fdc23 d0564fe212d0fa54a383e70f0dd53056fcc37b328724e323e43c2c62bc7913ce
SERVER_TRAFFIC_SECRET_0 267cb0a8400c022db778805069c48ec7abfb0d2164e4dae914f29507559fdc23 340c91c587f6485732c9e9c069272c618fc3cce0aa7e362bc8769ac74ecaf613
CLIENT_TRAFFIC_SECRET_0 267cb0a8400c022db778805069c48ec7abfb0d2164e4dae914f29507559fdc23 fe138c364d40738b42736f7a5b4e3f654f241fa318b459d109cddfb7bfcbf55e
SERVER_HANDSHAKE_TRAFFIC_SECRET 60b1d7c5441b1658b3c112bb8a14ea0d92d2fb5ec2788e40c55b58ff5a0b7b0a a768a64624740e16e6a89ad20c43041b6a9e015f0d700140fccac4b3894fa23a
CLIENT_HANDSHAKE_TRAFFIC_SECRET 60b1d7c5441b1658b3c112bb8a14ea0d92d2fb5ec2788e40c55b58ff5a0b7b0a 267d2cb595e14c04ffd6259fcc09e3ee7f82ecbbd68ea905591c3350f9f6ff36
SERVER_TRAFFIC_SECRET_0 60b1d7c5441b1658b3c112bb8a14ea0d92d2fb5ec2788e40c55b58ff5a0b7b0a a3d9c256391031954ec49e6c8a0556f772c7dec8dcf8e56fe69ce1e13c16e9e2
CLIENT_TRAFFIC_SECRET_0 60b1d7c5441b1658b3c112bb8a14ea0d92d2fb5ec2788e40c55b58ff5a0b7b0a 9613cbd66d24460b71037aae9ecd891771d22c56484540a25ba666777075a3b1
SERVER_HANDSHAKE_TRAFFIC_SECRET 09e467259e1d734867e90eccc7a975e57cc3677ff2a6dfb55fa4716ff6e9590c 16c7bccb27c19217b3ade46e207bb07e13792a16fd3d76023ffd5da5f58c7c51
CLIENT_HANDSHAKE_TRAFFIC_SECRET 09e467259e1d734867e90eccc7a975e57cc3677ff2a6dfb55fa4716ff6e9590c 49a71b48e8472fcdf603bf8d210f9914f4ae1c601ca0e45776b4098aa13bf956
SERVER_TRAFFIC_SECRET_0 09e467259e1d734867e90eccc7a975e57cc3677ff2a6dfb55fa4716ff6e9590c 58e05f6d0ef36a529459856ce07766f3baecf5ed1d72371d0088bc42be636d12
CLIENT_TRAFFIC_SECRET_0 09e467259e1d734867e90eccc7a975e57cc3677ff2a6dfb55fa4716ff6e9590c e32c9dcfb4d673ab081351df50f2c52f34095db380a42163b8d09dbb6d4471cd
SERVER_HANDSHAKE_TRAFFIC_SECRET ad55e7d6f5b8724cb1db4e5f77ee8fd92abef09b99d13ed1cba65af98558a1a5 0b835686c70b931c9eb1eeff3916f27db68b4c8bb9c73adef9c49380b649a964
CLIENT_HANDSHAKE_TRAFFIC_SECRET ad55e7d6f5b8724cb1db4e5f77ee8fd92abef09b99d13ed1cba65af98558a1a5 65d046ab39cbe914a462d4ee32e2ac08a930a532ff8d55601d05c56befd8d5d4
SERVER_TRAFFIC_SECRET_0 ad55e7d6f5b8724cb1db4e5f77ee8fd92abef09b99d13ed1cba65af98558a1a5 ccdcf1ea68442d9cac8fd41233772e0079fd4522571bb61ac214dde7a49d15d8
SERVER_HANDSHAKE_TRAFFIC_SECRET 26b124ffea91e5e89c17a1721d122ab7990268c0787e5c3c8f2e8dece4273a40 0c9b3aa5eea6d54e2f088e802b16bac0cf95a2c76585842a99092903600d7bd2
CLIENT_HANDSHAKE_TRAFFIC_SECRET 26b124ffea91e5e89c17a1721d122ab7990268c0787e5c3c8f2e8dece4273a40 d23346cd3f83ac7257c86855d330338f388bedc6890624b4a75603a65fee6272
SERVER_TRAFFIC_SECRET_0 26b124ffea91e5e89c17a1721d122ab7990268c0787e5c3c8f2e8dece4273a40 fc1c85208926eb9a4b181ade8a2a1a2b8c4032204489864ffb2af839b01df8c6
CLIENT_TRAFFIC_SECRET_0 26b124ffea91e5e89c17a1721d122ab7990268c0787e5c3c8f2e8dece4273a40 33598df6d72fcf355bbc4e76a38e61575b756365bc5156b90f0bd661c97120bc
SERVER_HANDSHAKE_TRAFFIC_SECRET 69cdbd9ad847104809fd9042680e65e97e930b39932a87ae0f7d23420656a632 3a3bc7c9a19f90fd16fc2c71bf7896067d298068ced3622886674ea76b79a9ec
CLIENT_HANDSHAKE_TRAFFIC_SECRET 69cdbd9ad847104809fd9042680e65e97e930b39932a87ae0f7d23420656a632 8dc471cf41a1ca37ef7af5b7053b74d05059ec5c93ebac0b064edb3132ae89b5
SERVER_TRAFFIC_SECRET_0 69cdbd9ad847104809fd9042680e65e97e930b39932a87ae0f7d23420656a632 8cec40d95bcf70fa3af37d443e14b4d8ed3a304f85ad5f7074b4581fa5294ac5
CLIENT_TRAFFIC_SECRET_0 69cdbd9ad847104809fd9042680e65e97e930b39932a87ae0f7d23420656a632 2c35452e3ca044318f60574fd841bdd8c9abb1c07baa84b84f4f9da38a8c24d8
SERVER_HANDSHAKE_TRAFFIC_SECRET 6f4805525b1c6036b041803c75de296659473c58707d309bcd09d3a377d2df6e 25ac73f0bbbb179a66375d13d0c2027c781839cb6d6d4a892181a1827808d153
CLIENT_HANDSHAKE_TRAFFIC_SECRET 6f4805525b1c6036b041803c75de296659473c58707d309bcd09d3a377d2df6e 0eb48201df3940ac3d204caa33720b7b86927eebbea442d4cec4393ff29a93ac
SERVER_TRAFFIC_SECRET_0 6f4805525b1c6036b041803c75de296659473c58707d309bcd09d3a377d2df6e aa7eafd948455ed4f2c2c38f21de4653dfe1d957cbd539ed2f3822fad0d14623
CLIENT_TRAFFIC_SECRET_0 6f4805525b1c6036b041803c75de296659473c58707d309bcd09d3a377d2df6e 0f0588411ebc007466aa232e17a04a70d5fd9c563bf575d23d877ba286a902e0
SERVER_HANDSHAKE_TRAFFIC_SECRET 91a8c69e25f4646f07d6730a311391d25496f0f3743b922a9be110b170b865fe 6da2515640ab3139b95820dfd9e930083753d5b7349c9616aa497a8e2428c655
CLIENT_HANDSHAKE_TRAFFIC_SECRET 91a8c69e25f4646f07d6730a311391d25496f0f3743b922a9be110b170b865fe 10aa4fcc9b64bc9692a7b9fa3d9c39089bddeb8557157300971696ed98aa3b40
SERVER_TRAFFIC_SECRET_0 91a8c69e25f4646f07d6730a311391d25496f0f3743b922a9be110b170b865fe 7a6fdc1e7ff3ce8a0e25413a557f08f5a45557085245a283f75a4808b020dd25
CLIENT_TRAFFIC_SECRET_0 91a8c69e25f4646f07d6730a311391d25496f0f3743b922a9be110b170b865fe b8844f29364b98ed85874149977baccede9d3a535dd2c8473738f1e6df66e416
SERVER_HANDSHAKE_TRAFFIC_SECRET 0f788eefce56c10b1bb1acfe834f4f3a48c0dce912639a90b977e40550f81cc0 a13eea38d0d846d0be555f4608d3294f7fad2814bfa40424dac0571ba1a373ed
CLIENT_HANDSHAKE_TRAFFIC_SECRET 0f788eefce56c10b1bb1acfe834f4f3a48c0dce912639a90b977e40550f81cc0 1c4d57241a4ecca62dff26f5dce2c7caaa6c97da467d5e1bba8f1284372787d6
SERVER_TRAFFIC_SECRET_0 0f788eefce56c10b1bb1acfe834f4f3a48c0dce912639a90b977e40550f81cc0 53905e2110731452bb594ebb2194e07e534c0b9b363d6ff375224a0f376f9672
CLIENT_TRAFFIC_SECRET_0 0f788eefce56c10b1bb1acfe834f4f3a48c0dce912639a90b977e40550f81cc0 ba5328e3dad08f5431f165705b793c343ff43d4c3f3e3d58efef2574671cc740
SERVER_HANDSHAKE_TRAFFIC_SECRET fa4630bb5705747923d9eb9c145e88510398e9e32b44e185b81adeb5086433bb e92b7e928a646db34338928582cd016bc5f9eea685f1abc920ee5449970af6cb
CLIENT_HANDSHAKE_TRAFFIC_SECRET fa4630bb5705747923d9eb9c145e88510398e9e32b44e185b81adeb5086433bb 24e5345a3dd6912d48998651b81a31b8986c1676acf8b77098a8653f0e207ce0
SERVER_TRAFFIC_SECRET_0 fa4630bb5705747923d9eb9c145e88510398e9e32b44e185b81adeb5086433bb 55edc96d420b27b767037c12f1b35b53b2da050aa0e2ba1c82497eddfa498a23
CLIENT_TRAFFIC_SECRET_0 fa4630bb5705747923d9eb9c145e88510398e9e32b44e185b81adeb5086433bb 74f62e1aaa623b6a0a635de1e95fcf903d7a43c71e2d81de22ccc19b5160a824
SERVER_HANDSHAKE_TRAFFIC_SECRET c495dee4bfd5584991192169ad5894afa7c72d9e4abcc4fcc73abcb6ae872965 c2ce8e561b43087e57a6fb9aa96da4c32c8b78d2ca560dd020ba7e532453f9fa
CLIENT_HANDSHAKE_TRAFFIC_SECRET c495dee4bfd5584991192169ad5894afa7c72d9e4abcc4fcc73abcb6ae872965 c3ea05b339987fc6dbc778baadab8c940cfba6957d609876eec024932743c30a
SERVER_TRAFFIC_SECRET_0 c495dee4bfd5584991192169ad5894afa7c72d9e4abcc4fcc73abcb6ae872965 0552f4eac5340a667b471f4dbf2b0def64d8dc794d96f9134156b3e9976142ea
CLIENT_TRAFFIC_SECRET_0 c495dee4bfd5584991192169ad5894afa7c72d9e4abcc4fcc73abcb6ae872965 ff221a3c8e16cac4e007e6a559b4010ca7b21d73a069157fcad53e4e63f80ad8
SERVER_HANDSHAKE_TRAFFIC_SECRET 8762abf0b62653820f7a9804fa1ad27d360248536b62acffd88a49640739e0e1 30ee3600d27d4a4b5e4d232ce9fae45484c8bff6cdd8103ea98f0ea4e28f34b7
CLIENT_HANDSHAKE_TRAFFIC_SECRET 8762abf0b62653820f7a9804fa1ad27d360248536b62acffd88a49640739e0e1 17df881b6c48e9a8a7df627ca6a346aedc3034431bf2af6b127c185bcf5eca2a
SERVER_TRAFFIC_SECRET_0 8762abf0b62653820f7a9804fa1ad27d360248536b62acffd88a49640739e0e1 c41df7046a0941cb14a26e8b24b2bd273d446f759b0a881338720fa485b9e6a3
CLIENT_TRAFFIC_SECRET_0 8762abf0b62653820f7a9804fa1ad27d360248536b62acffd88a49640739e0e1 03d1c17fef10b95afe9f32c2b851028f3946580f4940c3a33e35ff2eca4d45d7
SERVER_HANDSHAKE_TRAFFIC_SECRET 24284fd8d86b173c44f4cbd3fb30f6602715120c1d99c7aa25b288aa52af52d0 c921f87c0f57690329316a706c9ff50cbdc1ff769488f2eaf8ea8c3870183724
CLIENT_HANDSHAKE_TRAFFIC_SECRET 24284fd8d86b173c44f4cbd3fb30f6602715120c1d99c7aa25b288aa52af52d0 9f1e93580c25585f4dac43244e7a719ba68b541c7252056ae936afa2e4414df3
SERVER_TRAFFIC_SECRET_0 24284fd8d86b173c44f4cbd3fb30f6602715120c1d99c7aa25b288aa52af52d0 fe7e30fb2069df54b2110f51e5674803f6d22df64bdf2e8517d619a5ae31f87d
CLIENT_TRAFFIC_SECRET_0 24284fd8d86b173c44f4cbd3fb30f6602715120c1d99c7aa25b288aa52af52d0 432ee3aba11cbfd6f76bdf96768c4e72717267f4574538a4940318bc22b07156
SERVER_HANDSHAKE_TRAFFIC_SECRET 96050fa9f16ff60fbb7e3f7e2436fdbf47921932fc394ec197b3cf44b5729299 b46eca99ad25149a48ea7565018ec4bde649f2e5f1d839f15fdf45088b5a9d69
CLIENT_HANDSHAKE_TRAFFIC_SECRET 96050fa9f16ff60fbb7e3f7e2436fdbf47921932fc394ec197b3cf44b5729299 f2d40bef486a22181e8985390cf971fc426c77fba1a616771132b36de0252ffd
SERVER_TRAFFIC_SECRET_0 96050fa9f16ff60fbb7e3f7e2436fdbf47921932fc394ec197b3cf44b5729299 b4c82a399b0590d8c8cb8b5071a9b3dbc482f8636f1fb85db7838bd66ed26e92
CLIENT_TRAFFIC_SECRET_0 96050fa9f16ff60fbb7e3f7e2436fdbf47921932fc394ec197b3cf44b5729299 f1639ffb2e3cb1e98137eb0d365f9a9648200d21f98bb059373067368cc40149
SERVER_HANDSHAKE_TRAFFIC_SECRET 350a51a5cd65ea8a961bf287f1900f0c71be4dd7d1013f1fea7ea758dab2d365 5dc69da1bed5f814d75ff135f7224da1d498ac09a2e8ff78a43500aad816bdbe
CLIENT_HANDSHAKE_TRAFFIC_SECRET 350a51a5cd65ea8a961bf287f1900f0c71be4dd7d1013f1fea7ea758dab2d365 d2ac52b59484658e0c8fde42f53b1eeafed009f1c86798681814860abded3995
SERVER_TRAFFIC_SECRET_0 350a51a5cd65ea8a961bf287f1900f0c71be4dd7d1013f1fea7ea758dab2d365 e45e024b25e0e3ac97f733caeb3330d0fdea7d3227595355df9ab7e0291209b9
SERVER_HANDSHAKE_TRAFFIC_SECRET 35730baeb05ca1e67b5a7268d79d135a4e9461e2270895ffaa37b3762c8a219d dc0e173e8ec6b39e007233536086381e061349edd8b3f27861ae9b1f201aa7b2
CLIENT_HANDSHAKE_TRAFFIC_SECRET 35730baeb05ca1e67b5a7268d79d135a4e9461e2270895ffaa37b3762c8a219d f387f3e3ee48938eff1f970183c28bba1e5c7aec5bbad9788555993e4529d7d4
SERVER_TRAFFIC_SECRET_0 35730baeb05ca1e67b5a7268d79d135a4e9461e2270895ffaa37b3762c8a219d d3c0e91a0a0327b2321a5b25e6861c6b25f98e7f39a3769d47cff30d4e6cc817
CLIENT_TRAFFIC_SECRET_0 35730baeb05ca1e67b5a7268d79d135a4e9461e2270895ffaa37b3762c8a219d e896891ff181e65eeea17f2fa257bdbb0dc6064a7a287af92442556d0f63edc3
SERVER_HANDSHAKE_TRAFFIC_SECRET a3e8688566accc2322cfc9acd398b8056990818b94db1c64bfbb31a8683310da 3684986152451806fa92cb6e1ad0ce9b29d50b5c1173465f7c384e9185e402ec
CLIENT_HANDSHAKE_TRAFFIC_SECRET a3e8688566accc2322cfc9acd398b8056990818b94db1c64bfbb31a8683310da bf3f592a2234656c6f1e6277cfbe7e073afba1cded9980e6b1e231d177d26d2b
SERVER_TRAFFIC_SECRET_0 a3e8688566accc2322cfc9acd398b8056990818b94db1c64bfbb31a8683310da a73030c926474d0a7779d26b5e79957cc921217ce32e82cfcfb5430313f7d75b
CLIENT_TRAFFIC_SECRET_0 a3e8688566accc2322cfc9acd398b8056990818b94db1c64bfbb31a8683310da c175b905d8081d532da0a21d742cc81adacf21c6f2a1a5f5178226345f8957c7
SERVER_HANDSHAKE_TRAFFIC_SECRET 1b6d3352ffcc6d61b91e8ff1d0d811bd10ee88e93a476ac03752b11e1a011215 f32056af6ac330a0a70abe697200cd8b075d05cc1a6e783235adf60fd7e4adbd
CLIENT_HANDSHAKE_TRAFFIC_SECRET 1b6d3352ffcc6d61b91e8ff1d0d811bd10ee88e93a476ac03752b11e1a011215 d5ccdae48c645af91805892612b3131c4835d076fc42764f6edfb54c3ab3c010
SERVER_TRAFFIC_SECRET_0 1b6d3352ffcc6d61b91e8ff1d0d811bd10ee88e93a476ac03752b11e1a011215 9da3013366f0936d7c00a25624339dc52c7823d1780db08ab5787e7356c472ee
SERVER_HANDSHAKE_TRAFFIC_SECRET ba38c8b5d6dc559fb6a880a2b2f81a1126ec57167c1b44cef42edfa9f76e6364 cf060bed975c64fcf1d5d039aab274f9f27cca93ecc4473353369de95471ac58
CLIENT_HANDSHAKE_TRAFFIC_SECRET ba38c8b5d6dc559fb6a880a2b2f81a1126ec57167c1b44cef42edfa9f76e6364 b852456c2a58ea79d13a8ef92284485d0228dd44e2f176a3ddeaaa1e6274fc52
SERVER_TRAFFIC_SECRET_0 ba38c8b5d6dc559fb6a880a2b2f81a1126ec57167c1b44cef42edfa9f76e6364 5c74bed04a55c8de9fbd0f301fc14dca6ec2d267a9cf1f6b9259dad88c53dd2f
CLIENT_TRAFFIC_SECRET_0 ba38c8b5d6dc559fb6a880a2b2f81a1126ec57167c1b44cef42edfa9f76e6364 ddaa0c18754c350d7291398860e8dcb4a5b35c7985d0868482ce9c3c38053990
SERVER_HANDSHAKE_TRAFFIC_SECRET fda7b8555ba4a826e9b5ce831a751f543e2c515cb1c7551e5f2e89aba8fd85f5 ccafe20e528c2fc203a80321ee6a1b179c74fe5f4a518776c2f16f54ea41245a
CLIENT_HANDSHAKE_TRAFFIC_SECRET fda7b8555ba4a826e9b5ce831a751f543e2c515cb1c7551e5f2e89aba8fd85f5 5f7c767c717dc44d1733ae8f27b026e604166e4f91a481f022642adc46c19d84
SERVER_TRAFFIC_SECRET_0 fda7b8555ba4a826e9b5ce831a751f543e2c515cb1c7551e5f2e89aba8fd85f5 38863e5a23f3fb0807ca960c56938dff767304893648e3fdfe6dfcb072ee761e
CLIENT_TRAFFIC_SECRET_0 fda7b8555ba4a826e9b5ce831a751f543e2c515cb1c7551e5f2e89aba8fd85f5 5454d8a725894ec0a2dd0d7de5a9741d428ea06faf9d7b5d1763f99420e3cf28
SERVER_HANDSHAKE_TRAFFIC_SECRET 51cfeefd6de977372ba86cfe321954411254a47877169519a8b9349fb29f2f2a 17a29b5267d1b757cd6af2f1f7bbaa802ffecf3ea162c78ae1ac4216bda21a65
CLIENT_HANDSHAKE_TRAFFIC_SECRET 51cfeefd6de977372ba86cfe321954411254a47877169519a8b9349fb29f2f2a f5dfd274d90370170f94da07889deb10bd26eb7213ab312872eb0fc6d62b6f12
SERVER_TRAFFIC_SECRET_0 51cfeefd6de977372ba86cfe321954411254a47877169519a8b9349fb29f2f2a 40fef8bf649d22e5a41c2f8193a6a09ac5ad4b12573866e427f82bdc1b7f62c8
CLIENT_TRAFFIC_SECRET_0 51cfeefd6de977372ba86cfe321954411254a47877169519a8b9349fb29f2f2a 1fd8c1e53e0bb2e2a1672ff210770726e678d587e5a49d7d3eecffab7e0f1c99
SERVER_HANDSHAKE_TRAFFIC_SECRET 3488c8a92cc1e6206084d6dee117f28eb89bf8d02e3a61c0503da0693e005d98 f4847e1674e4453a9c3873404bb5857f7b2c77585bb15163b937d17953963373
CLIENT_HANDSHAKE_TRAFFIC_SECRET 3488c8a92cc1e6206084d6dee117f28eb89bf8d02e3a61c0503da0693e005d98 ef32fd72161d91f37730362f5d47661c49f6ce16ade2d26a6e26d86b5d31890f
SERVER_TRAFFIC_SECRET_0 3488c8a92cc1e6206084d6dee117f28eb89bf8d02e3a61c0503da0693e005d98 a8b304ef938abdf17d196aaa3660d01bff7a9ea1174555bbe30a341b01ca8346
CLIENT_TRAFFIC_SECRET_0 3488c8a92cc1e6206084d6dee117f28eb89bf8d02e3a61c0503da0693e005d98 3176bb30a31e91c55e959705a24af01adc1e2db6c7b0bd9abfa00088d4909e31
SERVER_HANDSHAKE_TRAFFIC_SECRET f71e42213201fbd5d05af1536533032507353fa4b427d8fb54afdb5d0cfcdf24 b4f0d219e504fcccb2520e0fcfcc57b7a67a5dbaf58150d417e4922d1b0f3c3d
CLIENT_HANDSHAKE_TRAFFIC_SECRET f71e42213201fbd5d05af1536533032507353fa4b427d8fb54afdb5d0cfcdf24 09c008b76f83f03ed44e932eee52bb6d1344c6416620347560f8a37675901528
SERVER_TRAFFIC_SECRET_0 f71e42213201fbd5d05af1536533032507353fa4b427d8fb54afdb5d0cfcdf24 7e8382aef873f908afaa0fd8fc6cad22f632d8f4e0102573e3531fc9b739acef
CLIENT_TRAFFIC_SECRET_0 f71e42213201fbd5d05af1536533032507353fa4b427d8fb54afdb5d0cfcdf24 5e9be3e6630b5f70a077ffb8901edc7bde4179d1fd19404e4b5128b3cc4fcf7a
SERVER_HANDSHAKE_TRAFFIC_SECRET 3f2fc1fffa306c284907d4818e83e847d6d7de30136d528a0a0309227d78b327 ddb15556182f24b7ca4549bf776ad081bf1b19d4fa309bca63af94512b0989e7
CLIENT_HANDSHAKE_TRAFFIC_SECRET 3f2fc1fffa306c284907d4818e83e847d6d7de30136d528a0a0309227d78b327 d1f1aaf29bb1fe28e4f95ea377ac93e7b1385dc5f2ba68b03949ea7158eac423
SERVER_TRAFFIC_SECRET_0 3f2fc1fffa306c284907d4818e83e847d6d7de30136d528a0a0309227d78b327 34e6f2e99c3a33660fc355211bd30810867fa81d6aeafd9e11bb2ef48e9e609b
CLIENT_TRAFFIC_SECRET_0 3f2fc1fffa306c284907d4818e83e847d6d7de30136d528a0a0309227d78b327 cc77d3576d9cb445f4b90555ff86be953e6d4bac8af5273c3ee51e119cc07df2
SERVER_HANDSHAKE_TRAFFIC_SECRET 10e3d0b14d0855267a96785906a9d6bd33ab4e0332cbcd9c9c3f17ece9b1d943 70e8d0f4c218248d1db7b9684093b318fdf158583dc73b0e98db37a392ac5b2e
CLIENT_HANDSHAKE_TRAFFIC_SECRET 10e3d0b14d0855267a96785906a9d6bd33ab4e0332cbcd9c9c3f17ece9b1d943 2e787fec8278b5cf73bf04512bb80a87f6bdabde4a50bcbc6758a581d4ab8cf2
SERVER_TRAFFIC_SECRET_0 10e3d0b14d0855267a96785906a9d6bd33ab4e0332cbcd9c9c3f17ece9b1d943 e3779c96f139c6e7bceca0531489ee26d9726cec1ea5262551e431e609299b71
SERVER_HANDSHAKE_TRAFFIC_SECRET 2f7b53242757003ffb32a26f76b1052c3f2ba0b436ecbcc27f6abcf750d3d416 5ffc7aaf97d685f57f418969d83b43fd9977889e7cbf4c8b1f603d3c965b4f99
CLIENT_HANDSHAKE_TRAFFIC_SECRET 2f7b53242757003ffb32a26f76b1052c3f2ba0b436ecbcc27f6abcf750d3d416 0bdd0780d173baa9ab64df15343c71dbcbb86662694aa7aef5d4e69367cdaf65
SERVER_TRAFFIC_SECRET_0 2f7b53242757003ffb32a26f76b1052c3f2ba0b436ecbcc27f6abcf750d3d416 f1251ddd8f5f0c0df4139814533abcf7ef1bd4696b6353f43318b258a31837b4
CLIENT_TRAFFIC_SECRET_0 2f7b53242757003ffb32a26f76b1052c3f2ba0b436ecbcc27f6abcf750d3d416 6c62f62ce6221a2d36ebece68c6923c5cf2e43ad6d7b4dad483bbf972a4a8640
SERVER_HANDSHAKE_TRAFFIC_SECRET 17c2d661bbb97db41430f883b3af52aff52df09be024b087f241caa85652c2b4 8095f163d722cb3f0933241c57a42139a817fa09d0440cfee107b8d3a4db0ad2
CLIENT_HANDSHAKE_TRAFFIC_SECRET 17c2d661bbb97db41430f883b3af52aff52df09be024b087f241caa85652c2b4 930921593d2b1f1803aeb828ccf02bbc70022f0d5b8016908a63c51972ff79c0
SERVER_TRAFFIC_SECRET_0 17c2d661bbb97db41430f883b3af52aff52df09be024b087f241caa85652c2b4 d64c7444f710a86360da045d0da3ea4caf63bb96f00f4d5ca4938c34b32cd5c6
CLIENT_TRAFFIC_SECRET_0 17c2d661bbb97db41430f883b3af52aff52df09be024b087f241caa85652c2b4 99e02ad4d75ca1f66eff40b23926cbf317a41b5a439d57a194d8abd4e99608b7
SERVER_HANDSHAKE_TRAFFIC_SECRET b59d92eeff69fd33ad428d7842fa3e177b5fee2a8273205df77fdedaa6679b80 f0f356f9e4f56630a774644757c0ac52881c2df53a2e918543aeb18367aae266
CLIENT_HANDSHAKE_TRAFFIC_SECRET b59d92eeff69fd33ad428d7842fa3e177b5fee2a8273205df77fdedaa6679b80 2c98ec4c8ba5ecb5395da08da0f0453146324c96bfd3741adfd5041947923e08
SERVER_TRAFFIC_SECRET_0 b59d92eeff69fd33ad428d7842fa3e177b5fee2a8273205df77fdedaa6679b80 3ceede40f6f8a52b5a35978377d17f2721eb8922b353af6139792b0ec25a15a3
SERVER_HANDSHAKE_TRAFFIC_SECRET 6fc6d8a41666382aa59c86d5c8f138f3f98b29f540fade1396a2e30558ac0628 2bc0309aa97be2399409390198ad30548b0d5f408ee8e8246287b3eef8b4c71f
CLIENT_HANDSHAKE_TRAFFIC_SECRET 6fc6d8a41666382aa59c86d5c8f138f3f98b29f540fade1396a2e30558ac0628 6259e35a1a7831f00dadf63c0bd9ac0672095617499591da1a0a699154c195f6
SERVER_TRAFFIC_SECRET_0 6fc6d8a41666382aa59c86d5c8f138f3f98b29f540fade1396a2e30558ac0628 fc5836b9cc36380e8cc4902b47b3579c967aafc9252ac3582186ed2759c92a0b
CLIENT_TRAFFIC_SECRET_0 6fc6d8a41666382aa59c86d5c8f138f3f98b29f540fade1396a2e30558ac0628 6b0aaefab5481a93f3caa021fab7f1362c0b90db84d6455d83e45bda78699236
SERVER_HANDSHAKE_TRAFFIC_SECRET 71bb89277d27cb6ab508b823da30446443ba62f9af5ca5baa88b4b2e36b216f3 01ae7ace9608cfda2f0c537cf7b737deade787b8964eee0a4289ff344ee4950f
CLIENT_HANDSHAKE_TRAFFIC_SECRET 71bb89277d27cb6ab508b823da30446443ba62f9af5ca5baa88b4b2e36b216f3 95d831622aac934faa9f83abeb46378c49f857389f5c9460a1ca60149c3c6836
SERVER_TRAFFIC_SECRET_0 71bb89277d27cb6ab508b823da30446443ba62f9af5ca5baa88b4b2e36b216f3 81ebc97959fc07282c76dc4a4a2e9b09306545084722c676bee0611862340922
CLIENT_TRAFFIC_SECRET_0 71bb89277d27cb6ab508b823da30446443ba62f9af5ca5baa88b4b2e36b216f3 3c165caa53e824b7803efb6b5944a7dda77ef2b0812cef1905d91719a2d470a7
SERVER_HANDSHAKE_TRAFFIC_SECRET 9d926343c037cb21e08c189dbe1266b59b7bf5caed3ea0e08cad85acac21e3da a1dfc26f54bfc740d0b9ecf4c90816bc74f398a7b0563874983e1da16f3e6019
CLIENT_HANDSHAKE_TRAFFIC_SECRET 9d926343c037cb21e08c189dbe1266b59b7bf5caed3ea0e08cad85acac21e3da a5acf04243692dc520a35c634892445e130166dd5d07601c87ec78eca033bf71
SERVER_TRAFFIC_SECRET_0 9d926343c037cb21e08c189dbe1266b59b7bf5caed3ea0e08cad85acac21e3da 9c96c3fc294c926b84b3c3988cbe93cbed687b712536cb9938560a92a248991f
SERVER_HANDSHAKE_TRAFFIC_SECRET 0e5793b0f200382c5428a2c0cb000f111c943b1c0209dd200d648204bb5314a0 ef6c5613ee2ee3c2d10a40e9d0ed26f974e4cec7225ef835edd09c9130ccb09a
CLIENT_HANDSHAKE_TRAFFIC_SECRET 0e5793b0f200382c5428a2c0cb000f111c943b1c0209dd200d648204bb5314a0 c5374cd8a0cf55023641c927c364515249feccf870dcddc65eff6397b7937ea4
SERVER_TRAFFIC_SECRET_0 0e5793b0f200382c5428a2c0cb000f111c943b1c0209dd200d648204bb5314a0 e89a64ddb82079ad3e676cba0fd820c3e89402054893733f751eb809067f2a78
CLIENT_TRAFFIC_SECRET_0 0e5793b0f200382c5428a2c0cb000f111c943b1c0209dd200d648204bb5314a0 dc1c8e36b82d0f832b34b7b6237696f25f52ce3bbef1b65a1227615d64c4fd6e
SERVER_HANDSHAKE_TRAFFIC_SECRET 65aa8a58d439d406ab23310c08dfff7dd5dd50b1c60c230f38f42f5e9ddf3aef 54bb6e109b3299ef38b851230159e2e61ec43a6fa60ac4ab96e9d77381727b9b
CLIENT_HANDSHAKE_TRAFFIC_SECRET 65aa8a58d439d406ab23310c08dfff7dd5dd50b1c60c230f38f42f5e9ddf3aef 5454c2560f89561bddd7aef3f6e737d4f84fd5def32c581e879d1834e962294b
SERVER_TRAFFIC_SECRET_0 65aa8a58d439d406ab23310c08dfff7dd5dd50b1c60c230f38f42f5e9ddf3aef b61d3eb7d303060260a5efb528cc5c1abb32bcf3afde6c59b19f14b905654726
CLIENT_TRAFFIC_SECRET_0 65aa8a58d439d406ab23310c08dfff7dd5dd50b1c60c230f38f42f5e9ddf3aef 229eca2390b06badb500aee625acba6373fa16fdbf500f308307510c404c00c8
SERVER_HANDSHAKE_TRAFFIC_SECRET d667420be4a7b67c0479fd9c046728d4154ba0feb1916af9821e6fcf308d160d 12b02942d0a5915d432b4d242270bd66ddba59441d2a7a86d77885728c5eb3e4
CLIENT_HANDSHAKE_TRAFFIC_SECRET d667420be4a7b67c0479fd9c046728d4154ba0feb1916af9821e6fcf308d160d e5ecf57ec07e9aa050447a31d052d5458e1b53f7a621167581eeebf6e66b0ffa
SERVER_TRAFFIC_SECRET_0 d667420be4a7b67c0479fd9c046728d4154ba0feb1916af9821e6fcf308d160d d565278c250e837b8b61753a5b9b316fd7524df9faeb032781fd4b8a53e64d86
CLIENT_TRAFFIC_SECRET_0 d667420be4a7b67c0479fd9c046728d4154ba0feb1916af9821e6fcf308d160d 534b1e50b2eda0789f68cbaf2b8003ec1bb82d30a6baf1845fce4be225864bb0
SERVER_HANDSHAKE_TRAFFIC_SECRET 6f7bf958880df803bcf5cc484972e6a42faf816d25569a4bc836dbbd5b137106 981394dd59b5ae82f602f47ef8b140ee6926f9126bc16cb38aace06fc0db6044
CLIENT_HANDSHAKE_TRAFFIC_SECRET 6f7bf958880df803bcf5cc484972e6a42faf816d25569a4bc836dbbd5b137106 d78544cdb91c18958e58ed9a64e04db6f8e9d72455606f5b6afd6d795c9748b7
SERVER_TRAFFIC_SECRET_0 6f7bf958880df803bcf5cc484972e6a42faf816d25569a4bc836dbbd5b137106 337b9f427de16178193981e8371ef2edc3a88c4069d5d5daf8af743fda973c8e
CLIENT_TRAFFIC_SECRET_0 6f7bf958880df803bcf5cc484972e6a42faf816d25569a4bc836dbbd5b137106 5aaab02a162e8273c331c5f9f9380442c9852d79d3226ef9046e8351017062b8
SERVER_HANDSHAKE_TRAFFIC_SECRET cdcfba704031de727d3861760c6d553868657c9ba38a0ddecf9156668f0174be 4486b37e7c08ddcf039a6c3a1e7308eb8cab419e01b7d42466cb1ca481040ebe
CLIENT_HANDSHAKE_TRAFFIC_SECRET cdcfba704031de727d3861760c6d553868657c9ba38a0ddecf9156668f0174be 640da63416f43b8408c782b4d9bfb8d664e3df468be3c513eb431c710ca6de48
SERVER_TRAFFIC_SECRET_0 cdcfba704031de727d3861760c6d553868657c9ba38a0ddecf9156668f0174be 9d7f432f7ebf544b62bad79c2e309e3c171d625eef4c3da6c0e15925e4287fd9
CLIENT_TRAFFIC_SECRET_0 cdcfba704031de727d3861760c6d553868657c9ba38a0ddecf9156668f0174be 540eebcc283e97ddeffc26ae4fbd15980b24ea206002f6da153af9d0cf3d1d8f
SERVER_HANDSHAKE_TRAFFIC_SECRET 093bd91c626969421e04cd5b3f13db87675c576f0b75731d062fcb978b3cdec1 dccee67931215cd8f473b90f8e5878b75c3011e4a74c518e79cc096b1f2e5572
CLIENT_HANDSHAKE_TRAFFIC_SECRET 093bd91c626969421e04cd5b3f13db87675c576f0b75731d062fcb978b3cdec1 21c7dfe733fd863eba42ebfd784714e25476c574a7c7a92e30056b0b2ed858da
SERVER_TRAFFIC_SECRET_0 093bd91c626969421e04cd5b3f13db87675c576f0b75731d062fcb978b3cdec1 143879ae361c309571dc867c0875ee0947779bd7d79912c5aed5a71ff3c10909
SERVER_HANDSHAKE_TRAFFIC_SECRET ede3f547b7c65c0eb6cfeabe2c8ec106c46fd7929db1dc2f57f9d81cfc3ed377 99d7173d13cdfbd74126568ed9899367d6e599c0e1aa9273124e3f9c018cfdb1
CLIENT_HANDSHAKE_TRAFFIC_SECRET ede3f547b7c65c0eb6cfeabe2c8ec106c46fd7929db1dc2f57f9d81cfc3ed377 fc7b5e52ecc433b213b5320b7328c4fa4c01816fc80b65ff10801bcb7da07464
SERVER_TRAFFIC_SECRET_0 ede3f547b7c65c0eb6cfeabe2c8ec106c46fd7929db1dc2f57f9d81cfc3ed377 f469acb4608e2b4d3fb353477a6c51c0ef91d022d926a4b1b23fcea309b66382
CLIENT_TRAFFIC_SECRET_0 ede3f547b7c65c0eb6cfeabe2c8ec106c46fd7929db1dc2f57f9d81cfc3ed377 1a2b80b0756546fd3208f086f61c366e608879a4d407fc428220ded2451c66ac
SERVER_HANDSHAKE_TRAFFIC_SECRET b5e3ba65ddf622bda8013b511a7949d29eb48cb5532dce07f73a907014d39019 ff32c97f6ff19b413a00c867cf2e4de352e9012df97798f4ad977cbcca67a00d
CLIENT_HANDSHAKE_TRAFFIC_SECRET b5e3ba65ddf622bda8013b511a7949d29eb48cb5532dce07f73a907014d39019 96f0103b1455d55aad4de2b202661080c486177679a011a2390ceb65f48c7a4e
SERVER_TRAFFIC_SECRET_0 b5e3ba65ddf622bda8013b511a7949d29eb48cb5532dce07f73a907014d39019 a6098280213474f6461a76ed98476c538f3fec2ab7677b9af1633fba289a8936
SERVER_HANDSHAKE_TRAFFIC_SECRET d19d8e7615b2561ab8da56724eab19546a42977a113cd42207243c2ec269df25 d572fa3150eaa34f873c240dd0753762c8420ea99aa0c07f64c6a5e6f6639dec
CLIENT_HANDSHAKE_TRAFFIC_SECRET d19d8e7615b2561ab8da56724eab19546a42977a113cd42207243c2ec269df25 7016d332090dace8fa375b0e5b3e6d2a29297074639a2732b3a476b97e3a1720
SERVER_TRAFFIC_SECRET_0 d19d8e7615b2561ab8da56724eab19546a42977a113cd42207243c2ec269df25 bfb9691d75e8b7ca9b45797180d490b8e0da30435498069eb16f4d97557f8bf5
CLIENT_TRAFFIC_SECRET_0 d19d8e7615b2561ab8da56724eab19546a42977a113cd42207243c2ec269df25 628345b1c9c4d059e7485c554a33c5f5f521ae1c6e3e33ac5c48cde042d5e430
SERVER_HANDSHAKE_TRAFFIC_SECRET 6038cb79e0db455baa3caf9a5e92da1317c12eff6d673fc516e3a4cfb8473d2c 820ad4ca757b8782bbaca4c3d197f1f5285474c67028a63bdddfc06f5df020f3
CLIENT_HANDSHAKE_TRAFFIC_SECRET 6038cb79e0db455baa3caf9a5e92da1317c12eff6d673fc516e3a4cfb8473d2c 147fb256f61d4c9ebb130f908c4ec860cc20a0d553462e17eea66cb43b98bee8
SERVER_TRAFFIC_SECRET_0 6038cb79e0db455baa3caf9a5e92da1317c12eff6d673fc516e3a4cfb8473d2c ffd591643178349ff3a342a91779ce17a2c1d6e75842f767a4e46b074ca30374
CLIENT_TRAFFIC_SECRET_0 6038cb79e0db455baa3caf9a5e92da1317c12eff6d673fc516e3a4cfb8473d2c 1e5bc397f56afe3d8584d34b114cdb08f575ed84e2943f762714fa58379f09ee
SERVER_HANDSHAKE_TRAFFIC_SECRET 13bf5f7280f3fa676ac42371014329f4ffd5e4199d7c9f4a9c6781827c6358f9 eee2d8bef9777163a7dbf98ef7b1ee370781a2e214335e08fcd275a15f74866a
CLIENT_HANDSHAKE_TRAFFIC_SECRET 13bf5f7280f3fa676ac42371014329f4ffd5e4199d7c9f4a9c6781827c6358f9 95e30de6e9e3defe5a4ed84f96005e41edfd2db7f94a59025ac70e44ae4b52dd
SERVER_TRAFFIC_SECRET_0 13bf5f7280f3fa676ac42371014329f4ffd5e4199d7c9f4a9c6781827c6358f9 41c6a82c5e4df2372775ddf304905ba44b6cbcfe526363d2f9e28378ddef59ec
CLIENT_TRAFFIC_SECRET_0 13bf5f7280f3fa676ac42371014329f4ffd5e4199d7c9f4a9c6781827c6358f9 f8effe661b905071192346787bdd735d8ed2fda6da7b4818119ff646b3fb64d7
SERVER_HANDSHAKE_TRAFFIC_SECRET 56d37861f1527b3008939dc6c3116d5e9ea10988b6c4d72a70755e43fa2a331c 7dafdc31f02c4f288d6e071b8ac2367dcb8f9dd965b13a9d070b9a216c94594a
CLIENT_HANDSHAKE_TRAFFIC_SECRET 56d37861f1527b3008939dc6c3116d5e9ea10988b6c4d72a70755e43fa2a331c 88590654e82503321fc0b412cbe92189c7147041cc213e1972651b7c6010c7d0
SERVER_TRAFFIC_SECRET_0 56d37861f1527b3008939dc6c3116d5e9ea10988b6c4d72a70755e43fa2a331c d9c1f88240920525d39757b702ed2f9bf7faf4af72524aef8394a2308a67b05d
CLIENT_TRAFFIC_SECRET_0 56d37861f1527b3008939dc6c3116d5e9ea10988b6c4d72a70755e43fa2a331c c11f9c4b6bd9298c868b86a1cf8c4a7956fc983b932a29dd7ae5955dc5da2565
SERVER_HANDSHAKE_TRAFFIC_SECRET 423eadddc4f146718fe534912f6540758dd7ac16e1dfb6960c6388db76fba1f1 4bb302b1c846306fead206d8b93a627a74566130fada7ec246a31954baa944cf
CLIENT_HANDSHAKE_TRAFFIC_SECRET 423eadddc4f146718fe534912f6540758dd7ac16e1dfb6960c6388db76fba1f1 7d28e821d2df32b5fa6153291b26fd3e117cedd43f6cdb10c478332da53285c3
SERVER_TRAFFIC_SECRET_0 423eadddc4f146718fe534912f6540758dd7ac16e1dfb6960c6388db76fba1f1 956e3854b3c2bf936aa66b92f8df3db49408ca4a67376321f5566c21ac99155b
CLIENT_TRAFFIC_SECRET_0 423eadddc4f146718fe534912f6540758dd7ac16e1dfb6960c6388db76fba1f1 7784c1cd7b529c5edcb701572c83a9acb0caa6924c0064c79cc23180dcef7542
SERVER_HANDSHAKE_TRAFFIC_SECRET 5596aa339a456b17c95423fadda510f795a5dbee759929d45c353d54ff3621e9 79a836acef63b77914c887bbb662073251d63b5642e9523c02d6cd9e32a90a04
CLIENT_HANDSHAKE_TRAFFIC_SECRET 5596aa339a456b17c95423fadda510f795a5dbee759929d45c353d54ff3621e9 2740c6749eb5d6ba1ab44125a98c93161683aa9e702bbac6e642bdec8a593def
SERVER_TRAFFIC_SECRET_0 5596aa339a456b17c95423fadda510f795a5dbee759929d45c353d54ff3621e9 6a2c949514abda1efea36e08ead6bfec14386a2b2aea7c63df01827298be66cf
CLIENT_TRAFFIC_SECRET_0 5596aa339a456b17c95423fadda510f795a5dbee759929d45c353d54ff3621e9 36f1b2bde2a9b3eaedfab3beb6101f1158f66a8d7c354a399b013d6c43e0dc15
SERVER_HANDSHAKE_TRAFFIC_SECRET 4c9ef1d662e0ce8b56c0c4c87efac72d33d90ad2f086a7c3651d5892b6ccdb12 a2ae95670d694cad7b72253fc1ce66a2146f9d27735b030cfed6a98e1bb95277
CLIENT_HANDSHAKE_TRAFFIC_SECRET 4c9ef1d662e0ce8b56c0c4c87efac72d33d90ad2f086a7c3651d5892b6ccdb12 002556b92fa34b6380827fa2d74df3ad6dbd76b3486d6aed3e4aecaab6f9bd75
SERVER_TRAFFIC_SECRET_0 4c9ef1d662e0ce8b56c0c4c87efac72d33d90ad2f086a7c3651d5892b6ccdb12 67675eb692bb24264c1951fe6a0beb19731eddccfc004deb4224d8c54a59c605
SERVER_HANDSHAKE_TRAFFIC_SECRET af6d6466c0785e800d56d5e5f75c7cf8143648e5eeec8704ce57f73331baca2e 031633e8b25853c3c55f44a25005ec206e7aa90ae3815c5e4d102a4de8baad0f
CLIENT_HANDSHAKE_TRAFFIC_SECRET af6d6466c0785e800d56d5e5f75c7cf8143648e5eeec8704ce57f73331baca2e 78c6e4ff4ba2922edf89b9bf8b422c236ec1189457e4bbc4f6696c51fd27b811
SERVER_TRAFFIC_SECRET_0 af6d6466c0785e800d56d5e5f75c7cf8143648e5eeec8704ce57f73331baca2e 2d86d69279ae07efc6949813ea3f432b05734e4bded9e36f131cc1de337c8a1b
SERVER_HANDSHAKE_TRAFFIC_SECRET ad121a9abda17ada5bbaf0417eed0e127f92d0ed86ff1df9091bc72aedd81aee 7aedb44bd8fcce7f3d0b44315f67f8d4ceb136ad3fd49f728b4a8dfaea581e96
CLIENT_HANDSHAKE_TRAFFIC_SECRET ad121a9abda17ada5bbaf0417eed0e127f92d0ed86ff1df9091bc72aedd81aee 0f59d93224c63e377a5a73746fb4232a4b7b39f91242267b94d5c6a2091a4071
SERVER_TRAFFIC_SECRET_0 ad121a9abda17ada5bbaf0417eed0e127f92d0ed86ff1df9091bc72aedd81aee ceb7a0c1bf6ec910496ca9269dcb7486699bcf1b465df637991b9a6d64ff4318
CLIENT_TRAFFIC_SECRET_0 ad121a9abda17ada5bbaf0417eed0e127f92d0ed86ff1df9091bc72aedd81aee 40f7771c7fec24cbc8e3bc70e6bd1436bf6eca79b9337d322e2902d49b542c41
SERVER_HANDSHAKE_TRAFFIC_SECRET a66acdea26f6957a268cd09d9c1234cc01fc61b2468af8c3090c5f27463caa0c ac186e91f412506654ac482c96050d1c940f328a92bce5c77988cd18af97ac7b
CLIENT_HANDSHAKE_TRAFFIC_SECRET a66acdea26f6957a268cd09d9c1234cc01fc61b2468af8c3090c5f27463caa0c d40d9f60c6cd08ca4e729ec13b3664558024dd09925b5ee2db0b495d0efe02e8
SERVER_TRAFFIC_SECRET_0 a66acdea26f6957a268cd09d9c1234cc01fc61b2468af8c3090c5f27463caa0c d2b18b9b92f8a42486f9aaff7a80edeb3be8e22be8f4e139b194c7d4b3482efd
CLIENT_TRAFFIC_SECRET_0 a66acdea26f6957a268cd09d9c1234cc01fc61b2468af8c3090c5f27463caa0c 66d30dbfb96552b4ee896977fb5fde3aae9aeb9f9857202b01fbad5315bd0853
SERVER_HANDSHAKE_TRAFFIC_SECRET a5e582419fcc451cba54334bcf3a30696333b60400f8ccff70f26db28882f2b7 768f0c11dcc1baa033425fe3ff95d91b7f2f23df7d60113d3a0ac3c4d69b3d08
CLIENT_HANDSHAKE_TRAFFIC_SECRET a5e582419fcc451cba54334bcf3a30696333b60400f8ccff70f26db28882f2b7 fef07f8625f6333e49c93fd09eaaf6621217e59dcb067beee5458a5b8d5ad23d
SERVER_TRAFFIC_SECRET_0 a5e582419fcc451cba54334bcf3a30696333b60400f8ccff70f26db28882f2b7 d122e7dd4db68d6288b5767bf3be001f04963878fa29dc0c31f191d7821e8865
CLIENT_TRAFFIC_SECRET_0 a5e582419fcc451cba54334bcf3a30696333b60400f8ccff70f26db28882f2b7 60f9be1b00cbca79852b84538f70b07eeef088bddeeccb5a5915e806ffe96b5b
SERVER_HANDSHAKE_TRAFFIC_SECRET d8eea6939d2a71bc543c0a9faa28dc5f2394f632cc4a3b1043586096e33b6fb8 607c94fab8dad2dcd6aaa989a02fd5aa6faaa265034660cc872e8b70faa6eda3
CLIENT_HANDSHAKE_TRAFFIC_SECRET d8eea6939d2a71bc543c0a9faa28dc5f2394f632cc4a3b1043586096e33b6fb8 7c6e842c6cd495ed2a9c5feb7cff71cc9f209ff5b6591e3af998be40c0dd9810
SERVER_TRAFFIC_SECRET_0 d8eea6939d2a71bc543c0a9faa28dc5f2394f632cc4a3b1043586096e33b6fb8 56e96cdac0fa1a1f0a5bfcecdaa224b2d57971e64ac527eee8f9c4905448be0c
CLIENT_TRAFFIC_SECRET_0 d8eea6939d2a71bc543c0a9faa28dc5f2394f632cc4a3b1043586096e33b6fb8 2781f216d6676ee3082453a233036b666cb227f6199de8b76aeed4fdd9102aa8
SERVER_HANDSHAKE_TRAFFIC_SECRET 05459c6dba0f5e5e86aa57f6dc18ad2f042e5471a3ae5d9fddd38bc18645fdb3 233e14cc9b9bcc03351c9d573debf3e0db1bba006883d0e11daa4b828f4206a4
CLIENT_HANDSHAKE_TRAFFIC_SECRET 05459c6dba0f5e5e86aa57f6dc18ad2f042e5471a3ae5d9fddd38bc18645fdb3 16b5661b5acd05f4497d2f19ae92fbf26180baaf48dad77562eaad6f4016d469
SERVER_TRAFFIC_SECRET_0 05459c6dba0f5e5e86aa57f6dc18ad2f042e5471a3ae5d9fddd38bc18645fdb3 40dd3de3b9e07ee36e5ab3aa5f5c0f24951f5cce4fdc90f70463b6a2614cc40f
CLIENT_TRAFFIC_SECRET_0 05459c6dba0f5e5e86aa57f6dc18ad2f042e5471a3ae5d9fddd38bc18645fdb3 6b223d305a71a89f5877bcb109da839689ef7deb30af3f8d5e377aca855d458d
SERVER_HANDSHAKE_TRAFFIC_SECRET a02477d6b5339eae9db23e69f20876cffda68a5da5bdda96859c588fd51a8e82 c9a3325b6a588a220c094e3cd26ea3dc470c4df5d97cc2b27281b25a0eca89dd
CLIENT_HANDSHAKE_TRAFFIC_SECRET a02477d6b5339eae9db23e69f20876cffda68a5da5bdda96859c588fd51a8e82 a7c80013b9a8a55852e72686ac4c5077d02269122973c3dd6106037507707e44
SERVER_TRAFFIC_SECRET_0 a02477d6b5339eae9db23e69f20876cffda68a5da5bdda96859c588fd51a8e82 80d183d22081982a4fb05e936ba57b2024a24622e1fdd4372049f94627207131
CLIENT_TRAFFIC_SECRET_0 a02477d6b5339eae9db23e69f20876cffda68a5da5bdda96859c588fd51a8e82 7f56aa88c995ffa5595764af24ae251062ccb327b3a23670bd0a634e422fdd79
SERVER_HANDSHAKE_TRAFFIC_SECRET 163875d57291de99ff22fb03b3c146f51819658b74465b7aa423bfae642353d9 31802a780e5af952e7fbc3a90eca64ddae2e34871f8635d55caeb5097bb7c060
CLIENT_HANDSHAKE_TRAFFIC_SECRET 163875d57291de99ff22fb03b3c146f51819658b74465b7aa423bfae642353d9 1de413eda0b1134177372e2bc198b973c073161f747a5ba782ca0aaab2c0984c
SERVER_TRAFFIC_SECRET_0 163875d57291de99ff22fb03b3c146f51819658b74465b7aa423bfae642353d9 29c91863cc7f4fbfac98b4c38a9b911cf0feea17c4a269d7115d24f61ba690f1
SERVER_HANDSHAKE_TRAFFIC_SECRET 104e44e9d9c8ac92b786e907e3ec7708e1d3709b74dfb0744552393f2f27a87b 7c6d1fbab418c0efa5f118ed390bbddc28ac510a563a91b9ba743b66043cbcf6
CLIENT_HANDSHAKE_TRAFFIC_SECRET 104e44e9d9c8ac92b786e907e3ec7708e1d3709b74dfb0744552393f2f27a87b 04e76bda487a32e58d46deb99f4905422ca03b3463b656cb0c45c360a4c5c270
SERVER_TRAFFIC_SECRET_0 104e44e9d9c8ac92b786e907e3ec7708e1d3709b74dfb0744552393f2f27a87b 1ed466b8b609c39ebfb2ece60a75957343d0dbd51cf5d4528ac371f9861e623a
CLIENT_TRAFFIC_SECRET_0 104e44e9d9c8ac92b786e907e3ec7708e1d3709b74dfb0744552393f2f27a87b c13ce47df6e4d0cfd12e83e8ced553855370a508b70eb9eb7d38c58f368e2584
SERVER_HANDSHAKE_TRAFFIC_SECRET 63338b9456280f54d6ff444e3440c11ca1e4376668ec836d42f551d03d51ca3f 1170d21034a569f1488b9587a51b1e9d9c513867d6126f68f78268fb9028a55b
CLIENT_HANDSHAKE_TRAFFIC_SECRET 63338b9456280f54d6ff444e3440c11ca1e4376668ec836d42f551d03d51ca3f ae38ba757e415277ecbab63bc888d7cbf598f6b6d3028f5cb90402bfad56b6c3
SERVER_TRAFFIC_SECRET_0 63338b9456280f54d6ff444e3440c11ca1e4376668ec836d42f551d03d51ca3f 51c7edda3296b47c633691f9a4ebf2f3b306d9dd6cf539c756cb5a2867265353
CLIENT_TRAFFIC_SECRET_0 63338b9456280f54d6ff444e3440c11ca1e4376668ec836d42f551d03d51ca3f b525cb0e7bbc37aab60c705bdf188efb5967e6322fc7e9a491e0b2b61978abf7
SERVER_HANDSHAKE_TRAFFIC_SECRET 950c3d29b87e4e910bfa6463d8512e195ebe29778ce5347f180f229f1f03af16 3a251c63a098c160b41b32d43114d0c5f0890751e747b5036ab584ef96cbacc5
CLIENT_HANDSHAKE_TRAFFIC_SECRET 950c3d29b87e4e910bfa6463d8512e195ebe29778ce5347f180f229f1f03af16 8bcdedc5fdf143a93a5eb30ab561cecdb5e27641ea2cd7b86412cdb9318614ce
SERVER_TRAFFIC_SECRET_0 950c3d29b87e4e910bfa6463d8512e195ebe29778ce5347f180f229f1f03af16 7ce1b8635ae08c56e8e5beec6b27eeea45aae0abc12f9a66a8afc07f5886dc2d
CLIENT_TRAFFIC_SECRET_0 950c3d29b87e4e910bfa6463d8512e195ebe29778ce5347f180f229f1f03af16 6eeb8378a65a1e7daa5fbef0e0925c14062ccd350a8f6d47d1cf9e23d84f1490
SERVER_HANDSHAKE_TRAFFIC_SECRET 89b8884f5a3b0f1dd396e685990e655daabadc8e132440ef3f41060afb040dce b880523f117cf03683722e2129c80b29df8d9d95999e4cbb6f6f3972c87e457b
CLIENT_HANDSHAKE_TRAFFIC_SECRET 89b8884f5a3b0f1dd396e685990e655daabadc8e132440ef3f41060afb040dce 4bdc16dba1afb15fe0622629bf34df21df80632c74e98d4c911b45642f594290
SERVER_TRAFFIC_SECRET_0 89b8884f5a3b0f1dd396e685990e655daabadc8e132440ef3f41060afb040dce f62f28a21eb4190916c6e45a9371c0190c87b29f683d5b7fc8307d02cbde1cd0
CLIENT_TRAFFIC_SECRET_0 89b8884f5a3b0f1dd396e685990e655daabadc8e132440ef3f41060afb040dce b3530b07d0b9b6bba0af8d5e06496856fe6eee1fa7a5622364ace4a1071791c9
SERVER_HANDSHAKE_TRAFFIC_SECRET 45175cf6c3f0bafc225bf7ab05dc12d897ab5d59710a1a5fd580b6c399f35ac6 3624f710a8fa0b96789b84579c71cd4411b5e1e4391c3ee4cdb9d4bd16188438
CLIENT_HANDSHAKE_TRAFFIC_SECRET 45175cf6c3f0bafc225bf7ab05dc12d897ab5d59710a1a5fd580b6c399f35ac6 75fd99aae6dd96fbdb44577a5c565dc85e0bd427eb3fab3fe134b0822a293628
SERVER_TRAFFIC_SECRET_0 45175cf6c3f0bafc225bf7ab05dc12d897ab5d59710a1a5fd580b6c399f35ac6 ad2c6bf9501123c274b7b91435ffa5bb32648b6cd60fccf538e9b2118036685a
CLIENT_TRAFFIC_SECRET_0 45175cf6c3f0bafc225bf7ab05dc12d897ab5d59710a1a5fd580b6c399f35ac6 90bd46ee6ffadb7e8b56c47d2f13942868ac2da573ea609fd7b58f7c977e45cc
SERVER_HANDSHAKE_TRAFFIC_SECRET b09dc6bcbded8c1433ea58c13f99a48b0eeb50e057e8139631957acf3244c873 483ee1fd369074b9561847757b58f1065f856c06b376f64ec8eac9e47fce1752
CLIENT_HANDSHAKE_TRAFFIC_SECRET b09dc6bcbded8c1433ea58c13f99a48b0eeb50e057e8139631957acf3244c873 62dfcbd4f4ef11465c0acbea249115e88e9f0c129f1fb027c17db74945ff2c87
SERVER_TRAFFIC_SECRET_0 b09dc6bcbded8c1433ea58c13f99a48b0eeb50e057e8139631957acf3244c873 7c4031a601d75ae729b7016082ef853c364f8460d859a8f8ee30b2fadf056873
SERVER_HANDSHAKE_TRAFFIC_SECRET efcddee8dd21281d3904298ac88b0d70c6ad6546f0f16efe38dba95f01f6ebce a11337ba50ed024dc42d0175c6427e526c7d491738e7dc6b452eb5b5479da4c4
CLIENT_HANDSHAKE_TRAFFIC_SECRET efcddee8dd21281d3904298ac88b0d70c6ad6546f0f16efe38dba95f01f6ebce b5222000cc653aaeb0a7371f3a51432aef4d7dcf405127f38c90cc0923d4470b
SERVER_TRAFFIC_SECRET_0 efcddee8dd21281d3904298ac88b0d70c6ad6546f0f16efe38dba95f01f6ebce b7cab89b0dac7a7b0111c167b5ec19953f48bec1226ef54d87e75e3a2b530cd8
CLIENT_TRAFFIC_SECRET_0 efcddee8dd21281d3904298ac88b0d70c6ad6546f0f16efe38dba95f01f6ebce 5879d4a7023e270bcdb28bcdf1c70ccdb9e2a394b17f360aaef4eb05a3a35f18
SERVER_HANDSHAKE_TRAFFIC_SECRET 04adb71cbbe0bab2462accb28cc5147ab244cda79ac54ed7d5fe0b2b6320d086 f608ebf9586841d40769ec6cc3571d57a4676c43795edc94a97510817220401b
CLIENT_HANDSHAKE_TRAFFIC_SECRET 04adb71cbbe0bab2462accb28cc5147ab244cda79ac54ed7d5fe0b2b6320d086 1c57ddc52d573f9d8e2e1dfa89c4cc182ead12289509762e6295debc7ae1e1ff
SERVER_TRAFFIC_SECRET_0 04adb71cbbe0bab2462accb28cc5147ab244cda79ac54ed7d5fe0b2b6320d086 35d8d3a716e83a673b771c33114a767b8905f753203141fe7bc0167bb28a49ca
CLIENT_TRAFFIC_SECRET_0 04adb71cbbe0bab2462accb28cc5147ab244cda79ac54ed7d5fe0b2b6320d086 bdcd6dde6e5076e4f0170bc7f83a2680850d577e4798e59e2c3ab9588539743d
SERVER_HANDSHAKE_TRAFFIC_SECRET 1741c5193a10f524c7f846f6691ef7200f967a7730258b7227836f435c2b5b14 5ef7f0591530c7c8e2e2f8578622411a5a8b4e6630cb626f420227a2cdf35373
CLIENT_HANDSHAKE_TRAFFIC_SECRET 1741c5193a10f524c7f846f6691ef7200f967a7730258b7227836f435c2b5b14 f352cf2a1c95fc84f54bb2af4a00d920169dce791e7136bcd6b56469918c145c
SERVER_TRAFFIC_SECRET_0 1741c5193a10f524c7f846f6691ef7200f967a7730258b7227836f435c2b5b14 9a1676f98ab5d5a0b12adf0928164ca07b7139b980a9c1fb3ce2bed1c7e64c8c
SERVER_HANDSHAKE_TRAFFIC_SECRET 427efad8b64802f8bc3a65b9b422a0fe7c72807bfcf30256b4dbaf93e83847db 8adb13d5374e8cd1ddc28ced45d60585ee0bee9f314bf3baf4a2ace9188de810
CLIENT_HANDSHAKE_TRAFFIC_SECRET 427efad8b64802f8bc3a65b9b422a0fe7c72807bfcf30256b4dbaf93e83847db 5a0c42f89a19e5bb9f3c2aad72f198c2d1c0ab87881e4389d9b0490905870985
SERVER_TRAFFIC_SECRET_0 427efad8b64802f8bc3a65b9b422a0fe7c72807bfcf30256b4dbaf93e83847db f669079f8d42ff6e17d646442d9125c7f96a66e26636874789dad351f31ec9ec
SERVER_HANDSHAKE_TRAFFIC_SECRET 2e4bb6fe0a1a38038f21eab4611965c1f07ff908bba030e7830a12fdbf12e754 292f08c058ea759b91aa262484e1966fba413ba6a90ed1595a3393da1cd7f91f
CLIENT_HANDSHAKE_TRAFFIC_SECRET 2e4bb6fe0a1a38038f21eab4611965c1f07ff908bba030e7830a12fdbf12e754 7ea240a2c9b7fb8ca758b6297123de28b9ce191a5b19f170d61104b873c63963
SERVER_TRAFFIC_SECRET_0 2e4bb6fe0a1a38038f21eab4611965c1f07ff908bba030e7830a12fdbf12e754 a57ded13786ce429596a873b5d63a67b5748259398560f04df5ab096e03c3c94
CLIENT_TRAFFIC_SECRET_0 2e4bb6fe0a1a38038f21eab4611965c1f07ff908bba030e7830a12fdbf12e754 1ff4e50befc09a6a0c6b153006714fb0f983e79fbfad079fa5b1d1bbc12b5e43
SERVER_HANDSHAKE_TRAFFIC_SECRET c22eae6519615e76058d1325b67216a2f447da703e0acbc35b0bc44b2e4e2685 b61ec520ce7ef652ce9002118292f9a7ad2757c2f99318d027d48861b3f53e20
CLIENT_HANDSHAKE_TRAFFIC_SECRET c22eae6519615e76058d1325b67216a2f447da703e0acbc35b0bc44b2e4e2685 b9658070969a02f42f3111fc95d38c281f066bca94475dbdff11db0c09af4545
SERVER_TRAFFIC_SECRET_0 c22eae6519615e76058d1325b67216a2f447da703e0acbc35b0bc44b2e4e2685 b924247d69dbe552558dde3a612ec830a1ecca73d8d8ac3bab14be0010939e2f
CLIENT_TRAFFIC_SECRET_0 c22eae6519615e76058d1325b67216a2f447da703e0acbc35b0bc44b2e4e2685 17bb3f03e4f682f79acea260a996629a1506297fce6be97a2756096136e91a55
SERVER_HANDSHAKE_TRAFFIC_SECRET d10bbe5aed09f2b141e90ffd3094fb6842105ee29358a8cca5ef567418a3775f eaf4f6b79277ca37a013ce5bf7dd760a62ad5c62826e7d143c3a82e2880424da
CLIENT_HANDSHAKE_TRAFFIC_SECRET d10bbe5aed09f2b141e90ffd3094fb6842105ee29358a8cca5ef567418a3775f 078e87f6e6204e0d26f7654442bb3979024fda3c7868eeaf354eb2446e76e479
SERVER_TRAFFIC_SECRET_0 d10bbe5aed09f2b141e90ffd3094fb6842105ee29358a8cca5ef567418a3775f 7564cbd6771a2bb63f9e75b0ab04e9c17e72661cae9c8aeddb8dca0674a801f1
CLIENT_TRAFFIC_SECRET_0 d10bbe5aed09f2b141e90ffd3094fb6842105ee29358a8cca5ef567418a3775f e9c643cb41f8803816a7cff2bf7e2312c0b1b155e7135d437147a6bd86e776c2
SERVER_HANDSHAKE_TRAFFIC_SECRET dcbc1cbb6738045f818dc7cbb873b67160687751f44934561f890827db0e39c5 9cdceb2d5fcca2a04da19873b4a256dfbd0567717bedae4fde9f4a191e36f9f4
CLIENT_HANDSHAKE_TRAFFIC_SECRET dcbc1cbb6738045f818dc7cbb873b67160687751f44934561f890827db0e39c5 d3a7e7f34729b2374197b86991d907007353470f1978e72fcf89913f4143a2e2
SERVER_TRAFFIC_SECRET_0 dcbc1cbb6738045f818dc7cbb873b67160687751f44934561f890827db0e39c5 0c7251c9ebc5656f96232ecd2c415e71609667beefe861250bc55e6cbd7e0b8d
CLIENT_TRAFFIC_SECRET_0 dcbc1cbb6738045f818dc7cbb873b67160687751f44934561f890827db0e39c5 316c5bdb6cb9733e6ff75f7429aa3f7e7365c7220e5c9c50359408104c4ddeaa
SERVER_HANDSHAKE_TRAFFIC_SECRET f232ce95f1ef6d97f0021a61eaf90510d3bff8a5a4b109c7c2ffba55fd7df9f6 f32f0f796ba3ffcfda6974b9bc625421996ba3589c6176e594314fb7ff6fd714
CLIENT_HANDSHAKE_TRAFFIC_SECRET f232ce95f1ef6d97f0021a61eaf90510d3bff8a5a4b109c7c2ffba55fd7df9f6 6561fd8068d25d0896e18611017d4db13b9f517a9279c85d7d094e125175d38d
SERVER_TRAFFIC_SECRET_0 f232ce95f1ef6d97f0021a61eaf90510d3bff8a5a4b109c7c2ffba55fd7df9f6 bfe58e4010f8029466c9b4f6bd7a764da0d67a82f6c64a03ba1412b5f5c3a9c6
CLIENT_TRAFFIC_SECRET_0 f232ce95f1ef6d97f0021a61eaf90510d3bff8a5a4b109c7c2ffba55fd7df9f6 85e43dc7c41589cea1495cc4639931739beb3825fed77a5dbfdbb17ea9a4e1b8
SERVER_HANDSHAKE_TRAFFIC_SECRET 6328b0aa55f64d6c102d00a3ec8b45c639ff4858e295972af891608c675b0471 dce007fe767688339a1672b0145ab3e69589c8d55026103ce4e8a80b408f1064
CLIENT_HANDSHAKE_TRAFFIC_SECRET 6328b0aa55f64d6c102d00a3ec8b45c639ff4858e295972af891608c675b0471 9e9a4983328e39c1e38d6b880d35e2fd2e447923145fd02c2623c4c60e8d08b4
SERVER_TRAFFIC_SECRET_0 6328b0aa55f64d6c102d00a3ec8b45c639ff4858e295972af891608c675b0471 355983f9f199e3b9c58521e6a34983d9d5a93fc105a1c3b667441078cc52670b
CLIENT_TRAFFIC_SECRET_0 6328b0aa55f64d6c102d00a3ec8b45c639ff4858e295972af891608c675b0471 94f9f14f7aef30af5d24f45369b3ef272122eb8dc208b6d030f0f804ab4e9b52
SERVER_HANDSHAKE_TRAFFIC_SECRET fa09532fb19a8a9b46c17a80ad6ae5b081553b834358dc802818b6989c5b89df 42f15482f6c063c64d31eff91ef364c657c494bb8a8e340279fe7660d4179190
CLIENT_HANDSHAKE_TRAFFIC_SECRET fa09532fb19a8a9b46c17a80ad6ae5b081553b834358dc802818b6989c5b89df d94b5038a75facd0f70ecf1152ddee2e9804a21d070937b0f597f1c1d8eb795e
SERVER_TRAFFIC_SECRET_0 fa09532fb19a8a9b46c17a80ad6ae5b081553b834358dc802818b6989c5b89df 027ff5a82319fca62e7936de71313759176023ab89ce32099fcfb410846dd86a
SERVER_HANDSHAKE_TRAFFIC_SECRET 3ebe89276729baccdb6e0fad598c628517c32e5f04aa3d25fd4facb3e869dd7b 91c0fbe1e2190fdccf69029b71870f272d4e28e7325fdd46b983d46a54fc628b
CLIENT_HANDSHAKE_TRAFFIC_SECRET 3ebe89276729baccdb6e0fad598c628517c32e5f04aa3d25fd4facb3e869dd7b fa7bf3db9d1b1640b362394670138ece3fd5909f55b18d05a8d17856aa303e2a
SERVER_TRAFFIC_SECRET_0 3ebe89276729baccdb6e0fad598c628517c32e5f04aa3d25fd4facb3e869dd7b 51dba2fb3596f318d916c52e9b92aae0ce26c2412e88cfac89bb90335e2786e9
SERVER_HANDSHAKE_TRAFFIC_SECRET bd7bf89d0855960260787bf807799df28a7d7d2551f4765e8cf90e8100fd69e8 d9812f06e91d576a5f77cf06bbd687395c149cad484d9d0a844562674e5c47e7
CLIENT_HANDSHAKE_TRAFFIC_SECRET bd7bf89d0855960260787bf807799df28a7d7d2551f4765e8cf90e8100fd69e8 e2df3e4286f50a4baa79ae7995ddc693b3352be52b7c7086bd9bfb916e8022ad
SERVER_TRAFFIC_SECRET_0 bd7bf89d0855960260787bf807799df28a7d7d2551f4765e8cf90e8100fd69e8 682b1339cf4aaecec2a97c265f82a8c77420eacfacd9937d52963f83a6424d94
SERVER_HANDSHAKE_TRAFFIC_SECRET 7e31fccf58a9463c20dbe8429a884179f358a98d6eefd7c550eb13d0cf4327a2 d4c527edde5d4a6880f9200bea5f0305def1216e979879118b10e86d0d5eff1c
CLIENT_HANDSHAKE_TRAFFIC_SECRET 7e31fccf58a9463c20dbe8429a884179f358a98d6eefd7c550eb13d0cf4327a2 675f604e7cc79c0270445e0a36f09c95200c2adc6f46534f634efaf2d99fef78
SERVER_TRAFFIC_SECRET_0 7e31fccf58a9463c20dbe8429a884179f358a98d6eefd7c550eb13d0cf4327a2 7eb9fcc29170074256598259959e21581facff647e0f0f0d1d38073d83f4399f
CLIENT_TRAFFIC_SECRET_0 7e31fccf58a9463c20dbe8429a884179f358a98d6eefd7c550eb13d0cf4327a2 f42d4a281e807440e6178132fedcecd47bcb1a5ea21fb7b11074e463cf23edbb
SERVER_HANDSHAKE_TRAFFIC_SECRET 0e2d91d6d11275ac9e07ed77e5e7af4eba2cfd5a295520962f807b1d955ba83d 3bc7325386fd5908db3a48da80d909044b492791ecb0dcd81bc5b562066280f1
CLIENT_HANDSHAKE_TRAFFIC_SECRET 0e2d91d6d11275ac9e07ed77e5e7af4eba2cfd5a295520962f807b1d955ba83d 55937a81ebd34c75d6b296b9af684c326f7f0a33755ddbcde244bd50b6823360
SERVER_TRAFFIC_SECRET_0 0e2d91d6d11275ac9e07ed77e5e7af4eba2cfd5a295520962f807b1d955ba83d 376a4e8ae60b51b2712ad465a2e47fdc476b7a1e241f29660432a740ba28c83e
CLIENT_TRAFFIC_SECRET_0 0e2d91d6d11275ac9e07ed77e5e7af4eba2cfd5a295520962f807b1d955ba83d e8c88298dea195ee8ac4817dffa9a894df940230fdf2838608fe3890a06215b9
SERVER_HANDSHAKE_TRAFFIC_SECRET 8135e9c2b9ebdf2b6a8dacaa4efff25d81b5d475c635d0ff9ec0a9c139d8e81f a6dc7458837b9b9b68d2594f099c0d267f2917e5fa1b0b628ec7558521b404fe
CLIENT_HANDSHAKE_TRAFFIC_SECRET 8135e9c2b9ebdf2b6a8dacaa4efff25d81b5d475c635d0ff9ec0a9c139d8e81f f83c659c25ae9cad6dd57106c6aedfe5e1e26b19d837591c1d0adae16d5308a3
SERVER_TRAFFIC_SECRET_0 8135e9c2b9ebdf2b6a8dacaa4efff25d81b5d475c635d0ff9ec0a9c139d8e81f 5f3abe0b8222475a344a5f624afd6988ebb7dcbbd4e7ce7ac96a3cd6bf92a245
CLIENT_TRAFFIC_SECRET_0 8135e9c2b9ebdf2b6a8dacaa4efff25d81b5d475c635d0ff9ec0a9c139d8e81f 87099bfa284a75d350c26c791c97824b06461f6770dd6fbe9dd62925b95d8218
SERVER_HANDSHAKE_TRAFFIC_SECRET 51476f8976259627407e585b4732adcda2d11dd83824978f5fbeb682ede1363c fe194a3786a89bb68c50ac8e26c90567c8342bd0aee9f16ee3b05795c4b87f18
CLIENT_HANDSHAKE_TRAFFIC_SECRET 51476f8976259627407e585b4732adcda2d11dd83824978f5fbeb682ede1363c d3f729b1235fa99500ba8c82fa9d9a73d1219ec00e8f7d2ef05ee467d65ce679
SERVER_TRAFFIC_SECRET_0 51476f8976259627407e585b4732adcda2d11dd83824978f5fbeb682ede1363c 9509a920e6e93c557cfcefaf271fb1924ce4a01d094ea328880c707248fc280a
CLIENT_TRAFFIC_SECRET_0 51476f8976259627407e585b4732adcda2d11dd83824978f5fbeb682ede1363c 16a69ec1a3fb4b87728ed7dae275fb5d22407ea6f0039e24236b0291ed300642
SERVER_HANDSHAKE_TRAFFIC_SECRET 97c2cafbd5a156875ac7f8320005d8ce8c6419d9218da7246b88919865b813d3 1bc0033518ae273165b4ac8ecbf0371816620b94595457ac7e00ae143e6bb859
CLIENT_HANDSHAKE_TRAFFIC_SECRET 97c2cafbd5a156875ac7f8320005d8ce8c6419d9218da7246b88919865b813d3 00f0a5c5511d1f1fa176434860da2184a38c5c8b8727f94493b7c6e4d7ca2615
SERVER_TRAFFIC_SECRET_0 97c2cafbd5a156875ac7f8320005d8ce8c6419d9218da7246b88919865b813d3 cbde4e3815df08ef4a87325f255c17f423b11f46f95b5737dc064eb840d4b6ed
CLIENT_TRAFFIC_SECRET_0 97c2cafbd5a156875ac7f8320005d8ce8c6419d9218da7246b88919865b813d3 5cf9741f042d04d17d0e8e2da2648a23a8662cdc81404f51aa8a1f39bd792d99
SERVER_HANDSHAKE_TRAFFIC_SECRET a5cb8dee41c617a6ffcaa3f271d3e21a4e006b5e992ba39f75ec6d39142158ec 2272445c1fb59f017b248ea9a5c2f92f2a96462f969976c0ca6bffd87bc4dd81
CLIENT_HANDSHAKE_TRAFFIC_SECRET a5cb8dee41c617a6ffcaa3f271d3e21a4e006b5e992ba39f75ec6d39142158ec 77a4f24adb9d08fecd6da24cf59cb664ab02b98633f77ca563c6061f7d4f06c2
SERVER_TRAFFIC_SECRET_0 a5cb8dee41c617a6ffcaa3f271d3e21a4e006b5e992ba39f75ec6d39142158ec fec5f6d5c153b6d9b507cd72439024af988e9172ae41441c366305276ca9998a
SERVER_HANDSHAKE_TRAFFIC_SECRET 21496a181c6811f8420bf2a38ace740ba785ee69666730b8be222fceb2731a67 860d313ac2363292094fe750c6649e67f0db541bbb28d7365fb74c29100eae9b
CLIENT_HANDSHAKE_TRAFFIC_SECRET 21496a181c6811f8420bf2a38ace740ba785ee69666730b8be222fceb2731a67 d1cd50759d7f6446dc4c1b991fb3e38943eaea8abbb4b7c5e240a9a344e0d76b
SERVER_TRAFFIC_SECRET_0 21496a181c6811f8420bf2a38ace740ba785ee69666730b8be222fceb2731a67 71084ae83450e56ffdcd8a12f621c5fa5bff22d62430b4696115c28690e3a97c
CLIENT_TRAFFIC_SECRET_0 21496a181c6811f8420bf2a38ace740ba785ee69666730b8be222fceb2731a67 7b30496ab388542b00c3e9ddaabd0c1ec5b233c261a1134efbf5a9ac0578cf41
SERVER_HANDSHAKE_TRAFFIC_SECRET d53f78c5b4223f3e882d512b3426cd6fb2f306f40a8805527d8bbdf25f5c5fa3 79bd5549231e2e00e43b23ca6fa7aacff25a444d189ca4972eee368f60a9b86d
CLIENT_HANDSHAKE_TRAFFIC_SECRET d53f78c5b4223f3e882d512b3426cd6fb2f306f40a8805527d8bbdf25f5c5fa3 07fefd9f9d213c606c42251f6a47d4dfb65d602b5ef84c5feae0aca108c8a01b
SERVER_TRAFFIC_SECRET_0 d53f78c5b4223f3e882d512b3426cd6fb2f306f40a8805527d8bbdf25f5c5fa3 a0b07a5f2a651e13d8a25a7fb9fa20f6f2073b1c2cb196d0c3fc1d8be9b516b5
CLIENT_TRAFFIC_SECRET_0 d53f78c5b4223f3e882d512b3426cd6fb2f306f40a8805527d8bbdf25f5c5fa3 e284c5db76fbf0df7b44b67b96c8aab852e69b158fbefbd7b1f1eed9744beda7
SERVER_HANDSHAKE_TRAFFIC_SECRET d8fc880c2b4fc50919c191c6769811e41f3b447e71b5760aedacdaf95eff8f42 8e3ca4cb4aa5e3ef25339ab3d8f6d3abdafdddee707a9331b17fdce19aea91f7
CLIENT_HANDSHAKE_TRAFFIC_SECRET d8fc880c2b4fc50919c191c6769811e41f3b447e71b5760aedacdaf95eff8f42 82a82f850d989a41d7fa2006a357e1b8872ace1856796087f5ec3cdef5e16fe5
SERVER_TRAFFIC_SECRET_0 d8fc880c2b4fc50919c191c6769811e41f3b447e71b5760aedacdaf95eff8f42 f0a986b779f62bfffda3b3a181e63f934a1d6a273541b6bec532233c6af5c5d7
SERVER_HANDSHAKE_TRAFFIC_SECRET 784d4e6b05a037f6fb05b2359f1527a333ac61c6f2e01fc4a87ab0f3a28ba671 47efb6f62063509d68da1b1177ff75d855e4542b85d624f310a7feacf58bebdc
CLIENT_HANDSHAKE_TRAFFIC_SECRET 784d4e6b05a037f6fb05b2359f1527a333ac61c6f2e01fc4a87ab0f3a28ba671 8a56d6c72c9907e8b2dd344e2e911cbdc560b849f9ea6ef74a396c55b5b4c410
SERVER_TRAFFIC_SECRET_0 784d4e6b05a037f6fb05b2359f1527a333ac61c6f2e01fc4a87ab0f3a28ba671 e865aa317a7b0ec9a93b299de554bb38aab8da1c06ffecce970281635e718f19
CLIENT_TRAFFIC_SECRET_0 784d4e6b05a037f6fb05b2359f1527a333ac61c6f2e01fc4a87ab0f3a28ba671 f6105c4df454a05672ca0fedaea664202dc335d4943f27ec72a4366731e77ad5
SERVER_HANDSHAKE_TRAFFIC_SECRET 83a2b6f513b877783a7e50cd7d2671a3e56b70038e7f29d3c9873e63ecf5e137 6f056f00c36056be28b0790eb5de2689af859b58539a252f7662ce2e160b266f
CLIENT_HANDSHAKE_TRAFFIC_SECRET 83a2b6f513b877783a7e50cd7d2671a3e56b70038e7f29d3c9873e63ecf5e137 77a5fce8b2cce209408ebed93f769c3262616a91bb798878114651ef097e9dc9
SERVER_TRAFFIC_SECRET_0 83a2b6f513b877783a7e50cd7d2671a3e56b70038e7f29d3c9873e63ecf5e137 eaeac516b03669edef1a59374150828bb7261dd2452284d2ad160883763f4b64
CLIENT_TRAFFIC_SECRET_0 83a2b6f513b877783a7e50cd7d2671a3e56b70038e7f29d3c9873e63ecf5e137 772c9d49df40171a66bed6c59cfd72aca2a3f9d7b9a12f677d41720168d1ce5e
SERVER_HANDSHAKE_TRAFFIC_SECRET 3fa68999cddc7f8287aa02dc89670da4c367139e37103528b665059f5a26dccb d443cf7c1a20efe84d5084f4cf13b174d1236344d00fde7f33e00594b44f0c58
CLIENT_HANDSHAKE_TRAFFIC_SECRET 3fa68999cddc7f8287aa02dc89670da4c367139e37103528b665059f5a26dccb dc12845f1f6bd1e8d06018c103353f2e3bb14aca476f6fbd5f963862f92b9518
SERVER_TRAFFIC_SECRET_0 3fa68999cddc7f8287aa02dc89670da4c367139e37103528b665059f5a26dccb a1d7ddad87ebb97e4b8030119f55cd301dd1ed9237e3cfa22a8f29f1a9bfad38
SERVER_HANDSHAKE_TRAFFIC_SECRET 4faa5598903943aca7c4c1097935ac4338c51607ccb429c63ab968c29460523c a11e199e17bd5b84838fbe082362ce84de99f7cfab3e87135eb6b3bfeb33f615
CLIENT_HANDSHAKE_TRAFFIC_SECRET 4faa5598903943aca7c4c1097935ac4338c51607ccb429c63ab968c29460523c 5a07c8a9a19b5f5bc59204c50b1d3fe4e1906ea566392ad44336a7256fdbb040
SERVER_TRAFFIC_SECRET_0 4faa5598903943aca7c4c1097935ac4338c51607ccb429c63ab968c29460523c 30e33d290be3b36f1d86de7e66a7151b6c5b79fdc8ad9275c61152ec45812d95
CLIENT_TRAFFIC_SECRET_0 4faa5598903943aca7c4c1097935ac4338c51607ccb429c63ab968c29460523c a00c8d58fe88e4fd47fd14264355a59d234b55c49a65b0bcc84dd70b64de597c
SERVER_HANDSHAKE_TRAFFIC_SECRET 40f05d9d50f54b5e634c2faba93fbf5b721791bcfa07785e4dcd3e4e5271ecbb a50f0a619c7f63f4be65828834bad2ecb072a8714e9bd1cf79d72f1e707ddc5d
CLIENT_HANDSHAKE_TRAFFIC_SECRET 40f05d9d50f54b5e634c2faba93fbf5b721791bcfa07785e4dcd3e4e5271ecbb 38f36cff81a448ba51895faf8bcfcd1e3388a873931196ee695b6729cfb062b9
SERVER_TRAFFIC_SECRET_0 40f05d9d50f54b5e634c2faba93fbf5b721791bcfa07785e4dcd3e4e5271ecbb 76b30b1d021c7b295146d1c08e19d61e3bdfe63291bc1de89a703191f5c5cbec
CLIENT_TRAFFIC_SECRET_0 40f05d9d50f54b5e634c2faba93fbf5b721791bcfa07785e4dcd3e4e5271ecbb 06bcea5b7e78e258e77015659b0c4b48c55d359f6358c12202437c551eaa5e21
SERVER_HANDSHAKE_TRAFFIC_SECRET 997039d1f08b447a60d44e01607a989f969272fffcad9d98ce3da9b986b59444 591882e75fba98e88f3d5176a0b7ea5ad1e56af2e607d74c74a5ba15a58b223e
CLIENT_HANDSHAKE_TRAFFIC_SECRET 997039d1f08b447a60d44e01607a989f969272fffcad9d98ce3da9b986b59444 1e0b448dc6cc8527a5fa0347e0dfb9a03d422fc2fa60278034a28358e3df31c3
SERVER_TRAFFIC_SECRET_0 997039d1f08b447a60d44e01607a989f969272fffcad9d98ce3da9b986b59444 b0b2e70309142dd413ebf0d7d73ed15effb6792a8cb8eb344db68b163c8b6ce2
SERVER_HANDSHAKE_TRAFFIC_SECRET 8bd460ccaa856b9ec18f6edf2d946dc8d2663c44ec9c5905864674eb4f5a8db1 58782933f10fcfefff23daccb7d112e84cbd15a5739390c55ef802dd6fc01507
CLIENT_HANDSHAKE_TRAFFIC_SECRET 8bd460ccaa856b9ec18f6edf2d946dc8d2663c44ec9c5905864674eb4f5a8db1 bb91555862f82910deddef69d54eba0c4edcfae7dc1dac7c178da04aefd8190f
SERVER_TRAFFIC_SECRET_0 8bd460ccaa856b9ec18f6edf2d946dc8d2663c44ec9c5905864674eb4f5a8db1 2754b41ac2805b14589a253f1eb975132ce8943b4a6b9800cdb9d4db71eb5ad8
CLIENT_TRAFFIC_SECRET_0 8bd460ccaa856b9ec18f6edf2d946dc8d2663c44ec9c5905864674eb4f5a8db1 43bd8f8cd30112a857dbc8bd4fba8d5ecc21c55b8732869f1c7a45e6d5d8f745
SERVER_HANDSHAKE_TRAFFIC_SECRET 7aa9a96169413a7e44f1fd053f71b155c2a8bff350caaf00059ba9bb3f8a95f0 0ef52b9613fe4170100349a6d6b32d5120cd6234abaa98107b6b599b2f999654
CLIENT_HANDSHAKE_TRAFFIC_SECRET 7aa9a96169413a7e44f1fd053f71b155c2a8bff350caaf00059ba9bb3f8a95f0 da5ad780717c01e0549bf94109cc9576a480a0997c2d9121054208f661232aae
SERVER_TRAFFIC_SECRET_0 7aa9a96169413a7e44f1fd053f71b155c2a8bff350caaf00059ba9bb3f8a95f0 e6e10d23eccb3bac75f978b487a948465a097dd189687e6eb7fe58561a305074
SERVER_HANDSHAKE_TRAFFIC_SECRET 3adeb834f868c7a9bc91c4cd463bccb3ca9b2b690dc252190ecdc034317b07cb e7c717eea2db3d3bdb9df87c5810eee942e2d1813671fd9b22e009c0d2d65209
CLIENT_HANDSHAKE_TRAFFIC_SECRET 3adeb834f868c7a9bc91c4cd463bccb3ca9b2b690dc252190ecdc034317b07cb f700f2b9d44affad53d5b8dc17a78f52bf916bddb8c12819f34b434f5469ca4c
SERVER_TRAFFIC_SECRET_0 3adeb834f868c7a9bc91c4cd463bccb3ca9b2b690dc252190ecdc034317b07cb fcdc35a4c7e6ce901c6d7008877fa50bb4726f2f44e7803872ada164af2b15d6
SERVER_HANDSHAKE_TRAFFIC_SECRET ebe2a7edbd6f745013cf081533022185517626420e1c6dd8ac3aa8b3f30ade61 c0ac55993c57fbcc5e66d284feb181e5757c4bd3e1c78ec4eabffa5e2f654222
CLIENT_HANDSHAKE_TRAFFIC_SECRET ebe2a7edbd6f745013cf081533022185517626420e1c6dd8ac3aa8b3f30ade61 983782a030f0b8cc35b4f744bdde499bc7273b9474aeb80e708c0b7a8135d5d0
SERVER_TRAFFIC_SECRET_0 ebe2a7edbd6f745013cf081533022185517626420e1c6dd8ac3aa8b3f30ade61 91cbd774f261f56a9ff488c3c6b47883aff49547fa52b0057511f7699f9c6c43
CLIENT_TRAFFIC_SECRET_0 ebe2a7edbd6f745013cf081533022185517626420e1c6dd8ac3aa8b3f30ade61 4c641549303610d6533e3567cd2a65f389e8b9cd950c550399f67fcfb451b270
SERVER_HANDSHAKE_TRAFFIC_SECRET 70f23c24f5844e9195aec0a5f51e56683ae8a2f77c28627cc9b5aa07bb34be59 c9343a22bba988ecf6a8f2e7dc8cd1d741cfaa2781383646895f364ad5bb8e2d
CLIENT_HANDSHAKE_TRAFFIC_SECRET 70f23c24f5844e9195aec0a5f51e56683ae8a2f77c28627cc9b5aa07bb34be59 71ed7d0758f5ed004508cf8678a85ffe195dcf995c1bc7a87b6c40f22cbae454
SERVER_TRAFFIC_SECRET_0 70f23c24f5844e9195aec0a5f51e56683ae8a2f77c28627cc9b5aa07bb34be59 7e7360a395e32eb8e51cbbe0bcf48f3cd022d84bb75babf7534e892a6a1b9336
SERVER_HANDSHAKE_TRAFFIC_SECRET 5bec0490e7d5058b6b22e31f955239cd6ebaed14d6ce2d3a85f09c9a52607427 cc157147a48dc35b3a204ffab06a482ea9a5cd4630553cae6ceb7fe6094bb0a5
CLIENT_HANDSHAKE_TRAFFIC_SECRET 5bec0490e7d5058b6b22e31f955239cd6ebaed14d6ce2d3a85f09c9a52607427 5a741d8b86cca2c8d9d4245a6b4f8955bf80ef45c5ef59eef208bb18409c47b3
SERVER_TRAFFIC_SECRET_0 5bec0490e7d5058b6b22e31f955239cd6ebaed14d6ce2d3a85f09c9a52607427 2a3ee5c30d56c38f6a6e733e0da0f557fee5dfc51010a36efee644dc8fc90932
CLIENT_TRAFFIC_SECRET_0 5bec0490e7d5058b6b22e31f955239cd6ebaed14d6ce2d3a85f09c9a52607427 dc85850e330e4bd85cb6eb8a698ddd5036f33a8dbe2f50e479050eaecba3911f
SERVER_HANDSHAKE_TRAFFIC_SECRET 5d098d5ab808acfbe246239a6a968869cdf726203016806eb42bc1a66e9c5683 4dbb891b0241cfd950ba5c08295e238fffdb6b0ff2064156df93c02488faf787
CLIENT_HANDSHAKE_TRAFFIC_SECRET 5d098d5ab808acfbe246239a6a968869cdf726203016806eb42bc1a66e9c5683 c18afe2204e12b2ae1f921044f51c2e5c5da891515e80c37c8427f17aed3d03a
SERVER_TRAFFIC_SECRET_0 5d098d5ab808acfbe246239a6a968869cdf726203016806eb42bc1a66e9c5683 4e43a1076a69824afe6d11ae3a577836cd154d5e1d63328e2119fe69f89ddadf
SERVER_HANDSHAKE_TRAFFIC_SECRET 5c4220d0a62692536465342c92e33eb79b742750f8e3140520cd660b1cd43310 9a9792cf06f1592c18d22e43ee60ad6d90c6e5bf66ac22b897c33b71fcc94592
CLIENT_HANDSHAKE_TRAFFIC_SECRET 5c4220d0a62692536465342c92e33eb79b742750f8e3140520cd660b1cd43310 a08cf3b995c858ee42e4f76d7bf92a0c6d0889d12da26e892e4ffd48a5920915
SERVER_TRAFFIC_SECRET_0 5c4220d0a62692536465342c92e33eb79b742750f8e3140520cd660b1cd43310 f684a944277b653d84321029bbb82b80abccb849adeb3a3cb4308d972df65ad3
CLIENT_TRAFFIC_SECRET_0 5c4220d0a62692536465342c92e33eb79b742750f8e3140520cd660b1cd43310 f9a9ab0ff3132acc3ab26990acb0fac0538d4096c3f6628557516113ae45599f
SERVER_HANDSHAKE_TRAFFIC_SECRET 1a10fca9eb0594ba5c7b8e68ece4c427b736a70468e3399d16ac34dec3ea2081 30205e9735e9b4093debeb7c46160bb417691d3d15186db6a510fb6e6ab8a5b5
CLIENT_HANDSHAKE_TRAFFIC_SECRET 1a10fca9eb0594ba5c7b8e68ece4c427b736a70468e3399d16ac34dec3ea2081 28753acff5051369e0699a6f1419d104ffae2ffaf9d7c4337926c1be4e2bbf9f
SERVER_TRAFFIC_SECRET_0 1a10fca9eb0594ba5c7b8e68ece4c427b736a70468e3399d16ac34dec3ea2081 e919699a819fe4ddf0b52124f5f24d87d318b9e02c5365f4009a5ba14e86f464
CLIENT_TRAFFIC_SECRET_0 1a10fca9eb0594ba5c7b8e68ece4c427b736a70468e3399d16ac34dec3ea2081 90ffecba7198dbf1f38a48e9a6f42e0343f4da353fa884b4055c031a87d8097d
SERVER_HANDSHAKE_TRAFFIC_SECRET f3b2743cc8da0d854eb5f1a07a01f4c6c53fa4ce2efc7a8624030a38916232b0 d24a356115673452028c8f35f3bae6173a35e90146466169d7e708e516b9a9df
CLIENT_HANDSHAKE_TRAFFIC_SECRET f3b2743cc8da0d854eb5f1a07a01f4c6c53fa4ce2efc7a8624030a38916232b0 ef732a9ffddb0b1ef880e3232055f504de4ffc50dc90e56789e126328f8dc331
SERVER_TRAFFIC_SECRET_0 f3b2743cc8da0d854eb5f1a07a01f4c6c53fa4ce2efc7a8624030a38916232b0 cbe8f623b5d7e69a1dfea3f8cd5e90b2ec6d2fb4ef4c98ceb8df89ca9ebfc05e
SERVER_HANDSHAKE_TRAFFIC_SECRET 33979f605abfcee0991eb11a3207e82d1c674be00320b8e177cd15cc427461ef e65025174ac07b6d0ea7d18cc1ab26368bc0664846f3f88871851cb734f9dbc0
CLIENT_HANDSHAKE_TRAFFIC_SECRET 33979f605abfcee0991eb11a3207e82d1c674be00320b8e177cd15cc427461ef 8af527570364887306485ac9f4f139377e2e25d0d06f58d61e5f4c0fd52d51e0
SERVER_TRAFFIC_SECRET_0 33979f605abfcee0991eb11a3207e82d1c674be00320b8e177cd15cc427461ef a631918c41ee8806d4f5ae66205647c632a6f3a3c2b7666a53e3217821f5c7d3
CLIENT_TRAFFIC_SECRET_0 33979f605abfcee0991eb11a3207e82d1c674be00320b8e177cd15cc427461ef f2520f69ee9b22db93af1a7a264ca3e0095971970c9d849aead15a76595a2a3f
SERVER_HANDSHAKE_TRAFFIC_SECRET 504e2c5a591d9cf18bc81249ead7c86008d835e63243c3b698859e2e41708fce 6a2313658035a4016026d056aa701c832f623d9957baa4ade6d4cfdd586682ab
CLIENT_HANDSHAKE_TRAFFIC_SECRET 504e2c5a591d9cf18bc81249ead7c86008d835e63243c3b698859e2e41708fce 181c07fb8a7adc863f2d87c71d6fa7459778aa9363f46d9d9e792c7ea45a2225
SERVER_TRAFFIC_SECRET_0 504e2c5a591d9cf18bc81249ead7c86008d835e63243c3b698859e2e41708fce cd4f341eed34afbd4d3dfb1d370f5bd13fe9f326c77e68d5149d3166986f089c
CLIENT_TRAFFIC_SECRET_0 504e2c5a591d9cf18bc81249ead7c86008d835e63243c3b698859e2e41708fce 4058e948d11a134a794798c457f740034692119d4b4e517f6c79d0cdf4c56efa
SERVER_HANDSHAKE_TRAFFIC_SECRET 03362348bbfc16edd466a7a17f6158c837f64a4708522a8d6c07141d0d1c440f 6b188583a06e649d390b6b1579350a43cade8e593d2b93c6208db82a80f7ed46
CLIENT_HANDSHAKE_TRAFFIC_SECRET 03362348bbfc16edd466a7a17f6158c837f64a4708522a8d6c07141d0d1c440f d8121e753f6b551d209489296d0ef3260caed8edfa39e7a1630e33325da2916d
SERVER_TRAFFIC_SECRET_0 03362348bbfc16edd466a7a17f6158c837f64a4708522a8d6c07141d0d1c440f c991a203da02522875d7abc28bb0d773523664f0e7c893ef52e09c52891e025c
CLIENT_TRAFFIC_SECRET_0 03362348bbfc16edd466a7a17f6158c837f64a4708522a8d6c07141d0d1c440f 464ae255b5d6beb0b4def4a20eeeaf9b3f01fe2621569787a41e228caf962bab
SERVER_HANDSHAKE_TRAFFIC_SECRET b70bfb29484e8be1f94ec4b90249b60f59334fd19c84e3b86eb8e4629781810a 579885b90a988b8505e5e1df4681ba4609ce0dd0d0a20ab01e4fd750b7243c9d
CLIENT_HANDSHAKE_TRAFFIC_SECRET b70bfb29484e8be1f94ec4b90249b60f59334fd19c84e3b86eb8e4629781810a f7961c65122343cde4b22784fc0055223930277268650ff1d4a921dbcc3b2a76
SERVER_TRAFFIC_SECRET_0 b70bfb29484e8be1f94ec4b90249b60f59334fd19c84e3b86eb8e4629781810a c7310db0978b462c92813835e271cb821a86df438ac7fb3e7c6e7f114c88d560
CLIENT_TRAFFIC_SECRET_0 b70bfb29484e8be1f94ec4b90249b60f59334fd19c84e3b86eb8e4629781810a 830a16750075ce9a589b4f1c74d6c896d4d8a42fbecd13874ecdb9f45cf7ccbf
SERVER_HANDSHAKE_TRAFFIC_SECRET 5aa83a815bd1d7762ccb852d0e019e49d9f6911d582d2cbe77b1aa50e4de0d67 d521035a5b77ec6a3267eccd396a641f70aebb3a0c5f17789a5e1b809548e51f
CLIENT_HANDSHAKE_TRAFFIC_SECRET 5aa83a815bd1d7762ccb852d0e019e49d9f6911d582d2cbe77b1aa50e4de0d67 8af111a84e994d800feaa3c683628f5f6e9173b57ccffeae7a3577da672aa00c
SERVER_TRAFFIC_SECRET_0 5aa83a815bd1d7762ccb852d0e019e49d9f6911d582d2cbe77b1aa50e4de0d67 a9308801b896e22048280908286635b692568af38456baf6571b4e72c9fb55d1
SERVER_HANDSHAKE_TRAFFIC_SECRET 1fcd18eec80659b62674ba112e17632b5870e17489d9839355288aa87e5d003b fcd376d358895a55c1d84d955b1df018364f67e502f13b5a2193942f756fa9d8
CLIENT_HANDSHAKE_TRAFFIC_SECRET 1fcd18eec80659b62674ba112e17632b5870e17489d9839355288aa87e5d003b 6194917884311f2fa147b7dcdf5853907a8fd4ef15c2b6b7069a7fd4adbbc339
SERVER_TRAFFIC_SECRET_0 1fcd18eec80659b62674ba112e17632b5870e17489d9839355288aa87e5d003b ee376af3858566055a11cae29a13afeaf956b994b04e196def0bbc54f7500ca4
CLIENT_TRAFFIC_SECRET_0 1fcd18eec80659b62674ba112e17632b5870e17489d9839355288aa87e5d003b 00360cf277b330e4431129492a8a2dc1ec4de5ed9e1fb9c331afbf9c2b4c4079
SERVER_HANDSHAKE_TRAFFIC_SECRET caa9fb315b97cd19774145deedf15ba1ecaa262fafa7e0d40b66067cbce3ad83 a819a730d1174abfde873302ec41fec02ab0b57c6f410782a5b7726e00442fcc
CLIENT_HANDSHAKE_TRAFFIC_SECRET caa9fb315b97cd19774145deedf15ba1ecaa262fafa7e0d40b66067cbce3ad83 b2d339c78f32919e3ad12224105a1676199309e4684288f377c191f27129231e
SERVER_TRAFFIC_SECRET_0 caa9fb315b97cd19774145deedf15ba1ecaa262fafa7e0d40b66067cbce3ad83 681d936e5b97cb49d29caec9291fb65cb2b740b0e2645df6ace9409d5a59d9c8
CLIENT_TRAFFIC_SECRET_0 caa9fb315b97cd19774145deedf15ba1ecaa262fafa7e0d40b66067cbce3ad83 3518b7f5abfa342c587ba311381712292bdb96a618e15b1b11e181967b0c49c1
SERVER_HANDSHAKE_TRAFFIC_SECRET b57c4965a5bf19e7108928099069176de59dd293d072a24d50ef5e0f4ab43bd3 d161c48a7e8a1aee020e034a76b580a13b88a1220bf8a609436065268e5486f5
CLIENT_HANDSHAKE_TRAFFIC_SECRET b57c4965a5bf19e7108928099069176de59dd293d072a24d50ef5e0f4ab43bd3 e8aa82bd7cdf842c3657647fee60b7d3a72d77cceefb9181d584a012a22b3717
SERVER_TRAFFIC_SECRET_0 b57c4965a5bf19e7108928099069176de59dd293d072a24d50ef5e0f4ab43bd3 5250d6b5bed6bf490ea10a49d923fd2455b9e5060409f8fcbf8140a896a2e592
CLIENT_TRAFFIC_SECRET_0 b57c4965a5bf19e7108928099069176de59dd293d072a24d50ef5e0f4ab43bd3 fe884a0fa882085f700b4bc158d637a5f438e49ca785f088292f9cf58d64f74d
SERVER_HANDSHAKE_TRAFFIC_SECRET dacd4031837221a2a5ab3316b80dd71992ca89d0d4accbd4f16213c415e372b2 1ddd755e0035dd20918e9ba68f610d970d06e3bf2aaeee34455b7395fe05790f
CLIENT_HANDSHAKE_TRAFFIC_SECRET dacd4031837221a2a5ab3316b80dd71992ca89d0d4accbd4f16213c415e372b2 3d5ce3f03fa0a1952a04369488c237ae4c4f5ba2dad4c5cdd3dee49793046c7a
SERVER_TRAFFIC_SECRET_0 dacd4031837221a2a5ab3316b80dd71992ca89d0d4accbd4f16213c415e372b2 7f47c8b9842bc261e13c224a55e92de700ec1a5a553fe68eb8a601f614c6b37f
CLIENT_TRAFFIC_SECRET_0 dacd4031837221a2a5ab3316b80dd71992ca89d0d4accbd4f16213c415e372b2 1cd14d66c2cc7afd6732b5fa1be749c4463289c28597fb79c5260a8a5f93de23
SERVER_HANDSHAKE_TRAFFIC_SECRET 226ef0338ab96bed91b9b8c1da76993a8ae0b5ca42740d64f636070564b027b7 8255aa23ec30c19b85066657cb97671eb2ac7df6df07d5fae56fd8295ec3b3dc
CLIENT_HANDSHAKE_TRAFFIC_SECRET 226ef0338ab96bed91b9b8c1da76993a8ae0b5ca42740d64f636070564b027b7 976ee35ab80ee36ce24f6e5871c9aa1651036ae5c8afee77e4e44ed06c2a880a
SERVER_TRAFFIC_SECRET_0 226ef0338ab96bed91b9b8c1da76993a8ae0b5ca42740d64f636070564b027b7 e170b9bd59db987b7ff748f0d07d30aecfeb77ad8fcbb2f7cb140c178d069868
CLIENT_TRAFFIC_SECRET_0 226ef0338ab96bed91b9b8c1da76993a8ae0b5ca42740d64f636070564b027b7 9e2b8f86d32538233b0d86208e840a8ba045f0af89db95583308567d08b454de
SERVER_HANDSHAKE_TRAFFIC_SECRET 61bcf4767a903b8b7bc01b551f5fac7f7f6833a2716835c5d871c4d0fa8095b2 a60bc97dfc2e6e8fb33e5bba4e971c6daab93f766e5b039b4e3530d769799c37
CLIENT_HANDSHAKE_TRAFFIC_SECRET 61bcf4767a903b8b7bc01b551f5fac7f7f6833a2716835c5d871c4d0fa8095b2 7d185ab45e1d56cb88c0accc4e44dcf2f7e26de129012dfaaf314a2bbedf1bc3
SERVER_TRAFFIC_SECRET_0 61bcf4767a903b8b7bc01b551f5fac7f7f6833a2716835c5d871c4d0fa8095b2 45787a9c056b374ba7c27002e0312cefe384efeadc089dac0e4b9a79020bcb03
CLIENT_TRAFFIC_SECRET_0 61bcf4767a903b8b7bc01b551f5fac7f7f6833a2716835c5d871c4d0fa8095b2 7e8974ac5ab3d6745aac72787d50daddb8b94319fbb5ce14a644f8b44a2c2085
SERVER_HANDSHAKE_TRAFFIC_SECRET e2817b60efd08bc634c7e826ef70a4d166a910d98f38753c2c36fbb6a0ccab31 0c4dd5ec5c5afab61fddb38acff53c52a7936b5a278eb0073dfe4a8f2739b169
CLIENT_HANDSHAKE_TRAFFIC_SECRET e2817b60efd08bc634c7e826ef70a4d166a910d98f38753c2c36fbb6a0ccab31 526a3b07916b1d65f12104f9cebb9bce732163e5f16493f09733c0472d50c43e
SERVER_TRAFFIC_SECRET_0 e2817b60efd08bc634c7e826ef70a4d166a910d98f38753c2c36fbb6a0ccab31 033f97ec1e26d324172d9ced04b644b4804ce64e0ea131db1a2d3ed1eb5a1212
CLIENT_TRAFFIC_SECRET_0 e2817b60efd08bc634c7e826ef70a4d166a910d98f38753c2c36fbb6a0ccab31 673f60b6313ff8714375077725c9048467b700c14d93ce0f82c2dc853fd1e798
SERVER_HANDSHAKE_TRAFFIC_SECRET 6b30689f92ec3edc9552262715c3f0f88ae685ac3cb83f2a9b23886f1d68179b 8db5acfa9619afd96e00f10d53b8123e0632839ee27f826cf3c337dd7fe4b528
CLIENT_HANDSHAKE_TRAFFIC_SECRET 6b30689f92ec3edc9552262715c3f0f88ae685ac3cb83f2a9b23886f1d68179b ddb83517d0d69eb26fd6e2ec0367e209cf415ca2faad47d67a9372ff372ee055
SERVER_TRAFFIC_SECRET_0 6b30689f92ec3edc9552262715c3f0f88ae685ac3cb83f2a9b23886f1d68179b 85e26b1e2f533b1ddc2f98c8e972bd1d3eb0cd15299cdb5bac6e28929a6cf495
CLIENT_TRAFFIC_SECRET_0 6b30689f92ec3edc9552262715c3f0f88ae685ac3cb83f2a9b23886f1d68179b 248920903bac4106efae477d0ee8dc8b8cc1c1ab506bd08192e1058aed63726a
SERVER_HANDSHAKE_TRAFFIC_SECRET 335f7d92632b99b46e4f9f0a3756d11612ca79c2a219b7e89e682aea13d7bf26 062f7e5cbf39434dc8e00af8fdecd6d62e8466d854e6b1b7294849f75c3d3fa0
CLIENT_HANDSHAKE_TRAFFIC_SECRET 335f7d92632b99b46e4f9f0a3756d11612ca79c2a219b7e89e682aea13d7bf26 7737fb60ca512bca1812c36ee4091941896375ff686eac89800bf761f90450fc
SERVER_TRAFFIC_SECRET_0 335f7d92632b99b46e4f9f0a3756d11612ca79c2a219b7e89e682aea13d7bf26 66d0153f15cf99df37f7ced0ed7bf1ab8cb0acdb3e123de2eeb2092188c398bd
CLIENT_TRAFFIC_SECRET_0 335f7d92632b99b46e4f9f0a3756d11612ca79c2a219b7e89e682aea13d7bf26 b4cfd41e169fef52e06843c09f34f8c37af7659d503c24d9f383c2b0ed42959c
SERVER_HANDSHAKE_TRAFFIC_SECRET f7820497c91edba4f2ad614eac211d288b677607bd1294bafb60781240ae0936 bcb5a4ca58d2ac51db73968a843ac90f50d92d3a1513af63d4d3be423f03f96f
CLIENT_HANDSHAKE_TRAFFIC_SECRET f7820497c91edba4f2ad614eac211d288b677607bd1294bafb60781240ae0936 9b52d119fba8ccc2ac0b1ebfe2e412dcc36d416d61779e7e76052bba13df8dee
SERVER_TRAFFIC_SECRET_0 f7820497c91edba4f2ad614eac211d288b677607bd1294bafb60781240ae0936 9ae1d64af8cfabb40520ef191e6b16d75c22f816aa634452ac6a8b3ae41af958
CLIENT_TRAFFIC_SECRET_0 f7820497c91edba4f2ad614eac211d288b677607bd1294bafb60781240ae0936 13351421fa689ef8737a7ec7e4bf8176efd9355af303bf265258c0a6e0c56593
SERVER_HANDSHAKE_TRAFFIC_SECRET a008935607a9143a932526d74840bb449188e2a1e5b89067ed07d3ff7b3f265a 930f5c7ccc11ec9c63bcf8697dcb31bf0bb129f5fb416f454f25431cb6c2dbed
CLIENT_HANDSHAKE_TRAFFIC_SECRET a008935607a9143a932526d74840bb449188e2a1e5b89067ed07d3ff7b3f265a 7dcbce18afb0c49c0d0951bc942de8c358b7e4862152b98cd8e20a469e608e0b
SERVER_TRAFFIC_SECRET_0 a008935607a9143a932526d74840bb449188e2a1e5b89067ed07d3ff7b3f265a 819e5df807258b9ade195c664da703ec53eb3923a57b9438211a47cdc8f8d30a
CLIENT_TRAFFIC_SECRET_0 a008935607a9143a932526d74840bb449188e2a1e5b89067ed07d3ff7b3f265a a89552f4593e18cd17c61b3686187376cc4aa8f5982e5b275a20e486e19f6d5f
SERVER_HANDSHAKE_TRAFFIC_SECRET 640959c56792041fe69a5170644058c8ca7089df4821ea764bf6d24592b9ca17 a17e1ec111294af2d2efcdd65943dfe410bc23cce81af2f63b68b33c184a5636
CLIENT_HANDSHAKE_TRAFFIC_SECRET 640959c56792041fe69a5170644058c8ca7089df4821ea764bf6d24592b9ca17 590dc9e169242619196fdbe96df0a8387296fded312362c7ab1c9174ded5bce7
SERVER_TRAFFIC_SECRET_0 640959c56792041fe69a5170644058c8ca7089df4821ea764bf6d24592b9ca17 e0d074d46e0435136a7cf158112c92d0d4ba3ed82f15b4a9f959ceda117d6430
CLIENT_TRAFFIC_SECRET_0 640959c56792041fe69a5170644058c8ca7089df4821ea764bf6d24592b9ca17 1f2c385755d0e2eb8af0b21f0ab666dd4feb09ee9055107e5ad8778e177aa414
SERVER_HANDSHAKE_TRAFFIC_SECRET 28acc381eb5065cfa6b2b37cb3c67c6f4fcb5570be6619310d52c4f82417f790 8360dd0644959d9c8a093ea2e409c3e60cbecd3066807644c157697baa013143
CLIENT_HANDSHAKE_TRAFFIC_SECRET 28acc381eb5065cfa6b2b37cb3c67c6f4fcb5570be6619310d52c4f82417f790 09c5cb74772b1585a00d72189146b08410a629760846bf08548eeaffbb8e5c4f
SERVER_TRAFFIC_SECRET_0 28acc381eb5065cfa6b2b37cb3c67c6f4fcb5570be6619310d52c4f82417f790 94fa5a9a1c79345c731d7b872dda8e14b6a67563bd482479ffa033de4bcb6ee8
CLIENT_TRAFFIC_SECRET_0 28acc381eb5065cfa6b2b37cb3c67c6f4fcb5570be6619310d52c4f82417f790 98cf8ea39c9c4ee788011d81140d50ba6a0e60a4c324fe751aedc64a07c20659
SERVER_HANDSHAKE_TRAFFIC_SECRET 0df35f0128d1fb8330980a1fcbad05f11d1d0c3d0838d32e25cf26c1fd67deee 318fd846ec2361fe5f1ca7beca6562d0b4646efb6af6f20fb289550470c93c8f
CLIENT_HANDSHAKE_TRAFFIC_SECRET 0df35f0128d1fb8330980a1fcbad05f11d1d0c3d0838d32e25cf26c1fd67deee 39c179f711aa84bf8823ba6902fa3aa03f68a8de2a79606cf991e4fd42139b22
SERVER_TRAFFIC_SECRET_0 0df35f0128d1fb8330980a1fcbad05f11d1d0c3d0838d32e25cf26c1fd67deee 141c0f021e9536c42571c5dbc2060721eed3c83e533b5ab2008eb48a61cca16c
SERVER_HANDSHAKE_TRAFFIC_SECRET 7561fc1f0230c247c2f0c424d959c4dd52968090098e65db1a507cb2d4c24c7b c9f1d26b320f70ce302b32783f9c0e69a3528a5ff4992284d299bcea7fa34f55
CLIENT_HANDSHAKE_TRAFFIC_SECRET 7561fc1f0230c247c2f0c424d959c4dd52968090098e65db1a507cb2d4c24c7b 04bc587e3904cd3c1ca96bd9f12c02fa71c4b3c6ad21d0dd0c3739c3dccfbd7e
SERVER_TRAFFIC_SECRET_0 7561fc1f0230c247c2f0c424d959c4dd52968090098e65db1a507cb2d4c24c7b 0233fbcae8d687b65edfde569d7565e32c84606ef36febded99815c533b8028b
SERVER_HANDSHAKE_TRAFFIC_SECRET f7e2b6fa62579ba9e584baf68444e7a9308335795457766f70fc4e86978a2be7 105902068b038be5f44a47108e5b227c064c7835305a17e8bcec3d1784f504c2
CLIENT_HANDSHAKE_TRAFFIC_SECRET f7e2b6fa62579ba9e584baf68444e7a9308335795457766f70fc4e86978a2be7 01cb58b42b73fd92ae51cb20831a0dcc9d20c5df366c975c0a4b28fc4a07cc45
SERVER_TRAFFIC_SECRET_0 f7e2b6fa62579ba9e584baf68444e7a9308335795457766f70fc4e86978a2be7 dd84428b16461239e76265f5e1189bcb58b05c272bfccba20d0d388fde7a8628
SERVER_HANDSHAKE_TRAFFIC_SECRET 001baae8ddbcb1f9373459347989725bad337142ac46b5aad5f21c13a7335ba5 cce9cc39382e436026cdd02ff6d1b7d466ad5eed69e4c776a5e0fca5a9916858
CLIENT_HANDSHAKE_TRAFFIC_SECRET 001baae8ddbcb1f9373459347989725bad337142ac46b5aad5f21c13a7335ba5 55554eb67a099d761687a1ea9b81df25ec0f3c3c8a9844d51ee3bce7b036d50c
SERVER_TRAFFIC_SECRET_0 001baae8ddbcb1f9373459347989725bad337142ac46b5aad5f21c13a7335ba5 95ee10b7834c5fb96b733b2154fb8e545130f371ebc1f03362367fd60ade6b6c
CLIENT_TRAFFIC_SECRET_0 001baae8ddbcb1f9373459347989725bad337142ac46b5aad5f21c13a7335ba5 25e56fe8fd9101f2ec805cbddfe0bc1cfc9ebcd8ce130a358439f3d942ed5f53
SERVER_HANDSHAKE_TRAFFIC_SECRET 1b9fde46c0df624b47f3f1f81639e0bfb51e61353e5c45346bd35d8081395141 522ed15a1cbe22d65453cca3aac1a7ff3c77a0d7865a830e5f2685b29542cc78
CLIENT_HANDSHAKE_TRAFFIC_SECRET 1b9fde46c0df624b47f3f1f81639e0bfb51e61353e5c45346bd35d8081395141 70a9ec2b63b4001248bba0ba3c19dd2eac5f6e9c598053703edec3f88feb666e
SERVER_TRAFFIC_SECRET_0 1b9fde46c0df624b47f3f1f81639e0bfb51e61353e5c45346bd35d8081395141 a28f05fd1588f2118ad4e888bad6a6e461f5018acd5eaf040cc32280921eeb2e
CLIENT_TRAFFIC_SECRET_0 1b9fde46c0df624b47f3f1f81639e0bfb51e61353e5c45346bd35d8081395141 b0126e1a36b91bff7c2859918eb23e1ce90f5a5ab369dffeb8ddd61a586fd237
SERVER_HANDSHAKE_TRAFFIC_SECRET 0afdf2cf02d2a6b49c65590fdbde84dbc66825489a316ff36df236bcb90df636 0a199bb1a801ff730b95dc5f883cbb32528b48200390b4285cf0254f82a17746
CLIENT_HANDSHAKE_TRAFFIC_SECRET 0afdf2cf02d2a6b49c65590fdbde84dbc66825489a316ff36df236bcb90df636 300c26e56e8a5dba0b5999406ffb7149665c6830a1f3b260b294c96bbf8e9409
SERVER_TRAFFIC_SECRET_0 0afdf2cf02d2a6b49c65590fdbde84dbc66825489a316ff36df236bcb90df636 5c07412e46333ad4f8ebd594442c0aa20e0cae62ad57d0a2b41bb842fe70cd8c
CLIENT_TRAFFIC_SECRET_0 0afdf2cf02d2a6b49c65590fdbde84dbc66825489a316ff36df236bcb90df636 049e289eb81d76a028997408cb8f28d53d8c1f0d4f4a18da7ad7efb421f736e1
SERVER_HANDSHAKE_TRAFFIC_SECRET 9cbc3fca59880cd0780880a094f1b9213711b4cf4a15537f2fa6c0c0a28ce770 7dd3311a1c8d774a8cb151288963071d82e422df958b671259027fed05375b8a
CLIENT_HANDSHAKE_TRAFFIC_SECRET 9cbc3fca59880cd0780880a094f1b9213711b4cf4a15537f2fa6c0c0a28ce770 a4e329ca85c0be0b4a4472a44159b23681905ad9c2cc5932c839e6e6f98f73e2
SERVER_TRAFFIC_SECRET_0 9cbc3fca59880cd0780880a094f1b9213711b4cf4a15537f2fa6c0c0a28ce770 7520f7e60bf23b4f9b568164730cc2a3f739d7fe7b5d6fd71f6a52e2e2f67395
CLIENT_TRAFFIC_SECRET_0 9cbc3fca59880cd0780880a094f1b9213711b4cf4a15537f2fa6c0c0a28ce770 7f599cbd04dde51014af2d091d16f250bf4a7fc19b30c8f72a7a29c0f5f8ad6b
SERVER_HANDSHAKE_TRAFFIC_SECRET 08880e60c89ca32d938116d784f75d9479e45c93a25ef6ef2f8c95e7543284d2 edb6e1e46d74e5d2861472d57df170536543123a7cd85fac4d50f610ba3a52df
CLIENT_HANDSHAKE_TRAFFIC_SECRET 08880e60c89ca32d938116d784f75d9479e45c93a25ef6ef2f8c95e7543284d2 e0da142312986c93856171aa224795d78b8a7c92851f4b6d158dba9c04b6eee7
SERVER_TRAFFIC_SECRET_0 08880e60c89ca32d938116d784f75d9479e45c93a25ef6ef2f8c95e7543284d2 7a5204fc58113381347e6603d235fb69acebd2761e72d90e5ffef1eabe91d4fa
CLIENT_TRAFFIC_SECRET_0 08880e60c89ca32d938116d784f75d9479e45c93a25ef6ef2f8c95e7543284d2 e019ba7a6a2fded9320b9b2820e9bb7e524dfc25f89d9883648e7fe32182cf97
SERVER_HANDSHAKE_TRAFFIC_SECRET 6fde9a5419528275827e0e53464f1565a77b073540881dd66cb14aa77992a09f 36f771da5b23aaa9ba770a47b5e2221edd8e8dde2a21dcbab6431a0fa72b156f
CLIENT_HANDSHAKE_TRAFFIC_SECRET 6fde9a5419528275827e0e53464f1565a77b073540881dd66cb14aa77992a09f ad020a3cfa0ea4b18cdf71c0a46cfea8e864c12b941b161fb9386f5363a29703
SERVER_TRAFFIC_SECRET_0 6fde9a5419528275827e0e53464f1565a77b073540881dd66cb14aa77992a09f d6c83610ebbc60cc4a06bf5b3b103238d2d4abdf064afeb76ed59370b193acbb
SERVER_HANDSHAKE_TRAFFIC_SECRET ac417e037dbf8cf5bba8000fbd1e8f176d1e0c25ca29f4676e05f1b5c7e82a63 80dbfcb7a9fd6a474b8d5fb003438a885b28a4610e34cb3f43cc812ebda455dd
CLIENT_HANDSHAKE_TRAFFIC_SECRET ac417e037dbf8cf5bba8000fbd1e8f176d1e0c25ca29f4676e05f1b5c7e82a63 a909094c7cc9159bfb06f4ddd0f7979ec75fac9d884fab4eeda9352377777533
SERVER_TRAFFIC_SECRET_0 ac417e037dbf8cf5bba8000fbd1e8f176d1e0c25ca29f4676e05f1b5c7e82a63 2821cfeddb77e1bc98ea8893218f8128ba54fbfe3e952acd2c3d9962afe5b6ef
CLIENT_TRAFFIC_SECRET_0 ac417e037dbf8cf5bba8000fbd1e8f176d1e0c25ca29f4676e05f1b5c7e82a63 dcbe699048f7c7e89db623075198b6a1201a73725787ff7dd333ebd8331753c3
SERVER_HANDSHAKE_TRAFFIC_SECRET 73f55b23fd18d4a9f4e435d26298b320e9a65d14b2919c998c51cd2d37c08882 c784822f85d005da985c50dd12a6cea7ccd92676947ca424c44b7fa9d8ebe8dd
CLIENT_HANDSHAKE_TRAFFIC_SECRET 73f55b23fd18d4a9f4e435d26298b320e9a65d14b2919c998c51cd2d37c08882 56812037589c5ba27f6e0da5eafc1cac924eafcd492972403d0b8089117d379f
SERVER_TRAFFIC_SECRET_0 73f55b23fd18d4a9f4e435d26298b320e9a65d14b2919c998c51cd2d37c08882 22582da5ed3c7d8b927b13afcec41f7917049a7a105d9a3490281f22026e7e8a
CLIENT_TRAFFIC_SECRET_0 73f55b23fd18d4a9f4e435d26298b320e9a65d14b2919c998c51cd2d37c08882 90ab7d296f732d9cb0108b9d07c3b7d9970e0399d835b856dc4f3ed1f7a6d5a1
SERVER_HANDSHAKE_TRAFFIC_SECRET 5a603770ba00d3d9e089b62481f5371ee9f25febcf39cc27925b918cc31669ca 457955ad26afe95354d43effa8d2f96aa362dde5a209e2a7fb5ef0ba5b6b41d7
CLIENT_HANDSHAKE_TRAFFIC_SECRET 5a603770ba00d3d9e089b62481f5371ee9f25febcf39cc27925b918cc31669ca d109427bc9a6dac4580a9dd63bf2eed135df01015ac74ffceee3aa99f0c9d234
SERVER_TRAFFIC_SECRET_0 5a603770ba00d3d9e089b62481f5371ee9f25febcf39cc27925b918cc31669ca 607b083549501ad35e8e39ae550d7be22e8cdab0b7d6a517483e5386843a483f
CLIENT_TRAFFIC_SECRET_0 5a603770ba00d3d9e089b62481f5371ee9f25febcf39cc27925b918cc31669ca 110721f3e52999e4b32f9960ac0ceb49682e0ad28938f6dca2463a65ebfdf22e
SERVER_HANDSHAKE_TRAFFIC_SECRET 0d71090238564a1347b1bc85694404462ecac36527ac42e7b9355c824f95f5d5 329f4618fee089bbee7000150b0d8e422782e4ad2988cd5061f084e06486fbca
CLIENT_HANDSHAKE_TRAFFIC_SECRET 0d71090238564a1347b1bc85694404462ecac36527ac42e7b9355c824f95f5d5 c29440afcd547905dae4dfc0b6a24d3af65c8b705e6e5ea09365937ef8baa98f
SERVER_TRAFFIC_SECRET_0 0d71090238564a1347b1bc85694404462ecac36527ac42e7b9355c824f95f5d5 1095dcf3924e1bf89fa94cb8794654257417b326134081e53bb730aa2a5627f5
SERVER_HANDSHAKE_TRAFFIC_SECRET 631503e02f89bb82f3539028294a2bcff458cf2f5a2ba980bfcdc5e33cad3fb1 e7a2aafa1d4f61f78f3c7088d8d3ca2c837832c59c87c82f168fa0fc4fe1bb88
CLIENT_HANDSHAKE_TRAFFIC_SECRET 631503e02f89bb82f3539028294a2bcff458cf2f5a2ba980bfcdc5e33cad3fb1 d7fe071110528eaeffe5872158536c2aefd028c4ae65cce812dde1339a71c07d
SERVER_TRAFFIC_SECRET_0 631503e02f89bb82f3539028294a2bcff458cf2f5a2ba980bfcdc5e33cad3fb1 0c85b3fd80c404b87444db9b46be2c88458c9e1edc8344c97236bba53815765f
CLIENT_TRAFFIC_SECRET_0 631503e02f89bb82f3539028294a2bcff458cf2f5a2ba980bfcdc5e33cad3fb1 917a25fcf9e7f65a2de6ea60d62edd6318f5350d58dc9b1e6cc0c22844c4799b
SERVER_HANDSHAKE_TRAFFIC_SECRET 6cf8eca61a5c079613818359c3fa0fb5eef04d582619b99935ec6c2d30ceb7d5 4537c93b1455b1813bb7bce36f7e231d8b35bc288bcd6f67cd59f72d6ea0d993
CLIENT_HANDSHAKE_TRAFFIC_SECRET 6cf8eca61a5c079613818359c3fa0fb5eef04d582619b99935ec6c2d30ceb7d5 212412472559f2c7fded545dcb599631b3f9ccc3e4eb94a389291a1bc78b0d88
SERVER_TRAFFIC_SECRET_0 6cf8eca61a5c079613818359c3fa0fb5eef04d582619b99935ec6c2d30ceb7d5 69a5b48fc8814965cc83ebac69faf385bd6eae211ace3d4d937fadbfe671a74c
CLIENT_TRAFFIC_SECRET_0 6cf8eca61a5c079613818359c3fa0fb5eef04d582619b99935ec6c2d30ceb7d5 6b4b6fb2eaf2e4998c3f90be5f7cc3f60736ae833c681b645d3c41cccd159bc9
SERVER_HANDSHAKE_TRAFFIC_SECRET 95f096599c9877ada865132cfc9da8c7aa98d05dc4812a8c6fa177ec47c0dec0 b00548e38be93af43168656c165a4d9cd7ae602b638f1232326f7992ccdc65ce
CLIENT_HANDSHAKE_TRAFFIC_SECRET 95f096599c9877ada865132cfc9da8c7aa98d05dc4812a8c6fa177ec47c0dec0 910f2179a228813646d878bb941039ceafadf677f18c85e5c7d40770d04d2b6a
SERVER_TRAFFIC_SECRET_0 95f096599c9877ada865132cfc9da8c7aa98d05dc4812a8c6fa177ec47c0dec0 4f95f8ba2d9d5aa4ca4587ec0da7b379d1c0bb97efd88b8fa413a6caae8ba8f1
CLIENT_TRAFFIC_SECRET_0 95f096599c9877ada865132cfc9da8c7aa98d05dc4812a8c6fa177ec47c0dec0 e8c637118b955568b650cc06d750adf23edf1d72a670c894f12b63f7dc9e291c
SERVER_HANDSHAKE_TRAFFIC_SECRET 252c20af83d4992d0cfadc86cc9cb70491a0abb662866671d65e68cc637ca094 0161250cf9e0a1df937bece9a3ef45cd6144c9ede1ebbfdadbfc805e9fceb73d
CLIENT_HANDSHAKE_TRAFFIC_SECRET 252c20af83d4992d0cfadc86cc9cb70491a0abb662866671d65e68cc637ca094 1bb09fe8473347f4743d6d589cda7cb58da0a886a7a2c7594097be31b5401304
SERVER_TRAFFIC_SECRET_0 252c20af83d4992d0cfadc86cc9cb70491a0abb662866671d65e68cc637ca094 8a352795a88f90480f18d3297c4aeba0ee2bb5fbf42088a66316e8b8807f608e
SERVER_HANDSHAKE_TRAFFIC_SECRET 9db667153800e970d0626fc29c88f491120dca6e8e891379df492f254b9f16e9 301c7fe993415acf0c0adeb914d56f291d2c99a0a2bf7bc6ae54f83a7d266657
CLIENT_HANDSHAKE_TRAFFIC_SECRET 9db667153800e970d0626fc29c88f491120dca6e8e891379df492f254b9f16e9 a1565af9cad94e89f55a02866798afe2adba8839debbc862317de203224c234c
SERVER_TRAFFIC_SECRET_0 9db667153800e970d0626fc29c88f491120dca6e8e891379df492f254b9f16e9 0c3f8bbea989814e63451f334ca769946900c6412c7cc19279cc2fb027c6869b
CLIENT_TRAFFIC_SECRET_0 9db667153800e970d0626fc29c88f491120dca6e8e891379df492f254b9f16e9 e1a65dd0c76c674011340bdaee22cf3d5334811d9979a08e89307cacfcba420e
SERVER_HANDSHAKE_TRAFFIC_SECRET de5247c810aeb9f75e73a8c34e1eaea6ddebaefdc0400b266cbafca2f8a77b58 f30432e674ee10f6e4d00c0a9c8cd7164ce70f9252f7b98e25dc9b91e04c4ad7
CLIENT_HANDSHAKE_TRAFFIC_SECRET de5247c810aeb9f75e73a8c34e1eaea6ddebaefdc0400b266cbafca2f8a77b58 434255339a1f4f9129b57d9028594843413109ec4e7355f594e129d29b4fdf83
SERVER_TRAFFIC_SECRET_0 de5247c810aeb9f75e73a8c34e1eaea6ddebaefdc0400b266cbafca2f8a77b58 00370de67dd44ff788a018d4d974d34043f3c9755442c0e1bd28db695b797e83
CLIENT_TRAFFIC_SECRET_0 de5247c810aeb9f75e73a8c34e1eaea6ddebaefdc0400b266cbafca2f8a77b58 a2b1236535fbe9b86ce87fec71df2d5213655cf54c669c6423582a5e95398ac2
SERVER_HANDSHAKE_TRAFFIC_SECRET 4b7367b92d0ba8b9db975b3eb18fa8dd91f8fbfbcbeb09e0288728a4af354086 0f8807af13bd4f43fecd90b934eb1e9fe41190af881cc76252612bab41dab4ce
CLIENT_HANDSHAKE_TRAFFIC_SECRET 4b7367b92d0ba8b9db975b3eb18fa8dd91f8fbfbcbeb09e0288728a4af354086 ab61541e73dcb0b9551925b01a07db2040a5fbaeb06961a251bff51c7cf9435e
SERVER_TRAFFIC_SECRET_0 4b7367b92d0ba8b9db975b3eb18fa8dd91f8fbfbcbeb09e0288728a4af354086 959a9913743d6071edf72382b583d60a26409f3bd2ca8bcc78687c2083900112
CLIENT_TRAFFIC_SECRET_0 4b7367b92d0ba8b9db975b3eb18fa8dd91f8fbfbcbeb09e0288728a4af354086 68295efc2a96940fc2832dd49fa13f7d25013c850c95e2bdeab5f57a6578b292
SERVER_HANDSHAKE_TRAFFIC_SECRET db7bf917879755e275b31ff46d3bf6df2df20fa73d8862b1e8cb1d912eecc233 e11d46b1614f25c327974d8711d874bb1235ba7bbb5e2aab55566fbfe2cfcf8c
CLIENT_HANDSHAKE_TRAFFIC_SECRET db7bf917879755e275b31ff46d3bf6df2df20fa73d8862b1e8cb1d912eecc233 a85298c3e6d3935070365e245ff6537922d50a59c5cbc78a7859dc5d69deb66f
SERVER_TRAFFIC_SECRET_0 db7bf917879755e275b31ff46d3bf6df2df20fa73d8862b1e8cb1d912eecc233 7d6928bba50f1f898f968c438b654d83be5012b6ce0f728ebdb565530ca22648
CLIENT_TRAFFIC_SECRET_0 db7bf917879755e275b31ff46d3bf6df2df20fa73d8862b1e8cb1d912eecc233 a252519223c35c78f1542a05794d5e912e6aa2ed777b7465ce7fb4c4d17dc330
SERVER_HANDSHAKE_TRAFFIC_SECRET 78d67943e16028b317392d7931592ba1d5dbd8d2ea7281af551d2f42c6bf23c2 cbc3e0a02001fb7adb9a86a250048395898b25144fcecd3070f1c47e03f88b68
CLIENT_HANDSHAKE_TRAFFIC_SECRET 78d67943e16028b317392d7931592ba1d5dbd8d2ea7281af551d2f42c6bf23c2 13e52bf55697cd6cd8d8d25fbb9a9a148250206cc02a98058b9ad5df2771f66a
SERVER_TRAFFIC_SECRET_0 78d67943e16028b317392d7931592ba1d5dbd8d2ea7281af551d2f42c6bf23c2 21c0d366c880c1ca1a2111767393238f482421b5db674e48673e01a7d20ed109
SERVER_HANDSHAKE_TRAFFIC_SECRET 8ac598862c461c3be7ad2029bc6adf77016ff256e990c863357a5a2a1086ece5 f5a77e4069a93e8ce841d225700429dd05c0e02d6cc341274c217753849f5c65
CLIENT_HANDSHAKE_TRAFFIC_SECRET 8ac598862c461c3be7ad2029bc6adf77016ff256e990c863357a5a2a1086ece5 d65498ca1f43fe8dc786f5e30cde14ca8f817857e495777d95586fce186f4342
SERVER_TRAFFIC_SECRET_0 8ac598862c461c3be7ad2029bc6adf77016ff256e990c863357a5a2a1086ece5 faa07520e7eeb8963bba6b8009df8d9517af8df54ca5a2acb3792332c9a9bb88
CLIENT_TRAFFIC_SECRET_0 8ac598862c461c3be7ad2029bc6adf77016ff256e990c863357a5a2a1086ece5 96e000039bd96790ab5350d72d1fdaeaeb2074a11506904b91ebe0df533d77c1
SERVER_HANDSHAKE_TRAFFIC_SECRET f9005ab3f96a14db136886753f29401c346f0fc467c1799f27424e3221f26d8f bc47c7a91edd266fd62023423d6a52b58d79c84d89b747276f5bebf4195f0eea
CLIENT_HANDSHAKE_TRAFFIC_SECRET f9005ab3f96a14db136886753f29401c346f0fc467c1799f27424e3221f26d8f 57b59f15346323003a4606e695682a5f7ab59e9829dcd3a09bab9d794787dd46
SERVER_TRAFFIC_SECRET_0 f9005ab3f96a14db136886753f29401c346f0fc467c1799f27424e3221f26d8f 195b969d2d7843c36754d274d98944db64a1cbbd8e913f0b32cf049dc000dbfd
CLIENT_TRAFFIC_SECRET_0 f9005ab3f96a14db136886753f29401c346f0fc467c1799f27424e3221f26d8f 6a3f8222c0f5bb8360ad3964064a38aaaa0aa9ecf45fb41ca0228bbbb83308a8
SERVER_HANDSHAKE_TRAFFIC_SECRET f74746dcf03bd8a0040c75b88e1ecbca937c1be0103f78db2fff1a07219b2cbe d88129be7c9b535cbc91a79595649a9fcbe472cc0410004833b87bb7b35346d9
CLIENT_HANDSHAKE_TRAFFIC_SECRET f74746dcf03bd8a0040c75b88e1ecbca937c1be0103f78db2fff1a07219b2cbe 32e6989912140fe3cfbfbd3e7b1d729db1db7ff91c1a0665c8698b3c30820695
SERVER_TRAFFIC_SECRET_0 f74746dcf03bd8a0040c75b88e1ecbca937c1be0103f78db2fff1a07219b2cbe 00d1dc4b07b7d1f74a8712aa8572a36a168d4dd6dfb53604694940dfc2c8330f
SERVER_HANDSHAKE_TRAFFIC_SECRET 8c19d196cab4cf83b545551aa8fac2b435da0c9370938d7aa48ccbc525fc9229 125653fa8f759340bd5f4c1313fe54eee5e5decbad2a57eed89411b0403e4671
CLIENT_HANDSHAKE_TRAFFIC_SECRET 8c19d196cab4cf83b545551aa8fac2b435da0c9370938d7aa48ccbc525fc9229 ebfaef927185ecb99b83ba64e299ccdb4caaf8b582c99665dc4bae42b6ee2f3c
SERVER_TRAFFIC_SECRET_0 8c19d196cab4cf83b545551aa8fac2b435da0c9370938d7aa48ccbc525fc9229 cd91d26f402a186d344be7d8e56a21f85ba9863b162c59ca6fcf982ee109a809
SERVER_HANDSHAKE_TRAFFIC_SECRET bb49fc2470654c66ae09da67aada178da744a544e5f89833998641fb7578671d a24d8a9306adb025329c75279c8585bbc819f6d12c680fba1af5df990b462ced
CLIENT_HANDSHAKE_TRAFFIC_SECRET bb49fc2470654c66ae09da67aada178da744a544e5f89833998641fb7578671d d6e4ddd607d27dd046397a9102234479ed4ec576439035367e166da78b0e20da
SERVER_TRAFFIC_SECRET_0 bb49fc2470654c66ae09da67aada178da744a544e5f89833998641fb7578671d b294012477debc54fa72c7d0c58e091873e2865e6c9c9b8656b36212f3bb7632
SERVER_HANDSHAKE_TRAFFIC_SECRET c2cf041bc52b979356bab59a3ff1e9dfd411209a272be52738c2b6a22e441d91 0b2bccfc8165f26457c3ea913a2f98f1253fe57051dd1f95b54958700dc1c047
CLIENT_HANDSHAKE_TRAFFIC_SECRET c2cf041bc52b979356bab59a3ff1e9dfd411209a272be52738c2b6a22e441d91 9d80bae658f5dc60b4ff60bbc07c29a8b8ac9dfb05fa1ad6f4ea0f1616649012
SERVER_TRAFFIC_SECRET_0 c2cf041bc52b979356bab59a3ff1e9dfd411209a272be52738c2b6a22e441d91 b5a9580784ec131d65d0a0a0b3f0bf698400b6cd6ce884014331a3ace473d4c3
CLIENT_TRAFFIC_SECRET_0 c2cf041bc52b979356bab59a3ff1e9dfd411209a272be52738c2b6a22e441d91 575ab119d8502f189609669df0e69d949d8c90c42a0c73c0128f5cb5184fa373
SERVER_HANDSHAKE_TRAFFIC_SECRET 1d213317dca7f517a288eaf397d7758dd57ffd0d0b632d154817b8cdea630692 4c80008eaf7c94bfc66274a5fd8d3d217d6cc1033b9add06772172a3f9d124b8
CLIENT_HANDSHAKE_TRAFFIC_SECRET 1d213317dca7f517a288eaf397d7758dd57ffd0d0b632d154817b8cdea630692 5e92715929a7068f311320349f67ca3e26e458a540cac1f3c9c012f63853f8fc
SERVER_TRAFFIC_SECRET_0 1d213317dca7f517a288eaf397d7758dd57ffd0d0b632d154817b8cdea630692 86a832177d74a7cd298befd903d86ab410a4c2d8f7f51b902c1bf6d2694b3185
CLIENT_TRAFFIC_SECRET_0 1d213317dca7f517a288eaf397d7758dd57ffd0d0b632d154817b8cdea630692 05ec5586c1819807d2228d48f33e1efac34feb31e9e275c24e1bd1ab09d95ee1
SERVER_HANDSHAKE_TRAFFIC_SECRET 830ea85d94de0c024fcb677ec5516b96fd91a7db74e5e37224bebd7c6db7d55a f6e2c499e3bbb8d6b6146a89441885d08f5fc91b8c1ef5e7917a96164a13de26
CLIENT_HANDSHAKE_TRAFFIC_SECRET 830ea85d94de0c024fcb677ec5516b96fd91a7db74e5e37224bebd7c6db7d55a 2e4a8cf27df36cfb33086f9f3b5d2ad6f5b68ceeb0221d64788b1fa86dc3df40
SERVER_TRAFFIC_SECRET_0 830ea85d94de0c024fcb677ec5516b96fd91a7db74e5e37224bebd7c6db7d55a 814c6f9271f1c481350c31e820ff04d1d5015b0c33280e2b80de624a8633f167
CLIENT_TRAFFIC_SECRET_0 830ea85d94de0c024fcb677ec5516b96fd91a7db74e5e37224bebd7c6db7d55a 0221c4ab9e26a7853614e9df230489cef931bf6c1e81222508b4b30fb7c95f78
SERVER_HANDSHAKE_TRAFFIC_SECRET e3bf3d508f1364491c32a1d09bd76f3d2c11047452dce9e44574e8cfcc442f82 bb6dd5ac8cc730c07e1d2fe1fd86442465dcd270686274ade83ef0317e998627
CLIENT_HANDSHAKE_TRAFFIC_SECRET e3bf3d508f1364491c32a1d09bd76f3d2c11047452dce9e44574e8cfcc442f82 96c4db8c100a6199b3dfe24e2faaddff669cb57982bd82b07223f9093da8ed93
SERVER_TRAFFIC_SECRET_0 e3bf3d508f1364491c32a1d09bd76f3d2c11047452dce9e44574e8cfcc442f82 f26ac4dc8936043258b6411b1504288ef3d9c278298344786f922449dbd647fa
CLIENT_TRAFFIC_SECRET_0 e3bf3d508f1364491c32a1d09bd76f3d2c11047452dce9e44574e8cfcc442f82 4c0eaa6affd20f5a87525b0bf1e2215bd13412770e9b56fa4b46c837257d2796
SERVER_HANDSHAKE_TRAFFIC_SECRET 1856454ae23ea68e2583fd4a8bd73a940817a241c4d440c48e3efaef265240bf e58abb9a1c4932be9be92c2a4cb1a5b4e296964e64bf114377d32443713e7401
CLIENT_HANDSHAKE_TRAFFIC_SECRET 1856454ae23ea68e2583fd4a8bd73a940817a241c4d440c48e3efaef265240bf 1c6d5f33420cd0fdc9b3edfead361ffe9de50ab2dbb6c0255bb20cead76986af
SERVER_TRAFFIC_SECRET_0 1856454ae23ea68e2583fd4a8bd73a940817a241c4d440c48e3efaef265240bf a8c35f7c2fc64385e5959d87224cf4a5ea64d274cc506bbd6c973f26dbfd62a5
SERVER_HANDSHAKE_TRAFFIC_SECRET deae236cc43c05ea822d4f43ec545f584a1491a2546b0c6431c95725ca22cb42 c0e3152fde8acf032e5184b78206901b3713216154a91d2db67e27a91de12d08
CLIENT_HANDSHAKE_TRAFFIC_SECRET deae236cc43c05ea822d4f43ec545f584a1491a2546b0c6431c95725ca22cb42 54e3957466fca6422d995a495044676671e393c5b86ea5c8f49fb1fd91ad2bd4
SERVER_TRAFFIC_SECRET_0 deae236cc43c05ea822d4f43ec545f584a1491a2546b0c6431c95725ca22cb42 671e7695b49934d3d4f0c4fcdd9144c2fcb27ab26125cc5593e3b9582a510af5
CLIENT_TRAFFIC_SECRET_0 deae236cc43c05ea822d4f43ec545f584a1491a2546b0c6431c95725ca22cb42 62b0f05e3e8100e72688c18b021b42706f11c529a4e33cb4765a4435625e4b45
SERVER_HANDSHAKE_TRAFFIC_SECRET 3876b5c3070b5d25cd6aa9a7d57ce9571108afd2a368b0dcbc74c0736e658666 90d95ceefc9e0c20b81fb6f9927211f22c3b47d7ce66ea99dd9b7cba29cfbe04
CLIENT_HANDSHAKE_TRAFFIC_SECRET 3876b5c3070b5d25cd6aa9a7d57ce9571108afd2a368b0dcbc74c0736e658666 be647f3e4fec9ee44edb5d13806363203d9ac607146af9b8f6276d8cf68d0246
SERVER_TRAFFIC_SECRET_0 3876b5c3070b5d25cd6aa9a7d57ce9571108afd2a368b0dcbc74c0736e658666 62fa74ffea43cb199d6deececd40db48b4526fc65f956125f6c6a0e6773e46a8
CLIENT_TRAFFIC_SECRET_0 3876b5c3070b5d25cd6aa9a7d57ce9571108afd2a368b0dcbc74c0736e658666 0a366092a275f965054272561c6889ca15bc387d098cf9590ff128519d9a624c
SERVER_HANDSHAKE_TRAFFIC_SECRET b5246ba2d144ad642b4c68d6e6a3a1dbd2d0a0e05b1f05fc09f4459478162a06 e26f9bdcea65e0ba43c6eac0fc8c763d9e09ddadc2865e4bc2650f9eeb7d0741
CLIENT_HANDSHAKE_TRAFFIC_SECRET b5246ba2d144ad642b4c68d6e6a3a1dbd2d0a0e05b1f05fc09f4459478162a06 b4131d8a1509316b70ae977633f1b691fbe7bc52c6dceaa292599efefb156b30
SERVER_TRAFFIC_SECRET_0 b5246ba2d144ad642b4c68d6e6a3a1dbd2d0a0e05b1f05fc09f4459478162a06 7994c69d253f1575fdbde7b5b776648b1752fff5fc557d87d66e237042a7e1c1
CLIENT_TRAFFIC_SECRET_0 b5246ba2d144ad642b4c68d6e6a3a1dbd2d0a0e05b1f05fc09f4459478162a06 6c332c9e5620d3ec63b0df1ab17e1aed82f1bda11774f4c5899b8c58053de294
SERVER_HANDSHAKE_TRAFFIC_SECRET 3a67e716ae0732adfe00ead08c6d2367618d5ee2e54cdc000f20cc34cfc46932 3c0a9f5977883f2e1d67045ebf17b427f88e4702bb61ceb6fa981293820fcdc6
CLIENT_HANDSHAKE_TRAFFIC_SECRET 3a67e716ae0732adfe00ead08c6d2367618d5ee2e54cdc000f20cc34cfc46932 fe05743db7f11423b41acff3091f5f2f83ca35cf08b309fd52a7fe9482c4e1c8
SERVER_TRAFFIC_SECRET_0 3a67e716ae0732adfe00ead08c6d2367618d5ee2e54cdc000f20cc34cfc46932 06800a36afaee936dda836be2b991b56d1af8a0ffda268736dc78df19746b96f
CLIENT_TRAFFIC_SECRET_0 3a67e716ae0732adfe00ead08c6d2367618d5ee2e54cdc000f20cc34cfc46932 3c85be54f1b5c8a5c72eeb92f654c2fcae4eea56a3bea243bcfe70f944f0cd08
SERVER_HANDSHAKE_TRAFFIC_SECRET 9bc4fc2abd400059429b1579d1988d8867bcecfacaa418550e3eb6a043884e28 a7d43a366cdb04c92febb342373722aa0a17f51f2d54c8f84e221f11a2340b32
CLIENT_HANDSHAKE_TRAFFIC_SECRET 9bc4fc2abd400059429b1579d1988d8867bcecfacaa418550e3eb6a043884e28 72efaa14d29d974dbbdad29d4e162ee1e81277162f0d36c94c042f69eb04d9e0
SERVER_TRAFFIC_SECRET_0 9bc4fc2abd400059429b1579d1988d8867bcecfacaa418550e3eb6a043884e28 50b10bacf4817c4cc784e4a96334b85e44d6615eb7230c9269c0f0df059065a8
CLIENT_TRAFFIC_SECRET_0 9bc4fc2abd400059429b1579d1988d8867bcecfacaa418550e3eb6a043884e28 effafe808b1649581940d8ff73f8f17e82e84a2c4160607892f8185fabc9edbb
SERVER_HANDSHAKE_TRAFFIC_SECRET c8b14edb708166c30e369eed099b0ba79bd5d10c5cfa7f5e05f953c8d9eb73ac dd22c92f085e0ebe1cd1167781aca9e37cbb4044daeb45fd8b7cc4106cb5cb43
CLIENT_HANDSHAKE_TRAFFIC_SECRET c8b14edb708166c30e369eed099b0ba79bd5d10c5cfa7f5e05f953c8d9eb73ac a904a957998f300ba98c8044cd431bdab94f4604588027a32ff9562cb0bc43a2
SERVER_TRAFFIC_SECRET_0 c8b14edb708166c30e369eed099b0ba79bd5d10c5cfa7f5e05f953c8d9eb73ac ceb44252f07fb9dcc974211c246dedc3dd830744cc5f7b57516ee8999e4aaa3b
CLIENT_TRAFFIC_SECRET_0 c8b14edb708166c30e369eed099b0ba79bd5d10c5cfa7f5e05f953c8d9eb73ac d8d0777a87c2435a8a57cceeb0d4fe84f3d074f918cfd9548bc24358184ac239
SERVER_HANDSHAKE_TRAFFIC_SECRET ed35b96d1e742dcdab39d6025c2979c86cc2cfce5efd9d869c4adf853d1367b7 6a73cedf5816e05949756d8bb1160fdf53e4c947666cc629873e5c6929e25627
CLIENT_HANDSHAKE_TRAFFIC_SECRET ed35b96d1e742dcdab39d6025c2979c86cc2cfce5efd9d869c4adf853d1367b7 d46186e1f9388c6a907873e0524544e36c6c8c068a2cdf6b5263c88502058a99
SERVER_TRAFFIC_SECRET_0 ed35b96d1e742dcdab39d6025c2979c86cc2cfce5efd9d869c4adf853d1367b7 07f735d30fc8d650b9c6484d12900f7580b531787d45cb77824e88f3796eb003
SERVER_HANDSHAKE_TRAFFIC_SECRET 4e5569e995986a052bab3bc73164999a508aa9c7e894a66ac2a68d01d5ca15f4 09028e94132acbd7856a5baeb603f3b9abe3542b3f86fcf96b73fba102eb2b4f
CLIENT_HANDSHAKE_TRAFFIC_SECRET 4e5569e995986a052bab3bc73164999a508aa9c7e894a66ac2a68d01d5ca15f4 cf13f7bb6dc25b3eafa1b7fa469238bafdb2350ac70874f7e014c765f21055e6
SERVER_TRAFFIC_SECRET_0 4e5569e995986a052bab3bc73164999a508aa9c7e894a66ac2a68d01d5ca15f4 28e95d4a605f9fec59feb093984ff4c939eda83296bb09795bcc48111b67061c
SERVER_HANDSHAKE_TRAFFIC_SECRET 0667e8c0326fe703cddce54097d742a0c7b716f7bc8550727811f64b3ff49410 d13bd31cb3b06421f11bd5fc5d04fb0bc512c5cd65400828df3e3106a1967d0b
CLIENT_HANDSHAKE_TRAFFIC_SECRET 0667e8c0326fe703cddce54097d742a0c7b716f7bc8550727811f64b3ff49410 c5303bc798d5f657dc671f214516702331040ae2261d0f30b47fab5893e1a7cf
SERVER_TRAFFIC_SECRET_0 0667e8c0326fe703cddce54097d742a0c7b716f7bc8550727811f64b3ff49410 8bb440e992b571d31be9823151313256457a1815b577fdcd7b9fb2f35df17ba4
SERVER_HANDSHAKE_TRAFFIC_SECRET 1ba612b670b2ea0ad4387538ba28c7815a8b8b5c5664991dbf36ed11d1546855 b15387d7e502036019f4213bffb112078cb0208ddde567158ec603e6232a0132
CLIENT_HANDSHAKE_TRAFFIC_SECRET 1ba612b670b2ea0ad4387538ba28c7815a8b8b5c5664991dbf36ed11d1546855 be78394ce78814fda181d4cf680ebb82c588c50857b0837313f9fac333ea2898
SERVER_TRAFFIC_SECRET_0 1ba612b670b2ea0ad4387538ba28c7815a8b8b5c5664991dbf36ed11d1546855 749b42f5c181cfe7ce2431a9368f3e19176177d137b67a69619b8673ed3dad5e
SERVER_HANDSHAKE_TRAFFIC_SECRET 6f5e432fdd658b922cdfb7195a7c4704192e28f0d26d38e2f8c696e49b569cc4 bc52b9ec8089b570a717d8b7b4179cc81ff731cd2de99d6a7626018f8fa94c7b
CLIENT_HANDSHAKE_TRAFFIC_SECRET 6f5e432fdd658b922cdfb7195a7c4704192e28f0d26d38e2f8c696e49b569cc4 e8b56168257347eae4f24f1b099f4a15bda38c8dd84c1c8456983890d726e77e
SERVER_TRAFFIC_SECRET_0 6f5e432fdd658b922cdfb7195a7c4704192e28f0d26d38e2f8c696e49b569cc4 923d9be1089b9f387293cfaddfa41751469e9671296da69f090f623ba6993509
CLIENT_TRAFFIC_SECRET_0 6f5e432fdd658b922cdfb7195a7c4704192e28f0d26d38e2f8c696e49b569cc4 a338292934eb9553167a266139d191e2fbe217e1f5d528440c607b079978b581
SERVER_HANDSHAKE_TRAFFIC_SECRET f0b7964a5284b95a3bc14523c613c7d20ac6a06377d1d2e625fa625359c29e04 d94cb726f309c8b5d728df0b9194e35e4b8701e3c9207610ac646434e024e173
CLIENT_HANDSHAKE_TRAFFIC_SECRET f0b7964a5284b95a3bc14523c613c7d20ac6a06377d1d2e625fa625359c29e04 368d6f3f0077e81f602222b71e31b95eb4e3f4c7c72a3d946fc397b03bb2f70f
SERVER_TRAFFIC_SECRET_0 f0b7964a5284b95a3bc14523c613c7d20ac6a06377d1d2e625fa625359c29e04 6601a09f24f30b080dee376765096c2b49ec88c5ca141972602557d2c5008e82
CLIENT_TRAFFIC_SECRET_0 f0b7964a5284b95a3bc14523c613c7d20ac6a06377d1d2e625fa625359c29e04 73cf41653cb1d1f64a9f6d12518e4a97762ed15b3fc1e2971c41c6c92be1e50d
SERVER_HANDSHAKE_TRAFFIC_SECRET 2afcdd4c84c451c880eaecd84462b11efc3c66b7b930520338531d34a95e6e64 105063bbe172f81387066230973f5dd5554821bef2cc87822004d16482ab8c7c
CLIENT_HANDSHAKE_TRAFFIC_SECRET 2afcdd4c84c451c880eaecd84462b11efc3c66b7b930520338531d34a95e6e64 cd21664a7e33376504f34f1c917a182d96320177625aaca75903439def71d66e
SERVER_TRAFFIC_SECRET_0 2afcdd4c84c451c880eaecd84462b11efc3c66b7b930520338531d34a95e6e64 5d149a0081b3c890bae3dd9631bec0378e50ca63110e375b5a7bb7ad5cafb7ac
CLIENT_TRAFFIC_SECRET_0 2afcdd4c84c451c880eaecd84462b11efc3c66b7b930520338531d34a95e6e64 2fd012f6bae01b9159cea0bb2d24d0f83e8ab52d83c85b4b4a955eee0b8d730e
SERVER_HANDSHAKE_TRAFFIC_SECRET a547f8c6e6460aa44008fec46af627ae8776f69cf54b65b7eae64cab0e90a891 b52d1510e1642e87a9eeb0ae2980debf1eb5b09499156bad4c6b8ac8cdee2542
CLIENT_HANDSHAKE_TRAFFIC_SECRET a547f8c6e6460aa44008fec46af627ae8776f69cf54b65b7eae64cab0e90a891 ee5320ed5d8a280e105646020166771ca280afefa6fc481511f7fbb684e0fbb4
SERVER_TRAFFIC_SECRET_0 a547f8c6e6460aa44008fec46af627ae8776f69cf54b65b7eae64cab0e90a891 b41ccaf59e4c29f293797fb3fdc80a6ec6ddc5b8fefdd2dbfd61ef8393ba7011
CLIENT_TRAFFIC_SECRET_0 a547f8c6e6460aa44008fec46af627ae8776f69cf54b65b7eae64cab0e90a891 b7b740dacebf9bb1ad5d23093aeb883d4cd54f3e8e96722595f8f9b5ff793d97
SERVER_HANDSHAKE_TRAFFIC_SECRET 1381c0afdeac290e4da5ed73e5329bbcdcf6994a399f14630f062b9f72ddd15b 53f93aea5388cf187fd2710520e8f3059755dff273608eace0486cac4588cdff
CLIENT_HANDSHAKE_TRAFFIC_SECRET 1381c0afdeac290e4da5ed73e5329bbcdcf6994a399f14630f062b9f72ddd15b 2eaf823063fea3e4a0feed6be1b4ee466fa0c6a47fd8d4aa0f8032db9f26f2be
SERVER_TRAFFIC_SECRET_0 1381c0afdeac290e4da5ed73e5329bbcdcf6994a399f14630f062b9f72ddd15b 40562b9256208bd63ece0faebdd606fb7c884c5d65a5cb98b9399f7a37482884
CLIENT_TRAFFIC_SECRET_0 1381c0afdeac290e4da5ed73e5329bbcdcf6994a399f14630f062b9f72ddd15b df02583a071f482a8b70362548905321138cee84003ea6cd3c7fcc52fa8aed73
SERVER_HANDSHAKE_TRAFFIC_SECRET c30f17d256bf70bf662f157c4182e90cfd0c09a58dd77d33b3187facd39aa8fe d63d7a601b528afe1669f2a71324be820ca38bca8d64d828f56127cc78297c99
CLIENT_HANDSHAKE_TRAFFIC_SECRET c30f17d256bf70bf662f157c4182e90cfd0c09a58dd77d33b3187facd39aa8fe 925ac6871b1441f1718465019d4190b38471d1e15fb81e4af9a964d2ace65337
SERVER_TRAFFIC_SECRET_0 c30f17d256bf70bf662f157c4182e90cfd0c09a58dd77d33b3187facd39aa8fe 8d813d8ec6a27082eadb7d10d53974869570533740629ee268ea4a6f97d16ccb
CLIENT_TRAFFIC_SECRET_0 c30f17d256bf70bf662f157c4182e90cfd0c09a58dd77d33b3187facd39aa8fe d695b4ff9f8174637df75645dd7ccc86224c022ab324f700608ef9b10c74f7c9
SERVER_HANDSHAKE_TRAFFIC_SECRET 6621bd9f94fb8e244fae701ef5f003d36b534be14bc33ee5af85605ed15ebcba 9824cded35fff71bf21046a43c90987078a441dc5f3bb58cebf0e5131b8ad8ec
CLIENT_HANDSHAKE_TRAFFIC_SECRET 6621bd9f94fb8e244fae701ef5f003d36b534be14bc33ee5af85605ed15ebcba 28e286cd9ff9a7aa60a5f71a0d920de606970cb26df84bf4a43062e9a10e056e
SERVER_TRAFFIC_SECRET_0 6621bd9f94fb8e244fae701ef5f003d36b534be14bc33ee5af85605ed15ebcba 63560a770e49c6fadfec86e25c0d4faafcdb0eb560433db4f1083331c5499700
SERVER_HANDSHAKE_TRAFFIC_SECRET 8180dc55e8737fae2e90280cc7da961f72ec8dcf110382aa2c6f13664af570dd 97713de40234f937d75d1db9323f237a9d9f19f7d6f129a19c3610926bf36fe8
CLIENT_HANDSHAKE_TRAFFIC_SECRET 8180dc55e8737fae2e90280cc7da961f72ec8dcf110382aa2c6f13664af570dd 033a90c583ea6f2ef32efdc3f99031bd03561c136e72c18388a9a680df72b7e6
SERVER_TRAFFIC_SECRET_0 8180dc55e8737fae2e90280cc7da961f72ec8dcf110382aa2c6f13664af570dd 52bc0f09d3b1d823fe7b7343a466db92467788e38b2a52d91b719565e43b479c
SERVER_HANDSHAKE_TRAFFIC_SECRET aa7dfbd1d2a2aeede8c79f09b5c399bed401f213dd9aa46d001c7c850c53928f 4878b2f2945173a1d42416bfcea7025ea666bd5570ca3b6a020f4e0bb1ef86f6
CLIENT_HANDSHAKE_TRAFFIC_SECRET aa7dfbd1d2a2aeede8c79f09b5c399bed401f213dd9aa46d001c7c850c53928f 4236d7b3738d39c6799d02c8b3935ea924916186cd756872f48c8db5334c9da3
SERVER_TRAFFIC_SECRET_0 aa7dfbd1d2a2aeede8c79f09b5c399bed401f213dd9aa46d001c7c850c53928f 386fc86693149734070b3e3838c3a59c64d1892e2255097953c1c535c2efbc0f
CLIENT_TRAFFIC_SECRET_0 aa7dfbd1d2a2aeede8c79f09b5c399bed401f213dd9aa46d001c7c850c53928f ef74560db7c657f664229a2bdb09b1c987631049278281db707ede4af84e0b36
SERVER_HANDSHAKE_TRAFFIC_SECRET 537744e23b1c3ac6867138464adbe4b72ab4101474285e4ae9ca9361bd0c8b7d bcb7ca8782232ae5615464d78a77325e63a4e580f40618cb571ec9b772e62e83
CLIENT_HANDSHAKE_TRAFFIC_SECRET 537744e23b1c3ac6867138464adbe4b72ab4101474285e4ae9ca9361bd0c8b7d 9e6600e6540ecebc4236d6b3280fafe70da57b4750b016786556b53ac3f47ac7
SERVER_TRAFFIC_SECRET_0 537744e23b1c3ac6867138464adbe4b72ab4101474285e4ae9ca9361bd0c8b7d 7030cab77873f42c999a9ba2bed9ff2abdddda1827e8869d906612f92aa647f0
CLIENT_TRAFFIC_SECRET_0 537744e23b1c3ac6867138464adbe4b72ab4101474285e4ae9ca9361bd0c8b7d 75187e6a2744c22e942618a4c34e2263b1c64f9c5b3ab283a195e9a373030d4f
SERVER_HANDSHAKE_TRAFFIC_SECRET 60abb5c4ca0675e77ccf4e46f01940657414fc73083f0b5d97ddc8bfbf882879 a2cb9efcab051de6d1d224b913f1cd387f9251a710f5c7d5c2dd99ca3abe9665
CLIENT_HANDSHAKE_TRAFFIC_SECRET 60abb5c4ca0675e77ccf4e46f01940657414fc73083f0b5d97ddc8bfbf882879 4303b911cbbdbc0bd4f7b783902032b1a427cefca344eced7467bdd28326c63a
SERVER_TRAFFIC_SECRET_0 60abb5c4ca0675e77ccf4e46f01940657414fc73083f0b5d97ddc8bfbf882879 ad21a93965dfc11037d7f9c6d044c1d3e9848249eb834495da90d1c9254aae55
CLIENT_TRAFFIC_SECRET_0 60abb5c4ca0675e77ccf4e46f01940657414fc73083f0b5d97ddc8bfbf882879 c05d82621dd4ddb7c5209a7be773284b63b5b2b4f8fd315a181c159e67a1e272
SERVER_HANDSHAKE_TRAFFIC_SECRET e557ec82ca9ada78587a11187aa84ba9881487f0e2343b0e451c8df8c3a49fac d3bbd717a26b5a6f644b8dc7eb3c45d3137fc5905ae16a5eb548bccf0be54b35
CLIENT_HANDSHAKE_TRAFFIC_SECRET e557ec82ca9ada78587a11187aa84ba9881487f0e2343b0e451c8df8c3a49fac 084ba21527004a33985b70ab84200ba70e69d7905ad1af6f0128fc4c15faabc1
SERVER_TRAFFIC_SECRET_0 e557ec82ca9ada78587a11187aa84ba9881487f0e2343b0e451c8df8c3a49fac 890e712f16a5023b3c993e32ab5a0e01fb09f621afbc51fab68c574901bb2249
SERVER_HANDSHAKE_TRAFFIC_SECRET 603f8272274e03c1e234b4b34e0b52009c114f159c33dd90135124886eab82e9 7d733968bf9d96e6609eb96e13beac0e3c3679d6ad93080de257530162e1b16d
CLIENT_HANDSHAKE_TRAFFIC_SECRET 603f8272274e03c1e234b4b34e0b52009c114f159c33dd90135124886eab82e9 cbf756554d24183a1226f88b2edd78b787bbfd0d7cf0dc81ee4e3737ec50ec59
SERVER_TRAFFIC_SECRET_0 603f8272274e03c1e234b4b34e0b52009c114f159c33dd90135124886eab82e9 a23dfbf643f1cba9a04a20d2aab70343d5efddd5012ec187a50e9b0931cb09f0
SERVER_HANDSHAKE_TRAFFIC_SECRET d4347420fbc29307e9778de4dcb115c8bd20dd1363afa1b3db229c154b1cbf55 b4f4e7808eac1bc8a1427b6c680db0763456639e5244c5c8225ceaf1bd2dd29b
CLIENT_HANDSHAKE_TRAFFIC_SECRET d4347420fbc29307e9778de4dcb115c8bd20dd1363afa1b3db229c154b1cbf55 df0c4292783a6073b2cd7dd728645be17a57723506c772a3493aebbccb3b3b1f
SERVER_TRAFFIC_SECRET_0 d4347420fbc29307e9778de4dcb115c8bd20dd1363afa1b3db229c154b1cbf55 c91c641eb652d31f7a726e50738f367c9c091635d581828ffa0b51add49b17ac
SERVER_HANDSHAKE_TRAFFIC_SECRET 7e5521365c3c8136f3fc25e8bc29b6d02128ffebe455cd1609838dd72926fe97 88d087ba6fdf76d046c2f8586702d6d43a5cc0cd8d690d7ec619f37de349adeb
CLIENT_HANDSHAKE_TRAFFIC_SECRET 7e5521365c3c8136f3fc25e8bc29b6d02128ffebe455cd1609838dd72926fe97 a043a2064b6f06f303bc5709e14a11f8eab3ee71b18d627b66b63da3216d0e39
SERVER_TRAFFIC_SECRET_0 7e5521365c3c8136f3fc25e8bc29b6d02128ffebe455cd1609838dd72926fe97 8e666c08bbb74810e307575073a33c35b0a9d2c401170ad116a6637bc90a34fd
CLIENT_TRAFFIC_SECRET_0 7e5521365c3c8136f3fc25e8bc29b6d02128ffebe455cd1609838dd72926fe97 918cd16f6f494c0ad7b891842e8197453d6f8211a3b7ba4e566664e9ae044e3b
SERVER_HANDSHAKE_TRAFFIC_SECRET a739ca42b40ff32266d1e9650b22895d2df904f8855ec1e0285f5dcc3514f1de 6234c9ad0c963c9755af500d8f815320ee2d036547999ae956509cc2e62027c8
CLIENT_HANDSHAKE_TRAFFIC_SECRET a739ca42b40ff32266d1e9650b22895d2df904f8855ec1e0285f5dcc3514f1de 2b6556939e6508f067c0f48ae548a2fd35a23dcb62ec54c8b436babfb3b7e116
SERVER_TRAFFIC_SECRET_0 a739ca42b40ff32266d1e9650b22895d2df904f8855ec1e0285f5dcc3514f1de 158d1a3068e2a097e5c34e256a761a33641009c75206cc0daa4d34ef04f64ca5
SERVER_HANDSHAKE_TRAFFIC_SECRET 8611e5ff3a49baf1005500d867fed8f2c258e6009730a99071939493d4e89410 972fcd04183f6e3edeb74797480708562ec40b6ed914a8bafece862fe006d9cb
CLIENT_HANDSHAKE_TRAFFIC_SECRET 8611e5ff3a49baf1005500d867fed8f2c258e6009730a99071939493d4e89410 a36b88357cd1f0898d5589934864dfb5bbfc112125b71435756aa5ef54aa60bc
SERVER_TRAFFIC_SECRET_0 8611e5ff3a49baf1005500d867fed8f2c258e6009730a99071939493d4e89410 b9caeb89eb297969df517d436904c458d2225e5e1c3865385bb705192065ad06
SERVER_HANDSHAKE_TRAFFIC_SECRET 5d9b652603b6375019c1343cb02ceb27355b44554710d9227d406098bf2ab5cf 62c6aca26507ba8d691a4f1b418bf5e989fdf33cbf827680b221dfa54212d7a8
CLIENT_HANDSHAKE_TRAFFIC_SECRET 5d9b652603b6375019c1343cb02ceb27355b44554710d9227d406098bf2ab5cf ed723e7c2f0e0a5e70290ec8d9a77beb166ad8bcbfdf65d5ba10d90727719e4e
SERVER_TRAFFIC_SECRET_0 5d9b652603b6375019c1343cb02ceb27355b44554710d9227d406098bf2ab5cf 2672d5e256b8a2851f5e6c730d6314da6726a6cddd5ddc3b607e08384d573e21
CLIENT_TRAFFIC_SECRET_0 5d9b652603b6375019c1343cb02ceb27355b44554710d9227d406098bf2ab5cf c082591edcd8e936719694226fb8d620744aaf7df232f01f4cee1c10ee3681ef
SERVER_HANDSHAKE_TRAFFIC_SECRET e0da08d6c63c5d419c6f15576664c11a284d9d7fefb750e7515400a92d2c3b7f d76e5207c4d03615535a139d78f4464b130640680fbc9d4ba56d1eceaf436993
CLIENT_HANDSHAKE_TRAFFIC_SECRET e0da08d6c63c5d419c6f15576664c11a284d9d7fefb750e7515400a92d2c3b7f 802ce8efab96a9b5acf0a2f7c3bb8acba0e55470338388510822cd52ab5e2ccc
SERVER_TRAFFIC_SECRET_0 e0da08d6c63c5d419c6f15576664c11a284d9d7fefb750e7515400a92d2c3b7f f904b3c0c2b58d5378168e1266aa7bdbf95bddf84d126ec589fe173cc4aa1016
SERVER_HANDSHAKE_TRAFFIC_SECRET 8fe57224ef2e3553e66d657207888335e818f774ae42a121e1faf7e47a179715 a937941684449196d126c3868b0de7703fb7d97b6492e8f53ad7556838306aaa
CLIENT_HANDSHAKE_TRAFFIC_SECRET 8fe57224ef2e3553e66d657207888335e818f774ae42a121e1faf7e47a179715 7c4ab161e9c8cf6db8daa104c0d5a9ed1c8483bf80006129a8decac351b812ee
SERVER_TRAFFIC_SECRET_0 8fe57224ef2e3553e66d657207888335e818f774ae42a121e1faf7e47a179715 becfb90bb202d44d2f2220112dbcdcda22143981f66a370fc6e7bd08371d5c19
CLIENT_TRAFFIC_SECRET_0 8fe57224ef2e3553e66d657207888335e818f774ae42a121e1faf7e47a179715 22c6494d3d014a8518f59ab9e0e770fd5399569737a19cf210312b2a4902d501
SERVER_HANDSHAKE_TRAFFIC_SECRET 71bfa0c21e18bcc56bd2b3b6e5a5fcb901eb0c0715e3beca257f4cde49adc915 46c8e8865dc71d5edb3e2d3a9be9fba78e18e5e44cf295634f51c4d2ad8fcf31
CLIENT_HANDSHAKE_TRAFFIC_SECRET 71bfa0c21e18bcc56bd2b3b6e5a5fcb901eb0c0715e3beca257f4cde49adc915 903069eb40ba0d01b6d3ced062cc6deb20b9234aea06693017eb8107f16242de
SERVER_TRAFFIC_SECRET_0 71bfa0c21e18bcc56bd2b3b6e5a5fcb901eb0c0715e3beca257f4cde49adc915 c35536612ffda96a3195dc936740cca92f5ae6ba8f8a23ba22339bef6ab472ea
SERVER_HANDSHAKE_TRAFFIC_SECRET 9c1ec9514ce32e8ca657a187fb242af64a66d0d956c50ae55ac4cd2c15c06626 6438069a4b86390f448c8023c77bdf53414220ecb6e007e5d8a0f71fac273dca
CLIENT_HANDSHAKE_TRAFFIC_SECRET 9c1ec9514ce32e8ca657a187fb242af64a66d0d956c50ae55ac4cd2c15c06626 67abd1b63062a3f7aa219e21400b4a12776e3993bea74fbfdc0a14e43adba817
SERVER_TRAFFIC_SECRET_0 9c1ec9514ce32e8ca657a187fb242af64a66d0d956c50ae55ac4cd2c15c06626 5b84eaf9a7dba7e9a387f264849d983adce68489a18dfd1cacd0b0086d26f5bc
CLIENT_TRAFFIC_SECRET_0 9c1ec9514ce32e8ca657a187fb242af64a66d0d956c50ae55ac4cd2c15c06626 f530376e7ddd21449ae343e0f1bf36e37c0fa30d778c0b35e4247a87cfc136e3
SERVER_HANDSHAKE_TRAFFIC_SECRET d6cb71911151ef79d25e0fe394c8d264c027bb943bb03beb3d96a72a2c78ad4f 1359d62338be4b2c5e0e434a05678b96b9c92a0fadae57394334c6ab8aa7a7f5
CLIENT_HANDSHAKE_TRAFFIC_SECRET d6cb71911151ef79d25e0fe394c8d264c027bb943bb03beb3d96a72a2c78ad4f 98bcad9ae972c19258b87226b11d5042bee3ba069bd111ae5b4ee1321b2dcd95
SERVER_TRAFFIC_SECRET_0 d6cb71911151ef79d25e0fe394c8d264c027bb943bb03beb3d96a72a2c78ad4f 1b0a38182031f7e1cc9f2f994cd29859bbb31bc511040a848f9cb3aa5ef7f20c
CLIENT_TRAFFIC_SECRET_0 d6cb71911151ef79d25e0fe394c8d264c027bb943bb03beb3d96a72a2c78ad4f 37e50b735ef587bf82d0398783a03eff8e4dd67b96ce864b182f9860943e038c
SERVER_HANDSHAKE_TRAFFIC_SECRET 8e3896ed9347ec31998842128fcc5f39cae6fe5a114782c5b5e666493ae47f79 0b4a6f703e3f9b5e454728707aad26939fd0bd7ea71208a288aefc6ee1d7dd99
CLIENT_HANDSHAKE_TRAFFIC_SECRET 8e3896ed9347ec31998842128fcc5f39cae6fe5a114782c5b5e666493ae47f79 e62aa8b55d4557c3c002111fdd0c55136a873b02cdcb86d6a6d07f91d2f47c96
SERVER_TRAFFIC_SECRET_0 8e3896ed9347ec31998842128fcc5f39cae6fe5a114782c5b5e666493ae47f79 e09eb61c88ec663bee7e6bb800f10b6a7dcbfc69e62743ac8740f86fa7374ed8
CLIENT_TRAFFIC_SECRET_0 8e3896ed9347ec31998842128fcc5f39cae6fe5a114782c5b5e666493ae47f79 58dc9df1138b4ae95445cf8176b12bdb707f43a71e94e0db83a25a0db69ad0d2
SERVER_HANDSHAKE_TRAFFIC_SECRET 83ef53970b9390d51907d61773e14beba4fb6a7929b63cc3380a110071a46792 5eb7167f6e4b350d158c956baa93346af3dc2cd166fc5787001d2c640adbec3d
CLIENT_HANDSHAKE_TRAFFIC_SECRET 83ef53970b9390d51907d61773e14beba4fb6a7929b63cc3380a110071a46792 5891f623f6292569fde289d8feb943ce6f956a2b30076076ba2fc3f4dc063bf0
SERVER_TRAFFIC_SECRET_0 83ef53970b9390d51907d61773e14beba4fb6a7929b63cc3380a110071a46792 87ac034bb906bb80963e0ea23c89eecef3367c086052bb716f015d49cb4b0db1
CLIENT_TRAFFIC_SECRET_0 83ef53970b9390d51907d61773e14beba4fb6a7929b63cc3380a110071a46792 1859bd092ce5f234ef56f1d06d5ccd3e92e96db21d89c087329d550f8eda6488
SERVER_HANDSHAKE_TRAFFIC_SECRET d317285fe255667a2005ba1122af82b933329d47f090f0a03fd16d499f36b943 3a5d1e7260f1644aa552e0ff5b022fa66b09cd794ce736a2c955369dd58eb116
CLIENT_HANDSHAKE_TRAFFIC_SECRET d317285fe255667a2005ba1122af82b933329d47f090f0a03fd16d499f36b943 1a4356966e2eac6f6e54a5313e49481009760f4cabe258c5b8e7b6c6621fbe4a
SERVER_TRAFFIC_SECRET_0 d317285fe255667a2005ba1122af82b933329d47f090f0a03fd16d499f36b943 f1b159d5d8bb14c1f97b5887a82933e0a5edf156e7eb0d3da43a22b861250d20
CLIENT_TRAFFIC_SECRET_0 d317285fe255667a2005ba1122af82b933329d47f090f0a03fd16d499f36b943 e81488c5e5b1e402baeb54b4965b2c3de8f9e039496065018989f77594fdbf11
SERVER_HANDSHAKE_TRAFFIC_SECRET 8b4c6b8fd922a5f0e17b9f1cd8b627ef870654a2aecffaefff6c9685a9d053fb 743646e2494a38fb6c4c3101c0bd4dd899df9121b658c4f74f7e844c702ca770
CLIENT_HANDSHAKE_TRAFFIC_SECRET 8b4c6b8fd922a5f0e17b9f1cd8b627ef870654a2aecffaefff6c9685a9d053fb 681653b9cc6343aaacfbd52d75f59fb1ac65f8433203551096b8d4ef8d868fbf
SERVER_TRAFFIC_SECRET_0 8b4c6b8fd922a5f0e17b9f1cd8b627ef870654a2aecffaefff6c9685a9d053fb be6cdd8e1f2d055c1c5df70be6829ad0dc7dc5dc27a4d247cb728bf08da46c20
CLIENT_TRAFFIC_SECRET_0 8b4c6b8fd922a5f0e17b9f1cd8b627ef870654a2aecffaefff6c9685a9d053fb 57f6058ae7749a1cba028fbd3d7a3c3d86238011eaf7f5dc99065d88cac09f41
SERVER_HANDSHAKE_TRAFFIC_SECRET f0626a5ee797d53a70b6fc9a403484017da5057b1a2f85c8366595f65fa8cbc0 1dc421883c4249ec8eb9bee457ae325a33e9153d9144ea9c75e51b283c81a3b0
CLIENT_HANDSHAKE_TRAFFIC_SECRET f0626a5ee797d53a70b6fc9a403484017da5057b1a2f85c8366595f65fa8cbc0 a006743fb5d7f808fe3fe20ed02a4d68faf2e28f21002c2fb47a2731934f2f37
SERVER_TRAFFIC_SECRET_0 f0626a5ee797d53a70b6fc9a403484017da5057b1a2f85c8366595f65fa8cbc0 658ed9ebe9de652e5df14551223a40d4a05c804bdfe7b96070088ded256df250
CLIENT_TRAFFIC_SECRET_0 f0626a5ee797d53a70b6fc9a403484017da5057b1a2f85c8366595f65fa8cbc0 f0a4af1323208aabf50d06f9062d266b0194d2ecd51f81d67f5bd8bb96b6f015
SERVER_HANDSHAKE_TRAFFIC_SECRET ff576f49dad39afaaf95b05082fb580a02697f60ccbb1b107d25321fd7f0aa45 632087932a88923e6a9e6a3ae325400b4137cf0e7780e53a4d87fd071803a762
CLIENT_HANDSHAKE_TRAFFIC_SECRET ff576f49dad39afaaf95b05082fb580a02697f60ccbb1b107d25321fd7f0aa45 8d66415e4c10157dbef89ab0558fcdf11b973e2b8d94c2e96aac47cbec6b9711
SERVER_TRAFFIC_SECRET_0 ff576f49dad39afaaf95b05082fb580a02697f60ccbb1b107d25321fd7f0aa45 2261018bfe8cb2a9be53ab6e3026cc8e988304c64f4216aafe9effa3d013b35e
SERVER_HANDSHAKE_TRAFFIC_SECRET 159073e4d123b86c9e132d3ab3567ea684e608d26931c44787a8340c9ae7eb93 6eac3b86129b3994909ab518e24ffe28ed3697e070d557d26d2aedda4f38052e
CLIENT_HANDSHAKE_TRAFFIC_SECRET 159073e4d123b86c9e132d3ab3567ea684e608d26931c44787a8340c9ae7eb93 9e5dc13841dcc4eff15fb305827c062ce95cf9bf24bac1fe4591879dfeee850d
SERVER_TRAFFIC_SECRET_0 159073e4d123b86c9e132d3ab3567ea684e608d26931c44787a8340c9ae7eb93 8ce7fbddb47dcb21d9bfc6895f3e1fc2a96bdd15f0b8fcd0bad2071853eb22f4
SERVER_HANDSHAKE_TRAFFIC_SECRET 9098cd6a42580aeae5e3be9d4efd210bca6cb1fd56216e32f25387d48ad16c9f d7962cce8edf080d787181ca92b0f0ef0279d2a68c2b78d04261938c35bb0c23
CLIENT_HANDSHAKE_TRAFFIC_SECRET 9098cd6a42580aeae5e3be9d4efd210bca6cb1fd56216e32f25387d48ad16c9f b011f43c27488849d1500b760aa11711d010d1e28c3c19c6c6095ee3b06ae127
SERVER_TRAFFIC_SECRET_0 9098cd6a42580aeae5e3be9d4efd210bca6cb1fd56216e32f25387d48ad16c9f 8b77274d6648b60fcffe54a7db84f2038e921981f438fc48309cbbdaf1a612a8
SERVER_HANDSHAKE_TRAFFIC_SECRET 0abff2b0b71aaa27aa867e89ffd938e44bbb38cfd2b983381f2f47b501184423 123acdb14cfa285173d8933d602e447a9ce01953eef5520c1017e34537f7ee63
CLIENT_HANDSHAKE_TRAFFIC_SECRET 0abff2b0b71aaa27aa867e89ffd938e44bbb38cfd2b983381f2f47b501184423 f062be5dac1e6c1d5e85d02ee19c512a5427c90c153f71c53a38690daedfff00
SERVER_TRAFFIC_SECRET_0 0abff2b0b71aaa27aa867e89ffd938e44bbb38cfd2b983381f2f47b501184423 da6ca5a52c754183777971977db4bf5eef7f55184487af679cd386dcf9062e6f
CLIENT_TRAFFIC_SECRET_0 0abff2b0b71aaa27aa867e89ffd938e44bbb38cfd2b983381f2f47b501184423 f4740ae0ae9404143ce10768f0711b7f00c8b2704f302265d343576e01c108ba
SERVER_HANDSHAKE_TRAFFIC_SECRET 22722e924333705cb108dd227f88a118c13bdc84af51f1ff379aa1903c94ad50 cde6be207aa528483d74bae1a0c74d9c9c28ba39d2221fc8bef4f59b8bdadbaf
CLIENT_HANDSHAKE_TRAFFIC_SECRET 22722e924333705cb108dd227f88a118c13bdc84af51f1ff379aa1903c94ad50 fbbc0e75d8246bbea891356e7842064d6a9f2b95b9eae99e662919177fedc699
SERVER_TRAFFIC_SECRET_0 22722e924333705cb108dd227f88a118c13bdc84af51f1ff379aa1903c94ad50 1a3a65ff6cccb631afd13bd80a330dde1c4b9ca001a9f2ed760bb348be2a3d47
SERVER_HANDSHAKE_TRAFFIC_SECRET 8e221782ce78f6e6e648f34fb27f2b0c7e890b7cdd84f7fbb4faabe07df1acab 5259695375b9913b8e92391ade034401ed584469379e9955b829e5902bc3f39c
CLIENT_HANDSHAKE_TRAFFIC_SECRET 8e221782ce78f6e6e648f34fb27f2b0c7e890b7cdd84f7fbb4faabe07df1acab f5e2a404e6b800d6535700f5b89e267bab1916f2113ba7dc9d29034a73359c13
SERVER_TRAFFIC_SECRET_0 8e221782ce78f6e6e648f34fb27f2b0c7e890b7cdd84f7fbb4faabe07df1acab ed9825d1224d9ad5e1f80b2976fe6bf0cab2e92d936bf19dfbaaa382948a5321
SERVER_HANDSHAKE_TRAFFIC_SECRET 344ce8aea592b37cb4bdf1f307e864a7544db819a665e30f9d69ef72add1a532 158bffc0d6274c5293fbda47aff3943be00efbf02cbe19be3d93dfb88867a7e0
CLIENT_HANDSHAKE_TRAFFIC_SECRET 344ce8aea592b37cb4bdf1f307e864a7544db819a665e30f9d69ef72add1a532 03b4e9bdf3c5557028610b55c0e2a76541075cf8ae5a99da14f1e3a143147efb
SERVER_TRAFFIC_SECRET_0 344ce8aea592b37cb4bdf1f307e864a7544db819a665e30f9d69ef72add1a532 fce0031f84bce3864da4b8b048b262f7b85e652f7b9b43935f77cb06c04abb23
CLIENT_TRAFFIC_SECRET_0 344ce8aea592b37cb4bdf1f307e864a7544db819a665e30f9d69ef72add1a532 3550a9a9877e99d440e29cc94b2262985b4c611b68659b66de05dd3afe2c444f
SERVER_HANDSHAKE_TRAFFIC_SECRET 289f8677b02c4a3ed4a162575617290a3cef46198f45ee02b00d659c9f28e9d2 0f01dda96af8d9b8f821dd4a99fe86cfba49dd6ed58033526926527833e5ca46
CLIENT_HANDSHAKE_TRAFFIC_SECRET 289f8677b02c4a3ed4a162575617290a3cef46198f45ee02b00d659c9f28e9d2 c19e0da3786f65cb5d7c1b9b6e1f89678d2e4792e678235a5dad7b54ac66c1e4
SERVER_TRAFFIC_SECRET_0 289f8677b02c4a3ed4a162575617290a3cef46198f45ee02b00d659c9f28e9d2 244701a99d94c0bc094a27b3bc47acd717bb8c92d7f6330d834b9832bd80aa60
SERVER_HANDSHAKE_TRAFFIC_SECRET 4fd1169994b350b1c18e7ce312bd0f7af3430f36c0e9188672cf0ce8aab5b41d 02660a1d87890cff0b24d1717b8e382f37d8bcbe48457dc3cea6bc52a690edc9
CLIENT_HANDSHAKE_TRAFFIC_SECRET 4fd1169994b350b1c18e7ce312bd0f7af3430f36c0e9188672cf0ce8aab5b41d 437e55457aa51e3b7aff1d5cd8fcbbcb095cfb7adb164064328660e8580ab758
SERVER_TRAFFIC_SECRET_0 4fd1169994b350b1c18e7ce312bd0f7af3430f36c0e9188672cf0ce8aab5b41d 69386b99ee7c374e1726fc8ff9d64aa69d500c3a4fb3cd11ca5f92fb91564a34
CLIENT_TRAFFIC_SECRET_0 4fd1169994b350b1c18e7ce312bd0f7af3430f36c0e9188672cf0ce8aab5b41d 648735a290b4fc34423df38f540902098d1a7601b8b6dcd72f76b0eb79f1a542
SERVER_HANDSHAKE_TRAFFIC_SECRET f86eb1cb2351a2880a3deee9eacc7d18096f80c0210b96e7ea514d0079b22e72 b36e5398667c3892fcdc5db2c475f17ff3298271aabf074ab92b12b93a104e27
CLIENT_HANDSHAKE_TRAFFIC_SECRET f86eb1cb2351a2880a3deee9eacc7d18096f80c0210b96e7ea514d0079b22e72 77efb07afdd73b2805652a396e55f6414d3086dad0fd71ffc255b3144a30c73a
SERVER_TRAFFIC_SECRET_0 f86eb1cb2351a2880a3deee9eacc7d18096f80c0210b96e7ea514d0079b22e72 9e5053672ac081839747799aa44639d627a3a3251937c99cd8b2315102868337
SERVER_HANDSHAKE_TRAFFIC_SECRET e1ce24a564f145c3115f0f892910dad8674a7e6d01dbdbc3e109b3407e8c8567 e30bb520528b69ff5f85621a6e41bd60bbbdd05a508a58e00282e9859dd74dcd
CLIENT_HANDSHAKE_TRAFFIC_SECRET e1ce24a564f145c3115f0f892910dad8674a7e6d01dbdbc3e109b3407e8c8567 79f565646a2cdcd09b5b609adc6957a52fb0bee5b90c453674bb0b7cf79d34a8
SERVER_TRAFFIC_SECRET_0 e1ce24a564f145c3115f0f892910dad8674a7e6d01dbdbc3e109b3407e8c8567 e9192922a9cdd3debd29e83fab63dba61326f3548feb6eb11f0ebd83f11e1de2
CLIENT_TRAFFIC_SECRET_0 e1ce24a564f145c3115f0f892910dad8674a7e6d01dbdbc3e109b3407e8c8567 d7897e3ab5c76c2c9c086b3af86370a5b7f9bf459c7a4006bfd0be68a5f45892
SERVER_HANDSHAKE_TRAFFIC_SECRET 82c4c6ad8ae39b962a68845ea84f263df10bc9335dfbe34cc5181072fbf66411 7658f471eca3e667dc8d3146bc0a7e1b77357ffcf84204425190bfa7f580befb
CLIENT_HANDSHAKE_TRAFFIC_SECRET 82c4c6ad8ae39b962a68845ea84f263df10bc9335dfbe34cc5181072fbf66411 9a03a21a1b8e204ee06705641cb8e80a321ea21fb9bd3cad4021a0a284fae945
SERVER_TRAFFIC_SECRET_0 82c4c6ad8ae39b962a68845ea84f263df10bc9335dfbe34cc5181072fbf66411 ac87dc55ee60eabd37b29bda8f3a310b18ae7d0c25adc74322d77ef1144d5dc9
SERVER_HANDSHAKE_TRAFFIC_SECRET a11ab032f48e7b48b6311d1125919126f1d7114a51083215b9b30ded7a4a60d6 000ac062ef3f632728975ee7d8874faf48e35042b92b73fa74d72eed0e006ac7
CLIENT_HANDSHAKE_TRAFFIC_SECRET a11ab032f48e7b48b6311d1125919126f1d7114a51083215b9b30ded7a4a60d6 fdce95779b4b9f00d6ecb0764713189f21b57e9e3c9a5474fb777b6c1c80ce00
SERVER_TRAFFIC_SECRET_0 a11ab032f48e7b48b6311d1125919126f1d7114a51083215b9b30ded7a4a60d6 9b6a7ed20598b729644746f029235b1489536920763b1affb953955197a41ca0
SERVER_HANDSHAKE_TRAFFIC_SECRET 659819c73113b051d78e0cb945edd2a30afbf333027c97ab3bb257f20afa14d2 535c8ced3592c4cb73fae7a67a72c1902bb525d0167199e0b6714d8cc3cd6be3
CLIENT_HANDSHAKE_TRAFFIC_SECRET 659819c73113b051d78e0cb945edd2a30afbf333027c97ab3bb257f20afa14d2 257c81d35cca57e2ea228eda2a980c823aeeef57fd5447dec8c71b3cbff9f011
SERVER_TRAFFIC_SECRET_0 659819c73113b051d78e0cb945edd2a30afbf333027c97ab3bb257f20afa14d2 ee9b33d6f342a12c3765ba042fcb7bfed7cb65c688a22599c0f403674d5f87ab
CLIENT_TRAFFIC_SECRET_0 659819c73113b051d78e0cb945edd2a30afbf333027c97ab3bb257f20afa14d2 043f4064b0673e2126d41bad91e16ec72d62e831c22b62fc192929a103d487c4
SERVER_HANDSHAKE_TRAFFIC_SECRET 44960206439c0cd180cfa1d4a46048c90deab32aa73195ba6ab58834b82fb129 cc72f73d56cc53a260cee846d9a221983379208cc5f97bdc043c0241f44660d1
CLIENT_HANDSHAKE_TRAFFIC_SECRET 44960206439c0cd180cfa1d4a46048c90deab32aa73195ba6ab58834b82fb129 7603793a86b7d33e279d07105f98af71f26467c7b4bcb59e196db9180bbe8a7d
SERVER_TRAFFIC_SECRET_0 44960206439c0cd180cfa1d4a46048c90deab32aa73195ba6ab58834b82fb129 f90ef6d04b10185cfb5fe1f66a66726a30bc36523a4af726279c0170e709d9c9
CLIENT_TRAFFIC_SECRET_0 44960206439c0cd180cfa1d4a46048c90deab32aa73195ba6ab58834b82fb129 952c3464602ce461a937ce8753867487e1cc21b1d1674ee359bba1f7ae9bc25b
SERVER_HANDSHAKE_TRAFFIC_SECRET 03f75efbddb26ed7c94a490a481ce56ab6575139c20d98a3ace33fb9b4dd46f3 1a1a743dbd8d5d5287bd8a337442bd81b8c65204ac242fbc57c2fecb8f3e732f
CLIENT_HANDSHAKE_TRAFFIC_SECRET 03f75efbddb26ed7c94a490a481ce56ab6575139c20d98a3ace33fb9b4dd46f3 e9be98f60b0565fb4c4bd028f124ccbe2ad5267903a3866f7e7a77ca4317012e
SERVER_TRAFFIC_SECRET_0 03f75efbddb26ed7c94a490a481ce56ab6575139c20d98a3ace33fb9b4dd46f3 df8422029d23ac62f4074b9530f2bc9b9d59b71dfd886d1eec55cfaaf08ad59d
CLIENT_TRAFFIC_SECRET_0 03f75efbddb26ed7c94a490a481ce56ab6575139c20d98a3ace33fb9b4dd46f3 f206069748bf6c340ff6f9fe9705e6e1b9f7c931eaa833e87229a3d9b02a7398
SERVER_HANDSHAKE_TRAFFIC_SECRET 8e764908aea75dbdf315314b158c935b3f7ff03bd3d4eac8025bf9f40ca2e524 0717d34232973b4509d88750679874fc037f09fdc7bbca8fc7c735a0ecb652bc
CLIENT_HANDSHAKE_TRAFFIC_SECRET 8e764908aea75dbdf315314b158c935b3f7ff03bd3d4eac8025bf9f40ca2e524 03d945b8c120fee037e8f46e1634d398f1803c6214c4cb8ab434cf796a952118
SERVER_TRAFFIC_SECRET_0 8e764908aea75dbdf315314b158c935b3f7ff03bd3d4eac8025bf9f40ca2e524 806a7051e11cf290d05b3b44ff06311913b0ddcdcbed9e005f04982e0eab9e61
CLIENT_TRAFFIC_SECRET_0 8e764908aea75dbdf315314b158c935b3f7ff03bd3d4eac8025bf9f40ca2e524 5de7d1afc28406364e0c282e440eac596ba6c7dfda435e60d56608881447458b
SERVER_HANDSHAKE_TRAFFIC_SECRET 142f301b8ce69c70f6b147f6ba73b121eb8731e8c9d1d9a123eb86bad5abe3fb 6d9682b699c2577f5d00dab9b36e0b609fa8cdd6bf4b164d2d22e7c39fbb609f
CLIENT_HANDSHAKE_TRAFFIC_SECRET 142f301b8ce69c70f6b147f6ba73b121eb8731e8c9d1d9a123eb86bad5abe3fb 053a5aa27a9ded18dfa13696dad0f4f4d469bf3cf1d7cd13ec73387edfbc2f53
SERVER_TRAFFIC_SECRET_0 142f301b8ce69c70f6b147f6ba73b121eb8731e8c9d1d9a123eb86bad5abe3fb bd12756b2de1366099e0d196dc681e768b31f3925e0a975db1825d4304f3ec04
SERVER_HANDSHAKE_TRAFFIC_SECRET fe3d4fe23b69f5f189ee51dfb56ee27fd49674a5368e4ea1c2859e217f91f19a 8dc5499f9e378cc172b42d0778d30f474ad4ef5e42a33cb90968f01ee5c0376e
CLIENT_HANDSHAKE_TRAFFIC_SECRET fe3d4fe23b69f5f189ee51dfb56ee27fd49674a5368e4ea1c2859e217f91f19a 74c1ffca463ad044a08994ff26407980fe773ca875385faf254d78f266e4e30f
SERVER_TRAFFIC_SECRET_0 fe3d4fe23b69f5f189ee51dfb56ee27fd49674a5368e4ea1c2859e217f91f19a 492893f24f3f9cf26f494ffa2336b47ed0e4ddd7b7a64d57087db8dc817f2307
CLIENT_TRAFFIC_SECRET_0 fe3d4fe23b69f5f189ee51dfb56ee27fd49674a5368e4ea1c2859e217f91f19a 89e5f18f259fe767cb59c29509951f5953c1043f3e462f979b3476abfa170911
SERVER_HANDSHAKE_TRAFFIC_SECRET c2da843e2df54810ccb0361d2c6de3ef67f5a35fcc3582a567009299f8bf9973 811b6fa1c9ec58a840d64dfcb052abf529dde6e0afd142cfcd7b590be415476c
CLIENT_HANDSHAKE_TRAFFIC_SECRET c2da843e2df54810ccb0361d2c6de3ef67f5a35fcc3582a567009299f8bf9973 f375e29e940d473f1ed82575c67a9ec6d648a03c15be5a4de0c1b1253e518fdf
SERVER_TRAFFIC_SECRET_0 c2da843e2df54810ccb0361d2c6de3ef67f5a35fcc3582a567009299f8bf9973 18204078bb7b4398344c0b7f7a46caf7ee23e85455963b3344b48623bca3933b
CLIENT_TRAFFIC_SECRET_0 c2da843e2df54810ccb0361d2c6de3ef67f5a35fcc3582a567009299f8bf9973 61a5d1ff3db6bc08a2e64893eaf23f2a6869ba9ab018fe5c8a295cd729bd6fd9
SERVER_HANDSHAKE_TRAFFIC_SECRET 743f188e077068406c8f433f8a8c2e426de0646bfcf8d0696349ad1f398e5b29 6fa2ea3f7fb57e443f3cd372ebd24fc4e0acd2c09a9191a9566ce20b3fc805f8
CLIENT_HANDSHAKE_TRAFFIC_SECRET 743f188e077068406c8f433f8a8c2e426de0646bfcf8d0696349ad1f398e5b29 b6182dc21fff6bd3e63b5116d39d349b1d1fe59961cf37c3db99c597b8b86474
SERVER_TRAFFIC_SECRET_0 743f188e077068406c8f433f8a8c2e426de0646bfcf8d0696349ad1f398e5b29 4b194695f22285b7d7ebcc86fa241b99d24be9e83819b085c8bbb32a2c1a18f0
CLIENT_TRAFFIC_SECRET_0 743f188e077068406c8f433f8a8c2e426de0646bfcf8d0696349ad1f398e5b29 df1eb24e81f0f174e1a6dbc520986db3954935270359a349938a778e296a5d02
SERVER_HANDSHAKE_TRAFFIC_SECRET 3dad9393396e32bfbd874400d8efc6c3cc16c3c648aae3fd56e4246ed8c70b99 b5a022c19ba7c926b793da9f241f91afc36dbcdddd467314fa47eb4ce56aabb0
CLIENT_HANDSHAKE_TRAFFIC_SECRET 3dad9393396e32bfbd874400d8efc6c3cc16c3c648aae3fd56e4246ed8c70b99 8b229581c1048b7e64d12e25cfe7e8083d952135938b36fcf3fa60482aaf0aae
SERVER_TRAFFIC_SECRET_0 3dad9393396e32bfbd874400d8efc6c3cc16c3c648aae3fd56e4246ed8c70b99 56d1dc5ce708c76de43f433c8043947dd7e847b7434a5b189dd04588544a5462
CLIENT_TRAFFIC_SECRET_0 3dad9393396e32bfbd874400d8efc6c3cc16c3c648aae3fd56e4246ed8c70b99 d57b923d28deebd5c656c11e7f31dbce22f032c47377779289b8fa84c3e4ab5d
SERVER_HANDSHAKE_TRAFFIC_SECRET 1ae8208c2105a798da7d11d382a89ea024c62888b134e5475796e841799bb4ee ffdea3b5388f2373c92d3872f600ad7fcde021fd60c287e06a8da798275adf5e
CLIENT_HANDSHAKE_TRAFFIC_SECRET 1ae8208c2105a798da7d11d382a89ea024c62888b134e5475796e841799bb4ee b1246dd4031d39d866c3ba8b2a77ea45ad125b0cdfbf68104f47402b8bf5b8fc
SERVER_TRAFFIC_SECRET_0 1ae8208c2105a798da7d11d382a89ea024c62888b134e5475796e841799bb4ee 7f18fdc2e1469f5ff6dda98690e9dbd87f3854b3429ab106118b1c898644f3af
CLIENT_TRAFFIC_SECRET_0 1ae8208c2105a798da7d11d382a89ea024c62888b134e5475796e841799bb4ee 06ddb2824e6e8b599117641a6ab043b139a81167d47dd14282e4bda1a4c8084b
SERVER_HANDSHAKE_TRAFFIC_SECRET 52d9b498d5f577f5ac30cfef2f2990a9c966791c16f845087821d8a12a9c301f ed2904fd1545829210c632799161f8fcf45671182e7770b339e8ad9bcde13df2
CLIENT_HANDSHAKE_TRAFFIC_SECRET 52d9b498d5f577f5ac30cfef2f2990a9c966791c16f845087821d8a12a9c301f dee2824473aba0b656557b92b0ca5c0b9522765290b0b7b61bf0fcf1f09580ff
SERVER_TRAFFIC_SECRET_0 52d9b498d5f577f5ac30cfef2f2990a9c966791c16f845087821d8a12a9c301f d4006a026cf14fa7aec7bb97e5636d1dbd2f7ab4bbe8849099d136b406190dde
SERVER_HANDSHAKE_TRAFFIC_SECRET 8f2fb51e2515c80bcb3f72e119363b856641d1d238748bbb4d79cf22b6a1aad9 20075914b5c19f7264013c6e9e0ebb8a2538924f7405966872527323dbeaf504
CLIENT_HANDSHAKE_TRAFFIC_SECRET 8f2fb51e2515c80bcb3f72e119363b856641d1d238748bbb4d79cf22b6a1aad9 cb77154b47ebcec8cc5e9e4eb9899092852ae72c348b35b7cebd64cb81975dc6
SERVER_TRAFFIC_SECRET_0 8f2fb51e2515c80bcb3f72e119363b856641d1d238748bbb4d79cf22b6a1aad9 dfa7f7e6991e4bd71a470af5c2923f3f646c08c11b80d0cc3f36e696c9a5068d
CLIENT_TRAFFIC_SECRET_0 8f2fb51e2515c80bcb3f72e119363b856641d1d238748bbb4d79cf22b6a1aad9 b078b6cf1093d25dac13a22bc4a47931092b789a9f9f77e082eb12d70947fd2a
SERVER_HANDSHAKE_TRAFFIC_SECRET bf72346a6c1a952b39da6f9116e5272671862cef930d446dd1fda73e76dd1590 a6e0744cde3331f9b3f4b174cf18e51bf87e7f1b1796c27f9ed439fadcf37ce2
CLIENT_HANDSHAKE_TRAFFIC_SECRET bf72346a6c1a952b39da6f9116e5272671862cef930d446dd1fda73e76dd1590 1811ff9802646a5a53cb49a843a2e3fdb4922af3e8f083f2ee7420ed1bea5d5b
SERVER_TRAFFIC_SECRET_0 bf72346a6c1a952b39da6f9116e5272671862cef930d446dd1fda73e76dd1590 454261bd687cc82483ff0f157eb3ebbf3476b82104ced16300ee256d65193c74
CLIENT_TRAFFIC_SECRET_0 bf72346a6c1a952b39da6f9116e5272671862cef930d446dd1fda73e76dd1590 7d30461688fa820696aabf885d0feed6f0f1e681aeab95cfe7f92382236cc9a5
SERVER_HANDSHAKE_TRAFFIC_SECRET 5a7aa8404a71ba1497d95b39ece1d08b11aafa16e4d22cfd2098e10efd3fca7a a452d3eea852ca0bcc76925992e93ce267bc3dd66bdaeb0968cbb62d344e3e41
CLIENT_HANDSHAKE_TRAFFIC_SECRET 5a7aa8404a71ba1497d95b39ece1d08b11aafa16e4d22cfd2098e10efd3fca7a 07441a7a5089f723c3d83eef5262c51530b5906e7d164ab56f7986a2ea0b4232
SERVER_TRAFFIC_SECRET_0 5a7aa8404a71ba1497d95b39ece1d08b11aafa16e4d22cfd2098e10efd3fca7a 54f86a312eaff06d49a7a68d86d3faf711313501a59ce248464322fcb025b3b6
SERVER_HANDSHAKE_TRAFFIC_SECRET 26847227b2df2d393524688f87f152914031768a6a36ac05206dd08120e7fd48 09cf1d37bd6503befb1360e5379db05e119c4a026becc9bb1eb490b594f76ed8
CLIENT_HANDSHAKE_TRAFFIC_SECRET 26847227b2df2d393524688f87f152914031768a6a36ac05206dd08120e7fd48 3bcf6a4291849388484e1cccfb7495d93618205fe27a065a6b615f4adcd87d28
SERVER_TRAFFIC_SECRET_0 26847227b2df2d393524688f87f152914031768a6a36ac05206dd08120e7fd48 34ac99721d92dbc0c4e3f674eeb795848d504ba34827215fc33c5516055ae0cb
CLIENT_TRAFFIC_SECRET_0 26847227b2df2d393524688f87f152914031768a6a36ac05206dd08120e7fd48 7a274bad6b8d77c375473a6185fac2eb19e762cf66813cdc0db1915aa217d072
SERVER_HANDSHAKE_TRAFFIC_SECRET 796f99365e253a003e905c9f81dd8772c971ad435f2857e2f2547904d4fb1d7b 980dbd66ab6f8e6f1028c36ef42b35b4abf4857f8cddd9b8d2563b52613b7834
CLIENT_HANDSHAKE_TRAFFIC_SECRET 796f99365e253a003e905c9f81dd8772c971ad435f2857e2f2547904d4fb1d7b 1ce5d9f9f64b4526c988096c3799f3dbdaf8e8f617a5c50d4f5ef25712d5235f
SERVER_TRAFFIC_SECRET_0 796f99365e253a003e905c9f81dd8772c971ad435f2857e2f2547904d4fb1d7b 8c5fcde1d0d1dac7a6eeedbe899089f7eb42fa4e6ef5277d454e28747b4f8aa7
SERVER_HANDSHAKE_TRAFFIC_SECRET 3b09c8600a18ce02362eac13d3ae1433eaab8118b6752ddcea919f4d14fe60df dee64e828f22ee0d711acf5145f969045a064ea65a6ddece6495ce7e5c513ee0
CLIENT_HANDSHAKE_TRAFFIC_SECRET 3b09c8600a18ce02362eac13d3ae1433eaab8118b6752ddcea919f4d14fe60df 563d1b0fb86fafeec8dbc1bc05e0ff4274145f7ceed73a3bc70cb7f110a7f057
SERVER_TRAFFIC_SECRET_0 3b09c8600a18ce02362eac13d3ae1433eaab8118b6752ddcea919f4d14fe60df f4348dc58b772eb9d63f6dfefb4d72b53dd67f3b5eed656637988093338abad8
CLIENT_TRAFFIC_SECRET_0 3b09c8600a18ce02362eac13d3ae1433eaab8118b6752ddcea919f4d14fe60df 2f2b6a13a630000db71ddbd49762b59cf1675baf4483960c41efcd33d4fa654e
SERVER_HANDSHAKE_TRAFFIC_SECRET 6296970778374b5e08f9b5c1d5f33dd2223d9b5479e53dd516ad78a1450356ab 6735d187f3167a8305f5efe14da6d50f0117526a1e5c7b212ac8ebc1715be42f
CLIENT_HANDSHAKE_TRAFFIC_SECRET 6296970778374b5e08f9b5c1d5f33dd2223d9b5479e53dd516ad78a1450356ab 77f6d28416328033c829d226a68bd0a583a536ea604df71e38435683bb42d827
SERVER_TRAFFIC_SECRET_0 6296970778374b5e08f9b5c1d5f33dd2223d9b5479e53dd516ad78a1450356ab f9bbf91c27240bac8f97b93dfbefb0e6b8c3d616dcded80915cc877e8bf7109b
SERVER_HANDSHAKE_TRAFFIC_SECRET d928fea5d57bcc8b847c17c57742d6c6ef9ad79bd2793a425778853ed6ce5667 968f23c72368c61ed557c5dd0f73ae1ac82f9eaede8598e4a3a7a65ad644325a
CLIENT_HANDSHAKE_TRAFFIC_SECRET d928fea5d57bcc8b847c17c57742d6c6ef9ad79bd2793a425778853ed6ce5667 b88e14e844835eae0a61e4898e8107007ffbd11b9589d8adb95fdb62ff9ae37d
SERVER_TRAFFIC_SECRET_0 d928fea5d57bcc8b847c17c57742d6c6ef9ad79bd2793a425778853ed6ce5667 931ae026ee38381c613b357f30d07a0e67fd3b3ee904cbe602ba8a3c0c06a928
CLIENT_TRAFFIC_SECRET_0 d928fea5d57bcc8b847c17c57742d6c6ef9ad79bd2793a425778853ed6ce5667 bfc19511c33d46402b54ce2ed1b645411eada5a074bf22503e22922545be7c3e
SERVER_HANDSHAKE_TRAFFIC_SECRET f505a778d8e576aeec50f6d5f3fb88740dc31f43274694853d4055aec800d0bd f418d4f2ef19817372641168b78836b2bb728e0bf5096fd7d3d443e3e6ab8aea
CLIENT_HANDSHAKE_TRAFFIC_SECRET f505a778d8e576aeec50f6d5f3fb88740dc31f43274694853d4055aec800d0bd b8a3c6ef116fd70cf784729c2e756d604c83db013703026916497ec24531b8a8
SERVER_TRAFFIC_SECRET_0 f505a778d8e576aeec50f6d5f3fb88740dc31f43274694853d4055aec800d0bd b8399777eb52e4c09efcec5634bbff1e426a1d40f49338579264f95f95de3b4d
CLIENT_TRAFFIC_SECRET_0 f505a778d8e576aeec50f6d5f3fb88740dc31f43274694853d4055aec800d0bd 1771ac2da712e5ea5bbee775825f72baa76bf1fcf390528c3d0fc122a713b2dc
SERVER_HANDSHAKE_TRAFFIC_SECRET bebd520efb5e2b2c1fdcdbda99afb3d6d1e2a53e3dfc8e14806c48343040f728 4a417f15dc2fb5915c5e3d96c81a84e5ca0d362b45f3e62cf47a4b0006c4ba7a
CLIENT_HANDSHAKE_TRAFFIC_SECRET bebd520efb5e2b2c1fdcdbda99afb3d6d1e2a53e3dfc8e14806c48343040f728 3084af85fb31329b4e628ef96ac22e71c3b377745d7da1e9f3bc50ad33922894
SERVER_TRAFFIC_SECRET_0 bebd520efb5e2b2c1fdcdbda99afb3d6d1e2a53e3dfc8e14806c48343040f728 4843b7c1b888c974cc32b3a3397a739de1900a048f38944ef04ffac7b9f02e85
CLIENT_TRAFFIC_SECRET_0 bebd520efb5e2b2c1fdcdbda99afb3d6d1e2a53e3dfc8e14806c48343040f728 1b6c58f47d4ec695a6555679093c0b99946c460d3a1213bf479a81a335c66757
SERVER_HANDSHAKE_TRAFFIC_SECRET d4691dfc5093a2ed6e1a857ed241e216a6e44b4fcf62f20e03f4dfd6baca437f 8644e2aa185982c2d7074b4eff34132623747a48a35d42a967fd9828b95d4740
CLIENT_HANDSHAKE_TRAFFIC_SECRET d4691dfc5093a2ed6e1a857ed241e216a6e44b4fcf62f20e03f4dfd6baca437f 9a5955cc7c88a7faa46b8f855777b4a90808664c519ff6c81c024fcbf283882f
SERVER_TRAFFIC_SECRET_0 d4691dfc5093a2ed6e1a857ed241e216a6e44b4fcf62f20e03f4dfd6baca437f 41fa9fe435c19cc21078ed27257cb962b98c231585dad40898f7c3be3a0e8189
SERVER_HANDSHAKE_TRAFFIC_SECRET 99d690858294a92b8380d9758944e96b43fd988f8edf9e97f4e2bacd3e193cff bb743c0b7cd7abafb02db073626a843ca05f441ab374451cd279276ab20d9ac7
CLIENT_HANDSHAKE_TRAFFIC_SECRET 99d690858294a92b8380d9758944e96b43fd988f8edf9e97f4e2bacd3e193cff 3ddb459e03c2b58f644da3bd1492bddfd584d024cee01d9fa9a2b3a1f91178e0
SERVER_TRAFFIC_SECRET_0 99d690858294a92b8380d9758944e96b43fd988f8edf9e97f4e2bacd3e193cff 52d555f8414dfc0ec8018cf50ce236aba912c57212f07d22ac78c61cc2b905c6
SERVER_HANDSHAKE_TRAFFIC_SECRET ab8a58c20df9ca02a232c65629e3b1416fb80e8ef471fcb7120d1623fda7d744 07522273d427a6bbbf80b2fcf5357ac3506cff118c7028582a3645e42fdd38aa
CLIENT_HANDSHAKE_TRAFFIC_SECRET ab8a58c20df9ca02a232c65629e3b1416fb80e8ef471fcb7120d1623fda7d744 e1929a0bcd2dbb2405087a5dbff334d9ed697e9a79a662674a6d18d26425cac1
SERVER_TRAFFIC_SECRET_0 ab8a58c20df9ca02a232c65629e3b1416fb80e8ef471fcb7120d1623fda7d744 96789a87f0e4d53cbfb726c56819a83e4652f863fe304e3c641e643062ba8918
CLIENT_TRAFFIC_SECRET_0 ab8a58c20df9ca02a232c65629e3b1416fb80e8ef471fcb7120d1623fda7d744 4106cf7a26af72d39076239505e0241a72b15a4019a4264f180c8888b6db8326
SERVER_HANDSHAKE_TRAFFIC_SECRET ff93511b6fa3eaafce1d91674ad82fe473531a6aa1b768a8b86ef440eea1439c fb08a7f59f1bfb964d46300a191fb543c3af9bc9da281d99bb8ae1bbba439a08
CLIENT_HANDSHAKE_TRAFFIC_SECRET ff93511b6fa3eaafce1d91674ad82fe473531a6aa1b768a8b86ef440eea1439c c00479d890e03e6bede0dcdeebd74d19e1ac1e666d1abdb0f953cfe675315393
SERVER_TRAFFIC_SECRET_0 ff93511b6fa3eaafce1d91674ad82fe473531a6aa1b768a8b86ef440eea1439c ea98d0dcc242311b63cd526563bfeb5c007061a70434133c0b1001cdbe3ab560
CLIENT_TRAFFIC_SECRET_0 ff93511b6fa3eaafce1d91674ad82fe473531a6aa1b768a8b86ef440eea1439c aff5b2154801537c26a6a5c4181f9c8b7274c5bc6581cc53b04479f845585e8b
SERVER_HANDSHAKE_TRAFFIC_SECRET dff105044d569f1f96ce77f15b913981e4ca4d548ed036129abb61d8c76a7359 0507604d556bc5eafb2cafb445b9b7a81f8f93d4a0a5ab6c83e208a68e92ff89
CLIENT_HANDSHAKE_TRAFFIC_SECRET dff105044d569f1f96ce77f15b913981e4ca4d548ed036129abb61d8c76a7359 67454415f1a75cbefcc668b71d6692d5e6ac12f2dafe83b5c077599eb405ff2e
SERVER_TRAFFIC_SECRET_0 dff105044d569f1f96ce77f15b913981e4ca4d548ed036129abb61d8c76a7359 0feb2aa0c33d7c8244a8dffade04fef1a84e9648c39ea7b104916b290b8c2908
SERVER_HANDSHAKE_TRAFFIC_SECRET 6adedd709545a28e1e2c7dd672acc6abbe1e088bcb7ff1be28c0cd9f63b20cc5 d69a284a29b3f1242c9486627702d0c203079004aa2127d80b483fe9c0bc0cbe
CLIENT_HANDSHAKE_TRAFFIC_SECRET 6adedd709545a28e1e2c7dd672acc6abbe1e088bcb7ff1be28c0cd9f63b20cc5 2f098c82a5e88674813309af40827bc938aae687ff99684919e31b1dbf04d063
SERVER_TRAFFIC_SECRET_0 6adedd709545a28e1e2c7dd672acc6abbe1e088bcb7ff1be28c0cd9f63b20cc5 430adfb7edede05ffcb168900412b8fa2365405744315ac59d8cb174cf08fe71
SERVER_HANDSHAKE_TRAFFIC_SECRET 75f4463371c0592ec7de666b4eed759149194c0bc622ac00223d5c1cdb37dce4 8178d9bd4d34e49c3177fc0fe0349c044762a2fb94543266400fc52f6e606245
CLIENT_HANDSHAKE_TRAFFIC_SECRET 75f4463371c0592ec7de666b4eed759149194c0bc622ac00223d5c1cdb37dce4 58f0d52eec8b47d91acef17944fe684ed62f68b49e067830bb8ca8983d3a4fef
SERVER_TRAFFIC_SECRET_0 75f4463371c0592ec7de666b4eed759149194c0bc622ac00223d5c1cdb37dce4 1e2683926e04f48f34672b7f49ced01fd6438e0758440efe77052469f6bf94dc
CLIENT_TRAFFIC_SECRET_0 75f4463371c0592ec7de666b4eed759149194c0bc622ac00223d5c1cdb37dce4 83ec7cc62ea998e0d2a0552bd8182c23508b8d0365da707660514bde758ac1fc
SERVER_HANDSHAKE_TRAFFIC_SECRET da4b6a2fc81a18b3efa9d528c0a64585b1f2956aa34304873f83ee0e3aab8cbe 3aaa0e4c6a3c3436a4048cc53ace5abec7c6389fef209a87315e67551b78a48f
CLIENT_HANDSHAKE_TRAFFIC_SECRET da4b6a2fc81a18b3efa9d528c0a64585b1f2956aa34304873f83ee0e3aab8cbe dcf4143c8b4c41a496b67e0a4df92832f9593f843917b9e83e5da666a90d729b
SERVER_TRAFFIC_SECRET_0 da4b6a2fc81a18b3efa9d528c0a64585b1f2956aa34304873f83ee0e3aab8cbe 12cc10a6121f11ca04c0fb350acda67f2590dd589b3e155f288778d64278a316
CLIENT_TRAFFIC_SECRET_0 da4b6a2fc81a18b3efa9d528c0a64585b1f2956aa34304873f83ee0e3aab8cbe 77bf2ab6f712d20485bbeb8f1b9d6dc9a5d4fbaa1048814ab57edddafa09ed14
SERVER_HANDSHAKE_TRAFFIC_SECRET 21cfc1a1da4f3457b80097a16f6ef5d4430c68d53574cfcf3f99793d502f5c98 1ce3638b1b9e33ed4d347e2d99c2a269427e113543ffd64f3414c72323245530
CLIENT_HANDSHAKE_TRAFFIC_SECRET 21cfc1a1da4f3457b80097a16f6ef5d4430c68d53574cfcf3f99793d502f5c98 fa90a1ce6764e1938b7a8f5fd5d46e445e84454ae3ec421f369912f3588b6b64
SERVER_TRAFFIC_SECRET_0 21cfc1a1da4f3457b80097a16f6ef5d4430c68d53574cfcf3f99793d502f5c98 9b316cab0b67a0d0ae3f4b360963d1fe29a9f85204ea60d026378bbed3fa589a
CLIENT_TRAFFIC_SECRET_0 21cfc1a1da4f3457b80097a16f6ef5d4430c68d53574cfcf3f99793d502f5c98 414c21bb995debbb089cb18bf17b7bb5b504c6d0ec60816e65ba3e428e7ddfbd
SERVER_HANDSHAKE_TRAFFIC_SECRET e055d461e4e5305c0352741fa1488bde053f44c0a5fc24c8baa434dac60da362 4fdab7844ab7dc40c623b855cedfbd4afa4ea16c393170be2ec1a31861bcf532
CLIENT_HANDSHAKE_TRAFFIC_SECRET e055d461e4e5305c0352741fa1488bde053f44c0a5fc24c8baa434dac60da362 998897161371ece98bd65e9ce6c58a4470e3a5270d67be2a7923f1a1e0c79ed8
SERVER_TRAFFIC_SECRET_0 e055d461e4e5305c0352741fa1488bde053f44c0a5fc24c8baa434dac60da362 f926d070487b91df23fe1a15ade886f4d51351abc19baa71876b9ac5a0e23b11
CLIENT_TRAFFIC_SECRET_0 e055d461e4e5305c0352741fa1488bde053f44c0a5fc24c8baa434dac60da362 40ccbeb57b3413fed2af1860670739148236c913034e84f533d223cc7a813e87
SERVER_HANDSHAKE_TRAFFIC_SECRET a7aa16ab472ca6984a562ccdb08f7e5233f0ddf719634602d054b43150589da2 75be9b3161fa02316fc7e3206fb3597f53ad94d818785a63bfe1bd30348018d4
CLIENT_HANDSHAKE_TRAFFIC_SECRET a7aa16ab472ca6984a562ccdb08f7e5233f0ddf719634602d054b43150589da2 b8252e100c4c8b3c4d7aaab4f6fb11b51f5f1d28c79c1dd642845678d8252ad1
SERVER_TRAFFIC_SECRET_0 a7aa16ab472ca6984a562ccdb08f7e5233f0ddf719634602d054b43150589da2 3d4a47c6c644d66fef544d56ef908ab0b6f55755e19e4b59abd8dd572688b961
SERVER_HANDSHAKE_TRAFFIC_SECRET e1e1fb9e64b7c9def6b3e4a57d5c5c5bd287b20677dd9d06cf4f0eb4cf6fc44e 3a86a7073dc5448fb19dfea77f8a6796d959e0210f28bd8b4350aab67396967b
CLIENT_HANDSHAKE_TRAFFIC_SECRET e1e1fb9e64b7c9def6b3e4a57d5c5c5bd287b20677dd9d06cf4f0eb4cf6fc44e b7a0a86f4d1ad00cfd4c048837fd5c51661777f8158493d556d27ccffdd7082f
SERVER_TRAFFIC_SECRET_0 e1e1fb9e64b7c9def6b3e4a57d5c5c5bd287b20677dd9d06cf4f0eb4cf6fc44e 91ad4723b8fa94baead880f500fecf10ac278ed44877e5199fbb4d702d91dc23
CLIENT_TRAFFIC_SECRET_0 e1e1fb9e64b7c9def6b3e4a57d5c5c5bd287b20677dd9d06cf4f0eb4cf6fc44e f8afc256f65aad0ac695fd215a1e0fa8a963d87f9e72a5b1542bf5ae08506c83
SERVER_HANDSHAKE_TRAFFIC_SECRET 7b7addcbdc621cea653f7f2ceabfa52c256af1fd1b32dea39e5ae48fbfdd26d2 a0fbbb03a3c9ee99fe4241ca8b5749c09960301b4a76052d96fa07a0782e797b
CLIENT_HANDSHAKE_TRAFFIC_SECRET 7b7addcbdc621cea653f7f2ceabfa52c256af1fd1b32dea39e5ae48fbfdd26d2 9258cb0f00cbc6d349bb022e034ebab8e1f505d2d71c340c7f93aa8af5015948
SERVER_TRAFFIC_SECRET_0 7b7addcbdc621cea653f7f2ceabfa52c256af1fd1b32dea39e5ae48fbfdd26d2 e13ee9bcc5d6306cdebe84664a2a07e6b810ffd4e420e132132f1a1c5d7c5622
SERVER_HANDSHAKE_TRAFFIC_SECRET 1a6dd0cec2b23a00c13e131a490544f7583d9de4b2e0abff27f5dc976811991c fe21c0d2affa80b1dfceaf820fe03d32e217c6c82a1d99d7857b71868bb768ef
CLIENT_HANDSHAKE_TRAFFIC_SECRET 1a6dd0cec2b23a00c13e131a490544f7583d9de4b2e0abff27f5dc976811991c e5af437ae15e355cb83f947774249dc2f8ea30802e0ab4bc102c4e45f076bfa8
SERVER_TRAFFIC_SECRET_0 1a6dd0cec2b23a00c13e131a490544f7583d9de4b2e0abff27f5dc976811991c b712314efe5a8564929281debb04618b427a78ca0c08c7fb16a3a944ad3a43ec
CLIENT_TRAFFIC_SECRET_0 1a6dd0cec2b23a00c13e131a490544f7583d9de4b2e0abff27f5dc976811991c 82c61743fccee4433d3abded92db9c22a35bb76d3b9301708449561d923b7a97
SERVER_HANDSHAKE_TRAFFIC_SECRET d4a5a9f6e4fe74c8e58c0ee5677268a7e6d4eb009a993039fcaaa8c27cf64607 52a74fe155028bd9a4d9d1ba64ed3653fbe6afc7241e97d3fdf994370c22779d
CLIENT_HANDSHAKE_TRAFFIC_SECRET d4a5a9f6e4fe74c8e58c0ee5677268a7e6d4eb009a993039fcaaa8c27cf64607 3ee0b9d061af4c28f6e0a045926b2242e36a46a3ea28a0b02ee47f8feca49f3f
SERVER_TRAFFIC_SECRET_0 d4a5a9f6e4fe74c8e58c0ee5677268a7e6d4eb009a993039fcaaa8c27cf64607 4293d1066c80b3cb4393a454412fc638b619b320c75653f6a816a5f89429920b
CLIENT_TRAFFIC_SECRET_0 d4a5a9f6e4fe74c8e58c0ee5677268a7e6d4eb009a993039fcaaa8c27cf64607 cf4ccb59df6dc51eae7b9b7a7a5c57e530ac4c123defd90070a1db2dd0695c11
SERVER_HANDSHAKE_TRAFFIC_SECRET 107a6fc41a5060feca390fcf8b620a60319ae9cbd0e2933968be7b1f41caf73b 317e1b72038231cfd868b16e80763fbe7097314f5c78459fdfd5a9e97ca5b5a8
CLIENT_HANDSHAKE_TRAFFIC_SECRET 107a6fc41a5060feca390fcf8b620a60319ae9cbd0e2933968be7b1f41caf73b 3bb1f3e4ce5b15e88db1f9f3061d484045c8f3ddd697b4d0314eb2481855f88e
SERVER_TRAFFIC_SECRET_0 107a6fc41a5060feca390fcf8b620a60319ae9cbd0e2933968be7b1f41caf73b 15d069c14e969b71412c5c75ded95b4137cd882fb502d54cde254f0785b36c03
CLIENT_TRAFFIC_SECRET_0 107a6fc41a5060feca390fcf8b620a60319ae9cbd0e2933968be7b1f41caf73b a8d0d44f71aedaf88b2b272b8c5c1a94c33d82c71a6e713d566f16cd5c86b903
SERVER_HANDSHAKE_TRAFFIC_SECRET 1f2429f8ca8b73e76a139bfe3dd482ce111b81cd02175719c4ac856e506fc5ec 465417094883d1ebf7729af4df5d151039670939935f12e383077ca905745b13
CLIENT_HANDSHAKE_TRAFFIC_SECRET 1f2429f8ca8b73e76a139bfe3dd482ce111b81cd02175719c4ac856e506fc5ec fd9985feb977c51fb12e241d127c3deb91ce7b56fc070cfcd9a634fa54f2f324
SERVER_TRAFFIC_SECRET_0 1f2429f8ca8b73e76a139bfe3dd482ce111b81cd02175719c4ac856e506fc5ec f85d81fb1901217013af47d06f29611c1f006d59bf650e69eee152bb9df57474
CLIENT_TRAFFIC_SECRET_0 1f2429f8ca8b73e76a139bfe3dd482ce111b81cd02175719c4ac856e506fc5ec 1c1987536f597c09f7b828146bac2919ab9f34b5a455d0f9989a4cc6dc2ce9fa
SERVER_HANDSHAKE_TRAFFIC_SECRET 9c21dda8e7d3befcc602d172fb9cbede0a5f5fbc39c55522707639c03b512d63 8c597eaa7758e375a6e338073eb6887778ff07dc3e87b97251f9d8933ecc4977
CLIENT_HANDSHAKE_TRAFFIC_SECRET 9c21dda8e7d3befcc602d172fb9cbede0a5f5fbc39c55522707639c03b512d63 9c6f5fec0bb9ddd364b8a57a33aae7a5207a5fc98b6368c583f652df7a528aa3
SERVER_TRAFFIC_SECRET_0 9c21dda8e7d3befcc602d172fb9cbede0a5f5fbc39c55522707639c03b512d63 18b31cff7168fb357b749b4477f218028f8886613957960e3f980acfdf03e807
SERVER_HANDSHAKE_TRAFFIC_SECRET 9efe8cffda19d853fd2f5f2140497c18fb5bf6bf11a1c11df4e79ee54b4e9ace c3d1fcf9fbb217f673ba3b8f52834787362f5e1bdbbcde7827df2feb9deda72f
CLIENT_HANDSHAKE_TRAFFIC_SECRET 9efe8cffda19d853fd2f5f2140497c18fb5bf6bf11a1c11df4e79ee54b4e9ace 67bac21247f96b8766c829cff38b13401c9c300901bb6def4e8ed726e10118f6
SERVER_TRAFFIC_SECRET_0 9efe8cffda19d853fd2f5f2140497c18fb5bf6bf11a1c11df4e79ee54b4e9ace 182bf315caa4fd5e3e1dc9025006015832ddd57759dacf3ed777c6f8c01ec48c
CLIENT_TRAFFIC_SECRET_0 9efe8cffda19d853fd2f5f2140497c18fb5bf6bf11a1c11df4e79ee54b4e9ace 341553d808cb2f988604fef55c7bd13db66857112314dc2566b3560428b350fb
SERVER_HANDSHAKE_TRAFFIC_SECRET 473839c13f50e1985f5f0c01c9875c3ed0368062e173c609bf58a46e7390b8c2 099c789442930a9134b08182afdfbac9493cd0028d5a48aec21d4c9eeb0dc05a
CLIENT_HANDSHAKE_TRAFFIC_SECRET 473839c13f50e1985f5f0c01c9875c3ed0368062e173c609bf58a46e7390b8c2 b540d67c42880b7d78ea994d7f228bc65377f5b5fa15947dbbb421ae81726063
SERVER_TRAFFIC_SECRET_0 473839c13f50e1985f5f0c01c9875c3ed0368062e173c609bf58a46e7390b8c2 3ab526fe39c06aa972e7eb6532a05cc680ae98ced76664d67254e7f7c64b2ae1
CLIENT_TRAFFIC_SECRET_0 473839c13f50e1985f5f0c01c9875c3ed0368062e173c609bf58a46e7390b8c2 50762a9daa1c1a5222f5ebc43b2da651e787ead25943ec80643258c527eef4de
SERVER_HANDSHAKE_TRAFFIC_SECRET 368e1d58e1c985c2c2084deb1ec2303a2a36dee38a4422d433a3fef73cff9782 15ea3ac17bf0abc30bc997a11060bcdf9992ac62eb09782694b314ac9c6e2451
CLIENT_HANDSHAKE_TRAFFIC_SECRET 368e1d58e1c985c2c2084deb1ec2303a2a36dee38a4422d433a3fef73cff9782 523ee6f871eb8fdbd595d8079d8e0657d8865dc689c03bef77ef0a320edc3637
SERVER_TRAFFIC_SECRET_0 368e1d58e1c985c2c2084deb1ec2303a2a36dee38a4422d433a3fef73cff9782 e7f259212d1df818be667b6528dfc2ea10d8f740161490406c52f69d4d2517f0
CLIENT_TRAFFIC_SECRET_0 368e1d58e1c985c2c2084deb1ec2303a2a36dee38a4422d433a3fef73cff9782 03b8d950b83088980c68786f4bf2a0429faed0262a6494aa8d64a9ec30c1b86e
SERVER_HANDSHAKE_TRAFFIC_SECRET 9cf1613b057807d893030d5a1d466fb57769be165131e7b2caf1c038a9206854 6920826d07169fff212e300f990879662408b1da7a0cbf1315e39c3bbe935ccc
CLIENT_HANDSHAKE_TRAFFIC_SECRET 9cf1613b057807d893030d5a1d466fb57769be165131e7b2caf1c038a9206854 4e6567c3683da8efce93873bdbd02566ea921ef63cc2d63a96478590953d1f91
SERVER_TRAFFIC_SECRET_0 9cf1613b057807d893030d5a1d466fb57769be165131e7b2caf1c038a9206854 7db292a3c1c8505acb7279bdc0e780e5f17d416ae656fe262afca5f4676d7429
SERVER_HANDSHAKE_TRAFFIC_SECRET 9eea3bff95cf92e4a0053649f5d39e87637f5deaaa1a900ce0887db33ccae54d f98aa5c6022577c32e9f92a2cedd4bf1d15911b372f32b0fee023fa9faf71375
CLIENT_HANDSHAKE_TRAFFIC_SECRET 9eea3bff95cf92e4a0053649f5d39e87637f5deaaa1a900ce0887db33ccae54d 25bd6c80254c06ba19e39729d3ad7ed99537a78db51394c66c17858be814a6a0
SERVER_TRAFFIC_SECRET_0 9eea3bff95cf92e4a0053649f5d39e87637f5deaaa1a900ce0887db33ccae54d 3cf6b2730faddf1fc9bd0d2d1767bb3c754e94fe1b9388bf652725eb10046cbf
SERVER_HANDSHAKE_TRAFFIC_SECRET 646e9c592764003984e563c039bafa0ae86a8d026d55926739addeab1963fb98 fe2213dd0ef15d1c572044b49c1826a50f16af3d79ad234b4dea32d7949aba8a
CLIENT_HANDSHAKE_TRAFFIC_SECRET 646e9c592764003984e563c039bafa0ae86a8d026d55926739addeab1963fb98 7a04dae24a72cb7a9a8608a7de69d2a83691cfabf7906b6bba2f2ea4d412f4f9
SERVER_TRAFFIC_SECRET_0 646e9c592764003984e563c039bafa0ae86a8d026d55926739addeab1963fb98 6b6bb21cf29882e783df2fb6d1aa29395c033e916e1bef7ff908437ccf98fb6d
CLIENT_TRAFFIC_SECRET_0 646e9c592764003984e563c039bafa0ae86a8d026d55926739addeab1963fb98 95ced7d3f6ad5ba851a6f83fb88fcef0a509e022f31871f582153b69b3cf2aef
SERVER_HANDSHAKE_TRAFFIC_SECRET c97f5577d2b19c42d17f17c9e32b6913156b70b66c2040bafa0355e4140f3eb4 06e130dddb401dfe7bf93f6034f53cb77ef88d58eb402a6019ac9fa41055d596
CLIENT_HANDSHAKE_TRAFFIC_SECRET c97f5577d2b19c42d17f17c9e32b6913156b70b66c2040bafa0355e4140f3eb4 fa96e071c37baffd3a79ee1b49fe8593bd5d4bbd01d2eb7de35c30e4b68c5344
SERVER_TRAFFIC_SECRET_0 c97f5577d2b19c42d17f17c9e32b6913156b70b66c2040bafa0355e4140f3eb4 bff793e2e42d5ed1adf56bfedef5be1f85242f0c9a848ff989a0cc7efe867583
SERVER_HANDSHAKE_TRAFFIC_SECRET 0901c9bea39d891333bdab6b430d9d6a6a9c458369362772f3dfba93155d9dca ebb55be78fe996eba2b5f7e7f78df0adfd0f860a742d18e2d047f7e0cfd070e7
CLIENT_HANDSHAKE_TRAFFIC_SECRET 0901c9bea39d891333bdab6b430d9d6a6a9c458369362772f3dfba93155d9dca 965d1a9c10f1c58de368163a825f31b0bf03ad6bbf1d61bc0915aec88239b5db
SERVER_TRAFFIC_SECRET_0 0901c9bea39d891333bdab6b430d9d6a6a9c458369362772f3dfba93155d9dca c0f759101b500b5a941b36a17b2b872d02f892bfeb1a93ddc06dc8669404203f
CLIENT_TRAFFIC_SECRET_0 0901c9bea39d891333bdab6b430d9d6a6a9c458369362772f3dfba93155d9dca 22930f067a875ebbb08e51dd42429d19124055a5478e9ac7a270901c4b03988c
SERVER_HANDSHAKE_TRAFFIC_SECRET 7baf9e1cce1b111d35952706facc9c9fa86f6c66b3819c9b04eb8d24c4798bbe 782dd8d23a3f5857cdb2d488fda662ab1b7c7fb0ceb50fdfe1ef6064dbae866a
CLIENT_HANDSHAKE_TRAFFIC_SECRET 7baf9e1cce1b111d35952706facc9c9fa86f6c66b3819c9b04eb8d24c4798bbe efed5b827e46e98ec90f251b4962a93afa0e36cd321505ba9aaef6fb67cc17ac
SERVER_TRAFFIC_SECRET_0 7baf9e1cce1b111d35952706facc9c9fa86f6c66b3819c9b04eb8d24c4798bbe a960b28ef04b72abdddb47502e00bcfb4335a3be7a38b58fb13dd9702d5b7ae4
CLIENT_TRAFFIC_SECRET_0 7baf9e1cce1b111d35952706facc9c9fa86f6c66b3819c9b04eb8d24c4798bbe 00d8f9ac0e077b42877265f5472b7f45e34bc70a73a399785413e960399ce3bc
SERVER_HANDSHAKE_TRAFFIC_SECRET 5a4e7216ccd7da18c5475bd75be5a8cd6ee44ddfa69337b16310e4cfdda39323 615006995b38cb23d50a08f0dcf443f002bab3a69fcefda974b2b44b60186ebf
CLIENT_HANDSHAKE_TRAFFIC_SECRET 5a4e7216ccd7da18c5475bd75be5a8cd6ee44ddfa69337b16310e4cfdda39323 8f3a004088679d220f7f898c568bc51697badfc6482f51e7e837feae8985d12d
SERVER_TRAFFIC_SECRET_0 5a4e7216ccd7da18c5475bd75be5a8cd6ee44ddfa69337b16310e4cfdda39323 480087e0451ed89105588bb158085872cbc02f489c423e16a479032cb1f1de18
CLIENT_TRAFFIC_SECRET_0 5a4e7216ccd7da18c5475bd75be5a8cd6ee44ddfa69337b16310e4cfdda39323 9e82a45227e43199b11b518a58de333c200a2cf9c4a48296a67e7258f42ab25b
SERVER_HANDSHAKE_TRAFFIC_SECRET 0875dfeeaad6f869c34a2e944610bb49146f6e9f9a992564a0aaeddcf72b0b15 696379cfe918150433edd9d31b00e5054410585151e2cae02801fb5c09263d44
CLIENT_HANDSHAKE_TRAFFIC_SECRET 0875dfeeaad6f869c34a2e944610bb49146f6e9f9a992564a0aaeddcf72b0b15 10863e495ea86feed35017b2da6a7714e31242fe67da3edd357ca7dae71734d0
SERVER_TRAFFIC_SECRET_0 0875dfeeaad6f869c34a2e944610bb49146f6e9f9a992564a0aaeddcf72b0b15 0271ac998729c5e75f4edd38c09df10c0638ca7a924d32581d83c7cf8c4db730
CLIENT_TRAFFIC_SECRET_0 0875dfeeaad6f869c34a2e944610bb49146f6e9f9a992564a0aaeddcf72b0b15 91bfcbc3c70636c2bdc4c1802483ccc453fc28ff681adf91e550fc7a76fb9baa
SERVER_HANDSHAKE_TRAFFIC_SECRET c813e69bdbdb05dc0bd4deea10afdc3a7c154271c106a703e8e3558408687551 8a85f0fd0a399a379db17ea71a2e2df096ff21526af5a92d241230e45582faa7
CLIENT_HANDSHAKE_TRAFFIC_SECRET c813e69bdbdb05dc0bd4deea10afdc3a7c154271c106a703e8e3558408687551 b4f7bb93449c0d19724a6eff2ea400f139062b4f3351148f1ac362fa0b05d280
SERVER_TRAFFIC_SECRET_0 c813e69bdbdb05dc0bd4deea10afdc3a7c154271c106a703e8e3558408687551 3588ad056030f09e14d2b57ed8c857477785fd0bfe922ce5a8c433f056d2d180
CLIENT_TRAFFIC_SECRET_0 c813e69bdbdb05dc0bd4deea10afdc3a7c154271c106a703e8e3558408687551 2402ab069eb80dae06d37b46ef7852cbbf4798b7ec7445a6cd920709885d1517
SERVER_HANDSHAKE_TRAFFIC_SECRET e5a73110221237874656cdaee6625e3f9d07b8ec90cca5f2eed85e2def01dc02 e272180dc69cc3493a5673654371281df8a5e4ecac2502d6a9969dfce7d6a99d
CLIENT_HANDSHAKE_TRAFFIC_SECRET e5a73110221237874656cdaee6625e3f9d07b8ec90cca5f2eed85e2def01dc02 57bc4d203ae6518114ae2d8117259654b0ff697b1f9a816bee5246fa3e30fbb8
SERVER_TRAFFIC_SECRET_0 e5a73110221237874656cdaee6625e3f9d07b8ec90cca5f2eed85e2def01dc02 373ee7ad688bf8c5151c1b9190e57f19458752617da05ba219937bab964925c8
CLIENT_TRAFFIC_SECRET_0 e5a73110221237874656cdaee6625e3f9d07b8ec90cca5f2eed85e2def01dc02 d48a13be10c672d854505589ba264959c1f4c62419d236495a50f3ca4d59d45a
SERVER_HANDSHAKE_TRAFFIC_SECRET 3b4b6102dff29503a7df61f23acb0aa7afdda4bf7ce8bbc02164e925f68eb27c 821f9dfffa4d5aa7fc62b964eda15c5d8a91acb28e8462a1bf6ecdb6bd585f30
CLIENT_HANDSHAKE_TRAFFIC_SECRET 3b4b6102dff29503a7df61f23acb0aa7afdda4bf7ce8bbc02164e925f68eb27c a1befbb0e7b8aa48f505a74a5711043f6b073b3ff2d57deebba6acac2849ee5c
SERVER_TRAFFIC_SECRET_0 3b4b6102dff29503a7df61f23acb0aa7afdda4bf7ce8bbc02164e925f68eb27c 73eacd76566353932422d21b0e12295d547de535e536bff6c81c9953a35346ea
SERVER_HANDSHAKE_TRAFFIC_SECRET 354add89cb84f396bd42de7fcb4a796960a83a573743dd2a60a1f516164d2f64 3f44dcfda62dc4ff0bcc4006d97e8f9067068750d38913af204d0f3ed72b045c
CLIENT_HANDSHAKE_TRAFFIC_SECRET 354add89cb84f396bd42de7fcb4a796960a83a573743dd2a60a1f516164d2f64 baf7e9d81b1a08931502fede21b8b9785dd9339f9bf7dfb41b8798baec27b7bb
SERVER_TRAFFIC_SECRET_0 354add89cb84f396bd42de7fcb4a796960a83a573743dd2a60a1f516164d2f64 9927e13dd385b06ed4893b9266a632ea2f0091729c9f532aa3355b8ac6f4a6ac
SERVER_HANDSHAKE_TRAFFIC_SECRET 0c43c926274e4bdc1d0d0c85b7d43e533b7bdfc3c6e04eae3c4b89d332cbd156 ec5760a9a1c8503a0d9b8da85dfa6ee3452612547a8a2308bd17a0ebf993540a
CLIENT_HANDSHAKE_TRAFFIC_SECRET 0c43c926274e4bdc1d0d0c85b7d43e533b7bdfc3c6e04eae3c4b89d332cbd156 a9a8b65e31203421c88e0cde063f98712bf8aa7886a0a867f243c2cdd8e55a4b
SERVER_TRAFFIC_SECRET_0 0c43c926274e4bdc1d0d0c85b7d43e533b7bdfc3c6e04eae3c4b89d332cbd156 b936f77ef91de228585e18526593cd446162248d09acdc1a3090fbd504b72fb3
CLIENT_TRAFFIC_SECRET_0 0c43c926274e4bdc1d0d0c85b7d43e533b7bdfc3c6e04eae3c4b89d332cbd156 8bbc269336e5aeae0a2e2018cdfce48f08dad9e2e9571e580521cefb91f04744
SERVER_HANDSHAKE_TRAFFIC_SECRET 71abdc1142b778ab03a28893a47e171f5e6f017a8d34039a2b46089455be5470 37229c50acce43f667479e45257009becfd6460fde6c17d576ba96a8ac66ab4b
CLIENT_HANDSHAKE_TRAFFIC_SECRET 71abdc1142b778ab03a28893a47e171f5e6f017a8d34039a2b46089455be5470 9fbf15f58369bc3df52027007ae44c9b0a4b119340a8227ee29ff0f8ce269e77
SERVER_TRAFFIC_SECRET_0 71abdc1142b778ab03a28893a47e171f5e6f017a8d34039a2b46089455be5470 c49bf8deecfb4bf3de582cbbc09b0ff1bef05bbb011a1349320018976f30efd2
CLIENT_TRAFFIC_SECRET_0 71abdc1142b778ab03a28893a47e171f5e6f017a8d34039a2b46089455be5470 96b85cd12dab90212eac300c545b5be9f4972feee7b3e9ebfb698f3193f4256e
SERVER_HANDSHAKE_TRAFFIC_SECRET b7ebd8bf162c4ea5d2a0fdccfacccc668484ce5fc745de3871920b4de2436604 bb14d3c913c98d2eb82669088b9a6aa7913f17d21778a3f57d3f84db7508febb
CLIENT_HANDSHAKE_TRAFFIC_SECRET b7ebd8bf162c4ea5d2a0fdccfacccc668484ce5fc745de3871920b4de2436604 961715cee5223d28800b0611b44914bf1afab888251dfb3b62b8fcf13d111736
SERVER_TRAFFIC_SECRET_0 b7ebd8bf162c4ea5d2a0fdccfacccc668484ce5fc745de3871920b4de2436604 d9de15831aba9398501d23f59f21c3b558151b4c0301b681a3491bc24fa1810a
SERVER_HANDSHAKE_TRAFFIC_SECRET 18f787d44673e1e7da63b4b3a8b5612c7fffa32c6e76218d2bf98b50edb55ce5 447a16ddf3d7c6146babcb7d4b110ab97987019bac1d9a2184f2b1cc42867419
CLIENT_HANDSHAKE_TRAFFIC_SECRET 18f787d44673e1e7da63b4b3a8b5612c7fffa32c6e76218d2bf98b50edb55ce5 42edc2b05ee2de7cbaf8378a92c04b35ecd411888c2d89026364d1476c783178
SERVER_TRAFFIC_SECRET_0 18f787d44673e1e7da63b4b3a8b5612c7fffa32c6e76218d2bf98b50edb55ce5 f065c862a86e71f1ba24af1af10611e557ad815eb7a21b174f7483d50be53c03
CLIENT_TRAFFIC_SECRET_0 18f787d44673e1e7da63b4b3a8b5612c7fffa32c6e76218d2bf98b50edb55ce5 4bcaa5611535baca06c52d6a61f5cd0c3fa88ba54ad1289bae4c90b51dfb1d0e
SERVER_HANDSHAKE_TRAFFIC_SECRET 8372a4531e0202bcf5831f7f6fb48cf760350955b20bf4b6556c35cc78adf60f 11add0999a1e08fe51d99050a4c5abf67e37c5970e6652c40325c039fdd6fdeb
CLIENT_HANDSHAKE_TRAFFIC_SECRET 8372a4531e0202bcf5831f7f6fb48cf760350955b20bf4b6556c35cc78adf60f bdc4310eb40dafaeb5e9b82b8a135589cc9f53c22eb1a2b356c51070e85a2765
SERVER_TRAFFIC_SECRET_0 8372a4531e0202bcf5831f7f6fb48cf760350955b20bf4b6556c35cc78adf60f 0fac21cc25015e667b202ce16cd84ad2f801c34ed86424fe7b9f51f56609be2f
CLIENT_TRAFFIC_SECRET_0 8372a4531e0202bcf5831f7f6fb48cf760350955b20bf4b6556c35cc78adf60f 4f2baffa59e74a8ae57d82bf831ff9790b76ad8135a47bf95717de44deb24cc5
SERVER_HANDSHAKE_TRAFFIC_SECRET bba4dec566b905df63b3491f6bf1ef162f20ae44b6454d9c946e993f40e6d1be d7769878563526e988f227ec782e756c9e170e92f45cbe2d6e967893fe68103e
CLIENT_HANDSHAKE_TRAFFIC_SECRET bba4dec566b905df63b3491f6bf1ef162f20ae44b6454d9c946e993f40e6d1be 0bc7778742172e9582bca47ac30a0920fab9d64bf8c8f2ce25ac3064aded8852
SERVER_TRAFFIC_SECRET_0 bba4dec566b905df63b3491f6bf1ef162f20ae44b6454d9c946e993f40e6d1be 16adce247b8f913e61da403e083a4c1aca7d4d5f6ad44cd536769b4375a4cdc6
SERVER_HANDSHAKE_TRAFFIC_SECRET 2afe61d5ff5bac77ace05d47842671bfa4867f0181eb78295487a818bcf5b698 5a8b59f16784037b5666d9e0689babef3e6f31efc01791c9d9794d6c4b4f2544
CLIENT_HANDSHAKE_TRAFFIC_SECRET 2afe61d5ff5bac77ace05d47842671bfa4867f0181eb78295487a818bcf5b698 299864868f361233b187b3250244d61fe33edf3d9cf25a7ff8e6bacefb68208d
SERVER_TRAFFIC_SECRET_0 2afe61d5ff5bac77ace05d47842671bfa4867f0181eb78295487a818bcf5b698 44094a72030b59efd14c001465f0ac1551ce34c939e877881fe43bebf710a216
SERVER_HANDSHAKE_TRAFFIC_SECRET f5dae6fd67d0bc36c1c3a8fc9a9612b96b86c404dd4bc0553298bf7454032e67 c76daefe4bdb1312834be83423c85b41de36d436057224859782dc8cb522281c
CLIENT_HANDSHAKE_TRAFFIC_SECRET f5dae6fd67d0bc36c1c3a8fc9a9612b96b86c404dd4bc0553298bf7454032e67 23f12893d6eaa4503d65a0d888238c5b00c3a9c5da09a51faf5298e4b1ef4d38
SERVER_TRAFFIC_SECRET_0 f5dae6fd67d0bc36c1c3a8fc9a9612b96b86c404dd4bc0553298bf7454032e67 e3112ac236fad5b8eba8670057940034e373902968a80d2e1a70d3e3f18b2b97
CLIENT_TRAFFIC_SECRET_0 f5dae6fd67d0bc36c1c3a8fc9a9612b96b86c404dd4bc0553298bf7454032e67 75dca1b625b0238f0094c2e9af51bc84383795182c910e0204e4f92e7d98a15e
SERVER_HANDSHAKE_TRAFFIC_SECRET 50a1f9e403c70fc5137b7abb7b4992f84abbf5b03942c4a2aa8e903ac44e2eba da61ded62e9e85f79505af18cd3940b2bd3f3aea951131b17a668216ba0de5e7
CLIENT_HANDSHAKE_TRAFFIC_SECRET 50a1f9e403c70fc5137b7abb7b4992f84abbf5b03942c4a2aa8e903ac44e2eba 6678a6ab35c655034fa6941f35397427963818904e6aaa73ec5dbb177c2afdc4
SERVER_TRAFFIC_SECRET_0 50a1f9e403c70fc5137b7abb7b4992f84abbf5b03942c4a2aa8e903ac44e2eba 71cca038fb60c31688d25a92a43c40112982c8a21ae9e5bccbfa7e3f77dd0857
SERVER_HANDSHAKE_TRAFFIC_SECRET 636219e195f7e6c5ec246b438c7303a6d9e5192c262559dc3bfdab7fb996569b bc9cf22771391059c63f63c84db0b082133d10947a2911a0d4a98ee20938e0aa
CLIENT_HANDSHAKE_TRAFFIC_SECRET 636219e195f7e6c5ec246b438c7303a6d9e5192c262559dc3bfdab7fb996569b 231215445a4dda94c67fc4aa590eeb808f15656c896df2bf7b6f99b9442b4ed8
SERVER_TRAFFIC_SECRET_0 636219e195f7e6c5ec246b438c7303a6d9e5192c262559dc3bfdab7fb996569b dce5374817d757d4d42d75df687dc04b76e96b0d8eee083bf001b182f993d179
SERVER_HANDSHAKE_TRAFFIC_SECRET 2c9856f3a8e9f2a5ae239af68a4d5186be7320b4b966a533a475dda213211d75 c3a380e71189e4ee3f1d673029eba3c9f532b80bf3191e9eeca2d46103be6461
CLIENT_HANDSHAKE_TRAFFIC_SECRET 2c9856f3a8e9f2a5ae239af68a4d5186be7320b4b966a533a475dda213211d75 be6117a80066c143046776f55de3370f046bcbbee7f13adbc0d7f474e309f872
SERVER_TRAFFIC_SECRET_0 2c9856f3a8e9f2a5ae239af68a4d5186be7320b4b966a533a475dda213211d75 de37eac1eed154e1426a1f4c3efc84ae1e9ab20871d9959979df533ab0ff2504
CLIENT_TRAFFIC_SECRET_0 2c9856f3a8e9f2a5ae239af68a4d5186be7320b4b966a533a475dda213211d75 5ae8a37743894c5836f01afd00109a926e9aab332fcb06d1f72d7b1069e36a29
SERVER_HANDSHAKE_TRAFFIC_SECRET ef0d04dc7841d5d65f1d48dd2dc47d3bcdffccd4fd254be39b61af12c07d4d8f ce35e00dc85344b50061ce0706c18c133171b5376c588e799222710079b4e955
CLIENT_HANDSHAKE_TRAFFIC_SECRET ef0d04dc7841d5d65f1d48dd2dc47d3bcdffccd4fd254be39b61af12c07d4d8f a245a021b32e210847fff2df62f6610e9d357e1bcae61f00b5e50fc5a931e2fd
SERVER_TRAFFIC_SECRET_0 ef0d04dc7841d5d65f1d48dd2dc47d3bcdffccd4fd254be39b61af12c07d4d8f 5f172c7287c757e6a1c0ead45a8c75c6ce71cb80df2e628c5fc7d284873d84a9
CLIENT_TRAFFIC_SECRET_0 ef0d04dc7841d5d65f1d48dd2dc47d3bcdffccd4fd254be39b61af12c07d4d8f 2eb76796af7abd552dfffac0db6443c9e535c919fbd0588af09f48c25d2beb1b
SERVER_HANDSHAKE_TRAFFIC_SECRET 3a773f49d3929935d5cf263b05cde55a97058935da4f19551edd168db1e1de95 77ebf0bdfaed1315821d2bb2e47959d006af43532d3986c6c617992f2d59a0d7
CLIENT_HANDSHAKE_TRAFFIC_SECRET 3a773f49d3929935d5cf263b05cde55a97058935da4f19551edd168db1e1de95 8a93085e2b8029c51473dbd4ee7dd375be64ce2f109dd382e8f6d48096402795
SERVER_TRAFFIC_SECRET_0 3a773f49d3929935d5cf263b05cde55a97058935da4f19551edd168db1e1de95 55cf856077df3b3e1cddbf675c86ee94ca42d444bbcca7b573243c2289114b65
CLIENT_TRAFFIC_SECRET_0 3a773f49d3929935d5cf263b05cde55a97058935da4f19551edd168db1e1de95 3aaf9e9a04dd96d643a3fb4c75e427fe54b32d1645298a31011b9de9e83502cb
SERVER_HANDSHAKE_TRAFFIC_SECRET 379c8de9cf4900975dbec3e5de349bd1e77432774a0f8a2bb08f5101a508edb5 1bd9f059e8685906daae95065818887e62e5f580ccc585532977b638755c3061
CLIENT_HANDSHAKE_TRAFFIC_SECRET 379c8de9cf4900975dbec3e5de349bd1e77432774a0f8a2bb08f5101a508edb5 0b435abe57bd076d68c4c61e92d50d38479946785a99a4bbc32c3827c200395b
SERVER_TRAFFIC_SECRET_0 379c8de9cf4900975dbec3e5de349bd1e77432774a0f8a2bb08f5101a508edb5 92aacd755b13503ca6f26d87dd546eaee3ce5a2deb537c1a9acff9e68da003a1
SERVER_HANDSHAKE_TRAFFIC_SECRET e0d38c1e8f18d80dfbddb5558b6dd7ef5b5eb0a5927950dcbc246769aea9403c 7cc22a38bdab727995e62489b198d05ed680a7c2168508a2bf65320d74d8bac0
CLIENT_HANDSHAKE_TRAFFIC_SECRET e0d38c1e8f18d80dfbddb5558b6dd7ef5b5eb0a5927950dcbc246769aea9403c 5c1c205e94f118b93d487da6c1bfce92291d05159d6f26be83db5bd5bc052466
SERVER_TRAFFIC_SECRET_0 e0d38c1e8f18d80dfbddb5558b6dd7ef5b5eb0a5927950dcbc246769aea9403c 1925cb22bcbe6e2b30b6b6f802352bc4b1c05dfb15180b7b48f17638022ce1f1
CLIENT_TRAFFIC_SECRET_0 e0d38c1e8f18d80dfbddb5558b6dd7ef5b5eb0a5927950dcbc246769aea9403c 995bacb2da4193b466da5b3520a0a7def13e6705f212ec2146781b663f483c3a
SERVER_HANDSHAKE_TRAFFIC_SECRET 472be76236762d21b74faeb2f2f43cbe464c4519cff4af0abf926ddff58d4c00 d889549ea3ef8cace1e98d8e0d06a6bc9284529fe60a9b8299f2ab9f14669e58
CLIENT_HANDSHAKE_TRAFFIC_SECRET 472be76236762d21b74faeb2f2f43cbe464c4519cff4af0abf926ddff58d4c00 4a83b6435ccbc3ca4ee7291b4fa33cc0b2d8c36f4d816195cdd2721d63157778
SERVER_TRAFFIC_SECRET_0 472be76236762d21b74faeb2f2f43cbe464c4519cff4af0abf926ddff58d4c00 29364c4fa5e6d6e7cc13a47864961f6e610172ca77a8d6109864261088b39dc8
SERVER_HANDSHAKE_TRAFFIC_SECRET 327aac9b239ef1ac7326bf6b8252b955ecdb19045ff403f4f0c6d9794791f6c8 2e08bc404c0f2a416a6f1f4de70f4ad57ff404c115b81f98577cee847d6dcec9
CLIENT_HANDSHAKE_TRAFFIC_SECRET 327aac9b239ef1ac7326bf6b8252b955ecdb19045ff403f4f0c6d9794791f6c8 0b3371f7f6e4b14780931d9572d9e8df7ffde267e5664cf6063bc363e2a91b5f
SERVER_TRAFFIC_SECRET_0 327aac9b239ef1ac7326bf6b8252b955ecdb19045ff403f4f0c6d9794791f6c8 610717a5cdd46a6061136391d788150e4ffa711f6bd98adc608f7bee4cf20e9a
CLIENT_TRAFFIC_SECRET_0 327aac9b239ef1ac7326bf6b8252b955ecdb19045ff403f4f0c6d9794791f6c8 b3ac763e2d7f7e4a8941e37e50cee916634a3aa1fd1cc7cffa804d8125b85013
SERVER_HANDSHAKE_TRAFFIC_SECRET 226b2206158af394ef9ec6699a1c804a301a709b642bb4de8a38b37aebe6d35a c8f4cc9b87cecebab0dd32526724d806bbcb01824b8a1e83f6e07a9e87dbc73a
CLIENT_HANDSHAKE_TRAFFIC_SECRET 226b2206158af394ef9ec6699a1c804a301a709b642bb4de8a38b37aebe6d35a 05d68a7860cd0a04fd69baa345269f6143c679d40d89948f7ee98302c12d8e5e
SERVER_TRAFFIC_SECRET_0 226b2206158af394ef9ec6699a1c804a301a709b642bb4de8a38b37aebe6d35a cc8bd6c936be743dcf9befc39eef20a0598f7d66ce837a2bd2466ef2bd888715
CLIENT_TRAFFIC_SECRET_0 226b2206158af394ef9ec6699a1c804a301a709b642bb4de8a38b37aebe6d35a 524d77fd4c9ce5cb28379a1e3d40602aa9127c0a7add9969ca357868124b43a4
SERVER_HANDSHAKE_TRAFFIC_SECRET 4107656263c40e1b47092e280cf889f3a0a0e1ad43ba244210a1f7fa8c30f18f 20880f1a910313588add0018409ba0788aade532f91d7823d4c5e2b9d6c738b7
CLIENT_HANDSHAKE_TRAFFIC_SECRET 4107656263c40e1b47092e280cf889f3a0a0e1ad43ba244210a1f7fa8c30f18f 8b2f348b03966fb452fac7c166af4dbf334aa37c696ae91f2049cdf10699cc12
SERVER_TRAFFIC_SECRET_0 4107656263c40e1b47092e280cf889f3a0a0e1ad43ba244210a1f7fa8c30f18f 2cdb6461917f0f5781a274470029963189381ce2d011afa89dc990ac77953d86
SERVER_HANDSHAKE_TRAFFIC_SECRET 20086452b9b429f1bd2aa9756afab04b867bf38ac8bea115c450503ecd816f8a c383b4bddffca871ebd767cd274802f8682cc0ed83d5f4386230f1af0ddb84cf
CLIENT_HANDSHAKE_TRAFFIC_SECRET 20086452b9b429f1bd2aa9756afab04b867bf38ac8bea115c450503ecd816f8a 02049cb9fc23f1873e0be27c64ab4f453a123c624d929c5311a0af876965683c
SERVER_TRAFFIC_SECRET_0 20086452b9b429f1bd2aa9756afab04b867bf38ac8bea115c450503ecd816f8a 7d471cad4932c4c9c2199b86b6b2028057574e9534b688c2002b53e67b65bfc4
SERVER_HANDSHAKE_TRAFFIC_SECRET 0e94df9f951533ad3ab458eedee3c7482eccd4f30ad208da5cccd8be5b73a4f6 50eb27c07753d8b049250c02d6744d92059599df301a20cf3ffa6f07d0ae6bec
CLIENT_HANDSHAKE_TRAFFIC_SECRET 0e94df9f951533ad3ab458eedee3c7482eccd4f30ad208da5cccd8be5b73a4f6 fdc10f9cfd6befaa2dce92bf3d2237f73e76a63cb148d753e57c9ac539b7f0e0
SERVER_TRAFFIC_SECRET_0 0e94df9f951533ad3ab458eedee3c7482eccd4f30ad208da5cccd8be5b73a4f6 1c9fe81998e04740c951513a771bd1bf3a15772a841de4b4824b84b620d7daa3
SERVER_HANDSHAKE_TRAFFIC_SECRET 09c5c4a372da59ebc3c9f4992bad2c6cbe3e9e7fd779d74d17ac3769bdca8951 156cf48884c81bd87c57ec60049886596f5296c250cfd7c83d07fa3efb6aeb9a
CLIENT_HANDSHAKE_TRAFFIC_SECRET 09c5c4a372da59ebc3c9f4992bad2c6cbe3e9e7fd779d74d17ac3769bdca8951 ddd33b590759d403f541f71c2a0c12b6eeddb09502dc1fadc20be24614f1f006
SERVER_TRAFFIC_SECRET_0 09c5c4a372da59ebc3c9f4992bad2c6cbe3e9e7fd779d74d17ac3769bdca8951 7f5b971a18dafda33c062bd3a42e48ca3df7a762fca637e93310b48412dd48fe
CLIENT_TRAFFIC_SECRET_0 09c5c4a372da59ebc3c9f4992bad2c6cbe3e9e7fd779d74d17ac3769bdca8951 02517522ad9cb99d5afbcd61a160b46f8474a3c9e90a6fa1963c5b433a9e2736
SERVER_HANDSHAKE_TRAFFIC_SECRET ebdce7a4521f595bdcd0e785197b7abb3e60b6ab0dc5ffc9a8b350c29189dc2a 86ca294366f82488a2472b53e96a63952cf807f36809ea3b7c14e419d4d95682
CLIENT_HANDSHAKE_TRAFFIC_SECRET ebdce7a4521f595bdcd0e785197b7abb3e60b6ab0dc5ffc9a8b350c29189dc2a 996011e5123b761dd0ce2b011611ad2eefd71380df1422809093b3db2faf0f4b
SERVER_TRAFFIC_SECRET_0 ebdce7a4521f595bdcd0e785197b7abb3e60b6ab0dc5ffc9a8b350c29189dc2a 95d093220d769ef3b013715d4f0bd8a7307e34bcd1fae9de4562bf8cbac80fdf
CLIENT_TRAFFIC_SECRET_0 ebdce7a4521f595bdcd0e785197b7abb3e60b6ab0dc5ffc9a8b350c29189dc2a 5b6a69790ef55d27874b1d60101bdf33faa2f3b167ec364bc659709f34ce2b9b
SERVER_HANDSHAKE_TRAFFIC_SECRET 849118d293e19b39f6a0c5c41bfb3393f06349264298e6526129e09e7bc5845f a1162ca33b51bb8081c2d6be6227b2c99e4e0f47ed96a3bb8f06f4ea1eccfd57
CLIENT_HANDSHAKE_TRAFFIC_SECRET 849118d293e19b39f6a0c5c41bfb3393f06349264298e6526129e09e7bc5845f 972fe0414c90bff2d6d875076b9c9d31ed2e7505696be668b7187f456e9f0333
SERVER_TRAFFIC_SECRET_0 849118d293e19b39f6a0c5c41bfb3393f06349264298e6526129e09e7bc5845f 28cfed40a938bfdd48ee75bbd308c33571124f2529c5845afdc78ed21dcc5b0a
CLIENT_TRAFFIC_SECRET_0 849118d293e19b39f6a0c5c41bfb3393f06349264298e6526129e09e7bc5845f 1ce5b414d01082a1a2feef3d1f79d8aac78206cdac2b4539a1e66d087c6b0238
SERVER_HANDSHAKE_TRAFFIC_SECRET 7a65fb72e72f8e0e1937bbe6ae51fdb84ba54dc923be96408236918d9f50a521 d4e1c4fc51101e5a683e0ca7930ae81282539e7afba1b3576b9227cf40fbd1f7
CLIENT_HANDSHAKE_TRAFFIC_SECRET 7a65fb72e72f8e0e1937bbe6ae51fdb84ba54dc923be96408236918d9f50a521 eb8fb02db21bd59ff076301370a7d7d90da4d81c2de4268e0044e707dc6b9d54
SERVER_TRAFFIC_SECRET_0 7a65fb72e72f8e0e1937bbe6ae51fdb84ba54dc923be96408236918d9f50a521 1429fb6c35194e96fdbcee9be8508689f310bcfbd1cdf2f0857e928576588831
CLIENT_TRAFFIC_SECRET_0 7a65fb72e72f8e0e1937bbe6ae51fdb84ba54dc923be96408236918d9f50a521 e0bae3204cda5a6e26db01b58d835ffe19e5b354271a27d23d50fe7ea0ebb462
SERVER_HANDSHAKE_TRAFFIC_SECRET 07c6a17d0d063b05b278076d344d0c9ae49544e36b99becb74436244c09e50b3 9a6524fcfe678ed590770a89f9cf248a3680bd3e806c2a6ff82fb2b45ace4d93
CLIENT_HANDSHAKE_TRAFFIC_SECRET 07c6a17d0d063b05b278076d344d0c9ae49544e36b99becb74436244c09e50b3 c711854529d2bfa5ea5e9842668d5c1fd980d60b7ed3cd1484559d6336ba5f3e
SERVER_TRAFFIC_SECRET_0 07c6a17d0d063b05b278076d344d0c9ae49544e36b99becb74436244c09e50b3 fa0e1b209c76e1efefca03edb17ff0a1e492c4ec4f855df0fc84beed311b56fc
CLIENT_TRAFFIC_SECRET_0 07c6a17d0d063b05b278076d344d0c9ae49544e36b99becb74436244c09e50b3 dde741d016f659978c1992d2f21c06e86faf5774c92028322ecdb22fcdec9215
SERVER_HANDSHAKE_TRAFFIC_SECRET de5ae427f2a1ad54ae12efbd7fa348c71e42b4321c8abda1cba260b16c9cbd9b 068b3cb82c0f59ce05e63f39acf6e4a25d63b779e0c2607b96e21065d1ce61b7
CLIENT_HANDSHAKE_TRAFFIC_SECRET de5ae427f2a1ad54ae12efbd7fa348c71e42b4321c8abda1cba260b16c9cbd9b 9c3925a39cce08da4fcf0a622bb404d7a0a977187ceaaf44c1d7f5c475ae9b5a
SERVER_TRAFFIC_SECRET_0 de5ae427f2a1ad54ae12efbd7fa348c71e42b4321c8abda1cba260b16c9cbd9b 7205b1799635991bfecf495a57e592a0a4cf3c77ce67380e85ae94430c2fd6ee
SERVER_HANDSHAKE_TRAFFIC_SECRET 5da72af9a2230b5449c6f27b12c47b802069b516e25f6e96119e08b83c77292b c5dca6c04dcc8ba733fe7f45b8924b80babfd52d3773d13849b9def011e7cd2f
CLIENT_HANDSHAKE_TRAFFIC_SECRET 5da72af9a2230b5449c6f27b12c47b802069b516e25f6e96119e08b83c77292b a8d6ae234102ed998a9d992fc1007b2612e3e2ba36b0296a0acc67c8c4ca4a77
SERVER_TRAFFIC_SECRET_0 5da72af9a2230b5449c6f27b12c47b802069b516e25f6e96119e08b83c77292b 111e82bdbbcf0da468c4a42753711c1751cdfc79ecb19f7a1b165c691a88ea31
SERVER_HANDSHAKE_TRAFFIC_SECRET 53d015afeb8e853273ea7c769bb9c1aa3b39c5b42623d08286f16e10af9ecb70 7337b41336cc52b05e31fea49cfb82e8f1bde3256006e67c1c4a089d340d80e3
CLIENT_HANDSHAKE_TRAFFIC_SECRET 53d015afeb8e853273ea7c769bb9c1aa3b39c5b42623d08286f16e10af9ecb70 12ba95eaa15a3774ebf5b5bb289df9c2cf3ba3bfe0b01f6bd4e6496891e92814
SERVER_TRAFFIC_SECRET_0 53d015afeb8e853273ea7c769bb9c1aa3b39c5b42623d08286f16e10af9ecb70 2261e04cdd487e25e22451c50b64d341d87a7e6c6a8296125ad00e9ca93250a7
SERVER_HANDSHAKE_TRAFFIC_SECRET 6b68621a17eb2f455e624d3d9061c806a362daf2709478680c69c634d0a7fe92 82c0ff32223bbe8de8adfeac1bb68fcf027c52397e657cb9852a6d9fe286fa71
CLIENT_HANDSHAKE_TRAFFIC_SECRET 6b68621a17eb2f455e624d3d9061c806a362daf2709478680c69c634d0a7fe92 0dc41b63ddde853676c7484560d6eda0912c7d5685afdf8976bcc83aad67894f
SERVER_TRAFFIC_SECRET_0 6b68621a17eb2f455e624d3d9061c806a362daf2709478680c69c634d0a7fe92 a984c57141b6347345ac5c75f4ab6fc1176f552cf643ac38fc63093c0549e047
SERVER_HANDSHAKE_TRAFFIC_SECRET 01f558722c68db85569dea499b847e1cf3dfc36ff9276e97799de1847f739a37 0f7bdf48d8c321ecd9f6941decbef032604335e7324ea30e6fc17a4932db608c
CLIENT_HANDSHAKE_TRAFFIC_SECRET 01f558722c68db85569dea499b847e1cf3dfc36ff9276e97799de1847f739a37 284940886c972d4b5e34e8eb14ef2432712c8041db62c220ae1dfe583969a1b5
SERVER_TRAFFIC_SECRET_0 01f558722c68db85569dea499b847e1cf3dfc36ff9276e97799de1847f739a37 c822634866583f6a0a953e7921d856daca7e23ba2d37833bc244b227fd8c8b09
CLIENT_TRAFFIC_SECRET_0 01f558722c68db85569dea499b847e1cf3dfc36ff9276e97799de1847f739a37 6b498ca45928efe87e19aae012b3ceb22d1e1ecb318bcd1c7103f7643065996d
SERVER_HANDSHAKE_TRAFFIC_SECRET f6a82a0e76da97073548ce5d779b706ac28357604e8b0bc7aa62d51debe2d8aa 19ec1da8a315935025560d9b4924a55dacfdaf714524ce81890f74f7c447c4d0
CLIENT_HANDSHAKE_TRAFFIC_SECRET f6a82a0e76da97073548ce5d779b706ac28357604e8b0bc7aa62d51debe2d8aa 4b0f54b459c0e7d07b641bd0cfbdb6985eb7c9a2380daacf68db99a05e2de6ee
SERVER_TRAFFIC_SECRET_0 f6a82a0e76da97073548ce5d779b706ac28357604e8b0bc7aa62d51debe2d8aa b8b063cb0ba300c5731b2aeec793bff2d1bbea7ea953ad4d2ad9cd0adaf58a79
CLIENT_TRAFFIC_SECRET_0 f6a82a0e76da97073548ce5d779b706ac28357604e8b0bc7aa62d51debe2d8aa a5b55dbf4d2765a1009b847b14edb195ebfa7631b11b24a2bfc0ee55ba1af83c
SERVER_HANDSHAKE_TRAFFIC_SECRET 323c4ed72a7ab22366496788d1c408e0204d8d6814d8751cbc3cc183017e5567 fa38c7982e18904f2a2e8cc872b92393d5bd6c434aea3be4b87ca156a588d091
CLIENT_HANDSHAKE_TRAFFIC_SECRET 323c4ed72a7ab22366496788d1c408e0204d8d6814d8751cbc3cc183017e5567 a577540ba0b0d874060d6454cfaf919169c50373ea0ec7afb05d43f4ea2d12e7
SERVER_TRAFFIC_SECRET_0 323c4ed72a7ab22366496788d1c408e0204d8d6814d8751cbc3cc183017e5567 03428f1f104c59db9c456f292b5ad08ce3c550f7a944f2c0b6e8d65d75f1b91b
CLIENT_TRAFFIC_SECRET_0 323c4ed72a7ab22366496788d1c408e0204d8d6814d8751cbc3cc183017e5567 8b2eec7459aaca6248589662e96fda5a81b9764518cc07a8a35e7715237a3689
SERVER_HANDSHAKE_TRAFFIC_SECRET 361fd2b2c8511b87a3c3cac9ac39e047adc33b9449ef45d821da2f078d83197d cab3b87b1f8139095ed875e962e80b7a9640287fb9ae996647b4c48850047b59
CLIENT_HANDSHAKE_TRAFFIC_SECRET 361fd2b2c8511b87a3c3cac9ac39e047adc33b9449ef45d821da2f078d83197d e4693b0fc0c3800661935118753828c665876d0e4ca05a4559fac38ea8ee8cbd
SERVER_TRAFFIC_SECRET_0 361fd2b2c8511b87a3c3cac9ac39e047adc33b9449ef45d821da2f078d83197d a9ae281746797b78df5b9118ff3c071669bdf61bb4339eb2ed21156db63bcdf5
SERVER_HANDSHAKE_TRAFFIC_SECRET 2927fadf46f537dcab0215586293baaf711e5e9897eb06b5e24d95b1bf48d112 a796eeb2d78a418d5e90df8c8efd02043962431f466065363017f466eff4fbfe
CLIENT_HANDSHAKE_TRAFFIC_SECRET 2927fadf46f537dcab0215586293baaf711e5e9897eb06b5e24d95b1bf48d112 4421ba78d7de7bd0d62c8e8602b6cbea0685dd5d7059af94a30b5d3678b29187
SERVER_TRAFFIC_SECRET_0 2927fadf46f537dcab0215586293baaf711e5e9897eb06b5e24d95b1bf48d112 1f1a6f129b3c3432b87fa40f71004d2064bf5439f97445fa039f18c2840cc23a
CLIENT_TRAFFIC_SECRET_0 2927fadf46f537dcab0215586293baaf711e5e9897eb06b5e24d95b1bf48d112 a143d51f25b66fda815d3cf70aa2055685e0aa312197c5a5849a50bc26ecd179
SERVER_HANDSHAKE_TRAFFIC_SECRET f84c26f0d32cb35f8cf495fd4f51ce47f4cd80e81427d2bd1299395e9d688ad1 9a86e38d5f791c788f62734bab8b71500be62287482a9602de8fb9aa69497591
CLIENT_HANDSHAKE_TRAFFIC_SECRET f84c26f0d32cb35f8cf495fd4f51ce47f4cd80e81427d2bd1299395e9d688ad1 3402405e8fb6b7f2e3d97d2928de30b0bf332e5e811e7fec847d7cd931b6aec6
SERVER_TRAFFIC_SECRET_0 f84c26f0d32cb35f8cf495fd4f51ce47f4cd80e81427d2bd1299395e9d688ad1 fc80e4f1ac1bcac0b239e9772c4815c7b57b8410a554bd05af2d6011893c12f3
CLIENT_TRAFFIC_SECRET_0 f84c26f0d32cb35f8cf495fd4f51ce47f4cd80e81427d2bd1299395e9d688ad1 50a3e46d76b26aea17abc1d3c48f6f252093e48764ee5d463267dbb94cee5512
SERVER_HANDSHAKE_TRAFFIC_SECRET b563e5eca16c47e0a05b3684d4b776fd512f034591262e17db961a6723b4d7b8 02d4c3ea56f49a530995cfd20b6f8f653466a4edc40b1f98026f0475ede3c472
CLIENT_HANDSHAKE_TRAFFIC_SECRET b563e5eca16c47e0a05b3684d4b776fd512f034591262e17db961a6723b4d7b8 89d201e38180eb778e9fb8ea2b958cb7238f2f87a130c09d2ee9bef40bc7302d
SERVER_TRAFFIC_SECRET_0 b563e5eca16c47e0a05b3684d4b776fd512f034591262e17db961a6723b4d7b8 3d1303332cbf93b8bfccf9cb92526dfd6eb5164b734ef07e4a401ae900963413
SERVER_HANDSHAKE_TRAFFIC_SECRET 9802d6cdb2de4bf26985fd837901de9cf356f7c9ccfbbbb8604e0256e751c126 247439b44840e6adfe3c998c73d349bfd2b3795b498d42ff89dc0780b3875c7a
CLIENT_HANDSHAKE_TRAFFIC_SECRET 9802d6cdb2de4bf26985fd837901de9cf356f7c9ccfbbbb8604e0256e751c126 8d89979b6b9073712acfad4864bd0c77dc8aaba495c6672a2582e38e087355ad
SERVER_TRAFFIC_SECRET_0 9802d6cdb2de4bf26985fd837901de9cf356f7c9ccfbbbb8604e0256e751c126 93aa6cfc36fe2b69e1e0d66bd86a5dc1a0322c93ec75e7f6e0a0cafc017b1b5b
SERVER_HANDSHAKE_TRAFFIC_SECRET 0276ba5b62b243c9e3bfd953e9820f3f4222284336825bc3e59a4becb6d6fd6e 52f79500cfd0c471093028671be0051533de32fac92dca67210e1e9db7c291d2
CLIENT_HANDSHAKE_TRAFFIC_SECRET 0276ba5b62b243c9e3bfd953e9820f3f4222284336825bc3e59a4becb6d6fd6e afd6cae09e0782bddff8cbc00752355a87e67ef8a9b809d65ebb97b8aee74e05
SERVER_TRAFFIC_SECRET_0 0276ba5b62b243c9e3bfd953e9820f3f4222284336825bc3e59a4becb6d6fd6e 0ed67660825247c709b93bd0afb0d2f3ce951d135dc5e01df4209460ccb6612b
CLIENT_TRAFFIC_SECRET_0 0276ba5b62b243c9e3bfd953e9820f3f4222284336825bc3e59a4becb6d6fd6e 7bbd94651d6fc42306d5d66f37d9ebbcdbd10e9214b7140c05a3e43fe2a39b37
SERVER_HANDSHAKE_TRAFFIC_SECRET 758d07530a32de6c3d2c0ef1f31a9f1b33d04c84bb354ce4ae50c177666e3be2 cb19a19ba673b317473baad435ea7ab924f1f4648e1003372ab47349b770ea29
CLIENT_HANDSHAKE_TRAFFIC_SECRET 758d07530a32de6c3d2c0ef1f31a9f1b33d04c84bb354ce4ae50c177666e3be2 84ed7cb329ad558862535a9415498f803bee38c66460f50e2ae495efe653380d
SERVER_TRAFFIC_SECRET_0 758d07530a32de6c3d2c0ef1f31a9f1b33d04c84bb354ce4ae50c177666e3be2 3d9c1d8fd4976ab7a0b27e925efbf16e33f925bda9e6ef91b35e5c672cf470ca
CLIENT_TRAFFIC_SECRET_0 758d07530a32de6c3d2c0ef1f31a9f1b33d04c84bb354ce4ae50c177666e3be2 29ec57e9f48d3440f823b20b065268648e9c2a2b436ae5135da30ecdb724ca42
SERVER_HANDSHAKE_TRAFFIC_SECRET 75f1d925a938d8759f1f4f570c2546da21dc0f9ba88cc7cde339ea91d0f91d91 c08f8c9054a4de6fdfd0842434a8dde55a31662686aba82a9d715ed8aa1b40fc
CLIENT_HANDSHAKE_TRAFFIC_SECRET 75f1d925a938d8759f1f4f570c2546da21dc0f9ba88cc7cde339ea91d0f91d91 30b07d700db0d6f931621c053e785b3c079d3e5d7cc1d951fb700d8d166c3869
SERVER_TRAFFIC_SECRET_0 75f1d925a938d8759f1f4f570c2546da21dc0f9ba88cc7cde339ea91d0f91d91 3a17a9060603421c52cdecb8a5718314f950c0b0c43468c5c1340877940388fb
SERVER_HANDSHAKE_TRAFFIC_SECRET 199f4910c7d46b580651451683e73b098250278fad686174469751bbe036deea 7294fbec0509e94e359b5356f94bffd26276955b4fdc794610095fb1ec825275
CLIENT_HANDSHAKE_TRAFFIC_SECRET 199f4910c7d46b580651451683e73b098250278fad686174469751bbe036deea 13cb309aa27af0c7aa4a3885c12eb4fdc9258031b20f3d108a8c6b7545b49d35
SERVER_TRAFFIC_SECRET_0 199f4910c7d46b580651451683e73b098250278fad686174469751bbe036deea da6054de38d1535b58e0db28c246bce52bf3867a4cf5c94db75b2c377c5a5d93
CLIENT_TRAFFIC_SECRET_0 199f4910c7d46b580651451683e73b098250278fad686174469751bbe036deea c1a012a878255916f26c82a11ab2eec124b48308b65fa669a6cff707220f8485
SERVER_HANDSHAKE_TRAFFIC_SECRET 92cd79b8a5a5c89e79a0b6c24c47812427edbfa93ad474d672e127cbd66cdc2f 9a09fbe536e2c398bd075308334d5a9e9f12fe84e2974e3752a009656da163fe
CLIENT_HANDSHAKE_TRAFFIC_SECRET 92cd79b8a5a5c89e79a0b6c24c47812427edbfa93ad474d672e127cbd66cdc2f 591190418e97264d905ebe0e5f09ae8ee7a07f5c852de209dcedf1ed7bec2692
SERVER_TRAFFIC_SECRET_0 92cd79b8a5a5c89e79a0b6c24c47812427edbfa93ad474d672e127cbd66cdc2f fd4f2c10eba3a4e3e3732cdb1967ad4f0e4aaa3742848209d38318332edf1630
SERVER_HANDSHAKE_TRAFFIC_SECRET 05a7b97192c47d196360be0b209776da6bcab1eab2e76096f824d7e4f043bd88 89b067b52037e78a562be167c0a3a820daf4b56af12b1a7e6c75d9ce9873df49
CLIENT_HANDSHAKE_TRAFFIC_SECRET 05a7b97192c47d196360be0b209776da6bcab1eab2e76096f824d7e4f043bd88 9344ef08ccd392c3c3c4aced2e18e729bfae13769ab1636d0f75926c52004631
SERVER_TRAFFIC_SECRET_0 05a7b97192c47d196360be0b209776da6bcab1eab2e76096f824d7e4f043bd88 e1f80ae1eb2e7d0043bdb622b1ff93eaa4793bb2af3e54908e814e75cbe69851
SERVER_HANDSHAKE_TRAFFIC_SECRET a3aec6435b3345c3ca3e37cd3d34553702a1414d20849bbc78c927ee7b7ab720 9c2840bb63c99bed3582e9a435b1d5d5deb1910af848cd6d2a1de78e6edcc265
CLIENT_HANDSHAKE_TRAFFIC_SECRET a3aec6435b3345c3ca3e37cd3d34553702a1414d20849bbc78c927ee7b7ab720 619556d7287763d39c0e69e0bf6d4d76ad0a03c0d81b8245b3c018a2d84920a3
SERVER_TRAFFIC_SECRET_0 a3aec6435b3345c3ca3e37cd3d34553702a1414d20849bbc78c927ee7b7ab720 24a4c26e3e3ebb836f28c82f7c7fe5da51063ad378587709bcf0292211ed600b
SERVER_HANDSHAKE_TRAFFIC_SECRET f4a9ad2e0227ae1178dc01e5ea4efe13bc2117da77dfaa97c3fd452e5e95c0c6 74df8ade9d1f8c238c66c8a70be21e7a8e886f5203ab4a9eac9e9decd3af61b4
CLIENT_HANDSHAKE_TRAFFIC_SECRET f4a9ad2e0227ae1178dc01e5ea4efe13bc2117da77dfaa97c3fd452e5e95c0c6 0a88387857cf484942cae9dcbf752abbb90b91c2e6ecaa507d17c2759f7cc560
SERVER_TRAFFIC_SECRET_0 f4a9ad2e0227ae1178dc01e5ea4efe13bc2117da77dfaa97c3fd452e5e95c0c6 bb220ef4183165432ba3ab949ab022cb4fe01c12684676c2e58e7a95160c87f7
CLIENT_TRAFFIC_SECRET_0 f4a9ad2e0227ae1178dc01e5ea4efe13bc2117da77dfaa97c3fd452e5e95c0c6 1961363b9e38861e1e1d2537b61de6f2abc7400983135cfa97120487afe76e4b
SERVER_HANDSHAKE_TRAFFIC_SECRET 8f4d62daee809bb40297e22cfd4a0db8613f80f84439602ee6d83b933680ec1b 21da168745c99a7e66eb5b84b4b85a88106f0f1506c4f60cecf0ec4f07cf8857
CLIENT_HANDSHAKE_TRAFFIC_SECRET 8f4d62daee809bb40297e22cfd4a0db8613f80f84439602ee6d83b933680ec1b 782c6e15fa82e69cb642c19d8771e70e3d1646466f9990de57180249874f92c2
SERVER_TRAFFIC_SECRET_0 8f4d62daee809bb40297e22cfd4a0db8613f80f84439602ee6d83b933680ec1b 0a5445bf76164267f630710c18ca6f943e9733210f25b8f6fc88321f38e93376
CLIENT_TRAFFIC_SECRET_0 8f4d62daee809bb40297e22cfd4a0db8613f80f84439602ee6d83b933680ec1b de1317a89a41098385a5ad396128585047cf573a1adf576936c3feedd063486f
SERVER_HANDSHAKE_TRAFFIC_SECRET 306bf78d38684f4fbbe911f4980e819b6da5d19abc8722ad6616113733f3887d b989c7a1588039338e0e8eface9972bd05b4258fa00720a777de18ae330b45a8
CLIENT_HANDSHAKE_TRAFFIC_SECRET 306bf78d38684f4fbbe911f4980e819b6da5d19abc8722ad6616113733f3887d df7a2c46836d8ba472be4e1f67452d9644e53d1e3959979e103cd36e4a8664e3
SERVER_TRAFFIC_SECRET_0 306bf78d38684f4fbbe911f4980e819b6da5d19abc8722ad6616113733f3887d 8f392dd55e42c9f6a58d4a6a970ed85140f94f88713249b1b34251e96fbb456f
CLIENT_TRAFFIC_SECRET_0 306bf78d38684f4fbbe911f4980e819b6da5d19abc8722ad6616113733f3887d d7f45bef52b4eedda38813964049a643b3aa29ff320c4377b37bcb568188fcae
SERVER_HANDSHAKE_TRAFFIC_SECRET dba116403bba7541254c0739c4a58421a07c970b5d3529c0dcb3584e2421f5d6 db04f04f6270c1102091389a95aebe71f8054e3cbb39dc84923b25856c3b7834
CLIENT_HANDSHAKE_TRAFFIC_SECRET dba116403bba7541254c0739c4a58421a07c970b5d3529c0dcb3584e2421f5d6 8797b743ae880d980ed304df2d49ebee89810fc362d1303968fae4c8368cb0ae
SERVER_TRAFFIC_SECRET_0 dba116403bba7541254c0739c4a58421a07c970b5d3529c0dcb3584e2421f5d6 569b4e70483ca7ff9f0ee298542883c98fdebc5785c8962e56bc70d16ca8d30a
CLIENT_TRAFFIC_SECRET_0 dba116403bba7541254c0739c4a58421a07c970b5d3529c0dcb3584e2421f5d6 28ce5d988146a624d23514a8d5a53460f35ce9d37af2a4377edc5e445a0524d0
SERVER_HANDSHAKE_TRAFFIC_SECRET 71da04c53db5fcf6265dfcd78fc82b4697c42962c8b177b964ad49c0f96bf4e7 c757c84f85220a6a09bd3ced93fdcb40462ba24f458485ecc8ec0a44c80c3051
CLIENT_HANDSHAKE_TRAFFIC_SECRET 71da04c53db5fcf6265dfcd78fc82b4697c42962c8b177b964ad49c0f96bf4e7 d2bb60e085d0a62428fab4941d919ee68c581984951eea431c28138ca19a2362
SERVER_TRAFFIC_SECRET_0 71da04c53db5fcf6265dfcd78fc82b4697c42962c8b177b964ad49c0f96bf4e7 5f3ed7895768c19dc152491f3445605a51abd215824ea2b7014211d23b1cdb48
CLIENT_TRAFFIC_SECRET_0 71da04c53db5fcf6265dfcd78fc82b4697c42962c8b177b964ad49c0f96bf4e7 e96e666aedbbfdbcb600164820286a1c3a06f47047033ef6a9acff6d7444c816
SERVER_HANDSHAKE_TRAFFIC_SECRET fb18f6c01e71cb9a1c16339c47e9f82fee6c05be907e70c969cee4667a6294aa c8f3f6e5f9ada4e0d7a2c46c7435f3f96f73991c5c1fa6d3925cc1a9c0f39cff
CLIENT_HANDSHAKE_TRAFFIC_SECRET fb18f6c01e71cb9a1c16339c47e9f82fee6c05be907e70c969cee4667a6294aa 1ac356cf34ec2558e88e7c7ea4ca37ff3f8fcebe1be418e5d451f64bc87b47d9
SERVER_TRAFFIC_SECRET_0 fb18f6c01e71cb9a1c16339c47e9f82fee6c05be907e70c969cee4667a6294aa 6dcfebae39ac229a605e397ad5a3dc695206315702c38575d994243f6b37509b
CLIENT_TRAFFIC_SECRET_0 fb18f6c01e71cb9a1c16339c47e9f82fee6c05be907e70c969cee4667a6294aa 52d7f7f431db7056b034cb6116f42039098874208beeb97afe6d4ef2b4131a10
SERVER_HANDSHAKE_TRAFFIC_SECRET 66638e82327d785b21ded717edf4b76f800d9957ec5204868cb53eacf147968b d602f45754fa57acbc79803ae32a4e76ca380fc3776da23bed625eb7e36d4792
CLIENT_HANDSHAKE_TRAFFIC_SECRET 66638e82327d785b21ded717edf4b76f800d9957ec5204868cb53eacf147968b 50f078c5f64543b58a9ca033652850d53f46ad5d574c60fbdac3d436be13edb9
SERVER_TRAFFIC_SECRET_0 66638e82327d785b21ded717edf4b76f800d9957ec5204868cb53eacf147968b 9ac107a5429ce8663ff61563eff73acf24edf0e0a6647a40f554d89267fd37cb
CLIENT_TRAFFIC_SECRET_0 66638e82327d785b21ded717edf4b76f800d9957ec5204868cb53eacf147968b 9e8e1e3ad97327aae2f81d6c4abcc3be5504346849378dd88c9186254dca6cad
SERVER_HANDSHAKE_TRAFFIC_SECRET 47ff6b5a23dd99b3c2bf0b69f43e504dbd2a1cd51feb06a346dadb489dc199a1 53af21f34df37d9a2372a03f5c4baafefe0d5d68e604344826847fcb2edb88d3
CLIENT_HANDSHAKE_TRAFFIC_SECRET 47ff6b5a23dd99b3c2bf0b69f43e504dbd2a1cd51feb06a346dadb489dc199a1 2ebc9c9262e85c1002ef06766db07d84b9cde4043121f1acc081a0c943e99a2f
SERVER_TRAFFIC_SECRET_0 47ff6b5a23dd99b3c2bf0b69f43e504dbd2a1cd51feb06a346dadb489dc199a1 06d986cefce31b2c05b8ee4366626e7d925a159bc954e6ae1b59feefec0b41ab
CLIENT_TRAFFIC_SECRET_0 47ff6b5a23dd99b3c2bf0b69f43e504dbd2a1cd51feb06a346dadb489dc199a1 897b8ee23de41e09108b9da76dbb7e59fd5b2060949f3dcaccb1255c67701b0d
SERVER_HANDSHAKE_TRAFFIC_SECRET 1babcad687b80e1cb93b6fc40ab86368e46bb4f08cf7f96fccb374b1e47bec61 00c3fa139f91744737562c014864d2b2e69f3036ae8288673cc90e7c4782d3e4
CLIENT_HANDSHAKE_TRAFFIC_SECRET 1babcad687b80e1cb93b6fc40ab86368e46bb4f08cf7f96fccb374b1e47bec61 c29d8d35c5468024ae55392bfc3b5babb77be06400f755343b23f80a3ad5aa60
SERVER_TRAFFIC_SECRET_0 1babcad687b80e1cb93b6fc40ab86368e46bb4f08cf7f96fccb374b1e47bec61 3b19939e07fb8e8a3b6829b64d352999b229ed8b14840f292d13888011f4ad47
CLIENT_TRAFFIC_SECRET_0 1babcad687b80e1cb93b6fc40ab86368e46bb4f08cf7f96fccb374b1e47bec61 cefa7fde5c070cddc010e180fdef6c05aa2bebf62c954864ccc07e9e5ccf520c
SERVER_HANDSHAKE_TRAFFIC_SECRET 9733b5f052e5631052dfc748b2b46ce5c29f22d6350c22007571c8bc2753a4a3 038ad430e9fb32825d1606cb8fffc11ece0eb6b3f17317c7597038f612a39950
CLIENT_HANDSHAKE_TRAFFIC_SECRET 9733b5f052e5631052dfc748b2b46ce5c29f22d6350c22007571c8bc2753a4a3 b329aa784ef2f28ea14d1051ec6864f18633c2b51c63c12a64a70490a2b3d74f
SERVER_TRAFFIC_SECRET_0 9733b5f052e5631052dfc748b2b46ce5c29f22d6350c22007571c8bc2753a4a3 35342c2d51bd9c4fd8515f5fc83c235e8084b5838765a1c7b3f89942fee72ba6
CLIENT_TRAFFIC_SECRET_0 9733b5f052e5631052dfc748b2b46ce5c29f22d6350c22007571c8bc2753a4a3 029099ba2c3ce19d764b9abb3669672ed8b40e778c5d40f6237e8694d9b03fa5
SERVER_HANDSHAKE_TRAFFIC_SECRET 1b436cf61342232df372c8e48ff6a7d799595fd0fd8c13a987fe797579b6a3ef 0e0deb3ebd9368b5591539240c6b0b0da6cf2469aefc5d5a57656e3207c7101e
CLIENT_HANDSHAKE_TRAFFIC_SECRET 1b436cf61342232df372c8e48ff6a7d799595fd0fd8c13a987fe797579b6a3ef 19ef9575704901202905b7d6a4c19cc70241a9129a35307cdf96616509d6f49b
SERVER_TRAFFIC_SECRET_0 1b436cf61342232df372c8e48ff6a7d799595fd0fd8c13a987fe797579b6a3ef f9ba48c4eb7b80979e7cc83385ce9c3a4754c5c7d942e931bf68550744153774
SERVER_HANDSHAKE_TRAFFIC_SECRET ce3dee128af5789eb773268395dc60f68317b9f234f95b4f332a5e4e33af73f1 d34769cd47fcc608741b096f60de5d4185d46fca69d22244ea7c82cd48db8285
CLIENT_HANDSHAKE_TRAFFIC_SECRET ce3dee128af5789eb773268395dc60f68317b9f234f95b4f332a5e4e33af73f1 114049c2041fafa715ed33d464ddc04cffec3882ff383b2ee7516a8070c3848b
SERVER_TRAFFIC_SECRET_0 ce3dee128af5789eb773268395dc60f68317b9f234f95b4f332a5e4e33af73f1 a30a99d0c975c0a2fcefc3f2e8c1fe69ff52dcde9074df5df8edc4a9933f41e4
SERVER_HANDSHAKE_TRAFFIC_SECRET 0a0329879543649054706574ec7014f57bf536ad8e6f502cb4c933ef0c826d33 b6d632bb5e59f7766cd20a8b2c4c34347fc662938ddad80f82aca09d6aeb69bf
CLIENT_HANDSHAKE_TRAFFIC_SECRET 0a0329879543649054706574ec7014f57bf536ad8e6f502cb4c933ef0c826d33 ffddde0d2a209c8670ccdee7aa0f85ab6fbc02ba75cc8b76f181a83bcc88b8c2
SERVER_TRAFFIC_SECRET_0 0a0329879543649054706574ec7014f57bf536ad8e6f502cb4c933ef0c826d33 31e626cf9018157e765b31ff62abc27ac542b2624734f85ff3b227673143072b
CLIENT_TRAFFIC_SECRET_0 0a0329879543649054706574ec7014f57bf536ad8e6f502cb4c933ef0c826d33 f5a342e936c294b2ce68e458b3e26f6ce5e029a4eefd0eaf0b70b855317e9ce1
SERVER_HANDSHAKE_TRAFFIC_SECRET e830bc998199844b36aa32aff6b5e8041e31d8a2f6573901e012c5ca09711c94 494207848bb4c5fe415374f8f34dd7d8a8d1651f6079069ca9dbddc863481207
CLIENT_HANDSHAKE_TRAFFIC_SECRET e830bc998199844b36aa32aff6b5e8041e31d8a2f6573901e012c5ca09711c94 99937f1a18ad47373ef3dac194821395a508e08dc59e6dc8f5a11ef284913b03
SERVER_TRAFFIC_SECRET_0 e830bc998199844b36aa32aff6b5e8041e31d8a2f6573901e012c5ca09711c94 f7552e18e29e4b0ec1f79d7788f062546d84219d6d26fef9b2fe2fa75a70cf08
CLIENT_TRAFFIC_SECRET_0 e830bc998199844b36aa32aff6b5e8041e31d8a2f6573901e012c5ca09711c94 bb797a1484982813f9d01e181be2bf759669c72868fcd423053fb0786974076b
SERVER_HANDSHAKE_TRAFFIC_SECRET f3079fce8ce540b20bd36e1580a8c6bd118ed66920060c10a101affcc2edaca0 00c93e23ae63706356540477baae34139c47a302a6fa1e25b239a10f15afa624
CLIENT_HANDSHAKE_TRAFFIC_SECRET f3079fce8ce540b20bd36e1580a8c6bd118ed66920060c10a101affcc2edaca0 358039e9cf63f35778f8a999dd84bfb324d8182cd6ecf05ac2f505f6996fe383
SERVER_TRAFFIC_SECRET_0 f3079fce8ce540b20bd36e1580a8c6bd118ed66920060c10a101affcc2edaca0 c6c422821ff8f3630d76dd41a7beaa0c32897631fa023e603cd990577fdaa0ef
SERVER_HANDSHAKE_TRAFFIC_SECRET a8f543b364004f188e9f66edeb4ae3f811f268e7d73c4a09fa5fc4d59c2a62b8 2b3cb572c3cf86dc05d163ab066c2fbfacf074252cd7792f6675d563c69b3b29
CLIENT_HANDSHAKE_TRAFFIC_SECRET a8f543b364004f188e9f66edeb4ae3f811f268e7d73c4a09fa5fc4d59c2a62b8 ffc6d348e1a817b8dc2d9a3d0a08334e5bdb8f87f98f050685375f24e9c58863
SERVER_TRAFFIC_SECRET_0 a8f543b364004f188e9f66edeb4ae3f811f268e7d73c4a09fa5fc4d59c2a62b8 79d578a9f102329d8bf63af7378e0505483eb4dc9fcd7bd87583c5b77bdb1791
CLIENT_TRAFFIC_SECRET_0 a8f543b364004f188e9f66edeb4ae3f811f268e7d73c4a09fa5fc4d59c2a62b8 039aa1bfc246b1f7caa5dbef1e59c9e6c1320a9b0594aeae7e7396e96baeb409
SERVER_HANDSHAKE_TRAFFIC_SECRET b380e5ec27a84ae01969ab7ecc0795a1236822f1bc23a2daef6858c912e9cb88 7698f3ab5d78fdb5c08676b36fc3db5e023232547b3a1b0f4ed52a4d0a9841d3
CLIENT_HANDSHAKE_TRAFFIC_SECRET b380e5ec27a84ae01969ab7ecc0795a1236822f1bc23a2daef6858c912e9cb88 4565ad6491993449e47ac6ab3353edcd2e2ced2d0f623a97f9770f154774e039
SERVER_TRAFFIC_SECRET_0 b380e5ec27a84ae01969ab7ecc0795a1236822f1bc23a2daef6858c912e9cb88 92bc01bea8e117c3823613798766a1d99773bb78a7475afa8b9e2bb4ac82320d
SERVER_HANDSHAKE_TRAFFIC_SECRET 0c8e3a0953c48dd40dc5ae871d3e2fe4b2a63428c3a29c2467334a267449c976 1bd999485712d3c124d3fd35aa5c59ab1ef15b29dccf4b9256a3a9e5f8f7695c
CLIENT_HANDSHAKE_TRAFFIC_SECRET 0c8e3a0953c48dd40dc5ae871d3e2fe4b2a63428c3a29c2467334a267449c976 3e23935e60fe0679a0c8a53eb877936af9b6f1d00fb255a3efed27d283971986
SERVER_TRAFFIC_SECRET_0 0c8e3a0953c48dd40dc5ae871d3e2fe4b2a63428c3a29c2467334a267449c976 d4ffbf5aa960c6c7e274074c59ff186d393ceeeae104c4bb767f9a699d5cd0eb
CLIENT_TRAFFIC_SECRET_0 0c8e3a0953c48dd40dc5ae871d3e2fe4b2a63428c3a29c2467334a267449c976 864c8b25c7eda7fd2f106d0cd80e5568d573e5c1c40e690b7d7b69db3ae3ea71
SERVER_HANDSHAKE_TRAFFIC_SECRET c6230170081b3f0bbab84196628451f2169b510f16ea3555d04a7558961f2567 470180288d26685d81a2f36df729de50d3cc5a81160a80bcda6959adcbfafce9
CLIENT_HANDSHAKE_TRAFFIC_SECRET c6230170081b3f0bbab84196628451f2169b510f16ea3555d04a7558961f2567 460059cdec9ddc71a71c77d9bf968081d11379d0493dc09579afa768eb8b8806
SERVER_TRAFFIC_SECRET_0 c6230170081b3f0bbab84196628451f2169b510f16ea3555d04a7558961f2567 37e718b1508c8894952416d29751088a476814534872bea0de2222edc488c184
CLIENT_TRAFFIC_SECRET_0 c6230170081b3f0bbab84196628451f2169b510f16ea3555d04a7558961f2567 264ec628ebbe1b87e8a8a69c94be5ba2c506f9e3679cd4391231b0cf2a1da088
SERVER_HANDSHAKE_TRAFFIC_SECRET 15e4ed9163a5a6b1ffd618b4337450056b616152b946e3771be401af2c1ce729 2196334a642ff8af149d98560c8bda8582e0b4c01c7a6a2232796223085f470b
CLIENT_HANDSHAKE_TRAFFIC_SECRET 15e4ed9163a5a6b1ffd618b4337450056b616152b946e3771be401af2c1ce729 7a29a49088554de9f85ca49712e067edb65d45255b8a599a948c89b8bfeae15d
SERVER_TRAFFIC_SECRET_0 15e4ed9163a5a6b1ffd618b4337450056b616152b946e3771be401af2c1ce729 ba14df639574b8b5fe886ff9831d38e2ca9f749db90e46bf7bc8fd66c386bda6
CLIENT_TRAFFIC_SECRET_0 15e4ed9163a5a6b1ffd618b4337450056b616152b946e3771be401af2c1ce729 236e995af83fa83fee930071b1d8981a03d8fa6188955bd41d164d9227ffb7a5
SERVER_HANDSHAKE_TRAFFIC_SECRET d85680240871e50e11adf7bfbbf995d43969827bd95c39982f6f269f25164830 0a085f6968bbaeac5fcc4df371991718f7013ae38e7fb583e2f80029317ddce9
CLIENT_HANDSHAKE_TRAFFIC_SECRET d85680240871e50e11adf7bfbbf995d43969827bd95c39982f6f269f25164830 cb9fc886e4d0eda200269e20abae8857200cc6f794481c6e97a12b2ec52654c1
SERVER_TRAFFIC_SECRET_0 d85680240871e50e11adf7bfbbf995d43969827bd95c39982f6f269f25164830 7a044135d8b49de2433e7a70227b6e6aca4acb6a85915e91ac281b54eefb0fef
CLIENT_TRAFFIC_SECRET_0 d85680240871e50e11adf7bfbbf995d43969827bd95c39982f6f269f25164830 9753e894b1689c16fb929cb5587f71a6f596746484f4531f9a05a6d5f8caa701
SERVER_HANDSHAKE_TRAFFIC_SECRET 20a541ee3a5d384f1055d47d85dfc2bc4795052cecb810ef4fd87f99511a3194 713c87b5a3d92f7e665d172cf16afab36364322dca93dc6ee6cebb95ba553041
CLIENT_HANDSHAKE_TRAFFIC_SECRET 20a541ee3a5d384f1055d47d85dfc2bc4795052cecb810ef4fd87f99511a3194 cc2ee6fa1394d546fe7789140366a19bd789280e4404ecdd7d714acdca6c146e
SERVER_TRAFFIC_SECRET_0 20a541ee3a5d384f1055d47d85dfc2bc4795052cecb810ef4fd87f99511a3194 3740931c3cf669a2360f293818d8a9b1b665949e1c8c37068c290e1eb5ecaa6d
CLIENT_TRAFFIC_SECRET_0 20a541ee3a5d384f1055d47d85dfc2bc4795052cecb810ef4fd87f99511a3194 e926fc8f3e37224a1572464ac7fc7d0f7bb0e186657ea04298164524e7892305
SERVER_HANDSHAKE_TRAFFIC_SECRET 1c1b19a52e1a905afa37105a095500d213db9bcc7e73473418f296264f6d77c6 8747f0c789c4c983d309f7ae152c6ccce2b2f372b1f8d7d08e0a95d94d06b218
CLIENT_HANDSHAKE_TRAFFIC_SECRET 1c1b19a52e1a905afa37105a095500d213db9bcc7e73473418f296264f6d77c6 18d68a206cbc49e043f4ace169b131d3f676520f12063c85989386ac774cdcd5
SERVER_TRAFFIC_SECRET_0 1c1b19a52e1a905afa37105a095500d213db9bcc7e73473418f296264f6d77c6 9edbcd9ff4cf067efd1749e825e4b93f72b1ad52a5ae0e62683461c9873ece2f
CLIENT_TRAFFIC_SECRET_0 1c1b19a52e1a905afa37105a095500d213db9bcc7e73473418f296264f6d77c6 c51fc3396cdff11a3c6605f2d54cfddf49faa71785f72b8c87c2a6532479c396
SERVER_HANDSHAKE_TRAFFIC_SECRET 7ee298494b1c22da5204700d7a00f6eca231a7b017cf3f83a80aac4389254532 9e83de8ba79b9cac701656addef9650171fea13491ef1fd8eb36c7a836cca8c5
CLIENT_HANDSHAKE_TRAFFIC_SECRET 7ee298494b1c22da5204700d7a00f6eca231a7b017cf3f83a80aac4389254532 28bcadc4ca559069ae5274e507e424af6e419e6813c520849bfcbca32a1056b3
SERVER_TRAFFIC_SECRET_0 7ee298494b1c22da5204700d7a00f6eca231a7b017cf3f83a80aac4389254532 a03ee245190fde130e38b2685bd576e344ae88c620754120b691d256a568f99f
CLIENT_TRAFFIC_SECRET_0 7ee298494b1c22da5204700d7a00f6eca231a7b017cf3f83a80aac4389254532 45d0e15a66d3baa41e36f2acb2e7bd135043f47f0ebaad4037c346705ac8ae25
SERVER_HANDSHAKE_TRAFFIC_SECRET 92b28382f96b69b4e8b71556ec3b879f44d58c216605b0111326fed410d1a042 1e77823fd9dc8e9e5cfcbdfa1ac5b2612e5b9c98fe7d973b367434990c825703
CLIENT_HANDSHAKE_TRAFFIC_SECRET 92b28382f96b69b4e8b71556ec3b879f44d58c216605b0111326fed410d1a042 ac86f40d2b8e9ea2db87d0ec8fdaa5f09956f98cb53ef9258dff37707cf63b2c
SERVER_TRAFFIC_SECRET_0 92b28382f96b69b4e8b71556ec3b879f44d58c216605b0111326fed410d1a042 e2bf2b82c561813ca4544a0fc42c1cbf4e6e8c92f502cccbd382281480fc3f65
CLIENT_TRAFFIC_SECRET_0 92b28382f96b69b4e8b71556ec3b879f44d58c216605b0111326fed410d1a042 e9088f54813184ef026921c870a2e85bb47bdc8288575c3f4e742334efb239e9
SERVER_HANDSHAKE_TRAFFIC_SECRET c8062e21028bd4124b7aff00c0e85b7babb00649659c31264035378339266b05 a69f8bae22f653acff11099da393d37b223bd2625d53623d86ac132d45380db8
CLIENT_HANDSHAKE_TRAFFIC_SECRET c8062e21028bd4124b7aff00c0e85b7babb00649659c31264035378339266b05 3bfb5d1cf653f5fbae17fb36a5508b5c2977304382042787b8a247eb17b24a27
SERVER_TRAFFIC_SECRET_0 c8062e21028bd4124b7aff00c0e85b7babb00649659c31264035378339266b05 e4deec31ff6ee6a1a0560474ca505ec7695ae5cccf1a7dd1bcf424cf6191e9c1
CLIENT_TRAFFIC_SECRET_0 c8062e21028bd4124b7aff00c0e85b7babb00649659c31264035378339266b05 5e4c26c4e6097af126ba24b320c30c764586169e9525a25eb4a710fce34a1453
SERVER_HANDSHAKE_TRAFFIC_SECRET 9a9a0db38c99b9396347f6b088cbfb897dcf1c1133a1c2d50b18f55759c01f5a 74196710d902aa5a609c79e29d09e19a6a13e8f25974f484dc04141c39901f66
CLIENT_HANDSHAKE_TRAFFIC_SECRET 9a9a0db38c99b9396347f6b088cbfb897dcf1c1133a1c2d50b18f55759c01f5a e90d3889d9fba0634caa1df4ee049c758ade832fdfb353050f13b7d8c56ea7b9
SERVER_TRAFFIC_SECRET_0 9a9a0db38c99b9396347f6b088cbfb897dcf1c1133a1c2d50b18f55759c01f5a 3eb807bbb343f36e25eeeea14d5d63267b61569e3502c33689f431b8697624e1
CLIENT_TRAFFIC_SECRET_0 9a9a0db38c99b9396347f6b088cbfb897dcf1c1133a1c2d50b18f55759c01f5a ee48d381c252af10633040e5254f59ec5c34a6168e7d563b00c308fcd302c773
SERVER_HANDSHAKE_TRAFFIC_SECRET b98dfa1b37cba07edfb12c8b25d5808645a3e4c72f540ed0f6c95e738a8acf71 9299c89258568ad80b79f55ccd13cae3836f8f05a6292aebf78deec980d7f3d6
CLIENT_HANDSHAKE_TRAFFIC_SECRET b98dfa1b37cba07edfb12c8b25d5808645a3e4c72f540ed0f6c95e738a8acf71 63c382afa08de8c48fc897c3e2f0b925c3acc59c9f7790c7585d3e0fc20225e6
SERVER_TRAFFIC_SECRET_0 b98dfa1b37cba07edfb12c8b25d5808645a3e4c72f540ed0f6c95e738a8acf71 eca571ae0a5f310e22c479f4d4ceddfef03694651642a37a1c9726b621ab16c4
CLIENT_TRAFFIC_SECRET_0 b98dfa1b37cba07edfb12c8b25d5808645a3e4c72f540ed0f6c95e738a8acf71 e31732701dc3f46fdf156cadb1c5f785fc03af49517472b9fce655d26d158fbf
SERVER_HANDSHAKE_TRAFFIC_SECRET 7d7a3b8384ffb0c9f244e23878d6207a9f877c69ee5cd1ece87a041c302d6d99 bb5e1e900beba3a31486ab2f3d7aa325305d65bfbc709e6c7edb76da01c4ae6d
CLIENT_HANDSHAKE_TRAFFIC_SECRET 7d7a3b8384ffb0c9f244e23878d6207a9f877c69ee5cd1ece87a041c302d6d99 1c72a043c1bdc954a6a2acd8f351056ec1fa1b012ee39545fa3bbbb08bbb87ba
SERVER_TRAFFIC_SECRET_0 7d7a3b8384ffb0c9f244e23878d6207a9f877c69ee5cd1ece87a041c302d6d99 6c5e95addb0cbfa5d6fd6b5b98a31cde7877fbb1e7c76bdba503018076bc459c
CLIENT_TRAFFIC_SECRET_0 7d7a3b8384ffb0c9f244e23878d6207a9f877c69ee5cd1ece87a041c302d6d99 e7bd4c99a051a6d91f1a4b7bb3dbc43abb954ac26f590f0b3d6acab9ba80c4af
SERVER_HANDSHAKE_TRAFFIC_SECRET 825794adbd3c80818fb7a467079daa6a4812db2244ebd5cdd01a2be0a8888404 ece133a00962fc75690b50f3e92fb5472629765bd7b45b3dc5140fee058bcac9
CLIENT_HANDSHAKE_TRAFFIC_SECRET 825794adbd3c80818fb7a467079daa6a4812db2244ebd5cdd01a2be0a8888404 8970fb5caecfacbb527d7daedb38b7b0dd1aea50a9ab8180196fef408b2dc73d
SERVER_TRAFFIC_SECRET_0 825794adbd3c80818fb7a467079daa6a4812db2244ebd5cdd01a2be0a8888404 a46b9b0a8a80290774935f0804d6a18664e6bfb6aeda316f9f3cf2d03cc9d108
CLIENT_TRAFFIC_SECRET_0 825794adbd3c80818fb7a467079daa6a4812db2244ebd5cdd01a2be0a8888404 128ab5e384148dddfcb55fcc0bf7ecbcbb3ca1910ddb84fa945060dcc53a5ce3
SERVER_HANDSHAKE_TRAFFIC_SECRET 2857d2246a8999d9dcc3c20fa546facc66b5212f45ceb200666a0051180519d2 9c0519034d75d339090ae25237533a0604b5762862f2e47f0ed92dd2f36e9410
CLIENT_HANDSHAKE_TRAFFIC_SECRET 2857d2246a8999d9dcc3c20fa546facc66b5212f45ceb200666a0051180519d2 a121684bc619e764a9e8ebe733ad88bbb0c30018047fe9fea9ff7797d4e84313
SERVER_TRAFFIC_SECRET_0 2857d2246a8999d9dcc3c20fa546facc66b5212f45ceb200666a0051180519d2 78f46f8dfd5e0ac0fa18ddbd542cc21c20b645daa5cb7ead19b2b2ede72d9514
CLIENT_TRAFFIC_SECRET_0 2857d2246a8999d9dcc3c20fa546facc66b5212f45ceb200666a0051180519d2 a41d7e3944836f2895226a685cb056ccf9287b5f1af35afe427861ac548da731
SERVER_HANDSHAKE_TRAFFIC_SECRET 19265d855f15de116148b507ae8580393ff9ba9d82c472e8e0e6c900a475513b 70dae38f4331b6eed57c1d2a5ae9af4414a90125454a38389d41fa6566e82c16
CLIENT_HANDSHAKE_TRAFFIC_SECRET 19265d855f15de116148b507ae8580393ff9ba9d82c472e8e0e6c900a475513b a04e7f2e70b7fe81a508cdde36fd6abcf03125ef41fca594177a47de344a5072
SERVER_TRAFFIC_SECRET_0 19265d855f15de116148b507ae8580393ff9ba9d82c472e8e0e6c900a475513b 8cc89b8f6e3b719db7701874e936e9609588e26cf8a4223b9e317e5afcfc16bd
CLIENT_TRAFFIC_SECRET_0 19265d855f15de116148b507ae8580393ff9ba9d82c472e8e0e6c900a475513b 70704caef12ff424781b3bb54d0a395f188d15b354bdf85f7d6aedcc2236cbe6
SERVER_HANDSHAKE_TRAFFIC_SECRET dae28dd073e2faa12646e2754738cdce09fffd73d6ac3f5cc18f90e8b2c57e1f 8b96bbd34ef865d8184da5fd928b0fd297e11f7843aa8aeda637c9ca1ed7052b
CLIENT_HANDSHAKE_TRAFFIC_SECRET dae28dd073e2faa12646e2754738cdce09fffd73d6ac3f5cc18f90e8b2c57e1f 3e592e46d610c1ff9bedadfa3456d241e9dc9a96f78f12b64d22c009b72489bb
SERVER_TRAFFIC_SECRET_0 dae28dd073e2faa12646e2754738cdce09fffd73d6ac3f5cc18f90e8b2c57e1f c60d7d9eece7ca1520c129100ddeafd1707b98d5a713fb6703d60cb24fb20352
CLIENT_TRAFFIC_SECRET_0 dae28dd073e2faa12646e2754738cdce09fffd73d6ac3f5cc18f90e8b2c57e1f e57ad088acb5ca59c3d90a1fde294bf30f7c60a563821feb727294542220e1c7
SERVER_HANDSHAKE_TRAFFIC_SECRET d2b3356af77eef140e11b8a3b4275562bfd4453e3609e4cfedd55ee7bc73e0b2 d4ab7984667f75a3c56bd831a6670176e88173760582db94a4ffc8a2d0513879
CLIENT_HANDSHAKE_TRAFFIC_SECRET d2b3356af77eef140e11b8a3b4275562bfd4453e3609e4cfedd55ee7bc73e0b2 e14029e03d8ed2f03b4d0f42f059110681cc732775d2382feb44869cca70a16b
SERVER_TRAFFIC_SECRET_0 d2b3356af77eef140e11b8a3b4275562bfd4453e3609e4cfedd55ee7bc73e0b2 c66941aa756ecc8fb7339d8de32ea3c92dbef2a4f922b71ab134ea29d4d3787c
CLIENT_TRAFFIC_SECRET_0 d2b3356af77eef140e11b8a3b4275562bfd4453e3609e4cfedd55ee7bc73e0b2 c739d9f004e284b934a7645e44d13139edd5c4917334d7a387cfbdc896c1e5d2
SERVER_HANDSHAKE_TRAFFIC_SECRET dea77d3fcc616f384ac144c9197760a2d5a54a6619d4bd832e1fbec5668b5657 60b109287d4d6f62f7526734be55c38e573deb45c2cef241691745e95ae8bfde
CLIENT_HANDSHAKE_TRAFFIC_SECRET dea77d3fcc616f384ac144c9197760a2d5a54a6619d4bd832e1fbec5668b5657 f2f2a3b6f74b62e8739aeb19e8e8937414d7a2cd0721ba47b72e165e553cd0b0
SERVER_TRAFFIC_SECRET_0 dea77d3fcc616f384ac144c9197760a2d5a54a6619d4bd832e1fbec5668b5657 27f20a54eb3fdab135dd2b914086429877447da76c03aadfd0de7b9b4331ad31
CLIENT_TRAFFIC_SECRET_0 dea77d3fcc616f384ac144c9197760a2d5a54a6619d4bd832e1fbec5668b5657 c992c88b92bbf861cc870e8fed205e48391b2b664fe8cb242eae329d90bcfec8
SERVER_HANDSHAKE_TRAFFIC_SECRET f356063ce58f78933e51425c4c4cd0c7123e4b9f3760a4014a199a1cc16e46d6 6156a0f5dd978fff2fcedbccc7d876daff20bb9069556989e4a24b1481b62070
CLIENT_HANDSHAKE_TRAFFIC_SECRET f356063ce58f78933e51425c4c4cd0c7123e4b9f3760a4014a199a1cc16e46d6 d6ff748039e882a03d1d6ce6ff6fa44b5198b9f804cae9528d2c7ed9e815042f
SERVER_TRAFFIC_SECRET_0 f356063ce58f78933e51425c4c4cd0c7123e4b9f3760a4014a199a1cc16e46d6 290fcaf88575e3d71132bdee650f3a7bae27b80bb6585e898aa54a45f0396bd4
CLIENT_TRAFFIC_SECRET_0 f356063ce58f78933e51425c4c4cd0c7123e4b9f3760a4014a199a1cc16e46d6 0480f4dc03830ebb04831d993c75db1e9f76b79bb5ed32d79e1dfd858279e6e4
SERVER_HANDSHAKE_TRAFFIC_SECRET a2b2dc1cf669c531d852969994f5bd65dfb39d34fad7d09a5cc1321bfe96c306 86f9b2da1ad0929e7e1fae3def0806ef25e809a8fc13c6929d778de2e52f55ae
CLIENT_HANDSHAKE_TRAFFIC_SECRET a2b2dc1cf669c531d852969994f5bd65dfb39d34fad7d09a5cc1321bfe96c306 3ef896ff6c69273c40d5b2b8036efc92eda7c835cb9944fc13ac2737d699873d
SERVER_TRAFFIC_SECRET_0 a2b2dc1cf669c531d852969994f5bd65dfb39d34fad7d09a5cc1321bfe96c306 eb612ae3dbf7d4c08fdec65bcae4857753556a647e2d68fc07c6657b5187c14c
CLIENT_TRAFFIC_SECRET_0 a2b2dc1cf669c531d852969994f5bd65dfb39d34fad7d09a5cc1321bfe96c306 5877dcc5c4088cfb966ba8aee6bae8b2d56a178a466315e4cdb45de209493b8a
SERVER_HANDSHAKE_TRAFFIC_SECRET ddb6235a2853a8bacfb864863caf3a0d77e204aad22ed67c0e07eada376d5928 3fb70fc34f173b8b7e6ffab5f193da313d4d61b00f2d76ebaa8012194904709b
CLIENT_HANDSHAKE_TRAFFIC_SECRET ddb6235a2853a8bacfb864863caf3a0d77e204aad22ed67c0e07eada376d5928 5a255bab35f744651ee3f5552da3c5262f84748b078fbb434b8592dfd53d184b
SERVER_TRAFFIC_SECRET_0 ddb6235a2853a8bacfb864863caf3a0d77e204aad22ed67c0e07eada376d5928 c53d9cd3165f672cfacfd827ce430193cedcdf5af7b214683875d970ad031077
CLIENT_TRAFFIC_SECRET_0 ddb6235a2853a8bacfb864863caf3a0d77e204aad22ed67c0e07eada376d5928 4e2ed3db1317c20ea0dc71a099925bfbc4b4237a201abd2a331c8540ca0d6b47
SERVER_HANDSHAKE_TRAFFIC_SECRET c10673165107bf82043518942732504ba68945d959b7e4d472c92711b240e730 fd3c591324e76b59118756e0c58b0bb2d3abbcbd5a963958fbe298b533cad77d
CLIENT_HANDSHAKE_TRAFFIC_SECRET c10673165107bf82043518942732504ba68945d959b7e4d472c92711b240e730 3c33c6d360544c335ee8b925fea74dd5207fb16e83b2dd71ccb15458dd5bf3d2
SERVER_TRAFFIC_SECRET_0 c10673165107bf82043518942732504ba68945d959b7e4d472c92711b240e730 f0594c1891b0b45f80c2c3a4330df084b2aba0c937baa6748fd87a3469dde225
SERVER_HANDSHAKE_TRAFFIC_SECRET b977b33bb3168c1a4f42e8499ed0e13b45afcbb47c48c923c89f8bac78a8b11d 1a84953187259660ef49b39f09a249da6041aef33225c88edadb691b283ebd6e
CLIENT_HANDSHAKE_TRAFFIC_SECRET b977b33bb3168c1a4f42e8499ed0e13b45afcbb47c48c923c89f8bac78a8b11d 1eee2eafce6db92c4da309134f5e9d2927092a67206386302807a3bbf142222f
SERVER_TRAFFIC_SECRET_0 b977b33bb3168c1a4f42e8499ed0e13b45afcbb47c48c923c89f8bac78a8b11d f1dea6205b6d98de2b896a9ca0ee9cafce088336a5482e11b283486aa88f106b
CLIENT_TRAFFIC_SECRET_0 b977b33bb3168c1a4f42e8499ed0e13b45afcbb47c48c923c89f8bac78a8b11d ff8ca7043c3da1f4f9e4f304706e5a0fcf5e3bfc7c1b2e56099bc14b39f7cb56
SERVER_HANDSHAKE_TRAFFIC_SECRET 3a60bddc31f259b84846bcbe970ae84cb0892061722a67d00ee44e4e8fe81039 8eb46998f4f50e9721c99c622895ff75f71dfeedc276d639a60e41a24c399d18
CLIENT_HANDSHAKE_TRAFFIC_SECRET 3a60bddc31f259b84846bcbe970ae84cb0892061722a67d00ee44e4e8fe81039 5d7465894bcc66f8d36959007f99a3dfa8cf59a158620c82e4d86983869a7abf
SERVER_TRAFFIC_SECRET_0 3a60bddc31f259b84846bcbe970ae84cb0892061722a67d00ee44e4e8fe81039 2ef2c42edd059c00a9ec4c8d029973d425b45c3a37715dfcae38123cd4ba92e0
CLIENT_TRAFFIC_SECRET_0 3a60bddc31f259b84846bcbe970ae84cb0892061722a67d00ee44e4e8fe81039 0e9c96aeb8d224be3cf63fca8fdeb833a90e46a9f740533e9978619d9a928bce
SERVER_HANDSHAKE_TRAFFIC_SECRET cca3a96459512eb587f9c7ffe9b1669985c590d8b28a2642e71de23dec9d7ca0 d031b965e68bc2fef13e582a430ef586ca241ed69556b92e7f4522bce64eba97
CLIENT_HANDSHAKE_TRAFFIC_SECRET cca3a96459512eb587f9c7ffe9b1669985c590d8b28a2642e71de23dec9d7ca0 f445cdb2142355f9384a5b654c2649f827bfb14af2d44f676ece1e1a208ba1db
SERVER_TRAFFIC_SECRET_0 cca3a96459512eb587f9c7ffe9b1669985c590d8b28a2642e71de23dec9d7ca0 e429dd272e980c025fe8c700bf292903a020dd042920c55cc1089b46c7076bd5
CLIENT_TRAFFIC_SECRET_0 cca3a96459512eb587f9c7ffe9b1669985c590d8b28a2642e71de23dec9d7ca0 5654d80e9efe5ede393db79d5e16d87406cb5c76873a5d8c8022bd433adadbd7
SERVER_HANDSHAKE_TRAFFIC_SECRET af073464a7dcccf4b0bfc3d21b5211ee8a001ede1ded0fcb116052ffabb8af27 aa6c8e111597635b856fe9f4bd0e6d5aebde3e96c5e722007dbd9498f8d9874b
CLIENT_HANDSHAKE_TRAFFIC_SECRET af073464a7dcccf4b0bfc3d21b5211ee8a001ede1ded0fcb116052ffabb8af27 2c1b0b562a676f7777dd8efd66d56c048db3d92c656f06c28986373e16f0c4a9
SERVER_TRAFFIC_SECRET_0 af073464a7dcccf4b0bfc3d21b5211ee8a001ede1ded0fcb116052ffabb8af27 06eeb290ab2e87e7618cfa2aae5783c8753c8529aac9ef5f87e9ae11dc7747db
CLIENT_TRAFFIC_SECRET_0 af073464a7dcccf4b0bfc3d21b5211ee8a001ede1ded0fcb116052ffabb8af27 9167477f415f6a1eb06fcd19066d447864195bb65258eaaf1d5756fd0119e507
SERVER_HANDSHAKE_TRAFFIC_SECRET 3550e73154517bb3fff9d72fc9c8fb813f277db523f97c5dd2d898834ff42c5b 9622fbd9991f5bb331e11a9080cfeb3f0fab27bc582230640133064bb70bde51
CLIENT_HANDSHAKE_TRAFFIC_SECRET 3550e73154517bb3fff9d72fc9c8fb813f277db523f97c5dd2d898834ff42c5b 5a9721c162fe10b41d5945ea4c9adc79ac00ae2b1d1da8c0a2a8ea237695ed77
SERVER_TRAFFIC_SECRET_0 3550e73154517bb3fff9d72fc9c8fb813f277db523f97c5dd2d898834ff42c5b 7d6c8f70e086e8b4847007a8f49f848e41bae435861085aefcfa5c45c72aaf41
CLIENT_TRAFFIC_SECRET_0 3550e73154517bb3fff9d72fc9c8fb813f277db523f97c5dd2d898834ff42c5b f599c969fea7441b187c4005cdf86b12bf9aaac61cd6e7f17812e8bce9ddbf36
SERVER_HANDSHAKE_TRAFFIC_SECRET eedde1ff603e0c83fad81811609151ec38326e79802635ae83dcfc7f739f19c6 923c619abb942b200e167b1ac2e526d415c143fd323c2a0613bd1ca7196f052e
CLIENT_HANDSHAKE_TRAFFIC_SECRET eedde1ff603e0c83fad81811609151ec38326e79802635ae83dcfc7f739f19c6 0a269c67016d48fa2f1169fa261b16d934e66e873af93e416f54db588b21b01c
SERVER_TRAFFIC_SECRET_0 eedde1ff603e0c83fad81811609151ec38326e79802635ae83dcfc7f739f19c6 3029023bc6622d1260b1c044b096b79fc91b582351e3689dc1256212f7125c05
CLIENT_TRAFFIC_SECRET_0 eedde1ff603e0c83fad81811609151ec38326e79802635ae83dcfc7f739f19c6 b276230ba88573d18528e959b93f74500d5086b96dead79359e54a9ac0515046
SERVER_HANDSHAKE_TRAFFIC_SECRET fcfbeb97aa2a2749f2bdd2c9e320699f98ce95ba07bc8122c62ab7ee23950f32 147726fddfe16880509721a8c11b7dcd2ae6253bb42daadea55eeec72560dc79
CLIENT_HANDSHAKE_TRAFFIC_SECRET fcfbeb97aa2a2749f2bdd2c9e320699f98ce95ba07bc8122c62ab7ee23950f32 3da9eaecc7c73e630d81092d7f5ae1204dbcbbf4f9bc76c22a4f4175cae0fe9c
SERVER_TRAFFIC_SECRET_0 fcfbeb97aa2a2749f2bdd2c9e320699f98ce95ba07bc8122c62ab7ee23950f32 cbf782f3c41cb54115290a8a7646a412c03800b2a0acee7ce9ba4ee07aaca134
CLIENT_TRAFFIC_SECRET_0 fcfbeb97aa2a2749f2bdd2c9e320699f98ce95ba07bc8122c62ab7ee23950f32 4ae8f18f9b6f4823cd51ab67f4ca7f65b499128dff8d0ddb2d074ffd87ca7f89
SERVER_HANDSHAKE_TRAFFIC_SECRET d3f68459f65a98e8005d5a56d93859e2edc817a0b4fcc331a7a60655f167c6d0 7dd97189c51a1413561d1a68d699b162485060a1f73e27147ddd518710686e5e
CLIENT_HANDSHAKE_TRAFFIC_SECRET d3f68459f65a98e8005d5a56d93859e2edc817a0b4fcc331a7a60655f167c6d0 b9e8f0c173b726e412ca3f63f77a90ed343a2aae7514787ff51d45718cb86e1c
SERVER_TRAFFIC_SECRET_0 d3f68459f65a98e8005d5a56d93859e2edc817a0b4fcc331a7a60655f167c6d0 c29716d55e013dec1990cdbfd07c176c17382fdfa8187b95807bdb1cc777e9cb
CLIENT_TRAFFIC_SECRET_0 d3f68459f65a98e8005d5a56d93859e2edc817a0b4fcc331a7a60655f167c6d0 df2cdfe413082eb5dce56d0138dba374446b6f80819f135f6c032b87cfe925cf
SERVER_HANDSHAKE_TRAFFIC_SECRET daa86dd5f63bde2e8f5aa0f30c8e13d525f8fcb7b69ddcd6786edaaf91c6c894 573955dc2c0e82527e2f4cdfe07062c23c42cc43b12d59972e6443620b064423
CLIENT_HANDSHAKE_TRAFFIC_SECRET daa86dd5f63bde2e8f5aa0f30c8e13d525f8fcb7b69ddcd6786edaaf91c6c894 a8d7f34563089b5a831755607bd5641cbf332135611ad66da19257a4fc39b630
SERVER_TRAFFIC_SECRET_0 daa86dd5f63bde2e8f5aa0f30c8e13d525f8fcb7b69ddcd6786edaaf91c6c894 1a4b5bca4ba4c332f65af96124e3af74408ea8f7912a0a4ca6124c81b7db0fe2
CLIENT_TRAFFIC_SECRET_0 daa86dd5f63bde2e8f5aa0f30c8e13d525f8fcb7b69ddcd6786edaaf91c6c894 8e91fee17633e21b4ceba1df9509df1523cae9c1c20cad00c81bcd7f6a489612
SERVER_HANDSHAKE_TRAFFIC_SECRET 52387ffd4cc05020f6881680d20a135a38e550b1257e315babe3a5973806f474 d096aa2653d2a8635ff0356aa1047526c14c44ad8962b72bd62ec8e3b8ca71db
CLIENT_HANDSHAKE_TRAFFIC_SECRET 52387ffd4cc05020f6881680d20a135a38e550b1257e315babe3a5973806f474 fbdd71cf8c12fecddab12d570543e376d0ddd81e0db2a12462e121474e2f3f02
SERVER_TRAFFIC_SECRET_0 52387ffd4cc05020f6881680d20a135a38e550b1257e315babe3a5973806f474 4a58c5b9a070fc323b5664e671b5b3c3565d164f626aa1a899fd18c2c6bad44b
CLIENT_TRAFFIC_SECRET_0 52387ffd4cc05020f6881680d20a135a38e550b1257e315babe3a5973806f474 4064765e5c144749566687136b4e32eed4ab779ba39dbc0e8146129560529ea4
SERVER_HANDSHAKE_TRAFFIC_SECRET 96454cb3a9e63012a3bb1825dd58341d18ae9dd5a44aff325364cb87c4b17484 08f5d9344ec89ed86e540dedd2dc6050c7e0cda1029f3c694829382b7879c957
CLIENT_HANDSHAKE_TRAFFIC_SECRET 96454cb3a9e63012a3bb1825dd58341d18ae9dd5a44aff325364cb87c4b17484 50a152fd305632f8a7a926803e7c472eb7bc884e22c74edd1b05a3755a01baf9
SERVER_TRAFFIC_SECRET_0 96454cb3a9e63012a3bb1825dd58341d18ae9dd5a44aff325364cb87c4b17484 c8dab6d700597e891bb1c7feddd1f1d058e72431045ad08b621191c79ca4792d
CLIENT_TRAFFIC_SECRET_0 96454cb3a9e63012a3bb1825dd58341d18ae9dd5a44aff325364cb87c4b17484 97a687f1841b1cdd3e16925acde234b274010ae162e4745305f9058dcdf35850
SERVER_HANDSHAKE_TRAFFIC_SECRET 63679bf7c2535e5e34168d57591e1592734b4a51d9eef7f20ada25588503438c bc97ff918655dc150ec8eea9a753d4061fddcac8eaba9277008cbbc1aa02ab3a
CLIENT_HANDSHAKE_TRAFFIC_SECRET 63679bf7c2535e5e34168d57591e1592734b4a51d9eef7f20ada25588503438c 3b6ae2dd8f7ced1d201ec0bbd5f204b081250f6d021e1bd737ed5ceb2bb8ce25
SERVER_TRAFFIC_SECRET_0 63679bf7c2535e5e34168d57591e1592734b4a51d9eef7f20ada25588503438c 4fbeceb27a78057d8592df1c241885b353d1ea9cf8d812fbf428fbb77fff9643
CLIENT_TRAFFIC_SECRET_0 63679bf7c2535e5e34168d57591e1592734b4a51d9eef7f20ada25588503438c 1a484bffa90a2a4e19a3e250bd957b8797f521c41e05029e9aaaef38ca377c83
SERVER_HANDSHAKE_TRAFFIC_SECRET 6138057dff58f698405f630fd4b622e96b4aa736361bf1c46643ee5c71a140df fe5a83ceaa264bbbf67cde0edffc8c73e2ca52c8fb94a3d521fd55f253af45a8
CLIENT_HANDSHAKE_TRAFFIC_SECRET 6138057dff58f698405f630fd4b622e96b4aa736361bf1c46643ee5c71a140df d04095965a71b388e1aa564fcd8e2455393d654080700e68293354d7e1435172
SERVER_TRAFFIC_SECRET_0 6138057dff58f698405f630fd4b622e96b4aa736361bf1c46643ee5c71a140df 5695d58fa742576c59aca997fcc4349d74b91260a8bbd1e8d7abc55808b2bcd6
SERVER_HANDSHAKE_TRAFFIC_SECRET cd0448a98a29cbf9bca49cb2af5dd1af4c7e4caa746c2773bb167fb9975cd6e1 6e97107e22322bdfe1e94e5d76cfbe92985e52a59f2ea72c31bb9b542ac72b55
CLIENT_HANDSHAKE_TRAFFIC_SECRET cd0448a98a29cbf9bca49cb2af5dd1af4c7e4caa746c2773bb167fb9975cd6e1 67eccf279bf03f7f3ff3e2cc15bec4a35935285abe286b4852b328eac63c162e
SERVER_TRAFFIC_SECRET_0 cd0448a98a29cbf9bca49cb2af5dd1af4c7e4caa746c2773bb167fb9975cd6e1 8f26a4a229b0249cb30863f3a8ae8e4e85e1dc9139a1e53a5d24d18c0d55e5d3
CLIENT_TRAFFIC_SECRET_0 cd0448a98a29cbf9bca49cb2af5dd1af4c7e4caa746c2773bb167fb9975cd6e1 836e0f9b282c11641064a187e27f267ee67974fb9cd21961956885370712d95f
SERVER_HANDSHAKE_TRAFFIC_SECRET 82dd1e0544a96ef361551bb9474bcf59afdf4b0be99540c894c8fda4ec13122c 6fd0f9e52eb2fe87d8e78e5d7e2a2bb15915adde6f80479ba94b75b2960002dd
CLIENT_HANDSHAKE_TRAFFIC_SECRET 82dd1e0544a96ef361551bb9474bcf59afdf4b0be99540c894c8fda4ec13122c a1525cb7e1352e4e694be57eb4e0ee447dc3d648738e1a885f6edac2fd0c797d
SERVER_TRAFFIC_SECRET_0 82dd1e0544a96ef361551bb9474bcf59afdf4b0be99540c894c8fda4ec13122c 6775fce3c031283d3e66c68123349d41619f3ec15e9328cf695bb3a400008ef9
CLIENT_TRAFFIC_SECRET_0 82dd1e0544a96ef361551bb9474bcf59afdf4b0be99540c894c8fda4ec13122c f6aee023dd7d15b6feb6163eb12a5e93ed4288c97fb1d0c980d03e54238599e4
SERVER_HANDSHAKE_TRAFFIC_SECRET 1a41dde8ab5560fdc0aa8d39362a12802eb438abfbb9b3b279be9ea10c565131 d788a93633ab130192bbc4571a32417e733c07adff62023de98c47e15d99b309
CLIENT_HANDSHAKE_TRAFFIC_SECRET 1a41dde8ab5560fdc0aa8d39362a12802eb438abfbb9b3b279be9ea10c565131 578d4853d81f4d07a68d4a5fe88109740dac81d9c7f9c0f2de208635d2bbcd6e
SERVER_TRAFFIC_SECRET_0 1a41dde8ab5560fdc0aa8d39362a12802eb438abfbb9b3b279be9ea10c565131 c560f1094909f0a74833330b3219cf00128816193013c5f3d18337267157f4d9
CLIENT_TRAFFIC_SECRET_0 1a41dde8ab5560fdc0aa8d39362a12802eb438abfbb9b3b279be9ea10c565131 bef3565cd19620f32cbb300776253947d69efb5d9b65b2bb45a11b586af24ad1
SERVER_HANDSHAKE_TRAFFIC_SECRET 3242a57b7f293ea0d8fab0b5dbcc43c34b1e35893978c51ad7f6c5b40bcbf41a 8fe72fcb1049ab802458166544e0c4704691e60eaa82d98216912afb927f23a8
CLIENT_HANDSHAKE_TRAFFIC_SECRET 3242a57b7f293ea0d8fab0b5dbcc43c34b1e35893978c51ad7f6c5b40bcbf41a 2c75bc8c3e31a746dfae2ba843877cd3c02b7cdb0b1f2d7557b6382c03835706
SERVER_TRAFFIC_SECRET_0 3242a57b7f293ea0d8fab0b5dbcc43c34b1e35893978c51ad7f6c5b40bcbf41a b2c720c8b34bd66761110e816279789314cdcce79147cdf5a5b57679df1b5e9c
CLIENT_TRAFFIC_SECRET_0 3242a57b7f293ea0d8fab0b5dbcc43c34b1e35893978c51ad7f6c5b40bcbf41a a349259e846efaad4f2c1705ce28ca1740a3f0ce7fed7a20902ebf8fd6462fb4
SERVER_HANDSHAKE_TRAFFIC_SECRET 409838df09f89652ab69062f5841042207a7f15e07a2ac86dabca0187c3be0a6 bbfcd61ca724b40bd3c85037cf3ec8ce104dd1abc14dd2c6bad90deca301c828
CLIENT_HANDSHAKE_TRAFFIC_SECRET 409838df09f89652ab69062f5841042207a7f15e07a2ac86dabca0187c3be0a6 98a30b4a89048729d4ff834114c8934d1878d853cd31b9c2ba096b0730a9849e
SERVER_TRAFFIC_SECRET_0 409838df09f89652ab69062f5841042207a7f15e07a2ac86dabca0187c3be0a6 b25db261963828efc50123b4a854834a475775d47ddea9fe6b31c1ec91a6d77d
CLIENT_TRAFFIC_SECRET_0 409838df09f89652ab69062f5841042207a7f15e07a2ac86dabca0187c3be0a6 1082ed97cdd6b627fdd938f4e344d865df51603bf5eeea70d9959df42239e74c
SERVER_HANDSHAKE_TRAFFIC_SECRET 59802b83a95a96ac6ecfda2e906f6609cab027511806cf5e91a9005a73c13b53 0b6c2fcb8a6f051aedf7e5c71fae88968377b5920963abd9c870bde70eb583ab
CLIENT_HANDSHAKE_TRAFFIC_SECRET 59802b83a95a96ac6ecfda2e906f6609cab027511806cf5e91a9005a73c13b53 eaaf1782f93c038716aa46a855f8cfaacdfbb41d56f30e35f85abc8e52155338
SERVER_TRAFFIC_SECRET_0 59802b83a95a96ac6ecfda2e906f6609cab027511806cf5e91a9005a73c13b53 9cd5e60a78ae57701e43ea2138dc387c89336cd1ff3dcd12c22cf3bd2f880dcc
CLIENT_TRAFFIC_SECRET_0 59802b83a95a96ac6ecfda2e906f6609cab027511806cf5e91a9005a73c13b53 6d6bd8854f35c3540f00e2a3809a6447d5346b5b09362c5cd36219fe87944575
SERVER_HANDSHAKE_TRAFFIC_SECRET fd4e27d3d6ea3c31754faacc87b0b2f2162201ed19533cd72bb1f8bd750fda6c df5edec7e570d5e8bf41a02c72792a4f4b66ec82d39d9d44a39c5da306e2990c
CLIENT_HANDSHAKE_TRAFFIC_SECRET fd4e27d3d6ea3c31754faacc87b0b2f2162201ed19533cd72bb1f8bd750fda6c 60bceeaaad05d8fd17f05a55f60d2dd65401afe96583abadcd6813b854c9a833
SERVER_TRAFFIC_SECRET_0 fd4e27d3d6ea3c31754faacc87b0b2f2162201ed19533cd72bb1f8bd750fda6c f2e7539962dea633286e3734c14394a61903aa303e131d9db3ee4a754470f16d
CLIENT_TRAFFIC_SECRET_0 fd4e27d3d6ea3c31754faacc87b0b2f2162201ed19533cd72bb1f8bd750fda6c 2ec0cb41b03b0cfd14470f5b261677c052ffd145356707e35bc8f9f9a2151ed5
SERVER_HANDSHAKE_TRAFFIC_SECRET eec0ca499d3404429f42128db238e87fb4cfb6a821fe8f1eaf4b84c93fe44382 186d3299ae387dfac15799a02aa82665c7cac91d195f5611c43305f4977e8fbf
CLIENT_HANDSHAKE_TRAFFIC_SECRET eec0ca499d3404429f42128db238e87fb4cfb6a821fe8f1eaf4b84c93fe44382 6c8a526c03e8a430a3637d606bdef2e8363174f778de018ec7baa478e058aa06
SERVER_TRAFFIC_SECRET_0 eec0ca499d3404429f42128db238e87fb4cfb6a821fe8f1eaf4b84c93fe44382 bb8a4f847fa634f9893091b86c3cb4275af4e1e7a8f66f855ffc073d4b18450a
CLIENT_TRAFFIC_SECRET_0 eec0ca499d3404429f42128db238e87fb4cfb6a821fe8f1eaf4b84c93fe44382 ad12427be5ef23d64e96f166bb7889fc61dcf28e64012f52cdbf86b36e0080d1
SERVER_HANDSHAKE_TRAFFIC_SECRET 7a1bb6043db1efdcaff663ddd7df17a86ebcd966fbe22718370176c825eff35f ef570a06b129f6f7efce88e06ec56ac6afdc8870165a01212636ba286618dd8e
CLIENT_HANDSHAKE_TRAFFIC_SECRET 7a1bb6043db1efdcaff663ddd7df17a86ebcd966fbe22718370176c825eff35f 1ae89c015911d370f0e74e21d353d840a8304043bf60ca3935da83dd9902a770
SERVER_TRAFFIC_SECRET_0 7a1bb6043db1efdcaff663ddd7df17a86ebcd966fbe22718370176c825eff35f 8a3da2f27a1dc3126d4fd3c0145e690688d05cbdc9c56f21e9c20b618dfc41ce
CLIENT_TRAFFIC_SECRET_0 7a1bb6043db1efdcaff663ddd7df17a86ebcd966fbe22718370176c825eff35f 016dd6de6b23d0100a7e8472da983a0f9cbc440df83c49fd2ead8dfc711050fb
SERVER_HANDSHAKE_TRAFFIC_SECRET 3c34e25bb8b3523de66ba86f14c69178017af0e1d6098394e6dce12706b14ce5 fe2c24307df93683c3bf7736562f02a54eb27c41c6063866d7874a45643e482d
CLIENT_HANDSHAKE_TRAFFIC_SECRET 3c34e25bb8b3523de66ba86f14c69178017af0e1d6098394e6dce12706b14ce5 5576d760f5b40b6a5f7c4252703c90b136b419d543b8d9307cbb0d5427f1d392
SERVER_TRAFFIC_SECRET_0 3c34e25bb8b3523de66ba86f14c69178017af0e1d6098394e6dce12706b14ce5 a39c98230a7032b787e66874e3738982f8ac42d6a616763f68efff10d0905763
CLIENT_TRAFFIC_SECRET_0 3c34e25bb8b3523de66ba86f14c69178017af0e1d6098394e6dce12706b14ce5 c64aecca05d7d670623dc379a53dd2eddd8eae88df7a9ab178417645b948bffd
SERVER_HANDSHAKE_TRAFFIC_SECRET 23986cd9b4fad7635bf11eed7cb721b2de519478b888bf8a3ca5be2fa787fdcd fe1f278d9433fb9704578f010a0f70e5b5b175477414c9b29b48cb93cbac0cae
CLIENT_HANDSHAKE_TRAFFIC_SECRET 23986cd9b4fad7635bf11eed7cb721b2de519478b888bf8a3ca5be2fa787fdcd e77c67df459812ebf6db464c1d0a29a33fb3f55a1f3d689fa32abdfd4353648b
SERVER_TRAFFIC_SECRET_0 23986cd9b4fad7635bf11eed7cb721b2de519478b888bf8a3ca5be2fa787fdcd 8be075ef3a8ffc56be41c0b38bea2b6eeb1d3cca05870ec46fb5456c0b82163a
CLIENT_TRAFFIC_SECRET_0 23986cd9b4fad7635bf11eed7cb721b2de519478b888bf8a3ca5be2fa787fdcd 4befe32d9c4a044711e4d63c7ec89c1ea0863087e279a3c91152bade63f0a889
SERVER_HANDSHAKE_TRAFFIC_SECRET 659553eb5e0fc19f79a314aa8ebf1bbd0a6d7bfc9f645f7b035d37073dd1d997 7d348851fbcb97a8ecb1421a9883851ebb66c811da47b489c2290d04cc03ce7e
CLIENT_HANDSHAKE_TRAFFIC_SECRET 659553eb5e0fc19f79a314aa8ebf1bbd0a6d7bfc9f645f7b035d37073dd1d997 6ac398e6efa8474da385d6e9853831dffe70c2bfd5a8fffbede883338e5358b5
SERVER_TRAFFIC_SECRET_0 659553eb5e0fc19f79a314aa8ebf1bbd0a6d7bfc9f645f7b035d37073dd1d997 54bba60749d44c5e0834fc07f0feb679ea9b1f2ddb06f73698c775fa046ea92a
CLIENT_TRAFFIC_SECRET_0 659553eb5e0fc19f79a314aa8ebf1bbd0a6d7bfc9f645f7b035d37073dd1d997 bdc795fd064ce958e1ad35d5eda75a025fb3b80636b7d285f013cb43be2a1a19
SERVER_HANDSHAKE_TRAFFIC_SECRET 7c8889a5846962ffef319c6b8bd05fd3ab1e61fc12cf814a696daa3677926890 d6ff98bb2151be0f555a1a36ca0b6e4f57e0851016e38da0ada0ab54fd982649
CLIENT_HANDSHAKE_TRAFFIC_SECRET 7c8889a5846962ffef319c6b8bd05fd3ab1e61fc12cf814a696daa3677926890 d391d86877e5e8e5cd508e6f43d6bcd6dc57320bb51469e32f8d83685ab33f3b
SERVER_TRAFFIC_SECRET_0 7c8889a5846962ffef319c6b8bd05fd3ab1e61fc12cf814a696daa3677926890 b467b14b95a4a2e8ce03d06bd32d6d592dd065325fe6a0bc2d8fdf8559726260
SERVER_HANDSHAKE_TRAFFIC_SECRET 4a987e05702023e59ca08a2d2e068a4ec346e4894206bac85157eb8666111d51 b5f7913966afd48acb631d921e0cc6bb4218e118d47aa00f4c2a93ff0107a02d
CLIENT_HANDSHAKE_TRAFFIC_SECRET 4a987e05702023e59ca08a2d2e068a4ec346e4894206bac85157eb8666111d51 66cd6292d645ed9292be1d30ed67c90a70cd06bbfbd5d039bca035570da1d9bd
SERVER_TRAFFIC_SECRET_0 4a987e05702023e59ca08a2d2e068a4ec346e4894206bac85157eb8666111d51 2b34ca3a2b9cb350de3efdd79872e171b0556a056a2887b877d6e65e1d4aa6c8
CLIENT_TRAFFIC_SECRET_0 4a987e05702023e59ca08a2d2e068a4ec346e4894206bac85157eb8666111d51 a49254c97e353feef846b17e0bc7511a392ba61fa5362092fdada4fcf66d3985
SERVER_HANDSHAKE_TRAFFIC_SECRET c572d48b35eca2612440bf45252662f59c0e9334ee6f0e2aa5ef3812136dd8a8 9e3b38327fd49a5392e89e00324b7fd64897ce73be5782d34a053d091846990a
CLIENT_HANDSHAKE_TRAFFIC_SECRET c572d48b35eca2612440bf45252662f59c0e9334ee6f0e2aa5ef3812136dd8a8 8951479db779d1c46d9a95efa36b9fdaa82c27bb296282407eb8a9bfb04fbfbd
SERVER_TRAFFIC_SECRET_0 c572d48b35eca2612440bf45252662f59c0e9334ee6f0e2aa5ef3812136dd8a8 498baced29b723d9e96b2764f5f4f1db52c83b70cfe51de1bb896ad94cc303b6
SERVER_HANDSHAKE_TRAFFIC_SECRET b324cd58641514001f98a11cc7140c802a87314f29a44c0b4cb414d9f2c96ce3 ffc2ca7d0331d15defcd40581485151952b26c8db968f0253db30af9ec8bd853
CLIENT_HANDSHAKE_TRAFFIC_SECRET b324cd58641514001f98a11cc7140c802a87314f29a44c0b4cb414d9f2c96ce3 41f619fc27722de4840f48e2c6f91efbb47eed45da50e1400ef209ae42078163
SERVER_TRAFFIC_SECRET_0 b324cd58641514001f98a11cc7140c802a87314f29a44c0b4cb414d9f2c96ce3 2f2d2a5664a309244a36064a8ec5b5391e184fbec39a45f028553d275986004c
SERVER_HANDSHAKE_TRAFFIC_SECRET a79c2330080f445ad29766d3e3b1307715ed1173a90393a7d5484a2584ae4b9d e50d4c274216b8442798bbf44711e16ebe079e7a873e496a68be2a89e6864357
CLIENT_HANDSHAKE_TRAFFIC_SECRET a79c2330080f445ad29766d3e3b1307715ed1173a90393a7d5484a2584ae4b9d 93af35ec328fbf2a2283443e333b8234674fb773310ccde8752abecafa6d22fe
SERVER_TRAFFIC_SECRET_0 a79c2330080f445ad29766d3e3b1307715ed1173a90393a7d5484a2584ae4b9d a4e6b0e6eb58118490d7845ebb68581c0a9837e0fc0761e4e52e9935e3c309a1
SERVER_HANDSHAKE_TRAFFIC_SECRET 6bb3aebf7078a826dac882fc274f8cc562462276200e9f1f2f54ab37cc7fb82c 3f2fc7378d72905f24f4d8c4e348dcf5b34e410ba820666b3f745d0a4ae2f532
CLIENT_HANDSHAKE_TRAFFIC_SECRET 6bb3aebf7078a826dac882fc274f8cc562462276200e9f1f2f54ab37cc7fb82c 9ad0baf23e15433b2464f61f0942bbdc04819be325bf5340b19c45ac7aa0a040
SERVER_TRAFFIC_SECRET_0 6bb3aebf7078a826dac882fc274f8cc562462276200e9f1f2f54ab37cc7fb82c 70991878f885398d28bf2283000c249272d27b35e3a0241f33d94f5b1f394309
SERVER_HANDSHAKE_TRAFFIC_SECRET e481c7b36d62f614a08a3748db06f5a6a427c338028ad39b4d5f5c35e5df3e91 0c1d08731d7f62850cca5c06f3cf3940693ab350b26e3bb1583074bf3ba0df2d
CLIENT_HANDSHAKE_TRAFFIC_SECRET e481c7b36d62f614a08a3748db06f5a6a427c338028ad39b4d5f5c35e5df3e91 7fc2a656a3f704d9b254f52ba165a1e22fa910498eedbe5d2f9670605b9e1402
SERVER_TRAFFIC_SECRET_0 e481c7b36d62f614a08a3748db06f5a6a427c338028ad39b4d5f5c35e5df3e91 a6febd5d5b0b8cda2442caa31f4d238809eda9c79d2a427621f30521e23718c8
SERVER_HANDSHAKE_TRAFFIC_SECRET e1b412194e1ba393da8cb843e700756b779ee9920d3a88f845501304c58c6d75 bed2b29f3038d527935725de9ec4c08b9a1180cc1635369c4fc0d0fc523b44e9
CLIENT_HANDSHAKE_TRAFFIC_SECRET e1b412194e1ba393da8cb843e700756b779ee9920d3a88f845501304c58c6d75 6f5c49c56dad44f7607381fbf4c17c8a2b43fea788f8862d53d6f2c5e02ada49
SERVER_TRAFFIC_SECRET_0 e1b412194e1ba393da8cb843e700756b779ee9920d3a88f845501304c58c6d75 09db5c8a0c7536483aecde9f10a18b807a889eecae38ad50a206ffe6a22aa45d
SERVER_HANDSHAKE_TRAFFIC_SECRET fd812017ae5e3ab3d66ce8ceb1847b03349cc32f38e96c3e364132e1066fdb4c b5b121e8a2acb1ca182962663491bf9cfd83f6eaf027bdf79d5d027638d8bb60
CLIENT_HANDSHAKE_TRAFFIC_SECRET fd812017ae5e3ab3d66ce8ceb1847b03349cc32f38e96c3e364132e1066fdb4c 5c6f44c8d8686eead61ef0cbab06478841388dde8b9962e002dc93d91d8d7994
SERVER_TRAFFIC_SECRET_0 fd812017ae5e3ab3d66ce8ceb1847b03349cc32f38e96c3e364132e1066fdb4c 7ffebd36ea89c7102f427c390c8d323519bc851bdd5428a5a79889d43252c2e1
SERVER_HANDSHAKE_TRAFFIC_SECRET 345063bda99fa275b4b4c4d632a037ddbe53c1ab055ac80e6154bc389cbf5ee2 23feb67096c988155f5e59390bd076fdbc358953486922e3b86ba8ed0ff90927
CLIENT_HANDSHAKE_TRAFFIC_SECRET 345063bda99fa275b4b4c4d632a037ddbe53c1ab055ac80e6154bc389cbf5ee2 46b68a83b036190a8c63f71fe42eaba3d920b65ed4de4944c6fd75d5cbf494ac
SERVER_TRAFFIC_SECRET_0 345063bda99fa275b4b4c4d632a037ddbe53c1ab055ac80e6154bc389cbf5ee2 5c694c1f24d840914d088fcd076f2bd955cd95f441bf5b1163964650e76dc2bb
SERVER_HANDSHAKE_TRAFFIC_SECRET 5b308810727080916e7b3cbcd74ae290c5b865e5e8bb38bfad5e707ff9e94184 853897a9e03bce7bd5cc9094015ceba7ba84ad2397ac405f2755f581cd5b275f
CLIENT_HANDSHAKE_TRAFFIC_SECRET 5b308810727080916e7b3cbcd74ae290c5b865e5e8bb38bfad5e707ff9e94184 31702f6180645dc68c20c2a31b4bcb32cdebc225137ab2948870ef47f9e145e4
SERVER_TRAFFIC_SECRET_0 5b308810727080916e7b3cbcd74ae290c5b865e5e8bb38bfad5e707ff9e94184 ac488bc727d80467e94fc6bb8c82e3a7094fc7d39cd89904e7d70e2d909e657b
SERVER_HANDSHAKE_TRAFFIC_SECRET 47b999644bf634e6e37676ea279af75ec9317cb44135574172fdb33ae139e952 712696d153093166bcc2e28e2552cc5c7c83b011ca6b65e3af7c3793377a0915
CLIENT_HANDSHAKE_TRAFFIC_SECRET 47b999644bf634e6e37676ea279af75ec9317cb44135574172fdb33ae139e952 fd4d8995a6f796efe80bd89dc148e296ee19ff7eae6e9c7401dc43cb85b8377e
SERVER_TRAFFIC_SECRET_0 47b999644bf634e6e37676ea279af75ec9317cb44135574172fdb33ae139e952 d82ef5fdca8e49fce22f735af14fa4b9dc9725d98012c37b7bbe338691fedc30
SERVER_HANDSHAKE_TRAFFIC_SECRET 1414992053a6cd19c8753a460eae0020695b69bc580c1d9f33d9fc936d596c4d 1f209e9c8d645f31e040df0b9af98d658f5b734436c93448cfb9cf6bea53887b
CLIENT_HANDSHAKE_TRAFFIC_SECRET 1414992053a6cd19c8753a460eae0020695b69bc580c1d9f33d9fc936d596c4d 5d0cfa18e3d6790429e470afb3155fd81c910f03fe0de325d032c55d9a0ec3ea
SERVER_TRAFFIC_SECRET_0 1414992053a6cd19c8753a460eae0020695b69bc580c1d9f33d9fc936d596c4d baf2f8025c15b4bb6230ceb34a339a8f8b9e5d5921d8794ae7b36568e61c4c6e
SERVER_HANDSHAKE_TRAFFIC_SECRET a7bcf6b95506b6934155eac2efac8d43eb9977c2ff30105a227c6634134c2c9d 235430e4c8b63f5b4612dd1e837557b29284d73ab0f19ae64c4dbf142d69873e
CLIENT_HANDSHAKE_TRAFFIC_SECRET a7bcf6b95506b6934155eac2efac8d43eb9977c2ff30105a227c6634134c2c9d 25b90bc9d8a28638acc0b3d2680fdb20f1c7ca0113dbc27a7fed2861e98760ac
SERVER_TRAFFIC_SECRET_0 a7bcf6b95506b6934155eac2efac8d43eb9977c2ff30105a227c6634134c2c9d 76f499e08a932f29540b5479ac3e0a2adeab7077ae63be2c1c9febd8d6e4c128
SERVER_HANDSHAKE_TRAFFIC_SECRET 8bc99039720b7a78dd3b9ac36d025a3cca79d8daa7672939d783609fcb266b62 ab1e6cd3264c62ae20df88163b9b3f900f1805d53d0a8588c686b3815dc94d58
CLIENT_HANDSHAKE_TRAFFIC_SECRET 8bc99039720b7a78dd3b9ac36d025a3cca79d8daa7672939d783609fcb266b62 df06cad8730da0e4d1fcb3b984298b25f50b264f51e31376fc5dab905231f2ba
SERVER_TRAFFIC_SECRET_0 8bc99039720b7a78dd3b9ac36d025a3cca79d8daa7672939d783609fcb266b62 770ebaf9f9bb9609b30fbc002b7c1a39b8d9d9629e960ad973a76a3bae162dc0
SERVER_HANDSHAKE_TRAFFIC_SECRET 05bad586a66fd6656d2619d21b2cc216727095854800767a2b02137c20c3dccf 19dffffd314dd1d173b34cba2493293be6dc48de1931397cece9b3ef58e3f0fd
CLIENT_HANDSHAKE_TRAFFIC_SECRET 05bad586a66fd6656d2619d21b2cc216727095854800767a2b02137c20c3dccf 8bbb9c46a9e0feb5d902abe9e8f2b14d3cb33c4c4bad7cab8aac1835e88c29cc
SERVER_TRAFFIC_SECRET_0 05bad586a66fd6656d2619d21b2cc216727095854800767a2b02137c20c3dccf 4e338f18733464d6e5325e67596f2d15a97a94f5e9ab9a81027a4602bfbc5d99
SERVER_HANDSHAKE_TRAFFIC_SECRET ebfa0d26308a12eb5ee131a6b893e0040331a55dfd07d5f415bf09f3784dd79a 214e067f23b57fa15b37cefae3c356eac1b9df6570d378da5109e9f503cfb755
CLIENT_HANDSHAKE_TRAFFIC_SECRET ebfa0d26308a12eb5ee131a6b893e0040331a55dfd07d5f415bf09f3784dd79a 9410b1f84861179dcd22937c1c64ec97ba9c739ed794b062aa488b5efc8cade6
SERVER_TRAFFIC_SECRET_0 ebfa0d26308a12eb5ee131a6b893e0040331a55dfd07d5f415bf09f3784dd79a 883476ff8057a0187ecbe9596880a2109f6a213698c16ef310c875669c512597
SERVER_HANDSHAKE_TRAFFIC_SECRET 9c1bb02d8898e32f7f0edc134498b19c482b62d14a2d06c357cd90d8dc325ec6 8005b2a5659e7260e7cb44335ede1c5e6a6165a5ffe85ae0753f7fd963e39d1e
CLIENT_HANDSHAKE_TRAFFIC_SECRET 9c1bb02d8898e32f7f0edc134498b19c482b62d14a2d06c357cd90d8dc325ec6 ed94e6bb35d17bb8a0388f94fc86caa9a6ddc90780d7b9dd4eef161dc8aee260
SERVER_TRAFFIC_SECRET_0 9c1bb02d8898e32f7f0edc134498b19c482b62d14a2d06c357cd90d8dc325ec6 3fe756f716aea7e28577f4c5f748b0247a5702c5baf2a2f202614a6a8f005d2e
SERVER_HANDSHAKE_TRAFFIC_SECRET fe72e6a1e0bc9ee12327faf70cf8e74bf511d994a14fa7e491ff8e20c450bfbe 0db76b7bf1d2c0157fa4bf0acbe0b77f10dcb984ffd0581b1500793b5f3f12ef
CLIENT_HANDSHAKE_TRAFFIC_SECRET fe72e6a1e0bc9ee12327faf70cf8e74bf511d994a14fa7e491ff8e20c450bfbe c6d5c02a4f4f40515b9766609be64620dbcb985dd2f3266104c92a9d709c304b
SERVER_TRAFFIC_SECRET_0 fe72e6a1e0bc9ee12327faf70cf8e74bf511d994a14fa7e491ff8e20c450bfbe 615c327cb83ed1843adcb09d0f024b37ba97dde28fcc74ebf98760071d36504f
SERVER_HANDSHAKE_TRAFFIC_SECRET 64ecdd4b70dfae6c01b830170843a9a2a64e1517f84c22cbec9f75a49408907f d3e779e400f0a895f66fe02024c23d46f8407c50c4e5c3ef05a03420085c932f
CLIENT_HANDSHAKE_TRAFFIC_SECRET 64ecdd4b70dfae6c01b830170843a9a2a64e1517f84c22cbec9f75a49408907f 3dd864d256e6101e7bc59078286ed0863ab310427dc11b27025bcf9f089ea9c9
SERVER_TRAFFIC_SECRET_0 64ecdd4b70dfae6c01b830170843a9a2a64e1517f84c22cbec9f75a49408907f 669de20a52d2cebafbc46a674f8582d377aa9662a32311165a1fd3408831e1f8
SERVER_HANDSHAKE_TRAFFIC_SECRET d982705f1156d328482c610870c96d6b8ebb55b91efc4e14c0934448c4bf10e5 9d1c0846b065152484e40d63579ded3b3ff8c973bcedfa18e543fd4603aece35
CLIENT_HANDSHAKE_TRAFFIC_SECRET d982705f1156d328482c610870c96d6b8ebb55b91efc4e14c0934448c4bf10e5 22315faa9c5b1eaccabacc4f7226105cd59fa0d91b2767e157a833e6b3f90cea
SERVER_TRAFFIC_SECRET_0 d982705f1156d328482c610870c96d6b8ebb55b91efc4e14c0934448c4bf10e5 71d1e44c278d90ac23a408065ed42b83af1459c2bb73d3c5d2f2e1b71e8502e6
SERVER_HANDSHAKE_TRAFFIC_SECRET f9a34791048eef7e02367badaeb585b8cd80b27cd0afeca1e423eca8014bfac9 afbe6db398089cd44e529580ecdc81f36b32faddf74f4145db510c5ac2b85f99
CLIENT_HANDSHAKE_TRAFFIC_SECRET f9a34791048eef7e02367badaeb585b8cd80b27cd0afeca1e423eca8014bfac9 0a80d70bfc1504f9882d0b66d9b393ff6740038e59fd93d1266b8a22f5c8260a
SERVER_TRAFFIC_SECRET_0 f9a34791048eef7e02367badaeb585b8cd80b27cd0afeca1e423eca8014bfac9 f6a3e12a1ac9e30a9224c2d8273c64e2e3f9a269bccf4072d3b423a49c12765c
SERVER_HANDSHAKE_TRAFFIC_SECRET 12b6e0df8bbc609b21608c7d69f6646d4bf73f45eb55b2e3b01ec368a1477d03 11e74b710da8b7ef3030dfcc4d7557799903f30a9898e7da495341ebcd6fd17f
CLIENT_HANDSHAKE_TRAFFIC_SECRET 12b6e0df8bbc609b21608c7d69f6646d4bf73f45eb55b2e3b01ec368a1477d03 e174607ac342edf9cd5203b5aefdcc215b57789a3b6feb68e55fee6d393bae42
SERVER_TRAFFIC_SECRET_0 12b6e0df8bbc609b21608c7d69f6646d4bf73f45eb55b2e3b01ec368a1477d03 6d7ba64115cd69069d6b8b3780a162bd91aee610f8d4b3f89923b92c79726320
SERVER_HANDSHAKE_TRAFFIC_SECRET 90440a71d509fc2f315769ee3c401e544fa40bf546bd0afb401950d1ac3303eb 201694f9d50b37caf1be1a83a0c94306a973bb7e94c8bee3d6f40d1be8614bd5
CLIENT_HANDSHAKE_TRAFFIC_SECRET 90440a71d509fc2f315769ee3c401e544fa40bf546bd0afb401950d1ac3303eb e7a247b4a61a78b7f748cd03f0c7c5a1e8c6af06cdef20ec9eb34e9e3a976a4a
SERVER_TRAFFIC_SECRET_0 90440a71d509fc2f315769ee3c401e544fa40bf546bd0afb401950d1ac3303eb d61f2bf616c7613d2c47aa8cc7dbceef9244264554a0d53c8e9b8adda5260e36
SERVER_HANDSHAKE_TRAFFIC_SECRET f61b1d5f75092de7ba3ad0391237e255b172b9ef52e0a289d8c0751f1b923e28 5f398096230d5e76a5f071dca15938a7f5e114aae2179e8869e76fcdaf5e5045
CLIENT_HANDSHAKE_TRAFFIC_SECRET f61b1d5f75092de7ba3ad0391237e255b172b9ef52e0a289d8c0751f1b923e28 d98e06de377b6d7726b0343be18e598706ae5800e01126eca7b48aa040d0825d
SERVER_TRAFFIC_SECRET_0 f61b1d5f75092de7ba3ad0391237e255b172b9ef52e0a289d8c0751f1b923e28 ab4669281bbebd4887ad4bfec3d6aa7645f7410c4e634b8fcc4db3529c09c33b
SERVER_HANDSHAKE_TRAFFIC_SECRET fa23d01356dd36626603b5d92b8c678aa2842ff77464587724d990c926051c75 fa472b85a01912d470f865ee5c7135281ae8bbbe93d26c08a15f081980c4e85b
CLIENT_HANDSHAKE_TRAFFIC_SECRET fa23d01356dd36626603b5d92b8c678aa2842ff77464587724d990c926051c75 ca1eba53cfe48dac8b35bbf08846f3bbd5ea29154f1b0deb5a1cfb621d670434
SERVER_TRAFFIC_SECRET_0 fa23d01356dd36626603b5d92b8c678aa2842ff77464587724d990c926051c75 33a00908d3b27a172a9916f678ab78aede405f2153c80eba5f189ed8abebc46c
SERVER_HANDSHAKE_TRAFFIC_SECRET b695a3f9f3be0196a81b19b71149c025f44506216f9ef3ac0d71e1185ddda6db 0fe7e266ef066984178a7ccd0a08afb3294aadcd13f21066504959e07cff1379
CLIENT_HANDSHAKE_TRAFFIC_SECRET b695a3f9f3be0196a81b19b71149c025f44506216f9ef3ac0d71e1185ddda6db 45ca8324b068681093e4240718c570056ece6135133b1593d27d13ec20724940
SERVER_TRAFFIC_SECRET_0 b695a3f9f3be0196a81b19b71149c025f44506216f9ef3ac0d71e1185ddda6db b10ab419c0083cf0605e0f4c2a20f13856fa8b7da7c5e6d5dea6ced40d684c09
SERVER_HANDSHAKE_TRAFFIC_SECRET 69d3f756ebe64d38f33195529e5aaf7082a2e336cf2c3c3d6aa7e5540be23f9a eeb88120c0e6c56223264972147c8d4b7a450288316fb72cffc483c20a3788b3
CLIENT_HANDSHAKE_TRAFFIC_SECRET 69d3f756ebe64d38f33195529e5aaf7082a2e336cf2c3c3d6aa7e5540be23f9a d76af4e6e2466da80eeca0ef3608f813dbf56f41f45584b23ecf37f0ad327e14
SERVER_TRAFFIC_SECRET_0 69d3f756ebe64d38f33195529e5aaf7082a2e336cf2c3c3d6aa7e5540be23f9a 2b94b873336a3fc1c6de917114578c642640b9ae0f0b19df41a1f1c5ffd65b7e
SERVER_HANDSHAKE_TRAFFIC_SECRET 5bf538b0ae47ded169ca699bef6c2f95de211f457a6185962e7f24234e728dc9 7892f87e522b2499e0d63c845bfb23f61fc14e71dec9a4ec3d823d02dac34bef
CLIENT_HANDSHAKE_TRAFFIC_SECRET 5bf538b0ae47ded169ca699bef6c2f95de211f457a6185962e7f24234e728dc9 5e029e1a6e38d8b078822afa2cd6e86c3f513f30d04892a74e27652f413af058
SERVER_TRAFFIC_SECRET_0 5bf538b0ae47ded169ca699bef6c2f95de211f457a6185962e7f24234e728dc9 14bcd442acd8872ddf293d5257c07950be5fa1930ff6350881f1743b01e36576
SERVER_HANDSHAKE_TRAFFIC_SECRET 99cc5f3e4293b05b3a514f96fe0e55d1ba423b9319cc88f23725fb824acb3ba3 ae6de4642233c7c582e7245cbe604b34c8343ce3e6558ffc73bc4287d43dfec5
CLIENT_HANDSHAKE_TRAFFIC_SECRET 99cc5f3e4293b05b3a514f96fe0e55d1ba423b9319cc88f23725fb824acb3ba3 96eb0c9c6f35a4c0cdc08a7a5a596a7648abcac9b348bacc1b3bf4d2ab44ab91
SERVER_TRAFFIC_SECRET_0 99cc5f3e4293b05b3a514f96fe0e55d1ba423b9319cc88f23725fb824acb3ba3 e479e8792b05dff0af72076ce21076af8e78055dadb4a828903c35c9c3ab95c4
SERVER_HANDSHAKE_TRAFFIC_SECRET 76c72a22d721e4526f251d03e7c5b6bc47d0987e2d1dad959f0d83fea941180c 77d09bfb9bce52190160c7f7ccbc36855a08c9a079fe1248d75ee2c0540f108e
CLIENT_HANDSHAKE_TRAFFIC_SECRET 76c72a22d721e4526f251d03e7c5b6bc47d0987e2d1dad959f0d83fea941180c ef7f460f1d50c3b743e02bcde557aa9f787c946ac75bc5fa2b1136d923cf9379
SERVER_TRAFFIC_SECRET_0 76c72a22d721e4526f251d03e7c5b6bc47d0987e2d1dad959f0d83fea941180c b7b76f928465a2cabbd2be3ee09e484dd4da0ae605055c81076e6e6fab255515
SERVER_HANDSHAKE_TRAFFIC_SECRET 9719293be7b65a2e4c6b847c867cd4bd22bba92bad87ea8003bb8b5c38d5dc1e e86fde8f562f6ab9e79455e2584973fab851b5f14f9c76d4c74f1a5ede8652a2
CLIENT_HANDSHAKE_TRAFFIC_SECRET 9719293be7b65a2e4c6b847c867cd4bd22bba92bad87ea8003bb8b5c38d5dc1e 0b6702706a585215dfddfc938d977da30c8d34ad1eb7765b6c7b025bb2188703
SERVER_TRAFFIC_SECRET_0 9719293be7b65a2e4c6b847c867cd4bd22bba92bad87ea8003bb8b5c38d5dc1e 088365c11c7886cad12f696df18e3861f45e5cbfc35b81abdf434f15a5d64da7
SERVER_HANDSHAKE_TRAFFIC_SECRET 504ad19bf703492333baae2cbbfbe7e8c0ee5e8bfd27918e683786313232f208 02fd9d3a04c950e09d2c63d6a986cff780f7f6521bef9894c70649eeb237f2b5
CLIENT_HANDSHAKE_TRAFFIC_SECRET 504ad19bf703492333baae2cbbfbe7e8c0ee5e8bfd27918e683786313232f208 a9f522e33c6e0873ab2027af8a6f7c70db84c4b4800a0caa8d222b42e0949258
SERVER_TRAFFIC_SECRET_0 504ad19bf703492333baae2cbbfbe7e8c0ee5e8bfd27918e683786313232f208 ad50988b3930084c344d9446f10fe7fbda5d4d3ae87e3d2a11bae696102d217a
SERVER_HANDSHAKE_TRAFFIC_SECRET f60639460ffbb79d655d5a44263a286f6fdf749b608724ce5f365f7f1d6c68ca b48a774050a561dd2d4f4e788a3cb8553741a32784806142c556dd3b0f1d9967
CLIENT_HANDSHAKE_TRAFFIC_SECRET f60639460ffbb79d655d5a44263a286f6fdf749b608724ce5f365f7f1d6c68ca a3e9c8a9e471b4d7c2ac7df4127ba7f4ad2ef98fb43c4a1832ed7dde37e935ca
SERVER_TRAFFIC_SECRET_0 f60639460ffbb79d655d5a44263a286f6fdf749b608724ce5f365f7f1d6c68ca 55b40e4de157985dc422a427a86109c5a9c58307c513248f20a517eb4fb4fa87
SERVER_HANDSHAKE_TRAFFIC_SECRET faa38eb6d6d25e488bc068a9114332c2defa805f2f1f49928a54034c22c7a164 13ebff05304c664df68ed19b13f19800ad51662143bbefda5d30b4b0c0bf1b59
CLIENT_HANDSHAKE_TRAFFIC_SECRET faa38eb6d6d25e488bc068a9114332c2defa805f2f1f49928a54034c22c7a164 8ffda035deaeab7174f25fccd89d946e05c4e37a415a288e71066def88d93d7f
SERVER_TRAFFIC_SECRET_0 faa38eb6d6d25e488bc068a9114332c2defa805f2f1f49928a54034c22c7a164 cebda7350a525ae0d8fa8535d2ed69a48be3d02a7db45107df02f0e6f9aeffb2
SERVER_HANDSHAKE_TRAFFIC_SECRET 0fe16232e1b3667de7228776776fd447ad58519a93262be63c67e20236efa676 3e8ba00c60da6874cf1675ee3109f26368bf46b356f740045f2d986209addd58
CLIENT_HANDSHAKE_TRAFFIC_SECRET 0fe16232e1b3667de7228776776fd447ad58519a93262be63c67e20236efa676 2481158cff1dc53e69fd2370045753011e8981a732891a0b0651b636e4420288
SERVER_TRAFFIC_SECRET_0 0fe16232e1b3667de7228776776fd447ad58519a93262be63c67e20236efa676 c5088f648eedd47561422d4fea04d593ef56b44632d265c674ce1db5ed61a961
SERVER_HANDSHAKE_TRAFFIC_SECRET 3501c1436c0a675cdfa428d67008a851e7b4a6d0272c71e0e29be38af31d72ae 2b87a9101abc4cf2d43626fcd38800d796f2d1d2dd282ef6d14a55051df1b9c4
CLIENT_HANDSHAKE_TRAFFIC_SECRET 3501c1436c0a675cdfa428d67008a851e7b4a6d0272c71e0e29be38af31d72ae 5fd24e761a70ae732e012a1fd90570537dca74ccd069a61004a95e44032c44c4
SERVER_TRAFFIC_SECRET_0 3501c1436c0a675cdfa428d67008a851e7b4a6d0272c71e0e29be38af31d72ae 0f3ecb6cc0dd40391beb23fdd5659c6c649690ce9ddb577d61a1e7c94ac6be40
SERVER_HANDSHAKE_TRAFFIC_SECRET 53052f810781b7a7e51178b11d1748a8607b3d586f6461564d6347191af4d89e ac46808f80d238e2f8c27aacddfedc05e3677ccab27952861f4cde49edc607e2
CLIENT_HANDSHAKE_TRAFFIC_SECRET 53052f810781b7a7e51178b11d1748a8607b3d586f6461564d6347191af4d89e f0235051542b8c9b6082c96f2858ad3b468c4e58e8ef6c99311adc0d304bf68c
SERVER_TRAFFIC_SECRET_0 53052f810781b7a7e51178b11d1748a8607b3d586f6461564d6347191af4d89e 1cb2d54ba3be34f17c71322b33e6e2f4d04b3dca7033ede9086fa5ad9f686fb2
SERVER_HANDSHAKE_TRAFFIC_SECRET e1434ad1e00f67cc4baf4d7deff2c3636830fb208062c1e0d0ccc51d93f3340d 880f6f53e94d478c46f75419e88e3b2074bf36f720c5df46f238dafa2bb59b2e
CLIENT_HANDSHAKE_TRAFFIC_SECRET e1434ad1e00f67cc4baf4d7deff2c3636830fb208062c1e0d0ccc51d93f3340d d11bbf717e26b42fc5c86a028b6bc67b76a73e074c46fc27188e9c75182de809
SERVER_TRAFFIC_SECRET_0 e1434ad1e00f67cc4baf4d7deff2c3636830fb208062c1e0d0ccc51d93f3340d fe44e384747648724dbbc75f06c6094f63989459487e1eebf8b7002abc7aa351
SERVER_HANDSHAKE_TRAFFIC_SECRET fe6d4919ba475e9054e69f71ad498f1a332d2546bb5359caa8499f1fea4659a0 81b6a9e5a445b4cf6755859c61d1b8f58efd34b523647e4f25f10c7fd8928d54
CLIENT_HANDSHAKE_TRAFFIC_SECRET fe6d4919ba475e9054e69f71ad498f1a332d2546bb5359caa8499f1fea4659a0 b5ecb1a78d514c4536522ef30b872faab4ca145c81512ea108973e7dd22dfa26
SERVER_TRAFFIC_SECRET_0 fe6d4919ba475e9054e69f71ad498f1a332d2546bb5359caa8499f1fea4659a0 b6e33039baf9d8b553f7f2766e5ffad2035cbf95c0a93e3806c4bb56e4751d89
SERVER_HANDSHAKE_TRAFFIC_SECRET f31400aa04d067b8a42a4b17dbc9038e2abcd6e9b011664371676fd63f1febef 859c019cdcba501659eeb3f1c5e9634ac4f68df4260e055fded5a9f833fe108e
CLIENT_HANDSHAKE_TRAFFIC_SECRET f31400aa04d067b8a42a4b17dbc9038e2abcd6e9b011664371676fd63f1febef 2263e8d947b02dde5045dbd014b1880b1bc1213b249b1e64563d9740bc3bb94e
SERVER_TRAFFIC_SECRET_0 f31400aa04d067b8a42a4b17dbc9038e2abcd6e9b011664371676fd63f1febef 4f6c23f7975281e53a2057cdbfe092f0eb1e99400ae495a4446c624b3a4c2034
SERVER_HANDSHAKE_TRAFFIC_SECRET dd24546eb74ac0c3627b63c85703ec3c8a60646ab3fedba4173b7e2ca9656c9f de55caf8d9329607c8464d32aa6de206c495d3b8bb1bff797ea216be4436eeb6
CLIENT_HANDSHAKE_TRAFFIC_SECRET dd24546eb74ac0c3627b63c85703ec3c8a60646ab3fedba4173b7e2ca9656c9f d178a84f2b6174bf37f7f5f35d5a2d48b7a1ab486b03d378ee419c382dda4a02
SERVER_TRAFFIC_SECRET_0 dd24546eb74ac0c3627b63c85703ec3c8a60646ab3fedba4173b7e2ca9656c9f 34ff8bc1470aac07c68b7962d438048e636a16746df890475c402fe011e1d62c
SERVER_HANDSHAKE_TRAFFIC_SECRET a0a1e44061b0b690b24fb8f34892ad21d69ecfd490bb60bab1b9d6246783927c 3780abed03e0069984bb49c93b4d30da850750be846b62b16f52b5d622350e55
CLIENT_HANDSHAKE_TRAFFIC_SECRET a0a1e44061b0b690b24fb8f34892ad21d69ecfd490bb60bab1b9d6246783927c e1d5c37ad0a689b4fc73938f83219183929f284ea19f0246a7c94f44abf07688
SERVER_TRAFFIC_SECRET_0 a0a1e44061b0b690b24fb8f34892ad21d69ecfd490bb60bab1b9d6246783927c 7a497ec47102b37c3bed68d802d7c7e7a189cb4c1ab77bce0c05f1961846f83b
SERVER_HANDSHAKE_TRAFFIC_SECRET 613bfd72a8fb6eff7c110bdfcd3f10c3f4d000ce4281f93fc60176750a96e061 66d2aad7a942153e99b5a23a28b0cd832450e6e5470cab49c2f54c5fd9a11c9c
CLIENT_HANDSHAKE_TRAFFIC_SECRET 613bfd72a8fb6eff7c110bdfcd3f10c3f4d000ce4281f93fc60176750a96e061 5b625fdd3efd35a04b147c12b68cf25160cad5c230c1570cf7bcafa737b38210
SERVER_TRAFFIC_SECRET_0 613bfd72a8fb6eff7c110bdfcd3f10c3f4d000ce4281f93fc60176750a96e061 de000f0f68b6ca5b1bd2c607a1b986762e048503e09589e5e46edcec42e3fba4
SERVER_HANDSHAKE_TRAFFIC_SECRET 697d91c3a6f34bce12d797150af6d48ac1d1ad247cf195c125fd50e48b8fd090 739f47b47b374b78a801a9234250a8404cf8c3850de97eb1f0a946c680473e6f
CLIENT_HANDSHAKE_TRAFFIC_SECRET 697d91c3a6f34bce12d797150af6d48ac1d1ad247cf195c125fd50e48b8fd090 54501195fc2ec551918770001b492a3ca5b3bde9fb8d61482ffad45f102b8cda
SERVER_TRAFFIC_SECRET_0 697d91c3a6f34bce12d797150af6d48ac1d1ad247cf195c125fd50e48b8fd090 99b128ade0b549cfb47a28efe978653d395d3301a858f29037fa43a025ba1393
SERVER_HANDSHAKE_TRAFFIC_SECRET e3d2757a0512de5c70271078f5b8aa96549eafa86d4de7160e1cef71331714eb f7634e2f26750506792a8d07c61535dcbc9a46a14e543bf7405fc084bed0b199
CLIENT_HANDSHAKE_TRAFFIC_SECRET e3d2757a0512de5c70271078f5b8aa96549eafa86d4de7160e1cef71331714eb 9d13194dc88820cb67020deebb3d3774ad7e00eed931c3a06190792cd71bb230
SERVER_TRAFFIC_SECRET_0 e3d2757a0512de5c70271078f5b8aa96549eafa86d4de7160e1cef71331714eb 0d5668c41416c052195d95c92d83e3500dffbe4dbc397a7259c992cef9d4ba87
SERVER_HANDSHAKE_TRAFFIC_SECRET 87eb47642600b8983ea0b7af1581dcc424fe4719743782f64d6c826fed6c854c a4030d0edbb2b7847fb7e40925067e0340ec2590bd90bdf67e4aa849aaf7e990
CLIENT_HANDSHAKE_TRAFFIC_SECRET 87eb47642600b8983ea0b7af1581dcc424fe4719743782f64d6c826fed6c854c 070ba0f6c7a350bebd3322262176d7cafe715caf740751497f98e33cc78f1c89
SERVER_TRAFFIC_SECRET_0 87eb47642600b8983ea0b7af1581dcc424fe4719743782f64d6c826fed6c854c 4d8811f2afcc59622e071b5714500a5f8e0b0d50f990b03d76666af5a54ed859
SERVER_HANDSHAKE_TRAFFIC_SECRET 980a302259439680bc276c949216810aeb1e8640297c5d286b94d0f19d564bca 71e45b2669c2c108127195e29216a3f40a032f44ec37a487c9335b54fa307d53
CLIENT_HANDSHAKE_TRAFFIC_SECRET 980a302259439680bc276c949216810aeb1e8640297c5d286b94d0f19d564bca a3b76f8e49eb80f94f45eeb11e469bf0591494bbead2ffad42987ef1d6c07fc9
SERVER_TRAFFIC_SECRET_0 980a302259439680bc276c949216810aeb1e8640297c5d286b94d0f19d564bca 0270f9dc5ca4dd968b8f2ff31381a0c95c61a112846aa36f1e304bfe5332b2c2
SERVER_HANDSHAKE_TRAFFIC_SECRET d3cf001690950c7262fc5ad711645931db86951ac81a63137e29a3bcb9289f96 26f393e8df400bc60e788f6db6d0f420be810e1208ab940d85e68e209aa72f73
CLIENT_HANDSHAKE_TRAFFIC_SECRET d3cf001690950c7262fc5ad711645931db86951ac81a63137e29a3bcb9289f96 14b8eedf063786dd1b0744808903cce010660f22e9a1e1210ec0553d5c57c1b1
SERVER_TRAFFIC_SECRET_0 d3cf001690950c7262fc5ad711645931db86951ac81a63137e29a3bcb9289f96 7b3bf1ac4378af26f45159c5b615dbc7ef13a2b88d92b7e1e640e108f913b27c
SERVER_HANDSHAKE_TRAFFIC_SECRET ba13a89a4d2e4fc7c20ebb34063552f6de587407601f8e10174f981d2e2630a4 017e0d23546c4308068cbbbf560b18d41cabd43df5e4cfdaf0a8573f2cbd1363
CLIENT_HANDSHAKE_TRAFFIC_SECRET ba13a89a4d2e4fc7c20ebb34063552f6de587407601f8e10174f981d2e2630a4 4682157483cc70f8d736fd4fe42e8310b91b89a1f8bfec857a70d8fd2d4bea0a
SERVER_TRAFFIC_SECRET_0 ba13a89a4d2e4fc7c20ebb34063552f6de587407601f8e10174f981d2e2630a4 e3123839b1fa72653785aa8228420e97f5707a0f45173314631975c9a4c05d3e
SERVER_HANDSHAKE_TRAFFIC_SECRET 98f5c349487af905c713c90735296b80a747f9d98967f82f5cd08456d139fa9c b768ada0ad5da511630e70e7ad111cd87149e01983278585770ce3cb4c1c1433
CLIENT_HANDSHAKE_TRAFFIC_SECRET 98f5c349487af905c713c90735296b80a747f9d98967f82f5cd08456d139fa9c 971e69ffd2aeee64f0fc2e540d95b81dd80c2fa6f502ee7641ab5dc3aad56483
SERVER_TRAFFIC_SECRET_0 98f5c349487af905c713c90735296b80a747f9d98967f82f5cd08456d139fa9c 153b05e913ac8c9b5cb4c5e6c977112c113eec818bdb0bcb0d526464f350ae34
SERVER_HANDSHAKE_TRAFFIC_SECRET 93c25c22c104c3f402c14fdf265c66179d4a65311a4460db681e9e8556fba4d0 8ef673aec22ebaf537eeeb9fbe443491673482dca9b4035d7fdaa56be4e13b60
CLIENT_HANDSHAKE_TRAFFIC_SECRET 93c25c22c104c3f402c14fdf265c66179d4a65311a4460db681e9e8556fba4d0 033615350cb6f25660d468e59b10829e53b27d6a2fd04a039b71dc33d9194386
SERVER_TRAFFIC_SECRET_0 93c25c22c104c3f402c14fdf265c66179d4a65311a4460db681e9e8556fba4d0 aa655829287a7acafb71ce7d5a443af6866aab95129985f679e6952253a180c8
SERVER_HANDSHAKE_TRAFFIC_SECRET e6e25c5ff7b8b12b2330a32c1e2b5d42ec634014f89aefa7a8e8a1ddbb46f1f0 8ea69e31adc98e51e5337ab9979f933589c4b79078aa98b5348cc309a6978488
CLIENT_HANDSHAKE_TRAFFIC_SECRET e6e25c5ff7b8b12b2330a32c1e2b5d42ec634014f89aefa7a8e8a1ddbb46f1f0 c48f9f7e7f09eebf3e51ee9e33b6e788fb4462c7d872ba269fcc4e88328508b8
SERVER_TRAFFIC_SECRET_0 e6e25c5ff7b8b12b2330a32c1e2b5d42ec634014f89aefa7a8e8a1ddbb46f1f0 8352599198682ffe137a710ac9d363b7a87ad00306de84fbcda994f5147a41eb
SERVER_HANDSHAKE_TRAFFIC_SECRET a97acafee0a10bc9dd66550376aa774a7864ef572bfc1714580cdd202c768e17 8e4880bd72637a20195fa0e8882afc2430cb75c6fb83ee5c5f52aa9b37dc4acc
CLIENT_HANDSHAKE_TRAFFIC_SECRET a97acafee0a10bc9dd66550376aa774a7864ef572bfc1714580cdd202c768e17 44af1cbf7ce7f0cc16a9621e5fa1ba2e1cb2ff466aa145ad0fa602a52bbe95aa
SERVER_TRAFFIC_SECRET_0 a97acafee0a10bc9dd66550376aa774a7864ef572bfc1714580cdd202c768e17 57bc6bd0ac24f9d200638fe8010ede968fc10d6c151977d5655bd550833391ea
SERVER_HANDSHAKE_TRAFFIC_SECRET 503eff13f7c2af597b8247ba44659aece9cd97412155013ecc6338d66fd0597d da2acfd0658d1c26bb94f89c80d09a23d5db128c82dff59c6e1fbd6e203018f8
CLIENT_HANDSHAKE_TRAFFIC_SECRET 503eff13f7c2af597b8247ba44659aece9cd97412155013ecc6338d66fd0597d dc7c30fd2131d9f3a4622e8fd76bbc6625d8a12185fec67b56f3f6612816c527
SERVER_TRAFFIC_SECRET_0 503eff13f7c2af597b8247ba44659aece9cd97412155013ecc6338d66fd0597d 4ef0110ec76e18e08be07e3bb732abb177740535aab44673de6e834dc1cca201
SERVER_HANDSHAKE_TRAFFIC_SECRET 274b41d4d3a967a1aca65db91f9d92c5684373737994d3302029fbf66c4a3efd 88556e14b0f99bfe462fe694a3e73981e7bd248e1a32dc8e6743546e4b9d6491
CLIENT_HANDSHAKE_TRAFFIC_SECRET 274b41d4d3a967a1aca65db91f9d92c5684373737994d3302029fbf66c4a3efd e42f5a60969b1742e4d65949dc244e09b4de48d95c2822b04db45b8fe39dcf82
SERVER_TRAFFIC_SECRET_0 274b41d4d3a967a1aca65db91f9d92c5684373737994d3302029fbf66c4a3efd 2ebf443183d5487fb73054f4e785e90b54276702632e63cdb6225b4fb4bcd9c6
SERVER_HANDSHAKE_TRAFFIC_SECRET d09f07978aa25f254c252a89e40ab9b075cd34e2b9ac20a35b089a3967ba9e89 4b8aed52b162c5438fc4026af6fa127581edc3c58549945cc43786bd60b7d528
CLIENT_HANDSHAKE_TRAFFIC_SECRET d09f07978aa25f254c252a89e40ab9b075cd34e2b9ac20a35b089a3967ba9e89 1367189aee9835f5029c85b4d4740a1c828e14f75de2a2af381e17f4c4c9b8dc
SERVER_TRAFFIC_SECRET_0 d09f07978aa25f254c252a89e40ab9b075cd34e2b9ac20a35b089a3967ba9e89 a4fdc52c1e84da9aef3afcc632536f2e70b434025ed11f890022b3f1dd2265c1
SERVER_HANDSHAKE_TRAFFIC_SECRET 43b8f80fa2baf1051e9a09bb54e354418af71770108fde572bd94aa0e0ffc81e f87e404c41832ce5cc00af17b98a33203ac617b73d7aea8df78bff09def8fe90
CLIENT_HANDSHAKE_TRAFFIC_SECRET 43b8f80fa2baf1051e9a09bb54e354418af71770108fde572bd94aa0e0ffc81e dd7d85c0c3f038490ee1ea967a080aeb498d5de33cd7afa4c40fc11ca808de68
SERVER_TRAFFIC_SECRET_0 43b8f80fa2baf1051e9a09bb54e354418af71770108fde572bd94aa0e0ffc81e afce9c38e4d41e969be1ca7965273842c5910f1f2be8bb8e51a03921cd817d0e
SERVER_HANDSHAKE_TRAFFIC_SECRET 893472f06b01fb347842b833b1b073ba7c420dff070204fc7615749563709e0b a8cf9ccf062b2e7077061fd243fb7ac33b4f4b77232c087c5927077401856faf
CLIENT_HANDSHAKE_TRAFFIC_SECRET 893472f06b01fb347842b833b1b073ba7c420dff070204fc7615749563709e0b da884fc02a76c47df1b9fe4afb08549953f2df583ab5e3fabd8cb6df23236e94
SERVER_TRAFFIC_SECRET_0 893472f06b01fb347842b833b1b073ba7c420dff070204fc7615749563709e0b 59c4b4574e54607c2df3098d39439283afefa92cd1e68adc679f0501d1b225b4
SERVER_HANDSHAKE_TRAFFIC_SECRET 3a359ffe6c050b6dd2844f759911450072d833e3d6f67010db44fa256334ec50 53d41e1c8c705e64cfb813e5bdaae46bd404f87ccc10f6e5b09288b215b975c4
CLIENT_HANDSHAKE_TRAFFIC_SECRET 3a359ffe6c050b6dd2844f759911450072d833e3d6f67010db44fa256334ec50 c7fabc0a82018d742a89988bb16fd5b87002d8c14b23f2f9be0413b89919a2a8
SERVER_TRAFFIC_SECRET_0 3a359ffe6c050b6dd2844f759911450072d833e3d6f67010db44fa256334ec50 0d3f387f503763f1f93469eec9c57f636174cd654f2d3c217127ff8a0ad62be3
SERVER_HANDSHAKE_TRAFFIC_SECRET 4b01d5a6df851f7cc6e726ff340e70f799e7b20535574de52998fac1092d5129 fcb1d0378b3bb7b729d5a0c97b9b3db9b7b9e3a52650ebcc4de544c112d665e4
CLIENT_HANDSHAKE_TRAFFIC_SECRET 4b01d5a6df851f7cc6e726ff340e70f799e7b20535574de52998fac1092d5129 13a15a7229f9bc95fcaf036581d683af26fe16bcd9f62bad72c70dcc8f68dea1
SERVER_TRAFFIC_SECRET_0 4b01d5a6df851f7cc6e726ff340e70f799e7b20535574de52998fac1092d5129 4b3f11bc8a1d94d859d11567c3909f1081d3b184d29fe12e6eb40ff02a2a7494
SERVER_HANDSHAKE_TRAFFIC_SECRET cf634c4223f185b0084085ff5be63c695905930bf52fc9ba511211d7c6d89193 a2d47dab659ae0724058d7fe9573b45101b30c5b9b8f274dfca4b3f96776dcf3
CLIENT_HANDSHAKE_TRAFFIC_SECRET cf634c4223f185b0084085ff5be63c695905930bf52fc9ba511211d7c6d89193 5004b876c9b652cd41fdeecd809f3fb1413938da9066c4c289f855fe2a6508c3
SERVER_TRAFFIC_SECRET_0 cf634c4223f185b0084085ff5be63c695905930bf52fc9ba511211d7c6d89193 40d984d9beb61ea9bfa18f97b57733fcf619f8dda53a7f616b03624de9f82b53
SERVER_HANDSHAKE_TRAFFIC_SECRET da88896993d0f62bc3d7e739a812f1781246382e55a81511e0eb6551caabac49 fa8038bcd166895c8cbadc119cad1e556393987156ff9bfd81d97f5018a3cefa
CLIENT_HANDSHAKE_TRAFFIC_SECRET da88896993d0f62bc3d7e739a812f1781246382e55a81511e0eb6551caabac49 8bf2a5848668f79a52d39bcf27d0b614976658637a06a7235c3d01caef0ad914
SERVER_TRAFFIC_SECRET_0 da88896993d0f62bc3d7e739a812f1781246382e55a81511e0eb6551caabac49 2d6172e0d28d5e3babb8bc974008dd77d1348596bf8a3160040541bd746a637b
SERVER_HANDSHAKE_TRAFFIC_SECRET 08163e0f7b837bb5d655d9db7c65a467f6aeaa85f832a7a1c2526d266288dc3b d80010e2eb548999b66e7711fd39acaf5d580419ce93c1db1d47d9c081689f8a
CLIENT_HANDSHAKE_TRAFFIC_SECRET 08163e0f7b837bb5d655d9db7c65a467f6aeaa85f832a7a1c2526d266288dc3b c2ab63678ce624d4b8f51276c47960b1b4441faf4b1dc6b0d9d79c4b63407c55
SERVER_TRAFFIC_SECRET_0 08163e0f7b837bb5d655d9db7c65a467f6aeaa85f832a7a1c2526d266288dc3b ab03968ed2b7c74c2e77427dd3364dd519cb339aa918932efd62a38cde45d334
SERVER_HANDSHAKE_TRAFFIC_SECRET a55c14a7a67f3b284be76d5d3df91418927dc1a259a682b1a5a6dfa641946a8f 06ebb9ec2d2a9c02170bec4ff26fb08d8b956c2870d8a5471d4154624844cc59
CLIENT_HANDSHAKE_TRAFFIC_SECRET a55c14a7a67f3b284be76d5d3df91418927dc1a259a682b1a5a6dfa641946a8f 7fba27eb5123c2b0487d48323688eeefe40f7a1525da50b4942e4080190bd2f0
SERVER_TRAFFIC_SECRET_0 a55c14a7a67f3b284be76d5d3df91418927dc1a259a682b1a5a6dfa641946a8f c4abfd43a869f908d73407373e96eab49ae8a803565fb6f447788f068e8bcf65
SERVER_HANDSHAKE_TRAFFIC_SECRET 7e9559c0b1db2cabd1a41a47057725706c6be41e3eb98ff6ab2ae4f1dbdbc0cc 5988d02b51e857988642b28b104fab775b97a10079bd19585e49fad0855e4c98
CLIENT_HANDSHAKE_TRAFFIC_SECRET 7e9559c0b1db2cabd1a41a47057725706c6be41e3eb98ff6ab2ae4f1dbdbc0cc 3fb2ada7926582b9f2987183b4243b2fbde42edc6a664441ca05b191e88d093f
SERVER_TRAFFIC_SECRET_0 7e9559c0b1db2cabd1a41a47057725706c6be41e3eb98ff6ab2ae4f1dbdbc0cc 7084064f6f6b61670165b6fe7c7933c0204b2033af978d93b0e9a69af73df5e2
SERVER_HANDSHAKE_TRAFFIC_SECRET c88e94e1f6092bfc06d9a11246d0ce20d2a112cf1a246fb319a897a50973f284 16a324a322997fe01eafffce414dfff8052fd361dcb3ac3e2eddf0c7c39aa7e8
CLIENT_HANDSHAKE_TRAFFIC_SECRET c88e94e1f6092bfc06d9a11246d0ce20d2a112cf1a246fb319a897a50973f284 b61299f69cfcdd15ab4d42df87c5a826412492ecdf2146809bd4ac38576686e8
SERVER_TRAFFIC_SECRET_0 c88e94e1f6092bfc06d9a11246d0ce20d2a112cf1a246fb319a897a50973f284 fd4f654fae47315289a97381e1c59332c006b5efc6016bdd567b8e311c0510b5
SERVER_HANDSHAKE_TRAFFIC_SECRET 9a5f1a869f4d9a38ec4eb0c9998ca51bc9f1741b11314cccbd831e3e171b7196 bb25b86497ecfe482f2eb08a4c043a17a8445a81a133c48fbfcc2f2655e46cdb
CLIENT_HANDSHAKE_TRAFFIC_SECRET 9a5f1a869f4d9a38ec4eb0c9998ca51bc9f1741b11314cccbd831e3e171b7196 30a46f755c2a3ba498afbe59f4fbfbeb6898b19c33166785b1780a21c640f039
SERVER_TRAFFIC_SECRET_0 9a5f1a869f4d9a38ec4eb0c9998ca51bc9f1741b11314cccbd831e3e171b7196 d6b13f0cf8f0aa57beec29413bfd060b6f2cb445e15f417fb38640256416fa38
SERVER_HANDSHAKE_TRAFFIC_SECRET 2d5d4d0a4845d64d98a7b7c380d9828010b9b81a71093fce269b285b5a2c6484 6bda42baacb00f1c624ec3d029fa8d1215dae18979ff38aa28a0ad9e67f4d270
CLIENT_HANDSHAKE_TRAFFIC_SECRET 2d5d4d0a4845d64d98a7b7c380d9828010b9b81a71093fce269b285b5a2c6484 0c0d53f477af14f10c1492ed6a150c1b17b6edd71a28d6e05903394658d0750a
SERVER_TRAFFIC_SECRET_0 2d5d4d0a4845d64d98a7b7c380d9828010b9b81a71093fce269b285b5a2c6484 a17ee7629d96e6841de286e50d6776aea2ac5c968e2e26929f93ff0744ad03e0
SERVER_HANDSHAKE_TRAFFIC_SECRET b8f65d5c66ef673fd2eab468ec25c3d20e77257a1726d1f1a756076042256671 aa4754cc8efed7a3282ec502b25b848f2f2dc637e87ffaa178afcc074f22e7aa
CLIENT_HANDSHAKE_TRAFFIC_SECRET b8f65d5c66ef673fd2eab468ec25c3d20e77257a1726d1f1a756076042256671 9b9928c8ede8b48457f5d3824edd401b53dc5c75272357a94f48f4bc68fdec5c
SERVER_TRAFFIC_SECRET_0 b8f65d5c66ef673fd2eab468ec25c3d20e77257a1726d1f1a756076042256671 4bccc0076411684323c7dc0108e31d198a15c4af0d6b4aee2ab93857b48b4f7b
SERVER_HANDSHAKE_TRAFFIC_SECRET cfdb9f0c4435abd5b7ce29f42e987ed1ad1103ce8140fdf88474de9bcf3f3405 a3aabf7f77c4b56192954cdb3712b1b15980d632e67734e9668c5ea2cbb5e1d4
CLIENT_HANDSHAKE_TRAFFIC_SECRET cfdb9f0c4435abd5b7ce29f42e987ed1ad1103ce8140fdf88474de9bcf3f3405 54f0a579df1bbda75721db063494b775071b4f530719c73c62df8a76f48f12e5
SERVER_TRAFFIC_SECRET_0 cfdb9f0c4435abd5b7ce29f42e987ed1ad1103ce8140fdf88474de9bcf3f3405 a8538462def3e0f707b5979f9ae85083c7238298cc0637b6e2085a70728db77e
SERVER_HANDSHAKE_TRAFFIC_SECRET aced9c585b399401c676578f5038feed702a065a56c68c0fc261c30c51a5c584 42a8a9f48c4421d2e776f82da286d68fc5b66c02387ea92a4d3ddfc06f874277
CLIENT_HANDSHAKE_TRAFFIC_SECRET aced9c585b399401c676578f5038feed702a065a56c68c0fc261c30c51a5c584 1e8ae4199531898f412fda2281f8a47b8316401b97f0a9efddd8098e90e73ed7
SERVER_TRAFFIC_SECRET_0 aced9c585b399401c676578f5038feed702a065a56c68c0fc261c30c51a5c584 790c9cf4cb711867f7f0677f85f6b3e3a5dbf18202d0e1295126c2793d106386
SERVER_HANDSHAKE_TRAFFIC_SECRET 3c8e01fa5b234a27ec5bcd443a0e7548302fccb70a47bf323bb16383c1747e3e 899294c29af4a8e7905082830f3067a46f45842cd58cb70251e0860414eded01
CLIENT_HANDSHAKE_TRAFFIC_SECRET 3c8e01fa5b234a27ec5bcd443a0e7548302fccb70a47bf323bb16383c1747e3e 1872af1251e13914955d4bcc5367caeca70af69a85f6c32eb7c1e37f98d629a2
SERVER_TRAFFIC_SECRET_0 3c8e01fa5b234a27ec5bcd443a0e7548302fccb70a47bf323bb16383c1747e3e 7c9a55329dfe73769481bb08e8860e1c4bb8ce3fa5e0f1409af25e1611b9c4d0
SERVER_HANDSHAKE_TRAFFIC_SECRET 720d677f83b7b15f0aa57cc827d32694300d3019e018c3fa6bd73203b541090c 356c15f493bd775e78fe261685bf00ee2bced1373e63417b3ae7fdae76234316
CLIENT_HANDSHAKE_TRAFFIC_SECRET 720d677f83b7b15f0aa57cc827d32694300d3019e018c3fa6bd73203b541090c 741cbc6c92aa1cfa94d9989f6e91da16d549fcb35dd836dbf121681a07b92a1a
SERVER_TRAFFIC_SECRET_0 720d677f83b7b15f0aa57cc827d32694300d3019e018c3fa6bd73203b541090c 5f99878d4d9c224e3a8bf9d876a16e441cf98b39aaf7ab381a33d1aa61004d68
SERVER_HANDSHAKE_TRAFFIC_SECRET b7026992dfa1a2052afb56b343295e602b70d0bfc7ffcbb6f645f977832cc3a2 93c08ce93c5337a34871d35213032325e84a6cedb2af69532b83bb8d4854859b
CLIENT_HANDSHAKE_TRAFFIC_SECRET b7026992dfa1a2052afb56b343295e602b70d0bfc7ffcbb6f645f977832cc3a2 858d41559ebb982d40ebfbf04fc79cea4e10aab4d2706acd022a985dfd487f99
SERVER_TRAFFIC_SECRET_0 b7026992dfa1a2052afb56b343295e602b70d0bfc7ffcbb6f645f977832cc3a2 ff77822bc9758d309700cb141a613fd33189ff53019aff0e37533711e9a9ab56
SERVER_HANDSHAKE_TRAFFIC_SECRET 0a9f0d19aaf863178c47cf5e1b6a7c7007fc8304a5ed9e130ade7aebcd05bf95 473694352272ca5f024be0c783ae60670abd96a00391e3d9f501edb89826ea38
CLIENT_HANDSHAKE_TRAFFIC_SECRET 0a9f0d19aaf863178c47cf5e1b6a7c7007fc8304a5ed9e130ade7aebcd05bf95 6449009a502e0e1a917e3a16fde0d7e4d218769809f52de1f87c5d841444a417
SERVER_TRAFFIC_SECRET_0 0a9f0d19aaf863178c47cf5e1b6a7c7007fc8304a5ed9e130ade7aebcd05bf95 0af4edb7fe9da36396ede56f7cfc0014a43a9145dc81f604b70d46f0d8d22264
SERVER_HANDSHAKE_TRAFFIC_SECRET 8cf1306ae60524b1430fc8b704dcb38a0bfb8ea8ce252ca4cd9b1b370ae6ccc4 8522e28996aed996aa79cb94b22f189d7ebb2b25b43f4c02fc68c86cfaae65c6
CLIENT_HANDSHAKE_TRAFFIC_SECRET 8cf1306ae60524b1430fc8b704dcb38a0bfb8ea8ce252ca4cd9b1b370ae6ccc4 8d9f6635f339593bf6ebea45f2cf86a7334f6ddd1d695ef72e048be858ca9bf6
SERVER_TRAFFIC_SECRET_0 8cf1306ae60524b1430fc8b704dcb38a0bfb8ea8ce252ca4cd9b1b370ae6ccc4 0dfad68fbbbf407b87fdbe0c07b740276fb3032f2cbf078016b067bf4e0f9b62
SERVER_HANDSHAKE_TRAFFIC_SECRET aa5cab86212bf372041f1b8e698c9b6ed0a91202382baabbc71e46ea0dadd548 e728661d013c33aa8611664280ae02e46a96eefcd9ea446b262eb06ac211042f
CLIENT_HANDSHAKE_TRAFFIC_SECRET aa5cab86212bf372041f1b8e698c9b6ed0a91202382baabbc71e46ea0dadd548 a265acf81a407fd0f48156d949dcaec3c6b9256822a560f11876d320bde2aef7
SERVER_TRAFFIC_SECRET_0 aa5cab86212bf372041f1b8e698c9b6ed0a91202382baabbc71e46ea0dadd548 ed21fbfc0081dcf4c64081463ea87db7473f2c7d1077ec518a2fb89b90dc3e92
SERVER_HANDSHAKE_TRAFFIC_SECRET 5709dca539a52a4d64f706866cbfa234dca5cfe39a9d81a1a2abbd9908b643bd 8dc7de63ab05e473fa628f604b10960cc2aa20d119be965e35e38e80f8bbb5ff
CLIENT_HANDSHAKE_TRAFFIC_SECRET 5709dca539a52a4d64f706866cbfa234dca5cfe39a9d81a1a2abbd9908b643bd 131db126f734c26f6417eb7d3385b6d0209fea9d694f30b049021754d7e0062a
SERVER_TRAFFIC_SECRET_0 5709dca539a52a4d64f706866cbfa234dca5cfe39a9d81a1a2abbd9908b643bd c4ca26d03c2e69159bcaff734300f6f81265571593844ef0df257d2fa090c75d
SERVER_HANDSHAKE_TRAFFIC_SECRET 3ee1faad4ed124ef6b1ad0adb1d9a3466711b3e78a5d4d78c887ebebf1e5b37f 69872c3b775b584ba5e067fb6103d2c132e973109ceeb7b76e4cc1ae70c36a82
CLIENT_HANDSHAKE_TRAFFIC_SECRET 3ee1faad4ed124ef6b1ad0adb1d9a3466711b3e78a5d4d78c887ebebf1e5b37f 76696507a7bd47c91548dcb6ff0cef2a82858b1edef1192baf7c545d55268816
SERVER_TRAFFIC_SECRET_0 3ee1faad4ed124ef6b1ad0adb1d9a3466711b3e78a5d4d78c887ebebf1e5b37f 90b1ab0b5a5cf20890eb049261eeeb2b4811310ce26576e985b15e91136861d3
SERVER_HANDSHAKE_TRAFFIC_SECRET bc9898b7aef739d87eaa3cdddf8c8272dcfb96c9763a69a4b7f084978608891f 68f26dfc2ed636324b24e89e9b7fdb95cf44d1b556a263fa306b174d486a8982
CLIENT_HANDSHAKE_TRAFFIC_SECRET bc9898b7aef739d87eaa3cdddf8c8272dcfb96c9763a69a4b7f084978608891f 296abebb9013228fcef681d9e6bad5a59f1659b940248b6052f8ed62e9ee3699
SERVER_TRAFFIC_SECRET_0 bc9898b7aef739d87eaa3cdddf8c8272dcfb96c9763a69a4b7f084978608891f e2fc519dbe8d5bb9f6634a6a46c319be10faff294fe97230c57c5e379e8f1ef6
SERVER_HANDSHAKE_TRAFFIC_SECRET 96f03058b47dad160f0bd9f608d2f4fe83ca0dd4cf9f9a1e9bfc67389509d3a8 62e19499e3df6585e583d767d73e055721e4eaf7b4071cc6db2a8a76197a2682
CLIENT_HANDSHAKE_TRAFFIC_SECRET 96f03058b47dad160f0bd9f608d2f4fe83ca0dd4cf9f9a1e9bfc67389509d3a8 2cbc340f693efdeaa14d82d475d419e2a4656ace0c2475315201c230a4009b28
SERVER_TRAFFIC_SECRET_0 96f03058b47dad160f0bd9f608d2f4fe83ca0dd4cf9f9a1e9bfc67389509d3a8 4e074b4e7965fb897d5d7b008021b5e4704fa67273e1474dff73893cca83c3a0
SERVER_HANDSHAKE_TRAFFIC_SECRET 278e7f87bf973f853b7e3f4c967accd9b9311d106285550ce107459b63299ae3 5186ddb652acfc15dfbedad95ad284b533905f5072436ad4a4d640ceb520e4eb
CLIENT_HANDSHAKE_TRAFFIC_SECRET 278e7f87bf973f853b7e3f4c967accd9b9311d106285550ce107459b63299ae3 5dd23a8579984edebe00793c57ea9e9fcc9e24894bb69da23eabcdb8abca8b51
SERVER_TRAFFIC_SECRET_0 278e7f87bf973f853b7e3f4c967accd9b9311d106285550ce107459b63299ae3 3a9a1436c63c43d91be48ef2af80bd86739800bc69bfa1956d56b0d2952c52b2
SERVER_HANDSHAKE_TRAFFIC_SECRET d9befa98930694290a67e8c8244fa8e8f8b56ff9961124149b61483d2c32e3e2 f2b81360474d2459a51f6acd3794634365f6cb38b1cb380133c633d29479e6e9
CLIENT_HANDSHAKE_TRAFFIC_SECRET d9befa98930694290a67e8c8244fa8e8f8b56ff9961124149b61483d2c32e3e2 74658160fce4af8aebf383e4db8667c43a2ca6b78b81d0c185d1626a5fa9fcaa
SERVER_TRAFFIC_SECRET_0 d9befa98930694290a67e8c8244fa8e8f8b56ff9961124149b61483d2c32e3e2 c31aee2332a15f180f9aa2ed5020a6a83657ee2092df54a03331af024a5437f1
SERVER_HANDSHAKE_TRAFFIC_SECRET 38870021f37c74cc0afb974f4f8c95e6cd1d94ee261f2f71a8c760a0c8d00a3a 23c41dc2101710cdb2be4a3af3c6911668a4b193a0473f570778ab8a22678159
CLIENT_HANDSHAKE_TRAFFIC_SECRET 38870021f37c74cc0afb974f4f8c95e6cd1d94ee261f2f71a8c760a0c8d00a3a 51102c849767dd0022e28ced138003aeec588f5fa3bfe81f87ac19b27d97c91a
SERVER_TRAFFIC_SECRET_0 38870021f37c74cc0afb974f4f8c95e6cd1d94ee261f2f71a8c760a0c8d00a3a 631bba183d39248d110aa764b6b5c3074188881e7cd992c1d479204190320f1f
SERVER_HANDSHAKE_TRAFFIC_SECRET 59e092e78981ee9531d8539596d6ab25ad54b840345ce6ff67854ff968d26351 40567004dd701a5fbd1ef61aa50371800f904cdbf67e433a61f4f4f7289d3fc2
CLIENT_HANDSHAKE_TRAFFIC_SECRET 59e092e78981ee9531d8539596d6ab25ad54b840345ce6ff67854ff968d26351 3d1d48b3e92b515d6dd4a433fcd9536f5a2a27a88f80a44bc1b2fbd52cf66897
SERVER_TRAFFIC_SECRET_0 59e092e78981ee9531d8539596d6ab25ad54b840345ce6ff67854ff968d26351 3c6b5001e7427aa592ba8b52b1c41060b613a8816a1dddcdd25ba0446a0513f0
SERVER_HANDSHAKE_TRAFFIC_SECRET 06c0fcde9a6f81620fe64287d321213a4176a400e11f6b36271cbaaf3fc55b4b 7e7d5ea08bc227b968cc8ab9259ea5bc3b629f0d5fc4efcfccbd5f5a8d400236
CLIENT_HANDSHAKE_TRAFFIC_SECRET 06c0fcde9a6f81620fe64287d321213a4176a400e11f6b36271cbaaf3fc55b4b ae0f9793e59c37683cf63fea6fcd4d8968787d281fdb3ed869af1afacf5f3bf2
SERVER_TRAFFIC_SECRET_0 06c0fcde9a6f81620fe64287d321213a4176a400e11f6b36271cbaaf3fc55b4b 7f9b015beb8ca609588ce29ccdf5572b730a731414b5eeb44d4cdaed5a008d5a
SERVER_HANDSHAKE_TRAFFIC_SECRET f51643ce4792b4cb23d638e18d16265492e4418589657b88a10ed5c7900a790c 2b060b9c0d7eecb3d4a37586760cf640d6db703b3ebed2839a3a516c18656c2b
CLIENT_HANDSHAKE_TRAFFIC_SECRET f51643ce4792b4cb23d638e18d16265492e4418589657b88a10ed5c7900a790c bba1a9d673143c53323e2ee94ac061274a30467b58a2c121977973c2f362271a
SERVER_TRAFFIC_SECRET_0 f51643ce4792b4cb23d638e18d16265492e4418589657b88a10ed5c7900a790c e3c2601eabc24546bb50d3d15af519aad8c33dca70fc8b14042376182730c853
SERVER_HANDSHAKE_TRAFFIC_SECRET 223301d5b389d9217eb6a9176e9b95258b25a791117b96cc35cc7e0ad98f4fe6 d6c728b56cadac68fa711c12d0ad9e6cb5b6d4a7b133a354c699946356be87d2
CLIENT_HANDSHAKE_TRAFFIC_SECRET 223301d5b389d9217eb6a9176e9b95258b25a791117b96cc35cc7e0ad98f4fe6 09f8f93031198629dede90c6f6f3060567114f5eedca502e30bd85220acdaee3
SERVER_TRAFFIC_SECRET_0 223301d5b389d9217eb6a9176e9b95258b25a791117b96cc35cc7e0ad98f4fe6 e08d34689e78c37d63b48982a8ec66a4100f9a4940858c3759489686822658a7
SERVER_HANDSHAKE_TRAFFIC_SECRET a793fbfc478159ea146ecd19a985cd9a323238934f01ee0f81937190f7457219 21f583a6b7a6b343407ad3a65ffd7c8631868c4f15a34a9a35eecc16481a1fbf
CLIENT_HANDSHAKE_TRAFFIC_SECRET a793fbfc478159ea146ecd19a985cd9a323238934f01ee0f81937190f7457219 0f0f3b6bd60e072d3c0308520cfb515e1684075bc1ca85a803570945f4410bfa
SERVER_TRAFFIC_SECRET_0 a793fbfc478159ea146ecd19a985cd9a323238934f01ee0f81937190f7457219 4dd287442cf33debae8c7464a100f40a9a61ede0000f16a635d3ea5f24bd62e8
SERVER_HANDSHAKE_TRAFFIC_SECRET bae8e682a01a87df49e0a15e48eb16aac142d298adcce778e221e1e666da3adf 4159884160ae142b47654ec379d53c3347ba7f1507c783b6cb986ab0cb96b229
CLIENT_HANDSHAKE_TRAFFIC_SECRET bae8e682a01a87df49e0a15e48eb16aac142d298adcce778e221e1e666da3adf 1314b85c235006e0692f9215c097be696961f8e92fe49c6b420128be606fb187
SERVER_TRAFFIC_SECRET_0 bae8e682a01a87df49e0a15e48eb16aac142d298adcce778e221e1e666da3adf a2a44698de0f6b0ad638dc56a2831e4e2da2eaf122139f7560bba30124a3776c
SERVER_HANDSHAKE_TRAFFIC_SECRET be10bd252a5adac234e7cdc018d1d35001910068b352cd2da691c20e5321a9d4 dc1cfc6a860b331a01c7e30c9cfc8a133c18c53dce842fe010f9ab313cd8ad6c
CLIENT_HANDSHAKE_TRAFFIC_SECRET be10bd252a5adac234e7cdc018d1d35001910068b352cd2da691c20e5321a9d4 d2bac87fa809c309bf9a2259241214e9d223695dcd16160901c85ac3573882d0
SERVER_TRAFFIC_SECRET_0 be10bd252a5adac234e7cdc018d1d35001910068b352cd2da691c20e5321a9d4 fef8ffa17f39f6d569626eb11951724f02c7f2946254ea077c8c4e6a6e2ee5c4
SERVER_HANDSHAKE_TRAFFIC_SECRET 64ab2d2984a0081b361875e946e6f20ce30bdcab567251d1231effa4e4e3f799 bc031e1015b6d2b6b90b77e5ebc098b06057162be9475a2193e2d0b67bf835f4
CLIENT_HANDSHAKE_TRAFFIC_SECRET 64ab2d2984a0081b361875e946e6f20ce30bdcab567251d1231effa4e4e3f799 97fa2a97f889ed863952ae613e00357d1b405be45574c3f7e0eeac131b5cb67b
SERVER_TRAFFIC_SECRET_0 64ab2d2984a0081b361875e946e6f20ce30bdcab567251d1231effa4e4e3f799 4c3d0e4f532d1e40f246356868bc8fc3da324126ca581c135d4fcfe96f8b6bd5
SERVER_HANDSHAKE_TRAFFIC_SECRET 88e29986a2075b014bd0733b32f11ea0f8ddb88fc4731ec218cb1478ee820ca5 709742eb0fb2eda759d6bfcbd951e4f682ca7b839381cbc897a8b20de470565e
CLIENT_HANDSHAKE_TRAFFIC_SECRET 88e29986a2075b014bd0733b32f11ea0f8ddb88fc4731ec218cb1478ee820ca5 e5a01330e3612ca9dc99c02f59003c67398b1ca70716085f28d4026fa54c21a9
SERVER_TRAFFIC_SECRET_0 88e29986a2075b014bd0733b32f11ea0f8ddb88fc4731ec218cb1478ee820ca5 b0c7048fb9291dc1a5c05ef038b244fb03e129a11d8b103fe384f548310736ea
SERVER_HANDSHAKE_TRAFFIC_SECRET 4a77192ddb0d9adb31483029b65f8f2a106c67aa52deaa2e09e1e1551d211e3f f2b2aabebc6ac414759c5c3f01fe95a565bceb09f5d8fcd91571cdef90a16bb0
CLIENT_HANDSHAKE_TRAFFIC_SECRET 4a77192ddb0d9adb31483029b65f8f2a106c67aa52deaa2e09e1e1551d211e3f c8661a91d49ce34e6047a9014fe6d9e632035355991e032920c3d43909d1e504
SERVER_TRAFFIC_SECRET_0 4a77192ddb0d9adb31483029b65f8f2a106c67aa52deaa2e09e1e1551d211e3f fa4e470b67f65b2a0bc3f7fb9a73ef6c4b777b5b3440b9622be010514075dc1c
SERVER_HANDSHAKE_TRAFFIC_SECRET d3bdde10db3dfeec0ecf8bc6bc87810b42353cc85ae27d25815d4c4dbe1e18c6 24d80a4cbde2e90c4bd8205e2ecb081e6948d3f0c796509ee2d4d589f3a5c8f7
CLIENT_HANDSHAKE_TRAFFIC_SECRET d3bdde10db3dfeec0ecf8bc6bc87810b42353cc85ae27d25815d4c4dbe1e18c6 02098fcd00be67fb97456fdc10dc01fad3a3fa31dc3d78734c9399545c14404f
SERVER_TRAFFIC_SECRET_0 d3bdde10db3dfeec0ecf8bc6bc87810b42353cc85ae27d25815d4c4dbe1e18c6 9fc17949619a3d486c42c10c8753f14c41db240a60c02e6e5e7a0cd3708bf552
SERVER_HANDSHAKE_TRAFFIC_SECRET ac6807ac4f7df136ec7c7eba3aabfdb92afc1d8a92f805b11ead0aabd638df10 850587f70a7271da4d733ca82d2698a9f2963523878136792bf3cdd23eee9cfc
CLIENT_HANDSHAKE_TRAFFIC_SECRET ac6807ac4f7df136ec7c7eba3aabfdb92afc1d8a92f805b11ead0aabd638df10 3bb6434057cacbbbacb296b2268b927c0f4d230abb310da43d7f372c9e6f46d3
SERVER_TRAFFIC_SECRET_0 ac6807ac4f7df136ec7c7eba3aabfdb92afc1d8a92f805b11ead0aabd638df10 ca42a08fb4e9c041c65d411cc150576662c4b33fd1b9f36b3f281730d6851a92
SERVER_HANDSHAKE_TRAFFIC_SECRET b4c61b5862d31418879a45cccae636ec412cd7dad39931d2c3af568df3db8e1c 3ff5122a0202e4e00c5714c4c6903a12fd0020b78af2bbede9578d636fa01141
CLIENT_HANDSHAKE_TRAFFIC_SECRET b4c61b5862d31418879a45cccae636ec412cd7dad39931d2c3af568df3db8e1c 4527b2a52717e63a13f27cc0816d3886a1ce72c9607511bc26ba7060b1be1578
SERVER_TRAFFIC_SECRET_0 b4c61b5862d31418879a45cccae636ec412cd7dad39931d2c3af568df3db8e1c 38699704981842781087a95f5d4819c0f5bee92197ff5362feaf10812e7b65ce
SERVER_HANDSHAKE_TRAFFIC_SECRET 48406e02327b98cea7dbd3a81fcbcfc7690d2ace95e7024edff97d4153fa3b0a 3d7f0b796992c43989ee856697c3535ebe254e6c0d5ab40766ceb6a13505ca4b
CLIENT_HANDSHAKE_TRAFFIC_SECRET 48406e02327b98cea7dbd3a81fcbcfc7690d2ace95e7024edff97d4153fa3b0a 8c270ae572bf6b21659f99c0d2e2cf2d2fab67ea5b14f0a6f47dce257cab793d
SERVER_TRAFFIC_SECRET_0 48406e02327b98cea7dbd3a81fcbcfc7690d2ace95e7024edff97d4153fa3b0a 7906ecad840a0c3c71f8941f7374fee1051048af5e4e0e42c5fdee7d9ad3a894
SERVER_HANDSHAKE_TRAFFIC_SECRET a95b9395c7d861a712d7a45047abef7e4eb3c020238a5c66c97bc5de69dc5ac6 54f0088e9b1106e1a3020d52a306dd6ebef944bf9570ac50c4e4977934befd1d
CLIENT_HANDSHAKE_TRAFFIC_SECRET a95b9395c7d861a712d7a45047abef7e4eb3c020238a5c66c97bc5de69dc5ac6 7fd61611c8980d533f5c32896e270eb3b9a07c20a7ab18ac96066b0e04bb7aca
SERVER_TRAFFIC_SECRET_0 a95b9395c7d861a712d7a45047abef7e4eb3c020238a5c66c97bc5de69dc5ac6 659e4650d81fad62ed96f48796b80f2738cf500c1606cb041a577285162b4448
SERVER_HANDSHAKE_TRAFFIC_SECRET 3a72c37a7e0f1a4a49467780c8cf96367102b58f8d1338f9cacad1f5cf2e2e22 d5c555fc192ebb33a9c4b5871eb257574a2c56faca263cd11914fe659034c8d9
CLIENT_HANDSHAKE_TRAFFIC_SECRET 3a72c37a7e0f1a4a49467780c8cf96367102b58f8d1338f9cacad1f5cf2e2e22 58c87f96bf3f3a1145184dc7f2932950155fea3422de4cfd5dd28e9ce458ca6a
SERVER_TRAFFIC_SECRET_0 3a72c37a7e0f1a4a49467780c8cf96367102b58f8d1338f9cacad1f5cf2e2e22 7277c8f1bf4875021f1ef755b174ae70180dd294696ef6b427c95459edc4dd4a
SERVER_HANDSHAKE_TRAFFIC_SECRET 95ee7daf906ce1f155168eecfee67bdf42947bf9fd4ae26f656c8260b4042385 1e75349f39eae7163d091b9f953321aaef7dd9df941fc3c7c2db69cd2b6368a2
CLIENT_HANDSHAKE_TRAFFIC_SECRET 95ee7daf906ce1f155168eecfee67bdf42947bf9fd4ae26f656c8260b4042385 1ffc43e6b33fe1d1b29bc79c4ea6b13d6d4bafed908fcc1bbd4df29c0c49bf22
SERVER_TRAFFIC_SECRET_0 95ee7daf906ce1f155168eecfee67bdf42947bf9fd4ae26f656c8260b4042385 08a6f2ab77223964740ccc1ec3ad31f1dbebdeff2cafb7d5b717abeac79acb25
SERVER_HANDSHAKE_TRAFFIC_SECRET cdfc4963f9f5ea8542d3f1c06bc25f393f51369be3f8cf2beb74657d4b697977 eab817c1d169a785564ec159caf61f52870ae411e16442ae765192dc00ba019a
CLIENT_HANDSHAKE_TRAFFIC_SECRET cdfc4963f9f5ea8542d3f1c06bc25f393f51369be3f8cf2beb74657d4b697977 aa1dd77b08094fc79c126ff916e22afb3baa069e4298c856d928ec8dd6acc6ef
SERVER_TRAFFIC_SECRET_0 cdfc4963f9f5ea8542d3f1c06bc25f393f51369be3f8cf2beb74657d4b697977 49fff22ed34a1315fcea3895bb1e6a7f29ea7b017ef21dd20ec63465a0a832bd
SERVER_HANDSHAKE_TRAFFIC_SECRET 84a3d71155cea3cf6813b81d26280d9224739830527412fb09ffbd244e981826 6ff50fefe3f9a104dbf308295f70470e905db6b74a3195e29864e197dbc4241c
CLIENT_HANDSHAKE_TRAFFIC_SECRET 84a3d71155cea3cf6813b81d26280d9224739830527412fb09ffbd244e981826 ed0f696e179835df3dcd7c793759344d7945684e5d17606f5bdbb541e410d247
SERVER_TRAFFIC_SECRET_0 84a3d71155cea3cf6813b81d26280d9224739830527412fb09ffbd244e981826 6ff9c8ae019845cc0cb8490c7fe3ad97de1ecd63b507c1a3560d27c430387418
SERVER_HANDSHAKE_TRAFFIC_SECRET 870928260c66c9874b7db674e68ab8df8c5b9f080502a73abcf5f0d42ad44852 04b4b6e04ab38140bee2796d831ec0aa7b96fea275a7b0355cb9f2597897f600
CLIENT_HANDSHAKE_TRAFFIC_SECRET 870928260c66c9874b7db674e68ab8df8c5b9f080502a73abcf5f0d42ad44852 2ad54153d26f1667e0d5c6983e177a99ac48f0b61a4ac561ff535fe197235266
SERVER_TRAFFIC_SECRET_0 870928260c66c9874b7db674e68ab8df8c5b9f080502a73abcf5f0d42ad44852 ca06417a30274c682a76180e40fd4de9187f6daeba397680faf7c90ab28a1af5
SERVER_HANDSHAKE_TRAFFIC_SECRET 253f4067ebc0f156cf9814f9a219ba890076117f34e6abb16d1087fc6bd457d0 cac83b8ef4b526ddeccf74702ad1800780c20be502c4d1c98b1592f97fa5a749
CLIENT_HANDSHAKE_TRAFFIC_SECRET 253f4067ebc0f156cf9814f9a219ba890076117f34e6abb16d1087fc6bd457d0 0c7b3d4a68dbfd441e228e1751fb097385abc27e75b0e7d430a0733814623521
SERVER_TRAFFIC_SECRET_0 253f4067ebc0f156cf9814f9a219ba890076117f34e6abb16d1087fc6bd457d0 dff6b0be3e3c6bd6511a1d55f6f0d317759ef421d35b70f099765503edeb8891
SERVER_HANDSHAKE_TRAFFIC_SECRET b9d927b063f24e9308b2c73c5a63b0b3baf830fed611802dd9c7b44e8855fd33 1e3262aae444c187d08d5f750c318db62e11b58258a3393bca9c49ea8e804a86
CLIENT_HANDSHAKE_TRAFFIC_SECRET b9d927b063f24e9308b2c73c5a63b0b3baf830fed611802dd9c7b44e8855fd33 2d540feaa6daf87e1347dd0901489ec3c2d26dfe7ee7a5f552ec1e827129beb4
SERVER_TRAFFIC_SECRET_0 b9d927b063f24e9308b2c73c5a63b0b3baf830fed611802dd9c7b44e8855fd33 37903e62c1d498c6e822f71acbc859ebaef84b24ee7c8c0ffe01e7a888b745cc
SERVER_HANDSHAKE_TRAFFIC_SECRET 02fb67ebea715cf29816046e7022f194c446e66efd55eaffc7f1698894b5efcd c578b0652b7f773c01522053c5feac66a59ed2cce839f5adb0575c2634902200
CLIENT_HANDSHAKE_TRAFFIC_SECRET 02fb67ebea715cf29816046e7022f194c446e66efd55eaffc7f1698894b5efcd 21bf761c01c62ae7ceaba457ca1d5b758859b9cd131d2147a070873ed6090bd8
SERVER_TRAFFIC_SECRET_0 02fb67ebea715cf29816046e7022f194c446e66efd55eaffc7f1698894b5efcd c55d5fbb88b76a46e6dc900855c99a5500b4c852b2d8c27d5615bf44388efe02
SERVER_HANDSHAKE_TRAFFIC_SECRET 343fc4316b9ad4c55c339cdb97d57f5f709e5a4a23b884875556509a01d01017 403f89ac07b90a2acaf32170d13e47d5d8903a5ec9d859c6e267625e9f880a86
CLIENT_HANDSHAKE_TRAFFIC_SECRET 343fc4316b9ad4c55c339cdb97d57f5f709e5a4a23b884875556509a01d01017 0f08eeb4cf74b1f5a6ee5d3e620420655e3b1a9de15fa594786b7cd38f3265fa
SERVER_TRAFFIC_SECRET_0 343fc4316b9ad4c55c339cdb97d57f5f709e5a4a23b884875556509a01d01017 ead855716348d8c8731a18b28f029aa539419f4c13958da68cac174be2b8754c
SERVER_HANDSHAKE_TRAFFIC_SECRET 537c86f606f3ea2966061b4165d0d46769ee7cfda5ba672830538719ba9d2b43 70800911eb52eca81e7df1052c811d16075f690e32217971a0dccd0514c79a19
CLIENT_HANDSHAKE_TRAFFIC_SECRET 537c86f606f3ea2966061b4165d0d46769ee7cfda5ba672830538719ba9d2b43 7bfe27edb00828697a210f6aa97c154f067c10c11a64946437e0c9a58ef38b56
SERVER_TRAFFIC_SECRET_0 537c86f606f3ea2966061b4165d0d46769ee7cfda5ba672830538719ba9d2b43 321432194355976595be2bb77c405f12f985b6c830b97bcf32c780d60de0977d
SERVER_HANDSHAKE_TRAFFIC_SECRET 06f026f908a7666bc9d4dd95a2682d6c92f6e4fa8151c36ebe09a344deb4ee89 d454c89e5b09cbfb58479cb2158e332e08c685c0b941fe5afdd1b10c9281e8bb
CLIENT_HANDSHAKE_TRAFFIC_SECRET 06f026f908a7666bc9d4dd95a2682d6c92f6e4fa8151c36ebe09a344deb4ee89 27a647e9b2ab67d7d748a52aca6817f09079b019d4a8bb2ea75f92781f34c461
SERVER_TRAFFIC_SECRET_0 06f026f908a7666bc9d4dd95a2682d6c92f6e4fa8151c36ebe09a344deb4ee89 8dc3b5f8a0c85cd43ca0444e208b9ce49723383a8e4b8855a1f8d46d8f6c5e17
SERVER_HANDSHAKE_TRAFFIC_SECRET 414a0139827951c9dadb5dd082b559726d81603ddc59661421fc1f7a9a22fc14 db7647234fa5879c3e88914b482c74c974aecd45a2c9191ce0aadc60848a1c23
CLIENT_HANDSHAKE_TRAFFIC_SECRET 414a0139827951c9dadb5dd082b559726d81603ddc59661421fc1f7a9a22fc14 374801e98fe4be344ed812d153bf4831759f59b9e9e10879a5143a7a5c5225cd
SERVER_TRAFFIC_SECRET_0 414a0139827951c9dadb5dd082b559726d81603ddc59661421fc1f7a9a22fc14 fc68227fde231a8c89c9dd2456b471fc32b7a61a155388aa5d0527f875164bcb
SERVER_HANDSHAKE_TRAFFIC_SECRET a3f5989f863532d6c66386c07b42665d404ead444b54c72a7b55155e403fab3e dc6dbeae692c4aeb7c61a550d19a2e341c660d38c7831ffb9b52bfdf9d2a8323
CLIENT_HANDSHAKE_TRAFFIC_SECRET a3f5989f863532d6c66386c07b42665d404ead444b54c72a7b55155e403fab3e ee91be726950268369d6a5002bf8f85bf0a6d143afb35117ebebb37f67d9b424
SERVER_TRAFFIC_SECRET_0 a3f5989f863532d6c66386c07b42665d404ead444b54c72a7b55155e403fab3e 0bc6d596ef8634c8e70ece37ae3e895ce4c780d680937337ef8a85221d0d774e
SERVER_HANDSHAKE_TRAFFIC_SECRET 971bb9945c5b55be17cb1023dcb11de3b99792fbfa9284454e5b7bb402665ac9 41cd21bfb4b78f787de91626b095701871775c861d11c4d478966a4729e87136
CLIENT_HANDSHAKE_TRAFFIC_SECRET 971bb9945c5b55be17cb1023dcb11de3b99792fbfa9284454e5b7bb402665ac9 faff2303b39739d832d11b44383f566d82c68c495044ca60bb55bc613559d1f1
SERVER_TRAFFIC_SECRET_0 971bb9945c5b55be17cb1023dcb11de3b99792fbfa9284454e5b7bb402665ac9 35cb56fc8377e7719ac1c55a5bc01ee46dc8ee06be638bf5026089eac3695783
SERVER_HANDSHAKE_TRAFFIC_SECRET 33e7171f149290925519f1996858acd45472bd14283253ece877487fba6f036e 1b74bbd1f86bbdbb9a0ca2b983956707e8370361a60beb592890595a34648d54
CLIENT_HANDSHAKE_TRAFFIC_SECRET 33e7171f149290925519f1996858acd45472bd14283253ece877487fba6f036e dd92be27b95ad1c7b55301ecb99d93d18fd16111c368a2cc9abda91f65193c53
SERVER_TRAFFIC_SECRET_0 33e7171f149290925519f1996858acd45472bd14283253ece877487fba6f036e ba18d9e9b81c64801fe0bb952ecc89fb7958930813d7919f028b380bbd7ba3f1
SERVER_HANDSHAKE_TRAFFIC_SECRET e3a0a422bc122e320d65dc8bd80312c23bb58db6886ed8a9303bbc86a5be5c95 bb5205304167884b5fb4d84cef8b4bf43a5e657a726e5173d26a87497f75fbe8
CLIENT_HANDSHAKE_TRAFFIC_SECRET e3a0a422bc122e320d65dc8bd80312c23bb58db6886ed8a9303bbc86a5be5c95 489f5caf4734a6e5d65d1cf04a37cfc506d2c946670352595fbf40a1555fd032
SERVER_TRAFFIC_SECRET_0 e3a0a422bc122e320d65dc8bd80312c23bb58db6886ed8a9303bbc86a5be5c95 4b58199fb6118f0956a427ec3312dd414faac777a1118089b0c9281273f0320e
SERVER_HANDSHAKE_TRAFFIC_SECRET 30bfeec4ca6b41623f8d4b8fa6be71675cddc2204c7934919da0f7a1f17125d4 14659636760fca659cd9719688c038e1ac71869373ba2356bf8c524a8d70b123
CLIENT_HANDSHAKE_TRAFFIC_SECRET 30bfeec4ca6b41623f8d4b8fa6be71675cddc2204c7934919da0f7a1f17125d4 6a87f68e0978c4499ce1faf356022d379aecbae9dae050387f5c8e1745c38152
SERVER_TRAFFIC_SECRET_0 30bfeec4ca6b41623f8d4b8fa6be71675cddc2204c7934919da0f7a1f17125d4 de973ea47eae78eafe4a4cc0c2c387960bdc49cb8d75cdf69d1337b19740d1ad
SERVER_HANDSHAKE_TRAFFIC_SECRET 8b2822789464a660bff9fd2e30b2852579c9ee1e9fff0a9a732dcbba5fd96d6f 9720f80020011fc912bea8992c1d9b56f7f401ffecc4b686b670d7302a4fe937
CLIENT_HANDSHAKE_TRAFFIC_SECRET 8b2822789464a660bff9fd2e30b2852579c9ee1e9fff0a9a732dcbba5fd96d6f 902259aed5404a4f11caf391ef81db654f305b57830a6ffd5f193b102d60c059
SERVER_TRAFFIC_SECRET_0 8b2822789464a660bff9fd2e30b2852579c9ee1e9fff0a9a732dcbba5fd96d6f 2c34b7e42eb9a46369a1c312eea1ba5189bd9a8dcb9d8294472d01c4de0a484a
SERVER_HANDSHAKE_TRAFFIC_SECRET 3b5223c3fbdad3e66f61a46436280bd57c043569a99b0cc2038ddd3c8bb6ae8b 5698e1db7f5accd70cc657e4c00831ed494e0fd1a22a2002ff14080da0c1a1ef
CLIENT_HANDSHAKE_TRAFFIC_SECRET 3b5223c3fbdad3e66f61a46436280bd57c043569a99b0cc2038ddd3c8bb6ae8b d0f47ea2e7b5a7813ea333ba119897c6188deb9b93412044d124580871382969
SERVER_TRAFFIC_SECRET_0 3b5223c3fbdad3e66f61a46436280bd57c043569a99b0cc2038ddd3c8bb6ae8b bd2665c15ec7b59ac1cf2d25b64f93cd4f98240c9698e8075392b882fb3798e6
SERVER_HANDSHAKE_TRAFFIC_SECRET 288975e00531b195625f82c97b9056c01aeba8c31fcbe557181ed5eb84f54d2b 509b2cb51a5c93574864e254e2d117ee7b85ff3bd35bdb891668720c98225b25
CLIENT_HANDSHAKE_TRAFFIC_SECRET 288975e00531b195625f82c97b9056c01aeba8c31fcbe557181ed5eb84f54d2b 1cca8bd6024dd686493b9d8155a44efcca3eb38c15706fcfa6773870c2ba1c51
SERVER_TRAFFIC_SECRET_0 288975e00531b195625f82c97b9056c01aeba8c31fcbe557181ed5eb84f54d2b 6e05fc36b03ab465fa1fb245e12bc59789491f262864a6d4cea32d325408897c
SERVER_HANDSHAKE_TRAFFIC_SECRET 782100d8cfd6e5201e8ad666cee8e5396c5e50045a555e597a3f57951c5c9ee8 d73f38787bc968b20645ae99d46e11d75a633c2f7e5d99e9fba6da461edfeab5
CLIENT_HANDSHAKE_TRAFFIC_SECRET 782100d8cfd6e5201e8ad666cee8e5396c5e50045a555e597a3f57951c5c9ee8 81b13850f097d1c70db6319ba02450f998672f9440d559ba2db032e4bb89b2f2
SERVER_TRAFFIC_SECRET_0 782100d8cfd6e5201e8ad666cee8e5396c5e50045a555e597a3f57951c5c9ee8 aa481536bcaccba8af9403f05b7496e858a607e35c6fef6eae54e3b40219389b
SERVER_HANDSHAKE_TRAFFIC_SECRET 235a21d423ad27c4f85a36081b95b6b60ea862d94d359789a46a80a4049d1a82 8965e600bea9e3cfb400e5bdaae9b4b09a82b7e39e7ef35886e1a9ec66e60dc1
CLIENT_HANDSHAKE_TRAFFIC_SECRET 235a21d423ad27c4f85a36081b95b6b60ea862d94d359789a46a80a4049d1a82 6d7b43c9626828ff9dab1bad3a60c46fbdae91d9e9b113883b779bc68e951769
SERVER_TRAFFIC_SECRET_0 235a21d423ad27c4f85a36081b95b6b60ea862d94d359789a46a80a4049d1a82 aa3e85c88df39335581c52dbf9071e29593feb840379ce67fe3e5698aacf61ed
SERVER_HANDSHAKE_TRAFFIC_SECRET 7cfc28ae8830ec7a45b4e449f777fa4a55c5c44465800c9882cbeb19ecb4c856 37ce259c75ac5bbc5fc601187abd8c9f268154f9551d89fb9396e8cac014c5c0
CLIENT_HANDSHAKE_TRAFFIC_SECRET 7cfc28ae8830ec7a45b4e449f777fa4a55c5c44465800c9882cbeb19ecb4c856 239b72ded19e6ccc15da75f4aff10a7b2105bbd91dc2f9a6356e26b551e6b1a8
SERVER_TRAFFIC_SECRET_0 7cfc28ae8830ec7a45b4e449f777fa4a55c5c44465800c9882cbeb19ecb4c856 7289928df021cbfce8dc07961a17e1b77d2fe88cfde4c620d984d991d8cb5ba5
SERVER_HANDSHAKE_TRAFFIC_SECRET 749fd3913fde8c8ab037bfcdd699474b7d416727855d4ee9ddd383baa9c5a593 238e653c00ce02577fb0db2df6a98775558a3b5b338fd0dcf76e853b84c7d1d9
CLIENT_HANDSHAKE_TRAFFIC_SECRET 749fd3913fde8c8ab037bfcdd699474b7d416727855d4ee9ddd383baa9c5a593 7dd3f3c4e8fd16c9451a31600cbbe8722cf861c444352e0603173eabf6596f2b
SERVER_TRAFFIC_SECRET_0 749fd3913fde8c8ab037bfcdd699474b7d416727855d4ee9ddd383baa9c5a593 2ceca30507f4ea3b0ff036ad98484d04ea0939a2ef009cf7c4c65537c0d34d54
SERVER_HANDSHAKE_TRAFFIC_SECRET 77662d4f326a9ebadb7c24b53039459134f4d2fc55d4c7b8d11d7c994c61f517 ad452d42c6e194c5797caafa0a2f0771272b74d463a53fc1dd9c89f5bfb9674f
CLIENT_HANDSHAKE_TRAFFIC_SECRET 77662d4f326a9ebadb7c24b53039459134f4d2fc55d4c7b8d11d7c994c61f517 dafb60e8cc6ad37fe1bb3c88f8eb35ea956e71fe85b7afd7530c52e1e88db101
SERVER_TRAFFIC_SECRET_0 77662d4f326a9ebadb7c24b53039459134f4d2fc55d4c7b8d11d7c994c61f517 5b45b6ea62442db837963156ab32badccdc113549bf696d2b08499434519936c
SERVER_HANDSHAKE_TRAFFIC_SECRET d7a96761713a0684043761322738109d5f72989d0f06b758ceda1780afcd7d49 ab1d3ef91373440585fe42f7649d9ee9e4c02e947bc985f7044a9e1af0437faa
CLIENT_HANDSHAKE_TRAFFIC_SECRET d7a96761713a0684043761322738109d5f72989d0f06b758ceda1780afcd7d49 73d1ec8a0db5df220c7ff0314f2150b7b62e5ebbcf11259f08a0f052f0e958d7
SERVER_TRAFFIC_SECRET_0 d7a96761713a0684043761322738109d5f72989d0f06b758ceda1780afcd7d49 ab2e4f73a39e0925f18e970931bb0b5ea2a7b620cd5eee091f8990d8b4d97ede
SERVER_HANDSHAKE_TRAFFIC_SECRET c85b84da76f49490a478ab0dcdd3d8eaf7f3c14dfd82c6ff15d6a5e5be0e708e 60f91a69604dcfad09d9bd7141f8ce053de22e533dabdd06bdd1c7e350343692
CLIENT_HANDSHAKE_TRAFFIC_SECRET c85b84da76f49490a478ab0dcdd3d8eaf7f3c14dfd82c6ff15d6a5e5be0e708e 9ec8a37ca2a4331e2e0388907bd3b6fb17c523c0e11666cbbdb84112993336d1
SERVER_TRAFFIC_SECRET_0 c85b84da76f49490a478ab0dcdd3d8eaf7f3c14dfd82c6ff15d6a5e5be0e708e 76890a4e9b48c2d3d7d973c2fd5d0bfdde71f6e426d074d0b2b02c61f13d3e7c
SERVER_HANDSHAKE_TRAFFIC_SECRET 3663f2e6feb52aa3ef8af59a1ed530cd4c406393bc4f80db1bac26928fa9aea3 b3cb01a69f3daa8cfd6c05dbd5569f15f59909899068055425e72a8a239bba33
CLIENT_HANDSHAKE_TRAFFIC_SECRET 3663f2e6feb52aa3ef8af59a1ed530cd4c406393bc4f80db1bac26928fa9aea3 d733ce3ac0c415cd65dbd7c90638be2760f6484d66c365e75b244a3d5a96e31c
SERVER_TRAFFIC_SECRET_0 3663f2e6feb52aa3ef8af59a1ed530cd4c406393bc4f80db1bac26928fa9aea3 cd33ca0d9e4887ece4e4729ff32473b4e76759bf936c27389baa5319285284a2
SERVER_HANDSHAKE_TRAFFIC_SECRET 2083cc127a119bcce0fa9c96cf0bc002536e27eaf0c474ff6434478c779136fc 8cde16427b9fcabbe94f4fe954ee72ddd388a004ecdf05f9efc815dd362ca311
CLIENT_HANDSHAKE_TRAFFIC_SECRET 2083cc127a119bcce0fa9c96cf0bc002536e27eaf0c474ff6434478c779136fc 90d7f508808f0f006f0665cf08a3a38b892d8a5a743ef3ea063267558748f1c4
SERVER_TRAFFIC_SECRET_0 2083cc127a119bcce0fa9c96cf0bc002536e27eaf0c474ff6434478c779136fc 0aea48a008a03e87cf1d21d81d70e4a41bba5039ee676f8dff5df0eec7125d77
SERVER_HANDSHAKE_TRAFFIC_SECRET b4201b2412342a9ba295c0b481d49896fa8acdbbe9cb044e19f99be9b7b9e67e c7dfb3d7cb9c7e5e44df87e65d781d60e9d02503381b8153c7330ac3a3d03e14
CLIENT_HANDSHAKE_TRAFFIC_SECRET b4201b2412342a9ba295c0b481d49896fa8acdbbe9cb044e19f99be9b7b9e67e f601be0485b3604a2be75193385c3150e822802764f9519c3308378a7834fa56
SERVER_TRAFFIC_SECRET_0 b4201b2412342a9ba295c0b481d49896fa8acdbbe9cb044e19f99be9b7b9e67e d9c0d0f06659f1f948f9fcbf42afe232abf994a5b782b67c81ee76926e5a23e0
SERVER_HANDSHAKE_TRAFFIC_SECRET 7361b1986f1847d2c2f75ff0625543dfbc1b7357de49e3976be38608dc0db871 16b46b60430e2f667a5faba601a99893a2480d886d833ca861f174e378ce3417
CLIENT_HANDSHAKE_TRAFFIC_SECRET 7361b1986f1847d2c2f75ff0625543dfbc1b7357de49e3976be38608dc0db871 94fabb7194b6a5fd1470b20c8cb36cef9309fe845540ace5cd6d2d0289883b48
SERVER_TRAFFIC_SECRET_0 7361b1986f1847d2c2f75ff0625543dfbc1b7357de49e3976be38608dc0db871 5f5aa2a717b05e131c8bf1c9eadcd6f194c3eb93178a76cd6cad2d7a883d00f8
SERVER_HANDSHAKE_TRAFFIC_SECRET deb3ef735126e730e5b5cfb993cb17c585898acbf877ba6403851c322618dc11 57b83ce8364d4343a58c31dbf7853e5fa59adaadca3037709bb290e238b46039
CLIENT_HANDSHAKE_TRAFFIC_SECRET deb3ef735126e730e5b5cfb993cb17c585898acbf877ba6403851c322618dc11 b0728a2b8ecead802a27aed14524b9b99932e0660c3b5ced731029d3737688bc
SERVER_TRAFFIC_SECRET_0 deb3ef735126e730e5b5cfb993cb17c585898acbf877ba6403851c322618dc11 b30d9bd124d33334b8aad32cb82e101c91b66fe2da63559a9415665befac45c7
SERVER_HANDSHAKE_TRAFFIC_SECRET be2d02f42c2c72b8b2aabfa33d2ac357693d5ba835ae12628cf1bb87bd54155d a05c98c399927f2cb0979e9100df215bb95255a9d040eb35acb884c7e08bc29a
CLIENT_HANDSHAKE_TRAFFIC_SECRET be2d02f42c2c72b8b2aabfa33d2ac357693d5ba835ae12628cf1bb87bd54155d d470b03ff3b70edb34bab765745b82c9f58fd87dea9223fae5badf384540a75f
SERVER_TRAFFIC_SECRET_0 be2d02f42c2c72b8b2aabfa33d2ac357693d5ba835ae12628cf1bb87bd54155d 8d03a392a707e9dfc052a2bc84311a29e46cc381d7c101c56545e78913e17c7c
SERVER_HANDSHAKE_TRAFFIC_SECRET a4f33da2bca1831a0dbe81e90c73caa80ec572b3065a6668325d111856478899 a5b764b42b61795f71b491e93150aab16a0bfebea7bbdfc89e39562b54dd1610
CLIENT_HANDSHAKE_TRAFFIC_SECRET a4f33da2bca1831a0dbe81e90c73caa80ec572b3065a6668325d111856478899 39e9d366109814e5d5055822069cc3d8ab44d20fc56a0f4cae9b34f614636b3f
SERVER_TRAFFIC_SECRET_0 a4f33da2bca1831a0dbe81e90c73caa80ec572b3065a6668325d111856478899 dd40452ebf85e838b7455e2a2836f8d413342efc9e73c78ed74467e1519daa49
SERVER_HANDSHAKE_TRAFFIC_SECRET 0d9b099a998e8f3299230a882e6347f47615726e5886dc4c6f5934500fe2e9a1 3fb905bce7715a132e0327163861e3bc5a8c433d6a37aff72bcd29491e58aa11
CLIENT_HANDSHAKE_TRAFFIC_SECRET 0d9b099a998e8f3299230a882e6347f47615726e5886dc4c6f5934500fe2e9a1 7241c9b8de15701929b763dca1aad239cbd7bfa6484e853c99f5680910b118ea
SERVER_TRAFFIC_SECRET_0 0d9b099a998e8f3299230a882e6347f47615726e5886dc4c6f5934500fe2e9a1 d9b94bb7a164963f7ff90199975b9e78c36296ec9a69e01dd777f97eb2759583
SERVER_HANDSHAKE_TRAFFIC_SECRET 7b08820f4ba4e909ecb3bbd5baedcb0e80d80764bad3275edc5075d1f4dcd208 8c025649d2995fd4f48166964bc9cfdad71be2cc42e392afaf5fdc50ca447ea9
CLIENT_HANDSHAKE_TRAFFIC_SECRET 7b08820f4ba4e909ecb3bbd5baedcb0e80d80764bad3275edc5075d1f4dcd208 8a014b6aa7bdd09c3eb63a5753fb7cdc6eb4e678531ff04d86067d0531ee64f7
SERVER_TRAFFIC_SECRET_0 7b08820f4ba4e909ecb3bbd5baedcb0e80d80764bad3275edc5075d1f4dcd208 261053db42b3affdac105470bdc18d23f260a59f0c37da0c64a38d207f4aacc4
SERVER_HANDSHAKE_TRAFFIC_SECRET 1ddd53643fff7c39efafe11c0e747acd2a646483c2779e6e16d3fe45512bb832 1482c486c97b94abe44b19c2fae16b3aeb81b6e6bdc6dcab828f045ec290be9b
CLIENT_HANDSHAKE_TRAFFIC_SECRET 1ddd53643fff7c39efafe11c0e747acd2a646483c2779e6e16d3fe45512bb832 f0835d3816ae613a91dc015504d44dfaa6056326618087fb874358b7775e2434
SERVER_TRAFFIC_SECRET_0 1ddd53643fff7c39efafe11c0e747acd2a646483c2779e6e16d3fe45512bb832 e90f2ca7bdb5a2bcfde042c4b67768c7024281bede846255d7873ac91d95cea4
SERVER_HANDSHAKE_TRAFFIC_SECRET f0c82b950cc516577d89d834868ecbc378ae912c9805498f8f80f59ec8a0fd00 bfe788718985a305e2b8f70fd08acdf594990e0cf967915a24dc1b5b245efa51
CLIENT_HANDSHAKE_TRAFFIC_SECRET f0c82b950cc516577d89d834868ecbc378ae912c9805498f8f80f59ec8a0fd00 80c26f9c45743651857b33ae543ab395651503171071a93314f00283060cd619
SERVER_TRAFFIC_SECRET_0 f0c82b950cc516577d89d834868ecbc378ae912c9805498f8f80f59ec8a0fd00 8c21701a53085d05db27a9a8878be0fa9764a3794a6c5d7a4b7950341dd11bc7
SERVER_HANDSHAKE_TRAFFIC_SECRET ea5efca59761256eac81dabdc1f8841b1b53c0a2f9dcacbab47e2a05822d672a 9df6114f8f3623378fcaab218ca46bc8b1cb4941068cae3cca130d9b22f4fb23
CLIENT_HANDSHAKE_TRAFFIC_SECRET ea5efca59761256eac81dabdc1f8841b1b53c0a2f9dcacbab47e2a05822d672a 936ed64e67f12d8e04252672db0de11d8224d0d245f8acfed8f599aaf3bc88d8
SERVER_TRAFFIC_SECRET_0 ea5efca59761256eac81dabdc1f8841b1b53c0a2f9dcacbab47e2a05822d672a 593fa4d4d82f625856f725cac4e0d1ddd3a76d2d08b1fe6f20edab82a7187cd4
SERVER_HANDSHAKE_TRAFFIC_SECRET 5bb2909afa67520f7a49a8f1b98e407ff739df197c94e5a04055b39875378294 0ffd10dd824d4e41f59786230bc84eb2266b0a4eedb9778f876ec57619811e04
CLIENT_HANDSHAKE_TRAFFIC_SECRET 5bb2909afa67520f7a49a8f1b98e407ff739df197c94e5a04055b39875378294 35594012ca837b89ddc28c449fbb6a2cf470efc9b891cca821d9ac63d358da56
SERVER_TRAFFIC_SECRET_0 5bb2909afa67520f7a49a8f1b98e407ff739df197c94e5a04055b39875378294 4115b3d10ffa01dab9018cf7dbebcf8623020cee3766b244160730d0ead5f53f
SERVER_HANDSHAKE_TRAFFIC_SECRET fb0a770c313c79bf0edc3952190794cb99848b609afc8499a714efce09754ebe b30dfffa16a24839cf687327b375a07652c74eefe67d4ceb67a37ae21bdf3316
CLIENT_HANDSHAKE_TRAFFIC_SECRET fb0a770c313c79bf0edc3952190794cb99848b609afc8499a714efce09754ebe 31fa895d0103374325a5f7c1cef12f333984be4ee458edb28258c8639582bf18
SERVER_TRAFFIC_SECRET_0 fb0a770c313c79bf0edc3952190794cb99848b609afc8499a714efce09754ebe 69715e1a34c2a595bae146febe685c0b486a690e83170299913d15424dcf3299
SERVER_HANDSHAKE_TRAFFIC_SECRET 479b3bf714786b74da572ed5eaa3b501f0344e8cfbb96d4f88fb1d6f9fa07a9a 40c90c4324462d430cbe122eb3ae4a741e8450ae1e0691ad185c7979078e7829
CLIENT_HANDSHAKE_TRAFFIC_SECRET 479b3bf714786b74da572ed5eaa3b501f0344e8cfbb96d4f88fb1d6f9fa07a9a 6fa856c1e972b7154cae0400cfe5ec7c0a276444fd454ac7736f6c4ed200d6f4
SERVER_TRAFFIC_SECRET_0 479b3bf714786b74da572ed5eaa3b501f0344e8cfbb96d4f88fb1d6f9fa07a9a 3f8fdd9159c270f718ef5067317ee63170b2eb4e91094206d14039d46be94bbc
SERVER_HANDSHAKE_TRAFFIC_SECRET 19d0547bed8e99f52dfa0338b87647bc0017662dbf4647d648e51f4973956549 7ffa7e7785e9e84c267c315b119f67dd78ea378cbde98bb562e239396a56f694
CLIENT_HANDSHAKE_TRAFFIC_SECRET 19d0547bed8e99f52dfa0338b87647bc0017662dbf4647d648e51f4973956549 98b1789bd9842146bbda3fc248351a4394624e5d2475563ec64856d65f505cdd
SERVER_TRAFFIC_SECRET_0 19d0547bed8e99f52dfa0338b87647bc0017662dbf4647d648e51f4973956549 b833850c675b00a75bee5d2b6ce04f47f0f3917d9cb72c00c5da9f019a030fc7
SERVER_HANDSHAKE_TRAFFIC_SECRET 02fd647864d31a7a851d4e2b112758c451ca763bde5a30937b4c789c8e926a3d c09bf8d93280abe90e6f176459b75d1bfd5c28bf6b80cec33d636c7bf7041fa6
CLIENT_HANDSHAKE_TRAFFIC_SECRET 02fd647864d31a7a851d4e2b112758c451ca763bde5a30937b4c789c8e926a3d 94340cb3b0f1e4dc1556423c3eb382a84f2e57593dc481f32453c3dd57593470
SERVER_TRAFFIC_SECRET_0 02fd647864d31a7a851d4e2b112758c451ca763bde5a30937b4c789c8e926a3d b1adbe460846df1c9a99b1b8d97fc9c67baf286b21114382c2702adaf5a57077
SERVER_HANDSHAKE_TRAFFIC_SECRET da3d846274dfc3f43e44fb482dcdadcded7b369eb39f9a079252e8f95da766e7 fb8d826e81c134b67e286c906b5fa57ebd027a29c2bea2ffa687888387165961
CLIENT_HANDSHAKE_TRAFFIC_SECRET da3d846274dfc3f43e44fb482dcdadcded7b369eb39f9a079252e8f95da766e7 a5bc2b4ffa619ec9b634fc6a6f581e1b1905eb066679ef0bc7a6f3798fec5f3e
SERVER_TRAFFIC_SECRET_0 da3d846274dfc3f43e44fb482dcdadcded7b369eb39f9a079252e8f95da766e7 0cafcda037774d307261ce254fe64e6e44755671cf3133f3e287966968e287d7
SERVER_HANDSHAKE_TRAFFIC_SECRET f104a1d64717ba3ee6f565e30af763fcf06961a887b4b7283b1bfc148c37e5b7 32b17ba7ab5f628b69ca55e5291442fe261cb308ec6932e5ee7f64176a36fb50
CLIENT_HANDSHAKE_TRAFFIC_SECRET f104a1d64717ba3ee6f565e30af763fcf06961a887b4b7283b1bfc148c37e5b7 d8e1dd846d844737203acb5fefb306df9bac14b8f00dfabcf3d8dbb70adcb417
SERVER_TRAFFIC_SECRET_0 f104a1d64717ba3ee6f565e30af763fcf06961a887b4b7283b1bfc148c37e5b7 b6685d5e01776767a230b3d07a88005788a48cf7b25e8c3446f2cbf7ec89ac8b
SERVER_HANDSHAKE_TRAFFIC_SECRET 0a86bf4e5a5f7ff4d0823d7c81f6606e1b95f6d5eac02ba8334d23250e187c42 3c23a132f8044f6371ff532d213c0b7ef1004406ddbbbdd7a46f3a5c4a1b79f6
CLIENT_HANDSHAKE_TRAFFIC_SECRET 0a86bf4e5a5f7ff4d0823d7c81f6606e1b95f6d5eac02ba8334d23250e187c42 a0351e7a2ddc68889ae8e446b0d6d6a9158d0b2f16135044dab8af9a02963928
SERVER_TRAFFIC_SECRET_0 0a86bf4e5a5f7ff4d0823d7c81f6606e1b95f6d5eac02ba8334d23250e187c42 bacf3d5076e7eb779c78d900fa65ec75add1bfbbf5a6665ec32e2612e52b3001
SERVER_HANDSHAKE_TRAFFIC_SECRET fc122fe18fceae427f3b643463568d815f1eeb90b4bfdd034a01781c2f019990 1bf9f8c16de8fcfa87b1e180aae0b39efacc94aa777dfbbce97b65634898a46d
CLIENT_HANDSHAKE_TRAFFIC_SECRET fc122fe18fceae427f3b643463568d815f1eeb90b4bfdd034a01781c2f019990 fa2e1914e9bf52737652cc417a6b5a8ec15186d7d923c603372a09aa7c1c636f
SERVER_TRAFFIC_SECRET_0 fc122fe18fceae427f3b643463568d815f1eeb90b4bfdd034a01781c2f019990 cf2c0b8bd1750512e80ba455dfa7588d234ee2257362aa7f674b8983f485cff8
SERVER_HANDSHAKE_TRAFFIC_SECRET 33cda9cdf73068e4e9e8abcfc42aa65652fb70b3fb41c9f616f49b239fbab62d e011188753a29c7abf6e2321b9ca69683079f6cd890f5c98e0a034384126af1c
CLIENT_HANDSHAKE_TRAFFIC_SECRET 33cda9cdf73068e4e9e8abcfc42aa65652fb70b3fb41c9f616f49b239fbab62d df5c9d3c185f6263ead234f73fa67f37ea1c3ff3df62562898e9b77e1d4c4499
SERVER_TRAFFIC_SECRET_0 33cda9cdf73068e4e9e8abcfc42aa65652fb70b3fb41c9f616f49b239fbab62d 5a06b8830545b4f00fc6b8822c1827d00926856ced141d75f83e1ea07477ecdd
SERVER_HANDSHAKE_TRAFFIC_SECRET f353bee972b057d2657761b99523558db17dd638a48387f32f8f06b2e44db397 aaf9c974d2b3412e41c9752595ef080aadc94b3df97808ddb25fae82fa792465
CLIENT_HANDSHAKE_TRAFFIC_SECRET f353bee972b057d2657761b99523558db17dd638a48387f32f8f06b2e44db397 0bd1d5962ccfab0ef2b51103b2a6ee6af63838a497df101ee3e0d8e616e9c201
SERVER_TRAFFIC_SECRET_0 f353bee972b057d2657761b99523558db17dd638a48387f32f8f06b2e44db397 271332b8d8d1ba3d5a949a2dca1c386832befa929bf9a83a93923e7127b7fe4e
SERVER_HANDSHAKE_TRAFFIC_SECRET 632816be0ec66dadefc42fb292c3432575df09dc2a87fe6b34936ecd167deb99 9682e2735bc078e1cead984d494f59ee596af064b983cadbbbf5502272f96ee1
CLIENT_HANDSHAKE_TRAFFIC_SECRET 632816be0ec66dadefc42fb292c3432575df09dc2a87fe6b34936ecd167deb99 526f6e7f9eb8dece3fbf5725109e9c8e90f66c4ff81ecfa9b8eef30b95f5ef5d
SERVER_TRAFFIC_SECRET_0 632816be0ec66dadefc42fb292c3432575df09dc2a87fe6b34936ecd167deb99 f9df09d37831d7245206512c3d6d698ca6073b69f0c7fadff2359497f342d7a3
SERVER_HANDSHAKE_TRAFFIC_SECRET 15be7b33f996ec9e623468bc3452d70a760915da7c809a68ec93a70e01fbe852 69c227e870e6dcd8abc30e8a5c11a8da4e8ab42c13ecdc9cd22be3fac58d9fcf
CLIENT_HANDSHAKE_TRAFFIC_SECRET 15be7b33f996ec9e623468bc3452d70a760915da7c809a68ec93a70e01fbe852 77531a76cea885ecb0c664aff5dd7c7019073a975cf2310108b4ca6c75d64d01
SERVER_TRAFFIC_SECRET_0 15be7b33f996ec9e623468bc3452d70a760915da7c809a68ec93a70e01fbe852 32d6d1ad227b392801672db3698e215e53f0bb31951411f8565942633dcbe271
SERVER_HANDSHAKE_TRAFFIC_SECRET e9076163416e2757626e5704aa9e8305d9b41ee1f02a37312565f25152b94126 03987e3b814b0d22a7235d543f5b3ba6baaa12dbb3758ad306e68a1a033e3749
CLIENT_HANDSHAKE_TRAFFIC_SECRET e9076163416e2757626e5704aa9e8305d9b41ee1f02a37312565f25152b94126 9ddc35d152ed9c0eeaf6137295f5675b3bc41096413960e3cf9f2ebae6558ec8
SERVER_TRAFFIC_SECRET_0 e9076163416e2757626e5704aa9e8305d9b41ee1f02a37312565f25152b94126 ee9a1bc729d86ddd6e850e3660b3bba1eaca35f0c47c7443a954b1f738acbcc9
SERVER_HANDSHAKE_TRAFFIC_SECRET e0f509463113f32cd7526c9650a3fe2af9401e64d7ae5f442aace799c6732b55 d8b042299c28e96ef6a57da206eebf6e73c59f630d3cfc3c58683dca73c1b658
CLIENT_HANDSHAKE_TRAFFIC_SECRET e0f509463113f32cd7526c9650a3fe2af9401e64d7ae5f442aace799c6732b55 4e4bff5b4df1a13087a8cba5ff73896e0e46992cda769c99f3ca8478b3e0aef4
SERVER_TRAFFIC_SECRET_0 e0f509463113f32cd7526c9650a3fe2af9401e64d7ae5f442aace799c6732b55 97468eced528858166dc8ff2e858d0760d3bbe76d3763c0f024c6bf16847aec2
SERVER_HANDSHAKE_TRAFFIC_SECRET bb9a559148e19c73918d66fc13a5ecb6d526c1adf38853b39a59053d1f2e93c4 e4b462e356a9f258963f2956e32531f900b397559b6d9e05d46c0ce69377b69b
CLIENT_HANDSHAKE_TRAFFIC_SECRET bb9a559148e19c73918d66fc13a5ecb6d526c1adf38853b39a59053d1f2e93c4 193ef6dcd04f0804a14cbfe94064d80f255d3c7cbaad102ea7d9232497ff0ac5
SERVER_TRAFFIC_SECRET_0 bb9a559148e19c73918d66fc13a5ecb6d526c1adf38853b39a59053d1f2e93c4 8818ec4d660a8a60fa1013d6880fd65fdcf7ab6773d1a7fb9366aec175262ea2
SERVER_HANDSHAKE_TRAFFIC_SECRET 8d2a288974cedfd228f46614503127191f5826f393dc0055b54ef1f184a6ea92 929a31a6f314b088d596af99d3ad7fa31b3caff6280663dcd3c92b9ab293d4ec
CLIENT_HANDSHAKE_TRAFFIC_SECRET 8d2a288974cedfd228f46614503127191f5826f393dc0055b54ef1f184a6ea92 1bc55fc3f79b275432fe3daae982a0f158370978c9bfe6a5aa294cc29f027613
SERVER_TRAFFIC_SECRET_0 8d2a288974cedfd228f46614503127191f5826f393dc0055b54ef1f184a6ea92 900cb15f496153064748539174d2bbf0e86207541d18bb32ab9d12c9e33b6ffd
SERVER_HANDSHAKE_TRAFFIC_SECRET 0f117072b5162d6ba585a1dd3637c179247a6c0d3cf61843b67ff337033aa5eb 23a494e6245304ebea059ad92ad982a54f576c70fcfbef84588c2cfb3aaf95c6
CLIENT_HANDSHAKE_TRAFFIC_SECRET 0f117072b5162d6ba585a1dd3637c179247a6c0d3cf61843b67ff337033aa5eb e84ad824dc83f2af31248e53d7f4da190c27be8dc0ba92237ab1576b7080a3b8
SERVER_TRAFFIC_SECRET_0 0f117072b5162d6ba585a1dd3637c179247a6c0d3cf61843b67ff337033aa5eb a28afa008ef75c3d50dc2ae69bfe6a07ca0fa51de2fe5945ea8a89df1df5455e
SERVER_HANDSHAKE_TRAFFIC_SECRET c2e77aee56e9d99c94cb16856ab8318391e6f720ebedf59ba7d44e0d81f5260d 76bc7105119db520f4dfbe29f990ccac8d1e7fff8e0fce3a125d59f9177a3e37
CLIENT_HANDSHAKE_TRAFFIC_SECRET c2e77aee56e9d99c94cb16856ab8318391e6f720ebedf59ba7d44e0d81f5260d c13a6e124033c082325e220bcd5bbdfc11bac247cb54d9c74c5fe2c52ad2957c
SERVER_TRAFFIC_SECRET_0 c2e77aee56e9d99c94cb16856ab8318391e6f720ebedf59ba7d44e0d81f5260d 0893b035e70f40a8aa629fd16c7ec73786e096cbf8cba7e977f0998a5ae461b9
SERVER_HANDSHAKE_TRAFFIC_SECRET 91c9ed3a56c2e02c82a383c8216ce0760faf727171e7582d935fbf93dfa8a233 54e37d7d994d66b6865e2e2ba773b77f6f81ecf3c488fa054d8ba02fc379c5f4
CLIENT_HANDSHAKE_TRAFFIC_SECRET 91c9ed3a56c2e02c82a383c8216ce0760faf727171e7582d935fbf93dfa8a233 3e7886849966e417a3bd3172b0fcd1a5f726414aaa4002c40b70dca9813774d3
SERVER_TRAFFIC_SECRET_0 91c9ed3a56c2e02c82a383c8216ce0760faf727171e7582d935fbf93dfa8a233 9250a6c110641fa12689064cf541d0598c9af7e2156afdd8fa6f9adf30c58536
SERVER_HANDSHAKE_TRAFFIC_SECRET 9ef5ab64467d10e28739a9f2e504254024604b7a5c98c62b3a8be0546eff5f20 76ee175bdfd97c8e1fb1f97c55a606d69136d4fe8ab24d304ad2a6b2176a9332
CLIENT_HANDSHAKE_TRAFFIC_SECRET 9ef5ab64467d10e28739a9f2e504254024604b7a5c98c62b3a8be0546eff5f20 2b88226191cc1f4b2006e5b19f08962981be92dfaed21b08a68791c2448c4e0d
SERVER_TRAFFIC_SECRET_0 9ef5ab64467d10e28739a9f2e504254024604b7a5c98c62b3a8be0546eff5f20 c2433a40f139dcc42413e7b48d17809c131691ab29f4a37a518799d1121d6c85
SERVER_HANDSHAKE_TRAFFIC_SECRET 1c38004342381d6d1ce2079d27f8e9051d379b97a4ab41d465c152e2d310802c 4f48da76b18119f3bda854c41829e5a3a6144373f3c21d8ff0f7c1b4ebd88aba
CLIENT_HANDSHAKE_TRAFFIC_SECRET 1c38004342381d6d1ce2079d27f8e9051d379b97a4ab41d465c152e2d310802c 3f53897b795273a47965d742bf7ea0857d4c219818e89587c5f2078399832e68
SERVER_TRAFFIC_SECRET_0 1c38004342381d6d1ce2079d27f8e9051d379b97a4ab41d465c152e2d310802c 6552f261e50a329dc6327ee1b5ec140bc767de419121962fa89a9b10fb0839f3
SERVER_HANDSHAKE_TRAFFIC_SECRET ddcf32a9918a19ca8709550d496e0cee2cd38ea81ff043d2d7cabfc676effc81 1f77a6afa6a5dc3d497a3cd2d31efce218c1ecd37dde0c88b1d22337ba15bfb6
CLIENT_HANDSHAKE_TRAFFIC_SECRET ddcf32a9918a19ca8709550d496e0cee2cd38ea81ff043d2d7cabfc676effc81 56722c5d9a82d86eb505ad4964e915a3108e0f369ad5c847a6468b64446f622b
SERVER_TRAFFIC_SECRET_0 ddcf32a9918a19ca8709550d496e0cee2cd38ea81ff043d2d7cabfc676effc81 ff9c726e6d5b99183e0755eaec77ecd4ccbd9492e626f78a241876644a93bb49
SERVER_HANDSHAKE_TRAFFIC_SECRET d9747c7ed7360fc8dc8a0620d2dd402267a6f8972a3b9def5b39cc4e6718ed87 c97c7a58242f3e935dd4d104628f8205ef355df05f9f491087490b29272a0454
CLIENT_HANDSHAKE_TRAFFIC_SECRET d9747c7ed7360fc8dc8a0620d2dd402267a6f8972a3b9def5b39cc4e6718ed87 c5fa1933c60268c4d5ed6e152dce7ded51e08e6820bdd9ba12b57dae6c08ea24
SERVER_TRAFFIC_SECRET_0 d9747c7ed7360fc8dc8a0620d2dd402267a6f8972a3b9def5b39cc4e6718ed87 42420e6dea33efe2f628869d483b3951489eb96f2ddcaf3eb318fcbeeee06c70
SERVER_HANDSHAKE_TRAFFIC_SECRET 6232a2a751a496a6a6e3c73981ca283287cf5f6d4c32468634fdcdd20d9218e4 2ff84a414f754b18761ad434fac63255c2df2098c631388405ff38416c887fc5
CLIENT_HANDSHAKE_TRAFFIC_SECRET 6232a2a751a496a6a6e3c73981ca283287cf5f6d4c32468634fdcdd20d9218e4 dde7e801f6bbc5b49ba7e0f0cf78850dc0bb6900205a37f6d9a7c515637dc7c2
SERVER_TRAFFIC_SECRET_0 6232a2a751a496a6a6e3c73981ca283287cf5f6d4c32468634fdcdd20d9218e4 c4b7e672b79b25c2f8f20a03f69f1fd706931ab004d150f611b086275cbe8752
SERVER_HANDSHAKE_TRAFFIC_SECRET 7d3914d7960a4cb94fdffe64f522e79336ac9f19c437017a193c5fc4c7729607 363d58b9a0965b99a8402991fc3a2158c3ac4405d25c9f03226bd0d622224e69
CLIENT_HANDSHAKE_TRAFFIC_SECRET 7d3914d7960a4cb94fdffe64f522e79336ac9f19c437017a193c5fc4c7729607 a0d915ab62116facfbc5de4fdfae0204c2f8eb2ff23003f1afdd04fba7b1af6a
SERVER_TRAFFIC_SECRET_0 7d3914d7960a4cb94fdffe64f522e79336ac9f19c437017a193c5fc4c7729607 ac405f02a197dabd68dd36fbacd51b9f99cd7f3807f32cb238b82e02ec98d46b
SERVER_HANDSHAKE_TRAFFIC_SECRET 6f306a7744c098a3f81e4cef66cb486a6fe11685e88eb580a39c12e85875f4da a753dea08d33a791fb5c01565af2d18bf243ec500bec019cbf940a3a381144f5
CLIENT_HANDSHAKE_TRAFFIC_SECRET 6f306a7744c098a3f81e4cef66cb486a6fe11685e88eb580a39c12e85875f4da 3f3936d3f62d3b8089cf70ce65ee8c787eb6394bbe0dc0d380c4b67873fe0cf7
SERVER_TRAFFIC_SECRET_0 6f306a7744c098a3f81e4cef66cb486a6fe11685e88eb580a39c12e85875f4da bf030bdfc86ea4ba5ffe9b3e021bc440dd7c123bf77dcd72bf3ce2150c3de78b
SERVER_HANDSHAKE_TRAFFIC_SECRET 0bd5e3d8bbff2dc0a5b872d7f474f8bab19406b94dd6b1bb140f4a8f3f6ba801 4951c50ac3ab652af30b83ea68a6f9a091355cd5fcf6c57650799f733d1639c1
CLIENT_HANDSHAKE_TRAFFIC_SECRET 0bd5e3d8bbff2dc0a5b872d7f474f8bab19406b94dd6b1bb140f4a8f3f6ba801 c55791e31eb2dd772752370f81c6f1bb7da573aaab73f969b1932ce6e07cc030
SERVER_TRAFFIC_SECRET_0 0bd5e3d8bbff2dc0a5b872d7f474f8bab19406b94dd6b1bb140f4a8f3f6ba801 77beb4b5aa1c1c842d11a2098841d3c28463208224afa7406dbae23b4d4cec0f
SERVER_HANDSHAKE_TRAFFIC_SECRET a9ad87a2943e0d03faaa108f144235ccbfcce8ae917648aa6cab06777779b240 78f4b82fb85ead76a8742614cdb58670235464488bdabd553e5d3785a9eba183
CLIENT_HANDSHAKE_TRAFFIC_SECRET a9ad87a2943e0d03faaa108f144235ccbfcce8ae917648aa6cab06777779b240 6a6aae0edaf52316a20b40890e407cf9c846777f79e657ff030dc36c30311445
SERVER_TRAFFIC_SECRET_0 a9ad87a2943e0d03faaa108f144235ccbfcce8ae917648aa6cab06777779b240 e2375c9ccdb886a5dae5e9d32a4d45170c162b7bf653bb5e79ad30ce6e213bf7
SERVER_HANDSHAKE_TRAFFIC_SECRET 5a968593c498068c630e5c8e88a0a3400f4b998fcab2cf5ace7245ef20b438f8 692944be04394cda015768820732572b13fa0b0d96671aa54cee82f29087326f
CLIENT_HANDSHAKE_TRAFFIC_SECRET 5a968593c498068c630e5c8e88a0a3400f4b998fcab2cf5ace7245ef20b438f8 d3bef62d33bfcc25f1341dde3f67fcf0763c2c69afa8236c1e720beff0884f51
SERVER_TRAFFIC_SECRET_0 5a968593c498068c630e5c8e88a0a3400f4b998fcab2cf5ace7245ef20b438f8 231cdb87b93d0ca4f25398b184b7533ccecfd72c16760332433757bc196608c1
SERVER_HANDSHAKE_TRAFFIC_SECRET df0b175715d2946f9f4e4c90fc42d7a595d42ce8a1110e6a1ca75c21a9195bc5 80a6e919a4a9f8055f01a4a5eb0b74a4effbc223c7cd5a81907ffe6112ab94fc
CLIENT_HANDSHAKE_TRAFFIC_SECRET df0b175715d2946f9f4e4c90fc42d7a595d42ce8a1110e6a1ca75c21a9195bc5 08306d58bd46950590f88531fe9e34f6365d3365921fc4df27bebe8d3e6503e7
SERVER_TRAFFIC_SECRET_0 df0b175715d2946f9f4e4c90fc42d7a595d42ce8a1110e6a1ca75c21a9195bc5 d43c1649a9a9eb8cf6ad7e4c6d6b51258a9114ce10b2e27f7f49066e97cea0d5
SERVER_HANDSHAKE_TRAFFIC_SECRET bd129184395db83354a0840433e4b19a59598593bc2533783774b57f3e725a6f 44071daab3a594cb26b58197925de0ce521c7f51ed52ee20d4200f5d21f2640a
CLIENT_HANDSHAKE_TRAFFIC_SECRET bd129184395db83354a0840433e4b19a59598593bc2533783774b57f3e725a6f e840ce2bd2c6083b758bff83fe35c044ec1e57cad3250fec3b092bafc72819e9
SERVER_TRAFFIC_SECRET_0 bd129184395db83354a0840433e4b19a59598593bc2533783774b57f3e725a6f f0dc79d270e8b89fcce047152d1e46f66df76c20e93678db28fe8a5992b70e41
SERVER_HANDSHAKE_TRAFFIC_SECRET 80f45462adadc21d8874f5299382f8dac4ba80cd3d9cce9c30edc8dda7ce3350 e8eea8cf1cb2303edfe74d8f02c0fdbba0144122dadccae596c382740f927fe3
CLIENT_HANDSHAKE_TRAFFIC_SECRET 80f45462adadc21d8874f5299382f8dac4ba80cd3d9cce9c30edc8dda7ce3350 31cb72c962ab44f33b0879aef0356510a9506c08baae067c7396721c238493a4
SERVER_TRAFFIC_SECRET_0 80f45462adadc21d8874f5299382f8dac4ba80cd3d9cce9c30edc8dda7ce3350 1983a953b1c352bdba19db437fc5b3ccd0606102980bff24bf704e3c62822eab
SERVER_HANDSHAKE_TRAFFIC_SECRET 3dc119deb341e0d6194078c7a291a976307c19c0acf87ecf3ad078addc7b0f0e fb0c0c80c79947af8b12da5583a8736ba7c3022f5a0f8a9b4d107bef1302471d
CLIENT_HANDSHAKE_TRAFFIC_SECRET 3dc119deb341e0d6194078c7a291a976307c19c0acf87ecf3ad078addc7b0f0e 8822f7c2840af0f01629f673422566fd26cc53c777c1155682e5d9a81392dffa
SERVER_TRAFFIC_SECRET_0 3dc119deb341e0d6194078c7a291a976307c19c0acf87ecf3ad078addc7b0f0e d5d87d2a690579b0ca5fa983cf03c20e1921d7c66e94aa4d0d6f8cac006fe4de
SERVER_HANDSHAKE_TRAFFIC_SECRET 4ab4cf17de28cd8c47df01411de342afed926e6da3a35a87cdb18b4dd4103cfb 93bdd1e84607c74488517c8d779f7503f04dd79d55ce99a6f1ae8d80b54ecab4
CLIENT_HANDSHAKE_TRAFFIC_SECRET 4ab4cf17de28cd8c47df01411de342afed926e6da3a35a87cdb18b4dd4103cfb 5fd4d8e56262cf68b136c81db1226cf6340a77ab496945f9972891a69165d231
SERVER_TRAFFIC_SECRET_0 4ab4cf17de28cd8c47df01411de342afed926e6da3a35a87cdb18b4dd4103cfb b4a305f7fb99664a1301686d754900a334047c69ef0abad4883cc554223e7f25
SERVER_HANDSHAKE_TRAFFIC_SECRET 53b2c9ce1cc1a77a535b4a233e5ee5803892113e72c0ba7aee8062be5359bdd2 3336fab9c540086c1a32b86e26ff36bd836846066cdb5377ddb7e5005ffe9546
CLIENT_HANDSHAKE_TRAFFIC_SECRET 53b2c9ce1cc1a77a535b4a233e5ee5803892113e72c0ba7aee8062be5359bdd2 3725aecf8def132d819616fd808cd64d0e80fe32c35588d4f844140726a12a25
SERVER_TRAFFIC_SECRET_0 53b2c9ce1cc1a77a535b4a233e5ee5803892113e72c0ba7aee8062be5359bdd2 9ed3933f6eef60f33108e45603dc43030c56ad8b003b26207c39c9a5a243cf96
SERVER_HANDSHAKE_TRAFFIC_SECRET c0d258f932c4acf674aca60ef91c50444579ea3866b47fd1ba67d6a072780fd7 3f29aefdec0a96c143cfe1697258288fab866c15c8439b5f25771c424c506a3e
CLIENT_HANDSHAKE_TRAFFIC_SECRET c0d258f932c4acf674aca60ef91c50444579ea3866b47fd1ba67d6a072780fd7 a65c2f913099ec2845423211f46ac90cf763d1a338deb28c61a6152220825086
SERVER_TRAFFIC_SECRET_0 c0d258f932c4acf674aca60ef91c50444579ea3866b47fd1ba67d6a072780fd7 68066a24607baa41d2caaa8969ae055b844010b8c54e32bbf013c978ea70db90
SERVER_HANDSHAKE_TRAFFIC_SECRET a7ab60b0c576081ea8000cd340734ea79ce47a1e5ab75400338899436a4be051 e4ce81bf5903cf8f6d457131d63a13c9e6d12145eb3bd1b071a0f2f7ae9d4a3c
CLIENT_HANDSHAKE_TRAFFIC_SECRET a7ab60b0c576081ea8000cd340734ea79ce47a1e5ab75400338899436a4be051 928fb1e1a6e8fc09fa70d38753c7b165d6b4714d88d368239a867eb32101dea6
SERVER_TRAFFIC_SECRET_0 a7ab60b0c576081ea8000cd340734ea79ce47a1e5ab75400338899436a4be051 3d9135ae42ebf42127265f03ec68b3fb3774db955fa519082a192a6cd765f5ae
SERVER_HANDSHAKE_TRAFFIC_SECRET 8cd4999d0589a3ade43b382b6c7088f0399337a7d7b6d6bc79ea4e4a01e6b9fc debcf41d0c4e0953516b01e6e73734204f35b49ebbf7988eb88326b2f05d8cc9
CLIENT_HANDSHAKE_TRAFFIC_SECRET 8cd4999d0589a3ade43b382b6c7088f0399337a7d7b6d6bc79ea4e4a01e6b9fc 77acca0b5e5d2cfb4249f7c3d858dee1cc2a94f8bc3380f564752f82d9cfcf0d
SERVER_TRAFFIC_SECRET_0 8cd4999d0589a3ade43b382b6c7088f0399337a7d7b6d6bc79ea4e4a01e6b9fc 61cbb7b6e58bc32c67bf4f96c8b75ce6464ab862793ca5e0fa38e1dab2f1ec2b
SERVER_HANDSHAKE_TRAFFIC_SECRET ddad8c65fcbb829c7787e35586a4a90a4f1cc183909f59444342635e11ff6601 a9cb0dbd99694c44199a951aeae7f8d0fb218b63ff5365340cab5b6f720b5306
CLIENT_HANDSHAKE_TRAFFIC_SECRET ddad8c65fcbb829c7787e35586a4a90a4f1cc183909f59444342635e11ff6601 6c3330ff58590767963bd8d1f047b43639c0c3ca8aa3b3b8784cef68b62336ba
SERVER_TRAFFIC_SECRET_0 ddad8c65fcbb829c7787e35586a4a90a4f1cc183909f59444342635e11ff6601 c53b2008cf6249280e3fa37b3d38520e4e31f5fcc1202ee34940205b03b93c22
SERVER_HANDSHAKE_TRAFFIC_SECRET 1ebb44525125d04b7569008a7de24bbcaf4cafb6c0071f9fe2a82a875b6e1a35 a43f6ee334565dc12746421b7d7e1634edb433d47ca7cebd3140bad31b8ccb75
CLIENT_HANDSHAKE_TRAFFIC_SECRET 1ebb44525125d04b7569008a7de24bbcaf4cafb6c0071f9fe2a82a875b6e1a35 2923616a2d085cb79c15f20d3763ed10e3cf23ec95f756e0ecc50fa35f2137cc
SERVER_TRAFFIC_SECRET_0 1ebb44525125d04b7569008a7de24bbcaf4cafb6c0071f9fe2a82a875b6e1a35 fa1d1e4fab579b4977a4278b4ee378f6a59eb1bdfddecbf49ae4a01ff16f756b
SERVER_HANDSHAKE_TRAFFIC_SECRET 472611d5a299ad94914ff865b07b089796a7bf0dbe0d580201794ff0f865d5c7 451d35f0d376468fdc14c18791fee538a53ea825725adc76ee8a3b3ed4fcc1de
CLIENT_HANDSHAKE_TRAFFIC_SECRET 472611d5a299ad94914ff865b07b089796a7bf0dbe0d580201794ff0f865d5c7 a611a3f52d9b024c21a2ed80f3346f2063ef3cd16ae742f4620a639c2172724b
SERVER_TRAFFIC_SECRET_0 472611d5a299ad94914ff865b07b089796a7bf0dbe0d580201794ff0f865d5c7 9dac3f6ca4f349e46d2935eaffac3c5ce560d5227f47e66d0841bc0081704152
SERVER_HANDSHAKE_TRAFFIC_SECRET 9310b7c634166ab1fd9ec811282ed477152f238bf4ca08ce480d2f5273923ef7 14d978da7f0c56b37f8304f3e5feabfc58d346acfdff04153ecea6031703852c
CLIENT_HANDSHAKE_TRAFFIC_SECRET 9310b7c634166ab1fd9ec811282ed477152f238bf4ca08ce480d2f5273923ef7 74c7da3ec5efeaf92c61d5914731961466c7ecd70f9d816451f8f4ed4912b1cc
SERVER_TRAFFIC_SECRET_0 9310b7c634166ab1fd9ec811282ed477152f238bf4ca08ce480d2f5273923ef7 a2b262fcd8bfe8f74ae6fa4b2fe450c67aa0ec04a580ca48a7621e2946d298eb
SERVER_HANDSHAKE_TRAFFIC_SECRET 4c0c3480385a51fc080f3b306fed3eea900fe7f420e3140b77b2132c41ba9504 04904c5f07ea1e701bc089cd265a4172f695f1812b612f35165d899cf313682e
CLIENT_HANDSHAKE_TRAFFIC_SECRET 4c0c3480385a51fc080f3b306fed3eea900fe7f420e3140b77b2132c41ba9504 1d4f9d121427cd6c168cd27bc98e97274b6c6d31c4e1593e98e42e50e7b8fcf9
SERVER_TRAFFIC_SECRET_0 4c0c3480385a51fc080f3b306fed3eea900fe7f420e3140b77b2132c41ba9504 2e51d74af65e7ab5c2460c08519bef47f1619feedb1922acf31ea0d34ec455aa
SERVER_HANDSHAKE_TRAFFIC_SECRET d0a125ad75eec80da06d1684413db2481d5f9dca2ffa5216209ab32fbba23e9a cb9960fae51b02db1ed733bc48dca27e1b59849e8bd319ffbfc282b0fa80161f
CLIENT_HANDSHAKE_TRAFFIC_SECRET d0a125ad75eec80da06d1684413db2481d5f9dca2ffa5216209ab32fbba23e9a 9a0bf9d448da70b0e9acd3dd923fa44326a66f78deb396196aa1f91cbe7e6b83
SERVER_TRAFFIC_SECRET_0 d0a125ad75eec80da06d1684413db2481d5f9dca2ffa5216209ab32fbba23e9a 96a0325596bd8d61eca1cca690327080b1fa63d258b6472c5f4b32efd02cd5e4
SERVER_HANDSHAKE_TRAFFIC_SECRET 1a4ddded077e0659b90ce2e2920d03be9dd292a3b6eaaeec8de231d3f8056197 e22ac6f04a5cb1066519abc975598da6ac1aef7655ffffe814642f2360129dc5
CLIENT_HANDSHAKE_TRAFFIC_SECRET 1a4ddded077e0659b90ce2e2920d03be9dd292a3b6eaaeec8de231d3f8056197 7826987e6fb1261049093f4516d5e5022bb223948fa7a32da0af5a49de21cdf6
SERVER_TRAFFIC_SECRET_0 1a4ddded077e0659b90ce2e2920d03be9dd292a3b6eaaeec8de231d3f8056197 0229d5e007fa2a389d66838bfa3c7962921c12a9d928904456b60b0bd90c45ac
SERVER_HANDSHAKE_TRAFFIC_SECRET 9ef6578e23b31ab0bb566d7f4b1718cd789936ca8c0917c2b72fa3b44d5368dd 2efb0be7ee379be9e96ee7519283cb227b8942b72f0edce4ca6519ac50764213
CLIENT_HANDSHAKE_TRAFFIC_SECRET 9ef6578e23b31ab0bb566d7f4b1718cd789936ca8c0917c2b72fa3b44d5368dd 18414f2218fd325ff982b95c428333e1c0d9440db364f2446b6cfdb9804db251
SERVER_TRAFFIC_SECRET_0 9ef6578e23b31ab0bb566d7f4b1718cd789936ca8c0917c2b72fa3b44d5368dd d7412cf642cabde30db81b60b358dab1af2b0de321debeb6bcdeb57b9bab7124
SERVER_HANDSHAKE_TRAFFIC_SECRET 97af31eba49c31465f9988098b041ef880045385b10d57520b28297a2e4bc0e9 dd1b409e13c1b9e6c053cb986e0bdd6404ae55997d9e3533477f927a5030868f
CLIENT_HANDSHAKE_TRAFFIC_SECRET 97af31eba49c31465f9988098b041ef880045385b10d57520b28297a2e4bc0e9 d7bffe63c9722c205ea77626e95192775804e8f75f90b3eefe742358427ee748
SERVER_TRAFFIC_SECRET_0 97af31eba49c31465f9988098b041ef880045385b10d57520b28297a2e4bc0e9 7bee9bc4ed0504d80699e23b0fd25b08599d4af8a570a9faf76f02665ca83cc2
SERVER_HANDSHAKE_TRAFFIC_SECRET 72729fa9584847ca66b26abc191e222ef030b43a32a32972ece1b285aa1966fd be0fd1000b634bb4946a78418ab8cee8f3a00edf719f213c83edd63f9815cb29
CLIENT_HANDSHAKE_TRAFFIC_SECRET 72729fa9584847ca66b26abc191e222ef030b43a32a32972ece1b285aa1966fd 481fdf3be493b3099c1035803a76354b60e6d9f8d003a7a480d38efc1d085399
SERVER_TRAFFIC_SECRET_0 72729fa9584847ca66b26abc191e222ef030b43a32a32972ece1b285aa1966fd f98db64d03c92c046d5a22573a9e1da178ba403d04102056d78a3cff1d29f71b
SERVER_HANDSHAKE_TRAFFIC_SECRET 2eed32bb0bcafd7be6fa6f88572709d30b038e4a69aadfabc198003d7cd9465f c6cbb70fdb1bb6af0bb89435b125b4809eac93315cfee73c3f0bdc81cd8773cb
CLIENT_HANDSHAKE_TRAFFIC_SECRET 2eed32bb0bcafd7be6fa6f88572709d30b038e4a69aadfabc198003d7cd9465f 13011222d606315b928eae07736605ae1f0127263929965cbf10e8b1d0b0efa5
SERVER_TRAFFIC_SECRET_0 2eed32bb0bcafd7be6fa6f88572709d30b038e4a69aadfabc198003d7cd9465f ba65e10fd570a1453a02b136e74a21dbfa05a6f0179e11ed315740c0f7d93389
SERVER_HANDSHAKE_TRAFFIC_SECRET e3efe2ccb5eeb8fe93e8d1f7aff37e0081be1b305e7b5ecb3dbb7531759ad802 62cd4c95480c60575ac91f3194061953ceb352ae6b290d0b8873fa4df23d5619
CLIENT_HANDSHAKE_TRAFFIC_SECRET e3efe2ccb5eeb8fe93e8d1f7aff37e0081be1b305e7b5ecb3dbb7531759ad802 c5b96181f752d9e1c177c4947210be63a3ae7b09742c0a041cc74445342e86ef
SERVER_TRAFFIC_SECRET_0 e3efe2ccb5eeb8fe93e8d1f7aff37e0081be1b305e7b5ecb3dbb7531759ad802 bbd61955fab64b7cfb64c5cc6806b9e991589d791a1c122aae74a27d8f9ae9b7
SERVER_HANDSHAKE_TRAFFIC_SECRET bf7583e2328df62e9d8970924699f720b7495da4e1f66c07387b7d3fdcb664cf 85ca79a2e49583c00df369a6449395eded5dbe47aaf68bb98aa2db75e2af7fe0
CLIENT_HANDSHAKE_TRAFFIC_SECRET bf7583e2328df62e9d8970924699f720b7495da4e1f66c07387b7d3fdcb664cf cdf34fd486f9d0645c96741966b3411460ad256514a961b50e43098b96c8e626
SERVER_TRAFFIC_SECRET_0 bf7583e2328df62e9d8970924699f720b7495da4e1f66c07387b7d3fdcb664cf d7153d2dbc35fb138cda3ea2041f4508ff7f6a797c41c0489dcf5efa48e5ea9e
SERVER_HANDSHAKE_TRAFFIC_SECRET acf6ab6b40082eb4f82c83a7a108d083abe95c2cbd2f511748fbcfed35a49f8f c9a53a473415f57dbf0f8daa163568ecc8b092b59efeb06e3fa99947b9cd45db
CLIENT_HANDSHAKE_TRAFFIC_SECRET acf6ab6b40082eb4f82c83a7a108d083abe95c2cbd2f511748fbcfed35a49f8f e93dd82862181606b484a6431b7e9d2970ec21300a31b9c547f16d696aff843b
SERVER_TRAFFIC_SECRET_0 acf6ab6b40082eb4f82c83a7a108d083abe95c2cbd2f511748fbcfed35a49f8f 8adea24e56d7eb05ac7063fde99657a8fd6aeaad9af68a44df3448166eced1ae
SERVER_HANDSHAKE_TRAFFIC_SECRET 1c6564187c6617e6411fe4dc5d00c8e38e3b494fb5f48fc1eff86d6ce9d52cab dd88491330206c2f6460c7d0efc4dd906443d6dac92b88d652fb83ff3915a47c
CLIENT_HANDSHAKE_TRAFFIC_SECRET 1c6564187c6617e6411fe4dc5d00c8e38e3b494fb5f48fc1eff86d6ce9d52cab 675d51337b3d7468c8e55492bd3911cbc87641d95ad040613f1d80f30c3875cf
SERVER_TRAFFIC_SECRET_0 1c6564187c6617e6411fe4dc5d00c8e38e3b494fb5f48fc1eff86d6ce9d52cab eabf5fa25a57a8392a04197276da048f8cc54fb42dd43f455dfb5fa6e40ddbce
SERVER_HANDSHAKE_TRAFFIC_SECRET beb04f27ed53699a5338e95a9df3c4531344dfad170269c2778b13c57b0c31d6 facc59f3d3c05e72b0931adbd0fe26eb6387c05bc072f690c89ac0b33c5ceb28
CLIENT_HANDSHAKE_TRAFFIC_SECRET beb04f27ed53699a5338e95a9df3c4531344dfad170269c2778b13c57b0c31d6 4c0d7743215f05ec3b4c609d0fb370d13c40305967ea983bcf21699eb3c700df
SERVER_TRAFFIC_SECRET_0 beb04f27ed53699a5338e95a9df3c4531344dfad170269c2778b13c57b0c31d6 447c4cd4e4971d16e8a3bc4937b10204922788ab9576b122a0e698b7c6e975d7
SERVER_HANDSHAKE_TRAFFIC_SECRET 7c4837be815978fb3e23c9358b2a54bd2adcc655d6b886f1b76b7f393bda3f7f a16a299428af237e896be29b75e2b1852abc4a578bfc4074b84f0a54d3705ec6
CLIENT_HANDSHAKE_TRAFFIC_SECRET 7c4837be815978fb3e23c9358b2a54bd2adcc655d6b886f1b76b7f393bda3f7f 8ffdd353d2e929cd0194e2bafd518801cd7e9d65be87c741f6a199e59af65b51
SERVER_TRAFFIC_SECRET_0 7c4837be815978fb3e23c9358b2a54bd2adcc655d6b886f1b76b7f393bda3f7f 27ac6a60162cc43c0a3dfc64196e6f0622c31951960e94a53eba1c1a93284d34
SERVER_HANDSHAKE_TRAFFIC_SECRET 2060d8a348598cb10751908d053a70a72a95736cde3fec7eaa1f974078040bca 8a166006ac3c34d7cb920ec3ace6d04124b5d36beabd4240aa9c3f2d962665be
CLIENT_HANDSHAKE_TRAFFIC_SECRET 2060d8a348598cb10751908d053a70a72a95736cde3fec7eaa1f974078040bca 674348f18801520487ecd7f189a017a8b6c01feed11c5fb546960d2216d84c38
SERVER_TRAFFIC_SECRET_0 2060d8a348598cb10751908d053a70a72a95736cde3fec7eaa1f974078040bca de67769f44a845ef819d4cac8735f1096bab19277e161dbeac14a4cef4f793a6
SERVER_HANDSHAKE_TRAFFIC_SECRET e0a321a6ed3671c9e852b4f15a4b7aae0e5fdac7969555f96f5f17255259cc41 799db164ae0519c708322885c3a7e6018573c367e1ddf7daa6cef8fa84692cea
CLIENT_HANDSHAKE_TRAFFIC_SECRET e0a321a6ed3671c9e852b4f15a4b7aae0e5fdac7969555f96f5f17255259cc41 e87868aed54d71165746470f1c80277d7f40da9d1e13b9fade490488d3bfec8f
SERVER_TRAFFIC_SECRET_0 e0a321a6ed3671c9e852b4f15a4b7aae0e5fdac7969555f96f5f17255259cc41 11e9ca2cd1b83d153372877101015d9e195164d3e4ea9da8ccb9ded5b89a222e
SERVER_HANDSHAKE_TRAFFIC_SECRET 75d6f3ca086e7984b6f9aa6261ece8243715b6a649ff9a173f4f44be93cfc5fc fad80dd45d5c076c773f7c88eed66791e7454ef92c964970ce8d7ecbbbb482f0
CLIENT_HANDSHAKE_TRAFFIC_SECRET 75d6f3ca086e7984b6f9aa6261ece8243715b6a649ff9a173f4f44be93cfc5fc 8759a027ae42fba4b1dac4899954a9bef3966ba164d525e181b463c4babb0214
SERVER_TRAFFIC_SECRET_0 75d6f3ca086e7984b6f9aa6261ece8243715b6a649ff9a173f4f44be93cfc5fc d390fd8e71242a50f790f2fd2373cd5db52aa80f6d8258839b99e90d60fe6d1e
SERVER_HANDSHAKE_TRAFFIC_SECRET 6a6973a189b21edf6aab16024ddc980fed3dd97b6145a9d4e0e05830c0f78f75 a74fc368e244cccaf27c2ccc330a9606364cc0b7e2e9010399e71757eb37a79f
CLIENT_HANDSHAKE_TRAFFIC_SECRET 6a6973a189b21edf6aab16024ddc980fed3dd97b6145a9d4e0e05830c0f78f75 8a52a4cfd4f5f81baee476a0fb9df3ca5ac9be4bd3c0d8b58b9892f5a3718b33
SERVER_TRAFFIC_SECRET_0 6a6973a189b21edf6aab16024ddc980fed3dd97b6145a9d4e0e05830c0f78f75 549f19bdf5e74b8d3e444c544b893d1dda7453a0ffcfe05d8f0c0b214cac35b5
SERVER_HANDSHAKE_TRAFFIC_SECRET b8ed22312fb7f8813a09c88408a9608adc1e20bad7972df01e689f730817b1d3 5b8f6fbb1733c7f6e59db7b754bbb6fa39380a7cda6a1be70a37815734c096eb
CLIENT_HANDSHAKE_TRAFFIC_SECRET b8ed22312fb7f8813a09c88408a9608adc1e20bad7972df01e689f730817b1d3 e394b87c3a96b9e91e7bc4431a946dd23494f86ae426b9399ed1394228e258f3
SERVER_TRAFFIC_SECRET_0 b8ed22312fb7f8813a09c88408a9608adc1e20bad7972df01e689f730817b1d3 20986359b013e9d2c754bdaa049bf732626823e0df83469f848e2ac9a53f78d4
SERVER_HANDSHAKE_TRAFFIC_SECRET 7d160fd0b209d6d0eaa4f6fb287f8f2be99d5f81cb913be8b36bfe632cb96310 50e5b4c8a9f7ed044f3b1446dfcd53be35596e7391771fe4ec348d4529f5f6ab
CLIENT_HANDSHAKE_TRAFFIC_SECRET 7d160fd0b209d6d0eaa4f6fb287f8f2be99d5f81cb913be8b36bfe632cb96310 d09dbfd653f2108bdfec79c87a66ce1fb63f881dd958a2aec8aea2044e6ab7b3
SERVER_TRAFFIC_SECRET_0 7d160fd0b209d6d0eaa4f6fb287f8f2be99d5f81cb913be8b36bfe632cb96310 3f0c9c05d1faf2ecb576ad98bef3e8f1cf73fb6b49cde22e702126f4302ffa10
SERVER_HANDSHAKE_TRAFFIC_SECRET 5b1ed0d0b38d6aa247e67289db5fa99fbd928dd128285ed117b409f88e9408e0 07cde1c3f3f5e42e6d60fd206b886070e3f0b49685dadb0448610160b90afe77
CLIENT_HANDSHAKE_TRAFFIC_SECRET 5b1ed0d0b38d6aa247e67289db5fa99fbd928dd128285ed117b409f88e9408e0 4639eb2e99a13bfc530b8e7c0f0ae70b4e6ccfa0fe65dd273494dda1d29bcbed
SERVER_TRAFFIC_SECRET_0 5b1ed0d0b38d6aa247e67289db5fa99fbd928dd128285ed117b409f88e9408e0 f2183fcf444c5b53254f178ed6dbc250b44b951cac1584db1a3bf4bec538ec2b
SERVER_HANDSHAKE_TRAFFIC_SECRET 26176857369b11a702551bdc113880197e9c6b9ddcdbbecc79ab756228c7cf85 b033046351af3978af0054c7be1b23a36abbd82a397e10769225f5e7a5b3e1fd
CLIENT_HANDSHAKE_TRAFFIC_SECRET 26176857369b11a702551bdc113880197e9c6b9ddcdbbecc79ab756228c7cf85 14b6b2f4c6798fabf8e2abb0af5025d9043983ee6c884142fcf86b5e6dc64e6b
SERVER_TRAFFIC_SECRET_0 26176857369b11a702551bdc113880197e9c6b9ddcdbbecc79ab756228c7cf85 0d9045ca1639880784420c2d8fa68f452d9ddbed575b5b94aa7a44feaf62e27d
SERVER_HANDSHAKE_TRAFFIC_SECRET 2aa62e5403ecb2ea2237cc52da12af4fee50f2b8ff4539e2a0896d6240f98f46 573b3a7587aae462c84412f29f195672ef8bcd837a6a818b966a0628c35a8e54
CLIENT_HANDSHAKE_TRAFFIC_SECRET 2aa62e5403ecb2ea2237cc52da12af4fee50f2b8ff4539e2a0896d6240f98f46 775f640759d5bec87dd4d38ed7b5e2dcda7e27d3b8869e522ce3c016239c9234
SERVER_TRAFFIC_SECRET_0 2aa62e5403ecb2ea2237cc52da12af4fee50f2b8ff4539e2a0896d6240f98f46 80e2c2893fbf903adc2de9b0577e09624d051a2fb6e8107154ab86ee2433171e
SERVER_HANDSHAKE_TRAFFIC_SECRET 0e4e715da33e764e5d23cce9c50b96d37dd32a7bfc71bc9fa457cecca8ab4c4c 0288a7cc563448deb0f89b3ae2c5a6cc2b397c0a1f94d54cb1110db257ec44ae
CLIENT_HANDSHAKE_TRAFFIC_SECRET 0e4e715da33e764e5d23cce9c50b96d37dd32a7bfc71bc9fa457cecca8ab4c4c 7cb855d21c92659bfa96a391b3e6639556d720a54855f7e5add118cc8f5b1342
SERVER_TRAFFIC_SECRET_0 0e4e715da33e764e5d23cce9c50b96d37dd32a7bfc71bc9fa457cecca8ab4c4c 08725c0ee4f9e5a7539d83f4e6a4c5dcebeaf94d25572f54af8c13788ec530f6
CLIENT_TRAFFIC_SECRET_0 0e4e715da33e764e5d23cce9c50b96d37dd32a7bfc71bc9fa457cecca8ab4c4c 63f934bbb2701c1379f6e95d4ae5f1682c06a87d70592b41156fb3034ec0bacc
SERVER_HANDSHAKE_TRAFFIC_SECRET 518603c266b760e3abbdc981fbaad1567b898cb9b6726ec9e4fc7982fdd92ff4 abf857feae30ff07495791bbf4065a4bbfcde70ffca2b18c8edfa51202385495
CLIENT_HANDSHAKE_TRAFFIC_SECRET 518603c266b760e3abbdc981fbaad1567b898cb9b6726ec9e4fc7982fdd92ff4 bf40c503d697823080af1e65e13b90fa592c11bb5ba5fcfe0c53f6298acb0e81
SERVER_TRAFFIC_SECRET_0 518603c266b760e3abbdc981fbaad1567b898cb9b6726ec9e4fc7982fdd92ff4 06d26e58c2998d7f2a82e21af5257080f24f9eb64c425392cfbc255a754d9884
CLIENT_TRAFFIC_SECRET_0 518603c266b760e3abbdc981fbaad1567b898cb9b6726ec9e4fc7982fdd92ff4 f260a79b541426ccc8fd6b022557ea677aa3c217b3f7fe8aba5fcd5be02972e8
SERVER_HANDSHAKE_TRAFFIC_SECRET fcfbc158d974bc290a85dc4c08b8f0c248d91de6e77bd9e846a20cc1718d87c5 a274f07272aaa2b0e4c627d86b00152b9a9991fbf029f69175925d7927de0108
CLIENT_HANDSHAKE_TRAFFIC_SECRET fcfbc158d974bc290a85dc4c08b8f0c248d91de6e77bd9e846a20cc1718d87c5 fca3911901a762f605265ab98b2077f5758466d0048626579338572810119ddc
SERVER_TRAFFIC_SECRET_0 fcfbc158d974bc290a85dc4c08b8f0c248d91de6e77bd9e846a20cc1718d87c5 7dd302209c9cf094518662013c438de946c4ab626e0efa64dd116c8dc21eeabd
CLIENT_TRAFFIC_SECRET_0 fcfbc158d974bc290a85dc4c08b8f0c248d91de6e77bd9e846a20cc1718d87c5 8eea7cfac41b7ac526a7604dd7ddbbfb5ce0dce19bdc6551c01b17530209cc96
SERVER_HANDSHAKE_TRAFFIC_SECRET 29592735ed814867a654d9a50af1016176ad786bdb04c6d074f8723951c8fae8 ea217d303bb8a61bd34599a10e59009e4f85b9e0dd2b675d643d62ac70141948
CLIENT_HANDSHAKE_TRAFFIC_SECRET 29592735ed814867a654d9a50af1016176ad786bdb04c6d074f8723951c8fae8 b203d48dd535938ae50f44803edf96d199e7b156d2f3220a00011e51b7b9ceeb
SERVER_TRAFFIC_SECRET_0 29592735ed814867a654d9a50af1016176ad786bdb04c6d074f8723951c8fae8 02959b5412b1117c8d00f1983ffae124e62fcff1f763d828ff1f9dda5fb66b97
CLIENT_TRAFFIC_SECRET_0 29592735ed814867a654d9a50af1016176ad786bdb04c6d074f8723951c8fae8 cbfffd2673efb632b6a96b0c7044b2f49470d3e326825fa00f03fd62fa380db5
SERVER_HANDSHAKE_TRAFFIC_SECRET f7f349244d0e01b1802aa5f33e876c4c493b7a7024491c3af515ecdbaaa6c733 33c3f876d99ed649a04642ced6a22ab74b02a61e8a538f0add79abe7024fb0ff
CLIENT_HANDSHAKE_TRAFFIC_SECRET f7f349244d0e01b1802aa5f33e876c4c493b7a7024491c3af515ecdbaaa6c733 660389d9aff5a908137bfdda1d0776a23cd4a544f5acc1daaa25b935883fdfc8
SERVER_TRAFFIC_SECRET_0 f7f349244d0e01b1802aa5f33e876c4c493b7a7024491c3af515ecdbaaa6c733 019364568ecc557eea07a981143d18510df61561ba097a6bc4e47d204fa88f44
CLIENT_TRAFFIC_SECRET_0 f7f349244d0e01b1802aa5f33e876c4c493b7a7024491c3af515ecdbaaa6c733 7cef202f8f5064a1e018d42f5cdb21a48236cf38056a0c2ce4e65710f9009b47
SERVER_HANDSHAKE_TRAFFIC_SECRET 6049624f12c06156b1e6399bc6f434d499bb4fc84e463f56c622568d030bd42d ad27efd3a00bbc87c6d2aca0c9a94b525abba8acd85961e9f37d893f6395e530
CLIENT_HANDSHAKE_TRAFFIC_SECRET 6049624f12c06156b1e6399bc6f434d499bb4fc84e463f56c622568d030bd42d fee18be18a6132484574d5dca133ad8b607ac0e0f32c409a103a8e9ff0d568b0
SERVER_TRAFFIC_SECRET_0 6049624f12c06156b1e6399bc6f434d499bb4fc84e463f56c622568d030bd42d 72fc55bfe1769969555b930790c9e1d85efd64dead70e4e2751c9fcc88a44732
SERVER_HANDSHAKE_TRAFFIC_SECRET 330dc8b76c53db975060e454f9579737ba5e46b1597f39543decb3d54b00d30d acfb995679befb8dbe955a81cb24f3f6214c5718c4530e1c26cd3d488593b49d
CLIENT_HANDSHAKE_TRAFFIC_SECRET 330dc8b76c53db975060e454f9579737ba5e46b1597f39543decb3d54b00d30d 6fdd347d6713c439c2f4cc64a10d5338241dcc8e3f02695667d7f0f2f8e7f7c4
SERVER_TRAFFIC_SECRET_0 330dc8b76c53db975060e454f9579737ba5e46b1597f39543decb3d54b00d30d 1479a2e2a8f9784e542a4c4efcc5cec5b15eec4d5d980b6f8aa08bd29a8cd5ab
CLIENT_TRAFFIC_SECRET_0 330dc8b76c53db975060e454f9579737ba5e46b1597f39543decb3d54b00d30d 75d3935f1304adb1bf872dbacfd52a2e24b6ed22a59fd868bf101b28b98a0a0b
SERVER_HANDSHAKE_TRAFFIC_SECRET 2b9e74ea976c8cda2b35497128b1cee650104f522f2f80586d3521b041e5dd30 73951628e04963d3f8b63c88a8d24abc5048edf01e3753684f7f9efae603748b
CLIENT_HANDSHAKE_TRAFFIC_SECRET 2b9e74ea976c8cda2b35497128b1cee650104f522f2f80586d3521b041e5dd30 f2c0ad24c460be2b3bfb7513353c5fdff26ea95bd14959f6eaa1eb9fc449b892
SERVER_TRAFFIC_SECRET_0 2b9e74ea976c8cda2b35497128b1cee650104f522f2f80586d3521b041e5dd30 dee37a779d70ee1ad9a54c3329bb6bb143fa728540b299e08201cf22faf78afb
CLIENT_TRAFFIC_SECRET_0 2b9e74ea976c8cda2b35497128b1cee650104f522f2f80586d3521b041e5dd30 68d9e1a3890b4f23ac4d34a3d84f6ed0277f148e15162c969f2ad8807a52678e
SERVER_HANDSHAKE_TRAFFIC_SECRET 3c1ceb6b31b84ca11a20480434ed03b2dbea9f1e7adf259a3964017d4ff6fae1 e29b76ebcdc45b9adf1e4acd1fb0a74a6726249bc5e4c43afc2bb6acc0a7a6bd
CLIENT_HANDSHAKE_TRAFFIC_SECRET 3c1ceb6b31b84ca11a20480434ed03b2dbea9f1e7adf259a3964017d4ff6fae1 695f23cd1e4957cda59de5a347eec55c83d04fe5c093a5378baadfab76538ab8
SERVER_TRAFFIC_SECRET_0 3c1ceb6b31b84ca11a20480434ed03b2dbea9f1e7adf259a3964017d4ff6fae1 751d81c4dc7eea23316d796122b9b81cf27bcd118b0c5b9465ac45752e9d920a
CLIENT_TRAFFIC_SECRET_0 3c1ceb6b31b84ca11a20480434ed03b2dbea9f1e7adf259a3964017d4ff6fae1 b6bd12222a0819e5c31adb0d3bce8ce77324dc566a706b0582e5bcd75d90bb46
SERVER_HANDSHAKE_TRAFFIC_SECRET e7988f4049752483b9a8aa7f67ed6bd24e8b843a280829de0dbe9d6668ab46c5 32f5944e2834d3dedd778ed6107ff8e76723618af9be626b5b2f76e7d92c2d0d
CLIENT_HANDSHAKE_TRAFFIC_SECRET e7988f4049752483b9a8aa7f67ed6bd24e8b843a280829de0dbe9d6668ab46c5 320d55585918d9445440582a8459032cadd04d704c003923c681c6d90fc544b8
SERVER_TRAFFIC_SECRET_0 e7988f4049752483b9a8aa7f67ed6bd24e8b843a280829de0dbe9d6668ab46c5 7b46a0e353069eab1fe3d740004db101c05d2c5211bede926958c5ae4a4b4d46
CLIENT_TRAFFIC_SECRET_0 e7988f4049752483b9a8aa7f67ed6bd24e8b843a280829de0dbe9d6668ab46c5 5f68f88d87468f00702459790856d66d78e2560a7a9765111f66a08e8baabca7
SERVER_HANDSHAKE_TRAFFIC_SECRET 8ccdecad32f712c7d348becd9cbd042d2fd707d47ef9a25dd5fb120340651795 902e620b91ea755ba70409851bfa49d3f9db0f08b7ac7c39fa6d650d00f667b9
CLIENT_HANDSHAKE_TRAFFIC_SECRET 8ccdecad32f712c7d348becd9cbd042d2fd707d47ef9a25dd5fb120340651795 e2a072b59292057269b29204e04a0c2928c99318796a3e4ba870441e307c5476
SERVER_TRAFFIC_SECRET_0 8ccdecad32f712c7d348becd9cbd042d2fd707d47ef9a25dd5fb120340651795 8dadf02080105ceea8b2ca5bbd5dda60ab17891ba65678d7bae45245e2e60b3d
SERVER_HANDSHAKE_TRAFFIC_SECRET 3332597b6af15401eeb193c3dbc84cb206f921ffaffc30ec820258cf95bef0f7 56195d1a9c58acf3dd1a3c7379332b82343c85a2eda8e967dde2ad101df1a453
CLIENT_HANDSHAKE_TRAFFIC_SECRET 3332597b6af15401eeb193c3dbc84cb206f921ffaffc30ec820258cf95bef0f7 7096d0d72f0697b15bd698712f0c9a03ff9662ded75a5f2173b5c0dbeba68603
SERVER_TRAFFIC_SECRET_0 3332597b6af15401eeb193c3dbc84cb206f921ffaffc30ec820258cf95bef0f7 09707d56c59ff517330265e216974dc35e20432cf71cd9c9e43c8477f48e10b7
CLIENT_TRAFFIC_SECRET_0 3332597b6af15401eeb193c3dbc84cb206f921ffaffc30ec820258cf95bef0f7 fffdf88609da56807b747178f7d82cc030d462c0f78ff62744d2436fab16e14c
SERVER_HANDSHAKE_TRAFFIC_SECRET c7f44581fee0cdbf43fad087323822369e18d56393a4c850f2620c21817296b0 2e2b7f3df4f808367e732a505eff19ba296bad096245306cc5b312c8edc35e2f
CLIENT_HANDSHAKE_TRAFFIC_SECRET c7f44581fee0cdbf43fad087323822369e18d56393a4c850f2620c21817296b0 9b2c62f74c4266a35ec5c511b7d4e58bd25c7e30929183b0f634ed9a6a13700f
SERVER_TRAFFIC_SECRET_0 c7f44581fee0cdbf43fad087323822369e18d56393a4c850f2620c21817296b0 3187d1b8c5ff734515beea5476ec762f94f115900d0fa6a25ccf838273cb3e00
CLIENT_TRAFFIC_SECRET_0 c7f44581fee0cdbf43fad087323822369e18d56393a4c850f2620c21817296b0 8fb71e4e16c7f1d80a67bf5bd5395980544c528dd2c25620f4fbf0398cf1ec91
SERVER_HANDSHAKE_TRAFFIC_SECRET 3c202b01b61198b3d53189bdefa709991392c8a0720ac9b6bcdebf7beef9ed8d 39500bff94f118a8e543d3eb606380b81fb3016f2c01de36b73eae2730d39329
CLIENT_HANDSHAKE_TRAFFIC_SECRET 3c202b01b61198b3d53189bdefa709991392c8a0720ac9b6bcdebf7beef9ed8d 96cd63a22dfcc3e5d96f0c452ac683b03d786a5036668657c899886522472672
SERVER_TRAFFIC_SECRET_0 3c202b01b61198b3d53189bdefa709991392c8a0720ac9b6bcdebf7beef9ed8d da4f0e78d60fc570441774d4741498858d1f5dfbb41875cf96b98e4011f86ff8
CLIENT_TRAFFIC_SECRET_0 3c202b01b61198b3d53189bdefa709991392c8a0720ac9b6bcdebf7beef9ed8d 9a33bc5995deb29d329c2f5e24af5f2cf70562c7245abd9a881a9b7bf2bc7001
SERVER_HANDSHAKE_TRAFFIC_SECRET e9059e42241c932e79218c2a5650eab6332658edb24132248d6d7c0f41f94b9c fcb07b643b178954c8db1bf4657d796956da381eed930fac08426e5c46046386
CLIENT_HANDSHAKE_TRAFFIC_SECRET e9059e42241c932e79218c2a5650eab6332658edb24132248d6d7c0f41f94b9c 21812af02a23df843663ad186f7a3667b7689ffb2130833076daf4de546c3201
SERVER_TRAFFIC_SECRET_0 e9059e42241c932e79218c2a5650eab6332658edb24132248d6d7c0f41f94b9c f218ee990a74dffd05325ba1fb487f445f9e945db8034fe2776f3b96c35bf6e1
SERVER_HANDSHAKE_TRAFFIC_SECRET 4c2f5ec3363f68c5349ca3004537db23dd5e238676e85f8d7281c55d0b0063a9 fd1a1b4e85666ad70d6eaf560b5856c7c1893f26fd360ccb8a36b6fc076af60f
CLIENT_HANDSHAKE_TRAFFIC_SECRET 4c2f5ec3363f68c5349ca3004537db23dd5e238676e85f8d7281c55d0b0063a9 9183e68b5d50b71ef111668a021cb5bbed8a3f9d6c137a335834a87d3ec3385f
SERVER_TRAFFIC_SECRET_0 4c2f5ec3363f68c5349ca3004537db23dd5e238676e85f8d7281c55d0b0063a9 6000a77d07d232b28479ff470564ba0a1878d2079b4c9b7bda99c3595d0babe7
CLIENT_TRAFFIC_SECRET_0 4c2f5ec3363f68c5349ca3004537db23dd5e238676e85f8d7281c55d0b0063a9 2e8675f8a4103e273b36d8db40bbee7710503224828535720df4c964d4ee8563
SERVER_HANDSHAKE_TRAFFIC_SECRET a550ad5cf34725b55f2ed5646f9cffeed5fc079a689d789fe870f1cc52cf290c 56fa9be06cb6ed5e995d8635d6dcbeaec84ee4ef67baf0006a1f5aa4e80b21b0
CLIENT_HANDSHAKE_TRAFFIC_SECRET a550ad5cf34725b55f2ed5646f9cffeed5fc079a689d789fe870f1cc52cf290c 640375efd77374a729ef0bac40190c2c4c6d08920ae44118255b06f02731aebd
SERVER_TRAFFIC_SECRET_0 a550ad5cf34725b55f2ed5646f9cffeed5fc079a689d789fe870f1cc52cf290c 086ec3c3df65fb9dbcb519800e99ed4b3d72a4f8c03eb13b9a4ad4a2c9f841c5
CLIENT_TRAFFIC_SECRET_0 a550ad5cf34725b55f2ed5646f9cffeed5fc079a689d789fe870f1cc52cf290c 7b3729ef3f42a80f0e9790d2656467124c13a89a549df97aad3fbf58f6132faf
SERVER_HANDSHAKE_TRAFFIC_SECRET 9077f841af78240aa31305e0c9e9af8194644755eda41accf0e6229d78752678 7bfe4a919472d9e8864ac7e2239e517c70e18504f776d915539b4844cfc5cce8
CLIENT_HANDSHAKE_TRAFFIC_SECRET 9077f841af78240aa31305e0c9e9af8194644755eda41accf0e6229d78752678 e805f07d30b27058c0a725c5ffb79a610e610272c3def2d123f9028d5dfbdae3
SERVER_TRAFFIC_SECRET_0 9077f841af78240aa31305e0c9e9af8194644755eda41accf0e6229d78752678 5822dccddb98617cb67ae7e2f87a99cc1e18731e754f1801677fa7907f79e01f
CLIENT_TRAFFIC_SECRET_0 9077f841af78240aa31305e0c9e9af8194644755eda41accf0e6229d78752678 a6c77b79855fb504d1cf9c084c3c50d99ca20ce70af8c41a703e8f2c1542312b
SERVER_HANDSHAKE_TRAFFIC_SECRET 6d27bec3be1c78423851dfbdc46ff5d5367e4e5f9d5abdfb3de3d529427726d4 920fd28b83504aa91004ba4fbbb65e7041c6b98fbba5f4eb4dd0e3bb47771499
CLIENT_HANDSHAKE_TRAFFIC_SECRET 6d27bec3be1c78423851dfbdc46ff5d5367e4e5f9d5abdfb3de3d529427726d4 e0423a99b43c3cc44711da2904d63c0f096baa30591e0fd71fd56948cb5de09e
SERVER_TRAFFIC_SECRET_0 6d27bec3be1c78423851dfbdc46ff5d5367e4e5f9d5abdfb3de3d529427726d4 5ff9af36a9eb9df0f6867de885080e7f3fd3eb3946ea2bbedc9510caa7a26f70
CLIENT_TRAFFIC_SECRET_0 6d27bec3be1c78423851dfbdc46ff5d5367e4e5f9d5abdfb3de3d529427726d4 370a1b2b5aa7e5b5ec963ca215a806b3a9005cc2ecbd4ab4afdbe0a7421898ea
SERVER_HANDSHAKE_TRAFFIC_SECRET e7e8e99f522aa4817ecc559d3409496281364412b85aad072c3a469b4292ebdf 57161078fdaa6f9d65797418d49763c5761055809d58750f310d1002df24c713
CLIENT_HANDSHAKE_TRAFFIC_SECRET e7e8e99f522aa4817ecc559d3409496281364412b85aad072c3a469b4292ebdf ceac48a2815b7ea520051d305079569506fa138aa70aea934387fb4a4cdf9eaa
SERVER_TRAFFIC_SECRET_0 e7e8e99f522aa4817ecc559d3409496281364412b85aad072c3a469b4292ebdf 146b44c2fb9fc811d4e9ccf1cf85b8740fb0441c83584cb146cdbba3a66e5f10
SERVER_HANDSHAKE_TRAFFIC_SECRET 42448be23a9535c18194cb4d3257872e4a60f59ee54456cbde403d7b28be201a c959d69d08e1485373feb5c8820428773063e972e3ebe0f18306f6fc5f860e6a
CLIENT_HANDSHAKE_TRAFFIC_SECRET 42448be23a9535c18194cb4d3257872e4a60f59ee54456cbde403d7b28be201a 9427ab72fd49e400902155e797fd2a29cb0dc5a17ce172274183a59136ad4992
SERVER_TRAFFIC_SECRET_0 42448be23a9535c18194cb4d3257872e4a60f59ee54456cbde403d7b28be201a b07c5d1cb34c47889f3bc53135fe80109498af394bc806a2c21cea1e33fe3f99
CLIENT_TRAFFIC_SECRET_0 42448be23a9535c18194cb4d3257872e4a60f59ee54456cbde403d7b28be201a e166fb9de6ef79839d336e95906adbd72a46da47b7b97187bca2578bfb4c82a1
SERVER_HANDSHAKE_TRAFFIC_SECRET bbc87dd1561becf6ae83fa35e84196c1251e1e90e56f76ec359f05df83412fa4 758ed2fda60495f8db79b7dd3bbd205a909092942eb5ace793ab7084d3e2ffb0
CLIENT_HANDSHAKE_TRAFFIC_SECRET bbc87dd1561becf6ae83fa35e84196c1251e1e90e56f76ec359f05df83412fa4 274e41d1ed6e654735dc5b0aadaef3ebfede100d3aa05e56203d558d0e0a469c
SERVER_TRAFFIC_SECRET_0 bbc87dd1561becf6ae83fa35e84196c1251e1e90e56f76ec359f05df83412fa4 d5a9daa9ffe7cd211014f6bdd12064edeb2ec7c06bb91b767dc0677bc481c292
CLIENT_TRAFFIC_SECRET_0 bbc87dd1561becf6ae83fa35e84196c1251e1e90e56f76ec359f05df83412fa4 681b24f856b0f500ebffce6b3ecd4b7a2438455eb93daa33cc8f92acbf4fd025
SERVER_HANDSHAKE_TRAFFIC_SECRET 468ba26d37eedbac20e2bba9441dbb25bea86d99ead80b53e3eba9acf9f5b7a5 45d4a6e6507db7abd81d0cfe176d32e391579c285d8f797520e1a09ffa9d9454
CLIENT_HANDSHAKE_TRAFFIC_SECRET 468ba26d37eedbac20e2bba9441dbb25bea86d99ead80b53e3eba9acf9f5b7a5 b8589b4e2af23c7850a1f14c8298054346daad4f68e423252ae59390319eda2b
SERVER_TRAFFIC_SECRET_0 468ba26d37eedbac20e2bba9441dbb25bea86d99ead80b53e3eba9acf9f5b7a5 67097f0db0dc26e5b42b2dc9457d0108f7c16fea8a0001e13c9aef720b66d6c2
SERVER_HANDSHAKE_TRAFFIC_SECRET eb6f57c6aacef064ce73297fbdd997291a3825b46411eedd21a647d46616d8b6 9480353e8328b4e9e513f6abf2b4faabeea41d6bdb82656e5fd7106797aaa78b
CLIENT_HANDSHAKE_TRAFFIC_SECRET eb6f57c6aacef064ce73297fbdd997291a3825b46411eedd21a647d46616d8b6 8e6f5b12ae854cad19787f373b9e1df55c15bdb4126e1b4e7f2b42c58d47100c
SERVER_TRAFFIC_SECRET_0 eb6f57c6aacef064ce73297fbdd997291a3825b46411eedd21a647d46616d8b6 d53ce83c56ae261d541e63f23652ace8ce6a2d1e6f0785baa6dfb3a641b9c0cc
CLIENT_TRAFFIC_SECRET_0 eb6f57c6aacef064ce73297fbdd997291a3825b46411eedd21a647d46616d8b6 d1fec0b9d947a81331158acc1e5e2b61290d8c82ce73378bc1eff4219dec9da6
SERVER_HANDSHAKE_TRAFFIC_SECRET 0117159b6084ebe39506d305eb21a49da953e8400a63d5d27fe12b52ca499ce7 c3bd63dc5bdc88c48ada655d2944a0e281827272e95e54b5faee3c32ef8e8195
CLIENT_HANDSHAKE_TRAFFIC_SECRET 0117159b6084ebe39506d305eb21a49da953e8400a63d5d27fe12b52ca499ce7 6cedeaa83a66f1e5b938c5609477e505ab0d02c0e4da83bf91aa2c68340f1756
SERVER_TRAFFIC_SECRET_0 0117159b6084ebe39506d305eb21a49da953e8400a63d5d27fe12b52ca499ce7 abfb91da8c1d131c81a8728f7740ead1d65644a5ee155b4109d537d30c32dfd8
SERVER_HANDSHAKE_TRAFFIC_SECRET 4d25e1f3a9799bb02de9b97bfc1e997874aa9836abb95a653352cbf3f645c13e 03db1d744dee465be123d1c096b7e66b3ef2b3836c76fcd1375c2b59d54e69b6
CLIENT_HANDSHAKE_TRAFFIC_SECRET 4d25e1f3a9799bb02de9b97bfc1e997874aa9836abb95a653352cbf3f645c13e 9b81ef32ac73ca4f8aff601bfb05ae116fd6657f0412e34f97a45a8612c7813b
SERVER_TRAFFIC_SECRET_0 4d25e1f3a9799bb02de9b97bfc1e997874aa9836abb95a653352cbf3f645c13e beb90daeebce29229d203962fb18c51c7583cab3f2fb5f3fe833851c21696b7f
CLIENT_TRAFFIC_SECRET_0 4d25e1f3a9799bb02de9b97bfc1e997874aa9836abb95a653352cbf3f645c13e 1aa676c7aafae0f351dd08bd460b957eea243a184a3899061819fbc322a0078f
SERVER_HANDSHAKE_TRAFFIC_SECRET f30a1ced35ea90618dab2972d23fbd52ca12252d7607852e0f18f0d33397557c 0b11f8a3192ad3532bde163455f1be358fe44d02478453868c259be7dd41edec
CLIENT_HANDSHAKE_TRAFFIC_SECRET f30a1ced35ea90618dab2972d23fbd52ca12252d7607852e0f18f0d33397557c 3475a8068deba25bdd1048c682e3ffb553ce4b772c152325ad68818bb7f93211
SERVER_TRAFFIC_SECRET_0 f30a1ced35ea90618dab2972d23fbd52ca12252d7607852e0f18f0d33397557c 8e43d19694c4e0819678c8c37ad62098691a57980906eec397f6bbeb2d2bc8fa
SERVER_HANDSHAKE_TRAFFIC_SECRET 4609a1a7d61c35e3f62ae93f1219672af463e21cebcd32be72f698575814f025 6a8c86c41e5226ab289940e4753170f366befc51745d47cd3761b2949094d701
CLIENT_HANDSHAKE_TRAFFIC_SECRET 4609a1a7d61c35e3f62ae93f1219672af463e21cebcd32be72f698575814f025 509d531c65090dd2298426dec160fed3c9976f5ef10feccd0d3ab4c87c297cc5
SERVER_TRAFFIC_SECRET_0 4609a1a7d61c35e3f62ae93f1219672af463e21cebcd32be72f698575814f025 256db0cf63fd316651a7c529d1ecda1f0ae4147d54582a7cc685aa16b9ba77eb
CLIENT_TRAFFIC_SECRET_0 4609a1a7d61c35e3f62ae93f1219672af463e21cebcd32be72f698575814f025 c28461e005dafad44ba6d05899433555c1ddf4b6e394a6482e7aa371be01c11b
SERVER_HANDSHAKE_TRAFFIC_SECRET 9b853917ddce1287035d4a2711fa039f27a3343f2af1d9fc69708eb2639eb322 0d36756cff20cd7651e8ae419d1ce0bb5ec057d834a1e79d4401d5bdd755f29e
CLIENT_HANDSHAKE_TRAFFIC_SECRET 9b853917ddce1287035d4a2711fa039f27a3343f2af1d9fc69708eb2639eb322 0512973e7841a807baeb089b18e7b01065795ebf6573b815463f4334c60994cf
SERVER_TRAFFIC_SECRET_0 9b853917ddce1287035d4a2711fa039f27a3343f2af1d9fc69708eb2639eb322 6ebde5ca37b90fa35afae29470f6251fb11a6d742d32771600a34359289a8c52
CLIENT_TRAFFIC_SECRET_0 9b853917ddce1287035d4a2711fa039f27a3343f2af1d9fc69708eb2639eb322 caa2f3fa157e1e53bce520fa9db0ec63279f7934608c9aa756f4760ff4da9974
SERVER_HANDSHAKE_TRAFFIC_SECRET 7de3d8ebfb6213ff15fc345da8a090620bbc9395d8d25e1d8134aae8b4b93921 bc04ecda12059280d945b6e2e067363878769b4d1b5f623ca7418098a1a0c12e
CLIENT_HANDSHAKE_TRAFFIC_SECRET 7de3d8ebfb6213ff15fc345da8a090620bbc9395d8d25e1d8134aae8b4b93921 0381e7011c20a68581801302084de977f2b5496d4b11b6ab20b02aaaf2bb2e97
SERVER_TRAFFIC_SECRET_0 7de3d8ebfb6213ff15fc345da8a090620bbc9395d8d25e1d8134aae8b4b93921 7221dfb0e26f6576443e014805e1c1aa9bc4479c34ef6e521b991332134b736f
CLIENT_TRAFFIC_SECRET_0 7de3d8ebfb6213ff15fc345da8a090620bbc9395d8d25e1d8134aae8b4b93921 36b915532941b9acbc3edf1c83f5e1e7b4afb61e1d291a12effbeeae22c3a8ac
SERVER_HANDSHAKE_TRAFFIC_SECRET 681ba0ef7643dc57941eb308d10e50559fccfad12474d9881f210e83b3d6a55f 73ffb2aa075601b314da8a7b94c67ed785364d5b0b0e860f7051d7f3a6cb46d9
CLIENT_HANDSHAKE_TRAFFIC_SECRET 681ba0ef7643dc57941eb308d10e50559fccfad12474d9881f210e83b3d6a55f 3f5f5dce8e3f40ca5262ea1a28755d9d850b2c0c565027168c31b189fcecdf43
SERVER_TRAFFIC_SECRET_0 681ba0ef7643dc57941eb308d10e50559fccfad12474d9881f210e83b3d6a55f 9e90d29b8757b14ba7185fd147488d33b7a163a51ce0ff07cb4e97083000a244
CLIENT_TRAFFIC_SECRET_0 681ba0ef7643dc57941eb308d10e50559fccfad12474d9881f210e83b3d6a55f f1d81227e847fef3e7d24733ff1daee15ddd48b58a21a8d022c8e36de185140b
SERVER_HANDSHAKE_TRAFFIC_SECRET 255d3295d88d8a5ecbe0173b25353feddacce2c9214c62e89e59859393320667 6f6c317251bcf60095c5ac79fd2a8f15f7cf3fcb020ece3aa447a2f7dc7b1ee0
CLIENT_HANDSHAKE_TRAFFIC_SECRET 255d3295d88d8a5ecbe0173b25353feddacce2c9214c62e89e59859393320667 9c77eab29ce955c86ac0b618350d43921a54aa739021998c9d13bb4447a9503f
SERVER_TRAFFIC_SECRET_0 255d3295d88d8a5ecbe0173b25353feddacce2c9214c62e89e59859393320667 f51d17f61b9e51e1fa99243a346b4f5cddcbbd47f4bbdc6a20ce7b8fdaf1cf44
SERVER_HANDSHAKE_TRAFFIC_SECRET 46233aef90e15ce01fcdbca7efec6cb2b6c0bfc8b20758fe3d6d0ea7b3db2094 5ac218df16d2c0bbdf15a7bf9ea8ed029b8a6807e26fb9e00ccd92668b06ab10
CLIENT_HANDSHAKE_TRAFFIC_SECRET 46233aef90e15ce01fcdbca7efec6cb2b6c0bfc8b20758fe3d6d0ea7b3db2094 9ddd92199dc39ac53286eb46637b17c6ee85193c8caf9fe055a7a2121cef9b5a
SERVER_TRAFFIC_SECRET_0 46233aef90e15ce01fcdbca7efec6cb2b6c0bfc8b20758fe3d6d0ea7b3db2094 39dce46e20ef84188f7c1c41c4317852f9fea3e7918abd1e54ae4756eb69629e
CLIENT_TRAFFIC_SECRET_0 46233aef90e15ce01fcdbca7efec6cb2b6c0bfc8b20758fe3d6d0ea7b3db2094 c5861af54806951823c2a36817a1e22ac8d73dcd8bd004661cd4e87830c4b757
SERVER_HANDSHAKE_TRAFFIC_SECRET 1d878e1d650f98ffde6efdb2196a0286b823d950b7c8ca5123f7b43641e349d7 b2700b34b349ba31c3b9b09c528108399cae42eae8f6371e9e13d559e464bb17
CLIENT_HANDSHAKE_TRAFFIC_SECRET 1d878e1d650f98ffde6efdb2196a0286b823d950b7c8ca5123f7b43641e349d7 f55276c61c22950f4280d691e380724c20c0e6e91b6fff10075486116328a654
SERVER_TRAFFIC_SECRET_0 1d878e1d650f98ffde6efdb2196a0286b823d950b7c8ca5123f7b43641e349d7 3e640b2f70492c59f370af50608d6c5e9308c89a877aaa1b5860d790a9f9905e
CLIENT_TRAFFIC_SECRET_0 1d878e1d650f98ffde6efdb2196a0286b823d950b7c8ca5123f7b43641e349d7 b1a20cba89cd27620205e856a3f527a2e21bcfa663e30ce3b3f927557489b3c2
SERVER_HANDSHAKE_TRAFFIC_SECRET a33751801156db944570db256524e2c42832def590287534635d914860dbd6a7 dd2e751613089f8c0c3387373a261730d2e022486892051468c9f18fb4b0052e
CLIENT_HANDSHAKE_TRAFFIC_SECRET a33751801156db944570db256524e2c42832def590287534635d914860dbd6a7 65d7410c532f791c5e864182ae4242ed060bb8b5de7e96213267e4960ca37718
SERVER_TRAFFIC_SECRET_0 a33751801156db944570db256524e2c42832def590287534635d914860dbd6a7 6570fe98f2b78d3f8ff2e47028e582a58533f2a171870054f91f76cd1935e4f7
CLIENT_TRAFFIC_SECRET_0 a33751801156db944570db256524e2c42832def590287534635d914860dbd6a7 a9c804fe4e7a52db4e69bb4dfeeb0e4f2da1c9bc9cecf90b4c02fd83416e404f
SERVER_HANDSHAKE_TRAFFIC_SECRET 2ebeecad7208db60661f78670b94c0a61b8e8e8fc91f0d5fe81ca00a5dfe219e de6fe0b33e37dcc1940ddcca378ea66c8bb33791b85cbaddd0016a58146ab552
CLIENT_HANDSHAKE_TRAFFIC_SECRET 2ebeecad7208db60661f78670b94c0a61b8e8e8fc91f0d5fe81ca00a5dfe219e d24abe97336bc9944ca9d3ed48a2c3b8d691703b63eda911273c5208128ae4e3
SERVER_TRAFFIC_SECRET_0 2ebeecad7208db60661f78670b94c0a61b8e8e8fc91f0d5fe81ca00a5dfe219e 910f42f8018111b7fec3fc42d46279396887e02fab1afa0abb9b764c29fb1806
CLIENT_TRAFFIC_SECRET_0 2ebeecad7208db60661f78670b94c0a61b8e8e8fc91f0d5fe81ca00a5dfe219e 68159406ce6e74d21109eef99b2f04517d252188d4ac445acc7f8a8a7e14a8b1
SERVER_HANDSHAKE_TRAFFIC_SECRET 99cbe95220435a0907177345a5c56dcdeeeb0c779ddd5a46586105520ad8371b 132c76c6b3e3eceb6e6d03d9d4380e55a6c851531a788e3298c1f0299c6c61ff
CLIENT_HANDSHAKE_TRAFFIC_SECRET 99cbe95220435a0907177345a5c56dcdeeeb0c779ddd5a46586105520ad8371b e46109a01acaf303a94ce8602f3a0273ae289b0a2a2ff994f4cfba1408267288
SERVER_TRAFFIC_SECRET_0 99cbe95220435a0907177345a5c56dcdeeeb0c779ddd5a46586105520ad8371b d8d145c072dc949976696b9bbee11ec81bb2ed877839ef24f5e90e9ff9d8e2e8
CLIENT_TRAFFIC_SECRET_0 99cbe95220435a0907177345a5c56dcdeeeb0c779ddd5a46586105520ad8371b 82cb23027a84d4d310e162abc1a197a1507ac39ecadb1e05a2d269f56753acda
SERVER_HANDSHAKE_TRAFFIC_SECRET 408cf4f5eb3f491e698ac8d5c33ccb88cfd02cfdfbec27fc2f1ee3ee1f0d4a08 449782350693015479fd2bf50e8947a60ead1a701403314a030b71ea2742e2d4
CLIENT_HANDSHAKE_TRAFFIC_SECRET 408cf4f5eb3f491e698ac8d5c33ccb88cfd02cfdfbec27fc2f1ee3ee1f0d4a08 3c58e8100abbe6c3c445a4fc2028cefabe0fd9246d32adfc497704e3a5ff8a24
SERVER_TRAFFIC_SECRET_0 408cf4f5eb3f491e698ac8d5c33ccb88cfd02cfdfbec27fc2f1ee3ee1f0d4a08 279f78530f61974aaba4f26a24ae678d8ffa9aa6e482d9eaf2f4a772e51b4f46
SERVER_HANDSHAKE_TRAFFIC_SECRET ddbcb252ce6546760fcfdb40c938edb325dfa73f77f9a07e084e9478fbc30a3a b6ccad0c87c6b2f6bb311c45495c70ecb674dfe4a542f64c6559a40922b256d6
CLIENT_HANDSHAKE_TRAFFIC_SECRET ddbcb252ce6546760fcfdb40c938edb325dfa73f77f9a07e084e9478fbc30a3a b33f554ab97efd880116503d008f811b0d3e04b43adbdf55562a9f322a9445a9
SERVER_TRAFFIC_SECRET_0 ddbcb252ce6546760fcfdb40c938edb325dfa73f77f9a07e084e9478fbc30a3a a725a509a6c17680b08705e4ae7176933f5a699514ee52b3691d496166723147
CLIENT_TRAFFIC_SECRET_0 ddbcb252ce6546760fcfdb40c938edb325dfa73f77f9a07e084e9478fbc30a3a 3d0b8aa0441642cd8dc878849581b19672fe8a68d869543eb38c69586358e90d
SERVER_HANDSHAKE_TRAFFIC_SECRET 7aa8c31e97fb8e90903c8355d2273a86c527f201ad634cdabcff1d4dceee12f2 ef81c298fb3b5afc0f9df4850924dd18f1015a0afd7d1e28e64cc3bc20812698
CLIENT_HANDSHAKE_TRAFFIC_SECRET 7aa8c31e97fb8e90903c8355d2273a86c527f201ad634cdabcff1d4dceee12f2 9a0fb15c7f41ea95cc10bd3cfd16ab1ff84e54468a963d044c57701eeea584bd
SERVER_TRAFFIC_SECRET_0 7aa8c31e97fb8e90903c8355d2273a86c527f201ad634cdabcff1d4dceee12f2 5ddc18d00db01eda1dfc2a79dfef37d8c9258eb10a9addeec953a686f0c8d856
CLIENT_TRAFFIC_SECRET_0 7aa8c31e97fb8e90903c8355d2273a86c527f201ad634cdabcff1d4dceee12f2 0776b8b50f3196c0587f76c6083e601ab157b5a52bbb2c0883c6cd395d3b3c0d
SERVER_HANDSHAKE_TRAFFIC_SECRET 9b697a82b17a2cb73a8f1b57dc47c1b3082163139915ee6be14a7fdc09447f20 16ccc9219f112f6c9aa45b8f7900b86f8a28bdd0bf34b7af97b8743c25b70b68
CLIENT_HANDSHAKE_TRAFFIC_SECRET 9b697a82b17a2cb73a8f1b57dc47c1b3082163139915ee6be14a7fdc09447f20 37b5bd241708c665ea5943b3cddebc91c3ff8c70283948aa63fe4dfb6ba547ab
SERVER_TRAFFIC_SECRET_0 9b697a82b17a2cb73a8f1b57dc47c1b3082163139915ee6be14a7fdc09447f20 7ba05eb0ea732a52f762e44f28b8ba2a300879ed3f03c3467d59d4f3daab0686
CLIENT_TRAFFIC_SECRET_0 9b697a82b17a2cb73a8f1b57dc47c1b3082163139915ee6be14a7fdc09447f20 4e2f5e1f8a65eb797391a67ac8f35d5ec87b7dd31d25cf61999e6bbfdaa074ed
SERVER_HANDSHAKE_TRAFFIC_SECRET d63e6123018c65ef90040d73595ea993623b8928baddd88dccc88bea5b14332b 262bbce12cb9d240bfa3136c3e423abfeb092beb3c946a057a50bcbae412631a
CLIENT_HANDSHAKE_TRAFFIC_SECRET d63e6123018c65ef90040d73595ea993623b8928baddd88dccc88bea5b14332b 8a24d1e73000b45d1c84d1326a28d0377ef0f8ec76be0397bde21da7f592a4c6
SERVER_TRAFFIC_SECRET_0 d63e6123018c65ef90040d73595ea993623b8928baddd88dccc88bea5b14332b fe61bf52058480e930a9de1d39e70a3369a8b16402c219fe8c84a21bdaf2d556
SERVER_HANDSHAKE_TRAFFIC_SECRET 27eac0ee5e54199c6d5c1a7e9e607de8d4421ebd7e2268679d633ac5835b403a 30b4360e784390a68d63834d0a3760e36bf4794504ed4a060be62e64aeab51ea
CLIENT_HANDSHAKE_TRAFFIC_SECRET 27eac0ee5e54199c6d5c1a7e9e607de8d4421ebd7e2268679d633ac5835b403a ecc8c474bc5125e4354fe66585ee7767a4abddd6d58356106ac3228d85437a0e
SERVER_TRAFFIC_SECRET_0 27eac0ee5e54199c6d5c1a7e9e607de8d4421ebd7e2268679d633ac5835b403a 0e4fd5ffbd6c5f4581649cbb2792ca3e7a3e1291ad779064bfc94665b80e21f6
CLIENT_TRAFFIC_SECRET_0 27eac0ee5e54199c6d5c1a7e9e607de8d4421ebd7e2268679d633ac5835b403a 8e7a1217abcde3905b5e34734c3511097bec22d4d7de03ecb37b872ef7ace6a7
SERVER_HANDSHAKE_TRAFFIC_SECRET c118f7d9069c5d9bf759097a4d20c7b9d5cbc95bcad6cb4e6a8982a86bcb0a93 6cf167e891987c4194d087ee137b9920348764cdbb3dbf3ed8de786354fa4b33
CLIENT_HANDSHAKE_TRAFFIC_SECRET c118f7d9069c5d9bf759097a4d20c7b9d5cbc95bcad6cb4e6a8982a86bcb0a93 1984bb68a0f2b0b84b29dbd1a3216dcebaf54fdc23e44828164c70adcf7a0c3d
SERVER_TRAFFIC_SECRET_0 c118f7d9069c5d9bf759097a4d20c7b9d5cbc95bcad6cb4e6a8982a86bcb0a93 748c0ece7cd70ea9b81650466e89755b1794eed6d5ff5c25decab3a7c732de4d
SERVER_HANDSHAKE_TRAFFIC_SECRET 3f74308a1a07a1bcb93d9b1e2805a27c6df93a64c1f47d018790d7134577ae5e c03eb59d0668218822248a9caaa4e6af43cda0b3b06c9afd6f7c84722dcc278d
CLIENT_HANDSHAKE_TRAFFIC_SECRET 3f74308a1a07a1bcb93d9b1e2805a27c6df93a64c1f47d018790d7134577ae5e d63f8217e312a6c4c539d7fc209d277f413ae4f2690aede2845db303ce7187f2
SERVER_TRAFFIC_SECRET_0 3f74308a1a07a1bcb93d9b1e2805a27c6df93a64c1f47d018790d7134577ae5e c98e971a0994643a1ea9d55d82e1e92df64c9e529da9bce2df7888f013d8b934
SERVER_HANDSHAKE_TRAFFIC_SECRET 1cb331b2778a488d1264aae2e2a4326baf71b77b1c405713b05392c26aa9dda6 3e052e797b87ff7150d19faf62f865c62240cf075d837152e9bd52eba9f06787
CLIENT_HANDSHAKE_TRAFFIC_SECRET 1cb331b2778a488d1264aae2e2a4326baf71b77b1c405713b05392c26aa9dda6 cbfd4ed9fcbd5e1a4d51060b22dbc06dfce41efb3244437ede57ccf9c682b61a
SERVER_TRAFFIC_SECRET_0 1cb331b2778a488d1264aae2e2a4326baf71b77b1c405713b05392c26aa9dda6 25b5053e2322548f7428fb29f38ddbef85ae7f987f698cf70d20acd5b4be60a1
CLIENT_TRAFFIC_SECRET_0 1cb331b2778a488d1264aae2e2a4326baf71b77b1c405713b05392c26aa9dda6 7dfba3ac527ff7cd4b59d24ae622643a2fe07d74fd111d7b078f2b207ecbd88c
SERVER_HANDSHAKE_TRAFFIC_SECRET e865e32e8659ac99ef8ae9cc9ebdfa2d6a78f4f5f8156ba557e018c2ac021c21 a945351895654cf0483853194d8869bfc7bb41d42ef4cf2dff44682d6fd1b774
CLIENT_HANDSHAKE_TRAFFIC_SECRET e865e32e8659ac99ef8ae9cc9ebdfa2d6a78f4f5f8156ba557e018c2ac021c21 f45a2b7717e53c2b8e0e8c9e757a96646ce64dce747ddb4721ee17527f44bf01
SERVER_TRAFFIC_SECRET_0 e865e32e8659ac99ef8ae9cc9ebdfa2d6a78f4f5f8156ba557e018c2ac021c21 b6222ab087281485e47c62d988b4087cfaa2220181f4f904824e13f3b96008d9
CLIENT_TRAFFIC_SECRET_0 e865e32e8659ac99ef8ae9cc9ebdfa2d6a78f4f5f8156ba557e018c2ac021c21 7b09d990162c4f8b1182eb2d94bac0f7c5b4f4b753254a8103f70781f2c2dcbc
SERVER_HANDSHAKE_TRAFFIC_SECRET 445716fe18127854ee5c3f350d458bf48c49e93526001603550acc7c87ebe4d6 069ad0d62823d1201ef068006ea943987abbcc1993b6bc45e0cf70eda70499f2
CLIENT_HANDSHAKE_TRAFFIC_SECRET 445716fe18127854ee5c3f350d458bf48c49e93526001603550acc7c87ebe4d6 881a0d30e3be061ae0d6c52756c46ec3afca8f7082247c1030cba016f5892aae
SERVER_TRAFFIC_SECRET_0 445716fe18127854ee5c3f350d458bf48c49e93526001603550acc7c87ebe4d6 ca38efe18eb20f6e11f218a6912856338f9a77fce66db1dc5f81d0aaba5cd869
SERVER_HANDSHAKE_TRAFFIC_SECRET 25ac11c835c5d7688ea840c43a98ab9ff929ca0bba134d14cd0690d146a26fd7 3898311c463df29f8de85e9846ad53b08f2ebe2adc4a67b2f9186198f0cb3f34
CLIENT_HANDSHAKE_TRAFFIC_SECRET 25ac11c835c5d7688ea840c43a98ab9ff929ca0bba134d14cd0690d146a26fd7 0331c1fd1189e76137ff2546f3842084080539f7f7c5ac6022379ed16e55a1a8
SERVER_TRAFFIC_SECRET_0 25ac11c835c5d7688ea840c43a98ab9ff929ca0bba134d14cd0690d146a26fd7 91cfb368dc6ea9b2b7502799a76530ed47ffb2b79a81a52b79600a8c25c01dd3
CLIENT_TRAFFIC_SECRET_0 25ac11c835c5d7688ea840c43a98ab9ff929ca0bba134d14cd0690d146a26fd7 99156dc05f1b5692a6fbab82841674b148d52744c2c346114a77312094a5a2f8
SERVER_HANDSHAKE_TRAFFIC_SECRET c2492a7e91b21ad99d2c52520a04706d6807f0ed03090c6e3f1bab2b74c2091f e0b402b502071eb88e49d12a39dd709bd592639d41464979b71b44faea31a9ab
CLIENT_HANDSHAKE_TRAFFIC_SECRET c2492a7e91b21ad99d2c52520a04706d6807f0ed03090c6e3f1bab2b74c2091f 2e89a6490a92b81707d32f870b0f4c602598443f003802f16d0cde16f16de58b
SERVER_TRAFFIC_SECRET_0 c2492a7e91b21ad99d2c52520a04706d6807f0ed03090c6e3f1bab2b74c2091f bf3ef5b9de841995ff12c5135e85360559d51804c165abcff700f440b3a446c5
CLIENT_TRAFFIC_SECRET_0 c2492a7e91b21ad99d2c52520a04706d6807f0ed03090c6e3f1bab2b74c2091f 702ceeca4a980ad3a1655d6d2f45bf0cb28eec488bfbe99e25080e267219aa37
SERVER_HANDSHAKE_TRAFFIC_SECRET d3c3ebea0b1f3d74505d5d16c2dd213db340ee23da82e61d9c9540695f033589 4a1663e54faf912edf84e84c0b61830133ff2b47e8087d08bed6444f5314bd0d
CLIENT_HANDSHAKE_TRAFFIC_SECRET d3c3ebea0b1f3d74505d5d16c2dd213db340ee23da82e61d9c9540695f033589 5c74147f0c20f8d482b739bd13adc147780411d18b0938e30e30d3553756c601
SERVER_TRAFFIC_SECRET_0 d3c3ebea0b1f3d74505d5d16c2dd213db340ee23da82e61d9c9540695f033589 9132e3dfd3a53db7358fe8f307a86755dd928d400e1d97e1a1325c0fa5fce2a1
SERVER_HANDSHAKE_TRAFFIC_SECRET ad21680ec72beab99653ef01241b36e43facf7641b4632662b2f24e62ecbdf04 8150bf19934c3acd0b68c6ed476ad1feda56fabb7c7bdf23e757edd714c8cf7b
CLIENT_HANDSHAKE_TRAFFIC_SECRET ad21680ec72beab99653ef01241b36e43facf7641b4632662b2f24e62ecbdf04 a0a07c72fe73eafd99ab126465f147397ef46c809527c85e37ca703159d656bf
SERVER_TRAFFIC_SECRET_0 ad21680ec72beab99653ef01241b36e43facf7641b4632662b2f24e62ecbdf04 269000f7cb319aca5c3cf18a4ad07bdac7c40c2e2d65d9cb1f17b397d32837cb
SERVER_HANDSHAKE_TRAFFIC_SECRET 5ebe5199fd4aec6f3174d40dc141f20cdb30140032e7ed9e81b16e6e876edc35 5f9f830e13361f1e022402087b642ad88c024e7e5d641623b5b4f489a4025ba7
CLIENT_HANDSHAKE_TRAFFIC_SECRET 5ebe5199fd4aec6f3174d40dc141f20cdb30140032e7ed9e81b16e6e876edc35 485c561c6ae03a7e09d8ee169c0c5c750506004fa7b488df29b24a187ec08206
SERVER_TRAFFIC_SECRET_0 5ebe5199fd4aec6f3174d40dc141f20cdb30140032e7ed9e81b16e6e876edc35 227d6ebab1d4e864b028ce781606e93a713d313265a776cf60e6807b29deb9c1
CLIENT_TRAFFIC_SECRET_0 5ebe5199fd4aec6f3174d40dc141f20cdb30140032e7ed9e81b16e6e876edc35 c4575c916a7293aa14e9518a734b85d2c9ad0c78a06cf1044e0ca39aed81acef
SERVER_HANDSHAKE_TRAFFIC_SECRET 30a23a34f73d0f1a592643ff3bd4f85f0c6c1208633fc977a547ac7b4fe2a288 96279e146d2247efc5b479214a6b80adf5862835d15e12379c7ccfc90d0c6d50
CLIENT_HANDSHAKE_TRAFFIC_SECRET 30a23a34f73d0f1a592643ff3bd4f85f0c6c1208633fc977a547ac7b4fe2a288 f7e72a8164879329e307553f3ad067df108a3f219c1d64d808aa549c5309230f
SERVER_TRAFFIC_SECRET_0 30a23a34f73d0f1a592643ff3bd4f85f0c6c1208633fc977a547ac7b4fe2a288 6dab1b1f3eef911460a664a3441405fed92cba63f6addda9ce67f152accdec30
SERVER_HANDSHAKE_TRAFFIC_SECRET 5daf286f2a08560de6ae95cd19fdd1e6789f4af54ee009df44b7f1feaec1782d 8dee09f72ac7e2e774d1f22172d43098caaef7bdf5f2d07a6e1edf01559650c9
CLIENT_HANDSHAKE_TRAFFIC_SECRET 5daf286f2a08560de6ae95cd19fdd1e6789f4af54ee009df44b7f1feaec1782d dcad20e60d1c17c8ebbf8f1346a2b9ba490a118c9e48687db5262f0b829551fa
SERVER_TRAFFIC_SECRET_0 5daf286f2a08560de6ae95cd19fdd1e6789f4af54ee009df44b7f1feaec1782d 232be660a3387fc1a19d5a93f9202e8f384191b6c2bc45848b8c364536a225b2
SERVER_HANDSHAKE_TRAFFIC_SECRET 392b73733f13122001dfeed7a75a98dfc3acd761be13808831ea2b981866ab70 5a985e26d3a6b8247fd2bd11767e127f9015c05fbab41e36ec7cf7d49dbf445b
CLIENT_HANDSHAKE_TRAFFIC_SECRET 392b73733f13122001dfeed7a75a98dfc3acd761be13808831ea2b981866ab70 a7af7d4a04c958207b404a43601b272ff740b38ddafc65b3d010e416cc6bc4b9
SERVER_TRAFFIC_SECRET_0 392b73733f13122001dfeed7a75a98dfc3acd761be13808831ea2b981866ab70 46edbba5534136ada7910042e7031d7acd62ceb8aa7192adcea24b52173b37c9
SERVER_HANDSHAKE_TRAFFIC_SECRET abe6974b7ab7dd495955ef23288b1f5e293fbab4257b7f9b230d19239cc79f83 d235649b675cc34b21f5a9303cd07e8d86eca9c6fb258cdbfcb1badc4c217e90
CLIENT_HANDSHAKE_TRAFFIC_SECRET abe6974b7ab7dd495955ef23288b1f5e293fbab4257b7f9b230d19239cc79f83 b4c683afc655acef3202a209672756a7801345b5d87beb6a9780c57b42d61ca4
SERVER_TRAFFIC_SECRET_0 abe6974b7ab7dd495955ef23288b1f5e293fbab4257b7f9b230d19239cc79f83 858b185d602f69786cd994d50f80c2b1c4219645fd57745b969d3deafd6bff8d
CLIENT_TRAFFIC_SECRET_0 abe6974b7ab7dd495955ef23288b1f5e293fbab4257b7f9b230d19239cc79f83 c7b0ba031d0c89d5c54f03fd3405c455a5485603bb6c431b27eea588cdd3a787
SERVER_HANDSHAKE_TRAFFIC_SECRET 74e234809593f1407404fb0c09d56d66ece1909358a62adb0aca3c19c1b0bb64 8d84beed411110d2f3183730702ed2a351ddb9daec10b5a770aaf2fc04418559
CLIENT_HANDSHAKE_TRAFFIC_SECRET 74e234809593f1407404fb0c09d56d66ece1909358a62adb0aca3c19c1b0bb64 89272d15bba7fb41c262708b9e4b4950714da86076043780f479f9a0b866e920
SERVER_TRAFFIC_SECRET_0 74e234809593f1407404fb0c09d56d66ece1909358a62adb0aca3c19c1b0bb64 054600773994021c463a0de8b6c01d279cf3345dad04c3ef01e23881deb60f19
CLIENT_TRAFFIC_SECRET_0 74e234809593f1407404fb0c09d56d66ece1909358a62adb0aca3c19c1b0bb64 faa6d0f1f5ee80d09ee0c51f29af1b8030df932adc8a9c2c7c766cb0291a456f
SERVER_HANDSHAKE_TRAFFIC_SECRET b5e97a38901d8e6314c4dc1e82de0fdb25ac3656652a6dfc0eea4659c649b4db b9162da57fad5df9f55c678c9286cba6dd20289186f9c7ac151f7b8586c95c7d
CLIENT_HANDSHAKE_TRAFFIC_SECRET b5e97a38901d8e6314c4dc1e82de0fdb25ac3656652a6dfc0eea4659c649b4db b4fa7b62c8a2c0a5ac52c5161c3b27d76034ff7233691c90cd249fd02f7dfdb3
SERVER_TRAFFIC_SECRET_0 b5e97a38901d8e6314c4dc1e82de0fdb25ac3656652a6dfc0eea4659c649b4db 1bcc6539593a7d8e897ff3691e4cc2bf4241301c278655b387bbce92520d5b2a
SERVER_HANDSHAKE_TRAFFIC_SECRET 3be1a58372cd35920b783d0763b0654e46881df3c4722e2df2d89d3b40225e4f e9eecd4a12127ff25279de761f775e364e1a7bdcd96e3e27b9530f835b20e057
CLIENT_HANDSHAKE_TRAFFIC_SECRET 3be1a58372cd35920b783d0763b0654e46881df3c4722e2df2d89d3b40225e4f 2aeb1f45e3b180bbe43590abe760ebcb42d18e1ae3def5c262e172c778532beb
SERVER_TRAFFIC_SECRET_0 3be1a58372cd35920b783d0763b0654e46881df3c4722e2df2d89d3b40225e4f 0620dd0156ac1fabf1bc16ac798847f7714c12551761f6f61834cfc0e9270ba8
SERVER_HANDSHAKE_TRAFFIC_SECRET 332d08c5550d049627d0fb0812160d9a7fcc9b01eeaed78708777c9af637f24c 78dc93207797b2f9e6a848a1b32e54c80449d9c75e02094645bbd5a81bc7220b
CLIENT_HANDSHAKE_TRAFFIC_SECRET 332d08c5550d049627d0fb0812160d9a7fcc9b01eeaed78708777c9af637f24c 687a2d40171ba85c9d00c37fc6330308192702ba034b2895566841e4f8d1785c
SERVER_TRAFFIC_SECRET_0 332d08c5550d049627d0fb0812160d9a7fcc9b01eeaed78708777c9af637f24c 3ce3d51c8225094bbb22036853e38a7f445d6b9a4839835e9eb50885c010d55b
CLIENT_TRAFFIC_SECRET_0 332d08c5550d049627d0fb0812160d9a7fcc9b01eeaed78708777c9af637f24c d5e7f2572e9fcf77aece605bba4a8e254c4230f38e6fbbdca784a7122a6482b3
SERVER_HANDSHAKE_TRAFFIC_SECRET 85079cc7d83234cac42318c49036638f96c62940fcf2198a366ce0605c656c16 3ce339bb6e27b3457ba90bfeca59ccfd8225592db6a48f96fa33bfe12e0cf1a0
CLIENT_HANDSHAKE_TRAFFIC_SECRET 85079cc7d83234cac42318c49036638f96c62940fcf2198a366ce0605c656c16 0cc6ea5df102a276943560475dafd6a405579de802ac9769368ce50354c785bc
SERVER_TRAFFIC_SECRET_0 85079cc7d83234cac42318c49036638f96c62940fcf2198a366ce0605c656c16 f4c2eb54bdef1749f58eeeaec2480f4194823624340a482e09a40c8c90290ec0
CLIENT_TRAFFIC_SECRET_0 85079cc7d83234cac42318c49036638f96c62940fcf2198a366ce0605c656c16 6f57e3719eb7403cb68a57751d59a2898de3cf69bceb6249c729a190319dc840
SERVER_HANDSHAKE_TRAFFIC_SECRET 08b390cc769d116935271cffafce1cafaa6dc912955598a1cb3f02f4d7d303cb 810d7fc6a3d9648f555c81211a47431464af6018ae133fe6a850290e8ed9ca95
CLIENT_HANDSHAKE_TRAFFIC_SECRET 08b390cc769d116935271cffafce1cafaa6dc912955598a1cb3f02f4d7d303cb 0647447de1d9b28209917cdae57089b8f71933edc613a10194edf2d58e78aba8
SERVER_TRAFFIC_SECRET_0 08b390cc769d116935271cffafce1cafaa6dc912955598a1cb3f02f4d7d303cb 5f463371b6727e78c4f8a8ce3d440520e8eb3b352903ba600b17e628f0552b98
SERVER_HANDSHAKE_TRAFFIC_SECRET 635147e90f927c15cc367ee86e36848c2b66e87901c7b7907f965d8e7ca03721 c4e40d132d6d37047e47873f375381cca6e9d6e871ce86edcb9c1efb2e2ff638
CLIENT_HANDSHAKE_TRAFFIC_SECRET 635147e90f927c15cc367ee86e36848c2b66e87901c7b7907f965d8e7ca03721 10d3226c193add1ac417c482a3aa61fc6417def9805bda673fcf6e900a4a1e4b
SERVER_TRAFFIC_SECRET_0 635147e90f927c15cc367ee86e36848c2b66e87901c7b7907f965d8e7ca03721 7edaf4fb80513420a0013dff959a5ae17aa5b6f5a22a997c696642b0506b058f
CLIENT_TRAFFIC_SECRET_0 635147e90f927c15cc367ee86e36848c2b66e87901c7b7907f965d8e7ca03721 279dfbc10e9da85cd4cdd3ad983b2c8311844a23975def4c94ed904b4f23505b
SERVER_HANDSHAKE_TRAFFIC_SECRET 94911b72e954a868b117c71f6c70c9c4e5a8f85ae33ec99ee895f144aa16d629 059d5d288bb9e9cc2b1d893adb5721a47158604e70e0be775934d1e028b25d47
CLIENT_HANDSHAKE_TRAFFIC_SECRET 94911b72e954a868b117c71f6c70c9c4e5a8f85ae33ec99ee895f144aa16d629 2f8318c1d4dd99d885bdc82dc5ebf41fb3ecec8cdc23e4c5b471513996f2e07b
SERVER_TRAFFIC_SECRET_0 94911b72e954a868b117c71f6c70c9c4e5a8f85ae33ec99ee895f144aa16d629 bb0389a59b2f6b58b6a28f54e05634be85ff1d50a71162622b6e6f36cc3fd546
CLIENT_TRAFFIC_SECRET_0 94911b72e954a868b117c71f6c70c9c4e5a8f85ae33ec99ee895f144aa16d629 bf6e1aea574a5345b4f9a59df3823eea7a91f3664dd35e6e51a392684a23079d
SERVER_HANDSHAKE_TRAFFIC_SECRET 691932737672c18b79d5bdc1c2acd0f21429c79068703cf5928413cb8c383ab5 c662f00a414c70bef976e25d4f7327c73d1ed0bc366707936502b956ff66c4c2
CLIENT_HANDSHAKE_TRAFFIC_SECRET 691932737672c18b79d5bdc1c2acd0f21429c79068703cf5928413cb8c383ab5 000df1afa5d46e80fb72c953b1b6b0c090de7e7e0a85d4ea8733c9ef7c6fc10d
SERVER_TRAFFIC_SECRET_0 691932737672c18b79d5bdc1c2acd0f21429c79068703cf5928413cb8c383ab5 7d7a30dbdc9a310274bec2959d9a041d8547f6ea3b9d77d47d3851d7bbcdf25b
CLIENT_TRAFFIC_SECRET_0 691932737672c18b79d5bdc1c2acd0f21429c79068703cf5928413cb8c383ab5 ae115f7a4e4196c7cdad9daa424f7daa1ce2b132a8f682a8993804cfdadbf316
SERVER_HANDSHAKE_TRAFFIC_SECRET ec83a12605a2d49ed9511402699bd88943f8d298945a0635a7272c9e46024a80 1af35d3d4ccc65ccff5c3275c0c0e2ab8444960aca7267a8aa754834a7a387ec
CLIENT_HANDSHAKE_TRAFFIC_SECRET ec83a12605a2d49ed9511402699bd88943f8d298945a0635a7272c9e46024a80 ee27573979b3fe0c943bc0c6b18021caf51d079ef0fb1d41dfe582394048949c
SERVER_TRAFFIC_SECRET_0 ec83a12605a2d49ed9511402699bd88943f8d298945a0635a7272c9e46024a80 053a2999e7b39e9dfd6f33a934cb1bfd1f3499f0951685865eb19bc4c9a19e97
SERVER_HANDSHAKE_TRAFFIC_SECRET 239d7dff4544031d57be399e7e781dc3450fee5039edc17e56c22fde69a071f7 3e89dcff271367a4345ecaf848e1ba35f48d6165a73b5a23a1e120ca838f6955
CLIENT_HANDSHAKE_TRAFFIC_SECRET 239d7dff4544031d57be399e7e781dc3450fee5039edc17e56c22fde69a071f7 854fe80a2ca1eff57b0b7d6c9917cacca8200b2f2c7076d253c7926f93a814a1
SERVER_TRAFFIC_SECRET_0 239d7dff4544031d57be399e7e781dc3450fee5039edc17e56c22fde69a071f7 4cf0399f64e338eb1e28206d6def26fb596637501b4c85d34473f1615102e8e0
SERVER_HANDSHAKE_TRAFFIC_SECRET 074b79a83e50f624b661fd4daabe38da2696e901d69ff07d16a2602ddb16b057 4fe2fd6ee4bb9d15fc9af46cca3f3680b7631d6598eff70565deb63d7462f9cc
CLIENT_HANDSHAKE_TRAFFIC_SECRET 074b79a83e50f624b661fd4daabe38da2696e901d69ff07d16a2602ddb16b057 2882acfe7fe6a79b477c525219cc4db463679e3949c3ea7cbd93269cb8da0add
SERVER_TRAFFIC_SECRET_0 074b79a83e50f624b661fd4daabe38da2696e901d69ff07d16a2602ddb16b057 404f8e96ef5f4cb6d1c0d57acd311e9566a3acccc9ad0a17dc5572cf6fa0fa7f
CLIENT_TRAFFIC_SECRET_0 074b79a83e50f624b661fd4daabe38da2696e901d69ff07d16a2602ddb16b057 dc3b230dd8e80eb9d8392ca201fb4ae7c2d3b298fab534da0683d1f3114614a1
SERVER_HANDSHAKE_TRAFFIC_SECRET 874a88aaf2408ff352d5babd2eb4e83a80356523c713fc7c872dfab2232a50dd 82d6b7d407faf2aaac5c7da41167574551559fea27ac009f7902a518373dc659
CLIENT_HANDSHAKE_TRAFFIC_SECRET 874a88aaf2408ff352d5babd2eb4e83a80356523c713fc7c872dfab2232a50dd f30ef9e584178cce2d512eb9895b0ffb99d4662ace53f261bb1f9ff9860dfe3d
SERVER_TRAFFIC_SECRET_0 874a88aaf2408ff352d5babd2eb4e83a80356523c713fc7c872dfab2232a50dd c033c6702de4538370cd6c8d80495ddfc2517b98010b17c395e57656d54495b4
SERVER_HANDSHAKE_TRAFFIC_SECRET 5d42cbbb08da34484ebd2212671ee0eafd5eae67e1762bc87493e45390080342 95757fff9a3832604fe036255023063fa06caa91877fbcd10cad3f5d744d0e08
CLIENT_HANDSHAKE_TRAFFIC_SECRET 5d42cbbb08da34484ebd2212671ee0eafd5eae67e1762bc87493e45390080342 38f632803b93bb3d7da9b9466b0fe6e913c23c01b26351ce1c189b3b46830cdb
SERVER_TRAFFIC_SECRET_0 5d42cbbb08da34484ebd2212671ee0eafd5eae67e1762bc87493e45390080342 3bd249dad2b9bb8af6b520595318458ff8c6331acd2321fc3e0235ea41dfc232
SERVER_HANDSHAKE_TRAFFIC_SECRET a97d10cfe462e57841795ef56d6a78e048b56097f4dcf1c7f0a775673b6d2952 a4ddfe6f196a68980788323d7b8f5694d6d83157caf517433ebc103ad6428a0d
CLIENT_HANDSHAKE_TRAFFIC_SECRET a97d10cfe462e57841795ef56d6a78e048b56097f4dcf1c7f0a775673b6d2952 90aea4e7ccd4344564b4be514c89bcca9bb2bba2610f8586370fa8dee868856e
SERVER_TRAFFIC_SECRET_0 a97d10cfe462e57841795ef56d6a78e048b56097f4dcf1c7f0a775673b6d2952 63e1da77a3403e200fa2cf9eceba403f9e3ee2b4920b57fcdc9c7379679057c7
SERVER_HANDSHAKE_TRAFFIC_SECRET 4d5430eb64756d7ceb789ab4fd501da6d4a957213d2c54554ce6929bd028f634 cd60e3b713511a76688b29803c72ccaf281551c893ff33e74a38d332daf8f34b
CLIENT_HANDSHAKE_TRAFFIC_SECRET 4d5430eb64756d7ceb789ab4fd501da6d4a957213d2c54554ce6929bd028f634 e086308e2afcf9184ee1745b2d38d32597ae0faf25d7d165040e29a4992b7416
SERVER_TRAFFIC_SECRET_0 4d5430eb64756d7ceb789ab4fd501da6d4a957213d2c54554ce6929bd028f634 58b77128177ed154afafe07eb6134cab28ccee1e76d8b37a980b7544f093bead
CLIENT_TRAFFIC_SECRET_0 4d5430eb64756d7ceb789ab4fd501da6d4a957213d2c54554ce6929bd028f634 5557db5de98610f5d57ef3b53afa3f6cff69534fd65291814acdcc67ab55c338
SERVER_HANDSHAKE_TRAFFIC_SECRET cda458a663c593b7c8a21c59604164362cd16929b2301877478df2a5f5b6fe64 e8cfb40e49ad2c8e0d5c24dac29af8e07422fd08e1deee9332d52b97e9c4e45a
CLIENT_HANDSHAKE_TRAFFIC_SECRET cda458a663c593b7c8a21c59604164362cd16929b2301877478df2a5f5b6fe64 c3e6a360c2c7a9db745908f3396b3d820566b6b194a39ada2540673ce070a16b
SERVER_TRAFFIC_SECRET_0 cda458a663c593b7c8a21c59604164362cd16929b2301877478df2a5f5b6fe64 f3783b58c564e540082bc4305af254d8d506e501605a8914c3db2156ecf605d7
CLIENT_TRAFFIC_SECRET_0 cda458a663c593b7c8a21c59604164362cd16929b2301877478df2a5f5b6fe64 75c43c240a419adc07cefc39b3d6d077b0db17e4cad47ef13fec179898e78f34
SERVER_HANDSHAKE_TRAFFIC_SECRET 9b71f5372083e7d51fc3fb5581412bec4bfac6da57e1b2d055b957dc19168f6a 4c5b781f0541ba9eb9206619de78061a6d562c9fdc764a6b15f55cec494274f4
CLIENT_HANDSHAKE_TRAFFIC_SECRET 9b71f5372083e7d51fc3fb5581412bec4bfac6da57e1b2d055b957dc19168f6a 2c830d38baea3107c7793c1f317808fc01a25a5cf362c3eb0974bfcf2c6c9d0a
SERVER_TRAFFIC_SECRET_0 9b71f5372083e7d51fc3fb5581412bec4bfac6da57e1b2d055b957dc19168f6a 1a8a08692dbe8154d8b127ee364af237c569a917809664356b615c6b29b8767c
CLIENT_TRAFFIC_SECRET_0 9b71f5372083e7d51fc3fb5581412bec4bfac6da57e1b2d055b957dc19168f6a cfac77cfe2dc7a51efcc31128020c305f58210b67e092c5911ca12b8d5d482f6
SERVER_HANDSHAKE_TRAFFIC_SECRET 2fb434a91ee20d61c2097d7434d9e2240bdcbbe7b60e77489c4e919887c92734 4000115a9f97fe477e786b140436769f6981c253ade2d3073004871953c6e61e
CLIENT_HANDSHAKE_TRAFFIC_SECRET 2fb434a91ee20d61c2097d7434d9e2240bdcbbe7b60e77489c4e919887c92734 71fc673f20259754deaa0645def3a4a0b26b557955b68bda449347a899c039e3
SERVER_TRAFFIC_SECRET_0 2fb434a91ee20d61c2097d7434d9e2240bdcbbe7b60e77489c4e919887c92734 2b099a59a605aa0ddf58efdc6e0063d21bb62b6214c9057bb5ee1e343bc67c0f
CLIENT_TRAFFIC_SECRET_0 2fb434a91ee20d61c2097d7434d9e2240bdcbbe7b60e77489c4e919887c92734 8462081978372ea48862d89e27d204ee742a57498db49c077d2cef08b159c763
SERVER_HANDSHAKE_TRAFFIC_SECRET 34c2e7fcbf7f0dcd32d787bf2acc76c47155318e4efe93ad75b35d429047a4ea e875aaad2eeed1e014ed152fb15ac21b8412f014bd68aadb5aaeba62c455c1ee
CLIENT_HANDSHAKE_TRAFFIC_SECRET 34c2e7fcbf7f0dcd32d787bf2acc76c47155318e4efe93ad75b35d429047a4ea 213dba877cce0ef249d612802735fd148662a9437fd6eb5c73db1e028536e3eb
SERVER_TRAFFIC_SECRET_0 34c2e7fcbf7f0dcd32d787bf2acc76c47155318e4efe93ad75b35d429047a4ea f731c326ce415151c945b86936605a12bbe3e51659ca631dfe82c9d5f91caec7
CLIENT_TRAFFIC_SECRET_0 34c2e7fcbf7f0dcd32d787bf2acc76c47155318e4efe93ad75b35d429047a4ea c41ebd0a748e4c3131b27b84a7b3b18d3d7b9006a3bfd3da6d45758cf5dfa6e4
SERVER_HANDSHAKE_TRAFFIC_SECRET ba76d3d9a0896c5c9755714731c05ad08a755e6c2a53f716588a07c3e5e13cf5 976c8c0ac5ad2c3927665d459c8c1ec14885c311bd091f005bcdfaeb52bb4e9b
CLIENT_HANDSHAKE_TRAFFIC_SECRET ba76d3d9a0896c5c9755714731c05ad08a755e6c2a53f716588a07c3e5e13cf5 6ae57288e82523b71c90396a67f4fee38b80a44c7c60247808457541e6c7fd9c
SERVER_TRAFFIC_SECRET_0 ba76d3d9a0896c5c9755714731c05ad08a755e6c2a53f716588a07c3e5e13cf5 2eb51bda0ee2151c35c8548095c5f83d7b89a0a05ddc2b3e3e6d5ff618f671d5
CLIENT_TRAFFIC_SECRET_0 ba76d3d9a0896c5c9755714731c05ad08a755e6c2a53f716588a07c3e5e13cf5 68154ab2b725624a47f1d50047fde28e5af3b3443da5f6914b0fca455ac9809d
SERVER_HANDSHAKE_TRAFFIC_SECRET 27dbfbf5cd95d9213f4d928b9dca0253c55c9246d627d6cf9bac7459af53ff31 f83027720a92b65c222796dc93687e6df5a25db0c4b3594a4c98f3278fd09bea
CLIENT_HANDSHAKE_TRAFFIC_SECRET 27dbfbf5cd95d9213f4d928b9dca0253c55c9246d627d6cf9bac7459af53ff31 f5151601c4f2cbc82e1dc2d1f107711e4d266671956fbed434435377c1b85b10
SERVER_TRAFFIC_SECRET_0 27dbfbf5cd95d9213f4d928b9dca0253c55c9246d627d6cf9bac7459af53ff31 894eed414786be06c34016473f3bd729ddaa10f7d0265397b47a4cbe3aa74847
CLIENT_TRAFFIC_SECRET_0 27dbfbf5cd95d9213f4d928b9dca0253c55c9246d627d6cf9bac7459af53ff31 c25a46bf000b794c9448acf884e1e85eb1e0a89fec8e0feab1264980567c6889
SERVER_HANDSHAKE_TRAFFIC_SECRET 29cc929f9f29fcbde62916c2b3f96401f811efa5b6591be772d6c56aae02761e 42fcde10aedda46f9c1f11613d626563ba32a03935d795e5f5085a7a14222a65
CLIENT_HANDSHAKE_TRAFFIC_SECRET 29cc929f9f29fcbde62916c2b3f96401f811efa5b6591be772d6c56aae02761e 93681d91266af7f1fb188dd780006dab5e35d7f56a05b0ab2bb658b5a1677a86
SERVER_TRAFFIC_SECRET_0 29cc929f9f29fcbde62916c2b3f96401f811efa5b6591be772d6c56aae02761e 113bbb9e525ff8ad3c4c7ef6a7919018245ba4633952b42e37abf378339f98a0
SERVER_HANDSHAKE_TRAFFIC_SECRET 01fa8571a9d436098ebce8badafd21e0e626eac9157d6731547b050e1f4ab409 35aa77943acadca6a2a7020e438f159fa0ad325e7d109a3cf756cb8d74f84ff0
CLIENT_HANDSHAKE_TRAFFIC_SECRET 01fa8571a9d436098ebce8badafd21e0e626eac9157d6731547b050e1f4ab409 2a13eebd79044316082f1ced2fbfeaa20087e93c9ee297406021f0bc5e1a4579
SERVER_TRAFFIC_SECRET_0 01fa8571a9d436098ebce8badafd21e0e626eac9157d6731547b050e1f4ab409 294caf4a9e8b9b80dcfde07a979ab310c0a13d86aa1739da82f98ff2d149113d
SERVER_HANDSHAKE_TRAFFIC_SECRET e88a111b3707e9984ac1ff04195cb407c6b922f8a60a19ef5efb45f564c64c88 c57d47fff54d094b9ee39eb5b562dac83fd6b38ee025dfd68dfe1c72404c4e27
CLIENT_HANDSHAKE_TRAFFIC_SECRET e88a111b3707e9984ac1ff04195cb407c6b922f8a60a19ef5efb45f564c64c88 e4011a517971362efa92a838c09d1fa30d39e22833157ccbe1f32464c310a884
SERVER_TRAFFIC_SECRET_0 e88a111b3707e9984ac1ff04195cb407c6b922f8a60a19ef5efb45f564c64c88 0d39ba2f4719a3e923d203e0498933f6d716c24fadd9c99c560322d5372af0e7
SERVER_HANDSHAKE_TRAFFIC_SECRET 746ca5713cda419f3e315a562c7d86d24d200e53e11ef458b3179f4d95b79892 e33d06eb8c2d4d70a31ffef01c294b7d99c171ba834a843f6e1de9034cb56fec
CLIENT_HANDSHAKE_TRAFFIC_SECRET 746ca5713cda419f3e315a562c7d86d24d200e53e11ef458b3179f4d95b79892 645e3f66c3811812899a15d2cac59a8d33c3e462bf273cbf989c412e9ba935c7
SERVER_TRAFFIC_SECRET_0 746ca5713cda419f3e315a562c7d86d24d200e53e11ef458b3179f4d95b79892 9538febd3b7b32c84849800c2377237738f62019793989bf3a02e898d75dfa7e
CLIENT_TRAFFIC_SECRET_0 746ca5713cda419f3e315a562c7d86d24d200e53e11ef458b3179f4d95b79892 b5c7c7586f2aefbceebb1f35b82623ab2c93951501e2ebb72cbde876bd35ff3e
SERVER_HANDSHAKE_TRAFFIC_SECRET c5742c4c00b0251b5cabfea76663779edacb5b3e5acc03401aaf31bf7b331a42 46fb33adb82ea907d9d7051767a70a52ebed5c37683a4b014bc3dae041a1c29a
CLIENT_HANDSHAKE_TRAFFIC_SECRET c5742c4c00b0251b5cabfea76663779edacb5b3e5acc03401aaf31bf7b331a42 d5c18ede008f189d391f1a38819be51828ea597a16a87f75c97a05097b4181b2
SERVER_TRAFFIC_SECRET_0 c5742c4c00b0251b5cabfea76663779edacb5b3e5acc03401aaf31bf7b331a42 808e91e8ed352b3268679f2d86d8040170856eacd71eca228663589e6af89af0
SERVER_HANDSHAKE_TRAFFIC_SECRET 065dbb75a4530c391c81449d03a89d694124205b9a9490cd652dde5dea36d9da bd4f2ee97c58d774f5fd51250e0508fb14d556fed33b18edb8cee4e33b4632e1
CLIENT_HANDSHAKE_TRAFFIC_SECRET 065dbb75a4530c391c81449d03a89d694124205b9a9490cd652dde5dea36d9da 7fa156ed9fc633939e072ffe265527c10752707510a61e72fd3362e640e7b237
SERVER_TRAFFIC_SECRET_0 065dbb75a4530c391c81449d03a89d694124205b9a9490cd652dde5dea36d9da b69d22f3c3a16a7faec2a920a1851a4471fce4339fb12e1a57f1dab25095e48e
SERVER_HANDSHAKE_TRAFFIC_SECRET 09a627bbd1f9a81cd1d2e79bfb2e070e2fcb01bd4374be20e5514a438486a3b7 88de2b1374c8b3f9812541ee30e6bcab9bbde7fbe37c0bc25a175ffd1c10ec55
CLIENT_HANDSHAKE_TRAFFIC_SECRET 09a627bbd1f9a81cd1d2e79bfb2e070e2fcb01bd4374be20e5514a438486a3b7 a296303307e5390b3a560bc20b75c5f0586f5af4cf38551df379efa029552088
SERVER_TRAFFIC_SECRET_0 09a627bbd1f9a81cd1d2e79bfb2e070e2fcb01bd4374be20e5514a438486a3b7 6eaa56f23c3de0ad2b2839b024c6f15b6cda01d9499fc8bb16d1ea17c77a692f
SERVER_HANDSHAKE_TRAFFIC_SECRET 9d0c2a1aef4292b7444b4fa2fab0ff7f6dab0d4bf1e2aa28e951ca7fc9306d5a 39ee248c55391d1b6758ff577d3bb720147db700d26c4a5105c34e9c005f3a11
CLIENT_HANDSHAKE_TRAFFIC_SECRET 9d0c2a1aef4292b7444b4fa2fab0ff7f6dab0d4bf1e2aa28e951ca7fc9306d5a ebb74a91bcef6dd7b1d8d9128e714c34860c9150187d28ef13ee25fc90652c1e
SERVER_TRAFFIC_SECRET_0 9d0c2a1aef4292b7444b4fa2fab0ff7f6dab0d4bf1e2aa28e951ca7fc9306d5a 4562031a0b53631847a84ad0c2b1fd7ebff2909c3ef5e3cb8d26d9aeb01e7fe5
SERVER_HANDSHAKE_TRAFFIC_SECRET 6aece3eeb03f62930dd7f22731eb18ab818539216e5e8f9cd4f92d8350e1ae27 cccfa4bf0fc963e364404c35004ec18f100532c8d785a2cfb23adb5851f7c2e9
CLIENT_HANDSHAKE_TRAFFIC_SECRET 6aece3eeb03f62930dd7f22731eb18ab818539216e5e8f9cd4f92d8350e1ae27 7473f3f3d023cbce71c2e04f6be540e607ced8fbb01a77056c6c75faca415c96
SERVER_TRAFFIC_SECRET_0 6aece3eeb03f62930dd7f22731eb18ab818539216e5e8f9cd4f92d8350e1ae27 f72f4f5eeccc16380208becd6c2abfb4bc5d28c671d778d0705904d053b0f360
SERVER_HANDSHAKE_TRAFFIC_SECRET 81fab0bab9a8513fa954d22c8727ac9e2b1fc5b55378d58bb3e46227d63e1a94 4ed4e1144e307659ac0903d0737a7ff022743aa1406cadd303a601aa05950cac
CLIENT_HANDSHAKE_TRAFFIC_SECRET 81fab0bab9a8513fa954d22c8727ac9e2b1fc5b55378d58bb3e46227d63e1a94 3b3a56d901c3ad0686598c66971ac7d77285aa050674e9586064fde12d093019
SERVER_TRAFFIC_SECRET_0 81fab0bab9a8513fa954d22c8727ac9e2b1fc5b55378d58bb3e46227d63e1a94 f3e3f873c29f69aaef595b417be46f1d291a3a5f88f1afd3faae9f620e3d7313
CLIENT_TRAFFIC_SECRET_0 81fab0bab9a8513fa954d22c8727ac9e2b1fc5b55378d58bb3e46227d63e1a94 6af50c9b675cc0fbec7a0264094645976f8731bb05fec132933b26d9439638b2
SERVER_HANDSHAKE_TRAFFIC_SECRET dcbbc6711cd03db9f9ecbcb8ab71baeccb4de7e3a856ce797bbcca4c2576207e 9eeb2c1f6d0186826d1ab329d2e420f8ce79b047eeae7bb8fb94730f7845428b
CLIENT_HANDSHAKE_TRAFFIC_SECRET dcbbc6711cd03db9f9ecbcb8ab71baeccb4de7e3a856ce797bbcca4c2576207e 453dc7af01a3ce5227c2ddc4116ec0b79d47b65438ae87785593972212f8610a
SERVER_TRAFFIC_SECRET_0 dcbbc6711cd03db9f9ecbcb8ab71baeccb4de7e3a856ce797bbcca4c2576207e 4951d88d5c71ea59ecc7414404a6ec8f64fea5fb82b851fe6d279ef64048eed2
CLIENT_TRAFFIC_SECRET_0 dcbbc6711cd03db9f9ecbcb8ab71baeccb4de7e3a856ce797bbcca4c2576207e 24966f18a9a2c53a63337a77609cfdda75385a2c8b5949706fa1b459546c85d5
SERVER_HANDSHAKE_TRAFFIC_SECRET 7407f859de41e49026416d34791a7f8ddaf8fb14b326c91f522cdc69c4b32bc3 522f56b8d176b080482adbb97f5456edca4f87e39384d8254b317e1af8d5f05d
CLIENT_HANDSHAKE_TRAFFIC_SECRET 7407f859de41e49026416d34791a7f8ddaf8fb14b326c91f522cdc69c4b32bc3 78ea1eb926f4ff6c1c912f3f4cd732a9bedce3f4e987740a2cc7d9f7457ad3fe
SERVER_TRAFFIC_SECRET_0 7407f859de41e49026416d34791a7f8ddaf8fb14b326c91f522cdc69c4b32bc3 5d19df648dbe8c035189c80a3cf8e0b8768a591b1d24d42bbda17ad47b01871a
SERVER_HANDSHAKE_TRAFFIC_SECRET b36bf75457fafd9b6b1d4b85c5476ad643ac124ad7069aca3b0571dab378f938 06c5a0d0484e817a3a9f71ef7138e0aa00a0e2fdd5dfd9e7f72b7b46ca1fdad5
CLIENT_HANDSHAKE_TRAFFIC_SECRET b36bf75457fafd9b6b1d4b85c5476ad643ac124ad7069aca3b0571dab378f938 8fb5ddee9c445b77332ee0c78b7cac490d04b0b83f60d0d20a400fa639757756
SERVER_TRAFFIC_SECRET_0 b36bf75457fafd9b6b1d4b85c5476ad643ac124ad7069aca3b0571dab378f938 91acdd24d87fe193e702b5b3e1bafdafc70a45bcb058912b5899ee4d5e2cab8b
SERVER_HANDSHAKE_TRAFFIC_SECRET 881f13c06a3a52d8a4ea8227b3fba25ebd548fd2cc5470ec5c452b8b0d2ac527 2e617195586aebf18732a866830f50016f723c2beff0abc4c8a16b49be01ce63
CLIENT_HANDSHAKE_TRAFFIC_SECRET 881f13c06a3a52d8a4ea8227b3fba25ebd548fd2cc5470ec5c452b8b0d2ac527 3ffed319334e8b0b9428cf70756bc2d254d2d0fb86f933ea779192bcb367b288
SERVER_TRAFFIC_SECRET_0 881f13c06a3a52d8a4ea8227b3fba25ebd548fd2cc5470ec5c452b8b0d2ac527 8b93d6efbd089ee4e4f6ffefbfb10caf694f7324f9b3512eaefeb0f83568d256
CLIENT_TRAFFIC_SECRET_0 881f13c06a3a52d8a4ea8227b3fba25ebd548fd2cc5470ec5c452b8b0d2ac527 5aca0b5118aba3e03d1abf06959fb899f5a004c48923555b438fec7e1aa81dcb
SERVER_HANDSHAKE_TRAFFIC_SECRET 9cf8688a5f27add2746a868e2fa4d1ae436bc1ae76e94ebc787a5467317cd7d5 0ed5c8416a567a159903cdf8ed726eca037cc5d3170a85741148861d8456669b
CLIENT_HANDSHAKE_TRAFFIC_SECRET 9cf8688a5f27add2746a868e2fa4d1ae436bc1ae76e94ebc787a5467317cd7d5 72797431134dfb31c2c3df4f42fe66b43925d5e51d9e9bac93bde5435ddb7d86
SERVER_TRAFFIC_SECRET_0 9cf8688a5f27add2746a868e2fa4d1ae436bc1ae76e94ebc787a5467317cd7d5 cb7b33e0ee53b8e1d9bb0843ab2be56c4cc2258095d75c0e31f8b725f4899c17
CLIENT_TRAFFIC_SECRET_0 9cf8688a5f27add2746a868e2fa4d1ae436bc1ae76e94ebc787a5467317cd7d5 f9e8a71c314c0dc858cbe74d6b7aef877daf9bed035e91d6a86986beb4d7974c
SERVER_HANDSHAKE_TRAFFIC_SECRET 6d2377b9117a66c6a40dd78df320b06a2401e89b57689482da7946c3f3a9e3ca e6aa1c4a49cf35ba1417405a09e11e56de1659baaf67cc16b28ebb44efbed842
CLIENT_HANDSHAKE_TRAFFIC_SECRET 6d2377b9117a66c6a40dd78df320b06a2401e89b57689482da7946c3f3a9e3ca 4d29700bd30c0d1b5f48704c4a7cdcc822f5f3fa38f5d34bcc19041eae1d98d0
SERVER_TRAFFIC_SECRET_0 6d2377b9117a66c6a40dd78df320b06a2401e89b57689482da7946c3f3a9e3ca 575eb762066ff976bb31cf133f35ceebe8f3ebbde4a1140415247587729fe8f9
CLIENT_TRAFFIC_SECRET_0 6d2377b9117a66c6a40dd78df320b06a2401e89b57689482da7946c3f3a9e3ca 08397e4becf96b1920755603205ee0609a6ba9bda2a256a65b66f3ea43a1e794
SERVER_HANDSHAKE_TRAFFIC_SECRET 9da29bcdd7aa98a67fe161056ada91b6ec70e31358f69756f9fa0ff5d65b8e42 5d04ec7eb7f5c94d732c0f4e2565f3d4d9cb68da63d6f7df49edc842dad12e6f
CLIENT_HANDSHAKE_TRAFFIC_SECRET 9da29bcdd7aa98a67fe161056ada91b6ec70e31358f69756f9fa0ff5d65b8e42 d8f362ea712f391d742a8fe59de06d7d9a84fb11fc0705da44ec84ba2ab7cb2b
SERVER_TRAFFIC_SECRET_0 9da29bcdd7aa98a67fe161056ada91b6ec70e31358f69756f9fa0ff5d65b8e42 12ed35851c24322e1c85b40a0e5a98bcc7897897e3ac45bec28bcf73dc4f6f36
SERVER_HANDSHAKE_TRAFFIC_SECRET 8cc1efa6e2e926f872b277cf7cfefa9928040626c93b8f19d7630748cd2a82bb 84f357603ae33545e0076968b1511dfbcd218a7b20b4307d545de0802aeb52d2
CLIENT_HANDSHAKE_TRAFFIC_SECRET 8cc1efa6e2e926f872b277cf7cfefa9928040626c93b8f19d7630748cd2a82bb 2860a7e877c6d1271d9b08de65ed84aa65fabf2e4ac89426215d18ad0f30d5fd
SERVER_TRAFFIC_SECRET_0 8cc1efa6e2e926f872b277cf7cfefa9928040626c93b8f19d7630748cd2a82bb 1b69314771266f5d70e99d155845816011ae16d3f97cff154cc913f63cbd0288
CLIENT_TRAFFIC_SECRET_0 8cc1efa6e2e926f872b277cf7cfefa9928040626c93b8f19d7630748cd2a82bb fdd37aa0482d294f5c10871b2b580be28d09d7b2469147f210f1527d6715a61e
SERVER_HANDSHAKE_TRAFFIC_SECRET 1f7df30698c5dd7649f8b9b4a4a6b112b4adf3e95dcd8d92dda2fa055d2bdb32 05f7467cd479a713cc683a7ac4a6414dff86864be143ec35cd6871739ecc524d
CLIENT_HANDSHAKE_TRAFFIC_SECRET 1f7df30698c5dd7649f8b9b4a4a6b112b4adf3e95dcd8d92dda2fa055d2bdb32 b86e65fe695fc787dd1acbc3d292229650d2451bac8ff649a2ddfb4d10ed07a3
SERVER_TRAFFIC_SECRET_0 1f7df30698c5dd7649f8b9b4a4a6b112b4adf3e95dcd8d92dda2fa055d2bdb32 6f94375c0abd1a265b62bb7de6c37b3c26f7a934c72e1e69ad0d39f43bbd60df
CLIENT_TRAFFIC_SECRET_0 1f7df30698c5dd7649f8b9b4a4a6b112b4adf3e95dcd8d92dda2fa055d2bdb32 ebb0e967d237899f41a54ce020c425f6a2319f78e5dfe4d23d8333658fe42827
SERVER_HANDSHAKE_TRAFFIC_SECRET 0b4f6086a630bc4adab250d8406d4824d22999f06362000a76130882c5a7871d f5af372cfad8c8194b74096f747e11904705506b2466d247cdd9e276d0cd392f
CLIENT_HANDSHAKE_TRAFFIC_SECRET 0b4f6086a630bc4adab250d8406d4824d22999f06362000a76130882c5a7871d 55f0be845b7691ae111da70161ff2ccdeca94bdac355f280a2ce25665743aa18
SERVER_TRAFFIC_SECRET_0 0b4f6086a630bc4adab250d8406d4824d22999f06362000a76130882c5a7871d 5eb41f1912a1211f3e6846bee569751da43be9ce309d74c1f1cc4e45adfd0bfb
CLIENT_TRAFFIC_SECRET_0 0b4f6086a630bc4adab250d8406d4824d22999f06362000a76130882c5a7871d 768618f31da86f48e0ca8fb77a5c693fb983661fd4e8ec132d69a993fb03b57a
