SERVER_HANDSHAKE_TRAFFIC_SECRET a89712cf2800fe7ee9dcf67c440e81bc8904c5dfe9388bcb9fc9fc4da6680f8c 274fce1e11dd53fc8f4dcb8c6dd8c2edf4b318536d3d84d5547cdb8eb132ec6784fdc426dafb8715cb982d77892ecd19
CLIENT_HANDSHAKE_TRAFFIC_SECRET a89712cf2800fe7ee9dcf67c440e81bc8904c5dfe9388bcb9fc9fc4da6680f8c af1e8ed94f2cbe28077d3e5a95c457017be8db73242180662543d46ee9a7a7d4fa57121d0dba63ff601623b225114fa7
SERVER_TRAFFIC_SECRET_0 a89712cf2800fe7ee9dcf67c440e81bc8904c5dfe9388bcb9fc9fc4da6680f8c 7f87254dc917db290a343d4d2cfcfe73f3848496455d0939f6b88ac0cbe51fb189753295c40016bcdeec149f8a2adeb6
EXPORTER_SECRET a89712cf2800fe7ee9dcf67c440e81bc8904c5dfe9388bcb9fc9fc4da6680f8c 37f7dc544c06a876493259451d584ea75b3429ad23618917b2c9662eedccdbdea8de2b50fc3076d950292997a8f6ecb0
CLIENT_TRAFFIC_SECRET_0 a89712cf2800fe7ee9dcf67c440e81bc8904c5dfe9388bcb9fc9fc4da6680f8c 1c87db4d0c2215fe1a7ccf1fb7be400c0e3d46bd94c605b1e790008cef080fcfffb895bed447eba1a6883e12dd29f416
SERVER_HANDSHAKE_TRAFFIC_SECRET a89712cf2800fe7ee9dcf67c440e81bc8904c5dfe9388bcb9fc9fc4da6680f8c 274fce1e11dd53fc8f4dcb8c6dd8c2edf4b318536d3d84d5547cdb8eb132ec6784fdc426dafb8715cb982d77892ecd19
CLIENT_HANDSHAKE_TRAFFIC_SECRET a89712cf2800fe7ee9dcf67c440e81bc8904c5dfe9388bcb9fc9fc4da6680f8c af1e8ed94f2cbe28077d3e5a95c457017be8db73242180662543d46ee9a7a7d4fa57121d0dba63ff601623b225114fa7
SERVER_TRAFFIC_SECRET_0 a89712cf2800fe7ee9dcf67c440e81bc8904c5dfe9388bcb9fc9fc4da6680f8c 7f87254dc917db290a343d4d2cfcfe73f3848496455d0939f6b88ac0cbe51fb189753295c40016bcdeec149f8a2adeb6
CLIENT_TRAFFIC_SECRET_0 a89712cf2800fe7ee9dcf67c440e81bc8904c5dfe9388bcb9fc9fc4da6680f8c 1c87db4d0c2215fe1a7ccf1fb7be400c0e3d46bd94c605b1e790008cef080fcfffb895bed447eba1a6883e12dd29f416
CLIENT_TRAFFIC_SECRET_0 a89712cf2800fe7ee9dcf67c440e81bc8904c5dfe9388bcb9fc9fc4da6680f8c 1c87db4d0c2215fe1a7ccf1fb7be400c0e3d46bd94c605b1e790008cef080fcfffb895bed447eba1a6883e12dd29f416
SERVER_HANDSHAKE_TRAFFIC_SECRET 3e79dcba75a0302cadbe23f7003a3be58526d752867625272ff9960278b00c3c e0aa72d96b1eed5fcfc7066ae4b37c3ac3a2b3d26e07856499a048560637ec445c9cc05dfa5a71eb40e22a8879d180fb
CLIENT_HANDSHAKE_TRAFFIC_SECRET 3e79dcba75a0302cadbe23f7003a3be58526d752867625272ff9960278b00c3c 8afe40ee7d5a075361febae00d2274af468fbd1c1be93b4cc8523b7790e8d095fcd6ac76c9f9111285fd8853c3dcc66f
SERVER_TRAFFIC_SECRET_0 3e79dcba75a0302cadbe23f7003a3be58526d752867625272ff9960278b00c3c 02110d46b75e3c8637af42dd835aa4c53942d3c1fe13a22df6260779de48477c75d9693f396f589f4abe6ca44c3b5c51
EXPORTER_SECRET 3e79dcba75a0302cadbe23f7003a3be58526d752867625272ff9960278b00c3c 6c9bca865bd2a8c85cd312eb02d0c1c4b7344d46a920e066ef2fe8bcfb2d0eaa70bfa399523a259c78ee34d93f3d66e5
CLIENT_TRAFFIC_SECRET_0 3e79dcba75a0302cadbe23f7003a3be58526d752867625272ff9960278b00c3c e4f2e8e93db45d8060d9167c2d5485cb0aef35864b9033b0ff6f897d02ab5bd2c928c352352fac748b81a6f0f60d54c9
SERVER_HANDSHAKE_TRAFFIC_SECRET 3e79dcba75a0302cadbe23f7003a3be58526d752867625272ff9960278b00c3c e0aa72d96b1eed5fcfc7066ae4b37c3ac3a2b3d26e07856499a048560637ec445c9cc05dfa5a71eb40e22a8879d180fb
CLIENT_HANDSHAKE_TRAFFIC_SECRET 3e79dcba75a0302cadbe23f7003a3be58526d752867625272ff9960278b00c3c 8afe40ee7d5a075361febae00d2274af468fbd1c1be93b4cc8523b7790e8d095fcd6ac76c9f9111285fd8853c3dcc66f
SERVER_TRAFFIC_SECRET_0 3e79dcba75a0302cadbe23f7003a3be58526d752867625272ff9960278b00c3c 02110d46b75e3c8637af42dd835aa4c53942d3c1fe13a22df6260779de48477c75d9693f396f589f4abe6ca44c3b5c51
CLIENT_TRAFFIC_SECRET_0 3e79dcba75a0302cadbe23f7003a3be58526d752867625272ff9960278b00c3c e4f2e8e93db45d8060d9167c2d5485cb0aef35864b9033b0ff6f897d02ab5bd2c928c352352fac748b81a6f0f60d54c9
CLIENT_TRAFFIC_SECRET_0 3e79dcba75a0302cadbe23f7003a3be58526d752867625272ff9960278b00c3c e4f2e8e93db45d8060d9167c2d5485cb0aef35864b9033b0ff6f897d02ab5bd2c928c352352fac748b81a6f0f60d54c9
SERVER_HANDSHAKE_TRAFFIC_SECRET d24b5e193ab7976cfa628a192bd4245e4f301de6f25c4fa99a482d553eb3deb6 92fb38d1ca185266fed88c054351515c9d71f3c0fc745dfcdba4f457e0bb8c56e8da1ea2a7388574af9bb2c77450056e
CLIENT_HANDSHAKE_TRAFFIC_SECRET d24b5e193ab7976cfa628a192bd4245e4f301de6f25c4fa99a482d553eb3deb6 139267ffda9009e73f619ebc922fceadd0b8a322839c60f57fc90ace583dfd4941c171c6218e9d6f56404992a3628933
SERVER_TRAFFIC_SECRET_0 d24b5e193ab7976cfa628a192bd4245e4f301de6f25c4fa99a482d553eb3deb6 75c71fac4b2efde8c334bb246680c7b8be9df027845e7d38b93ddeb8df00c7ab2120e0e7a3c9d4ed75b9e9d3605273c3
EXPORTER_SECRET d24b5e193ab7976cfa628a192bd4245e4f301de6f25c4fa99a482d553eb3deb6 706c3f4688d015e5856b3c2bb69876b337fed6492a2fa6e0914e5a2565787a4e391496099659dcfddbc622fb8945f8b7
CLIENT_TRAFFIC_SECRET_0 d24b5e193ab7976cfa628a192bd4245e4f301de6f25c4fa99a482d553eb3deb6 b45ddc81ebdf61c981441c3acb6a4bbe77cf912be38187272492ede1513058249c8aac3686bd4c24c41859d3549e337a
SERVER_HANDSHAKE_TRAFFIC_SECRET d24b5e193ab7976cfa628a192bd4245e4f301de6f25c4fa99a482d553eb3deb6 92fb38d1ca185266fed88c054351515c9d71f3c0fc745dfcdba4f457e0bb8c56e8da1ea2a7388574af9bb2c77450056e
CLIENT_HANDSHAKE_TRAFFIC_SECRET d24b5e193ab7976cfa628a192bd4245e4f301de6f25c4fa99a482d553eb3deb6 139267ffda9009e73f619ebc922fceadd0b8a322839c60f57fc90ace583dfd4941c171c6218e9d6f56404992a3628933
SERVER_TRAFFIC_SECRET_0 d24b5e193ab7976cfa628a192bd4245e4f301de6f25c4fa99a482d553eb3deb6 75c71fac4b2efde8c334bb246680c7b8be9df027845e7d38b93ddeb8df00c7ab2120e0e7a3c9d4ed75b9e9d3605273c3
CLIENT_TRAFFIC_SECRET_0 d24b5e193ab7976cfa628a192bd4245e4f301de6f25c4fa99a482d553eb3deb6 b45ddc81ebdf61c981441c3acb6a4bbe77cf912be38187272492ede1513058249c8aac3686bd4c24c41859d3549e337a
CLIENT_TRAFFIC_SECRET_0 d24b5e193ab7976cfa628a192bd4245e4f301de6f25c4fa99a482d553eb3deb6 b45ddc81ebdf61c981441c3acb6a4bbe77cf912be38187272492ede1513058249c8aac3686bd4c24c41859d3549e337a
SERVER_HANDSHAKE_TRAFFIC_SECRET 66bd9d00eb0f4354035ec45c2abd573912c8fe60fb378295ea216ce462fa8c08 9b31bd23c7d1c5ef1090082c3786e7a55439ebc381d0e29896ce066d36a183d69c34c0b67ae465477ddc7a3dc1f27296
CLIENT_HANDSHAKE_TRAFFIC_SECRET 66bd9d00eb0f4354035ec45c2abd573912c8fe60fb378295ea216ce462fa8c08 d8f9f8da65f1f17ec29089d1d2b1eba2e818892f6a1875a41b701570988f0a9b2fc6304a0e53c00a543d7ef5a7bd3b70
SERVER_TRAFFIC_SECRET_0 66bd9d00eb0f4354035ec45c2abd573912c8fe60fb378295ea216ce462fa8c08 b6f75cca070cb8d43c1d588fabf10285d8a3f012bdc0550186fb4fd4353dadb6839753fb9ddb779eca7560f84aa6efe1
EXPORTER_SECRET 66bd9d00eb0f4354035ec45c2abd573912c8fe60fb378295ea216ce462fa8c08 67e6506eda6861f5cb6ebd5d5cd38f0ed94555b2f38db8ad77c7a21f009e44d51d9d77ac2d5370d04587e2f312657546
CLIENT_TRAFFIC_SECRET_0 66bd9d00eb0f4354035ec45c2abd573912c8fe60fb378295ea216ce462fa8c08 5353619fea4c16d034641b8f7e03f7de9fef7cee7bb96adc96c3873dafba0a74070d0bae8d123430a60f78d0160072e8
SERVER_HANDSHAKE_TRAFFIC_SECRET 66bd9d00eb0f4354035ec45c2abd573912c8fe60fb378295ea216ce462fa8c08 9b31bd23c7d1c5ef1090082c3786e7a55439ebc381d0e29896ce066d36a183d69c34c0b67ae465477ddc7a3dc1f27296
CLIENT_HANDSHAKE_TRAFFIC_SECRET 66bd9d00eb0f4354035ec45c2abd573912c8fe60fb378295ea216ce462fa8c08 d8f9f8da65f1f17ec29089d1d2b1eba2e818892f6a1875a41b701570988f0a9b2fc6304a0e53c00a543d7ef5a7bd3b70
SERVER_TRAFFIC_SECRET_0 66bd9d00eb0f4354035ec45c2abd573912c8fe60fb378295ea216ce462fa8c08 b6f75cca070cb8d43c1d588fabf10285d8a3f012bdc0550186fb4fd4353dadb6839753fb9ddb779eca7560f84aa6efe1
CLIENT_TRAFFIC_SECRET_0 66bd9d00eb0f4354035ec45c2abd573912c8fe60fb378295ea216ce462fa8c08 5353619fea4c16d034641b8f7e03f7de9fef7cee7bb96adc96c3873dafba0a74070d0bae8d123430a60f78d0160072e8
CLIENT_TRAFFIC_SECRET_0 66bd9d00eb0f4354035ec45c2abd573912c8fe60fb378295ea216ce462fa8c08 5353619fea4c16d034641b8f7e03f7de9fef7cee7bb96adc96c3873dafba0a74070d0bae8d123430a60f78d0160072e8
SERVER_HANDSHAKE_TRAFFIC_SECRET 4747c56d77af32766e07f0220036d1f590834af1b603fdc5521eec834aee95e0 bee0e4cb9bb191f90b7e09ec7f9e93a46012d1e7cadb63bb5f262eabb138808f61aa3776a77c88666a4eb4f6a68100bd
CLIENT_HANDSHAKE_TRAFFIC_SECRET 4747c56d77af32766e07f0220036d1f590834af1b603fdc5521eec834aee95e0 9dba265b1c1dfae1a58131854be5379e79ab2f29880355dca5bea32794f34a25346514dd74904a6c64313fa941ef06b9
SERVER_TRAFFIC_SECRET_0 4747c56d77af32766e07f0220036d1f590834af1b603fdc5521eec834aee95e0 f746bc66da570699f664f664c810129404e0ceb097c5918dfa5db707312cac1f4ea6cedd22e3707b1550f792dc4e4fb5
EXPORTER_SECRET 4747c56d77af32766e07f0220036d1f590834af1b603fdc5521eec834aee95e0 fb2805b234e53e20d0ebb66b7ca42f5987586fd62fbdee1f7195cbd574c647f770a7e1422e9ece73f8222a2e80f2c104
CLIENT_TRAFFIC_SECRET_0 4747c56d77af32766e07f0220036d1f590834af1b603fdc5521eec834aee95e0 5959a0d4b8e1ae2fc835ff7885887a6f63c0f3271b37cbe984539b735f2096c98111e918b5c6dab2e8a13c6a6fa0606d
SERVER_HANDSHAKE_TRAFFIC_SECRET 4747c56d77af32766e07f0220036d1f590834af1b603fdc5521eec834aee95e0 bee0e4cb9bb191f90b7e09ec7f9e93a46012d1e7cadb63bb5f262eabb138808f61aa3776a77c88666a4eb4f6a68100bd
CLIENT_HANDSHAKE_TRAFFIC_SECRET 4747c56d77af32766e07f0220036d1f590834af1b603fdc5521eec834aee95e0 9dba265b1c1dfae1a58131854be5379e79ab2f29880355dca5bea32794f34a25346514dd74904a6c64313fa941ef06b9
SERVER_TRAFFIC_SECRET_0 4747c56d77af32766e07f0220036d1f590834af1b603fdc5521eec834aee95e0 f746bc66da570699f664f664c810129404e0ceb097c5918dfa5db707312cac1f4ea6cedd22e3707b1550f792dc4e4fb5
CLIENT_TRAFFIC_SECRET_0 4747c56d77af32766e07f0220036d1f590834af1b603fdc5521eec834aee95e0 5959a0d4b8e1ae2fc835ff7885887a6f63c0f3271b37cbe984539b735f2096c98111e918b5c6dab2e8a13c6a6fa0606d
CLIENT_TRAFFIC_SECRET_0 4747c56d77af32766e07f0220036d1f590834af1b603fdc5521eec834aee95e0 5959a0d4b8e1ae2fc835ff7885887a6f63c0f3271b37cbe984539b735f2096c98111e918b5c6dab2e8a13c6a6fa0606d
SERVER_HANDSHAKE_TRAFFIC_SECRET 34ce1e2281a9be8b2334c90e6e624424a2ebaee44db79927d95cbf0bfea7a3a8 6b7790fe2f60edee8cc575973741073aae0964fa87458063ee89377bb048230aa91973881ff936f2bb8f2a891774914b
CLIENT_HANDSHAKE_TRAFFIC_SECRET 34ce1e2281a9be8b2334c90e6e624424a2ebaee44db79927d95cbf0bfea7a3a8 dab6632ccb67b8d9179c52fa09f51c8decc65f0d4ff7815ece1280103399b00b4904dae930f8809a2504fe450bb7936f
SERVER_TRAFFIC_SECRET_0 34ce1e2281a9be8b2334c90e6e624424a2ebaee44db79927d95cbf0bfea7a3a8 3d125fe73bff2e25acc828c21f843f4eacb0be5a85dd94e3d47080a8f878c00db45ee6fd9b078308917017b093fcc223
EXPORTER_SECRET 34ce1e2281a9be8b2334c90e6e624424a2ebaee44db79927d95cbf0bfea7a3a8 bcac36270b219d0d1b2a1249112a9431f8cd7c9ffd8bc8ea14502a3d3bcc530d8f5f003eced0a389a8a6cdd19f83775e
CLIENT_TRAFFIC_SECRET_0 34ce1e2281a9be8b2334c90e6e624424a2ebaee44db79927d95cbf0bfea7a3a8 61efdd5badfcb491c14aef87563f5e6a3c69fc4d132718301cfea6f73a4439e41fb1fcb3cff75bc259c8105933ad2e6d
SERVER_HANDSHAKE_TRAFFIC_SECRET 34ce1e2281a9be8b2334c90e6e624424a2ebaee44db79927d95cbf0bfea7a3a8 6b7790fe2f60edee8cc575973741073aae0964fa87458063ee89377bb048230aa91973881ff936f2bb8f2a891774914b
CLIENT_HANDSHAKE_TRAFFIC_SECRET 34ce1e2281a9be8b2334c90e6e624424a2ebaee44db79927d95cbf0bfea7a3a8 dab6632ccb67b8d9179c52fa09f51c8decc65f0d4ff7815ece1280103399b00b4904dae930f8809a2504fe450bb7936f
SERVER_TRAFFIC_SECRET_0 34ce1e2281a9be8b2334c90e6e624424a2ebaee44db79927d95cbf0bfea7a3a8 3d125fe73bff2e25acc828c21f843f4eacb0be5a85dd94e3d47080a8f878c00db45ee6fd9b078308917017b093fcc223
CLIENT_TRAFFIC_SECRET_0 34ce1e2281a9be8b2334c90e6e624424a2ebaee44db79927d95cbf0bfea7a3a8 61efdd5badfcb491c14aef87563f5e6a3c69fc4d132718301cfea6f73a4439e41fb1fcb3cff75bc259c8105933ad2e6d
CLIENT_TRAFFIC_SECRET_0 34ce1e2281a9be8b2334c90e6e624424a2ebaee44db79927d95cbf0bfea7a3a8 61efdd5badfcb491c14aef87563f5e6a3c69fc4d132718301cfea6f73a4439e41fb1fcb3cff75bc259c8105933ad2e6d
SERVER_HANDSHAKE_TRAFFIC_SECRET 1ee9c07655f69871c08574ad6ce4286f54283ee0d0133708e74aff256fb448c4 169bc0d347655aabce2da1c148b87b131fa05a5fb72483f013627356ea163e00badd0665c6078eb6483c5f8cab6b0dbf
CLIENT_HANDSHAKE_TRAFFIC_SECRET 1ee9c07655f69871c08574ad6ce4286f54283ee0d0133708e74aff256fb448c4 65e7182600a8d62b8eb097dc4ff4e45c150b7980e612d8369cd6607b92c9813a6ade78e92aa9ab42aedc0fd5fdf109ee
SERVER_TRAFFIC_SECRET_0 1ee9c07655f69871c08574ad6ce4286f54283ee0d0133708e74aff256fb448c4 8179b4ed454fb4d8304589f0cb1ff2e089174f0d8b39e8d822ac7e5ebb73d609aaee4d24fbb694ce86c37477e440df4e
EXPORTER_SECRET 1ee9c07655f69871c08574ad6ce4286f54283ee0d0133708e74aff256fb448c4 2fa27d87c45dc1e44f3fe776ff517eff52c39f8ca02db7e7f0eadde6d0836d23570769a4bb3020ce93383906eac20b7f
CLIENT_TRAFFIC_SECRET_0 1ee9c07655f69871c08574ad6ce4286f54283ee0d0133708e74aff256fb448c4 f627c0da8849f12e079f722d8258df699743b9cf7bf649ac2e6a3c6419984bf626f5a68a1def35dc9356e26cff95e757
SERVER_HANDSHAKE_TRAFFIC_SECRET 1ee9c07655f69871c08574ad6ce4286f54283ee0d0133708e74aff256fb448c4 169bc0d347655aabce2da1c148b87b131fa05a5fb72483f013627356ea163e00badd0665c6078eb6483c5f8cab6b0dbf
CLIENT_HANDSHAKE_TRAFFIC_SECRET 1ee9c07655f69871c08574ad6ce4286f54283ee0d0133708e74aff256fb448c4 65e7182600a8d62b8eb097dc4ff4e45c150b7980e612d8369cd6607b92c9813a6ade78e92aa9ab42aedc0fd5fdf109ee
SERVER_TRAFFIC_SECRET_0 1ee9c07655f69871c08574ad6ce4286f54283ee0d0133708e74aff256fb448c4 8179b4ed454fb4d8304589f0cb1ff2e089174f0d8b39e8d822ac7e5ebb73d609aaee4d24fbb694ce86c37477e440df4e
CLIENT_TRAFFIC_SECRET_0 1ee9c07655f69871c08574ad6ce4286f54283ee0d0133708e74aff256fb448c4 f627c0da8849f12e079f722d8258df699743b9cf7bf649ac2e6a3c6419984bf626f5a68a1def35dc9356e26cff95e757
CLIENT_TRAFFIC_SECRET_0 1ee9c07655f69871c08574ad6ce4286f54283ee0d0133708e74aff256fb448c4 f627c0da8849f12e079f722d8258df699743b9cf7bf649ac2e6a3c6419984bf626f5a68a1def35dc9356e26cff95e757
SERVER_HANDSHAKE_TRAFFIC_SECRET 17c67943bc966d6d6581b2af4f8334a452a4a09c5950cb32d2dad3c72d3334a4 c4013038ac5736c83cf59846acb2f7de8814f7ccad6f49a87962ff8596506cb493f8b94e00b22b9b9999be58d9127397
CLIENT_HANDSHAKE_TRAFFIC_SECRET 17c67943bc966d6d6581b2af4f8334a452a4a09c5950cb32d2dad3c72d3334a4 3f6f0438919dd399ce4c2ca84f1d6078edd8ffac7138765f27cc0d0e4f4a492b1ab21858d968cc2f8cb36f7cde1097a7
SERVER_TRAFFIC_SECRET_0 17c67943bc966d6d6581b2af4f8334a452a4a09c5950cb32d2dad3c72d3334a4 75199ddcfd1592cc93170c5f9f2dafc4e6bb4ed99d2237ca21ca068cab228d0016994d21d424a348d433896ed1477351
EXPORTER_SECRET 17c67943bc966d6d6581b2af4f8334a452a4a09c5950cb32d2dad3c72d3334a4 246ee1262ab256e209247147c480d851b892586cdc6788b2ecf1258aad5e13aa214c00a2b7d2be1c908cac0ae32606f1
CLIENT_TRAFFIC_SECRET_0 17c67943bc966d6d6581b2af4f8334a452a4a09c5950cb32d2dad3c72d3334a4 93667da9d2554fdc2b0166d01592a80c287cb7aae9588a0666f9c3df98c603c48b3e03e993008509742f1ac2f62cd93d
SERVER_HANDSHAKE_TRAFFIC_SECRET 17c67943bc966d6d6581b2af4f8334a452a4a09c5950cb32d2dad3c72d3334a4 c4013038ac5736c83cf59846acb2f7de8814f7ccad6f49a87962ff8596506cb493f8b94e00b22b9b9999be58d9127397
CLIENT_HANDSHAKE_TRAFFIC_SECRET 17c67943bc966d6d6581b2af4f8334a452a4a09c5950cb32d2dad3c72d3334a4 3f6f0438919dd399ce4c2ca84f1d6078edd8ffac7138765f27cc0d0e4f4a492b1ab21858d968cc2f8cb36f7cde1097a7
SERVER_TRAFFIC_SECRET_0 17c67943bc966d6d6581b2af4f8334a452a4a09c5950cb32d2dad3c72d3334a4 75199ddcfd1592cc93170c5f9f2dafc4e6bb4ed99d2237ca21ca068cab228d0016994d21d424a348d433896ed1477351
CLIENT_TRAFFIC_SECRET_0 17c67943bc966d6d6581b2af4f8334a452a4a09c5950cb32d2dad3c72d3334a4 93667da9d2554fdc2b0166d01592a80c287cb7aae9588a0666f9c3df98c603c48b3e03e993008509742f1ac2f62cd93d
CLIENT_TRAFFIC_SECRET_0 17c67943bc966d6d6581b2af4f8334a452a4a09c5950cb32d2dad3c72d3334a4 93667da9d2554fdc2b0166d01592a80c287cb7aae9588a0666f9c3df98c603c48b3e03e993008509742f1ac2f62cd93d
SERVER_HANDSHAKE_TRAFFIC_SECRET 838c8ce3d0feb7f662e68a33375f3ff88302856388ccda496ce7a0682ad840a4 07f01826d786f18925ef13ade0ea8824043fded841acc1677bc81c5d2c91c1140652308f5cc1655fa288f4448939ea52
CLIENT_HANDSHAKE_TRAFFIC_SECRET 838c8ce3d0feb7f662e68a33375f3ff88302856388ccda496ce7a0682ad840a4 514b51bce4944eb811e90080e90b3d59d1d2143fa8bb5f3647ae1bcd94c09741acef592f06a502a10b634c17eafab93b
SERVER_TRAFFIC_SECRET_0 838c8ce3d0feb7f662e68a33375f3ff88302856388ccda496ce7a0682ad840a4 8dc938f07bd9bfb6e8d660656ccb578d5b9410462787d92a1fe9b2ff44cfe37d9d84d26970d95acddde6026e7bd7c6a4
EXPORTER_SECRET 838c8ce3d0feb7f662e68a33375f3ff88302856388ccda496ce7a0682ad840a4 af80463ca1f34a996a046d5521c08cbb801dd6f93a29a34eddd69276fc8b75d8d23d7f6672b7014b84aaa3e0479f5e58
CLIENT_TRAFFIC_SECRET_0 838c8ce3d0feb7f662e68a33375f3ff88302856388ccda496ce7a0682ad840a4 10982eed940fdb455ab429a7805362c55e8c6575b1b19e759396daea68f8c59d913fac08bf7977c6e72edb914565e6b8
SERVER_HANDSHAKE_TRAFFIC_SECRET 838c8ce3d0feb7f662e68a33375f3ff88302856388ccda496ce7a0682ad840a4 07f01826d786f18925ef13ade0ea8824043fded841acc1677bc81c5d2c91c1140652308f5cc1655fa288f4448939ea52
CLIENT_HANDSHAKE_TRAFFIC_SECRET 838c8ce3d0feb7f662e68a33375f3ff88302856388ccda496ce7a0682ad840a4 514b51bce4944eb811e90080e90b3d59d1d2143fa8bb5f3647ae1bcd94c09741acef592f06a502a10b634c17eafab93b
SERVER_TRAFFIC_SECRET_0 838c8ce3d0feb7f662e68a33375f3ff88302856388ccda496ce7a0682ad840a4 8dc938f07bd9bfb6e8d660656ccb578d5b9410462787d92a1fe9b2ff44cfe37d9d84d26970d95acddde6026e7bd7c6a4
CLIENT_TRAFFIC_SECRET_0 838c8ce3d0feb7f662e68a33375f3ff88302856388ccda496ce7a0682ad840a4 10982eed940fdb455ab429a7805362c55e8c6575b1b19e759396daea68f8c59d913fac08bf7977c6e72edb914565e6b8
CLIENT_TRAFFIC_SECRET_0 838c8ce3d0feb7f662e68a33375f3ff88302856388ccda496ce7a0682ad840a4 10982eed940fdb455ab429a7805362c55e8c6575b1b19e759396daea68f8c59d913fac08bf7977c6e72edb914565e6b8
SERVER_HANDSHAKE_TRAFFIC_SECRET a42273956ef21cc15681f14c345eb360f257365bfbaf716038385b60eb0c9c8d 89a32a802942c142d4d0ef20d37bfb8337e047091f7dac8a80b4d40b7c91bfb0f03b790ee467581229cf0f46986bbea5
CLIENT_HANDSHAKE_TRAFFIC_SECRET a42273956ef21cc15681f14c345eb360f257365bfbaf716038385b60eb0c9c8d de277ea3b20112e3434f8150a8db2771c5012d164a771b034bb7b11ce8f5d429cf2fe4f110edc0f7b3b65a59a2de5a86
SERVER_TRAFFIC_SECRET_0 a42273956ef21cc15681f14c345eb360f257365bfbaf716038385b60eb0c9c8d 8673716a3ed32fbf8a9dc5a671b60018a69b7007865ecb4eb4b3281eb4772d877061ee3c80d0a960140e8063f9c6f4cf
EXPORTER_SECRET a42273956ef21cc15681f14c345eb360f257365bfbaf716038385b60eb0c9c8d 73194f1c69763902dc6cc4367c13e0a2d99333586a04619882846ecf8c6d1c7fe4b779a5cdd1cd47c6c928de8ff4bcb0
CLIENT_TRAFFIC_SECRET_0 a42273956ef21cc15681f14c345eb360f257365bfbaf716038385b60eb0c9c8d 0239a1b138b708ff485b67dca99d86d7ec62d27c8905a1b606e1b586f189485c29ee0feeb5d72b1d299ecdb2e9b9071e
SERVER_HANDSHAKE_TRAFFIC_SECRET a42273956ef21cc15681f14c345eb360f257365bfbaf716038385b60eb0c9c8d 89a32a802942c142d4d0ef20d37bfb8337e047091f7dac8a80b4d40b7c91bfb0f03b790ee467581229cf0f46986bbea5
CLIENT_HANDSHAKE_TRAFFIC_SECRET a42273956ef21cc15681f14c345eb360f257365bfbaf716038385b60eb0c9c8d de277ea3b20112e3434f8150a8db2771c5012d164a771b034bb7b11ce8f5d429cf2fe4f110edc0f7b3b65a59a2de5a86
SERVER_TRAFFIC_SECRET_0 a42273956ef21cc15681f14c345eb360f257365bfbaf716038385b60eb0c9c8d 8673716a3ed32fbf8a9dc5a671b60018a69b7007865ecb4eb4b3281eb4772d877061ee3c80d0a960140e8063f9c6f4cf
CLIENT_TRAFFIC_SECRET_0 a42273956ef21cc15681f14c345eb360f257365bfbaf716038385b60eb0c9c8d 0239a1b138b708ff485b67dca99d86d7ec62d27c8905a1b606e1b586f189485c29ee0feeb5d72b1d299ecdb2e9b9071e
CLIENT_TRAFFIC_SECRET_0 a42273956ef21cc15681f14c345eb360f257365bfbaf716038385b60eb0c9c8d 0239a1b138b708ff485b67dca99d86d7ec62d27c8905a1b606e1b586f189485c29ee0feeb5d72b1d299ecdb2e9b9071e
SERVER_HANDSHAKE_TRAFFIC_SECRET 74852ec196f66191720897453e60b122449bb159bfa9baa80f9f321daf83fd82 5ddddbf23886befab69fb5ef0f9daf38ffa071a296e97555b648a35144a466ffe1d83d03adccb9ca04f8242fd2866735
CLIENT_HANDSHAKE_TRAFFIC_SECRET 74852ec196f66191720897453e60b122449bb159bfa9baa80f9f321daf83fd82 27b2c17506b6f8b6ddef661a9ae65a7fe7c76cc7aec0eafb9c911b672f274b9e4bf05637532142eef7d7662ba43a3772
SERVER_TRAFFIC_SECRET_0 74852ec196f66191720897453e60b122449bb159bfa9baa80f9f321daf83fd82 ebd1b8988accded6d7b174d808923c099355b275c1fc96dedcb461cb427e7d3f85f1356150d9dda8a240bfd1021b644a
EXPORTER_SECRET 74852ec196f66191720897453e60b122449bb159bfa9baa80f9f321daf83fd82 defbe65b2e9eb1eaeaca3b88ab0ef0f6e26b8452f7630f36b63a97eeb32374c32d550ea8cf38cf58516fe20cd36ce1b5
CLIENT_TRAFFIC_SECRET_0 74852ec196f66191720897453e60b122449bb159bfa9baa80f9f321daf83fd82 c8351e1bcb980c9df88db03db5a7d894a955f061a635c685994d5b6babe37bc58ec2b4916b8569150ab9b92b02c9e653
SERVER_HANDSHAKE_TRAFFIC_SECRET 74852ec196f66191720897453e60b122449bb159bfa9baa80f9f321daf83fd82 5ddddbf23886befab69fb5ef0f9daf38ffa071a296e97555b648a35144a466ffe1d83d03adccb9ca04f8242fd2866735
CLIENT_HANDSHAKE_TRAFFIC_SECRET 74852ec196f66191720897453e60b122449bb159bfa9baa80f9f321daf83fd82 27b2c17506b6f8b6ddef661a9ae65a7fe7c76cc7aec0eafb9c911b672f274b9e4bf05637532142eef7d7662ba43a3772
SERVER_TRAFFIC_SECRET_0 74852ec196f66191720897453e60b122449bb159bfa9baa80f9f321daf83fd82 ebd1b8988accded6d7b174d808923c099355b275c1fc96dedcb461cb427e7d3f85f1356150d9dda8a240bfd1021b644a
CLIENT_TRAFFIC_SECRET_0 74852ec196f66191720897453e60b122449bb159bfa9baa80f9f321daf83fd82 c8351e1bcb980c9df88db03db5a7d894a955f061a635c685994d5b6babe37bc58ec2b4916b8569150ab9b92b02c9e653
CLIENT_TRAFFIC_SECRET_0 74852ec196f66191720897453e60b122449bb159bfa9baa80f9f321daf83fd82 c8351e1bcb980c9df88db03db5a7d894a955f061a635c685994d5b6babe37bc58ec2b4916b8569150ab9b92b02c9e653
SERVER_HANDSHAKE_TRAFFIC_SECRET 994a55a7bf9cf8bf9b9d4f3209aa89360a6317934cc671cba328e58d6d79ae8c a29890f5b9564f87bc437d7e1d11d7a8a2f17856131bb7cce72105015650801e8ad8806ee9b241120c1e72cb451b95be
CLIENT_HANDSHAKE_TRAFFIC_SECRET 994a55a7bf9cf8bf9b9d4f3209aa89360a6317934cc671cba328e58d6d79ae8c a946aa8cd9e7ceb9da8a913e6be3af9a5a0ecc93d850a43708a9a11b7f4a783e18f33487bef6d7b766af82ca907e07be
SERVER_TRAFFIC_SECRET_0 994a55a7bf9cf8bf9b9d4f3209aa89360a6317934cc671cba328e58d6d79ae8c 481cec9ccc138395dfe7574e262e4bf8853d10eaaf81190c9b484210dfa7d30dd0d5849e7ccd661ed21d3ed206a765d4
EXPORTER_SECRET 994a55a7bf9cf8bf9b9d4f3209aa89360a6317934cc671cba328e58d6d79ae8c cf6691a7eac8cf222a68d06139f93aeef466ec5bcec9bac774b98ab148b7c264aca774ec9414d4234ec4b00b59974a27
CLIENT_TRAFFIC_SECRET_0 994a55a7bf9cf8bf9b9d4f3209aa89360a6317934cc671cba328e58d6d79ae8c b36f553bf898d47a8fc2b94551a49991a80d65f81f07d83466d5617995e05604ffc5cc5a2df21655a5bc6904c6afebb5
SERVER_HANDSHAKE_TRAFFIC_SECRET 994a55a7bf9cf8bf9b9d4f3209aa89360a6317934cc671cba328e58d6d79ae8c a29890f5b9564f87bc437d7e1d11d7a8a2f17856131bb7cce72105015650801e8ad8806ee9b241120c1e72cb451b95be
CLIENT_HANDSHAKE_TRAFFIC_SECRET 994a55a7bf9cf8bf9b9d4f3209aa89360a6317934cc671cba328e58d6d79ae8c a946aa8cd9e7ceb9da8a913e6be3af9a5a0ecc93d850a43708a9a11b7f4a783e18f33487bef6d7b766af82ca907e07be
SERVER_TRAFFIC_SECRET_0 994a55a7bf9cf8bf9b9d4f3209aa89360a6317934cc671cba328e58d6d79ae8c 481cec9ccc138395dfe7574e262e4bf8853d10eaaf81190c9b484210dfa7d30dd0d5849e7ccd661ed21d3ed206a765d4
CLIENT_TRAFFIC_SECRET_0 994a55a7bf9cf8bf9b9d4f3209aa89360a6317934cc671cba328e58d6d79ae8c b36f553bf898d47a8fc2b94551a49991a80d65f81f07d83466d5617995e05604ffc5cc5a2df21655a5bc6904c6afebb5
CLIENT_TRAFFIC_SECRET_0 994a55a7bf9cf8bf9b9d4f3209aa89360a6317934cc671cba328e58d6d79ae8c b36f553bf898d47a8fc2b94551a49991a80d65f81f07d83466d5617995e05604ffc5cc5a2df21655a5bc6904c6afebb5
SERVER_HANDSHAKE_TRAFFIC_SECRET 6d50d53c0040f865e8597c65a96deda24a7446d6e7a2fc64b192688aac965721 2573d25cf72a65e9702e9250bf0a87c93de058e2b47e80f4e31b9cd06599d9e94bc46c0506af659405445b0e1f00ecbb
CLIENT_HANDSHAKE_TRAFFIC_SECRET 6d50d53c0040f865e8597c65a96deda24a7446d6e7a2fc64b192688aac965721 58d2e90e50f7632f44929f3e863bd0137e189c3735bf5a04a175822395dbb8d97f9652f1555986d381300b9fbf108cb3
SERVER_TRAFFIC_SECRET_0 6d50d53c0040f865e8597c65a96deda24a7446d6e7a2fc64b192688aac965721 9c1d712bdc7e0815941f0e8af823e7fa8a5b884dfcce208aa63fa9c49f1588149a2c5323f59e2340ff7407a5c42c055c
EXPORTER_SECRET 6d50d53c0040f865e8597c65a96deda24a7446d6e7a2fc64b192688aac965721 049ae0de287800d8fa6d74704e0771d0a9ea3bad8af3a4006c3322cac8164c821847d74a6e4bcacb660f389cbeae72e1
CLIENT_TRAFFIC_SECRET_0 6d50d53c0040f865e8597c65a96deda24a7446d6e7a2fc64b192688aac965721 1820e0ad58501b4d482bfd25939520ebfd3e4a331b434384828f34df1e6e57fb2a35386a5135fcf9f72c04bf95285ec9
SERVER_HANDSHAKE_TRAFFIC_SECRET 6d50d53c0040f865e8597c65a96deda24a7446d6e7a2fc64b192688aac965721 2573d25cf72a65e9702e9250bf0a87c93de058e2b47e80f4e31b9cd06599d9e94bc46c0506af659405445b0e1f00ecbb
CLIENT_HANDSHAKE_TRAFFIC_SECRET 6d50d53c0040f865e8597c65a96deda24a7446d6e7a2fc64b192688aac965721 58d2e90e50f7632f44929f3e863bd0137e189c3735bf5a04a175822395dbb8d97f9652f1555986d381300b9fbf108cb3
SERVER_TRAFFIC_SECRET_0 6d50d53c0040f865e8597c65a96deda24a7446d6e7a2fc64b192688aac965721 9c1d712bdc7e0815941f0e8af823e7fa8a5b884dfcce208aa63fa9c49f1588149a2c5323f59e2340ff7407a5c42c055c
CLIENT_TRAFFIC_SECRET_0 6d50d53c0040f865e8597c65a96deda24a7446d6e7a2fc64b192688aac965721 1820e0ad58501b4d482bfd25939520ebfd3e4a331b434384828f34df1e6e57fb2a35386a5135fcf9f72c04bf95285ec9
CLIENT_TRAFFIC_SECRET_0 6d50d53c0040f865e8597c65a96deda24a7446d6e7a2fc64b192688aac965721 1820e0ad58501b4d482bfd25939520ebfd3e4a331b434384828f34df1e6e57fb2a35386a5135fcf9f72c04bf95285ec9
SERVER_HANDSHAKE_TRAFFIC_SECRET 137032333089794e30c6dc6e984e6e9e3b09fd509e805c4c27117ef0fe279a75 354f6b99ffba7cbaa154a15428fc9c0e6db8816dfc957264b518919bdc8691c9c5112990ba1cb1662c28301e6da3d13c
CLIENT_HANDSHAKE_TRAFFIC_SECRET 137032333089794e30c6dc6e984e6e9e3b09fd509e805c4c27117ef0fe279a75 88cf2d107a33effef92366f7a20be19d93df941dd5fcb52f5c24512578dcf676bd1dfa3f4693a9873c9dd1047584d68f
SERVER_TRAFFIC_SECRET_0 137032333089794e30c6dc6e984e6e9e3b09fd509e805c4c27117ef0fe279a75 4d4964567de6bfd23993e57b95488e2c5ce947266bdb843f1041747bd5ed11955451077a842c5142323f720c30de0963
EXPORTER_SECRET 137032333089794e30c6dc6e984e6e9e3b09fd509e805c4c27117ef0fe279a75 b25b2ee9478209c54583c49781668097de2b45f4be15c193dfea55d79f1a9eb539dfa19433d464bba651b8b9172a965f
CLIENT_TRAFFIC_SECRET_0 137032333089794e30c6dc6e984e6e9e3b09fd509e805c4c27117ef0fe279a75 46e4a5101b8097ebf3f50bc312e07eaa90b553362cc244f396fe0940ff97b1c25d5d026c6248ccce628d731e10772b32
SERVER_HANDSHAKE_TRAFFIC_SECRET 137032333089794e30c6dc6e984e6e9e3b09fd509e805c4c27117ef0fe279a75 354f6b99ffba7cbaa154a15428fc9c0e6db8816dfc957264b518919bdc8691c9c5112990ba1cb1662c28301e6da3d13c
CLIENT_HANDSHAKE_TRAFFIC_SECRET 137032333089794e30c6dc6e984e6e9e3b09fd509e805c4c27117ef0fe279a75 88cf2d107a33effef92366f7a20be19d93df941dd5fcb52f5c24512578dcf676bd1dfa3f4693a9873c9dd1047584d68f
SERVER_TRAFFIC_SECRET_0 137032333089794e30c6dc6e984e6e9e3b09fd509e805c4c27117ef0fe279a75 4d4964567de6bfd23993e57b95488e2c5ce947266bdb843f1041747bd5ed11955451077a842c5142323f720c30de0963
CLIENT_TRAFFIC_SECRET_0 137032333089794e30c6dc6e984e6e9e3b09fd509e805c4c27117ef0fe279a75 46e4a5101b8097ebf3f50bc312e07eaa90b553362cc244f396fe0940ff97b1c25d5d026c6248ccce628d731e10772b32
CLIENT_TRAFFIC_SECRET_0 137032333089794e30c6dc6e984e6e9e3b09fd509e805c4c27117ef0fe279a75 46e4a5101b8097ebf3f50bc312e07eaa90b553362cc244f396fe0940ff97b1c25d5d026c6248ccce628d731e10772b32
SERVER_HANDSHAKE_TRAFFIC_SECRET 98032f60adce36c9e1091954470e0c4e4fbd9f04b551e6173ee32c1949e847b2 807707eef252327145804887a1bd824622e440de188d5821d41803db6f1dd7cb47515e2cf087aae60f8293d3c8e55666
CLIENT_HANDSHAKE_TRAFFIC_SECRET 98032f60adce36c9e1091954470e0c4e4fbd9f04b551e6173ee32c1949e847b2 437db753cd00e3764c37ad9858a99fb9726bab7f4d0bfbe3053e13922d0020d4be26a0f6e9a214382ffa7ad54662b393
SERVER_TRAFFIC_SECRET_0 98032f60adce36c9e1091954470e0c4e4fbd9f04b551e6173ee32c1949e847b2 173be12b709ca2d6ab7b8160602c9707033d59fcdb8a70187a7a86a4f4cadc283d3a695112e9db2b80266cc92b6b5a29
EXPORTER_SECRET 98032f60adce36c9e1091954470e0c4e4fbd9f04b551e6173ee32c1949e847b2 c7763bc92b1a0146b96976dba190a05289d187ce1fa229613abbbcd921910b60b619d0bcd138f09324fbd7cb2e730bad
CLIENT_TRAFFIC_SECRET_0 98032f60adce36c9e1091954470e0c4e4fbd9f04b551e6173ee32c1949e847b2 d6dacd879455960c8d8a818e1d19fe8ef7c2f8973e197a0b3752121a79b32550b8d5c09b140d228f2f6d538c01d48d06
SERVER_HANDSHAKE_TRAFFIC_SECRET 98032f60adce36c9e1091954470e0c4e4fbd9f04b551e6173ee32c1949e847b2 807707eef252327145804887a1bd824622e440de188d5821d41803db6f1dd7cb47515e2cf087aae60f8293d3c8e55666
CLIENT_HANDSHAKE_TRAFFIC_SECRET 98032f60adce36c9e1091954470e0c4e4fbd9f04b551e6173ee32c1949e847b2 437db753cd00e3764c37ad9858a99fb9726bab7f4d0bfbe3053e13922d0020d4be26a0f6e9a214382ffa7ad54662b393
SERVER_TRAFFIC_SECRET_0 98032f60adce36c9e1091954470e0c4e4fbd9f04b551e6173ee32c1949e847b2 173be12b709ca2d6ab7b8160602c9707033d59fcdb8a70187a7a86a4f4cadc283d3a695112e9db2b80266cc92b6b5a29
CLIENT_TRAFFIC_SECRET_0 98032f60adce36c9e1091954470e0c4e4fbd9f04b551e6173ee32c1949e847b2 d6dacd879455960c8d8a818e1d19fe8ef7c2f8973e197a0b3752121a79b32550b8d5c09b140d228f2f6d538c01d48d06
CLIENT_TRAFFIC_SECRET_0 98032f60adce36c9e1091954470e0c4e4fbd9f04b551e6173ee32c1949e847b2 d6dacd879455960c8d8a818e1d19fe8ef7c2f8973e197a0b3752121a79b32550b8d5c09b140d228f2f6d538c01d48d06
SERVER_HANDSHAKE_TRAFFIC_SECRET 8dec66c1b8a8bbe8045540af2500f9a79ad2db1546d1de1b386c4acd937f3653 eaea2042558a8ddd67f3e5dc889d92c15e359b06bf6f86de50efb99651b9c5236f6eccaec021edd85d403df55b4e5743
CLIENT_HANDSHAKE_TRAFFIC_SECRET 8dec66c1b8a8bbe8045540af2500f9a79ad2db1546d1de1b386c4acd937f3653 4fa9dfeb60fbad48cb5d464bf2224cd8295468470724d2bb2778c5365f4f3a786391dc456d646ad95f57700c53251644
SERVER_TRAFFIC_SECRET_0 8dec66c1b8a8bbe8045540af2500f9a79ad2db1546d1de1b386c4acd937f3653 1889f7a3c7b5a26aba255cc68b244e8a7c3db1db8b3ea5486c44ad2a6387a588fecb3e863e0c18af38a2fe9ca1b7c3f8
EXPORTER_SECRET 8dec66c1b8a8bbe8045540af2500f9a79ad2db1546d1de1b386c4acd937f3653 e40cb34f58259d136d46b7d776f6c0549ab5706da47650518b7fcb7f15dc112f13dbf618b93ea7a6614fd76a345d24ad
CLIENT_TRAFFIC_SECRET_0 8dec66c1b8a8bbe8045540af2500f9a79ad2db1546d1de1b386c4acd937f3653 6a0757a3973ead4ca151272422414f4ce44a4804e2d7e87ad194c6b1cc30755b6e4ef10bc98c8ed93373128d8f352ef9
SERVER_HANDSHAKE_TRAFFIC_SECRET 8dec66c1b8a8bbe8045540af2500f9a79ad2db1546d1de1b386c4acd937f3653 eaea2042558a8ddd67f3e5dc889d92c15e359b06bf6f86de50efb99651b9c5236f6eccaec021edd85d403df55b4e5743
CLIENT_HANDSHAKE_TRAFFIC_SECRET 8dec66c1b8a8bbe8045540af2500f9a79ad2db1546d1de1b386c4acd937f3653 4fa9dfeb60fbad48cb5d464bf2224cd8295468470724d2bb2778c5365f4f3a786391dc456d646ad95f57700c53251644
SERVER_TRAFFIC_SECRET_0 8dec66c1b8a8bbe8045540af2500f9a79ad2db1546d1de1b386c4acd937f3653 1889f7a3c7b5a26aba255cc68b244e8a7c3db1db8b3ea5486c44ad2a6387a588fecb3e863e0c18af38a2fe9ca1b7c3f8
CLIENT_TRAFFIC_SECRET_0 8dec66c1b8a8bbe8045540af2500f9a79ad2db1546d1de1b386c4acd937f3653 6a0757a3973ead4ca151272422414f4ce44a4804e2d7e87ad194c6b1cc30755b6e4ef10bc98c8ed93373128d8f352ef9
CLIENT_TRAFFIC_SECRET_0 8dec66c1b8a8bbe8045540af2500f9a79ad2db1546d1de1b386c4acd937f3653 6a0757a3973ead4ca151272422414f4ce44a4804e2d7e87ad194c6b1cc30755b6e4ef10bc98c8ed93373128d8f352ef9
SERVER_HANDSHAKE_TRAFFIC_SECRET c3dc547cd824ac76a7a31140d1784176ec9764db3e638c065d8fb1ec815a94bc 389b18204b9db680956e0c744f1898c0450d881ae15784744dcbdb8e1adb4c73187e61fdb9ab4b96c0bd11c887c8c0db
CLIENT_HANDSHAKE_TRAFFIC_SECRET c3dc547cd824ac76a7a31140d1784176ec9764db3e638c065d8fb1ec815a94bc 6a294eba300c062e9ed929e6032db4465765ce8d161251ee07fbcf35c1d22ff134815cfe97bf3e84cac032e6443f881a
SERVER_TRAFFIC_SECRET_0 c3dc547cd824ac76a7a31140d1784176ec9764db3e638c065d8fb1ec815a94bc 0deb38783abd519ee4f621bd5becd9b86566f463c29f724f91f408b0919a95e1df22614b9e510326cc33089a0d2eabd7
EXPORTER_SECRET c3dc547cd824ac76a7a31140d1784176ec9764db3e638c065d8fb1ec815a94bc e605b070e6aaacd5be7ab2fe2e386d1ea2b79a7e28b80131fdf48b85ce7567a287262376f3e7985a33dc6903068edfed
CLIENT_TRAFFIC_SECRET_0 c3dc547cd824ac76a7a31140d1784176ec9764db3e638c065d8fb1ec815a94bc fead5b390ee71b890254447a45fc522a42795456d49c5aca62400dcc5aa99e94051f17682995c82449cfce48b42fb12a
SERVER_HANDSHAKE_TRAFFIC_SECRET c3dc547cd824ac76a7a31140d1784176ec9764db3e638c065d8fb1ec815a94bc 389b18204b9db680956e0c744f1898c0450d881ae15784744dcbdb8e1adb4c73187e61fdb9ab4b96c0bd11c887c8c0db
CLIENT_HANDSHAKE_TRAFFIC_SECRET c3dc547cd824ac76a7a31140d1784176ec9764db3e638c065d8fb1ec815a94bc 6a294eba300c062e9ed929e6032db4465765ce8d161251ee07fbcf35c1d22ff134815cfe97bf3e84cac032e6443f881a
SERVER_TRAFFIC_SECRET_0 c3dc547cd824ac76a7a31140d1784176ec9764db3e638c065d8fb1ec815a94bc 0deb38783abd519ee4f621bd5becd9b86566f463c29f724f91f408b0919a95e1df22614b9e510326cc33089a0d2eabd7
CLIENT_TRAFFIC_SECRET_0 c3dc547cd824ac76a7a31140d1784176ec9764db3e638c065d8fb1ec815a94bc fead5b390ee71b890254447a45fc522a42795456d49c5aca62400dcc5aa99e94051f17682995c82449cfce48b42fb12a
CLIENT_TRAFFIC_SECRET_0 c3dc547cd824ac76a7a31140d1784176ec9764db3e638c065d8fb1ec815a94bc fead5b390ee71b890254447a45fc522a42795456d49c5aca62400dcc5aa99e94051f17682995c82449cfce48b42fb12a
SERVER_HANDSHAKE_TRAFFIC_SECRET 59f749718d27e84ff2cccd0f36777192c893ad4b57e6540485b5fc4f875e5ed2 b3865d732a7c2e8c89249e2b84d0c7ca696d50dc26df88a6b41737a1a17258638e0e5b71b9201e145470c024b7d64ed9
CLIENT_HANDSHAKE_TRAFFIC_SECRET 59f749718d27e84ff2cccd0f36777192c893ad4b57e6540485b5fc4f875e5ed2 4c17bdd0dff61b6c5377d20439f14dca0b4a42a81f80493efbbe0566d5e5c1b902d19a16dfcc4dde91bbd4060ada2848
SERVER_TRAFFIC_SECRET_0 59f749718d27e84ff2cccd0f36777192c893ad4b57e6540485b5fc4f875e5ed2 e71db8baaf3478df37a787ad188e8667cc816e6a7f3c88f12976a21aaf63853302edc00142c1b1dce5a76f3ebb806156
EXPORTER_SECRET 59f749718d27e84ff2cccd0f36777192c893ad4b57e6540485b5fc4f875e5ed2 a8cd5b9d635e2c564bfe29442d12c3045556a66f1050b8b4bf17eee1f31f9ae9241ae35584beebddd66fbe216d3edd17
CLIENT_TRAFFIC_SECRET_0 59f749718d27e84ff2cccd0f36777192c893ad4b57e6540485b5fc4f875e5ed2 6d7426815d00521b7f753d9ccb0b3c4b611043ad37541ade6eb39747ef5b4a1f2bc614ebd102adb3efec18b281dd6d5d
SERVER_HANDSHAKE_TRAFFIC_SECRET 59f749718d27e84ff2cccd0f36777192c893ad4b57e6540485b5fc4f875e5ed2 b3865d732a7c2e8c89249e2b84d0c7ca696d50dc26df88a6b41737a1a17258638e0e5b71b9201e145470c024b7d64ed9
CLIENT_HANDSHAKE_TRAFFIC_SECRET 59f749718d27e84ff2cccd0f36777192c893ad4b57e6540485b5fc4f875e5ed2 4c17bdd0dff61b6c5377d20439f14dca0b4a42a81f80493efbbe0566d5e5c1b902d19a16dfcc4dde91bbd4060ada2848
SERVER_TRAFFIC_SECRET_0 59f749718d27e84ff2cccd0f36777192c893ad4b57e6540485b5fc4f875e5ed2 e71db8baaf3478df37a787ad188e8667cc816e6a7f3c88f12976a21aaf63853302edc00142c1b1dce5a76f3ebb806156
CLIENT_TRAFFIC_SECRET_0 59f749718d27e84ff2cccd0f36777192c893ad4b57e6540485b5fc4f875e5ed2 6d7426815d00521b7f753d9ccb0b3c4b611043ad37541ade6eb39747ef5b4a1f2bc614ebd102adb3efec18b281dd6d5d
CLIENT_TRAFFIC_SECRET_0 59f749718d27e84ff2cccd0f36777192c893ad4b57e6540485b5fc4f875e5ed2 6d7426815d00521b7f753d9ccb0b3c4b611043ad37541ade6eb39747ef5b4a1f2bc614ebd102adb3efec18b281dd6d5d
SERVER_HANDSHAKE_TRAFFIC_SECRET 0f34651d82f1445050a8f54f4d5917fbce959fcdcb51ddc7bd1a094d94a2c39f c568a2e0d404d1c93e7512689549e949fedf491726b1b5ebdfa239ff78b386950864b0dfc4e067b7a44452c166008ba1
CLIENT_HANDSHAKE_TRAFFIC_SECRET 0f34651d82f1445050a8f54f4d5917fbce959fcdcb51ddc7bd1a094d94a2c39f ece1bd22f1c51abd3f22e549b0455fc4239f29b6a30a76c872aa8b4d41831ec6bcf8c85ff0d45f6b2cddc0d08cdd844b
SERVER_TRAFFIC_SECRET_0 0f34651d82f1445050a8f54f4d5917fbce959fcdcb51ddc7bd1a094d94a2c39f 44bbe94484253398f432bc68d8258eaa64746e727a098f9962f00d5501f32af2022dafddfed2f92fb8f6f40fe924089c
EXPORTER_SECRET 0f34651d82f1445050a8f54f4d5917fbce959fcdcb51ddc7bd1a094d94a2c39f 5d981163ef1356cf2e07a3baea31b35136866f2520bdaf7b944c440d68c7f22b9d2a6c0317de6b3aee272208f8f86ae1
CLIENT_TRAFFIC_SECRET_0 0f34651d82f1445050a8f54f4d5917fbce959fcdcb51ddc7bd1a094d94a2c39f 95731987ffad61dcc37ddf218c3a27c3549c778b6cd990e39f4ea7ddc57799b40eb514846662cd71f435380339fbb7a2
SERVER_HANDSHAKE_TRAFFIC_SECRET 0f34651d82f1445050a8f54f4d5917fbce959fcdcb51ddc7bd1a094d94a2c39f c568a2e0d404d1c93e7512689549e949fedf491726b1b5ebdfa239ff78b386950864b0dfc4e067b7a44452c166008ba1
CLIENT_HANDSHAKE_TRAFFIC_SECRET 0f34651d82f1445050a8f54f4d5917fbce959fcdcb51ddc7bd1a094d94a2c39f ece1bd22f1c51abd3f22e549b0455fc4239f29b6a30a76c872aa8b4d41831ec6bcf8c85ff0d45f6b2cddc0d08cdd844b
SERVER_TRAFFIC_SECRET_0 0f34651d82f1445050a8f54f4d5917fbce959fcdcb51ddc7bd1a094d94a2c39f 44bbe94484253398f432bc68d8258eaa64746e727a098f9962f00d5501f32af2022dafddfed2f92fb8f6f40fe924089c
CLIENT_TRAFFIC_SECRET_0 0f34651d82f1445050a8f54f4d5917fbce959fcdcb51ddc7bd1a094d94a2c39f 95731987ffad61dcc37ddf218c3a27c3549c778b6cd990e39f4ea7ddc57799b40eb514846662cd71f435380339fbb7a2
CLIENT_TRAFFIC_SECRET_0 0f34651d82f1445050a8f54f4d5917fbce959fcdcb51ddc7bd1a094d94a2c39f 95731987ffad61dcc37ddf218c3a27c3549c778b6cd990e39f4ea7ddc57799b40eb514846662cd71f435380339fbb7a2
SERVER_HANDSHAKE_TRAFFIC_SECRET 5b02b187e25219842174ba59c11661aa12fd638f7176f7d94e9039ca2896a444 c0f1b9f3ecc502aa5078c07c131f8792344df92127f6a6601f4032333e39e739cff3f2e4e6c58d12e259bcc4387d054d
CLIENT_HANDSHAKE_TRAFFIC_SECRET 5b02b187e25219842174ba59c11661aa12fd638f7176f7d94e9039ca2896a444 e227bd5e2c78775d0b4ad474588d5c075e9d6855b68c2b6e1bf6e173f880ff5b7df8d2cfe6ca53ccad419e5babd44f8e
SERVER_TRAFFIC_SECRET_0 5b02b187e25219842174ba59c11661aa12fd638f7176f7d94e9039ca2896a444 a45ef1baeb7e650a7d20ef0d37df3bf2cf1c3f4c2d206ccc6ef485aae453ce7f16a1781b25e2a9a49b974c6cbaf1cc73
EXPORTER_SECRET 5b02b187e25219842174ba59c11661aa12fd638f7176f7d94e9039ca2896a444 47f18e27beab38e2759c14e5e0f8b4b9ef61cfa74a6dda2d770ffe5b79f81ee5f2c4bea8ed282a44af239d1fe5ed9678
CLIENT_TRAFFIC_SECRET_0 5b02b187e25219842174ba59c11661aa12fd638f7176f7d94e9039ca2896a444 1d84089ee776f78c074370c90f4b1dc70909b14defba7b65e0f1e7cc89158a29ab62dfa2dd591f6dd53d8acbc3d03589
SERVER_HANDSHAKE_TRAFFIC_SECRET 5b02b187e25219842174ba59c11661aa12fd638f7176f7d94e9039ca2896a444 c0f1b9f3ecc502aa5078c07c131f8792344df92127f6a6601f4032333e39e739cff3f2e4e6c58d12e259bcc4387d054d
CLIENT_HANDSHAKE_TRAFFIC_SECRET 5b02b187e25219842174ba59c11661aa12fd638f7176f7d94e9039ca2896a444 e227bd5e2c78775d0b4ad474588d5c075e9d6855b68c2b6e1bf6e173f880ff5b7df8d2cfe6ca53ccad419e5babd44f8e
SERVER_TRAFFIC_SECRET_0 5b02b187e25219842174ba59c11661aa12fd638f7176f7d94e9039ca2896a444 a45ef1baeb7e650a7d20ef0d37df3bf2cf1c3f4c2d206ccc6ef485aae453ce7f16a1781b25e2a9a49b974c6cbaf1cc73
CLIENT_TRAFFIC_SECRET_0 5b02b187e25219842174ba59c11661aa12fd638f7176f7d94e9039ca2896a444 1d84089ee776f78c074370c90f4b1dc70909b14defba7b65e0f1e7cc89158a29ab62dfa2dd591f6dd53d8acbc3d03589
CLIENT_TRAFFIC_SECRET_0 5b02b187e25219842174ba59c11661aa12fd638f7176f7d94e9039ca2896a444 1d84089ee776f78c074370c90f4b1dc70909b14defba7b65e0f1e7cc89158a29ab62dfa2dd591f6dd53d8acbc3d03589
SERVER_HANDSHAKE_TRAFFIC_SECRET d8eb109cd611dafb663c9d5184180ad454423b4a08f0b2f1d5251da60871d767 ec80d55fe374a620b441405550718d9b550395085f54f4d2b4cb4540973602d94ccd3b10d526076861eb169bbc7a6a62
CLIENT_HANDSHAKE_TRAFFIC_SECRET d8eb109cd611dafb663c9d5184180ad454423b4a08f0b2f1d5251da60871d767 a3e068bee0bd7d73d9b1f7480da0b48ef2b29bb05a29e3d2dd76c310b1c3844ddb8e6e7b9dbc9779e9ad5bc1b483bc1c
SERVER_TRAFFIC_SECRET_0 d8eb109cd611dafb663c9d5184180ad454423b4a08f0b2f1d5251da60871d767 a6337d0595e0ad75492dabc0aa6f6a766e1f0309b991b19b6bc9e6e8c1caea956f41b63b48783d5fa186c8527dc602cd
EXPORTER_SECRET d8eb109cd611dafb663c9d5184180ad454423b4a08f0b2f1d5251da60871d767 a17cd30fe7eefe0d317b484f6392e1d31d63a6fd89d8ea546f2dc424f2d05cb3a2d5b0beddf9d5cf714240afc1798882
CLIENT_TRAFFIC_SECRET_0 d8eb109cd611dafb663c9d5184180ad454423b4a08f0b2f1d5251da60871d767 0845d105bd74b782c0a5139800bc2bdd57e4b4b15ed82c0f3e43c8bbd98e835a85b3229d6521b361722c18167238a511
SERVER_HANDSHAKE_TRAFFIC_SECRET d8eb109cd611dafb663c9d5184180ad454423b4a08f0b2f1d5251da60871d767 ec80d55fe374a620b441405550718d9b550395085f54f4d2b4cb4540973602d94ccd3b10d526076861eb169bbc7a6a62
CLIENT_HANDSHAKE_TRAFFIC_SECRET d8eb109cd611dafb663c9d5184180ad454423b4a08f0b2f1d5251da60871d767 a3e068bee0bd7d73d9b1f7480da0b48ef2b29bb05a29e3d2dd76c310b1c3844ddb8e6e7b9dbc9779e9ad5bc1b483bc1c
SERVER_TRAFFIC_SECRET_0 d8eb109cd611dafb663c9d5184180ad454423b4a08f0b2f1d5251da60871d767 a6337d0595e0ad75492dabc0aa6f6a766e1f0309b991b19b6bc9e6e8c1caea956f41b63b48783d5fa186c8527dc602cd
CLIENT_TRAFFIC_SECRET_0 d8eb109cd611dafb663c9d5184180ad454423b4a08f0b2f1d5251da60871d767 0845d105bd74b782c0a5139800bc2bdd57e4b4b15ed82c0f3e43c8bbd98e835a85b3229d6521b361722c18167238a511
CLIENT_TRAFFIC_SECRET_0 d8eb109cd611dafb663c9d5184180ad454423b4a08f0b2f1d5251da60871d767 0845d105bd74b782c0a5139800bc2bdd57e4b4b15ed82c0f3e43c8bbd98e835a85b3229d6521b361722c18167238a511
SERVER_HANDSHAKE_TRAFFIC_SECRET d9de1b0557a0525524156d2ddcfe32662001f002483e24c6568031544eeb1f73 076b249526cafbae0ae4fca3a83608d2ffc675147ad84ed3a7a6c53fda2b8552a58b4935916a659b5d97fb322bbbfc31
CLIENT_HANDSHAKE_TRAFFIC_SECRET d9de1b0557a0525524156d2ddcfe32662001f002483e24c6568031544eeb1f73 5ea832ba75a7194d71e045cd4ee6a99ebb810dd164e283dcaa4522c4f0ca3bfdda042fd65f805def2d12ed6926645ae6
SERVER_TRAFFIC_SECRET_0 d9de1b0557a0525524156d2ddcfe32662001f002483e24c6568031544eeb1f73 c6c96c8bf4d831534f0195c187db3d5737fbce70fce59fea9d8cb0058d461bbb418a18927c8523752741c1a2078eab11
EXPORTER_SECRET d9de1b0557a0525524156d2ddcfe32662001f002483e24c6568031544eeb1f73 5a457419cd8bc947adde79efd622548d9fa75c47a9ccdf5211137e266eecf926b05f4df167b7ad51278a9276fd4a4f61
CLIENT_TRAFFIC_SECRET_0 d9de1b0557a0525524156d2ddcfe32662001f002483e24c6568031544eeb1f73 69cbbddf2d88a82b1c8af6117c81e03e515006d4705efe3dc5ac4a01f1cddc92d5acfd81886ba128b6949ea65fc527a4
SERVER_HANDSHAKE_TRAFFIC_SECRET d9de1b0557a0525524156d2ddcfe32662001f002483e24c6568031544eeb1f73 076b249526cafbae0ae4fca3a83608d2ffc675147ad84ed3a7a6c53fda2b8552a58b4935916a659b5d97fb322bbbfc31
CLIENT_HANDSHAKE_TRAFFIC_SECRET d9de1b0557a0525524156d2ddcfe32662001f002483e24c6568031544eeb1f73 5ea832ba75a7194d71e045cd4ee6a99ebb810dd164e283dcaa4522c4f0ca3bfdda042fd65f805def2d12ed6926645ae6
SERVER_TRAFFIC_SECRET_0 d9de1b0557a0525524156d2ddcfe32662001f002483e24c6568031544eeb1f73 c6c96c8bf4d831534f0195c187db3d5737fbce70fce59fea9d8cb0058d461bbb418a18927c8523752741c1a2078eab11
CLIENT_TRAFFIC_SECRET_0 d9de1b0557a0525524156d2ddcfe32662001f002483e24c6568031544eeb1f73 69cbbddf2d88a82b1c8af6117c81e03e515006d4705efe3dc5ac4a01f1cddc92d5acfd81886ba128b6949ea65fc527a4
CLIENT_TRAFFIC_SECRET_0 d9de1b0557a0525524156d2ddcfe32662001f002483e24c6568031544eeb1f73 69cbbddf2d88a82b1c8af6117c81e03e515006d4705efe3dc5ac4a01f1cddc92d5acfd81886ba128b6949ea65fc527a4
SERVER_HANDSHAKE_TRAFFIC_SECRET 8520720ff6b559204aeff180e1b95cbcd5a20d63c3d80454c21513d2ad0e9233 fc2dfa81b8739d256993860dde1d6616bac952fa3042b97f16be74e078d700426398e880c8878040524b4edd745c8a56
CLIENT_HANDSHAKE_TRAFFIC_SECRET 8520720ff6b559204aeff180e1b95cbcd5a20d63c3d80454c21513d2ad0e9233 ce8af5aaa8584980ae89ad90d54e2a37d63625a68f52a82daeb59289856ff39f4bae0e22a848961c6344e281743e8b74
SERVER_TRAFFIC_SECRET_0 8520720ff6b559204aeff180e1b95cbcd5a20d63c3d80454c21513d2ad0e9233 a9575fb4a713b076eaf5f4b7a1f34b76fc3c4533233d4dddae5cc2e7c5de04b2c4cadecfcd7f4036d5a62efeb5d9e2ef
EXPORTER_SECRET 8520720ff6b559204aeff180e1b95cbcd5a20d63c3d80454c21513d2ad0e9233 9229cdb66a498027e6fe5e25d63526c5e0d3dc3f2d2d60fb303a5b5eede04f73400f41fdc739c95c7fe29c96606e5734
CLIENT_TRAFFIC_SECRET_0 8520720ff6b559204aeff180e1b95cbcd5a20d63c3d80454c21513d2ad0e9233 247914dfafa8ae1909fb6239651d89a6c2ef82093e086fcebd3d1113836c437666b1b4f8e2417da02b7acf38ab3a184b
SERVER_HANDSHAKE_TRAFFIC_SECRET 8520720ff6b559204aeff180e1b95cbcd5a20d63c3d80454c21513d2ad0e9233 fc2dfa81b8739d256993860dde1d6616bac952fa3042b97f16be74e078d700426398e880c8878040524b4edd745c8a56
CLIENT_HANDSHAKE_TRAFFIC_SECRET 8520720ff6b559204aeff180e1b95cbcd5a20d63c3d80454c21513d2ad0e9233 ce8af5aaa8584980ae89ad90d54e2a37d63625a68f52a82daeb59289856ff39f4bae0e22a848961c6344e281743e8b74
SERVER_TRAFFIC_SECRET_0 8520720ff6b559204aeff180e1b95cbcd5a20d63c3d80454c21513d2ad0e9233 a9575fb4a713b076eaf5f4b7a1f34b76fc3c4533233d4dddae5cc2e7c5de04b2c4cadecfcd7f4036d5a62efeb5d9e2ef
CLIENT_TRAFFIC_SECRET_0 8520720ff6b559204aeff180e1b95cbcd5a20d63c3d80454c21513d2ad0e9233 247914dfafa8ae1909fb6239651d89a6c2ef82093e086fcebd3d1113836c437666b1b4f8e2417da02b7acf38ab3a184b
CLIENT_TRAFFIC_SECRET_0 8520720ff6b559204aeff180e1b95cbcd5a20d63c3d80454c21513d2ad0e9233 247914dfafa8ae1909fb6239651d89a6c2ef82093e086fcebd3d1113836c437666b1b4f8e2417da02b7acf38ab3a184b
SERVER_HANDSHAKE_TRAFFIC_SECRET 732e7fa045e7303fedf2a9b3b11bba731b9636c2de01776be10597282aa17426 520dde47aa4670c9b4a250254873e41ce198e408a2aa1544b844bdd5d11c952e1311ce8cff6ca169aad1bb407f708f8a
CLIENT_HANDSHAKE_TRAFFIC_SECRET 732e7fa045e7303fedf2a9b3b11bba731b9636c2de01776be10597282aa17426 fae1adafb75d0e4fdb7369d8c4678203a53a606811cf39b8a67d768e82fb40bfb18179a8222eb084a283d60a10fcef7d
SERVER_TRAFFIC_SECRET_0 732e7fa045e7303fedf2a9b3b11bba731b9636c2de01776be10597282aa17426 976a893a9049495e7303a658649a399577a0d768bc99f0053348e8c8322422bfd6dcdf00cceac3258f5ddfa995c637c2
EXPORTER_SECRET 732e7fa045e7303fedf2a9b3b11bba731b9636c2de01776be10597282aa17426 c3436cbf5c3a16f8d73def12745263c3113e9af9394d609819773be94d4730dcaee084125495ed4155474cee77a9da7f
CLIENT_TRAFFIC_SECRET_0 732e7fa045e7303fedf2a9b3b11bba731b9636c2de01776be10597282aa17426 a6083c7c04d71e40b3aecf316d5fb1f18d14a6e279d8dc24c220622f4e940e326c246a30f07f849be13a5ba1a6f444f6
SERVER_HANDSHAKE_TRAFFIC_SECRET 732e7fa045e7303fedf2a9b3b11bba731b9636c2de01776be10597282aa17426 520dde47aa4670c9b4a250254873e41ce198e408a2aa1544b844bdd5d11c952e1311ce8cff6ca169aad1bb407f708f8a
CLIENT_HANDSHAKE_TRAFFIC_SECRET 732e7fa045e7303fedf2a9b3b11bba731b9636c2de01776be10597282aa17426 fae1adafb75d0e4fdb7369d8c4678203a53a606811cf39b8a67d768e82fb40bfb18179a8222eb084a283d60a10fcef7d
SERVER_TRAFFIC_SECRET_0 732e7fa045e7303fedf2a9b3b11bba731b9636c2de01776be10597282aa17426 976a893a9049495e7303a658649a399577a0d768bc99f0053348e8c8322422bfd6dcdf00cceac3258f5ddfa995c637c2
CLIENT_TRAFFIC_SECRET_0 732e7fa045e7303fedf2a9b3b11bba731b9636c2de01776be10597282aa17426 a6083c7c04d71e40b3aecf316d5fb1f18d14a6e279d8dc24c220622f4e940e326c246a30f07f849be13a5ba1a6f444f6
CLIENT_TRAFFIC_SECRET_0 732e7fa045e7303fedf2a9b3b11bba731b9636c2de01776be10597282aa17426 a6083c7c04d71e40b3aecf316d5fb1f18d14a6e279d8dc24c220622f4e940e326c246a30f07f849be13a5ba1a6f444f6
SERVER_HANDSHAKE_TRAFFIC_SECRET 1ba25a8bdf5a00dcafd93e44a5324ed4c9eb3bb403e2e4c80d7835e4f75600f9 144fa234f1ba5d059363cb94d1369e0a52e4a45388349ba92feab21cab81c23e1a4b1ad67311db682dcf754b6e3e8fdf
CLIENT_HANDSHAKE_TRAFFIC_SECRET 1ba25a8bdf5a00dcafd93e44a5324ed4c9eb3bb403e2e4c80d7835e4f75600f9 6f518a60dd13c615491645ea5abd84f81b5301159a19ab67b1fa47d3ad410f74399fd1973b41d5b273cce0237f8f3585
SERVER_TRAFFIC_SECRET_0 1ba25a8bdf5a00dcafd93e44a5324ed4c9eb3bb403e2e4c80d7835e4f75600f9 f9d55b30da3b79980255e319e671e38af09e41a78b4c08c341509a71f26056cae727a1c8206b54a6d6f2ed9d7056326e
EXPORTER_SECRET 1ba25a8bdf5a00dcafd93e44a5324ed4c9eb3bb403e2e4c80d7835e4f75600f9 1e1ff2b16e2548c481e918ff4f9ac81258b1c6f72120221f3d79645bbb08c2ca374a4f2d7562bbc75321155abe2afae1
CLIENT_TRAFFIC_SECRET_0 1ba25a8bdf5a00dcafd93e44a5324ed4c9eb3bb403e2e4c80d7835e4f75600f9 68ab7db459f84e472a2f017a76b90bb79b02ae2f5f54fc070553c9a822b21fb45097f4a6d72d8be3356abc097890213e
SERVER_HANDSHAKE_TRAFFIC_SECRET 1ba25a8bdf5a00dcafd93e44a5324ed4c9eb3bb403e2e4c80d7835e4f75600f9 144fa234f1ba5d059363cb94d1369e0a52e4a45388349ba92feab21cab81c23e1a4b1ad67311db682dcf754b6e3e8fdf
CLIENT_HANDSHAKE_TRAFFIC_SECRET 1ba25a8bdf5a00dcafd93e44a5324ed4c9eb3bb403e2e4c80d7835e4f75600f9 6f518a60dd13c615491645ea5abd84f81b5301159a19ab67b1fa47d3ad410f74399fd1973b41d5b273cce0237f8f3585
SERVER_TRAFFIC_SECRET_0 1ba25a8bdf5a00dcafd93e44a5324ed4c9eb3bb403e2e4c80d7835e4f75600f9 f9d55b30da3b79980255e319e671e38af09e41a78b4c08c341509a71f26056cae727a1c8206b54a6d6f2ed9d7056326e
CLIENT_TRAFFIC_SECRET_0 1ba25a8bdf5a00dcafd93e44a5324ed4c9eb3bb403e2e4c80d7835e4f75600f9 68ab7db459f84e472a2f017a76b90bb79b02ae2f5f54fc070553c9a822b21fb45097f4a6d72d8be3356abc097890213e
CLIENT_TRAFFIC_SECRET_0 1ba25a8bdf5a00dcafd93e44a5324ed4c9eb3bb403e2e4c80d7835e4f75600f9 68ab7db459f84e472a2f017a76b90bb79b02ae2f5f54fc070553c9a822b21fb45097f4a6d72d8be3356abc097890213e
SERVER_HANDSHAKE_TRAFFIC_SECRET 374c826dc96e2ea613f45dad119a7ddb8573a47f260062b1a5aa0e9adccb7d5d 532c1bf96315f230710e8c912a1df5b027b263d624cdd6d2e866b38e191a9593c548a2a3a55b61c61d63faba2b38ec00
CLIENT_HANDSHAKE_TRAFFIC_SECRET 374c826dc96e2ea613f45dad119a7ddb8573a47f260062b1a5aa0e9adccb7d5d 3ae69433249d329df640193aa4646e0f93a51e73ea9d257d34f0a78315799ffdfa4a53fcb506642bc6e584f7c5c25ac9
SERVER_TRAFFIC_SECRET_0 374c826dc96e2ea613f45dad119a7ddb8573a47f260062b1a5aa0e9adccb7d5d 8a5b0c324cba8fe1ff2aaa05828c25999255017e93e0683efc590395137f78c7569729d2b193b8548fc579bf8f5e389e
EXPORTER_SECRET 374c826dc96e2ea613f45dad119a7ddb8573a47f260062b1a5aa0e9adccb7d5d 7450cf5e12fc61335cd07c2c1dd71ab4da3beaa48f1825d919bcdcf18770c02015fb0e28d77e06d7ac786f7edc3a1aa3
CLIENT_TRAFFIC_SECRET_0 374c826dc96e2ea613f45dad119a7ddb8573a47f260062b1a5aa0e9adccb7d5d eee8de57851e222ba9a57f492569d3f9265396e8b5c8b41aee329e8f5d661c0defb1d32e12923a2bda269906c846a096
SERVER_HANDSHAKE_TRAFFIC_SECRET 374c826dc96e2ea613f45dad119a7ddb8573a47f260062b1a5aa0e9adccb7d5d 532c1bf96315f230710e8c912a1df5b027b263d624cdd6d2e866b38e191a9593c548a2a3a55b61c61d63faba2b38ec00
CLIENT_HANDSHAKE_TRAFFIC_SECRET 374c826dc96e2ea613f45dad119a7ddb8573a47f260062b1a5aa0e9adccb7d5d 3ae69433249d329df640193aa4646e0f93a51e73ea9d257d34f0a78315799ffdfa4a53fcb506642bc6e584f7c5c25ac9
SERVER_TRAFFIC_SECRET_0 374c826dc96e2ea613f45dad119a7ddb8573a47f260062b1a5aa0e9adccb7d5d 8a5b0c324cba8fe1ff2aaa05828c25999255017e93e0683efc590395137f78c7569729d2b193b8548fc579bf8f5e389e
CLIENT_TRAFFIC_SECRET_0 374c826dc96e2ea613f45dad119a7ddb8573a47f260062b1a5aa0e9adccb7d5d eee8de57851e222ba9a57f492569d3f9265396e8b5c8b41aee329e8f5d661c0defb1d32e12923a2bda269906c846a096
CLIENT_TRAFFIC_SECRET_0 374c826dc96e2ea613f45dad119a7ddb8573a47f260062b1a5aa0e9adccb7d5d eee8de57851e222ba9a57f492569d3f9265396e8b5c8b41aee329e8f5d661c0defb1d32e12923a2bda269906c846a096
SERVER_HANDSHAKE_TRAFFIC_SECRET 8218d257144fb189956ddcc0c928427ff164b793482a2eaa87a221994bf67ce3 5d550a3f8248a234dc3371ae8f7dfb9444f356b30b9519d08f324bc0137fd3f782f024f26efea3d46fc0da513c3a5b98
CLIENT_HANDSHAKE_TRAFFIC_SECRET 8218d257144fb189956ddcc0c928427ff164b793482a2eaa87a221994bf67ce3 60098beff02da8fb608a126c47df6c058adce1ac26b923fdc026b28e49971de2bcbc6f754078c962b61a6ceaaa3ee4eb
SERVER_TRAFFIC_SECRET_0 8218d257144fb189956ddcc0c928427ff164b793482a2eaa87a221994bf67ce3 a2278ff07371ae26019db1baaaeaaeb04913f2ac807b1dd206699bf1b410a26fb690898b3399594a9208c4154309cddc
EXPORTER_SECRET 8218d257144fb189956ddcc0c928427ff164b793482a2eaa87a221994bf67ce3 f306a69147eb3da273cd338867830971f665d3ed6e07a3e271468e6aff0dbea07a8c8f0f3c1f62def3d2bcb80c0330c2
CLIENT_TRAFFIC_SECRET_0 8218d257144fb189956ddcc0c928427ff164b793482a2eaa87a221994bf67ce3 1feec943f7ee84788a0df673ae9ef0e220e4aaf58771b0a8a60599348f9795d24c6608c0ba933b12884790927b61ff52
SERVER_HANDSHAKE_TRAFFIC_SECRET 8218d257144fb189956ddcc0c928427ff164b793482a2eaa87a221994bf67ce3 5d550a3f8248a234dc3371ae8f7dfb9444f356b30b9519d08f324bc0137fd3f782f024f26efea3d46fc0da513c3a5b98
CLIENT_HANDSHAKE_TRAFFIC_SECRET 8218d257144fb189956ddcc0c928427ff164b793482a2eaa87a221994bf67ce3 60098beff02da8fb608a126c47df6c058adce1ac26b923fdc026b28e49971de2bcbc6f754078c962b61a6ceaaa3ee4eb
SERVER_TRAFFIC_SECRET_0 8218d257144fb189956ddcc0c928427ff164b793482a2eaa87a221994bf67ce3 a2278ff07371ae26019db1baaaeaaeb04913f2ac807b1dd206699bf1b410a26fb690898b3399594a9208c4154309cddc
CLIENT_TRAFFIC_SECRET_0 8218d257144fb189956ddcc0c928427ff164b793482a2eaa87a221994bf67ce3 1feec943f7ee84788a0df673ae9ef0e220e4aaf58771b0a8a60599348f9795d24c6608c0ba933b12884790927b61ff52
CLIENT_TRAFFIC_SECRET_0 8218d257144fb189956ddcc0c928427ff164b793482a2eaa87a221994bf67ce3 1feec943f7ee84788a0df673ae9ef0e220e4aaf58771b0a8a60599348f9795d24c6608c0ba933b12884790927b61ff52
SERVER_HANDSHAKE_TRAFFIC_SECRET f98a523c3d9c4e5b554164de959693206cf6a0733d541bbe55258f62dc5fdb6d 6136d2537fb99d8b34a31e97297e76bc3b0dc5b28267b00f6b96a9da4ce2f7ac9696e1380470a7dde6b51af1ec2317fa
CLIENT_HANDSHAKE_TRAFFIC_SECRET f98a523c3d9c4e5b554164de959693206cf6a0733d541bbe55258f62dc5fdb6d dbf50c91ebcf6f3d207331ba75db7826358bb1a20a685081400b078926d1c0f409b2a5e6307a4bde5e6892b13154f572
SERVER_TRAFFIC_SECRET_0 f98a523c3d9c4e5b554164de959693206cf6a0733d541bbe55258f62dc5fdb6d 9e07a4357296cb90ae0d54e715521718912446ed4e5b84024f3cd8228b5d352dbf51fd80464dac56851eed923c7b299c
EXPORTER_SECRET f98a523c3d9c4e5b554164de959693206cf6a0733d541bbe55258f62dc5fdb6d 779b9263840275fad77ecaba064d1609a3d37154d5cfaaf9ac9e4c744c6a523375b927595319526f94d294397c7570ae
CLIENT_TRAFFIC_SECRET_0 f98a523c3d9c4e5b554164de959693206cf6a0733d541bbe55258f62dc5fdb6d b5868b67e9d4b6bbb62ca957a1266410000da75d9b1f5b12a78d57ae1abd53ecab4d76d637084c16cd212bf1e783be8b
SERVER_HANDSHAKE_TRAFFIC_SECRET f98a523c3d9c4e5b554164de959693206cf6a0733d541bbe55258f62dc5fdb6d 6136d2537fb99d8b34a31e97297e76bc3b0dc5b28267b00f6b96a9da4ce2f7ac9696e1380470a7dde6b51af1ec2317fa
CLIENT_HANDSHAKE_TRAFFIC_SECRET f98a523c3d9c4e5b554164de959693206cf6a0733d541bbe55258f62dc5fdb6d dbf50c91ebcf6f3d207331ba75db7826358bb1a20a685081400b078926d1c0f409b2a5e6307a4bde5e6892b13154f572
SERVER_TRAFFIC_SECRET_0 f98a523c3d9c4e5b554164de959693206cf6a0733d541bbe55258f62dc5fdb6d 9e07a4357296cb90ae0d54e715521718912446ed4e5b84024f3cd8228b5d352dbf51fd80464dac56851eed923c7b299c
CLIENT_TRAFFIC_SECRET_0 f98a523c3d9c4e5b554164de959693206cf6a0733d541bbe55258f62dc5fdb6d b5868b67e9d4b6bbb62ca957a1266410000da75d9b1f5b12a78d57ae1abd53ecab4d76d637084c16cd212bf1e783be8b
CLIENT_TRAFFIC_SECRET_0 f98a523c3d9c4e5b554164de959693206cf6a0733d541bbe55258f62dc5fdb6d b5868b67e9d4b6bbb62ca957a1266410000da75d9b1f5b12a78d57ae1abd53ecab4d76d637084c16cd212bf1e783be8b
SERVER_HANDSHAKE_TRAFFIC_SECRET 4668b25ae913602de90aff5fe30f0d6d1acc134ffc513da9886a9155e09a2e79 7544a49ee9f237b1229b434bcf632e012e04c36a5dc6c064e8bd3695d1fc25fa843d2b0a812858d054c77904ec5e1291
CLIENT_HANDSHAKE_TRAFFIC_SECRET 4668b25ae913602de90aff5fe30f0d6d1acc134ffc513da9886a9155e09a2e79 939164e1ec404b4f1d4ef7b06f425135445d0f764d2fa80ca05e896a6b48d0d1b74d96e97994e4291c9cfabfd069deef
SERVER_TRAFFIC_SECRET_0 4668b25ae913602de90aff5fe30f0d6d1acc134ffc513da9886a9155e09a2e79 f763d455aa2bc0136e61211084b09421a11fa4334e370765ca23e7549dd626c0e5903c60eb1f2cb2349f83ca7f1d8514
EXPORTER_SECRET 4668b25ae913602de90aff5fe30f0d6d1acc134ffc513da9886a9155e09a2e79 dfca4f11bac8edf200c8ecb7b6ebb276968d4beb623838c91e9af0eba2e1ed2f92fa4143811da6619237ebde7fcba61c
CLIENT_TRAFFIC_SECRET_0 4668b25ae913602de90aff5fe30f0d6d1acc134ffc513da9886a9155e09a2e79 6f4f63a21ed8152e0f435a032e0cf655ff116a45dc211b6175295b7d7f9a11335b4aac88ee81de863d926c636166ed8b
SERVER_HANDSHAKE_TRAFFIC_SECRET 4668b25ae913602de90aff5fe30f0d6d1acc134ffc513da9886a9155e09a2e79 7544a49ee9f237b1229b434bcf632e012e04c36a5dc6c064e8bd3695d1fc25fa843d2b0a812858d054c77904ec5e1291
CLIENT_HANDSHAKE_TRAFFIC_SECRET 4668b25ae913602de90aff5fe30f0d6d1acc134ffc513da9886a9155e09a2e79 939164e1ec404b4f1d4ef7b06f425135445d0f764d2fa80ca05e896a6b48d0d1b74d96e97994e4291c9cfabfd069deef
SERVER_TRAFFIC_SECRET_0 4668b25ae913602de90aff5fe30f0d6d1acc134ffc513da9886a9155e09a2e79 f763d455aa2bc0136e61211084b09421a11fa4334e370765ca23e7549dd626c0e5903c60eb1f2cb2349f83ca7f1d8514
CLIENT_TRAFFIC_SECRET_0 4668b25ae913602de90aff5fe30f0d6d1acc134ffc513da9886a9155e09a2e79 6f4f63a21ed8152e0f435a032e0cf655ff116a45dc211b6175295b7d7f9a11335b4aac88ee81de863d926c636166ed8b
CLIENT_TRAFFIC_SECRET_0 4668b25ae913602de90aff5fe30f0d6d1acc134ffc513da9886a9155e09a2e79 6f4f63a21ed8152e0f435a032e0cf655ff116a45dc211b6175295b7d7f9a11335b4aac88ee81de863d926c636166ed8b
SERVER_HANDSHAKE_TRAFFIC_SECRET 652400b648e6dacbe90ea24c4683994daabbeb599184fa3ed3ef5a96ec2510ae d45b98f523a7cdccd5efa6beae3753e05225b2defd61e4bd3986bb628b460fc9e43eae5351880e1dc4880d2767fdba5b
CLIENT_HANDSHAKE_TRAFFIC_SECRET 652400b648e6dacbe90ea24c4683994daabbeb599184fa3ed3ef5a96ec2510ae b90b9d3ed019d9e6e12f26d0a07105884ecfa924fdadece55bb72f3ddf12a65729e7cc594ced59f74ad83600300324a5
SERVER_TRAFFIC_SECRET_0 652400b648e6dacbe90ea24c4683994daabbeb599184fa3ed3ef5a96ec2510ae f58164cd879e0f0a4ecc6c50681c10a8f9f6a8deb7bf7db12476055794cf4aa6fb9106fcec0ca740c3c950bacc3c8400
EXPORTER_SECRET 652400b648e6dacbe90ea24c4683994daabbeb599184fa3ed3ef5a96ec2510ae 0be398beda61bbbde621250ef64113580b6fea65a015867623fec316fe4a322539f40fbfaf102b3a1c78db911b7ac54b
CLIENT_TRAFFIC_SECRET_0 652400b648e6dacbe90ea24c4683994daabbeb599184fa3ed3ef5a96ec2510ae 9648d6f5e770e8678ab044ffa3058ed87d6b78e2818deae93fae1616f2eee255668537bf76781bd6772a42dbb92667af
SERVER_HANDSHAKE_TRAFFIC_SECRET 652400b648e6dacbe90ea24c4683994daabbeb599184fa3ed3ef5a96ec2510ae d45b98f523a7cdccd5efa6beae3753e05225b2defd61e4bd3986bb628b460fc9e43eae5351880e1dc4880d2767fdba5b
CLIENT_HANDSHAKE_TRAFFIC_SECRET 652400b648e6dacbe90ea24c4683994daabbeb599184fa3ed3ef5a96ec2510ae b90b9d3ed019d9e6e12f26d0a07105884ecfa924fdadece55bb72f3ddf12a65729e7cc594ced59f74ad83600300324a5
SERVER_TRAFFIC_SECRET_0 652400b648e6dacbe90ea24c4683994daabbeb599184fa3ed3ef5a96ec2510ae f58164cd879e0f0a4ecc6c50681c10a8f9f6a8deb7bf7db12476055794cf4aa6fb9106fcec0ca740c3c950bacc3c8400
CLIENT_TRAFFIC_SECRET_0 652400b648e6dacbe90ea24c4683994daabbeb599184fa3ed3ef5a96ec2510ae 9648d6f5e770e8678ab044ffa3058ed87d6b78e2818deae93fae1616f2eee255668537bf76781bd6772a42dbb92667af
CLIENT_TRAFFIC_SECRET_0 652400b648e6dacbe90ea24c4683994daabbeb599184fa3ed3ef5a96ec2510ae 9648d6f5e770e8678ab044ffa3058ed87d6b78e2818deae93fae1616f2eee255668537bf76781bd6772a42dbb92667af
SERVER_HANDSHAKE_TRAFFIC_SECRET de2f53ae4b414d560a04285eee6b0ce023b0a33184f47ecde8f4740efea9f4b4 83a254feedaddd901c4edd7b63d44a996b25bc14ad44a8398e9a63c59859c55fe2055dd1e812dfe7539abf0c5583955d
CLIENT_HANDSHAKE_TRAFFIC_SECRET de2f53ae4b414d560a04285eee6b0ce023b0a33184f47ecde8f4740efea9f4b4 1d82dbea6ba6fb002a88f3671b27a9e335754f3fcacb9c5bbf699b4fbebeb99f19f317e77a0e35c8359a3cb8a2b2aac7
SERVER_TRAFFIC_SECRET_0 de2f53ae4b414d560a04285eee6b0ce023b0a33184f47ecde8f4740efea9f4b4 fec6accff179125dbc59e23d84480f8eb7b2734f6e7b629047c3835f4b56b70372e9cb0bffa2575404556ec5cc4d8e4b
EXPORTER_SECRET de2f53ae4b414d560a04285eee6b0ce023b0a33184f47ecde8f4740efea9f4b4 71700234399235570e16859ddc481a349e042dc722717906c0e3c30570439a566e83b8228b84e7a86fd2af3083989ef5
CLIENT_TRAFFIC_SECRET_0 de2f53ae4b414d560a04285eee6b0ce023b0a33184f47ecde8f4740efea9f4b4 c19abd91ea5937e30b93c15956116e50ce5a41751a9c34b1add170ce60d8c0bf38512f12a2578a65ba711585a6b4e5b3
SERVER_HANDSHAKE_TRAFFIC_SECRET de2f53ae4b414d560a04285eee6b0ce023b0a33184f47ecde8f4740efea9f4b4 83a254feedaddd901c4edd7b63d44a996b25bc14ad44a8398e9a63c59859c55fe2055dd1e812dfe7539abf0c5583955d
CLIENT_HANDSHAKE_TRAFFIC_SECRET de2f53ae4b414d560a04285eee6b0ce023b0a33184f47ecde8f4740efea9f4b4 1d82dbea6ba6fb002a88f3671b27a9e335754f3fcacb9c5bbf699b4fbebeb99f19f317e77a0e35c8359a3cb8a2b2aac7
SERVER_TRAFFIC_SECRET_0 de2f53ae4b414d560a04285eee6b0ce023b0a33184f47ecde8f4740efea9f4b4 fec6accff179125dbc59e23d84480f8eb7b2734f6e7b629047c3835f4b56b70372e9cb0bffa2575404556ec5cc4d8e4b
CLIENT_TRAFFIC_SECRET_0 de2f53ae4b414d560a04285eee6b0ce023b0a33184f47ecde8f4740efea9f4b4 c19abd91ea5937e30b93c15956116e50ce5a41751a9c34b1add170ce60d8c0bf38512f12a2578a65ba711585a6b4e5b3
CLIENT_TRAFFIC_SECRET_0 de2f53ae4b414d560a04285eee6b0ce023b0a33184f47ecde8f4740efea9f4b4 c19abd91ea5937e30b93c15956116e50ce5a41751a9c34b1add170ce60d8c0bf38512f12a2578a65ba711585a6b4e5b3
SERVER_HANDSHAKE_TRAFFIC_SECRET 55dcc51262b6afb31b47ab80ea2b43ebbefd139a3cf641f14983583c6cc334e9 6910df8a6e9a5f1f10f9eacd9e13797c061346823a1efd696d097cfc3cf4a227f8ee2cd4651d346adecd5602043d9460
CLIENT_HANDSHAKE_TRAFFIC_SECRET 55dcc51262b6afb31b47ab80ea2b43ebbefd139a3cf641f14983583c6cc334e9 4f6c1356045f9af2f268bb49a3e88b58e27ab940d90c3c156856a34bcb5cb73f73f336c28d400cb01dcc620cc97f64e3
SERVER_TRAFFIC_SECRET_0 55dcc51262b6afb31b47ab80ea2b43ebbefd139a3cf641f14983583c6cc334e9 c0bfba4df4df89d06875dd2796be1e5e8cafdd8170957960784e7af228c9822a015f5ab5f364b460ff1c5ce0c34c7378
EXPORTER_SECRET 55dcc51262b6afb31b47ab80ea2b43ebbefd139a3cf641f14983583c6cc334e9 0e1b2b9c2ea42e34763e4c63ab5c5d922cba46a5c768c0ee1b2107c47849aa8258aa7a1bd565bdb8ccc466847a286cc5
CLIENT_TRAFFIC_SECRET_0 55dcc51262b6afb31b47ab80ea2b43ebbefd139a3cf641f14983583c6cc334e9 8dc9b7125f0ff97ff2b446c3eaa628546d4a707564cf89881d86b1649f5b27816d08cfed8afc210ba2b9cf7328a10272
SERVER_HANDSHAKE_TRAFFIC_SECRET 55dcc51262b6afb31b47ab80ea2b43ebbefd139a3cf641f14983583c6cc334e9 6910df8a6e9a5f1f10f9eacd9e13797c061346823a1efd696d097cfc3cf4a227f8ee2cd4651d346adecd5602043d9460
CLIENT_HANDSHAKE_TRAFFIC_SECRET 55dcc51262b6afb31b47ab80ea2b43ebbefd139a3cf641f14983583c6cc334e9 4f6c1356045f9af2f268bb49a3e88b58e27ab940d90c3c156856a34bcb5cb73f73f336c28d400cb01dcc620cc97f64e3
SERVER_TRAFFIC_SECRET_0 55dcc51262b6afb31b47ab80ea2b43ebbefd139a3cf641f14983583c6cc334e9 c0bfba4df4df89d06875dd2796be1e5e8cafdd8170957960784e7af228c9822a015f5ab5f364b460ff1c5ce0c34c7378
CLIENT_TRAFFIC_SECRET_0 55dcc51262b6afb31b47ab80ea2b43ebbefd139a3cf641f14983583c6cc334e9 8dc9b7125f0ff97ff2b446c3eaa628546d4a707564cf89881d86b1649f5b27816d08cfed8afc210ba2b9cf7328a10272
CLIENT_TRAFFIC_SECRET_0 55dcc51262b6afb31b47ab80ea2b43ebbefd139a3cf641f14983583c6cc334e9 8dc9b7125f0ff97ff2b446c3eaa628546d4a707564cf89881d86b1649f5b27816d08cfed8afc210ba2b9cf7328a10272
SERVER_HANDSHAKE_TRAFFIC_SECRET 24c0c18acdf6cd660ee31edcac909acd941e2e450e1dec2d9d3929ff8bdef311 309685a73f199e37829a5a26c1a3e65f4137372df27ec765a2b48180178a49a6b1040fd45da02924af20008f0b4f5c72
CLIENT_HANDSHAKE_TRAFFIC_SECRET 24c0c18acdf6cd660ee31edcac909acd941e2e450e1dec2d9d3929ff8bdef311 35cad9f6a122b879404a6c883d236c3d33f6d34f80eaf46267b6a3f0d6b8f8f39402b59efd394e6f4e5c27eed8868c93
SERVER_TRAFFIC_SECRET_0 24c0c18acdf6cd660ee31edcac909acd941e2e450e1dec2d9d3929ff8bdef311 cfe07d215302587378c80bdee1192249219721a9442b70256ea2e220f01923a1550cf6d96e7f1ed858c3d5c14f6d404a
EXPORTER_SECRET 24c0c18acdf6cd660ee31edcac909acd941e2e450e1dec2d9d3929ff8bdef311 e60437d70c91b2f398a27104093842ca32ea9d4ffc0b0a8f69fdaf0183563428fe77651b70f053c545204d9aa898a61d
CLIENT_TRAFFIC_SECRET_0 24c0c18acdf6cd660ee31edcac909acd941e2e450e1dec2d9d3929ff8bdef311 40cedad8f347c49a3a0e06da1ed5822da0406fd6f206049908ab5a7a089ffdde765d4520192e0d37e162eae1c79669b0
SERVER_HANDSHAKE_TRAFFIC_SECRET 24c0c18acdf6cd660ee31edcac909acd941e2e450e1dec2d9d3929ff8bdef311 309685a73f199e37829a5a26c1a3e65f4137372df27ec765a2b48180178a49a6b1040fd45da02924af20008f0b4f5c72
CLIENT_HANDSHAKE_TRAFFIC_SECRET 24c0c18acdf6cd660ee31edcac909acd941e2e450e1dec2d9d3929ff8bdef311 35cad9f6a122b879404a6c883d236c3d33f6d34f80eaf46267b6a3f0d6b8f8f39402b59efd394e6f4e5c27eed8868c93
SERVER_TRAFFIC_SECRET_0 24c0c18acdf6cd660ee31edcac909acd941e2e450e1dec2d9d3929ff8bdef311 cfe07d215302587378c80bdee1192249219721a9442b70256ea2e220f01923a1550cf6d96e7f1ed858c3d5c14f6d404a
CLIENT_TRAFFIC_SECRET_0 24c0c18acdf6cd660ee31edcac909acd941e2e450e1dec2d9d3929ff8bdef311 40cedad8f347c49a3a0e06da1ed5822da0406fd6f206049908ab5a7a089ffdde765d4520192e0d37e162eae1c79669b0
CLIENT_TRAFFIC_SECRET_0 24c0c18acdf6cd660ee31edcac909acd941e2e450e1dec2d9d3929ff8bdef311 40cedad8f347c49a3a0e06da1ed5822da0406fd6f206049908ab5a7a089ffdde765d4520192e0d37e162eae1c79669b0
SERVER_HANDSHAKE_TRAFFIC_SECRET a21cff3ca652daebeb865faa39fe28f5bd81818352c0501e0ea6397e415f2a08 93aa75437dc4c2740bf419a27bab5665572d82f651c2e0fefe67423252ac9e7777ee0158023144ea6d8a6393043b34c0
CLIENT_HANDSHAKE_TRAFFIC_SECRET a21cff3ca652daebeb865faa39fe28f5bd81818352c0501e0ea6397e415f2a08 efc1a71732f95cfc04e4521655d1a309afa87340a9e9970ffbfd0d06b7b245a471da314b6146afdeb8d3caad593e986a
SERVER_TRAFFIC_SECRET_0 a21cff3ca652daebeb865faa39fe28f5bd81818352c0501e0ea6397e415f2a08 9ee6c839fe8bc31b8602043d7893ded025c9f3eec4fdeb9d92945e6b3222cc1e4d707805ba080ef3d70ff0a4ddb5596a
EXPORTER_SECRET a21cff3ca652daebeb865faa39fe28f5bd81818352c0501e0ea6397e415f2a08 91416146f11dad5f1cfc53219e9086ff2302319d423ca270bd8b70324bc53f1e7b699ed79060c44102e7e05567ca448a
CLIENT_TRAFFIC_SECRET_0 a21cff3ca652daebeb865faa39fe28f5bd81818352c0501e0ea6397e415f2a08 8018f41004b4de338b04d81570fa16a23d710693939fb3095cc2fe7f865777ec73c1183cec4cdd4f7961ccd10a1f18a4
SERVER_HANDSHAKE_TRAFFIC_SECRET a21cff3ca652daebeb865faa39fe28f5bd81818352c0501e0ea6397e415f2a08 93aa75437dc4c2740bf419a27bab5665572d82f651c2e0fefe67423252ac9e7777ee0158023144ea6d8a6393043b34c0
CLIENT_HANDSHAKE_TRAFFIC_SECRET a21cff3ca652daebeb865faa39fe28f5bd81818352c0501e0ea6397e415f2a08 efc1a71732f95cfc04e4521655d1a309afa87340a9e9970ffbfd0d06b7b245a471da314b6146afdeb8d3caad593e986a
SERVER_TRAFFIC_SECRET_0 a21cff3ca652daebeb865faa39fe28f5bd81818352c0501e0ea6397e415f2a08 9ee6c839fe8bc31b8602043d7893ded025c9f3eec4fdeb9d92945e6b3222cc1e4d707805ba080ef3d70ff0a4ddb5596a
CLIENT_TRAFFIC_SECRET_0 a21cff3ca652daebeb865faa39fe28f5bd81818352c0501e0ea6397e415f2a08 8018f41004b4de338b04d81570fa16a23d710693939fb3095cc2fe7f865777ec73c1183cec4cdd4f7961ccd10a1f18a4
CLIENT_TRAFFIC_SECRET_0 a21cff3ca652daebeb865faa39fe28f5bd81818352c0501e0ea6397e415f2a08 8018f41004b4de338b04d81570fa16a23d710693939fb3095cc2fe7f865777ec73c1183cec4cdd4f7961ccd10a1f18a4
SERVER_HANDSHAKE_TRAFFIC_SECRET 17400e99722da35cdcfc2454755bfdad4379fe844818dfa4fffed16a7777e63b 00996a029dd38d29dbe7d7539fdac6e27c319517f87327e2b6c200b64b68c3fc9c20f0966b0a7964fb5deafe16918b5a
CLIENT_HANDSHAKE_TRAFFIC_SECRET 17400e99722da35cdcfc2454755bfdad4379fe844818dfa4fffed16a7777e63b 876154dc9088be982f91454d71fa8740c47950ac94646a797e125c18bc9e83c2bd6a5aee5bb2e2c9b2f7c1268934f7d9
SERVER_TRAFFIC_SECRET_0 17400e99722da35cdcfc2454755bfdad4379fe844818dfa4fffed16a7777e63b a16f250b455a93b142fb919ff69c4f574a65e34b7cd0c01f959d059a5d46a9dce038f60f31f31b13f32db52167d24e1a
EXPORTER_SECRET 17400e99722da35cdcfc2454755bfdad4379fe844818dfa4fffed16a7777e63b feb76cd11a77c753424a521dcf5d2bdefe5856e8126c16eb339eb0b5a61f780471d790e6dd1dd67caf65a12e49a9e58f
CLIENT_TRAFFIC_SECRET_0 17400e99722da35cdcfc2454755bfdad4379fe844818dfa4fffed16a7777e63b a21a583bd0d3dbbcd5b42fdc904220880c40975627dc5fb032c992775d49fc7ce4af403c7f5cc8135121e7f08a32c2bf
SERVER_HANDSHAKE_TRAFFIC_SECRET 17400e99722da35cdcfc2454755bfdad4379fe844818dfa4fffed16a7777e63b 00996a029dd38d29dbe7d7539fdac6e27c319517f87327e2b6c200b64b68c3fc9c20f0966b0a7964fb5deafe16918b5a
CLIENT_HANDSHAKE_TRAFFIC_SECRET 17400e99722da35cdcfc2454755bfdad4379fe844818dfa4fffed16a7777e63b 876154dc9088be982f91454d71fa8740c47950ac94646a797e125c18bc9e83c2bd6a5aee5bb2e2c9b2f7c1268934f7d9
SERVER_TRAFFIC_SECRET_0 17400e99722da35cdcfc2454755bfdad4379fe844818dfa4fffed16a7777e63b a16f250b455a93b142fb919ff69c4f574a65e34b7cd0c01f959d059a5d46a9dce038f60f31f31b13f32db52167d24e1a
CLIENT_TRAFFIC_SECRET_0 17400e99722da35cdcfc2454755bfdad4379fe844818dfa4fffed16a7777e63b a21a583bd0d3dbbcd5b42fdc904220880c40975627dc5fb032c992775d49fc7ce4af403c7f5cc8135121e7f08a32c2bf
CLIENT_TRAFFIC_SECRET_0 17400e99722da35cdcfc2454755bfdad4379fe844818dfa4fffed16a7777e63b a21a583bd0d3dbbcd5b42fdc904220880c40975627dc5fb032c992775d49fc7ce4af403c7f5cc8135121e7f08a32c2bf
SERVER_HANDSHAKE_TRAFFIC_SECRET 481542aa2b8b1e70c53f21239e6eed9d620d708a9fd874b8a1d1fc24e35f3587 7413ca44f04d769f5bb501dae2e1999a34670b456880c7f43cc5debd88c0c4d7e2c74db62b17f720892358308a0ed231
CLIENT_HANDSHAKE_TRAFFIC_SECRET 481542aa2b8b1e70c53f21239e6eed9d620d708a9fd874b8a1d1fc24e35f3587 e424be47b0def97392332ce665043cb076e5e14f140eb0fc606aac5e33b2eda31d7b362729c965dc1940ced088d69604
SERVER_TRAFFIC_SECRET_0 481542aa2b8b1e70c53f21239e6eed9d620d708a9fd874b8a1d1fc24e35f3587 1526e80e094c0e368f3c458ef86c73f61edc7bc4a9ffbb108619b49aa4e56ba0b21ea0d216bd99bb3df6ef1fac28e041
EXPORTER_SECRET 481542aa2b8b1e70c53f21239e6eed9d620d708a9fd874b8a1d1fc24e35f3587 2f7b1c3b44e9de08b413fc52589acc9e532fd6520616891bd975671244bd3505233aa7befa8317b16ee8c725b8e775f6
CLIENT_TRAFFIC_SECRET_0 481542aa2b8b1e70c53f21239e6eed9d620d708a9fd874b8a1d1fc24e35f3587 b19e87eb39b8e3e2e99ece5d1eb3941c893a82a80c7d8b7a9b0d14ea2d927e6be0c49234912eb86009f76d6460fe3f5a
SERVER_HANDSHAKE_TRAFFIC_SECRET 481542aa2b8b1e70c53f21239e6eed9d620d708a9fd874b8a1d1fc24e35f3587 7413ca44f04d769f5bb501dae2e1999a34670b456880c7f43cc5debd88c0c4d7e2c74db62b17f720892358308a0ed231
CLIENT_HANDSHAKE_TRAFFIC_SECRET 481542aa2b8b1e70c53f21239e6eed9d620d708a9fd874b8a1d1fc24e35f3587 e424be47b0def97392332ce665043cb076e5e14f140eb0fc606aac5e33b2eda31d7b362729c965dc1940ced088d69604
SERVER_TRAFFIC_SECRET_0 481542aa2b8b1e70c53f21239e6eed9d620d708a9fd874b8a1d1fc24e35f3587 1526e80e094c0e368f3c458ef86c73f61edc7bc4a9ffbb108619b49aa4e56ba0b21ea0d216bd99bb3df6ef1fac28e041
CLIENT_TRAFFIC_SECRET_0 481542aa2b8b1e70c53f21239e6eed9d620d708a9fd874b8a1d1fc24e35f3587 b19e87eb39b8e3e2e99ece5d1eb3941c893a82a80c7d8b7a9b0d14ea2d927e6be0c49234912eb86009f76d6460fe3f5a
CLIENT_TRAFFIC_SECRET_0 481542aa2b8b1e70c53f21239e6eed9d620d708a9fd874b8a1d1fc24e35f3587 b19e87eb39b8e3e2e99ece5d1eb3941c893a82a80c7d8b7a9b0d14ea2d927e6be0c49234912eb86009f76d6460fe3f5a
SERVER_HANDSHAKE_TRAFFIC_SECRET 94045772880480d361cda3198c217de6cc179ac2348be3bdd10a96483171d7c6 0ab9b0e1f5c8aad6f63de45ca4ca4094220fc453b96155fdd7168b14d0235c8e1c5e587814d428faf5a9d7666264b1be
CLIENT_HANDSHAKE_TRAFFIC_SECRET 94045772880480d361cda3198c217de6cc179ac2348be3bdd10a96483171d7c6 4e471f73e3aa86cbc4227ad38cfb917f433a940cd3e50f82b9fb376a3f0e3941dd119ace5c1f2e2e5ff06fa135dda7b4
SERVER_TRAFFIC_SECRET_0 94045772880480d361cda3198c217de6cc179ac2348be3bdd10a96483171d7c6 8e584a655fff49041686633025f94d68521f9f13260cdd6dc696dde1d2a0ebb58c3999f5b6decaf85ff69307c5f1d05c
EXPORTER_SECRET 94045772880480d361cda3198c217de6cc179ac2348be3bdd10a96483171d7c6 6277a3a8ab30e88bf91e48844120812f77ea9060211f734776752bf99132721d892ecfa173bba4facb3fc568cc473787
CLIENT_TRAFFIC_SECRET_0 94045772880480d361cda3198c217de6cc179ac2348be3bdd10a96483171d7c6 0b4a0ec132296e67eadbbde5011cd319494dbb3054533929a2dd369eb3218386733b8f0c7a03723e0fce4cc7cf5f5e4a
SERVER_HANDSHAKE_TRAFFIC_SECRET 94045772880480d361cda3198c217de6cc179ac2348be3bdd10a96483171d7c6 0ab9b0e1f5c8aad6f63de45ca4ca4094220fc453b96155fdd7168b14d0235c8e1c5e587814d428faf5a9d7666264b1be
CLIENT_HANDSHAKE_TRAFFIC_SECRET 94045772880480d361cda3198c217de6cc179ac2348be3bdd10a96483171d7c6 4e471f73e3aa86cbc4227ad38cfb917f433a940cd3e50f82b9fb376a3f0e3941dd119ace5c1f2e2e5ff06fa135dda7b4
SERVER_TRAFFIC_SECRET_0 94045772880480d361cda3198c217de6cc179ac2348be3bdd10a96483171d7c6 8e584a655fff49041686633025f94d68521f9f13260cdd6dc696dde1d2a0ebb58c3999f5b6decaf85ff69307c5f1d05c
CLIENT_TRAFFIC_SECRET_0 94045772880480d361cda3198c217de6cc179ac2348be3bdd10a96483171d7c6 0b4a0ec132296e67eadbbde5011cd319494dbb3054533929a2dd369eb3218386733b8f0c7a03723e0fce4cc7cf5f5e4a
CLIENT_TRAFFIC_SECRET_0 94045772880480d361cda3198c217de6cc179ac2348be3bdd10a96483171d7c6 0b4a0ec132296e67eadbbde5011cd319494dbb3054533929a2dd369eb3218386733b8f0c7a03723e0fce4cc7cf5f5e4a
SERVER_HANDSHAKE_TRAFFIC_SECRET 87788100dca0128af4d13356291b1999de9451092c4d5134ff38ca611fa68486 070c6746e1498da2e33896d5428f8f754cd7dc78f9f894fbe9a7980f4c7ed86f83a30cd474f7086340530aab8d0bc103
CLIENT_HANDSHAKE_TRAFFIC_SECRET 87788100dca0128af4d13356291b1999de9451092c4d5134ff38ca611fa68486 141b42353518d8e579a6d4a17e7b654edd0a8c2a8bb5a91d07d120e4ae3bb05e9618712b449a9d97effa9fc9b6bb2b03
SERVER_TRAFFIC_SECRET_0 87788100dca0128af4d13356291b1999de9451092c4d5134ff38ca611fa68486 4fd59d748c5b765a5b9e6895746347aa55f225814d7fd3d360161f64c2dc3b6826fba93be497dc4fad05be5aec6ab526
EXPORTER_SECRET 87788100dca0128af4d13356291b1999de9451092c4d5134ff38ca611fa68486 c2f2e26287ed71b2d75ea903bd98f145c2746e5a63d8edd5d90d29a024296a9b9d5300f8ec6c56fbd5219ecfc7600a36
CLIENT_TRAFFIC_SECRET_0 87788100dca0128af4d13356291b1999de9451092c4d5134ff38ca611fa68486 7558b0631f7eae41fb4fd935c736f16bccf3fd3f2d1e3b01aca5788c32543d23f940ae1e69cbc6c5cabd011a87b82e5d
SERVER_HANDSHAKE_TRAFFIC_SECRET 87788100dca0128af4d13356291b1999de9451092c4d5134ff38ca611fa68486 070c6746e1498da2e33896d5428f8f754cd7dc78f9f894fbe9a7980f4c7ed86f83a30cd474f7086340530aab8d0bc103
CLIENT_HANDSHAKE_TRAFFIC_SECRET 87788100dca0128af4d13356291b1999de9451092c4d5134ff38ca611fa68486 141b42353518d8e579a6d4a17e7b654edd0a8c2a8bb5a91d07d120e4ae3bb05e9618712b449a9d97effa9fc9b6bb2b03
SERVER_TRAFFIC_SECRET_0 87788100dca0128af4d13356291b1999de9451092c4d5134ff38ca611fa68486 4fd59d748c5b765a5b9e6895746347aa55f225814d7fd3d360161f64c2dc3b6826fba93be497dc4fad05be5aec6ab526
CLIENT_TRAFFIC_SECRET_0 87788100dca0128af4d13356291b1999de9451092c4d5134ff38ca611fa68486 7558b0631f7eae41fb4fd935c736f16bccf3fd3f2d1e3b01aca5788c32543d23f940ae1e69cbc6c5cabd011a87b82e5d
CLIENT_TRAFFIC_SECRET_0 87788100dca0128af4d13356291b1999de9451092c4d5134ff38ca611fa68486 7558b0631f7eae41fb4fd935c736f16bccf3fd3f2d1e3b01aca5788c32543d23f940ae1e69cbc6c5cabd011a87b82e5d
SERVER_HANDSHAKE_TRAFFIC_SECRET 6e9965d9cbdbddc31ef710713b75acb5c9388622b7309c1e0e0331a9c27e8f9b a46e1d0c9756856ca04de878c11f3cf9533cc0019b9d47b3fb5ce19b56b9d25a5b649de86091f01f4b23c9ab9516674c
CLIENT_HANDSHAKE_TRAFFIC_SECRET 6e9965d9cbdbddc31ef710713b75acb5c9388622b7309c1e0e0331a9c27e8f9b ca354c4fe2d837901556f01913cdc918ac2c8dc94c9d84c3a4ca0b391961e43bf4ad3158ef8b523c7cd7b7762541f311
SERVER_TRAFFIC_SECRET_0 6e9965d9cbdbddc31ef710713b75acb5c9388622b7309c1e0e0331a9c27e8f9b 4a9a3eacad67774303e2cf9d0da5ad1f34c40e606f2dcf020118335eaf422d40410454d0f058eeb773cb92a73b3093e9
EXPORTER_SECRET 6e9965d9cbdbddc31ef710713b75acb5c9388622b7309c1e0e0331a9c27e8f9b 452ae19627ed997becd6cd9da78ab9a2f96674ecdfea5f7e8996e7343ac77ffacc8b9d806cb7b9d01872d566a36ae2cf
CLIENT_TRAFFIC_SECRET_0 6e9965d9cbdbddc31ef710713b75acb5c9388622b7309c1e0e0331a9c27e8f9b 851f5517effdaeb4afada13d27e053a9ab9de76a333183753f58a074de842e3272cd867833f61b2bbf052ab4d616ddb5
SERVER_HANDSHAKE_TRAFFIC_SECRET 6e9965d9cbdbddc31ef710713b75acb5c9388622b7309c1e0e0331a9c27e8f9b a46e1d0c9756856ca04de878c11f3cf9533cc0019b9d47b3fb5ce19b56b9d25a5b649de86091f01f4b23c9ab9516674c
CLIENT_HANDSHAKE_TRAFFIC_SECRET 6e9965d9cbdbddc31ef710713b75acb5c9388622b7309c1e0e0331a9c27e8f9b ca354c4fe2d837901556f01913cdc918ac2c8dc94c9d84c3a4ca0b391961e43bf4ad3158ef8b523c7cd7b7762541f311
SERVER_TRAFFIC_SECRET_0 6e9965d9cbdbddc31ef710713b75acb5c9388622b7309c1e0e0331a9c27e8f9b 4a9a3eacad67774303e2cf9d0da5ad1f34c40e606f2dcf020118335eaf422d40410454d0f058eeb773cb92a73b3093e9
CLIENT_TRAFFIC_SECRET_0 6e9965d9cbdbddc31ef710713b75acb5c9388622b7309c1e0e0331a9c27e8f9b 851f5517effdaeb4afada13d27e053a9ab9de76a333183753f58a074de842e3272cd867833f61b2bbf052ab4d616ddb5
CLIENT_TRAFFIC_SECRET_0 6e9965d9cbdbddc31ef710713b75acb5c9388622b7309c1e0e0331a9c27e8f9b 851f5517effdaeb4afada13d27e053a9ab9de76a333183753f58a074de842e3272cd867833f61b2bbf052ab4d616ddb5
SERVER_HANDSHAKE_TRAFFIC_SECRET 833696626f05da2380027f707cbfb15baeb4a128f15acbaa73e164cd9c244016 50029ded09e5f2b2ed4c46e937b07a62238f4f980b566d8f3cdd366b406215858bd6abb3d04039a31582d7350cd5ab8c
CLIENT_HANDSHAKE_TRAFFIC_SECRET 833696626f05da2380027f707cbfb15baeb4a128f15acbaa73e164cd9c244016 59010e481a5f0229929ca9817066fc3e52b5a5910aaef3de11ed36fdb734080fc76d1020a4b01183f853120439b9b7c0
SERVER_TRAFFIC_SECRET_0 833696626f05da2380027f707cbfb15baeb4a128f15acbaa73e164cd9c244016 7af8ffdab09099eca230e03762e19d4e8f12fedec4b71bed3985160032d559bfcc4669cde5c277ed1be7fb97573b9960
EXPORTER_SECRET 833696626f05da2380027f707cbfb15baeb4a128f15acbaa73e164cd9c244016 01f0d826149c4c67a1f46da9f00c363b429214413346216ce550a91695d0df04f644f642a269739f8e373132caf04086
CLIENT_TRAFFIC_SECRET_0 833696626f05da2380027f707cbfb15baeb4a128f15acbaa73e164cd9c244016 c8771719e29105cfc27530baa3f4576ef4a729c738558de44f87ec8ae163a3c192859142c7e7c71d5978a779a2147be9
SERVER_HANDSHAKE_TRAFFIC_SECRET 833696626f05da2380027f707cbfb15baeb4a128f15acbaa73e164cd9c244016 50029ded09e5f2b2ed4c46e937b07a62238f4f980b566d8f3cdd366b406215858bd6abb3d04039a31582d7350cd5ab8c
CLIENT_HANDSHAKE_TRAFFIC_SECRET 833696626f05da2380027f707cbfb15baeb4a128f15acbaa73e164cd9c244016 59010e481a5f0229929ca9817066fc3e52b5a5910aaef3de11ed36fdb734080fc76d1020a4b01183f853120439b9b7c0
SERVER_TRAFFIC_SECRET_0 833696626f05da2380027f707cbfb15baeb4a128f15acbaa73e164cd9c244016 7af8ffdab09099eca230e03762e19d4e8f12fedec4b71bed3985160032d559bfcc4669cde5c277ed1be7fb97573b9960
CLIENT_TRAFFIC_SECRET_0 833696626f05da2380027f707cbfb15baeb4a128f15acbaa73e164cd9c244016 c8771719e29105cfc27530baa3f4576ef4a729c738558de44f87ec8ae163a3c192859142c7e7c71d5978a779a2147be9
CLIENT_TRAFFIC_SECRET_0 833696626f05da2380027f707cbfb15baeb4a128f15acbaa73e164cd9c244016 c8771719e29105cfc27530baa3f4576ef4a729c738558de44f87ec8ae163a3c192859142c7e7c71d5978a779a2147be9
SERVER_HANDSHAKE_TRAFFIC_SECRET 6af7be1836548589872291fc295fb52086e73bce9242df9f9d373d2162c7f765 f349011432842e0d5b51cdc2e8a89c8ca365cbe00c028807eaa5a4194968afc370d3ad1ef515030fa479f175cce0cd07
CLIENT_HANDSHAKE_TRAFFIC_SECRET 6af7be1836548589872291fc295fb52086e73bce9242df9f9d373d2162c7f765 34edd85a0b4d2f7e094c4bd5b09a1211a6f002948ead621d771de7d2ddf66570108373fd5d665e9cc4204e50b1ca8384
SERVER_TRAFFIC_SECRET_0 6af7be1836548589872291fc295fb52086e73bce9242df9f9d373d2162c7f765 bf0b7308608ea0ee2492104f39604e67b64201ea4a186bcedaa323c87dbc8e5036c245b9dc767897d8d620c8c6f2a95b
EXPORTER_SECRET 6af7be1836548589872291fc295fb52086e73bce9242df9f9d373d2162c7f765 d2673c47dba4a3528a889d1ef10045fbc7fb4a8cc1b07de614d995578fe61ef7d65ba59ee18f37e45f52f6bc7c149c06
CLIENT_TRAFFIC_SECRET_0 6af7be1836548589872291fc295fb52086e73bce9242df9f9d373d2162c7f765 0c1fde630084e47762f0ce505c2309381040671cb37572d3ac5fb67082c4ea23385cb804eab468ea318442195d4be7ca
SERVER_HANDSHAKE_TRAFFIC_SECRET 6af7be1836548589872291fc295fb52086e73bce9242df9f9d373d2162c7f765 f349011432842e0d5b51cdc2e8a89c8ca365cbe00c028807eaa5a4194968afc370d3ad1ef515030fa479f175cce0cd07
CLIENT_HANDSHAKE_TRAFFIC_SECRET 6af7be1836548589872291fc295fb52086e73bce9242df9f9d373d2162c7f765 34edd85a0b4d2f7e094c4bd5b09a1211a6f002948ead621d771de7d2ddf66570108373fd5d665e9cc4204e50b1ca8384
SERVER_TRAFFIC_SECRET_0 6af7be1836548589872291fc295fb52086e73bce9242df9f9d373d2162c7f765 bf0b7308608ea0ee2492104f39604e67b64201ea4a186bcedaa323c87dbc8e5036c245b9dc767897d8d620c8c6f2a95b
CLIENT_TRAFFIC_SECRET_0 6af7be1836548589872291fc295fb52086e73bce9242df9f9d373d2162c7f765 0c1fde630084e47762f0ce505c2309381040671cb37572d3ac5fb67082c4ea23385cb804eab468ea318442195d4be7ca
CLIENT_TRAFFIC_SECRET_0 6af7be1836548589872291fc295fb52086e73bce9242df9f9d373d2162c7f765 0c1fde630084e47762f0ce505c2309381040671cb37572d3ac5fb67082c4ea23385cb804eab468ea318442195d4be7ca
SERVER_HANDSHAKE_TRAFFIC_SECRET b7e258f98f23049d4320ad6a0e144d4aab60ac7ef50fc631b093da1bdc3aa531 184b12715796be887c2e3f88d2d5f6519ea6f848ae0366a46bc775f4b3e5c5301b032e520c2c84ae1257a48db645140c
CLIENT_HANDSHAKE_TRAFFIC_SECRET b7e258f98f23049d4320ad6a0e144d4aab60ac7ef50fc631b093da1bdc3aa531 7158279f786596fd1d5ec2c9719f3b119521734c13202cd46a23d2e45d36415ac72b5422ae8540011285199f9a6d5a78
SERVER_TRAFFIC_SECRET_0 b7e258f98f23049d4320ad6a0e144d4aab60ac7ef50fc631b093da1bdc3aa531 ff9a202df4198971027253533c4839be2115b1da1b2c84806517590b9e719154be0fc1c490ed53113c5a88c6768000c0
EXPORTER_SECRET b7e258f98f23049d4320ad6a0e144d4aab60ac7ef50fc631b093da1bdc3aa531 aee6e7c4b49cce6976075360fe0896b6f6bf5293d2e6cba69365f92d8fe43fe63f01e0e0ea5d6f836d56d843858aef33
CLIENT_TRAFFIC_SECRET_0 b7e258f98f23049d4320ad6a0e144d4aab60ac7ef50fc631b093da1bdc3aa531 ed6bd31a57c75ffbaf7af42c709a2952f6dabde863ea948b0cf06627b96c39068ab7b403ff956083f39f3938a595c8f1
SERVER_HANDSHAKE_TRAFFIC_SECRET b7e258f98f23049d4320ad6a0e144d4aab60ac7ef50fc631b093da1bdc3aa531 184b12715796be887c2e3f88d2d5f6519ea6f848ae0366a46bc775f4b3e5c5301b032e520c2c84ae1257a48db645140c
CLIENT_HANDSHAKE_TRAFFIC_SECRET b7e258f98f23049d4320ad6a0e144d4aab60ac7ef50fc631b093da1bdc3aa531 7158279f786596fd1d5ec2c9719f3b119521734c13202cd46a23d2e45d36415ac72b5422ae8540011285199f9a6d5a78
SERVER_TRAFFIC_SECRET_0 b7e258f98f23049d4320ad6a0e144d4aab60ac7ef50fc631b093da1bdc3aa531 ff9a202df4198971027253533c4839be2115b1da1b2c84806517590b9e719154be0fc1c490ed53113c5a88c6768000c0
CLIENT_TRAFFIC_SECRET_0 b7e258f98f23049d4320ad6a0e144d4aab60ac7ef50fc631b093da1bdc3aa531 ed6bd31a57c75ffbaf7af42c709a2952f6dabde863ea948b0cf06627b96c39068ab7b403ff956083f39f3938a595c8f1
CLIENT_TRAFFIC_SECRET_0 b7e258f98f23049d4320ad6a0e144d4aab60ac7ef50fc631b093da1bdc3aa531 ed6bd31a57c75ffbaf7af42c709a2952f6dabde863ea948b0cf06627b96c39068ab7b403ff956083f39f3938a595c8f1
SERVER_HANDSHAKE_TRAFFIC_SECRET a6ef729dfcbb3aff69d55963a772a0654c7cdd0c0d617a1b0bc291c0ff0daa1d 38b39b54411e1f9773ef224b4644a7460b94b3d5d1fddbfb1d82ea2c580fcc640d10cbb2f3e5c098b958de20be9cbc6b
CLIENT_HANDSHAKE_TRAFFIC_SECRET a6ef729dfcbb3aff69d55963a772a0654c7cdd0c0d617a1b0bc291c0ff0daa1d 46bacd544e5353be597554944cbbc3a00c42248f14eba52b29d96e66b7a7abc92699de149e50ece6c6d74e58a84e5c6e
SERVER_TRAFFIC_SECRET_0 a6ef729dfcbb3aff69d55963a772a0654c7cdd0c0d617a1b0bc291c0ff0daa1d 69b58570513e9451e35ec71b3862100598e641d49f7209c06d2a069799a0e3d46dfeb21f66e2d56869ba2ec8e1e0325a
EXPORTER_SECRET a6ef729dfcbb3aff69d55963a772a0654c7cdd0c0d617a1b0bc291c0ff0daa1d 5d7765ae2b599ad3c5b890d5f21df2a26e10006164e08c0e0362ab81c53a315acc9501414d546d12790db50790f0e257
CLIENT_TRAFFIC_SECRET_0 a6ef729dfcbb3aff69d55963a772a0654c7cdd0c0d617a1b0bc291c0ff0daa1d 2e4ea4083e019b4f72aafca1982d73691cc5b981599ffd62bafa0fcf841c7a83edf85fca96f78b7178bf9d5eb9ca10d4
SERVER_HANDSHAKE_TRAFFIC_SECRET a6ef729dfcbb3aff69d55963a772a0654c7cdd0c0d617a1b0bc291c0ff0daa1d 38b39b54411e1f9773ef224b4644a7460b94b3d5d1fddbfb1d82ea2c580fcc640d10cbb2f3e5c098b958de20be9cbc6b
CLIENT_HANDSHAKE_TRAFFIC_SECRET a6ef729dfcbb3aff69d55963a772a0654c7cdd0c0d617a1b0bc291c0ff0daa1d 46bacd544e5353be597554944cbbc3a00c42248f14eba52b29d96e66b7a7abc92699de149e50ece6c6d74e58a84e5c6e
SERVER_TRAFFIC_SECRET_0 a6ef729dfcbb3aff69d55963a772a0654c7cdd0c0d617a1b0bc291c0ff0daa1d 69b58570513e9451e35ec71b3862100598e641d49f7209c06d2a069799a0e3d46dfeb21f66e2d56869ba2ec8e1e0325a
CLIENT_TRAFFIC_SECRET_0 a6ef729dfcbb3aff69d55963a772a0654c7cdd0c0d617a1b0bc291c0ff0daa1d 2e4ea4083e019b4f72aafca1982d73691cc5b981599ffd62bafa0fcf841c7a83edf85fca96f78b7178bf9d5eb9ca10d4
CLIENT_TRAFFIC_SECRET_0 a6ef729dfcbb3aff69d55963a772a0654c7cdd0c0d617a1b0bc291c0ff0daa1d 2e4ea4083e019b4f72aafca1982d73691cc5b981599ffd62bafa0fcf841c7a83edf85fca96f78b7178bf9d5eb9ca10d4
SERVER_HANDSHAKE_TRAFFIC_SECRET d70b7114eeebde65ee57752b3ee9183f8a16f1d5a922759fc0b86f2540034d0a 23bc702e37306c92f96d74fb46fa41c6688a09ec949f6d33dbc94a2d629670dd661534a21a861eba9f8c20df12d317a7
CLIENT_HANDSHAKE_TRAFFIC_SECRET d70b7114eeebde65ee57752b3ee9183f8a16f1d5a922759fc0b86f2540034d0a 7aa1f2831f165a58415fb8b135b6243fa8d799a9e56ca2ebff61151ac22be210ae7bdacf1acdb911448daeef37627096
SERVER_TRAFFIC_SECRET_0 d70b7114eeebde65ee57752b3ee9183f8a16f1d5a922759fc0b86f2540034d0a 85e9730656a7d6f46eb460e80991f40dd367b89b3fa0695d0a4837202d9e9ce146c0470ace569750ae1ddaf38b7c74a2
EXPORTER_SECRET d70b7114eeebde65ee57752b3ee9183f8a16f1d5a922759fc0b86f2540034d0a 6557efa56df4c3a7b594143eff41a0a8535a0a05b4a9e7fb552378b636086593233dbe7a52c64f04349fc7f15359b3c5
CLIENT_TRAFFIC_SECRET_0 d70b7114eeebde65ee57752b3ee9183f8a16f1d5a922759fc0b86f2540034d0a afaef1fbbb54e4da6ea257f9661381480d34d06aee73ac0371e57af5c817f0a6b30c5019ca9863c89d3d62c68c7d34ca
SERVER_HANDSHAKE_TRAFFIC_SECRET d70b7114eeebde65ee57752b3ee9183f8a16f1d5a922759fc0b86f2540034d0a 23bc702e37306c92f96d74fb46fa41c6688a09ec949f6d33dbc94a2d629670dd661534a21a861eba9f8c20df12d317a7
CLIENT_HANDSHAKE_TRAFFIC_SECRET d70b7114eeebde65ee57752b3ee9183f8a16f1d5a922759fc0b86f2540034d0a 7aa1f2831f165a58415fb8b135b6243fa8d799a9e56ca2ebff61151ac22be210ae7bdacf1acdb911448daeef37627096
SERVER_TRAFFIC_SECRET_0 d70b7114eeebde65ee57752b3ee9183f8a16f1d5a922759fc0b86f2540034d0a 85e9730656a7d6f46eb460e80991f40dd367b89b3fa0695d0a4837202d9e9ce146c0470ace569750ae1ddaf38b7c74a2
CLIENT_TRAFFIC_SECRET_0 d70b7114eeebde65ee57752b3ee9183f8a16f1d5a922759fc0b86f2540034d0a afaef1fbbb54e4da6ea257f9661381480d34d06aee73ac0371e57af5c817f0a6b30c5019ca9863c89d3d62c68c7d34ca
CLIENT_TRAFFIC_SECRET_0 d70b7114eeebde65ee57752b3ee9183f8a16f1d5a922759fc0b86f2540034d0a afaef1fbbb54e4da6ea257f9661381480d34d06aee73ac0371e57af5c817f0a6b30c5019ca9863c89d3d62c68c7d34ca
SERVER_HANDSHAKE_TRAFFIC_SECRET 0025191e1ddf9ad570f65b441b3b630a6087f83ebed400618c2646bb6ed36bac e003b8221f2dd79a56fe52e900c7a3f6a9307c6df14e9d096149a925e21eb9fbc44f641385bdcdd9669bb49dcd276d0e
CLIENT_HANDSHAKE_TRAFFIC_SECRET 0025191e1ddf9ad570f65b441b3b630a6087f83ebed400618c2646bb6ed36bac 9f2e0e8d05b71fe2c215bfb061c8b43fcea46986739516b8d957664176aaeacb239dd4ef4e8018bb1a8313a6d45ebaaf
SERVER_TRAFFIC_SECRET_0 0025191e1ddf9ad570f65b441b3b630a6087f83ebed400618c2646bb6ed36bac a13864cc1bf7159e1839389675bd81017217272949e623eb37e865cd75cda6cf0ae31ad5ec9c9620dcfb80ecbf1bb14f
EXPORTER_SECRET 0025191e1ddf9ad570f65b441b3b630a6087f83ebed400618c2646bb6ed36bac 07e6ce820b7bf67dab758a5403c27d50e2b46ae4be2b21af6a7eda3436869d8cf27103634976566a52cdf7cc6ed90123
CLIENT_TRAFFIC_SECRET_0 0025191e1ddf9ad570f65b441b3b630a6087f83ebed400618c2646bb6ed36bac 739b1a3993174b63638f1c03319a5f5ba61c306767fff75e8488ccc24350357992e42d35a3e59ba35be928aefbfb5ed3
SERVER_HANDSHAKE_TRAFFIC_SECRET 0025191e1ddf9ad570f65b441b3b630a6087f83ebed400618c2646bb6ed36bac e003b8221f2dd79a56fe52e900c7a3f6a9307c6df14e9d096149a925e21eb9fbc44f641385bdcdd9669bb49dcd276d0e
CLIENT_HANDSHAKE_TRAFFIC_SECRET 0025191e1ddf9ad570f65b441b3b630a6087f83ebed400618c2646bb6ed36bac 9f2e0e8d05b71fe2c215bfb061c8b43fcea46986739516b8d957664176aaeacb239dd4ef4e8018bb1a8313a6d45ebaaf
SERVER_TRAFFIC_SECRET_0 0025191e1ddf9ad570f65b441b3b630a6087f83ebed400618c2646bb6ed36bac a13864cc1bf7159e1839389675bd81017217272949e623eb37e865cd75cda6cf0ae31ad5ec9c9620dcfb80ecbf1bb14f
CLIENT_TRAFFIC_SECRET_0 0025191e1ddf9ad570f65b441b3b630a6087f83ebed400618c2646bb6ed36bac 739b1a3993174b63638f1c03319a5f5ba61c306767fff75e8488ccc24350357992e42d35a3e59ba35be928aefbfb5ed3
CLIENT_TRAFFIC_SECRET_0 0025191e1ddf9ad570f65b441b3b630a6087f83ebed400618c2646bb6ed36bac 739b1a3993174b63638f1c03319a5f5ba61c306767fff75e8488ccc24350357992e42d35a3e59ba35be928aefbfb5ed3
SERVER_HANDSHAKE_TRAFFIC_SECRET 6af517dbf602dce7ed151dedf5530017fd0e478bb273fd2994a5c9634d50fc06 f1bff287fd99b0321f2aa29d92b6e0f7807c0272145c39d6a825c7d809ba9116a214f96fa598d86c6f65793285aa237b
CLIENT_HANDSHAKE_TRAFFIC_SECRET 6af517dbf602dce7ed151dedf5530017fd0e478bb273fd2994a5c9634d50fc06 168cae1b25b7b957f7b380d37c6d46418e7af86beba050bb1fec56349e7342f55e78610e824120680e1823f1fe1a7cb0
SERVER_TRAFFIC_SECRET_0 6af517dbf602dce7ed151dedf5530017fd0e478bb273fd2994a5c9634d50fc06 1b8748f1093e6713dd2783361c8eb3d3cafc3d53cd5c5a671a6146454e50c9da078d6db9831d8714e1b5da115b5668fb
EXPORTER_SECRET 6af517dbf602dce7ed151dedf5530017fd0e478bb273fd2994a5c9634d50fc06 2dfaea064c35c18643edce042d2fa03c45dc384c8eb6d389a29ea50edd04704f506f22e494675a8869dafa88bb6ff43e
CLIENT_TRAFFIC_SECRET_0 6af517dbf602dce7ed151dedf5530017fd0e478bb273fd2994a5c9634d50fc06 0dee7a7c70965a2557f261bbee5ddc22ce497e8b32e118fb312593be342c350f78ac364899d76657e5c48df28a54b628
SERVER_HANDSHAKE_TRAFFIC_SECRET 6af517dbf602dce7ed151dedf5530017fd0e478bb273fd2994a5c9634d50fc06 f1bff287fd99b0321f2aa29d92b6e0f7807c0272145c39d6a825c7d809ba9116a214f96fa598d86c6f65793285aa237b
CLIENT_HANDSHAKE_TRAFFIC_SECRET 6af517dbf602dce7ed151dedf5530017fd0e478bb273fd2994a5c9634d50fc06 168cae1b25b7b957f7b380d37c6d46418e7af86beba050bb1fec56349e7342f55e78610e824120680e1823f1fe1a7cb0
SERVER_TRAFFIC_SECRET_0 6af517dbf602dce7ed151dedf5530017fd0e478bb273fd2994a5c9634d50fc06 1b8748f1093e6713dd2783361c8eb3d3cafc3d53cd5c5a671a6146454e50c9da078d6db9831d8714e1b5da115b5668fb
CLIENT_TRAFFIC_SECRET_0 6af517dbf602dce7ed151dedf5530017fd0e478bb273fd2994a5c9634d50fc06 0dee7a7c70965a2557f261bbee5ddc22ce497e8b32e118fb312593be342c350f78ac364899d76657e5c48df28a54b628
CLIENT_TRAFFIC_SECRET_0 6af517dbf602dce7ed151dedf5530017fd0e478bb273fd2994a5c9634d50fc06 0dee7a7c70965a2557f261bbee5ddc22ce497e8b32e118fb312593be342c350f78ac364899d76657e5c48df28a54b628
SERVER_HANDSHAKE_TRAFFIC_SECRET 0120ac7448f69b6a408406b6bb44d0932c64379e4e272130ebe87838b1f7888e 63869fae55f2fae1d8bd5c3d8a3c51d3bb52015872a8f358b998e8dbde927406217b4d742f117b6b61bca2bcb927b7b4
CLIENT_HANDSHAKE_TRAFFIC_SECRET 0120ac7448f69b6a408406b6bb44d0932c64379e4e272130ebe87838b1f7888e 4505c765aeb9f45b228be6cbc56446c400ca048d8aebd44080ae94e769bc80216016dd5a4b2546a54f4947c6278f9cd9
SERVER_TRAFFIC_SECRET_0 0120ac7448f69b6a408406b6bb44d0932c64379e4e272130ebe87838b1f7888e c9dd78c6f8d194c0a3696630e1a9db8ccc2f05330c06b5bcaac4ffd3c66f5f6d765b2820817ec38b6eff6a028ee5edb0
EXPORTER_SECRET 0120ac7448f69b6a408406b6bb44d0932c64379e4e272130ebe87838b1f7888e c723a1511f4304d4b81ed9a4037d3fda7c1ab419e69b89bb8ff53c2e0e696a286fc7f606d9c5d25d06b091df5ed74b3d
CLIENT_TRAFFIC_SECRET_0 0120ac7448f69b6a408406b6bb44d0932c64379e4e272130ebe87838b1f7888e 32c31c165fa4662641be2c736bc18a25778e8d69bf1e57f7016d4ca245481507f41ff72922ca988e42f957a6cddcb0bc
SERVER_HANDSHAKE_TRAFFIC_SECRET 0120ac7448f69b6a408406b6bb44d0932c64379e4e272130ebe87838b1f7888e 63869fae55f2fae1d8bd5c3d8a3c51d3bb52015872a8f358b998e8dbde927406217b4d742f117b6b61bca2bcb927b7b4
CLIENT_HANDSHAKE_TRAFFIC_SECRET 0120ac7448f69b6a408406b6bb44d0932c64379e4e272130ebe87838b1f7888e 4505c765aeb9f45b228be6cbc56446c400ca048d8aebd44080ae94e769bc80216016dd5a4b2546a54f4947c6278f9cd9
SERVER_TRAFFIC_SECRET_0 0120ac7448f69b6a408406b6bb44d0932c64379e4e272130ebe87838b1f7888e c9dd78c6f8d194c0a3696630e1a9db8ccc2f05330c06b5bcaac4ffd3c66f5f6d765b2820817ec38b6eff6a028ee5edb0
CLIENT_TRAFFIC_SECRET_0 0120ac7448f69b6a408406b6bb44d0932c64379e4e272130ebe87838b1f7888e 32c31c165fa4662641be2c736bc18a25778e8d69bf1e57f7016d4ca245481507f41ff72922ca988e42f957a6cddcb0bc
CLIENT_TRAFFIC_SECRET_0 0120ac7448f69b6a408406b6bb44d0932c64379e4e272130ebe87838b1f7888e 32c31c165fa4662641be2c736bc18a25778e8d69bf1e57f7016d4ca245481507f41ff72922ca988e42f957a6cddcb0bc
SERVER_HANDSHAKE_TRAFFIC_SECRET 1ce154bc73a2fb7856c693db16f579f15e76946c4e5417f323b432b370eae320 1326b1e2b0428bd388f9101c4be0255d166b3d316b893dfb4532edb3527d894ad5d35efcedfebe47a3fb24e930d12554
CLIENT_HANDSHAKE_TRAFFIC_SECRET 1ce154bc73a2fb7856c693db16f579f15e76946c4e5417f323b432b370eae320 3095fb9ec0ca0cf73122ef206fd5c0a85f6e6a481543bb6ccb04d3ef196d9d1dd2738c642c031c294e602a3f67517f7e
SERVER_TRAFFIC_SECRET_0 1ce154bc73a2fb7856c693db16f579f15e76946c4e5417f323b432b370eae320 57978e53ad41671ebb83560a17203be9e3cd4e1b37c75c5f2b49703611db98b0526dd32cbfc1ec067454ddcd371c686e
EXPORTER_SECRET 1ce154bc73a2fb7856c693db16f579f15e76946c4e5417f323b432b370eae320 f494373ea1f066350d5f4c7d955c0e7c51499df7b1bae532b3e934937d655bed33a692177ca11ea69b5f6981ae835ee3
CLIENT_TRAFFIC_SECRET_0 1ce154bc73a2fb7856c693db16f579f15e76946c4e5417f323b432b370eae320 3b5c0650ba7e2a70072cc5be9d91f07109e89d91d7a7a733d3ac8743318070c7579227e81ed6dec24ea9852649586331
SERVER_HANDSHAKE_TRAFFIC_SECRET 1ce154bc73a2fb7856c693db16f579f15e76946c4e5417f323b432b370eae320 1326b1e2b0428bd388f9101c4be0255d166b3d316b893dfb4532edb3527d894ad5d35efcedfebe47a3fb24e930d12554
CLIENT_HANDSHAKE_TRAFFIC_SECRET 1ce154bc73a2fb7856c693db16f579f15e76946c4e5417f323b432b370eae320 3095fb9ec0ca0cf73122ef206fd5c0a85f6e6a481543bb6ccb04d3ef196d9d1dd2738c642c031c294e602a3f67517f7e
SERVER_TRAFFIC_SECRET_0 1ce154bc73a2fb7856c693db16f579f15e76946c4e5417f323b432b370eae320 57978e53ad41671ebb83560a17203be9e3cd4e1b37c75c5f2b49703611db98b0526dd32cbfc1ec067454ddcd371c686e
CLIENT_TRAFFIC_SECRET_0 1ce154bc73a2fb7856c693db16f579f15e76946c4e5417f323b432b370eae320 3b5c0650ba7e2a70072cc5be9d91f07109e89d91d7a7a733d3ac8743318070c7579227e81ed6dec24ea9852649586331
CLIENT_TRAFFIC_SECRET_0 1ce154bc73a2fb7856c693db16f579f15e76946c4e5417f323b432b370eae320 3b5c0650ba7e2a70072cc5be9d91f07109e89d91d7a7a733d3ac8743318070c7579227e81ed6dec24ea9852649586331
SERVER_HANDSHAKE_TRAFFIC_SECRET a59ea6dd5a1bb9ec445d273d84937fc285a4b66b8ac6bd429c9bf3f61e08061f 24d86b13c1e00d573043794439158f64f786d4ef2b27050cd0f03a899bb8040d19e6388aa246045727110b14b013257c
CLIENT_HANDSHAKE_TRAFFIC_SECRET a59ea6dd5a1bb9ec445d273d84937fc285a4b66b8ac6bd429c9bf3f61e08061f 8b330579e31ab1dbcc5f4f8bc79f0ee063118101d8f13ac715480439a5a78c2db1fdff072fe601d36bde9bbaf8c68c79
SERVER_TRAFFIC_SECRET_0 a59ea6dd5a1bb9ec445d273d84937fc285a4b66b8ac6bd429c9bf3f61e08061f 61a72cb822525f165842b1f5b589851210c4f58a36960f3d0c0d6f55e41ca00af79e0d3027ca31a204dd991658f14bb8
EXPORTER_SECRET a59ea6dd5a1bb9ec445d273d84937fc285a4b66b8ac6bd429c9bf3f61e08061f a4951fd0bc00f02722d84b1ef0a47868d2d25a2195b931ebd2c583cb8d849e4cc3acc3e5b5edca8e0114ef8567ea2bdd
CLIENT_TRAFFIC_SECRET_0 a59ea6dd5a1bb9ec445d273d84937fc285a4b66b8ac6bd429c9bf3f61e08061f aa719ff8caae40a2eefec48f8386921f46970d97f26e7e90c336dd242998e6e978df530b63c94baed3d9f44069a94415
SERVER_HANDSHAKE_TRAFFIC_SECRET a59ea6dd5a1bb9ec445d273d84937fc285a4b66b8ac6bd429c9bf3f61e08061f 24d86b13c1e00d573043794439158f64f786d4ef2b27050cd0f03a899bb8040d19e6388aa246045727110b14b013257c
CLIENT_HANDSHAKE_TRAFFIC_SECRET a59ea6dd5a1bb9ec445d273d84937fc285a4b66b8ac6bd429c9bf3f61e08061f 8b330579e31ab1dbcc5f4f8bc79f0ee063118101d8f13ac715480439a5a78c2db1fdff072fe601d36bde9bbaf8c68c79
SERVER_TRAFFIC_SECRET_0 a59ea6dd5a1bb9ec445d273d84937fc285a4b66b8ac6bd429c9bf3f61e08061f 61a72cb822525f165842b1f5b589851210c4f58a36960f3d0c0d6f55e41ca00af79e0d3027ca31a204dd991658f14bb8
CLIENT_TRAFFIC_SECRET_0 a59ea6dd5a1bb9ec445d273d84937fc285a4b66b8ac6bd429c9bf3f61e08061f aa719ff8caae40a2eefec48f8386921f46970d97f26e7e90c336dd242998e6e978df530b63c94baed3d9f44069a94415
CLIENT_TRAFFIC_SECRET_0 a59ea6dd5a1bb9ec445d273d84937fc285a4b66b8ac6bd429c9bf3f61e08061f aa719ff8caae40a2eefec48f8386921f46970d97f26e7e90c336dd242998e6e978df530b63c94baed3d9f44069a94415
SERVER_HANDSHAKE_TRAFFIC_SECRET 4cff8de1a1e019845f44820c9539920134f8e82800b465fc2abd2bd5221ec8f3 06e78bcfb78b6f97e516ef62587706491c8553c13213979eec89ed292c71431c3c2d79f1a9e157ba4cc3d483befa49f8
CLIENT_HANDSHAKE_TRAFFIC_SECRET 4cff8de1a1e019845f44820c9539920134f8e82800b465fc2abd2bd5221ec8f3 5fbb2eb9c867cef263c543b2205424eb36aff365b0c04e73a434a414a772c4f738499a698f289de570749b3346db51d8
SERVER_TRAFFIC_SECRET_0 4cff8de1a1e019845f44820c9539920134f8e82800b465fc2abd2bd5221ec8f3 ad7af603b7146290c717ae0e1e6e1e8472d93905c1722251be964617090f9044cb823a2deaccc52e79927fdc7ca9a93a
EXPORTER_SECRET 4cff8de1a1e019845f44820c9539920134f8e82800b465fc2abd2bd5221ec8f3 7e1448806064087321d313ec1aed6f2218a0d8b1edf8c3dd5e08cc2ca286f4a64ff5ecb34a1473c05accfcedf7d79764
CLIENT_TRAFFIC_SECRET_0 4cff8de1a1e019845f44820c9539920134f8e82800b465fc2abd2bd5221ec8f3 f427ee7975d59a43d542d8cc1b820ebe458b71065f04b0330d811b8195a066e4c4d6919c9cde4977136a2652a4acf934
SERVER_HANDSHAKE_TRAFFIC_SECRET 4cff8de1a1e019845f44820c9539920134f8e82800b465fc2abd2bd5221ec8f3 06e78bcfb78b6f97e516ef62587706491c8553c13213979eec89ed292c71431c3c2d79f1a9e157ba4cc3d483befa49f8
CLIENT_HANDSHAKE_TRAFFIC_SECRET 4cff8de1a1e019845f44820c9539920134f8e82800b465fc2abd2bd5221ec8f3 5fbb2eb9c867cef263c543b2205424eb36aff365b0c04e73a434a414a772c4f738499a698f289de570749b3346db51d8
SERVER_TRAFFIC_SECRET_0 4cff8de1a1e019845f44820c9539920134f8e82800b465fc2abd2bd5221ec8f3 ad7af603b7146290c717ae0e1e6e1e8472d93905c1722251be964617090f9044cb823a2deaccc52e79927fdc7ca9a93a
CLIENT_TRAFFIC_SECRET_0 4cff8de1a1e019845f44820c9539920134f8e82800b465fc2abd2bd5221ec8f3 f427ee7975d59a43d542d8cc1b820ebe458b71065f04b0330d811b8195a066e4c4d6919c9cde4977136a2652a4acf934
CLIENT_TRAFFIC_SECRET_0 4cff8de1a1e019845f44820c9539920134f8e82800b465fc2abd2bd5221ec8f3 f427ee7975d59a43d542d8cc1b820ebe458b71065f04b0330d811b8195a066e4c4d6919c9cde4977136a2652a4acf934
SERVER_HANDSHAKE_TRAFFIC_SECRET a76c85956b0245d0ba511881c00e5a8c02d1c7afc64bb430d65989f5027304de e98492f846f3e7e4822afc77c98cc3c3186063967322d677d190c912872a0eef96dd78bc91aa08b2caafcfe2487f6319
CLIENT_HANDSHAKE_TRAFFIC_SECRET a76c85956b0245d0ba511881c00e5a8c02d1c7afc64bb430d65989f5027304de f6a6f6c9fa5016995eaf5fe668a9a3c37caf4866811844fa8efad782d4351aff69587f68916c90c6984e2db8ee062289
SERVER_TRAFFIC_SECRET_0 a76c85956b0245d0ba511881c00e5a8c02d1c7afc64bb430d65989f5027304de 862d1cf332b9bda4d4fdeac50a3e08878b64b0f284985910367b04ff4bf7452d75eda5cee989b7636b7f18e3cec525b3
EXPORTER_SECRET a76c85956b0245d0ba511881c00e5a8c02d1c7afc64bb430d65989f5027304de e672e5c36a06d57713182c271dacf2fd9e24540a151814de829f062dabd628b507dd916608974b5a826648f0feca42c4
CLIENT_TRAFFIC_SECRET_0 a76c85956b0245d0ba511881c00e5a8c02d1c7afc64bb430d65989f5027304de c119576e5ebc206b2dd49d0b2c6b051bdede686a7307c0d8e5b11214ecf9ac2b48c7b4bca851f16118daff5730d6e103
SERVER_HANDSHAKE_TRAFFIC_SECRET a76c85956b0245d0ba511881c00e5a8c02d1c7afc64bb430d65989f5027304de e98492f846f3e7e4822afc77c98cc3c3186063967322d677d190c912872a0eef96dd78bc91aa08b2caafcfe2487f6319
CLIENT_HANDSHAKE_TRAFFIC_SECRET a76c85956b0245d0ba511881c00e5a8c02d1c7afc64bb430d65989f5027304de f6a6f6c9fa5016995eaf5fe668a9a3c37caf4866811844fa8efad782d4351aff69587f68916c90c6984e2db8ee062289
SERVER_TRAFFIC_SECRET_0 a76c85956b0245d0ba511881c00e5a8c02d1c7afc64bb430d65989f5027304de 862d1cf332b9bda4d4fdeac50a3e08878b64b0f284985910367b04ff4bf7452d75eda5cee989b7636b7f18e3cec525b3
CLIENT_TRAFFIC_SECRET_0 a76c85956b0245d0ba511881c00e5a8c02d1c7afc64bb430d65989f5027304de c119576e5ebc206b2dd49d0b2c6b051bdede686a7307c0d8e5b11214ecf9ac2b48c7b4bca851f16118daff5730d6e103
CLIENT_TRAFFIC_SECRET_0 a76c85956b0245d0ba511881c00e5a8c02d1c7afc64bb430d65989f5027304de c119576e5ebc206b2dd49d0b2c6b051bdede686a7307c0d8e5b11214ecf9ac2b48c7b4bca851f16118daff5730d6e103
SERVER_HANDSHAKE_TRAFFIC_SECRET ddfe7c83f0d66b5acf18c1a56c12da1cae87337cfeb617f9a1e9c3fa80e69f3f 161265eee3e682af03360d041a96862fb32998103a1c07c9139e01f38a2a6e872d4d38c16f1fe005576a398a441c2c7c
CLIENT_HANDSHAKE_TRAFFIC_SECRET ddfe7c83f0d66b5acf18c1a56c12da1cae87337cfeb617f9a1e9c3fa80e69f3f c9e8e71dbc0830132b6215e97a9efbde07a71c18afb8b99798877114f8975a3a58c31c15a059c7ca9bb700f989c993aa
SERVER_TRAFFIC_SECRET_0 ddfe7c83f0d66b5acf18c1a56c12da1cae87337cfeb617f9a1e9c3fa80e69f3f 348edbd8239e4800304dc4e7b8239787195290dfdf84f83a240f3e9bf1380568d4fc200495e3535a74c1f36bcde77f99
EXPORTER_SECRET ddfe7c83f0d66b5acf18c1a56c12da1cae87337cfeb617f9a1e9c3fa80e69f3f 521654a46be3289a4e11b37b92faf57f8bc1d2c5b881f6974b1cb1f9b00119f53fcf18dc4782233085a8cb4018db83a6
CLIENT_TRAFFIC_SECRET_0 ddfe7c83f0d66b5acf18c1a56c12da1cae87337cfeb617f9a1e9c3fa80e69f3f 0ded50c17884fed82ffe6fd5073b8413d77b0d0b70d23258217ac60091aeebae2bec5ffa8530fed3b363eb8074f20f30
SERVER_HANDSHAKE_TRAFFIC_SECRET ddfe7c83f0d66b5acf18c1a56c12da1cae87337cfeb617f9a1e9c3fa80e69f3f 161265eee3e682af03360d041a96862fb32998103a1c07c9139e01f38a2a6e872d4d38c16f1fe005576a398a441c2c7c
CLIENT_HANDSHAKE_TRAFFIC_SECRET ddfe7c83f0d66b5acf18c1a56c12da1cae87337cfeb617f9a1e9c3fa80e69f3f c9e8e71dbc0830132b6215e97a9efbde07a71c18afb8b99798877114f8975a3a58c31c15a059c7ca9bb700f989c993aa
SERVER_TRAFFIC_SECRET_0 ddfe7c83f0d66b5acf18c1a56c12da1cae87337cfeb617f9a1e9c3fa80e69f3f 348edbd8239e4800304dc4e7b8239787195290dfdf84f83a240f3e9bf1380568d4fc200495e3535a74c1f36bcde77f99
CLIENT_TRAFFIC_SECRET_0 ddfe7c83f0d66b5acf18c1a56c12da1cae87337cfeb617f9a1e9c3fa80e69f3f 0ded50c17884fed82ffe6fd5073b8413d77b0d0b70d23258217ac60091aeebae2bec5ffa8530fed3b363eb8074f20f30
CLIENT_TRAFFIC_SECRET_0 ddfe7c83f0d66b5acf18c1a56c12da1cae87337cfeb617f9a1e9c3fa80e69f3f 0ded50c17884fed82ffe6fd5073b8413d77b0d0b70d23258217ac60091aeebae2bec5ffa8530fed3b363eb8074f20f30
SERVER_HANDSHAKE_TRAFFIC_SECRET ea38c023cbd6c70466e882ced7a7ec95031bb0ba2fcc420779675d3d7bdf51e9 01f956ac90fc66e6039a420056711a14b2bac8468452ce42376311047329008c0a92e0e550682a1f28ebf306a05478cc
CLIENT_HANDSHAKE_TRAFFIC_SECRET ea38c023cbd6c70466e882ced7a7ec95031bb0ba2fcc420779675d3d7bdf51e9 93fc564c3e8a6cf13f761ed7fa3223dca4685e2839ff5123e1bedc5c8f04fafda6cc99d922a6af3530c04449b75ae96d
SERVER_TRAFFIC_SECRET_0 ea38c023cbd6c70466e882ced7a7ec95031bb0ba2fcc420779675d3d7bdf51e9 661becfd3612e56618161a89850dda6177d43847eed0181d078eeef86a0d1299d2b0eb4291014d13d13f2b1b4a10e785
EXPORTER_SECRET ea38c023cbd6c70466e882ced7a7ec95031bb0ba2fcc420779675d3d7bdf51e9 4ecb052ddc4ca3f2555f5c438ef93d62c6b7b5638bc6fcfe9003eca8501ceadb40dcaf15c34c53f80722251a0afe6f94
CLIENT_TRAFFIC_SECRET_0 ea38c023cbd6c70466e882ced7a7ec95031bb0ba2fcc420779675d3d7bdf51e9 27a96c1583d36b2d9317f51905177b8bd8d919a750899b4d32af1ab5e4b47e40c99c735c6223ebd66ea89ca3c4ce24d5
SERVER_HANDSHAKE_TRAFFIC_SECRET ea38c023cbd6c70466e882ced7a7ec95031bb0ba2fcc420779675d3d7bdf51e9 01f956ac90fc66e6039a420056711a14b2bac8468452ce42376311047329008c0a92e0e550682a1f28ebf306a05478cc
CLIENT_HANDSHAKE_TRAFFIC_SECRET ea38c023cbd6c70466e882ced7a7ec95031bb0ba2fcc420779675d3d7bdf51e9 93fc564c3e8a6cf13f761ed7fa3223dca4685e2839ff5123e1bedc5c8f04fafda6cc99d922a6af3530c04449b75ae96d
SERVER_TRAFFIC_SECRET_0 ea38c023cbd6c70466e882ced7a7ec95031bb0ba2fcc420779675d3d7bdf51e9 661becfd3612e56618161a89850dda6177d43847eed0181d078eeef86a0d1299d2b0eb4291014d13d13f2b1b4a10e785
CLIENT_TRAFFIC_SECRET_0 ea38c023cbd6c70466e882ced7a7ec95031bb0ba2fcc420779675d3d7bdf51e9 27a96c1583d36b2d9317f51905177b8bd8d919a750899b4d32af1ab5e4b47e40c99c735c6223ebd66ea89ca3c4ce24d5
CLIENT_TRAFFIC_SECRET_0 ea38c023cbd6c70466e882ced7a7ec95031bb0ba2fcc420779675d3d7bdf51e9 27a96c1583d36b2d9317f51905177b8bd8d919a750899b4d32af1ab5e4b47e40c99c735c6223ebd66ea89ca3c4ce24d5
SERVER_HANDSHAKE_TRAFFIC_SECRET 50ab474ea8ff2d944da5f6e0c3f1f4d0b1a5ae7060e1d198c9ae0b9980c1cd03 68de64ecd743cb7622cea6c434bc39820702faea6d9edb06c8ddbdd3ccbae7b3fec894aafcc481c89311dbfe5664fb71
CLIENT_HANDSHAKE_TRAFFIC_SECRET 50ab474ea8ff2d944da5f6e0c3f1f4d0b1a5ae7060e1d198c9ae0b9980c1cd03 fb508f8b4650b38dac8984684a9b215399f6489bf4db0301806e328e00d593ec343d5695f52a8c5b699a927aad6d8cba
SERVER_TRAFFIC_SECRET_0 50ab474ea8ff2d944da5f6e0c3f1f4d0b1a5ae7060e1d198c9ae0b9980c1cd03 d32bc6cedee1481e16269991b8cbbd652348f73b47d2adfa4f489a3708af9cf8cdc25b3c97489d423e2e358d1966e243
EXPORTER_SECRET 50ab474ea8ff2d944da5f6e0c3f1f4d0b1a5ae7060e1d198c9ae0b9980c1cd03 f391a09f33ceff7639755a1824af71da2f21c7da55623b4f5ce136f2ac97566f40d0c9b577f43f15ba1ad67dd1a52362
CLIENT_TRAFFIC_SECRET_0 50ab474ea8ff2d944da5f6e0c3f1f4d0b1a5ae7060e1d198c9ae0b9980c1cd03 7d94b9015dd5f10c71006375b27e2ffd122b81537b1aba385feaaadad94bc3a7f0084a4ef0bb6b7fe5f880df588d7b30
SERVER_HANDSHAKE_TRAFFIC_SECRET 50ab474ea8ff2d944da5f6e0c3f1f4d0b1a5ae7060e1d198c9ae0b9980c1cd03 68de64ecd743cb7622cea6c434bc39820702faea6d9edb06c8ddbdd3ccbae7b3fec894aafcc481c89311dbfe5664fb71
CLIENT_HANDSHAKE_TRAFFIC_SECRET 50ab474ea8ff2d944da5f6e0c3f1f4d0b1a5ae7060e1d198c9ae0b9980c1cd03 fb508f8b4650b38dac8984684a9b215399f6489bf4db0301806e328e00d593ec343d5695f52a8c5b699a927aad6d8cba
SERVER_TRAFFIC_SECRET_0 50ab474ea8ff2d944da5f6e0c3f1f4d0b1a5ae7060e1d198c9ae0b9980c1cd03 d32bc6cedee1481e16269991b8cbbd652348f73b47d2adfa4f489a3708af9cf8cdc25b3c97489d423e2e358d1966e243
CLIENT_TRAFFIC_SECRET_0 50ab474ea8ff2d944da5f6e0c3f1f4d0b1a5ae7060e1d198c9ae0b9980c1cd03 7d94b9015dd5f10c71006375b27e2ffd122b81537b1aba385feaaadad94bc3a7f0084a4ef0bb6b7fe5f880df588d7b30
CLIENT_TRAFFIC_SECRET_0 50ab474ea8ff2d944da5f6e0c3f1f4d0b1a5ae7060e1d198c9ae0b9980c1cd03 7d94b9015dd5f10c71006375b27e2ffd122b81537b1aba385feaaadad94bc3a7f0084a4ef0bb6b7fe5f880df588d7b30
SERVER_HANDSHAKE_TRAFFIC_SECRET 869d035c8439576c20dd56bcb77482606024d0efd054af9049013c983b39bb8c 7b04e90fae219d80d10e3fd566c53e882e991ffadd554ff785c4496f7ca72ee7886f5022333bfb031e0891a74878cad0
CLIENT_HANDSHAKE_TRAFFIC_SECRET 869d035c8439576c20dd56bcb77482606024d0efd054af9049013c983b39bb8c 5812eeec4603baa6b2210501f51c4c8f4493d3f66de313f87504b1a25f34a6cf64a671c252a96146609c399a3ac51c33
SERVER_TRAFFIC_SECRET_0 869d035c8439576c20dd56bcb77482606024d0efd054af9049013c983b39bb8c c61dcc020e1165417572eba87e300a47f015472a8416236b99507dd4a1272a72643bb89b56ede1989d7c382b9a3710ef
EXPORTER_SECRET 869d035c8439576c20dd56bcb77482606024d0efd054af9049013c983b39bb8c 430efaa9516f7fb5d35791ff4dccff6694a9ead808cba47315add29bf26cb6f25dc6b08706894635db18296a5e7660c0
CLIENT_TRAFFIC_SECRET_0 869d035c8439576c20dd56bcb77482606024d0efd054af9049013c983b39bb8c ceca1656166fb25cce79fc01d3387fb942d7cd7b1ebf3c717168054167f578a201236011b80c86c1344673e297de9508
SERVER_HANDSHAKE_TRAFFIC_SECRET 869d035c8439576c20dd56bcb77482606024d0efd054af9049013c983b39bb8c 7b04e90fae219d80d10e3fd566c53e882e991ffadd554ff785c4496f7ca72ee7886f5022333bfb031e0891a74878cad0
CLIENT_HANDSHAKE_TRAFFIC_SECRET 869d035c8439576c20dd56bcb77482606024d0efd054af9049013c983b39bb8c 5812eeec4603baa6b2210501f51c4c8f4493d3f66de313f87504b1a25f34a6cf64a671c252a96146609c399a3ac51c33
SERVER_TRAFFIC_SECRET_0 869d035c8439576c20dd56bcb77482606024d0efd054af9049013c983b39bb8c c61dcc020e1165417572eba87e300a47f015472a8416236b99507dd4a1272a72643bb89b56ede1989d7c382b9a3710ef
CLIENT_TRAFFIC_SECRET_0 869d035c8439576c20dd56bcb77482606024d0efd054af9049013c983b39bb8c ceca1656166fb25cce79fc01d3387fb942d7cd7b1ebf3c717168054167f578a201236011b80c86c1344673e297de9508
CLIENT_TRAFFIC_SECRET_0 869d035c8439576c20dd56bcb77482606024d0efd054af9049013c983b39bb8c ceca1656166fb25cce79fc01d3387fb942d7cd7b1ebf3c717168054167f578a201236011b80c86c1344673e297de9508
SERVER_HANDSHAKE_TRAFFIC_SECRET 6add069fa95b4624467f7bc556ad771b108027823d4cbd903fae25f4e5896d25 1033b6c760c2482c200bd1d66f47499b005bd43b6660f678430a24c29b2c6a9afed305724a8bf317cb93bec586961af3
CLIENT_HANDSHAKE_TRAFFIC_SECRET 6add069fa95b4624467f7bc556ad771b108027823d4cbd903fae25f4e5896d25 d6b676407833670408403d44b1436fc539caa016c20cced4711365793092f36afeac7b74b34c58c69295e09545ed8b8d
SERVER_TRAFFIC_SECRET_0 6add069fa95b4624467f7bc556ad771b108027823d4cbd903fae25f4e5896d25 d9673781accc96b050cab23ec9786454bb2644d4f7b94b46c2e6440869c5e0a11dc43ad847c810ffce1334a5038e3991
EXPORTER_SECRET 6add069fa95b4624467f7bc556ad771b108027823d4cbd903fae25f4e5896d25 ab87a037661de1e7e4562ce6ca1084dc2432a830a31196ca9caf3f485c6b404f715f6d91976c8bc7e7a021f238c436d9
CLIENT_TRAFFIC_SECRET_0 6add069fa95b4624467f7bc556ad771b108027823d4cbd903fae25f4e5896d25 136e88de3f6179b295b9a708ab0f6702cd377836d215c294d5dfb32965baa8e979225d5861e7743afd76fe652e9d0a90
SERVER_HANDSHAKE_TRAFFIC_SECRET 6add069fa95b4624467f7bc556ad771b108027823d4cbd903fae25f4e5896d25 1033b6c760c2482c200bd1d66f47499b005bd43b6660f678430a24c29b2c6a9afed305724a8bf317cb93bec586961af3
CLIENT_HANDSHAKE_TRAFFIC_SECRET 6add069fa95b4624467f7bc556ad771b108027823d4cbd903fae25f4e5896d25 d6b676407833670408403d44b1436fc539caa016c20cced4711365793092f36afeac7b74b34c58c69295e09545ed8b8d
SERVER_TRAFFIC_SECRET_0 6add069fa95b4624467f7bc556ad771b108027823d4cbd903fae25f4e5896d25 d9673781accc96b050cab23ec9786454bb2644d4f7b94b46c2e6440869c5e0a11dc43ad847c810ffce1334a5038e3991
CLIENT_TRAFFIC_SECRET_0 6add069fa95b4624467f7bc556ad771b108027823d4cbd903fae25f4e5896d25 136e88de3f6179b295b9a708ab0f6702cd377836d215c294d5dfb32965baa8e979225d5861e7743afd76fe652e9d0a90
CLIENT_TRAFFIC_SECRET_0 6add069fa95b4624467f7bc556ad771b108027823d4cbd903fae25f4e5896d25 136e88de3f6179b295b9a708ab0f6702cd377836d215c294d5dfb32965baa8e979225d5861e7743afd76fe652e9d0a90
SERVER_HANDSHAKE_TRAFFIC_SECRET 9548f7620dfc2c6b23be64b5d10975db7c2cc1839694258aeb70aa821b06930d 32238fb07a26a3630ae43ec10e5debbdeb55f3f55835d3d66d48b33a0b0c3e57ddd350552f1f533268816aa054972ad7
CLIENT_HANDSHAKE_TRAFFIC_SECRET 9548f7620dfc2c6b23be64b5d10975db7c2cc1839694258aeb70aa821b06930d b0a732b1541b43983c9f1e265972276e3abd1033b8469283cfeb8e00e4750017302532ab192cbec76d05beb2595d3fda
SERVER_TRAFFIC_SECRET_0 9548f7620dfc2c6b23be64b5d10975db7c2cc1839694258aeb70aa821b06930d 4f80c17d4a70cc2cf5b78abc35ed6e17e039d8efa0b697b43aa91d16ae3caf125b6468da1a260a6ef3632325962606ac
EXPORTER_SECRET 9548f7620dfc2c6b23be64b5d10975db7c2cc1839694258aeb70aa821b06930d 363c53bf5e5175891a77f5539b648a0f7a8c11b23230d36f8b7aef80b13320ad5768b281e5427be8742ab288a210214a
CLIENT_TRAFFIC_SECRET_0 9548f7620dfc2c6b23be64b5d10975db7c2cc1839694258aeb70aa821b06930d 091714a37ef1c686c5b22844db2c019ea2e6ecdebae15c70f802f6a4d7326e5897acc53a401e0126300721b536326868
SERVER_HANDSHAKE_TRAFFIC_SECRET 9548f7620dfc2c6b23be64b5d10975db7c2cc1839694258aeb70aa821b06930d 32238fb07a26a3630ae43ec10e5debbdeb55f3f55835d3d66d48b33a0b0c3e57ddd350552f1f533268816aa054972ad7
CLIENT_HANDSHAKE_TRAFFIC_SECRET 9548f7620dfc2c6b23be64b5d10975db7c2cc1839694258aeb70aa821b06930d b0a732b1541b43983c9f1e265972276e3abd1033b8469283cfeb8e00e4750017302532ab192cbec76d05beb2595d3fda
SERVER_TRAFFIC_SECRET_0 9548f7620dfc2c6b23be64b5d10975db7c2cc1839694258aeb70aa821b06930d 4f80c17d4a70cc2cf5b78abc35ed6e17e039d8efa0b697b43aa91d16ae3caf125b6468da1a260a6ef3632325962606ac
CLIENT_TRAFFIC_SECRET_0 9548f7620dfc2c6b23be64b5d10975db7c2cc1839694258aeb70aa821b06930d 091714a37ef1c686c5b22844db2c019ea2e6ecdebae15c70f802f6a4d7326e5897acc53a401e0126300721b536326868
CLIENT_TRAFFIC_SECRET_0 9548f7620dfc2c6b23be64b5d10975db7c2cc1839694258aeb70aa821b06930d 091714a37ef1c686c5b22844db2c019ea2e6ecdebae15c70f802f6a4d7326e5897acc53a401e0126300721b536326868
SERVER_HANDSHAKE_TRAFFIC_SECRET e52b3fb7d30534d970befa3c78922a55982561c2bfa57f4240300b3600854c2d b3ac0060b2111551ce1ada8f140bc095b34c8d28e6fc30bb4626c39fbe7850075b8bdbb5e037248781bda7ed023aac5f
CLIENT_HANDSHAKE_TRAFFIC_SECRET e52b3fb7d30534d970befa3c78922a55982561c2bfa57f4240300b3600854c2d b8d67923e64bd85aa8132d043312ae8f60532dfd51a598fbce89d5a8a0a4bf37a8939527fa9f753fbfb2eceaeb6a8245
SERVER_TRAFFIC_SECRET_0 e52b3fb7d30534d970befa3c78922a55982561c2bfa57f4240300b3600854c2d 3884c3d47bef140efc38a55efee614d785f3f43e0ca9c5a3ab1c8dc0f50859f46f04e80ba2a8e133fb3901412228437e
EXPORTER_SECRET e52b3fb7d30534d970befa3c78922a55982561c2bfa57f4240300b3600854c2d 0fe8d91807da204b27416acf3bede31a195c0b5aef781fea7bf07e86bc6ab31e13f904005d168ec30557b0148566d718
CLIENT_TRAFFIC_SECRET_0 e52b3fb7d30534d970befa3c78922a55982561c2bfa57f4240300b3600854c2d d6a48016cc4bd9d363a29cf58b25104d3351242d056cdd2e622d83fe825c742e554e550e2f987e676444e7ab76d55a29
SERVER_HANDSHAKE_TRAFFIC_SECRET e52b3fb7d30534d970befa3c78922a55982561c2bfa57f4240300b3600854c2d b3ac0060b2111551ce1ada8f140bc095b34c8d28e6fc30bb4626c39fbe7850075b8bdbb5e037248781bda7ed023aac5f
CLIENT_HANDSHAKE_TRAFFIC_SECRET e52b3fb7d30534d970befa3c78922a55982561c2bfa57f4240300b3600854c2d b8d67923e64bd85aa8132d043312ae8f60532dfd51a598fbce89d5a8a0a4bf37a8939527fa9f753fbfb2eceaeb6a8245
SERVER_TRAFFIC_SECRET_0 e52b3fb7d30534d970befa3c78922a55982561c2bfa57f4240300b3600854c2d 3884c3d47bef140efc38a55efee614d785f3f43e0ca9c5a3ab1c8dc0f50859f46f04e80ba2a8e133fb3901412228437e
CLIENT_TRAFFIC_SECRET_0 e52b3fb7d30534d970befa3c78922a55982561c2bfa57f4240300b3600854c2d d6a48016cc4bd9d363a29cf58b25104d3351242d056cdd2e622d83fe825c742e554e550e2f987e676444e7ab76d55a29
CLIENT_TRAFFIC_SECRET_0 e52b3fb7d30534d970befa3c78922a55982561c2bfa57f4240300b3600854c2d d6a48016cc4bd9d363a29cf58b25104d3351242d056cdd2e622d83fe825c742e554e550e2f987e676444e7ab76d55a29
SERVER_HANDSHAKE_TRAFFIC_SECRET 02d5e6a6db8a71e0ffd6189bb861c834d441c1be2ab12836f6afd09e8ad0b9e0 dc0436a1f2f9b1a2c8afabc6d52af315cc495f367feed563c913d0ffe5beffeb3b197e8b03c026dcba8cb59a5078c0ac
CLIENT_HANDSHAKE_TRAFFIC_SECRET 02d5e6a6db8a71e0ffd6189bb861c834d441c1be2ab12836f6afd09e8ad0b9e0 0e83f347e494b84616ee0f2f4cfddf4248a5835f63c7c6142f29a259181247e6ade91e35bd172682245690923c2796dc
SERVER_TRAFFIC_SECRET_0 02d5e6a6db8a71e0ffd6189bb861c834d441c1be2ab12836f6afd09e8ad0b9e0 f1ac02c1ad308988dabecec616021fd186650a3be4b7ddb958f08b3091181c641acd78d7e761452f5f5dd61c35eab1a6
EXPORTER_SECRET 02d5e6a6db8a71e0ffd6189bb861c834d441c1be2ab12836f6afd09e8ad0b9e0 56a9ac7cdfcc6048a8c20595c35029b08576a76cd9f08fdb5b68aaaabdc45da9b02b876a09ecde1635cd80ece060153e
CLIENT_TRAFFIC_SECRET_0 02d5e6a6db8a71e0ffd6189bb861c834d441c1be2ab12836f6afd09e8ad0b9e0 8656cf5ac4923bb6c5ef23d452dedd0eae99d1e3b151ff442f167e1e2517458c5eb337e9050b1ded2a9e45a2caf52576
SERVER_HANDSHAKE_TRAFFIC_SECRET 02d5e6a6db8a71e0ffd6189bb861c834d441c1be2ab12836f6afd09e8ad0b9e0 dc0436a1f2f9b1a2c8afabc6d52af315cc495f367feed563c913d0ffe5beffeb3b197e8b03c026dcba8cb59a5078c0ac
CLIENT_HANDSHAKE_TRAFFIC_SECRET 02d5e6a6db8a71e0ffd6189bb861c834d441c1be2ab12836f6afd09e8ad0b9e0 0e83f347e494b84616ee0f2f4cfddf4248a5835f63c7c6142f29a259181247e6ade91e35bd172682245690923c2796dc
SERVER_TRAFFIC_SECRET_0 02d5e6a6db8a71e0ffd6189bb861c834d441c1be2ab12836f6afd09e8ad0b9e0 f1ac02c1ad308988dabecec616021fd186650a3be4b7ddb958f08b3091181c641acd78d7e761452f5f5dd61c35eab1a6
CLIENT_TRAFFIC_SECRET_0 02d5e6a6db8a71e0ffd6189bb861c834d441c1be2ab12836f6afd09e8ad0b9e0 8656cf5ac4923bb6c5ef23d452dedd0eae99d1e3b151ff442f167e1e2517458c5eb337e9050b1ded2a9e45a2caf52576
CLIENT_TRAFFIC_SECRET_0 02d5e6a6db8a71e0ffd6189bb861c834d441c1be2ab12836f6afd09e8ad0b9e0 8656cf5ac4923bb6c5ef23d452dedd0eae99d1e3b151ff442f167e1e2517458c5eb337e9050b1ded2a9e45a2caf52576
SERVER_HANDSHAKE_TRAFFIC_SECRET 3035205ccec5a3ae37985068e849b48327d8425b2e742657612b78e541e6c75f d5bb761f06c0913dbd833367abeebdb2deeaeab87fcae94d002d9da53cb56369d118b2b09c50c30340b2d7058d06e51a
CLIENT_HANDSHAKE_TRAFFIC_SECRET 3035205ccec5a3ae37985068e849b48327d8425b2e742657612b78e541e6c75f 546ee12003addc3daef30452ba9f020d8219c8a71669b61688daf964f32c7cf2fad64a1db946a7edd4c227621f34de08
SERVER_TRAFFIC_SECRET_0 3035205ccec5a3ae37985068e849b48327d8425b2e742657612b78e541e6c75f d22969a8a9867f2e46bda352c9120ec91fe69e1b6ccc82fe740210ac316f7bdf82ead41ef814955d5a50c6ffaa201cea
EXPORTER_SECRET 3035205ccec5a3ae37985068e849b48327d8425b2e742657612b78e541e6c75f a13fb97b0cb1248b76af65ef117465df5b838eadb58a84363bf323c8ac7b9786d354a2da181ca26d4e0843ea60b8f81f
CLIENT_TRAFFIC_SECRET_0 3035205ccec5a3ae37985068e849b48327d8425b2e742657612b78e541e6c75f 2bf354805133bb822ee1e351813c90312663bd8800b3caccf8d76e252c55d79ece2c7539a100087dedbc50f54a609073
SERVER_HANDSHAKE_TRAFFIC_SECRET 3035205ccec5a3ae37985068e849b48327d8425b2e742657612b78e541e6c75f d5bb761f06c0913dbd833367abeebdb2deeaeab87fcae94d002d9da53cb56369d118b2b09c50c30340b2d7058d06e51a
CLIENT_HANDSHAKE_TRAFFIC_SECRET 3035205ccec5a3ae37985068e849b48327d8425b2e742657612b78e541e6c75f 546ee12003addc3daef30452ba9f020d8219c8a71669b61688daf964f32c7cf2fad64a1db946a7edd4c227621f34de08
SERVER_TRAFFIC_SECRET_0 3035205ccec5a3ae37985068e849b48327d8425b2e742657612b78e541e6c75f d22969a8a9867f2e46bda352c9120ec91fe69e1b6ccc82fe740210ac316f7bdf82ead41ef814955d5a50c6ffaa201cea
CLIENT_TRAFFIC_SECRET_0 3035205ccec5a3ae37985068e849b48327d8425b2e742657612b78e541e6c75f 2bf354805133bb822ee1e351813c90312663bd8800b3caccf8d76e252c55d79ece2c7539a100087dedbc50f54a609073
CLIENT_TRAFFIC_SECRET_0 3035205ccec5a3ae37985068e849b48327d8425b2e742657612b78e541e6c75f 2bf354805133bb822ee1e351813c90312663bd8800b3caccf8d76e252c55d79ece2c7539a100087dedbc50f54a609073
SERVER_HANDSHAKE_TRAFFIC_SECRET 71942afd4fb7625a5d2bd8b3512ece11baac074003dd3b00b627b3c6fcc60a8f bf86127beee03d8c7c9a5143ad56bbc42812bb5bc6c47525f08d6998ec5de8d64b1d6c637ac4c965e58db8ec88cc4b7b
CLIENT_HANDSHAKE_TRAFFIC_SECRET 71942afd4fb7625a5d2bd8b3512ece11baac074003dd3b00b627b3c6fcc60a8f f0a0f25c9b384c29c192f2fd253272ce6650da8fcd8f587da7fe8b495513303c3924c3b8d3aaed261563d3fbadd3aa22
SERVER_TRAFFIC_SECRET_0 71942afd4fb7625a5d2bd8b3512ece11baac074003dd3b00b627b3c6fcc60a8f 34913a06e2fd22bb96e6aece2759dfe8eee5011189f521d347a4f170c630af6396ed7dd9d67d48e73874190fa7045c11
EXPORTER_SECRET 71942afd4fb7625a5d2bd8b3512ece11baac074003dd3b00b627b3c6fcc60a8f 9737a26bf1853e0be14784ce6f7c6617f45139fc548681d55d40be645060d67040e61c55829135915e4e23e5681823e2
CLIENT_TRAFFIC_SECRET_0 71942afd4fb7625a5d2bd8b3512ece11baac074003dd3b00b627b3c6fcc60a8f fa487290db1e403837230bf9d6248b834b2ff2ced5207be5a446bf10e39e6aa591b8162cc57144686d10fa57b5254570
SERVER_HANDSHAKE_TRAFFIC_SECRET 71942afd4fb7625a5d2bd8b3512ece11baac074003dd3b00b627b3c6fcc60a8f bf86127beee03d8c7c9a5143ad56bbc42812bb5bc6c47525f08d6998ec5de8d64b1d6c637ac4c965e58db8ec88cc4b7b
CLIENT_HANDSHAKE_TRAFFIC_SECRET 71942afd4fb7625a5d2bd8b3512ece11baac074003dd3b00b627b3c6fcc60a8f f0a0f25c9b384c29c192f2fd253272ce6650da8fcd8f587da7fe8b495513303c3924c3b8d3aaed261563d3fbadd3aa22
SERVER_TRAFFIC_SECRET_0 71942afd4fb7625a5d2bd8b3512ece11baac074003dd3b00b627b3c6fcc60a8f 34913a06e2fd22bb96e6aece2759dfe8eee5011189f521d347a4f170c630af6396ed7dd9d67d48e73874190fa7045c11
CLIENT_TRAFFIC_SECRET_0 71942afd4fb7625a5d2bd8b3512ece11baac074003dd3b00b627b3c6fcc60a8f fa487290db1e403837230bf9d6248b834b2ff2ced5207be5a446bf10e39e6aa591b8162cc57144686d10fa57b5254570
CLIENT_TRAFFIC_SECRET_0 71942afd4fb7625a5d2bd8b3512ece11baac074003dd3b00b627b3c6fcc60a8f fa487290db1e403837230bf9d6248b834b2ff2ced5207be5a446bf10e39e6aa591b8162cc57144686d10fa57b5254570
SERVER_HANDSHAKE_TRAFFIC_SECRET d17076b78448ada27b530961ac24ea630c34904a454d9ba073e329056e0cf807 ca1213f5fce096f6a276d02acf277a3a4ff245ab18abb5188a7932fba2bca5b955437280649921b46f1d4be324f86af4
CLIENT_HANDSHAKE_TRAFFIC_SECRET d17076b78448ada27b530961ac24ea630c34904a454d9ba073e329056e0cf807 448a66cc9428fcda60d88f12820f64522eca9d5f547cf719019c2d893ddd94436744797f8deb77eaba2fa24c2c1a8cba
SERVER_TRAFFIC_SECRET_0 d17076b78448ada27b530961ac24ea630c34904a454d9ba073e329056e0cf807 12776741a5130992b67a72d9d75fac8afdf79913a6a3b83471ebbbe73375dc758aa74f07110e852d012a132293f37b28
EXPORTER_SECRET d17076b78448ada27b530961ac24ea630c34904a454d9ba073e329056e0cf807 21487d869fc91a43d86d6b3963c61f6ea18944f507f2c621932d41622429d52f35e91de4fc4a1cd3410daae921beea95
CLIENT_TRAFFIC_SECRET_0 d17076b78448ada27b530961ac24ea630c34904a454d9ba073e329056e0cf807 0dab82a51c233b4e4bcdb498cfa3b9d2b88b0bd99c529b37591b89f49d7f7a8b3afcd3a8a0c939bc26f7cf3bda3c6842
SERVER_HANDSHAKE_TRAFFIC_SECRET d17076b78448ada27b530961ac24ea630c34904a454d9ba073e329056e0cf807 ca1213f5fce096f6a276d02acf277a3a4ff245ab18abb5188a7932fba2bca5b955437280649921b46f1d4be324f86af4
CLIENT_HANDSHAKE_TRAFFIC_SECRET d17076b78448ada27b530961ac24ea630c34904a454d9ba073e329056e0cf807 448a66cc9428fcda60d88f12820f64522eca9d5f547cf719019c2d893ddd94436744797f8deb77eaba2fa24c2c1a8cba
SERVER_TRAFFIC_SECRET_0 d17076b78448ada27b530961ac24ea630c34904a454d9ba073e329056e0cf807 12776741a5130992b67a72d9d75fac8afdf79913a6a3b83471ebbbe73375dc758aa74f07110e852d012a132293f37b28
CLIENT_TRAFFIC_SECRET_0 d17076b78448ada27b530961ac24ea630c34904a454d9ba073e329056e0cf807 0dab82a51c233b4e4bcdb498cfa3b9d2b88b0bd99c529b37591b89f49d7f7a8b3afcd3a8a0c939bc26f7cf3bda3c6842
CLIENT_TRAFFIC_SECRET_0 d17076b78448ada27b530961ac24ea630c34904a454d9ba073e329056e0cf807 0dab82a51c233b4e4bcdb498cfa3b9d2b88b0bd99c529b37591b89f49d7f7a8b3afcd3a8a0c939bc26f7cf3bda3c6842
SERVER_HANDSHAKE_TRAFFIC_SECRET 08d3b926d9a5819be307c5a32fe1d0cc88f488ce2e75b5f4054f636511f481d6 73cf900e5292527c1b5edc6149b5ba7cdc8dbc62fc6a82ad423f215a1e1093902888eebaffebe6ff1875f271b80a724a
CLIENT_HANDSHAKE_TRAFFIC_SECRET 08d3b926d9a5819be307c5a32fe1d0cc88f488ce2e75b5f4054f636511f481d6 14a2fe22e39a28c555bd31dddcad2447f897e1dc89ce2fb4617e6a60a40a5f519d75f2d895eddb88b10b896d704cccd8
SERVER_TRAFFIC_SECRET_0 08d3b926d9a5819be307c5a32fe1d0cc88f488ce2e75b5f4054f636511f481d6 62b29df43357bcbf338c41979edfa5efdc316d7a90ff0909e460b3ee454a012fde9b16ddbe821ffc29039ffd87ef980b
EXPORTER_SECRET 08d3b926d9a5819be307c5a32fe1d0cc88f488ce2e75b5f4054f636511f481d6 339af0bd0c363da3d8a39e018e2d8af96cdc88ff3f2510ccdf6b7e26fc09008c0b187b1fe5b6162516f6463c2dcf8454
CLIENT_TRAFFIC_SECRET_0 08d3b926d9a5819be307c5a32fe1d0cc88f488ce2e75b5f4054f636511f481d6 8ddc98b6d857639b5f3b1c95249e8e84c742f0c158cf9f4f86a9f3d8ac0743056ea21708036004863bd4b1d3aae0e548
SERVER_HANDSHAKE_TRAFFIC_SECRET 08d3b926d9a5819be307c5a32fe1d0cc88f488ce2e75b5f4054f636511f481d6 73cf900e5292527c1b5edc6149b5ba7cdc8dbc62fc6a82ad423f215a1e1093902888eebaffebe6ff1875f271b80a724a
CLIENT_HANDSHAKE_TRAFFIC_SECRET 08d3b926d9a5819be307c5a32fe1d0cc88f488ce2e75b5f4054f636511f481d6 14a2fe22e39a28c555bd31dddcad2447f897e1dc89ce2fb4617e6a60a40a5f519d75f2d895eddb88b10b896d704cccd8
SERVER_TRAFFIC_SECRET_0 08d3b926d9a5819be307c5a32fe1d0cc88f488ce2e75b5f4054f636511f481d6 62b29df43357bcbf338c41979edfa5efdc316d7a90ff0909e460b3ee454a012fde9b16ddbe821ffc29039ffd87ef980b
CLIENT_TRAFFIC_SECRET_0 08d3b926d9a5819be307c5a32fe1d0cc88f488ce2e75b5f4054f636511f481d6 8ddc98b6d857639b5f3b1c95249e8e84c742f0c158cf9f4f86a9f3d8ac0743056ea21708036004863bd4b1d3aae0e548
CLIENT_TRAFFIC_SECRET_0 08d3b926d9a5819be307c5a32fe1d0cc88f488ce2e75b5f4054f636511f481d6 8ddc98b6d857639b5f3b1c95249e8e84c742f0c158cf9f4f86a9f3d8ac0743056ea21708036004863bd4b1d3aae0e548
SERVER_HANDSHAKE_TRAFFIC_SECRET 60f89b1d2e9a7855c4b133ef93c22c544f19a9e41534d2ddf4538a281ba8ec67 ba4844652da0da474c6c228888d5387553eb94090241b481ceaa9ab50767bee2a26567bd040926ecb3b48f47e9108a9c
CLIENT_HANDSHAKE_TRAFFIC_SECRET 60f89b1d2e9a7855c4b133ef93c22c544f19a9e41534d2ddf4538a281ba8ec67 9c63ac7ae5f689323dd064d2a3ae6f555e2fd3b6b4acda4fe0e7bf604cd315faf070e994e095dca9b2c81770eff7af18
SERVER_TRAFFIC_SECRET_0 60f89b1d2e9a7855c4b133ef93c22c544f19a9e41534d2ddf4538a281ba8ec67 3ab8fea3e24e59560984a6570a4df2afd5204126581d6883283c5a6341978df561548015ef2cbec7a020e86faa15512b
EXPORTER_SECRET 60f89b1d2e9a7855c4b133ef93c22c544f19a9e41534d2ddf4538a281ba8ec67 d439f2f5ae60d9676f54dd7c07692827d52c896b60e3e552f53b77e5be0fc5a247355fc3ef23d3b18683fa9d2cb599ae
CLIENT_TRAFFIC_SECRET_0 60f89b1d2e9a7855c4b133ef93c22c544f19a9e41534d2ddf4538a281ba8ec67 c625dd14d5cb391c2a5b1d6c1246fba485624ffd24f25aedb0db3fadf6e506773fa1775a9789b4ec0086e5e9d58f6b16
SERVER_HANDSHAKE_TRAFFIC_SECRET 60f89b1d2e9a7855c4b133ef93c22c544f19a9e41534d2ddf4538a281ba8ec67 ba4844652da0da474c6c228888d5387553eb94090241b481ceaa9ab50767bee2a26567bd040926ecb3b48f47e9108a9c
CLIENT_HANDSHAKE_TRAFFIC_SECRET 60f89b1d2e9a7855c4b133ef93c22c544f19a9e41534d2ddf4538a281ba8ec67 9c63ac7ae5f689323dd064d2a3ae6f555e2fd3b6b4acda4fe0e7bf604cd315faf070e994e095dca9b2c81770eff7af18
SERVER_TRAFFIC_SECRET_0 60f89b1d2e9a7855c4b133ef93c22c544f19a9e41534d2ddf4538a281ba8ec67 3ab8fea3e24e59560984a6570a4df2afd5204126581d6883283c5a6341978df561548015ef2cbec7a020e86faa15512b
CLIENT_TRAFFIC_SECRET_0 60f89b1d2e9a7855c4b133ef93c22c544f19a9e41534d2ddf4538a281ba8ec67 c625dd14d5cb391c2a5b1d6c1246fba485624ffd24f25aedb0db3fadf6e506773fa1775a9789b4ec0086e5e9d58f6b16
CLIENT_TRAFFIC_SECRET_0 60f89b1d2e9a7855c4b133ef93c22c544f19a9e41534d2ddf4538a281ba8ec67 c625dd14d5cb391c2a5b1d6c1246fba485624ffd24f25aedb0db3fadf6e506773fa1775a9789b4ec0086e5e9d58f6b16
SERVER_HANDSHAKE_TRAFFIC_SECRET cbf4728afe7c839b7f98eb0b800b5372391018d26dc7cd3e91036d994490e836 c64498fb8aca603a0023155ccf0d354ead76ab9df522534cff147c853ce70d5df1bbff8654b42403e6427ce45bb94cdb
CLIENT_HANDSHAKE_TRAFFIC_SECRET cbf4728afe7c839b7f98eb0b800b5372391018d26dc7cd3e91036d994490e836 06e89783caae9df3662ab4610e4f105f3d249cf574c0f823f1161c6f06393867bf178478664a7296277c38c33beca018
SERVER_TRAFFIC_SECRET_0 cbf4728afe7c839b7f98eb0b800b5372391018d26dc7cd3e91036d994490e836 410941566c24b827b3ca115f22d59ffcfe3b4ceab65af1b622cfbd1bd38e55d5b869adc4820194c35c5ca66a2f741bd0
EXPORTER_SECRET cbf4728afe7c839b7f98eb0b800b5372391018d26dc7cd3e91036d994490e836 f01d9f70a0400c6a2ab46ed0b07360eec9043631986e386b24567e35f7cafb096180c1cf655ce6029ecbf8ceb19fb5a0
CLIENT_TRAFFIC_SECRET_0 cbf4728afe7c839b7f98eb0b800b5372391018d26dc7cd3e91036d994490e836 2d93ede84974b353b3ff5929865a89bb961542e061da489e883ea99adf8cc6e9f2557d0b83ad2a59d7d9268f37a55f31
SERVER_HANDSHAKE_TRAFFIC_SECRET cbf4728afe7c839b7f98eb0b800b5372391018d26dc7cd3e91036d994490e836 c64498fb8aca603a0023155ccf0d354ead76ab9df522534cff147c853ce70d5df1bbff8654b42403e6427ce45bb94cdb
CLIENT_HANDSHAKE_TRAFFIC_SECRET cbf4728afe7c839b7f98eb0b800b5372391018d26dc7cd3e91036d994490e836 06e89783caae9df3662ab4610e4f105f3d249cf574c0f823f1161c6f06393867bf178478664a7296277c38c33beca018
SERVER_TRAFFIC_SECRET_0 cbf4728afe7c839b7f98eb0b800b5372391018d26dc7cd3e91036d994490e836 410941566c24b827b3ca115f22d59ffcfe3b4ceab65af1b622cfbd1bd38e55d5b869adc4820194c35c5ca66a2f741bd0
CLIENT_TRAFFIC_SECRET_0 cbf4728afe7c839b7f98eb0b800b5372391018d26dc7cd3e91036d994490e836 2d93ede84974b353b3ff5929865a89bb961542e061da489e883ea99adf8cc6e9f2557d0b83ad2a59d7d9268f37a55f31
CLIENT_TRAFFIC_SECRET_0 cbf4728afe7c839b7f98eb0b800b5372391018d26dc7cd3e91036d994490e836 2d93ede84974b353b3ff5929865a89bb961542e061da489e883ea99adf8cc6e9f2557d0b83ad2a59d7d9268f37a55f31
SERVER_HANDSHAKE_TRAFFIC_SECRET 5a0378902a02f71ec6d871f2ff99ea21192eeaa85b16b578dc38a50061d0c20d fe8f3bf3408f91e64abdfe7d8921c57deac1908fcf67aba94c93a7b1a36d30be526cef1e5c603155227a6b92a494bf3e
CLIENT_HANDSHAKE_TRAFFIC_SECRET 5a0378902a02f71ec6d871f2ff99ea21192eeaa85b16b578dc38a50061d0c20d b8d39fd44a28db114f4d8e9c16504f991874c6ee23326f5b70c7eb727d1f0c28f521801909e5f067bb24c48a67f3f939
SERVER_TRAFFIC_SECRET_0 5a0378902a02f71ec6d871f2ff99ea21192eeaa85b16b578dc38a50061d0c20d bec644bcee62ec64b770f7451d6c5b838abea825748a289b5499c4b70780cf7ff29a1e1ea77b079eb1830d8720665b05
EXPORTER_SECRET 5a0378902a02f71ec6d871f2ff99ea21192eeaa85b16b578dc38a50061d0c20d 89f184e50d7277c7b494f93e2d6b879912cdf5181ed913e675c22ed6e6f11fb29c4c9f5b49c1e521e0a5ab08a28c5ae4
CLIENT_TRAFFIC_SECRET_0 5a0378902a02f71ec6d871f2ff99ea21192eeaa85b16b578dc38a50061d0c20d 7020eb4d83ee1e3b5f9bd2fcb56149c12c39e62f07a7a6a537f734db864a698af838946082d5fcee47be4c532ccaefa7
SERVER_HANDSHAKE_TRAFFIC_SECRET 5a0378902a02f71ec6d871f2ff99ea21192eeaa85b16b578dc38a50061d0c20d fe8f3bf3408f91e64abdfe7d8921c57deac1908fcf67aba94c93a7b1a36d30be526cef1e5c603155227a6b92a494bf3e
CLIENT_HANDSHAKE_TRAFFIC_SECRET 5a0378902a02f71ec6d871f2ff99ea21192eeaa85b16b578dc38a50061d0c20d b8d39fd44a28db114f4d8e9c16504f991874c6ee23326f5b70c7eb727d1f0c28f521801909e5f067bb24c48a67f3f939
SERVER_TRAFFIC_SECRET_0 5a0378902a02f71ec6d871f2ff99ea21192eeaa85b16b578dc38a50061d0c20d bec644bcee62ec64b770f7451d6c5b838abea825748a289b5499c4b70780cf7ff29a1e1ea77b079eb1830d8720665b05
CLIENT_TRAFFIC_SECRET_0 5a0378902a02f71ec6d871f2ff99ea21192eeaa85b16b578dc38a50061d0c20d 7020eb4d83ee1e3b5f9bd2fcb56149c12c39e62f07a7a6a537f734db864a698af838946082d5fcee47be4c532ccaefa7
CLIENT_TRAFFIC_SECRET_0 5a0378902a02f71ec6d871f2ff99ea21192eeaa85b16b578dc38a50061d0c20d 7020eb4d83ee1e3b5f9bd2fcb56149c12c39e62f07a7a6a537f734db864a698af838946082d5fcee47be4c532ccaefa7
SERVER_HANDSHAKE_TRAFFIC_SECRET 2e90b87facfe06baf74d354169d04f92397614364de9f26843905d1fa1edffdf 3cd210d2d9594b6dc2ff0172ec726b767d835aa72cfc0d4d0b422f69f5fb7568b273086ad5f87639f159fca8940aa952
CLIENT_HANDSHAKE_TRAFFIC_SECRET 2e90b87facfe06baf74d354169d04f92397614364de9f26843905d1fa1edffdf efa6322a13fbfa4dc495df09cf295ed9a9d017a299da1d5229703c333ff5624c3746169953cd9ac246a0ca70e6827b5a
SERVER_TRAFFIC_SECRET_0 2e90b87facfe06baf74d354169d04f92397614364de9f26843905d1fa1edffdf 1744267c7f525dfcedb0e14bae6842a575e63c2edbd6e36213e73859f74c2ee766dedffae0577d1acd3a6ed3afcbdece
EXPORTER_SECRET 2e90b87facfe06baf74d354169d04f92397614364de9f26843905d1fa1edffdf 04a62fa220ad62dd43699de441b9ebfed48aac2f9d3d834a4ffec42abe309a5e592048b6aa20cc4f96be42da82c67f5f
CLIENT_TRAFFIC_SECRET_0 2e90b87facfe06baf74d354169d04f92397614364de9f26843905d1fa1edffdf bccd3987bbc3c4367259af4988be1a4b8913eb1ed79ffaafe201a3b365f3d5770d857afe065a9c1f3b9371bda348812a
SERVER_HANDSHAKE_TRAFFIC_SECRET 2e90b87facfe06baf74d354169d04f92397614364de9f26843905d1fa1edffdf 3cd210d2d9594b6dc2ff0172ec726b767d835aa72cfc0d4d0b422f69f5fb7568b273086ad5f87639f159fca8940aa952
CLIENT_HANDSHAKE_TRAFFIC_SECRET 2e90b87facfe06baf74d354169d04f92397614364de9f26843905d1fa1edffdf efa6322a13fbfa4dc495df09cf295ed9a9d017a299da1d5229703c333ff5624c3746169953cd9ac246a0ca70e6827b5a
SERVER_TRAFFIC_SECRET_0 2e90b87facfe06baf74d354169d04f92397614364de9f26843905d1fa1edffdf 1744267c7f525dfcedb0e14bae6842a575e63c2edbd6e36213e73859f74c2ee766dedffae0577d1acd3a6ed3afcbdece
CLIENT_TRAFFIC_SECRET_0 2e90b87facfe06baf74d354169d04f92397614364de9f26843905d1fa1edffdf bccd3987bbc3c4367259af4988be1a4b8913eb1ed79ffaafe201a3b365f3d5770d857afe065a9c1f3b9371bda348812a
CLIENT_TRAFFIC_SECRET_0 2e90b87facfe06baf74d354169d04f92397614364de9f26843905d1fa1edffdf bccd3987bbc3c4367259af4988be1a4b8913eb1ed79ffaafe201a3b365f3d5770d857afe065a9c1f3b9371bda348812a
SERVER_HANDSHAKE_TRAFFIC_SECRET d67fd9bc9b43cecadc9ffa6859074e5026b8e97667adbf8124a0dee463b7be84 4ac2a479cdd2a46e5b5e6ecfc8fb21e75c6aa7ac404a32c0b1f913579df0aebaf6d5fcdf78810843f7028249aa21dd56
CLIENT_HANDSHAKE_TRAFFIC_SECRET d67fd9bc9b43cecadc9ffa6859074e5026b8e97667adbf8124a0dee463b7be84 23c811040d04c551e458424c29043d0614fd6892ce257e112895c6c63fa36961fd8b67ab2214f26f8cddf854374531e4
SERVER_TRAFFIC_SECRET_0 d67fd9bc9b43cecadc9ffa6859074e5026b8e97667adbf8124a0dee463b7be84 0ad815bdb4c5d03b2f90a27d4c62784f18267ee9d0223d4ee63a6b29fa2ccd43b9d37ccb98acc05af82bb9913655dc7a
EXPORTER_SECRET d67fd9bc9b43cecadc9ffa6859074e5026b8e97667adbf8124a0dee463b7be84 dae7328cd7fc8f1ee89e2c80a8374479622a773457938afa790ace67111489cc5aefc6c47cd7f59556a8bb263435450a
CLIENT_TRAFFIC_SECRET_0 d67fd9bc9b43cecadc9ffa6859074e5026b8e97667adbf8124a0dee463b7be84 85cfb79415eb666e74aed90ea5f4f7b4ac573b236a037120373c2028aa5424315fe7c76a3556f2e7cc56bb264f73b185
SERVER_HANDSHAKE_TRAFFIC_SECRET d67fd9bc9b43cecadc9ffa6859074e5026b8e97667adbf8124a0dee463b7be84 4ac2a479cdd2a46e5b5e6ecfc8fb21e75c6aa7ac404a32c0b1f913579df0aebaf6d5fcdf78810843f7028249aa21dd56
CLIENT_HANDSHAKE_TRAFFIC_SECRET d67fd9bc9b43cecadc9ffa6859074e5026b8e97667adbf8124a0dee463b7be84 23c811040d04c551e458424c29043d0614fd6892ce257e112895c6c63fa36961fd8b67ab2214f26f8cddf854374531e4
SERVER_TRAFFIC_SECRET_0 d67fd9bc9b43cecadc9ffa6859074e5026b8e97667adbf8124a0dee463b7be84 0ad815bdb4c5d03b2f90a27d4c62784f18267ee9d0223d4ee63a6b29fa2ccd43b9d37ccb98acc05af82bb9913655dc7a
CLIENT_TRAFFIC_SECRET_0 d67fd9bc9b43cecadc9ffa6859074e5026b8e97667adbf8124a0dee463b7be84 85cfb79415eb666e74aed90ea5f4f7b4ac573b236a037120373c2028aa5424315fe7c76a3556f2e7cc56bb264f73b185
CLIENT_TRAFFIC_SECRET_0 d67fd9bc9b43cecadc9ffa6859074e5026b8e97667adbf8124a0dee463b7be84 85cfb79415eb666e74aed90ea5f4f7b4ac573b236a037120373c2028aa5424315fe7c76a3556f2e7cc56bb264f73b185
SERVER_HANDSHAKE_TRAFFIC_SECRET 40547cef36384f2313750b30b42d49985b3b9460c120db98dde5cc4030386a03 d4da517cab94859dc24678b38c386aa15357f3b0c92c8f1921e587bbc067004ba8c1a806f663a9c1b943973dae3dee09
CLIENT_HANDSHAKE_TRAFFIC_SECRET 40547cef36384f2313750b30b42d49985b3b9460c120db98dde5cc4030386a03 6bf05bc17a0a63929418bf8544f98f385275fd1a8ac7176a741d81088bae5fc58ae69e6755edfa4f1872b4fa40af809b
SERVER_TRAFFIC_SECRET_0 40547cef36384f2313750b30b42d49985b3b9460c120db98dde5cc4030386a03 c99e3ac67303412b3ce783554cf250ae96803c206a69c1f491bbbde557e3dfbf78ada9e02c81eea54a9b82279cf5b146
EXPORTER_SECRET 40547cef36384f2313750b30b42d49985b3b9460c120db98dde5cc4030386a03 c000daedcd451d70cc69d854e519c1d1e92a73028bbb62fd5c8bb97a5dcffef7ca3de3a7803dcc6254aeb0d6b87b2128
CLIENT_TRAFFIC_SECRET_0 40547cef36384f2313750b30b42d49985b3b9460c120db98dde5cc4030386a03 3e6885682d26352cddc14512aaa665b472067f2d4ea89a691d7ac29d247583ec5fe0a91ce18933ddb976ee5fb4d968f7
SERVER_HANDSHAKE_TRAFFIC_SECRET 40547cef36384f2313750b30b42d49985b3b9460c120db98dde5cc4030386a03 d4da517cab94859dc24678b38c386aa15357f3b0c92c8f1921e587bbc067004ba8c1a806f663a9c1b943973dae3dee09
CLIENT_HANDSHAKE_TRAFFIC_SECRET 40547cef36384f2313750b30b42d49985b3b9460c120db98dde5cc4030386a03 6bf05bc17a0a63929418bf8544f98f385275fd1a8ac7176a741d81088bae5fc58ae69e6755edfa4f1872b4fa40af809b
SERVER_TRAFFIC_SECRET_0 40547cef36384f2313750b30b42d49985b3b9460c120db98dde5cc4030386a03 c99e3ac67303412b3ce783554cf250ae96803c206a69c1f491bbbde557e3dfbf78ada9e02c81eea54a9b82279cf5b146
CLIENT_TRAFFIC_SECRET_0 40547cef36384f2313750b30b42d49985b3b9460c120db98dde5cc4030386a03 3e6885682d26352cddc14512aaa665b472067f2d4ea89a691d7ac29d247583ec5fe0a91ce18933ddb976ee5fb4d968f7
CLIENT_TRAFFIC_SECRET_0 40547cef36384f2313750b30b42d49985b3b9460c120db98dde5cc4030386a03 3e6885682d26352cddc14512aaa665b472067f2d4ea89a691d7ac29d247583ec5fe0a91ce18933ddb976ee5fb4d968f7
SERVER_HANDSHAKE_TRAFFIC_SECRET 8bf84b96dfed980842f262243fd5ed97e4f630946ab6d97d6eeee199dd675127 3de2460480beb5e968de5df424f4f208446b850dc0e888836b98bcee8c84fcd1cd4b858dc11ff02974d3b58f64ed5318
CLIENT_HANDSHAKE_TRAFFIC_SECRET 8bf84b96dfed980842f262243fd5ed97e4f630946ab6d97d6eeee199dd675127 5ed62e75e8ffe8c6c6bededcc7294b4f0b65bd2b51f4840da753033e995ff7e1b62b9824977f75fa3287e4bfc70bf1f6
SERVER_TRAFFIC_SECRET_0 8bf84b96dfed980842f262243fd5ed97e4f630946ab6d97d6eeee199dd675127 87dad086c7977a711b2e288c6f5016f3a49ecc485c19f8aa1fc07aad17d03b3ff882b6387f898bdcb2d388cdc24b62a2
EXPORTER_SECRET 8bf84b96dfed980842f262243fd5ed97e4f630946ab6d97d6eeee199dd675127 e4124c5b03791e12a7142bcfc8c9444a584954f1faf9cf50789e030a63a70c6c188581076a434c7152bd59404b8c2de1
CLIENT_TRAFFIC_SECRET_0 8bf84b96dfed980842f262243fd5ed97e4f630946ab6d97d6eeee199dd675127 f85d294fc2cad6f1b97553879165300ecc1272280749c98bca2922debf4638397e4d815c4998d036f68932a38ceddd3e
SERVER_HANDSHAKE_TRAFFIC_SECRET 8bf84b96dfed980842f262243fd5ed97e4f630946ab6d97d6eeee199dd675127 3de2460480beb5e968de5df424f4f208446b850dc0e888836b98bcee8c84fcd1cd4b858dc11ff02974d3b58f64ed5318
CLIENT_HANDSHAKE_TRAFFIC_SECRET 8bf84b96dfed980842f262243fd5ed97e4f630946ab6d97d6eeee199dd675127 5ed62e75e8ffe8c6c6bededcc7294b4f0b65bd2b51f4840da753033e995ff7e1b62b9824977f75fa3287e4bfc70bf1f6
SERVER_TRAFFIC_SECRET_0 8bf84b96dfed980842f262243fd5ed97e4f630946ab6d97d6eeee199dd675127 87dad086c7977a711b2e288c6f5016f3a49ecc485c19f8aa1fc07aad17d03b3ff882b6387f898bdcb2d388cdc24b62a2
CLIENT_TRAFFIC_SECRET_0 8bf84b96dfed980842f262243fd5ed97e4f630946ab6d97d6eeee199dd675127 f85d294fc2cad6f1b97553879165300ecc1272280749c98bca2922debf4638397e4d815c4998d036f68932a38ceddd3e
CLIENT_TRAFFIC_SECRET_0 8bf84b96dfed980842f262243fd5ed97e4f630946ab6d97d6eeee199dd675127 f85d294fc2cad6f1b97553879165300ecc1272280749c98bca2922debf4638397e4d815c4998d036f68932a38ceddd3e
SERVER_HANDSHAKE_TRAFFIC_SECRET 10b85de41db30390206c7e5ccf53940e89053831a6cca38a44d0665e2c3ce4e5 833910c8590364e95c8b1a90a8369f9f342b9240d30e1c99af6947e39fa001fd458ce05c2102f905b2a81c913096a38f
CLIENT_HANDSHAKE_TRAFFIC_SECRET 10b85de41db30390206c7e5ccf53940e89053831a6cca38a44d0665e2c3ce4e5 cbb188b7006d48710f8c2ec0bbc9e6c9339e4749d77159be50f86f8c889a1521977b92636d873e88883b48b64320af9b
SERVER_TRAFFIC_SECRET_0 10b85de41db30390206c7e5ccf53940e89053831a6cca38a44d0665e2c3ce4e5 fd54e77df595316e121f2fbed2b8878b8a6309f778e0830d8b546e54693a07fb0d519fc7b657f20df092f46e3cc57c94
EXPORTER_SECRET 10b85de41db30390206c7e5ccf53940e89053831a6cca38a44d0665e2c3ce4e5 8fe4d35d1368ac39a068c93aa459dc4d7ec268dfcedd789b694566fc4584213e6c175cf7532abc141d1c7474d3f2008c
CLIENT_TRAFFIC_SECRET_0 10b85de41db30390206c7e5ccf53940e89053831a6cca38a44d0665e2c3ce4e5 aca27b577c16a4bdeafd43e2075646869a78f5fc379cc7f9e32f4bf2007c1bed442ca57b84a0841a9ae611ca876a222c
SERVER_HANDSHAKE_TRAFFIC_SECRET 10b85de41db30390206c7e5ccf53940e89053831a6cca38a44d0665e2c3ce4e5 833910c8590364e95c8b1a90a8369f9f342b9240d30e1c99af6947e39fa001fd458ce05c2102f905b2a81c913096a38f
CLIENT_HANDSHAKE_TRAFFIC_SECRET 10b85de41db30390206c7e5ccf53940e89053831a6cca38a44d0665e2c3ce4e5 cbb188b7006d48710f8c2ec0bbc9e6c9339e4749d77159be50f86f8c889a1521977b92636d873e88883b48b64320af9b
SERVER_TRAFFIC_SECRET_0 10b85de41db30390206c7e5ccf53940e89053831a6cca38a44d0665e2c3ce4e5 fd54e77df595316e121f2fbed2b8878b8a6309f778e0830d8b546e54693a07fb0d519fc7b657f20df092f46e3cc57c94
CLIENT_TRAFFIC_SECRET_0 10b85de41db30390206c7e5ccf53940e89053831a6cca38a44d0665e2c3ce4e5 aca27b577c16a4bdeafd43e2075646869a78f5fc379cc7f9e32f4bf2007c1bed442ca57b84a0841a9ae611ca876a222c
CLIENT_TRAFFIC_SECRET_0 10b85de41db30390206c7e5ccf53940e89053831a6cca38a44d0665e2c3ce4e5 aca27b577c16a4bdeafd43e2075646869a78f5fc379cc7f9e32f4bf2007c1bed442ca57b84a0841a9ae611ca876a222c
SERVER_HANDSHAKE_TRAFFIC_SECRET 01784a853ebc45c9a933084ea908602491136a04901a1aab331a5d75132adac2 2c61aaa81a6881824454d93c8b352dcae906ae1f004c8d089c533bb6a6cbfb8e3d6087cb1496abec54202faf71f63269
CLIENT_HANDSHAKE_TRAFFIC_SECRET 01784a853ebc45c9a933084ea908602491136a04901a1aab331a5d75132adac2 9043b47e85629c6d195f5ce115ecf120c33dd27238fbee42134739995ed4e6cb30075241bb33dfe241f5322efee85e17
SERVER_TRAFFIC_SECRET_0 01784a853ebc45c9a933084ea908602491136a04901a1aab331a5d75132adac2 612d05fd413756d8f59147ad3b08749c15bf857e7988d6cfa887c0858778e1f11424a29883d47df9507b1f432aaad7d0
EXPORTER_SECRET 01784a853ebc45c9a933084ea908602491136a04901a1aab331a5d75132adac2 bbdb6f0c7c0335dec9c9a17d72b6666fb2850a4507fe018851c192f9acd0420e6f2f5a69ec225df941a107f7ff902707
CLIENT_TRAFFIC_SECRET_0 01784a853ebc45c9a933084ea908602491136a04901a1aab331a5d75132adac2 4fcae885f25fc9290e3976fdf77040029fadf201a53a6366099d278f1f3c1ceb9d383efdfdf1f8ae4becc2ce81852a1b
SERVER_HANDSHAKE_TRAFFIC_SECRET 01784a853ebc45c9a933084ea908602491136a04901a1aab331a5d75132adac2 2c61aaa81a6881824454d93c8b352dcae906ae1f004c8d089c533bb6a6cbfb8e3d6087cb1496abec54202faf71f63269
CLIENT_HANDSHAKE_TRAFFIC_SECRET 01784a853ebc45c9a933084ea908602491136a04901a1aab331a5d75132adac2 9043b47e85629c6d195f5ce115ecf120c33dd27238fbee42134739995ed4e6cb30075241bb33dfe241f5322efee85e17
SERVER_TRAFFIC_SECRET_0 01784a853ebc45c9a933084ea908602491136a04901a1aab331a5d75132adac2 612d05fd413756d8f59147ad3b08749c15bf857e7988d6cfa887c0858778e1f11424a29883d47df9507b1f432aaad7d0
CLIENT_TRAFFIC_SECRET_0 01784a853ebc45c9a933084ea908602491136a04901a1aab331a5d75132adac2 4fcae885f25fc9290e3976fdf77040029fadf201a53a6366099d278f1f3c1ceb9d383efdfdf1f8ae4becc2ce81852a1b
CLIENT_TRAFFIC_SECRET_0 01784a853ebc45c9a933084ea908602491136a04901a1aab331a5d75132adac2 4fcae885f25fc9290e3976fdf77040029fadf201a53a6366099d278f1f3c1ceb9d383efdfdf1f8ae4becc2ce81852a1b
SERVER_HANDSHAKE_TRAFFIC_SECRET 6a5d0a24643d605e63f088388cedcacbd13283df7b00f659641d39bfdc557a34 ef201156247d298f80669b305627d019309278f8835c7436d5d316cbab336fb49708c2f3ea5e698be2b3805fb8683b24
CLIENT_HANDSHAKE_TRAFFIC_SECRET 6a5d0a24643d605e63f088388cedcacbd13283df7b00f659641d39bfdc557a34 89a4c48cdab729910fe42b6bcddb2520011aea1356a4b540aac1859e3ecb9c81ce9167134cb7834cb615575a95bdb98f
SERVER_TRAFFIC_SECRET_0 6a5d0a24643d605e63f088388cedcacbd13283df7b00f659641d39bfdc557a34 058b5c23d50a732f3b33559b9183c38114e1833e9db278401f7dab27ccc3fa0aac16920e7b4d9a9285b6cadb99cd1bf4
EXPORTER_SECRET 6a5d0a24643d605e63f088388cedcacbd13283df7b00f659641d39bfdc557a34 0f9c78a105e01e31e891232c08dee8808568a9634bb97b648e420fcc0440162a8fededbc452c59930de62fe91430ba29
CLIENT_TRAFFIC_SECRET_0 6a5d0a24643d605e63f088388cedcacbd13283df7b00f659641d39bfdc557a34 7a69a471f6860d9e39a8eab2c31a7e76f1151d683055976e2314b6a17d8aee65f8e94e0f81bfd7cc42e0883d1c9a683d
SERVER_HANDSHAKE_TRAFFIC_SECRET 6a5d0a24643d605e63f088388cedcacbd13283df7b00f659641d39bfdc557a34 ef201156247d298f80669b305627d019309278f8835c7436d5d316cbab336fb49708c2f3ea5e698be2b3805fb8683b24
CLIENT_HANDSHAKE_TRAFFIC_SECRET 6a5d0a24643d605e63f088388cedcacbd13283df7b00f659641d39bfdc557a34 89a4c48cdab729910fe42b6bcddb2520011aea1356a4b540aac1859e3ecb9c81ce9167134cb7834cb615575a95bdb98f
SERVER_TRAFFIC_SECRET_0 6a5d0a24643d605e63f088388cedcacbd13283df7b00f659641d39bfdc557a34 058b5c23d50a732f3b33559b9183c38114e1833e9db278401f7dab27ccc3fa0aac16920e7b4d9a9285b6cadb99cd1bf4
CLIENT_TRAFFIC_SECRET_0 6a5d0a24643d605e63f088388cedcacbd13283df7b00f659641d39bfdc557a34 7a69a471f6860d9e39a8eab2c31a7e76f1151d683055976e2314b6a17d8aee65f8e94e0f81bfd7cc42e0883d1c9a683d
CLIENT_TRAFFIC_SECRET_0 6a5d0a24643d605e63f088388cedcacbd13283df7b00f659641d39bfdc557a34 7a69a471f6860d9e39a8eab2c31a7e76f1151d683055976e2314b6a17d8aee65f8e94e0f81bfd7cc42e0883d1c9a683d
SERVER_HANDSHAKE_TRAFFIC_SECRET 999c24a362023d98e64952553d75a44028937fd788ed2cdc34d66fd529694efd 2c3995b7d7870a266e3ba7d0c7bd26cdae5350d0e566f853a6212085fe2add47ce3c5c1325678273e67b5cb110ae555f
CLIENT_HANDSHAKE_TRAFFIC_SECRET 999c24a362023d98e64952553d75a44028937fd788ed2cdc34d66fd529694efd db38545d34797cbfb312f5e5087bbf3143249e194c7ed2ea2d60d47f681741175ebc7f4ec8db4d2ed601bb7d7c53caa6
SERVER_TRAFFIC_SECRET_0 999c24a362023d98e64952553d75a44028937fd788ed2cdc34d66fd529694efd b7e3bf9af1ff041ce98570cff7ea31487d37ac151959ca3e4061b8a5c235bd01a19c7a0e2081ad9bdca8ae6e2e4545c0
EXPORTER_SECRET 999c24a362023d98e64952553d75a44028937fd788ed2cdc34d66fd529694efd 53668a78a4b756186601f95b76969905db66f405e1fbc85724789ab0852cb29e9d8651cac65c1a34b3a3267352609d8e
CLIENT_TRAFFIC_SECRET_0 999c24a362023d98e64952553d75a44028937fd788ed2cdc34d66fd529694efd 0dcb1ed67b1eb8b5253e13e29dd7008a5a6fd97255a0b8fbf86773092f0f38e5a39a77ed7084f2fad1160cabbf371d41
SERVER_HANDSHAKE_TRAFFIC_SECRET 999c24a362023d98e64952553d75a44028937fd788ed2cdc34d66fd529694efd 2c3995b7d7870a266e3ba7d0c7bd26cdae5350d0e566f853a6212085fe2add47ce3c5c1325678273e67b5cb110ae555f
CLIENT_HANDSHAKE_TRAFFIC_SECRET 999c24a362023d98e64952553d75a44028937fd788ed2cdc34d66fd529694efd db38545d34797cbfb312f5e5087bbf3143249e194c7ed2ea2d60d47f681741175ebc7f4ec8db4d2ed601bb7d7c53caa6
SERVER_TRAFFIC_SECRET_0 999c24a362023d98e64952553d75a44028937fd788ed2cdc34d66fd529694efd b7e3bf9af1ff041ce98570cff7ea31487d37ac151959ca3e4061b8a5c235bd01a19c7a0e2081ad9bdca8ae6e2e4545c0
CLIENT_TRAFFIC_SECRET_0 999c24a362023d98e64952553d75a44028937fd788ed2cdc34d66fd529694efd 0dcb1ed67b1eb8b5253e13e29dd7008a5a6fd97255a0b8fbf86773092f0f38e5a39a77ed7084f2fad1160cabbf371d41
CLIENT_TRAFFIC_SECRET_0 999c24a362023d98e64952553d75a44028937fd788ed2cdc34d66fd529694efd 0dcb1ed67b1eb8b5253e13e29dd7008a5a6fd97255a0b8fbf86773092f0f38e5a39a77ed7084f2fad1160cabbf371d41
SERVER_HANDSHAKE_TRAFFIC_SECRET ba6326e774662f6c8ba7e8ecf1bdb9c513bd0ea1b7698b1869d8f27725c83171 631a2cc281da08964756453832e35c0a9a9af3bdead38c67d4c6755a00c5ce7c41ccdbbac93a4473ad7dbc36e58e21ed
CLIENT_HANDSHAKE_TRAFFIC_SECRET ba6326e774662f6c8ba7e8ecf1bdb9c513bd0ea1b7698b1869d8f27725c83171 8fe91261e6cd2a62b44383d92f093ab3a597c9513b58ae5aab10db6abb79f59a8365b5ee6c174b70fe0af53c28213ced
SERVER_TRAFFIC_SECRET_0 ba6326e774662f6c8ba7e8ecf1bdb9c513bd0ea1b7698b1869d8f27725c83171 e005352e5976e4a86f49a3d34dda0a47a7dfce55766146d50231e1732220e19bf73da9d3ee5435c15ce3791df4e37a57
EXPORTER_SECRET ba6326e774662f6c8ba7e8ecf1bdb9c513bd0ea1b7698b1869d8f27725c83171 7568a4a05eb8a5d47f3a6bf77aee63804eb49cdb4a47b88944a01ac45cd82f4db255cc0f50243e8000c01aa71160ef03
CLIENT_TRAFFIC_SECRET_0 ba6326e774662f6c8ba7e8ecf1bdb9c513bd0ea1b7698b1869d8f27725c83171 d4a61458200793a26a82c6ee63809ceeddf9b59ef0b9ff08bcc88bb11f2a47e093afaaf40a81a0e90864355cf46ca79d
SERVER_HANDSHAKE_TRAFFIC_SECRET ba6326e774662f6c8ba7e8ecf1bdb9c513bd0ea1b7698b1869d8f27725c83171 631a2cc281da08964756453832e35c0a9a9af3bdead38c67d4c6755a00c5ce7c41ccdbbac93a4473ad7dbc36e58e21ed
CLIENT_HANDSHAKE_TRAFFIC_SECRET ba6326e774662f6c8ba7e8ecf1bdb9c513bd0ea1b7698b1869d8f27725c83171 8fe91261e6cd2a62b44383d92f093ab3a597c9513b58ae5aab10db6abb79f59a8365b5ee6c174b70fe0af53c28213ced
SERVER_TRAFFIC_SECRET_0 ba6326e774662f6c8ba7e8ecf1bdb9c513bd0ea1b7698b1869d8f27725c83171 e005352e5976e4a86f49a3d34dda0a47a7dfce55766146d50231e1732220e19bf73da9d3ee5435c15ce3791df4e37a57
CLIENT_TRAFFIC_SECRET_0 ba6326e774662f6c8ba7e8ecf1bdb9c513bd0ea1b7698b1869d8f27725c83171 d4a61458200793a26a82c6ee63809ceeddf9b59ef0b9ff08bcc88bb11f2a47e093afaaf40a81a0e90864355cf46ca79d
CLIENT_TRAFFIC_SECRET_0 ba6326e774662f6c8ba7e8ecf1bdb9c513bd0ea1b7698b1869d8f27725c83171 d4a61458200793a26a82c6ee63809ceeddf9b59ef0b9ff08bcc88bb11f2a47e093afaaf40a81a0e90864355cf46ca79d
SERVER_HANDSHAKE_TRAFFIC_SECRET 5cf6010e46aa04be41337d95699da5b2fe9bc439bea742b17cf401aabfde5c93 8084c179d678beb32374fcbd4e8a0671bf4ba231b296f451c6ee5f9e8db3813685b226d4b77ae94aa36be1e2eeb87786
CLIENT_HANDSHAKE_TRAFFIC_SECRET 5cf6010e46aa04be41337d95699da5b2fe9bc439bea742b17cf401aabfde5c93 2dcfc187f5622fa743723a3b3ce78f7a9ca61ae80c3aa0dc308ae2e7ad9d94a88f258a97a26c7a89bfdbbd89d8942d1b
SERVER_TRAFFIC_SECRET_0 5cf6010e46aa04be41337d95699da5b2fe9bc439bea742b17cf401aabfde5c93 4002a6ece73aa2046af994c690e4e918eb31eb59e16db92d48eef79ec0fa71f23558348f518a33a7b39d3d4d427ab5d8
EXPORTER_SECRET 5cf6010e46aa04be41337d95699da5b2fe9bc439bea742b17cf401aabfde5c93 998c6a09195de3629ac74e7ec6b7679232c949fb5f4765f2f547bccfc0c89c13733d842c6c3d9a31623cb7f38f50b4fc
CLIENT_TRAFFIC_SECRET_0 5cf6010e46aa04be41337d95699da5b2fe9bc439bea742b17cf401aabfde5c93 a5774701f7799daa4fdb4007f1ec391f5083b86ae368586a959fc485447ec6b048a9c78173a230c5d9cd8f70957f3b9d
SERVER_HANDSHAKE_TRAFFIC_SECRET 5cf6010e46aa04be41337d95699da5b2fe9bc439bea742b17cf401aabfde5c93 8084c179d678beb32374fcbd4e8a0671bf4ba231b296f451c6ee5f9e8db3813685b226d4b77ae94aa36be1e2eeb87786
CLIENT_HANDSHAKE_TRAFFIC_SECRET 5cf6010e46aa04be41337d95699da5b2fe9bc439bea742b17cf401aabfde5c93 2dcfc187f5622fa743723a3b3ce78f7a9ca61ae80c3aa0dc308ae2e7ad9d94a88f258a97a26c7a89bfdbbd89d8942d1b
SERVER_TRAFFIC_SECRET_0 5cf6010e46aa04be41337d95699da5b2fe9bc439bea742b17cf401aabfde5c93 4002a6ece73aa2046af994c690e4e918eb31eb59e16db92d48eef79ec0fa71f23558348f518a33a7b39d3d4d427ab5d8
CLIENT_TRAFFIC_SECRET_0 5cf6010e46aa04be41337d95699da5b2fe9bc439bea742b17cf401aabfde5c93 a5774701f7799daa4fdb4007f1ec391f5083b86ae368586a959fc485447ec6b048a9c78173a230c5d9cd8f70957f3b9d
CLIENT_TRAFFIC_SECRET_0 5cf6010e46aa04be41337d95699da5b2fe9bc439bea742b17cf401aabfde5c93 a5774701f7799daa4fdb4007f1ec391f5083b86ae368586a959fc485447ec6b048a9c78173a230c5d9cd8f70957f3b9d
SERVER_HANDSHAKE_TRAFFIC_SECRET c08c8940a32b896c5dc2f0020cce643439b40207dc22fbdb7b66b8ddac928b15 841f3e861dacfc505f8139cf1b29db1067765138069e8a5eff52db284cc2f4d3ffa871c6da8aa20fb68873e98d02d798
CLIENT_HANDSHAKE_TRAFFIC_SECRET c08c8940a32b896c5dc2f0020cce643439b40207dc22fbdb7b66b8ddac928b15 dd42a291769741ca5728993417323a890688f97fea3584fde895b9d51f09f35aaa98d9afc767b32750c0c4f4f414eb23
SERVER_TRAFFIC_SECRET_0 c08c8940a32b896c5dc2f0020cce643439b40207dc22fbdb7b66b8ddac928b15 0371571222201c8bb2a118b780020dc88e99e2fbd88b7ccaeccc615745037a6f367de9d5db0cb8b5b5cc482923dfeedb
EXPORTER_SECRET c08c8940a32b896c5dc2f0020cce643439b40207dc22fbdb7b66b8ddac928b15 18e542af8d5c68a07763a935f408da3fe2432d27ad418928eba3187f355fa4724bde17856d4ce08314fe2de3c3951480
CLIENT_TRAFFIC_SECRET_0 c08c8940a32b896c5dc2f0020cce643439b40207dc22fbdb7b66b8ddac928b15 780803c64f512b38fcf66ac422f0044af68dc2f3c1d2f015bb2d6ad43ed41ad0cbdf1c5d2638374b6aeca3ae0b115e12
SERVER_HANDSHAKE_TRAFFIC_SECRET c08c8940a32b896c5dc2f0020cce643439b40207dc22fbdb7b66b8ddac928b15 841f3e861dacfc505f8139cf1b29db1067765138069e8a5eff52db284cc2f4d3ffa871c6da8aa20fb68873e98d02d798
CLIENT_HANDSHAKE_TRAFFIC_SECRET c08c8940a32b896c5dc2f0020cce643439b40207dc22fbdb7b66b8ddac928b15 dd42a291769741ca5728993417323a890688f97fea3584fde895b9d51f09f35aaa98d9afc767b32750c0c4f4f414eb23
SERVER_TRAFFIC_SECRET_0 c08c8940a32b896c5dc2f0020cce643439b40207dc22fbdb7b66b8ddac928b15 0371571222201c8bb2a118b780020dc88e99e2fbd88b7ccaeccc615745037a6f367de9d5db0cb8b5b5cc482923dfeedb
CLIENT_TRAFFIC_SECRET_0 c08c8940a32b896c5dc2f0020cce643439b40207dc22fbdb7b66b8ddac928b15 780803c64f512b38fcf66ac422f0044af68dc2f3c1d2f015bb2d6ad43ed41ad0cbdf1c5d2638374b6aeca3ae0b115e12
CLIENT_TRAFFIC_SECRET_0 c08c8940a32b896c5dc2f0020cce643439b40207dc22fbdb7b66b8ddac928b15 780803c64f512b38fcf66ac422f0044af68dc2f3c1d2f015bb2d6ad43ed41ad0cbdf1c5d2638374b6aeca3ae0b115e12
SERVER_HANDSHAKE_TRAFFIC_SECRET 61fdcb8039a56043927b78df7ab2ba534cbf8549ba1e2fa04a126c95f5cd37b6 0c13e910290ab56bb976e9f19cf38c1f50b08ddeb914f3ed099ea8df15567e806148201ee884a9db083d49269e12a047
CLIENT_HANDSHAKE_TRAFFIC_SECRET 61fdcb8039a56043927b78df7ab2ba534cbf8549ba1e2fa04a126c95f5cd37b6 d0c8e86c281d9d655575b05928d826fb835bc771e3749c6425f0b4825e4ec823538c86cbcc43d5410396d577057073a4
SERVER_TRAFFIC_SECRET_0 61fdcb8039a56043927b78df7ab2ba534cbf8549ba1e2fa04a126c95f5cd37b6 bfe6862e4430407dd29771e9409d3467738df755a1a7c8fa0bfbaace311ce69fe560d27fad0edb78da7e73f0cc9bbad4
EXPORTER_SECRET 61fdcb8039a56043927b78df7ab2ba534cbf8549ba1e2fa04a126c95f5cd37b6 181e09309ae09267d26c21beb378670858b0a100d156092e9cd5a536afe396d4f0d268949eb962cdf352914c4454d4d6
CLIENT_TRAFFIC_SECRET_0 61fdcb8039a56043927b78df7ab2ba534cbf8549ba1e2fa04a126c95f5cd37b6 aa3612c91fc213924dcf586193d3154869c444f0ce59e5a5633b1acccdbe09b9252488db18a5036a1bde01c1e9a788ec
SERVER_HANDSHAKE_TRAFFIC_SECRET 61fdcb8039a56043927b78df7ab2ba534cbf8549ba1e2fa04a126c95f5cd37b6 0c13e910290ab56bb976e9f19cf38c1f50b08ddeb914f3ed099ea8df15567e806148201ee884a9db083d49269e12a047
CLIENT_HANDSHAKE_TRAFFIC_SECRET 61fdcb8039a56043927b78df7ab2ba534cbf8549ba1e2fa04a126c95f5cd37b6 d0c8e86c281d9d655575b05928d826fb835bc771e3749c6425f0b4825e4ec823538c86cbcc43d5410396d577057073a4
SERVER_TRAFFIC_SECRET_0 61fdcb8039a56043927b78df7ab2ba534cbf8549ba1e2fa04a126c95f5cd37b6 bfe6862e4430407dd29771e9409d3467738df755a1a7c8fa0bfbaace311ce69fe560d27fad0edb78da7e73f0cc9bbad4
CLIENT_TRAFFIC_SECRET_0 61fdcb8039a56043927b78df7ab2ba534cbf8549ba1e2fa04a126c95f5cd37b6 aa3612c91fc213924dcf586193d3154869c444f0ce59e5a5633b1acccdbe09b9252488db18a5036a1bde01c1e9a788ec
CLIENT_TRAFFIC_SECRET_0 61fdcb8039a56043927b78df7ab2ba534cbf8549ba1e2fa04a126c95f5cd37b6 aa3612c91fc213924dcf586193d3154869c444f0ce59e5a5633b1acccdbe09b9252488db18a5036a1bde01c1e9a788ec
SERVER_HANDSHAKE_TRAFFIC_SECRET e6f2c2ba7a86c5fbf991b84be3621539c0a779261b59f42490067cadc3897d15 00e1c8e2455a39045f0f51a05936493f705dd72f96aa2436b3fe789557286156d23d1e06c924db78b187c13e784363fc
CLIENT_HANDSHAKE_TRAFFIC_SECRET e6f2c2ba7a86c5fbf991b84be3621539c0a779261b59f42490067cadc3897d15 e6f350e4ea1cd5141a07b4af157d9cb9e961f4d5a933f04407940d793f8a027ec3508fdf0be099cb5a39b8ffe0deebbc
SERVER_TRAFFIC_SECRET_0 e6f2c2ba7a86c5fbf991b84be3621539c0a779261b59f42490067cadc3897d15 77799dc2cccf1d490b7267f388dc64266192d49c780eaee3e3031a69d208b4b1a38fe61f8c319f88d1e7d1981dc12b4f
EXPORTER_SECRET e6f2c2ba7a86c5fbf991b84be3621539c0a779261b59f42490067cadc3897d15 224639ce7575befe0b96bcd29cec8c7ce30ea1184f65ac3a59042b21d1521ef9d41e28d0acd1e75616241445e1f75ec4
CLIENT_TRAFFIC_SECRET_0 e6f2c2ba7a86c5fbf991b84be3621539c0a779261b59f42490067cadc3897d15 d7902110aa87c7eb2fe4fc9d13d7e05020424abf0e51825e49ba31593711564a89de99c7118969812865c2cfe3ddce3e
SERVER_HANDSHAKE_TRAFFIC_SECRET e6f2c2ba7a86c5fbf991b84be3621539c0a779261b59f42490067cadc3897d15 00e1c8e2455a39045f0f51a05936493f705dd72f96aa2436b3fe789557286156d23d1e06c924db78b187c13e784363fc
CLIENT_HANDSHAKE_TRAFFIC_SECRET e6f2c2ba7a86c5fbf991b84be3621539c0a779261b59f42490067cadc3897d15 e6f350e4ea1cd5141a07b4af157d9cb9e961f4d5a933f04407940d793f8a027ec3508fdf0be099cb5a39b8ffe0deebbc
SERVER_TRAFFIC_SECRET_0 e6f2c2ba7a86c5fbf991b84be3621539c0a779261b59f42490067cadc3897d15 77799dc2cccf1d490b7267f388dc64266192d49c780eaee3e3031a69d208b4b1a38fe61f8c319f88d1e7d1981dc12b4f
CLIENT_TRAFFIC_SECRET_0 e6f2c2ba7a86c5fbf991b84be3621539c0a779261b59f42490067cadc3897d15 d7902110aa87c7eb2fe4fc9d13d7e05020424abf0e51825e49ba31593711564a89de99c7118969812865c2cfe3ddce3e
CLIENT_TRAFFIC_SECRET_0 e6f2c2ba7a86c5fbf991b84be3621539c0a779261b59f42490067cadc3897d15 d7902110aa87c7eb2fe4fc9d13d7e05020424abf0e51825e49ba31593711564a89de99c7118969812865c2cfe3ddce3e
SERVER_HANDSHAKE_TRAFFIC_SECRET a02cf60284287a1333f34620fc59742cf244d7170aef0e7feca40c88d33f8ab9 30e977281350e0fc9e185b47715fc05879d4c97051df3f2ab0637c00b997ba5dbe03e11e8e7ce91687a02af59deefcba
CLIENT_HANDSHAKE_TRAFFIC_SECRET a02cf60284287a1333f34620fc59742cf244d7170aef0e7feca40c88d33f8ab9 772a6fa7d572c1606e7040ea1372bb72f1514ebe5702e734e3d38126ec3a6158031aa496c00bf97d69badd98b148df63
SERVER_TRAFFIC_SECRET_0 a02cf60284287a1333f34620fc59742cf244d7170aef0e7feca40c88d33f8ab9 0d684656c81abfb7f6578b484bbff0ef4eda16685b4ab7fc81e388834eec3601a7d6c159880bb7ed6bbb70955822689c
EXPORTER_SECRET a02cf60284287a1333f34620fc59742cf244d7170aef0e7feca40c88d33f8ab9 3c6d58c4a72d16c80a161396f8348032b2eb163a67391c674f2451aeb1dafc3128f7478ef2c3006220b1680301210f79
CLIENT_TRAFFIC_SECRET_0 a02cf60284287a1333f34620fc59742cf244d7170aef0e7feca40c88d33f8ab9 ed32d1dd0b27f82b16eb9f4edfb1a74cb0c03a3a78f720d7fe5ed5314fe763bfeca147ac698b39c64e8a24e5d6afb0f7
SERVER_HANDSHAKE_TRAFFIC_SECRET a02cf60284287a1333f34620fc59742cf244d7170aef0e7feca40c88d33f8ab9 30e977281350e0fc9e185b47715fc05879d4c97051df3f2ab0637c00b997ba5dbe03e11e8e7ce91687a02af59deefcba
CLIENT_HANDSHAKE_TRAFFIC_SECRET a02cf60284287a1333f34620fc59742cf244d7170aef0e7feca40c88d33f8ab9 772a6fa7d572c1606e7040ea1372bb72f1514ebe5702e734e3d38126ec3a6158031aa496c00bf97d69badd98b148df63
SERVER_TRAFFIC_SECRET_0 a02cf60284287a1333f34620fc59742cf244d7170aef0e7feca40c88d33f8ab9 0d684656c81abfb7f6578b484bbff0ef4eda16685b4ab7fc81e388834eec3601a7d6c159880bb7ed6bbb70955822689c
CLIENT_TRAFFIC_SECRET_0 a02cf60284287a1333f34620fc59742cf244d7170aef0e7feca40c88d33f8ab9 ed32d1dd0b27f82b16eb9f4edfb1a74cb0c03a3a78f720d7fe5ed5314fe763bfeca147ac698b39c64e8a24e5d6afb0f7
CLIENT_TRAFFIC_SECRET_0 a02cf60284287a1333f34620fc59742cf244d7170aef0e7feca40c88d33f8ab9 ed32d1dd0b27f82b16eb9f4edfb1a74cb0c03a3a78f720d7fe5ed5314fe763bfeca147ac698b39c64e8a24e5d6afb0f7
SERVER_HANDSHAKE_TRAFFIC_SECRET ca26f7fabde12d28130d459a1e91bce66440e25cc9597a74578cdabb02c5f4a0 b2d4f55113802a7ace4a9db0412b531dc3667cbe5689a8c0217cd4b2595ebbe2fff9234a238ece631d907da57a115ce2
CLIENT_HANDSHAKE_TRAFFIC_SECRET ca26f7fabde12d28130d459a1e91bce66440e25cc9597a74578cdabb02c5f4a0 d89a2fe2713ca4b8cf37e933d5b24ac4cc7ad0477f41f95122c43df52a4242860c9145683e6b085176ab3b850dd96699
SERVER_TRAFFIC_SECRET_0 ca26f7fabde12d28130d459a1e91bce66440e25cc9597a74578cdabb02c5f4a0 a9b26ce00776f978bd0f413ee01f3bcfd7748014d62b6a84576c8fd34d765eaf82e26826dded615e726e4bc05e401540
EXPORTER_SECRET ca26f7fabde12d28130d459a1e91bce66440e25cc9597a74578cdabb02c5f4a0 520a9ed06327974f61268f671a868302e4ae289f5b2d8fb1713b74e641587ad27023892935810d38fffe8ae8b9725baa
CLIENT_TRAFFIC_SECRET_0 ca26f7fabde12d28130d459a1e91bce66440e25cc9597a74578cdabb02c5f4a0 dc68594821514e5419be9ebb1ebb685cd9495fe528d176460c9505ec54fd38aba9d45ff60c58c4eb92363ab2a9a7ac3f
SERVER_HANDSHAKE_TRAFFIC_SECRET ca26f7fabde12d28130d459a1e91bce66440e25cc9597a74578cdabb02c5f4a0 b2d4f55113802a7ace4a9db0412b531dc3667cbe5689a8c0217cd4b2595ebbe2fff9234a238ece631d907da57a115ce2
CLIENT_HANDSHAKE_TRAFFIC_SECRET ca26f7fabde12d28130d459a1e91bce66440e25cc9597a74578cdabb02c5f4a0 d89a2fe2713ca4b8cf37e933d5b24ac4cc7ad0477f41f95122c43df52a4242860c9145683e6b085176ab3b850dd96699
SERVER_TRAFFIC_SECRET_0 ca26f7fabde12d28130d459a1e91bce66440e25cc9597a74578cdabb02c5f4a0 a9b26ce00776f978bd0f413ee01f3bcfd7748014d62b6a84576c8fd34d765eaf82e26826dded615e726e4bc05e401540
CLIENT_TRAFFIC_SECRET_0 ca26f7fabde12d28130d459a1e91bce66440e25cc9597a74578cdabb02c5f4a0 dc68594821514e5419be9ebb1ebb685cd9495fe528d176460c9505ec54fd38aba9d45ff60c58c4eb92363ab2a9a7ac3f
CLIENT_TRAFFIC_SECRET_0 ca26f7fabde12d28130d459a1e91bce66440e25cc9597a74578cdabb02c5f4a0 dc68594821514e5419be9ebb1ebb685cd9495fe528d176460c9505ec54fd38aba9d45ff60c58c4eb92363ab2a9a7ac3f
SERVER_HANDSHAKE_TRAFFIC_SECRET 7e07d03849a5d9b4c195dbb44e62cc7b2c8a94f6a6e21dfbf67590ddf1ed1664 139d905b1f10926f8c47a992b07fc15dbfd36a02223fb5d37c1691042228c6d3d478393fc625a3de7811e04f8626aff2
CLIENT_HANDSHAKE_TRAFFIC_SECRET 7e07d03849a5d9b4c195dbb44e62cc7b2c8a94f6a6e21dfbf67590ddf1ed1664 e0c0287dd80ff6b4f02ee0a278d024435364f48b41b37343bb1061d0ac2015e1e95ca04f6c6482fc1a55fb724f028640
SERVER_TRAFFIC_SECRET_0 7e07d03849a5d9b4c195dbb44e62cc7b2c8a94f6a6e21dfbf67590ddf1ed1664 047767e6ed87098dc9fd68cd837cbc6d625ddb4cbb01063a8c47fa2eef74712f0b3b4d7b79af7eadbaba35610925e3de
EXPORTER_SECRET 7e07d03849a5d9b4c195dbb44e62cc7b2c8a94f6a6e21dfbf67590ddf1ed1664 381bfc5a2c85c270d54d2a75eaf75553783253292afb371cba224eb36454d1208d53a7590d8e26c9fea92eb63c39428f
CLIENT_TRAFFIC_SECRET_0 7e07d03849a5d9b4c195dbb44e62cc7b2c8a94f6a6e21dfbf67590ddf1ed1664 b09b80fa866837af95e1ed4055117fc2e290a1b00f21a61b766dfea49e5ea928fc4fdb38f7f18bd444274f4c577b8a7b
SERVER_HANDSHAKE_TRAFFIC_SECRET 7e07d03849a5d9b4c195dbb44e62cc7b2c8a94f6a6e21dfbf67590ddf1ed1664 139d905b1f10926f8c47a992b07fc15dbfd36a02223fb5d37c1691042228c6d3d478393fc625a3de7811e04f8626aff2
CLIENT_HANDSHAKE_TRAFFIC_SECRET 7e07d03849a5d9b4c195dbb44e62cc7b2c8a94f6a6e21dfbf67590ddf1ed1664 e0c0287dd80ff6b4f02ee0a278d024435364f48b41b37343bb1061d0ac2015e1e95ca04f6c6482fc1a55fb724f028640
SERVER_TRAFFIC_SECRET_0 7e07d03849a5d9b4c195dbb44e62cc7b2c8a94f6a6e21dfbf67590ddf1ed1664 047767e6ed87098dc9fd68cd837cbc6d625ddb4cbb01063a8c47fa2eef74712f0b3b4d7b79af7eadbaba35610925e3de
CLIENT_TRAFFIC_SECRET_0 7e07d03849a5d9b4c195dbb44e62cc7b2c8a94f6a6e21dfbf67590ddf1ed1664 b09b80fa866837af95e1ed4055117fc2e290a1b00f21a61b766dfea49e5ea928fc4fdb38f7f18bd444274f4c577b8a7b
CLIENT_TRAFFIC_SECRET_0 7e07d03849a5d9b4c195dbb44e62cc7b2c8a94f6a6e21dfbf67590ddf1ed1664 b09b80fa866837af95e1ed4055117fc2e290a1b00f21a61b766dfea49e5ea928fc4fdb38f7f18bd444274f4c577b8a7b
SERVER_HANDSHAKE_TRAFFIC_SECRET ebeef5e3bd7c0d99be6c6e91d35bc17c9958122e0f3f5511730ae3fca2e82f51 d0a299db8b0d4a6db9f1bb27b31d880244e6ac2e87ea76116c1e96b65370f9530fd436640850fea2beae9910cd45725c
CLIENT_HANDSHAKE_TRAFFIC_SECRET ebeef5e3bd7c0d99be6c6e91d35bc17c9958122e0f3f5511730ae3fca2e82f51 06a5d2b84f9a30de7aff3a6ab9f26b738697f0b26bcb3b08e50a05a1755f5336fb89241c54da8033f4f06f71201faf44
SERVER_TRAFFIC_SECRET_0 ebeef5e3bd7c0d99be6c6e91d35bc17c9958122e0f3f5511730ae3fca2e82f51 613d5a5d9d6198cf130e81258aca1899cf66c5f2917a2071d0af0ef1cd0dc684d0758cb900b5d53b3094c4e282c5fd14
EXPORTER_SECRET ebeef5e3bd7c0d99be6c6e91d35bc17c9958122e0f3f5511730ae3fca2e82f51 aafc57fb0365a89309cbc7edc4c74dfe038701b19c13948d9d4c6a9e96d34801e16d4d082d3be164923acb4971031bae
CLIENT_TRAFFIC_SECRET_0 ebeef5e3bd7c0d99be6c6e91d35bc17c9958122e0f3f5511730ae3fca2e82f51 adb90f046bff47da749cbb1feb1513aa3d05d5684a12cf6e01a01f9f605d9b9c5d3a6884c4a8b740435a481f687c9de2
SERVER_HANDSHAKE_TRAFFIC_SECRET ebeef5e3bd7c0d99be6c6e91d35bc17c9958122e0f3f5511730ae3fca2e82f51 d0a299db8b0d4a6db9f1bb27b31d880244e6ac2e87ea76116c1e96b65370f9530fd436640850fea2beae9910cd45725c
CLIENT_HANDSHAKE_TRAFFIC_SECRET ebeef5e3bd7c0d99be6c6e91d35bc17c9958122e0f3f5511730ae3fca2e82f51 06a5d2b84f9a30de7aff3a6ab9f26b738697f0b26bcb3b08e50a05a1755f5336fb89241c54da8033f4f06f71201faf44
SERVER_TRAFFIC_SECRET_0 ebeef5e3bd7c0d99be6c6e91d35bc17c9958122e0f3f5511730ae3fca2e82f51 613d5a5d9d6198cf130e81258aca1899cf66c5f2917a2071d0af0ef1cd0dc684d0758cb900b5d53b3094c4e282c5fd14
CLIENT_TRAFFIC_SECRET_0 ebeef5e3bd7c0d99be6c6e91d35bc17c9958122e0f3f5511730ae3fca2e82f51 adb90f046bff47da749cbb1feb1513aa3d05d5684a12cf6e01a01f9f605d9b9c5d3a6884c4a8b740435a481f687c9de2
CLIENT_TRAFFIC_SECRET_0 ebeef5e3bd7c0d99be6c6e91d35bc17c9958122e0f3f5511730ae3fca2e82f51 adb90f046bff47da749cbb1feb1513aa3d05d5684a12cf6e01a01f9f605d9b9c5d3a6884c4a8b740435a481f687c9de2
SERVER_HANDSHAKE_TRAFFIC_SECRET 5437cb60304134546808dc633cbe757be36a56125121b81ee074da59b67e0e9c 70eee890d2cd0c82ad6f60e65e04692baf23fa3d1b55b8539d83bb3b68f18466ecbeb14666bba9bbab953fb1575574c7
CLIENT_HANDSHAKE_TRAFFIC_SECRET 5437cb60304134546808dc633cbe757be36a56125121b81ee074da59b67e0e9c c53f26295148ef5de9588b5aa0f85a23a8e48a09303629366734fb87d1d426647114f1e6a0dd092a5e12f40e10208705
SERVER_TRAFFIC_SECRET_0 5437cb60304134546808dc633cbe757be36a56125121b81ee074da59b67e0e9c e11ce5475940b8e45de6b3613434743d204264b8aa0cf40c11b1192b4ef0cb3f5a849abacc8c41ca9d2e31909991b49c
EXPORTER_SECRET 5437cb60304134546808dc633cbe757be36a56125121b81ee074da59b67e0e9c 29bd3f4b56f3958f8badc3998fe9fbc4bf0638de6a5cad05480583673d1d90d73022fceaab51b51f1cba5fba800198e6
CLIENT_TRAFFIC_SECRET_0 5437cb60304134546808dc633cbe757be36a56125121b81ee074da59b67e0e9c 61127c8de866585d7a28b2227f9eff1c819d90fa82ea467e42bf128cf9f1eb5a85d7bf6fc4d04f950db92585b7889808
SERVER_HANDSHAKE_TRAFFIC_SECRET 5437cb60304134546808dc633cbe757be36a56125121b81ee074da59b67e0e9c 70eee890d2cd0c82ad6f60e65e04692baf23fa3d1b55b8539d83bb3b68f18466ecbeb14666bba9bbab953fb1575574c7
CLIENT_HANDSHAKE_TRAFFIC_SECRET 5437cb60304134546808dc633cbe757be36a56125121b81ee074da59b67e0e9c c53f26295148ef5de9588b5aa0f85a23a8e48a09303629366734fb87d1d426647114f1e6a0dd092a5e12f40e10208705
SERVER_TRAFFIC_SECRET_0 5437cb60304134546808dc633cbe757be36a56125121b81ee074da59b67e0e9c e11ce5475940b8e45de6b3613434743d204264b8aa0cf40c11b1192b4ef0cb3f5a849abacc8c41ca9d2e31909991b49c
CLIENT_TRAFFIC_SECRET_0 5437cb60304134546808dc633cbe757be36a56125121b81ee074da59b67e0e9c 61127c8de866585d7a28b2227f9eff1c819d90fa82ea467e42bf128cf9f1eb5a85d7bf6fc4d04f950db92585b7889808
CLIENT_TRAFFIC_SECRET_0 5437cb60304134546808dc633cbe757be36a56125121b81ee074da59b67e0e9c 61127c8de866585d7a28b2227f9eff1c819d90fa82ea467e42bf128cf9f1eb5a85d7bf6fc4d04f950db92585b7889808
SERVER_HANDSHAKE_TRAFFIC_SECRET 1cee378267bab181e901d75199921d70f60acea45f8b5d940a0d1780eaaa5a8d 98092ee9b004e9593c2a54f952bd5c54ef23943fb55fc0a23c11bf63cbe53be7c67bb65a0f1b1eff2a05d713ab6ad81a
CLIENT_HANDSHAKE_TRAFFIC_SECRET 1cee378267bab181e901d75199921d70f60acea45f8b5d940a0d1780eaaa5a8d 1a4197ff006f9797e9827fc28b738fc010372c1747981432a6973d1da48944e84d3430eaa3275bfc12bc065f47f50de6
SERVER_TRAFFIC_SECRET_0 1cee378267bab181e901d75199921d70f60acea45f8b5d940a0d1780eaaa5a8d 9e07cac49e2577edf5603557c0f2094e59430c689dca1fd0658d10fe856e5f61dccc12c4f7f17d0976098f3b9605d488
EXPORTER_SECRET 1cee378267bab181e901d75199921d70f60acea45f8b5d940a0d1780eaaa5a8d bcc92d03b022da31f6443a39b1b1d7af09807904ea46036c6438fd64bb878700432f88657c69b1a1daf620759785f2ec
CLIENT_TRAFFIC_SECRET_0 1cee378267bab181e901d75199921d70f60acea45f8b5d940a0d1780eaaa5a8d 893e01111ff57e1cf55a88d798214b93c68e18750cd3e850cfec28eab08e8495e951afdfe5670eb520baf5c7be2c0916
SERVER_HANDSHAKE_TRAFFIC_SECRET 1cee378267bab181e901d75199921d70f60acea45f8b5d940a0d1780eaaa5a8d 98092ee9b004e9593c2a54f952bd5c54ef23943fb55fc0a23c11bf63cbe53be7c67bb65a0f1b1eff2a05d713ab6ad81a
CLIENT_HANDSHAKE_TRAFFIC_SECRET 1cee378267bab181e901d75199921d70f60acea45f8b5d940a0d1780eaaa5a8d 1a4197ff006f9797e9827fc28b738fc010372c1747981432a6973d1da48944e84d3430eaa3275bfc12bc065f47f50de6
SERVER_TRAFFIC_SECRET_0 1cee378267bab181e901d75199921d70f60acea45f8b5d940a0d1780eaaa5a8d 9e07cac49e2577edf5603557c0f2094e59430c689dca1fd0658d10fe856e5f61dccc12c4f7f17d0976098f3b9605d488
CLIENT_TRAFFIC_SECRET_0 1cee378267bab181e901d75199921d70f60acea45f8b5d940a0d1780eaaa5a8d 893e01111ff57e1cf55a88d798214b93c68e18750cd3e850cfec28eab08e8495e951afdfe5670eb520baf5c7be2c0916
CLIENT_TRAFFIC_SECRET_0 1cee378267bab181e901d75199921d70f60acea45f8b5d940a0d1780eaaa5a8d 893e01111ff57e1cf55a88d798214b93c68e18750cd3e850cfec28eab08e8495e951afdfe5670eb520baf5c7be2c0916
SERVER_HANDSHAKE_TRAFFIC_SECRET 7f520edc7e437f6b4f551b87627adb35b551cb25cac1bb6e595c94749ed69137 98dc955026287eb71e071163b1328413b7bb81f7c05d55523f208d474dcf82ca8be4b1cafd0819aa3278aec7266c3baa
CLIENT_HANDSHAKE_TRAFFIC_SECRET 7f520edc7e437f6b4f551b87627adb35b551cb25cac1bb6e595c94749ed69137 b70207290851c47e7298a07eb1fd72694c3fb5797b877a117f4d501f02b355f14c2e37b3bda806454b334ff676add301
SERVER_TRAFFIC_SECRET_0 7f520edc7e437f6b4f551b87627adb35b551cb25cac1bb6e595c94749ed69137 084156735f1b792dbd7cbc835b66a214ef6a9feeb2e5b56d46ad4a807e54d969f62893f398ff4d1be41deaae18352fb6
EXPORTER_SECRET 7f520edc7e437f6b4f551b87627adb35b551cb25cac1bb6e595c94749ed69137 9a622402f2bdf8beee89a476af4e411c29e9fee24605b67b362d80c1eb8ae988cd5d2788407962aa5177a35162bfdaa0
CLIENT_TRAFFIC_SECRET_0 7f520edc7e437f6b4f551b87627adb35b551cb25cac1bb6e595c94749ed69137 fe9786e7eeecc884cb42b218a91411b80522275bb6614dc32f980b61c27eee69a7ea6344731f75f598648eb1ed9803fa
SERVER_HANDSHAKE_TRAFFIC_SECRET 7f520edc7e437f6b4f551b87627adb35b551cb25cac1bb6e595c94749ed69137 98dc955026287eb71e071163b1328413b7bb81f7c05d55523f208d474dcf82ca8be4b1cafd0819aa3278aec7266c3baa
CLIENT_HANDSHAKE_TRAFFIC_SECRET 7f520edc7e437f6b4f551b87627adb35b551cb25cac1bb6e595c94749ed69137 b70207290851c47e7298a07eb1fd72694c3fb5797b877a117f4d501f02b355f14c2e37b3bda806454b334ff676add301
SERVER_TRAFFIC_SECRET_0 7f520edc7e437f6b4f551b87627adb35b551cb25cac1bb6e595c94749ed69137 084156735f1b792dbd7cbc835b66a214ef6a9feeb2e5b56d46ad4a807e54d969f62893f398ff4d1be41deaae18352fb6
CLIENT_TRAFFIC_SECRET_0 7f520edc7e437f6b4f551b87627adb35b551cb25cac1bb6e595c94749ed69137 fe9786e7eeecc884cb42b218a91411b80522275bb6614dc32f980b61c27eee69a7ea6344731f75f598648eb1ed9803fa
CLIENT_TRAFFIC_SECRET_0 7f520edc7e437f6b4f551b87627adb35b551cb25cac1bb6e595c94749ed69137 fe9786e7eeecc884cb42b218a91411b80522275bb6614dc32f980b61c27eee69a7ea6344731f75f598648eb1ed9803fa
SERVER_HANDSHAKE_TRAFFIC_SECRET e789ba34b96c312a1c8bf645fb10d8d71bac1653ea7779d568bd55e30e5d9d82 50ac0415eeb13711d41e5380b9e00ff2c7c94f106ddfc2056a632a47e2f096c458bae8aa12150608f0999d8b75bc7ed8
CLIENT_HANDSHAKE_TRAFFIC_SECRET e789ba34b96c312a1c8bf645fb10d8d71bac1653ea7779d568bd55e30e5d9d82 60c98e5f3967a3c2eff36f3baf41b38a186f94533004a1c201cbfe4d99c1a5424e09c221a0492366323956b509333987
SERVER_TRAFFIC_SECRET_0 e789ba34b96c312a1c8bf645fb10d8d71bac1653ea7779d568bd55e30e5d9d82 5115b8a0ac0b41580c5e84ce7bcb9999c19f7b8727dd554605229bc186a4bb8d49c1378f13157a310bd2350ec9ac75da
EXPORTER_SECRET e789ba34b96c312a1c8bf645fb10d8d71bac1653ea7779d568bd55e30e5d9d82 f9cd1f7fb3b56513e1e60221d4784a04df782e48469111c529b32909b1d635843e6bb5eca4eec01ef9a4d02ae5bad093
CLIENT_TRAFFIC_SECRET_0 e789ba34b96c312a1c8bf645fb10d8d71bac1653ea7779d568bd55e30e5d9d82 264efb3daaf6ae56ec90f4b12c2c62e43cb67f3057a2bdee75869d8470130d5a0c739dd25ea463219b8c69457c05f8c2
SERVER_HANDSHAKE_TRAFFIC_SECRET e789ba34b96c312a1c8bf645fb10d8d71bac1653ea7779d568bd55e30e5d9d82 50ac0415eeb13711d41e5380b9e00ff2c7c94f106ddfc2056a632a47e2f096c458bae8aa12150608f0999d8b75bc7ed8
CLIENT_HANDSHAKE_TRAFFIC_SECRET e789ba34b96c312a1c8bf645fb10d8d71bac1653ea7779d568bd55e30e5d9d82 60c98e5f3967a3c2eff36f3baf41b38a186f94533004a1c201cbfe4d99c1a5424e09c221a0492366323956b509333987
SERVER_TRAFFIC_SECRET_0 e789ba34b96c312a1c8bf645fb10d8d71bac1653ea7779d568bd55e30e5d9d82 5115b8a0ac0b41580c5e84ce7bcb9999c19f7b8727dd554605229bc186a4bb8d49c1378f13157a310bd2350ec9ac75da
CLIENT_TRAFFIC_SECRET_0 e789ba34b96c312a1c8bf645fb10d8d71bac1653ea7779d568bd55e30e5d9d82 264efb3daaf6ae56ec90f4b12c2c62e43cb67f3057a2bdee75869d8470130d5a0c739dd25ea463219b8c69457c05f8c2
CLIENT_TRAFFIC_SECRET_0 e789ba34b96c312a1c8bf645fb10d8d71bac1653ea7779d568bd55e30e5d9d82 264efb3daaf6ae56ec90f4b12c2c62e43cb67f3057a2bdee75869d8470130d5a0c739dd25ea463219b8c69457c05f8c2
SERVER_HANDSHAKE_TRAFFIC_SECRET fc236a0f5689eda98a614e70851a17b213fb651189f5c7f5ae7f055f94c29bc9 4a1dfbba7b222c720f238f9804749af287c7449d4fd48a5a7c211957af5cb3fff731045ebb7dadfd88f8384552e35662
CLIENT_HANDSHAKE_TRAFFIC_SECRET fc236a0f5689eda98a614e70851a17b213fb651189f5c7f5ae7f055f94c29bc9 9a0f75ee259548b05af1296da57ce27488e0a4637fae586f96e8d18014b719fbd96f6fca07834a3ed9eed0acedb633d4
SERVER_TRAFFIC_SECRET_0 fc236a0f5689eda98a614e70851a17b213fb651189f5c7f5ae7f055f94c29bc9 e2dcff9892b20dd4d38cce49daf894477fcdc12f52abea657e026e09995d64434490cbb1c141462f891681a011417195
EXPORTER_SECRET fc236a0f5689eda98a614e70851a17b213fb651189f5c7f5ae7f055f94c29bc9 c4982c0bbb37935256331b50bd7c7d6aff1d405c6ad7a92a0d55d74767dd2146eaf752219eb9aa4e4fb70007cb2d714e
CLIENT_TRAFFIC_SECRET_0 fc236a0f5689eda98a614e70851a17b213fb651189f5c7f5ae7f055f94c29bc9 842b00ae92f52c2e5342ee5f76371845a8f0dd8aa2b5db014f6f1984541e6b8be036eabdfe963fa2e5bc4e92d49b42e7
SERVER_HANDSHAKE_TRAFFIC_SECRET fc236a0f5689eda98a614e70851a17b213fb651189f5c7f5ae7f055f94c29bc9 4a1dfbba7b222c720f238f9804749af287c7449d4fd48a5a7c211957af5cb3fff731045ebb7dadfd88f8384552e35662
CLIENT_HANDSHAKE_TRAFFIC_SECRET fc236a0f5689eda98a614e70851a17b213fb651189f5c7f5ae7f055f94c29bc9 9a0f75ee259548b05af1296da57ce27488e0a4637fae586f96e8d18014b719fbd96f6fca07834a3ed9eed0acedb633d4
SERVER_TRAFFIC_SECRET_0 fc236a0f5689eda98a614e70851a17b213fb651189f5c7f5ae7f055f94c29bc9 e2dcff9892b20dd4d38cce49daf894477fcdc12f52abea657e026e09995d64434490cbb1c141462f891681a011417195
CLIENT_TRAFFIC_SECRET_0 fc236a0f5689eda98a614e70851a17b213fb651189f5c7f5ae7f055f94c29bc9 842b00ae92f52c2e5342ee5f76371845a8f0dd8aa2b5db014f6f1984541e6b8be036eabdfe963fa2e5bc4e92d49b42e7
CLIENT_TRAFFIC_SECRET_0 fc236a0f5689eda98a614e70851a17b213fb651189f5c7f5ae7f055f94c29bc9 842b00ae92f52c2e5342ee5f76371845a8f0dd8aa2b5db014f6f1984541e6b8be036eabdfe963fa2e5bc4e92d49b42e7
SERVER_HANDSHAKE_TRAFFIC_SECRET 0b976bc0c9f0975132806f3ee04b83d9979e75dce7e22e9ccdfb7e533334eb3b 37a0d8b0ed0ce4753601aa5c98e803b40c7ffec84fff3bf2f42d62e410c82cec7a224229bb965178b2d3f20bba5e586b
CLIENT_HANDSHAKE_TRAFFIC_SECRET 0b976bc0c9f0975132806f3ee04b83d9979e75dce7e22e9ccdfb7e533334eb3b b9929147efa2c564f3c3f4ed7c14a891fdea965f72f13dac33d4b5160eac99a77a3171a81ec5eb1e426472fb48194361
SERVER_TRAFFIC_SECRET_0 0b976bc0c9f0975132806f3ee04b83d9979e75dce7e22e9ccdfb7e533334eb3b 0081fcc7df0790db9e7fbc42100b7dfde731927b475a303fa8bae7e344b15e7762511ef3d004c331e197f457299b90c5
EXPORTER_SECRET 0b976bc0c9f0975132806f3ee04b83d9979e75dce7e22e9ccdfb7e533334eb3b 9ee5195cc41014f713e80d6a3a20f2de0b46ffd9d171820bbae75296caea2e08da3dae573aa80ecace996680f9ff7ee2
CLIENT_TRAFFIC_SECRET_0 0b976bc0c9f0975132806f3ee04b83d9979e75dce7e22e9ccdfb7e533334eb3b cccb6393b72de6e29c10fc1b4a7f1a841ab3a2c32c0ac85f6fd98db0dbb5c6de7c0d18a758a8d8d7ede56bd1c6d068d4
SERVER_HANDSHAKE_TRAFFIC_SECRET 0b976bc0c9f0975132806f3ee04b83d9979e75dce7e22e9ccdfb7e533334eb3b 37a0d8b0ed0ce4753601aa5c98e803b40c7ffec84fff3bf2f42d62e410c82cec7a224229bb965178b2d3f20bba5e586b
CLIENT_HANDSHAKE_TRAFFIC_SECRET 0b976bc0c9f0975132806f3ee04b83d9979e75dce7e22e9ccdfb7e533334eb3b b9929147efa2c564f3c3f4ed7c14a891fdea965f72f13dac33d4b5160eac99a77a3171a81ec5eb1e426472fb48194361
SERVER_TRAFFIC_SECRET_0 0b976bc0c9f0975132806f3ee04b83d9979e75dce7e22e9ccdfb7e533334eb3b 0081fcc7df0790db9e7fbc42100b7dfde731927b475a303fa8bae7e344b15e7762511ef3d004c331e197f457299b90c5
CLIENT_TRAFFIC_SECRET_0 0b976bc0c9f0975132806f3ee04b83d9979e75dce7e22e9ccdfb7e533334eb3b cccb6393b72de6e29c10fc1b4a7f1a841ab3a2c32c0ac85f6fd98db0dbb5c6de7c0d18a758a8d8d7ede56bd1c6d068d4
CLIENT_TRAFFIC_SECRET_0 0b976bc0c9f0975132806f3ee04b83d9979e75dce7e22e9ccdfb7e533334eb3b cccb6393b72de6e29c10fc1b4a7f1a841ab3a2c32c0ac85f6fd98db0dbb5c6de7c0d18a758a8d8d7ede56bd1c6d068d4
SERVER_HANDSHAKE_TRAFFIC_SECRET 0003955b4cb764971d493240afa3f9396dc6d21768d21b70f3d46967ff19be20 d0fb1c4270677752621d74f105332d065b4486e3cfb34a36f8444e9a19702efa83d5a17e855698924b5a1919f1f0880f
CLIENT_HANDSHAKE_TRAFFIC_SECRET 0003955b4cb764971d493240afa3f9396dc6d21768d21b70f3d46967ff19be20 51876b0605011a8fcc4216f04dab6ceeec23022bbe9131938cab5a31cb3476922af8647e8c00ec69cc8f137cb1722f93
SERVER_TRAFFIC_SECRET_0 0003955b4cb764971d493240afa3f9396dc6d21768d21b70f3d46967ff19be20 fc1e40e00671c7fb865abb7735c2b27ee14000fc124a3c353e5d7da87f0509c339ad215147304c4172f8ac71b1d1d998
EXPORTER_SECRET 0003955b4cb764971d493240afa3f9396dc6d21768d21b70f3d46967ff19be20 dd8ce95b6e9b618a702d1e78e0e1cdf4a92487551d549eee98928cef21460de2a95ebdff480b5aa39c82c5656609f6c4
CLIENT_TRAFFIC_SECRET_0 0003955b4cb764971d493240afa3f9396dc6d21768d21b70f3d46967ff19be20 2b3a478c9c2fbb0e12ab73a4caa186de8aafbc703806a586620fd2ff86ed703ce6a5d1f4e9b5f4c6ec7694c7fe9dbf7b
SERVER_HANDSHAKE_TRAFFIC_SECRET 0003955b4cb764971d493240afa3f9396dc6d21768d21b70f3d46967ff19be20 d0fb1c4270677752621d74f105332d065b4486e3cfb34a36f8444e9a19702efa83d5a17e855698924b5a1919f1f0880f
CLIENT_HANDSHAKE_TRAFFIC_SECRET 0003955b4cb764971d493240afa3f9396dc6d21768d21b70f3d46967ff19be20 51876b0605011a8fcc4216f04dab6ceeec23022bbe9131938cab5a31cb3476922af8647e8c00ec69cc8f137cb1722f93
SERVER_TRAFFIC_SECRET_0 0003955b4cb764971d493240afa3f9396dc6d21768d21b70f3d46967ff19be20 fc1e40e00671c7fb865abb7735c2b27ee14000fc124a3c353e5d7da87f0509c339ad215147304c4172f8ac71b1d1d998
CLIENT_TRAFFIC_SECRET_0 0003955b4cb764971d493240afa3f9396dc6d21768d21b70f3d46967ff19be20 2b3a478c9c2fbb0e12ab73a4caa186de8aafbc703806a586620fd2ff86ed703ce6a5d1f4e9b5f4c6ec7694c7fe9dbf7b
CLIENT_TRAFFIC_SECRET_0 0003955b4cb764971d493240afa3f9396dc6d21768d21b70f3d46967ff19be20 2b3a478c9c2fbb0e12ab73a4caa186de8aafbc703806a586620fd2ff86ed703ce6a5d1f4e9b5f4c6ec7694c7fe9dbf7b
SERVER_HANDSHAKE_TRAFFIC_SECRET 69d7551cf7f7c0f0859cb61e7b18fb418b46f43b610c6b6b6ef337e0aab2598a c90bb138d2cd567595f9cf2a067fc9d240c23c9c1ca9b7c28ff9b946583c734038387fb25330f232bebe0b0604afba3e
CLIENT_HANDSHAKE_TRAFFIC_SECRET 69d7551cf7f7c0f0859cb61e7b18fb418b46f43b610c6b6b6ef337e0aab2598a 4b21f4fc02ee02894d03e0b080a3b6a2f241176a437f3db410b754f4ae48c19ec65edb98b1a35c887063116b54cf4ed3
SERVER_TRAFFIC_SECRET_0 69d7551cf7f7c0f0859cb61e7b18fb418b46f43b610c6b6b6ef337e0aab2598a 88f58e9b87f7232d3ca8dfa5de645a3af769f725ab2bfae8c70f65890afb91822425332224fa1caa0c517bbf51ed90c8
EXPORTER_SECRET 69d7551cf7f7c0f0859cb61e7b18fb418b46f43b610c6b6b6ef337e0aab2598a 659eba19c51ab230d4c3253eaffe17d671658bfec74dcd3b937fda6f0802d12292ff2b7c73be01974fed8fa057c0d5fb
CLIENT_TRAFFIC_SECRET_0 69d7551cf7f7c0f0859cb61e7b18fb418b46f43b610c6b6b6ef337e0aab2598a 843cc196e8171e86898d1beb70af97b1ca910674b6e0f80b9c6d4e01134dc30c3d5a7f21dd22f9b904f3e36654f827c8
SERVER_HANDSHAKE_TRAFFIC_SECRET 69d7551cf7f7c0f0859cb61e7b18fb418b46f43b610c6b6b6ef337e0aab2598a c90bb138d2cd567595f9cf2a067fc9d240c23c9c1ca9b7c28ff9b946583c734038387fb25330f232bebe0b0604afba3e
CLIENT_HANDSHAKE_TRAFFIC_SECRET 69d7551cf7f7c0f0859cb61e7b18fb418b46f43b610c6b6b6ef337e0aab2598a 4b21f4fc02ee02894d03e0b080a3b6a2f241176a437f3db410b754f4ae48c19ec65edb98b1a35c887063116b54cf4ed3
SERVER_TRAFFIC_SECRET_0 69d7551cf7f7c0f0859cb61e7b18fb418b46f43b610c6b6b6ef337e0aab2598a 88f58e9b87f7232d3ca8dfa5de645a3af769f725ab2bfae8c70f65890afb91822425332224fa1caa0c517bbf51ed90c8
CLIENT_TRAFFIC_SECRET_0 69d7551cf7f7c0f0859cb61e7b18fb418b46f43b610c6b6b6ef337e0aab2598a 843cc196e8171e86898d1beb70af97b1ca910674b6e0f80b9c6d4e01134dc30c3d5a7f21dd22f9b904f3e36654f827c8
CLIENT_TRAFFIC_SECRET_0 69d7551cf7f7c0f0859cb61e7b18fb418b46f43b610c6b6b6ef337e0aab2598a 843cc196e8171e86898d1beb70af97b1ca910674b6e0f80b9c6d4e01134dc30c3d5a7f21dd22f9b904f3e36654f827c8
SERVER_HANDSHAKE_TRAFFIC_SECRET c0ab1090ab74f0283f0dde27675cfc03e71a9f4b93ede265bb73dc6994d0b132 0a718b334408c731999f309839925992bbc4122fabbbac3679e9205341fc5c50c32dde1837151ab879ea450216cd9d31
CLIENT_HANDSHAKE_TRAFFIC_SECRET c0ab1090ab74f0283f0dde27675cfc03e71a9f4b93ede265bb73dc6994d0b132 fbb74007a6bd59065ce19b050ff7ae6180a3d0bccc0d06bb6f35f1ff10f30db4cb466cdededdf644848fa81719cdaacc
SERVER_TRAFFIC_SECRET_0 c0ab1090ab74f0283f0dde27675cfc03e71a9f4b93ede265bb73dc6994d0b132 8c79a847debb5f66ebf38eda4ddf82118d9b25d2f1669683bd4b6b414bff9123c2cdffc0e62517f26e34cce354ca0309
EXPORTER_SECRET c0ab1090ab74f0283f0dde27675cfc03e71a9f4b93ede265bb73dc6994d0b132 3fa2d83793410c2d4ede7eef2ac3e894ae280d33a17144568389a1fbfa5850721748e6fa42bf2d1020a97d72af7660a3
CLIENT_TRAFFIC_SECRET_0 c0ab1090ab74f0283f0dde27675cfc03e71a9f4b93ede265bb73dc6994d0b132 89a76db3f7d556511c5a68438ef0117bf9673afbaa77aa7008c3444ab54f52f4375b25c40a12354a787286c6a8f4c386
SERVER_HANDSHAKE_TRAFFIC_SECRET c0ab1090ab74f0283f0dde27675cfc03e71a9f4b93ede265bb73dc6994d0b132 0a718b334408c731999f309839925992bbc4122fabbbac3679e9205341fc5c50c32dde1837151ab879ea450216cd9d31
CLIENT_HANDSHAKE_TRAFFIC_SECRET c0ab1090ab74f0283f0dde27675cfc03e71a9f4b93ede265bb73dc6994d0b132 fbb74007a6bd59065ce19b050ff7ae6180a3d0bccc0d06bb6f35f1ff10f30db4cb466cdededdf644848fa81719cdaacc
SERVER_TRAFFIC_SECRET_0 c0ab1090ab74f0283f0dde27675cfc03e71a9f4b93ede265bb73dc6994d0b132 8c79a847debb5f66ebf38eda4ddf82118d9b25d2f1669683bd4b6b414bff9123c2cdffc0e62517f26e34cce354ca0309
CLIENT_TRAFFIC_SECRET_0 c0ab1090ab74f0283f0dde27675cfc03e71a9f4b93ede265bb73dc6994d0b132 89a76db3f7d556511c5a68438ef0117bf9673afbaa77aa7008c3444ab54f52f4375b25c40a12354a787286c6a8f4c386
CLIENT_TRAFFIC_SECRET_0 c0ab1090ab74f0283f0dde27675cfc03e71a9f4b93ede265bb73dc6994d0b132 89a76db3f7d556511c5a68438ef0117bf9673afbaa77aa7008c3444ab54f52f4375b25c40a12354a787286c6a8f4c386
SERVER_HANDSHAKE_TRAFFIC_SECRET fcc61b851a476234688dc5b55d068c7714967732050209e1a67bcfdb7742a2e2 abe0cd8a0a9732469446c44b82719bd97e0879a9087502e336b590ab05b2c1a05d175d8e5ca0ba81fedd6be10064ad1e
CLIENT_HANDSHAKE_TRAFFIC_SECRET fcc61b851a476234688dc5b55d068c7714967732050209e1a67bcfdb7742a2e2 540158f1c869731384e044bb9a49a0aada3d7b14f818e397d2a2329304b93d21abb886348b34286733b5f8b180bbed92
SERVER_TRAFFIC_SECRET_0 fcc61b851a476234688dc5b55d068c7714967732050209e1a67bcfdb7742a2e2 f0b9fed3f46da840d112c9743e0c73119785e48228306d133474d230260705040e1000eb4523c25bcd82fea4096cc749
EXPORTER_SECRET fcc61b851a476234688dc5b55d068c7714967732050209e1a67bcfdb7742a2e2 372403b09ffc9b82f794b98ac0f8263ca50dc1c677aba8004da2e886fcf779d9a3847745920687efed2781a7879a7c8a
CLIENT_TRAFFIC_SECRET_0 fcc61b851a476234688dc5b55d068c7714967732050209e1a67bcfdb7742a2e2 275c5ee110046d37071c47377700771ef5571726523fe30aa626dd93216cb7cdf28a26a38f6dffccc1807aee7233dc9d
SERVER_HANDSHAKE_TRAFFIC_SECRET fcc61b851a476234688dc5b55d068c7714967732050209e1a67bcfdb7742a2e2 abe0cd8a0a9732469446c44b82719bd97e0879a9087502e336b590ab05b2c1a05d175d8e5ca0ba81fedd6be10064ad1e
CLIENT_HANDSHAKE_TRAFFIC_SECRET fcc61b851a476234688dc5b55d068c7714967732050209e1a67bcfdb7742a2e2 540158f1c869731384e044bb9a49a0aada3d7b14f818e397d2a2329304b93d21abb886348b34286733b5f8b180bbed92
SERVER_TRAFFIC_SECRET_0 fcc61b851a476234688dc5b55d068c7714967732050209e1a67bcfdb7742a2e2 f0b9fed3f46da840d112c9743e0c73119785e48228306d133474d230260705040e1000eb4523c25bcd82fea4096cc749
CLIENT_TRAFFIC_SECRET_0 fcc61b851a476234688dc5b55d068c7714967732050209e1a67bcfdb7742a2e2 275c5ee110046d37071c47377700771ef5571726523fe30aa626dd93216cb7cdf28a26a38f6dffccc1807aee7233dc9d
CLIENT_TRAFFIC_SECRET_0 fcc61b851a476234688dc5b55d068c7714967732050209e1a67bcfdb7742a2e2 275c5ee110046d37071c47377700771ef5571726523fe30aa626dd93216cb7cdf28a26a38f6dffccc1807aee7233dc9d
SERVER_HANDSHAKE_TRAFFIC_SECRET 37720967e3a080f1f6ac85b952799588b9d551baf3daaa02ee2ce38c53aa02d4 faf2c070824251590d6e1c0b78ce38aa5600a5f84298ae9eab04e69750b250f4a006a2dd65f6a65dfc81ea0eacf5b9cd
CLIENT_HANDSHAKE_TRAFFIC_SECRET 37720967e3a080f1f6ac85b952799588b9d551baf3daaa02ee2ce38c53aa02d4 5589ad2b7367df30436bcebd09be6df88b214db3a310bbbacf23bdecaff6cf1bc1ffc7270b8696cd0cd0ac62441b0a7e
SERVER_TRAFFIC_SECRET_0 37720967e3a080f1f6ac85b952799588b9d551baf3daaa02ee2ce38c53aa02d4 3feeeb065d635a9c2eff760ba30c52dd1ae985f5dabd9a1fcbda35586da4f6955fe41fe9c4a711751d21dc6e55b95f8d
EXPORTER_SECRET 37720967e3a080f1f6ac85b952799588b9d551baf3daaa02ee2ce38c53aa02d4 5e5b7e313da07b6552f06fd79445364b59ad4178f164e66352659bb244f1775f8645a043b815aa49e8bd9d8c0747c520
CLIENT_TRAFFIC_SECRET_0 37720967e3a080f1f6ac85b952799588b9d551baf3daaa02ee2ce38c53aa02d4 dffb761f957f28870d3c2c833b72cc6a47dc8c17154e3438ef3108bf5d86e5d5c7638cae811bdf304f24faabb2409101
SERVER_HANDSHAKE_TRAFFIC_SECRET 37720967e3a080f1f6ac85b952799588b9d551baf3daaa02ee2ce38c53aa02d4 faf2c070824251590d6e1c0b78ce38aa5600a5f84298ae9eab04e69750b250f4a006a2dd65f6a65dfc81ea0eacf5b9cd
CLIENT_HANDSHAKE_TRAFFIC_SECRET 37720967e3a080f1f6ac85b952799588b9d551baf3daaa02ee2ce38c53aa02d4 5589ad2b7367df30436bcebd09be6df88b214db3a310bbbacf23bdecaff6cf1bc1ffc7270b8696cd0cd0ac62441b0a7e
SERVER_TRAFFIC_SECRET_0 37720967e3a080f1f6ac85b952799588b9d551baf3daaa02ee2ce38c53aa02d4 3feeeb065d635a9c2eff760ba30c52dd1ae985f5dabd9a1fcbda35586da4f6955fe41fe9c4a711751d21dc6e55b95f8d
CLIENT_TRAFFIC_SECRET_0 37720967e3a080f1f6ac85b952799588b9d551baf3daaa02ee2ce38c53aa02d4 dffb761f957f28870d3c2c833b72cc6a47dc8c17154e3438ef3108bf5d86e5d5c7638cae811bdf304f24faabb2409101
CLIENT_TRAFFIC_SECRET_0 37720967e3a080f1f6ac85b952799588b9d551baf3daaa02ee2ce38c53aa02d4 dffb761f957f28870d3c2c833b72cc6a47dc8c17154e3438ef3108bf5d86e5d5c7638cae811bdf304f24faabb2409101
SERVER_HANDSHAKE_TRAFFIC_SECRET 1351980f9a2b270f5a042d484eba98aba67dcaf0cc05ac647ca23e2006da6307 eeb190df72c826bc91af652874fb1b88b758b6eda562edbef2ef8a49dd086e3ef19fba18a5b3e7ad7db8b0d30484da22
CLIENT_HANDSHAKE_TRAFFIC_SECRET 1351980f9a2b270f5a042d484eba98aba67dcaf0cc05ac647ca23e2006da6307 493316b95fc4c74e24e99d0bcc1881e2f87fdf094fd687144d5279015685fe23b9669c90dbc1b256b2d471101d3a6cdb
SERVER_TRAFFIC_SECRET_0 1351980f9a2b270f5a042d484eba98aba67dcaf0cc05ac647ca23e2006da6307 4ed4961405de4d4da4a63aa909eea15064d86ea513f7a8e21bdc8bfabe25b8eca6cb5f645e047cf319ba79a8d4ea3e5f
EXPORTER_SECRET 1351980f9a2b270f5a042d484eba98aba67dcaf0cc05ac647ca23e2006da6307 16f6a1636ec8fb6be9837c4205e4471119c70afdbfe64915f971667cb757957a2704ff081a4e661f09bcf9813107c848
CLIENT_TRAFFIC_SECRET_0 1351980f9a2b270f5a042d484eba98aba67dcaf0cc05ac647ca23e2006da6307 71d0cdd63f5699f864e37a8a31b18fd204ff6daca4f0a06005c1030db5e3cf6c1e4f4ad86485f022408c76941acee6a6
SERVER_HANDSHAKE_TRAFFIC_SECRET 1351980f9a2b270f5a042d484eba98aba67dcaf0cc05ac647ca23e2006da6307 eeb190df72c826bc91af652874fb1b88b758b6eda562edbef2ef8a49dd086e3ef19fba18a5b3e7ad7db8b0d30484da22
CLIENT_HANDSHAKE_TRAFFIC_SECRET 1351980f9a2b270f5a042d484eba98aba67dcaf0cc05ac647ca23e2006da6307 493316b95fc4c74e24e99d0bcc1881e2f87fdf094fd687144d5279015685fe23b9669c90dbc1b256b2d471101d3a6cdb
SERVER_TRAFFIC_SECRET_0 1351980f9a2b270f5a042d484eba98aba67dcaf0cc05ac647ca23e2006da6307 4ed4961405de4d4da4a63aa909eea15064d86ea513f7a8e21bdc8bfabe25b8eca6cb5f645e047cf319ba79a8d4ea3e5f
CLIENT_TRAFFIC_SECRET_0 1351980f9a2b270f5a042d484eba98aba67dcaf0cc05ac647ca23e2006da6307 71d0cdd63f5699f864e37a8a31b18fd204ff6daca4f0a06005c1030db5e3cf6c1e4f4ad86485f022408c76941acee6a6
CLIENT_TRAFFIC_SECRET_0 1351980f9a2b270f5a042d484eba98aba67dcaf0cc05ac647ca23e2006da6307 71d0cdd63f5699f864e37a8a31b18fd204ff6daca4f0a06005c1030db5e3cf6c1e4f4ad86485f022408c76941acee6a6
SERVER_HANDSHAKE_TRAFFIC_SECRET f8bde20a364d50c0056c571fed5ac633057c40ebc7186747c3840b9ad7bf8457 8849c81075cd75f4d12737c5bb9ba19946eba8eda3c4c9ed3d1c99fcc502224971811d50d53f838355f89f04bf043162
CLIENT_HANDSHAKE_TRAFFIC_SECRET f8bde20a364d50c0056c571fed5ac633057c40ebc7186747c3840b9ad7bf8457 a5b096f89de2e76037ea43a48e43fc693d04169b74b030edaada13d9757ba2437f3c5d361d3416c291908ce79653c378
SERVER_TRAFFIC_SECRET_0 f8bde20a364d50c0056c571fed5ac633057c40ebc7186747c3840b9ad7bf8457 77e5551be6c11fea544c6e965aa79e98f9f6fa9c04a601377fcd0004a829ba752a662d2b75616ab34dbdbb1f17065852
EXPORTER_SECRET f8bde20a364d50c0056c571fed5ac633057c40ebc7186747c3840b9ad7bf8457 dd8c3afa04968431cff2adc2c27c8f48cddc1ca190c5af615a050a37d1aad5a86327b960728ab01cb0654c87976cc729
CLIENT_TRAFFIC_SECRET_0 f8bde20a364d50c0056c571fed5ac633057c40ebc7186747c3840b9ad7bf8457 038c2b23c79fe9ba189c632a4fdb8fb1e0eb3f54eb13316f650649afc83a4ff487869408737e2f07d9a664e4b2d86f90
SERVER_HANDSHAKE_TRAFFIC_SECRET f8bde20a364d50c0056c571fed5ac633057c40ebc7186747c3840b9ad7bf8457 8849c81075cd75f4d12737c5bb9ba19946eba8eda3c4c9ed3d1c99fcc502224971811d50d53f838355f89f04bf043162
CLIENT_HANDSHAKE_TRAFFIC_SECRET f8bde20a364d50c0056c571fed5ac633057c40ebc7186747c3840b9ad7bf8457 a5b096f89de2e76037ea43a48e43fc693d04169b74b030edaada13d9757ba2437f3c5d361d3416c291908ce79653c378
SERVER_TRAFFIC_SECRET_0 f8bde20a364d50c0056c571fed5ac633057c40ebc7186747c3840b9ad7bf8457 77e5551be6c11fea544c6e965aa79e98f9f6fa9c04a601377fcd0004a829ba752a662d2b75616ab34dbdbb1f17065852
CLIENT_TRAFFIC_SECRET_0 f8bde20a364d50c0056c571fed5ac633057c40ebc7186747c3840b9ad7bf8457 038c2b23c79fe9ba189c632a4fdb8fb1e0eb3f54eb13316f650649afc83a4ff487869408737e2f07d9a664e4b2d86f90
CLIENT_TRAFFIC_SECRET_0 f8bde20a364d50c0056c571fed5ac633057c40ebc7186747c3840b9ad7bf8457 038c2b23c79fe9ba189c632a4fdb8fb1e0eb3f54eb13316f650649afc83a4ff487869408737e2f07d9a664e4b2d86f90
SERVER_HANDSHAKE_TRAFFIC_SECRET 3cb4ad1871c152c70afcd3468cc04a1875d2fb2864ed32d9586c4d99ef9a63d8 81260f80b0139aa4ed39e13547a5ecde99b099e79295dc647d5dc177ba95af1f38e04a5406756ddf583c3e530ef54af7
CLIENT_HANDSHAKE_TRAFFIC_SECRET 3cb4ad1871c152c70afcd3468cc04a1875d2fb2864ed32d9586c4d99ef9a63d8 c397ff6448bdfeecb6da3233ee76216833b097e99950f4b66ebd8319519512560231701f1a619e8c50fa9aa7f1b49f66
SERVER_TRAFFIC_SECRET_0 3cb4ad1871c152c70afcd3468cc04a1875d2fb2864ed32d9586c4d99ef9a63d8 e34daeb9f5657bc8e13bc1a611c3cec58b14b6f72ebdfeb4e80d5feff7d4fc35cdb4eb2475eebcb5ed1eb755aa7cfe51
EXPORTER_SECRET 3cb4ad1871c152c70afcd3468cc04a1875d2fb2864ed32d9586c4d99ef9a63d8 a8f7444489c22e7fdf299c24d5170c8e6c59a7609232168f7006bb07f35b534db1a246a6579638e435924861bd08ad4b
CLIENT_TRAFFIC_SECRET_0 3cb4ad1871c152c70afcd3468cc04a1875d2fb2864ed32d9586c4d99ef9a63d8 33d0b47b513db9f02796baa64e0fd33d1ec7129675c728b509acb53be4bb34758a28fa72c29dce625e05181dbbb67b83
SERVER_HANDSHAKE_TRAFFIC_SECRET 3cb4ad1871c152c70afcd3468cc04a1875d2fb2864ed32d9586c4d99ef9a63d8 81260f80b0139aa4ed39e13547a5ecde99b099e79295dc647d5dc177ba95af1f38e04a5406756ddf583c3e530ef54af7
CLIENT_HANDSHAKE_TRAFFIC_SECRET 3cb4ad1871c152c70afcd3468cc04a1875d2fb2864ed32d9586c4d99ef9a63d8 c397ff6448bdfeecb6da3233ee76216833b097e99950f4b66ebd8319519512560231701f1a619e8c50fa9aa7f1b49f66
SERVER_TRAFFIC_SECRET_0 3cb4ad1871c152c70afcd3468cc04a1875d2fb2864ed32d9586c4d99ef9a63d8 e34daeb9f5657bc8e13bc1a611c3cec58b14b6f72ebdfeb4e80d5feff7d4fc35cdb4eb2475eebcb5ed1eb755aa7cfe51
CLIENT_TRAFFIC_SECRET_0 3cb4ad1871c152c70afcd3468cc04a1875d2fb2864ed32d9586c4d99ef9a63d8 33d0b47b513db9f02796baa64e0fd33d1ec7129675c728b509acb53be4bb34758a28fa72c29dce625e05181dbbb67b83
CLIENT_TRAFFIC_SECRET_0 3cb4ad1871c152c70afcd3468cc04a1875d2fb2864ed32d9586c4d99ef9a63d8 33d0b47b513db9f02796baa64e0fd33d1ec7129675c728b509acb53be4bb34758a28fa72c29dce625e05181dbbb67b83
SERVER_HANDSHAKE_TRAFFIC_SECRET d73983519a51ceb593ed6be090c8cb04b2a309cdb73a0969cf4c7689bd108f70 4c9e90646b4510490511fb17c3fa36a1a5ed5b3b0d066fc79e53013232267c4dc13f621f610746cb3e685e72c8840c4f
CLIENT_HANDSHAKE_TRAFFIC_SECRET d73983519a51ceb593ed6be090c8cb04b2a309cdb73a0969cf4c7689bd108f70 4a5326efdb1c8525ed91cf4b23fc6d534a4324e619381af084228505a0373e8f782777fcce5e8f08797ab18e283ea6b4
SERVER_TRAFFIC_SECRET_0 d73983519a51ceb593ed6be090c8cb04b2a309cdb73a0969cf4c7689bd108f70 54ac387976f0f4f563556bd24986bceb87d96fa156518d130cccd1c019d2b5178acd3577b60807289d4bcf9edeb036cb
EXPORTER_SECRET d73983519a51ceb593ed6be090c8cb04b2a309cdb73a0969cf4c7689bd108f70 7f88aa77baa163d20ddf67da212c6c41f02c805511acd9e32cce76b0974217ba36d8c77183508f49f58f577c2ca23ac2
CLIENT_TRAFFIC_SECRET_0 d73983519a51ceb593ed6be090c8cb04b2a309cdb73a0969cf4c7689bd108f70 efa4f0f98dedacd6fa964219c7841550e15e4b2d1ec3096ab047d02db9065850409ee09424fc34bcd8a3b6c5a227573d
SERVER_HANDSHAKE_TRAFFIC_SECRET d73983519a51ceb593ed6be090c8cb04b2a309cdb73a0969cf4c7689bd108f70 4c9e90646b4510490511fb17c3fa36a1a5ed5b3b0d066fc79e53013232267c4dc13f621f610746cb3e685e72c8840c4f
CLIENT_HANDSHAKE_TRAFFIC_SECRET d73983519a51ceb593ed6be090c8cb04b2a309cdb73a0969cf4c7689bd108f70 4a5326efdb1c8525ed91cf4b23fc6d534a4324e619381af084228505a0373e8f782777fcce5e8f08797ab18e283ea6b4
SERVER_TRAFFIC_SECRET_0 d73983519a51ceb593ed6be090c8cb04b2a309cdb73a0969cf4c7689bd108f70 54ac387976f0f4f563556bd24986bceb87d96fa156518d130cccd1c019d2b5178acd3577b60807289d4bcf9edeb036cb
CLIENT_TRAFFIC_SECRET_0 d73983519a51ceb593ed6be090c8cb04b2a309cdb73a0969cf4c7689bd108f70 efa4f0f98dedacd6fa964219c7841550e15e4b2d1ec3096ab047d02db9065850409ee09424fc34bcd8a3b6c5a227573d
CLIENT_TRAFFIC_SECRET_0 d73983519a51ceb593ed6be090c8cb04b2a309cdb73a0969cf4c7689bd108f70 efa4f0f98dedacd6fa964219c7841550e15e4b2d1ec3096ab047d02db9065850409ee09424fc34bcd8a3b6c5a227573d
SERVER_HANDSHAKE_TRAFFIC_SECRET ef02d64e21e584f6eea2764b26f3c01086ff72cf0c4a48306f484728cbf21f06 1e19e8d10396675ba0b6050727cc666684a2aaab4279060ee114268d9a0e1b0ca618008a847f812145f1ff11005a0da8
CLIENT_HANDSHAKE_TRAFFIC_SECRET ef02d64e21e584f6eea2764b26f3c01086ff72cf0c4a48306f484728cbf21f06 5a4f2c88f62f8c0197a9bf30699dcd1e104ae634e85747c43ea05ad37cb65f2480cb276f3224e4e48a797df936074c33
SERVER_TRAFFIC_SECRET_0 ef02d64e21e584f6eea2764b26f3c01086ff72cf0c4a48306f484728cbf21f06 3717ff4d3df461cb50c34e463bf586baf92e70536fdea8e8ed4f56e3412f5d9c78dce6d37a1b24d7370e18deb33195a8
EXPORTER_SECRET ef02d64e21e584f6eea2764b26f3c01086ff72cf0c4a48306f484728cbf21f06 9346ff367930144b1c41852102ed07fc2d333324a7c8a55073e89655778714fc8fd58e0063d84b9ed328d30138844207
CLIENT_TRAFFIC_SECRET_0 ef02d64e21e584f6eea2764b26f3c01086ff72cf0c4a48306f484728cbf21f06 3a8da6fda474a9cc9647d76e62032bdd5adc66ed93879a96509d18ba0b56523f7ebf2238c17bc3212a47339438f05854
SERVER_HANDSHAKE_TRAFFIC_SECRET ef02d64e21e584f6eea2764b26f3c01086ff72cf0c4a48306f484728cbf21f06 1e19e8d10396675ba0b6050727cc666684a2aaab4279060ee114268d9a0e1b0ca618008a847f812145f1ff11005a0da8
CLIENT_HANDSHAKE_TRAFFIC_SECRET ef02d64e21e584f6eea2764b26f3c01086ff72cf0c4a48306f484728cbf21f06 5a4f2c88f62f8c0197a9bf30699dcd1e104ae634e85747c43ea05ad37cb65f2480cb276f3224e4e48a797df936074c33
SERVER_TRAFFIC_SECRET_0 ef02d64e21e584f6eea2764b26f3c01086ff72cf0c4a48306f484728cbf21f06 3717ff4d3df461cb50c34e463bf586baf92e70536fdea8e8ed4f56e3412f5d9c78dce6d37a1b24d7370e18deb33195a8
CLIENT_TRAFFIC_SECRET_0 ef02d64e21e584f6eea2764b26f3c01086ff72cf0c4a48306f484728cbf21f06 3a8da6fda474a9cc9647d76e62032bdd5adc66ed93879a96509d18ba0b56523f7ebf2238c17bc3212a47339438f05854
CLIENT_TRAFFIC_SECRET_0 ef02d64e21e584f6eea2764b26f3c01086ff72cf0c4a48306f484728cbf21f06 3a8da6fda474a9cc9647d76e62032bdd5adc66ed93879a96509d18ba0b56523f7ebf2238c17bc3212a47339438f05854
SERVER_HANDSHAKE_TRAFFIC_SECRET 5d53d89ef65cf3ce860d7342c9d3a1ea15be28f3bc770a28819fa8647ce2427f 6d6fc2a0c00257537944e68343ca57278861c068754ad829d3f978e047df0c7c712c97347dd2d7f95916f9232833f008
CLIENT_HANDSHAKE_TRAFFIC_SECRET 5d53d89ef65cf3ce860d7342c9d3a1ea15be28f3bc770a28819fa8647ce2427f 2be56d0a6bc7eb9750c304515283be493dbf9a0e5d3089478278da1025ca688f710123e19dac2690e054ca29345acec4
SERVER_TRAFFIC_SECRET_0 5d53d89ef65cf3ce860d7342c9d3a1ea15be28f3bc770a28819fa8647ce2427f c2708418f805fdbcac0587f7c4945780106cb640006bf63e25a91ee3a27902e83b88f8a2cfff15b5b7635ba8a4bbd898
EXPORTER_SECRET 5d53d89ef65cf3ce860d7342c9d3a1ea15be28f3bc770a28819fa8647ce2427f a395605c00ce9d7b2d92b7e5599e949deb7acd0446a948ca9b616317f5979a59e912e41d7ee859b170746dced95913d3
CLIENT_TRAFFIC_SECRET_0 5d53d89ef65cf3ce860d7342c9d3a1ea15be28f3bc770a28819fa8647ce2427f 811beae6d413a14ed16301ea6ed614c311cdf02448c2ba83c698c3b657ae9367eb6d5af06627aac89db179bda5740e6c
SERVER_HANDSHAKE_TRAFFIC_SECRET 5d53d89ef65cf3ce860d7342c9d3a1ea15be28f3bc770a28819fa8647ce2427f 6d6fc2a0c00257537944e68343ca57278861c068754ad829d3f978e047df0c7c712c97347dd2d7f95916f9232833f008
CLIENT_HANDSHAKE_TRAFFIC_SECRET 5d53d89ef65cf3ce860d7342c9d3a1ea15be28f3bc770a28819fa8647ce2427f 2be56d0a6bc7eb9750c304515283be493dbf9a0e5d3089478278da1025ca688f710123e19dac2690e054ca29345acec4
SERVER_TRAFFIC_SECRET_0 5d53d89ef65cf3ce860d7342c9d3a1ea15be28f3bc770a28819fa8647ce2427f c2708418f805fdbcac0587f7c4945780106cb640006bf63e25a91ee3a27902e83b88f8a2cfff15b5b7635ba8a4bbd898
CLIENT_TRAFFIC_SECRET_0 5d53d89ef65cf3ce860d7342c9d3a1ea15be28f3bc770a28819fa8647ce2427f 811beae6d413a14ed16301ea6ed614c311cdf02448c2ba83c698c3b657ae9367eb6d5af06627aac89db179bda5740e6c
CLIENT_TRAFFIC_SECRET_0 5d53d89ef65cf3ce860d7342c9d3a1ea15be28f3bc770a28819fa8647ce2427f 811beae6d413a14ed16301ea6ed614c311cdf02448c2ba83c698c3b657ae9367eb6d5af06627aac89db179bda5740e6c
