Run,Implementation,Mode,TestName,Status,ErrorIEV,OutputFile,NbPktSend,isPass
0,quant,server,quic_server_test_handshake_done_error0,,"ivy_return_code(1)+assumption_failed(""quic_server_test_handshake_done_error.ivy: line 186"")",/home/chris/Toward-verification-of-QUIC-extensions/installer/TVOQE/results/errors/server/local/quant_master_server/temp/1164/quic_server_test_handshake_done_error0.iev,0.0,0.0
1,quant,server,quic_server_test_unkown0,,"ivy_return_code(1)+assumption_failed(""quic_server_test_unkown.ivy: line 571"")",/home/chris/Toward-verification-of-QUIC-extensions/installer/TVOQE/results/errors/server/local/quant_master_server/temp/153/quic_server_test_unkown0.iev,0.0,0.0
2,quant,server,quic_server_test_no_icid0,,,/home/chris/Toward-verification-of-QUIC-extensions/installer/TVOQE/results/errors/server/local/quant_master_server/temp/1613/quic_server_test_no_icid0.iev,0.0,1.0
3,quant,server,quic_server_test_no_icid0,,,/home/chris/Toward-verification-of-QUIC-extensions/installer/TVOQE/results/errors/server/local/quant_master_server/temp/1623/quic_server_test_no_icid0.iev,0.0,1.0
4,quant,server,quic_server_test_tp_acticoid_error0,,,/home/chris/Toward-verification-of-QUIC-extensions/installer/TVOQE/results/errors/server/local/quant_master_server/temp/771/quic_server_test_tp_acticoid_error0.iev,0.0,1.0
5,quant,server,quic_server_test_max0,,"ivy_return_code(1)+assumption_failed(""/usr/local/lib/python2.7/dist-packages/ivy/include/1.7/quic_frame.ivy: line 1494"")",/home/chris/Toward-verification-of-QUIC-extensions/installer/TVOQE/results/errors/server/local/quant_master_server/temp/429/quic_server_test_max0.iev,0.0,0.0
6,quant,server,quic_server_test_accept_maxdata0,,"ivy_return_code(1)+assumption_failed(""quic_server_test_accept_maxdata.ivy: line 200"")",/home/chris/Toward-verification-of-QUIC-extensions/installer/TVOQE/results/errors/server/local/quant_master_server/temp/1500/quic_server_test_accept_maxdata0.iev,0.0,0.0
7,quant,server,quic_server_test_accept_maxdata0,,"ivy_return_code(1)+assumption_failed(""/usr/local/lib/python2.7/dist-packages/ivy/include/1.7/quic_frame.ivy: line 1494"")",/home/chris/Toward-verification-of-QUIC-extensions/installer/TVOQE/results/errors/server/local/quant_master_server/temp/1594/quic_server_test_accept_maxdata0.iev,0.0,0.0
8,quant,server,quic_server_test_unkown0,,"ivy_return_code(1)+assumption_failed(""quic_server_test_unkown.ivy: line 571"")",/home/chris/Toward-verification-of-QUIC-extensions/installer/TVOQE/results/errors/server/local/quant_master_server/temp/116/quic_server_test_unkown0.iev,0.0,0.0
9,quant,server,quic_server_test_no_icid0,,,/home/chris/Toward-verification-of-QUIC-extensions/installer/TVOQE/results/errors/server/local/quant_master_server/temp/1687/quic_server_test_no_icid0.iev,0.0,1.0
10,quant,server,quic_server_test_token_error0,,,/home/chris/Toward-verification-of-QUIC-extensions/installer/TVOQE/results/errors/server/local/quant_master_server/temp/548/quic_server_test_token_error0.iev,0.0,1.0
11,quant,server,quic_server_test_tp_limit_newcoid0,,"ivy_return_code(1)+assumption_failed(""/usr/local/lib/python2.7/dist-packages/ivy/include/1.7/quic_frame.ivy: line 1494"")",/home/chris/Toward-verification-of-QUIC-extensions/installer/TVOQE/results/errors/server/local/quant_master_server/temp/338/quic_server_test_tp_limit_newcoid0.iev,0.0,0.0
12,quant,server,quic_server_test_accept_maxdata0,,"ivy_return_code(1)+assumption_failed(""/usr/local/lib/python2.7/dist-packages/ivy/include/1.7/quic_frame.ivy: line 1494"")",/home/chris/Toward-verification-of-QUIC-extensions/installer/TVOQE/results/errors/server/local/quant_master_server/temp/1595/quic_server_test_accept_maxdata0.iev,0.0,0.0
13,quant,server,quic_server_test_newconnectionid_error0,,server_return_code(-6)+test_completed,/home/chris/Toward-verification-of-QUIC-extensions/installer/TVOQE/results/errors/server/local/quant_master_server/temp/1038/quic_server_test_newconnectionid_error0.iev,0.0,0.0
14,quant,server,quic_server_test_max0,,"ivy_return_code(1)+assumption_failed(""/usr/local/lib/python2.7/dist-packages/ivy/include/1.7/quic_frame.ivy: line 1494"")",/home/chris/Toward-verification-of-QUIC-extensions/installer/TVOQE/results/errors/server/local/quant_master_server/temp/416/quic_server_test_max0.iev,0.0,0.0
15,quant,server,quic_server_test_max0,,"ivy_return_code(1)+assumption_failed(""/usr/local/lib/python2.7/dist-packages/ivy/include/1.7/quic_frame.ivy: line 1494"")",/home/chris/Toward-verification-of-QUIC-extensions/installer/TVOQE/results/errors/server/local/quant_master_server/temp/495/quic_server_test_max0.iev,0.0,0.0
16,quant,server,quic_server_test_no_icid0,,,/home/chris/Toward-verification-of-QUIC-extensions/installer/TVOQE/results/errors/server/local/quant_master_server/temp/1648/quic_server_test_no_icid0.iev,0.0,1.0
17,quant,server,quic_server_test_max0,,"ivy_return_code(1)+assumption_failed(""/usr/local/lib/python2.7/dist-packages/ivy/include/1.7/quic_frame.ivy: line 1494"")",/home/chris/Toward-verification-of-QUIC-extensions/installer/TVOQE/results/errors/server/local/quant_master_server/temp/417/quic_server_test_max0.iev,0.0,0.0
18,quant,server,quic_server_test_unkown0,,"ivy_return_code(1)+assumption_failed(""quic_server_test_unkown.ivy: line 571"")",/home/chris/Toward-verification-of-QUIC-extensions/installer/TVOQE/results/errors/server/local/quant_master_server/temp/162/quic_server_test_unkown0.iev,0.0,0.0
19,quant,server,quic_server_test_max0,,"ivy_return_code(1)+assumption_failed(""/usr/local/lib/python2.7/dist-packages/ivy/include/1.7/quic_frame.ivy: line 1494"")",/home/chris/Toward-verification-of-QUIC-extensions/installer/TVOQE/results/errors/server/local/quant_master_server/temp/488/quic_server_test_max0.iev,0.0,0.0
20,quant,server,quic_server_test_unkown0,,"ivy_return_code(1)+assumption_failed(""quic_server_test_unkown.ivy: line 571"")",/home/chris/Toward-verification-of-QUIC-extensions/installer/TVOQE/results/errors/server/local/quant_master_server/temp/161/quic_server_test_unkown0.iev,0.0,0.0
21,quant,server,quic_server_test_tp_limit_acticoid_error0,,server_return_code(-6)+ivy_return_code(1),/home/chris/Toward-verification-of-QUIC-extensions/installer/TVOQE/results/errors/server/local/quant_master_server/temp/1464/quic_server_test_tp_limit_acticoid_error0.iev,0.0,0.0
22,quant,server,quic_server_test_newconnectionid_error0,,server_return_code(-6)+test_completed,/home/chris/Toward-verification-of-QUIC-extensions/installer/TVOQE/results/errors/server/local/quant_master_server/temp/1044/quic_server_test_newconnectionid_error0.iev,0.0,0.0
23,quant,server,quic_server_test_blocked_streams_maxstream_error0,,"ivy_return_code(1)+assumption_failed(""/usr/local/lib/python2.7/dist-packages/ivy/include/1.7/quic_frame.ivy: line 1494"")",/home/chris/Toward-verification-of-QUIC-extensions/installer/TVOQE/results/errors/server/local/quant_master_server/temp/270/quic_server_test_blocked_streams_maxstream_error0.iev,0.0,0.0
24,quant,server,quic_server_test_stream0,,"ivy_return_code(1)+assumption_failed(""/usr/local/lib/python2.7/dist-packages/ivy/include/1.7/quic_frame.ivy: line 1494"")",/home/chris/Toward-verification-of-QUIC-extensions/installer/TVOQE/results/errors/server/local/quant_master_server/temp/32/quic_server_test_stream0.iev,0.0,0.0
25,quant,server,quic_server_test_tp_error0,,,/home/chris/Toward-verification-of-QUIC-extensions/installer/TVOQE/results/errors/server/local/quant_master_server/temp/650/quic_server_test_tp_error0.iev,0.0,1.0
26,quant,server,quic_server_test_tp_limit_acticoid_error0,,server_return_code(-6)+ivy_return_code(1),/home/chris/Toward-verification-of-QUIC-extensions/installer/TVOQE/results/errors/server/local/quant_master_server/temp/1430/quic_server_test_tp_limit_acticoid_error0.iev,0.0,0.0
27,quant,server,quic_server_test_tp_error0,,,/home/chris/Toward-verification-of-QUIC-extensions/installer/TVOQE/results/errors/server/local/quant_master_server/temp/677/quic_server_test_tp_error0.iev,0.0,1.0
28,quant,server,quic_server_test_reset_stream0,,"ivy_return_code(1)+assumption_failed(""/usr/local/lib/python2.7/dist-packages/ivy/include/1.7/quic_frame.ivy: line 1494"")",/home/chris/Toward-verification-of-QUIC-extensions/installer/TVOQE/results/errors/server/local/quant_master_server/temp/960/quic_server_test_reset_stream0.iev,0.0,0.0
29,quant,server,quic_server_test_tp_acticoid_error0,,,/home/chris/Toward-verification-of-QUIC-extensions/installer/TVOQE/results/errors/server/local/quant_master_server/temp/702/quic_server_test_tp_acticoid_error0.iev,0.0,1.0
30,quant,server,quic_server_test_tp_limit_newcoid0,,"ivy_return_code(1)+assumption_failed(""/usr/local/lib/python2.7/dist-packages/ivy/include/1.7/quic_frame.ivy: line 1494"")",/home/chris/Toward-verification-of-QUIC-extensions/installer/TVOQE/results/errors/server/local/quant_master_server/temp/319/quic_server_test_tp_limit_newcoid0.iev,0.0,0.0
31,quant,server,quic_server_test_blocked_streams_maxstream_error0,,"ivy_return_code(1)+assumption_failed(""/usr/local/lib/python2.7/dist-packages/ivy/include/1.7/quic_frame.ivy: line 1494"")",/home/chris/Toward-verification-of-QUIC-extensions/installer/TVOQE/results/errors/server/local/quant_master_server/temp/206/quic_server_test_blocked_streams_maxstream_error0.iev,0.0,0.0
32,quant,server,quic_server_test_tp_error0,,,/home/chris/Toward-verification-of-QUIC-extensions/installer/TVOQE/results/errors/server/local/quant_master_server/temp/601/quic_server_test_tp_error0.iev,0.0,1.0
33,quant,server,quic_server_test_connection_close0,,,/home/chris/Toward-verification-of-QUIC-extensions/installer/TVOQE/results/errors/server/local/quant_master_server/temp/895/quic_server_test_connection_close0.iev,0.0,1.0
34,quant,server,quic_server_test_stop_sending0,,"ivy_return_code(1)+assumption_failed(""/usr/local/lib/python2.7/dist-packages/ivy/include/1.7/quic_frame.ivy: line 1494"")",/home/chris/Toward-verification-of-QUIC-extensions/installer/TVOQE/results/errors/server/local/quant_master_server/temp/1240/quic_server_test_stop_sending0.iev,0.0,0.0
35,quant,server,quic_server_test_ext_min_ack_delay0,,"ivy_return_code(1)+assumption_failed(""/usr/local/lib/python2.7/dist-packages/ivy/include/1.7/quic_frame.ivy: line 1494"")",/home/chris/Toward-verification-of-QUIC-extensions/installer/TVOQE/results/errors/server/local/quant_master_server/temp/1712/quic_server_test_ext_min_ack_delay0.iev,0.0,0.0
36,quant,server,quic_server_test_tp_acticoid_error0,,,/home/chris/Toward-verification-of-QUIC-extensions/installer/TVOQE/results/errors/server/local/quant_master_server/temp/748/quic_server_test_tp_acticoid_error0.iev,0.0,1.0
37,quant,server,quic_server_test_connection_close0,,ivy_return_code(134)+< prot.show_seqnum(0xff8fa9aa),/home/chris/Toward-verification-of-QUIC-extensions/installer/TVOQE/results/errors/server/local/quant_master_server/temp/884/quic_server_test_connection_close0.iev,0.0,0.0
38,quant,server,quic_server_test_blocked_streams_maxstream_error0,,"ivy_return_code(1)+assumption_failed(""quic_server_test_blocked_streams_maxstream_error.ivy: line 534"")",/home/chris/Toward-verification-of-QUIC-extensions/installer/TVOQE/results/errors/server/local/quant_master_server/temp/229/quic_server_test_blocked_streams_maxstream_error0.iev,0.0,0.0
39,quant,server,quic_server_test_newconnectionid_error0,,server_return_code(-6)+test_completed,/home/chris/Toward-verification-of-QUIC-extensions/installer/TVOQE/results/errors/server/local/quant_master_server/temp/1043/quic_server_test_newconnectionid_error0.iev,0.0,0.0
40,quant,server,quic_server_test_double_tp_error0,,,/home/chris/Toward-verification-of-QUIC-extensions/installer/TVOQE/results/errors/server/local/quant_master_server/temp/1359/quic_server_test_double_tp_error0.iev,0.0,1.0
41,quant,server,quic_server_test_unkown0,,"ivy_return_code(1)+assumption_failed(""quic_server_test_unkown.ivy: line 571"")",/home/chris/Toward-verification-of-QUIC-extensions/installer/TVOQE/results/errors/server/local/quant_master_server/temp/176/quic_server_test_unkown0.iev,0.0,0.0
42,quant,server,quic_server_test_tp_acticoid_error0,,,/home/chris/Toward-verification-of-QUIC-extensions/installer/TVOQE/results/errors/server/local/quant_master_server/temp/719/quic_server_test_tp_acticoid_error0.iev,0.0,1.0
43,quant,server,quic_server_test_handshake_done_error0,,"ivy_return_code(1)+assumption_failed(""quic_server_test_handshake_done_error.ivy: line 325"")",/home/chris/Toward-verification-of-QUIC-extensions/installer/TVOQE/results/errors/server/local/quant_master_server/temp/1131/quic_server_test_handshake_done_error0.iev,0.0,0.0
44,quant,server,quic_server_test_no_icid0,,,/home/chris/Toward-verification-of-QUIC-extensions/installer/TVOQE/results/errors/server/local/quant_master_server/temp/1692/quic_server_test_no_icid0.iev,0.0,1.0
45,quant,server,quic_server_test_newconnectionid_error0,,server_return_code(-6)+ivy_return_code(1),/home/chris/Toward-verification-of-QUIC-extensions/installer/TVOQE/results/errors/server/local/quant_master_server/temp/1037/quic_server_test_newconnectionid_error0.iev,0.0,0.0
46,quant,server,quic_server_test_double_tp_error0,,,/home/chris/Toward-verification-of-QUIC-extensions/installer/TVOQE/results/errors/server/local/quant_master_server/temp/1333/quic_server_test_double_tp_error0.iev,0.0,1.0
47,quant,server,quic_server_test_double_tp_error0,,,/home/chris/Toward-verification-of-QUIC-extensions/installer/TVOQE/results/errors/server/local/quant_master_server/temp/1355/quic_server_test_double_tp_error0.iev,0.0,1.0
48,quant,server,quic_server_test_stop_sending0,,"ivy_return_code(1)+assumption_failed(""/usr/local/lib/python2.7/dist-packages/ivy/include/1.7/quic_frame.ivy: line 1494"")",/home/chris/Toward-verification-of-QUIC-extensions/installer/TVOQE/results/errors/server/local/quant_master_server/temp/1245/quic_server_test_stop_sending0.iev,0.0,0.0
49,quant,server,quic_server_test_ext_min_ack_delay0,,"ivy_return_code(1)+assumption_failed(""/usr/local/lib/python2.7/dist-packages/ivy/include/1.7/quic_frame.ivy: line 1494"")",/home/chris/Toward-verification-of-QUIC-extensions/installer/TVOQE/results/errors/server/local/quant_master_server/temp/1755/quic_server_test_ext_min_ack_delay0.iev,0.0,0.0
50,quant,server,quic_server_test_max0,,"ivy_return_code(1)+assumption_failed(""/usr/local/lib/python2.7/dist-packages/ivy/include/1.7/quic_frame.ivy: line 1494"")",/home/chris/Toward-verification-of-QUIC-extensions/installer/TVOQE/results/errors/server/local/quant_master_server/temp/446/quic_server_test_max0.iev,0.0,0.0
51,quant,server,quic_server_test_accept_maxdata0,,"ivy_return_code(1)+assumption_failed(""/usr/local/lib/python2.7/dist-packages/ivy/include/1.7/quic_frame.ivy: line 1494"")",/home/chris/Toward-verification-of-QUIC-extensions/installer/TVOQE/results/errors/server/local/quant_master_server/temp/1586/quic_server_test_accept_maxdata0.iev,0.0,0.0
52,quant,server,quic_server_test_handshake_done_error0,,"ivy_return_code(1)+assumption_failed(""quic_server_test_handshake_done_error.ivy: line 325"")",/home/chris/Toward-verification-of-QUIC-extensions/installer/TVOQE/results/errors/server/local/quant_master_server/temp/1178/quic_server_test_handshake_done_error0.iev,0.0,0.0
53,quant,server,quic_server_test_stop_sending0,,"ivy_return_code(1)+assumption_failed(""/usr/local/lib/python2.7/dist-packages/ivy/include/1.7/quic_frame.ivy: line 1494"")",/home/chris/Toward-verification-of-QUIC-extensions/installer/TVOQE/results/errors/server/local/quant_master_server/temp/1236/quic_server_test_stop_sending0.iev,0.0,0.0
54,quant,server,quic_server_test_max0,,,/home/chris/Toward-verification-of-QUIC-extensions/installer/TVOQE/results/errors/server/local/quant_master_server/temp/454/quic_server_test_max0.iev,0.0,1.0
55,quant,server,quic_server_test_accept_maxdata0,,"ivy_return_code(1)+assumption_failed(""/usr/local/lib/python2.7/dist-packages/ivy/include/1.7/quic_frame.ivy: line 1494"")",/home/chris/Toward-verification-of-QUIC-extensions/installer/TVOQE/results/errors/server/local/quant_master_server/temp/1537/quic_server_test_accept_maxdata0.iev,0.0,0.0
56,quant,server,quic_server_test_blocked_streams_maxstream_error0,,"ivy_return_code(1)+assumption_failed(""/usr/local/lib/python2.7/dist-packages/ivy/include/1.7/quic_frame.ivy: line 1494"")",/home/chris/Toward-verification-of-QUIC-extensions/installer/TVOQE/results/errors/server/local/quant_master_server/temp/252/quic_server_test_blocked_streams_maxstream_error0.iev,0.0,0.0
57,quant,server,quic_server_test_tp_limit_acticoid_error0,,server_return_code(-6)+ivy_return_code(1),/home/chris/Toward-verification-of-QUIC-extensions/installer/TVOQE/results/errors/server/local/quant_master_server/temp/1499/quic_server_test_tp_limit_acticoid_error0.iev,0.0,0.0
58,quant,server,quic_server_test_reset_stream0,,"ivy_return_code(1)+assumption_failed(""quic_server_test.ivy: line 182"")",/home/chris/Toward-verification-of-QUIC-extensions/installer/TVOQE/results/errors/server/local/quant_master_server/temp/999/quic_server_test_reset_stream0.iev,0.0,0.0
59,quant,server,quic_server_test_ext_min_ack_delay0,,"ivy_return_code(1)+assumption_failed(""/usr/local/lib/python2.7/dist-packages/ivy/include/1.7/quic_frame.ivy: line 1494"")",/home/chris/Toward-verification-of-QUIC-extensions/installer/TVOQE/results/errors/server/local/quant_master_server/temp/1752/quic_server_test_ext_min_ack_delay0.iev,0.0,0.0
60,quant,server,quic_server_test_tp_limit_newcoid0,,"ivy_return_code(1)+assumption_failed(""/usr/local/lib/python2.7/dist-packages/ivy/include/1.7/quic_frame.ivy: line 1494"")",/home/chris/Toward-verification-of-QUIC-extensions/installer/TVOQE/results/errors/server/local/quant_master_server/temp/368/quic_server_test_tp_limit_newcoid0.iev,0.0,0.0
61,quant,server,quic_server_test_token_error0,,,/home/chris/Toward-verification-of-QUIC-extensions/installer/TVOQE/results/errors/server/local/quant_master_server/temp/584/quic_server_test_token_error0.iev,0.0,1.0
62,quant,server,quic_server_test_no_icid0,,,/home/chris/Toward-verification-of-QUIC-extensions/installer/TVOQE/results/errors/server/local/quant_master_server/temp/1600/quic_server_test_no_icid0.iev,0.0,1.0
63,quant,server,quic_server_test_newconnectionid_error0,,server_return_code(-6)+ivy_return_code(1),/home/chris/Toward-verification-of-QUIC-extensions/installer/TVOQE/results/errors/server/local/quant_master_server/temp/1021/quic_server_test_newconnectionid_error0.iev,0.0,0.0
64,quant,server,quic_server_test_handshake_done_error0,,"ivy_return_code(1)+assumption_failed(""quic_server_test_handshake_done_error.ivy: line 325"")",/home/chris/Toward-verification-of-QUIC-extensions/installer/TVOQE/results/errors/server/local/quant_master_server/temp/1138/quic_server_test_handshake_done_error0.iev,0.0,0.0
65,quant,server,quic_server_test_accept_maxdata0,,"ivy_return_code(1)+assumption_failed(""/usr/local/lib/python2.7/dist-packages/ivy/include/1.7/quic_frame.ivy: line 1494"")",/home/chris/Toward-verification-of-QUIC-extensions/installer/TVOQE/results/errors/server/local/quant_master_server/temp/1593/quic_server_test_accept_maxdata0.iev,0.0,0.0
66,quant,server,quic_server_test_no_icid0,,,/home/chris/Toward-verification-of-QUIC-extensions/installer/TVOQE/results/errors/server/local/quant_master_server/temp/1611/quic_server_test_no_icid0.iev,0.0,1.0
67,quant,server,quic_server_test_tp_error0,,,/home/chris/Toward-verification-of-QUIC-extensions/installer/TVOQE/results/errors/server/local/quant_master_server/temp/657/quic_server_test_tp_error0.iev,0.0,1.0
68,quant,server,quic_server_test_token_error0,,,/home/chris/Toward-verification-of-QUIC-extensions/installer/TVOQE/results/errors/server/local/quant_master_server/temp/518/quic_server_test_token_error0.iev,0.0,1.0
69,quant,server,quic_server_test_unkown0,,"ivy_return_code(1)+assumption_failed(""quic_server_test_unkown.ivy: line 571"")",/home/chris/Toward-verification-of-QUIC-extensions/installer/TVOQE/results/errors/server/local/quant_master_server/temp/173/quic_server_test_unkown0.iev,0.0,0.0
70,quant,server,quic_server_test_tp_acticoid_error0,,,/home/chris/Toward-verification-of-QUIC-extensions/installer/TVOQE/results/errors/server/local/quant_master_server/temp/717/quic_server_test_tp_acticoid_error0.iev,0.0,1.0
71,quant,server,quic_server_test_no_icid0,,,/home/chris/Toward-verification-of-QUIC-extensions/installer/TVOQE/results/errors/server/local/quant_master_server/temp/1670/quic_server_test_no_icid0.iev,0.0,1.0
72,quant,server,quic_server_test_connection_close0,,"ivy_return_code(1)+assumption_failed(""/usr/local/lib/python2.7/dist-packages/ivy/include/1.7/quic_frame.ivy: line 1494"")",/home/chris/Toward-verification-of-QUIC-extensions/installer/TVOQE/results/errors/server/local/quant_master_server/temp/822/quic_server_test_connection_close0.iev,0.0,0.0
73,quant,server,quic_server_test_newconnectionid_error0,,server_return_code(-6)+ivy_return_code(1),/home/chris/Toward-verification-of-QUIC-extensions/installer/TVOQE/results/errors/server/local/quant_master_server/temp/1053/quic_server_test_newconnectionid_error0.iev,0.0,0.0
74,quant,server,quic_server_test_tp_acticoid_error0,,,/home/chris/Toward-verification-of-QUIC-extensions/installer/TVOQE/results/errors/server/local/quant_master_server/temp/785/quic_server_test_tp_acticoid_error0.iev,0.0,1.0
75,quant,server,quic_server_test_unkown0,,ivy_return_code(134)+ivy_binary_deser_128 getn deser_err,/home/chris/Toward-verification-of-QUIC-extensions/installer/TVOQE/results/errors/server/local/quant_master_server/temp/107/quic_server_test_unkown0.iev,0.0,0.0
76,quant,server,quic_server_test_unkown0,,"ivy_return_code(1)+assumption_failed(""quic_server_test_unkown.ivy: line 571"")",/home/chris/Toward-verification-of-QUIC-extensions/installer/TVOQE/results/errors/server/local/quant_master_server/temp/193/quic_server_test_unkown0.iev,0.0,0.0
77,quant,server,quic_server_test_blocked_streams_maxstream_error0,,"ivy_return_code(1)+assumption_failed(""/usr/local/lib/python2.7/dist-packages/ivy/include/1.7/quic_frame.ivy: line 1494"")",/home/chris/Toward-verification-of-QUIC-extensions/installer/TVOQE/results/errors/server/local/quant_master_server/temp/205/quic_server_test_blocked_streams_maxstream_error0.iev,0.0,0.0
78,quant,server,quic_server_test_tp_acticoid_error0,,,/home/chris/Toward-verification-of-QUIC-extensions/installer/TVOQE/results/errors/server/local/quant_master_server/temp/738/quic_server_test_tp_acticoid_error0.iev,0.0,1.0
79,quant,server,quic_server_test_double_tp_error0,,,/home/chris/Toward-verification-of-QUIC-extensions/installer/TVOQE/results/errors/server/local/quant_master_server/temp/1373/quic_server_test_double_tp_error0.iev,0.0,1.0
80,quant,server,quic_server_test_no_icid0,,,/home/chris/Toward-verification-of-QUIC-extensions/installer/TVOQE/results/errors/server/local/quant_master_server/temp/1656/quic_server_test_no_icid0.iev,0.0,1.0
81,quant,server,quic_server_test_newconnectionid_error0,,server_return_code(-6)+ivy_return_code(1),/home/chris/Toward-verification-of-QUIC-extensions/installer/TVOQE/results/errors/server/local/quant_master_server/temp/1042/quic_server_test_newconnectionid_error0.iev,0.0,0.0
82,quant,server,quic_server_test_tp_acticoid_error0,,,/home/chris/Toward-verification-of-QUIC-extensions/installer/TVOQE/results/errors/server/local/quant_master_server/temp/733/quic_server_test_tp_acticoid_error0.iev,0.0,1.0
83,quant,server,quic_server_test_connection_close0,,"ivy_return_code(1)+assumption_failed(""/usr/local/lib/python2.7/dist-packages/ivy/include/1.7/quic_frame.ivy: line 700"")",/home/chris/Toward-verification-of-QUIC-extensions/installer/TVOQE/results/errors/server/local/quant_master_server/temp/819/quic_server_test_connection_close0.iev,0.0,0.0
84,quant,server,quic_server_test_newconnectionid_error0,,server_return_code(-6)+ivy_return_code(1),/home/chris/Toward-verification-of-QUIC-extensions/installer/TVOQE/results/errors/server/local/quant_master_server/temp/1085/quic_server_test_newconnectionid_error0.iev,0.0,0.0
85,quant,server,quic_server_test_newconnectionid_error0,,server_return_code(-6)+ivy_return_code(1),/home/chris/Toward-verification-of-QUIC-extensions/installer/TVOQE/results/errors/server/local/quant_master_server/temp/1020/quic_server_test_newconnectionid_error0.iev,0.0,0.0
86,quant,server,quic_server_test_reset_stream0,,"ivy_return_code(1)+assumption_failed(""quic_server_test.ivy: line 182"")",/home/chris/Toward-verification-of-QUIC-extensions/installer/TVOQE/results/errors/server/local/quant_master_server/temp/935/quic_server_test_reset_stream0.iev,0.0,0.0
87,quant,server,quic_server_test_tp_limit_newcoid0,,"ivy_return_code(1)+assumption_failed(""/usr/local/lib/python2.7/dist-packages/ivy/include/1.7/quic_frame.ivy: line 1494"")",/home/chris/Toward-verification-of-QUIC-extensions/installer/TVOQE/results/errors/server/local/quant_master_server/temp/354/quic_server_test_tp_limit_newcoid0.iev,0.0,0.0
88,quant,server,quic_server_test_accept_maxdata0,,"ivy_return_code(1)+assumption_failed(""/usr/local/lib/python2.7/dist-packages/ivy/include/1.7/quic_frame.ivy: line 1494"")",/home/chris/Toward-verification-of-QUIC-extensions/installer/TVOQE/results/errors/server/local/quant_master_server/temp/1512/quic_server_test_accept_maxdata0.iev,0.0,0.0
89,quant,server,quic_server_test_handshake_done_error0,,"ivy_return_code(1)+assumption_failed(""quic_server_test_handshake_done_error.ivy: line 325"")",/home/chris/Toward-verification-of-QUIC-extensions/installer/TVOQE/results/errors/server/local/quant_master_server/temp/1144/quic_server_test_handshake_done_error0.iev,0.0,0.0
90,quant,server,quic_server_test_tp_limit_acticoid_error0,,server_return_code(-6)+ivy_return_code(1),/home/chris/Toward-verification-of-QUIC-extensions/installer/TVOQE/results/errors/server/local/quant_master_server/temp/1408/quic_server_test_tp_limit_acticoid_error0.iev,0.0,0.0
91,quant,server,quic_server_test_tp_limit_acticoid_error0,,server_return_code(-6)+ivy_return_code(1),/home/chris/Toward-verification-of-QUIC-extensions/installer/TVOQE/results/errors/server/local/quant_master_server/temp/1462/quic_server_test_tp_limit_acticoid_error0.iev,0.0,0.0
92,quant,server,quic_server_test_reset_stream0,,"ivy_return_code(1)+assumption_failed(""quic_server_test.ivy: line 182"")",/home/chris/Toward-verification-of-QUIC-extensions/installer/TVOQE/results/errors/server/local/quant_master_server/temp/938/quic_server_test_reset_stream0.iev,0.0,0.0
93,quant,server,quic_server_test_connection_close0,,,/home/chris/Toward-verification-of-QUIC-extensions/installer/TVOQE/results/errors/server/local/quant_master_server/temp/867/quic_server_test_connection_close0.iev,0.0,1.0
94,quant,server,quic_server_test_tp_error0,,,/home/chris/Toward-verification-of-QUIC-extensions/installer/TVOQE/results/errors/server/local/quant_master_server/temp/688/quic_server_test_tp_error0.iev,0.0,1.0
95,quant,server,quic_server_test_blocked_streams_maxstream_error0,,"ivy_return_code(1)+assumption_failed(""quic_server_test_blocked_streams_maxstream_error.ivy: line 534"")",/home/chris/Toward-verification-of-QUIC-extensions/installer/TVOQE/results/errors/server/local/quant_master_server/temp/244/quic_server_test_blocked_streams_maxstream_error0.iev,0.0,0.0
96,quant,server,quic_server_test_no_icid0,,,/home/chris/Toward-verification-of-QUIC-extensions/installer/TVOQE/results/errors/server/local/quant_master_server/temp/1673/quic_server_test_no_icid0.iev,0.0,1.0
97,quant,server,quic_server_test_unkown0,,"ivy_return_code(1)+assumption_failed(""quic_server_test_unkown.ivy: line 571"")",/home/chris/Toward-verification-of-QUIC-extensions/installer/TVOQE/results/errors/server/local/quant_master_server/temp/102/quic_server_test_unkown0.iev,0.0,0.0
98,quant,server,quic_server_test_unkown0,,"ivy_return_code(1)+assumption_failed(""quic_server_test_unkown.ivy: line 571"")",/home/chris/Toward-verification-of-QUIC-extensions/installer/TVOQE/results/errors/server/local/quant_master_server/temp/130/quic_server_test_unkown0.iev,0.0,0.0
99,quant,server,quic_server_test_ext_min_ack_delay0,,"ivy_return_code(1)+assumption_failed(""/usr/local/lib/python2.7/dist-packages/ivy/include/1.7/quic_frame.ivy: line 1494"")",/home/chris/Toward-verification-of-QUIC-extensions/installer/TVOQE/results/errors/server/local/quant_master_server/temp/1750/quic_server_test_ext_min_ack_delay0.iev,0.0,0.0
100,quant,server,quic_server_test_tp_limit_acticoid_error0,,server_return_code(-6)+ivy_return_code(1),/home/chris/Toward-verification-of-QUIC-extensions/installer/TVOQE/results/errors/server/local/quant_master_server/temp/1492/quic_server_test_tp_limit_acticoid_error0.iev,0.0,0.0
101,quant,server,quic_server_test_tp_limit_newcoid0,,"ivy_return_code(1)+assumption_failed(""/usr/local/lib/python2.7/dist-packages/ivy/include/1.7/quic_frame.ivy: line 1494"")",/home/chris/Toward-verification-of-QUIC-extensions/installer/TVOQE/results/errors/server/local/quant_master_server/temp/397/quic_server_test_tp_limit_newcoid0.iev,0.0,0.0
102,quant,server,quic_server_test_stop_sending0,,"ivy_return_code(1)+assumption_failed(""/usr/local/lib/python2.7/dist-packages/ivy/include/1.7/quic_frame.ivy: line 1494"")",/home/chris/Toward-verification-of-QUIC-extensions/installer/TVOQE/results/errors/server/local/quant_master_server/temp/1239/quic_server_test_stop_sending0.iev,0.0,0.0
103,quant,server,quic_server_test_tp_limit_acticoid_error0,,server_return_code(-6)+ivy_return_code(1),/home/chris/Toward-verification-of-QUIC-extensions/installer/TVOQE/results/errors/server/local/quant_master_server/temp/1482/quic_server_test_tp_limit_acticoid_error0.iev,0.0,0.0
104,quant,server,quic_server_test_reset_stream0,,"ivy_return_code(1)+assumption_failed(""/usr/local/lib/python2.7/dist-packages/ivy/include/1.7/quic_frame.ivy: line 1494"")",/home/chris/Toward-verification-of-QUIC-extensions/installer/TVOQE/results/errors/server/local/quant_master_server/temp/948/quic_server_test_reset_stream0.iev,0.0,0.0
105,quant,server,quic_server_test_reset_stream0,,"ivy_return_code(1)+assumption_failed(""/usr/local/lib/python2.7/dist-packages/ivy/include/1.7/quic_frame.ivy: line 1494"")",/home/chris/Toward-verification-of-QUIC-extensions/installer/TVOQE/results/errors/server/local/quant_master_server/temp/941/quic_server_test_reset_stream0.iev,0.0,0.0
106,quant,server,quic_server_test_token_error0,,,/home/chris/Toward-verification-of-QUIC-extensions/installer/TVOQE/results/errors/server/local/quant_master_server/temp/586/quic_server_test_token_error0.iev,0.0,1.0
107,quant,server,quic_server_test_ext_min_ack_delay0,,"ivy_return_code(1)+assumption_failed(""/usr/local/lib/python2.7/dist-packages/ivy/include/1.7/quic_frame.ivy: line 1494"")",/home/chris/Toward-verification-of-QUIC-extensions/installer/TVOQE/results/errors/server/local/quant_master_server/temp/1796/quic_server_test_ext_min_ack_delay0.iev,0.0,0.0
108,quant,server,quic_server_test_stream0,,"ivy_return_code(1)+assumption_failed(""/usr/local/lib/python2.7/dist-packages/ivy/include/1.7/quic_frame.ivy: line 1494"")",/home/chris/Toward-verification-of-QUIC-extensions/installer/TVOQE/results/errors/server/local/quant_master_server/temp/55/quic_server_test_stream0.iev,0.0,0.0
109,quant,server,quic_server_test_connection_close0,,,/home/chris/Toward-verification-of-QUIC-extensions/installer/TVOQE/results/errors/server/local/quant_master_server/temp/840/quic_server_test_connection_close0.iev,0.0,1.0
110,quant,server,quic_server_test_handshake_done_error0,,"ivy_return_code(1)+assumption_failed(""quic_server_test_handshake_done_error.ivy: line 325"")",/home/chris/Toward-verification-of-QUIC-extensions/installer/TVOQE/results/errors/server/local/quant_master_server/temp/1126/quic_server_test_handshake_done_error0.iev,0.0,0.0
111,quant,server,quic_server_test_double_tp_error0,,,/home/chris/Toward-verification-of-QUIC-extensions/installer/TVOQE/results/errors/server/local/quant_master_server/temp/1328/quic_server_test_double_tp_error0.iev,0.0,1.0
112,quant,server,quic_server_test_blocked_streams_maxstream_error0,,"ivy_return_code(1)+assumption_failed(""quic_server_test_blocked_streams_maxstream_error.ivy: line 534"")",/home/chris/Toward-verification-of-QUIC-extensions/installer/TVOQE/results/errors/server/local/quant_master_server/temp/212/quic_server_test_blocked_streams_maxstream_error0.iev,0.0,0.0
113,quant,server,quic_server_test_tp_limit_newcoid0,,"ivy_return_code(1)+assumption_failed(""/usr/local/lib/python2.7/dist-packages/ivy/include/1.7/quic_frame.ivy: line 1494"")",/home/chris/Toward-verification-of-QUIC-extensions/installer/TVOQE/results/errors/server/local/quant_master_server/temp/323/quic_server_test_tp_limit_newcoid0.iev,0.0,0.0
114,quant,server,quic_server_test_tp_limit_newcoid0,,"ivy_return_code(1)+assumption_failed(""/usr/local/lib/python2.7/dist-packages/ivy/include/1.7/quic_frame.ivy: line 1494"")",/home/chris/Toward-verification-of-QUIC-extensions/installer/TVOQE/results/errors/server/local/quant_master_server/temp/341/quic_server_test_tp_limit_newcoid0.iev,0.0,0.0
115,quant,server,quic_server_test_tp_acticoid_error0,,,/home/chris/Toward-verification-of-QUIC-extensions/installer/TVOQE/results/errors/server/local/quant_master_server/temp/774/quic_server_test_tp_acticoid_error0.iev,0.0,1.0
116,quant,server,quic_server_test_stop_sending0,,"ivy_return_code(1)+assumption_failed(""/usr/local/lib/python2.7/dist-packages/ivy/include/1.7/quic_frame.ivy: line 1494"")",/home/chris/Toward-verification-of-QUIC-extensions/installer/TVOQE/results/errors/server/local/quant_master_server/temp/1248/quic_server_test_stop_sending0.iev,0.0,0.0
117,quant,server,quic_server_test_stop_sending0,,"ivy_return_code(1)+assumption_failed(""/usr/local/lib/python2.7/dist-packages/ivy/include/1.7/quic_frame.ivy: line 1494"")",/home/chris/Toward-verification-of-QUIC-extensions/installer/TVOQE/results/errors/server/local/quant_master_server/temp/1217/quic_server_test_stop_sending0.iev,0.0,0.0
118,quant,server,quic_server_test_reset_stream0,,"ivy_return_code(1)+assumption_failed(""quic_server_test.ivy: line 182"")",/home/chris/Toward-verification-of-QUIC-extensions/installer/TVOQE/results/errors/server/local/quant_master_server/temp/924/quic_server_test_reset_stream0.iev,0.0,0.0
119,quant,server,quic_server_test_token_error0,,,/home/chris/Toward-verification-of-QUIC-extensions/installer/TVOQE/results/errors/server/local/quant_master_server/temp/566/quic_server_test_token_error0.iev,0.0,1.0
120,quant,server,quic_server_test_stop_sending0,,"ivy_return_code(1)+assumption_failed(""/usr/local/lib/python2.7/dist-packages/ivy/include/1.7/quic_frame.ivy: line 1494"")",/home/chris/Toward-verification-of-QUIC-extensions/installer/TVOQE/results/errors/server/local/quant_master_server/temp/1215/quic_server_test_stop_sending0.iev,0.0,0.0
121,quant,server,quic_server_test_stop_sending0,,"ivy_return_code(1)+assumption_failed(""/usr/local/lib/python2.7/dist-packages/ivy/include/1.7/quic_frame.ivy: line 1494"")",/home/chris/Toward-verification-of-QUIC-extensions/installer/TVOQE/results/errors/server/local/quant_master_server/temp/1249/quic_server_test_stop_sending0.iev,0.0,0.0
122,quant,server,quic_server_test_tp_error0,,,/home/chris/Toward-verification-of-QUIC-extensions/installer/TVOQE/results/errors/server/local/quant_master_server/temp/683/quic_server_test_tp_error0.iev,0.0,1.0
123,quant,server,quic_server_test_connection_close0,,"ivy_return_code(1)+assumption_failed(""/usr/local/lib/python2.7/dist-packages/ivy/include/1.7/quic_frame.ivy: line 1494"")",/home/chris/Toward-verification-of-QUIC-extensions/installer/TVOQE/results/errors/server/local/quant_master_server/temp/831/quic_server_test_connection_close0.iev,0.0,0.0
124,quant,server,quic_server_test_unkown0,,"ivy_return_code(1)+assumption_failed(""quic_server_test_unkown.ivy: line 571"")",/home/chris/Toward-verification-of-QUIC-extensions/installer/TVOQE/results/errors/server/local/quant_master_server/temp/152/quic_server_test_unkown0.iev,0.0,0.0
125,quant,server,quic_server_test_tp_limit_newcoid0,,"ivy_return_code(1)+assumption_failed(""/usr/local/lib/python2.7/dist-packages/ivy/include/1.7/quic_frame.ivy: line 1494"")",/home/chris/Toward-verification-of-QUIC-extensions/installer/TVOQE/results/errors/server/local/quant_master_server/temp/369/quic_server_test_tp_limit_newcoid0.iev,0.0,0.0
126,quant,server,quic_server_test_double_tp_error0,,,/home/chris/Toward-verification-of-QUIC-extensions/installer/TVOQE/results/errors/server/local/quant_master_server/temp/1338/quic_server_test_double_tp_error0.iev,0.0,1.0
127,quant,server,quic_server_test_no_icid0,,,/home/chris/Toward-verification-of-QUIC-extensions/installer/TVOQE/results/errors/server/local/quant_master_server/temp/1663/quic_server_test_no_icid0.iev,0.0,1.0
128,quant,server,quic_server_test_tp_acticoid_error0,,,/home/chris/Toward-verification-of-QUIC-extensions/installer/TVOQE/results/errors/server/local/quant_master_server/temp/788/quic_server_test_tp_acticoid_error0.iev,0.0,1.0
129,quant,server,quic_server_test_max0,,"ivy_return_code(1)+assumption_failed(""/usr/local/lib/python2.7/dist-packages/ivy/include/1.7/quic_frame.ivy: line 1494"")",/home/chris/Toward-verification-of-QUIC-extensions/installer/TVOQE/results/errors/server/local/quant_master_server/temp/476/quic_server_test_max0.iev,0.0,0.0
130,quant,server,quic_server_test_newconnectionid_error0,,server_return_code(-6)+ivy_return_code(1),/home/chris/Toward-verification-of-QUIC-extensions/installer/TVOQE/results/errors/server/local/quant_master_server/temp/1010/quic_server_test_newconnectionid_error0.iev,0.0,0.0
131,quant,server,quic_server_test_reset_stream0,,"ivy_return_code(1)+assumption_failed(""quic_server_test.ivy: line 182"")",/home/chris/Toward-verification-of-QUIC-extensions/installer/TVOQE/results/errors/server/local/quant_master_server/temp/979/quic_server_test_reset_stream0.iev,0.0,0.0
132,quant,server,quic_server_test_reset_stream0,,"ivy_return_code(1)+assumption_failed(""quic_server_test.ivy: line 182"")",/home/chris/Toward-verification-of-QUIC-extensions/installer/TVOQE/results/errors/server/local/quant_master_server/temp/997/quic_server_test_reset_stream0.iev,0.0,0.0
133,quant,server,quic_server_test_connection_close0,,,/home/chris/Toward-verification-of-QUIC-extensions/installer/TVOQE/results/errors/server/local/quant_master_server/temp/805/quic_server_test_connection_close0.iev,0.0,1.0
134,quant,server,quic_server_test_connection_close0,,,/home/chris/Toward-verification-of-QUIC-extensions/installer/TVOQE/results/errors/server/local/quant_master_server/temp/852/quic_server_test_connection_close0.iev,0.0,1.0
135,quant,server,quic_server_test_stop_sending0,,"ivy_return_code(1)+assumption_failed(""/usr/local/lib/python2.7/dist-packages/ivy/include/1.7/quic_frame.ivy: line 1494"")",/home/chris/Toward-verification-of-QUIC-extensions/installer/TVOQE/results/errors/server/local/quant_master_server/temp/1276/quic_server_test_stop_sending0.iev,0.0,0.0
136,quant,server,quic_server_test_unkown0,,"ivy_return_code(1)+assumption_failed(""quic_server_test_unkown.ivy: line 571"")",/home/chris/Toward-verification-of-QUIC-extensions/installer/TVOQE/results/errors/server/local/quant_master_server/temp/174/quic_server_test_unkown0.iev,0.0,0.0
137,quant,server,quic_server_test_stop_sending0,,"ivy_return_code(1)+assumption_failed(""/usr/local/lib/python2.7/dist-packages/ivy/include/1.7/quic_frame.ivy: line 1494"")",/home/chris/Toward-verification-of-QUIC-extensions/installer/TVOQE/results/errors/server/local/quant_master_server/temp/1266/quic_server_test_stop_sending0.iev,0.0,0.0
138,quant,server,quic_server_test_tp_error0,,,/home/chris/Toward-verification-of-QUIC-extensions/installer/TVOQE/results/errors/server/local/quant_master_server/temp/665/quic_server_test_tp_error0.iev,0.0,1.0
139,quant,server,quic_server_test_tp_acticoid_error0,,,/home/chris/Toward-verification-of-QUIC-extensions/installer/TVOQE/results/errors/server/local/quant_master_server/temp/784/quic_server_test_tp_acticoid_error0.iev,0.0,1.0
140,quant,server,quic_server_test_no_icid0,,,/home/chris/Toward-verification-of-QUIC-extensions/installer/TVOQE/results/errors/server/local/quant_master_server/temp/1634/quic_server_test_no_icid0.iev,0.0,1.0
141,quant,server,quic_server_test_unkown0,,"ivy_return_code(1)+assumption_failed(""quic_server_test_unkown.ivy: line 571"")",/home/chris/Toward-verification-of-QUIC-extensions/installer/TVOQE/results/errors/server/local/quant_master_server/temp/113/quic_server_test_unkown0.iev,0.0,0.0
142,quant,server,quic_server_test_tp_error0,,,/home/chris/Toward-verification-of-QUIC-extensions/installer/TVOQE/results/errors/server/local/quant_master_server/temp/634/quic_server_test_tp_error0.iev,0.0,1.0
143,quant,server,quic_server_test_tp_error0,,,/home/chris/Toward-verification-of-QUIC-extensions/installer/TVOQE/results/errors/server/local/quant_master_server/temp/660/quic_server_test_tp_error0.iev,0.0,1.0
144,quant,server,quic_server_test_no_icid0,,,/home/chris/Toward-verification-of-QUIC-extensions/installer/TVOQE/results/errors/server/local/quant_master_server/temp/1659/quic_server_test_no_icid0.iev,0.0,1.0
145,quant,server,quic_server_test_accept_maxdata0,,,/home/chris/Toward-verification-of-QUIC-extensions/installer/TVOQE/results/errors/server/local/quant_master_server/temp/1584/quic_server_test_accept_maxdata0.iev,0.0,1.0
146,quant,server,quic_server_test_blocked_streams_maxstream_error0,,"ivy_return_code(1)+assumption_failed(""quic_server_test_blocked_streams_maxstream_error.ivy: line 534"")",/home/chris/Toward-verification-of-QUIC-extensions/installer/TVOQE/results/errors/server/local/quant_master_server/temp/224/quic_server_test_blocked_streams_maxstream_error0.iev,0.0,0.0
147,quant,server,quic_server_test_stream0,,"ivy_return_code(1)+assumption_failed(""/usr/local/lib/python2.7/dist-packages/ivy/include/1.7/quic_frame.ivy: line 1494"")",/home/chris/Toward-verification-of-QUIC-extensions/installer/TVOQE/results/errors/server/local/quant_master_server/temp/37/quic_server_test_stream0.iev,0.0,0.0
148,quant,server,quic_server_test_tp_limit_acticoid_error0,,server_return_code(-6)+ivy_return_code(1),/home/chris/Toward-verification-of-QUIC-extensions/installer/TVOQE/results/errors/server/local/quant_master_server/temp/1465/quic_server_test_tp_limit_acticoid_error0.iev,0.0,0.0
149,quant,server,quic_server_test_stream0,,"ivy_return_code(1)+assumption_failed(""/usr/local/lib/python2.7/dist-packages/ivy/include/1.7/quic_frame.ivy: line 1494"")",/home/chris/Toward-verification-of-QUIC-extensions/installer/TVOQE/results/errors/server/local/quant_master_server/temp/36/quic_server_test_stream0.iev,0.0,0.0
150,quant,server,quic_server_test_tp_limit_newcoid0,,"ivy_return_code(1)+assumption_failed(""/usr/local/lib/python2.7/dist-packages/ivy/include/1.7/quic_frame.ivy: line 1494"")",/home/chris/Toward-verification-of-QUIC-extensions/installer/TVOQE/results/errors/server/local/quant_master_server/temp/374/quic_server_test_tp_limit_newcoid0.iev,0.0,0.0
151,quant,server,quic_server_test_reset_stream0,,"ivy_return_code(1)+assumption_failed(""quic_server_test.ivy: line 182"")",/home/chris/Toward-verification-of-QUIC-extensions/installer/TVOQE/results/errors/server/local/quant_master_server/temp/950/quic_server_test_reset_stream0.iev,0.0,0.0
152,quant,server,quic_server_test_ext_min_ack_delay0,,"ivy_return_code(1)+assumption_failed(""/usr/local/lib/python2.7/dist-packages/ivy/include/1.7/quic_frame.ivy: line 1494"")",/home/chris/Toward-verification-of-QUIC-extensions/installer/TVOQE/results/errors/server/local/quant_master_server/temp/1786/quic_server_test_ext_min_ack_delay0.iev,0.0,0.0
153,quant,server,quic_server_test_connection_close0,,"ivy_return_code(1)+assumption_failed(""/usr/local/lib/python2.7/dist-packages/ivy/include/1.7/quic_frame.ivy: line 1494"")",/home/chris/Toward-verification-of-QUIC-extensions/installer/TVOQE/results/errors/server/local/quant_master_server/temp/870/quic_server_test_connection_close0.iev,0.0,0.0
154,quant,server,quic_server_test_reset_stream0,,"ivy_return_code(1)+assumption_failed(""quic_server_test.ivy: line 182"")",/home/chris/Toward-verification-of-QUIC-extensions/installer/TVOQE/results/errors/server/local/quant_master_server/temp/974/quic_server_test_reset_stream0.iev,0.0,0.0
155,quant,server,quic_server_test_stop_sending0,,"ivy_return_code(1)+assumption_failed(""/usr/local/lib/python2.7/dist-packages/ivy/include/1.7/quic_frame.ivy: line 1494"")",/home/chris/Toward-verification-of-QUIC-extensions/installer/TVOQE/results/errors/server/local/quant_master_server/temp/1250/quic_server_test_stop_sending0.iev,0.0,0.0
156,quant,server,quic_server_test_tp_error0,,,/home/chris/Toward-verification-of-QUIC-extensions/installer/TVOQE/results/errors/server/local/quant_master_server/temp/600/quic_server_test_tp_error0.iev,0.0,1.0
157,quant,server,quic_server_test_tp_limit_acticoid_error0,,server_return_code(-6)+ivy_return_code(1),/home/chris/Toward-verification-of-QUIC-extensions/installer/TVOQE/results/errors/server/local/quant_master_server/temp/1433/quic_server_test_tp_limit_acticoid_error0.iev,0.0,0.0
158,quant,server,quic_server_test_tp_error0,,,/home/chris/Toward-verification-of-QUIC-extensions/installer/TVOQE/results/errors/server/local/quant_master_server/temp/622/quic_server_test_tp_error0.iev,0.0,1.0
159,quant,server,quic_server_test_blocked_streams_maxstream_error0,,"ivy_return_code(1)+assumption_failed(""quic_server_test_blocked_streams_maxstream_error.ivy: line 534"")",/home/chris/Toward-verification-of-QUIC-extensions/installer/TVOQE/results/errors/server/local/quant_master_server/temp/279/quic_server_test_blocked_streams_maxstream_error0.iev,0.0,0.0
160,quant,server,quic_server_test_tp_limit_newcoid0,,"ivy_return_code(1)+assumption_failed(""/usr/local/lib/python2.7/dist-packages/ivy/include/1.7/quic_frame.ivy: line 1494"")",/home/chris/Toward-verification-of-QUIC-extensions/installer/TVOQE/results/errors/server/local/quant_master_server/temp/373/quic_server_test_tp_limit_newcoid0.iev,0.0,0.0
161,quant,server,quic_server_test_tp_limit_newcoid0,,"ivy_return_code(1)+assumption_failed(""/usr/local/lib/python2.7/dist-packages/ivy/include/1.7/quic_frame.ivy: line 1494"")",/home/chris/Toward-verification-of-QUIC-extensions/installer/TVOQE/results/errors/server/local/quant_master_server/temp/309/quic_server_test_tp_limit_newcoid0.iev,0.0,0.0
162,quant,server,quic_server_test_unkown0,,"ivy_return_code(1)+assumption_failed(""quic_server_test_unkown.ivy: line 571"")",/home/chris/Toward-verification-of-QUIC-extensions/installer/TVOQE/results/errors/server/local/quant_master_server/temp/125/quic_server_test_unkown0.iev,0.0,0.0
163,quant,server,quic_server_test_stop_sending0,,"ivy_return_code(1)+assumption_failed(""/usr/local/lib/python2.7/dist-packages/ivy/include/1.7/quic_frame.ivy: line 1494"")",/home/chris/Toward-verification-of-QUIC-extensions/installer/TVOQE/results/errors/server/local/quant_master_server/temp/1283/quic_server_test_stop_sending0.iev,0.0,0.0
164,quant,server,quic_server_test_stop_sending0,,"ivy_return_code(1)+assumption_failed(""/usr/local/lib/python2.7/dist-packages/ivy/include/1.7/quic_frame.ivy: line 1494"")",/home/chris/Toward-verification-of-QUIC-extensions/installer/TVOQE/results/errors/server/local/quant_master_server/temp/1251/quic_server_test_stop_sending0.iev,0.0,0.0
165,quant,server,quic_server_test_tp_limit_newcoid0,,"ivy_return_code(1)+assumption_failed(""/usr/local/lib/python2.7/dist-packages/ivy/include/1.7/quic_frame.ivy: line 1494"")",/home/chris/Toward-verification-of-QUIC-extensions/installer/TVOQE/results/errors/server/local/quant_master_server/temp/311/quic_server_test_tp_limit_newcoid0.iev,0.0,0.0
166,quant,server,quic_server_test_tp_limit_newcoid0,,"ivy_return_code(1)+assumption_failed(""/usr/local/lib/python2.7/dist-packages/ivy/include/1.7/quic_frame.ivy: line 1494"")",/home/chris/Toward-verification-of-QUIC-extensions/installer/TVOQE/results/errors/server/local/quant_master_server/temp/346/quic_server_test_tp_limit_newcoid0.iev,0.0,0.0
167,quant,server,quic_server_test_blocked_streams_maxstream_error0,,"ivy_return_code(1)+assumption_failed(""/usr/local/lib/python2.7/dist-packages/ivy/include/1.7/quic_frame.ivy: line 1494"")",/home/chris/Toward-verification-of-QUIC-extensions/installer/TVOQE/results/errors/server/local/quant_master_server/temp/201/quic_server_test_blocked_streams_maxstream_error0.iev,0.0,0.0
168,quant,server,quic_server_test_accept_maxdata0,,"ivy_return_code(1)+assumption_failed(""/usr/local/lib/python2.7/dist-packages/ivy/include/1.7/quic_frame.ivy: line 1494"")",/home/chris/Toward-verification-of-QUIC-extensions/installer/TVOQE/results/errors/server/local/quant_master_server/temp/1524/quic_server_test_accept_maxdata0.iev,0.0,0.0
169,quant,server,quic_server_test_max0,,"ivy_return_code(1)+assumption_failed(""/usr/local/lib/python2.7/dist-packages/ivy/include/1.7/quic_frame.ivy: line 1494"")",/home/chris/Toward-verification-of-QUIC-extensions/installer/TVOQE/results/errors/server/local/quant_master_server/temp/498/quic_server_test_max0.iev,0.0,0.0
170,quant,server,quic_server_test_tp_limit_acticoid_error0,,server_return_code(-6)+ivy_return_code(1),/home/chris/Toward-verification-of-QUIC-extensions/installer/TVOQE/results/errors/server/local/quant_master_server/temp/1457/quic_server_test_tp_limit_acticoid_error0.iev,0.0,0.0
171,quant,server,quic_server_test_accept_maxdata0,,"ivy_return_code(1)+assumption_failed(""/usr/local/lib/python2.7/dist-packages/ivy/include/1.7/quic_frame.ivy: line 1494"")",/home/chris/Toward-verification-of-QUIC-extensions/installer/TVOQE/results/errors/server/local/quant_master_server/temp/1592/quic_server_test_accept_maxdata0.iev,0.0,0.0
172,quant,server,quic_server_test_token_error0,,,/home/chris/Toward-verification-of-QUIC-extensions/installer/TVOQE/results/errors/server/local/quant_master_server/temp/565/quic_server_test_token_error0.iev,0.0,1.0
173,quant,server,quic_server_test_handshake_done_error0,,"ivy_return_code(1)+assumption_failed(""quic_server_test_handshake_done_error.ivy: line 325"")",/home/chris/Toward-verification-of-QUIC-extensions/installer/TVOQE/results/errors/server/local/quant_master_server/temp/1171/quic_server_test_handshake_done_error0.iev,0.0,0.0
174,quant,server,quic_server_test_double_tp_error0,,,/home/chris/Toward-verification-of-QUIC-extensions/installer/TVOQE/results/errors/server/local/quant_master_server/temp/1322/quic_server_test_double_tp_error0.iev,0.0,1.0
175,quant,server,quic_server_test_reset_stream0,,"ivy_return_code(1)+assumption_failed(""/usr/local/lib/python2.7/dist-packages/ivy/include/1.7/quic_frame.ivy: line 1494"")",/home/chris/Toward-verification-of-QUIC-extensions/installer/TVOQE/results/errors/server/local/quant_master_server/temp/963/quic_server_test_reset_stream0.iev,0.0,0.0
176,quant,server,quic_server_test_stream0,,"ivy_return_code(1)+assumption_failed(""/usr/local/lib/python2.7/dist-packages/ivy/include/1.7/quic_frame.ivy: line 1494"")",/home/chris/Toward-verification-of-QUIC-extensions/installer/TVOQE/results/errors/server/local/quant_master_server/temp/89/quic_server_test_stream0.iev,0.0,0.0
177,quant,server,quic_server_test_newconnectionid_error0,,server_return_code(-6)+ivy_return_code(1),/home/chris/Toward-verification-of-QUIC-extensions/installer/TVOQE/results/errors/server/local/quant_master_server/temp/1008/quic_server_test_newconnectionid_error0.iev,0.0,0.0
178,quant,server,quic_server_test_stream0,,"ivy_return_code(1)+assumption_failed(""/usr/local/lib/python2.7/dist-packages/ivy/include/1.7/quic_frame.ivy: line 1494"")",/home/chris/Toward-verification-of-QUIC-extensions/installer/TVOQE/results/errors/server/local/quant_master_server/temp/72/quic_server_test_stream0.iev,0.0,0.0
179,quant,server,quic_server_test_accept_maxdata0,,"ivy_return_code(1)+assumption_failed(""/usr/local/lib/python2.7/dist-packages/ivy/include/1.7/quic_frame.ivy: line 1494"")",/home/chris/Toward-verification-of-QUIC-extensions/installer/TVOQE/results/errors/server/local/quant_master_server/temp/1511/quic_server_test_accept_maxdata0.iev,0.0,0.0
180,quant,server,quic_server_test_max0,,,/home/chris/Toward-verification-of-QUIC-extensions/installer/TVOQE/results/errors/server/local/quant_master_server/temp/448/quic_server_test_max0.iev,0.0,1.0
181,quant,server,quic_server_test_accept_maxdata0,,"ivy_return_code(1)+assumption_failed(""/usr/local/lib/python2.7/dist-packages/ivy/include/1.7/quic_frame.ivy: line 1494"")",/home/chris/Toward-verification-of-QUIC-extensions/installer/TVOQE/results/errors/server/local/quant_master_server/temp/1522/quic_server_test_accept_maxdata0.iev,0.0,0.0
182,quant,server,quic_server_test_token_error0,,,/home/chris/Toward-verification-of-QUIC-extensions/installer/TVOQE/results/errors/server/local/quant_master_server/temp/509/quic_server_test_token_error0.iev,0.0,1.0
183,quant,server,quic_server_test_ext_min_ack_delay0,,"ivy_return_code(1)+assumption_failed(""/usr/local/lib/python2.7/dist-packages/ivy/include/1.7/quic_frame.ivy: line 1494"")",/home/chris/Toward-verification-of-QUIC-extensions/installer/TVOQE/results/errors/server/local/quant_master_server/temp/1721/quic_server_test_ext_min_ack_delay0.iev,0.0,0.0
184,quant,server,quic_server_test_newconnectionid_error0,,server_return_code(-6)+test_completed,/home/chris/Toward-verification-of-QUIC-extensions/installer/TVOQE/results/errors/server/local/quant_master_server/temp/1015/quic_server_test_newconnectionid_error0.iev,0.0,0.0
185,quant,server,quic_server_test_stream0,,"ivy_return_code(1)+assumption_failed(""/usr/local/lib/python2.7/dist-packages/ivy/include/1.7/quic_frame.ivy: line 1494"")",/home/chris/Toward-verification-of-QUIC-extensions/installer/TVOQE/results/errors/server/local/quant_master_server/temp/77/quic_server_test_stream0.iev,0.0,0.0
186,quant,server,quic_server_test_tp_acticoid_error0,,,/home/chris/Toward-verification-of-QUIC-extensions/installer/TVOQE/results/errors/server/local/quant_master_server/temp/768/quic_server_test_tp_acticoid_error0.iev,0.0,1.0
187,quant,server,quic_server_test_blocked_streams_maxstream_error0,,"ivy_return_code(1)+assumption_failed(""/usr/local/lib/python2.7/dist-packages/ivy/include/1.7/quic_frame.ivy: line 1494"")",/home/chris/Toward-verification-of-QUIC-extensions/installer/TVOQE/results/errors/server/local/quant_master_server/temp/208/quic_server_test_blocked_streams_maxstream_error0.iev,0.0,0.0
188,quant,server,quic_server_test_connection_close0,,,/home/chris/Toward-verification-of-QUIC-extensions/installer/TVOQE/results/errors/server/local/quant_master_server/temp/880/quic_server_test_connection_close0.iev,0.0,1.0
189,quant,server,quic_server_test_tp_acticoid_error0,,,/home/chris/Toward-verification-of-QUIC-extensions/installer/TVOQE/results/errors/server/local/quant_master_server/temp/745/quic_server_test_tp_acticoid_error0.iev,0.0,1.0
190,quant,server,quic_server_test_max0,,"ivy_return_code(1)+assumption_failed(""/usr/local/lib/python2.7/dist-packages/ivy/include/1.7/quic_frame.ivy: line 1494"")",/home/chris/Toward-verification-of-QUIC-extensions/installer/TVOQE/results/errors/server/local/quant_master_server/temp/419/quic_server_test_max0.iev,0.0,0.0
191,quant,server,quic_server_test_handshake_done_error0,,"ivy_return_code(1)+assumption_failed(""quic_server_test_handshake_done_error.ivy: line 325"")",/home/chris/Toward-verification-of-QUIC-extensions/installer/TVOQE/results/errors/server/local/quant_master_server/temp/1120/quic_server_test_handshake_done_error0.iev,0.0,0.0
192,quant,server,quic_server_test_tp_limit_newcoid0,,"ivy_return_code(1)+assumption_failed(""/usr/local/lib/python2.7/dist-packages/ivy/include/1.7/quic_frame.ivy: line 1494"")",/home/chris/Toward-verification-of-QUIC-extensions/installer/TVOQE/results/errors/server/local/quant_master_server/temp/362/quic_server_test_tp_limit_newcoid0.iev,0.0,0.0
193,quant,server,quic_server_test_tp_error0,,,/home/chris/Toward-verification-of-QUIC-extensions/installer/TVOQE/results/errors/server/local/quant_master_server/temp/670/quic_server_test_tp_error0.iev,0.0,1.0
194,quant,server,quic_server_test_ext_min_ack_delay0,,"ivy_return_code(1)+assumption_failed(""/usr/local/lib/python2.7/dist-packages/ivy/include/1.7/quic_frame.ivy: line 1494"")",/home/chris/Toward-verification-of-QUIC-extensions/installer/TVOQE/results/errors/server/local/quant_master_server/temp/1706/quic_server_test_ext_min_ack_delay0.iev,0.0,0.0
195,quant,server,quic_server_test_no_icid0,,,/home/chris/Toward-verification-of-QUIC-extensions/installer/TVOQE/results/errors/server/local/quant_master_server/temp/1664/quic_server_test_no_icid0.iev,0.0,1.0
196,quant,server,quic_server_test_blocked_streams_maxstream_error0,,"ivy_return_code(1)+assumption_failed(""quic_server_test_blocked_streams_maxstream_error.ivy: line 534"")",/home/chris/Toward-verification-of-QUIC-extensions/installer/TVOQE/results/errors/server/local/quant_master_server/temp/291/quic_server_test_blocked_streams_maxstream_error0.iev,0.0,0.0
197,quant,server,quic_server_test_accept_maxdata0,,"ivy_return_code(1)+assumption_failed(""/usr/local/lib/python2.7/dist-packages/ivy/include/1.7/quic_frame.ivy: line 1494"")",/home/chris/Toward-verification-of-QUIC-extensions/installer/TVOQE/results/errors/server/local/quant_master_server/temp/1510/quic_server_test_accept_maxdata0.iev,0.0,0.0
198,quant,server,quic_server_test_stop_sending0,,"ivy_return_code(1)+assumption_failed(""/usr/local/lib/python2.7/dist-packages/ivy/include/1.7/quic_frame.ivy: line 1494"")",/home/chris/Toward-verification-of-QUIC-extensions/installer/TVOQE/results/errors/server/local/quant_master_server/temp/1292/quic_server_test_stop_sending0.iev,0.0,0.0
199,quant,server,quic_server_test_newconnectionid_error0,,server_return_code(-6)+ivy_return_code(1),/home/chris/Toward-verification-of-QUIC-extensions/installer/TVOQE/results/errors/server/local/quant_master_server/temp/1066/quic_server_test_newconnectionid_error0.iev,0.0,0.0
200,quant,server,quic_server_test_newconnectionid_error0,,server_return_code(-6)+ivy_return_code(1),/home/chris/Toward-verification-of-QUIC-extensions/installer/TVOQE/results/errors/server/local/quant_master_server/temp/1096/quic_server_test_newconnectionid_error0.iev,0.0,0.0
201,quant,server,quic_server_test_accept_maxdata0,,,/home/chris/Toward-verification-of-QUIC-extensions/installer/TVOQE/results/errors/server/local/quant_master_server/temp/1567/quic_server_test_accept_maxdata0.iev,0.0,1.0
202,quant,server,quic_server_test_handshake_done_error0,,"ivy_return_code(1)+assumption_failed(""quic_server_test_handshake_done_error.ivy: line 325"")",/home/chris/Toward-verification-of-QUIC-extensions/installer/TVOQE/results/errors/server/local/quant_master_server/temp/1116/quic_server_test_handshake_done_error0.iev,0.0,0.0
203,quant,server,quic_server_test_unkown0,,"ivy_return_code(1)+assumption_failed(""quic_server_test_unkown.ivy: line 571"")",/home/chris/Toward-verification-of-QUIC-extensions/installer/TVOQE/results/errors/server/local/quant_master_server/temp/146/quic_server_test_unkown0.iev,0.0,0.0
204,quant,server,quic_server_test_handshake_done_error0,,"ivy_return_code(1)+assumption_failed(""quic_server_test_handshake_done_error.ivy: line 325"")",/home/chris/Toward-verification-of-QUIC-extensions/installer/TVOQE/results/errors/server/local/quant_master_server/temp/1145/quic_server_test_handshake_done_error0.iev,0.0,0.0
205,quant,server,quic_server_test_stop_sending0,,"ivy_return_code(1)+assumption_failed(""/usr/local/lib/python2.7/dist-packages/ivy/include/1.7/quic_frame.ivy: line 1494"")",/home/chris/Toward-verification-of-QUIC-extensions/installer/TVOQE/results/errors/server/local/quant_master_server/temp/1205/quic_server_test_stop_sending0.iev,0.0,0.0
206,quant,server,quic_server_test_no_icid0,,,/home/chris/Toward-verification-of-QUIC-extensions/installer/TVOQE/results/errors/server/local/quant_master_server/temp/1650/quic_server_test_no_icid0.iev,0.0,1.0
207,quant,server,quic_server_test_reset_stream0,,"ivy_return_code(1)+assumption_failed(""/usr/local/lib/python2.7/dist-packages/ivy/include/1.7/quic_frame.ivy: line 1494"")",/home/chris/Toward-verification-of-QUIC-extensions/installer/TVOQE/results/errors/server/local/quant_master_server/temp/955/quic_server_test_reset_stream0.iev,0.0,0.0
208,quant,server,quic_server_test_reset_stream0,,,/home/chris/Toward-verification-of-QUIC-extensions/installer/TVOQE/results/errors/server/local/quant_master_server/temp/984/quic_server_test_reset_stream0.iev,0.0,1.0
209,quant,server,quic_server_test_ext_min_ack_delay0,,"ivy_return_code(1)+assumption_failed(""/usr/local/lib/python2.7/dist-packages/ivy/include/1.7/quic_frame.ivy: line 1494"")",/home/chris/Toward-verification-of-QUIC-extensions/installer/TVOQE/results/errors/server/local/quant_master_server/temp/1704/quic_server_test_ext_min_ack_delay0.iev,0.0,0.0
210,quant,server,quic_server_test_tp_error0,,,/home/chris/Toward-verification-of-QUIC-extensions/installer/TVOQE/results/errors/server/local/quant_master_server/temp/690/quic_server_test_tp_error0.iev,0.0,1.0
211,quant,server,quic_server_test_stop_sending0,,"ivy_return_code(1)+assumption_failed(""/usr/local/lib/python2.7/dist-packages/ivy/include/1.7/quic_frame.ivy: line 1494"")",/home/chris/Toward-verification-of-QUIC-extensions/installer/TVOQE/results/errors/server/local/quant_master_server/temp/1220/quic_server_test_stop_sending0.iev,0.0,0.0
212,quant,server,quic_server_test_token_error0,,,/home/chris/Toward-verification-of-QUIC-extensions/installer/TVOQE/results/errors/server/local/quant_master_server/temp/576/quic_server_test_token_error0.iev,0.0,1.0
213,quant,server,quic_server_test_unkown0,,"ivy_return_code(1)+assumption_failed(""quic_server_test_unkown.ivy: line 571"")",/home/chris/Toward-verification-of-QUIC-extensions/installer/TVOQE/results/errors/server/local/quant_master_server/temp/151/quic_server_test_unkown0.iev,0.0,0.0
214,quant,server,quic_server_test_connection_close0,,,/home/chris/Toward-verification-of-QUIC-extensions/installer/TVOQE/results/errors/server/local/quant_master_server/temp/851/quic_server_test_connection_close0.iev,0.0,1.0
215,quant,server,quic_server_test_reset_stream0,,"ivy_return_code(1)+assumption_failed(""/usr/local/lib/python2.7/dist-packages/ivy/include/1.7/quic_frame.ivy: line 1494"")",/home/chris/Toward-verification-of-QUIC-extensions/installer/TVOQE/results/errors/server/local/quant_master_server/temp/921/quic_server_test_reset_stream0.iev,0.0,0.0
216,quant,server,quic_server_test_blocked_streams_maxstream_error0,,"ivy_return_code(1)+assumption_failed(""/usr/local/lib/python2.7/dist-packages/ivy/include/1.7/quic_frame.ivy: line 1494"")",/home/chris/Toward-verification-of-QUIC-extensions/installer/TVOQE/results/errors/server/local/quant_master_server/temp/209/quic_server_test_blocked_streams_maxstream_error0.iev,0.0,0.0
217,quant,server,quic_server_test_double_tp_error0,,,/home/chris/Toward-verification-of-QUIC-extensions/installer/TVOQE/results/errors/server/local/quant_master_server/temp/1320/quic_server_test_double_tp_error0.iev,0.0,1.0
218,quant,server,quic_server_test_tp_acticoid_error0,,,/home/chris/Toward-verification-of-QUIC-extensions/installer/TVOQE/results/errors/server/local/quant_master_server/temp/732/quic_server_test_tp_acticoid_error0.iev,0.0,1.0
219,quant,server,quic_server_test_tp_error0,,,/home/chris/Toward-verification-of-QUIC-extensions/installer/TVOQE/results/errors/server/local/quant_master_server/temp/684/quic_server_test_tp_error0.iev,0.0,1.0
220,quant,server,quic_server_test_tp_limit_acticoid_error0,,server_return_code(-6)+ivy_return_code(1),/home/chris/Toward-verification-of-QUIC-extensions/installer/TVOQE/results/errors/server/local/quant_master_server/temp/1401/quic_server_test_tp_limit_acticoid_error0.iev,0.0,0.0
221,quant,server,quic_server_test_reset_stream0,,"ivy_return_code(1)+assumption_failed(""quic_server_test.ivy: line 182"")",/home/chris/Toward-verification-of-QUIC-extensions/installer/TVOQE/results/errors/server/local/quant_master_server/temp/917/quic_server_test_reset_stream0.iev,0.0,0.0
222,quant,server,quic_server_test_reset_stream0,,"ivy_return_code(1)+assumption_failed(""quic_server_test.ivy: line 182"")",/home/chris/Toward-verification-of-QUIC-extensions/installer/TVOQE/results/errors/server/local/quant_master_server/temp/933/quic_server_test_reset_stream0.iev,0.0,0.0
223,quant,server,quic_server_test_max0,,"ivy_return_code(1)+assumption_failed(""/usr/local/lib/python2.7/dist-packages/ivy/include/1.7/quic_frame.ivy: line 1494"")",/home/chris/Toward-verification-of-QUIC-extensions/installer/TVOQE/results/errors/server/local/quant_master_server/temp/424/quic_server_test_max0.iev,0.0,0.0
224,quant,server,quic_server_test_stream0,,"ivy_return_code(1)+assumption_failed(""/usr/local/lib/python2.7/dist-packages/ivy/include/1.7/quic_frame.ivy: line 1494"")",/home/chris/Toward-verification-of-QUIC-extensions/installer/TVOQE/results/errors/server/local/quant_master_server/temp/57/quic_server_test_stream0.iev,0.0,0.0
225,quant,server,quic_server_test_accept_maxdata0,,"ivy_return_code(1)+assumption_failed(""quic_server_test_accept_maxdata.ivy: line 200"")",/home/chris/Toward-verification-of-QUIC-extensions/installer/TVOQE/results/errors/server/local/quant_master_server/temp/1548/quic_server_test_accept_maxdata0.iev,0.0,0.0
226,quant,server,quic_server_test_accept_maxdata0,,"ivy_return_code(1)+assumption_failed(""/usr/local/lib/python2.7/dist-packages/ivy/include/1.7/quic_frame.ivy: line 1494"")",/home/chris/Toward-verification-of-QUIC-extensions/installer/TVOQE/results/errors/server/local/quant_master_server/temp/1521/quic_server_test_accept_maxdata0.iev,0.0,0.0
227,quant,server,quic_server_test_handshake_done_error0,,"ivy_return_code(1)+assumption_failed(""quic_server_test_handshake_done_error.ivy: line 325"")",/home/chris/Toward-verification-of-QUIC-extensions/installer/TVOQE/results/errors/server/local/quant_master_server/temp/1150/quic_server_test_handshake_done_error0.iev,0.0,0.0
228,quant,server,quic_server_test_newconnectionid_error0,,server_return_code(-6)+ivy_return_code(1),/home/chris/Toward-verification-of-QUIC-extensions/installer/TVOQE/results/errors/server/local/quant_master_server/temp/1071/quic_server_test_newconnectionid_error0.iev,0.0,0.0
229,quant,server,quic_server_test_handshake_done_error0,,"ivy_return_code(1)+assumption_failed(""quic_server_test_handshake_done_error.ivy: line 325"")",/home/chris/Toward-verification-of-QUIC-extensions/installer/TVOQE/results/errors/server/local/quant_master_server/temp/1177/quic_server_test_handshake_done_error0.iev,0.0,0.0
230,quant,server,quic_server_test_accept_maxdata0,,"ivy_return_code(1)+assumption_failed(""/usr/local/lib/python2.7/dist-packages/ivy/include/1.7/quic_frame.ivy: line 1494"")",/home/chris/Toward-verification-of-QUIC-extensions/installer/TVOQE/results/errors/server/local/quant_master_server/temp/1553/quic_server_test_accept_maxdata0.iev,0.0,0.0
231,quant,server,quic_server_test_blocked_streams_maxstream_error0,,"ivy_return_code(1)+assumption_failed(""quic_server_test_blocked_streams_maxstream_error.ivy: line 534"")",/home/chris/Toward-verification-of-QUIC-extensions/installer/TVOQE/results/errors/server/local/quant_master_server/temp/223/quic_server_test_blocked_streams_maxstream_error0.iev,0.0,0.0
232,quant,server,quic_server_test_blocked_streams_maxstream_error0,,"ivy_return_code(1)+assumption_failed(""quic_server_test_blocked_streams_maxstream_error.ivy: line 534"")",/home/chris/Toward-verification-of-QUIC-extensions/installer/TVOQE/results/errors/server/local/quant_master_server/temp/286/quic_server_test_blocked_streams_maxstream_error0.iev,0.0,0.0
233,quant,server,quic_server_test_max0,,"ivy_return_code(1)+assumption_failed(""/usr/local/lib/python2.7/dist-packages/ivy/include/1.7/quic_frame.ivy: line 1494"")",/home/chris/Toward-verification-of-QUIC-extensions/installer/TVOQE/results/errors/server/local/quant_master_server/temp/496/quic_server_test_max0.iev,0.0,0.0
234,quant,server,quic_server_test_accept_maxdata0,,"ivy_return_code(1)+assumption_failed(""/usr/local/lib/python2.7/dist-packages/ivy/include/1.7/quic_frame.ivy: line 1494"")",/home/chris/Toward-verification-of-QUIC-extensions/installer/TVOQE/results/errors/server/local/quant_master_server/temp/1554/quic_server_test_accept_maxdata0.iev,0.0,0.0
235,quant,server,quic_server_test_handshake_done_error0,,"ivy_return_code(1)+assumption_failed(""quic_server_test_handshake_done_error.ivy: line 325"")",/home/chris/Toward-verification-of-QUIC-extensions/installer/TVOQE/results/errors/server/local/quant_master_server/temp/1109/quic_server_test_handshake_done_error0.iev,0.0,0.0
236,quant,server,quic_server_test_no_icid0,,,/home/chris/Toward-verification-of-QUIC-extensions/installer/TVOQE/results/errors/server/local/quant_master_server/temp/1604/quic_server_test_no_icid0.iev,0.0,1.0
237,quant,server,quic_server_test_max0,,"ivy_return_code(1)+assumption_failed(""/usr/local/lib/python2.7/dist-packages/ivy/include/1.7/quic_frame.ivy: line 1494"")",/home/chris/Toward-verification-of-QUIC-extensions/installer/TVOQE/results/errors/server/local/quant_master_server/temp/407/quic_server_test_max0.iev,0.0,0.0
238,quant,server,quic_server_test_tp_limit_acticoid_error0,,server_return_code(-6)+ivy_return_code(1),/home/chris/Toward-verification-of-QUIC-extensions/installer/TVOQE/results/errors/server/local/quant_master_server/temp/1479/quic_server_test_tp_limit_acticoid_error0.iev,0.0,0.0
239,quant,server,quic_server_test_tp_acticoid_error0,,,/home/chris/Toward-verification-of-QUIC-extensions/installer/TVOQE/results/errors/server/local/quant_master_server/temp/740/quic_server_test_tp_acticoid_error0.iev,0.0,1.0
240,quant,server,quic_server_test_double_tp_error0,,,/home/chris/Toward-verification-of-QUIC-extensions/installer/TVOQE/results/errors/server/local/quant_master_server/temp/1343/quic_server_test_double_tp_error0.iev,0.0,1.0
241,quant,server,quic_server_test_token_error0,,,/home/chris/Toward-verification-of-QUIC-extensions/installer/TVOQE/results/errors/server/local/quant_master_server/temp/558/quic_server_test_token_error0.iev,0.0,1.0
242,quant,server,quic_server_test_stream0,,"ivy_return_code(1)+assumption_failed(""/usr/local/lib/python2.7/dist-packages/ivy/include/1.7/quic_frame.ivy: line 1494"")",/home/chris/Toward-verification-of-QUIC-extensions/installer/TVOQE/results/errors/server/local/quant_master_server/temp/47/quic_server_test_stream0.iev,0.0,0.0
243,quant,server,quic_server_test_reset_stream0,,"ivy_return_code(1)+assumption_failed(""quic_server_test.ivy: line 182"")",/home/chris/Toward-verification-of-QUIC-extensions/installer/TVOQE/results/errors/server/local/quant_master_server/temp/989/quic_server_test_reset_stream0.iev,0.0,0.0
244,quant,server,quic_server_test_reset_stream0,,"ivy_return_code(1)+assumption_failed(""/usr/local/lib/python2.7/dist-packages/ivy/include/1.7/quic_frame.ivy: line 1494"")",/home/chris/Toward-verification-of-QUIC-extensions/installer/TVOQE/results/errors/server/local/quant_master_server/temp/925/quic_server_test_reset_stream0.iev,0.0,0.0
245,quant,server,quic_server_test_tp_error0,,,/home/chris/Toward-verification-of-QUIC-extensions/installer/TVOQE/results/errors/server/local/quant_master_server/temp/661/quic_server_test_tp_error0.iev,0.0,1.0
246,quant,server,quic_server_test_no_icid0,,,/home/chris/Toward-verification-of-QUIC-extensions/installer/TVOQE/results/errors/server/local/quant_master_server/temp/1666/quic_server_test_no_icid0.iev,0.0,1.0
247,quant,server,quic_server_test_tp_limit_newcoid0,,"ivy_return_code(1)+assumption_failed(""/usr/local/lib/python2.7/dist-packages/ivy/include/1.7/quic_frame.ivy: line 1494"")",/home/chris/Toward-verification-of-QUIC-extensions/installer/TVOQE/results/errors/server/local/quant_master_server/temp/382/quic_server_test_tp_limit_newcoid0.iev,0.0,0.0
248,quant,server,quic_server_test_unkown0,,"ivy_return_code(1)+assumption_failed(""quic_server_test_unkown.ivy: line 571"")",/home/chris/Toward-verification-of-QUIC-extensions/installer/TVOQE/results/errors/server/local/quant_master_server/temp/136/quic_server_test_unkown0.iev,0.0,0.0
249,quant,server,quic_server_test_no_icid0,,,/home/chris/Toward-verification-of-QUIC-extensions/installer/TVOQE/results/errors/server/local/quant_master_server/temp/1657/quic_server_test_no_icid0.iev,0.0,1.0
250,quant,server,quic_server_test_accept_maxdata0,,"ivy_return_code(1)+assumption_failed(""/usr/local/lib/python2.7/dist-packages/ivy/include/1.7/quic_frame.ivy: line 1494"")",/home/chris/Toward-verification-of-QUIC-extensions/installer/TVOQE/results/errors/server/local/quant_master_server/temp/1546/quic_server_test_accept_maxdata0.iev,0.0,0.0
251,quant,server,quic_server_test_token_error0,,,/home/chris/Toward-verification-of-QUIC-extensions/installer/TVOQE/results/errors/server/local/quant_master_server/temp/512/quic_server_test_token_error0.iev,0.0,1.0
252,quant,server,quic_server_test_accept_maxdata0,,"ivy_return_code(1)+assumption_failed(""/usr/local/lib/python2.7/dist-packages/ivy/include/1.7/quic_frame.ivy: line 1494"")",/home/chris/Toward-verification-of-QUIC-extensions/installer/TVOQE/results/errors/server/local/quant_master_server/temp/1572/quic_server_test_accept_maxdata0.iev,0.0,0.0
253,quant,server,quic_server_test_accept_maxdata0,,"ivy_return_code(1)+assumption_failed(""/usr/local/lib/python2.7/dist-packages/ivy/include/1.7/quic_frame.ivy: line 1494"")",/home/chris/Toward-verification-of-QUIC-extensions/installer/TVOQE/results/errors/server/local/quant_master_server/temp/1532/quic_server_test_accept_maxdata0.iev,0.0,0.0
254,quant,server,quic_server_test_no_icid0,,,/home/chris/Toward-verification-of-QUIC-extensions/installer/TVOQE/results/errors/server/local/quant_master_server/temp/1655/quic_server_test_no_icid0.iev,0.0,1.0
255,quant,server,quic_server_test_blocked_streams_maxstream_error0,,"ivy_return_code(1)+assumption_failed(""quic_server_test_blocked_streams_maxstream_error.ivy: line 534"")",/home/chris/Toward-verification-of-QUIC-extensions/installer/TVOQE/results/errors/server/local/quant_master_server/temp/237/quic_server_test_blocked_streams_maxstream_error0.iev,0.0,0.0
256,quant,server,quic_server_test_no_icid0,,,/home/chris/Toward-verification-of-QUIC-extensions/installer/TVOQE/results/errors/server/local/quant_master_server/temp/1690/quic_server_test_no_icid0.iev,0.0,1.0
257,quant,server,quic_server_test_stop_sending0,,"ivy_return_code(1)+assumption_failed(""/usr/local/lib/python2.7/dist-packages/ivy/include/1.7/quic_frame.ivy: line 1494"")",/home/chris/Toward-verification-of-QUIC-extensions/installer/TVOQE/results/errors/server/local/quant_master_server/temp/1296/quic_server_test_stop_sending0.iev,0.0,0.0
258,quant,server,quic_server_test_tp_limit_newcoid0,,"ivy_return_code(1)+assumption_failed(""/usr/local/lib/python2.7/dist-packages/ivy/include/1.7/quic_frame.ivy: line 1494"")",/home/chris/Toward-verification-of-QUIC-extensions/installer/TVOQE/results/errors/server/local/quant_master_server/temp/384/quic_server_test_tp_limit_newcoid0.iev,0.0,0.0
259,quant,server,quic_server_test_token_error0,,,/home/chris/Toward-verification-of-QUIC-extensions/installer/TVOQE/results/errors/server/local/quant_master_server/temp/511/quic_server_test_token_error0.iev,0.0,1.0
260,quant,server,quic_server_test_handshake_done_error0,,"ivy_return_code(1)+assumption_failed(""quic_server_test_handshake_done_error.ivy: line 325"")",/home/chris/Toward-verification-of-QUIC-extensions/installer/TVOQE/results/errors/server/local/quant_master_server/temp/1130/quic_server_test_handshake_done_error0.iev,0.0,0.0
261,quant,server,quic_server_test_handshake_done_error0,,"ivy_return_code(1)+assumption_failed(""quic_server_test_handshake_done_error.ivy: line 325"")",/home/chris/Toward-verification-of-QUIC-extensions/installer/TVOQE/results/errors/server/local/quant_master_server/temp/1149/quic_server_test_handshake_done_error0.iev,0.0,0.0
262,quant,server,quic_server_test_unkown0,,ivy_return_code(134)+ivy_binary_deser_128 getn deser_err,/home/chris/Toward-verification-of-QUIC-extensions/installer/TVOQE/results/errors/server/local/quant_master_server/temp/149/quic_server_test_unkown0.iev,0.0,0.0
263,quant,server,quic_server_test_connection_close0,,"ivy_return_code(1)+assumption_failed(""/usr/local/lib/python2.7/dist-packages/ivy/include/1.7/quic_frame.ivy: line 1494"")",/home/chris/Toward-verification-of-QUIC-extensions/installer/TVOQE/results/errors/server/local/quant_master_server/temp/887/quic_server_test_connection_close0.iev,0.0,0.0
264,quant,server,quic_server_test_tp_limit_newcoid0,,"ivy_return_code(1)+assumption_failed(""/usr/local/lib/python2.7/dist-packages/ivy/include/1.7/quic_frame.ivy: line 1494"")",/home/chris/Toward-verification-of-QUIC-extensions/installer/TVOQE/results/errors/server/local/quant_master_server/temp/396/quic_server_test_tp_limit_newcoid0.iev,0.0,0.0
265,quant,server,quic_server_test_token_error0,,,/home/chris/Toward-verification-of-QUIC-extensions/installer/TVOQE/results/errors/server/local/quant_master_server/temp/588/quic_server_test_token_error0.iev,0.0,1.0
266,quant,server,quic_server_test_tp_error0,,,/home/chris/Toward-verification-of-QUIC-extensions/installer/TVOQE/results/errors/server/local/quant_master_server/temp/644/quic_server_test_tp_error0.iev,0.0,1.0
267,quant,server,quic_server_test_handshake_done_error0,,"ivy_return_code(1)+assumption_failed(""quic_server_test_handshake_done_error.ivy: line 325"")",/home/chris/Toward-verification-of-QUIC-extensions/installer/TVOQE/results/errors/server/local/quant_master_server/temp/1121/quic_server_test_handshake_done_error0.iev,0.0,0.0
268,quant,server,quic_server_test_handshake_done_error0,,"ivy_return_code(1)+assumption_failed(""quic_server_test_handshake_done_error.ivy: line 186"")",/home/chris/Toward-verification-of-QUIC-extensions/installer/TVOQE/results/errors/server/local/quant_master_server/temp/1198/quic_server_test_handshake_done_error0.iev,0.0,0.0
269,quant,server,quic_server_test_tp_limit_acticoid_error0,,server_return_code(-6)+ivy_return_code(1),/home/chris/Toward-verification-of-QUIC-extensions/installer/TVOQE/results/errors/server/local/quant_master_server/temp/1475/quic_server_test_tp_limit_acticoid_error0.iev,0.0,0.0
270,quant,server,quic_server_test_tp_limit_acticoid_error0,,"ivy_return_code(1)+assumption_failed(""quic_server_test_tp_limit_acticoid_error.ivy: line 527"")",/home/chris/Toward-verification-of-QUIC-extensions/installer/TVOQE/results/errors/server/local/quant_master_server/temp/1442/quic_server_test_tp_limit_acticoid_error0.iev,0.0,0.0
271,quant,server,quic_server_test_no_icid0,,,/home/chris/Toward-verification-of-QUIC-extensions/installer/TVOQE/results/errors/server/local/quant_master_server/temp/1621/quic_server_test_no_icid0.iev,0.0,1.0
272,quant,server,quic_server_test_max0,,"ivy_return_code(1)+assumption_failed(""/usr/local/lib/python2.7/dist-packages/ivy/include/1.7/quic_frame.ivy: line 1494"")",/home/chris/Toward-verification-of-QUIC-extensions/installer/TVOQE/results/errors/server/local/quant_master_server/temp/450/quic_server_test_max0.iev,0.0,0.0
273,quant,server,quic_server_test_tp_limit_acticoid_error0,,server_return_code(-6)+ivy_return_code(1),/home/chris/Toward-verification-of-QUIC-extensions/installer/TVOQE/results/errors/server/local/quant_master_server/temp/1487/quic_server_test_tp_limit_acticoid_error0.iev,0.0,0.0
274,quant,server,quic_server_test_newconnectionid_error0,,server_return_code(-6)+ivy_return_code(1),/home/chris/Toward-verification-of-QUIC-extensions/installer/TVOQE/results/errors/server/local/quant_master_server/temp/1051/quic_server_test_newconnectionid_error0.iev,0.0,0.0
275,quant,server,quic_server_test_tp_error0,,,/home/chris/Toward-verification-of-QUIC-extensions/installer/TVOQE/results/errors/server/local/quant_master_server/temp/628/quic_server_test_tp_error0.iev,0.0,1.0
276,quant,server,quic_server_test_tp_limit_newcoid0,,"ivy_return_code(1)+assumption_failed(""/usr/local/lib/python2.7/dist-packages/ivy/include/1.7/quic_frame.ivy: line 1494"")",/home/chris/Toward-verification-of-QUIC-extensions/installer/TVOQE/results/errors/server/local/quant_master_server/temp/322/quic_server_test_tp_limit_newcoid0.iev,0.0,0.0
277,quant,server,quic_server_test_double_tp_error0,,,/home/chris/Toward-verification-of-QUIC-extensions/installer/TVOQE/results/errors/server/local/quant_master_server/temp/1388/quic_server_test_double_tp_error0.iev,0.0,1.0
278,quant,server,quic_server_test_double_tp_error0,,,/home/chris/Toward-verification-of-QUIC-extensions/installer/TVOQE/results/errors/server/local/quant_master_server/temp/1341/quic_server_test_double_tp_error0.iev,0.0,1.0
279,quant,server,quic_server_test_accept_maxdata0,,"ivy_return_code(1)+assumption_failed(""/usr/local/lib/python2.7/dist-packages/ivy/include/1.7/quic_frame.ivy: line 1494"")",/home/chris/Toward-verification-of-QUIC-extensions/installer/TVOQE/results/errors/server/local/quant_master_server/temp/1519/quic_server_test_accept_maxdata0.iev,0.0,0.0
280,quant,server,quic_server_test_tp_limit_newcoid0,,"ivy_return_code(1)+assumption_failed(""/usr/local/lib/python2.7/dist-packages/ivy/include/1.7/quic_frame.ivy: line 1494"")",/home/chris/Toward-verification-of-QUIC-extensions/installer/TVOQE/results/errors/server/local/quant_master_server/temp/345/quic_server_test_tp_limit_newcoid0.iev,0.0,0.0
281,quant,server,quic_server_test_double_tp_error0,,,/home/chris/Toward-verification-of-QUIC-extensions/installer/TVOQE/results/errors/server/local/quant_master_server/temp/1360/quic_server_test_double_tp_error0.iev,0.0,1.0
282,quant,server,quic_server_test_ext_min_ack_delay0,,"ivy_return_code(1)+assumption_failed(""/usr/local/lib/python2.7/dist-packages/ivy/include/1.7/quic_frame.ivy: line 1494"")",/home/chris/Toward-verification-of-QUIC-extensions/installer/TVOQE/results/errors/server/local/quant_master_server/temp/1767/quic_server_test_ext_min_ack_delay0.iev,0.0,0.0
283,quant,server,quic_server_test_ext_min_ack_delay0,,"ivy_return_code(1)+assumption_failed(""/usr/local/lib/python2.7/dist-packages/ivy/include/1.7/quic_frame.ivy: line 1494"")",/home/chris/Toward-verification-of-QUIC-extensions/installer/TVOQE/results/errors/server/local/quant_master_server/temp/1703/quic_server_test_ext_min_ack_delay0.iev,0.0,0.0
284,quant,server,quic_server_test_accept_maxdata0,,,/home/chris/Toward-verification-of-QUIC-extensions/installer/TVOQE/results/errors/server/local/quant_master_server/temp/1599/quic_server_test_accept_maxdata0.iev,0.0,1.0
285,quant,server,quic_server_test_tp_limit_acticoid_error0,,server_return_code(-6)+ivy_return_code(1),/home/chris/Toward-verification-of-QUIC-extensions/installer/TVOQE/results/errors/server/local/quant_master_server/temp/1471/quic_server_test_tp_limit_acticoid_error0.iev,0.0,0.0
286,quant,server,quic_server_test_newconnectionid_error0,,"ivy_return_code(1)+assumption_failed(""/usr/local/lib/python2.7/dist-packages/ivy/include/1.7/quic_frame.ivy: line 1494"")",/home/chris/Toward-verification-of-QUIC-extensions/installer/TVOQE/results/errors/server/local/quant_master_server/temp/1018/quic_server_test_newconnectionid_error0.iev,0.0,0.0
287,quant,server,quic_server_test_tp_error0,,,/home/chris/Toward-verification-of-QUIC-extensions/installer/TVOQE/results/errors/server/local/quant_master_server/temp/668/quic_server_test_tp_error0.iev,0.0,1.0
288,quant,server,quic_server_test_tp_acticoid_error0,,,/home/chris/Toward-verification-of-QUIC-extensions/installer/TVOQE/results/errors/server/local/quant_master_server/temp/773/quic_server_test_tp_acticoid_error0.iev,0.0,1.0
289,quant,server,quic_server_test_handshake_done_error0,,"ivy_return_code(1)+assumption_failed(""quic_server_test_handshake_done_error.ivy: line 186"")",/home/chris/Toward-verification-of-QUIC-extensions/installer/TVOQE/results/errors/server/local/quant_master_server/temp/1153/quic_server_test_handshake_done_error0.iev,0.0,0.0
290,quant,server,quic_server_test_tp_limit_newcoid0,,"ivy_return_code(1)+assumption_failed(""/usr/local/lib/python2.7/dist-packages/ivy/include/1.7/quic_frame.ivy: line 1494"")",/home/chris/Toward-verification-of-QUIC-extensions/installer/TVOQE/results/errors/server/local/quant_master_server/temp/398/quic_server_test_tp_limit_newcoid0.iev,0.0,0.0
291,quant,server,quic_server_test_unkown0,,"ivy_return_code(1)+assumption_failed(""quic_server_test_unkown.ivy: line 571"")",/home/chris/Toward-verification-of-QUIC-extensions/installer/TVOQE/results/errors/server/local/quant_master_server/temp/132/quic_server_test_unkown0.iev,0.0,0.0
292,quant,server,quic_server_test_double_tp_error0,,,/home/chris/Toward-verification-of-QUIC-extensions/installer/TVOQE/results/errors/server/local/quant_master_server/temp/1348/quic_server_test_double_tp_error0.iev,0.0,1.0
293,quant,server,quic_server_test_token_error0,,,/home/chris/Toward-verification-of-QUIC-extensions/installer/TVOQE/results/errors/server/local/quant_master_server/temp/537/quic_server_test_token_error0.iev,0.0,1.0
294,quant,server,quic_server_test_token_error0,,,/home/chris/Toward-verification-of-QUIC-extensions/installer/TVOQE/results/errors/server/local/quant_master_server/temp/562/quic_server_test_token_error0.iev,0.0,1.0
295,quant,server,quic_server_test_tp_acticoid_error0,,,/home/chris/Toward-verification-of-QUIC-extensions/installer/TVOQE/results/errors/server/local/quant_master_server/temp/770/quic_server_test_tp_acticoid_error0.iev,0.0,1.0
296,quant,server,quic_server_test_blocked_streams_maxstream_error0,,"ivy_return_code(1)+assumption_failed(""quic_server_test_blocked_streams_maxstream_error.ivy: line 534"")",/home/chris/Toward-verification-of-QUIC-extensions/installer/TVOQE/results/errors/server/local/quant_master_server/temp/233/quic_server_test_blocked_streams_maxstream_error0.iev,0.0,0.0
297,quant,server,quic_server_test_reset_stream0,,"ivy_return_code(1)+assumption_failed(""quic_server_test.ivy: line 182"")",/home/chris/Toward-verification-of-QUIC-extensions/installer/TVOQE/results/errors/server/local/quant_master_server/temp/911/quic_server_test_reset_stream0.iev,0.0,0.0
298,quant,server,quic_server_test_accept_maxdata0,,"ivy_return_code(1)+assumption_failed(""/usr/local/lib/python2.7/dist-packages/ivy/include/1.7/quic_frame.ivy: line 1494"")",/home/chris/Toward-verification-of-QUIC-extensions/installer/TVOQE/results/errors/server/local/quant_master_server/temp/1598/quic_server_test_accept_maxdata0.iev,0.0,0.0
299,quant,server,quic_server_test_ext_min_ack_delay0,,"ivy_return_code(1)+assumption_failed(""/usr/local/lib/python2.7/dist-packages/ivy/include/1.7/quic_frame.ivy: line 1494"")",/home/chris/Toward-verification-of-QUIC-extensions/installer/TVOQE/results/errors/server/local/quant_master_server/temp/1733/quic_server_test_ext_min_ack_delay0.iev,0.0,0.0
300,quant,server,quic_server_test_stream0,,"ivy_return_code(1)+assumption_failed(""/usr/local/lib/python2.7/dist-packages/ivy/include/1.7/quic_frame.ivy: line 1494"")",/home/chris/Toward-verification-of-QUIC-extensions/installer/TVOQE/results/errors/server/local/quant_master_server/temp/66/quic_server_test_stream0.iev,0.0,0.0
301,quant,server,quic_server_test_newconnectionid_error0,,server_return_code(-6)+ivy_return_code(1),/home/chris/Toward-verification-of-QUIC-extensions/installer/TVOQE/results/errors/server/local/quant_master_server/temp/1069/quic_server_test_newconnectionid_error0.iev,0.0,0.0
302,quant,server,quic_server_test_accept_maxdata0,,"ivy_return_code(1)+assumption_failed(""/usr/local/lib/python2.7/dist-packages/ivy/include/1.7/quic_frame.ivy: line 1494"")",/home/chris/Toward-verification-of-QUIC-extensions/installer/TVOQE/results/errors/server/local/quant_master_server/temp/1583/quic_server_test_accept_maxdata0.iev,0.0,0.0
303,quant,server,quic_server_test_newconnectionid_error0,,server_return_code(-6)+test_completed,/home/chris/Toward-verification-of-QUIC-extensions/installer/TVOQE/results/errors/server/local/quant_master_server/temp/1022/quic_server_test_newconnectionid_error0.iev,0.0,0.0
304,quant,server,quic_server_test_reset_stream0,,"ivy_return_code(1)+assumption_failed(""/usr/local/lib/python2.7/dist-packages/ivy/include/1.7/quic_frame.ivy: line 1494"")",/home/chris/Toward-verification-of-QUIC-extensions/installer/TVOQE/results/errors/server/local/quant_master_server/temp/986/quic_server_test_reset_stream0.iev,0.0,0.0
305,quant,server,quic_server_test_reset_stream0,,"ivy_return_code(1)+assumption_failed(""quic_server_test.ivy: line 182"")",/home/chris/Toward-verification-of-QUIC-extensions/installer/TVOQE/results/errors/server/local/quant_master_server/temp/932/quic_server_test_reset_stream0.iev,0.0,0.0
306,quant,server,quic_server_test_handshake_done_error0,,"ivy_return_code(1)+assumption_failed(""quic_server_test_handshake_done_error.ivy: line 325"")",/home/chris/Toward-verification-of-QUIC-extensions/installer/TVOQE/results/errors/server/local/quant_master_server/temp/1110/quic_server_test_handshake_done_error0.iev,0.0,0.0
307,quant,server,quic_server_test_stream0,,"ivy_return_code(1)+assumption_failed(""/usr/local/lib/python2.7/dist-packages/ivy/include/1.7/quic_frame.ivy: line 1494"")",/home/chris/Toward-verification-of-QUIC-extensions/installer/TVOQE/results/errors/server/local/quant_master_server/temp/35/quic_server_test_stream0.iev,0.0,0.0
308,quant,server,quic_server_test_blocked_streams_maxstream_error0,,"ivy_return_code(1)+assumption_failed(""/usr/local/lib/python2.7/dist-packages/ivy/include/1.7/quic_frame.ivy: line 1494"")",/home/chris/Toward-verification-of-QUIC-extensions/installer/TVOQE/results/errors/server/local/quant_master_server/temp/253/quic_server_test_blocked_streams_maxstream_error0.iev,0.0,0.0
309,quant,server,quic_server_test_tp_limit_acticoid_error0,,server_return_code(-6)+ivy_return_code(1),/home/chris/Toward-verification-of-QUIC-extensions/installer/TVOQE/results/errors/server/local/quant_master_server/temp/1484/quic_server_test_tp_limit_acticoid_error0.iev,0.0,0.0
310,quant,server,quic_server_test_ext_min_ack_delay0,,"ivy_return_code(1)+assumption_failed(""/usr/local/lib/python2.7/dist-packages/ivy/include/1.7/quic_frame.ivy: line 1494"")",/home/chris/Toward-verification-of-QUIC-extensions/installer/TVOQE/results/errors/server/local/quant_master_server/temp/1798/quic_server_test_ext_min_ack_delay0.iev,0.0,0.0
311,quant,server,quic_server_test_accept_maxdata0,,"ivy_return_code(1)+assumption_failed(""/usr/local/lib/python2.7/dist-packages/ivy/include/1.7/quic_frame.ivy: line 1494"")",/home/chris/Toward-verification-of-QUIC-extensions/installer/TVOQE/results/errors/server/local/quant_master_server/temp/1561/quic_server_test_accept_maxdata0.iev,0.0,0.0
312,quant,server,quic_server_test_stream0,,"ivy_return_code(1)+assumption_failed(""/usr/local/lib/python2.7/dist-packages/ivy/include/1.7/quic_frame.ivy: line 1494"")",/home/chris/Toward-verification-of-QUIC-extensions/installer/TVOQE/results/errors/server/local/quant_master_server/temp/27/quic_server_test_stream0.iev,0.0,0.0
313,quant,server,quic_server_test_newconnectionid_error0,,"ivy_return_code(1)+assumption_failed(""/usr/local/lib/python2.7/dist-packages/ivy/include/1.7/quic_frame.ivy: line 1494"")",/home/chris/Toward-verification-of-QUIC-extensions/installer/TVOQE/results/errors/server/local/quant_master_server/temp/1032/quic_server_test_newconnectionid_error0.iev,0.0,0.0
314,quant,server,quic_server_test_newconnectionid_error0,,server_return_code(-6)+ivy_return_code(1),/home/chris/Toward-verification-of-QUIC-extensions/installer/TVOQE/results/errors/server/local/quant_master_server/temp/1087/quic_server_test_newconnectionid_error0.iev,0.0,0.0
315,quant,server,quic_server_test_double_tp_error0,,,/home/chris/Toward-verification-of-QUIC-extensions/installer/TVOQE/results/errors/server/local/quant_master_server/temp/1312/quic_server_test_double_tp_error0.iev,0.0,1.0
316,quant,server,quic_server_test_double_tp_error0,,,/home/chris/Toward-verification-of-QUIC-extensions/installer/TVOQE/results/errors/server/local/quant_master_server/temp/1310/quic_server_test_double_tp_error0.iev,0.0,1.0
317,quant,server,quic_server_test_tp_error0,,,/home/chris/Toward-verification-of-QUIC-extensions/installer/TVOQE/results/errors/server/local/quant_master_server/temp/610/quic_server_test_tp_error0.iev,0.0,1.0
318,quant,server,quic_server_test_token_error0,,,/home/chris/Toward-verification-of-QUIC-extensions/installer/TVOQE/results/errors/server/local/quant_master_server/temp/571/quic_server_test_token_error0.iev,0.0,1.0
319,quant,server,quic_server_test_tp_limit_acticoid_error0,,"ivy_return_code(1)+assumption_failed(""quic_server_test_tp_limit_acticoid_error.ivy: line 527"")",/home/chris/Toward-verification-of-QUIC-extensions/installer/TVOQE/results/errors/server/local/quant_master_server/temp/1409/quic_server_test_tp_limit_acticoid_error0.iev,0.0,0.0
320,quant,server,quic_server_test_accept_maxdata0,,,/home/chris/Toward-verification-of-QUIC-extensions/installer/TVOQE/results/errors/server/local/quant_master_server/temp/1575/quic_server_test_accept_maxdata0.iev,0.0,1.0
321,quant,server,quic_server_test_tp_error0,,,/home/chris/Toward-verification-of-QUIC-extensions/installer/TVOQE/results/errors/server/local/quant_master_server/temp/621/quic_server_test_tp_error0.iev,0.0,1.0
322,quant,server,quic_server_test_unkown0,,"ivy_return_code(1)+assumption_failed(""quic_server_test_unkown.ivy: line 571"")",/home/chris/Toward-verification-of-QUIC-extensions/installer/TVOQE/results/errors/server/local/quant_master_server/temp/168/quic_server_test_unkown0.iev,0.0,0.0
323,quant,server,quic_server_test_unkown0,,"ivy_return_code(1)+assumption_failed(""quic_server_test_unkown.ivy: line 571"")",/home/chris/Toward-verification-of-QUIC-extensions/installer/TVOQE/results/errors/server/local/quant_master_server/temp/127/quic_server_test_unkown0.iev,0.0,0.0
324,quant,server,quic_server_test_unkown0,,"ivy_return_code(1)+assumption_failed(""quic_server_test_unkown.ivy: line 571"")",/home/chris/Toward-verification-of-QUIC-extensions/installer/TVOQE/results/errors/server/local/quant_master_server/temp/169/quic_server_test_unkown0.iev,0.0,0.0
325,quant,server,quic_server_test_handshake_done_error0,,"ivy_return_code(1)+assumption_failed(""quic_server_test_handshake_done_error.ivy: line 325"")",/home/chris/Toward-verification-of-QUIC-extensions/installer/TVOQE/results/errors/server/local/quant_master_server/temp/1108/quic_server_test_handshake_done_error0.iev,0.0,0.0
326,quant,server,quic_server_test_stop_sending0,,"ivy_return_code(1)+assumption_failed(""/usr/local/lib/python2.7/dist-packages/ivy/include/1.7/quic_frame.ivy: line 1494"")",/home/chris/Toward-verification-of-QUIC-extensions/installer/TVOQE/results/errors/server/local/quant_master_server/temp/1231/quic_server_test_stop_sending0.iev,0.0,0.0
327,quant,server,quic_server_test_connection_close0,,,/home/chris/Toward-verification-of-QUIC-extensions/installer/TVOQE/results/errors/server/local/quant_master_server/temp/807/quic_server_test_connection_close0.iev,0.0,1.0
328,quant,server,quic_server_test_ext_min_ack_delay0,,"ivy_return_code(1)+assumption_failed(""/usr/local/lib/python2.7/dist-packages/ivy/include/1.7/quic_frame.ivy: line 1494"")",/home/chris/Toward-verification-of-QUIC-extensions/installer/TVOQE/results/errors/server/local/quant_master_server/temp/1758/quic_server_test_ext_min_ack_delay0.iev,0.0,0.0
329,quant,server,quic_server_test_tp_limit_newcoid0,,,/home/chris/Toward-verification-of-QUIC-extensions/installer/TVOQE/results/errors/server/local/quant_master_server/temp/357/quic_server_test_tp_limit_newcoid0.iev,0.0,1.0
330,quant,server,quic_server_test_stream0,,"ivy_return_code(1)+assumption_failed(""/usr/local/lib/python2.7/dist-packages/ivy/include/1.7/quic_frame.ivy: line 1494"")",/home/chris/Toward-verification-of-QUIC-extensions/installer/TVOQE/results/errors/server/local/quant_master_server/temp/90/quic_server_test_stream0.iev,0.0,0.0
331,quant,server,quic_server_test_newconnectionid_error0,,server_return_code(-6)+ivy_return_code(1),/home/chris/Toward-verification-of-QUIC-extensions/installer/TVOQE/results/errors/server/local/quant_master_server/temp/1099/quic_server_test_newconnectionid_error0.iev,0.0,0.0
332,quant,server,quic_server_test_token_error0,,,/home/chris/Toward-verification-of-QUIC-extensions/installer/TVOQE/results/errors/server/local/quant_master_server/temp/535/quic_server_test_token_error0.iev,0.0,1.0
333,quant,server,quic_server_test_newconnectionid_error0,,server_return_code(-6)+ivy_return_code(1),/home/chris/Toward-verification-of-QUIC-extensions/installer/TVOQE/results/errors/server/local/quant_master_server/temp/1082/quic_server_test_newconnectionid_error0.iev,0.0,0.0
334,quant,server,quic_server_test_ext_min_ack_delay0,,"ivy_return_code(1)+assumption_failed(""/usr/local/lib/python2.7/dist-packages/ivy/include/1.7/quic_frame.ivy: line 1494"")",/home/chris/Toward-verification-of-QUIC-extensions/installer/TVOQE/results/errors/server/local/quant_master_server/temp/1735/quic_server_test_ext_min_ack_delay0.iev,0.0,0.0
335,quant,server,quic_server_test_max0,,"ivy_return_code(1)+assumption_failed(""/usr/local/lib/python2.7/dist-packages/ivy/include/1.7/quic_frame.ivy: line 1494"")",/home/chris/Toward-verification-of-QUIC-extensions/installer/TVOQE/results/errors/server/local/quant_master_server/temp/480/quic_server_test_max0.iev,0.0,0.0
336,quant,server,quic_server_test_tp_limit_newcoid0,,"ivy_return_code(1)+assumption_failed(""/usr/local/lib/python2.7/dist-packages/ivy/include/1.7/quic_frame.ivy: line 1494"")",/home/chris/Toward-verification-of-QUIC-extensions/installer/TVOQE/results/errors/server/local/quant_master_server/temp/386/quic_server_test_tp_limit_newcoid0.iev,0.0,0.0
337,quant,server,quic_server_test_tp_limit_acticoid_error0,,server_return_code(-6)+ivy_return_code(1),/home/chris/Toward-verification-of-QUIC-extensions/installer/TVOQE/results/errors/server/local/quant_master_server/temp/1415/quic_server_test_tp_limit_acticoid_error0.iev,0.0,0.0
338,quant,server,quic_server_test_tp_limit_acticoid_error0,,server_return_code(-6)+ivy_return_code(1),/home/chris/Toward-verification-of-QUIC-extensions/installer/TVOQE/results/errors/server/local/quant_master_server/temp/1476/quic_server_test_tp_limit_acticoid_error0.iev,0.0,0.0
339,quant,server,quic_server_test_double_tp_error0,,,/home/chris/Toward-verification-of-QUIC-extensions/installer/TVOQE/results/errors/server/local/quant_master_server/temp/1321/quic_server_test_double_tp_error0.iev,0.0,1.0
340,quant,server,quic_server_test_tp_error0,,,/home/chris/Toward-verification-of-QUIC-extensions/installer/TVOQE/results/errors/server/local/quant_master_server/temp/645/quic_server_test_tp_error0.iev,0.0,1.0
341,quant,server,quic_server_test_tp_acticoid_error0,,,/home/chris/Toward-verification-of-QUIC-extensions/installer/TVOQE/results/errors/server/local/quant_master_server/temp/711/quic_server_test_tp_acticoid_error0.iev,0.0,1.0
342,quant,server,quic_server_test_token_error0,,,/home/chris/Toward-verification-of-QUIC-extensions/installer/TVOQE/results/errors/server/local/quant_master_server/temp/529/quic_server_test_token_error0.iev,0.0,1.0
343,quant,server,quic_server_test_tp_acticoid_error0,,,/home/chris/Toward-verification-of-QUIC-extensions/installer/TVOQE/results/errors/server/local/quant_master_server/temp/751/quic_server_test_tp_acticoid_error0.iev,0.0,1.0
344,quant,server,quic_server_test_no_icid0,,,/home/chris/Toward-verification-of-QUIC-extensions/installer/TVOQE/results/errors/server/local/quant_master_server/temp/1693/quic_server_test_no_icid0.iev,0.0,1.0
345,quant,server,quic_server_test_unkown0,,"ivy_return_code(1)+assumption_failed(""quic_server_test_unkown.ivy: line 571"")",/home/chris/Toward-verification-of-QUIC-extensions/installer/TVOQE/results/errors/server/local/quant_master_server/temp/123/quic_server_test_unkown0.iev,0.0,0.0
346,quant,server,quic_server_test_double_tp_error0,,,/home/chris/Toward-verification-of-QUIC-extensions/installer/TVOQE/results/errors/server/local/quant_master_server/temp/1382/quic_server_test_double_tp_error0.iev,0.0,1.0
347,quant,server,quic_server_test_tp_limit_acticoid_error0,,server_return_code(-6)+ivy_return_code(1),/home/chris/Toward-verification-of-QUIC-extensions/installer/TVOQE/results/errors/server/local/quant_master_server/temp/1451/quic_server_test_tp_limit_acticoid_error0.iev,0.0,0.0
348,quant,server,quic_server_test_no_icid0,,,/home/chris/Toward-verification-of-QUIC-extensions/installer/TVOQE/results/errors/server/local/quant_master_server/temp/1651/quic_server_test_no_icid0.iev,0.0,1.0
349,quant,server,quic_server_test_tp_limit_newcoid0,,"ivy_return_code(1)+assumption_failed(""/usr/local/lib/python2.7/dist-packages/ivy/include/1.7/quic_frame.ivy: line 1494"")",/home/chris/Toward-verification-of-QUIC-extensions/installer/TVOQE/results/errors/server/local/quant_master_server/temp/379/quic_server_test_tp_limit_newcoid0.iev,0.0,0.0
350,quant,server,quic_server_test_stop_sending0,,"ivy_return_code(1)+assumption_failed(""/usr/local/lib/python2.7/dist-packages/ivy/include/1.7/quic_frame.ivy: line 1494"")",/home/chris/Toward-verification-of-QUIC-extensions/installer/TVOQE/results/errors/server/local/quant_master_server/temp/1252/quic_server_test_stop_sending0.iev,0.0,0.0
351,quant,server,quic_server_test_double_tp_error0,,,/home/chris/Toward-verification-of-QUIC-extensions/installer/TVOQE/results/errors/server/local/quant_master_server/temp/1334/quic_server_test_double_tp_error0.iev,0.0,1.0
352,quant,server,quic_server_test_max0,,"ivy_return_code(1)+assumption_failed(""/usr/local/lib/python2.7/dist-packages/ivy/include/1.7/quic_frame.ivy: line 1494"")",/home/chris/Toward-verification-of-QUIC-extensions/installer/TVOQE/results/errors/server/local/quant_master_server/temp/445/quic_server_test_max0.iev,0.0,0.0
353,quant,server,quic_server_test_unkown0,,"ivy_return_code(1)+assumption_failed(""quic_server_test_unkown.ivy: line 571"")",/home/chris/Toward-verification-of-QUIC-extensions/installer/TVOQE/results/errors/server/local/quant_master_server/temp/104/quic_server_test_unkown0.iev,0.0,0.0
354,quant,server,quic_server_test_ext_min_ack_delay0,,,/home/chris/Toward-verification-of-QUIC-extensions/installer/TVOQE/results/errors/server/local/quant_master_server/temp/1761/quic_server_test_ext_min_ack_delay0.iev,0.0,1.0
355,quant,server,quic_server_test_reset_stream0,,"ivy_return_code(1)+assumption_failed(""/usr/local/lib/python2.7/dist-packages/ivy/include/1.7/quic_frame.ivy: line 1494"")",/home/chris/Toward-verification-of-QUIC-extensions/installer/TVOQE/results/errors/server/local/quant_master_server/temp/915/quic_server_test_reset_stream0.iev,0.0,0.0
356,quant,server,quic_server_test_tp_limit_newcoid0,,"ivy_return_code(1)+assumption_failed(""/usr/local/lib/python2.7/dist-packages/ivy/include/1.7/quic_frame.ivy: line 1494"")",/home/chris/Toward-verification-of-QUIC-extensions/installer/TVOQE/results/errors/server/local/quant_master_server/temp/334/quic_server_test_tp_limit_newcoid0.iev,0.0,0.0
357,quant,server,quic_server_test_accept_maxdata0,,"ivy_return_code(1)+assumption_failed(""/usr/local/lib/python2.7/dist-packages/ivy/include/1.7/quic_frame.ivy: line 1494"")",/home/chris/Toward-verification-of-QUIC-extensions/installer/TVOQE/results/errors/server/local/quant_master_server/temp/1570/quic_server_test_accept_maxdata0.iev,0.0,0.0
358,quant,server,quic_server_test_reset_stream0,,"ivy_return_code(1)+assumption_failed(""/usr/local/lib/python2.7/dist-packages/ivy/include/1.7/quic_frame.ivy: line 1494"")",/home/chris/Toward-verification-of-QUIC-extensions/installer/TVOQE/results/errors/server/local/quant_master_server/temp/923/quic_server_test_reset_stream0.iev,0.0,0.0
359,quant,server,quic_server_test_connection_close0,,,/home/chris/Toward-verification-of-QUIC-extensions/installer/TVOQE/results/errors/server/local/quant_master_server/temp/849/quic_server_test_connection_close0.iev,0.0,1.0
360,quant,server,quic_server_test_newconnectionid_error0,,"ivy_return_code(1)+assumption_failed(""/usr/local/lib/python2.7/dist-packages/ivy/include/1.7/quic_frame.ivy: line 1494"")",/home/chris/Toward-verification-of-QUIC-extensions/installer/TVOQE/results/errors/server/local/quant_master_server/temp/1095/quic_server_test_newconnectionid_error0.iev,0.0,0.0
361,quant,server,quic_server_test_ext_min_ack_delay0,,"ivy_return_code(1)+assumption_failed(""/usr/local/lib/python2.7/dist-packages/ivy/include/1.7/quic_frame.ivy: line 1494"")",/home/chris/Toward-verification-of-QUIC-extensions/installer/TVOQE/results/errors/server/local/quant_master_server/temp/1740/quic_server_test_ext_min_ack_delay0.iev,0.0,0.0
362,quant,server,quic_server_test_tp_limit_newcoid0,,"ivy_return_code(1)+assumption_failed(""/usr/local/lib/python2.7/dist-packages/ivy/include/1.7/quic_frame.ivy: line 1494"")",/home/chris/Toward-verification-of-QUIC-extensions/installer/TVOQE/results/errors/server/local/quant_master_server/temp/320/quic_server_test_tp_limit_newcoid0.iev,0.0,0.0
363,quant,server,quic_server_test_token_error0,,,/home/chris/Toward-verification-of-QUIC-extensions/installer/TVOQE/results/errors/server/local/quant_master_server/temp/570/quic_server_test_token_error0.iev,0.0,1.0
364,quant,server,quic_server_test_double_tp_error0,,,/home/chris/Toward-verification-of-QUIC-extensions/installer/TVOQE/results/errors/server/local/quant_master_server/temp/1395/quic_server_test_double_tp_error0.iev,0.0,1.0
365,quant,server,quic_server_test_tp_limit_newcoid0,,"ivy_return_code(1)+assumption_failed(""/usr/local/lib/python2.7/dist-packages/ivy/include/1.7/quic_frame.ivy: line 1494"")",/home/chris/Toward-verification-of-QUIC-extensions/installer/TVOQE/results/errors/server/local/quant_master_server/temp/372/quic_server_test_tp_limit_newcoid0.iev,0.0,0.0
366,quant,server,quic_server_test_connection_close0,,ivy_return_code(134)+< prot.show_seqnum(0x1461a02),/home/chris/Toward-verification-of-QUIC-extensions/installer/TVOQE/results/errors/server/local/quant_master_server/temp/872/quic_server_test_connection_close0.iev,0.0,0.0
367,quant,server,quic_server_test_tp_error0,,,/home/chris/Toward-verification-of-QUIC-extensions/installer/TVOQE/results/errors/server/local/quant_master_server/temp/611/quic_server_test_tp_error0.iev,0.0,1.0
368,quant,server,quic_server_test_tp_limit_acticoid_error0,,server_return_code(-6)+ivy_return_code(1),/home/chris/Toward-verification-of-QUIC-extensions/installer/TVOQE/results/errors/server/local/quant_master_server/temp/1491/quic_server_test_tp_limit_acticoid_error0.iev,0.0,0.0
369,quant,server,quic_server_test_blocked_streams_maxstream_error0,,"ivy_return_code(1)+assumption_failed(""quic_server_test_blocked_streams_maxstream_error.ivy: line 534"")",/home/chris/Toward-verification-of-QUIC-extensions/installer/TVOQE/results/errors/server/local/quant_master_server/temp/218/quic_server_test_blocked_streams_maxstream_error0.iev,0.0,0.0
370,quant,server,quic_server_test_stop_sending0,,"ivy_return_code(1)+assumption_failed(""/usr/local/lib/python2.7/dist-packages/ivy/include/1.7/quic_frame.ivy: line 1494"")",/home/chris/Toward-verification-of-QUIC-extensions/installer/TVOQE/results/errors/server/local/quant_master_server/temp/1294/quic_server_test_stop_sending0.iev,0.0,0.0
371,quant,server,quic_server_test_token_error0,,,/home/chris/Toward-verification-of-QUIC-extensions/installer/TVOQE/results/errors/server/local/quant_master_server/temp/591/quic_server_test_token_error0.iev,0.0,1.0
372,quant,server,quic_server_test_ext_min_ack_delay0,,"ivy_return_code(1)+assumption_failed(""/usr/local/lib/python2.7/dist-packages/ivy/include/1.7/quic_frame.ivy: line 1494"")",/home/chris/Toward-verification-of-QUIC-extensions/installer/TVOQE/results/errors/server/local/quant_master_server/temp/1763/quic_server_test_ext_min_ack_delay0.iev,0.0,0.0
373,quant,server,quic_server_test_stop_sending0,,"ivy_return_code(1)+assumption_failed(""/usr/local/lib/python2.7/dist-packages/ivy/include/1.7/quic_frame.ivy: line 1494"")",/home/chris/Toward-verification-of-QUIC-extensions/installer/TVOQE/results/errors/server/local/quant_master_server/temp/1282/quic_server_test_stop_sending0.iev,0.0,0.0
374,quant,server,quic_server_test_stream0,,"ivy_return_code(1)+assumption_failed(""/usr/local/lib/python2.7/dist-packages/ivy/include/1.7/quic_frame.ivy: line 1494"")",/home/chris/Toward-verification-of-QUIC-extensions/installer/TVOQE/results/errors/server/local/quant_master_server/temp/12/quic_server_test_stream0.iev,0.0,0.0
375,quant,server,quic_server_test_accept_maxdata0,,"ivy_return_code(1)+assumption_failed(""/usr/local/lib/python2.7/dist-packages/ivy/include/1.7/quic_frame.ivy: line 1494"")",/home/chris/Toward-verification-of-QUIC-extensions/installer/TVOQE/results/errors/server/local/quant_master_server/temp/1543/quic_server_test_accept_maxdata0.iev,0.0,0.0
376,quant,server,quic_server_test_blocked_streams_maxstream_error0,,"ivy_return_code(1)+assumption_failed(""/usr/local/lib/python2.7/dist-packages/ivy/include/1.7/quic_packet.ivy: line 404"")",/home/chris/Toward-verification-of-QUIC-extensions/installer/TVOQE/results/errors/server/local/quant_master_server/temp/228/quic_server_test_blocked_streams_maxstream_error0.iev,0.0,0.0
377,quant,server,quic_server_test_blocked_streams_maxstream_error0,,"ivy_return_code(1)+assumption_failed(""quic_server_test_blocked_streams_maxstream_error.ivy: line 534"")",/home/chris/Toward-verification-of-QUIC-extensions/installer/TVOQE/results/errors/server/local/quant_master_server/temp/273/quic_server_test_blocked_streams_maxstream_error0.iev,0.0,0.0
378,quant,server,quic_server_test_accept_maxdata0,,"ivy_return_code(1)+assumption_failed(""/usr/local/lib/python2.7/dist-packages/ivy/include/1.7/quic_frame.ivy: line 1494"")",/home/chris/Toward-verification-of-QUIC-extensions/installer/TVOQE/results/errors/server/local/quant_master_server/temp/1529/quic_server_test_accept_maxdata0.iev,0.0,0.0
379,quant,server,quic_server_test_connection_close0,,,/home/chris/Toward-verification-of-QUIC-extensions/installer/TVOQE/results/errors/server/local/quant_master_server/temp/803/quic_server_test_connection_close0.iev,0.0,1.0
380,quant,server,quic_server_test_tp_acticoid_error0,,,/home/chris/Toward-verification-of-QUIC-extensions/installer/TVOQE/results/errors/server/local/quant_master_server/temp/729/quic_server_test_tp_acticoid_error0.iev,0.0,1.0
381,quant,server,quic_server_test_double_tp_error0,,,/home/chris/Toward-verification-of-QUIC-extensions/installer/TVOQE/results/errors/server/local/quant_master_server/temp/1398/quic_server_test_double_tp_error0.iev,0.0,1.0
382,quant,server,quic_server_test_handshake_done_error0,,"ivy_return_code(1)+assumption_failed(""quic_server_test_handshake_done_error.ivy: line 325"")",/home/chris/Toward-verification-of-QUIC-extensions/installer/TVOQE/results/errors/server/local/quant_master_server/temp/1181/quic_server_test_handshake_done_error0.iev,0.0,0.0
383,quant,server,quic_server_test_tp_acticoid_error0,,,/home/chris/Toward-verification-of-QUIC-extensions/installer/TVOQE/results/errors/server/local/quant_master_server/temp/796/quic_server_test_tp_acticoid_error0.iev,0.0,1.0
384,quant,server,quic_server_test_double_tp_error0,,,/home/chris/Toward-verification-of-QUIC-extensions/installer/TVOQE/results/errors/server/local/quant_master_server/temp/1329/quic_server_test_double_tp_error0.iev,0.0,1.0
385,quant,server,quic_server_test_tp_limit_acticoid_error0,,server_return_code(-6)+ivy_return_code(1),/home/chris/Toward-verification-of-QUIC-extensions/installer/TVOQE/results/errors/server/local/quant_master_server/temp/1455/quic_server_test_tp_limit_acticoid_error0.iev,0.0,0.0
386,quant,server,quic_server_test_connection_close0,,,/home/chris/Toward-verification-of-QUIC-extensions/installer/TVOQE/results/errors/server/local/quant_master_server/temp/812/quic_server_test_connection_close0.iev,0.0,1.0
387,quant,server,quic_server_test_connection_close0,,"ivy_return_code(1)+assumption_failed(""/usr/local/lib/python2.7/dist-packages/ivy/include/1.7/quic_packet.ivy: line 424"")",/home/chris/Toward-verification-of-QUIC-extensions/installer/TVOQE/results/errors/server/local/quant_master_server/temp/829/quic_server_test_connection_close0.iev,0.0,0.0
388,quant,server,quic_server_test_newconnectionid_error0,,server_return_code(-6)+ivy_return_code(1),/home/chris/Toward-verification-of-QUIC-extensions/installer/TVOQE/results/errors/server/local/quant_master_server/temp/1097/quic_server_test_newconnectionid_error0.iev,0.0,0.0
389,quant,server,quic_server_test_connection_close0,,"ivy_return_code(1)+assumption_failed(""/usr/local/lib/python2.7/dist-packages/ivy/include/1.7/quic_frame.ivy: line 1494"")",/home/chris/Toward-verification-of-QUIC-extensions/installer/TVOQE/results/errors/server/local/quant_master_server/temp/885/quic_server_test_connection_close0.iev,0.0,0.0
390,quant,server,quic_server_test_accept_maxdata0,,"ivy_return_code(1)+assumption_failed(""/usr/local/lib/python2.7/dist-packages/ivy/include/1.7/quic_frame.ivy: line 1494"")",/home/chris/Toward-verification-of-QUIC-extensions/installer/TVOQE/results/errors/server/local/quant_master_server/temp/1559/quic_server_test_accept_maxdata0.iev,0.0,0.0
391,quant,server,quic_server_test_connection_close0,,"ivy_return_code(1)+assumption_failed(""/usr/local/lib/python2.7/dist-packages/ivy/include/1.7/quic_frame.ivy: line 1494"")",/home/chris/Toward-verification-of-QUIC-extensions/installer/TVOQE/results/errors/server/local/quant_master_server/temp/839/quic_server_test_connection_close0.iev,0.0,0.0
392,quant,server,quic_server_test_double_tp_error0,,,/home/chris/Toward-verification-of-QUIC-extensions/installer/TVOQE/results/errors/server/local/quant_master_server/temp/1397/quic_server_test_double_tp_error0.iev,0.0,1.0
393,quant,server,quic_server_test_newconnectionid_error0,,server_return_code(-6)+ivy_return_code(1),/home/chris/Toward-verification-of-QUIC-extensions/installer/TVOQE/results/errors/server/local/quant_master_server/temp/1034/quic_server_test_newconnectionid_error0.iev,0.0,0.0
394,quant,server,quic_server_test_no_icid0,,,/home/chris/Toward-verification-of-QUIC-extensions/installer/TVOQE/results/errors/server/local/quant_master_server/temp/1685/quic_server_test_no_icid0.iev,0.0,1.0
395,quant,server,quic_server_test_max0,,"ivy_return_code(1)+assumption_failed(""/usr/local/lib/python2.7/dist-packages/ivy/include/1.7/quic_frame.ivy: line 1494"")",/home/chris/Toward-verification-of-QUIC-extensions/installer/TVOQE/results/errors/server/local/quant_master_server/temp/410/quic_server_test_max0.iev,0.0,0.0
396,quant,server,quic_server_test_blocked_streams_maxstream_error0,,"ivy_return_code(1)+assumption_failed(""quic_server_test_blocked_streams_maxstream_error.ivy: line 534"")",/home/chris/Toward-verification-of-QUIC-extensions/installer/TVOQE/results/errors/server/local/quant_master_server/temp/260/quic_server_test_blocked_streams_maxstream_error0.iev,0.0,0.0
397,quant,server,quic_server_test_tp_limit_newcoid0,,"ivy_return_code(1)+assumption_failed(""/usr/local/lib/python2.7/dist-packages/ivy/include/1.7/quic_frame.ivy: line 1494"")",/home/chris/Toward-verification-of-QUIC-extensions/installer/TVOQE/results/errors/server/local/quant_master_server/temp/394/quic_server_test_tp_limit_newcoid0.iev,0.0,0.0
398,quant,server,quic_server_test_stop_sending0,,"ivy_return_code(1)+assumption_failed(""/usr/local/lib/python2.7/dist-packages/ivy/include/1.7/quic_frame.ivy: line 1494"")",/home/chris/Toward-verification-of-QUIC-extensions/installer/TVOQE/results/errors/server/local/quant_master_server/temp/1235/quic_server_test_stop_sending0.iev,0.0,0.0
399,quant,server,quic_server_test_handshake_done_error0,,"ivy_return_code(1)+assumption_failed(""quic_server_test_handshake_done_error.ivy: line 325"")",/home/chris/Toward-verification-of-QUIC-extensions/installer/TVOQE/results/errors/server/local/quant_master_server/temp/1102/quic_server_test_handshake_done_error0.iev,0.0,0.0
400,quant,server,quic_server_test_ext_min_ack_delay0,,"ivy_return_code(1)+assumption_failed(""/usr/local/lib/python2.7/dist-packages/ivy/include/1.7/quic_frame.ivy: line 1494"")",/home/chris/Toward-verification-of-QUIC-extensions/installer/TVOQE/results/errors/server/local/quant_master_server/temp/1783/quic_server_test_ext_min_ack_delay0.iev,0.0,0.0
401,quant,server,quic_server_test_handshake_done_error0,,"ivy_return_code(1)+assumption_failed(""/usr/local/lib/python2.7/dist-packages/ivy/include/1.7/quic_frame.ivy: line 1494"")",/home/chris/Toward-verification-of-QUIC-extensions/installer/TVOQE/results/errors/server/local/quant_master_server/temp/1118/quic_server_test_handshake_done_error0.iev,0.0,0.0
402,quant,server,quic_server_test_stop_sending0,,"ivy_return_code(1)+assumption_failed(""/usr/local/lib/python2.7/dist-packages/ivy/include/1.7/quic_frame.ivy: line 1494"")",/home/chris/Toward-verification-of-QUIC-extensions/installer/TVOQE/results/errors/server/local/quant_master_server/temp/1218/quic_server_test_stop_sending0.iev,0.0,0.0
403,quant,server,quic_server_test_reset_stream0,,"ivy_return_code(1)+assumption_failed(""quic_server_test.ivy: line 182"")",/home/chris/Toward-verification-of-QUIC-extensions/installer/TVOQE/results/errors/server/local/quant_master_server/temp/916/quic_server_test_reset_stream0.iev,0.0,0.0
404,quant,server,quic_server_test_stop_sending0,,"ivy_return_code(1)+assumption_failed(""/usr/local/lib/python2.7/dist-packages/ivy/include/1.7/quic_frame.ivy: line 1494"")",/home/chris/Toward-verification-of-QUIC-extensions/installer/TVOQE/results/errors/server/local/quant_master_server/temp/1290/quic_server_test_stop_sending0.iev,0.0,0.0
405,quant,server,quic_server_test_max0,,,/home/chris/Toward-verification-of-QUIC-extensions/installer/TVOQE/results/errors/server/local/quant_master_server/temp/442/quic_server_test_max0.iev,0.0,1.0
406,quant,server,quic_server_test_reset_stream0,,"ivy_return_code(1)+assumption_failed(""quic_server_test.ivy: line 182"")",/home/chris/Toward-verification-of-QUIC-extensions/installer/TVOQE/results/errors/server/local/quant_master_server/temp/953/quic_server_test_reset_stream0.iev,0.0,0.0
407,quant,server,quic_server_test_stream0,,"ivy_return_code(1)+assumption_failed(""/usr/local/lib/python2.7/dist-packages/ivy/include/1.7/quic_frame.ivy: line 1494"")",/home/chris/Toward-verification-of-QUIC-extensions/installer/TVOQE/results/errors/server/local/quant_master_server/temp/3/quic_server_test_stream0.iev,0.0,0.0
408,quant,server,quic_server_test_tp_limit_newcoid0,,"ivy_return_code(1)+assumption_failed(""/usr/local/lib/python2.7/dist-packages/ivy/include/1.7/quic_frame.ivy: line 1494"")",/home/chris/Toward-verification-of-QUIC-extensions/installer/TVOQE/results/errors/server/local/quant_master_server/temp/312/quic_server_test_tp_limit_newcoid0.iev,0.0,0.0
409,quant,server,quic_server_test_newconnectionid_error0,,server_return_code(-6)+ivy_return_code(1),/home/chris/Toward-verification-of-QUIC-extensions/installer/TVOQE/results/errors/server/local/quant_master_server/temp/1012/quic_server_test_newconnectionid_error0.iev,0.0,0.0
410,quant,server,quic_server_test_double_tp_error0,,,/home/chris/Toward-verification-of-QUIC-extensions/installer/TVOQE/results/errors/server/local/quant_master_server/temp/1350/quic_server_test_double_tp_error0.iev,0.0,1.0
411,quant,server,quic_server_test_no_icid0,,,/home/chris/Toward-verification-of-QUIC-extensions/installer/TVOQE/results/errors/server/local/quant_master_server/temp/1674/quic_server_test_no_icid0.iev,0.0,1.0
412,quant,server,quic_server_test_reset_stream0,,"ivy_return_code(1)+assumption_failed(""quic_server_test.ivy: line 182"")",/home/chris/Toward-verification-of-QUIC-extensions/installer/TVOQE/results/errors/server/local/quant_master_server/temp/952/quic_server_test_reset_stream0.iev,0.0,0.0
413,quant,server,quic_server_test_ext_min_ack_delay0,,"ivy_return_code(1)+assumption_failed(""/usr/local/lib/python2.7/dist-packages/ivy/include/1.7/quic_frame.ivy: line 1494"")",/home/chris/Toward-verification-of-QUIC-extensions/installer/TVOQE/results/errors/server/local/quant_master_server/temp/1779/quic_server_test_ext_min_ack_delay0.iev,0.0,0.0
414,quant,server,quic_server_test_tp_limit_acticoid_error0,,"ivy_return_code(1)+assumption_failed(""quic_server_test_tp_limit_acticoid_error.ivy: line 527"")",/home/chris/Toward-verification-of-QUIC-extensions/installer/TVOQE/results/errors/server/local/quant_master_server/temp/1443/quic_server_test_tp_limit_acticoid_error0.iev,0.0,0.0
415,quant,server,quic_server_test_token_error0,,,/home/chris/Toward-verification-of-QUIC-extensions/installer/TVOQE/results/errors/server/local/quant_master_server/temp/521/quic_server_test_token_error0.iev,0.0,1.0
416,quant,server,quic_server_test_no_icid0,,,/home/chris/Toward-verification-of-QUIC-extensions/installer/TVOQE/results/errors/server/local/quant_master_server/temp/1606/quic_server_test_no_icid0.iev,0.0,1.0
417,quant,server,quic_server_test_tp_error0,,,/home/chris/Toward-verification-of-QUIC-extensions/installer/TVOQE/results/errors/server/local/quant_master_server/temp/624/quic_server_test_tp_error0.iev,0.0,1.0
418,quant,server,quic_server_test_max0,,"ivy_return_code(1)+assumption_failed(""/usr/local/lib/python2.7/dist-packages/ivy/include/1.7/quic_frame.ivy: line 1494"")",/home/chris/Toward-verification-of-QUIC-extensions/installer/TVOQE/results/errors/server/local/quant_master_server/temp/433/quic_server_test_max0.iev,0.0,0.0
419,quant,server,quic_server_test_tp_limit_newcoid0,,"ivy_return_code(1)+assumption_failed(""/usr/local/lib/python2.7/dist-packages/ivy/include/1.7/quic_frame.ivy: line 1494"")",/home/chris/Toward-verification-of-QUIC-extensions/installer/TVOQE/results/errors/server/local/quant_master_server/temp/385/quic_server_test_tp_limit_newcoid0.iev,0.0,0.0
420,quant,server,quic_server_test_double_tp_error0,,,/home/chris/Toward-verification-of-QUIC-extensions/installer/TVOQE/results/errors/server/local/quant_master_server/temp/1342/quic_server_test_double_tp_error0.iev,0.0,1.0
421,quant,server,quic_server_test_unkown0,,"ivy_return_code(1)+assumption_failed(""quic_server_test_unkown.ivy: line 571"")",/home/chris/Toward-verification-of-QUIC-extensions/installer/TVOQE/results/errors/server/local/quant_master_server/temp/188/quic_server_test_unkown0.iev,0.0,0.0
422,quant,server,quic_server_test_tp_acticoid_error0,,,/home/chris/Toward-verification-of-QUIC-extensions/installer/TVOQE/results/errors/server/local/quant_master_server/temp/700/quic_server_test_tp_acticoid_error0.iev,0.0,1.0
423,quant,server,quic_server_test_tp_limit_newcoid0,,"ivy_return_code(1)+assumption_failed(""/usr/local/lib/python2.7/dist-packages/ivy/include/1.7/quic_frame.ivy: line 1494"")",/home/chris/Toward-verification-of-QUIC-extensions/installer/TVOQE/results/errors/server/local/quant_master_server/temp/390/quic_server_test_tp_limit_newcoid0.iev,0.0,0.0
424,quant,server,quic_server_test_tp_error0,,,/home/chris/Toward-verification-of-QUIC-extensions/installer/TVOQE/results/errors/server/local/quant_master_server/temp/638/quic_server_test_tp_error0.iev,0.0,1.0
425,quant,server,quic_server_test_newconnectionid_error0,,server_return_code(-6)+ivy_return_code(1),/home/chris/Toward-verification-of-QUIC-extensions/installer/TVOQE/results/errors/server/local/quant_master_server/temp/1064/quic_server_test_newconnectionid_error0.iev,0.0,0.0
426,quant,server,quic_server_test_double_tp_error0,,,/home/chris/Toward-verification-of-QUIC-extensions/installer/TVOQE/results/errors/server/local/quant_master_server/temp/1316/quic_server_test_double_tp_error0.iev,0.0,1.0
427,quant,server,quic_server_test_tp_limit_acticoid_error0,,"ivy_return_code(1)+assumption_failed(""quic_server_test_tp_limit_acticoid_error.ivy: line 527"")",/home/chris/Toward-verification-of-QUIC-extensions/installer/TVOQE/results/errors/server/local/quant_master_server/temp/1431/quic_server_test_tp_limit_acticoid_error0.iev,0.0,0.0
428,quant,server,quic_server_test_connection_close0,,,/home/chris/Toward-verification-of-QUIC-extensions/installer/TVOQE/results/errors/server/local/quant_master_server/temp/811/quic_server_test_connection_close0.iev,0.0,1.0
429,quant,server,quic_server_test_newconnectionid_error0,,server_return_code(-6)+ivy_return_code(1),/home/chris/Toward-verification-of-QUIC-extensions/installer/TVOQE/results/errors/server/local/quant_master_server/temp/1050/quic_server_test_newconnectionid_error0.iev,0.0,0.0
430,quant,server,quic_server_test_max0,,"ivy_return_code(1)+assumption_failed(""/usr/local/lib/python2.7/dist-packages/ivy/include/1.7/quic_frame.ivy: line 1494"")",/home/chris/Toward-verification-of-QUIC-extensions/installer/TVOQE/results/errors/server/local/quant_master_server/temp/486/quic_server_test_max0.iev,0.0,0.0
431,quant,server,quic_server_test_token_error0,,,/home/chris/Toward-verification-of-QUIC-extensions/installer/TVOQE/results/errors/server/local/quant_master_server/temp/577/quic_server_test_token_error0.iev,0.0,1.0
432,quant,server,quic_server_test_double_tp_error0,,,/home/chris/Toward-verification-of-QUIC-extensions/installer/TVOQE/results/errors/server/local/quant_master_server/temp/1332/quic_server_test_double_tp_error0.iev,0.0,1.0
433,quant,server,quic_server_test_newconnectionid_error0,,server_return_code(-6)+ivy_return_code(1),/home/chris/Toward-verification-of-QUIC-extensions/installer/TVOQE/results/errors/server/local/quant_master_server/temp/1014/quic_server_test_newconnectionid_error0.iev,0.0,0.0
434,quant,server,quic_server_test_accept_maxdata0,,"ivy_return_code(1)+assumption_failed(""/usr/local/lib/python2.7/dist-packages/ivy/include/1.7/quic_frame.ivy: line 1494"")",/home/chris/Toward-verification-of-QUIC-extensions/installer/TVOQE/results/errors/server/local/quant_master_server/temp/1523/quic_server_test_accept_maxdata0.iev,0.0,0.0
435,quant,server,quic_server_test_reset_stream0,,"ivy_return_code(1)+assumption_failed(""quic_server_test.ivy: line 182"")",/home/chris/Toward-verification-of-QUIC-extensions/installer/TVOQE/results/errors/server/local/quant_master_server/temp/961/quic_server_test_reset_stream0.iev,0.0,0.0
436,quant,server,quic_server_test_tp_limit_newcoid0,,"ivy_return_code(1)+assumption_failed(""/usr/local/lib/python2.7/dist-packages/ivy/include/1.7/quic_frame.ivy: line 1494"")",/home/chris/Toward-verification-of-QUIC-extensions/installer/TVOQE/results/errors/server/local/quant_master_server/temp/310/quic_server_test_tp_limit_newcoid0.iev,0.0,0.0
437,quant,server,quic_server_test_unkown0,,"ivy_return_code(1)+assumption_failed(""quic_server_test_unkown.ivy: line 571"")",/home/chris/Toward-verification-of-QUIC-extensions/installer/TVOQE/results/errors/server/local/quant_master_server/temp/182/quic_server_test_unkown0.iev,0.0,0.0
438,quant,server,quic_server_test_blocked_streams_maxstream_error0,,"ivy_return_code(1)+assumption_failed(""quic_server_test_blocked_streams_maxstream_error.ivy: line 534"")",/home/chris/Toward-verification-of-QUIC-extensions/installer/TVOQE/results/errors/server/local/quant_master_server/temp/211/quic_server_test_blocked_streams_maxstream_error0.iev,0.0,0.0
439,quant,server,quic_server_test_tp_limit_newcoid0,,"ivy_return_code(1)+assumption_failed(""/usr/local/lib/python2.7/dist-packages/ivy/include/1.7/quic_frame.ivy: line 1494"")",/home/chris/Toward-verification-of-QUIC-extensions/installer/TVOQE/results/errors/server/local/quant_master_server/temp/387/quic_server_test_tp_limit_newcoid0.iev,0.0,0.0
440,quant,server,quic_server_test_tp_acticoid_error0,,,/home/chris/Toward-verification-of-QUIC-extensions/installer/TVOQE/results/errors/server/local/quant_master_server/temp/744/quic_server_test_tp_acticoid_error0.iev,0.0,1.0
441,quant,server,quic_server_test_accept_maxdata0,,"ivy_return_code(1)+assumption_failed(""quic_server_test_accept_maxdata.ivy: line 200"")",/home/chris/Toward-verification-of-QUIC-extensions/installer/TVOQE/results/errors/server/local/quant_master_server/temp/1568/quic_server_test_accept_maxdata0.iev,0.0,0.0
442,quant,server,quic_server_test_stream0,,"ivy_return_code(1)+assumption_failed(""/usr/local/lib/python2.7/dist-packages/ivy/include/1.7/quic_frame.ivy: line 1494"")",/home/chris/Toward-verification-of-QUIC-extensions/installer/TVOQE/results/errors/server/local/quant_master_server/temp/80/quic_server_test_stream0.iev,0.0,0.0
443,quant,server,quic_server_test_stop_sending0,,"ivy_return_code(1)+assumption_failed(""/usr/local/lib/python2.7/dist-packages/ivy/include/1.7/quic_frame.ivy: line 1494"")",/home/chris/Toward-verification-of-QUIC-extensions/installer/TVOQE/results/errors/server/local/quant_master_server/temp/1267/quic_server_test_stop_sending0.iev,0.0,0.0
444,quant,server,quic_server_test_tp_acticoid_error0,,,/home/chris/Toward-verification-of-QUIC-extensions/installer/TVOQE/results/errors/server/local/quant_master_server/temp/794/quic_server_test_tp_acticoid_error0.iev,0.0,1.0
445,quant,server,quic_server_test_ext_min_ack_delay0,,"ivy_return_code(1)+assumption_failed(""/usr/local/lib/python2.7/dist-packages/ivy/include/1.7/quic_frame.ivy: line 1494"")",/home/chris/Toward-verification-of-QUIC-extensions/installer/TVOQE/results/errors/server/local/quant_master_server/temp/1720/quic_server_test_ext_min_ack_delay0.iev,0.0,0.0
446,quant,server,quic_server_test_stop_sending0,,"ivy_return_code(1)+assumption_failed(""/usr/local/lib/python2.7/dist-packages/ivy/include/1.7/quic_frame.ivy: line 1494"")",/home/chris/Toward-verification-of-QUIC-extensions/installer/TVOQE/results/errors/server/local/quant_master_server/temp/1207/quic_server_test_stop_sending0.iev,0.0,0.0
447,quant,server,quic_server_test_double_tp_error0,,,/home/chris/Toward-verification-of-QUIC-extensions/installer/TVOQE/results/errors/server/local/quant_master_server/temp/1301/quic_server_test_double_tp_error0.iev,0.0,1.0
448,quant,server,quic_server_test_double_tp_error0,,,/home/chris/Toward-verification-of-QUIC-extensions/installer/TVOQE/results/errors/server/local/quant_master_server/temp/1346/quic_server_test_double_tp_error0.iev,0.0,1.0
449,quant,server,quic_server_test_token_error0,,,/home/chris/Toward-verification-of-QUIC-extensions/installer/TVOQE/results/errors/server/local/quant_master_server/temp/525/quic_server_test_token_error0.iev,0.0,1.0
450,quant,server,quic_server_test_connection_close0,,"ivy_return_code(1)+assumption_failed(""/usr/local/lib/python2.7/dist-packages/ivy/include/1.7/quic_frame.ivy: line 1494"")",/home/chris/Toward-verification-of-QUIC-extensions/installer/TVOQE/results/errors/server/local/quant_master_server/temp/875/quic_server_test_connection_close0.iev,0.0,0.0
451,quant,server,quic_server_test_tp_error0,,,/home/chris/Toward-verification-of-QUIC-extensions/installer/TVOQE/results/errors/server/local/quant_master_server/temp/652/quic_server_test_tp_error0.iev,0.0,1.0
452,quant,server,quic_server_test_unkown0,,"ivy_return_code(1)+assumption_failed(""quic_server_test_unkown.ivy: line 571"")",/home/chris/Toward-verification-of-QUIC-extensions/installer/TVOQE/results/errors/server/local/quant_master_server/temp/109/quic_server_test_unkown0.iev,0.0,0.0
453,quant,server,quic_server_test_tp_limit_newcoid0,,"ivy_return_code(1)+assumption_failed(""/usr/local/lib/python2.7/dist-packages/ivy/include/1.7/quic_frame.ivy: line 1494"")",/home/chris/Toward-verification-of-QUIC-extensions/installer/TVOQE/results/errors/server/local/quant_master_server/temp/321/quic_server_test_tp_limit_newcoid0.iev,0.0,0.0
454,quant,server,quic_server_test_reset_stream0,,"ivy_return_code(1)+assumption_failed(""/usr/local/lib/python2.7/dist-packages/ivy/include/1.7/quic_frame.ivy: line 1494"")",/home/chris/Toward-verification-of-QUIC-extensions/installer/TVOQE/results/errors/server/local/quant_master_server/temp/956/quic_server_test_reset_stream0.iev,0.0,0.0
455,quant,server,quic_server_test_max0,,"ivy_return_code(1)+assumption_failed(""/usr/local/lib/python2.7/dist-packages/ivy/include/1.7/quic_frame.ivy: line 1494"")",/home/chris/Toward-verification-of-QUIC-extensions/installer/TVOQE/results/errors/server/local/quant_master_server/temp/472/quic_server_test_max0.iev,0.0,0.0
456,quant,server,quic_server_test_newconnectionid_error0,,server_return_code(-6)+ivy_return_code(1),/home/chris/Toward-verification-of-QUIC-extensions/installer/TVOQE/results/errors/server/local/quant_master_server/temp/1029/quic_server_test_newconnectionid_error0.iev,0.0,0.0
457,quant,server,quic_server_test_max0,,"ivy_return_code(1)+assumption_failed(""/usr/local/lib/python2.7/dist-packages/ivy/include/1.7/quic_frame.ivy: line 1494"")",/home/chris/Toward-verification-of-QUIC-extensions/installer/TVOQE/results/errors/server/local/quant_master_server/temp/456/quic_server_test_max0.iev,0.0,0.0
458,quant,server,quic_server_test_reset_stream0,,"ivy_return_code(1)+assumption_failed(""quic_server_test.ivy: line 182"")",/home/chris/Toward-verification-of-QUIC-extensions/installer/TVOQE/results/errors/server/local/quant_master_server/temp/965/quic_server_test_reset_stream0.iev,0.0,0.0
459,quant,server,quic_server_test_accept_maxdata0,,"ivy_return_code(1)+assumption_failed(""quic_server_test_accept_maxdata.ivy: line 325"")",/home/chris/Toward-verification-of-QUIC-extensions/installer/TVOQE/results/errors/server/local/quant_master_server/temp/1549/quic_server_test_accept_maxdata0.iev,0.0,0.0
460,quant,server,quic_server_test_connection_close0,,,/home/chris/Toward-verification-of-QUIC-extensions/installer/TVOQE/results/errors/server/local/quant_master_server/temp/834/quic_server_test_connection_close0.iev,0.0,1.0
461,quant,server,quic_server_test_blocked_streams_maxstream_error0,,"ivy_return_code(1)+assumption_failed(""quic_server_test_blocked_streams_maxstream_error.ivy: line 534"")",/home/chris/Toward-verification-of-QUIC-extensions/installer/TVOQE/results/errors/server/local/quant_master_server/temp/298/quic_server_test_blocked_streams_maxstream_error0.iev,0.0,0.0
462,quant,server,quic_server_test_token_error0,,,/home/chris/Toward-verification-of-QUIC-extensions/installer/TVOQE/results/errors/server/local/quant_master_server/temp/551/quic_server_test_token_error0.iev,0.0,1.0
463,quant,server,quic_server_test_token_error0,,,/home/chris/Toward-verification-of-QUIC-extensions/installer/TVOQE/results/errors/server/local/quant_master_server/temp/542/quic_server_test_token_error0.iev,0.0,1.0
464,quant,server,quic_server_test_tp_limit_acticoid_error0,,server_return_code(-6)+ivy_return_code(1),/home/chris/Toward-verification-of-QUIC-extensions/installer/TVOQE/results/errors/server/local/quant_master_server/temp/1422/quic_server_test_tp_limit_acticoid_error0.iev,0.0,0.0
465,quant,server,quic_server_test_unkown0,,"ivy_return_code(1)+assumption_failed(""quic_server_test_unkown.ivy: line 571"")",/home/chris/Toward-verification-of-QUIC-extensions/installer/TVOQE/results/errors/server/local/quant_master_server/temp/165/quic_server_test_unkown0.iev,0.0,0.0
466,quant,server,quic_server_test_token_error0,,,/home/chris/Toward-verification-of-QUIC-extensions/installer/TVOQE/results/errors/server/local/quant_master_server/temp/516/quic_server_test_token_error0.iev,0.0,1.0
467,quant,server,quic_server_test_stream0,,"ivy_return_code(1)+assumption_failed(""/usr/local/lib/python2.7/dist-packages/ivy/include/1.7/quic_frame.ivy: line 1494"")",/home/chris/Toward-verification-of-QUIC-extensions/installer/TVOQE/results/errors/server/local/quant_master_server/temp/84/quic_server_test_stream0.iev,0.0,0.0
468,quant,server,quic_server_test_tp_limit_acticoid_error0,,server_return_code(-6)+ivy_return_code(1),/home/chris/Toward-verification-of-QUIC-extensions/installer/TVOQE/results/errors/server/local/quant_master_server/temp/1459/quic_server_test_tp_limit_acticoid_error0.iev,0.0,0.0
469,quant,server,quic_server_test_stop_sending0,,"ivy_return_code(1)+assumption_failed(""/usr/local/lib/python2.7/dist-packages/ivy/include/1.7/quic_frame.ivy: line 1494"")",/home/chris/Toward-verification-of-QUIC-extensions/installer/TVOQE/results/errors/server/local/quant_master_server/temp/1200/quic_server_test_stop_sending0.iev,0.0,0.0
470,quant,server,quic_server_test_no_icid0,,,/home/chris/Toward-verification-of-QUIC-extensions/installer/TVOQE/results/errors/server/local/quant_master_server/temp/1631/quic_server_test_no_icid0.iev,0.0,1.0
471,quant,server,quic_server_test_unkown0,,"ivy_return_code(1)+assumption_failed(""quic_server_test_unkown.ivy: line 571"")",/home/chris/Toward-verification-of-QUIC-extensions/installer/TVOQE/results/errors/server/local/quant_master_server/temp/163/quic_server_test_unkown0.iev,0.0,0.0
472,quant,server,quic_server_test_reset_stream0,,"ivy_return_code(1)+assumption_failed(""quic_server_test.ivy: line 182"")",/home/chris/Toward-verification-of-QUIC-extensions/installer/TVOQE/results/errors/server/local/quant_master_server/temp/930/quic_server_test_reset_stream0.iev,0.0,0.0
473,quant,server,quic_server_test_stop_sending0,,"ivy_return_code(1)+assumption_failed(""/usr/local/lib/python2.7/dist-packages/ivy/include/1.7/quic_frame.ivy: line 1494"")",/home/chris/Toward-verification-of-QUIC-extensions/installer/TVOQE/results/errors/server/local/quant_master_server/temp/1208/quic_server_test_stop_sending0.iev,0.0,0.0
474,quant,server,quic_server_test_max0,,"ivy_return_code(1)+assumption_failed(""/usr/local/lib/python2.7/dist-packages/ivy/include/1.7/quic_frame.ivy: line 1494"")",/home/chris/Toward-verification-of-QUIC-extensions/installer/TVOQE/results/errors/server/local/quant_master_server/temp/415/quic_server_test_max0.iev,0.0,0.0
475,quant,server,quic_server_test_stop_sending0,,"ivy_return_code(1)+assumption_failed(""/usr/local/lib/python2.7/dist-packages/ivy/include/1.7/quic_frame.ivy: line 1494"")",/home/chris/Toward-verification-of-QUIC-extensions/installer/TVOQE/results/errors/server/local/quant_master_server/temp/1210/quic_server_test_stop_sending0.iev,0.0,0.0
476,quant,server,quic_server_test_stream0,,"ivy_return_code(1)+assumption_failed(""/usr/local/lib/python2.7/dist-packages/ivy/include/1.7/quic_frame.ivy: line 1494"")",/home/chris/Toward-verification-of-QUIC-extensions/installer/TVOQE/results/errors/server/local/quant_master_server/temp/29/quic_server_test_stream0.iev,0.0,0.0
477,quant,server,quic_server_test_no_icid0,,,/home/chris/Toward-verification-of-QUIC-extensions/installer/TVOQE/results/errors/server/local/quant_master_server/temp/1628/quic_server_test_no_icid0.iev,0.0,1.0
478,quant,server,quic_server_test_tp_error0,,,/home/chris/Toward-verification-of-QUIC-extensions/installer/TVOQE/results/errors/server/local/quant_master_server/temp/627/quic_server_test_tp_error0.iev,0.0,1.0
479,quant,server,quic_server_test_tp_error0,,,/home/chris/Toward-verification-of-QUIC-extensions/installer/TVOQE/results/errors/server/local/quant_master_server/temp/606/quic_server_test_tp_error0.iev,0.0,1.0
480,quant,server,quic_server_test_blocked_streams_maxstream_error0,,"ivy_return_code(1)+assumption_failed(""quic_server_test_blocked_streams_maxstream_error.ivy: line 534"")",/home/chris/Toward-verification-of-QUIC-extensions/installer/TVOQE/results/errors/server/local/quant_master_server/temp/257/quic_server_test_blocked_streams_maxstream_error0.iev,0.0,0.0
481,quant,server,quic_server_test_no_icid0,,,/home/chris/Toward-verification-of-QUIC-extensions/installer/TVOQE/results/errors/server/local/quant_master_server/temp/1640/quic_server_test_no_icid0.iev,0.0,1.0
482,quant,server,quic_server_test_double_tp_error0,,,/home/chris/Toward-verification-of-QUIC-extensions/installer/TVOQE/results/errors/server/local/quant_master_server/temp/1366/quic_server_test_double_tp_error0.iev,0.0,1.0
483,quant,server,quic_server_test_tp_acticoid_error0,,,/home/chris/Toward-verification-of-QUIC-extensions/installer/TVOQE/results/errors/server/local/quant_master_server/temp/710/quic_server_test_tp_acticoid_error0.iev,0.0,1.0
484,quant,server,quic_server_test_tp_error0,,,/home/chris/Toward-verification-of-QUIC-extensions/installer/TVOQE/results/errors/server/local/quant_master_server/temp/679/quic_server_test_tp_error0.iev,0.0,1.0
485,quant,server,quic_server_test_tp_acticoid_error0,,,/home/chris/Toward-verification-of-QUIC-extensions/installer/TVOQE/results/errors/server/local/quant_master_server/temp/742/quic_server_test_tp_acticoid_error0.iev,0.0,1.0
486,quant,server,quic_server_test_tp_acticoid_error0,,,/home/chris/Toward-verification-of-QUIC-extensions/installer/TVOQE/results/errors/server/local/quant_master_server/temp/779/quic_server_test_tp_acticoid_error0.iev,0.0,1.0
487,quant,server,quic_server_test_stop_sending0,,"ivy_return_code(1)+assumption_failed(""/usr/local/lib/python2.7/dist-packages/ivy/include/1.7/quic_frame.ivy: line 1494"")",/home/chris/Toward-verification-of-QUIC-extensions/installer/TVOQE/results/errors/server/local/quant_master_server/temp/1280/quic_server_test_stop_sending0.iev,0.0,0.0
488,quant,server,quic_server_test_tp_error0,,,/home/chris/Toward-verification-of-QUIC-extensions/installer/TVOQE/results/errors/server/local/quant_master_server/temp/664/quic_server_test_tp_error0.iev,0.0,1.0
489,quant,server,quic_server_test_connection_close0,,ivy_return_code(134)+< prot.show_seqnum(0x1dfba6),/home/chris/Toward-verification-of-QUIC-extensions/installer/TVOQE/results/errors/server/local/quant_master_server/temp/826/quic_server_test_connection_close0.iev,0.0,0.0
490,quant,server,quic_server_test_stream0,,"ivy_return_code(1)+assumption_failed(""/usr/local/lib/python2.7/dist-packages/ivy/include/1.7/quic_frame.ivy: line 1494"")",/home/chris/Toward-verification-of-QUIC-extensions/installer/TVOQE/results/errors/server/local/quant_master_server/temp/73/quic_server_test_stream0.iev,0.0,0.0
491,quant,server,quic_server_test_tp_acticoid_error0,,,/home/chris/Toward-verification-of-QUIC-extensions/installer/TVOQE/results/errors/server/local/quant_master_server/temp/709/quic_server_test_tp_acticoid_error0.iev,0.0,1.0
492,quant,server,quic_server_test_no_icid0,,,/home/chris/Toward-verification-of-QUIC-extensions/installer/TVOQE/results/errors/server/local/quant_master_server/temp/1677/quic_server_test_no_icid0.iev,0.0,1.0
493,quant,server,quic_server_test_blocked_streams_maxstream_error0,,"ivy_return_code(1)+assumption_failed(""quic_server_test_blocked_streams_maxstream_error.ivy: line 534"")",/home/chris/Toward-verification-of-QUIC-extensions/installer/TVOQE/results/errors/server/local/quant_master_server/temp/272/quic_server_test_blocked_streams_maxstream_error0.iev,0.0,0.0
494,quant,server,quic_server_test_stream0,,"ivy_return_code(1)+assumption_failed(""/usr/local/lib/python2.7/dist-packages/ivy/include/1.7/quic_frame.ivy: line 1494"")",/home/chris/Toward-verification-of-QUIC-extensions/installer/TVOQE/results/errors/server/local/quant_master_server/temp/30/quic_server_test_stream0.iev,0.0,0.0
495,quant,server,quic_server_test_token_error0,,,/home/chris/Toward-verification-of-QUIC-extensions/installer/TVOQE/results/errors/server/local/quant_master_server/temp/507/quic_server_test_token_error0.iev,0.0,1.0
496,quant,server,quic_server_test_stream0,,"ivy_return_code(1)+assumption_failed(""/usr/local/lib/python2.7/dist-packages/ivy/include/1.7/quic_frame.ivy: line 1494"")",/home/chris/Toward-verification-of-QUIC-extensions/installer/TVOQE/results/errors/server/local/quant_master_server/temp/86/quic_server_test_stream0.iev,0.0,0.0
497,quant,server,quic_server_test_tp_acticoid_error0,,,/home/chris/Toward-verification-of-QUIC-extensions/installer/TVOQE/results/errors/server/local/quant_master_server/temp/715/quic_server_test_tp_acticoid_error0.iev,0.0,1.0
498,quant,server,quic_server_test_connection_close0,,,/home/chris/Toward-verification-of-QUIC-extensions/installer/TVOQE/results/errors/server/local/quant_master_server/temp/824/quic_server_test_connection_close0.iev,0.0,1.0
499,quant,server,quic_server_test_tp_error0,,,/home/chris/Toward-verification-of-QUIC-extensions/installer/TVOQE/results/errors/server/local/quant_master_server/temp/635/quic_server_test_tp_error0.iev,0.0,1.0
500,quant,server,quic_server_test_handshake_done_error0,,"ivy_return_code(1)+assumption_failed(""quic_server_test_handshake_done_error.ivy: line 325"")",/home/chris/Toward-verification-of-QUIC-extensions/installer/TVOQE/results/errors/server/local/quant_master_server/temp/1114/quic_server_test_handshake_done_error0.iev,0.0,0.0
501,quant,server,quic_server_test_reset_stream0,,"ivy_return_code(1)+assumption_failed(""/usr/local/lib/python2.7/dist-packages/ivy/include/1.7/quic_frame.ivy: line 1494"")",/home/chris/Toward-verification-of-QUIC-extensions/installer/TVOQE/results/errors/server/local/quant_master_server/temp/900/quic_server_test_reset_stream0.iev,0.0,0.0
502,quant,server,quic_server_test_tp_limit_newcoid0,,"ivy_return_code(1)+assumption_failed(""/usr/local/lib/python2.7/dist-packages/ivy/include/1.7/quic_frame.ivy: line 1494"")",/home/chris/Toward-verification-of-QUIC-extensions/installer/TVOQE/results/errors/server/local/quant_master_server/temp/313/quic_server_test_tp_limit_newcoid0.iev,0.0,0.0
503,quant,server,quic_server_test_max0,,"ivy_return_code(1)+assumption_failed(""/usr/local/lib/python2.7/dist-packages/ivy/include/1.7/quic_frame.ivy: line 1494"")",/home/chris/Toward-verification-of-QUIC-extensions/installer/TVOQE/results/errors/server/local/quant_master_server/temp/449/quic_server_test_max0.iev,0.0,0.0
504,quant,server,quic_server_test_max0,,"ivy_return_code(1)+assumption_failed(""/usr/local/lib/python2.7/dist-packages/ivy/include/1.7/quic_frame.ivy: line 1494"")",/home/chris/Toward-verification-of-QUIC-extensions/installer/TVOQE/results/errors/server/local/quant_master_server/temp/412/quic_server_test_max0.iev,0.0,0.0
505,quant,server,quic_server_test_connection_close0,,"ivy_return_code(1)+assumption_failed(""/usr/local/lib/python2.7/dist-packages/ivy/include/1.7/quic_frame.ivy: line 1494"")",/home/chris/Toward-verification-of-QUIC-extensions/installer/TVOQE/results/errors/server/local/quant_master_server/temp/871/quic_server_test_connection_close0.iev,0.0,0.0
506,quant,server,quic_server_test_tp_error0,,,/home/chris/Toward-verification-of-QUIC-extensions/installer/TVOQE/results/errors/server/local/quant_master_server/temp/643/quic_server_test_tp_error0.iev,0.0,1.0
507,quant,server,quic_server_test_max0,,"ivy_return_code(1)+assumption_failed(""/usr/local/lib/python2.7/dist-packages/ivy/include/1.7/quic_frame.ivy: line 1494"")",/home/chris/Toward-verification-of-QUIC-extensions/installer/TVOQE/results/errors/server/local/quant_master_server/temp/491/quic_server_test_max0.iev,0.0,0.0
508,quant,server,quic_server_test_reset_stream0,,"ivy_return_code(1)+assumption_failed(""quic_server_test.ivy: line 182"")",/home/chris/Toward-verification-of-QUIC-extensions/installer/TVOQE/results/errors/server/local/quant_master_server/temp/946/quic_server_test_reset_stream0.iev,0.0,0.0
509,quant,server,quic_server_test_handshake_done_error0,,"ivy_return_code(1)+assumption_failed(""quic_server_test_handshake_done_error.ivy: line 325"")",/home/chris/Toward-verification-of-QUIC-extensions/installer/TVOQE/results/errors/server/local/quant_master_server/temp/1165/quic_server_test_handshake_done_error0.iev,0.0,0.0
510,quant,server,quic_server_test_tp_limit_newcoid0,,"ivy_return_code(1)+assumption_failed(""/usr/local/lib/python2.7/dist-packages/ivy/include/1.7/quic_frame.ivy: line 1494"")",/home/chris/Toward-verification-of-QUIC-extensions/installer/TVOQE/results/errors/server/local/quant_master_server/temp/360/quic_server_test_tp_limit_newcoid0.iev,0.0,0.0
511,quant,server,quic_server_test_tp_acticoid_error0,,,/home/chris/Toward-verification-of-QUIC-extensions/installer/TVOQE/results/errors/server/local/quant_master_server/temp/713/quic_server_test_tp_acticoid_error0.iev,0.0,1.0
512,quant,server,quic_server_test_double_tp_error0,,,/home/chris/Toward-verification-of-QUIC-extensions/installer/TVOQE/results/errors/server/local/quant_master_server/temp/1335/quic_server_test_double_tp_error0.iev,0.0,1.0
513,quant,server,quic_server_test_tp_error0,,,/home/chris/Toward-verification-of-QUIC-extensions/installer/TVOQE/results/errors/server/local/quant_master_server/temp/602/quic_server_test_tp_error0.iev,0.0,1.0
514,quant,server,quic_server_test_handshake_done_error0,,"ivy_return_code(1)+assumption_failed(""quic_server_test_handshake_done_error.ivy: line 186"")",/home/chris/Toward-verification-of-QUIC-extensions/installer/TVOQE/results/errors/server/local/quant_master_server/temp/1107/quic_server_test_handshake_done_error0.iev,0.0,0.0
515,quant,server,quic_server_test_connection_close0,,,/home/chris/Toward-verification-of-QUIC-extensions/installer/TVOQE/results/errors/server/local/quant_master_server/temp/818/quic_server_test_connection_close0.iev,0.0,1.0
516,quant,server,quic_server_test_unkown0,,"ivy_return_code(1)+assumption_failed(""quic_server_test_unkown.ivy: line 571"")",/home/chris/Toward-verification-of-QUIC-extensions/installer/TVOQE/results/errors/server/local/quant_master_server/temp/114/quic_server_test_unkown0.iev,0.0,0.0
517,quant,server,quic_server_test_connection_close0,,"ivy_return_code(1)+assumption_failed(""/usr/local/lib/python2.7/dist-packages/ivy/include/1.7/quic_frame.ivy: line 1494"")",/home/chris/Toward-verification-of-QUIC-extensions/installer/TVOQE/results/errors/server/local/quant_master_server/temp/861/quic_server_test_connection_close0.iev,0.0,0.0
518,quant,server,quic_server_test_max0,,"ivy_return_code(1)+assumption_failed(""/usr/local/lib/python2.7/dist-packages/ivy/include/1.7/quic_frame.ivy: line 1494"")",/home/chris/Toward-verification-of-QUIC-extensions/installer/TVOQE/results/errors/server/local/quant_master_server/temp/403/quic_server_test_max0.iev,0.0,0.0
519,quant,server,quic_server_test_handshake_done_error0,,"ivy_return_code(1)+assumption_failed(""quic_server_test_handshake_done_error.ivy: line 325"")",/home/chris/Toward-verification-of-QUIC-extensions/installer/TVOQE/results/errors/server/local/quant_master_server/temp/1124/quic_server_test_handshake_done_error0.iev,0.0,0.0
520,quant,server,quic_server_test_tp_error0,,,/home/chris/Toward-verification-of-QUIC-extensions/installer/TVOQE/results/errors/server/local/quant_master_server/temp/659/quic_server_test_tp_error0.iev,0.0,1.0
521,quant,server,quic_server_test_tp_limit_acticoid_error0,,server_return_code(-6)+ivy_return_code(1),/home/chris/Toward-verification-of-QUIC-extensions/installer/TVOQE/results/errors/server/local/quant_master_server/temp/1436/quic_server_test_tp_limit_acticoid_error0.iev,0.0,0.0
522,quant,server,quic_server_test_connection_close0,,"ivy_return_code(1)+assumption_failed(""/usr/local/lib/python2.7/dist-packages/ivy/include/1.7/quic_frame.ivy: line 1494"")",/home/chris/Toward-verification-of-QUIC-extensions/installer/TVOQE/results/errors/server/local/quant_master_server/temp/813/quic_server_test_connection_close0.iev,0.0,0.0
523,quant,server,quic_server_test_connection_close0,,,/home/chris/Toward-verification-of-QUIC-extensions/installer/TVOQE/results/errors/server/local/quant_master_server/temp/837/quic_server_test_connection_close0.iev,0.0,1.0
524,quant,server,quic_server_test_newconnectionid_error0,,server_return_code(-6)+ivy_return_code(1),/home/chris/Toward-verification-of-QUIC-extensions/installer/TVOQE/results/errors/server/local/quant_master_server/temp/1080/quic_server_test_newconnectionid_error0.iev,0.0,0.0
525,quant,server,quic_server_test_tp_limit_acticoid_error0,,server_return_code(-6)+ivy_return_code(1),/home/chris/Toward-verification-of-QUIC-extensions/installer/TVOQE/results/errors/server/local/quant_master_server/temp/1419/quic_server_test_tp_limit_acticoid_error0.iev,0.0,0.0
526,quant,server,quic_server_test_tp_error0,,,/home/chris/Toward-verification-of-QUIC-extensions/installer/TVOQE/results/errors/server/local/quant_master_server/temp/613/quic_server_test_tp_error0.iev,0.0,1.0
527,quant,server,quic_server_test_unkown0,,"ivy_return_code(1)+assumption_failed(""quic_server_test_unkown.ivy: line 571"")",/home/chris/Toward-verification-of-QUIC-extensions/installer/TVOQE/results/errors/server/local/quant_master_server/temp/106/quic_server_test_unkown0.iev,0.0,0.0
528,quant,server,quic_server_test_handshake_done_error0,,"ivy_return_code(1)+assumption_failed(""quic_server_test_handshake_done_error.ivy: line 325"")",/home/chris/Toward-verification-of-QUIC-extensions/installer/TVOQE/results/errors/server/local/quant_master_server/temp/1143/quic_server_test_handshake_done_error0.iev,0.0,0.0
529,quant,server,quic_server_test_stream0,,"ivy_return_code(1)+assumption_failed(""/usr/local/lib/python2.7/dist-packages/ivy/include/1.7/quic_frame.ivy: line 1494"")",/home/chris/Toward-verification-of-QUIC-extensions/installer/TVOQE/results/errors/server/local/quant_master_server/temp/46/quic_server_test_stream0.iev,0.0,0.0
530,quant,server,quic_server_test_stop_sending0,,"ivy_return_code(1)+assumption_failed(""/usr/local/lib/python2.7/dist-packages/ivy/include/1.7/quic_frame.ivy: line 1494"")",/home/chris/Toward-verification-of-QUIC-extensions/installer/TVOQE/results/errors/server/local/quant_master_server/temp/1237/quic_server_test_stop_sending0.iev,0.0,0.0
531,quant,server,quic_server_test_token_error0,,,/home/chris/Toward-verification-of-QUIC-extensions/installer/TVOQE/results/errors/server/local/quant_master_server/temp/524/quic_server_test_token_error0.iev,0.0,1.0
532,quant,server,quic_server_test_tp_limit_acticoid_error0,,server_return_code(-6)+ivy_return_code(1),/home/chris/Toward-verification-of-QUIC-extensions/installer/TVOQE/results/errors/server/local/quant_master_server/temp/1444/quic_server_test_tp_limit_acticoid_error0.iev,0.0,0.0
533,quant,server,quic_server_test_tp_limit_newcoid0,,"ivy_return_code(1)+assumption_failed(""/usr/local/lib/python2.7/dist-packages/ivy/include/1.7/quic_frame.ivy: line 1494"")",/home/chris/Toward-verification-of-QUIC-extensions/installer/TVOQE/results/errors/server/local/quant_master_server/temp/351/quic_server_test_tp_limit_newcoid0.iev,0.0,0.0
534,quant,server,quic_server_test_blocked_streams_maxstream_error0,,"ivy_return_code(1)+assumption_failed(""/usr/local/lib/python2.7/dist-packages/ivy/include/1.7/quic_frame.ivy: line 1494"")",/home/chris/Toward-verification-of-QUIC-extensions/installer/TVOQE/results/errors/server/local/quant_master_server/temp/204/quic_server_test_blocked_streams_maxstream_error0.iev,0.0,0.0
535,quant,server,quic_server_test_accept_maxdata0,,"ivy_return_code(1)+assumption_failed(""/usr/local/lib/python2.7/dist-packages/ivy/include/1.7/quic_frame.ivy: line 1494"")",/home/chris/Toward-verification-of-QUIC-extensions/installer/TVOQE/results/errors/server/local/quant_master_server/temp/1582/quic_server_test_accept_maxdata0.iev,0.0,0.0
536,quant,server,quic_server_test_accept_maxdata0,,"ivy_return_code(1)+assumption_failed(""/usr/local/lib/python2.7/dist-packages/ivy/include/1.7/quic_frame.ivy: line 1494"")",/home/chris/Toward-verification-of-QUIC-extensions/installer/TVOQE/results/errors/server/local/quant_master_server/temp/1513/quic_server_test_accept_maxdata0.iev,0.0,0.0
537,quant,server,quic_server_test_tp_acticoid_error0,,,/home/chris/Toward-verification-of-QUIC-extensions/installer/TVOQE/results/errors/server/local/quant_master_server/temp/775/quic_server_test_tp_acticoid_error0.iev,0.0,1.0
538,quant,server,quic_server_test_connection_close0,,,/home/chris/Toward-verification-of-QUIC-extensions/installer/TVOQE/results/errors/server/local/quant_master_server/temp/860/quic_server_test_connection_close0.iev,0.0,1.0
539,quant,server,quic_server_test_handshake_done_error0,,"ivy_return_code(1)+assumption_failed(""quic_server_test_handshake_done_error.ivy: line 325"")",/home/chris/Toward-verification-of-QUIC-extensions/installer/TVOQE/results/errors/server/local/quant_master_server/temp/1159/quic_server_test_handshake_done_error0.iev,0.0,0.0
540,quant,server,quic_server_test_double_tp_error0,,,/home/chris/Toward-verification-of-QUIC-extensions/installer/TVOQE/results/errors/server/local/quant_master_server/temp/1336/quic_server_test_double_tp_error0.iev,0.0,1.0
541,quant,server,quic_server_test_tp_error0,,,/home/chris/Toward-verification-of-QUIC-extensions/installer/TVOQE/results/errors/server/local/quant_master_server/temp/663/quic_server_test_tp_error0.iev,0.0,1.0
542,quant,server,quic_server_test_tp_limit_acticoid_error0,,server_return_code(-6)+ivy_return_code(1),/home/chris/Toward-verification-of-QUIC-extensions/installer/TVOQE/results/errors/server/local/quant_master_server/temp/1497/quic_server_test_tp_limit_acticoid_error0.iev,0.0,0.0
543,quant,server,quic_server_test_tp_acticoid_error0,,,/home/chris/Toward-verification-of-QUIC-extensions/installer/TVOQE/results/errors/server/local/quant_master_server/temp/765/quic_server_test_tp_acticoid_error0.iev,0.0,1.0
544,quant,server,quic_server_test_blocked_streams_maxstream_error0,,"ivy_return_code(1)+assumption_failed(""quic_server_test_blocked_streams_maxstream_error.ivy: line 534"")",/home/chris/Toward-verification-of-QUIC-extensions/installer/TVOQE/results/errors/server/local/quant_master_server/temp/297/quic_server_test_blocked_streams_maxstream_error0.iev,0.0,0.0
545,quant,server,quic_server_test_double_tp_error0,,,/home/chris/Toward-verification-of-QUIC-extensions/installer/TVOQE/results/errors/server/local/quant_master_server/temp/1369/quic_server_test_double_tp_error0.iev,0.0,1.0
546,quant,server,quic_server_test_tp_limit_acticoid_error0,,server_return_code(-6)+ivy_return_code(1),/home/chris/Toward-verification-of-QUIC-extensions/installer/TVOQE/results/errors/server/local/quant_master_server/temp/1460/quic_server_test_tp_limit_acticoid_error0.iev,0.0,0.0
547,quant,server,quic_server_test_connection_close0,,ivy_return_code(134)+< prot.show_seqnum(0x58f2d3),/home/chris/Toward-verification-of-QUIC-extensions/installer/TVOQE/results/errors/server/local/quant_master_server/temp/808/quic_server_test_connection_close0.iev,0.0,0.0
548,quant,server,quic_server_test_max0,,"ivy_return_code(1)+assumption_failed(""/usr/local/lib/python2.7/dist-packages/ivy/include/1.7/quic_frame.ivy: line 1494"")",/home/chris/Toward-verification-of-QUIC-extensions/installer/TVOQE/results/errors/server/local/quant_master_server/temp/406/quic_server_test_max0.iev,0.0,0.0
549,quant,server,quic_server_test_newconnectionid_error0,,server_return_code(-6)+ivy_return_code(1),/home/chris/Toward-verification-of-QUIC-extensions/installer/TVOQE/results/errors/server/local/quant_master_server/temp/1068/quic_server_test_newconnectionid_error0.iev,0.0,0.0
550,quant,server,quic_server_test_unkown0,,"ivy_return_code(1)+assumption_failed(""quic_server_test_unkown.ivy: line 571"")",/home/chris/Toward-verification-of-QUIC-extensions/installer/TVOQE/results/errors/server/local/quant_master_server/temp/118/quic_server_test_unkown0.iev,0.0,0.0
551,quant,server,quic_server_test_tp_limit_newcoid0,,"ivy_return_code(1)+assumption_failed(""/usr/local/lib/python2.7/dist-packages/ivy/include/1.7/quic_frame.ivy: line 1494"")",/home/chris/Toward-verification-of-QUIC-extensions/installer/TVOQE/results/errors/server/local/quant_master_server/temp/326/quic_server_test_tp_limit_newcoid0.iev,0.0,0.0
552,quant,server,quic_server_test_stop_sending0,,"ivy_return_code(1)+assumption_failed(""/usr/local/lib/python2.7/dist-packages/ivy/include/1.7/quic_frame.ivy: line 1494"")",/home/chris/Toward-verification-of-QUIC-extensions/installer/TVOQE/results/errors/server/local/quant_master_server/temp/1241/quic_server_test_stop_sending0.iev,0.0,0.0
553,quant,server,quic_server_test_tp_error0,,,/home/chris/Toward-verification-of-QUIC-extensions/installer/TVOQE/results/errors/server/local/quant_master_server/temp/646/quic_server_test_tp_error0.iev,0.0,1.0
554,quant,server,quic_server_test_token_error0,,,/home/chris/Toward-verification-of-QUIC-extensions/installer/TVOQE/results/errors/server/local/quant_master_server/temp/578/quic_server_test_token_error0.iev,0.0,1.0
555,quant,server,quic_server_test_token_error0,,,/home/chris/Toward-verification-of-QUIC-extensions/installer/TVOQE/results/errors/server/local/quant_master_server/temp/527/quic_server_test_token_error0.iev,0.0,1.0
556,quant,server,quic_server_test_accept_maxdata0,,"ivy_return_code(1)+assumption_failed(""/usr/local/lib/python2.7/dist-packages/ivy/include/1.7/quic_frame.ivy: line 1494"")",/home/chris/Toward-verification-of-QUIC-extensions/installer/TVOQE/results/errors/server/local/quant_master_server/temp/1560/quic_server_test_accept_maxdata0.iev,0.0,0.0
557,quant,server,quic_server_test_no_icid0,,,/home/chris/Toward-verification-of-QUIC-extensions/installer/TVOQE/results/errors/server/local/quant_master_server/temp/1639/quic_server_test_no_icid0.iev,0.0,1.0
558,quant,server,quic_server_test_unkown0,,"ivy_return_code(1)+assumption_failed(""quic_server_test_unkown.ivy: line 571"")",/home/chris/Toward-verification-of-QUIC-extensions/installer/TVOQE/results/errors/server/local/quant_master_server/temp/143/quic_server_test_unkown0.iev,0.0,0.0
559,quant,server,quic_server_test_stop_sending0,,"ivy_return_code(1)+assumption_failed(""/usr/local/lib/python2.7/dist-packages/ivy/include/1.7/quic_frame.ivy: line 1494"")",/home/chris/Toward-verification-of-QUIC-extensions/installer/TVOQE/results/errors/server/local/quant_master_server/temp/1214/quic_server_test_stop_sending0.iev,0.0,0.0
560,quant,server,quic_server_test_tp_acticoid_error0,,,/home/chris/Toward-verification-of-QUIC-extensions/installer/TVOQE/results/errors/server/local/quant_master_server/temp/767/quic_server_test_tp_acticoid_error0.iev,0.0,1.0
561,quant,server,quic_server_test_no_icid0,,,/home/chris/Toward-verification-of-QUIC-extensions/installer/TVOQE/results/errors/server/local/quant_master_server/temp/1633/quic_server_test_no_icid0.iev,0.0,1.0
562,quant,server,quic_server_test_connection_close0,,ivy_return_code(134)+< prot.show_seqnum(0),/home/chris/Toward-verification-of-QUIC-extensions/installer/TVOQE/results/errors/server/local/quant_master_server/temp/897/quic_server_test_connection_close0.iev,0.0,0.0
563,quant,server,quic_server_test_handshake_done_error0,,"ivy_return_code(1)+assumption_failed(""quic_server_test_handshake_done_error.ivy: line 325"")",/home/chris/Toward-verification-of-QUIC-extensions/installer/TVOQE/results/errors/server/local/quant_master_server/temp/1140/quic_server_test_handshake_done_error0.iev,0.0,0.0
564,quant,server,quic_server_test_tp_limit_acticoid_error0,,server_return_code(-6)+ivy_return_code(1),/home/chris/Toward-verification-of-QUIC-extensions/installer/TVOQE/results/errors/server/local/quant_master_server/temp/1478/quic_server_test_tp_limit_acticoid_error0.iev,0.0,0.0
565,quant,server,quic_server_test_double_tp_error0,,,/home/chris/Toward-verification-of-QUIC-extensions/installer/TVOQE/results/errors/server/local/quant_master_server/temp/1365/quic_server_test_double_tp_error0.iev,0.0,1.0
566,quant,server,quic_server_test_max0,,"ivy_return_code(1)+assumption_failed(""/usr/local/lib/python2.7/dist-packages/ivy/include/1.7/quic_frame.ivy: line 1494"")",/home/chris/Toward-verification-of-QUIC-extensions/installer/TVOQE/results/errors/server/local/quant_master_server/temp/439/quic_server_test_max0.iev,0.0,0.0
567,quant,server,quic_server_test_unkown0,,"ivy_return_code(1)+assumption_failed(""quic_server_test_unkown.ivy: line 571"")",/home/chris/Toward-verification-of-QUIC-extensions/installer/TVOQE/results/errors/server/local/quant_master_server/temp/159/quic_server_test_unkown0.iev,0.0,0.0
568,quant,server,quic_server_test_stream0,,"ivy_return_code(1)+assumption_failed(""/usr/local/lib/python2.7/dist-packages/ivy/include/1.7/quic_frame.ivy: line 1494"")",/home/chris/Toward-verification-of-QUIC-extensions/installer/TVOQE/results/errors/server/local/quant_master_server/temp/26/quic_server_test_stream0.iev,0.0,0.0
569,quant,server,quic_server_test_reset_stream0,,"ivy_return_code(1)+assumption_failed(""/usr/local/lib/python2.7/dist-packages/ivy/include/1.7/quic_frame.ivy: line 1494"")",/home/chris/Toward-verification-of-QUIC-extensions/installer/TVOQE/results/errors/server/local/quant_master_server/temp/939/quic_server_test_reset_stream0.iev,0.0,0.0
570,quant,server,quic_server_test_blocked_streams_maxstream_error0,,"ivy_return_code(1)+assumption_failed(""quic_server_test_blocked_streams_maxstream_error.ivy: line 534"")",/home/chris/Toward-verification-of-QUIC-extensions/installer/TVOQE/results/errors/server/local/quant_master_server/temp/238/quic_server_test_blocked_streams_maxstream_error0.iev,0.0,0.0
571,quant,server,quic_server_test_tp_limit_acticoid_error0,,server_return_code(-6)+ivy_return_code(1),/home/chris/Toward-verification-of-QUIC-extensions/installer/TVOQE/results/errors/server/local/quant_master_server/temp/1467/quic_server_test_tp_limit_acticoid_error0.iev,0.0,0.0
572,quant,server,quic_server_test_accept_maxdata0,,"ivy_return_code(1)+assumption_failed(""/usr/local/lib/python2.7/dist-packages/ivy/include/1.7/quic_frame.ivy: line 1494"")",/home/chris/Toward-verification-of-QUIC-extensions/installer/TVOQE/results/errors/server/local/quant_master_server/temp/1528/quic_server_test_accept_maxdata0.iev,0.0,0.0
573,quant,server,quic_server_test_accept_maxdata0,,"ivy_return_code(1)+assumption_failed(""/usr/local/lib/python2.7/dist-packages/ivy/include/1.7/quic_frame.ivy: line 1494"")",/home/chris/Toward-verification-of-QUIC-extensions/installer/TVOQE/results/errors/server/local/quant_master_server/temp/1563/quic_server_test_accept_maxdata0.iev,0.0,0.0
574,quant,server,quic_server_test_handshake_done_error0,,"ivy_return_code(1)+assumption_failed(""quic_server_test_handshake_done_error.ivy: line 325"")",/home/chris/Toward-verification-of-QUIC-extensions/installer/TVOQE/results/errors/server/local/quant_master_server/temp/1100/quic_server_test_handshake_done_error0.iev,0.0,0.0
575,quant,server,quic_server_test_unkown0,,"ivy_return_code(1)+assumption_failed(""quic_server_test_unkown.ivy: line 571"")",/home/chris/Toward-verification-of-QUIC-extensions/installer/TVOQE/results/errors/server/local/quant_master_server/temp/135/quic_server_test_unkown0.iev,0.0,0.0
576,quant,server,quic_server_test_handshake_done_error0,,"ivy_return_code(1)+assumption_failed(""quic_server_test_handshake_done_error.ivy: line 325"")",/home/chris/Toward-verification-of-QUIC-extensions/installer/TVOQE/results/errors/server/local/quant_master_server/temp/1111/quic_server_test_handshake_done_error0.iev,0.0,0.0
577,quant,server,quic_server_test_tp_limit_acticoid_error0,,server_return_code(-6)+ivy_return_code(1),/home/chris/Toward-verification-of-QUIC-extensions/installer/TVOQE/results/errors/server/local/quant_master_server/temp/1435/quic_server_test_tp_limit_acticoid_error0.iev,0.0,0.0
578,quant,server,quic_server_test_double_tp_error0,,,/home/chris/Toward-verification-of-QUIC-extensions/installer/TVOQE/results/errors/server/local/quant_master_server/temp/1370/quic_server_test_double_tp_error0.iev,0.0,1.0
579,quant,server,quic_server_test_unkown0,,"ivy_return_code(1)+assumption_failed(""quic_server_test_unkown.ivy: line 571"")",/home/chris/Toward-verification-of-QUIC-extensions/installer/TVOQE/results/errors/server/local/quant_master_server/temp/148/quic_server_test_unkown0.iev,0.0,0.0
580,quant,server,quic_server_test_tp_acticoid_error0,,,/home/chris/Toward-verification-of-QUIC-extensions/installer/TVOQE/results/errors/server/local/quant_master_server/temp/782/quic_server_test_tp_acticoid_error0.iev,0.0,1.0
581,quant,server,quic_server_test_connection_close0,,"ivy_return_code(1)+assumption_failed(""/usr/local/lib/python2.7/dist-packages/ivy/include/1.7/quic_frame.ivy: line 1494"")",/home/chris/Toward-verification-of-QUIC-extensions/installer/TVOQE/results/errors/server/local/quant_master_server/temp/816/quic_server_test_connection_close0.iev,0.0,0.0
582,quant,server,quic_server_test_unkown0,,ivy_return_code(134)+ivy_binary_deser_128 getn deser_err,/home/chris/Toward-verification-of-QUIC-extensions/installer/TVOQE/results/errors/server/local/quant_master_server/temp/178/quic_server_test_unkown0.iev,0.0,0.0
583,quant,server,quic_server_test_max0,,"ivy_return_code(1)+assumption_failed(""/usr/local/lib/python2.7/dist-packages/ivy/include/1.7/quic_frame.ivy: line 1494"")",/home/chris/Toward-verification-of-QUIC-extensions/installer/TVOQE/results/errors/server/local/quant_master_server/temp/435/quic_server_test_max0.iev,0.0,0.0
584,quant,server,quic_server_test_double_tp_error0,,,/home/chris/Toward-verification-of-QUIC-extensions/installer/TVOQE/results/errors/server/local/quant_master_server/temp/1349/quic_server_test_double_tp_error0.iev,0.0,1.0
585,quant,server,quic_server_test_max0,,"ivy_return_code(1)+assumption_failed(""/usr/local/lib/python2.7/dist-packages/ivy/include/1.7/quic_frame.ivy: line 1494"")",/home/chris/Toward-verification-of-QUIC-extensions/installer/TVOQE/results/errors/server/local/quant_master_server/temp/477/quic_server_test_max0.iev,0.0,0.0
586,quant,server,quic_server_test_stream0,,"ivy_return_code(1)+assumption_failed(""/usr/local/lib/python2.7/dist-packages/ivy/include/1.7/quic_frame.ivy: line 1494"")",/home/chris/Toward-verification-of-QUIC-extensions/installer/TVOQE/results/errors/server/local/quant_master_server/temp/42/quic_server_test_stream0.iev,0.0,0.0
587,quant,server,quic_server_test_newconnectionid_error0,,server_return_code(-6)+ivy_return_code(1),/home/chris/Toward-verification-of-QUIC-extensions/installer/TVOQE/results/errors/server/local/quant_master_server/temp/1047/quic_server_test_newconnectionid_error0.iev,0.0,0.0
588,quant,server,quic_server_test_newconnectionid_error0,,server_return_code(-6)+ivy_return_code(1),/home/chris/Toward-verification-of-QUIC-extensions/installer/TVOQE/results/errors/server/local/quant_master_server/temp/1019/quic_server_test_newconnectionid_error0.iev,0.0,0.0
589,quant,server,quic_server_test_newconnectionid_error0,,server_return_code(-6)+ivy_return_code(1),/home/chris/Toward-verification-of-QUIC-extensions/installer/TVOQE/results/errors/server/local/quant_master_server/temp/1011/quic_server_test_newconnectionid_error0.iev,0.0,0.0
590,quant,server,quic_server_test_unkown0,,ivy_return_code(134)+ivy_binary_deser_128 getn deser_err,/home/chris/Toward-verification-of-QUIC-extensions/installer/TVOQE/results/errors/server/local/quant_master_server/temp/103/quic_server_test_unkown0.iev,0.0,0.0
591,quant,server,quic_server_test_reset_stream0,,"ivy_return_code(1)+assumption_failed(""quic_server_test.ivy: line 182"")",/home/chris/Toward-verification-of-QUIC-extensions/installer/TVOQE/results/errors/server/local/quant_master_server/temp/942/quic_server_test_reset_stream0.iev,0.0,0.0
592,quant,server,quic_server_test_accept_maxdata0,,"ivy_return_code(1)+assumption_failed(""quic_server_test_accept_maxdata.ivy: line 200"")",/home/chris/Toward-verification-of-QUIC-extensions/installer/TVOQE/results/errors/server/local/quant_master_server/temp/1577/quic_server_test_accept_maxdata0.iev,0.0,0.0
593,quant,server,quic_server_test_reset_stream0,,"ivy_return_code(1)+assumption_failed(""quic_server_test.ivy: line 182"")",/home/chris/Toward-verification-of-QUIC-extensions/installer/TVOQE/results/errors/server/local/quant_master_server/temp/926/quic_server_test_reset_stream0.iev,0.0,0.0
594,quant,server,quic_server_test_unkown0,,"ivy_return_code(1)+assumption_failed(""quic_server_test_unkown.ivy: line 571"")",/home/chris/Toward-verification-of-QUIC-extensions/installer/TVOQE/results/errors/server/local/quant_master_server/temp/187/quic_server_test_unkown0.iev,0.0,0.0
595,quant,server,quic_server_test_tp_limit_acticoid_error0,,server_return_code(-6)+ivy_return_code(1),/home/chris/Toward-verification-of-QUIC-extensions/installer/TVOQE/results/errors/server/local/quant_master_server/temp/1468/quic_server_test_tp_limit_acticoid_error0.iev,0.0,0.0
596,quant,server,quic_server_test_token_error0,,,/home/chris/Toward-verification-of-QUIC-extensions/installer/TVOQE/results/errors/server/local/quant_master_server/temp/581/quic_server_test_token_error0.iev,0.0,1.0
597,quant,server,quic_server_test_reset_stream0,,"ivy_return_code(1)+assumption_failed(""quic_server_test.ivy: line 182"")",/home/chris/Toward-verification-of-QUIC-extensions/installer/TVOQE/results/errors/server/local/quant_master_server/temp/940/quic_server_test_reset_stream0.iev,0.0,0.0
598,quant,server,quic_server_test_stream0,,"ivy_return_code(1)+assumption_failed(""/usr/local/lib/python2.7/dist-packages/ivy/include/1.7/quic_frame.ivy: line 1494"")",/home/chris/Toward-verification-of-QUIC-extensions/installer/TVOQE/results/errors/server/local/quant_master_server/temp/93/quic_server_test_stream0.iev,0.0,0.0
599,quant,server,quic_server_test_tp_limit_acticoid_error0,,server_return_code(-6)+ivy_return_code(1),/home/chris/Toward-verification-of-QUIC-extensions/installer/TVOQE/results/errors/server/local/quant_master_server/temp/1494/quic_server_test_tp_limit_acticoid_error0.iev,0.0,0.0
600,quant,server,quic_server_test_no_icid0,,,/home/chris/Toward-verification-of-QUIC-extensions/installer/TVOQE/results/errors/server/local/quant_master_server/temp/1614/quic_server_test_no_icid0.iev,0.0,1.0
601,quant,server,quic_server_test_connection_close0,,,/home/chris/Toward-verification-of-QUIC-extensions/installer/TVOQE/results/errors/server/local/quant_master_server/temp/877/quic_server_test_connection_close0.iev,0.0,1.0
602,quant,server,quic_server_test_max0,,"ivy_return_code(1)+assumption_failed(""/usr/local/lib/python2.7/dist-packages/ivy/include/1.7/quic_frame.ivy: line 1494"")",/home/chris/Toward-verification-of-QUIC-extensions/installer/TVOQE/results/errors/server/local/quant_master_server/temp/458/quic_server_test_max0.iev,0.0,0.0
603,quant,server,quic_server_test_connection_close0,,,/home/chris/Toward-verification-of-QUIC-extensions/installer/TVOQE/results/errors/server/local/quant_master_server/temp/888/quic_server_test_connection_close0.iev,0.0,1.0
604,quant,server,quic_server_test_blocked_streams_maxstream_error0,,"ivy_return_code(1)+assumption_failed(""quic_server_test_blocked_streams_maxstream_error.ivy: line 534"")",/home/chris/Toward-verification-of-QUIC-extensions/installer/TVOQE/results/errors/server/local/quant_master_server/temp/277/quic_server_test_blocked_streams_maxstream_error0.iev,0.0,0.0
605,quant,server,quic_server_test_newconnectionid_error0,,server_return_code(-6)+test_completed,/home/chris/Toward-verification-of-QUIC-extensions/installer/TVOQE/results/errors/server/local/quant_master_server/temp/1027/quic_server_test_newconnectionid_error0.iev,0.0,0.0
606,quant,server,quic_server_test_ext_min_ack_delay0,,"ivy_return_code(1)+assumption_failed(""/usr/local/lib/python2.7/dist-packages/ivy/include/1.7/quic_frame.ivy: line 1494"")",/home/chris/Toward-verification-of-QUIC-extensions/installer/TVOQE/results/errors/server/local/quant_master_server/temp/1702/quic_server_test_ext_min_ack_delay0.iev,0.0,0.0
607,quant,server,quic_server_test_newconnectionid_error0,,server_return_code(-6)+ivy_return_code(1),/home/chris/Toward-verification-of-QUIC-extensions/installer/TVOQE/results/errors/server/local/quant_master_server/temp/1063/quic_server_test_newconnectionid_error0.iev,0.0,0.0
608,quant,server,quic_server_test_tp_limit_acticoid_error0,,server_return_code(-6)+ivy_return_code(1),/home/chris/Toward-verification-of-QUIC-extensions/installer/TVOQE/results/errors/server/local/quant_master_server/temp/1463/quic_server_test_tp_limit_acticoid_error0.iev,0.0,0.0
609,quant,server,quic_server_test_double_tp_error0,,,/home/chris/Toward-verification-of-QUIC-extensions/installer/TVOQE/results/errors/server/local/quant_master_server/temp/1309/quic_server_test_double_tp_error0.iev,0.0,1.0
610,quant,server,quic_server_test_ext_min_ack_delay0,,"ivy_return_code(1)+assumption_failed(""/usr/local/lib/python2.7/dist-packages/ivy/include/1.7/quic_frame.ivy: line 1494"")",/home/chris/Toward-verification-of-QUIC-extensions/installer/TVOQE/results/errors/server/local/quant_master_server/temp/1737/quic_server_test_ext_min_ack_delay0.iev,0.0,0.0
611,quant,server,quic_server_test_ext_min_ack_delay0,,"ivy_return_code(1)+assumption_failed(""/usr/local/lib/python2.7/dist-packages/ivy/include/1.7/quic_frame.ivy: line 1494"")",/home/chris/Toward-verification-of-QUIC-extensions/installer/TVOQE/results/errors/server/local/quant_master_server/temp/1768/quic_server_test_ext_min_ack_delay0.iev,0.0,0.0
612,quant,server,quic_server_test_max0,,"ivy_return_code(1)+assumption_failed(""/usr/local/lib/python2.7/dist-packages/ivy/include/1.7/quic_frame.ivy: line 1494"")",/home/chris/Toward-verification-of-QUIC-extensions/installer/TVOQE/results/errors/server/local/quant_master_server/temp/430/quic_server_test_max0.iev,0.0,0.0
613,quant,server,quic_server_test_handshake_done_error0,,"ivy_return_code(1)+assumption_failed(""quic_server_test_handshake_done_error.ivy: line 325"")",/home/chris/Toward-verification-of-QUIC-extensions/installer/TVOQE/results/errors/server/local/quant_master_server/temp/1172/quic_server_test_handshake_done_error0.iev,0.0,0.0
614,quant,server,quic_server_test_ext_min_ack_delay0,,"ivy_return_code(1)+assumption_failed(""/usr/local/lib/python2.7/dist-packages/ivy/include/1.7/quic_frame.ivy: line 1494"")",/home/chris/Toward-verification-of-QUIC-extensions/installer/TVOQE/results/errors/server/local/quant_master_server/temp/1777/quic_server_test_ext_min_ack_delay0.iev,0.0,0.0
615,quant,server,quic_server_test_ext_min_ack_delay0,,"ivy_return_code(1)+assumption_failed(""/usr/local/lib/python2.7/dist-packages/ivy/include/1.7/quic_frame.ivy: line 1494"")",/home/chris/Toward-verification-of-QUIC-extensions/installer/TVOQE/results/errors/server/local/quant_master_server/temp/1760/quic_server_test_ext_min_ack_delay0.iev,0.0,0.0
616,quant,server,quic_server_test_handshake_done_error0,,"ivy_return_code(1)+assumption_failed(""quic_server_test_handshake_done_error.ivy: line 325"")",/home/chris/Toward-verification-of-QUIC-extensions/installer/TVOQE/results/errors/server/local/quant_master_server/temp/1152/quic_server_test_handshake_done_error0.iev,0.0,0.0
617,quant,server,quic_server_test_stream0,,"ivy_return_code(1)+assumption_failed(""/usr/local/lib/python2.7/dist-packages/ivy/include/1.7/quic_frame.ivy: line 1494"")",/home/chris/Toward-verification-of-QUIC-extensions/installer/TVOQE/results/errors/server/local/quant_master_server/temp/39/quic_server_test_stream0.iev,0.0,0.0
618,quant,server,quic_server_test_newconnectionid_error0,,server_return_code(-6)+ivy_return_code(1),/home/chris/Toward-verification-of-QUIC-extensions/installer/TVOQE/results/errors/server/local/quant_master_server/temp/1079/quic_server_test_newconnectionid_error0.iev,0.0,0.0
619,quant,server,quic_server_test_no_icid0,,,/home/chris/Toward-verification-of-QUIC-extensions/installer/TVOQE/results/errors/server/local/quant_master_server/temp/1691/quic_server_test_no_icid0.iev,0.0,1.0
620,quant,server,quic_server_test_max0,,,/home/chris/Toward-verification-of-QUIC-extensions/installer/TVOQE/results/errors/server/local/quant_master_server/temp/455/quic_server_test_max0.iev,0.0,1.0
621,quant,server,quic_server_test_stream0,,"ivy_return_code(1)+assumption_failed(""/usr/local/lib/python2.7/dist-packages/ivy/include/1.7/quic_frame.ivy: line 1494"")",/home/chris/Toward-verification-of-QUIC-extensions/installer/TVOQE/results/errors/server/local/quant_master_server/temp/81/quic_server_test_stream0.iev,0.0,0.0
622,quant,server,quic_server_test_tp_acticoid_error0,,,/home/chris/Toward-verification-of-QUIC-extensions/installer/TVOQE/results/errors/server/local/quant_master_server/temp/747/quic_server_test_tp_acticoid_error0.iev,0.0,1.0
623,quant,server,quic_server_test_reset_stream0,,"ivy_return_code(1)+assumption_failed(""quic_server_test.ivy: line 182"")",/home/chris/Toward-verification-of-QUIC-extensions/installer/TVOQE/results/errors/server/local/quant_master_server/temp/959/quic_server_test_reset_stream0.iev,0.0,0.0
624,quant,server,quic_server_test_newconnectionid_error0,,server_return_code(-6)+test_completed,/home/chris/Toward-verification-of-QUIC-extensions/installer/TVOQE/results/errors/server/local/quant_master_server/temp/1078/quic_server_test_newconnectionid_error0.iev,0.0,0.0
625,quant,server,quic_server_test_max0,,"ivy_return_code(1)+assumption_failed(""/usr/local/lib/python2.7/dist-packages/ivy/include/1.7/quic_frame.ivy: line 1494"")",/home/chris/Toward-verification-of-QUIC-extensions/installer/TVOQE/results/errors/server/local/quant_master_server/temp/468/quic_server_test_max0.iev,0.0,0.0
626,quant,server,quic_server_test_max0,,"ivy_return_code(1)+assumption_failed(""/usr/local/lib/python2.7/dist-packages/ivy/include/1.7/quic_frame.ivy: line 1494"")",/home/chris/Toward-verification-of-QUIC-extensions/installer/TVOQE/results/errors/server/local/quant_master_server/temp/414/quic_server_test_max0.iev,0.0,0.0
627,quant,server,quic_server_test_handshake_done_error0,,"ivy_return_code(1)+assumption_failed(""quic_server_test_handshake_done_error.ivy: line 325"")",/home/chris/Toward-verification-of-QUIC-extensions/installer/TVOQE/results/errors/server/local/quant_master_server/temp/1139/quic_server_test_handshake_done_error0.iev,0.0,0.0
628,quant,server,quic_server_test_connection_close0,,"ivy_return_code(1)+assumption_failed(""/usr/local/lib/python2.7/dist-packages/ivy/include/1.7/quic_frame.ivy: line 1494"")",/home/chris/Toward-verification-of-QUIC-extensions/installer/TVOQE/results/errors/server/local/quant_master_server/temp/869/quic_server_test_connection_close0.iev,0.0,0.0
629,quant,server,quic_server_test_ext_min_ack_delay0,,"ivy_return_code(1)+assumption_failed(""/usr/local/lib/python2.7/dist-packages/ivy/include/1.7/quic_frame.ivy: line 1494"")",/home/chris/Toward-verification-of-QUIC-extensions/installer/TVOQE/results/errors/server/local/quant_master_server/temp/1775/quic_server_test_ext_min_ack_delay0.iev,0.0,0.0
630,quant,server,quic_server_test_ext_min_ack_delay0,,"ivy_return_code(1)+assumption_failed(""/usr/local/lib/python2.7/dist-packages/ivy/include/1.7/quic_frame.ivy: line 1494"")",/home/chris/Toward-verification-of-QUIC-extensions/installer/TVOQE/results/errors/server/local/quant_master_server/temp/1713/quic_server_test_ext_min_ack_delay0.iev,0.0,0.0
631,quant,server,quic_server_test_tp_acticoid_error0,,,/home/chris/Toward-verification-of-QUIC-extensions/installer/TVOQE/results/errors/server/local/quant_master_server/temp/705/quic_server_test_tp_acticoid_error0.iev,0.0,1.0
632,quant,server,quic_server_test_tp_limit_newcoid0,,"ivy_return_code(1)+assumption_failed(""/usr/local/lib/python2.7/dist-packages/ivy/include/1.7/quic_frame.ivy: line 1494"")",/home/chris/Toward-verification-of-QUIC-extensions/installer/TVOQE/results/errors/server/local/quant_master_server/temp/371/quic_server_test_tp_limit_newcoid0.iev,0.0,0.0
633,quant,server,quic_server_test_accept_maxdata0,,"ivy_return_code(1)+assumption_failed(""/usr/local/lib/python2.7/dist-packages/ivy/include/1.7/quic_frame.ivy: line 1494"")",/home/chris/Toward-verification-of-QUIC-extensions/installer/TVOQE/results/errors/server/local/quant_master_server/temp/1509/quic_server_test_accept_maxdata0.iev,0.0,0.0
634,quant,server,quic_server_test_newconnectionid_error0,,server_return_code(-6)+ivy_return_code(1),/home/chris/Toward-verification-of-QUIC-extensions/installer/TVOQE/results/errors/server/local/quant_master_server/temp/1017/quic_server_test_newconnectionid_error0.iev,0.0,0.0
635,quant,server,quic_server_test_stop_sending0,,"ivy_return_code(1)+assumption_failed(""/usr/local/lib/python2.7/dist-packages/ivy/include/1.7/quic_frame.ivy: line 1494"")",/home/chris/Toward-verification-of-QUIC-extensions/installer/TVOQE/results/errors/server/local/quant_master_server/temp/1224/quic_server_test_stop_sending0.iev,0.0,0.0
636,quant,server,quic_server_test_unkown0,,"ivy_return_code(1)+assumption_failed(""quic_server_test_unkown.ivy: line 571"")",/home/chris/Toward-verification-of-QUIC-extensions/installer/TVOQE/results/errors/server/local/quant_master_server/temp/190/quic_server_test_unkown0.iev,0.0,0.0
637,quant,server,quic_server_test_ext_min_ack_delay0,,"ivy_return_code(1)+assumption_failed(""/usr/local/lib/python2.7/dist-packages/ivy/include/1.7/quic_frame.ivy: line 1494"")",/home/chris/Toward-verification-of-QUIC-extensions/installer/TVOQE/results/errors/server/local/quant_master_server/temp/1762/quic_server_test_ext_min_ack_delay0.iev,0.0,0.0
638,quant,server,quic_server_test_reset_stream0,,"ivy_return_code(1)+assumption_failed(""quic_server_test.ivy: line 182"")",/home/chris/Toward-verification-of-QUIC-extensions/installer/TVOQE/results/errors/server/local/quant_master_server/temp/947/quic_server_test_reset_stream0.iev,0.0,0.0
639,quant,server,quic_server_test_max0,,"ivy_return_code(1)+assumption_failed(""/usr/local/lib/python2.7/dist-packages/ivy/include/1.7/quic_frame.ivy: line 1494"")",/home/chris/Toward-verification-of-QUIC-extensions/installer/TVOQE/results/errors/server/local/quant_master_server/temp/411/quic_server_test_max0.iev,0.0,0.0
640,quant,server,quic_server_test_unkown0,,"ivy_return_code(1)+assumption_failed(""quic_server_test_unkown.ivy: line 571"")",/home/chris/Toward-verification-of-QUIC-extensions/installer/TVOQE/results/errors/server/local/quant_master_server/temp/189/quic_server_test_unkown0.iev,0.0,0.0
641,quant,server,quic_server_test_stream0,,"ivy_return_code(1)+assumption_failed(""/usr/local/lib/python2.7/dist-packages/ivy/include/1.7/quic_frame.ivy: line 1494"")",/home/chris/Toward-verification-of-QUIC-extensions/installer/TVOQE/results/errors/server/local/quant_master_server/temp/95/quic_server_test_stream0.iev,0.0,0.0
642,quant,server,quic_server_test_no_icid0,,,/home/chris/Toward-verification-of-QUIC-extensions/installer/TVOQE/results/errors/server/local/quant_master_server/temp/1682/quic_server_test_no_icid0.iev,0.0,1.0
643,quant,server,quic_server_test_stream0,,"ivy_return_code(1)+assumption_failed(""/usr/local/lib/python2.7/dist-packages/ivy/include/1.7/quic_frame.ivy: line 1494"")",/home/chris/Toward-verification-of-QUIC-extensions/installer/TVOQE/results/errors/server/local/quant_master_server/temp/61/quic_server_test_stream0.iev,0.0,0.0
644,quant,server,quic_server_test_double_tp_error0,,,/home/chris/Toward-verification-of-QUIC-extensions/installer/TVOQE/results/errors/server/local/quant_master_server/temp/1337/quic_server_test_double_tp_error0.iev,0.0,1.0
645,quant,server,quic_server_test_ext_min_ack_delay0,,"ivy_return_code(1)+assumption_failed(""/usr/local/lib/python2.7/dist-packages/ivy/include/1.7/quic_frame.ivy: line 1494"")",/home/chris/Toward-verification-of-QUIC-extensions/installer/TVOQE/results/errors/server/local/quant_master_server/temp/1753/quic_server_test_ext_min_ack_delay0.iev,0.0,0.0
646,quant,server,quic_server_test_reset_stream0,,"ivy_return_code(1)+assumption_failed(""quic_server_test.ivy: line 182"")",/home/chris/Toward-verification-of-QUIC-extensions/installer/TVOQE/results/errors/server/local/quant_master_server/temp/988/quic_server_test_reset_stream0.iev,0.0,0.0
647,quant,server,quic_server_test_ext_min_ack_delay0,,"ivy_return_code(1)+assumption_failed(""/usr/local/lib/python2.7/dist-packages/ivy/include/1.7/quic_frame.ivy: line 1494"")",/home/chris/Toward-verification-of-QUIC-extensions/installer/TVOQE/results/errors/server/local/quant_master_server/temp/1771/quic_server_test_ext_min_ack_delay0.iev,0.0,0.0
648,quant,server,quic_server_test_ext_min_ack_delay0,,"ivy_return_code(1)+assumption_failed(""/usr/local/lib/python2.7/dist-packages/ivy/include/1.7/quic_frame.ivy: line 1494"")",/home/chris/Toward-verification-of-QUIC-extensions/installer/TVOQE/results/errors/server/local/quant_master_server/temp/1714/quic_server_test_ext_min_ack_delay0.iev,0.0,0.0
649,quant,server,quic_server_test_handshake_done_error0,,"ivy_return_code(1)+assumption_failed(""quic_server_test_handshake_done_error.ivy: line 325"")",/home/chris/Toward-verification-of-QUIC-extensions/installer/TVOQE/results/errors/server/local/quant_master_server/temp/1112/quic_server_test_handshake_done_error0.iev,0.0,0.0
650,quant,server,quic_server_test_double_tp_error0,,,/home/chris/Toward-verification-of-QUIC-extensions/installer/TVOQE/results/errors/server/local/quant_master_server/temp/1318/quic_server_test_double_tp_error0.iev,0.0,1.0
651,quant,server,quic_server_test_tp_limit_acticoid_error0,,server_return_code(-6)+ivy_return_code(1),/home/chris/Toward-verification-of-QUIC-extensions/installer/TVOQE/results/errors/server/local/quant_master_server/temp/1477/quic_server_test_tp_limit_acticoid_error0.iev,0.0,0.0
652,quant,server,quic_server_test_no_icid0,,,/home/chris/Toward-verification-of-QUIC-extensions/installer/TVOQE/results/errors/server/local/quant_master_server/temp/1694/quic_server_test_no_icid0.iev,0.0,1.0
653,quant,server,quic_server_test_stream0,,"ivy_return_code(1)+assumption_failed(""/usr/local/lib/python2.7/dist-packages/ivy/include/1.7/quic_frame.ivy: line 1494"")",/home/chris/Toward-verification-of-QUIC-extensions/installer/TVOQE/results/errors/server/local/quant_master_server/temp/58/quic_server_test_stream0.iev,0.0,0.0
654,quant,server,quic_server_test_ext_min_ack_delay0,,"ivy_return_code(1)+assumption_failed(""/usr/local/lib/python2.7/dist-packages/ivy/include/1.7/quic_frame.ivy: line 1494"")",/home/chris/Toward-verification-of-QUIC-extensions/installer/TVOQE/results/errors/server/local/quant_master_server/temp/1776/quic_server_test_ext_min_ack_delay0.iev,0.0,0.0
655,quant,server,quic_server_test_tp_limit_acticoid_error0,,server_return_code(-6)+ivy_return_code(1),/home/chris/Toward-verification-of-QUIC-extensions/installer/TVOQE/results/errors/server/local/quant_master_server/temp/1434/quic_server_test_tp_limit_acticoid_error0.iev,0.0,0.0
656,quant,server,quic_server_test_ext_min_ack_delay0,,"ivy_return_code(1)+assumption_failed(""/usr/local/lib/python2.7/dist-packages/ivy/include/1.7/quic_frame.ivy: line 1494"")",/home/chris/Toward-verification-of-QUIC-extensions/installer/TVOQE/results/errors/server/local/quant_master_server/temp/1716/quic_server_test_ext_min_ack_delay0.iev,0.0,0.0
657,quant,server,quic_server_test_newconnectionid_error0,,server_return_code(-6)+ivy_return_code(1),/home/chris/Toward-verification-of-QUIC-extensions/installer/TVOQE/results/errors/server/local/quant_master_server/temp/1048/quic_server_test_newconnectionid_error0.iev,0.0,0.0
658,quant,server,quic_server_test_reset_stream0,,"ivy_return_code(1)+assumption_failed(""quic_server_test.ivy: line 182"")",/home/chris/Toward-verification-of-QUIC-extensions/installer/TVOQE/results/errors/server/local/quant_master_server/temp/904/quic_server_test_reset_stream0.iev,0.0,0.0
659,quant,server,quic_server_test_newconnectionid_error0,,server_return_code(-6)+ivy_return_code(1),/home/chris/Toward-verification-of-QUIC-extensions/installer/TVOQE/results/errors/server/local/quant_master_server/temp/1081/quic_server_test_newconnectionid_error0.iev,0.0,0.0
660,quant,server,quic_server_test_tp_limit_newcoid0,,"ivy_return_code(1)+assumption_failed(""/usr/local/lib/python2.7/dist-packages/ivy/include/1.7/quic_frame.ivy: line 1494"")",/home/chris/Toward-verification-of-QUIC-extensions/installer/TVOQE/results/errors/server/local/quant_master_server/temp/347/quic_server_test_tp_limit_newcoid0.iev,0.0,0.0
661,quant,server,quic_server_test_newconnectionid_error0,,"ivy_return_code(1)+assumption_failed(""/usr/local/lib/python2.7/dist-packages/ivy/include/1.7/quic_frame.ivy: line 1494"")",/home/chris/Toward-verification-of-QUIC-extensions/installer/TVOQE/results/errors/server/local/quant_master_server/temp/1077/quic_server_test_newconnectionid_error0.iev,0.0,0.0
662,quant,server,quic_server_test_tp_limit_newcoid0,,"ivy_return_code(1)+assumption_failed(""/usr/local/lib/python2.7/dist-packages/ivy/include/1.7/quic_frame.ivy: line 1494"")",/home/chris/Toward-verification-of-QUIC-extensions/installer/TVOQE/results/errors/server/local/quant_master_server/temp/377/quic_server_test_tp_limit_newcoid0.iev,0.0,0.0
663,quant,server,quic_server_test_tp_limit_acticoid_error0,,server_return_code(-6)+ivy_return_code(1),/home/chris/Toward-verification-of-QUIC-extensions/installer/TVOQE/results/errors/server/local/quant_master_server/temp/1458/quic_server_test_tp_limit_acticoid_error0.iev,0.0,0.0
664,quant,server,quic_server_test_handshake_done_error0,,"ivy_return_code(1)+assumption_failed(""quic_server_test_handshake_done_error.ivy: line 325"")",/home/chris/Toward-verification-of-QUIC-extensions/installer/TVOQE/results/errors/server/local/quant_master_server/temp/1155/quic_server_test_handshake_done_error0.iev,0.0,0.0
665,quant,server,quic_server_test_tp_limit_newcoid0,,"ivy_return_code(1)+assumption_failed(""/usr/local/lib/python2.7/dist-packages/ivy/include/1.7/quic_frame.ivy: line 1494"")",/home/chris/Toward-verification-of-QUIC-extensions/installer/TVOQE/results/errors/server/local/quant_master_server/temp/395/quic_server_test_tp_limit_newcoid0.iev,0.0,0.0
666,quant,server,quic_server_test_no_icid0,,,/home/chris/Toward-verification-of-QUIC-extensions/installer/TVOQE/results/errors/server/local/quant_master_server/temp/1686/quic_server_test_no_icid0.iev,0.0,1.0
667,quant,server,quic_server_test_token_error0,,,/home/chris/Toward-verification-of-QUIC-extensions/installer/TVOQE/results/errors/server/local/quant_master_server/temp/501/quic_server_test_token_error0.iev,0.0,1.0
668,quant,server,quic_server_test_blocked_streams_maxstream_error0,,"ivy_return_code(1)+assumption_failed(""/usr/local/lib/python2.7/dist-packages/ivy/include/1.7/quic_frame.ivy: line 1494"")",/home/chris/Toward-verification-of-QUIC-extensions/installer/TVOQE/results/errors/server/local/quant_master_server/temp/266/quic_server_test_blocked_streams_maxstream_error0.iev,0.0,0.0
669,quant,server,quic_server_test_tp_limit_acticoid_error0,,server_return_code(-6)+ivy_return_code(1),/home/chris/Toward-verification-of-QUIC-extensions/installer/TVOQE/results/errors/server/local/quant_master_server/temp/1432/quic_server_test_tp_limit_acticoid_error0.iev,0.0,0.0
670,quant,server,quic_server_test_tp_error0,,,/home/chris/Toward-verification-of-QUIC-extensions/installer/TVOQE/results/errors/server/local/quant_master_server/temp/672/quic_server_test_tp_error0.iev,0.0,1.0
671,quant,server,quic_server_test_stream0,,"ivy_return_code(1)+assumption_failed(""/usr/local/lib/python2.7/dist-packages/ivy/include/1.7/quic_frame.ivy: line 1494"")",/home/chris/Toward-verification-of-QUIC-extensions/installer/TVOQE/results/errors/server/local/quant_master_server/temp/21/quic_server_test_stream0.iev,0.0,0.0
672,quant,server,quic_server_test_stop_sending0,,"ivy_return_code(1)+assumption_failed(""/usr/local/lib/python2.7/dist-packages/ivy/include/1.7/quic_frame.ivy: line 1494"")",/home/chris/Toward-verification-of-QUIC-extensions/installer/TVOQE/results/errors/server/local/quant_master_server/temp/1259/quic_server_test_stop_sending0.iev,0.0,0.0
673,quant,server,quic_server_test_tp_acticoid_error0,,,/home/chris/Toward-verification-of-QUIC-extensions/installer/TVOQE/results/errors/server/local/quant_master_server/temp/780/quic_server_test_tp_acticoid_error0.iev,0.0,1.0
674,quant,server,quic_server_test_tp_error0,,,/home/chris/Toward-verification-of-QUIC-extensions/installer/TVOQE/results/errors/server/local/quant_master_server/temp/616/quic_server_test_tp_error0.iev,0.0,1.0
675,quant,server,quic_server_test_newconnectionid_error0,,server_return_code(-6)+ivy_return_code(1),/home/chris/Toward-verification-of-QUIC-extensions/installer/TVOQE/results/errors/server/local/quant_master_server/temp/1083/quic_server_test_newconnectionid_error0.iev,0.0,0.0
676,quant,server,quic_server_test_tp_acticoid_error0,,,/home/chris/Toward-verification-of-QUIC-extensions/installer/TVOQE/results/errors/server/local/quant_master_server/temp/790/quic_server_test_tp_acticoid_error0.iev,0.0,1.0
677,quant,server,quic_server_test_handshake_done_error0,,"ivy_return_code(1)+assumption_failed(""quic_server_test_handshake_done_error.ivy: line 325"")",/home/chris/Toward-verification-of-QUIC-extensions/installer/TVOQE/results/errors/server/local/quant_master_server/temp/1170/quic_server_test_handshake_done_error0.iev,0.0,0.0
678,quant,server,quic_server_test_unkown0,,"ivy_return_code(1)+assumption_failed(""quic_server_test_unkown.ivy: line 571"")",/home/chris/Toward-verification-of-QUIC-extensions/installer/TVOQE/results/errors/server/local/quant_master_server/temp/160/quic_server_test_unkown0.iev,0.0,0.0
679,quant,server,quic_server_test_tp_error0,,,/home/chris/Toward-verification-of-QUIC-extensions/installer/TVOQE/results/errors/server/local/quant_master_server/temp/662/quic_server_test_tp_error0.iev,0.0,1.0
680,quant,server,quic_server_test_blocked_streams_maxstream_error0,,"ivy_return_code(1)+assumption_failed(""quic_server_test_blocked_streams_maxstream_error.ivy: line 534"")",/home/chris/Toward-verification-of-QUIC-extensions/installer/TVOQE/results/errors/server/local/quant_master_server/temp/210/quic_server_test_blocked_streams_maxstream_error0.iev,0.0,0.0
681,quant,server,quic_server_test_double_tp_error0,,,/home/chris/Toward-verification-of-QUIC-extensions/installer/TVOQE/results/errors/server/local/quant_master_server/temp/1324/quic_server_test_double_tp_error0.iev,0.0,1.0
682,quant,server,quic_server_test_tp_error0,,,/home/chris/Toward-verification-of-QUIC-extensions/installer/TVOQE/results/errors/server/local/quant_master_server/temp/649/quic_server_test_tp_error0.iev,0.0,1.0
683,quant,server,quic_server_test_token_error0,,,/home/chris/Toward-verification-of-QUIC-extensions/installer/TVOQE/results/errors/server/local/quant_master_server/temp/568/quic_server_test_token_error0.iev,0.0,1.0
684,quant,server,quic_server_test_max0,,"ivy_return_code(1)+assumption_failed(""/usr/local/lib/python2.7/dist-packages/ivy/include/1.7/quic_frame.ivy: line 1494"")",/home/chris/Toward-verification-of-QUIC-extensions/installer/TVOQE/results/errors/server/local/quant_master_server/temp/461/quic_server_test_max0.iev,0.0,0.0
685,quant,server,quic_server_test_handshake_done_error0,,"ivy_return_code(1)+assumption_failed(""quic_server_test_handshake_done_error.ivy: line 325"")",/home/chris/Toward-verification-of-QUIC-extensions/installer/TVOQE/results/errors/server/local/quant_master_server/temp/1146/quic_server_test_handshake_done_error0.iev,0.0,0.0
686,quant,server,quic_server_test_stream0,,"ivy_return_code(1)+assumption_failed(""/usr/local/lib/python2.7/dist-packages/ivy/include/1.7/quic_frame.ivy: line 1494"")",/home/chris/Toward-verification-of-QUIC-extensions/installer/TVOQE/results/errors/server/local/quant_master_server/temp/87/quic_server_test_stream0.iev,0.0,0.0
687,quant,server,quic_server_test_accept_maxdata0,,,/home/chris/Toward-verification-of-QUIC-extensions/installer/TVOQE/results/errors/server/local/quant_master_server/temp/1590/quic_server_test_accept_maxdata0.iev,0.0,1.0
688,quant,server,quic_server_test_handshake_done_error0,,"ivy_return_code(1)+assumption_failed(""quic_server_test_handshake_done_error.ivy: line 325"")",/home/chris/Toward-verification-of-QUIC-extensions/installer/TVOQE/results/errors/server/local/quant_master_server/temp/1195/quic_server_test_handshake_done_error0.iev,0.0,0.0
689,quant,server,quic_server_test_stop_sending0,,"ivy_return_code(1)+assumption_failed(""/usr/local/lib/python2.7/dist-packages/ivy/include/1.7/quic_frame.ivy: line 1494"")",/home/chris/Toward-verification-of-QUIC-extensions/installer/TVOQE/results/errors/server/local/quant_master_server/temp/1216/quic_server_test_stop_sending0.iev,0.0,0.0
690,quant,server,quic_server_test_accept_maxdata0,,"ivy_return_code(1)+assumption_failed(""/usr/local/lib/python2.7/dist-packages/ivy/include/1.7/quic_frame.ivy: line 1494"")",/home/chris/Toward-verification-of-QUIC-extensions/installer/TVOQE/results/errors/server/local/quant_master_server/temp/1547/quic_server_test_accept_maxdata0.iev,0.0,0.0
691,quant,server,quic_server_test_newconnectionid_error0,,server_return_code(-6)+ivy_return_code(1),/home/chris/Toward-verification-of-QUIC-extensions/installer/TVOQE/results/errors/server/local/quant_master_server/temp/1016/quic_server_test_newconnectionid_error0.iev,0.0,0.0
692,quant,server,quic_server_test_max0,,"ivy_return_code(1)+assumption_failed(""/usr/local/lib/python2.7/dist-packages/ivy/include/1.7/quic_frame.ivy: line 1494"")",/home/chris/Toward-verification-of-QUIC-extensions/installer/TVOQE/results/errors/server/local/quant_master_server/temp/479/quic_server_test_max0.iev,0.0,0.0
693,quant,server,quic_server_test_max0,,"ivy_return_code(1)+assumption_failed(""/usr/local/lib/python2.7/dist-packages/ivy/include/1.7/quic_frame.ivy: line 1494"")",/home/chris/Toward-verification-of-QUIC-extensions/installer/TVOQE/results/errors/server/local/quant_master_server/temp/482/quic_server_test_max0.iev,0.0,0.0
694,quant,server,quic_server_test_tp_acticoid_error0,,,/home/chris/Toward-verification-of-QUIC-extensions/installer/TVOQE/results/errors/server/local/quant_master_server/temp/725/quic_server_test_tp_acticoid_error0.iev,0.0,1.0
695,quant,server,quic_server_test_stop_sending0,,"ivy_return_code(1)+assumption_failed(""/usr/local/lib/python2.7/dist-packages/ivy/include/1.7/quic_frame.ivy: line 1494"")",/home/chris/Toward-verification-of-QUIC-extensions/installer/TVOQE/results/errors/server/local/quant_master_server/temp/1272/quic_server_test_stop_sending0.iev,0.0,0.0
696,quant,server,quic_server_test_token_error0,,,/home/chris/Toward-verification-of-QUIC-extensions/installer/TVOQE/results/errors/server/local/quant_master_server/temp/503/quic_server_test_token_error0.iev,0.0,1.0
697,quant,server,quic_server_test_blocked_streams_maxstream_error0,,"ivy_return_code(1)+assumption_failed(""/usr/local/lib/python2.7/dist-packages/ivy/include/1.7/quic_frame.ivy: line 1494"")",/home/chris/Toward-verification-of-QUIC-extensions/installer/TVOQE/results/errors/server/local/quant_master_server/temp/214/quic_server_test_blocked_streams_maxstream_error0.iev,0.0,0.0
698,quant,server,quic_server_test_double_tp_error0,,,/home/chris/Toward-verification-of-QUIC-extensions/installer/TVOQE/results/errors/server/local/quant_master_server/temp/1356/quic_server_test_double_tp_error0.iev,0.0,1.0
699,quant,server,quic_server_test_tp_limit_newcoid0,,"ivy_return_code(1)+assumption_failed(""/usr/local/lib/python2.7/dist-packages/ivy/include/1.7/quic_frame.ivy: line 1494"")",/home/chris/Toward-verification-of-QUIC-extensions/installer/TVOQE/results/errors/server/local/quant_master_server/temp/304/quic_server_test_tp_limit_newcoid0.iev,0.0,0.0
700,quant,server,quic_server_test_double_tp_error0,,,/home/chris/Toward-verification-of-QUIC-extensions/installer/TVOQE/results/errors/server/local/quant_master_server/temp/1376/quic_server_test_double_tp_error0.iev,0.0,1.0
701,quant,server,quic_server_test_blocked_streams_maxstream_error0,,"ivy_return_code(1)+assumption_failed(""/usr/local/lib/python2.7/dist-packages/ivy/include/1.7/quic_frame.ivy: line 1494"")",/home/chris/Toward-verification-of-QUIC-extensions/installer/TVOQE/results/errors/server/local/quant_master_server/temp/280/quic_server_test_blocked_streams_maxstream_error0.iev,0.0,0.0
702,quant,server,quic_server_test_token_error0,,,/home/chris/Toward-verification-of-QUIC-extensions/installer/TVOQE/results/errors/server/local/quant_master_server/temp/560/quic_server_test_token_error0.iev,0.0,1.0
703,quant,server,quic_server_test_unkown0,,"ivy_return_code(1)+assumption_failed(""quic_server_test_unkown.ivy: line 571"")",/home/chris/Toward-verification-of-QUIC-extensions/installer/TVOQE/results/errors/server/local/quant_master_server/temp/129/quic_server_test_unkown0.iev,0.0,0.0
704,quant,server,quic_server_test_stop_sending0,,"ivy_return_code(1)+assumption_failed(""/usr/local/lib/python2.7/dist-packages/ivy/include/1.7/quic_frame.ivy: line 1494"")",/home/chris/Toward-verification-of-QUIC-extensions/installer/TVOQE/results/errors/server/local/quant_master_server/temp/1277/quic_server_test_stop_sending0.iev,0.0,0.0
705,quant,server,quic_server_test_stream0,,"ivy_return_code(1)+assumption_failed(""/usr/local/lib/python2.7/dist-packages/ivy/include/1.7/quic_frame.ivy: line 1494"")",/home/chris/Toward-verification-of-QUIC-extensions/installer/TVOQE/results/errors/server/local/quant_master_server/temp/68/quic_server_test_stream0.iev,0.0,0.0
706,quant,server,quic_server_test_tp_limit_newcoid0,,"ivy_return_code(1)+assumption_failed(""/usr/local/lib/python2.7/dist-packages/ivy/include/1.7/quic_frame.ivy: line 1494"")",/home/chris/Toward-verification-of-QUIC-extensions/installer/TVOQE/results/errors/server/local/quant_master_server/temp/327/quic_server_test_tp_limit_newcoid0.iev,0.0,0.0
707,quant,server,quic_server_test_blocked_streams_maxstream_error0,,"ivy_return_code(1)+assumption_failed(""quic_server_test_blocked_streams_maxstream_error.ivy: line 534"")",/home/chris/Toward-verification-of-QUIC-extensions/installer/TVOQE/results/errors/server/local/quant_master_server/temp/222/quic_server_test_blocked_streams_maxstream_error0.iev,0.0,0.0
708,quant,server,quic_server_test_no_icid0,,,/home/chris/Toward-verification-of-QUIC-extensions/installer/TVOQE/results/errors/server/local/quant_master_server/temp/1671/quic_server_test_no_icid0.iev,0.0,1.0
709,quant,server,quic_server_test_accept_maxdata0,,"ivy_return_code(1)+assumption_failed(""/usr/local/lib/python2.7/dist-packages/ivy/include/1.7/quic_frame.ivy: line 1494"")",/home/chris/Toward-verification-of-QUIC-extensions/installer/TVOQE/results/errors/server/local/quant_master_server/temp/1525/quic_server_test_accept_maxdata0.iev,0.0,0.0
710,quant,server,quic_server_test_stop_sending0,,"ivy_return_code(1)+assumption_failed(""/usr/local/lib/python2.7/dist-packages/ivy/include/1.7/quic_frame.ivy: line 1494"")",/home/chris/Toward-verification-of-QUIC-extensions/installer/TVOQE/results/errors/server/local/quant_master_server/temp/1232/quic_server_test_stop_sending0.iev,0.0,0.0
711,quant,server,quic_server_test_accept_maxdata0,,,/home/chris/Toward-verification-of-QUIC-extensions/installer/TVOQE/results/errors/server/local/quant_master_server/temp/1503/quic_server_test_accept_maxdata0.iev,0.0,1.0
712,quant,server,quic_server_test_max0,,"ivy_return_code(1)+assumption_failed(""/usr/local/lib/python2.7/dist-packages/ivy/include/1.7/quic_frame.ivy: line 1494"")",/home/chris/Toward-verification-of-QUIC-extensions/installer/TVOQE/results/errors/server/local/quant_master_server/temp/471/quic_server_test_max0.iev,0.0,0.0
713,quant,server,quic_server_test_handshake_done_error0,,"ivy_return_code(1)+assumption_failed(""quic_server_test_handshake_done_error.ivy: line 325"")",/home/chris/Toward-verification-of-QUIC-extensions/installer/TVOQE/results/errors/server/local/quant_master_server/temp/1192/quic_server_test_handshake_done_error0.iev,0.0,0.0
714,quant,server,quic_server_test_max0,,,/home/chris/Toward-verification-of-QUIC-extensions/installer/TVOQE/results/errors/server/local/quant_master_server/temp/475/quic_server_test_max0.iev,0.0,1.0
715,quant,server,quic_server_test_stop_sending0,,"ivy_return_code(1)+assumption_failed(""/usr/local/lib/python2.7/dist-packages/ivy/include/1.7/quic_frame.ivy: line 1494"")",/home/chris/Toward-verification-of-QUIC-extensions/installer/TVOQE/results/errors/server/local/quant_master_server/temp/1297/quic_server_test_stop_sending0.iev,0.0,0.0
716,quant,server,quic_server_test_newconnectionid_error0,,server_return_code(-6)+ivy_return_code(1),/home/chris/Toward-verification-of-QUIC-extensions/installer/TVOQE/results/errors/server/local/quant_master_server/temp/1005/quic_server_test_newconnectionid_error0.iev,0.0,0.0
717,quant,server,quic_server_test_double_tp_error0,,,/home/chris/Toward-verification-of-QUIC-extensions/installer/TVOQE/results/errors/server/local/quant_master_server/temp/1311/quic_server_test_double_tp_error0.iev,0.0,1.0
718,quant,server,quic_server_test_unkown0,,"ivy_return_code(1)+assumption_failed(""quic_server_test_unkown.ivy: line 571"")",/home/chris/Toward-verification-of-QUIC-extensions/installer/TVOQE/results/errors/server/local/quant_master_server/temp/195/quic_server_test_unkown0.iev,0.0,0.0
719,quant,server,quic_server_test_blocked_streams_maxstream_error0,,"ivy_return_code(1)+assumption_failed(""/usr/local/lib/python2.7/dist-packages/ivy/include/1.7/quic_frame.ivy: line 1494"")",/home/chris/Toward-verification-of-QUIC-extensions/installer/TVOQE/results/errors/server/local/quant_master_server/temp/219/quic_server_test_blocked_streams_maxstream_error0.iev,0.0,0.0
720,quant,server,quic_server_test_connection_close0,,,/home/chris/Toward-verification-of-QUIC-extensions/installer/TVOQE/results/errors/server/local/quant_master_server/temp/843/quic_server_test_connection_close0.iev,0.0,1.0
721,quant,server,quic_server_test_tp_limit_acticoid_error0,,,/home/chris/Toward-verification-of-QUIC-extensions/installer/TVOQE/results/errors/server/local/quant_master_server/temp/1481/quic_server_test_tp_limit_acticoid_error0.iev,0.0,1.0
722,quant,server,quic_server_test_reset_stream0,,"ivy_return_code(1)+assumption_failed(""/usr/local/lib/python2.7/dist-packages/ivy/include/1.7/quic_frame.ivy: line 1494"")",/home/chris/Toward-verification-of-QUIC-extensions/installer/TVOQE/results/errors/server/local/quant_master_server/temp/970/quic_server_test_reset_stream0.iev,0.0,0.0
723,quant,server,quic_server_test_tp_limit_acticoid_error0,,server_return_code(-6)+ivy_return_code(1),/home/chris/Toward-verification-of-QUIC-extensions/installer/TVOQE/results/errors/server/local/quant_master_server/temp/1498/quic_server_test_tp_limit_acticoid_error0.iev,0.0,0.0
724,quant,server,quic_server_test_ext_min_ack_delay0,,"ivy_return_code(1)+assumption_failed(""/usr/local/lib/python2.7/dist-packages/ivy/include/1.7/quic_frame.ivy: line 1494"")",/home/chris/Toward-verification-of-QUIC-extensions/installer/TVOQE/results/errors/server/local/quant_master_server/temp/1788/quic_server_test_ext_min_ack_delay0.iev,0.0,0.0
725,quant,server,quic_server_test_stop_sending0,,"ivy_return_code(1)+assumption_failed(""/usr/local/lib/python2.7/dist-packages/ivy/include/1.7/quic_frame.ivy: line 1494"")",/home/chris/Toward-verification-of-QUIC-extensions/installer/TVOQE/results/errors/server/local/quant_master_server/temp/1209/quic_server_test_stop_sending0.iev,0.0,0.0
726,quant,server,quic_server_test_max0,,"ivy_return_code(1)+assumption_failed(""/usr/local/lib/python2.7/dist-packages/ivy/include/1.7/quic_frame.ivy: line 1494"")",/home/chris/Toward-verification-of-QUIC-extensions/installer/TVOQE/results/errors/server/local/quant_master_server/temp/494/quic_server_test_max0.iev,0.0,0.0
727,quant,server,quic_server_test_connection_close0,,,/home/chris/Toward-verification-of-QUIC-extensions/installer/TVOQE/results/errors/server/local/quant_master_server/temp/892/quic_server_test_connection_close0.iev,0.0,1.0
728,quant,server,quic_server_test_ext_min_ack_delay0,,"ivy_return_code(1)+assumption_failed(""/usr/local/lib/python2.7/dist-packages/ivy/include/1.7/quic_frame.ivy: line 1494"")",/home/chris/Toward-verification-of-QUIC-extensions/installer/TVOQE/results/errors/server/local/quant_master_server/temp/1723/quic_server_test_ext_min_ack_delay0.iev,0.0,0.0
729,quant,server,quic_server_test_tp_error0,,,/home/chris/Toward-verification-of-QUIC-extensions/installer/TVOQE/results/errors/server/local/quant_master_server/temp/617/quic_server_test_tp_error0.iev,0.0,1.0
730,quant,server,quic_server_test_ext_min_ack_delay0,,"ivy_return_code(1)+assumption_failed(""/usr/local/lib/python2.7/dist-packages/ivy/include/1.7/quic_frame.ivy: line 1494"")",/home/chris/Toward-verification-of-QUIC-extensions/installer/TVOQE/results/errors/server/local/quant_master_server/temp/1711/quic_server_test_ext_min_ack_delay0.iev,0.0,0.0
731,quant,server,quic_server_test_token_error0,,,/home/chris/Toward-verification-of-QUIC-extensions/installer/TVOQE/results/errors/server/local/quant_master_server/temp/553/quic_server_test_token_error0.iev,0.0,1.0
732,quant,server,quic_server_test_reset_stream0,,"ivy_return_code(1)+assumption_failed(""quic_server_test.ivy: line 182"")",/home/chris/Toward-verification-of-QUIC-extensions/installer/TVOQE/results/errors/server/local/quant_master_server/temp/968/quic_server_test_reset_stream0.iev,0.0,0.0
733,quant,server,quic_server_test_tp_limit_newcoid0,,"ivy_return_code(1)+assumption_failed(""/usr/local/lib/python2.7/dist-packages/ivy/include/1.7/quic_frame.ivy: line 1494"")",/home/chris/Toward-verification-of-QUIC-extensions/installer/TVOQE/results/errors/server/local/quant_master_server/temp/301/quic_server_test_tp_limit_newcoid0.iev,0.0,0.0
734,quant,server,quic_server_test_reset_stream0,,"ivy_return_code(1)+assumption_failed(""/usr/local/lib/python2.7/dist-packages/ivy/include/1.7/quic_frame.ivy: line 1494"")",/home/chris/Toward-verification-of-QUIC-extensions/installer/TVOQE/results/errors/server/local/quant_master_server/temp/912/quic_server_test_reset_stream0.iev,0.0,0.0
735,quant,server,quic_server_test_ext_min_ack_delay0,,"ivy_return_code(1)+assumption_failed(""/usr/local/lib/python2.7/dist-packages/ivy/include/1.7/quic_frame.ivy: line 1494"")",/home/chris/Toward-verification-of-QUIC-extensions/installer/TVOQE/results/errors/server/local/quant_master_server/temp/1757/quic_server_test_ext_min_ack_delay0.iev,0.0,0.0
736,quant,server,quic_server_test_max0,,"ivy_return_code(1)+assumption_failed(""/usr/local/lib/python2.7/dist-packages/ivy/include/1.7/quic_frame.ivy: line 1494"")",/home/chris/Toward-verification-of-QUIC-extensions/installer/TVOQE/results/errors/server/local/quant_master_server/temp/422/quic_server_test_max0.iev,0.0,0.0
737,quant,server,quic_server_test_tp_error0,,,/home/chris/Toward-verification-of-QUIC-extensions/installer/TVOQE/results/errors/server/local/quant_master_server/temp/658/quic_server_test_tp_error0.iev,0.0,1.0
738,quant,server,quic_server_test_token_error0,,,/home/chris/Toward-verification-of-QUIC-extensions/installer/TVOQE/results/errors/server/local/quant_master_server/temp/597/quic_server_test_token_error0.iev,0.0,1.0
739,quant,server,quic_server_test_connection_close0,,,/home/chris/Toward-verification-of-QUIC-extensions/installer/TVOQE/results/errors/server/local/quant_master_server/temp/853/quic_server_test_connection_close0.iev,0.0,1.0
740,quant,server,quic_server_test_no_icid0,,,/home/chris/Toward-verification-of-QUIC-extensions/installer/TVOQE/results/errors/server/local/quant_master_server/temp/1607/quic_server_test_no_icid0.iev,0.0,1.0
741,quant,server,quic_server_test_accept_maxdata0,,"ivy_return_code(1)+assumption_failed(""/usr/local/lib/python2.7/dist-packages/ivy/include/1.7/quic_frame.ivy: line 1494"")",/home/chris/Toward-verification-of-QUIC-extensions/installer/TVOQE/results/errors/server/local/quant_master_server/temp/1564/quic_server_test_accept_maxdata0.iev,0.0,0.0
742,quant,server,quic_server_test_stream0,,"ivy_return_code(1)+assumption_failed(""/usr/local/lib/python2.7/dist-packages/ivy/include/1.7/quic_frame.ivy: line 1494"")",/home/chris/Toward-verification-of-QUIC-extensions/installer/TVOQE/results/errors/server/local/quant_master_server/temp/4/quic_server_test_stream0.iev,0.0,0.0
743,quant,server,quic_server_test_blocked_streams_maxstream_error0,,"ivy_return_code(1)+assumption_failed(""quic_server_test_blocked_streams_maxstream_error.ivy: line 534"")",/home/chris/Toward-verification-of-QUIC-extensions/installer/TVOQE/results/errors/server/local/quant_master_server/temp/295/quic_server_test_blocked_streams_maxstream_error0.iev,0.0,0.0
744,quant,server,quic_server_test_tp_acticoid_error0,,,/home/chris/Toward-verification-of-QUIC-extensions/installer/TVOQE/results/errors/server/local/quant_master_server/temp/758/quic_server_test_tp_acticoid_error0.iev,0.0,1.0
745,quant,server,quic_server_test_tp_error0,,,/home/chris/Toward-verification-of-QUIC-extensions/installer/TVOQE/results/errors/server/local/quant_master_server/temp/604/quic_server_test_tp_error0.iev,0.0,1.0
746,quant,server,quic_server_test_tp_acticoid_error0,,,/home/chris/Toward-verification-of-QUIC-extensions/installer/TVOQE/results/errors/server/local/quant_master_server/temp/737/quic_server_test_tp_acticoid_error0.iev,0.0,1.0
747,quant,server,quic_server_test_unkown0,,ivy_return_code(134)+ivy_binary_deser_128 getn deser_err,/home/chris/Toward-verification-of-QUIC-extensions/installer/TVOQE/results/errors/server/local/quant_master_server/temp/137/quic_server_test_unkown0.iev,0.0,0.0
748,quant,server,quic_server_test_blocked_streams_maxstream_error0,,"ivy_return_code(1)+assumption_failed(""/usr/local/lib/python2.7/dist-packages/ivy/include/1.7/quic_frame.ivy: line 1494"")",/home/chris/Toward-verification-of-QUIC-extensions/installer/TVOQE/results/errors/server/local/quant_master_server/temp/235/quic_server_test_blocked_streams_maxstream_error0.iev,0.0,0.0
749,quant,server,quic_server_test_blocked_streams_maxstream_error0,,"ivy_return_code(1)+assumption_failed(""/usr/local/lib/python2.7/dist-packages/ivy/include/1.7/quic_frame.ivy: line 1494"")",/home/chris/Toward-verification-of-QUIC-extensions/installer/TVOQE/results/errors/server/local/quant_master_server/temp/216/quic_server_test_blocked_streams_maxstream_error0.iev,0.0,0.0
750,quant,server,quic_server_test_ext_min_ack_delay0,,"ivy_return_code(1)+assumption_failed(""/usr/local/lib/python2.7/dist-packages/ivy/include/1.7/quic_frame.ivy: line 1494"")",/home/chris/Toward-verification-of-QUIC-extensions/installer/TVOQE/results/errors/server/local/quant_master_server/temp/1717/quic_server_test_ext_min_ack_delay0.iev,0.0,0.0
751,quant,server,quic_server_test_tp_limit_acticoid_error0,,server_return_code(-6)+ivy_return_code(1),/home/chris/Toward-verification-of-QUIC-extensions/installer/TVOQE/results/errors/server/local/quant_master_server/temp/1486/quic_server_test_tp_limit_acticoid_error0.iev,0.0,0.0
752,quant,server,quic_server_test_tp_limit_newcoid0,,"ivy_return_code(1)+assumption_failed(""/usr/local/lib/python2.7/dist-packages/ivy/include/1.7/quic_frame.ivy: line 1494"")",/home/chris/Toward-verification-of-QUIC-extensions/installer/TVOQE/results/errors/server/local/quant_master_server/temp/370/quic_server_test_tp_limit_newcoid0.iev,0.0,0.0
753,quant,server,quic_server_test_tp_limit_newcoid0,,"ivy_return_code(1)+assumption_failed(""/usr/local/lib/python2.7/dist-packages/ivy/include/1.7/quic_frame.ivy: line 1494"")",/home/chris/Toward-verification-of-QUIC-extensions/installer/TVOQE/results/errors/server/local/quant_master_server/temp/302/quic_server_test_tp_limit_newcoid0.iev,0.0,0.0
754,quant,server,quic_server_test_double_tp_error0,,,/home/chris/Toward-verification-of-QUIC-extensions/installer/TVOQE/results/errors/server/local/quant_master_server/temp/1375/quic_server_test_double_tp_error0.iev,0.0,1.0
755,quant,server,quic_server_test_blocked_streams_maxstream_error0,,"ivy_return_code(1)+assumption_failed(""quic_server_test_blocked_streams_maxstream_error.ivy: line 534"")",/home/chris/Toward-verification-of-QUIC-extensions/installer/TVOQE/results/errors/server/local/quant_master_server/temp/230/quic_server_test_blocked_streams_maxstream_error0.iev,0.0,0.0
756,quant,server,quic_server_test_accept_maxdata0,,"ivy_return_code(1)+assumption_failed(""/usr/local/lib/python2.7/dist-packages/ivy/include/1.7/quic_frame.ivy: line 1494"")",/home/chris/Toward-verification-of-QUIC-extensions/installer/TVOQE/results/errors/server/local/quant_master_server/temp/1506/quic_server_test_accept_maxdata0.iev,0.0,0.0
757,quant,server,quic_server_test_accept_maxdata0,,"ivy_return_code(1)+assumption_failed(""/usr/local/lib/python2.7/dist-packages/ivy/include/1.7/quic_frame.ivy: line 1494"")",/home/chris/Toward-verification-of-QUIC-extensions/installer/TVOQE/results/errors/server/local/quant_master_server/temp/1520/quic_server_test_accept_maxdata0.iev,0.0,0.0
758,quant,server,quic_server_test_stream0,,"ivy_return_code(1)+assumption_failed(""/usr/local/lib/python2.7/dist-packages/ivy/include/1.7/quic_frame.ivy: line 1494"")",/home/chris/Toward-verification-of-QUIC-extensions/installer/TVOQE/results/errors/server/local/quant_master_server/temp/62/quic_server_test_stream0.iev,0.0,0.0
759,quant,server,quic_server_test_reset_stream0,,"ivy_return_code(1)+assumption_failed(""quic_server_test.ivy: line 182"")",/home/chris/Toward-verification-of-QUIC-extensions/installer/TVOQE/results/errors/server/local/quant_master_server/temp/995/quic_server_test_reset_stream0.iev,0.0,0.0
760,quant,server,quic_server_test_reset_stream0,,"ivy_return_code(1)+assumption_failed(""quic_server_test.ivy: line 182"")",/home/chris/Toward-verification-of-QUIC-extensions/installer/TVOQE/results/errors/server/local/quant_master_server/temp/954/quic_server_test_reset_stream0.iev,0.0,0.0
761,quant,server,quic_server_test_no_icid0,,,/home/chris/Toward-verification-of-QUIC-extensions/installer/TVOQE/results/errors/server/local/quant_master_server/temp/1680/quic_server_test_no_icid0.iev,0.0,1.0
762,quant,server,quic_server_test_token_error0,,,/home/chris/Toward-verification-of-QUIC-extensions/installer/TVOQE/results/errors/server/local/quant_master_server/temp/574/quic_server_test_token_error0.iev,0.0,1.0
763,quant,server,quic_server_test_accept_maxdata0,,"ivy_return_code(1)+assumption_failed(""/usr/local/lib/python2.7/dist-packages/ivy/include/1.7/quic_frame.ivy: line 1494"")",/home/chris/Toward-verification-of-QUIC-extensions/installer/TVOQE/results/errors/server/local/quant_master_server/temp/1551/quic_server_test_accept_maxdata0.iev,0.0,0.0
764,quant,server,quic_server_test_reset_stream0,,"ivy_return_code(1)+assumption_failed(""quic_server_test.ivy: line 182"")",/home/chris/Toward-verification-of-QUIC-extensions/installer/TVOQE/results/errors/server/local/quant_master_server/temp/910/quic_server_test_reset_stream0.iev,0.0,0.0
765,quant,server,quic_server_test_tp_error0,,,/home/chris/Toward-verification-of-QUIC-extensions/installer/TVOQE/results/errors/server/local/quant_master_server/temp/667/quic_server_test_tp_error0.iev,0.0,1.0
766,quant,server,quic_server_test_newconnectionid_error0,,"ivy_return_code(1)+assumption_failed(""/usr/local/lib/python2.7/dist-packages/ivy/include/1.7/quic_frame.ivy: line 1494"")",/home/chris/Toward-verification-of-QUIC-extensions/installer/TVOQE/results/errors/server/local/quant_master_server/temp/1006/quic_server_test_newconnectionid_error0.iev,0.0,0.0
767,quant,server,quic_server_test_tp_limit_newcoid0,,"ivy_return_code(1)+assumption_failed(""/usr/local/lib/python2.7/dist-packages/ivy/include/1.7/quic_frame.ivy: line 1494"")",/home/chris/Toward-verification-of-QUIC-extensions/installer/TVOQE/results/errors/server/local/quant_master_server/temp/363/quic_server_test_tp_limit_newcoid0.iev,0.0,0.0
768,quant,server,quic_server_test_reset_stream0,,"ivy_return_code(1)+assumption_failed(""/usr/local/lib/python2.7/dist-packages/ivy/include/1.7/quic_frame.ivy: line 1494"")",/home/chris/Toward-verification-of-QUIC-extensions/installer/TVOQE/results/errors/server/local/quant_master_server/temp/945/quic_server_test_reset_stream0.iev,0.0,0.0
769,quant,server,quic_server_test_handshake_done_error0,,"ivy_return_code(1)+assumption_failed(""quic_server_test_handshake_done_error.ivy: line 186"")",/home/chris/Toward-verification-of-QUIC-extensions/installer/TVOQE/results/errors/server/local/quant_master_server/temp/1127/quic_server_test_handshake_done_error0.iev,0.0,0.0
770,quant,server,quic_server_test_blocked_streams_maxstream_error0,,"ivy_return_code(1)+assumption_failed(""quic_server_test_blocked_streams_maxstream_error.ivy: line 534"")",/home/chris/Toward-verification-of-QUIC-extensions/installer/TVOQE/results/errors/server/local/quant_master_server/temp/285/quic_server_test_blocked_streams_maxstream_error0.iev,0.0,0.0
771,quant,server,quic_server_test_unkown0,,"ivy_return_code(1)+assumption_failed(""quic_server_test_unkown.ivy: line 571"")",/home/chris/Toward-verification-of-QUIC-extensions/installer/TVOQE/results/errors/server/local/quant_master_server/temp/166/quic_server_test_unkown0.iev,0.0,0.0
772,quant,server,quic_server_test_handshake_done_error0,,"ivy_return_code(1)+assumption_failed(""quic_server_test_handshake_done_error.ivy: line 325"")",/home/chris/Toward-verification-of-QUIC-extensions/installer/TVOQE/results/errors/server/local/quant_master_server/temp/1148/quic_server_test_handshake_done_error0.iev,0.0,0.0
773,quant,server,quic_server_test_token_error0,,"timeout+> tls_recv_event({protocol:udp,addr:0,port:0x13b9},{protocol:udp,addr:0,port:0xb996},3333038114,1,handshake,0x525,0x598)",/home/chris/Toward-verification-of-QUIC-extensions/installer/TVOQE/results/errors/server/local/quant_master_server/temp/563/quic_server_test_token_error0.iev,0.0,0.0
774,quant,server,quic_server_test_connection_close0,,,/home/chris/Toward-verification-of-QUIC-extensions/installer/TVOQE/results/errors/server/local/quant_master_server/temp/854/quic_server_test_connection_close0.iev,0.0,1.0
775,quant,server,quic_server_test_ext_min_ack_delay0,,"ivy_return_code(1)+assumption_failed(""/usr/local/lib/python2.7/dist-packages/ivy/include/1.7/quic_frame.ivy: line 1494"")",/home/chris/Toward-verification-of-QUIC-extensions/installer/TVOQE/results/errors/server/local/quant_master_server/temp/1794/quic_server_test_ext_min_ack_delay0.iev,0.0,0.0
776,quant,server,quic_server_test_tp_error0,,,/home/chris/Toward-verification-of-QUIC-extensions/installer/TVOQE/results/errors/server/local/quant_master_server/temp/620/quic_server_test_tp_error0.iev,0.0,1.0
777,quant,server,quic_server_test_reset_stream0,,"ivy_return_code(1)+assumption_failed(""quic_server_test.ivy: line 182"")",/home/chris/Toward-verification-of-QUIC-extensions/installer/TVOQE/results/errors/server/local/quant_master_server/temp/951/quic_server_test_reset_stream0.iev,0.0,0.0
778,quant,server,quic_server_test_tp_error0,,,/home/chris/Toward-verification-of-QUIC-extensions/installer/TVOQE/results/errors/server/local/quant_master_server/temp/673/quic_server_test_tp_error0.iev,0.0,1.0
779,quant,server,quic_server_test_token_error0,,,/home/chris/Toward-verification-of-QUIC-extensions/installer/TVOQE/results/errors/server/local/quant_master_server/temp/598/quic_server_test_token_error0.iev,0.0,1.0
780,quant,server,quic_server_test_connection_close0,,,/home/chris/Toward-verification-of-QUIC-extensions/installer/TVOQE/results/errors/server/local/quant_master_server/temp/858/quic_server_test_connection_close0.iev,0.0,1.0
781,quant,server,quic_server_test_ext_min_ack_delay0,,"ivy_return_code(1)+assumption_failed(""/usr/local/lib/python2.7/dist-packages/ivy/include/1.7/quic_frame.ivy: line 1494"")",/home/chris/Toward-verification-of-QUIC-extensions/installer/TVOQE/results/errors/server/local/quant_master_server/temp/1756/quic_server_test_ext_min_ack_delay0.iev,0.0,0.0
782,quant,server,quic_server_test_no_icid0,,,/home/chris/Toward-verification-of-QUIC-extensions/installer/TVOQE/results/errors/server/local/quant_master_server/temp/1678/quic_server_test_no_icid0.iev,0.0,1.0
783,quant,server,quic_server_test_token_error0,,"timeout+> client_send_event({protocol:udp,addr:0x7f000001,port:0x137b},{protocol:udp,addr:0x7f000001,port:0x115b},2889933291,0x38,0x1)",/home/chris/Toward-verification-of-QUIC-extensions/installer/TVOQE/results/errors/server/local/quant_master_server/temp/538/quic_server_test_token_error0.iev,0.0,0.0
784,quant,server,quic_server_test_ext_min_ack_delay0,,"ivy_return_code(1)+assumption_failed(""/usr/local/lib/python2.7/dist-packages/ivy/include/1.7/quic_frame.ivy: line 1494"")",/home/chris/Toward-verification-of-QUIC-extensions/installer/TVOQE/results/errors/server/local/quant_master_server/temp/1772/quic_server_test_ext_min_ack_delay0.iev,0.0,0.0
785,quant,server,quic_server_test_tp_limit_acticoid_error0,,server_return_code(-6)+ivy_return_code(1),/home/chris/Toward-verification-of-QUIC-extensions/installer/TVOQE/results/errors/server/local/quant_master_server/temp/1470/quic_server_test_tp_limit_acticoid_error0.iev,0.0,0.0
786,quant,server,quic_server_test_tp_limit_acticoid_error0,,server_return_code(-6)+ivy_return_code(1),/home/chris/Toward-verification-of-QUIC-extensions/installer/TVOQE/results/errors/server/local/quant_master_server/temp/1456/quic_server_test_tp_limit_acticoid_error0.iev,0.0,0.0
787,quant,server,quic_server_test_tp_limit_newcoid0,,"ivy_return_code(1)+assumption_failed(""/usr/local/lib/python2.7/dist-packages/ivy/include/1.7/quic_frame.ivy: line 1494"")",/home/chris/Toward-verification-of-QUIC-extensions/installer/TVOQE/results/errors/server/local/quant_master_server/temp/359/quic_server_test_tp_limit_newcoid0.iev,0.0,0.0
788,quant,server,quic_server_test_tp_acticoid_error0,,,/home/chris/Toward-verification-of-QUIC-extensions/installer/TVOQE/results/errors/server/local/quant_master_server/temp/730/quic_server_test_tp_acticoid_error0.iev,0.0,1.0
789,quant,server,quic_server_test_reset_stream0,,"ivy_return_code(1)+assumption_failed(""quic_server_test.ivy: line 182"")",/home/chris/Toward-verification-of-QUIC-extensions/installer/TVOQE/results/errors/server/local/quant_master_server/temp/928/quic_server_test_reset_stream0.iev,0.0,0.0
790,quant,server,quic_server_test_no_icid0,,,/home/chris/Toward-verification-of-QUIC-extensions/installer/TVOQE/results/errors/server/local/quant_master_server/temp/1696/quic_server_test_no_icid0.iev,0.0,1.0
791,quant,server,quic_server_test_max0,,"ivy_return_code(1)+assumption_failed(""quic_server_test.ivy: line 182"")",/home/chris/Toward-verification-of-QUIC-extensions/installer/TVOQE/results/errors/server/local/quant_master_server/temp/460/quic_server_test_max0.iev,0.0,0.0
792,quant,server,quic_server_test_stream0,,"ivy_return_code(1)+assumption_failed(""/usr/local/lib/python2.7/dist-packages/ivy/include/1.7/quic_frame.ivy: line 1494"")",/home/chris/Toward-verification-of-QUIC-extensions/installer/TVOQE/results/errors/server/local/quant_master_server/temp/40/quic_server_test_stream0.iev,0.0,0.0
793,quant,server,quic_server_test_token_error0,,,/home/chris/Toward-verification-of-QUIC-extensions/installer/TVOQE/results/errors/server/local/quant_master_server/temp/533/quic_server_test_token_error0.iev,0.0,1.0
794,quant,server,quic_server_test_token_error0,,,/home/chris/Toward-verification-of-QUIC-extensions/installer/TVOQE/results/errors/server/local/quant_master_server/temp/589/quic_server_test_token_error0.iev,0.0,1.0
795,quant,server,quic_server_test_ext_min_ack_delay0,,"ivy_return_code(1)+assumption_failed(""/usr/local/lib/python2.7/dist-packages/ivy/include/1.7/quic_frame.ivy: line 1494"")",/home/chris/Toward-verification-of-QUIC-extensions/installer/TVOQE/results/errors/server/local/quant_master_server/temp/1782/quic_server_test_ext_min_ack_delay0.iev,0.0,0.0
796,quant,server,quic_server_test_unkown0,,"ivy_return_code(1)+assumption_failed(""quic_server_test_unkown.ivy: line 571"")",/home/chris/Toward-verification-of-QUIC-extensions/installer/TVOQE/results/errors/server/local/quant_master_server/temp/184/quic_server_test_unkown0.iev,0.0,0.0
797,quant,server,quic_server_test_handshake_done_error0,,"ivy_return_code(1)+assumption_failed(""quic_server_test_handshake_done_error.ivy: line 325"")",/home/chris/Toward-verification-of-QUIC-extensions/installer/TVOQE/results/errors/server/local/quant_master_server/temp/1199/quic_server_test_handshake_done_error0.iev,0.0,0.0
798,quant,server,quic_server_test_tp_limit_newcoid0,,"ivy_return_code(1)+assumption_failed(""/usr/local/lib/python2.7/dist-packages/ivy/include/1.7/quic_frame.ivy: line 1494"")",/home/chris/Toward-verification-of-QUIC-extensions/installer/TVOQE/results/errors/server/local/quant_master_server/temp/340/quic_server_test_tp_limit_newcoid0.iev,0.0,0.0
799,quant,server,quic_server_test_accept_maxdata0,,"ivy_return_code(1)+assumption_failed(""/usr/local/lib/python2.7/dist-packages/ivy/include/1.7/quic_frame.ivy: line 1494"")",/home/chris/Toward-verification-of-QUIC-extensions/installer/TVOQE/results/errors/server/local/quant_master_server/temp/1581/quic_server_test_accept_maxdata0.iev,0.0,0.0
800,quant,server,quic_server_test_stop_sending0,,"ivy_return_code(1)+assumption_failed(""/usr/local/lib/python2.7/dist-packages/ivy/include/1.7/quic_frame.ivy: line 1494"")",/home/chris/Toward-verification-of-QUIC-extensions/installer/TVOQE/results/errors/server/local/quant_master_server/temp/1230/quic_server_test_stop_sending0.iev,0.0,0.0
801,quant,server,quic_server_test_tp_acticoid_error0,,,/home/chris/Toward-verification-of-QUIC-extensions/installer/TVOQE/results/errors/server/local/quant_master_server/temp/750/quic_server_test_tp_acticoid_error0.iev,0.0,1.0
802,quant,server,quic_server_test_unkown0,,"ivy_return_code(1)+assumption_failed(""quic_server_test_unkown.ivy: line 571"")",/home/chris/Toward-verification-of-QUIC-extensions/installer/TVOQE/results/errors/server/local/quant_master_server/temp/147/quic_server_test_unkown0.iev,0.0,0.0
803,quant,server,quic_server_test_double_tp_error0,,,/home/chris/Toward-verification-of-QUIC-extensions/installer/TVOQE/results/errors/server/local/quant_master_server/temp/1379/quic_server_test_double_tp_error0.iev,0.0,1.0
804,quant,server,quic_server_test_no_icid0,,,/home/chris/Toward-verification-of-QUIC-extensions/installer/TVOQE/results/errors/server/local/quant_master_server/temp/1684/quic_server_test_no_icid0.iev,0.0,1.0
805,quant,server,quic_server_test_max0,,"ivy_return_code(1)+assumption_failed(""/usr/local/lib/python2.7/dist-packages/ivy/include/1.7/quic_frame.ivy: line 1494"")",/home/chris/Toward-verification-of-QUIC-extensions/installer/TVOQE/results/errors/server/local/quant_master_server/temp/408/quic_server_test_max0.iev,0.0,0.0
806,quant,server,quic_server_test_max0,,"ivy_return_code(1)+assumption_failed(""/usr/local/lib/python2.7/dist-packages/ivy/include/1.7/quic_frame.ivy: line 1494"")",/home/chris/Toward-verification-of-QUIC-extensions/installer/TVOQE/results/errors/server/local/quant_master_server/temp/425/quic_server_test_max0.iev,0.0,0.0
807,quant,server,quic_server_test_unkown0,,"ivy_return_code(1)+assumption_failed(""quic_server_test_unkown.ivy: line 571"")",/home/chris/Toward-verification-of-QUIC-extensions/installer/TVOQE/results/errors/server/local/quant_master_server/temp/133/quic_server_test_unkown0.iev,0.0,0.0
808,quant,server,quic_server_test_tp_acticoid_error0,,,/home/chris/Toward-verification-of-QUIC-extensions/installer/TVOQE/results/errors/server/local/quant_master_server/temp/706/quic_server_test_tp_acticoid_error0.iev,0.0,1.0
809,quant,server,quic_server_test_stream0,,"ivy_return_code(1)+assumption_failed(""/usr/local/lib/python2.7/dist-packages/ivy/include/1.7/quic_frame.ivy: line 1494"")",/home/chris/Toward-verification-of-QUIC-extensions/installer/TVOQE/results/errors/server/local/quant_master_server/temp/8/quic_server_test_stream0.iev,0.0,0.0
810,quant,server,quic_server_test_connection_close0,,"ivy_return_code(1)+assumption_failed(""/usr/local/lib/python2.7/dist-packages/ivy/include/1.7/quic_frame.ivy: line 1494"")",/home/chris/Toward-verification-of-QUIC-extensions/installer/TVOQE/results/errors/server/local/quant_master_server/temp/862/quic_server_test_connection_close0.iev,0.0,0.0
811,quant,server,quic_server_test_accept_maxdata0,,,/home/chris/Toward-verification-of-QUIC-extensions/installer/TVOQE/results/errors/server/local/quant_master_server/temp/1580/quic_server_test_accept_maxdata0.iev,0.0,1.0
812,quant,server,quic_server_test_connection_close0,,,/home/chris/Toward-verification-of-QUIC-extensions/installer/TVOQE/results/errors/server/local/quant_master_server/temp/841/quic_server_test_connection_close0.iev,0.0,1.0
813,quant,server,quic_server_test_accept_maxdata0,,"ivy_return_code(1)+assumption_failed(""/usr/local/lib/python2.7/dist-packages/ivy/include/1.7/quic_frame.ivy: line 1494"")",/home/chris/Toward-verification-of-QUIC-extensions/installer/TVOQE/results/errors/server/local/quant_master_server/temp/1504/quic_server_test_accept_maxdata0.iev,0.0,0.0
814,quant,server,quic_server_test_tp_acticoid_error0,,,/home/chris/Toward-verification-of-QUIC-extensions/installer/TVOQE/results/errors/server/local/quant_master_server/temp/757/quic_server_test_tp_acticoid_error0.iev,0.0,1.0
815,quant,server,quic_server_test_accept_maxdata0,,"ivy_return_code(1)+assumption_failed(""/usr/local/lib/python2.7/dist-packages/ivy/include/1.7/quic_frame.ivy: line 1494"")",/home/chris/Toward-verification-of-QUIC-extensions/installer/TVOQE/results/errors/server/local/quant_master_server/temp/1591/quic_server_test_accept_maxdata0.iev,0.0,0.0
816,quant,server,quic_server_test_stream0,,"ivy_return_code(1)+assumption_failed(""/usr/local/lib/python2.7/dist-packages/ivy/include/1.7/quic_frame.ivy: line 1494"")",/home/chris/Toward-verification-of-QUIC-extensions/installer/TVOQE/results/errors/server/local/quant_master_server/temp/53/quic_server_test_stream0.iev,0.0,0.0
817,quant,server,quic_server_test_blocked_streams_maxstream_error0,,"ivy_return_code(1)+assumption_failed(""/usr/local/lib/python2.7/dist-packages/ivy/include/1.7/quic_frame.ivy: line 1494"")",/home/chris/Toward-verification-of-QUIC-extensions/installer/TVOQE/results/errors/server/local/quant_master_server/temp/290/quic_server_test_blocked_streams_maxstream_error0.iev,0.0,0.0
818,quant,server,quic_server_test_token_error0,,,/home/chris/Toward-verification-of-QUIC-extensions/installer/TVOQE/results/errors/server/local/quant_master_server/temp/502/quic_server_test_token_error0.iev,0.0,1.0
819,quant,server,quic_server_test_unkown0,,"ivy_return_code(1)+assumption_failed(""quic_server_test_unkown.ivy: line 571"")",/home/chris/Toward-verification-of-QUIC-extensions/installer/TVOQE/results/errors/server/local/quant_master_server/temp/131/quic_server_test_unkown0.iev,0.0,0.0
820,quant,server,quic_server_test_ext_min_ack_delay0,,"ivy_return_code(1)+assumption_failed(""/usr/local/lib/python2.7/dist-packages/ivy/include/1.7/quic_frame.ivy: line 1494"")",/home/chris/Toward-verification-of-QUIC-extensions/installer/TVOQE/results/errors/server/local/quant_master_server/temp/1746/quic_server_test_ext_min_ack_delay0.iev,0.0,0.0
821,quant,server,quic_server_test_handshake_done_error0,,"ivy_return_code(1)+assumption_failed(""quic_server_test_handshake_done_error.ivy: line 325"")",/home/chris/Toward-verification-of-QUIC-extensions/installer/TVOQE/results/errors/server/local/quant_master_server/temp/1119/quic_server_test_handshake_done_error0.iev,0.0,0.0
822,quant,server,quic_server_test_blocked_streams_maxstream_error0,,"ivy_return_code(1)+assumption_failed(""quic_server_test_blocked_streams_maxstream_error.ivy: line 534"")",/home/chris/Toward-verification-of-QUIC-extensions/installer/TVOQE/results/errors/server/local/quant_master_server/temp/284/quic_server_test_blocked_streams_maxstream_error0.iev,0.0,0.0
823,quant,server,quic_server_test_tp_acticoid_error0,,,/home/chris/Toward-verification-of-QUIC-extensions/installer/TVOQE/results/errors/server/local/quant_master_server/temp/728/quic_server_test_tp_acticoid_error0.iev,0.0,1.0
824,quant,server,quic_server_test_max0,,"ivy_return_code(1)+assumption_failed(""/usr/local/lib/python2.7/dist-packages/ivy/include/1.7/quic_frame.ivy: line 1494"")",/home/chris/Toward-verification-of-QUIC-extensions/installer/TVOQE/results/errors/server/local/quant_master_server/temp/426/quic_server_test_max0.iev,0.0,0.0
825,quant,server,quic_server_test_tp_error0,,,/home/chris/Toward-verification-of-QUIC-extensions/installer/TVOQE/results/errors/server/local/quant_master_server/temp/608/quic_server_test_tp_error0.iev,0.0,1.0
826,quant,server,quic_server_test_connection_close0,,"ivy_return_code(1)+assumption_failed(""/usr/local/lib/python2.7/dist-packages/ivy/include/1.7/quic_packet.ivy: line 424"")",/home/chris/Toward-verification-of-QUIC-extensions/installer/TVOQE/results/errors/server/local/quant_master_server/temp/844/quic_server_test_connection_close0.iev,0.0,0.0
827,quant,server,quic_server_test_no_icid0,,,/home/chris/Toward-verification-of-QUIC-extensions/installer/TVOQE/results/errors/server/local/quant_master_server/temp/1618/quic_server_test_no_icid0.iev,0.0,1.0
828,quant,server,quic_server_test_unkown0,,"ivy_return_code(1)+assumption_failed(""quic_server_test_unkown.ivy: line 571"")",/home/chris/Toward-verification-of-QUIC-extensions/installer/TVOQE/results/errors/server/local/quant_master_server/temp/171/quic_server_test_unkown0.iev,0.0,0.0
829,quant,server,quic_server_test_stream0,,"ivy_return_code(1)+assumption_failed(""/usr/local/lib/python2.7/dist-packages/ivy/include/1.7/quic_frame.ivy: line 1494"")",/home/chris/Toward-verification-of-QUIC-extensions/installer/TVOQE/results/errors/server/local/quant_master_server/temp/15/quic_server_test_stream0.iev,0.0,0.0
830,quant,server,quic_server_test_newconnectionid_error0,,server_return_code(-6)+ivy_return_code(1),/home/chris/Toward-verification-of-QUIC-extensions/installer/TVOQE/results/errors/server/local/quant_master_server/temp/1026/quic_server_test_newconnectionid_error0.iev,0.0,0.0
831,quant,server,quic_server_test_ext_min_ack_delay0,,"ivy_return_code(1)+assumption_failed(""/usr/local/lib/python2.7/dist-packages/ivy/include/1.7/quic_frame.ivy: line 1494"")",/home/chris/Toward-verification-of-QUIC-extensions/installer/TVOQE/results/errors/server/local/quant_master_server/temp/1764/quic_server_test_ext_min_ack_delay0.iev,0.0,0.0
832,quant,server,quic_server_test_ext_min_ack_delay0,,"ivy_return_code(1)+assumption_failed(""/usr/local/lib/python2.7/dist-packages/ivy/include/1.7/quic_frame.ivy: line 1494"")",/home/chris/Toward-verification-of-QUIC-extensions/installer/TVOQE/results/errors/server/local/quant_master_server/temp/1742/quic_server_test_ext_min_ack_delay0.iev,0.0,0.0
833,quant,server,quic_server_test_blocked_streams_maxstream_error0,,"ivy_return_code(1)+assumption_failed(""quic_server_test_blocked_streams_maxstream_error.ivy: line 534"")",/home/chris/Toward-verification-of-QUIC-extensions/installer/TVOQE/results/errors/server/local/quant_master_server/temp/258/quic_server_test_blocked_streams_maxstream_error0.iev,0.0,0.0
834,quant,server,quic_server_test_tp_limit_newcoid0,,"ivy_return_code(1)+assumption_failed(""/usr/local/lib/python2.7/dist-packages/ivy/include/1.7/quic_frame.ivy: line 1494"")",/home/chris/Toward-verification-of-QUIC-extensions/installer/TVOQE/results/errors/server/local/quant_master_server/temp/339/quic_server_test_tp_limit_newcoid0.iev,0.0,0.0
835,quant,server,quic_server_test_no_icid0,,,/home/chris/Toward-verification-of-QUIC-extensions/installer/TVOQE/results/errors/server/local/quant_master_server/temp/1679/quic_server_test_no_icid0.iev,0.0,1.0
836,quant,server,quic_server_test_stop_sending0,,"ivy_return_code(1)+assumption_failed(""/usr/local/lib/python2.7/dist-packages/ivy/include/1.7/quic_frame.ivy: line 1494"")",/home/chris/Toward-verification-of-QUIC-extensions/installer/TVOQE/results/errors/server/local/quant_master_server/temp/1269/quic_server_test_stop_sending0.iev,0.0,0.0
837,quant,server,quic_server_test_handshake_done_error0,,"ivy_return_code(1)+assumption_failed(""quic_server_test_handshake_done_error.ivy: line 325"")",/home/chris/Toward-verification-of-QUIC-extensions/installer/TVOQE/results/errors/server/local/quant_master_server/temp/1141/quic_server_test_handshake_done_error0.iev,0.0,0.0
838,quant,server,quic_server_test_tp_limit_newcoid0,,"ivy_return_code(1)+assumption_failed(""/usr/local/lib/python2.7/dist-packages/ivy/include/1.7/quic_frame.ivy: line 1494"")",/home/chris/Toward-verification-of-QUIC-extensions/installer/TVOQE/results/errors/server/local/quant_master_server/temp/331/quic_server_test_tp_limit_newcoid0.iev,0.0,0.0
839,quant,server,quic_server_test_double_tp_error0,,,/home/chris/Toward-verification-of-QUIC-extensions/installer/TVOQE/results/errors/server/local/quant_master_server/temp/1315/quic_server_test_double_tp_error0.iev,0.0,1.0
840,quant,server,quic_server_test_accept_maxdata0,,"ivy_return_code(1)+assumption_failed(""/usr/local/lib/python2.7/dist-packages/ivy/include/1.7/quic_frame.ivy: line 1494"")",/home/chris/Toward-verification-of-QUIC-extensions/installer/TVOQE/results/errors/server/local/quant_master_server/temp/1531/quic_server_test_accept_maxdata0.iev,0.0,0.0
841,quant,server,quic_server_test_newconnectionid_error0,,server_return_code(-6)+ivy_return_code(1),/home/chris/Toward-verification-of-QUIC-extensions/installer/TVOQE/results/errors/server/local/quant_master_server/temp/1075/quic_server_test_newconnectionid_error0.iev,0.0,0.0
842,quant,server,quic_server_test_tp_error0,,,/home/chris/Toward-verification-of-QUIC-extensions/installer/TVOQE/results/errors/server/local/quant_master_server/temp/609/quic_server_test_tp_error0.iev,0.0,1.0
843,quant,server,quic_server_test_ext_min_ack_delay0,,"ivy_return_code(1)+assumption_failed(""/usr/local/lib/python2.7/dist-packages/ivy/include/1.7/quic_frame.ivy: line 1494"")",/home/chris/Toward-verification-of-QUIC-extensions/installer/TVOQE/results/errors/server/local/quant_master_server/temp/1795/quic_server_test_ext_min_ack_delay0.iev,0.0,0.0
844,quant,server,quic_server_test_tp_limit_acticoid_error0,,server_return_code(-6)+ivy_return_code(1),/home/chris/Toward-verification-of-QUIC-extensions/installer/TVOQE/results/errors/server/local/quant_master_server/temp/1472/quic_server_test_tp_limit_acticoid_error0.iev,0.0,0.0
845,quant,server,quic_server_test_token_error0,,,/home/chris/Toward-verification-of-QUIC-extensions/installer/TVOQE/results/errors/server/local/quant_master_server/temp/536/quic_server_test_token_error0.iev,0.0,1.0
846,quant,server,quic_server_test_unkown0,,"ivy_return_code(1)+assumption_failed(""quic_server_test_unkown.ivy: line 571"")",/home/chris/Toward-verification-of-QUIC-extensions/installer/TVOQE/results/errors/server/local/quant_master_server/temp/126/quic_server_test_unkown0.iev,0.0,0.0
847,quant,server,quic_server_test_max0,,"ivy_return_code(1)+assumption_failed(""/usr/local/lib/python2.7/dist-packages/ivy/include/1.7/quic_frame.ivy: line 1494"")",/home/chris/Toward-verification-of-QUIC-extensions/installer/TVOQE/results/errors/server/local/quant_master_server/temp/466/quic_server_test_max0.iev,0.0,0.0
848,quant,server,quic_server_test_tp_acticoid_error0,,,/home/chris/Toward-verification-of-QUIC-extensions/installer/TVOQE/results/errors/server/local/quant_master_server/temp/726/quic_server_test_tp_acticoid_error0.iev,0.0,1.0
849,quant,server,quic_server_test_stream0,,"ivy_return_code(1)+assumption_failed(""/usr/local/lib/python2.7/dist-packages/ivy/include/1.7/quic_frame.ivy: line 1494"")",/home/chris/Toward-verification-of-QUIC-extensions/installer/TVOQE/results/errors/server/local/quant_master_server/temp/69/quic_server_test_stream0.iev,0.0,0.0
850,quant,server,quic_server_test_reset_stream0,,"ivy_return_code(1)+assumption_failed(""/usr/local/lib/python2.7/dist-packages/ivy/include/1.7/quic_frame.ivy: line 1494"")",/home/chris/Toward-verification-of-QUIC-extensions/installer/TVOQE/results/errors/server/local/quant_master_server/temp/966/quic_server_test_reset_stream0.iev,0.0,0.0
851,quant,server,quic_server_test_unkown0,,"ivy_return_code(1)+assumption_failed(""quic_server_test_unkown.ivy: line 571"")",/home/chris/Toward-verification-of-QUIC-extensions/installer/TVOQE/results/errors/server/local/quant_master_server/temp/140/quic_server_test_unkown0.iev,0.0,0.0
852,quant,server,quic_server_test_max0,,"ivy_return_code(1)+assumption_failed(""/usr/local/lib/python2.7/dist-packages/ivy/include/1.7/quic_frame.ivy: line 1494"")",/home/chris/Toward-verification-of-QUIC-extensions/installer/TVOQE/results/errors/server/local/quant_master_server/temp/490/quic_server_test_max0.iev,0.0,0.0
853,quant,server,quic_server_test_stop_sending0,,"ivy_return_code(1)+assumption_failed(""/usr/local/lib/python2.7/dist-packages/ivy/include/1.7/quic_frame.ivy: line 1494"")",/home/chris/Toward-verification-of-QUIC-extensions/installer/TVOQE/results/errors/server/local/quant_master_server/temp/1219/quic_server_test_stop_sending0.iev,0.0,0.0
854,quant,server,quic_server_test_connection_close0,,,/home/chris/Toward-verification-of-QUIC-extensions/installer/TVOQE/results/errors/server/local/quant_master_server/temp/835/quic_server_test_connection_close0.iev,0.0,1.0
855,quant,server,quic_server_test_blocked_streams_maxstream_error0,,"ivy_return_code(1)+assumption_failed(""quic_server_test_blocked_streams_maxstream_error.ivy: line 534"")",/home/chris/Toward-verification-of-QUIC-extensions/installer/TVOQE/results/errors/server/local/quant_master_server/temp/248/quic_server_test_blocked_streams_maxstream_error0.iev,0.0,0.0
856,quant,server,quic_server_test_stream0,,"ivy_return_code(1)+assumption_failed(""/usr/local/lib/python2.7/dist-packages/ivy/include/1.7/quic_frame.ivy: line 1494"")",/home/chris/Toward-verification-of-QUIC-extensions/installer/TVOQE/results/errors/server/local/quant_master_server/temp/1/quic_server_test_stream0.iev,0.0,0.0
857,quant,server,quic_server_test_stream0,,,/home/chris/Toward-verification-of-QUIC-extensions/installer/TVOQE/results/errors/server/local/quant_master_server/temp/74/quic_server_test_stream0.iev,0.0,1.0
858,quant,server,quic_server_test_double_tp_error0,,,/home/chris/Toward-verification-of-QUIC-extensions/installer/TVOQE/results/errors/server/local/quant_master_server/temp/1304/quic_server_test_double_tp_error0.iev,0.0,1.0
859,quant,server,quic_server_test_stop_sending0,,"ivy_return_code(1)+assumption_failed(""/usr/local/lib/python2.7/dist-packages/ivy/include/1.7/quic_packet.ivy: line 404"")",/home/chris/Toward-verification-of-QUIC-extensions/installer/TVOQE/results/errors/server/local/quant_master_server/temp/1234/quic_server_test_stop_sending0.iev,0.0,0.0
860,quant,server,quic_server_test_newconnectionid_error0,,server_return_code(-6)+ivy_return_code(1),/home/chris/Toward-verification-of-QUIC-extensions/installer/TVOQE/results/errors/server/local/quant_master_server/temp/1061/quic_server_test_newconnectionid_error0.iev,0.0,0.0
861,quant,server,quic_server_test_tp_error0,,,/home/chris/Toward-verification-of-QUIC-extensions/installer/TVOQE/results/errors/server/local/quant_master_server/temp/614/quic_server_test_tp_error0.iev,0.0,1.0
862,quant,server,quic_server_test_unkown0,,"ivy_return_code(1)+assumption_failed(""quic_server_test_unkown.ivy: line 571"")",/home/chris/Toward-verification-of-QUIC-extensions/installer/TVOQE/results/errors/server/local/quant_master_server/temp/164/quic_server_test_unkown0.iev,0.0,0.0
863,quant,server,quic_server_test_blocked_streams_maxstream_error0,,"ivy_return_code(1)+assumption_failed(""/usr/local/lib/python2.7/dist-packages/ivy/include/1.7/quic_frame.ivy: line 1494"")",/home/chris/Toward-verification-of-QUIC-extensions/installer/TVOQE/results/errors/server/local/quant_master_server/temp/202/quic_server_test_blocked_streams_maxstream_error0.iev,0.0,0.0
864,quant,server,quic_server_test_handshake_done_error0,,"ivy_return_code(1)+assumption_failed(""quic_server_test_handshake_done_error.ivy: line 325"")",/home/chris/Toward-verification-of-QUIC-extensions/installer/TVOQE/results/errors/server/local/quant_master_server/temp/1173/quic_server_test_handshake_done_error0.iev,0.0,0.0
865,quant,server,quic_server_test_accept_maxdata0,,"ivy_return_code(1)+assumption_failed(""/usr/local/lib/python2.7/dist-packages/ivy/include/1.7/quic_frame.ivy: line 1494"")",/home/chris/Toward-verification-of-QUIC-extensions/installer/TVOQE/results/errors/server/local/quant_master_server/temp/1515/quic_server_test_accept_maxdata0.iev,0.0,0.0
866,quant,server,quic_server_test_unkown0,,"ivy_return_code(1)+assumption_failed(""quic_server_test_unkown.ivy: line 571"")",/home/chris/Toward-verification-of-QUIC-extensions/installer/TVOQE/results/errors/server/local/quant_master_server/temp/198/quic_server_test_unkown0.iev,0.0,0.0
867,quant,server,quic_server_test_stop_sending0,,"ivy_return_code(1)+assumption_failed(""/usr/local/lib/python2.7/dist-packages/ivy/include/1.7/quic_frame.ivy: line 1494"")",/home/chris/Toward-verification-of-QUIC-extensions/installer/TVOQE/results/errors/server/local/quant_master_server/temp/1228/quic_server_test_stop_sending0.iev,0.0,0.0
868,quant,server,quic_server_test_handshake_done_error0,,"ivy_return_code(1)+assumption_failed(""quic_server_test_handshake_done_error.ivy: line 325"")",/home/chris/Toward-verification-of-QUIC-extensions/installer/TVOQE/results/errors/server/local/quant_master_server/temp/1179/quic_server_test_handshake_done_error0.iev,0.0,0.0
869,quant,server,quic_server_test_max0,,"ivy_return_code(1)+assumption_failed(""/usr/local/lib/python2.7/dist-packages/ivy/include/1.7/quic_frame.ivy: line 1494"")",/home/chris/Toward-verification-of-QUIC-extensions/installer/TVOQE/results/errors/server/local/quant_master_server/temp/485/quic_server_test_max0.iev,0.0,0.0
870,quant,server,quic_server_test_tp_limit_acticoid_error0,,"ivy_return_code(1)+assumption_failed(""quic_server_test_tp_limit_acticoid_error.ivy: line 527"")",/home/chris/Toward-verification-of-QUIC-extensions/installer/TVOQE/results/errors/server/local/quant_master_server/temp/1428/quic_server_test_tp_limit_acticoid_error0.iev,0.0,0.0
871,quant,server,quic_server_test_connection_close0,,,/home/chris/Toward-verification-of-QUIC-extensions/installer/TVOQE/results/errors/server/local/quant_master_server/temp/827/quic_server_test_connection_close0.iev,0.0,1.0
872,quant,server,quic_server_test_tp_error0,,,/home/chris/Toward-verification-of-QUIC-extensions/installer/TVOQE/results/errors/server/local/quant_master_server/temp/607/quic_server_test_tp_error0.iev,0.0,1.0
873,quant,server,quic_server_test_handshake_done_error0,,"ivy_return_code(1)+assumption_failed(""quic_server_test_handshake_done_error.ivy: line 325"")",/home/chris/Toward-verification-of-QUIC-extensions/installer/TVOQE/results/errors/server/local/quant_master_server/temp/1168/quic_server_test_handshake_done_error0.iev,0.0,0.0
874,quant,server,quic_server_test_accept_maxdata0,,"ivy_return_code(1)+assumption_failed(""/usr/local/lib/python2.7/dist-packages/ivy/include/1.7/quic_frame.ivy: line 1494"")",/home/chris/Toward-verification-of-QUIC-extensions/installer/TVOQE/results/errors/server/local/quant_master_server/temp/1526/quic_server_test_accept_maxdata0.iev,0.0,0.0
875,quant,server,quic_server_test_tp_limit_newcoid0,,"ivy_return_code(1)+assumption_failed(""/usr/local/lib/python2.7/dist-packages/ivy/include/1.7/quic_frame.ivy: line 1494"")",/home/chris/Toward-verification-of-QUIC-extensions/installer/TVOQE/results/errors/server/local/quant_master_server/temp/365/quic_server_test_tp_limit_newcoid0.iev,0.0,0.0
876,quant,server,quic_server_test_max0,,"ivy_return_code(1)+assumption_failed(""/usr/local/lib/python2.7/dist-packages/ivy/include/1.7/quic_frame.ivy: line 1494"")",/home/chris/Toward-verification-of-QUIC-extensions/installer/TVOQE/results/errors/server/local/quant_master_server/temp/497/quic_server_test_max0.iev,0.0,0.0
877,quant,server,quic_server_test_token_error0,,,/home/chris/Toward-verification-of-QUIC-extensions/installer/TVOQE/results/errors/server/local/quant_master_server/temp/564/quic_server_test_token_error0.iev,0.0,1.0
878,quant,server,quic_server_test_newconnectionid_error0,,server_return_code(-6)+ivy_return_code(1),/home/chris/Toward-verification-of-QUIC-extensions/installer/TVOQE/results/errors/server/local/quant_master_server/temp/1046/quic_server_test_newconnectionid_error0.iev,0.0,0.0
879,quant,server,quic_server_test_double_tp_error0,,,/home/chris/Toward-verification-of-QUIC-extensions/installer/TVOQE/results/errors/server/local/quant_master_server/temp/1319/quic_server_test_double_tp_error0.iev,0.0,1.0
880,quant,server,quic_server_test_tp_limit_acticoid_error0,,server_return_code(-6)+ivy_return_code(1),/home/chris/Toward-verification-of-QUIC-extensions/installer/TVOQE/results/errors/server/local/quant_master_server/temp/1438/quic_server_test_tp_limit_acticoid_error0.iev,0.0,0.0
881,quant,server,quic_server_test_tp_acticoid_error0,,,/home/chris/Toward-verification-of-QUIC-extensions/installer/TVOQE/results/errors/server/local/quant_master_server/temp/759/quic_server_test_tp_acticoid_error0.iev,0.0,1.0
882,quant,server,quic_server_test_tp_limit_acticoid_error0,,server_return_code(-6)+ivy_return_code(1),/home/chris/Toward-verification-of-QUIC-extensions/installer/TVOQE/results/errors/server/local/quant_master_server/temp/1413/quic_server_test_tp_limit_acticoid_error0.iev,0.0,0.0
883,quant,server,quic_server_test_connection_close0,,"ivy_return_code(1)+assumption_failed(""/usr/local/lib/python2.7/dist-packages/ivy/include/1.7/quic_frame.ivy: line 1494"")",/home/chris/Toward-verification-of-QUIC-extensions/installer/TVOQE/results/errors/server/local/quant_master_server/temp/823/quic_server_test_connection_close0.iev,0.0,0.0
884,quant,server,quic_server_test_tp_acticoid_error0,,,/home/chris/Toward-verification-of-QUIC-extensions/installer/TVOQE/results/errors/server/local/quant_master_server/temp/701/quic_server_test_tp_acticoid_error0.iev,0.0,1.0
885,quant,server,quic_server_test_blocked_streams_maxstream_error0,,"ivy_return_code(1)+assumption_failed(""/usr/local/lib/python2.7/dist-packages/ivy/include/1.7/quic_frame.ivy: line 1494"")",/home/chris/Toward-verification-of-QUIC-extensions/installer/TVOQE/results/errors/server/local/quant_master_server/temp/231/quic_server_test_blocked_streams_maxstream_error0.iev,0.0,0.0
886,quant,server,quic_server_test_no_icid0,,,/home/chris/Toward-verification-of-QUIC-extensions/installer/TVOQE/results/errors/server/local/quant_master_server/temp/1649/quic_server_test_no_icid0.iev,0.0,1.0
887,quant,server,quic_server_test_ext_min_ack_delay0,,"ivy_return_code(1)+assumption_failed(""/usr/local/lib/python2.7/dist-packages/ivy/include/1.7/quic_frame.ivy: line 1494"")",/home/chris/Toward-verification-of-QUIC-extensions/installer/TVOQE/results/errors/server/local/quant_master_server/temp/1728/quic_server_test_ext_min_ack_delay0.iev,0.0,0.0
888,quant,server,quic_server_test_no_icid0,,,/home/chris/Toward-verification-of-QUIC-extensions/installer/TVOQE/results/errors/server/local/quant_master_server/temp/1654/quic_server_test_no_icid0.iev,0.0,1.0
889,quant,server,quic_server_test_newconnectionid_error0,,server_return_code(-6)+ivy_return_code(1),/home/chris/Toward-verification-of-QUIC-extensions/installer/TVOQE/results/errors/server/local/quant_master_server/temp/1059/quic_server_test_newconnectionid_error0.iev,0.0,0.0
890,quant,server,quic_server_test_token_error0,,,/home/chris/Toward-verification-of-QUIC-extensions/installer/TVOQE/results/errors/server/local/quant_master_server/temp/592/quic_server_test_token_error0.iev,0.0,1.0
891,quant,server,quic_server_test_handshake_done_error0,,"ivy_return_code(1)+assumption_failed(""quic_server_test_handshake_done_error.ivy: line 325"")",/home/chris/Toward-verification-of-QUIC-extensions/installer/TVOQE/results/errors/server/local/quant_master_server/temp/1136/quic_server_test_handshake_done_error0.iev,0.0,0.0
892,quant,server,quic_server_test_newconnectionid_error0,,server_return_code(-6)+ivy_return_code(1),/home/chris/Toward-verification-of-QUIC-extensions/installer/TVOQE/results/errors/server/local/quant_master_server/temp/1004/quic_server_test_newconnectionid_error0.iev,0.0,0.0
893,quant,server,quic_server_test_accept_maxdata0,,"ivy_return_code(1)+assumption_failed(""/usr/local/lib/python2.7/dist-packages/ivy/include/1.7/quic_frame.ivy: line 1494"")",/home/chris/Toward-verification-of-QUIC-extensions/installer/TVOQE/results/errors/server/local/quant_master_server/temp/1589/quic_server_test_accept_maxdata0.iev,0.0,0.0
894,quant,server,quic_server_test_ext_min_ack_delay0,,"ivy_return_code(1)+assumption_failed(""/usr/local/lib/python2.7/dist-packages/ivy/include/1.7/quic_frame.ivy: line 1494"")",/home/chris/Toward-verification-of-QUIC-extensions/installer/TVOQE/results/errors/server/local/quant_master_server/temp/1747/quic_server_test_ext_min_ack_delay0.iev,0.0,0.0
895,quant,server,quic_server_test_handshake_done_error0,,"ivy_return_code(1)+assumption_failed(""quic_server_test_handshake_done_error.ivy: line 325"")",/home/chris/Toward-verification-of-QUIC-extensions/installer/TVOQE/results/errors/server/local/quant_master_server/temp/1158/quic_server_test_handshake_done_error0.iev,0.0,0.0
896,quant,server,quic_server_test_stream0,,"ivy_return_code(1)+assumption_failed(""/usr/local/lib/python2.7/dist-packages/ivy/include/1.7/quic_frame.ivy: line 1494"")",/home/chris/Toward-verification-of-QUIC-extensions/installer/TVOQE/results/errors/server/local/quant_master_server/temp/13/quic_server_test_stream0.iev,0.0,0.0
897,quant,server,quic_server_test_no_icid0,,,/home/chris/Toward-verification-of-QUIC-extensions/installer/TVOQE/results/errors/server/local/quant_master_server/temp/1635/quic_server_test_no_icid0.iev,0.0,1.0
898,quant,server,quic_server_test_double_tp_error0,,,/home/chris/Toward-verification-of-QUIC-extensions/installer/TVOQE/results/errors/server/local/quant_master_server/temp/1305/quic_server_test_double_tp_error0.iev,0.0,1.0
899,quant,server,quic_server_test_unkown0,,"ivy_return_code(1)+assumption_failed(""quic_server_test_unkown.ivy: line 571"")",/home/chris/Toward-verification-of-QUIC-extensions/installer/TVOQE/results/errors/server/local/quant_master_server/temp/170/quic_server_test_unkown0.iev,0.0,0.0
900,quant,server,quic_server_test_ext_min_ack_delay0,,"ivy_return_code(1)+assumption_failed(""/usr/local/lib/python2.7/dist-packages/ivy/include/1.7/quic_frame.ivy: line 1494"")",/home/chris/Toward-verification-of-QUIC-extensions/installer/TVOQE/results/errors/server/local/quant_master_server/temp/1739/quic_server_test_ext_min_ack_delay0.iev,0.0,0.0
901,quant,server,quic_server_test_tp_limit_acticoid_error0,,server_return_code(-6)+ivy_return_code(1),/home/chris/Toward-verification-of-QUIC-extensions/installer/TVOQE/results/errors/server/local/quant_master_server/temp/1403/quic_server_test_tp_limit_acticoid_error0.iev,0.0,0.0
902,quant,server,quic_server_test_newconnectionid_error0,,server_return_code(-6)+ivy_return_code(1),/home/chris/Toward-verification-of-QUIC-extensions/installer/TVOQE/results/errors/server/local/quant_master_server/temp/1003/quic_server_test_newconnectionid_error0.iev,0.0,0.0
903,quant,server,quic_server_test_stream0,,"ivy_return_code(1)+assumption_failed(""/usr/local/lib/python2.7/dist-packages/ivy/include/1.7/quic_frame.ivy: line 1494"")",/home/chris/Toward-verification-of-QUIC-extensions/installer/TVOQE/results/errors/server/local/quant_master_server/temp/14/quic_server_test_stream0.iev,0.0,0.0
904,quant,server,quic_server_test_double_tp_error0,,,/home/chris/Toward-verification-of-QUIC-extensions/installer/TVOQE/results/errors/server/local/quant_master_server/temp/1386/quic_server_test_double_tp_error0.iev,0.0,1.0
905,quant,server,quic_server_test_stream0,,"ivy_return_code(1)+assumption_failed(""/usr/local/lib/python2.7/dist-packages/ivy/include/1.7/quic_frame.ivy: line 1494"")",/home/chris/Toward-verification-of-QUIC-extensions/installer/TVOQE/results/errors/server/local/quant_master_server/temp/79/quic_server_test_stream0.iev,0.0,0.0
906,quant,server,quic_server_test_accept_maxdata0,,"ivy_return_code(1)+assumption_failed(""/usr/local/lib/python2.7/dist-packages/ivy/include/1.7/quic_frame.ivy: line 1494"")",/home/chris/Toward-verification-of-QUIC-extensions/installer/TVOQE/results/errors/server/local/quant_master_server/temp/1505/quic_server_test_accept_maxdata0.iev,0.0,0.0
907,quant,server,quic_server_test_reset_stream0,,"ivy_return_code(1)+assumption_failed(""quic_server_test.ivy: line 182"")",/home/chris/Toward-verification-of-QUIC-extensions/installer/TVOQE/results/errors/server/local/quant_master_server/temp/943/quic_server_test_reset_stream0.iev,0.0,0.0
908,quant,server,quic_server_test_blocked_streams_maxstream_error0,,"ivy_return_code(1)+assumption_failed(""/usr/local/lib/python2.7/dist-packages/ivy/include/1.7/quic_frame.ivy: line 1494"")",/home/chris/Toward-verification-of-QUIC-extensions/installer/TVOQE/results/errors/server/local/quant_master_server/temp/296/quic_server_test_blocked_streams_maxstream_error0.iev,0.0,0.0
909,quant,server,quic_server_test_tp_acticoid_error0,,,/home/chris/Toward-verification-of-QUIC-extensions/installer/TVOQE/results/errors/server/local/quant_master_server/temp/754/quic_server_test_tp_acticoid_error0.iev,0.0,1.0
910,quant,server,quic_server_test_tp_acticoid_error0,,,/home/chris/Toward-verification-of-QUIC-extensions/installer/TVOQE/results/errors/server/local/quant_master_server/temp/766/quic_server_test_tp_acticoid_error0.iev,0.0,1.0
911,quant,server,quic_server_test_tp_error0,,,/home/chris/Toward-verification-of-QUIC-extensions/installer/TVOQE/results/errors/server/local/quant_master_server/temp/687/quic_server_test_tp_error0.iev,0.0,1.0
912,quant,server,quic_server_test_blocked_streams_maxstream_error0,,"ivy_return_code(1)+assumption_failed(""quic_server_test_blocked_streams_maxstream_error.ivy: line 534"")",/home/chris/Toward-verification-of-QUIC-extensions/installer/TVOQE/results/errors/server/local/quant_master_server/temp/207/quic_server_test_blocked_streams_maxstream_error0.iev,0.0,0.0
913,quant,server,quic_server_test_max0,,"ivy_return_code(1)+assumption_failed(""/usr/local/lib/python2.7/dist-packages/ivy/include/1.7/quic_frame.ivy: line 1494"")",/home/chris/Toward-verification-of-QUIC-extensions/installer/TVOQE/results/errors/server/local/quant_master_server/temp/487/quic_server_test_max0.iev,0.0,0.0
914,quant,server,quic_server_test_tp_error0,,,/home/chris/Toward-verification-of-QUIC-extensions/installer/TVOQE/results/errors/server/local/quant_master_server/temp/603/quic_server_test_tp_error0.iev,0.0,1.0
915,quant,server,quic_server_test_stop_sending0,,"ivy_return_code(1)+assumption_failed(""/usr/local/lib/python2.7/dist-packages/ivy/include/1.7/quic_frame.ivy: line 1494"")",/home/chris/Toward-verification-of-QUIC-extensions/installer/TVOQE/results/errors/server/local/quant_master_server/temp/1293/quic_server_test_stop_sending0.iev,0.0,0.0
916,quant,server,quic_server_test_stream0,,"ivy_return_code(1)+assumption_failed(""/usr/local/lib/python2.7/dist-packages/ivy/include/1.7/quic_frame.ivy: line 1494"")",/home/chris/Toward-verification-of-QUIC-extensions/installer/TVOQE/results/errors/server/local/quant_master_server/temp/31/quic_server_test_stream0.iev,0.0,0.0
917,quant,server,quic_server_test_reset_stream0,,"ivy_return_code(1)+assumption_failed(""/usr/local/lib/python2.7/dist-packages/ivy/include/1.7/quic_frame.ivy: line 1494"")",/home/chris/Toward-verification-of-QUIC-extensions/installer/TVOQE/results/errors/server/local/quant_master_server/temp/992/quic_server_test_reset_stream0.iev,0.0,0.0
918,quant,server,quic_server_test_unkown0,,"ivy_return_code(1)+assumption_failed(""quic_server_test_unkown.ivy: line 571"")",/home/chris/Toward-verification-of-QUIC-extensions/installer/TVOQE/results/errors/server/local/quant_master_server/temp/120/quic_server_test_unkown0.iev,0.0,0.0
919,quant,server,quic_server_test_blocked_streams_maxstream_error0,,"ivy_return_code(1)+assumption_failed(""/usr/local/lib/python2.7/dist-packages/ivy/include/1.7/quic_frame.ivy: line 1494"")",/home/chris/Toward-verification-of-QUIC-extensions/installer/TVOQE/results/errors/server/local/quant_master_server/temp/241/quic_server_test_blocked_streams_maxstream_error0.iev,0.0,0.0
920,quant,server,quic_server_test_blocked_streams_maxstream_error0,,"ivy_return_code(1)+assumption_failed(""/usr/local/lib/python2.7/dist-packages/ivy/include/1.7/quic_frame.ivy: line 1494"")",/home/chris/Toward-verification-of-QUIC-extensions/installer/TVOQE/results/errors/server/local/quant_master_server/temp/256/quic_server_test_blocked_streams_maxstream_error0.iev,0.0,0.0
921,quant,server,quic_server_test_newconnectionid_error0,,server_return_code(-6)+ivy_return_code(1),/home/chris/Toward-verification-of-QUIC-extensions/installer/TVOQE/results/errors/server/local/quant_master_server/temp/1030/quic_server_test_newconnectionid_error0.iev,0.0,0.0
922,quant,server,quic_server_test_no_icid0,,,/home/chris/Toward-verification-of-QUIC-extensions/installer/TVOQE/results/errors/server/local/quant_master_server/temp/1608/quic_server_test_no_icid0.iev,0.0,1.0
923,quant,server,quic_server_test_tp_limit_acticoid_error0,,server_return_code(-6)+ivy_return_code(1),/home/chris/Toward-verification-of-QUIC-extensions/installer/TVOQE/results/errors/server/local/quant_master_server/temp/1485/quic_server_test_tp_limit_acticoid_error0.iev,0.0,0.0
924,quant,server,quic_server_test_token_error0,,,/home/chris/Toward-verification-of-QUIC-extensions/installer/TVOQE/results/errors/server/local/quant_master_server/temp/520/quic_server_test_token_error0.iev,0.0,1.0
925,quant,server,quic_server_test_accept_maxdata0,,"ivy_return_code(1)+assumption_failed(""/usr/local/lib/python2.7/dist-packages/ivy/include/1.7/quic_frame.ivy: line 1494"")",/home/chris/Toward-verification-of-QUIC-extensions/installer/TVOQE/results/errors/server/local/quant_master_server/temp/1536/quic_server_test_accept_maxdata0.iev,0.0,0.0
926,quant,server,quic_server_test_token_error0,,,/home/chris/Toward-verification-of-QUIC-extensions/installer/TVOQE/results/errors/server/local/quant_master_server/temp/531/quic_server_test_token_error0.iev,0.0,1.0
927,quant,server,quic_server_test_stop_sending0,,"ivy_return_code(1)+assumption_failed(""/usr/local/lib/python2.7/dist-packages/ivy/include/1.7/quic_frame.ivy: line 1494"")",/home/chris/Toward-verification-of-QUIC-extensions/installer/TVOQE/results/errors/server/local/quant_master_server/temp/1226/quic_server_test_stop_sending0.iev,0.0,0.0
928,quant,server,quic_server_test_connection_close0,,"ivy_return_code(1)+assumption_failed(""/usr/local/lib/python2.7/dist-packages/ivy/include/1.7/quic_frame.ivy: line 1494"")",/home/chris/Toward-verification-of-QUIC-extensions/installer/TVOQE/results/errors/server/local/quant_master_server/temp/881/quic_server_test_connection_close0.iev,0.0,0.0
929,quant,server,quic_server_test_ext_min_ack_delay0,,"ivy_return_code(1)+assumption_failed(""/usr/local/lib/python2.7/dist-packages/ivy/include/1.7/quic_frame.ivy: line 1494"")",/home/chris/Toward-verification-of-QUIC-extensions/installer/TVOQE/results/errors/server/local/quant_master_server/temp/1773/quic_server_test_ext_min_ack_delay0.iev,0.0,0.0
930,quant,server,quic_server_test_double_tp_error0,,,/home/chris/Toward-verification-of-QUIC-extensions/installer/TVOQE/results/errors/server/local/quant_master_server/temp/1371/quic_server_test_double_tp_error0.iev,0.0,1.0
931,quant,server,quic_server_test_stop_sending0,,"ivy_return_code(1)+assumption_failed(""/usr/local/lib/python2.7/dist-packages/ivy/include/1.7/quic_frame.ivy: line 1494"")",/home/chris/Toward-verification-of-QUIC-extensions/installer/TVOQE/results/errors/server/local/quant_master_server/temp/1265/quic_server_test_stop_sending0.iev,0.0,0.0
932,quant,server,quic_server_test_token_error0,,,/home/chris/Toward-verification-of-QUIC-extensions/installer/TVOQE/results/errors/server/local/quant_master_server/temp/552/quic_server_test_token_error0.iev,0.0,1.0
933,quant,server,quic_server_test_tp_limit_newcoid0,,"ivy_return_code(1)+assumption_failed(""/usr/local/lib/python2.7/dist-packages/ivy/include/1.7/quic_frame.ivy: line 1494"")",/home/chris/Toward-verification-of-QUIC-extensions/installer/TVOQE/results/errors/server/local/quant_master_server/temp/378/quic_server_test_tp_limit_newcoid0.iev,0.0,0.0
934,quant,server,quic_server_test_accept_maxdata0,,"ivy_return_code(1)+assumption_failed(""/usr/local/lib/python2.7/dist-packages/ivy/include/1.7/quic_frame.ivy: line 1494"")",/home/chris/Toward-verification-of-QUIC-extensions/installer/TVOQE/results/errors/server/local/quant_master_server/temp/1571/quic_server_test_accept_maxdata0.iev,0.0,0.0
935,quant,server,quic_server_test_handshake_done_error0,,"ivy_return_code(1)+assumption_failed(""quic_server_test_handshake_done_error.ivy: line 325"")",/home/chris/Toward-verification-of-QUIC-extensions/installer/TVOQE/results/errors/server/local/quant_master_server/temp/1115/quic_server_test_handshake_done_error0.iev,0.0,0.0
936,quant,server,quic_server_test_newconnectionid_error0,,server_return_code(-6)+ivy_return_code(1),/home/chris/Toward-verification-of-QUIC-extensions/installer/TVOQE/results/errors/server/local/quant_master_server/temp/1090/quic_server_test_newconnectionid_error0.iev,0.0,0.0
937,quant,server,quic_server_test_stream0,,"ivy_return_code(1)+assumption_failed(""/usr/local/lib/python2.7/dist-packages/ivy/include/1.7/quic_frame.ivy: line 1494"")",/home/chris/Toward-verification-of-QUIC-extensions/installer/TVOQE/results/errors/server/local/quant_master_server/temp/88/quic_server_test_stream0.iev,0.0,0.0
938,quant,server,quic_server_test_tp_error0,,,/home/chris/Toward-verification-of-QUIC-extensions/installer/TVOQE/results/errors/server/local/quant_master_server/temp/669/quic_server_test_tp_error0.iev,0.0,1.0
939,quant,server,quic_server_test_reset_stream0,,"ivy_return_code(1)+assumption_failed(""quic_server_test.ivy: line 182"")",/home/chris/Toward-verification-of-QUIC-extensions/installer/TVOQE/results/errors/server/local/quant_master_server/temp/998/quic_server_test_reset_stream0.iev,0.0,0.0
940,quant,server,quic_server_test_tp_error0,,,/home/chris/Toward-verification-of-QUIC-extensions/installer/TVOQE/results/errors/server/local/quant_master_server/temp/605/quic_server_test_tp_error0.iev,0.0,1.0
941,quant,server,quic_server_test_stream0,,"ivy_return_code(1)+assumption_failed(""/usr/local/lib/python2.7/dist-packages/ivy/include/1.7/quic_frame.ivy: line 1494"")",/home/chris/Toward-verification-of-QUIC-extensions/installer/TVOQE/results/errors/server/local/quant_master_server/temp/28/quic_server_test_stream0.iev,0.0,0.0
942,quant,server,quic_server_test_blocked_streams_maxstream_error0,,"ivy_return_code(1)+assumption_failed(""quic_server_test_blocked_streams_maxstream_error.ivy: line 534"")",/home/chris/Toward-verification-of-QUIC-extensions/installer/TVOQE/results/errors/server/local/quant_master_server/temp/251/quic_server_test_blocked_streams_maxstream_error0.iev,0.0,0.0
943,quant,server,quic_server_test_token_error0,,,/home/chris/Toward-verification-of-QUIC-extensions/installer/TVOQE/results/errors/server/local/quant_master_server/temp/522/quic_server_test_token_error0.iev,0.0,1.0
944,quant,server,quic_server_test_max0,,"ivy_return_code(1)+assumption_failed(""/usr/local/lib/python2.7/dist-packages/ivy/include/1.7/quic_frame.ivy: line 1494"")",/home/chris/Toward-verification-of-QUIC-extensions/installer/TVOQE/results/errors/server/local/quant_master_server/temp/459/quic_server_test_max0.iev,0.0,0.0
945,quant,server,quic_server_test_reset_stream0,,"ivy_return_code(1)+assumption_failed(""/usr/local/lib/python2.7/dist-packages/ivy/include/1.7/quic_frame.ivy: line 1494"")",/home/chris/Toward-verification-of-QUIC-extensions/installer/TVOQE/results/errors/server/local/quant_master_server/temp/918/quic_server_test_reset_stream0.iev,0.0,0.0
946,quant,server,quic_server_test_tp_limit_newcoid0,,"ivy_return_code(1)+assumption_failed(""/usr/local/lib/python2.7/dist-packages/ivy/include/1.7/quic_frame.ivy: line 1494"")",/home/chris/Toward-verification-of-QUIC-extensions/installer/TVOQE/results/errors/server/local/quant_master_server/temp/328/quic_server_test_tp_limit_newcoid0.iev,0.0,0.0
947,quant,server,quic_server_test_no_icid0,,,/home/chris/Toward-verification-of-QUIC-extensions/installer/TVOQE/results/errors/server/local/quant_master_server/temp/1620/quic_server_test_no_icid0.iev,0.0,1.0
948,quant,server,quic_server_test_tp_limit_newcoid0,,"ivy_return_code(1)+assumption_failed(""/usr/local/lib/python2.7/dist-packages/ivy/include/1.7/quic_frame.ivy: line 1494"")",/home/chris/Toward-verification-of-QUIC-extensions/installer/TVOQE/results/errors/server/local/quant_master_server/temp/391/quic_server_test_tp_limit_newcoid0.iev,0.0,0.0
949,quant,server,quic_server_test_unkown0,,"ivy_return_code(1)+assumption_failed(""quic_server_test_unkown.ivy: line 571"")",/home/chris/Toward-verification-of-QUIC-extensions/installer/TVOQE/results/errors/server/local/quant_master_server/temp/157/quic_server_test_unkown0.iev,0.0,0.0
950,quant,server,quic_server_test_accept_maxdata0,,"ivy_return_code(1)+assumption_failed(""/usr/local/lib/python2.7/dist-packages/ivy/include/1.7/quic_frame.ivy: line 1494"")",/home/chris/Toward-verification-of-QUIC-extensions/installer/TVOQE/results/errors/server/local/quant_master_server/temp/1514/quic_server_test_accept_maxdata0.iev,0.0,0.0
951,quant,server,quic_server_test_accept_maxdata0,,"ivy_return_code(1)+assumption_failed(""/usr/local/lib/python2.7/dist-packages/ivy/include/1.7/quic_frame.ivy: line 1494"")",/home/chris/Toward-verification-of-QUIC-extensions/installer/TVOQE/results/errors/server/local/quant_master_server/temp/1573/quic_server_test_accept_maxdata0.iev,0.0,0.0
952,quant,server,quic_server_test_token_error0,,,/home/chris/Toward-verification-of-QUIC-extensions/installer/TVOQE/results/errors/server/local/quant_master_server/temp/595/quic_server_test_token_error0.iev,0.0,1.0
953,quant,server,quic_server_test_no_icid0,,,/home/chris/Toward-verification-of-QUIC-extensions/installer/TVOQE/results/errors/server/local/quant_master_server/temp/1636/quic_server_test_no_icid0.iev,0.0,1.0
954,quant,server,quic_server_test_tp_error0,,,/home/chris/Toward-verification-of-QUIC-extensions/installer/TVOQE/results/errors/server/local/quant_master_server/temp/678/quic_server_test_tp_error0.iev,0.0,1.0
955,quant,server,quic_server_test_blocked_streams_maxstream_error0,,"ivy_return_code(1)+assumption_failed(""/usr/local/lib/python2.7/dist-packages/ivy/include/1.7/quic_frame.ivy: line 1494"")",/home/chris/Toward-verification-of-QUIC-extensions/installer/TVOQE/results/errors/server/local/quant_master_server/temp/293/quic_server_test_blocked_streams_maxstream_error0.iev,0.0,0.0
956,quant,server,quic_server_test_stop_sending0,,"ivy_return_code(1)+assumption_failed(""/usr/local/lib/python2.7/dist-packages/ivy/include/1.7/quic_frame.ivy: line 1494"")",/home/chris/Toward-verification-of-QUIC-extensions/installer/TVOQE/results/errors/server/local/quant_master_server/temp/1227/quic_server_test_stop_sending0.iev,0.0,0.0
957,quant,server,quic_server_test_newconnectionid_error0,,server_return_code(-6)+ivy_return_code(1),/home/chris/Toward-verification-of-QUIC-extensions/installer/TVOQE/results/errors/server/local/quant_master_server/temp/1049/quic_server_test_newconnectionid_error0.iev,0.0,0.0
958,quant,server,quic_server_test_stop_sending0,,"ivy_return_code(1)+assumption_failed(""/usr/local/lib/python2.7/dist-packages/ivy/include/1.7/quic_frame.ivy: line 1494"")",/home/chris/Toward-verification-of-QUIC-extensions/installer/TVOQE/results/errors/server/local/quant_master_server/temp/1213/quic_server_test_stop_sending0.iev,0.0,0.0
959,quant,server,quic_server_test_stop_sending0,,"ivy_return_code(1)+assumption_failed(""/usr/local/lib/python2.7/dist-packages/ivy/include/1.7/quic_frame.ivy: line 1494"")",/home/chris/Toward-verification-of-QUIC-extensions/installer/TVOQE/results/errors/server/local/quant_master_server/temp/1284/quic_server_test_stop_sending0.iev,0.0,0.0
960,quant,server,quic_server_test_connection_close0,,ivy_return_code(134)+< prot.show_seqnum(0x19fceb),/home/chris/Toward-verification-of-QUIC-extensions/installer/TVOQE/results/errors/server/local/quant_master_server/temp/865/quic_server_test_connection_close0.iev,0.0,0.0
961,quant,server,quic_server_test_handshake_done_error0,,"ivy_return_code(1)+assumption_failed(""quic_server_test_handshake_done_error.ivy: line 325"")",/home/chris/Toward-verification-of-QUIC-extensions/installer/TVOQE/results/errors/server/local/quant_master_server/temp/1103/quic_server_test_handshake_done_error0.iev,0.0,0.0
962,quant,server,quic_server_test_no_icid0,,,/home/chris/Toward-verification-of-QUIC-extensions/installer/TVOQE/results/errors/server/local/quant_master_server/temp/1699/quic_server_test_no_icid0.iev,0.0,1.0
963,quant,server,quic_server_test_no_icid0,,,/home/chris/Toward-verification-of-QUIC-extensions/installer/TVOQE/results/errors/server/local/quant_master_server/temp/1626/quic_server_test_no_icid0.iev,0.0,1.0
964,quant,server,quic_server_test_max0,,"ivy_return_code(1)+assumption_failed(""/usr/local/lib/python2.7/dist-packages/ivy/include/1.7/quic_frame.ivy: line 1494"")",/home/chris/Toward-verification-of-QUIC-extensions/installer/TVOQE/results/errors/server/local/quant_master_server/temp/481/quic_server_test_max0.iev,0.0,0.0
965,quant,server,quic_server_test_no_icid0,,,/home/chris/Toward-verification-of-QUIC-extensions/installer/TVOQE/results/errors/server/local/quant_master_server/temp/1669/quic_server_test_no_icid0.iev,0.0,1.0
966,quant,server,quic_server_test_stop_sending0,,"ivy_return_code(1)+assumption_failed(""/usr/local/lib/python2.7/dist-packages/ivy/include/1.7/quic_frame.ivy: line 1494"")",/home/chris/Toward-verification-of-QUIC-extensions/installer/TVOQE/results/errors/server/local/quant_master_server/temp/1289/quic_server_test_stop_sending0.iev,0.0,0.0
967,quant,server,quic_server_test_stop_sending0,,"ivy_return_code(1)+assumption_failed(""/usr/local/lib/python2.7/dist-packages/ivy/include/1.7/quic_frame.ivy: line 1494"")",/home/chris/Toward-verification-of-QUIC-extensions/installer/TVOQE/results/errors/server/local/quant_master_server/temp/1285/quic_server_test_stop_sending0.iev,0.0,0.0
968,quant,server,quic_server_test_tp_limit_newcoid0,,"ivy_return_code(1)+assumption_failed(""/usr/local/lib/python2.7/dist-packages/ivy/include/1.7/quic_frame.ivy: line 1494"")",/home/chris/Toward-verification-of-QUIC-extensions/installer/TVOQE/results/errors/server/local/quant_master_server/temp/355/quic_server_test_tp_limit_newcoid0.iev,0.0,0.0
969,quant,server,quic_server_test_connection_close0,,"ivy_return_code(1)+assumption_failed(""/usr/local/lib/python2.7/dist-packages/ivy/include/1.7/quic_frame.ivy: line 1494"")",/home/chris/Toward-verification-of-QUIC-extensions/installer/TVOQE/results/errors/server/local/quant_master_server/temp/847/quic_server_test_connection_close0.iev,0.0,0.0
970,quant,server,quic_server_test_tp_error0,,,/home/chris/Toward-verification-of-QUIC-extensions/installer/TVOQE/results/errors/server/local/quant_master_server/temp/623/quic_server_test_tp_error0.iev,0.0,1.0
971,quant,server,quic_server_test_tp_error0,,,/home/chris/Toward-verification-of-QUIC-extensions/installer/TVOQE/results/errors/server/local/quant_master_server/temp/666/quic_server_test_tp_error0.iev,0.0,1.0
972,quant,server,quic_server_test_token_error0,,,/home/chris/Toward-verification-of-QUIC-extensions/installer/TVOQE/results/errors/server/local/quant_master_server/temp/555/quic_server_test_token_error0.iev,0.0,1.0
973,quant,server,quic_server_test_tp_error0,,,/home/chris/Toward-verification-of-QUIC-extensions/installer/TVOQE/results/errors/server/local/quant_master_server/temp/647/quic_server_test_tp_error0.iev,0.0,1.0
974,quant,server,quic_server_test_tp_acticoid_error0,,,/home/chris/Toward-verification-of-QUIC-extensions/installer/TVOQE/results/errors/server/local/quant_master_server/temp/712/quic_server_test_tp_acticoid_error0.iev,0.0,1.0
975,quant,server,quic_server_test_double_tp_error0,,,/home/chris/Toward-verification-of-QUIC-extensions/installer/TVOQE/results/errors/server/local/quant_master_server/temp/1367/quic_server_test_double_tp_error0.iev,0.0,1.0
976,quant,server,quic_server_test_accept_maxdata0,,"ivy_return_code(1)+assumption_failed(""/usr/local/lib/python2.7/dist-packages/ivy/include/1.7/quic_frame.ivy: line 1494"")",/home/chris/Toward-verification-of-QUIC-extensions/installer/TVOQE/results/errors/server/local/quant_master_server/temp/1538/quic_server_test_accept_maxdata0.iev,0.0,0.0
977,quant,server,quic_server_test_double_tp_error0,,,/home/chris/Toward-verification-of-QUIC-extensions/installer/TVOQE/results/errors/server/local/quant_master_server/temp/1325/quic_server_test_double_tp_error0.iev,0.0,1.0
978,quant,server,quic_server_test_unkown0,,ivy_return_code(134)+ivy_binary_deser_128 getn deser_err,/home/chris/Toward-verification-of-QUIC-extensions/installer/TVOQE/results/errors/server/local/quant_master_server/temp/197/quic_server_test_unkown0.iev,0.0,0.0
979,quant,server,quic_server_test_newconnectionid_error0,,server_return_code(-6)+ivy_return_code(1),/home/chris/Toward-verification-of-QUIC-extensions/installer/TVOQE/results/errors/server/local/quant_master_server/temp/1088/quic_server_test_newconnectionid_error0.iev,0.0,0.0
980,quant,server,quic_server_test_no_icid0,,,/home/chris/Toward-verification-of-QUIC-extensions/installer/TVOQE/results/errors/server/local/quant_master_server/temp/1675/quic_server_test_no_icid0.iev,0.0,1.0
981,quant,server,quic_server_test_handshake_done_error0,,"ivy_return_code(1)+assumption_failed(""quic_server_test_handshake_done_error.ivy: line 325"")",/home/chris/Toward-verification-of-QUIC-extensions/installer/TVOQE/results/errors/server/local/quant_master_server/temp/1175/quic_server_test_handshake_done_error0.iev,0.0,0.0
982,quant,server,quic_server_test_token_error0,,,/home/chris/Toward-verification-of-QUIC-extensions/installer/TVOQE/results/errors/server/local/quant_master_server/temp/550/quic_server_test_token_error0.iev,0.0,1.0
983,quant,server,quic_server_test_stream0,,"ivy_return_code(1)+assumption_failed(""/usr/local/lib/python2.7/dist-packages/ivy/include/1.7/quic_frame.ivy: line 1494"")",/home/chris/Toward-verification-of-QUIC-extensions/installer/TVOQE/results/errors/server/local/quant_master_server/temp/92/quic_server_test_stream0.iev,0.0,0.0
984,quant,server,quic_server_test_double_tp_error0,,,/home/chris/Toward-verification-of-QUIC-extensions/installer/TVOQE/results/errors/server/local/quant_master_server/temp/1392/quic_server_test_double_tp_error0.iev,0.0,1.0
985,quant,server,quic_server_test_tp_error0,,,/home/chris/Toward-verification-of-QUIC-extensions/installer/TVOQE/results/errors/server/local/quant_master_server/temp/671/quic_server_test_tp_error0.iev,0.0,1.0
986,quant,server,quic_server_test_no_icid0,,,/home/chris/Toward-verification-of-QUIC-extensions/installer/TVOQE/results/errors/server/local/quant_master_server/temp/1632/quic_server_test_no_icid0.iev,0.0,1.0
987,quant,server,quic_server_test_unkown0,,"ivy_return_code(1)+assumption_failed(""quic_server_test_unkown.ivy: line 571"")",/home/chris/Toward-verification-of-QUIC-extensions/installer/TVOQE/results/errors/server/local/quant_master_server/temp/185/quic_server_test_unkown0.iev,0.0,0.0
988,quant,server,quic_server_test_no_icid0,,,/home/chris/Toward-verification-of-QUIC-extensions/installer/TVOQE/results/errors/server/local/quant_master_server/temp/1661/quic_server_test_no_icid0.iev,0.0,1.0
989,quant,server,quic_server_test_blocked_streams_maxstream_error0,,"ivy_return_code(1)+assumption_failed(""/usr/local/lib/python2.7/dist-packages/ivy/include/1.7/quic_frame.ivy: line 1494"")",/home/chris/Toward-verification-of-QUIC-extensions/installer/TVOQE/results/errors/server/local/quant_master_server/temp/227/quic_server_test_blocked_streams_maxstream_error0.iev,0.0,0.0
990,quant,server,quic_server_test_max0,,"ivy_return_code(1)+assumption_failed(""/usr/local/lib/python2.7/dist-packages/ivy/include/1.7/quic_frame.ivy: line 1494"")",/home/chris/Toward-verification-of-QUIC-extensions/installer/TVOQE/results/errors/server/local/quant_master_server/temp/402/quic_server_test_max0.iev,0.0,0.0
991,quant,server,quic_server_test_no_icid0,,,/home/chris/Toward-verification-of-QUIC-extensions/installer/TVOQE/results/errors/server/local/quant_master_server/temp/1676/quic_server_test_no_icid0.iev,0.0,1.0
992,quant,server,quic_server_test_tp_limit_newcoid0,,"ivy_return_code(1)+assumption_failed(""/usr/local/lib/python2.7/dist-packages/ivy/include/1.7/quic_frame.ivy: line 1494"")",/home/chris/Toward-verification-of-QUIC-extensions/installer/TVOQE/results/errors/server/local/quant_master_server/temp/300/quic_server_test_tp_limit_newcoid0.iev,0.0,0.0
993,quant,server,quic_server_test_blocked_streams_maxstream_error0,,"ivy_return_code(1)+assumption_failed(""quic_server_test_blocked_streams_maxstream_error.ivy: line 534"")",/home/chris/Toward-verification-of-QUIC-extensions/installer/TVOQE/results/errors/server/local/quant_master_server/temp/232/quic_server_test_blocked_streams_maxstream_error0.iev,0.0,0.0
994,quant,server,quic_server_test_tp_acticoid_error0,,,/home/chris/Toward-verification-of-QUIC-extensions/installer/TVOQE/results/errors/server/local/quant_master_server/temp/741/quic_server_test_tp_acticoid_error0.iev,0.0,1.0
995,quant,server,quic_server_test_max0,,"ivy_return_code(1)+assumption_failed(""/usr/local/lib/python2.7/dist-packages/ivy/include/1.7/quic_frame.ivy: line 1494"")",/home/chris/Toward-verification-of-QUIC-extensions/installer/TVOQE/results/errors/server/local/quant_master_server/temp/437/quic_server_test_max0.iev,0.0,0.0
996,quant,server,quic_server_test_token_error0,,,/home/chris/Toward-verification-of-QUIC-extensions/installer/TVOQE/results/errors/server/local/quant_master_server/temp/514/quic_server_test_token_error0.iev,0.0,1.0
997,quant,server,quic_server_test_tp_limit_acticoid_error0,,server_return_code(-6)+ivy_return_code(1),/home/chris/Toward-verification-of-QUIC-extensions/installer/TVOQE/results/errors/server/local/quant_master_server/temp/1425/quic_server_test_tp_limit_acticoid_error0.iev,0.0,0.0
998,quant,server,quic_server_test_tp_limit_acticoid_error0,,server_return_code(-6)+ivy_return_code(1),/home/chris/Toward-verification-of-QUIC-extensions/installer/TVOQE/results/errors/server/local/quant_master_server/temp/1473/quic_server_test_tp_limit_acticoid_error0.iev,0.0,0.0
999,quant,server,quic_server_test_reset_stream0,,"ivy_return_code(1)+assumption_failed(""quic_server_test.ivy: line 182"")",/home/chris/Toward-verification-of-QUIC-extensions/installer/TVOQE/results/errors/server/local/quant_master_server/temp/972/quic_server_test_reset_stream0.iev,0.0,0.0
1000,quant,server,quic_server_test_tp_acticoid_error0,,,/home/chris/Toward-verification-of-QUIC-extensions/installer/TVOQE/results/errors/server/local/quant_master_server/temp/743/quic_server_test_tp_acticoid_error0.iev,0.0,1.0
1001,quant,server,quic_server_test_tp_acticoid_error0,,,/home/chris/Toward-verification-of-QUIC-extensions/installer/TVOQE/results/errors/server/local/quant_master_server/temp/787/quic_server_test_tp_acticoid_error0.iev,0.0,1.0
1002,quant,server,quic_server_test_ext_min_ack_delay0,,"ivy_return_code(1)+assumption_failed(""/usr/local/lib/python2.7/dist-packages/ivy/include/1.7/quic_frame.ivy: line 1494"")",/home/chris/Toward-verification-of-QUIC-extensions/installer/TVOQE/results/errors/server/local/quant_master_server/temp/1700/quic_server_test_ext_min_ack_delay0.iev,0.0,0.0
1003,quant,server,quic_server_test_token_error0,,,/home/chris/Toward-verification-of-QUIC-extensions/installer/TVOQE/results/errors/server/local/quant_master_server/temp/528/quic_server_test_token_error0.iev,0.0,1.0
1004,quant,server,quic_server_test_ext_min_ack_delay0,,"ivy_return_code(1)+assumption_failed(""/usr/local/lib/python2.7/dist-packages/ivy/include/1.7/quic_frame.ivy: line 1494"")",/home/chris/Toward-verification-of-QUIC-extensions/installer/TVOQE/results/errors/server/local/quant_master_server/temp/1770/quic_server_test_ext_min_ack_delay0.iev,0.0,0.0
1005,quant,server,quic_server_test_ext_min_ack_delay0,,"ivy_return_code(1)+assumption_failed(""/usr/local/lib/python2.7/dist-packages/ivy/include/1.7/quic_frame.ivy: line 1494"")",/home/chris/Toward-verification-of-QUIC-extensions/installer/TVOQE/results/errors/server/local/quant_master_server/temp/1726/quic_server_test_ext_min_ack_delay0.iev,0.0,0.0
1006,quant,server,quic_server_test_ext_min_ack_delay0,,"ivy_return_code(1)+assumption_failed(""/usr/local/lib/python2.7/dist-packages/ivy/include/1.7/quic_frame.ivy: line 1494"")",/home/chris/Toward-verification-of-QUIC-extensions/installer/TVOQE/results/errors/server/local/quant_master_server/temp/1701/quic_server_test_ext_min_ack_delay0.iev,0.0,0.0
1007,quant,server,quic_server_test_handshake_done_error0,,"ivy_return_code(1)+assumption_failed(""quic_server_test_handshake_done_error.ivy: line 325"")",/home/chris/Toward-verification-of-QUIC-extensions/installer/TVOQE/results/errors/server/local/quant_master_server/temp/1167/quic_server_test_handshake_done_error0.iev,0.0,0.0
1008,quant,server,quic_server_test_reset_stream0,,"ivy_return_code(1)+assumption_failed(""quic_server_test.ivy: line 182"")",/home/chris/Toward-verification-of-QUIC-extensions/installer/TVOQE/results/errors/server/local/quant_master_server/temp/958/quic_server_test_reset_stream0.iev,0.0,0.0
1009,quant,server,quic_server_test_stream0,,"ivy_return_code(1)+assumption_failed(""/usr/local/lib/python2.7/dist-packages/ivy/include/1.7/quic_frame.ivy: line 1494"")",/home/chris/Toward-verification-of-QUIC-extensions/installer/TVOQE/results/errors/server/local/quant_master_server/temp/71/quic_server_test_stream0.iev,0.0,0.0
1010,quant,server,quic_server_test_blocked_streams_maxstream_error0,,"ivy_return_code(1)+assumption_failed(""/usr/local/lib/python2.7/dist-packages/ivy/include/1.7/quic_frame.ivy: line 1494"")",/home/chris/Toward-verification-of-QUIC-extensions/installer/TVOQE/results/errors/server/local/quant_master_server/temp/221/quic_server_test_blocked_streams_maxstream_error0.iev,0.0,0.0
1011,quant,server,quic_server_test_newconnectionid_error0,,server_return_code(-6)+ivy_return_code(1),/home/chris/Toward-verification-of-QUIC-extensions/installer/TVOQE/results/errors/server/local/quant_master_server/temp/1076/quic_server_test_newconnectionid_error0.iev,0.0,0.0
1012,quant,server,quic_server_test_double_tp_error0,,,/home/chris/Toward-verification-of-QUIC-extensions/installer/TVOQE/results/errors/server/local/quant_master_server/temp/1378/quic_server_test_double_tp_error0.iev,0.0,1.0
1013,quant,server,quic_server_test_max0,,"ivy_return_code(1)+assumption_failed(""/usr/local/lib/python2.7/dist-packages/ivy/include/1.7/quic_frame.ivy: line 1494"")",/home/chris/Toward-verification-of-QUIC-extensions/installer/TVOQE/results/errors/server/local/quant_master_server/temp/463/quic_server_test_max0.iev,0.0,0.0
1014,quant,server,quic_server_test_stop_sending0,,"ivy_return_code(1)+assumption_failed(""/usr/local/lib/python2.7/dist-packages/ivy/include/1.7/quic_frame.ivy: line 1494"")",/home/chris/Toward-verification-of-QUIC-extensions/installer/TVOQE/results/errors/server/local/quant_master_server/temp/1203/quic_server_test_stop_sending0.iev,0.0,0.0
1015,quant,server,quic_server_test_blocked_streams_maxstream_error0,,"ivy_return_code(1)+assumption_failed(""quic_server_test_blocked_streams_maxstream_error.ivy: line 534"")",/home/chris/Toward-verification-of-QUIC-extensions/installer/TVOQE/results/errors/server/local/quant_master_server/temp/240/quic_server_test_blocked_streams_maxstream_error0.iev,0.0,0.0
1016,quant,server,quic_server_test_accept_maxdata0,,"ivy_return_code(1)+assumption_failed(""/usr/local/lib/python2.7/dist-packages/ivy/include/1.7/quic_frame.ivy: line 1494"")",/home/chris/Toward-verification-of-QUIC-extensions/installer/TVOQE/results/errors/server/local/quant_master_server/temp/1507/quic_server_test_accept_maxdata0.iev,0.0,0.0
1017,quant,server,quic_server_test_connection_close0,,,/home/chris/Toward-verification-of-QUIC-extensions/installer/TVOQE/results/errors/server/local/quant_master_server/temp/804/quic_server_test_connection_close0.iev,0.0,1.0
1018,quant,server,quic_server_test_reset_stream0,,"ivy_return_code(1)+assumption_failed(""quic_server_test.ivy: line 182"")",/home/chris/Toward-verification-of-QUIC-extensions/installer/TVOQE/results/errors/server/local/quant_master_server/temp/964/quic_server_test_reset_stream0.iev,0.0,0.0
1019,quant,server,quic_server_test_handshake_done_error0,,"ivy_return_code(1)+assumption_failed(""quic_server_test_handshake_done_error.ivy: line 325"")",/home/chris/Toward-verification-of-QUIC-extensions/installer/TVOQE/results/errors/server/local/quant_master_server/temp/1161/quic_server_test_handshake_done_error0.iev,0.0,0.0
1020,quant,server,quic_server_test_blocked_streams_maxstream_error0,,"ivy_return_code(1)+assumption_failed(""/usr/local/lib/python2.7/dist-packages/ivy/include/1.7/quic_frame.ivy: line 1494"")",/home/chris/Toward-verification-of-QUIC-extensions/installer/TVOQE/results/errors/server/local/quant_master_server/temp/287/quic_server_test_blocked_streams_maxstream_error0.iev,0.0,0.0
1021,quant,server,quic_server_test_double_tp_error0,,,/home/chris/Toward-verification-of-QUIC-extensions/installer/TVOQE/results/errors/server/local/quant_master_server/temp/1317/quic_server_test_double_tp_error0.iev,0.0,1.0
1022,quant,server,quic_server_test_tp_error0,,,/home/chris/Toward-verification-of-QUIC-extensions/installer/TVOQE/results/errors/server/local/quant_master_server/temp/654/quic_server_test_tp_error0.iev,0.0,1.0
1023,quant,server,quic_server_test_stream0,,"ivy_return_code(1)+assumption_failed(""/usr/local/lib/python2.7/dist-packages/ivy/include/1.7/quic_frame.ivy: line 1494"")",/home/chris/Toward-verification-of-QUIC-extensions/installer/TVOQE/results/errors/server/local/quant_master_server/temp/78/quic_server_test_stream0.iev,0.0,0.0
1024,quant,server,quic_server_test_tp_acticoid_error0,,,/home/chris/Toward-verification-of-QUIC-extensions/installer/TVOQE/results/errors/server/local/quant_master_server/temp/703/quic_server_test_tp_acticoid_error0.iev,0.0,1.0
1025,quant,server,quic_server_test_reset_stream0,,"ivy_return_code(1)+assumption_failed(""/usr/local/lib/python2.7/dist-packages/ivy/include/1.7/quic_frame.ivy: line 1494"")",/home/chris/Toward-verification-of-QUIC-extensions/installer/TVOQE/results/errors/server/local/quant_master_server/temp/914/quic_server_test_reset_stream0.iev,0.0,0.0
1026,quant,server,quic_server_test_double_tp_error0,,,/home/chris/Toward-verification-of-QUIC-extensions/installer/TVOQE/results/errors/server/local/quant_master_server/temp/1345/quic_server_test_double_tp_error0.iev,0.0,1.0
1027,quant,server,quic_server_test_double_tp_error0,,,/home/chris/Toward-verification-of-QUIC-extensions/installer/TVOQE/results/errors/server/local/quant_master_server/temp/1331/quic_server_test_double_tp_error0.iev,0.0,1.0
1028,quant,server,quic_server_test_tp_limit_acticoid_error0,,server_return_code(-6)+ivy_return_code(1),/home/chris/Toward-verification-of-QUIC-extensions/installer/TVOQE/results/errors/server/local/quant_master_server/temp/1488/quic_server_test_tp_limit_acticoid_error0.iev,0.0,0.0
1029,quant,server,quic_server_test_token_error0,,,/home/chris/Toward-verification-of-QUIC-extensions/installer/TVOQE/results/errors/server/local/quant_master_server/temp/519/quic_server_test_token_error0.iev,0.0,1.0
1030,quant,server,quic_server_test_blocked_streams_maxstream_error0,,"ivy_return_code(1)+assumption_failed(""/usr/local/lib/python2.7/dist-packages/ivy/include/1.7/quic_frame.ivy: line 1494"")",/home/chris/Toward-verification-of-QUIC-extensions/installer/TVOQE/results/errors/server/local/quant_master_server/temp/271/quic_server_test_blocked_streams_maxstream_error0.iev,0.0,0.0
1031,quant,server,quic_server_test_tp_limit_newcoid0,,"ivy_return_code(1)+assumption_failed(""/usr/local/lib/python2.7/dist-packages/ivy/include/1.7/quic_frame.ivy: line 1494"")",/home/chris/Toward-verification-of-QUIC-extensions/installer/TVOQE/results/errors/server/local/quant_master_server/temp/389/quic_server_test_tp_limit_newcoid0.iev,0.0,0.0
1032,quant,server,quic_server_test_tp_limit_newcoid0,,"ivy_return_code(1)+assumption_failed(""/usr/local/lib/python2.7/dist-packages/ivy/include/1.7/quic_frame.ivy: line 1494"")",/home/chris/Toward-verification-of-QUIC-extensions/installer/TVOQE/results/errors/server/local/quant_master_server/temp/352/quic_server_test_tp_limit_newcoid0.iev,0.0,0.0
1033,quant,server,quic_server_test_max0,,"ivy_return_code(1)+assumption_failed(""/usr/local/lib/python2.7/dist-packages/ivy/include/1.7/quic_frame.ivy: line 1494"")",/home/chris/Toward-verification-of-QUIC-extensions/installer/TVOQE/results/errors/server/local/quant_master_server/temp/451/quic_server_test_max0.iev,0.0,0.0
1034,quant,server,quic_server_test_no_icid0,,,/home/chris/Toward-verification-of-QUIC-extensions/installer/TVOQE/results/errors/server/local/quant_master_server/temp/1627/quic_server_test_no_icid0.iev,0.0,1.0
1035,quant,server,quic_server_test_tp_error0,,,/home/chris/Toward-verification-of-QUIC-extensions/installer/TVOQE/results/errors/server/local/quant_master_server/temp/656/quic_server_test_tp_error0.iev,0.0,1.0
1036,quant,server,quic_server_test_tp_error0,,,/home/chris/Toward-verification-of-QUIC-extensions/installer/TVOQE/results/errors/server/local/quant_master_server/temp/699/quic_server_test_tp_error0.iev,0.0,1.0
1037,quant,server,quic_server_test_no_icid0,,,/home/chris/Toward-verification-of-QUIC-extensions/installer/TVOQE/results/errors/server/local/quant_master_server/temp/1646/quic_server_test_no_icid0.iev,0.0,1.0
1038,quant,server,quic_server_test_stop_sending0,,"ivy_return_code(1)+assumption_failed(""/usr/local/lib/python2.7/dist-packages/ivy/include/1.7/quic_frame.ivy: line 1494"")",/home/chris/Toward-verification-of-QUIC-extensions/installer/TVOQE/results/errors/server/local/quant_master_server/temp/1256/quic_server_test_stop_sending0.iev,0.0,0.0
1039,quant,server,quic_server_test_tp_limit_acticoid_error0,,server_return_code(-6)+ivy_return_code(1),/home/chris/Toward-verification-of-QUIC-extensions/installer/TVOQE/results/errors/server/local/quant_master_server/temp/1448/quic_server_test_tp_limit_acticoid_error0.iev,0.0,0.0
1040,quant,server,quic_server_test_unkown0,,"ivy_return_code(1)+assumption_failed(""quic_server_test_unkown.ivy: line 571"")",/home/chris/Toward-verification-of-QUIC-extensions/installer/TVOQE/results/errors/server/local/quant_master_server/temp/154/quic_server_test_unkown0.iev,0.0,0.0
1041,quant,server,quic_server_test_tp_limit_acticoid_error0,,server_return_code(-6)+ivy_return_code(1),/home/chris/Toward-verification-of-QUIC-extensions/installer/TVOQE/results/errors/server/local/quant_master_server/temp/1440/quic_server_test_tp_limit_acticoid_error0.iev,0.0,0.0
1042,quant,server,quic_server_test_accept_maxdata0,,"ivy_return_code(1)+assumption_failed(""/usr/local/lib/python2.7/dist-packages/ivy/include/1.7/quic_frame.ivy: line 1494"")",/home/chris/Toward-verification-of-QUIC-extensions/installer/TVOQE/results/errors/server/local/quant_master_server/temp/1588/quic_server_test_accept_maxdata0.iev,0.0,0.0
1043,quant,server,quic_server_test_tp_error0,,,/home/chris/Toward-verification-of-QUIC-extensions/installer/TVOQE/results/errors/server/local/quant_master_server/temp/612/quic_server_test_tp_error0.iev,0.0,1.0
1044,quant,server,quic_server_test_token_error0,,,/home/chris/Toward-verification-of-QUIC-extensions/installer/TVOQE/results/errors/server/local/quant_master_server/temp/596/quic_server_test_token_error0.iev,0.0,1.0
1045,quant,server,quic_server_test_ext_min_ack_delay0,,"ivy_return_code(1)+assumption_failed(""/usr/local/lib/python2.7/dist-packages/ivy/include/1.7/quic_frame.ivy: line 1494"")",/home/chris/Toward-verification-of-QUIC-extensions/installer/TVOQE/results/errors/server/local/quant_master_server/temp/1765/quic_server_test_ext_min_ack_delay0.iev,0.0,0.0
1046,quant,server,quic_server_test_double_tp_error0,,,/home/chris/Toward-verification-of-QUIC-extensions/installer/TVOQE/results/errors/server/local/quant_master_server/temp/1377/quic_server_test_double_tp_error0.iev,0.0,1.0
1047,quant,server,quic_server_test_ext_min_ack_delay0,,"ivy_return_code(1)+assumption_failed(""/usr/local/lib/python2.7/dist-packages/ivy/include/1.7/quic_frame.ivy: line 1494"")",/home/chris/Toward-verification-of-QUIC-extensions/installer/TVOQE/results/errors/server/local/quant_master_server/temp/1751/quic_server_test_ext_min_ack_delay0.iev,0.0,0.0
1048,quant,server,quic_server_test_tp_acticoid_error0,,,/home/chris/Toward-verification-of-QUIC-extensions/installer/TVOQE/results/errors/server/local/quant_master_server/temp/752/quic_server_test_tp_acticoid_error0.iev,0.0,1.0
1049,quant,server,quic_server_test_tp_acticoid_error0,,,/home/chris/Toward-verification-of-QUIC-extensions/installer/TVOQE/results/errors/server/local/quant_master_server/temp/760/quic_server_test_tp_acticoid_error0.iev,0.0,1.0
1050,quant,server,quic_server_test_reset_stream0,,"ivy_return_code(1)+assumption_failed(""/usr/local/lib/python2.7/dist-packages/ivy/include/1.7/quic_frame.ivy: line 1494"")",/home/chris/Toward-verification-of-QUIC-extensions/installer/TVOQE/results/errors/server/local/quant_master_server/temp/937/quic_server_test_reset_stream0.iev,0.0,0.0
1051,quant,server,quic_server_test_no_icid0,,,/home/chris/Toward-verification-of-QUIC-extensions/installer/TVOQE/results/errors/server/local/quant_master_server/temp/1698/quic_server_test_no_icid0.iev,0.0,1.0
1052,quant,server,quic_server_test_newconnectionid_error0,,server_return_code(-6)+ivy_return_code(1),/home/chris/Toward-verification-of-QUIC-extensions/installer/TVOQE/results/errors/server/local/quant_master_server/temp/1092/quic_server_test_newconnectionid_error0.iev,0.0,0.0
1053,quant,server,quic_server_test_ext_min_ack_delay0,,"ivy_return_code(1)+assumption_failed(""/usr/local/lib/python2.7/dist-packages/ivy/include/1.7/quic_frame.ivy: line 1494"")",/home/chris/Toward-verification-of-QUIC-extensions/installer/TVOQE/results/errors/server/local/quant_master_server/temp/1759/quic_server_test_ext_min_ack_delay0.iev,0.0,0.0
1054,quant,server,quic_server_test_stream0,,"ivy_return_code(1)+assumption_failed(""/usr/local/lib/python2.7/dist-packages/ivy/include/1.7/quic_frame.ivy: line 1494"")",/home/chris/Toward-verification-of-QUIC-extensions/installer/TVOQE/results/errors/server/local/quant_master_server/temp/41/quic_server_test_stream0.iev,0.0,0.0
1055,quant,server,quic_server_test_blocked_streams_maxstream_error0,,"ivy_return_code(1)+assumption_failed(""/usr/local/lib/python2.7/dist-packages/ivy/include/1.7/quic_frame.ivy: line 1494"")",/home/chris/Toward-verification-of-QUIC-extensions/installer/TVOQE/results/errors/server/local/quant_master_server/temp/265/quic_server_test_blocked_streams_maxstream_error0.iev,0.0,0.0
1056,quant,server,quic_server_test_no_icid0,,,/home/chris/Toward-verification-of-QUIC-extensions/installer/TVOQE/results/errors/server/local/quant_master_server/temp/1603/quic_server_test_no_icid0.iev,0.0,1.0
1057,quant,server,quic_server_test_newconnectionid_error0,,server_return_code(-6)+ivy_return_code(1),/home/chris/Toward-verification-of-QUIC-extensions/installer/TVOQE/results/errors/server/local/quant_master_server/temp/1031/quic_server_test_newconnectionid_error0.iev,0.0,0.0
1058,quant,server,quic_server_test_ext_min_ack_delay0,,"ivy_return_code(1)+assumption_failed(""/usr/local/lib/python2.7/dist-packages/ivy/include/1.7/quic_frame.ivy: line 1494"")",/home/chris/Toward-verification-of-QUIC-extensions/installer/TVOQE/results/errors/server/local/quant_master_server/temp/1707/quic_server_test_ext_min_ack_delay0.iev,0.0,0.0
1059,quant,server,quic_server_test_ext_min_ack_delay0,,"ivy_return_code(1)+assumption_failed(""/usr/local/lib/python2.7/dist-packages/ivy/include/1.7/quic_frame.ivy: line 1494"")",/home/chris/Toward-verification-of-QUIC-extensions/installer/TVOQE/results/errors/server/local/quant_master_server/temp/1792/quic_server_test_ext_min_ack_delay0.iev,0.0,0.0
1060,quant,server,quic_server_test_token_error0,,,/home/chris/Toward-verification-of-QUIC-extensions/installer/TVOQE/results/errors/server/local/quant_master_server/temp/561/quic_server_test_token_error0.iev,0.0,1.0
1061,quant,server,quic_server_test_handshake_done_error0,,"ivy_return_code(1)+assumption_failed(""quic_server_test_handshake_done_error.ivy: line 325"")",/home/chris/Toward-verification-of-QUIC-extensions/installer/TVOQE/results/errors/server/local/quant_master_server/temp/1101/quic_server_test_handshake_done_error0.iev,0.0,0.0
1062,quant,server,quic_server_test_newconnectionid_error0,,server_return_code(-6)+ivy_return_code(1),/home/chris/Toward-verification-of-QUIC-extensions/installer/TVOQE/results/errors/server/local/quant_master_server/temp/1065/quic_server_test_newconnectionid_error0.iev,0.0,0.0
1063,quant,server,quic_server_test_ext_min_ack_delay0,,"ivy_return_code(1)+assumption_failed(""/usr/local/lib/python2.7/dist-packages/ivy/include/1.7/quic_frame.ivy: line 1494"")",/home/chris/Toward-verification-of-QUIC-extensions/installer/TVOQE/results/errors/server/local/quant_master_server/temp/1734/quic_server_test_ext_min_ack_delay0.iev,0.0,0.0
1064,quant,server,quic_server_test_max0,,"ivy_return_code(1)+assumption_failed(""/usr/local/lib/python2.7/dist-packages/ivy/include/1.7/quic_frame.ivy: line 1494"")",/home/chris/Toward-verification-of-QUIC-extensions/installer/TVOQE/results/errors/server/local/quant_master_server/temp/431/quic_server_test_max0.iev,0.0,0.0
1065,quant,server,quic_server_test_tp_acticoid_error0,,,/home/chris/Toward-verification-of-QUIC-extensions/installer/TVOQE/results/errors/server/local/quant_master_server/temp/721/quic_server_test_tp_acticoid_error0.iev,0.0,1.0
1066,quant,server,quic_server_test_ext_min_ack_delay0,,"ivy_return_code(1)+assumption_failed(""/usr/local/lib/python2.7/dist-packages/ivy/include/1.7/quic_frame.ivy: line 1494"")",/home/chris/Toward-verification-of-QUIC-extensions/installer/TVOQE/results/errors/server/local/quant_master_server/temp/1789/quic_server_test_ext_min_ack_delay0.iev,0.0,0.0
1067,quant,server,quic_server_test_token_error0,,,/home/chris/Toward-verification-of-QUIC-extensions/installer/TVOQE/results/errors/server/local/quant_master_server/temp/517/quic_server_test_token_error0.iev,0.0,1.0
1068,quant,server,quic_server_test_max0,,"ivy_return_code(1)+assumption_failed(""/usr/local/lib/python2.7/dist-packages/ivy/include/1.7/quic_frame.ivy: line 1494"")",/home/chris/Toward-verification-of-QUIC-extensions/installer/TVOQE/results/errors/server/local/quant_master_server/temp/492/quic_server_test_max0.iev,0.0,0.0
1069,quant,server,quic_server_test_tp_error0,,,/home/chris/Toward-verification-of-QUIC-extensions/installer/TVOQE/results/errors/server/local/quant_master_server/temp/680/quic_server_test_tp_error0.iev,0.0,1.0
1070,quant,server,quic_server_test_tp_limit_acticoid_error0,,server_return_code(-6)+ivy_return_code(1),/home/chris/Toward-verification-of-QUIC-extensions/installer/TVOQE/results/errors/server/local/quant_master_server/temp/1474/quic_server_test_tp_limit_acticoid_error0.iev,0.0,0.0
1071,quant,server,quic_server_test_accept_maxdata0,,"ivy_return_code(1)+assumption_failed(""/usr/local/lib/python2.7/dist-packages/ivy/include/1.7/quic_frame.ivy: line 1494"")",/home/chris/Toward-verification-of-QUIC-extensions/installer/TVOQE/results/errors/server/local/quant_master_server/temp/1579/quic_server_test_accept_maxdata0.iev,0.0,0.0
1072,quant,server,quic_server_test_token_error0,,,/home/chris/Toward-verification-of-QUIC-extensions/installer/TVOQE/results/errors/server/local/quant_master_server/temp/544/quic_server_test_token_error0.iev,0.0,1.0
1073,quant,server,quic_server_test_no_icid0,,,/home/chris/Toward-verification-of-QUIC-extensions/installer/TVOQE/results/errors/server/local/quant_master_server/temp/1643/quic_server_test_no_icid0.iev,0.0,1.0
1074,quant,server,quic_server_test_unkown0,,"ivy_return_code(1)+assumption_failed(""quic_server_test_unkown.ivy: line 571"")",/home/chris/Toward-verification-of-QUIC-extensions/installer/TVOQE/results/errors/server/local/quant_master_server/temp/110/quic_server_test_unkown0.iev,0.0,0.0
1075,quant,server,quic_server_test_tp_acticoid_error0,,,/home/chris/Toward-verification-of-QUIC-extensions/installer/TVOQE/results/errors/server/local/quant_master_server/temp/764/quic_server_test_tp_acticoid_error0.iev,0.0,1.0
1076,quant,server,quic_server_test_accept_maxdata0,,"ivy_return_code(1)+assumption_failed(""/usr/local/lib/python2.7/dist-packages/ivy/include/1.7/quic_frame.ivy: line 1494"")",/home/chris/Toward-verification-of-QUIC-extensions/installer/TVOQE/results/errors/server/local/quant_master_server/temp/1565/quic_server_test_accept_maxdata0.iev,0.0,0.0
1077,quant,server,quic_server_test_newconnectionid_error0,,"ivy_return_code(1)+assumption_failed(""/usr/local/lib/python2.7/dist-packages/ivy/include/1.7/quic_frame.ivy: line 1494"")",/home/chris/Toward-verification-of-QUIC-extensions/installer/TVOQE/results/errors/server/local/quant_master_server/temp/1000/quic_server_test_newconnectionid_error0.iev,0.0,0.0
1078,quant,server,quic_server_test_newconnectionid_error0,,server_return_code(-6)+ivy_return_code(1),/home/chris/Toward-verification-of-QUIC-extensions/installer/TVOQE/results/errors/server/local/quant_master_server/temp/1039/quic_server_test_newconnectionid_error0.iev,0.0,0.0
1079,quant,server,quic_server_test_tp_limit_newcoid0,,"ivy_return_code(1)+assumption_failed(""/usr/local/lib/python2.7/dist-packages/ivy/include/1.7/quic_frame.ivy: line 1494"")",/home/chris/Toward-verification-of-QUIC-extensions/installer/TVOQE/results/errors/server/local/quant_master_server/temp/381/quic_server_test_tp_limit_newcoid0.iev,0.0,0.0
1080,quant,server,quic_server_test_connection_close0,,,/home/chris/Toward-verification-of-QUIC-extensions/installer/TVOQE/results/errors/server/local/quant_master_server/temp/817/quic_server_test_connection_close0.iev,0.0,1.0
1081,quant,server,quic_server_test_handshake_done_error0,,"ivy_return_code(1)+assumption_failed(""quic_server_test_handshake_done_error.ivy: line 325"")",/home/chris/Toward-verification-of-QUIC-extensions/installer/TVOQE/results/errors/server/local/quant_master_server/temp/1189/quic_server_test_handshake_done_error0.iev,0.0,0.0
1082,quant,server,quic_server_test_accept_maxdata0,,"ivy_return_code(1)+assumption_failed(""/usr/local/lib/python2.7/dist-packages/ivy/include/1.7/quic_frame.ivy: line 1494"")",/home/chris/Toward-verification-of-QUIC-extensions/installer/TVOQE/results/errors/server/local/quant_master_server/temp/1540/quic_server_test_accept_maxdata0.iev,0.0,0.0
1083,quant,server,quic_server_test_tp_limit_acticoid_error0,,"ivy_return_code(1)+assumption_failed(""quic_server_test_tp_limit_acticoid_error.ivy: line 527"")",/home/chris/Toward-verification-of-QUIC-extensions/installer/TVOQE/results/errors/server/local/quant_master_server/temp/1410/quic_server_test_tp_limit_acticoid_error0.iev,0.0,0.0
1084,quant,server,quic_server_test_accept_maxdata0,,"ivy_return_code(1)+assumption_failed(""/usr/local/lib/python2.7/dist-packages/ivy/include/1.7/quic_frame.ivy: line 1494"")",/home/chris/Toward-verification-of-QUIC-extensions/installer/TVOQE/results/errors/server/local/quant_master_server/temp/1535/quic_server_test_accept_maxdata0.iev,0.0,0.0
1085,quant,server,quic_server_test_token_error0,,,/home/chris/Toward-verification-of-QUIC-extensions/installer/TVOQE/results/errors/server/local/quant_master_server/temp/559/quic_server_test_token_error0.iev,0.0,1.0
1086,quant,server,quic_server_test_blocked_streams_maxstream_error0,,"ivy_return_code(1)+assumption_failed(""/usr/local/lib/python2.7/dist-packages/ivy/include/1.7/quic_frame.ivy: line 1494"")",/home/chris/Toward-verification-of-QUIC-extensions/installer/TVOQE/results/errors/server/local/quant_master_server/temp/255/quic_server_test_blocked_streams_maxstream_error0.iev,0.0,0.0
1087,quant,server,quic_server_test_no_icid0,,,/home/chris/Toward-verification-of-QUIC-extensions/installer/TVOQE/results/errors/server/local/quant_master_server/temp/1695/quic_server_test_no_icid0.iev,0.0,1.0
1088,quant,server,quic_server_test_unkown0,,"ivy_return_code(1)+assumption_failed(""quic_server_test_unkown.ivy: line 571"")",/home/chris/Toward-verification-of-QUIC-extensions/installer/TVOQE/results/errors/server/local/quant_master_server/temp/183/quic_server_test_unkown0.iev,0.0,0.0
1089,quant,server,quic_server_test_accept_maxdata0,,"ivy_return_code(1)+assumption_failed(""/usr/local/lib/python2.7/dist-packages/ivy/include/1.7/quic_frame.ivy: line 1494"")",/home/chris/Toward-verification-of-QUIC-extensions/installer/TVOQE/results/errors/server/local/quant_master_server/temp/1502/quic_server_test_accept_maxdata0.iev,0.0,0.0
1090,quant,server,quic_server_test_reset_stream0,,"ivy_return_code(1)+assumption_failed(""/usr/local/lib/python2.7/dist-packages/ivy/include/1.7/quic_frame.ivy: line 1494"")",/home/chris/Toward-verification-of-QUIC-extensions/installer/TVOQE/results/errors/server/local/quant_master_server/temp/949/quic_server_test_reset_stream0.iev,0.0,0.0
1091,quant,server,quic_server_test_tp_limit_acticoid_error0,,server_return_code(-6)+ivy_return_code(1),/home/chris/Toward-verification-of-QUIC-extensions/installer/TVOQE/results/errors/server/local/quant_master_server/temp/1423/quic_server_test_tp_limit_acticoid_error0.iev,0.0,0.0
1092,quant,server,quic_server_test_tp_limit_acticoid_error0,,"ivy_return_code(1)+assumption_failed(""quic_server_test_tp_limit_acticoid_error.ivy: line 527"")",/home/chris/Toward-verification-of-QUIC-extensions/installer/TVOQE/results/errors/server/local/quant_master_server/temp/1414/quic_server_test_tp_limit_acticoid_error0.iev,0.0,0.0
1093,quant,server,quic_server_test_ext_min_ack_delay0,,"ivy_return_code(1)+assumption_failed(""/usr/local/lib/python2.7/dist-packages/ivy/include/1.7/quic_frame.ivy: line 1494"")",/home/chris/Toward-verification-of-QUIC-extensions/installer/TVOQE/results/errors/server/local/quant_master_server/temp/1744/quic_server_test_ext_min_ack_delay0.iev,0.0,0.0
1094,quant,server,quic_server_test_connection_close0,,"ivy_return_code(1)+assumption_failed(""/usr/local/lib/python2.7/dist-packages/ivy/include/1.7/quic_frame.ivy: line 1494"")",/home/chris/Toward-verification-of-QUIC-extensions/installer/TVOQE/results/errors/server/local/quant_master_server/temp/859/quic_server_test_connection_close0.iev,0.0,0.0
1095,quant,server,quic_server_test_double_tp_error0,,,/home/chris/Toward-verification-of-QUIC-extensions/installer/TVOQE/results/errors/server/local/quant_master_server/temp/1323/quic_server_test_double_tp_error0.iev,0.0,1.0
1096,quant,server,quic_server_test_no_icid0,,,/home/chris/Toward-verification-of-QUIC-extensions/installer/TVOQE/results/errors/server/local/quant_master_server/temp/1683/quic_server_test_no_icid0.iev,0.0,1.0
1097,quant,server,quic_server_test_tp_limit_newcoid0,,"ivy_return_code(1)+assumption_failed(""/usr/local/lib/python2.7/dist-packages/ivy/include/1.7/quic_frame.ivy: line 1494"")",/home/chris/Toward-verification-of-QUIC-extensions/installer/TVOQE/results/errors/server/local/quant_master_server/temp/342/quic_server_test_tp_limit_newcoid0.iev,0.0,0.0
1098,quant,server,quic_server_test_token_error0,,,/home/chris/Toward-verification-of-QUIC-extensions/installer/TVOQE/results/errors/server/local/quant_master_server/temp/543/quic_server_test_token_error0.iev,0.0,1.0
1099,quant,server,quic_server_test_tp_limit_acticoid_error0,,server_return_code(-6)+ivy_return_code(1),/home/chris/Toward-verification-of-QUIC-extensions/installer/TVOQE/results/errors/server/local/quant_master_server/temp/1402/quic_server_test_tp_limit_acticoid_error0.iev,0.0,0.0
1100,quant,server,quic_server_test_reset_stream0,,"ivy_return_code(1)+assumption_failed(""/usr/local/lib/python2.7/dist-packages/ivy/include/1.7/quic_frame.ivy: line 1494"")",/home/chris/Toward-verification-of-QUIC-extensions/installer/TVOQE/results/errors/server/local/quant_master_server/temp/981/quic_server_test_reset_stream0.iev,0.0,0.0
1101,quant,server,quic_server_test_no_icid0,,,/home/chris/Toward-verification-of-QUIC-extensions/installer/TVOQE/results/errors/server/local/quant_master_server/temp/1645/quic_server_test_no_icid0.iev,0.0,1.0
1102,quant,server,quic_server_test_tp_error0,,,/home/chris/Toward-verification-of-QUIC-extensions/installer/TVOQE/results/errors/server/local/quant_master_server/temp/692/quic_server_test_tp_error0.iev,0.0,1.0
1103,quant,server,quic_server_test_tp_error0,,,/home/chris/Toward-verification-of-QUIC-extensions/installer/TVOQE/results/errors/server/local/quant_master_server/temp/630/quic_server_test_tp_error0.iev,0.0,1.0
1104,quant,server,quic_server_test_tp_limit_acticoid_error0,,server_return_code(-6)+ivy_return_code(1),/home/chris/Toward-verification-of-QUIC-extensions/installer/TVOQE/results/errors/server/local/quant_master_server/temp/1416/quic_server_test_tp_limit_acticoid_error0.iev,0.0,0.0
1105,quant,server,quic_server_test_token_error0,,,/home/chris/Toward-verification-of-QUIC-extensions/installer/TVOQE/results/errors/server/local/quant_master_server/temp/515/quic_server_test_token_error0.iev,0.0,1.0
1106,quant,server,quic_server_test_connection_close0,,,/home/chris/Toward-verification-of-QUIC-extensions/installer/TVOQE/results/errors/server/local/quant_master_server/temp/863/quic_server_test_connection_close0.iev,0.0,1.0
1107,quant,server,quic_server_test_tp_limit_acticoid_error0,,,/home/chris/Toward-verification-of-QUIC-extensions/installer/TVOQE/results/errors/server/local/quant_master_server/temp/1490/quic_server_test_tp_limit_acticoid_error0.iev,0.0,1.0
1108,quant,server,quic_server_test_handshake_done_error0,,"ivy_return_code(1)+assumption_failed(""quic_server_test_handshake_done_error.ivy: line 325"")",/home/chris/Toward-verification-of-QUIC-extensions/installer/TVOQE/results/errors/server/local/quant_master_server/temp/1137/quic_server_test_handshake_done_error0.iev,0.0,0.0
1109,quant,server,quic_server_test_tp_error0,,,/home/chris/Toward-verification-of-QUIC-extensions/installer/TVOQE/results/errors/server/local/quant_master_server/temp/651/quic_server_test_tp_error0.iev,0.0,1.0
1110,quant,server,quic_server_test_tp_acticoid_error0,,,/home/chris/Toward-verification-of-QUIC-extensions/installer/TVOQE/results/errors/server/local/quant_master_server/temp/723/quic_server_test_tp_acticoid_error0.iev,0.0,1.0
1111,quant,server,quic_server_test_tp_acticoid_error0,,,/home/chris/Toward-verification-of-QUIC-extensions/installer/TVOQE/results/errors/server/local/quant_master_server/temp/776/quic_server_test_tp_acticoid_error0.iev,0.0,1.0
1112,quant,server,quic_server_test_newconnectionid_error0,,server_return_code(-6)+test_completed,/home/chris/Toward-verification-of-QUIC-extensions/installer/TVOQE/results/errors/server/local/quant_master_server/temp/1052/quic_server_test_newconnectionid_error0.iev,0.0,0.0
1113,quant,server,quic_server_test_tp_limit_acticoid_error0,,server_return_code(-6)+ivy_return_code(1),/home/chris/Toward-verification-of-QUIC-extensions/installer/TVOQE/results/errors/server/local/quant_master_server/temp/1483/quic_server_test_tp_limit_acticoid_error0.iev,0.0,0.0
1114,quant,server,quic_server_test_no_icid0,,,/home/chris/Toward-verification-of-QUIC-extensions/installer/TVOQE/results/errors/server/local/quant_master_server/temp/1665/quic_server_test_no_icid0.iev,0.0,1.0
1115,quant,server,quic_server_test_tp_limit_acticoid_error0,,server_return_code(-6)+ivy_return_code(1),/home/chris/Toward-verification-of-QUIC-extensions/installer/TVOQE/results/errors/server/local/quant_master_server/temp/1449/quic_server_test_tp_limit_acticoid_error0.iev,0.0,0.0
1116,quant,server,quic_server_test_reset_stream0,,"ivy_return_code(1)+assumption_failed(""quic_server_test.ivy: line 182"")",/home/chris/Toward-verification-of-QUIC-extensions/installer/TVOQE/results/errors/server/local/quant_master_server/temp/990/quic_server_test_reset_stream0.iev,0.0,0.0
1117,quant,server,quic_server_test_ext_min_ack_delay0,,"ivy_return_code(1)+assumption_failed(""/usr/local/lib/python2.7/dist-packages/ivy/include/1.7/quic_frame.ivy: line 1494"")",/home/chris/Toward-verification-of-QUIC-extensions/installer/TVOQE/results/errors/server/local/quant_master_server/temp/1709/quic_server_test_ext_min_ack_delay0.iev,0.0,0.0
1118,quant,server,quic_server_test_stop_sending0,,"ivy_return_code(1)+assumption_failed(""/usr/local/lib/python2.7/dist-packages/ivy/include/1.7/quic_frame.ivy: line 1494"")",/home/chris/Toward-verification-of-QUIC-extensions/installer/TVOQE/results/errors/server/local/quant_master_server/temp/1211/quic_server_test_stop_sending0.iev,0.0,0.0
1119,quant,server,quic_server_test_connection_close0,,ivy_return_code(134)+< prot.show_seqnum(0),/home/chris/Toward-verification-of-QUIC-extensions/installer/TVOQE/results/errors/server/local/quant_master_server/temp/893/quic_server_test_connection_close0.iev,0.0,0.0
1120,quant,server,quic_server_test_token_error0,,,/home/chris/Toward-verification-of-QUIC-extensions/installer/TVOQE/results/errors/server/local/quant_master_server/temp/573/quic_server_test_token_error0.iev,0.0,1.0
1121,quant,server,quic_server_test_no_icid0,,,/home/chris/Toward-verification-of-QUIC-extensions/installer/TVOQE/results/errors/server/local/quant_master_server/temp/1638/quic_server_test_no_icid0.iev,0.0,1.0
1122,quant,server,quic_server_test_handshake_done_error0,,"ivy_return_code(1)+assumption_failed(""quic_server_test_handshake_done_error.ivy: line 186"")",/home/chris/Toward-verification-of-QUIC-extensions/installer/TVOQE/results/errors/server/local/quant_master_server/temp/1194/quic_server_test_handshake_done_error0.iev,0.0,0.0
1123,quant,server,quic_server_test_token_error0,,,/home/chris/Toward-verification-of-QUIC-extensions/installer/TVOQE/results/errors/server/local/quant_master_server/temp/594/quic_server_test_token_error0.iev,0.0,1.0
1124,quant,server,quic_server_test_stream0,,"ivy_return_code(1)+assumption_failed(""/usr/local/lib/python2.7/dist-packages/ivy/include/1.7/quic_frame.ivy: line 1494"")",/home/chris/Toward-verification-of-QUIC-extensions/installer/TVOQE/results/errors/server/local/quant_master_server/temp/98/quic_server_test_stream0.iev,0.0,0.0
1125,quant,server,quic_server_test_reset_stream0,,"ivy_return_code(1)+assumption_failed(""quic_server_test.ivy: line 182"")",/home/chris/Toward-verification-of-QUIC-extensions/installer/TVOQE/results/errors/server/local/quant_master_server/temp/944/quic_server_test_reset_stream0.iev,0.0,0.0
1126,quant,server,quic_server_test_blocked_streams_maxstream_error0,,"ivy_return_code(1)+assumption_failed(""/usr/local/lib/python2.7/dist-packages/ivy/include/1.7/quic_frame.ivy: line 1494"")",/home/chris/Toward-verification-of-QUIC-extensions/installer/TVOQE/results/errors/server/local/quant_master_server/temp/220/quic_server_test_blocked_streams_maxstream_error0.iev,0.0,0.0
1127,quant,server,quic_server_test_stream0,,,/home/chris/Toward-verification-of-QUIC-extensions/installer/TVOQE/results/errors/server/local/quant_master_server/temp/60/quic_server_test_stream0.iev,0.0,1.0
1128,quant,server,quic_server_test_ext_min_ack_delay0,,"ivy_return_code(1)+assumption_failed(""/usr/local/lib/python2.7/dist-packages/ivy/include/1.7/quic_frame.ivy: line 1494"")",/home/chris/Toward-verification-of-QUIC-extensions/installer/TVOQE/results/errors/server/local/quant_master_server/temp/1787/quic_server_test_ext_min_ack_delay0.iev,0.0,0.0
1129,quant,server,quic_server_test_double_tp_error0,,,/home/chris/Toward-verification-of-QUIC-extensions/installer/TVOQE/results/errors/server/local/quant_master_server/temp/1385/quic_server_test_double_tp_error0.iev,0.0,1.0
1130,quant,server,quic_server_test_handshake_done_error0,,"ivy_return_code(1)+assumption_failed(""quic_server_test_handshake_done_error.ivy: line 325"")",/home/chris/Toward-verification-of-QUIC-extensions/installer/TVOQE/results/errors/server/local/quant_master_server/temp/1134/quic_server_test_handshake_done_error0.iev,0.0,0.0
1131,quant,server,quic_server_test_no_icid0,,,/home/chris/Toward-verification-of-QUIC-extensions/installer/TVOQE/results/errors/server/local/quant_master_server/temp/1630/quic_server_test_no_icid0.iev,0.0,1.0
1132,quant,server,quic_server_test_accept_maxdata0,,"ivy_return_code(1)+assumption_failed(""/usr/local/lib/python2.7/dist-packages/ivy/include/1.7/quic_frame.ivy: line 1494"")",/home/chris/Toward-verification-of-QUIC-extensions/installer/TVOQE/results/errors/server/local/quant_master_server/temp/1566/quic_server_test_accept_maxdata0.iev,0.0,0.0
1133,quant,server,quic_server_test_blocked_streams_maxstream_error0,,"ivy_return_code(1)+assumption_failed(""quic_server_test_blocked_streams_maxstream_error.ivy: line 534"")",/home/chris/Toward-verification-of-QUIC-extensions/installer/TVOQE/results/errors/server/local/quant_master_server/temp/254/quic_server_test_blocked_streams_maxstream_error0.iev,0.0,0.0
1134,quant,server,quic_server_test_connection_close0,,,/home/chris/Toward-verification-of-QUIC-extensions/installer/TVOQE/results/errors/server/local/quant_master_server/temp/814/quic_server_test_connection_close0.iev,0.0,1.0
1135,quant,server,quic_server_test_stream0,,,/home/chris/Toward-verification-of-QUIC-extensions/installer/TVOQE/results/errors/server/local/quant_master_server/temp/34/quic_server_test_stream0.iev,0.0,1.0
1136,quant,server,quic_server_test_unkown0,,"ivy_return_code(1)+assumption_failed(""quic_server_test_unkown.ivy: line 571"")",/home/chris/Toward-verification-of-QUIC-extensions/installer/TVOQE/results/errors/server/local/quant_master_server/temp/101/quic_server_test_unkown0.iev,0.0,0.0
1137,quant,server,quic_server_test_connection_close0,,"ivy_return_code(1)+assumption_failed(""/usr/local/lib/python2.7/dist-packages/ivy/include/1.7/quic_frame.ivy: line 1494"")",/home/chris/Toward-verification-of-QUIC-extensions/installer/TVOQE/results/errors/server/local/quant_master_server/temp/842/quic_server_test_connection_close0.iev,0.0,0.0
1138,quant,server,quic_server_test_no_icid0,,,/home/chris/Toward-verification-of-QUIC-extensions/installer/TVOQE/results/errors/server/local/quant_master_server/temp/1612/quic_server_test_no_icid0.iev,0.0,1.0
1139,quant,server,quic_server_test_tp_acticoid_error0,,,/home/chris/Toward-verification-of-QUIC-extensions/installer/TVOQE/results/errors/server/local/quant_master_server/temp/718/quic_server_test_tp_acticoid_error0.iev,0.0,1.0
1140,quant,server,quic_server_test_stop_sending0,,"ivy_return_code(1)+assumption_failed(""/usr/local/lib/python2.7/dist-packages/ivy/include/1.7/quic_frame.ivy: line 1494"")",/home/chris/Toward-verification-of-QUIC-extensions/installer/TVOQE/results/errors/server/local/quant_master_server/temp/1221/quic_server_test_stop_sending0.iev,0.0,0.0
1141,quant,server,quic_server_test_reset_stream0,,"ivy_return_code(1)+assumption_failed(""/usr/local/lib/python2.7/dist-packages/ivy/include/1.7/quic_frame.ivy: line 1494"")",/home/chris/Toward-verification-of-QUIC-extensions/installer/TVOQE/results/errors/server/local/quant_master_server/temp/920/quic_server_test_reset_stream0.iev,0.0,0.0
1142,quant,server,quic_server_test_unkown0,,ivy_return_code(134)+ivy_binary_deser_128 getn deser_err,/home/chris/Toward-verification-of-QUIC-extensions/installer/TVOQE/results/errors/server/local/quant_master_server/temp/139/quic_server_test_unkown0.iev,0.0,0.0
1143,quant,server,quic_server_test_connection_close0,,"ivy_return_code(1)+assumption_failed(""/usr/local/lib/python2.7/dist-packages/ivy/include/1.7/quic_frame.ivy: line 1494"")",/home/chris/Toward-verification-of-QUIC-extensions/installer/TVOQE/results/errors/server/local/quant_master_server/temp/868/quic_server_test_connection_close0.iev,0.0,0.0
1144,quant,server,quic_server_test_newconnectionid_error0,,server_return_code(-6)+ivy_return_code(1),/home/chris/Toward-verification-of-QUIC-extensions/installer/TVOQE/results/errors/server/local/quant_master_server/temp/1040/quic_server_test_newconnectionid_error0.iev,0.0,0.0
1145,quant,server,quic_server_test_token_error0,,,/home/chris/Toward-verification-of-QUIC-extensions/installer/TVOQE/results/errors/server/local/quant_master_server/temp/523/quic_server_test_token_error0.iev,0.0,1.0
1146,quant,server,quic_server_test_double_tp_error0,,,/home/chris/Toward-verification-of-QUIC-extensions/installer/TVOQE/results/errors/server/local/quant_master_server/temp/1372/quic_server_test_double_tp_error0.iev,0.0,1.0
1147,quant,server,quic_server_test_token_error0,,,/home/chris/Toward-verification-of-QUIC-extensions/installer/TVOQE/results/errors/server/local/quant_master_server/temp/569/quic_server_test_token_error0.iev,0.0,1.0
1148,quant,server,quic_server_test_double_tp_error0,,,/home/chris/Toward-verification-of-QUIC-extensions/installer/TVOQE/results/errors/server/local/quant_master_server/temp/1339/quic_server_test_double_tp_error0.iev,0.0,1.0
1149,quant,server,quic_server_test_max0,,,/home/chris/Toward-verification-of-QUIC-extensions/installer/TVOQE/results/errors/server/local/quant_master_server/temp/444/quic_server_test_max0.iev,0.0,1.0
1150,quant,server,quic_server_test_connection_close0,,,/home/chris/Toward-verification-of-QUIC-extensions/installer/TVOQE/results/errors/server/local/quant_master_server/temp/864/quic_server_test_connection_close0.iev,0.0,1.0
1151,quant,server,quic_server_test_tp_limit_acticoid_error0,,server_return_code(-6)+ivy_return_code(1),/home/chris/Toward-verification-of-QUIC-extensions/installer/TVOQE/results/errors/server/local/quant_master_server/temp/1421/quic_server_test_tp_limit_acticoid_error0.iev,0.0,0.0
1152,quant,server,quic_server_test_max0,,"ivy_return_code(1)+assumption_failed(""/usr/local/lib/python2.7/dist-packages/ivy/include/1.7/quic_frame.ivy: line 1494"")",/home/chris/Toward-verification-of-QUIC-extensions/installer/TVOQE/results/errors/server/local/quant_master_server/temp/400/quic_server_test_max0.iev,0.0,0.0
1153,quant,server,quic_server_test_stop_sending0,,"ivy_return_code(1)+assumption_failed(""/usr/local/lib/python2.7/dist-packages/ivy/include/1.7/quic_frame.ivy: line 1494"")",/home/chris/Toward-verification-of-QUIC-extensions/installer/TVOQE/results/errors/server/local/quant_master_server/temp/1225/quic_server_test_stop_sending0.iev,0.0,0.0
1154,quant,server,quic_server_test_tp_limit_acticoid_error0,,server_return_code(-6)+ivy_return_code(1),/home/chris/Toward-verification-of-QUIC-extensions/installer/TVOQE/results/errors/server/local/quant_master_server/temp/1452/quic_server_test_tp_limit_acticoid_error0.iev,0.0,0.0
1155,quant,server,quic_server_test_double_tp_error0,,,/home/chris/Toward-verification-of-QUIC-extensions/installer/TVOQE/results/errors/server/local/quant_master_server/temp/1381/quic_server_test_double_tp_error0.iev,0.0,1.0
1156,quant,server,quic_server_test_newconnectionid_error0,,server_return_code(-6)+ivy_return_code(1),/home/chris/Toward-verification-of-QUIC-extensions/installer/TVOQE/results/errors/server/local/quant_master_server/temp/1001/quic_server_test_newconnectionid_error0.iev,0.0,0.0
1157,quant,server,quic_server_test_unkown0,,"ivy_return_code(1)+assumption_failed(""quic_server_test_unkown.ivy: line 571"")",/home/chris/Toward-verification-of-QUIC-extensions/installer/TVOQE/results/errors/server/local/quant_master_server/temp/142/quic_server_test_unkown0.iev,0.0,0.0
1158,quant,server,quic_server_test_tp_limit_newcoid0,,"ivy_return_code(1)+assumption_failed(""/usr/local/lib/python2.7/dist-packages/ivy/include/1.7/quic_frame.ivy: line 1494"")",/home/chris/Toward-verification-of-QUIC-extensions/installer/TVOQE/results/errors/server/local/quant_master_server/temp/375/quic_server_test_tp_limit_newcoid0.iev,0.0,0.0
1159,quant,server,quic_server_test_handshake_done_error0,,"ivy_return_code(1)+assumption_failed(""quic_server_test_handshake_done_error.ivy: line 186"")",/home/chris/Toward-verification-of-QUIC-extensions/installer/TVOQE/results/errors/server/local/quant_master_server/temp/1188/quic_server_test_handshake_done_error0.iev,0.0,0.0
1160,quant,server,quic_server_test_tp_limit_acticoid_error0,,server_return_code(-6)+ivy_return_code(1),/home/chris/Toward-verification-of-QUIC-extensions/installer/TVOQE/results/errors/server/local/quant_master_server/temp/1466/quic_server_test_tp_limit_acticoid_error0.iev,0.0,0.0
1161,quant,server,quic_server_test_no_icid0,,,/home/chris/Toward-verification-of-QUIC-extensions/installer/TVOQE/results/errors/server/local/quant_master_server/temp/1662/quic_server_test_no_icid0.iev,0.0,1.0
1162,quant,server,quic_server_test_tp_limit_newcoid0,,"ivy_return_code(1)+assumption_failed(""/usr/local/lib/python2.7/dist-packages/ivy/include/1.7/quic_frame.ivy: line 1494"")",/home/chris/Toward-verification-of-QUIC-extensions/installer/TVOQE/results/errors/server/local/quant_master_server/temp/399/quic_server_test_tp_limit_newcoid0.iev,0.0,0.0
1163,quant,server,quic_server_test_connection_close0,,,/home/chris/Toward-verification-of-QUIC-extensions/installer/TVOQE/results/errors/server/local/quant_master_server/temp/882/quic_server_test_connection_close0.iev,0.0,1.0
1164,quant,server,quic_server_test_max0,,"ivy_return_code(1)+assumption_failed(""/usr/local/lib/python2.7/dist-packages/ivy/include/1.7/quic_frame.ivy: line 1494"")",/home/chris/Toward-verification-of-QUIC-extensions/installer/TVOQE/results/errors/server/local/quant_master_server/temp/493/quic_server_test_max0.iev,0.0,0.0
1165,quant,server,quic_server_test_tp_limit_newcoid0,,"ivy_return_code(1)+assumption_failed(""/usr/local/lib/python2.7/dist-packages/ivy/include/1.7/quic_frame.ivy: line 1494"")",/home/chris/Toward-verification-of-QUIC-extensions/installer/TVOQE/results/errors/server/local/quant_master_server/temp/318/quic_server_test_tp_limit_newcoid0.iev,0.0,0.0
1166,quant,server,quic_server_test_double_tp_error0,,,/home/chris/Toward-verification-of-QUIC-extensions/installer/TVOQE/results/errors/server/local/quant_master_server/temp/1396/quic_server_test_double_tp_error0.iev,0.0,1.0
1167,quant,server,quic_server_test_connection_close0,,"ivy_return_code(1)+assumption_failed(""/usr/local/lib/python2.7/dist-packages/ivy/include/1.7/quic_frame.ivy: line 1494"")",/home/chris/Toward-verification-of-QUIC-extensions/installer/TVOQE/results/errors/server/local/quant_master_server/temp/898/quic_server_test_connection_close0.iev,0.0,0.0
1168,quant,server,quic_server_test_double_tp_error0,,,/home/chris/Toward-verification-of-QUIC-extensions/installer/TVOQE/results/errors/server/local/quant_master_server/temp/1340/quic_server_test_double_tp_error0.iev,0.0,1.0
1169,quant,server,quic_server_test_ext_min_ack_delay0,,"ivy_return_code(1)+assumption_failed(""/usr/local/lib/python2.7/dist-packages/ivy/include/1.7/quic_frame.ivy: line 1494"")",/home/chris/Toward-verification-of-QUIC-extensions/installer/TVOQE/results/errors/server/local/quant_master_server/temp/1754/quic_server_test_ext_min_ack_delay0.iev,0.0,0.0
1170,quant,server,quic_server_test_reset_stream0,,"ivy_return_code(1)+assumption_failed(""/usr/local/lib/python2.7/dist-packages/ivy/include/1.7/quic_frame.ivy: line 1494"")",/home/chris/Toward-verification-of-QUIC-extensions/installer/TVOQE/results/errors/server/local/quant_master_server/temp/922/quic_server_test_reset_stream0.iev,0.0,0.0
1171,quant,server,quic_server_test_handshake_done_error0,,"ivy_return_code(1)+assumption_failed(""quic_server_test_handshake_done_error.ivy: line 325"")",/home/chris/Toward-verification-of-QUIC-extensions/installer/TVOQE/results/errors/server/local/quant_master_server/temp/1166/quic_server_test_handshake_done_error0.iev,0.0,0.0
1172,quant,server,quic_server_test_unkown0,,"ivy_return_code(1)+assumption_failed(""quic_server_test_unkown.ivy: line 571"")",/home/chris/Toward-verification-of-QUIC-extensions/installer/TVOQE/results/errors/server/local/quant_master_server/temp/177/quic_server_test_unkown0.iev,0.0,0.0
1173,quant,server,quic_server_test_accept_maxdata0,,"ivy_return_code(1)+assumption_failed(""/usr/local/lib/python2.7/dist-packages/ivy/include/1.7/quic_frame.ivy: line 1494"")",/home/chris/Toward-verification-of-QUIC-extensions/installer/TVOQE/results/errors/server/local/quant_master_server/temp/1542/quic_server_test_accept_maxdata0.iev,0.0,0.0
1174,quant,server,quic_server_test_stream0,,"ivy_return_code(1)+assumption_failed(""/usr/local/lib/python2.7/dist-packages/ivy/include/1.7/quic_frame.ivy: line 1494"")",/home/chris/Toward-verification-of-QUIC-extensions/installer/TVOQE/results/errors/server/local/quant_master_server/temp/9/quic_server_test_stream0.iev,0.0,0.0
1175,quant,server,quic_server_test_stop_sending0,,"ivy_return_code(1)+assumption_failed(""/usr/local/lib/python2.7/dist-packages/ivy/include/1.7/quic_frame.ivy: line 1494"")",/home/chris/Toward-verification-of-QUIC-extensions/installer/TVOQE/results/errors/server/local/quant_master_server/temp/1244/quic_server_test_stop_sending0.iev,0.0,0.0
1176,quant,server,quic_server_test_unkown0,,"ivy_return_code(1)+assumption_failed(""quic_server_test_unkown.ivy: line 571"")",/home/chris/Toward-verification-of-QUIC-extensions/installer/TVOQE/results/errors/server/local/quant_master_server/temp/138/quic_server_test_unkown0.iev,0.0,0.0
1177,quant,server,quic_server_test_reset_stream0,,"ivy_return_code(1)+assumption_failed(""quic_server_test.ivy: line 182"")",/home/chris/Toward-verification-of-QUIC-extensions/installer/TVOQE/results/errors/server/local/quant_master_server/temp/931/quic_server_test_reset_stream0.iev,0.0,0.0
1178,quant,server,quic_server_test_ext_min_ack_delay0,,"ivy_return_code(1)+assumption_failed(""/usr/local/lib/python2.7/dist-packages/ivy/include/1.7/quic_frame.ivy: line 1494"")",/home/chris/Toward-verification-of-QUIC-extensions/installer/TVOQE/results/errors/server/local/quant_master_server/temp/1715/quic_server_test_ext_min_ack_delay0.iev,0.0,0.0
1179,quant,server,quic_server_test_double_tp_error0,,,/home/chris/Toward-verification-of-QUIC-extensions/installer/TVOQE/results/errors/server/local/quant_master_server/temp/1393/quic_server_test_double_tp_error0.iev,0.0,1.0
1180,quant,server,quic_server_test_unkown0,,"ivy_return_code(1)+assumption_failed(""quic_server_test_unkown.ivy: line 571"")",/home/chris/Toward-verification-of-QUIC-extensions/installer/TVOQE/results/errors/server/local/quant_master_server/temp/111/quic_server_test_unkown0.iev,0.0,0.0
1181,quant,server,quic_server_test_connection_close0,,,/home/chris/Toward-verification-of-QUIC-extensions/installer/TVOQE/results/errors/server/local/quant_master_server/temp/809/quic_server_test_connection_close0.iev,0.0,1.0
1182,quant,server,quic_server_test_blocked_streams_maxstream_error0,,"ivy_return_code(1)+assumption_failed(""/usr/local/lib/python2.7/dist-packages/ivy/include/1.7/quic_frame.ivy: line 1494"")",/home/chris/Toward-verification-of-QUIC-extensions/installer/TVOQE/results/errors/server/local/quant_master_server/temp/262/quic_server_test_blocked_streams_maxstream_error0.iev,0.0,0.0
1183,quant,server,quic_server_test_tp_acticoid_error0,,,/home/chris/Toward-verification-of-QUIC-extensions/installer/TVOQE/results/errors/server/local/quant_master_server/temp/739/quic_server_test_tp_acticoid_error0.iev,0.0,1.0
1184,quant,server,quic_server_test_stream0,,"ivy_return_code(1)+assumption_failed(""/usr/local/lib/python2.7/dist-packages/ivy/include/1.7/quic_frame.ivy: line 1494"")",/home/chris/Toward-verification-of-QUIC-extensions/installer/TVOQE/results/errors/server/local/quant_master_server/temp/70/quic_server_test_stream0.iev,0.0,0.0
1185,quant,server,quic_server_test_no_icid0,,,/home/chris/Toward-verification-of-QUIC-extensions/installer/TVOQE/results/errors/server/local/quant_master_server/temp/1601/quic_server_test_no_icid0.iev,0.0,1.0
1186,quant,server,quic_server_test_unkown0,,"ivy_return_code(1)+assumption_failed(""quic_server_test_unkown.ivy: line 571"")",/home/chris/Toward-verification-of-QUIC-extensions/installer/TVOQE/results/errors/server/local/quant_master_server/temp/158/quic_server_test_unkown0.iev,0.0,0.0
1187,quant,server,quic_server_test_tp_limit_newcoid0,,"ivy_return_code(1)+assumption_failed(""/usr/local/lib/python2.7/dist-packages/ivy/include/1.7/quic_frame.ivy: line 1494"")",/home/chris/Toward-verification-of-QUIC-extensions/installer/TVOQE/results/errors/server/local/quant_master_server/temp/324/quic_server_test_tp_limit_newcoid0.iev,0.0,0.0
1188,quant,server,quic_server_test_tp_limit_acticoid_error0,,server_return_code(-6)+ivy_return_code(1),/home/chris/Toward-verification-of-QUIC-extensions/installer/TVOQE/results/errors/server/local/quant_master_server/temp/1406/quic_server_test_tp_limit_acticoid_error0.iev,0.0,0.0
1189,quant,server,quic_server_test_stream0,,"ivy_return_code(1)+assumption_failed(""/usr/local/lib/python2.7/dist-packages/ivy/include/1.7/quic_frame.ivy: line 1494"")",/home/chris/Toward-verification-of-QUIC-extensions/installer/TVOQE/results/errors/server/local/quant_master_server/temp/6/quic_server_test_stream0.iev,0.0,0.0
1190,quant,server,quic_server_test_max0,,"ivy_return_code(1)+assumption_failed(""/usr/local/lib/python2.7/dist-packages/ivy/include/1.7/quic_frame.ivy: line 1494"")",/home/chris/Toward-verification-of-QUIC-extensions/installer/TVOQE/results/errors/server/local/quant_master_server/temp/440/quic_server_test_max0.iev,0.0,0.0
1191,quant,server,quic_server_test_token_error0,,,/home/chris/Toward-verification-of-QUIC-extensions/installer/TVOQE/results/errors/server/local/quant_master_server/temp/579/quic_server_test_token_error0.iev,0.0,1.0
1192,quant,server,quic_server_test_tp_limit_newcoid0,,"ivy_return_code(1)+assumption_failed(""/usr/local/lib/python2.7/dist-packages/ivy/include/1.7/quic_frame.ivy: line 1494"")",/home/chris/Toward-verification-of-QUIC-extensions/installer/TVOQE/results/errors/server/local/quant_master_server/temp/356/quic_server_test_tp_limit_newcoid0.iev,0.0,0.0
1193,quant,server,quic_server_test_connection_close0,,,/home/chris/Toward-verification-of-QUIC-extensions/installer/TVOQE/results/errors/server/local/quant_master_server/temp/833/quic_server_test_connection_close0.iev,0.0,1.0
1194,quant,server,quic_server_test_tp_error0,,,/home/chris/Toward-verification-of-QUIC-extensions/installer/TVOQE/results/errors/server/local/quant_master_server/temp/686/quic_server_test_tp_error0.iev,0.0,1.0
1195,quant,server,quic_server_test_ext_min_ack_delay0,,"ivy_return_code(1)+assumption_failed(""/usr/local/lib/python2.7/dist-packages/ivy/include/1.7/quic_frame.ivy: line 1494"")",/home/chris/Toward-verification-of-QUIC-extensions/installer/TVOQE/results/errors/server/local/quant_master_server/temp/1784/quic_server_test_ext_min_ack_delay0.iev,0.0,0.0
1196,quant,server,quic_server_test_tp_limit_newcoid0,,"ivy_return_code(1)+assumption_failed(""/usr/local/lib/python2.7/dist-packages/ivy/include/1.7/quic_frame.ivy: line 1494"")",/home/chris/Toward-verification-of-QUIC-extensions/installer/TVOQE/results/errors/server/local/quant_master_server/temp/348/quic_server_test_tp_limit_newcoid0.iev,0.0,0.0
1197,quant,server,quic_server_test_blocked_streams_maxstream_error0,,"ivy_return_code(1)+assumption_failed(""quic_server_test_blocked_streams_maxstream_error.ivy: line 534"")",/home/chris/Toward-verification-of-QUIC-extensions/installer/TVOQE/results/errors/server/local/quant_master_server/temp/292/quic_server_test_blocked_streams_maxstream_error0.iev,0.0,0.0
1198,quant,server,quic_server_test_stream0,,"ivy_return_code(1)+assumption_failed(""/usr/local/lib/python2.7/dist-packages/ivy/include/1.7/quic_frame.ivy: line 1494"")",/home/chris/Toward-verification-of-QUIC-extensions/installer/TVOQE/results/errors/server/local/quant_master_server/temp/25/quic_server_test_stream0.iev,0.0,0.0
1199,quant,server,quic_server_test_stop_sending0,,"ivy_return_code(1)+assumption_failed(""/usr/local/lib/python2.7/dist-packages/ivy/include/1.7/quic_frame.ivy: line 1494"")",/home/chris/Toward-verification-of-QUIC-extensions/installer/TVOQE/results/errors/server/local/quant_master_server/temp/1288/quic_server_test_stop_sending0.iev,0.0,0.0
1200,quant,server,quic_server_test_tp_acticoid_error0,,,/home/chris/Toward-verification-of-QUIC-extensions/installer/TVOQE/results/errors/server/local/quant_master_server/temp/769/quic_server_test_tp_acticoid_error0.iev,0.0,1.0
1201,quant,server,quic_server_test_blocked_streams_maxstream_error0,,"ivy_return_code(1)+assumption_failed(""/usr/local/lib/python2.7/dist-packages/ivy/include/1.7/quic_frame.ivy: line 1494"")",/home/chris/Toward-verification-of-QUIC-extensions/installer/TVOQE/results/errors/server/local/quant_master_server/temp/281/quic_server_test_blocked_streams_maxstream_error0.iev,0.0,0.0
1202,quant,server,quic_server_test_double_tp_error0,,,/home/chris/Toward-verification-of-QUIC-extensions/installer/TVOQE/results/errors/server/local/quant_master_server/temp/1390/quic_server_test_double_tp_error0.iev,0.0,1.0
1203,quant,server,quic_server_test_connection_close0,,,/home/chris/Toward-verification-of-QUIC-extensions/installer/TVOQE/results/errors/server/local/quant_master_server/temp/825/quic_server_test_connection_close0.iev,0.0,1.0
1204,quant,server,quic_server_test_handshake_done_error0,,"ivy_return_code(1)+assumption_failed(""quic_server_test_handshake_done_error.ivy: line 325"")",/home/chris/Toward-verification-of-QUIC-extensions/installer/TVOQE/results/errors/server/local/quant_master_server/temp/1151/quic_server_test_handshake_done_error0.iev,0.0,0.0
1205,quant,server,quic_server_test_tp_limit_acticoid_error0,,server_return_code(-6)+ivy_return_code(1),/home/chris/Toward-verification-of-QUIC-extensions/installer/TVOQE/results/errors/server/local/quant_master_server/temp/1400/quic_server_test_tp_limit_acticoid_error0.iev,0.0,0.0
1206,quant,server,quic_server_test_tp_limit_newcoid0,,"ivy_return_code(1)+assumption_failed(""/usr/local/lib/python2.7/dist-packages/ivy/include/1.7/quic_frame.ivy: line 1494"")",/home/chris/Toward-verification-of-QUIC-extensions/installer/TVOQE/results/errors/server/local/quant_master_server/temp/306/quic_server_test_tp_limit_newcoid0.iev,0.0,0.0
1207,quant,server,quic_server_test_ext_min_ack_delay0,,"ivy_return_code(1)+assumption_failed(""/usr/local/lib/python2.7/dist-packages/ivy/include/1.7/quic_frame.ivy: line 1494"")",/home/chris/Toward-verification-of-QUIC-extensions/installer/TVOQE/results/errors/server/local/quant_master_server/temp/1748/quic_server_test_ext_min_ack_delay0.iev,0.0,0.0
1208,quant,server,quic_server_test_handshake_done_error0,,"ivy_return_code(1)+assumption_failed(""quic_server_test_handshake_done_error.ivy: line 325"")",/home/chris/Toward-verification-of-QUIC-extensions/installer/TVOQE/results/errors/server/local/quant_master_server/temp/1123/quic_server_test_handshake_done_error0.iev,0.0,0.0
1209,quant,server,quic_server_test_stop_sending0,,"ivy_return_code(1)+assumption_failed(""/usr/local/lib/python2.7/dist-packages/ivy/include/1.7/quic_frame.ivy: line 1494"")",/home/chris/Toward-verification-of-QUIC-extensions/installer/TVOQE/results/errors/server/local/quant_master_server/temp/1243/quic_server_test_stop_sending0.iev,0.0,0.0
1210,quant,server,quic_server_test_stop_sending0,,"ivy_return_code(1)+assumption_failed(""/usr/local/lib/python2.7/dist-packages/ivy/include/1.7/quic_frame.ivy: line 1494"")",/home/chris/Toward-verification-of-QUIC-extensions/installer/TVOQE/results/errors/server/local/quant_master_server/temp/1263/quic_server_test_stop_sending0.iev,0.0,0.0
1211,quant,server,quic_server_test_tp_limit_acticoid_error0,,server_return_code(-6)+ivy_return_code(1),/home/chris/Toward-verification-of-QUIC-extensions/installer/TVOQE/results/errors/server/local/quant_master_server/temp/1404/quic_server_test_tp_limit_acticoid_error0.iev,0.0,0.0
1212,quant,server,quic_server_test_token_error0,,,/home/chris/Toward-verification-of-QUIC-extensions/installer/TVOQE/results/errors/server/local/quant_master_server/temp/504/quic_server_test_token_error0.iev,0.0,1.0
1213,quant,server,quic_server_test_stream0,,"ivy_return_code(1)+assumption_failed(""/usr/local/lib/python2.7/dist-packages/ivy/include/1.7/quic_frame.ivy: line 1494"")",/home/chris/Toward-verification-of-QUIC-extensions/installer/TVOQE/results/errors/server/local/quant_master_server/temp/64/quic_server_test_stream0.iev,0.0,0.0
1214,quant,server,quic_server_test_stop_sending0,,"ivy_return_code(1)+assumption_failed(""/usr/local/lib/python2.7/dist-packages/ivy/include/1.7/quic_frame.ivy: line 1494"")",/home/chris/Toward-verification-of-QUIC-extensions/installer/TVOQE/results/errors/server/local/quant_master_server/temp/1255/quic_server_test_stop_sending0.iev,0.0,0.0
1215,quant,server,quic_server_test_handshake_done_error0,,"ivy_return_code(1)+assumption_failed(""quic_server_test_handshake_done_error.ivy: line 325"")",/home/chris/Toward-verification-of-QUIC-extensions/installer/TVOQE/results/errors/server/local/quant_master_server/temp/1196/quic_server_test_handshake_done_error0.iev,0.0,0.0
1216,quant,server,quic_server_test_blocked_streams_maxstream_error0,,"ivy_return_code(1)+assumption_failed(""/usr/local/lib/python2.7/dist-packages/ivy/include/1.7/quic_frame.ivy: line 1494"")",/home/chris/Toward-verification-of-QUIC-extensions/installer/TVOQE/results/errors/server/local/quant_master_server/temp/264/quic_server_test_blocked_streams_maxstream_error0.iev,0.0,0.0
1217,quant,server,quic_server_test_tp_acticoid_error0,,,/home/chris/Toward-verification-of-QUIC-extensions/installer/TVOQE/results/errors/server/local/quant_master_server/temp/714/quic_server_test_tp_acticoid_error0.iev,0.0,1.0
1218,quant,server,quic_server_test_unkown0,,"ivy_return_code(1)+assumption_failed(""quic_server_test_unkown.ivy: line 571"")",/home/chris/Toward-verification-of-QUIC-extensions/installer/TVOQE/results/errors/server/local/quant_master_server/temp/141/quic_server_test_unkown0.iev,0.0,0.0
1219,quant,server,quic_server_test_no_icid0,,,/home/chris/Toward-verification-of-QUIC-extensions/installer/TVOQE/results/errors/server/local/quant_master_server/temp/1609/quic_server_test_no_icid0.iev,0.0,1.0
1220,quant,server,quic_server_test_reset_stream0,,"ivy_return_code(1)+assumption_failed(""quic_server_test.ivy: line 182"")",/home/chris/Toward-verification-of-QUIC-extensions/installer/TVOQE/results/errors/server/local/quant_master_server/temp/967/quic_server_test_reset_stream0.iev,0.0,0.0
1221,quant,server,quic_server_test_reset_stream0,,"ivy_return_code(1)+assumption_failed(""quic_server_test.ivy: line 182"")",/home/chris/Toward-verification-of-QUIC-extensions/installer/TVOQE/results/errors/server/local/quant_master_server/temp/975/quic_server_test_reset_stream0.iev,0.0,0.0
1222,quant,server,quic_server_test_blocked_streams_maxstream_error0,,"ivy_return_code(1)+assumption_failed(""/usr/local/lib/python2.7/dist-packages/ivy/include/1.7/quic_frame.ivy: line 1494"")",/home/chris/Toward-verification-of-QUIC-extensions/installer/TVOQE/results/errors/server/local/quant_master_server/temp/200/quic_server_test_blocked_streams_maxstream_error0.iev,0.0,0.0
1223,quant,server,quic_server_test_stream0,,"ivy_return_code(1)+assumption_failed(""/usr/local/lib/python2.7/dist-packages/ivy/include/1.7/quic_frame.ivy: line 1494"")",/home/chris/Toward-verification-of-QUIC-extensions/installer/TVOQE/results/errors/server/local/quant_master_server/temp/94/quic_server_test_stream0.iev,0.0,0.0
1224,quant,server,quic_server_test_tp_limit_newcoid0,,"ivy_return_code(1)+assumption_failed(""/usr/local/lib/python2.7/dist-packages/ivy/include/1.7/quic_frame.ivy: line 1494"")",/home/chris/Toward-verification-of-QUIC-extensions/installer/TVOQE/results/errors/server/local/quant_master_server/temp/361/quic_server_test_tp_limit_newcoid0.iev,0.0,0.0
1225,quant,server,quic_server_test_accept_maxdata0,,"ivy_return_code(1)+assumption_failed(""/usr/local/lib/python2.7/dist-packages/ivy/include/1.7/quic_frame.ivy: line 1494"")",/home/chris/Toward-verification-of-QUIC-extensions/installer/TVOQE/results/errors/server/local/quant_master_server/temp/1545/quic_server_test_accept_maxdata0.iev,0.0,0.0
1226,quant,server,quic_server_test_tp_error0,,,/home/chris/Toward-verification-of-QUIC-extensions/installer/TVOQE/results/errors/server/local/quant_master_server/temp/618/quic_server_test_tp_error0.iev,0.0,1.0
1227,quant,server,quic_server_test_double_tp_error0,,,/home/chris/Toward-verification-of-QUIC-extensions/installer/TVOQE/results/errors/server/local/quant_master_server/temp/1300/quic_server_test_double_tp_error0.iev,0.0,1.0
1228,quant,server,quic_server_test_stream0,,"ivy_return_code(1)+assumption_failed(""/usr/local/lib/python2.7/dist-packages/ivy/include/1.7/quic_frame.ivy: line 1494"")",/home/chris/Toward-verification-of-QUIC-extensions/installer/TVOQE/results/errors/server/local/quant_master_server/temp/96/quic_server_test_stream0.iev,0.0,0.0
1229,quant,server,quic_server_test_handshake_done_error0,,"ivy_return_code(1)+assumption_failed(""quic_server_test_handshake_done_error.ivy: line 325"")",/home/chris/Toward-verification-of-QUIC-extensions/installer/TVOQE/results/errors/server/local/quant_master_server/temp/1186/quic_server_test_handshake_done_error0.iev,0.0,0.0
1230,quant,server,quic_server_test_tp_acticoid_error0,,,/home/chris/Toward-verification-of-QUIC-extensions/installer/TVOQE/results/errors/server/local/quant_master_server/temp/746/quic_server_test_tp_acticoid_error0.iev,0.0,1.0
1231,quant,server,quic_server_test_handshake_done_error0,,"ivy_return_code(1)+assumption_failed(""quic_server_test_handshake_done_error.ivy: line 325"")",/home/chris/Toward-verification-of-QUIC-extensions/installer/TVOQE/results/errors/server/local/quant_master_server/temp/1128/quic_server_test_handshake_done_error0.iev,0.0,0.0
1232,quant,server,quic_server_test_tp_limit_acticoid_error0,,"ivy_return_code(1)+assumption_failed(""quic_server_test_tp_limit_acticoid_error.ivy: line 527"")",/home/chris/Toward-verification-of-QUIC-extensions/installer/TVOQE/results/errors/server/local/quant_master_server/temp/1469/quic_server_test_tp_limit_acticoid_error0.iev,0.0,0.0
1233,quant,server,quic_server_test_stream0,,"ivy_return_code(1)+assumption_failed(""/usr/local/lib/python2.7/dist-packages/ivy/include/1.7/quic_frame.ivy: line 1494"")",/home/chris/Toward-verification-of-QUIC-extensions/installer/TVOQE/results/errors/server/local/quant_master_server/temp/17/quic_server_test_stream0.iev,0.0,0.0
1234,quant,server,quic_server_test_tp_acticoid_error0,,,/home/chris/Toward-verification-of-QUIC-extensions/installer/TVOQE/results/errors/server/local/quant_master_server/temp/704/quic_server_test_tp_acticoid_error0.iev,0.0,1.0
1235,quant,server,quic_server_test_no_icid0,,,/home/chris/Toward-verification-of-QUIC-extensions/installer/TVOQE/results/errors/server/local/quant_master_server/temp/1647/quic_server_test_no_icid0.iev,0.0,1.0
1236,quant,server,quic_server_test_stream0,,"ivy_return_code(1)+assumption_failed(""/usr/local/lib/python2.7/dist-packages/ivy/include/1.7/quic_frame.ivy: line 1494"")",/home/chris/Toward-verification-of-QUIC-extensions/installer/TVOQE/results/errors/server/local/quant_master_server/temp/67/quic_server_test_stream0.iev,0.0,0.0
1237,quant,server,quic_server_test_reset_stream0,,"ivy_return_code(1)+assumption_failed(""quic_server_test.ivy: line 182"")",/home/chris/Toward-verification-of-QUIC-extensions/installer/TVOQE/results/errors/server/local/quant_master_server/temp/907/quic_server_test_reset_stream0.iev,0.0,0.0
1238,quant,server,quic_server_test_tp_limit_newcoid0,,"ivy_return_code(1)+assumption_failed(""/usr/local/lib/python2.7/dist-packages/ivy/include/1.7/quic_frame.ivy: line 1494"")",/home/chris/Toward-verification-of-QUIC-extensions/installer/TVOQE/results/errors/server/local/quant_master_server/temp/344/quic_server_test_tp_limit_newcoid0.iev,0.0,0.0
1239,quant,server,quic_server_test_reset_stream0,,"ivy_return_code(1)+assumption_failed(""quic_server_test.ivy: line 182"")",/home/chris/Toward-verification-of-QUIC-extensions/installer/TVOQE/results/errors/server/local/quant_master_server/temp/919/quic_server_test_reset_stream0.iev,0.0,0.0
1240,quant,server,quic_server_test_token_error0,,,/home/chris/Toward-verification-of-QUIC-extensions/installer/TVOQE/results/errors/server/local/quant_master_server/temp/582/quic_server_test_token_error0.iev,0.0,1.0
1241,quant,server,quic_server_test_ext_min_ack_delay0,,"ivy_return_code(1)+assumption_failed(""/usr/local/lib/python2.7/dist-packages/ivy/include/1.7/quic_frame.ivy: line 1494"")",/home/chris/Toward-verification-of-QUIC-extensions/installer/TVOQE/results/errors/server/local/quant_master_server/temp/1790/quic_server_test_ext_min_ack_delay0.iev,0.0,0.0
1242,quant,server,quic_server_test_blocked_streams_maxstream_error0,,"ivy_return_code(1)+assumption_failed(""quic_server_test_blocked_streams_maxstream_error.ivy: line 534"")",/home/chris/Toward-verification-of-QUIC-extensions/installer/TVOQE/results/errors/server/local/quant_master_server/temp/225/quic_server_test_blocked_streams_maxstream_error0.iev,0.0,0.0
1243,quant,server,quic_server_test_tp_error0,,,/home/chris/Toward-verification-of-QUIC-extensions/installer/TVOQE/results/errors/server/local/quant_master_server/temp/633/quic_server_test_tp_error0.iev,0.0,1.0
1244,quant,server,quic_server_test_reset_stream0,,"ivy_return_code(1)+assumption_failed(""/usr/local/lib/python2.7/dist-packages/ivy/include/1.7/quic_frame.ivy: line 1494"")",/home/chris/Toward-verification-of-QUIC-extensions/installer/TVOQE/results/errors/server/local/quant_master_server/temp/982/quic_server_test_reset_stream0.iev,0.0,0.0
1245,quant,server,quic_server_test_reset_stream0,,"ivy_return_code(1)+assumption_failed(""/usr/local/lib/python2.7/dist-packages/ivy/include/1.7/quic_frame.ivy: line 1494"")",/home/chris/Toward-verification-of-QUIC-extensions/installer/TVOQE/results/errors/server/local/quant_master_server/temp/983/quic_server_test_reset_stream0.iev,0.0,0.0
1246,quant,server,quic_server_test_tp_acticoid_error0,,,/home/chris/Toward-verification-of-QUIC-extensions/installer/TVOQE/results/errors/server/local/quant_master_server/temp/795/quic_server_test_tp_acticoid_error0.iev,0.0,1.0
1247,quant,server,quic_server_test_tp_error0,,,/home/chris/Toward-verification-of-QUIC-extensions/installer/TVOQE/results/errors/server/local/quant_master_server/temp/693/quic_server_test_tp_error0.iev,0.0,1.0
1248,quant,server,quic_server_test_tp_limit_newcoid0,,"ivy_return_code(1)+assumption_failed(""/usr/local/lib/python2.7/dist-packages/ivy/include/1.7/quic_frame.ivy: line 1494"")",/home/chris/Toward-verification-of-QUIC-extensions/installer/TVOQE/results/errors/server/local/quant_master_server/temp/388/quic_server_test_tp_limit_newcoid0.iev,0.0,0.0
1249,quant,server,quic_server_test_tp_error0,,,/home/chris/Toward-verification-of-QUIC-extensions/installer/TVOQE/results/errors/server/local/quant_master_server/temp/691/quic_server_test_tp_error0.iev,0.0,1.0
1250,quant,server,quic_server_test_stop_sending0,,"ivy_return_code(1)+assumption_failed(""/usr/local/lib/python2.7/dist-packages/ivy/include/1.7/quic_frame.ivy: line 1494"")",/home/chris/Toward-verification-of-QUIC-extensions/installer/TVOQE/results/errors/server/local/quant_master_server/temp/1291/quic_server_test_stop_sending0.iev,0.0,0.0
1251,quant,server,quic_server_test_tp_limit_acticoid_error0,,server_return_code(-6)+ivy_return_code(1),/home/chris/Toward-verification-of-QUIC-extensions/installer/TVOQE/results/errors/server/local/quant_master_server/temp/1418/quic_server_test_tp_limit_acticoid_error0.iev,0.0,0.0
1252,quant,server,quic_server_test_newconnectionid_error0,,server_return_code(-6)+ivy_return_code(1),/home/chris/Toward-verification-of-QUIC-extensions/installer/TVOQE/results/errors/server/local/quant_master_server/temp/1084/quic_server_test_newconnectionid_error0.iev,0.0,0.0
1253,quant,server,quic_server_test_connection_close0,,"ivy_return_code(1)+assumption_failed(""/usr/local/lib/python2.7/dist-packages/ivy/include/1.7/quic_frame.ivy: line 1494"")",/home/chris/Toward-verification-of-QUIC-extensions/installer/TVOQE/results/errors/server/local/quant_master_server/temp/815/quic_server_test_connection_close0.iev,0.0,0.0
1254,quant,server,quic_server_test_token_error0,,,/home/chris/Toward-verification-of-QUIC-extensions/installer/TVOQE/results/errors/server/local/quant_master_server/temp/557/quic_server_test_token_error0.iev,0.0,1.0
1255,quant,server,quic_server_test_newconnectionid_error0,,server_return_code(-6)+ivy_return_code(1),/home/chris/Toward-verification-of-QUIC-extensions/installer/TVOQE/results/errors/server/local/quant_master_server/temp/1074/quic_server_test_newconnectionid_error0.iev,0.0,0.0
1256,quant,server,quic_server_test_stream0,,"ivy_return_code(1)+assumption_failed(""/usr/local/lib/python2.7/dist-packages/ivy/include/1.7/quic_frame.ivy: line 1494"")",/home/chris/Toward-verification-of-QUIC-extensions/installer/TVOQE/results/errors/server/local/quant_master_server/temp/20/quic_server_test_stream0.iev,0.0,0.0
1257,quant,server,quic_server_test_max0,,,/home/chris/Toward-verification-of-QUIC-extensions/installer/TVOQE/results/errors/server/local/quant_master_server/temp/404/quic_server_test_max0.iev,0.0,1.0
1258,quant,server,quic_server_test_tp_acticoid_error0,,,/home/chris/Toward-verification-of-QUIC-extensions/installer/TVOQE/results/errors/server/local/quant_master_server/temp/789/quic_server_test_tp_acticoid_error0.iev,0.0,1.0
1259,quant,server,quic_server_test_reset_stream0,,"ivy_return_code(1)+assumption_failed(""/usr/local/lib/python2.7/dist-packages/ivy/include/1.7/quic_frame.ivy: line 1494"")",/home/chris/Toward-verification-of-QUIC-extensions/installer/TVOQE/results/errors/server/local/quant_master_server/temp/905/quic_server_test_reset_stream0.iev,0.0,0.0
1260,quant,server,quic_server_test_tp_limit_acticoid_error0,,"ivy_return_code(1)+assumption_failed(""quic_server_test_tp_limit_acticoid_error.ivy: line 527"")",/home/chris/Toward-verification-of-QUIC-extensions/installer/TVOQE/results/errors/server/local/quant_master_server/temp/1495/quic_server_test_tp_limit_acticoid_error0.iev,0.0,0.0
1261,quant,server,quic_server_test_double_tp_error0,,,/home/chris/Toward-verification-of-QUIC-extensions/installer/TVOQE/results/errors/server/local/quant_master_server/temp/1306/quic_server_test_double_tp_error0.iev,0.0,1.0
1262,quant,server,quic_server_test_accept_maxdata0,,"ivy_return_code(1)+assumption_failed(""/usr/local/lib/python2.7/dist-packages/ivy/include/1.7/quic_frame.ivy: line 1494"")",/home/chris/Toward-verification-of-QUIC-extensions/installer/TVOQE/results/errors/server/local/quant_master_server/temp/1516/quic_server_test_accept_maxdata0.iev,0.0,0.0
1263,quant,server,quic_server_test_tp_limit_newcoid0,,"ivy_return_code(1)+assumption_failed(""/usr/local/lib/python2.7/dist-packages/ivy/include/1.7/quic_frame.ivy: line 1494"")",/home/chris/Toward-verification-of-QUIC-extensions/installer/TVOQE/results/errors/server/local/quant_master_server/temp/305/quic_server_test_tp_limit_newcoid0.iev,0.0,0.0
1264,quant,server,quic_server_test_unkown0,,"ivy_return_code(1)+assumption_failed(""quic_server_test_unkown.ivy: line 571"")",/home/chris/Toward-verification-of-QUIC-extensions/installer/TVOQE/results/errors/server/local/quant_master_server/temp/119/quic_server_test_unkown0.iev,0.0,0.0
1265,quant,server,quic_server_test_ext_min_ack_delay0,,"ivy_return_code(1)+assumption_failed(""/usr/local/lib/python2.7/dist-packages/ivy/include/1.7/quic_frame.ivy: line 1494"")",/home/chris/Toward-verification-of-QUIC-extensions/installer/TVOQE/results/errors/server/local/quant_master_server/temp/1774/quic_server_test_ext_min_ack_delay0.iev,0.0,0.0
1266,quant,server,quic_server_test_connection_close0,,"ivy_return_code(1)+assumption_failed(""/usr/local/lib/python2.7/dist-packages/ivy/include/1.7/quic_frame.ivy: line 1494"")",/home/chris/Toward-verification-of-QUIC-extensions/installer/TVOQE/results/errors/server/local/quant_master_server/temp/874/quic_server_test_connection_close0.iev,0.0,0.0
1267,quant,server,quic_server_test_unkown0,,"ivy_return_code(1)+assumption_failed(""quic_server_test_unkown.ivy: line 571"")",/home/chris/Toward-verification-of-QUIC-extensions/installer/TVOQE/results/errors/server/local/quant_master_server/temp/124/quic_server_test_unkown0.iev,0.0,0.0
1268,quant,server,quic_server_test_max0,,"ivy_return_code(1)+assumption_failed(""/usr/local/lib/python2.7/dist-packages/ivy/include/1.7/quic_frame.ivy: line 1494"")",/home/chris/Toward-verification-of-QUIC-extensions/installer/TVOQE/results/errors/server/local/quant_master_server/temp/462/quic_server_test_max0.iev,0.0,0.0
1269,quant,server,quic_server_test_connection_close0,,"ivy_return_code(1)+assumption_failed(""/usr/local/lib/python2.7/dist-packages/ivy/include/1.7/quic_frame.ivy: line 1494"")",/home/chris/Toward-verification-of-QUIC-extensions/installer/TVOQE/results/errors/server/local/quant_master_server/temp/820/quic_server_test_connection_close0.iev,0.0,0.0
1270,quant,server,quic_server_test_stop_sending0,,"ivy_return_code(1)+assumption_failed(""/usr/local/lib/python2.7/dist-packages/ivy/include/1.7/quic_frame.ivy: line 1494"")",/home/chris/Toward-verification-of-QUIC-extensions/installer/TVOQE/results/errors/server/local/quant_master_server/temp/1246/quic_server_test_stop_sending0.iev,0.0,0.0
1271,quant,server,quic_server_test_double_tp_error0,,,/home/chris/Toward-verification-of-QUIC-extensions/installer/TVOQE/results/errors/server/local/quant_master_server/temp/1354/quic_server_test_double_tp_error0.iev,0.0,1.0
1272,quant,server,quic_server_test_tp_limit_newcoid0,,"ivy_return_code(1)+assumption_failed(""/usr/local/lib/python2.7/dist-packages/ivy/include/1.7/quic_frame.ivy: line 1494"")",/home/chris/Toward-verification-of-QUIC-extensions/installer/TVOQE/results/errors/server/local/quant_master_server/temp/367/quic_server_test_tp_limit_newcoid0.iev,0.0,0.0
1273,quant,server,quic_server_test_no_icid0,,,/home/chris/Toward-verification-of-QUIC-extensions/installer/TVOQE/results/errors/server/local/quant_master_server/temp/1688/quic_server_test_no_icid0.iev,0.0,1.0
1274,quant,server,quic_server_test_max0,,"ivy_return_code(1)+assumption_failed(""/usr/local/lib/python2.7/dist-packages/ivy/include/1.7/quic_frame.ivy: line 1494"")",/home/chris/Toward-verification-of-QUIC-extensions/installer/TVOQE/results/errors/server/local/quant_master_server/temp/474/quic_server_test_max0.iev,0.0,0.0
1275,quant,server,quic_server_test_tp_limit_newcoid0,,"ivy_return_code(1)+assumption_failed(""/usr/local/lib/python2.7/dist-packages/ivy/include/1.7/quic_frame.ivy: line 1494"")",/home/chris/Toward-verification-of-QUIC-extensions/installer/TVOQE/results/errors/server/local/quant_master_server/temp/349/quic_server_test_tp_limit_newcoid0.iev,0.0,0.0
1276,quant,server,quic_server_test_max0,,"ivy_return_code(1)+assumption_failed(""/usr/local/lib/python2.7/dist-packages/ivy/include/1.7/quic_frame.ivy: line 1494"")",/home/chris/Toward-verification-of-QUIC-extensions/installer/TVOQE/results/errors/server/local/quant_master_server/temp/470/quic_server_test_max0.iev,0.0,0.0
1277,quant,server,quic_server_test_blocked_streams_maxstream_error0,,"ivy_return_code(1)+assumption_failed(""quic_server_test_blocked_streams_maxstream_error.ivy: line 534"")",/home/chris/Toward-verification-of-QUIC-extensions/installer/TVOQE/results/errors/server/local/quant_master_server/temp/250/quic_server_test_blocked_streams_maxstream_error0.iev,0.0,0.0
1278,quant,server,quic_server_test_newconnectionid_error0,,server_return_code(-6)+ivy_return_code(1),/home/chris/Toward-verification-of-QUIC-extensions/installer/TVOQE/results/errors/server/local/quant_master_server/temp/1098/quic_server_test_newconnectionid_error0.iev,0.0,0.0
1279,quant,server,quic_server_test_unkown0,,"ivy_return_code(1)+assumption_failed(""quic_server_test_unkown.ivy: line 571"")",/home/chris/Toward-verification-of-QUIC-extensions/installer/TVOQE/results/errors/server/local/quant_master_server/temp/167/quic_server_test_unkown0.iev,0.0,0.0
1280,quant,server,quic_server_test_reset_stream0,,"ivy_return_code(1)+assumption_failed(""quic_server_test.ivy: line 182"")",/home/chris/Toward-verification-of-QUIC-extensions/installer/TVOQE/results/errors/server/local/quant_master_server/temp/994/quic_server_test_reset_stream0.iev,0.0,0.0
1281,quant,server,quic_server_test_tp_limit_acticoid_error0,,"ivy_return_code(1)+assumption_failed(""quic_server_test_tp_limit_acticoid_error.ivy: line 527"")",/home/chris/Toward-verification-of-QUIC-extensions/installer/TVOQE/results/errors/server/local/quant_master_server/temp/1424/quic_server_test_tp_limit_acticoid_error0.iev,0.0,0.0
1282,quant,server,quic_server_test_ext_min_ack_delay0,,"ivy_return_code(1)+assumption_failed(""/usr/local/lib/python2.7/dist-packages/ivy/include/1.7/quic_frame.ivy: line 1494"")",/home/chris/Toward-verification-of-QUIC-extensions/installer/TVOQE/results/errors/server/local/quant_master_server/temp/1793/quic_server_test_ext_min_ack_delay0.iev,0.0,0.0
1283,quant,server,quic_server_test_connection_close0,,ivy_return_code(134)+< prot.show_seqnum(0),/home/chris/Toward-verification-of-QUIC-extensions/installer/TVOQE/results/errors/server/local/quant_master_server/temp/896/quic_server_test_connection_close0.iev,0.0,0.0
1284,quant,server,quic_server_test_unkown0,,"ivy_return_code(1)+assumption_failed(""quic_server_test_unkown.ivy: line 571"")",/home/chris/Toward-verification-of-QUIC-extensions/installer/TVOQE/results/errors/server/local/quant_master_server/temp/112/quic_server_test_unkown0.iev,0.0,0.0
1285,quant,server,quic_server_test_newconnectionid_error0,,server_return_code(-6)+ivy_return_code(1),/home/chris/Toward-verification-of-QUIC-extensions/installer/TVOQE/results/errors/server/local/quant_master_server/temp/1093/quic_server_test_newconnectionid_error0.iev,0.0,0.0
1286,quant,server,quic_server_test_tp_limit_acticoid_error0,,server_return_code(-6)+ivy_return_code(1),/home/chris/Toward-verification-of-QUIC-extensions/installer/TVOQE/results/errors/server/local/quant_master_server/temp/1489/quic_server_test_tp_limit_acticoid_error0.iev,0.0,0.0
1287,quant,server,quic_server_test_tp_limit_newcoid0,,"ivy_return_code(1)+assumption_failed(""/usr/local/lib/python2.7/dist-packages/ivy/include/1.7/quic_frame.ivy: line 1494"")",/home/chris/Toward-verification-of-QUIC-extensions/installer/TVOQE/results/errors/server/local/quant_master_server/temp/335/quic_server_test_tp_limit_newcoid0.iev,0.0,0.0
1288,quant,server,quic_server_test_newconnectionid_error0,,server_return_code(-6)+ivy_return_code(1),/home/chris/Toward-verification-of-QUIC-extensions/installer/TVOQE/results/errors/server/local/quant_master_server/temp/1091/quic_server_test_newconnectionid_error0.iev,0.0,0.0
1289,quant,server,quic_server_test_max0,,"ivy_return_code(1)+assumption_failed(""/usr/local/lib/python2.7/dist-packages/ivy/include/1.7/quic_frame.ivy: line 1494"")",/home/chris/Toward-verification-of-QUIC-extensions/installer/TVOQE/results/errors/server/local/quant_master_server/temp/420/quic_server_test_max0.iev,0.0,0.0
1290,quant,server,quic_server_test_stream0,,"ivy_return_code(1)+assumption_failed(""/usr/local/lib/python2.7/dist-packages/ivy/include/1.7/quic_frame.ivy: line 1494"")",/home/chris/Toward-verification-of-QUIC-extensions/installer/TVOQE/results/errors/server/local/quant_master_server/temp/45/quic_server_test_stream0.iev,0.0,0.0
1291,quant,server,quic_server_test_blocked_streams_maxstream_error0,,"ivy_return_code(1)+assumption_failed(""quic_server_test_blocked_streams_maxstream_error.ivy: line 534"")",/home/chris/Toward-verification-of-QUIC-extensions/installer/TVOQE/results/errors/server/local/quant_master_server/temp/213/quic_server_test_blocked_streams_maxstream_error0.iev,0.0,0.0
1292,quant,server,quic_server_test_tp_limit_acticoid_error0,,,/home/chris/Toward-verification-of-QUIC-extensions/installer/TVOQE/results/errors/server/local/quant_master_server/temp/1439/quic_server_test_tp_limit_acticoid_error0.iev,0.0,1.0
1293,quant,server,quic_server_test_tp_acticoid_error0,,,/home/chris/Toward-verification-of-QUIC-extensions/installer/TVOQE/results/errors/server/local/quant_master_server/temp/749/quic_server_test_tp_acticoid_error0.iev,0.0,1.0
1294,quant,server,quic_server_test_tp_acticoid_error0,,,/home/chris/Toward-verification-of-QUIC-extensions/installer/TVOQE/results/errors/server/local/quant_master_server/temp/762/quic_server_test_tp_acticoid_error0.iev,0.0,1.0
1295,quant,server,quic_server_test_newconnectionid_error0,,server_return_code(-6)+ivy_return_code(1),/home/chris/Toward-verification-of-QUIC-extensions/installer/TVOQE/results/errors/server/local/quant_master_server/temp/1058/quic_server_test_newconnectionid_error0.iev,0.0,0.0
1296,quant,server,quic_server_test_double_tp_error0,,,/home/chris/Toward-verification-of-QUIC-extensions/installer/TVOQE/results/errors/server/local/quant_master_server/temp/1389/quic_server_test_double_tp_error0.iev,0.0,1.0
1297,quant,server,quic_server_test_handshake_done_error0,,"ivy_return_code(1)+assumption_failed(""quic_server_test_handshake_done_error.ivy: line 325"")",/home/chris/Toward-verification-of-QUIC-extensions/installer/TVOQE/results/errors/server/local/quant_master_server/temp/1193/quic_server_test_handshake_done_error0.iev,0.0,0.0
1298,quant,server,quic_server_test_tp_limit_newcoid0,,"ivy_return_code(1)+assumption_failed(""/usr/local/lib/python2.7/dist-packages/ivy/include/1.7/quic_frame.ivy: line 1494"")",/home/chris/Toward-verification-of-QUIC-extensions/installer/TVOQE/results/errors/server/local/quant_master_server/temp/332/quic_server_test_tp_limit_newcoid0.iev,0.0,0.0
1299,quant,server,quic_server_test_ext_min_ack_delay0,,"ivy_return_code(1)+assumption_failed(""/usr/local/lib/python2.7/dist-packages/ivy/include/1.7/quic_frame.ivy: line 1494"")",/home/chris/Toward-verification-of-QUIC-extensions/installer/TVOQE/results/errors/server/local/quant_master_server/temp/1722/quic_server_test_ext_min_ack_delay0.iev,0.0,0.0
1300,quant,server,quic_server_test_token_error0,,,/home/chris/Toward-verification-of-QUIC-extensions/installer/TVOQE/results/errors/server/local/quant_master_server/temp/510/quic_server_test_token_error0.iev,0.0,1.0
1301,quant,server,quic_server_test_no_icid0,,,/home/chris/Toward-verification-of-QUIC-extensions/installer/TVOQE/results/errors/server/local/quant_master_server/temp/1616/quic_server_test_no_icid0.iev,0.0,1.0
1302,quant,server,quic_server_test_tp_limit_newcoid0,,"ivy_return_code(1)+assumption_failed(""/usr/local/lib/python2.7/dist-packages/ivy/include/1.7/quic_frame.ivy: line 1494"")",/home/chris/Toward-verification-of-QUIC-extensions/installer/TVOQE/results/errors/server/local/quant_master_server/temp/329/quic_server_test_tp_limit_newcoid0.iev,0.0,0.0
1303,quant,server,quic_server_test_tp_acticoid_error0,,,/home/chris/Toward-verification-of-QUIC-extensions/installer/TVOQE/results/errors/server/local/quant_master_server/temp/724/quic_server_test_tp_acticoid_error0.iev,0.0,1.0
1304,quant,server,quic_server_test_connection_close0,,"ivy_return_code(1)+assumption_failed(""/usr/local/lib/python2.7/dist-packages/ivy/include/1.7/quic_packet.ivy: line 424"")",/home/chris/Toward-verification-of-QUIC-extensions/installer/TVOQE/results/errors/server/local/quant_master_server/temp/855/quic_server_test_connection_close0.iev,0.0,0.0
1305,quant,server,quic_server_test_tp_error0,,,/home/chris/Toward-verification-of-QUIC-extensions/installer/TVOQE/results/errors/server/local/quant_master_server/temp/682/quic_server_test_tp_error0.iev,0.0,1.0
1306,quant,server,quic_server_test_tp_limit_newcoid0,,"ivy_return_code(1)+assumption_failed(""/usr/local/lib/python2.7/dist-packages/ivy/include/1.7/quic_frame.ivy: line 1494"")",/home/chris/Toward-verification-of-QUIC-extensions/installer/TVOQE/results/errors/server/local/quant_master_server/temp/325/quic_server_test_tp_limit_newcoid0.iev,0.0,0.0
1307,quant,server,quic_server_test_blocked_streams_maxstream_error0,,"ivy_return_code(1)+assumption_failed(""quic_server_test_blocked_streams_maxstream_error.ivy: line 534"")",/home/chris/Toward-verification-of-QUIC-extensions/installer/TVOQE/results/errors/server/local/quant_master_server/temp/239/quic_server_test_blocked_streams_maxstream_error0.iev,0.0,0.0
1308,quant,server,quic_server_test_tp_limit_newcoid0,,"ivy_return_code(1)+assumption_failed(""/usr/local/lib/python2.7/dist-packages/ivy/include/1.7/quic_frame.ivy: line 1494"")",/home/chris/Toward-verification-of-QUIC-extensions/installer/TVOQE/results/errors/server/local/quant_master_server/temp/337/quic_server_test_tp_limit_newcoid0.iev,0.0,0.0
1309,quant,server,quic_server_test_tp_error0,,,/home/chris/Toward-verification-of-QUIC-extensions/installer/TVOQE/results/errors/server/local/quant_master_server/temp/641/quic_server_test_tp_error0.iev,0.0,1.0
1310,quant,server,quic_server_test_connection_close0,,ivy_return_code(134)+< prot.show_seqnum(0),/home/chris/Toward-verification-of-QUIC-extensions/installer/TVOQE/results/errors/server/local/quant_master_server/temp/890/quic_server_test_connection_close0.iev,0.0,0.0
1311,quant,server,quic_server_test_no_icid0,,,/home/chris/Toward-verification-of-QUIC-extensions/installer/TVOQE/results/errors/server/local/quant_master_server/temp/1644/quic_server_test_no_icid0.iev,0.0,1.0
1312,quant,server,quic_server_test_tp_limit_acticoid_error0,,"ivy_return_code(1)+assumption_failed(""quic_server_test_tp_limit_acticoid_error.ivy: line 527"")",/home/chris/Toward-verification-of-QUIC-extensions/installer/TVOQE/results/errors/server/local/quant_master_server/temp/1426/quic_server_test_tp_limit_acticoid_error0.iev,0.0,0.0
1313,quant,server,quic_server_test_connection_close0,,"ivy_return_code(1)+assumption_failed(""/usr/local/lib/python2.7/dist-packages/ivy/include/1.7/quic_frame.ivy: line 1494"")",/home/chris/Toward-verification-of-QUIC-extensions/installer/TVOQE/results/errors/server/local/quant_master_server/temp/876/quic_server_test_connection_close0.iev,0.0,0.0
1314,quant,server,quic_server_test_newconnectionid_error0,,"ivy_return_code(1)+assumption_failed(""/usr/local/lib/python2.7/dist-packages/ivy/include/1.7/quic_frame.ivy: line 1494"")",/home/chris/Toward-verification-of-QUIC-extensions/installer/TVOQE/results/errors/server/local/quant_master_server/temp/1041/quic_server_test_newconnectionid_error0.iev,0.0,0.0
1315,quant,server,quic_server_test_tp_limit_newcoid0,,"ivy_return_code(1)+assumption_failed(""/usr/local/lib/python2.7/dist-packages/ivy/include/1.7/quic_frame.ivy: line 1494"")",/home/chris/Toward-verification-of-QUIC-extensions/installer/TVOQE/results/errors/server/local/quant_master_server/temp/364/quic_server_test_tp_limit_newcoid0.iev,0.0,0.0
1316,quant,server,quic_server_test_stream0,,"ivy_return_code(1)+assumption_failed(""/usr/local/lib/python2.7/dist-packages/ivy/include/1.7/quic_frame.ivy: line 1494"")",/home/chris/Toward-verification-of-QUIC-extensions/installer/TVOQE/results/errors/server/local/quant_master_server/temp/0/quic_server_test_stream0.iev,0.0,0.0
1317,quant,server,quic_server_test_reset_stream0,,"ivy_return_code(1)+assumption_failed(""/usr/local/lib/python2.7/dist-packages/ivy/include/1.7/quic_frame.ivy: line 1494"")",/home/chris/Toward-verification-of-QUIC-extensions/installer/TVOQE/results/errors/server/local/quant_master_server/temp/985/quic_server_test_reset_stream0.iev,0.0,0.0
1318,quant,server,quic_server_test_tp_limit_acticoid_error0,,server_return_code(-6)+ivy_return_code(1),/home/chris/Toward-verification-of-QUIC-extensions/installer/TVOQE/results/errors/server/local/quant_master_server/temp/1461/quic_server_test_tp_limit_acticoid_error0.iev,0.0,0.0
1319,quant,server,quic_server_test_blocked_streams_maxstream_error0,,"ivy_return_code(1)+assumption_failed(""quic_server_test_blocked_streams_maxstream_error.ivy: line 534"")",/home/chris/Toward-verification-of-QUIC-extensions/installer/TVOQE/results/errors/server/local/quant_master_server/temp/261/quic_server_test_blocked_streams_maxstream_error0.iev,0.0,0.0
1320,quant,server,quic_server_test_unkown0,,"ivy_return_code(1)+assumption_failed(""quic_server_test_unkown.ivy: line 571"")",/home/chris/Toward-verification-of-QUIC-extensions/installer/TVOQE/results/errors/server/local/quant_master_server/temp/144/quic_server_test_unkown0.iev,0.0,0.0
1321,quant,server,quic_server_test_blocked_streams_maxstream_error0,,"ivy_return_code(1)+assumption_failed(""quic_server_test_blocked_streams_maxstream_error.ivy: line 534"")",/home/chris/Toward-verification-of-QUIC-extensions/installer/TVOQE/results/errors/server/local/quant_master_server/temp/242/quic_server_test_blocked_streams_maxstream_error0.iev,0.0,0.0
1322,quant,server,quic_server_test_tp_acticoid_error0,,,/home/chris/Toward-verification-of-QUIC-extensions/installer/TVOQE/results/errors/server/local/quant_master_server/temp/792/quic_server_test_tp_acticoid_error0.iev,0.0,1.0
1323,quant,server,quic_server_test_reset_stream0,,"ivy_return_code(1)+assumption_failed(""quic_server_test.ivy: line 182"")",/home/chris/Toward-verification-of-QUIC-extensions/installer/TVOQE/results/errors/server/local/quant_master_server/temp/991/quic_server_test_reset_stream0.iev,0.0,0.0
1324,quant,server,quic_server_test_tp_limit_acticoid_error0,,server_return_code(-6)+ivy_return_code(1),/home/chris/Toward-verification-of-QUIC-extensions/installer/TVOQE/results/errors/server/local/quant_master_server/temp/1427/quic_server_test_tp_limit_acticoid_error0.iev,0.0,0.0
1325,quant,server,quic_server_test_tp_error0,,,/home/chris/Toward-verification-of-QUIC-extensions/installer/TVOQE/results/errors/server/local/quant_master_server/temp/681/quic_server_test_tp_error0.iev,0.0,1.0
1326,quant,server,quic_server_test_connection_close0,,,/home/chris/Toward-verification-of-QUIC-extensions/installer/TVOQE/results/errors/server/local/quant_master_server/temp/802/quic_server_test_connection_close0.iev,0.0,1.0
1327,quant,server,quic_server_test_tp_limit_acticoid_error0,,server_return_code(-6)+ivy_return_code(1),/home/chris/Toward-verification-of-QUIC-extensions/installer/TVOQE/results/errors/server/local/quant_master_server/temp/1496/quic_server_test_tp_limit_acticoid_error0.iev,0.0,0.0
1328,quant,server,quic_server_test_tp_acticoid_error0,,,/home/chris/Toward-verification-of-QUIC-extensions/installer/TVOQE/results/errors/server/local/quant_master_server/temp/763/quic_server_test_tp_acticoid_error0.iev,0.0,1.0
1329,quant,server,quic_server_test_handshake_done_error0,,"ivy_return_code(1)+assumption_failed(""quic_server_test_handshake_done_error.ivy: line 325"")",/home/chris/Toward-verification-of-QUIC-extensions/installer/TVOQE/results/errors/server/local/quant_master_server/temp/1180/quic_server_test_handshake_done_error0.iev,0.0,0.0
1330,quant,server,quic_server_test_stop_sending0,,"ivy_return_code(1)+assumption_failed(""/usr/local/lib/python2.7/dist-packages/ivy/include/1.7/quic_frame.ivy: line 1494"")",/home/chris/Toward-verification-of-QUIC-extensions/installer/TVOQE/results/errors/server/local/quant_master_server/temp/1271/quic_server_test_stop_sending0.iev,0.0,0.0
1331,quant,server,quic_server_test_max0,,"ivy_return_code(1)+assumption_failed(""/usr/local/lib/python2.7/dist-packages/ivy/include/1.7/quic_frame.ivy: line 1494"")",/home/chris/Toward-verification-of-QUIC-extensions/installer/TVOQE/results/errors/server/local/quant_master_server/temp/418/quic_server_test_max0.iev,0.0,0.0
1332,quant,server,quic_server_test_accept_maxdata0,,"ivy_return_code(1)+assumption_failed(""/usr/local/lib/python2.7/dist-packages/ivy/include/1.7/quic_frame.ivy: line 1494"")",/home/chris/Toward-verification-of-QUIC-extensions/installer/TVOQE/results/errors/server/local/quant_master_server/temp/1596/quic_server_test_accept_maxdata0.iev,0.0,0.0
1333,quant,server,quic_server_test_double_tp_error0,,,/home/chris/Toward-verification-of-QUIC-extensions/installer/TVOQE/results/errors/server/local/quant_master_server/temp/1344/quic_server_test_double_tp_error0.iev,0.0,1.0
1334,quant,server,quic_server_test_double_tp_error0,,,/home/chris/Toward-verification-of-QUIC-extensions/installer/TVOQE/results/errors/server/local/quant_master_server/temp/1313/quic_server_test_double_tp_error0.iev,0.0,1.0
1335,quant,server,quic_server_test_reset_stream0,,"ivy_return_code(1)+assumption_failed(""quic_server_test.ivy: line 182"")",/home/chris/Toward-verification-of-QUIC-extensions/installer/TVOQE/results/errors/server/local/quant_master_server/temp/993/quic_server_test_reset_stream0.iev,0.0,0.0
1336,quant,server,quic_server_test_reset_stream0,,"ivy_return_code(1)+assumption_failed(""/usr/local/lib/python2.7/dist-packages/ivy/include/1.7/quic_frame.ivy: line 1494"")",/home/chris/Toward-verification-of-QUIC-extensions/installer/TVOQE/results/errors/server/local/quant_master_server/temp/978/quic_server_test_reset_stream0.iev,0.0,0.0
1337,quant,server,quic_server_test_ext_min_ack_delay0,,"ivy_return_code(1)+assumption_failed(""/usr/local/lib/python2.7/dist-packages/ivy/include/1.7/quic_frame.ivy: line 1494"")",/home/chris/Toward-verification-of-QUIC-extensions/installer/TVOQE/results/errors/server/local/quant_master_server/temp/1769/quic_server_test_ext_min_ack_delay0.iev,0.0,0.0
1338,quant,server,quic_server_test_tp_limit_acticoid_error0,,server_return_code(-6)+ivy_return_code(1),/home/chris/Toward-verification-of-QUIC-extensions/installer/TVOQE/results/errors/server/local/quant_master_server/temp/1480/quic_server_test_tp_limit_acticoid_error0.iev,0.0,0.0
1339,quant,server,quic_server_test_tp_limit_acticoid_error0,,server_return_code(-6)+ivy_return_code(1),/home/chris/Toward-verification-of-QUIC-extensions/installer/TVOQE/results/errors/server/local/quant_master_server/temp/1446/quic_server_test_tp_limit_acticoid_error0.iev,0.0,0.0
1340,quant,server,quic_server_test_token_error0,,,/home/chris/Toward-verification-of-QUIC-extensions/installer/TVOQE/results/errors/server/local/quant_master_server/temp/530/quic_server_test_token_error0.iev,0.0,1.0
1341,quant,server,quic_server_test_ext_min_ack_delay0,,"ivy_return_code(1)+assumption_failed(""/usr/local/lib/python2.7/dist-packages/ivy/include/1.7/quic_frame.ivy: line 1494"")",/home/chris/Toward-verification-of-QUIC-extensions/installer/TVOQE/results/errors/server/local/quant_master_server/temp/1732/quic_server_test_ext_min_ack_delay0.iev,0.0,0.0
1342,quant,server,quic_server_test_tp_acticoid_error0,,,/home/chris/Toward-verification-of-QUIC-extensions/installer/TVOQE/results/errors/server/local/quant_master_server/temp/761/quic_server_test_tp_acticoid_error0.iev,0.0,1.0
1343,quant,server,quic_server_test_stream0,,"ivy_return_code(1)+assumption_failed(""/usr/local/lib/python2.7/dist-packages/ivy/include/1.7/quic_frame.ivy: line 1494"")",/home/chris/Toward-verification-of-QUIC-extensions/installer/TVOQE/results/errors/server/local/quant_master_server/temp/65/quic_server_test_stream0.iev,0.0,0.0
1344,quant,server,quic_server_test_handshake_done_error0,,"ivy_return_code(1)+assumption_failed(""quic_server_test_handshake_done_error.ivy: line 325"")",/home/chris/Toward-verification-of-QUIC-extensions/installer/TVOQE/results/errors/server/local/quant_master_server/temp/1104/quic_server_test_handshake_done_error0.iev,0.0,0.0
1345,quant,server,quic_server_test_accept_maxdata0,,"ivy_return_code(1)+assumption_failed(""/usr/local/lib/python2.7/dist-packages/ivy/include/1.7/quic_frame.ivy: line 1494"")",/home/chris/Toward-verification-of-QUIC-extensions/installer/TVOQE/results/errors/server/local/quant_master_server/temp/1562/quic_server_test_accept_maxdata0.iev,0.0,0.0
1346,quant,server,quic_server_test_max0,,"ivy_return_code(1)+assumption_failed(""/usr/local/lib/python2.7/dist-packages/ivy/include/1.7/quic_frame.ivy: line 1494"")",/home/chris/Toward-verification-of-QUIC-extensions/installer/TVOQE/results/errors/server/local/quant_master_server/temp/484/quic_server_test_max0.iev,0.0,0.0
1347,quant,server,quic_server_test_stop_sending0,,"ivy_return_code(1)+assumption_failed(""/usr/local/lib/python2.7/dist-packages/ivy/include/1.7/quic_frame.ivy: line 1494"")",/home/chris/Toward-verification-of-QUIC-extensions/installer/TVOQE/results/errors/server/local/quant_master_server/temp/1299/quic_server_test_stop_sending0.iev,0.0,0.0
1348,quant,server,quic_server_test_tp_limit_newcoid0,,"ivy_return_code(1)+assumption_failed(""/usr/local/lib/python2.7/dist-packages/ivy/include/1.7/quic_frame.ivy: line 1494"")",/home/chris/Toward-verification-of-QUIC-extensions/installer/TVOQE/results/errors/server/local/quant_master_server/temp/333/quic_server_test_tp_limit_newcoid0.iev,0.0,0.0
1349,quant,server,quic_server_test_stream0,,"ivy_return_code(1)+assumption_failed(""/usr/local/lib/python2.7/dist-packages/ivy/include/1.7/quic_frame.ivy: line 1494"")",/home/chris/Toward-verification-of-QUIC-extensions/installer/TVOQE/results/errors/server/local/quant_master_server/temp/54/quic_server_test_stream0.iev,0.0,0.0
1350,quant,server,quic_server_test_double_tp_error0,,,/home/chris/Toward-verification-of-QUIC-extensions/installer/TVOQE/results/errors/server/local/quant_master_server/temp/1364/quic_server_test_double_tp_error0.iev,0.0,1.0
1351,quant,server,quic_server_test_stop_sending0,,"ivy_return_code(1)+assumption_failed(""/usr/local/lib/python2.7/dist-packages/ivy/include/1.7/quic_frame.ivy: line 1494"")",/home/chris/Toward-verification-of-QUIC-extensions/installer/TVOQE/results/errors/server/local/quant_master_server/temp/1268/quic_server_test_stop_sending0.iev,0.0,0.0
1352,quant,server,quic_server_test_stop_sending0,,"ivy_return_code(1)+assumption_failed(""/usr/local/lib/python2.7/dist-packages/ivy/include/1.7/quic_frame.ivy: line 1494"")",/home/chris/Toward-verification-of-QUIC-extensions/installer/TVOQE/results/errors/server/local/quant_master_server/temp/1275/quic_server_test_stop_sending0.iev,0.0,0.0
1353,quant,server,quic_server_test_ext_min_ack_delay0,,"ivy_return_code(1)+assumption_failed(""/usr/local/lib/python2.7/dist-packages/ivy/include/1.7/quic_frame.ivy: line 1494"")",/home/chris/Toward-verification-of-QUIC-extensions/installer/TVOQE/results/errors/server/local/quant_master_server/temp/1719/quic_server_test_ext_min_ack_delay0.iev,0.0,0.0
1354,quant,server,quic_server_test_double_tp_error0,,,/home/chris/Toward-verification-of-QUIC-extensions/installer/TVOQE/results/errors/server/local/quant_master_server/temp/1326/quic_server_test_double_tp_error0.iev,0.0,1.0
1355,quant,server,quic_server_test_tp_limit_acticoid_error0,,"ivy_return_code(1)+assumption_failed(""quic_server_test_tp_limit_acticoid_error.ivy: line 527"")",/home/chris/Toward-verification-of-QUIC-extensions/installer/TVOQE/results/errors/server/local/quant_master_server/temp/1450/quic_server_test_tp_limit_acticoid_error0.iev,0.0,0.0
1356,quant,server,quic_server_test_blocked_streams_maxstream_error0,,"ivy_return_code(1)+assumption_failed(""/usr/local/lib/python2.7/dist-packages/ivy/include/1.7/quic_frame.ivy: line 1494"")",/home/chris/Toward-verification-of-QUIC-extensions/installer/TVOQE/results/errors/server/local/quant_master_server/temp/282/quic_server_test_blocked_streams_maxstream_error0.iev,0.0,0.0
1357,quant,server,quic_server_test_handshake_done_error0,,"ivy_return_code(1)+assumption_failed(""quic_server_test_handshake_done_error.ivy: line 325"")",/home/chris/Toward-verification-of-QUIC-extensions/installer/TVOQE/results/errors/server/local/quant_master_server/temp/1184/quic_server_test_handshake_done_error0.iev,0.0,0.0
1358,quant,server,quic_server_test_tp_acticoid_error0,,,/home/chris/Toward-verification-of-QUIC-extensions/installer/TVOQE/results/errors/server/local/quant_master_server/temp/735/quic_server_test_tp_acticoid_error0.iev,0.0,1.0
1359,quant,server,quic_server_test_reset_stream0,,"ivy_return_code(1)+assumption_failed(""quic_server_test.ivy: line 182"")",/home/chris/Toward-verification-of-QUIC-extensions/installer/TVOQE/results/errors/server/local/quant_master_server/temp/934/quic_server_test_reset_stream0.iev,0.0,0.0
1360,quant,server,quic_server_test_connection_close0,,"ivy_return_code(1)+assumption_failed(""/usr/local/lib/python2.7/dist-packages/ivy/include/1.7/quic_frame.ivy: line 1494"")",/home/chris/Toward-verification-of-QUIC-extensions/installer/TVOQE/results/errors/server/local/quant_master_server/temp/850/quic_server_test_connection_close0.iev,0.0,0.0
1361,quant,server,quic_server_test_tp_acticoid_error0,,,/home/chris/Toward-verification-of-QUIC-extensions/installer/TVOQE/results/errors/server/local/quant_master_server/temp/798/quic_server_test_tp_acticoid_error0.iev,0.0,1.0
1362,quant,server,quic_server_test_stop_sending0,,"ivy_return_code(1)+assumption_failed(""/usr/local/lib/python2.7/dist-packages/ivy/include/1.7/quic_frame.ivy: line 1494"")",/home/chris/Toward-verification-of-QUIC-extensions/installer/TVOQE/results/errors/server/local/quant_master_server/temp/1242/quic_server_test_stop_sending0.iev,0.0,0.0
1363,quant,server,quic_server_test_connection_close0,,,/home/chris/Toward-verification-of-QUIC-extensions/installer/TVOQE/results/errors/server/local/quant_master_server/temp/878/quic_server_test_connection_close0.iev,0.0,1.0
1364,quant,server,quic_server_test_tp_error0,,,/home/chris/Toward-verification-of-QUIC-extensions/installer/TVOQE/results/errors/server/local/quant_master_server/temp/655/quic_server_test_tp_error0.iev,0.0,1.0
1365,quant,server,quic_server_test_token_error0,,,/home/chris/Toward-verification-of-QUIC-extensions/installer/TVOQE/results/errors/server/local/quant_master_server/temp/572/quic_server_test_token_error0.iev,0.0,1.0
1366,quant,server,quic_server_test_stop_sending0,,"ivy_return_code(1)+assumption_failed(""/usr/local/lib/python2.7/dist-packages/ivy/include/1.7/quic_frame.ivy: line 1494"")",/home/chris/Toward-verification-of-QUIC-extensions/installer/TVOQE/results/errors/server/local/quant_master_server/temp/1238/quic_server_test_stop_sending0.iev,0.0,0.0
1367,quant,server,quic_server_test_stop_sending0,,"ivy_return_code(1)+assumption_failed(""/usr/local/lib/python2.7/dist-packages/ivy/include/1.7/quic_frame.ivy: line 1494"")",/home/chris/Toward-verification-of-QUIC-extensions/installer/TVOQE/results/errors/server/local/quant_master_server/temp/1274/quic_server_test_stop_sending0.iev,0.0,0.0
1368,quant,server,quic_server_test_ext_min_ack_delay0,,"ivy_return_code(1)+assumption_failed(""/usr/local/lib/python2.7/dist-packages/ivy/include/1.7/quic_frame.ivy: line 1494"")",/home/chris/Toward-verification-of-QUIC-extensions/installer/TVOQE/results/errors/server/local/quant_master_server/temp/1781/quic_server_test_ext_min_ack_delay0.iev,0.0,0.0
1369,quant,server,quic_server_test_handshake_done_error0,,"ivy_return_code(1)+assumption_failed(""quic_server_test_handshake_done_error.ivy: line 186"")",/home/chris/Toward-verification-of-QUIC-extensions/installer/TVOQE/results/errors/server/local/quant_master_server/temp/1169/quic_server_test_handshake_done_error0.iev,0.0,0.0
1370,quant,server,quic_server_test_tp_limit_newcoid0,,"ivy_return_code(1)+assumption_failed(""/usr/local/lib/python2.7/dist-packages/ivy/include/1.7/quic_frame.ivy: line 1494"")",/home/chris/Toward-verification-of-QUIC-extensions/installer/TVOQE/results/errors/server/local/quant_master_server/temp/336/quic_server_test_tp_limit_newcoid0.iev,0.0,0.0
1371,quant,server,quic_server_test_handshake_done_error0,,"ivy_return_code(1)+assumption_failed(""quic_server_test_handshake_done_error.ivy: line 186"")",/home/chris/Toward-verification-of-QUIC-extensions/installer/TVOQE/results/errors/server/local/quant_master_server/temp/1185/quic_server_test_handshake_done_error0.iev,0.0,0.0
1372,quant,server,quic_server_test_tp_limit_newcoid0,,"ivy_return_code(1)+assumption_failed(""/usr/local/lib/python2.7/dist-packages/ivy/include/1.7/quic_frame.ivy: line 1494"")",/home/chris/Toward-verification-of-QUIC-extensions/installer/TVOQE/results/errors/server/local/quant_master_server/temp/366/quic_server_test_tp_limit_newcoid0.iev,0.0,0.0
1373,quant,server,quic_server_test_blocked_streams_maxstream_error0,,"ivy_return_code(1)+assumption_failed(""quic_server_test_blocked_streams_maxstream_error.ivy: line 534"")",/home/chris/Toward-verification-of-QUIC-extensions/installer/TVOQE/results/errors/server/local/quant_master_server/temp/263/quic_server_test_blocked_streams_maxstream_error0.iev,0.0,0.0
1374,quant,server,quic_server_test_double_tp_error0,,,/home/chris/Toward-verification-of-QUIC-extensions/installer/TVOQE/results/errors/server/local/quant_master_server/temp/1394/quic_server_test_double_tp_error0.iev,0.0,1.0
1375,quant,server,quic_server_test_max0,,"ivy_return_code(1)+assumption_failed(""/usr/local/lib/python2.7/dist-packages/ivy/include/1.7/quic_frame.ivy: line 1494"")",/home/chris/Toward-verification-of-QUIC-extensions/installer/TVOQE/results/errors/server/local/quant_master_server/temp/499/quic_server_test_max0.iev,0.0,0.0
1376,quant,server,quic_server_test_connection_close0,,,/home/chris/Toward-verification-of-QUIC-extensions/installer/TVOQE/results/errors/server/local/quant_master_server/temp/838/quic_server_test_connection_close0.iev,0.0,1.0
1377,quant,server,quic_server_test_stop_sending0,,"ivy_return_code(1)+assumption_failed(""/usr/local/lib/python2.7/dist-packages/ivy/include/1.7/quic_frame.ivy: line 1494"")",/home/chris/Toward-verification-of-QUIC-extensions/installer/TVOQE/results/errors/server/local/quant_master_server/temp/1261/quic_server_test_stop_sending0.iev,0.0,0.0
1378,quant,server,quic_server_test_tp_acticoid_error0,,,/home/chris/Toward-verification-of-QUIC-extensions/installer/TVOQE/results/errors/server/local/quant_master_server/temp/755/quic_server_test_tp_acticoid_error0.iev,0.0,1.0
1379,quant,server,quic_server_test_stop_sending0,,"ivy_return_code(1)+assumption_failed(""/usr/local/lib/python2.7/dist-packages/ivy/include/1.7/quic_frame.ivy: line 1494"")",/home/chris/Toward-verification-of-QUIC-extensions/installer/TVOQE/results/errors/server/local/quant_master_server/temp/1298/quic_server_test_stop_sending0.iev,0.0,0.0
1380,quant,server,quic_server_test_unkown0,,"ivy_return_code(1)+assumption_failed(""quic_server_test_unkown.ivy: line 571"")",/home/chris/Toward-verification-of-QUIC-extensions/installer/TVOQE/results/errors/server/local/quant_master_server/temp/134/quic_server_test_unkown0.iev,0.0,0.0
1381,quant,server,quic_server_test_ext_min_ack_delay0,,"ivy_return_code(1)+assumption_failed(""/usr/local/lib/python2.7/dist-packages/ivy/include/1.7/quic_frame.ivy: line 1494"")",/home/chris/Toward-verification-of-QUIC-extensions/installer/TVOQE/results/errors/server/local/quant_master_server/temp/1778/quic_server_test_ext_min_ack_delay0.iev,0.0,0.0
1382,quant,server,quic_server_test_no_icid0,,,/home/chris/Toward-verification-of-QUIC-extensions/installer/TVOQE/results/errors/server/local/quant_master_server/temp/1625/quic_server_test_no_icid0.iev,0.0,1.0
1383,quant,server,quic_server_test_reset_stream0,,"ivy_return_code(1)+assumption_failed(""quic_server_test.ivy: line 182"")",/home/chris/Toward-verification-of-QUIC-extensions/installer/TVOQE/results/errors/server/local/quant_master_server/temp/908/quic_server_test_reset_stream0.iev,0.0,0.0
1384,quant,server,quic_server_test_accept_maxdata0,,"ivy_return_code(1)+assumption_failed(""/usr/local/lib/python2.7/dist-packages/ivy/include/1.7/quic_frame.ivy: line 1494"")",/home/chris/Toward-verification-of-QUIC-extensions/installer/TVOQE/results/errors/server/local/quant_master_server/temp/1557/quic_server_test_accept_maxdata0.iev,0.0,0.0
1385,quant,server,quic_server_test_no_icid0,,,/home/chris/Toward-verification-of-QUIC-extensions/installer/TVOQE/results/errors/server/local/quant_master_server/temp/1642/quic_server_test_no_icid0.iev,0.0,1.0
1386,quant,server,quic_server_test_max0,,"ivy_return_code(1)+assumption_failed(""/usr/local/lib/python2.7/dist-packages/ivy/include/1.7/quic_frame.ivy: line 1494"")",/home/chris/Toward-verification-of-QUIC-extensions/installer/TVOQE/results/errors/server/local/quant_master_server/temp/409/quic_server_test_max0.iev,0.0,0.0
1387,quant,server,quic_server_test_handshake_done_error0,,"ivy_return_code(1)+assumption_failed(""quic_server_test_handshake_done_error.ivy: line 325"")",/home/chris/Toward-verification-of-QUIC-extensions/installer/TVOQE/results/errors/server/local/quant_master_server/temp/1133/quic_server_test_handshake_done_error0.iev,0.0,0.0
1388,quant,server,quic_server_test_newconnectionid_error0,,server_return_code(-6)+ivy_return_code(1),/home/chris/Toward-verification-of-QUIC-extensions/installer/TVOQE/results/errors/server/local/quant_master_server/temp/1054/quic_server_test_newconnectionid_error0.iev,0.0,0.0
1389,quant,server,quic_server_test_handshake_done_error0,,"ivy_return_code(1)+assumption_failed(""quic_server_test_handshake_done_error.ivy: line 325"")",/home/chris/Toward-verification-of-QUIC-extensions/installer/TVOQE/results/errors/server/local/quant_master_server/temp/1197/quic_server_test_handshake_done_error0.iev,0.0,0.0
1390,quant,server,quic_server_test_tp_error0,,,/home/chris/Toward-verification-of-QUIC-extensions/installer/TVOQE/results/errors/server/local/quant_master_server/temp/653/quic_server_test_tp_error0.iev,0.0,1.0
1391,quant,server,quic_server_test_stream0,,"ivy_return_code(1)+assumption_failed(""/usr/local/lib/python2.7/dist-packages/ivy/include/1.7/quic_frame.ivy: line 1494"")",/home/chris/Toward-verification-of-QUIC-extensions/installer/TVOQE/results/errors/server/local/quant_master_server/temp/56/quic_server_test_stream0.iev,0.0,0.0
1392,quant,server,quic_server_test_no_icid0,,,/home/chris/Toward-verification-of-QUIC-extensions/installer/TVOQE/results/errors/server/local/quant_master_server/temp/1660/quic_server_test_no_icid0.iev,0.0,1.0
1393,quant,server,quic_server_test_tp_error0,,,/home/chris/Toward-verification-of-QUIC-extensions/installer/TVOQE/results/errors/server/local/quant_master_server/temp/675/quic_server_test_tp_error0.iev,0.0,1.0
1394,quant,server,quic_server_test_stream0,,"ivy_return_code(1)+assumption_failed(""/usr/local/lib/python2.7/dist-packages/ivy/include/1.7/quic_frame.ivy: line 1494"")",/home/chris/Toward-verification-of-QUIC-extensions/installer/TVOQE/results/errors/server/local/quant_master_server/temp/44/quic_server_test_stream0.iev,0.0,0.0
1395,quant,server,quic_server_test_token_error0,,,/home/chris/Toward-verification-of-QUIC-extensions/installer/TVOQE/results/errors/server/local/quant_master_server/temp/567/quic_server_test_token_error0.iev,0.0,1.0
1396,quant,server,quic_server_test_reset_stream0,,"ivy_return_code(1)+assumption_failed(""/usr/local/lib/python2.7/dist-packages/ivy/include/1.7/quic_frame.ivy: line 1494"")",/home/chris/Toward-verification-of-QUIC-extensions/installer/TVOQE/results/errors/server/local/quant_master_server/temp/996/quic_server_test_reset_stream0.iev,0.0,0.0
1397,quant,server,quic_server_test_unkown0,,"ivy_return_code(1)+assumption_failed(""quic_server_test_unkown.ivy: line 571"")",/home/chris/Toward-verification-of-QUIC-extensions/installer/TVOQE/results/errors/server/local/quant_master_server/temp/156/quic_server_test_unkown0.iev,0.0,0.0
1398,quant,server,quic_server_test_stop_sending0,,"ivy_return_code(1)+assumption_failed(""/usr/local/lib/python2.7/dist-packages/ivy/include/1.7/quic_frame.ivy: line 1494"")",/home/chris/Toward-verification-of-QUIC-extensions/installer/TVOQE/results/errors/server/local/quant_master_server/temp/1258/quic_server_test_stop_sending0.iev,0.0,0.0
1399,quant,server,quic_server_test_token_error0,,,/home/chris/Toward-verification-of-QUIC-extensions/installer/TVOQE/results/errors/server/local/quant_master_server/temp/599/quic_server_test_token_error0.iev,0.0,1.0
1400,quant,server,quic_server_test_newconnectionid_error0,,server_return_code(-6)+ivy_return_code(1),/home/chris/Toward-verification-of-QUIC-extensions/installer/TVOQE/results/errors/server/local/quant_master_server/temp/1045/quic_server_test_newconnectionid_error0.iev,0.0,0.0
1401,quant,server,quic_server_test_unkown0,,"ivy_return_code(1)+assumption_failed(""quic_server_test_unkown.ivy: line 571"")",/home/chris/Toward-verification-of-QUIC-extensions/installer/TVOQE/results/errors/server/local/quant_master_server/temp/199/quic_server_test_unkown0.iev,0.0,0.0
1402,quant,server,quic_server_test_handshake_done_error0,,"ivy_return_code(1)+assumption_failed(""quic_server_test_handshake_done_error.ivy: line 325"")",/home/chris/Toward-verification-of-QUIC-extensions/installer/TVOQE/results/errors/server/local/quant_master_server/temp/1117/quic_server_test_handshake_done_error0.iev,0.0,0.0
1403,quant,server,quic_server_test_tp_error0,,,/home/chris/Toward-verification-of-QUIC-extensions/installer/TVOQE/results/errors/server/local/quant_master_server/temp/615/quic_server_test_tp_error0.iev,0.0,1.0
1404,quant,server,quic_server_test_accept_maxdata0,,"ivy_return_code(1)+assumption_failed(""/usr/local/lib/python2.7/dist-packages/ivy/include/1.7/quic_frame.ivy: line 1494"")",/home/chris/Toward-verification-of-QUIC-extensions/installer/TVOQE/results/errors/server/local/quant_master_server/temp/1558/quic_server_test_accept_maxdata0.iev,0.0,0.0
1405,quant,server,quic_server_test_accept_maxdata0,,"ivy_return_code(1)+assumption_failed(""/usr/local/lib/python2.7/dist-packages/ivy/include/1.7/quic_frame.ivy: line 1494"")",/home/chris/Toward-verification-of-QUIC-extensions/installer/TVOQE/results/errors/server/local/quant_master_server/temp/1530/quic_server_test_accept_maxdata0.iev,0.0,0.0
1406,quant,server,quic_server_test_reset_stream0,,"ivy_return_code(1)+assumption_failed(""quic_server_test.ivy: line 182"")",/home/chris/Toward-verification-of-QUIC-extensions/installer/TVOQE/results/errors/server/local/quant_master_server/temp/913/quic_server_test_reset_stream0.iev,0.0,0.0
1407,quant,server,quic_server_test_no_icid0,,,/home/chris/Toward-verification-of-QUIC-extensions/installer/TVOQE/results/errors/server/local/quant_master_server/temp/1622/quic_server_test_no_icid0.iev,0.0,1.0
1408,quant,server,quic_server_test_max0,,"ivy_return_code(1)+assumption_failed(""/usr/local/lib/python2.7/dist-packages/ivy/include/1.7/quic_frame.ivy: line 1494"")",/home/chris/Toward-verification-of-QUIC-extensions/installer/TVOQE/results/errors/server/local/quant_master_server/temp/447/quic_server_test_max0.iev,0.0,0.0
1409,quant,server,quic_server_test_ext_min_ack_delay0,,"ivy_return_code(1)+assumption_failed(""/usr/local/lib/python2.7/dist-packages/ivy/include/1.7/quic_frame.ivy: line 1494"")",/home/chris/Toward-verification-of-QUIC-extensions/installer/TVOQE/results/errors/server/local/quant_master_server/temp/1731/quic_server_test_ext_min_ack_delay0.iev,0.0,0.0
1410,quant,server,quic_server_test_connection_close0,,,/home/chris/Toward-verification-of-QUIC-extensions/installer/TVOQE/results/errors/server/local/quant_master_server/temp/866/quic_server_test_connection_close0.iev,0.0,1.0
1411,quant,server,quic_server_test_tp_limit_newcoid0,,"ivy_return_code(1)+assumption_failed(""/usr/local/lib/python2.7/dist-packages/ivy/include/1.7/quic_frame.ivy: line 1494"")",/home/chris/Toward-verification-of-QUIC-extensions/installer/TVOQE/results/errors/server/local/quant_master_server/temp/392/quic_server_test_tp_limit_newcoid0.iev,0.0,0.0
1412,quant,server,quic_server_test_double_tp_error0,,,/home/chris/Toward-verification-of-QUIC-extensions/installer/TVOQE/results/errors/server/local/quant_master_server/temp/1303/quic_server_test_double_tp_error0.iev,0.0,1.0
1413,quant,server,quic_server_test_tp_limit_newcoid0,,"ivy_return_code(1)+assumption_failed(""/usr/local/lib/python2.7/dist-packages/ivy/include/1.7/quic_frame.ivy: line 1494"")",/home/chris/Toward-verification-of-QUIC-extensions/installer/TVOQE/results/errors/server/local/quant_master_server/temp/303/quic_server_test_tp_limit_newcoid0.iev,0.0,0.0
1414,quant,server,quic_server_test_max0,,"ivy_return_code(1)+assumption_failed(""/usr/local/lib/python2.7/dist-packages/ivy/include/1.7/quic_frame.ivy: line 1494"")",/home/chris/Toward-verification-of-QUIC-extensions/installer/TVOQE/results/errors/server/local/quant_master_server/temp/401/quic_server_test_max0.iev,0.0,0.0
1415,quant,server,quic_server_test_tp_error0,,,/home/chris/Toward-verification-of-QUIC-extensions/installer/TVOQE/results/errors/server/local/quant_master_server/temp/685/quic_server_test_tp_error0.iev,0.0,1.0
1416,quant,server,quic_server_test_tp_limit_acticoid_error0,,server_return_code(-6)+ivy_return_code(1),/home/chris/Toward-verification-of-QUIC-extensions/installer/TVOQE/results/errors/server/local/quant_master_server/temp/1493/quic_server_test_tp_limit_acticoid_error0.iev,0.0,0.0
1417,quant,server,quic_server_test_blocked_streams_maxstream_error0,,"ivy_return_code(1)+assumption_failed(""/usr/local/lib/python2.7/dist-packages/ivy/include/1.7/quic_frame.ivy: line 1494"")",/home/chris/Toward-verification-of-QUIC-extensions/installer/TVOQE/results/errors/server/local/quant_master_server/temp/268/quic_server_test_blocked_streams_maxstream_error0.iev,0.0,0.0
1418,quant,server,quic_server_test_ext_min_ack_delay0,,"ivy_return_code(1)+assumption_failed(""/usr/local/lib/python2.7/dist-packages/ivy/include/1.7/quic_frame.ivy: line 1494"")",/home/chris/Toward-verification-of-QUIC-extensions/installer/TVOQE/results/errors/server/local/quant_master_server/temp/1797/quic_server_test_ext_min_ack_delay0.iev,0.0,0.0
1419,quant,server,quic_server_test_tp_acticoid_error0,,,/home/chris/Toward-verification-of-QUIC-extensions/installer/TVOQE/results/errors/server/local/quant_master_server/temp/716/quic_server_test_tp_acticoid_error0.iev,0.0,1.0
1420,quant,server,quic_server_test_reset_stream0,,"ivy_return_code(1)+assumption_failed(""/usr/local/lib/python2.7/dist-packages/ivy/include/1.7/quic_frame.ivy: line 1494"")",/home/chris/Toward-verification-of-QUIC-extensions/installer/TVOQE/results/errors/server/local/quant_master_server/temp/971/quic_server_test_reset_stream0.iev,0.0,0.0
1421,quant,server,quic_server_test_token_error0,,,/home/chris/Toward-verification-of-QUIC-extensions/installer/TVOQE/results/errors/server/local/quant_master_server/temp/585/quic_server_test_token_error0.iev,0.0,1.0
1422,quant,server,quic_server_test_tp_limit_newcoid0,,"ivy_return_code(1)+assumption_failed(""/usr/local/lib/python2.7/dist-packages/ivy/include/1.7/quic_frame.ivy: line 1494"")",/home/chris/Toward-verification-of-QUIC-extensions/installer/TVOQE/results/errors/server/local/quant_master_server/temp/307/quic_server_test_tp_limit_newcoid0.iev,0.0,0.0
1423,quant,server,quic_server_test_handshake_done_error0,,"ivy_return_code(1)+assumption_failed(""quic_server_test_handshake_done_error.ivy: line 325"")",/home/chris/Toward-verification-of-QUIC-extensions/installer/TVOQE/results/errors/server/local/quant_master_server/temp/1163/quic_server_test_handshake_done_error0.iev,0.0,0.0
1424,quant,server,quic_server_test_no_icid0,,,/home/chris/Toward-verification-of-QUIC-extensions/installer/TVOQE/results/errors/server/local/quant_master_server/temp/1668/quic_server_test_no_icid0.iev,0.0,1.0
1425,quant,server,quic_server_test_double_tp_error0,,,/home/chris/Toward-verification-of-QUIC-extensions/installer/TVOQE/results/errors/server/local/quant_master_server/temp/1358/quic_server_test_double_tp_error0.iev,0.0,1.0
1426,quant,server,quic_server_test_tp_acticoid_error0,,,/home/chris/Toward-verification-of-QUIC-extensions/installer/TVOQE/results/errors/server/local/quant_master_server/temp/786/quic_server_test_tp_acticoid_error0.iev,0.0,1.0
1427,quant,server,quic_server_test_accept_maxdata0,,"ivy_return_code(1)+assumption_failed(""/usr/local/lib/python2.7/dist-packages/ivy/include/1.7/quic_frame.ivy: line 1494"")",/home/chris/Toward-verification-of-QUIC-extensions/installer/TVOQE/results/errors/server/local/quant_master_server/temp/1552/quic_server_test_accept_maxdata0.iev,0.0,0.0
1428,quant,server,quic_server_test_stop_sending0,,"ivy_return_code(1)+assumption_failed(""/usr/local/lib/python2.7/dist-packages/ivy/include/1.7/quic_frame.ivy: line 1494"")",/home/chris/Toward-verification-of-QUIC-extensions/installer/TVOQE/results/errors/server/local/quant_master_server/temp/1223/quic_server_test_stop_sending0.iev,0.0,0.0
1429,quant,server,quic_server_test_accept_maxdata0,,"ivy_return_code(1)+assumption_failed(""/usr/local/lib/python2.7/dist-packages/ivy/include/1.7/quic_frame.ivy: line 1494"")",/home/chris/Toward-verification-of-QUIC-extensions/installer/TVOQE/results/errors/server/local/quant_master_server/temp/1539/quic_server_test_accept_maxdata0.iev,0.0,0.0
1430,quant,server,quic_server_test_tp_limit_newcoid0,,"ivy_return_code(1)+assumption_failed(""/usr/local/lib/python2.7/dist-packages/ivy/include/1.7/quic_frame.ivy: line 1494"")",/home/chris/Toward-verification-of-QUIC-extensions/installer/TVOQE/results/errors/server/local/quant_master_server/temp/343/quic_server_test_tp_limit_newcoid0.iev,0.0,0.0
1431,quant,server,quic_server_test_tp_limit_acticoid_error0,,server_return_code(-6)+ivy_return_code(1),/home/chris/Toward-verification-of-QUIC-extensions/installer/TVOQE/results/errors/server/local/quant_master_server/temp/1429/quic_server_test_tp_limit_acticoid_error0.iev,0.0,0.0
1432,quant,server,quic_server_test_tp_limit_acticoid_error0,,"ivy_return_code(1)+assumption_failed(""quic_server_test_tp_limit_acticoid_error.ivy: line 527"")",/home/chris/Toward-verification-of-QUIC-extensions/installer/TVOQE/results/errors/server/local/quant_master_server/temp/1407/quic_server_test_tp_limit_acticoid_error0.iev,0.0,0.0
1433,quant,server,quic_server_test_reset_stream0,,"ivy_return_code(1)+assumption_failed(""quic_server_test.ivy: line 182"")",/home/chris/Toward-verification-of-QUIC-extensions/installer/TVOQE/results/errors/server/local/quant_master_server/temp/909/quic_server_test_reset_stream0.iev,0.0,0.0
1434,quant,server,quic_server_test_stop_sending0,,"ivy_return_code(1)+assumption_failed(""/usr/local/lib/python2.7/dist-packages/ivy/include/1.7/quic_frame.ivy: line 1494"")",/home/chris/Toward-verification-of-QUIC-extensions/installer/TVOQE/results/errors/server/local/quant_master_server/temp/1254/quic_server_test_stop_sending0.iev,0.0,0.0
1435,quant,server,quic_server_test_newconnectionid_error0,,server_return_code(-6)+ivy_return_code(1),/home/chris/Toward-verification-of-QUIC-extensions/installer/TVOQE/results/errors/server/local/quant_master_server/temp/1060/quic_server_test_newconnectionid_error0.iev,0.0,0.0
1436,quant,server,quic_server_test_accept_maxdata0,,"ivy_return_code(1)+assumption_failed(""/usr/local/lib/python2.7/dist-packages/ivy/include/1.7/quic_frame.ivy: line 1494"")",/home/chris/Toward-verification-of-QUIC-extensions/installer/TVOQE/results/errors/server/local/quant_master_server/temp/1544/quic_server_test_accept_maxdata0.iev,0.0,0.0
1437,quant,server,quic_server_test_accept_maxdata0,,"ivy_return_code(1)+assumption_failed(""/usr/local/lib/python2.7/dist-packages/ivy/include/1.7/quic_frame.ivy: line 1494"")",/home/chris/Toward-verification-of-QUIC-extensions/installer/TVOQE/results/errors/server/local/quant_master_server/temp/1556/quic_server_test_accept_maxdata0.iev,0.0,0.0
1438,quant,server,quic_server_test_connection_close0,,,/home/chris/Toward-verification-of-QUIC-extensions/installer/TVOQE/results/errors/server/local/quant_master_server/temp/801/quic_server_test_connection_close0.iev,0.0,1.0
1439,quant,server,quic_server_test_reset_stream0,,"ivy_return_code(1)+assumption_failed(""/usr/local/lib/python2.7/dist-packages/ivy/include/1.7/quic_frame.ivy: line 1494"")",/home/chris/Toward-verification-of-QUIC-extensions/installer/TVOQE/results/errors/server/local/quant_master_server/temp/977/quic_server_test_reset_stream0.iev,0.0,0.0
1440,quant,server,quic_server_test_accept_maxdata0,,"ivy_return_code(1)+assumption_failed(""/usr/local/lib/python2.7/dist-packages/ivy/include/1.7/quic_frame.ivy: line 1494"")",/home/chris/Toward-verification-of-QUIC-extensions/installer/TVOQE/results/errors/server/local/quant_master_server/temp/1597/quic_server_test_accept_maxdata0.iev,0.0,0.0
1441,quant,server,quic_server_test_token_error0,,,/home/chris/Toward-verification-of-QUIC-extensions/installer/TVOQE/results/errors/server/local/quant_master_server/temp/554/quic_server_test_token_error0.iev,0.0,1.0
1442,quant,server,quic_server_test_stop_sending0,,"ivy_return_code(1)+assumption_failed(""/usr/local/lib/python2.7/dist-packages/ivy/include/1.7/quic_frame.ivy: line 1494"")",/home/chris/Toward-verification-of-QUIC-extensions/installer/TVOQE/results/errors/server/local/quant_master_server/temp/1229/quic_server_test_stop_sending0.iev,0.0,0.0
1443,quant,server,quic_server_test_accept_maxdata0,,"ivy_return_code(1)+assumption_failed(""/usr/local/lib/python2.7/dist-packages/ivy/include/1.7/quic_frame.ivy: line 1494"")",/home/chris/Toward-verification-of-QUIC-extensions/installer/TVOQE/results/errors/server/local/quant_master_server/temp/1541/quic_server_test_accept_maxdata0.iev,0.0,0.0
1444,quant,server,quic_server_test_token_error0,,,/home/chris/Toward-verification-of-QUIC-extensions/installer/TVOQE/results/errors/server/local/quant_master_server/temp/526/quic_server_test_token_error0.iev,0.0,1.0
1445,quant,server,quic_server_test_tp_acticoid_error0,,,/home/chris/Toward-verification-of-QUIC-extensions/installer/TVOQE/results/errors/server/local/quant_master_server/temp/708/quic_server_test_tp_acticoid_error0.iev,0.0,1.0
1446,quant,server,quic_server_test_newconnectionid_error0,,"ivy_return_code(1)+assumption_failed(""/usr/local/lib/python2.7/dist-packages/ivy/include/1.7/quic_frame.ivy: line 1494"")",/home/chris/Toward-verification-of-QUIC-extensions/installer/TVOQE/results/errors/server/local/quant_master_server/temp/1055/quic_server_test_newconnectionid_error0.iev,0.0,0.0
1447,quant,server,quic_server_test_stop_sending0,,"ivy_return_code(1)+assumption_failed(""/usr/local/lib/python2.7/dist-packages/ivy/include/1.7/quic_frame.ivy: line 1494"")",/home/chris/Toward-verification-of-QUIC-extensions/installer/TVOQE/results/errors/server/local/quant_master_server/temp/1279/quic_server_test_stop_sending0.iev,0.0,0.0
1448,quant,server,quic_server_test_tp_error0,,,/home/chris/Toward-verification-of-QUIC-extensions/installer/TVOQE/results/errors/server/local/quant_master_server/temp/636/quic_server_test_tp_error0.iev,0.0,1.0
1449,quant,server,quic_server_test_connection_close0,,,/home/chris/Toward-verification-of-QUIC-extensions/installer/TVOQE/results/errors/server/local/quant_master_server/temp/832/quic_server_test_connection_close0.iev,0.0,1.0
1450,quant,server,quic_server_test_no_icid0,,,/home/chris/Toward-verification-of-QUIC-extensions/installer/TVOQE/results/errors/server/local/quant_master_server/temp/1624/quic_server_test_no_icid0.iev,0.0,1.0
1451,quant,server,quic_server_test_token_error0,,,/home/chris/Toward-verification-of-QUIC-extensions/installer/TVOQE/results/errors/server/local/quant_master_server/temp/508/quic_server_test_token_error0.iev,0.0,1.0
1452,quant,server,quic_server_test_accept_maxdata0,,,/home/chris/Toward-verification-of-QUIC-extensions/installer/TVOQE/results/errors/server/local/quant_master_server/temp/1569/quic_server_test_accept_maxdata0.iev,0.0,1.0
1453,quant,server,quic_server_test_blocked_streams_maxstream_error0,,"ivy_return_code(1)+assumption_failed(""quic_server_test_blocked_streams_maxstream_error.ivy: line 534"")",/home/chris/Toward-verification-of-QUIC-extensions/installer/TVOQE/results/errors/server/local/quant_master_server/temp/299/quic_server_test_blocked_streams_maxstream_error0.iev,0.0,0.0
1454,quant,server,quic_server_test_accept_maxdata0,,,/home/chris/Toward-verification-of-QUIC-extensions/installer/TVOQE/results/errors/server/local/quant_master_server/temp/1555/quic_server_test_accept_maxdata0.iev,0.0,1.0
1455,quant,server,quic_server_test_stream0,,"ivy_return_code(1)+assumption_failed(""/usr/local/lib/python2.7/dist-packages/ivy/include/1.7/quic_frame.ivy: line 1494"")",/home/chris/Toward-verification-of-QUIC-extensions/installer/TVOQE/results/errors/server/local/quant_master_server/temp/43/quic_server_test_stream0.iev,0.0,0.0
1456,quant,server,quic_server_test_no_icid0,,,/home/chris/Toward-verification-of-QUIC-extensions/installer/TVOQE/results/errors/server/local/quant_master_server/temp/1689/quic_server_test_no_icid0.iev,0.0,1.0
1457,quant,server,quic_server_test_tp_error0,,,/home/chris/Toward-verification-of-QUIC-extensions/installer/TVOQE/results/errors/server/local/quant_master_server/temp/696/quic_server_test_tp_error0.iev,0.0,1.0
1458,quant,server,quic_server_test_unkown0,,"ivy_return_code(1)+assumption_failed(""quic_server_test_unkown.ivy: line 571"")",/home/chris/Toward-verification-of-QUIC-extensions/installer/TVOQE/results/errors/server/local/quant_master_server/temp/145/quic_server_test_unkown0.iev,0.0,0.0
1459,quant,server,quic_server_test_stop_sending0,,"ivy_return_code(1)+assumption_failed(""/usr/local/lib/python2.7/dist-packages/ivy/include/1.7/quic_frame.ivy: line 1494"")",/home/chris/Toward-verification-of-QUIC-extensions/installer/TVOQE/results/errors/server/local/quant_master_server/temp/1206/quic_server_test_stop_sending0.iev,0.0,0.0
1460,quant,server,quic_server_test_newconnectionid_error0,,server_return_code(-6)+ivy_return_code(1),/home/chris/Toward-verification-of-QUIC-extensions/installer/TVOQE/results/errors/server/local/quant_master_server/temp/1035/quic_server_test_newconnectionid_error0.iev,0.0,0.0
1461,quant,server,quic_server_test_unkown0,,"ivy_return_code(1)+assumption_failed(""quic_server_test_unkown.ivy: line 571"")",/home/chris/Toward-verification-of-QUIC-extensions/installer/TVOQE/results/errors/server/local/quant_master_server/temp/194/quic_server_test_unkown0.iev,0.0,0.0
1462,quant,server,quic_server_test_tp_acticoid_error0,,,/home/chris/Toward-verification-of-QUIC-extensions/installer/TVOQE/results/errors/server/local/quant_master_server/temp/781/quic_server_test_tp_acticoid_error0.iev,0.0,1.0
1463,quant,server,quic_server_test_connection_close0,,,/home/chris/Toward-verification-of-QUIC-extensions/installer/TVOQE/results/errors/server/local/quant_master_server/temp/889/quic_server_test_connection_close0.iev,0.0,1.0
1464,quant,server,quic_server_test_newconnectionid_error0,,server_return_code(-6)+test_completed,/home/chris/Toward-verification-of-QUIC-extensions/installer/TVOQE/results/errors/server/local/quant_master_server/temp/1013/quic_server_test_newconnectionid_error0.iev,0.0,0.0
1465,quant,server,quic_server_test_tp_limit_newcoid0,,"ivy_return_code(1)+assumption_failed(""/usr/local/lib/python2.7/dist-packages/ivy/include/1.7/quic_frame.ivy: line 1494"")",/home/chris/Toward-verification-of-QUIC-extensions/installer/TVOQE/results/errors/server/local/quant_master_server/temp/353/quic_server_test_tp_limit_newcoid0.iev,0.0,0.0
1466,quant,server,quic_server_test_stop_sending0,,"ivy_return_code(1)+assumption_failed(""/usr/local/lib/python2.7/dist-packages/ivy/include/1.7/quic_frame.ivy: line 1494"")",/home/chris/Toward-verification-of-QUIC-extensions/installer/TVOQE/results/errors/server/local/quant_master_server/temp/1262/quic_server_test_stop_sending0.iev,0.0,0.0
1467,quant,server,quic_server_test_stream0,,,/home/chris/Toward-verification-of-QUIC-extensions/installer/TVOQE/results/errors/server/local/quant_master_server/temp/76/quic_server_test_stream0.iev,0.0,1.0
1468,quant,server,quic_server_test_accept_maxdata0,,"ivy_return_code(1)+assumption_failed(""/usr/local/lib/python2.7/dist-packages/ivy/include/1.7/quic_frame.ivy: line 1494"")",/home/chris/Toward-verification-of-QUIC-extensions/installer/TVOQE/results/errors/server/local/quant_master_server/temp/1517/quic_server_test_accept_maxdata0.iev,0.0,0.0
1469,quant,server,quic_server_test_token_error0,,,/home/chris/Toward-verification-of-QUIC-extensions/installer/TVOQE/results/errors/server/local/quant_master_server/temp/534/quic_server_test_token_error0.iev,0.0,1.0
1470,quant,server,quic_server_test_double_tp_error0,,,/home/chris/Toward-verification-of-QUIC-extensions/installer/TVOQE/results/errors/server/local/quant_master_server/temp/1357/quic_server_test_double_tp_error0.iev,0.0,1.0
1471,quant,server,quic_server_test_stream0,,"ivy_return_code(1)+assumption_failed(""/usr/local/lib/python2.7/dist-packages/ivy/include/1.7/quic_frame.ivy: line 1494"")",/home/chris/Toward-verification-of-QUIC-extensions/installer/TVOQE/results/errors/server/local/quant_master_server/temp/48/quic_server_test_stream0.iev,0.0,0.0
1472,quant,server,quic_server_test_tp_error0,,,/home/chris/Toward-verification-of-QUIC-extensions/installer/TVOQE/results/errors/server/local/quant_master_server/temp/631/quic_server_test_tp_error0.iev,0.0,1.0
1473,quant,server,quic_server_test_accept_maxdata0,,"ivy_return_code(1)+assumption_failed(""/usr/local/lib/python2.7/dist-packages/ivy/include/1.7/quic_frame.ivy: line 1494"")",/home/chris/Toward-verification-of-QUIC-extensions/installer/TVOQE/results/errors/server/local/quant_master_server/temp/1527/quic_server_test_accept_maxdata0.iev,0.0,0.0
1474,quant,server,quic_server_test_newconnectionid_error0,,server_return_code(-6)+ivy_return_code(1),/home/chris/Toward-verification-of-QUIC-extensions/installer/TVOQE/results/errors/server/local/quant_master_server/temp/1089/quic_server_test_newconnectionid_error0.iev,0.0,0.0
1475,quant,server,quic_server_test_handshake_done_error0,,"ivy_return_code(1)+assumption_failed(""quic_server_test_handshake_done_error.ivy: line 325"")",/home/chris/Toward-verification-of-QUIC-extensions/installer/TVOQE/results/errors/server/local/quant_master_server/temp/1125/quic_server_test_handshake_done_error0.iev,0.0,0.0
1476,quant,server,quic_server_test_blocked_streams_maxstream_error0,,"ivy_return_code(1)+assumption_failed(""quic_server_test_blocked_streams_maxstream_error.ivy: line 534"")",/home/chris/Toward-verification-of-QUIC-extensions/installer/TVOQE/results/errors/server/local/quant_master_server/temp/203/quic_server_test_blocked_streams_maxstream_error0.iev,0.0,0.0
1477,quant,server,quic_server_test_token_error0,,,/home/chris/Toward-verification-of-QUIC-extensions/installer/TVOQE/results/errors/server/local/quant_master_server/temp/506/quic_server_test_token_error0.iev,0.0,1.0
1478,quant,server,quic_server_test_max0,,"ivy_return_code(1)+assumption_failed(""/usr/local/lib/python2.7/dist-packages/ivy/include/1.7/quic_frame.ivy: line 1494"")",/home/chris/Toward-verification-of-QUIC-extensions/installer/TVOQE/results/errors/server/local/quant_master_server/temp/465/quic_server_test_max0.iev,0.0,0.0
1479,quant,server,quic_server_test_tp_error0,,,/home/chris/Toward-verification-of-QUIC-extensions/installer/TVOQE/results/errors/server/local/quant_master_server/temp/648/quic_server_test_tp_error0.iev,0.0,1.0
1480,quant,server,quic_server_test_token_error0,,,/home/chris/Toward-verification-of-QUIC-extensions/installer/TVOQE/results/errors/server/local/quant_master_server/temp/547/quic_server_test_token_error0.iev,0.0,1.0
1481,quant,server,quic_server_test_double_tp_error0,,,/home/chris/Toward-verification-of-QUIC-extensions/installer/TVOQE/results/errors/server/local/quant_master_server/temp/1353/quic_server_test_double_tp_error0.iev,0.0,1.0
1482,quant,server,quic_server_test_unkown0,,ivy_return_code(134)+ivy_binary_deser_128 getn deser_err,/home/chris/Toward-verification-of-QUIC-extensions/installer/TVOQE/results/errors/server/local/quant_master_server/temp/121/quic_server_test_unkown0.iev,0.0,0.0
1483,quant,server,quic_server_test_tp_limit_newcoid0,,"ivy_return_code(1)+assumption_failed(""/usr/local/lib/python2.7/dist-packages/ivy/include/1.7/quic_frame.ivy: line 1494"")",/home/chris/Toward-verification-of-QUIC-extensions/installer/TVOQE/results/errors/server/local/quant_master_server/temp/314/quic_server_test_tp_limit_newcoid0.iev,0.0,0.0
1484,quant,server,quic_server_test_ext_min_ack_delay0,,"ivy_return_code(1)+assumption_failed(""/usr/local/lib/python2.7/dist-packages/ivy/include/1.7/quic_frame.ivy: line 1494"")",/home/chris/Toward-verification-of-QUIC-extensions/installer/TVOQE/results/errors/server/local/quant_master_server/temp/1724/quic_server_test_ext_min_ack_delay0.iev,0.0,0.0
1485,quant,server,quic_server_test_double_tp_error0,,,/home/chris/Toward-verification-of-QUIC-extensions/installer/TVOQE/results/errors/server/local/quant_master_server/temp/1380/quic_server_test_double_tp_error0.iev,0.0,1.0
1486,quant,server,quic_server_test_blocked_streams_maxstream_error0,,"ivy_return_code(1)+assumption_failed(""/usr/local/lib/python2.7/dist-packages/ivy/include/1.7/quic_frame.ivy: line 1494"")",/home/chris/Toward-verification-of-QUIC-extensions/installer/TVOQE/results/errors/server/local/quant_master_server/temp/236/quic_server_test_blocked_streams_maxstream_error0.iev,0.0,0.0
1487,quant,server,quic_server_test_tp_acticoid_error0,,,/home/chris/Toward-verification-of-QUIC-extensions/installer/TVOQE/results/errors/server/local/quant_master_server/temp/722/quic_server_test_tp_acticoid_error0.iev,0.0,1.0
1488,quant,server,quic_server_test_reset_stream0,,"ivy_return_code(1)+assumption_failed(""quic_server_test.ivy: line 182"")",/home/chris/Toward-verification-of-QUIC-extensions/installer/TVOQE/results/errors/server/local/quant_master_server/temp/987/quic_server_test_reset_stream0.iev,0.0,0.0
1489,quant,server,quic_server_test_stream0,,"ivy_return_code(1)+assumption_failed(""/usr/local/lib/python2.7/dist-packages/ivy/include/1.7/quic_frame.ivy: line 1494"")",/home/chris/Toward-verification-of-QUIC-extensions/installer/TVOQE/results/errors/server/local/quant_master_server/temp/49/quic_server_test_stream0.iev,0.0,0.0
1490,quant,server,quic_server_test_connection_close0,,"ivy_return_code(1)+assumption_failed(""/usr/local/lib/python2.7/dist-packages/ivy/include/1.7/quic_packet.ivy: line 424"")",/home/chris/Toward-verification-of-QUIC-extensions/installer/TVOQE/results/errors/server/local/quant_master_server/temp/836/quic_server_test_connection_close0.iev,0.0,0.0
1491,quant,server,quic_server_test_stream0,,"ivy_return_code(1)+assumption_failed(""/usr/local/lib/python2.7/dist-packages/ivy/include/1.7/quic_frame.ivy: line 1494"")",/home/chris/Toward-verification-of-QUIC-extensions/installer/TVOQE/results/errors/server/local/quant_master_server/temp/99/quic_server_test_stream0.iev,0.0,0.0
1492,quant,server,quic_server_test_max0,,"ivy_return_code(1)+assumption_failed(""/usr/local/lib/python2.7/dist-packages/ivy/include/1.7/quic_frame.ivy: line 1494"")",/home/chris/Toward-verification-of-QUIC-extensions/installer/TVOQE/results/errors/server/local/quant_master_server/temp/467/quic_server_test_max0.iev,0.0,0.0
1493,quant,server,quic_server_test_tp_limit_newcoid0,,"ivy_return_code(1)+assumption_failed(""/usr/local/lib/python2.7/dist-packages/ivy/include/1.7/quic_frame.ivy: line 1494"")",/home/chris/Toward-verification-of-QUIC-extensions/installer/TVOQE/results/errors/server/local/quant_master_server/temp/376/quic_server_test_tp_limit_newcoid0.iev,0.0,0.0
1494,quant,server,quic_server_test_stop_sending0,,"ivy_return_code(1)+assumption_failed(""/usr/local/lib/python2.7/dist-packages/ivy/include/1.7/quic_frame.ivy: line 1494"")",/home/chris/Toward-verification-of-QUIC-extensions/installer/TVOQE/results/errors/server/local/quant_master_server/temp/1201/quic_server_test_stop_sending0.iev,0.0,0.0
1495,quant,server,quic_server_test_accept_maxdata0,,"ivy_return_code(1)+assumption_failed(""/usr/local/lib/python2.7/dist-packages/ivy/include/1.7/quic_frame.ivy: line 1494"")",/home/chris/Toward-verification-of-QUIC-extensions/installer/TVOQE/results/errors/server/local/quant_master_server/temp/1550/quic_server_test_accept_maxdata0.iev,0.0,0.0
1496,quant,server,quic_server_test_newconnectionid_error0,,server_return_code(-6)+ivy_return_code(1),/home/chris/Toward-verification-of-QUIC-extensions/installer/TVOQE/results/errors/server/local/quant_master_server/temp/1023/quic_server_test_newconnectionid_error0.iev,0.0,0.0
1497,quant,server,quic_server_test_stop_sending0,,"ivy_return_code(1)+assumption_failed(""/usr/local/lib/python2.7/dist-packages/ivy/include/1.7/quic_frame.ivy: line 1494"")",/home/chris/Toward-verification-of-QUIC-extensions/installer/TVOQE/results/errors/server/local/quant_master_server/temp/1273/quic_server_test_stop_sending0.iev,0.0,0.0
1498,quant,server,quic_server_test_tp_error0,,,/home/chris/Toward-verification-of-QUIC-extensions/installer/TVOQE/results/errors/server/local/quant_master_server/temp/632/quic_server_test_tp_error0.iev,0.0,1.0
1499,quant,server,quic_server_test_blocked_streams_maxstream_error0,,"ivy_return_code(1)+assumption_failed(""quic_server_test_blocked_streams_maxstream_error.ivy: line 534"")",/home/chris/Toward-verification-of-QUIC-extensions/installer/TVOQE/results/errors/server/local/quant_master_server/temp/274/quic_server_test_blocked_streams_maxstream_error0.iev,0.0,0.0
1500,quant,server,quic_server_test_unkown0,,"ivy_return_code(1)+assumption_failed(""quic_server_test_unkown.ivy: line 571"")",/home/chris/Toward-verification-of-QUIC-extensions/installer/TVOQE/results/errors/server/local/quant_master_server/temp/180/quic_server_test_unkown0.iev,0.0,0.0
1501,quant,server,quic_server_test_double_tp_error0,,,/home/chris/Toward-verification-of-QUIC-extensions/installer/TVOQE/results/errors/server/local/quant_master_server/temp/1347/quic_server_test_double_tp_error0.iev,0.0,1.0
1502,quant,server,quic_server_test_tp_limit_newcoid0,,"ivy_return_code(1)+assumption_failed(""/usr/local/lib/python2.7/dist-packages/ivy/include/1.7/quic_frame.ivy: line 1494"")",/home/chris/Toward-verification-of-QUIC-extensions/installer/TVOQE/results/errors/server/local/quant_master_server/temp/383/quic_server_test_tp_limit_newcoid0.iev,0.0,0.0
1503,quant,server,quic_server_test_tp_limit_newcoid0,,"ivy_return_code(1)+assumption_failed(""/usr/local/lib/python2.7/dist-packages/ivy/include/1.7/quic_frame.ivy: line 1494"")",/home/chris/Toward-verification-of-QUIC-extensions/installer/TVOQE/results/errors/server/local/quant_master_server/temp/315/quic_server_test_tp_limit_newcoid0.iev,0.0,0.0
1504,quant,server,quic_server_test_ext_min_ack_delay0,,"ivy_return_code(1)+assumption_failed(""/usr/local/lib/python2.7/dist-packages/ivy/include/1.7/quic_frame.ivy: line 1494"")",/home/chris/Toward-verification-of-QUIC-extensions/installer/TVOQE/results/errors/server/local/quant_master_server/temp/1705/quic_server_test_ext_min_ack_delay0.iev,0.0,0.0
1505,quant,server,quic_server_test_token_error0,,,/home/chris/Toward-verification-of-QUIC-extensions/installer/TVOQE/results/errors/server/local/quant_master_server/temp/593/quic_server_test_token_error0.iev,0.0,1.0
1506,quant,server,quic_server_test_double_tp_error0,,,/home/chris/Toward-verification-of-QUIC-extensions/installer/TVOQE/results/errors/server/local/quant_master_server/temp/1302/quic_server_test_double_tp_error0.iev,0.0,1.0
1507,quant,server,quic_server_test_no_icid0,,,/home/chris/Toward-verification-of-QUIC-extensions/installer/TVOQE/results/errors/server/local/quant_master_server/temp/1641/quic_server_test_no_icid0.iev,0.0,1.0
1508,quant,server,quic_server_test_accept_maxdata0,,"ivy_return_code(1)+assumption_failed(""/usr/local/lib/python2.7/dist-packages/ivy/include/1.7/quic_frame.ivy: line 1494"")",/home/chris/Toward-verification-of-QUIC-extensions/installer/TVOQE/results/errors/server/local/quant_master_server/temp/1533/quic_server_test_accept_maxdata0.iev,0.0,0.0
1509,quant,server,quic_server_test_handshake_done_error0,,"ivy_return_code(1)+assumption_failed(""quic_server_test_handshake_done_error.ivy: line 325"")",/home/chris/Toward-verification-of-QUIC-extensions/installer/TVOQE/results/errors/server/local/quant_master_server/temp/1174/quic_server_test_handshake_done_error0.iev,0.0,0.0
1510,quant,server,quic_server_test_connection_close0,,,/home/chris/Toward-verification-of-QUIC-extensions/installer/TVOQE/results/errors/server/local/quant_master_server/temp/848/quic_server_test_connection_close0.iev,0.0,1.0
1511,quant,server,quic_server_test_newconnectionid_error0,,server_return_code(-6)+test_completed,/home/chris/Toward-verification-of-QUIC-extensions/installer/TVOQE/results/errors/server/local/quant_master_server/temp/1033/quic_server_test_newconnectionid_error0.iev,0.0,0.0
1512,quant,server,quic_server_test_tp_error0,,,/home/chris/Toward-verification-of-QUIC-extensions/installer/TVOQE/results/errors/server/local/quant_master_server/temp/689/quic_server_test_tp_error0.iev,0.0,1.0
1513,quant,server,quic_server_test_ext_min_ack_delay0,,"ivy_return_code(1)+assumption_failed(""/usr/local/lib/python2.7/dist-packages/ivy/include/1.7/quic_frame.ivy: line 1494"")",/home/chris/Toward-verification-of-QUIC-extensions/installer/TVOQE/results/errors/server/local/quant_master_server/temp/1799/quic_server_test_ext_min_ack_delay0.iev,0.0,0.0
1514,quant,server,quic_server_test_connection_close0,,,/home/chris/Toward-verification-of-QUIC-extensions/installer/TVOQE/results/errors/server/local/quant_master_server/temp/821/quic_server_test_connection_close0.iev,0.0,1.0
1515,quant,server,quic_server_test_ext_min_ack_delay0,,"ivy_return_code(1)+assumption_failed(""/usr/local/lib/python2.7/dist-packages/ivy/include/1.7/quic_frame.ivy: line 1494"")",/home/chris/Toward-verification-of-QUIC-extensions/installer/TVOQE/results/errors/server/local/quant_master_server/temp/1718/quic_server_test_ext_min_ack_delay0.iev,0.0,0.0
1516,quant,server,quic_server_test_double_tp_error0,,,/home/chris/Toward-verification-of-QUIC-extensions/installer/TVOQE/results/errors/server/local/quant_master_server/temp/1383/quic_server_test_double_tp_error0.iev,0.0,1.0
1517,quant,server,quic_server_test_ext_min_ack_delay0,,"ivy_return_code(1)+assumption_failed(""/usr/local/lib/python2.7/dist-packages/ivy/include/1.7/quic_frame.ivy: line 1494"")",/home/chris/Toward-verification-of-QUIC-extensions/installer/TVOQE/results/errors/server/local/quant_master_server/temp/1741/quic_server_test_ext_min_ack_delay0.iev,0.0,0.0
1518,quant,server,quic_server_test_blocked_streams_maxstream_error0,,"ivy_return_code(1)+assumption_failed(""/usr/local/lib/python2.7/dist-packages/ivy/include/1.7/quic_frame.ivy: line 1494"")",/home/chris/Toward-verification-of-QUIC-extensions/installer/TVOQE/results/errors/server/local/quant_master_server/temp/226/quic_server_test_blocked_streams_maxstream_error0.iev,0.0,0.0
1519,quant,server,quic_server_test_ext_min_ack_delay0,,"ivy_return_code(1)+assumption_failed(""/usr/local/lib/python2.7/dist-packages/ivy/include/1.7/quic_frame.ivy: line 1494"")",/home/chris/Toward-verification-of-QUIC-extensions/installer/TVOQE/results/errors/server/local/quant_master_server/temp/1729/quic_server_test_ext_min_ack_delay0.iev,0.0,0.0
1520,quant,server,quic_server_test_no_icid0,,,/home/chris/Toward-verification-of-QUIC-extensions/installer/TVOQE/results/errors/server/local/quant_master_server/temp/1619/quic_server_test_no_icid0.iev,0.0,1.0
1521,quant,server,quic_server_test_newconnectionid_error0,,"ivy_return_code(1)+assumption_failed(""quic_server_test_newconnectionid_error.ivy: line 388"")",/home/chris/Toward-verification-of-QUIC-extensions/installer/TVOQE/results/errors/server/local/quant_master_server/temp/1025/quic_server_test_newconnectionid_error0.iev,0.0,0.0
1522,quant,server,quic_server_test_double_tp_error0,,,/home/chris/Toward-verification-of-QUIC-extensions/installer/TVOQE/results/errors/server/local/quant_master_server/temp/1384/quic_server_test_double_tp_error0.iev,0.0,1.0
1523,quant,server,quic_server_test_tp_error0,,,/home/chris/Toward-verification-of-QUIC-extensions/installer/TVOQE/results/errors/server/local/quant_master_server/temp/695/quic_server_test_tp_error0.iev,0.0,1.0
1524,quant,server,quic_server_test_stop_sending0,,"ivy_return_code(1)+assumption_failed(""/usr/local/lib/python2.7/dist-packages/ivy/include/1.7/quic_frame.ivy: line 1494"")",/home/chris/Toward-verification-of-QUIC-extensions/installer/TVOQE/results/errors/server/local/quant_master_server/temp/1286/quic_server_test_stop_sending0.iev,0.0,0.0
1525,quant,server,quic_server_test_handshake_done_error0,,"ivy_return_code(1)+assumption_failed(""quic_server_test_handshake_done_error.ivy: line 325"")",/home/chris/Toward-verification-of-QUIC-extensions/installer/TVOQE/results/errors/server/local/quant_master_server/temp/1187/quic_server_test_handshake_done_error0.iev,0.0,0.0
1526,quant,server,quic_server_test_blocked_streams_maxstream_error0,,"ivy_return_code(1)+assumption_failed(""quic_server_test_blocked_streams_maxstream_error.ivy: line 534"")",/home/chris/Toward-verification-of-QUIC-extensions/installer/TVOQE/results/errors/server/local/quant_master_server/temp/243/quic_server_test_blocked_streams_maxstream_error0.iev,0.0,0.0
1527,quant,server,quic_server_test_stream0,,"ivy_return_code(1)+assumption_failed(""/usr/local/lib/python2.7/dist-packages/ivy/include/1.7/quic_frame.ivy: line 1494"")",/home/chris/Toward-verification-of-QUIC-extensions/installer/TVOQE/results/errors/server/local/quant_master_server/temp/18/quic_server_test_stream0.iev,0.0,0.0
1528,quant,server,quic_server_test_connection_close0,,"ivy_return_code(1)+assumption_failed(""/usr/local/lib/python2.7/dist-packages/ivy/include/1.7/quic_packet.ivy: line 404"")",/home/chris/Toward-verification-of-QUIC-extensions/installer/TVOQE/results/errors/server/local/quant_master_server/temp/846/quic_server_test_connection_close0.iev,0.0,0.0
1529,quant,server,quic_server_test_blocked_streams_maxstream_error0,,"ivy_return_code(1)+assumption_failed(""quic_server_test_blocked_streams_maxstream_error.ivy: line 534"")",/home/chris/Toward-verification-of-QUIC-extensions/installer/TVOQE/results/errors/server/local/quant_master_server/temp/278/quic_server_test_blocked_streams_maxstream_error0.iev,0.0,0.0
1530,quant,server,quic_server_test_unkown0,,"ivy_return_code(1)+assumption_failed(""quic_server_test_unkown.ivy: line 571"")",/home/chris/Toward-verification-of-QUIC-extensions/installer/TVOQE/results/errors/server/local/quant_master_server/temp/108/quic_server_test_unkown0.iev,0.0,0.0
1531,quant,server,quic_server_test_token_error0,,,/home/chris/Toward-verification-of-QUIC-extensions/installer/TVOQE/results/errors/server/local/quant_master_server/temp/541/quic_server_test_token_error0.iev,0.0,1.0
1532,quant,server,quic_server_test_max0,,"ivy_return_code(1)+assumption_failed(""/usr/local/lib/python2.7/dist-packages/ivy/include/1.7/quic_frame.ivy: line 1494"")",/home/chris/Toward-verification-of-QUIC-extensions/installer/TVOQE/results/errors/server/local/quant_master_server/temp/427/quic_server_test_max0.iev,0.0,0.0
1533,quant,server,quic_server_test_ext_min_ack_delay0,,"ivy_return_code(1)+assumption_failed(""/usr/local/lib/python2.7/dist-packages/ivy/include/1.7/quic_frame.ivy: line 1494"")",/home/chris/Toward-verification-of-QUIC-extensions/installer/TVOQE/results/errors/server/local/quant_master_server/temp/1710/quic_server_test_ext_min_ack_delay0.iev,0.0,0.0
1534,quant,server,quic_server_test_no_icid0,,,/home/chris/Toward-verification-of-QUIC-extensions/installer/TVOQE/results/errors/server/local/quant_master_server/temp/1653/quic_server_test_no_icid0.iev,0.0,1.0
1535,quant,server,quic_server_test_blocked_streams_maxstream_error0,,"ivy_return_code(1)+assumption_failed(""/usr/local/lib/python2.7/dist-packages/ivy/include/1.7/quic_frame.ivy: line 1494"")",/home/chris/Toward-verification-of-QUIC-extensions/installer/TVOQE/results/errors/server/local/quant_master_server/temp/294/quic_server_test_blocked_streams_maxstream_error0.iev,0.0,0.0
1536,quant,server,quic_server_test_token_error0,,,/home/chris/Toward-verification-of-QUIC-extensions/installer/TVOQE/results/errors/server/local/quant_master_server/temp/583/quic_server_test_token_error0.iev,0.0,1.0
1537,quant,server,quic_server_test_stop_sending0,,"ivy_return_code(1)+assumption_failed(""/usr/local/lib/python2.7/dist-packages/ivy/include/1.7/quic_frame.ivy: line 1494"")",/home/chris/Toward-verification-of-QUIC-extensions/installer/TVOQE/results/errors/server/local/quant_master_server/temp/1253/quic_server_test_stop_sending0.iev,0.0,0.0
1538,quant,server,quic_server_test_blocked_streams_maxstream_error0,,"ivy_return_code(1)+assumption_failed(""quic_server_test_blocked_streams_maxstream_error.ivy: line 534"")",/home/chris/Toward-verification-of-QUIC-extensions/installer/TVOQE/results/errors/server/local/quant_master_server/temp/234/quic_server_test_blocked_streams_maxstream_error0.iev,0.0,0.0
1539,quant,server,quic_server_test_tp_limit_newcoid0,,"ivy_return_code(1)+assumption_failed(""/usr/local/lib/python2.7/dist-packages/ivy/include/1.7/quic_frame.ivy: line 1494"")",/home/chris/Toward-verification-of-QUIC-extensions/installer/TVOQE/results/errors/server/local/quant_master_server/temp/317/quic_server_test_tp_limit_newcoid0.iev,0.0,0.0
1540,quant,server,quic_server_test_stream0,,"ivy_return_code(1)+assumption_failed(""/usr/local/lib/python2.7/dist-packages/ivy/include/1.7/quic_frame.ivy: line 1494"")",/home/chris/Toward-verification-of-QUIC-extensions/installer/TVOQE/results/errors/server/local/quant_master_server/temp/22/quic_server_test_stream0.iev,0.0,0.0
1541,quant,server,quic_server_test_newconnectionid_error0,,server_return_code(-6)+ivy_return_code(1),/home/chris/Toward-verification-of-QUIC-extensions/installer/TVOQE/results/errors/server/local/quant_master_server/temp/1002/quic_server_test_newconnectionid_error0.iev,0.0,0.0
1542,quant,server,quic_server_test_ext_min_ack_delay0,,"ivy_return_code(1)+assumption_failed(""/usr/local/lib/python2.7/dist-packages/ivy/include/1.7/quic_frame.ivy: line 1494"")",/home/chris/Toward-verification-of-QUIC-extensions/installer/TVOQE/results/errors/server/local/quant_master_server/temp/1708/quic_server_test_ext_min_ack_delay0.iev,0.0,0.0
1543,quant,server,quic_server_test_no_icid0,,,/home/chris/Toward-verification-of-QUIC-extensions/installer/TVOQE/results/errors/server/local/quant_master_server/temp/1658/quic_server_test_no_icid0.iev,0.0,1.0
1544,quant,server,quic_server_test_tp_acticoid_error0,,,/home/chris/Toward-verification-of-QUIC-extensions/installer/TVOQE/results/errors/server/local/quant_master_server/temp/731/quic_server_test_tp_acticoid_error0.iev,0.0,1.0
1545,quant,server,quic_server_test_tp_limit_acticoid_error0,,server_return_code(-6)+ivy_return_code(1),/home/chris/Toward-verification-of-QUIC-extensions/installer/TVOQE/results/errors/server/local/quant_master_server/temp/1445/quic_server_test_tp_limit_acticoid_error0.iev,0.0,0.0
1546,quant,server,quic_server_test_ext_min_ack_delay0,,"ivy_return_code(1)+assumption_failed(""/usr/local/lib/python2.7/dist-packages/ivy/include/1.7/quic_frame.ivy: line 1494"")",/home/chris/Toward-verification-of-QUIC-extensions/installer/TVOQE/results/errors/server/local/quant_master_server/temp/1743/quic_server_test_ext_min_ack_delay0.iev,0.0,0.0
1547,quant,server,quic_server_test_max0,,"ivy_return_code(1)+assumption_failed(""/usr/local/lib/python2.7/dist-packages/ivy/include/1.7/quic_frame.ivy: line 1494"")",/home/chris/Toward-verification-of-QUIC-extensions/installer/TVOQE/results/errors/server/local/quant_master_server/temp/483/quic_server_test_max0.iev,0.0,0.0
1548,quant,server,quic_server_test_handshake_done_error0,,"ivy_return_code(1)+assumption_failed(""quic_server_test_handshake_done_error.ivy: line 325"")",/home/chris/Toward-verification-of-QUIC-extensions/installer/TVOQE/results/errors/server/local/quant_master_server/temp/1113/quic_server_test_handshake_done_error0.iev,0.0,0.0
1549,quant,server,quic_server_test_double_tp_error0,,,/home/chris/Toward-verification-of-QUIC-extensions/installer/TVOQE/results/errors/server/local/quant_master_server/temp/1351/quic_server_test_double_tp_error0.iev,0.0,1.0
1550,quant,server,quic_server_test_accept_maxdata0,,"ivy_return_code(1)+assumption_failed(""/usr/local/lib/python2.7/dist-packages/ivy/include/1.7/quic_frame.ivy: line 1494"")",/home/chris/Toward-verification-of-QUIC-extensions/installer/TVOQE/results/errors/server/local/quant_master_server/temp/1518/quic_server_test_accept_maxdata0.iev,0.0,0.0
1551,quant,server,quic_server_test_accept_maxdata0,,"ivy_return_code(1)+assumption_failed(""/usr/local/lib/python2.7/dist-packages/ivy/include/1.7/quic_frame.ivy: line 1494"")",/home/chris/Toward-verification-of-QUIC-extensions/installer/TVOQE/results/errors/server/local/quant_master_server/temp/1501/quic_server_test_accept_maxdata0.iev,0.0,0.0
1552,quant,server,quic_server_test_token_error0,,,/home/chris/Toward-verification-of-QUIC-extensions/installer/TVOQE/results/errors/server/local/quant_master_server/temp/580/quic_server_test_token_error0.iev,0.0,1.0
1553,quant,server,quic_server_test_ext_min_ack_delay0,,"ivy_return_code(1)+assumption_failed(""/usr/local/lib/python2.7/dist-packages/ivy/include/1.7/quic_frame.ivy: line 1494"")",/home/chris/Toward-verification-of-QUIC-extensions/installer/TVOQE/results/errors/server/local/quant_master_server/temp/1766/quic_server_test_ext_min_ack_delay0.iev,0.0,0.0
1554,quant,server,quic_server_test_tp_acticoid_error0,,,/home/chris/Toward-verification-of-QUIC-extensions/installer/TVOQE/results/errors/server/local/quant_master_server/temp/777/quic_server_test_tp_acticoid_error0.iev,0.0,1.0
1555,quant,server,quic_server_test_reset_stream0,,"ivy_return_code(1)+assumption_failed(""quic_server_test.ivy: line 182"")",/home/chris/Toward-verification-of-QUIC-extensions/installer/TVOQE/results/errors/server/local/quant_master_server/temp/902/quic_server_test_reset_stream0.iev,0.0,0.0
1556,quant,server,quic_server_test_handshake_done_error0,,"ivy_return_code(1)+assumption_failed(""quic_server_test_handshake_done_error.ivy: line 325"")",/home/chris/Toward-verification-of-QUIC-extensions/installer/TVOQE/results/errors/server/local/quant_master_server/temp/1160/quic_server_test_handshake_done_error0.iev,0.0,0.0
1557,quant,server,quic_server_test_unkown0,,"ivy_return_code(1)+assumption_failed(""quic_server_test_unkown.ivy: line 571"")",/home/chris/Toward-verification-of-QUIC-extensions/installer/TVOQE/results/errors/server/local/quant_master_server/temp/150/quic_server_test_unkown0.iev,0.0,0.0
1558,quant,server,quic_server_test_max0,,"ivy_return_code(1)+assumption_failed(""/usr/local/lib/python2.7/dist-packages/ivy/include/1.7/quic_frame.ivy: line 1494"")",/home/chris/Toward-verification-of-QUIC-extensions/installer/TVOQE/results/errors/server/local/quant_master_server/temp/413/quic_server_test_max0.iev,0.0,0.0
1559,quant,server,quic_server_test_stream0,,"ivy_return_code(1)+assumption_failed(""/usr/local/lib/python2.7/dist-packages/ivy/include/1.7/quic_frame.ivy: line 1494"")",/home/chris/Toward-verification-of-QUIC-extensions/installer/TVOQE/results/errors/server/local/quant_master_server/temp/7/quic_server_test_stream0.iev,0.0,0.0
1560,quant,server,quic_server_test_tp_acticoid_error0,,,/home/chris/Toward-verification-of-QUIC-extensions/installer/TVOQE/results/errors/server/local/quant_master_server/temp/799/quic_server_test_tp_acticoid_error0.iev,0.0,1.0
1561,quant,server,quic_server_test_unkown0,,"ivy_return_code(1)+assumption_failed(""quic_server_test_unkown.ivy: line 571"")",/home/chris/Toward-verification-of-QUIC-extensions/installer/TVOQE/results/errors/server/local/quant_master_server/temp/181/quic_server_test_unkown0.iev,0.0,0.0
1562,quant,server,quic_server_test_stop_sending0,,"ivy_return_code(1)+assumption_failed(""/usr/local/lib/python2.7/dist-packages/ivy/include/1.7/quic_frame.ivy: line 1494"")",/home/chris/Toward-verification-of-QUIC-extensions/installer/TVOQE/results/errors/server/local/quant_master_server/temp/1270/quic_server_test_stop_sending0.iev,0.0,0.0
1563,quant,server,quic_server_test_max0,,"ivy_return_code(1)+assumption_failed(""/usr/local/lib/python2.7/dist-packages/ivy/include/1.7/quic_frame.ivy: line 1494"")",/home/chris/Toward-verification-of-QUIC-extensions/installer/TVOQE/results/errors/server/local/quant_master_server/temp/478/quic_server_test_max0.iev,0.0,0.0
1564,quant,server,quic_server_test_stream0,,"ivy_return_code(1)+assumption_failed(""/usr/local/lib/python2.7/dist-packages/ivy/include/1.7/quic_frame.ivy: line 1494"")",/home/chris/Toward-verification-of-QUIC-extensions/installer/TVOQE/results/errors/server/local/quant_master_server/temp/50/quic_server_test_stream0.iev,0.0,0.0
1565,quant,server,quic_server_test_stream0,,"ivy_return_code(1)+assumption_failed(""/usr/local/lib/python2.7/dist-packages/ivy/include/1.7/quic_frame.ivy: line 1494"")",/home/chris/Toward-verification-of-QUIC-extensions/installer/TVOQE/results/errors/server/local/quant_master_server/temp/97/quic_server_test_stream0.iev,0.0,0.0
1566,quant,server,quic_server_test_tp_limit_newcoid0,,"ivy_return_code(1)+assumption_failed(""/usr/local/lib/python2.7/dist-packages/ivy/include/1.7/quic_frame.ivy: line 1494"")",/home/chris/Toward-verification-of-QUIC-extensions/installer/TVOQE/results/errors/server/local/quant_master_server/temp/380/quic_server_test_tp_limit_newcoid0.iev,0.0,0.0
1567,quant,server,quic_server_test_newconnectionid_error0,,server_return_code(-6)+ivy_return_code(1),/home/chris/Toward-verification-of-QUIC-extensions/installer/TVOQE/results/errors/server/local/quant_master_server/temp/1094/quic_server_test_newconnectionid_error0.iev,0.0,0.0
1568,quant,server,quic_server_test_double_tp_error0,,,/home/chris/Toward-verification-of-QUIC-extensions/installer/TVOQE/results/errors/server/local/quant_master_server/temp/1352/quic_server_test_double_tp_error0.iev,0.0,1.0
1569,quant,server,quic_server_test_tp_acticoid_error0,,,/home/chris/Toward-verification-of-QUIC-extensions/installer/TVOQE/results/errors/server/local/quant_master_server/temp/727/quic_server_test_tp_acticoid_error0.iev,0.0,1.0
1570,quant,server,quic_server_test_stream0,,"ivy_return_code(1)+assumption_failed(""/usr/local/lib/python2.7/dist-packages/ivy/include/1.7/quic_frame.ivy: line 1494"")",/home/chris/Toward-verification-of-QUIC-extensions/installer/TVOQE/results/errors/server/local/quant_master_server/temp/5/quic_server_test_stream0.iev,0.0,0.0
1571,quant,server,quic_server_test_blocked_streams_maxstream_error0,,"ivy_return_code(1)+assumption_failed(""/usr/local/lib/python2.7/dist-packages/ivy/include/1.7/quic_frame.ivy: line 1494"")",/home/chris/Toward-verification-of-QUIC-extensions/installer/TVOQE/results/errors/server/local/quant_master_server/temp/245/quic_server_test_blocked_streams_maxstream_error0.iev,0.0,0.0
1572,quant,server,quic_server_test_double_tp_error0,,,/home/chris/Toward-verification-of-QUIC-extensions/installer/TVOQE/results/errors/server/local/quant_master_server/temp/1361/quic_server_test_double_tp_error0.iev,0.0,1.0
1573,quant,server,quic_server_test_tp_limit_acticoid_error0,,server_return_code(-6)+ivy_return_code(1),/home/chris/Toward-verification-of-QUIC-extensions/installer/TVOQE/results/errors/server/local/quant_master_server/temp/1412/quic_server_test_tp_limit_acticoid_error0.iev,0.0,0.0
1574,quant,server,quic_server_test_stream0,,"ivy_return_code(1)+assumption_failed(""/usr/local/lib/python2.7/dist-packages/ivy/include/1.7/quic_frame.ivy: line 1494"")",/home/chris/Toward-verification-of-QUIC-extensions/installer/TVOQE/results/errors/server/local/quant_master_server/temp/38/quic_server_test_stream0.iev,0.0,0.0
1575,quant,server,quic_server_test_reset_stream0,,"ivy_return_code(1)+assumption_failed(""quic_server_test.ivy: line 182"")",/home/chris/Toward-verification-of-QUIC-extensions/installer/TVOQE/results/errors/server/local/quant_master_server/temp/969/quic_server_test_reset_stream0.iev,0.0,0.0
1576,quant,server,quic_server_test_newconnectionid_error0,,server_return_code(-6)+ivy_return_code(1),/home/chris/Toward-verification-of-QUIC-extensions/installer/TVOQE/results/errors/server/local/quant_master_server/temp/1056/quic_server_test_newconnectionid_error0.iev,0.0,0.0
1577,quant,server,quic_server_test_blocked_streams_maxstream_error0,,"ivy_return_code(1)+assumption_failed(""/usr/local/lib/python2.7/dist-packages/ivy/include/1.7/quic_frame.ivy: line 1494"")",/home/chris/Toward-verification-of-QUIC-extensions/installer/TVOQE/results/errors/server/local/quant_master_server/temp/215/quic_server_test_blocked_streams_maxstream_error0.iev,0.0,0.0
1578,quant,server,quic_server_test_tp_limit_acticoid_error0,,server_return_code(-6)+ivy_return_code(1),/home/chris/Toward-verification-of-QUIC-extensions/installer/TVOQE/results/errors/server/local/quant_master_server/temp/1405/quic_server_test_tp_limit_acticoid_error0.iev,0.0,0.0
1579,quant,server,quic_server_test_tp_acticoid_error0,,,/home/chris/Toward-verification-of-QUIC-extensions/installer/TVOQE/results/errors/server/local/quant_master_server/temp/720/quic_server_test_tp_acticoid_error0.iev,0.0,1.0
1580,quant,server,quic_server_test_stop_sending0,,"ivy_return_code(1)+assumption_failed(""/usr/local/lib/python2.7/dist-packages/ivy/include/1.7/quic_frame.ivy: line 1494"")",/home/chris/Toward-verification-of-QUIC-extensions/installer/TVOQE/results/errors/server/local/quant_master_server/temp/1233/quic_server_test_stop_sending0.iev,0.0,0.0
1581,quant,server,quic_server_test_connection_close0,,"ivy_return_code(1)+assumption_failed(""/usr/local/lib/python2.7/dist-packages/ivy/include/1.7/quic_packet.ivy: line 424"")",/home/chris/Toward-verification-of-QUIC-extensions/installer/TVOQE/results/errors/server/local/quant_master_server/temp/857/quic_server_test_connection_close0.iev,0.0,0.0
1582,quant,server,quic_server_test_handshake_done_error0,,"ivy_return_code(1)+assumption_failed(""quic_server_test_handshake_done_error.ivy: line 325"")",/home/chris/Toward-verification-of-QUIC-extensions/installer/TVOQE/results/errors/server/local/quant_master_server/temp/1132/quic_server_test_handshake_done_error0.iev,0.0,0.0
1583,quant,server,quic_server_test_max0,,,/home/chris/Toward-verification-of-QUIC-extensions/installer/TVOQE/results/errors/server/local/quant_master_server/temp/443/quic_server_test_max0.iev,0.0,1.0
1584,quant,server,quic_server_test_stream0,,"ivy_return_code(1)+assumption_failed(""/usr/local/lib/python2.7/dist-packages/ivy/include/1.7/quic_frame.ivy: line 1494"")",/home/chris/Toward-verification-of-QUIC-extensions/installer/TVOQE/results/errors/server/local/quant_master_server/temp/83/quic_server_test_stream0.iev,0.0,0.0
1585,quant,server,quic_server_test_tp_limit_acticoid_error0,,server_return_code(-6)+ivy_return_code(1),/home/chris/Toward-verification-of-QUIC-extensions/installer/TVOQE/results/errors/server/local/quant_master_server/temp/1454/quic_server_test_tp_limit_acticoid_error0.iev,0.0,0.0
1586,quant,server,quic_server_test_newconnectionid_error0,,server_return_code(-6)+test_completed,/home/chris/Toward-verification-of-QUIC-extensions/installer/TVOQE/results/errors/server/local/quant_master_server/temp/1028/quic_server_test_newconnectionid_error0.iev,0.0,0.0
1587,quant,server,quic_server_test_newconnectionid_error0,,server_return_code(-6)+ivy_return_code(1),/home/chris/Toward-verification-of-QUIC-extensions/installer/TVOQE/results/errors/server/local/quant_master_server/temp/1067/quic_server_test_newconnectionid_error0.iev,0.0,0.0
1588,quant,server,quic_server_test_connection_close0,,"ivy_return_code(1)+assumption_failed(""/usr/local/lib/python2.7/dist-packages/ivy/include/1.7/quic_frame.ivy: line 1494"")",/home/chris/Toward-verification-of-QUIC-extensions/installer/TVOQE/results/errors/server/local/quant_master_server/temp/845/quic_server_test_connection_close0.iev,0.0,0.0
1589,quant,server,quic_server_test_unkown0,,"ivy_return_code(1)+assumption_failed(""quic_server_test_unkown.ivy: line 571"")",/home/chris/Toward-verification-of-QUIC-extensions/installer/TVOQE/results/errors/server/local/quant_master_server/temp/196/quic_server_test_unkown0.iev,0.0,0.0
1590,quant,server,quic_server_test_blocked_streams_maxstream_error0,,"ivy_return_code(1)+assumption_failed(""quic_server_test_blocked_streams_maxstream_error.ivy: line 534"")",/home/chris/Toward-verification-of-QUIC-extensions/installer/TVOQE/results/errors/server/local/quant_master_server/temp/276/quic_server_test_blocked_streams_maxstream_error0.iev,0.0,0.0
1591,quant,server,quic_server_test_stop_sending0,,"ivy_return_code(1)+assumption_failed(""/usr/local/lib/python2.7/dist-packages/ivy/include/1.7/quic_frame.ivy: line 1494"")",/home/chris/Toward-verification-of-QUIC-extensions/installer/TVOQE/results/errors/server/local/quant_master_server/temp/1281/quic_server_test_stop_sending0.iev,0.0,0.0
1592,quant,server,quic_server_test_ext_min_ack_delay0,,"ivy_return_code(1)+assumption_failed(""/usr/local/lib/python2.7/dist-packages/ivy/include/1.7/quic_frame.ivy: line 1494"")",/home/chris/Toward-verification-of-QUIC-extensions/installer/TVOQE/results/errors/server/local/quant_master_server/temp/1791/quic_server_test_ext_min_ack_delay0.iev,0.0,0.0
1593,quant,server,quic_server_test_connection_close0,,"ivy_return_code(1)+assumption_failed(""/usr/local/lib/python2.7/dist-packages/ivy/include/1.7/quic_frame.ivy: line 1494"")",/home/chris/Toward-verification-of-QUIC-extensions/installer/TVOQE/results/errors/server/local/quant_master_server/temp/899/quic_server_test_connection_close0.iev,0.0,0.0
1594,quant,server,quic_server_test_no_icid0,,,/home/chris/Toward-verification-of-QUIC-extensions/installer/TVOQE/results/errors/server/local/quant_master_server/temp/1629/quic_server_test_no_icid0.iev,0.0,1.0
1595,quant,server,quic_server_test_max0,,"ivy_return_code(1)+assumption_failed(""/usr/local/lib/python2.7/dist-packages/ivy/include/1.7/quic_frame.ivy: line 1494"")",/home/chris/Toward-verification-of-QUIC-extensions/installer/TVOQE/results/errors/server/local/quant_master_server/temp/452/quic_server_test_max0.iev,0.0,0.0
1596,quant,server,quic_server_test_stream0,,"ivy_return_code(1)+assumption_failed(""/usr/local/lib/python2.7/dist-packages/ivy/include/1.7/quic_frame.ivy: line 1494"")",/home/chris/Toward-verification-of-QUIC-extensions/installer/TVOQE/results/errors/server/local/quant_master_server/temp/63/quic_server_test_stream0.iev,0.0,0.0
1597,quant,server,quic_server_test_tp_acticoid_error0,,,/home/chris/Toward-verification-of-QUIC-extensions/installer/TVOQE/results/errors/server/local/quant_master_server/temp/707/quic_server_test_tp_acticoid_error0.iev,0.0,1.0
1598,quant,server,quic_server_test_tp_limit_acticoid_error0,,server_return_code(-6)+ivy_return_code(1),/home/chris/Toward-verification-of-QUIC-extensions/installer/TVOQE/results/errors/server/local/quant_master_server/temp/1441/quic_server_test_tp_limit_acticoid_error0.iev,0.0,0.0
1599,quant,server,quic_server_test_stop_sending0,,"ivy_return_code(1)+assumption_failed(""/usr/local/lib/python2.7/dist-packages/ivy/include/1.7/quic_frame.ivy: line 1494"")",/home/chris/Toward-verification-of-QUIC-extensions/installer/TVOQE/results/errors/server/local/quant_master_server/temp/1212/quic_server_test_stop_sending0.iev,0.0,0.0
1600,quant,server,quic_server_test_blocked_streams_maxstream_error0,,"ivy_return_code(1)+assumption_failed(""quic_server_test_blocked_streams_maxstream_error.ivy: line 534"")",/home/chris/Toward-verification-of-QUIC-extensions/installer/TVOQE/results/errors/server/local/quant_master_server/temp/246/quic_server_test_blocked_streams_maxstream_error0.iev,0.0,0.0
1601,quant,server,quic_server_test_unkown0,,"ivy_return_code(1)+assumption_failed(""quic_server_test_unkown.ivy: line 571"")",/home/chris/Toward-verification-of-QUIC-extensions/installer/TVOQE/results/errors/server/local/quant_master_server/temp/172/quic_server_test_unkown0.iev,0.0,0.0
1602,quant,server,quic_server_test_double_tp_error0,,,/home/chris/Toward-verification-of-QUIC-extensions/installer/TVOQE/results/errors/server/local/quant_master_server/temp/1307/quic_server_test_double_tp_error0.iev,0.0,1.0
1603,quant,server,quic_server_test_connection_close0,,"ivy_return_code(1)+assumption_failed(""/usr/local/lib/python2.7/dist-packages/ivy/include/1.7/quic_packet.ivy: line 424"")",/home/chris/Toward-verification-of-QUIC-extensions/installer/TVOQE/results/errors/server/local/quant_master_server/temp/894/quic_server_test_connection_close0.iev,0.0,0.0
1604,quant,server,quic_server_test_unkown0,,"ivy_return_code(1)+assumption_failed(""quic_server_test_unkown.ivy: line 571"")",/home/chris/Toward-verification-of-QUIC-extensions/installer/TVOQE/results/errors/server/local/quant_master_server/temp/179/quic_server_test_unkown0.iev,0.0,0.0
1605,quant,server,quic_server_test_newconnectionid_error0,,server_return_code(-6)+ivy_return_code(1),/home/chris/Toward-verification-of-QUIC-extensions/installer/TVOQE/results/errors/server/local/quant_master_server/temp/1036/quic_server_test_newconnectionid_error0.iev,0.0,0.0
1606,quant,server,quic_server_test_max0,,"ivy_return_code(1)+assumption_failed(""/usr/local/lib/python2.7/dist-packages/ivy/include/1.7/quic_frame.ivy: line 1494"")",/home/chris/Toward-verification-of-QUIC-extensions/installer/TVOQE/results/errors/server/local/quant_master_server/temp/432/quic_server_test_max0.iev,0.0,0.0
1607,quant,server,quic_server_test_reset_stream0,,"ivy_return_code(1)+assumption_failed(""/usr/local/lib/python2.7/dist-packages/ivy/include/1.7/quic_frame.ivy: line 1494"")",/home/chris/Toward-verification-of-QUIC-extensions/installer/TVOQE/results/errors/server/local/quant_master_server/temp/976/quic_server_test_reset_stream0.iev,0.0,0.0
1608,quant,server,quic_server_test_no_icid0,,,/home/chris/Toward-verification-of-QUIC-extensions/installer/TVOQE/results/errors/server/local/quant_master_server/temp/1615/quic_server_test_no_icid0.iev,0.0,1.0
1609,quant,server,quic_server_test_blocked_streams_maxstream_error0,,"ivy_return_code(1)+assumption_failed(""/usr/local/lib/python2.7/dist-packages/ivy/include/1.7/quic_frame.ivy: line 1494"")",/home/chris/Toward-verification-of-QUIC-extensions/installer/TVOQE/results/errors/server/local/quant_master_server/temp/259/quic_server_test_blocked_streams_maxstream_error0.iev,0.0,0.0
1610,quant,server,quic_server_test_stop_sending0,,"ivy_return_code(1)+assumption_failed(""/usr/local/lib/python2.7/dist-packages/ivy/include/1.7/quic_frame.ivy: line 1494"")",/home/chris/Toward-verification-of-QUIC-extensions/installer/TVOQE/results/errors/server/local/quant_master_server/temp/1287/quic_server_test_stop_sending0.iev,0.0,0.0
1611,quant,server,quic_server_test_newconnectionid_error0,,server_return_code(-6)+ivy_return_code(1),/home/chris/Toward-verification-of-QUIC-extensions/installer/TVOQE/results/errors/server/local/quant_master_server/temp/1057/quic_server_test_newconnectionid_error0.iev,0.0,0.0
1612,quant,server,quic_server_test_double_tp_error0,,,/home/chris/Toward-verification-of-QUIC-extensions/installer/TVOQE/results/errors/server/local/quant_master_server/temp/1363/quic_server_test_double_tp_error0.iev,0.0,1.0
1613,quant,server,quic_server_test_stop_sending0,,"ivy_return_code(1)+assumption_failed(""/usr/local/lib/python2.7/dist-packages/ivy/include/1.7/quic_frame.ivy: line 1494"")",/home/chris/Toward-verification-of-QUIC-extensions/installer/TVOQE/results/errors/server/local/quant_master_server/temp/1257/quic_server_test_stop_sending0.iev,0.0,0.0
1614,quant,server,quic_server_test_newconnectionid_error0,,server_return_code(-6)+ivy_return_code(1),/home/chris/Toward-verification-of-QUIC-extensions/installer/TVOQE/results/errors/server/local/quant_master_server/temp/1024/quic_server_test_newconnectionid_error0.iev,0.0,0.0
1615,quant,server,quic_server_test_connection_close0,,,/home/chris/Toward-verification-of-QUIC-extensions/installer/TVOQE/results/errors/server/local/quant_master_server/temp/891/quic_server_test_connection_close0.iev,0.0,1.0
1616,quant,server,quic_server_test_tp_error0,,,/home/chris/Toward-verification-of-QUIC-extensions/installer/TVOQE/results/errors/server/local/quant_master_server/temp/697/quic_server_test_tp_error0.iev,0.0,1.0
1617,quant,server,quic_server_test_stop_sending0,,"ivy_return_code(1)+assumption_failed(""/usr/local/lib/python2.7/dist-packages/ivy/include/1.7/quic_frame.ivy: line 1494"")",/home/chris/Toward-verification-of-QUIC-extensions/installer/TVOQE/results/errors/server/local/quant_master_server/temp/1264/quic_server_test_stop_sending0.iev,0.0,0.0
1618,quant,server,quic_server_test_tp_error0,,,/home/chris/Toward-verification-of-QUIC-extensions/installer/TVOQE/results/errors/server/local/quant_master_server/temp/674/quic_server_test_tp_error0.iev,0.0,1.0
1619,quant,server,quic_server_test_blocked_streams_maxstream_error0,,"ivy_return_code(1)+assumption_failed(""quic_server_test_blocked_streams_maxstream_error.ivy: line 534"")",/home/chris/Toward-verification-of-QUIC-extensions/installer/TVOQE/results/errors/server/local/quant_master_server/temp/275/quic_server_test_blocked_streams_maxstream_error0.iev,0.0,0.0
1620,quant,server,quic_server_test_tp_acticoid_error0,,,/home/chris/Toward-verification-of-QUIC-extensions/installer/TVOQE/results/errors/server/local/quant_master_server/temp/753/quic_server_test_tp_acticoid_error0.iev,0.0,1.0
1621,quant,server,quic_server_test_blocked_streams_maxstream_error0,,"ivy_return_code(1)+assumption_failed(""quic_server_test_blocked_streams_maxstream_error.ivy: line 534"")",/home/chris/Toward-verification-of-QUIC-extensions/installer/TVOQE/results/errors/server/local/quant_master_server/temp/267/quic_server_test_blocked_streams_maxstream_error0.iev,0.0,0.0
1622,quant,server,quic_server_test_stream0,,"ivy_return_code(1)+assumption_failed(""/usr/local/lib/python2.7/dist-packages/ivy/include/1.7/quic_frame.ivy: line 1494"")",/home/chris/Toward-verification-of-QUIC-extensions/installer/TVOQE/results/errors/server/local/quant_master_server/temp/33/quic_server_test_stream0.iev,0.0,0.0
1623,quant,server,quic_server_test_connection_close0,,"ivy_return_code(1)+assumption_failed(""/usr/local/lib/python2.7/dist-packages/ivy/include/1.7/quic_frame.ivy: line 1494"")",/home/chris/Toward-verification-of-QUIC-extensions/installer/TVOQE/results/errors/server/local/quant_master_server/temp/856/quic_server_test_connection_close0.iev,0.0,0.0
1624,quant,server,quic_server_test_stream0,,"ivy_return_code(1)+assumption_failed(""/usr/local/lib/python2.7/dist-packages/ivy/include/1.7/quic_frame.ivy: line 1494"")",/home/chris/Toward-verification-of-QUIC-extensions/installer/TVOQE/results/errors/server/local/quant_master_server/temp/24/quic_server_test_stream0.iev,0.0,0.0
1625,quant,server,quic_server_test_tp_acticoid_error0,,,/home/chris/Toward-verification-of-QUIC-extensions/installer/TVOQE/results/errors/server/local/quant_master_server/temp/772/quic_server_test_tp_acticoid_error0.iev,0.0,1.0
1626,quant,server,quic_server_test_unkown0,,"ivy_return_code(1)+assumption_failed(""quic_server_test_unkown.ivy: line 571"")",/home/chris/Toward-verification-of-QUIC-extensions/installer/TVOQE/results/errors/server/local/quant_master_server/temp/115/quic_server_test_unkown0.iev,0.0,0.0
1627,quant,server,quic_server_test_connection_close0,,,/home/chris/Toward-verification-of-QUIC-extensions/installer/TVOQE/results/errors/server/local/quant_master_server/temp/810/quic_server_test_connection_close0.iev,0.0,1.0
1628,quant,server,quic_server_test_token_error0,,"timeout+> client_send_event({protocol:udp,addr:0x7f000001,port:0x137b},{protocol:udp,addr:0x7f000001,port:0x115b},2142838481,0x38,0x1)",/home/chris/Toward-verification-of-QUIC-extensions/installer/TVOQE/results/errors/server/local/quant_master_server/temp/539/quic_server_test_token_error0.iev,0.0,0.0
1629,quant,server,quic_server_test_ext_min_ack_delay0,,"ivy_return_code(1)+assumption_failed(""/usr/local/lib/python2.7/dist-packages/ivy/include/1.7/quic_frame.ivy: line 1494"")",/home/chris/Toward-verification-of-QUIC-extensions/installer/TVOQE/results/errors/server/local/quant_master_server/temp/1785/quic_server_test_ext_min_ack_delay0.iev,0.0,0.0
1630,quant,server,quic_server_test_reset_stream0,,"ivy_return_code(1)+assumption_failed(""quic_server_test.ivy: line 182"")",/home/chris/Toward-verification-of-QUIC-extensions/installer/TVOQE/results/errors/server/local/quant_master_server/temp/906/quic_server_test_reset_stream0.iev,0.0,0.0
1631,quant,server,quic_server_test_handshake_done_error0,,"ivy_return_code(1)+assumption_failed(""quic_server_test_handshake_done_error.ivy: line 186"")",/home/chris/Toward-verification-of-QUIC-extensions/installer/TVOQE/results/errors/server/local/quant_master_server/temp/1182/quic_server_test_handshake_done_error0.iev,0.0,0.0
1632,quant,server,quic_server_test_handshake_done_error0,,"ivy_return_code(1)+assumption_failed(""quic_server_test_handshake_done_error.ivy: line 325"")",/home/chris/Toward-verification-of-QUIC-extensions/installer/TVOQE/results/errors/server/local/quant_master_server/temp/1176/quic_server_test_handshake_done_error0.iev,0.0,0.0
1633,quant,server,quic_server_test_stop_sending0,,"ivy_return_code(1)+assumption_failed(""/usr/local/lib/python2.7/dist-packages/ivy/include/1.7/quic_frame.ivy: line 1494"")",/home/chris/Toward-verification-of-QUIC-extensions/installer/TVOQE/results/errors/server/local/quant_master_server/temp/1295/quic_server_test_stop_sending0.iev,0.0,0.0
1634,quant,server,quic_server_test_tp_acticoid_error0,,,/home/chris/Toward-verification-of-QUIC-extensions/installer/TVOQE/results/errors/server/local/quant_master_server/temp/756/quic_server_test_tp_acticoid_error0.iev,0.0,1.0
1635,quant,server,quic_server_test_tp_limit_acticoid_error0,,server_return_code(-6)+ivy_return_code(1),/home/chris/Toward-verification-of-QUIC-extensions/installer/TVOQE/results/errors/server/local/quant_master_server/temp/1447/quic_server_test_tp_limit_acticoid_error0.iev,0.0,0.0
1636,quant,server,quic_server_test_max0,,"ivy_return_code(1)+assumption_failed(""/usr/local/lib/python2.7/dist-packages/ivy/include/1.7/quic_frame.ivy: line 1494"")",/home/chris/Toward-verification-of-QUIC-extensions/installer/TVOQE/results/errors/server/local/quant_master_server/temp/405/quic_server_test_max0.iev,0.0,0.0
1637,quant,server,quic_server_test_reset_stream0,,"ivy_return_code(1)+assumption_failed(""/usr/local/lib/python2.7/dist-packages/ivy/include/1.7/quic_frame.ivy: line 1494"")",/home/chris/Toward-verification-of-QUIC-extensions/installer/TVOQE/results/errors/server/local/quant_master_server/temp/929/quic_server_test_reset_stream0.iev,0.0,0.0
1638,quant,server,quic_server_test_newconnectionid_error0,,server_return_code(-6)+test_completed,/home/chris/Toward-verification-of-QUIC-extensions/installer/TVOQE/results/errors/server/local/quant_master_server/temp/1073/quic_server_test_newconnectionid_error0.iev,0.0,0.0
1639,quant,server,quic_server_test_tp_acticoid_error0,,,/home/chris/Toward-verification-of-QUIC-extensions/installer/TVOQE/results/errors/server/local/quant_master_server/temp/734/quic_server_test_tp_acticoid_error0.iev,0.0,1.0
1640,quant,server,quic_server_test_newconnectionid_error0,,"ivy_return_code(1)+assumption_failed(""/usr/local/lib/python2.7/dist-packages/ivy/include/1.7/quic_frame.ivy: line 1494"")",/home/chris/Toward-verification-of-QUIC-extensions/installer/TVOQE/results/errors/server/local/quant_master_server/temp/1070/quic_server_test_newconnectionid_error0.iev,0.0,0.0
1641,quant,server,quic_server_test_blocked_streams_maxstream_error0,,"ivy_return_code(1)+assumption_failed(""/usr/local/lib/python2.7/dist-packages/ivy/include/1.7/quic_frame.ivy: line 1494"")",/home/chris/Toward-verification-of-QUIC-extensions/installer/TVOQE/results/errors/server/local/quant_master_server/temp/217/quic_server_test_blocked_streams_maxstream_error0.iev,0.0,0.0
1642,quant,server,quic_server_test_reset_stream0,,"ivy_return_code(1)+assumption_failed(""quic_server_test.ivy: line 182"")",/home/chris/Toward-verification-of-QUIC-extensions/installer/TVOQE/results/errors/server/local/quant_master_server/temp/962/quic_server_test_reset_stream0.iev,0.0,0.0
1643,quant,server,quic_server_test_double_tp_error0,,,/home/chris/Toward-verification-of-QUIC-extensions/installer/TVOQE/results/errors/server/local/quant_master_server/temp/1387/quic_server_test_double_tp_error0.iev,0.0,1.0
1644,quant,server,quic_server_test_ext_min_ack_delay0,,"ivy_return_code(1)+assumption_failed(""/usr/local/lib/python2.7/dist-packages/ivy/include/1.7/quic_frame.ivy: line 1494"")",/home/chris/Toward-verification-of-QUIC-extensions/installer/TVOQE/results/errors/server/local/quant_master_server/temp/1725/quic_server_test_ext_min_ack_delay0.iev,0.0,0.0
1645,quant,server,quic_server_test_stream0,,"ivy_return_code(1)+assumption_failed(""/usr/local/lib/python2.7/dist-packages/ivy/include/1.7/quic_frame.ivy: line 1494"")",/home/chris/Toward-verification-of-QUIC-extensions/installer/TVOQE/results/errors/server/local/quant_master_server/temp/82/quic_server_test_stream0.iev,0.0,0.0
1646,quant,server,quic_server_test_tp_acticoid_error0,,,/home/chris/Toward-verification-of-QUIC-extensions/installer/TVOQE/results/errors/server/local/quant_master_server/temp/736/quic_server_test_tp_acticoid_error0.iev,0.0,1.0
1647,quant,server,quic_server_test_unkown0,,"ivy_return_code(1)+assumption_failed(""quic_server_test_unkown.ivy: line 571"")",/home/chris/Toward-verification-of-QUIC-extensions/installer/TVOQE/results/errors/server/local/quant_master_server/temp/100/quic_server_test_unkown0.iev,0.0,0.0
1648,quant,server,quic_server_test_max0,,"ivy_return_code(1)+assumption_failed(""/usr/local/lib/python2.7/dist-packages/ivy/include/1.7/quic_frame.ivy: line 1494"")",/home/chris/Toward-verification-of-QUIC-extensions/installer/TVOQE/results/errors/server/local/quant_master_server/temp/469/quic_server_test_max0.iev,0.0,0.0
1649,quant,server,quic_server_test_stop_sending0,,"ivy_return_code(1)+assumption_failed(""/usr/local/lib/python2.7/dist-packages/ivy/include/1.7/quic_frame.ivy: line 1494"")",/home/chris/Toward-verification-of-QUIC-extensions/installer/TVOQE/results/errors/server/local/quant_master_server/temp/1260/quic_server_test_stop_sending0.iev,0.0,0.0
1650,quant,server,quic_server_test_tp_error0,,,/home/chris/Toward-verification-of-QUIC-extensions/installer/TVOQE/results/errors/server/local/quant_master_server/temp/637/quic_server_test_tp_error0.iev,0.0,1.0
1651,quant,server,quic_server_test_unkown0,,"ivy_return_code(1)+assumption_failed(""quic_server_test_unkown.ivy: line 571"")",/home/chris/Toward-verification-of-QUIC-extensions/installer/TVOQE/results/errors/server/local/quant_master_server/temp/175/quic_server_test_unkown0.iev,0.0,0.0
1652,quant,server,quic_server_test_stream0,,"ivy_return_code(1)+assumption_failed(""/usr/local/lib/python2.7/dist-packages/ivy/include/1.7/quic_frame.ivy: line 1494"")",/home/chris/Toward-verification-of-QUIC-extensions/installer/TVOQE/results/errors/server/local/quant_master_server/temp/59/quic_server_test_stream0.iev,0.0,0.0
1653,quant,server,quic_server_test_reset_stream0,,"ivy_return_code(1)+assumption_failed(""quic_server_test.ivy: line 182"")",/home/chris/Toward-verification-of-QUIC-extensions/installer/TVOQE/results/errors/server/local/quant_master_server/temp/903/quic_server_test_reset_stream0.iev,0.0,0.0
1654,quant,server,quic_server_test_token_error0,,,/home/chris/Toward-verification-of-QUIC-extensions/installer/TVOQE/results/errors/server/local/quant_master_server/temp/549/quic_server_test_token_error0.iev,0.0,1.0
1655,quant,server,quic_server_test_stream0,,"ivy_return_code(1)+assumption_failed(""/usr/local/lib/python2.7/dist-packages/ivy/include/1.7/quic_frame.ivy: line 1494"")",/home/chris/Toward-verification-of-QUIC-extensions/installer/TVOQE/results/errors/server/local/quant_master_server/temp/16/quic_server_test_stream0.iev,0.0,0.0
1656,quant,server,quic_server_test_handshake_done_error0,,"ivy_return_code(1)+assumption_failed(""quic_server_test_handshake_done_error.ivy: line 325"")",/home/chris/Toward-verification-of-QUIC-extensions/installer/TVOQE/results/errors/server/local/quant_master_server/temp/1122/quic_server_test_handshake_done_error0.iev,0.0,0.0
1657,quant,server,quic_server_test_reset_stream0,,"ivy_return_code(1)+assumption_failed(""quic_server_test.ivy: line 182"")",/home/chris/Toward-verification-of-QUIC-extensions/installer/TVOQE/results/errors/server/local/quant_master_server/temp/936/quic_server_test_reset_stream0.iev,0.0,0.0
1658,quant,server,quic_server_test_max0,,"ivy_return_code(1)+assumption_failed(""/usr/local/lib/python2.7/dist-packages/ivy/include/1.7/quic_frame.ivy: line 1494"")",/home/chris/Toward-verification-of-QUIC-extensions/installer/TVOQE/results/errors/server/local/quant_master_server/temp/457/quic_server_test_max0.iev,0.0,0.0
1659,quant,server,quic_server_test_max0,,,/home/chris/Toward-verification-of-QUIC-extensions/installer/TVOQE/results/errors/server/local/quant_master_server/temp/421/quic_server_test_max0.iev,0.0,1.0
1660,quant,server,quic_server_test_unkown0,,"ivy_return_code(1)+assumption_failed(""quic_server_test_unkown.ivy: line 571"")",/home/chris/Toward-verification-of-QUIC-extensions/installer/TVOQE/results/errors/server/local/quant_master_server/temp/105/quic_server_test_unkown0.iev,0.0,0.0
1661,quant,server,quic_server_test_tp_limit_newcoid0,,"ivy_return_code(1)+assumption_failed(""/usr/local/lib/python2.7/dist-packages/ivy/include/1.7/quic_frame.ivy: line 1494"")",/home/chris/Toward-verification-of-QUIC-extensions/installer/TVOQE/results/errors/server/local/quant_master_server/temp/393/quic_server_test_tp_limit_newcoid0.iev,0.0,0.0
1662,quant,server,quic_server_test_connection_close0,,"ivy_return_code(1)+assumption_failed(""/usr/local/lib/python2.7/dist-packages/ivy/include/1.7/quic_frame.ivy: line 1494"")",/home/chris/Toward-verification-of-QUIC-extensions/installer/TVOQE/results/errors/server/local/quant_master_server/temp/830/quic_server_test_connection_close0.iev,0.0,0.0
1663,quant,server,quic_server_test_tp_limit_acticoid_error0,,"ivy_return_code(1)+assumption_failed(""quic_server_test_tp_limit_acticoid_error.ivy: line 527"")",/home/chris/Toward-verification-of-QUIC-extensions/installer/TVOQE/results/errors/server/local/quant_master_server/temp/1411/quic_server_test_tp_limit_acticoid_error0.iev,0.0,0.0
1664,quant,server,quic_server_test_tp_acticoid_error0,,,/home/chris/Toward-verification-of-QUIC-extensions/installer/TVOQE/results/errors/server/local/quant_master_server/temp/791/quic_server_test_tp_acticoid_error0.iev,0.0,1.0
1665,quant,server,quic_server_test_max0,,"ivy_return_code(1)+assumption_failed(""/usr/local/lib/python2.7/dist-packages/ivy/include/1.7/quic_frame.ivy: line 1494"")",/home/chris/Toward-verification-of-QUIC-extensions/installer/TVOQE/results/errors/server/local/quant_master_server/temp/473/quic_server_test_max0.iev,0.0,0.0
1666,quant,server,quic_server_test_token_error0,,,/home/chris/Toward-verification-of-QUIC-extensions/installer/TVOQE/results/errors/server/local/quant_master_server/temp/532/quic_server_test_token_error0.iev,0.0,1.0
1667,quant,server,quic_server_test_token_error0,,,/home/chris/Toward-verification-of-QUIC-extensions/installer/TVOQE/results/errors/server/local/quant_master_server/temp/575/quic_server_test_token_error0.iev,0.0,1.0
1668,quant,server,quic_server_test_reset_stream0,,"ivy_return_code(1)+assumption_failed(""quic_server_test.ivy: line 182"")",/home/chris/Toward-verification-of-QUIC-extensions/installer/TVOQE/results/errors/server/local/quant_master_server/temp/901/quic_server_test_reset_stream0.iev,0.0,0.0
1669,quant,server,quic_server_test_connection_close0,,,/home/chris/Toward-verification-of-QUIC-extensions/installer/TVOQE/results/errors/server/local/quant_master_server/temp/806/quic_server_test_connection_close0.iev,0.0,1.0
1670,quant,server,quic_server_test_tp_limit_newcoid0,,"ivy_return_code(1)+assumption_failed(""/usr/local/lib/python2.7/dist-packages/ivy/include/1.7/quic_frame.ivy: line 1494"")",/home/chris/Toward-verification-of-QUIC-extensions/installer/TVOQE/results/errors/server/local/quant_master_server/temp/358/quic_server_test_tp_limit_newcoid0.iev,0.0,0.0
1671,quant,server,quic_server_test_blocked_streams_maxstream_error0,,"ivy_return_code(1)+assumption_failed(""quic_server_test_blocked_streams_maxstream_error.ivy: line 534"")",/home/chris/Toward-verification-of-QUIC-extensions/installer/TVOQE/results/errors/server/local/quant_master_server/temp/289/quic_server_test_blocked_streams_maxstream_error0.iev,0.0,0.0
1672,quant,server,quic_server_test_tp_acticoid_error0,,,/home/chris/Toward-verification-of-QUIC-extensions/installer/TVOQE/results/errors/server/local/quant_master_server/temp/797/quic_server_test_tp_acticoid_error0.iev,0.0,1.0
1673,quant,server,quic_server_test_no_icid0,,,/home/chris/Toward-verification-of-QUIC-extensions/installer/TVOQE/results/errors/server/local/quant_master_server/temp/1637/quic_server_test_no_icid0.iev,0.0,1.0
1674,quant,server,quic_server_test_blocked_streams_maxstream_error0,,"ivy_return_code(1)+assumption_failed(""quic_server_test_blocked_streams_maxstream_error.ivy: line 534"")",/home/chris/Toward-verification-of-QUIC-extensions/installer/TVOQE/results/errors/server/local/quant_master_server/temp/269/quic_server_test_blocked_streams_maxstream_error0.iev,0.0,0.0
1675,quant,server,quic_server_test_unkown0,,"ivy_return_code(1)+assumption_failed(""quic_server_test_unkown.ivy: line 571"")",/home/chris/Toward-verification-of-QUIC-extensions/installer/TVOQE/results/errors/server/local/quant_master_server/temp/192/quic_server_test_unkown0.iev,0.0,0.0
1676,quant,server,quic_server_test_no_icid0,,,/home/chris/Toward-verification-of-QUIC-extensions/installer/TVOQE/results/errors/server/local/quant_master_server/temp/1667/quic_server_test_no_icid0.iev,0.0,1.0
1677,quant,server,quic_server_test_accept_maxdata0,,"ivy_return_code(1)+assumption_failed(""/usr/local/lib/python2.7/dist-packages/ivy/include/1.7/quic_frame.ivy: line 1494"")",/home/chris/Toward-verification-of-QUIC-extensions/installer/TVOQE/results/errors/server/local/quant_master_server/temp/1578/quic_server_test_accept_maxdata0.iev,0.0,0.0
1678,quant,server,quic_server_test_handshake_done_error0,,"ivy_return_code(1)+assumption_failed(""quic_server_test_handshake_done_error.ivy: line 325"")",/home/chris/Toward-verification-of-QUIC-extensions/installer/TVOQE/results/errors/server/local/quant_master_server/temp/1183/quic_server_test_handshake_done_error0.iev,0.0,0.0
1679,quant,server,quic_server_test_token_error0,,,/home/chris/Toward-verification-of-QUIC-extensions/installer/TVOQE/results/errors/server/local/quant_master_server/temp/590/quic_server_test_token_error0.iev,0.0,1.0
1680,quant,server,quic_server_test_tp_error0,,,/home/chris/Toward-verification-of-QUIC-extensions/installer/TVOQE/results/errors/server/local/quant_master_server/temp/698/quic_server_test_tp_error0.iev,0.0,1.0
1681,quant,server,quic_server_test_stop_sending0,,"ivy_return_code(1)+assumption_failed(""/usr/local/lib/python2.7/dist-packages/ivy/include/1.7/quic_frame.ivy: line 1494"")",/home/chris/Toward-verification-of-QUIC-extensions/installer/TVOQE/results/errors/server/local/quant_master_server/temp/1204/quic_server_test_stop_sending0.iev,0.0,0.0
1682,quant,server,quic_server_test_accept_maxdata0,,"ivy_return_code(1)+assumption_failed(""/usr/local/lib/python2.7/dist-packages/ivy/include/1.7/quic_frame.ivy: line 1494"")",/home/chris/Toward-verification-of-QUIC-extensions/installer/TVOQE/results/errors/server/local/quant_master_server/temp/1585/quic_server_test_accept_maxdata0.iev,0.0,0.0
1683,quant,server,quic_server_test_stop_sending0,,"ivy_return_code(1)+assumption_failed(""/usr/local/lib/python2.7/dist-packages/ivy/include/1.7/quic_frame.ivy: line 1494"")",/home/chris/Toward-verification-of-QUIC-extensions/installer/TVOQE/results/errors/server/local/quant_master_server/temp/1202/quic_server_test_stop_sending0.iev,0.0,0.0
1684,quant,server,quic_server_test_tp_acticoid_error0,,,/home/chris/Toward-verification-of-QUIC-extensions/installer/TVOQE/results/errors/server/local/quant_master_server/temp/778/quic_server_test_tp_acticoid_error0.iev,0.0,1.0
1685,quant,server,quic_server_test_double_tp_error0,,,/home/chris/Toward-verification-of-QUIC-extensions/installer/TVOQE/results/errors/server/local/quant_master_server/temp/1399/quic_server_test_double_tp_error0.iev,0.0,1.0
1686,quant,server,quic_server_test_blocked_streams_maxstream_error0,,"ivy_return_code(1)+assumption_failed(""quic_server_test_blocked_streams_maxstream_error.ivy: line 534"")",/home/chris/Toward-verification-of-QUIC-extensions/installer/TVOQE/results/errors/server/local/quant_master_server/temp/249/quic_server_test_blocked_streams_maxstream_error0.iev,0.0,0.0
1687,quant,server,quic_server_test_tp_limit_newcoid0,,"ivy_return_code(1)+assumption_failed(""/usr/local/lib/python2.7/dist-packages/ivy/include/1.7/quic_frame.ivy: line 1494"")",/home/chris/Toward-verification-of-QUIC-extensions/installer/TVOQE/results/errors/server/local/quant_master_server/temp/330/quic_server_test_tp_limit_newcoid0.iev,0.0,0.0
1688,quant,server,quic_server_test_max0,,"ivy_return_code(1)+assumption_failed(""/usr/local/lib/python2.7/dist-packages/ivy/include/1.7/quic_frame.ivy: line 1494"")",/home/chris/Toward-verification-of-QUIC-extensions/installer/TVOQE/results/errors/server/local/quant_master_server/temp/464/quic_server_test_max0.iev,0.0,0.0
1689,quant,server,quic_server_test_token_error0,,,/home/chris/Toward-verification-of-QUIC-extensions/installer/TVOQE/results/errors/server/local/quant_master_server/temp/513/quic_server_test_token_error0.iev,0.0,1.0
1690,quant,server,quic_server_test_handshake_done_error0,,"ivy_return_code(1)+assumption_failed(""quic_server_test_handshake_done_error.ivy: line 325"")",/home/chris/Toward-verification-of-QUIC-extensions/installer/TVOQE/results/errors/server/local/quant_master_server/temp/1135/quic_server_test_handshake_done_error0.iev,0.0,0.0
1691,quant,server,quic_server_test_tp_error0,,,/home/chris/Toward-verification-of-QUIC-extensions/installer/TVOQE/results/errors/server/local/quant_master_server/temp/619/quic_server_test_tp_error0.iev,0.0,1.0
1692,quant,server,quic_server_test_token_error0,,,/home/chris/Toward-verification-of-QUIC-extensions/installer/TVOQE/results/errors/server/local/quant_master_server/temp/587/quic_server_test_token_error0.iev,0.0,1.0
1693,quant,server,quic_server_test_unkown0,,"ivy_return_code(1)+assumption_failed(""quic_server_test_unkown.ivy: line 571"")",/home/chris/Toward-verification-of-QUIC-extensions/installer/TVOQE/results/errors/server/local/quant_master_server/temp/186/quic_server_test_unkown0.iev,0.0,0.0
1694,quant,server,quic_server_test_ext_min_ack_delay0,,"ivy_return_code(1)+assumption_failed(""/usr/local/lib/python2.7/dist-packages/ivy/include/1.7/quic_frame.ivy: line 1494"")",/home/chris/Toward-verification-of-QUIC-extensions/installer/TVOQE/results/errors/server/local/quant_master_server/temp/1730/quic_server_test_ext_min_ack_delay0.iev,0.0,0.0
1695,quant,server,quic_server_test_stop_sending0,,"ivy_return_code(1)+assumption_failed(""/usr/local/lib/python2.7/dist-packages/ivy/include/1.7/quic_frame.ivy: line 1494"")",/home/chris/Toward-verification-of-QUIC-extensions/installer/TVOQE/results/errors/server/local/quant_master_server/temp/1247/quic_server_test_stop_sending0.iev,0.0,0.0
1696,quant,server,quic_server_test_tp_error0,,,/home/chris/Toward-verification-of-QUIC-extensions/installer/TVOQE/results/errors/server/local/quant_master_server/temp/694/quic_server_test_tp_error0.iev,0.0,1.0
1697,quant,server,quic_server_test_max0,,"ivy_return_code(1)+assumption_failed(""/usr/local/lib/python2.7/dist-packages/ivy/include/1.7/quic_frame.ivy: line 1494"")",/home/chris/Toward-verification-of-QUIC-extensions/installer/TVOQE/results/errors/server/local/quant_master_server/temp/453/quic_server_test_max0.iev,0.0,0.0
1698,quant,server,quic_server_test_max0,,"ivy_return_code(1)+assumption_failed(""/usr/local/lib/python2.7/dist-packages/ivy/include/1.7/quic_frame.ivy: line 1494"")",/home/chris/Toward-verification-of-QUIC-extensions/installer/TVOQE/results/errors/server/local/quant_master_server/temp/441/quic_server_test_max0.iev,0.0,0.0
1699,quant,server,quic_server_test_stream0,,"ivy_return_code(1)+assumption_failed(""/usr/local/lib/python2.7/dist-packages/ivy/include/1.7/quic_frame.ivy: line 1494"")",/home/chris/Toward-verification-of-QUIC-extensions/installer/TVOQE/results/errors/server/local/quant_master_server/temp/19/quic_server_test_stream0.iev,0.0,0.0
1700,quant,server,quic_server_test_max0,,"ivy_return_code(1)+assumption_failed(""/usr/local/lib/python2.7/dist-packages/ivy/include/1.7/quic_frame.ivy: line 1494"")",/home/chris/Toward-verification-of-QUIC-extensions/installer/TVOQE/results/errors/server/local/quant_master_server/temp/434/quic_server_test_max0.iev,0.0,0.0
1701,quant,server,quic_server_test_connection_close0,,,/home/chris/Toward-verification-of-QUIC-extensions/installer/TVOQE/results/errors/server/local/quant_master_server/temp/883/quic_server_test_connection_close0.iev,0.0,1.0
1702,quant,server,quic_server_test_blocked_streams_maxstream_error0,,"ivy_return_code(1)+assumption_failed(""/usr/local/lib/python2.7/dist-packages/ivy/include/1.7/quic_frame.ivy: line 1494"")",/home/chris/Toward-verification-of-QUIC-extensions/installer/TVOQE/results/errors/server/local/quant_master_server/temp/283/quic_server_test_blocked_streams_maxstream_error0.iev,0.0,0.0
1703,quant,server,quic_server_test_stream0,,"ivy_return_code(1)+assumption_failed(""/usr/local/lib/python2.7/dist-packages/ivy/include/1.7/quic_frame.ivy: line 1494"")",/home/chris/Toward-verification-of-QUIC-extensions/installer/TVOQE/results/errors/server/local/quant_master_server/temp/75/quic_server_test_stream0.iev,0.0,0.0
1704,quant,server,quic_server_test_token_error0,,,/home/chris/Toward-verification-of-QUIC-extensions/installer/TVOQE/results/errors/server/local/quant_master_server/temp/556/quic_server_test_token_error0.iev,0.0,1.0
1705,quant,server,quic_server_test_max0,,"ivy_return_code(1)+assumption_failed(""/usr/local/lib/python2.7/dist-packages/ivy/include/1.7/quic_frame.ivy: line 1494"")",/home/chris/Toward-verification-of-QUIC-extensions/installer/TVOQE/results/errors/server/local/quant_master_server/temp/428/quic_server_test_max0.iev,0.0,0.0
1706,quant,server,quic_server_test_handshake_done_error0,,"ivy_return_code(1)+assumption_failed(""quic_server_test_handshake_done_error.ivy: line 325"")",/home/chris/Toward-verification-of-QUIC-extensions/installer/TVOQE/results/errors/server/local/quant_master_server/temp/1191/quic_server_test_handshake_done_error0.iev,0.0,0.0
1707,quant,server,quic_server_test_max0,,"ivy_return_code(1)+assumption_failed(""/usr/local/lib/python2.7/dist-packages/ivy/include/1.7/quic_frame.ivy: line 1494"")",/home/chris/Toward-verification-of-QUIC-extensions/installer/TVOQE/results/errors/server/local/quant_master_server/temp/438/quic_server_test_max0.iev,0.0,0.0
1708,quant,server,quic_server_test_connection_close0,,,/home/chris/Toward-verification-of-QUIC-extensions/installer/TVOQE/results/errors/server/local/quant_master_server/temp/800/quic_server_test_connection_close0.iev,0.0,1.0
1709,quant,server,quic_server_test_stream0,,"ivy_return_code(1)+assumption_failed(""/usr/local/lib/python2.7/dist-packages/ivy/include/1.7/quic_frame.ivy: line 1494"")",/home/chris/Toward-verification-of-QUIC-extensions/installer/TVOQE/results/errors/server/local/quant_master_server/temp/2/quic_server_test_stream0.iev,0.0,0.0
1710,quant,server,quic_server_test_stream0,,"ivy_return_code(1)+assumption_failed(""/usr/local/lib/python2.7/dist-packages/ivy/include/1.7/quic_frame.ivy: line 1494"")",/home/chris/Toward-verification-of-QUIC-extensions/installer/TVOQE/results/errors/server/local/quant_master_server/temp/10/quic_server_test_stream0.iev,0.0,0.0
1711,quant,server,quic_server_test_stream0,,"ivy_return_code(1)+assumption_failed(""/usr/local/lib/python2.7/dist-packages/ivy/include/1.7/quic_frame.ivy: line 1494"")",/home/chris/Toward-verification-of-QUIC-extensions/installer/TVOQE/results/errors/server/local/quant_master_server/temp/11/quic_server_test_stream0.iev,0.0,0.0
1712,quant,server,quic_server_test_no_icid0,,,/home/chris/Toward-verification-of-QUIC-extensions/installer/TVOQE/results/errors/server/local/quant_master_server/temp/1697/quic_server_test_no_icid0.iev,0.0,1.0
1713,quant,server,quic_server_test_tp_error0,,,/home/chris/Toward-verification-of-QUIC-extensions/installer/TVOQE/results/errors/server/local/quant_master_server/temp/629/quic_server_test_tp_error0.iev,0.0,1.0
1714,quant,server,quic_server_test_reset_stream0,,"ivy_return_code(1)+assumption_failed(""/usr/local/lib/python2.7/dist-packages/ivy/include/1.7/quic_frame.ivy: line 1494"")",/home/chris/Toward-verification-of-QUIC-extensions/installer/TVOQE/results/errors/server/local/quant_master_server/temp/927/quic_server_test_reset_stream0.iev,0.0,0.0
1715,quant,server,quic_server_test_tp_limit_acticoid_error0,,server_return_code(-6)+ivy_return_code(1),/home/chris/Toward-verification-of-QUIC-extensions/installer/TVOQE/results/errors/server/local/quant_master_server/temp/1417/quic_server_test_tp_limit_acticoid_error0.iev,0.0,0.0
1716,quant,server,quic_server_test_tp_error0,,,/home/chris/Toward-verification-of-QUIC-extensions/installer/TVOQE/results/errors/server/local/quant_master_server/temp/642/quic_server_test_tp_error0.iev,0.0,1.0
1717,quant,server,quic_server_test_newconnectionid_error0,,server_return_code(-6)+ivy_return_code(1),/home/chris/Toward-verification-of-QUIC-extensions/installer/TVOQE/results/errors/server/local/quant_master_server/temp/1072/quic_server_test_newconnectionid_error0.iev,0.0,0.0
1718,quant,server,quic_server_test_tp_acticoid_error0,,,/home/chris/Toward-verification-of-QUIC-extensions/installer/TVOQE/results/errors/server/local/quant_master_server/temp/783/quic_server_test_tp_acticoid_error0.iev,0.0,1.0
1719,quant,server,quic_server_test_no_icid0,,,/home/chris/Toward-verification-of-QUIC-extensions/installer/TVOQE/results/errors/server/local/quant_master_server/temp/1652/quic_server_test_no_icid0.iev,0.0,1.0
1720,quant,server,quic_server_test_unkown0,,"ivy_return_code(1)+assumption_failed(""quic_server_test_unkown.ivy: line 571"")",/home/chris/Toward-verification-of-QUIC-extensions/installer/TVOQE/results/errors/server/local/quant_master_server/temp/155/quic_server_test_unkown0.iev,0.0,0.0
1721,quant,server,quic_server_test_reset_stream0,,"ivy_return_code(1)+assumption_failed(""/usr/local/lib/python2.7/dist-packages/ivy/include/1.7/quic_frame.ivy: line 1494"")",/home/chris/Toward-verification-of-QUIC-extensions/installer/TVOQE/results/errors/server/local/quant_master_server/temp/973/quic_server_test_reset_stream0.iev,0.0,0.0
1722,quant,server,quic_server_test_token_error0,,,/home/chris/Toward-verification-of-QUIC-extensions/installer/TVOQE/results/errors/server/local/quant_master_server/temp/505/quic_server_test_token_error0.iev,0.0,1.0
1723,quant,server,quic_server_test_ext_min_ack_delay0,,"ivy_return_code(1)+assumption_failed(""/usr/local/lib/python2.7/dist-packages/ivy/include/1.7/quic_frame.ivy: line 1494"")",/home/chris/Toward-verification-of-QUIC-extensions/installer/TVOQE/results/errors/server/local/quant_master_server/temp/1736/quic_server_test_ext_min_ack_delay0.iev,0.0,0.0
1724,quant,server,quic_server_test_ext_min_ack_delay0,,"ivy_return_code(1)+assumption_failed(""/usr/local/lib/python2.7/dist-packages/ivy/include/1.7/quic_frame.ivy: line 1494"")",/home/chris/Toward-verification-of-QUIC-extensions/installer/TVOQE/results/errors/server/local/quant_master_server/temp/1727/quic_server_test_ext_min_ack_delay0.iev,0.0,0.0
1725,quant,server,quic_server_test_blocked_streams_maxstream_error0,,"ivy_return_code(1)+assumption_failed(""quic_server_test_blocked_streams_maxstream_error.ivy: line 534"")",/home/chris/Toward-verification-of-QUIC-extensions/installer/TVOQE/results/errors/server/local/quant_master_server/temp/247/quic_server_test_blocked_streams_maxstream_error0.iev,0.0,0.0
1726,quant,server,quic_server_test_token_error0,,,/home/chris/Toward-verification-of-QUIC-extensions/installer/TVOQE/results/errors/server/local/quant_master_server/temp/545/quic_server_test_token_error0.iev,0.0,1.0
1727,quant,server,quic_server_test_tp_error0,,,/home/chris/Toward-verification-of-QUIC-extensions/installer/TVOQE/results/errors/server/local/quant_master_server/temp/626/quic_server_test_tp_error0.iev,0.0,1.0
1728,quant,server,quic_server_test_no_icid0,,,/home/chris/Toward-verification-of-QUIC-extensions/installer/TVOQE/results/errors/server/local/quant_master_server/temp/1605/quic_server_test_no_icid0.iev,0.0,1.0
1729,quant,server,quic_server_test_connection_close0,,"ivy_return_code(1)+assumption_failed(""/usr/local/lib/python2.7/dist-packages/ivy/include/1.7/quic_frame.ivy: line 700"")",/home/chris/Toward-verification-of-QUIC-extensions/installer/TVOQE/results/errors/server/local/quant_master_server/temp/886/quic_server_test_connection_close0.iev,0.0,0.0
1730,quant,server,quic_server_test_no_icid0,,,/home/chris/Toward-verification-of-QUIC-extensions/installer/TVOQE/results/errors/server/local/quant_master_server/temp/1672/quic_server_test_no_icid0.iev,0.0,1.0
1731,quant,server,quic_server_test_no_icid0,,,/home/chris/Toward-verification-of-QUIC-extensions/installer/TVOQE/results/errors/server/local/quant_master_server/temp/1602/quic_server_test_no_icid0.iev,0.0,1.0
1732,quant,server,quic_server_test_newconnectionid_error0,,server_return_code(-6)+ivy_return_code(1),/home/chris/Toward-verification-of-QUIC-extensions/installer/TVOQE/results/errors/server/local/quant_master_server/temp/1062/quic_server_test_newconnectionid_error0.iev,0.0,0.0
1733,quant,server,quic_server_test_handshake_done_error0,,"ivy_return_code(1)+assumption_failed(""/usr/local/lib/python2.7/dist-packages/ivy/include/1.7/quic_frame.ivy: line 1494"")",/home/chris/Toward-verification-of-QUIC-extensions/installer/TVOQE/results/errors/server/local/quant_master_server/temp/1106/quic_server_test_handshake_done_error0.iev,0.0,0.0
1734,quant,server,quic_server_test_reset_stream0,,"ivy_return_code(1)+assumption_failed(""quic_server_test.ivy: line 182"")",/home/chris/Toward-verification-of-QUIC-extensions/installer/TVOQE/results/errors/server/local/quant_master_server/temp/957/quic_server_test_reset_stream0.iev,0.0,0.0
1735,quant,server,quic_server_test_stream0,,"ivy_return_code(1)+assumption_failed(""/usr/local/lib/python2.7/dist-packages/ivy/include/1.7/quic_frame.ivy: line 1494"")",/home/chris/Toward-verification-of-QUIC-extensions/installer/TVOQE/results/errors/server/local/quant_master_server/temp/91/quic_server_test_stream0.iev,0.0,0.0
1736,quant,server,quic_server_test_handshake_done_error0,,"ivy_return_code(1)+assumption_failed(""quic_server_test_handshake_done_error.ivy: line 325"")",/home/chris/Toward-verification-of-QUIC-extensions/installer/TVOQE/results/errors/server/local/quant_master_server/temp/1142/quic_server_test_handshake_done_error0.iev,0.0,0.0
1737,quant,server,quic_server_test_tp_limit_acticoid_error0,,server_return_code(-6)+ivy_return_code(1),/home/chris/Toward-verification-of-QUIC-extensions/installer/TVOQE/results/errors/server/local/quant_master_server/temp/1420/quic_server_test_tp_limit_acticoid_error0.iev,0.0,0.0
1738,quant,server,quic_server_test_tp_limit_acticoid_error0,,server_return_code(-6)+ivy_return_code(1),/home/chris/Toward-verification-of-QUIC-extensions/installer/TVOQE/results/errors/server/local/quant_master_server/temp/1437/quic_server_test_tp_limit_acticoid_error0.iev,0.0,0.0
1739,quant,server,quic_server_test_stream0,,"ivy_return_code(1)+assumption_failed(""/usr/local/lib/python2.7/dist-packages/ivy/include/1.7/quic_frame.ivy: line 1494"")",/home/chris/Toward-verification-of-QUIC-extensions/installer/TVOQE/results/errors/server/local/quant_master_server/temp/52/quic_server_test_stream0.iev,0.0,0.0
1740,quant,server,quic_server_test_stop_sending0,,"ivy_return_code(1)+assumption_failed(""/usr/local/lib/python2.7/dist-packages/ivy/include/1.7/quic_frame.ivy: line 1494"")",/home/chris/Toward-verification-of-QUIC-extensions/installer/TVOQE/results/errors/server/local/quant_master_server/temp/1222/quic_server_test_stop_sending0.iev,0.0,0.0
1741,quant,server,quic_server_test_token_error0,,,/home/chris/Toward-verification-of-QUIC-extensions/installer/TVOQE/results/errors/server/local/quant_master_server/temp/540/quic_server_test_token_error0.iev,0.0,1.0
1742,quant,server,quic_server_test_max0,,"ivy_return_code(1)+assumption_failed(""quic_server_test.ivy: line 182"")",/home/chris/Toward-verification-of-QUIC-extensions/installer/TVOQE/results/errors/server/local/quant_master_server/temp/489/quic_server_test_max0.iev,0.0,0.0
1743,quant,server,quic_server_test_double_tp_error0,,,/home/chris/Toward-verification-of-QUIC-extensions/installer/TVOQE/results/errors/server/local/quant_master_server/temp/1391/quic_server_test_double_tp_error0.iev,0.0,1.0
1744,quant,server,quic_server_test_handshake_done_error0,,"ivy_return_code(1)+assumption_failed(""quic_server_test_handshake_done_error.ivy: line 325"")",/home/chris/Toward-verification-of-QUIC-extensions/installer/TVOQE/results/errors/server/local/quant_master_server/temp/1129/quic_server_test_handshake_done_error0.iev,0.0,0.0
1745,quant,server,quic_server_test_tp_error0,,,/home/chris/Toward-verification-of-QUIC-extensions/installer/TVOQE/results/errors/server/local/quant_master_server/temp/639/quic_server_test_tp_error0.iev,0.0,1.0
1746,quant,server,quic_server_test_ext_min_ack_delay0,,"ivy_return_code(1)+assumption_failed(""/usr/local/lib/python2.7/dist-packages/ivy/include/1.7/quic_frame.ivy: line 1494"")",/home/chris/Toward-verification-of-QUIC-extensions/installer/TVOQE/results/errors/server/local/quant_master_server/temp/1749/quic_server_test_ext_min_ack_delay0.iev,0.0,0.0
1747,quant,server,quic_server_test_tp_error0,,,/home/chris/Toward-verification-of-QUIC-extensions/installer/TVOQE/results/errors/server/local/quant_master_server/temp/625/quic_server_test_tp_error0.iev,0.0,1.0
1748,quant,server,quic_server_test_double_tp_error0,,,/home/chris/Toward-verification-of-QUIC-extensions/installer/TVOQE/results/errors/server/local/quant_master_server/temp/1330/quic_server_test_double_tp_error0.iev,0.0,1.0
1749,quant,server,quic_server_test_accept_maxdata0,,"ivy_return_code(1)+assumption_failed(""/usr/local/lib/python2.7/dist-packages/ivy/include/1.7/quic_frame.ivy: line 1494"")",/home/chris/Toward-verification-of-QUIC-extensions/installer/TVOQE/results/errors/server/local/quant_master_server/temp/1534/quic_server_test_accept_maxdata0.iev,0.0,0.0
1750,quant,server,quic_server_test_accept_maxdata0,,"ivy_return_code(1)+assumption_failed(""/usr/local/lib/python2.7/dist-packages/ivy/include/1.7/quic_frame.ivy: line 1494"")",/home/chris/Toward-verification-of-QUIC-extensions/installer/TVOQE/results/errors/server/local/quant_master_server/temp/1574/quic_server_test_accept_maxdata0.iev,0.0,0.0
1751,quant,server,quic_server_test_tp_limit_newcoid0,,"ivy_return_code(1)+assumption_failed(""/usr/local/lib/python2.7/dist-packages/ivy/include/1.7/quic_packet.ivy: line 404"")",/home/chris/Toward-verification-of-QUIC-extensions/installer/TVOQE/results/errors/server/local/quant_master_server/temp/316/quic_server_test_tp_limit_newcoid0.iev,0.0,0.0
1752,quant,server,quic_server_test_tp_limit_acticoid_error0,,server_return_code(-6)+ivy_return_code(1),/home/chris/Toward-verification-of-QUIC-extensions/installer/TVOQE/results/errors/server/local/quant_master_server/temp/1453/quic_server_test_tp_limit_acticoid_error0.iev,0.0,0.0
1753,quant,server,quic_server_test_stream0,,"ivy_return_code(1)+assumption_failed(""/usr/local/lib/python2.7/dist-packages/ivy/include/1.7/quic_frame.ivy: line 1494"")",/home/chris/Toward-verification-of-QUIC-extensions/installer/TVOQE/results/errors/server/local/quant_master_server/temp/51/quic_server_test_stream0.iev,0.0,0.0
1754,quant,server,quic_server_test_unkown0,,"ivy_return_code(1)+assumption_failed(""quic_server_test_unkown.ivy: line 571"")",/home/chris/Toward-verification-of-QUIC-extensions/installer/TVOQE/results/errors/server/local/quant_master_server/temp/191/quic_server_test_unkown0.iev,0.0,0.0
1755,quant,server,quic_server_test_double_tp_error0,,,/home/chris/Toward-verification-of-QUIC-extensions/installer/TVOQE/results/errors/server/local/quant_master_server/temp/1327/quic_server_test_double_tp_error0.iev,0.0,1.0
1756,quant,server,quic_server_test_tp_acticoid_error0,,,/home/chris/Toward-verification-of-QUIC-extensions/installer/TVOQE/results/errors/server/local/quant_master_server/temp/793/quic_server_test_tp_acticoid_error0.iev,0.0,1.0
1757,quant,server,quic_server_test_handshake_done_error0,,"ivy_return_code(1)+assumption_failed(""quic_server_test_handshake_done_error.ivy: line 325"")",/home/chris/Toward-verification-of-QUIC-extensions/installer/TVOQE/results/errors/server/local/quant_master_server/temp/1147/quic_server_test_handshake_done_error0.iev,0.0,0.0
1758,quant,server,quic_server_test_double_tp_error0,,,/home/chris/Toward-verification-of-QUIC-extensions/installer/TVOQE/results/errors/server/local/quant_master_server/temp/1368/quic_server_test_double_tp_error0.iev,0.0,1.0
1759,quant,server,quic_server_test_no_icid0,,,/home/chris/Toward-verification-of-QUIC-extensions/installer/TVOQE/results/errors/server/local/quant_master_server/temp/1610/quic_server_test_no_icid0.iev,0.0,1.0
1760,quant,server,quic_server_test_stream0,,"ivy_return_code(1)+assumption_failed(""/usr/local/lib/python2.7/dist-packages/ivy/include/1.7/quic_frame.ivy: line 1494"")",/home/chris/Toward-verification-of-QUIC-extensions/installer/TVOQE/results/errors/server/local/quant_master_server/temp/23/quic_server_test_stream0.iev,0.0,0.0
1761,quant,server,quic_server_test_accept_maxdata0,,"ivy_return_code(1)+assumption_failed(""/usr/local/lib/python2.7/dist-packages/ivy/include/1.7/quic_frame.ivy: line 1494"")",/home/chris/Toward-verification-of-QUIC-extensions/installer/TVOQE/results/errors/server/local/quant_master_server/temp/1508/quic_server_test_accept_maxdata0.iev,0.0,0.0
1762,quant,server,quic_server_test_handshake_done_error0,,"ivy_return_code(1)+assumption_failed(""quic_server_test_handshake_done_error.ivy: line 325"")",/home/chris/Toward-verification-of-QUIC-extensions/installer/TVOQE/results/errors/server/local/quant_master_server/temp/1190/quic_server_test_handshake_done_error0.iev,0.0,0.0
1763,quant,server,quic_server_test_blocked_streams_maxstream_error0,,"ivy_return_code(1)+assumption_failed(""quic_server_test_blocked_streams_maxstream_error.ivy: line 534"")",/home/chris/Toward-verification-of-QUIC-extensions/installer/TVOQE/results/errors/server/local/quant_master_server/temp/288/quic_server_test_blocked_streams_maxstream_error0.iev,0.0,0.0
1764,quant,server,quic_server_test_tp_error0,,,/home/chris/Toward-verification-of-QUIC-extensions/installer/TVOQE/results/errors/server/local/quant_master_server/temp/676/quic_server_test_tp_error0.iev,0.0,1.0
1765,quant,server,quic_server_test_tp_error0,,,/home/chris/Toward-verification-of-QUIC-extensions/installer/TVOQE/results/errors/server/local/quant_master_server/temp/640/quic_server_test_tp_error0.iev,0.0,1.0
1766,quant,server,quic_server_test_double_tp_error0,,,/home/chris/Toward-verification-of-QUIC-extensions/installer/TVOQE/results/errors/server/local/quant_master_server/temp/1374/quic_server_test_double_tp_error0.iev,0.0,1.0
1767,quant,server,quic_server_test_double_tp_error0,,,/home/chris/Toward-verification-of-QUIC-extensions/installer/TVOQE/results/errors/server/local/quant_master_server/temp/1362/quic_server_test_double_tp_error0.iev,0.0,1.0
1768,quant,server,quic_server_test_stop_sending0,,"ivy_return_code(1)+assumption_failed(""/usr/local/lib/python2.7/dist-packages/ivy/include/1.7/quic_frame.ivy: line 1494"")",/home/chris/Toward-verification-of-QUIC-extensions/installer/TVOQE/results/errors/server/local/quant_master_server/temp/1278/quic_server_test_stop_sending0.iev,0.0,0.0
1769,quant,server,quic_server_test_tp_limit_newcoid0,,"ivy_return_code(1)+assumption_failed(""/usr/local/lib/python2.7/dist-packages/ivy/include/1.7/quic_frame.ivy: line 1494"")",/home/chris/Toward-verification-of-QUIC-extensions/installer/TVOQE/results/errors/server/local/quant_master_server/temp/350/quic_server_test_tp_limit_newcoid0.iev,0.0,0.0
1770,quant,server,quic_server_test_stream0,,"ivy_return_code(1)+assumption_failed(""/usr/local/lib/python2.7/dist-packages/ivy/include/1.7/quic_frame.ivy: line 1494"")",/home/chris/Toward-verification-of-QUIC-extensions/installer/TVOQE/results/errors/server/local/quant_master_server/temp/85/quic_server_test_stream0.iev,0.0,0.0
1771,quant,server,quic_server_test_handshake_done_error0,,"ivy_return_code(1)+assumption_failed(""quic_server_test_handshake_done_error.ivy: line 325"")",/home/chris/Toward-verification-of-QUIC-extensions/installer/TVOQE/results/errors/server/local/quant_master_server/temp/1154/quic_server_test_handshake_done_error0.iev,0.0,0.0
1772,quant,server,quic_server_test_tp_limit_newcoid0,,"ivy_return_code(1)+assumption_failed(""/usr/local/lib/python2.7/dist-packages/ivy/include/1.7/quic_frame.ivy: line 1494"")",/home/chris/Toward-verification-of-QUIC-extensions/installer/TVOQE/results/errors/server/local/quant_master_server/temp/308/quic_server_test_tp_limit_newcoid0.iev,0.0,0.0
1773,quant,server,quic_server_test_max0,,"ivy_return_code(1)+assumption_failed(""/usr/local/lib/python2.7/dist-packages/ivy/include/1.7/quic_frame.ivy: line 1494"")",/home/chris/Toward-verification-of-QUIC-extensions/installer/TVOQE/results/errors/server/local/quant_master_server/temp/423/quic_server_test_max0.iev,0.0,0.0
1774,quant,server,quic_server_test_ext_min_ack_delay0,,"ivy_return_code(1)+assumption_failed(""/usr/local/lib/python2.7/dist-packages/ivy/include/1.7/quic_frame.ivy: line 1494"")",/home/chris/Toward-verification-of-QUIC-extensions/installer/TVOQE/results/errors/server/local/quant_master_server/temp/1780/quic_server_test_ext_min_ack_delay0.iev,0.0,0.0
1775,quant,server,quic_server_test_token_error0,,,/home/chris/Toward-verification-of-QUIC-extensions/installer/TVOQE/results/errors/server/local/quant_master_server/temp/500/quic_server_test_token_error0.iev,0.0,1.0
1776,quant,server,quic_server_test_double_tp_error0,,,/home/chris/Toward-verification-of-QUIC-extensions/installer/TVOQE/results/errors/server/local/quant_master_server/temp/1314/quic_server_test_double_tp_error0.iev,0.0,1.0
1777,quant,server,quic_server_test_connection_close0,,,/home/chris/Toward-verification-of-QUIC-extensions/installer/TVOQE/results/errors/server/local/quant_master_server/temp/873/quic_server_test_connection_close0.iev,0.0,1.0
1778,quant,server,quic_server_test_unkown0,,"ivy_return_code(1)+assumption_failed(""quic_server_test_unkown.ivy: line 571"")",/home/chris/Toward-verification-of-QUIC-extensions/installer/TVOQE/results/errors/server/local/quant_master_server/temp/128/quic_server_test_unkown0.iev,0.0,0.0
1779,quant,server,quic_server_test_token_error0,,,/home/chris/Toward-verification-of-QUIC-extensions/installer/TVOQE/results/errors/server/local/quant_master_server/temp/546/quic_server_test_token_error0.iev,0.0,1.0
1780,quant,server,quic_server_test_double_tp_error0,,,/home/chris/Toward-verification-of-QUIC-extensions/installer/TVOQE/results/errors/server/local/quant_master_server/temp/1308/quic_server_test_double_tp_error0.iev,0.0,1.0
1781,quant,server,quic_server_test_reset_stream0,,"ivy_return_code(1)+assumption_failed(""quic_server_test.ivy: line 182"")",/home/chris/Toward-verification-of-QUIC-extensions/installer/TVOQE/results/errors/server/local/quant_master_server/temp/980/quic_server_test_reset_stream0.iev,0.0,0.0
1782,quant,server,quic_server_test_ext_min_ack_delay0,,"ivy_return_code(1)+assumption_failed(""/usr/local/lib/python2.7/dist-packages/ivy/include/1.7/quic_frame.ivy: line 1494"")",/home/chris/Toward-verification-of-QUIC-extensions/installer/TVOQE/results/errors/server/local/quant_master_server/temp/1745/quic_server_test_ext_min_ack_delay0.iev,0.0,0.0
1783,quant,server,quic_server_test_max0,,"ivy_return_code(1)+assumption_failed(""/usr/local/lib/python2.7/dist-packages/ivy/include/1.7/quic_frame.ivy: line 1494"")",/home/chris/Toward-verification-of-QUIC-extensions/installer/TVOQE/results/errors/server/local/quant_master_server/temp/436/quic_server_test_max0.iev,0.0,0.0
1784,quant,server,quic_server_test_no_icid0,,,/home/chris/Toward-verification-of-QUIC-extensions/installer/TVOQE/results/errors/server/local/quant_master_server/temp/1617/quic_server_test_no_icid0.iev,0.0,1.0
1785,quant,server,quic_server_test_unkown0,,"ivy_return_code(1)+assumption_failed(""quic_server_test_unkown.ivy: line 571"")",/home/chris/Toward-verification-of-QUIC-extensions/installer/TVOQE/results/errors/server/local/quant_master_server/temp/122/quic_server_test_unkown0.iev,0.0,0.0
1786,quant,server,quic_server_test_newconnectionid_error0,,"ivy_return_code(1)+assumption_failed(""/usr/local/lib/python2.7/dist-packages/ivy/include/1.7/quic_frame.ivy: line 1494"")",/home/chris/Toward-verification-of-QUIC-extensions/installer/TVOQE/results/errors/server/local/quant_master_server/temp/1007/quic_server_test_newconnectionid_error0.iev,0.0,0.0
1787,quant,server,quic_server_test_handshake_done_error0,,"ivy_return_code(1)+assumption_failed(""quic_server_test_handshake_done_error.ivy: line 325"")",/home/chris/Toward-verification-of-QUIC-extensions/installer/TVOQE/results/errors/server/local/quant_master_server/temp/1157/quic_server_test_handshake_done_error0.iev,0.0,0.0
1788,quant,server,quic_server_test_connection_close0,,,/home/chris/Toward-verification-of-QUIC-extensions/installer/TVOQE/results/errors/server/local/quant_master_server/temp/828/quic_server_test_connection_close0.iev,0.0,1.0
1789,quant,server,quic_server_test_handshake_done_error0,,"ivy_return_code(1)+assumption_failed(""quic_server_test_handshake_done_error.ivy: line 325"")",/home/chris/Toward-verification-of-QUIC-extensions/installer/TVOQE/results/errors/server/local/quant_master_server/temp/1105/quic_server_test_handshake_done_error0.iev,0.0,0.0
1790,quant,server,quic_server_test_no_icid0,,,/home/chris/Toward-verification-of-QUIC-extensions/installer/TVOQE/results/errors/server/local/quant_master_server/temp/1681/quic_server_test_no_icid0.iev,0.0,1.0
1791,quant,server,quic_server_test_handshake_done_error0,,"ivy_return_code(1)+assumption_failed(""quic_server_test_handshake_done_error.ivy: line 325"")",/home/chris/Toward-verification-of-QUIC-extensions/installer/TVOQE/results/errors/server/local/quant_master_server/temp/1162/quic_server_test_handshake_done_error0.iev,0.0,0.0
1792,quant,server,quic_server_test_newconnectionid_error0,,server_return_code(-6)+ivy_return_code(1),/home/chris/Toward-verification-of-QUIC-extensions/installer/TVOQE/results/errors/server/local/quant_master_server/temp/1009/quic_server_test_newconnectionid_error0.iev,0.0,0.0
1793,quant,server,quic_server_test_accept_maxdata0,,"ivy_return_code(1)+assumption_failed(""/usr/local/lib/python2.7/dist-packages/ivy/include/1.7/quic_frame.ivy: line 1494"")",/home/chris/Toward-verification-of-QUIC-extensions/installer/TVOQE/results/errors/server/local/quant_master_server/temp/1576/quic_server_test_accept_maxdata0.iev,0.0,0.0
1794,quant,server,quic_server_test_accept_maxdata0,,"ivy_return_code(1)+assumption_failed(""/usr/local/lib/python2.7/dist-packages/ivy/include/1.7/quic_frame.ivy: line 1494"")",/home/chris/Toward-verification-of-QUIC-extensions/installer/TVOQE/results/errors/server/local/quant_master_server/temp/1587/quic_server_test_accept_maxdata0.iev,0.0,0.0
1795,quant,server,quic_server_test_connection_close0,,"ivy_return_code(1)+assumption_failed(""/usr/local/lib/python2.7/dist-packages/ivy/include/1.7/quic_frame.ivy: line 1494"")",/home/chris/Toward-verification-of-QUIC-extensions/installer/TVOQE/results/errors/server/local/quant_master_server/temp/879/quic_server_test_connection_close0.iev,0.0,0.0
1796,quant,server,quic_server_test_handshake_done_error0,,"ivy_return_code(1)+assumption_failed(""quic_server_test_handshake_done_error.ivy: line 325"")",/home/chris/Toward-verification-of-QUIC-extensions/installer/TVOQE/results/errors/server/local/quant_master_server/temp/1156/quic_server_test_handshake_done_error0.iev,0.0,0.0
1797,quant,server,quic_server_test_ext_min_ack_delay0,,"ivy_return_code(1)+assumption_failed(""/usr/local/lib/python2.7/dist-packages/ivy/include/1.7/quic_frame.ivy: line 1494"")",/home/chris/Toward-verification-of-QUIC-extensions/installer/TVOQE/results/errors/server/local/quant_master_server/temp/1738/quic_server_test_ext_min_ack_delay0.iev,0.0,0.0
1798,quant,server,quic_server_test_unkown0,,"ivy_return_code(1)+assumption_failed(""quic_server_test_unkown.ivy: line 571"")",/home/chris/Toward-verification-of-QUIC-extensions/installer/TVOQE/results/errors/server/local/quant_master_server/temp/117/quic_server_test_unkown0.iev,0.0,0.0
1799,quant,server,quic_server_test_newconnectionid_error0,,server_return_code(-6)+ivy_return_code(1),/home/chris/Toward-verification-of-QUIC-extensions/installer/TVOQE/results/errors/server/local/quant_master_server/temp/1086/quic_server_test_newconnectionid_error0.iev,0.0,0.0
